collision_index,collision_year,collision_ref_no,vehicle_reference,vehicle_type,towing_and_articulation,vehicle_manoeuvre_historic,vehicle_manoeuvre,vehicle_direction_from,vehicle_direction_to,vehicle_location_restricted_lane_historic,vehicle_location_restricted_lane,junction_location,skidding_and_overturning,hit_object_in_carriageway,vehicle_leaving_carriageway,hit_object_off_carriageway,first_point_of_impact,vehicle_left_hand_drive,journey_purpose_of_driver_historic,journey_purpose_of_driver,sex_of_driver,age_of_driver,age_band_of_driver,engine_capacity_cc,propulsion_code,age_of_vehicle,generic_make_model,driver_imd_decile,lsoa_of_driver,escooter_flag,driver_distance_banding
2024141441404,2024,141441404,4,9,0,-1,2,0,0,-1,0,0,0,0,0,0,4,1,-1,6,-1,-1,-1,1598,1,11,CITROEN C3,-1,-1,0,-1
2024421434209,2024,421434209,1,9,0,-1,19,3,7,-1,0,0,0,0,0,0,1,1,-1,9,1,47,8,1199,1,5,CITROEN C3,1,E01021323,0,1
2024320343115,2024,320343115,2,9,0,-1,-1,3,7,0,0,0,0,0,0,10,1,1,-1,-1,1,90,11,1124,1,15,CITROEN C3,7,E01028326,0,3
2024340NN4582,2024,340NN4582,2,9,0,-1,19,7,3,-1,0,0,0,0,0,0,1,1,-1,6,1,82,11,1398,2,12,CITROEN C3,3,E01026962,0,1
2024531462827,2024,531462827,1,9,0,-1,19,1,5,-1,0,0,0,0,7,0,1,1,-1,6,1,42,7,1199,1,0,CITROEN C3,8,E01022423,0,3
2024531517909,2024,531517909,1,9,0,-1,9,3,1,-1,0,8,0,0,0,0,3,1,-1,9,1,76,11,1560,2,11,CITROEN C3,8,E01022462,0,1
2024361499335,2024,361499335,1,9,0,-1,19,7,3,-1,0,0,0,0,0,0,1,1,-1,6,1,28,6,1360,1,21,CITROEN C3,8,E01026849,0,1
2024010541749,2024,010541749,1,9,0,9,9,3,1,0,0,5,0,0,0,0,1,1,6,6,2,77,11,1200,1,5,CITROEN C3,10,E01000357,0,1
2024311530054,2024,311530054,3,9,0,-1,19,2,7,-1,0,1,0,0,0,0,1,1,-1,9,2,63,9,999,1,10,CITROEN C3,-1,-1,0,-1
2024471478297,2024,471478297,2,9,0,-1,19,4,8,-1,0,6,0,0,0,0,1,1,-1,9,2,40,7,1560,2,14,CITROEN C3,5,E01016966,0,1
2024041493245,2024,041493245,2,9,0,-1,19,1,5,-1,0,1,0,0,0,0,2,1,-1,7,2,33,6,1200,1,3,CITROEN C3,4,E01012703,0,1
2024101500828,2024,101500828,2,9,0,-1,19,3,7,-1,0,0,0,0,1,0,2,1,-1,9,2,59,9,1560,2,11,CITROEN C3,-1,-1,0,-1
2024161467118,2024,161467118,4,9,0,-1,2,0,0,-1,0,0,0,0,0,0,3,1,-1,6,-1,-1,-1,1199,1,11,CITROEN C3,-1,-1,0,-1
2024471509723,2024,471509723,2,9,0,-1,19,7,3,-1,0,8,0,0,0,0,2,1,-1,9,1,60,9,1398,2,16,CITROEN C3,4,E01031569,0,4
2024991472916,2024,991472916,2,9,0,-1,19,1,5,-1,0,0,0,0,0,0,1,1,-1,2,2,55,8,1200,1,5,CITROEN C3,9,-1,0,3
2024141536454,2024,141536454,2,9,0,-1,9,5,2,-1,0,1,0,0,0,0,4,1,-1,9,2,71,10,1200,1,2,CITROEN C3,1,E01008054,0,1
2024161467471,2024,161467471,3,9,0,-1,19,7,3,-1,0,0,1,0,2,0,1,1,-1,9,2,74,10,1199,1,1,CITROEN C3,2,E01012763,0,4
2024461445070,2024,461445070,1,9,0,-1,19,3,7,-1,0,8,0,0,0,0,3,1,-1,2,2,42,7,1397,1,14,CITROEN C3,7,E01024097,0,1
2024361400422,2024,361400422,3,9,0,-1,19,5,1,-1,0,1,0,0,0,0,1,1,-1,6,2,60,9,1199,1,5,CITROEN C3,5,E01026715,0,3
2024471458403,2024,471458403,1,9,0,-1,7,5,3,-1,0,4,0,0,0,0,1,1,-1,9,2,53,8,1200,1,8,CITROEN C3,7,E01031525,0,3
2024221502324,2024,221502324,2,9,0,-1,19,4,8,-1,0,0,0,0,1,9,1,1,-1,9,1,37,7,1598,1,12,CITROEN C3,4,E01028849,0,2
2024302400375,2024,302400375,1,9,0,18,19,4,8,0,0,0,0,0,1,0,2,1,6,6,2,19,4,1200,1,5,CITROEN C3,5,E01006951,0,5
2024010536938,2024,010536938,2,9,0,4,4,3,7,0,0,0,0,0,0,0,1,1,2,2,2,28,6,1360,1,12,CITROEN C3,6,E01032572,0,3
2024411540825,2024,411540825,2,9,0,-1,19,1,5,-1,0,1,0,0,0,0,0,1,-1,6,2,57,9,1199,1,3,CITROEN C3,10,E01023412,0,1
2024161450218,2024,161450218,1,9,0,-1,19,1,5,-1,0,1,0,0,0,0,1,1,-1,6,2,29,6,1199,1,6,CITROEN C3,6,E01013039,0,2
2024471469546,2024,471469546,1,9,0,-1,19,1,5,-1,0,0,0,0,1,4,1,1,-1,9,1,33,6,1587,1,17,CITROEN C3,2,E01031432,0,1
2024522401751,2024,522401751,1,9,0,9,9,3,1,0,0,6,0,0,0,0,3,1,6,6,2,79,11,1199,1,11,CITROEN C3,6,E01022176,0,4
2024010508254,2024,010508254,1,9,0,7,7,7,2,0,0,1,0,0,0,0,3,1,6,6,1,58,9,1200,1,7,CITROEN C3,4,E01002304,0,3
2024430514806,2024,430514806,2,9,0,4,4,5,1,0,0,0,0,0,0,0,2,1,2,2,1,23,5,1397,1,15,CITROEN C3,9,E01028492,0,3
2024411399999,2024,411399999,1,9,0,-1,19,4,8,-1,0,0,0,0,0,0,3,1,-1,9,2,51,8,1124,1,15,CITROEN C3,3,E01023669,0,1
2024631456802,2024,631456802,2,9,0,-1,10,4,8,-1,0,0,0,0,0,0,3,1,-1,9,2,47,8,1360,1,20,CITROEN C3,8,W01000527,0,1
2024361474634,2024,361474634,2,9,0,-1,3,5,1,-1,0,1,0,0,0,0,2,1,-1,9,2,53,8,1199,1,0,CITROEN C3,5,E01026516,0,1
2024010511327,2024,010511327,1,9,0,18,19,5,1,0,0,1,0,0,0,0,1,1,6,6,2,34,6,1199,1,6,CITROEN C3,-1,-1,0,-1
2024552500036,2024,552500036,1,9,0,18,19,8,4,0,0,4,0,0,0,0,1,1,6,6,3,-1,-1,1199,1,0,CITROEN C3,-1,-1,0,-1
2024302400545,2024,302400545,2,9,0,18,19,2,6,0,0,2,0,0,0,0,3,1,6,6,2,55,8,1200,1,9,CITROEN C3,8,E01028093,0,2
2024070785013,2024,070785013,1,9,0,-1,19,2,6,-1,0,6,0,0,0,0,1,1,-1,6,1,62,9,1124,1,14,CITROEN C3,8,E01012538,0,1
2024010498246,2024,010498246,2,9,0,18,19,9,9,99,99,9,9,99,9,99,1,9,6,6,3,34,6,1199,1,5,CITROEN C3,-1,-1,0,-1
2024351514769,2024,351514769,2,9,0,-1,19,6,2,-1,0,0,0,0,7,4,3,1,-1,6,1,30,6,1360,1,18,CITROEN C3,8,E01018206,0,3
2024101399695,2024,101399695,1,9,0,-1,19,5,2,-1,0,8,0,0,0,0,1,1,-1,2,2,52,8,1200,1,6,CITROEN C3,8,E01027420,0,1
2024991431823,2024,991431823,2,9,0,-1,13,4,8,-1,0,0,0,0,0,0,4,1,-1,9,1,73,10,1199,1,1,CITROEN C3,6,-1,0,3
2024101532827,2024,101532827,2,9,0,-1,9,4,1,-1,0,8,0,0,0,0,1,1,-1,1,1,-1,-1,1199,1,1,CITROEN C3,-1,-1,0,-1
2024461478277,2024,461478277,1,9,0,-1,11,7,4,-1,0,0,1,0,0,0,1,1,-1,2,2,41,7,1200,1,7,CITROEN C3,8,E01016082,0,2
2024201418812,2024,201418812,1,9,0,-1,19,8,4,-1,0,0,0,0,0,0,1,9,-1,6,1,20,4,1124,1,16,CITROEN C3,5,E01009036,0,1
2024531427189,2024,531427189,1,9,0,-1,19,6,2,-1,0,0,0,0,7,4,1,1,-1,2,2,26,6,1199,1,5,CITROEN C3,10,E01022138,0,3
2024201519155,2024,201519155,1,9,0,-1,19,2,6,-1,0,8,0,4,0,0,1,9,-1,6,2,58,9,1200,1,3,CITROEN C3,9,E01029800,0,4
2024010542233,2024,010542233,1,9,0,9,9,7,6,0,0,5,0,0,0,0,1,1,6,6,1,23,5,1199,1,1,CITROEN C3,4,E01003282,0,2
2024101523161,2024,101523161,2,9,0,-1,19,5,1,-1,0,8,0,0,0,0,4,1,-1,6,2,58,9,1199,1,6,CITROEN C3,-1,-1,0,-1
2024991504672,2024,991504672,1,9,0,-1,19,6,2,-1,0,1,5,0,3,11,1,1,-1,9,1,79,11,1199,1,0,CITROEN C3,2,-1,0,3
2024471507712,2024,471507712,3,9,0,-1,4,5,1,-1,0,0,0,0,0,0,2,1,-1,9,1,66,10,1200,1,3,CITROEN C3,10,E01031686,0,1
2024041522973,2024,041522973,4,9,0,-1,2,0,0,-1,0,0,0,0,0,0,1,1,-1,6,-1,-1,-1,1124,1,13,CITROEN C3,-1,-1,0,-1
2024101528045,2024,101528045,1,9,0,-1,19,7,3,-1,0,1,0,0,0,0,1,1,-1,9,2,32,6,1200,1,9,CITROEN C3,6,E01008387,0,2
2024531434505,2024,531434505,1,9,0,-1,19,5,1,-1,0,0,0,0,7,9,1,1,-1,9,2,27,6,1360,1,20,CITROEN C3,6,E01032350,0,3
2024332400541,2024,332400541,2,9,0,-1,19,1,5,-1,0,4,0,0,0,0,1,1,-1,9,1,61,9,1398,2,19,CITROEN C3,2,E01013631,0,1
2024231476497,2024,231476497,1,9,0,-1,4,2,6,-1,0,8,0,0,0,0,2,1,-1,9,2,74,10,1199,1,0,CITROEN C3,6,E01035022,0,1
2024421484541,2024,421484541,1,9,0,-1,5,5,1,-1,0,8,0,0,0,0,1,1,-1,2,2,80,11,1199,1,6,CITROEN C3,4,E01015891,0,1
2024052400787,2024,052400787,1,9,0,18,19,1,5,0,0,1,0,0,0,0,1,1,6,6,1,-1,-1,1000,1,8,CITROEN C3,-1,-1,0,-1
2024421440455,2024,421440455,1,9,0,-1,19,5,1,-1,0,0,0,4,0,0,1,1,-1,9,2,73,10,1199,1,10,CITROEN C3,10,E01015850,0,1
2024010536902,2024,010536902,2,9,0,12,12,5,1,0,0,2,1,0,4,6,3,1,6,6,1,18,4,1199,1,1,CITROEN C3,3,E01003625,0,1
2024501471452,2024,501471452,2,9,0,-1,19,5,1,-1,0,8,0,0,0,0,1,9,-1,9,1,78,11,1360,1,12,CITROEN C3,3,E01015159,0,1
2024440393772,2024,440393772,1,9,0,18,19,5,1,0,0,8,0,0,0,0,3,1,6,6,2,30,6,1200,1,9,CITROEN C3,7,E01022797,0,1
2024421502946,2024,421502946,1,9,0,-1,19,2,6,-1,0,0,0,0,0,0,4,1,-1,9,2,63,9,1199,1,5,CITROEN C3,2,E01002277,0,1
2024461490791,2024,461490791,3,9,0,-1,19,2,7,-1,0,4,0,1,0,0,2,1,-1,2,1,57,9,1199,1,1,CITROEN C3,10,E01018389,0,5
2024421469726,2024,421469726,1,9,0,-1,1,5,2,-1,9,0,0,0,0,0,2,1,-1,9,2,82,11,1200,1,9,CITROEN C3,6,E01022053,0,1
2024371404466,2024,371404466,2,9,0,-1,19,3,7,-1,0,1,0,0,0,0,3,1,-1,2,1,57,9,1360,1,12,CITROEN C3,3,E01033123,0,1
2024131403093,2024,131403093,1,9,0,-1,19,1,5,-1,0,2,0,0,3,0,1,1,-1,9,2,20,4,1200,1,5,CITROEN C3,5,E01011782,0,1
2024552400576,2024,552400576,1,9,0,5,5,1,5,0,0,4,0,0,0,0,1,1,6,6,2,70,10,1200,1,6,CITROEN C3,3,E01015385,0,1
2024141525415,2024,141525415,1,9,0,-1,3,5,8,-1,0,6,0,0,0,0,2,1,-1,9,2,37,7,1199,1,0,CITROEN C3,7,E01007427,0,1
2024471528844,2024,471528844,2,9,0,-1,2,0,0,-1,0,0,0,0,0,0,2,1,-1,6,-1,-1,-1,1199,1,3,CITROEN C3,-1,-1,0,-1
2024522402241,2024,522402241,1,9,0,18,19,4,8,0,0,0,0,0,0,0,1,1,6,6,2,39,7,1199,1,5,CITROEN C3,1,E01014516,0,1
2024411437503,2024,411437503,1,9,0,-1,19,4,8,-1,0,0,0,0,0,0,1,1,-1,1,2,40,7,1200,1,5,CITROEN C3,6,E01023871,0,2
2024991512224,2024,991512224,1,9,0,-1,5,5,1,-1,0,4,0,0,0,0,3,1,-1,9,2,84,11,1199,1,2,CITROEN C3,10,-1,0,3
2024991506211,2024,991506211,2,9,0,-1,19,5,1,-1,0,1,0,0,0,0,1,1,-1,6,2,59,9,1199,1,3,CITROEN C3,5,-1,0,1
2024122400819,2024,122400819,2,9,0,17,19,3,7,0,0,0,0,0,0,0,3,1,6,6,2,73,10,1199,1,5,CITROEN C3,7,E01013412,0,3
2024161506321,2024,161506321,1,9,0,-1,19,5,1,-1,0,1,0,0,0,0,4,9,-1,2,2,20,4,1398,2,10,CITROEN C3,8,E01013186,0,1
2024440165416,2024,440165416,1,9,0,9,9,3,2,0,0,6,0,0,0,0,3,1,6,6,1,67,10,1200,1,7,CITROEN C3,6,E01022764,0,1
2024471460584,2024,471460584,1,9,0,-1,9,7,3,-1,0,0,0,0,0,0,3,1,-1,9,2,32,6,1360,1,13,CITROEN C3,4,E01020914,0,2
2024122400799,2024,122400799,1,9,0,18,19,1,6,0,0,3,0,0,0,0,1,1,6,6,2,41,7,1199,1,6,CITROEN C3,3,E01019089,0,5
2024010521032,2024,010521032,1,9,0,99,99,9,9,99,99,9,9,99,9,99,1,1,6,6,2,48,8,1199,1,6,CITROEN C3,3,E01003179,0,1
2024131535603,2024,131535603,1,9,0,-1,19,5,1,-1,0,0,0,0,0,0,1,1,-1,9,2,84,11,1200,1,3,CITROEN C3,8,E01010935,0,1
2024440241073,2024,440241073,3,9,0,18,19,6,2,0,0,0,0,0,0,0,1,1,6,6,2,41,7,1200,1,2,CITROEN C3,8,E01022760,0,2
2024211522289,2024,211522289,1,9,0,-1,5,3,7,-1,0,4,0,0,0,0,4,1,-1,9,2,30,6,1200,1,7,CITROEN C3,3,E01029360,0,1
2024531453413,2024,531453413,1,9,0,-1,19,2,6,-1,0,0,0,0,1,0,1,1,-1,9,2,70,10,1200,1,6,CITROEN C3,8,E01022385,0,1
2024520402130,2024,520402130,2,9,0,9,9,8,6,0,0,8,0,0,0,0,3,1,6,6,2,75,10,1560,2,10,CITROEN C3,6,E01029039,0,1
2024501424704,2024,501424704,2,9,0,-1,4,6,2,-1,0,0,0,0,0,0,2,1,-1,9,1,66,10,1560,2,14,CITROEN C3,3,E01020225,0,4
2024221453900,2024,221453900,2,9,0,-1,3,6,2,-1,0,0,0,0,0,0,2,9,-1,6,2,60,9,1360,1,18,CITROEN C3,7,E01028939,0,1
2024631408159,2024,631408159,1,9,0,-1,4,3,7,-1,0,2,0,0,0,0,3,1,-1,9,1,69,10,1598,1,9,CITROEN C3,5,W01002014,0,1
2024311496578,2024,311496578,1,9,0,-1,1,1,5,-1,0,0,0,0,0,0,2,1,-1,2,2,34,6,1398,2,12,CITROEN C3,1,E01026374,0,2
2024543989324,2024,543989324,2,9,0,10,10,1,5,0,0,8,0,0,0,0,4,1,6,6,2,60,9,1560,2,14,CITROEN C3,3,E01014612,0,4
2024461431495,2024,461431495,2,9,0,-1,6,3,5,-1,0,0,0,0,7,0,3,1,-1,9,2,70,10,1360,1,16,CITROEN C3,2,E01024277,0,1
2024061504127,2024,061504127,1,9,0,-1,9,5,1,-1,0,6,0,0,0,0,3,1,-1,2,1,61,9,1200,1,6,CITROEN C3,8,E01006318,0,2
2024371434783,2024,371434783,2,9,0,-1,7,1,3,-1,0,8,0,0,0,0,4,1,-1,2,1,43,7,1200,1,7,CITROEN C3,10,E01030206,0,1
2024131423763,2024,131423763,1,9,0,-1,19,5,1,-1,0,1,0,0,0,0,1,1,-1,9,2,36,7,1199,1,3,CITROEN C3,3,E01011322,0,1
2024101470059,2024,101470059,1,9,0,-1,19,8,4,-1,0,8,0,0,0,0,4,1,-1,9,1,46,8,1200,1,9,CITROEN C3,3,E01008451,0,1
2024141455760,2024,141455760,1,9,0,-1,19,1,5,-1,0,2,0,0,0,0,3,1,-1,9,1,73,10,1560,2,12,CITROEN C3,1,E01007730,0,2
2024010536004,2024,010536004,1,9,0,17,19,7,3,0,0,0,0,10,1,11,1,1,6,6,2,40,7,1598,1,9,CITROEN C3,1,E01003291,0,1
2024010505008,2024,010505008,1,9,0,10,10,4,2,99,99,9,9,99,0,0,2,1,6,6,2,27,6,1200,1,7,CITROEN C3,4,E01000068,0,1
2024122400337,2024,122400337,1,9,0,16,19,8,4,0,0,0,0,0,7,8,1,1,1,1,2,22,5,1499,2,2,CITROEN C3,6,E01027915,0,3
2024471487805,2024,471487805,1,9,0,-1,19,2,6,-1,0,2,0,0,0,0,3,1,-1,6,2,24,5,1360,1,19,CITROEN C3,8,E01028741,0,5
2024361478842,2024,361478842,1,9,0,-1,9,7,1,-1,0,8,0,0,0,0,1,1,-1,9,1,73,10,1199,1,5,CITROEN C3,8,E01026432,0,1
2024471452638,2024,471452638,1,9,0,-1,19,7,3,-1,0,2,2,4,0,0,1,1,-1,9,2,31,6,1200,1,5,CITROEN C3,8,E01021233,0,1
2024430504056,2024,430504056,1,9,0,18,19,8,4,0,0,0,1,0,0,0,1,1,6,6,2,20,4,1587,1,17,CITROEN C3,6,E01016556,0,1
2024111487238,2024,111487238,2,9,0,-1,4,4,7,-1,0,1,0,0,0,0,1,1,-1,6,2,57,9,1200,1,7,CITROEN C3,4,E01020891,0,3
2024141555050,2024,141555050,1,9,0,-1,3,6,2,-1,0,0,0,0,0,0,3,1,-1,2,2,27,6,1199,1,3,CITROEN C3,1,E01007578,0,2
2024471434088,2024,471434088,1,9,0,-1,9,4,2,-1,0,1,0,0,0,0,4,1,-1,6,1,54,8,1560,2,9,CITROEN C3,10,E01031695,0,2
2024131432407,2024,131432407,1,9,0,-1,19,3,7,-1,0,1,0,0,0,0,4,1,-1,9,1,21,5,1360,1,20,CITROEN C3,10,E01007187,0,5
2024461523182,2024,461523182,2,9,0,-1,4,8,4,-1,0,0,0,4,0,0,2,1,-1,6,2,60,9,1200,1,2,CITROEN C3,4,E01023986,0,1
2024041466125,2024,041466125,2,9,0,-1,19,4,1,-1,0,8,0,0,0,0,1,1,-1,6,2,39,7,1200,1,7,CITROEN C3,1,E01025574,0,2
2024010516236,2024,010516236,1,9,0,99,99,9,9,99,99,9,9,99,9,99,1,9,6,6,3,-1,-1,1199,1,0,CITROEN C3,4,E01002444,0,1
2024501397771,2024,501397771,2,9,0,-1,4,6,3,-1,0,0,0,0,0,0,3,1,-1,2,1,59,9,1560,2,12,CITROEN C3,8,E01020110,0,2
2024101437766,2024,101437766,3,9,0,-1,19,5,1,-1,0,4,0,0,0,0,1,1,-1,6,2,39,7,1199,1,11,CITROEN C3,1,E01008817,0,2
2024010535928,2024,010535928,2,9,0,99,99,9,9,99,99,9,9,99,9,99,9,9,6,6,3,-1,-1,1397,1,15,CITROEN C3,-1,-1,0,-1
2024471523240,2024,471523240,5,9,0,-1,2,0,0,-1,0,0,0,0,0,0,2,1,-1,6,-1,-1,-1,1560,2,16,CITROEN C3,-1,-1,0,-1
2024361441327,2024,361441327,1,9,0,-1,9,2,4,-1,0,1,0,0,0,0,1,1,-1,9,1,68,10,1199,1,6,CITROEN C3,6,E01026569,0,1
2024010549069,2024,010549069,1,9,0,12,12,7,3,0,0,0,0,0,0,0,3,1,6,6,1,20,4,1199,1,1,CITROEN C3,3,E01001327,0,2
2024451491374,2024,451491374,1,9,0,-1,19,1,4,-1,0,0,1,0,1,0,1,1,-1,6,2,89,11,1560,2,8,CITROEN C3,10,E01030871,0,1
2024221452810,2024,221452810,1,9,0,-1,19,6,2,-1,0,0,0,0,0,0,1,1,-1,6,1,45,7,1199,1,5,CITROEN C3,10,E01032137,0,2
2024201495200,2024,201495200,2,9,0,-1,19,6,2,-1,0,1,0,0,0,0,1,1,-1,6,2,-1,-1,1360,1,21,CITROEN C3,-1,-1,0,-1
2024231529170,2024,231529170,1,9,0,-1,9,8,6,-1,0,5,0,0,0,0,1,1,-1,6,1,18,4,1199,1,11,CITROEN C3,2,E01031092,0,1
2024161396046,2024,161396046,3,9,0,-1,2,0,0,-1,0,0,0,0,0,0,1,1,-1,6,-1,-1,-1,1398,2,13,CITROEN C3,-1,-1,0,-1
2024471447651,2024,471447651,1,9,0,-1,19,7,3,-1,0,0,5,0,0,0,4,1,-1,9,2,84,11,1360,1,19,CITROEN C3,2,E01021016,0,1
2024061517843,2024,061517843,1,9,0,-1,19,6,8,-1,9,1,0,7,1,0,1,1,-1,9,2,66,10,1560,2,12,CITROEN C3,-1,-1,0,-1
2024471499256,2024,471499256,2,9,0,-1,11,7,3,-1,0,8,0,0,0,0,3,1,-1,6,2,71,10,1200,1,6,CITROEN C3,5,E01026410,0,5
2024440133574,2024,440133574,1,9,0,9,9,3,1,0,0,8,0,0,0,0,3,1,6,6,2,25,5,1199,1,5,CITROEN C3,9,E01024057,0,5
2024061506048,2024,061506048,2,9,0,-1,7,-1,-1,-1,0,4,9,99,0,0,9,1,-1,6,2,-1,-1,1199,1,4,CITROEN C3,-1,-1,0,-1
2024101432979,2024,101432979,2,9,0,-1,19,7,3,-1,0,1,0,0,0,0,4,1,-1,6,2,41,7,1199,1,3,CITROEN C3,8,E01035628,0,1
2024522401252,2024,522401252,1,9,0,18,19,7,3,0,0,4,0,0,0,0,1,1,6,6,2,-1,-1,1199,1,6,CITROEN C3,10,E01014930,0,3
2024061456890,2024,061456890,2,9,0,-1,19,1,5,-1,0,1,0,0,0,0,1,1,-1,9,2,58,9,1199,1,1,CITROEN C3,5,E01006200,0,1
2024302401167,2024,302401167,1,9,0,1,1,7,3,9,9,6,0,0,0,0,2,1,6,6,1,80,11,1199,1,6,CITROEN C3,8,E01013593,0,1
2024311511457,2024,311511457,1,9,0,-1,1,3,7,-1,0,2,0,0,0,0,2,1,-1,2,2,25,5,1398,2,15,CITROEN C3,4,E01028017,0,2
2024451502610,2024,451502610,2,9,0,-1,19,3,7,-1,0,1,5,0,0,0,1,1,-1,2,1,52,8,1199,1,5,CITROEN C3,2,E01034293,0,1
2024461500799,2024,461500799,3,9,0,-1,2,0,0,-1,0,1,0,0,0,0,4,1,-1,6,-1,-1,-1,1598,1,10,CITROEN C3,-1,-1,0,-1
2024211405685,2024,211405685,1,9,0,-1,19,5,1,-1,0,0,1,4,1,0,1,9,-1,6,1,19,4,1398,2,11,CITROEN C3,7,E01029660,0,1
2024471471856,2024,471471856,4,9,0,-1,2,0,0,-1,0,1,0,0,0,0,2,1,-1,6,-1,-1,-1,1199,1,4,CITROEN C3,-1,-1,0,-1
2024471503585,2024,471503585,2,9,0,-1,4,1,5,-1,0,1,0,0,0,0,2,1,-1,9,2,40,7,1560,2,11,CITROEN C3,7,E01016912,0,1
2024501455513,2024,501455513,1,9,0,-1,19,5,1,-1,0,1,0,0,0,0,1,1,-1,9,1,41,7,1199,1,11,CITROEN C3,8,E01020197,0,1
2024522401810,2024,522401810,1,9,0,5,5,9,9,0,0,4,0,0,0,0,0,1,6,6,2,33,6,1199,1,3,CITROEN C3,9,E01014668,0,1
2024311534320,2024,311534320,2,9,0,-1,9,5,1,-1,0,1,0,0,0,0,2,1,-1,9,2,63,9,1560,2,14,CITROEN C3,6,E01028034,0,3
2024440051158,2024,440051158,2,9,0,18,19,3,7,0,0,8,5,0,0,0,1,1,6,6,1,72,10,1200,1,5,CITROEN C3,10,E01022872,0,1
2024061515594,2024,061515594,1,9,0,-1,99,-1,-1,-1,0,0,9,0,0,0,4,1,-1,7,2,50,8,1199,1,1,CITROEN C3,5,E01005561,0,1
2024201422119,2024,201422119,2,9,0,-1,5,5,7,-1,0,2,0,0,0,0,4,1,-1,9,2,61,9,1199,1,1,CITROEN C3,6,E01010024,0,1
2024430625220,2024,430625220,3,9,0,18,19,5,1,0,0,0,0,0,0,0,1,1,6,6,2,64,9,1200,1,2,CITROEN C3,10,E01004805,0,5
2024031459130,2024,031459130,1,9,0,-1,19,3,6,-1,0,0,0,10,0,0,3,1,-1,9,2,79,11,1397,1,14,CITROEN C3,9,E01020664,0,4
2024211443648,2024,211443648,2,9,0,-1,9,3,8,-1,0,4,0,0,0,0,3,1,-1,6,2,59,9,1200,1,6,CITROEN C3,8,E01029751,0,1
2024302401168,2024,302401168,1,9,0,9,9,1,7,0,0,2,0,0,0,0,2,1,6,6,1,54,8,1200,1,6,CITROEN C3,3,E01019692,0,1
2024411464870,2024,411464870,1,9,0,-1,9,3,1,-1,0,6,0,0,0,0,1,1,-1,6,1,19,4,1360,1,13,CITROEN C3,9,E01017449,0,1
2024101446064,2024,101446064,2,9,0,-1,19,7,4,-1,0,8,0,0,0,0,0,1,-1,9,2,38,7,1200,1,7,CITROEN C3,1,E01034514,0,1
2024161474313,2024,161474313,1,9,0,-1,9,8,6,-1,0,5,0,0,0,0,4,9,-1,9,1,45,7,1200,1,7,CITROEN C3,1,E01013229,0,1
2024361498635,2024,361498635,1,9,0,-1,19,1,5,-1,0,1,0,0,0,0,1,9,-1,6,2,50,8,1199,1,4,CITROEN C3,9,E01026558,0,1
202460Q111284,2024,60Q111284,1,9,0,7,7,1,3,0,0,8,0,0,0,0,0,1,2,2,2,60,9,1360,1,12,CITROEN C3,-1,-1,0,-1
2024070879245,2024,070879245,2,9,0,-1,19,7,3,-1,0,8,0,0,7,11,1,1,-1,9,2,79,11,1587,1,15,CITROEN C3,8,E01018677,0,1
2024061448796,2024,061448796,1,9,0,-1,19,2,6,-1,0,0,0,0,0,0,1,1,-1,6,1,78,11,1560,2,8,CITROEN C3,3,E01012289,0,5
2024610051124,2024,610051124,1,9,0,18,19,3,7,0,0,8,0,0,0,0,1,1,6,6,1,89,11,1360,1,14,CITROEN C3,9,W01001494,0,1
2024610047724,2024,610047724,2,9,0,18,19,1,5,0,0,0,1,4,0,0,1,1,6,6,2,21,5,1360,1,14,CITROEN C3,4,W01001337,0,2
2024461437236,2024,461437236,3,9,0,-1,3,7,3,-1,0,0,0,0,0,0,2,1,-1,6,2,53,8,1200,1,6,CITROEN C3,4,E01024226,0,1
2024631397363,2024,631397363,1,9,0,-1,12,2,6,-1,0,0,1,0,8,10,1,1,-1,9,1,22,5,1200,1,6,CITROEN C3,7,W01000623,0,1
2024421409110,2024,421409110,2,9,0,-1,19,6,2,-1,0,0,1,0,0,0,4,1,-1,9,2,25,5,1199,1,4,CITROEN C3,6,E01026284,0,5
2024332400556,2024,332400556,1,9,0,-1,7,2,4,-1,0,6,0,0,0,0,1,1,-1,9,2,56,9,1560,2,15,CITROEN C3,4,E01025988,0,2
2024211522845,2024,211522845,4,9,0,-1,3,2,6,-1,0,1,0,0,0,0,2,1,-1,2,2,54,8,1398,2,14,CITROEN C3,10,E01029760,0,1
2024010533829,2024,010533829,1,9,0,3,3,1,5,0,0,0,0,0,0,0,2,1,6,6,2,41,7,1124,1,17,CITROEN C3,-1,-1,0,-1
2024311404561,2024,311404561,3,9,0,-1,9,8,4,-1,0,1,0,0,0,0,3,1,-1,9,2,45,7,1199,1,6,CITROEN C3,10,E01028377,0,1