collision_index,collision_year,collision_ref_no,vehicle_reference,vehicle_type,towing_and_articulation,vehicle_manoeuvre_historic,vehicle_manoeuvre,vehicle_direction_from,vehicle_direction_to,vehicle_location_restricted_lane_historic,vehicle_location_restricted_lane,junction_location,skidding_and_overturning,hit_object_in_carriageway,vehicle_leaving_carriageway,hit_object_off_carriageway,first_point_of_impact,vehicle_left_hand_drive,journey_purpose_of_driver_historic,journey_purpose_of_driver,sex_of_driver,age_of_driver,age_band_of_driver,engine_capacity_cc,propulsion_code,age_of_vehicle,generic_make_model,driver_imd_decile,lsoa_of_driver,escooter_flag,driver_distance_banding
2024332401058,2024,332401058,1,9,0,-1,7,3,5,-1,9,6,0,0,0,0,1,1,-1,6,1,24,5,1587,1,18,CITROEN C3,3,E01025753,0,2
2024631481974,2024,631481974,3,9,0,-1,19,5,1,-1,0,8,0,0,0,0,1,1,-1,6,2,53,8,1560,2,7,CITROEN C3,7,W01000731,0,3
2024520401469,2024,520401469,1,9,0,18,19,8,4,0,0,0,0,0,0,0,1,1,6,6,1,70,10,1598,1,11,CITROEN C3,6,E01029218,0,2
2024411532083,2024,411532083,1,9,0,-1,19,6,2,-1,0,0,2,0,7,0,3,1,-1,6,2,19,4,1360,1,13,CITROEN C3,6,E01017378,0,1
2024351492577,2024,351492577,2,9,0,-1,4,2,6,-1,0,4,0,0,0,0,2,1,-1,2,2,39,7,1200,1,8,CITROEN C3,6,E01015691,0,1
2024211490251,2024,211490251,2,9,0,-1,5,3,6,-1,0,4,0,0,0,0,2,1,-1,6,2,63,9,1199,1,5,CITROEN C3,-1,-1,0,-1
2024211470158,2024,211470158,1,9,0,-1,19,3,7,-1,0,0,5,4,0,0,1,1,-1,9,1,31,6,1360,1,16,CITROEN C3,-1,-1,0,-1
2024041436002,2024,041436002,2,9,0,-1,19,7,3,-1,0,1,0,0,0,0,1,1,-1,9,2,71,10,1200,1,9,CITROEN C3,5,E01025573,0,1
2024101450391,2024,101450391,1,9,0,-1,19,5,1,-1,0,0,0,0,0,0,1,1,-1,6,1,68,10,1560,2,9,CITROEN C3,10,-1,0,4
2024371526663,2024,371526663,2,9,0,-1,19,3,7,-1,0,1,0,0,0,0,3,1,-1,9,2,50,8,1199,1,5,CITROEN C3,6,E01030198,0,1
2024401443493,2024,401443493,2,9,0,-1,9,-1,-1,-1,0,1,-1,-1,-1,0,-1,1,-1,6,3,-1,-1,1560,2,14,CITROEN C3,-1,-1,0,-1
2024622400317,2024,622400317,1,9,0,1,1,6,2,0,0,1,0,0,0,0,1,1,6,6,3,-1,-1,1199,1,11,CITROEN C3,-1,-1,0,-1
2024010520280,2024,010520280,1,9,0,7,7,5,7,0,0,1,0,0,0,0,0,1,6,6,1,67,10,1598,1,14,CITROEN C3,8,E01000225,0,1
2024041480203,2024,041480203,1,9,0,-1,19,5,1,-1,0,1,0,0,0,0,1,1,-1,6,1,85,11,1200,1,6,CITROEN C3,3,E01025262,0,1
2024201411986,2024,201411986,8,9,0,-1,3,3,7,-1,0,0,0,0,0,0,1,1,-1,6,2,30,6,1199,1,5,CITROEN C3,-1,-1,0,-1
2024161395548,2024,161395548,1,8,0,-1,1,2,6,-1,0,8,0,0,0,0,2,1,-1,1,1,61,9,1560,2,9,CITROEN C3,1,E01012874,0,4
2024320492514,2024,320492514,1,9,0,-1,-1,6,2,0,0,8,0,0,0,0,1,1,-1,-1,1,60,9,1360,1,12,CITROEN C3,4,E01027950,0,5
2024451506668,2024,451506668,2,9,0,-1,19,3,7,-1,0,0,0,0,0,0,3,1,-1,2,1,22,5,1200,1,6,CITROEN C3,10,E01016640,0,4
2024520403336,2024,520403336,2,9,0,18,19,3,7,0,0,0,0,0,1,11,1,1,6,6,1,68,10,1200,1,8,CITROEN C3,10,E01014417,0,4
2024411460386,2024,411460386,1,9,0,-1,12,5,1,-1,0,0,0,0,0,0,1,1,-1,6,2,33,6,1560,2,13,CITROEN C3,10,E01023454,0,3
2024302400910,2024,302400910,2,9,0,17,19,6,3,0,0,0,0,0,0,0,4,1,6,6,1,58,9,1199,1,0,CITROEN C3,7,E01007754,0,4
2024141432383,2024,141432383,2,9,0,-1,19,7,4,-1,0,0,0,0,0,0,1,1,-1,6,2,-1,-1,1200,1,9,CITROEN C3,-1,-1,0,-1
2024461427853,2024,461427853,1,9,0,-1,19,1,5,-1,0,0,0,0,0,0,4,9,-1,6,2,71,10,1200,1,5,CITROEN C3,7,E01024573,0,1
2024610006824,2024,610006824,2,9,0,18,19,7,3,0,0,0,0,0,0,0,2,1,6,6,2,57,9,1200,1,6,CITROEN C3,5,W01001411,0,1
2024131486801,2024,131486801,1,9,0,-1,19,5,1,-1,0,8,0,0,0,0,1,1,-1,9,1,24,5,1360,1,21,CITROEN C3,1,E01010821,0,1
2024351409398,2024,351409398,2,9,0,-1,19,6,4,-1,0,8,0,0,0,0,3,1,-1,9,2,33,6,1560,2,13,CITROEN C3,8,E01018117,0,1
2024201508481,2024,201508481,1,9,0,-1,3,6,3,-1,0,0,0,0,0,0,2,1,-1,1,2,54,8,1560,2,14,CITROEN C3,9,E01010180,0,4
2024631493998,2024,631493998,1,9,0,-1,19,1,5,-1,0,0,5,10,1,6,1,1,-1,9,2,21,5,1199,1,0,CITROEN C3,6,E01035335,0,5
2024991431288,2024,991431288,1,9,0,-1,19,1,5,-1,0,1,0,0,0,0,1,1,-1,6,1,79,11,1199,1,1,CITROEN C3,5,-1,0,1
2024320393306,2024,320393306,1,9,0,5,5,5,1,0,0,0,0,0,0,0,0,1,-1,-1,1,57,9,1500,2,2,CITROEN C3,3,E01026377,0,1
2024471411288,2024,471411288,1,9,0,-1,19,1,5,-1,0,0,0,0,0,0,2,1,-1,9,1,48,8,1560,2,14,CITROEN C3,8,E01021221,0,4
2024520403356,2024,520403356,1,9,0,18,19,8,4,0,0,0,0,0,0,0,1,1,6,6,2,44,7,1199,1,4,CITROEN C3,10,E01029244,0,4
2024061528747,2024,061528747,2,9,0,-1,19,6,2,-1,0,1,0,0,0,0,1,1,-1,6,2,77,11,1199,1,3,CITROEN C3,8,E01006037,0,1
2024141450281,2024,141450281,2,9,0,-1,19,7,3,-1,0,1,0,0,0,0,2,1,-1,9,2,63,9,1500,2,5,CITROEN C3,7,E01007389,0,1
2024122400685,2024,122400685,3,9,0,18,19,7,3,0,0,0,0,0,7,0,1,1,6,6,2,47,8,1199,1,5,CITROEN C3,8,E01013058,0,2
2024311401299,2024,311401299,2,9,0,-1,4,2,6,-1,0,0,0,0,0,0,2,1,-1,6,2,38,7,1199,1,1,CITROEN C3,4,E01032479,0,4
2024471485567,2024,471485567,2,9,0,-1,9,2,7,-1,0,1,0,0,0,0,2,1,-1,6,1,52,8,1360,1,21,CITROEN C3,9,E01031384,0,1
2024041476162,2024,041476162,2,9,0,-1,3,3,7,-1,0,1,0,0,0,0,2,1,-1,9,1,21,5,1360,1,14,CITROEN C3,6,E01014173,0,5
2024311477476,2024,311477476,2,9,0,-1,19,2,6,-1,0,0,1,0,1,9,1,1,-1,6,2,45,7,1199,1,2,CITROEN C3,-1,-1,0,-1
2024070785430,2024,070785430,1,9,0,-1,19,1,5,-1,0,0,1,0,7,11,1,1,-1,6,1,17,4,1360,1,15,CITROEN C3,1,E01005245,0,3
2024622400790,2024,622400790,1,9,0,18,19,4,8,0,0,0,0,0,0,0,3,1,6,6,2,60,9,1560,2,9,CITROEN C3,4,W01000945,0,1
2024451411297,2024,451411297,1,9,0,-1,19,5,1,-1,0,0,0,0,0,0,4,1,-1,9,2,34,6,1360,1,19,CITROEN C3,6,E01016990,0,4
2024320106845,2024,320106845,1,9,0,9,9,2,6,0,0,6,0,0,0,0,1,1,6,6,2,60,9,1560,2,14,CITROEN C3,9,E01026063,0,3
2024201418579,2024,201418579,1,9,0,-1,19,8,3,-1,0,3,1,0,0,0,4,1,-1,9,1,82,11,1199,1,0,CITROEN C3,9,E01032142,0,3
2024101498091,2024,101498091,1,9,0,-1,3,7,2,-1,0,4,0,0,0,0,1,2,-1,6,1,27,6,1199,1,10,CITROEN C3,4,E01020614,0,3
2024161436170,2024,161436170,1,9,0,-1,7,5,7,-1,0,0,0,0,0,0,4,1,-1,7,2,41,7,1200,1,6,CITROEN C3,10,E01013044,0,1
2024411411562,2024,411411562,1,9,0,-1,9,5,1,-1,0,1,0,0,4,0,3,1,-1,6,1,35,6,1199,1,1,CITROEN C3,6,E01018247,0,4
2024302400799,2024,302400799,1,9,0,10,10,7,5,0,0,8,0,0,0,0,3,1,6,6,2,51,8,1398,2,14,CITROEN C3,3,E01019818,0,4
2024041509093,2024,041509093,2,9,0,-1,19,5,1,-1,0,0,0,0,0,0,2,1,-1,9,2,77,11,1397,1,12,CITROEN C3,8,E01012652,0,3
2024451484831,2024,451484831,2,9,0,-1,19,6,2,-1,0,0,0,0,0,0,1,1,-1,9,1,52,8,1199,1,5,CITROEN C3,5,E01004668,0,4
2024991525672,2024,991525672,2,9,0,-1,4,5,1,-1,0,0,0,0,0,0,2,1,-1,6,2,34,6,1200,1,9,CITROEN C3,2,-1,0,1
2024547951924,2024,547951924,2,9,0,18,19,6,2,0,0,0,0,0,0,0,3,1,6,6,2,40,7,1200,1,9,CITROEN C3,7,E01029063,0,4
2024531524507,2024,531524507,1,9,0,-1,19,2,6,-1,0,1,0,0,0,0,1,1,-1,9,1,19,4,1397,1,14,CITROEN C3,7,E01022414,0,1
2024131424030,2024,131424030,1,9,0,-1,14,3,7,-1,0,0,0,0,0,0,1,1,-1,1,1,48,8,1200,1,4,CITROEN C3,2,E01011726,0,1
2024311426477,2024,311426477,1,9,0,-1,13,2,6,-1,0,0,0,0,0,0,4,1,-1,6,1,22,5,1598,1,13,CITROEN C3,10,E01028218,0,2
2024471510632,2024,471510632,1,9,0,-1,19,3,7,-1,0,0,0,0,0,0,1,1,-1,2,2,45,7,1199,1,4,CITROEN C3,7,E01031387,0,1
2024430363787,2024,430363787,1,9,0,4,4,1,5,0,0,0,1,0,0,0,1,1,6,6,1,78,11,1560,2,7,CITROEN C3,8,E01016255,0,4
2024010548561,2024,010548561,1,9,0,18,19,2,6,0,0,8,0,0,0,0,1,1,6,6,1,21,5,1397,1,14,CITROEN C3,5,E01000450,0,2
2024041439135,2024,041439135,2,9,0,-1,19,1,5,-1,0,0,0,0,0,0,1,1,-1,9,1,63,9,1199,1,1,CITROEN C3,1,E01012656,0,1
2024461503995,2024,461503995,2,9,0,-1,19,3,7,-1,0,0,2,7,2,0,3,1,-1,2,1,43,7,1360,1,13,CITROEN C3,4,E01024702,0,2
2024332400750,2024,332400750,2,9,0,-1,3,6,2,-1,0,1,0,0,0,0,2,1,-1,6,1,78,11,1360,1,20,CITROEN C3,9,E01025975,0,2
2024520402455,2024,520402455,2,9,0,18,19,7,3,0,0,0,0,0,0,0,2,1,1,1,1,69,10,1560,2,9,CITROEN C3,4,E01029336,0,1
2024161528711,2024,161528711,1,8,0,-1,19,1,5,-1,0,1,0,99,0,0,1,9,-1,6,1,-1,-1,1560,2,9,CITROEN C3,-1,-1,0,-1
2024451457354,2024,451457354,1,9,0,-1,-1,-1,-1,-1,-1,0,-1,-1,-1,0,-1,9,-1,6,3,-1,-1,1200,1,4,CITROEN C3,-1,-1,0,-1
2024501459670,2024,501459670,1,9,0,-1,4,1,5,-1,0,2,0,10,0,0,1,1,-1,9,2,55,8,1199,1,6,CITROEN C3,7,W01001988,0,5
2024141482895,2024,141482895,2,9,0,-1,9,3,1,-1,0,6,0,0,0,0,3,1,-1,6,1,91,11,1199,1,1,CITROEN C3,1,E01007892,0,1
2024131412780,2024,131412780,1,9,0,-1,19,1,3,-1,0,1,0,0,0,0,1,1,-1,7,1,41,7,1199,1,11,CITROEN C3,3,E01010986,0,3
2024010522241,2024,010522241,2,9,0,18,19,6,2,0,0,2,0,0,0,0,3,1,6,6,2,61,9,1199,1,3,CITROEN C3,8,E01000411,0,1
2024543395024,2024,543395024,10,9,0,18,19,4,8,0,0,0,1,0,1,10,1,1,6,6,2,80,11,1200,1,8,CITROEN C3,10,E01017861,0,4
2024340NN3372,2024,340NN3372,1,9,0,-1,19,1,5,-1,0,8,0,0,0,0,1,1,-1,9,2,56,9,1199,1,6,CITROEN C3,8,E01027193,0,3
2024010494151,2024,010494151,2,9,0,2,2,0,0,6,6,0,0,0,0,0,0,1,6,6,3,-1,-1,1360,1,12,CITROEN C3,-1,-1,0,-1
2024411427165,2024,411427165,1,9,0,-1,19,1,5,-1,0,0,0,0,0,0,1,9,-1,6,1,-1,-1,1200,1,4,CITROEN C3,-1,-1,0,-1
2024371508689,2024,371508689,3,9,0,-1,2,0,0,-1,9,0,0,0,0,0,3,1,-1,6,-1,-1,-1,1124,1,20,CITROEN C3,-1,-1,0,-1
2024421519528,2024,421519528,4,9,0,-1,19,8,5,-1,0,0,0,0,0,0,2,1,-1,9,1,64,9,1397,1,9,CITROEN C3,5,E01016034,0,4
2024131467121,2024,131467121,2,9,0,-1,2,0,0,-1,0,2,0,0,0,0,2,1,-1,6,-1,-1,-1,1200,1,8,CITROEN C3,-1,-1,0,-1
2024461402789,2024,461402789,1,9,0,-1,5,5,7,-1,0,2,0,0,0,0,1,9,-1,6,1,85,11,1560,2,16,CITROEN C3,1,E01016083,0,1
2024440460455,2024,440460455,1,9,0,18,19,3,7,0,0,0,0,0,0,0,2,1,6,6,2,29,6,1199,1,2,CITROEN C3,6,E01015361,0,3
2024070195755,2024,070195755,2,9,0,18,19,7,5,0,0,8,0,0,0,0,3,1,2,2,2,30,6,1560,2,8,CITROEN C3,4,E01018451,0,1
2024351465345,2024,351465345,1,9,0,-1,19,4,8,-1,0,6,0,11,1,0,1,1,-1,6,2,55,8,1200,1,4,CITROEN C3,9,E01018205,0,1
2024201469315,2024,201469315,2,9,0,-1,7,2,7,-1,0,3,0,0,1,0,3,9,-1,6,2,34,6,1560,2,15,CITROEN C3,2,E01010086,0,1
2024430264227,2024,430264227,2,9,0,10,10,6,2,0,0,1,0,0,0,0,2,1,1,1,2,40,7,1200,1,8,CITROEN C3,9,E01028481,0,2
2024031418643,2024,031418643,1,9,0,-1,19,6,1,-1,0,2,0,0,0,0,4,1,-1,9,1,50,8,1560,2,6,CITROEN C3,-1,-1,0,-1
2024161444267,2024,161444267,2,9,0,-1,19,7,3,-1,0,1,0,0,0,0,4,1,-1,9,2,67,10,1560,2,13,CITROEN C3,1,E01012833,0,1
2024070271744,2024,070271744,2,9,0,9,9,1,6,0,0,1,0,0,0,0,1,1,6,6,1,45,7,1560,2,14,CITROEN C3,7,E01012554,0,2
2024221523841,2024,221523841,2,9,0,-1,19,3,7,-1,0,0,0,4,0,0,1,1,-1,6,2,49,8,1560,2,14,CITROEN C3,7,W01001978,0,4
202417L100324,2024,17L100324,1,9,0,18,19,6,2,0,0,4,0,0,0,0,1,1,2,2,1,38,7,1398,2,11,CITROEN C3,8,E01012177,0,2
2024471486571,2024,471486571,1,9,0,-1,9,3,1,-1,0,5,0,0,0,0,4,1,-1,9,2,65,9,1199,1,5,CITROEN C3,6,E01031345,0,3
2024351534065,2024,351534065,2,9,0,-1,19,5,1,-1,0,0,0,0,0,0,3,1,-1,9,1,32,6,1398,2,13,CITROEN C3,9,E01026197,0,4
2024421474816,2024,421474816,1,9,0,-1,19,1,5,-1,0,0,0,0,0,0,1,1,-1,6,2,39,7,1200,1,5,CITROEN C3,4,E01015947,0,1
2024010536929,2024,010536929,1,9,0,18,19,7,3,0,0,0,0,0,0,0,1,1,6,6,2,69,10,1360,1,21,CITROEN C3,1,E01001410,0,1
2024201520077,2024,201520077,1,9,0,-1,19,7,3,-1,0,0,0,0,0,0,1,9,-1,6,1,67,10,1350,1,15,CITROEN C3,8,E01010487,0,3
2024991511348,2024,991511348,2,9,0,-1,19,5,1,-1,0,0,0,0,0,0,1,1,-1,9,2,65,9,1200,1,6,CITROEN C3,8,E01019352,0,5
2024411515301,2024,411515301,1,9,0,-1,4,3,7,-1,0,0,0,0,0,0,1,1,-1,9,2,32,6,1200,1,5,CITROEN C3,9,E01023290,0,4
2024101492859,2024,101492859,1,9,-1,-1,13,4,1,-1,0,0,0,0,0,0,4,9,-1,6,2,65,9,1199,1,0,CITROEN C3,2,E01008512,0,1
2024070900024,2024,070900024,1,9,0,-1,5,7,3,-1,0,2,0,0,0,0,1,1,-1,9,1,72,10,1124,1,16,CITROEN C3,1,E01018550,0,2
2024161488146,2024,161488146,1,9,0,-1,13,1,5,-1,0,0,1,0,7,4,2,1,-1,6,2,49,8,1360,1,13,CITROEN C3,3,E01012943,0,2
2024991459034,2024,991459034,2,9,0,-1,9,5,2,-1,0,8,0,0,0,0,2,1,-1,9,2,37,7,1199,1,0,CITROEN C3,-1,-1,0,-1
2024451449669,2024,451449669,3,9,0,-1,2,0,0,-1,9,0,0,0,0,0,3,1,-1,6,-1,-1,-1,1499,2,2,CITROEN C3,-1,-1,0,-1
2024371480252,2024,371480252,1,9,0,-1,19,7,3,-1,0,3,0,9,8,1,3,1,-1,9,2,77,11,1199,1,10,CITROEN C3,3,E01030169,0,3
2024141436187,2024,141436187,2,9,0,-1,19,8,4,-1,0,1,0,0,0,0,3,9,-1,6,2,45,7,1200,1,9,CITROEN C3,9,E01002472,0,5
2024010539393,2024,010539393,1,9,0,99,99,9,9,0,0,9,9,99,9,99,9,9,6,6,1,22,5,1587,1,18,CITROEN C3,4,E01002594,0,1
2024070037417,2024,070037417,1,9,0,5,5,3,7,0,0,1,0,0,0,0,4,1,6,6,1,77,11,1200,1,5,CITROEN C3,9,E01018349,0,1
202460Q052299,2024,60Q052299,2,9,0,2,2,0,0,6,6,0,0,0,1,0,2,1,6,6,2,42,7,1199,1,4,CITROEN C3,-1,-1,0,-1
2024371497570,2024,371497570,1,9,0,-1,19,7,3,-1,0,0,0,4,0,0,1,1,-1,6,1,42,7,1360,1,22,CITROEN C3,5,E01029941,0,2
2024471493878,2024,471493878,2,9,0,-1,4,2,6,-1,0,0,0,0,0,0,2,9,-1,6,1,62,9,1199,1,1,CITROEN C3,1,E01016866,0,4
2024332401004,2024,332401004,1,9,0,-1,19,1,4,-1,0,2,0,0,1,4,1,1,-1,2,2,31,6,1360,1,17,CITROEN C3,4,E01025933,0,2
2024010524864,2024,010524864,1,9,0,9,9,6,4,0,0,8,0,0,0,0,1,1,6,6,1,32,6,1199,1,6,CITROEN C3,4,E01000171,0,1
2024501534915,2024,501534915,2,9,0,-1,5,1,7,-1,0,4,0,0,0,0,3,1,-1,6,2,81,11,1598,1,11,CITROEN C3,3,E01020096,0,1
2024201418177,2024,201418177,2,9,0,-1,5,6,2,-1,0,0,0,0,0,0,2,1,-1,9,1,30,6,1199,1,1,CITROEN C3,1,E01009342,0,1
2024010521941,2024,010521941,1,9,0,6,6,8,8,0,0,1,0,0,0,0,1,1,6,6,3,-1,-1,1200,1,7,CITROEN C3,-1,-1,0,-1
2024122500170,2024,122500170,1,9,0,18,19,5,1,0,0,8,0,0,0,0,4,1,2,2,2,44,7,1360,1,17,CITROEN C3,2,E01011268,0,3
2024122400820,2024,122400820,2,9,0,7,7,5,7,0,0,5,0,0,0,0,1,1,6,6,2,38,7,1199,1,4,CITROEN C3,4,E01027818,0,1
2024131408130,2024,131408130,1,9,0,-1,-1,-1,-1,-1,-1,-1,-1,-1,-1,-1,-1,1,-1,6,3,-1,-1,1199,1,6,CITROEN C3,-1,-1,0,-1
2024351532173,2024,351532173,1,9,0,-1,11,4,8,-1,0,0,0,0,1,0,4,1,-1,9,2,25,5,1587,1,18,CITROEN C3,7,E01033181,0,3
2024991528383,2024,991528383,1,9,0,-1,19,4,8,-1,0,1,0,0,0,0,4,1,-1,9,2,75,10,1200,1,9,CITROEN C3,1,-1,0,1
2024501430247,2024,501430247,1,9,0,-1,7,5,1,-1,0,0,1,0,0,0,3,9,-1,9,1,18,4,1199,1,11,CITROEN C3,-1,-1,0,-1
2024141477057,2024,141477057,2,9,0,-1,19,1,5,-1,0,8,0,0,1,0,4,1,-1,6,2,25,5,1598,1,13,CITROEN C3,1,E01028055,0,2
2024552401121,2024,552401121,1,9,0,18,19,1,5,0,0,0,0,0,0,0,1,1,6,6,1,81,11,1598,1,12,CITROEN C3,8,E01015333,0,1
2024421465480,2024,421465480,1,9,0,-1,19,8,4,-1,0,8,0,0,1,7,1,1,-1,6,1,24,5,1200,1,2,CITROEN C3,5,E01024223,0,4
2024041488134,2024,041488134,1,9,0,-1,19,1,5,-1,0,8,5,0,0,0,4,1,-1,6,2,71,10,1560,2,12,CITROEN C3,4,-1,0,5
2024332400667,2024,332400667,2,9,0,-1,19,3,7,-1,0,0,0,0,7,0,1,1,-1,6,1,53,8,1560,2,9,CITROEN C3,3,E01028147,0,4
2024411512262,2024,411512262,2,9,0,-1,5,1,5,-1,0,4,0,0,0,0,2,1,-1,6,2,52,8,1199,1,0,CITROEN C3,-1,-1,0,-1
2024501418231,2024,501418231,2,9,0,-1,4,4,8,-1,0,1,0,0,0,0,2,1,-1,9,2,47,8,1560,2,12,CITROEN C3,5,E01015079,0,1
2024141461384,2024,141461384,1,9,0,-1,19,2,8,-1,0,1,0,0,7,0,1,1,-1,6,1,69,10,1200,1,4,CITROEN C3,2,E01007443,0,1
2024201530653,2024,201530653,2,9,0,-1,5,1,2,-1,0,2,0,0,0,0,2,9,-1,6,2,47,8,1199,1,6,CITROEN C3,2,E01009100,0,3
2024430364480,2024,430364480,2,9,0,18,19,1,5,0,0,0,0,0,0,0,1,1,6,6,2,45,7,1397,1,14,CITROEN C3,-1,-1,0,-1
2024141469033,2024,141469033,1,9,0,-1,2,0,0,-1,9,0,0,0,0,0,1,1,-1,9,2,44,7,1199,1,1,CITROEN C3,5,E01007388,0,2
2024201437887,2024,201437887,1,9,0,-1,5,4,8,-1,0,4,0,0,0,0,1,1,-1,6,1,30,6,1200,1,7,CITROEN C3,-1,-1,0,-1
2024991430653,2024,991430653,2,9,0,-1,9,7,3,-1,0,5,0,0,0,0,1,1,-1,1,2,34,6,1199,1,1,CITROEN C3,1,-1,0,1
2024371418108,2024,371418108,1,9,0,-1,19,8,4,-1,0,0,0,0,0,0,4,1,-1,9,1,88,11,1199,1,2,CITROEN C3,8,E01030152,0,1
2024552400454,2024,552400454,2,9,0,18,19,6,2,0,0,8,0,0,0,0,2,1,3,7,1,36,7,1560,2,6,CITROEN C3,5,E01015329,0,2
2024622400622,2024,622400622,1,9,0,18,19,4,8,0,0,1,0,0,0,0,4,1,6,6,2,32,6,1200,1,7,CITROEN C3,5,W01001281,0,1
2024201446307,2024,201446307,2,9,0,-1,19,3,7,-1,0,0,0,0,0,0,2,1,-1,2,1,21,5,1360,1,21,CITROEN C3,-1,-1,0,-1
2024501484698,2024,501484698,1,9,0,-1,19,8,4,-1,0,0,0,0,0,0,1,9,-1,6,1,53,8,1199,1,1,CITROEN C3,1,E01015257,0,2
2024231524277,2024,231524277,1,9,0,-1,19,8,2,-1,0,0,0,0,0,0,1,1,-1,6,1,38,7,1199,1,5,CITROEN C3,-1,-1,0,-1
2024141430128,2024,141430128,2,9,0,-1,19,4,7,-1,9,8,0,0,8,2,3,1,-1,6,1,80,11,1124,1,17,CITROEN C3,2,E01034845,0,1
2024161459574,2024,161459574,1,9,0,-1,19,4,8,-1,0,0,5,4,0,0,1,1,-1,9,2,34,6,1598,1,12,CITROEN C3,1,E01035465,0,3
2024201483366,2024,201483366,1,9,0,-1,7,8,2,-1,0,6,0,0,0,0,1,1,-1,6,2,30,6,1360,1,17,CITROEN C3,-1,-1,0,-1
2024351464882,2024,351464882,2,9,0,-1,19,5,1,-1,0,0,0,0,0,0,4,2,-1,9,2,45,7,1199,1,0,CITROEN C3,6,E01033179,0,3
2024311501153,2024,311501153,1,9,0,-1,19,5,1,-1,0,0,0,7,1,0,4,1,-1,9,2,25,5,1200,1,3,CITROEN C3,-1,-1,0,-1
2024430336538,2024,430336538,2,9,0,18,19,7,3,0,0,4,0,0,0,0,3,1,6,6,2,-1,-1,1199,1,1,CITROEN C3,-1,-1,0,-1
2024610053624,2024,610053624,1,9,0,9,9,7,5,0,0,1,0,0,0,0,1,1,6,6,2,29,6,1200,1,6,CITROEN C3,6,W01001484,0,2
2024371485913,2024,371485913,1,9,0,-1,1,-1,-1,-1,0,0,0,0,0,0,2,1,-1,6,1,-1,-1,1560,2,13,CITROEN C3,-1,-1,0,-1
2024010504408,2024,010504408,1,9,0,99,99,9,9,99,99,9,9,99,9,99,2,9,6,6,1,47,8,1124,1,15,CITROEN C3,5,E01003743,0,1
2024122401242,2024,122401242,1,9,0,9,9,8,6,0,0,1,0,0,0,0,1,1,6,6,1,76,11,1200,1,6,CITROEN C3,4,E01010633,0,4
2024131514887,2024,131514887,1,9,0,-1,19,3,7,-1,0,0,0,0,0,0,1,1,-1,9,1,70,10,1598,1,12,CITROEN C3,3,E01011325,0,1
2024631501109,2024,631501109,2,9,0,-1,19,6,2,-1,0,4,0,0,0,0,1,1,-1,1,2,50,8,1199,1,1,CITROEN C3,8,W01001937,0,3
2024440433696,2024,440433696,1,9,0,18,19,1,5,0,0,0,0,0,0,0,1,1,6,6,1,27,6,1199,1,1,CITROEN C3,-1,-1,0,-1
2024141415221,2024,141415221,2,9,0,-1,19,1,1,-1,0,1,0,0,0,0,1,1,-1,6,2,34,6,1124,1,17,CITROEN C3,1,E01007597,0,2
2024320384115,2024,320384115,1,9,0,-1,-1,1,5,0,0,2,0,0,0,0,3,1,6,6,2,52,8,1200,1,7,CITROEN C3,3,E01026078,0,1
2024201468984,2024,201468984,2,9,0,-1,19,5,1,-1,0,0,0,0,0,0,3,1,-1,6,2,24,5,1199,1,1,CITROEN C3,7,E01031198,0,4
2024540854824,2024,540854824,1,9,0,18,19,7,4,0,0,0,0,0,0,0,4,1,1,1,1,36,7,1199,1,1,CITROEN C3,5,E01016346,0,4
2024141557303,2024,141557303,1,9,0,-1,5,1,5,-1,0,0,0,0,0,0,2,1,-1,6,2,30,6,1199,1,3,CITROEN C3,8,E01025365,0,4
2024430621398,2024,430621398,1,9,0,18,19,7,3,0,0,0,0,0,0,0,2,1,6,6,2,62,9,1199,1,1,CITROEN C3,-1,-1,0,-1
2024320588349,2024,320588349,3,9,0,-1,-1,1,5,0,0,0,0,0,0,0,2,1,-1,-1,2,34,6,1200,1,7,CITROEN C3,1,E01026126,0,1
2024311399095,2024,311399095,1,9,0,-1,5,3,7,-1,0,0,0,0,0,0,1,2,-1,1,1,48,8,1560,2,16,CITROEN C3,2,E01028033,0,2
2024440397660,2024,440397660,2,9,0,18,19,1,3,0,0,1,0,0,0,0,0,1,6,6,2,53,8,1398,2,19,CITROEN C3,4,E01017308,0,1
2024440074732,2024,440074732,1,9,0,18,19,6,2,0,0,1,0,0,0,0,1,1,6,6,1,82,11,1398,2,15,CITROEN C3,10,E01023035,0,3
2024201564112,2024,201564112,4,9,0,-1,2,0,0,-1,0,2,0,0,0,0,2,1,-1,6,1,39,7,1360,1,17,CITROEN C3,3,E01009928,0,1
2024501507754,2024,501507754,2,9,0,-1,4,3,7,-1,0,0,0,0,0,0,2,1,-1,6,1,47,8,1200,1,2,CITROEN C3,5,E01018903,0,3
2024302400247,2024,302400247,1,9,0,18,19,2,5,0,0,0,0,0,7,9,1,1,6,6,1,76,11,1398,2,18,CITROEN C3,7,E01019636,0,1