collision_index,collision_year,collision_ref_no,vehicle_reference,vehicle_type,towing_and_articulation,vehicle_manoeuvre_historic,vehicle_manoeuvre,vehicle_direction_from,vehicle_direction_to,vehicle_location_restricted_lane_historic,vehicle_location_restricted_lane,junction_location,skidding_and_overturning,hit_object_in_carriageway,vehicle_leaving_carriageway,hit_object_off_carriageway,first_point_of_impact,vehicle_left_hand_drive,journey_purpose_of_driver_historic,journey_purpose_of_driver,sex_of_driver,age_of_driver,age_band_of_driver,engine_capacity_cc,propulsion_code,age_of_vehicle,generic_make_model,driver_imd_decile,lsoa_of_driver,escooter_flag,driver_distance_banding
2024631422569,2024,631422569,1,9,0,-1,19,2,7,-1,0,0,0,0,0,0,3,1,-1,9,2,50,8,1360,1,22,CITROEN C3,5,W01000687,0,2
2024440131007,2024,440131007,1,9,0,18,19,6,2,0,0,0,0,0,0,0,1,1,6,6,1,85,11,1360,1,21,CITROEN C3,4,E01017290,0,2
2024501401415,2024,501401415,2,9,0,-1,19,2,6,-1,0,0,0,0,0,0,3,1,-1,6,2,49,8,1398,2,11,CITROEN C3,4,E01034852,0,1
2024010510472,2024,010510472,2,9,0,18,19,5,1,0,0,1,0,0,0,0,1,1,6,6,1,29,6,1199,1,11,CITROEN C3,4,E01001087,0,1
2024461426897,2024,461426897,1,9,0,-1,7,3,7,-1,0,3,5,10,0,0,4,1,-1,9,2,65,9,1199,1,1,CITROEN C3,3,E01016071,0,3
2024471407343,2024,471407343,1,9,0,-1,19,1,5,-1,0,0,5,0,0,0,1,1,-1,9,1,25,5,1360,1,18,CITROEN C3,2,E01001649,0,4
2024991455483,2024,991455483,3,9,0,-1,19,3,7,-1,0,0,0,0,1,4,1,2,-1,9,1,67,10,1199,1,0,CITROEN C3,-1,-1,0,-1
2024201407217,2024,201407217,1,9,0,-1,19,1,5,-1,0,0,0,0,0,0,1,1,-1,6,2,37,7,1199,1,1,CITROEN C3,5,E01009527,0,1
2024501539226,2024,501539226,2,9,0,-1,5,7,3,-1,0,1,0,0,0,0,4,1,-1,9,2,63,9,1199,1,0,CITROEN C3,2,E01015073,0,1
2024131441719,2024,131441719,2,9,0,-1,2,0,0,-1,0,8,0,0,0,0,3,1,-1,6,-1,-1,-1,1200,1,9,CITROEN C3,-1,-1,0,-1
2024010535089,2024,010535089,2,9,0,9,9,5,3,0,0,8,0,0,0,0,4,1,2,2,1,59,9,1200,1,7,CITROEN C3,3,E01003588,0,1
2024010534583,2024,010534583,2,9,0,99,99,9,9,99,99,6,9,99,9,99,9,9,6,6,1,-1,-1,1199,1,0,CITROEN C3,5,E01000802,0,1
2024421507811,2024,421507811,2,9,0,-1,3,1,5,-1,0,8,0,0,0,0,2,1,-1,9,2,31,6,1199,1,0,CITROEN C3,8,E01015847,0,1
2024041536074,2024,041536074,1,9,0,-1,19,3,1,-1,0,3,0,0,0,0,3,1,-1,9,2,25,5,1199,1,6,CITROEN C3,4,E01012604,0,1
2024320505383,2024,320505383,1,9,0,-1,-1,1,7,0,0,7,0,0,1,0,4,1,-1,-1,2,34,6,1199,1,5,CITROEN C3,-1,-1,0,-1
2024461422851,2024,461422851,1,9,0,-1,19,5,1,-1,0,0,1,0,0,0,1,1,-1,1,1,67,10,1199,1,1,CITROEN C3,4,E01024587,0,4
2024631535199,2024,631535199,1,9,0,-1,19,4,1,-1,0,0,2,0,2,10,4,1,-1,9,2,67,10,1360,1,19,CITROEN C3,8,W01001937,0,1
2024461462099,2024,461462099,2,9,0,-1,3,3,7,-1,0,0,0,0,0,0,2,9,-1,2,2,55,8,1360,1,18,CITROEN C3,1,E01024649,0,4
2024131428135,2024,131428135,2,9,0,-1,4,5,5,-1,0,1,0,0,0,0,1,1,-1,9,2,32,6,1200,1,8,CITROEN C3,9,E01011271,0,1
2024221412472,2024,221412472,1,9,0,-1,19,2,6,-1,0,0,0,0,0,0,4,9,-1,6,1,84,11,1360,1,16,CITROEN C3,4,E01028879,0,1
2024421486072,2024,421486072,1,5,0,-1,15,3,7,-1,0,0,0,0,0,0,1,1,-1,6,1,44,7,1198,1,7,DUCATI MULTISTRADA,3,E01021328,0,1
2024161496833,2024,161496833,1,5,0,-1,13,7,3,-1,0,0,5,0,0,0,1,1,-1,9,1,49,8,1158,1,0,DUCATI MULTISTRADA,6,E01013097,0,1
2024302401179,2024,302401179,2,5,0,18,19,1,5,0,0,0,0,0,0,0,1,1,6,6,1,58,9,1103,1,0,DUCATI MULTISTRADA,6,E01011636,0,4
2024522402197,2024,522402197,1,5,0,18,19,3,7,0,0,8,0,0,0,0,4,1,6,6,1,34,6,1198,1,13,DUCATI MULTISTRADA,7,E01014910,0,1
2024991472919,2024,991472919,2,5,0,-1,19,5,2,-1,0,1,5,0,0,0,1,1,-1,9,1,49,8,1158,1,0,DUCATI MULTISTRADA,5,-1,0,3
2024520403228,2024,520403228,1,5,0,18,19,5,1,0,0,0,0,0,0,0,0,1,6,6,1,54,8,1158,1,0,DUCATI MULTISTRADA,8,E01029201,0,4
2024201502094,2024,201502094,2,5,0,-1,19,1,6,-1,0,8,0,0,0,0,4,1,-1,6,1,62,9,1158,1,2,DUCATI MULTISTRADA,4,E01009231,0,1
2024631514063,2024,631514063,1,5,0,-1,13,5,1,-1,0,0,0,0,7,10,3,1,-1,6,1,45,7,1158,1,1,DUCATI MULTISTRADA,7,W01000623,0,2
2024471497055,2024,471497055,1,5,0,-1,13,6,2,-1,0,8,0,0,0,0,1,1,-1,9,1,57,9,1158,1,3,DUCATI MULTISTRADA,9,E01021144,0,3
2024231501457,2024,231501457,1,5,0,-1,19,4,8,-1,0,0,0,0,0,0,1,1,-1,6,1,51,8,1103,1,0,DUCATI MULTISTRADA,5,E01031190,0,2
2024991423030,2024,991423030,2,5,0,-1,19,5,8,-1,0,1,0,0,0,0,1,1,-1,6,1,52,8,1198,1,7,DUCATI MULTISTRADA,4,-1,0,4
2024401449933,2024,401449933,1,5,0,-1,19,6,2,-1,0,0,0,12,0,0,1,1,-1,6,1,61,9,1198,1,7,DUCATI MULTISTRADA,10,E01027295,0,4
2024010500310,2024,010500310,2,5,0,18,19,3,7,0,0,1,2,10,2,11,3,1,6,6,1,47,8,1158,1,3,DUCATI MULTISTRADA,2,E01033938,0,1
2024332400321,2024,332400321,2,5,0,-1,19,1,5,-1,0,8,1,0,0,0,1,1,-1,6,1,61,9,1198,1,7,DUCATI MULTISTRADA,7,E01031051,0,4
2024361473060,2024,361473060,1,5,0,-1,13,8,4,-1,0,1,0,0,0,0,1,1,-1,9,1,57,9,1262,1,4,DUCATI MULTISTRADA,4,E01021984,0,5
2024631489778,2024,631489778,2,5,0,-1,19,4,8,-1,0,1,0,0,0,0,1,1,-1,6,1,48,8,1198,1,13,DUCATI MULTISTRADA,4,W01000683,0,3
2024501430916,2024,501430916,1,5,0,-1,13,5,1,-1,0,0,1,0,1,10,1,1,-1,9,1,61,9,1262,1,5,DUCATI MULTISTRADA,4,E01019063,0,3
2024421467340,2024,421467340,2,5,0,-1,19,2,6,-1,0,0,0,0,0,0,4,1,-1,9,1,60,9,1262,1,5,DUCATI MULTISTRADA,7,E01021412,0,4
2024052402456,2024,052402456,2,4,0,18,19,7,3,0,0,0,0,0,0,0,3,1,6,6,1,61,9,1198,1,8,DUCATI MULTISTRADA,1,E01012441,0,3
2024061440920,2024,061440920,1,5,0,-1,13,5,1,-1,0,0,2,0,0,0,1,1,-1,9,1,27,6,1198,1,8,DUCATI MULTISTRADA,2,E01006107,0,1
2024211438195,2024,211438195,2,5,0,-1,4,3,1,-1,0,0,0,0,0,0,3,1,-1,6,1,48,8,1198,1,10,DUCATI MULTISTRADA,10,E01029474,0,1
2024201527562,2024,201527562,2,5,0,-1,19,6,2,-1,0,8,0,0,0,0,1,1,-1,2,1,25,5,1198,1,11,DUCATI MULTISTRADA,4,E01029820,0,4
2024311436376,2024,311436376,1,5,0,-1,19,3,1,-1,0,8,0,0,0,0,1,1,-1,9,1,59,9,1198,1,9,DUCATI MULTISTRADA,8,E01028146,0,4
2024430351111,2024,430351111,2,5,0,18,19,4,8,0,0,8,0,0,0,0,1,1,6,6,1,55,8,1198,1,5,DUCATI MULTISTRADA,4,E01017708,0,1
2024010543458,2024,010543458,1,5,0,12,12,7,3,0,0,0,0,0,0,0,4,1,2,2,1,43,7,1198,1,11,DUCATI MULTISTRADA,8,E01032825,0,4
2024010530899,2024,010530899,2,9,9,99,99,9,9,99,99,9,9,99,9,99,9,9,6,6,2,-1,-1,1199,8,0,-1,2,E01001753,0,2
2024010510982,2024,010510982,1,19,0,9,9,3,8,0,0,6,0,0,0,0,3,1,1,1,1,64,9,-1,3,9,-1,6,E01002218,0,3
2024131520043,2024,131520043,2,2,0,-1,19,4,8,-1,0,1,0,0,0,0,1,1,-1,9,1,61,9,50,1,16,-1,5,E01011239,0,1
2024201503829,2024,201503829,1,9,0,-1,3,8,4,-1,0,1,0,0,0,0,1,1,-1,6,1,37,7,1993,8,0,HONDA ZR-V SPORT ,5,E01009797,0,1
2024010550915,2024,010550915,1,9,0,6,6,5,5,0,0,2,0,0,0,0,3,1,6,6,1,28,6,1993,8,0,HONDA ZR-V SPORT ,2,E01001332,0,1
2024010538553,2024,010538553,1,9,9,99,99,9,9,99,99,9,9,99,9,99,9,9,6,6,2,44,7,1993,8,0,HONDA ZR-V SPORT ,3,E01032743,0,1
2024991501844,2024,991501844,1,9,0,-1,19,2,1,-1,0,8,0,10,0,0,3,1,-1,9,2,52,8,1993,8,0,HONDA ZR-V SPORT ,1,-1,0,4
2024052400185,2024,052400185,1,9,0,18,19,2,6,0,0,0,0,0,0,0,4,1,6,6,1,57,9,1993,8,0,HONDA ZR-V SPORT ,1,E01006460,0,3
2024041496123,2024,041496123,2,9,0,-1,19,1,5,-1,0,0,0,0,0,0,3,1,-1,9,2,30,6,1993,8,0,HONDA ZR-V SPORT ,6,E01034343,0,1
2024501439373,2024,501439373,4,9,0,-1,4,3,7,-1,0,2,0,0,0,0,2,1,-1,6,2,62,9,1993,8,0,HONDA ZR-V SPORT ,8,E01026368,0,5
2024991534833,2024,991534833,2,9,0,-1,19,4,8,-1,0,2,0,0,0,0,3,1,-1,9,1,67,10,1993,8,0,HONDA ZR-V SPORT ,-1,-1,0,-1
2024061481038,2024,061481038,1,9,0,-1,3,-1,-1,-1,0,2,0,99,0,0,1,1,-1,9,1,50,8,1993,8,0,HONDA ZR-V SPORT ,8,W01000472,0,5
2024010534505,2024,010534505,1,9,0,18,19,1,5,0,0,0,0,0,0,0,1,1,6,6,1,29,6,1993,8,0,HONDA ZR-V SPORT ,2,E01001955,0,1
202460Q118550,2024,60Q118550,2,9,0,18,19,7,3,0,0,2,0,0,0,0,1,1,6,6,1,62,9,1993,8,0,HONDA ZR-V SPORT ,-1,-1,0,-1
2024010519098,2024,010519098,1,9,0,99,99,9,9,99,99,9,9,99,9,99,2,9,6,6,2,34,6,1993,8,0,HONDA ZR-V SPORT ,2,E01001549,0,1
2024131505731,2024,131505731,1,9,0,-1,19,5,1,-1,0,8,0,0,0,0,1,1,-1,9,1,81,11,1993,8,0,HONDA ZR-V SPORT ,5,E01010873,0,2
2024010549640,2024,010549640,1,9,0,99,99,9,9,99,99,0,9,99,9,99,9,9,6,6,1,45,7,1993,8,0,HONDA ZR-V SPORT ,3,E01003533,0,1
2024451486872,2024,451486872,2,9,0,-1,19,1,5,-1,0,0,0,0,0,0,1,1,-1,9,2,56,9,1993,8,0,HONDA ZR-V SPORT ,5,E01030569,0,1
2024471469258,2024,471469258,2,9,0,-1,4,2,5,-1,0,0,0,0,0,0,1,1,-1,1,2,55,8,1993,8,0,HONDA ZR-V SPORT ,5,E01031786,0,1
2024061516539,2024,061516539,1,9,0,-1,19,-1,-1,-1,0,9,0,0,0,0,4,1,-1,7,2,36,7,1993,8,0,HONDA ZR-V SPORT ,2,E01004966,0,1
2024010523153,2024,010523153,2,9,0,99,99,9,9,99,99,9,9,99,9,99,9,9,6,6,3,-1,-1,1993,8,1,HONDA ZR-V SPORT ,-1,-1,0,-1
2024010520825,2024,010520825,2,9,0,99,99,9,9,99,99,9,9,99,9,99,1,9,6,6,1,-1,-1,1993,8,1,HONDA ZR-V SPORT ,-1,-1,0,-1
2024311413217,2024,311413217,1,9,0,-1,5,2,6,-1,0,8,0,0,0,0,1,9,-1,6,1,-1,-1,2993,2,13,JAGUAR XJ SERIES,-1,-1,0,-1
2024041530812,2024,041530812,1,9,0,-1,5,3,7,-1,0,1,0,0,0,0,1,1,-1,9,1,38,7,2993,2,13,JAGUAR XJ SERIES,1,E01025182,0,1
2024052400510,2024,052400510,1,9,0,9,9,2,1,0,0,1,0,0,0,0,1,1,6,6,1,65,9,2993,2,5,JAGUAR XJ SERIES,9,E01007264,0,1
2024340NN3412,2024,340NN3412,2,9,0,-1,9,1,7,-1,0,4,0,0,0,0,4,1,-1,6,3,-1,-1,2720,2,17,JAGUAR XJ SERIES,-1,-1,0,-1
2024211514183,2024,211514183,1,9,0,-1,9,3,5,-1,0,6,0,0,0,0,1,1,-1,6,1,80,11,2967,1,20,JAGUAR XJ SERIES,-1,-1,0,-1
2024501497059,2024,501497059,2,9,0,-1,19,6,2,-1,0,1,0,0,0,0,4,1,-1,9,1,42,7,2993,2,14,JAGUAR XJ SERIES,4,E01015059,0,3
2024340WN2362,2024,340WN2362,1,9,0,-1,9,1,6,-1,0,6,0,11,1,0,3,1,-1,9,1,43,7,2993,2,13,JAGUAR XJ SERIES,8,E01034458,0,4
2024131454478,2024,131454478,1,9,0,-1,19,5,1,-1,0,8,0,0,0,0,1,1,-1,9,1,92,11,2993,2,13,JAGUAR XJ SERIES,10,E01010580,0,2
2024461535558,2024,461535558,2,9,0,-1,19,7,3,-1,0,0,0,0,0,0,1,1,-1,9,1,62,9,2967,1,21,JAGUAR XJ SERIES,3,E01016171,0,3
2024430022630,2024,430022630,1,9,0,9,9,8,6,0,0,8,0,0,0,0,4,1,2,2,1,56,9,2993,2,5,JAGUAR XJ SERIES,3,E01016373,0,1
2024531447868,2024,531447868,1,9,0,-1,19,5,1,-1,0,0,0,0,0,0,1,1,-1,6,1,46,8,3248,1,22,JAGUAR XJ SERIES,9,E01022107,0,1
2024161438876,2024,161438876,2,9,0,-1,19,5,1,-1,0,1,0,0,0,0,1,1,-1,9,1,56,9,2993,2,7,JAGUAR XJ SERIES,1,E01035468,0,1
2024010500072,2024,010500072,1,9,0,5,5,3,7,9,9,5,0,0,1,10,1,1,6,6,1,80,11,3248,1,24,JAGUAR XJ SERIES,4,E01002315,0,1
2024501483477,2024,501483477,2,9,0,-1,9,3,1,-1,0,7,0,0,1,0,3,1,-1,9,1,79,11,2993,2,10,JAGUAR XJ SERIES,5,E01019043,0,1
2024161445079,2024,161445079,2,9,0,-1,1,1,5,-1,0,0,0,0,0,0,2,9,-1,6,1,61,9,2993,2,13,JAGUAR XJ SERIES,3,E01013184,0,1
2024471452266,2024,471452266,1,9,0,-1,13,1,5,-1,0,0,0,0,0,0,0,9,-1,6,1,59,9,2993,2,8,JAGUAR XJ SERIES,5,E01031410,0,2
2024131453990,2024,131453990,1,9,0,-1,19,7,3,-1,0,0,0,0,0,0,3,1,-1,7,1,33,6,2993,2,14,JAGUAR XJ SERIES,1,E01011493,0,1
2024161481713,2024,161481713,1,9,0,-1,19,3,7,-1,0,2,0,0,0,0,1,1,-1,9,1,36,7,2993,2,14,JAGUAR XJ SERIES,3,E01013245,0,1
2024010518484,2024,010518484,1,9,0,1,1,5,1,0,0,1,0,0,0,0,2,1,6,6,2,49,8,2967,1,20,JAGUAR XJ SERIES,6,E01000946,0,1
2024302400682,2024,302400682,1,9,0,18,19,6,2,0,0,1,0,0,0,0,1,1,6,6,3,-1,-1,2967,1,20,JAGUAR XJ SERIES,5,E01019456,0,3
2024361407417,2024,361407417,1,9,0,-1,9,2,4,-1,0,1,0,0,0,0,1,9,-1,9,1,77,11,2993,2,12,JAGUAR XJ SERIES,4,E01026523,0,1
2024161502941,2024,161502941,6,9,0,-1,2,0,0,-1,0,1,0,0,0,0,1,1,-1,6,-1,-1,-1,2993,2,11,JAGUAR XJ SERIES,-1,-1,0,-1
202454B427024,2024,54B427024,1,9,0,1,1,3,7,0,0,6,0,0,3,11,2,1,6,6,1,69,10,2993,2,12,JAGUAR XJ SERIES,3,E01031896,0,1
2024320395863,2024,320395863,3,9,0,10,10,6,2,0,0,8,0,0,0,0,3,1,-1,-1,2,28,6,2993,2,11,JAGUAR XJ SERIES,10,E01026362,0,1
2024131487232,2024,131487232,1,9,0,-1,7,1,2,-1,0,0,0,0,0,0,1,1,-1,9,1,55,8,3248,1,26,JAGUAR XJ SERIES,5,E01035054,0,1
2024201431429,2024,201431429,1,9,0,-1,5,6,2,-1,0,8,0,0,0,0,4,9,-1,6,1,49,8,2720,2,16,JAGUAR XJ SERIES,2,E01009210,0,1
2024501443807,2024,501443807,1,9,0,-1,9,1,8,-1,0,2,0,0,0,0,1,1,-1,9,1,37,7,2993,2,13,JAGUAR XJ SERIES,1,E01015263,0,4
2024991467418,2024,991467418,1,9,0,-1,19,6,6,-1,0,1,0,0,0,0,3,1,-1,9,1,53,8,2993,2,9,JAGUAR XJ SERIES,-1,-1,0,-1
2024361467145,2024,361467145,1,9,0,-1,19,4,2,-1,0,0,0,0,7,4,1,1,-1,6,1,31,6,2720,2,16,JAGUAR XJ SERIES,5,E01026724,0,1
2024430471700,2024,430471700,2,9,0,18,19,2,6,0,0,6,0,0,0,0,1,1,6,6,3,-1,-1,2993,2,8,JAGUAR XJ SERIES,-1,-1,0,-1
2024201436624,2024,201436624,2,9,0,-1,19,6,2,-1,0,2,0,0,0,0,3,1,-1,9,1,34,6,2993,2,14,JAGUAR XJ SERIES,2,E01009573,0,1
2024421501058,2024,421501058,1,9,0,-1,19,4,8,-1,0,2,0,0,0,0,4,1,-1,6,1,63,9,2967,1,21,JAGUAR XJ SERIES,10,E01021751,0,1
2024320571429,2024,320571429,2,5,0,3,3,2,6,0,0,0,0,0,0,0,2,1,6,6,1,66,10,999,1,15,-1,5,E01026241,0,1
2024440002727,2024,440002727,2,9,0,18,19,8,4,0,0,0,0,0,0,0,1,1,6,6,3,-1,-1,2295,1,22,MERCEDES SLK CLASS,-1,-1,0,-1
2024332400600,2024,332400600,1,9,0,-1,5,1,5,-1,0,0,0,0,0,0,2,1,-1,9,1,62,9,1796,1,18,MERCEDES SLK CLASS,3,E01013779,0,1
2024101445247,2024,101445247,2,9,0,-1,4,2,6,-1,0,0,0,0,0,0,2,1,-1,6,1,28,6,3498,1,19,MERCEDES SLK CLASS,4,E01008624,0,1
2024552401067,2024,552401067,1,9,0,18,19,4,8,0,0,0,0,0,0,0,1,1,6,6,2,74,10,1796,1,16,MERCEDES SLK CLASS,10,E01020356,0,1
2024401502604,2024,401502604,1,9,0,-1,4,2,6,-1,0,0,0,0,0,0,2,1,-1,6,1,54,8,2143,2,10,MERCEDES SLK CLASS,9,E01018238,0,4
2024010538659,2024,010538659,1,9,0,14,14,7,3,0,0,2,0,0,0,0,1,1,6,6,1,64,9,1991,1,8,MERCEDES SLK CLASS,8,E01003659,0,2
2024610004524,2024,610004524,2,9,0,16,19,3,6,0,0,0,0,0,1,0,1,1,6,6,1,75,10,2143,2,10,MERCEDES SLK CLASS,4,E01022241,0,4
2024010527180,2024,010527180,1,9,0,1,1,1,5,0,0,0,0,0,7,11,2,1,6,6,2,70,10,1796,1,14,MERCEDES SLK CLASS,4,E01000719,0,1
2024010508838,2024,010508838,1,9,0,18,19,5,1,0,0,2,0,0,8,7,2,1,6,6,1,63,9,1796,1,17,MERCEDES SLK CLASS,6,E01000238,0,1
2024411404267,2024,411404267,1,9,0,-1,19,7,3,-1,0,8,0,0,0,0,1,9,-1,9,1,31,6,1796,1,16,MERCEDES SLK CLASS,4,E01017905,0,3
2024531534966,2024,531534966,1,9,0,-1,19,6,2,-1,9,2,0,6,1,11,1,1,-1,9,1,25,5,3498,1,19,MERCEDES SLK CLASS,10,E01028820,0,4
2024501483477,2024,501483477,1,9,0,-1,19,1,5,-1,0,1,0,0,7,0,1,1,-1,9,1,60,9,2997,1,16,MERCEDES SLK CLASS,5,E01019040,0,1
2024991436233,2024,991436233,1,9,0,-1,19,4,8,-1,0,0,0,0,0,0,1,1,-1,9,1,32,6,1796,1,18,MERCEDES SLK CLASS,5,-1,0,1
2024061522023,2024,061522023,1,9,0,-1,3,1,1,-1,0,0,0,0,0,0,2,1,-1,2,1,31,6,3498,1,17,MERCEDES SLK CLASS,3,E01005547,0,1
2024041527917,2024,041527917,2,9,0,-1,9,7,5,-1,0,6,0,0,0,0,1,1,-1,2,1,56,9,2143,2,11,MERCEDES SLK CLASS,6,E01025164,0,1
2024440037951,2024,440037951,2,9,0,5,5,2,6,0,0,1,0,0,0,0,1,1,6,6,1,26,6,3199,1,23,MERCEDES SLK CLASS,4,E01017083,0,4
2024451412465,2024,451412465,1,9,0,-1,9,5,1,-1,0,6,0,0,0,0,1,1,-1,7,2,75,10,1796,1,19,MERCEDES SLK CLASS,6,E01004181,0,3
2024440157383,2024,440157383,2,9,0,3,3,8,4,0,0,1,0,0,0,0,2,1,6,6,2,65,9,2143,2,11,MERCEDES SLK CLASS,8,E01032855,0,1
2024501452271,2024,501452271,1,9,0,-1,19,3,7,-1,0,0,1,0,7,10,3,1,-1,9,1,61,9,2295,1,22,MERCEDES SLK CLASS,4,E01020301,0,2
2024010548023,2024,010548023,2,9,0,18,19,1,5,0,0,1,1,0,4,6,1,1,2,2,1,18,4,1796,1,17,MERCEDES SLK CLASS,7,E01034594,0,2
2024041505886,2024,041505886,1,9,0,-1,19,6,2,-1,0,1,0,0,0,0,1,1,-1,9,2,70,10,2143,2,9,MERCEDES SLK CLASS,3,E01025221,0,1
2024430214386,2024,430214386,2,9,0,18,19,1,5,0,0,8,0,0,1,0,3,1,2,2,1,30,6,2295,1,22,MERCEDES SLK CLASS,8,E01017480,0,4
2024461521876,2024,461521876,1,9,0,-1,19,7,3,-1,0,0,0,0,0,0,1,1,-1,9,1,71,10,2295,1,21,MERCEDES SLK CLASS,1,E01024671,0,3
2024991421437,2024,991421437,1,9,0,-1,13,3,7,-1,0,0,0,0,0,0,4,1,-1,6,1,76,11,2143,2,9,MERCEDES SLK CLASS,5,-1,0,3
2024552401182,2024,552401182,1,9,0,9,9,4,3,0,0,8,0,0,0,0,3,1,6,6,2,43,7,1796,1,18,MERCEDES SLK CLASS,3,E01033242,0,1
2024052401567,2024,052401567,1,9,0,2,2,0,0,0,0,1,0,0,0,0,3,1,6,6,3,-1,-1,2295,1,24,MERCEDES SLK CLASS,-1,-1,0,-1
2024471451025,2024,471451025,1,9,0,-1,19,8,3,-1,0,1,1,0,0,0,1,1,-1,6,2,62,9,1796,1,19,MERCEDES SLK CLASS,6,E01031826,0,1
2024161409587,2024,161409587,1,9,0,-1,19,5,1,-1,0,3,1,10,0,0,1,1,-1,7,1,41,7,2996,1,18,MERCEDES SLK CLASS,4,E01013308,0,1
2024991410767,2024,991410767,3,9,0,-1,10,2,1,-1,0,1,0,0,0,0,2,1,-1,9,1,62,9,1998,1,24,MERCEDES SLK CLASS,7,-1,0,3
2024440438474,2024,440438474,1,9,0,18,19,3,7,0,0,3,0,0,0,0,1,1,6,6,1,77,11,1998,1,21,MERCEDES SLK CLASS,4,E01017319,0,1
2024421410857,2024,421410857,2,9,0,-1,19,5,2,-1,0,0,0,0,0,0,2,1,-1,9,1,21,5,2295,1,22,MERCEDES SLK CLASS,7,E01021910,0,3
2024451490225,2024,451490225,2,9,0,-1,9,1,7,-1,0,8,0,0,0,0,3,1,-1,9,2,58,9,1796,1,10,MERCEDES SLK CLASS,10,E01030338,0,1
2024471420479,2024,471420479,1,9,0,-1,5,4,1,-1,0,2,0,0,0,0,3,1,-1,9,1,74,10,3199,1,21,MERCEDES SLK CLASS,6,E01031490,0,1
2024440549632,2024,440549632,1,9,0,4,4,2,6,0,0,0,0,4,1,11,1,1,6,6,2,56,9,3199,1,21,MERCEDES SLK CLASS,7,E01023184,0,2
2024430507844,2024,430507844,2,9,0,18,19,3,7,0,0,8,0,0,0,0,1,1,6,6,3,-1,-1,1796,1,13,MERCEDES SLK CLASS,-1,-1,0,-1
2024201556191,2024,201556191,1,9,0,-1,5,4,8,-1,0,1,0,0,0,0,1,9,-1,2,1,66,10,1796,1,15,MERCEDES SLK CLASS,4,E01010467,0,1
202454F000424,2024,54F000424,2,9,0,9,9,5,2,0,0,8,0,0,0,0,1,1,6,6,2,62,9,1796,1,12,MERCEDES SLK CLASS,10,E01031923,0,1
2024421492696,2024,421492696,2,9,0,-1,19,8,5,-1,0,8,0,0,0,0,1,1,-1,6,1,43,7,1796,1,18,MERCEDES SLK CLASS,7,E01015961,0,3
2024231452056,2024,231452056,2,9,0,-1,9,7,5,-1,0,5,0,0,0,0,4,1,-1,1,1,40,7,1796,1,13,MERCEDES SLK CLASS,3,E01031059,0,2
2024501451778,2024,501451778,2,9,0,-1,4,7,3,-1,0,4,0,0,0,0,2,1,-1,6,1,54,8,3498,1,13,MERCEDES SLK CLASS,7,E01020063,0,1
2024531500686,2024,531500686,2,9,0,-1,4,8,4,-1,0,1,0,0,0,0,2,1,-1,6,1,62,9,2298,1,25,MERCEDES SLK CLASS,4,E01022325,0,1
2024471449431,2024,471449431,1,9,0,-1,19,3,7,-1,0,0,0,0,0,0,4,1,-1,6,1,73,10,3498,1,15,MERCEDES SLK CLASS,9,E01021124,0,2
2024461502754,2024,461502754,2,9,0,-1,19,1,3,-1,0,3,0,7,0,0,1,1,-1,9,1,56,9,1796,1,14,MERCEDES SLK CLASS,7,E01024242,0,2
202460Q146343,2024,60Q146343,2,9,0,17,19,1,5,0,0,0,0,0,0,0,3,1,6,6,1,69,10,1796,1,14,MERCEDES SLK CLASS,-1,-1,0,-1
2024440349365,2024,440349365,2,9,0,18,19,4,8,0,0,0,0,0,0,0,1,1,6,6,1,69,10,2298,1,25,MERCEDES SLK CLASS,8,E01022944,0,1
2024010547347,2024,010547347,1,9,0,9,9,4,1,0,0,8,0,0,0,0,1,1,2,2,1,61,9,2996,1,15,MERCEDES SLK CLASS,6,E01004637,0,2
2024332400286,2024,332400286,2,9,0,-1,19,7,3,-1,0,8,0,0,0,0,1,1,-1,9,2,67,10,2143,2,10,MERCEDES SLK CLASS,5,E01028092,0,4
2024311466629,2024,311466629,1,9,0,-1,5,5,1,-1,0,1,1,9,0,0,1,1,-1,1,1,44,7,1796,1,18,MERCEDES SLK CLASS,-1,-1,0,-1
2024501524600,2024,501524600,2,9,0,-1,9,8,6,-1,0,1,0,0,0,0,3,1,-1,6,1,22,5,2295,1,21,MERCEDES SLK CLASS,4,E01015031,0,1
2024031501422,2024,031501422,1,9,0,-1,19,5,2,-1,0,0,5,0,0,0,4,1,-1,9,1,85,11,1796,1,19,MERCEDES SLK CLASS,10,E01034080,0,1
2024231415057,2024,231415057,1,9,0,-1,19,2,6,-1,0,0,0,0,0,0,1,9,-1,6,3,50,8,1796,1,14,MERCEDES SLK CLASS,-1,-1,0,-1
2024031472491,2024,031472491,1,9,0,-1,1,1,5,-1,0,0,0,0,0,0,2,1,-1,6,1,57,9,2143,2,11,MERCEDES SLK CLASS,-1,-1,0,-1