collision_index,collision_year,collision_ref_no,vehicle_reference,vehicle_type,towing_and_articulation,vehicle_manoeuvre_historic,vehicle_manoeuvre,vehicle_direction_from,vehicle_direction_to,vehicle_location_restricted_lane_historic,vehicle_location_restricted_lane,junction_location,skidding_and_overturning,hit_object_in_carriageway,vehicle_leaving_carriageway,hit_object_off_carriageway,first_point_of_impact,vehicle_left_hand_drive,journey_purpose_of_driver_historic,journey_purpose_of_driver,sex_of_driver,age_of_driver,age_band_of_driver,engine_capacity_cc,propulsion_code,age_of_vehicle,generic_make_model,driver_imd_decile,lsoa_of_driver,escooter_flag,driver_distance_banding
2024131417867,2024,131417867,1,9,0,-1,9,1,5,-1,9,1,1,0,1,11,1,1,-1,6,-1,-1,-1,2143,2,12,MERCEDES SLK CLASS,-1,-1,0,-1
2024141454484,2024,141454484,2,9,0,-1,19,6,2,-1,0,1,0,0,0,0,1,1,-1,9,1,59,9,1796,1,16,MERCEDES SLK CLASS,2,E01007397,0,1
2024340NN4692,2024,340NN4692,2,9,0,-1,10,7,5,-1,0,1,0,0,0,0,2,1,-1,2,2,60,9,2298,1,26,MERCEDES SLK CLASS,3,E01026962,0,1
2024161515988,2024,161515988,1,9,0,-1,9,1,5,-1,0,1,0,0,1,11,1,1,-1,9,1,48,8,1796,1,17,MERCEDES SLK CLASS,1,E01013208,0,1
2024320084575,2024,320084575,2,9,0,-1,-1,8,4,0,0,0,0,0,1,1,4,1,6,6,2,28,6,2295,1,24,MERCEDES SLK CLASS,-1,-1,0,-1
2024451477932,2024,451477932,1,9,0,-1,19,3,7,-1,0,0,1,0,0,0,1,1,-1,6,2,84,11,2295,1,25,MERCEDES SLK CLASS,9,E01030554,0,3
2024010533194,2024,010533194,2,9,9,99,99,9,9,99,99,9,9,99,9,99,9,9,6,6,3,-1,-1,2143,2,9,MERCEDES SLK CLASS,-1,-1,0,-1
2024440504852,2024,440504852,1,9,0,18,19,8,4,0,0,0,0,0,0,0,1,1,6,6,2,55,8,1796,1,16,MERCEDES SLK CLASS,6,E01023015,0,2
2024522401977,2024,522401977,5,9,0,2,2,0,0,0,0,0,0,0,0,0,1,1,6,6,3,-1,-1,1796,1,17,MERCEDES SLK CLASS,-1,-1,0,-1
2024010519824,2024,010519824,2,9,0,2,2,0,0,0,0,8,0,0,0,0,4,1,6,6,3,-1,-1,2996,1,15,MERCEDES SLK CLASS,-1,-1,0,-1
2024010497732,2024,010497732,2,9,0,18,19,7,3,0,0,8,0,0,9,0,1,9,6,6,3,-1,-1,1796,1,17,MERCEDES SLK CLASS,-1,-1,0,-1
2024010533338,2024,010533338,3,9,0,2,2,0,0,0,0,1,0,0,7,0,2,1,6,6,3,-1,-1,1796,1,20,MERCEDES SLK CLASS,-1,-1,0,-1
2024161456723,2024,161456723,3,9,0,-1,19,3,7,-1,0,1,0,0,0,0,3,2,-1,1,1,57,9,1560,2,8,PEUGEOT HORIZON,4,E01012947,0,4
2024461416989,2024,461416989,3,9,0,-1,2,0,0,-1,0,0,0,4,0,0,1,9,-1,6,2,-1,-1,1598,1,9,PEUGEOT HORIZON,2,E01024218,0,1
2024471404338,2024,471404338,3,9,0,-1,2,0,0,-1,0,2,0,0,0,0,4,9,-1,6,3,-1,-1,1598,1,10,PEUGEOT HORIZON,-1,-1,0,-1
2024991453645,2024,991453645,2,9,0,-1,7,6,8,-1,0,8,0,4,0,0,1,1,-1,9,1,74,10,1560,2,7,PEUGEOT HORIZON,4,E01032613,0,5
2024101530282,2024,101530282,1,8,0,-1,5,7,3,-1,0,0,0,0,0,0,4,1,-1,1,1,50,8,1560,2,7,PEUGEOT HORIZON,-1,-1,0,-1
2024131490853,2024,131490853,2,9,0,-1,19,5,1,-1,0,1,0,0,0,0,1,1,-1,1,1,44,7,1560,2,7,PEUGEOT HORIZON,1,E01010702,0,2
2024101521273,2024,101521273,1,9,0,-1,9,2,3,-1,0,1,0,0,0,0,1,1,-1,1,1,58,9,1560,2,6,PEUGEOT HORIZON,-1,-1,0,-1
2024991426250,2024,991426250,2,8,0,-1,19,4,1,-1,0,8,0,0,0,0,3,1,-1,1,1,59,9,1560,2,6,PEUGEOT HORIZON,9,-1,0,3
2024231427078,2024,231427078,2,9,0,-1,4,2,6,-1,0,1,0,0,0,0,2,9,-1,6,1,48,8,1560,2,6,PEUGEOT HORIZON,3,E01013762,0,4
2024161485925,2024,161485925,1,8,0,-1,19,1,5,-1,0,0,0,0,0,0,1,1,-1,9,1,28,6,1560,2,8,PEUGEOT HORIZON,1,E01012878,0,1
2024440188710,2024,440188710,1,8,0,5,5,7,3,0,0,0,0,0,0,0,3,1,1,1,1,47,8,1560,2,8,PEUGEOT HORIZON,1,E01017039,0,2
2024211483952,2024,211483952,2,9,-1,-1,-1,-1,-1,-1,-1,-1,-1,-1,-1,0,-1,9,-1,6,1,52,8,1560,2,7,PEUGEOT HORIZON,3,E01029496,0,2
2024131406120,2024,131406120,1,9,0,-1,7,2,7,-1,0,2,0,0,0,0,1,1,-1,6,3,-1,-1,1560,2,8,PEUGEOT HORIZON,-1,-1,0,-1
2024548048424,2024,548048424,2,9,0,2,2,0,0,0,0,1,0,0,0,0,2,1,6,6,2,72,10,1560,2,6,PEUGEOT HORIZON,8,E01031897,0,2
2024010533893,2024,010533893,2,9,0,18,19,5,1,0,0,1,0,7,7,11,1,1,6,6,1,21,5,1598,1,9,PEUGEOT HORIZON,8,E01002193,0,1
2024361460625,2024,361460625,2,9,0,-1,19,8,6,-1,0,2,0,0,1,0,1,1,-1,9,2,77,11,1560,2,9,PEUGEOT HORIZON,7,E01025985,0,5
2024631502855,2024,631502855,2,9,0,-1,19,4,8,-1,0,0,0,0,0,0,1,1,-1,6,1,51,8,1560,2,9,PEUGEOT HORIZON,5,W01000687,0,3
2024302400406,2024,302400406,3,9,0,18,19,6,2,0,0,0,0,0,0,0,0,1,2,2,2,61,9,1498,2,4,PEUGEOT HORIZON,7,E01019513,0,3
2024131535176,2024,131535176,2,9,0,-1,19,1,5,-1,0,2,0,0,0,0,3,2,-1,1,1,53,8,1560,2,6,PEUGEOT HORIZON,1,E01010811,0,1
2024991526937,2024,991526937,1,9,0,-1,14,8,4,-1,0,2,0,0,0,0,1,1,-1,9,1,48,8,1560,2,7,PEUGEOT HORIZON,-1,-1,0,-1
2024161462455,2024,161462455,1,9,0,-1,19,7,3,-1,0,1,0,0,0,0,1,1,-1,9,2,62,9,1560,2,7,PEUGEOT HORIZON,10,E01013152,0,1
2024161415456,2024,161415456,2,8,0,-1,19,6,2,-1,0,1,0,0,0,0,1,9,-1,6,1,-1,-1,1560,2,8,PEUGEOT HORIZON,1,E01012854,0,1
2024231485278,2024,231485278,1,8,0,-1,2,0,0,-1,0,0,0,0,0,0,0,1,-1,1,1,43,7,1560,2,10,PEUGEOT HORIZON,9,E01031227,0,3
2024461521716,2024,461521716,2,19,0,-1,19,5,1,-1,0,1,0,0,0,0,1,1,-1,1,2,60,9,1298,1,19,-1,4,E01020981,0,4
2024421481209,2024,421481209,3,19,0,-1,19,2,5,-1,0,0,0,0,0,0,2,1,-1,9,2,69,10,1298,1,18,-1,6,E01003737,0,4
2024010507357,2024,010507357,4,9,0,3,3,7,3,0,0,1,0,0,0,0,3,2,6,6,1,40,7,2393,1,12,-1,-1,-1,0,-1
2024622400212,2024,622400212,1,5,0,18,19,4,8,0,0,4,0,0,0,0,1,1,6,6,1,25,5,805,1,21,SUZUKI VL 800,1,W01001963,0,3
2024531470167,2024,531470167,3,5,0,-1,19,6,2,-1,0,1,2,11,3,10,1,1,-1,6,1,53,8,805,1,22,SUZUKI VL 800,-1,-1,0,-1
2024501470122,2024,501470122,1,5,0,-1,9,6,4,-1,0,8,0,0,0,0,4,1,-1,2,1,64,9,805,1,21,SUZUKI VL 800,1,E01015144,0,2
2024501438026,2024,501438026,1,5,0,-1,19,4,8,-1,0,2,2,0,0,0,4,1,-1,9,1,40,7,800,1,21,SUZUKI VL 800,3,E01019051,0,4
2024631513524,2024,631513524,1,5,0,-1,19,5,8,-1,0,0,1,11,1,2,1,1,-1,9,1,60,9,805,1,8,SUZUKI VL 800,3,W01000657,0,2
2024201529044,2024,201529044,2,5,0,-1,12,2,8,-1,0,8,0,0,0,0,1,1,-1,1,1,43,7,805,1,17,SUZUKI VL 800,3,E01008945,0,1
2024201452569,2024,201452569,1,5,0,-1,19,2,6,-1,0,0,0,0,0,0,1,1,-1,6,1,-1,-1,805,1,16,SUZUKI VL 800,-1,-1,0,-1
2024332400850,2024,332400850,2,5,0,-1,4,5,1,-1,0,1,0,0,0,0,1,1,-1,9,2,43,7,805,1,23,SUZUKI VL 800,5,E01025824,0,3
202417H100424,2024,17H100424,1,3,0,18,19,5,1,0,0,8,0,0,0,0,1,1,6,6,1,28,6,805,1,17,SUZUKI VL 800,7,E01011959,0,1
2024340WN2352,2024,340WN2352,2,5,0,-1,19,1,5,-1,0,8,0,0,1,0,4,1,-1,9,1,62,9,805,1,8,SUZUKI VL 800,4,E01027130,0,4
2024991401659,2024,991401659,1,11,0,-1,1,5,1,-1,0,0,0,0,0,0,2,1,-1,6,1,68,10,9186,2,10,-1,5,-1,0,1
2024471440645,2024,471440645,2,11,0,-1,19,3,7,-1,0,8,1,0,0,0,1,1,-1,2,1,52,8,9200,2,19,-1,5,E01021000,0,4
2024991425565,2024,991425565,1,9,0,-1,19,8,3,-1,0,0,1,0,1,0,1,1,-1,6,1,39,7,1364,1,15,VAUXHALL MERIVA,7,-1,0,3
2024010532574,2024,010532574,2,9,0,3,3,1,5,0,0,7,0,0,0,0,2,1,6,6,1,55,8,1598,1,16,VAUXHALL MERIVA,-1,-1,0,-1
2024302401014,2024,302401014,2,9,0,3,3,2,6,0,0,1,0,0,0,0,2,1,6,6,2,38,7,1398,1,12,VAUXHALL MERIVA,8,E01019707,0,3
2024520001991,2024,520001991,1,9,0,18,19,4,8,0,0,0,0,0,0,0,1,1,6,6,1,48,8,1364,1,16,VAUXHALL MERIVA,9,E01014387,0,1
2024010513978,2024,010513978,2,9,0,5,5,9,9,99,99,0,9,99,9,99,9,9,6,6,3,-1,-1,1398,1,14,VAUXHALL MERIVA,-1,-1,0,-1
2024211424732,2024,211424732,1,9,0,-1,19,6,3,-1,-1,0,5,0,1,0,4,1,-1,2,1,45,7,1686,2,13,VAUXHALL MERIVA,-1,-1,0,-1
2024401499346,2024,401499346,1,9,0,-1,8,7,1,-1,0,8,0,0,0,0,3,1,-1,2,1,32,6,1598,1,18,VAUXHALL MERIVA,3,E01015783,0,1
2024320697910,2024,320697910,1,9,0,-1,-1,8,4,0,0,0,1,0,1,4,4,1,-1,-1,1,29,6,1598,1,16,VAUXHALL MERIVA,8,E01026322,0,1
2024461432662,2024,461432662,3,9,0,-1,5,8,3,-1,0,8,0,0,0,0,3,9,-1,2,1,64,9,1364,1,14,VAUXHALL MERIVA,2,E01024775,0,2
2024052400718,2024,052400718,1,9,0,18,19,8,4,0,0,6,0,0,0,0,1,1,2,2,1,62,9,1398,1,12,VAUXHALL MERIVA,1,E01034837,0,1
2024351458400,2024,351458400,3,9,0,-1,19,5,1,-1,0,0,0,0,1,0,1,1,-1,2,1,32,6,1686,2,14,VAUXHALL MERIVA,8,E01018274,0,3
2024320298572,2024,320298572,2,9,0,2,2,0,0,0,0,0,0,0,0,0,2,1,-1,-1,2,24,5,1364,1,14,VAUXHALL MERIVA,4,E01026019,0,2
2024501454938,2024,501454938,1,9,0,-1,19,3,7,-1,0,4,0,0,0,0,3,9,-1,1,2,-1,-1,1598,1,18,VAUXHALL MERIVA,1,E01015145,0,1
2024141415173,2024,141415173,1,9,0,-1,19,6,3,-1,0,1,0,0,0,0,4,1,-1,2,2,38,7,1686,2,14,VAUXHALL MERIVA,7,E01007582,0,1
2024421415262,2024,421415262,2,9,0,-1,19,4,8,-1,0,1,0,0,0,0,3,1,-1,9,2,36,7,1686,2,14,VAUXHALL MERIVA,6,E01021980,0,1
2024471500911,2024,471500911,1,9,0,-1,9,8,6,-1,0,8,0,0,0,0,1,1,-1,2,2,50,8,1398,1,12,VAUXHALL MERIVA,8,E01016870,0,1
2024052402747,2024,052402747,3,9,0,2,2,0,0,0,0,0,0,0,0,0,2,1,6,6,3,-1,-1,1398,1,7,VAUXHALL MERIVA,-1,-1,0,-1
2024010544674,2024,010544674,2,9,0,3,3,3,7,0,0,6,0,0,0,0,2,1,6,6,2,32,6,1796,1,15,VAUXHALL MERIVA,3,E01001698,0,1
202460Q032184,2024,60Q032184,2,9,0,18,19,1,5,0,0,1,0,0,0,0,1,1,6,6,2,77,11,1598,2,10,VAUXHALL MERIVA,-1,-1,0,-1
2024061474052,2024,061474052,1,9,0,-1,19,7,3,-1,0,0,2,0,2,0,0,1,-1,6,1,29,6,1364,1,10,VAUXHALL MERIVA,1,E01009342,0,5
2024332400992,2024,332400992,2,9,0,-1,2,0,0,-1,0,0,0,0,0,0,3,1,-1,6,1,58,9,1398,1,10,VAUXHALL MERIVA,3,E01013683,0,1
2024401539767,2024,401539767,1,9,0,-1,19,1,5,-1,0,0,0,0,0,0,1,1,-1,6,1,19,4,1364,1,19,VAUXHALL MERIVA,9,E01017450,0,1
2024131466962,2024,131466962,1,9,0,-1,1,7,3,-1,0,0,0,0,0,0,2,1,-1,6,3,-1,-1,1362,1,11,VAUXHALL MERIVA,-1,-1,0,-1
2024991450106,2024,991450106,3,9,0,-1,2,8,4,-1,0,0,0,0,0,0,4,1,-1,6,-1,-1,-1,1398,1,9,VAUXHALL MERIVA,-1,-1,0,-1
2024622400825,2024,622400825,1,9,0,5,5,8,4,0,0,1,0,0,0,0,4,1,6,6,1,45,7,1398,1,10,VAUXHALL MERIVA,4,W01001168,0,2
2024991495916,2024,991495916,2,9,0,-1,9,7,5,-1,0,0,0,0,0,0,1,1,-1,6,1,45,7,1398,1,8,VAUXHALL MERIVA,6,-1,0,1
2024401411472,2024,401411472,2,9,0,-1,9,1,3,-1,0,1,0,0,0,0,3,1,-1,9,1,60,9,1398,1,8,VAUXHALL MERIVA,5,E01015750,0,1
2024010497284,2024,010497284,1,9,0,18,19,1,5,0,0,8,0,0,0,0,1,1,6,6,1,33,6,1362,1,11,VAUXHALL MERIVA,2,E01000990,0,1
2024522401368,2024,522401368,1,9,0,12,12,4,8,0,0,1,0,0,0,0,1,1,6,6,2,47,8,1398,1,12,VAUXHALL MERIVA,10,E01014853,0,2
2024501427156,2024,501427156,2,9,0,-1,5,7,3,-1,0,2,0,0,0,0,2,2,-1,9,2,46,8,1398,1,9,VAUXHALL MERIVA,3,E01015192,0,1
2024991474900,2024,991474900,2,9,0,-1,13,5,1,-1,0,0,0,0,0,0,1,1,-1,9,2,48,8,1364,1,9,VAUXHALL MERIVA,10,-1,0,1
2024522401253,2024,522401253,1,9,0,18,19,4,8,0,0,1,0,0,0,0,3,1,6,6,1,54,8,1398,1,13,VAUXHALL MERIVA,7,E01014698,0,1
2024430472328,2024,430472328,2,9,0,18,19,6,2,0,0,0,0,0,0,0,2,1,6,6,1,-1,-1,1398,1,11,VAUXHALL MERIVA,-1,-1,0,-1
2024471420421,2024,471420421,2,9,0,-1,19,6,2,-1,0,1,0,0,0,0,1,9,-1,6,2,31,6,1598,1,17,VAUXHALL MERIVA,5,E01031442,0,1
2024440367530,2024,440367530,1,9,0,18,19,6,2,0,0,0,0,0,0,0,1,1,6,6,1,60,9,1364,1,17,VAUXHALL MERIVA,9,E01023060,0,1
2024461417071,2024,461417071,1,9,0,-1,19,-1,-1,-1,0,0,0,0,0,0,1,9,-1,6,1,50,8,1364,1,10,VAUXHALL MERIVA,5,E01024254,0,1
2024161433193,2024,161433193,1,9,0,-1,5,3,7,-1,0,2,0,0,0,0,1,1,-1,9,1,73,10,1686,2,13,VAUXHALL MERIVA,7,E01012792,0,1
2024211451726,2024,211451726,2,9,5,-1,2,0,0,-1,0,2,0,0,0,0,3,9,-1,6,1,36,7,1364,1,11,VAUXHALL MERIVA,1,E01014229,0,1
2024411441201,2024,411441201,1,9,0,-1,13,5,1,-1,0,0,0,0,0,0,4,1,-1,2,2,40,7,1686,2,13,VAUXHALL MERIVA,7,E01033962,0,4
2024122500176,2024,122500176,2,9,0,2,2,0,0,0,0,0,0,0,0,0,2,1,6,6,2,73,10,1598,1,20,VAUXHALL MERIVA,5,E01027916,0,1
2024501396980,2024,501396980,2,9,0,-1,19,4,8,-1,0,8,0,0,0,0,4,1,-1,1,1,47,8,1398,1,13,VAUXHALL MERIVA,2,E01015182,0,1
202417L311724,2024,17L311724,1,9,0,-1,19,1,5,-1,0,0,0,0,0,0,1,1,-1,9,2,35,6,1364,1,14,VAUXHALL MERIVA,4,E01012144,0,1
2024311411020,2024,311411020,1,9,0,-1,19,5,2,-1,0,0,0,11,0,0,1,1,-1,6,2,76,11,1364,1,10,VAUXHALL MERIVA,8,E01028032,0,1
2024111419963,2024,111419963,1,9,0,-1,12,1,5,-1,0,0,1,11,0,0,3,1,-1,9,1,51,8,1598,1,15,VAUXHALL MERIVA,1,E01020759,0,1
2024622400330,2024,622400330,2,9,0,2,2,0,0,0,0,0,0,0,0,0,1,1,6,6,3,-1,-1,1598,1,16,VAUXHALL MERIVA,-1,-1,0,-1
2024522401944,2024,522401944,2,9,0,2,2,0,0,6,6,0,0,0,0,0,3,1,6,6,2,74,10,1598,1,17,VAUXHALL MERIVA,5,E01014500,0,3
2024421450036,2024,421450036,2,9,0,-1,19,1,5,-1,0,8,0,0,0,0,1,1,-1,9,2,53,8,1398,1,13,VAUXHALL MERIVA,5,E01015874,0,3
2024320310645,2024,320310645,3,9,0,-1,-1,8,4,0,0,0,0,0,1,9,1,1,6,6,2,32,6,1398,1,10,VAUXHALL MERIVA,7,E01015808,0,5
2024201460759,2024,201460759,1,9,0,-1,5,7,3,-1,0,8,0,0,0,0,3,1,-1,9,2,77,11,1398,1,12,VAUXHALL MERIVA,5,E01010339,0,1
2024522401581,2024,522401581,1,9,0,18,19,2,6,0,0,8,0,0,0,0,1,1,6,6,1,66,10,1598,1,18,VAUXHALL MERIVA,7,E01015009,0,2
2024552401485,2024,552401485,2,9,0,3,3,4,8,0,0,0,0,0,0,0,2,1,6,6,2,65,9,1686,2,13,VAUXHALL MERIVA,2,E01015304,0,1
2024052400878,2024,052400878,1,9,0,9,9,1,5,0,0,8,0,0,0,0,4,1,6,6,2,35,6,1398,1,10,VAUXHALL MERIVA,6,E01006891,0,2
2024201450244,2024,201450244,1,9,0,-1,1,2,6,-1,9,1,0,0,0,0,2,1,-1,6,1,33,6,1398,1,10,VAUXHALL MERIVA,2,E01010087,0,1
2024552500120,2024,552500120,1,9,0,7,7,5,7,0,0,8,0,0,0,0,4,1,6,6,2,58,9,1398,1,10,VAUXHALL MERIVA,7,E01015428,0,1
2024991521649,2024,991521649,1,9,0,-1,19,4,8,-1,0,0,1,0,0,0,1,1,-1,9,1,65,9,1686,2,15,VAUXHALL MERIVA,8,-1,0,1
2024201484641,2024,201484641,1,9,0,-1,9,5,3,-1,0,5,0,0,0,0,1,9,-1,9,1,-1,-1,1364,1,12,VAUXHALL MERIVA,-1,-1,0,-1
2024010540194,2024,010540194,1,9,3,14,14,5,1,0,0,0,0,0,0,0,1,1,2,2,2,52,8,1398,1,8,VAUXHALL MERIVA,2,E01001364,0,2
2024221409468,2024,221409468,1,9,0,-1,19,1,5,-1,0,0,0,0,0,0,4,9,-1,6,1,88,11,1398,1,13,VAUXHALL MERIVA,7,E01032327,0,1
2024302401493,2024,302401493,1,9,0,9,9,6,4,0,0,5,0,0,0,0,1,1,6,6,2,79,11,1364,1,8,VAUXHALL MERIVA,8,E01019467,0,1
2024302400315,2024,302400315,1,9,0,18,19,8,4,0,0,2,0,0,0,0,1,1,6,6,1,-1,-1,1598,1,16,VAUXHALL MERIVA,-1,-1,0,-1
2024221449818,2024,221449818,2,9,0,-1,19,4,8,-1,0,8,0,0,0,0,1,9,-1,6,2,53,8,1398,1,10,VAUXHALL MERIVA,8,E01033528,0,1
2024471449127,2024,471449127,1,9,0,-1,3,4,1,-1,0,8,0,0,0,0,4,1,-1,9,2,48,8,1686,2,13,VAUXHALL MERIVA,1,E01016864,0,1
2024211498577,2024,211498577,2,9,0,-1,5,7,3,-1,0,2,0,0,0,0,1,1,-1,6,1,78,11,1598,1,18,VAUXHALL MERIVA,8,E01029639,0,1
2024501433892,2024,501433892,2,9,0,-1,19,2,6,-1,0,1,0,0,1,0,1,1,-1,9,1,62,9,1598,1,16,VAUXHALL MERIVA,7,E01018816,0,2
2024371405056,2024,371405056,1,9,0,-1,19,6,2,-1,0,0,1,0,8,0,3,9,-1,6,1,44,7,1398,1,7,VAUXHALL MERIVA,9,E01030148,0,1
2024052401309,2024,052401309,1,9,0,18,19,1,5,0,0,0,0,0,0,0,1,1,6,6,2,45,7,1686,2,13,VAUXHALL MERIVA,1,E01006432,0,1
2024010538956,2024,010538956,1,9,9,99,99,9,9,99,99,0,9,99,9,99,9,9,6,6,1,35,6,1364,1,14,VAUXHALL MERIVA,2,E01002829,0,1
2024311478522,2024,311478522,2,9,0,-1,2,0,0,-1,0,0,0,0,0,0,2,1,-1,6,-1,-1,-1,1686,2,13,VAUXHALL MERIVA,-1,-1,0,-1
2024421421742,2024,421421742,2,9,0,-1,19,3,7,-1,0,8,0,0,0,0,1,1,-1,9,2,69,10,1364,1,17,VAUXHALL MERIVA,9,E01022099,0,2
2024010524877,2024,010524877,3,9,0,2,2,0,0,0,0,0,0,4,0,0,4,1,6,6,3,-1,-1,1364,1,14,VAUXHALL MERIVA,-1,-1,0,-1
2024501442962,2024,501442962,1,9,0,-1,19,1,5,-1,0,1,0,0,0,0,3,1,-1,6,2,26,6,1686,2,12,VAUXHALL MERIVA,6,E01034626,0,1
2024501474902,2024,501474902,1,9,0,-1,19,4,6,-1,0,0,0,0,0,0,1,1,-1,2,1,51,8,1364,1,19,VAUXHALL MERIVA,1,E01015083,0,1
2024332401141,2024,332401141,2,9,0,-1,19,7,3,-1,0,8,0,0,0,0,4,1,-1,6,2,52,8,1364,1,13,VAUXHALL MERIVA,8,E01025775,0,2
2024440556071,2024,440556071,2,9,0,18,19,5,1,0,0,1,0,0,1,11,3,1,6,6,2,32,6,1598,1,19,VAUXHALL MERIVA,4,E01017192,0,1
2024010528978,2024,010528978,2,9,9,18,19,9,9,99,99,1,9,99,9,99,9,9,6,6,3,-1,-1,1364,1,8,VAUXHALL MERIVA,-1,-1,0,-1
2024311500909,2024,311500909,1,9,0,-1,7,8,2,-1,0,1,0,0,0,0,4,1,-1,9,2,-1,-1,1398,1,10,VAUXHALL MERIVA,-1,-1,0,-1
2024552401101,2024,552401101,1,9,0,13,13,2,6,0,0,0,0,0,0,0,4,1,6,6,1,24,5,1398,1,10,VAUXHALL MERIVA,6,E01020453,0,4
2024010550961,2024,010550961,2,9,0,18,19,7,3,0,0,1,0,0,0,0,2,1,6,6,2,34,6,1598,1,18,VAUXHALL MERIVA,-1,-1,0,-1
2024320683641,2024,320683641,2,9,0,-1,-1,8,4,0,0,8,0,0,0,0,3,1,-1,-1,2,66,10,1364,1,18,VAUXHALL MERIVA,5,E01026276,0,2
2024471496371,2024,471496371,1,9,0,-1,19,5,1,-1,0,1,0,0,0,0,4,1,-1,2,2,39,7,1686,2,13,VAUXHALL MERIVA,8,E01031766,0,2
2024070345844,2024,070345844,2,9,0,5,5,1,7,0,0,1,0,0,0,0,3,1,6,6,1,83,11,1398,1,13,VAUXHALL MERIVA,5,E01018579,0,1
2024631460819,2024,631460819,1,9,0,-1,19,2,5,-1,0,0,0,0,0,0,1,1,-1,9,2,72,10,1364,1,16,VAUXHALL MERIVA,6,W01000643,0,1
2024461501402,2024,461501402,1,9,0,-1,19,3,7,-1,0,0,0,0,0,0,1,9,-1,6,2,41,7,1398,1,10,VAUXHALL MERIVA,5,E01016125,0,1
2024010533050,2024,010533050,1,9,0,9,9,1,7,0,0,5,0,0,0,0,1,1,6,6,1,73,10,1398,1,10,VAUXHALL MERIVA,4,E01003388,0,1
2024461407466,2024,461407466,2,9,0,-1,19,5,1,-1,0,0,0,0,0,0,3,9,-1,2,2,23,5,1598,1,17,VAUXHALL MERIVA,1,E01035301,0,4
202460Q140213,2024,60Q140213,3,9,0,4,4,3,7,0,0,0,0,0,0,0,2,1,6,6,2,44,7,1686,2,13,VAUXHALL MERIVA,-1,-1,0,-1
2024071054597,2024,071054597,1,9,0,-1,9,2,6,-1,0,1,0,0,0,0,3,1,-1,9,2,74,10,1398,1,8,VAUXHALL MERIVA,10,E01012487,0,1
2024052400309,2024,052400309,1,9,0,9,9,1,5,0,0,8,0,0,0,0,1,1,2,2,1,54,8,1598,1,20,VAUXHALL MERIVA,1,E01007005,0,1
2024461458560,2024,461458560,1,9,0,-1,19,3,7,-1,0,2,0,0,0,0,1,1,-1,9,1,35,6,1364,1,18,VAUXHALL MERIVA,2,E01024664,0,1
2024052400898,2024,052400898,2,9,0,18,19,3,7,0,0,8,5,0,0,0,3,1,1,1,1,33,6,1598,1,17,VAUXHALL MERIVA,2,E01007249,0,2
2024041428054,2024,041428054,1,9,0,-1,7,5,1,-1,0,6,0,0,0,0,3,1,-1,9,2,51,8,1398,1,13,VAUXHALL MERIVA,7,E01025400,0,2
2024010522539,2024,010522539,2,9,0,18,19,5,1,0,0,8,0,0,0,0,1,1,3,7,2,41,7,1398,1,12,VAUXHALL MERIVA,2,E01000027,0,1
2024101488981,2024,101488981,2,9,0,-1,4,6,3,-1,0,0,0,0,0,0,2,1,-1,9,1,65,9,1398,1,8,VAUXHALL MERIVA,4,E01027445,0,1
2024010526031,2024,010526031,1,9,0,1,1,1,5,0,0,1,0,0,0,0,2,1,6,6,1,24,5,1364,1,17,VAUXHALL MERIVA,-1,-1,0,-1
2024320501868,2024,320501868,2,9,0,4,4,2,6,0,0,0,0,0,0,0,2,1,-1,-1,2,31,6,1398,1,12,VAUXHALL MERIVA,8,E01032991,0,1
2024430282059,2024,430282059,2,9,0,9,9,2,1,0,0,5,1,0,0,0,1,1,6,6,1,55,8,1398,1,11,VAUXHALL MERIVA,-1,-1,0,-1
2024010538426,2024,010538426,1,9,0,9,9,4,1,0,0,6,0,0,0,0,4,1,2,2,1,47,8,1598,1,14,VAUXHALL MERIVA,3,E01003930,0,3
2024991450457,2024,991450457,1,9,0,-1,19,1,5,-1,0,6,0,0,0,0,4,1,-1,6,2,48,8,1686,2,13,VAUXHALL MERIVA,4,-1,0,1
2024311507759,2024,311507759,1,9,0,-1,9,5,2,-1,0,5,0,0,0,0,1,1,-1,6,1,56,9,1598,1,17,VAUXHALL MERIVA,3,E01013930,0,1
2024201523820,2024,201523820,1,9,0,-1,19,7,3,-1,0,6,0,0,0,0,1,1,-1,6,-1,-1,-1,1398,1,14,VAUXHALL MERIVA,-1,-1,0,-1
2024522401308,2024,522401308,1,9,0,16,19,6,8,0,0,0,1,0,1,10,3,1,6,6,1,62,9,1686,2,13,VAUXHALL MERIVA,7,E01023080,0,4
2024631469311,2024,631469311,1,9,0,-1,12,2,6,-1,0,0,5,0,7,10,1,1,-1,9,1,66,10,1686,2,11,VAUXHALL MERIVA,4,E01028978,0,2
2024231523246,2024,231523246,1,9,0,-1,5,6,8,-1,9,6,0,0,0,0,1,9,-1,6,1,25,5,1686,2,13,VAUXHALL MERIVA,-1,-1,0,-1
2024531477712,2024,531477712,1,9,0,-1,19,7,3,-1,0,0,0,0,1,3,1,1,-1,2,1,45,7,1686,2,19,VAUXHALL MERIVA,9,E01031939,0,4
2024351430013,2024,351430013,1,9,0,-1,9,6,4,-1,0,0,0,0,0,0,1,1,-1,6,1,30,6,1364,1,13,VAUXHALL MERIVA,4,E01017945,0,1