collision_index,collision_year,collision_ref_no,vehicle_reference,vehicle_type,towing_and_articulation,vehicle_manoeuvre_historic,vehicle_manoeuvre,vehicle_direction_from,vehicle_direction_to,vehicle_location_restricted_lane_historic,vehicle_location_restricted_lane,junction_location,skidding_and_overturning,hit_object_in_carriageway,vehicle_leaving_carriageway,hit_object_off_carriageway,first_point_of_impact,vehicle_left_hand_drive,journey_purpose_of_driver_historic,journey_purpose_of_driver,sex_of_driver,age_of_driver,age_band_of_driver,engine_capacity_cc,propulsion_code,age_of_vehicle,generic_make_model,driver_imd_decile,lsoa_of_driver,escooter_flag,driver_distance_banding
2024991525587,2024,991525587,1,9,0,-1,9,1,7,-1,0,8,0,0,0,0,4,1,-1,9,1,60,9,1398,1,14,VAUXHALL MERIVA,2,-1,0,1
2024201454307,2024,201454307,2,9,0,-1,19,4,3,-1,0,0,0,0,0,0,2,1,-1,1,1,34,6,1398,1,12,VAUXHALL MERIVA,1,E01034747,0,1
2024610037424,2024,610037424,2,9,0,18,19,8,4,0,0,1,0,0,0,0,1,1,6,6,1,25,5,1686,2,18,VAUXHALL MERIVA,4,W01001229,0,3
2024522402004,2024,522402004,1,9,0,18,19,2,6,0,0,0,5,10,0,0,1,1,6,6,1,81,11,1362,1,11,VAUXHALL MERIVA,3,E01014501,0,1
2024131481883,2024,131481883,1,9,0,-1,2,1,5,-1,0,8,0,0,0,0,2,1,-1,9,1,55,8,1598,1,17,VAUXHALL MERIVA,1,E01011750,0,1
2024361524983,2024,361524983,2,9,0,-1,19,3,7,-1,0,0,0,0,0,0,1,1,-1,9,2,82,11,1686,2,13,VAUXHALL MERIVA,6,E01026757,0,2
2024552500212,2024,552500212,1,9,0,9,9,8,5,0,0,5,0,0,0,0,1,1,6,6,2,37,7,1248,2,18,VAUXHALL MERIVA,5,E01015334,0,1
2024520402536,2024,520402536,1,9,0,9,9,5,3,0,0,1,0,0,0,0,3,1,6,6,3,-1,-1,1598,1,19,VAUXHALL MERIVA,-1,-1,0,-1
2024522402332,2024,522402332,2,9,0,18,19,1,5,0,0,8,0,0,0,0,1,1,6,6,1,85,11,1598,1,18,VAUXHALL MERIVA,4,E01014576,0,1
2024211497785,2024,211497785,2,9,0,-1,19,3,7,-1,0,0,0,0,0,0,2,1,-1,9,2,27,6,1364,1,11,VAUXHALL MERIVA,5,E01029726,0,1
2024371517845,2024,371517845,1,9,0,-1,19,2,8,-1,0,8,0,0,0,0,1,1,-1,2,1,46,8,1364,1,14,VAUXHALL MERIVA,6,E01030027,0,1
2024411404325,2024,411404325,2,9,0,-1,19,3,7,-1,0,3,0,0,0,0,1,9,-1,1,1,66,10,1364,1,16,VAUXHALL MERIVA,5,E01023529,0,3
2024311485862,2024,311485862,1,9,0,-1,10,1,7,-1,0,1,0,0,0,0,3,1,-1,6,1,52,8,1398,1,12,VAUXHALL MERIVA,5,E01013595,0,3
2024610054424,2024,610054424,2,9,0,18,19,2,6,0,0,0,0,0,0,0,2,1,6,6,2,29,6,1598,1,18,VAUXHALL MERIVA,4,W01001445,0,3
202460Q093019,2024,60Q093019,1,9,0,7,7,1,5,0,0,8,0,0,0,0,1,1,1,1,1,38,7,1598,2,7,VAUXHALL MERIVA,-1,-1,0,-1
2024522401463,2024,522401463,2,9,0,18,19,7,3,0,0,0,0,0,0,0,1,1,6,6,3,-1,-1,1398,1,7,VAUXHALL MERIVA,-1,-1,0,-1
2024161507085,2024,161507085,1,9,9,-1,99,-1,-1,-1,99,0,9,99,9,0,9,9,-1,6,2,57,9,1364,1,17,VAUXHALL MERIVA,1,E01013140,0,1
2024031426337,2024,031426337,1,9,0,-1,6,7,3,-1,0,0,0,0,0,0,3,1,-1,2,1,62,9,1686,2,13,VAUXHALL MERIVA,1,E01019143,0,4
2024201441758,2024,201441758,1,9,0,-1,19,7,3,-1,0,0,0,4,0,0,1,9,-1,6,2,24,5,1398,1,11,VAUXHALL MERIVA,1,E01009564,0,1
2024041420666,2024,041420666,1,9,0,-1,19,5,1,-1,0,4,0,0,0,0,1,1,-1,6,2,49,8,1364,1,15,VAUXHALL MERIVA,7,E01024999,0,1
2024302400573,2024,302400573,2,9,0,4,4,1,5,0,0,0,0,0,0,0,2,1,6,6,1,57,9,1686,2,13,VAUXHALL MERIVA,1,E01019650,0,3
2024161490714,2024,161490714,2,9,0,-1,7,1,4,-1,0,6,0,0,0,0,3,1,-1,6,2,-1,-1,1398,1,9,VAUXHALL MERIVA,1,E01012846,0,2
2024320340978,2024,320340978,1,9,0,3,3,1,5,0,0,2,0,0,0,0,2,1,-1,-1,2,46,8,1398,1,8,VAUXHALL MERIVA,-1,-1,0,-1
2024461532666,2024,461532666,1,9,0,-1,7,5,7,-1,0,3,0,0,0,0,1,9,-1,6,1,81,11,1398,1,9,VAUXHALL MERIVA,2,E01024155,0,1
2024471457141,2024,471457141,1,9,0,-1,5,6,8,-1,0,4,0,0,0,0,1,1,-1,6,3,-1,-1,1598,1,18,VAUXHALL MERIVA,-1,-1,0,-1
2024421432555,2024,421432555,2,9,0,-1,9,2,7,-1,0,1,0,0,0,0,3,1,-1,9,1,42,7,1398,1,12,VAUXHALL MERIVA,9,E01022083,0,1
2024522402267,2024,522402267,1,9,0,3,3,2,4,0,0,4,0,0,0,0,2,1,6,6,1,35,6,1686,2,13,VAUXHALL MERIVA,8,E01032672,0,1
2024401534026,2024,401534026,1,9,0,-1,-1,-1,-1,-1,-1,-1,-1,-1,-1,0,1,1,-1,6,1,72,10,1598,1,15,VAUXHALL MERIVA,7,E01017410,0,2
2024131396073,2024,131396073,1,9,0,-1,15,-1,-1,-1,0,1,-1,4,-1,-1,-1,1,-1,6,3,30,6,1398,1,13,VAUXHALL MERIVA,-1,-1,0,-1
2024101535395,2024,101535395,2,9,0,-1,19,6,2,-1,0,8,0,0,0,0,2,1,-1,6,2,37,7,1364,1,10,VAUXHALL MERIVA,8,E01027489,0,1
2024531475656,2024,531475656,1,9,0,-1,19,5,1,-1,0,0,0,0,0,0,4,1,-1,9,1,64,9,1686,2,14,VAUXHALL MERIVA,1,E01022333,0,1
2024231506415,2024,231506415,2,9,0,-1,3,4,8,-1,0,0,0,0,0,0,2,9,-1,6,1,49,8,1686,2,11,VAUXHALL MERIVA,5,E01025818,0,1
2024340WN5692,2024,340WN5692,2,9,0,-1,19,7,3,-1,0,1,0,0,0,0,1,1,-1,6,2,52,8,1398,1,10,VAUXHALL MERIVA,8,E01027022,0,1
2024351403835,2024,351403835,1,9,0,-1,19,7,3,-1,0,1,0,0,1,4,1,1,-1,1,2,40,7,1686,2,13,VAUXHALL MERIVA,4,E01018146,0,4
2024010507601,2024,010507601,1,9,0,9,9,4,3,0,0,1,0,0,0,0,4,1,6,6,2,67,10,1364,1,10,VAUXHALL MERIVA,3,E01001166,0,1
2024201522151,2024,201522151,2,9,0,-1,19,-1,-1,-1,0,0,0,0,0,0,4,9,-1,6,3,-1,-1,1398,1,7,VAUXHALL MERIVA,-1,-1,0,-1
2024471531498,2024,471531498,2,9,0,-1,19,7,3,-1,0,1,0,0,0,0,1,1,-1,9,1,39,7,1686,2,13,VAUXHALL MERIVA,2,E01016941,0,1
2024471528971,2024,471528971,1,9,0,-1,19,5,1,-1,0,1,0,0,0,0,1,1,-1,9,2,53,8,1364,1,15,VAUXHALL MERIVA,3,E01021017,0,1
2024010536205,2024,010536205,2,9,0,7,7,7,2,0,0,6,0,0,0,0,1,1,6,6,2,44,7,1598,1,17,VAUXHALL MERIVA,5,E01002479,0,1
2024421425989,2024,421425989,4,9,0,-1,2,0,0,-1,9,0,0,4,0,0,2,1,-1,6,-1,-1,-1,1686,2,11,VAUXHALL MERIVA,-1,-1,0,-1
2024520500030,2024,520500030,1,9,0,10,10,5,3,0,0,8,0,0,0,0,2,1,6,6,1,55,8,1398,1,8,VAUXHALL MERIVA,1,E01029292,0,2
2024061451697,2024,061451697,2,9,0,-1,19,-1,-1,-1,0,8,9,0,0,0,4,1,-1,6,1,-1,-1,1364,1,17,VAUXHALL MERIVA,6,E01028013,0,4
2024141412998,2024,141412998,1,9,0,-1,9,6,3,-1,0,5,0,0,0,0,1,9,-1,6,3,-1,-1,1398,1,13,VAUXHALL MERIVA,-1,-1,0,-1
2024461521869,2024,461521869,1,9,0,-1,19,7,3,-1,0,0,0,0,0,0,1,1,-1,9,2,41,7,1686,2,12,VAUXHALL MERIVA,5,E01024095,0,2
2024221433772,2024,221433772,1,9,0,-1,9,3,1,-1,0,6,0,0,0,0,1,1,-1,6,2,27,6,1398,1,12,VAUXHALL MERIVA,4,E01032370,0,1
2024010502001,2024,010502001,1,9,0,18,19,5,1,0,0,8,0,0,0,0,1,1,6,6,1,57,9,1398,1,9,VAUXHALL MERIVA,7,E01000585,0,3
2024461516532,2024,461516532,1,9,0,-1,3,7,3,-1,0,6,0,0,0,0,2,1,-1,6,1,38,7,1598,1,16,VAUXHALL MERIVA,1,E01016111,0,1
2024440025877,2024,440025877,1,9,0,18,19,4,8,0,0,1,0,0,0,0,1,1,6,6,2,33,6,1398,1,8,VAUXHALL MERIVA,3,E01034064,0,1
2024461422495,2024,461422495,5,9,0,-1,19,4,8,-1,0,0,0,0,0,0,2,1,-1,9,2,21,5,1398,1,13,VAUXHALL MERIVA,7,E01032737,0,2
2024010511935,2024,010511935,1,9,9,18,19,3,7,99,99,9,9,0,0,0,0,9,6,6,1,56,9,1364,1,18,VAUXHALL MERIVA,6,E01003843,0,1
2024052401151,2024,052401151,2,9,0,18,19,3,7,0,0,8,0,0,0,0,3,1,6,6,1,79,11,1398,1,11,VAUXHALL MERIVA,6,E01007247,0,1
2024440014319,2024,440014319,1,9,0,3,3,5,1,0,0,1,0,0,0,0,2,1,6,6,1,40,7,1686,2,13,VAUXHALL MERIVA,4,E01032858,0,1
2024221449530,2024,221449530,2,9,0,-1,6,1,1,-1,0,8,0,0,0,0,3,9,-1,9,2,34,6,1398,1,13,VAUXHALL MERIVA,1,E01014127,0,2
2024552400493,2024,552400493,2,9,0,9,9,5,3,0,0,8,0,0,0,0,4,1,6,6,1,60,9,1364,1,10,VAUXHALL MERIVA,9,E01015412,0,1
2024991434812,2024,991434812,1,9,0,-1,9,8,6,-1,0,1,0,0,0,0,3,1,-1,6,2,64,9,1398,1,7,VAUXHALL MERIVA,3,-1,0,2
2024302400648,2024,302400648,2,9,0,4,4,7,2,0,0,1,0,0,0,0,2,1,6,6,2,64,9,1364,1,11,VAUXHALL MERIVA,1,E01013533,0,1
202460Q122816,2024,60Q122816,1,9,0,9,9,7,3,0,0,1,0,0,0,0,1,1,6,6,1,73,10,1364,1,13,VAUXHALL MERIVA,-1,-1,0,-1
2024440463922,2024,440463922,1,9,0,4,4,3,7,0,0,0,0,0,0,0,2,1,6,6,1,26,6,1398,1,12,VAUXHALL MERIVA,9,E01022788,0,1
2024101516498,2024,101516498,2,9,0,-1,7,2,4,-1,0,0,0,0,0,0,2,1,-1,2,2,37,7,1686,2,18,VAUXHALL MERIVA,-1,-1,0,-1
2024421531169,2024,421531169,1,9,0,-1,5,6,2,-1,0,0,0,0,0,0,4,1,-1,6,1,37,7,1398,1,10,VAUXHALL MERIVA,6,E01024530,0,4
2024010511939,2024,010511939,1,9,0,3,3,1,5,0,0,0,0,0,0,0,2,1,6,6,1,47,8,1398,1,10,VAUXHALL MERIVA,6,E01003770,0,1
2024520402918,2024,520402918,1,9,0,11,11,2,8,0,0,8,0,0,0,0,1,1,6,6,2,41,7,1398,1,11,VAUXHALL MERIVA,8,E01035119,0,1
2024351544974,2024,351544974,1,9,0,-1,5,5,8,-1,0,4,0,0,0,0,1,1,-1,6,2,80,11,1362,1,11,VAUXHALL MERIVA,6,E01018297,0,1
2024161473357,2024,161473357,1,9,0,-1,9,2,8,-1,0,5,0,0,0,0,2,9,-1,1,2,62,9,1398,1,13,VAUXHALL MERIVA,7,E01012815,0,1
2024201456026,2024,201456026,1,9,0,-1,19,5,7,-1,0,8,0,10,1,0,4,9,-1,6,3,-1,-1,1364,1,9,VAUXHALL MERIVA,-1,-1,0,-1
2024440461041,2024,440461041,2,9,0,4,4,5,1,0,0,1,0,0,0,0,1,1,6,6,1,-1,-1,1364,1,14,VAUXHALL MERIVA,-1,-1,0,-1
2024552400084,2024,552400084,2,9,0,18,19,4,8,0,0,0,0,0,0,0,1,1,6,6,2,43,7,1398,1,12,VAUXHALL MERIVA,5,E01015375,0,1
2024101419898,2024,101419898,2,9,0,-1,10,1,5,-1,0,5,0,0,0,0,2,1,-1,9,1,65,9,1398,1,12,VAUXHALL MERIVA,2,E01008819,0,1
2024061509177,2024,061509177,1,9,0,-1,19,6,2,-1,0,2,0,0,0,0,1,1,-1,6,1,53,8,1398,1,13,VAUXHALL MERIVA,1,E01032558,0,1
2024010518380,2024,010518380,1,9,0,1,1,5,3,5,5,5,0,0,1,0,2,1,6,6,1,65,9,1364,1,14,VAUXHALL MERIVA,3,E01004436,0,3
2024041432673,2024,041432673,1,9,0,-1,19,5,1,-1,0,1,0,0,0,0,1,1,-1,9,2,54,8,1364,1,11,VAUXHALL MERIVA,1,E01025084,0,1
2024061434532,2024,061434532,2,9,0,-1,19,7,3,-1,0,8,0,0,0,0,1,1,-1,9,1,50,8,1686,2,11,VAUXHALL MERIVA,8,E01011716,0,4
2024991494209,2024,991494209,2,9,0,-1,19,8,5,-1,0,0,0,0,0,0,1,1,-1,6,2,38,7,1398,1,11,VAUXHALL MERIVA,-1,-1,0,-1
2024311497524,2024,311497524,2,9,0,-1,19,1,5,-1,0,1,0,0,0,0,1,2,-1,6,2,44,7,1398,1,13,VAUXHALL MERIVA,-1,-1,0,-1
2024122400848,2024,122400848,1,9,0,18,19,1,6,0,0,8,0,0,0,0,1,1,6,6,2,87,11,1398,1,9,VAUXHALL MERIVA,6,E01027692,0,1
2024501464270,2024,501464270,3,9,0,-1,5,7,3,-1,0,8,0,0,0,0,1,1,-1,6,1,29,6,1398,1,13,VAUXHALL MERIVA,5,E01019436,0,5
2024201495494,2024,201495494,1,9,0,-1,2,0,0,-1,0,0,0,0,0,0,2,1,-1,6,1,33,6,1796,1,19,VAUXHALL MERIVA,-1,-1,0,-1
2024622400096,2024,622400096,1,9,0,18,19,2,6,0,0,0,0,4,0,0,1,1,6,6,1,86,11,1398,1,14,VAUXHALL MERIVA,10,W01000860,0,1
2024471485769,2024,471485769,2,9,0,-1,20,6,2,-1,0,0,0,0,0,0,2,1,-1,9,2,65,9,1364,1,8,VAUXHALL MERIVA,3,E01021017,0,1
2024351401966,2024,351401966,1,9,0,-1,19,1,5,-1,-1,0,0,0,1,0,1,1,-1,6,1,74,10,1598,1,16,VAUXHALL MERIVA,6,E01026257,0,2
2024010540968,2024,010540968,2,9,0,99,99,9,9,99,99,9,9,99,9,99,1,9,6,6,3,-1,-1,1364,1,13,VAUXHALL MERIVA,-1,-1,0,-1
2024552401340,2024,552401340,1,9,0,18,19,6,2,0,0,0,5,0,1,10,1,1,1,1,1,17,4,1364,1,17,VAUXHALL MERIVA,7,E01020430,0,1
2024461495429,2024,461495429,1,9,0,-1,19,1,3,-1,5,0,0,0,7,0,4,1,-1,9,2,34,6,1686,2,12,VAUXHALL MERIVA,4,E01024226,0,2
2024371486382,2024,371486382,1,9,0,-1,19,5,1,-1,0,0,0,0,0,0,1,1,-1,6,1,38,7,1686,2,18,VAUXHALL MERIVA,9,E01030033,0,1
2024010508399,2024,010508399,1,9,0,9,9,5,3,0,0,8,0,0,0,0,1,1,1,1,1,43,7,1598,1,18,VAUXHALL MERIVA,2,E01002087,0,1
2024421485430,2024,421485430,3,9,0,-1,4,3,7,-1,0,1,0,0,0,0,2,1,-1,9,2,71,10,1686,2,13,VAUXHALL MERIVA,2,E01022055,0,2
2024421480073,2024,421480073,3,9,0,-1,2,0,0,-1,9,0,0,0,0,0,4,1,-1,6,-1,-1,-1,1686,2,13,VAUXHALL MERIVA,-1,-1,0,-1
2024622400195,2024,622400195,1,9,0,18,19,5,2,0,0,1,0,0,0,0,4,1,3,7,1,38,7,1364,1,9,VAUXHALL MERIVA,9,W01002036,0,1
2024430183033,2024,430183033,2,9,0,10,10,5,1,0,0,1,0,0,0,0,2,1,6,6,2,36,7,1398,1,8,VAUXHALL MERIVA,10,E01028820,0,1
2024430183855,2024,430183855,1,9,0,13,13,6,2,0,0,2,0,0,0,0,4,1,6,6,2,83,11,1398,1,14,VAUXHALL MERIVA,8,E01028614,0,1
2024211490587,2024,211490587,1,9,0,-1,1,5,1,-1,0,1,0,0,0,0,3,9,-1,9,2,50,8,1686,2,12,VAUXHALL MERIVA,4,E01029812,0,1
2024302400325,2024,302400325,1,9,0,18,19,1,5,0,0,0,0,0,0,0,0,1,6,6,1,73,10,1398,1,12,VAUXHALL MERIVA,2,E01019507,0,1
2024371412808,2024,371412808,1,9,0,-1,19,8,4,-1,0,0,0,0,0,0,1,1,-1,6,1,19,4,1398,1,13,VAUXHALL MERIVA,3,E01004365,0,4
2024141501843,2024,141501843,1,9,0,-1,19,6,2,-1,0,8,0,0,7,0,1,1,-1,9,1,27,6,1686,2,13,VAUXHALL MERIVA,5,E01007644,0,1
2024622400674,2024,622400674,1,9,0,17,19,7,5,0,0,8,0,0,1,7,1,1,6,6,1,81,11,1364,1,19,VAUXHALL MERIVA,7,W01001226,0,1
2024061522365,2024,061522365,1,9,0,-1,19,5,1,-1,0,0,0,0,0,0,1,9,-1,2,1,53,8,1598,1,19,VAUXHALL MERIVA,1,E01006248,0,1
2024320462881,2024,320462881,1,9,0,-1,-1,2,6,0,0,8,0,10,7,1,1,1,6,6,1,19,4,1398,1,13,VAUXHALL MERIVA,-1,-1,0,-1
2024440495127,2024,440495127,1,9,0,18,19,8,4,0,0,0,0,0,0,0,1,1,6,6,2,33,6,1686,2,13,VAUXHALL MERIVA,1,E01022905,0,1
2024440463251,2024,440463251,1,9,0,5,5,1,7,9,9,2,1,7,1,11,1,1,6,6,2,86,11,1598,1,20,VAUXHALL MERIVA,5,E01023258,0,1
2024631445263,2024,631445263,2,9,0,-1,19,2,7,-1,0,8,0,0,7,10,1,1,-1,9,2,76,11,1364,1,7,VAUXHALL MERIVA,7,W01000579,0,1
2024302400484,2024,302400484,2,9,0,18,19,2,6,0,0,0,0,0,0,0,4,1,6,6,2,30,6,1398,1,9,VAUXHALL MERIVA,6,E01019585,0,2
202454C986624,2024,54C986624,2,9,0,18,19,6,2,0,0,0,0,0,0,0,1,1,6,6,2,46,8,1364,1,12,VAUXHALL MERIVA,9,E01028600,0,4
2024010528147,2024,010528147,2,9,0,99,99,9,9,99,99,9,9,99,9,99,1,9,6,6,3,-1,-1,1398,1,7,VAUXHALL MERIVA,7,E01002427,0,1
2024131470054,2024,131470054,2,9,0,-1,19,3,3,-1,0,0,0,11,0,0,1,1,-1,9,2,83,11,1398,1,10,VAUXHALL MERIVA,7,E01010977,0,1
2024401525352,2024,401525352,1,9,-1,-1,-1,-1,-1,-1,-1,0,-1,-1,-1,0,-1,9,-1,6,2,-1,-1,1364,1,18,VAUXHALL MERIVA,-1,-1,0,-1
2024052400725,2024,052400725,1,9,0,1,1,1,5,0,0,0,0,0,0,0,2,1,6,6,1,93,11,1686,2,11,VAUXHALL MERIVA,7,E01007135,0,1
2024010505122,2024,010505122,1,9,0,7,7,2,4,2,2,5,0,0,0,0,4,1,6,6,2,40,7,1598,2,10,VAUXHALL MERIVA,10,E01003401,0,1
2024440367852,2024,440367852,2,9,0,18,19,6,2,0,0,1,0,0,0,0,1,1,6,6,1,-1,-1,1686,2,13,VAUXHALL MERIVA,-1,-1,0,-1
2024501459091,2024,501459091,1,9,0,-1,19,6,2,-1,0,0,0,6,7,7,1,1,-1,9,1,52,8,1598,1,14,VAUXHALL MERIVA,3,E01001747,0,5
2024361407463,2024,361407463,2,9,0,-1,19,3,7,-1,0,0,0,0,0,0,1,1,-1,6,2,51,8,1248,2,12,VAUXHALL MERIVA,1,E01026809,0,4
2024451427980,2024,451427980,1,9,0,-1,19,1,5,-1,0,0,0,0,2,4,4,1,-1,6,2,89,11,1686,2,13,VAUXHALL MERIVA,10,E01030986,0,1
2024122500064,2024,122500064,1,9,0,11,11,2,6,0,0,1,0,0,0,0,4,1,3,7,2,56,9,1398,1,11,VAUXHALL MERIVA,5,E01013359,0,1
2024461409425,2024,461409425,1,9,0,-1,19,7,3,-1,0,1,0,0,0,0,1,1,-1,6,1,75,10,1364,1,18,VAUXHALL MERIVA,2,E01024659,0,1
2024010548407,2024,010548407,1,9,0,9,9,5,3,0,0,5,0,0,1,0,1,1,1,1,2,33,6,1598,1,17,VAUXHALL MERIVA,2,E01003508,0,1
2024991528684,2024,991528684,1,9,0,-1,12,1,4,-1,0,0,0,0,0,0,1,1,-1,9,1,87,11,1398,1,7,VAUXHALL MERIVA,10,W01000286,0,5
2024440379050,2024,440379050,2,9,0,18,19,4,8,0,0,8,0,0,0,0,4,1,6,6,2,36,7,1686,2,13,VAUXHALL MERIVA,1,E01017040,0,1
2024991450604,2024,991450604,2,9,0,-1,19,8,6,-1,0,0,0,0,1,0,1,1,-1,9,2,69,10,1364,1,11,VAUXHALL MERIVA,-1,-1,0,-1
2024501509035,2024,501509035,1,9,0,-1,9,4,2,-1,0,8,0,0,0,0,3,1,-1,9,2,73,10,1364,1,15,VAUXHALL MERIVA,4,E01018918,0,1
2024471501849,2024,471501849,1,9,0,-1,9,1,7,-1,0,8,0,0,0,0,1,1,-1,9,2,26,6,1364,1,17,VAUXHALL MERIVA,3,E01021092,0,1
2024522401255,2024,522401255,1,9,0,9,9,2,8,0,0,5,0,0,0,0,2,1,6,6,2,62,9,1364,1,13,VAUXHALL MERIVA,4,E01014495,0,2
2024010515957,2024,010515957,1,9,0,18,19,2,6,0,0,8,0,0,0,0,3,1,6,6,2,47,8,1598,1,16,VAUXHALL MERIVA,4,E01002589,0,1
2024471476212,2024,471476212,1,9,0,-1,19,2,6,-1,0,8,0,0,0,0,1,1,-1,6,2,52,8,1364,1,13,VAUXHALL MERIVA,6,E01031669,0,1
2024302400672,2024,302400672,2,9,0,3,3,6,2,0,0,2,0,0,0,0,2,1,6,6,1,58,9,1686,2,13,VAUXHALL MERIVA,3,E01019511,0,1
2024610040724,2024,610040724,1,9,0,7,7,6,8,0,0,8,0,0,0,0,1,1,6,6,2,77,11,1398,1,9,VAUXHALL MERIVA,9,W01001604,0,1
2024501491010,2024,501491010,1,9,0,-1,19,1,5,-1,0,4,0,0,0,0,1,1,-1,9,1,62,9,1398,1,8,VAUXHALL MERIVA,8,E01015111,0,1
2024471509601,2024,471509601,2,9,0,-1,5,1,5,-1,0,8,0,0,0,0,3,1,-1,1,2,52,8,1364,1,14,VAUXHALL MERIVA,3,E01016921,0,3
2024440228399,2024,440228399,1,9,0,10,10,8,6,0,0,1,0,0,0,0,2,1,6,6,2,37,7,1686,2,12,VAUXHALL MERIVA,5,E01023033,0,1
2024501499211,2024,501499211,2,9,0,-1,13,1,5,-1,0,8,0,99,0,0,4,1,-1,6,2,52,8,1686,2,13,VAUXHALL MERIVA,2,E01020039,0,1
2024302400731,2024,302400731,2,9,0,5,5,5,6,0,0,8,0,0,1,0,3,1,6,6,2,33,6,1398,1,14,VAUXHALL MERIVA,2,E01019453,0,1
2024221503540,2024,221503540,3,9,0,-1,2,0,0,-1,0,0,0,0,0,0,3,1,-1,6,1,82,11,1364,1,9,VAUXHALL MERIVA,6,E01028973,0,1
2024522403321,2024,522403321,2,9,0,18,19,1,5,0,0,2,0,0,0,0,1,1,6,6,1,54,8,1686,2,12,VAUXHALL MERIVA,2,E01014630,0,1
2024430307643,2024,430307643,2,9,0,18,19,4,8,0,0,1,0,0,0,0,1,1,6,6,1,-1,-1,1686,2,13,VAUXHALL MERIVA,-1,-1,0,-1
2024520000372,2024,520000372,1,9,0,18,19,8,4,0,0,0,0,0,0,0,1,1,6,6,2,62,9,1398,1,11,VAUXHALL MERIVA,5,E01032048,0,3
2024401443493,2024,401443493,1,9,0,-1,10,4,5,-1,0,1,0,0,0,0,3,1,-1,6,1,49,8,1686,2,11,VAUXHALL MERIVA,10,E01017563,0,1
2024451440970,2024,451440970,3,9,0,-1,4,6,2,-1,0,1,0,0,0,0,2,9,-1,6,3,45,7,1398,1,12,VAUXHALL MERIVA,-1,-1,0,-1
2024440419114,2024,440419114,1,9,0,4,4,5,1,0,0,0,0,0,0,0,1,1,6,6,1,52,8,1364,1,17,VAUXHALL MERIVA,3,E01017082,0,1
2024461422864,2024,461422864,1,9,0,-1,19,3,7,-1,0,5,0,0,1,0,1,1,-1,2,1,40,7,1598,1,19,VAUXHALL MERIVA,1,E01016069,0,2
2024320094930,2024,320094930,1,9,0,9,9,1,7,0,0,6,0,0,0,0,3,1,-1,-1,1,75,10,1686,2,13,VAUXHALL MERIVA,8,E01026319,0,1
2024471514026,2024,471514026,1,9,0,-1,11,4,1,-1,0,0,0,0,1,4,1,1,-1,6,1,26,6,1364,1,14,VAUXHALL MERIVA,2,E01021286,0,4
2024991421621,2024,991421621,3,9,0,-1,19,2,6,-1,0,0,0,0,1,9,3,1,-1,9,2,49,8,1686,2,12,VAUXHALL MERIVA,-1,-1,0,-1
2024141424672,2024,141424672,1,9,0,-1,19,5,1,-1,0,1,0,0,0,0,1,1,-1,9,2,53,8,1398,1,14,VAUXHALL MERIVA,2,E01007967,0,1
2024421486032,2024,421486032,2,9,0,-1,4,3,7,-1,0,0,0,0,0,0,2,1,-1,6,2,44,7,1398,1,9,VAUXHALL MERIVA,8,E01021340,0,1
2024501533033,2024,501533033,2,9,0,-1,19,1,5,-1,0,0,0,0,1,0,2,1,-1,9,2,67,10,1398,1,14,VAUXHALL MERIVA,2,E01019682,0,5
2024052401380,2024,052401380,3,9,0,4,4,1,5,0,0,1,0,0,0,0,2,1,6,6,2,62,9,1364,1,15,VAUXHALL MERIVA,4,E01007102,0,1
2024141436085,2024,141436085,2,9,0,-1,19,4,7,-1,0,8,0,0,0,0,1,1,-1,9,2,62,9,1598,1,17,VAUXHALL MERIVA,1,E01008057,0,1
2024010508352,2024,010508352,1,9,0,99,99,9,9,99,99,9,9,99,9,99,2,9,6,6,2,44,7,1364,1,14,VAUXHALL MERIVA,2,E01000905,0,1
2024371425562,2024,371425562,1,9,0,-1,14,3,3,-1,0,2,0,0,0,0,1,1,-1,9,2,75,10,1364,1,13,VAUXHALL MERIVA,6,E01029874,0,1
2024052400723,2024,052400723,1,9,0,4,4,7,3,0,0,1,0,0,0,0,1,1,6,6,1,63,9,1398,1,9,VAUXHALL MERIVA,3,E01006627,0,1
2024440261287,2024,440261287,2,9,0,3,3,6,2,0,0,0,0,0,0,0,4,1,6,6,1,-1,-1,1364,1,17,VAUXHALL MERIVA,-1,-1,0,-1
2024231501455,2024,231501455,1,9,0,-1,9,1,7,-1,0,6,0,0,0,0,3,9,-1,6,2,81,11,1598,1,14,VAUXHALL MERIVA,3,E01032242,0,1
2024991505819,2024,991505819,1,9,0,-1,5,3,1,-1,0,0,0,0,0,0,1,1,-1,9,1,89,11,1398,1,10,VAUXHALL MERIVA,8,-1,0,1
2024340NN3402,2024,340NN3402,2,9,0,-1,7,6,8,-1,0,8,0,0,0,0,4,1,-1,2,2,35,6,1398,1,13,VAUXHALL MERIVA,1,E01026968,0,2
2024070870176,2024,070870176,2,9,0,-1,2,0,0,-1,9,1,0,0,0,0,2,1,-1,6,2,26,6,999,1,7,VOLKSWAGEN UP,2,E01012525,0,1
2024141509938,2024,141509938,1,9,0,-1,19,5,1,-1,0,0,0,0,0,0,1,1,-1,9,2,66,10,999,1,10,VOLKSWAGEN UP,6,E01007620,0,1