collision_index,collision_year,collision_ref_no,vehicle_reference,vehicle_type,towing_and_articulation,vehicle_manoeuvre_historic,vehicle_manoeuvre,vehicle_direction_from,vehicle_direction_to,vehicle_location_restricted_lane_historic,vehicle_location_restricted_lane,junction_location,skidding_and_overturning,hit_object_in_carriageway,vehicle_leaving_carriageway,hit_object_off_carriageway,first_point_of_impact,vehicle_left_hand_drive,journey_purpose_of_driver_historic,journey_purpose_of_driver,sex_of_driver,age_of_driver,age_band_of_driver,engine_capacity_cc,propulsion_code,age_of_vehicle,generic_make_model,driver_imd_decile,lsoa_of_driver,escooter_flag,driver_distance_banding
2024052400649,2024,052400649,2,9,0,18,19,4,8,0,0,8,0,0,4,11,3,1,6,6,2,70,10,999,1,4,VOLKSWAGEN UP,2,E01006508,0,2
2024071078364,2024,071078364,1,9,0,-1,9,5,3,-1,0,5,0,0,7,0,1,1,-1,6,2,66,10,999,1,12,VOLKSWAGEN UP,9,E01029769,0,3
2024531439976,2024,531439976,2,9,0,-1,19,4,8,-1,0,0,0,0,0,0,0,1,-1,2,2,71,10,999,1,10,VOLKSWAGEN UP,4,E01032415,0,4
2024010497608,2024,010497608,1,9,0,9,9,1,6,0,0,1,0,0,0,0,3,1,6,6,1,32,6,999,1,9,VOLKSWAGEN UP,5,E01003862,0,1
2024471497153,2024,471497153,2,9,0,-1,7,1,3,-1,0,5,0,0,0,0,4,1,-1,6,2,21,5,999,1,7,VOLKSWAGEN UP,8,E01021163,0,4
2024501397688,2024,501397688,1,9,0,-1,9,2,8,-1,0,8,0,0,7,0,3,1,-1,6,2,80,11,999,1,12,VOLKSWAGEN UP,6,E01020221,0,2
2024991477975,2024,991477975,1,9,0,-1,9,7,3,-1,0,8,0,0,0,0,1,1,-1,6,1,17,4,999,1,12,VOLKSWAGEN UP,6,-1,0,1
2024461473525,2024,461473525,1,9,0,-1,19,3,7,-1,0,0,0,0,0,0,1,1,-1,9,2,74,10,999,1,11,VOLKSWAGEN UP,2,E01024533,0,1
2024471523358,2024,471523358,1,9,0,-1,-1,-1,-1,-1,-1,0,-1,-1,-1,0,-1,1,-1,6,2,-1,-1,999,1,8,VOLKSWAGEN UP,6,E01031346,0,2
2024351452008,2024,351452008,2,9,0,-1,9,8,4,-1,0,8,0,0,0,0,2,1,-1,2,1,31,6,999,1,9,VOLKSWAGEN UP,9,E01018154,0,4
2024411452463,2024,411452463,1,9,0,-1,9,7,5,-1,0,6,0,0,0,0,1,1,-1,9,2,40,7,999,1,10,VOLKSWAGEN UP,5,E01035568,0,1
2024031424478,2024,031424478,2,9,0,-1,4,5,1,-1,0,0,0,0,0,0,2,1,-1,9,1,87,11,999,1,1,VOLKSWAGEN UP,5,E01019226,0,1
2024411439725,2024,411439725,1,9,0,-1,8,3,5,-1,0,1,1,0,0,0,1,9,-1,6,1,21,5,999,1,10,VOLKSWAGEN UP,8,E01000317,0,4
2024041530382,2024,041530382,2,9,0,-1,19,1,5,-1,0,0,0,0,0,0,1,1,-1,9,2,30,6,999,1,11,VOLKSWAGEN UP,7,E01019382,0,2
2024131472932,2024,131472932,1,9,0,-1,6,7,3,-1,0,1,0,0,7,0,3,1,-1,9,2,18,4,999,1,12,VOLKSWAGEN UP,6,E01011057,0,1
2024010551120,2024,010551120,5,9,0,2,2,0,0,0,0,0,0,0,0,0,0,1,6,6,3,-1,-1,999,1,6,VOLKSWAGEN UP,-1,-1,0,-1
2024201514436,2024,201514436,2,9,0,-1,19,5,1,-1,0,8,0,0,0,0,1,1,-1,6,1,43,7,999,1,8,VOLKSWAGEN UP,-1,-1,0,-1
2024010503060,2024,010503060,2,9,0,99,99,9,9,99,99,6,9,99,9,99,1,9,6,6,3,-1,-1,999,1,9,VOLKSWAGEN UP,-1,-1,0,-1
2024542464324,2024,542464324,2,9,0,2,2,0,0,0,0,0,0,0,0,0,2,1,6,6,2,59,9,999,1,12,VOLKSWAGEN UP,5,E01032111,0,1
2024371523461,2024,371523461,1,9,0,-1,5,2,6,-1,0,4,0,0,0,0,3,1,-1,6,2,24,5,999,1,11,VOLKSWAGEN UP,7,E01030217,0,2
2024010508463,2024,010508463,1,9,0,14,14,5,1,0,0,0,0,0,0,0,4,1,2,2,2,41,7,999,1,9,VOLKSWAGEN UP,2,E01003245,0,1
2024161426573,2024,161426573,1,9,0,-1,9,4,2,-1,0,8,0,0,0,0,1,1,-1,2,2,18,4,999,1,11,VOLKSWAGEN UP,6,E01012923,0,1
2024471519480,2024,471519480,2,9,0,-1,2,0,0,-1,9,0,0,0,0,0,4,1,-1,6,-1,-1,-1,999,1,10,VOLKSWAGEN UP,-1,-1,0,-1
2024471461480,2024,471461480,2,9,0,-1,10,7,5,-1,0,1,0,0,0,0,2,1,-1,2,2,51,8,999,1,8,VOLKSWAGEN UP,8,E01016893,0,1
2024520001120,2024,520001120,1,9,0,18,19,5,1,0,0,0,0,10,0,0,4,1,6,6,2,42,7,999,1,6,VOLKSWAGEN UP,-1,-1,0,-1
2024622400786,2024,622400786,1,9,0,18,19,5,1,0,0,2,0,4,0,0,1,1,6,6,2,94,11,999,1,6,VOLKSWAGEN UP,4,W01001749,0,1
2024440041524,2024,440041524,1,9,0,9,9,2,8,0,0,5,0,0,0,0,4,1,6,6,2,59,9,999,1,7,VOLKSWAGEN UP,10,E01021403,0,5
2024440186146,2024,440186146,1,9,0,17,19,4,8,0,0,1,1,0,1,4,4,1,6,6,1,18,4,999,1,11,VOLKSWAGEN UP,9,E01035268,0,3
2024451436112,2024,451436112,1,9,0,-1,19,1,5,-1,0,0,0,0,0,0,1,9,-1,6,2,64,9,999,1,10,VOLKSWAGEN UP,8,E01030979,0,2
2024411503966,2024,411503966,1,9,0,-1,19,2,6,-1,0,0,0,0,0,0,3,1,-1,6,2,60,9,999,1,9,VOLKSWAGEN UP,10,E01023716,0,1
2024440174684,2024,440174684,1,9,0,18,19,3,7,0,0,1,0,0,0,0,4,1,2,2,1,18,4,999,1,11,VOLKSWAGEN UP,9,E01035268,0,2
2024461489886,2024,461489886,2,9,0,-1,19,1,5,-1,0,0,0,0,0,0,2,9,-1,1,2,53,8,-1,3,3,VOLKSWAGEN UP,10,E01024115,0,2
2024471411056,2024,471411056,1,9,0,-1,13,8,4,-1,0,2,0,0,0,0,4,9,-1,6,1,67,10,999,1,10,VOLKSWAGEN UP,6,E01031396,0,3
2024010540227,2024,010540227,1,9,0,18,19,1,5,0,0,0,0,0,0,0,2,1,6,6,1,22,5,999,1,10,VOLKSWAGEN UP,5,E01003662,0,1
2024131417694,2024,131417694,2,9,0,-1,3,1,5,-1,0,1,0,0,0,0,2,1,-1,9,1,74,10,999,1,5,VOLKSWAGEN UP,6,E01027705,0,4
2024161397847,2024,161397847,1,9,0,-1,9,3,1,-1,0,5,0,0,0,0,1,1,-1,9,2,79,11,999,1,8,VOLKSWAGEN UP,10,E01013113,0,1
2024141491782,2024,141491782,2,9,0,-1,19,3,7,-1,0,8,0,0,0,0,1,1,-1,9,2,19,4,999,1,4,VOLKSWAGEN UP,6,E01007706,0,1
202460Q089558,2024,60Q089558,6,9,0,18,19,1,5,0,0,0,0,0,0,0,0,1,6,6,1,88,11,999,1,6,VOLKSWAGEN UP,-1,-1,0,-1
2024231447587,2024,231447587,1,9,0,-1,19,2,6,-1,0,4,0,0,0,0,4,1,-1,6,2,74,10,999,1,12,VOLKSWAGEN UP,9,E01025817,0,2
2024461433294,2024,461433294,2,9,0,-1,2,0,0,-1,0,0,0,0,0,0,4,2,-1,6,-1,-1,-1,999,1,3,VOLKSWAGEN UP,-1,-1,0,-1
2024311473894,2024,311473894,2,9,0,-1,9,3,1,-1,0,0,0,0,0,0,3,1,-1,9,1,31,6,999,1,8,VOLKSWAGEN UP,6,E01028220,0,1
2024201439518,2024,201439518,1,9,0,-1,19,2,6,-1,0,0,0,0,0,0,1,1,-1,6,1,40,7,-1,3,2,VOLKSWAGEN UP,-1,-1,0,-1
2024201474241,2024,201474241,2,9,-1,-1,-1,-1,-1,-1,-1,-1,-1,-1,-1,0,-1,9,-1,6,2,51,8,999,1,4,VOLKSWAGEN UP,6,E01031033,0,3
2024010540332,2024,010540332,1,9,0,7,7,5,7,0,0,6,0,0,0,0,1,1,6,6,2,77,11,999,1,10,VOLKSWAGEN UP,9,E01000751,0,1
2024161529503,2024,161529503,3,9,0,-1,2,0,0,-1,0,0,0,4,0,0,1,1,-1,6,-1,-1,-1,999,1,5,VOLKSWAGEN UP,-1,-1,0,-1
2024501433939,2024,501433939,3,9,0,-1,3,3,7,-1,0,1,0,0,0,0,2,2,-1,6,2,23,5,999,1,11,VOLKSWAGEN UP,4,E01025933,0,5
2024131425889,2024,131425889,2,9,0,-1,2,0,0,-1,9,0,0,0,0,0,2,1,-1,6,-1,-1,-1,999,1,6,VOLKSWAGEN UP,-1,-1,0,-1
2024141555179,2024,141555179,1,9,0,-1,19,1,5,-1,0,0,0,0,0,0,1,1,-1,9,1,74,10,999,1,11,VOLKSWAGEN UP,9,E01011118,0,3
2024552400472,2024,552400472,1,9,0,17,19,8,6,0,0,0,2,0,1,10,4,1,6,6,2,18,4,999,1,10,VOLKSWAGEN UP,5,E01020528,0,1
2024501431438,2024,501431438,1,9,0,-1,19,5,1,-1,0,0,0,0,1,4,1,1,-1,9,1,17,4,999,1,12,VOLKSWAGEN UP,9,E01020125,0,3
2024471413030,2024,471413030,1,9,0,-1,19,3,7,-1,0,1,0,0,0,0,1,1,-1,6,1,88,11,999,1,6,VOLKSWAGEN UP,4,E01031671,0,1
2024531493871,2024,531493871,1,9,0,-1,19,8,4,-1,0,0,0,0,0,0,1,9,-1,6,1,27,6,999,1,12,VOLKSWAGEN UP,7,E01022226,0,1
2024351471989,2024,351471989,2,9,0,-1,7,1,3,-1,0,3,1,10,2,0,1,1,-1,2,2,46,8,999,1,3,VOLKSWAGEN UP,7,E01027031,0,4
2024501520111,2024,501520111,2,9,0,-1,2,7,3,-1,0,0,0,0,1,0,2,1,-1,6,1,77,11,999,1,5,VOLKSWAGEN UP,4,E01020325,0,3
2024401454769,2024,401454769,1,9,0,-1,19,8,4,-1,0,0,0,0,0,0,0,1,-1,6,1,17,4,999,1,10,VOLKSWAGEN UP,9,E01017556,0,1
2024991557730,2024,991557730,2,9,0,-1,9,3,5,-1,0,1,0,0,0,0,2,1,-1,2,2,64,9,999,1,8,VOLKSWAGEN UP,-1,-1,0,-1
2024451518411,2024,451518411,1,9,0,-1,19,1,5,-1,0,0,0,0,1,7,1,1,-1,9,1,65,9,999,1,7,VOLKSWAGEN UP,6,E01022715,0,4
2024471421240,2024,471421240,2,9,0,-1,19,3,7,-1,0,0,0,0,0,0,1,1,-1,1,1,54,8,999,1,10,VOLKSWAGEN UP,9,E01021056,0,3
2024141414806,2024,141414806,1,9,0,-1,9,5,3,-1,0,6,0,0,0,0,1,1,-1,9,2,84,11,999,1,9,VOLKSWAGEN UP,4,E01007762,0,3
2024010526503,2024,010526503,1,9,0,18,19,5,1,0,0,1,2,0,0,0,4,1,6,6,2,43,7,999,1,9,VOLKSWAGEN UP,10,E01000688,0,1
2024211515991,2024,211515991,2,9,0,-1,7,7,3,-1,0,5,0,0,0,0,1,1,-1,6,1,18,4,999,1,12,VOLKSWAGEN UP,-1,-1,0,-1
2024302500044,2024,302500044,3,9,0,-1,19,8,4,-1,0,0,0,0,0,0,2,1,-1,6,1,27,6,999,1,11,VOLKSWAGEN UP,10,E01013576,0,2
2024221486289,2024,221486289,1,9,0,-1,19,1,5,-1,0,0,0,0,0,0,4,9,-1,9,1,42,7,999,1,8,VOLKSWAGEN UP,8,E01032182,0,1
2024141510607,2024,141510607,2,9,0,-1,19,2,6,-1,0,1,0,0,7,0,4,1,-1,9,2,70,10,999,1,10,VOLKSWAGEN UP,8,E01007383,0,1
2024501419924,2024,501419924,1,9,0,-1,19,1,5,-1,0,0,1,0,1,0,1,1,-1,2,2,60,9,999,1,6,VOLKSWAGEN UP,5,E01020049,0,1
2024440310723,2024,440310723,2,9,0,18,19,7,3,0,0,8,0,0,0,0,3,1,1,1,1,35,6,999,1,10,VOLKSWAGEN UP,4,E01019538,0,5
2024231538426,2024,231538426,1,9,0,-1,9,8,6,-1,0,6,0,0,0,0,1,1,-1,6,1,38,7,999,1,8,VOLKSWAGEN UP,7,E01031208,0,4
2024543515524,2024,543515524,2,9,0,4,4,3,7,0,0,0,0,0,0,0,2,1,2,2,2,22,5,999,1,8,VOLKSWAGEN UP,5,E01014923,0,3
2024471522607,2024,471522607,1,9,0,-1,9,6,4,-1,0,8,0,0,0,0,1,1,-1,9,2,59,9,999,1,11,VOLKSWAGEN UP,7,E01034828,0,1
2024131448653,2024,131448653,1,9,0,-1,-1,-1,-1,-1,-1,0,-1,-1,-1,-1,-1,1,-1,6,3,-1,-1,999,1,11,VOLKSWAGEN UP,-1,-1,0,-1
2024440548162,2024,440548162,1,9,0,18,19,7,3,0,0,0,0,0,0,0,1,1,6,6,2,90,11,999,1,9,VOLKSWAGEN UP,9,E01022580,0,1
2024610037324,2024,610037324,3,9,0,18,19,7,3,0,0,1,0,0,0,0,1,1,6,6,2,17,4,999,1,7,VOLKSWAGEN UP,5,W01001373,0,1
2024631447970,2024,631447970,4,9,0,-1,2,0,0,-1,0,0,0,4,0,0,2,1,-1,6,-1,-1,-1,999,1,10,VOLKSWAGEN UP,-1,-1,0,-1
2024991419147,2024,991419147,2,9,0,-1,8,8,4,-1,0,4,0,0,0,0,2,1,-1,2,1,32,6,999,1,10,VOLKSWAGEN UP,7,-1,0,3
202454A814024,2024,54A814024,2,9,0,2,2,0,0,0,0,0,0,0,0,0,2,1,6,6,3,-1,-1,999,1,10,VOLKSWAGEN UP,-1,-1,0,-1
2024552400355,2024,552400355,1,9,0,18,19,5,1,0,0,1,0,0,0,0,1,1,6,6,2,18,4,999,1,11,VOLKSWAGEN UP,6,E01020546,0,1
2024471411030,2024,471411030,3,9,0,-1,2,0,0,-1,0,1,0,0,0,0,2,1,-1,6,-1,-1,-1,999,1,11,VOLKSWAGEN UP,-1,-1,0,-1
2024520401973,2024,520401973,1,9,0,18,19,4,8,0,0,8,0,0,0,0,1,1,6,6,2,25,5,999,1,12,VOLKSWAGEN UP,7,E01029124,0,3
2024231507360,2024,231507360,1,9,0,-1,19,1,5,-1,0,1,0,0,0,0,1,1,-1,6,2,88,11,999,1,9,VOLKSWAGEN UP,7,E01031213,0,2
2024010534475,2024,010534475,2,9,0,99,99,9,9,99,99,0,9,99,9,99,9,9,6,6,3,-1,-1,999,1,10,VOLKSWAGEN UP,5,E01001037,0,1
2024031505942,2024,031505942,1,9,0,-1,19,3,7,-1,0,1,0,0,0,0,3,1,-1,1,1,47,8,999,1,11,VOLKSWAGEN UP,4,E01009077,0,5
2024421493317,2024,421493317,1,9,-1,-1,-1,-1,-1,-1,0,0,-1,-1,-1,0,-1,9,-1,6,2,-1,-1,999,1,11,VOLKSWAGEN UP,-1,-1,0,-1
2024052402346,2024,052402346,1,9,0,18,19,6,2,0,0,0,0,0,0,0,4,1,6,6,2,74,10,999,1,10,VOLKSWAGEN UP,2,E01007026,0,1
2024520402231,2024,520402231,1,9,0,18,19,7,3,0,0,0,0,0,0,0,1,1,6,6,2,25,5,999,1,6,VOLKSWAGEN UP,4,E01029336,0,1
2024421396494,2024,421396494,2,9,0,-1,19,5,1,-1,0,1,0,0,0,0,1,9,-1,9,2,21,5,999,1,11,VOLKSWAGEN UP,6,E01021571,0,1
2024122500250,2024,122500250,1,9,0,4,4,5,3,0,0,5,0,0,0,0,0,1,6,6,2,69,10,999,1,11,VOLKSWAGEN UP,8,E01027695,0,1
2024421402695,2024,421402695,4,9,0,-1,4,2,6,-1,0,0,0,0,0,0,2,1,-1,6,2,60,9,999,1,3,VOLKSWAGEN UP,10,E01021586,0,1
2024122500030,2024,122500030,1,9,0,18,19,5,1,0,0,0,0,0,0,0,4,1,6,6,3,84,11,999,1,3,VOLKSWAGEN UP,7,E01027661,0,1
2024631395520,2024,631395520,1,9,0,-1,12,6,2,-1,0,0,0,0,7,7,3,1,-1,9,1,84,11,999,1,11,VOLKSWAGEN UP,9,W01000476,0,3
2024131424307,2024,131424307,1,9,0,-1,9,3,1,-1,0,8,0,0,0,0,1,1,-1,9,1,19,4,999,1,12,VOLKSWAGEN UP,2,E01010942,0,1
2024546865524,2024,546865524,1,9,0,18,19,8,5,0,0,8,0,0,0,0,1,1,1,1,2,30,6,999,1,7,VOLKSWAGEN UP,9,E01031946,0,4
2024010515388,2024,010515388,2,9,0,99,99,9,9,99,99,9,9,99,9,99,9,9,6,6,3,-1,-1,999,1,8,VOLKSWAGEN UP,-1,-1,0,-1
2024010532659,2024,010532659,2,9,0,99,99,9,9,99,99,9,9,99,9,99,9,9,6,6,3,-1,-1,999,1,7,VOLKSWAGEN UP,-1,-1,0,-1
2024302400718,2024,302400718,2,9,0,18,19,5,1,0,0,1,0,0,0,0,1,1,6,6,2,66,10,999,1,9,VOLKSWAGEN UP,-1,-1,0,-1
2024471413504,2024,471413504,1,9,0,-1,19,5,1,-1,0,0,0,0,0,0,1,1,-1,6,2,27,6,999,1,10,VOLKSWAGEN UP,4,E01021224,0,3
2024520001653,2024,520001653,1,9,0,7,7,9,9,0,0,1,0,0,0,0,2,1,6,6,2,40,7,999,1,6,VOLKSWAGEN UP,8,E01014442,0,1
2024320759786,2024,320759786,1,9,0,9,9,2,8,0,0,5,0,0,0,0,4,1,-1,-1,2,22,5,999,1,11,VOLKSWAGEN UP,6,E01026411,0,3
2024471468514,2024,471468514,1,9,0,-1,5,3,6,-1,0,4,0,0,0,0,2,9,-1,9,2,19,4,999,1,12,VOLKSWAGEN UP,6,E01031408,0,3
2024991533779,2024,991533779,2,9,0,-1,19,6,2,-1,0,0,0,0,0,0,1,1,-1,9,1,57,9,999,1,3,VOLKSWAGEN UP,4,-1,0,1
2024041506982,2024,041506982,2,9,0,-1,19,7,3,-1,0,1,0,0,0,0,1,1,-1,9,2,59,9,999,1,10,VOLKSWAGEN UP,6,E01034340,0,1
2024061495837,2024,061495837,2,9,-1,-1,9,5,3,-1,0,8,0,0,0,0,1,9,-1,6,1,-1,-1,999,1,11,VOLKSWAGEN UP,3,E01034127,0,1
2024430563287,2024,430563287,1,9,0,1,1,1,5,0,0,1,0,0,0,0,2,1,3,7,1,47,8,999,1,11,VOLKSWAGEN UP,-1,-1,0,-1
2024991488039,2024,991488039,2,9,0,-1,19,3,7,-1,0,0,0,0,0,0,2,1,-1,2,2,48,8,999,1,10,VOLKSWAGEN UP,3,-1,0,1
2024552400399,2024,552400399,1,9,0,18,19,2,6,0,0,1,0,0,3,10,1,1,6,6,2,71,10,999,1,10,VOLKSWAGEN UP,7,E01020540,0,2
2024440025239,2024,440025239,2,9,0,18,19,3,7,0,0,0,0,0,0,0,1,1,1,1,1,48,8,999,1,6,VOLKSWAGEN UP,8,E01022633,0,1
2024141482580,2024,141482580,1,9,0,-1,19,2,6,-1,0,0,0,0,0,0,1,1,-1,1,2,40,7,999,1,11,VOLKSWAGEN UP,5,E01007588,0,1
2024991485858,2024,991485858,1,9,0,-1,19,2,7,-1,0,5,0,0,3,0,1,2,-1,9,2,29,6,999,1,6,VOLKSWAGEN UP,9,-1,0,4
2024531545559,2024,531545559,2,9,0,-1,4,7,3,-1,0,0,0,0,0,0,2,1,-1,2,2,62,9,999,1,6,VOLKSWAGEN UP,4,E01022241,0,2
2024440015281,2024,440015281,1,9,0,14,14,6,2,0,0,0,0,0,0,0,4,1,6,6,2,76,11,999,1,6,VOLKSWAGEN UP,5,E01017368,0,1
2024101399997,2024,101399997,1,9,0,-1,4,5,1,-1,0,4,0,0,0,0,1,9,-1,2,2,-1,-1,999,1,10,VOLKSWAGEN UP,1,E01008608,0,1
2024010519164,2024,010519164,2,9,0,2,2,0,0,9,9,0,0,0,0,0,2,1,6,6,3,-1,-1,999,1,11,VOLKSWAGEN UP,-1,-1,0,-1
2024061406767,2024,061406767,1,9,-1,-1,-1,-1,-1,-1,-1,0,-1,-1,-1,0,-1,9,-1,6,2,-1,-1,999,1,9,VOLKSWAGEN UP,1,E01006288,0,2
2024411414577,2024,411414577,2,9,0,-1,15,1,5,-1,0,0,1,0,0,0,4,1,-1,6,2,29,6,999,1,11,VOLKSWAGEN UP,2,E01033805,0,3
2024610007124,2024,610007124,2,9,0,18,19,7,3,0,0,8,0,0,0,0,4,1,6,6,2,61,9,999,1,3,VOLKSWAGEN UP,4,W01001632,0,1
2024361471340,2024,361471340,2,9,0,-1,4,7,3,-1,0,0,0,0,0,0,2,1,-1,6,2,26,6,999,1,10,VOLKSWAGEN UP,6,E01026446,0,2
2024411469685,2024,411469685,2,9,0,-1,10,1,7,-1,0,8,0,0,0,0,3,1,-1,6,1,21,5,999,1,12,VOLKSWAGEN UP,10,E01035582,0,1
2024211517849,2024,211517849,1,9,0,-1,19,5,1,-1,0,0,0,0,0,0,1,1,-1,9,1,26,6,999,1,9,VOLKSWAGEN UP,10,E01014181,0,4
2024061507357,2024,061507357,1,9,0,-1,19,5,1,-1,0,8,0,0,0,0,3,9,-1,6,2,40,7,999,1,9,VOLKSWAGEN UP,6,E01005154,0,1
2024122400058,2024,122400058,1,9,0,9,9,1,7,0,0,1,0,0,0,0,1,1,6,6,2,-1,-1,999,1,8,VOLKSWAGEN UP,-1,-1,0,-1
2024991525766,2024,991525766,1,9,0,-1,2,0,0,-1,0,0,0,0,0,0,3,1,-1,9,2,78,11,999,1,10,VOLKSWAGEN UP,8,-1,0,1
2024161443337,2024,161443337,1,9,0,-1,19,5,1,-1,0,0,0,0,4,9,1,1,-1,2,2,23,5,999,1,12,VOLKSWAGEN UP,6,E01013039,0,2
202417S206124,2024,17S206124,2,9,0,-1,19,2,6,-1,0,8,0,0,0,0,1,1,-1,9,1,45,7,999,1,11,VOLKSWAGEN UP,-1,-1,0,-1
2024101444420,2024,101444420,2,9,0,-1,9,1,7,-1,0,1,0,0,0,0,1,1,-1,6,2,54,8,999,1,9,VOLKSWAGEN UP,7,E01008374,0,1
2024061526936,2024,061526936,1,9,0,-1,19,1,5,-1,0,0,0,0,0,0,1,1,-1,6,2,82,11,999,1,5,VOLKSWAGEN UP,6,E01004790,0,1
2024991413342,2024,991413342,2,9,0,-1,19,4,1,-1,0,1,0,0,0,0,1,1,-1,6,2,54,8,999,1,7,VOLKSWAGEN UP,5,-1,0,1
2024131461004,2024,131461004,1,9,0,-1,9,5,7,-1,0,1,0,0,0,0,1,1,-1,9,1,47,8,999,1,7,VOLKSWAGEN UP,8,E01027695,0,4
2024451414446,2024,451414446,1,9,0,-1,4,7,1,-1,0,0,0,0,0,0,2,2,-1,6,2,41,7,999,1,9,VOLKSWAGEN UP,9,E01030713,0,1
2024351424353,2024,351424353,1,9,0,-1,19,8,1,-1,0,0,0,0,0,0,1,1,-1,6,2,62,9,999,1,8,VOLKSWAGEN UP,8,E01035511,0,1
2024451512173,2024,451512173,1,9,0,-1,9,5,1,-1,0,8,0,0,0,0,1,1,-1,2,2,21,5,999,1,5,VOLKSWAGEN UP,6,E01022962,0,4
2024071001437,2024,071001437,1,9,0,-1,4,4,6,-1,0,4,0,0,1,0,1,1,-1,6,2,28,6,999,1,12,VOLKSWAGEN UP,8,E01018363,0,2
2024122500207,2024,122500207,2,9,0,2,2,0,0,0,0,0,0,0,0,0,1,1,6,6,3,-1,-1,999,1,12,VOLKSWAGEN UP,-1,-1,0,-1
2024552401543,2024,552401543,1,9,0,5,5,7,3,9,9,6,0,0,0,0,1,1,6,6,2,62,9,-1,3,3,VOLKSWAGEN UP,6,E01015361,0,1
2024361425210,2024,361425210,2,9,0,-1,4,2,6,-1,0,1,0,0,0,0,2,1,-1,6,2,49,8,-1,3,2,VOLKSWAGEN UP,6,E01033036,0,3
2024471502597,2024,471502597,1,9,0,-1,5,1,5,-1,0,0,0,0,0,0,1,1,-1,6,1,80,11,999,1,10,VOLKSWAGEN UP,9,E01021191,0,1
2024131493065,2024,131493065,2,9,0,-1,3,3,7,-1,0,0,0,0,0,0,0,1,-1,9,2,38,7,999,1,10,VOLKSWAGEN UP,7,E01010672,0,2
2024991397507,2024,991397507,1,9,0,-1,9,8,6,-1,0,8,0,0,0,0,3,1,-1,2,2,52,8,999,1,11,VOLKSWAGEN UP,9,-1,0,2
2024401418427,2024,401418427,2,9,-1,-1,-1,-1,-1,-1,-1,-1,-1,-1,-1,0,3,9,-1,9,2,18,4,999,1,11,VOLKSWAGEN UP,5,E01015753,0,1
2024231508487,2024,231508487,2,9,0,-1,19,4,8,-1,0,0,1,0,1,0,3,1,-1,9,1,17,4,999,1,11,VOLKSWAGEN UP,8,E01031237,0,1
2024131527425,2024,131527425,1,9,0,-1,9,7,3,-1,0,8,0,0,0,0,1,1,-1,9,2,80,11,999,1,6,VOLKSWAGEN UP,1,E01034583,0,1
2024010522349,2024,010522349,1,9,0,18,19,1,5,0,0,6,0,4,1,0,1,1,6,6,1,24,5,999,1,11,VOLKSWAGEN UP,5,E01030748,0,4
2024041512485,2024,041512485,1,9,0,-1,19,7,3,-1,9,0,1,0,1,10,1,1,-1,6,1,82,11,999,1,6,VOLKSWAGEN UP,10,E01025502,0,1
2024461396612,2024,461396612,2,9,0,-1,4,8,4,-1,0,8,1,0,0,0,1,1,-1,6,1,24,5,999,1,6,VOLKSWAGEN UP,-1,-1,0,-1
2024471489202,2024,471489202,1,9,0,-1,19,4,8,-1,0,2,0,0,0,0,1,1,-1,9,2,92,11,999,1,12,VOLKSWAGEN UP,7,E01021025,0,1
2024201517569,2024,201517569,1,9,0,-1,2,8,6,-1,9,0,0,0,0,0,2,1,-1,6,1,49,8,999,1,9,VOLKSWAGEN UP,1,E01009083,0,1
2024141523298,2024,141523298,2,9,0,-1,19,5,1,-1,0,8,0,0,0,0,1,1,-1,9,2,24,5,999,1,6,VOLKSWAGEN UP,4,E01033273,0,1
2024361530661,2024,361530661,2,9,0,-1,19,5,1,-1,0,0,0,0,0,0,1,1,-1,9,2,88,11,999,1,4,VOLKSWAGEN UP,10,E01035142,0,1
2024010520711,2024,010520711,1,9,0,99,99,9,9,99,99,9,9,99,9,99,1,9,6,6,3,94,11,999,1,11,VOLKSWAGEN UP,8,E01000123,0,1
2024545339724,2024,545339724,2,9,0,10,10,5,3,0,0,1,0,0,0,0,2,1,6,6,2,24,5,999,1,11,VOLKSWAGEN UP,6,E01034539,0,3
202454F370024,2024,54F370024,1,9,0,18,19,3,7,0,0,0,0,0,0,0,1,1,6,6,2,17,4,999,1,5,VOLKSWAGEN UP,4,E01032013,0,1
2024522401183,2024,522401183,1,9,0,5,5,8,4,0,0,1,0,0,0,0,1,1,6,6,1,22,5,999,1,9,VOLKSWAGEN UP,7,E01014385,0,3
2024631480241,2024,631480241,1,9,0,-1,19,1,4,-1,0,1,0,0,0,0,1,1,-1,9,2,19,4,999,1,5,VOLKSWAGEN UP,7,E01033481,0,5
2024010551605,2024,010551605,2,9,0,99,99,9,9,99,99,9,9,99,9,99,9,9,6,6,3,-1,-1,999,1,6,VOLKSWAGEN UP,-1,-1,0,-1
2024131453599,2024,131453599,1,9,0,-1,19,5,7,-1,0,3,0,0,1,0,4,1,-1,6,2,23,5,999,1,10,VOLKSWAGEN UP,3,E01010825,0,1
2024451409552,2024,451409552,2,9,0,-1,19,3,7,-1,0,8,0,99,0,0,3,1,-1,6,1,48,8,999,1,7,VOLKSWAGEN UP,9,E01030501,0,1
2024061461780,2024,061461780,2,9,0,-1,9,1,7,-1,0,1,0,0,3,10,3,1,-1,9,1,21,5,999,1,11,VOLKSWAGEN UP,-1,-1,0,-1
2024131440757,2024,131440757,2,9,0,-1,1,6,2,-1,0,2,0,0,0,0,1,1,-1,9,1,83,11,999,1,10,VOLKSWAGEN UP,2,E01010930,0,1
2024371418402,2024,371418402,3,9,0,-1,3,3,7,-1,0,0,0,0,0,0,2,1,-1,2,2,54,8,999,1,10,VOLKSWAGEN UP,5,E01030281,0,1
2024471425591,2024,471425591,1,9,0,-1,19,6,3,-1,0,1,0,0,0,0,1,9,-1,6,2,36,7,999,1,11,VOLKSWAGEN UP,10,E01035336,0,1