collision_index,collision_year,collision_ref_no,vehicle_reference,vehicle_type,towing_and_articulation,vehicle_manoeuvre_historic,vehicle_manoeuvre,vehicle_direction_from,vehicle_direction_to,vehicle_location_restricted_lane_historic,vehicle_location_restricted_lane,junction_location,skidding_and_overturning,hit_object_in_carriageway,vehicle_leaving_carriageway,hit_object_off_carriageway,first_point_of_impact,vehicle_left_hand_drive,journey_purpose_of_driver_historic,journey_purpose_of_driver,sex_of_driver,age_of_driver,age_band_of_driver,engine_capacity_cc,propulsion_code,age_of_vehicle,generic_make_model,driver_imd_decile,lsoa_of_driver,escooter_flag,driver_distance_banding
2024471536083,2024,471536083,1,9,0,-1,5,6,2,-1,0,0,0,0,0,0,1,2,-1,6,1,22,5,999,1,11,VOLKSWAGEN UP,3,E01020974,0,1
2024231515315,2024,231515315,1,9,0,-1,7,8,2,-1,9,6,0,0,0,0,3,1,-1,2,1,57,9,999,1,7,VOLKSWAGEN UP,6,E01031061,0,1
2024440084467,2024,440084467,1,9,0,13,13,8,4,0,0,2,0,0,7,10,1,1,6,6,1,19,4,999,1,12,VOLKSWAGEN UP,10,E01030425,0,1
2024340WN4012,2024,340WN4012,1,9,0,-1,9,1,7,-1,0,6,0,0,0,0,1,1,-1,6,1,22,5,999,1,11,VOLKSWAGEN UP,7,E01027277,0,3
2024131450872,2024,131450872,1,9,0,-1,19,1,5,-1,0,0,0,0,0,0,4,1,-1,6,2,24,5,999,1,10,VOLKSWAGEN UP,9,E01027687,0,4
2024430617149,2024,430617149,2,9,0,18,19,2,6,0,0,4,0,0,0,0,1,1,6,6,2,20,4,999,1,11,VOLKSWAGEN UP,-1,-1,0,-1
2024101406321,2024,101406321,1,9,0,-1,19,1,5,-1,0,0,0,4,0,0,1,1,-1,6,2,55,8,999,1,9,VOLKSWAGEN UP,8,E01008363,0,1
2024010509870,2024,010509870,1,9,0,7,7,3,5,0,0,8,0,0,0,0,1,1,6,6,2,67,10,999,1,10,VOLKSWAGEN UP,2,E01001957,0,1
202454F261124,2024,54F261124,1,9,0,7,7,3,7,0,0,3,0,0,0,0,3,1,6,6,2,22,5,999,1,5,VOLKSWAGEN UP,9,E01034526,0,1
2024520402169,2024,520402169,1,9,0,18,19,8,2,0,0,0,5,0,7,10,1,1,6,6,1,30,6,999,1,12,VOLKSWAGEN UP,5,E01029058,0,3
2024010500704,2024,010500704,2,9,0,99,99,9,9,99,99,9,9,99,9,99,9,9,6,6,3,-1,-1,999,1,10,VOLKSWAGEN UP,-1,-1,0,-1
2024122401277,2024,122401277,1,9,0,18,19,5,1,0,0,0,0,0,0,0,1,1,6,6,1,81,11,999,1,7,VOLKSWAGEN UP,10,E01034977,0,1
2024991438821,2024,991438821,2,9,0,-1,19,8,4,-1,0,1,0,0,0,0,1,1,-1,2,2,60,9,999,1,9,VOLKSWAGEN UP,-1,-1,0,-1
2024311408595,2024,311408595,1,9,0,-1,4,3,7,-1,0,0,0,0,0,0,1,1,-1,6,1,20,4,999,1,10,VOLKSWAGEN UP,-1,-1,0,-1
2024101422663,2024,101422663,2,9,0,-1,1,6,2,-1,0,0,0,0,0,0,2,1,-1,9,1,47,8,999,1,6,VOLKSWAGEN UP,5,E01035630,0,3
2024371471948,2024,371471948,1,9,0,-1,9,8,5,-1,0,8,0,0,0,0,4,1,-1,6,2,59,9,999,1,10,VOLKSWAGEN UP,9,E01030008,0,1
2024501448958,2024,501448958,2,9,0,-1,3,7,3,-1,0,0,0,0,0,0,2,1,-1,6,2,65,9,999,1,10,VOLKSWAGEN UP,5,E01034855,0,2
2024122400437,2024,122400437,2,9,0,16,19,2,5,0,0,0,0,0,1,0,1,1,6,6,2,54,8,999,1,9,VOLKSWAGEN UP,5,E01027802,0,1
2024522401329,2024,522401329,1,9,0,18,19,5,1,0,0,0,0,0,0,0,1,1,6,6,1,60,9,999,1,9,VOLKSWAGEN UP,3,E01033626,0,5
2024440319033,2024,440319033,1,9,0,17,19,3,8,0,0,0,5,10,0,0,4,1,6,6,2,19,4,999,1,7,VOLKSWAGEN UP,-1,-1,0,-1
2024131513151,2024,131513151,3,9,0,-1,4,1,5,-1,0,0,0,0,0,0,2,1,-1,9,2,20,4,999,1,5,VOLKSWAGEN UP,5,E01010578,0,1
2024622400692,2024,622400692,1,9,0,9,9,6,4,0,0,6,0,0,0,0,1,1,2,2,2,48,8,999,1,10,VOLKSWAGEN UP,1,W01001835,0,1
2024311433599,2024,311433599,1,9,0,-1,7,4,6,-1,0,8,0,0,0,0,3,1,-1,6,1,17,4,999,1,9,VOLKSWAGEN UP,2,E01027942,0,1
2024141482810,2024,141482810,1,9,0,-1,12,8,4,-1,0,0,0,0,0,0,3,1,-1,1,2,29,6,999,1,10,VOLKSWAGEN UP,6,E01007829,0,1
2024141493324,2024,141493324,1,9,0,-1,9,1,5,-1,0,5,0,0,0,0,1,1,-1,6,2,49,8,999,1,9,VOLKSWAGEN UP,3,E01007490,0,1
2024461531755,2024,461531755,2,9,0,-1,4,7,5,-1,0,0,0,0,0,0,2,9,-1,2,2,30,6,999,1,8,VOLKSWAGEN UP,5,E01024796,0,1
2024471441439,2024,471441439,2,9,0,-1,19,4,8,-1,0,1,0,0,0,0,2,1,-1,9,1,41,7,999,1,7,VOLKSWAGEN UP,2,E01021178,0,2
2024201444455,2024,201444455,3,9,0,-1,19,7,3,-1,0,0,0,0,0,0,1,1,-1,9,2,55,8,999,1,12,VOLKSWAGEN UP,9,E01009899,0,1
2024010520206,2024,010520206,1,9,0,3,3,1,5,0,0,8,0,0,0,0,0,1,2,2,2,53,8,999,1,5,VOLKSWAGEN UP,9,E01000752,0,1
2024201444800,2024,201444800,1,9,0,-1,19,2,6,-1,0,8,0,0,0,0,3,1,-1,2,2,26,6,999,1,10,VOLKSWAGEN UP,3,E01033562,0,1
2024101522976,2024,101522976,1,9,0,-1,19,6,6,-1,0,2,0,10,0,0,1,1,-1,6,1,54,8,999,1,9,VOLKSWAGEN UP,1,E01027416,0,1
2024501407372,2024,501407372,2,9,0,-1,4,3,6,-1,0,0,0,0,0,0,2,1,-1,9,2,24,5,999,1,12,VOLKSWAGEN UP,4,E01018866,0,3
2024332400111,2024,332400111,1,9,0,-1,19,5,1,-1,0,0,0,0,0,0,1,1,-1,2,2,30,6,999,1,7,VOLKSWAGEN UP,10,E01025661,0,1
2024041474535,2024,041474535,3,9,0,-1,19,3,7,-1,0,0,0,0,0,0,2,1,-1,9,2,37,7,999,1,6,VOLKSWAGEN UP,1,E01025283,0,4
2024991514853,2024,991514853,2,9,0,-1,8,7,5,-1,0,4,0,0,0,0,2,1,-1,2,1,26,6,999,1,6,VOLKSWAGEN UP,1,-1,0,1
2024430090910,2024,430090910,1,9,0,4,4,3,7,0,0,1,0,0,0,0,1,1,6,6,1,23,5,999,1,10,VOLKSWAGEN UP,8,E01028463,0,3
2024421493234,2024,421493234,1,9,0,-1,19,5,1,-1,0,1,0,0,0,0,3,1,-1,9,2,61,9,999,1,5,VOLKSWAGEN UP,10,E01021929,0,1
2024440316875,2024,440316875,2,9,0,18,19,3,7,0,0,1,0,0,0,0,1,1,6,6,2,62,9,999,1,3,VOLKSWAGEN UP,10,E01022629,0,1
2024141401427,2024,141401427,1,9,0,-1,19,3,7,-1,0,0,0,0,0,0,1,2,-1,6,2,24,5,999,1,9,VOLKSWAGEN UP,6,E01007512,0,1
2024552400622,2024,552400622,2,9,0,18,19,3,7,0,0,0,1,0,0,0,2,1,6,6,2,40,7,999,1,10,VOLKSWAGEN UP,10,E01027015,0,5
2024211530710,2024,211530710,2,9,0,-1,99,1,5,-1,99,0,0,0,0,0,9,1,-1,6,3,68,10,999,1,3,VOLKSWAGEN UP,8,E01010255,0,2
2024371477613,2024,371477613,1,9,0,-1,19,1,3,-1,0,1,0,0,0,0,1,1,-1,6,1,19,4,999,1,12,VOLKSWAGEN UP,4,E01030295,0,3
2024991432950,2024,991432950,1,9,0,-1,13,8,4,-1,0,0,5,0,7,11,1,1,-1,6,1,85,11,999,1,11,VOLKSWAGEN UP,7,-1,0,2
2024221534011,2024,221534011,1,9,0,-1,19,7,3,-1,0,0,0,4,0,0,1,1,-1,6,2,17,4,999,1,10,VOLKSWAGEN UP,6,E01028969,0,3
2024471527821,2024,471527821,1,9,0,-1,9,8,6,-1,0,8,0,0,0,0,1,1,-1,2,2,71,10,999,1,8,VOLKSWAGEN UP,6,E01020943,0,1
2024471405701,2024,471405701,1,9,0,-1,19,2,6,-1,0,8,0,0,0,0,1,1,-1,6,1,35,6,999,1,2,VOLKSWAGEN UP,8,E01021115,0,2
2024991535347,2024,991535347,2,9,0,-1,9,3,1,-1,0,1,0,0,0,0,0,1,-1,6,3,-1,-1,999,1,10,VOLKSWAGEN UP,-1,-1,0,-1
2024101486855,2024,101486855,1,9,0,-1,5,7,3,-1,0,0,0,0,0,0,1,9,-1,9,1,21,5,999,1,11,VOLKSWAGEN UP,6,E01008574,0,2
2024471460146,2024,471460146,1,9,0,-1,9,3,1,-1,0,8,0,0,0,0,4,1,-1,9,1,18,4,999,1,9,VOLKSWAGEN UP,6,E01024804,0,4
2024991476142,2024,991476142,1,9,0,-1,19,3,7,-1,0,1,0,0,0,0,1,1,-1,2,2,19,4,999,1,5,VOLKSWAGEN UP,7,-1,0,3
2024340WN2912,2024,340WN2912,1,9,0,-1,19,1,5,-1,0,1,0,0,0,0,1,1,-1,9,2,73,10,999,1,12,VOLKSWAGEN UP,5,E01027183,0,1
2024141432348,2024,141432348,2,9,0,-1,19,7,3,-1,1,0,0,0,0,0,2,1,-1,2,2,18,4,999,1,11,VOLKSWAGEN UP,8,E01007987,0,1
2024010531855,2024,010531855,2,9,0,17,19,1,5,0,0,0,0,0,0,0,1,1,6,6,1,31,6,999,1,9,VOLKSWAGEN UP,9,E01002362,0,1
2024070416180,2024,070416180,2,9,0,4,4,3,7,0,0,0,0,0,0,0,2,1,2,2,2,20,4,999,1,12,VOLKSWAGEN UP,8,E01018699,0,1
2024131465017,2024,131465017,1,9,0,-1,19,1,5,-1,0,1,0,0,0,0,1,1,-1,6,2,26,6,999,1,5,VOLKSWAGEN UP,1,E01010996,0,1
2024451534150,2024,451534150,2,9,0,-1,4,1,5,-1,0,0,0,0,0,0,1,1,-1,6,3,74,10,999,1,9,VOLKSWAGEN UP,9,E01030940,0,1
2024631535349,2024,631535349,1,9,0,-1,19,8,4,-1,-1,1,0,0,0,0,4,1,-1,6,2,20,4,999,1,12,VOLKSWAGEN UP,6,W01000803,0,2
2024421457099,2024,421457099,1,9,0,-1,4,1,7,-1,0,6,0,0,0,0,1,1,-1,2,1,50,8,-1,3,2,VOLKSWAGEN UP,-1,-1,0,-1
2024430435385,2024,430435385,1,9,0,7,7,6,8,0,0,5,0,0,0,0,4,1,6,6,2,32,6,999,1,12,VOLKSWAGEN UP,-1,-1,0,-1
2024070731790,2024,070731790,1,9,0,-1,9,7,3,-1,0,8,0,0,1,10,3,1,-1,6,2,19,4,999,1,10,VOLKSWAGEN UP,9,E01004965,0,4
2024430147733,2024,430147733,2,9,0,18,19,1,5,0,0,0,0,0,0,0,1,1,6,6,1,61,9,999,1,10,VOLKSWAGEN UP,10,E01028694,0,1
2024440222015,2024,440222015,1,9,0,3,3,8,4,0,0,2,0,0,0,0,2,1,6,6,1,30,6,999,1,2,VOLKSWAGEN UP,7,E01023215,0,1
2024161462309,2024,161462309,2,9,0,-1,19,4,8,-1,0,1,1,4,0,0,1,1,-1,9,2,66,10,999,1,4,VOLKSWAGEN UP,6,E01013078,0,1
2024501533746,2024,501533746,3,9,0,-1,2,0,0,-1,0,0,0,0,0,0,3,1,-1,6,2,63,9,999,1,6,VOLKSWAGEN UP,7,E01015112,0,4
2024991501308,2024,991501308,1,9,0,-1,19,1,5,-1,0,0,1,0,7,10,1,1,-1,9,2,18,4,999,1,10,VOLKSWAGEN UP,-1,-1,0,-1
2024201439337,2024,201439337,1,9,0,-1,4,8,4,-1,0,0,0,0,0,0,1,1,-1,6,2,20,4,999,1,11,VOLKSWAGEN UP,-1,-1,0,-1
2024501536067,2024,501536067,2,9,0,-1,4,1,4,-1,9,0,0,0,0,0,1,1,-1,9,2,18,4,999,1,11,VOLKSWAGEN UP,7,E01015136,0,1
2024501527986,2024,501527986,1,9,0,-1,19,4,2,-1,0,0,5,0,8,10,1,2,-1,2,2,60,9,999,1,11,VOLKSWAGEN UP,5,E01020331,0,1
2024501405501,2024,501405501,1,9,0,-1,19,1,4,-1,0,1,1,0,0,0,4,1,-1,6,2,23,5,999,1,10,VOLKSWAGEN UP,4,E01020271,0,3
2024070291353,2024,070291353,1,9,0,1,1,5,1,0,0,0,0,0,0,0,2,1,6,6,2,45,7,999,1,7,VOLKSWAGEN UP,5,E01018532,0,1
2024201561761,2024,201561761,1,9,0,-1,19,2,6,-1,0,1,0,0,0,0,3,9,-1,6,2,-1,-1,999,1,10,VOLKSWAGEN UP,2,E01009315,0,1
2024401502505,2024,401502505,1,9,0,-1,19,6,2,-1,0,0,0,0,0,0,1,1,-1,7,1,18,4,999,1,7,VOLKSWAGEN UP,9,E01017450,0,2
2024991520280,2024,991520280,1,9,0,-1,19,4,8,-1,0,0,0,0,0,0,1,1,-1,9,2,20,4,999,1,10,VOLKSWAGEN UP,-1,-1,0,-1
2024430353992,2024,430353992,2,9,0,2,2,0,0,0,0,0,0,0,0,0,2,1,3,7,2,36,7,999,1,6,VOLKSWAGEN UP,8,E01017770,0,1
2024010492543,2024,010492543,1,9,0,99,99,9,9,99,99,9,9,99,9,99,9,9,6,6,2,43,7,999,1,11,VOLKSWAGEN UP,5,E01004127,0,1
2024461521972,2024,461521972,2,9,0,-1,19,7,1,-1,0,0,0,0,0,0,4,9,-1,9,2,25,5,999,1,7,VOLKSWAGEN UP,8,E01031778,0,4
2024302400728,2024,302400728,4,9,0,18,19,5,1,0,0,0,0,0,0,0,1,1,6,6,2,32,6,999,1,6,VOLKSWAGEN UP,7,E01008049,0,4
2024231460445,2024,231460445,2,9,0,-1,4,4,8,-1,0,8,0,0,0,0,2,9,-1,6,2,54,8,999,1,4,VOLKSWAGEN UP,8,E01031237,0,1
2024622400527,2024,622400527,2,9,0,18,19,6,2,0,0,8,0,0,0,0,4,1,6,6,1,21,5,999,1,7,VOLKSWAGEN UP,9,W01001342,0,2
2024201518933,2024,201518933,2,9,0,-1,19,3,7,-1,0,0,0,0,0,0,3,1,-1,6,1,18,4,999,1,10,VOLKSWAGEN UP,3,E01009857,0,1
2024547951524,2024,547951524,1,9,0,9,9,3,8,0,0,6,0,0,0,0,4,1,6,6,1,57,9,999,1,11,VOLKSWAGEN UP,7,E01031850,0,2
2024991528752,2024,991528752,1,9,0,-1,19,6,2,-1,0,4,1,0,0,0,1,1,-1,6,1,60,9,999,1,8,VOLKSWAGEN UP,-1,-1,0,-1
2024531462858,2024,531462858,1,9,0,-1,9,7,5,-1,0,8,1,0,0,0,3,1,-1,9,1,78,11,999,1,8,VOLKSWAGEN UP,9,E01022353,0,1
2024340WN0512,2024,340WN0512,2,9,0,-1,9,4,2,-1,0,6,0,0,0,0,1,1,-1,6,2,63,9,999,1,9,VOLKSWAGEN UP,2,E01027151,0,1
2024501467889,2024,501467889,1,9,0,-1,8,5,7,-1,0,1,9,0,0,0,2,1,-1,9,1,26,6,999,1,7,VOLKSWAGEN UP,6,E01020312,0,3
2024461498266,2024,461498266,1,9,0,-1,19,3,7,-1,0,0,0,0,0,0,1,9,-1,2,2,59,9,999,1,5,VOLKSWAGEN UP,3,E01024713,0,2
2024010542385,2024,010542385,1,9,0,18,19,1,5,0,0,0,0,0,0,0,1,1,6,6,2,25,5,999,1,11,VOLKSWAGEN UP,-1,-1,0,-1
2024421473174,2024,421473174,1,9,0,-1,19,3,7,-1,0,0,0,0,0,0,1,1,-1,9,1,35,6,999,1,6,VOLKSWAGEN UP,5,E01026423,0,4
2024522401493,2024,522401493,1,9,0,17,19,2,6,0,0,0,5,0,2,0,4,1,6,6,1,32,6,999,1,11,VOLKSWAGEN UP,8,E01014996,0,2
2024201462864,2024,201462864,2,9,0,-1,19,2,8,-1,0,8,0,0,0,0,4,1,-1,9,1,58,9,999,1,11,VOLKSWAGEN UP,1,E01009362,0,1
2024211476383,2024,211476383,1,9,0,-1,4,4,8,-1,0,0,0,1,0,0,1,1,-1,1,2,29,6,999,1,6,VOLKSWAGEN UP,4,E01009863,0,4
2024041431615,2024,041431615,1,9,0,-1,7,1,5,-1,0,1,0,0,0,0,1,1,-1,6,2,84,11,999,1,5,VOLKSWAGEN UP,6,E01006949,0,3
2024311524704,2024,311524704,1,9,0,-1,19,3,7,-1,0,1,0,0,0,0,2,1,-1,6,2,76,11,999,1,11,VOLKSWAGEN UP,4,E01027945,0,2
2024041490910,2024,041490910,1,9,0,-1,14,1,5,-1,0,0,0,4,0,0,1,1,-1,6,1,75,10,999,1,9,VOLKSWAGEN UP,9,E01025437,0,1
2024430220188,2024,430220188,2,9,0,18,19,3,7,0,0,0,0,0,1,3,1,1,6,6,2,18,4,999,1,5,VOLKSWAGEN UP,9,E01017676,0,1
2024430250027,2024,430250027,1,9,0,10,10,4,2,0,0,8,0,0,0,0,2,1,6,6,2,59,9,-1,3,3,VOLKSWAGEN UP,10,E01017729,0,2
2024421517775,2024,421517775,1,9,0,-1,-1,-1,-1,-1,-1,-1,-1,-1,-1,0,-1,9,-1,6,3,-1,-1,999,1,8,VOLKSWAGEN UP,-1,-1,0,-1
2024471464475,2024,471464475,1,9,0,-1,19,5,1,-1,0,0,0,0,7,11,4,1,-1,1,2,20,4,999,1,12,VOLKSWAGEN UP,6,E01021130,0,1
2024010528140,2024,010528140,3,9,0,1,1,5,1,0,0,1,0,0,0,0,2,1,1,1,1,54,8,999,1,9,VOLKSWAGEN UP,3,E01001726,0,2
2024501477148,2024,501477148,1,9,0,-1,5,2,7,-1,0,1,0,0,0,0,1,1,-1,9,2,31,6,999,1,12,VOLKSWAGEN UP,4,E01018862,0,2
2024320474198,2024,320474198,1,9,0,-1,-1,4,8,0,0,2,0,0,0,0,1,1,-1,-1,1,26,6,999,1,12,VOLKSWAGEN UP,7,E01026344,0,1
2024430272818,2024,430272818,1,9,0,7,7,6,8,0,0,6,0,0,0,0,1,1,6,6,1,21,5,999,1,8,VOLKSWAGEN UP,-1,-1,0,-1
2024231402493,2024,231402493,2,9,0,-1,19,2,6,-1,0,8,0,0,0,0,3,9,-1,6,1,33,6,999,1,12,VOLKSWAGEN UP,3,E01009565,0,3
2024461520601,2024,461520601,1,9,0,-1,5,5,1,-1,0,0,0,0,0,0,1,1,-1,9,2,31,6,999,1,12,VOLKSWAGEN UP,8,E01024053,0,1
2024471406953,2024,471406953,4,9,0,-1,19,6,2,-1,0,0,0,0,0,0,1,1,-1,1,2,27,6,999,1,7,VOLKSWAGEN UP,4,E01032036,0,5
2024201417604,2024,201417604,1,9,0,-1,9,4,2,-1,0,5,0,10,7,0,4,1,-1,9,2,38,7,999,1,9,VOLKSWAGEN UP,10,E01009903,0,1
2024991426275,2024,991426275,1,9,0,-1,19,1,5,-1,0,0,5,7,1,1,1,1,-1,9,1,31,6,999,1,9,VOLKSWAGEN UP,6,-1,0,3
2024542880824,2024,542880824,1,9,0,18,19,1,5,0,0,1,0,0,0,0,1,1,6,6,1,-1,-1,-1,3,2,VOLKSWAGEN UP,7,E01031979,0,2
2024501521160,2024,501521160,2,9,0,-1,19,1,5,-1,0,1,0,0,0,0,1,1,-1,9,2,86,11,999,1,10,VOLKSWAGEN UP,7,E01020298,0,1
2024440293135,2024,440293135,2,9,0,9,9,3,1,0,0,5,0,0,0,0,3,1,6,6,1,-1,-1,999,1,8,VOLKSWAGEN UP,-1,-1,0,-1
2024552400610,2024,552400610,2,9,0,18,19,3,7,0,0,8,0,0,0,0,1,1,6,6,2,18,4,999,1,11,VOLKSWAGEN UP,6,E01020546,0,1
2024531395377,2024,531395377,1,9,0,-1,19,1,5,-1,0,0,0,0,0,0,1,1,-1,9,1,33,6,999,1,9,VOLKSWAGEN UP,4,E01014016,0,4
2024221520302,2024,221520302,1,9,0,-1,13,5,8,-1,0,0,0,0,0,0,1,1,-1,6,1,45,7,999,1,7,VOLKSWAGEN UP,8,E01034965,0,5
2024471478446,2024,471478446,1,9,0,-1,19,8,4,-1,0,0,0,0,1,2,1,1,-1,9,1,86,11,999,1,8,VOLKSWAGEN UP,10,E01031485,0,1
2024991524569,2024,991524569,1,9,0,-1,19,7,3,-1,0,0,0,0,0,0,1,1,-1,9,1,29,6,999,1,12,VOLKSWAGEN UP,6,-1,0,3
2024031524224,2024,031524224,1,9,0,-1,5,7,7,-1,0,6,1,0,0,0,1,1,-1,9,1,49,8,999,1,11,VOLKSWAGEN UP,9,E01019343,0,2
2024501501299,2024,501501299,2,9,0,-1,19,5,1,-1,0,0,0,0,1,0,1,1,-1,6,1,50,8,999,1,12,VOLKSWAGEN UP,5,E01018960,0,2
2024311422018,2024,311422018,1,9,0,-1,19,4,8,-1,0,8,0,0,0,0,3,1,-1,6,1,32,6,990,1,12,VOLKSWAGEN UP,-1,-1,0,-1
2024221460875,2024,221460875,2,9,0,-1,19,4,8,-1,0,8,0,0,0,0,4,9,-1,7,2,53,8,999,1,11,VOLKSWAGEN UP,5,E01032475,0,1
2024052402666,2024,052402666,2,9,0,18,19,3,7,0,0,8,0,0,0,0,1,1,6,6,1,18,4,999,1,6,VOLKSWAGEN UP,8,E01006263,0,1
2024471458974,2024,471458974,1,9,0,-1,19,3,7,-1,0,1,0,0,0,0,1,1,-1,9,2,54,8,999,1,12,VOLKSWAGEN UP,5,E01021001,0,1
2024101417372,2024,101417372,1,9,0,-1,4,7,3,-1,0,0,0,0,0,0,2,1,-1,9,2,65,9,999,1,5,VOLKSWAGEN UP,8,E01008862,0,1
2024544245724,2024,544245724,1,9,0,17,19,8,4,0,0,0,1,0,1,4,2,1,6,6,1,24,5,999,1,2,VOLKSWAGEN UP,9,E01031968,0,3
2024991456194,2024,991456194,2,9,0,-1,6,7,3,-1,0,1,0,0,0,0,4,1,-1,9,1,18,4,999,1,10,VOLKSWAGEN UP,7,-1,0,3
2024471463468,2024,471463468,2,9,0,-1,3,-1,-1,-1,0,0,0,0,0,0,1,1,-1,6,2,41,7,999,1,6,VOLKSWAGEN UP,7,E01034828,0,2
2024552400955,2024,552400955,2,9,0,18,19,4,8,0,0,8,0,0,0,0,3,1,2,2,2,55,8,999,1,11,VOLKSWAGEN UP,8,E01020474,0,1
2024061461654,2024,061461654,1,11,0,-1,13,-1,-1,-1,0,0,0,0,0,0,3,1,-1,1,1,29,6,5132,2,4,WRIGHTBUS MODEL MISSING,5,E01006355,0,4
2024010524347,2024,010524347,1,11,0,9,9,8,5,0,0,3,0,0,0,0,0,1,1,1,1,32,6,-1,3,3,WRIGHTBUS MODEL MISSING,6,E01001345,0,2
2024430014422,2024,430014422,1,11,0,18,19,4,7,0,0,8,0,0,0,0,1,1,1,1,1,29,6,5132,2,4,WRIGHTBUS MODEL MISSING,5,E01028556,0,1
2024101491577,2024,101491577,1,11,-1,-1,-1,4,8,-1,0,0,0,0,0,0,0,9,-1,1,1,42,7,5132,2,4,WRIGHTBUS MODEL MISSING,4,E01020900,0,4
2024131503384,2024,131503384,2,11,0,-1,4,1,5,-1,0,1,0,0,0,0,0,1,-1,1,1,57,9,5132,2,4,WRIGHTBUS MODEL MISSING,1,E01011371,0,1
2024052402213,2024,052402213,1,11,0,18,19,6,3,0,0,1,0,0,0,0,1,1,1,1,2,45,7,5132,2,3,WRIGHTBUS MODEL MISSING,1,E01006693,0,1
2024061513942,2024,061513942,2,11,0,-1,19,8,4,-1,0,0,0,0,0,0,3,1,-1,1,1,35,6,5132,2,4,WRIGHTBUS MODEL MISSING,3,E01004992,0,2
2024010546145,2024,010546145,1,11,0,18,19,1,5,0,0,2,0,0,0,0,0,1,1,1,1,53,8,-1,3,3,WRIGHTBUS MODEL MISSING,6,E01001289,0,2
2024061407066,2024,061407066,2,11,0,-1,19,7,3,-1,2,8,0,0,0,0,3,1,-1,1,1,47,8,5132,2,3,WRIGHTBUS MODEL MISSING,3,E01006260,0,3
2024052400752,2024,052400752,2,11,0,18,19,1,5,0,0,2,0,0,0,0,1,1,1,1,1,52,8,5132,2,3,WRIGHTBUS MODEL MISSING,1,E01006546,0,2
2024201476886,2024,201476886,1,11,0,-1,19,7,3,-1,0,0,0,4,0,0,1,1,-1,1,1,22,5,5132,2,3,WRIGHTBUS MODEL MISSING,1,E01010455,0,3
2024131421178,2024,131421178,1,11,0,-1,2,0,0,-1,0,8,0,0,0,0,0,1,-1,1,2,60,9,5132,2,4,WRIGHTBUS MODEL MISSING,1,E01011475,0,1
2024101508777,2024,101508777,1,11,0,-1,5,8,4,-1,0,4,0,0,0,0,0,1,-1,1,1,62,9,5132,2,4,WRIGHTBUS MODEL MISSING,1,E01011978,0,4
2024131405169,2024,131405169,1,11,0,-1,2,0,0,-1,2,8,0,0,0,0,4,1,-1,6,3,-1,-1,5132,2,4,WRIGHTBUS MODEL MISSING,-1,-1,0,-1
2024101445636,2024,101445636,1,11,0,-1,19,4,8,-1,0,0,0,0,0,0,3,1,-1,1,1,41,7,5132,2,4,WRIGHTBUS MODEL MISSING,8,E01034515,0,1
2024101459894,2024,101459894,1,11,0,-1,4,8,4,-1,0,8,0,0,0,0,4,1,-1,1,1,59,9,5132,2,4,WRIGHTBUS MODEL MISSING,8,E01008843,0,3
2024440165405,2024,440165405,2,4,0,5,5,1,5,0,0,1,0,0,0,0,1,1,6,6,1,55,8,499,1,15,-1,9,E01030782,0,1
2024552400828,2024,552400828,1,4,0,4,4,3,7,0,0,0,1,0,0,0,4,1,6,6,1,55,8,530,1,8,-1,9,E01018123,0,5
2024010509535,2024,010509535,2,5,0,18,19,1,5,0,0,0,0,0,0,0,1,1,6,6,1,24,5,530,1,6,-1,-1,-1,0,-1
2024010504511,2024,010504511,2,3,0,18,19,7,3,0,0,1,0,0,0,0,1,1,6,6,1,34,6,530,1,9,-1,-1,-1,0,-1
2024010499037,2024,010499037,1,4,0,18,19,9,9,99,99,9,9,99,9,99,1,1,2,2,1,22,5,499,1,13,-1,2,E01003253,0,3
2024430102681,2024,430102681,1,5,0,13,13,6,2,0,0,0,0,7,0,0,1,1,6,6,1,27,6,-1,-1,-1,-1,4,E01017850,0,1
2024010536988,2024,010536988,4,4,0,18,19,1,5,0,0,0,0,0,0,0,1,1,2,2,1,22,5,499,1,13,-1,9,E01003890,0,1
2024010531682,2024,010531682,1,4,0,99,99,9,9,99,99,9,9,99,9,99,9,1,1,1,1,30,6,499,1,17,-1,4,E01001886,0,2
2024201442886,2024,201442886,1,4,0,-1,19,4,8,-1,0,8,0,0,0,0,1,1,-1,6,1,31,6,530,1,9,-1,1,E01009301,0,1
2024122401313,2024,122401313,2,3,0,18,19,6,2,0,0,1,0,0,0,0,1,1,6,6,1,33,6,124,1,1,-1,10,E01027719,0,1
2024010546105,2024,010546105,1,3,0,18,19,5,1,0,0,4,1,10,0,0,0,1,6,6,2,38,7,124,1,5,-1,5,E01001863,0,1
2024552401351,2024,552401351,1,3,0,18,19,8,4,0,0,0,0,0,0,0,1,1,6,6,1,27,6,124,1,5,-1,6,E01020561,0,1
2024440218031,2024,440218031,1,3,0,4,4,1,5,0,0,1,0,0,0,0,0,1,6,6,1,62,9,124,1,0,-1,8,E01022695,0,1
2024122500188,2024,122500188,2,3,0,18,19,1,5,0,0,1,0,0,0,0,4,1,6,6,1,20,4,124,1,2,-1,4,E01013353,0,2
2024430319458,2024,430319458,1,9,0,18,19,5,1,0,0,8,1,10,1,1,1,1,2,2,1,54,8,1910,2,19,-1,9,E01035263,0,1
2024332400035,2024,332400035,1,9,0,-1,19,6,2,-1,0,0,0,0,0,0,3,1,-1,9,1,42,7,1910,2,17,-1,3,E01029602,0,4