collision_index,collision_year,collision_ref_no,vehicle_reference,vehicle_type,towing_and_articulation,vehicle_manoeuvre_historic,vehicle_manoeuvre,vehicle_direction_from,vehicle_direction_to,vehicle_location_restricted_lane_historic,vehicle_location_restricted_lane,junction_location,skidding_and_overturning,hit_object_in_carriageway,vehicle_leaving_carriageway,hit_object_off_carriageway,first_point_of_impact,vehicle_left_hand_drive,journey_purpose_of_driver_historic,journey_purpose_of_driver,sex_of_driver,age_of_driver,age_band_of_driver,engine_capacity_cc,propulsion_code,age_of_vehicle,generic_make_model,driver_imd_decile,lsoa_of_driver,escooter_flag,driver_distance_banding
2024010511649,2024,010511649,1,9,0,18,19,3,7,0,0,0,0,0,0,0,3,1,6,6,1,25,5,5204,1,5,-1,5,E01035690,0,2
2024010515158,2024,010515158,1,9,5,9,9,1,7,0,0,8,0,7,0,0,1,1,6,6,3,23,5,5204,1,3,-1,-1,-1,0,-1
2024010541883,2024,010541883,1,9,0,5,5,1,5,0,0,2,0,0,0,0,4,1,6,6,1,62,9,5204,1,6,-1,6,E01000299,0,2
2024440363725,2024,440363725,1,9,0,18,19,2,6,0,0,0,0,0,0,0,4,1,6,6,1,38,7,5204,1,6,-1,6,E01030312,0,4
2024401519393,2024,401519393,2,9,0,-1,19,8,4,-1,0,1,0,0,0,0,3,1,-1,6,1,24,5,5204,1,4,-1,3,E01015788,0,1
2024461474061,2024,461474061,1,19,0,-1,3,7,3,-1,0,1,0,0,0,0,4,1,-1,2,1,54,8,2442,2,7,-1,4,E01024284,0,1
2024991490786,2024,991490786,2,5,0,-1,13,4,8,-1,0,1,0,0,7,0,1,1,-1,9,1,48,8,649,1,3,KAWASAKI EN650,-1,-1,0,-1
2024552401002,2024,552401002,1,5,0,18,19,4,8,0,0,0,0,0,0,0,1,1,2,2,2,47,8,649,1,0,KAWASAKI EN650,6,E01015353,0,1
2024471418260,2024,471418260,2,5,0,-1,8,1,7,-1,0,8,0,0,0,0,2,1,-1,9,1,68,10,649,1,1,KAWASAKI EN650,5,E01031392,0,2
2024471451326,2024,471451326,2,5,0,-1,19,6,4,-1,0,8,0,0,0,0,4,1,-1,2,1,41,7,649,1,4,KAWASAKI EN650,9,E01031719,0,1
2024340WN2272,2024,340WN2272,2,5,0,-1,9,8,3,-1,0,5,0,0,0,0,3,1,-1,1,1,69,10,649,1,1,KAWASAKI EN650,6,E01027232,0,3
2024061423858,2024,061423858,2,5,0,-1,19,7,3,-1,0,1,0,0,0,0,1,1,-1,9,1,57,9,649,1,2,KAWASAKI EN650,5,E01006006,0,1
2024451511241,2024,451511241,1,5,0,-1,19,3,7,-1,0,4,0,12,0,0,1,1,-1,2,1,50,8,649,1,1,KAWASAKI EN650,8,E01021167,0,2
2024351395100,2024,351395100,2,3,0,-1,19,3,7,-1,0,3,0,0,0,0,-1,1,-1,2,1,33,6,649,1,2,KAWASAKI EN650,5,E01033174,0,1
2024010546871,2024,010546871,2,5,0,4,4,4,8,0,0,0,0,0,0,0,1,1,2,2,1,36,7,649,1,3,KAWASAKI EN650,2,E01021270,0,4
2024451557083,2024,451557083,2,5,0,-1,19,4,8,-1,0,1,0,0,0,0,4,1,-1,2,1,23,5,649,1,4,KAWASAKI EN650,10,E01031735,0,1
2024471441543,2024,471441543,1,5,0,-1,19,7,3,-1,0,0,1,0,0,0,4,1,-1,1,1,59,9,942,1,18,-1,10,E01022972,0,2
2024451501636,2024,451501636,1,19,0,-1,4,6,2,-1,0,0,0,0,0,0,1,1,-1,1,1,42,7,1996,2,1,MAXUS DELIVER,7,E01021635,0,4
2024371505408,2024,371505408,1,19,0,-1,19,7,3,-1,0,0,0,0,1,0,1,1,-1,1,1,32,6,1998,2,2,MAXUS DELIVER,10,E01030204,0,3
2024991474358,2024,991474358,1,19,0,-1,3,3,7,-1,0,0,0,0,0,0,3,1,-1,6,1,48,8,1996,2,0,MAXUS DELIVER,3,-1,0,4
2024161401260,2024,161401260,2,19,0,-1,13,8,4,-1,0,0,0,0,0,0,4,9,-1,1,1,20,4,-1,3,3,MAXUS DELIVER,-1,-1,0,-1
2024010500847,2024,010500847,1,19,0,17,19,3,7,0,0,8,0,0,0,0,1,1,1,1,1,41,7,-1,3,1,MAXUS DELIVER,3,E01003983,0,1
2024010524854,2024,010524854,2,19,9,1,1,9,9,99,99,9,9,99,9,99,2,9,6,6,3,-1,-1,-1,3,2,MAXUS DELIVER,-1,-1,0,-1
2024610034124,2024,610034124,3,19,0,18,19,1,5,0,0,1,1,0,0,0,1,1,1,1,1,42,7,1996,2,2,MAXUS DELIVER,2,E01017523,0,5
2024122500018,2024,122500018,1,19,0,18,19,4,8,0,0,0,0,0,7,11,3,1,6,6,1,29,6,1996,2,1,MAXUS DELIVER,1,E01010614,0,4
2024991517665,2024,991517665,2,19,0,-1,19,7,2,-1,0,0,0,0,0,0,2,1,-1,1,2,44,7,1996,2,0,MAXUS DELIVER,4,-1,0,3
2024501440378,2024,501440378,1,19,0,-1,19,3,7,-1,0,0,0,0,0,0,4,1,-1,1,1,53,8,1996,2,1,MAXUS DELIVER,5,E01019947,0,4
2024411500641,2024,411500641,2,19,0,-1,19,7,3,-1,0,0,0,0,0,0,1,1,-1,1,1,23,5,-1,3,2,MAXUS DELIVER,9,E01017449,0,4
2024010504139,2024,010504139,2,19,0,99,99,9,9,99,99,9,9,99,9,99,1,9,6,6,3,24,5,-1,3,2,MAXUS DELIVER,4,E01004643,0,1
2024101434034,2024,101434034,2,19,0,-1,4,5,1,-1,0,1,0,0,0,0,4,1,-1,1,1,32,6,-1,3,2,MAXUS DELIVER,1,E01008301,0,2
2024010542317,2024,010542317,1,19,0,-1,-1,5,1,0,0,0,0,0,7,4,1,1,1,1,1,48,8,-1,3,2,MAXUS DELIVER,5,E01000491,0,1
2024991579036,2024,991579036,1,19,0,-1,7,3,5,-1,0,8,0,0,0,0,1,1,-1,1,1,49,8,1996,2,1,MAXUS DELIVER,4,-1,0,4
2024131525316,2024,131525316,2,19,0,-1,2,7,3,-1,9,1,0,0,0,0,3,1,-1,6,-1,-1,-1,-1,3,3,MAXUS DELIVER,-1,-1,0,-1
2024010548309,2024,010548309,2,19,0,99,99,9,9,99,99,0,9,99,9,99,9,9,6,6,3,-1,-1,1996,2,0,MAXUS DELIVER,-1,-1,0,-1
2024421483363,2024,421483363,2,19,0,-1,4,5,1,-1,0,0,0,0,0,0,2,1,-1,1,1,50,8,1996,2,3,MAXUS DELIVER,8,E01002453,0,4
2024471420236,2024,471420236,1,19,0,-1,5,3,7,-1,0,0,0,0,0,0,1,1,-1,1,1,-1,-1,1996,2,1,MAXUS DELIVER,-1,-1,0,-1
2024010500661,2024,010500661,1,19,0,3,3,7,3,0,0,1,0,0,0,0,1,1,1,1,1,20,4,-1,3,2,MAXUS DELIVER,1,E01001845,0,1
2024010540680,2024,010540680,1,19,0,7,7,5,7,0,0,6,0,0,0,0,1,1,6,6,1,79,11,1996,2,1,MAXUS DELIVER,4,E01001887,0,1
2024111411278,2024,111411278,1,19,0,-1,19,7,3,-1,0,0,0,0,0,0,1,1,-1,6,1,37,7,1996,2,3,MAXUS DELIVER,3,E01020621,0,1
2024010535366,2024,010535366,1,19,0,9,9,4,3,0,0,2,0,0,0,0,1,1,1,1,1,19,4,-1,3,2,MAXUS DELIVER,4,E01003736,0,2
2024010499065,2024,010499065,2,19,9,9,9,7,4,99,99,9,9,99,9,99,9,9,6,6,3,-1,-1,-1,3,1,MAXUS DELIVER,-1,-1,0,-1
2024451462546,2024,451462546,2,19,0,-1,4,1,5,-1,0,0,0,0,0,0,2,1,-1,1,1,46,8,1996,2,0,MAXUS DELIVER,10,E01030966,0,1
2024631467956,2024,631467956,1,19,0,-1,19,7,3,-1,0,1,0,0,0,0,1,1,-1,1,1,25,5,-1,3,2,MAXUS DELIVER,7,W01000704,0,2
2024991513414,2024,991513414,1,19,0,-1,19,4,8,-1,0,1,0,0,0,0,4,1,-1,1,1,27,6,-1,3,2,MAXUS DELIVER,-1,-1,0,-1
2024302401577,2024,302401577,1,19,0,16,19,1,3,0,0,0,1,0,0,0,1,1,1,1,1,37,7,-1,3,1,MAXUS DELIVER,2,E01006034,0,4
2024010548630,2024,010548630,2,19,0,7,7,7,1,0,0,6,0,0,0,0,4,1,1,1,1,27,6,1996,2,1,MAXUS DELIVER,7,E01001083,0,2
2024471478116,2024,471478116,1,20,0,-1,5,3,7,-1,0,0,0,0,0,0,1,1,-1,6,3,-1,-1,-1,3,1,MAXUS DELIVER,-1,-1,0,-1
2024041496539,2024,041496539,1,19,0,-1,19,5,1,-1,0,0,0,0,0,0,1,1,-1,1,1,27,6,1996,2,1,MAXUS DELIVER,8,E01007095,0,4
2024201434432,2024,201434432,2,19,0,-1,19,4,8,-1,0,8,0,0,0,0,1,1,-1,6,1,37,7,1998,2,2,MAXUS DELIVER,1,E01010462,0,2
2024361407052,2024,361407052,1,19,0,-1,9,5,3,-1,0,2,0,0,0,0,4,1,-1,1,1,39,7,-1,3,2,MAXUS DELIVER,4,E01035137,0,1
2024010537077,2024,010537077,2,19,9,99,99,9,9,99,99,5,9,99,9,99,0,9,6,6,3,-1,-1,-1,3,1,MAXUS DELIVER,-1,-1,0,-1
2024622400621,2024,622400621,2,19,0,4,4,7,3,0,0,0,0,0,0,0,2,1,6,6,1,42,7,-1,3,2,MAXUS DELIVER,5,W01001101,0,3
2024041490539,2024,041490539,1,19,0,-1,19,5,1,-1,0,0,0,0,0,0,1,1,-1,1,1,47,8,1996,2,3,MAXUS DELIVER,3,E01006273,0,4
2024010497829,2024,010497829,2,19,0,99,99,9,9,99,99,9,9,99,9,99,1,9,6,6,3,-1,-1,1998,2,3,MAXUS DELIVER,-1,-1,0,-1
2024061441374,2024,061441374,1,19,0,-1,1,1,1,-1,99,0,0,0,0,0,2,1,-1,6,3,30,6,-1,3,2,MAXUS DELIVER,-1,-1,0,-1
2024010500227,2024,010500227,2,19,0,99,99,9,9,99,99,5,9,99,9,99,9,9,6,6,3,-1,-1,-1,3,2,MAXUS DELIVER,-1,-1,0,-1
2024531532003,2024,531532003,3,19,0,-1,19,1,5,-1,0,0,0,0,0,0,1,1,-1,9,1,26,6,1996,2,0,MAXUS DELIVER,1,E01009353,0,4
202454E374624,2024,54E374624,1,19,0,18,19,5,1,0,0,0,0,6,0,0,3,1,1,1,1,-1,-1,1996,2,1,MAXUS DELIVER,-1,-1,0,-1
2024010506217,2024,010506217,1,19,0,5,5,1,5,0,0,0,0,0,0,0,3,1,1,1,1,63,9,1996,2,0,MAXUS DELIVER,6,E01003255,0,2
2024010503703,2024,010503703,1,19,0,9,9,7,4,0,0,6,0,0,0,0,1,1,1,1,1,20,4,-1,3,1,MAXUS DELIVER,2,E01033879,0,1
2024991426770,2024,991426770,1,19,0,-1,19,1,5,-1,0,1,1,0,1,11,1,2,-1,9,1,40,7,-1,3,3,MAXUS DELIVER,1,-1,0,1
2024201527037,2024,201527037,1,19,0,-1,5,1,5,-1,0,6,0,0,0,0,1,9,-1,6,3,50,8,1996,2,1,MAXUS DELIVER,-1,-1,0,-1
2024101459679,2024,101459679,1,19,0,-1,4,7,3,-1,0,0,0,0,0,0,1,1,-1,1,1,-1,-1,1996,2,1,MAXUS DELIVER,-1,-1,0,-1
2024010551642,2024,010551642,1,19,0,99,99,9,9,99,99,9,9,99,9,99,1,9,6,6,1,26,6,-1,3,2,MAXUS DELIVER,5,E01003743,0,1
2024351430862,2024,351430862,1,19,0,-1,19,4,2,-1,0,1,0,0,0,0,3,1,-1,9,1,32,6,1996,2,1,MAXUS DELIVER,10,E01018130,0,2
2024991485444,2024,991485444,2,19,0,-1,19,3,7,-1,0,8,0,0,0,0,1,1,-1,1,1,26,6,-1,3,1,MAXUS DELIVER,3,-1,0,1
2024010499931,2024,010499931,2,19,0,99,99,9,9,99,99,9,9,99,9,99,9,9,6,6,3,-1,-1,1996,2,1,MAXUS DELIVER,4,E01035307,0,4
2024010537336,2024,010537336,1,19,0,3,3,9,9,99,99,9,9,99,9,99,2,9,1,1,1,37,7,-1,3,3,MAXUS DELIVER,4,E01021495,0,4
2024471443621,2024,471443621,2,19,-1,-1,2,0,0,-1,-1,0,0,0,0,0,4,9,-1,6,1,63,9,1996,2,1,MAXUS DELIVER,4,E01026045,0,5
2024010499911,2024,010499911,1,19,0,18,19,3,7,0,0,8,0,0,0,0,1,1,6,6,3,-1,-1,1996,2,1,MAXUS DELIVER,-1,-1,0,-1
2024201428619,2024,201428619,1,19,0,-1,19,6,2,-1,0,1,0,0,0,0,1,1,-1,6,1,35,6,1996,2,3,MAXUS DELIVER,7,E01010209,0,2
2024991487289,2024,991487289,1,19,0,-1,11,3,6,-1,0,1,0,0,0,0,0,1,-1,1,1,39,7,1996,2,1,MAXUS DELIVER,2,-1,0,4
2024520001109,2024,520001109,2,20,0,18,19,6,2,0,0,0,0,0,0,0,1,1,1,1,1,23,5,1996,2,1,MAXUS DELIVER,7,E01005819,0,5
2024351489451,2024,351489451,2,19,0,-1,9,5,3,-1,0,1,0,0,0,0,4,1,-1,6,1,37,7,1996,2,1,MAXUS DELIVER,2,E01018097,0,2
2024010551143,2024,010551143,2,19,0,-1,-1,1,5,0,0,9,0,0,0,0,1,9,6,6,3,-1,-1,-1,3,3,MAXUS DELIVER,-1,-1,0,-1
2024991566001,2024,991566001,1,19,0,-1,19,1,1,-1,0,0,0,0,0,0,1,1,-1,6,1,45,7,1996,2,1,MAXUS DELIVER,-1,-1,0,-1
2024991438498,2024,991438498,1,20,0,-1,19,3,7,-1,0,1,0,0,0,0,3,1,-1,1,1,34,6,1996,2,2,MAXUS DELIVER,9,-1,0,4
2024010537024,2024,010537024,1,19,0,99,99,9,9,99,99,9,9,99,9,99,1,9,6,6,3,-1,-1,-1,3,3,MAXUS DELIVER,-1,-1,0,-1
2024010499215,2024,010499215,1,19,0,12,12,3,7,0,0,1,0,0,0,0,1,1,1,1,1,35,6,-1,3,2,MAXUS DELIVER,3,E01034199,0,2
2024010506470,2024,010506470,3,19,0,12,12,5,1,8,6,2,0,0,0,0,1,1,1,1,1,33,6,1996,2,3,MAXUS DELIVER,3,E01000062,0,2
2024010520950,2024,010520950,1,19,0,16,19,3,7,0,0,0,0,0,0,0,4,1,1,1,1,57,9,1996,2,1,MAXUS DELIVER,5,E01001041,0,4
2024131450859,2024,131450859,3,19,0,-1,19,5,1,-1,0,8,0,0,0,0,1,1,-1,1,1,46,8,-1,3,1,MAXUS DELIVER,2,E01007967,0,4
2024430133999,2024,430133999,2,19,0,1,1,7,3,0,0,6,0,0,0,0,2,1,6,6,1,-1,-1,-1,3,2,MAXUS DELIVER,-1,-1,0,-1
2024501529781,2024,501529781,1,20,0,-1,19,3,7,-1,0,2,0,0,0,0,1,1,-1,1,1,20,4,-1,-1,-1,MAXUS DELIVER,5,E01020055,0,4
2024131518914,2024,131518914,1,19,0,-1,19,5,1,-1,0,8,0,0,0,0,3,1,-1,1,1,27,6,-1,3,3,MAXUS DELIVER,2,E01011913,0,3
202460Q182789,2024,60Q182789,1,19,0,5,5,8,4,0,0,8,0,0,0,0,4,1,1,1,1,26,6,-1,3,3,MAXUS DELIVER,-1,-1,0,-1
2024440228399,2024,440228399,2,19,0,18,19,8,4,0,0,1,0,0,0,0,1,1,1,1,1,22,5,1996,2,0,MAXUS DELIVER,2,E01015290,0,4
2024311492548,2024,311492548,2,19,0,-1,19,5,1,-1,0,3,0,0,0,0,3,9,-1,6,3,-1,-1,-1,3,3,MAXUS DELIVER,-1,-1,0,-1
2024010517538,2024,010517538,2,19,0,99,99,9,9,99,99,9,9,99,9,99,9,9,6,6,3,-1,-1,-1,3,1,MAXUS DELIVER,-1,-1,0,-1
202454F116524,2024,54F116524,1,19,0,16,19,6,1,0,0,8,0,0,0,0,1,1,1,1,1,30,6,1996,2,0,MAXUS DELIVER,8,E01031904,0,1
2024201472980,2024,201472980,1,19,0,-1,5,1,2,-1,0,0,2,0,0,0,1,1,-1,1,1,50,8,1996,2,2,MAXUS DELIVER,-1,-1,0,-1
2024010499959,2024,010499959,2,19,0,18,19,3,7,0,0,1,0,0,0,0,4,1,2,2,1,46,8,-1,3,1,MAXUS DELIVER,9,E01000971,0,2
2024371446339,2024,371446339,1,19,-1,-1,1,-1,-1,-1,0,1,0,0,0,0,2,1,-1,6,1,42,7,1996,2,3,MAXUS DELIVER,5,E01030066,0,1
2024610049524,2024,610049524,1,20,0,5,5,2,6,9,9,6,0,0,0,0,1,1,6,6,3,-1,-1,-1,-1,-1,MAXUS DELIVER,2,E01034056,0,5
2024010542816,2024,010542816,1,19,0,7,7,3,5,0,0,5,0,0,0,0,4,1,2,2,1,45,7,-1,3,1,MAXUS DELIVER,5,E01003684,0,2
2024010502887,2024,010502887,1,19,0,1,1,3,7,0,0,0,0,0,0,0,2,1,1,1,1,59,9,-1,3,2,MAXUS DELIVER,2,E01001745,0,1
2024010550447,2024,010550447,2,19,0,99,99,9,9,99,99,9,9,99,9,99,1,9,6,6,3,-1,-1,1996,2,2,MAXUS DELIVER,-1,-1,0,-1
2024411479967,2024,411479967,2,19,0,-1,19,5,1,-1,0,0,0,0,0,0,2,1,-1,2,1,40,7,1996,2,0,MAXUS DELIVER,4,E01022579,0,4
2024201413541,2024,201413541,1,19,0,-1,9,4,1,-1,0,6,0,0,0,0,3,9,-1,1,1,39,7,1996,2,1,MAXUS DELIVER,2,E01010104,0,3
2024471485775,2024,471485775,1,19,0,-1,19,7,4,-1,0,0,0,0,0,0,1,1,-1,1,1,50,8,1996,2,2,MAXUS DELIVER,6,E01030833,0,4
2024631534450,2024,631534450,2,19,0,-1,19,2,5,-1,0,0,1,0,1,10,3,1,-1,1,1,45,7,1996,2,1,MAXUS DELIVER,3,W01000695,0,4
2024010524768,2024,010524768,2,19,0,2,2,0,0,0,0,1,0,4,0,0,4,1,6,6,3,-1,-1,1996,2,3,MAXUS DELIVER,-1,-1,0,-1
2024311485947,2024,311485947,2,20,0,-1,4,5,1,-1,0,0,0,0,0,0,1,1,-1,1,1,55,8,1996,2,2,MAXUS DELIVER,-1,-1,0,-1
2024061487985,2024,061487985,1,19,0,-1,19,5,1,-1,0,8,0,0,0,0,3,1,-1,9,1,32,6,1996,2,3,MAXUS DELIVER,4,E01033685,0,3
2024010493163,2024,010493163,2,20,0,99,99,9,9,0,0,0,0,0,0,0,4,1,6,6,1,-1,-1,-1,-1,-1,MAXUS DELIVER,-1,-1,0,-1
2024361490615,2024,361490615,1,19,0,-1,6,5,1,-1,0,0,0,0,0,0,1,1,-1,1,1,41,7,1996,2,2,MAXUS DELIVER,7,E01026524,0,3
202460Q125681,2024,60Q125681,3,19,0,18,19,3,7,0,0,1,0,0,0,0,1,1,1,1,1,34,6,1996,2,2,MAXUS DELIVER,-1,-1,0,-1
202417S214524,2024,17S214524,3,19,0,-1,4,5,1,-1,0,0,0,0,0,0,2,1,-1,1,1,59,9,1996,2,1,MAXUS DELIVER,5,E01008386,0,4
2024522401880,2024,522401880,2,20,0,2,2,0,0,0,0,2,0,0,0,0,2,1,6,6,1,32,6,1996,2,2,MAXUS DELIVER,6,E01014846,0,1
2024631495826,2024,631495826,2,19,0,-1,4,1,5,-1,0,0,0,0,0,0,2,1,-1,1,1,33,6,1996,2,1,MAXUS DELIVER,6,W01000501,0,2
2024010548618,2024,010548618,2,19,9,99,99,9,9,99,99,9,9,99,9,99,9,9,6,6,3,-1,-1,-1,3,3,MAXUS DELIVER,-1,-1,0,-1
2024122400847,2024,122400847,1,19,0,4,4,1,5,0,0,1,0,0,0,0,1,1,1,1,1,53,8,1996,2,0,MAXUS DELIVER,7,E01027713,0,4
2024010526162,2024,010526162,2,19,0,3,3,9,9,99,99,9,9,99,9,99,2,9,6,6,1,36,7,-1,3,1,MAXUS DELIVER,3,E01032581,0,1
2024471424277,2024,471424277,1,19,0,-1,1,5,3,-1,0,6,0,0,0,0,2,1,-1,1,1,25,5,1996,2,1,MAXUS DELIVER,10,E01035309,0,4
2024010534075,2024,010534075,2,11,0,18,19,5,1,0,0,1,0,0,0,0,4,2,1,1,1,44,7,-1,3,3,-1,3,E01004755,0,1
2024122500339,2024,122500339,1,11,0,18,19,8,4,0,0,8,0,0,0,0,0,1,1,1,1,43,7,-1,3,4,-1,2,E01011298,0,4
2024540631124,2024,540631124,1,9,0,7,7,6,2,0,0,6,0,0,0,0,3,1,6,6,2,31,6,1498,1,1,SEAT TARRACO,8,E01031964,0,1
2024471473763,2024,471473763,1,9,0,-1,4,1,5,-1,0,0,1,0,0,0,2,1,-1,9,1,36,7,1498,1,5,SEAT TARRACO,9,E01016962,0,2
2024401402601,2024,401402601,1,9,0,-1,19,7,3,-1,0,0,0,0,0,0,3,1,-1,6,1,60,9,1968,2,5,SEAT TARRACO,6,E01015790,0,3
2024141457410,2024,141457410,2,9,0,-1,9,3,1,-1,0,0,5,0,0,0,4,1,-1,9,2,34,6,1498,1,5,SEAT TARRACO,4,E01019550,0,3
2024991503226,2024,991503226,2,9,0,-1,2,0,0,-1,0,0,0,0,1,0,2,1,-1,6,-1,-1,-1,1968,2,1,SEAT TARRACO,-1,-1,0,-1
2024010524370,2024,010524370,1,9,0,7,7,4,7,0,0,1,0,0,0,0,4,1,6,6,1,40,7,1498,1,2,SEAT TARRACO,7,W01000690,0,5
2024010526544,2024,010526544,1,9,0,18,19,6,2,0,0,1,0,0,0,0,1,1,6,6,1,39,7,1498,1,0,SEAT TARRACO,2,E01002831,0,1
2024010544671,2024,010544671,1,9,0,18,19,3,7,0,0,6,0,0,0,0,1,1,2,2,1,44,7,1968,2,5,SEAT TARRACO,2,E01001486,0,1
2024451473117,2024,451473117,1,9,0,-1,3,7,3,-1,0,0,0,0,0,0,3,1,-1,9,2,41,7,1968,2,4,SEAT TARRACO,9,E01024829,0,4
202460Q080469,2024,60Q080469,1,9,0,3,3,8,4,0,0,1,0,0,0,0,1,1,6,6,2,37,7,1498,1,4,SEAT TARRACO,-1,-1,0,-1
2024010523074,2024,010523074,2,9,0,4,4,1,5,0,0,1,0,0,0,0,1,1,6,6,1,42,7,1498,1,4,SEAT TARRACO,4,E01001285,0,1
2024430217348,2024,430217348,2,9,0,18,19,3,7,0,0,0,0,0,0,0,1,1,6,6,2,50,8,1968,2,5,SEAT TARRACO,-1,-1,0,-1
2024631488220,2024,631488220,2,9,0,-1,19,3,7,-1,0,0,0,0,0,0,1,1,-1,2,2,39,7,1968,2,5,SEAT TARRACO,8,W01000699,0,1
2024461411347,2024,461411347,2,9,0,-1,19,6,2,-1,0,0,0,0,2,0,1,1,-1,9,1,50,8,1968,2,5,SEAT TARRACO,9,E01024724,0,4
2024440429877,2024,440429877,1,9,0,18,19,7,3,0,0,0,0,0,0,0,1,1,6,6,2,35,6,1498,1,3,SEAT TARRACO,2,E01034730,0,1
2024231494921,2024,231494921,2,9,0,-1,4,6,2,-1,0,0,0,0,0,0,2,9,-1,6,1,30,6,1498,1,1,SEAT TARRACO,9,E01034693,0,4
2024010532538,2024,010532538,2,9,0,99,99,9,9,99,99,9,9,99,9,99,2,9,6,6,2,52,8,1968,2,3,SEAT TARRACO,8,E01002391,0,1
2024111478009,2024,111478009,2,9,0,-1,9,7,3,-1,0,4,0,0,0,0,1,1,-1,6,1,48,8,1498,1,5,SEAT TARRACO,9,E01012200,0,2
2024061497698,2024,061497698,2,9,3,-1,19,1,5,-1,0,8,0,0,0,0,1,1,-1,9,1,77,11,1498,1,4,SEAT TARRACO,3,E01014807,0,5
2024131479048,2024,131479048,1,9,0,-1,9,7,5,-1,0,6,0,0,0,0,1,1,-1,6,2,37,7,1498,1,5,SEAT TARRACO,2,E01011856,0,1
2024991444792,2024,991444792,2,9,0,-1,19,2,6,-1,0,8,5,0,0,0,4,1,-1,2,2,26,6,1498,1,3,SEAT TARRACO,3,-1,0,2
2024010530722,2024,010530722,1,9,0,6,6,3,3,0,0,0,0,0,0,0,2,1,6,6,1,48,8,1498,1,5,SEAT TARRACO,7,E01001679,0,1
2024161510002,2024,161510002,2,9,0,-1,2,0,0,-1,0,0,0,0,0,0,4,9,-1,6,-1,-1,-1,1498,1,5,SEAT TARRACO,-1,-1,0,-1
2024361521530,2024,361521530,1,9,0,-1,19,8,5,-1,0,1,0,0,0,0,1,1,-1,2,1,50,8,1968,2,5,SEAT TARRACO,7,E01027961,0,5
2024201522998,2024,201522998,1,9,0,-1,19,7,2,-1,0,0,0,0,0,0,3,1,-1,6,1,71,10,1968,2,5,SEAT TARRACO,9,E01010183,0,1
2024401492102,2024,401492102,2,9,0,-1,19,4,8,-1,0,0,0,0,0,0,1,1,-1,6,2,54,8,1498,1,0,SEAT TARRACO,2,-1,0,5
2024552401116,2024,552401116,1,9,0,18,19,7,3,0,0,0,0,0,0,0,1,1,6,6,1,25,5,1984,1,5,SEAT TARRACO,4,E01001723,0,5
2024061395671,2024,061395671,2,9,0,-1,19,6,2,-1,0,0,0,0,0,0,1,1,-1,9,1,29,6,1498,1,5,SEAT TARRACO,5,E01006118,0,1
2024201502556,2024,201502556,1,9,0,-1,19,5,1,-1,0,2,0,0,0,0,4,1,-1,9,2,43,7,1968,2,3,SEAT TARRACO,8,E01009468,0,2
2024010537336,2024,010537336,3,9,0,18,19,9,9,99,99,5,9,99,9,99,2,9,6,6,3,-1,-1,1498,1,4,SEAT TARRACO,-1,-1,0,-1
2024010540843,2024,010540843,1,9,0,18,19,3,7,0,0,8,0,0,0,0,2,1,6,6,2,40,7,1968,2,4,SEAT TARRACO,5,E01000290,0,1
2024010528476,2024,010528476,2,9,0,18,19,3,7,2,2,0,0,0,0,0,0,1,6,6,3,-1,-1,1984,1,5,SEAT TARRACO,3,E01001669,0,1
2024010508661,2024,010508661,1,9,0,5,5,7,3,1,1,1,0,4,7,10,2,1,6,6,1,30,6,1498,1,0,SEAT TARRACO,2,E01003346,0,1
2024471526893,2024,471526893,1,9,0,-1,9,4,2,-1,0,8,0,0,0,0,4,1,-1,9,1,39,7,1498,1,4,SEAT TARRACO,8,E01032334,0,5
2024131418501,2024,131418501,1,9,0,-1,5,-1,-1,-1,1,0,0,0,1,-1,1,1,-1,6,2,40,7,1498,1,4,SEAT TARRACO,4,E01011801,0,1
2024320343605,2024,320343605,2,9,0,9,9,7,6,0,0,6,0,0,0,0,1,1,6,6,1,32,6,1968,2,0,SEAT TARRACO,6,E01026332,0,2
2024411490842,2024,411490842,2,9,0,-1,19,1,5,-1,0,0,0,0,0,0,2,1,-1,6,1,63,9,1498,1,3,SEAT TARRACO,9,E01023847,0,3
2024052400660,2024,052400660,2,9,0,2,2,0,0,0,0,0,0,0,0,0,2,1,6,6,2,26,6,1498,1,0,SEAT TARRACO,5,E01025479,0,3
202454C290124,2024,54C290124,1,9,0,18,19,5,1,0,0,0,0,0,0,0,1,1,6,6,1,53,8,1498,1,2,SEAT TARRACO,8,E01022221,0,2
2024302400491,2024,302400491,1,9,0,9,9,7,5,0,0,8,0,0,0,0,3,1,2,2,2,-1,-1,1968,2,0,SEAT TARRACO,9,E01019857,0,3
2024010500769,2024,010500769,1,9,0,18,19,5,1,0,0,1,0,0,0,0,4,1,2,2,1,59,9,1968,2,5,SEAT TARRACO,9,E01031000,0,4
2024010532676,2024,010532676,2,9,0,99,99,9,9,99,99,9,9,99,9,99,9,9,6,6,3,-1,-1,1498,1,3,SEAT TARRACO,-1,-1,0,-1
2024522401244,2024,522401244,1,9,0,16,19,1,5,0,0,0,0,0,0,0,1,1,6,6,2,33,6,1498,1,3,SEAT TARRACO,2,E01005221,0,5