collision_index,collision_year,collision_ref_no,vehicle_reference,vehicle_type,towing_and_articulation,vehicle_manoeuvre_historic,vehicle_manoeuvre,vehicle_direction_from,vehicle_direction_to,vehicle_location_restricted_lane_historic,vehicle_location_restricted_lane,junction_location,skidding_and_overturning,hit_object_in_carriageway,vehicle_leaving_carriageway,hit_object_off_carriageway,first_point_of_impact,vehicle_left_hand_drive,journey_purpose_of_driver_historic,journey_purpose_of_driver,sex_of_driver,age_of_driver,age_band_of_driver,engine_capacity_cc,propulsion_code,age_of_vehicle,generic_make_model,driver_imd_decile,lsoa_of_driver,escooter_flag,driver_distance_banding
2024061489804,2024,061489804,1,9,0,-1,8,-1,-1,-1,0,1,0,0,0,0,2,1,-1,7,1,41,7,1498,1,3,SEAT TARRACO,2,E01006323,0,4
2024332400689,2024,332400689,1,9,0,-1,12,8,6,-1,0,8,0,0,0,0,3,1,-1,9,1,48,8,999,1,1,SKODA SCALA,8,E01008772,0,5
2024041520525,2024,041520525,1,9,0,-1,19,5,1,-1,0,1,0,0,0,0,1,1,-1,1,1,26,6,999,1,1,SKODA SCALA,4,E01033071,0,1
2024221488949,2024,221488949,1,9,0,-1,19,5,1,-1,0,0,0,10,2,10,1,1,-1,1,1,23,5,999,1,2,SKODA SCALA,5,E01032340,0,4
2024361471673,2024,361471673,2,9,0,-1,19,7,3,-1,0,1,0,0,0,0,1,1,-1,9,2,80,11,1498,1,5,SKODA SCALA,4,E01026713,0,1
2024461457073,2024,461457073,2,9,0,-1,19,5,1,-1,0,1,0,0,0,0,0,2,-1,9,1,71,10,999,1,3,SKODA SCALA,9,E01024253,0,1
2024101449807,2024,101449807,1,8,0,-1,3,3,8,-1,0,8,0,0,0,0,3,1,-1,6,1,31,6,1498,1,0,SKODA SCALA,1,E01008331,0,1
2024361449113,2024,361449113,3,9,0,-1,19,3,7,-1,0,1,0,0,0,0,3,1,-1,6,1,46,8,1498,1,1,SKODA SCALA,2,E01033040,0,1
2024461464851,2024,461464851,1,9,0,-1,5,1,5,-1,0,6,0,0,0,0,1,1,-1,6,1,71,10,999,1,0,SKODA SCALA,7,E01024794,0,1
2024010507587,2024,010507587,2,9,0,99,99,9,9,99,99,9,9,99,9,99,9,9,6,6,3,-1,-1,999,1,1,SKODA SCALA,-1,-1,0,-1
2024131480700,2024,131480700,1,9,0,-1,19,1,1,-1,0,0,0,0,0,0,1,1,-1,9,2,47,8,999,1,4,SKODA SCALA,9,E01011301,0,1
2024411510910,2024,411510910,1,9,0,-1,19,3,7,-1,0,0,0,0,0,0,1,1,-1,9,1,82,11,999,1,2,SKODA SCALA,10,E01023815,0,3
2024201500553,2024,201500553,1,9,0,-1,19,6,2,-1,0,8,0,0,0,0,4,1,-1,2,2,34,6,1498,1,1,SKODA SCALA,1,E01010131,0,1
2024041471257,2024,041471257,3,9,0,-1,19,5,1,-1,0,2,0,0,0,0,0,1,-1,8,2,26,6,999,1,1,SKODA SCALA,4,E01033071,0,1
2024311534680,2024,311534680,1,9,0,-1,19,1,5,-1,0,4,0,0,0,0,2,1,-1,6,2,26,6,1498,1,1,SKODA SCALA,-1,-1,0,-1
2024101514025,2024,101514025,1,9,0,-1,19,1,5,-1,0,0,0,0,1,0,1,1,-1,9,1,71,10,999,1,1,SKODA SCALA,2,E01020645,0,4
2024041422142,2024,041422142,1,9,0,-1,15,3,7,-1,0,4,1,0,0,0,1,1,-1,1,2,24,5,999,1,1,SKODA SCALA,1,E01024877,0,1
2024361398101,2024,361398101,2,9,0,-1,19,7,3,-1,0,8,0,0,0,0,1,1,-1,6,1,-1,-1,1498,1,2,SKODA SCALA,6,E01026797,0,1
2024440501094,2024,440501094,1,9,0,18,19,8,4,0,0,0,0,0,0,0,4,1,6,6,3,-1,-1,999,1,4,SKODA SCALA,-1,-1,0,-1
2024211502674,2024,211502674,1,9,0,-1,19,5,1,-1,0,1,1,0,3,0,1,1,-1,6,2,26,6,999,1,1,SKODA SCALA,9,E01029630,0,2
2024101521510,2024,101521510,1,9,0,-1,7,7,1,-1,0,6,0,0,0,0,1,9,-1,6,1,47,8,1598,2,5,SKODA SCALA,3,E01008595,0,1
2024061502977,2024,061502977,2,9,0,-1,5,-1,-1,-1,99,0,9,0,0,0,1,1,-1,6,1,40,7,999,1,1,SKODA SCALA,6,E01027669,0,4
2024010541845,2024,010541845,1,9,0,9,9,1,7,0,0,8,0,0,0,0,1,1,3,7,1,39,7,999,1,2,SKODA SCALA,4,E01003534,0,1
2024141408244,2024,141408244,1,9,0,-1,19,7,3,-1,0,0,1,0,0,0,3,1,-1,2,2,32,6,1498,1,1,SKODA SCALA,8,E01007618,0,1
2024421485780,2024,421485780,3,9,0,-1,4,7,3,-1,0,0,0,0,0,0,2,1,-1,9,1,58,9,999,1,1,SKODA SCALA,5,E01021640,0,2
2024131513655,2024,131513655,2,9,0,-1,19,7,3,-1,0,2,0,0,0,0,1,1,-1,6,1,63,9,999,1,3,SKODA SCALA,5,E01011836,0,1
2024131395449,2024,131395449,2,9,0,-1,3,5,1,-1,0,1,0,0,0,0,2,1,-1,9,2,40,7,999,1,5,SKODA SCALA,3,E01011875,0,2
2024991468857,2024,991468857,2,9,0,-1,2,6,6,-1,0,2,0,0,0,0,1,1,-1,6,2,50,8,999,1,2,SKODA SCALA,-1,-1,0,-1
2024440423359,2024,440423359,2,9,0,2,2,0,0,0,0,0,0,0,0,0,2,1,6,6,3,-1,-1,999,1,5,SKODA SCALA,-1,-1,0,-1
2024302400674,2024,302400674,1,9,0,9,9,6,4,0,0,8,0,0,0,0,1,1,6,6,1,72,10,1498,1,1,SKODA SCALA,2,E01013522,0,1
2024461468268,2024,461468268,3,9,0,-1,19,7,3,-1,0,0,0,0,0,0,3,1,-1,6,1,37,7,999,1,0,SKODA SCALA,-1,-1,0,-1
2024221435704,2024,221435704,1,9,0,-1,13,1,5,-1,0,0,0,0,0,0,4,1,-1,6,1,67,10,999,1,1,SKODA SCALA,5,E01032244,0,1
2024131401447,2024,131401447,2,9,0,-1,19,8,4,-1,0,8,0,0,1,1,1,1,-1,6,1,94,11,999,1,4,SKODA SCALA,7,E01011119,0,1
2024991488049,2024,991488049,2,9,0,-1,19,7,3,-1,0,1,5,0,7,11,1,1,-1,1,1,23,5,999,1,1,SKODA SCALA,6,-1,0,4
2024501427975,2024,501427975,1,9,0,-1,19,6,2,-1,0,0,0,4,0,0,1,1,-1,1,1,27,6,999,1,1,SKODA SCALA,5,E01015079,0,1
2024161536627,2024,161536627,1,9,0,-1,19,5,1,-1,0,8,0,0,0,0,1,1,-1,1,1,38,7,999,1,4,SKODA SCALA,1,E01012864,0,1
2024991476271,2024,991476271,3,9,0,-1,19,7,3,-1,0,0,0,0,0,0,2,1,-1,9,1,59,9,999,1,4,SKODA SCALA,9,E01008368,0,5
2024440517234,2024,440517234,1,9,0,9,9,8,6,0,0,8,0,0,0,0,1,1,2,2,1,27,6,999,1,4,SKODA SCALA,10,E01030937,0,3
2024070434264,2024,070434264,2,9,0,9,9,4,2,0,0,2,0,0,0,0,4,1,6,6,1,77,11,1498,1,1,SKODA SCALA,-1,-1,0,-1
2024520500334,2024,520500334,1,9,0,18,19,1,5,0,0,0,0,0,0,0,1,1,6,6,2,49,8,1498,1,0,SKODA SCALA,6,E01020440,0,3
2024320561044,2024,320561044,2,9,0,-1,-1,5,1,0,0,1,0,0,0,0,2,1,6,6,1,65,9,1498,1,1,SKODA SCALA,5,E01009689,0,5
2024991489750,2024,991489750,2,8,0,-1,2,5,1,-1,0,0,0,0,0,0,1,1,-1,6,-1,-1,-1,999,1,1,SKODA SCALA,-1,-1,0,-1
2024440424503,2024,440424503,2,9,0,18,19,3,7,0,0,1,0,0,0,0,1,1,1,1,1,42,7,999,1,1,SKODA SCALA,1,E01017237,0,1
2024552400196,2024,552400196,1,9,0,18,19,2,6,4,4,6,0,0,0,0,1,1,1,1,1,49,8,1598,2,4,SKODA SCALA,8,E01015447,0,1
2024440159760,2024,440159760,1,9,0,18,19,2,6,0,0,4,0,0,0,0,3,1,6,6,2,49,8,999,1,4,SKODA SCALA,10,E01022704,0,2
2024041525639,2024,041525639,1,9,0,-1,19,7,3,-1,0,1,0,0,0,0,1,1,-1,9,1,38,7,999,1,2,SKODA SCALA,1,E01025151,0,1
2024501492112,2024,501492112,1,19,0,-1,19,5,1,-1,0,8,0,0,7,0,1,1,-1,9,1,53,8,-1,-1,-1,-1,6,E01015200,0,1
2024631467941,2024,631467941,1,90,0,-1,19,7,3,-1,0,0,5,0,8,10,1,1,-1,9,1,44,7,1971,1,33,-1,2,W01000729,0,2
2024622400150,2024,622400150,2,90,0,2,2,0,0,0,0,0,0,0,0,0,2,1,6,6,3,-1,-1,1971,1,33,-1,-1,-1,0,-1
2024411492835,2024,411492835,1,8,0,-1,5,3,7,-1,0,6,0,0,0,0,1,1,-1,1,1,43,7,1798,8,5,TOYOTA COROLLA,9,E01023660,0,1
2024122500084,2024,122500084,2,8,0,9,9,5,3,0,0,1,0,0,0,0,1,1,2,2,1,56,9,1798,8,5,TOYOTA COROLLA,7,E01027728,0,1
2024461470641,2024,461470641,1,9,0,-1,19,-1,-1,-1,0,0,0,0,0,0,1,9,-1,6,2,41,7,1598,1,18,TOYOTA COROLLA,2,E01000433,0,3
2024052402291,2024,052402291,1,9,0,18,19,7,3,0,0,8,0,0,0,0,1,1,6,6,3,-1,-1,1598,1,19,TOYOTA COROLLA,-1,-1,0,-1
2024061455863,2024,061455863,1,8,0,-1,5,3,7,-1,0,8,0,0,0,0,1,1,-1,9,1,45,7,1798,8,2,TOYOTA COROLLA,1,E01005129,0,1
2024010547847,2024,010547847,1,9,0,18,19,3,7,0,0,8,0,0,1,2,3,1,1,1,1,34,6,1987,8,1,TOYOTA COROLLA,7,E01003456,0,1
2024010515246,2024,010515246,2,9,0,6,6,3,3,0,0,8,0,0,0,0,3,1,1,1,1,33,6,1987,8,1,TOYOTA COROLLA,4,E01001898,0,1
2024061436782,2024,061436782,1,9,0,-1,19,3,7,-1,0,1,5,0,7,11,4,1,-1,8,1,25,5,1798,8,2,TOYOTA COROLLA,-1,-1,0,-1
2024010524590,2024,010524590,2,9,0,18,19,5,1,0,0,2,0,0,0,0,1,1,6,6,2,59,9,1798,8,3,TOYOTA COROLLA,3,E01002595,0,1
2024061488159,2024,061488159,1,9,0,-1,20,5,1,-1,9,0,0,10,0,0,1,1,-1,6,1,71,10,1798,8,5,TOYOTA COROLLA,6,E01005306,0,1
2024311397503,2024,311397503,1,8,0,-1,19,7,3,-1,0,2,0,0,0,0,4,1,-1,6,1,49,8,1798,8,5,TOYOTA COROLLA,1,E01013958,0,1
2024031483290,2024,031483290,1,9,0,-1,19,7,3,-1,0,0,5,0,7,0,1,1,-1,9,1,54,8,1987,8,4,TOYOTA COROLLA,-1,-1,0,-1
2024041465528,2024,041465528,1,9,0,-1,9,1,5,-1,0,0,0,0,0,0,1,1,-1,1,1,37,7,1798,8,2,TOYOTA COROLLA,1,E01005344,0,4
2024522402763,2024,522402763,1,9,0,3,3,7,3,0,0,1,0,0,0,0,2,1,6,6,1,55,8,1798,8,3,TOYOTA COROLLA,1,E01033356,0,1
2024161404926,2024,161404926,1,9,0,-1,12,3,6,-1,0,0,0,0,4,0,3,2,-1,2,2,35,6,1364,2,19,TOYOTA COROLLA,1,E01012948,0,1
2024451408389,2024,451408389,1,9,0,-1,19,7,3,-1,0,2,0,0,0,0,2,1,-1,6,2,44,7,1398,1,21,TOYOTA COROLLA,5,E01030984,0,1
2024332400468,2024,332400468,1,9,0,-1,19,7,3,-1,0,0,0,0,0,0,4,1,-1,1,1,38,7,1798,8,5,TOYOTA COROLLA,10,E01025814,0,2
2024010542234,2024,010542234,1,9,0,2,2,0,0,0,0,2,0,0,0,0,3,1,6,6,3,-1,-1,1598,1,20,TOYOTA COROLLA,-1,-1,0,-1
2024332400699,2024,332400699,1,9,0,-1,19,7,3,-1,0,0,1,0,1,9,1,1,-1,9,1,46,8,2231,2,17,TOYOTA COROLLA,4,E01013630,0,4
2024411521669,2024,411521669,2,9,0,-1,3,3,7,-1,0,2,0,0,0,0,1,1,-1,6,1,48,8,1798,8,2,TOYOTA COROLLA,8,E01018227,0,1
2024061526951,2024,061526951,1,9,0,-1,19,3,3,-1,0,0,1,7,0,0,1,1,-1,1,1,28,6,1798,8,1,TOYOTA COROLLA,1,E01005681,0,1
2024311435388,2024,311435388,1,9,0,-1,9,4,1,-1,0,2,0,0,0,0,4,1,-1,8,2,23,5,1798,8,1,TOYOTA COROLLA,5,E01028189,0,2
2024401567518,2024,401567518,1,9,0,-1,4,5,1,-1,0,0,0,0,0,0,1,1,-1,6,2,33,6,1987,8,3,TOYOTA COROLLA,5,E01017497,0,1
2024010508626,2024,010508626,5,9,0,18,19,7,3,0,0,1,0,0,0,0,0,1,6,6,1,34,6,1987,8,1,TOYOTA COROLLA,2,E01034149,0,2
2024010538812,2024,010538812,1,9,0,18,19,7,3,0,0,0,0,0,0,0,0,1,1,1,1,24,5,1987,8,1,TOYOTA COROLLA,2,E01033587,0,2
2024201483585,2024,201483585,1,9,0,-1,14,6,4,-1,0,0,0,0,0,0,1,1,-1,6,1,44,7,1798,8,0,TOYOTA COROLLA,2,E01009783,0,1
2024320334472,2024,320334472,1,9,0,-1,-1,2,6,0,0,6,0,0,0,0,3,1,6,6,2,78,11,1987,8,4,TOYOTA COROLLA,10,E01026362,0,1
2024141432066,2024,141432066,2,9,0,-1,9,8,5,-1,0,1,0,0,0,0,1,1,-1,2,1,38,7,1798,8,4,TOYOTA COROLLA,1,E01013825,0,4
2024501423605,2024,501423605,2,8,0,-1,7,2,4,-1,0,4,0,0,0,0,2,1,-1,1,1,52,8,1987,8,5,TOYOTA COROLLA,6,E01019982,0,1
2024141397794,2024,141397794,2,9,0,-1,9,2,7,-1,0,8,0,0,0,0,3,1,-1,1,1,44,7,1987,8,2,TOYOTA COROLLA,2,E01007910,0,1
2024010530768,2024,010530768,3,9,0,18,19,1,5,0,0,8,0,0,0,0,3,1,1,1,1,29,6,1987,8,1,TOYOTA COROLLA,3,E01001830,0,1
2024061438523,2024,061438523,1,9,0,-1,19,5,5,-1,0,1,0,0,0,0,1,1,-1,9,1,29,6,1798,8,3,TOYOTA COROLLA,-1,-1,0,-1
2024141514484,2024,141514484,1,9,0,-1,14,6,6,-1,0,0,0,0,0,0,1,1,-1,1,1,44,7,1798,8,4,TOYOTA COROLLA,2,E01007968,0,1
2024010516458,2024,010516458,1,9,9,18,19,5,1,99,99,9,9,99,9,99,9,9,6,6,3,-1,-1,1798,8,3,TOYOTA COROLLA,-1,-1,0,-1
2024141445569,2024,141445569,1,9,0,-1,19,3,8,-1,0,0,0,0,0,0,1,1,-1,1,1,41,7,1798,8,2,TOYOTA COROLLA,2,E01007942,0,1
202417M109924,2024,17M109924,2,9,0,-1,9,3,1,-1,0,8,0,0,0,0,4,1,-1,1,1,-1,-1,-1,-1,-1,TOYOTA COROLLA,-1,-1,0,-1
2024010550288,2024,010550288,1,19,0,9,9,1,6,0,0,5,0,0,0,0,1,1,1,1,1,61,9,1798,8,1,TOYOTA COROLLA,-1,-1,0,-1
2024201517709,2024,201517709,2,9,0,-1,19,7,3,-1,0,8,0,0,0,0,1,9,-1,9,1,30,6,1798,8,5,TOYOTA COROLLA,1,E01009337,0,1
2024622400239,2024,622400239,1,9,0,4,4,4,8,0,0,7,0,0,0,0,1,1,6,6,3,-1,-1,1798,8,3,TOYOTA COROLLA,-1,-1,0,-1
2024061523155,2024,061523155,2,8,-1,-1,-1,-1,-1,-1,-1,0,-1,-1,-1,0,-1,9,-1,1,1,47,8,1798,8,4,TOYOTA COROLLA,2,E01006175,0,1
2024010522822,2024,010522822,2,9,0,99,99,9,9,99,99,9,9,99,9,99,9,9,6,6,3,-1,-1,1398,1,21,TOYOTA COROLLA,-1,-1,0,-1
2024010522323,2024,010522323,1,9,0,99,99,9,9,99,99,0,9,99,9,99,1,9,2,2,2,29,6,1798,8,0,TOYOTA COROLLA,4,E01000722,0,2
2024520402608,2024,520402608,1,9,0,7,7,3,5,0,0,8,0,0,0,0,1,1,6,6,1,76,11,1598,1,18,TOYOTA COROLLA,10,E01014818,0,3
2024131509162,2024,131509162,1,9,0,-1,9,3,5,-1,0,6,0,0,0,0,4,1,-1,9,1,57,9,1398,1,19,TOYOTA COROLLA,3,E01010629,0,1
2024010516429,2024,010516429,2,9,0,4,4,7,3,0,0,0,1,0,0,0,1,1,1,1,2,24,5,1987,8,1,TOYOTA COROLLA,2,E01003507,0,1
2024010529384,2024,010529384,1,9,0,3,3,9,9,99,99,0,9,99,9,99,2,9,2,2,1,46,8,1398,1,20,TOYOTA COROLLA,3,E01030901,0,4
2024522402664,2024,522402664,1,9,0,5,5,8,4,0,0,4,0,0,0,0,1,1,6,6,1,61,9,1798,8,3,TOYOTA COROLLA,7,E01014505,0,1
2024311526206,2024,311526206,2,9,0,-1,19,5,1,-1,0,0,0,0,0,0,1,1,-1,6,1,82,11,1598,1,22,TOYOTA COROLLA,10,E01028151,0,3
2024531493648,2024,531493648,1,9,0,-1,9,1,7,-1,0,1,0,0,0,0,1,1,-1,9,1,33,6,1598,1,22,TOYOTA COROLLA,6,E01034794,0,1
2024010514590,2024,010514590,1,9,0,3,3,5,1,0,0,1,0,0,0,0,2,1,6,6,2,33,6,1598,1,22,TOYOTA COROLLA,3,E01000090,0,2
2024471412686,2024,471412686,1,9,0,-1,19,5,1,-1,0,0,1,0,7,11,4,1,-1,2,1,27,6,1398,1,23,TOYOTA COROLLA,9,E01031683,0,3
2024052500068,2024,052500068,2,9,0,18,19,4,8,0,0,8,0,0,0,0,1,1,1,1,2,-1,-1,1798,8,1,TOYOTA COROLLA,-1,-1,0,-1
2024991468397,2024,991468397,2,9,0,-1,19,1,5,-1,0,0,0,0,0,0,4,1,-1,2,2,34,6,1987,8,3,TOYOTA COROLLA,6,-1,0,2
2024010521336,2024,010521336,4,9,0,18,19,3,7,0,0,0,0,0,0,0,0,1,1,1,1,40,7,1987,8,1,TOYOTA COROLLA,4,E01004259,0,1
2024010499621,2024,010499621,2,9,0,18,19,3,7,0,0,1,0,0,0,0,0,1,1,1,1,33,6,1987,8,1,TOYOTA COROLLA,6,E01000631,0,1
2024010500020,2024,010500020,1,9,0,18,19,7,3,0,0,5,0,0,0,0,3,1,1,1,1,27,6,1987,8,1,TOYOTA COROLLA,4,E01000922,0,1
2024430535865,2024,430535865,1,9,0,18,19,2,6,0,0,0,0,0,7,0,1,1,1,1,1,22,5,1798,8,0,TOYOTA COROLLA,7,E01017743,0,1
2024991434591,2024,991434591,1,9,0,-1,5,2,3,-1,0,0,0,0,0,0,4,1,-1,1,1,59,9,1798,8,4,TOYOTA COROLLA,-1,-1,0,-1
2024010518934,2024,010518934,3,9,0,2,2,0,0,0,0,2,0,0,0,0,1,1,6,6,3,-1,-1,1798,8,1,TOYOTA COROLLA,-1,-1,0,-1
2024141412346,2024,141412346,1,9,0,-1,5,1,7,-1,0,4,0,0,0,0,1,1,-1,1,1,45,7,1798,8,4,TOYOTA COROLLA,9,E01007960,0,2
2024061517514,2024,061517514,2,9,0,-1,3,2,6,-1,0,2,0,0,0,0,0,1,-1,8,1,28,6,1798,8,5,TOYOTA COROLLA,1,E01004822,0,1
2024010512203,2024,010512203,2,9,0,18,19,1,5,0,0,0,0,0,0,0,0,1,6,6,3,-1,-1,1987,8,1,TOYOTA COROLLA,-1,-1,0,-1
2024991487224,2024,991487224,1,9,0,-1,8,2,5,-1,0,6,0,0,1,0,3,1,-1,9,1,44,7,1798,8,4,TOYOTA COROLLA,8,-1,0,3
2024010508567,2024,010508567,2,9,0,18,19,3,7,0,0,8,1,0,0,0,3,1,1,1,2,42,7,1987,8,1,TOYOTA COROLLA,-1,-1,0,-1
2024010551555,2024,010551555,1,9,0,3,3,1,5,0,0,0,0,0,0,0,1,1,1,1,2,34,6,1987,8,1,TOYOTA COROLLA,7,E01002514,0,2
2024101535369,2024,101535369,2,8,0,-1,5,1,5,-1,0,8,0,0,0,0,4,1,-1,1,1,57,9,1798,8,5,TOYOTA COROLLA,2,E01008263,0,1
2024401466372,2024,401466372,1,9,0,-1,19,-1,-1,-1,-1,0,0,0,0,0,1,9,-1,6,2,37,7,1598,1,19,TOYOTA COROLLA,7,E01015719,0,1
2024430134918,2024,430134918,1,9,0,18,19,7,3,0,0,0,0,0,1,0,3,1,6,6,2,34,6,1987,8,5,TOYOTA COROLLA,5,E01032724,0,2
2024991469965,2024,991469965,1,8,0,-1,9,3,8,-1,0,8,0,0,0,0,4,1,-1,6,1,33,6,1798,8,3,TOYOTA COROLLA,6,-1,0,2
2024141406471,2024,141406471,2,9,0,-1,19,6,8,-1,0,1,0,0,0,0,1,9,-1,6,3,-1,-1,1364,2,19,TOYOTA COROLLA,-1,-1,0,-1
2024522402703,2024,522402703,1,8,0,18,19,1,5,0,0,8,0,0,0,0,2,1,1,1,1,40,7,1798,8,3,TOYOTA COROLLA,1,E01014589,0,1
2024351479615,2024,351479615,2,9,0,-1,3,2,5,-1,0,0,0,0,0,0,2,1,-1,6,1,62,9,1398,1,21,TOYOTA COROLLA,6,E01015653,0,1
2024041527499,2024,041527499,1,9,0,-1,19,3,7,-1,0,6,1,0,7,2,1,1,-1,9,2,23,5,1798,8,2,TOYOTA COROLLA,1,E01025493,0,1
2024010526080,2024,010526080,2,9,0,99,99,9,9,99,99,9,9,99,9,99,9,9,6,6,3,23,5,1398,1,22,TOYOTA COROLLA,3,E01035499,0,2
2024041485197,2024,041485197,2,9,0,-1,19,7,1,-1,0,0,0,0,0,0,2,2,-1,6,1,41,7,1987,8,3,TOYOTA COROLLA,3,E01012669,0,2
2024010551761,2024,010551761,1,9,0,18,19,7,3,0,0,2,0,0,0,0,0,1,1,1,1,24,5,1987,8,1,TOYOTA COROLLA,-1,-1,0,-1
2024131440642,2024,131440642,1,8,0,-1,5,-1,-1,-1,0,0,0,0,0,0,-1,1,-1,6,1,-1,-1,1798,8,5,TOYOTA COROLLA,-1,-1,0,-1
2024302400677,2024,302400677,2,9,0,2,2,5,1,0,0,0,0,0,1,11,2,2,6,6,3,-1,-1,1598,1,22,TOYOTA COROLLA,-1,-1,0,-1
2024461518218,2024,461518218,1,9,0,-1,9,1,6,-1,0,8,0,0,0,0,1,1,-1,9,1,40,7,1794,1,19,TOYOTA COROLLA,5,E01024356,0,1
2024131414005,2024,131414005,4,9,0,-1,19,3,7,-1,0,0,0,0,0,0,1,1,-1,1,1,34,6,1798,8,5,TOYOTA COROLLA,1,E01011433,0,1
2024332400622,2024,332400622,1,9,0,-1,19,5,1,-1,0,8,0,0,4,0,1,1,-1,9,1,80,11,1798,8,5,TOYOTA COROLLA,7,E01017294,0,5
2024061498381,2024,061498381,1,9,0,-1,19,3,7,-1,0,1,0,0,0,0,1,1,-1,9,1,53,8,2231,2,16,TOYOTA COROLLA,-1,-1,0,-1
2024010541630,2024,010541630,1,9,0,99,99,9,9,99,99,9,9,99,9,99,2,9,6,6,1,51,8,1798,8,5,TOYOTA COROLLA,7,E01004081,0,1
2024010499942,2024,010499942,2,9,9,99,99,9,9,99,99,9,9,99,9,99,9,9,6,6,3,-1,-1,1398,1,21,TOYOTA COROLLA,-1,-1,0,-1
2024010536712,2024,010536712,5,9,0,18,19,5,1,0,0,0,0,0,0,0,0,1,6,6,1,31,6,1987,8,1,TOYOTA COROLLA,-1,-1,0,-1
2024131533024,2024,131533024,2,9,0,-1,19,1,1,-1,0,1,0,0,0,0,3,2,-1,9,1,28,6,1398,1,20,TOYOTA COROLLA,1,E01010663,0,1
2024610037624,2024,610037624,2,8,0,4,4,5,1,0,0,1,0,0,0,0,1,1,1,1,1,-1,-1,1798,8,3,TOYOTA COROLLA,-1,-1,0,-1
2024101438785,2024,101438785,2,9,0,-1,5,2,6,-1,0,8,0,0,0,0,1,1,-1,6,1,45,7,1794,1,19,TOYOTA COROLLA,2,E01008252,0,1
2024010544074,2024,010544074,1,9,0,6,6,7,7,0,0,5,0,0,0,0,4,2,2,2,1,31,6,1598,1,18,TOYOTA COROLLA,7,E01002337,0,3
2024361400469,2024,361400469,1,9,0,-1,5,7,3,-1,0,0,0,0,0,0,1,9,-1,6,1,72,10,1987,8,5,TOYOTA COROLLA,10,E01035144,0,4
2024411417735,2024,411417735,2,9,0,-1,-1,5,1,-1,-1,0,0,0,0,0,1,1,-1,-1,2,38,7,1798,8,1,TOYOTA COROLLA,-1,-1,0,-1
2024201532611,2024,201532611,6,9,0,-1,2,0,0,-1,0,8,0,0,0,0,3,1,-1,6,-1,-1,-1,1331,1,30,TOYOTA COROLLA,-1,-1,0,-1
2024010545761,2024,010545761,2,9,0,4,4,3,7,0,0,0,0,0,0,0,2,1,1,1,1,26,6,1987,8,1,TOYOTA COROLLA,2,E01034149,0,1
2024111409422,2024,111409422,1,9,0,-1,19,6,2,-1,0,0,0,0,0,0,1,1,-1,6,2,30,6,1798,8,4,TOYOTA COROLLA,1,E01020749,0,1
2024010510039,2024,010510039,1,9,0,18,19,1,5,0,0,8,1,0,7,0,1,1,1,1,1,28,6,1987,8,1,TOYOTA COROLLA,9,E01000673,0,3
2024201449927,2024,201449927,2,9,0,-1,19,6,2,-1,0,8,0,0,0,0,4,1,-1,6,-1,-1,-1,2231,2,17,TOYOTA COROLLA,-1,-1,0,-1
2024332400568,2024,332400568,1,9,0,-1,9,3,1,-1,0,5,0,0,0,0,2,1,-1,6,1,35,6,1398,1,20,TOYOTA COROLLA,8,E01035092,0,1
2024501490710,2024,501490710,1,9,0,-1,7,5,3,-1,0,6,0,0,0,0,3,1,-1,9,1,71,10,1398,1,18,TOYOTA COROLLA,4,E01001156,0,5
2024141403273,2024,141403273,2,8,0,-1,19,3,7,-1,0,1,0,0,0,0,4,1,-1,1,1,40,7,1798,8,3,TOYOTA COROLLA,1,E01007948,0,1
2024010524981,2024,010524981,1,9,0,9,9,8,5,0,0,5,0,0,0,0,4,1,2,2,1,27,6,1798,8,5,TOYOTA COROLLA,8,E01031620,0,4
2024010501028,2024,010501028,1,9,0,18,19,4,8,0,0,1,0,0,0,0,1,1,6,6,1,33,6,1987,8,1,TOYOTA COROLLA,7,E01002514,0,1
2024501429872,2024,501429872,2,8,0,-1,19,6,2,-1,0,0,0,0,0,0,3,9,-1,1,1,39,7,1798,8,2,TOYOTA COROLLA,10,E01020001,0,2
2024010515156,2024,010515156,1,9,0,4,4,5,1,0,0,1,0,0,0,0,0,1,1,1,1,31,6,1987,8,1,TOYOTA COROLLA,7,E01003199,0,1
2024631476777,2024,631476777,2,9,0,-1,5,1,5,-1,0,6,0,0,0,0,1,1,-1,1,1,60,9,1798,8,3,TOYOTA COROLLA,3,E01011322,0,5
2024141438872,2024,141438872,1,9,0,-1,19,6,2,-1,0,1,0,0,0,0,1,1,-1,9,1,40,7,1798,8,5,TOYOTA COROLLA,1,E01007948,0,3
2024231529258,2024,231529258,2,9,0,-1,5,2,6,-1,0,8,1,0,0,0,2,9,-1,6,1,34,6,1598,1,18,TOYOTA COROLLA,3,E01031115,0,1
2024010524877,2024,010524877,1,9,0,18,19,6,2,0,0,0,0,0,0,0,0,1,1,1,1,32,6,1987,8,1,TOYOTA COROLLA,3,E01002401,0,2
2024991535592,2024,991535592,1,9,0,-1,19,2,6,-1,0,0,0,0,0,0,1,1,-1,9,1,68,10,1798,8,2,TOYOTA COROLLA,7,-1,0,1
2024010532050,2024,010532050,2,9,0,18,19,3,7,0,0,2,0,0,0,0,3,1,6,6,1,39,7,1987,8,1,TOYOTA COROLLA,-1,-1,0,-1