collision_index,collision_year,collision_ref_no,vehicle_reference,vehicle_type,towing_and_articulation,vehicle_manoeuvre_historic,vehicle_manoeuvre,vehicle_direction_from,vehicle_direction_to,vehicle_location_restricted_lane_historic,vehicle_location_restricted_lane,junction_location,skidding_and_overturning,hit_object_in_carriageway,vehicle_leaving_carriageway,hit_object_off_carriageway,first_point_of_impact,vehicle_left_hand_drive,journey_purpose_of_driver_historic,journey_purpose_of_driver,sex_of_driver,age_of_driver,age_band_of_driver,engine_capacity_cc,propulsion_code,age_of_vehicle,generic_make_model,driver_imd_decile,lsoa_of_driver,escooter_flag,driver_distance_banding
2024010527619,2024,010527619,2,9,0,5,5,2,6,0,0,1,1,0,0,0,1,1,6,6,1,31,6,1798,8,5,TOYOTA COROLLA,5,E01015953,0,4
2024461533399,2024,461533399,1,9,0,-1,9,7,5,-1,0,6,0,0,0,0,1,1,-1,9,1,64,9,1798,8,4,TOYOTA COROLLA,4,E01024281,0,1
2024131495871,2024,131495871,1,8,0,-1,9,2,4,-1,0,8,0,0,0,0,1,1,-1,1,1,44,7,1798,8,5,TOYOTA COROLLA,1,E01011354,0,1
2024101531512,2024,101531512,1,9,0,-1,19,4,8,-1,0,0,0,0,0,0,3,1,-1,1,1,23,5,1798,8,1,TOYOTA COROLLA,10,E01008264,0,2
2024061454044,2024,061454044,1,8,0,-1,-1,-1,-1,-1,-1,-1,-1,-1,-1,0,-1,1,-1,6,3,-1,-1,1798,8,4,TOYOTA COROLLA,-1,-1,0,-1
2024131451342,2024,131451342,2,9,0,-1,19,7,3,-1,0,8,0,0,0,0,0,1,-1,1,1,27,6,1798,8,1,TOYOTA COROLLA,8,E01011350,0,1
2024041431558,2024,041431558,11,9,0,-1,2,6,2,-1,0,2,0,0,0,0,0,9,-1,6,-1,-1,-1,1798,8,1,TOYOTA COROLLA,-1,-1,0,-1
2024010514766,2024,010514766,1,9,0,18,19,7,3,0,0,1,0,0,0,0,0,1,1,1,1,37,7,1987,8,1,TOYOTA COROLLA,3,E01001215,0,1
2024501513847,2024,501513847,1,9,0,-1,19,8,4,-1,0,1,0,0,0,0,3,9,-1,6,1,77,11,1398,1,22,TOYOTA COROLLA,6,E01020326,0,1
2024610023524,2024,610023524,1,8,0,5,5,0,6,0,0,0,0,0,0,0,-1,1,1,1,1,42,7,1798,8,4,TOYOTA COROLLA,1,W01001687,0,1
2024520402383,2024,520402383,1,9,0,18,19,6,2,0,0,8,0,0,1,11,1,1,6,6,1,25,5,1598,1,18,TOYOTA COROLLA,6,E01029020,0,3
2024501513327,2024,501513327,1,9,0,-1,19,6,3,-1,0,1,0,0,0,0,1,1,-1,6,3,-1,-1,1598,1,17,TOYOTA COROLLA,-1,-1,0,-1
2024311505752,2024,311505752,1,9,0,-1,19,6,2,-1,0,1,1,11,0,0,4,1,-1,2,1,31,6,1398,1,20,TOYOTA COROLLA,-1,-1,0,-1
2024440371224,2024,440371224,2,9,0,15,15,2,6,0,0,1,0,0,0,0,4,1,6,6,2,69,10,1798,8,1,TOYOTA COROLLA,4,E01017135,0,1
2024010507885,2024,010507885,2,9,0,18,19,1,5,0,0,1,0,0,0,0,0,1,1,1,1,29,6,1987,8,1,TOYOTA COROLLA,5,E01033917,0,1
2024522401824,2024,522401824,2,8,0,3,3,2,6,0,0,1,0,0,0,0,2,1,6,6,2,57,9,1798,8,2,TOYOTA COROLLA,7,E01014770,0,4
2024010539268,2024,010539268,3,9,0,14,14,3,7,0,0,0,0,0,0,0,0,1,1,1,1,44,7,1987,8,1,TOYOTA COROLLA,9,E01003897,0,2
2024061468543,2024,061468543,2,9,0,-1,19,1,6,-1,0,8,0,0,0,0,1,1,-1,1,1,29,6,1798,8,4,TOYOTA COROLLA,1,E01005342,0,1
2024061399688,2024,061399688,1,9,0,-1,19,4,8,-1,0,8,0,0,0,0,1,1,-1,1,2,34,6,1798,8,1,TOYOTA COROLLA,-1,-1,0,-1
2024131487680,2024,131487680,1,9,0,-1,11,3,7,-1,0,0,0,0,0,0,4,1,-1,6,3,-1,-1,1598,1,18,TOYOTA COROLLA,-1,-1,0,-1
2024211503292,2024,211503292,1,9,0,-1,19,1,5,-1,0,1,0,0,0,0,1,1,-1,6,1,34,6,1798,8,0,TOYOTA COROLLA,8,E01029664,0,2
2024010525307,2024,010525307,2,9,0,99,99,9,9,99,99,9,9,99,9,99,4,9,6,6,3,-1,-1,1796,1,18,TOYOTA COROLLA,-1,-1,0,-1
2024061530440,2024,061530440,3,9,0,-1,2,7,3,-1,0,0,0,0,0,0,4,1,-1,8,1,30,6,1798,8,2,TOYOTA COROLLA,-1,-1,0,-1
2024302401409,2024,302401409,1,8,0,6,6,4,4,0,0,0,0,0,0,0,3,1,6,6,1,51,8,1798,8,5,TOYOTA COROLLA,1,E01013567,0,1
2024041440899,2024,041440899,1,9,0,-1,19,1,5,-1,0,0,0,0,0,0,1,1,-1,9,1,78,11,1798,8,3,TOYOTA COROLLA,10,E01004951,0,3
2024010524419,2024,010524419,1,9,0,18,19,1,5,0,0,8,0,0,0,0,1,1,1,1,2,29,6,1987,8,1,TOYOTA COROLLA,2,E01003507,0,1
2024501428480,2024,501428480,2,9,0,-1,13,4,1,-1,0,0,1,0,0,0,1,1,-1,6,2,66,10,1598,1,18,TOYOTA COROLLA,8,E01031149,0,5
2024010512222,2024,010512222,2,9,0,18,19,1,5,0,0,2,0,0,0,0,0,1,6,6,1,27,6,1987,8,1,TOYOTA COROLLA,2,E01004008,0,1
2024010505636,2024,010505636,2,9,9,99,99,9,9,99,99,6,9,99,9,99,9,9,6,6,3,-1,-1,1798,8,2,TOYOTA COROLLA,-1,-1,0,-1
2024010534249,2024,010534249,1,9,0,18,19,7,3,0,0,1,0,0,0,0,1,1,1,1,2,27,6,1987,8,1,TOYOTA COROLLA,9,E01003897,0,1
2024411516822,2024,411516822,1,9,0,-1,6,5,2,-1,0,5,0,0,1,10,1,1,-1,6,1,78,11,1798,8,1,TOYOTA COROLLA,9,E01002225,0,1
2024631400754,2024,631400754,1,9,0,-1,19,7,2,-1,0,0,2,0,2,10,1,1,-1,9,1,19,4,1796,1,21,TOYOTA COROLLA,7,W01001507,0,4
2024351451542,2024,351451542,1,9,0,-1,7,8,3,-1,0,8,0,0,0,0,-1,1,-1,6,2,25,5,1794,1,18,TOYOTA COROLLA,-1,-1,0,-1
2024421445861,2024,421445861,1,9,0,-1,5,5,1,-1,9,1,0,0,0,0,1,1,-1,9,1,60,9,1598,1,24,TOYOTA COROLLA,10,E01021284,0,1
2024010511063,2024,010511063,1,9,0,9,9,3,1,0,0,8,0,0,0,0,4,1,1,1,1,51,8,1798,8,5,TOYOTA COROLLA,3,E01003244,0,2
2024991487235,2024,991487235,1,9,0,-1,5,1,5,-1,0,2,0,0,0,0,1,1,-1,9,2,32,6,1987,8,3,TOYOTA COROLLA,3,-1,0,1
2024010518865,2024,010518865,1,9,0,18,19,1,5,0,0,1,0,0,0,0,1,1,6,6,2,33,6,1398,1,18,TOYOTA COROLLA,3,E01003298,0,1
2024131435724,2024,131435724,2,9,0,-1,2,4,8,-1,0,8,0,0,0,0,2,1,-1,1,1,51,8,1798,8,5,TOYOTA COROLLA,1,E01011366,0,1
2024430165187,2024,430165187,1,9,0,14,14,7,3,0,0,0,0,10,0,0,4,1,6,6,1,50,8,1794,1,16,TOYOTA COROLLA,-1,-1,0,-1
2024061473624,2024,061473624,1,9,0,-1,19,8,3,-1,0,0,0,0,0,0,3,1,-1,6,1,28,6,1798,8,2,TOYOTA COROLLA,1,E01005321,0,1
2024411420643,2024,411420643,1,9,0,-1,19,5,2,-1,0,0,0,0,0,0,1,1,-1,1,1,29,6,2231,2,18,TOYOTA COROLLA,2,E01015754,0,2
2024010543078,2024,010543078,2,9,0,99,99,9,9,99,99,0,9,99,9,99,1,9,6,6,3,-1,-1,1794,1,17,TOYOTA COROLLA,4,E01034224,0,2
2024471443835,2024,471443835,2,8,0,-1,5,1,6,-1,99,6,9,0,0,0,4,1,-1,6,2,54,8,1798,8,0,TOYOTA COROLLA,1,E01031436,0,3
2024201434969,2024,201434969,2,9,0,-1,5,3,7,-1,0,0,0,0,0,0,2,1,-1,6,1,56,9,1794,1,18,TOYOTA COROLLA,3,E01010005,0,3
2024302401208,2024,302401208,1,8,0,5,5,4,8,0,0,0,0,0,0,0,4,1,1,1,1,60,9,1798,8,4,TOYOTA COROLLA,1,E01013867,0,3
2024010499414,2024,010499414,2,9,0,99,99,9,9,99,99,0,9,99,9,99,9,9,6,6,3,67,10,1598,1,20,TOYOTA COROLLA,4,E01003981,0,1
2024501407878,2024,501407878,2,9,0,-1,4,7,3,-1,0,1,0,0,0,0,2,9,-1,1,1,20,4,1398,1,24,TOYOTA COROLLA,8,E01020102,0,1
2024311449096,2024,311449096,1,9,0,-1,15,4,8,-1,0,1,1,0,0,0,1,1,-1,6,2,27,6,1798,8,3,TOYOTA COROLLA,6,E01013838,0,1
2024010516763,2024,010516763,2,9,0,18,19,6,2,0,0,2,0,0,0,0,1,1,1,1,1,28,6,1987,8,1,TOYOTA COROLLA,4,E01034156,0,1
2024131504455,2024,131504455,1,9,0,-1,-1,-1,-1,-1,-1,0,-1,-1,-1,0,-1,1,-1,1,3,-1,-1,1798,8,5,TOYOTA COROLLA,-1,-1,0,-1
2024201473636,2024,201473636,1,8,0,-1,4,6,2,-1,0,0,0,0,0,0,1,1,-1,1,1,54,8,1798,8,2,TOYOTA COROLLA,-1,-1,0,-1
2024302401236,2024,302401236,2,9,0,4,4,7,2,0,0,1,0,0,0,0,2,1,6,6,2,28,6,1987,8,2,TOYOTA COROLLA,3,E01019531,0,1
2024221490387,2024,221490387,1,9,0,-1,19,4,8,-1,0,0,1,0,1,0,1,1,-1,6,1,21,5,1398,1,19,TOYOTA COROLLA,3,E01032224,0,2
2024070682440,2024,070682440,1,9,0,11,11,3,7,0,0,2,0,0,0,0,4,1,6,6,1,70,10,1798,8,3,TOYOTA COROLLA,10,W01001970,0,2
2024332400143,2024,332400143,1,9,0,-1,19,2,6,-1,0,1,0,0,0,0,1,1,-1,1,1,56,9,1987,8,4,TOYOTA COROLLA,2,E01013667,0,2
2024010551930,2024,010551930,1,9,0,18,19,5,1,0,0,0,0,0,0,0,0,1,1,1,1,31,6,1987,8,1,TOYOTA COROLLA,4,E01032639,0,2
2024361497132,2024,361497132,1,9,0,-1,9,7,5,-1,0,5,0,0,0,0,1,1,-1,9,1,57,9,1798,8,3,TOYOTA COROLLA,5,E01030281,0,3
2024010499777,2024,010499777,1,9,9,7,7,2,5,0,0,6,0,0,0,0,1,9,6,6,1,35,6,1798,8,5,TOYOTA COROLLA,2,E01003966,0,1
2024061494255,2024,061494255,1,9,0,-1,10,2,6,-1,0,0,0,0,0,0,2,1,-1,1,1,44,7,1798,8,2,TOYOTA COROLLA,1,E01005257,0,1
2024122400783,2024,122400783,2,8,0,18,19,2,6,0,0,8,0,0,0,0,4,1,1,1,1,60,9,1798,8,2,TOYOTA COROLLA,4,E01027723,0,1
2024361415399,2024,361415399,2,9,0,-1,10,-1,-1,-1,0,1,0,0,0,0,1,9,-1,9,2,21,5,1332,1,31,TOYOTA COROLLA,4,E01026823,0,1
2024332400669,2024,332400669,1,8,0,-1,19,1,5,-1,0,0,0,0,0,0,1,1,-1,9,1,32,6,1798,8,5,TOYOTA COROLLA,4,E01013665,0,1
2024201405666,2024,201405666,1,9,0,-1,9,8,4,-1,0,5,0,0,0,0,1,1,-1,6,2,47,8,1995,2,18,TOYOTA COROLLA,2,E01009930,0,1
2024201514340,2024,201514340,2,9,0,-1,9,5,2,-1,0,8,0,11,0,0,3,1,-1,6,2,60,9,1398,1,21,TOYOTA COROLLA,-1,-1,0,-1
2024010526382,2024,010526382,3,9,0,13,13,1,5,0,0,2,0,0,0,0,0,1,1,1,2,32,6,1987,8,1,TOYOTA COROLLA,-1,-1,0,-1
2024371473758,2024,371473758,1,9,0,-1,19,1,5,-1,0,8,0,0,0,0,1,1,-1,6,1,21,5,1598,1,22,TOYOTA COROLLA,2,E01030254,0,4
2024141483810,2024,141483810,1,9,0,-1,19,7,3,-1,0,0,0,0,0,0,1,1,-1,6,1,38,7,1798,8,4,TOYOTA COROLLA,-1,-1,0,-1
2024451444216,2024,451444216,2,9,0,-1,19,6,2,-1,0,0,0,0,0,0,2,1,-1,1,1,27,6,-1,-1,-1,TOYOTA COROLLA,9,E01023136,0,3
2024131456914,2024,131456914,1,9,0,-1,-1,-1,-1,-1,-1,8,-1,-1,-1,0,-1,1,-1,6,3,-1,-1,1798,8,3,TOYOTA COROLLA,-1,-1,0,-1
2024010539519,2024,010539519,2,9,0,99,99,9,9,99,99,9,9,99,9,99,9,9,6,6,1,27,6,1798,8,1,TOYOTA COROLLA,6,E01002531,0,1
2024141510029,2024,141510029,2,8,0,-1,19,3,7,-1,0,4,0,0,0,0,1,9,-1,1,1,-1,-1,1798,8,2,TOYOTA COROLLA,-1,-1,0,-1
2024010500499,2024,010500499,2,9,0,4,4,5,1,0,0,1,0,0,0,0,0,1,6,6,1,29,6,1987,8,1,TOYOTA COROLLA,4,E01002695,0,1
2024302401661,2024,302401661,2,8,0,-1,2,0,0,-1,0,0,0,0,0,0,0,1,-1,1,1,61,9,1798,8,5,TOYOTA COROLLA,5,E01013551,0,1
2024421504630,2024,421504630,1,9,0,-1,15,1,5,-1,0,0,0,0,0,0,1,1,-1,6,2,80,11,1598,1,17,TOYOTA COROLLA,9,E01021632,0,1
2024010540912,2024,010540912,1,9,0,5,5,5,1,0,0,1,0,0,0,0,2,1,1,1,2,23,5,1987,8,1,TOYOTA COROLLA,4,E01000922,0,1
2024010526819,2024,010526819,4,9,0,4,4,5,1,0,0,0,0,0,0,0,1,1,1,1,1,34,6,1987,8,1,TOYOTA COROLLA,5,E01000330,0,2
2024101427608,2024,101427608,1,9,0,-1,4,1,5,-1,0,1,0,0,0,0,1,1,-1,6,1,45,7,1598,1,20,TOYOTA COROLLA,3,E01035610,0,1
2024401396805,2024,401396805,1,8,0,-1,19,-1,-1,-1,0,0,0,0,0,0,1,9,-1,1,1,50,8,1798,8,5,TOYOTA COROLLA,2,E01017531,0,1
2024471485589,2024,471485589,3,9,0,-1,19,8,4,-1,0,2,0,0,0,0,2,1,-1,9,2,28,6,1598,1,18,TOYOTA COROLLA,4,E01031499,0,3
2024052402496,2024,052402496,1,9,0,18,19,4,8,0,0,8,0,0,0,0,0,1,1,1,3,-1,-1,1798,8,1,TOYOTA COROLLA,-1,-1,0,-1
2024461496435,2024,461496435,2,9,0,-1,11,3,7,-1,0,0,0,0,0,0,4,1,-1,2,1,49,8,-1,-1,-1,TOYOTA COROLLA,2,E01016136,0,4
2024010545801,2024,010545801,1,9,0,18,19,8,4,2,2,8,0,0,0,0,1,1,1,1,1,32,6,1987,8,1,TOYOTA COROLLA,5,E01033917,0,2
2024211507131,2024,211507131,1,9,0,-1,4,4,5,-1,0,1,0,0,0,0,2,1,-1,9,2,52,8,1798,8,1,TOYOTA COROLLA,-1,-1,0,-1
2024010550746,2024,010550746,1,9,0,18,19,5,1,0,0,8,0,0,0,0,3,1,1,1,1,26,6,1987,8,1,TOYOTA COROLLA,3,E01001830,0,1
2024061535002,2024,061535002,1,9,-1,-1,-1,-1,-1,-1,-1,-1,-1,-1,-1,0,-1,9,-1,6,3,-1,-1,1398,1,21,TOYOTA COROLLA,-1,-1,0,-1
2024070986946,2024,070986946,2,9,1,-1,14,5,1,-1,0,6,0,0,0,0,3,1,-1,8,1,26,6,1798,8,0,TOYOTA COROLLA,3,E01018464,0,1
2024332400604,2024,332400604,1,9,0,-1,7,3,7,-1,0,3,0,10,1,0,1,1,-1,2,2,40,7,1398,1,20,TOYOTA COROLLA,5,E01025875,0,3
2024061521935,2024,061521935,1,9,0,-1,19,1,1,-1,0,1,0,0,2,0,3,1,-1,8,1,-1,-1,1798,8,1,TOYOTA COROLLA,-1,-1,0,-1
2024302400791,2024,302400791,1,9,0,5,5,1,5,0,0,4,0,0,0,0,3,1,2,2,1,59,9,1798,8,0,TOYOTA COROLLA,6,E01029091,0,5
2024201465514,2024,201465514,1,9,0,-1,4,8,4,-1,0,0,0,0,0,0,2,1,-1,6,1,63,9,2231,2,18,TOYOTA COROLLA,10,E01010205,0,3
2024010526469,2024,010526469,2,9,0,17,19,5,1,0,0,2,0,0,0,0,0,1,1,1,1,31,6,1987,8,1,TOYOTA COROLLA,4,E01002030,0,1
2024061434094,2024,061434094,2,8,0,-1,19,7,7,-1,0,2,0,0,0,0,3,1,-1,1,1,43,7,1798,8,2,TOYOTA COROLLA,2,E01005233,0,1
2024101445547,2024,101445547,2,9,0,-1,3,5,1,-1,0,6,0,0,0,0,2,1,-1,1,1,20,4,1798,8,0,TOYOTA COROLLA,-1,-1,0,-1
2024221412317,2024,221412317,1,9,0,-1,5,1,5,-1,0,4,0,0,0,0,1,9,-1,6,1,66,10,1598,1,18,TOYOTA COROLLA,1,E01032252,0,1
2024361405780,2024,361405780,1,9,0,-1,7,3,5,-1,0,7,0,0,0,0,1,2,-1,6,1,41,7,1798,8,1,TOYOTA COROLLA,3,E01026640,0,1
2024221511790,2024,221511790,1,9,0,-1,19,6,2,-1,0,6,0,0,0,0,1,1,-1,8,2,26,6,1798,8,0,TOYOTA COROLLA,-1,-1,0,-1
2024010539760,2024,010539760,1,9,0,9,9,4,2,0,0,8,0,0,0,0,1,1,6,6,1,52,8,1794,1,20,TOYOTA COROLLA,4,E01001047,0,1
2024070357801,2024,070357801,2,9,0,3,3,3,7,0,0,4,0,9,0,0,2,1,6,6,1,32,6,1798,8,4,TOYOTA COROLLA,-1,-1,0,-1
2024461399080,2024,461399080,1,9,0,-1,15,1,5,-1,0,0,0,0,0,0,1,9,-1,1,1,33,6,1798,8,2,TOYOTA COROLLA,9,E01024044,0,1
2024010532396,2024,010532396,1,9,0,16,19,1,3,0,0,1,0,0,0,0,1,1,1,1,1,41,7,1798,8,2,TOYOTA COROLLA,3,E01000152,0,1
2024471485567,2024,471485567,1,9,0,-1,19,2,6,-1,0,1,0,0,0,0,1,1,-1,6,2,86,11,1598,1,24,TOYOTA COROLLA,3,E01031453,0,1
2024061492079,2024,061492079,3,9,0,-1,19,3,7,-1,0,1,0,0,0,0,0,1,-1,8,2,25,5,1798,8,1,TOYOTA COROLLA,1,E01005484,0,2
2024010546067,2024,010546067,1,9,0,18,19,6,2,0,0,0,0,0,0,0,0,1,1,1,1,30,6,1987,8,1,TOYOTA COROLLA,5,E01033917,0,1
2024211426995,2024,211426995,2,9,0,-1,19,6,2,-1,0,0,0,0,0,0,4,9,-1,6,1,50,8,2231,2,16,TOYOTA COROLLA,1,E01014218,0,1
2024131461491,2024,131461491,1,9,0,-1,9,7,3,-1,0,8,0,0,0,0,4,1,-1,6,1,67,10,1398,1,23,TOYOTA COROLLA,1,E01010966,0,1
2024201505241,2024,201505241,1,9,0,-1,19,5,6,-1,0,2,0,0,0,0,4,1,-1,6,1,57,9,1794,1,16,TOYOTA COROLLA,-1,-1,0,-1
2024332400923,2024,332400923,1,8,0,-1,19,6,3,-1,0,0,0,0,1,9,1,1,-1,6,1,48,8,1798,8,4,TOYOTA COROLLA,4,E01015665,0,4
2024010524216,2024,010524216,2,9,0,10,10,7,4,0,0,1,0,0,0,0,1,1,6,6,1,39,7,1598,1,18,TOYOTA COROLLA,-1,-1,0,-1
2024101491320,2024,101491320,1,9,0,-1,19,5,1,-1,0,1,0,0,0,0,1,9,-1,6,1,-1,-1,1798,8,3,TOYOTA COROLLA,7,E01008789,0,1
2024010531656,2024,010531656,2,9,0,7,7,7,1,0,0,1,0,0,1,0,0,1,1,1,1,25,5,1987,8,1,TOYOTA COROLLA,4,E01004259,0,1
2024332401013,2024,332401013,3,8,0,-1,19,7,3,-1,0,0,0,0,1,10,1,1,-1,1,1,25,5,1798,8,4,TOYOTA COROLLA,8,E01026365,0,4
2024010532821,2024,010532821,1,9,0,18,19,7,3,0,0,1,0,0,0,0,1,1,6,6,1,89,11,1398,1,21,TOYOTA COROLLA,4,E01004356,0,1
2024401486587,2024,401486587,2,9,0,-1,19,5,1,-1,0,0,0,0,0,0,1,1,-1,6,1,43,7,1598,1,19,TOYOTA COROLLA,4,E01032980,0,4
2024010541770,2024,010541770,5,9,0,18,19,3,7,0,0,8,0,0,0,0,2,1,6,6,1,48,8,1598,1,19,TOYOTA COROLLA,-1,-1,0,-1
2024010498605,2024,010498605,1,9,0,99,99,9,9,99,99,9,9,99,9,99,9,9,6,6,1,64,9,1598,1,18,TOYOTA COROLLA,-1,-1,0,-1
2024440512585,2024,440512585,3,9,0,18,19,6,2,0,0,1,0,0,0,0,3,1,2,2,2,30,6,1798,8,3,TOYOTA COROLLA,4,E01022523,0,4
2024501463559,2024,501463559,2,9,0,-1,19,5,1,-1,0,1,0,0,0,0,4,1,-1,1,2,49,8,1798,8,2,TOYOTA COROLLA,5,E01018960,0,4
2024201475510,2024,201475510,2,9,0,-1,3,6,2,-1,0,1,0,0,0,0,2,9,-1,6,1,48,8,1794,1,17,TOYOTA COROLLA,1,E01008928,0,2
2024332401039,2024,332401039,1,9,0,-1,19,8,4,-1,0,8,0,0,0,0,1,1,-1,9,1,59,9,1798,8,5,TOYOTA COROLLA,4,E01028167,0,4
2024070911082,2024,070911082,3,9,0,-1,4,1,5,-1,0,0,0,0,0,0,2,1,-1,6,2,70,10,1798,8,5,TOYOTA COROLLA,1,E01018640,0,1
2024061440171,2024,061440171,2,9,0,-1,19,1,1,-1,0,0,0,0,0,0,2,2,-1,6,1,59,9,1798,8,4,TOYOTA COROLLA,10,E01018702,0,4
2024010541865,2024,010541865,1,9,0,18,19,3,7,0,0,3,0,0,0,0,1,1,1,1,1,39,7,1987,8,1,TOYOTA COROLLA,6,E01033589,0,1
2024302401388,2024,302401388,1,8,0,1,1,2,6,9,9,0,0,0,0,0,3,1,1,1,1,38,7,1798,8,5,TOYOTA COROLLA,1,E01013948,0,3
2024991514382,2024,991514382,3,8,0,-1,3,1,4,-1,0,1,0,0,0,0,3,1,-1,1,1,41,7,1798,8,1,TOYOTA COROLLA,-1,-1,0,-1
2024010526261,2024,010526261,1,9,0,18,19,7,3,0,0,0,0,0,7,10,4,1,2,2,1,27,6,1798,8,4,TOYOTA COROLLA,3,E01034206,0,1
2024131517311,2024,131517311,1,9,0,-1,9,1,2,-1,0,1,0,0,0,0,3,1,-1,9,1,52,8,1798,8,5,TOYOTA COROLLA,1,E01011434,0,1
2024201505377,2024,201505377,1,9,0,-1,6,6,6,-1,0,8,0,7,0,0,4,9,-1,1,1,35,6,1798,8,0,TOYOTA COROLLA,9,E01010547,0,1
2024991450120,2024,991450120,1,8,0,-1,19,3,7,-1,0,1,0,0,0,0,4,1,-1,1,1,46,8,1798,8,5,TOYOTA COROLLA,6,-1,0,3
2024461543574,2024,461543574,1,9,0,-1,9,1,4,-1,0,6,0,0,0,0,1,1,-1,2,1,62,9,1598,1,21,TOYOTA COROLLA,3,E01001166,0,4
2024010513909,2024,010513909,1,9,0,18,19,1,5,0,0,1,0,0,0,0,1,1,6,6,1,37,7,1794,1,19,TOYOTA COROLLA,2,E01003502,0,4
2024061406236,2024,061406236,1,9,0,-1,19,3,7,-1,0,1,0,0,0,0,4,1,-1,8,2,26,6,1798,8,2,TOYOTA COROLLA,7,E01005083,0,1
2024531510097,2024,531510097,1,9,0,-1,19,1,5,-1,0,0,0,0,4,0,1,1,-1,9,1,49,8,1987,8,4,TOYOTA COROLLA,8,E01022139,0,4
2024010526490,2024,010526490,2,9,0,3,3,1,5,0,0,2,0,0,0,0,0,1,1,1,1,31,6,1987,8,1,TOYOTA COROLLA,4,E01021829,0,4
2024131464764,2024,131464764,1,9,0,-1,9,7,3,-1,0,0,0,0,0,0,3,1,-1,1,1,39,7,1798,8,4,TOYOTA COROLLA,1,E01011312,0,1
2024520401960,2024,520401960,1,9,0,18,19,7,3,0,0,0,1,0,0,0,1,1,6,6,1,26,6,1587,1,25,TOYOTA COROLLA,2,E01029284,0,2
2024461406437,2024,461406437,1,9,0,-1,13,7,3,-1,0,0,1,0,1,2,4,1,-1,6,1,31,6,1987,8,1,TOYOTA COROLLA,4,E01016174,0,2
2024010521441,2024,010521441,3,9,0,18,19,3,7,0,0,0,0,0,0,0,2,1,6,6,1,47,8,1598,1,20,TOYOTA COROLLA,3,E01003616,0,1
2024061525224,2024,061525224,3,9,0,-1,19,7,3,-1,0,1,0,0,0,0,0,1,-1,1,-1,-1,-1,1798,8,1,TOYOTA COROLLA,-1,-1,0,-1
2024010520103,2024,010520103,1,9,0,18,19,5,1,0,0,1,0,0,1,0,0,1,1,1,1,34,6,1987,8,1,TOYOTA COROLLA,-1,-1,0,-1
2024401492388,2024,401492388,1,9,0,-1,19,-1,-1,-1,0,4,0,0,0,0,1,1,-1,6,1,-1,-1,1398,1,20,TOYOTA COROLLA,10,E01017371,0,1
2024010541286,2024,010541286,2,9,0,99,99,9,9,99,99,9,9,99,9,99,9,9,6,6,1,-1,-1,1798,8,0,TOYOTA COROLLA,3,E01003275,0,1
2024061474040,2024,061474040,3,9,0,-1,7,6,7,-1,0,1,0,0,0,0,0,1,-1,1,2,31,6,1798,8,2,TOYOTA COROLLA,1,E01005202,0,1
2024520002578,2024,520002578,2,9,0,9,9,6,4,0,0,8,0,0,0,0,1,1,6,6,1,-1,-1,2231,2,18,TOYOTA COROLLA,5,E01014431,0,1
2024061494973,2024,061494973,2,9,0,-1,19,4,8,-1,0,1,0,0,0,0,0,1,-1,1,1,-1,-1,1798,8,2,TOYOTA COROLLA,-1,-1,0,-1
2024201479338,2024,201479338,2,9,0,-1,2,0,0,-1,0,0,0,0,0,0,2,9,-1,1,1,42,7,1798,8,2,TOYOTA COROLLA,1,E01009133,0,1
2024991494003,2024,991494003,1,9,0,-1,9,7,5,-1,0,1,0,0,0,0,1,1,-1,1,1,30,6,1798,8,5,TOYOTA COROLLA,-1,-1,0,-1
2024411412541,2024,411412541,1,9,0,-1,19,7,3,-1,0,2,0,0,0,0,2,1,-1,6,2,56,9,1798,8,4,TOYOTA COROLLA,8,E01023571,0,2
2024501521597,2024,501521597,1,9,0,-1,5,1,6,-1,0,6,0,0,0,0,1,1,-1,1,2,47,8,1798,8,3,TOYOTA COROLLA,7,E01018858,0,1
2024440494548,2024,440494548,1,9,0,18,19,7,3,0,0,8,0,0,0,0,1,1,6,6,1,62,9,1398,1,21,TOYOTA COROLLA,6,E01022592,0,4
2024010549427,2024,010549427,2,9,0,3,3,7,3,0,0,1,0,0,0,0,0,1,6,6,2,28,6,1987,8,1,TOYOTA COROLLA,7,E01003199,0,1
2024010533683,2024,010533683,2,9,0,3,3,7,3,0,0,8,0,0,0,0,2,1,6,6,1,29,6,1798,8,1,TOYOTA COROLLA,2,E01001130,0,1
2024430558552,2024,430558552,2,9,0,18,19,4,8,0,0,0,0,0,0,0,1,1,6,6,1,37,7,1398,1,20,TOYOTA COROLLA,7,E01027262,0,4
2024451485142,2024,451485142,2,9,0,-1,4,5,1,-1,0,0,0,0,0,0,1,9,-1,6,1,20,4,1598,1,19,TOYOTA COROLLA,-1,-1,0,-1
2024131400440,2024,131400440,2,9,0,-1,19,2,6,-1,0,0,0,0,0,0,2,1,-1,1,1,35,6,1798,8,3,TOYOTA COROLLA,4,E01011462,0,1
2024471485697,2024,471485697,2,9,0,-1,19,5,1,-1,0,1,0,0,0,0,3,9,-1,6,1,52,8,-1,-1,-1,TOYOTA COROLLA,5,E01031469,0,3
2024332400235,2024,332400235,1,9,0,-1,11,5,1,-1,0,0,0,0,0,0,1,1,-1,1,1,60,9,1798,8,4,TOYOTA COROLLA,9,E01007802,0,4