collision_index,collision_year,collision_ref_no,vehicle_reference,vehicle_type,towing_and_articulation,vehicle_manoeuvre_historic,vehicle_manoeuvre,vehicle_direction_from,vehicle_direction_to,vehicle_location_restricted_lane_historic,vehicle_location_restricted_lane,junction_location,skidding_and_overturning,hit_object_in_carriageway,vehicle_leaving_carriageway,hit_object_off_carriageway,first_point_of_impact,vehicle_left_hand_drive,journey_purpose_of_driver_historic,journey_purpose_of_driver,sex_of_driver,age_of_driver,age_band_of_driver,engine_capacity_cc,propulsion_code,age_of_vehicle,generic_make_model,driver_imd_decile,lsoa_of_driver,escooter_flag,driver_distance_banding
2024461528313,2024,461528313,1,9,0,-1,19,3,7,-1,0,1,0,0,0,0,1,1,-1,1,1,50,8,1798,8,2,TOYOTA COROLLA,5,E01032653,0,4
2024991518997,2024,991518997,1,8,0,-1,6,3,7,-1,0,1,0,0,0,0,1,1,-1,1,1,46,8,1798,8,2,TOYOTA COROLLA,4,-1,0,4
2024430205979,2024,430205979,1,9,0,1,1,3,7,0,0,6,0,0,0,0,2,1,6,6,1,33,6,1398,1,21,TOYOTA COROLLA,8,E01016380,0,1
2024522402844,2024,522402844,1,8,0,18,19,4,8,0,0,8,1,0,0,0,1,1,6,6,1,45,7,1798,8,1,TOYOTA COROLLA,1,E01014580,0,1
2024501443285,2024,501443285,2,9,0,-1,19,6,2,-1,0,1,0,0,0,0,1,1,-1,6,1,73,10,1798,8,1,TOYOTA COROLLA,6,E01018973,0,4
2024010520906,2024,010520906,2,9,0,18,19,5,1,0,0,1,0,0,0,0,0,1,6,6,1,-1,-1,1987,8,1,TOYOTA COROLLA,-1,-1,0,-1
2024101505661,2024,101505661,1,9,0,-1,19,8,4,-1,0,8,0,0,0,0,1,1,-1,1,2,-1,-1,1798,8,1,TOYOTA COROLLA,-1,-1,0,-1
2024010510579,2024,010510579,3,9,0,18,19,3,7,9,9,2,0,0,0,0,0,1,1,1,1,35,6,1987,8,1,TOYOTA COROLLA,6,E01000631,0,2
2024552500045,2024,552500045,1,9,0,9,9,2,8,0,0,8,0,0,0,0,1,1,6,6,3,-1,-1,1794,1,21,TOYOTA COROLLA,-1,-1,0,-1
2024101499949,2024,101499949,1,9,0,-1,19,3,7,-1,0,0,1,4,0,0,3,1,-1,1,1,45,7,1798,8,1,TOYOTA COROLLA,3,E01008349,0,1
2024421483243,2024,421483243,2,9,0,-1,19,8,4,-1,0,0,0,0,0,0,1,1,-1,1,1,49,8,1798,8,5,TOYOTA COROLLA,4,E01021850,0,1
2024131428753,2024,131428753,2,9,0,-1,19,7,3,-1,0,1,0,0,0,0,1,1,-1,9,1,39,7,1598,1,21,TOYOTA COROLLA,4,E01010598,0,3
2024201515210,2024,201515210,2,9,0,-1,9,1,7,-1,0,6,0,0,0,0,3,9,-1,9,2,40,7,1794,1,17,TOYOTA COROLLA,1,E01009478,0,1
2024211491635,2024,211491635,1,9,0,-1,5,5,1,-1,0,4,5,7,0,0,1,2,-1,2,2,40,7,1987,8,2,TOYOTA COROLLA,9,E01010334,0,4
2024010526596,2024,010526596,2,9,0,99,99,9,9,0,0,1,9,0,0,0,1,1,6,6,1,-1,-1,1987,8,5,TOYOTA COROLLA,-1,-1,0,-1
2024061470361,2024,061470361,1,9,0,-1,8,-1,-1,-1,-1,0,0,0,0,0,2,1,-1,9,1,48,8,1798,8,2,TOYOTA COROLLA,3,E01005853,0,1
2024041443314,2024,041443314,2,9,0,-1,2,5,1,-1,0,2,0,0,0,0,1,1,-1,6,-1,-1,-1,1798,8,5,TOYOTA COROLLA,-1,-1,0,-1
2024411541112,2024,411541112,2,9,0,-1,4,1,5,-1,0,0,0,0,0,0,3,1,-1,6,2,61,9,1798,8,2,TOYOTA COROLLA,1,E01005599,0,5
2024161513049,2024,161513049,2,9,0,-1,2,0,0,-1,0,0,0,0,0,0,2,1,-1,6,3,-1,-1,1798,8,0,TOYOTA COROLLA,-1,-1,0,-1
2024131535293,2024,131535293,1,9,0,-1,9,3,7,-1,0,8,0,0,0,0,1,1,-1,9,1,27,6,1798,8,4,TOYOTA COROLLA,3,E01010789,0,3
2024211424156,2024,211424156,1,9,0,-1,19,5,1,-1,0,0,0,0,0,0,4,1,-1,9,1,51,8,1798,8,3,TOYOTA COROLLA,-1,-1,0,-1
2024010537025,2024,010537025,2,9,0,9,9,3,1,0,0,5,0,0,3,0,2,1,6,6,1,56,9,1798,8,5,TOYOTA COROLLA,3,E01032786,0,1
2024122401002,2024,122401002,1,9,0,18,19,3,7,0,0,8,0,0,0,0,1,1,6,6,1,35,6,1197,1,5,TOYOTA COROLLA,-1,-1,0,-1
2024540415124,2024,540415124,2,9,0,4,4,4,8,0,0,2,0,0,0,0,2,1,6,6,2,57,9,1987,8,5,TOYOTA COROLLA,9,E01015586,0,1
2024131411193,2024,131411193,1,9,0,-1,9,3,1,-1,0,1,0,0,0,0,1,1,-1,1,1,56,9,1798,8,2,TOYOTA COROLLA,3,E01011261,0,3
2024201436918,2024,201436918,1,9,0,-1,7,4,6,-1,0,5,0,0,0,0,4,9,-1,1,1,37,7,1794,1,16,TOYOTA COROLLA,2,E01008883,0,1
2024471487780,2024,471487780,1,9,0,-1,19,5,1,-1,0,1,0,0,0,0,3,1,-1,9,1,45,7,1798,8,3,TOYOTA COROLLA,8,E01031766,0,1
2024361529536,2024,361529536,1,9,0,-1,19,2,4,-1,0,1,0,0,0,0,1,1,-1,1,1,34,6,1798,8,4,TOYOTA COROLLA,2,E01026865,0,1
2024311425597,2024,311425597,1,9,0,-1,19,6,2,-1,0,1,0,0,0,0,1,1,-1,2,1,52,8,1332,1,26,TOYOTA COROLLA,1,E01013480,0,3
2024071030604,2024,071030604,1,9,0,-1,2,0,0,-1,0,0,0,11,0,0,4,1,-1,1,2,19,4,1798,8,0,TOYOTA COROLLA,9,E01018737,0,2
2024010523015,2024,010523015,1,9,0,18,19,7,3,0,0,8,0,0,0,0,2,1,6,6,1,34,6,1798,8,4,TOYOTA COROLLA,8,E01002320,0,1
2024991431358,2024,991431358,1,8,0,-1,7,8,2,-1,0,2,0,0,0,0,1,1,-1,1,1,55,8,1798,8,1,TOYOTA COROLLA,5,-1,0,1
2024010520762,2024,010520762,2,9,0,18,19,7,3,0,0,4,0,0,0,0,3,1,1,1,1,41,7,1987,8,1,TOYOTA COROLLA,6,E01000631,0,1
2024061502055,2024,061502055,1,8,0,-1,4,7,3,-1,0,0,0,0,7,0,4,1,-1,1,1,44,7,1798,8,1,TOYOTA COROLLA,1,E01005256,0,1
2024311448999,2024,311448999,1,8,0,-1,1,5,1,-1,0,1,0,0,0,0,2,1,-1,1,1,35,6,1798,8,3,TOYOTA COROLLA,6,E01013837,0,1
2024041450637,2024,041450637,1,9,0,-1,9,5,1,-1,0,1,0,0,0,0,1,1,-1,6,1,47,8,1995,2,22,TOYOTA COROLLA,2,E01025471,0,2
2024131417905,2024,131417905,1,9,0,-1,5,3,4,-1,0,0,0,0,2,1,4,1,-1,9,1,75,10,1798,8,3,TOYOTA COROLLA,8,E01011514,0,2
2024201533659,2024,201533659,2,9,0,-1,9,3,8,-1,0,5,1,0,0,0,3,1,-1,1,1,27,6,1798,8,0,TOYOTA COROLLA,3,E01033561,0,1
2024471501523,2024,471501523,2,9,0,-1,4,7,3,-1,0,1,0,0,0,0,1,1,-1,1,1,75,10,1798,8,2,TOYOTA COROLLA,5,E01021121,0,2
2024622400823,2024,622400823,2,9,0,18,19,2,6,0,0,0,1,0,0,0,1,1,2,2,2,47,8,1987,8,3,TOYOTA COROLLA,3,W01001272,0,3
2024010533223,2024,010533223,2,9,0,5,5,3,7,0,0,8,0,0,0,0,3,1,1,1,1,26,6,1798,8,5,TOYOTA COROLLA,4,E01001724,0,1
2024201513739,2024,201513739,1,9,0,-1,6,1,1,-1,0,0,0,0,0,0,0,9,-1,2,1,51,8,1598,1,20,TOYOTA COROLLA,2,E01010087,0,1
2024501498214,2024,501498214,1,9,0,-1,9,2,8,-1,0,2,0,0,0,0,3,1,-1,9,1,62,9,1987,8,4,TOYOTA COROLLA,8,E01019889,0,1
2024471398636,2024,471398636,1,9,0,-1,19,1,5,-1,0,0,0,0,0,0,1,1,-1,7,2,35,6,1794,1,17,TOYOTA COROLLA,5,E01031571,0,1
2024010528683,2024,010528683,1,9,0,2,2,0,0,0,0,1,0,0,0,0,3,1,6,6,3,-1,-1,1798,8,5,TOYOTA COROLLA,-1,-1,0,-1
2024610045324,2024,610045324,1,8,0,18,19,8,4,0,0,2,0,0,0,0,1,1,1,1,1,42,7,1798,8,4,TOYOTA COROLLA,1,W01001687,0,1
2024101445547,2024,101445547,1,9,0,-1,19,5,1,-1,0,6,0,0,0,0,1,1,-1,1,2,25,5,1798,8,1,TOYOTA COROLLA,-1,-1,0,-1
2024010549520,2024,010549520,4,9,0,3,3,3,7,0,0,1,0,0,0,0,2,1,2,2,1,52,8,1598,1,21,TOYOTA COROLLA,9,E01002274,0,1
2024010515077,2024,010515077,3,9,0,4,4,3,7,0,0,1,0,0,0,0,0,1,6,6,1,31,6,1987,8,1,TOYOTA COROLLA,-1,-1,0,-1
2024131512268,2024,131512268,1,9,0,-1,19,1,1,-1,0,8,0,0,0,0,1,1,-1,6,1,47,8,1798,8,3,TOYOTA COROLLA,6,E01010999,0,1
2024061537449,2024,061537449,1,9,0,-1,13,8,4,-1,0,1,0,0,0,0,1,1,-1,8,2,24,5,1798,8,2,TOYOTA COROLLA,1,E01005427,0,1
2024131511392,2024,131511392,2,9,0,-1,4,2,6,-1,0,0,0,0,0,0,2,1,-1,6,1,44,7,1398,1,19,TOYOTA COROLLA,1,E01010617,0,1
2024061451174,2024,061451174,2,9,0,-1,19,5,1,-1,0,0,0,0,0,0,3,1,-1,9,1,72,10,1598,1,19,TOYOTA COROLLA,1,E01005198,0,1
2024010539564,2024,010539564,1,9,0,5,5,7,3,0,0,0,0,0,0,0,0,1,1,1,1,28,6,1987,8,1,TOYOTA COROLLA,9,E01000345,0,2
2024010541709,2024,010541709,1,9,0,-1,-1,5,1,0,0,1,0,0,0,0,0,1,6,6,1,56,9,1987,8,0,TOYOTA COROLLA,4,E01001898,0,1
2024361512670,2024,361512670,1,8,0,-1,19,1,5,-1,0,1,0,0,0,0,1,1,-1,1,1,54,8,1798,8,5,TOYOTA COROLLA,2,E01035140,0,1
2024010550601,2024,010550601,1,9,0,99,99,9,9,99,99,9,9,99,9,99,1,9,6,6,2,49,8,1798,8,3,TOYOTA COROLLA,2,E01003947,0,2
2024501428709,2024,501428709,1,9,0,-1,13,3,7,-1,0,0,0,0,0,0,1,1,-1,6,1,33,6,1598,1,20,TOYOTA COROLLA,6,E01018957,0,3
2024061427442,2024,061427442,2,9,0,-1,19,3,7,-1,0,8,0,0,0,0,1,1,-1,1,2,26,6,1798,8,1,TOYOTA COROLLA,1,E01005762,0,1
2024061478432,2024,061478432,2,8,9,-1,19,-1,-1,-1,0,0,0,0,0,0,4,1,-1,6,3,-1,-1,1798,8,1,TOYOTA COROLLA,-1,-1,0,-1
2024122500454,2024,122500454,1,8,0,5,5,7,3,0,0,6,1,0,0,0,1,1,1,1,1,36,7,1798,8,5,TOYOTA COROLLA,2,E01012863,0,4
2024161510483,2024,161510483,2,9,0,-1,3,1,5,-1,0,2,0,0,0,0,3,1,-1,6,1,18,4,1587,1,25,TOYOTA COROLLA,-1,-1,0,-1
2024010510227,2024,010510227,2,9,0,9,9,5,3,0,0,1,0,0,0,0,1,1,2,2,1,46,8,1598,1,19,TOYOTA COROLLA,-1,-1,0,-1
2024052401318,2024,052401318,1,9,0,9,9,2,7,0,0,8,0,0,0,0,1,1,1,1,1,63,9,1798,8,2,TOYOTA COROLLA,1,E01006695,0,2
2024161424335,2024,161424335,1,9,0,-1,19,5,1,-1,0,0,0,0,7,0,1,1,-1,9,1,28,6,1598,1,19,TOYOTA COROLLA,4,E01013246,0,1
2024201470013,2024,201470013,3,9,0,-1,2,0,0,-1,0,8,0,0,0,0,0,1,-1,8,2,25,5,1798,8,0,TOYOTA COROLLA,2,E01009509,0,1
2024061444285,2024,061444285,1,8,0,-1,99,-1,-1,-1,0,0,0,0,0,0,1,1,-1,6,3,-1,-1,1798,8,4,TOYOTA COROLLA,-1,-1,0,-1
2024471487645,2024,471487645,2,9,0,-1,19,1,5,-1,0,1,0,0,0,0,1,1,-1,1,1,32,6,1798,8,2,TOYOTA COROLLA,4,E01031583,0,4
2024131532942,2024,131532942,2,8,0,-1,4,4,8,-1,0,1,0,0,0,0,3,1,-1,1,1,28,6,1798,8,5,TOYOTA COROLLA,3,E01010810,0,2
2024061524484,2024,061524484,2,9,0,-1,19,3,7,-1,0,8,0,0,0,0,1,1,-1,9,1,77,11,1398,1,17,TOYOTA COROLLA,4,E01005293,0,1
2024201453171,2024,201453171,3,8,0,-1,3,1,5,-1,0,2,0,0,0,0,2,1,-1,1,1,39,7,1798,8,1,TOYOTA COROLLA,-1,-1,0,-1
2024010516895,2024,010516895,1,9,0,99,99,9,9,99,99,9,9,99,9,99,1,9,6,6,3,-1,-1,1398,1,21,TOYOTA COROLLA,9,E01002416,0,1
2024010511244,2024,010511244,3,9,0,2,2,0,0,9,9,0,0,0,0,0,2,1,6,6,3,-1,-1,1798,8,4,TOYOTA COROLLA,-1,-1,0,-1
2024010529138,2024,010529138,1,9,0,10,10,4,1,0,0,2,0,0,0,0,0,1,1,1,1,28,6,1987,8,1,TOYOTA COROLLA,2,E01004008,0,1
2024010500508,2024,010500508,2,9,0,99,99,9,9,99,99,9,9,99,9,99,9,9,6,6,1,52,8,1598,1,21,TOYOTA COROLLA,4,E01004421,0,1
2024161426019,2024,161426019,1,9,0,-1,13,1,5,-1,0,0,0,0,0,0,1,1,-1,6,1,30,6,1398,1,22,TOYOTA COROLLA,1,E01035465,0,3
2024010533469,2024,010533469,2,9,0,3,3,1,5,0,0,0,0,0,0,0,1,1,6,6,1,76,11,1598,1,21,TOYOTA COROLLA,9,E01000177,0,1
2024311460180,2024,311460180,2,9,0,-1,19,2,6,-1,0,0,0,0,0,0,1,1,-1,6,1,44,7,1598,1,24,TOYOTA COROLLA,3,E01013939,0,2
2024320764118,2024,320764118,1,9,0,-1,-1,2,6,0,0,1,0,0,0,0,1,1,-1,-1,2,42,7,1398,1,20,TOYOTA COROLLA,3,E01026183,0,3
2024430184263,2024,430184263,2,8,0,18,19,7,3,0,0,1,0,0,0,0,2,1,1,1,1,-1,-1,1798,8,1,TOYOTA COROLLA,-1,-1,0,-1
2024411493813,2024,411493813,1,9,0,-1,5,7,5,-1,9,0,1,0,7,1,3,1,-1,6,1,44,7,1798,8,2,TOYOTA COROLLA,3,E01000876,0,3
2024010531656,2024,010531656,3,9,0,18,19,7,3,0,0,1,0,0,0,0,0,1,1,1,1,35,6,1987,8,1,TOYOTA COROLLA,4,E01004259,0,1
2024131478506,2024,131478506,1,9,0,-1,19,6,2,-1,0,1,0,0,0,0,1,1,-1,6,2,-1,-1,1398,1,17,TOYOTA COROLLA,-1,-1,0,-1
2024401432290,2024,401432290,1,9,0,-1,7,6,8,-1,0,2,0,7,0,0,1,1,-1,6,1,29,6,1798,8,2,TOYOTA COROLLA,2,E01015726,0,1
2024010509565,2024,010509565,2,9,0,18,19,5,1,0,0,1,0,0,0,0,0,1,1,1,1,39,7,1987,8,1,TOYOTA COROLLA,2,E01004008,0,1
2024131414005,2024,131414005,5,9,0,-1,19,7,3,-1,0,0,0,0,0,0,2,1,-1,1,1,28,6,1798,8,4,TOYOTA COROLLA,1,E01011483,0,1
2024522403104,2024,522403104,1,8,0,18,19,7,3,0,0,0,0,0,0,0,4,1,1,1,1,46,8,1798,8,4,TOYOTA COROLLA,1,E01014655,0,1
2024010546132,2024,010546132,1,9,0,18,19,1,5,2,2,2,0,0,0,0,3,1,1,1,1,30,6,1987,8,1,TOYOTA COROLLA,4,E01032639,0,1
2024131440467,2024,131440467,2,9,0,-1,19,1,5,-1,0,0,0,0,0,0,2,1,-1,9,2,50,8,1798,8,4,TOYOTA COROLLA,1,E01010650,0,1
2024141496298,2024,141496298,1,9,0,-1,19,2,6,-1,0,0,0,0,0,0,1,9,-1,6,1,31,6,1398,1,18,TOYOTA COROLLA,1,E01011107,0,4
2024131397373,2024,131397373,1,9,0,-1,9,7,5,-1,0,5,0,0,0,0,1,1,-1,9,2,45,7,1398,1,18,TOYOTA COROLLA,2,E01010630,0,1
2024061431408,2024,061431408,3,9,0,-1,19,7,3,-1,0,1,0,0,0,0,0,1,-1,1,1,26,6,1798,8,1,TOYOTA COROLLA,-1,-1,0,-1
2024451412360,2024,451412360,1,9,0,-1,19,1,5,-1,0,8,0,0,0,0,4,1,-1,1,2,68,10,1798,8,1,TOYOTA COROLLA,5,E01002950,0,1
2024141511056,2024,141511056,1,9,0,-1,19,2,6,-1,0,0,0,0,0,0,1,2,-1,1,1,47,8,1798,8,2,TOYOTA COROLLA,5,E01008051,0,1
2024010538151,2024,010538151,3,9,0,3,3,5,1,0,0,1,0,0,0,0,0,1,1,1,1,26,6,1987,8,1,TOYOTA COROLLA,2,E01003047,0,1
2024991409448,2024,991409448,1,8,0,-1,19,5,1,-1,0,4,0,0,0,0,1,1,-1,1,1,66,10,1798,8,4,TOYOTA COROLLA,9,-1,0,1
2024522402838,2024,522402838,2,9,0,7,7,6,8,0,0,4,0,0,0,0,3,1,6,6,1,29,6,1798,8,4,TOYOTA COROLLA,1,E01033366,0,1
2024141496203,2024,141496203,1,9,0,-1,13,8,4,-1,0,0,0,0,0,0,1,1,-1,6,2,45,7,1364,2,18,TOYOTA COROLLA,2,E01007871,0,3
2024610022724,2024,610022724,1,9,0,18,19,5,1,0,0,8,0,0,0,0,3,1,6,6,1,33,6,1987,8,3,TOYOTA COROLLA,8,W01001770,0,4
2024522402007,2024,522402007,2,9,0,1,1,1,5,0,0,1,0,0,0,0,2,1,6,6,3,-1,-1,1798,8,3,TOYOTA COROLLA,-1,-1,0,-1
2024201405208,2024,201405208,1,9,0,-1,9,8,4,-1,0,6,0,0,0,0,1,9,-1,6,3,16,4,1794,1,20,TOYOTA COROLLA,-1,-1,0,-1
2024421441644,2024,421441644,1,9,0,-1,5,2,1,-1,0,0,0,0,0,0,1,1,-1,1,1,55,8,1798,8,2,TOYOTA COROLLA,4,E01002315,0,3
2024501397478,2024,501397478,1,9,0,-1,19,3,5,-1,0,1,1,0,0,0,1,1,-1,1,1,17,4,1794,1,21,TOYOTA COROLLA,3,E01020286,0,1
2024010544148,2024,010544148,1,9,0,18,19,5,1,0,0,6,0,0,0,0,1,1,6,6,2,78,11,1598,1,20,TOYOTA COROLLA,4,E01001478,0,1
2024201517309,2024,201517309,4,9,0,-1,2,0,0,-1,9,8,0,0,0,0,1,1,-1,6,-1,-1,-1,1794,1,19,TOYOTA COROLLA,-1,-1,0,-1
2024041443591,2024,041443591,4,9,0,-1,4,7,3,-1,0,1,0,0,0,0,3,1,-1,9,2,39,7,1987,8,4,TOYOTA COROLLA,7,E01012592,0,1
2024340NN3802,2024,340NN3802,2,9,0,-1,19,5,1,-1,0,8,0,0,0,0,4,1,-1,9,1,37,7,1987,8,2,TOYOTA COROLLA,7,E01027337,0,3
2024522402944,2024,522402944,1,8,0,18,19,3,7,0,0,0,0,0,0,0,4,1,6,6,3,-1,-1,1798,8,4,TOYOTA COROLLA,-1,-1,0,-1
2024010507842,2024,010507842,3,9,0,9,9,7,5,0,0,4,0,0,0,0,1,1,6,6,1,33,6,1987,8,1,TOYOTA COROLLA,7,E01002514,0,2
2024520500052,2024,520500052,1,9,0,18,19,6,2,0,0,8,1,0,1,0,1,1,6,6,2,-1,-1,1798,8,1,TOYOTA COROLLA,10,E01014793,0,4
2024010495556,2024,010495556,2,8,0,99,99,9,9,99,99,9,9,99,9,99,9,9,6,6,3,40,7,1798,8,2,TOYOTA COROLLA,4,E01017926,0,4
2024501436266,2024,501436266,2,9,0,-1,19,3,7,-1,0,1,0,0,0,0,3,1,-1,9,1,26,6,1798,8,4,TOYOTA COROLLA,4,E01015268,0,1
2024141525368,2024,141525368,2,8,0,-1,9,3,1,-1,0,2,0,0,0,0,3,1,-1,2,1,61,9,1798,8,5,TOYOTA COROLLA,6,E01008105,0,2
2024461484475,2024,461484475,1,9,0,-1,19,4,3,-1,0,1,1,0,0,0,1,9,-1,6,1,20,4,1794,1,17,TOYOTA COROLLA,6,E01005275,0,5
2024411438752,2024,411438752,2,9,0,-1,3,5,1,-1,0,0,0,0,0,0,2,1,-1,6,2,31,6,1598,1,21,TOYOTA COROLLA,5,E01000589,0,3
2024041501229,2024,041501229,2,9,0,-1,19,7,3,-1,0,0,0,0,0,0,2,1,-1,1,1,40,7,1987,8,4,TOYOTA COROLLA,5,E01025235,0,1
2024461399072,2024,461399072,1,9,0,-1,4,7,3,-1,0,0,1,0,0,0,2,9,-1,6,1,34,6,1798,8,5,TOYOTA COROLLA,6,E01016166,0,4
2024122401152,2024,122401152,1,9,0,7,7,5,7,0,0,6,0,0,0,0,3,1,1,1,1,58,9,1364,2,18,TOYOTA COROLLA,3,E01011597,0,4
2024070360783,2024,070360783,2,9,0,2,2,0,0,0,0,0,0,0,0,0,3,1,6,6,3,-1,-1,1798,8,1,TOYOTA COROLLA,-1,-1,0,-1
2024010506099,2024,010506099,1,9,0,13,13,3,7,0,0,8,0,0,0,0,1,1,1,1,1,24,5,1987,8,1,TOYOTA COROLLA,9,E01000696,0,2
2024061527748,2024,061527748,2,9,0,-1,19,5,8,-1,0,0,0,0,0,0,0,1,-1,1,1,-1,-1,1798,8,1,TOYOTA COROLLA,-1,-1,0,-1
2024061527219,2024,061527219,2,9,0,-1,19,6,2,-1,0,8,0,0,0,0,1,1,-1,1,1,38,7,1798,8,3,TOYOTA COROLLA,3,E01005374,0,1
2024061508656,2024,061508656,1,9,0,-1,5,6,2,-1,0,8,0,0,0,0,1,1,-1,6,1,40,7,1798,8,4,TOYOTA COROLLA,-1,-1,0,-1
2024522402102,2024,522402102,2,9,0,4,4,1,6,0,0,8,0,0,0,0,2,1,6,6,2,54,8,2231,2,17,TOYOTA COROLLA,6,E01014642,0,1
2024201505051,2024,201505051,1,9,0,-1,19,4,6,-1,0,4,0,0,0,0,1,1,-1,6,1,32,6,1598,1,18,TOYOTA COROLLA,1,E01033640,0,1
2024131499924,2024,131499924,2,9,0,-1,7,7,3,-1,0,1,0,0,0,0,1,1,-1,2,1,56,9,1798,8,5,TOYOTA COROLLA,2,E01011295,0,1
2024010508655,2024,010508655,2,9,0,99,99,9,9,99,99,9,9,99,9,99,1,9,6,6,3,-1,-1,1798,8,1,TOYOTA COROLLA,5,E01004487,0,1
2024131525756,2024,131525756,2,9,0,-1,19,1,5,-1,0,0,0,4,0,0,2,1,-1,9,1,32,6,1987,8,4,TOYOTA COROLLA,1,E01011430,0,1
2024010551761,2024,010551761,2,9,0,18,19,7,3,0,0,2,0,0,0,0,0,1,1,1,1,30,6,1987,8,1,TOYOTA COROLLA,-1,-1,0,-1
2024041494357,2024,041494357,1,9,0,-1,19,3,8,-1,0,0,0,0,0,0,1,2,-1,1,2,30,6,1798,8,2,TOYOTA COROLLA,2,E01025244,0,4
202460Q176026,2024,60Q176026,2,9,0,3,3,3,7,0,0,1,0,0,0,0,2,1,1,1,1,40,7,1798,8,4,TOYOTA COROLLA,-1,-1,0,-1
2024010521714,2024,010521714,1,9,0,9,9,1,7,0,0,5,0,0,0,0,1,1,6,6,1,23,5,1794,1,19,TOYOTA COROLLA,3,E01001812,0,1
2024471424514,2024,471424514,1,9,0,-1,5,2,6,-1,-1,1,0,0,0,0,1,1,-1,6,1,77,11,1798,8,2,TOYOTA COROLLA,10,E01021159,0,1
2024010514589,2024,010514589,1,9,0,7,7,2,5,9,9,6,0,0,0,0,1,1,2,2,1,41,7,1798,8,4,TOYOTA COROLLA,10,E01030379,0,3
2024010526819,2024,010526819,5,9,0,18,19,1,5,0,0,0,0,0,0,0,0,1,1,1,1,35,6,1987,8,1,TOYOTA COROLLA,5,E01000330,0,2
2024010512825,2024,010512825,1,9,0,99,99,9,9,99,99,0,9,99,9,99,2,9,1,1,1,34,6,1798,8,5,TOYOTA COROLLA,4,E01003767,0,3
2024070790861,2024,070790861,4,9,0,-1,2,0,0,-1,-1,1,0,0,0,0,2,1,-1,6,1,-1,-1,1398,1,22,TOYOTA COROLLA,-1,-1,0,-1
2024211487837,2024,211487837,1,9,0,-1,19,7,3,-1,0,0,0,0,2,0,1,1,-1,6,1,22,5,1364,2,19,TOYOTA COROLLA,1,E01014307,0,1
2024311412114,2024,311412114,1,9,0,-1,19,1,5,-1,0,0,1,0,1,10,3,1,-1,6,2,47,8,1598,1,19,TOYOTA COROLLA,10,E01028409,0,1
2024161512215,2024,161512215,1,9,0,-1,19,1,5,-1,0,0,1,4,0,0,4,1,-1,6,1,78,11,1987,8,2,TOYOTA COROLLA,4,E01013019,0,3
2024010519309,2024,010519309,2,9,0,18,19,5,1,0,0,8,0,0,0,0,1,1,1,1,1,26,6,1987,8,1,TOYOTA COROLLA,2,E01001486,0,3
2024052402446,2024,052402446,1,8,0,18,19,4,8,0,0,1,0,0,0,0,1,1,1,1,1,35,6,1798,8,5,TOYOTA COROLLA,1,E01006664,0,2
2024010516951,2024,010516951,3,9,0,2,2,0,0,6,6,0,0,0,0,0,2,1,6,6,3,-1,-1,1798,8,5,TOYOTA COROLLA,-1,-1,0,-1
2024361465167,2024,361465167,2,8,0,-1,19,6,2,-1,0,0,0,0,0,0,3,1,-1,1,1,39,7,1798,8,2,TOYOTA COROLLA,1,E01026800,0,1
2024010530899,2024,010530899,1,9,9,99,99,9,9,99,99,9,9,99,9,99,9,9,6,6,3,-1,-1,1798,8,3,TOYOTA COROLLA,3,E01003536,0,1
2024440449836,2024,440449836,1,8,0,9,9,4,2,0,0,6,0,0,0,0,1,1,6,6,1,57,9,1798,8,4,TOYOTA COROLLA,10,E01023172,0,2
2024041439474,2024,041439474,2,9,0,-1,19,1,5,-1,0,1,0,0,0,0,1,1,-1,6,1,31,6,1987,8,2,TOYOTA COROLLA,4,E01025001,0,3
2024131456245,2024,131456245,2,9,0,-1,19,7,3,-1,0,1,0,0,0,0,1,1,-1,1,1,58,9,1798,8,5,TOYOTA COROLLA,1,E01010960,0,1
2024041508641,2024,041508641,1,9,0,-1,19,5,1,-1,0,0,0,0,1,0,3,1,-1,9,1,46,8,1798,8,2,TOYOTA COROLLA,10,E01019238,0,5
2024122401244,2024,122401244,1,8,0,5,5,7,3,0,0,0,0,0,0,0,0,1,1,1,1,47,8,1798,8,2,TOYOTA COROLLA,1,E01010809,0,4
2024010509353,2024,010509353,2,9,0,18,19,7,3,0,0,2,0,0,0,0,4,1,1,1,2,28,6,1987,8,1,TOYOTA COROLLA,2,E01003047,0,1
2024522403020,2024,522403020,2,9,0,17,19,2,7,0,0,8,0,0,0,0,3,1,6,6,1,57,9,1798,8,3,TOYOTA COROLLA,3,E01014646,0,1
2024061448412,2024,061448412,2,9,0,-1,19,1,5,-1,0,0,0,0,0,0,0,1,-1,1,1,30,6,1798,8,1,TOYOTA COROLLA,1,E01004979,0,2
2024101414317,2024,101414317,2,8,0,-1,19,6,2,-1,0,4,0,0,0,0,1,1,-1,1,1,56,9,1798,8,3,TOYOTA COROLLA,-1,-1,0,-1
2024010515021,2024,010515021,1,9,0,6,6,1,1,0,0,1,0,0,0,0,3,1,6,6,1,40,7,1598,1,19,TOYOTA COROLLA,2,E01021711,0,4
2024302400982,2024,302400982,1,8,0,5,5,4,8,9,9,1,0,0,0,0,3,1,1,1,3,41,7,1798,8,0,TOYOTA COROLLA,1,E01008015,0,3