collision_index,collision_year,collision_ref_no,vehicle_reference,vehicle_type,towing_and_articulation,vehicle_manoeuvre_historic,vehicle_manoeuvre,vehicle_direction_from,vehicle_direction_to,vehicle_location_restricted_lane_historic,vehicle_location_restricted_lane,junction_location,skidding_and_overturning,hit_object_in_carriageway,vehicle_leaving_carriageway,hit_object_off_carriageway,first_point_of_impact,vehicle_left_hand_drive,journey_purpose_of_driver_historic,journey_purpose_of_driver,sex_of_driver,age_of_driver,age_band_of_driver,engine_capacity_cc,propulsion_code,age_of_vehicle,generic_make_model,driver_imd_decile,lsoa_of_driver,escooter_flag,driver_distance_banding
2024061513081,2024,061513081,1,9,0,-1,19,6,1,-1,0,4,0,0,0,0,4,1,-1,6,1,-1,-1,1794,1,19,TOYOTA COROLLA,-1,-1,0,-1
2024010541788,2024,010541788,4,9,0,18,19,5,1,0,0,1,0,0,0,0,0,1,6,6,1,34,6,1987,8,1,TOYOTA COROLLA,2,E01034149,0,1
2024010530789,2024,010530789,1,9,0,2,2,0,0,4,4,0,0,0,0,0,2,1,6,6,3,-1,-1,1987,8,0,TOYOTA COROLLA,-1,-1,0,-1
2024010505608,2024,010505608,2,9,0,5,5,1,5,0,0,2,0,0,0,0,1,1,6,6,2,30,6,1987,8,1,TOYOTA COROLLA,6,E01000631,0,1
2024340NN3842,2024,340NN3842,1,9,0,-1,3,5,1,-1,0,1,0,0,0,0,1,1,-1,9,2,45,7,1798,8,4,TOYOTA COROLLA,4,E01027320,0,1
2024471438819,2024,471438819,1,9,0,-1,1,3,7,-1,0,1,0,0,0,0,2,1,-1,1,1,64,9,1798,8,2,TOYOTA COROLLA,2,E01020978,0,1
2024361479781,2024,361479781,2,9,0,-1,19,5,1,-1,0,0,0,0,0,0,4,1,-1,9,2,27,6,1798,8,5,TOYOTA COROLLA,2,E01026828,0,2
2024101489208,2024,101489208,1,8,0,-1,5,3,7,-1,0,4,0,0,0,0,3,1,-1,9,1,33,6,1798,8,3,TOYOTA COROLLA,2,E01008281,0,1
2024430380001,2024,430380001,4,9,0,3,3,7,3,0,0,1,0,0,0,0,2,1,6,6,1,72,10,1798,8,0,TOYOTA COROLLA,-1,-1,0,-1
2024010518466,2024,010518466,1,9,0,99,99,9,9,99,99,9,9,99,9,99,9,9,6,6,3,-1,-1,1598,1,18,TOYOTA COROLLA,-1,-1,0,-1
2024131519365,2024,131519365,2,8,0,-1,4,3,7,-1,0,1,0,0,0,0,2,1,-1,1,1,38,7,1987,8,4,TOYOTA COROLLA,2,E01010792,0,1
2024461528117,2024,461528117,1,9,0,-1,4,7,3,-1,0,0,1,0,0,0,1,9,-1,6,3,-1,-1,2231,2,18,TOYOTA COROLLA,-1,-1,0,-1
2024340WN6222,2024,340WN6222,1,9,0,-1,9,1,7,-1,0,2,0,0,0,0,1,1,-1,6,1,46,8,1995,2,19,TOYOTA COROLLA,6,E01027269,0,1
2024201501503,2024,201501503,1,9,0,-1,9,5,4,-1,0,1,0,0,0,0,3,9,-1,1,1,38,7,1798,8,4,TOYOTA COROLLA,2,E01014185,0,4
2024010523339,2024,010523339,2,9,0,18,19,7,3,0,0,1,0,0,0,0,1,1,1,1,1,31,6,1987,8,1,TOYOTA COROLLA,6,E01000631,0,1
2024010502602,2024,010502602,2,9,0,17,19,5,1,0,0,0,0,0,0,0,0,1,1,1,1,33,6,1987,8,1,TOYOTA COROLLA,8,E01034386,0,1
2024061521528,2024,061521528,6,9,0,-1,4,1,5,-1,0,0,0,0,0,0,1,1,-1,1,1,46,8,1798,8,1,TOYOTA COROLLA,4,E01024969,0,2
2024131400877,2024,131400877,1,9,0,-1,9,7,5,-1,0,0,0,0,0,0,1,1,-1,1,1,41,7,1798,8,2,TOYOTA COROLLA,1,E01011134,0,3
2024122500141,2024,122500141,2,9,0,18,19,5,1,0,0,4,0,0,0,0,0,1,6,6,1,76,11,1798,8,4,TOYOTA COROLLA,10,E01032548,0,2
2024501499725,2024,501499725,4,8,0,-1,19,5,1,-1,0,0,0,0,0,0,1,1,-1,1,2,55,8,1798,8,5,TOYOTA COROLLA,4,E01019057,0,2
2024010503672,2024,010503672,1,9,0,18,19,2,6,5,5,1,0,0,0,0,4,1,6,6,1,25,5,1398,1,21,TOYOTA COROLLA,6,E01001270,0,1
2024131424184,2024,131424184,1,9,0,-1,19,3,3,-1,0,1,0,0,0,0,1,1,-1,6,1,71,10,1987,8,4,TOYOTA COROLLA,5,E01005596,0,2
2024010533115,2024,010533115,3,9,0,4,4,1,5,0,0,0,0,0,0,0,4,1,1,1,1,31,6,1987,8,1,TOYOTA COROLLA,-1,-1,0,-1
2024070659397,2024,070659397,1,19,0,16,19,6,7,0,0,4,0,0,0,0,1,1,6,6,1,-1,-1,1798,8,1,TOYOTA COROLLA,-1,-1,0,-1
2024302401622,2024,302401622,2,9,0,13,13,6,2,0,0,0,0,0,0,0,4,1,1,1,2,59,9,1798,8,3,TOYOTA COROLLA,8,E01019443,0,1
2024010551120,2024,010551120,1,9,0,18,19,7,3,0,0,0,0,0,0,0,0,1,1,1,1,30,6,1987,8,1,TOYOTA COROLLA,5,E01033917,0,2
2024131523419,2024,131523419,2,9,0,-1,19,5,1,-1,0,8,0,0,0,0,1,1,-1,9,1,58,9,1798,8,2,TOYOTA COROLLA,1,E01007715,0,4
2024471470470,2024,471470470,1,9,0,-1,19,5,1,-1,0,3,0,0,0,0,1,1,-1,6,1,65,9,-1,-1,-1,TOYOTA COROLLA,9,E01031458,0,1
2024201439260,2024,201439260,1,8,0,-1,3,7,3,-1,0,0,0,0,0,0,2,1,-1,1,1,33,6,1798,8,4,TOYOTA COROLLA,1,E01009122,0,3
2024991418351,2024,991418351,3,8,0,-1,4,8,4,-1,0,0,1,0,2,0,2,1,-1,1,1,38,7,1798,8,1,TOYOTA COROLLA,2,-1,0,1
2024451502195,2024,451502195,2,9,0,-1,19,3,7,-1,0,8,0,0,0,0,3,1,-1,9,1,50,8,1798,8,5,TOYOTA COROLLA,5,E01030946,0,3
2024991445279,2024,991445279,2,8,0,-1,19,7,3,-1,0,1,0,0,0,0,4,1,-1,9,1,49,8,1798,8,2,TOYOTA COROLLA,2,-1,0,2
2024061529873,2024,061529873,2,9,0,-1,2,5,1,-1,0,0,0,0,0,0,2,1,-1,1,1,23,5,1798,8,4,TOYOTA COROLLA,2,E01005238,0,1
2024622400084,2024,622400084,1,8,0,18,19,2,6,0,0,0,0,0,0,0,1,1,1,1,1,48,8,1798,8,5,TOYOTA COROLLA,1,W01001785,0,2
2024061458214,2024,061458214,1,9,0,-1,7,1,5,-1,0,1,0,0,0,0,2,1,-1,1,1,42,7,1798,8,5,TOYOTA COROLLA,1,E01005232,0,1
2024010548065,2024,010548065,2,9,0,14,14,1,5,0,0,1,0,0,7,11,1,1,1,1,1,31,6,1987,8,1,TOYOTA COROLLA,3,E01001830,0,1
2024501412851,2024,501412851,1,8,0,-1,19,1,5,-1,0,8,0,0,0,0,1,9,-1,1,1,65,9,1798,8,1,TOYOTA COROLLA,1,E01015058,0,1
2024311419956,2024,311419956,2,8,0,-1,19,7,3,-1,0,1,0,0,0,0,1,1,-1,1,1,51,8,1987,8,5,TOYOTA COROLLA,-1,-1,0,-1
2024010525832,2024,010525832,1,9,0,18,19,5,1,0,0,1,0,0,0,0,0,1,6,6,2,28,6,1987,8,1,TOYOTA COROLLA,9,E01003897,0,1
2024141508831,2024,141508831,2,9,0,-1,19,2,8,-1,0,0,1,0,0,0,3,1,-1,9,1,57,9,1798,8,2,TOYOTA COROLLA,7,E01007712,0,3
2024010519089,2024,010519089,1,9,0,9,9,5,2,0,0,6,0,0,0,0,1,1,1,1,1,37,7,1798,8,5,TOYOTA COROLLA,9,E01004595,0,1
2024552400742,2024,552400742,1,8,0,5,5,1,5,0,0,2,0,0,0,0,1,1,1,1,1,67,10,1987,8,2,TOYOTA COROLLA,10,E01015434,0,3
2024311530152,2024,311530152,1,9,0,-1,9,4,2,-1,0,8,0,0,0,0,4,1,-1,9,1,54,8,2231,2,16,TOYOTA COROLLA,-1,-1,0,-1
2024340WN6662,2024,340WN6662,1,9,0,-1,19,5,1,-1,0,6,0,0,0,0,1,1,-1,2,1,-1,-1,1794,1,16,TOYOTA COROLLA,-1,-1,0,-1
2024421439103,2024,421439103,2,9,0,-1,19,3,7,-1,0,0,0,0,0,0,2,1,-1,9,1,30,6,1398,1,22,TOYOTA COROLLA,9,E01033443,0,4
2024010532466,2024,010532466,1,9,0,5,5,7,3,0,0,8,0,0,0,0,1,1,1,1,2,34,6,1987,8,1,TOYOTA COROLLA,4,E01004259,0,1
2024161519144,2024,161519144,2,9,0,-1,8,6,1,-1,0,1,0,0,0,0,1,9,-1,6,1,43,7,1798,8,0,TOYOTA COROLLA,-1,-1,0,-1
2024430342640,2024,430342640,1,9,0,18,19,4,8,0,0,8,0,0,0,0,1,1,6,6,1,-1,-1,1798,8,4,TOYOTA COROLLA,-1,-1,0,-1
2024010529007,2024,010529007,1,9,0,18,19,5,1,0,0,8,0,0,1,0,1,1,1,1,1,66,10,1798,8,5,TOYOTA COROLLA,2,E01001118,0,1
2024131449486,2024,131449486,1,9,0,-1,19,5,1,-1,0,0,0,0,0,0,1,1,-1,6,3,-1,-1,1798,8,4,TOYOTA COROLLA,2,E01010673,0,2
2024131411783,2024,131411783,2,9,0,-1,5,5,1,-1,0,2,0,0,0,0,3,1,-1,1,1,51,8,1798,8,5,TOYOTA COROLLA,1,E01011340,0,2
2024061476711,2024,061476711,2,9,0,-1,20,2,6,-1,0,4,0,0,0,0,0,1,-1,8,1,25,5,1798,8,2,TOYOTA COROLLA,1,E01005202,0,1
2024010496915,2024,010496915,2,9,0,13,13,5,1,0,0,1,0,0,0,0,4,1,6,6,2,42,7,1794,1,16,TOYOTA COROLLA,2,E01003207,0,3
2024471521923,2024,471521923,2,9,0,-1,19,8,4,-1,0,8,0,0,0,0,1,1,-1,9,1,19,4,1798,8,0,TOYOTA COROLLA,10,E01031680,0,2
2024010489154,2024,010489154,2,9,0,18,19,3,7,0,0,1,0,0,0,0,0,1,1,1,1,28,6,1987,8,4,TOYOTA COROLLA,3,E01001830,0,1
2024231464356,2024,231464356,1,9,0,18,19,5,1,0,0,8,0,0,0,0,1,1,6,6,1,26,6,1798,8,0,TOYOTA COROLLA,4,E01034744,0,2
2024451452739,2024,451452739,1,9,0,-1,19,3,7,-1,0,0,0,4,0,0,1,1,-1,1,1,19,4,-1,-1,-1,TOYOTA COROLLA,7,E01022532,0,4
2024010545276,2024,010545276,1,9,0,18,19,7,3,0,0,0,1,0,0,0,1,1,1,1,1,40,7,1987,8,1,TOYOTA COROLLA,4,E01004259,0,1
2024061465065,2024,061465065,1,9,0,-1,19,7,3,-1,0,8,0,0,0,0,4,1,-1,8,1,26,6,1798,8,1,TOYOTA COROLLA,2,E01005950,0,1
2024501510024,2024,501510024,2,9,0,-1,19,6,2,-1,0,0,0,0,0,0,1,1,-1,2,1,37,7,-1,-1,-1,TOYOTA COROLLA,1,E01014242,0,5
2024061478615,2024,061478615,3,9,0,-1,19,1,5,-1,0,1,0,0,0,0,0,1,-1,1,1,30,6,1798,8,1,TOYOTA COROLLA,2,E01005950,0,1
2024311418348,2024,311418348,1,9,0,-1,4,8,2,-1,0,1,0,0,0,0,1,1,-1,1,2,25,5,1798,8,3,TOYOTA COROLLA,-1,-1,0,-1
2024131433959,2024,131433959,1,9,0,-1,19,7,3,-1,0,8,0,0,0,0,1,1,-1,1,1,38,7,1798,8,2,TOYOTA COROLLA,-1,-1,0,-1
202460Q150475,2024,60Q150475,2,9,0,10,10,4,8,0,0,1,0,0,0,0,2,1,6,6,2,30,6,1598,1,22,TOYOTA COROLLA,-1,-1,0,-1
2024061509239,2024,061509239,2,9,0,-1,19,5,1,-1,0,0,1,4,0,0,2,1,-1,1,2,23,5,1798,8,2,TOYOTA COROLLA,2,E01004817,0,1
2024010520366,2024,010520366,1,9,0,18,19,1,5,0,0,8,0,0,0,0,1,1,6,6,2,51,8,1987,8,1,TOYOTA COROLLA,6,E01033784,0,1
2024311443257,2024,311443257,1,9,0,-1,19,4,8,-1,0,0,1,0,0,0,-1,9,-1,6,1,19,4,1798,8,3,TOYOTA COROLLA,-1,-1,0,-1
2024201494693,2024,201494693,2,9,0,-1,19,4,8,-1,0,8,0,0,0,0,1,1,-1,6,1,21,5,1398,1,20,TOYOTA COROLLA,2,E01010038,0,3
2024061473177,2024,061473177,1,9,0,-1,9,5,1,-1,0,5,0,0,0,0,4,1,-1,1,1,27,6,1798,8,2,TOYOTA COROLLA,2,E01034119,0,1
2024061456071,2024,061456071,2,9,0,-1,5,3,7,-1,0,0,0,0,0,0,1,1,-1,1,1,60,9,1798,8,2,TOYOTA COROLLA,9,E01019805,0,4
2024201512341,2024,201512341,2,8,0,-1,19,6,2,-1,0,8,0,0,0,0,1,1,-1,1,1,29,6,1498,8,10,TOYOTA COROLLA,2,E01008915,0,1
2024332400848,2024,332400848,1,9,0,-1,19,4,8,-1,0,0,0,0,1,4,1,1,-1,6,1,42,7,1798,8,2,TOYOTA COROLLA,-1,-1,0,-1
2024010541952,2024,010541952,2,9,0,99,99,9,9,99,99,9,9,99,9,99,9,9,6,6,3,-1,-1,1598,1,20,TOYOTA COROLLA,-1,-1,0,-1
2024010517458,2024,010517458,1,9,0,9,9,7,5,0,0,8,0,0,0,0,1,1,1,1,1,59,9,1798,8,5,TOYOTA COROLLA,2,E01003346,0,2
2024010535457,2024,010535457,2,9,0,4,4,3,7,0,0,0,0,0,0,0,0,1,1,1,1,39,7,1987,8,1,TOYOTA COROLLA,9,E01023097,0,4
2024440366493,2024,440366493,1,9,0,9,9,1,7,0,0,5,0,0,0,0,4,1,2,2,1,38,7,1798,8,1,TOYOTA COROLLA,2,E01017106,0,1
2024411495765,2024,411495765,1,8,0,-1,19,7,3,-1,0,1,0,0,0,0,1,1,-1,1,1,45,7,1987,8,5,TOYOTA COROLLA,5,E01033787,0,4
2024010539647,2024,010539647,2,9,0,18,19,4,8,0,0,0,0,0,0,0,0,1,1,1,1,36,7,1987,8,1,TOYOTA COROLLA,5,E01000330,0,1
2024010504150,2024,010504150,2,9,0,4,4,7,3,0,0,0,0,0,0,0,1,1,1,1,1,30,6,1987,8,1,TOYOTA COROLLA,4,E01034156,0,1
2024302401221,2024,302401221,1,8,0,7,7,4,6,0,0,1,0,0,0,0,2,1,1,1,1,43,7,1798,8,4,TOYOTA COROLLA,4,E01013459,0,2
2024991420008,2024,991420008,1,9,0,-1,6,1,2,-1,0,6,0,0,0,0,4,1,-1,1,2,41,7,1798,8,4,TOYOTA COROLLA,-1,-1,0,-1
2024552401166,2024,552401166,1,8,0,18,19,8,4,0,0,0,0,0,0,0,3,1,1,1,1,54,8,1798,8,3,TOYOTA COROLLA,1,E01020569,0,1
2024070935903,2024,070935903,1,9,0,-1,7,7,5,-1,0,8,0,0,0,0,4,1,-1,6,2,40,7,1798,8,2,TOYOTA COROLLA,-1,-1,0,-1
2024041530524,2024,041530524,3,9,0,-1,2,0,0,-1,0,0,0,0,1,0,2,1,-1,9,1,35,6,1798,8,2,TOYOTA COROLLA,7,E01025507,0,1
2024131461116,2024,131461116,2,9,0,-1,4,5,1,-1,0,0,0,0,0,0,2,1,-1,6,1,36,7,1798,8,3,TOYOTA COROLLA,8,E01011459,0,1
2024201479922,2024,201479922,2,9,0,-1,3,4,8,-1,0,0,0,0,0,0,2,9,-1,1,1,27,6,1798,8,5,TOYOTA COROLLA,7,E01001083,0,5
2024010516559,2024,010516559,4,9,0,18,19,1,5,0,0,1,0,0,0,0,0,1,6,6,1,42,7,1987,8,1,TOYOTA COROLLA,6,E01033784,0,2
2024010535209,2024,010535209,2,9,0,99,99,9,9,99,99,9,9,99,9,99,1,9,6,6,1,66,10,1798,8,3,TOYOTA COROLLA,3,E01000783,0,1
2024010526490,2024,010526490,3,9,0,3,3,1,5,0,0,2,0,0,0,0,2,1,1,1,1,28,6,1987,8,3,TOYOTA COROLLA,4,E01002030,0,1
2024461403068,2024,461403068,1,9,0,-1,19,1,5,-1,0,8,0,0,8,0,1,1,-1,6,1,56,9,1598,1,19,TOYOTA COROLLA,3,E01016171,0,1
2024610021524,2024,610021524,2,9,0,17,19,4,1,0,0,0,0,0,0,0,1,1,6,6,1,44,7,2231,2,16,TOYOTA COROLLA,1,W01001693,0,4
2024010546272,2024,010546272,1,9,0,18,19,7,3,0,0,2,0,0,0,0,1,1,1,1,2,26,6,1987,8,1,TOYOTA COROLLA,4,E01002030,0,1
2024061510866,2024,061510866,1,8,0,-1,9,1,6,-1,0,8,0,0,0,0,4,1,-1,1,1,42,7,1798,8,4,TOYOTA COROLLA,1,E01034234,0,1
2024122400088,2024,122400088,1,8,0,18,19,1,5,0,0,2,0,0,0,0,2,1,1,1,1,58,9,1798,8,5,TOYOTA COROLLA,4,E01027866,0,1
2024010541630,2024,010541630,2,9,0,99,99,9,9,99,99,9,9,99,9,99,1,9,6,6,3,-1,-1,1798,8,5,TOYOTA COROLLA,-1,-1,0,-1
2024501514013,2024,501514013,2,9,0,-1,3,8,3,-1,0,3,0,4,0,0,2,1,-1,9,2,29,6,1598,1,21,TOYOTA COROLLA,7,E01020176,0,3
2024131505322,2024,131505322,1,9,0,-1,5,1,3,-1,0,0,0,0,0,0,2,1,-1,2,2,45,7,1598,1,17,TOYOTA COROLLA,1,E01010964,0,2
2024010518137,2024,010518137,3,9,0,3,3,8,4,0,0,0,0,0,0,0,0,1,1,1,1,28,6,1987,8,1,TOYOTA COROLLA,-1,-1,0,-1
2024401526132,2024,401526132,1,9,-1,-1,-1,-1,-1,-1,-1,-1,-1,-1,-1,0,-1,9,-1,6,3,-1,-1,1987,8,3,TOYOTA COROLLA,-1,-1,0,-1
2024622400503,2024,622400503,2,9,0,4,4,5,1,0,0,0,0,0,0,0,1,1,1,1,1,36,7,1798,8,4,TOYOTA COROLLA,2,W01000745,0,1
2024061433098,2024,061433098,1,9,0,-1,19,8,4,-1,0,0,0,0,0,0,4,1,-1,2,2,58,9,1598,1,20,TOYOTA COROLLA,8,E01006128,0,1
2024010510779,2024,010510779,2,9,0,99,99,9,9,99,99,9,9,99,9,99,2,9,6,6,3,21,5,1798,8,5,TOYOTA COROLLA,3,E01033923,0,1
2024131522496,2024,131522496,2,9,0,-1,9,5,3,-1,0,8,0,0,0,0,1,1,-1,1,1,52,8,1798,8,3,TOYOTA COROLLA,2,E01033003,0,1
2024401409256,2024,401409256,2,9,0,-1,3,5,1,-1,0,0,0,0,0,0,2,1,-1,9,1,25,5,1398,1,18,TOYOTA COROLLA,2,E01015754,0,1
2024010537793,2024,010537793,2,9,0,18,19,2,6,0,0,8,0,0,0,0,0,1,1,1,1,28,6,1987,8,1,TOYOTA COROLLA,6,E01004492,0,1
2024201500490,2024,201500490,1,9,0,-1,9,4,3,-1,0,0,0,0,0,0,1,9,-1,1,1,43,7,1798,8,3,TOYOTA COROLLA,1,E01034913,0,2
2024131519661,2024,131519661,3,9,0,-1,2,0,0,-1,0,0,0,0,0,0,2,1,-1,6,-1,-1,-1,1794,1,18,TOYOTA COROLLA,-1,-1,0,-1
2024010521423,2024,010521423,1,9,0,18,19,3,7,0,0,1,0,0,0,0,1,1,3,7,2,39,7,1987,8,3,TOYOTA COROLLA,5,E01003494,0,1
2024201499743,2024,201499743,2,8,0,-1,19,6,2,-1,0,0,0,0,0,0,4,1,-1,1,1,29,6,1798,8,1,TOYOTA COROLLA,2,E01009029,0,2
2024471525731,2024,471525731,1,9,0,-1,8,2,3,-1,0,8,0,0,0,0,1,1,-1,1,1,51,8,1798,8,4,TOYOTA COROLLA,3,E01016937,0,1
2024070865099,2024,070865099,2,9,0,-1,19,3,7,-1,0,3,0,0,0,0,1,1,-1,9,1,57,9,1798,8,2,TOYOTA COROLLA,9,E01018508,0,4
2024010521126,2024,010521126,2,9,0,6,6,1,1,0,0,1,0,0,0,0,3,1,1,1,1,41,7,1987,8,4,TOYOTA COROLLA,9,E01002472,0,3
2024010547915,2024,010547915,2,9,0,18,19,5,1,0,0,8,0,0,0,0,4,1,1,1,1,25,5,1987,8,1,TOYOTA COROLLA,7,E01002514,0,2
2024461522527,2024,461522527,2,9,0,-1,19,7,2,-1,0,1,0,0,0,0,1,1,-1,1,1,54,8,1798,8,4,TOYOTA COROLLA,5,E01015532,0,5
2024010536664,2024,010536664,2,9,0,99,99,9,9,99,99,0,9,99,9,99,1,9,6,6,3,70,10,1598,1,21,TOYOTA COROLLA,10,E01002437,0,1
2024070653811,2024,070653811,1,9,0,9,9,3,5,0,0,2,0,10,1,11,1,1,6,6,1,83,11,1798,8,5,TOYOTA COROLLA,10,E01018663,0,1
2024010512311,2024,010512311,1,9,0,18,19,8,4,0,0,8,0,0,0,0,1,1,6,6,2,58,9,1398,1,20,TOYOTA COROLLA,5,E01000567,0,1
2024552401017,2024,552401017,2,9,0,18,19,2,6,0,0,8,0,0,0,0,3,1,2,2,1,34,6,1798,8,2,TOYOTA COROLLA,8,E01015356,0,1
202460Q012378,2024,60Q012378,1,9,0,18,19,1,5,0,0,0,0,0,0,0,1,1,6,6,2,47,8,1798,8,5,TOYOTA COROLLA,-1,-1,0,-1
2024131491895,2024,131491895,1,9,0,-1,5,1,4,-1,0,8,0,0,1,0,3,1,-1,7,2,43,7,1798,8,4,TOYOTA COROLLA,2,E01011166,0,1
2024211512845,2024,211512845,2,9,0,-1,19,7,3,-1,0,4,0,0,0,0,1,1,-1,1,1,58,9,1798,8,4,TOYOTA COROLLA,1,E01014361,0,1
2024010525857,2024,010525857,2,9,0,9,9,2,8,0,0,1,0,0,0,0,3,1,2,2,1,43,7,1798,8,1,TOYOTA COROLLA,4,E01023393,0,4
2024010542699,2024,010542699,2,9,0,18,19,5,1,0,0,8,0,0,0,0,2,1,6,6,1,32,6,1987,8,1,TOYOTA COROLLA,-1,-1,0,-1
2024010525789,2024,010525789,2,9,0,18,19,3,7,0,0,1,0,0,0,0,0,1,1,1,1,-1,-1,1987,8,1,TOYOTA COROLLA,6,E01003711,0,1
2024622400218,2024,622400218,2,8,0,10,10,6,2,0,0,1,0,0,0,0,4,1,1,1,1,52,8,1987,8,2,TOYOTA COROLLA,8,W01001030,0,1
2024340NN2882,2024,340NN2882,1,9,0,-1,19,5,3,-1,0,6,0,0,0,0,1,1,-1,6,1,15,3,1598,1,19,TOYOTA COROLLA,3,E01027106,0,3
2024201455266,2024,201455266,1,8,0,-1,19,1,5,-1,0,1,0,0,0,0,3,1,-1,1,1,40,7,1798,8,4,TOYOTA COROLLA,1,E01009756,0,2
2024061419995,2024,061419995,1,9,0,-1,5,2,7,-1,0,8,0,0,0,0,1,1,-1,6,1,37,7,1798,8,2,TOYOTA COROLLA,2,E01005188,0,1
2024061476204,2024,061476204,1,9,0,-1,3,5,1,-1,0,8,0,0,0,0,2,1,-1,1,1,45,7,1798,8,4,TOYOTA COROLLA,1,E01005430,0,3
2024201451559,2024,201451559,1,9,0,-1,6,-1,-1,-1,0,0,0,0,0,0,2,9,-1,6,1,-1,-1,1794,1,16,TOYOTA COROLLA,1,E01009352,0,1
2024461437220,2024,461437220,3,9,0,-1,19,6,6,-1,0,1,0,0,0,0,1,1,-1,1,1,35,6,1794,1,16,TOYOTA COROLLA,2,E01024165,0,1
2024141442234,2024,141442234,1,9,0,-1,15,4,8,-1,0,0,0,0,0,0,4,1,-1,9,2,33,6,1798,8,3,TOYOTA COROLLA,4,E01028036,0,3
2024401423460,2024,401423460,2,8,-1,-1,-1,-1,-1,-1,-1,-1,-1,-1,-1,0,-1,9,-1,1,1,34,6,1987,8,3,TOYOTA COROLLA,3,E01027314,0,4
2024010518304,2024,010518304,1,9,0,18,19,7,3,0,0,2,0,0,0,0,1,1,6,6,1,19,4,1798,8,4,TOYOTA COROLLA,-1,-1,0,-1
2024440514395,2024,440514395,1,9,0,9,9,6,4,0,0,6,0,0,0,0,3,1,2,2,2,26,6,1798,8,2,TOYOTA COROLLA,7,E01022925,0,1
2024471468319,2024,471468319,1,9,0,-1,19,2,6,-1,0,0,0,0,0,0,1,1,-1,1,1,68,10,1798,8,4,TOYOTA COROLLA,6,E01020960,0,1
2024141466524,2024,141466524,1,9,0,-1,9,4,2,-1,0,0,0,0,0,0,1,1,-1,9,1,48,8,1798,8,3,TOYOTA COROLLA,1,E01008100,0,2
202454A873224,2024,54A873224,2,9,0,9,9,6,4,0,0,5,0,0,0,0,3,1,1,1,1,55,8,1798,8,5,TOYOTA COROLLA,4,E01032094,0,1
2024371440425,2024,371440425,1,9,0,-1,19,8,4,-1,0,0,0,0,0,0,2,1,-1,6,1,27,6,-1,-1,-1,TOYOTA COROLLA,-1,-1,0,-1
2024041458910,2024,041458910,3,9,0,-1,2,1,1,-1,9,0,0,4,0,0,2,1,-1,6,-1,-1,-1,1598,1,18,TOYOTA COROLLA,-1,-1,0,-1
2024340WN9172,2024,340WN9172,1,9,0,-1,11,2,6,-1,0,0,1,0,0,0,2,1,-1,9,1,41,7,1398,1,18,TOYOTA COROLLA,4,E01003210,0,5
2024471521883,2024,471521883,1,9,0,-1,19,8,4,-1,0,0,0,0,0,0,1,1,-1,9,1,52,8,1987,8,5,TOYOTA COROLLA,3,E01021017,0,2
2024010537887,2024,010537887,2,9,0,7,7,7,1,0,0,1,0,0,0,0,1,1,1,1,1,33,6,1987,8,4,TOYOTA COROLLA,3,E01001830,0,1
2024221469089,2024,221469089,2,8,0,-1,2,0,0,-1,0,0,0,0,0,0,2,9,-1,1,1,57,9,1798,8,4,TOYOTA COROLLA,10,E01032323,0,1
2024522402235,2024,522402235,1,9,0,13,13,5,1,0,0,0,0,0,0,0,2,1,6,6,1,51,8,1798,8,1,TOYOTA COROLLA,6,E01029149,0,3
2024332400233,2024,332400233,1,9,0,-1,3,2,6,-1,0,4,0,0,0,0,2,1,-1,7,1,38,7,1798,8,2,TOYOTA COROLLA,3,E01034023,0,1
2024061410432,2024,061410432,1,9,0,-1,5,6,2,-1,0,0,0,0,0,0,4,1,-1,1,2,30,6,1798,8,1,TOYOTA COROLLA,1,E01005202,0,1
2024451417831,2024,451417831,1,9,0,-1,19,5,1,-1,0,0,0,0,0,0,4,1,-1,1,1,41,7,1798,8,5,TOYOTA COROLLA,4,E01032732,0,3
2024991419147,2024,991419147,1,9,0,-1,4,8,4,-1,0,1,0,4,0,0,1,1,-1,6,1,29,6,2231,2,15,TOYOTA COROLLA,1,-1,0,4
2024101510598,2024,101510598,1,9,0,-1,19,6,2,-1,0,8,0,0,0,0,4,1,-1,1,1,-1,-1,1798,8,2,TOYOTA COROLLA,-1,-1,0,-1
2024351400381,2024,351400381,1,9,0,-1,19,7,3,-1,0,0,1,0,1,0,1,9,-1,6,1,43,7,1598,1,18,TOYOTA COROLLA,10,E01018124,0,4
2024010520627,2024,010520627,7,9,0,2,2,0,0,0,0,0,0,0,0,0,1,1,6,6,3,-1,-1,1398,1,18,TOYOTA COROLLA,-1,-1,0,-1
2024010508629,2024,010508629,1,9,0,18,19,3,7,0,0,8,0,0,0,0,4,1,1,1,1,30,6,1987,8,1,TOYOTA COROLLA,4,E01002030,0,1
2024010522539,2024,010522539,1,9,0,18,19,3,7,0,0,8,1,0,1,0,2,1,6,6,1,32,6,1987,8,1,TOYOTA COROLLA,10,E01021958,0,4
2024010507408,2024,010507408,3,9,0,3,3,1,5,0,0,1,0,0,0,0,0,1,1,1,1,28,6,1987,8,1,TOYOTA COROLLA,7,E01002514,0,2
2024141525593,2024,141525593,1,9,0,-1,19,4,8,-1,0,0,1,4,1,11,1,1,-1,9,1,24,5,1796,1,19,TOYOTA COROLLA,1,E01007948,0,1