collision_index,collision_year,collision_ref_no,vehicle_reference,vehicle_type,towing_and_articulation,vehicle_manoeuvre_historic,vehicle_manoeuvre,vehicle_direction_from,vehicle_direction_to,vehicle_location_restricted_lane_historic,vehicle_location_restricted_lane,junction_location,skidding_and_overturning,hit_object_in_carriageway,vehicle_leaving_carriageway,hit_object_off_carriageway,first_point_of_impact,vehicle_left_hand_drive,journey_purpose_of_driver_historic,journey_purpose_of_driver,sex_of_driver,age_of_driver,age_band_of_driver,engine_capacity_cc,propulsion_code,age_of_vehicle,generic_make_model,driver_imd_decile,lsoa_of_driver,escooter_flag,driver_distance_banding
2024552400203,2024,552400203,1,8,0,9,9,8,5,0,0,5,0,0,0,0,1,1,1,1,1,72,10,1798,8,2,TOYOTA COROLLA,4,E01033241,0,1
2024161498513,2024,161498513,2,9,0,-1,19,5,1,-1,0,6,0,0,0,0,1,1,-1,6,1,74,10,1798,8,3,TOYOTA COROLLA,2,E01013238,0,1
2024010503893,2024,010503893,1,9,0,9,9,5,2,0,0,8,0,0,0,0,1,1,1,1,1,28,6,1987,8,1,TOYOTA COROLLA,2,E01016041,0,4
2024061415923,2024,061415923,3,9,0,-1,19,7,7,-1,0,0,0,0,0,0,0,1,-1,8,1,33,6,1798,8,2,TOYOTA COROLLA,-1,-1,0,-1
2024010499959,2024,010499959,3,8,0,18,19,3,7,0,0,1,0,0,0,0,4,1,2,2,1,27,6,1798,8,5,TOYOTA COROLLA,3,E01004319,0,1
2024451467293,2024,451467293,1,9,0,-1,19,2,6,-1,0,0,5,0,0,0,1,1,-1,1,1,35,6,1794,1,16,TOYOTA COROLLA,5,E01030569,0,2
2024201433058,2024,201433058,1,9,0,-1,7,7,2,-1,0,5,0,0,0,0,1,1,-1,6,1,-1,-1,1794,1,16,TOYOTA COROLLA,-1,-1,0,-1
2024010518137,2024,010518137,1,9,0,3,3,8,4,0,0,0,0,0,0,0,1,1,1,1,1,25,5,1987,8,1,TOYOTA COROLLA,-1,-1,0,-1
2024010494735,2024,010494735,1,8,0,3,3,7,3,0,0,1,0,0,0,0,0,1,1,1,1,55,8,1798,8,5,TOYOTA COROLLA,-1,-1,0,-1
2024041455703,2024,041455703,1,9,0,-1,19,7,3,-1,0,2,0,0,0,0,1,1,-1,9,1,37,7,1798,8,5,TOYOTA COROLLA,4,E01025190,0,1
2024201497034,2024,201497034,1,9,0,-1,19,3,7,-1,0,2,0,0,0,0,1,9,-1,6,3,40,7,1794,1,16,TOYOTA COROLLA,-1,-1,0,-1
2024010512069,2024,010512069,1,9,0,18,19,1,5,0,0,1,0,0,0,0,1,1,1,1,1,30,6,1987,8,1,TOYOTA COROLLA,3,E01021266,0,4
2024131499792,2024,131499792,1,9,0,-1,10,3,5,-1,0,4,0,0,0,0,1,1,-1,1,1,48,8,1798,8,5,TOYOTA COROLLA,2,E01010619,0,2
2024411543318,2024,411543318,1,9,0,-1,6,1,5,-1,0,0,0,0,0,0,1,1,-1,6,1,53,8,1798,8,5,TOYOTA COROLLA,9,E01035567,0,1
2024201436560,2024,201436560,2,9,0,-1,2,0,0,-1,0,0,0,0,0,0,2,1,-1,9,2,65,9,1798,8,2,TOYOTA COROLLA,2,E01009942,0,1
2024201482246,2024,201482246,2,9,0,-1,7,5,8,-1,0,6,0,0,0,0,1,1,-1,6,1,20,4,1987,8,4,TOYOTA COROLLA,-1,-1,0,-1
2024141431012,2024,141431012,2,9,0,-1,19,3,7,-1,0,1,0,0,0,0,1,1,-1,1,1,55,8,1798,8,1,TOYOTA COROLLA,3,E01007976,0,1
2024010521476,2024,010521476,5,9,0,4,4,3,7,0,0,0,0,0,0,0,0,1,6,6,1,35,6,1987,8,1,TOYOTA COROLLA,-1,-1,0,-1
2024201558331,2024,201558331,1,9,0,-1,5,8,6,-1,0,8,0,0,0,0,1,1,-1,1,1,57,9,1794,1,19,TOYOTA COROLLA,3,E01033624,0,1
2024131428166,2024,131428166,1,9,0,-1,19,7,3,-1,0,0,1,0,2,7,1,1,-1,2,1,53,8,1987,8,3,TOYOTA COROLLA,1,E01010941,0,3
2024461413101,2024,461413101,1,9,0,-1,9,2,6,-1,0,8,0,0,0,0,1,1,-1,6,1,57,9,2231,2,17,TOYOTA COROLLA,7,E01024236,0,1
2024041532434,2024,041532434,1,9,0,-1,19,4,8,-1,0,8,0,0,1,11,4,1,-1,6,1,48,8,1398,1,18,TOYOTA COROLLA,7,E01018276,0,5
2024010517933,2024,010517933,2,9,0,18,19,1,5,0,0,3,0,0,0,0,0,1,2,2,1,28,6,1987,8,1,TOYOTA COROLLA,4,E01001047,0,1
2024351413338,2024,351413338,2,9,0,-1,9,4,1,-1,0,8,0,0,1,0,4,1,-1,9,1,25,5,1364,2,18,TOYOTA COROLLA,3,E01015652,0,1
2024010529497,2024,010529497,3,9,0,18,19,8,4,0,0,1,0,0,0,0,1,1,1,1,1,35,6,1987,8,1,TOYOTA COROLLA,2,E01003507,0,2
2024201505242,2024,201505242,2,9,0,-1,19,8,3,-1,0,8,0,0,0,0,3,2,-1,9,1,46,8,1798,8,4,TOYOTA COROLLA,2,E01033642,0,1
2024131454953,2024,131454953,2,8,0,-1,19,1,5,-1,0,0,0,0,0,0,1,1,-1,6,3,-1,-1,1798,8,5,TOYOTA COROLLA,-1,-1,0,-1
2024010516429,2024,010516429,1,9,0,3,3,7,3,0,0,0,0,0,0,0,2,1,1,1,1,31,6,1987,8,1,TOYOTA COROLLA,2,E01003507,0,1
2024430393957,2024,430393957,1,9,0,18,19,2,6,0,0,0,0,0,0,0,4,1,6,6,2,50,8,1598,1,20,TOYOTA COROLLA,6,E01016477,0,1
2024131415039,2024,131415039,1,9,0,-1,-1,-1,-1,-1,-1,-1,-1,-1,-1,-1,-1,1,-1,6,3,-1,-1,1598,1,19,TOYOTA COROLLA,-1,-1,0,-1
2024411412374,2024,411412374,1,8,0,-1,19,1,5,-1,0,0,0,0,0,0,3,1,-1,1,1,46,8,1798,8,2,TOYOTA COROLLA,5,E01015700,0,1
2024131500253,2024,131500253,2,9,0,-1,2,4,8,-1,-1,2,0,0,0,0,3,1,-1,6,3,-1,-1,1798,8,3,TOYOTA COROLLA,-1,-1,0,-1
2024411526554,2024,411526554,3,9,0,-1,19,5,1,-1,0,0,0,0,0,0,2,1,-1,1,2,42,7,1798,8,5,TOYOTA COROLLA,4,E01033834,0,3
2024061475195,2024,061475195,2,9,0,-1,19,-1,-1,-1,0,9,0,0,0,0,4,1,-1,6,3,-1,-1,1798,8,4,TOYOTA COROLLA,-1,-1,0,-1
2024201436299,2024,201436299,1,9,0,-1,1,2,6,-1,0,2,0,0,0,0,2,1,-1,9,2,35,6,1798,8,1,TOYOTA COROLLA,1,E01009365,0,1
2024131512728,2024,131512728,1,9,0,-1,14,1,5,-1,0,0,0,0,0,0,1,1,-1,2,1,65,9,1798,8,2,TOYOTA COROLLA,1,E01011427,0,1
2024010507842,2024,010507842,2,9,0,9,9,3,1,0,0,4,0,0,0,0,3,1,6,6,1,25,5,1987,8,1,TOYOTA COROLLA,7,E01002514,0,2
2024311435659,2024,311435659,1,8,0,-1,9,1,5,-1,0,2,0,0,0,0,1,1,-1,1,1,40,7,1798,8,2,TOYOTA COROLLA,1,E01013891,0,1
2024041474535,2024,041474535,1,9,0,-1,19,3,7,-1,0,0,0,0,0,0,1,1,-1,1,1,20,4,-1,-1,-1,TOYOTA COROLLA,6,E01027573,0,2
2024061457755,2024,061457755,3,9,0,-1,19,1,1,-1,0,0,0,0,0,0,0,1,-1,8,2,24,5,1798,8,1,TOYOTA COROLLA,1,E01005484,0,2
2024041429256,2024,041429256,1,9,0,-1,19,5,1,-1,0,0,0,0,7,2,1,1,-1,1,1,45,7,1987,8,1,TOYOTA COROLLA,6,E01024861,0,2
2024131424347,2024,131424347,2,9,0,-1,9,4,1,-1,0,8,0,0,0,0,1,1,-1,1,1,51,8,1987,8,2,TOYOTA COROLLA,1,E01011370,0,3
2024311440681,2024,311440681,2,9,0,-1,19,2,7,-1,0,2,0,0,0,0,3,1,-1,9,2,31,6,1987,8,1,TOYOTA COROLLA,5,E01013831,0,1
2024010511895,2024,010511895,1,9,0,3,3,7,3,0,0,0,0,0,0,0,1,1,1,1,2,24,5,1987,8,1,TOYOTA COROLLA,2,E01003507,0,1
2024131524726,2024,131524726,1,9,0,-1,19,3,7,-1,0,0,0,0,0,0,1,1,-1,9,2,18,4,1798,8,2,TOYOTA COROLLA,2,E01010619,0,3
2024131475609,2024,131475609,1,9,0,-1,5,7,3,-1,9,0,0,0,0,0,1,1,-1,9,1,63,9,1598,1,18,TOYOTA COROLLA,1,E01033697,0,1
2024302400339,2024,302400339,2,9,0,14,14,4,8,0,0,8,0,0,0,0,1,1,2,2,1,54,8,1987,8,1,TOYOTA COROLLA,10,E01028097,0,3
2024131449167,2024,131449167,1,9,0,-1,19,4,8,-1,0,8,0,0,0,0,3,1,-1,9,1,36,7,1798,8,2,TOYOTA COROLLA,5,E01035052,0,2
2024361519467,2024,361519467,2,9,0,-1,3,4,3,-1,9,1,0,0,0,0,1,1,-1,1,1,35,6,1987,8,3,TOYOTA COROLLA,5,E01026845,0,1
2024221409255,2024,221409255,4,9,0,-1,3,2,6,-1,0,0,0,0,0,0,2,9,-1,6,1,50,8,1987,8,5,TOYOTA COROLLA,8,E01032455,0,1
2024010497951,2024,010497951,1,9,0,3,3,7,3,0,0,1,0,0,0,0,2,1,1,1,1,53,8,1798,8,3,TOYOTA COROLLA,7,E01004544,0,2
2024010525662,2024,010525662,2,9,0,18,19,1,5,0,0,1,0,0,0,0,1,1,6,6,1,33,6,1987,8,0,TOYOTA COROLLA,5,E01033917,0,1
2024010541464,2024,010541464,1,9,0,9,9,3,8,0,0,1,0,0,0,0,2,1,1,1,1,33,6,1798,8,5,TOYOTA COROLLA,2,E01003335,0,2
2024010497803,2024,010497803,2,9,0,5,5,7,3,0,0,2,0,0,0,0,0,1,6,6,1,30,6,1987,8,1,TOYOTA COROLLA,3,E01001394,0,1
2024010508219,2024,010508219,1,9,5,18,19,8,4,9,9,1,0,0,3,0,0,1,6,6,1,25,5,1987,8,1,TOYOTA COROLLA,-1,-1,0,-1
2024070561310,2024,070561310,2,9,0,18,19,8,4,0,0,0,0,0,0,0,3,1,2,2,1,59,9,1798,8,3,TOYOTA COROLLA,8,E01012395,0,2
2024010530768,2024,010530768,4,9,0,18,19,1,5,0,0,8,0,0,0,0,4,1,1,1,1,26,6,1987,8,0,TOYOTA COROLLA,4,E01000922,0,1
2024471485632,2024,471485632,1,9,0,-1,19,1,5,-1,0,4,0,0,0,0,1,1,-1,1,1,49,8,1798,8,1,TOYOTA COROLLA,4,E01020976,0,2
2024211436300,2024,211436300,2,9,0,-1,5,2,6,-1,0,4,0,0,0,0,3,1,-1,6,1,51,8,1798,8,1,TOYOTA COROLLA,-1,-1,0,-1
2024131471413,2024,131471413,2,9,0,-1,19,1,5,-1,0,8,0,0,0,0,0,1,-1,1,1,22,5,1798,8,1,TOYOTA COROLLA,3,E01011229,0,2
2024010539378,2024,010539378,2,9,0,18,19,7,3,0,0,1,0,0,0,0,1,1,6,6,1,23,5,1987,8,1,TOYOTA COROLLA,6,E01000631,0,1
2024211478166,2024,211478166,1,8,0,-1,19,8,4,-1,0,1,0,0,0,0,1,1,-1,6,1,48,8,1798,8,5,TOYOTA COROLLA,6,E01014360,0,2
2024361466702,2024,361466702,2,9,0,-1,19,-1,-1,-1,0,8,0,0,0,0,4,1,-1,6,1,49,8,1398,1,23,TOYOTA COROLLA,2,E01026829,0,1
2024461578391,2024,461578391,2,9,0,-1,2,0,0,-1,0,0,1,4,0,0,1,1,-1,8,1,41,7,1798,8,1,TOYOTA COROLLA,6,E01034997,0,4
2024141453113,2024,141453113,1,9,0,-1,19,3,7,-1,0,1,0,0,0,0,1,1,-1,1,1,63,9,1798,8,2,TOYOTA COROLLA,4,E01007623,0,4
2024010541245,2024,010541245,1,9,0,18,19,3,7,0,0,1,0,0,0,0,3,1,1,1,2,26,6,1987,8,1,TOYOTA COROLLA,5,E01033917,0,1
2024052402413,2024,052402413,1,9,0,18,19,4,8,0,0,8,0,0,0,0,4,1,1,1,1,-1,-1,1798,8,1,TOYOTA COROLLA,2,E01006655,0,1
2024461414040,2024,461414040,1,9,0,-1,9,1,6,-1,0,6,0,0,0,0,0,1,-1,9,1,41,7,1987,8,2,TOYOTA COROLLA,4,E01024182,0,1
2024201527206,2024,201527206,1,8,0,-1,9,8,2,-1,0,6,0,0,0,0,1,1,-1,1,1,54,8,1798,8,1,TOYOTA COROLLA,2,E01006788,0,5
2024211530811,2024,211530811,1,8,0,-1,15,1,5,-1,0,2,0,0,0,0,1,1,-1,6,1,63,9,1798,8,4,TOYOTA COROLLA,-1,-1,0,-1
2024061479887,2024,061479887,1,9,0,-1,15,1,5,-1,0,1,1,10,3,0,1,1,-1,8,1,-1,-1,1798,8,2,TOYOTA COROLLA,-1,-1,0,-1
2024131438436,2024,131438436,2,9,0,-1,19,1,1,-1,0,8,0,0,0,0,1,1,-1,2,1,48,8,1398,1,19,TOYOTA COROLLA,1,E01010730,0,1
2024311451906,2024,311451906,1,8,0,-1,12,1,5,-1,0,1,0,0,0,0,1,1,-1,1,1,59,9,1798,8,3,TOYOTA COROLLA,1,E01013919,0,1
2024411461175,2024,411461175,1,9,0,-1,4,6,2,-1,0,0,0,0,0,0,1,1,-1,6,1,23,5,1598,1,21,TOYOTA COROLLA,6,E01000145,0,3
2024010531588,2024,010531588,3,9,0,4,4,2,6,0,0,1,0,0,0,0,0,1,1,1,2,27,6,1987,8,1,TOYOTA COROLLA,7,E01003199,0,1
2024052400483,2024,052400483,1,9,0,18,19,7,3,0,0,8,0,0,0,0,1,1,6,6,2,79,11,1798,8,3,TOYOTA COROLLA,6,E01006221,0,4
2024010497852,2024,010497852,2,9,9,99,99,9,9,99,99,9,9,99,9,99,9,9,6,6,3,-1,-1,1598,1,19,TOYOTA COROLLA,-1,-1,0,-1
2024221479491,2024,221479491,2,9,0,-1,19,3,7,-1,0,1,0,0,0,0,4,9,-1,2,1,55,8,-1,-1,-1,TOYOTA COROLLA,5,E01035073,0,1
2024461484822,2024,461484822,2,9,0,-1,15,5,1,-1,0,0,1,0,1,0,3,1,-1,6,3,-1,-1,1798,8,3,TOYOTA COROLLA,-1,-1,0,-1
2024302400776,2024,302400776,1,9,0,17,19,4,8,0,0,0,0,0,0,0,1,1,6,6,1,64,9,1798,8,4,TOYOTA COROLLA,6,E01019620,0,2
2024061503256,2024,061503256,1,9,0,-1,2,1,5,-1,0,0,0,0,1,0,2,1,-1,8,1,27,6,1798,8,2,TOYOTA COROLLA,-1,-1,0,-1
2024421508668,2024,421508668,1,9,0,-1,19,7,3,-1,0,1,0,0,0,0,1,1,-1,9,2,20,4,1398,1,18,TOYOTA COROLLA,2,E01021703,0,1
2024141424984,2024,141424984,1,9,0,-1,7,3,5,-1,0,8,0,0,0,0,1,1,-1,9,1,49,8,1987,8,5,TOYOTA COROLLA,3,E01007676,0,1
2024522401533,2024,522401533,2,9,0,9,9,3,2,0,0,5,0,0,0,0,1,1,6,6,2,71,10,1587,1,25,TOYOTA COROLLA,6,E01014984,0,1
2024631478342,2024,631478342,1,9,0,-1,19,7,3,-1,0,0,0,0,7,4,1,1,-1,9,1,27,6,1798,8,3,TOYOTA COROLLA,10,E01032363,0,5
2024010494949,2024,010494949,1,9,0,9,9,1,7,0,0,8,0,0,0,0,0,1,1,1,1,29,6,1987,8,1,TOYOTA COROLLA,5,E01033917,0,1
2024010544461,2024,010544461,1,9,0,7,7,7,2,0,0,8,0,0,0,0,1,1,6,6,1,57,9,1398,1,21,TOYOTA COROLLA,10,E01004093,0,1
2024411455676,2024,411455676,2,9,0,-1,3,3,7,-1,0,0,0,0,0,0,2,1,-1,6,2,51,8,1798,8,2,TOYOTA COROLLA,9,E01002155,0,2
2024010502935,2024,010502935,1,9,0,18,19,5,1,0,0,1,0,0,0,0,0,1,1,1,1,24,5,1987,8,0,TOYOTA COROLLA,5,E01033917,0,1
2024451414096,2024,451414096,4,9,0,-1,4,5,1,-1,0,0,0,0,0,0,1,1,-1,2,2,22,5,1798,8,2,TOYOTA COROLLA,7,E01000993,0,3
2024010528954,2024,010528954,4,9,0,4,4,1,5,0,0,0,0,0,0,0,0,1,6,6,1,45,7,1987,8,1,TOYOTA COROLLA,-1,-1,0,-1
2024061530031,2024,061530031,1,9,0,-1,19,8,4,-1,0,8,0,0,0,0,3,1,-1,1,1,45,7,1798,8,5,TOYOTA COROLLA,1,E01005448,0,2
2024201444142,2024,201444142,2,8,0,-1,19,8,4,-1,0,8,0,0,0,0,2,1,-1,1,1,53,8,1987,8,4,TOYOTA COROLLA,2,E01009890,0,3
2024010539963,2024,010539963,1,9,0,18,19,5,1,0,0,2,0,0,0,0,0,1,1,1,1,38,7,1987,8,1,TOYOTA COROLLA,2,E01003047,0,1
2024041467155,2024,041467155,1,9,0,-1,9,3,8,-1,0,0,0,0,0,0,1,1,-1,9,1,91,11,1398,1,19,TOYOTA COROLLA,6,E01025548,0,1
2024061434835,2024,061434835,2,9,0,-1,4,-1,-1,-1,0,1,0,0,0,0,1,1,-1,6,3,-1,-1,1598,1,20,TOYOTA COROLLA,-1,-1,0,-1
2024631490666,2024,631490666,3,9,0,-1,19,5,1,-1,0,0,0,0,0,0,1,1,-1,9,1,30,6,1798,8,2,TOYOTA COROLLA,8,E01015034,0,5
2024101403474,2024,101403474,1,9,0,-1,19,7,3,-1,0,0,0,0,0,0,2,1,-1,6,1,34,6,1798,8,5,TOYOTA COROLLA,10,E01027494,0,3
2024231522733,2024,231522733,1,9,0,-1,4,6,2,-1,0,0,0,0,0,0,2,1,-1,1,1,52,8,1798,8,4,TOYOTA COROLLA,2,E01008897,0,2
2024061510783,2024,061510783,2,9,0,-1,19,7,3,-1,0,0,0,0,0,0,0,1,-1,8,1,30,6,1798,8,1,TOYOTA COROLLA,-1,-1,0,-1
2024371516295,2024,371516295,1,9,0,-1,5,4,8,-1,0,2,0,0,0,0,1,1,-1,6,1,69,10,1798,8,3,TOYOTA COROLLA,9,E01030190,0,2
2024201436619,2024,201436619,1,8,0,-1,19,8,4,-1,0,8,0,0,0,0,3,1,-1,6,1,29,6,1987,8,2,TOYOTA COROLLA,2,E01009887,0,1
2024201421426,2024,201421426,1,9,0,-1,7,2,4,-1,0,0,0,0,0,0,1,9,-1,6,1,27,6,1798,8,1,TOYOTA COROLLA,1,E01009337,0,1
2024531523472,2024,531523472,2,9,0,-1,4,3,7,-1,0,1,0,0,0,0,2,1,-1,1,1,64,9,1798,8,3,TOYOTA COROLLA,2,E01014636,0,4
2024131425558,2024,131425558,2,8,0,-1,19,1,5,-1,0,1,0,0,0,0,1,1,-1,1,1,61,9,1798,8,2,TOYOTA COROLLA,3,E01011936,0,2
2024010527445,2024,010527445,2,9,0,4,4,5,1,0,0,0,0,0,0,0,1,1,1,1,1,44,7,1987,8,1,TOYOTA COROLLA,2,E01003047,0,1
2024061532149,2024,061532149,2,9,0,-1,4,1,5,-1,0,0,0,0,0,0,1,1,-1,1,1,-1,-1,1798,8,1,TOYOTA COROLLA,-1,-1,0,-1
2024201418285,2024,201418285,1,9,0,-1,19,8,4,-1,0,1,0,0,0,0,4,9,-1,2,2,20,4,1398,1,21,TOYOTA COROLLA,2,E01033642,0,2
2024471464311,2024,471464311,1,9,0,-1,7,6,8,-1,0,2,0,0,0,0,0,1,-1,9,2,30,6,1598,1,20,TOYOTA COROLLA,7,E01030563,0,4
2024010498528,2024,010498528,1,9,0,18,19,1,5,0,0,1,0,0,0,0,0,1,1,1,1,50,8,1987,8,1,TOYOTA COROLLA,3,E01002612,0,1
2024411410606,2024,411410606,3,9,0,-1,5,2,7,-1,0,1,0,0,0,0,1,1,-1,1,1,55,8,-1,-1,-1,TOYOTA COROLLA,10,E01023379,0,3
2024311548121,2024,311548121,3,9,0,-1,19,1,5,-1,0,0,0,0,0,0,2,1,-1,6,1,60,9,1794,1,17,TOYOTA COROLLA,1,E01013819,0,2
2024451439131,2024,451439131,1,9,0,-1,5,3,1,-1,0,0,0,0,0,0,3,1,-1,6,1,35,6,1798,8,3,TOYOTA COROLLA,7,E01030457,0,2
2024201431312,2024,201431312,1,9,0,-1,7,3,5,-1,0,5,0,0,0,0,4,1,-1,7,1,38,7,1798,8,4,TOYOTA COROLLA,1,E01007716,0,5
2024201479922,2024,201479922,1,9,0,-1,3,4,8,-1,0,0,0,0,0,0,1,9,-1,6,1,25,5,1798,8,5,TOYOTA COROLLA,1,E01034927,0,2
2024010503189,2024,010503189,1,9,0,99,99,9,9,99,99,5,9,99,9,99,1,1,6,6,3,48,8,1794,1,16,TOYOTA COROLLA,7,E01002985,0,1
2024461518055,2024,461518055,2,9,0,-1,9,1,5,-1,0,1,0,0,0,0,1,9,-1,1,2,40,7,1798,8,4,TOYOTA COROLLA,5,E01024122,0,1
2024440023386,2024,440023386,2,9,0,18,19,6,2,0,0,0,0,0,0,0,1,1,6,6,1,-1,-1,1798,8,2,TOYOTA COROLLA,-1,-1,0,-1
2024161456221,2024,161456221,1,9,0,-1,19,7,3,-1,0,1,0,0,0,0,1,1,-1,1,1,57,9,1798,8,4,TOYOTA COROLLA,3,E01012860,0,1
2024010513725,2024,010513725,2,9,0,18,19,5,1,0,0,1,0,0,0,0,2,1,6,6,2,60,9,1398,1,19,TOYOTA COROLLA,9,E01001098,0,1
2024010516458,2024,010516458,2,9,9,2,2,0,0,99,99,9,9,99,9,99,9,9,6,6,3,-1,-1,1598,1,22,TOYOTA COROLLA,-1,-1,0,-1
2024061405945,2024,061405945,1,9,0,-1,10,4,2,-1,0,5,0,10,0,0,1,1,-1,1,1,45,7,1798,8,5,TOYOTA COROLLA,1,E01005463,0,1
2024302400580,2024,302400580,1,9,0,18,19,3,7,0,0,1,0,0,0,0,1,1,2,2,1,41,7,1798,8,3,TOYOTA COROLLA,3,E01013553,0,1
2024461416604,2024,461416604,1,9,-1,-1,-1,5,1,-1,-1,0,-1,-1,-1,0,-1,1,-1,6,1,25,5,1798,8,1,TOYOTA COROLLA,9,E01016026,0,2
2024461470577,2024,461470577,1,9,0,-1,19,2,4,-1,0,4,0,0,0,0,1,9,-1,6,1,80,11,1798,8,5,TOYOTA COROLLA,3,E01024608,0,3
2024131435715,2024,131435715,1,9,0,-1,5,5,3,-1,0,0,0,0,0,0,0,1,-1,1,1,46,8,1798,8,1,TOYOTA COROLLA,1,E01011372,0,1
2024471467064,2024,471467064,1,9,0,-1,19,1,5,-1,0,1,0,0,0,0,0,1,-1,1,1,-1,-1,1798,8,2,TOYOTA COROLLA,3,E01016926,0,1
2024061535139,2024,061535139,2,9,0,-1,9,-1,-1,-1,0,8,0,0,0,0,1,1,-1,6,1,-1,-1,1798,8,3,TOYOTA COROLLA,-1,-1,0,-1
2024131438453,2024,131438453,1,9,0,-1,19,7,3,-1,0,0,0,0,0,0,4,1,-1,9,2,59,9,1987,8,3,TOYOTA COROLLA,2,E01011262,0,2
2024451402551,2024,451402551,1,9,0,-1,19,6,2,-1,0,0,0,0,0,0,1,1,-1,1,1,42,7,1798,8,1,TOYOTA COROLLA,9,E01030989,0,1
2024201535833,2024,201535833,1,9,0,-1,19,5,1,-1,0,0,0,0,0,0,1,9,-1,6,1,50,8,1398,1,20,TOYOTA COROLLA,2,E01010101,0,4
2024010517041,2024,010517041,2,9,0,18,19,7,3,0,0,1,0,0,0,0,0,1,1,1,1,26,6,1987,8,1,TOYOTA COROLLA,4,E01004401,0,1
2024631448648,2024,631448648,2,9,0,-1,9,6,4,-1,0,6,0,0,0,0,3,1,-1,9,2,60,9,1798,8,3,TOYOTA COROLLA,9,E01001385,0,5
2024131517288,2024,131517288,1,9,0,-1,5,3,7,-1,0,0,0,0,0,0,3,1,-1,6,-1,-1,-1,1798,8,5,TOYOTA COROLLA,-1,-1,0,-1
2024421454974,2024,421454974,2,8,0,-1,2,0,0,-1,0,0,0,0,0,0,3,9,-1,2,1,43,7,1798,8,0,TOYOTA COROLLA,5,E01021833,0,1
2024041450390,2024,041450390,1,9,0,-1,7,1,5,-1,0,5,0,0,0,0,4,1,-1,9,2,36,7,1798,8,5,TOYOTA COROLLA,4,E01025001,0,2
2024061483047,2024,061483047,2,9,0,-1,-1,-1,-1,-1,-1,-1,-1,-1,-1,0,4,9,-1,9,1,-1,-1,1598,1,17,TOYOTA COROLLA,-1,-1,0,-1
2024061397795,2024,061397795,1,9,0,-1,7,1,3,-1,0,8,0,0,0,0,1,1,-1,2,1,74,10,1398,1,20,TOYOTA COROLLA,1,E01004851,0,4
2024010531773,2024,010531773,1,9,0,18,19,1,5,0,0,0,0,0,7,0,0,1,6,6,1,34,6,1987,8,2,TOYOTA COROLLA,6,E01000631,0,1
2024010496357,2024,010496357,1,9,0,7,7,1,3,0,0,5,0,0,0,0,0,1,1,1,1,34,6,1987,8,1,TOYOTA COROLLA,4,E01004259,0,1
2024131495476,2024,131495476,1,9,0,-1,9,3,5,-1,0,8,0,0,0,0,3,1,-1,1,1,62,9,1798,8,2,TOYOTA COROLLA,2,E01011017,0,1
2024010517927,2024,010517927,1,9,0,99,99,9,9,99,99,9,9,99,9,99,1,9,6,6,2,70,10,1598,1,21,TOYOTA COROLLA,5,E01002004,0,1
2024061447153,2024,061447153,1,9,0,-1,4,8,3,-1,0,1,0,0,0,0,1,1,-1,1,1,31,6,1798,8,2,TOYOTA COROLLA,-1,-1,0,-1
2024061475779,2024,061475779,3,9,0,-1,19,4,8,-1,0,8,0,0,0,0,0,1,-1,1,1,38,7,1798,8,1,TOYOTA COROLLA,2,E01005950,0,1
2024430559078,2024,430559078,3,9,0,4,4,8,4,0,0,1,0,0,0,0,1,1,1,1,1,72,10,1798,8,2,TOYOTA COROLLA,9,E01017912,0,4
2024161493209,2024,161493209,1,9,0,-1,19,6,2,-1,0,6,0,0,0,0,4,1,-1,9,2,81,11,1798,8,3,TOYOTA COROLLA,10,E01013117,0,2
2024221522560,2024,221522560,1,9,0,-1,19,4,8,-1,0,0,0,0,0,0,1,1,-1,9,1,75,10,1798,8,2,TOYOTA COROLLA,9,E01018692,0,4
2024131584149,2024,131584149,1,9,0,-1,9,5,7,-1,0,8,0,0,0,0,3,1,-1,6,1,34,6,1987,8,4,TOYOTA COROLLA,2,E01010792,0,1
2024061394067,2024,061394067,1,8,0,-1,19,7,3,-1,0,0,0,0,0,0,1,1,-1,1,1,32,6,1798,8,2,TOYOTA COROLLA,6,E01006146,0,1
2024010502457,2024,010502457,2,9,0,18,19,1,5,0,0,1,0,0,0,0,1,1,1,1,1,41,7,1987,8,1,TOYOTA COROLLA,7,E01003456,0,1
2024361513540,2024,361513540,1,8,-1,-1,-1,-1,-1,-1,-1,0,-1,-1,-1,0,-1,9,-1,1,1,63,9,1798,8,4,TOYOTA COROLLA,6,E01026862,0,1
2024351434621,2024,351434621,1,9,0,-1,19,3,3,-1,0,0,0,0,0,0,4,1,-1,6,2,38,7,1794,1,17,TOYOTA COROLLA,3,E01035552,0,1
2024361506380,2024,361506380,2,9,0,-1,19,7,3,-1,0,8,0,4,0,0,4,1,-1,9,1,73,10,1798,8,2,TOYOTA COROLLA,4,E01026905,0,4
2024991510846,2024,991510846,4,9,0,-1,19,4,8,-1,0,0,0,0,0,0,1,1,-1,6,2,53,8,1798,8,4,TOYOTA COROLLA,7,-1,0,2
2024010536938,2024,010536938,1,9,0,18,19,3,7,0,0,0,0,0,0,0,2,1,6,6,1,62,9,1798,8,5,TOYOTA COROLLA,1,E01013568,0,5
2024010548950,2024,010548950,3,9,0,18,19,5,1,0,0,0,0,0,0,0,0,1,6,6,1,35,6,1987,8,1,TOYOTA COROLLA,2,E01033587,0,1