collision_index,collision_year,collision_ref_no,vehicle_reference,vehicle_type,towing_and_articulation,vehicle_manoeuvre_historic,vehicle_manoeuvre,vehicle_direction_from,vehicle_direction_to,vehicle_location_restricted_lane_historic,vehicle_location_restricted_lane,junction_location,skidding_and_overturning,hit_object_in_carriageway,vehicle_leaving_carriageway,hit_object_off_carriageway,first_point_of_impact,vehicle_left_hand_drive,journey_purpose_of_driver_historic,journey_purpose_of_driver,sex_of_driver,age_of_driver,age_band_of_driver,engine_capacity_cc,propulsion_code,age_of_vehicle,generic_make_model,driver_imd_decile,lsoa_of_driver,escooter_flag,driver_distance_banding
2024131517918,2024,131517918,2,9,0,-1,19,5,1,-1,0,8,0,0,0,0,2,1,-1,1,1,47,8,1798,8,5,TOYOTA COROLLA,2,E01033031,0,1
2024010540403,2024,010540403,2,9,0,4,4,7,3,0,0,0,0,0,0,0,2,1,6,6,1,61,9,1598,1,19,TOYOTA COROLLA,6,E01003781,0,1
2024430144244,2024,430144244,1,9,0,18,19,4,8,0,0,0,0,0,0,0,1,1,6,6,1,50,8,1398,1,20,TOYOTA COROLLA,8,E01016584,0,1
2024430287602,2024,430287602,1,8,0,1,1,2,6,0,0,0,0,0,0,0,2,1,1,1,1,28,6,1798,8,2,TOYOTA COROLLA,6,E01017925,0,1
2024201515145,2024,201515145,1,9,0,-1,7,4,2,-1,0,3,0,0,0,0,3,1,-1,2,2,34,6,1798,8,1,TOYOTA COROLLA,2,E01009392,0,2
2024991433920,2024,991433920,1,8,0,-1,19,7,3,-1,0,8,0,0,0,0,4,1,-1,1,1,63,9,1798,8,1,TOYOTA COROLLA,7,-1,0,3
2024522402359,2024,522402359,1,9,0,3,3,2,6,0,0,0,0,0,0,0,2,1,6,6,2,54,8,1798,8,3,TOYOTA COROLLA,5,E01018955,0,5
2024221520023,2024,221520023,2,9,0,-1,19,6,2,-1,0,8,1,0,1,11,1,9,-1,6,1,59,9,1798,8,3,TOYOTA COROLLA,5,E01035071,0,2
2024061493824,2024,061493824,1,9,0,-1,19,5,8,-1,0,1,0,0,1,0,1,1,-1,6,2,-1,-1,1598,1,21,TOYOTA COROLLA,-1,-1,0,-1
2024411434310,2024,411434310,1,9,0,-1,9,-1,-1,-1,-1,6,1,-1,-1,0,3,1,-1,6,2,41,7,1798,8,2,TOYOTA COROLLA,8,E01035602,0,1
2024010538262,2024,010538262,2,9,0,18,19,1,5,0,0,1,0,0,0,0,0,1,1,1,1,35,6,1987,8,1,TOYOTA COROLLA,4,E01002030,0,1
2024061509239,2024,061509239,4,9,0,-1,4,5,6,-1,0,0,1,1,0,0,1,1,-1,1,1,23,5,1798,8,2,TOYOTA COROLLA,2,E01004817,0,1
2024421437850,2024,421437850,1,9,0,-1,19,2,6,-1,0,1,0,0,0,0,4,9,-1,6,1,-1,-1,1995,2,18,TOYOTA COROLLA,-1,-1,0,-1
2024131435413,2024,131435413,1,9,0,-1,13,4,7,-1,0,2,5,10,0,0,1,1,-1,1,1,38,7,1798,8,2,TOYOTA COROLLA,2,E01010628,0,2
2024471456456,2024,471456456,1,9,0,-1,11,2,6,-1,0,0,0,0,0,0,1,1,-1,6,3,-1,-1,2231,2,16,TOYOTA COROLLA,-1,-1,0,-1
2024531455911,2024,531455911,1,9,0,-1,5,8,4,-1,0,0,0,0,0,0,1,1,-1,6,2,59,9,1798,8,0,TOYOTA COROLLA,10,E01022181,0,1
2024010532011,2024,010532011,1,9,0,18,19,1,5,0,0,1,0,0,0,0,0,1,1,1,1,31,6,1987,8,1,TOYOTA COROLLA,4,E01032639,0,1
2024332400003,2024,332400003,2,9,0,-1,19,7,3,-1,0,8,0,0,0,0,3,1,-1,9,1,28,6,1598,1,18,TOYOTA COROLLA,4,E01013749,0,1
2024010533784,2024,010533784,1,9,0,18,19,3,7,0,0,0,0,0,0,0,1,1,3,7,2,47,8,1987,8,2,TOYOTA COROLLA,-1,-1,0,-1
2024401500656,2024,401500656,2,8,0,-1,9,5,3,-1,0,2,0,0,0,0,3,1,-1,1,1,36,7,1798,8,5,TOYOTA COROLLA,7,E01015694,0,4
2024411447214,2024,411447214,1,9,0,-1,11,4,8,-1,0,0,1,0,2,0,4,1,-1,6,1,38,7,1598,1,23,TOYOTA COROLLA,3,E01031444,0,5
2024010568799,2024,010568799,1,9,0,18,19,7,3,0,0,1,1,0,0,0,1,1,1,1,1,30,6,1987,8,1,TOYOTA COROLLA,10,E01022528,0,4
2024041453319,2024,041453319,2,9,0,-1,19,5,1,-1,0,1,0,0,0,0,4,1,-1,1,1,61,9,1798,8,5,TOYOTA COROLLA,4,E01012664,0,2
2024041528495,2024,041528495,1,9,0,-1,19,3,7,-1,0,1,0,0,0,0,1,9,-1,6,1,48,8,1798,8,4,TOYOTA COROLLA,1,E01024878,0,3
2024061516656,2024,061516656,1,9,0,-1,4,1,2,-1,0,1,0,0,0,0,4,1,-1,8,2,27,6,1798,8,2,TOYOTA COROLLA,-1,-1,0,-1
2024440500939,2024,440500939,1,9,0,18,19,7,3,0,0,0,0,0,0,0,4,1,6,6,1,52,8,1598,1,24,TOYOTA COROLLA,10,E01022954,0,1
2024010529788,2024,010529788,1,9,0,2,2,0,0,9,9,6,0,4,0,0,4,1,6,6,3,-1,-1,1987,8,1,TOYOTA COROLLA,-1,-1,0,-1
2024010526181,2024,010526181,1,9,0,15,15,1,5,2,2,2,0,0,0,0,3,1,1,1,2,30,6,1987,8,1,TOYOTA COROLLA,2,E01003047,0,1
2024201439787,2024,201439787,1,9,0,-1,7,3,1,-1,0,0,0,0,0,0,1,1,-1,6,3,45,7,1798,8,4,TOYOTA COROLLA,-1,-1,0,-1
2024101462517,2024,101462517,2,9,0,-1,19,1,5,-1,0,6,0,0,0,0,1,1,-1,6,1,80,11,1798,8,5,TOYOTA COROLLA,7,E01027378,0,1
2024061465456,2024,061465456,2,9,0,-1,3,1,1,-1,0,1,0,0,0,0,0,1,-1,1,1,27,6,1798,8,1,TOYOTA COROLLA,-1,-1,0,-1
2024010541788,2024,010541788,3,9,0,18,19,5,1,0,0,1,0,0,0,0,0,1,6,6,1,26,6,1987,8,1,TOYOTA COROLLA,2,E01034149,0,1
2024010521476,2024,010521476,4,9,0,4,4,3,7,0,0,0,0,0,0,0,1,1,6,6,1,33,6,1987,8,1,TOYOTA COROLLA,3,E01001830,0,1
2024552400236,2024,552400236,1,9,0,5,5,5,1,0,0,6,0,0,0,0,1,1,2,2,2,29,6,1398,1,22,TOYOTA COROLLA,8,E01015416,0,1
2024010529395,2024,010529395,1,9,0,6,6,3,3,0,0,1,0,0,0,0,1,1,1,1,1,41,7,1798,8,5,TOYOTA COROLLA,4,E01003282,0,2
2024141530646,2024,141530646,1,9,0,-1,19,6,1,-1,0,0,0,0,0,0,2,9,-1,6,-1,-1,-1,1987,8,3,TOYOTA COROLLA,-1,-1,0,-1
2024010542871,2024,010542871,1,9,0,7,7,1,3,0,0,6,0,10,1,2,1,2,6,6,2,79,11,1598,1,20,TOYOTA COROLLA,10,E01003424,0,1
202417M101224,2024,17M101224,1,9,0,18,19,1,5,0,0,0,0,0,0,0,1,1,6,6,1,79,11,1598,1,21,TOYOTA COROLLA,3,E01012079,0,1
2024302401457,2024,302401457,1,9,0,18,19,5,1,0,0,1,0,0,0,0,4,1,6,6,1,35,6,1987,8,5,TOYOTA COROLLA,5,E01019520,0,2
2024221402340,2024,221402340,1,9,0,-1,19,3,8,-1,0,0,1,0,1,10,1,1,-1,1,1,25,5,1987,8,2,TOYOTA COROLLA,-1,-1,0,-1
2024010536977,2024,010536977,1,9,0,18,19,5,1,0,0,2,0,0,0,0,1,1,1,1,1,48,8,1798,8,5,TOYOTA COROLLA,3,E01000523,0,1
2024302401518,2024,302401518,2,9,0,16,19,8,3,0,0,1,0,0,0,0,1,1,6,6,1,42,7,1332,1,25,TOYOTA COROLLA,1,E01013485,0,2
2024131464054,2024,131464054,1,9,0,-1,19,2,4,-1,0,0,0,0,7,2,1,1,-1,1,1,38,7,1798,8,3,TOYOTA COROLLA,8,E01032503,0,1
2024461406053,2024,461406053,2,9,0,-1,19,1,5,-1,0,0,0,11,0,0,1,1,-1,1,1,41,7,1987,8,1,TOYOTA COROLLA,6,E01024700,0,1
202454A369524,2024,54A369524,1,9,0,9,9,6,2,0,0,6,0,0,0,0,1,1,6,6,2,69,10,1798,8,1,TOYOTA COROLLA,8,E01032057,0,2
2024071079017,2024,071079017,1,9,0,-1,9,5,1,-1,0,1,1,10,1,7,1,1,-1,1,1,23,5,1798,8,0,TOYOTA COROLLA,7,E01005375,0,4
2024061532609,2024,061532609,3,9,0,-1,9,5,2,-1,0,1,0,0,0,0,0,1,-1,1,2,26,6,1798,8,1,TOYOTA COROLLA,2,E01034119,0,1
2024031499796,2024,031499796,2,9,0,-1,19,1,5,-1,0,0,0,0,0,0,1,1,-1,9,1,30,6,1398,1,20,TOYOTA COROLLA,2,E01013918,0,5
2024201508657,2024,201508657,1,9,0,-1,5,7,6,-1,0,6,0,10,3,10,3,1,-1,8,2,27,6,1798,8,0,TOYOTA COROLLA,-1,-1,0,-1
2024411538520,2024,411538520,2,9,0,-1,19,1,5,-1,0,0,1,0,1,0,1,1,-1,6,2,66,10,1598,1,22,TOYOTA COROLLA,7,E01017564,0,4
2024010526145,2024,010526145,2,9,0,18,19,3,7,0,0,8,0,0,0,0,4,1,1,1,1,25,5,1987,8,1,TOYOTA COROLLA,6,E01033784,0,1
2024061530774,2024,061530774,1,9,0,-1,1,7,5,-1,0,8,0,0,0,0,2,9,-1,6,1,-1,-1,1398,1,22,TOYOTA COROLLA,1,E01005338,0,1
2024131488793,2024,131488793,1,9,0,-1,19,7,3,-1,0,8,0,0,0,0,4,1,-1,1,1,52,8,1798,8,5,TOYOTA COROLLA,1,E01010618,0,2
2024141449912,2024,141449912,1,9,0,-1,3,7,2,-1,0,1,0,0,0,0,2,9,-1,6,1,46,8,1598,1,20,TOYOTA COROLLA,-1,-1,0,-1
2024361443603,2024,361443603,2,9,0,-1,9,6,4,-1,0,8,0,0,0,0,3,1,-1,9,1,32,6,1197,1,5,TOYOTA COROLLA,3,E01026853,0,1
2024010523910,2024,010523910,2,9,0,18,19,3,7,0,0,8,0,0,0,0,0,1,1,1,1,25,5,1987,8,1,TOYOTA COROLLA,9,E01003897,0,2
2024320675963,2024,320675963,2,8,0,9,9,8,4,0,0,6,0,0,0,1,4,1,-1,-1,2,51,8,1798,8,2,TOYOTA COROLLA,4,E01026268,0,4
2024010546857,2024,010546857,1,9,0,99,99,9,9,99,99,9,9,99,9,99,2,9,2,2,2,40,7,1798,8,5,TOYOTA COROLLA,6,E01001070,0,3
2024351463130,2024,351463130,2,9,-1,-1,3,7,3,-1,0,0,0,0,0,0,2,9,-1,1,1,38,7,1798,8,4,TOYOTA COROLLA,5,E01017954,0,1
2024131450263,2024,131450263,1,9,0,-1,-1,-1,-1,-1,-1,0,-1,-1,-1,-1,-1,1,-1,6,3,-1,-1,1598,1,18,TOYOTA COROLLA,-1,-1,0,-1
2024010509933,2024,010509933,2,9,0,18,19,5,1,0,0,0,0,0,0,0,0,1,1,1,1,26,6,1987,8,1,TOYOTA COROLLA,7,E01002514,0,2
2024141476842,2024,141476842,2,9,0,-1,19,1,5,-1,0,3,0,0,0,0,1,1,-1,6,1,-1,-1,1598,1,20,TOYOTA COROLLA,-1,-1,0,-1
2024010515443,2024,010515443,1,9,0,13,13,4,8,0,0,1,0,0,0,0,0,1,1,1,1,36,7,1987,8,1,TOYOTA COROLLA,4,E01004259,0,1
2024041414356,2024,041414356,1,9,0,-1,19,1,5,-1,0,1,0,0,0,0,4,1,-1,9,1,55,8,1987,8,3,TOYOTA COROLLA,1,E01025084,0,1
2024201517126,2024,201517126,1,9,0,-1,19,3,7,-1,0,0,0,4,0,0,1,1,-1,9,1,27,6,1798,8,0,TOYOTA COROLLA,2,E01010287,0,3
2024101515408,2024,101515408,2,9,0,-1,19,3,7,-1,0,1,0,0,0,0,1,1,-1,1,1,22,5,1798,8,3,TOYOTA COROLLA,1,E01008415,0,1
2024461494602,2024,461494602,2,8,0,-1,3,3,7,-1,0,0,0,2,0,0,2,1,-1,1,1,28,6,1798,8,0,TOYOTA COROLLA,7,E01024403,0,3
2024131488125,2024,131488125,2,9,0,-1,9,1,3,-1,0,1,0,0,0,0,3,1,-1,6,1,-1,-1,1798,8,4,TOYOTA COROLLA,-1,-1,0,-1
2024351459847,2024,351459847,2,9,0,-1,4,7,3,-1,0,0,0,0,0,0,2,1,-1,1,2,47,8,1798,8,0,TOYOTA COROLLA,7,E01035526,0,1
2024010546270,2024,010546270,2,9,0,18,19,5,1,0,0,0,0,0,0,0,0,1,6,6,1,29,6,1987,8,1,TOYOTA COROLLA,6,E01023320,0,3
2024101400385,2024,101400385,1,8,0,-1,19,2,7,-1,0,0,0,0,0,0,4,1,-1,1,1,39,7,1798,8,4,TOYOTA COROLLA,3,E01008213,0,1
2024501497146,2024,501497146,1,9,0,-1,9,1,6,-1,0,4,0,0,0,0,3,1,-1,9,2,18,4,1995,2,19,TOYOTA COROLLA,4,E01018945,0,4
2024141431953,2024,141431953,1,9,0,-1,19,7,3,-1,0,1,0,0,0,0,1,9,-1,6,1,40,7,1987,8,5,TOYOTA COROLLA,1,E01033271,0,1
202417M115324,2024,17M115324,2,8,0,-1,1,8,4,-1,0,8,0,0,0,0,2,1,-1,6,1,-1,-1,1798,8,5,TOYOTA COROLLA,-1,-1,0,-1
2024010550670,2024,010550670,1,9,0,4,4,7,3,0,0,0,0,0,0,0,2,1,2,2,2,53,8,1598,1,20,TOYOTA COROLLA,2,E01002076,0,2
2024010547908,2024,010547908,1,9,0,3,3,1,5,0,0,0,0,0,0,0,2,1,6,6,1,48,8,1598,1,18,TOYOTA COROLLA,1,E01032569,0,1
2024010497775,2024,010497775,3,9,0,14,14,1,5,0,0,8,0,0,0,0,1,1,1,1,1,25,5,1987,8,1,TOYOTA COROLLA,2,E01004008,0,1
2024430258151,2024,430258151,1,8,0,9,9,4,2,0,0,8,0,7,0,2,4,1,1,1,1,41,7,1798,8,4,TOYOTA COROLLA,2,E01028517,0,2
2024340NN1422,2024,340NN1422,2,8,0,-1,14,4,8,-1,0,1,0,0,0,0,1,1,-1,1,1,49,8,1798,8,4,TOYOTA COROLLA,7,E01027089,0,2
202454D593124,2024,54D593124,2,9,0,18,19,7,3,0,0,3,0,0,0,0,1,1,6,6,1,45,7,1798,8,4,TOYOTA COROLLA,2,E01015537,0,1
2024061470188,2024,061470188,3,9,0,-1,2,0,0,-1,-1,1,0,0,0,0,2,1,-1,9,1,73,10,1798,8,5,TOYOTA COROLLA,8,E01004918,0,3
2024010548734,2024,010548734,3,9,0,18,19,1,5,0,0,2,0,0,0,0,0,1,1,1,1,23,5,1987,8,1,TOYOTA COROLLA,4,E01004259,0,1
2024302401394,2024,302401394,2,9,0,18,19,1,5,0,0,0,0,0,0,0,3,1,6,6,1,43,7,1798,8,4,TOYOTA COROLLA,4,E01013459,0,4
2024451436737,2024,451436737,1,8,0,-1,-1,-1,-1,-1,-1,0,-1,-1,-1,0,-1,1,-1,6,1,26,6,1798,8,2,TOYOTA COROLLA,8,E01030991,0,4
2024131460145,2024,131460145,1,9,0,-1,19,1,5,-1,0,8,0,0,0,0,1,1,-1,9,1,42,7,2231,2,18,TOYOTA COROLLA,1,E01010832,0,1
2024010520668,2024,010520668,1,9,0,7,7,2,5,0,0,8,0,0,0,0,1,1,6,6,1,72,10,1598,1,23,TOYOTA COROLLA,6,E01003693,0,1
2024461404650,2024,461404650,2,9,0,-1,9,2,8,-1,0,1,0,0,0,0,3,9,-1,6,2,36,7,1798,8,1,TOYOTA COROLLA,2,E01016140,0,1
2024201520690,2024,201520690,2,9,0,-1,19,3,7,-1,0,1,0,0,0,0,4,1,-1,1,1,45,7,1798,8,0,TOYOTA COROLLA,8,E01009555,0,2
2024010512062,2024,010512062,1,9,0,18,19,7,3,0,0,0,0,0,0,0,1,1,1,1,1,52,8,1987,8,1,TOYOTA COROLLA,4,E01004401,0,1
2024010546153,2024,010546153,2,9,0,18,19,3,7,0,0,1,0,0,0,0,0,1,1,1,1,32,6,1987,8,1,TOYOTA COROLLA,2,E01034149,0,1
2024302400369,2024,302400369,2,8,0,9,9,1,7,0,0,6,1,0,0,0,3,1,6,6,1,48,8,1798,8,5,TOYOTA COROLLA,1,E01013567,0,1
202460Q005890,2024,60Q005890,2,9,0,3,3,8,4,0,0,8,0,0,0,0,2,1,6,6,1,38,7,1987,8,1,TOYOTA COROLLA,-1,-1,0,-1
2024201534092,2024,201534092,2,9,0,-1,19,6,2,-1,0,0,0,0,0,0,2,1,-1,6,1,31,6,1798,8,5,TOYOTA COROLLA,1,E01009173,0,1
2024461419652,2024,461419652,1,8,0,-1,1,1,5,-1,0,0,0,0,0,0,2,9,-1,6,1,-1,-1,1798,8,2,TOYOTA COROLLA,1,E01024504,0,1
2024061497698,2024,061497698,1,9,0,-1,19,7,3,-1,0,8,0,0,0,0,1,1,-1,8,2,-1,-1,1798,8,1,TOYOTA COROLLA,-1,-1,0,-1
2024010540099,2024,010540099,3,9,0,9,9,2,1,0,0,1,0,0,0,0,1,1,6,6,2,28,6,1987,8,1,TOYOTA COROLLA,4,E01004259,0,1
2024351515716,2024,351515716,2,9,0,-1,9,5,1,-1,0,0,0,0,0,0,4,1,-1,6,1,33,6,1798,8,5,TOYOTA COROLLA,1,E01001115,0,5
2024361470466,2024,361470466,2,9,0,-1,19,2,6,-1,0,0,0,0,0,0,1,1,-1,6,1,61,9,1798,8,5,TOYOTA COROLLA,8,E01028640,0,5
2024461437252,2024,461437252,2,9,0,-1,4,-1,-1,-1,0,1,0,0,0,0,2,9,-1,1,1,34,6,1798,8,3,TOYOTA COROLLA,3,E01016045,0,1
2024010533555,2024,010533555,1,9,0,18,19,5,1,0,0,2,0,0,0,0,0,1,1,1,1,35,6,1987,8,1,TOYOTA COROLLA,4,E01001484,0,1
2024201504961,2024,201504961,1,9,0,-1,7,1,4,-1,2,5,0,0,0,0,4,1,-1,2,1,54,8,1798,8,0,TOYOTA COROLLA,5,E01019865,0,4
2024061433777,2024,061433777,5,9,0,-1,19,8,8,-1,0,0,0,0,0,0,1,1,-1,1,1,33,6,1798,8,2,TOYOTA COROLLA,4,E01006294,0,1
2024131516816,2024,131516816,1,9,0,-1,7,8,4,-1,0,0,0,0,0,0,4,1,-1,6,3,-1,-1,1798,8,1,TOYOTA COROLLA,-1,-1,0,-1
2024010519185,2024,010519185,1,9,0,18,19,7,3,0,0,1,0,0,0,0,2,1,6,6,2,39,7,2231,2,16,TOYOTA COROLLA,10,E01021614,0,4
2024361468379,2024,361468379,1,9,0,-1,19,3,7,-1,0,1,0,0,7,0,1,1,-1,9,1,76,11,1798,8,3,TOYOTA COROLLA,9,E01035136,0,1
2024221494423,2024,221494423,3,8,0,-1,10,7,6,-1,0,8,0,0,0,0,3,1,-1,1,1,38,7,1798,8,5,TOYOTA COROLLA,9,E01035060,0,4
2024320159743,2024,320159743,2,9,0,4,4,6,2,0,0,1,0,0,0,0,2,1,1,1,1,61,9,1798,8,1,TOYOTA COROLLA,2,E01015615,0,4
2024010526490,2024,010526490,1,9,0,3,3,1,5,0,0,2,0,0,0,0,0,1,1,1,1,29,6,1987,8,1,TOYOTA COROLLA,4,E01002030,0,1
2024411435614,2024,411435614,1,9,0,-1,19,4,8,-1,0,1,0,0,0,0,3,1,-1,6,1,23,5,1798,8,5,TOYOTA COROLLA,5,E01023869,0,1
2024461409099,2024,461409099,1,9,0,-1,19,7,3,-1,0,0,0,0,0,0,1,1,-1,9,1,72,10,1798,8,2,TOYOTA COROLLA,10,E01000353,0,2
2024622400074,2024,622400074,1,9,0,3,3,4,8,0,0,1,0,0,0,0,2,1,1,1,1,36,7,1798,8,4,TOYOTA COROLLA,2,W01000745,0,1
2024201440983,2024,201440983,5,9,0,-1,2,3,3,-1,0,2,0,0,0,0,2,1,-1,6,-1,-1,-1,1794,1,20,TOYOTA COROLLA,-1,-1,0,-1
2024201483546,2024,201483546,1,8,0,-1,19,5,4,-1,0,8,0,0,0,0,1,1,-1,6,1,24,5,1798,8,1,TOYOTA COROLLA,6,E01010174,0,1
2024552401468,2024,552401468,1,8,0,18,19,2,6,0,0,0,0,0,0,0,1,1,1,1,1,53,8,1987,8,3,TOYOTA COROLLA,7,E01015391,0,1
2024061495777,2024,061495777,2,8,0,-1,4,8,3,-1,0,0,0,0,0,0,2,1,-1,6,1,50,8,1798,8,5,TOYOTA COROLLA,2,E01004938,0,2
2024010542590,2024,010542590,2,9,0,18,19,3,7,0,0,1,0,0,0,0,0,1,1,1,1,30,6,1987,8,0,TOYOTA COROLLA,4,E01000922,0,1
2024991438927,2024,991438927,2,8,0,-1,6,6,6,-1,0,1,0,0,0,0,3,1,-1,1,1,55,8,1798,8,1,TOYOTA COROLLA,7,-1,0,4
2024131448876,2024,131448876,1,8,0,-1,-1,-1,-1,-1,-1,-1,-1,-1,-1,-1,1,1,-1,6,3,-1,-1,1798,8,2,TOYOTA COROLLA,-1,-1,0,-1
2024461521338,2024,461521338,2,9,0,-1,19,7,3,-1,0,8,0,0,0,0,1,1,-1,6,2,56,9,1798,8,2,TOYOTA COROLLA,10,E01024785,0,1
2024311500564,2024,311500564,1,9,0,-1,5,8,4,-1,0,1,0,0,0,0,3,1,-1,1,1,36,7,1798,8,4,TOYOTA COROLLA,-1,-1,0,-1
2024010523356,2024,010523356,2,9,9,99,99,9,9,0,0,9,9,99,0,0,9,9,6,6,3,-1,-1,1598,1,20,TOYOTA COROLLA,-1,-1,0,-1
2024471528037,2024,471528037,2,9,0,-1,19,8,4,-1,0,1,0,0,0,0,1,1,-1,9,2,72,10,1794,1,17,TOYOTA COROLLA,8,E01020953,0,3
2024010506043,2024,010506043,4,9,0,18,19,5,1,0,0,0,0,0,0,0,1,1,6,6,1,51,8,1398,1,22,TOYOTA COROLLA,-1,-1,0,-1
2024552400775,2024,552400775,1,9,0,6,6,7,7,0,0,8,0,0,0,0,4,1,6,6,2,50,8,1598,1,20,TOYOTA COROLLA,7,E01020429,0,3
2024231496181,2024,231496181,2,9,0,-1,19,5,1,-1,0,0,0,0,0,0,4,1,-1,6,2,24,5,1798,8,0,TOYOTA COROLLA,7,E01033828,0,4
2024340WN4512,2024,340WN4512,2,9,0,-1,19,3,7,-1,0,0,0,0,0,0,2,1,-1,2,1,41,7,-1,-1,-1,TOYOTA COROLLA,-1,-1,0,-1
2024421526519,2024,421526519,4,9,0,-1,3,7,3,-1,0,0,0,0,0,0,2,1,-1,1,1,35,6,1798,8,4,TOYOTA COROLLA,5,E01033740,0,4
2024440346335,2024,440346335,2,9,0,9,9,1,3,0,0,6,0,0,0,0,2,1,6,6,3,-1,-1,1798,8,3,TOYOTA COROLLA,-1,-1,0,-1
2024161520242,2024,161520242,2,9,0,-1,19,3,7,-1,0,0,0,0,0,0,1,1,-1,6,2,36,7,1598,1,19,TOYOTA COROLLA,3,E01013245,0,1
2024461431700,2024,461431700,3,9,0,-1,19,-1,-1,-1,0,0,0,0,0,0,0,9,-1,1,1,-1,-1,1798,8,1,TOYOTA COROLLA,5,E01035292,0,2
2024010544525,2024,010544525,2,9,0,4,4,1,5,0,0,1,0,0,0,0,0,1,1,1,1,46,8,1987,8,1,TOYOTA COROLLA,-1,-1,0,-1
2024061457014,2024,061457014,2,8,0,-1,19,2,6,-1,0,1,0,0,0,0,1,1,-1,1,1,58,9,1497,8,7,TOYOTA COROLLA,3,E01005059,0,1
2024010550584,2024,010550584,2,9,0,18,19,1,5,0,0,8,0,0,0,0,4,1,1,1,2,27,6,1987,8,1,TOYOTA COROLLA,3,E01021260,0,4
2024440473378,2024,440473378,1,9,0,18,19,2,6,0,0,1,1,0,0,0,1,1,1,1,1,44,7,1987,8,2,TOYOTA COROLLA,5,E01022973,0,3
2024010544959,2024,010544959,2,9,0,2,2,0,0,0,0,0,0,10,0,0,2,1,6,6,3,-1,-1,1798,8,4,TOYOTA COROLLA,-1,-1,0,-1
2024010497482,2024,010497482,2,9,0,6,6,7,7,0,0,0,0,0,0,0,0,1,1,1,1,30,6,1987,8,3,TOYOTA COROLLA,5,E01033917,0,2
2024010511637,2024,010511637,1,9,0,18,19,5,1,0,0,0,0,0,0,0,1,1,6,6,1,55,8,1798,8,2,TOYOTA COROLLA,8,E01000774,0,3
2024131499128,2024,131499128,1,9,0,-1,-1,-1,-1,-1,-1,-1,-1,-1,-1,-1,-1,1,-1,6,3,-1,-1,1798,8,4,TOYOTA COROLLA,-1,-1,0,-1
2024010498611,2024,010498611,1,9,0,17,19,3,7,9,9,1,0,0,1,3,1,1,1,1,1,35,6,1798,8,4,TOYOTA COROLLA,7,E01033967,0,4
2024010543876,2024,010543876,2,9,0,18,19,1,5,0,0,2,0,0,0,0,1,1,1,1,1,47,8,1798,8,5,TOYOTA COROLLA,5,E01015952,0,4
2024141407754,2024,141407754,1,9,0,-1,19,3,7,-1,0,0,0,0,0,0,1,9,-1,6,1,85,11,1398,1,21,TOYOTA COROLLA,-1,-1,0,-1
2024231492755,2024,231492755,1,9,0,-1,19,5,1,-1,0,8,0,10,1,7,1,9,-1,1,1,46,8,1798,8,4,TOYOTA COROLLA,4,E01009628,0,3
2024440149591,2024,440149591,3,9,0,3,3,2,6,0,0,1,0,0,0,0,2,1,2,2,2,56,9,2231,2,18,TOYOTA COROLLA,5,E01023192,0,2
2024061468614,2024,061468614,1,9,-1,-1,-1,-1,-1,-1,-1,-1,-1,-1,-1,0,-1,9,-1,6,1,82,11,1398,1,17,TOYOTA COROLLA,3,E01005216,0,1
202460Q177266,2024,60Q177266,1,9,0,18,19,8,4,0,0,2,0,0,1,11,1,1,6,6,1,79,11,1598,1,18,TOYOTA COROLLA,-1,-1,0,-1
2024501422787,2024,501422787,1,9,0,-1,7,7,1,-1,0,8,0,0,0,0,1,1,-1,9,1,39,7,1987,8,4,TOYOTA COROLLA,1,E01015080,0,1
2024131402424,2024,131402424,1,9,0,-1,19,1,5,-1,0,0,0,0,0,0,2,1,-1,9,1,43,7,1598,1,20,TOYOTA COROLLA,1,E01010817,0,1
2024061509239,2024,061509239,3,9,0,-1,4,5,8,-1,0,0,1,1,0,0,1,1,-1,1,2,27,6,1798,8,1,TOYOTA COROLLA,2,E01004817,0,1
2024501499091,2024,501499091,2,9,0,-1,19,5,1,-1,0,1,0,0,0,0,3,1,-1,6,2,77,11,1987,8,5,TOYOTA COROLLA,4,E01014098,0,5
2024010529920,2024,010529920,1,9,0,13,13,3,7,0,0,8,0,0,0,0,0,1,6,6,1,29,6,1987,8,1,TOYOTA COROLLA,6,E01003711,0,2
2024070873165,2024,070873165,1,9,0,-1,19,1,4,-1,0,4,0,0,0,0,1,1,-1,6,2,30,6,1398,1,23,TOYOTA COROLLA,2,E01005274,0,3
2024471406000,2024,471406000,2,9,0,-1,2,0,0,-1,0,0,0,4,1,10,3,1,-1,6,-1,-1,-1,1598,1,18,TOYOTA COROLLA,-1,-1,0,-1
2024351485475,2024,351485475,2,9,0,-1,19,7,3,-1,0,0,0,0,0,0,2,1,-1,6,1,26,6,1798,8,1,TOYOTA COROLLA,6,E01034561,0,3
2024010530728,2024,010530728,1,9,0,18,19,3,7,0,0,8,0,0,0,0,1,1,6,6,1,32,6,1798,8,3,TOYOTA COROLLA,4,E01002233,0,1
2024010540976,2024,010540976,3,9,0,2,2,0,0,0,0,1,0,0,0,0,1,1,6,6,3,-1,-1,1798,8,5,TOYOTA COROLLA,-1,-1,0,-1
2024041536698,2024,041536698,1,9,0,-1,9,3,7,-1,0,8,0,0,0,0,4,1,-1,1,1,55,8,1598,1,19,TOYOTA COROLLA,1,E01012672,0,4