collision_index,collision_year,collision_ref_no,vehicle_reference,vehicle_type,towing_and_articulation,vehicle_manoeuvre_historic,vehicle_manoeuvre,vehicle_direction_from,vehicle_direction_to,vehicle_location_restricted_lane_historic,vehicle_location_restricted_lane,junction_location,skidding_and_overturning,hit_object_in_carriageway,vehicle_leaving_carriageway,hit_object_off_carriageway,first_point_of_impact,vehicle_left_hand_drive,journey_purpose_of_driver_historic,journey_purpose_of_driver,sex_of_driver,age_of_driver,age_band_of_driver,engine_capacity_cc,propulsion_code,age_of_vehicle,generic_make_model,driver_imd_decile,lsoa_of_driver,escooter_flag,driver_distance_banding
2024522401334,2024,522401334,2,9,0,18,19,2,6,0,0,8,0,0,0,0,1,1,6,6,1,50,8,1798,8,2,TOYOTA COROLLA,1,E01014658,0,1
2024411530782,2024,411530782,3,9,0,-1,19,4,8,-1,0,1,0,0,0,0,0,1,-1,1,1,30,6,1987,8,1,TOYOTA COROLLA,-1,-1,0,-1
2024451503385,2024,451503385,1,9,0,-1,19,5,1,-1,0,0,0,0,0,0,3,1,-1,2,1,59,9,1798,8,4,TOYOTA COROLLA,6,E01002656,0,2
2024101524765,2024,101524765,1,9,0,-1,19,1,5,-1,0,2,0,11,0,0,1,1,-1,9,1,64,9,1598,1,21,TOYOTA COROLLA,8,E01008370,0,1
2024061523587,2024,061523587,1,9,0,-1,19,6,3,-1,0,8,0,0,0,0,1,2,-1,8,2,22,5,1798,8,2,TOYOTA COROLLA,1,E01005484,0,1
2024211403554,2024,211403554,1,9,0,-1,19,7,3,-1,0,0,0,0,0,0,1,9,-1,9,1,45,7,1798,8,3,TOYOTA COROLLA,-1,-1,0,-1
2024440393772,2024,440393772,2,8,0,9,9,3,1,0,0,8,0,0,0,0,1,1,1,1,1,69,10,1798,8,3,TOYOTA COROLLA,2,E01022833,0,1
2024201512265,2024,201512265,1,9,0,-1,11,4,8,-1,0,0,0,7,0,0,1,9,-1,9,1,65,9,1794,1,17,TOYOTA COROLLA,1,E01009141,0,2
2024471402872,2024,471402872,3,9,0,-1,2,0,0,-1,0,2,0,0,0,0,3,1,-1,6,-1,-1,-1,1598,1,18,TOYOTA COROLLA,-1,-1,0,-1
2024131431895,2024,131431895,1,9,0,-1,4,3,7,-1,0,1,0,0,0,0,2,2,-1,6,1,73,10,1598,1,18,TOYOTA COROLLA,1,E01011032,0,1
2024010518572,2024,010518572,2,9,0,18,19,1,5,0,0,4,0,0,0,0,3,1,6,6,3,-1,-1,1794,1,16,TOYOTA COROLLA,-1,-1,0,-1
2024411536134,2024,411536134,1,9,0,-1,19,1,5,-1,0,2,0,0,0,0,3,1,-1,6,1,45,7,1798,8,4,TOYOTA COROLLA,10,E01023459,0,1
2024061407834,2024,061407834,1,9,0,-1,19,5,1,-1,0,8,0,0,0,0,1,1,-1,8,1,25,5,1798,8,2,TOYOTA COROLLA,-1,-1,0,-1
2024122401194,2024,122401194,2,9,0,4,4,1,5,0,0,0,0,0,0,0,2,1,2,2,1,70,10,1798,8,1,TOYOTA COROLLA,9,E01012770,0,4
2024010507857,2024,010507857,2,9,0,18,19,1,5,0,0,8,0,0,0,0,1,1,6,6,2,28,6,1987,8,1,TOYOTA COROLLA,4,E01000922,0,1
2024061461973,2024,061461973,2,8,0,-1,19,2,5,-1,0,2,0,0,0,0,3,1,-1,9,1,50,8,1798,8,5,TOYOTA COROLLA,1,E01005085,0,1
2024471486730,2024,471486730,1,9,0,-1,9,2,6,-1,0,0,0,0,0,0,1,1,-1,2,1,27,6,1798,8,1,TOYOTA COROLLA,4,E01031608,0,2
2024010521211,2024,010521211,2,9,0,4,4,3,7,0,0,1,0,0,0,0,1,1,1,1,1,29,6,1987,8,1,TOYOTA COROLLA,3,E01001830,0,1
2024061498312,2024,061498312,3,9,0,-1,19,5,2,-1,0,8,0,0,0,0,0,1,-1,1,1,29,6,1798,8,1,TOYOTA COROLLA,1,E01034113,0,3
2024320114711,2024,320114711,1,9,0,4,4,6,2,0,0,0,0,0,0,0,1,1,-1,-1,2,22,5,1398,1,18,TOYOTA COROLLA,8,E01026372,0,1
2024131477769,2024,131477769,3,9,0,-1,4,5,6,-1,0,0,0,0,0,0,1,1,-1,9,1,49,8,1798,8,3,TOYOTA COROLLA,1,E01011626,0,1
2024010539813,2024,010539813,2,9,0,18,19,8,4,0,0,1,0,0,0,0,2,1,1,1,1,34,6,1987,8,1,TOYOTA COROLLA,7,E01003199,0,1
2024440046964,2024,440046964,1,9,0,5,5,3,7,0,0,1,0,0,0,0,1,1,6,6,1,80,11,1598,1,20,TOYOTA COROLLA,5,E01023258,0,1
2024131525056,2024,131525056,1,9,0,-1,2,1,1,-1,0,8,0,0,0,0,1,1,-1,1,1,46,8,1798,8,5,TOYOTA COROLLA,3,E01011322,0,1
2024201468440,2024,201468440,1,9,0,-1,19,8,4,-1,0,0,0,0,0,0,4,1,-1,1,1,25,5,1798,8,2,TOYOTA COROLLA,2,E01009006,0,1
2024010501354,2024,010501354,1,9,0,18,19,1,5,0,0,1,0,0,0,0,1,2,1,1,1,28,6,1987,8,4,TOYOTA COROLLA,3,E01001830,0,1
2024141521760,2024,141521760,1,9,0,-1,19,5,1,-1,0,1,0,0,0,0,1,1,-1,7,2,60,9,1598,1,19,TOYOTA COROLLA,1,E01007947,0,2
2024501534551,2024,501534551,2,9,0,-1,10,1,5,-1,0,1,0,0,0,0,2,1,-1,9,2,40,7,1398,1,18,TOYOTA COROLLA,3,E01015167,0,4
2024610038224,2024,610038224,1,8,0,8,8,7,2,0,0,1,0,0,0,0,2,1,6,6,1,47,8,1798,8,4,TOYOTA COROLLA,4,W01001645,0,1
2024061478003,2024,061478003,2,9,0,-1,19,1,6,-1,0,0,0,0,0,0,0,1,-1,1,1,28,6,1798,8,2,TOYOTA COROLLA,1,E01034113,0,2
2024471477909,2024,471477909,1,9,0,-1,3,7,3,-1,0,0,0,0,0,0,2,1,-1,2,1,23,5,1598,1,22,TOYOTA COROLLA,4,E01030400,0,4
2024311433244,2024,311433244,2,9,0,-1,3,4,8,-1,0,0,0,0,0,0,2,1,-1,2,1,51,8,1798,8,4,TOYOTA COROLLA,3,E01013944,0,1
2024361463197,2024,361463197,2,9,0,-1,9,2,6,-1,0,6,0,0,0,0,1,1,-1,9,1,77,11,1798,8,1,TOYOTA COROLLA,5,E01026481,0,4
2024131483082,2024,131483082,1,9,0,-1,19,3,5,-1,0,1,0,0,0,0,2,1,-1,6,3,-1,-1,1598,1,15,TOYOTA COROLLA,-1,-1,0,-1
2024320113440,2024,320113440,1,9,0,9,9,6,2,0,0,8,0,0,0,0,1,1,6,6,1,42,7,2231,2,17,TOYOTA COROLLA,6,E01026265,0,1
2024201489348,2024,201489348,2,9,0,-1,4,3,7,-1,0,1,0,0,0,0,1,1,-1,6,1,33,6,1798,8,4,TOYOTA COROLLA,1,E01010530,0,1
2024010507951,2024,010507951,1,9,0,99,99,9,9,99,99,5,9,99,9,99,3,9,6,6,3,46,8,1794,1,19,TOYOTA COROLLA,3,E01003583,0,2
2024101511204,2024,101511204,2,8,0,-1,2,0,0,-1,0,0,-1,-1,-1,0,-1,9,-1,6,3,-1,-1,1798,8,5,TOYOTA COROLLA,-1,-1,0,-1
2024141416346,2024,141416346,1,9,0,-1,9,3,8,-1,0,1,0,0,0,0,3,1,-1,1,1,39,7,1798,8,1,TOYOTA COROLLA,1,E01007875,0,1
2024471466847,2024,471466847,1,9,0,-1,1,4,8,-1,0,1,0,0,0,0,2,1,-1,1,1,44,7,1798,8,4,TOYOTA COROLLA,8,E01020954,0,1
2024471506240,2024,471506240,1,9,0,-1,7,5,6,-1,0,6,1,7,4,6,2,1,-1,1,2,50,8,1798,8,3,TOYOTA COROLLA,5,E01031810,0,1
2024351501619,2024,351501619,2,9,0,-1,13,5,8,-1,0,0,0,0,0,0,4,1,-1,1,1,52,8,1798,8,5,TOYOTA COROLLA,5,E01021869,0,4
2024141532209,2024,141532209,1,9,0,-1,13,6,1,-1,0,0,1,0,1,0,1,1,-1,2,1,32,6,1987,8,2,TOYOTA COROLLA,10,E01007617,0,2
2024522401178,2024,522401178,2,9,0,18,19,7,3,0,0,8,0,0,0,0,3,1,6,6,2,38,7,1798,8,1,TOYOTA COROLLA,8,E01014867,0,1
2024141465055,2024,141465055,1,9,0,-1,9,6,4,-1,0,2,0,0,0,0,3,1,-1,1,1,61,9,1798,8,1,TOYOTA COROLLA,1,E01008116,0,2
2024631478570,2024,631478570,1,9,0,-1,9,2,1,-1,0,5,0,0,7,2,4,1,-1,9,1,19,4,1798,8,3,TOYOTA COROLLA,6,E01014614,0,5
2024141525593,2024,141525593,2,9,0,-1,2,0,0,-1,9,0,0,0,0,0,1,1,-1,6,-1,-1,-1,1598,1,17,TOYOTA COROLLA,-1,-1,0,-1
2024141441511,2024,141441511,1,9,0,-1,19,8,4,-1,0,2,0,0,0,0,2,1,-1,9,1,43,7,1398,1,18,TOYOTA COROLLA,7,E01007596,0,1
2024302401426,2024,302401426,1,9,0,18,19,4,8,0,0,0,0,0,0,0,3,1,6,6,1,45,7,1987,8,0,TOYOTA COROLLA,8,E01013489,0,1
2024041559504,2024,041559504,2,9,0,-1,19,5,1,-1,0,0,1,0,0,0,4,1,-1,2,2,41,7,1798,8,3,TOYOTA COROLLA,6,E01024957,0,1
2024101427832,2024,101427832,1,9,0,-1,19,4,8,-1,0,0,0,0,0,0,1,1,-1,6,1,23,5,1798,8,5,TOYOTA COROLLA,5,E01008635,0,1
2024010544538,2024,010544538,3,9,0,4,4,5,1,0,0,0,1,0,0,0,1,1,6,6,2,23,5,1987,8,1,TOYOTA COROLLA,5,E01033917,0,1
2024340WN2782,2024,340WN2782,1,9,0,-1,19,5,1,-1,0,1,0,0,0,0,1,1,-1,9,1,39,7,1598,1,20,TOYOTA COROLLA,4,E01027238,0,2
2024052401055,2024,052401055,2,8,0,18,19,4,8,0,0,8,0,0,0,0,1,1,2,2,1,33,6,1798,8,2,TOYOTA COROLLA,1,E01006483,0,1
2024501444385,2024,501444385,2,9,0,-1,2,-1,-1,-1,0,1,0,0,0,0,2,9,-1,1,1,63,9,1798,8,4,TOYOTA COROLLA,1,E01015196,0,2
2024061537656,2024,061537656,1,9,0,-1,19,8,4,-1,0,8,5,0,0,0,2,1,-1,9,1,57,9,2231,2,17,TOYOTA COROLLA,8,E01004935,0,1
2024061530440,2024,061530440,2,9,0,-1,19,3,7,-1,0,0,0,0,0,0,1,1,-1,8,1,23,5,1798,8,2,TOYOTA COROLLA,-1,-1,0,-1
202417M207924,2024,17M207924,1,8,0,-1,13,6,2,-1,0,0,0,0,0,0,1,1,-1,1,1,64,9,1798,8,5,TOYOTA COROLLA,-1,-1,0,-1
2024351395900,2024,351395900,1,9,0,-1,9,3,1,-1,0,6,0,0,0,0,3,9,-1,6,1,64,9,1987,8,1,TOYOTA COROLLA,1,E01015603,0,1
2024010538997,2024,010538997,4,9,0,18,19,7,3,0,0,2,0,0,0,0,0,1,6,6,3,34,6,1987,8,1,TOYOTA COROLLA,-1,-1,0,-1
2024361535979,2024,361535979,1,9,0,-1,99,-1,-1,-1,99,9,9,99,0,0,1,1,-1,6,1,55,8,1798,8,3,TOYOTA COROLLA,10,E01026521,0,2
2024351405138,2024,351405138,1,9,0,-1,13,7,3,-1,0,8,0,0,0,0,1,9,-1,1,1,51,8,1398,1,19,TOYOTA COROLLA,7,E01018168,0,1
2024320503132,2024,320503132,2,9,0,-1,-1,5,1,0,0,3,0,0,0,0,1,1,-1,-1,1,72,10,1798,8,3,TOYOTA COROLLA,-1,-1,0,-1
2024061479241,2024,061479241,1,9,0,-1,7,4,6,-1,0,2,0,0,0,0,1,9,-1,1,1,60,9,1798,8,1,TOYOTA COROLLA,1,E01032912,0,2
2024061480307,2024,061480307,1,9,0,-1,5,5,1,-1,0,1,0,0,0,0,3,1,-1,1,1,41,7,1798,8,2,TOYOTA COROLLA,2,E01006380,0,2
2024141507881,2024,141507881,1,9,0,-1,19,1,5,-1,0,0,0,0,1,7,1,1,-1,2,1,35,6,1598,1,17,TOYOTA COROLLA,1,E01004823,0,4
2024552401071,2024,552401071,2,8,0,18,19,5,1,0,0,8,0,0,0,0,1,1,1,1,1,39,7,1798,8,1,TOYOTA COROLLA,4,E01015328,0,1
2024131414212,2024,131414212,1,9,0,-1,2,5,1,-1,0,0,0,0,0,0,4,1,-1,6,3,-1,-1,1798,8,2,TOYOTA COROLLA,-1,-1,0,-1
2024010542696,2024,010542696,2,9,0,99,99,9,9,99,99,6,9,99,9,99,2,9,6,6,3,-1,-1,1798,8,1,TOYOTA COROLLA,3,E01021092,0,4
2024340NN3972,2024,340NN3972,2,9,0,-1,2,0,0,-1,0,1,0,0,1,0,4,1,-1,6,1,49,8,1798,8,3,TOYOTA COROLLA,6,E01027078,0,3
2024010544406,2024,010544406,1,9,0,99,99,9,9,99,99,9,9,99,9,99,9,9,6,6,3,-1,-1,1798,8,5,TOYOTA COROLLA,-1,-1,0,-1
2024010548529,2024,010548529,2,9,0,18,19,5,1,0,0,1,0,0,0,0,1,1,1,1,1,58,9,1798,8,5,TOYOTA COROLLA,3,E01003151,0,3
2024552401098,2024,552401098,2,8,0,3,3,8,4,0,0,0,0,0,0,0,2,1,1,1,1,25,5,1987,8,2,TOYOTA COROLLA,4,E01015345,0,2
2024131419043,2024,131419043,1,9,0,-1,9,5,3,-1,0,0,0,0,0,0,1,1,-1,1,1,34,6,1798,8,5,TOYOTA COROLLA,1,E01010964,0,1
2024320209513,2024,320209513,1,9,0,7,7,6,8,0,0,6,0,0,0,0,1,1,6,6,1,74,10,1798,8,2,TOYOTA COROLLA,7,E01026193,0,2
2024522401118,2024,522401118,2,9,0,4,4,8,4,0,0,1,0,0,0,0,2,1,6,6,2,70,10,1332,1,26,TOYOTA COROLLA,5,E01014532,0,1
2024010504493,2024,010504493,1,9,0,9,9,3,2,0,0,6,0,0,0,0,3,1,6,6,1,50,8,1798,8,5,TOYOTA COROLLA,3,E01004567,0,1
2024201459027,2024,201459027,2,8,0,-1,19,2,6,-1,0,6,0,0,0,0,2,9,-1,1,1,30,6,1987,8,2,TOYOTA COROLLA,-1,-1,0,-1
2024122400261,2024,122400261,1,9,0,5,5,5,1,0,0,4,0,0,0,0,3,1,6,6,1,74,10,1598,1,19,TOYOTA COROLLA,9,E01010589,0,3
2024010519854,2024,010519854,1,9,0,18,19,3,7,4,4,0,0,10,1,7,4,1,6,6,1,27,6,1598,1,20,TOYOTA COROLLA,8,E01002209,0,3
2024010547677,2024,010547677,1,9,0,18,19,1,5,0,0,2,0,0,0,0,4,1,3,7,1,49,8,1798,8,0,TOYOTA COROLLA,7,E01000818,0,1
2024070621419,2024,070621419,1,9,0,16,19,8,4,0,0,1,1,0,0,0,1,1,1,1,1,31,6,1798,8,0,TOYOTA COROLLA,2,E01006032,0,4
2024010501856,2024,010501856,3,9,0,3,3,2,6,0,0,0,0,0,0,0,2,1,6,6,1,42,7,1598,1,18,TOYOTA COROLLA,3,E01016037,0,4
2024522403267,2024,522403267,2,9,0,18,19,7,3,0,0,0,0,0,0,0,1,1,6,6,3,-1,-1,1398,1,20,TOYOTA COROLLA,-1,-1,0,-1
2024221464195,2024,221464195,1,9,0,-1,19,4,8,-1,0,0,1,0,0,0,3,1,-1,1,1,39,7,1798,8,0,TOYOTA COROLLA,3,E01014010,0,3
2024161497590,2024,161497590,1,8,9,-1,19,-1,-1,-1,0,0,9,99,9,0,9,9,-1,1,1,-1,-1,1798,8,2,TOYOTA COROLLA,-1,-1,0,-1
2024010536762,2024,010536762,1,9,0,5,5,7,3,0,0,0,0,0,0,0,1,1,6,6,1,24,5,1797,8,11,TOYOTA PRIUS,1,E01009379,0,5
2024061462882,2024,061462882,2,9,0,-1,3,3,7,-1,0,0,0,0,0,0,2,1,-1,9,1,37,7,1798,8,4,TOYOTA PRIUS,2,E01005392,0,3
2024311504064,2024,311504064,1,9,0,-1,5,7,3,-1,0,1,0,0,0,0,0,1,-1,6,1,50,8,1798,8,9,TOYOTA PRIUS,-1,-1,0,-1
2024461469224,2024,461469224,1,9,0,-1,19,2,5,-1,0,1,0,0,0,0,1,1,-1,1,2,51,8,1798,8,9,TOYOTA PRIUS,5,E01035272,0,4
2024401495798,2024,401495798,2,9,0,-1,19,5,1,-1,0,8,1,0,0,0,1,1,-1,1,1,52,8,1798,8,6,TOYOTA PRIUS,2,E01015727,0,1
2024041405834,2024,041405834,2,9,0,-1,8,3,7,-1,0,2,0,0,0,0,2,1,-1,9,1,39,7,1798,8,11,TOYOTA PRIUS,4,E01025113,0,1
2024401424818,2024,401424818,2,9,0,-1,5,7,3,-1,0,0,0,0,4,0,2,1,-1,1,1,52,8,1797,8,15,TOYOTA PRIUS,1,E01015771,0,1
2024201494626,2024,201494626,1,9,0,-1,6,1,5,-1,0,6,1,4,0,0,3,1,-1,1,1,29,6,1797,8,7,TOYOTA PRIUS,1,E01010269,0,3
2024010526227,2024,010526227,1,9,0,9,9,3,8,0,0,8,0,0,0,0,1,1,6,6,1,40,7,1798,8,11,TOYOTA PRIUS,8,E01002979,0,2
2024041425514,2024,041425514,1,9,0,-1,19,1,5,-1,0,0,0,0,0,0,1,1,-1,9,1,46,8,1797,8,14,TOYOTA PRIUS,1,E01025184,0,2
2024302400699,2024,302400699,1,9,0,18,19,3,7,0,0,1,0,0,0,0,1,1,6,6,1,47,8,1790,8,11,TOYOTA PRIUS,2,E01013565,0,1
2024461477939,2024,461477939,1,9,0,-1,11,1,5,-1,0,0,5,0,2,0,4,1,-1,6,2,80,11,1797,8,14,TOYOTA PRIUS,9,E01031412,0,4
2024141516027,2024,141516027,4,9,0,-1,2,0,0,-1,0,0,0,0,0,0,4,1,-1,6,-1,-1,-1,1797,8,10,TOYOTA PRIUS,-1,-1,0,-1
2024061531814,2024,061531814,2,9,0,-1,-1,-1,-1,-1,-1,0,-1,-1,-1,0,-1,1,-1,1,3,-1,-1,1797,8,5,TOYOTA PRIUS,-1,-1,0,-1
2024010504335,2024,010504335,2,9,0,99,99,9,9,99,99,6,9,99,9,99,9,9,6,6,3,-1,-1,1797,8,14,TOYOTA PRIUS,-1,-1,0,-1
2024161426334,2024,161426334,1,8,0,-1,19,5,7,-1,0,8,1,0,1,7,1,1,-1,1,1,65,9,1797,8,9,TOYOTA PRIUS,-1,-1,0,-1
2024010521403,2024,010521403,2,9,0,3,3,9,9,99,99,0,9,99,9,99,9,9,1,1,1,48,8,1798,8,7,TOYOTA PRIUS,2,E01000484,0,3
2024211481199,2024,211481199,2,8,0,-1,19,7,3,-1,0,0,0,0,0,0,1,1,-1,9,1,47,8,1797,8,8,TOYOTA PRIUS,1,E01014305,0,1
2024461523861,2024,461523861,1,8,0,-1,1,2,6,-1,0,0,0,0,0,0,2,1,-1,1,1,41,7,1797,8,7,TOYOTA PRIUS,6,E01024836,0,1
2024311520353,2024,311520353,2,9,0,-1,19,2,7,-1,0,8,0,0,0,0,1,1,-1,1,1,44,7,1797,8,6,TOYOTA PRIUS,-1,-1,0,-1
2024010509170,2024,010509170,1,9,9,18,19,9,9,99,99,9,9,99,9,99,9,9,6,6,3,43,7,1797,8,14,TOYOTA PRIUS,6,E01000299,0,1
2024201474241,2024,201474241,1,9,-1,-1,-1,-1,-1,-1,-1,-1,-1,-1,-1,0,-1,9,-1,1,1,-1,-1,1797,8,8,TOYOTA PRIUS,1,E01009303,0,2
2024061442456,2024,061442456,2,8,0,-1,19,1,5,-1,0,1,0,0,0,0,4,1,-1,7,1,39,7,1800,8,8,TOYOTA PRIUS,1,E01005201,0,1
2024010521626,2024,010521626,1,9,0,9,9,4,2,0,0,1,0,0,1,0,1,1,1,1,1,43,7,1798,8,9,TOYOTA PRIUS,8,E01003421,0,3
2024430343980,2024,430343980,1,8,0,6,6,3,2,0,0,0,0,0,0,0,1,1,1,1,1,32,6,1798,8,2,TOYOTA PRIUS,-1,-1,0,-1
2024010532667,2024,010532667,3,9,0,99,99,9,9,99,99,9,9,99,9,99,2,9,6,6,3,-1,-1,1797,8,7,TOYOTA PRIUS,2,E01004249,0,2
2024430092510,2024,430092510,2,8,0,2,2,0,0,0,0,0,0,0,0,0,2,1,1,1,1,41,7,1798,8,2,TOYOTA PRIUS,6,E01028528,0,1
2024041487717,2024,041487717,1,9,0,-1,9,7,5,-1,0,8,0,0,0,0,1,1,-1,1,1,25,5,1798,8,6,TOYOTA PRIUS,1,E01025217,0,4
2024041421493,2024,041421493,2,9,0,-1,19,3,6,-1,0,8,0,0,0,0,4,1,-1,6,1,46,8,1497,8,16,TOYOTA PRIUS,1,E01012577,0,1
2024421404122,2024,421404122,1,9,0,-1,9,2,4,-1,0,6,0,0,0,0,4,9,-1,6,1,-1,-1,1497,8,18,TOYOTA PRIUS,-1,-1,0,-1
2024451467655,2024,451467655,1,9,0,-1,19,5,1,-1,0,2,0,0,0,0,3,1,-1,1,1,30,6,1798,8,4,TOYOTA PRIUS,5,E01030484,0,1
2024451467577,2024,451467577,3,9,0,-1,3,7,3,-1,0,0,0,0,0,0,3,1,-1,1,1,54,8,1798,8,7,TOYOTA PRIUS,5,E01004631,0,3
2024221492106,2024,221492106,1,9,0,-1,9,7,5,-1,0,6,0,0,0,0,0,9,-1,9,1,32,6,1797,8,7,TOYOTA PRIUS,3,E01022286,0,4
2024430627932,2024,430627932,2,8,0,1,1,-1,-1,9,9,0,-1,0,0,0,2,1,6,6,1,-1,-1,1797,8,7,TOYOTA PRIUS,-1,-1,0,-1
2024010507136,2024,010507136,3,9,0,99,99,9,9,99,99,0,9,99,9,99,2,9,6,6,3,-1,-1,1798,8,11,TOYOTA PRIUS,-1,-1,0,-1
2024501407150,2024,501407150,2,9,0,-1,10,5,3,-1,0,0,0,0,0,0,2,1,-1,6,1,32,6,1798,8,6,TOYOTA PRIUS,4,E01020000,0,4
2024471478577,2024,471478577,1,9,0,-1,19,3,7,-1,0,8,0,0,0,0,1,1,-1,9,1,43,7,1797,8,12,TOYOTA PRIUS,2,E01004241,0,4
2024010540051,2024,010540051,2,8,0,99,99,9,9,99,99,9,9,99,9,99,9,9,6,6,3,53,8,1798,8,4,TOYOTA PRIUS,6,E01003737,0,1
2024010535596,2024,010535596,2,9,0,99,99,9,9,0,0,0,0,0,0,0,4,9,6,6,3,-1,-1,1797,8,6,TOYOTA PRIUS,-1,-1,0,-1
2024201453801,2024,201453801,1,9,0,-1,6,3,3,-1,0,8,0,7,7,0,3,9,-1,9,1,42,7,1797,8,12,TOYOTA PRIUS,1,E01009492,0,1
2024041511964,2024,041511964,1,9,0,-1,9,4,2,-1,0,6,0,0,0,0,3,1,-1,1,1,66,10,1798,8,7,TOYOTA PRIUS,1,E01025229,0,3
2024010528604,2024,010528604,2,9,0,18,19,3,7,0,0,2,0,0,0,0,1,1,6,6,1,46,8,1798,8,8,TOYOTA PRIUS,1,E01013620,0,5
2024010499239,2024,010499239,1,9,0,4,4,1,5,0,0,6,0,0,0,0,1,1,3,7,2,44,7,1797,8,14,TOYOTA PRIUS,2,E01003591,0,1
2024010529965,2024,010529965,1,9,0,18,19,1,5,0,0,0,0,0,0,0,1,1,1,1,1,41,7,1798,8,8,TOYOTA PRIUS,2,E01001427,0,2
2024010547317,2024,010547317,2,9,0,99,99,9,9,99,99,9,9,99,9,99,9,9,6,6,3,-1,-1,1798,8,5,TOYOTA PRIUS,-1,-1,0,-1
2024401422845,2024,401422845,2,9,0,-1,19,4,1,-1,0,8,0,0,0,0,4,1,-1,6,1,46,8,1798,8,8,TOYOTA PRIUS,8,E01015693,0,1
2024131506582,2024,131506582,2,9,0,-1,19,1,5,-1,0,8,0,0,0,0,4,1,-1,7,1,34,6,1798,8,4,TOYOTA PRIUS,5,E01011678,0,1
2024010550605,2024,010550605,1,9,0,18,19,5,1,0,0,1,0,0,1,4,3,1,6,6,1,23,5,1797,8,9,TOYOTA PRIUS,2,E01000126,0,1
2024010540471,2024,010540471,1,8,0,99,99,9,9,99,99,5,9,99,9,99,1,9,1,1,1,59,9,1797,8,5,TOYOTA PRIUS,8,E01024416,0,4
2024010551147,2024,010551147,1,9,0,9,9,7,6,0,0,2,0,0,7,2,1,1,1,1,1,52,8,1798,8,9,TOYOTA PRIUS,-1,-1,0,-1
2024461413825,2024,461413825,1,8,0,-1,19,7,3,-1,0,0,0,0,0,0,1,9,-1,9,1,43,7,1797,8,8,TOYOTA PRIUS,2,E01003961,0,4
2024131519377,2024,131519377,2,9,0,-1,-1,-1,-1,-1,-1,0,-1,-1,-1,-1,2,1,-1,6,3,-1,-1,1797,8,14,TOYOTA PRIUS,-1,-1,0,-1
2024010507691,2024,010507691,1,9,0,18,19,3,7,0,0,8,0,0,0,0,1,1,1,1,1,51,8,1798,8,11,TOYOTA PRIUS,6,E01035704,0,2
2024411405176,2024,411405176,1,9,-1,-1,-1,-1,-1,-1,-1,0,-1,-1,-1,0,-1,9,-1,6,1,58,9,1798,8,10,TOYOTA PRIUS,6,E01002111,0,4
2024421425699,2024,421425699,1,8,0,-1,4,1,5,-1,0,0,0,0,0,0,1,1,-1,1,1,59,9,1798,8,7,TOYOTA PRIUS,3,E01001394,0,3
2024010523812,2024,010523812,1,9,0,9,9,7,4,0,0,8,0,0,0,0,1,1,1,1,1,39,7,1798,8,9,TOYOTA PRIUS,4,E01034224,0,3
2024010521749,2024,010521749,1,9,0,4,4,7,3,0,0,1,0,0,0,0,2,1,1,1,1,45,7,1798,8,9,TOYOTA PRIUS,-1,-1,0,-1
2024010508962,2024,010508962,2,9,0,99,99,9,9,99,99,9,9,99,9,99,1,9,6,6,3,-1,-1,1798,8,10,TOYOTA PRIUS,-1,-1,0,-1
2024061499060,2024,061499060,2,9,0,-1,9,-1,-1,-1,0,9,0,0,0,0,3,1,-1,6,1,-1,-1,1797,8,10,TOYOTA PRIUS,-1,-1,0,-1
2024061474075,2024,061474075,2,9,0,-1,4,-1,-1,-1,0,9,0,0,0,0,2,1,-1,1,1,39,7,1798,8,11,TOYOTA PRIUS,3,E01005761,0,1
2024041396924,2024,041396924,1,9,0,-1,19,5,1,-1,0,0,0,0,0,0,1,1,-1,7,2,38,7,1797,8,14,TOYOTA PRIUS,4,E01012729,0,1
2024201429129,2024,201429129,2,8,0,-1,14,6,2,-1,0,8,0,0,0,0,2,1,-1,1,1,62,9,1797,8,9,TOYOTA PRIUS,1,E01010532,0,2
2024061447900,2024,061447900,1,9,0,-1,19,5,1,-1,0,1,0,0,0,0,1,1,-1,9,1,30,6,1497,8,17,TOYOTA PRIUS,1,E01004857,0,1
2024411445033,2024,411445033,2,9,0,-1,19,4,8,-1,0,1,0,0,0,0,1,1,-1,6,1,57,9,1497,8,17,TOYOTA PRIUS,10,E01023553,0,1
2024401432972,2024,401432972,3,9,0,-1,2,0,0,-1,0,0,0,0,0,0,2,1,-1,6,-1,-1,-1,1798,8,12,TOYOTA PRIUS,-1,-1,0,-1
2024340WN5122,2024,340WN5122,1,9,0,-1,9,3,1,-1,0,6,0,0,0,0,1,1,-1,2,2,19,4,1797,8,13,TOYOTA PRIUS,3,E01027228,0,1
2024010504043,2024,010504043,2,9,0,99,99,9,9,99,99,9,9,99,9,99,1,9,6,6,3,-1,-1,1797,8,5,TOYOTA PRIUS,-1,-1,0,-1
2024010519185,2024,010519185,2,8,0,18,19,7,3,0,0,1,0,0,0,0,1,1,1,1,2,40,7,1798,8,5,TOYOTA PRIUS,5,E01002369,0,2
2024471420842,2024,471420842,1,8,0,-1,5,3,7,-1,-1,2,0,0,0,0,1,1,-1,9,1,28,6,1790,8,8,TOYOTA PRIUS,7,E01016851,0,1
2024201434638,2024,201434638,2,9,0,-1,3,2,6,-1,0,1,0,0,0,0,2,1,-1,9,1,47,8,1497,8,16,TOYOTA PRIUS,2,E01009741,0,1