collision_index,collision_year,collision_ref_no,vehicle_reference,vehicle_type,towing_and_articulation,vehicle_manoeuvre_historic,vehicle_manoeuvre,vehicle_direction_from,vehicle_direction_to,vehicle_location_restricted_lane_historic,vehicle_location_restricted_lane,junction_location,skidding_and_overturning,hit_object_in_carriageway,vehicle_leaving_carriageway,hit_object_off_carriageway,first_point_of_impact,vehicle_left_hand_drive,journey_purpose_of_driver_historic,journey_purpose_of_driver,sex_of_driver,age_of_driver,age_band_of_driver,engine_capacity_cc,propulsion_code,age_of_vehicle,generic_make_model,driver_imd_decile,lsoa_of_driver,escooter_flag,driver_distance_banding
2024010518514,2024,010518514,2,8,0,4,4,5,1,0,0,3,0,0,0,0,4,1,1,1,1,65,9,1797,8,10,TOYOTA PRIUS,6,E01000582,0,1
2024010507359,2024,010507359,2,9,0,13,13,8,4,0,0,1,0,0,0,0,4,1,1,1,1,52,8,1798,8,6,TOYOTA PRIUS,6,E01000264,0,4
2024061487389,2024,061487389,2,8,0,-1,19,5,1,-1,0,8,0,0,0,0,4,1,-1,1,1,40,7,1798,8,7,TOYOTA PRIUS,1,E01005065,0,1
2024010502435,2024,010502435,1,9,0,99,99,9,9,99,99,9,9,99,9,99,1,9,6,6,3,36,7,1797,8,9,TOYOTA PRIUS,5,E01024254,0,5
2024010536952,2024,010536952,2,9,9,99,99,9,9,99,99,9,9,99,9,99,9,9,6,6,3,-1,-1,1497,8,19,TOYOTA PRIUS,-1,-1,0,-1
2024041478272,2024,041478272,1,9,0,-1,9,5,1,-1,0,5,0,0,0,0,1,1,-1,6,1,49,8,1497,8,16,TOYOTA PRIUS,1,E01012596,0,1
2024101532827,2024,101532827,1,9,0,-1,19,8,4,-1,0,8,0,0,0,0,1,9,-1,6,1,-1,-1,1497,8,16,TOYOTA PRIUS,-1,-1,0,-1
2024451427980,2024,451427980,2,9,0,-1,15,5,1,-1,0,0,0,0,0,0,0,9,-1,6,1,34,6,1797,8,10,TOYOTA PRIUS,5,E01034036,0,4
2024010537590,2024,010537590,2,9,0,99,99,9,9,99,99,5,9,99,9,99,1,9,6,6,3,-1,-1,1798,8,8,TOYOTA PRIUS,5,E01001259,0,2
2024010529062,2024,010529062,2,8,0,99,99,9,9,99,99,0,9,99,9,99,1,9,6,6,3,-1,-1,1797,8,10,TOYOTA PRIUS,4,E01000029,0,4
2024311478609,2024,311478609,1,9,0,-1,9,1,6,-1,0,8,0,0,0,0,1,1,-1,1,1,25,5,1797,8,6,TOYOTA PRIUS,-1,-1,0,-1
2024010544355,2024,010544355,2,9,0,99,99,9,9,99,99,9,9,99,9,99,1,9,6,6,3,-1,-1,1798,8,11,TOYOTA PRIUS,-1,-1,0,-1
2024010500029,2024,010500029,2,9,0,3,3,5,1,0,0,0,0,0,0,0,4,1,1,1,1,53,8,1798,8,6,TOYOTA PRIUS,3,E01032743,0,3
2024201455923,2024,201455923,2,9,0,-1,19,2,4,-1,0,0,0,0,0,0,1,1,-1,1,1,38,7,1797,8,7,TOYOTA PRIUS,1,E01009153,0,2
2024141518927,2024,141518927,2,9,0,-1,19,5,1,-1,0,1,0,0,0,0,1,1,-1,1,1,43,7,1797,8,14,TOYOTA PRIUS,1,E01008062,0,3
2024461465680,2024,461465680,1,9,0,-1,4,3,7,-1,0,0,0,0,0,0,1,9,-1,6,2,-1,-1,1797,8,14,TOYOTA PRIUS,3,E01016014,0,2
2024231451903,2024,231451903,1,9,0,-1,5,2,8,-1,0,4,0,0,0,0,1,1,-1,1,1,30,6,1797,8,8,TOYOTA PRIUS,1,E01009612,0,2
2024010508418,2024,010508418,2,9,0,99,99,9,9,99,99,9,9,99,9,99,9,9,6,6,3,-1,-1,1797,8,9,TOYOTA PRIUS,-1,-1,0,-1
2024010536243,2024,010536243,2,9,0,5,5,5,1,0,0,2,0,0,0,0,1,1,6,6,1,24,5,1797,8,11,TOYOTA PRIUS,-1,-1,0,-1
2024010541336,2024,010541336,2,8,0,18,19,1,5,0,0,1,0,0,0,0,2,1,1,1,1,49,8,1797,8,5,TOYOTA PRIUS,7,E01003407,0,3
2024131497537,2024,131497537,4,9,0,-1,2,0,0,-1,0,8,0,0,0,0,2,1,-1,6,-1,-1,-1,1797,8,15,TOYOTA PRIUS,-1,-1,0,-1
2024010490515,2024,010490515,2,9,0,99,99,9,9,99,99,9,9,99,9,99,9,9,6,6,3,-1,-1,1797,8,14,TOYOTA PRIUS,-1,-1,0,-1
2024522401731,2024,522401731,2,9,0,18,19,6,2,0,0,0,5,0,0,0,1,1,6,6,1,51,8,1797,8,7,TOYOTA PRIUS,1,E01014653,0,1
2024010509911,2024,010509911,1,8,0,99,99,9,9,99,99,0,9,99,9,99,2,9,1,1,1,64,9,1798,8,6,TOYOTA PRIUS,3,E01001186,0,1
2024141557545,2024,141557545,2,9,0,-1,5,1,5,-1,0,0,0,0,0,0,1,1,-1,6,3,-1,-1,1798,8,5,TOYOTA PRIUS,-1,-1,0,-1
2024201435152,2024,201435152,1,9,0,-1,8,5,8,-1,0,1,0,10,1,0,2,1,-1,6,1,29,6,1797,8,3,TOYOTA PRIUS,-1,-1,0,-1
2024041525729,2024,041525729,2,9,0,-1,19,1,5,-1,0,8,0,0,0,0,3,1,-1,1,1,52,8,1797,8,6,TOYOTA PRIUS,1,E01012641,0,4
2024010511288,2024,010511288,1,9,0,3,3,5,1,0,0,1,0,0,0,0,3,1,1,1,1,66,10,1797,8,10,TOYOTA PRIUS,2,E01033581,0,3
2024010552308,2024,010552308,1,9,0,5,5,5,1,0,0,0,0,0,0,0,0,1,6,6,3,-1,-1,1797,8,9,TOYOTA PRIUS,-1,-1,0,-1
2024010546981,2024,010546981,1,8,9,99,99,9,9,99,99,9,9,99,9,99,9,9,6,6,1,-1,-1,1797,8,10,TOYOTA PRIUS,-1,-1,0,-1
2024010530310,2024,010530310,3,9,0,18,19,4,8,0,0,2,0,0,0,0,3,1,1,1,1,63,9,1798,8,6,TOYOTA PRIUS,4,E01000518,0,2
2024010503552,2024,010503552,2,9,0,2,2,0,0,0,0,1,0,0,0,0,3,1,6,6,3,-1,-1,1798,8,4,TOYOTA PRIUS,-1,-1,0,-1
2024201519135,2024,201519135,1,8,0,-1,9,8,6,-1,0,5,0,10,1,0,1,1,-1,1,1,48,8,1797,8,6,TOYOTA PRIUS,1,E01009368,0,1
2024211507923,2024,211507923,1,8,0,-1,7,4,6,-1,0,3,0,0,0,0,4,1,-1,2,1,49,8,1797,8,10,TOYOTA PRIUS,1,E01033643,0,4
2024201397639,2024,201397639,2,9,0,-1,3,4,8,-1,0,0,0,0,0,0,1,9,-1,1,1,35,6,1790,8,10,TOYOTA PRIUS,2,E01033630,0,1
2024201438674,2024,201438674,1,8,0,-1,19,3,7,-1,0,0,0,0,0,0,4,1,-1,9,1,-1,-1,1797,8,5,TOYOTA PRIUS,-1,-1,0,-1
2024461487067,2024,461487067,1,8,0,-1,5,3,5,-1,0,0,0,0,0,0,0,9,-1,1,1,37,7,1797,8,5,TOYOTA PRIUS,8,E01035012,0,1
2024010525662,2024,010525662,1,9,0,9,9,1,6,0,0,8,1,0,0,0,3,1,6,6,1,26,6,1797,8,11,TOYOTA PRIUS,-1,-1,0,-1
2024101410967,2024,101410967,1,8,0,-1,7,7,1,-1,0,6,0,0,0,0,3,1,-1,1,1,57,9,1798,8,9,TOYOTA PRIUS,1,E01035619,0,1
2024010493849,2024,010493849,1,8,0,99,99,9,9,99,99,9,9,99,9,99,2,9,1,1,1,42,7,1798,8,8,TOYOTA PRIUS,2,E01004298,0,1
2024010543877,2024,010543877,1,8,0,99,99,9,9,99,99,9,9,99,9,99,1,9,1,1,1,37,7,1798,8,9,TOYOTA PRIUS,4,E01004328,0,3
2024010493923,2024,010493923,1,8,0,18,19,3,7,0,0,1,0,0,0,0,1,1,1,1,1,50,8,1798,8,8,TOYOTA PRIUS,2,E01003432,0,1
2024010542348,2024,010542348,3,9,0,3,3,7,3,0,0,1,0,0,0,0,2,1,1,1,1,61,9,1798,8,8,TOYOTA PRIUS,3,E01002403,0,1
2024061426554,2024,061426554,1,9,0,-1,19,7,3,-1,0,1,0,12,0,0,4,1,-1,6,1,35,6,1797,8,6,TOYOTA PRIUS,3,E01005026,0,2
2024201418077,2024,201418077,1,9,0,-1,19,8,4,-1,0,1,0,0,0,0,1,1,-1,1,1,-1,-1,1797,8,4,TOYOTA PRIUS,-1,-1,0,-1
2024440511980,2024,440511980,2,8,0,7,7,3,5,0,0,4,0,0,0,0,3,1,1,1,3,-1,-1,1797,8,5,TOYOTA PRIUS,-1,-1,0,-1
2024010542286,2024,010542286,2,9,0,99,99,9,9,99,99,9,9,99,9,99,9,9,6,6,3,-1,-1,1497,8,16,TOYOTA PRIUS,-1,-1,0,-1
2024010524998,2024,010524998,6,9,0,2,2,0,0,0,0,0,0,0,0,0,3,1,6,6,3,-1,-1,1497,8,18,TOYOTA PRIUS,-1,-1,0,-1
2024010546902,2024,010546902,1,9,0,9,9,7,5,0,0,8,0,0,0,0,3,1,6,6,1,45,7,1798,8,11,TOYOTA PRIUS,2,E01004244,0,1
2024440326597,2024,440326597,1,8,0,6,6,8,4,0,0,0,0,0,0,0,4,1,1,1,1,43,7,1798,8,6,TOYOTA PRIUS,3,E01017111,0,1
2024010530420,2024,010530420,2,9,0,99,99,9,9,99,99,0,9,99,9,99,2,9,6,6,3,51,8,1798,8,6,TOYOTA PRIUS,3,E01003357,0,1
2024010508657,2024,010508657,2,9,0,99,99,9,9,99,99,9,9,99,9,99,9,9,6,6,3,-1,-1,1797,8,8,TOYOTA PRIUS,-1,-1,0,-1
2024430501623,2024,430501623,2,8,0,18,19,1,0,0,0,4,0,0,0,0,0,1,6,6,1,30,6,1798,8,6,TOYOTA PRIUS,-1,-1,0,-1
2024010526656,2024,010526656,4,9,0,18,19,3,7,0,0,1,0,0,0,0,1,1,6,6,1,53,8,1797,8,8,TOYOTA PRIUS,7,E01002687,0,1
2024010512222,2024,010512222,1,9,0,18,19,1,5,0,0,2,1,0,0,0,1,1,6,6,1,21,5,1797,8,14,TOYOTA PRIUS,4,E01000976,0,3
2024041516728,2024,041516728,1,9,0,-1,19,7,3,-1,0,1,0,0,0,0,1,1,-1,1,1,20,4,1797,8,14,TOYOTA PRIUS,2,E01025059,0,1
2024501483077,2024,501483077,2,9,0,-1,2,0,0,-1,9,0,0,0,1,0,3,1,-1,1,2,41,7,1797,8,12,TOYOTA PRIUS,2,E01015075,0,1
2024061459094,2024,061459094,1,8,0,-1,7,7,4,-1,0,5,0,0,1,0,1,1,-1,1,1,42,7,1798,8,10,TOYOTA PRIUS,2,E01004972,0,1
2024010498648,2024,010498648,2,8,0,9,9,1,7,0,0,1,0,0,0,0,3,1,1,1,1,36,7,1797,8,9,TOYOTA PRIUS,5,E01024254,0,5
2024231459340,2024,231459340,4,9,0,-1,2,0,0,-1,0,0,0,0,0,0,3,9,-1,6,1,46,8,1497,8,17,TOYOTA PRIUS,2,E01031273,0,1
2024131414949,2024,131414949,1,9,0,-1,-1,-1,-1,-1,-1,-1,-1,-1,-1,-1,-1,1,-1,6,3,-1,-1,1791,8,12,TOYOTA PRIUS,-1,-1,0,-1
2024010516649,2024,010516649,1,9,0,99,99,9,9,99,99,9,9,99,9,99,3,9,1,1,1,59,9,1798,8,11,TOYOTA PRIUS,3,E01003542,0,2
2024161434722,2024,161434722,2,9,0,-1,19,3,7,-1,0,1,0,0,0,0,2,1,-1,1,-1,40,7,1798,8,6,TOYOTA PRIUS,2,E01013330,0,3
2024010508276,2024,010508276,1,9,0,18,19,3,7,0,0,0,0,0,0,0,4,1,1,1,1,56,9,1798,8,6,TOYOTA PRIUS,3,E01021764,0,4
2024010508196,2024,010508196,2,9,9,99,99,9,9,99,99,9,9,99,0,0,9,9,6,6,3,31,6,1797,8,6,TOYOTA PRIUS,2,E01003041,0,1
2024010521128,2024,010521128,1,9,0,99,99,9,9,99,99,9,9,99,9,99,2,9,1,1,1,55,8,1798,8,9,TOYOTA PRIUS,3,E01003143,0,1
2024010520430,2024,010520430,1,9,0,5,5,7,3,0,0,8,0,0,0,0,1,1,2,2,1,42,7,1798,8,7,TOYOTA PRIUS,6,E01002258,0,4
2024061406391,2024,061406391,1,8,0,-1,9,1,7,-1,0,6,0,0,0,0,1,1,-1,1,1,46,8,1797,8,9,TOYOTA PRIUS,1,E01012657,0,4
2024010547976,2024,010547976,1,9,0,9,9,7,5,0,0,8,0,0,0,0,1,1,6,6,1,52,8,1797,8,6,TOYOTA PRIUS,4,E01002647,0,1
2024010514481,2024,010514481,2,9,0,18,19,1,5,0,0,0,0,99,0,0,4,1,6,6,3,-1,-1,1798,8,11,TOYOTA PRIUS,-1,-1,0,-1
2024010549630,2024,010549630,1,9,0,99,99,9,9,99,99,9,9,99,9,99,1,9,6,6,3,36,7,1798,8,7,TOYOTA PRIUS,4,E01001322,0,4
2024201504375,2024,201504375,2,9,0,-1,5,3,7,-1,0,6,0,0,0,0,4,9,-1,6,1,46,8,1797,8,9,TOYOTA PRIUS,1,E01009489,0,3
2024061481442,2024,061481442,1,8,0,-1,-1,-1,-1,-1,-1,0,-1,-1,-1,0,-1,9,-1,1,3,-1,-1,1798,8,7,TOYOTA PRIUS,-1,-1,0,-1
2024010546430,2024,010546430,1,9,0,15,15,5,1,5,5,1,0,0,0,0,4,1,6,6,1,51,8,1798,8,6,TOYOTA PRIUS,1,E01002673,0,2
2024010497830,2024,010497830,2,8,0,18,19,1,5,0,0,0,0,0,0,0,1,1,1,1,1,64,9,1797,8,10,TOYOTA PRIUS,7,E01032771,0,1
2024211464792,2024,211464792,2,9,-1,-1,-1,-1,-1,-1,-1,0,-1,-1,-1,0,-1,9,-1,6,1,32,6,1798,8,8,TOYOTA PRIUS,-1,-1,0,-1
2024311494221,2024,311494221,1,8,0,-1,13,1,1,-1,0,0,0,0,0,0,1,1,-1,6,1,49,8,1797,8,4,TOYOTA PRIUS,1,E01013841,0,1
2024010502975,2024,010502975,1,9,0,9,9,6,4,0,0,6,0,0,0,0,1,2,6,6,1,56,9,1798,8,10,TOYOTA PRIUS,3,E01004287,0,3
2024501526801,2024,501526801,1,8,0,-1,5,4,1,-1,0,6,0,0,0,0,1,1,-1,1,3,55,8,1798,8,7,TOYOTA PRIUS,3,E01020005,0,1
2024302401586,2024,302401586,2,9,0,18,19,8,4,0,0,3,0,0,0,0,2,1,6,6,3,-1,-1,1798,8,7,TOYOTA PRIUS,5,E01019456,0,3
2024141468197,2024,141468197,2,9,0,-1,19,2,2,-1,0,0,0,0,0,0,1,1,-1,1,1,30,6,1798,8,5,TOYOTA PRIUS,1,E01007716,0,1
2024041418454,2024,041418454,2,9,0,-1,19,3,7,-1,0,1,0,0,0,0,1,1,-1,1,1,36,7,1798,8,5,TOYOTA PRIUS,1,E01012657,0,3
2024041425567,2024,041425567,2,9,0,-1,19,5,1,-1,0,0,0,0,0,0,1,1,-1,1,1,50,8,1790,8,7,TOYOTA PRIUS,1,E01024895,0,4
2024622500031,2024,622500031,1,9,0,18,19,2,6,0,0,0,0,0,0,0,1,1,6,6,1,33,6,1797,8,5,TOYOTA PRIUS,1,W01000862,0,1
2024131521778,2024,131521778,1,9,0,-1,9,7,4,-1,0,8,0,0,0,0,1,1,-1,6,3,-1,-1,1797,8,14,TOYOTA PRIUS,-1,-1,0,-1
2024010545157,2024,010545157,1,9,0,9,9,5,4,0,0,1,0,0,0,0,1,1,1,1,1,30,6,1798,8,7,TOYOTA PRIUS,9,E01004595,0,2
2024311457857,2024,311457857,1,9,0,-1,19,7,3,-1,9,1,0,0,0,0,4,1,-1,9,1,41,7,1798,8,6,TOYOTA PRIUS,1,E01013921,0,1
2024201531583,2024,201531583,2,8,0,-1,19,2,6,-1,0,0,1,0,0,0,1,1,-1,6,1,-1,-1,1797,8,7,TOYOTA PRIUS,1,E01009364,0,2
2024010516402,2024,010516402,1,9,0,99,99,9,9,99,99,0,9,99,9,99,3,9,1,1,1,50,8,1797,8,13,TOYOTA PRIUS,4,E01001459,0,1
2024061457188,2024,061457188,1,8,0,-1,19,1,5,-1,0,0,0,0,0,0,1,1,-1,6,1,30,6,1797,8,5,TOYOTA PRIUS,1,E01005613,0,2
2024201456434,2024,201456434,1,8,0,-1,4,1,5,-1,0,1,0,0,0,0,1,1,-1,1,1,34,6,1797,8,12,TOYOTA PRIUS,2,E01009630,0,1
2024010512211,2024,010512211,1,9,0,9,9,5,2,0,0,1,0,0,0,0,3,1,1,1,1,52,8,1797,8,10,TOYOTA PRIUS,3,E01000796,0,1
2024411532299,2024,411532299,2,9,0,-1,19,5,1,-1,0,0,0,0,0,0,1,1,-1,6,1,35,6,1790,8,10,TOYOTA PRIUS,4,E01002233,0,2
2024010536463,2024,010536463,2,9,0,99,99,9,9,99,99,9,9,99,9,99,1,9,6,6,3,-1,-1,1497,8,16,TOYOTA PRIUS,6,E01003435,0,1
2024010525223,2024,010525223,1,8,0,99,99,9,9,99,99,9,9,99,9,99,9,9,1,1,1,52,8,1798,8,9,TOYOTA PRIUS,1,E01004199,0,2
2024061432930,2024,061432930,1,9,-1,-1,-1,-1,-1,-1,-1,-1,-1,-1,-1,0,-1,9,-1,6,1,34,6,1797,8,6,TOYOTA PRIUS,1,E01004812,0,1
2024061444252,2024,061444252,1,9,0,-1,1,3,7,-1,0,1,0,0,0,0,2,2,-1,1,1,-1,-1,1497,8,19,TOYOTA PRIUS,3,E01004766,0,2
2024041470789,2024,041470789,1,9,0,-1,19,1,5,-1,0,0,1,0,0,0,3,1,-1,1,1,43,7,1797,8,14,TOYOTA PRIUS,1,E01034336,0,1
2024010548879,2024,010548879,1,9,0,9,9,1,7,0,0,2,0,0,0,0,1,1,6,6,2,41,7,1797,8,15,TOYOTA PRIUS,7,E01004635,0,1
2024041475565,2024,041475565,1,9,0,-1,11,7,3,-1,0,3,0,0,0,0,4,1,-1,9,2,49,8,1797,8,10,TOYOTA PRIUS,3,E01000011,0,5
2024010529345,2024,010529345,1,8,0,5,5,0,7,0,0,9,0,0,0,0,0,1,1,1,1,57,9,1797,8,5,TOYOTA PRIUS,1,E01002082,0,3
2024010511366,2024,010511366,1,9,0,18,19,5,1,0,0,0,0,0,0,0,4,1,1,1,1,72,10,1797,8,6,TOYOTA PRIUS,8,E01001657,0,3
2024010518207,2024,010518207,1,9,0,99,99,9,9,99,99,9,9,99,9,99,1,9,6,6,1,31,6,1797,8,14,TOYOTA PRIUS,10,E01000874,0,1
2024010506533,2024,010506533,2,9,0,99,99,9,9,99,99,0,9,99,9,99,9,9,6,6,3,-1,-1,1497,8,17,TOYOTA PRIUS,-1,-1,0,-1
2024010545258,2024,010545258,1,9,0,18,19,3,7,0,0,8,1,0,0,0,1,1,2,2,1,32,6,1797,8,10,TOYOTA PRIUS,3,E01000082,0,1
2024311482511,2024,311482511,2,9,0,-1,19,6,2,-1,0,0,0,0,0,0,1,1,-1,6,1,40,7,1798,8,6,TOYOTA PRIUS,2,E01013847,0,1
2024411462552,2024,411462552,1,9,0,-1,19,1,5,-1,0,3,0,0,0,0,4,1,-1,6,1,53,8,1797,8,10,TOYOTA PRIUS,4,E01003534,0,4
2024131525652,2024,131525652,1,9,0,-1,9,6,2,-1,0,8,0,0,0,0,4,1,-1,1,1,34,6,1798,8,5,TOYOTA PRIUS,1,E01011332,0,2
2024010537147,2024,010537147,2,9,0,99,99,9,9,99,99,9,9,99,9,99,1,9,6,6,3,-1,-1,1790,8,7,TOYOTA PRIUS,-1,-1,0,-1
2024421519821,2024,421519821,1,9,0,-1,19,2,6,-1,0,0,0,0,0,0,2,1,-1,6,1,31,6,1797,8,10,TOYOTA PRIUS,2,E01001976,0,2
2024010504301,2024,010504301,2,9,0,99,99,9,9,99,99,9,9,99,9,99,1,9,6,6,3,35,6,1797,8,12,TOYOTA PRIUS,3,E01003570,0,1
2024010508998,2024,010508998,1,9,0,18,19,7,3,0,0,5,0,0,0,0,3,1,1,1,1,46,8,1797,8,7,TOYOTA PRIUS,-1,-1,0,-1
2024131519654,2024,131519654,1,9,0,-1,19,4,4,-1,0,8,0,0,0,0,1,1,-1,1,1,64,9,1797,8,10,TOYOTA PRIUS,2,E01011913,0,1
2024010516203,2024,010516203,2,9,0,5,5,9,9,99,99,9,9,99,9,99,9,9,6,6,3,-1,-1,1797,8,14,TOYOTA PRIUS,-1,-1,0,-1
2024131463609,2024,131463609,1,9,0,-1,19,7,3,-1,0,8,0,0,0,0,1,1,-1,1,1,39,7,1797,8,14,TOYOTA PRIUS,1,E01010733,0,1
2024010500886,2024,010500886,2,9,0,99,99,9,9,99,99,9,9,99,9,99,9,9,6,6,3,-1,-1,1798,8,9,TOYOTA PRIUS,-1,-1,0,-1
2024451450531,2024,451450531,2,9,0,-1,19,6,2,-1,0,0,0,0,0,0,1,1,-1,2,1,28,6,1497,8,19,TOYOTA PRIUS,4,E01030710,0,4
2024010501728,2024,010501728,1,9,0,16,19,5,7,0,0,0,0,0,0,0,1,1,6,6,1,29,6,1797,8,14,TOYOTA PRIUS,2,E01001729,0,3
2024010501073,2024,010501073,1,9,0,18,19,7,3,0,0,1,0,7,0,0,1,1,3,7,1,38,7,1797,8,14,TOYOTA PRIUS,6,E01000268,0,1
2024061475991,2024,061475991,1,9,0,-1,9,4,1,-1,0,2,0,0,0,0,3,9,-1,6,1,-1,-1,1497,8,19,TOYOTA PRIUS,-1,-1,0,-1
2024451416702,2024,451416702,2,9,0,-1,9,2,7,-1,0,2,0,0,0,0,1,1,-1,2,2,35,6,1797,8,14,TOYOTA PRIUS,3,E01001053,0,2
2024010499721,2024,010499721,2,9,0,99,99,9,9,99,99,9,9,99,9,99,9,9,6,6,3,-1,-1,1798,8,9,TOYOTA PRIUS,-1,-1,0,-1
2024201398973,2024,201398973,2,9,0,-1,2,0,0,-1,0,0,0,0,0,0,1,1,-1,1,1,35,6,1797,8,10,TOYOTA PRIUS,2,E01009058,0,1
2024061460865,2024,061460865,1,8,0,-1,19,1,5,-1,0,1,0,0,0,0,1,1,-1,9,1,49,8,1798,8,8,TOYOTA PRIUS,4,E01005029,0,1
2024201513817,2024,201513817,1,9,0,-1,9,5,3,-1,0,6,0,0,0,0,1,1,-1,7,1,46,8,1798,8,8,TOYOTA PRIUS,2,E01009265,0,1
2024010515466,2024,010515466,2,9,0,18,19,5,1,0,0,0,0,0,0,0,3,1,6,6,1,60,9,1797,8,14,TOYOTA PRIUS,-1,-1,0,-1
2024010530718,2024,010530718,1,9,0,18,19,5,1,0,0,0,0,0,0,0,1,1,1,1,1,56,9,1798,8,8,TOYOTA PRIUS,3,E01001053,0,2
2024010520312,2024,010520312,2,9,0,99,99,9,9,99,99,9,9,99,9,99,9,9,6,6,3,-1,-1,1798,8,8,TOYOTA PRIUS,-1,-1,0,-1
2024061479775,2024,061479775,1,9,0,-1,19,-1,-1,-1,0,9,0,0,0,0,1,1,-1,6,3,-1,-1,1798,8,8,TOYOTA PRIUS,-1,-1,0,-1
2024061465699,2024,061465699,1,9,0,-1,19,1,5,-1,0,8,0,0,0,0,1,9,-1,6,3,-1,-1,1790,8,8,TOYOTA PRIUS,-1,-1,0,-1
2024401438354,2024,401438354,2,9,0,-1,3,5,1,-1,0,0,0,0,0,0,2,1,-1,1,1,42,7,1797,8,9,TOYOTA PRIUS,1,E01009539,0,4
2024010539345,2024,010539345,1,9,0,18,19,7,3,0,0,8,0,0,0,0,1,1,2,2,1,58,9,1798,8,7,TOYOTA PRIUS,4,E01001183,0,1
2024010532852,2024,010532852,1,9,0,14,14,1,5,9,9,1,0,4,7,11,1,1,6,6,1,51,8,1797,8,8,TOYOTA PRIUS,2,E01003052,0,1
2024531415116,2024,531415116,1,8,0,-1,5,7,4,-1,0,2,0,0,0,0,4,9,-1,6,3,-1,-1,1797,8,12,TOYOTA PRIUS,-1,-1,0,-1
2024411478757,2024,411478757,2,9,0,-1,19,-1,-1,-1,0,2,0,0,0,0,1,9,-1,9,1,48,8,1797,8,12,TOYOTA PRIUS,2,E01023844,0,1
2024010530607,2024,010530607,2,9,0,99,99,9,9,99,99,9,9,99,9,99,1,9,6,6,3,-1,-1,1798,8,11,TOYOTA PRIUS,-1,-1,0,-1
2024010536819,2024,010536819,2,9,0,13,13,1,5,99,99,9,9,99,9,99,1,9,6,6,3,59,9,1798,8,9,TOYOTA PRIUS,3,E01004528,0,2
2024010523075,2024,010523075,1,9,0,18,19,5,1,0,0,0,0,0,0,0,1,1,6,6,1,42,7,1797,8,10,TOYOTA PRIUS,5,E01004375,0,1
2024010507179,2024,010507179,1,8,0,18,19,3,7,0,0,2,0,0,0,0,1,1,1,1,1,44,7,1797,8,10,TOYOTA PRIUS,3,E01032581,0,3
2024010512441,2024,010512441,1,9,9,99,99,9,9,99,99,9,9,99,9,99,9,9,6,6,1,67,10,1797,8,14,TOYOTA PRIUS,2,E01001206,0,1
2024061458084,2024,061458084,1,9,0,-1,19,8,1,-1,0,1,0,0,0,0,1,1,-1,9,1,35,6,1797,8,14,TOYOTA PRIUS,2,E01033980,0,1
2024421475335,2024,421475335,1,8,0,-1,19,1,5,-1,0,8,0,0,0,0,1,1,-1,1,1,46,8,1797,8,12,TOYOTA PRIUS,4,E01021862,0,1
2024010504572,2024,010504572,1,8,0,9,9,5,3,0,0,8,0,0,0,0,4,1,1,1,1,40,7,1798,8,6,TOYOTA PRIUS,6,E01003948,0,3
2024401498251,2024,401498251,1,9,0,-1,-1,-1,-1,-1,-1,0,-1,-1,-1,0,-1,9,-1,6,3,-1,-1,1497,8,18,TOYOTA PRIUS,-1,-1,0,-1
2024010525362,2024,010525362,1,9,0,5,5,1,5,0,0,4,0,0,0,0,1,1,6,6,1,50,8,1798,8,10,TOYOTA PRIUS,5,E01002394,0,3
2024201434348,2024,201434348,2,9,0,-1,4,2,6,-1,0,0,0,0,0,0,2,9,-1,1,1,36,7,1797,8,9,TOYOTA PRIUS,4,E01010072,0,1
2024211410775,2024,211410775,2,8,0,-1,19,5,8,-1,0,0,0,10,0,0,4,1,-1,1,1,43,7,1797,8,7,TOYOTA PRIUS,2,E01014339,0,1
2024010530851,2024,010530851,1,9,0,99,99,9,9,99,99,9,9,99,9,99,9,9,6,6,3,-1,-1,1497,8,15,TOYOTA PRIUS,-1,-1,0,-1
2024131513142,2024,131513142,1,9,0,-1,19,4,8,-1,0,2,1,10,0,0,3,1,-1,9,1,63,9,1798,8,12,TOYOTA PRIUS,2,E01010852,0,1
2024010518440,2024,010518440,2,9,0,99,99,9,9,99,99,9,9,99,9,99,9,9,6,6,3,-1,-1,1798,8,8,TOYOTA PRIUS,2,E01003075,0,1
2024010534290,2024,010534290,2,9,0,99,99,9,9,99,99,0,9,99,9,99,1,9,6,6,3,34,6,1797,8,9,TOYOTA PRIUS,5,E01002613,0,3
2024201486114,2024,201486114,1,9,0,-1,9,2,8,-1,0,5,0,0,0,0,1,9,-1,1,1,50,8,1797,8,10,TOYOTA PRIUS,2,E01009885,0,3
2024010487833,2024,010487833,1,9,5,3,3,3,7,0,0,1,0,0,1,5,4,1,6,6,1,48,8,1798,8,5,TOYOTA PRIUS,4,E01003543,0,1
2024010509342,2024,010509342,1,8,0,99,99,9,9,99,99,9,9,99,9,99,9,1,1,1,1,33,6,1798,8,6,TOYOTA PRIUS,3,E01002185,0,1
2024010516436,2024,010516436,1,9,0,18,19,1,5,0,0,1,0,0,0,0,1,1,1,1,1,39,7,1798,8,5,TOYOTA PRIUS,2,E01000891,0,2
2024010520534,2024,010520534,1,9,0,5,5,0,5,0,0,0,0,0,0,0,0,1,6,6,1,61,9,1797,8,5,TOYOTA PRIUS,2,E01003546,0,2
2024010520868,2024,010520868,2,9,0,3,3,1,5,0,0,4,0,0,0,0,2,1,6,6,2,27,6,1497,8,16,TOYOTA PRIUS,7,E01004491,0,1
2024010515688,2024,010515688,1,9,0,5,5,4,8,0,0,6,0,0,0,0,1,1,1,1,1,59,9,1798,8,10,TOYOTA PRIUS,-1,-1,0,-1