collision_index,collision_year,collision_ref_no,vehicle_reference,vehicle_type,towing_and_articulation,vehicle_manoeuvre_historic,vehicle_manoeuvre,vehicle_direction_from,vehicle_direction_to,vehicle_location_restricted_lane_historic,vehicle_location_restricted_lane,junction_location,skidding_and_overturning,hit_object_in_carriageway,vehicle_leaving_carriageway,hit_object_off_carriageway,first_point_of_impact,vehicle_left_hand_drive,journey_purpose_of_driver_historic,journey_purpose_of_driver,sex_of_driver,age_of_driver,age_band_of_driver,engine_capacity_cc,propulsion_code,age_of_vehicle,generic_make_model,driver_imd_decile,lsoa_of_driver,escooter_flag,driver_distance_banding
2024010533194,2024,010533194,1,8,9,99,99,9,9,99,99,9,9,99,9,99,9,9,1,1,1,56,9,1798,8,3,TOYOTA PRIUS,5,E01003757,0,3
2024010504815,2024,010504815,2,9,0,5,5,1,5,0,0,4,0,0,0,0,1,1,6,6,1,39,7,1798,8,7,TOYOTA PRIUS,-1,-1,0,-1
2024201432309,2024,201432309,1,9,0,-1,6,2,6,-1,0,2,0,0,0,0,1,2,-1,6,1,28,6,1797,8,6,TOYOTA PRIUS,3,E01009238,0,1
2024070243710,2024,070243710,2,9,0,17,19,2,5,0,0,8,0,0,0,0,1,1,1,1,1,35,6,1797,8,5,TOYOTA PRIUS,5,E01012478,0,1
2024440170287,2024,440170287,1,9,0,18,19,2,6,0,0,4,0,0,0,0,3,1,3,7,1,48,8,1797,8,4,TOYOTA PRIUS,1,E01017130,0,1
2024201447501,2024,201447501,2,9,0,-1,9,4,2,-1,0,5,0,0,0,0,3,1,-1,6,1,44,7,1797,8,14,TOYOTA PRIUS,1,E01009350,0,1
2024010544936,2024,010544936,1,9,0,18,19,5,1,9,9,1,0,7,0,0,1,1,1,1,1,36,7,1798,8,6,TOYOTA PRIUS,2,E01024154,0,4
2024440256724,2024,440256724,1,8,0,6,6,1,1,0,0,1,0,0,0,0,1,1,6,6,1,53,8,1798,8,7,TOYOTA PRIUS,-1,-1,0,-1
2024131422668,2024,131422668,1,9,0,-1,19,2,6,-1,0,8,0,0,0,0,3,1,-1,1,1,46,8,1797,8,9,TOYOTA PRIUS,2,E01011043,0,1
2024010508861,2024,010508861,2,9,0,99,99,9,9,99,99,9,9,99,9,99,1,9,6,6,3,-1,-1,1798,8,7,TOYOTA PRIUS,-1,-1,0,-1
2024010501557,2024,010501557,1,9,0,9,9,5,2,0,0,8,0,0,0,0,1,1,1,1,1,48,8,1797,8,13,TOYOTA PRIUS,3,E01004290,0,2
2024010543559,2024,010543559,1,9,0,9,9,5,3,0,0,1,0,0,0,0,4,2,6,6,1,43,7,1798,8,6,TOYOTA PRIUS,6,E01003130,0,1
2024340WN1532,2024,340WN1532,1,9,0,-1,9,6,4,-1,0,6,0,0,0,0,1,1,-1,6,1,51,8,1790,8,10,TOYOTA PRIUS,3,E01027154,0,1
2024543836324,2024,543836324,1,8,0,9,9,1,5,0,0,2,0,0,0,0,1,1,1,1,1,59,9,1797,8,7,TOYOTA PRIUS,1,E01015541,0,1
2024010508400,2024,010508400,2,8,0,18,19,5,1,0,0,1,0,0,0,0,1,1,6,6,1,51,8,1797,8,10,TOYOTA PRIUS,6,E01003705,0,1
2024010505192,2024,010505192,2,9,0,6,6,9,9,99,99,9,9,99,9,99,9,9,6,6,3,38,7,1797,8,8,TOYOTA PRIUS,7,E01003691,0,3
2024211531733,2024,211531733,1,8,0,-1,1,4,8,-1,0,2,0,0,0,0,2,9,-1,1,1,-1,-1,1797,8,7,TOYOTA PRIUS,-1,-1,0,-1
2024311533626,2024,311533626,1,8,0,-1,19,5,5,-1,0,0,0,0,0,0,1,1,-1,1,1,52,8,1797,8,6,TOYOTA PRIUS,-1,-1,0,-1
2024440454185,2024,440454185,1,9,0,18,19,1,5,0,0,2,0,0,0,0,1,1,1,1,1,34,6,1497,8,16,TOYOTA PRIUS,3,E01017105,0,1
2024010549943,2024,010549943,3,9,0,3,3,1,5,0,0,1,0,0,0,0,1,1,1,1,2,45,7,1497,8,15,TOYOTA PRIUS,2,E01002227,0,2
2024010531987,2024,010531987,1,9,0,18,19,3,7,0,0,0,0,0,0,0,4,1,6,6,1,58,9,1797,8,14,TOYOTA PRIUS,-1,-1,0,-1
202417H105924,2024,17H105924,1,8,0,-1,9,3,1,-1,0,8,0,0,0,0,4,1,-1,1,1,40,7,1798,8,7,TOYOTA PRIUS,5,E01008343,0,4
2024010540471,2024,010540471,2,9,0,99,99,9,9,99,99,2,9,99,9,99,9,9,6,6,3,-1,-1,1797,8,10,TOYOTA PRIUS,-1,-1,0,-1
2024061520546,2024,061520546,1,9,0,-1,9,1,5,-1,0,0,0,0,0,0,1,1,-1,1,1,31,6,1797,8,5,TOYOTA PRIUS,2,E01005220,0,2
2024010537604,2024,010537604,1,9,0,6,6,3,3,0,0,1,0,0,0,0,0,1,6,6,1,32,6,1797,8,13,TOYOTA PRIUS,5,E01000038,0,2
2024052401901,2024,052401901,1,8,0,2,2,0,0,0,0,0,0,0,0,0,0,1,1,1,3,-1,-1,1797,8,5,TOYOTA PRIUS,-1,-1,0,-1
2024010544649,2024,010544649,2,9,0,99,99,9,9,99,99,9,9,99,9,99,1,9,6,6,3,-1,-1,1790,8,11,TOYOTA PRIUS,-1,-1,0,-1
2024010551092,2024,010551092,1,9,0,18,19,3,7,0,0,1,0,0,1,7,1,1,6,6,1,39,7,1797,8,8,TOYOTA PRIUS,4,E01016485,0,4
2024010507642,2024,010507642,1,9,0,4,4,5,1,0,0,1,0,0,0,0,2,1,1,1,1,46,8,1800,8,9,TOYOTA PRIUS,3,E01000011,0,3
2024440116341,2024,440116341,1,8,0,9,9,4,2,0,0,6,0,0,0,0,3,1,1,1,1,-1,-1,1798,8,9,TOYOTA PRIUS,-1,-1,0,-1
2024061407601,2024,061407601,1,8,0,-1,-1,-1,-1,-1,-1,-1,0,-1,0,0,1,1,-1,6,1,-1,-1,1797,8,5,TOYOTA PRIUS,3,E01005161,0,2
2024010499300,2024,010499300,2,8,0,99,99,9,9,99,99,9,9,99,9,99,2,9,6,6,3,-1,-1,1797,8,7,TOYOTA PRIUS,-1,-1,0,-1
2024010531537,2024,010531537,2,9,0,9,9,6,4,0,0,1,0,0,0,0,3,1,1,1,1,48,8,1797,8,5,TOYOTA PRIUS,2,E01001161,0,1
2024010529772,2024,010529772,1,9,0,11,11,7,3,0,0,2,0,0,0,0,4,1,1,1,1,54,8,1798,8,8,TOYOTA PRIUS,5,E01004601,0,2
2024010499809,2024,010499809,1,9,0,6,6,1,1,0,0,0,0,0,0,0,3,1,1,1,1,38,7,1798,8,8,TOYOTA PRIUS,-1,-1,0,-1
2024010528173,2024,010528173,1,9,0,7,7,3,4,0,0,1,0,0,0,0,4,1,6,6,1,34,6,1798,8,8,TOYOTA PRIUS,-1,-1,0,-1
2024052402333,2024,052402333,1,8,0,5,5,8,4,0,0,0,0,4,0,0,3,1,1,1,1,26,6,1797,8,5,TOYOTA PRIUS,1,E01006694,0,2
2024010514067,2024,010514067,2,9,0,18,19,5,1,0,0,0,0,0,0,0,1,1,6,6,1,22,5,1797,8,13,TOYOTA PRIUS,6,E01003435,0,1
2024010523780,2024,010523780,2,9,0,18,19,3,7,0,0,2,0,4,0,0,2,1,1,1,1,44,7,1798,8,10,TOYOTA PRIUS,6,E01003772,0,1
2024340WN1572,2024,340WN1572,1,8,0,-1,19,3,8,-1,0,6,0,0,0,0,1,1,-1,6,1,48,8,1797,8,13,TOYOTA PRIUS,1,E01027239,0,1
2024131463690,2024,131463690,2,9,0,-1,19,5,1,-1,0,0,0,0,0,0,2,1,-1,9,1,57,9,1790,8,6,TOYOTA PRIUS,1,E01025110,0,4
2024010535242,2024,010535242,1,9,0,4,4,1,5,0,0,1,0,0,0,0,2,1,2,2,2,48,8,1497,8,17,TOYOTA PRIUS,8,E01003845,0,1
2024010530891,2024,010530891,1,9,0,9,9,7,5,0,0,2,0,0,0,0,3,1,6,6,1,71,10,1798,8,12,TOYOTA PRIUS,4,E01003562,0,1
2024302401496,2024,302401496,1,8,0,18,19,5,1,0,0,1,0,0,0,0,1,1,6,6,3,-1,-1,1798,8,6,TOYOTA PRIUS,5,E01019456,0,3
2024010502831,2024,010502831,1,9,0,18,19,3,7,0,0,6,0,0,0,0,2,1,1,1,1,42,7,1797,8,7,TOYOTA PRIUS,-1,-1,0,-1
2024010520286,2024,010520286,1,9,0,12,12,3,7,0,0,2,0,0,0,0,3,1,1,1,1,52,8,1797,8,11,TOYOTA PRIUS,5,E01003715,0,1
2024010526155,2024,010526155,1,9,0,18,19,2,6,0,0,8,0,0,0,0,1,1,1,1,1,58,9,1497,8,17,TOYOTA PRIUS,5,E01003449,0,1
2024010550891,2024,010550891,1,9,0,18,19,3,7,0,0,1,0,0,7,0,1,1,6,6,1,24,5,1798,8,12,TOYOTA PRIUS,4,E01004326,0,1
2024461530577,2024,461530577,1,9,0,-1,19,6,3,-1,0,2,0,0,0,0,3,9,-1,6,1,76,11,1798,8,10,TOYOTA PRIUS,7,E01016119,0,1
2024340WN4562,2024,340WN4562,2,9,0,-1,19,7,3,-1,0,8,0,0,0,0,1,1,-1,1,1,25,5,1797,8,14,TOYOTA PRIUS,2,E01032978,0,1
2024041476974,2024,041476974,1,9,0,-1,6,1,5,-1,0,1,0,0,0,0,3,1,-1,9,2,35,6,1797,8,13,TOYOTA PRIUS,1,E01012657,0,1
2024010540985,2024,010540985,1,9,0,18,19,3,7,0,0,1,0,0,0,0,1,1,6,6,3,-1,-1,1797,8,13,TOYOTA PRIUS,-1,-1,0,-1
2024201499118,2024,201499118,2,8,0,-1,19,4,8,-1,0,6,0,0,0,0,1,1,-1,6,3,-1,-1,1797,8,10,TOYOTA PRIUS,-1,-1,0,-1
2024010531699,2024,010531699,1,9,0,99,99,9,9,99,99,9,9,99,9,99,1,9,6,6,3,28,6,1797,8,8,TOYOTA PRIUS,5,E01000401,0,1
2024010512150,2024,010512150,1,9,0,9,9,8,5,0,0,0,0,0,0,0,1,1,6,6,1,40,7,1797,8,9,TOYOTA PRIUS,2,E01003516,0,1
2024010502884,2024,010502884,1,8,0,9,9,8,7,0,0,8,0,0,0,0,3,1,1,1,1,67,10,1797,8,11,TOYOTA PRIUS,3,E01003269,0,1
2024010542949,2024,010542949,1,9,0,18,19,1,5,0,0,1,0,0,0,0,1,1,6,6,1,56,9,1497,8,17,TOYOTA PRIUS,2,E01003622,0,1
2024010504727,2024,010504727,1,8,0,99,99,9,9,99,99,9,9,99,9,99,2,9,1,1,1,51,8,1798,8,9,TOYOTA PRIUS,3,E01002045,0,3
2024010531988,2024,010531988,1,8,0,99,99,9,9,99,99,0,9,99,9,99,2,9,1,1,1,46,8,1790,8,7,TOYOTA PRIUS,6,E01002489,0,1
2024010498700,2024,010498700,2,8,0,18,19,6,2,0,0,1,0,0,1,11,1,1,1,1,1,42,7,1979,8,9,TOYOTA PRIUS,4,E01004212,0,2
2024010537500,2024,010537500,1,9,0,5,5,7,3,0,0,1,0,0,0,0,1,1,6,6,2,40,7,1797,8,9,TOYOTA PRIUS,5,E01002613,0,4
2024010504618,2024,010504618,4,9,0,2,2,0,0,0,0,2,0,4,0,0,2,1,6,6,3,-1,-1,1797,8,13,TOYOTA PRIUS,-1,-1,0,-1
2024201490880,2024,201490880,2,8,0,-1,19,3,7,-1,0,8,0,0,0,0,1,1,-1,1,1,51,8,1497,8,15,TOYOTA PRIUS,1,E01010414,0,3
2024332400995,2024,332400995,1,9,0,-1,6,2,2,-1,0,0,0,0,0,0,2,1,-1,1,1,35,6,1497,8,18,TOYOTA PRIUS,8,E01032599,0,1
2024010542953,2024,010542953,2,9,0,99,99,9,9,99,99,9,9,99,9,99,4,9,6,6,1,-1,-1,1798,8,9,TOYOTA PRIUS,-1,-1,0,-1
2024131419945,2024,131419945,1,9,0,-1,19,3,7,-1,0,0,0,0,0,0,1,1,-1,6,3,-1,-1,1798,8,8,TOYOTA PRIUS,-1,-1,0,-1
2024221476391,2024,221476391,1,9,0,-1,19,6,2,-1,0,6,0,4,0,0,1,9,-1,6,1,21,5,1798,8,7,TOYOTA PRIUS,-1,-1,0,-1
2024201451246,2024,201451246,1,8,0,-1,9,1,2,-1,0,4,0,0,0,0,2,9,-1,6,3,47,8,1800,8,10,TOYOTA PRIUS,-1,-1,0,-1
2024010504641,2024,010504641,1,9,0,5,5,0,3,0,0,1,0,4,0,0,1,1,1,1,1,67,10,1797,8,11,TOYOTA PRIUS,-1,-1,0,-1
2024201501492,2024,201501492,1,9,0,-1,2,0,0,-1,0,0,0,0,0,0,0,1,-1,1,1,35,6,1797,8,11,TOYOTA PRIUS,-1,-1,0,-1
2024010508536,2024,010508536,1,9,0,9,9,5,3,0,0,8,0,0,0,0,4,1,1,1,1,55,8,1797,8,8,TOYOTA PRIUS,3,E01000889,0,1
2024041462075,2024,041462075,2,9,0,-1,11,7,7,-1,0,1,0,0,0,0,1,2,-1,2,2,31,6,1497,8,17,TOYOTA PRIUS,1,E01012656,0,3
2024010542715,2024,010542715,1,9,0,9,9,7,5,0,0,1,0,0,0,0,4,1,1,1,1,48,8,1798,8,10,TOYOTA PRIUS,-1,-1,0,-1
2024061463361,2024,061463361,1,9,0,-1,19,7,3,-1,0,0,0,0,0,0,1,1,-1,1,1,43,7,1797,8,13,TOYOTA PRIUS,2,E01005470,0,3
2024211472962,2024,211472962,2,8,0,-1,19,5,1,-1,0,0,0,0,0,0,3,1,-1,1,1,27,6,1797,8,5,TOYOTA PRIUS,1,E01014306,0,2
2024041473247,2024,041473247,2,9,0,-1,19,8,4,-1,0,0,0,0,0,0,1,1,-1,1,1,43,7,1497,8,17,TOYOTA PRIUS,5,E01012635,0,2
2024440170821,2024,440170821,1,9,0,4,4,6,2,0,0,1,0,0,0,0,2,1,6,6,1,57,9,1798,8,7,TOYOTA PRIUS,1,E01017155,0,2
2024041469987,2024,041469987,1,9,0,-1,19,5,5,-1,0,1,0,0,0,0,4,1,-1,1,1,57,9,1797,8,12,TOYOTA PRIUS,5,E01012727,0,1
2024061475517,2024,061475517,2,9,0,-1,19,5,1,-1,0,1,0,0,0,0,1,1,-1,6,3,-1,-1,1791,8,12,TOYOTA PRIUS,-1,-1,0,-1
2024451517700,2024,451517700,1,9,0,-1,19,5,1,-1,0,0,0,0,0,0,3,1,-1,1,2,58,9,1798,8,12,TOYOTA PRIUS,9,E01004155,0,2
2024101544498,2024,101544498,2,9,0,-1,19,2,1,-1,0,7,0,0,0,0,1,1,-1,1,1,49,8,1798,8,6,TOYOTA PRIUS,1,E01008730,0,1
2024201468277,2024,201468277,2,9,0,-1,19,4,8,-1,0,8,0,0,0,0,4,1,-1,1,1,51,8,1797,8,11,TOYOTA PRIUS,1,E01010478,0,2
2024201538845,2024,201538845,1,9,0,-1,14,2,6,-1,0,1,0,0,0,0,1,9,-1,1,1,30,6,1797,8,5,TOYOTA PRIUS,2,E01010476,0,2
2024010501776,2024,010501776,2,9,0,18,19,3,7,0,0,1,0,0,0,0,2,1,6,6,1,44,7,1790,8,10,TOYOTA PRIUS,5,E01001686,0,2
2024101428805,2024,101428805,1,8,0,-1,19,5,1,-1,0,0,0,0,0,0,1,1,-1,9,1,62,9,1797,8,5,TOYOTA PRIUS,5,E01027517,0,1
2024010530520,2024,010530520,1,8,0,18,19,1,5,0,0,0,0,0,0,0,3,1,1,1,1,61,9,1798,8,9,TOYOTA PRIUS,4,E01035652,0,3
2024010522888,2024,010522888,2,9,0,18,19,7,3,0,0,8,0,7,7,1,3,1,1,1,1,59,9,1798,8,11,TOYOTA PRIUS,8,E01000363,0,2
2024471458466,2024,471458466,1,8,9,-1,19,6,3,-1,0,8,0,0,0,0,4,1,-1,6,1,37,7,1798,8,8,TOYOTA PRIUS,8,E01016903,0,1
2024010511353,2024,010511353,1,8,0,99,99,9,9,99,99,9,9,99,9,99,9,9,2,2,1,49,8,1798,8,6,TOYOTA PRIUS,2,E01004249,0,2
2024451537745,2024,451537745,2,9,0,-1,2,7,3,-1,0,0,0,0,0,0,3,1,-1,1,1,49,8,1797,8,5,TOYOTA PRIUS,3,E01002623,0,2
2024070733194,2024,070733194,2,9,0,-1,9,3,1,-1,0,8,0,0,0,0,3,1,-1,6,1,29,6,1798,8,12,TOYOTA PRIUS,7,E01012561,0,1
2024010500474,2024,010500474,1,9,0,18,19,1,5,0,0,0,0,0,0,0,1,1,6,6,1,54,8,1797,8,14,TOYOTA PRIUS,3,E01000502,0,1
2024010514288,2024,010514288,1,9,0,99,99,9,9,99,99,9,9,99,9,99,9,9,6,6,1,64,9,1497,8,17,TOYOTA PRIUS,7,E01003370,0,1
2024010528516,2024,010528516,2,9,9,99,99,9,9,0,0,9,9,99,9,99,9,9,6,6,3,-1,-1,1791,8,12,TOYOTA PRIUS,-1,-1,0,-1
2024451454176,2024,451454176,1,9,0,-1,9,4,5,-1,0,8,0,0,0,0,1,1,-1,2,1,51,8,1798,8,10,TOYOTA PRIUS,5,E01034297,0,1
2024010550648,2024,010550648,1,9,9,99,99,9,9,99,99,9,9,99,9,99,9,9,1,1,1,43,7,1798,8,5,TOYOTA PRIUS,4,E01002350,0,4
2024010507920,2024,010507920,2,9,0,99,99,9,9,99,99,9,9,99,9,99,9,9,6,6,3,49,8,1798,8,8,TOYOTA PRIUS,3,E01003525,0,3
2024131461133,2024,131461133,1,9,0,-1,19,7,3,-1,0,8,0,0,0,0,1,1,-1,1,1,37,7,1797,8,14,TOYOTA PRIUS,5,E01011446,0,1
2024351434523,2024,351434523,2,9,0,-1,19,5,5,-1,0,0,1,0,0,0,1,1,-1,6,1,56,9,1797,8,4,TOYOTA PRIUS,2,E01015604,0,2
2024061503231,2024,061503231,3,9,0,-1,2,0,0,-1,0,1,0,0,0,0,1,1,-1,6,-1,-1,-1,1797,8,15,TOYOTA PRIUS,-1,-1,0,-1
2024440457604,2024,440457604,2,9,0,9,9,5,1,0,0,5,0,0,7,0,3,1,1,1,1,53,8,1798,8,6,TOYOTA PRIUS,2,E01017238,0,1
2024501455083,2024,501455083,1,8,0,-1,19,1,5,-1,0,0,0,0,1,0,1,1,-1,9,1,31,6,1797,8,13,TOYOTA PRIUS,4,E01015050,0,1
2024440210987,2024,440210987,2,9,0,4,4,2,6,0,0,0,0,0,0,0,2,1,6,6,2,38,7,1497,8,19,TOYOTA PRIUS,6,E01023025,0,1
2024201427454,2024,201427454,2,8,0,-1,19,8,4,-1,0,8,0,0,0,0,2,1,-1,1,1,-1,-1,1797,8,7,TOYOTA PRIUS,-1,-1,0,-1
2024340WN4172,2024,340WN4172,2,9,0,-1,19,3,1,-1,0,0,1,0,0,0,3,1,-1,9,1,29,6,1797,8,14,TOYOTA PRIUS,1,E01027153,0,2
2024411526446,2024,411526446,1,9,0,-1,19,2,6,-1,0,0,0,0,0,0,1,1,-1,6,2,36,7,1797,8,15,TOYOTA PRIUS,4,E01023883,0,1
2024010493033,2024,010493033,1,9,9,99,99,9,9,99,99,9,9,99,9,99,9,1,6,6,3,-1,-1,1798,8,8,TOYOTA PRIUS,-1,-1,0,-1
2024201514435,2024,201514435,2,9,0,-1,19,1,1,-1,0,6,0,0,0,0,2,1,-1,1,1,58,9,1798,8,6,TOYOTA PRIUS,2,E01009265,0,2
2024052401717,2024,052401717,2,9,0,18,19,3,7,0,0,1,0,0,0,0,4,1,1,1,1,44,7,1797,8,13,TOYOTA PRIUS,1,E01034401,0,1
2024302400996,2024,302400996,1,8,0,18,19,1,5,0,0,2,0,0,0,0,1,1,6,6,3,-1,-1,1797,8,9,TOYOTA PRIUS,5,E01019456,0,3
2024061491651,2024,061491651,1,9,0,-1,19,3,7,-1,9,0,0,0,0,0,1,2,-1,1,1,22,5,1797,8,6,TOYOTA PRIUS,1,E01005167,0,1
2024052400603,2024,052400603,2,8,0,2,2,0,0,0,0,2,0,0,0,0,2,1,1,1,1,-1,-1,1797,8,7,TOYOTA PRIUS,1,E01006693,0,1
2024451484287,2024,451484287,3,9,0,-1,3,1,5,-1,0,1,0,0,0,0,2,9,-1,6,2,47,8,1797,8,8,TOYOTA PRIUS,4,E01030634,0,2
2024201495502,2024,201495502,2,8,0,-1,5,6,2,-1,0,8,0,0,0,0,2,1,-1,1,1,39,7,1797,8,7,TOYOTA PRIUS,2,E01009393,0,1
2024010500062,2024,010500062,1,8,0,99,99,9,9,99,99,9,9,99,9,99,1,9,1,1,1,45,7,1797,8,6,TOYOTA PRIUS,2,E01008999,0,5
2024010516729,2024,010516729,3,9,0,18,19,5,1,0,0,0,0,0,0,0,2,1,1,1,1,46,8,1798,8,10,TOYOTA PRIUS,5,E01032783,0,1
2024010490314,2024,010490314,1,9,0,18,19,5,1,0,0,3,0,0,0,0,1,1,1,1,1,64,9,1791,8,13,TOYOTA PRIUS,6,E01002371,0,4
2024451494116,2024,451494116,4,9,0,-1,19,5,1,-1,0,0,0,0,0,0,3,1,-1,9,1,78,11,1797,8,14,TOYOTA PRIUS,9,E01030642,0,1
2024010522329,2024,010522329,1,8,0,-1,-1,7,3,0,0,1,0,0,0,0,3,1,2,2,1,38,7,1797,8,8,TOYOTA PRIUS,2,E01029429,0,5
2024122400258,2024,122400258,2,8,0,18,19,3,7,0,0,8,0,0,0,0,1,1,1,1,1,40,7,1798,8,10,TOYOTA PRIUS,8,E01027919,0,3
2024010499977,2024,010499977,2,9,0,99,99,9,9,99,99,9,9,99,0,0,9,9,6,6,1,67,10,1798,8,7,TOYOTA PRIUS,4,E01003602,0,1
2024010543323,2024,010543323,1,8,0,18,19,5,1,0,0,0,0,0,0,0,2,1,2,2,1,35,6,1798,8,8,TOYOTA PRIUS,7,E01003643,0,4
2024010517468,2024,010517468,2,9,0,99,99,9,9,99,99,9,9,99,9,99,9,9,6,6,3,-1,-1,1798,8,11,TOYOTA PRIUS,-1,-1,0,-1
2024461530958,2024,461530958,1,8,0,-1,19,5,1,-1,0,2,0,0,0,0,1,1,-1,1,1,53,8,1798,8,7,TOYOTA PRIUS,7,E01024101,0,1
2024010526703,2024,010526703,1,9,0,99,99,9,9,99,99,9,9,99,9,99,9,9,6,6,1,47,8,1797,8,10,TOYOTA PRIUS,10,E01003746,0,4
2024201484619,2024,201484619,2,9,0,-1,19,2,6,-1,0,3,0,0,0,0,4,9,-1,1,1,50,8,1797,8,7,TOYOTA PRIUS,1,E01034920,0,2
2024411425823,2024,411425823,1,8,0,-1,1,5,2,-1,0,0,0,0,0,0,4,1,-1,1,1,33,6,1797,8,9,TOYOTA PRIUS,2,E01003576,0,4
2024010543717,2024,010543717,2,8,0,3,3,7,3,0,0,0,0,0,0,0,2,1,2,2,1,61,9,1797,8,10,TOYOTA PRIUS,1,E01002758,0,1
2024231405502,2024,231405502,1,9,0,-1,19,2,6,-1,0,0,0,0,0,0,4,9,-1,1,1,49,8,1797,8,6,TOYOTA PRIUS,4,E01025976,0,4
2024010539081,2024,010539081,3,9,0,18,19,1,5,0,0,1,0,0,0,0,2,1,6,6,1,34,6,1798,8,9,TOYOTA PRIUS,2,E01002881,0,1
2024430273781,2024,430273781,2,8,0,7,7,7,1,0,0,5,0,0,0,0,4,1,2,2,1,-1,-1,1798,8,8,TOYOTA PRIUS,8,E01028806,0,4
2024201395168,2024,201395168,1,9,0,-1,9,5,2,-1,0,3,0,0,0,0,1,9,-1,1,1,39,7,1797,8,5,TOYOTA PRIUS,8,E01032865,0,4
2024010506412,2024,010506412,2,9,0,18,19,3,7,0,0,8,0,0,0,0,3,1,3,7,1,40,7,1798,8,12,TOYOTA PRIUS,4,E01000113,0,1
2024201477260,2024,201477260,1,9,0,-1,1,4,8,-1,0,0,0,0,0,0,2,9,-1,1,1,-1,-1,1790,8,7,TOYOTA PRIUS,-1,-1,0,-1
2024161462266,2024,161462266,2,8,0,-1,19,1,3,-1,0,3,0,0,0,0,1,9,-1,6,1,-1,-1,1797,8,7,TOYOTA PRIUS,-1,-1,0,-1
2024010545162,2024,010545162,1,9,0,3,3,5,1,0,0,1,0,0,0,0,2,1,1,1,1,33,6,1797,8,4,TOYOTA PRIUS,-1,-1,0,-1
2024010524147,2024,010524147,1,9,0,18,19,1,5,9,9,0,0,0,7,1,1,1,6,6,2,30,6,1497,8,16,TOYOTA PRIUS,4,E01003410,0,1
2024010501187,2024,010501187,2,9,0,18,19,7,3,0,0,0,0,4,0,0,2,1,6,6,1,47,8,1497,8,18,TOYOTA PRIUS,2,E01033587,0,1
2024010506830,2024,010506830,2,8,0,99,99,9,9,99,99,9,9,99,9,99,9,9,6,6,3,-1,-1,1798,8,7,TOYOTA PRIUS,3,E01015788,0,4
2024010487411,2024,010487411,1,9,0,18,19,7,3,0,0,8,0,0,0,0,1,2,6,6,1,46,8,1797,8,9,TOYOTA PRIUS,2,E01002715,0,1
2024070466168,2024,070466168,1,8,0,5,5,3,1,0,0,0,0,0,0,0,4,1,6,6,1,40,7,1797,8,7,TOYOTA PRIUS,4,E01014271,0,4
2024201470339,2024,201470339,1,9,0,-1,9,5,3,-1,0,6,0,0,0,0,1,1,-1,6,1,-1,-1,1797,8,9,TOYOTA PRIUS,-1,-1,0,-1
2024010538442,2024,010538442,1,9,0,4,4,5,1,0,0,0,0,0,0,0,2,1,1,1,2,55,8,1798,8,6,TOYOTA PRIUS,10,E01030925,0,4
2024332400169,2024,332400169,1,9,0,-1,7,7,1,-1,0,3,0,0,0,0,1,1,-1,6,1,28,6,1798,8,7,TOYOTA PRIUS,4,E01013734,0,1
2024010511422,2024,010511422,2,9,0,4,4,5,1,0,0,1,0,11,3,11,1,1,1,1,1,31,6,1797,8,7,TOYOTA PRIUS,3,E01003374,0,1
2024010506100,2024,010506100,2,9,0,99,99,9,9,99,99,9,9,99,9,99,1,9,6,6,1,-1,-1,1797,8,11,TOYOTA PRIUS,3,E01033591,0,3
2024010551936,2024,010551936,2,9,0,18,19,5,1,0,0,0,1,0,0,0,1,9,6,6,3,-1,-1,1798,8,11,TOYOTA PRIUS,-1,-1,0,-1
2024101404156,2024,101404156,1,8,0,-1,19,5,1,-1,0,0,0,7,0,0,4,1,-1,1,1,40,7,1797,8,13,TOYOTA PRIUS,2,E01027493,0,4
2024010510714,2024,010510714,1,9,0,18,19,3,7,0,0,4,0,0,0,0,1,1,6,6,1,38,7,1798,8,4,TOYOTA PRIUS,3,E01004233,0,1
2024010499862,2024,010499862,2,9,0,5,5,9,9,99,99,9,9,99,9,99,9,9,6,6,3,-1,-1,1797,8,8,TOYOTA PRIUS,-1,-1,0,-1
2024522402259,2024,522402259,1,9,0,3,3,8,4,0,0,0,0,0,0,0,2,1,6,6,1,44,7,1798,8,7,TOYOTA PRIUS,3,E01033352,0,1
2024622400398,2024,622400398,1,9,0,18,19,6,2,0,0,1,0,0,0,0,1,1,1,1,1,44,7,1798,8,5,TOYOTA PRIUS,9,W01001032,0,1
2024010550360,2024,010550360,1,8,0,99,99,9,9,99,99,9,9,99,9,99,1,9,1,1,1,34,6,1798,8,8,TOYOTA PRIUS,2,E01001001,0,1
2024041520879,2024,041520879,1,9,0,-1,19,3,7,-1,0,0,0,0,0,0,4,1,-1,1,1,38,7,1798,8,2,TOYOTA PRIUS,1,E01012679,0,1
2024302401163,2024,302401163,2,8,0,4,4,5,1,0,0,3,0,0,0,0,4,1,1,1,1,39,7,1798,8,9,TOYOTA PRIUS,1,E01013812,0,4
2024471445792,2024,471445792,1,9,0,-1,9,1,7,-1,0,6,0,0,0,0,3,1,-1,6,1,30,6,1797,8,10,TOYOTA PRIUS,5,E01031788,0,1
2024061395686,2024,061395686,2,8,0,-1,9,1,4,-1,0,1,0,0,0,0,1,1,-1,1,1,51,8,1797,8,10,TOYOTA PRIUS,-1,-1,0,-1
2024010500093,2024,010500093,1,8,0,99,99,9,9,99,99,9,9,99,9,99,2,9,1,1,1,39,7,1798,8,5,TOYOTA PRIUS,2,E01001515,0,1
2024201468624,2024,201468624,2,8,0,-1,19,5,1,-1,0,0,0,0,0,0,1,1,-1,1,1,52,8,1797,8,10,TOYOTA PRIUS,2,E01010338,0,2