collision_index,collision_year,collision_ref_no,vehicle_reference,vehicle_type,towing_and_articulation,vehicle_manoeuvre_historic,vehicle_manoeuvre,vehicle_direction_from,vehicle_direction_to,vehicle_location_restricted_lane_historic,vehicle_location_restricted_lane,junction_location,skidding_and_overturning,hit_object_in_carriageway,vehicle_leaving_carriageway,hit_object_off_carriageway,first_point_of_impact,vehicle_left_hand_drive,journey_purpose_of_driver_historic,journey_purpose_of_driver,sex_of_driver,age_of_driver,age_band_of_driver,engine_capacity_cc,propulsion_code,age_of_vehicle,generic_make_model,driver_imd_decile,lsoa_of_driver,escooter_flag,driver_distance_banding
2024411526986,2024,411526986,1,9,-1,-1,-1,-1,-1,-1,-1,-1,-1,-1,-1,0,-1,9,-1,6,2,77,11,1497,8,17,TOYOTA PRIUS,-1,-1,0,-1
2024131493151,2024,131493151,2,9,0,-1,19,1,5,-1,0,0,0,0,0,0,2,1,-1,9,1,43,7,1798,8,10,TOYOTA PRIUS,1,E01011368,0,1
2024010546892,2024,010546892,1,9,0,18,19,7,3,0,0,1,0,0,0,0,4,1,3,7,1,40,7,1798,8,12,TOYOTA PRIUS,3,E01001242,0,1
2024010498121,2024,010498121,1,8,0,15,15,2,6,0,0,0,0,0,0,0,1,1,6,6,1,41,7,1798,8,10,TOYOTA PRIUS,2,E01001702,0,1
2024201456272,2024,201456272,2,8,0,-1,19,5,2,-1,0,8,0,0,0,0,1,1,-1,1,1,48,8,1797,8,8,TOYOTA PRIUS,3,E01010042,0,3
2024440432763,2024,440432763,1,9,0,3,3,3,7,0,0,2,0,0,0,0,2,1,6,6,1,40,7,1797,8,7,TOYOTA PRIUS,5,E01023258,0,1
2024201519720,2024,201519720,1,9,0,-1,19,1,5,-1,0,0,0,0,0,0,1,1,-1,6,1,41,7,1797,8,7,TOYOTA PRIUS,2,E01010526,0,1
2024622400219,2024,622400219,2,8,0,2,2,0,0,0,0,0,0,0,0,0,2,1,6,6,1,36,7,1790,8,9,TOYOTA PRIUS,5,W01001825,0,1
2024010529497,2024,010529497,1,9,0,18,19,8,4,0,0,1,0,0,1,11,3,1,6,6,1,32,6,1798,8,11,TOYOTA PRIUS,5,E01021814,0,4
2024010547915,2024,010547915,1,9,0,18,19,7,3,0,0,8,0,0,0,0,3,1,2,2,1,44,7,1798,8,11,TOYOTA PRIUS,3,E01002493,0,1
2024451502584,2024,451502584,1,9,0,-1,4,1,3,-1,99,8,9,0,0,0,2,1,-1,2,1,31,6,1798,8,12,TOYOTA PRIUS,3,E01002610,0,1
2024010504775,2024,010504775,1,9,0,18,19,3,7,0,0,8,0,0,0,0,3,1,1,1,1,45,7,1797,8,6,TOYOTA PRIUS,1,E01001811,0,1
2024010503249,2024,010503249,2,9,0,99,99,9,9,99,99,9,9,99,9,99,9,9,6,6,3,-1,-1,1797,8,12,TOYOTA PRIUS,-1,-1,0,-1
2024201471381,2024,201471381,1,9,0,-1,9,7,4,-1,0,6,0,0,0,0,1,1,-1,9,1,51,8,1797,8,12,TOYOTA PRIUS,1,E01009269,0,2
2024201486296,2024,201486296,2,9,0,-1,5,6,8,-1,0,6,0,0,0,0,3,9,-1,6,1,34,6,1797,8,4,TOYOTA PRIUS,5,E01009279,0,2
2024041512477,2024,041512477,1,9,0,-1,9,2,6,-1,0,5,0,0,0,0,4,9,-1,6,1,37,7,1798,8,12,TOYOTA PRIUS,8,E01025551,0,1
2024311467176,2024,311467176,1,8,0,-1,19,7,3,-1,0,0,0,0,0,0,1,1,-1,1,1,50,8,1798,8,8,TOYOTA PRIUS,1,E01013942,0,1
2024201484853,2024,201484853,1,8,0,-1,5,3,7,-1,0,3,0,0,0,0,1,1,-1,1,1,39,7,1797,8,6,TOYOTA PRIUS,-1,-1,0,-1
2024131475882,2024,131475882,2,9,0,-1,19,1,1,-1,0,0,0,0,0,0,1,1,-1,1,1,51,8,1797,8,11,TOYOTA PRIUS,4,E01010603,0,1
2024010548010,2024,010548010,2,9,0,13,13,1,5,0,0,0,0,0,0,0,1,1,6,6,1,30,6,1497,8,15,TOYOTA PRIUS,-1,-1,0,-1
2024131515352,2024,131515352,1,9,0,-1,4,8,8,-1,0,0,0,0,0,0,3,1,-1,1,1,50,8,1797,8,12,TOYOTA PRIUS,1,E01011133,0,1
2024010517486,2024,010517486,2,9,0,99,99,9,9,99,99,9,9,99,9,99,9,9,6,6,3,-1,-1,1797,8,10,TOYOTA PRIUS,-1,-1,0,-1
2024430180627,2024,430180627,1,9,0,18,19,8,4,0,0,0,0,0,0,0,1,1,1,1,1,37,7,1798,8,9,TOYOTA PRIUS,6,E01017925,0,1
2024010526523,2024,010526523,1,8,0,99,99,9,9,99,99,9,9,99,9,99,1,9,6,6,3,65,9,1798,8,8,TOYOTA PRIUS,3,E01000095,0,3
2024010540675,2024,010540675,1,9,0,9,9,8,6,0,0,1,0,0,0,0,4,1,1,1,1,40,7,1797,8,9,TOYOTA PRIUS,2,E01002737,0,1
2024101427677,2024,101427677,1,8,0,-1,14,7,3,-1,0,2,0,0,0,0,3,1,-1,1,1,34,6,1798,8,7,TOYOTA PRIUS,1,E01008436,0,1
2024201454706,2024,201454706,1,8,0,-1,5,1,5,-1,0,0,0,0,0,0,1,1,-1,1,1,60,9,1797,8,9,TOYOTA PRIUS,1,E01010410,0,2
2024061517583,2024,061517583,2,9,0,-1,19,1,5,-1,0,0,0,7,0,0,1,1,-1,1,1,21,5,1797,8,9,TOYOTA PRIUS,1,E01005350,0,3
2024221463032,2024,221463032,1,9,0,-1,9,6,5,-1,0,5,0,0,0,0,1,9,-1,1,1,47,8,1797,8,13,TOYOTA PRIUS,7,E01035082,0,1
2024061474531,2024,061474531,2,9,-1,-1,-1,-1,-1,-1,0,0,-1,-1,-1,0,1,9,-1,9,1,-1,-1,1497,8,16,TOYOTA PRIUS,-1,-1,0,-1
2024471393878,2024,471393878,1,9,0,-1,19,7,3,-1,0,1,0,0,0,0,1,9,-1,1,1,51,8,1798,8,4,TOYOTA PRIUS,8,E01021174,0,3
2024201436041,2024,201436041,2,9,0,-1,5,2,6,-1,0,0,0,0,0,0,3,9,-1,1,1,62,9,1797,8,9,TOYOTA PRIUS,1,E01008901,0,2
2024010516722,2024,010516722,2,9,0,14,14,5,1,0,0,1,0,0,0,0,1,1,6,6,3,-1,-1,1790,8,4,TOYOTA PRIUS,-1,-1,0,-1
2024010533308,2024,010533308,1,9,0,99,99,9,9,99,99,9,9,99,9,99,1,9,6,6,3,-1,-1,1797,8,12,TOYOTA PRIUS,-1,-1,0,-1
2024010507713,2024,010507713,1,9,0,18,19,7,3,0,0,1,0,0,3,0,1,1,3,7,1,57,9,1798,8,12,TOYOTA PRIUS,-1,-1,0,-1
2024010531098,2024,010531098,1,9,0,3,3,5,1,0,0,0,0,0,0,0,2,1,1,1,1,34,6,1797,8,7,TOYOTA PRIUS,8,E01035601,0,4
2024201518317,2024,201518317,2,8,0,-1,9,7,3,-1,0,6,0,10,7,0,1,1,-1,1,1,49,8,1797,8,5,TOYOTA PRIUS,1,E01008996,0,1
2024061505897,2024,061505897,1,9,0,-1,3,-1,-1,-1,99,0,0,0,0,0,1,1,-1,6,1,61,9,1797,8,6,TOYOTA PRIUS,9,E01006091,0,3
2024010548504,2024,010548504,1,8,0,99,99,9,9,99,99,9,9,99,9,99,9,9,1,1,1,30,6,1798,8,5,TOYOTA PRIUS,6,E01001040,0,2
2024161441956,2024,161441956,1,9,0,-1,19,1,5,-1,0,0,0,0,0,0,4,1,-1,6,2,33,6,1798,8,2,TOYOTA PRIUS,4,E01013308,0,1
2024131465367,2024,131465367,2,9,0,-1,19,5,1,-1,0,8,0,0,0,0,2,1,-1,9,1,43,7,1797,8,10,TOYOTA PRIUS,1,E01010807,0,1
2024010531294,2024,010531294,1,9,0,18,19,1,5,0,0,1,1,0,0,0,1,1,6,6,3,-1,-1,1797,8,10,TOYOTA PRIUS,-1,-1,0,-1
2024010509557,2024,010509557,1,9,0,9,9,7,5,0,0,0,0,0,0,0,1,1,6,6,1,19,4,1798,8,11,TOYOTA PRIUS,2,E01033584,0,1
2024010536566,2024,010536566,2,8,0,99,99,9,9,99,99,0,9,99,9,99,9,9,6,6,3,-1,-1,1798,8,7,TOYOTA PRIUS,-1,-1,0,-1
2024131508121,2024,131508121,1,9,0,-1,5,7,3,-1,0,8,0,0,0,0,3,1,-1,6,3,-1,-1,1797,8,6,TOYOTA PRIUS,-1,-1,0,-1
2024010539405,2024,010539405,1,9,0,18,19,7,3,0,0,3,0,0,0,0,1,1,2,2,1,56,9,1797,8,13,TOYOTA PRIUS,3,E01001371,0,1
2024010536164,2024,010536164,1,9,0,18,19,3,7,0,0,1,0,0,0,0,1,1,1,1,1,49,8,1798,8,12,TOYOTA PRIUS,-1,-1,0,-1
2024010536684,2024,010536684,1,9,0,4,4,3,7,0,0,2,0,0,0,0,1,1,1,1,1,53,8,1797,8,7,TOYOTA PRIUS,1,E01000061,0,1
2024302400382,2024,302400382,2,8,0,7,7,2,4,0,0,1,0,0,0,0,2,1,6,6,1,-1,-1,1797,8,9,TOYOTA PRIUS,1,E01013487,0,1
2024010529546,2024,010529546,1,9,0,99,99,9,9,0,0,0,0,0,0,0,9,1,6,6,1,-1,-1,1797,8,6,TOYOTA PRIUS,-1,-1,0,-1
2024010513734,2024,010513734,1,9,0,18,19,7,3,0,0,1,0,0,0,0,1,1,1,1,1,56,9,1797,8,5,TOYOTA PRIUS,2,E01000126,0,1
2024131446850,2024,131446850,1,9,0,-1,7,5,1,-1,0,1,0,0,0,0,1,1,-1,1,1,51,8,1797,8,13,TOYOTA PRIUS,2,E01033898,0,1
2024010508786,2024,010508786,1,9,0,9,9,5,2,0,0,8,0,0,0,0,1,1,1,1,1,50,8,1797,8,10,TOYOTA PRIUS,5,E01001150,0,3
2024010542747,2024,010542747,2,9,0,99,99,9,9,99,99,9,9,99,9,99,9,9,6,6,3,-1,-1,1797,8,5,TOYOTA PRIUS,-1,-1,0,-1
2024010518317,2024,010518317,2,9,0,7,7,7,1,2,2,0,0,0,1,0,0,1,6,6,1,59,9,1797,8,10,TOYOTA PRIUS,-1,-1,0,-1
2024552401278,2024,552401278,3,8,0,18,19,1,5,0,0,0,1,0,1,9,3,1,1,1,1,40,7,1797,8,13,TOYOTA PRIUS,9,E01022665,0,4
2024010503583,2024,010503583,2,9,0,99,99,9,9,99,99,0,9,99,9,99,2,9,6,6,3,-1,-1,1797,8,13,TOYOTA PRIUS,-1,-1,0,-1
2024010548646,2024,010548646,1,9,0,99,99,9,9,99,99,1,9,99,9,99,4,9,6,6,1,61,9,1797,8,14,TOYOTA PRIUS,2,E01003514,0,1
2024010508461,2024,010508461,2,8,9,2,2,9,9,0,0,9,0,99,9,99,9,9,6,6,3,-1,-1,1797,8,11,TOYOTA PRIUS,5,E01003084,0,3
2024010505059,2024,010505059,1,8,0,99,99,9,9,99,99,9,9,99,9,99,2,9,1,1,1,39,7,1797,8,5,TOYOTA PRIUS,3,E01034151,0,1
2024131464232,2024,131464232,2,9,0,-1,19,3,7,-1,0,0,0,0,0,0,2,1,-1,1,1,37,7,1798,8,11,TOYOTA PRIUS,1,E01010623,0,2
2024041512869,2024,041512869,1,9,0,-1,19,7,3,-1,0,8,0,0,0,0,4,1,-1,9,1,48,8,1797,8,14,TOYOTA PRIUS,1,E01025042,0,1
2024421498861,2024,421498861,3,9,0,-1,2,0,0,-1,0,0,0,0,1,0,2,2,-1,9,1,36,7,1798,8,5,TOYOTA PRIUS,3,E01002649,0,4
2024010507952,2024,010507952,2,8,0,99,99,9,9,99,99,9,9,99,9,99,9,9,6,6,3,-1,-1,1797,8,9,TOYOTA PRIUS,-1,-1,0,-1
2024461470639,2024,461470639,1,9,0,-1,19,1,5,-1,0,0,0,0,0,0,2,9,-1,6,1,-1,-1,1798,8,5,TOYOTA PRIUS,6,E01024491,0,1
2024201463450,2024,201463450,1,9,0,-1,9,7,5,-1,0,1,0,0,0,0,1,9,-1,1,1,36,7,1797,8,9,TOYOTA PRIUS,3,E01009876,0,1
2024010525108,2024,010525108,1,9,0,9,9,5,3,0,0,8,0,0,0,0,1,1,6,6,3,-1,-1,1798,8,9,TOYOTA PRIUS,-1,-1,0,-1
2024041491562,2024,041491562,1,9,0,-1,19,5,1,-1,0,0,0,0,0,0,4,1,-1,1,1,32,6,1797,8,7,TOYOTA PRIUS,1,E01012622,0,4
2024131527267,2024,131527267,1,9,0,-1,19,3,7,-1,0,0,0,0,0,0,1,1,-1,1,1,55,8,1797,8,9,TOYOTA PRIUS,4,E01010598,0,3
2024010504549,2024,010504549,2,9,0,99,99,9,9,99,99,9,9,99,9,99,1,9,6,6,3,-1,-1,1497,8,17,TOYOTA PRIUS,-1,-1,0,-1
2024010529611,2024,010529611,2,9,0,99,99,9,9,99,99,9,9,99,9,99,9,9,6,6,3,-1,-1,1798,8,10,TOYOTA PRIUS,-1,-1,0,-1
2024010498913,2024,010498913,2,8,0,99,99,9,9,99,99,9,9,99,9,99,9,9,6,6,3,49,8,1798,8,4,TOYOTA PRIUS,3,E01003106,0,1
2024501474013,2024,501474013,1,9,0,-1,4,2,6,-1,99,0,0,0,0,0,3,1,-1,9,2,37,7,1798,8,5,TOYOTA PRIUS,2,E01003052,0,5
2024010528922,2024,010528922,1,9,0,9,9,1,6,0,0,1,0,0,0,0,2,1,1,1,1,30,6,1797,8,8,TOYOTA PRIUS,-1,-1,0,-1
2024061499081,2024,061499081,2,9,0,-1,3,-1,-1,-1,0,4,0,0,0,0,4,1,-1,6,3,-1,-1,1497,8,19,TOYOTA PRIUS,-1,-1,0,-1
2024010520780,2024,010520780,1,9,9,18,19,5,1,99,99,9,9,99,9,99,3,9,6,6,1,49,8,1797,8,7,TOYOTA PRIUS,4,E01000066,0,2
2024010512039,2024,010512039,1,9,0,5,5,7,3,0,0,8,0,0,0,0,1,1,6,6,1,43,7,1797,8,5,TOYOTA PRIUS,4,E01003448,0,1
2024421466226,2024,421466226,2,9,0,-1,19,3,7,-1,0,2,0,0,0,0,4,9,-1,6,1,21,5,1797,8,10,TOYOTA PRIUS,4,E01015959,0,1
2024201456016,2024,201456016,2,9,0,-1,9,8,5,-1,0,8,0,0,0,0,1,9,-1,1,1,56,9,1797,8,9,TOYOTA PRIUS,2,E01009509,0,2
2024430096887,2024,430096887,1,9,0,18,19,4,8,0,0,4,0,0,0,0,1,1,1,1,1,42,7,1797,8,4,TOYOTA PRIUS,4,E01028532,0,1
2024610052024,2024,610052024,1,8,0,4,4,3,7,2,2,0,0,0,0,0,1,1,6,6,1,-1,-1,1797,8,5,TOYOTA PRIUS,4,W01001634,0,1
2024010519013,2024,010519013,2,9,0,99,99,9,9,99,99,6,9,99,9,99,9,9,6,6,3,-1,-1,1497,8,18,TOYOTA PRIUS,2,E01004306,0,1
2024010528083,2024,010528083,2,9,0,2,2,0,0,0,0,1,0,0,0,0,2,1,6,6,3,-1,-1,1497,8,17,TOYOTA PRIUS,-1,-1,0,-1
2024010546054,2024,010546054,1,9,0,6,6,1,1,0,0,1,0,0,0,0,1,1,1,1,1,39,7,1798,8,9,TOYOTA PRIUS,8,E01001564,0,2
2024311397995,2024,311397995,1,8,0,-1,19,4,1,-1,0,2,0,0,0,0,1,1,-1,6,1,40,7,1800,8,10,TOYOTA PRIUS,1,E01013860,0,2
2024430537801,2024,430537801,1,8,0,9,9,2,8,0,0,6,0,0,3,1,1,1,1,1,1,30,6,1798,8,10,TOYOTA PRIUS,6,E01017710,0,3
2024010518142,2024,010518142,2,9,0,3,3,7,3,0,0,0,0,0,0,0,2,1,1,1,1,50,8,1797,8,7,TOYOTA PRIUS,6,E01001342,0,2
2024440087662,2024,440087662,2,9,0,5,5,3,7,0,0,8,0,0,0,0,1,1,6,6,1,58,9,1798,8,9,TOYOTA PRIUS,3,E01017228,0,1
2024201473958,2024,201473958,1,8,0,-1,20,3,7,-1,0,0,0,0,0,0,1,1,-1,6,1,45,7,1797,8,14,TOYOTA PRIUS,3,E01009956,0,2
2024332401085,2024,332401085,2,8,0,-1,2,0,0,-1,0,2,0,0,0,0,4,1,-1,6,1,49,8,1797,8,6,TOYOTA PRIUS,2,E01029447,0,3
2024340WN7002,2024,340WN7002,2,9,0,-1,19,7,3,-1,0,1,0,0,0,0,1,1,-1,9,1,68,10,1797,8,11,TOYOTA PRIUS,4,W01000146,0,5
2024311439292,2024,311439292,1,8,0,-1,19,1,3,-1,0,0,0,0,1,0,1,1,-1,1,1,44,7,1797,8,5,TOYOTA PRIUS,-1,-1,0,-1
2024010541413,2024,010541413,2,9,0,9,9,7,5,0,0,1,0,0,0,0,3,1,2,2,1,41,7,1497,8,17,TOYOTA PRIUS,4,E01003635,0,1
2024010500572,2024,010500572,2,9,0,99,99,9,9,99,99,9,9,99,9,99,9,9,6,6,3,-1,-1,1497,8,18,TOYOTA PRIUS,-1,-1,0,-1
2024010538123,2024,010538123,1,9,9,99,99,9,9,0,0,4,0,9,3,0,1,9,6,6,1,34,6,1798,8,9,TOYOTA PRIUS,-1,-1,0,-1
2024041518577,2024,041518577,1,9,0,-1,19,4,8,-1,0,1,0,0,0,0,1,1,-1,2,1,31,6,1798,8,11,TOYOTA PRIUS,2,E01012579,0,3
2024010548550,2024,010548550,2,9,0,4,4,1,5,0,0,1,0,0,0,0,1,2,1,1,1,54,8,1798,8,8,TOYOTA PRIUS,7,E01021702,0,4
2024010536744,2024,010536744,2,8,0,99,99,9,9,99,99,9,9,99,9,99,9,9,6,6,3,-1,-1,1798,8,8,TOYOTA PRIUS,2,E01001631,0,1
2024201434436,2024,201434436,1,9,0,-1,19,3,7,-1,0,1,0,0,0,0,1,9,-1,6,1,-1,-1,1797,8,8,TOYOTA PRIUS,1,E01033650,0,3
2024201426380,2024,201426380,2,9,0,-1,2,0,0,-1,0,0,0,0,0,0,3,1,-1,2,1,55,8,1790,8,15,TOYOTA PRIUS,2,E01009393,0,1
2024401466267,2024,401466267,2,9,0,-1,5,8,4,-1,0,6,0,0,0,0,1,9,-1,6,1,-1,-1,1797,8,14,TOYOTA PRIUS,-1,-1,0,-1
2024010515790,2024,010515790,2,9,0,99,99,9,9,99,99,9,9,99,9,99,9,9,6,6,3,-1,-1,1797,8,11,TOYOTA PRIUS,-1,-1,0,-1
2024101505748,2024,101505748,1,9,0,-1,5,3,7,-1,0,1,0,0,0,0,1,1,-1,2,1,35,6,1800,8,12,TOYOTA PRIUS,1,E01008331,0,1
2024401416701,2024,401416701,2,8,0,-1,5,5,1,-1,9,0,0,0,0,0,4,1,-1,1,1,39,7,1797,8,15,TOYOTA PRIUS,2,E01015787,0,1
2024010558830,2024,010558830,2,8,0,99,99,9,9,99,99,9,9,99,9,99,1,9,6,6,3,-1,-1,1800,8,12,TOYOTA PRIUS,-1,-1,0,-1
2024131429360,2024,131429360,1,9,0,-1,9,3,1,-1,0,6,0,0,0,0,1,1,-1,1,1,56,9,1497,8,15,TOYOTA PRIUS,2,E01010621,0,1
2024010534023,2024,010534023,1,9,0,99,99,9,9,99,99,9,9,99,9,99,2,9,6,6,3,-1,-1,1798,8,11,TOYOTA PRIUS,7,E01002971,0,1
2024010525321,2024,010525321,2,9,0,18,19,7,3,0,0,1,1,10,1,2,2,1,1,1,1,30,6,1797,8,7,TOYOTA PRIUS,6,E01002111,0,2
2024010508719,2024,010508719,1,8,0,18,19,3,7,0,0,2,0,0,0,0,0,1,1,1,1,46,8,1797,8,4,TOYOTA PRIUS,3,E01004319,0,1
2024010533510,2024,010533510,1,9,0,5,5,0,1,0,0,9,0,99,0,0,4,1,1,1,1,-1,-1,1798,8,10,TOYOTA PRIUS,1,E01004245,0,1
2024201466381,2024,201466381,1,9,0,-1,13,6,2,-1,0,8,0,0,0,0,1,1,-1,1,1,35,6,1797,8,4,TOYOTA PRIUS,-1,-1,0,-1
2024991424278,2024,991424278,2,9,0,-1,2,0,0,-1,0,2,0,0,0,0,2,1,-1,6,-1,-1,-1,1797,8,4,TOYOTA PRIUS,-1,-1,0,-1
2024440542310,2024,440542310,1,8,0,3,3,3,7,0,0,1,0,0,0,0,2,1,6,6,1,32,6,1797,8,10,TOYOTA PRIUS,7,E01022641,0,2
2024622400761,2024,622400761,2,9,0,18,19,6,2,0,0,0,0,0,0,0,1,1,2,2,1,37,7,1497,8,17,TOYOTA PRIUS,4,W01000747,0,1
2024501425046,2024,501425046,1,9,0,-1,19,1,5,-1,9,0,0,0,0,0,4,9,-1,6,1,52,8,1497,8,16,TOYOTA PRIUS,3,E01020037,0,1
2024461415581,2024,461415581,1,9,0,-1,19,6,4,-1,0,1,0,7,0,0,1,1,-1,1,1,57,9,1797,8,11,TOYOTA PRIUS,10,E01024832,0,1
2024041428446,2024,041428446,2,9,0,-1,19,5,2,-1,0,8,0,0,0,0,3,1,-1,1,1,61,9,1791,8,12,TOYOTA PRIUS,2,E01025578,0,1
2024010498037,2024,010498037,1,9,0,9,9,1,6,0,0,6,0,0,0,0,1,1,6,6,1,40,7,1798,8,7,TOYOTA PRIUS,4,E01003734,0,3
2024061509252,2024,061509252,1,8,0,-1,5,5,1,-1,0,0,0,0,0,0,1,1,-1,1,1,54,8,1797,8,7,TOYOTA PRIUS,3,E01005934,0,1
2024430174181,2024,430174181,2,8,0,18,19,8,4,0,0,0,0,0,0,0,3,1,1,1,1,59,9,1797,8,15,TOYOTA PRIUS,2,E01015727,0,4
2024430295841,2024,430295841,1,8,0,2,2,0,0,0,0,0,0,0,0,0,0,1,1,1,1,55,8,1798,8,8,TOYOTA PRIUS,7,E01033974,0,2
2024131428846,2024,131428846,2,9,0,-1,19,8,4,-1,0,0,0,0,1,0,1,1,-1,2,1,60,9,1797,8,4,TOYOTA PRIUS,1,E01011917,0,3
2024522402635,2024,522402635,2,8,0,2,2,0,0,4,4,0,0,0,0,0,3,1,1,1,1,-1,-1,1798,8,8,TOYOTA PRIUS,2,E01033359,0,1
2024010513363,2024,010513363,1,8,0,99,99,9,9,99,99,9,9,99,9,99,2,9,6,6,3,-1,-1,1797,8,10,TOYOTA PRIUS,2,E01001594,0,3
2024041503145,2024,041503145,1,9,0,-1,5,1,1,-1,9,1,0,7,0,0,1,1,-1,1,1,59,9,1798,8,5,TOYOTA PRIUS,7,E01025102,0,1
2024061525344,2024,061525344,2,9,0,-1,-1,-1,-1,-1,-1,0,-1,-1,-1,0,-1,1,-1,6,1,31,6,1798,8,9,TOYOTA PRIUS,3,E01004854,0,3
2024421484194,2024,421484194,1,8,0,-1,9,6,2,-1,0,0,0,0,0,0,4,1,-1,1,1,61,9,1791,8,13,TOYOTA PRIUS,5,E01021802,0,2
2024010540261,2024,010540261,1,9,0,3,3,1,5,0,0,1,0,0,0,0,2,1,6,6,1,73,10,1790,8,10,TOYOTA PRIUS,10,E01004594,0,1
2024440224231,2024,440224231,1,9,0,4,4,4,8,0,0,0,0,0,0,0,2,1,6,6,1,47,8,1798,8,11,TOYOTA PRIUS,3,E01031444,0,4
2024010518201,2024,010518201,3,8,0,3,3,3,7,0,0,0,0,0,0,0,3,2,1,1,1,46,8,1797,8,12,TOYOTA PRIUS,5,E01000006,0,1
2024061482808,2024,061482808,1,9,0,-1,5,3,1,-1,0,1,0,0,0,0,1,1,-1,6,2,38,7,1497,8,17,TOYOTA PRIUS,1,E01004811,0,1
2024010508023,2024,010508023,1,8,0,99,99,9,9,99,99,9,9,99,9,99,2,9,1,1,1,34,6,1798,8,7,TOYOTA PRIUS,5,E01002449,0,1
2024201467550,2024,201467550,1,8,0,-1,1,5,1,-1,0,5,0,0,0,0,1,1,-1,6,1,42,7,1797,8,7,TOYOTA PRIUS,5,E01010160,0,1
2024041536445,2024,041536445,2,9,0,-1,4,1,5,-1,0,0,0,0,0,0,2,1,-1,1,1,53,8,1797,8,7,TOYOTA PRIUS,4,E01012664,0,2
2024010505267,2024,010505267,2,9,0,5,5,9,9,99,99,6,9,99,9,99,1,9,6,6,3,-1,-1,1798,8,9,TOYOTA PRIUS,-1,-1,0,-1
2024010545208,2024,010545208,2,9,0,9,9,7,5,0,0,1,0,0,0,0,3,1,6,6,2,45,7,1497,8,17,TOYOTA PRIUS,3,E01033700,0,1
2024010549555,2024,010549555,1,9,0,99,99,9,9,99,99,9,9,99,9,99,1,9,6,6,3,-1,-1,1798,8,10,TOYOTA PRIUS,-1,-1,0,-1
2024411532346,2024,411532346,1,9,0,-1,5,8,4,-1,0,6,1,0,0,0,3,1,-1,9,1,46,8,1798,8,12,TOYOTA PRIUS,2,E01007975,0,5
2024061506946,2024,061506946,1,8,0,-1,20,1,5,-1,9,2,0,11,1,0,3,1,-1,6,2,46,8,1798,8,6,TOYOTA PRIUS,-1,-1,0,-1
2024010519871,2024,010519871,1,9,0,5,5,0,5,9,9,0,0,7,0,0,3,1,3,7,1,65,9,1797,8,11,TOYOTA PRIUS,2,E01000526,0,1
2024010529879,2024,010529879,1,9,0,99,99,9,9,99,99,9,9,99,9,99,2,9,6,6,1,47,8,1497,8,17,TOYOTA PRIUS,7,E01003738,0,1
2024010528544,2024,010528544,1,9,0,9,9,7,5,0,0,2,0,0,0,0,3,1,1,1,1,47,8,1797,8,10,TOYOTA PRIUS,5,E01003739,0,1
2024010501648,2024,010501648,1,9,0,17,19,7,3,0,0,1,0,0,0,0,1,2,6,6,1,39,7,1798,8,10,TOYOTA PRIUS,6,E01001352,0,1
2024010528262,2024,010528262,1,9,0,4,4,5,1,0,0,0,0,0,0,0,0,1,6,6,1,54,8,1798,8,8,TOYOTA PRIUS,5,E01003842,0,1
2024201461923,2024,201461923,1,9,0,-1,7,8,2,-1,0,5,0,0,0,0,2,1,-1,1,1,49,8,1797,8,10,TOYOTA PRIUS,4,E01009145,0,2
2024010538066,2024,010538066,2,9,0,99,99,9,9,99,99,9,9,99,9,99,9,9,6,6,3,-1,-1,1790,8,7,TOYOTA PRIUS,-1,-1,0,-1
2024010524233,2024,010524233,1,9,0,99,99,9,9,99,99,0,9,99,9,99,2,9,6,6,1,26,6,1797,8,15,TOYOTA PRIUS,5,E01016135,0,4
2024010547229,2024,010547229,2,9,0,99,99,9,9,99,99,9,9,99,9,99,9,9,6,6,3,-1,-1,1798,8,9,TOYOTA PRIUS,-1,-1,0,-1
2024010516772,2024,010516772,1,8,0,18,19,1,5,0,0,0,0,0,0,0,2,1,2,2,1,49,8,1798,8,8,TOYOTA PRIUS,3,E01003263,0,1
2024010551462,2024,010551462,1,9,0,13,13,7,3,0,0,1,0,0,0,0,1,1,6,6,3,-1,-1,1797,8,10,TOYOTA PRIUS,-1,-1,0,-1
2024010499841,2024,010499841,1,9,0,9,9,5,2,0,0,1,0,0,0,0,4,1,6,6,1,60,9,1797,8,5,TOYOTA PRIUS,5,E01002652,0,3
2024401462735,2024,401462735,2,9,0,-1,19,4,8,-1,0,8,0,0,7,0,4,1,-1,1,1,37,7,1798,8,10,TOYOTA PRIUS,5,E01015762,0,2
2024041425152,2024,041425152,1,9,0,-1,7,5,3,-1,0,3,0,0,0,0,-1,1,-1,6,1,45,7,1797,8,13,TOYOTA PRIUS,2,E01025366,0,1
2024010535159,2024,010535159,2,8,0,4,4,5,1,0,0,0,0,0,0,0,9,9,6,6,3,-1,-1,1798,8,3,TOYOTA PRIUS,-1,-1,0,-1
2024010508564,2024,010508564,4,9,0,2,2,0,0,6,6,1,0,4,0,0,1,1,6,6,3,-1,-1,1797,8,8,TOYOTA PRIUS,-1,-1,0,-1
2024010543881,2024,010543881,3,9,0,2,2,0,0,0,0,1,0,0,0,0,0,1,6,6,3,-1,-1,1798,8,12,TOYOTA PRIUS,-1,-1,0,-1
2024010508712,2024,010508712,1,9,0,5,5,7,3,0,0,1,0,0,0,0,1,1,6,6,3,-1,-1,1797,8,14,TOYOTA PRIUS,-1,-1,0,-1
2024010504246,2024,010504246,2,9,0,99,99,9,9,99,99,9,9,99,9,99,9,9,6,6,3,-1,-1,1797,8,12,TOYOTA PRIUS,-1,-1,0,-1