collision_index,collision_year,collision_ref_no,vehicle_reference,vehicle_type,towing_and_articulation,vehicle_manoeuvre_historic,vehicle_manoeuvre,vehicle_direction_from,vehicle_direction_to,vehicle_location_restricted_lane_historic,vehicle_location_restricted_lane,junction_location,skidding_and_overturning,hit_object_in_carriageway,vehicle_leaving_carriageway,hit_object_off_carriageway,first_point_of_impact,vehicle_left_hand_drive,journey_purpose_of_driver_historic,journey_purpose_of_driver,sex_of_driver,age_of_driver,age_band_of_driver,engine_capacity_cc,propulsion_code,age_of_vehicle,generic_make_model,driver_imd_decile,lsoa_of_driver,escooter_flag,driver_distance_banding
2024041497515,2024,041497515,1,9,0,-1,19,5,1,-1,0,0,0,0,0,0,1,1,-1,6,1,19,4,1798,8,12,TOYOTA PRIUS,7,E01025463,0,1
2024010488245,2024,010488245,2,9,0,13,13,5,1,0,0,2,0,0,0,0,2,1,2,2,1,45,7,1798,8,2,TOYOTA PRIUS,4,E01002558,0,2
2024070578157,2024,070578157,1,8,0,18,19,8,4,0,0,8,0,0,0,0,1,1,6,6,1,34,6,1790,8,7,TOYOTA PRIUS,-1,-1,0,-1
2024201479142,2024,201479142,2,9,0,-1,3,3,5,-1,0,0,0,0,0,0,2,1,-1,9,1,39,7,1797,8,4,TOYOTA PRIUS,1,E01009483,0,1
2024010522694,2024,010522694,1,9,0,99,99,9,9,99,99,9,9,99,9,99,2,9,6,6,3,-1,-1,1797,8,14,TOYOTA PRIUS,3,E01002526,0,3
2024041449497,2024,041449497,1,9,0,-1,19,7,3,-1,0,1,0,0,0,0,2,1,-1,2,1,40,7,1798,8,12,TOYOTA PRIUS,4,E01025187,0,1
2024430330329,2024,430330329,1,8,0,6,6,9,9,0,0,0,0,0,0,0,3,1,1,1,1,32,6,1790,8,6,TOYOTA PRIUS,-1,-1,0,-1
2024010527271,2024,010527271,4,9,0,2,2,0,0,0,0,8,0,0,0,0,3,1,6,6,3,-1,-1,1797,8,10,TOYOTA PRIUS,-1,-1,0,-1
2024201525682,2024,201525682,1,9,0,-1,19,7,3,-1,0,0,0,0,0,0,1,1,-1,1,1,32,6,1797,8,7,TOYOTA PRIUS,-1,-1,0,-1
2024010531365,2024,010531365,2,9,0,99,99,9,9,99,99,9,9,99,9,99,9,9,6,6,3,-1,-1,1797,8,6,TOYOTA PRIUS,-1,-1,0,-1
2024471428875,2024,471428875,1,9,0,-1,19,5,1,-1,0,8,0,0,0,0,1,1,-1,1,1,42,7,1797,8,4,TOYOTA PRIUS,5,E01031565,0,1
2024471483413,2024,471483413,1,8,0,-1,7,1,3,-1,0,6,0,0,0,0,1,1,-1,1,1,40,7,1797,8,5,TOYOTA PRIUS,10,E01031741,0,1
2024010536180,2024,010536180,1,9,0,18,19,5,1,0,0,1,0,0,0,0,1,1,1,1,1,53,8,1797,8,5,TOYOTA PRIUS,7,E01003646,0,3
2024211492027,2024,211492027,1,9,0,-1,10,3,1,-1,0,8,0,0,0,0,1,1,-1,1,1,64,9,1797,8,10,TOYOTA PRIUS,5,E01023843,0,5
2024010538550,2024,010538550,3,9,0,10,10,3,8,0,0,1,0,0,0,0,1,1,6,6,2,41,7,1497,8,16,TOYOTA PRIUS,2,E01003350,0,1
2024010527631,2024,010527631,1,8,0,7,7,1,2,0,0,0,0,0,1,0,3,1,2,2,1,64,9,1798,8,10,TOYOTA PRIUS,1,E01001429,0,1
2024010508167,2024,010508167,1,9,0,4,4,5,1,0,0,0,0,4,0,0,2,1,6,6,1,77,11,1798,8,8,TOYOTA PRIUS,7,E01001986,0,1
2024010519480,2024,010519480,2,9,0,4,4,1,5,0,0,2,1,10,0,0,2,1,1,1,1,46,8,1798,8,7,TOYOTA PRIUS,2,E01035684,0,1
2024061508848,2024,061508848,1,8,0,-1,10,-1,-1,-1,99,9,0,0,0,0,2,2,-1,9,1,51,8,1797,8,7,TOYOTA PRIUS,3,E01005480,0,1
2024010528935,2024,010528935,1,8,0,18,19,7,3,0,0,8,0,0,0,0,3,1,1,1,1,50,8,1797,8,5,TOYOTA PRIUS,4,E01015722,0,4
2024461525791,2024,461525791,1,9,0,-1,19,8,5,-1,0,0,0,0,7,0,1,1,-1,9,1,32,6,1797,8,13,TOYOTA PRIUS,3,E01002235,0,4
2024010528690,2024,010528690,1,9,0,99,99,9,9,99,99,9,9,99,9,99,2,9,2,2,1,28,6,1797,8,14,TOYOTA PRIUS,6,E01003949,0,1
2024552400769,2024,552400769,2,9,0,16,19,2,4,0,0,0,0,0,0,0,1,1,6,6,2,17,4,1497,8,16,TOYOTA PRIUS,6,E01020398,0,2
2024141394916,2024,141394916,1,9,0,-1,19,6,2,-1,0,0,0,0,0,0,4,9,-1,6,1,56,9,1798,8,9,TOYOTA PRIUS,5,E01008051,0,1
2024311527602,2024,311527602,3,8,0,-1,19,1,5,-1,0,0,0,0,0,0,1,1,-1,6,1,30,6,1798,8,9,TOYOTA PRIUS,-1,-1,0,-1
2024052402090,2024,052402090,1,8,0,5,5,4,1,0,0,0,0,0,0,0,0,1,1,1,1,-1,-1,1797,8,5,TOYOTA PRIUS,-1,-1,0,-1
2024430263275,2024,430263275,2,9,0,3,3,7,3,0,0,1,0,0,0,0,2,1,6,6,2,43,7,1798,8,7,TOYOTA PRIUS,2,E01034455,0,1
2024010520456,2024,010520456,3,9,0,2,2,0,0,0,0,1,0,0,0,0,2,1,6,6,3,-1,-1,1798,8,2,TOYOTA PRIUS,-1,-1,0,-1
2024141467520,2024,141467520,1,9,0,-1,19,3,7,-1,0,0,0,0,0,0,1,1,-1,9,1,62,9,1497,8,19,TOYOTA PRIUS,7,E01008006,0,1
2024010534708,2024,010534708,2,9,0,18,19,3,7,0,0,8,0,0,0,0,1,1,1,1,1,58,9,1798,8,11,TOYOTA PRIUS,-1,-1,0,-1
2024131397318,2024,131397318,2,9,0,-1,19,5,5,-1,0,1,0,0,0,0,1,1,-1,1,1,47,8,1797,8,14,TOYOTA PRIUS,1,E01010674,0,3
2024041429908,2024,041429908,1,9,0,-1,7,3,7,-1,0,4,0,0,0,0,1,1,-1,6,1,30,6,1797,8,13,TOYOTA PRIUS,1,E01025041,0,1
2024411513282,2024,411513282,2,9,0,-1,19,6,4,-1,0,8,0,0,0,0,4,1,-1,6,1,37,7,1798,8,9,TOYOTA PRIUS,2,E01015774,0,4
2024010538092,2024,010538092,1,9,0,5,5,0,5,0,0,6,0,0,0,0,1,1,1,1,1,35,6,1798,8,5,TOYOTA PRIUS,3,E01001242,0,2
2024010510252,2024,010510252,1,9,0,17,19,1,5,0,0,8,5,7,0,0,1,1,1,1,1,50,8,1797,8,10,TOYOTA PRIUS,-1,-1,0,-1
2024010508186,2024,010508186,2,9,0,3,3,1,5,0,0,8,0,0,0,0,3,1,6,6,1,40,7,1797,8,13,TOYOTA PRIUS,1,E01000061,0,1
2024010491016,2024,010491016,1,9,0,18,19,1,5,0,0,4,0,0,0,0,3,1,6,6,2,49,8,1797,8,10,TOYOTA PRIUS,-1,-1,0,-1
2024332400904,2024,332400904,1,8,0,-1,19,1,5,-1,0,0,0,0,0,0,1,1,-1,9,1,41,7,1790,8,4,TOYOTA PRIUS,2,E01013760,0,1
2024421528041,2024,421528041,2,8,0,-1,7,-1,-1,-1,99,0,0,0,0,0,2,1,-1,1,1,49,8,1791,8,13,TOYOTA PRIUS,7,E01034359,0,3
2024430362042,2024,430362042,2,9,0,1,1,1,5,0,0,2,0,0,0,0,2,1,6,6,3,-1,-1,1497,8,15,TOYOTA PRIUS,-1,-1,0,-1
2024010514529,2024,010514529,1,9,0,18,19,2,6,0,0,1,0,0,0,0,1,1,6,6,1,-1,-1,1798,8,12,TOYOTA PRIUS,-1,-1,0,-1
2024041510109,2024,041510109,2,9,0,-1,19,4,7,-1,0,8,0,0,0,0,1,1,-1,7,1,45,7,1797,8,7,TOYOTA PRIUS,1,E01025046,0,3
2024401496711,2024,401496711,1,9,0,-1,19,5,1,-1,0,0,0,0,0,0,1,1,-1,6,1,30,6,1797,8,14,TOYOTA PRIUS,5,E01015767,0,3
2024010515392,2024,010515392,1,9,0,99,99,9,9,99,99,9,9,99,9,99,4,9,2,2,2,41,7,1791,8,12,TOYOTA PRIUS,3,E01003611,0,1
2024451398279,2024,451398279,1,9,0,-1,19,5,1,-1,0,1,0,0,0,0,1,1,-1,1,1,45,7,1798,8,4,TOYOTA PRIUS,5,E01030572,0,1
2024430169367,2024,430169367,4,9,0,12,12,7,3,0,0,6,0,0,0,0,2,1,6,6,1,50,8,1798,8,6,TOYOTA PRIUS,-1,-1,0,-1
2024010507917,2024,010507917,2,9,0,99,99,9,9,99,99,9,9,99,9,99,9,9,6,6,3,49,8,1798,8,5,TOYOTA PRIUS,5,E01004375,0,1
2024161412271,2024,161412271,1,8,0,-1,19,7,3,-1,0,2,0,0,0,0,4,9,-1,1,1,36,7,1797,8,7,TOYOTA PRIUS,1,E01012867,0,1
2024201518196,2024,201518196,1,9,0,-1,19,6,2,-1,0,0,0,0,0,0,1,1,-1,1,1,-1,-1,1797,8,6,TOYOTA PRIUS,-1,-1,0,-1
2024461427167,2024,461427167,1,9,0,-1,6,8,4,-1,0,0,0,0,0,0,3,1,-1,9,1,62,9,1797,8,9,TOYOTA PRIUS,9,E01032655,0,1
2024010532459,2024,010532459,2,9,0,3,3,5,1,0,0,2,0,0,0,0,2,1,1,1,1,56,9,1798,8,9,TOYOTA PRIUS,2,E01004615,0,1
2024430494492,2024,430494492,2,8,0,9,9,7,5,0,0,4,0,0,0,0,4,1,1,1,1,47,8,1798,8,4,TOYOTA PRIUS,-1,-1,0,-1
2024010512130,2024,010512130,3,9,0,4,4,3,7,0,0,1,0,0,0,0,2,1,1,1,1,36,7,1797,8,10,TOYOTA PRIUS,1,E01015932,0,2
2024311426318,2024,311426318,1,9,0,-1,19,5,1,-1,0,0,0,4,0,0,3,1,-1,1,2,47,8,1797,8,14,TOYOTA PRIUS,-1,-1,0,-1
2024302500162,2024,302500162,1,8,0,-1,9,4,3,-1,0,8,0,0,0,0,4,1,-1,1,1,26,6,1798,8,6,TOYOTA PRIUS,1,E01009360,0,4
2024010499909,2024,010499909,2,9,9,99,99,9,9,99,99,9,9,99,9,99,9,9,6,6,3,-1,-1,1797,8,11,TOYOTA PRIUS,-1,-1,0,-1
2024010506379,2024,010506379,2,9,0,99,99,9,9,99,99,9,9,99,9,99,9,9,6,6,1,48,8,1797,8,10,TOYOTA PRIUS,2,E01003487,0,2
2024010534027,2024,010534027,2,9,0,99,99,9,9,99,99,0,9,99,9,99,9,9,6,6,3,49,8,1798,8,6,TOYOTA PRIUS,4,E01004270,0,1
2024010546662,2024,010546662,3,9,0,18,19,5,1,0,0,0,0,0,0,0,1,1,1,1,1,51,8,1797,8,7,TOYOTA PRIUS,3,E01000133,0,2
2024010532004,2024,010532004,2,9,0,18,19,4,8,0,0,1,0,0,0,0,1,1,6,6,1,40,7,1797,8,9,TOYOTA PRIUS,6,E01004608,0,2
2024401404393,2024,401404393,2,9,0,-1,19,7,3,-1,0,0,0,0,0,0,1,9,-1,6,1,52,8,1800,8,10,TOYOTA PRIUS,8,E01004074,0,4
2024010523224,2024,010523224,1,8,0,13,13,7,3,0,0,0,0,0,0,0,4,1,6,6,1,46,8,1797,8,8,TOYOTA PRIUS,2,E01000551,0,1
2024010526313,2024,010526313,1,9,0,99,99,9,9,99,99,9,9,99,9,99,1,1,6,6,3,-1,-1,1797,8,11,TOYOTA PRIUS,6,E01004517,0,1
2024010519391,2024,010519391,2,9,9,5,5,9,9,99,99,9,9,99,9,99,9,9,6,6,3,-1,-1,1798,8,9,TOYOTA PRIUS,-1,-1,0,-1
2024010531585,2024,010531585,1,9,0,5,5,7,3,0,0,8,0,0,0,0,1,1,1,1,1,43,7,1798,8,9,TOYOTA PRIUS,7,E01030850,0,4
2024401454912,2024,401454912,1,9,0,-1,19,4,8,-1,0,0,0,0,0,0,4,1,-1,6,1,51,8,1797,8,14,TOYOTA PRIUS,2,E01015703,0,1
2024041480524,2024,041480524,1,9,0,-1,19,4,8,-1,0,0,0,0,0,0,1,1,-1,1,1,51,8,1791,8,13,TOYOTA PRIUS,7,E01025499,0,1
2024010546745,2024,010546745,1,9,0,9,9,7,5,0,0,6,0,0,0,0,1,1,1,1,1,28,6,1798,8,5,TOYOTA PRIUS,-1,-1,0,-1
2024010523776,2024,010523776,1,9,0,18,19,3,7,0,0,2,0,0,0,0,1,1,6,6,3,-1,-1,1797,8,13,TOYOTA PRIUS,-1,-1,0,-1
2024421416758,2024,421416758,3,9,0,-1,19,3,7,-1,0,0,0,0,0,0,2,1,-1,6,2,47,8,1797,8,15,TOYOTA PRIUS,2,E01021286,0,2
2024010510888,2024,010510888,1,9,0,14,14,1,5,0,0,2,0,0,0,0,1,1,1,1,1,72,10,1798,8,8,TOYOTA PRIUS,1,E01003486,0,1
2024311447799,2024,311447799,1,8,0,-1,3,1,5,-1,0,1,0,0,0,0,3,1,-1,1,1,51,8,1798,8,8,TOYOTA PRIUS,-1,-1,0,-1
2024320345739,2024,320345739,4,9,0,-1,-1,6,2,0,0,0,0,0,0,0,3,1,1,1,1,35,6,1790,8,6,TOYOTA PRIUS,5,E01026132,0,2
2024201532943,2024,201532943,2,8,0,-1,19,5,1,-1,0,8,0,0,0,0,1,1,-1,9,1,35,6,1797,8,6,TOYOTA PRIUS,1,E01009362,0,1
2024061492642,2024,061492642,1,9,0,-1,19,-1,-1,-1,0,8,9,0,0,0,1,1,-1,7,2,38,7,1497,8,16,TOYOTA PRIUS,1,E01005380,0,1
2024010546521,2024,010546521,1,9,0,16,19,3,7,0,0,2,0,0,0,0,1,1,6,6,1,47,8,1798,8,8,TOYOTA PRIUS,8,E01004291,0,1
2024010533118,2024,010533118,1,9,0,18,19,3,7,0,0,2,0,0,0,0,1,1,6,6,1,44,7,1797,8,9,TOYOTA PRIUS,3,E01001492,0,1
2024201525081,2024,201525081,1,8,0,-1,7,6,8,-1,0,4,0,0,0,0,1,1,-1,6,1,62,9,1797,8,10,TOYOTA PRIUS,2,E01009986,0,2
2024010548941,2024,010548941,2,9,0,17,19,7,3,0,0,8,0,0,0,0,4,1,6,6,1,46,8,1797,8,5,TOYOTA PRIUS,-1,-1,0,-1
2024010508925,2024,010508925,1,9,0,4,4,5,1,0,0,0,0,0,0,0,2,1,1,1,2,44,7,1798,8,5,TOYOTA PRIUS,-1,-1,0,-1
2024010523160,2024,010523160,2,9,9,99,99,9,9,99,99,9,9,99,9,99,9,9,6,6,3,54,8,1797,8,6,TOYOTA PRIUS,-1,-1,0,-1
2024010544845,2024,010544845,1,9,0,99,99,9,9,99,99,9,9,99,9,99,1,1,6,6,3,-1,-1,1798,8,9,TOYOTA PRIUS,-1,-1,0,-1
2024010548004,2024,010548004,2,9,0,18,19,1,5,0,0,0,0,0,0,0,2,1,1,1,1,24,5,1797,8,8,TOYOTA PRIUS,-1,-1,0,-1
2024332400503,2024,332400503,1,8,0,-1,19,1,5,-1,0,0,0,0,0,0,2,1,-1,1,1,54,8,1797,8,4,TOYOTA PRIUS,3,E01013690,0,1
2024010519439,2024,010519439,1,8,0,99,99,9,9,99,99,9,9,99,9,99,1,9,6,6,3,68,10,1798,8,10,TOYOTA PRIUS,7,E01001308,0,1
2024010504809,2024,010504809,1,9,0,18,19,7,3,0,0,8,0,0,0,0,1,1,6,6,2,44,7,1798,8,4,TOYOTA PRIUS,2,E01000064,0,1
2024471412981,2024,471412981,2,9,0,-1,19,5,2,-1,0,8,0,0,0,0,1,1,-1,6,2,43,7,1798,8,7,TOYOTA PRIUS,4,E01031576,0,1
2024010494943,2024,010494943,1,9,0,18,19,7,3,0,0,8,0,0,0,0,3,1,6,6,1,39,7,1497,8,16,TOYOTA PRIUS,3,E01001213,0,1
2024010510755,2024,010510755,1,9,0,99,99,9,9,99,99,9,9,99,9,99,9,9,6,6,3,-1,-1,1790,8,10,TOYOTA PRIUS,-1,-1,0,-1
2024061519914,2024,061519914,4,8,0,-1,3,1,5,-1,0,0,0,0,0,0,2,1,-1,1,1,51,8,1797,8,10,TOYOTA PRIUS,-1,-1,0,-1
2024010521578,2024,010521578,1,9,0,18,19,5,1,0,0,0,0,0,7,10,1,1,6,6,1,59,9,1791,8,12,TOYOTA PRIUS,4,E01032772,0,1
2024131445696,2024,131445696,1,9,0,-1,19,7,3,-1,0,8,0,0,0,0,1,1,-1,1,1,42,7,1797,8,7,TOYOTA PRIUS,2,E01033003,0,1
2024010509338,2024,010509338,1,9,0,18,19,1,5,0,0,4,5,0,7,2,1,1,6,6,1,26,6,1797,8,8,TOYOTA PRIUS,4,E01003492,0,1
2024201522261,2024,201522261,1,9,0,-1,5,5,1,-1,0,0,0,0,0,0,1,1,-1,1,1,30,6,1797,8,5,TOYOTA PRIUS,-1,-1,0,-1
2024010542488,2024,010542488,2,9,0,99,99,9,9,99,99,0,9,99,9,99,9,9,6,6,3,-1,-1,1798,8,7,TOYOTA PRIUS,6,E01001935,0,2
2024131490217,2024,131490217,2,9,0,-1,5,1,1,-1,0,8,0,0,0,0,3,1,-1,1,1,37,7,1798,8,5,TOYOTA PRIUS,1,E01011375,0,3
2024401502007,2024,401502007,2,9,0,-1,19,7,3,-1,0,0,0,0,0,0,1,1,-1,1,1,34,6,1497,8,17,TOYOTA PRIUS,2,E01015749,0,1
2024351534002,2024,351534002,2,8,0,-1,5,-1,-1,-1,0,1,0,0,0,0,3,9,-1,2,1,39,7,1798,8,8,TOYOTA PRIUS,1,E01015603,0,1
2024451467707,2024,451467707,2,9,0,-1,4,1,5,-1,0,0,0,0,0,0,2,1,-1,9,1,30,6,1798,8,9,TOYOTA PRIUS,3,E01001109,0,2
2024010543876,2024,010543876,1,9,0,3,3,1,5,0,0,2,0,0,0,0,2,1,1,1,1,42,7,1798,8,6,TOYOTA PRIUS,5,E01004631,0,2
2024010500166,2024,010500166,1,8,0,18,19,1,5,0,0,1,0,0,0,0,1,1,1,1,1,50,8,1800,8,9,TOYOTA PRIUS,4,E01000866,0,1
2024041500400,2024,041500400,1,9,0,-1,5,2,6,-1,0,1,0,0,0,0,0,1,-1,6,1,28,6,1797,8,7,TOYOTA PRIUS,1,E01024858,0,2
2024061432258,2024,061432258,2,8,0,-1,3,1,3,-1,0,1,9,0,0,0,3,2,-1,6,1,-1,-1,1797,8,14,TOYOTA PRIUS,-1,-1,0,-1
2024010544055,2024,010544055,1,9,0,4,4,3,7,0,0,1,0,0,0,0,3,1,1,1,1,53,8,1798,8,10,TOYOTA PRIUS,3,E01003570,0,2
2024201510883,2024,201510883,2,8,0,-1,19,3,7,-1,0,0,0,0,0,0,2,1,-1,6,1,50,8,1797,8,4,TOYOTA PRIUS,-1,-1,0,-1
2024010545010,2024,010545010,5,9,0,18,19,3,7,0,0,2,0,0,0,0,3,1,6,6,1,28,6,1497,8,18,TOYOTA PRIUS,3,E01000009,0,3
2024061403652,2024,061403652,1,9,-1,-1,-1,-1,-1,-1,-1,0,-1,-1,-1,0,-1,9,-1,6,3,-1,-1,1798,8,8,TOYOTA PRIUS,-1,-1,0,-1
2024201483357,2024,201483357,1,8,0,-1,7,6,8,-1,0,5,0,0,0,0,4,1,-1,1,1,54,8,1798,8,9,TOYOTA PRIUS,1,E01009361,0,1
2024430061738,2024,430061738,2,8,0,18,19,2,6,0,0,8,0,0,0,0,4,1,1,1,1,44,7,1798,8,10,TOYOTA PRIUS,9,E01033503,0,1
2024211522412,2024,211522412,2,8,0,-1,19,5,4,-1,0,0,0,0,0,0,1,1,-1,6,1,57,9,1798,8,9,TOYOTA PRIUS,2,E01014248,0,1
2024010520015,2024,010520015,1,8,0,3,3,7,3,0,0,2,0,0,0,0,2,1,2,2,1,37,7,1798,8,7,TOYOTA PRIUS,6,E01003693,0,1
2024010524716,2024,010524716,1,9,0,9,9,5,3,0,0,6,0,0,0,0,1,1,1,1,1,43,7,1798,8,6,TOYOTA PRIUS,3,E01001351,0,1
2024991480765,2024,991480765,1,8,0,-1,9,2,8,-1,0,5,0,0,0,0,1,1,-1,1,1,64,9,1798,8,8,TOYOTA PRIUS,1,-1,0,2
2024010517630,2024,010517630,2,9,0,18,19,5,1,0,0,0,0,0,0,0,4,1,6,6,1,45,7,1797,8,10,TOYOTA PRIUS,3,E01001368,0,3
2024010545076,2024,010545076,2,9,0,5,5,0,5,0,0,2,0,0,0,0,1,1,6,6,3,23,5,1797,8,7,TOYOTA PRIUS,-1,-1,0,-1
2024010537640,2024,010537640,2,9,0,99,99,9,9,99,99,9,9,99,9,99,1,9,6,6,3,-1,-1,1797,8,14,TOYOTA PRIUS,-1,-1,0,-1
2024131517830,2024,131517830,1,9,0,-1,19,7,3,-1,0,6,0,0,0,0,1,1,-1,1,1,30,6,1798,8,12,TOYOTA PRIUS,1,E01010829,0,1
2024141499724,2024,141499724,1,9,0,-1,19,4,8,-1,0,2,0,11,0,0,0,1,-1,1,1,52,8,1797,8,13,TOYOTA PRIUS,6,E01008105,0,1
2024010501739,2024,010501739,1,9,0,18,19,7,3,0,0,2,0,0,0,0,1,1,2,2,2,41,7,1797,8,14,TOYOTA PRIUS,6,E01023306,0,2
2024010543418,2024,010543418,2,9,0,99,99,9,9,99,99,0,9,99,9,99,9,9,6,6,1,57,9,1797,8,6,TOYOTA PRIUS,6,E01023317,0,4
2024411402977,2024,411402977,1,8,-1,-1,-1,-1,-1,-1,-1,0,-1,-1,-1,0,-1,9,-1,6,1,41,7,1797,8,10,TOYOTA PRIUS,4,E01023906,0,1
2024010501672,2024,010501672,2,8,0,18,19,8,4,0,0,1,0,0,0,0,1,1,2,2,1,49,8,1798,8,7,TOYOTA PRIUS,2,E01016004,0,3
2024061421840,2024,061421840,2,9,0,-1,-1,-1,-1,-1,-1,0,-1,-1,-1,0,1,1,-1,6,3,-1,-1,1497,8,17,TOYOTA PRIUS,-1,-1,0,-1
2024061478447,2024,061478447,1,8,0,-1,19,-1,-1,-1,0,1,0,99,0,0,2,1,-1,1,1,26,6,1797,8,10,TOYOTA PRIUS,1,E01033949,0,2
2024522500128,2024,522500128,1,9,0,18,19,3,7,0,0,0,0,0,0,0,1,1,6,6,1,26,6,1798,8,7,TOYOTA PRIUS,2,E01014574,0,1
2024010515076,2024,010515076,1,8,0,99,99,9,9,99,99,0,9,99,9,99,1,9,6,6,1,51,8,1797,8,8,TOYOTA PRIUS,4,E01003730,0,1
2024061525159,2024,061525159,2,9,0,-1,5,1,1,-1,0,6,0,0,0,0,1,1,-1,6,1,39,7,1797,8,14,TOYOTA PRIUS,-1,-1,0,-1
2024061417075,2024,061417075,1,8,0,-1,19,6,2,-1,0,0,0,0,0,0,1,9,-1,6,3,-1,-1,1797,8,15,TOYOTA PRIUS,-1,-1,0,-1
2024010521496,2024,010521496,2,8,0,99,99,9,9,99,99,0,9,99,9,99,0,9,6,6,3,-1,-1,1798,8,11,TOYOTA PRIUS,-1,-1,0,-1
2024010547582,2024,010547582,1,9,0,5,5,5,1,0,0,1,0,0,0,0,1,1,6,6,1,62,9,1797,8,14,TOYOTA PRIUS,3,E01002637,0,1
2024131521786,2024,131521786,1,8,0,-1,19,5,5,-1,0,8,0,0,0,0,1,1,-1,9,1,48,8,1798,8,8,TOYOTA PRIUS,1,E01011235,0,1
2024010523986,2024,010523986,2,9,0,99,99,9,9,99,99,9,9,99,9,99,9,9,6,6,3,-1,-1,1797,8,6,TOYOTA PRIUS,-1,-1,0,-1
2024131461491,2024,131461491,3,9,0,-1,2,0,0,-1,0,8,0,0,0,0,2,1,-1,6,-1,-1,-1,1797,8,13,TOYOTA PRIUS,-1,-1,0,-1
2024010520362,2024,010520362,1,9,0,9,9,1,7,0,0,5,0,0,0,0,1,1,6,6,1,54,8,1798,8,11,TOYOTA PRIUS,6,E01000555,0,1
2024371471193,2024,371471193,1,9,0,-1,19,3,7,-1,0,4,0,0,0,0,1,1,-1,6,1,28,6,1797,8,14,TOYOTA PRIUS,9,E01030033,0,2
2024010538605,2024,010538605,1,9,0,14,14,5,1,0,0,1,0,0,0,0,0,1,6,6,1,-1,-1,1798,8,9,TOYOTA PRIUS,2,E01004469,0,2
2024010532193,2024,010532193,2,9,0,99,99,9,9,99,99,9,9,99,9,99,2,9,6,6,2,32,6,1797,8,14,TOYOTA PRIUS,3,E01003143,0,1
2024461490242,2024,461490242,1,9,0,-1,19,7,3,-1,0,0,0,0,0,0,1,1,-1,1,1,42,7,1798,8,7,TOYOTA PRIUS,2,E01024477,0,1
2024010512236,2024,010512236,2,9,0,18,19,1,5,0,0,6,0,0,0,0,3,1,1,1,1,46,8,1797,8,9,TOYOTA PRIUS,6,E01002329,0,1
2024010523870,2024,010523870,2,9,4,99,99,9,9,99,99,9,9,99,9,99,0,9,6,6,3,-1,-1,1797,8,13,TOYOTA PRIUS,-1,-1,0,-1
2024131533420,2024,131533420,4,9,0,-1,2,0,0,-1,0,8,0,0,0,0,2,1,-1,6,-1,-1,-1,1797,8,12,TOYOTA PRIUS,-1,-1,0,-1
2024041425469,2024,041425469,1,9,0,-1,6,5,3,-1,0,0,0,0,0,0,3,1,-1,1,1,51,8,1798,8,9,TOYOTA PRIUS,1,E01012704,0,1
2024010504361,2024,010504361,2,9,0,99,99,9,9,99,99,9,9,99,9,99,9,9,6,6,3,-1,-1,1798,8,7,TOYOTA PRIUS,-1,-1,0,-1
2024440436651,2024,440436651,1,9,0,3,3,3,7,0,0,1,0,0,0,0,1,1,3,7,1,51,8,1497,8,16,TOYOTA PRIUS,3,E01017054,0,2
2024041520390,2024,041520390,2,9,0,-1,19,5,1,-1,0,1,0,0,0,0,1,1,-1,9,1,24,5,1797,8,12,TOYOTA PRIUS,3,E01012587,0,1
2024010538314,2024,010538314,1,9,9,99,99,9,9,0,0,0,9,99,9,99,9,1,6,6,3,-1,-1,1798,8,5,TOYOTA PRIUS,-1,-1,0,-1
2024111440393,2024,111440393,1,9,0,-1,19,1,5,-1,0,0,0,0,0,0,1,1,-1,6,2,36,7,1790,8,11,TOYOTA PRIUS,4,E01034495,0,3
2024991502846,2024,991502846,1,9,0,-1,19,7,3,-1,2,8,0,0,0,0,1,1,-1,9,2,29,6,1797,8,11,TOYOTA PRIUS,-1,-1,0,-1
2024010497415,2024,010497415,2,9,0,99,99,9,9,99,99,9,9,99,9,99,9,9,6,6,3,-1,-1,1797,8,11,TOYOTA PRIUS,-1,-1,0,-1
2024010546518,2024,010546518,1,9,0,5,5,3,7,0,0,1,0,0,0,0,4,1,1,1,1,64,9,1797,8,10,TOYOTA PRIUS,2,E01002843,0,2
2024010507987,2024,010507987,2,9,0,99,99,9,9,99,99,9,9,99,9,99,2,9,6,6,3,-1,-1,1797,8,14,TOYOTA PRIUS,-1,-1,0,-1
2024471395510,2024,471395510,2,9,0,-1,19,4,8,-1,0,0,0,4,0,0,1,1,-1,6,2,31,6,1497,8,15,TOYOTA PRIUS,6,E01021058,0,4
2024201434125,2024,201434125,2,8,0,-1,19,5,1,-1,0,0,1,0,0,0,4,9,-1,1,1,52,8,1797,8,5,TOYOTA PRIUS,1,E01034934,0,1
2024010524699,2024,010524699,2,9,0,99,99,9,9,99,99,5,9,99,9,99,1,9,6,6,3,-1,-1,1797,8,6,TOYOTA PRIUS,-1,-1,0,-1
2024010527902,2024,010527902,2,9,0,18,19,4,8,0,0,2,0,0,0,0,1,1,6,6,1,-1,-1,1497,8,17,TOYOTA PRIUS,2,E01003252,0,1
2024610037124,2024,610037124,1,8,0,18,19,7,3,0,0,0,0,0,0,0,4,1,1,1,2,38,7,1797,8,14,TOYOTA PRIUS,6,W01001613,0,1
2024010500989,2024,010500989,1,9,0,4,4,1,5,4,4,0,0,0,0,0,2,1,6,6,1,61,9,1798,8,10,TOYOTA PRIUS,2,E01004340,0,2
2024451469433,2024,451469433,2,9,0,-1,19,8,4,-1,0,0,0,0,0,0,1,1,-1,9,1,37,7,1798,8,8,TOYOTA PRIUS,2,E01001152,0,4
2024101404193,2024,101404193,1,8,0,-1,19,4,8,-1,0,8,0,0,0,0,1,1,-1,6,1,49,8,1797,8,8,TOYOTA PRIUS,2,E01008335,0,1