collision_index,collision_year,collision_ref_no,vehicle_reference,vehicle_type,towing_and_articulation,vehicle_manoeuvre_historic,vehicle_manoeuvre,vehicle_direction_from,vehicle_direction_to,vehicle_location_restricted_lane_historic,vehicle_location_restricted_lane,junction_location,skidding_and_overturning,hit_object_in_carriageway,vehicle_leaving_carriageway,hit_object_off_carriageway,first_point_of_impact,vehicle_left_hand_drive,journey_purpose_of_driver_historic,journey_purpose_of_driver,sex_of_driver,age_of_driver,age_band_of_driver,engine_capacity_cc,propulsion_code,age_of_vehicle,generic_make_model,driver_imd_decile,lsoa_of_driver,escooter_flag,driver_distance_banding
2024010528056,2024,010528056,1,9,0,9,9,8,6,0,0,8,0,0,0,0,2,1,2,2,1,43,7,1797,8,5,TOYOTA PRIUS,4,E01000722,0,1
2024211415534,2024,211415534,2,8,0,-1,19,1,4,-1,0,0,0,0,0,0,1,9,-1,6,1,31,6,1797,8,8,TOYOTA PRIUS,6,E01029586,0,1
2024010541110,2024,010541110,1,9,0,7,7,8,3,0,0,5,0,0,0,0,4,1,6,6,3,-1,-1,1798,8,6,TOYOTA PRIUS,-1,-1,0,-1
2024010511252,2024,010511252,1,9,0,5,5,5,1,0,0,1,0,0,0,0,1,1,1,1,1,47,8,1798,8,6,TOYOTA PRIUS,-1,-1,0,-1
2024010488774,2024,010488774,2,9,0,7,7,2,4,0,0,5,0,0,7,0,3,1,6,6,3,48,8,1798,8,11,TOYOTA PRIUS,2,E01001878,0,2
2024141542941,2024,141542941,1,9,0,-1,19,2,6,-1,0,1,0,0,0,0,1,1,-1,6,2,30,6,1497,8,17,TOYOTA PRIUS,1,E01007628,0,1
2024010516962,2024,010516962,2,9,0,99,99,9,9,99,99,9,9,99,9,99,1,9,6,6,3,52,8,1797,8,10,TOYOTA PRIUS,4,E01001501,0,1
2024041487773,2024,041487773,1,9,0,-1,11,8,4,-1,0,2,0,0,0,0,4,1,-1,1,1,43,7,1797,8,4,TOYOTA PRIUS,2,E01012677,0,1
2024061486999,2024,061486999,1,8,0,-1,6,7,3,-1,0,0,0,0,0,0,4,1,-1,9,1,53,8,1797,8,9,TOYOTA PRIUS,3,E01004878,0,1
2024440503071,2024,440503071,2,8,0,5,5,3,7,0,0,8,0,0,0,0,4,1,1,1,1,65,9,1797,8,10,TOYOTA PRIUS,4,E01017217,0,1
2024211516941,2024,211516941,1,8,0,-1,19,3,7,-1,0,1,0,0,0,0,1,1,-1,1,1,40,7,1797,8,6,TOYOTA PRIUS,-1,-1,0,-1
2024010518971,2024,010518971,1,8,0,99,99,9,9,99,99,9,9,99,9,99,9,9,2,2,1,57,9,1797,8,5,TOYOTA PRIUS,5,E01002613,0,1
2024010508527,2024,010508527,1,9,0,18,19,5,1,0,0,2,0,0,0,0,1,1,6,6,1,60,9,1798,8,11,TOYOTA PRIUS,3,E01004448,0,1
2024201498238,2024,201498238,1,9,0,-1,19,4,8,-1,0,0,0,0,0,0,1,9,-1,6,1,-1,-1,1798,8,5,TOYOTA PRIUS,-1,-1,0,-1
2024010525875,2024,010525875,1,8,0,99,99,9,9,99,99,9,9,99,9,99,1,9,6,6,1,35,6,1797,8,10,TOYOTA PRIUS,6,E01001245,0,2
2024131420119,2024,131420119,1,9,0,-1,-1,-1,-1,-1,-1,8,-1,-1,-1,0,-1,1,-1,6,3,-1,-1,1497,8,18,TOYOTA PRIUS,-1,-1,0,-1
2024010531588,2024,010531588,1,9,0,18,19,1,5,0,0,1,0,0,0,0,1,1,6,6,1,55,8,1790,8,9,TOYOTA PRIUS,3,E01003520,0,2
2024010537227,2024,010537227,1,9,0,99,99,9,9,99,99,9,9,99,9,99,9,9,1,1,1,46,8,1797,8,7,TOYOTA PRIUS,5,E01000554,0,2
2024010541074,2024,010541074,1,8,0,99,99,9,9,99,99,9,9,99,9,99,9,9,6,6,3,-1,-1,1798,8,5,TOYOTA PRIUS,3,E01004404,0,1
2024010527267,2024,010527267,2,9,0,3,3,3,7,0,0,1,0,0,0,0,2,1,1,1,1,59,9,1798,8,9,TOYOTA PRIUS,3,E01002312,0,2
2024351420241,2024,351420241,2,9,0,-1,19,7,3,-1,0,1,0,0,0,0,1,1,-1,6,-1,-1,-1,1797,8,8,TOYOTA PRIUS,-1,-1,0,-1
2024010530890,2024,010530890,2,8,0,18,19,5,1,0,0,0,0,0,0,0,1,1,1,1,1,59,9,1798,8,8,TOYOTA PRIUS,2,E01001447,0,2
2024201521078,2024,201521078,1,9,0,-1,19,5,1,-1,0,4,0,0,0,0,1,1,-1,6,1,38,7,1797,8,7,TOYOTA PRIUS,1,E01010342,0,2
2024010527297,2024,010527297,2,9,0,99,99,9,9,99,99,5,9,99,9,99,1,9,6,6,3,-1,-1,1797,8,11,TOYOTA PRIUS,-1,-1,0,-1
2024041480029,2024,041480029,2,9,0,-1,19,3,7,-1,0,0,0,0,0,0,2,1,-1,9,1,41,7,1797,8,13,TOYOTA PRIUS,1,E01025084,0,1
2024010494964,2024,010494964,2,9,0,9,9,7,6,0,0,8,0,0,1,0,4,1,6,6,1,21,5,1797,8,12,TOYOTA PRIUS,2,E01032787,0,1
2024461484763,2024,461484763,1,8,0,-1,19,6,2,-1,0,1,0,0,0,0,4,1,-1,1,1,38,7,1799,8,7,TOYOTA PRIUS,3,E01024795,0,1
2024401433391,2024,401433391,1,8,0,-1,19,5,1,-1,0,0,0,0,0,0,1,9,-1,6,1,40,7,1797,8,14,TOYOTA PRIUS,6,E01015766,0,1
2024010523343,2024,010523343,2,9,9,18,19,9,9,99,99,0,9,99,9,99,9,9,6,6,1,-1,-1,1797,8,5,TOYOTA PRIUS,3,E01000315,0,3
2024201403397,2024,201403397,1,8,0,-1,19,3,7,-1,0,0,0,0,0,0,1,9,-1,6,1,45,7,1797,8,8,TOYOTA PRIUS,3,E01009089,0,3
2024010525083,2024,010525083,1,9,0,99,99,9,9,99,99,9,9,99,9,99,2,9,6,6,3,-1,-1,1798,8,7,TOYOTA PRIUS,-1,-1,0,-1
2024010536480,2024,010536480,1,8,0,99,99,9,9,99,99,9,9,99,9,99,9,9,1,1,1,53,8,1798,8,9,TOYOTA PRIUS,7,E01003270,0,1
2024010511905,2024,010511905,1,8,0,5,5,1,5,0,0,2,0,0,0,0,3,1,6,6,1,63,9,1798,8,6,TOYOTA PRIUS,5,E01004641,0,2
2024010500197,2024,010500197,2,9,0,99,99,9,9,99,99,0,9,99,9,99,9,9,6,6,3,-1,-1,1798,8,6,TOYOTA PRIUS,-1,-1,0,-1
2024311434487,2024,311434487,1,9,0,-1,9,7,6,-1,1,2,0,0,0,0,3,1,-1,1,1,40,7,1797,8,9,TOYOTA PRIUS,2,E01013917,0,1
2024010500387,2024,010500387,1,9,0,11,11,7,3,0,0,1,0,0,0,0,4,1,6,6,1,59,9,1790,8,12,TOYOTA PRIUS,4,E01016521,0,3
2024010497665,2024,010497665,3,9,0,18,19,1,5,0,0,0,0,0,0,0,2,1,6,6,1,65,9,1797,8,5,TOYOTA PRIUS,4,E01004380,0,1
2024010532030,2024,010532030,1,9,0,4,4,1,5,0,0,2,0,0,0,0,1,1,1,1,1,58,9,1797,8,10,TOYOTA PRIUS,2,E01001388,0,2
2024461505352,2024,461505352,2,9,0,-1,19,3,7,-1,0,0,0,0,0,0,1,2,-1,9,1,47,8,1790,8,10,TOYOTA PRIUS,3,E01024291,0,2
2024201512617,2024,201512617,2,9,0,-1,9,8,6,-1,0,5,0,0,0,0,3,9,-1,1,1,34,6,1797,8,13,TOYOTA PRIUS,1,E01009079,0,1
2024010504304,2024,010504304,1,8,0,99,99,9,9,99,99,9,9,99,9,99,2,9,1,1,1,32,6,1797,8,8,TOYOTA PRIUS,6,E01000847,0,3
2024010545087,2024,010545087,2,9,0,6,6,2,2,0,0,0,0,0,0,0,3,1,1,1,1,59,9,1798,8,6,TOYOTA PRIUS,2,E01000045,0,3
2024471486972,2024,471486972,1,9,0,-1,19,3,7,-1,0,1,0,0,1,0,1,1,-1,9,2,61,9,1497,8,18,TOYOTA PRIUS,6,E01031782,0,1
2024010527035,2024,010527035,2,9,0,17,19,9,9,99,99,0,9,99,9,99,9,9,6,6,3,-1,-1,1797,8,15,TOYOTA PRIUS,-1,-1,0,-1
2024332400373,2024,332400373,1,9,0,-1,3,2,6,-1,0,1,0,0,0,0,2,1,-1,9,1,34,6,1798,8,7,TOYOTA PRIUS,2,E01034009,0,1
2024010533094,2024,010533094,1,9,0,18,19,5,1,0,0,1,0,0,0,0,1,1,6,6,1,61,9,1797,8,5,TOYOTA PRIUS,2,E01003546,0,3
2024430255648,2024,430255648,2,9,0,18,19,8,4,0,0,2,0,0,0,0,1,1,3,7,1,50,8,1791,8,13,TOYOTA PRIUS,8,E01016576,0,1
2024010522748,2024,010522748,2,9,0,99,99,9,9,99,99,9,9,99,9,99,9,9,6,6,3,-1,-1,1798,8,7,TOYOTA PRIUS,-1,-1,0,-1
2024461515771,2024,461515771,1,9,0,-1,19,1,5,-1,0,2,0,0,0,0,3,9,-1,6,1,18,4,1797,8,14,TOYOTA PRIUS,5,E01000792,0,3
2024211513606,2024,211513606,1,9,0,-1,19,4,8,-1,0,0,0,0,0,0,1,2,-1,9,1,68,10,1797,8,14,TOYOTA PRIUS,7,E01019612,0,4
2024010513048,2024,010513048,1,9,0,99,99,9,9,99,99,9,9,99,9,99,0,9,6,6,3,-1,-1,1798,8,11,TOYOTA PRIUS,-1,-1,0,-1
2024451520491,2024,451520491,1,9,0,-1,7,5,1,-1,0,6,0,0,0,0,1,9,-1,6,2,30,6,1497,8,19,TOYOTA PRIUS,-1,-1,0,-1
2024311528404,2024,311528404,1,9,0,-1,9,6,4,-1,0,0,0,0,0,0,1,1,-1,6,2,30,6,1797,8,14,TOYOTA PRIUS,4,E01013890,0,1
2024440081881,2024,440081881,1,8,0,18,19,2,6,0,0,8,0,0,0,0,3,1,1,1,1,52,8,1797,8,10,TOYOTA PRIUS,1,E01032755,0,1
2024010546668,2024,010546668,2,9,0,18,19,5,1,0,0,1,0,0,1,0,2,1,1,1,1,62,9,1798,8,4,TOYOTA PRIUS,-1,-1,0,-1
2024451399238,2024,451399238,1,9,0,-1,19,1,1,-1,0,1,0,0,0,0,2,1,-1,1,1,39,7,1798,8,10,TOYOTA PRIUS,6,E01030653,0,1
2024010498676,2024,010498676,2,9,0,18,19,3,7,0,0,8,0,0,0,0,4,1,6,6,1,23,5,1798,8,11,TOYOTA PRIUS,1,E01001776,0,1
2024201399335,2024,201399335,1,8,0,-1,7,8,1,-1,0,6,0,0,0,0,1,1,-1,6,1,-1,-1,1797,8,5,TOYOTA PRIUS,-1,-1,0,-1
2024131500348,2024,131500348,1,9,0,-1,9,2,7,-1,1,5,0,0,0,0,1,1,-1,1,1,32,6,1798,8,3,TOYOTA PRIUS,1,E01011375,0,1
2024351416846,2024,351416846,1,9,-1,-1,-1,-1,-1,-1,-1,-1,-1,-1,-1,0,-1,9,-1,6,1,47,8,1797,8,11,TOYOTA PRIUS,2,E01015634,0,1
2024411539297,2024,411539297,1,9,-1,-1,-1,-1,-1,-1,-1,-1,-1,-1,-1,0,1,9,-1,6,1,41,7,1797,8,10,TOYOTA PRIUS,10,E01023664,0,1
2024010512965,2024,010512965,2,8,0,99,99,9,9,99,99,9,9,99,9,99,9,9,6,6,3,-1,-1,1797,8,9,TOYOTA PRIUS,-1,-1,0,-1
2024010507074,2024,010507074,2,9,0,4,4,5,1,0,0,1,0,0,0,0,1,1,6,6,1,54,8,1797,8,15,TOYOTA PRIUS,6,E01003756,0,1
2024430483000,2024,430483000,2,9,0,17,19,3,8,0,0,0,0,0,0,0,3,1,6,6,1,-1,-1,1797,8,9,TOYOTA PRIUS,1,E01009640,0,5
2024201421022,2024,201421022,1,9,0,-1,13,3,7,-1,0,8,0,0,0,0,3,1,-1,6,1,50,8,1497,8,15,TOYOTA PRIUS,-1,-1,0,-1
2024010522099,2024,010522099,2,9,0,6,6,1,1,8,6,1,0,0,0,0,3,1,6,6,1,37,7,1797,8,14,TOYOTA PRIUS,2,E01001218,0,2
2024430417699,2024,430417699,1,9,0,9,9,1,7,0,0,6,0,0,0,0,1,1,1,1,1,24,5,1798,8,7,TOYOTA PRIUS,7,E01028512,0,2
2024131523481,2024,131523481,2,9,0,-1,9,1,5,-1,0,8,0,0,0,0,1,1,-1,1,1,39,7,1797,8,4,TOYOTA PRIUS,1,E01011618,0,3
2024010516817,2024,010516817,1,9,0,10,10,8,5,0,0,1,0,0,0,0,2,1,1,1,1,54,8,1798,8,9,TOYOTA PRIUS,6,E01004519,0,1
2024201467387,2024,201467387,1,9,0,-1,19,5,1,-1,0,8,0,0,0,0,1,9,-1,6,1,24,5,1497,8,16,TOYOTA PRIUS,2,E01009391,0,1
2024010511198,2024,010511198,1,9,0,5,5,0,7,0,0,6,0,0,0,0,1,1,6,6,1,50,8,1798,8,11,TOYOTA PRIUS,-1,-1,0,-1
2024010551109,2024,010551109,1,8,0,99,99,9,9,99,99,0,9,99,9,99,2,9,1,1,1,46,8,1798,8,5,TOYOTA PRIUS,6,E01033179,0,5
2024010535301,2024,010535301,2,9,0,99,99,9,9,99,99,9,9,99,9,99,1,9,6,6,3,45,7,1798,8,3,TOYOTA PRIUS,4,E01004495,0,1
2024401461226,2024,401461226,2,9,0,-1,2,0,0,-1,0,0,0,0,0,0,3,1,-1,6,1,22,5,1790,8,5,TOYOTA PRIUS,2,E01015703,0,1
2024010532211,2024,010532211,3,9,0,18,19,1,5,9,9,1,0,0,0,0,4,1,6,6,1,26,6,1497,8,16,TOYOTA PRIUS,5,E01003666,0,1
2024010526398,2024,010526398,2,9,0,18,19,5,1,0,0,3,0,0,0,0,1,1,6,6,1,65,9,1797,8,13,TOYOTA PRIUS,-1,-1,0,-1
2024451533686,2024,451533686,1,9,0,-1,19,1,5,-1,0,0,0,0,0,0,1,1,-1,2,1,62,9,1797,8,14,TOYOTA PRIUS,5,E01030984,0,1
2024010495465,2024,010495465,1,9,0,99,99,9,9,99,99,9,9,99,9,99,1,9,6,6,3,-1,-1,1797,8,11,TOYOTA PRIUS,-1,-1,0,-1
2024010549632,2024,010549632,1,8,0,99,99,9,9,99,99,9,9,99,9,99,1,1,6,6,3,-1,-1,1797,8,9,TOYOTA PRIUS,3,E01003585,0,2
2024401510701,2024,401510701,1,9,0,-1,99,1,5,-1,0,1,0,0,0,0,1,9,-1,6,1,-1,-1,1797,8,8,TOYOTA PRIUS,-1,-1,0,-1
202417M117824,2024,17M117824,1,8,0,-1,7,1,3,-1,0,8,0,0,0,0,1,1,-1,1,1,-1,-1,1798,8,11,TOYOTA PRIUS,-1,-1,0,-1
2024010545744,2024,010545744,1,8,0,99,99,9,9,99,99,9,9,99,9,99,2,9,6,6,1,40,7,1798,8,5,TOYOTA PRIUS,2,E01001515,0,2
2024201508784,2024,201508784,2,8,0,-1,3,3,7,-1,0,0,0,0,0,0,1,1,-1,1,1,55,8,1797,8,10,TOYOTA PRIUS,-1,-1,0,-1
2024010537212,2024,010537212,2,9,0,5,5,5,1,2,2,1,0,0,0,0,1,1,6,6,1,38,7,1798,8,8,TOYOTA PRIUS,2,E01001485,0,1
2024052401174,2024,052401174,2,9,0,2,2,0,0,0,0,0,0,0,0,0,2,1,6,6,3,-1,-1,1798,8,6,TOYOTA PRIUS,-1,-1,0,-1
2024010530729,2024,010530729,1,9,0,12,12,7,3,0,0,1,0,0,0,0,0,1,6,6,3,-1,-1,1798,8,5,TOYOTA PRIUS,-1,-1,0,-1
2024201520794,2024,201520794,1,9,0,-1,19,8,4,-1,0,1,0,10,7,2,3,1,-1,1,1,65,9,1797,8,13,TOYOTA PRIUS,-1,-1,0,-1
2024061536761,2024,061536761,2,9,0,-1,9,6,4,-1,0,2,0,0,0,0,4,9,-1,6,1,43,7,1797,8,2,TOYOTA PRIUS,1,E01005164,0,1
2024010506739,2024,010506739,2,8,0,3,3,5,1,0,0,2,0,0,0,0,1,1,6,6,1,62,9,1797,8,9,TOYOTA PRIUS,3,E01001192,0,1
2024201518948,2024,201518948,4,9,0,-1,5,3,3,-1,0,2,0,0,0,0,2,1,-1,6,1,33,6,1797,8,8,TOYOTA PRIUS,3,E01033893,0,2
2024010497290,2024,010497290,1,9,0,18,19,1,5,0,0,1,0,0,0,0,1,1,1,1,1,24,5,1798,8,11,TOYOTA PRIUS,3,E01001423,0,3
202417S412624,2024,17S412624,2,9,0,-1,19,1,5,-1,0,0,0,0,1,11,3,1,-1,1,1,48,8,1798,8,11,TOYOTA PRIUS,1,E01012288,0,1
2024131527267,2024,131527267,2,9,0,-1,5,1,5,-1,0,0,0,0,0,0,1,1,-1,1,1,39,7,1798,8,4,TOYOTA PRIUS,2,E01011448,0,1
2024131408122,2024,131408122,2,8,0,-1,19,1,-1,-1,0,0,0,0,0,0,2,1,-1,1,1,44,7,1797,8,13,TOYOTA PRIUS,1,E01010625,0,3
2024340WN1392,2024,340WN1392,1,8,0,-1,5,3,7,-1,0,6,0,0,0,0,2,1,-1,2,1,65,9,1797,8,12,TOYOTA PRIUS,3,E01027154,0,1
2024041508578,2024,041508578,2,9,0,-1,19,3,7,-1,0,4,0,0,0,0,3,1,-1,1,1,52,8,1497,8,18,TOYOTA PRIUS,1,E01025084,0,2
2024531509384,2024,531509384,2,8,0,-1,19,1,5,-1,0,1,0,0,0,0,4,1,-1,6,1,30,6,1798,8,7,TOYOTA PRIUS,3,E01022294,0,1
2024010521266,2024,010521266,2,9,0,4,4,6,2,0,0,2,0,0,0,0,2,1,1,1,1,31,6,1798,8,4,TOYOTA PRIUS,4,E01000561,0,1
2024201509118,2024,201509118,2,8,0,-1,19,2,4,-1,0,8,0,0,0,0,1,1,-1,1,1,51,8,1797,8,8,TOYOTA PRIUS,1,E01009335,0,2
2024010540782,2024,010540782,2,9,0,6,6,1,1,0,0,2,0,0,0,0,1,1,6,6,1,37,7,1797,8,10,TOYOTA PRIUS,-1,-1,0,-1
2024010553069,2024,010553069,1,9,0,99,99,9,9,99,99,9,9,99,9,99,1,9,6,6,3,45,7,1797,8,4,TOYOTA PRIUS,-1,-1,0,-1
2024010516160,2024,010516160,2,8,0,99,99,9,9,99,99,9,9,99,9,99,9,9,6,6,3,-1,-1,1798,8,11,TOYOTA PRIUS,-1,-1,0,-1
2024434011143,2024,434011143,1,8,0,18,19,8,4,0,0,1,0,0,0,0,2,1,6,6,1,38,7,1797,8,9,TOYOTA PRIUS,8,E01016805,0,1
2024010507007,2024,010507007,1,9,0,10,10,1,7,0,0,5,0,0,0,0,1,1,3,7,2,31,6,1798,8,11,TOYOTA PRIUS,1,E01000596,0,1
2024131431895,2024,131431895,2,9,0,-1,19,3,7,-1,0,1,0,0,0,0,1,2,-1,6,1,42,7,1497,8,19,TOYOTA PRIUS,1,E01011032,0,1
2024201429367,2024,201429367,1,9,0,-1,4,4,2,-1,0,2,0,0,0,0,2,1,-1,9,1,24,5,1497,8,17,TOYOTA PRIUS,2,E01034952,0,1
2024411495585,2024,411495585,1,8,0,-1,9,1,7,-1,0,1,0,0,0,0,3,1,-1,1,1,52,8,1797,8,10,TOYOTA PRIUS,7,E01003416,0,4
2024010530302,2024,010530302,2,9,0,99,99,9,9,99,99,9,9,99,9,99,9,9,6,6,3,-1,-1,1797,8,10,TOYOTA PRIUS,-1,-1,0,-1
2024451492176,2024,451492176,1,8,0,-1,19,-1,-1,-1,0,8,0,4,0,0,1,1,-1,1,3,40,7,1797,8,6,TOYOTA PRIUS,-1,-1,0,-1
2024421446556,2024,421446556,1,9,0,-1,19,1,5,-1,0,2,0,0,0,0,4,1,-1,6,1,58,9,1497,8,18,TOYOTA PRIUS,2,E01021576,0,1
2024061474329,2024,061474329,2,9,0,-1,19,8,4,-1,0,1,0,0,0,0,1,1,-1,1,1,33,6,1797,8,12,TOYOTA PRIUS,1,E01005094,0,2
2024010544962,2024,010544962,1,8,0,99,99,9,9,99,99,9,9,99,9,99,2,9,6,6,1,47,8,1800,8,10,TOYOTA PRIUS,2,E01022292,0,5
2024010548908,2024,010548908,1,8,0,18,19,7,3,0,0,1,0,0,0,0,4,1,1,1,1,49,8,1790,8,7,TOYOTA PRIUS,3,E01002049,0,1
2024010506374,2024,010506374,1,9,0,99,99,9,9,99,99,9,9,99,9,99,9,9,6,6,1,46,8,1797,8,13,TOYOTA PRIUS,3,E01001489,0,3
2024522403103,2024,522403103,1,9,0,3,3,2,6,0,0,1,0,0,0,0,2,1,6,6,1,59,9,1798,8,8,TOYOTA PRIUS,1,E01014653,0,1
2024211497840,2024,211497840,1,9,0,-1,10,7,3,-1,0,1,0,0,0,0,2,1,-1,1,1,68,10,1797,8,9,TOYOTA PRIUS,1,E01009331,0,3
2024201512146,2024,201512146,1,9,0,-1,19,2,6,-1,0,1,0,0,0,0,1,9,-1,9,3,-1,-1,1797,8,9,TOYOTA PRIUS,-1,-1,0,-1
2024010504675,2024,010504675,1,8,0,99,99,9,9,99,99,0,9,99,9,99,2,9,1,1,1,54,8,1798,8,10,TOYOTA PRIUS,1,E01034479,0,2
2024010513221,2024,010513221,2,9,0,2,2,9,9,99,99,9,9,8,9,99,9,9,6,6,3,48,8,1798,8,8,TOYOTA PRIUS,3,E01035660,0,1
2024010521702,2024,010521702,1,9,0,3,3,3,7,0,0,1,0,0,0,0,2,1,1,1,1,48,8,1798,8,8,TOYOTA PRIUS,4,E01023864,0,3
2024201441969,2024,201441969,2,8,0,-1,4,3,7,-1,0,0,1,10,4,0,2,1,-1,2,1,33,6,1798,8,7,TOYOTA PRIUS,1,E01009371,0,2
2024430326604,2024,430326604,1,9,0,18,19,5,1,0,0,1,0,0,0,0,1,1,6,6,1,62,9,1798,8,6,TOYOTA PRIUS,-1,-1,0,-1
2024010524033,2024,010524033,2,9,9,2,2,0,0,99,99,0,9,99,9,99,9,9,6,6,3,-1,-1,1797,8,12,TOYOTA PRIUS,-1,-1,0,-1
2024061487629,2024,061487629,1,8,0,-1,4,-1,-1,-1,0,9,0,0,0,0,2,1,-1,1,1,45,7,1797,8,12,TOYOTA PRIUS,7,E01004836,0,1
2024302401405,2024,302401405,2,8,0,18,19,6,2,0,0,8,0,0,0,0,3,1,1,1,1,46,8,1797,8,11,TOYOTA PRIUS,2,E01013569,0,1
2024010541509,2024,010541509,2,9,9,99,99,9,9,99,99,9,9,99,9,99,1,9,6,6,3,-1,-1,1797,8,10,TOYOTA PRIUS,-1,-1,0,-1
2024010541964,2024,010541964,1,9,0,18,19,3,7,0,0,7,0,0,0,0,3,1,6,6,1,49,8,1798,8,10,TOYOTA PRIUS,3,E01004365,0,3
2024010533383,2024,010533383,2,9,0,18,19,5,1,0,0,8,0,0,0,0,1,2,1,1,1,61,9,1798,8,7,TOYOTA PRIUS,1,E01001740,0,1
2024010527946,2024,010527946,1,9,9,99,99,9,9,99,99,9,9,99,9,99,9,9,6,6,3,-1,-1,1798,8,5,TOYOTA PRIUS,-1,-1,0,-1
2024371494752,2024,371494752,1,9,0,-1,7,1,3,-1,0,8,0,0,0,0,3,1,-1,1,2,34,6,1798,8,6,TOYOTA PRIUS,1,E01029986,0,3
2024461473661,2024,461473661,1,9,0,-1,19,1,5,-1,0,0,0,0,0,0,1,9,-1,6,1,-1,-1,1797,8,7,TOYOTA PRIUS,9,E01000415,0,4
2024010514615,2024,010514615,1,9,0,18,19,1,5,0,0,0,0,0,2,3,1,1,6,6,2,31,6,1797,8,5,TOYOTA PRIUS,2,E01000153,0,1
2024061395210,2024,061395210,2,8,0,-1,19,1,5,-1,0,0,1,0,0,0,1,2,-1,1,1,40,7,1797,8,12,TOYOTA PRIUS,1,E01005180,0,1
2024010510584,2024,010510584,1,9,0,3,3,7,3,0,0,1,0,0,0,0,3,1,6,6,1,40,7,1797,8,13,TOYOTA PRIUS,4,E01001296,0,1
2024201428539,2024,201428539,1,8,0,-1,9,7,5,-1,0,5,0,0,0,0,1,9,-1,6,1,51,8,1497,8,16,TOYOTA PRIUS,9,E01009735,0,2
2024201460131,2024,201460131,1,9,0,-1,14,2,6,-1,0,0,0,0,0,0,1,9,-1,7,2,41,7,1797,8,13,TOYOTA PRIUS,2,E01008943,0,1
2024041579371,2024,041579371,1,9,0,-1,1,2,6,-1,0,0,0,0,0,0,2,1,-1,1,1,66,10,1497,8,17,TOYOTA PRIUS,2,E01012573,0,1
2024010534273,2024,010534273,1,9,0,99,99,9,9,99,99,9,9,99,9,99,9,9,6,6,2,43,7,1497,8,17,TOYOTA PRIUS,1,E01000596,0,1
2024010500377,2024,010500377,1,8,0,99,99,9,9,99,99,9,9,99,9,99,2,9,1,1,1,69,10,1798,8,8,TOYOTA PRIUS,5,E01033921,0,1
2024421494009,2024,421494009,1,9,0,-1,9,5,1,-1,0,6,0,0,0,0,3,1,-1,6,1,92,11,1791,8,13,TOYOTA PRIUS,5,E01021550,0,1
2024201457130,2024,201457130,1,9,0,-1,7,3,5,-1,0,5,0,0,0,0,4,9,-1,1,1,50,8,1798,8,12,TOYOTA PRIUS,1,E01009640,0,1
2024061531965,2024,061531965,2,9,0,-1,19,7,3,-1,0,0,0,0,0,0,1,1,-1,9,2,65,9,1797,8,14,TOYOTA PRIUS,8,E01019755,0,1
2024302400973,2024,302400973,1,8,0,9,9,1,6,0,0,6,0,0,0,0,3,1,1,1,1,44,7,1797,8,6,TOYOTA PRIUS,2,E01007906,0,4
2024211514817,2024,211514817,1,9,0,-1,5,3,7,-1,0,0,0,0,0,0,1,1,-1,2,1,42,7,1798,8,12,TOYOTA PRIUS,3,E01014283,0,1
2024401460832,2024,401460832,1,8,0,-1,9,5,3,-1,0,1,0,0,0,0,1,1,-1,1,1,43,7,1798,8,7,TOYOTA PRIUS,2,E01015704,0,1
2024351521634,2024,351521634,2,9,0,-1,3,5,1,-1,0,2,0,0,0,0,2,1,-1,1,1,41,7,1798,8,3,TOYOTA PRIUS,1,E01015603,0,2
2024041410568,2024,041410568,2,9,0,-1,19,1,5,-1,0,0,0,0,0,0,4,1,-1,9,1,54,8,1798,8,12,TOYOTA PRIUS,1,E01034336,0,1
2024010532919,2024,010532919,1,9,9,18,19,7,3,0,0,0,0,0,0,0,4,9,6,6,1,72,10,1798,8,6,TOYOTA PRIUS,3,E01003583,0,2
2024552401473,2024,552401473,2,8,0,4,4,6,2,0,0,0,0,0,0,0,2,1,1,1,1,52,8,1798,8,9,TOYOTA PRIUS,5,E01015372,0,1
2024061447005,2024,061447005,1,9,0,-1,-1,-1,-1,-1,-1,0,-1,-1,-1,0,-1,9,-1,6,1,-1,-1,1790,8,4,TOYOTA PRIUS,2,E01004815,0,3
2024041506156,2024,041506156,2,9,0,-1,19,3,7,-1,0,1,0,0,0,0,4,1,-1,1,1,47,8,1797,8,2,TOYOTA PRIUS,2,E01012642,0,3
2024010509763,2024,010509763,2,9,9,99,99,9,9,99,99,9,9,99,9,99,9,9,6,6,3,-1,-1,1798,8,10,TOYOTA PRIUS,-1,-1,0,-1
2024010542524,2024,010542524,1,9,0,99,99,9,9,99,99,9,9,99,9,99,1,9,6,6,1,42,7,1798,8,10,TOYOTA PRIUS,2,E01003600,0,3
2024430431879,2024,430431879,1,9,0,18,19,6,2,0,0,3,0,0,0,0,4,1,6,6,1,38,7,1797,8,15,TOYOTA PRIUS,3,E01016363,0,1
2024332400762,2024,332400762,1,9,0,-1,7,5,7,-1,0,6,0,0,0,0,4,1,-1,6,1,35,6,1797,8,14,TOYOTA PRIUS,7,E01025690,0,1
2024010526958,2024,010526958,1,8,0,99,99,9,9,99,99,9,9,99,9,99,9,9,1,1,1,40,7,1798,8,10,TOYOTA PRIUS,2,E01002067,0,1
2024010517697,2024,010517697,2,9,0,99,99,9,9,99,99,9,9,99,9,99,9,9,6,6,2,-1,-1,1798,8,8,TOYOTA PRIUS,-1,-1,0,-1
2024451484008,2024,451484008,1,8,0,-1,19,5,1,-1,0,1,0,4,0,0,1,1,-1,1,3,55,8,1797,8,10,TOYOTA PRIUS,-1,-1,0,-1