collision_index,collision_year,collision_ref_no,vehicle_reference,vehicle_type,towing_and_articulation,vehicle_manoeuvre_historic,vehicle_manoeuvre,vehicle_direction_from,vehicle_direction_to,vehicle_location_restricted_lane_historic,vehicle_location_restricted_lane,junction_location,skidding_and_overturning,hit_object_in_carriageway,vehicle_leaving_carriageway,hit_object_off_carriageway,first_point_of_impact,vehicle_left_hand_drive,journey_purpose_of_driver_historic,journey_purpose_of_driver,sex_of_driver,age_of_driver,age_band_of_driver,engine_capacity_cc,propulsion_code,age_of_vehicle,generic_make_model,driver_imd_decile,lsoa_of_driver,escooter_flag,driver_distance_banding
2024010538842,2024,010538842,1,9,0,4,4,6,2,0,0,0,0,0,0,0,1,1,1,1,1,44,7,1798,8,10,TOYOTA PRIUS,-1,-1,0,-1
2024010499440,2024,010499440,1,8,0,99,99,9,9,99,99,9,9,99,9,99,9,9,6,6,3,-1,-1,1797,8,10,TOYOTA PRIUS,-1,-1,0,-1
2024061403719,2024,061403719,1,9,0,-1,19,5,3,-1,0,2,0,0,0,0,1,1,-1,1,1,30,6,1797,8,14,TOYOTA PRIUS,1,E01004853,0,2
2024430268927,2024,430268927,3,8,0,18,19,1,5,0,0,1,0,0,0,0,1,1,1,1,1,40,7,1797,8,10,TOYOTA PRIUS,8,E01034416,0,4
2024010517182,2024,010517182,1,9,0,5,5,1,5,0,0,6,0,0,0,0,3,1,6,6,1,44,7,1798,8,9,TOYOTA PRIUS,5,E01000398,0,2
2024010510173,2024,010510173,2,9,0,99,99,9,9,99,99,9,9,99,9,99,9,9,6,6,3,-1,-1,1798,8,5,TOYOTA PRIUS,-1,-1,0,-1
2024461529820,2024,461529820,2,9,0,-1,19,7,2,-1,0,3,0,0,0,0,1,1,-1,9,1,53,8,1798,8,5,TOYOTA PRIUS,1,E01016019,0,1
2024440403217,2024,440403217,1,9,0,7,7,1,3,0,0,6,0,0,0,0,1,1,6,6,1,36,7,1797,8,4,TOYOTA PRIUS,-1,-1,0,-1
2024461440963,2024,461440963,2,9,0,-1,7,3,7,-1,0,5,0,0,0,0,3,9,-1,6,1,69,10,1797,8,15,TOYOTA PRIUS,5,E01024674,0,1
2024010517758,2024,010517758,1,9,0,3,3,1,5,2,2,6,0,0,0,0,2,1,6,6,1,52,8,1797,8,12,TOYOTA PRIUS,-1,-1,0,-1
2024010545250,2024,010545250,3,9,0,18,19,7,3,0,0,2,0,0,0,0,2,1,6,6,1,47,8,1798,8,11,TOYOTA PRIUS,6,E01000514,0,3
2024451505662,2024,451505662,1,9,0,-1,19,5,1,-1,0,8,0,0,0,0,1,1,-1,6,1,41,7,1797,8,13,TOYOTA PRIUS,9,E01030488,0,1
2024451525903,2024,451525903,1,8,-1,-1,-1,-1,-1,-1,-1,-1,-1,-1,-1,0,-1,9,-1,1,2,30,6,1790,8,9,TOYOTA PRIUS,5,E01034293,0,1
2024010547584,2024,010547584,2,8,9,99,99,9,9,99,99,0,9,99,9,99,9,9,6,6,1,-1,-1,1798,8,6,TOYOTA PRIUS,3,E01004322,0,1
2024010518894,2024,010518894,2,9,0,99,99,9,9,99,99,9,9,99,9,99,1,9,6,6,2,45,7,1798,8,8,TOYOTA PRIUS,7,E01001231,0,1
2024010550264,2024,010550264,2,8,0,16,19,6,2,0,0,8,0,0,0,0,3,1,1,1,1,33,6,1798,8,5,TOYOTA PRIUS,2,E01001482,0,3
2024010533678,2024,010533678,1,9,0,18,19,7,3,0,0,1,0,0,0,0,1,1,6,6,3,-1,-1,1790,8,11,TOYOTA PRIUS,-1,-1,0,-1
2024010494837,2024,010494837,1,9,0,7,7,1,2,0,0,5,0,0,0,0,1,1,6,6,2,29,6,1497,8,18,TOYOTA PRIUS,6,E01034590,0,1
2024522402229,2024,522402229,2,8,0,4,4,2,6,0,0,2,0,0,0,0,2,1,6,6,3,-1,-1,1798,8,8,TOYOTA PRIUS,-1,-1,0,-1
2024010497489,2024,010497489,1,9,0,13,13,1,5,0,0,0,2,0,7,2,3,1,6,6,1,22,5,1797,8,10,TOYOTA PRIUS,3,E01034199,0,1
2024010539475,2024,010539475,1,9,0,9,9,1,6,6,6,6,0,0,0,0,4,1,1,1,1,44,7,1797,8,9,TOYOTA PRIUS,5,E01001260,0,2
2024052402357,2024,052402357,1,8,0,5,5,8,4,0,0,0,0,0,0,0,0,1,1,1,1,50,8,1797,8,10,TOYOTA PRIUS,2,E01004815,0,4
2024401484191,2024,401484191,2,9,0,-1,19,5,1,-1,0,0,0,0,0,0,3,1,-1,9,1,24,5,1497,8,18,TOYOTA PRIUS,8,E01007921,0,5
2024010520414,2024,010520414,1,9,0,18,19,5,1,0,0,1,0,7,0,0,1,1,6,6,2,33,6,1797,8,14,TOYOTA PRIUS,-1,-1,0,-1
2024010512363,2024,010512363,1,8,0,18,19,7,3,0,0,2,0,0,0,0,1,2,6,6,1,41,7,1797,8,10,TOYOTA PRIUS,2,E01004301,0,2
2024010505008,2024,010505008,2,9,9,18,19,6,2,0,0,6,0,99,0,0,1,1,6,6,1,51,8,1798,8,11,TOYOTA PRIUS,3,E01000090,0,2
2024201456239,2024,201456239,2,8,0,-1,19,5,6,-1,0,0,0,0,0,0,3,1,-1,1,1,58,9,1797,8,10,TOYOTA PRIUS,1,E01033638,0,1
2024430198401,2024,430198401,3,9,0,-1,-1,8,6,0,0,1,0,0,0,0,-1,1,6,6,1,53,8,1497,8,16,TOYOTA PRIUS,9,E01034457,0,1
2024451414692,2024,451414692,1,9,0,-1,7,5,1,-1,0,0,0,0,0,0,1,1,-1,1,1,51,8,1797,8,9,TOYOTA PRIUS,3,E01001006,0,4
2024101445398,2024,101445398,2,9,0,-1,19,7,3,-1,0,6,0,0,0,0,1,9,-1,6,3,16,4,1497,8,18,TOYOTA PRIUS,-1,-1,0,-1
2024010543139,2024,010543139,2,9,0,99,99,9,9,99,99,9,9,99,9,99,1,9,6,6,3,-1,-1,1797,8,14,TOYOTA PRIUS,-1,-1,0,-1
2024010528919,2024,010528919,1,9,0,9,9,1,6,0,0,1,0,0,0,0,1,1,6,6,1,58,9,1797,8,13,TOYOTA PRIUS,2,E01004248,0,1
2024010512014,2024,010512014,1,9,0,9,9,4,1,0,0,8,0,0,0,0,1,1,3,7,1,48,8,1798,8,7,TOYOTA PRIUS,1,E01001813,0,1
2024010514769,2024,010514769,1,9,0,6,6,5,5,0,0,6,0,0,0,0,3,1,1,1,1,51,8,1798,8,7,TOYOTA PRIUS,4,E01000608,0,3
2024461469799,2024,461469799,2,8,0,-1,19,2,6,-1,0,1,0,0,0,0,3,1,-1,9,1,77,11,1798,8,5,TOYOTA PRIUS,6,E01016166,0,1
2024010521273,2024,010521273,2,8,0,99,99,9,9,99,99,9,9,99,9,99,1,9,6,6,3,-1,-1,1797,8,11,TOYOTA PRIUS,-1,-1,0,-1
2024010518962,2024,010518962,2,9,0,18,19,3,7,0,0,0,0,0,0,0,1,1,1,1,1,35,6,1797,8,6,TOYOTA PRIUS,2,E01000012,0,3
2024041445303,2024,041445303,2,9,0,-1,19,3,7,-1,0,0,0,0,0,0,1,1,-1,1,1,38,7,1797,8,6,TOYOTA PRIUS,2,E01012697,0,1
2024201421710,2024,201421710,1,9,0,-1,19,8,4,-1,0,0,0,0,0,0,4,9,-1,6,3,-1,-1,1797,8,6,TOYOTA PRIUS,-1,-1,0,-1
2024061415240,2024,061415240,2,9,0,-1,19,6,2,-1,0,0,0,0,0,0,1,1,-1,1,1,62,9,1798,8,12,TOYOTA PRIUS,2,E01005580,0,1
2024411446082,2024,411446082,1,8,0,-1,19,1,5,-1,0,1,0,0,0,0,1,1,-1,1,1,40,7,1798,8,7,TOYOTA PRIUS,8,E01015695,0,4
2024010499947,2024,010499947,1,9,0,5,5,0,1,0,0,0,0,0,0,0,1,1,1,1,1,46,8,1797,8,7,TOYOTA PRIUS,1,E01001080,0,2
2024430134478,2024,430134478,1,9,0,3,3,2,6,0,0,1,0,0,0,0,3,1,6,6,2,41,7,1497,8,16,TOYOTA PRIUS,5,E01016492,0,1
2024010509770,2024,010509770,1,9,0,18,19,3,7,0,0,2,0,0,0,0,1,1,1,1,1,46,8,1798,8,12,TOYOTA PRIUS,2,E01004264,0,1
2024010516941,2024,010516941,2,9,0,99,99,9,9,99,99,0,9,99,9,99,1,9,6,6,3,-1,-1,1790,8,12,TOYOTA PRIUS,6,E01002380,0,2
2024101523076,2024,101523076,2,9,0,-1,3,4,8,-1,0,0,0,0,0,0,1,1,-1,6,2,44,7,1797,8,14,TOYOTA PRIUS,5,E01008343,0,1
2024041476268,2024,041476268,2,9,0,-1,4,7,7,-1,0,8,0,0,0,0,3,1,-1,1,1,60,9,1497,8,16,TOYOTA PRIUS,3,E01012587,0,1
2024010500104,2024,010500104,2,9,0,99,99,9,9,99,99,9,9,99,9,99,9,9,6,6,3,-1,-1,1798,8,11,TOYOTA PRIUS,-1,-1,0,-1
2024131509466,2024,131509466,2,9,0,-1,19,3,7,-1,0,0,0,0,0,0,1,1,-1,9,1,34,6,1797,8,7,TOYOTA PRIUS,1,E01010830,0,1
2024010508773,2024,010508773,2,9,0,3,3,1,5,0,0,1,0,0,0,0,4,1,1,1,1,57,9,1797,8,11,TOYOTA PRIUS,3,E01001503,0,2
2024010524950,2024,010524950,1,9,0,18,19,5,1,0,0,0,0,0,0,0,1,1,6,6,1,60,9,1797,8,14,TOYOTA PRIUS,2,E01000013,0,3
2024010537345,2024,010537345,2,9,0,9,9,4,1,0,0,1,1,0,0,0,2,1,6,6,1,24,5,1797,8,13,TOYOTA PRIUS,6,E01000513,0,1
2024010507477,2024,010507477,2,9,0,3,3,3,7,0,0,0,0,0,0,0,2,1,1,1,1,49,8,1798,8,4,TOYOTA PRIUS,4,E01003734,0,1
2024061465733,2024,061465733,2,8,9,-1,7,-1,-1,-1,0,0,0,0,0,0,0,1,-1,6,3,-1,-1,1797,8,6,TOYOTA PRIUS,-1,-1,0,-1
2024461474496,2024,461474496,1,9,0,-1,19,2,8,-1,0,1,0,0,0,0,1,1,-1,6,1,28,6,1797,8,13,TOYOTA PRIUS,2,E01024247,0,1
2024010505136,2024,010505136,2,9,0,18,19,7,3,0,0,1,0,0,0,0,1,1,1,1,1,30,6,1798,8,11,TOYOTA PRIUS,2,E01000525,0,1
2024430275324,2024,430275324,1,8,0,18,19,5,1,0,0,0,0,8,0,0,1,1,1,1,1,46,8,1798,8,8,TOYOTA PRIUS,1,E01012574,0,5
2024061449137,2024,061449137,2,8,0,-1,19,7,3,-1,0,1,0,0,0,0,4,1,-1,1,1,42,7,1796,8,10,TOYOTA PRIUS,5,E01004833,0,1
2024201453390,2024,201453390,6,8,0,-1,2,0,0,-1,0,0,0,0,0,0,4,1,-1,6,-1,-1,-1,1797,8,7,TOYOTA PRIUS,-1,-1,0,-1
2024471462874,2024,471462874,1,9,0,-1,19,7,3,-1,0,1,0,0,0,0,2,1,-1,9,2,39,7,1790,8,11,TOYOTA PRIUS,5,E01031469,0,1
2024131427688,2024,131427688,1,9,0,-1,2,0,0,-1,0,2,0,0,0,0,0,1,-1,6,-1,-1,-1,1798,8,11,TOYOTA PRIUS,-1,-1,0,-1
2024131446584,2024,131446584,1,9,0,-1,19,4,8,-1,0,8,0,0,0,0,1,1,-1,9,1,66,10,1798,8,9,TOYOTA PRIUS,1,E01010838,0,1
2024201510737,2024,201510737,2,9,0,-1,19,3,7,-1,0,0,0,0,0,0,3,1,-1,6,1,33,6,1797,8,5,TOYOTA PRIUS,1,E01009024,0,1
2024311431825,2024,311431825,1,9,0,-1,19,8,4,-1,0,0,0,0,0,0,4,9,-1,6,3,-1,-1,1797,8,10,TOYOTA PRIUS,-1,-1,0,-1
2024131516582,2024,131516582,1,9,0,-1,7,2,2,-1,0,8,0,0,0,0,3,1,-1,1,1,44,7,1797,8,4,TOYOTA PRIUS,2,E01010929,0,1
2024010529223,2024,010529223,1,9,0,99,99,9,9,99,99,9,9,99,9,99,2,9,1,1,1,62,9,1798,8,10,TOYOTA PRIUS,3,E01000510,0,3
2024401431819,2024,401431819,2,8,-1,-1,-1,-1,-1,-1,-1,0,-1,-1,-1,0,1,9,-1,2,1,28,6,1798,8,9,TOYOTA PRIUS,3,E01015781,0,1
2024010551231,2024,010551231,2,9,0,5,5,6,2,0,0,1,0,0,0,0,1,1,6,6,1,59,9,1797,8,9,TOYOTA PRIUS,5,E01002613,0,3
2024052402593,2024,052402593,1,9,0,9,9,4,2,0,0,8,0,0,0,0,1,1,2,2,1,35,6,1797,8,9,TOYOTA PRIUS,1,E01006552,0,1
2024061434204,2024,061434204,2,9,0,-1,2,5,5,-1,0,0,0,0,0,0,1,1,-1,9,1,55,8,1797,8,14,TOYOTA PRIUS,1,E01004825,0,3
2024201530793,2024,201530793,2,8,0,-1,7,3,6,-1,0,5,0,0,0,0,1,1,-1,6,1,-1,-1,1797,8,11,TOYOTA PRIUS,2,E01009017,0,1
2024010524218,2024,010524218,1,8,0,99,99,9,9,99,99,9,9,99,9,99,2,9,1,1,1,37,7,1798,8,6,TOYOTA PRIUS,4,E01004452,0,3
2024302400307,2024,302400307,2,9,0,4,4,5,8,0,0,8,0,0,0,0,2,1,6,6,1,57,9,1797,8,6,TOYOTA PRIUS,3,E01029434,0,2
2024010550754,2024,010550754,1,9,0,9,9,5,3,0,0,6,0,0,0,0,1,1,1,1,2,38,7,1797,8,10,TOYOTA PRIUS,3,E01001448,0,4
2024010534911,2024,010534911,1,9,0,18,19,3,7,0,0,1,0,7,0,0,3,1,6,6,1,25,5,1797,8,10,TOYOTA PRIUS,5,E01033918,0,1
2024010495953,2024,010495953,1,8,0,10,10,7,4,0,0,1,0,0,0,0,1,1,1,1,1,44,7,1798,8,9,TOYOTA PRIUS,6,E01002122,0,3
2024061510516,2024,061510516,1,9,0,-1,19,1,1,-1,0,1,0,0,0,0,2,1,-1,6,1,32,6,1497,8,19,TOYOTA PRIUS,-1,-1,0,-1
2024010545470,2024,010545470,1,9,0,4,4,1,5,0,0,1,0,0,0,0,2,1,1,1,1,55,8,1797,8,15,TOYOTA PRIUS,1,E01002732,0,1
2024201500548,2024,201500548,1,8,0,-1,7,1,7,-1,9,6,0,0,0,0,1,1,-1,1,1,29,6,1798,8,6,TOYOTA PRIUS,1,E01009382,0,1
2024010518129,2024,010518129,1,9,0,18,19,3,7,0,0,4,0,0,0,0,1,1,6,6,1,24,5,1797,8,10,TOYOTA PRIUS,2,E01035683,0,1
2024010520263,2024,010520263,1,9,0,4,4,5,1,0,0,9,0,0,0,0,1,9,6,6,3,-1,-1,1797,8,11,TOYOTA PRIUS,-1,-1,0,-1
2024010540826,2024,010540826,3,9,9,99,99,9,9,99,99,9,9,99,9,99,9,9,6,6,1,31,6,1797,8,11,TOYOTA PRIUS,4,E01000780,0,4
2024201427256,2024,201427256,1,8,0,-1,19,6,2,-1,0,8,0,0,0,0,1,9,-1,6,3,-1,-1,1797,8,6,TOYOTA PRIUS,-1,-1,0,-1
2024010544362,2024,010544362,1,9,0,18,19,6,2,0,0,8,0,0,0,0,4,1,3,7,1,52,8,1797,8,14,TOYOTA PRIUS,3,E01003829,0,1
2024340WN7172,2024,340WN7172,2,8,0,-1,4,5,1,-1,0,0,0,0,0,0,2,1,-1,1,1,35,6,1797,8,14,TOYOTA PRIUS,1,E01027140,0,2
2024010534514,2024,010534514,1,9,0,9,9,7,4,0,0,6,0,0,0,0,3,1,6,6,1,60,9,1798,8,12,TOYOTA PRIUS,4,E01003602,0,1
2024010551520,2024,010551520,3,9,0,4,4,5,1,0,0,0,0,0,0,0,2,1,1,1,1,49,8,1798,8,10,TOYOTA PRIUS,-1,-1,0,-1
2024010522681,2024,010522681,2,9,0,99,99,9,9,99,99,9,9,99,9,99,1,9,6,6,3,35,6,1797,8,14,TOYOTA PRIUS,2,E01033000,0,2
2024010504443,2024,010504443,2,8,0,99,99,9,9,99,99,9,9,99,9,99,1,9,6,6,2,44,7,1797,8,11,TOYOTA PRIUS,1,E01002842,0,1
2024010524969,2024,010524969,4,9,3,3,3,1,5,0,0,1,0,0,0,0,2,1,6,6,1,48,8,1797,8,7,TOYOTA PRIUS,6,E01002625,0,2
2024010513227,2024,010513227,2,9,0,99,99,9,9,99,99,9,9,99,9,99,1,9,6,6,3,-1,-1,1797,8,7,TOYOTA PRIUS,-1,-1,0,-1
2024201433349,2024,201433349,1,9,0,-1,7,6,8,-1,0,5,0,0,0,0,1,9,-1,7,2,40,7,1497,8,17,TOYOTA PRIUS,1,E01008998,0,1
2024010551186,2024,010551186,1,9,0,-1,-1,3,7,0,0,8,0,0,0,0,3,1,6,6,1,44,7,1798,8,7,TOYOTA PRIUS,6,E01024136,0,4
2024010549380,2024,010549380,2,9,0,18,19,7,3,0,0,0,0,0,0,0,2,1,1,1,1,55,8,1797,8,6,TOYOTA PRIUS,-1,-1,0,-1
2024052400594,2024,052400594,1,8,0,1,1,5,1,0,0,0,0,0,0,0,2,1,1,1,1,58,9,1798,8,4,TOYOTA PRIUS,1,E01006871,0,1
2024010539868,2024,010539868,1,9,9,99,99,9,9,99,99,9,9,99,9,99,9,9,6,6,3,-1,-1,1798,8,9,TOYOTA PRIUS,-1,-1,0,-1
2024061447208,2024,061447208,1,9,0,-1,19,6,2,-1,0,1,0,0,0,0,4,1,-1,1,1,41,7,1797,8,8,TOYOTA PRIUS,1,E01005377,0,1
2024061481371,2024,061481371,2,9,-1,-1,2,0,0,-1,0,0,0,0,0,0,4,9,-1,7,2,68,10,1797,8,13,TOYOTA PRIUS,1,E01005081,0,1
2024010518586,2024,010518586,2,9,0,6,6,1,1,0,0,2,0,0,0,0,1,1,6,6,1,14,3,1800,8,13,TOYOTA PRIUS,9,E01004191,0,1
2024421393680,2024,421393680,3,9,0,-1,19,5,2,-1,0,0,0,0,0,0,1,1,-1,1,1,52,8,1797,8,4,TOYOTA PRIUS,3,E01003069,0,4
2024010513769,2024,010513769,2,9,0,2,2,0,0,0,0,1,0,0,0,0,1,1,6,6,3,-1,-1,1798,8,12,TOYOTA PRIUS,-1,-1,0,-1
2024010500373,2024,010500373,1,9,0,18,19,3,7,0,0,2,0,0,0,0,1,1,1,1,1,65,9,1798,8,6,TOYOTA PRIUS,2,E01004288,0,1
2024010520443,2024,010520443,4,9,0,18,19,6,2,0,0,1,0,0,0,0,0,1,1,1,1,29,6,1798,8,3,TOYOTA PRIUS,-1,-1,0,-1
2024201465216,2024,201465216,1,9,0,-1,9,6,4,-1,0,6,0,0,0,0,1,1,-1,6,1,45,7,1797,8,4,TOYOTA PRIUS,8,E01010161,0,3
2024010506645,2024,010506645,1,8,0,7,7,5,6,0,0,6,0,0,0,0,3,1,1,1,1,53,8,1797,8,10,TOYOTA PRIUS,3,E01001362,0,3
2024010530855,2024,010530855,1,9,0,3,3,6,2,0,0,0,0,0,0,0,2,1,3,7,2,49,8,1797,8,4,TOYOTA PRIUS,2,E01003390,0,1
2024101465096,2024,101465096,1,8,0,-1,14,7,3,-1,0,1,0,0,0,0,4,1,-1,1,1,40,7,1797,8,13,TOYOTA PRIUS,2,E01008690,0,2
2024010511031,2024,010511031,2,9,0,99,99,9,9,99,99,9,9,99,9,99,1,1,6,6,3,-1,-1,1798,8,7,TOYOTA PRIUS,6,E01003702,0,2
2024101477745,2024,101477745,1,9,0,-1,19,3,7,-1,0,8,0,0,0,0,0,9,-1,6,3,-1,-1,1798,8,6,TOYOTA PRIUS,-1,-1,0,-1
2024131420137,2024,131420137,2,9,0,-1,19,7,3,-1,0,0,0,0,0,0,0,1,-1,1,1,43,7,1798,8,10,TOYOTA PRIUS,1,E01010724,0,1
2024991489591,2024,991489591,1,8,0,-1,5,5,8,-1,0,0,0,0,0,0,1,1,-1,1,1,33,6,1797,8,4,TOYOTA PRIUS,1,-1,0,1
2024052401340,2024,052401340,1,8,0,16,19,1,5,0,0,1,0,0,0,0,1,1,1,1,1,40,7,1798,8,7,TOYOTA PRIUS,1,E01005205,0,4
2024131428756,2024,131428756,1,8,0,-1,19,3,7,-1,0,8,0,0,0,0,3,1,-1,1,1,31,6,1797,8,8,TOYOTA PRIUS,2,E01010738,0,1
2024501400738,2024,501400738,2,9,0,-1,19,8,4,-1,0,1,0,0,0,0,1,1,-1,6,1,38,7,1497,8,19,TOYOTA PRIUS,9,E01015105,0,1
2024501496756,2024,501496756,4,8,0,-1,2,3,7,-1,0,2,0,0,0,0,2,1,-1,6,-1,-1,-1,1797,8,14,TOYOTA PRIUS,-1,-1,0,-1
2024061442357,2024,061442357,1,9,-1,-1,-1,-1,-1,-1,-1,0,-1,-1,-1,0,-1,9,-1,6,3,-1,-1,1497,8,20,TOYOTA PRIUS,-1,-1,0,-1
2024010558830,2024,010558830,1,8,0,99,99,9,9,99,99,9,9,99,9,99,2,9,1,1,1,65,9,1798,8,8,TOYOTA PRIUS,2,E01001479,0,2
2024010518648,2024,010518648,1,8,0,99,99,9,9,99,99,1,9,99,9,99,2,9,6,6,1,38,7,1798,8,5,TOYOTA PRIUS,6,E01004046,0,2
2024010547508,2024,010547508,2,9,0,18,19,7,3,0,0,8,0,0,0,0,1,1,6,6,1,52,8,1798,8,7,TOYOTA PRIUS,-1,-1,0,-1
2024010544840,2024,010544840,2,9,0,5,5,6,2,0,0,6,0,0,0,0,0,1,6,6,1,37,7,1790,8,13,TOYOTA PRIUS,2,E01002078,0,1
2024201468199,2024,201468199,2,8,0,-1,5,7,3,-1,0,8,0,0,0,0,3,1,-1,1,1,41,7,1797,8,8,TOYOTA PRIUS,4,E01009394,0,2
2024201441758,2024,201441758,3,8,0,-1,2,0,0,-1,0,0,0,0,0,0,1,1,-1,6,-1,-1,-1,1797,8,4,TOYOTA PRIUS,-1,-1,0,-1
2024010508145,2024,010508145,4,9,0,18,19,1,5,0,0,0,0,0,0,0,4,1,6,6,1,66,10,1798,8,10,TOYOTA PRIUS,-1,-1,0,-1
2024010530169,2024,010530169,2,9,9,99,99,9,9,99,99,9,9,99,9,99,1,9,6,6,1,86,11,1797,8,14,TOYOTA PRIUS,6,E01002933,0,1
2024010540297,2024,010540297,2,9,0,99,99,9,9,99,99,9,9,99,9,99,1,9,6,6,3,-1,-1,1798,8,10,TOYOTA PRIUS,-1,-1,0,-1
2024010498098,2024,010498098,2,9,0,99,99,9,9,99,99,9,9,99,9,99,1,9,6,6,1,64,9,1797,8,5,TOYOTA PRIUS,3,E01001759,0,3
2024501521586,2024,501521586,1,8,0,-1,19,1,5,-1,0,0,0,0,0,0,3,1,-1,1,2,59,9,1797,8,15,TOYOTA PRIUS,6,E01015174,0,1
2024201500031,2024,201500031,4,9,0,-1,2,0,0,-1,0,0,0,7,0,0,2,1,-1,6,-1,-1,-1,1797,8,8,TOYOTA PRIUS,-1,-1,0,-1
2024010531934,2024,010531934,1,9,0,4,4,1,5,0,0,2,0,0,0,0,2,1,1,1,1,59,9,1797,8,10,TOYOTA PRIUS,6,E01004481,0,1
2024010498249,2024,010498249,2,9,0,99,99,9,9,99,99,9,9,99,9,99,9,9,6,6,3,56,9,1497,8,17,TOYOTA PRIUS,3,E01002370,0,3
2024010551692,2024,010551692,1,9,0,16,19,1,5,0,0,6,0,0,0,0,1,1,1,1,1,64,9,1790,8,5,TOYOTA PRIUS,6,E01002541,0,3
2024010511869,2024,010511869,1,9,0,9,9,7,5,0,0,2,0,0,0,0,1,1,6,6,1,55,8,1798,8,8,TOYOTA PRIUS,1,E01002038,0,1
2024201474502,2024,201474502,1,9,0,-1,11,7,3,-1,0,0,0,0,0,0,4,1,-1,9,1,43,7,1797,8,7,TOYOTA PRIUS,1,E01009195,0,1
2024061419998,2024,061419998,1,9,0,-1,5,7,3,-1,0,1,0,0,0,0,4,1,-1,1,1,33,6,1497,8,18,TOYOTA PRIUS,3,E01004921,0,3
2024131528541,2024,131528541,2,9,0,-1,19,1,1,-1,0,4,0,0,0,0,1,1,-1,1,1,28,6,1798,8,12,TOYOTA PRIUS,1,E01010809,0,1
2024010550870,2024,010550870,1,9,0,4,4,1,5,0,0,2,0,0,0,0,2,1,6,6,1,54,8,1798,8,6,TOYOTA PRIUS,5,E01015992,0,4
2024131445775,2024,131445775,1,9,0,-1,19,6,2,-1,0,0,0,0,0,0,1,1,-1,1,1,40,7,1797,8,10,TOYOTA PRIUS,1,E01011869,0,1
2024070509079,2024,070509079,1,9,0,18,19,6,4,0,0,0,0,0,0,0,0,1,6,6,2,49,8,1798,8,12,TOYOTA PRIUS,7,E01012540,0,1
2024061512849,2024,061512849,1,9,0,-1,19,8,4,-1,0,1,0,0,0,0,1,1,-1,1,1,39,7,1497,8,16,TOYOTA PRIUS,6,E01006146,0,1
2024201482152,2024,201482152,1,8,0,-1,9,2,6,-1,0,5,0,0,0,0,1,1,-1,1,1,40,7,1798,8,2,TOYOTA PRIUS,-1,-1,0,-1
2024131422836,2024,131422836,2,9,0,-1,2,5,1,-1,-1,0,0,0,0,0,2,1,-1,6,1,44,7,1797,8,10,TOYOTA PRIUS,7,E01027089,0,5
2024311469754,2024,311469754,2,9,0,-1,19,1,7,-1,0,8,0,0,0,0,1,1,-1,1,1,42,7,1496,8,11,TOYOTA PRIUS,3,E01028153,0,2
2024131496306,2024,131496306,2,9,0,-1,19,5,1,-1,0,2,0,0,0,0,1,1,-1,6,1,36,7,1797,8,14,TOYOTA PRIUS,3,E01010597,0,3
2024010537385,2024,010537385,1,9,9,99,99,9,9,99,99,9,9,99,9,99,9,9,6,6,3,-1,-1,1797,8,15,TOYOTA PRIUS,-1,-1,0,-1
2024411510345,2024,411510345,1,9,0,-1,19,7,3,-1,0,1,0,0,0,0,1,9,-1,6,1,-1,-1,1797,8,7,TOYOTA PRIUS,-1,-1,0,-1
2024010513953,2024,010513953,2,9,0,17,19,1,5,0,0,1,0,0,0,0,1,1,6,6,1,31,6,1797,8,11,TOYOTA PRIUS,5,E01001396,0,3
2024201464170,2024,201464170,1,9,0,-1,19,6,2,-1,0,1,0,0,0,0,1,1,-1,6,1,40,7,1497,8,16,TOYOTA PRIUS,1,E01009322,0,1
2024211500726,2024,211500726,1,9,0,-1,5,5,1,-1,0,2,0,1,0,0,1,1,-1,6,2,45,7,1497,8,20,TOYOTA PRIUS,-1,-1,0,-1
2024451504160,2024,451504160,2,9,0,-1,9,8,4,-1,0,8,0,0,0,0,3,1,-1,1,1,33,6,1798,8,3,TOYOTA PRIUS,4,E01030793,0,1
2024010544155,2024,010544155,1,9,0,99,99,9,9,99,99,9,9,99,9,99,1,9,6,6,3,-1,-1,1798,8,6,TOYOTA PRIUS,-1,-1,0,-1
2024061474238,2024,061474238,1,9,0,-1,19,2,6,-1,0,1,0,0,0,0,1,1,-1,6,1,52,8,1497,8,16,TOYOTA PRIUS,1,E01005564,0,3
2024430389148,2024,430389148,1,9,0,9,9,6,8,0,0,6,0,0,0,0,1,1,6,6,1,-1,-1,1497,8,17,TOYOTA PRIUS,-1,-1,0,-1
2024451403026,2024,451403026,1,9,0,-1,7,8,5,-1,0,5,0,0,0,0,1,1,-1,7,2,29,6,1791,8,12,TOYOTA PRIUS,10,E01030375,0,1
2024010497702,2024,010497702,1,9,0,99,99,9,9,99,99,9,9,99,9,99,2,9,6,6,1,68,10,1497,8,17,TOYOTA PRIUS,3,E01003552,0,1
2024010529287,2024,010529287,2,9,0,3,3,5,1,0,0,4,0,0,0,0,1,1,6,6,1,56,9,1798,8,9,TOYOTA PRIUS,-1,-1,0,-1
2024010508643,2024,010508643,3,9,0,18,19,5,1,0,0,1,0,0,0,0,1,2,1,1,1,50,8,1797,8,7,TOYOTA PRIUS,3,E01004257,0,1
2024010541669,2024,010541669,1,9,0,14,14,1,5,0,0,1,0,0,0,0,4,1,6,6,1,17,4,1798,8,7,TOYOTA PRIUS,2,E01001409,0,2
2024041524149,2024,041524149,3,9,0,-1,19,6,2,-1,0,0,0,0,0,0,2,1,-1,9,1,36,7,1797,8,4,TOYOTA PRIUS,1,E01025236,0,1