collision_index,collision_year,collision_ref_no,vehicle_reference,vehicle_type,towing_and_articulation,vehicle_manoeuvre_historic,vehicle_manoeuvre,vehicle_direction_from,vehicle_direction_to,vehicle_location_restricted_lane_historic,vehicle_location_restricted_lane,junction_location,skidding_and_overturning,hit_object_in_carriageway,vehicle_leaving_carriageway,hit_object_off_carriageway,first_point_of_impact,vehicle_left_hand_drive,journey_purpose_of_driver_historic,journey_purpose_of_driver,sex_of_driver,age_of_driver,age_band_of_driver,engine_capacity_cc,propulsion_code,age_of_vehicle,generic_make_model,driver_imd_decile,lsoa_of_driver,escooter_flag,driver_distance_banding
2024010542844,2024,010542844,2,9,0,99,99,9,9,99,99,9,9,99,9,99,1,9,6,6,3,-1,-1,1797,8,15,TOYOTA PRIUS,-1,-1,0,-1
2024010525642,2024,010525642,2,9,0,99,99,9,9,99,99,9,9,99,9,99,1,9,6,6,3,-1,-1,1797,8,13,TOYOTA PRIUS,5,E01001037,0,1
2024010499702,2024,010499702,2,9,0,99,99,9,9,99,99,9,9,99,9,99,9,9,6,6,1,39,7,1798,8,11,TOYOTA PRIUS,1,E01001410,0,1
2024131451869,2024,131451869,1,9,0,-1,12,5,1,-1,0,0,1,0,0,0,3,1,-1,1,1,49,8,1797,8,7,TOYOTA PRIUS,1,E01010701,0,1
2024010506660,2024,010506660,2,8,0,3,3,1,5,0,0,2,0,0,0,0,3,1,6,6,1,42,7,1797,8,5,TOYOTA PRIUS,1,E01002904,0,1
2024010506464,2024,010506464,2,9,0,5,5,9,9,99,99,0,9,99,9,99,9,9,6,6,3,-1,-1,1497,8,16,TOYOTA PRIUS,-1,-1,0,-1
2024061535628,2024,061535628,1,8,0,-1,10,5,3,-1,99,1,0,0,0,0,3,1,-1,2,1,39,7,1798,8,11,TOYOTA PRIUS,1,E01005428,0,1
2024201440984,2024,201440984,2,8,0,-1,19,1,5,-1,0,0,0,0,0,0,1,9,-1,1,1,57,9,1797,8,9,TOYOTA PRIUS,1,E01009270,0,1
2024401526628,2024,401526628,1,8,0,-1,7,2,4,-1,0,1,0,0,0,0,1,1,-1,1,1,53,8,1798,8,8,TOYOTA PRIUS,3,E01015701,0,1
2024061496501,2024,061496501,2,9,0,-1,19,7,4,-1,0,2,0,0,0,0,1,1,-1,1,1,40,7,1797,8,7,TOYOTA PRIUS,-1,-1,0,-1
2024061494615,2024,061494615,1,8,0,-1,5,7,3,-1,0,2,0,0,0,0,4,1,-1,1,1,56,9,1497,8,16,TOYOTA PRIUS,1,E01005564,0,1
2024010533870,2024,010533870,1,9,0,18,19,3,7,0,0,0,0,10,7,0,1,1,6,6,1,52,8,1497,8,17,TOYOTA PRIUS,2,E01034056,0,5
2024401445521,2024,401445521,1,9,0,-1,11,8,4,-1,0,0,5,0,0,0,1,1,-1,6,3,-1,-1,1798,8,12,TOYOTA PRIUS,-1,-1,0,-1
2024131533243,2024,131533243,1,8,0,-1,5,0,1,-1,0,0,0,0,0,0,0,1,-1,6,3,-1,-1,1798,5,12,TOYOTA PRIUS,-1,-1,0,-1
2024010489018,2024,010489018,2,9,0,18,19,7,3,0,0,1,0,0,0,0,4,1,6,6,1,50,8,1797,8,9,TOYOTA PRIUS,2,E01003604,0,2
2024131512889,2024,131512889,1,9,0,-1,9,6,2,-1,0,8,0,0,0,0,4,1,-1,1,1,35,6,1797,8,8,TOYOTA PRIUS,3,E01011670,0,1
2024141497225,2024,141497225,1,9,0,-1,19,1,5,-1,0,0,5,0,1,0,1,1,-1,1,1,37,7,1798,8,12,TOYOTA PRIUS,1,E01010625,0,4
2024471527879,2024,471527879,1,9,0,-1,4,3,7,-1,0,0,0,0,0,0,2,1,-1,6,1,23,5,1797,8,14,TOYOTA PRIUS,5,E01031595,0,1
2024221469089,2024,221469089,1,9,0,-1,5,3,7,-1,0,0,0,0,0,0,1,9,-1,6,1,25,5,1791,8,12,TOYOTA PRIUS,1,E01010366,0,4
2024010513501,2024,010513501,2,9,0,99,99,9,9,99,99,9,9,99,9,99,9,9,6,6,3,-1,-1,1797,8,11,TOYOTA PRIUS,-1,-1,0,-1
2024201518811,2024,201518811,4,9,0,-1,2,0,0,-1,0,0,0,0,0,0,1,9,-1,6,-1,-1,-1,1797,8,9,TOYOTA PRIUS,-1,-1,0,-1
2024010509445,2024,010509445,2,9,0,18,19,7,3,0,0,8,0,0,0,0,2,1,6,6,1,67,10,1797,8,7,TOYOTA PRIUS,7,E01002181,0,1
2024010511927,2024,010511927,1,9,0,18,19,7,3,0,0,1,0,0,0,0,1,2,6,6,1,57,9,1797,8,7,TOYOTA PRIUS,3,E01001717,0,1
2024131506634,2024,131506634,2,9,0,-1,19,1,5,-1,0,8,0,0,0,0,3,1,-1,1,1,40,7,1797,8,10,TOYOTA PRIUS,1,E01011869,0,2
2024201521375,2024,201521375,2,8,0,-1,9,5,3,-1,0,1,0,0,0,0,4,1,-1,1,1,50,8,1797,8,7,TOYOTA PRIUS,1,E01009134,0,1
2024522401740,2024,522401740,1,9,0,18,19,6,2,0,0,0,0,0,0,0,1,1,6,6,1,47,8,1797,8,11,TOYOTA PRIUS,9,E01014931,0,1
2024430283075,2024,430283075,2,9,0,18,19,5,1,0,0,8,0,0,0,0,4,1,6,6,2,-1,-1,1798,8,10,TOYOTA PRIUS,-1,-1,0,-1
2024061529568,2024,061529568,1,9,0,-1,19,1,1,-1,0,0,0,0,0,0,0,2,-1,6,1,30,6,1797,8,4,TOYOTA PRIUS,-1,-1,0,-1
2024351490152,2024,351490152,2,8,0,-1,19,-1,-1,-1,0,0,0,0,0,0,2,1,-1,1,1,38,7,1798,8,4,TOYOTA PRIUS,6,E01015688,0,1
2024131450385,2024,131450385,1,9,0,-1,19,1,5,-1,0,3,0,0,0,0,4,1,-1,1,1,64,9,1797,8,12,TOYOTA PRIUS,1,E01010809,0,1
2024421515705,2024,421515705,1,9,0,-1,19,5,1,-1,0,0,0,0,0,0,1,1,-1,2,1,20,4,1497,8,16,TOYOTA PRIUS,2,E01015855,0,4
2024411433113,2024,411433113,1,8,0,-1,9,5,3,-1,0,0,0,0,0,0,3,1,-1,1,1,52,8,1797,8,11,TOYOTA PRIUS,9,E01017775,0,2
2024010524439,2024,010524439,1,8,0,7,7,1,3,0,0,8,0,0,0,0,4,1,6,6,1,52,8,1798,8,10,TOYOTA PRIUS,7,E01003643,0,3
2024010541319,2024,010541319,1,9,0,7,7,2,5,0,0,6,0,11,0,0,1,1,6,6,1,62,9,1798,8,9,TOYOTA PRIUS,4,E01002313,0,3
2024010497222,2024,010497222,1,8,0,99,99,9,9,99,99,0,9,99,9,99,1,9,1,1,2,57,9,1798,8,8,TOYOTA PRIUS,3,E01000523,0,1
2024061439341,2024,061439341,1,8,0,-1,19,3,7,-1,0,2,0,0,0,0,4,1,-1,1,1,42,7,1800,8,10,TOYOTA PRIUS,1,E01034138,0,2
2024201440296,2024,201440296,2,8,0,-1,7,8,3,-1,0,3,0,0,0,0,3,1,-1,1,1,51,8,1797,8,6,TOYOTA PRIUS,1,E01009337,0,1
2024010503960,2024,010503960,1,9,0,99,99,9,9,99,99,9,9,99,9,99,2,9,2,2,1,27,6,1497,8,20,TOYOTA PRIUS,6,E01004395,0,2
2024461513572,2024,461513572,1,9,0,-1,14,8,4,-1,0,0,0,0,0,0,1,1,-1,6,1,29,6,1797,8,13,TOYOTA PRIUS,1,E01016019,0,3
2024010501693,2024,010501693,1,9,0,18,19,1,5,0,0,2,0,0,0,0,1,1,1,1,1,50,8,1798,8,1,TOYOTA PRIUS,3,E01002932,0,1
2024471456424,2024,471456424,2,9,0,-1,19,3,7,-1,0,0,0,0,0,0,3,1,-1,9,2,52,8,1798,8,3,TOYOTA PRIUS,9,E01031625,0,2
2024010521489,2024,010521489,2,9,0,9,9,7,5,0,0,4,0,0,0,0,4,1,1,1,1,45,7,1798,8,7,TOYOTA PRIUS,3,E01003575,0,3
2024010536701,2024,010536701,2,9,0,99,99,9,9,99,99,9,9,99,9,99,1,9,6,6,3,-1,-1,1497,8,17,TOYOTA PRIUS,-1,-1,0,-1
2024010518897,2024,010518897,2,9,9,99,99,9,9,99,99,0,9,99,9,99,9,9,6,6,3,-1,-1,1497,8,19,TOYOTA PRIUS,-1,-1,0,-1
2024411476090,2024,411476090,1,9,0,-1,9,5,3,-1,0,6,0,0,0,0,4,1,-1,6,1,58,9,1797,8,7,TOYOTA PRIUS,2,E01035571,0,2
2024010548218,2024,010548218,1,9,0,99,99,9,9,99,99,9,9,99,9,99,9,9,1,1,1,49,8,1797,8,10,TOYOTA PRIUS,3,E01003582,0,3
2024010515071,2024,010515071,1,9,0,14,14,3,7,0,0,0,0,0,0,0,3,1,6,6,1,40,7,1797,8,7,TOYOTA PRIUS,4,E01003484,0,1
2024041470706,2024,041470706,1,9,0,-1,19,2,6,-1,0,2,0,0,0,0,1,1,-1,1,1,41,7,1497,8,17,TOYOTA PRIUS,1,E01012571,0,1
2024010532917,2024,010532917,1,9,0,9,9,5,3,9,9,5,0,10,7,11,1,1,6,6,2,38,7,1798,8,12,TOYOTA PRIUS,4,E01002752,0,1
2024041534845,2024,041534845,2,9,0,-1,19,7,3,-1,0,8,0,0,0,0,1,1,-1,1,1,44,7,1797,8,8,TOYOTA PRIUS,2,E01012580,0,3
2024401429272,2024,401429272,1,9,0,-1,19,4,8,-1,0,0,1,0,0,0,2,1,-1,1,1,48,8,1797,8,5,TOYOTA PRIUS,3,E01015744,0,3
2024522402436,2024,522402436,2,9,0,1,1,5,1,0,0,8,0,0,0,0,2,1,6,6,1,67,10,1497,8,18,TOYOTA PRIUS,10,E01014513,0,1
2024131482537,2024,131482537,3,9,0,-1,3,4,8,-1,0,8,0,0,0,0,2,1,-1,1,1,38,7,1798,8,11,TOYOTA PRIUS,2,E01010673,0,1
2024430127259,2024,430127259,2,9,0,3,3,6,2,0,0,0,0,0,0,0,2,1,6,6,2,53,8,1497,8,19,TOYOTA PRIUS,5,E01016392,0,1
2024041418162,2024,041418162,1,9,0,-1,6,1,5,-1,0,1,0,0,7,2,1,1,-1,1,1,43,7,1797,8,6,TOYOTA PRIUS,1,E01025575,0,3
2024061470697,2024,061470697,3,9,0,-1,19,2,3,-1,0,6,0,0,0,0,1,1,-1,9,1,53,8,1798,8,12,TOYOTA PRIUS,3,E01004834,0,2
2024131497098,2024,131497098,1,9,0,-1,9,8,6,-1,0,6,0,0,0,0,1,1,-1,1,1,32,6,1798,8,3,TOYOTA PRIUS,1,E01011375,0,1
2024010503114,2024,010503114,1,9,0,18,19,7,3,0,0,1,0,0,4,0,1,1,1,1,1,43,7,1797,8,8,TOYOTA PRIUS,2,E01000051,0,2
2024201506040,2024,201506040,1,8,0,-1,19,5,1,-1,0,8,1,0,0,0,1,1,-1,9,1,43,7,1797,8,8,TOYOTA PRIUS,1,E01009204,0,1
2024010524119,2024,010524119,1,9,0,14,14,5,1,0,0,1,0,0,0,0,3,1,1,1,1,43,7,1797,8,7,TOYOTA PRIUS,4,E01016503,0,4
2024010543638,2024,010543638,1,9,0,4,4,5,1,0,0,0,0,0,0,0,4,1,1,1,1,43,7,1798,8,8,TOYOTA PRIUS,4,E01002647,0,4
2024161510483,2024,161510483,1,9,0,-1,19,5,5,-1,0,1,0,0,0,0,4,1,-1,6,1,31,6,1798,8,6,TOYOTA PRIUS,6,E01033296,0,2
2024010533056,2024,010533056,1,9,0,99,99,9,9,0,0,8,0,99,9,99,1,9,6,6,2,53,8,1797,8,10,TOYOTA PRIUS,7,E01002181,0,1
2024010512565,2024,010512565,1,8,0,18,19,9,9,99,99,1,9,99,9,99,1,9,6,6,3,53,8,1797,8,10,TOYOTA PRIUS,5,E01015768,0,4
2024010520390,2024,010520390,1,9,0,1,1,7,3,0,0,0,0,0,0,0,2,1,1,1,1,52,8,1790,8,8,TOYOTA PRIUS,3,E01001215,0,1
2024631469635,2024,631469635,1,9,0,-1,19,5,2,-1,0,0,5,0,1,11,1,1,-1,9,2,74,10,1798,8,9,TOYOTA PRIUS,10,E01013337,0,5
2024201473478,2024,201473478,2,8,0,-1,9,5,3,-1,0,6,0,0,0,0,2,9,-1,1,1,56,9,1497,8,17,TOYOTA PRIUS,1,E01009379,0,2
2024010538295,2024,010538295,2,9,9,99,99,9,9,99,99,9,9,99,9,99,9,9,6,6,3,-1,-1,1797,8,4,TOYOTA PRIUS,-1,-1,0,-1
2024010521054,2024,010521054,1,9,0,6,6,5,5,4,4,1,0,0,0,0,1,1,1,1,1,52,8,1797,8,5,TOYOTA PRIUS,-1,-1,0,-1
2024061503201,2024,061503201,1,9,0,-1,19,-1,-1,-1,99,1,0,99,0,0,9,9,-1,6,3,-1,-1,1497,8,16,TOYOTA PRIUS,-1,-1,0,-1
2024010545102,2024,010545102,2,9,0,3,3,5,1,0,0,1,0,0,0,0,2,1,1,1,1,41,7,1798,8,6,TOYOTA PRIUS,3,E01035695,0,1
2024010544163,2024,010544163,1,8,0,99,99,9,9,99,99,9,9,99,9,99,9,9,1,1,1,46,8,1797,8,10,TOYOTA PRIUS,2,E01003633,0,2
2024052401382,2024,052401382,1,8,0,18,19,7,3,0,0,1,0,0,0,0,1,1,1,1,1,-1,-1,1797,8,9,TOYOTA PRIUS,2,E01006656,0,1
2024010520279,2024,010520279,2,9,0,99,99,9,9,99,99,9,9,99,9,99,2,9,6,6,3,-1,-1,1797,8,14,TOYOTA PRIUS,-1,-1,0,-1
2024061532549,2024,061532549,1,8,-1,-1,99,-1,-1,-1,99,9,9,99,9,99,9,9,-1,1,3,-1,-1,1797,8,11,TOYOTA PRIUS,-1,-1,0,-1
2024131436252,2024,131436252,3,9,0,-1,19,8,4,-1,0,0,0,0,1,0,3,1,-1,1,1,28,6,1797,8,13,TOYOTA PRIUS,1,E01010606,0,2
2024531518092,2024,531518092,1,9,0,-1,5,4,8,-1,0,0,0,0,0,0,3,9,-1,6,1,-1,-1,1497,8,19,TOYOTA PRIUS,-1,-1,0,-1
2024430480025,2024,430480025,1,9,0,12,12,1,5,0,0,0,0,0,0,0,2,1,6,6,1,31,6,1797,8,13,TOYOTA PRIUS,5,E01017923,0,4
2024010538707,2024,010538707,1,9,0,18,19,5,1,0,0,0,0,0,0,0,0,1,6,6,1,24,5,1497,8,18,TOYOTA PRIUS,4,E01001294,0,1
2024411466397,2024,411466397,1,9,0,-1,4,6,2,-1,0,0,0,0,0,0,1,1,-1,9,1,52,8,1797,8,12,TOYOTA PRIUS,5,E01013700,0,5
2024201434199,2024,201434199,1,8,0,-1,6,4,4,-1,0,0,0,0,0,0,4,1,-1,1,1,41,7,1798,8,7,TOYOTA PRIUS,1,E01010054,0,1
2024411423080,2024,411423080,1,9,0,-1,19,4,8,-1,0,1,0,0,0,0,3,1,-1,9,2,32,6,1497,8,18,TOYOTA PRIUS,4,E01023403,0,1
2024010546427,2024,010546427,1,9,9,99,99,9,9,0,0,9,0,99,0,0,1,9,6,6,3,34,6,1798,8,5,TOYOTA PRIUS,5,E01004338,0,1
2024061529724,2024,061529724,2,8,0,-1,19,-1,-1,-1,0,7,0,11,0,0,1,1,-1,6,3,-1,-1,1798,8,8,TOYOTA PRIUS,-1,-1,0,-1
2024010543890,2024,010543890,1,8,4,99,99,9,9,99,99,9,9,99,9,99,2,9,6,6,1,44,7,1798,8,10,TOYOTA PRIUS,3,E01000578,0,1
2024122401115,2024,122401115,1,9,0,9,9,5,3,0,0,8,0,0,0,0,3,1,6,6,1,29,6,1797,8,6,TOYOTA PRIUS,1,E01010700,0,4
2024061458006,2024,061458006,2,8,0,-1,9,7,3,-1,0,1,0,0,0,0,4,1,-1,9,1,36,7,1798,8,7,TOYOTA PRIUS,-1,-1,0,-1
2024010516350,2024,010516350,2,9,0,6,6,9,9,99,99,9,9,99,9,99,9,9,6,6,3,-1,-1,1797,8,7,TOYOTA PRIUS,-1,-1,0,-1
2024471488732,2024,471488732,1,9,0,-1,19,2,5,-1,0,0,0,0,1,10,1,2,-1,9,1,53,8,1797,8,5,TOYOTA PRIUS,8,E01021190,0,3
2024471527221,2024,471527221,1,9,0,-1,19,1,3,-1,0,5,0,0,0,0,1,1,-1,1,1,30,6,1797,8,10,TOYOTA PRIUS,1,E01016947,0,1
2024010522874,2024,010522874,1,9,0,18,19,3,7,0,0,1,0,0,0,0,1,1,2,2,2,41,7,1797,8,13,TOYOTA PRIUS,-1,-1,0,-1
2024401434613,2024,401434613,3,9,0,-1,2,0,0,-1,0,2,0,0,0,0,1,1,-1,6,-1,-1,-1,1798,8,7,TOYOTA PRIUS,-1,-1,0,-1
2024411432082,2024,411432082,2,9,0,-1,3,5,1,-1,0,0,0,0,0,0,2,9,-1,1,1,40,7,1798,8,8,TOYOTA PRIUS,3,E01001089,0,4
2024052400238,2024,052400238,1,9,0,18,19,1,5,0,0,2,0,0,0,0,3,1,6,6,1,-1,-1,1497,8,17,TOYOTA PRIUS,1,E01006705,0,1
2024201467333,2024,201467333,1,9,0,-1,7,3,5,-1,0,5,5,4,0,0,1,9,-1,6,1,16,4,1791,8,13,TOYOTA PRIUS,2,E01009151,0,1
2024010546504,2024,010546504,1,9,0,99,99,9,9,99,99,9,9,99,9,99,9,9,6,6,1,-1,-1,1798,8,5,TOYOTA PRIUS,8,E01000237,0,1
2024351524725,2024,351524725,1,9,-1,-1,-1,-1,-1,-1,-1,-1,-1,-1,-1,0,4,9,-1,6,2,-1,-1,1798,8,8,TOYOTA PRIUS,-1,-1,0,-1
2024201441759,2024,201441759,3,9,0,-1,19,6,2,-1,0,0,0,0,0,0,2,1,-1,6,2,39,7,1497,8,17,TOYOTA PRIUS,1,E01009028,0,1
2024061526745,2024,061526745,1,9,0,-1,19,4,5,-1,9,8,0,0,3,0,1,1,-1,6,1,63,9,1797,8,14,TOYOTA PRIUS,2,E01034110,0,1
2024010534873,2024,010534873,1,8,0,99,99,9,9,99,99,0,9,99,9,99,2,9,1,1,1,43,7,1798,8,9,TOYOTA PRIUS,8,E01000256,0,3
2024052400490,2024,052400490,1,9,0,18,19,6,2,0,0,1,0,0,0,0,1,1,6,6,1,-1,-1,1790,1,14,TOYOTA PRIUS,-1,-1,0,-1
2024010523764,2024,010523764,1,9,0,3,3,9,9,99,99,1,9,99,9,99,2,9,1,1,1,41,7,1797,8,5,TOYOTA PRIUS,4,E01003776,0,3
2024010510468,2024,010510468,1,8,0,99,99,9,9,99,99,9,9,99,9,99,9,9,1,1,1,44,7,1798,8,9,TOYOTA PRIUS,2,E01001218,0,1
2024201545228,2024,201545228,2,9,0,-1,8,4,6,-1,0,1,0,0,0,0,2,9,-1,1,1,51,8,1797,8,6,TOYOTA PRIUS,1,E01034934,0,1
2024201490852,2024,201490852,1,9,0,-1,5,5,1,-1,0,4,0,0,0,0,1,1,-1,6,1,58,9,1497,8,17,TOYOTA PRIUS,1,E01009327,0,1
2024201472595,2024,201472595,1,8,0,-1,9,7,5,-1,0,8,0,0,0,0,3,1,-1,1,1,39,7,1798,8,11,TOYOTA PRIUS,2,E01034313,0,1
2024461431513,2024,461431513,3,9,0,-1,13,7,3,-1,0,0,0,0,0,0,3,1,-1,9,1,53,8,1997,8,10,TOYOTA PRIUS,2,E01034198,0,3
2024332400378,2024,332400378,1,8,0,-1,7,5,7,-1,0,4,0,0,0,0,1,1,-1,6,1,47,8,1790,8,7,TOYOTA PRIUS,4,E01013758,0,1
2024201518419,2024,201518419,2,9,0,-1,19,8,4,-1,0,0,0,0,0,0,2,1,-1,6,1,42,7,1790,8,7,TOYOTA PRIUS,1,E01009488,0,3
2024010504235,2024,010504235,2,9,9,99,99,9,9,99,99,9,9,99,9,99,9,9,6,6,3,-1,-1,1497,8,19,TOYOTA PRIUS,-1,-1,0,-1
2024010522167,2024,010522167,2,9,9,99,99,9,9,99,99,9,9,99,9,99,9,9,6,6,1,45,7,1497,8,15,TOYOTA PRIUS,3,E01035675,0,1
2024201507102,2024,201507102,1,9,0,-1,5,8,4,-1,0,6,0,0,0,0,1,1,-1,6,1,57,9,1798,8,4,TOYOTA PRIUS,1,E01009322,0,2
2024010541501,2024,010541501,2,9,0,18,19,5,1,0,0,1,0,11,0,0,4,1,6,6,1,20,4,1797,8,8,TOYOTA PRIUS,2,E01034487,0,2
2024010509555,2024,010509555,1,9,0,4,4,7,3,9,9,0,0,0,1,10,1,1,1,1,1,54,8,1797,8,10,TOYOTA PRIUS,1,E01001220,0,3
2024010519319,2024,010519319,1,9,0,9,9,2,1,0,0,6,0,0,0,0,1,1,1,1,1,47,8,1798,8,6,TOYOTA PRIUS,5,E01003495,0,2
2024010518750,2024,010518750,1,9,0,5,5,5,1,0,0,5,0,0,0,0,3,1,6,6,1,59,9,1798,8,8,TOYOTA PRIUS,4,E01004019,0,1
2024201522665,2024,201522665,1,9,0,-1,9,8,6,-1,0,5,0,0,0,0,1,1,-1,6,1,-1,-1,1797,8,12,TOYOTA PRIUS,-1,-1,0,-1
202460Q010196,2024,60Q010196,1,9,0,4,4,7,3,0,0,0,0,4,7,11,1,1,6,6,1,87,11,1797,8,5,TOYOTA PRIUS,-1,-1,0,-1
2024041423001,2024,041423001,1,9,0,-1,19,3,7,-1,0,0,0,0,0,0,1,1,-1,1,1,45,7,1497,8,17,TOYOTA PRIUS,1,E01012571,0,1
2024010512111,2024,010512111,4,9,0,2,2,0,0,0,0,2,0,0,0,0,2,1,6,6,3,-1,-1,1497,8,15,TOYOTA PRIUS,-1,-1,0,-1
2024231462232,2024,231462232,3,9,0,-1,19,7,3,-1,0,8,0,0,0,0,4,1,-1,6,1,48,8,1798,8,9,TOYOTA PRIUS,1,E01009517,0,4
2024010539176,2024,010539176,1,8,9,99,99,9,9,99,99,9,9,99,9,99,9,9,1,1,1,36,7,1798,8,9,TOYOTA PRIUS,2,E01004316,0,1
2024010489039,2024,010489039,4,9,0,2,2,0,0,0,0,1,0,0,0,0,3,1,6,6,3,-1,-1,1798,8,8,TOYOTA PRIUS,-1,-1,0,-1
2024010492145,2024,010492145,1,9,0,6,6,7,7,0,0,0,0,0,0,0,3,1,1,1,1,55,8,1797,8,5,TOYOTA PRIUS,1,E01000093,0,3
2024401487050,2024,401487050,2,9,0,-1,19,7,3,-1,0,2,1,10,0,0,1,1,-1,6,1,59,9,1797,8,15,TOYOTA PRIUS,2,E01017531,0,3
2024010504395,2024,010504395,2,9,0,99,99,9,9,99,99,0,9,99,9,99,1,9,6,6,1,26,6,1497,8,17,TOYOTA PRIUS,5,E01002607,0,2
2024041516690,2024,041516690,1,9,0,-1,19,7,3,-1,0,0,0,0,0,0,1,1,-1,1,1,52,8,1797,8,14,TOYOTA PRIUS,1,E01025185,0,4
2024010546592,2024,010546592,1,8,0,99,99,9,9,99,99,9,9,99,9,99,9,9,1,1,1,43,7,1798,8,7,TOYOTA PRIUS,7,E01002986,0,2
2024401506950,2024,401506950,1,8,0,-1,19,8,4,-1,0,0,0,4,0,0,1,9,-1,1,1,-1,-1,1798,8,7,TOYOTA PRIUS,-1,-1,0,-1
2024211463167,2024,211463167,1,9,0,-1,5,5,1,-1,0,0,0,0,0,0,4,1,-1,1,1,50,8,1797,8,12,TOYOTA PRIUS,-1,-1,0,-1
2024010509558,2024,010509558,1,9,0,7,7,6,8,0,0,5,0,0,0,0,2,1,6,6,1,54,8,1798,8,9,TOYOTA PRIUS,3,E01001557,0,2
2024010516789,2024,010516789,1,9,0,18,19,5,1,0,0,1,0,0,0,0,3,1,6,6,1,65,9,1798,8,9,TOYOTA PRIUS,5,E01000070,0,1
2024010539433,2024,010539433,2,9,0,99,99,9,9,99,99,9,9,99,9,99,1,9,6,6,3,-1,-1,1798,8,12,TOYOTA PRIUS,-1,-1,0,-1
2024010520986,2024,010520986,1,9,0,99,99,9,9,99,99,9,9,99,9,99,1,9,6,6,3,-1,-1,1798,8,8,TOYOTA PRIUS,-1,-1,0,-1
2024010552705,2024,010552705,2,9,0,99,99,9,9,99,99,9,9,99,9,99,9,9,6,6,3,-1,-1,1798,8,7,TOYOTA PRIUS,3,E01003634,0,2
2024201470613,2024,201470613,2,9,0,-1,5,3,7,-1,0,3,0,0,0,0,2,1,-1,1,1,47,8,1797,8,5,TOYOTA PRIUS,2,E01009317,0,1
2024010519749,2024,010519749,2,9,0,6,6,7,7,0,0,8,0,0,0,0,1,1,2,2,1,57,9,1800,8,8,TOYOTA PRIUS,-1,-1,0,-1
2024332401081,2024,332401081,1,9,0,-1,19,3,7,-1,0,1,0,0,0,0,1,1,-1,9,1,27,6,1797,8,5,TOYOTA PRIUS,1,E01015600,0,4
2024332400731,2024,332400731,2,8,0,-1,3,7,3,-1,0,1,0,0,0,0,4,1,-1,6,1,-1,-1,1497,8,16,TOYOTA PRIUS,-1,-1,0,-1
2024440559802,2024,440559802,2,9,0,2,2,0,0,0,0,0,0,0,0,0,2,1,6,6,3,-1,-1,1797,8,10,TOYOTA PRIUS,-1,-1,0,-1
2024061424066,2024,061424066,1,8,0,-1,19,-1,-1,-1,0,0,0,0,-1,0,0,1,-1,9,1,33,6,1797,8,8,TOYOTA PRIUS,2,E01005233,0,1
2024061442005,2024,061442005,1,9,0,-1,-1,-1,-1,-1,-1,0,-1,-1,-1,0,-1,9,-1,6,3,-1,-1,1797,8,13,TOYOTA PRIUS,-1,-1,0,-1
2024010547253,2024,010547253,1,8,0,99,99,9,9,99,99,9,9,99,9,99,3,9,1,1,1,47,8,1798,8,8,TOYOTA PRIUS,7,E01003762,0,3
2024010493486,2024,010493486,1,9,0,4,4,7,3,0,0,1,0,0,1,7,3,1,2,2,1,49,8,1798,8,7,TOYOTA PRIUS,3,E01004448,0,1
2024340WN2422,2024,340WN2422,1,8,0,-1,9,1,5,-1,0,5,0,0,0,0,1,1,-1,6,1,54,8,1797,8,9,TOYOTA PRIUS,2,E01027241,0,1
2024010551414,2024,010551414,1,9,0,9,9,5,2,0,0,0,0,0,0,0,1,1,6,6,1,51,8,1798,8,11,TOYOTA PRIUS,3,E01003563,0,3
2024010508630,2024,010508630,2,9,0,5,5,0,5,0,0,1,0,0,0,0,4,1,2,2,1,27,6,1797,8,9,TOYOTA PRIUS,4,E01002587,0,3
2024010494949,2024,010494949,2,9,0,9,9,1,7,0,0,3,0,0,0,0,1,1,6,6,3,-1,-1,1798,8,12,TOYOTA PRIUS,-1,-1,0,-1
2024610054624,2024,610054624,2,8,0,18,19,5,1,0,0,0,0,0,0,0,3,1,1,1,1,-1,-1,1798,8,6,TOYOTA PRIUS,1,W01001741,0,3
2024010520187,2024,010520187,1,9,0,18,19,5,1,7,6,1,0,0,0,0,0,1,2,2,1,45,7,1798,8,8,TOYOTA PRIUS,3,E01003357,0,2
2024010536488,2024,010536488,1,9,0,9,9,6,4,0,0,7,0,0,1,0,1,1,6,6,1,75,10,1798,8,11,TOYOTA PRIUS,3,E01033591,0,1
2024010498042,2024,010498042,2,9,0,10,10,1,7,0,0,1,0,0,0,0,3,1,6,6,1,43,7,1798,8,8,TOYOTA PRIUS,7,E01002260,0,4
2024201474149,2024,201474149,1,8,0,-1,9,3,2,-1,0,4,0,0,0,0,0,1,-1,6,1,32,6,1798,8,5,TOYOTA PRIUS,4,E01009620,0,1
2024010521442,2024,010521442,2,9,0,18,19,3,7,0,0,7,0,0,0,0,4,1,1,1,1,58,9,1497,8,17,TOYOTA PRIUS,6,E01003694,0,1
2024421426602,2024,421426602,1,9,0,-1,5,5,1,-1,0,8,0,0,0,0,1,1,-1,1,1,37,7,1798,8,11,TOYOTA PRIUS,6,E01021758,0,2
2024201483959,2024,201483959,1,8,0,-1,5,2,6,-1,0,0,0,0,0,0,4,9,-1,1,1,54,8,1798,8,12,TOYOTA PRIUS,2,E01009481,0,3
2024141523070,2024,141523070,1,9,0,-1,19,3,7,-1,0,2,0,4,1,0,1,1,-1,9,1,42,7,1797,8,14,TOYOTA PRIUS,2,E01008089,0,1
2024010548030,2024,010548030,2,9,0,99,99,9,9,99,99,5,9,99,9,99,9,9,6,6,3,-1,-1,1798,8,10,TOYOTA PRIUS,-1,-1,0,-1