collision_index,collision_year,collision_ref_no,vehicle_reference,vehicle_type,towing_and_articulation,vehicle_manoeuvre_historic,vehicle_manoeuvre,vehicle_direction_from,vehicle_direction_to,vehicle_location_restricted_lane_historic,vehicle_location_restricted_lane,junction_location,skidding_and_overturning,hit_object_in_carriageway,vehicle_leaving_carriageway,hit_object_off_carriageway,first_point_of_impact,vehicle_left_hand_drive,journey_purpose_of_driver_historic,journey_purpose_of_driver,sex_of_driver,age_of_driver,age_band_of_driver,engine_capacity_cc,propulsion_code,age_of_vehicle,generic_make_model,driver_imd_decile,lsoa_of_driver,escooter_flag,driver_distance_banding
2024411474249,2024,411474249,1,9,0,-1,-1,-1,-1,-1,-1,-1,-1,-1,-1,0,1,9,-1,6,3,-1,-1,1798,8,11,TOYOTA PRIUS,-1,-1,0,-1
2024131450936,2024,131450936,1,9,0,-1,-1,-1,-1,-1,-1,0,-1,-1,-1,-1,-1,1,-1,6,3,-1,-1,1797,8,13,TOYOTA PRIUS,-1,-1,0,-1
2024010525963,2024,010525963,1,8,0,5,5,3,7,0,0,1,0,0,0,0,1,1,2,2,1,35,6,1798,8,8,TOYOTA PRIUS,3,E01004012,0,1
2024010499431,2024,010499431,1,8,0,5,5,1,5,0,0,8,0,0,0,0,1,1,1,1,1,65,9,1798,8,4,TOYOTA PRIUS,2,E01002878,0,1
2024201470590,2024,201470590,1,8,0,-1,19,7,3,-1,0,0,5,0,0,0,1,1,-1,6,1,35,6,1797,8,5,TOYOTA PRIUS,2,E01009832,0,1
2024302401017,2024,302401017,2,8,0,3,3,8,4,0,0,0,0,0,0,0,2,1,1,1,1,55,8,1497,8,17,TOYOTA PRIUS,3,E01019797,0,1
2024451453442,2024,451453442,3,9,0,-1,19,3,7,-1,0,0,0,0,0,0,0,1,-1,6,1,30,6,1798,8,9,TOYOTA PRIUS,6,E01002601,0,1
2024010507833,2024,010507833,1,9,0,4,4,2,6,0,0,0,0,0,0,0,2,1,2,2,1,53,8,1797,8,4,TOYOTA PRIUS,5,E01002611,0,1
2024351524707,2024,351524707,2,9,0,-1,19,1,5,-1,0,0,0,0,0,0,2,1,-1,6,1,66,10,1797,8,6,TOYOTA PRIUS,6,E01018051,0,3
2024010520120,2024,010520120,2,9,0,3,3,5,1,0,0,1,0,0,0,0,1,1,1,1,1,53,8,1798,8,9,TOYOTA PRIUS,6,E01001271,0,1
2024451520597,2024,451520597,2,9,0,-1,9,7,3,-1,0,1,0,0,0,0,4,1,-1,1,1,42,7,1797,8,11,TOYOTA PRIUS,6,E01003003,0,2
2024201412453,2024,201412453,2,8,0,-1,19,5,1,-1,0,0,1,0,0,0,2,1,-1,1,1,37,7,1797,8,10,TOYOTA PRIUS,1,E01009350,0,1
2024201513004,2024,201513004,2,9,0,-1,3,5,1,-1,0,1,0,0,0,0,1,9,-1,6,3,-1,-1,1797,8,15,TOYOTA PRIUS,1,E01010342,0,1
2024010499089,2024,010499089,1,8,0,99,99,9,9,99,99,9,9,99,9,99,1,9,1,1,1,41,7,1798,8,8,TOYOTA PRIUS,4,E01003736,0,4
2024041470712,2024,041470712,1,9,0,-1,7,5,1,-1,0,8,0,0,0,0,3,1,-1,9,1,66,10,1798,8,4,TOYOTA PRIUS,2,E01012580,0,1
2024421485312,2024,421485312,1,8,0,-1,19,7,3,-1,0,0,0,0,0,0,1,1,-1,1,1,48,8,1790,8,7,TOYOTA PRIUS,2,E01016009,0,2
2024010492401,2024,010492401,2,8,0,18,19,7,3,0,0,1,0,0,0,0,3,2,3,7,1,40,7,1797,8,9,TOYOTA PRIUS,2,E01003516,0,1
2024311445485,2024,311445485,3,9,0,-1,2,3,7,-1,0,0,0,0,0,0,4,9,-1,6,1,47,8,1798,8,12,TOYOTA PRIUS,6,E01028372,0,1
2024201437150,2024,201437150,1,9,0,-1,5,5,1,-1,0,0,0,0,0,0,3,1,-1,9,1,25,5,1497,8,16,TOYOTA PRIUS,2,E01010045,0,1
2024131491305,2024,131491305,2,9,0,-1,5,6,2,-1,0,1,0,0,0,0,1,1,-1,1,1,53,8,1798,8,12,TOYOTA PRIUS,1,E01010808,0,1
2024010502088,2024,010502088,2,9,0,99,99,9,9,99,99,9,9,99,9,99,9,9,6,6,2,45,7,1798,8,8,TOYOTA PRIUS,3,E01004645,0,1
2024351526980,2024,351526980,1,9,-1,-1,-1,-1,-1,-1,-1,-1,-1,-1,-1,0,-1,9,-1,6,1,-1,-1,1798,8,7,TOYOTA PRIUS,4,E01000532,0,4
2024471438962,2024,471438962,1,9,0,-1,5,3,7,-1,0,8,0,0,0,0,1,1,-1,1,1,53,8,1798,8,6,TOYOTA PRIUS,7,E01016970,0,1
2024070131797,2024,070131797,1,9,0,18,19,1,5,0,0,0,0,0,0,0,1,1,6,6,1,26,6,1797,8,9,TOYOTA PRIUS,1,E01005234,0,4
2024010548474,2024,010548474,1,8,0,99,99,9,9,99,99,9,9,99,9,99,4,9,1,1,1,47,8,1797,8,6,TOYOTA PRIUS,2,E01001427,0,1
2024010498762,2024,010498762,1,9,0,14,14,4,8,0,0,0,0,0,0,0,1,1,1,1,1,48,8,1797,8,5,TOYOTA PRIUS,-1,-1,0,-1
2024010523665,2024,010523665,2,9,0,99,99,9,9,99,99,9,9,99,9,99,9,9,6,6,3,-1,-1,1497,8,18,TOYOTA PRIUS,-1,-1,0,-1
2024010509744,2024,010509744,1,9,0,99,99,9,9,99,99,9,9,99,9,99,9,9,6,6,2,31,6,1497,8,19,TOYOTA PRIUS,2,E01001283,0,2
2024340WN4622,2024,340WN4622,2,8,0,-1,10,7,3,-1,0,8,0,0,0,0,2,1,-1,1,1,51,8,1797,8,15,TOYOTA PRIUS,2,E01027242,0,2
2024010528377,2024,010528377,1,9,0,9,9,6,5,0,0,6,0,0,0,0,1,1,6,6,1,37,7,1797,8,12,TOYOTA PRIUS,-1,-1,0,-1
2024522402162,2024,522402162,1,9,0,16,19,7,1,0,0,0,0,0,0,0,1,1,6,6,1,53,8,1497,8,18,TOYOTA PRIUS,2,E01033359,0,1
2024061422327,2024,061422327,1,9,0,-1,19,6,3,-1,0,1,0,0,0,0,1,1,-1,6,2,55,8,1797,8,15,TOYOTA PRIUS,5,E01006292,0,1
2024010540340,2024,010540340,1,8,0,99,99,9,9,99,99,9,9,99,9,99,2,9,1,1,1,46,8,1797,8,10,TOYOTA PRIUS,2,E01035664,0,1
2024010512354,2024,010512354,2,9,0,9,9,7,5,0,0,2,0,0,0,0,4,1,6,6,1,57,9,1797,8,11,TOYOTA PRIUS,3,E01001503,0,1
2024451524130,2024,451524130,1,9,0,-1,5,1,3,-1,0,0,0,0,0,0,1,1,-1,1,1,41,7,1797,8,7,TOYOTA PRIUS,9,E01004115,0,2
2024010523841,2024,010523841,1,9,0,7,7,1,4,9,9,7,1,10,1,2,1,1,6,6,2,33,6,1798,8,12,TOYOTA PRIUS,4,E01004536,0,1
2024010500449,2024,010500449,1,9,0,9,9,4,3,0,0,1,0,0,0,0,1,1,6,6,1,42,7,1798,8,6,TOYOTA PRIUS,9,W01001944,0,5
2024041536675,2024,041536675,2,9,0,-1,5,3,3,-1,0,1,0,0,0,0,1,1,-1,1,1,41,7,1797,8,4,TOYOTA PRIUS,-1,-1,0,-1
2024010524351,2024,010524351,1,8,0,18,19,1,5,0,0,0,0,0,0,0,1,1,1,1,1,47,8,1797,8,6,TOYOTA PRIUS,2,E01003187,0,1
2024131471681,2024,131471681,2,9,0,-1,19,5,1,-1,0,1,0,0,0,0,4,1,-1,1,1,35,6,1798,8,12,TOYOTA PRIUS,1,E01010723,0,1
2024131393755,2024,131393755,2,9,0,-1,19,5,1,-1,0,0,0,0,1,0,1,1,-1,1,1,52,8,1791,8,12,TOYOTA PRIUS,1,E01010625,0,2
2024041418716,2024,041418716,1,9,0,-1,19,3,7,-1,0,8,0,0,0,0,4,1,-1,1,1,23,5,1797,8,9,TOYOTA PRIUS,2,E01012630,0,3
2024010532604,2024,010532604,2,9,0,99,99,9,9,99,99,9,9,99,9,99,9,9,6,6,1,70,10,1497,8,18,TOYOTA PRIUS,2,E01003488,0,1
2024010516593,2024,010516593,2,9,0,99,99,9,9,99,99,9,9,99,9,99,2,9,6,6,1,50,8,1797,8,10,TOYOTA PRIUS,3,E01002403,0,1
2024010541064,2024,010541064,1,9,0,9,9,1,7,0,0,5,0,0,0,0,3,1,1,1,1,42,7,1798,8,10,TOYOTA PRIUS,10,E01004122,0,1
2024122401310,2024,122401310,1,8,0,18,19,1,5,0,0,8,5,0,7,0,4,1,1,1,1,31,6,1797,8,5,TOYOTA PRIUS,1,E01033035,0,4
2024010499886,2024,010499886,2,9,0,99,99,9,9,99,99,9,9,99,9,99,9,9,6,6,3,-1,-1,1797,8,9,TOYOTA PRIUS,-1,-1,0,-1
2024201531424,2024,201531424,1,8,0,-1,10,3,1,-1,0,8,0,0,0,0,1,1,-1,6,1,31,6,1797,8,4,TOYOTA PRIUS,2,E01009151,0,2
2024010519215,2024,010519215,3,9,0,18,19,5,1,0,0,1,1,0,0,0,3,1,6,6,1,47,8,1797,8,8,TOYOTA PRIUS,3,E01003975,0,1
2024010512971,2024,010512971,2,9,0,99,99,9,9,99,99,9,9,99,9,99,9,9,6,6,3,-1,-1,1497,8,17,TOYOTA PRIUS,-1,-1,0,-1
2024010540933,2024,010540933,1,8,0,4,4,1,5,0,0,1,0,0,0,0,3,1,1,1,1,41,7,1798,8,8,TOYOTA PRIUS,5,E01003784,0,2
2024010511426,2024,010511426,1,9,0,18,19,7,3,9,9,1,0,10,7,11,1,1,6,6,1,33,6,1798,8,6,TOYOTA PRIUS,2,E01003503,0,1
2024010520456,2024,010520456,1,9,0,18,19,7,3,0,0,1,0,4,0,0,1,1,1,1,1,46,8,1798,8,4,TOYOTA PRIUS,3,E01003720,0,1
2024052402060,2024,052402060,1,9,0,18,19,8,4,0,0,0,0,0,0,0,4,1,1,1,1,54,8,1797,8,6,TOYOTA PRIUS,5,E01006687,0,1
2024041524941,2024,041524941,1,9,0,-1,19,1,5,-1,0,0,0,0,0,0,1,1,-1,1,1,39,7,1797,8,15,TOYOTA PRIUS,2,E01005565,0,4
2024501450832,2024,501450832,1,9,0,-1,4,2,6,-1,0,0,0,0,0,0,1,1,-1,9,1,41,7,1797,8,13,TOYOTA PRIUS,1,E01034264,0,5
2024010499867,2024,010499867,1,9,0,17,19,1,7,0,0,8,0,0,0,0,1,1,1,1,1,67,10,1797,8,5,TOYOTA PRIUS,3,E01034213,0,2
2024430601603,2024,430601603,1,9,0,99,99,9,9,0,0,8,0,0,0,0,3,1,6,6,1,-1,-1,1797,8,9,TOYOTA PRIUS,-1,-1,0,-1
2024231482166,2024,231482166,1,8,0,-1,9,8,5,-1,0,6,0,0,0,0,1,1,-1,6,1,48,8,1797,8,5,TOYOTA PRIUS,3,E01013762,0,4
2024351519180,2024,351519180,2,9,0,-1,19,7,3,-1,0,0,0,0,0,0,1,1,-1,1,1,26,6,1797,8,12,TOYOTA PRIUS,2,E01035543,0,3
2024010497435,2024,010497435,1,9,0,18,19,2,6,0,0,8,0,11,0,0,3,1,6,6,1,27,6,1497,8,15,TOYOTA PRIUS,4,E01000428,0,4
2024201413541,2024,201413541,2,9,0,-1,19,1,6,-1,0,8,0,0,0,0,4,9,-1,1,1,28,6,1797,8,10,TOYOTA PRIUS,7,E01010537,0,2
2024201508776,2024,201508776,3,8,0,-1,19,1,5,-1,0,8,0,0,0,0,4,1,-1,6,1,52,8,1797,8,10,TOYOTA PRIUS,2,E01009058,0,1
2024131478207,2024,131478207,1,9,0,-1,19,7,3,-1,0,0,5,0,1,0,1,1,-1,2,1,48,8,1797,8,7,TOYOTA PRIUS,7,E01011556,0,2
2024010512113,2024,010512113,2,9,0,3,3,3,7,0,0,1,0,0,0,0,0,1,1,1,1,55,8,1798,8,5,TOYOTA PRIUS,-1,-1,0,-1
2024010511841,2024,010511841,1,8,0,99,99,9,9,99,99,1,9,99,9,99,1,9,1,1,1,64,9,1798,8,10,TOYOTA PRIUS,2,E01004205,0,2
2024010496184,2024,010496184,1,8,0,99,99,9,9,99,99,9,9,99,9,99,2,1,1,1,1,54,8,1798,8,8,TOYOTA PRIUS,3,E01003586,0,1
2024010545209,2024,010545209,1,9,0,9,9,7,5,0,0,2,0,0,0,0,3,1,1,1,1,36,7,1797,8,7,TOYOTA PRIUS,4,E01000974,0,1
2024010500251,2024,010500251,1,9,9,99,99,9,9,99,99,9,9,99,9,99,9,9,6,6,3,-1,-1,1797,8,7,TOYOTA PRIUS,-1,-1,0,-1
2024041446586,2024,041446586,1,9,0,-1,9,4,6,-1,0,8,0,0,7,0,4,1,-1,9,1,41,7,1798,8,10,TOYOTA PRIUS,2,E01025275,0,1
2024061494540,2024,061494540,1,9,0,-1,9,1,6,-1,0,1,0,0,0,0,1,1,-1,9,1,51,8,1797,8,10,TOYOTA PRIUS,1,E01033035,0,4
2024201532156,2024,201532156,1,9,0,-1,9,6,1,-1,0,5,0,0,0,0,1,1,-1,7,1,-1,-1,1497,8,20,TOYOTA PRIUS,6,E01010200,0,1
2024010517573,2024,010517573,1,9,0,5,5,5,1,0,0,2,0,0,0,0,1,1,1,1,1,49,8,1798,8,9,TOYOTA PRIUS,6,E01003413,0,3
2024201526947,2024,201526947,2,8,0,-1,19,4,8,-1,0,8,0,0,0,0,1,1,-1,6,1,47,8,1798,8,12,TOYOTA PRIUS,1,E01009195,0,2
2024010492081,2024,010492081,1,9,0,18,19,1,5,0,0,1,0,0,0,0,1,1,6,6,2,41,7,1797,8,9,TOYOTA PRIUS,1,E01002026,0,1
2024010495221,2024,010495221,1,9,0,4,4,7,3,0,0,1,0,0,0,0,1,1,6,6,1,59,9,1797,8,14,TOYOTA PRIUS,-1,-1,0,-1
2024010529649,2024,010529649,2,9,0,99,99,9,9,99,99,9,9,99,9,99,1,9,6,6,3,63,9,1798,8,6,TOYOTA PRIUS,2,E01000020,0,3
2024061443858,2024,061443858,2,9,0,-1,3,1,5,-1,0,0,0,0,0,0,2,1,-1,9,1,58,9,1790,8,10,TOYOTA PRIUS,1,E01005235,0,2
2024430085538,2024,430085538,2,8,0,18,19,4,8,0,0,0,0,0,0,0,2,1,6,6,1,46,8,1497,8,16,TOYOTA PRIUS,2,E01028522,0,1
2024010502361,2024,010502361,1,9,0,99,99,9,9,99,99,9,9,99,9,99,2,9,6,6,2,54,8,1797,8,15,TOYOTA PRIUS,3,E01000558,0,1
2024010512282,2024,010512282,1,9,0,5,5,5,1,8,6,1,0,0,0,0,3,1,1,1,1,47,8,1797,8,10,TOYOTA PRIUS,2,E01000939,0,1
2024311514566,2024,311514566,3,8,0,-1,9,2,7,-1,0,5,0,0,0,0,1,1,-1,6,1,42,7,1798,8,10,TOYOTA PRIUS,-1,-1,0,-1
2024010542708,2024,010542708,2,9,0,18,19,3,7,6,6,3,0,0,1,0,1,1,6,6,1,37,7,1798,8,7,TOYOTA PRIUS,2,E01000422,0,1
2024010532964,2024,010532964,1,9,0,13,13,5,1,0,0,0,0,0,0,0,1,1,6,6,1,38,7,1797,8,8,TOYOTA PRIUS,4,E01004303,0,2
2024010497497,2024,010497497,2,8,0,3,3,4,8,0,0,0,0,0,0,0,2,1,1,1,1,41,7,1797,8,7,TOYOTA PRIUS,6,E01001271,0,3
2024610048024,2024,610048024,1,8,0,1,1,8,4,0,0,0,0,0,0,0,2,1,1,1,1,44,7,1797,8,14,TOYOTA PRIUS,6,W01001613,0,1
2024201529900,2024,201529900,1,8,0,-1,3,2,6,-1,0,1,0,0,0,0,2,1,-1,1,1,52,8,1797,8,9,TOYOTA PRIUS,3,E01009086,0,1
2024201464474,2024,201464474,2,8,0,-1,19,7,4,-1,0,8,0,0,0,0,3,1,-1,1,1,31,6,1797,8,10,TOYOTA PRIUS,1,E01009514,0,4
2024061487276,2024,061487276,1,8,0,-1,19,1,5,-1,0,0,0,0,0,0,1,1,-1,1,1,42,7,1797,8,13,TOYOTA PRIUS,2,E01005565,0,2
2024991528956,2024,991528956,1,8,0,-1,19,2,6,-1,0,0,0,0,0,0,3,1,-1,1,1,35,6,1798,8,4,TOYOTA PRIUS,3,-1,0,1
2024010517637,2024,010517637,1,9,0,17,19,1,5,0,0,1,0,4,1,0,1,1,6,6,1,19,4,1797,8,9,TOYOTA PRIUS,3,E01002765,0,1
2024201508452,2024,201508452,1,9,0,-1,9,5,3,-1,0,8,0,0,0,0,1,1,-1,6,1,51,8,1797,8,10,TOYOTA PRIUS,2,E01009584,0,1
2024010536505,2024,010536505,2,9,0,99,99,9,9,99,99,9,9,99,9,99,1,9,6,6,3,39,7,1797,8,11,TOYOTA PRIUS,3,E01000335,0,1
2024010531818,2024,010531818,1,9,0,18,19,1,5,0,0,1,0,0,0,0,3,1,1,1,1,56,9,1798,8,9,TOYOTA PRIUS,-1,-1,0,-1
2024010501975,2024,010501975,2,8,0,9,9,7,4,0,0,8,0,0,0,0,4,1,6,6,1,48,8,1792,8,9,TOYOTA PRIUS,6,E01003741,0,2
2024010521431,2024,010521431,2,9,0,11,11,9,9,99,99,9,9,99,9,99,1,9,6,6,3,-1,-1,1798,8,11,TOYOTA PRIUS,-1,-1,0,-1
2024010537985,2024,010537985,1,9,0,99,99,9,9,99,99,9,9,99,9,99,9,9,1,1,1,50,8,1798,8,7,TOYOTA PRIUS,3,E01001327,0,3
2024401419445,2024,401419445,2,8,0,-1,2,0,0,-1,0,0,0,0,0,0,2,9,-1,1,1,31,6,1798,8,6,TOYOTA PRIUS,8,E01034434,0,1
2024010527921,2024,010527921,2,9,0,3,3,5,1,0,0,1,0,0,0,0,2,1,1,1,1,36,7,1798,8,8,TOYOTA PRIUS,3,E01004235,0,2
2024061434517,2024,061434517,1,8,0,-1,9,7,5,-1,0,8,0,0,0,0,1,1,-1,1,1,44,7,1798,8,6,TOYOTA PRIUS,1,E01004958,0,3
2024010549426,2024,010549426,2,9,0,99,99,9,9,99,99,9,9,99,9,99,9,9,6,6,1,-1,-1,1797,8,4,TOYOTA PRIUS,-1,-1,0,-1
2024221434144,2024,221434144,2,9,0,-1,19,5,1,-1,0,0,1,0,0,0,3,1,-1,1,1,33,6,1797,1,9,TOYOTA PRIUS,3,E01010218,0,3
2024201445890,2024,201445890,2,9,0,-1,19,1,5,-1,0,1,0,0,0,0,0,9,-1,1,1,70,10,1790,8,8,TOYOTA PRIUS,3,E01009086,0,1
2024010533987,2024,010533987,1,9,0,11,11,3,7,0,0,1,0,0,0,0,3,1,6,6,2,37,7,1497,8,18,TOYOTA PRIUS,1,E01001210,0,2
2024201407868,2024,201407868,1,9,0,-1,19,6,2,-1,0,0,0,0,0,0,4,9,-1,1,1,50,8,1797,8,6,TOYOTA PRIUS,1,E01009401,0,2
2024010538442,2024,010538442,2,9,0,18,19,5,1,0,0,0,0,0,0,0,1,1,1,1,1,43,7,1797,8,8,TOYOTA PRIUS,-1,-1,0,-1
2024010538600,2024,010538600,1,8,0,7,7,3,6,0,0,1,0,0,0,0,4,1,1,1,1,33,6,1798,8,8,TOYOTA PRIUS,3,E01000108,0,3
2024141521621,2024,141521621,2,9,0,-1,6,5,5,-1,0,8,0,0,0,0,1,1,-1,6,3,-1,-1,1798,8,4,TOYOTA PRIUS,-1,-1,0,-1
2024010535208,2024,010535208,1,9,0,18,19,1,5,0,0,1,0,0,0,0,4,1,2,2,1,23,5,1798,8,8,TOYOTA PRIUS,5,E01000516,0,2
2024010537663,2024,010537663,2,9,0,99,99,9,9,99,99,9,9,99,9,99,9,9,6,6,3,-1,-1,1797,8,9,TOYOTA PRIUS,-1,-1,0,-1
2024201520509,2024,201520509,1,8,0,-1,19,5,8,-1,0,1,0,0,0,0,1,1,-1,9,1,40,7,1797,8,11,TOYOTA PRIUS,1,E01009363,0,1
2024010538516,2024,010538516,2,9,0,9,9,1,8,0,0,6,0,0,0,0,1,1,6,6,2,50,8,1797,8,13,TOYOTA PRIUS,2,E01001428,0,1
2024201470622,2024,201470622,1,8,0,-1,9,4,2,-1,0,5,0,0,0,0,1,1,-1,6,1,50,8,1797,8,4,TOYOTA PRIUS,1,E01034735,0,4
2024010506254,2024,010506254,1,9,0,18,19,5,1,0,0,1,0,0,7,4,1,1,6,6,1,49,8,1791,8,12,TOYOTA PRIUS,2,E01004206,0,1
2024010512016,2024,010512016,1,9,0,4,4,7,3,0,0,1,0,0,0,0,4,1,1,1,1,44,7,1798,8,5,TOYOTA PRIUS,-1,-1,0,-1
2024061473148,2024,061473148,1,8,0,-1,19,5,1,-1,0,8,0,0,0,0,4,1,-1,1,1,53,8,1797,8,6,TOYOTA PRIUS,1,E01005141,0,2
2024052402347,2024,052402347,1,8,0,18,19,4,8,0,0,2,0,7,0,0,1,1,1,1,1,29,6,1797,8,6,TOYOTA PRIUS,1,E01005213,0,4
2024311491922,2024,311491922,1,8,0,-1,5,5,1,-1,0,8,0,0,0,0,1,1,-1,1,1,47,8,1797,8,5,TOYOTA PRIUS,9,E01028415,0,2
2024401487626,2024,401487626,2,9,0,-1,10,8,6,-1,0,1,0,0,0,0,3,1,-1,6,1,64,9,1497,8,15,TOYOTA PRIUS,2,E01017537,0,1
2024010486851,2024,010486851,2,8,0,2,2,0,0,2,2,0,0,0,0,0,2,1,6,6,3,-1,-1,1798,8,8,TOYOTA PRIUS,-1,-1,0,-1
2024010546512,2024,010546512,2,9,0,18,19,1,5,0,0,0,0,0,0,0,3,1,1,1,1,39,7,1798,8,8,TOYOTA PRIUS,6,E01033582,0,2
2024052401998,2024,052401998,2,9,0,18,19,3,7,0,0,8,0,0,0,0,4,1,6,6,1,52,8,1797,8,12,TOYOTA PRIUS,1,E01006611,0,1
2024010543833,2024,010543833,2,9,0,-1,-1,1,5,0,0,8,0,0,0,0,1,1,6,6,1,34,6,1797,8,11,TOYOTA PRIUS,1,E01001781,0,3
2024010533404,2024,010533404,1,9,0,12,12,3,7,0,0,0,0,0,0,0,3,1,1,1,2,59,9,1797,8,8,TOYOTA PRIUS,3,E01003319,0,3
2024440511348,2024,440511348,1,9,0,18,19,5,1,0,0,0,0,0,0,0,4,1,6,6,1,-1,-1,1798,8,11,TOYOTA PRIUS,-1,-1,0,-1
2024421485773,2024,421485773,1,9,0,-1,19,6,1,-1,0,2,0,0,0,0,3,1,-1,6,1,40,7,1797,8,6,TOYOTA PRIUS,7,E01000414,0,4
2024411425006,2024,411425006,2,9,0,-1,19,5,1,-1,0,0,1,0,0,0,4,1,-1,1,1,33,6,1797,8,13,TOYOTA PRIUS,4,E01023788,0,1
2024010537722,2024,010537722,2,8,0,99,99,9,9,99,99,9,9,99,9,99,9,9,6,6,3,-1,-1,1798,8,6,TOYOTA PRIUS,-1,-1,0,-1
2024201455772,2024,201455772,1,8,0,-1,3,8,4,-1,0,0,0,0,0,0,1,1,-1,6,1,49,8,1797,8,8,TOYOTA PRIUS,1,E01034923,0,1
2024201534257,2024,201534257,2,9,0,-1,9,7,4,-1,0,6,0,0,0,0,4,1,-1,6,1,64,9,1797,8,10,TOYOTA PRIUS,1,E01009057,0,2
2024010536896,2024,010536896,2,9,0,18,19,3,7,0,0,1,0,0,0,0,1,2,6,6,1,46,8,1497,8,17,TOYOTA PRIUS,3,E01035675,0,1
2024010545374,2024,010545374,2,9,0,99,99,9,9,99,99,9,9,99,9,99,2,9,6,6,3,47,8,1797,8,15,TOYOTA PRIUS,3,E01001325,0,1
2024041530444,2024,041530444,2,9,0,-1,19,3,7,-1,0,0,0,6,0,0,3,1,-1,1,1,32,6,1798,8,8,TOYOTA PRIUS,1,E01004863,0,4
2024332401250,2024,332401250,1,8,0,-1,9,5,3,-1,0,5,0,0,7,0,1,1,-1,9,1,56,9,1798,8,7,TOYOTA PRIUS,6,E01013766,0,1
2024201462124,2024,201462124,1,8,0,-1,19,2,6,-1,0,0,0,0,0,0,1,1,-1,6,1,44,7,1797,8,8,TOYOTA PRIUS,2,E01009058,0,1
2024010523631,2024,010523631,1,9,0,7,7,5,7,0,0,8,0,0,0,0,3,1,1,1,1,59,9,1797,8,8,TOYOTA PRIUS,2,E01001427,0,3
2024010503863,2024,010503863,2,8,0,99,99,9,9,99,99,9,9,99,9,99,2,9,6,6,3,-1,-1,1797,8,10,TOYOTA PRIUS,-1,-1,0,-1
2024061408813,2024,061408813,1,9,0,-1,5,2,6,-1,0,1,0,0,0,0,1,9,-1,6,3,-1,-1,1497,8,16,TOYOTA PRIUS,-1,-1,0,-1
2024010525803,2024,010525803,2,9,0,99,99,9,9,99,99,9,9,99,9,99,1,9,6,6,3,-1,-1,1798,8,9,TOYOTA PRIUS,-1,-1,0,-1
2024010527986,2024,010527986,2,9,0,99,99,9,9,99,99,9,9,99,9,99,9,9,6,6,3,-1,-1,1798,8,6,TOYOTA PRIUS,-1,-1,0,-1
2024421472762,2024,421472762,1,9,0,-1,19,7,3,-1,0,1,0,0,0,0,1,1,-1,9,1,50,8,1798,8,2,TOYOTA PRIUS,5,E01015994,0,1
2024231524759,2024,231524759,2,8,0,-1,2,0,0,-1,0,0,0,0,0,0,3,1,-1,1,1,39,7,1797,8,11,TOYOTA PRIUS,4,E01009921,0,4
2024131527495,2024,131527495,2,9,0,-1,13,7,3,-1,0,1,0,0,0,0,4,1,-1,1,1,37,7,1497,8,15,TOYOTA PRIUS,2,E01011837,0,1
2024010526451,2024,010526451,2,8,0,99,99,9,9,99,99,9,9,99,9,99,2,9,1,1,1,40,7,1797,8,10,TOYOTA PRIUS,7,E01000292,0,3
2024010514720,2024,010514720,3,9,0,2,2,0,0,0,0,0,0,0,0,0,0,1,6,6,3,-1,-1,1497,8,17,TOYOTA PRIUS,-1,-1,0,-1
2024010561904,2024,010561904,1,9,0,5,5,1,5,0,0,8,0,0,0,0,1,1,6,6,1,50,8,1497,8,18,TOYOTA PRIUS,5,E01002590,0,3
2024010503791,2024,010503791,2,8,0,99,99,9,9,99,99,9,9,99,9,99,1,9,6,6,3,-1,-1,1798,8,8,TOYOTA PRIUS,-1,-1,0,-1
2024010523710,2024,010523710,2,9,0,4,4,3,7,0,0,1,0,0,0,0,4,1,6,6,1,61,9,1797,8,10,TOYOTA PRIUS,-1,-1,0,-1
2024201514783,2024,201514783,1,9,0,-1,9,3,7,-1,0,1,0,0,0,0,1,2,-1,6,1,20,4,1497,8,18,TOYOTA PRIUS,3,E01015899,0,5
2024010528019,2024,010528019,1,8,0,99,99,9,9,99,99,0,9,99,9,99,9,9,6,6,1,39,7,1798,8,10,TOYOTA PRIUS,2,E01001955,0,1
2024010512909,2024,010512909,2,9,0,99,99,9,9,99,99,9,9,99,9,99,1,9,6,6,2,-1,-1,1798,8,12,TOYOTA PRIUS,8,E01001384,0,3
2024010510353,2024,010510353,2,9,0,99,99,9,9,99,99,9,9,99,9,99,9,9,6,6,3,-1,-1,1798,8,8,TOYOTA PRIUS,-1,-1,0,-1
2024010542570,2024,010542570,1,8,0,2,2,0,0,0,0,1,0,0,0,0,0,1,6,6,3,-1,-1,1798,8,5,TOYOTA PRIUS,-1,-1,0,-1
2024010548646,2024,010548646,2,9,0,18,19,5,1,0,0,1,0,0,0,0,3,9,6,6,3,-1,-1,1798,8,7,TOYOTA PRIUS,1,E01003515,0,1
2024122400611,2024,122400611,1,8,0,18,19,4,8,0,0,8,1,0,0,0,3,1,1,1,1,57,9,1797,8,8,TOYOTA PRIUS,1,E01011621,0,3
2024010518680,2024,010518680,1,9,0,99,99,9,9,99,99,9,9,99,9,99,2,9,6,6,1,49,8,1497,8,16,TOYOTA PRIUS,2,E01004256,0,1
2024421411118,2024,421411118,1,8,0,-1,7,1,4,-1,0,5,0,0,0,0,1,1,-1,2,1,42,7,1797,8,10,TOYOTA PRIUS,3,E01004389,0,1
2024302401098,2024,302401098,1,8,0,18,19,2,6,0,0,0,0,0,0,0,1,1,1,1,1,39,7,1798,8,6,TOYOTA PRIUS,2,E01013569,0,1