collision_index,collision_year,collision_ref_no,vehicle_reference,vehicle_type,towing_and_articulation,vehicle_manoeuvre_historic,vehicle_manoeuvre,vehicle_direction_from,vehicle_direction_to,vehicle_location_restricted_lane_historic,vehicle_location_restricted_lane,junction_location,skidding_and_overturning,hit_object_in_carriageway,vehicle_leaving_carriageway,hit_object_off_carriageway,first_point_of_impact,vehicle_left_hand_drive,journey_purpose_of_driver_historic,journey_purpose_of_driver,sex_of_driver,age_of_driver,age_band_of_driver,engine_capacity_cc,propulsion_code,age_of_vehicle,generic_make_model,driver_imd_decile,lsoa_of_driver,escooter_flag,driver_distance_banding
2024411500720,2024,411500720,2,8,0,-1,4,-1,-1,-1,0,1,0,0,0,0,3,1,-1,1,1,53,8,1798,8,7,TOYOTA PRIUS,3,E01003618,0,4
2024010513764,2024,010513764,2,9,9,99,99,9,9,99,99,9,9,99,9,99,9,9,6,6,3,-1,-1,1797,8,11,TOYOTA PRIUS,-1,-1,0,-1
2024010530005,2024,010530005,1,9,0,99,99,9,9,99,99,9,9,99,9,99,2,9,6,6,1,37,7,1800,8,11,TOYOTA PRIUS,3,E01002493,0,1
2024010514674,2024,010514674,2,9,0,99,99,9,9,99,99,9,9,99,9,99,9,9,6,6,3,-1,-1,1497,8,16,TOYOTA PRIUS,-1,-1,0,-1
2024201516276,2024,201516276,2,9,0,-1,19,1,5,-1,0,0,0,0,0,0,1,9,-1,6,2,48,8,1797,8,15,TOYOTA PRIUS,-1,-1,0,-1
2024332400453,2024,332400453,1,8,0,-1,5,3,7,-1,0,1,0,0,0,0,1,1,-1,1,1,58,9,1798,8,5,TOYOTA PRIUS,-1,-1,0,-1
2024010551309,2024,010551309,2,9,0,2,2,0,0,0,0,8,0,4,0,0,3,1,6,6,3,-1,-1,1797,8,10,TOYOTA PRIUS,-1,-1,0,-1
2024041426970,2024,041426970,1,9,0,-1,5,1,5,-1,0,2,0,0,0,0,2,1,-1,6,1,40,7,1798,8,12,TOYOTA PRIUS,1,E01012657,0,1
2024010517997,2024,010517997,1,9,0,9,9,2,8,0,0,6,0,0,0,0,1,1,1,1,1,54,8,1797,8,10,TOYOTA PRIUS,3,E01000222,0,1
2024440459204,2024,440459204,2,9,0,18,19,7,3,0,0,8,0,0,0,0,4,1,1,1,1,44,7,1797,8,6,TOYOTA PRIUS,1,E01032755,0,1
2024061436101,2024,061436101,1,8,0,-1,9,7,5,-1,0,1,0,0,0,0,1,1,-1,1,1,37,7,1797,8,8,TOYOTA PRIUS,1,E01005191,0,2
2024010504395,2024,010504395,1,9,0,99,99,9,9,99,99,0,9,99,9,99,9,9,1,1,1,52,8,1797,8,10,TOYOTA PRIUS,6,E01002964,0,1
2024401412342,2024,401412342,3,9,0,-1,19,7,3,-1,0,0,0,0,0,0,1,1,-1,6,1,-1,-1,1798,8,11,TOYOTA PRIUS,7,E01015694,0,1
2024010524710,2024,010524710,1,9,0,99,99,9,9,99,99,9,9,99,9,99,2,9,6,6,1,37,7,1798,8,9,TOYOTA PRIUS,2,E01003601,0,1
2024010514061,2024,010514061,1,9,9,14,14,1,5,0,0,9,9,99,0,0,9,1,6,6,1,-1,-1,1798,8,8,TOYOTA PRIUS,3,E01034146,0,3
2024201460496,2024,201460496,1,9,0,-1,9,5,6,-1,0,6,0,0,0,0,1,1,-1,9,1,41,7,1797,8,6,TOYOTA PRIUS,1,E01009094,0,2
2024161462462,2024,161462462,1,8,0,-1,19,1,5,-1,0,4,0,0,0,0,3,1,-1,1,1,70,10,1797,8,12,TOYOTA PRIUS,1,E01012858,0,1
2024481507854,2024,481507854,1,8,0,-1,7,1,3,-1,0,8,0,0,0,0,4,1,-1,1,1,32,6,1797,8,8,TOYOTA PRIUS,-1,-1,0,-1
2024131495996,2024,131495996,2,9,0,-1,19,1,5,-1,0,0,0,0,0,0,1,1,-1,1,1,36,7,1797,8,5,TOYOTA PRIUS,3,E01010671,0,3
2024010549984,2024,010549984,2,9,0,99,99,9,9,99,99,9,9,99,9,99,1,9,6,6,1,-1,-1,1797,8,11,TOYOTA PRIUS,5,E01000219,0,2
2024010548344,2024,010548344,2,9,0,18,19,3,7,0,0,0,1,0,1,4,3,1,6,6,1,22,5,1797,8,15,TOYOTA PRIUS,5,E01021820,0,4
2024010505202,2024,010505202,1,9,0,14,14,1,5,0,0,2,0,0,0,0,2,1,6,6,1,51,8,1797,8,13,TOYOTA PRIUS,5,E01002119,0,1
2024010506562,2024,010506562,2,9,0,99,99,9,9,99,99,9,9,99,9,99,1,9,6,6,3,-1,-1,1797,8,13,TOYOTA PRIUS,4,E01000466,0,1
2024010538681,2024,010538681,1,9,0,1,1,3,7,0,0,1,0,0,0,0,2,9,6,6,1,-1,-1,1798,8,6,TOYOTA PRIUS,-1,-1,0,-1
2024440298644,2024,440298644,1,9,0,18,19,5,1,0,0,0,0,0,0,0,3,1,6,6,1,37,7,1497,8,18,TOYOTA PRIUS,3,E01017194,0,3
2024061525159,2024,061525159,1,9,0,-1,5,1,1,-1,0,2,1,4,0,0,1,1,-1,6,1,25,5,1497,8,17,TOYOTA PRIUS,-1,-1,0,-1
2024010551557,2024,010551557,1,9,0,9,9,5,3,0,0,1,0,0,0,0,2,1,2,2,2,47,8,1798,8,10,TOYOTA PRIUS,2,E01000025,0,1
2024061499984,2024,061499984,2,9,0,-1,9,5,1,-1,0,1,0,0,0,0,1,1,-1,9,1,34,6,1790,8,11,TOYOTA PRIUS,1,E01004830,0,2
2024010493654,2024,010493654,2,9,0,99,99,9,9,99,99,9,9,99,9,99,9,9,6,6,3,-1,-1,1797,8,14,TOYOTA PRIUS,-1,-1,0,-1
2024411504370,2024,411504370,2,9,0,-1,5,1,5,-1,0,1,0,0,0,0,2,1,-1,2,1,45,7,1797,8,15,TOYOTA PRIUS,9,E01023911,0,1
2024351477657,2024,351477657,1,8,0,-1,5,1,7,-1,0,6,0,0,0,0,3,1,-1,1,1,51,8,1798,8,8,TOYOTA PRIUS,6,E01017997,0,1
2024061414229,2024,061414229,1,9,-1,-1,-1,-1,-1,-1,-1,0,-1,-1,-1,0,-1,9,-1,6,3,-1,-1,1497,8,19,TOYOTA PRIUS,-1,-1,0,-1
2024461434936,2024,461434936,1,9,0,-1,5,3,7,-1,0,8,0,0,0,0,1,1,-1,2,1,26,6,1797,8,11,TOYOTA PRIUS,5,E01001648,0,3
2024010506240,2024,010506240,2,9,9,99,99,9,9,99,99,0,9,99,9,99,9,9,6,6,1,55,8,1797,8,9,TOYOTA PRIUS,3,E01034218,0,1
2024010533671,2024,010533671,1,9,0,5,5,7,3,8,6,6,0,0,0,0,4,1,1,1,1,42,7,1797,8,14,TOYOTA PRIUS,6,E01002182,0,2
2024421509320,2024,421509320,1,9,0,-1,1,5,1,-1,0,1,0,0,0,0,2,1,-1,6,1,-1,-1,1798,8,7,TOYOTA PRIUS,-1,-1,0,-1
2024010522893,2024,010522893,1,9,0,18,19,1,5,0,0,7,0,0,0,0,1,1,1,1,1,56,9,1797,8,5,TOYOTA PRIUS,-1,-1,0,-1
2024461497168,2024,461497168,2,9,0,-1,3,5,1,-1,0,0,0,0,0,0,2,1,-1,9,1,69,10,1798,8,11,TOYOTA PRIUS,2,E01003503,0,3
2024010547469,2024,010547469,1,8,0,14,14,5,1,0,0,0,0,0,0,0,1,1,2,2,1,38,7,1797,8,9,TOYOTA PRIUS,4,E01003532,0,1
2024010525979,2024,010525979,2,9,0,5,5,3,7,0,0,1,0,0,0,0,0,1,1,1,1,54,8,1798,8,10,TOYOTA PRIUS,2,E01004249,0,3
2024010507222,2024,010507222,1,9,0,18,19,7,3,0,0,8,0,0,0,0,1,1,1,1,1,52,8,1798,8,7,TOYOTA PRIUS,3,E01002600,0,3
2024311506032,2024,311506032,2,8,0,-1,5,1,5,-1,0,0,0,0,0,0,1,1,-1,1,1,49,8,1798,8,6,TOYOTA PRIUS,-1,-1,0,-1
2024201526171,2024,201526171,2,8,0,-1,5,1,1,-1,0,0,0,0,0,0,2,1,-1,9,1,48,8,1797,8,9,TOYOTA PRIUS,1,E01009025,0,2
2024010499779,2024,010499779,1,8,9,99,99,9,9,99,99,9,9,99,9,99,9,9,6,6,3,-1,-1,1797,8,8,TOYOTA PRIUS,-1,-1,0,-1
2024010506300,2024,010506300,3,9,0,18,19,5,1,0,0,0,0,0,0,0,1,1,6,6,2,45,7,1800,8,13,TOYOTA PRIUS,9,E01004191,0,1
2024061486691,2024,061486691,1,8,0,-1,19,1,5,-1,0,0,0,0,-1,0,1,9,-1,1,1,-1,-1,1797,8,11,TOYOTA PRIUS,-1,-1,0,-1
2024161444918,2024,161444918,1,9,0,-1,3,7,3,-1,0,0,0,0,0,0,1,1,-1,6,3,-1,-1,1797,8,15,TOYOTA PRIUS,-1,-1,0,-1
2024440329602,2024,440329602,1,9,0,18,19,5,1,0,0,2,0,0,0,0,1,1,1,1,2,43,7,1798,8,9,TOYOTA PRIUS,1,E01017035,0,1
2024302400353,2024,302400353,1,9,0,16,19,3,6,0,0,0,1,0,2,10,1,1,6,6,1,36,7,1497,8,18,TOYOTA PRIUS,4,E01005944,0,2
2024010533240,2024,010533240,2,9,0,4,4,1,5,0,0,4,0,0,0,0,2,1,6,6,1,79,11,1791,8,12,TOYOTA PRIUS,3,E01033934,0,1
2024131457659,2024,131457659,2,8,0,-1,9,5,3,-1,0,6,0,0,0,0,4,1,-1,1,1,42,7,1798,8,2,TOYOTA PRIUS,1,E01011626,0,1
2024010507051,2024,010507051,1,9,0,18,19,5,1,0,0,8,0,0,3,0,4,1,6,6,3,-1,-1,1497,8,17,TOYOTA PRIUS,-1,-1,0,-1
2024010549082,2024,010549082,1,9,0,99,99,9,9,99,99,9,9,99,9,99,1,9,6,6,1,56,9,1800,8,13,TOYOTA PRIUS,5,E01000255,0,2
2024031502736,2024,031502736,1,9,0,-1,10,1,2,-1,0,5,0,0,0,0,2,1,-1,6,1,90,11,1798,8,8,TOYOTA PRIUS,8,E01019106,0,1
2024131474933,2024,131474933,3,9,0,-1,2,0,0,-1,0,1,0,0,0,0,4,1,-1,6,-1,-1,-1,1797,8,12,TOYOTA PRIUS,-1,-1,0,-1
2024010517756,2024,010517756,1,8,0,18,19,1,5,0,0,0,0,0,0,0,3,2,6,6,1,47,8,1798,8,10,TOYOTA PRIUS,2,E01035682,0,2
2024010517759,2024,010517759,2,9,0,18,19,3,7,0,0,0,0,0,0,0,1,1,2,2,1,47,8,1797,8,14,TOYOTA PRIUS,2,E01002561,0,1
2024430410950,2024,430410950,1,8,0,18,19,2,6,0,0,1,0,0,0,0,1,1,1,1,1,32,6,1798,8,8,TOYOTA PRIUS,10,E01028789,0,3
2024010503429,2024,010503429,2,9,9,99,99,9,9,99,99,9,9,99,9,99,9,9,6,6,3,-1,-1,1798,8,12,TOYOTA PRIUS,-1,-1,0,-1
2024430319769,2024,430319769,2,9,0,1,1,3,7,0,0,0,0,0,0,0,2,1,6,6,3,-1,-1,1497,8,17,TOYOTA PRIUS,-1,-1,0,-1
2024010544900,2024,010544900,1,9,0,18,19,3,7,0,0,0,0,0,0,0,2,1,6,6,1,55,8,1798,8,9,TOYOTA PRIUS,4,E01000039,0,3
2024471406012,2024,471406012,1,9,0,-1,19,7,3,-1,0,0,0,0,0,0,1,1,-1,1,1,44,7,1798,8,10,TOYOTA PRIUS,8,E01020954,0,1
2024010547333,2024,010547333,2,8,0,99,99,9,9,99,99,9,9,99,9,99,2,9,1,1,1,58,9,1795,8,9,TOYOTA PRIUS,3,E01003151,0,3
2024201432168,2024,201432168,1,9,0,-1,19,8,4,-1,0,6,0,0,0,0,1,9,-1,6,1,50,8,1797,8,7,TOYOTA PRIUS,1,E01034915,0,2
2024131526938,2024,131526938,2,9,0,-1,9,7,5,-1,0,8,0,0,0,0,1,1,-1,1,1,39,7,1797,8,4,TOYOTA PRIUS,3,E01011606,0,3
2024010541175,2024,010541175,2,8,0,18,19,3,7,0,0,8,0,0,0,0,1,1,6,6,1,40,7,1797,8,7,TOYOTA PRIUS,4,E01004590,0,1
2024041454557,2024,041454557,3,9,0,-1,3,1,5,-1,0,1,0,0,0,0,2,1,-1,9,2,42,7,1497,8,16,TOYOTA PRIUS,4,E01025212,0,1
2024010513982,2024,010513982,1,9,0,5,5,0,1,0,0,6,0,0,0,0,3,1,6,6,1,50,8,1798,8,12,TOYOTA PRIUS,2,E01001447,0,1
2024010544068,2024,010544068,1,9,0,99,99,9,9,99,99,9,9,99,9,99,1,1,6,6,1,40,7,1797,8,10,TOYOTA PRIUS,5,E01003195,0,1
2024041500575,2024,041500575,2,9,0,-1,3,0,0,-1,0,0,0,0,0,0,2,2,-1,9,1,48,8,1790,8,5,TOYOTA PRIUS,1,E01024876,0,1
2024010494881,2024,010494881,1,9,0,99,99,9,9,99,99,9,9,99,9,99,1,9,6,6,1,45,7,1797,8,14,TOYOTA PRIUS,3,E01003522,0,1
2024010516422,2024,010516422,2,9,0,99,99,9,9,99,99,9,9,99,9,99,1,9,6,6,3,18,4,1798,8,11,TOYOTA PRIUS,6,E01004481,0,2
2024010530953,2024,010530953,1,8,0,18,19,5,1,0,0,0,0,0,0,0,2,1,1,1,1,45,7,1798,8,7,TOYOTA PRIUS,3,E01035710,0,2
2024201420060,2024,201420060,2,9,0,-1,2,0,0,-1,0,0,0,0,0,0,3,1,-1,6,1,34,6,1798,8,7,TOYOTA PRIUS,2,E01009955,0,3
2024061501888,2024,061501888,2,8,0,-1,7,3,1,-1,0,1,0,0,0,0,1,1,-1,2,1,30,6,1798,8,3,TOYOTA PRIUS,-1,-1,0,-1
2024010538982,2024,010538982,3,9,0,2,2,0,0,9,9,0,0,0,0,0,3,1,6,6,3,-1,-1,1497,8,16,TOYOTA PRIUS,-1,-1,0,-1
2024010504829,2024,010504829,2,9,0,18,19,5,1,0,0,8,0,0,0,0,1,1,6,6,3,-1,-1,1497,8,20,TOYOTA PRIUS,-1,-1,0,-1
2024010500095,2024,010500095,1,9,0,15,15,7,3,0,0,2,0,0,0,0,1,1,2,2,1,62,9,1798,8,10,TOYOTA PRIUS,5,E01000071,0,1
2024041512713,2024,041512713,2,9,0,-1,2,0,0,-1,0,2,0,0,0,0,2,1,-1,6,3,-1,-1,1797,8,8,TOYOTA PRIUS,-1,-1,0,-1
2024471409446,2024,471409446,1,9,0,-1,19,7,3,-1,0,1,0,0,0,0,1,1,-1,1,1,35,6,1797,8,10,TOYOTA PRIUS,7,E01016889,0,1
2024440497712,2024,440497712,1,8,0,6,6,3,3,0,0,8,0,0,0,0,3,1,1,1,1,40,7,1797,8,5,TOYOTA PRIUS,2,E01017202,0,1
2024010550479,2024,010550479,1,9,0,99,99,9,9,99,99,6,9,99,9,99,9,9,6,6,3,-1,-1,1497,8,20,TOYOTA PRIUS,-1,-1,0,-1
2024451515388,2024,451515388,1,9,0,-1,9,7,1,-1,1,6,0,0,0,0,3,1,-1,1,1,58,9,1797,8,5,TOYOTA PRIUS,10,E01030460,0,1
2024070567772,2024,070567772,1,8,0,1,1,3,7,0,0,1,0,0,0,0,2,1,6,6,1,-1,-1,1797,1,8,TOYOTA PRIUS,-1,-1,0,-1
2024631501109,2024,631501109,1,9,0,-1,9,2,8,-1,0,8,0,0,0,0,1,1,-1,7,1,36,7,1797,8,4,TOYOTA PRIUS,5,W01000452,0,3
2024010528275,2024,010528275,2,9,0,99,99,9,9,99,99,4,9,99,9,99,9,9,6,6,3,-1,-1,1798,8,9,TOYOTA PRIUS,-1,-1,0,-1
2024041510147,2024,041510147,2,9,0,-1,4,1,5,-1,0,1,0,0,0,0,2,1,-1,1,1,37,7,1497,8,18,TOYOTA PRIUS,1,E01012596,0,1
2024451477642,2024,451477642,2,8,0,-1,9,3,7,-1,99,5,0,0,0,0,1,1,-1,6,3,40,7,1797,8,4,TOYOTA PRIUS,-1,-1,0,-1
2024311436455,2024,311436455,1,8,0,-1,12,5,1,-1,0,0,0,0,4,2,1,1,-1,2,1,55,8,1797,8,4,TOYOTA PRIUS,1,E01013867,0,1
2024010503395,2024,010503395,2,9,0,99,99,9,9,99,99,9,9,99,9,99,9,9,6,6,3,-1,-1,1497,8,15,TOYOTA PRIUS,-1,-1,0,-1
2024010508616,2024,010508616,1,9,0,18,19,1,5,9,9,1,0,0,1,0,4,1,6,6,3,-1,-1,1797,8,14,TOYOTA PRIUS,-1,-1,0,-1
2024141517084,2024,141517084,1,9,0,-1,19,8,4,-1,0,0,1,4,0,0,4,1,-1,1,1,36,7,1798,8,11,TOYOTA PRIUS,4,E01007850,0,3
2024161491851,2024,161491851,2,9,0,-1,19,6,2,-1,0,1,0,0,0,0,9,9,-1,6,1,78,11,1798,8,5,TOYOTA PRIUS,6,E01013188,0,1
2024010499557,2024,010499557,1,9,0,99,99,9,9,99,99,9,9,99,9,99,1,9,6,6,3,-1,-1,1798,8,9,TOYOTA PRIUS,-1,-1,0,-1
2024471476460,2024,471476460,1,8,0,-1,19,8,7,-1,0,1,0,0,0,0,1,1,-1,6,1,45,7,1797,8,5,TOYOTA PRIUS,9,E01016999,0,1
2024131395514,2024,131395514,2,9,0,-1,19,7,3,-1,0,1,1,0,0,0,1,1,-1,9,1,44,7,1797,8,13,TOYOTA PRIUS,2,E01010792,0,1
2024302400795,2024,302400795,1,9,0,5,5,8,4,0,0,0,0,0,0,0,4,1,1,1,1,52,8,1798,8,8,TOYOTA PRIUS,5,E01013595,0,1
2024010517901,2024,010517901,1,9,0,4,4,3,7,0,0,1,0,0,0,0,1,1,6,6,1,46,8,1497,8,14,TOYOTA PRIUS,4,E01034029,0,2
2024451498845,2024,451498845,1,9,0,-1,19,1,5,-1,0,0,0,0,0,0,1,1,-1,2,1,48,8,1797,8,9,TOYOTA PRIUS,2,E01016520,0,4
2024010544455,2024,010544455,1,9,0,9,9,7,5,0,0,8,0,0,0,0,1,1,6,6,1,60,9,1797,8,8,TOYOTA PRIUS,-1,-1,0,-1
2024010543284,2024,010543284,1,9,0,18,19,5,1,0,0,1,0,0,0,0,1,1,1,1,1,41,7,1798,8,10,TOYOTA PRIUS,-1,-1,0,-1
2024010498149,2024,010498149,2,9,0,18,19,9,9,99,99,9,9,99,9,99,1,9,6,6,3,-1,-1,1797,8,14,TOYOTA PRIUS,-1,-1,0,-1
2024010513150,2024,010513150,2,9,0,99,99,9,9,99,99,9,9,99,9,99,9,9,6,6,3,-1,-1,1797,8,10,TOYOTA PRIUS,-1,-1,0,-1
2024010533113,2024,010533113,1,9,0,9,9,1,7,0,0,2,0,0,0,0,3,1,1,1,1,47,8,1797,8,6,TOYOTA PRIUS,2,E01001783,0,1
2024010525478,2024,010525478,2,9,0,18,19,5,1,0,0,2,0,0,0,0,3,1,1,1,1,49,8,1798,8,8,TOYOTA PRIUS,7,E01002181,0,3
2024141472489,2024,141472489,2,9,0,-1,9,6,3,-1,0,1,0,0,0,0,2,1,-1,1,1,47,8,1797,8,3,TOYOTA PRIUS,1,E01007979,0,2
2024451525716,2024,451525716,1,9,0,-1,19,5,1,-1,0,7,0,0,0,0,2,1,-1,2,1,48,8,1497,8,16,TOYOTA PRIUS,6,E01002609,0,1
2024010530493,2024,010530493,1,9,0,7,7,5,7,0,0,2,0,0,0,0,1,1,6,6,3,-1,-1,1798,8,7,TOYOTA PRIUS,-1,-1,0,-1
2024131482504,2024,131482504,2,9,0,-1,19,1,5,-1,0,0,0,0,0,0,1,1,-1,1,1,54,8,1797,8,9,TOYOTA PRIUS,1,E01011138,0,2
2024061405355,2024,061405355,1,8,0,-1,19,7,3,-1,0,0,1,0,0,0,1,1,-1,1,1,38,7,1797,8,9,TOYOTA PRIUS,1,E01005497,0,1
2024131397713,2024,131397713,1,9,0,-1,19,1,5,-1,0,0,0,0,0,0,4,1,-1,1,1,49,8,1798,8,9,TOYOTA PRIUS,6,E01011646,0,3
2024061454073,2024,061454073,1,9,0,-1,19,3,6,-1,0,8,0,0,0,0,1,1,-1,9,1,37,7,1798,8,9,TOYOTA PRIUS,1,E01005679,0,1
2024010488749,2024,010488749,1,9,9,99,99,9,9,99,99,0,9,99,9,99,9,9,6,6,1,-1,-1,1798,8,6,TOYOTA PRIUS,-1,-1,0,-1
2024461518483,2024,461518483,1,8,0,-1,19,7,3,-1,0,0,0,0,0,0,1,9,-1,6,1,41,7,1797,8,12,TOYOTA PRIUS,6,E01024653,0,1
2024010500482,2024,010500482,1,9,0,18,19,1,5,0,0,0,0,0,0,0,1,1,6,6,1,51,8,1797,8,4,TOYOTA PRIUS,5,E01000313,0,1
2024131432824,2024,131432824,1,9,0,-1,19,7,3,-1,0,0,0,0,0,0,1,1,-1,1,1,42,7,1797,8,12,TOYOTA PRIUS,1,E01010635,0,1
2024010542840,2024,010542840,1,9,0,6,6,7,7,0,0,2,0,0,0,0,1,1,6,6,1,31,6,1797,8,15,TOYOTA PRIUS,2,E01034471,0,2
2024010537172,2024,010537172,2,9,0,3,3,9,9,99,99,9,9,99,9,99,9,9,6,6,3,-1,-1,1797,8,10,TOYOTA PRIUS,-1,-1,0,-1
2024440061217,2024,440061217,2,8,0,18,19,4,8,0,0,1,0,0,0,0,1,1,1,1,1,35,6,1797,8,8,TOYOTA PRIUS,3,E01017270,0,1
2024340WN4262,2024,340WN4262,1,8,0,-1,19,2,6,-1,0,1,0,0,0,0,1,1,-1,1,1,55,8,1797,8,12,TOYOTA PRIUS,1,E01027168,0,1
2024201475770,2024,201475770,2,9,0,-1,19,2,6,-1,0,0,0,0,0,0,2,1,-1,6,1,66,10,1797,8,5,TOYOTA PRIUS,4,E01009037,0,1
2024010548771,2024,010548771,1,9,0,99,99,9,9,99,99,1,9,99,9,99,3,9,6,6,1,43,7,1797,8,11,TOYOTA PRIUS,7,E01003754,0,1
2024010541941,2024,010541941,1,8,0,5,5,5,1,0,0,7,0,11,1,0,4,1,6,6,3,52,8,1798,8,10,TOYOTA PRIUS,3,E01003634,0,1
2024131446337,2024,131446337,1,9,0,-1,9,5,1,-1,0,0,0,0,0,0,4,1,-1,9,1,49,8,1797,8,15,TOYOTA PRIUS,3,E01010629,0,1
2024201505757,2024,201505757,2,8,0,-1,19,6,2,-1,0,0,0,0,0,0,3,1,-1,9,1,-1,-1,1798,8,10,TOYOTA PRIUS,-1,-1,0,-1
2024440401574,2024,440401574,2,9,0,9,9,1,7,0,0,8,0,0,0,0,1,1,1,1,1,51,8,1797,8,9,TOYOTA PRIUS,6,E01017214,0,1
2024991425127,2024,991425127,1,8,0,-1,9,3,1,-1,0,6,0,0,0,0,1,1,-1,9,1,39,7,1798,8,3,TOYOTA PRIUS,1,-1,0,3
2024201406805,2024,201406805,1,9,0,-1,3,6,2,-1,0,0,0,0,0,0,1,1,-1,6,1,42,7,1798,8,8,TOYOTA PRIUS,-1,-1,0,-1
2024471527241,2024,471527241,1,8,0,-1,4,4,2,-1,0,0,0,0,0,0,3,1,-1,1,1,34,6,1797,8,6,TOYOTA PRIUS,5,E01003378,0,4
2024010497241,2024,010497241,1,9,0,99,99,9,9,99,99,9,9,99,9,99,9,9,6,6,1,36,7,1797,8,10,TOYOTA PRIUS,2,E01003313,0,2
2024141415195,2024,141415195,1,9,0,-1,19,3,7,-1,0,1,0,0,0,0,1,1,-1,1,1,42,7,1797,8,7,TOYOTA PRIUS,1,E01033269,0,2
2024201462662,2024,201462662,2,8,0,-1,5,1,5,-1,0,2,0,0,0,0,2,1,-1,1,1,58,9,1797,8,10,TOYOTA PRIUS,2,E01009481,0,2
2024201466012,2024,201466012,2,8,0,-1,19,6,2,-1,0,1,0,0,0,0,4,1,-1,1,1,53,8,1797,8,5,TOYOTA PRIUS,1,E01033640,0,1
2024061426314,2024,061426314,2,8,0,-1,3,5,1,-1,0,0,0,0,0,0,2,1,-1,6,1,60,9,1497,8,16,TOYOTA PRIUS,3,E01005476,0,2
2024041481147,2024,041481147,1,9,0,-1,9,5,1,-1,0,2,0,0,0,0,1,1,-1,1,1,64,9,1798,8,8,TOYOTA PRIUS,3,E01012715,0,1
2024461525030,2024,461525030,1,8,0,-1,13,1,5,-1,0,0,0,0,1,0,1,1,-1,2,1,35,6,1797,8,4,TOYOTA PRIUS,2,E01020990,0,4
2024010503530,2024,010503530,2,9,0,18,19,1,5,0,0,1,0,0,0,0,1,1,6,6,2,71,10,1497,8,18,TOYOTA PRIUS,-1,-1,0,-1
2024141467338,2024,141467338,3,9,0,-1,2,0,0,-1,0,0,0,0,0,0,4,1,-1,6,-1,-1,-1,1497,8,17,TOYOTA PRIUS,-1,-1,0,-1
2024010544894,2024,010544894,1,9,0,18,19,2,6,0,0,0,0,0,0,0,1,1,6,6,1,23,5,1798,8,11,TOYOTA PRIUS,-1,-1,0,-1
2024010509281,2024,010509281,2,8,0,3,3,5,1,0,0,1,0,0,0,0,1,1,1,1,1,54,8,1797,8,11,TOYOTA PRIUS,3,E01003154,0,1
2024010524556,2024,010524556,1,9,0,99,99,9,9,99,99,9,9,99,9,99,2,9,6,6,3,-1,-1,1797,8,10,TOYOTA PRIUS,-1,-1,0,-1
2024010518682,2024,010518682,2,9,0,99,99,9,9,99,99,9,9,99,9,99,1,9,6,6,3,-1,-1,1797,8,14,TOYOTA PRIUS,-1,-1,0,-1
2024010522536,2024,010522536,1,9,9,99,99,9,9,99,99,9,9,99,9,99,9,9,6,6,3,-1,-1,1797,8,5,TOYOTA PRIUS,-1,-1,0,-1
2024010542691,2024,010542691,2,9,0,99,99,9,9,99,99,9,9,99,9,99,2,9,6,6,3,-1,-1,1797,8,15,TOYOTA PRIUS,-1,-1,0,-1
2024010516184,2024,010516184,2,9,0,18,19,7,3,0,0,1,0,0,0,0,1,1,6,6,1,32,6,1797,8,13,TOYOTA PRIUS,3,E01035671,0,1
2024332400809,2024,332400809,1,8,0,-1,3,7,3,-1,0,0,0,0,0,0,2,1,-1,1,1,46,8,1798,8,8,TOYOTA PRIUS,5,E01013756,0,1
2024010519575,2024,010519575,1,9,0,4,4,5,1,0,0,1,0,0,0,0,0,1,1,1,1,34,6,1797,8,9,TOYOTA PRIUS,7,E01033133,0,3
2024440329371,2024,440329371,2,9,0,4,4,2,6,0,0,0,0,0,0,0,2,1,6,6,1,29,6,1797,8,14,TOYOTA PRIUS,2,E01017156,0,1
2024461453446,2024,461453446,2,8,0,-1,19,7,6,-1,0,1,0,0,0,0,4,1,-1,6,1,39,7,1798,8,7,TOYOTA PRIUS,1,E01024658,0,1
2024201477907,2024,201477907,1,8,0,-1,4,7,3,-1,0,2,0,4,0,0,3,1,-1,6,1,39,7,1797,8,7,TOYOTA PRIUS,1,E01009507,0,1
2024010528504,2024,010528504,2,9,0,10,10,3,1,0,0,1,0,0,0,0,3,1,2,2,1,50,8,1798,8,7,TOYOTA PRIUS,-1,-1,0,-1
2024471473845,2024,471473845,1,9,0,-1,19,7,3,-1,0,0,0,0,0,0,1,1,-1,6,1,33,6,1797,8,10,TOYOTA PRIUS,1,E01000221,0,4
2024201536412,2024,201536412,1,9,0,-1,19,3,7,-1,0,8,0,11,0,0,1,1,-1,6,1,17,4,1797,8,11,TOYOTA PRIUS,-1,-1,0,-1
2024010508317,2024,010508317,2,9,0,99,99,9,9,99,99,9,9,99,9,99,1,9,6,6,3,-1,-1,1797,8,5,TOYOTA PRIUS,8,E01001307,0,1
2024010547314,2024,010547314,2,9,0,18,19,5,1,0,0,1,0,0,0,0,1,1,6,6,1,-1,-1,1797,8,13,TOYOTA PRIUS,4,E01032566,0,1
2024010504731,2024,010504731,1,9,0,5,5,0,1,0,0,9,0,99,0,0,9,1,6,6,1,58,9,1798,8,6,TOYOTA PRIUS,5,E01000070,0,2
2024010502806,2024,010502806,1,9,0,18,19,1,5,0,0,8,0,0,0,0,4,1,6,6,1,38,7,1798,8,8,TOYOTA PRIUS,3,E01003567,0,1
2024010522999,2024,010522999,1,9,0,99,99,9,9,99,99,9,9,99,9,99,2,9,1,1,1,52,8,1798,8,5,TOYOTA PRIUS,2,E01000033,0,2
2024052401777,2024,052401777,1,9,0,18,19,2,6,0,0,0,0,0,0,0,1,1,1,1,1,33,6,1800,8,12,TOYOTA PRIUS,1,E01006761,0,1