collision_index,collision_year,collision_ref_no,vehicle_reference,vehicle_type,towing_and_articulation,vehicle_manoeuvre_historic,vehicle_manoeuvre,vehicle_direction_from,vehicle_direction_to,vehicle_location_restricted_lane_historic,vehicle_location_restricted_lane,junction_location,skidding_and_overturning,hit_object_in_carriageway,vehicle_leaving_carriageway,hit_object_off_carriageway,first_point_of_impact,vehicle_left_hand_drive,journey_purpose_of_driver_historic,journey_purpose_of_driver,sex_of_driver,age_of_driver,age_band_of_driver,engine_capacity_cc,propulsion_code,age_of_vehicle,generic_make_model,driver_imd_decile,lsoa_of_driver,escooter_flag,driver_distance_banding
2024461498537,2024,461498537,2,9,0,-1,3,8,4,-1,0,1,0,0,0,0,2,9,-1,6,1,29,6,1797,8,13,TOYOTA PRIUS,1,E01016019,0,1
2024041396586,2024,041396586,2,9,0,-1,19,7,3,-1,0,1,0,0,0,0,2,1,-1,1,1,37,7,1798,8,11,TOYOTA PRIUS,1,E01025229,0,3
2024010541335,2024,010541335,2,9,0,6,6,3,3,0,0,8,0,0,0,0,1,1,1,1,1,46,8,1798,8,6,TOYOTA PRIUS,2,E01002073,0,2
2024041494109,2024,041494109,2,9,0,-1,19,3,7,-1,0,1,0,0,0,0,3,1,-1,1,1,44,7,1797,8,9,TOYOTA PRIUS,2,E01012630,0,1
2024461492844,2024,461492844,2,8,0,-1,5,2,6,-1,0,3,0,0,0,0,2,1,-1,1,1,33,6,1797,8,7,TOYOTA PRIUS,3,E01024559,0,4
2024201485172,2024,201485172,2,8,0,-1,19,2,6,-1,0,8,0,0,0,0,1,1,-1,1,1,44,7,1790,8,6,TOYOTA PRIUS,1,E01009059,0,1
2024010527170,2024,010527170,1,8,0,99,99,9,9,99,99,9,9,99,9,99,9,9,1,1,1,50,8,1797,8,5,TOYOTA PRIUS,7,E01034594,0,2
2024501504718,2024,501504718,1,9,0,-1,19,2,6,-1,0,0,0,0,0,0,1,1,-1,9,1,43,7,1497,8,17,TOYOTA PRIUS,2,E01034160,0,1
2024471424277,2024,471424277,2,9,0,-1,19,4,7,-1,0,1,0,0,0,0,4,1,-1,1,1,32,6,1797,8,14,TOYOTA PRIUS,8,E01030576,0,2
2024010543426,2024,010543426,3,9,0,18,19,6,2,0,0,0,0,4,1,10,1,1,4,7,2,44,7,1798,8,12,TOYOTA PRIUS,2,E01001052,0,1
2024010549287,2024,010549287,1,8,0,99,99,9,9,99,99,9,9,99,9,99,3,9,1,1,1,33,6,1797,8,10,TOYOTA PRIUS,3,E01004422,0,2
2024201432604,2024,201432604,2,9,0,-1,19,8,4,-1,0,1,0,0,0,0,3,9,-1,6,1,56,9,1779,8,12,TOYOTA PRIUS,5,E01010223,0,1
2024201552158,2024,201552158,2,9,0,-1,19,1,3,-1,0,1,0,0,0,0,1,1,-1,6,1,35,6,1497,8,18,TOYOTA PRIUS,1,E01010272,0,1
2024411442245,2024,411442245,1,9,0,-1,5,1,5,-1,0,8,0,0,0,0,4,1,-1,6,1,38,7,1797,8,14,TOYOTA PRIUS,7,E01023856,0,1
2024340WN2562,2024,340WN2562,1,9,0,-1,19,5,1,-1,0,6,0,0,0,0,3,1,-1,9,1,29,6,1800,8,14,TOYOTA PRIUS,2,E01027242,0,1
2024201411414,2024,201411414,2,9,0,-1,3,7,3,-1,0,1,0,0,0,0,1,1,-1,6,1,50,8,1797,8,10,TOYOTA PRIUS,2,E01009994,0,2
2024041413974,2024,041413974,1,9,0,-1,19,5,1,-1,0,1,0,0,0,0,1,1,-1,1,1,41,7,1797,8,14,TOYOTA PRIUS,1,E01025297,0,1
2024010531123,2024,010531123,1,9,0,9,9,6,4,8,6,6,0,0,0,0,1,1,3,7,1,49,8,1791,8,12,TOYOTA PRIUS,3,E01034150,0,1
2024010497655,2024,010497655,2,9,0,16,19,5,1,0,0,1,0,0,0,0,1,2,1,1,1,59,9,1798,8,10,TOYOTA PRIUS,3,E01003539,0,3
2024010513604,2024,010513604,1,9,0,17,19,5,3,0,0,2,0,0,0,0,1,2,6,6,1,57,9,1798,8,7,TOYOTA PRIUS,4,E01001002,0,2
2024141523434,2024,141523434,2,9,0,-1,19,3,8,-1,0,1,0,0,0,0,1,1,-1,1,1,35,6,1797,8,4,TOYOTA PRIUS,1,E01007847,0,2
2024041531466,2024,041531466,1,9,0,-1,19,-1,-1,-1,0,1,0,0,0,0,-1,9,-1,6,3,-1,-1,1497,8,15,TOYOTA PRIUS,-1,-1,0,-1
2024010505679,2024,010505679,1,8,0,7,7,7,1,0,0,8,0,0,0,0,1,1,6,6,1,58,9,1798,8,10,TOYOTA PRIUS,4,E01002044,0,1
2024302401616,2024,302401616,2,9,0,9,9,8,6,0,0,6,0,0,0,0,2,1,1,1,1,44,7,1797,8,6,TOYOTA PRIUS,2,E01013565,0,1
2024010504450,2024,010504450,2,8,0,3,3,7,3,0,0,0,0,0,0,0,0,1,1,1,1,31,6,1797,8,11,TOYOTA PRIUS,2,E01034208,0,2
2024010511632,2024,010511632,2,8,0,99,99,9,9,99,99,9,9,99,9,99,1,9,6,6,3,57,9,1798,8,5,TOYOTA PRIUS,2,E01001961,0,1
2024471410408,2024,471410408,2,9,0,-1,9,3,8,-1,0,6,0,0,0,0,1,1,-1,1,1,41,7,1798,8,5,TOYOTA PRIUS,1,E01016942,0,1
2024231522787,2024,231522787,1,8,0,-1,1,2,6,-1,0,0,0,0,0,0,2,1,-1,1,1,52,8,1797,8,7,TOYOTA PRIUS,3,E01009553,0,3
2024131420051,2024,131420051,1,9,0,-1,1,1,5,-1,0,0,0,0,0,0,2,1,-1,1,1,50,8,1797,8,7,TOYOTA PRIUS,2,E01011139,0,1
2024010523710,2024,010523710,3,9,0,3,3,3,7,0,0,1,0,0,0,0,3,1,6,6,1,38,7,1798,8,7,TOYOTA PRIUS,4,E01035670,0,1
2024131534905,2024,131534905,1,9,0,-1,19,8,4,-1,0,1,0,0,0,0,1,1,-1,1,1,46,8,1798,8,5,TOYOTA PRIUS,2,E01010621,0,1
2024061468242,2024,061468242,1,9,0,-1,9,8,4,-1,0,0,0,0,0,0,3,1,-1,6,1,60,9,1790,8,5,TOYOTA PRIUS,2,E01005200,0,2
2024501543616,2024,501543616,1,9,0,-1,19,5,1,-1,0,0,0,0,0,0,1,1,-1,6,1,23,5,1790,8,15,TOYOTA PRIUS,5,E01015051,0,1
2024010540473,2024,010540473,1,9,0,18,19,7,3,0,0,0,0,0,0,0,2,1,6,6,1,73,10,1797,8,11,TOYOTA PRIUS,-1,-1,0,-1
2024010498208,2024,010498208,1,9,0,18,19,3,7,0,0,1,0,4,0,0,1,1,6,6,1,28,6,1497,8,17,TOYOTA PRIUS,1,E01002904,0,1
2024010494263,2024,010494263,2,9,0,7,7,3,6,0,0,2,0,0,0,0,1,1,1,1,1,52,8,1798,8,8,TOYOTA PRIUS,2,E01001395,0,4
2024131434493,2024,131434493,2,9,0,-1,4,3,1,-1,0,1,0,0,0,0,2,1,-1,9,1,41,7,1797,8,10,TOYOTA PRIUS,4,E01010678,0,1
2024010538998,2024,010538998,1,9,0,18,19,1,5,0,0,1,0,0,0,0,4,1,6,6,1,26,6,1797,8,10,TOYOTA PRIUS,3,E01003387,0,2
2024010548951,2024,010548951,2,9,0,3,3,1,5,0,0,0,1,4,0,0,2,1,1,1,1,32,6,1797,8,7,TOYOTA PRIUS,4,E01003767,0,3
2024010537830,2024,010537830,2,9,0,18,19,6,2,0,0,0,0,0,0,0,2,1,6,6,1,50,8,1798,8,10,TOYOTA PRIUS,2,E01034477,0,2
2024401401732,2024,401401732,2,9,0,-1,4,5,1,-1,0,3,0,0,0,0,1,9,-1,1,1,53,8,1798,8,11,TOYOTA PRIUS,2,E01033801,0,1
2024010550650,2024,010550650,1,8,0,5,5,0,7,0,0,0,0,0,0,0,0,1,1,1,1,57,9,1797,8,7,TOYOTA PRIUS,4,E01002309,0,1
2024010501769,2024,010501769,2,9,0,99,99,9,9,99,99,9,9,99,9,99,9,9,6,6,3,-1,-1,1497,8,17,TOYOTA PRIUS,-1,-1,0,-1
2024201399784,2024,201399784,1,8,0,-1,19,8,4,-1,0,2,0,0,0,0,1,1,-1,1,1,42,7,1798,8,6,TOYOTA PRIUS,1,E01034934,0,2
2024010538480,2024,010538480,1,9,0,14,14,1,5,0,0,8,5,0,0,0,1,1,1,1,1,24,5,1798,8,5,TOYOTA PRIUS,-1,-1,0,-1
2024201474240,2024,201474240,2,8,0,-1,19,8,4,-1,0,1,0,0,0,0,1,1,-1,6,1,41,7,1790,8,7,TOYOTA PRIUS,5,E01009023,0,1
2024421511801,2024,421511801,2,9,0,-1,19,6,2,-1,0,0,1,0,4,6,2,1,-1,9,1,57,9,1797,8,10,TOYOTA PRIUS,5,E01001319,0,4
2024201484904,2024,201484904,2,9,0,-1,9,7,5,-1,0,5,0,0,0,0,1,1,-1,9,1,38,7,1797,8,3,TOYOTA PRIUS,1,E01009202,0,2
2024401511151,2024,401511151,3,9,0,-1,19,4,8,-1,0,2,1,0,0,0,1,1,-1,9,1,48,8,1797,8,10,TOYOTA PRIUS,2,E01015703,0,1
2024411516408,2024,411516408,2,8,0,-1,-1,-1,-1,-1,-1,-1,-1,-1,-1,0,1,9,-1,1,1,41,7,1798,8,9,TOYOTA PRIUS,2,E01033937,0,4
2024131438804,2024,131438804,2,9,0,-1,19,2,6,-1,0,2,0,0,0,0,1,1,-1,1,1,51,8,1798,8,6,TOYOTA PRIUS,1,E01011360,0,1
2024201459996,2024,201459996,2,8,0,-1,3,8,4,-1,0,0,0,0,0,0,2,1,-1,6,1,47,8,1497,8,17,TOYOTA PRIUS,6,E01010075,0,1
2024010508023,2024,010508023,3,8,0,99,99,9,9,99,99,9,9,99,9,99,1,9,6,6,3,-1,-1,1798,8,9,TOYOTA PRIUS,4,E01002647,0,1
2024201530688,2024,201530688,2,9,0,-1,19,6,2,-1,0,0,0,0,0,0,3,9,-1,9,1,49,8,1797,8,5,TOYOTA PRIUS,2,E01010268,0,3
2024211460512,2024,211460512,1,9,0,-1,7,3,7,-1,0,1,0,0,0,0,1,1,-1,1,1,32,6,1797,8,9,TOYOTA PRIUS,-1,-1,0,-1
2024041503185,2024,041503185,1,9,0,-1,4,3,7,-1,0,0,0,0,0,0,1,1,-1,9,1,57,9,1800,8,9,TOYOTA PRIUS,2,E01004824,0,4
2024131411146,2024,131411146,1,8,0,-1,9,7,8,-1,0,2,0,0,0,0,1,1,-1,1,1,47,8,1797,8,13,TOYOTA PRIUS,1,E01010748,0,1
2024141411708,2024,141411708,1,9,0,-1,19,8,4,-1,0,1,0,0,0,0,3,1,-1,1,1,41,7,1798,8,5,TOYOTA PRIUS,1,E01007902,0,1
2024131428664,2024,131428664,2,9,0,-1,19,5,1,-1,0,1,0,0,0,0,2,1,-1,1,1,36,7,1797,8,7,TOYOTA PRIUS,1,E01011472,0,1
2024061422285,2024,061422285,1,9,0,-1,1,3,7,-1,0,0,0,0,0,0,2,1,-1,1,1,-1,-1,1797,8,4,TOYOTA PRIUS,-1,-1,0,-1
2024010539991,2024,010539991,1,9,0,18,19,5,1,0,0,8,0,10,6,1,1,1,1,1,1,56,9,1798,8,7,TOYOTA PRIUS,2,E01001633,0,4
2024041489481,2024,041489481,2,9,0,-1,19,1,5,-1,0,1,0,0,0,0,4,1,-1,1,1,38,7,1797,8,6,TOYOTA PRIUS,3,E01012669,0,1
2024010527068,2024,010527068,1,9,0,99,99,9,9,99,99,9,9,99,9,99,1,9,6,6,3,-1,-1,1797,8,11,TOYOTA PRIUS,-1,-1,0,-1
2024010517166,2024,010517166,1,9,0,18,19,5,1,0,0,8,0,0,0,0,1,1,6,6,1,37,7,1798,8,11,TOYOTA PRIUS,5,E01003527,0,3
2024411456576,2024,411456576,1,9,-1,-1,5,-1,-1,-1,0,1,0,0,1,0,1,9,-1,6,3,-1,-1,1797,8,13,TOYOTA PRIUS,-1,-1,0,-1
2024440355870,2024,440355870,2,9,0,13,13,6,2,0,0,2,0,0,0,0,4,1,1,1,3,-1,-1,1798,8,10,TOYOTA PRIUS,-1,-1,0,-1
2024201476881,2024,201476881,1,9,0,-1,9,3,2,-1,0,5,0,0,0,0,2,9,-1,6,1,75,10,1497,8,16,TOYOTA PRIUS,4,E01010337,0,1
2024010518532,2024,010518532,2,9,0,99,99,9,9,99,99,9,9,99,9,99,1,9,6,6,3,-1,-1,1797,8,15,TOYOTA PRIUS,-1,-1,0,-1
2024010524841,2024,010524841,2,9,0,18,19,3,7,0,0,1,0,0,0,0,1,1,6,6,1,47,8,1798,8,10,TOYOTA PRIUS,3,E01003623,0,1
2024010536813,2024,010536813,1,8,0,99,99,9,9,99,99,9,9,99,9,99,1,9,6,6,3,-1,-1,1797,8,7,TOYOTA PRIUS,-1,-1,0,-1
2024061505126,2024,061505126,3,9,0,-1,3,1,5,-1,0,1,0,0,0,0,3,1,-1,1,1,50,8,1797,8,9,TOYOTA PRIUS,1,E01005581,0,2
2024010521301,2024,010521301,2,9,0,18,19,4,8,0,0,0,0,0,0,0,3,1,6,6,1,44,7,1797,8,11,TOYOTA PRIUS,3,E01003293,0,3
2024010545395,2024,010545395,1,9,0,9,9,5,3,0,0,1,0,0,0,0,1,1,1,1,2,40,7,1798,8,12,TOYOTA PRIUS,4,E01004628,0,3
2024010513683,2024,010513683,1,9,0,9,9,2,7,0,0,5,0,0,0,0,1,1,1,1,1,47,8,1798,8,8,TOYOTA PRIUS,4,E01003733,0,3
2024010507883,2024,010507883,1,9,0,9,9,7,5,0,0,4,0,0,0,0,1,1,6,6,2,39,7,1797,8,14,TOYOTA PRIUS,3,E01002649,0,2
2024421500561,2024,421500561,1,9,0,-1,19,7,4,-1,0,0,0,0,0,0,1,1,-1,6,2,25,5,1497,8,20,TOYOTA PRIUS,3,E01021300,0,1
2024461496032,2024,461496032,1,9,0,-1,4,7,3,-1,0,4,0,0,0,0,1,9,-1,6,1,51,8,1797,8,11,TOYOTA PRIUS,3,E01016044,0,1
2024010548447,2024,010548447,1,9,0,99,99,9,9,99,99,9,9,99,9,99,2,9,6,6,3,49,8,1798,8,7,TOYOTA PRIUS,4,E01032784,0,2
2024052401160,2024,052401160,1,9,0,3,3,2,6,0,0,2,0,0,0,0,2,1,1,1,1,51,8,1797,8,13,TOYOTA PRIUS,6,E01006591,0,2
2024201501463,2024,201501463,2,8,0,-1,7,8,3,-1,0,0,0,0,0,0,2,1,-1,1,1,49,8,1797,8,10,TOYOTA PRIUS,2,E01010338,0,1
2024010536808,2024,010536808,1,9,0,18,19,5,1,0,0,0,0,0,0,0,1,1,2,2,1,50,8,1497,8,15,TOYOTA PRIUS,5,E01000593,0,2
2024311433239,2024,311433239,1,9,0,-1,6,1,5,-1,0,0,0,0,0,0,2,1,-1,6,1,42,7,1798,8,9,TOYOTA PRIUS,1,E01013810,0,1
2024010521727,2024,010521727,1,9,0,99,99,9,9,99,99,1,9,99,9,99,9,9,6,6,1,63,9,1497,8,17,TOYOTA PRIUS,5,E01002237,0,2
2024010530942,2024,010530942,2,9,0,18,19,7,3,0,0,0,0,0,0,0,2,1,6,6,1,34,6,1497,8,16,TOYOTA PRIUS,5,E01002398,0,2
2024010530518,2024,010530518,2,9,0,9,9,4,1,0,0,8,0,0,0,0,3,1,6,6,1,44,7,1797,8,13,TOYOTA PRIUS,4,E01000806,0,1
2024010546996,2024,010546996,1,8,0,5,5,7,3,0,0,8,0,0,0,0,1,1,6,6,1,45,7,1797,8,10,TOYOTA PRIUS,2,E01034472,0,3
2024010518262,2024,010518262,1,9,0,8,8,1,4,0,0,1,0,0,0,0,4,1,4,7,1,47,8,1797,8,6,TOYOTA PRIUS,8,E01001314,0,1
2024010530172,2024,010530172,1,9,0,18,19,7,3,0,0,0,0,0,0,0,1,1,1,1,1,45,7,1797,8,10,TOYOTA PRIUS,3,E01002526,0,1
2024010520256,2024,010520256,1,9,0,4,4,1,5,0,0,3,0,0,0,0,2,1,6,6,1,45,7,1797,8,10,TOYOTA PRIUS,2,E01004306,0,3
2024010538998,2024,010538998,2,9,0,18,19,5,1,0,0,1,0,0,0,0,1,1,6,6,1,65,9,1797,8,9,TOYOTA PRIUS,2,E01001765,0,4
2024041442945,2024,041442945,1,9,0,-1,5,5,8,-1,0,4,0,0,0,0,2,1,-1,1,1,26,6,1797,8,13,TOYOTA PRIUS,2,E01025244,0,3
2024991423823,2024,991423823,1,9,0,-1,19,6,2,-1,0,1,0,0,0,0,1,1,-1,1,1,30,6,1797,8,4,TOYOTA PRIUS,1,-1,0,1
2024340NN1342,2024,340NN1342,1,9,0,-1,19,1,5,-1,0,4,0,0,3,1,1,1,-1,6,1,35,6,1497,8,16,TOYOTA PRIUS,2,E01033499,0,4
2024010509578,2024,010509578,2,9,0,9,9,2,8,0,0,5,0,0,0,0,1,1,1,1,1,38,7,1797,8,10,TOYOTA PRIUS,2,E01001625,0,2
2024211526136,2024,211526136,1,8,-1,-1,-1,-1,-1,-1,-1,-1,-1,-1,-1,0,-1,9,-1,1,1,50,8,1797,8,6,TOYOTA PRIUS,3,E01029408,0,1
2024471423011,2024,471423011,2,9,0,-1,19,2,6,-1,2,8,0,0,0,0,1,1,-1,1,1,39,7,1798,8,7,TOYOTA PRIUS,6,E01016874,0,1
2024010523825,2024,010523825,1,9,9,99,99,9,9,99,99,9,9,99,9,99,9,9,6,6,1,43,7,1790,8,11,TOYOTA PRIUS,7,E01001495,0,1
2024010531790,2024,010531790,2,9,0,99,99,9,9,99,99,6,9,99,9,99,1,9,6,6,3,-1,-1,1798,8,5,TOYOTA PRIUS,1,E01034935,0,5
2024061519206,2024,061519206,3,9,-1,-1,19,8,4,-1,0,0,0,0,0,0,3,9,-1,6,1,-1,-1,1798,8,5,TOYOTA PRIUS,-1,-1,0,-1
2024010550809,2024,010550809,1,9,0,18,19,3,7,0,0,1,0,0,0,0,1,1,6,6,1,27,6,1798,8,11,TOYOTA PRIUS,9,E01000775,0,1
2024010514374,2024,010514374,1,9,0,99,99,9,9,99,99,9,9,99,9,99,9,9,6,6,3,-1,-1,1798,8,9,TOYOTA PRIUS,4,E01000066,0,3
2024201465322,2024,201465322,1,9,0,-1,19,4,8,-1,0,0,0,0,0,0,1,1,-1,9,1,57,9,1797,8,10,TOYOTA PRIUS,2,E01010503,0,3
2024211461827,2024,211461827,1,9,0,-1,9,6,2,-1,0,5,0,0,0,0,4,1,-1,9,2,35,6,1798,8,6,TOYOTA PRIUS,4,E01006617,0,4
2024131393611,2024,131393611,1,9,0,-1,19,5,1,-1,9,0,0,0,1,11,2,1,-1,1,1,43,7,1790,8,6,TOYOTA PRIUS,1,E01010617,0,1
2024371437836,2024,371437836,1,9,0,-1,19,7,3,-1,0,8,0,0,0,0,2,1,-1,2,1,67,10,1497,8,17,TOYOTA PRIUS,1,E01022001,0,3
2024010539112,2024,010539112,1,9,0,99,99,9,9,99,99,9,9,99,9,99,2,9,2,2,2,25,5,1797,8,10,TOYOTA PRIUS,4,E01001363,0,1
2024010497284,2024,010497284,2,9,0,3,3,5,1,0,0,8,0,0,0,0,1,1,2,2,1,34,6,1797,8,14,TOYOTA PRIUS,2,E01001181,0,1
2024010551157,2024,010551157,2,8,0,18,19,8,4,0,0,1,0,0,0,0,2,1,1,1,1,56,9,1797,8,8,TOYOTA PRIUS,4,E01015711,0,4
2024131489179,2024,131489179,1,9,0,-1,5,1,5,-1,0,0,0,0,7,10,1,1,-1,9,2,31,6,1497,8,18,TOYOTA PRIUS,2,E01011024,0,1
2024010529796,2024,010529796,1,9,0,18,19,5,1,0,0,2,0,0,0,0,1,1,6,6,2,38,7,1797,8,14,TOYOTA PRIUS,3,E01002235,0,1
2024061447027,2024,061447027,2,9,0,-1,2,0,0,-1,0,0,0,0,0,0,1,9,-1,1,1,37,7,1798,8,12,TOYOTA PRIUS,1,E01004812,0,3
2024471524229,2024,471524229,3,9,0,-1,3,8,4,-1,0,0,0,0,0,0,2,1,-1,2,1,39,7,1797,8,11,TOYOTA PRIUS,6,E01031798,0,4
2024401472340,2024,401472340,1,9,-1,-1,-1,-1,-1,-1,-1,4,-1,-1,-1,0,-1,9,-1,6,3,-1,-1,1798,8,9,TOYOTA PRIUS,-1,-1,0,-1
2024010534358,2024,010534358,2,9,0,99,99,9,9,99,99,6,9,99,9,99,9,9,6,6,3,-1,-1,1798,8,5,TOYOTA PRIUS,-1,-1,0,-1
2024010540976,2024,010540976,2,9,0,18,19,3,7,0,0,5,0,0,0,0,1,1,6,6,1,21,5,1798,8,7,TOYOTA PRIUS,3,E01003605,0,1
2024131527342,2024,131527342,1,8,0,-1,9,5,3,-1,0,8,0,0,0,0,1,1,-1,6,1,-1,-1,1798,8,5,TOYOTA PRIUS,-1,-1,0,-1
2024041447292,2024,041447292,1,9,0,-1,13,1,5,-1,0,0,0,0,1,2,2,1,-1,6,2,28,6,1790,8,11,TOYOTA PRIUS,5,E01025573,0,1
2024052400179,2024,052400179,2,8,0,18,19,1,5,0,0,8,0,0,0,0,4,1,1,1,1,47,8,1797,8,5,TOYOTA PRIUS,1,E01007130,0,1
2024061419109,2024,061419109,1,9,0,-1,5,6,8,-1,0,8,0,0,0,0,4,1,-1,2,1,42,7,1497,8,16,TOYOTA PRIUS,3,E01004834,0,1
2024041443591,2024,041443591,3,9,0,-1,19,3,7,-1,0,1,0,0,0,0,3,1,-1,9,2,43,7,1497,8,17,TOYOTA PRIUS,1,E01012650,0,1
2024481503801,2024,481503801,1,8,0,-1,5,1,5,-1,0,0,0,0,0,0,3,1,-1,1,1,50,8,1798,8,5,TOYOTA PRIUS,-1,-1,0,-1
2024010513770,2024,010513770,1,9,0,4,4,3,7,6,6,0,1,0,1,0,2,1,6,6,2,40,7,1797,8,11,TOYOTA PRIUS,5,E01002635,0,4
2024041438015,2024,041438015,1,9,0,-1,19,3,7,-1,0,1,0,0,0,0,1,1,-1,6,1,54,8,1797,8,14,TOYOTA PRIUS,4,E01005029,0,4
2024041468016,2024,041468016,1,9,0,-1,9,5,6,-1,0,2,0,0,0,0,1,1,-1,1,1,63,9,1797,8,14,TOYOTA PRIUS,2,E01004871,0,3
2024010505941,2024,010505941,1,9,9,4,4,3,7,99,99,9,9,99,9,99,9,1,1,1,1,42,7,1797,8,10,TOYOTA PRIUS,3,E01000642,0,3
2024061467472,2024,061467472,1,8,0,-1,9,6,3,-1,0,1,0,0,0,0,1,1,-1,1,1,46,8,1798,8,8,TOYOTA PRIUS,1,E01034113,0,1
2024421427052,2024,421427052,2,9,0,-1,-1,-1,-1,-1,-1,0,-1,-1,-1,0,-1,9,-1,1,1,39,7,1797,8,5,TOYOTA PRIUS,10,E01023460,0,2
2024451441482,2024,451441482,1,9,0,-1,5,5,1,-1,0,0,0,0,0,0,2,1,-1,9,1,43,7,1497,8,20,TOYOTA PRIUS,10,E01030396,0,2
2024010507994,2024,010507994,1,9,0,3,3,1,5,0,0,1,0,0,0,0,3,1,3,7,1,59,9,1798,8,9,TOYOTA PRIUS,1,E01004670,0,1
2024010508444,2024,010508444,2,9,0,9,9,1,7,2,2,1,0,0,0,0,4,1,1,1,1,66,10,1798,8,3,TOYOTA PRIUS,8,E01001568,0,2
2024010534637,2024,010534637,2,9,0,99,99,9,9,99,99,9,9,99,9,99,9,9,6,6,3,-1,-1,1798,8,2,TOYOTA PRIUS,-1,-1,0,-1
2024010506485,2024,010506485,2,9,9,18,19,1,5,99,99,9,9,0,9,0,1,1,6,6,1,34,6,1797,8,10,TOYOTA PRIUS,1,E01000093,0,3
2024010549167,2024,010549167,2,9,0,9,9,4,1,0,0,6,0,0,1,0,1,1,6,6,2,60,9,1797,8,5,TOYOTA PRIUS,3,E01034198,0,2
2024010545123,2024,010545123,1,9,0,9,9,5,3,0,0,8,0,0,0,0,1,2,1,1,1,57,9,1797,8,10,TOYOTA PRIUS,4,E01003793,0,2
2024010518221,2024,010518221,1,8,0,18,19,1,5,99,99,9,0,99,9,99,2,1,6,6,1,65,9,1798,8,7,TOYOTA PRIUS,6,E01004450,0,2
2024340NN0512,2024,340NN0512,1,8,0,-1,19,2,6,-1,0,0,0,0,0,0,2,1,-1,1,1,39,7,1790,8,8,TOYOTA PRIUS,2,E01032978,0,4
2024010542728,2024,010542728,2,9,0,10,10,5,3,0,0,8,0,0,0,0,1,1,1,1,1,40,7,1797,8,6,TOYOTA PRIUS,2,E01002553,0,3
2024201431147,2024,201431147,1,9,0,-1,4,7,3,-1,0,3,0,0,0,0,2,9,-1,6,1,30,6,1797,8,13,TOYOTA PRIUS,-1,-1,0,-1
2024010547664,2024,010547664,1,9,0,99,99,9,9,99,99,9,9,99,9,99,1,9,6,6,1,38,7,1797,8,10,TOYOTA PRIUS,2,E01000508,0,1
2024201487452,2024,201487452,1,8,0,-1,19,3,7,-1,0,0,0,8,0,0,4,9,-1,6,1,50,8,1797,8,7,TOYOTA PRIUS,-1,-1,0,-1
2024010535951,2024,010535951,1,9,0,18,19,3,7,0,0,0,0,0,0,0,1,1,6,6,1,29,6,1797,8,14,TOYOTA PRIUS,3,E01035667,0,2
2024010511821,2024,010511821,2,9,0,99,99,9,9,99,99,9,9,99,9,99,1,9,6,6,3,34,6,1798,8,9,TOYOTA PRIUS,-1,-1,0,-1
2024010509849,2024,010509849,1,8,0,99,99,9,9,99,99,9,9,99,9,99,2,9,1,1,1,56,9,1798,8,5,TOYOTA PRIUS,4,E01004034,0,2
2024440496188,2024,440496188,2,8,0,9,9,1,7,0,0,8,0,0,0,0,1,1,1,1,1,-1,-1,1798,8,4,TOYOTA PRIUS,-1,-1,0,-1
2024061443773,2024,061443773,2,8,0,-1,19,-1,-1,-1,0,6,0,0,0,0,1,1,-1,6,1,-1,-1,1798,8,8,TOYOTA PRIUS,-1,-1,0,-1
2024061517095,2024,061517095,1,8,0,-1,19,3,7,-1,0,4,0,0,0,0,4,1,-1,1,1,44,7,1797,8,7,TOYOTA PRIUS,1,E01012622,0,3
2024991411263,2024,991411263,1,9,0,-1,19,2,6,-1,0,1,0,0,0,0,1,1,-1,2,1,39,7,1797,8,4,TOYOTA PRIUS,5,-1,0,1
2024552401245,2024,552401245,1,9,0,18,19,3,7,0,0,8,0,0,0,0,1,1,6,6,2,59,9,1497,8,17,TOYOTA PRIUS,5,E01032660,0,1
2024061470859,2024,061470859,2,8,0,-1,1,-1,-1,-1,0,0,0,0,0,0,2,1,-1,6,3,-1,-1,1797,8,15,TOYOTA PRIUS,-1,-1,0,-1
2024430623226,2024,430623226,2,9,0,18,19,6,2,0,0,1,0,0,0,0,1,1,6,6,1,-1,-1,1797,8,10,TOYOTA PRIUS,-1,-1,0,-1
2024311516588,2024,311516588,2,9,0,-1,19,3,7,-1,0,1,0,0,0,0,1,1,-1,6,2,26,6,1797,8,14,TOYOTA PRIUS,2,E01013916,0,1
2024010550623,2024,010550623,1,9,0,18,19,5,1,0,0,8,0,0,0,0,4,1,1,1,1,61,9,1797,8,5,TOYOTA PRIUS,-1,-1,0,-1
2024041403164,2024,041403164,1,9,0,-1,19,5,1,-1,0,0,0,10,2,0,1,1,-1,2,1,33,6,1798,8,12,TOYOTA PRIUS,4,E01025198,0,1
2024201406954,2024,201406954,1,9,0,-1,19,6,2,-1,0,0,0,0,0,0,4,1,-1,1,1,49,8,1798,8,10,TOYOTA PRIUS,1,E01009886,0,1
2024221525413,2024,221525413,2,8,0,-1,19,3,7,-1,0,0,0,0,0,0,1,1,-1,1,1,34,6,1797,8,10,TOYOTA PRIUS,1,E01009215,0,3
2024010523613,2024,010523613,2,9,0,18,19,7,3,0,0,8,0,0,0,0,1,1,1,1,1,41,7,1798,8,6,TOYOTA PRIUS,6,E01003948,0,3
2024010498167,2024,010498167,1,9,0,7,7,7,2,4,4,6,0,0,0,0,1,1,1,1,1,50,8,1798,8,5,TOYOTA PRIUS,6,E01030336,0,4