collision_index,collision_year,collision_ref_no,vehicle_reference,vehicle_type,towing_and_articulation,vehicle_manoeuvre_historic,vehicle_manoeuvre,vehicle_direction_from,vehicle_direction_to,vehicle_location_restricted_lane_historic,vehicle_location_restricted_lane,junction_location,skidding_and_overturning,hit_object_in_carriageway,vehicle_leaving_carriageway,hit_object_off_carriageway,first_point_of_impact,vehicle_left_hand_drive,journey_purpose_of_driver_historic,journey_purpose_of_driver,sex_of_driver,age_of_driver,age_band_of_driver,engine_capacity_cc,propulsion_code,age_of_vehicle,generic_make_model,driver_imd_decile,lsoa_of_driver,escooter_flag,driver_distance_banding
2024522401242,2024,522401242,1,9,0,3,3,6,2,0,0,1,0,0,0,0,2,1,6,6,1,44,7,1798,8,7,TOYOTA PRIUS,2,E01014683,0,1
2024332401082,2024,332401082,2,9,0,-1,19,4,8,-1,0,0,0,0,0,0,4,1,-1,6,1,-1,-1,1797,8,11,TOYOTA PRIUS,-1,-1,0,-1
2024332400441,2024,332400441,1,9,0,-1,19,5,1,-1,0,0,1,0,1,10,2,1,-1,9,1,45,7,1797,8,8,TOYOTA PRIUS,4,E01013458,0,4
2024070280050,2024,070280050,1,9,0,11,11,1,5,0,0,8,0,0,0,0,4,1,6,6,2,-1,-1,1797,8,13,TOYOTA PRIUS,-1,-1,0,-1
2024010519111,2024,010519111,1,9,0,18,19,5,1,0,0,0,0,0,0,0,1,1,6,6,1,47,8,1497,8,16,TOYOTA PRIUS,5,E01023575,0,4
2024201434822,2024,201434822,2,8,0,-1,9,7,4,-1,0,5,0,0,0,0,1,9,-1,1,1,47,8,1797,8,6,TOYOTA PRIUS,3,E01010042,0,1
2024211499435,2024,211499435,1,9,0,-1,19,1,5,-1,0,8,0,0,0,0,1,1,-1,9,2,38,7,1797,8,5,TOYOTA PRIUS,-1,-1,0,-1
2024311534382,2024,311534382,2,8,0,-1,9,3,7,-1,9,0,0,0,0,0,1,1,-1,1,1,50,8,1797,8,7,TOYOTA PRIUS,-1,-1,0,-1
2024451514095,2024,451514095,1,9,0,-1,19,6,3,-1,0,2,0,0,7,0,3,1,-1,6,1,18,4,1797,8,11,TOYOTA PRIUS,10,E01030510,0,2
2024201410232,2024,201410232,1,8,0,-1,5,8,4,-1,0,0,0,0,0,0,3,9,-1,1,1,51,8,1798,8,8,TOYOTA PRIUS,-1,-1,0,-1
2024010517524,2024,010517524,2,9,0,10,10,1,6,0,0,5,0,0,0,0,4,1,1,1,1,60,9,1798,8,2,TOYOTA PRIUS,6,E01001870,0,2
2024010535005,2024,010535005,1,9,0,2,2,0,0,9,9,0,0,0,0,0,4,1,6,6,3,-1,-1,1797,8,11,TOYOTA PRIUS,-1,-1,0,-1
2024461545412,2024,461545412,2,9,0,-1,19,7,3,-1,0,8,0,0,0,0,3,2,-1,9,1,28,6,1798,8,12,TOYOTA PRIUS,5,E01035283,0,1
2024041470551,2024,041470551,3,9,0,-1,2,0,0,-1,0,0,0,0,0,0,4,1,-1,6,-1,-1,-1,1797,8,13,TOYOTA PRIUS,-1,-1,0,-1
2024211428749,2024,211428749,1,8,0,-1,5,8,5,-1,0,4,0,0,3,0,3,1,-1,6,1,44,7,1797,8,7,TOYOTA PRIUS,-1,-1,0,-1
2024010548278,2024,010548278,2,9,9,99,99,9,9,99,99,6,9,99,9,99,9,9,6,6,3,-1,-1,1797,8,9,TOYOTA PRIUS,2,E01033881,0,1
2024461442190,2024,461442190,4,9,0,-1,19,6,2,-1,0,0,0,0,0,0,2,1,-1,1,1,32,6,1797,8,8,TOYOTA PRIUS,6,E01035706,0,3
2024010543631,2024,010543631,2,9,0,-1,-1,1,5,0,0,1,0,0,0,0,4,1,2,2,1,65,9,1797,8,9,TOYOTA PRIUS,8,E01002178,0,1
2024411526477,2024,411526477,2,9,0,-1,19,1,5,-1,0,0,0,0,0,0,1,1,-1,6,1,53,8,1797,8,14,TOYOTA PRIUS,4,E01015785,0,3
2024131463980,2024,131463980,2,9,0,-1,5,3,7,-1,0,8,0,0,0,0,3,1,-1,9,1,49,8,1798,8,8,TOYOTA PRIUS,2,E01011034,0,1
2024041401489,2024,041401489,2,9,0,-1,2,0,0,-1,0,0,0,0,0,0,2,1,-1,6,-1,-1,-1,1797,8,14,TOYOTA PRIUS,-1,-1,0,-1
2024061421904,2024,061421904,2,9,0,-1,-1,-1,-1,-1,-1,0,-1,-1,-1,0,-1,1,-1,2,1,44,7,1798,8,10,TOYOTA PRIUS,1,E01034121,0,1
2024052500068,2024,052500068,1,8,0,18,19,6,2,0,0,8,0,0,0,0,3,1,1,1,1,30,6,1797,8,7,TOYOTA PRIUS,1,E01034401,0,1
2024010551210,2024,010551210,1,9,9,99,99,9,9,99,99,9,9,99,9,99,1,9,6,6,3,-1,-1,1798,8,12,TOYOTA PRIUS,-1,-1,0,-1
2024231505443,2024,231505443,2,8,0,-1,2,0,0,-1,0,1,0,0,0,0,3,9,-1,6,3,50,8,1797,8,8,TOYOTA PRIUS,-1,-1,0,-1
2024421470156,2024,421470156,2,9,0,-1,9,7,5,-1,0,8,0,0,0,0,1,1,-1,6,1,22,5,1800,8,12,TOYOTA PRIUS,3,E01015900,0,1
2024461505465,2024,461505465,2,8,0,-1,15,6,8,-1,0,0,0,0,0,0,3,9,-1,1,1,39,7,1798,8,6,TOYOTA PRIUS,9,E01024147,0,4
2024010512373,2024,010512373,1,9,0,10,10,7,5,0,0,1,0,0,0,0,1,1,2,2,1,34,6,1797,8,14,TOYOTA PRIUS,4,E01004038,0,1
2024010507362,2024,010507362,1,9,0,18,19,1,5,0,0,0,0,0,0,0,4,1,6,6,3,-1,-1,1798,8,11,TOYOTA PRIUS,-1,-1,0,-1
2024411427978,2024,411427978,1,9,0,-1,-1,-1,-1,-1,0,0,0,0,0,0,1,9,-1,6,1,-1,-1,1497,8,16,TOYOTA PRIUS,-1,-1,0,-1
2024010517723,2024,010517723,1,9,0,18,19,7,3,0,0,0,0,0,0,0,1,1,6,6,1,46,8,1497,8,16,TOYOTA PRIUS,2,E01015656,0,5
2024101403838,2024,101403838,1,9,0,-1,19,4,8,-1,0,1,0,0,1,0,4,1,-1,1,1,55,8,1798,8,6,TOYOTA PRIUS,3,E01008833,0,1
2024320497204,2024,320497204,1,9,0,-1,-1,8,4,0,0,0,0,0,0,0,3,1,6,6,1,45,7,1797,8,7,TOYOTA PRIUS,2,E01013565,0,4
2024061512150,2024,061512150,1,8,0,-1,19,6,2,-1,0,0,0,0,0,0,1,1,-1,6,1,-1,-1,1797,8,10,TOYOTA PRIUS,-1,-1,0,-1
2024461500515,2024,461500515,1,9,0,-1,19,3,7,-1,0,0,0,0,0,0,1,9,-1,9,1,44,7,1797,8,5,TOYOTA PRIUS,5,E01032800,0,1
2024131535714,2024,131535714,1,9,0,-1,19,3,7,-1,0,1,0,0,0,0,1,1,-1,1,1,56,9,1797,8,13,TOYOTA PRIUS,1,E01010610,0,1
2024201516344,2024,201516344,1,9,0,-1,19,1,5,-1,0,4,0,0,0,0,1,1,-1,2,1,34,6,1497,8,17,TOYOTA PRIUS,8,E01009459,0,1
2024010532844,2024,010532844,2,9,0,99,99,9,9,99,99,9,9,99,9,99,1,1,6,6,1,36,7,1797,8,14,TOYOTA PRIUS,1,E01001790,0,1
2024451520151,2024,451520151,1,9,0,-1,19,1,5,-1,0,0,0,0,0,0,1,1,-1,9,1,37,7,1797,8,15,TOYOTA PRIUS,8,E01023124,0,2
2024201514210,2024,201514210,2,8,0,-1,9,2,8,-1,0,5,0,0,0,0,3,1,-1,1,1,47,8,1798,8,7,TOYOTA PRIUS,1,E01009059,0,1
2024302400907,2024,302400907,2,9,0,5,5,5,1,0,0,8,1,0,1,0,3,1,1,1,1,41,7,1797,8,6,TOYOTA PRIUS,9,E01013488,0,1
2024201458705,2024,201458705,1,9,0,-1,12,7,3,-1,0,0,0,0,0,0,3,9,-1,1,1,70,10,1797,8,12,TOYOTA PRIUS,2,E01010535,0,1
2024010538602,2024,010538602,2,9,0,99,99,9,9,99,99,9,9,99,9,99,1,9,6,6,3,-1,-1,1798,8,11,TOYOTA PRIUS,-1,-1,0,-1
2024010537843,2024,010537843,2,9,0,9,9,8,5,0,0,1,0,0,0,0,1,1,1,1,1,37,7,1790,8,8,TOYOTA PRIUS,4,E01016498,0,4
2024131495197,2024,131495197,1,9,0,-1,19,5,1,-1,0,1,0,0,0,0,4,1,-1,1,1,57,9,1797,8,11,TOYOTA PRIUS,1,E01010735,0,1
2024010501330,2024,010501330,2,9,0,99,99,9,9,99,99,9,9,99,9,99,1,9,6,6,3,-1,-1,1797,8,6,TOYOTA PRIUS,-1,-1,0,-1
2024201470132,2024,201470132,1,8,0,-1,19,8,4,-1,0,0,0,0,0,0,1,1,-1,6,3,-1,-1,1798,7,10,TOYOTA PRIUS,-1,-1,0,-1
2024010506669,2024,010506669,1,9,0,15,15,3,7,0,0,1,0,0,0,0,1,1,6,6,1,28,6,1798,8,12,TOYOTA PRIUS,5,E01001530,0,1
2024010527055,2024,010527055,2,9,0,9,9,2,8,0,0,1,1,0,0,0,4,1,6,6,2,32,6,1497,8,15,TOYOTA PRIUS,6,E01034597,0,1
2024010514560,2024,010514560,2,9,0,18,19,5,1,0,0,1,2,4,1,0,2,1,1,1,1,57,9,1798,8,7,TOYOTA PRIUS,3,E01001267,0,3
2024010510716,2024,010510716,2,9,0,99,99,9,9,99,99,0,9,99,9,99,1,9,6,6,3,-1,-1,1797,8,10,TOYOTA PRIUS,1,E01001761,0,2
2024461411093,2024,461411093,1,9,0,-1,4,8,6,-1,0,4,0,0,0,0,1,1,-1,6,1,54,8,1797,8,10,TOYOTA PRIUS,3,E01016164,0,1
2024010515758,2024,010515758,2,9,0,18,19,7,3,0,0,1,0,0,0,0,1,1,6,6,2,37,7,1497,8,16,TOYOTA PRIUS,2,E01002392,0,1
2024010527457,2024,010527457,1,9,0,9,9,4,1,0,0,1,0,0,0,0,3,1,6,6,1,45,7,1797,8,9,TOYOTA PRIUS,4,E01003731,0,3
2024141416096,2024,141416096,2,9,0,-1,7,5,3,-1,0,6,0,0,0,0,3,1,-1,1,1,42,7,1790,8,8,TOYOTA PRIUS,2,E01007448,0,2
2024141431972,2024,141431972,2,9,0,-1,5,3,6,-1,0,1,0,0,0,0,2,9,-1,6,1,38,7,1797,8,4,TOYOTA PRIUS,1,E01034842,0,1
2024201397113,2024,201397113,1,9,0,-1,20,3,1,-1,0,0,0,0,0,0,3,1,-1,1,1,-1,-1,1798,8,9,TOYOTA PRIUS,-1,-1,0,-1
2024010526273,2024,010526273,1,9,0,5,5,7,3,0,0,8,0,0,0,0,1,1,6,6,1,36,7,1497,8,17,TOYOTA PRIUS,2,E01001978,0,1
2024010510503,2024,010510503,2,9,0,99,99,9,9,99,99,9,9,99,9,99,1,9,6,6,3,-1,-1,1797,8,15,TOYOTA PRIUS,-1,-1,0,-1
2024010542571,2024,010542571,1,9,0,6,6,1,1,0,0,2,0,0,0,0,1,1,6,6,1,36,7,1797,8,12,TOYOTA PRIUS,8,E01002902,0,1
2024010516789,2024,010516789,2,9,0,9,9,2,7,0,0,1,0,0,0,0,1,1,6,6,1,36,7,1797,8,13,TOYOTA PRIUS,3,E01003491,0,2
2024131423630,2024,131423630,1,9,0,-1,19,1,5,-1,0,0,5,0,0,0,1,1,-1,1,1,62,9,1798,8,12,TOYOTA PRIUS,1,E01010679,0,1
2024061477896,2024,061477896,1,5,0,-1,19,5,1,-1,0,1,0,0,0,0,1,1,-1,9,1,19,4,1050,1,17,TRIUMPH SPRINT ST 1050,1,E01005432,0,1
2024141406587,2024,141406587,1,5,0,-1,19,7,3,-1,0,8,0,0,0,0,1,1,-1,9,1,46,8,1050,1,16,TRIUMPH SPRINT ST 1050,7,E01028023,0,4
2024302400986,2024,302400986,1,5,0,3,3,8,2,0,0,1,0,0,0,0,2,1,6,6,1,59,9,1050,1,13,TRIUMPH SPRINT ST 1050,2,E01026376,0,4
2024522402633,2024,522402633,1,4,0,13,13,3,7,0,0,0,0,0,0,0,1,1,6,6,1,41,7,1050,1,14,TRIUMPH SPRINT ST 1050,6,E01015002,0,3
2024531508086,2024,531508086,2,5,0,-1,19,7,3,-1,0,1,5,0,0,0,1,1,-1,6,1,63,9,1050,1,19,TRIUMPH SPRINT ST 1050,6,E01022260,0,3
2024522403102,2024,522403102,2,5,0,18,19,4,8,0,0,0,0,0,0,0,1,1,6,6,1,48,8,1050,1,16,TRIUMPH SPRINT ST 1050,3,E01014942,0,1
2024131453363,2024,131453363,1,5,0,-1,19,3,7,-1,0,1,0,0,0,0,1,1,-1,9,1,37,7,1050,1,18,TRIUMPH SPRINT ST 1050,4,E01011772,0,1
2024161454261,2024,161454261,1,5,0,-1,13,6,3,-1,0,0,0,0,7,0,1,1,-1,9,1,60,9,1050,1,15,TRIUMPH SPRINT ST 1050,6,E01012922,0,3
2024311475768,2024,311475768,1,5,0,-1,4,5,5,-1,0,4,1,10,0,0,2,1,-1,2,1,66,10,1050,1,18,TRIUMPH SPRINT ST 1050,-1,-1,0,-1
2024351452566,2024,351452566,2,5,0,-1,19,2,6,-1,0,8,0,0,0,0,4,1,-1,2,1,30,6,1050,1,16,TRIUMPH SPRINT ST 1050,7,E01018269,0,1
2024451528001,2024,451528001,1,5,0,-1,9,7,5,-1,0,3,0,0,0,0,4,1,-1,9,1,44,7,1050,1,19,TRIUMPH SPRINT ST 1050,6,E01030767,0,1
2024010514075,2024,010514075,2,5,0,5,5,5,1,0,0,1,0,0,0,0,3,1,6,6,1,41,7,1050,1,16,TRIUMPH SPRINT ST 1050,4,E01023393,0,4
2024031505848,2024,031505848,1,5,0,-1,9,1,5,-1,0,1,2,10,1,0,4,1,-1,9,1,54,8,1050,1,16,TRIUMPH SPRINT ST 1050,8,E01019390,0,4
2024991454937,2024,991454937,2,4,0,-1,19,6,2,-1,0,0,0,4,0,0,1,1,-1,6,1,56,9,1050,1,16,TRIUMPH SPRINT ST 1050,1,-1,0,4
2024211542202,2024,211542202,2,5,0,-1,19,8,4,-1,0,2,0,0,1,0,1,1,-1,9,1,30,6,1050,1,18,TRIUMPH SPRINT ST 1050,7,E01031024,0,2
2024501466429,2024,501466429,1,5,0,-1,19,5,1,-1,0,8,5,0,0,0,1,1,-1,6,1,65,9,1050,1,14,TRIUMPH SPRINT ST 1050,6,E01018807,0,2
2024311486187,2024,311486187,1,5,0,-1,19,3,7,-1,0,0,0,10,0,0,1,1,-1,6,1,35,6,1050,1,14,TRIUMPH SPRINT ST 1050,1,E01013851,0,2
2024122401027,2024,122401027,1,5,0,9,9,2,6,0,0,1,1,0,3,11,1,1,6,6,1,49,8,1050,1,15,TRIUMPH SPRINT ST 1050,10,E01034958,0,4
2024122400789,2024,122400789,1,5,0,16,19,1,5,0,0,1,1,10,7,1,4,1,6,6,1,30,6,1050,1,15,TRIUMPH SPRINT ST 1050,1,E01012949,0,2
2024430126534,2024,430126534,2,5,0,13,13,4,8,0,0,0,0,0,0,0,1,1,6,6,1,29,6,1050,1,16,TRIUMPH SPRINT ST 1050,6,E01028580,0,3
2024122400432,2024,122400432,1,5,0,17,19,4,6,0,0,0,1,0,1,0,4,1,6,6,1,73,10,1050,1,13,TRIUMPH SPRINT ST 1050,9,E01017558,0,5
2024501408296,2024,501408296,1,9,0,-1,19,2,5,-1,0,0,1,10,1,9,4,1,-1,9,1,48,8,1368,1,11,-1,1,E01015058,0,4
2024451443403,2024,451443403,2,9,0,-1,19,5,1,-1,0,0,0,0,0,0,1,1,-1,1,1,24,5,1368,1,14,-1,4,E01030503,0,4
2024501498109,2024,501498109,1,9,0,-1,19,4,8,-1,0,0,1,0,0,0,1,1,-1,6,1,19,4,1368,1,16,-1,4,E01020535,0,2
2024401400297,2024,401400297,1,9,0,-1,5,7,3,-1,0,3,0,0,0,0,1,9,-1,9,2,56,9,599,2,11,-1,2,E01017492,0,1
2024201503802,2024,201503802,1,9,0,-1,19,4,8,-1,0,8,0,10,7,1,1,1,-1,6,1,78,11,599,2,6,-1,1,E01008937,0,1
2024010530278,2024,010530278,2,9,0,2,2,0,0,0,0,1,0,0,0,0,4,1,6,6,3,-1,-1,6592,1,6,-1,-1,-1,0,-1
2024461467765,2024,461467765,2,90,0,-1,19,3,7,-1,0,0,0,0,0,0,1,9,-1,6,1,-1,-1,963,1,5,-1,1,E01024581,0,3
2024010516172,2024,010516172,1,8,9,99,99,9,9,99,99,9,9,99,9,99,9,1,6,6,3,-1,-1,-1,-1,-1,-1,-1,-1,0,-1
2024031448861,2024,031448861,2,9,0,-1,3,3,7,-1,0,0,0,0,1,0,2,1,-1,6,1,55,8,1598,1,8,-1,10,E01027786,0,5
2024351462528,2024,351462528,1,9,0,-1,19,7,2,-1,0,2,0,0,0,0,0,1,-1,9,2,33,6,1997,2,7,-1,5,E01018213,0,2
2024461509736,2024,461509736,1,9,0,-1,10,5,3,-1,0,1,0,0,0,0,1,2,-1,9,1,64,9,1560,2,8,-1,7,E01024417,0,1
2024010526883,2024,010526883,1,9,0,11,11,3,7,0,0,0,0,0,0,0,2,1,6,6,2,44,7,1997,2,8,-1,3,E01024480,0,4
2024201430452,2024,201430452,2,9,0,-1,19,2,6,-1,0,3,0,0,0,0,4,1,-1,9,1,66,10,1997,2,9,-1,5,E01010256,0,3
2024031404379,2024,031404379,2,9,0,-1,7,5,1,-1,0,4,0,0,1,0,1,1,-1,9,1,57,9,1747,1,27,-1,-1,-1,0,-1
2024302400203,2024,302400203,1,4,0,18,19,8,4,0,0,8,0,0,0,0,2,1,6,6,1,31,6,124,1,1,-1,8,E01019707,0,1
2024481569986,2024,481569986,1,3,0,-1,14,7,3,-1,0,0,1,0,0,0,0,1,-1,2,1,31,6,124,1,0,-1,-1,-1,0,-1
2024211440394,2024,211440394,1,5,0,-1,19,0,0,-1,0,0,2,0,1,0,4,1,-1,9,1,71,10,-1,-1,-1,-1,3,E01029381,0,3
2024041477842,2024,041477842,1,3,0,-1,19,1,5,-1,0,1,1,0,0,0,1,1,-1,2,1,23,5,124,1,2,KEEWAY K-LIGHT,4,E01012665,0,1
2024411459481,2024,411459481,2,4,-1,-1,3,4,8,-1,0,4,0,0,0,0,4,1,-1,2,1,32,6,124,1,0,KEEWAY K-LIGHT,3,E01023958,0,1
2024471466053,2024,471466053,1,3,0,-1,19,-1,-1,-1,0,1,1,0,0,0,3,1,-1,9,1,31,6,125,1,6,KEEWAY K-LIGHT,5,E01031788,0,1
2024991514882,2024,991514882,2,3,0,-1,19,6,2,-1,0,1,0,0,0,0,4,1,-1,6,1,30,6,124,1,3,KEEWAY K-LIGHT,2,-1,0,1
2024461526536,2024,461526536,1,3,0,-1,19,7,3,-1,0,1,1,0,0,0,1,1,-1,9,1,19,4,124,1,3,KEEWAY K-LIGHT,2,E01016102,0,2
2024361431592,2024,361431592,2,4,0,-1,19,7,3,-1,0,0,2,0,7,0,1,1,-1,9,1,19,4,125,1,5,KEEWAY K-LIGHT,3,E01026775,0,4
2024991439777,2024,991439777,1,3,0,-1,12,3,7,-1,0,0,1,0,0,0,3,1,-1,1,1,40,7,124,1,1,KEEWAY K-LIGHT,8,-1,0,3
2024461480310,2024,461480310,2,3,0,-1,5,3,7,-1,0,0,0,0,0,0,2,1,-1,6,1,26,6,124,1,2,KEEWAY K-LIGHT,2,E01004272,0,4
2024101493086,2024,101493086,2,3,0,-1,19,8,3,-1,0,8,2,0,0,0,4,1,-1,2,1,38,7,125,1,5,KEEWAY K-LIGHT,4,E01008768,0,2
2024131497466,2024,131497466,2,3,0,-1,19,8,4,-1,0,8,0,0,0,0,4,1,-1,9,1,33,6,124,1,1,KEEWAY K-LIGHT,5,E01027302,0,5
2024440093798,2024,440093798,1,4,0,18,19,2,6,0,0,4,0,0,0,0,1,1,2,2,1,18,4,124,1,5,KEEWAY K-LIGHT,8,E01023245,0,1
2024061433724,2024,061433724,2,3,0,-1,19,6,2,-1,0,1,2,0,0,0,1,1,-1,6,1,24,5,124,1,3,KEEWAY K-LIGHT,2,E01033980,0,1
2024461473110,2024,461473110,1,3,0,-1,19,1,5,-1,0,0,0,0,0,0,1,1,-1,2,1,19,4,124,1,3,KEEWAY K-LIGHT,7,E01024846,0,3
2024131472909,2024,131472909,2,3,0,-1,19,3,7,-1,0,8,0,0,0,0,3,1,-1,6,1,20,4,124,1,4,KEEWAY K-LIGHT,1,E01011324,0,1
2024231518197,2024,231518197,2,3,0,-1,19,8,4,-1,0,0,1,0,0,0,0,1,-1,2,2,40,7,124,1,0,KEEWAY K-LIGHT,7,E01031233,0,3
2024991496762,2024,991496762,2,3,0,-1,19,6,2,-1,0,0,0,0,0,0,4,1,-1,2,1,35,6,124,1,4,KEEWAY K-LIGHT,1,-1,0,1
2024411519211,2024,411519211,1,4,0,-1,19,1,5,-1,0,8,5,0,0,0,2,1,-1,6,1,52,8,124,1,0,KEEWAY K-LIGHT,6,E01023836,0,2
2024991446730,2024,991446730,1,3,0,-1,4,7,3,-1,0,8,1,0,0,0,4,1,-1,6,1,19,4,124,1,3,KEEWAY K-LIGHT,2,-1,0,2
2024545671624,2024,545671624,2,3,0,9,9,2,8,0,0,4,0,0,0,0,1,1,6,6,1,22,5,124,1,1,KEEWAY K-LIGHT,10,E01015518,0,1
2024010537690,2024,010537690,1,3,0,18,19,5,1,0,0,1,2,0,0,0,1,1,4,7,1,19,4,124,1,2,KEEWAY K-LIGHT,10,E01024469,0,4
2024430427535,2024,430427535,1,3,0,18,19,5,1,0,0,0,0,0,0,0,1,1,6,6,1,20,4,124,1,4,KEEWAY K-LIGHT,8,E01016320,0,2
2024101456932,2024,101456932,1,3,0,-1,19,5,1,-1,0,4,1,0,0,0,3,1,-1,2,1,29,6,124,1,0,KEEWAY K-LIGHT,3,E01034512,0,1
2024201495278,2024,201495278,1,9,0,-1,19,5,1,-1,0,6,0,0,0,0,1,9,-1,6,1,30,6,1349,1,15,MAZDA 2,3,E01007993,0,5
2024211515991,2024,211515991,1,9,0,-1,19,6,3,-1,0,3,0,0,0,0,4,1,-1,6,2,25,5,1496,1,8,MAZDA 2,-1,-1,0,-1
2024131484826,2024,131484826,2,9,0,-1,9,7,3,-1,0,8,0,0,0,0,1,1,-1,9,1,29,6,1349,1,13,MAZDA 2,5,E01011356,0,1
2024451416309,2024,451416309,2,9,0,-1,9,7,5,-1,0,6,0,0,0,0,1,1,-1,2,2,45,7,1496,1,8,MAZDA 2,9,E01030705,0,1
2024302400490,2024,302400490,1,9,0,5,5,1,6,0,0,8,0,0,1,11,1,1,2,2,2,20,4,1496,1,8,MAZDA 2,2,E01019842,0,1
2024451487009,2024,451487009,1,9,0,-1,5,5,1,-1,0,2,0,0,0,0,3,1,-1,9,2,64,9,1349,1,11,MAZDA 2,4,E01020496,0,5
2024122401082,2024,122401082,2,9,0,18,19,8,4,0,0,1,0,0,0,0,1,1,6,6,1,18,4,1349,1,13,MAZDA 2,7,E01027601,0,3
2024101459277,2024,101459277,1,9,0,-1,19,4,2,-1,0,1,0,0,0,0,1,1,-1,9,2,31,6,1349,1,16,MAZDA 2,7,E01008424,0,3
2024351559719,2024,351559719,1,9,0,-1,7,7,2,-1,0,4,0,10,0,0,1,1,-1,1,2,33,6,1349,1,12,MAZDA 2,3,E01015652,0,1
2024440171177,2024,440171177,1,9,0,4,4,4,8,0,0,1,0,0,0,0,2,1,6,6,2,30,6,1496,1,5,MAZDA 2,9,E01035439,0,1
2024211404995,2024,211404995,3,9,0,-1,4,5,8,-1,0,0,0,0,0,0,2,9,-1,9,2,-1,-1,1349,1,16,MAZDA 2,-1,-1,0,-1
2024010501447,2024,010501447,1,9,0,5,5,0,7,0,0,1,0,0,0,0,4,1,2,2,2,45,7,1349,1,10,MAZDA 2,3,E01002519,0,1
2024991474106,2024,991474106,2,9,0,-1,2,0,0,-1,0,0,0,0,0,0,1,1,-1,6,1,61,9,1496,1,6,MAZDA 2,3,-1,0,1
2024131477645,2024,131477645,1,9,0,-1,19,2,6,-1,0,0,0,0,0,0,1,1,-1,6,2,80,11,1498,1,6,MAZDA 2,6,E01010705,0,1
2024411458289,2024,411458289,2,9,0,-1,19,6,8,-1,0,0,0,0,0,0,1,1,-1,9,1,91,11,1498,1,12,MAZDA 2,9,E01023968,0,1
2024411521937,2024,411521937,2,9,-1,-1,-1,-1,-1,-1,-1,-1,-1,-1,-1,0,1,9,-1,6,2,36,7,1498,1,14,MAZDA 2,9,E01017377,0,1
2024201515704,2024,201515704,1,9,0,-1,9,3,1,-1,0,5,0,0,0,0,1,1,-1,6,2,24,5,1499,2,8,MAZDA 2,1,E01009339,0,1
2024991491726,2024,991491726,1,9,0,-1,9,2,7,-1,0,8,0,0,0,0,1,1,-1,6,1,45,7,1349,1,14,MAZDA 2,1,-1,0,3
2024440490845,2024,440490845,2,9,0,18,19,7,3,0,0,1,0,0,0,0,4,1,2,2,1,29,6,1349,1,17,MAZDA 2,10,E01023189,0,1
2024101528040,2024,101528040,3,9,0,-1,19,5,1,-1,0,0,0,0,0,0,2,1,-1,6,-1,60,9,1496,1,8,MAZDA 2,-1,-1,0,-1
2024371531687,2024,371531687,2,9,0,-1,4,5,1,-1,0,0,0,0,0,0,2,1,-1,2,2,39,7,1349,1,17,MAZDA 2,1,E01030291,0,1
2024991481628,2024,991481628,1,9,0,-1,4,2,6,-1,9,2,0,10,1,0,0,1,-1,9,2,61,9,1490,8,0,MAZDA 2,-1,-1,0,-1
2024371535846,2024,371535846,3,9,0,-1,19,3,7,-1,0,0,0,0,0,0,1,1,-1,6,2,47,8,1349,1,10,MAZDA 2,6,E01030052,0,1
2024430467209,2024,430467209,2,9,0,18,19,3,7,0,0,1,0,0,0,0,4,1,1,1,1,42,7,1496,1,2,MAZDA 2,3,E01016381,0,1
2024141435781,2024,141435781,3,9,0,-1,19,6,3,-1,0,0,0,0,0,0,1,1,-1,2,2,31,6,1498,1,6,MAZDA 2,3,E01007538,0,1
2024421495443,2024,421495443,3,9,0,-1,19,1,5,-1,0,0,0,0,0,0,1,9,-1,6,1,27,6,1498,1,5,MAZDA 2,5,E01021449,0,1
2024552401261,2024,552401261,2,9,0,8,8,2,4,0,0,6,0,0,0,0,2,1,6,6,1,47,8,1496,1,7,MAZDA 2,7,E01020509,0,1
2024010511694,2024,010511694,1,9,0,9,9,4,1,5,5,8,0,0,0,0,3,1,2,2,1,63,9,1349,1,12,MAZDA 2,10,E01002253,0,3
2024461515617,2024,461515617,2,9,0,-1,3,6,3,-1,0,0,0,0,0,0,2,1,-1,1,1,54,8,1498,1,5,MAZDA 2,7,E01024479,0,1
2024361470036,2024,361470036,2,9,0,-1,19,5,1,-1,0,0,0,0,1,0,1,1,-1,2,1,32,6,1349,1,15,MAZDA 2,8,E01035150,0,3
2024311443040,2024,311443040,1,9,0,-1,19,2,6,-1,0,0,0,0,0,0,1,1,-1,7,2,45,7,1498,1,6,MAZDA 2,1,E01013884,0,1
2024522401261,2024,522401261,1,9,0,17,19,3,8,0,0,8,0,0,0,0,1,1,6,6,1,74,10,1496,1,1,MAZDA 2,8,E01014766,0,2
2024461489686,2024,461489686,1,9,0,-1,19,2,4,-1,0,1,0,0,0,0,1,1,-1,2,2,32,6,1349,1,10,MAZDA 2,8,E01033210,0,2
2024622400309,2024,622400309,1,9,0,9,9,5,4,0,0,6,0,0,0,0,1,1,6,6,1,19,4,1498,1,5,MAZDA 2,8,W01001658,0,4
2024522402903,2024,522402903,2,9,0,18,19,2,6,0,0,1,0,0,0,0,1,1,6,6,1,20,4,1349,1,14,MAZDA 2,9,W01001404,0,4
2024421514659,2024,421514659,3,9,0,-1,19,5,2,-1,0,0,0,0,1,0,1,1,-1,6,2,55,8,1349,1,11,MAZDA 2,9,E01022063,0,1
2024991493627,2024,991493627,1,9,0,-1,19,8,4,-1,0,0,0,0,0,0,1,1,-1,9,1,33,6,1349,1,10,MAZDA 2,9,-1,0,2
2024991414371,2024,991414371,1,9,0,-1,19,3,7,-1,0,0,5,0,7,0,1,1,-1,9,1,20,4,1349,1,15,MAZDA 2,-1,-1,0,-1