collision_index,collision_year,collision_ref_no,vehicle_reference,vehicle_type,towing_and_articulation,vehicle_manoeuvre_historic,vehicle_manoeuvre,vehicle_direction_from,vehicle_direction_to,vehicle_location_restricted_lane_historic,vehicle_location_restricted_lane,junction_location,skidding_and_overturning,hit_object_in_carriageway,vehicle_leaving_carriageway,hit_object_off_carriageway,first_point_of_impact,vehicle_left_hand_drive,journey_purpose_of_driver_historic,journey_purpose_of_driver,sex_of_driver,age_of_driver,age_band_of_driver,engine_capacity_cc,propulsion_code,age_of_vehicle,generic_make_model,driver_imd_decile,lsoa_of_driver,escooter_flag,driver_distance_banding
2024211496684,2024,211496684,1,9,0,-1,7,7,3,-1,0,6,0,0,0,0,1,1,-1,6,2,60,9,1349,1,12,MAZDA 2,-1,-1,0,-1
2024052400917,2024,052400917,1,9,0,18,19,7,3,0,0,0,0,0,0,0,4,1,6,6,1,56,9,1496,1,0,MAZDA 2,2,E01007214,0,1
2024131402679,2024,131402679,2,9,0,-1,3,3,7,-1,0,0,0,0,0,0,2,1,-1,9,2,69,10,1496,1,6,MAZDA 2,2,E01011139,0,1
2024991442104,2024,991442104,2,9,0,-1,19,1,5,-1,0,1,0,0,0,0,1,1,-1,6,2,67,10,1496,1,8,MAZDA 2,8,-1,0,2
2024991516131,2024,991516131,1,9,0,-1,5,2,7,-1,0,8,0,0,0,0,4,1,-1,2,2,28,6,1496,1,1,MAZDA 2,6,-1,0,1
2024161515456,2024,161515456,1,9,0,-1,19,4,8,-1,0,0,0,4,0,0,1,1,-1,6,2,31,6,1498,1,6,MAZDA 2,1,E01013144,0,2
2024231442019,2024,231442019,1,9,0,-1,12,7,3,-1,0,0,2,0,1,4,4,1,-1,6,1,18,4,1349,1,15,MAZDA 2,9,E01032894,0,2
2024320003489,2024,320003489,1,9,0,18,19,6,2,0,0,0,0,0,0,0,1,1,-1,-1,1,33,6,1498,1,11,MAZDA 2,4,E01026230,0,4
2024430617605,2024,430617605,1,9,0,9,9,2,8,0,0,5,0,0,0,0,1,1,6,6,2,19,4,1496,1,8,MAZDA 2,5,E01016500,0,1
2024131515989,2024,131515989,1,9,0,-1,9,2,4,-1,0,8,0,0,0,0,4,1,-1,1,1,24,5,1349,1,14,MAZDA 2,1,E01011362,0,1
2024221443279,2024,221443279,1,9,0,-1,19,2,7,-1,0,8,0,0,0,0,1,1,-1,7,2,27,6,1349,1,13,MAZDA 2,5,E01014180,0,2
2024201479989,2024,201479989,2,9,0,-1,19,5,1,-1,0,0,1,0,0,0,2,1,-1,1,1,33,6,1498,1,6,MAZDA 2,-1,-1,0,-1
2024440157021,2024,440157021,1,9,0,18,19,5,1,0,0,0,0,0,0,0,1,1,6,6,1,82,11,1496,1,1,MAZDA 2,3,E01017349,0,2
2024052402283,2024,052402283,1,9,0,9,9,3,1,0,0,6,0,0,0,0,1,1,3,7,1,34,6,1349,1,14,MAZDA 2,2,E01007300,0,1
2024522401319,2024,522401319,1,9,0,2,2,0,0,0,0,0,0,0,0,0,2,1,6,6,1,37,7,1349,1,10,MAZDA 2,4,E01033907,0,1
2024161437198,2024,161437198,1,9,0,-1,9,5,7,-1,0,8,0,0,0,0,1,1,-1,2,2,60,9,1496,1,9,MAZDA 2,1,E01012892,0,1
2024302400718,2024,302400718,1,9,0,9,9,6,5,0,0,8,0,0,0,0,3,1,6,6,2,73,10,1496,1,9,MAZDA 2,-1,-1,0,-1
2024311413966,2024,311413966,2,9,0,-1,3,7,3,-1,0,0,0,0,0,0,2,1,-1,2,1,42,7,1560,2,13,MAZDA 2,1,E01013844,0,1
2024991529981,2024,991529981,2,9,0,-1,9,8,5,-1,0,3,0,0,0,0,2,1,-1,2,1,24,5,1496,1,4,MAZDA 2,10,-1,0,1
2024471502869,2024,471502869,1,9,0,-1,19,8,4,-1,0,0,0,7,1,7,1,1,-1,9,2,44,7,1498,1,16,MAZDA 2,7,E01021182,0,2
2024471526372,2024,471526372,1,9,0,-1,19,4,7,-1,0,2,0,0,0,0,1,1,-1,2,2,55,8,1349,1,12,MAZDA 2,10,E01031486,0,1
2024461482870,2024,461482870,1,9,0,-1,7,1,1,-1,0,8,0,0,0,0,1,1,-1,6,2,63,9,1498,1,13,MAZDA 2,3,E01024099,0,1
2024440340769,2024,440340769,3,9,0,3,3,6,2,0,0,0,0,0,0,0,2,1,6,6,2,51,8,1349,1,10,MAZDA 2,8,E01017183,0,1
2024440497291,2024,440497291,1,9,0,18,19,7,3,0,0,0,0,4,0,0,0,1,6,6,2,36,7,1496,1,5,MAZDA 2,7,E01032845,0,3
2024471407792,2024,471407792,1,9,0,-1,12,7,3,-1,0,0,0,0,0,0,3,1,-1,6,1,41,7,1349,1,15,MAZDA 2,8,E01034821,0,3
2024531408230,2024,531408230,2,9,0,-1,19,1,5,-1,0,0,0,0,0,0,2,1,-1,6,2,60,9,1496,1,1,MAZDA 2,1,W01001742,0,4
2024161516225,2024,161516225,1,9,0,-1,1,2,6,-1,0,0,0,0,0,0,2,9,-1,6,2,-1,-1,1349,1,13,MAZDA 2,-1,-1,0,-1
2024471529879,2024,471529879,2,9,0,-1,19,7,3,-1,0,8,0,0,0,0,1,1,-1,9,1,72,10,1398,2,20,MAZDA 2,5,E01030834,0,2
2024501531016,2024,501531016,2,9,0,-1,19,5,1,-1,0,0,0,0,0,0,1,1,-1,9,2,18,4,1496,1,8,MAZDA 2,6,E01020172,0,1
2024440005846,2024,440005846,2,9,0,9,9,8,6,0,0,1,0,0,0,0,1,1,6,6,1,-1,-1,1400,1,17,MAZDA 2,-1,-1,0,-1
2024991432093,2024,991432093,1,9,0,-1,9,8,6,-1,0,8,0,7,0,0,1,1,-1,9,1,57,9,1496,1,3,MAZDA 2,4,-1,0,1
2024351525883,2024,351525883,2,9,-1,-1,-1,-1,-1,-1,-1,0,-1,-1,-1,0,-1,9,-1,6,1,25,5,1348,1,16,MAZDA 2,4,E01015622,0,1
2024471479759,2024,471479759,2,9,0,-1,19,3,7,-1,0,8,5,0,7,3,4,1,-1,2,2,37,7,1349,1,10,MAZDA 2,10,E01031686,0,2
2024052401240,2024,052401240,2,9,0,18,19,7,3,0,0,8,1,0,0,0,4,1,6,6,2,59,9,1496,1,9,MAZDA 2,6,E01007222,0,1
2024471526643,2024,471526643,1,9,0,-1,19,5,1,-1,0,4,0,0,0,0,1,1,-1,6,2,20,4,1349,1,14,MAZDA 2,6,E01031579,0,1
2024221475070,2024,221475070,1,9,0,-1,19,4,8,-1,0,8,0,0,0,0,1,1,-1,6,1,41,7,1560,2,12,MAZDA 2,8,E01032226,0,1
2024320361565,2024,320361565,2,9,0,-1,-1,6,8,0,0,1,0,0,0,0,0,1,6,6,1,40,7,1349,1,16,MAZDA 2,5,E01026107,0,1
2024101439083,2024,101439083,2,9,-1,-1,4,3,7,-1,0,0,0,0,0,0,4,9,-1,9,1,24,5,1349,1,13,MAZDA 2,1,E01008301,0,1
2024221437707,2024,221437707,2,9,0,-1,4,6,2,-1,0,8,0,0,0,0,2,9,-1,6,2,36,7,1349,1,10,MAZDA 2,9,E01032125,0,1
2024522402868,2024,522402868,2,9,0,18,19,6,2,0,0,0,0,0,0,0,1,1,6,6,1,64,9,1496,1,8,MAZDA 2,7,E01029085,0,3
2024991417383,2024,991417383,3,9,0,-1,2,0,0,-1,-1,8,0,0,0,0,3,1,-1,6,-1,-1,-1,1496,1,9,MAZDA 2,-1,-1,0,-1
2024451472252,2024,451472252,1,9,0,-1,19,1,3,-1,0,0,0,0,0,0,3,1,-1,9,2,45,7,1349,1,11,MAZDA 2,9,E01001018,0,2
2024991479878,2024,991479878,1,9,0,-1,19,1,5,-1,0,0,2,0,7,0,3,1,-1,9,2,21,5,1349,1,11,MAZDA 2,4,-1,0,1
2024010538950,2024,010538950,1,9,0,7,7,3,5,0,0,1,0,0,0,0,3,1,6,6,2,37,7,1349,1,13,MAZDA 2,5,E01003148,0,2
2024041424019,2024,041424019,2,9,0,-1,19,1,5,-1,0,0,0,0,0,0,1,1,-1,6,2,62,9,1349,1,13,MAZDA 2,1,E01012646,0,2
2024141408654,2024,141408654,1,9,0,-1,6,3,7,-1,0,8,0,0,0,0,2,1,-1,9,1,48,8,1349,1,14,MAZDA 2,6,E01008105,0,1
2024161527230,2024,161527230,2,9,0,-1,19,1,5,-1,0,1,0,0,0,0,1,1,-1,1,1,27,6,1349,1,12,MAZDA 2,9,E01013123,0,2
2024131483666,2024,131483666,1,9,0,-1,4,5,1,-1,0,1,0,0,0,0,2,1,-1,6,2,33,6,1349,1,13,MAZDA 2,2,E01010749,0,1
2024421521405,2024,421521405,1,9,0,-1,19,8,4,-1,0,4,0,0,0,0,1,1,-1,6,2,-1,-1,1349,1,16,MAZDA 2,-1,-1,0,-1
2024440145556,2024,440145556,1,9,0,18,19,5,1,0,0,0,0,0,1,11,1,1,6,6,2,73,10,1496,1,4,MAZDA 2,6,E01034062,0,1
2024501466003,2024,501466003,1,9,0,-1,19,3,1,-1,0,1,0,0,0,0,1,1,-1,6,1,72,10,1496,1,9,MAZDA 2,7,E01020168,0,4
2024332400320,2024,332400320,1,9,0,-1,9,1,7,-1,0,2,0,0,1,10,1,1,-1,6,1,68,10,1496,1,2,MAZDA 2,7,E01025978,0,1
2024371429689,2024,371429689,1,9,0,-1,19,5,1,-1,0,0,0,0,0,0,1,1,-1,2,2,34,6,1349,1,10,MAZDA 2,10,E01030172,0,4
2024421527193,2024,421527193,1,9,0,-1,19,1,5,-1,0,4,0,0,0,0,1,1,-1,6,1,35,6,1349,1,13,MAZDA 2,4,E01021862,0,1
2024471464403,2024,471464403,2,9,0,-1,19,3,7,-1,0,1,0,0,0,0,1,1,-1,9,2,73,10,1496,1,7,MAZDA 2,7,E01024362,0,4
2024461457923,2024,461457923,1,9,0,-1,4,8,4,-1,0,1,0,0,0,0,1,1,-1,9,2,87,11,1349,1,11,MAZDA 2,8,E01024792,0,3
2024421405406,2024,421405406,1,9,0,-1,9,2,8,-1,0,1,0,0,0,0,1,1,-1,6,2,31,6,1348,1,17,MAZDA 2,3,E01021858,0,1
2024991535570,2024,991535570,2,9,0,-1,19,3,7,-1,0,8,1,0,0,0,4,1,-1,9,2,48,8,1496,1,2,MAZDA 2,-1,-1,0,-1
2024302400352,2024,302400352,1,9,0,18,19,7,3,0,0,0,1,0,0,0,1,1,6,6,1,17,4,1349,1,11,MAZDA 2,4,E01007350,0,4
2024371411168,2024,371411168,1,9,0,-1,14,-1,-1,-1,0,2,0,0,0,0,3,9,-1,6,2,70,10,1349,1,11,MAZDA 2,4,E01030219,0,3
2024430479181,2024,430479181,3,9,0,10,10,2,8,0,0,5,0,0,0,0,1,1,6,6,2,42,7,1349,1,15,MAZDA 2,-1,-1,0,-1
2024041421149,2024,041421149,2,9,0,-1,19,7,3,-1,0,8,0,0,0,0,4,1,-1,9,2,80,11,1490,8,2,MAZDA 2,5,E01012719,0,1
2024991532535,2024,991532535,1,9,0,-1,3,8,4,-1,0,0,0,0,0,0,2,1,-1,9,1,48,8,1498,1,5,MAZDA 2,9,-1,0,1
2024461532016,2024,461532016,1,9,0,-1,19,6,3,-1,0,0,2,0,7,0,1,1,-1,9,2,18,4,1349,1,13,MAZDA 2,6,E01024729,0,1
2024622400843,2024,622400843,1,9,0,18,19,2,6,0,0,8,2,0,1,7,1,1,1,1,1,75,10,1498,1,15,MAZDA 2,6,W01001806,0,3
2024141466469,2024,141466469,1,9,0,-1,3,5,7,-1,0,4,0,0,0,0,2,1,-1,2,1,27,6,1496,1,3,MAZDA 2,8,E01007890,0,1
2024461473152,2024,461473152,1,9,0,-1,19,6,2,-1,0,0,0,0,0,0,1,1,-1,9,1,44,7,1349,1,11,MAZDA 2,4,E01029831,0,5
2024440212414,2024,440212414,1,9,0,12,12,2,6,0,0,0,0,0,0,0,2,1,6,6,2,35,6,1498,1,5,MAZDA 2,10,E01022877,0,1
2024440525788,2024,440525788,1,9,0,18,19,3,7,0,0,0,5,0,0,0,0,1,6,6,2,41,7,1349,1,11,MAZDA 2,4,E01022817,0,3
2024451491374,2024,451491374,2,9,0,-1,19,4,1,-1,0,0,1,0,1,9,1,1,-1,2,2,61,9,1349,1,14,MAZDA 2,10,E01030922,0,2
2024201453353,2024,201453353,2,9,0,-1,19,4,8,-1,0,8,0,10,1,0,1,1,-1,9,2,38,7,1349,1,13,MAZDA 2,1,E01009935,0,1
2024010503828,2024,010503828,2,9,0,99,99,9,9,99,99,9,9,99,9,99,1,9,6,6,3,-1,-1,1496,1,5,MAZDA 2,-1,-1,0,-1
2024421462485,2024,421462485,1,9,0,-1,4,3,7,-1,0,0,0,0,0,0,1,9,-1,6,2,26,6,1498,1,16,MAZDA 2,7,E01033144,0,1
2024052400312,2024,052400312,1,9,0,1,1,3,7,0,0,0,0,0,0,0,3,1,6,6,3,-1,-1,1349,1,16,MAZDA 2,-1,-1,0,-1
2024522500054,2024,522500054,2,9,0,6,6,1,1,0,0,0,0,0,0,0,1,1,6,6,1,23,5,1349,1,12,MAZDA 2,9,E01014559,0,1
2024520403021,2024,520403021,2,9,0,7,7,1,5,0,0,8,0,0,1,0,1,1,6,6,2,23,5,1490,8,2,MAZDA 2,9,E01029198,0,1
2024440326464,2024,440326464,1,9,0,4,4,3,7,0,0,0,0,0,0,0,2,1,6,6,2,25,5,1498,1,16,MAZDA 2,6,E01023002,0,1
2024549741524,2024,549741524,1,9,0,18,19,3,7,0,0,1,0,0,0,0,1,1,6,6,1,24,5,1498,1,12,MAZDA 2,9,E01034542,0,1
2024041414309,2024,041414309,2,9,0,-1,19,5,1,-1,0,0,0,0,0,0,3,1,-1,2,1,23,5,1349,1,10,MAZDA 2,3,E01025359,0,1
2024161454274,2024,161454274,1,9,0,-1,19,3,7,-1,0,1,0,0,0,0,4,9,-1,6,2,61,9,1496,1,2,MAZDA 2,1,E01012875,0,1
2024131508020,2024,131508020,1,9,0,-1,6,6,2,-1,0,0,0,0,0,0,3,2,-1,6,1,41,7,1349,1,10,MAZDA 2,4,E01011129,0,1
2024340WN1222,2024,340WN1222,1,9,0,-1,19,6,2,-1,0,1,0,0,0,0,1,1,-1,6,1,-1,-1,1348,1,16,MAZDA 2,-1,-1,0,-1
2024991426529,2024,991426529,1,9,0,-1,19,6,2,-1,0,0,0,0,0,0,1,1,-1,9,1,36,7,1349,1,14,MAZDA 2,1,-1,0,1
2024451453384,2024,451453384,2,9,0,-1,19,6,2,-1,0,0,0,0,0,0,3,1,-1,9,2,74,10,1349,1,11,MAZDA 2,8,E01030869,0,3
2024141401052,2024,141401052,2,9,0,-1,19,7,3,-1,0,8,0,0,0,0,1,9,-1,6,1,26,6,1496,1,7,MAZDA 2,8,E01007384,0,1
2024041436553,2024,041436553,1,9,0,-1,19,5,1,-1,0,0,5,0,1,9,1,2,-1,9,2,43,7,1498,1,5,MAZDA 2,1,E01025423,0,1
2024031490042,2024,031490042,2,9,0,-1,8,5,1,-1,0,0,0,0,0,0,2,1,-1,9,1,20,4,1400,1,19,MAZDA 2,5,E01019305,0,1
2024471456456,2024,471456456,3,9,0,-1,4,2,6,-1,0,0,0,0,0,0,2,1,-1,9,2,79,11,1496,1,8,MAZDA 2,7,E01031368,0,1
2024552401298,2024,552401298,1,9,0,18,19,1,5,0,0,0,0,0,0,0,4,1,6,6,3,-1,-1,1496,1,0,MAZDA 2,-1,-1,0,-1
2024471473638,2024,471473638,1,9,0,-1,19,2,6,-1,0,0,1,0,5,6,1,1,-1,9,1,18,4,1349,1,17,MAZDA 2,8,E01030928,0,4
2024547125724,2024,547125724,1,9,0,18,19,3,7,0,0,8,0,0,0,0,1,1,6,6,2,25,5,1498,1,15,MAZDA 2,7,E01015497,0,2
2024141512755,2024,141512755,2,9,0,-1,2,0,0,-1,9,0,0,0,0,0,3,1,-1,6,-1,-1,-1,1496,1,7,MAZDA 2,-1,-1,0,-1
2024041438487,2024,041438487,2,9,0,-1,19,5,1,-1,0,8,0,0,0,0,1,1,-1,9,2,31,6,1349,1,10,MAZDA 2,1,E01025385,0,3
2024461503002,2024,461503002,1,9,0,-1,19,1,3,-1,0,0,0,0,0,0,1,1,-1,9,1,83,11,1496,1,1,MAZDA 2,10,E01024074,0,3
2024311508660,2024,311508660,1,9,0,-1,9,2,4,-1,0,6,0,0,0,0,1,1,-1,9,2,60,9,1496,1,9,MAZDA 2,9,E01028120,0,1
2024161406383,2024,161406383,2,9,0,-1,7,7,3,-1,0,5,0,0,0,0,1,9,-1,6,2,78,11,1349,1,12,MAZDA 2,6,E01013160,0,1
2024320018087,2024,320018087,2,9,0,2,2,0,0,0,0,0,0,0,0,0,3,1,6,6,2,76,11,1349,1,14,MAZDA 2,7,E01026369,0,1
2024440022005,2024,440022005,2,9,0,2,2,0,0,0,0,0,0,0,0,0,2,1,6,6,3,-1,-1,1496,1,3,MAZDA 2,-1,-1,0,-1
2024501414023,2024,501414023,1,9,0,-1,19,7,3,-1,0,0,0,0,7,11,1,9,-1,9,2,25,5,1349,1,10,MAZDA 2,4,E01020337,0,1
2024221463824,2024,221463824,2,9,0,-1,19,8,4,-1,0,0,0,0,0,0,2,9,-1,6,2,56,9,1496,1,3,MAZDA 2,8,E01009850,0,2
2024351529018,2024,351529018,1,9,0,-1,5,3,7,-1,0,4,0,0,0,0,2,1,-1,6,1,62,9,1496,1,8,MAZDA 2,9,E01026334,0,3
2024552500042,2024,552500042,2,9,0,18,19,4,8,0,0,0,0,0,0,0,1,1,6,6,2,78,11,1400,1,19,MAZDA 2,7,E01015446,0,1
2024440514927,2024,440514927,1,9,0,9,9,1,7,0,0,8,0,0,0,0,1,1,1,1,2,27,6,1349,1,14,MAZDA 2,6,E01017214,0,1
2024201456840,2024,201456840,2,9,0,-1,19,7,3,-1,0,8,0,0,0,0,3,9,-1,6,2,43,7,1498,1,13,MAZDA 2,2,E01009017,0,1
2024351466049,2024,351466049,1,9,0,-1,19,-1,-1,-1,0,1,0,0,0,0,9,9,-1,6,2,61,9,1496,1,9,MAZDA 2,9,E01018039,0,1
2024991520733,2024,991520733,1,9,0,-1,19,1,5,-1,0,0,0,0,0,0,1,1,-1,9,1,82,11,1349,1,12,MAZDA 2,5,-1,0,1
202454B941624,2024,54B941624,1,9,0,16,19,4,8,0,0,0,0,0,7,1,1,1,6,6,1,25,5,1349,1,16,MAZDA 2,5,E01031990,0,1
2024548124824,2024,548124824,1,9,0,18,19,5,1,0,0,0,0,0,0,0,1,1,4,7,1,39,7,1349,1,15,MAZDA 2,7,E01015487,0,1
2024471485455,2024,471485455,1,9,0,-1,19,2,6,-1,0,8,0,0,0,0,1,1,-1,6,1,62,9,1498,1,16,MAZDA 2,-1,-1,0,-1
2024131437925,2024,131437925,1,9,0,-1,19,7,3,-1,1,1,0,0,0,0,4,1,-1,2,2,39,7,1496,1,4,MAZDA 2,3,E01011608,0,1
2024311477516,2024,311477516,1,9,0,-1,19,1,5,-1,0,0,1,0,0,0,1,9,-1,6,1,22,5,1349,1,15,MAZDA 2,4,E01028165,0,1
2024461513458,2024,461513458,2,9,0,-1,9,1,3,-1,0,1,0,0,0,0,3,9,-1,9,2,18,4,1349,1,12,MAZDA 2,8,E01016148,0,1
2024111468450,2024,111468450,1,9,0,-1,19,7,3,-1,0,0,0,0,0,0,1,1,-1,1,2,33,6,1490,8,0,MAZDA 2,5,E01020890,0,4
2024361398545,2024,361398545,2,9,0,-1,19,7,3,-1,0,0,0,0,0,0,1,1,-1,2,2,17,4,1349,1,14,MAZDA 2,5,E01026728,0,1
2024010515893,2024,010515893,2,9,0,99,99,9,9,99,99,9,9,99,9,99,9,9,6,6,3,-1,-1,1496,1,9,MAZDA 2,-1,-1,0,-1
2024522403272,2024,522403272,1,9,0,5,5,8,4,0,0,6,0,0,0,0,1,1,6,6,2,22,5,1498,1,13,MAZDA 2,5,E01035226,0,2
2024471463770,2024,471463770,1,9,0,-1,-1,-1,-1,-1,-1,-1,-1,-1,-1,0,-1,1,-1,6,2,30,6,1349,1,10,MAZDA 2,6,E01031601,0,1
2024461464753,2024,461464753,1,9,0,-1,9,5,2,-1,0,8,0,0,0,0,1,1,-1,7,2,40,7,1498,1,13,MAZDA 2,8,E01024750,0,2
2024041462340,2024,041462340,1,9,0,-1,19,1,5,-1,0,0,0,0,0,0,4,1,-1,9,2,73,10,1496,1,3,MAZDA 2,3,E01012691,0,1
2024991396945,2024,991396945,1,9,0,-1,19,7,3,-1,0,6,0,0,0,0,1,1,-1,9,2,53,8,1349,1,10,MAZDA 2,2,-1,0,1
2024631467587,2024,631467587,1,9,0,-1,19,8,4,-1,0,6,0,0,0,0,4,1,-1,6,1,20,4,1349,1,13,MAZDA 2,7,E01010537,0,5
2024552400717,2024,552400717,2,9,0,2,2,0,0,0,0,0,0,0,0,0,4,1,6,6,3,-1,-1,1349,1,16,MAZDA 2,-1,-1,0,-1
2024041504170,2024,041504170,1,9,0,-1,19,5,1,-1,0,0,1,0,1,9,1,1,-1,6,1,17,4,1496,1,9,MAZDA 2,3,E01033072,0,1
2024622400407,2024,622400407,1,9,0,9,9,3,2,0,0,5,0,0,0,0,3,1,3,7,1,34,6,1349,1,16,MAZDA 2,4,W01000987,0,1
2024041396126,2024,041396126,1,9,0,-1,19,2,6,-1,0,0,0,0,0,0,1,1,-1,6,2,40,7,1496,1,7,MAZDA 2,5,E01007056,0,3
2024991472424,2024,991472424,2,9,0,-1,19,7,3,-1,0,8,0,0,0,0,1,1,-1,9,2,48,8,1496,1,9,MAZDA 2,3,-1,0,1
2024101443783,2024,101443783,3,9,0,-1,4,5,1,-1,0,1,0,0,0,0,2,1,-1,6,2,35,6,1496,1,3,MAZDA 2,8,E01008527,0,1
2024201424685,2024,201424685,2,9,0,-1,9,6,4,-1,0,6,0,0,0,0,1,9,-1,6,2,34,6,1349,1,14,MAZDA 2,2,E01009887,0,1
2024501494040,2024,501494040,2,9,0,-1,19,4,8,-1,0,8,0,0,0,0,1,1,-1,6,1,-1,-1,1349,1,12,MAZDA 2,8,E01030785,0,5
2024421512822,2024,421512822,1,9,0,-1,19,5,1,-1,0,1,0,0,0,0,1,1,-1,9,1,19,4,1398,2,16,MAZDA 2,1,E01022042,0,1
2024131425558,2024,131425558,1,9,0,-1,7,3,5,-1,0,6,0,0,0,0,1,1,-1,6,1,49,8,1399,2,15,MAZDA 2,3,E01011936,0,2
2024522500279,2024,522500279,1,9,0,9,9,4,1,0,0,5,0,0,0,0,4,1,6,6,2,39,7,1349,1,11,MAZDA 2,3,E01014673,0,1
2024522401125,2024,522401125,1,9,0,7,7,6,8,0,0,6,0,0,0,0,1,1,6,6,2,39,7,1349,1,15,MAZDA 2,10,E01014935,0,2
2024311486892,2024,311486892,2,9,0,-1,9,2,1,-1,0,8,0,0,0,0,1,1,-1,6,2,19,4,1349,1,13,MAZDA 2,5,E01027972,0,1
2024631418631,2024,631418631,2,9,0,-1,19,6,2,-1,0,0,0,0,1,10,3,1,-1,9,2,34,6,1400,1,17,MAZDA 2,7,W01000488,0,1
2024440387961,2024,440387961,2,9,0,18,19,4,8,0,0,1,0,0,0,0,1,1,6,6,2,23,5,1349,1,16,MAZDA 2,9,E01022975,0,1
2024520402889,2024,520402889,1,9,0,18,19,3,7,0,0,0,0,0,7,11,1,1,6,6,2,67,10,1498,1,14,MAZDA 2,4,E01029025,0,1
2024991438660,2024,991438660,1,9,0,-1,19,7,3,-1,0,0,0,0,0,0,1,1,-1,6,1,41,7,1349,1,12,MAZDA 2,2,-1,0,4
2024010510659,2024,010510659,1,9,0,18,19,7,3,0,0,8,0,0,0,0,3,1,6,6,2,51,8,1498,1,5,MAZDA 2,4,E01003453,0,1
2024161478994,2024,161478994,2,9,0,-1,19,1,5,-1,0,8,0,0,0,0,2,1,-1,6,1,81,11,1490,8,2,MAZDA 2,8,E01013262,0,1
2024371499410,2024,371499410,1,9,0,-1,19,6,1,-1,0,1,0,0,0,0,1,1,-1,9,1,17,4,1349,1,15,MAZDA 2,3,E01030010,0,1
2024440479096,2024,440479096,1,9,0,18,19,3,7,0,0,0,2,0,1,9,1,1,6,6,2,18,4,1349,1,12,MAZDA 2,9,E01015406,0,4
2024520401881,2024,520401881,1,9,0,18,19,3,7,0,0,1,0,0,0,0,1,1,6,6,2,34,6,1349,1,15,MAZDA 2,8,E01029256,0,1
2024101539000,2024,101539000,1,9,0,-1,19,1,5,-1,0,0,0,12,0,0,1,1,-1,2,1,32,6,1496,1,3,MAZDA 2,6,E01027479,0,3
202454C781224,2024,54C781224,2,9,0,2,2,0,0,0,0,1,0,0,0,0,1,1,6,6,3,-1,-1,1349,1,10,MAZDA 2,-1,-1,0,-1
2024411423482,2024,411423482,2,9,0,-1,4,1,3,-1,0,8,0,0,0,0,2,1,-1,9,2,52,8,1496,1,4,MAZDA 2,7,E01017427,0,4
2024991441821,2024,991441821,2,9,0,-1,4,6,2,-1,0,1,0,0,0,0,4,1,-1,9,1,18,4,1496,1,7,MAZDA 2,10,-1,0,1
2024520002826,2024,520002826,1,9,0,18,19,7,3,0,0,0,0,0,0,0,3,1,6,6,1,22,5,1349,1,11,MAZDA 2,7,E01029063,0,3
2024010512661,2024,010512661,1,9,0,99,99,9,9,99,99,9,9,99,9,99,1,9,6,6,3,32,6,1496,1,9,MAZDA 2,3,E01034609,0,1
2024461400776,2024,461400776,3,9,0,-1,19,6,2,-1,0,0,0,0,0,0,1,1,-1,6,1,32,6,1496,1,8,MAZDA 2,9,E01016172,0,2
2024501480101,2024,501480101,1,9,0,-1,7,5,7,-1,0,2,0,0,1,11,1,1,-1,9,2,24,5,1399,2,15,MAZDA 2,3,E01015115,0,2
2024991402188,2024,991402188,1,9,0,-1,9,8,5,-1,9,5,0,0,1,11,1,1,-1,6,1,25,5,1349,1,15,MAZDA 2,2,-1,0,1
2024061489698,2024,061489698,1,9,0,-1,11,3,7,-1,0,0,0,0,0,0,1,1,-1,9,1,64,9,1498,1,13,MAZDA 2,4,E01005672,0,1
2024421439584,2024,421439584,2,9,0,-1,19,4,8,-1,0,1,0,0,0,0,3,1,-1,9,1,83,11,1496,1,2,MAZDA 2,7,E01022088,0,1
2024411537302,2024,411537302,2,9,0,-1,19,6,2,-1,0,1,0,0,1,0,3,1,-1,6,1,28,6,1349,1,11,MAZDA 2,4,E01023402,0,1
2024991396410,2024,991396410,1,9,0,-1,19,5,1,-1,0,1,0,0,0,0,1,1,-1,6,2,30,6,1349,1,11,MAZDA 2,1,-1,0,2
2024311488553,2024,311488553,1,9,0,-1,19,1,3,-1,0,0,2,10,7,0,1,1,-1,2,1,22,5,1349,1,15,MAZDA 2,6,E01007724,0,3
2024440438311,2024,440438311,1,9,0,9,9,2,6,0,0,8,0,0,0,0,1,1,2,2,2,42,7,1496,1,2,MAZDA 2,4,E01017333,0,1
2024131512717,2024,131512717,1,9,0,-1,9,7,5,-1,0,8,0,0,0,0,1,1,-1,2,2,43,7,1496,1,5,MAZDA 2,5,E01011388,0,2
2024501509795,2024,501509795,1,9,0,-1,19,2,6,-1,0,0,5,0,2,7,1,1,-1,6,2,45,7,1349,1,10,MAZDA 2,4,E01020314,0,1
2024371439285,2024,371439285,2,9,0,-1,19,7,3,-1,0,8,0,0,0,0,3,1,-1,2,2,44,7,1496,1,3,MAZDA 2,10,E01030050,0,2
2024161452892,2024,161452892,3,9,0,-1,2,0,0,-1,0,0,0,0,0,0,2,1,-1,6,-1,-1,-1,1349,1,16,MAZDA 2,-1,-1,0,-1
2024411532277,2024,411532277,2,9,0,-1,3,5,1,-1,0,0,0,0,1,10,2,1,-1,2,1,19,4,1349,1,12,MAZDA 2,4,E01023560,0,1
2024471517949,2024,471517949,1,9,0,-1,9,6,4,-1,0,8,0,0,0,0,4,1,-1,6,2,58,9,1349,1,10,MAZDA 2,1,E01031404,0,2
2024471519170,2024,471519170,1,9,0,-1,19,7,3,-1,0,0,0,0,0,0,1,9,-1,6,1,26,6,1498,1,15,MAZDA 2,4,E01031596,0,1