collision_index,collision_year,collision_ref_no,vehicle_reference,vehicle_type,towing_and_articulation,vehicle_manoeuvre_historic,vehicle_manoeuvre,vehicle_direction_from,vehicle_direction_to,vehicle_location_restricted_lane_historic,vehicle_location_restricted_lane,junction_location,skidding_and_overturning,hit_object_in_carriageway,vehicle_leaving_carriageway,hit_object_off_carriageway,first_point_of_impact,vehicle_left_hand_drive,journey_purpose_of_driver_historic,journey_purpose_of_driver,sex_of_driver,age_of_driver,age_band_of_driver,engine_capacity_cc,propulsion_code,age_of_vehicle,generic_make_model,driver_imd_decile,lsoa_of_driver,escooter_flag,driver_distance_banding
2024231438333,2024,231438333,1,9,0,-1,19,3,7,-1,0,0,0,0,1,9,4,9,-1,6,2,24,5,1349,1,13,MAZDA 2,3,E01032528,0,2
2024471472640,2024,471472640,2,9,0,-1,19,7,2,-1,0,0,0,0,0,0,0,1,-1,9,1,53,8,1496,1,2,MAZDA 2,10,E01031681,0,3
2024041513290,2024,041513290,2,9,0,-1,19,5,1,-1,0,1,0,0,0,0,1,1,-1,2,2,51,8,1349,1,11,MAZDA 2,10,E01025403,0,1
2024622400753,2024,622400753,1,9,0,9,9,2,8,0,0,8,0,0,0,0,1,1,6,6,1,24,5,1349,1,14,MAZDA 2,6,W01001756,0,1
2024201443177,2024,201443177,2,9,0,-1,3,7,3,-1,0,0,0,0,0,0,2,1,-1,6,2,-1,-1,1498,1,12,MAZDA 2,-1,-1,0,-1
2024010550081,2024,010550081,1,9,0,5,5,1,5,0,0,4,0,0,0,0,1,1,1,1,2,60,9,1349,1,15,MAZDA 2,8,E01001127,0,1
2024061430219,2024,061430219,1,9,0,-1,19,6,2,-1,0,0,0,0,0,0,1,1,-1,6,2,39,7,1498,1,15,MAZDA 2,-1,-1,0,-1
2024461405998,2024,461405998,1,9,0,-1,19,8,4,-1,0,2,0,0,0,0,1,2,-1,6,1,53,8,1490,8,1,MAZDA 2,9,E01024006,0,1
2024501507549,2024,501507549,1,9,0,-1,19,5,1,-1,9,0,0,0,2,11,1,1,-1,6,1,75,10,1399,2,16,MAZDA 2,6,E01034620,0,1
2024361484926,2024,361484926,1,9,0,-1,19,3,7,-1,0,0,0,0,0,0,1,1,-1,6,2,87,11,1496,1,6,MAZDA 2,9,E01026742,0,1
2024501438965,2024,501438965,1,9,0,-1,9,1,5,-1,0,0,0,4,7,10,1,1,-1,9,1,24,5,1498,1,5,MAZDA 2,2,E01020139,0,3
2024122500340,2024,122500340,1,9,0,18,19,3,7,0,0,0,0,0,0,0,1,1,6,6,1,56,9,1496,1,8,MAZDA 2,9,E01013338,0,4
2024131422716,2024,131422716,1,9,0,-1,-1,-1,-1,-1,-1,-1,-1,-1,-1,-1,-1,1,-1,6,3,-1,-1,1560,2,13,MAZDA 2,-1,-1,0,-1
2024010547792,2024,010547792,4,9,0,18,19,7,3,0,0,0,0,0,0,0,3,1,2,2,1,37,7,1498,1,5,MAZDA 2,3,E01001546,0,2
2024351503437,2024,351503437,1,9,0,-1,9,7,3,-1,0,7,0,0,0,0,9,9,-1,6,2,-1,-1,1349,1,16,MAZDA 2,6,E01017949,0,1
2024522403427,2024,522403427,5,9,0,3,3,4,8,0,0,0,0,0,0,0,2,1,6,6,2,45,7,1349,1,10,MAZDA 2,9,W01001190,0,4
2024451487371,2024,451487371,2,9,0,-1,9,7,3,-1,0,5,0,0,0,0,1,1,-1,9,1,58,9,1349,1,13,MAZDA 2,10,E01030357,0,1
2024430495419,2024,430495419,2,9,0,9,9,8,6,0,0,5,0,0,0,0,1,1,6,6,1,-1,-1,1349,1,9,MAZDA 2,-1,-1,0,-1
2024440500109,2024,440500109,1,9,0,18,19,1,5,0,0,8,0,0,0,0,1,1,6,6,1,66,10,1349,1,13,MAZDA 2,2,E01022942,0,1
2024031447519,2024,031447519,1,9,0,-1,19,3,8,-1,-1,0,0,0,1,0,1,1,-1,9,1,18,4,1349,1,15,MAZDA 2,-1,-1,0,-1
2024411470661,2024,411470661,1,9,-1,-1,-1,3,-1,-1,0,4,0,0,0,0,1,1,-1,6,1,22,5,1496,1,1,MAZDA 2,1,E01001424,0,2
2024201513560,2024,201513560,2,9,0,-1,20,2,2,-1,0,0,0,0,0,0,3,1,-1,9,2,38,7,1349,1,13,MAZDA 2,2,E01009346,0,1
2024201512917,2024,201512917,1,9,0,-1,9,2,1,-1,0,5,0,0,0,0,1,9,-1,6,1,43,7,1349,1,11,MAZDA 2,3,E01008970,0,1
2024546601124,2024,546601124,2,9,0,9,9,4,2,0,0,6,0,0,0,0,1,1,2,2,1,39,7,1349,1,14,MAZDA 2,6,E01015496,0,1
2024461407212,2024,461407212,3,9,0,-1,4,8,2,-1,0,0,0,0,0,0,2,1,-1,9,1,70,10,1498,1,5,MAZDA 2,9,E01016090,0,1
2024010499018,2024,010499018,2,9,0,99,99,9,9,99,99,9,9,99,9,99,2,1,6,6,1,-1,-1,1349,1,10,MAZDA 2,6,-1,0,5
2024411503454,2024,411503454,1,9,0,-1,19,6,2,-1,0,0,0,0,0,0,1,1,-1,6,1,58,9,1349,1,14,MAZDA 2,5,E01017748,0,2
2024411466812,2024,411466812,2,9,-1,-1,4,-1,-1,-1,0,3,-1,-1,-1,0,2,9,-1,9,1,71,10,1349,1,16,MAZDA 2,3,E01023876,0,1
2024201532943,2024,201532943,1,9,0,-1,7,5,7,-1,0,5,0,10,1,1,4,1,-1,2,1,28,6,1498,1,12,MAZDA 2,1,E01009375,0,1
2024351457131,2024,351457131,2,9,0,-1,19,7,3,-1,0,1,0,0,0,0,1,1,-1,6,2,26,6,1496,1,9,MAZDA 2,8,E01018117,0,3
2024471506275,2024,471506275,1,9,0,-1,9,3,1,-1,0,8,0,0,0,0,1,1,-1,6,1,19,4,1349,1,14,MAZDA 2,7,E01021061,0,3
2024451529387,2024,451529387,2,9,0,-1,10,3,5,-1,0,6,0,0,0,0,3,1,-1,6,1,40,7,1349,1,15,MAZDA 2,4,E01022579,0,4
2024211485273,2024,211485273,1,9,0,-1,7,3,7,-1,0,1,0,0,0,0,1,2,-1,6,1,43,7,1349,1,13,MAZDA 2,-1,-1,0,-1
2024541057924,2024,541057924,2,9,0,6,6,4,8,0,0,4,0,0,0,0,1,1,4,7,2,58,9,1496,1,5,MAZDA 2,10,E01032017,0,1
2024430587037,2024,430587037,1,9,0,18,19,3,7,0,0,0,0,0,0,0,1,1,6,6,2,82,11,1349,1,12,MAZDA 2,9,E01028822,0,1
2024991445704,2024,991445704,2,9,0,-1,5,3,8,-1,0,6,0,0,0,0,1,1,-1,6,1,80,11,1496,1,8,MAZDA 2,6,-1,0,4
2024010513583,2024,010513583,2,9,0,18,19,4,8,0,0,1,0,0,0,0,1,1,6,6,2,37,7,1498,1,16,MAZDA 2,4,E01004531,0,3
2024351515661,2024,351515661,2,9,0,-1,19,3,7,-1,0,0,0,0,0,0,3,1,-1,6,2,55,8,1496,1,7,MAZDA 2,3,E01017944,0,1
2024440462434,2024,440462434,3,9,0,18,19,7,2,0,0,0,0,0,0,0,2,1,6,6,1,22,5,1498,1,14,MAZDA 2,7,E01023215,0,4
2024041506982,2024,041506982,1,9,0,-1,9,3,1,-1,0,8,0,0,0,0,1,1,-1,9,1,80,11,1496,1,1,MAZDA 2,9,E01024972,0,1
2024061455069,2024,061455069,2,9,0,-1,2,3,7,-1,0,0,0,0,0,0,3,1,-1,6,-1,-1,-1,1496,1,8,MAZDA 2,-1,-1,0,-1
2024631420860,2024,631420860,1,9,0,-1,4,3,7,-1,0,0,0,0,0,0,2,1,-1,9,1,23,5,1349,1,14,MAZDA 2,2,E01010503,0,5
2024461455996,2024,461455996,2,9,0,-1,2,0,0,-1,0,0,0,0,7,0,1,1,-1,6,-1,-1,-1,1496,1,9,MAZDA 2,-1,-1,0,-1
2024440417338,2024,440417338,2,9,0,5,5,7,3,0,0,6,0,0,0,0,1,1,6,6,2,-1,-1,1496,1,0,MAZDA 2,9,E01035438,0,1
2024061510531,2024,061510531,1,9,0,-1,19,8,5,-1,0,8,0,0,0,0,1,1,-1,9,1,21,5,1496,1,2,MAZDA 2,6,E01004962,0,1
2024141424503,2024,141424503,1,9,0,-1,19,5,1,-1,0,0,0,0,0,0,1,9,-1,6,2,31,6,1349,1,12,MAZDA 2,6,E01007609,0,2
2024010551713,2024,010551713,1,9,0,18,19,7,3,0,0,0,0,0,0,0,1,1,6,6,2,37,7,1496,1,4,MAZDA 2,5,E01024546,0,4
2024991526907,2024,991526907,1,9,0,-1,9,6,3,-1,0,0,0,0,0,0,1,1,-1,6,1,46,8,1496,1,2,MAZDA 2,3,-1,0,1
2024010498688,2024,010498688,1,9,0,99,99,9,9,99,99,9,9,99,9,99,9,9,6,6,2,30,6,1490,8,1,MAZDA 2,10,E01017935,0,3
2024501519589,2024,501519589,1,9,0,-1,19,6,2,-1,0,1,0,0,0,0,4,1,-1,9,1,39,7,1600,1,20,MAZDA 2,1,E01015260,0,1
2024070804093,2024,070804093,2,9,0,-1,4,7,3,-1,0,0,0,0,0,0,2,1,-1,9,1,31,6,1496,1,6,MAZDA 2,5,E01028944,0,4
2024302401360,2024,302401360,3,9,0,4,4,1,5,0,0,0,0,0,0,0,2,1,6,6,2,62,9,1496,1,4,MAZDA 2,8,E01019410,0,2
2024421454436,2024,421454436,2,9,0,-1,2,0,0,-1,0,0,0,0,0,0,2,1,-1,6,2,59,9,1349,1,16,MAZDA 2,-1,-1,0,-1
2024101430363,2024,101430363,2,9,0,-1,3,1,5,-1,0,0,0,0,0,0,2,1,-1,6,1,62,9,1496,1,1,MAZDA 2,4,E01008814,0,1
2024311526462,2024,311526462,1,9,0,-1,19,8,4,-1,0,0,0,0,1,0,4,1,-1,9,2,36,7,1496,1,8,MAZDA 2,6,E01028003,0,1
2024552400249,2024,552400249,2,9,0,2,2,0,0,0,0,0,0,0,0,0,2,1,6,6,2,19,4,1349,1,15,MAZDA 2,5,E01020534,0,1
2024552401306,2024,552401306,1,9,0,13,13,3,7,0,0,0,5,0,0,0,4,1,6,6,1,18,4,1498,1,16,MAZDA 2,2,E01020499,0,3
2024311533386,2024,311533386,2,9,0,-1,5,1,5,-1,0,4,0,0,0,0,1,1,-1,6,2,-1,-1,1498,1,11,MAZDA 2,-1,-1,0,-1
2024548056524,2024,548056524,2,9,0,18,19,5,1,0,0,0,1,0,0,0,1,1,1,1,1,68,10,1349,1,16,MAZDA 2,1,E01017336,0,4
202460Q078518,2024,60Q078518,1,9,0,11,11,4,8,0,0,3,0,0,0,0,4,1,6,6,1,25,5,1349,1,16,MAZDA 2,-1,-1,0,-1
2024320664444,2024,320664444,1,9,0,-1,-1,6,2,0,0,0,0,0,1,9,1,1,6,6,2,30,6,1349,1,16,MAZDA 2,-1,-1,0,-1
2024311476118,2024,311476118,1,9,0,-1,19,8,5,-1,0,2,0,0,0,0,1,1,-1,6,1,33,6,1498,1,13,MAZDA 2,3,E01033400,0,1
2024421396512,2024,421396512,1,9,0,-1,19,4,8,-1,0,0,0,0,0,0,1,1,-1,6,1,76,11,1400,1,19,MAZDA 2,2,E01035585,0,2
2024461439473,2024,461439473,1,9,0,-1,19,7,3,-1,0,1,0,0,8,0,1,1,-1,9,1,19,4,1349,1,11,MAZDA 2,8,E01024011,0,1
2024131491318,2024,131491318,2,9,0,-1,2,1,1,-1,0,8,0,0,0,0,2,1,-1,6,-1,-1,-1,1349,1,10,MAZDA 2,-1,-1,0,-1
2024061504127,2024,061504127,2,9,0,-1,19,4,8,-1,0,1,0,0,0,0,1,1,-1,2,1,51,8,1349,1,15,MAZDA 2,4,E01034345,0,2
2024010525891,2024,010525891,2,9,0,11,11,5,1,0,0,8,0,0,0,0,1,1,6,6,1,68,10,1496,1,8,MAZDA 2,10,E01017436,0,4
2024451396137,2024,451396137,1,9,0,-1,19,3,7,-1,0,0,0,0,0,0,2,1,-1,9,1,29,6,1496,1,4,MAZDA 2,8,E01035358,0,4
2024061460597,2024,061460597,2,9,0,-1,19,3,7,-1,0,0,2,4,7,0,1,1,-1,9,1,45,7,1498,1,5,MAZDA 2,1,E01006027,0,1
2024041413453,2024,041413453,1,9,0,-1,19,3,7,-1,0,0,0,0,0,0,1,1,-1,6,2,37,7,1349,1,14,MAZDA 2,2,E01009981,0,5
2024411500720,2024,411500720,1,9,0,-1,19,-1,-1,-1,0,2,0,0,0,0,3,1,-1,6,1,24,5,1349,1,13,MAZDA 2,6,E01035563,0,1
2024991463738,2024,991463738,2,9,0,-1,2,6,6,-1,0,0,0,0,0,0,3,1,-1,6,2,20,4,1496,1,8,MAZDA 2,4,-1,0,1
2024531493537,2024,531493537,1,9,0,-1,5,1,5,-1,0,5,0,0,0,0,1,1,-1,1,1,23,5,1496,1,5,MAZDA 2,5,E01022244,0,1
2024440119208,2024,440119208,1,9,0,17,19,5,2,0,0,0,0,0,1,4,1,1,6,6,2,31,6,1349,1,14,MAZDA 2,-1,-1,0,-1
2024340WN7072,2024,340WN7072,1,9,0,-1,9,5,2,-1,0,5,0,0,0,0,3,1,-1,9,1,36,7,1399,2,16,MAZDA 2,5,E01027136,0,1
2024111419393,2024,111419393,2,9,0,-1,19,5,8,-1,0,4,0,0,0,0,2,1,-1,9,2,41,7,1496,1,2,MAZDA 2,4,E01020711,0,1
2024440081223,2024,440081223,2,9,0,18,19,6,2,0,0,1,1,0,0,0,1,1,6,6,2,28,6,1496,1,9,MAZDA 2,9,E01032849,0,3
2024041494510,2024,041494510,1,9,0,-1,9,5,1,-1,0,8,0,0,0,0,4,1,-1,2,2,23,5,1349,1,14,MAZDA 2,8,E01025242,0,1
2024991426996,2024,991426996,1,9,0,-1,19,3,6,-1,-1,0,0,0,7,0,1,1,-1,6,1,21,5,1498,1,13,MAZDA 2,5,-1,0,2
2024421504478,2024,421504478,2,9,0,-1,19,7,3,-1,0,0,0,0,0,0,3,1,-1,6,1,26,6,1349,1,15,MAZDA 2,4,E01022011,0,2
2024471417733,2024,471417733,2,9,0,-1,4,6,2,-1,0,0,0,0,2,0,2,1,-1,6,1,71,10,1496,1,5,MAZDA 2,4,E01021114,0,3
2024201518811,2024,201518811,2,9,0,-1,2,0,0,-1,0,0,0,0,1,0,1,9,-1,6,-1,-1,-1,1349,1,13,MAZDA 2,-1,-1,0,-1
2024471507477,2024,471507477,1,9,0,-1,7,3,7,-1,0,0,0,10,0,0,1,1,-1,9,1,88,11,1496,1,8,MAZDA 2,8,E01016956,0,1
2024041481194,2024,041481194,1,9,0,-1,19,7,3,-1,0,0,0,4,0,0,1,1,-1,9,1,24,5,1349,1,12,MAZDA 2,8,E01025497,0,3
2024430555511,2024,430555511,3,9,0,18,19,6,2,0,0,0,0,0,0,0,2,1,6,6,1,45,7,1496,1,5,MAZDA 2,-1,-1,0,-1
2024041402302,2024,041402302,2,9,0,-1,19,3,5,-1,0,8,0,0,0,0,1,1,-1,9,2,52,8,1400,1,17,MAZDA 2,3,E01012740,0,1
2024991394084,2024,991394084,1,9,0,-1,19,5,1,-1,0,0,5,0,1,0,3,1,-1,9,2,21,5,1349,1,11,MAZDA 2,5,-1,0,2
2024122401298,2024,122401298,2,9,0,18,19,3,7,0,0,1,0,0,0,0,1,1,1,1,2,61,9,1349,1,11,MAZDA 2,8,E01027783,0,1
2024991515094,2024,991515094,1,9,0,-1,19,5,8,-1,0,0,0,0,0,0,1,1,-1,9,2,32,6,1349,1,11,MAZDA 2,10,-1,0,3
2024471453323,2024,471453323,1,9,0,-1,9,5,7,-1,0,8,0,0,0,0,1,1,-1,9,2,32,6,1498,1,6,MAZDA 2,8,E01017006,0,3
2024122401246,2024,122401246,2,9,0,5,5,3,1,0,0,0,0,0,0,0,1,1,6,6,2,60,9,1349,1,12,MAZDA 2,6,E01027560,0,1
2024371422120,2024,371422120,1,9,0,-1,19,2,6,-1,0,1,0,0,0,0,3,1,-1,9,1,19,4,1349,1,14,MAZDA 2,9,E01030239,0,1
2024010513989,2024,010513989,1,9,0,18,19,1,5,0,0,0,0,0,1,0,1,1,2,2,2,40,7,1349,1,15,MAZDA 2,-1,-1,0,-1
2024531467714,2024,531467714,2,9,0,-1,19,1,5,-1,0,0,0,0,0,0,2,1,-1,9,1,40,7,1349,1,12,MAZDA 2,5,E01007995,0,5
2024552401243,2024,552401243,1,9,0,18,19,6,2,0,0,0,0,0,0,0,1,1,2,2,1,24,5,1600,1,20,MAZDA 2,2,E01020348,0,3
2024631424087,2024,631424087,1,9,0,-1,19,2,6,-1,0,0,0,0,0,0,1,1,-1,9,2,22,5,1498,1,14,MAZDA 2,6,W01000433,0,2
2024440474883,2024,440474883,1,9,0,9,9,4,2,0,0,6,0,10,7,10,4,1,6,6,1,19,4,1349,1,12,MAZDA 2,7,E01023252,0,1
2024010531893,2024,010531893,2,9,9,99,99,9,9,99,99,9,9,99,9,99,9,9,6,6,3,-1,-1,1498,1,16,MAZDA 2,-1,-1,0,-1
2024010517540,2024,010517540,1,9,0,99,99,9,9,99,99,9,9,99,9,99,1,9,6,6,2,44,7,1496,1,7,MAZDA 2,5,E01002565,0,1
2024501455855,2024,501455855,1,9,0,-1,19,2,6,-1,0,8,0,0,0,0,1,1,-1,2,1,34,6,1349,1,12,MAZDA 2,5,E01019067,0,3
2024201451895,2024,201451895,1,9,0,-1,19,3,5,-1,0,1,0,0,0,0,1,9,-1,6,1,-1,-1,1349,1,14,MAZDA 2,-1,-1,0,-1
2024471463770,2024,471463770,2,9,0,-1,-1,-1,-1,-1,-1,-1,-1,-1,-1,0,-1,1,-1,6,2,-1,-1,1349,1,11,MAZDA 2,6,E01030826,0,3
2024411525251,2024,411525251,1,9,0,-1,19,5,1,-1,0,2,0,0,0,0,3,1,-1,6,2,36,7,1498,1,14,MAZDA 2,9,E01017377,0,1
2024430346781,2024,430346781,2,9,0,18,19,8,4,0,0,6,0,0,0,0,1,1,6,6,1,-1,-1,1496,1,4,MAZDA 2,10,E01016665,0,4
2024501518849,2024,501518849,2,9,0,-1,4,8,4,-1,0,0,0,0,0,0,3,1,-1,9,1,81,11,1498,1,6,MAZDA 2,7,E01018823,0,1
2024010539171,2024,010539171,1,9,0,7,7,3,5,0,0,8,0,0,0,0,4,1,6,6,2,42,7,1498,1,14,MAZDA 2,8,E01000342,0,1
2024041401645,2024,041401645,2,9,0,-1,19,5,1,-1,0,1,0,0,0,0,1,1,-1,9,2,21,5,1349,1,11,MAZDA 2,1,E01012709,0,1
2024041453687,2024,041453687,2,9,0,-1,2,0,0,-1,0,1,0,0,0,0,2,1,-1,6,-1,-1,-1,1496,1,9,MAZDA 2,-1,-1,0,-1
2024631476115,2024,631476115,1,9,0,-1,19,7,3,-1,0,0,1,0,7,3,1,2,-1,2,1,24,5,1349,1,15,MAZDA 2,8,W01000892,0,4
2024991432116,2024,991432116,1,9,0,-1,19,2,6,-1,0,0,2,10,7,11,3,1,-1,2,2,21,5,1349,1,10,MAZDA 2,-1,-1,0,-1
2024141434098,2024,141434098,1,9,0,-1,9,6,3,-1,0,5,0,0,0,0,4,1,-1,9,1,21,5,1349,1,14,MAZDA 2,1,E01007892,0,1
2024531411640,2024,531411640,1,9,0,-1,7,2,6,-1,0,1,0,0,0,0,1,1,-1,6,2,59,9,1349,1,11,MAZDA 2,8,W01000611,0,5
2024361533460,2024,361533460,2,9,0,-1,19,2,6,-1,0,8,0,0,0,0,3,1,-1,9,1,47,8,1400,1,17,MAZDA 2,4,E01026806,0,1
2024401538933,2024,401538933,2,9,0,-1,19,7,3,-1,0,3,0,0,0,0,4,1,-1,6,2,29,6,1496,1,5,MAZDA 2,9,E01017381,0,1
2024451516995,2024,451516995,2,9,0,-1,19,1,5,-1,0,0,0,0,0,0,3,1,-1,9,2,27,6,1349,1,10,MAZDA 2,8,E01030544,0,3
2024351510726,2024,351510726,4,9,0,-1,4,1,5,-1,0,0,0,0,0,0,2,1,-1,2,1,43,7,1499,2,9,MAZDA 2,9,E01031532,0,5
2024501403566,2024,501403566,1,9,0,-1,19,4,7,-1,0,0,2,0,1,4,1,9,-1,6,1,24,5,1349,1,16,MAZDA 2,4,E01015031,0,1
2024201461640,2024,201461640,2,9,0,-1,19,2,6,-1,0,8,0,0,0,0,1,9,-1,6,2,-1,-1,1400,1,17,MAZDA 2,-1,-1,0,-1
2024461419806,2024,461419806,1,9,0,-1,19,3,1,-1,0,0,0,0,0,0,1,1,-1,9,2,67,10,1349,1,15,MAZDA 2,10,E01024811,0,1
2024201509692,2024,201509692,2,9,0,-1,19,3,8,-1,0,8,0,0,0,0,4,1,-1,6,2,27,6,1349,1,14,MAZDA 2,1,E01034943,0,3
2024201438339,2024,201438339,1,9,0,-1,2,0,0,-1,0,1,0,0,0,0,3,1,-1,1,1,63,9,1498,1,16,MAZDA 2,4,E01010145,0,4
2024520403367,2024,520403367,1,9,0,5,5,1,5,0,0,8,0,0,0,0,3,1,6,6,1,38,7,1349,1,14,MAZDA 2,3,E01002085,0,5
2024461492740,2024,461492740,2,9,0,-1,2,0,0,-1,9,0,0,0,0,0,1,1,-1,6,-1,-1,-1,1349,1,15,MAZDA 2,-1,-1,0,-1
2024991428410,2024,991428410,1,9,0,-1,19,6,2,-1,0,0,2,0,1,0,1,1,-1,9,1,17,4,1349,1,13,MAZDA 2,7,-1,0,1
2024122400619,2024,122400619,1,9,0,17,19,3,8,0,0,0,0,0,1,1,1,1,6,6,1,83,11,1349,1,10,MAZDA 2,7,E01027604,0,1
2024031469532,2024,031469532,1,9,0,-1,19,4,1,-1,0,0,1,0,1,0,3,1,-1,6,1,18,4,1349,1,15,MAZDA 2,5,E01019306,0,2
2024211479845,2024,211479845,1,9,0,-1,19,1,1,-1,0,1,1,0,0,0,1,1,-1,9,1,30,6,1349,1,15,MAZDA 2,1,E01034238,0,4
2024122400480,2024,122400480,2,8,0,5,5,3,6,0,0,4,0,0,0,0,1,1,6,6,2,52,8,1349,1,17,MAZDA 2,7,E01027661,0,1
2024061516967,2024,061516967,1,9,-1,-1,9,-1,-1,-1,0,6,3,0,1,0,3,1,-1,9,2,25,5,1498,1,12,MAZDA 2,1,E01005067,0,1
2024332401007,2024,332401007,1,9,0,-1,10,2,8,-1,0,8,0,0,0,0,2,1,-1,9,2,59,9,1498,1,13,MAZDA 2,4,E01013714,0,1
2024991451124,2024,991451124,2,9,0,-1,19,7,3,-1,0,2,0,0,0,0,1,1,-1,9,2,30,6,1349,1,12,MAZDA 2,-1,-1,0,-1
2024421474889,2024,421474889,1,9,0,-1,5,5,1,-1,0,0,5,4,0,0,1,1,-1,9,1,76,11,1349,1,10,MAZDA 2,8,E01015998,0,1
2024131469047,2024,131469047,1,9,0,-1,19,1,5,-1,0,0,0,0,0,0,1,1,-1,9,1,24,5,1349,1,14,MAZDA 2,5,E01011089,0,3
2024501517536,2024,501517536,1,9,0,-1,19,5,1,-1,0,1,0,0,0,0,1,1,-1,9,2,46,8,1349,1,10,MAZDA 2,8,E01019910,0,1
2024371410716,2024,371410716,3,9,0,-1,2,0,0,-1,0,1,0,0,0,0,0,1,-1,6,-1,-1,-1,1349,1,14,MAZDA 2,-1,-1,0,-1
2024122401173,2024,122401173,1,9,0,9,9,5,3,0,0,6,0,0,0,0,1,1,6,6,1,89,11,1496,1,0,MAZDA 2,9,E01027751,0,3
2024070295352,2024,070295352,2,9,0,7,7,4,8,0,0,1,0,0,0,0,2,1,6,6,2,44,7,1498,1,6,MAZDA 2,1,E01012445,0,3
2024461433960,2024,461433960,1,9,0,-1,19,4,8,-1,0,8,0,0,0,0,1,1,-1,9,1,21,5,1349,1,13,MAZDA 2,3,E01024239,0,3
2024311520008,2024,311520008,2,9,0,-1,3,6,2,-1,0,2,1,0,0,0,1,1,-1,6,2,24,5,1349,1,16,MAZDA 2,3,E01035508,0,1
2024631408681,2024,631408681,1,9,0,-1,19,7,2,-1,0,0,1,0,1,3,1,1,-1,9,1,24,5,1349,1,14,MAZDA 2,8,E01013792,0,5
2024201479731,2024,201479731,1,9,0,-1,19,8,4,-1,0,1,0,0,0,0,1,1,-1,6,1,56,9,1349,1,14,MAZDA 2,1,E01009349,0,1
2024522403159,2024,522403159,1,9,0,9,9,2,8,0,0,8,0,0,0,0,4,1,6,6,1,61,9,1349,1,15,MAZDA 2,7,E01014838,0,1
2024991510351,2024,991510351,1,9,0,-1,5,7,4,-1,0,1,0,0,0,0,1,1,-1,9,2,74,10,1496,1,9,MAZDA 2,6,-1,0,2
2024411527631,2024,411527631,2,9,0,-1,-1,-1,-1,-1,-1,-1,-1,-1,-1,0,3,9,-1,9,1,34,6,1349,1,14,MAZDA 2,6,E01023394,0,1
2024131423115,2024,131423115,2,9,0,-1,19,5,1,-1,0,8,0,0,0,0,1,1,-1,6,2,61,9,1349,1,15,MAZDA 2,2,E01011295,0,1
2024991495939,2024,991495939,2,9,0,-1,19,8,4,-1,0,0,0,0,1,0,1,1,-1,9,1,59,9,1496,1,5,MAZDA 2,4,-1,0,4
2024340NN3912,2024,340NN3912,2,9,0,-1,19,2,5,-1,0,3,0,0,0,0,4,1,-1,2,2,38,7,1349,1,14,MAZDA 2,2,E01026954,0,1
2024351511240,2024,351511240,2,9,0,-1,19,7,3,-1,0,0,0,0,0,0,1,1,-1,6,2,85,11,1349,1,10,MAZDA 2,8,E01026363,0,2
2024440182342,2024,440182342,2,9,0,5,5,7,3,0,0,6,0,0,0,0,1,1,6,6,1,19,4,1349,1,14,MAZDA 2,10,E01022707,0,2
2024371480461,2024,371480461,2,9,0,-1,4,3,7,-1,0,0,0,0,0,0,2,1,-1,9,2,72,10,1349,1,10,MAZDA 2,8,E01026931,0,3
2024031442404,2024,031442404,1,9,0,-1,19,1,5,-1,0,0,0,0,1,0,1,1,-1,6,1,31,6,1349,1,10,MAZDA 2,-1,-1,0,-1
2024201493026,2024,201493026,2,9,0,-1,19,6,2,-1,0,8,0,0,0,0,1,1,-1,6,2,27,6,1496,1,9,MAZDA 2,8,E01032452,0,4
2024501459509,2024,501459509,1,9,0,-1,19,-1,-1,-1,0,1,0,0,0,0,4,1,-1,9,2,64,9,1496,1,9,MAZDA 2,1,E01015088,0,1
2024010529422,2024,010529422,1,9,0,99,99,9,9,99,99,9,9,99,9,99,9,9,6,6,2,65,9,1349,1,13,MAZDA 2,10,E01015400,0,5
2024070422201,2024,070422201,2,9,0,18,19,2,6,0,0,1,0,0,7,11,4,1,6,6,1,46,8,1498,1,10,MAZDA 2,-1,-1,0,-1
2024991448382,2024,991448382,2,9,0,-1,19,5,2,-1,0,8,0,0,0,0,1,1,-1,6,1,54,8,1496,1,9,MAZDA 2,9,-1,0,4
2024552400083,2024,552400083,1,9,0,18,19,3,7,9,9,6,0,0,0,0,1,1,6,6,1,63,9,1498,1,5,MAZDA 2,2,E01015304,0,1
2024440513295,2024,440513295,1,9,0,18,19,1,5,0,0,0,0,0,0,0,1,1,2,2,1,24,5,1349,1,9,MAZDA 2,10,E01015400,0,4
2024201425264,2024,201425264,2,9,0,-1,19,6,8,-1,0,1,0,0,0,0,2,1,-1,9,1,45,7,1496,1,8,MAZDA 2,4,E01029003,0,4
2024302400427,2024,302400427,1,9,0,17,19,5,2,0,0,0,2,0,8,4,1,1,6,6,2,33,6,1349,1,14,MAZDA 2,7,E01019832,0,3
2024552400852,2024,552400852,1,9,0,14,14,6,2,0,0,8,5,0,7,10,1,1,6,6,2,42,7,1349,1,12,MAZDA 2,4,E01017275,0,4
2024451396346,2024,451396346,1,9,0,-1,19,7,3,-1,0,0,0,0,0,0,1,1,-1,9,1,42,7,1496,1,8,MAZDA 2,5,E01033839,0,4
2024361548119,2024,361548119,1,9,0,-1,19,1,7,-1,0,8,0,0,0,0,3,1,-1,6,2,76,11,1349,1,14,MAZDA 2,3,E01026665,0,3
2024320461277,2024,320461277,1,9,0,5,5,4,8,0,0,2,0,0,0,0,3,1,6,6,2,60,9,1349,1,12,MAZDA 2,2,E01026084,0,1
2024421440561,2024,421440561,2,9,0,-1,3,5,1,-1,0,1,0,0,0,0,2,1,-1,9,1,20,4,1349,1,11,MAZDA 2,5,E01021814,0,1