collision_index,collision_year,collision_ref_no,vehicle_reference,vehicle_type,towing_and_articulation,vehicle_manoeuvre_historic,vehicle_manoeuvre,vehicle_direction_from,vehicle_direction_to,vehicle_location_restricted_lane_historic,vehicle_location_restricted_lane,junction_location,skidding_and_overturning,hit_object_in_carriageway,vehicle_leaving_carriageway,hit_object_off_carriageway,first_point_of_impact,vehicle_left_hand_drive,journey_purpose_of_driver_historic,journey_purpose_of_driver,sex_of_driver,age_of_driver,age_band_of_driver,engine_capacity_cc,propulsion_code,age_of_vehicle,generic_make_model,driver_imd_decile,lsoa_of_driver,escooter_flag,driver_distance_banding
2024421415597,2024,421415597,1,9,0,-1,9,1,5,-1,0,6,0,0,0,0,1,1,-1,6,2,57,9,1349,1,14,MAZDA 2,4,E01021720,0,2
2024161412823,2024,161412823,2,9,0,-1,5,5,1,-1,0,2,0,0,0,0,3,9,-1,6,1,26,6,1498,1,16,MAZDA 2,4,E01013158,0,1
2024411556969,2024,411556969,1,9,0,-1,3,5,1,-1,0,1,0,0,0,0,3,1,-1,6,2,34,6,1398,2,16,MAZDA 2,5,E01023533,0,1
2024440021004,2024,440021004,1,9,0,9,9,2,8,0,0,8,0,0,0,0,1,1,6,6,2,59,9,1496,1,2,MAZDA 2,9,E01022719,0,1
2024552401144,2024,552401144,1,9,0,9,9,7,4,0,0,6,0,0,0,0,2,1,6,6,2,75,10,1496,1,8,MAZDA 2,6,E01034731,0,5
2024545925524,2024,545925524,1,9,0,4,4,4,8,0,0,1,0,0,0,0,1,1,2,2,2,30,6,1496,1,8,MAZDA 2,8,E01032705,0,1
2024531406025,2024,531406025,1,9,0,-1,19,6,2,-1,0,0,1,0,7,4,1,1,-1,6,1,23,5,1349,1,15,MAZDA 2,8,E01022411,0,1
2024531494306,2024,531494306,1,9,0,-1,9,5,2,-1,0,6,0,0,0,0,1,1,-1,9,2,50,8,1600,1,19,MAZDA 2,9,E01022352,0,1
2024041450077,2024,041450077,2,9,0,-1,19,5,1,-1,0,0,0,0,0,0,2,1,-1,6,1,34,6,1560,2,15,MAZDA 2,1,E01025036,0,2
2024501478623,2024,501478623,1,9,0,-1,19,8,4,-1,0,2,1,0,1,3,1,1,-1,9,1,71,10,1349,1,9,MAZDA 2,7,E01020080,0,1
2024101416138,2024,101416138,2,9,0,-1,10,6,1,-1,0,8,0,0,0,0,1,1,-1,6,2,22,5,1498,1,6,MAZDA 2,7,E01008552,0,1
2024411501656,2024,411501656,1,9,-1,-1,9,3,7,-1,0,6,0,0,0,0,1,9,-1,9,2,41,7,1496,1,1,MAZDA 2,6,E01023671,0,1
2024522500022,2024,522500022,1,9,0,1,1,9,9,0,0,0,0,4,0,0,2,1,6,6,1,-1,-1,1498,1,13,MAZDA 2,-1,-1,0,-1
2024440410785,2024,440410785,1,9,0,9,9,7,5,0,0,8,0,0,0,0,1,1,6,6,1,61,9,1349,1,15,MAZDA 2,9,E01022495,0,1
2024041482444,2024,041482444,2,9,0,-1,19,5,1,-1,0,8,5,0,0,0,3,1,-1,9,2,64,9,1496,1,0,MAZDA 2,4,E01012604,0,1
2024161411344,2024,161411344,1,9,0,-1,19,1,5,-1,0,1,0,0,0,0,1,1,-1,9,1,30,6,1349,1,16,MAZDA 2,4,E01012762,0,1
2024131512872,2024,131512872,1,9,0,-1,12,5,1,-1,0,0,5,0,0,0,1,1,-1,6,1,21,5,1349,1,12,MAZDA 2,1,E01010960,0,1
2024231412074,2024,231412074,2,9,0,-1,3,4,8,-1,0,0,0,0,0,0,3,9,-1,2,2,26,6,1349,1,10,MAZDA 2,7,E01025682,0,4
2024421521266,2024,421521266,1,9,0,-1,19,4,8,-1,0,0,0,0,0,0,1,1,-1,2,2,29,6,1349,1,17,MAZDA 2,5,E01021380,0,1
2024201553679,2024,201553679,1,9,0,-1,19,8,4,-1,0,0,5,4,0,0,4,9,-1,6,2,23,5,1490,8,0,MAZDA 2,1,E01033648,0,1
2024471416516,2024,471416516,3,9,0,-1,2,5,1,-1,0,0,1,0,0,0,2,1,-1,6,-1,-1,-1,1498,1,12,MAZDA 2,-1,-1,0,-1
2024010549123,2024,010549123,2,9,0,7,7,1,4,0,0,7,0,0,0,0,3,1,6,6,2,42,7,1496,1,5,MAZDA 2,4,E01002587,0,1
2024131519995,2024,131519995,1,9,0,-1,13,2,7,-1,0,1,1,0,1,11,1,1,-1,9,1,20,4,1349,1,13,MAZDA 2,3,E01011153,0,1
2024351471508,2024,351471508,1,9,-1,-1,7,-1,-1,-1,0,5,-1,-1,-1,0,4,9,-1,6,2,-1,-1,1349,1,11,MAZDA 2,10,E01018234,0,2
2024471394751,2024,471394751,1,9,0,-1,19,2,6,-1,0,0,0,0,5,4,1,1,-1,9,1,80,11,1496,1,7,MAZDA 2,7,E01031566,0,1
2024622400164,2024,622400164,1,9,0,17,19,2,6,0,0,0,1,0,7,9,4,1,6,6,1,17,4,1349,1,11,MAZDA 2,3,W01001898,0,3
2024451438312,2024,451438312,1,9,0,-1,7,7,1,-1,0,6,0,0,0,0,1,1,-1,9,2,73,10,1496,1,7,MAZDA 2,4,E01030827,0,1
2024161399503,2024,161399503,1,9,0,-1,19,5,1,-1,0,0,0,7,0,0,1,1,-1,6,1,46,8,1496,1,9,MAZDA 2,7,E01012794,0,1
2024451429400,2024,451429400,1,9,0,-1,19,6,2,-1,0,0,0,0,8,4,1,1,-1,9,1,20,4,1349,1,15,MAZDA 2,9,E01030441,0,1
2024010524609,2024,010524609,1,9,0,18,19,3,7,0,0,2,0,0,0,0,3,1,2,2,1,53,8,1496,1,8,MAZDA 2,2,E01000223,0,1
2024201476764,2024,201476764,2,9,9,-1,19,6,2,-1,0,0,0,0,0,0,9,9,-1,6,1,21,5,1349,1,10,MAZDA 2,4,E01014253,0,4
2024311426950,2024,311426950,1,9,0,-1,19,3,7,-1,0,8,0,0,0,0,1,1,-1,6,1,40,7,1349,1,15,MAZDA 2,9,E01028138,0,1
2024010546945,2024,010546945,2,9,0,10,10,7,5,0,0,8,0,0,0,0,3,1,6,6,1,81,11,1349,1,10,MAZDA 2,3,E01003258,0,1
2024451528144,2024,451528144,1,3,0,-1,19,1,6,-1,0,1,2,0,0,0,0,1,-1,6,1,19,4,124,1,3,-1,5,E01030724,0,1
2024440319190,2024,440319190,2,3,0,18,19,7,3,0,0,1,0,0,0,0,1,1,6,6,1,18,4,124,1,6,-1,2,E01022819,0,1
2024991499116,2024,991499116,1,2,0,-1,9,2,8,-1,0,8,0,0,0,0,1,1,-1,9,1,41,7,-1,3,3,-1,9,-1,0,1
2024010512272,2024,010512272,1,3,0,13,13,1,5,0,0,1,0,10,0,0,1,1,6,6,1,40,7,125,1,2,PEUGEOT TWEET,5,E01002236,0,1
2024010493704,2024,010493704,1,3,0,13,13,5,1,0,0,1,0,0,0,0,1,1,6,6,1,54,8,125,1,2,PEUGEOT TWEET,7,E01002060,0,1
2024440195247,2024,440195247,1,3,0,17,19,6,3,0,0,0,0,0,0,0,1,1,6,6,1,18,4,125,1,3,PEUGEOT TWEET,-1,-1,0,-1
2024201466706,2024,201466706,2,4,0,-1,19,6,2,-1,0,8,0,0,0,0,1,1,-1,6,1,19,4,125,1,9,PEUGEOT TWEET,8,E01029675,0,2
2024010544442,2024,010544442,1,2,0,99,99,9,9,99,99,9,9,99,9,99,0,1,6,6,1,17,4,49,1,12,PEUGEOT TWEET,3,E01003373,0,1
2024451416550,2024,451416550,1,3,0,-1,19,3,7,-1,0,8,0,0,0,0,3,1,-1,9,1,17,4,125,1,10,PEUGEOT TWEET,5,E01034297,0,1
2024010499289,2024,010499289,2,3,0,18,19,8,4,0,0,1,0,10,0,0,1,1,6,6,2,25,5,125,1,6,PEUGEOT TWEET,4,E01000132,0,1
2024440406375,2024,440406375,1,2,0,9,9,1,7,0,0,8,0,0,0,0,4,1,6,6,1,17,4,49,1,3,PEUGEOT TWEET,9,E01023004,0,2
2024451411057,2024,451411057,2,3,0,-1,19,1,5,-1,0,8,0,0,0,0,3,1,-1,1,1,40,7,125,1,12,PEUGEOT TWEET,9,E01030646,0,1
2024401441131,2024,401441131,1,3,0,-1,19,2,6,-1,0,4,0,9,0,0,1,1,-1,6,1,41,7,125,1,8,PEUGEOT TWEET,9,E01017422,0,2
2024471493645,2024,471493645,2,3,0,-1,13,1,5,-1,0,8,1,0,0,0,3,1,-1,9,1,20,4,125,1,5,PEUGEOT TWEET,1,E01016915,0,1
2024471430132,2024,471430132,1,4,0,-1,19,7,3,-1,0,0,0,4,0,0,1,1,-1,6,1,22,5,125,1,8,PEUGEOT TWEET,1,E01020983,0,1
2024010534716,2024,010534716,2,3,0,-1,-1,7,3,0,0,8,0,0,0,0,2,1,1,1,1,30,6,125,1,7,PEUGEOT TWEET,-1,-1,0,-1
2024421481786,2024,421481786,1,3,0,-1,19,6,2,-1,0,1,0,0,0,0,3,1,-1,6,1,29,6,125,1,2,PEUGEOT TWEET,8,E01021582,0,1
2024421421518,2024,421421518,1,3,0,-1,19,3,7,-1,0,0,0,0,0,0,1,1,-1,9,1,24,5,125,1,12,PEUGEOT TWEET,5,E01021841,0,3
2024552400290,2024,552400290,1,3,0,18,19,6,2,0,0,0,0,0,0,0,1,1,6,6,1,15,3,125,1,8,PEUGEOT TWEET,2,E01015293,0,1
2024311477084,2024,311477084,1,3,0,-1,19,1,5,-1,0,0,0,0,0,0,1,1,-1,2,1,18,4,125,1,8,PEUGEOT TWEET,3,E01013863,0,2
2024430213808,2024,430213808,1,3,0,16,19,4,8,0,0,0,0,10,7,1,1,1,6,6,1,18,4,125,1,10,PEUGEOT TWEET,8,E01028720,0,2
2024302400619,2024,302400619,2,3,0,18,19,5,1,0,0,0,0,0,0,0,1,1,2,2,2,46,8,125,1,0,PEUGEOT TWEET,4,E01013470,0,3
2024010546947,2024,010546947,1,3,0,99,99,9,9,99,99,9,9,99,9,99,1,1,6,6,1,32,6,125,1,1,PEUGEOT TWEET,2,E01002091,0,2
2024010551707,2024,010551707,1,3,0,-1,-1,1,5,0,0,6,0,0,0,0,3,1,1,1,1,39,7,125,1,9,PEUGEOT TWEET,6,E01001040,0,1
2024221437688,2024,221437688,2,4,0,-1,19,2,8,-1,0,0,1,0,1,9,1,1,-1,6,1,19,4,125,1,2,PEUGEOT TWEET,5,E01032472,0,1
2024991407932,2024,991407932,1,2,0,-1,15,3,7,-1,0,8,2,0,0,0,1,1,-1,9,1,16,4,49,1,2,PEUGEOT TWEET,3,-1,0,1
2024552401219,2024,552401219,2,3,0,13,13,6,2,0,0,8,0,0,0,0,1,1,6,6,1,22,5,125,1,8,PEUGEOT TWEET,4,E01015443,0,1
2024531405081,2024,531405081,2,3,0,-1,19,1,5,-1,0,8,0,0,0,0,1,1,-1,2,2,25,5,125,1,5,PEUGEOT TWEET,6,E01034796,0,1
2024201506605,2024,201506605,2,3,0,-1,19,4,8,-1,0,8,0,0,0,0,1,1,-1,9,1,66,10,125,1,0,PEUGEOT TWEET,1,E01009500,0,1
2024061485261,2024,061485261,1,3,0,-1,9,3,7,-1,9,0,1,0,1,0,4,1,-1,9,1,17,4,125,1,8,PEUGEOT TWEET,-1,-1,0,-1
2024440414509,2024,440414509,1,2,0,9,9,1,7,0,0,8,0,0,0,0,4,1,6,6,1,16,4,49,1,7,PEUGEOT TWEET,5,E01023206,0,2
2024010522348,2024,010522348,1,3,0,17,19,3,7,0,0,0,0,0,1,11,0,1,6,6,1,35,6,125,1,7,PEUGEOT TWEET,4,E01002808,0,1
2024010526959,2024,010526959,1,3,0,99,99,9,9,99,99,9,9,99,9,99,2,1,6,6,1,31,6,125,1,2,PEUGEOT TWEET,5,E01034599,0,2
2024451406221,2024,451406221,1,3,0,-1,19,3,7,-1,0,0,0,0,0,0,0,1,-1,1,1,40,7,125,1,12,PEUGEOT TWEET,9,E01030646,0,1
2024010550922,2024,010550922,1,3,0,18,19,5,1,0,0,2,0,0,0,0,3,1,1,1,1,28,6,125,1,2,PEUGEOT TWEET,-1,-1,0,-1
2024010549531,2024,010549531,1,3,0,99,99,9,9,99,99,9,9,99,9,99,1,1,1,1,1,30,6,125,1,1,PEUGEOT TWEET,3,E01000725,0,1
2024451505507,2024,451505507,2,3,0,-1,14,5,1,-1,0,0,0,0,0,0,1,1,-1,6,3,-1,-1,125,1,7,PEUGEOT TWEET,9,E01030666,0,1
2024010548630,2024,010548630,1,3,0,8,8,7,1,0,0,1,0,0,0,0,0,1,1,1,1,30,6,125,1,2,PEUGEOT TWEET,3,E01034144,0,1
2024010498576,2024,010498576,1,3,0,99,99,9,9,99,99,9,9,99,9,99,9,1,1,1,1,46,8,125,1,2,PEUGEOT TWEET,2,E01002051,0,2
2024461458120,2024,461458120,1,3,0,-1,19,2,6,-1,0,0,0,11,0,0,1,1,-1,6,1,54,8,125,1,2,PEUGEOT TWEET,4,E01024494,0,2
2024161471329,2024,161471329,2,3,0,-1,4,3,7,-1,0,0,0,0,0,0,2,1,-1,6,1,58,9,125,1,11,QINGQI QM 125,4,E01013211,0,1
2024061518342,2024,061518342,2,3,0,-1,9,5,1,-1,0,0,0,0,0,0,4,1,-1,6,1,32,6,124,1,7,QINGQI QM 125,4,E01006228,0,1
2024361480669,2024,361480669,1,3,0,-1,19,3,7,-1,0,0,0,0,0,0,1,1,-1,9,1,44,7,-1,-1,-1,QINGQI QM 125,8,E01026930,0,3
2024461512243,2024,461512243,1,3,0,-1,19,4,8,-1,0,0,0,0,0,0,4,1,-1,6,1,19,4,124,1,10,QINGQI QM 125,6,E01024052,0,1
2024041493669,2024,041493669,1,3,0,-1,19,7,3,-1,0,1,0,0,0,0,1,1,-1,2,1,17,4,124,1,10,QINGQI QM 125,8,E01024973,0,1
2024052500397,2024,052500397,2,4,0,18,19,5,1,0,0,0,0,0,0,0,2,1,6,6,1,33,6,124,1,9,QINGQI QM 125,1,E01006698,0,2
2024361461174,2024,361461174,1,3,0,-1,5,6,2,-1,0,8,0,0,0,0,4,1,-1,9,1,18,4,-1,-1,-1,QINGQI QM 125,3,E01026736,0,3
2024351508759,2024,351508759,1,3,0,-1,19,6,2,-1,0,0,2,0,1,10,4,1,-1,1,1,35,6,124,1,13,QINGQI QM 125,4,E01018184,0,1
2024340NN0082,2024,340NN0082,2,3,0,-1,19,3,7,-1,0,8,0,0,0,0,1,1,-1,9,1,27,6,124,1,11,QINGQI QM 125,1,E01027131,0,1
2024361434470,2024,361434470,2,3,0,-1,19,3,7,-1,0,8,2,0,0,0,3,1,-1,6,1,19,4,124,1,11,QINGQI QM 125,7,E01026584,0,1
2024320584733,2024,320584733,2,3,0,13,13,4,8,0,0,0,0,0,0,0,3,1,6,6,1,29,6,124,1,9,QINGQI QM 125,7,E01026153,0,1
2024421444660,2024,421444660,1,3,0,-1,5,5,1,-1,0,1,1,0,0,0,3,1,-1,9,1,18,4,124,1,9,QINGQI QM 125,3,E01021565,0,1
2024361490915,2024,361490915,1,3,0,-1,15,3,7,-1,0,8,2,0,0,0,1,1,-1,2,1,18,4,124,1,9,QINGQI QM 125,5,E01026788,0,3
202460Q038509,2024,60Q038509,1,3,0,17,19,6,3,0,0,0,1,0,7,0,3,1,6,6,2,19,4,124,1,9,QINGQI QM 125,-1,-1,0,-1
2024471468994,2024,471468994,1,3,0,-1,19,3,5,-1,0,0,0,0,0,0,1,1,-1,6,1,39,7,124,1,8,QINGQI QM 125,4,E01020918,0,1
2024361469620,2024,361469620,1,3,0,-1,19,3,7,-1,0,2,2,0,0,0,1,1,-1,2,1,37,7,124,1,7,QINGQI QM 125,1,E01026868,0,1
2024070420476,2024,070420476,2,3,0,18,19,2,6,0,0,1,0,0,0,0,1,1,6,6,1,26,6,124,1,12,QINGQI QM 125,4,E01018709,0,2
2024031450497,2024,031450497,2,3,0,-1,19,7,3,-1,0,0,0,0,0,0,2,1,-1,2,1,32,6,125,1,8,QINGQI QM 125,4,E01019318,0,3
2024451467699,2024,451467699,2,3,0,-1,19,1,5,-1,0,8,0,0,0,0,1,1,-1,6,1,19,4,124,1,7,QINGQI QM 125,2,E01034293,0,1
2024221431108,2024,221431108,1,3,0,-1,14,7,3,-1,0,8,0,0,0,0,1,1,-1,6,1,15,3,124,1,10,QINGQI QM 125,8,E01032410,0,2
2024122401167,2024,122401167,2,3,0,7,7,1,4,0,0,2,0,0,0,0,1,1,6,6,2,63,9,124,1,13,QINGQI QM 125,4,E01034981,0,1
2024061467733,2024,061467733,1,9,0,-1,2,8,4,-1,0,1,0,0,0,0,3,1,-1,6,2,-1,-1,-1,3,1,SKODA ENYAQ,-1,-1,0,-1
2024351442765,2024,351442765,2,9,0,-1,7,8,4,-1,0,1,0,0,0,0,1,1,-1,6,2,37,7,-1,3,1,SKODA ENYAQ,6,E01018297,0,1
2024201458667,2024,201458667,2,9,0,-1,9,8,4,-1,0,6,0,0,0,0,1,9,-1,6,1,67,10,-1,3,1,SKODA ENYAQ,1,E01009311,0,2
2024430428159,2024,430428159,2,9,0,18,19,7,3,0,0,8,0,0,0,0,1,1,1,1,1,50,8,-1,3,1,SKODA ENYAQ,1,E01016844,0,1
2024010536319,2024,010536319,1,9,0,4,4,5,1,0,0,0,0,0,0,0,2,1,1,1,1,53,8,-1,3,2,SKODA ENYAQ,6,E01021750,0,4
2024010531272,2024,010531272,1,8,0,99,99,9,9,99,99,9,9,99,9,99,9,9,6,6,3,57,9,-1,3,2,SKODA ENYAQ,10,E01033613,0,4
2024351462519,2024,351462519,2,9,0,-1,9,4,2,-1,0,1,0,0,0,0,3,1,-1,9,1,39,7,-1,3,1,SKODA ENYAQ,6,E01018017,0,4
2024221438233,2024,221438233,2,9,0,-1,2,0,0,-1,0,0,0,0,0,0,1,1,-1,9,2,51,8,-1,3,0,SKODA ENYAQ,9,E01032189,0,1
2024351467966,2024,351467966,1,9,0,-1,5,4,8,-1,0,4,0,0,0,0,4,1,-1,9,1,50,8,-1,3,0,SKODA ENYAQ,6,E01018045,0,4
2024440005168,2024,440005168,2,9,0,18,19,5,1,0,0,1,0,0,0,0,1,1,6,6,2,40,7,-1,3,2,SKODA ENYAQ,10,E01022714,0,2
2024201484183,2024,201484183,2,9,0,-1,5,5,3,-1,0,8,0,0,0,0,1,1,-1,6,1,60,9,-1,3,0,SKODA ENYAQ,3,E01009938,0,2
2024010551365,2024,010551365,1,9,0,99,99,9,9,99,99,9,9,99,9,99,9,9,6,6,3,-1,-1,-1,3,1,SKODA ENYAQ,-1,-1,0,-1
2024545254624,2024,545254624,1,9,0,18,19,1,5,0,0,1,0,0,0,0,1,1,1,1,2,34,6,-1,3,1,SKODA ENYAQ,5,E01015587,0,3
2024471394535,2024,471394535,1,9,0,-1,19,2,6,-1,0,0,0,0,6,0,1,1,-1,9,1,31,6,-1,3,0,SKODA ENYAQ,6,E01031408,0,3
2024122400335,2024,122400335,1,9,0,4,4,4,8,0,0,1,0,0,0,0,2,1,2,2,1,40,7,-1,3,1,SKODA ENYAQ,6,E01007521,0,4
2024451533043,2024,451533043,2,9,0,-1,19,7,3,-1,0,0,0,0,0,0,2,1,-1,9,1,43,7,-1,3,0,SKODA ENYAQ,6,E01022634,0,4
2024501519108,2024,501519108,1,9,0,-1,19,3,7,-1,0,0,1,0,5,6,3,1,-1,2,1,45,7,-1,3,1,SKODA ENYAQ,9,E01022618,0,5
2024421523963,2024,421523963,2,9,0,-1,4,7,5,-1,0,0,0,0,0,0,2,1,-1,6,2,48,8,1999,3,0,SKODA ENYAQ,8,E01029917,0,4
2024411540836,2024,411540836,1,9,0,-1,3,5,1,-1,0,0,0,0,0,0,2,1,-1,6,2,45,7,-1,3,2,SKODA ENYAQ,9,E01018038,0,4
2024052401609,2024,052401609,1,9,0,9,9,3,1,0,0,6,0,0,0,0,1,1,2,2,1,47,8,-1,3,1,SKODA ENYAQ,1,E01025528,0,2
2024010504375,2024,010504375,1,9,0,99,99,9,9,99,99,0,9,99,9,99,2,9,6,6,2,46,8,-1,3,3,SKODA ENYAQ,9,E01002152,0,1
2024552401220,2024,552401220,1,9,0,9,9,6,4,4,4,5,0,0,0,0,3,1,6,6,2,42,7,-1,3,1,SKODA ENYAQ,9,E01015451,0,1
2024991431269,2024,991431269,1,9,0,-1,19,3,7,-1,0,0,0,0,0,0,1,1,-1,2,2,41,7,-1,3,0,SKODA ENYAQ,4,-1,0,4
2024101490656,2024,101490656,2,9,0,-1,19,5,1,-1,0,1,0,0,0,0,3,1,-1,9,1,40,7,-1,3,0,SKODA ENYAQ,5,E01027365,0,3
2024201454344,2024,201454344,2,9,0,-1,4,6,2,-1,0,0,0,0,0,0,2,9,-1,9,1,25,5,-1,3,0,SKODA ENYAQ,3,E01010382,0,1
2024010513101,2024,010513101,1,9,0,99,99,9,9,99,99,9,9,99,9,99,9,9,6,6,3,-1,-1,-1,3,1,SKODA ENYAQ,-1,-1,0,-1
2024421443361,2024,421443361,2,9,0,-1,19,2,4,-1,0,0,0,0,0,0,3,1,-1,9,1,29,6,-1,3,1,SKODA ENYAQ,3,E01015882,0,1
2024041436152,2024,041436152,1,9,0,-1,19,5,1,-1,0,0,0,0,0,0,3,1,-1,6,2,69,10,-1,3,2,SKODA ENYAQ,9,E01025533,0,2
2024010525587,2024,010525587,1,9,0,5,5,0,5,0,0,1,0,0,0,0,1,1,1,1,1,42,7,-1,3,2,SKODA ENYAQ,5,E01003161,0,1
2024070441251,2024,070441251,2,9,0,3,3,1,5,0,0,8,0,0,0,0,1,1,2,2,1,52,8,-1,3,1,SKODA ENYAQ,-1,-1,0,-1
2024010518723,2024,010518723,1,9,0,18,19,8,4,0,0,1,0,0,0,0,1,1,6,6,1,52,8,-1,3,2,SKODA ENYAQ,8,E01001601,0,3
2024542682424,2024,542682424,1,9,0,18,19,7,3,0,0,8,0,0,0,0,1,1,1,1,1,28,6,-1,3,0,SKODA ENYAQ,4,E01014521,0,4
2024010553555,2024,010553555,2,8,0,99,99,9,9,99,99,5,9,99,9,99,9,9,6,6,1,46,8,-1,3,0,SKODA ENYAQ,4,E01001953,0,2
2024461519742,2024,461519742,1,9,0,-1,10,7,3,-1,0,1,0,0,0,0,3,1,-1,7,1,45,7,-1,3,1,SKODA ENYAQ,5,E01024452,0,1
2024421445023,2024,421445023,2,9,0,-1,9,7,3,-1,0,2,0,0,0,0,1,1,-1,1,1,38,7,-1,3,0,SKODA ENYAQ,6,E01021930,0,1
2024010542453,2024,010542453,1,9,0,18,19,5,1,0,0,0,0,0,0,0,1,1,1,1,1,46,8,-1,3,0,SKODA ENYAQ,2,E01002072,0,1
2024421461128,2024,421461128,2,9,0,-1,2,1,5,-1,0,1,0,0,1,0,1,1,-1,6,-1,-1,-1,-1,3,0,SKODA ENYAQ,-1,-1,0,-1
2024010501978,2024,010501978,2,9,0,99,99,9,9,99,99,9,9,99,9,99,9,9,6,6,1,66,10,-1,3,2,SKODA ENYAQ,2,E01001912,0,1
2024991394510,2024,991394510,1,9,0,-1,9,1,7,-1,0,6,0,0,0,0,1,1,-1,9,1,28,6,-1,3,1,SKODA ENYAQ,2,-1,0,1
2024471508137,2024,471508137,1,9,0,-1,9,8,5,-1,0,0,0,0,0,0,3,1,-1,9,2,62,9,-1,3,1,SKODA ENYAQ,5,E01034303,0,2
2024010514687,2024,010514687,1,9,9,99,99,9,9,99,99,9,9,99,9,99,9,9,6,6,1,56,9,-1,3,3,SKODA ENYAQ,2,E01035710,0,1
2024010525543,2024,010525543,2,9,0,18,19,1,5,0,0,1,0,0,0,0,4,1,6,6,2,40,7,-1,3,2,SKODA ENYAQ,7,E01001866,0,1
2024010507592,2024,010507592,2,9,0,18,19,9,9,99,99,0,9,99,9,99,9,9,6,6,1,-1,-1,-1,3,2,SKODA ENYAQ,-1,-1,0,-1
2024010506095,2024,010506095,1,9,0,99,99,9,9,99,99,9,9,99,9,99,9,9,6,6,3,-1,-1,-1,3,2,SKODA ENYAQ,3,E01004062,0,3
2024010544929,2024,010544929,2,9,9,99,99,9,9,99,99,9,9,99,9,99,9,9,6,6,3,-1,-1,-1,3,2,SKODA ENYAQ,-1,-1,0,-1
2024421513355,2024,421513355,1,9,0,-1,19,6,3,-1,0,1,0,0,0,0,1,1,-1,9,1,58,9,-1,3,0,SKODA ENYAQ,9,E01035172,0,1
2024010534144,2024,010534144,1,9,0,7,7,7,2,0,0,5,0,0,0,0,4,1,1,1,1,28,6,-1,3,0,SKODA ENYAQ,4,E01002814,0,1
2024010527819,2024,010527819,2,9,0,4,4,5,1,0,0,1,0,0,0,0,2,1,1,1,1,61,9,-1,3,1,SKODA ENYAQ,2,E01000028,0,4
2024622400240,2024,622400240,2,9,0,18,19,3,7,0,0,0,0,0,0,0,0,1,6,6,1,32,6,-1,3,0,SKODA ENYAQ,2,W01001073,0,2
2024031496788,2024,031496788,1,9,0,-1,9,1,6,-1,0,6,0,0,0,0,3,1,-1,9,1,76,11,2143,3,0,SKODA ENYAQ,5,E01019339,0,2
2024552400068,2024,552400068,1,9,0,18,19,8,4,0,0,0,0,0,0,0,4,1,6,6,2,41,7,-1,3,3,SKODA ENYAQ,8,E01015335,0,1
2024122400932,2024,122400932,1,9,0,5,5,7,3,0,0,1,0,0,0,0,3,1,6,6,2,48,8,-1,3,1,SKODA ENYAQ,7,E01027600,0,1
2024320519438,2024,320519438,2,9,0,-1,-1,4,8,0,0,8,0,0,0,0,1,1,-1,-1,1,64,9,-1,3,0,SKODA ENYAQ,9,E01026396,0,2
2024461393694,2024,461393694,7,9,0,-1,4,4,8,-1,0,0,0,0,0,0,4,1,-1,9,2,34,6,-1,3,1,SKODA ENYAQ,9,E01016147,0,3
2024552500021,2024,552500021,1,9,0,18,19,2,6,0,0,0,0,0,0,0,1,1,6,6,1,72,10,-1,3,3,SKODA ENYAQ,8,E01020520,0,1
2024010520631,2024,010520631,2,9,0,9,9,2,8,0,0,1,0,0,0,0,1,1,1,1,1,74,10,-1,3,2,SKODA ENYAQ,2,E01003057,0,1
2024010545929,2024,010545929,1,9,0,9,9,2,7,0,0,6,0,0,0,0,3,1,1,1,1,40,7,-1,3,1,SKODA ENYAQ,5,E01000586,0,4
2024501454096,2024,501454096,1,9,0,-1,9,1,7,-1,0,6,0,0,0,0,1,1,-1,9,1,76,11,-1,3,2,SKODA ENYAQ,4,E01020303,0,1
2024010527921,2024,010527921,5,9,0,5,5,5,1,0,0,1,0,0,0,0,1,1,1,1,1,53,8,-1,3,1,SKODA ENYAQ,3,E01002043,0,2
2024991500580,2024,991500580,1,8,0,-1,2,5,1,-1,0,0,0,0,0,0,4,2,-1,1,1,53,8,-1,3,2,SKODA ENYAQ,6,-1,0,1
2024351495661,2024,351495661,4,9,0,-1,4,5,1,-1,0,0,0,0,0,0,3,1,-1,6,2,39,7,-1,3,2,SKODA ENYAQ,8,E01021763,0,4
2024070284656,2024,070284656,1,9,0,18,19,8,4,0,0,8,0,0,0,0,1,1,6,6,2,-1,-1,-1,3,1,SKODA ENYAQ,-1,-1,0,-1
2024471513457,2024,471513457,2,9,0,-1,19,7,3,-1,0,0,0,0,0,0,2,1,-1,6,1,58,9,-1,3,1,SKODA ENYAQ,6,E01031807,0,2
2024340NN2932,2024,340NN2932,3,9,0,-1,19,5,1,-1,0,0,0,0,0,0,1,1,-1,9,1,69,10,-1,3,1,SKODA ENYAQ,6,E01027190,0,3
2024010541615,2024,010541615,1,9,0,10,10,3,1,0,0,5,0,4,0,0,1,1,2,2,1,49,8,-1,3,2,SKODA ENYAQ,4,E01001232,0,1
2024302401786,2024,302401786,1,9,0,-1,9,1,7,-1,0,9,0,0,0,0,1,1,-1,9,1,44,7,-1,3,2,SKODA ENYAQ,7,E01019546,0,1
2024221534486,2024,221534486,1,9,0,-1,1,8,6,-1,9,6,0,0,0,0,2,2,-1,9,1,43,7,-1,3,0,SKODA ENYAQ,-1,-1,0,-1
2024520402405,2024,520402405,1,9,0,18,19,3,7,0,0,0,0,0,0,0,1,1,6,6,1,71,10,1968,2,7,SKODA YETI,6,E01029270,0,3