collision_index,collision_year,collision_ref_no,vehicle_reference,vehicle_type,towing_and_articulation,vehicle_manoeuvre_historic,vehicle_manoeuvre,vehicle_direction_from,vehicle_direction_to,vehicle_location_restricted_lane_historic,vehicle_location_restricted_lane,junction_location,skidding_and_overturning,hit_object_in_carriageway,vehicle_leaving_carriageway,hit_object_off_carriageway,first_point_of_impact,vehicle_left_hand_drive,journey_purpose_of_driver_historic,journey_purpose_of_driver,sex_of_driver,age_of_driver,age_band_of_driver,engine_capacity_cc,propulsion_code,age_of_vehicle,generic_make_model,driver_imd_decile,lsoa_of_driver,escooter_flag,driver_distance_banding
2024520402993,2024,520402993,1,9,0,12,12,2,8,0,0,8,0,0,0,0,3,1,6,6,1,81,11,1598,2,10,SKODA YETI,7,E01032079,0,3
2024010526238,2024,010526238,2,9,0,18,19,3,7,0,0,0,0,4,0,0,1,1,6,6,1,93,11,1197,1,7,SKODA YETI,7,E01001891,0,1
202460Q083133,2024,60Q083133,2,9,0,17,19,7,3,0,0,0,0,0,1,0,3,1,6,6,2,42,7,1598,2,9,SKODA YETI,-1,-1,0,-1
2024221436577,2024,221436577,1,9,0,-1,19,3,7,-1,0,0,1,0,1,4,1,9,-1,9,1,23,5,1968,2,12,SKODA YETI,5,E01014017,0,2
2024161465645,2024,161465645,1,9,0,-1,19,8,4,-1,0,1,2,0,7,0,4,1,-1,6,1,74,10,1968,2,9,SKODA YETI,6,E01011883,0,4
2024101502795,2024,101502795,1,9,0,-1,19,7,3,-1,0,1,0,0,0,0,1,1,-1,6,1,82,11,1968,2,15,SKODA YETI,10,E01027464,0,1
2024430043835,2024,430043835,2,9,0,18,19,2,6,0,0,0,0,0,0,0,1,1,2,2,1,-1,-1,1968,2,9,SKODA YETI,-1,-1,0,-1
2024221480717,2024,221480717,1,9,0,-1,7,1,4,-1,9,6,0,0,0,0,3,9,-1,6,1,74,10,1968,2,7,SKODA YETI,5,W01001980,0,4
2024141514319,2024,141514319,3,9,0,-1,2,0,0,-1,0,1,0,0,0,0,2,1,-1,6,-1,-1,-1,1197,1,10,SKODA YETI,-1,-1,0,-1
202460Q032729,2024,60Q032729,2,9,0,18,19,4,8,0,0,1,0,0,0,0,1,1,2,2,2,65,9,1968,2,13,SKODA YETI,-1,-1,0,-1
2024531409528,2024,531409528,1,9,0,-1,19,4,8,-1,0,3,1,0,0,0,3,1,-1,9,1,88,11,1968,2,11,SKODA YETI,6,E01022261,0,3
2024131517022,2024,131517022,2,9,0,-1,7,5,1,-1,0,0,0,0,0,0,1,1,-1,6,2,81,11,1197,1,9,SKODA YETI,2,E01034261,0,1
2024991418965,2024,991418965,1,9,0,-1,5,5,1,-1,0,6,0,0,0,0,1,1,-1,9,2,61,9,1968,2,10,SKODA YETI,6,-1,0,1
2024471488757,2024,471488757,1,9,0,-1,9,2,8,-1,0,6,0,0,0,0,1,1,-1,9,2,84,11,1968,2,8,SKODA YETI,8,E01021029,0,2
2024471405538,2024,471405538,1,9,0,-1,19,5,1,-1,0,8,0,0,0,0,1,1,-1,9,2,65,9,1197,1,8,SKODA YETI,9,E01031593,0,1
2024141521601,2024,141521601,1,9,0,-1,19,3,7,-1,0,1,0,0,0,0,4,1,-1,2,2,55,8,1968,2,9,SKODA YETI,1,E01007416,0,1
2024361502428,2024,361502428,1,9,0,-1,19,8,4,-1,0,1,0,0,7,0,4,9,-1,9,1,43,7,1968,2,12,SKODA YETI,5,E01018069,0,1
2024522403261,2024,522403261,2,9,0,4,4,3,7,0,0,0,0,0,0,0,2,1,6,6,2,64,9,1390,1,12,SKODA YETI,10,E01014717,0,2
2024122400608,2024,122400608,1,9,0,9,9,6,2,0,0,6,0,0,0,0,1,1,6,6,1,68,10,1968,2,8,SKODA YETI,8,E01027839,0,4
2024531425508,2024,531425508,2,9,0,-1,19,7,3,-1,0,0,0,0,0,0,1,1,-1,9,1,69,10,1968,2,8,SKODA YETI,6,E01034813,0,1
2024552401178,2024,552401178,1,9,0,17,19,6,3,0,0,0,0,0,2,11,1,1,6,6,1,86,11,1197,1,14,SKODA YETI,8,E01020520,0,1
2024041417580,2024,041417580,1,9,0,-1,19,3,7,-1,0,0,0,0,0,0,1,1,-1,6,1,75,10,1197,1,8,SKODA YETI,6,E01027573,0,3
2024520402691,2024,520402691,1,9,0,18,19,1,3,0,0,1,0,0,7,0,1,1,6,6,1,66,10,1968,2,14,SKODA YETI,3,E01029338,0,4
2024501517578,2024,501517578,2,9,0,-1,19,8,4,-1,0,1,0,0,0,0,3,1,-1,9,1,54,8,1968,2,15,SKODA YETI,2,E01018836,0,4
2024430609749,2024,430609749,1,9,0,14,14,5,1,0,0,0,0,0,0,0,1,1,6,6,2,84,11,1197,1,10,SKODA YETI,-1,-1,0,-1
2024361536636,2024,361536636,2,9,0,-1,19,8,4,-1,0,0,0,0,0,0,1,1,-1,9,1,68,10,1197,1,8,SKODA YETI,6,E01026452,0,3
2024340NN3102,2024,340NN3102,2,9,0,-1,19,7,3,-1,0,0,0,0,0,0,2,1,-1,2,2,25,5,1197,1,9,SKODA YETI,8,E01019345,0,5
2024010525160,2024,010525160,1,9,0,16,19,1,5,0,0,8,0,0,0,0,3,1,6,6,3,-1,-1,1197,1,14,SKODA YETI,-1,-1,0,-1
2024421482752,2024,421482752,1,9,0,-1,19,7,3,-1,0,1,0,0,0,0,1,1,-1,9,1,80,11,1197,1,7,SKODA YETI,7,E01021511,0,2
2024131473612,2024,131473612,1,9,0,-1,19,5,1,-1,0,0,0,0,0,0,1,1,-1,9,1,90,11,1968,2,11,SKODA YETI,8,E01032922,0,2
2024361463245,2024,361463245,1,9,0,-1,19,2,6,-1,0,6,1,0,7,0,1,1,-1,1,1,46,8,1968,2,7,SKODA YETI,10,E01024337,0,5
2024401450319,2024,401450319,2,9,0,-1,4,1,5,-1,0,0,0,0,0,0,2,1,-1,9,2,73,10,1968,2,10,SKODA YETI,3,E01011903,0,5
2024430589227,2024,430589227,1,9,0,16,19,4,7,0,0,0,0,0,7,9,1,1,6,6,2,66,10,1197,1,15,SKODA YETI,8,E01022207,0,3
2024631394242,2024,631394242,2,9,0,-1,19,2,6,-1,0,8,0,0,0,0,1,1,-1,9,2,46,8,1968,2,9,SKODA YETI,6,W01000551,0,1
2024351489842,2024,351489842,1,9,0,-1,7,3,7,-1,0,0,0,7,0,0,1,1,-1,6,1,76,11,1968,2,10,SKODA YETI,6,E01018210,0,3
2024122401310,2024,122401310,2,9,0,18,19,3,7,0,0,8,0,0,0,0,1,1,6,6,2,38,7,1968,2,11,SKODA YETI,8,E01013434,0,3
2024031433889,2024,031433889,1,9,0,-1,9,3,1,-1,0,8,0,0,0,0,4,1,-1,9,2,82,11,1968,2,9,SKODA YETI,5,E01019338,0,3
2024302400691,2024,302400691,4,9,0,2,2,0,0,9,9,1,0,0,0,0,3,1,6,6,1,26,6,1390,1,13,SKODA YETI,10,E01019684,0,1
2024471424812,2024,471424812,2,9,0,-1,9,1,7,-1,0,1,0,0,0,0,1,1,-1,1,2,59,9,1197,1,9,SKODA YETI,6,E01021054,0,1
2024010532266,2024,010532266,2,9,9,99,99,9,9,99,99,9,9,99,9,99,1,9,6,6,3,-1,-1,1197,1,6,SKODA YETI,-1,-1,0,-1
2024631451222,2024,631451222,2,9,0,-1,19,6,2,-1,0,0,0,0,1,10,3,1,-1,9,2,74,10,1968,2,11,SKODA YETI,8,W01000649,0,2
2024011471020,2024,011471020,1,9,0,-1,-1,2,6,-1,-1,4,0,4,0,0,4,2,-1,-1,1,64,9,1968,2,10,SKODA YETI,7,E01002939,0,1
2024531434003,2024,531434003,1,9,0,-1,5,7,3,-1,0,8,0,0,0,0,1,1,-1,9,2,57,9,1197,1,12,SKODA YETI,10,E01022382,0,2
2024131532533,2024,131532533,1,9,0,-1,1,5,1,-1,0,0,0,0,0,0,2,1,-1,9,2,70,10,1197,1,11,SKODA YETI,7,E01011252,0,1
2024141486544,2024,141486544,1,9,0,-1,9,2,8,-1,0,1,0,0,0,0,1,1,-1,6,2,74,10,1197,1,8,SKODA YETI,8,E01007918,0,1
2024361524983,2024,361524983,1,9,0,-1,9,7,1,-1,0,0,0,0,0,0,1,1,-1,9,1,73,10,1197,1,9,SKODA YETI,6,E01030100,0,4
2024991486106,2024,991486106,2,9,0,-1,9,3,7,-1,0,0,0,0,0,0,3,1,-1,9,1,81,11,1968,2,10,SKODA YETI,6,E01019384,0,5
2024471412955,2024,471412955,1,9,0,-1,19,5,1,-1,0,8,0,0,0,0,0,1,-1,9,2,61,9,1197,1,9,SKODA YETI,10,E01031485,0,1
2024991481602,2024,991481602,2,9,0,-1,19,3,7,-1,0,1,0,0,0,0,1,1,-1,6,1,75,10,1968,2,8,SKODA YETI,9,-1,0,4
2024061486592,2024,061486592,2,9,0,-1,4,3,7,-1,0,0,0,0,0,0,2,1,-1,9,1,58,9,1968,2,9,SKODA YETI,-1,-1,0,-1
2024471500499,2024,471500499,1,9,0,-1,4,5,5,-1,0,0,0,0,0,0,2,1,-1,9,1,74,10,1197,1,10,SKODA YETI,9,E01031532,0,3
2024991509179,2024,991509179,2,9,0,-1,19,7,3,-1,0,0,0,0,1,0,3,1,-1,1,1,64,9,1968,2,9,SKODA YETI,8,-1,0,2
2024311441294,2024,311441294,2,9,0,-1,19,4,8,-1,0,0,0,0,0,0,4,1,-1,6,1,64,9,1968,2,14,SKODA YETI,-1,-1,0,-1
2024161491525,2024,161491525,1,9,0,-1,19,3,7,-1,0,8,0,0,1,0,3,1,-1,9,1,67,10,1598,2,10,SKODA YETI,6,E01012937,0,3
2024311394934,2024,311394934,1,9,0,-1,19,1,4,-1,0,0,0,0,0,0,1,1,-1,9,2,46,8,1968,2,8,SKODA YETI,6,E01028037,0,2
2024311478401,2024,311478401,1,9,0,-1,2,0,0,-1,0,0,0,4,0,0,1,1,-1,9,2,78,11,1197,1,7,SKODA YETI,5,E01016178,0,5
2024991465479,2024,991465479,1,9,0,-1,19,1,5,-1,0,0,0,0,7,0,3,1,-1,6,2,42,7,1968,2,9,SKODA YETI,1,-1,0,1
2024501468441,2024,501468441,3,9,0,-1,3,8,4,-1,0,0,0,0,0,0,2,1,-1,9,2,68,10,1968,2,10,SKODA YETI,5,E01020076,0,3
2024161434383,2024,161434383,1,9,0,-1,9,3,7,-1,0,8,0,0,0,0,3,1,-1,6,2,79,11,1968,2,11,SKODA YETI,6,E01012953,0,3
2024221494423,2024,221494423,2,9,0,-1,19,2,7,-1,0,8,0,0,0,0,3,1,-1,9,2,75,10,1197,1,7,SKODA YETI,4,E01029003,0,3
2024161532712,2024,161532712,1,9,0,-1,20,7,3,-1,0,2,0,0,0,0,1,9,-1,6,2,49,8,1968,2,15,SKODA YETI,7,E01013014,0,1
2024302401222,2024,302401222,1,9,4,18,19,6,2,0,0,0,0,0,0,0,1,1,6,6,1,70,10,1968,2,13,SKODA YETI,3,E01019492,0,1
2024461465509,2024,461465509,1,9,0,-1,19,5,1,-1,0,0,5,4,0,0,3,1,-1,9,1,78,11,1197,1,9,SKODA YETI,5,E01024796,0,1
2024471463642,2024,471463642,2,9,0,-1,9,1,7,-1,0,0,0,0,0,0,1,1,-1,6,1,-1,-1,1197,1,9,SKODA YETI,9,E01021072,0,2
202460Q189506,2024,60Q189506,4,9,0,2,2,0,0,0,0,2,0,0,0,0,4,1,6,6,1,69,10,1197,1,10,SKODA YETI,-1,-1,0,-1
202417S211524,2024,17S211524,2,9,0,-1,13,2,6,-1,0,8,0,0,0,0,1,1,-1,9,1,63,9,1968,2,10,SKODA YETI,1,E01012001,0,2
2024302400271,2024,302400271,1,9,0,18,19,1,5,0,0,0,0,0,0,0,4,1,6,6,2,78,11,1968,2,11,SKODA YETI,6,E01019798,0,1
2024010537554,2024,010537554,2,9,9,18,19,1,5,99,99,9,9,99,9,99,9,9,6,6,1,59,9,1197,1,8,SKODA YETI,6,E01004178,0,1
2024471506266,2024,471506266,1,9,0,-1,19,2,6,-1,0,0,5,4,0,0,1,1,-1,9,2,78,11,1197,1,7,SKODA YETI,10,E01021218,0,1
2024440024116,2024,440024116,1,9,0,5,5,5,1,0,0,4,0,0,0,0,3,1,6,6,1,72,10,1197,1,14,SKODA YETI,5,E01017355,0,3
2024311407909,2024,311407909,1,9,-1,-1,19,7,1,-1,0,6,1,0,1,11,4,1,-1,9,2,40,7,1968,2,15,SKODA YETI,5,E01019525,0,2
2024552500054,2024,552500054,2,9,0,2,2,0,0,0,0,0,0,0,0,0,2,1,6,6,3,-1,-1,1968,2,10,SKODA YETI,-1,-1,0,-1
2024340WN2342,2024,340WN2342,2,9,0,-1,19,1,5,-1,0,1,0,0,0,0,1,1,-1,2,2,56,9,1968,2,14,SKODA YETI,8,E01027000,0,1
2024430032857,2024,430032857,2,9,0,7,7,1,3,0,0,6,0,0,0,0,3,1,6,6,2,79,11,1197,1,9,SKODA YETI,7,E01016321,0,1
2024421525313,2024,421525313,2,9,0,-1,5,7,3,-1,0,1,0,0,0,0,1,1,-1,1,2,52,8,1197,1,7,SKODA YETI,7,E01015860,0,1
2024610026824,2024,610026824,2,9,0,3,3,2,6,0,0,1,0,0,0,0,2,1,6,6,3,-1,-1,1968,2,7,SKODA YETI,-1,-1,0,-1
2024421447654,2024,421447654,1,9,0,-1,3,0,0,-1,0,0,0,0,0,0,4,2,-1,6,2,57,9,1197,1,6,SKODA YETI,-1,-1,0,-1
2024131507753,2024,131507753,1,9,0,-1,19,3,7,-1,0,0,0,0,0,0,3,1,-1,9,1,83,11,1968,2,13,SKODA YETI,7,E01011849,0,1
2024552400501,2024,552400501,2,9,0,2,2,0,0,0,0,0,0,0,0,0,1,1,6,6,3,-1,-1,1968,2,14,SKODA YETI,-1,-1,0,-1
2024302400945,2024,302400945,1,9,0,18,19,1,5,0,0,0,0,4,0,0,4,1,6,6,1,52,8,1968,2,9,SKODA YETI,7,E01019636,0,1
2024501419495,2024,501419495,2,9,0,-1,19,3,7,-1,0,6,0,0,0,0,1,1,-1,9,1,83,11,1197,1,7,SKODA YETI,8,E01020011,0,2
2024101411950,2024,101411950,1,9,0,-1,5,8,4,-1,0,0,0,0,0,0,2,1,-1,6,2,75,10,1968,2,8,SKODA YETI,10,E01008563,0,2
2024061524170,2024,061524170,1,9,0,-1,5,8,4,-1,0,1,0,0,0,0,1,2,-1,9,1,47,8,1968,2,12,SKODA YETI,8,E01005411,0,1
2024211430301,2024,211430301,2,9,0,-1,19,5,1,-1,0,0,0,0,0,0,2,9,-1,6,2,-1,-1,1197,1,8,SKODA YETI,-1,-1,0,-1
2024461433204,2024,461433204,1,9,0,-1,19,5,1,-1,0,0,2,0,0,0,3,1,-1,9,2,22,5,1197,1,14,SKODA YETI,10,E01024467,0,1
2024471405637,2024,471405637,1,9,0,-1,9,6,2,-1,0,1,0,0,0,0,1,1,-1,7,1,69,10,1598,2,11,SKODA YETI,2,E01020977,0,1
2024340WN5682,2024,340WN5682,1,9,0,-1,1,0,0,-1,0,0,0,0,0,0,0,1,-1,6,1,-1,-1,1968,2,9,SKODA YETI,5,E01027302,0,1
2024031473615,2024,031473615,1,9,0,-1,5,2,6,-1,0,4,0,0,0,0,3,1,-1,9,1,67,10,1968,2,11,SKODA YETI,-1,-1,0,-1
2024010527497,2024,010527497,1,9,0,18,19,5,1,0,0,6,0,4,0,0,1,1,6,6,1,82,11,1390,1,13,SKODA YETI,8,E01003271,0,1
2024440282215,2024,440282215,1,9,0,11,11,1,0,0,0,0,5,0,1,0,4,1,6,6,1,65,9,1598,2,9,SKODA YETI,-1,-1,0,-1
2024111529539,2024,111529539,1,9,0,-1,19,1,5,-1,0,0,0,0,1,0,1,1,-1,2,1,40,7,1197,1,10,SKODA YETI,4,E01012333,0,1
2024320389200,2024,320389200,2,9,0,-1,-1,2,6,0,0,0,1,0,7,4,3,2,-1,-1,1,39,7,1197,1,10,SKODA YETI,6,E01026411,0,2
2024622400525,2024,622400525,1,9,0,5,5,4,8,0,0,6,0,0,0,0,0,1,6,6,3,-1,-1,1968,2,14,SKODA YETI,-1,-1,0,-1
2024430053071,2024,430053071,3,9,0,2,2,0,0,0,0,1,0,0,0,0,3,1,6,6,2,63,9,1968,2,11,SKODA YETI,10,E01028764,0,1
2024440021186,2024,440021186,4,9,0,4,4,8,4,0,0,0,0,0,0,0,2,1,2,2,1,45,7,1968,2,10,SKODA YETI,1,E01022933,0,3
2024311499086,2024,311499086,1,9,0,-1,5,1,1,-1,0,1,0,0,0,0,2,1,-1,6,2,45,7,1968,2,8,SKODA YETI,6,E01028175,0,2
2024531527444,2024,531527444,3,9,0,-1,2,0,0,-1,0,2,0,0,0,0,2,9,-1,6,-1,-1,-1,1598,2,11,SKODA YETI,-1,-1,0,-1
2024031491388,2024,031491388,1,9,0,-1,19,8,4,-1,0,8,0,0,0,0,1,9,-1,6,3,-1,-1,1968,2,11,SKODA YETI,-1,-1,0,-1
2024549976424,2024,549976424,1,9,0,18,19,5,1,0,0,1,1,0,0,0,1,1,6,6,1,61,9,1197,1,9,SKODA YETI,7,E01034522,0,1
2024371458483,2024,371458483,1,9,0,-1,19,1,5,-1,0,2,0,0,0,0,4,1,-1,6,1,80,11,1798,1,14,SKODA YETI,9,E01030149,0,1
2024991440390,2024,991440390,2,9,0,-1,3,7,3,-1,0,0,0,0,0,0,2,1,-1,9,2,57,9,1968,2,10,SKODA YETI,9,-1,0,2
2024461429369,2024,461429369,3,9,0,-1,4,5,1,-1,0,0,0,0,0,0,2,1,-1,9,1,51,8,1968,2,8,SKODA YETI,6,E01007917,0,5
2024101409070,2024,101409070,2,9,0,-1,19,3,7,-1,0,0,0,0,0,0,4,1,-1,6,1,43,7,1968,2,14,SKODA YETI,3,E01008350,0,1
2024131512791,2024,131512791,2,9,0,-1,9,7,1,-1,0,0,0,0,0,0,3,1,-1,2,2,40,7,1968,2,13,SKODA YETI,7,E01011825,0,3
2024520401868,2024,520401868,1,9,0,18,19,5,1,0,0,8,5,0,7,0,2,1,6,6,2,71,10,1968,2,9,SKODA YETI,3,E01029338,0,2
2024991464836,2024,991464836,1,9,0,-1,15,3,7,-1,0,8,2,0,0,0,1,1,-1,9,2,85,11,1968,2,7,SKODA YETI,8,-1,0,1
2024201479660,2024,201479660,2,9,0,-1,2,0,0,-1,9,0,0,0,0,0,3,1,-1,6,-1,-1,-1,1968,2,8,SKODA YETI,-1,-1,0,-1
2024161414019,2024,161414019,1,9,0,-1,19,6,2,-1,0,0,0,0,0,0,4,1,-1,9,2,85,11,1197,1,9,SKODA YETI,7,E01012792,0,4
2024501422238,2024,501422238,1,9,0,-1,19,2,6,-1,0,0,0,0,1,9,1,1,-1,6,1,59,9,1968,2,13,SKODA YETI,-1,-1,0,-1
2024991470029,2024,991470029,1,9,0,-1,19,5,1,-1,0,2,0,0,0,0,4,2,-1,9,1,57,9,1197,1,13,SKODA YETI,10,E01023222,0,5
2024320204405,2024,320204405,1,9,0,-1,-1,8,4,0,0,8,0,0,0,0,4,1,6,6,2,31,6,1968,2,10,SKODA YETI,6,E01026349,0,1
2024131419928,2024,131419928,1,9,0,-1,5,5,1,-1,0,6,0,0,0,0,4,1,-1,6,2,54,8,1968,2,11,SKODA YETI,6,E01010582,0,1
2024332400358,2024,332400358,2,9,0,-1,19,1,5,-1,0,8,0,0,0,0,1,1,-1,6,1,68,10,1197,1,8,SKODA YETI,10,E01025776,0,2
2024221486714,2024,221486714,1,9,0,-1,5,7,3,-1,0,4,0,0,0,0,1,1,-1,6,1,80,11,1968,2,13,SKODA YETI,4,E01014024,0,2
2024520002958,2024,520002958,1,9,0,5,5,1,5,0,0,0,0,0,0,0,4,1,6,6,2,65,9,1598,2,10,SKODA YETI,5,E01014455,0,1
2024302400154,2024,302400154,2,9,0,18,19,4,8,0,0,0,1,0,1,0,1,1,6,6,1,82,11,1968,2,12,SKODA YETI,5,E01019613,0,1
2024122400661,2024,122400661,1,9,0,7,7,2,4,0,0,3,0,0,0,0,4,1,6,6,1,50,8,1197,1,8,SKODA YETI,10,E01013417,0,1
2024351531608,2024,351531608,1,9,0,-1,19,7,3,-1,0,0,0,4,0,0,1,1,-1,1,2,79,11,1197,1,8,SKODA YETI,10,E01018272,0,2
2024520402995,2024,520402995,1,9,0,18,19,1,5,0,0,0,5,0,1,10,1,1,6,6,1,43,7,1968,2,12,SKODA YETI,6,E01019936,0,3
2024421420264,2024,421420264,4,9,0,-1,19,7,2,-1,0,0,0,0,0,0,3,1,-1,9,2,54,8,1968,2,12,SKODA YETI,4,E01004411,0,4
2024010540945,2024,010540945,1,9,0,9,9,3,8,0,0,1,0,0,0,0,1,1,6,6,2,36,7,1197,1,7,SKODA YETI,6,E01003791,0,1
2024041508913,2024,041508913,2,9,0,-1,19,5,5,-1,0,1,0,0,0,0,3,1,-1,9,1,62,9,1197,1,12,SKODA YETI,7,E01025266,0,1
2024221472067,2024,221472067,2,9,0,-1,4,7,3,-1,0,0,0,0,0,0,2,1,-1,6,1,59,9,1197,1,11,SKODA YETI,6,E01032462,0,1
2024543779124,2024,543779124,1,9,0,8,8,6,2,0,0,1,0,0,0,0,1,1,6,6,1,62,9,1968,2,11,SKODA YETI,4,E01032013,0,2
2024471402921,2024,471402921,1,9,0,-1,9,7,5,-1,0,6,0,0,0,0,1,1,-1,6,1,91,11,1197,1,9,SKODA YETI,10,E01031476,0,1
2024302401800,2024,302401800,2,9,0,-1,7,6,8,-1,0,0,0,0,0,0,3,1,-1,6,2,89,11,1197,1,9,SKODA YETI,5,E01007924,0,2
2024610022224,2024,610022224,1,9,0,9,9,4,3,0,0,8,0,0,7,11,1,1,6,6,2,88,11,1197,1,10,SKODA YETI,3,W01001454,0,1
2024361499973,2024,361499973,1,9,0,-1,5,3,7,-1,0,6,0,0,0,0,3,1,-1,9,1,85,11,1197,1,12,SKODA YETI,6,E01026675,0,3
2024131509437,2024,131509437,4,9,0,-1,2,2,1,-1,-1,1,0,0,0,0,2,1,-1,6,-1,-1,-1,1968,2,9,SKODA YETI,-1,-1,0,-1
2024471424712,2024,471424712,3,9,0,-1,19,5,1,-1,0,1,0,0,0,0,4,1,-1,9,1,84,11,1968,2,9,SKODA YETI,7,E01023113,0,4
2024070139950,2024,070139950,2,9,0,2,2,0,0,0,0,0,0,0,0,0,1,1,6,6,3,-1,-1,1197,1,9,SKODA YETI,10,E01018702,0,1
2024211430121,2024,211430121,1,9,0,-1,1,7,4,-1,-1,-1,-1,-1,-1,0,-1,1,-1,6,2,88,11,1197,1,8,SKODA YETI,10,E01029412,0,1
2024471503212,2024,471503212,1,9,0,-1,19,8,4,-1,0,8,0,9,0,0,1,1,-1,2,1,55,8,1968,2,10,SKODA YETI,6,E01027045,0,5
2024010523125,2024,010523125,2,9,0,18,19,7,3,0,0,1,0,4,0,0,1,1,6,6,1,62,9,1197,1,8,SKODA YETI,4,E01001329,0,1
2024461464154,2024,461464154,1,9,0,-1,9,1,3,-1,0,6,0,0,1,0,1,1,-1,9,1,86,11,1197,1,9,SKODA YETI,10,E01024323,0,1
2024471465486,2024,471465486,1,9,0,-1,5,3,1,-1,0,8,0,0,0,0,1,1,-1,9,2,42,7,1968,2,12,SKODA YETI,2,E01031341,0,2
2024122400912,2024,122400912,1,9,0,18,19,4,8,0,0,0,0,0,2,11,1,1,6,6,1,82,11,1197,1,12,SKODA YETI,6,E01027628,0,1
2024052400685,2024,052400685,1,9,0,5,5,4,7,0,0,4,0,0,0,0,1,1,6,6,2,67,10,1197,1,9,SKODA YETI,4,E01006620,0,1
2024631439144,2024,631439144,2,9,0,-1,19,5,1,-1,0,8,0,0,0,0,1,1,-1,9,2,59,9,1197,1,7,SKODA YETI,7,E01028998,0,4
2024122400074,2024,122400074,1,9,0,1,1,6,2,0,0,1,0,0,0,0,2,1,6,6,2,81,11,1197,1,12,SKODA YETI,7,E01027601,0,2
2024371426647,2024,371426647,2,9,0,-1,19,5,1,-1,0,8,0,0,0,0,1,1,-1,9,2,45,7,1968,2,12,SKODA YETI,6,E01030218,0,1
2024201519767,2024,201519767,1,9,0,-1,19,1,5,-1,0,1,0,0,0,0,1,1,-1,9,1,31,6,1197,1,14,SKODA YETI,-1,-1,0,-1
2024320688853,2024,320688853,2,9,0,-1,-1,4,8,0,0,8,0,0,0,0,1,1,-1,-1,1,80,11,1197,1,9,SKODA YETI,10,E01026307,0,1
2024501530411,2024,501530411,1,9,0,-1,10,5,1,-1,0,0,0,0,0,0,2,1,-1,9,2,77,11,1968,2,13,SKODA YETI,5,E01019067,0,1
202454A914424,2024,54A914424,3,9,0,18,19,2,6,0,0,0,0,0,0,0,3,1,6,6,1,50,8,1197,1,13,SKODA YETI,2,E01032023,0,3
2024531448312,2024,531448312,2,3,0,-1,19,5,1,-1,0,0,0,0,0,0,0,1,-1,9,1,60,9,124,1,8,-1,7,E01022234,0,2
2024010500151,2024,010500151,1,5,0,99,99,9,9,99,99,9,9,99,9,99,2,1,6,6,1,31,6,749,1,7,SUZUKI GSXS,5,E01003740,0,1
2024501485175,2024,501485175,1,3,0,-1,19,7,3,-1,0,0,2,0,1,0,1,1,-1,2,2,19,4,124,1,0,SUZUKI GSXS,1,E01015088,0,1
2024440293135,2024,440293135,1,3,0,13,13,3,7,0,0,8,0,0,0,0,1,1,6,6,1,23,5,124,1,0,SUZUKI GSXS,10,E01023259,0,2
2024421491333,2024,421491333,1,5,0,-1,19,3,7,-1,0,0,0,0,0,0,1,1,-1,6,1,54,8,999,1,4,SUZUKI GSXS,9,E01021280,0,1
2024340WN3522,2024,340WN3522,1,3,0,-1,15,1,5,-1,0,1,0,0,0,0,1,1,-1,6,1,33,6,124,1,1,SUZUKI GSXS,2,E01027230,0,1
2024010518200,2024,010518200,2,3,0,15,15,6,2,0,0,0,0,0,1,0,1,1,6,6,1,21,5,124,1,1,SUZUKI GSXS,5,E01000632,0,2
2024041505669,2024,041505669,2,5,0,-1,19,1,5,-1,0,1,0,0,0,0,1,1,-1,2,1,44,7,999,1,1,SUZUKI GSXS,4,E01007046,0,4
2024131494579,2024,131494579,2,5,0,-1,19,7,3,-1,0,0,0,0,7,0,1,1,-1,9,1,65,9,749,1,6,SUZUKI GSXS,6,E01011408,0,2
2024411465250,2024,411465250,2,5,0,-1,4,2,6,-1,0,1,0,0,0,0,1,1,-1,6,-1,-1,-1,999,1,1,SUZUKI GSXS,7,E01023572,0,1
2024552400384,2024,552400384,1,5,0,18,19,4,8,0,0,0,0,0,0,0,1,1,6,6,1,36,7,749,1,4,SUZUKI GSXS,2,E01020553,0,4
2024991444732,2024,991444732,2,5,0,-1,19,3,7,-1,0,1,0,0,0,0,1,1,-1,9,1,41,7,999,1,4,SUZUKI GSXS,7,-1,0,3
2024631426457,2024,631426457,1,5,0,-1,19,6,1,-1,0,0,0,0,7,9,1,1,-1,9,1,28,6,999,1,8,SUZUKI GSXS,6,W01000847,0,3
2024361438918,2024,361438918,2,4,0,-1,19,4,1,-1,0,0,0,0,0,0,1,1,-1,9,1,25,5,749,1,7,SUZUKI GSXS,3,E01026631,0,1
2024522402112,2024,522402112,1,5,0,5,5,1,5,0,0,8,0,0,0,0,1,1,6,6,1,44,7,999,1,1,SUZUKI GSXS,10,E01014876,0,2