collision_index,collision_year,collision_ref_no,vehicle_reference,vehicle_type,towing_and_articulation,vehicle_manoeuvre_historic,vehicle_manoeuvre,vehicle_direction_from,vehicle_direction_to,vehicle_location_restricted_lane_historic,vehicle_location_restricted_lane,junction_location,skidding_and_overturning,hit_object_in_carriageway,vehicle_leaving_carriageway,hit_object_off_carriageway,first_point_of_impact,vehicle_left_hand_drive,journey_purpose_of_driver_historic,journey_purpose_of_driver,sex_of_driver,age_of_driver,age_band_of_driver,engine_capacity_cc,propulsion_code,age_of_vehicle,generic_make_model,driver_imd_decile,lsoa_of_driver,escooter_flag,driver_distance_banding
2024622400246,2024,622400246,1,5,0,16,19,4,8,0,0,0,0,0,1,6,1,1,6,6,1,61,9,749,1,6,SUZUKI GSXS,4,W01001001,0,1
2024421426687,2024,421426687,1,5,0,-1,19,1,5,-1,0,2,2,0,6,0,3,1,-1,6,1,37,7,999,1,9,SUZUKI GSXS,5,E01021820,0,3
2024411495648,2024,411495648,2,5,0,-1,13,5,1,-1,0,0,0,0,8,0,1,1,-1,9,1,55,8,999,1,8,SUZUKI GSXS,10,E01033189,0,3
2024010518920,2024,010518920,2,5,0,13,13,7,3,0,0,2,1,0,0,0,1,1,6,6,1,60,9,999,1,4,SUZUKI GSXS,7,E01023113,0,4
2024201440161,2024,201440161,2,3,0,-1,19,4,1,-1,0,0,0,0,0,0,2,1,-1,6,1,44,7,124,1,6,SUZUKI GSXS,1,E01009080,0,2
2024161428441,2024,161428441,2,5,0,-1,14,7,3,-1,0,0,0,0,0,0,4,1,-1,6,1,55,8,999,1,4,SUZUKI GSXS,1,E01012837,0,1
2024010504351,2024,010504351,1,5,0,17,19,1,7,0,0,1,0,0,0,0,4,1,2,2,1,31,6,749,1,5,SUZUKI GSXS,5,E01035292,0,4
2024371436034,2024,371436034,1,5,0,-1,19,8,5,-1,0,0,0,0,1,0,1,1,-1,6,1,34,6,999,1,3,SUZUKI GSXS,7,E01026421,0,4
2024211528976,2024,211528976,2,3,0,-1,9,1,5,-1,0,8,0,0,0,0,1,1,-1,9,1,19,4,124,1,1,SUZUKI GSXS,1,E01014331,0,1
2024122400662,2024,122400662,1,5,0,18,19,2,6,0,0,0,1,0,0,0,3,1,6,6,1,32,6,999,1,9,SUZUKI GSXS,4,E01007353,0,4
2024451517943,2024,451517943,1,3,0,-1,19,3,7,-1,0,1,1,0,0,0,1,1,-1,9,1,19,4,124,1,3,SUZUKI GSXS,6,E01030649,0,1
2024061485737,2024,061485737,2,3,0,-1,19,7,7,-1,0,1,0,0,0,0,4,1,-1,6,1,21,5,124,1,0,SUZUKI GSXS,1,E01005933,0,1
2024111409269,2024,111409269,2,5,0,-1,19,3,7,-1,0,1,5,0,0,0,4,1,-1,6,1,50,8,999,1,8,SUZUKI GSXS,2,E01012307,0,1
2024221510149,2024,221510149,1,3,0,-1,19,2,6,-1,0,4,0,0,0,0,3,1,-1,6,1,20,4,124,1,1,SUZUKI GSXS,4,E01028849,0,2
2024451496313,2024,451496313,2,3,0,-1,19,6,2,-1,0,0,1,0,0,0,1,1,-1,1,1,18,4,124,1,6,SUZUKI GSXS,5,E01030984,0,1
2024440508167,2024,440508167,1,3,0,18,19,3,7,0,0,0,0,0,0,0,1,1,2,2,1,46,8,124,1,4,SUZUKI GSXS,2,E01017188,0,2
2024451396153,2024,451396153,1,5,0,-1,19,5,1,-1,0,0,5,10,1,0,4,1,-1,2,1,38,7,749,1,5,SUZUKI GSXS,6,E01001016,0,1
2024031485630,2024,031485630,2,2,0,-1,19,5,1,-1,0,0,0,0,0,0,4,1,-1,9,2,33,6,125,1,5,SUZUKI GSXS,-1,-1,0,-1
2024340WN1452,2024,340WN1452,2,3,0,-1,19,1,5,-1,0,1,2,0,1,0,1,1,-1,6,1,22,5,124,1,7,SUZUKI GSXS,2,E01027198,0,1
2024991471758,2024,991471758,2,5,0,-1,19,7,2,-1,0,1,2,0,7,0,1,1,-1,9,1,29,6,999,1,1,SUZUKI GSXS,10,E01020395,0,5
2024031496788,2024,031496788,2,5,0,-1,19,7,3,-1,0,1,2,0,0,0,1,1,-1,6,1,50,8,999,1,9,SUZUKI GSXS,6,E01019335,0,3
2024421484788,2024,421484788,2,5,0,-1,13,1,5,-1,0,1,5,0,0,0,1,1,-1,9,1,25,5,749,1,3,SUZUKI GSXS,6,E01021647,0,1
2024545093624,2024,545093624,2,3,0,18,19,6,2,0,0,3,0,0,0,0,2,1,6,6,1,21,5,124,1,6,SUZUKI GSXS,6,E01015553,0,1
2024461489904,2024,461489904,2,3,0,-1,-1,-1,-1,-1,-1,0,-1,-1,-1,0,-1,1,-1,6,1,27,6,124,1,1,SUZUKI GSXS,2,E01024840,0,1
2024361461046,2024,361461046,1,5,0,-1,15,8,4,-1,0,0,2,0,7,0,1,1,-1,9,1,56,9,999,1,5,SUZUKI GSXS,-1,-1,0,-1
2024221469804,2024,221469804,2,2,0,-1,9,8,7,-1,0,8,0,0,0,0,4,1,-1,6,1,44,7,999,1,5,SUZUKI GSXS,2,E01006449,0,4
2024010500779,2024,010500779,1,3,0,99,99,9,9,99,99,9,9,99,9,99,2,1,1,1,1,25,5,124,1,6,SUZUKI GSXS,2,E01003633,0,2
2024421410837,2024,421410837,2,3,0,-1,13,5,1,-1,0,1,0,0,0,0,1,1,-1,6,1,18,4,124,1,1,SUZUKI GSXS,6,E01023314,0,4
2024991494279,2024,991494279,1,5,0,-1,19,2,6,-1,0,0,0,0,1,0,1,1,-1,9,1,60,9,749,1,6,SUZUKI GSXS,8,-1,0,4
2024010512148,2024,010512148,1,5,0,14,14,7,3,0,0,1,0,0,0,0,3,1,2,2,1,30,6,999,1,0,SUZUKI GSXS,7,E01016170,0,4
2024991485517,2024,991485517,1,5,0,-1,19,1,5,-1,0,0,2,0,7,11,1,1,-1,9,1,38,7,749,1,6,SUZUKI GSXS,7,-1,0,1
2024501395404,2024,501395404,1,5,0,-1,19,5,2,-1,0,0,0,0,0,0,1,1,-1,1,1,25,5,749,1,6,SUZUKI GSXS,4,E01015164,0,2
2024010530089,2024,010530089,1,3,0,99,99,9,9,99,99,9,9,99,9,99,9,1,6,6,1,39,7,124,1,1,SUZUKI GSXS,7,E01001269,0,1
2024211480725,2024,211480725,1,4,0,-1,19,2,6,-1,0,8,0,0,0,0,3,1,-1,2,1,28,6,124,1,1,SUZUKI GSXS,-1,-1,0,-1
2024501435679,2024,501435679,1,5,0,-1,19,3,7,-1,0,1,0,0,0,0,1,1,-1,6,1,56,9,999,1,2,SUZUKI GSXS,5,E01015207,0,2
2024211432155,2024,211432155,1,3,0,-1,19,-1,-1,-1,0,1,1,0,0,0,1,1,-1,6,1,55,8,124,1,2,SUZUKI GSXS,-1,-1,0,-1
2024010498578,2024,010498578,1,4,0,13,13,3,7,0,0,1,2,0,0,0,1,1,2,2,1,39,7,999,1,8,SUZUKI GSXS,4,E01002250,0,3
2024531494408,2024,531494408,1,5,0,-1,19,4,8,-1,0,2,0,4,0,0,1,1,-1,6,1,31,6,999,1,9,SUZUKI GSXS,7,E01022248,0,1
2024070873513,2024,070873513,2,5,0,-1,19,6,2,-1,0,1,0,0,0,0,1,1,-1,9,1,42,7,749,1,6,SUZUKI GSXS,9,E01007184,0,4
2024010520555,2024,010520555,2,4,0,5,5,7,3,0,0,1,0,0,0,0,1,1,6,6,1,47,8,999,1,9,SUZUKI GSXS,2,E01000525,0,1
2024440007009,2024,440007009,2,3,0,18,19,4,8,0,0,8,0,0,0,0,1,1,2,2,1,55,8,125,1,5,SUZUKI GSXS,1,E01017130,0,2
2024991465095,2024,991465095,1,3,0,-1,19,6,2,-1,0,0,0,4,0,0,1,1,-1,9,1,18,4,124,1,4,SUZUKI GSXS,4,-1,0,2
2024141526361,2024,141526361,1,3,0,-1,7,1,5,-1,0,3,1,0,1,0,2,1,-1,2,1,30,6,124,1,6,SUZUKI GSXS,2,E01007733,0,2
2024320462037,2024,320462037,2,4,0,-1,-1,6,2,0,0,8,2,0,0,0,3,1,-1,-1,1,18,4,124,1,4,SUZUKI GSXS,4,E01026036,0,1
2024052400972,2024,052400972,2,5,0,18,19,3,7,0,0,8,0,0,0,0,1,1,6,6,1,40,7,999,1,6,SUZUKI GSXS,1,E01007269,0,1
2024622400832,2024,622400832,2,3,0,18,19,8,4,0,0,8,0,0,0,0,1,1,6,6,1,34,6,124,1,1,SUZUKI GSXS,5,W01001068,0,2
2024461434004,2024,461434004,2,5,0,-1,19,6,2,-1,0,0,0,0,0,0,2,1,-1,9,1,49,8,999,1,2,SUZUKI GSXS,10,E01017553,0,4
2024010542740,2024,010542740,1,5,0,16,19,3,7,0,0,4,1,0,0,0,3,1,6,6,1,29,6,999,1,4,SUZUKI GSXS,-1,-1,0,-1
2024361475478,2024,361475478,2,5,0,-1,19,4,8,-1,0,0,0,0,0,0,3,1,-1,9,1,45,7,999,1,0,SUZUKI GSXS,6,E01026613,0,4
2024010534636,2024,010534636,2,3,0,18,19,7,3,0,0,1,0,0,0,0,1,1,6,6,1,36,7,124,1,1,SUZUKI GSXS,-1,-1,0,-1
2024991505980,2024,991505980,2,5,0,-1,19,1,4,-1,0,1,0,0,0,0,1,1,-1,9,1,56,9,999,1,5,SUZUKI GSXS,3,-1,0,4
2024351474185,2024,351474185,2,5,0,-1,19,5,1,-1,0,1,0,0,0,0,1,1,-1,6,1,41,7,999,1,0,SUZUKI GSXS,9,E01034698,0,4
2024010515720,2024,010515720,2,5,0,18,19,1,5,2,2,1,2,0,0,0,1,1,2,2,1,40,7,999,1,5,SUZUKI GSXS,6,E01035340,0,4
2024401450341,2024,401450341,2,5,0,-1,13,3,7,-1,0,0,0,0,0,0,1,1,-1,9,1,26,6,999,1,8,SUZUKI GSXS,2,E01015779,0,2
2024010523290,2024,010523290,2,5,0,5,5,5,1,0,0,4,1,0,0,0,3,1,1,1,1,40,7,999,1,9,SUZUKI GSXS,7,E01002424,0,4
2024010533404,2024,010533404,2,5,0,18,19,3,7,0,0,0,0,0,0,0,4,1,2,2,1,38,7,749,1,7,SUZUKI GSXS,-1,-1,0,-1
2024311448777,2024,311448777,1,3,0,-1,19,2,6,-1,0,0,1,0,1,0,4,1,-1,6,2,42,7,124,1,1,SUZUKI GSXS,7,E01028007,0,1
2024991455016,2024,991455016,4,3,0,-1,19,7,2,-1,0,1,0,0,0,0,1,1,-1,9,1,26,6,124,1,2,SUZUKI GSXS,-1,-1,0,-1
2024351438152,2024,351438152,2,3,0,-1,19,5,1,-1,0,8,0,0,0,0,1,1,-1,6,2,24,5,124,1,0,SUZUKI GSXS,3,E01026659,0,3
2024070877199,2024,070877199,1,3,0,-1,13,1,7,-1,0,0,0,0,0,0,1,1,-1,-1,1,20,4,124,1,4,SUZUKI GSXS,3,E01012429,0,2
2024461394524,2024,461394524,1,3,0,-1,13,1,5,-1,0,0,1,0,0,0,4,1,-1,6,1,22,5,124,1,5,SUZUKI GSXS,-1,-1,0,-1
2024332401080,2024,332401080,2,3,0,-1,5,8,4,-1,0,0,0,0,4,6,2,1,-1,6,1,53,8,124,1,1,SUZUKI GSXS,4,E01025988,0,2
2024471540509,2024,471540509,2,5,0,-1,19,3,7,-1,0,2,0,0,0,0,1,1,-1,9,1,51,8,999,1,2,SUZUKI GSXS,6,E01031607,0,1
2024471485727,2024,471485727,1,5,0,-1,19,1,5,-1,0,0,1,0,0,0,3,1,-1,9,1,25,5,999,1,0,SUZUKI GSXS,9,E01021203,0,2
2024991456189,2024,991456189,2,5,0,-1,19,8,4,-1,0,1,0,0,0,0,1,1,-1,6,1,56,9,999,1,6,SUZUKI GSXS,9,-1,0,2
2024451495669,2024,451495669,1,5,0,-1,19,1,5,-1,0,0,5,0,0,0,4,1,-1,9,1,66,10,999,1,0,SUZUKI GSXS,5,E01024711,0,5
2024991497081,2024,991497081,2,3,0,-1,19,3,7,-1,0,2,2,0,0,0,1,1,-1,9,1,37,7,124,1,1,SUZUKI GSXS,5,-1,0,1
2024052400829,2024,052400829,1,5,0,13,13,6,2,0,0,1,0,0,0,0,4,1,6,6,1,57,9,999,1,7,SUZUKI GSXS,5,E01006971,0,4
2024552401145,2024,552401145,2,4,0,14,14,6,3,0,0,8,0,0,0,0,1,1,6,6,1,64,9,124,1,1,SUZUKI GSXS,3,E01015442,0,1
2024451430606,2024,451430606,1,3,0,-1,14,1,5,-1,0,1,0,0,0,0,1,1,-1,2,1,24,5,125,1,5,SUZUKI GSXS,9,E01004079,0,3
2024231482057,2024,231482057,2,5,0,-1,19,3,7,-1,0,8,0,0,0,0,1,1,-1,2,1,54,8,749,1,6,SUZUKI GSXS,2,E01031074,0,1
2024161502684,2024,161502684,2,3,0,-1,9,7,5,-1,0,8,0,0,0,0,1,1,-1,9,1,26,6,124,1,2,SUZUKI GSXS,3,E01013071,0,3
2024141414009,2024,141414009,1,5,0,-1,19,3,7,-1,0,8,0,0,0,0,1,1,-1,6,1,38,7,999,1,1,SUZUKI GSXS,1,E01007332,0,2
2024311431270,2024,311431270,1,5,0,-1,19,7,3,-1,0,0,2,0,0,0,0,1,-1,9,1,55,8,999,1,1,SUZUKI GSXS,2,E01027964,0,1
2024161479361,2024,161479361,2,3,0,-1,13,6,2,-1,0,1,0,0,0,0,4,1,-1,9,1,19,4,124,1,6,SUZUKI GSXS,9,E01012960,0,2
2024131471846,2024,131471846,2,4,0,-1,14,5,1,-1,0,8,0,2,0,0,1,1,-1,6,1,55,8,749,1,7,SUZUKI GSXS,4,E01011158,0,3
2024010515679,2024,010515679,2,3,0,5,5,1,5,0,0,1,0,0,0,0,1,1,2,2,1,49,8,124,1,6,SUZUKI GSXS,2,E01000431,0,2
2024430599612,2024,430599612,1,3,0,5,5,7,3,0,0,0,0,0,0,0,3,1,2,2,1,40,7,999,1,1,SUZUKI GSXS,10,E01017700,0,1
2024361484411,2024,361484411,3,3,0,-1,19,5,1,-1,0,0,2,0,0,0,1,1,-1,9,1,26,6,124,1,0,SUZUKI GSXS,10,E01035141,0,1
2024010501768,2024,010501768,2,5,0,13,13,1,5,0,0,1,0,0,0,0,1,1,2,2,1,49,8,999,1,3,SUZUKI GSXS,6,E01030546,0,4
2024211525112,2024,211525112,1,4,0,-1,19,4,7,-1,0,2,0,0,0,0,1,1,-1,9,1,50,8,124,1,1,SUZUKI GSXS,-1,-1,0,-1
2024131494579,2024,131494579,3,5,0,-1,19,7,3,-1,0,0,1,0,0,0,1,1,-1,9,1,60,9,999,1,2,SUZUKI GSXS,3,E01011722,0,2
2024451514081,2024,451514081,1,3,0,-1,19,2,6,-1,0,0,0,0,1,4,1,1,-1,2,2,20,4,124,1,6,SUZUKI GSXS,8,E01030835,0,1
2024440220045,2024,440220045,1,5,0,18,19,5,1,0,0,1,1,10,0,0,4,1,6,6,1,32,6,999,1,3,SUZUKI GSXS,7,E01016310,0,2
2024501513921,2024,501513921,1,3,0,-1,19,8,4,-1,0,0,2,0,0,0,4,1,-1,2,1,52,8,124,1,1,SUZUKI GSXS,7,E01015112,0,1
2024122400888,2024,122400888,1,5,0,18,19,4,8,0,0,0,0,0,0,0,1,1,6,6,1,63,9,999,1,1,SUZUKI GSXS,8,E01027640,0,4
2024501494339,2024,501494339,1,5,0,-1,19,2,6,-1,0,1,2,0,1,1,1,1,-1,9,1,36,7,749,1,4,SUZUKI GSXS,9,E01015130,0,1
2024010547156,2024,010547156,1,5,9,99,99,9,9,99,99,1,9,99,9,99,1,1,1,1,1,21,5,999,1,1,SUZUKI GSXS,5,E01021443,0,3
2024361418749,2024,361418749,1,5,0,-1,19,5,2,-1,0,1,1,0,1,0,4,1,-1,8,2,42,7,999,1,1,SUZUKI GSXS,10,E01033319,0,4
2024131415929,2024,131415929,2,3,0,-1,13,1,1,-1,0,1,0,0,0,0,1,1,-1,6,-1,20,4,124,1,4,SUZUKI GSXS,-1,-1,0,-1
2024131499959,2024,131499959,2,3,0,-1,19,1,5,-1,0,0,0,0,0,0,4,1,-1,9,1,28,6,124,1,2,SUZUKI GSXS,3,E01010793,0,1
2024201440916,2024,201440916,2,3,0,-1,19,6,2,-1,0,0,0,10,2,0,3,1,-1,9,1,32,6,999,1,6,SUZUKI GSXS,1,E01009173,0,3
2024991478132,2024,991478132,2,5,0,-1,19,6,2,-1,0,1,0,0,0,0,1,1,-1,6,1,60,9,999,1,5,SUZUKI GSXS,9,-1,0,5
2024351452924,2024,351452924,1,3,0,-1,3,8,4,-1,0,1,0,0,7,0,1,1,-1,6,1,30,6,124,1,1,SUZUKI GSXS,7,E01018286,0,1
2024311525435,2024,311525435,1,3,0,-1,7,2,6,-1,0,3,1,0,0,0,1,1,-1,1,1,34,6,124,1,3,SUZUKI GSXS,2,E01026175,0,3
2024430257267,2024,430257267,2,9,0,18,19,1,5,0,0,0,1,0,0,0,3,1,6,6,1,31,6,1198,1,18,VOLKSWAGEN URBAN,10,E01031486,0,5
2024131535394,2024,131535394,1,9,0,-1,19,1,5,-1,0,1,0,0,0,0,1,1,-1,6,2,74,10,1198,1,18,VOLKSWAGEN URBAN,4,E01011896,0,1
2024361517556,2024,361517556,2,9,0,-1,19,1,5,-1,0,5,0,0,0,0,4,1,-1,9,2,44,7,1198,1,14,VOLKSWAGEN URBAN,6,E01026773,0,1
2024131525794,2024,131525794,1,9,0,-1,19,3,3,-1,0,1,2,0,0,0,2,1,-1,9,1,19,4,1198,1,16,VOLKSWAGEN URBAN,7,E01011176,0,1
2024010521733,2024,010521733,3,9,0,2,2,0,0,0,0,2,0,0,0,0,1,1,6,6,3,-1,-1,1198,1,15,VOLKSWAGEN URBAN,-1,-1,0,-1
2024361423833,2024,361423833,2,9,0,-1,19,5,1,-1,0,0,0,0,0,0,1,1,-1,6,2,56,9,1198,1,15,VOLKSWAGEN URBAN,6,E01026535,0,1
2024471533239,2024,471533239,2,9,0,-1,10,5,1,-1,0,5,0,0,0,0,2,1,-1,9,2,57,9,1198,1,17,VOLKSWAGEN URBAN,6,E01021032,0,1
2024010552045,2024,010552045,2,9,0,99,99,9,9,99,99,0,9,99,9,99,9,9,6,6,3,-1,-1,1390,1,14,VOLKSWAGEN URBAN,-1,-1,0,-1
2024302400740,2024,302400740,1,9,0,5,5,8,4,0,0,6,0,0,0,0,1,1,6,6,1,19,4,1390,1,18,VOLKSWAGEN URBAN,10,E01028136,0,4
2024031408193,2024,031408193,1,9,0,-1,19,5,1,-1,0,0,2,0,0,0,3,1,-1,6,1,18,4,1198,1,18,VOLKSWAGEN URBAN,-1,-1,0,-1
2024430400320,2024,430400320,1,9,0,18,19,1,5,0,0,4,0,0,0,0,1,1,6,6,1,55,8,1198,1,16,VOLKSWAGEN URBAN,8,E01022951,0,4
2024411519325,2024,411519325,1,9,0,-1,19,1,5,-1,0,0,1,0,7,1,1,1,-1,6,2,59,9,1198,1,16,VOLKSWAGEN URBAN,9,E01023493,0,3
2024320421391,2024,320421391,1,9,0,-1,-1,2,6,0,0,1,0,0,0,0,1,1,6,6,2,26,6,1198,1,14,VOLKSWAGEN URBAN,5,E01026279,0,3
2024010495616,2024,010495616,1,9,0,9,9,7,5,0,0,6,0,0,0,0,3,1,6,6,2,19,4,1198,1,14,VOLKSWAGEN URBAN,8,E01002657,0,1
2024101403409,2024,101403409,1,9,0,-1,19,8,5,-1,0,4,0,0,0,0,1,1,-1,6,2,36,7,1390,1,16,VOLKSWAGEN URBAN,3,E01008455,0,2
2024010522868,2024,010522868,1,9,0,18,19,7,3,0,0,1,0,0,0,0,1,2,6,6,1,34,6,1390,1,16,VOLKSWAGEN URBAN,4,E01033320,0,1
2024122401078,2024,122401078,1,9,0,18,19,1,5,0,0,8,0,0,0,0,4,2,6,6,1,18,4,1198,1,14,VOLKSWAGEN URBAN,2,E01027850,0,1
2024440407372,2024,440407372,2,9,0,18,19,8,4,0,0,2,0,0,0,0,1,1,6,6,1,-1,-1,1198,1,17,VOLKSWAGEN URBAN,-1,-1,0,-1
2024010548623,2024,010548623,2,9,0,9,9,1,6,0,0,6,0,0,0,0,1,1,6,6,2,29,6,1390,1,15,VOLKSWAGEN URBAN,7,E01002986,0,1
2024201470189,2024,201470189,1,9,0,-1,19,6,2,-1,0,0,0,0,0,0,1,1,-1,6,1,50,8,1198,1,18,VOLKSWAGEN URBAN,5,E01009036,0,1
2024131421175,2024,131421175,2,9,0,-1,4,3,7,-1,0,4,0,0,0,0,4,1,-1,2,1,36,7,1198,1,15,VOLKSWAGEN URBAN,10,E01010693,0,2
2024052402225,2024,052402225,1,9,0,6,6,1,1,0,0,0,0,0,0,0,1,1,6,6,2,75,10,1198,1,14,VOLKSWAGEN URBAN,5,E01007163,0,1
2024520403006,2024,520403006,2,9,0,16,19,2,6,0,0,0,1,0,0,0,1,1,6,6,2,45,7,1198,1,14,VOLKSWAGEN URBAN,1,E01014597,0,4
2024351469262,2024,351469262,1,9,0,-1,13,3,7,-1,0,0,0,0,1,9,1,1,-1,6,1,19,4,1198,1,15,VOLKSWAGEN URBAN,10,E01019635,0,5
2024311489634,2024,311489634,1,9,0,-1,9,7,1,-1,0,6,0,0,0,0,1,1,-1,6,2,88,11,1198,1,14,VOLKSWAGEN URBAN,7,E01028353,0,1
2024371507013,2024,371507013,1,9,0,-1,2,0,0,-1,0,1,0,0,0,0,3,1,-1,9,2,50,8,1390,1,15,VOLKSWAGEN URBAN,3,E01026782,0,4
2024430318864,2024,430318864,1,9,0,16,19,5,1,0,0,0,1,0,1,4,3,1,1,1,1,21,5,1198,1,18,VOLKSWAGEN URBAN,8,E01028767,0,3
2024122401192,2024,122401192,1,9,0,18,19,1,5,0,0,2,0,0,7,4,4,1,6,6,1,18,4,1198,1,14,VOLKSWAGEN URBAN,8,E01027856,0,2
2024010524920,2024,010524920,4,9,0,2,2,0,0,6,6,2,0,0,0,0,1,1,6,6,3,-1,-1,1198,1,15,VOLKSWAGEN URBAN,-1,-1,0,-1
2024451455469,2024,451455469,1,9,0,-1,19,7,3,-1,0,0,1,0,0,0,1,1,-1,6,2,25,5,1198,1,18,VOLKSWAGEN URBAN,7,E01030722,0,1
2024991437474,2024,991437474,1,9,0,-1,9,1,8,-1,0,2,0,0,0,0,1,9,-1,6,1,17,4,1198,1,15,VOLKSWAGEN URBAN,4,-1,0,1
2024471453647,2024,471453647,2,9,0,-1,9,5,3,-1,0,8,0,0,0,0,1,1,-1,6,1,46,8,1198,1,14,VOLKSWAGEN URBAN,4,E01031576,0,1
2024221515669,2024,221515669,2,9,0,-1,3,1,5,-1,0,1,0,0,0,0,2,9,-1,6,2,26,6,1390,1,18,VOLKSWAGEN URBAN,2,E01028983,0,1
2024461500974,2024,461500974,1,9,0,-1,7,8,2,-1,0,8,0,0,0,0,1,9,-1,1,1,23,5,1198,1,15,VOLKSWAGEN URBAN,8,E01018681,0,5
202460Q166308,2024,60Q166308,1,9,0,1,1,0,3,0,0,1,0,0,0,0,2,1,6,6,2,68,10,1198,1,17,VOLKSWAGEN URBAN,-1,-1,0,-1
2024430485273,2024,430485273,1,9,0,18,19,8,4,0,0,0,0,0,0,0,4,1,2,2,1,30,6,1198,1,15,VOLKSWAGEN URBAN,-1,-1,0,-1
2024311505918,2024,311505918,2,9,0,-1,5,8,8,-1,0,4,0,0,0,0,1,1,-1,6,1,57,9,1390,1,18,VOLKSWAGEN URBAN,-1,-1,0,-1
2024544609324,2024,544609324,1,9,0,9,9,5,8,0,0,5,0,0,0,0,1,1,6,6,2,77,11,1198,1,14,VOLKSWAGEN URBAN,6,E01031996,0,1
2024991406992,2024,991406992,2,9,0,-1,11,3,7,-1,0,1,0,0,1,1,3,1,-1,9,1,31,6,1390,1,14,VOLKSWAGEN URBAN,3,-1,0,1
2024421412924,2024,421412924,2,9,0,-1,20,-1,-1,-1,0,0,0,0,0,0,2,1,-1,2,2,31,6,1198,1,14,VOLKSWAGEN URBAN,2,E01021286,0,1
2024501462454,2024,501462454,2,9,0,-1,19,8,4,-1,0,8,0,0,0,0,1,1,-1,9,1,19,4,1198,1,14,VOLKSWAGEN URBAN,6,E01018752,0,4
2024440524675,2024,440524675,1,9,0,18,19,8,4,0,0,0,0,0,0,0,1,1,6,6,2,19,4,1198,1,18,VOLKSWAGEN URBAN,9,E01017284,0,1
2024010527452,2024,010527452,1,9,0,9,9,7,5,0,0,1,0,0,0,0,4,1,6,6,1,22,5,1198,1,17,VOLKSWAGEN URBAN,-1,-1,0,-1
2024501537438,2024,501537438,3,9,0,-1,19,7,3,-1,0,0,0,1,0,0,1,1,-1,9,2,40,7,1390,1,17,VOLKSWAGEN URBAN,4,E01018863,0,4
2024231537306,2024,231537306,2,9,0,-1,19,8,4,-1,0,0,0,0,0,0,1,9,-1,6,1,21,5,1390,1,15,VOLKSWAGEN URBAN,10,E01031256,0,1
2024010526668,2024,010526668,2,3,0,4,4,1,5,0,0,1,0,0,4,0,1,1,6,6,2,37,7,125,1,5,YAMAHA YS,2,E01001447,0,3
2024361476592,2024,361476592,1,3,0,-1,19,5,7,-1,0,4,1,0,0,0,1,1,-1,9,1,21,5,125,1,6,YAMAHA YS,4,E01026628,0,1
2024061492442,2024,061492442,2,3,0,-1,19,3,7,-1,0,0,1,0,0,0,0,1,-1,6,1,21,5,125,1,7,YAMAHA YS,7,E01005023,0,1
2024320626813,2024,320626813,2,3,0,-1,-1,4,8,0,0,0,5,0,0,0,1,1,-1,-1,2,31,6,125,1,6,YAMAHA YS,4,E01026190,0,1
2024010529230,2024,010529230,1,3,0,18,19,5,1,0,0,0,5,0,0,0,1,1,6,6,1,20,4,125,1,5,YAMAHA YS,8,E01023528,0,4
2024552401193,2024,552401193,1,4,0,18,19,8,4,0,0,0,0,0,0,0,1,1,6,6,2,19,4,125,1,5,YAMAHA YS,4,E01015465,0,1
2024631442498,2024,631442498,1,3,0,-1,19,8,4,-1,0,1,1,0,0,0,1,1,-1,6,1,24,5,125,1,5,YAMAHA YS,9,W01000466,0,3
2024361532429,2024,361532429,1,3,0,-1,19,1,5,-1,0,1,1,0,0,0,3,1,-1,9,1,18,4,125,1,3,YAMAHA YS,10,E01026907,0,1
2024440275550,2024,440275550,1,3,0,18,19,1,5,0,0,1,0,0,0,0,1,1,6,6,1,18,4,125,1,5,YAMAHA YS,4,E01017206,0,1
2024010523868,2024,010523868,1,3,0,99,99,9,9,99,99,9,9,99,9,99,9,1,1,1,3,27,6,125,1,7,YAMAHA YS,2,E01033327,0,3
2024010520916,2024,010520916,2,3,0,15,15,1,5,0,0,2,0,0,0,0,1,1,6,6,1,33,6,125,1,6,YAMAHA YS,7,E01000197,0,1
2024010523686,2024,010523686,1,3,0,99,99,9,9,99,99,5,9,99,9,99,1,1,1,1,1,41,7,125,1,4,YAMAHA YS,4,E01004043,0,1
2024010528171,2024,010528171,1,3,0,18,19,3,7,0,0,0,1,0,0,0,1,1,6,6,3,-1,-1,125,1,7,YAMAHA YS,-1,-1,0,-1
2024451506198,2024,451506198,2,3,0,-1,19,1,5,-1,0,3,0,0,0,0,3,1,-1,9,2,45,7,125,1,7,YAMAHA YS,3,E01017227,0,4
2024111459504,2024,111459504,1,3,0,-1,19,3,8,-1,0,3,1,4,0,0,1,1,-1,2,1,22,5,125,1,6,YAMAHA YS,3,E01020760,0,1
2024010524425,2024,010524425,1,3,0,5,5,5,1,0,0,4,1,0,0,0,4,1,6,6,1,39,7,125,1,6,YAMAHA YS,6,E01003469,0,1
2024010503284,2024,010503284,1,4,3,18,19,3,7,0,0,1,2,0,0,0,3,1,6,6,1,32,6,125,1,4,YAMAHA YS,4,E01000312,0,1
2024430042946,2024,430042946,2,3,0,4,4,2,6,0,0,3,0,0,0,0,2,1,6,6,1,22,5,125,1,5,YAMAHA YS,9,E01033955,0,4
2024411466743,2024,411466743,2,3,0,-1,5,1,5,-1,0,4,0,0,0,0,2,1,-1,2,2,58,9,125,1,4,YAMAHA YS,9,E01018240,0,2
2024010506412,2024,010506412,1,3,0,18,19,1,5,0,0,1,0,0,0,0,1,1,2,2,2,18,4,125,1,5,YAMAHA YS,2,E01000014,0,1