collision_index,collision_year,collision_ref_no,vehicle_reference,vehicle_type,towing_and_articulation,vehicle_manoeuvre_historic,vehicle_manoeuvre,vehicle_direction_from,vehicle_direction_to,vehicle_location_restricted_lane_historic,vehicle_location_restricted_lane,junction_location,skidding_and_overturning,hit_object_in_carriageway,vehicle_leaving_carriageway,hit_object_off_carriageway,first_point_of_impact,vehicle_left_hand_drive,journey_purpose_of_driver_historic,journey_purpose_of_driver,sex_of_driver,age_of_driver,age_band_of_driver,engine_capacity_cc,propulsion_code,age_of_vehicle,generic_make_model,driver_imd_decile,lsoa_of_driver,escooter_flag,driver_distance_banding
2024010536248,2024,010536248,1,3,0,18,19,3,7,0,0,2,0,0,0,0,3,1,6,6,1,22,5,125,1,5,YAMAHA YS,7,E01001986,0,2
2024221440350,2024,221440350,2,4,0,-1,19,1,6,-1,0,0,0,0,0,0,1,1,-1,6,1,32,6,125,1,6,YAMAHA YS,-1,-1,0,-1
2024131423799,2024,131423799,1,3,0,-1,19,5,1,-1,0,6,0,0,0,0,1,1,-1,2,1,21,5,125,1,4,YAMAHA YS,1,E01010938,0,1
2024010499733,2024,010499733,2,3,0,4,4,1,5,0,0,5,0,0,1,0,2,1,6,6,1,30,6,125,1,6,YAMAHA YS,3,E01002605,0,2
2024471443385,2024,471443385,3,3,0,-1,19,8,4,-1,0,0,0,0,0,0,4,1,-1,9,1,51,8,125,1,6,YAMAHA YS,2,E01021014,0,4
2024430162544,2024,430162544,1,3,0,18,19,4,8,0,0,0,1,0,0,0,1,1,6,6,1,20,4,125,1,5,YAMAHA YS,10,E01017640,0,3
2024531483130,2024,531483130,2,3,0,-1,4,4,8,-1,0,0,0,0,0,0,2,1,-1,9,1,17,4,125,1,6,YAMAHA YS,5,E01032844,0,4
2024010503863,2024,010503863,1,3,0,99,99,9,9,99,99,9,9,99,9,99,9,1,2,2,1,40,7,125,1,5,YAMAHA YS,3,E01003727,0,3
2024302401355,2024,302401355,1,3,0,16,19,3,6,0,0,2,0,0,0,0,1,1,6,6,1,34,6,125,1,6,YAMAHA YS,5,E01019475,0,2
2024010520362,2024,010520362,2,3,0,18,19,1,5,0,0,1,0,0,0,0,1,1,1,1,1,50,8,125,1,4,YAMAHA YS,3,E01000638,0,1
2024221506957,2024,221506957,1,3,0,-1,19,1,4,-1,0,0,0,0,0,0,1,1,-1,2,1,65,9,125,1,4,YAMAHA YS,1,E01032471,0,1
2024430022630,2024,430022630,2,3,0,18,19,4,8,0,0,8,1,0,0,0,1,1,2,2,1,64,9,125,1,5,YAMAHA YS,4,E01016662,0,1
2024471419262,2024,471419262,2,4,0,-1,8,5,1,-1,0,6,0,0,0,0,2,1,-1,6,1,24,5,125,1,4,YAMAHA YS,2,E01031450,0,2
2024141406637,2024,141406637,2,3,0,-1,11,2,6,-1,0,3,0,0,0,0,3,1,-1,2,1,23,5,125,1,5,YAMAHA YS,1,E01007461,0,2
2024010521766,2024,010521766,2,4,0,12,12,1,5,0,0,1,0,0,0,0,1,1,6,6,1,30,6,125,1,3,YAMAHA YS,5,E01004487,0,2
2024461484214,2024,461484214,1,3,0,-1,13,1,5,-1,0,1,0,0,7,0,1,1,-1,9,2,24,5,125,1,7,YAMAHA YS,6,E01024084,0,1
2024010549212,2024,010549212,2,3,0,99,99,9,9,99,99,1,9,99,9,99,2,1,1,1,1,22,5,125,1,5,YAMAHA YS,4,E01032764,0,1
2024991409640,2024,991409640,2,23,0,-1,19,3,7,-1,0,1,2,0,0,0,4,1,-1,2,1,51,8,-1,3,2,-1,-1,-1,0,-1
2024361488094,2024,361488094,1,9,0,-1,13,3,7,-1,0,0,0,0,0,0,1,2,-1,9,2,25,5,2000,1,22,-1,4,E01032526,0,4
2024052401620,2024,052401620,2,9,0,9,9,3,1,0,0,1,0,0,0,0,2,1,6,6,1,64,9,2993,2,9,BMW 7 SERIES,8,-1,0,5
2024010515410,2024,010515410,1,8,0,99,99,9,9,99,99,9,9,99,9,99,1,9,1,1,3,41,7,1998,8,5,BMW 7 SERIES,4,E01003518,0,2
2024991413722,2024,991413722,1,9,0,-1,13,5,1,-1,0,1,1,10,0,0,4,1,-1,9,1,44,7,2998,1,5,BMW 7 SERIES,10,-1,0,1
2024332401163,2024,332401163,2,9,0,-1,19,5,1,-1,0,0,0,0,0,0,1,1,-1,6,1,53,8,2993,2,7,BMW 7 SERIES,7,E01025826,0,1
2024010511879,2024,010511879,2,9,0,4,4,3,7,0,0,1,0,0,0,0,2,1,1,1,1,54,8,2993,2,6,BMW 7 SERIES,-1,-1,0,-1
2024061452769,2024,061452769,1,9,0,-1,1,0,1,-1,-1,8,0,0,0,0,0,1,-1,6,3,-1,-1,2993,2,12,BMW 7 SERIES,-1,-1,0,-1
2024471443385,2024,471443385,1,9,0,-1,9,8,7,-1,0,0,0,0,0,0,3,1,-1,6,1,36,7,2793,1,28,BMW 7 SERIES,8,E01020963,0,1
2024131490630,2024,131490630,1,9,0,-1,9,8,4,-1,0,8,0,0,0,0,1,1,-1,9,2,26,6,2993,2,14,BMW 7 SERIES,3,E01025407,0,4
2024421460997,2024,421460997,2,9,0,-1,4,2,6,-1,0,0,0,0,0,0,2,1,-1,6,1,29,6,2993,2,9,BMW 7 SERIES,7,E01015961,0,4
2024010532941,2024,010532941,2,9,0,6,6,9,9,99,99,9,9,99,9,99,1,9,6,6,3,-1,-1,4398,1,25,BMW 7 SERIES,7,E01001865,0,3
2024010510623,2024,010510623,1,8,0,4,4,1,5,0,0,1,0,0,0,0,3,1,1,1,1,45,7,2998,8,2,BMW 7 SERIES,5,E01003259,0,2
2024411440656,2024,411440656,4,9,0,-1,19,3,7,-1,0,0,0,0,0,0,0,1,-1,6,1,32,6,2993,2,6,BMW 7 SERIES,2,E01003622,0,4
2024052400091,2024,052400091,1,9,0,18,19,6,4,0,0,6,0,0,0,0,1,1,1,1,1,45,7,2993,2,10,BMW 7 SERIES,1,E01006740,0,1
2024010510161,2024,010510161,1,9,0,99,99,9,9,99,99,0,9,99,9,99,2,9,6,6,1,32,6,2993,2,7,BMW 7 SERIES,4,E01003441,0,1
2024010526907,2024,010526907,1,9,0,5,5,3,7,0,0,8,0,0,0,0,1,1,6,6,1,35,6,2998,8,0,BMW 7 SERIES,10,E01017822,0,3
2024320580517,2024,320580517,1,9,0,-1,-1,7,3,0,0,2,0,10,1,3,1,1,-1,-1,1,37,7,2993,2,8,BMW 7 SERIES,7,E01001679,0,5
2024122400717,2024,122400717,2,9,0,18,19,4,8,0,0,0,0,0,0,0,3,1,6,6,1,55,8,2993,2,7,BMW 7 SERIES,9,E01010706,0,4
2024010539024,2024,010539024,2,9,9,99,99,9,9,99,99,0,9,99,9,99,1,9,6,6,1,39,7,2993,2,7,BMW 7 SERIES,4,E01001467,0,1
2024010509338,2024,010509338,2,9,0,7,7,4,6,0,0,4,0,0,0,0,1,1,6,6,1,40,7,2993,2,8,BMW 7 SERIES,4,E01015957,0,3
2024211508225,2024,211508225,2,9,0,-1,19,4,8,-1,0,6,0,0,0,0,1,1,-1,2,1,61,9,2993,2,5,BMW 7 SERIES,-1,-1,0,-1
2024141458063,2024,141458063,1,9,0,-1,19,1,5,-1,0,1,0,0,0,0,2,1,-1,9,1,71,10,2993,2,8,BMW 7 SERIES,9,E01007432,0,2
2024010523418,2024,010523418,1,9,0,18,19,5,1,0,0,8,0,0,0,0,1,1,6,6,3,54,8,4799,1,17,BMW 7 SERIES,-1,-1,0,-1
2024010513087,2024,010513087,2,9,0,99,99,9,9,99,99,9,9,99,9,99,9,9,6,6,1,57,9,-1,3,1,BMW 7 SERIES,1,E01002093,0,1
2024010535414,2024,010535414,2,9,0,99,99,9,9,99,99,9,9,99,9,99,1,9,6,6,3,-1,-1,2993,2,6,BMW 7 SERIES,-1,-1,0,-1
2024421405980,2024,421405980,1,9,0,-1,19,3,7,-1,0,0,0,0,0,0,1,1,-1,9,1,77,11,2993,2,12,BMW 7 SERIES,3,E01034088,0,1
2024320298415,2024,320298415,2,9,0,2,2,0,0,0,0,0,0,0,0,0,1,1,6,6,1,31,6,2993,2,6,BMW 7 SERIES,5,E01034691,0,1
2024010523368,2024,010523368,2,9,9,13,13,9,9,99,99,0,9,99,9,99,9,9,6,6,3,55,8,-1,3,0,BMW 7 SERIES,-1,-1,0,-1
2024231525879,2024,231525879,1,9,0,-1,19,6,2,-1,0,4,0,0,0,0,1,1,-1,2,1,27,6,2993,2,5,BMW 7 SERIES,1,E01009612,0,3
2024440355754,2024,440355754,1,9,0,1,1,8,4,0,0,2,0,0,0,0,2,1,1,1,1,48,8,2993,2,9,BMW 7 SERIES,1,E01017036,0,1
2024010503978,2024,010503978,1,9,0,18,19,3,7,0,0,6,0,0,0,0,1,1,6,6,1,24,5,1998,8,7,BMW 7 SERIES,4,E01002104,0,2
2024010537564,2024,010537564,2,9,0,18,19,7,3,0,0,8,0,0,0,0,1,1,6,6,1,37,7,2993,2,9,BMW 7 SERIES,4,E01001499,0,1
2024041418937,2024,041418937,1,9,0,-1,19,1,5,-1,0,0,0,0,0,0,1,1,-1,6,1,50,8,2993,2,13,BMW 7 SERIES,4,E01025113,0,2
2024421464690,2024,421464690,1,9,0,-1,9,2,3,-1,0,0,0,0,0,0,1,1,-1,6,1,22,5,2993,2,6,BMW 7 SERIES,9,E01002379,0,2
2024010534550,2024,010534550,1,8,0,99,99,9,9,99,99,9,9,99,9,99,9,9,6,6,1,49,8,2993,2,4,BMW 7 SERIES,5,E01015992,0,4
2024471458252,2024,471458252,1,9,0,-1,19,7,3,-1,0,0,0,0,0,0,1,1,-1,9,1,59,9,2993,2,6,BMW 7 SERIES,5,E01031810,0,1
2024401532103,2024,401532103,2,9,0,-1,7,5,7,-1,0,1,0,0,0,0,3,1,-1,6,1,42,7,2993,2,7,BMW 7 SERIES,5,E01015746,0,1
2024010537010,2024,010537010,2,8,0,99,99,9,9,99,99,9,9,99,9,99,9,9,6,6,3,-1,-1,2998,8,4,BMW 7 SERIES,9,E01002322,0,3
2024101417331,2024,101417331,2,9,0,-1,19,7,3,-1,0,8,0,0,0,0,1,1,-1,9,1,58,9,2993,2,5,BMW 7 SERIES,5,E01008879,0,2
2024010548513,2024,010548513,1,9,0,6,6,7,7,0,0,2,0,0,0,0,3,1,1,1,1,50,8,2998,8,5,BMW 7 SERIES,-1,-1,0,-1
2024010535921,2024,010535921,2,9,0,4,4,7,3,0,0,0,0,0,0,0,3,1,6,6,1,46,8,2993,2,8,BMW 7 SERIES,2,E01033586,0,2
2024010529457,2024,010529457,1,9,0,8,8,5,7,0,0,8,0,0,0,0,4,1,1,1,1,49,8,2998,8,4,BMW 7 SERIES,3,E01002765,0,1
2024010528922,2024,010528922,2,9,0,13,13,1,5,0,0,1,0,0,0,0,1,1,6,6,1,27,6,2993,2,6,BMW 7 SERIES,7,E01032767,0,1
2024010530052,2024,010530052,1,9,0,18,19,5,1,0,0,4,0,0,0,0,1,1,6,6,1,75,10,2993,2,9,BMW 7 SERIES,9,E01001281,0,1
2024010539638,2024,010539638,2,9,0,99,99,9,9,99,99,9,9,99,9,99,1,9,6,6,3,36,7,2793,1,27,BMW 7 SERIES,3,E01004471,0,1
2024401463859,2024,401463859,1,9,0,-1,14,1,5,-1,0,1,0,0,0,0,-1,9,-1,6,3,-1,-1,2998,1,9,BMW 7 SERIES,-1,-1,0,-1
2024302401018,2024,302401018,1,9,0,7,7,6,8,0,0,0,0,0,0,0,3,1,6,6,1,70,10,2998,8,4,BMW 7 SERIES,5,E01019564,0,2
2024010525544,2024,010525544,2,9,0,99,99,9,9,99,99,9,9,99,9,99,1,9,6,6,3,-1,-1,2993,2,7,BMW 7 SERIES,-1,-1,0,-1
2024361529190,2024,361529190,2,9,0,-1,3,-1,-1,-1,0,1,0,0,0,0,2,1,-1,6,1,53,8,2993,2,4,BMW 7 SERIES,6,E01026837,0,1
2024010519175,2024,010519175,1,9,0,18,19,7,3,0,0,1,0,0,0,0,1,1,2,2,1,46,8,2993,2,5,BMW 7 SERIES,2,E01000020,0,1
2024201474463,2024,201474463,3,9,0,-1,2,0,0,-1,0,0,0,0,0,0,2,1,-1,6,-1,-1,-1,2998,8,2,BMW 7 SERIES,-1,-1,0,-1
2024010521364,2024,010521364,1,9,0,18,19,6,2,0,0,0,1,0,0,0,1,1,6,6,1,-1,-1,2993,2,5,BMW 7 SERIES,-1,-1,0,-1
2024461520222,2024,461520222,1,9,0,-1,4,7,3,-1,1,2,0,0,0,0,1,1,-1,6,1,39,7,2993,2,12,BMW 7 SERIES,5,E01024571,0,1
2024501489196,2024,501489196,2,9,0,-1,19,2,6,-1,0,8,0,0,0,0,1,9,-1,6,1,44,7,2497,2,17,BMW 7 SERIES,3,E01019985,0,2
2024421443573,2024,421443573,2,9,0,-1,19,3,7,-1,0,0,0,0,0,0,4,1,-1,9,1,33,6,2993,2,5,BMW 7 SERIES,1,E01015841,0,4
2024371475016,2024,371475016,1,9,0,-1,19,5,1,-1,0,0,0,0,0,0,3,1,-1,9,1,30,6,2993,2,11,BMW 7 SERIES,5,E01010109,0,5
2024201414955,2024,201414955,2,9,0,-1,5,2,5,-1,0,1,0,0,0,0,1,9,-1,9,1,-1,-1,2996,2,13,BMW 7 SERIES,4,E01009231,0,1
2024430292878,2024,430292878,1,9,0,18,19,5,1,0,0,6,5,0,3,11,1,1,6,6,1,30,6,2993,2,5,BMW 7 SERIES,4,E01016446,0,1
2024010516568,2024,010516568,1,9,0,3,3,1,5,0,0,1,0,0,0,0,2,1,6,6,1,43,7,2993,2,8,BMW 7 SERIES,8,E01018221,0,4
2024010524534,2024,010524534,3,9,0,18,19,7,3,0,0,1,0,0,0,0,1,1,6,6,1,56,9,2998,1,7,BMW 7 SERIES,-1,-1,0,-1
202460Q030376,2024,60Q030376,2,9,0,9,9,4,2,0,0,6,0,0,0,0,1,1,6,6,1,65,9,2993,2,9,BMW 7 SERIES,-1,-1,0,-1
2024052401278,2024,052401278,1,9,0,16,19,4,7,0,0,0,0,0,7,4,1,1,6,6,1,36,7,3600,1,22,BMW 7 SERIES,1,E01006500,0,1
2024041429034,2024,041429034,2,9,0,-1,19,3,7,-1,0,8,0,0,0,0,1,1,-1,6,1,51,8,2993,2,12,BMW 7 SERIES,1,E01012622,0,1
2024010525134,2024,010525134,2,8,0,18,19,3,7,2,2,6,0,8,3,0,1,1,1,1,1,59,9,1995,2,6,BMW 7 SERIES,3,E01001488,0,3
2024440483504,2024,440483504,1,9,0,18,19,1,5,0,0,0,0,0,0,0,1,1,6,6,1,45,7,2993,2,7,BMW 7 SERIES,10,E01017063,0,1
2024401511179,2024,401511179,2,9,0,-1,2,0,0,-1,0,1,0,0,0,0,2,1,-1,6,-1,-1,-1,2996,2,14,BMW 7 SERIES,-1,-1,0,-1
2024201529675,2024,201529675,1,9,0,-1,19,1,6,-1,0,0,0,0,0,0,1,9,-1,6,2,30,6,2993,2,12,BMW 7 SERIES,-1,-1,0,-1
2024061416357,2024,061416357,4,9,0,-1,19,1,5,-1,0,0,0,0,0,0,1,1,-1,9,1,42,7,2993,2,5,BMW 7 SERIES,8,E01005043,0,2
2024401435952,2024,401435952,1,9,0,-1,19,3,7,-1,0,1,0,0,0,0,4,1,-1,6,1,23,5,2993,2,13,BMW 7 SERIES,3,E01015713,0,1
2024201434153,2024,201434153,2,9,0,-1,19,2,6,-1,0,0,0,0,0,0,1,1,-1,6,2,31,6,2993,2,13,BMW 7 SERIES,1,E01009092,0,1
2024010504868,2024,010504868,1,9,0,18,19,5,1,0,0,1,0,0,0,0,4,1,6,6,1,39,7,2993,2,6,BMW 7 SERIES,4,E01004270,0,2
2024201494553,2024,201494553,1,9,0,-1,19,4,6,-1,0,1,1,0,0,0,1,1,-1,6,1,24,5,2993,2,5,BMW 7 SERIES,2,E01009314,0,1
2024461399537,2024,461399537,2,9,0,-1,2,0,0,-1,0,0,0,0,0,0,1,9,-1,6,-1,-1,-1,1589,1,35,-1,-1,-1,0,-1
2024010551103,2024,010551103,1,9,0,99,99,9,9,99,99,9,9,99,9,99,3,9,6,6,2,60,9,1197,1,2,HYUNDAI I10,4,E01004711,0,1
2024610035824,2024,610035824,1,9,0,5,5,3,7,0,0,8,0,0,0,0,0,1,6,6,2,-1,-1,998,1,5,HYUNDAI I10,4,W01001487,0,1
2024161436168,2024,161436168,1,9,0,-1,19,7,3,-1,0,1,0,0,0,0,1,1,-1,6,2,82,11,998,1,5,HYUNDAI I10,6,E01013048,0,1
202454D866224,2024,54D866224,1,9,0,4,4,2,6,0,0,4,0,0,0,0,1,1,6,6,2,18,4,1248,1,11,HYUNDAI I10,7,E01022823,0,4
2024010507961,2024,010507961,1,9,0,99,99,9,9,99,99,9,9,99,9,99,9,9,6,6,1,54,8,998,1,7,HYUNDAI I10,9,E01000356,0,1
2024430238080,2024,430238080,2,9,0,18,19,5,1,0,0,0,0,0,0,0,2,1,2,2,2,29,6,998,1,5,HYUNDAI I10,6,E01016837,0,1
2024070092161,2024,070092161,1,9,0,18,19,3,7,0,0,0,0,0,0,0,1,1,6,6,2,85,11,1248,1,6,HYUNDAI I10,10,E01018370,0,1
2024070349643,2024,070349643,2,9,0,3,3,3,7,0,0,0,0,0,0,0,2,1,2,2,2,24,5,1248,1,11,HYUNDAI I10,7,W01000301,0,4
2024332400825,2024,332400825,1,9,0,-1,7,6,8,-1,9,5,0,0,0,0,4,1,-1,9,2,59,9,998,1,8,HYUNDAI I10,8,E01025983,0,3
2024421504472,2024,421504472,1,9,0,-1,12,2,6,-1,0,0,0,11,0,0,3,1,-1,6,2,24,5,998,1,1,HYUNDAI I10,9,E01021478,0,4
2024201470333,2024,201470333,2,9,0,-1,19,3,7,-1,0,8,0,0,0,0,1,9,-1,1,1,53,8,1248,1,11,HYUNDAI I10,2,E01010477,0,1
2024141500857,2024,141500857,2,9,0,-1,19,4,7,-1,0,8,0,0,0,0,1,1,-1,9,2,76,11,1248,1,15,HYUNDAI I10,2,E01007872,0,1
2024430560153,2024,430560153,1,9,0,18,19,6,2,0,0,4,0,0,0,0,3,1,2,2,1,54,8,998,1,5,HYUNDAI I10,9,E01022859,0,1
2024461502763,2024,461502763,1,9,0,-1,19,2,2,-1,0,5,1,0,0,0,1,1,-1,9,2,84,11,1248,1,7,HYUNDAI I10,8,E01024434,0,1
2024311435228,2024,311435228,1,9,0,-1,6,6,2,-1,0,2,0,0,0,0,3,9,-1,7,2,43,7,1248,1,13,HYUNDAI I10,9,E01028095,0,1
202417M106124,2024,17M106124,3,9,0,-1,19,2,6,-1,0,0,0,0,0,0,1,1,-1,9,1,33,6,1248,1,13,HYUNDAI I10,-1,-1,0,-1
2024421440103,2024,421440103,1,9,0,-1,19,6,2,-1,0,4,0,0,0,0,1,1,-1,9,2,84,11,1248,1,15,HYUNDAI I10,5,E01021707,0,1
2024421460547,2024,421460547,2,9,0,-1,9,7,3,-1,0,2,0,0,0,0,1,1,-1,9,1,58,9,1248,1,8,HYUNDAI I10,2,E01015855,0,1
2024411492399,2024,411492399,1,9,0,-1,-1,-1,-1,-1,-1,-1,-1,-1,-1,0,1,1,-1,6,1,40,7,1248,1,11,HYUNDAI I10,7,E01023771,0,1
2024371520208,2024,371520208,1,9,0,-1,2,0,0,-1,0,0,1,0,1,0,4,2,-1,9,1,17,4,1248,1,12,HYUNDAI I10,8,E01029885,0,3
2024531449384,2024,531449384,2,9,0,-1,19,1,5,-1,0,0,0,0,0,0,3,1,-1,9,2,76,11,1248,1,11,HYUNDAI I10,6,E01022442,0,1
2024052402126,2024,052402126,3,9,0,3,3,1,5,0,0,1,0,0,0,0,2,1,6,6,2,19,4,1248,1,5,HYUNDAI I10,3,E01007177,0,1
2024471416303,2024,471416303,2,9,0,-1,5,3,7,-1,0,3,0,0,0,0,2,1,-1,9,2,46,8,1248,1,15,HYUNDAI I10,6,E01021034,0,1
2024131475039,2024,131475039,1,9,0,-1,19,7,3,-1,0,0,0,0,0,0,2,1,-1,2,1,27,6,1248,1,9,HYUNDAI I10,6,E01007526,0,4
2024361479249,2024,361479249,1,9,0,-1,19,2,6,-1,0,0,5,4,0,0,1,1,-1,9,1,75,10,1248,1,11,HYUNDAI I10,4,E01030230,0,1
2024101492114,2024,101492114,1,9,0,-1,9,3,1,-1,0,6,0,0,0,0,1,1,-1,9,1,30,6,1248,1,14,HYUNDAI I10,4,E01027408,0,1
2024111459647,2024,111459647,1,9,0,-1,4,8,4,-1,0,1,0,0,0,0,1,1,-1,6,2,30,6,998,1,6,HYUNDAI I10,7,E01020720,0,2
2024161529512,2024,161529512,2,9,0,-1,4,7,3,-1,0,0,0,0,0,0,2,1,-1,1,1,52,8,1248,1,11,HYUNDAI I10,9,E01013372,0,4
2024401519297,2024,401519297,1,9,-1,-1,-1,4,1,-1,-1,0,-1,-1,-1,0,1,9,-1,6,2,26,6,1248,1,11,HYUNDAI I10,2,E01017602,0,1
2024052402034,2024,052402034,1,9,0,18,19,5,1,0,0,0,0,4,0,0,4,1,6,6,2,49,8,998,1,9,HYUNDAI I10,2,E01006813,0,1
2024031493511,2024,031493511,1,9,0,-1,19,6,4,-1,0,7,5,0,1,11,1,1,-1,9,2,85,11,998,1,0,HYUNDAI I10,4,E01025572,0,4
2024421397970,2024,421397970,3,9,0,-1,2,0,0,-1,0,0,0,0,0,0,2,1,-1,6,-1,-1,-1,1248,1,11,HYUNDAI I10,-1,-1,0,-1
2024010525928,2024,010525928,1,9,0,18,19,5,1,0,0,0,0,0,0,0,1,1,6,6,2,25,5,1248,1,10,HYUNDAI I10,5,E01002626,0,1
2024122401014,2024,122401014,1,9,0,18,19,5,1,0,0,0,0,0,0,0,1,1,6,6,1,76,11,998,1,4,HYUNDAI I10,9,E01007442,0,5
2024010504340,2024,010504340,1,9,9,99,99,9,9,99,99,9,9,99,9,99,9,9,6,6,1,44,7,1248,1,8,HYUNDAI I10,6,E01002165,0,2
2024302400748,2024,302400748,1,9,0,17,19,4,1,0,0,8,0,0,0,0,3,1,2,2,1,31,6,998,1,7,HYUNDAI I10,3,E01025950,0,1
2024430024040,2024,430024040,1,9,0,18,19,8,4,0,0,0,2,0,0,0,4,1,2,2,1,45,7,1248,1,15,HYUNDAI I10,7,E01016680,0,2
2024461405090,2024,461405090,2,9,0,-1,3,4,1,-1,0,0,0,0,0,0,2,9,-1,6,2,42,7,998,1,5,HYUNDAI I10,9,E01015982,0,1
2024061482864,2024,061482864,2,9,0,-1,4,5,7,-1,0,0,1,0,0,0,1,1,-1,9,2,42,7,1248,1,12,HYUNDAI I10,2,E01006010,0,1
2024361521773,2024,361521773,2,9,0,-1,2,0,0,-1,0,1,0,0,0,0,2,1,-1,6,1,41,7,1248,1,13,HYUNDAI I10,7,E01026517,0,3
2024552400251,2024,552400251,1,9,0,9,9,4,2,0,0,6,0,0,0,0,3,1,6,6,2,74,10,998,1,1,HYUNDAI I10,9,E01015395,0,2
2024052400963,2024,052400963,1,9,0,9,9,7,5,0,0,1,0,0,0,0,3,1,6,6,2,40,7,1248,1,5,HYUNDAI I10,7,E01029491,0,5
2024201456470,2024,201456470,1,9,0,-1,7,6,8,-1,0,6,0,0,0,0,1,1,-1,6,2,62,9,1248,1,10,HYUNDAI I10,2,E01009291,0,1
2024131421355,2024,131421355,1,9,0,-1,15,1,5,-1,0,1,5,0,0,0,1,1,-1,9,2,87,11,1248,1,10,HYUNDAI I10,3,E01010751,0,1
2024501473181,2024,501473181,1,9,0,-1,19,3,7,-1,0,0,0,0,7,10,3,1,-1,9,2,76,11,1248,1,12,HYUNDAI I10,10,E01019986,0,2
2024501396000,2024,501396000,1,9,0,-1,19,4,8,-1,0,0,1,0,0,0,1,1,-1,2,1,22,5,1086,1,16,HYUNDAI I10,3,E01018991,0,1
2024371466973,2024,371466973,1,9,0,-1,1,4,1,-1,0,0,0,0,0,0,2,1,-1,9,2,51,8,1248,1,7,HYUNDAI I10,4,E01029962,0,1
2024501401062,2024,501401062,1,9,0,-1,19,7,3,-1,0,0,1,0,0,0,1,1,-1,9,2,20,4,998,1,1,HYUNDAI I10,7,E01014075,0,5
2024522401929,2024,522401929,1,9,0,17,19,5,2,0,0,8,0,0,0,0,1,1,6,6,2,28,6,1248,1,12,HYUNDAI I10,2,E01014643,0,3
202460Q047691,2024,60Q047691,2,9,0,17,19,8,4,0,0,0,0,0,1,0,1,1,6,6,2,45,7,998,1,4,HYUNDAI I10,-1,-1,0,-1
2024010529330,2024,010529330,2,9,0,18,19,1,5,0,0,4,0,0,0,0,3,1,6,6,1,18,4,998,1,4,HYUNDAI I10,9,E01001453,0,1
2024610037324,2024,610037324,2,9,0,18,19,3,7,0,0,1,0,0,0,0,3,1,6,6,2,67,10,1248,1,11,HYUNDAI I10,3,W01001336,0,3
2024131421457,2024,131421457,1,9,0,-1,19,1,5,-1,0,0,0,0,0,0,1,1,-1,6,2,76,11,1248,1,7,HYUNDAI I10,5,E01011197,0,2
2024440061893,2024,440061893,1,9,0,18,19,5,1,0,0,1,0,0,1,4,1,1,6,6,2,26,6,1248,1,9,HYUNDAI I10,8,E01022633,0,4
2024471448411,2024,471448411,2,9,0,-1,4,6,2,-1,1,0,0,0,0,0,2,1,-1,9,2,21,5,1248,1,9,HYUNDAI I10,6,E01032833,0,1
2024622400014,2024,622400014,1,9,0,18,19,3,7,0,0,0,0,0,0,0,1,1,2,2,2,25,5,998,1,7,HYUNDAI I10,10,W01001914,0,1
2024141531047,2024,141531047,1,9,0,-1,7,3,5,-1,0,6,0,0,0,0,3,1,-1,9,2,83,11,1248,1,9,HYUNDAI I10,1,E01008037,0,1
2024010535119,2024,010535119,2,9,9,99,99,9,9,99,99,9,9,99,9,99,9,9,6,6,3,-1,-1,1197,1,2,HYUNDAI I10,-1,-1,0,-1
2024061469542,2024,061469542,2,9,0,-1,19,6,2,-1,0,1,0,0,0,0,3,1,-1,9,2,37,7,1248,1,6,HYUNDAI I10,2,E01005702,0,1
2024010504704,2024,010504704,1,9,0,17,19,5,1,2,2,1,0,0,1,1,1,1,6,6,1,29,6,998,1,8,HYUNDAI I10,3,E01003980,0,2
2024031457714,2024,031457714,2,9,0,-1,7,5,1,-1,0,2,0,0,0,0,1,1,-1,6,1,47,8,1248,1,12,HYUNDAI I10,7,E01034072,0,1
2024010551296,2024,010551296,2,9,0,18,19,8,4,0,0,8,0,0,0,0,2,1,6,6,2,18,4,998,1,4,HYUNDAI I10,2,E01004721,0,3
2024201521532,2024,201521532,1,9,0,-1,19,7,3,-1,0,1,0,0,0,0,1,2,-1,6,2,-1,-1,1248,1,13,HYUNDAI I10,-1,-1,0,-1
2024401447210,2024,401447210,1,9,-1,-1,-1,-1,-1,-1,-1,-1,-1,-1,-1,0,-1,9,-1,9,2,34,6,1248,1,15,HYUNDAI I10,10,E01017438,0,2
2024461490203,2024,461490203,1,9,0,-1,5,3,5,-1,0,6,1,0,7,4,3,1,-1,2,2,21,5,998,1,8,HYUNDAI I10,10,E01024323,0,3
2024010500460,2024,010500460,1,9,0,9,9,1,6,0,0,1,0,0,0,0,1,1,2,2,2,42,7,1248,1,8,HYUNDAI I10,-1,-1,0,-1
2024010512935,2024,010512935,2,9,0,99,99,9,9,99,99,9,9,99,9,99,9,9,6,6,3,-1,-1,998,1,6,HYUNDAI I10,-1,-1,0,-1
2024340NN2772,2024,340NN2772,2,9,0,-1,19,7,3,-1,0,1,0,0,7,9,1,1,-1,9,2,75,10,1248,1,11,HYUNDAI I10,2,E01027041,0,1