collision_index,collision_year,collision_ref_no,vehicle_reference,vehicle_type,towing_and_articulation,vehicle_manoeuvre_historic,vehicle_manoeuvre,vehicle_direction_from,vehicle_direction_to,vehicle_location_restricted_lane_historic,vehicle_location_restricted_lane,junction_location,skidding_and_overturning,hit_object_in_carriageway,vehicle_leaving_carriageway,hit_object_off_carriageway,first_point_of_impact,vehicle_left_hand_drive,journey_purpose_of_driver_historic,journey_purpose_of_driver,sex_of_driver,age_of_driver,age_band_of_driver,engine_capacity_cc,propulsion_code,age_of_vehicle,generic_make_model,driver_imd_decile,lsoa_of_driver,escooter_flag,driver_distance_banding
2024201461751,2024,201461751,1,9,0,-1,19,7,3,-1,0,0,0,0,0,0,1,1,-1,9,1,40,7,1248,1,10,HYUNDAI I10,10,E01010150,0,2
2024440190054,2024,440190054,1,9,0,18,19,6,2,0,0,0,0,0,0,0,1,1,6,6,2,83,11,998,1,1,HYUNDAI I10,9,E01015300,0,3
2024211413359,2024,211413359,1,9,0,-1,3,2,6,-1,0,1,0,0,1,0,1,9,-1,9,2,83,11,1086,1,16,HYUNDAI I10,-1,-1,0,-1
2024311436178,2024,311436178,1,9,0,-1,19,7,3,-1,0,5,0,0,0,0,1,1,-1,9,2,76,11,998,1,3,HYUNDAI I10,3,E01017501,0,5
2024361472311,2024,361472311,1,9,0,-1,5,5,1,-1,0,2,0,0,0,0,4,1,-1,6,1,23,5,998,1,8,HYUNDAI I10,1,E01026848,0,1
2024010497373,2024,010497373,1,9,0,99,99,9,9,99,99,9,9,99,9,99,2,9,2,2,1,38,7,1248,1,15,HYUNDAI I10,5,E01002443,0,3
2024421453961,2024,421453961,2,9,0,-1,19,7,3,-1,0,8,0,0,0,0,3,1,-1,6,2,80,11,1248,1,5,HYUNDAI I10,-1,-1,0,-1
2024201490944,2024,201490944,2,9,0,-1,3,3,7,-1,0,0,0,0,0,0,2,1,-1,9,2,51,8,1248,1,5,HYUNDAI I10,2,E01010522,0,1
2024461426361,2024,461426361,1,9,0,-1,19,8,8,-1,0,1,0,0,0,0,1,1,-1,9,2,68,10,1248,1,14,HYUNDAI I10,8,E01024844,0,1
2024411465177,2024,411465177,2,9,0,-1,1,5,1,-1,0,1,0,0,0,0,2,1,-1,2,2,32,6,1248,1,15,HYUNDAI I10,4,E01023937,0,1
2024131502426,2024,131502426,1,9,0,-1,19,5,1,-1,0,0,0,0,0,0,1,1,-1,6,3,25,5,1086,1,16,HYUNDAI I10,-1,-1,0,-1
2024070804480,2024,070804480,1,9,0,-1,19,7,3,-1,0,1,0,0,0,0,1,1,-1,6,1,33,6,1197,1,3,HYUNDAI I10,10,E01018628,0,1
2024302401342,2024,302401342,1,9,0,17,19,4,8,0,0,8,0,0,7,11,1,1,2,2,2,24,5,1248,1,15,HYUNDAI I10,1,E01007873,0,3
2024430028190,2024,430028190,1,9,0,9,9,6,4,0,0,3,0,0,0,0,1,1,2,2,1,21,5,998,1,6,HYUNDAI I10,10,E01017746,0,4
2024361503668,2024,361503668,4,9,0,-1,2,3,7,-1,0,0,0,0,0,0,1,1,-1,6,2,49,8,1248,1,10,HYUNDAI I10,3,E01026640,0,1
2024461494724,2024,461494724,2,9,0,-1,3,1,5,-1,0,8,0,0,0,0,3,9,-1,9,2,25,5,1248,1,11,HYUNDAI I10,4,E01016055,0,2
2024552401280,2024,552401280,1,9,0,5,5,7,3,0,0,8,0,0,0,0,1,1,6,6,1,60,9,1248,1,6,HYUNDAI I10,8,E01030835,0,5
2024361518814,2024,361518814,1,9,0,-1,9,-1,-1,-1,99,0,0,99,0,0,1,1,-1,6,2,63,9,1248,1,12,HYUNDAI I10,9,E01026509,0,3
2024010520032,2024,010520032,3,9,9,18,19,1,5,99,99,9,9,99,9,99,9,9,6,6,2,75,10,1248,1,14,HYUNDAI I10,1,E01004005,0,2
2024421523607,2024,421523607,2,9,0,-1,3,1,3,-1,0,8,1,0,0,0,2,1,-1,6,1,53,8,1248,1,7,HYUNDAI I10,10,E01021403,0,4
2024622400155,2024,622400155,1,9,0,18,19,5,1,0,0,0,0,0,1,11,1,1,6,6,1,46,8,998,1,1,HYUNDAI I10,1,W01000801,0,1
2024201450753,2024,201450753,2,9,0,-1,3,5,1,-1,0,1,0,0,0,0,2,1,-1,9,1,28,6,998,1,8,HYUNDAI I10,3,E01009894,0,1
2024430498019,2024,430498019,1,9,0,16,19,3,6,0,0,0,0,0,0,0,1,1,2,2,2,31,6,1248,1,7,HYUNDAI I10,2,E01000433,0,4
2024111460735,2024,111460735,2,9,0,-1,19,2,5,-1,0,0,0,0,0,0,2,1,-1,6,2,18,4,1248,1,11,HYUNDAI I10,10,E01012337,0,1
2024401447565,2024,401447565,1,9,0,-1,19,5,1,-1,0,1,0,0,0,0,3,9,-1,9,2,77,11,1248,1,15,HYUNDAI I10,2,E01017400,0,1
2024411459784,2024,411459784,2,9,0,-1,19,8,4,-1,0,0,0,0,0,0,1,1,-1,6,1,64,9,1248,1,6,HYUNDAI I10,9,E01023701,0,3
2024631521981,2024,631521981,2,9,0,-1,4,4,8,-1,0,0,0,0,0,0,2,1,-1,9,2,25,5,1248,1,11,HYUNDAI I10,8,W01000554,0,1
2024411434665,2024,411434665,3,9,0,-1,19,3,7,-1,0,1,0,0,0,0,3,1,-1,6,2,37,7,1248,1,15,HYUNDAI I10,6,E01023934,0,1
2024201410745,2024,201410745,1,9,0,-1,4,8,4,-1,0,0,0,0,0,0,3,9,-1,9,2,57,9,1248,1,15,HYUNDAI I10,1,E01010142,0,1
2024471532595,2024,471532595,1,9,0,-1,19,6,8,-1,0,1,0,0,0,0,1,1,-1,9,2,53,8,1248,1,14,HYUNDAI I10,6,E01001149,0,4
2024131418867,2024,131418867,2,9,0,-1,19,6,2,-1,0,0,0,0,0,0,1,2,-1,2,1,64,9,998,1,8,HYUNDAI I10,1,E01011673,0,1
2024201439875,2024,201439875,1,9,0,-1,19,7,3,-1,0,1,0,0,0,0,1,1,-1,6,3,-1,-1,1248,1,13,HYUNDAI I10,-1,-1,0,-1
2024471415548,2024,471415548,2,9,0,-1,11,3,7,-1,0,0,0,0,0,0,1,1,-1,6,2,37,7,1248,1,13,HYUNDAI I10,6,E01031643,0,3
2024421517986,2024,421517986,1,9,0,-1,19,1,5,-1,0,0,0,0,0,0,3,1,-1,6,3,-1,-1,1248,1,14,HYUNDAI I10,-1,-1,0,-1
2024122401301,2024,122401301,1,9,0,4,4,7,3,0,0,8,0,0,0,0,2,1,6,6,1,43,7,998,1,6,HYUNDAI I10,1,E01011491,0,4
2024421401852,2024,421401852,1,9,0,-1,5,3,1,-1,0,7,0,0,0,0,3,9,-1,6,2,64,9,998,1,13,HYUNDAI I10,7,E01021807,0,1
2024302401419,2024,302401419,2,9,0,17,19,2,8,0,0,8,0,0,0,0,2,1,6,6,2,65,9,998,1,2,HYUNDAI I10,7,E01019821,0,1
2024041505666,2024,041505666,2,9,0,-1,19,3,7,-1,0,1,0,0,0,0,1,1,-1,9,2,55,8,998,1,1,HYUNDAI I10,5,E01012727,0,2
2024471473529,2024,471473529,1,9,0,-1,19,7,3,-1,0,2,0,0,0,0,1,1,-1,6,1,42,7,1248,1,15,HYUNDAI I10,1,E01016942,0,1
2024991566001,2024,991566001,2,9,0,-1,19,5,5,-1,0,0,0,0,7,0,1,1,-1,6,2,31,6,998,1,5,HYUNDAI I10,-1,-1,0,-1
2024430622754,2024,430622754,1,9,0,18,19,3,7,0,0,1,0,0,7,0,1,1,6,6,1,56,9,998,1,0,HYUNDAI I10,-1,-1,0,-1
2024041436953,2024,041436953,1,9,0,-1,19,1,5,-1,0,0,0,4,0,0,1,1,-1,9,1,81,11,998,1,3,HYUNDAI I10,7,E01025199,0,1
2024471404894,2024,471404894,1,9,0,-1,3,6,2,-1,0,0,0,0,0,0,4,9,-1,9,1,55,8,1248,1,15,HYUNDAI I10,6,E01034824,0,1
2024991495900,2024,991495900,1,9,0,-1,19,3,7,-1,0,0,0,0,0,0,3,1,-1,9,2,27,6,998,1,7,HYUNDAI I10,1,E01005243,0,5
2024010544891,2024,010544891,1,9,0,99,99,9,9,99,99,9,9,99,9,99,1,9,6,6,1,44,7,998,1,0,HYUNDAI I10,-1,-1,0,-1
2024070982240,2024,070982240,1,9,0,-1,19,6,2,-1,0,1,0,0,0,0,1,1,-1,9,2,66,10,1197,1,0,HYUNDAI I10,8,E01018458,0,1
2024131491904,2024,131491904,1,9,0,-1,19,5,1,-1,0,8,0,0,0,0,4,1,-1,6,2,81,11,998,1,5,HYUNDAI I10,7,E01010860,0,1
2024211473248,2024,211473248,2,9,0,-1,4,5,1,-1,0,0,0,0,0,0,2,1,-1,6,2,45,7,1197,1,3,HYUNDAI I10,9,E01029506,0,1
2024371480640,2024,371480640,2,9,0,-1,2,0,0,-1,0,0,0,0,0,0,3,1,-1,6,-1,-1,-1,998,1,5,HYUNDAI I10,-1,-1,0,-1
2024361453875,2024,361453875,2,9,0,-1,19,5,1,-1,0,0,0,0,0,0,1,1,-1,7,1,19,4,998,1,10,HYUNDAI I10,6,E01026590,0,2
2024340NN1742,2024,340NN1742,1,9,0,-1,19,7,3,-1,0,2,0,0,0,0,1,1,-1,9,2,20,4,998,1,4,HYUNDAI I10,9,E01027084,0,1
2024522402950,2024,522402950,2,9,0,9,9,7,5,0,0,8,0,0,0,0,1,1,6,6,2,21,5,1248,1,12,HYUNDAI I10,9,E01014993,0,1
2024010510004,2024,010510004,3,9,0,18,19,1,5,0,0,1,0,0,0,0,2,1,6,6,1,75,10,1248,1,12,HYUNDAI I10,10,E01004101,0,1
2024501533827,2024,501533827,1,9,0,-1,19,5,1,-1,0,0,0,10,7,10,1,1,-1,9,2,60,9,1248,1,12,HYUNDAI I10,7,E01020136,0,1
2024061477016,2024,061477016,2,9,0,-1,3,7,3,-1,0,0,0,0,0,0,3,1,-1,2,2,42,7,998,1,1,HYUNDAI I10,7,E01004775,0,1
2024461496950,2024,461496950,2,9,0,-1,3,7,3,-1,0,0,0,0,0,0,2,1,-1,9,2,50,8,1197,1,1,HYUNDAI I10,6,E01024432,0,2
2024520001271,2024,520001271,1,9,0,18,19,3,7,0,0,0,0,0,0,0,1,1,6,6,2,78,11,1248,1,11,HYUNDAI I10,9,E01014440,0,1
2024471418172,2024,471418172,1,9,0,-1,9,1,7,-1,0,8,0,0,0,0,1,1,-1,9,1,78,11,998,1,13,HYUNDAI I10,1,E01021136,0,3
2024471426606,2024,471426606,1,9,0,-1,9,8,1,-1,0,1,0,0,0,0,4,1,-1,6,2,84,11,1248,1,14,HYUNDAI I10,9,E01031721,0,2
2024311521209,2024,311521209,1,9,0,-1,19,5,5,-1,0,8,0,0,0,0,4,1,-1,2,2,19,4,998,1,7,HYUNDAI I10,8,E01028417,0,1
2024991509300,2024,991509300,1,9,0,-1,19,8,4,-1,0,4,0,0,0,0,1,1,-1,6,1,20,4,998,1,1,HYUNDAI I10,7,-1,0,2
2024052401565,2024,052401565,1,9,0,18,19,1,5,0,0,1,0,0,0,0,1,1,6,6,2,20,4,1248,1,15,HYUNDAI I10,9,E01007172,0,1
2024522402094,2024,522402094,1,9,0,3,3,6,2,0,0,1,0,0,0,0,2,1,6,6,1,42,7,1248,1,15,HYUNDAI I10,3,E01014682,0,1
2024471443844,2024,471443844,1,9,0,-1,19,3,7,-1,0,2,0,0,0,0,1,1,-1,6,2,27,6,1197,1,4,HYUNDAI I10,5,E01032836,0,1
2024010520746,2024,010520746,2,9,0,99,99,9,9,99,99,9,9,99,9,99,9,9,6,6,3,-1,-1,998,1,10,HYUNDAI I10,-1,-1,0,-1
2024332401172,2024,332401172,1,9,0,-1,19,8,4,-1,0,0,0,0,0,0,1,1,-1,7,2,43,7,1248,1,12,HYUNDAI I10,7,E01013615,0,1
2024421506684,2024,421506684,1,9,0,-1,10,3,8,-1,0,4,0,0,0,0,3,9,-1,9,2,71,10,1248,1,7,HYUNDAI I10,7,E01021702,0,1
2024991459363,2024,991459363,2,9,0,-1,2,1,5,-1,0,0,0,0,0,0,3,1,-1,6,-1,-1,-1,1248,1,14,HYUNDAI I10,-1,-1,0,-1
2024201456687,2024,201456687,1,9,0,-1,5,3,1,-1,0,8,0,0,0,0,1,9,-1,6,2,-1,-1,998,1,10,HYUNDAI I10,-1,-1,0,-1
2024520500296,2024,520500296,1,9,0,18,19,5,1,0,0,1,0,0,0,0,4,1,6,6,2,80,11,1248,1,12,HYUNDAI I10,6,E01029267,0,1
2024522402988,2024,522402988,1,9,0,9,9,4,2,0,0,6,0,0,0,0,4,1,6,6,2,24,5,1248,1,11,HYUNDAI I10,4,E01014485,0,1
2024421492373,2024,421492373,2,9,0,-1,-1,-1,-1,-1,-1,0,-1,-1,-1,0,-1,9,-1,6,2,43,7,998,1,8,HYUNDAI I10,8,E01035180,0,1
2024161410393,2024,161410393,2,9,0,-1,9,3,1,-1,0,8,0,0,0,0,2,1,-1,9,2,85,11,1248,1,12,HYUNDAI I10,10,E01012921,0,2
2024131450385,2024,131450385,2,9,0,-1,19,3,7,-1,0,2,0,0,1,0,1,1,-1,2,2,22,5,1248,1,11,HYUNDAI I10,1,E01010605,0,1
2024440442203,2024,440442203,2,9,0,4,4,1,5,0,0,1,0,0,0,0,1,1,6,6,1,37,7,1248,1,12,HYUNDAI I10,3,E01017227,0,2
2024122400761,2024,122400761,2,9,0,3,3,1,5,0,0,0,0,0,0,0,2,1,6,6,2,21,5,1248,1,13,HYUNDAI I10,9,E01011698,0,1
2024122401225,2024,122401225,1,9,0,7,7,3,5,0,0,5,0,0,1,9,1,1,6,6,2,18,4,1248,1,12,HYUNDAI I10,10,E01027733,0,2
2024221534301,2024,221534301,1,9,0,-1,19,4,8,-1,0,0,0,0,0,0,1,1,-1,6,2,55,8,1197,1,2,HYUNDAI I10,6,E01032288,0,3
2024471442331,2024,471442331,1,9,0,-1,19,1,5,-1,0,1,0,0,1,10,3,1,-1,9,1,42,7,1248,1,15,HYUNDAI I10,1,E01016942,0,1
2024010514893,2024,010514893,2,9,0,99,99,9,9,99,99,9,9,99,9,99,2,9,2,2,2,45,7,998,1,6,HYUNDAI I10,7,E01002514,0,1
2024302401054,2024,302401054,1,9,0,7,7,2,4,0,0,6,0,0,0,0,3,1,6,6,1,90,11,1248,1,6,HYUNDAI I10,9,E01019602,0,2
2024041479735,2024,041479735,1,9,0,-1,19,3,7,-1,0,0,0,0,0,0,1,1,-1,9,2,17,4,1248,1,13,HYUNDAI I10,2,E01025091,0,1
2024471419126,2024,471419126,1,9,0,-1,19,1,5,-1,0,0,0,0,1,11,1,1,-1,6,2,21,5,1248,1,12,HYUNDAI I10,9,E01031489,0,1
2024010512076,2024,010512076,1,9,0,5,5,4,8,0,0,2,0,0,1,0,4,1,6,6,2,32,6,1248,1,5,HYUNDAI I10,8,E01000246,0,1
2024070662484,2024,070662484,1,9,0,5,5,5,1,0,0,2,0,0,0,0,3,1,6,6,2,69,10,998,1,5,HYUNDAI I10,3,E01018710,0,2
2024122400883,2024,122400883,2,9,0,18,19,7,3,0,0,1,1,0,0,0,1,1,6,6,2,28,6,1248,1,14,HYUNDAI I10,4,E01013390,0,3
2024411501563,2024,411501563,2,9,0,-1,7,4,7,-1,0,6,0,0,0,0,1,1,-1,9,2,33,6,998,1,8,HYUNDAI I10,3,E01000222,0,3
2024461479136,2024,461479136,2,9,0,-1,19,1,5,-1,0,0,0,0,0,0,1,9,-1,6,1,17,4,998,1,10,HYUNDAI I10,6,E01024378,0,3
2024010544505,2024,010544505,1,9,0,99,99,9,9,99,99,9,9,99,9,99,1,9,6,6,3,26,6,1248,1,5,HYUNDAI I10,-1,-1,0,-1
2024340WN0252,2024,340WN0252,2,9,0,-1,19,8,4,-1,0,0,0,0,0,0,2,1,-1,9,2,19,4,1248,1,12,HYUNDAI I10,9,E01035480,0,5
2024451419607,2024,451419607,1,9,0,-1,7,5,8,-1,0,6,0,0,0,0,1,1,-1,9,1,87,11,1248,1,9,HYUNDAI I10,9,E01030947,0,1
2024401411424,2024,401411424,2,9,-1,-1,-1,-1,-1,-1,-1,0,-1,-1,-1,0,3,9,-1,9,2,20,4,998,1,7,HYUNDAI I10,10,E01023803,0,3
2024440100615,2024,440100615,2,9,0,18,19,6,3,0,0,8,0,0,0,0,4,1,2,2,2,52,8,998,1,8,HYUNDAI I10,10,E01022850,0,1
2024531398087,2024,531398087,1,9,0,-1,19,5,1,-1,0,0,5,0,1,4,3,1,-1,9,1,17,4,1248,1,15,HYUNDAI I10,8,E01022437,0,2
2024311525790,2024,311525790,3,9,0,-1,19,5,8,-1,0,0,1,0,7,0,1,1,-1,9,1,74,10,1248,1,12,HYUNDAI I10,4,E01027928,0,1
2024340WN0152,2024,340WN0152,1,9,0,-1,19,4,8,-1,0,0,1,0,0,0,1,1,-1,1,2,37,7,1248,1,16,HYUNDAI I10,10,E01027300,0,2
2024070398270,2024,070398270,2,9,0,18,19,7,3,0,0,1,0,0,0,0,2,1,6,6,2,39,7,1248,1,5,HYUNDAI I10,8,E01018591,0,1
202417S303224,2024,17S303224,2,9,0,18,19,2,6,0,0,0,0,0,0,0,2,1,6,6,2,49,8,1248,1,11,HYUNDAI I10,1,E01012121,0,3
2024041439380,2024,041439380,2,9,0,-1,19,7,3,-1,0,0,0,0,0,0,1,1,-1,9,2,21,5,998,1,9,HYUNDAI I10,8,E01005058,0,4
2024520403445,2024,520403445,2,9,0,17,19,7,3,0,0,0,5,0,1,10,3,1,6,6,1,29,6,1248,1,11,HYUNDAI I10,2,E01029112,0,2
2024010542565,2024,010542565,2,9,0,18,19,1,5,0,0,3,0,0,0,0,3,1,1,1,2,33,6,1248,1,12,HYUNDAI I10,4,E01002442,0,2
2024421418126,2024,421418126,2,9,0,-1,9,5,3,-1,0,1,0,0,0,0,3,1,-1,6,1,66,10,1248,1,12,HYUNDAI I10,6,E01021344,0,1
2024622400243,2024,622400243,1,9,0,18,19,2,6,0,0,0,0,0,1,2,1,1,2,2,2,42,7,998,1,7,HYUNDAI I10,3,W01001805,0,1
2024451479576,2024,451479576,2,9,0,-1,9,6,4,-1,0,4,0,0,0,0,4,1,-1,6,2,35,6,1248,1,12,HYUNDAI I10,7,E01030905,0,1
2024552401458,2024,552401458,1,9,0,18,19,8,4,0,0,0,2,0,1,10,1,1,2,2,1,19,4,1248,1,14,HYUNDAI I10,5,E01035121,0,3
2024991418635,2024,991418635,2,9,0,-1,4,3,7,-1,0,1,0,0,0,0,2,1,-1,9,2,32,6,1248,1,5,HYUNDAI I10,3,-1,0,1
2024361493842,2024,361493842,1,9,0,-1,4,4,8,-1,0,0,0,0,0,0,1,1,-1,9,1,18,4,998,1,9,HYUNDAI I10,8,E01018206,0,4
2024010509217,2024,010509217,2,9,0,99,99,9,9,99,99,9,9,99,9,99,9,9,6,6,3,67,10,1248,1,14,HYUNDAI I10,2,E01003991,0,1
2024531497634,2024,531497634,1,9,0,-1,19,7,3,-1,0,0,0,0,0,0,1,9,-1,6,2,44,7,998,1,7,HYUNDAI I10,7,E01022248,0,4
2024201431271,2024,201431271,1,9,0,-1,14,4,8,-1,0,0,0,0,0,0,1,1,-1,9,2,52,8,1248,1,12,HYUNDAI I10,5,E01009765,0,1
2024471509194,2024,471509194,2,9,0,-1,4,4,8,-1,0,0,0,0,0,0,2,1,-1,1,2,32,6,1248,1,11,HYUNDAI I10,3,E01031360,0,3
2024631470799,2024,631470799,1,9,0,-1,19,7,3,-1,0,0,0,0,1,4,1,1,-1,6,1,22,5,1248,1,15,HYUNDAI I10,2,W01000745,0,5
2024131448080,2024,131448080,1,9,0,-1,11,7,1,-1,0,8,0,0,0,0,4,1,-1,9,1,21,5,1248,1,11,HYUNDAI I10,3,E01012817,0,4
2024161496759,2024,161496759,2,9,0,-1,5,5,1,-1,0,1,0,0,0,0,1,1,-1,6,3,26,6,1248,1,13,HYUNDAI I10,-1,-1,0,-1
2024201460966,2024,201460966,1,9,0,-1,19,3,7,-1,0,6,0,0,0,0,1,1,-1,1,1,29,6,1248,1,12,HYUNDAI I10,1,E01009892,0,1
2024010540828,2024,010540828,1,9,0,5,5,1,5,0,0,6,0,0,3,0,1,1,2,2,2,47,8,1248,1,15,HYUNDAI I10,2,E01001361,0,3
2024010509267,2024,010509267,1,9,0,18,19,1,5,0,0,6,0,0,0,0,1,1,6,6,2,55,8,1197,1,1,HYUNDAI I10,9,E01001018,0,2
2024461513515,2024,461513515,1,9,0,-1,19,1,5,-1,0,0,5,10,0,0,1,1,-1,9,2,87,11,1248,1,11,HYUNDAI I10,7,E01024037,0,3
2024522401105,2024,522401105,2,9,0,7,7,8,3,0,0,6,0,0,0,0,1,1,6,6,3,-1,-1,1248,1,15,HYUNDAI I10,-1,-1,0,-1
2024161497202,2024,161497202,1,9,0,-1,19,8,4,-1,0,0,0,0,0,0,3,1,-1,6,2,47,8,998,1,8,HYUNDAI I10,1,E01012838,0,1
2024451489532,2024,451489532,2,9,0,-1,2,1,1,-1,0,0,0,0,0,0,3,9,-1,6,2,49,8,998,1,0,HYUNDAI I10,10,E01030769,0,1
2024340NN2932,2024,340NN2932,2,9,0,-1,19,5,1,-1,0,0,0,0,0,0,3,1,-1,9,1,71,10,1248,1,7,HYUNDAI I10,5,E01027126,0,3
2024351455234,2024,351455234,1,9,0,-1,5,5,1,-1,0,8,1,0,0,0,3,1,-1,9,2,18,4,998,1,5,HYUNDAI I10,7,E01018129,0,1
2024461514969,2024,461514969,2,9,0,-1,19,1,5,-1,0,1,0,0,0,0,1,2,-1,6,1,23,5,1248,1,14,HYUNDAI I10,4,E01024262,0,1
2024501408834,2024,501408834,1,9,0,-1,19,2,6,-1,0,0,0,0,0,0,1,9,-1,6,1,37,7,1248,1,12,HYUNDAI I10,6,E01018752,0,3
2024231534345,2024,231534345,2,9,0,-1,19,2,6,-1,0,8,0,0,0,0,1,1,-1,9,1,60,9,1248,1,14,HYUNDAI I10,4,E01009544,0,2
2024061422442,2024,061422442,1,9,0,-1,19,5,8,-1,0,1,0,0,0,0,1,1,-1,2,2,67,10,1248,1,12,HYUNDAI I10,1,E01005253,0,1
2024522401457,2024,522401457,1,9,0,18,19,6,2,0,0,8,0,0,0,0,1,1,6,6,2,76,11,998,1,9,HYUNDAI I10,8,E01014996,0,1
2024201488864,2024,201488864,3,9,0,-1,2,0,0,-1,0,2,0,0,0,0,3,1,-1,6,1,-1,-1,1248,1,12,HYUNDAI I10,-1,-1,0,-1
2024010506497,2024,010506497,1,9,0,2,2,0,0,0,0,2,0,0,0,0,2,1,6,6,3,-1,-1,998,1,6,HYUNDAI I10,-1,-1,0,-1
2024471515924,2024,471515924,1,9,0,-1,19,3,7,-1,0,8,0,0,0,0,1,1,-1,2,1,18,4,1248,1,13,HYUNDAI I10,7,E01021046,0,3
2024361512474,2024,361512474,2,9,0,-1,3,5,1,-1,0,2,0,0,0,0,1,1,-1,1,1,19,4,1086,1,16,HYUNDAI I10,5,E01018067,0,1
2024991410383,2024,991410383,1,9,0,-1,6,8,8,-1,0,1,0,0,0,0,3,1,-1,9,2,74,10,998,1,1,HYUNDAI I10,-1,-1,0,-1
2024041421134,2024,041421134,1,9,0,-1,5,3,3,-1,0,6,0,0,0,0,1,1,-1,6,1,83,11,1248,1,15,HYUNDAI I10,3,E01025554,0,2
2024010514205,2024,010514205,2,9,0,9,9,3,2,2,2,6,0,0,0,0,4,1,6,6,1,20,4,1248,1,12,HYUNDAI I10,7,E01003139,0,2
2024070346353,2024,070346353,1,9,0,18,19,3,7,0,0,0,0,0,0,0,4,1,6,6,1,69,10,1248,1,7,HYUNDAI I10,8,E01018555,0,1
2024122401305,2024,122401305,1,9,0,16,19,1,4,0,0,0,2,0,1,10,1,1,6,6,1,21,5,1248,1,11,HYUNDAI I10,4,E01027813,0,3
2024501522449,2024,501522449,2,9,0,-1,19,1,5,-1,0,8,1,0,0,0,1,1,-1,9,1,68,10,998,1,5,HYUNDAI I10,4,E01018920,0,1
2024361509451,2024,361509451,1,9,0,-1,19,1,5,-1,0,1,0,0,0,0,1,1,-1,9,2,33,6,1248,1,5,HYUNDAI I10,9,E01021561,0,5
2024161527449,2024,161527449,2,9,0,-1,2,0,0,-1,0,0,0,0,0,0,2,1,-1,6,-1,-1,-1,998,1,0,HYUNDAI I10,-1,-1,0,-1
2024471535548,2024,471535548,1,9,0,-1,19,2,6,-1,0,0,5,0,7,10,1,1,-1,9,1,17,4,1248,1,15,HYUNDAI I10,4,E01031836,0,3
2024549445424,2024,549445424,1,9,0,18,19,2,6,0,0,1,0,0,0,0,1,1,1,1,2,27,6,1248,1,15,HYUNDAI I10,6,E01032692,0,1
2024451498793,2024,451498793,2,9,0,-1,19,5,1,-1,0,2,0,0,0,0,1,1,-1,2,2,52,8,1248,1,12,HYUNDAI I10,9,E01031001,0,1
2024141413020,2024,141413020,2,9,0,-1,19,5,1,-1,0,2,0,0,0,0,1,1,-1,9,1,62,9,1248,1,14,HYUNDAI I10,4,E01007331,0,1
2024421398063,2024,421398063,2,9,0,-1,19,8,2,-1,0,0,0,0,0,0,1,1,-1,9,2,58,9,1248,1,12,HYUNDAI I10,1,E01021998,0,3
2024991424406,2024,991424406,1,9,0,-1,5,5,1,-1,0,0,0,0,0,0,1,1,-1,1,2,61,9,998,1,2,HYUNDAI I10,7,-1,0,1
2024991497930,2024,991497930,1,9,0,-1,19,5,1,-1,0,0,0,0,0,0,4,1,-1,9,1,24,5,1248,1,14,HYUNDAI I10,5,-1,0,3
2024421429619,2024,421429619,1,9,0,-1,19,4,7,-1,0,0,0,0,1,6,1,1,-1,9,2,69,10,1248,1,10,HYUNDAI I10,4,E01021004,0,4
2024461467401,2024,461467401,1,9,0,-1,19,4,8,-1,0,0,5,4,0,0,1,1,-1,6,2,55,8,1248,1,10,HYUNDAI I10,3,E01024668,0,1
2024010517161,2024,010517161,2,9,0,9,9,9,9,99,99,5,9,99,9,99,1,9,6,6,3,84,11,1248,1,9,HYUNDAI I10,7,E01000871,0,1
2024471444714,2024,471444714,1,9,0,-1,19,3,7,-1,0,1,0,0,0,0,4,1,-1,6,2,22,5,1086,1,16,HYUNDAI I10,6,E01016967,0,1
2024522402727,2024,522402727,2,9,0,17,19,2,8,0,0,0,1,0,0,0,2,1,6,6,2,18,4,1248,1,14,HYUNDAI I10,8,E01014797,0,1
2024461424325,2024,461424325,2,9,0,-1,19,8,4,-1,0,0,0,0,0,0,4,1,-1,9,1,29,6,1248,1,12,HYUNDAI I10,6,E01024378,0,2
2024430272981,2024,430272981,2,9,0,18,19,6,2,0,0,0,0,0,1,9,1,1,6,6,1,69,10,1248,1,13,HYUNDAI I10,8,E01002536,0,2
2024351422734,2024,351422734,2,9,0,-1,4,6,2,-1,0,0,0,0,0,0,2,1,-1,6,2,75,10,1248,1,9,HYUNDAI I10,5,E01018212,0,1
2024211530323,2024,211530323,2,9,0,-1,19,-1,-1,-1,-1,0,-1,-1,-1,0,-1,9,-1,6,2,71,10,998,1,5,HYUNDAI I10,6,E01014360,0,1
202417M112924,2024,17M112924,2,9,0,-1,19,5,8,-1,0,4,0,0,0,0,1,1,-1,9,1,-1,-1,998,1,10,HYUNDAI I10,-1,-1,0,-1
2024071018455,2024,071018455,1,9,0,-1,19,2,6,-1,0,4,0,0,0,0,1,1,-1,1,1,28,6,1197,1,2,HYUNDAI I10,1,E01006697,0,3
2024332401180,2024,332401180,1,9,0,-1,3,1,5,-1,0,1,0,0,0,0,2,1,-1,2,2,27,6,1248,1,9,HYUNDAI I10,7,E01031137,0,2