collision_index,collision_year,collision_ref_no,vehicle_reference,vehicle_type,towing_and_articulation,vehicle_manoeuvre_historic,vehicle_manoeuvre,vehicle_direction_from,vehicle_direction_to,vehicle_location_restricted_lane_historic,vehicle_location_restricted_lane,junction_location,skidding_and_overturning,hit_object_in_carriageway,vehicle_leaving_carriageway,hit_object_off_carriageway,first_point_of_impact,vehicle_left_hand_drive,journey_purpose_of_driver_historic,journey_purpose_of_driver,sex_of_driver,age_of_driver,age_band_of_driver,engine_capacity_cc,propulsion_code,age_of_vehicle,generic_make_model,driver_imd_decile,lsoa_of_driver,escooter_flag,driver_distance_banding
2024010521495,2024,010521495,2,9,0,16,19,3,7,0,0,3,0,0,0,0,1,1,6,6,1,63,9,1248,1,9,HYUNDAI I10,10,E01035235,0,4
2024061433670,2024,061433670,1,9,0,-1,9,-1,-1,-1,99,0,0,0,0,0,1,1,-1,9,2,56,9,1248,1,13,HYUNDAI I10,1,E01005984,0,1
2024141445293,2024,141445293,2,9,0,-1,3,2,6,-1,0,0,0,0,0,0,2,1,-1,6,-1,84,11,1197,1,1,HYUNDAI I10,-1,-1,0,-1
2024061499538,2024,061499538,1,9,0,-1,3,3,7,-1,0,8,0,0,1,0,2,1,-1,2,2,28,6,1248,1,14,HYUNDAI I10,1,E01005527,0,1
2024320336994,2024,320336994,1,9,0,-1,-1,6,2,0,0,3,5,0,0,10,1,1,6,6,1,28,6,1248,1,15,HYUNDAI I10,4,E01026071,0,4
2024991451039,2024,991451039,1,9,0,-1,19,7,3,-1,0,2,0,0,0,0,1,1,-1,6,1,22,5,1248,1,14,HYUNDAI I10,3,-1,0,2
2024111446425,2024,111446425,1,9,0,-1,19,7,3,-1,0,1,1,0,0,0,1,1,-1,1,2,17,4,1248,1,13,HYUNDAI I10,2,E01020797,0,3
2024471497182,2024,471497182,1,9,0,-1,7,3,5,-1,0,5,0,0,0,0,2,1,-1,9,1,39,7,1248,1,14,HYUNDAI I10,10,E01035348,0,1
2024501485804,2024,501485804,1,9,0,-1,19,6,2,-1,0,0,0,0,0,0,1,1,-1,6,1,78,11,998,1,5,HYUNDAI I10,6,E01020006,0,1
2024552401179,2024,552401179,3,9,0,2,2,0,0,0,0,8,0,0,0,0,4,1,6,6,3,-1,-1,998,1,0,HYUNDAI I10,-1,-1,0,-1
2024131472966,2024,131472966,1,9,0,-1,9,1,5,-1,0,8,0,0,0,0,1,1,-1,9,2,18,4,1248,1,13,HYUNDAI I10,2,E01011854,0,1
2024451514534,2024,451514534,1,9,0,-1,19,1,5,-1,0,0,5,0,0,0,1,1,-1,9,1,20,4,1248,1,13,HYUNDAI I10,5,E01034293,0,3
2024061483929,2024,061483929,1,9,0,-1,19,7,8,-1,0,1,0,0,0,0,1,1,-1,6,2,52,8,1248,1,15,HYUNDAI I10,1,E01005321,0,1
2024010527165,2024,010527165,2,9,0,18,19,5,1,0,0,1,0,0,0,0,1,1,6,6,2,80,11,998,1,9,HYUNDAI I10,-1,-1,0,-1
2024141532290,2024,141532290,1,9,0,-1,3,7,2,-1,0,0,0,0,0,0,2,1,-1,6,2,41,7,998,1,8,HYUNDAI I10,1,E01007723,0,1
2024991490765,2024,991490765,2,9,0,-1,4,2,6,-1,0,0,0,0,0,0,2,1,-1,9,2,82,11,1197,1,0,HYUNDAI I10,-1,-1,0,-1
2024221539054,2024,221539054,1,9,0,-1,9,8,6,-1,0,5,0,0,0,0,1,9,-1,9,2,83,11,1248,1,10,HYUNDAI I10,6,E01032476,0,1
2024440074862,2024,440074862,2,9,0,10,10,4,8,0,0,1,0,0,7,10,4,1,6,6,2,70,10,1248,1,14,HYUNDAI I10,5,E01017311,0,1
2024041426513,2024,041426513,2,9,0,-1,5,1,3,-1,0,1,0,0,0,0,4,1,-1,9,2,37,7,1248,1,15,HYUNDAI I10,5,E01024859,0,2
2024052401168,2024,052401168,2,9,0,5,5,5,1,0,0,8,0,0,0,0,2,1,6,6,1,22,5,998,1,8,HYUNDAI I10,1,E01006676,0,1
2024061513970,2024,061513970,1,9,0,-1,9,-1,-1,-1,99,0,0,99,0,0,1,1,-1,2,2,48,8,998,1,3,HYUNDAI I10,6,E01004912,0,1
2024221438233,2024,221438233,1,9,0,-1,19,5,1,-1,0,0,0,4,0,0,1,1,-1,2,1,36,7,1248,1,11,HYUNDAI I10,5,E01032188,0,1
2024311460466,2024,311460466,1,9,0,-1,19,8,5,-1,0,1,0,0,0,0,1,1,-1,1,2,54,8,1248,1,9,HYUNDAI I10,7,E01028086,0,1
2024461506248,2024,461506248,1,9,0,-1,19,6,4,-1,0,0,0,0,0,0,1,1,-1,9,2,87,11,1248,1,6,HYUNDAI I10,10,E01024337,0,3
2024440455882,2024,440455882,2,9,0,18,19,7,3,0,0,1,0,0,0,0,1,1,6,6,2,18,4,1248,1,10,HYUNDAI I10,10,E01022518,0,1
2024421445209,2024,421445209,1,9,0,-1,1,8,1,-1,0,1,0,0,0,0,2,1,-1,9,2,92,11,1248,1,9,HYUNDAI I10,9,E01021825,0,1
2024501533557,2024,501533557,2,9,0,-1,5,5,1,-1,0,8,0,0,0,0,2,1,-1,9,2,64,9,998,1,8,HYUNDAI I10,2,E01020015,0,1
2024501450439,2024,501450439,1,9,0,-1,2,0,0,-1,0,2,0,0,0,0,2,1,-1,6,1,77,11,1248,1,13,HYUNDAI I10,8,E01018792,0,1
2024520002674,2024,520002674,4,9,0,2,2,0,0,0,0,0,0,0,0,0,3,1,6,6,2,33,6,1248,1,15,HYUNDAI I10,9,E01014481,0,1
2024440545647,2024,440545647,1,9,0,18,19,3,7,0,0,1,0,0,0,0,3,1,6,6,1,61,9,998,1,2,HYUNDAI I10,7,E01017094,0,1
2024010512691,2024,010512691,2,9,0,99,99,9,9,99,99,9,9,99,9,99,9,9,6,6,3,-1,-1,1248,1,12,HYUNDAI I10,-1,-1,0,-1
2024302400755,2024,302400755,2,9,0,18,19,8,2,0,0,0,0,0,0,0,4,1,6,6,2,22,5,998,1,7,HYUNDAI I10,1,E01013584,0,1
2024421517965,2024,421517965,1,9,0,-1,19,8,4,-1,0,2,0,0,0,0,1,1,-1,6,1,81,11,1248,1,7,HYUNDAI I10,8,E01002391,0,2
2024430214335,2024,430214335,2,9,0,18,19,3,7,0,0,8,0,10,7,0,1,1,6,6,1,52,8,1248,1,11,HYUNDAI I10,10,E01035235,0,2
2024440459801,2024,440459801,2,9,0,13,13,1,5,0,0,0,0,0,0,0,4,1,6,6,1,-1,-1,1248,1,14,HYUNDAI I10,-1,-1,0,-1
2024201550617,2024,201550617,1,9,0,-1,5,1,3,-1,0,0,0,0,0,0,4,9,-1,2,2,40,7,998,1,7,HYUNDAI I10,3,E01010018,0,1
2024440407022,2024,440407022,2,9,0,18,19,6,2,0,0,8,0,0,0,0,1,1,6,6,2,85,11,1248,1,11,HYUNDAI I10,4,E01023106,0,1
2024552400635,2024,552400635,2,9,0,3,3,6,2,0,0,1,0,0,0,0,2,1,6,6,2,28,6,1248,1,9,HYUNDAI I10,4,E01015343,0,1
2024101416827,2024,101416827,1,9,0,-1,4,7,3,-1,0,0,0,0,0,0,2,9,-1,6,1,65,9,1248,1,11,HYUNDAI I10,1,E01008827,0,1
2024552400578,2024,552400578,2,9,0,4,4,4,8,0,0,0,0,0,0,0,2,1,3,7,2,18,4,998,1,0,HYUNDAI I10,7,E01020537,0,4
2024451419546,2024,451419546,1,9,0,-1,19,3,7,-1,0,0,0,0,1,4,1,1,-1,9,1,74,10,998,1,2,HYUNDAI I10,10,E01030543,0,2
2024101415100,2024,101415100,1,9,0,-1,19,7,3,-1,0,6,0,0,0,0,1,1,-1,6,2,28,6,1248,1,12,HYUNDAI I10,-1,-1,0,-1
2024451434593,2024,451434593,1,9,0,-1,19,7,3,-1,0,0,0,0,0,0,2,1,-1,9,1,43,7,1248,1,8,HYUNDAI I10,4,E01016448,0,3
2024302401613,2024,302401613,2,9,0,18,19,6,2,0,0,3,1,0,0,0,4,1,6,6,2,20,4,1248,1,9,HYUNDAI I10,10,E01022415,0,5
2024451490683,2024,451490683,1,9,0,-1,11,1,1,-1,0,0,0,0,1,0,3,1,-1,2,2,27,6,1248,1,7,HYUNDAI I10,7,E01016569,0,2
202454B380424,2024,54B380424,1,9,0,18,19,2,6,0,0,1,0,0,0,0,1,1,6,6,1,85,11,1248,1,14,HYUNDAI I10,8,E01031918,0,1
2024311517581,2024,311517581,2,9,0,-1,9,6,4,-1,0,8,0,0,0,0,1,1,-1,9,2,40,7,998,1,0,HYUNDAI I10,-1,-1,0,-1
2024201530300,2024,201530300,1,9,0,-1,7,5,7,-1,0,6,0,0,0,0,1,9,-1,2,2,61,9,1248,1,14,HYUNDAI I10,9,E01031304,0,3
2024451518029,2024,451518029,1,9,0,-1,9,3,7,-1,0,5,0,0,0,0,3,1,-1,9,2,69,10,1248,1,6,HYUNDAI I10,3,E01030578,0,1
2024231399327,2024,231399327,2,9,0,-1,-1,1,3,-1,-1,5,0,0,0,0,4,9,-1,-1,1,20,4,998,1,8,HYUNDAI I10,4,E01009313,0,2
2024041494820,2024,041494820,1,9,0,-1,19,5,1,-1,0,0,0,0,0,0,1,1,-1,6,2,58,9,998,1,8,HYUNDAI I10,6,E01034340,0,1
2024302401761,2024,302401761,2,9,0,-1,4,1,5,-1,0,1,0,0,0,0,2,1,-1,2,2,42,7,1248,1,9,HYUNDAI I10,8,E01019872,0,1
2024622400086,2024,622400086,1,9,0,18,19,5,1,0,0,8,0,0,0,0,1,1,6,6,1,18,4,1248,1,11,HYUNDAI I10,9,W01000815,0,2
2024131476708,2024,131476708,2,9,0,-1,2,1,5,-1,0,0,0,0,0,0,1,1,-1,6,-1,-1,-1,1248,1,13,HYUNDAI I10,-1,-1,0,-1
2024501453217,2024,501453217,1,9,0,-1,19,8,4,-1,0,8,0,0,0,0,1,1,-1,9,1,62,9,1248,1,12,HYUNDAI I10,6,E01032051,0,5
2024231524968,2024,231524968,1,9,0,-1,19,4,8,-1,0,8,0,4,0,0,1,1,-1,1,2,40,7,1248,1,8,HYUNDAI I10,10,E01031228,0,1
2024501504498,2024,501504498,1,9,0,-1,14,2,6,-1,0,0,0,0,7,0,1,1,-1,6,1,86,11,1197,1,2,HYUNDAI I10,8,E01019915,0,3
2024332401237,2024,332401237,4,9,0,-1,2,0,0,-1,9,0,0,0,0,0,4,1,-1,6,3,-1,-1,998,1,10,HYUNDAI I10,-1,-1,0,-1
2024471416027,2024,471416027,9,9,0,-1,19,7,3,-1,0,0,1,0,0,0,1,1,-1,6,2,25,5,1248,1,10,HYUNDAI I10,5,E01031834,0,4
2024332400645,2024,332400645,2,9,0,-1,4,6,2,-1,0,8,0,0,0,0,2,1,-1,6,2,22,5,1248,1,11,HYUNDAI I10,1,E01013755,0,1
2024471483210,2024,471483210,1,9,0,-1,19,3,7,-1,0,0,1,11,7,9,3,1,-1,9,1,22,5,1248,1,14,HYUNDAI I10,4,E01021076,0,1
2024991489182,2024,991489182,2,9,0,-1,10,2,7,-1,0,8,0,0,0,0,1,1,-1,6,1,81,11,998,1,6,HYUNDAI I10,1,-1,0,1
2024122400138,2024,122400138,1,9,0,11,11,5,7,0,0,1,0,0,1,1,1,1,6,6,2,83,11,998,1,6,HYUNDAI I10,10,E01027698,0,1
2024421406961,2024,421406961,2,9,0,-1,19,7,3,-1,0,8,0,0,7,0,1,1,-1,6,1,17,4,1086,1,16,HYUNDAI I10,6,E01021980,0,1
2024041526620,2024,041526620,1,9,0,-1,12,5,1,-1,0,0,0,0,0,0,4,1,-1,9,1,87,11,1248,1,15,HYUNDAI I10,7,E01025174,0,1
2024461488880,2024,461488880,2,9,0,-1,19,-1,-1,-1,0,0,0,0,0,0,3,9,-1,6,2,36,7,1248,1,7,HYUNDAI I10,2,E01016025,0,1
2024411444109,2024,411444109,1,9,0,-1,19,5,1,-1,0,1,0,0,0,0,1,1,-1,6,3,-1,-1,1248,1,14,HYUNDAI I10,-1,-1,0,-1
2024131442236,2024,131442236,2,9,0,-1,8,5,1,-1,0,0,0,0,0,0,2,1,-1,9,2,60,9,998,1,7,HYUNDAI I10,2,E01011104,0,1
2024101398126,2024,101398126,1,9,0,-1,7,1,8,-1,0,5,0,0,0,0,4,9,-1,6,2,40,7,1248,1,13,HYUNDAI I10,1,E01008227,0,1
2024430108749,2024,430108749,1,9,0,3,3,8,4,0,0,0,0,0,0,0,2,1,6,6,2,63,9,1248,1,8,HYUNDAI I10,3,E01033857,0,1
2024401498265,2024,401498265,2,9,0,-1,2,0,0,-1,0,1,0,0,7,11,4,1,-1,6,1,34,6,1248,1,11,HYUNDAI I10,3,E01015783,0,1
2024211512101,2024,211512101,1,9,0,-1,4,7,3,-1,0,0,0,0,0,0,2,1,-1,9,1,78,11,998,1,8,HYUNDAI I10,5,E01014308,0,1
2024531438910,2024,531438910,1,9,0,-1,19,5,1,-1,0,0,1,0,1,0,1,1,-1,9,2,20,4,1248,1,12,HYUNDAI I10,6,E01032395,0,4
2024430486673,2024,430486673,2,9,0,4,4,9,9,0,0,0,0,0,0,0,2,1,1,1,2,48,8,998,1,10,HYUNDAI I10,10,E01028622,0,1
2024991446638,2024,991446638,1,9,0,-1,5,7,1,-1,0,6,0,0,3,0,3,1,-1,6,2,18,4,1248,1,10,HYUNDAI I10,4,-1,0,1
2024440300799,2024,440300799,1,9,0,4,4,7,1,0,0,1,0,0,0,0,2,1,6,6,2,46,8,998,1,9,HYUNDAI I10,5,E01023079,0,2
2024471427562,2024,471427562,1,9,0,-1,7,1,5,-1,0,4,0,0,0,0,1,1,-1,2,2,20,4,1248,1,15,HYUNDAI I10,5,E01020949,0,2
2024440123316,2024,440123316,2,9,0,18,19,8,4,0,0,1,0,0,0,0,1,1,6,6,2,95,11,1248,1,14,HYUNDAI I10,-1,-1,0,-1
2024070410434,2024,070410434,1,9,0,18,19,3,7,0,0,8,2,0,6,6,1,1,6,6,2,91,11,1248,1,15,HYUNDAI I10,-1,-1,0,-1
2024231505403,2024,231505403,1,9,0,-1,9,6,4,-1,0,6,0,0,0,0,1,9,-1,6,2,82,11,1248,1,14,HYUNDAI I10,6,E01022211,0,3
2024161535261,2024,161535261,1,9,0,-1,19,7,5,-1,0,8,0,0,3,1,1,1,-1,9,1,37,7,998,1,5,HYUNDAI I10,10,E01013061,0,4
2024010534974,2024,010534974,1,9,9,99,99,9,9,99,99,6,9,99,9,99,9,9,6,6,3,-1,-1,1197,1,2,HYUNDAI I10,-1,-1,0,-1
2024451439689,2024,451439689,2,9,0,-1,19,8,4,-1,0,0,0,0,0,0,1,1,-1,9,2,47,8,1248,1,7,HYUNDAI I10,10,E01030436,0,1
2024440058959,2024,440058959,2,9,0,4,4,1,5,0,0,0,0,0,0,0,0,1,6,6,1,83,11,1248,1,11,HYUNDAI I10,3,E01017350,0,1
2024501519611,2024,501519611,1,9,0,-1,19,7,3,-1,0,0,0,0,0,0,1,1,-1,9,1,18,4,1248,1,10,HYUNDAI I10,4,E01020292,0,4
2024201509118,2024,201509118,1,9,0,-1,9,4,2,-1,0,5,0,0,0,0,0,1,-1,6,1,30,6,1248,1,12,HYUNDAI I10,1,E01009486,0,1
2024430500406,2024,430500406,2,9,0,17,19,8,5,0,0,8,0,0,0,0,1,1,6,6,1,39,7,1248,1,11,HYUNDAI I10,10,E01017862,0,1
2024522401724,2024,522401724,2,9,0,18,19,3,7,0,0,1,0,0,0,0,1,1,6,6,3,-1,-1,998,1,1,HYUNDAI I10,-1,-1,0,-1
2024010550841,2024,010550841,1,9,0,18,19,1,5,0,0,8,1,4,0,0,3,1,6,6,2,58,9,1248,1,11,HYUNDAI I10,-1,-1,0,-1
2024061425036,2024,061425036,1,9,0,-1,19,5,1,-1,0,0,2,0,0,0,1,1,-1,6,2,33,6,1248,1,12,HYUNDAI I10,1,E01005123,0,3
2024351439769,2024,351439769,2,9,-1,-1,-1,-1,-1,-1,-1,0,-1,-1,-1,0,-1,9,-1,9,2,50,8,1248,1,12,HYUNDAI I10,8,E01032794,0,3
2024991507768,2024,991507768,2,9,0,-1,3,1,5,-1,0,0,0,0,0,0,2,1,-1,9,2,32,6,998,1,2,HYUNDAI I10,6,-1,0,1
2024991411738,2024,991411738,1,9,0,-1,19,2,7,-1,0,0,1,4,1,0,1,1,-1,9,1,20,4,1248,1,11,HYUNDAI I10,8,-1,0,1
2024221412589,2024,221412589,2,9,0,-1,19,8,4,-1,0,0,1,0,7,0,1,1,-1,1,2,23,5,998,1,4,HYUNDAI I10,5,E01013991,0,1
2024131565479,2024,131565479,1,9,0,-1,5,5,1,-1,0,2,0,0,0,0,1,1,-1,1,2,42,7,1248,1,11,HYUNDAI I10,2,E01011237,0,1
2024311418797,2024,311418797,3,9,0,-1,19,6,2,-1,0,2,0,0,0,0,3,1,-1,2,2,57,9,1248,1,15,HYUNDAI I10,5,E01013831,0,1
2024351524641,2024,351524641,1,9,0,-1,19,7,3,-1,0,0,2,0,0,0,1,1,-1,6,2,18,4,1086,1,15,HYUNDAI I10,10,E01018260,0,1
2024411535865,2024,411535865,3,9,0,-1,19,5,1,-1,0,0,0,0,0,0,2,1,-1,6,2,63,9,1248,1,7,HYUNDAI I10,9,E01016793,0,4
202454A577424,2024,54A577424,2,9,0,18,19,1,5,0,0,1,0,0,0,0,1,1,6,6,2,22,5,1248,1,15,HYUNDAI I10,7,E01031976,0,1
2024451408390,2024,451408390,1,9,0,-1,19,3,7,-1,0,0,1,0,0,0,1,1,-1,1,2,43,7,1248,1,13,HYUNDAI I10,2,E01030483,0,1
2024041438951,2024,041438951,2,9,0,-1,19,3,7,-1,0,1,0,0,0,0,4,1,-1,9,2,41,7,1248,1,15,HYUNDAI I10,6,E01034342,0,1
2024471534251,2024,471534251,1,9,0,-1,9,7,5,-1,0,0,0,0,0,0,3,1,-1,9,2,65,9,998,1,1,HYUNDAI I10,4,E01021002,0,1
2024010550138,2024,010550138,2,9,0,99,99,9,9,99,99,1,9,99,9,99,1,9,6,6,2,37,7,998,1,5,HYUNDAI I10,3,E01002306,0,1
2024302401313,2024,302401313,2,9,0,18,19,1,5,0,0,0,0,0,0,0,2,1,6,6,2,66,10,998,1,10,HYUNDAI I10,-1,-1,0,-1
2024351431776,2024,351431776,2,9,0,-1,20,2,6,-1,0,0,0,0,0,0,2,9,-1,1,1,50,8,998,1,1,HYUNDAI I10,5,E01021388,0,4
2024231452958,2024,231452958,2,9,0,-1,4,2,5,-1,0,1,0,0,0,0,2,9,-1,2,2,36,7,998,1,8,HYUNDAI I10,10,E01010170,0,3
2024552401201,2024,552401201,2,9,0,18,19,1,5,0,0,0,0,0,0,0,1,1,6,6,1,43,7,998,1,8,HYUNDAI I10,8,E01015351,0,1
2024411464749,2024,411464749,2,9,0,-1,4,6,2,-1,0,1,0,7,0,0,2,1,-1,6,2,52,8,1248,1,7,HYUNDAI I10,7,E01023892,0,1
2024411445132,2024,411445132,1,9,0,-1,19,2,6,-1,0,0,0,11,0,0,1,1,-1,6,2,77,11,1248,1,11,HYUNDAI I10,8,E01023649,0,1
2024131535190,2024,131535190,2,9,0,-1,19,4,7,-1,0,1,5,0,0,0,2,1,-1,9,2,16,4,998,1,8,HYUNDAI I10,6,E01011941,0,2
2024522401600,2024,522401600,1,9,0,4,4,2,6,0,0,1,0,0,0,0,2,1,6,6,2,62,9,1248,1,14,HYUNDAI I10,8,E01014867,0,1
2024311449157,2024,311449157,1,9,0,-1,9,5,3,-1,0,8,0,0,0,0,4,1,-1,9,2,24,5,1248,1,8,HYUNDAI I10,-1,-1,0,-1
2024471402289,2024,471402289,1,9,0,-1,19,7,3,-1,0,0,0,0,0,0,3,1,-1,6,2,71,10,998,1,8,HYUNDAI I10,9,E01020945,0,1
2024361540806,2024,361540806,2,9,0,-1,6,5,1,-1,0,0,0,0,0,0,3,1,-1,9,2,64,9,998,1,8,HYUNDAI I10,4,E01026661,0,1
2024010516302,2024,010516302,1,9,0,18,19,7,3,0,0,2,0,4,0,0,1,1,6,6,2,18,4,998,1,10,HYUNDAI I10,7,E01024137,0,2
2024522500168,2024,522500168,2,9,0,17,19,6,4,0,0,8,0,0,0,0,1,1,6,6,3,-1,-1,998,1,9,HYUNDAI I10,-1,-1,0,-1
2024141417419,2024,141417419,2,9,0,-1,19,7,3,-1,0,0,0,0,0,0,3,1,-1,6,1,37,7,1248,1,11,HYUNDAI I10,1,E01013199,0,4
2024131526457,2024,131526457,1,9,0,-1,19,3,7,-1,0,1,0,0,0,0,1,1,-1,1,2,26,6,1197,1,3,HYUNDAI I10,1,E01011789,0,3
2024501412713,2024,501412713,2,9,0,-1,4,3,7,-1,0,0,0,0,0,0,2,9,-1,6,1,23,5,1248,1,12,HYUNDAI I10,2,E01001777,0,5
2024061462760,2024,061462760,1,9,0,-1,2,-1,-1,-1,0,0,1,0,0,0,1,1,-1,9,1,32,6,1248,1,10,HYUNDAI I10,2,E01004906,0,1
2024201440091,2024,201440091,2,9,0,-1,19,8,4,-1,0,0,0,0,0,0,2,1,-1,1,1,33,6,1086,1,16,HYUNDAI I10,2,E01009058,0,1
2024211475826,2024,211475826,2,9,0,-1,3,1,5,-1,0,0,0,0,0,0,2,9,-1,6,2,22,5,1248,1,9,HYUNDAI I10,7,E01029438,0,1
2024141399698,2024,141399698,4,9,0,-1,2,0,0,-1,0,0,1,0,0,0,1,1,-1,6,-1,-1,-1,1248,1,15,HYUNDAI I10,-1,-1,0,-1
2024111412214,2024,111412214,1,9,0,-1,19,8,4,-1,0,0,0,0,0,0,1,1,-1,2,2,50,8,1248,1,6,HYUNDAI I10,9,E01020718,0,1
2024052400879,2024,052400879,1,9,0,6,6,3,3,0,0,0,0,0,0,0,3,1,6,6,2,48,8,1248,1,15,HYUNDAI I10,3,E01007083,0,1
2024522402652,2024,522402652,1,9,0,4,4,1,4,0,0,1,1,0,7,11,1,1,6,6,2,25,5,1248,1,14,HYUNDAI I10,10,E01015016,0,2
2024161396754,2024,161396754,1,9,0,-1,19,1,5,-1,0,8,0,0,0,0,1,9,-1,9,1,27,6,998,1,6,HYUNDAI I10,5,E01013249,0,1
2024361501149,2024,361501149,1,9,0,-1,9,7,7,-1,0,2,0,0,0,0,4,1,-1,2,2,26,6,1248,1,12,HYUNDAI I10,6,E01026797,0,1
2024041456144,2024,041456144,1,9,0,-1,9,5,6,-1,0,8,0,0,1,10,1,1,-1,2,2,30,6,998,1,9,HYUNDAI I10,6,E01025279,0,2
2024440499990,2024,440499990,2,9,0,18,19,3,7,0,0,0,0,0,0,0,1,1,6,6,2,41,7,1248,1,13,HYUNDAI I10,3,E01017080,0,1
2024052402703,2024,052402703,1,9,0,6,6,6,6,0,0,0,0,0,0,0,4,1,6,6,2,25,5,1248,1,5,HYUNDAI I10,4,E01007115,0,3
2024549778324,2024,549778324,3,9,0,17,19,4,8,0,0,0,0,0,1,0,3,1,6,6,2,48,8,1248,1,13,HYUNDAI I10,7,E01032110,0,2
2024501402965,2024,501402965,1,9,0,-1,19,7,2,-1,0,0,1,0,2,10,4,1,-1,9,1,68,10,1248,1,11,HYUNDAI I10,9,E01020173,0,3
2024471432379,2024,471432379,2,9,0,-1,-1,-1,-1,-1,-1,0,-1,-1,-1,0,-1,1,-1,6,1,-1,-1,1248,1,15,HYUNDAI I10,9,E01031751,0,1
2024622400314,2024,622400314,2,9,0,5,5,7,8,0,0,0,0,0,0,0,1,1,6,6,2,22,5,998,1,5,HYUNDAI I10,9,W01001115,0,1
2024552401057,2024,552401057,1,9,0,18,19,2,6,0,0,0,0,0,7,0,1,1,6,6,2,18,4,998,1,7,HYUNDAI I10,5,E01022907,0,4
2024361505699,2024,361505699,2,9,0,-1,19,5,1,-1,0,5,0,0,0,0,3,1,-1,9,1,34,6,998,1,1,HYUNDAI I10,2,E01026796,0,1
2024211422512,2024,211422512,2,9,0,-1,19,4,8,-1,0,1,0,0,0,0,1,9,-1,2,2,45,7,1248,1,12,HYUNDAI I10,1,E01029554,0,1
2024461465396,2024,461465396,2,9,0,-1,19,2,6,-1,0,1,0,0,0,0,1,1,-1,6,2,79,11,1248,1,13,HYUNDAI I10,2,E01024192,0,2
2024131488263,2024,131488263,3,9,0,-1,3,7,3,-1,0,1,0,0,0,0,4,1,-1,6,2,57,9,1248,1,12,HYUNDAI I10,2,E01011253,0,1
2024031466008,2024,031466008,1,9,0,-1,9,3,2,-1,0,6,0,0,0,0,4,1,-1,6,1,81,11,998,1,9,HYUNDAI I10,8,E01019370,0,2
2024211441699,2024,211441699,1,9,0,-1,9,1,8,-1,0,1,5,0,3,0,1,1,-1,9,1,18,4,998,1,7,HYUNDAI I10,-1,-1,0,-1
2024010532838,2024,010532838,4,9,0,99,99,9,9,0,0,0,0,0,0,0,2,9,6,6,3,-1,-1,998,1,6,HYUNDAI I10,-1,-1,0,-1
2024361421034,2024,361421034,1,9,0,-1,19,2,6,-1,0,6,0,0,7,9,4,1,-1,6,1,17,4,1248,1,14,HYUNDAI I10,7,E01018085,0,3
2024421405526,2024,421405526,1,9,0,-1,19,1,3,-1,0,0,0,0,0,0,1,1,-1,6,1,-1,-1,998,1,5,HYUNDAI I10,-1,-1,0,-1
2024010528981,2024,010528981,2,9,9,99,99,9,9,99,99,9,9,99,9,99,9,9,6,6,3,-1,-1,1248,1,10,HYUNDAI I10,-1,-1,0,-1
2024131484751,2024,131484751,1,9,0,-1,19,2,6,-1,0,8,0,0,0,0,3,1,-1,6,3,-1,-1,1248,1,10,HYUNDAI I10,-1,-1,0,-1
2024371403365,2024,371403365,2,9,0,-1,19,3,7,-1,0,0,0,0,1,0,1,1,-1,6,2,48,8,998,1,6,HYUNDAI I10,1,E01030261,0,3
2024041398102,2024,041398102,1,9,0,-1,19,1,5,-1,0,0,1,0,0,0,1,1,-1,9,1,87,11,1248,1,14,HYUNDAI I10,6,E01025026,0,4
2024201499317,2024,201499317,1,9,0,-1,9,2,8,-1,0,8,0,0,0,0,3,1,-1,9,2,63,9,998,1,8,HYUNDAI I10,7,E01022198,0,4
2024631528963,2024,631528963,1,9,0,-1,19,6,1,-1,0,0,5,0,2,10,1,1,-1,9,1,26,6,1248,1,15,HYUNDAI I10,4,W01001829,0,4
2024302400522,2024,302400522,1,9,0,9,9,3,1,0,0,8,0,0,0,0,3,1,6,6,1,52,8,1248,1,12,HYUNDAI I10,1,E01013567,0,1
2024122400649,2024,122400649,1,9,0,16,19,3,6,0,0,8,0,0,0,0,1,1,6,6,2,83,11,998,1,5,HYUNDAI I10,3,E01034753,0,4
2024411445691,2024,411445691,2,9,0,-1,19,2,6,-1,0,0,0,0,0,0,1,1,-1,9,1,37,7,1248,1,7,HYUNDAI I10,10,E01023734,0,1
2024991472822,2024,991472822,2,9,0,-1,2,0,0,-1,0,0,0,0,0,0,4,1,-1,6,-1,-1,-1,1248,1,12,HYUNDAI I10,-1,-1,0,-1
2024052402682,2024,052402682,2,9,0,18,19,1,5,0,0,0,0,0,0,0,3,1,1,1,1,19,4,1248,1,12,HYUNDAI I10,5,E01006265,0,1
2024991503681,2024,991503681,1,9,0,-1,9,4,2,-1,0,3,0,0,0,0,1,1,-1,9,2,79,11,1248,1,5,HYUNDAI I10,6,-1,0,1
2024231535769,2024,231535769,1,9,0,-1,9,5,4,-1,0,6,1,0,3,0,4,1,-1,6,1,17,4,1248,1,11,HYUNDAI I10,6,E01031035,0,1
2024061518662,2024,061518662,1,9,0,-1,19,-1,-1,-1,99,0,0,99,0,0,9,1,-1,6,3,-1,-1,998,1,0,HYUNDAI I10,-1,-1,0,-1
2024991408451,2024,991408451,1,9,0,-1,9,6,3,-1,0,8,0,0,0,0,1,1,-1,6,2,17,4,1248,1,12,HYUNDAI I10,9,-1,0,1