collision_index,collision_year,collision_ref_no,vehicle_reference,vehicle_type,towing_and_articulation,vehicle_manoeuvre_historic,vehicle_manoeuvre,vehicle_direction_from,vehicle_direction_to,vehicle_location_restricted_lane_historic,vehicle_location_restricted_lane,junction_location,skidding_and_overturning,hit_object_in_carriageway,vehicle_leaving_carriageway,hit_object_off_carriageway,first_point_of_impact,vehicle_left_hand_drive,journey_purpose_of_driver_historic,journey_purpose_of_driver,sex_of_driver,age_of_driver,age_band_of_driver,engine_capacity_cc,propulsion_code,age_of_vehicle,generic_make_model,driver_imd_decile,lsoa_of_driver,escooter_flag,driver_distance_banding
2024061503053,2024,061503053,1,9,0,-1,9,7,5,-1,0,8,0,0,0,0,4,1,-1,6,1,19,4,1248,1,10,HYUNDAI I10,1,E01005485,0,1
2024141394226,2024,141394226,1,9,0,-1,19,1,5,-1,0,0,0,0,0,0,2,1,-1,9,1,63,9,1248,1,14,HYUNDAI I10,2,E01007784,0,1
2024547455524,2024,547455524,1,9,0,13,13,6,2,0,0,1,0,0,0,0,4,1,2,2,2,38,7,1248,1,15,HYUNDAI I10,4,E01015578,0,1
2024430233363,2024,430233363,2,9,0,18,19,5,1,0,0,0,0,0,1,0,1,1,6,6,2,46,8,1248,1,8,HYUNDAI I10,10,E01028626,0,1
202417S115124,2024,17S115124,2,9,0,-1,19,2,6,-1,0,8,0,0,0,0,3,1,-1,9,1,36,7,998,1,7,HYUNDAI I10,8,E01012294,0,1
2024522402079,2024,522402079,1,9,0,12,12,2,6,0,0,0,0,0,0,0,1,1,6,6,2,28,6,998,1,5,HYUNDAI I10,6,E01020179,0,5
2024131436134,2024,131436134,3,9,0,-1,19,3,3,-1,0,1,0,0,0,0,1,1,-1,9,2,43,7,998,1,2,HYUNDAI I10,10,E01011516,0,1
2024010509011,2024,010509011,2,9,0,99,99,9,9,99,99,9,9,99,9,99,1,9,6,6,3,46,8,1197,1,4,HYUNDAI I10,2,E01004524,0,1
2024201437951,2024,201437951,1,9,0,-1,19,1,5,-1,0,8,0,0,0,0,1,1,-1,1,1,30,6,998,1,10,HYUNDAI I10,-1,-1,0,-1
2024131483691,2024,131483691,2,9,0,-1,2,0,0,-1,0,0,0,0,0,0,3,1,-1,6,-1,-1,-1,998,1,10,HYUNDAI I10,-1,-1,0,-1
2024351471559,2024,351471559,1,9,0,-1,5,1,5,-1,0,3,0,0,0,0,3,1,-1,6,1,78,11,1248,1,14,HYUNDAI I10,6,E01015691,0,1
2024421425560,2024,421425560,1,9,0,-1,19,5,1,-1,0,0,0,0,0,0,1,1,-1,9,2,80,11,1248,1,9,HYUNDAI I10,7,E01021656,0,1
2024231522733,2024,231522733,2,9,0,-1,19,6,2,-1,0,0,1,0,0,0,1,1,-1,1,2,27,6,998,1,7,HYUNDAI I10,1,E01033649,0,2
2024610041324,2024,610041324,1,9,0,18,19,7,3,0,0,1,0,0,0,0,1,1,6,6,1,45,7,1248,1,12,HYUNDAI I10,1,W01001689,0,1
2024101469606,2024,101469606,1,9,0,-1,19,7,3,-1,0,0,0,0,0,0,1,9,-1,6,2,39,7,1248,1,14,HYUNDAI I10,9,E01008448,0,1
2024311466610,2024,311466610,1,9,0,-1,9,8,6,-1,0,1,0,0,0,0,3,1,-1,2,2,64,9,1248,1,15,HYUNDAI I10,6,E01028323,0,1
2024161501597,2024,161501597,1,9,0,-1,19,5,1,-1,0,0,0,0,0,0,1,9,-1,6,1,78,11,1197,1,4,HYUNDAI I10,2,E01012775,0,1
2024320513884,2024,320513884,1,9,0,4,4,8,4,0,0,1,0,0,0,0,4,1,6,6,2,55,8,1248,1,14,HYUNDAI I10,10,E01026357,0,1
2024461426243,2024,461426243,1,9,0,-1,19,3,7,-1,0,0,0,4,0,0,3,1,-1,2,2,20,4,1248,1,13,HYUNDAI I10,4,E01024190,0,3
2024320736409,2024,320736409,1,9,0,9,9,4,3,0,0,5,0,0,0,0,4,1,6,6,2,60,9,998,1,6,HYUNDAI I10,3,E01026017,0,1
2024361514117,2024,361514117,1,9,0,-1,9,2,8,-1,0,2,0,0,0,0,3,1,-1,6,1,71,10,1248,1,15,HYUNDAI I10,1,E01026800,0,1
2024010535711,2024,010535711,1,9,0,1,1,3,7,9,9,2,0,4,0,0,2,1,6,6,2,91,11,1248,1,15,HYUNDAI I10,4,E01000531,0,1
2024421437411,2024,421437411,2,9,0,-1,19,1,5,-1,0,8,0,0,0,0,1,1,-1,6,-1,20,4,998,1,10,HYUNDAI I10,-1,-1,0,-1
2024371458046,2024,371458046,2,9,0,-1,19,4,8,-1,0,4,0,0,0,0,2,1,-1,1,2,24,5,1248,1,12,HYUNDAI I10,6,E01000231,0,5
2024471510853,2024,471510853,1,9,0,-1,9,7,5,-1,0,1,0,0,0,0,1,1,-1,9,2,76,11,1248,1,14,HYUNDAI I10,7,E01021077,0,1
2024211433776,2024,211433776,1,9,0,-1,19,1,5,-1,0,0,0,0,0,0,3,1,-1,6,2,27,6,1248,1,14,HYUNDAI I10,3,E01014283,0,2
2024332400135,2024,332400135,1,9,0,-1,19,9,9,-1,0,1,0,0,0,0,1,1,-1,6,3,-1,-1,998,1,8,HYUNDAI I10,-1,-1,0,-1
2024010550144,2024,010550144,2,9,9,99,99,9,9,99,99,9,9,99,9,99,9,9,6,6,3,-1,-1,1248,1,14,HYUNDAI I10,-1,-1,0,-1
2024332400584,2024,332400584,2,9,0,-1,15,2,6,-1,0,8,0,0,0,0,1,1,-1,6,2,24,5,998,1,4,HYUNDAI I10,5,E01032862,0,1
2024010542917,2024,010542917,1,9,0,4,4,1,5,0,0,6,0,0,0,0,1,1,6,6,1,48,8,1248,1,14,HYUNDAI I10,9,E01004595,0,2
2024451527259,2024,451527259,1,9,0,-1,19,7,3,-1,0,0,0,4,0,0,1,1,-1,6,1,52,8,1248,1,13,HYUNDAI I10,6,E01030681,0,3
2024461424651,2024,461424651,1,9,0,-1,19,4,8,-1,0,0,0,0,0,0,1,1,-1,1,1,63,9,998,1,1,HYUNDAI I10,7,E01024635,0,4
2024531427604,2024,531427604,1,9,0,-1,9,7,3,-1,0,1,0,0,0,0,1,1,-1,1,2,17,4,998,1,1,HYUNDAI I10,4,E01022301,0,3
2024451533533,2024,451533533,2,9,0,-1,19,7,3,-1,0,0,0,0,0,0,2,1,-1,2,2,40,7,1086,1,16,HYUNDAI I10,4,E01023120,0,3
2024451457237,2024,451457237,1,9,0,-1,3,5,1,-1,0,0,0,0,0,0,2,1,-1,9,2,21,5,998,1,8,HYUNDAI I10,8,E01030703,0,2
2024311431231,2024,311431231,1,9,0,-1,7,1,5,-1,-1,2,0,0,0,0,1,1,-1,9,1,87,11,1248,1,6,HYUNDAI I10,3,E01016714,0,5
2024122500253,2024,122500253,2,9,0,3,3,3,7,0,0,8,0,0,0,0,4,1,6,6,2,54,8,1248,1,15,HYUNDAI I10,10,E01013381,0,1
2024461509736,2024,461509736,2,9,0,-1,19,3,7,-1,9,1,1,10,2,11,4,2,-1,9,2,64,9,998,1,4,HYUNDAI I10,5,E01030843,0,2
2024010550332,2024,010550332,1,9,0,99,99,9,9,99,99,9,9,99,9,99,2,9,6,6,2,19,4,998,1,7,HYUNDAI I10,9,E01000202,0,1
2024302400416,2024,302400416,1,9,0,17,19,4,1,0,0,0,0,4,0,0,4,1,6,6,2,60,9,1248,1,11,HYUNDAI I10,8,E01019415,0,1
2024201500446,2024,201500446,1,9,0,-1,19,2,6,-1,0,3,0,0,0,0,1,9,-1,9,1,38,7,998,1,7,HYUNDAI I10,1,E01009486,0,1
2024320363130,2024,320363130,1,9,0,-1,-1,8,4,0,0,6,1,0,1,9,3,1,-1,-1,2,55,8,998,1,2,HYUNDAI I10,6,E01026339,0,1
2024461431618,2024,461431618,1,9,0,-1,9,3,1,-1,0,6,0,0,0,0,1,1,-1,6,2,46,8,1248,1,8,HYUNDAI I10,10,E01024327,0,2
2024231459340,2024,231459340,1,9,0,-1,19,5,2,-1,0,0,0,4,0,0,3,1,-1,6,2,20,4,1197,1,0,HYUNDAI I10,3,E01031261,0,1
2024332401041,2024,332401041,1,9,0,-1,19,5,1,-1,0,8,0,7,1,10,1,1,-1,9,1,38,7,1248,1,14,HYUNDAI I10,9,E01025998,0,1
2024430092579,2024,430092579,2,9,0,10,10,7,5,0,0,8,0,0,0,0,2,1,6,6,1,-1,-1,998,1,10,HYUNDAI I10,8,E01033519,0,2
2024552401086,2024,552401086,1,9,0,9,9,1,8,0,0,6,0,0,3,11,1,1,2,2,2,26,6,1248,1,13,HYUNDAI I10,2,E01015367,0,1
2024461477663,2024,461477663,1,9,0,-1,19,3,7,-1,0,0,0,0,0,0,1,9,-1,9,1,-1,-1,1248,1,13,HYUNDAI I10,1,E01035275,0,4
2024522402239,2024,522402239,1,9,0,7,7,5,8,0,0,6,0,0,0,0,2,1,6,6,2,61,9,1248,1,14,HYUNDAI I10,4,E01014928,0,1
202460Q082575,2024,60Q082575,2,9,0,17,19,7,3,0,0,1,0,0,0,0,3,1,6,6,1,62,9,1248,1,12,HYUNDAI I10,-1,-1,0,-1
2024471520396,2024,471520396,2,9,0,-1,11,2,7,-1,0,0,0,0,0,0,4,1,-1,9,1,72,10,1086,1,14,HYUNDAI I10,5,E01024428,0,3
2024451399171,2024,451399171,2,9,0,-1,19,5,1,-1,0,2,0,0,0,0,3,1,-1,2,2,32,6,1248,1,9,HYUNDAI I10,10,E01030931,0,1
2024131480871,2024,131480871,1,9,0,-1,9,2,6,-1,0,0,0,0,0,0,4,1,-1,9,1,75,10,1248,1,15,HYUNDAI I10,5,E01011391,0,1
2024501421311,2024,501421311,2,9,0,-1,4,1,5,-1,0,0,0,0,0,0,1,1,-1,6,2,23,5,1248,1,15,HYUNDAI I10,5,E01018900,0,1
2024010516137,2024,010516137,2,9,0,5,5,3,7,0,0,8,0,0,0,0,1,1,2,2,1,41,7,1248,1,16,HYUNDAI I10,-1,-1,0,-1
2024451512330,2024,451512330,2,9,0,-1,19,7,3,-1,0,0,0,0,1,0,1,1,-1,9,1,17,4,1248,1,14,HYUNDAI I10,9,E01030821,0,1
2024430500064,2024,430500064,1,9,0,18,19,2,8,0,0,1,0,0,0,0,1,1,6,6,1,47,8,1248,1,14,HYUNDAI I10,5,E01016376,0,1
2024122400585,2024,122400585,2,9,0,16,19,7,2,0,0,0,0,0,1,11,1,1,6,6,1,18,4,998,1,0,HYUNDAI I10,4,E01027843,0,1
2024501497929,2024,501497929,1,9,0,-1,19,4,8,-1,0,8,0,0,0,0,2,1,-1,2,2,21,5,1248,1,10,HYUNDAI I10,4,E01018892,0,2
2024221531271,2024,221531271,2,9,0,-1,19,6,2,-1,0,8,0,0,0,0,4,1,-1,9,1,19,4,1248,1,14,HYUNDAI I10,-1,-1,0,-1
2024451486717,2024,451486717,2,9,0,-1,7,2,3,-1,99,6,0,0,0,0,9,1,-1,6,2,29,6,998,1,6,HYUNDAI I10,-1,-1,0,-1
2024440287391,2024,440287391,1,9,0,11,11,5,1,0,0,0,2,0,0,0,4,1,6,6,1,20,4,1248,1,11,HYUNDAI I10,10,E01022433,0,4
2024440020531,2024,440020531,1,9,0,18,19,6,2,0,0,0,0,0,0,0,1,1,3,7,1,42,7,1197,1,2,HYUNDAI I10,1,E01017031,0,2
2024320631756,2024,320631756,2,9,0,-1,-1,6,2,0,0,1,0,0,0,0,1,1,-1,-1,2,29,6,998,1,5,HYUNDAI I10,9,E01026370,0,1
2024101528247,2024,101528247,1,9,0,-1,9,3,7,-1,0,1,0,0,0,0,1,1,-1,2,2,36,7,998,1,5,HYUNDAI I10,5,E01008206,0,3
2024131459512,2024,131459512,1,9,0,-1,5,7,3,-1,0,0,0,0,0,0,1,1,-1,6,3,-1,-1,1248,1,9,HYUNDAI I10,-1,-1,0,-1
202460Q129482,2024,60Q129482,1,9,0,5,5,7,3,0,0,6,0,0,0,0,2,1,6,6,2,19,4,1248,1,15,HYUNDAI I10,-1,-1,0,-1
2024501457349,2024,501457349,1,9,0,-1,19,5,1,-1,0,0,2,0,1,9,1,1,-1,9,2,19,4,1248,1,11,HYUNDAI I10,9,E01019930,0,2
2024131433852,2024,131433852,2,9,0,-1,2,7,3,-1,0,0,0,0,0,0,1,1,-1,6,-1,-1,-1,998,1,1,HYUNDAI I10,-1,-1,0,-1
2024520001455,2024,520001455,1,9,0,4,4,5,1,0,0,0,0,0,0,0,2,1,6,6,2,20,4,1086,1,16,HYUNDAI I10,6,E01029045,0,4
2024440198468,2024,440198468,1,9,0,17,19,5,2,0,0,0,0,0,0,0,1,1,6,6,2,42,7,998,1,7,HYUNDAI I10,8,E01022591,0,3
2024501448025,2024,501448025,2,9,0,-1,10,7,3,-1,0,1,0,0,0,0,2,1,-1,9,1,52,8,1248,1,10,HYUNDAI I10,3,E01019012,0,3
2024440444760,2024,440444760,2,9,0,18,19,7,3,0,0,8,0,0,1,6,3,1,6,6,2,82,11,1248,1,6,HYUNDAI I10,10,E01022467,0,1
2024061496609,2024,061496609,1,9,0,-1,9,3,8,-1,0,8,0,0,0,0,0,1,-1,6,2,28,6,1248,1,12,HYUNDAI I10,1,E01005981,0,1
2024421501297,2024,421501297,1,9,0,-1,19,5,1,-1,0,0,1,0,1,0,1,1,-1,9,2,18,4,1248,1,15,HYUNDAI I10,6,E01018186,0,4
2024430147612,2024,430147612,3,9,0,3,3,8,4,0,0,4,0,0,0,0,2,1,6,6,1,38,7,1248,1,14,HYUNDAI I10,-1,-1,0,-1
2024131505117,2024,131505117,1,9,0,-1,19,1,5,-1,0,8,0,0,0,0,1,1,-1,2,2,45,7,998,1,2,HYUNDAI I10,2,E01011222,0,1
2024471508478,2024,471508478,1,9,0,-1,19,4,8,-1,0,0,0,0,0,0,1,1,-1,2,1,62,9,1248,1,11,HYUNDAI I10,4,E01031550,0,1
2024411409730,2024,411409730,2,9,0,-1,19,1,6,-1,0,0,1,0,7,0,1,1,-1,9,2,20,4,998,1,7,HYUNDAI I10,6,E01033813,0,3
2024411490867,2024,411490867,1,9,0,-1,19,5,1,-1,0,0,0,0,0,0,1,1,-1,6,2,85,11,1248,1,15,HYUNDAI I10,9,E01023629,0,3
2024610055524,2024,610055524,1,9,0,9,9,6,4,0,0,8,0,10,0,0,1,1,6,6,1,17,4,1248,1,12,HYUNDAI I10,5,W01001412,0,2
2024161519260,2024,161519260,1,9,0,-1,9,4,2,-1,0,6,0,0,0,0,1,9,-1,6,2,53,8,1248,1,15,HYUNDAI I10,3,E01012839,0,2
2024010529677,2024,010529677,2,9,0,99,99,9,9,99,99,9,9,99,9,99,9,9,6,6,3,-1,-1,1248,1,13,HYUNDAI I10,-1,-1,0,-1
2024010499763,2024,010499763,1,9,0,2,2,0,0,4,4,0,0,0,0,0,2,1,6,6,3,-1,-1,1248,1,13,HYUNDAI I10,-1,-1,0,-1
2024361500751,2024,361500751,1,9,0,-1,19,8,4,-1,0,0,0,0,0,0,1,1,-1,9,2,22,5,998,1,9,HYUNDAI I10,6,E01026944,0,4
2024031468840,2024,031468840,2,9,0,-1,9,4,3,-1,0,0,0,0,6,10,1,1,-1,9,2,86,11,1248,1,9,HYUNDAI I10,10,E01019251,0,4
2024010537725,2024,010537725,2,9,9,99,99,9,9,99,99,0,9,99,9,99,9,9,6,6,3,-1,-1,1248,1,11,HYUNDAI I10,-1,-1,0,-1
2024302401077,2024,302401077,2,9,0,18,19,8,4,0,0,0,0,0,7,0,1,1,6,6,1,44,7,1248,1,14,HYUNDAI I10,5,E01019827,0,2
2024041426272,2024,041426272,1,9,0,-1,19,5,1,-1,0,0,0,0,0,0,1,1,-1,9,1,17,4,1248,1,12,HYUNDAI I10,8,E01005517,0,4
2024101449576,2024,101449576,1,9,0,-1,9,3,1,-1,0,6,0,0,0,0,1,1,-1,6,2,68,10,1248,1,11,HYUNDAI I10,9,E01035636,0,3
2024231536300,2024,231536300,1,9,0,-1,19,4,8,-1,0,0,1,10,2,10,0,1,-1,1,2,24,5,1248,1,11,HYUNDAI I10,4,E01009660,0,3
2024141483797,2024,141483797,1,9,0,-1,19,1,5,-1,0,0,2,0,1,0,2,1,-1,9,1,20,4,1248,1,12,HYUNDAI I10,3,E01028028,0,1
2024501424034,2024,501424034,1,9,0,-1,19,3,7,-1,0,0,1,0,0,0,1,1,-1,2,2,60,9,1248,1,13,HYUNDAI I10,9,E01020042,0,1
2024332400637,2024,332400637,1,9,0,-1,19,4,8,-1,0,1,0,0,0,0,1,1,-1,9,1,86,11,1248,1,14,HYUNDAI I10,9,E01010227,0,4
2024320583428,2024,320583428,1,9,0,-1,-1,2,4,0,0,8,0,0,0,0,1,1,-1,-1,1,61,9,1248,1,15,HYUNDAI I10,3,E01034685,0,1
2024131450538,2024,131450538,1,9,0,-1,19,7,3,-1,0,0,2,0,2,0,1,1,-1,9,1,50,8,1248,1,10,HYUNDAI I10,10,-1,0,5
2024451516010,2024,451516010,1,9,0,-1,19,1,5,-1,0,0,0,0,0,0,3,1,-1,9,2,75,10,998,1,7,HYUNDAI I10,10,E01030672,0,1
2024440429927,2024,440429927,1,9,0,17,19,5,1,0,0,0,0,0,0,0,3,1,6,6,2,41,7,998,1,7,HYUNDAI I10,9,E01022862,0,3
2024430415125,2024,430415125,1,9,0,9,9,2,8,0,0,6,0,0,0,0,3,1,6,6,1,61,9,1248,1,12,HYUNDAI I10,10,E01028461,0,1
2024311532746,2024,311532746,3,9,0,-1,2,0,0,-1,0,1,0,0,0,0,1,1,-1,6,-1,-1,-1,1248,1,13,HYUNDAI I10,-1,-1,0,-1
2024631499620,2024,631499620,2,9,0,-1,19,7,4,-1,0,0,0,4,0,0,1,1,-1,1,1,20,4,1248,1,7,HYUNDAI I10,8,W01000458,0,2
2024221442506,2024,221442506,1,9,0,-1,19,2,6,-1,0,6,1,0,3,0,3,1,-1,6,1,18,4,1248,1,15,HYUNDAI I10,7,E01031216,0,3
2024440124599,2024,440124599,2,9,0,18,19,2,6,0,0,8,0,0,0,0,1,1,6,6,1,54,8,998,1,7,HYUNDAI I10,8,E01023195,0,1
2024631447836,2024,631447836,1,9,0,-1,9,8,6,-1,0,5,0,0,0,0,4,1,-1,9,2,80,11,1248,1,8,HYUNDAI I10,5,W01002014,0,1
2024411460794,2024,411460794,1,9,0,-1,13,5,1,-1,0,0,2,0,0,0,1,1,-1,9,1,21,5,998,1,6,HYUNDAI I10,7,E01023754,0,3
2024471416975,2024,471416975,2,9,0,-1,5,5,1,-1,0,6,0,0,0,0,4,1,-1,2,2,26,6,998,1,7,HYUNDAI I10,7,E01016853,0,1
2024211481152,2024,211481152,1,9,0,-1,9,1,6,-1,0,6,0,0,7,0,1,1,-1,2,1,17,4,1248,1,9,HYUNDAI I10,9,E01029364,0,2
2024161488156,2024,161488156,1,9,0,-1,19,8,4,-1,0,0,0,4,0,0,1,1,-1,9,1,79,11,998,1,10,HYUNDAI I10,9,E01026401,0,2
2024010508041,2024,010508041,1,9,0,2,2,0,0,0,0,1,0,0,0,0,0,1,6,6,3,-1,-1,1248,1,11,HYUNDAI I10,-1,-1,0,-1
2024622400079,2024,622400079,1,9,0,18,19,6,3,0,0,3,0,0,0,0,1,1,6,6,2,55,8,998,1,7,HYUNDAI I10,8,W01001960,0,1
2024430252322,2024,430252322,2,9,0,14,14,3,7,0,0,2,0,4,0,0,1,1,6,6,2,41,7,1248,1,15,HYUNDAI I10,10,E01017636,0,1
2024411420664,2024,411420664,1,9,-1,-1,-1,-1,-1,-1,-1,-1,-1,-1,-1,0,-1,9,-1,6,2,61,9,1248,1,9,HYUNDAI I10,8,E01022060,0,1
2024131412056,2024,131412056,1,9,0,-1,9,1,3,-1,0,1,0,0,0,0,1,1,-1,9,2,45,7,1248,1,14,HYUNDAI I10,2,E01011237,0,1
2024122400117,2024,122400117,4,9,0,18,19,7,3,0,0,1,0,0,0,0,1,1,6,6,2,20,4,998,1,6,HYUNDAI I10,8,E01017931,0,5
2024471421121,2024,471421121,1,9,0,-1,7,5,7,-1,0,0,0,0,7,9,1,1,-1,9,2,85,11,1248,1,13,HYUNDAI I10,5,E01031529,0,1
2024440088339,2024,440088339,1,9,0,18,19,2,6,0,0,0,0,0,0,0,2,1,6,6,1,53,8,998,1,2,HYUNDAI I10,6,E01023237,0,4
2024122500211,2024,122500211,1,9,0,13,13,3,7,0,0,1,0,0,0,0,4,1,6,6,3,-1,-1,998,1,8,HYUNDAI I10,-1,-1,0,-1
2024311528730,2024,311528730,1,9,0,-1,19,2,7,-1,0,0,0,0,0,0,1,1,-1,9,2,57,9,1248,1,12,HYUNDAI I10,1,E01026129,0,3
2024461452927,2024,461452927,1,9,0,-1,19,6,2,-1,0,1,0,0,0,0,1,9,-1,9,2,77,11,1248,1,13,HYUNDAI I10,3,E01024570,0,1
2024332400319,2024,332400319,2,9,0,-1,19,2,6,-1,0,8,0,0,0,0,1,1,-1,6,2,87,11,1086,1,16,HYUNDAI I10,10,E01025944,0,2
2024451469029,2024,451469029,1,9,0,-1,19,1,5,-1,0,8,0,0,0,0,1,1,-1,9,1,39,7,1248,1,14,HYUNDAI I10,5,E01030980,0,1
2024991401828,2024,991401828,1,9,0,-1,19,2,7,-1,0,8,0,0,0,0,3,1,-1,6,2,54,8,998,1,2,HYUNDAI I10,3,-1,0,1
2024211510117,2024,211510117,2,9,0,-1,4,7,3,-1,0,0,0,0,0,0,2,1,-1,2,1,27,6,998,1,10,HYUNDAI I10,8,E01014346,0,1
2024201434969,2024,201434969,3,9,0,-1,2,0,0,-1,0,0,0,0,0,0,1,1,-1,6,-1,-1,-1,998,1,10,HYUNDAI I10,-1,-1,0,-1
2024440149429,2024,440149429,1,9,0,11,11,4,8,0,0,0,1,0,4,6,2,1,6,6,2,19,4,1248,1,13,HYUNDAI I10,6,E01022777,0,2
2024041488082,2024,041488082,2,9,0,-1,19,2,6,-1,0,1,0,0,1,0,1,1,-1,9,1,78,11,1248,1,15,HYUNDAI I10,8,E01024920,0,1
2024471404585,2024,471404585,1,9,0,-1,19,1,5,-1,0,0,0,0,0,0,1,1,-1,2,2,48,8,1248,1,5,HYUNDAI I10,6,E01016890,0,1
2024211487314,2024,211487314,2,9,0,-1,2,0,0,-1,9,0,0,0,0,0,1,1,-1,6,2,72,10,998,1,9,HYUNDAI I10,-1,-1,0,-1
2024320016442,2024,320016442,2,9,0,2,2,0,0,0,0,0,0,0,0,0,3,1,6,6,1,82,11,998,1,7,HYUNDAI I10,4,E01026070,0,1
2024010516830,2024,010516830,2,9,0,18,19,1,5,0,0,2,0,0,0,0,1,1,1,1,2,42,7,998,1,0,HYUNDAI I10,2,E01001603,0,2
2024141500355,2024,141500355,1,9,0,-1,5,7,1,-1,0,4,0,0,0,0,2,1,-1,9,2,37,7,998,1,6,HYUNDAI I10,5,E01011765,0,3
2024041520068,2024,041520068,1,9,0,-1,19,2,6,-1,0,0,0,0,0,0,1,1,-1,9,2,20,4,998,1,9,HYUNDAI I10,1,E01012655,0,1
2024131494428,2024,131494428,2,9,0,-1,19,7,3,-1,0,0,0,0,0,0,1,1,-1,1,1,37,7,998,1,7,HYUNDAI I10,1,E01011001,0,2
2024461437944,2024,461437944,1,9,0,-1,4,1,5,-1,0,1,2,0,0,0,4,1,-1,6,1,24,5,1248,1,11,HYUNDAI I10,6,E01035311,0,1
2024010511944,2024,010511944,2,9,0,18,19,3,7,0,0,0,0,0,0,0,2,1,6,6,2,53,8,1197,1,1,HYUNDAI I10,5,E01000310,0,1
2024461492737,2024,461492737,2,9,0,-1,19,4,8,-1,0,2,0,0,0,0,1,1,-1,9,1,20,4,998,1,7,HYUNDAI I10,9,E01024376,0,1
2024031468809,2024,031468809,1,9,0,-1,7,3,7,-1,0,1,0,0,0,0,1,1,-1,6,2,86,11,1248,1,11,HYUNDAI I10,-1,-1,0,-1
2024332400005,2024,332400005,1,9,0,-1,19,1,5,-1,0,8,0,0,0,0,3,1,-1,6,1,57,9,998,1,7,HYUNDAI I10,10,E01025835,0,1
2024451464666,2024,451464666,1,9,0,-1,9,6,3,-1,0,3,0,0,0,0,1,1,-1,9,1,19,4,1248,1,13,HYUNDAI I10,9,E01001121,0,1
2024111503819,2024,111503819,1,9,0,-1,19,4,8,-1,0,0,0,0,0,0,1,9,-1,6,1,73,10,1248,1,14,HYUNDAI I10,5,E01034492,0,1
2024221463317,2024,221463317,1,9,0,-1,19,1,6,-1,0,8,0,0,0,0,1,9,-1,6,1,37,7,998,1,7,HYUNDAI I10,4,E01028880,0,1
2024122400523,2024,122400523,2,9,0,18,19,1,5,0,0,8,1,0,4,6,4,1,6,6,1,30,6,1248,1,11,HYUNDAI I10,2,E01008166,0,4
2024991487123,2024,991487123,2,9,0,-1,10,1,3,-1,0,6,0,0,0,0,2,1,-1,6,2,67,10,1248,1,14,HYUNDAI I10,5,-1,0,1
2024141437568,2024,141437568,1,9,0,-1,19,7,3,-1,0,0,0,0,0,0,2,1,-1,9,2,86,11,1248,1,7,HYUNDAI I10,8,E01007899,0,1
2024010547171,2024,010547171,1,9,0,18,19,1,5,0,0,0,0,4,0,0,1,1,6,6,1,59,9,1248,1,8,HYUNDAI I10,5,E01015905,0,4
2024501435300,2024,501435300,2,9,0,-1,19,2,6,-1,0,0,0,0,0,0,1,1,-1,2,2,47,8,1248,1,8,HYUNDAI I10,6,E01020187,0,1
2024131432276,2024,131432276,1,9,0,-1,-1,-1,-1,-1,-1,0,-1,-1,-1,-1,-1,1,-1,6,3,-1,-1,998,1,8,HYUNDAI I10,-1,-1,0,-1
2024041397566,2024,041397566,2,9,0,-1,19,5,1,-1,0,4,0,0,0,0,2,1,-1,9,2,80,11,1248,1,12,HYUNDAI I10,5,E01025591,0,3
2024991470497,2024,991470497,1,9,0,-1,9,4,2,-1,0,8,0,0,0,0,1,1,-1,6,1,18,4,1248,1,10,HYUNDAI I10,7,-1,0,1
2024201460324,2024,201460324,1,9,0,-1,1,5,2,-1,0,0,0,4,0,0,1,9,-1,9,2,40,7,1248,1,7,HYUNDAI I10,2,E01010428,0,1
2024201518607,2024,201518607,2,9,0,-1,8,2,8,-1,0,1,0,0,0,0,1,9,-1,6,1,39,7,1248,1,8,HYUNDAI I10,6,E01009926,0,1
2024070647697,2024,070647697,1,9,0,18,19,5,3,0,0,0,0,0,0,0,0,1,6,6,1,79,11,998,1,9,HYUNDAI I10,8,E01018721,0,2
2024501399205,2024,501399205,2,9,0,-1,19,2,6,-1,0,0,0,0,0,0,1,9,-1,6,2,64,9,998,1,8,HYUNDAI I10,5,E01018837,0,2
2024320091212,2024,320091212,1,9,0,-1,-1,8,2,0,0,5,5,0,3,1,1,1,-1,-1,2,29,6,1248,1,13,HYUNDAI I10,4,E01026271,0,4
2024411443676,2024,411443676,2,9,0,-1,19,4,8,-1,0,0,0,0,0,0,3,1,-1,6,1,64,9,998,1,6,HYUNDAI I10,8,E01033029,0,1
2024421437772,2024,421437772,2,9,0,-1,19,2,6,-1,0,0,0,0,0,0,3,9,-1,9,1,44,7,1248,1,6,HYUNDAI I10,4,E01021817,0,1
2024351543873,2024,351543873,1,9,0,-1,19,5,1,-1,0,1,1,0,7,10,1,1,-1,6,1,25,5,998,1,10,HYUNDAI I10,2,E01015601,0,1
2024522403108,2024,522403108,1,9,0,3,3,5,8,0,0,1,0,0,0,0,2,1,6,6,2,20,4,1248,1,12,HYUNDAI I10,8,E01014797,0,3
2024531411177,2024,531411177,1,9,0,-1,19,2,6,-1,0,0,0,0,1,1,1,1,-1,6,1,19,4,1248,1,14,HYUNDAI I10,6,E01022262,0,3