collision_index,collision_year,collision_ref_no,vehicle_reference,vehicle_type,towing_and_articulation,vehicle_manoeuvre_historic,vehicle_manoeuvre,vehicle_direction_from,vehicle_direction_to,vehicle_location_restricted_lane_historic,vehicle_location_restricted_lane,junction_location,skidding_and_overturning,hit_object_in_carriageway,vehicle_leaving_carriageway,hit_object_off_carriageway,first_point_of_impact,vehicle_left_hand_drive,journey_purpose_of_driver_historic,journey_purpose_of_driver,sex_of_driver,age_of_driver,age_band_of_driver,engine_capacity_cc,propulsion_code,age_of_vehicle,generic_make_model,driver_imd_decile,lsoa_of_driver,escooter_flag,driver_distance_banding
2024052402740,2024,052402740,2,9,0,18,19,5,1,0,0,1,0,0,0,0,0,1,2,2,1,20,4,998,1,6,HYUNDAI I10,1,E01006455,0,1
2024991477285,2024,991477285,1,9,0,-1,19,7,3,-1,0,0,0,0,0,0,4,1,-1,6,2,80,11,1248,1,8,HYUNDAI I10,10,-1,0,1
2024471526231,2024,471526231,3,9,0,-1,8,8,4,-1,0,8,0,0,0,0,3,1,-1,6,2,48,8,1248,1,6,HYUNDAI I10,10,E01016984,0,1
2024440048745,2024,440048745,1,9,0,9,9,2,7,0,0,8,0,0,0,0,4,1,6,6,1,18,4,998,1,5,HYUNDAI I10,7,E01022880,0,1
2024010503667,2024,010503667,2,9,0,9,9,5,3,0,0,8,0,0,0,0,1,1,6,6,2,28,6,1248,1,8,HYUNDAI I10,3,E01003387,0,3
2024440245769,2024,440245769,1,9,0,9,9,8,6,0,0,0,0,0,0,0,4,1,2,2,1,39,7,1248,1,12,HYUNDAI I10,3,E01022803,0,2
2024161394942,2024,161394942,1,9,0,-1,19,3,7,-1,0,3,0,0,3,0,4,1,-1,9,2,70,10,998,1,9,HYUNDAI I10,9,E01012960,0,1
2024451414706,2024,451414706,1,9,0,-1,19,3,7,-1,0,1,1,0,0,0,1,1,-1,1,2,29,6,1248,1,6,HYUNDAI I10,4,E01022478,0,4
2024101462658,2024,101462658,1,9,0,-1,9,2,8,-1,0,8,0,0,0,0,3,9,-1,6,1,74,10,1248,1,13,HYUNDAI I10,1,E01012033,0,4
2024010549440,2024,010549440,2,9,0,18,19,1,5,0,0,1,0,0,0,0,1,1,6,6,1,30,6,1086,1,16,HYUNDAI I10,3,E01003636,0,1
2024101432994,2024,101432994,1,9,0,-1,19,7,3,-1,0,1,0,0,0,0,1,1,-1,9,1,75,10,998,1,9,HYUNDAI I10,1,E01008348,0,1
2024520402939,2024,520402939,2,9,0,18,19,6,1,0,0,6,0,0,0,0,1,1,6,6,1,73,10,998,1,4,HYUNDAI I10,10,E01029030,0,1
2024211461648,2024,211461648,1,9,0,-1,5,5,1,-1,0,1,0,0,0,0,3,1,-1,6,1,-1,-1,998,1,1,HYUNDAI I10,9,E01029536,0,1
2024451482124,2024,451482124,1,9,0,-1,4,6,1,-1,0,1,0,0,0,0,2,2,-1,6,2,32,6,1248,1,13,HYUNDAI I10,5,E01030569,0,4
2024010497500,2024,010497500,1,9,0,9,9,7,4,0,0,2,0,0,0,0,1,1,2,2,2,42,7,998,1,4,HYUNDAI I10,3,E01002215,0,1
2024522401880,2024,522401880,1,9,0,18,19,7,3,0,0,1,0,0,0,0,1,1,6,6,1,42,7,1248,1,9,HYUNDAI I10,4,E01014840,0,1
2024201437060,2024,201437060,1,9,0,-1,19,6,2,-1,0,1,5,4,0,0,4,1,-1,6,2,85,11,1197,1,1,HYUNDAI I10,8,E01009472,0,1
2024302400729,2024,302400729,2,9,0,18,19,4,8,0,0,2,0,0,0,0,2,1,2,2,2,25,5,1248,1,7,HYUNDAI I10,6,E01019477,0,2
2024461470992,2024,461470992,3,9,0,-1,2,7,7,-1,0,0,0,0,0,0,3,1,-1,6,-1,-1,-1,1248,1,7,HYUNDAI I10,-1,-1,0,-1
2024061530078,2024,061530078,1,9,0,-1,19,1,5,-1,0,0,5,0,4,4,4,1,-1,9,1,27,6,1248,1,15,HYUNDAI I10,1,E01005065,0,3
2024231522231,2024,231522231,1,9,0,-1,5,1,5,-1,0,6,1,0,0,0,1,1,-1,6,1,82,11,998,1,6,HYUNDAI I10,10,E01033252,0,1
2024302400689,2024,302400689,1,9,0,18,19,7,3,0,0,0,0,0,1,0,3,1,2,2,1,42,7,998,1,9,HYUNDAI I10,-1,-1,0,-1
2024041502865,2024,041502865,2,9,0,-1,5,5,1,-1,0,4,0,0,0,0,3,1,-1,9,2,57,9,998,1,7,HYUNDAI I10,4,E01025587,0,4
2024631517993,2024,631517993,1,9,0,-1,12,5,1,-1,0,0,2,0,7,4,1,1,-1,9,1,17,4,1197,1,3,HYUNDAI I10,7,W01000447,0,1
2024421438419,2024,421438419,3,9,0,-1,3,1,5,-1,0,0,0,0,0,0,2,1,-1,9,2,72,10,1248,1,12,HYUNDAI I10,7,E01021737,0,1
2024122400982,2024,122400982,2,9,0,18,19,2,6,0,0,1,0,0,0,0,1,1,6,6,1,44,7,1248,1,13,HYUNDAI I10,8,E01034959,0,1
2024101419526,2024,101419526,1,9,0,-1,2,7,7,-1,0,2,0,0,0,0,0,1,-1,6,1,-1,-1,1248,1,12,HYUNDAI I10,-1,-1,0,-1
2024141426816,2024,141426816,2,9,0,-1,14,6,1,-1,0,2,0,0,0,0,1,1,-1,9,1,80,11,1248,1,15,HYUNDAI I10,4,E01007445,0,1
2024131407313,2024,131407313,1,9,0,-1,5,7,3,-1,0,8,0,0,0,0,1,1,-1,6,2,29,6,998,1,10,HYUNDAI I10,5,E01011586,0,1
2024122401082,2024,122401082,1,9,0,4,4,8,4,0,0,1,0,0,0,0,2,1,6,6,2,79,11,1248,1,6,HYUNDAI I10,6,E01013449,0,1
2024340NN1382,2024,340NN1382,1,9,0,-1,19,7,3,-1,0,2,0,0,0,0,4,1,-1,9,2,18,4,998,1,6,HYUNDAI I10,6,E01027057,0,2
2024131471339,2024,131471339,1,9,0,-1,12,1,3,-1,0,1,0,0,0,0,1,1,-1,2,2,21,5,1248,1,7,HYUNDAI I10,3,E01011319,0,1
2024141426088,2024,141426088,1,9,0,-1,19,1,1,-1,0,8,0,0,0,0,4,1,-1,6,2,49,8,998,1,10,HYUNDAI I10,2,E01007967,0,1
2024991507190,2024,991507190,1,9,0,-1,19,8,4,-1,0,0,0,0,1,0,4,1,-1,6,1,50,8,1248,1,16,HYUNDAI I10,4,-1,0,1
2024311483511,2024,311483511,1,9,0,-1,19,5,1,-1,0,0,1,0,1,0,1,1,-1,6,1,17,4,1248,1,13,HYUNDAI I10,-1,-1,0,-1
2024010544843,2024,010544843,1,9,0,18,19,3,7,0,0,1,0,11,0,0,1,1,6,6,2,38,7,1248,1,10,HYUNDAI I10,4,E01002591,0,1
2024010507684,2024,010507684,1,9,0,18,19,3,7,0,0,0,0,4,0,0,1,1,6,6,2,21,5,998,1,1,HYUNDAI I10,2,E01001876,0,1
2024471497406,2024,471497406,2,9,0,-1,5,6,-1,-1,0,0,0,0,0,0,1,1,-1,6,2,26,6,1086,1,16,HYUNDAI I10,6,E01031568,0,1
2024421501102,2024,421501102,2,9,0,-1,19,8,4,-1,0,0,1,0,0,0,2,1,-1,9,2,55,8,1248,1,8,HYUNDAI I10,1,E01024710,0,4
2024041500008,2024,041500008,2,9,0,-1,3,3,7,-1,0,1,0,0,0,0,2,1,-1,9,2,83,11,1248,1,12,HYUNDAI I10,9,E01034348,0,2
2024622400760,2024,622400760,1,9,0,8,8,3,5,0,0,6,0,0,0,0,0,1,6,6,1,68,10,1197,1,2,HYUNDAI I10,6,W01001016,0,1
2024052400391,2024,052400391,1,9,0,9,9,1,7,0,0,8,0,0,0,0,1,1,1,1,1,45,7,1248,1,10,HYUNDAI I10,10,E01014417,0,5
2024122400240,2024,122400240,1,9,0,18,19,1,2,0,0,1,0,0,0,0,1,1,6,6,1,18,4,998,1,5,HYUNDAI I10,8,E01012147,0,2
2024421418587,2024,421418587,3,9,0,-1,19,7,3,-1,0,0,0,0,0,0,1,1,-1,9,2,48,8,1248,1,14,HYUNDAI I10,7,E01022097,0,1
2024522500044,2024,522500044,1,9,0,18,19,5,1,0,0,8,0,0,0,0,4,1,6,6,1,91,11,1248,1,5,HYUNDAI I10,10,E01014880,0,1
2024430439689,2024,430439689,2,9,0,18,19,7,3,0,0,4,0,0,0,0,1,1,6,6,1,-1,-1,1248,1,14,HYUNDAI I10,-1,-1,0,-1
2024031403007,2024,031403007,2,9,0,-1,3,7,3,-1,0,0,0,0,0,0,2,1,-1,6,1,60,9,1197,1,3,HYUNDAI I10,-1,-1,0,-1
2024520402646,2024,520402646,1,9,0,18,19,6,2,0,0,4,5,0,0,0,1,1,6,6,1,84,11,1248,1,5,HYUNDAI I10,4,E01029136,0,4
2024302400254,2024,302400254,1,9,0,18,19,8,4,0,0,8,0,0,0,0,1,1,2,2,1,53,8,1248,1,13,HYUNDAI I10,3,E01019661,0,2
2024552401485,2024,552401485,3,9,0,3,3,4,8,0,0,0,0,0,0,0,2,1,6,6,2,36,7,1197,1,0,HYUNDAI I10,4,E01020394,0,1
2024430244621,2024,430244621,1,9,0,3,3,5,8,0,0,1,0,0,0,0,2,1,6,6,2,51,8,1248,1,10,HYUNDAI I10,6,E01017929,0,2
2024010510106,2024,010510106,2,9,0,99,99,9,9,99,99,0,9,99,9,99,9,9,6,6,3,47,8,1248,1,10,HYUNDAI I10,5,E01003907,0,1
2024461497975,2024,461497975,2,9,0,-1,3,1,4,-1,0,0,0,0,0,0,2,9,-1,6,2,27,6,1248,1,12,HYUNDAI I10,8,E01024184,0,1
2024221466491,2024,221466491,1,9,0,-1,19,1,4,-1,0,0,0,0,7,4,1,9,-1,6,2,65,9,1086,1,15,HYUNDAI I10,8,E01028951,0,4
2024302401069,2024,302401069,1,9,0,18,19,2,6,0,0,0,0,0,0,0,1,1,6,6,2,58,9,998,1,6,HYUNDAI I10,5,E01013551,0,1
2024501403097,2024,501403097,2,9,0,-1,19,3,7,-1,0,0,0,0,0,0,1,1,-1,9,1,50,8,1248,1,7,HYUNDAI I10,4,E01020321,0,2
2024201483673,2024,201483673,1,9,0,-1,2,0,0,-1,9,0,1,0,0,0,4,1,-1,6,-1,-1,-1,998,1,5,HYUNDAI I10,-1,-1,0,-1
2024440219236,2024,440219236,1,9,0,14,14,5,1,0,0,0,0,0,0,0,3,1,6,6,1,47,8,1248,1,11,HYUNDAI I10,7,E01022627,0,1
2024211511957,2024,211511957,1,9,0,-1,19,3,7,-1,0,0,2,0,1,4,3,1,-1,9,2,19,4,1248,1,16,HYUNDAI I10,-1,-1,0,-1
2024501524145,2024,501524145,1,9,0,-1,19,3,7,-1,0,2,0,0,2,11,1,1,-1,9,1,79,11,998,1,8,HYUNDAI I10,7,E01020263,0,1
2024211474286,2024,211474286,2,9,0,-1,5,1,5,-1,0,1,0,0,0,0,1,1,-1,6,2,20,4,1248,1,15,HYUNDAI I10,3,E01014285,0,1
202460Q080308,2024,60Q080308,2,9,0,16,19,3,7,0,0,1,0,0,0,0,1,1,6,6,1,91,11,1248,1,8,HYUNDAI I10,-1,-1,0,-1
2024451403713,2024,451403713,1,9,0,-1,5,1,5,-1,0,0,0,0,0,0,1,1,-1,2,2,23,5,1248,1,11,HYUNDAI I10,10,E01030387,0,2
2024440022735,2024,440022735,1,9,0,18,19,6,2,0,0,0,0,0,1,4,1,1,2,2,1,32,6,1248,1,15,HYUNDAI I10,7,E01022880,0,2
2024991524637,2024,991524637,2,9,0,-1,19,5,1,-1,0,1,0,0,0,0,1,1,-1,6,2,59,9,1248,1,13,HYUNDAI I10,2,-1,0,1
2024501443807,2024,501443807,2,9,0,-1,19,5,1,-1,0,1,0,0,1,0,1,1,-1,6,1,54,8,1248,1,10,HYUNDAI I10,4,E01020323,0,3
2024041511619,2024,041511619,1,9,0,-1,19,8,4,-1,0,8,0,0,0,0,3,9,-1,6,2,90,11,1248,1,10,HYUNDAI I10,10,E01006321,0,1
2024131478054,2024,131478054,1,9,0,-1,19,5,1,-1,0,2,0,0,0,0,2,1,-1,9,2,46,8,1248,1,11,HYUNDAI I10,4,E01010921,0,2
2024122500304,2024,122500304,2,9,0,18,19,3,7,0,0,0,0,0,0,0,1,1,6,6,2,58,9,998,1,2,HYUNDAI I10,6,E01027636,0,1
2024010512726,2024,010512726,2,9,0,99,99,9,9,99,99,9,9,99,9,99,9,9,6,6,3,41,7,1248,1,14,HYUNDAI I10,2,E01003622,0,1
2024631506729,2024,631506729,1,9,0,-1,11,6,2,-1,2,5,0,0,1,10,4,1,-1,2,1,19,4,998,1,5,HYUNDAI I10,3,W01000739,0,4
2024070914349,2024,070914349,1,9,0,-1,19,3,7,-1,0,1,0,0,0,0,1,1,-1,9,2,57,9,1248,1,13,HYUNDAI I10,3,E01018398,0,1
2024411495307,2024,411495307,2,9,0,-1,4,3,3,-1,0,0,0,0,0,0,2,1,-1,9,1,45,7,1197,1,1,HYUNDAI I10,8,E01023195,0,5
2024031483149,2024,031483149,2,9,0,-1,3,1,7,-1,0,0,0,0,0,0,1,1,-1,6,1,56,9,998,1,10,HYUNDAI I10,-1,-1,0,-1
2024201499947,2024,201499947,1,9,0,-1,19,8,4,-1,0,0,0,0,0,0,1,1,-1,9,1,29,6,1248,1,13,HYUNDAI I10,9,E01010168,0,2
2024332401258,2024,332401258,2,9,0,-1,5,4,8,-1,0,6,0,0,0,0,1,1,-1,6,2,-1,-1,1248,1,13,HYUNDAI I10,-1,-1,0,-1
2024131492672,2024,131492672,2,9,0,-1,19,5,1,-1,0,1,5,0,0,0,4,1,-1,2,1,33,6,1248,1,14,HYUNDAI I10,1,E01011375,0,1
2024471461319,2024,471461319,1,9,0,-1,19,5,1,-1,0,2,0,0,0,0,4,1,-1,6,2,55,8,1248,1,10,HYUNDAI I10,5,E01021128,0,1
2024552400913,2024,552400913,1,9,0,18,19,8,4,0,0,1,0,0,0,0,1,1,6,6,2,84,11,1248,1,12,HYUNDAI I10,7,E01020357,0,1
2024010496345,2024,010496345,1,9,0,9,9,4,2,0,0,1,0,0,0,0,1,1,6,6,2,27,6,1248,1,15,HYUNDAI I10,6,E01003003,0,4
2024501434149,2024,501434149,1,9,0,-1,12,1,5,-1,0,0,5,0,4,6,3,1,-1,6,1,92,11,998,1,4,HYUNDAI I10,9,E01015101,0,4
2024440360128,2024,440360128,1,9,0,5,5,4,7,0,0,4,0,0,0,0,1,1,1,1,1,51,8,998,1,1,HYUNDAI I10,1,E01017154,0,2
2024211519176,2024,211519176,1,9,0,-1,12,4,2,-1,0,0,0,0,0,0,2,1,-1,2,2,48,8,1248,1,6,HYUNDAI I10,7,E01029856,0,3
2024141527388,2024,141527388,2,9,0,-1,19,5,1,-1,0,0,0,0,0,0,1,1,-1,9,2,46,8,1248,1,13,HYUNDAI I10,9,E01007752,0,1
2024010545133,2024,010545133,1,9,0,99,99,9,9,99,99,0,9,99,9,99,2,9,6,6,1,35,6,1248,1,14,HYUNDAI I10,4,E01003635,0,1
2024131419014,2024,131419014,4,9,0,-1,11,4,8,-1,0,8,0,0,0,0,2,1,-1,9,2,78,11,1248,1,10,HYUNDAI I10,7,E01010859,0,2
2024111522640,2024,111522640,1,9,0,-1,19,6,2,-1,0,0,5,10,0,0,4,1,-1,6,1,38,7,1248,1,5,HYUNDAI I10,1,E01032543,0,2
2024440364708,2024,440364708,2,9,0,18,19,5,1,0,0,0,0,0,0,10,1,1,6,6,1,28,6,998,1,7,HYUNDAI I10,5,-1,0,5
2024161494458,2024,161494458,1,9,0,-1,19,1,5,-1,0,0,0,0,0,0,3,1,-1,9,2,20,4,998,1,10,HYUNDAI I10,9,E01026063,0,2
2024311426886,2024,311426886,2,9,0,-1,19,5,1,-1,0,0,0,0,0,0,1,1,-1,9,2,20,4,998,1,7,HYUNDAI I10,-1,-1,0,-1
2024411531252,2024,411531252,2,9,0,-1,19,1,5,-1,0,8,0,0,0,0,4,1,-1,6,2,52,8,1248,1,8,HYUNDAI I10,3,E01023866,0,1
2024101510305,2024,101510305,2,9,0,-1,3,8,4,-1,0,8,0,0,0,0,2,1,-1,6,2,52,8,998,1,9,HYUNDAI I10,3,E01020787,0,2
2024361460118,2024,361460118,1,9,0,-1,3,7,4,-1,0,1,0,0,0,0,2,1,-1,9,2,20,4,1248,1,12,HYUNDAI I10,10,E01026915,0,2
2024061532576,2024,061532576,1,9,0,-1,9,4,2,-1,0,8,0,0,0,0,1,1,-1,9,2,78,11,1248,1,13,HYUNDAI I10,4,E01005996,0,1
2024010545759,2024,010545759,2,9,9,99,99,9,9,99,99,9,9,99,9,99,9,9,6,6,3,-1,-1,998,1,4,HYUNDAI I10,-1,-1,0,-1
202454E932024,2024,54E932024,1,9,0,18,19,4,8,0,0,0,0,4,0,0,1,1,6,6,2,78,11,1248,1,8,HYUNDAI I10,9,E01034532,0,1
2024221452432,2024,221452432,1,9,0,-1,19,7,3,-1,0,0,2,0,7,11,1,9,-1,1,1,23,5,1248,1,15,HYUNDAI I10,5,E01032181,0,3
2024311480035,2024,311480035,2,9,0,-1,5,6,8,-1,0,4,0,0,0,0,2,9,-1,6,2,-1,-1,1248,1,12,HYUNDAI I10,10,E01028137,0,3
2024041441934,2024,041441934,1,9,0,-1,19,7,3,-1,0,0,0,0,0,0,3,1,-1,9,1,28,6,1248,1,12,HYUNDAI I10,3,E01025356,0,1
2024010501626,2024,010501626,2,9,0,99,99,9,9,99,99,9,9,99,9,99,2,9,6,6,3,-1,-1,1248,1,11,HYUNDAI I10,7,E01004626,0,1
2024101415460,2024,101415460,1,9,0,-1,9,6,3,-1,0,0,0,0,0,0,4,1,-1,9,2,35,6,1248,1,12,HYUNDAI I10,7,E01008781,0,1
2024631497123,2024,631497123,1,5,0,-1,19,3,7,-1,0,8,1,0,1,0,1,1,-1,9,1,51,8,998,1,2,KAWASAKI ZX1002,7,W01001452,0,3
2024340NN2382,2024,340NN2382,2,5,0,-1,19,5,1,-1,0,0,5,0,0,0,4,1,-1,2,1,53,8,1043,1,4,KAWASAKI ZX1002,5,E01017503,0,1
2024552400465,2024,552400465,1,5,0,18,19,6,2,0,0,0,0,12,0,0,1,1,6,6,1,64,9,1043,1,3,KAWASAKI ZX1002,-1,-1,0,-1
2024221507870,2024,221507870,2,5,0,-1,19,1,5,-1,0,8,0,10,0,0,3,1,-1,6,1,54,8,1043,1,1,KAWASAKI ZX1002,4,E01009218,0,2
2024421458277,2024,421458277,2,5,0,-1,19,7,3,-1,0,8,0,0,0,0,4,1,-1,2,1,56,9,998,1,0,KAWASAKI ZX1002,7,E01023513,0,3
2024471454183,2024,471454183,1,5,0,-1,19,-1,-1,-1,0,4,0,0,0,0,2,1,-1,9,1,60,9,1043,1,3,KAWASAKI ZX1002,10,E01031627,0,1
2024542766124,2024,542766124,1,5,0,18,19,3,7,0,0,0,0,0,7,0,1,1,6,6,1,35,6,998,1,4,KAWASAKI ZX1002,8,E01034545,0,1
2024471487284,2024,471487284,1,5,0,-1,7,4,8,-1,0,1,0,0,0,0,1,1,-1,2,1,63,9,998,1,0,KAWASAKI ZX1002,6,E01031817,0,4
2024631469384,2024,631469384,1,5,0,-1,19,1,5,-1,0,0,0,12,1,10,1,1,-1,6,2,51,8,998,1,1,KAWASAKI ZX1002,4,W01001283,0,4
2024461481049,2024,461481049,2,5,0,-1,19,2,6,-1,0,0,0,0,0,0,2,1,-1,9,1,48,8,1043,1,2,KAWASAKI ZX1002,7,E01035304,0,4
2024340WN1842,2024,340WN1842,2,5,0,-1,19,5,1,-1,0,8,5,0,0,0,1,1,-1,6,1,37,7,1043,1,1,KAWASAKI ZX1002,4,E01027245,0,1
2024010548645,2024,010548645,2,5,0,99,99,9,9,99,99,3,9,99,9,99,2,1,2,2,1,51,8,1043,1,0,KAWASAKI ZX1002,3,E01032810,0,4
2024070652156,2024,070652156,2,5,0,7,7,1,5,0,0,1,0,0,0,0,2,1,6,6,1,55,8,1043,1,0,KAWASAKI ZX1002,8,E01028264,0,4
2024041396139,2024,041396139,1,5,0,-1,19,5,1,-1,0,2,1,0,0,0,4,1,-1,9,1,43,7,1043,1,1,KAWASAKI ZX1002,2,E01025244,0,4
2024302400544,2024,302400544,2,5,0,3,3,6,2,0,0,0,0,0,0,0,1,1,6,6,1,60,9,1043,1,3,KAWASAKI ZX1002,9,E01007631,0,4
2024041488772,2024,041488772,2,5,0,-1,19,6,3,-1,0,0,2,0,0,0,1,1,-1,9,1,60,9,1043,1,3,KAWASAKI ZX1002,8,E01025564,0,4
2024631433717,2024,631433717,1,5,0,-1,19,2,6,-1,0,0,1,0,2,10,1,1,-1,6,1,63,9,1043,1,1,KAWASAKI ZX1002,9,W01000493,0,4
2024622400515,2024,622400515,1,5,0,18,19,3,6,0,0,1,0,0,0,0,1,1,1,1,1,49,8,998,1,1,KAWASAKI ZX1002,2,W01001261,0,3
2024552400110,2024,552400110,1,3,0,18,19,1,5,0,0,0,0,0,0,0,0,1,6,6,1,55,8,1043,1,4,KAWASAKI ZX1002,10,E01014388,0,4
2024302401027,2024,302401027,1,5,0,13,13,5,1,0,0,0,0,0,1,0,1,1,6,6,1,54,8,998,1,5,KAWASAKI ZX1002,4,E01019560,0,2
2024991480536,2024,991480536,1,5,0,-1,19,5,2,-1,0,0,1,0,1,11,4,1,-1,9,1,49,8,1043,1,2,KAWASAKI ZX1002,7,E01018708,0,5
2024531473512,2024,531473512,1,5,0,-1,19,8,4,-1,0,1,0,0,0,0,1,1,-1,9,1,52,8,998,1,2,KAWASAKI ZX1002,8,E01016302,0,4
2024501416444,2024,501416444,1,4,0,-1,9,5,3,-1,0,6,0,0,0,0,4,1,-1,9,1,61,9,124,1,9,-1,2,E01018897,0,1
2024430147099,2024,430147099,2,2,0,9,9,6,4,0,0,8,0,0,0,0,4,1,6,6,1,26,6,-1,3,3,-1,-1,-1,0,-1
2024440438826,2024,440438826,2,2,0,18,19,3,7,0,0,1,0,0,0,0,1,1,2,2,2,30,6,-1,3,0,-1,2,E01017169,0,2
2024461509685,2024,461509685,1,9,0,-1,4,3,7,-1,0,0,0,0,0,0,2,1,-1,9,1,49,8,-1,3,0,-1,4,E01035007,0,3
2024501500734,2024,501500734,1,9,0,-1,19,5,1,-1,0,2,0,0,0,0,1,1,-1,1,2,40,7,998,1,8,PEUGEOT 108,6,W01001204,0,4
2024070488627,2024,070488627,1,9,0,15,15,8,4,0,0,0,0,0,0,0,3,1,6,6,2,59,9,1200,1,8,PEUGEOT 108,8,E01018440,0,1
2024070349540,2024,070349540,1,9,0,18,19,2,6,0,0,0,1,0,0,0,1,1,6,6,2,19,4,998,1,8,PEUGEOT 108,9,E01018403,0,2
2024111451874,2024,111451874,1,9,0,-1,19,6,2,-1,0,0,0,0,0,0,4,1,-1,9,2,50,8,998,1,4,PEUGEOT 108,3,E01020876,0,1
2024061414630,2024,061414630,1,9,0,-1,5,4,5,-1,0,1,0,0,0,0,1,1,-1,2,2,66,10,998,1,10,PEUGEOT 108,1,E01006369,0,2
2024101402379,2024,101402379,1,9,0,-1,19,2,6,-1,0,8,0,0,0,0,4,1,-1,9,2,35,6,998,1,8,PEUGEOT 108,1,E01008773,0,1
2024052400155,2024,052400155,1,9,0,9,9,3,1,0,0,1,0,0,0,0,4,1,6,6,1,27,6,998,1,6,PEUGEOT 108,1,E01007257,0,1
2024141431443,2024,141431443,1,9,0,-1,19,8,4,-1,0,0,0,0,0,0,2,1,-1,6,1,47,8,1200,1,7,PEUGEOT 108,8,E01007612,0,4
2024161470491,2024,161470491,2,9,0,-1,9,5,3,-1,0,6,0,0,0,0,1,1,-1,9,1,57,9,1000,1,6,PEUGEOT 108,2,E01012763,0,3
2024461525622,2024,461525622,2,9,0,-1,19,3,7,-1,0,8,0,0,0,0,4,1,-1,9,2,20,4,1200,1,10,PEUGEOT 108,7,E01033213,0,3
2024461420702,2024,461420702,2,9,0,-1,4,4,8,-1,0,0,0,0,1,4,2,1,-1,6,2,25,5,998,1,10,PEUGEOT 108,9,E01023999,0,1
2024411408808,2024,411408808,2,9,0,-1,3,1,6,-1,0,1,0,0,0,0,2,1,-1,9,2,23,5,998,1,9,PEUGEOT 108,3,E01023343,0,1
2024131412211,2024,131412211,1,9,0,-1,19,5,1,-1,0,8,0,4,7,0,1,1,-1,9,2,59,9,1200,1,10,PEUGEOT 108,3,E01005363,0,4
2024421430000,2024,421430000,1,9,0,-1,6,6,4,-1,0,0,0,0,0,0,1,1,-1,9,1,80,11,998,1,7,PEUGEOT 108,5,E01022008,0,4
2024061429735,2024,061429735,1,9,0,-1,19,1,5,-1,9,1,0,0,1,0,1,1,-1,9,1,57,9,998,1,8,PEUGEOT 108,2,E01006380,0,1
2024531494657,2024,531494657,2,9,0,-1,19,7,3,-1,0,1,0,0,7,0,2,1,-1,9,2,69,10,998,1,7,PEUGEOT 108,10,E01022366,0,1
2024991480074,2024,991480074,1,9,0,-1,19,4,2,-1,0,0,0,0,0,0,3,1,-1,9,2,74,10,998,1,8,PEUGEOT 108,2,-1,0,1
2024430231721,2024,430231721,1,9,0,17,19,1,7,0,0,0,0,0,0,0,1,1,6,6,2,23,5,1200,1,10,PEUGEOT 108,2,E01016415,0,1
2024302401048,2024,302401048,1,9,0,7,7,8,2,0,0,8,0,0,7,10,1,1,6,6,2,77,11,998,1,8,PEUGEOT 108,6,E01010969,0,4
2024311425047,2024,311425047,2,9,0,-1,19,8,4,-1,0,8,0,0,0,0,1,1,-1,6,2,19,4,998,1,9,PEUGEOT 108,8,E01028190,0,1
2024131479210,2024,131479210,1,9,0,-1,5,5,5,-1,9,0,0,7,0,0,2,1,-1,9,2,84,11,1000,1,5,PEUGEOT 108,10,E01011380,0,2
2024320294366,2024,320294366,1,9,0,-1,-1,2,6,0,0,8,0,0,0,0,1,1,-1,-1,2,88,11,998,1,6,PEUGEOT 108,6,E01026031,0,1
2024070819559,2024,070819559,2,9,0,-1,19,3,7,-1,0,1,0,0,0,0,4,1,-1,1,2,23,5,998,1,9,PEUGEOT 108,2,E01035365,0,3
2024311428921,2024,311428921,2,9,0,-1,3,1,1,-1,0,0,0,0,0,0,2,1,-1,6,1,18,4,1200,1,6,PEUGEOT 108,6,E01028205,0,1
2024531426586,2024,531426586,1,9,0,-1,19,3,7,-1,0,0,0,0,0,0,1,1,-1,9,2,26,6,998,1,10,PEUGEOT 108,10,E01028561,0,4
2024430182209,2024,430182209,1,9,0,7,7,6,8,0,0,4,0,0,0,0,3,1,6,6,2,29,6,998,1,6,PEUGEOT 108,9,E01035245,0,1
2024361410610,2024,361410610,1,9,0,-1,5,2,6,-1,0,8,0,0,0,0,1,1,-1,6,2,94,11,1200,1,10,PEUGEOT 108,9,E01035148,0,3
2024361437230,2024,361437230,1,9,0,-1,9,7,4,-1,0,6,0,0,0,0,3,1,-1,6,2,48,8,1000,1,6,PEUGEOT 108,2,E01026820,0,1
2024010547765,2024,010547765,1,9,0,5,5,1,5,0,0,4,0,0,0,0,1,1,6,6,1,55,8,1200,1,6,PEUGEOT 108,8,E01002452,0,1
2024201533560,2024,201533560,1,9,0,-1,19,5,4,-1,0,0,1,4,0,0,2,2,-1,6,1,36,7,998,1,7,PEUGEOT 108,1,E01009122,0,1
2024010518353,2024,010518353,2,9,0,2,2,0,0,0,0,2,0,0,0,0,2,2,6,6,3,-1,-1,998,1,3,PEUGEOT 108,-1,-1,0,-1
2024991445123,2024,991445123,1,9,0,-1,9,7,4,-1,0,6,0,0,0,0,1,1,-1,2,2,52,8,998,1,8,PEUGEOT 108,9,-1,0,2