collision_index,collision_year,collision_ref_no,vehicle_reference,vehicle_type,towing_and_articulation,vehicle_manoeuvre_historic,vehicle_manoeuvre,vehicle_direction_from,vehicle_direction_to,vehicle_location_restricted_lane_historic,vehicle_location_restricted_lane,junction_location,skidding_and_overturning,hit_object_in_carriageway,vehicle_leaving_carriageway,hit_object_off_carriageway,first_point_of_impact,vehicle_left_hand_drive,journey_purpose_of_driver_historic,journey_purpose_of_driver,sex_of_driver,age_of_driver,age_band_of_driver,engine_capacity_cc,propulsion_code,age_of_vehicle,generic_make_model,driver_imd_decile,lsoa_of_driver,escooter_flag,driver_distance_banding
2024501417673,2024,501417673,2,9,0,-1,4,8,4,-1,0,0,0,0,0,0,2,9,-1,9,2,32,6,1000,1,6,PEUGEOT 108,7,E01019014,0,1
2024052400054,2024,052400054,2,9,0,18,19,5,1,0,0,3,0,0,0,0,1,1,6,6,2,21,5,998,1,7,PEUGEOT 108,3,E01007000,0,1
2024610052324,2024,610052324,2,9,0,18,19,3,7,0,0,0,0,0,1,0,3,1,6,6,2,47,8,998,1,8,PEUGEOT 108,4,W01001487,0,2
2024471517928,2024,471517928,2,9,0,-1,2,0,0,-1,0,4,1,0,0,0,3,1,-1,2,2,58,9,998,1,10,PEUGEOT 108,10,E01031703,0,2
2024061498860,2024,061498860,1,9,0,-1,19,1,5,-1,0,0,0,0,0,0,1,1,-1,6,2,57,9,998,1,6,PEUGEOT 108,-1,-1,0,-1
2024010542624,2024,010542624,2,9,0,99,99,9,9,99,99,9,9,99,9,99,2,9,6,6,2,34,6,998,1,9,PEUGEOT 108,3,E01000506,0,1
2024631477467,2024,631477467,2,9,0,-1,4,5,8,-1,0,1,0,0,0,0,2,1,-1,9,1,32,6,998,1,8,PEUGEOT 108,3,E01020789,0,5
2024421491149,2024,421491149,1,9,0,-1,9,8,6,-1,0,5,0,0,0,0,1,1,-1,6,1,17,4,998,1,4,PEUGEOT 108,9,E01023500,0,2
202460Q185332,2024,60Q185332,1,9,0,17,19,1,5,0,0,0,0,0,0,0,1,1,6,6,2,30,6,998,1,7,PEUGEOT 108,-1,-1,0,-1
2024061474531,2024,061474531,1,9,0,-1,3,-1,-1,-1,-1,0,0,99,0,0,2,1,-1,9,2,42,7,998,1,8,PEUGEOT 108,1,E01025049,0,4
2024131504437,2024,131504437,2,9,0,-1,4,7,5,-1,0,4,0,0,0,0,2,1,-1,6,1,58,9,998,1,9,PEUGEOT 108,1,E01011661,0,2
202460Q119171,2024,60Q119171,2,9,0,18,19,1,5,0,0,4,0,0,0,0,2,1,6,6,2,71,10,998,1,9,PEUGEOT 108,-1,-1,0,-1
2024371494812,2024,371494812,5,9,0,-1,4,3,7,-1,0,0,0,0,0,0,2,1,-1,9,1,-1,-1,998,1,8,PEUGEOT 108,8,E01030086,0,1
2024231398809,2024,231398809,1,9,0,-1,9,1,6,-1,0,5,5,0,0,0,1,1,-1,1,2,22,5,998,1,8,PEUGEOT 108,2,E01034955,0,3
2024361451964,2024,361451964,1,9,0,-1,19,3,7,-1,0,1,0,0,0,0,1,1,-1,6,1,84,11,1000,1,6,PEUGEOT 108,3,E01026775,0,2
2024201425103,2024,201425103,1,9,0,-1,5,8,4,-1,0,6,0,0,0,0,3,9,-1,9,1,51,8,998,1,8,PEUGEOT 108,4,E01009628,0,1
2024361477864,2024,361477864,1,9,0,-1,19,5,7,-1,0,0,0,0,0,0,2,1,-1,6,2,53,8,1200,1,8,PEUGEOT 108,4,E01018077,0,4
2024061454873,2024,061454873,1,9,0,-1,2,0,0,-1,99,0,9,99,0,0,2,1,-1,9,1,38,7,998,1,9,PEUGEOT 108,2,E01006073,0,1
2024411512616,2024,411512616,2,9,0,-1,-1,-1,-1,-1,-1,-1,-1,-1,-1,0,2,9,-1,2,1,21,5,998,1,9,PEUGEOT 108,6,E01023491,0,3
2024461421277,2024,461421277,1,9,0,-1,15,3,7,-1,0,0,0,0,0,0,1,1,-1,9,1,81,11,998,1,8,PEUGEOT 108,8,E01024637,0,1
2024471404350,2024,471404350,1,9,0,-1,19,1,5,-1,0,0,0,0,0,0,1,1,-1,2,2,26,6,998,1,8,PEUGEOT 108,3,E01031787,0,4
2024361426424,2024,361426424,1,9,0,-1,5,5,1,-1,0,8,5,0,7,1,4,9,-1,9,1,59,9,1200,1,9,PEUGEOT 108,6,E01026842,0,4
2024471398695,2024,471398695,1,9,0,-1,6,6,6,-1,0,8,0,0,0,0,3,1,-1,9,1,53,8,998,1,9,PEUGEOT 108,4,E01020965,0,1
2024161454927,2024,161454927,1,9,0,-1,3,2,6,-1,0,1,0,0,0,0,2,9,-1,9,2,55,8,998,1,7,PEUGEOT 108,4,E01013050,0,2
2024440152075,2024,440152075,2,9,0,4,4,7,3,0,0,2,0,0,0,0,2,1,2,2,1,64,9,998,1,7,PEUGEOT 108,3,E01017347,0,1
2024141507723,2024,141507723,2,9,0,-1,19,7,3,-1,0,1,0,2,0,0,2,1,-1,9,1,88,11,998,1,7,PEUGEOT 108,1,E01007578,0,1
2024201420443,2024,201420443,1,9,0,-1,9,4,1,-1,0,0,0,0,0,0,1,1,-1,6,2,26,6,1200,1,6,PEUGEOT 108,7,E01010537,0,1
2024131491136,2024,131491136,1,9,0,-1,5,5,1,-1,0,1,0,0,0,0,1,1,-1,9,2,26,6,1200,1,9,PEUGEOT 108,3,E01011612,0,3
2024320492121,2024,320492121,2,9,0,-1,-1,8,4,0,0,0,0,0,0,0,2,2,-1,-1,2,26,6,998,1,5,PEUGEOT 108,7,E01026333,0,1
2024211482487,2024,211482487,1,9,-1,-1,-1,-1,-1,-1,-1,-1,-1,-1,-1,0,-1,9,-1,6,1,60,9,998,1,8,PEUGEOT 108,6,E01014264,0,2
2024161397977,2024,161397977,1,9,0,-1,19,1,5,-1,0,8,0,0,0,0,1,1,-1,9,1,87,11,998,1,4,PEUGEOT 108,3,E01026386,0,3
2024131508923,2024,131508923,1,9,0,-1,19,1,1,-1,4,0,0,0,0,0,4,1,-1,6,3,-1,-1,1000,1,5,PEUGEOT 108,-1,-1,0,-1
2024052400356,2024,052400356,2,9,0,18,19,5,1,0,0,8,0,0,0,0,4,1,6,6,1,25,5,998,1,8,PEUGEOT 108,3,E01006878,0,1
2024461472200,2024,461472200,1,9,0,-1,19,5,1,-1,0,0,0,0,0,0,3,1,-1,9,2,20,4,1200,1,8,PEUGEOT 108,8,E01024004,0,2
2024430083613,2024,430083613,1,9,0,18,19,7,3,0,0,1,0,0,0,0,1,1,2,2,2,21,5,998,1,3,PEUGEOT 108,7,E01016331,0,1
2024221427369,2024,221427369,2,9,0,-1,4,4,8,-1,0,8,1,0,0,0,1,1,-1,6,2,55,8,998,1,8,PEUGEOT 108,7,E01032210,0,1
2024041426508,2024,041426508,3,9,0,-1,5,5,1,-1,0,0,0,0,0,0,2,1,-1,9,2,61,9,1000,1,5,PEUGEOT 108,7,E01021827,0,5
2024041518443,2024,041518443,2,9,0,-1,2,0,0,-1,0,0,0,0,0,0,3,1,-1,6,-1,-1,-1,1200,1,9,PEUGEOT 108,-1,-1,0,-1
2024401508005,2024,401508005,2,9,0,-1,19,4,8,-1,0,8,0,0,0,0,1,1,-1,6,2,70,10,998,1,9,PEUGEOT 108,10,E01016427,0,4
2024010526655,2024,010526655,1,9,0,99,99,9,9,99,99,9,9,99,9,99,1,9,6,6,2,29,6,998,1,8,PEUGEOT 108,6,E01002331,0,1
2024421507348,2024,421507348,2,9,0,-1,19,7,3,-1,0,3,0,0,0,0,4,1,-1,6,2,81,11,998,1,6,PEUGEOT 108,4,E01015871,0,1
2024340WN7152,2024,340WN7152,2,9,0,-1,19,7,3,-1,0,8,0,0,0,0,4,1,-1,6,1,72,10,998,1,8,PEUGEOT 108,9,E01027016,0,2
2024070864531,2024,070864531,2,9,0,-1,19,3,6,-1,0,8,0,0,0,0,3,1,-1,6,2,28,6,998,1,8,PEUGEOT 108,1,E01012367,0,2
2024440027631,2024,440027631,1,9,0,5,5,2,6,0,0,2,0,0,0,0,1,1,6,6,1,60,9,1200,1,7,PEUGEOT 108,10,E01032616,0,3
2024991409197,2024,991409197,2,9,0,-1,19,8,4,-1,0,0,0,0,1,0,1,1,-1,9,1,61,9,998,1,7,PEUGEOT 108,-1,-1,0,-1
2024451501666,2024,451501666,1,9,0,-1,9,7,3,-1,0,5,0,0,0,0,1,1,-1,2,2,25,5,998,1,10,PEUGEOT 108,3,E01002400,0,4
2024141396823,2024,141396823,1,9,0,-1,5,8,4,-1,0,6,0,0,0,0,1,1,-1,9,2,25,5,1200,1,7,PEUGEOT 108,6,E01007630,0,1
2024061499100,2024,061499100,1,9,0,-1,5,0,0,-1,0,4,0,0,3,0,4,1,-1,2,2,21,5,1200,1,10,PEUGEOT 108,1,E01005081,0,1
2024010509015,2024,010509015,1,9,0,7,7,5,7,0,0,6,0,0,0,0,1,1,2,2,2,49,8,998,1,8,PEUGEOT 108,10,E01000463,0,1
2024061461995,2024,061461995,1,9,0,-1,5,-1,-1,-1,0,0,0,0,0,0,2,1,-1,9,1,23,5,998,1,9,PEUGEOT 108,6,E01025195,0,4
2024991508758,2024,991508758,1,9,0,-1,19,6,2,-1,0,1,0,0,0,0,1,1,-1,6,2,51,8,1200,1,9,PEUGEOT 108,7,-1,0,3
2024052401475,2024,052401475,1,9,0,18,19,1,5,0,0,1,0,0,0,0,3,1,6,6,2,51,8,1200,1,9,PEUGEOT 108,1,E01006775,0,2
2024041395796,2024,041395796,2,9,0,-1,19,1,5,-1,0,8,0,0,0,0,4,1,-1,2,2,19,4,998,1,9,PEUGEOT 108,1,E01025189,0,1
2024070555662,2024,070555662,1,9,0,17,19,4,2,0,0,0,0,0,0,0,1,1,6,6,2,44,7,998,1,8,PEUGEOT 108,9,E01012392,0,1
2024622400027,2024,622400027,1,9,0,4,4,3,7,0,0,3,0,0,0,0,3,1,1,1,1,25,5,998,1,9,PEUGEOT 108,4,W01000760,0,4
202460Q063784,2024,60Q063784,2,9,0,18,19,6,2,0,0,0,0,0,0,0,4,1,6,6,1,81,11,998,1,7,PEUGEOT 108,-1,-1,0,-1
2024461419116,2024,461419116,1,9,0,-1,19,1,5,-1,0,0,0,0,7,4,3,1,-1,9,1,28,6,998,1,9,PEUGEOT 108,10,E01024449,0,1
2024340WN1312,2024,340WN1312,2,9,0,-1,10,5,1,-1,0,1,0,0,0,0,2,1,-1,9,1,34,6,1200,1,9,PEUGEOT 108,3,E01035412,0,1
2024141453337,2024,141453337,1,9,0,-1,12,3,7,-1,0,0,0,0,0,0,3,1,-1,9,2,61,9,998,1,2,PEUGEOT 108,2,E01034846,0,1
2024010523763,2024,010523763,2,9,0,99,99,9,9,99,99,9,9,99,9,99,1,9,6,6,3,-1,-1,1200,1,7,PEUGEOT 108,-1,-1,0,-1
2024531453562,2024,531453562,1,9,0,-1,7,4,6,-1,0,6,0,0,0,0,1,1,-1,9,1,39,7,998,1,8,PEUGEOT 108,3,E01014690,0,4
2024201502918,2024,201502918,1,9,0,-1,19,7,3,-1,0,2,0,0,0,0,4,1,-1,6,2,35,6,998,1,8,PEUGEOT 108,9,E01022305,0,4
2024421489498,2024,421489498,2,9,0,-1,3,5,1,-1,0,0,0,0,0,0,2,1,-1,9,2,50,8,1000,1,5,PEUGEOT 108,7,E01021341,0,1
2024501399701,2024,501399701,2,9,0,-1,19,4,7,-1,0,0,0,0,0,0,1,9,-1,6,1,24,5,998,1,7,PEUGEOT 108,7,E01018901,0,1
2024010543426,2024,010543426,2,9,0,2,2,0,0,6,6,0,0,4,7,0,1,1,6,6,3,-1,-1,998,1,9,PEUGEOT 108,-1,-1,0,-1
2024031467615,2024,031467615,2,9,0,-1,9,2,8,-1,0,1,0,0,0,0,4,1,-1,9,1,84,11,998,1,7,PEUGEOT 108,4,E01019283,0,1
2024461464750,2024,461464750,2,9,0,-1,19,1,5,-1,0,0,0,0,0,0,2,9,-1,6,2,18,4,998,1,9,PEUGEOT 108,4,E01024640,0,2
2024541279424,2024,541279424,1,9,0,18,19,8,4,0,0,0,0,0,0,0,1,1,2,2,2,59,9,1000,1,5,PEUGEOT 108,9,E01032058,0,1
2024430539406,2024,430539406,1,9,0,9,9,2,8,0,0,5,0,0,0,0,4,1,6,6,2,62,9,998,1,3,PEUGEOT 108,9,E01016299,0,4
2024131429934,2024,131429934,1,9,0,-1,19,7,7,-1,0,0,0,0,0,0,2,1,-1,6,2,61,9,998,1,7,PEUGEOT 108,2,E01011334,0,1
2024610057724,2024,610057724,1,9,0,18,19,5,1,0,0,0,0,0,0,0,1,1,6,6,2,26,6,998,1,9,PEUGEOT 108,2,W01001436,0,1
202460Q012409,2024,60Q012409,1,9,0,18,19,7,3,0,0,0,0,4,0,0,1,1,6,6,2,92,11,1200,1,6,PEUGEOT 108,-1,-1,0,-1
2024501473181,2024,501473181,2,9,0,-1,19,7,3,-1,0,0,0,0,0,0,4,1,-1,9,2,24,5,998,1,8,PEUGEOT 108,6,E01019945,0,1
2024231462127,2024,231462127,1,9,0,-1,9,8,4,-1,0,6,0,0,1,0,3,1,-1,9,2,72,10,1200,1,9,PEUGEOT 108,2,E01008939,0,3
2024061444697,2024,061444697,1,9,0,-1,19,4,1,-1,0,1,0,0,0,0,1,1,-1,9,1,28,6,998,1,8,PEUGEOT 108,4,E01006223,0,1
2024041463110,2024,041463110,1,9,0,-1,7,8,4,-1,0,4,0,0,0,0,1,1,-1,2,2,55,8,998,1,5,PEUGEOT 108,3,E01024943,0,1
2024311535981,2024,311535981,1,9,0,-1,19,3,7,-1,0,0,0,4,0,0,1,1,-1,6,2,74,10,1200,1,6,PEUGEOT 108,10,E01028382,0,2
2024522402874,2024,522402874,2,9,0,18,19,1,5,0,0,6,0,0,0,0,1,1,6,6,2,24,5,1200,1,9,PEUGEOT 108,5,E01014708,0,2
2024440021700,2024,440021700,2,9,0,18,19,3,7,0,0,1,0,0,0,0,1,1,6,6,2,-1,-1,998,1,9,PEUGEOT 108,-1,-1,0,-1
2024010508775,2024,010508775,1,9,0,18,19,1,5,0,0,1,0,0,0,0,4,1,6,6,2,24,5,998,1,9,PEUGEOT 108,5,E01002186,0,1
2024471457072,2024,471457072,1,9,0,-1,3,5,1,-1,0,1,0,0,0,0,2,1,-1,9,2,66,10,998,1,8,PEUGEOT 108,9,E01032953,0,5
2024522403417,2024,522403417,1,9,0,9,9,1,6,0,0,5,0,0,0,0,1,1,6,6,1,33,6,998,1,9,PEUGEOT 108,5,E01029279,0,4
2024440315209,2024,440315209,1,9,0,9,9,8,6,0,0,8,0,0,0,0,4,1,6,6,1,58,9,1000,1,6,PEUGEOT 108,9,E01016330,0,2
2024231414442,2024,231414442,2,9,0,-1,3,5,3,-1,0,8,0,0,0,0,2,9,-1,9,1,43,7,1200,1,10,PEUGEOT 108,4,E01031047,0,1
2024131466783,2024,131466783,1,9,0,-1,19,6,2,-1,0,0,0,0,0,0,1,1,-1,9,1,22,5,998,1,9,PEUGEOT 108,3,E01010671,0,1
2024351536301,2024,351536301,1,9,0,-1,5,8,4,-1,0,4,0,0,0,0,1,1,-1,2,2,36,7,998,1,8,PEUGEOT 108,6,E01018187,0,4
2024211399054,2024,211399054,2,9,0,-1,10,5,3,-1,0,5,0,0,2,0,1,1,-1,9,2,66,10,998,1,6,PEUGEOT 108,1,E01014368,0,1
2024461453578,2024,461453578,1,9,0,-1,19,1,5,-1,0,0,0,4,0,0,1,1,-1,9,2,75,10,998,1,8,PEUGEOT 108,5,E01024654,0,1
2024131508480,2024,131508480,1,9,0,-1,19,3,7,-1,0,0,1,10,0,0,0,1,-1,6,1,21,5,998,1,9,PEUGEOT 108,1,E01011433,0,1
2024522402104,2024,522402104,1,9,0,7,7,4,6,0,0,8,0,0,0,0,4,1,6,6,2,58,9,1200,1,8,PEUGEOT 108,8,E01014740,0,1
2024161486073,2024,161486073,2,9,0,-1,2,0,0,-1,0,1,0,0,0,0,4,1,-1,9,2,-1,-1,998,1,8,PEUGEOT 108,8,E01012959,0,1
2024010512299,2024,010512299,1,9,0,7,7,4,6,0,0,1,0,0,0,0,4,1,2,2,2,22,5,1000,1,6,PEUGEOT 108,10,E01000445,0,3
2024371515206,2024,371515206,1,9,0,-1,7,3,5,-1,0,0,0,0,0,0,1,1,-1,9,2,86,11,998,1,4,PEUGEOT 108,9,E01033450,0,1
2024201445217,2024,201445217,2,9,0,-1,19,8,4,-1,0,3,0,0,0,0,4,1,-1,6,1,38,7,998,1,8,PEUGEOT 108,9,E01010220,0,1
2024061520628,2024,061520628,1,9,0,-1,19,8,4,-1,0,2,0,0,0,0,1,1,-1,6,1,47,8,1200,1,9,PEUGEOT 108,1,E01005106,0,1
2024552400582,2024,552400582,4,9,0,4,4,6,2,0,0,0,0,0,0,0,1,1,2,2,2,21,5,998,1,7,PEUGEOT 108,7,E01020492,0,3
2024320519438,2024,320519438,1,9,0,9,9,6,4,0,0,6,0,0,0,0,3,1,-1,-1,1,88,11,998,1,5,PEUGEOT 108,9,E01026214,0,3
2024471437993,2024,471437993,2,9,0,-1,3,7,3,-1,0,4,0,0,0,0,2,1,-1,9,2,81,11,998,1,9,PEUGEOT 108,6,E01031568,0,1
2024131466151,2024,131466151,2,9,0,-1,2,3,7,-1,0,0,0,0,0,0,2,1,-1,9,1,74,10,998,1,3,PEUGEOT 108,1,E01011780,0,1
2024320133534,2024,320133534,2,9,0,4,4,8,4,0,0,1,0,0,0,0,2,1,-1,-1,2,72,10,998,1,8,PEUGEOT 108,7,E01028353,0,2
2024501458830,2024,501458830,1,9,0,-1,19,6,7,-1,0,0,0,0,0,0,4,1,-1,6,2,19,4,1200,1,10,PEUGEOT 108,7,E01019014,0,1
2024471513856,2024,471513856,1,9,0,-1,9,3,1,-1,0,0,0,0,0,0,1,9,-1,6,2,69,10,1200,1,10,PEUGEOT 108,10,E01021202,0,1
2024231411504,2024,231411504,1,9,0,-1,9,1,3,-1,0,6,0,0,0,0,3,9,-1,6,1,34,6,998,1,9,PEUGEOT 108,9,E01031100,0,1
2024101497060,2024,101497060,2,9,0,-1,2,5,5,-1,0,0,0,0,0,0,2,1,-1,9,1,55,8,998,1,7,PEUGEOT 108,-1,-1,0,-1
2024041497797,2024,041497797,2,9,0,-1,19,1,5,-1,0,1,0,0,0,0,1,1,-1,6,2,45,7,1200,1,8,PEUGEOT 108,1,E01024987,0,1
2024411423090,2024,411423090,1,9,0,-1,9,3,5,-1,0,1,0,0,0,0,4,1,-1,6,2,26,6,998,1,8,PEUGEOT 108,2,E01035585,0,1
2024302400032,2024,302400032,1,9,0,18,19,1,5,0,0,2,0,0,0,0,1,1,2,2,1,53,8,998,1,9,PEUGEOT 108,9,E01005908,0,1
2024201461433,2024,201461433,2,9,0,-1,7,4,6,-1,0,6,0,0,0,0,3,1,-1,6,2,22,5,998,1,9,PEUGEOT 108,6,E01009286,0,1
2024111445983,2024,111445983,1,9,0,-1,19,7,3,-1,0,1,0,0,0,0,1,9,-1,6,2,24,5,998,1,3,PEUGEOT 108,2,E01033206,0,1
2024520401878,2024,520401878,1,9,0,18,19,6,2,0,0,8,0,0,1,11,1,1,6,6,1,86,11,998,1,6,PEUGEOT 108,10,E01014376,0,4
2024010520762,2024,010520762,1,9,0,9,9,7,5,0,0,3,0,0,0,0,3,1,6,6,2,25,5,998,1,10,PEUGEOT 108,7,E01002420,0,1
2024061472075,2024,061472075,1,9,0,-1,19,8,4,-1,0,0,0,0,0,0,4,1,-1,9,1,77,11,1000,1,5,PEUGEOT 108,-1,-1,0,-1
2024440228787,2024,440228787,2,9,0,18,19,2,6,0,0,0,0,0,0,0,1,1,6,6,2,49,8,998,1,3,PEUGEOT 108,10,E01022518,0,1
2024131403768,2024,131403768,3,9,0,-1,19,5,1,-1,0,0,0,0,2,1,1,1,-1,2,2,21,5,1200,1,9,PEUGEOT 108,3,E01011647,0,2
2024991503044,2024,991503044,1,9,0,-1,5,8,4,-1,0,0,0,0,0,0,1,1,-1,9,2,73,10,998,1,8,PEUGEOT 108,-1,-1,0,-1
2024101433405,2024,101433405,2,9,0,-1,3,1,5,-1,0,8,0,0,0,0,2,9,-1,6,2,63,9,998,1,7,PEUGEOT 108,7,E01008642,0,1
2024552400959,2024,552400959,3,9,0,4,4,1,5,0,0,0,0,0,0,0,2,1,6,6,2,44,7,1200,1,8,PEUGEOT 108,9,E01028782,0,5
2024631517075,2024,631517075,2,9,0,-1,19,8,4,-1,0,0,0,0,0,0,1,1,-1,6,2,22,5,1200,1,9,PEUGEOT 108,7,W01000721,0,1
2024201507081,2024,201507081,2,9,0,-1,2,0,0,-1,0,0,0,0,0,0,2,1,-1,6,3,-1,-1,998,1,3,PEUGEOT 108,-1,-1,0,-1
2024421482832,2024,421482832,1,9,0,-1,5,3,1,-1,0,8,0,0,1,0,3,1,-1,2,2,60,9,998,1,9,PEUGEOT 108,2,E01021711,0,1
2024351443983,2024,351443983,2,9,0,-1,19,3,7,-1,0,8,0,0,0,0,1,1,-1,6,2,83,11,1000,1,5,PEUGEOT 108,7,E01015686,0,2
2024131416981,2024,131416981,2,9,0,-1,19,4,8,-1,0,1,0,0,0,0,1,1,-1,9,2,76,11,998,1,3,PEUGEOT 108,2,E01011355,0,1
2024461480323,2024,461480323,2,9,0,-1,9,2,3,-1,0,0,0,0,0,0,4,1,-1,9,2,67,10,1200,1,9,PEUGEOT 108,8,E01024015,0,2
2024421411839,2024,421411839,2,9,0,-1,8,1,5,-1,0,4,0,0,0,0,2,1,-1,2,1,55,8,998,1,5,PEUGEOT 108,10,E01021366,0,4
2024991418965,2024,991418965,2,9,0,-1,19,3,7,-1,0,1,0,0,0,0,1,1,-1,9,2,54,8,998,1,8,PEUGEOT 108,8,-1,0,2
2024440485042,2024,440485042,4,9,0,18,19,8,4,0,0,0,0,0,0,0,1,1,6,6,2,41,7,998,1,7,PEUGEOT 108,6,E01035454,0,2
2024501419039,2024,501419039,1,9,0,-1,19,2,6,-1,0,0,0,11,0,0,1,1,-1,9,2,85,11,998,1,5,PEUGEOT 108,9,E01015197,0,2
2024010537728,2024,010537728,3,9,0,2,2,0,0,0,0,1,0,0,0,0,1,1,6,6,3,-1,-1,1200,1,9,PEUGEOT 108,-1,-1,0,-1
2024451427269,2024,451427269,2,9,0,-1,19,5,4,-1,0,0,0,0,0,0,3,9,-1,9,2,69,10,1000,1,6,PEUGEOT 108,8,E01004130,0,2
2024501434149,2024,501434149,2,9,0,-1,19,1,5,-1,0,0,5,0,4,6,4,1,-1,9,2,36,7,1200,1,9,PEUGEOT 108,2,E01018774,0,4
2024201470309,2024,201470309,2,9,0,-1,19,4,8,-1,0,0,0,0,0,0,2,1,-1,2,2,58,9,1200,1,8,PEUGEOT 108,2,E01009044,0,1
2024546750024,2024,546750024,1,9,0,9,9,4,2,0,0,8,0,0,0,0,3,1,2,2,1,21,5,1200,1,9,PEUGEOT 108,7,E01032077,0,1
2024161505288,2024,161505288,1,9,0,-1,7,7,1,-1,0,8,0,0,7,0,4,1,-1,1,1,39,7,1200,1,9,PEUGEOT 108,2,E01013283,0,1
2024430539510,2024,430539510,2,9,0,18,19,6,2,-1,-1,0,0,0,-1,0,2,1,6,6,2,23,5,998,1,9,PEUGEOT 108,8,E01016748,0,1
2024991529844,2024,991529844,1,9,0,-1,19,7,3,-1,0,0,0,0,0,0,1,1,-1,9,1,37,7,998,1,4,PEUGEOT 108,7,-1,0,4
2024461480542,2024,461480542,2,9,0,-1,19,7,2,-1,0,0,0,0,0,0,1,1,-1,9,2,85,11,998,1,7,PEUGEOT 108,10,E01024423,0,1
2024440279875,2024,440279875,3,9,0,18,19,6,2,0,0,1,0,0,0,0,1,1,2,2,2,26,6,998,1,9,PEUGEOT 108,9,E01015364,0,4
2024332400428,2024,332400428,1,9,0,-1,19,6,2,-1,0,0,0,0,0,0,1,1,-1,6,2,40,7,998,1,8,PEUGEOT 108,6,E01025627,0,1
2024520402857,2024,520402857,1,9,0,18,19,7,3,0,0,0,0,0,0,0,3,1,6,6,2,35,6,998,1,10,PEUGEOT 108,10,E01029030,0,1
2024411521693,2024,411521693,1,9,0,-1,19,7,3,-1,0,0,2,7,7,11,1,1,-1,9,1,18,4,1200,1,10,PEUGEOT 108,5,E01023705,0,3
2024101509408,2024,101509408,2,9,0,-1,19,3,7,-1,0,0,0,0,0,0,2,9,-1,9,1,90,11,1200,1,8,PEUGEOT 108,-1,-1,0,-1
2024131405372,2024,131405372,2,9,0,-1,19,7,3,-1,0,0,5,0,0,0,3,1,-1,6,2,24,5,1200,1,9,PEUGEOT 108,5,E01011063,0,1
2024371534456,2024,371534456,2,9,0,-1,9,5,2,-1,0,1,0,0,0,0,1,1,-1,2,2,20,4,1200,1,8,PEUGEOT 108,3,E01030115,0,1
2024501475890,2024,501475890,2,9,0,-1,10,3,8,-1,0,1,0,0,0,0,1,1,-1,9,1,50,8,998,1,7,PEUGEOT 108,5,E01020182,0,3
2024361545239,2024,361545239,1,9,0,-1,19,3,7,-1,0,0,0,0,1,0,1,1,-1,6,1,57,9,1200,1,9,PEUGEOT 108,1,E01033437,0,4
2024991425333,2024,991425333,1,9,0,-1,9,1,8,-1,0,8,0,0,7,0,1,1,-1,9,1,26,6,998,1,9,PEUGEOT 108,1,-1,0,2
2024461481218,2024,461481218,2,9,0,-1,19,6,2,-1,0,0,0,0,0,0,2,1,-1,9,1,34,6,998,1,7,PEUGEOT 108,1,E01016062,0,1
2024061431352,2024,061431352,2,9,0,-1,10,5,1,-1,0,1,0,0,0,0,1,1,-1,9,2,39,7,998,1,8,PEUGEOT 108,2,E01005949,0,1
2024101502322,2024,101502322,3,9,0,-1,2,3,7,-1,9,1,0,0,0,0,2,1,-1,6,-1,-1,-1,998,1,7,PEUGEOT 108,-1,-1,0,-1
2024351516382,2024,351516382,1,9,0,-1,19,7,3,-1,0,2,0,0,0,0,1,1,-1,6,1,66,10,998,1,9,PEUGEOT 108,2,E01035539,0,1
2024010518438,2024,010518438,2,9,0,99,99,9,9,99,99,0,9,99,9,99,9,9,6,6,3,-1,-1,998,1,7,PEUGEOT 108,-1,-1,0,-1
2024070533079,2024,070533079,1,9,0,9,9,5,2,0,0,6,0,10,1,11,1,1,6,6,1,76,11,1200,1,7,PEUGEOT 108,6,E01012371,0,1
2024131397926,2024,131397926,1,9,0,-1,19,3,7,-1,0,0,5,0,0,0,1,1,-1,9,2,19,4,998,1,6,PEUGEOT 108,8,E01011195,0,1
2024122401074,2024,122401074,1,9,0,18,19,3,7,0,0,0,0,0,1,10,1,1,6,6,1,28,6,998,1,7,PEUGEOT 108,7,E01011569,0,1
2024401498648,2024,401498648,2,9,0,-1,10,-1,-1,-1,0,1,0,0,0,0,2,1,-1,9,2,27,6,998,1,9,PEUGEOT 108,10,E01017534,0,1
2024061480207,2024,061480207,1,9,0,-1,7,5,8,-1,0,8,0,0,0,0,3,1,-1,6,2,27,6,998,1,7,PEUGEOT 108,6,E01005845,0,1
2024052400286,2024,052400286,1,9,0,10,10,5,1,0,0,1,0,0,0,0,4,1,6,6,3,-1,-1,998,1,4,PEUGEOT 108,-1,-1,0,-1
2024631498619,2024,631498619,2,9,0,-1,19,3,7,-1,0,8,0,0,0,0,4,1,-1,6,2,45,7,998,1,9,PEUGEOT 108,8,W01000472,0,2
2024520403266,2024,520403266,2,9,0,18,19,5,1,0,0,3,0,0,7,1,4,1,6,6,1,29,6,2706,1,10,-1,2,E01029097,0,1
2024461414802,2024,461414802,2,9,0,-1,19,3,7,-1,0,0,0,0,0,0,4,1,-1,2,1,57,9,3436,1,10,-1,9,E01016086,0,2
2024421485958,2024,421485958,2,9,0,-1,4,3,7,-1,0,0,0,0,0,0,2,1,-1,9,1,62,9,2687,1,17,-1,5,E01015904,0,2