collision_index,collision_year,collision_ref_no,vehicle_reference,vehicle_type,towing_and_articulation,vehicle_manoeuvre_historic,vehicle_manoeuvre,vehicle_direction_from,vehicle_direction_to,vehicle_location_restricted_lane_historic,vehicle_location_restricted_lane,junction_location,skidding_and_overturning,hit_object_in_carriageway,vehicle_leaving_carriageway,hit_object_off_carriageway,first_point_of_impact,vehicle_left_hand_drive,journey_purpose_of_driver_historic,journey_purpose_of_driver,sex_of_driver,age_of_driver,age_band_of_driver,engine_capacity_cc,propulsion_code,age_of_vehicle,generic_make_model,driver_imd_decile,lsoa_of_driver,escooter_flag,driver_distance_banding
2024302401517,2024,302401517,1,9,0,16,19,8,3,0,0,0,5,0,1,9,4,1,6,6,1,23,5,2893,1,15,-1,8,E01019867,0,2
2024401545362,2024,401545362,2,9,0,-1,2,0,0,-1,0,0,0,0,0,0,1,1,-1,6,-1,-1,-1,3436,1,10,-1,-1,-1,0,-1
2024010506431,2024,010506431,1,9,0,7,7,2,5,0,0,1,0,0,0,0,1,1,3,7,1,49,8,2893,1,15,-1,9,E01000716,0,1
2024131459305,2024,131459305,1,9,0,-1,14,7,3,-1,0,0,0,0,0,0,4,1,-1,9,1,39,7,3800,1,8,-1,6,E01032493,0,1
2024010514499,2024,010514499,1,9,0,18,19,5,1,99,99,9,9,99,0,0,4,1,2,2,1,36,7,2706,1,9,-1,3,E01003723,0,1
2024451427486,2024,451427486,1,9,0,-1,8,5,3,-1,0,6,0,0,0,0,1,1,-1,2,1,54,8,3436,1,11,-1,8,E01030537,0,1
2024061453355,2024,061453355,2,9,0,-1,11,1,1,-1,0,8,0,0,0,0,4,1,-1,6,3,30,6,1461,2,10,RENAULT SCENIC,-1,-1,0,-1
2024522402235,2024,522402235,2,9,0,99,99,5,1,0,0,0,0,0,0,0,1,1,6,6,2,34,6,1461,2,19,RENAULT SCENIC,-1,-1,0,-1
2024010520664,2024,010520664,1,9,0,18,19,1,5,0,0,1,0,0,0,0,0,1,6,6,1,20,4,1598,1,15,RENAULT SCENIC,4,E01003730,0,1
2024311422220,2024,311422220,1,9,0,-1,19,8,4,-1,0,1,0,0,0,0,1,1,-1,2,2,33,6,1461,2,10,RENAULT SCENIC,-1,-1,0,-1
2024201501279,2024,201501279,1,9,0,-1,19,3,7,-1,0,0,1,0,0,0,1,1,-1,2,2,41,7,1461,2,10,RENAULT SCENIC,10,E01029678,0,2
2024161533171,2024,161533171,4,9,0,-1,19,1,5,-1,0,0,0,0,0,0,1,1,-1,6,1,39,7,1598,1,14,RENAULT SCENIC,1,E01012893,0,1
2024332400203,2024,332400203,1,9,0,-1,19,3,7,-1,0,4,0,0,0,0,1,1,-1,6,1,55,8,1461,2,14,RENAULT SCENIC,1,E01013638,0,2
2024411518707,2024,411518707,2,9,0,-1,19,7,3,-1,0,0,0,0,0,0,1,1,-1,9,1,18,4,1598,1,17,RENAULT SCENIC,9,E01023376,0,3
2024201510083,2024,201510083,3,9,0,-1,2,0,0,-1,0,8,0,0,0,0,4,1,-1,6,1,34,6,1998,1,19,RENAULT SCENIC,-1,-1,0,-1
2024010492844,2024,010492844,2,9,0,18,19,6,2,0,0,1,0,0,0,0,0,1,6,6,1,44,7,1598,1,13,RENAULT SCENIC,9,E01002996,0,1
2024061404053,2024,061404053,1,9,0,-1,19,3,7,-1,0,0,0,0,0,0,4,1,-1,6,1,-1,-1,1461,2,10,RENAULT SCENIC,-1,-1,0,-1
2024520401892,2024,520401892,1,9,0,18,19,1,5,0,0,2,0,0,0,0,1,1,6,6,1,45,7,1397,1,15,RENAULT SCENIC,4,E01029041,0,1
2024131408341,2024,131408341,2,9,0,-1,4,5,5,-1,0,0,0,0,0,0,2,1,-1,9,2,33,6,1461,2,14,RENAULT SCENIC,4,E01011801,0,3
2024461475520,2024,461475520,1,9,0,-1,19,3,3,-1,0,0,2,10,1,1,1,1,-1,2,2,21,5,1461,2,16,RENAULT SCENIC,2,E01024091,0,3
2024401465729,2024,401465729,1,9,0,-1,9,6,4,-1,0,0,0,0,0,0,1,1,-1,9,1,68,10,1598,1,16,RENAULT SCENIC,2,E01015720,0,1
2024161438932,2024,161438932,1,9,0,-1,19,8,4,-1,0,0,2,10,1,0,4,1,-1,6,1,39,7,1390,1,18,RENAULT SCENIC,1,E01035464,0,3
2024320097335,2024,320097335,2,9,0,-1,-1,6,2,0,0,8,0,0,0,0,1,1,6,6,1,68,10,1461,2,14,RENAULT SCENIC,9,E01026231,0,3
2024201509188,2024,201509188,2,9,0,-1,2,0,0,-1,0,0,0,0,0,0,2,1,-1,6,-1,-1,-1,1461,2,12,RENAULT SCENIC,-1,-1,0,-1
2024311408105,2024,311408105,1,9,0,-1,9,1,7,-1,0,6,0,0,0,0,1,1,-1,6,1,76,11,1598,1,15,RENAULT SCENIC,4,E01027953,0,1
2024101395076,2024,101395076,2,9,0,-1,19,1,5,-1,0,0,0,0,1,0,1,1,-1,6,1,44,7,1461,2,12,RENAULT SCENIC,4,E01027362,0,3
2024622400147,2024,622400147,1,9,0,18,19,8,4,0,0,3,0,0,0,0,2,1,6,6,2,65,9,1461,2,11,RENAULT SCENIC,8,W01001012,0,4
2024311470406,2024,311470406,2,9,0,-1,19,7,3,-1,0,0,0,0,0,0,1,1,-1,9,1,41,7,1461,2,10,RENAULT SCENIC,2,E01013315,0,4
2024401414441,2024,401414441,2,9,0,-1,4,3,5,-1,0,4,0,0,0,0,2,1,-1,9,1,33,6,1461,2,14,RENAULT SCENIC,2,E01001349,0,4
2024340WN6772,2024,340WN6772,1,9,0,-1,10,1,7,-1,0,5,0,0,0,0,1,1,-1,9,2,41,7,1997,1,14,RENAULT SCENIC,-1,-1,0,-1
2024311398133,2024,311398133,2,9,0,-1,9,5,2,-1,0,8,0,0,0,0,1,1,-1,6,1,32,6,1598,1,18,RENAULT SCENIC,5,E01019432,0,3
2024070154197,2024,070154197,3,9,0,18,19,2,6,0,0,0,5,0,1,7,2,1,2,2,1,49,8,1461,2,14,RENAULT SCENIC,1,E01005766,0,4
2024101402097,2024,101402097,1,9,0,-1,19,6,2,-1,0,8,0,0,0,0,1,9,-1,6,1,33,6,1461,2,15,RENAULT SCENIC,1,E01027429,0,1
2024101419848,2024,101419848,2,9,0,-1,13,1,1,-1,0,8,0,0,0,0,4,1,-1,6,2,50,8,1461,2,10,RENAULT SCENIC,2,E01008474,0,1
2024302400075,2024,302400075,1,9,0,3,3,2,6,0,0,1,0,0,0,0,2,1,6,6,2,38,7,1461,2,7,RENAULT SCENIC,5,E01019402,0,1
2024991461452,2024,991461452,3,9,0,-1,4,6,2,-1,0,0,0,0,0,0,1,1,-1,9,2,28,6,1598,1,17,RENAULT SCENIC,3,-1,0,4
2024061478529,2024,061478529,1,9,0,-1,19,3,7,-1,0,0,0,0,0,0,1,1,-1,9,2,46,8,1461,2,11,RENAULT SCENIC,-1,-1,0,-1
2024010503236,2024,010503236,2,9,0,99,99,9,9,99,99,9,9,99,9,99,1,9,6,6,3,59,9,1199,1,12,RENAULT SCENIC,7,E01002171,0,1
2024451449608,2024,451449608,1,9,0,-1,4,7,3,-1,0,0,0,0,0,0,2,1,-1,9,1,34,6,1598,1,14,RENAULT SCENIC,5,E01020364,0,5
2024141502555,2024,141502555,1,9,0,-1,19,8,4,-1,0,0,0,0,0,0,1,9,-1,6,1,37,7,1461,2,9,RENAULT SCENIC,7,E01007712,0,1
2024631431204,2024,631431204,1,9,0,-1,19,6,2,-1,0,0,0,0,0,0,1,1,-1,6,1,44,7,1461,2,18,RENAULT SCENIC,6,W01000662,0,2
2024101476589,2024,101476589,1,9,0,-1,19,4,8,-1,0,8,0,0,0,0,1,1,-1,6,1,30,6,1461,2,14,RENAULT SCENIC,6,E01034020,0,5
2024131429679,2024,131429679,1,9,0,-1,19,1,5,-1,0,0,0,0,0,0,2,1,-1,9,1,74,10,1461,2,9,RENAULT SCENIC,5,E01019305,0,5
2024010538176,2024,010538176,2,9,9,99,99,9,9,99,99,9,9,99,9,99,9,9,6,6,3,-1,-1,1598,1,13,RENAULT SCENIC,4,E01001286,0,1
2024201482781,2024,201482781,2,9,0,-1,1,-1,-1,-1,1,8,0,0,0,0,2,9,-1,6,1,-1,-1,1461,2,14,RENAULT SCENIC,10,E01009704,0,1
2024501519968,2024,501519968,1,9,0,-1,19,1,5,-1,0,0,5,0,0,0,1,1,-1,2,1,35,6,1598,1,18,RENAULT SCENIC,8,E01020110,0,2
2024991519495,2024,991519495,1,9,0,-1,19,5,1,-1,0,0,0,0,0,0,1,1,-1,6,2,57,9,1461,2,11,RENAULT SCENIC,2,-1,0,1
2024061501954,2024,061501954,1,9,0,-1,4,-1,-1,-1,0,1,1,0,0,0,2,1,-1,9,1,38,7,1598,1,15,RENAULT SCENIC,4,E01032684,0,1
2024351418055,2024,351418055,2,9,0,-1,19,8,4,-1,0,1,0,0,0,0,1,1,-1,9,1,64,9,1461,2,11,RENAULT SCENIC,6,E01017963,0,4
2024141483900,2024,141483900,1,9,0,-1,19,8,4,-1,0,0,0,6,0,0,1,1,-1,6,1,44,7,1461,2,12,RENAULT SCENIC,3,E01007545,0,4
2024622500009,2024,622500009,1,9,0,18,19,4,8,0,0,4,1,0,1,7,1,1,6,6,1,68,10,1461,2,14,RENAULT SCENIC,2,W01001788,0,1
2024221469150,2024,221469150,1,9,0,-1,2,0,0,-1,0,0,0,0,0,0,2,1,-1,1,2,36,7,1598,1,16,RENAULT SCENIC,2,E01032260,0,1
2024041501816,2024,041501816,1,9,0,-1,19,7,3,-1,0,0,0,0,0,0,1,1,-1,9,2,68,10,1461,2,10,RENAULT SCENIC,4,E01025212,0,1
2024211447831,2024,211447831,2,9,0,-1,19,2,6,-1,0,1,0,0,0,0,4,1,-1,6,1,63,9,1997,1,14,RENAULT SCENIC,5,E01029403,0,1
2024201476969,2024,201476969,1,9,0,-1,9,2,7,-1,0,5,0,0,0,0,4,9,-1,6,3,-1,-1,1598,1,16,RENAULT SCENIC,-1,-1,0,-1
2024221563747,2024,221563747,1,9,0,-1,19,7,3,-1,0,0,0,0,1,0,1,9,-1,9,2,16,4,1461,2,16,RENAULT SCENIC,6,E01028850,0,2
2024471421895,2024,471421895,3,9,0,-1,19,3,7,-1,0,0,0,0,0,0,1,1,-1,9,1,62,9,1598,1,17,RENAULT SCENIC,1,E01024498,0,4
2024111451904,2024,111451904,1,9,0,-1,19,7,3,-1,0,0,0,0,0,0,1,1,-1,6,2,75,10,1598,1,13,RENAULT SCENIC,10,E01020829,0,2
2024622400104,2024,622400104,2,9,0,18,19,7,3,0,0,0,0,0,0,0,1,1,1,1,2,31,6,1461,2,10,RENAULT SCENIC,9,W01001085,0,1
2024061514573,2024,061514573,1,9,0,-1,19,1,5,-1,0,8,0,0,0,0,4,1,-1,9,2,51,8,-1,3,0,RENAULT SCENIC,4,E01005254,0,1
2024541956624,2024,541956624,2,9,0,18,19,2,6,0,0,0,0,0,0,0,4,1,6,6,2,39,7,1461,2,19,RENAULT SCENIC,6,E01031967,0,1
2024501477991,2024,501477991,1,9,0,-1,19,2,6,-1,0,8,0,0,1,11,1,1,-1,9,2,67,10,1870,2,17,RENAULT SCENIC,6,E01020025,0,1
2024501441657,2024,501441657,2,9,0,-1,19,3,7,-1,0,0,0,0,0,0,1,1,-1,6,1,63,9,1461,2,14,RENAULT SCENIC,3,E01018993,0,1
2024061479108,2024,061479108,2,9,0,-1,19,5,1,-1,0,0,0,0,0,0,4,9,-1,6,2,37,7,1461,2,13,RENAULT SCENIC,6,E01005078,0,1
2024201561314,2024,201561314,1,9,0,-1,19,2,6,-1,0,1,0,0,0,0,1,9,-1,6,1,53,8,1461,2,17,RENAULT SCENIC,3,E01010434,0,1
2024351471211,2024,351471211,2,9,0,-1,3,2,4,-1,0,8,0,0,0,0,1,1,-1,6,2,41,7,1598,1,16,RENAULT SCENIC,7,E01018294,0,4
2024991532012,2024,991532012,2,9,0,-1,19,6,2,-1,0,8,0,0,0,0,1,1,-1,9,2,52,8,1598,1,16,RENAULT SCENIC,3,-1,0,3
2024101406061,2024,101406061,2,9,0,-1,2,0,0,-1,0,2,0,0,0,0,2,1,-1,6,-1,-1,-1,1390,1,16,RENAULT SCENIC,-1,-1,0,-1
2024221476692,2024,221476692,2,9,0,-1,19,3,8,-1,0,0,0,0,0,0,1,9,-1,9,1,68,10,1461,2,16,RENAULT SCENIC,1,E01009490,0,4
2024201441805,2024,201441805,1,9,0,-1,19,2,6,-1,0,1,0,0,0,0,1,1,-1,6,1,28,6,1998,1,17,RENAULT SCENIC,-1,-1,0,-1
2024461474701,2024,461474701,1,9,0,-1,19,1,5,-1,0,0,0,0,0,0,1,1,-1,9,2,29,6,1461,2,10,RENAULT SCENIC,4,E01035314,0,3
2024991434462,2024,991434462,1,9,0,-1,19,6,1,-1,0,0,2,0,7,11,1,1,-1,6,1,36,7,1461,2,12,RENAULT SCENIC,8,-1,0,2
2024501441125,2024,501441125,2,9,0,-1,19,3,8,-1,0,1,1,0,0,0,1,1,-1,9,1,29,6,1461,2,14,RENAULT SCENIC,4,E01019006,0,1
2024161512215,2024,161512215,2,9,0,-1,2,0,0,-1,0,0,0,0,0,0,3,1,-1,6,-1,-1,-1,1461,2,11,RENAULT SCENIC,-1,-1,0,-1
2024231437779,2024,231437779,2,9,0,-1,4,3,7,-1,0,0,0,0,4,6,3,1,-1,1,1,59,9,1461,2,14,RENAULT SCENIC,1,E01009579,0,3
2024421520804,2024,421520804,1,9,0,-1,7,3,5,-1,0,3,0,0,0,0,1,1,-1,9,1,66,10,1461,2,14,RENAULT SCENIC,10,E01021450,0,1
2024201437300,2024,201437300,1,9,0,-1,19,2,6,-1,0,2,0,0,0,0,1,1,-1,1,1,41,7,1461,2,9,RENAULT SCENIC,1,E01009400,0,1
2024421485053,2024,421485053,1,9,0,-1,5,1,5,-1,0,2,0,0,0,0,1,1,-1,9,1,53,8,1461,2,11,RENAULT SCENIC,-1,-1,0,-1
2024041401344,2024,041401344,1,9,0,-1,19,6,5,-1,0,4,0,0,0,0,1,1,-1,9,1,84,11,1870,2,19,RENAULT SCENIC,9,E01025404,0,1
2024622400842,2024,622400842,1,9,0,9,9,4,2,0,0,8,0,0,0,0,1,1,6,6,1,48,8,-1,3,0,RENAULT SCENIC,4,W01001992,0,1
2024201404007,2024,201404007,1,9,0,-1,19,5,1,-1,0,0,0,0,0,0,4,9,-1,6,3,-1,-1,1461,2,19,RENAULT SCENIC,-1,-1,0,-1
2024461460235,2024,461460235,2,9,0,-1,4,5,3,-1,0,0,0,0,0,0,3,9,-1,6,1,39,7,1461,2,15,RENAULT SCENIC,5,E01024110,0,1
2024052401795,2024,052401795,2,9,0,18,19,5,1,0,0,8,0,0,0,0,3,1,6,6,2,47,8,1461,2,14,RENAULT SCENIC,5,E01007143,0,1
2024131400989,2024,131400989,1,9,0,-1,19,6,2,-1,0,0,0,0,0,0,2,1,-1,9,1,34,6,1461,2,17,RENAULT SCENIC,7,E01010876,0,2
2024552401130,2024,552401130,1,9,0,9,9,8,6,0,0,8,0,0,0,0,4,1,6,6,1,84,11,1461,2,8,RENAULT SCENIC,8,E01018242,0,5
2024501507178,2024,501507178,2,9,0,-1,13,5,1,-1,0,0,0,0,0,0,4,1,-1,6,1,76,11,1461,2,18,RENAULT SCENIC,6,E01020056,0,1
2024141463550,2024,141463550,1,9,0,-1,19,2,5,-1,0,1,0,0,0,0,1,9,-1,6,1,91,11,1461,2,20,RENAULT SCENIC,9,E01007752,0,1
2024991453350,2024,991453350,2,9,0,-1,19,4,8,-1,0,8,0,0,0,0,2,1,-1,9,1,38,7,1461,2,11,RENAULT SCENIC,4,E01008277,0,5
2024010512660,2024,010512660,1,9,0,99,99,9,9,99,99,9,9,99,9,99,1,9,6,6,2,46,8,1598,1,18,RENAULT SCENIC,4,E01033745,0,1
2024070092161,2024,070092161,3,8,0,18,19,3,7,0,0,0,0,0,0,0,2,1,1,1,1,62,9,1461,2,9,RENAULT SCENIC,1,E01007133,0,4
2024430382785,2024,430382785,1,9,0,18,19,3,7,0,0,0,0,0,0,0,1,1,6,6,2,50,8,1598,1,13,RENAULT SCENIC,-1,-1,0,-1
2024991435761,2024,991435761,1,9,0,-1,19,4,1,-1,0,1,0,0,0,0,1,1,-1,6,2,31,6,1461,2,14,RENAULT SCENIC,4,-1,0,1
2024991484600,2024,991484600,1,9,0,-1,7,6,8,-1,0,8,0,0,0,0,1,1,-1,2,1,47,8,1598,1,12,RENAULT SCENIC,4,-1,0,1
2024141400926,2024,141400926,2,9,0,-1,4,1,5,-1,0,1,0,0,0,0,1,9,-1,6,2,59,9,1461,2,14,RENAULT SCENIC,1,E01007531,0,1
2024531444816,2024,531444816,1,9,0,-1,19,5,1,-1,0,8,5,10,7,11,1,1,-1,9,1,77,11,1390,1,18,RENAULT SCENIC,10,E01022354,0,1
202460Q072030,2024,60Q072030,2,9,0,18,19,3,7,0,0,0,0,0,0,0,3,1,6,6,2,74,10,1461,2,9,RENAULT SCENIC,-1,-1,0,-1
2024461424368,2024,461424368,1,9,0,-1,19,2,6,-1,0,0,0,4,0,0,1,1,-1,9,1,27,6,1461,2,15,RENAULT SCENIC,1,E01024215,0,1
2024991464632,2024,991464632,1,9,0,-1,9,2,7,-1,0,8,1,10,0,0,1,1,-1,6,1,37,7,1461,2,13,RENAULT SCENIC,1,-1,0,1
2024101460296,2024,101460296,2,9,0,-1,7,1,3,-1,0,0,0,0,0,0,0,1,-1,6,2,24,5,1461,2,13,RENAULT SCENIC,2,E01008430,0,1
2024061452240,2024,061452240,1,9,0,-1,3,2,6,-1,0,8,0,0,0,0,4,1,-1,9,2,39,7,1461,2,11,RENAULT SCENIC,1,E01005091,0,1
2024141407740,2024,141407740,1,9,0,-1,19,7,3,-1,0,8,0,0,0,0,3,1,-1,6,2,28,6,1598,1,18,RENAULT SCENIC,1,E01007352,0,2
2024461456641,2024,461456641,2,9,0,-1,4,-1,-1,-1,0,0,0,0,0,0,2,9,-1,6,1,67,10,1461,2,12,RENAULT SCENIC,4,E01024665,0,1
2024041426261,2024,041426261,2,9,0,-1,12,5,1,-1,0,1,0,0,7,0,1,1,-1,2,1,60,9,1461,2,13,RENAULT SCENIC,3,E01012708,0,2
2024141422515,2024,141422515,1,9,0,-1,19,8,4,-1,0,0,0,0,0,0,1,1,-1,9,1,34,6,1461,2,14,RENAULT SCENIC,4,E01007611,0,1
202460Q116579,2024,60Q116579,1,9,0,4,4,7,1,0,0,2,0,4,2,10,1,1,6,6,1,82,11,1461,2,13,RENAULT SCENIC,-1,-1,0,-1
2024131455854,2024,131455854,1,9,0,-1,19,7,2,-1,0,0,0,0,0,0,1,1,-1,7,2,39,7,1598,2,8,RENAULT SCENIC,8,E01011170,0,1
2024461451002,2024,461451002,2,9,0,-1,2,1,1,-1,0,2,0,0,0,0,1,1,-1,1,1,40,7,1197,1,7,RENAULT SCENIC,7,E01024285,0,1
2024522401422,2024,522401422,2,9,0,18,19,2,6,0,0,0,0,0,0,0,4,1,6,6,2,54,8,1870,2,13,RENAULT SCENIC,4,E01020292,0,5
2024010526503,2024,010526503,2,9,0,7,7,5,7,0,0,7,0,0,0,0,4,1,6,6,2,46,8,1330,1,5,RENAULT SCENIC,7,E01000685,0,1
2024461515979,2024,461515979,1,9,0,-1,19,7,3,-1,0,0,0,0,0,0,4,1,-1,6,2,61,9,1995,2,14,RENAULT SCENIC,4,E01016118,0,2
2024131498536,2024,131498536,1,9,0,-1,9,3,1,-1,0,6,0,0,0,0,1,1,-1,2,1,70,10,1498,1,3,SEAT ATECA,1,E01011357,0,1
2024061481210,2024,061481210,7,9,0,-1,19,5,1,-1,0,1,0,0,0,0,0,1,-1,8,1,39,7,1984,1,4,SEAT ATECA,1,E01034113,0,3
2024211516927,2024,211516927,1,9,0,-1,19,5,4,-1,0,0,0,0,0,0,1,1,-1,6,1,55,8,1968,2,2,SEAT ATECA,8,E01029414,0,1
2024421436429,2024,421436429,3,9,0,-1,19,5,1,-1,0,0,0,0,0,0,3,1,-1,9,2,66,10,1498,1,0,SEAT ATECA,5,E01026703,0,5
2024201473870,2024,201473870,2,9,0,-1,2,0,0,-1,0,0,0,0,0,0,0,9,-1,6,1,-1,-1,1498,1,1,SEAT ATECA,2,E01009998,0,1
2024010543602,2024,010543602,1,9,0,-1,-1,5,1,0,0,8,1,0,0,0,1,1,6,6,1,23,5,1498,1,0,SEAT ATECA,6,E01004109,0,2
2024552401051,2024,552401051,2,9,0,9,9,5,3,0,0,5,0,0,0,0,3,1,6,6,2,36,7,1968,2,4,SEAT ATECA,5,E01020565,0,1
2024451482397,2024,451482397,2,9,0,-1,19,6,2,-1,0,0,0,0,0,0,1,1,-1,9,2,69,10,1395,1,7,SEAT ATECA,7,E01030943,0,1
2024031524139,2024,031524139,2,9,0,-1,-1,7,3,-1,-1,-1,-1,-1,-1,0,1,1,-1,6,2,32,6,1598,2,5,SEAT ATECA,-1,-1,0,-1
2024010507993,2024,010507993,2,9,0,99,99,9,9,99,99,0,9,99,9,99,2,9,6,6,3,-1,-1,1498,1,3,SEAT ATECA,-1,-1,0,-1
2024991541203,2024,991541203,1,9,0,-1,14,3,7,-1,0,0,0,0,0,0,1,1,-1,9,1,32,6,1968,2,4,SEAT ATECA,4,-1,0,1
2024141525142,2024,141525142,1,9,0,-1,9,2,8,-1,0,1,0,0,1,0,1,1,-1,9,1,60,9,999,1,6,SEAT ATECA,4,E01007650,0,1
2024471492311,2024,471492311,4,9,0,-1,2,0,0,-1,0,0,0,0,0,0,2,1,-1,6,-1,-1,-1,1395,1,7,SEAT ATECA,-1,-1,0,-1
202417S109924,2024,17S109924,2,9,0,-1,19,7,3,-1,0,8,0,0,0,0,1,1,-1,9,2,64,9,1968,2,1,SEAT ATECA,-1,-1,0,-1
2024440343487,2024,440343487,2,9,0,18,19,6,2,0,0,0,0,0,0,0,1,1,6,6,1,48,8,1598,2,5,SEAT ATECA,8,E01022586,0,3
2024471526231,2024,471526231,2,9,0,-1,19,2,5,-1,0,8,0,0,1,0,1,1,-1,6,2,51,8,1395,1,7,SEAT ATECA,10,E01016984,0,1
2024451510022,2024,451510022,2,9,0,-1,6,5,1,-1,0,0,0,0,0,0,1,9,-1,6,3,30,6,1984,1,4,SEAT ATECA,10,E01030380,0,1
202460Q068512,2024,60Q068512,2,9,0,5,5,7,3,6,6,1,0,0,0,0,1,1,6,6,1,70,10,1968,2,1,SEAT ATECA,-1,-1,0,-1
2024471395287,2024,471395287,1,9,0,-1,19,5,1,-1,0,1,0,0,0,0,1,1,-1,9,1,62,9,1498,1,1,SEAT ATECA,3,E01020973,0,1
2024211428580,2024,211428580,2,9,0,-1,19,1,3,-1,0,4,0,0,0,0,1,1,-1,9,1,23,5,1984,1,6,SEAT ATECA,4,E01031026,0,2
2024041483306,2024,041483306,2,9,0,-1,19,7,3,-1,0,0,0,0,0,0,2,1,-1,2,2,50,8,1498,1,4,SEAT ATECA,7,E01012597,0,3
2024520402616,2024,520402616,2,9,0,18,19,4,8,0,0,8,0,0,0,0,1,1,6,6,1,45,7,1498,1,0,SEAT ATECA,8,E01014394,0,3
2024010525948,2024,010525948,1,9,0,99,99,9,9,99,99,9,9,99,9,99,1,9,6,6,3,-1,-1,1498,1,2,SEAT ATECA,-1,-1,0,-1
2024332400307,2024,332400307,2,9,0,-1,4,5,1,-1,0,1,0,0,0,0,1,1,-1,6,1,-1,-1,1498,1,1,SEAT ATECA,-1,-1,0,-1
2024010499863,2024,010499863,2,9,0,3,3,7,3,0,0,8,0,0,0,0,2,1,6,6,2,33,6,1498,1,0,SEAT ATECA,5,E01030667,0,3
2024552401043,2024,552401043,1,9,0,9,9,3,1,0,0,8,0,0,0,0,4,1,6,6,1,72,10,1598,2,7,SEAT ATECA,8,E01015411,0,2
2024421400487,2024,421400487,2,9,0,-1,19,6,2,-1,0,0,0,0,0,0,2,1,-1,6,2,56,9,1968,2,4,SEAT ATECA,2,E01022046,0,4
2024010512141,2024,010512141,1,9,0,18,19,8,4,0,0,1,1,7,1,11,1,1,6,6,2,23,5,1498,1,0,SEAT ATECA,3,E01004233,0,1
2024161483775,2024,161483775,2,9,0,-1,19,7,1,-1,0,2,1,0,0,0,3,1,-1,9,2,31,6,1598,2,8,SEAT ATECA,7,E01013292,0,2
2024451410060,2024,451410060,1,9,0,-1,9,3,1,-1,0,2,0,0,0,0,1,1,-1,9,2,78,11,1498,1,5,SEAT ATECA,9,E01001107,0,3
2024052401385,2024,052401385,1,9,0,9,9,5,3,0,0,8,0,0,0,0,4,1,6,6,1,41,7,1498,1,0,SEAT ATECA,1,E01006448,0,3
2024991415201,2024,991415201,2,9,0,-1,8,5,3,-1,0,8,0,0,0,0,2,1,-1,9,1,24,5,1968,2,6,SEAT ATECA,1,-1,0,1
2024211477436,2024,211477436,1,9,0,-1,19,5,1,-1,0,0,0,0,0,0,1,1,-1,6,2,57,9,1498,1,2,SEAT ATECA,-1,-1,0,-1
2024549613224,2024,549613224,1,9,0,18,19,3,7,0,0,0,0,0,1,4,1,1,6,6,1,43,7,1968,2,4,SEAT ATECA,8,E01015517,0,2
2024131456212,2024,131456212,2,9,0,-1,9,4,5,-1,0,8,0,0,0,0,3,1,-1,9,1,54,8,999,1,5,SEAT ATECA,1,E01011911,0,3
2024141456662,2024,141456662,2,9,0,-1,9,7,5,-1,0,4,0,0,8,2,4,1,-1,6,2,47,8,1498,1,2,SEAT ATECA,4,E01007489,0,1
2024041491278,2024,041491278,2,9,0,-1,2,0,0,-1,0,0,0,0,0,0,4,1,-1,6,-1,-1,-1,1498,1,0,SEAT ATECA,-1,-1,0,-1
2024552401042,2024,552401042,2,9,0,4,4,2,6,0,0,0,0,0,0,0,2,1,6,6,1,42,7,1498,1,0,SEAT ATECA,8,E01015118,0,5
2024320392593,2024,320392593,4,9,0,-1,-1,8,4,0,0,2,0,0,0,0,1,1,-1,-1,1,52,8,1984,1,4,SEAT ATECA,8,E01026365,0,3
2024050414472,2024,050414472,2,9,0,18,19,1,5,0,0,0,0,2,0,0,2,1,6,6,1,32,6,1598,2,5,SEAT ATECA,6,E01019852,0,5
2024430619893,2024,430619893,1,9,0,18,19,1,5,0,0,0,0,0,0,0,1,1,6,6,1,27,6,1498,1,0,SEAT ATECA,8,E01016576,0,1
2024471482005,2024,471482005,1,9,0,-1,19,6,2,-1,0,0,0,0,0,0,2,1,-1,9,1,47,8,1498,1,1,SEAT ATECA,7,E01032814,0,4
2024430576448,2024,430576448,1,9,0,10,10,6,4,0,0,1,0,0,0,0,2,1,6,6,2,37,7,1498,1,4,SEAT ATECA,9,E01017676,0,1
2024061526934,2024,061526934,1,9,0,-1,19,1,5,-1,0,2,0,0,0,0,1,1,-1,9,1,34,6,1498,1,0,SEAT ATECA,1,E01005195,0,1
2024552400877,2024,552400877,1,9,0,7,7,4,5,0,0,5,0,0,0,0,4,1,6,6,2,35,6,999,1,7,SEAT ATECA,7,E01015324,0,1
2024010511375,2024,010511375,1,9,0,18,19,3,7,0,0,1,0,0,0,0,1,1,6,6,1,54,8,1395,1,7,SEAT ATECA,3,E01034615,0,1
2024031491809,2024,031491809,2,9,0,-1,19,8,4,-1,0,1,5,0,1,0,4,1,-1,9,2,25,5,999,1,8,SEAT ATECA,-1,-1,0,-1
2024311487656,2024,311487656,1,9,0,-1,19,3,7,-1,0,0,0,0,0,0,1,1,-1,2,2,29,6,1968,2,5,SEAT ATECA,5,E01028016,0,3