collision_index,collision_year,collision_ref_no,vehicle_reference,vehicle_type,towing_and_articulation,vehicle_manoeuvre_historic,vehicle_manoeuvre,vehicle_direction_from,vehicle_direction_to,vehicle_location_restricted_lane_historic,vehicle_location_restricted_lane,junction_location,skidding_and_overturning,hit_object_in_carriageway,vehicle_leaving_carriageway,hit_object_off_carriageway,first_point_of_impact,vehicle_left_hand_drive,journey_purpose_of_driver_historic,journey_purpose_of_driver,sex_of_driver,age_of_driver,age_band_of_driver,engine_capacity_cc,propulsion_code,age_of_vehicle,generic_make_model,driver_imd_decile,lsoa_of_driver,escooter_flag,driver_distance_banding
2024332401197,2024,332401197,1,9,0,-1,2,0,0,-1,0,0,0,0,0,0,4,1,-1,6,2,29,6,999,1,6,SEAT ATECA,5,E01025824,0,1
2024622400685,2024,622400685,1,9,0,4,4,6,2,0,0,1,0,0,0,0,4,1,6,6,2,35,6,999,1,6,SEAT ATECA,10,W01001777,0,1
2024622400089,2024,622400089,1,9,0,18,19,8,4,0,0,0,1,0,1,4,1,1,6,6,1,25,5,1984,1,5,SEAT ATECA,5,W01001092,0,3
2024451483187,2024,451483187,1,9,0,-1,4,3,7,-1,0,1,0,0,0,0,3,1,-1,9,1,54,8,1498,1,0,SEAT ATECA,6,E01030729,0,1
2024010506966,2024,010506966,4,9,0,2,2,0,0,0,0,2,0,0,0,0,3,1,6,6,3,-1,-1,1498,1,4,SEAT ATECA,-1,-1,0,-1
2024471523240,2024,471523240,2,9,0,-1,2,0,0,-1,0,0,0,0,0,0,4,1,-1,6,-1,-1,-1,1498,1,1,SEAT ATECA,-1,-1,0,-1
2024161459574,2024,161459574,2,9,0,-1,2,0,0,-1,0,0,0,0,0,0,3,1,-1,6,-1,-1,-1,1498,1,1,SEAT ATECA,-1,-1,0,-1
2024141532209,2024,141532209,2,9,0,-1,19,5,1,-1,0,0,1,0,0,0,1,1,-1,2,2,27,6,1498,1,5,SEAT ATECA,1,E01007491,0,1
2024010529062,2024,010529062,1,9,0,99,99,9,9,99,99,0,9,99,9,99,2,9,6,6,2,61,9,1498,1,5,SEAT ATECA,7,E01030732,0,2
2024061453083,2024,061453083,1,9,0,-1,19,5,1,-1,0,0,0,0,0,0,4,1,-1,9,2,33,6,1498,1,3,SEAT ATECA,8,E01006285,0,1
2024430067727,2024,430067727,2,9,0,3,3,7,3,0,0,0,0,0,0,0,2,1,6,6,1,30,6,1498,1,5,SEAT ATECA,10,E01023512,0,4
2024332401077,2024,332401077,3,9,0,-1,2,0,0,-1,0,0,0,0,0,0,2,1,-1,6,1,56,9,1498,1,1,SEAT ATECA,7,E01025819,0,1
2024471455554,2024,471455554,1,9,0,-1,19,2,6,-1,0,0,0,0,0,0,1,1,-1,9,1,29,6,1498,1,0,SEAT ATECA,3,E01001638,0,4
2024351538986,2024,351538986,1,9,0,-1,13,7,2,-1,0,0,0,0,0,0,1,1,-1,9,1,81,11,1968,2,8,SEAT ATECA,5,E01018024,0,1
2024131496794,2024,131496794,1,9,0,-1,19,5,1,-1,0,0,0,0,7,10,1,1,-1,7,2,41,7,1498,1,0,SEAT ATECA,2,E01010930,0,1
2024201453653,2024,201453653,1,9,0,-1,5,4,2,-1,0,2,0,0,0,0,1,1,-1,9,1,32,6,1498,1,1,SEAT ATECA,-1,-1,0,-1
2024010501868,2024,010501868,2,9,0,99,99,9,9,99,99,9,9,99,9,99,9,9,6,6,3,45,7,1984,1,1,SEAT ATECA,5,E01003341,0,1
2024052402566,2024,052402566,1,9,0,9,9,4,2,0,0,6,0,0,0,0,1,1,6,6,1,26,6,1968,2,8,SEAT ATECA,1,E01006644,0,1
2024131501585,2024,131501585,1,9,0,-1,9,6,8,-1,0,2,0,0,0,0,1,1,-1,7,2,36,7,1498,1,5,SEAT ATECA,6,E01010816,0,1
2024430452473,2024,430452473,1,9,0,5,5,6,3,0,0,6,0,0,0,0,4,1,6,6,1,62,9,1598,2,4,SEAT ATECA,-1,-1,0,-1
2024440340967,2024,440340967,1,9,0,9,9,3,1,0,0,5,0,0,0,0,4,1,6,6,1,-1,-1,1598,2,5,SEAT ATECA,6,E01022735,0,1
2024411449302,2024,411449302,1,9,0,-1,19,6,2,-1,0,0,0,0,9,0,4,9,-1,6,1,-1,-1,999,1,2,SEAT ATECA,6,E01023752,0,1
2024141506146,2024,141506146,1,9,0,-1,9,7,5,-1,0,6,0,0,0,0,3,1,-1,6,2,54,8,1498,1,0,SEAT ATECA,1,E01008124,0,2
2024501508937,2024,501508937,2,9,0,-1,9,4,8,-1,0,1,0,0,0,0,2,1,-1,6,2,41,7,1498,1,1,SEAT ATECA,7,E01018886,0,1
2024211438053,2024,211438053,2,9,0,-1,19,2,6,-1,0,1,0,0,0,0,1,1,-1,6,2,28,6,999,1,5,SEAT ATECA,2,E01029543,0,2
2024221479659,2024,221479659,2,9,0,-1,19,2,6,-1,0,0,0,0,7,6,4,1,-1,6,2,50,8,1498,1,0,SEAT ATECA,3,E01011444,0,5
2024141446159,2024,141446159,1,9,0,-1,3,5,1,-1,0,0,0,0,0,0,1,9,-1,6,2,28,6,1498,1,0,SEAT ATECA,3,E01007971,0,2
2024421514899,2024,421514899,4,9,0,-1,4,6,2,-1,0,0,0,0,0,0,2,1,-1,9,1,73,10,1498,1,0,SEAT ATECA,4,E01021847,0,3
2024010509640,2024,010509640,1,9,0,8,8,6,7,0,0,1,0,0,0,0,4,1,1,1,1,54,8,1498,1,5,SEAT ATECA,5,E01003217,0,1
2024622400519,2024,622400519,2,9,0,3,3,8,4,0,0,0,0,0,0,0,2,1,6,6,2,37,7,999,1,4,SEAT ATECA,5,W01001065,0,1
2024552400680,2024,552400680,2,9,0,18,19,4,8,0,0,8,0,0,0,0,1,1,6,6,1,65,9,1498,1,0,SEAT ATECA,6,E01020539,0,4
2024070656702,2024,070656702,1,9,0,-1,-1,1,5,0,0,0,0,0,0,0,1,1,6,6,1,68,10,1498,1,2,SEAT ATECA,10,E01018503,0,1
2024501402653,2024,501402653,1,9,0,-1,4,3,7,-1,0,1,0,0,0,0,2,1,-1,9,1,80,11,1598,2,8,SEAT ATECA,7,E01020263,0,2
2024010548345,2024,010548345,1,9,0,9,9,1,6,0,0,8,0,0,0,0,3,1,1,1,1,39,7,1498,1,3,SEAT ATECA,6,E01000584,0,1
2024991442396,2024,991442396,1,9,0,-1,5,3,1,-1,0,2,5,0,0,0,3,2,-1,2,2,47,8,999,1,1,SEAT ATECA,8,-1,0,1
2024061485435,2024,061485435,1,9,0,-1,5,-1,-1,-1,0,4,0,0,0,0,1,1,-1,9,2,31,6,1498,1,0,SEAT ATECA,6,E01006208,0,1
2024622400183,2024,622400183,2,9,0,1,1,2,6,0,0,0,0,0,0,0,2,1,6,6,1,42,7,1498,1,1,SEAT ATECA,1,W01001703,0,1
2024010535071,2024,010535071,2,9,0,99,99,9,9,99,99,9,9,99,9,99,9,9,6,6,3,-1,-1,1498,1,4,SEAT ATECA,-1,-1,0,-1
2024501517205,2024,501517205,3,9,0,-1,2,0,0,-1,-1,0,0,0,0,0,2,1,-1,6,-1,-1,-1,1498,1,0,SEAT ATECA,-1,-1,0,-1
2024522401286,2024,522401286,1,9,0,3,3,6,2,0,0,0,0,0,0,0,2,1,6,6,2,30,6,1498,1,4,SEAT ATECA,1,E01014516,0,1
2024010495833,2024,010495833,1,9,0,18,19,7,3,0,0,1,0,0,0,0,1,1,6,6,1,32,6,1498,1,1,SEAT ATECA,3,E01004233,0,2
2024010505827,2024,010505827,2,9,0,99,99,9,9,99,99,0,9,99,9,99,9,9,6,6,3,-1,-1,1968,2,3,SEAT ATECA,-1,-1,0,-1
2024311416957,2024,311416957,1,9,0,-1,19,1,5,-1,0,1,0,0,0,0,1,1,-1,9,1,72,10,999,1,1,SEAT ATECA,5,E01013889,0,1
2024211502434,2024,211502434,2,9,0,-1,19,5,1,-1,0,8,0,0,0,0,2,1,-1,9,2,39,7,1498,1,0,SEAT ATECA,3,E01029359,0,1
2024010537758,2024,010537758,1,9,0,17,19,3,7,0,0,8,0,0,0,0,1,1,6,6,2,46,8,1498,1,0,SEAT ATECA,4,E01002551,0,1
2024351486748,2024,351486748,1,9,0,-1,19,1,5,-1,0,0,0,0,7,0,1,1,-1,6,2,21,5,1498,1,1,SEAT ATECA,3,E01034569,0,3
2024161475384,2024,161475384,2,9,0,-1,19,2,6,-1,0,0,0,0,0,0,1,1,-1,6,1,26,6,1395,1,7,SEAT ATECA,9,E01034755,0,2
2024471443811,2024,471443811,1,9,0,-1,7,5,8,-1,0,8,0,0,0,0,0,1,-1,9,2,58,9,1498,1,2,SEAT ATECA,5,E01034299,0,3
2024991493383,2024,991493383,2,9,0,-1,19,5,1,-1,0,0,0,0,0,0,1,1,-1,6,1,46,8,1984,1,4,SEAT ATECA,5,-1,0,1
2024332401205,2024,332401205,2,9,0,-1,19,4,8,-1,0,0,0,0,0,0,1,1,-1,9,1,59,9,1598,2,7,SEAT ATECA,10,E01035106,0,4
2024010514858,2024,010514858,2,9,0,9,9,7,4,0,0,1,0,0,0,0,3,1,6,6,2,35,6,1498,1,3,SEAT ATECA,4,E01003216,0,1
2024041411703,2024,041411703,1,9,0,-1,19,7,3,-1,0,4,0,4,3,10,1,1,-1,9,2,40,7,1498,1,4,SEAT ATECA,7,E01025568,0,2
2024161459209,2024,161459209,1,9,0,-1,7,6,8,-1,0,8,0,0,0,0,1,1,-1,9,2,64,9,1498,1,4,SEAT ATECA,4,E01012816,0,1
2024522500457,2024,522500457,3,9,0,3,3,5,1,0,0,0,0,0,0,0,3,1,6,6,2,33,6,1498,1,0,SEAT ATECA,10,E01015014,0,2
2024622400108,2024,622400108,1,9,0,18,19,1,5,0,0,1,0,4,0,0,4,1,6,6,1,94,11,1498,1,2,SEAT ATECA,6,W01001756,0,1
2024991435115,2024,991435115,1,9,0,-1,1,7,3,-1,9,0,0,0,0,0,2,1,-1,9,2,64,9,1395,1,7,SEAT ATECA,2,-1,0,1
2024010533839,2024,010533839,2,9,0,99,99,9,9,99,99,9,9,99,9,99,1,9,2,2,1,28,6,1498,1,3,SEAT ATECA,4,E01002030,0,2
2024991453406,2024,991453406,2,9,0,-1,7,4,6,-1,0,1,0,0,0,0,1,1,-1,1,2,45,7,1598,2,5,SEAT ATECA,9,-1,0,1
2024991468494,2024,991468494,3,9,0,-1,19,7,3,-1,0,0,0,0,1,0,1,1,-1,6,2,37,7,1498,1,5,SEAT ATECA,1,-1,0,1
2024010505696,2024,010505696,1,9,0,9,9,1,6,4,4,6,0,0,0,0,3,1,6,6,1,30,6,1498,1,0,SEAT ATECA,5,E01033579,0,1
2024052402129,2024,052402129,3,9,0,18,19,2,6,0,0,0,0,0,7,0,0,1,1,1,1,36,7,1984,1,4,SEAT ATECA,-1,-1,0,-1
2024010508366,2024,010508366,2,9,0,18,19,5,1,0,0,6,0,0,0,0,1,1,6,6,1,26,6,1498,1,0,SEAT ATECA,4,E01004234,0,1
2024340WN2492,2024,340WN2492,2,9,0,-1,19,3,7,-1,0,1,0,0,0,0,1,1,-1,9,1,54,8,1498,1,1,SEAT ATECA,5,E01028430,0,3
2024221470023,2024,221470023,2,9,0,-1,9,7,4,-1,0,6,0,0,0,0,3,1,-1,6,2,59,9,1498,1,2,SEAT ATECA,3,E01014145,0,1
2024201491431,2024,201491431,3,9,0,-1,2,0,0,-1,0,2,0,0,0,0,1,1,-1,6,-1,-1,-1,1968,2,1,SEAT ATECA,-1,-1,0,-1
2024052402183,2024,052402183,1,9,0,18,19,3,7,0,0,1,0,0,4,2,1,1,6,6,2,36,7,1984,1,5,SEAT ATECA,1,E01006283,0,2
2024421506807,2024,421506807,2,9,0,-1,3,1,5,-1,0,1,0,0,0,0,2,1,-1,6,2,40,7,1498,1,6,SEAT ATECA,6,E01021378,0,2
2024131510651,2024,131510651,2,9,0,-1,-1,-1,-1,-1,-1,0,-1,-1,-1,0,-1,1,-1,6,3,-1,-1,1598,2,5,SEAT ATECA,-1,-1,0,-1
2024371533096,2024,371533096,1,9,0,-1,19,4,7,-1,0,0,0,0,0,0,1,1,-1,6,2,34,6,1498,1,4,SEAT ATECA,6,E01030151,0,1
2024161499733,2024,161499733,1,9,0,-1,19,7,3,-1,0,8,0,0,0,0,4,1,-1,6,2,47,8,999,1,6,SEAT ATECA,1,E01012852,0,1
2024061454174,2024,061454174,2,9,0,-1,2,4,8,-1,0,0,0,0,0,0,1,1,-1,6,-1,-1,-1,999,1,7,SEAT ATECA,-1,-1,0,-1
2024201513090,2024,201513090,2,9,0,-1,19,2,4,-1,0,8,0,0,0,0,2,9,-1,1,2,30,6,1498,1,3,SEAT ATECA,1,E01010367,0,1
2024332401044,2024,332401044,1,9,0,-1,9,5,3,-1,0,6,0,0,0,0,1,1,-1,6,1,73,10,1395,1,7,SEAT ATECA,7,E01025812,0,1
2024201500993,2024,201500993,1,9,0,-1,19,6,2,-1,0,8,0,0,0,0,1,9,-1,6,1,70,10,1498,1,5,SEAT ATECA,10,E01009436,0,3
2024991519952,2024,991519952,2,9,0,-1,19,6,3,-1,0,8,0,0,0,0,4,1,-1,9,1,38,7,999,1,2,SEAT ATECA,3,-1,0,1
2024161458605,2024,161458605,6,9,0,-1,2,0,0,-1,0,0,0,0,0,0,2,1,-1,6,-1,-1,-1,1498,1,2,SEAT ATECA,-1,-1,0,-1
2024610055724,2024,610055724,1,9,0,18,19,8,4,0,0,8,0,0,0,0,4,1,6,6,1,38,7,1968,2,1,SEAT ATECA,1,W01001659,0,1
2024440362419,2024,440362419,2,9,0,4,4,2,6,0,0,0,0,0,0,0,2,1,6,6,1,64,9,1498,1,2,SEAT ATECA,9,E01022081,0,5
2024061395350,2024,061395350,1,9,0,-1,19,2,6,-1,0,0,1,0,0,0,3,1,-1,9,1,47,8,1498,1,5,SEAT ATECA,3,E01012632,0,4
2024440235378,2024,440235378,1,9,0,18,19,3,7,0,0,8,0,0,0,0,1,1,6,6,1,58,9,1395,1,6,SEAT ATECA,7,E01017344,0,2
2024401477199,2024,401477199,1,9,0,-1,12,1,5,-1,0,1,0,0,0,0,4,1,-1,1,1,77,11,1395,1,7,SEAT ATECA,10,E01023695,0,4
2024421530037,2024,421530037,1,9,0,-1,19,2,6,-1,0,1,0,0,0,0,4,1,-1,9,2,33,6,1598,2,7,SEAT ATECA,10,E01021614,0,4
2024302400878,2024,302400878,2,9,0,9,9,5,2,0,0,8,0,0,0,0,3,1,6,6,2,65,9,1498,1,4,SEAT ATECA,8,E01019443,0,1
2024351422028,2024,351422028,1,9,0,-1,19,8,3,-1,0,8,0,0,0,0,4,1,-1,6,2,29,6,1498,1,3,SEAT ATECA,3,E01035552,0,4
2024101518508,2024,101518508,1,9,0,-1,1,2,6,-1,0,8,0,0,0,0,2,1,-1,6,1,38,7,999,1,1,SEAT ATECA,10,E01008421,0,1
2024522401107,2024,522401107,3,9,0,17,19,3,1,0,0,0,0,0,0,0,0,1,6,6,2,34,6,999,1,6,SEAT ATECA,6,E01014750,0,2
2024631509058,2024,631509058,1,9,0,-1,19,3,7,-1,0,0,0,0,0,0,4,1,-1,1,2,56,9,1598,2,8,SEAT ATECA,8,W01000557,0,1
2024231501393,2024,231501393,2,9,0,-1,9,4,2,-1,0,8,0,0,0,0,4,1,-1,6,2,69,10,1395,1,7,SEAT ATECA,7,E01031007,0,2
2024010526061,2024,010526061,1,9,0,99,99,9,9,99,99,9,9,99,9,99,2,9,6,6,1,37,7,1498,1,0,SEAT ATECA,5,E01002342,0,2
2024340WN2312,2024,340WN2312,2,9,0,-1,19,5,1,-1,0,0,0,0,2,7,2,1,-1,9,2,53,8,1395,1,8,SEAT ATECA,6,E01015402,0,5
2024371529636,2024,371529636,1,9,0,-1,19,1,3,-1,0,0,0,0,0,0,1,1,-1,6,2,64,9,1498,1,1,SEAT ATECA,8,E01030269,0,1
2024131518799,2024,131518799,1,9,0,-1,9,1,-1,-1,0,0,0,0,0,0,1,1,-1,6,3,-1,-1,1498,1,2,SEAT ATECA,-1,-1,0,-1
2024010510328,2024,010510328,2,9,0,5,5,9,9,99,99,9,9,99,9,99,9,9,6,6,3,-1,-1,1498,1,0,SEAT ATECA,-1,-1,0,-1
2024101500111,2024,101500111,1,9,0,-1,9,4,2,-1,0,6,0,0,0,0,1,1,-1,6,1,57,9,1498,1,0,SEAT ATECA,7,E01008877,0,4
2024141498682,2024,141498682,1,9,0,-1,2,0,0,-1,0,2,0,0,0,0,3,1,-1,9,1,42,7,1498,1,0,SEAT ATECA,1,E01007544,0,1
2024320206790,2024,320206790,3,9,0,2,2,0,0,0,0,0,0,0,0,0,3,1,6,6,2,63,9,1498,1,1,SEAT ATECA,2,E01026116,0,1
2024201447239,2024,201447239,2,9,0,-1,14,8,4,-1,0,8,0,0,0,0,1,1,-1,9,2,37,7,1598,2,5,SEAT ATECA,4,E01009035,0,2
2024461506809,2024,461506809,1,9,0,-1,7,7,3,-1,0,1,0,0,0,0,1,9,-1,6,1,56,9,1498,1,5,SEAT ATECA,3,E01024622,0,1
2024311453401,2024,311453401,2,9,0,-1,7,5,7,-1,0,8,0,0,0,0,3,1,-1,9,1,75,10,999,1,5,SEAT ATECA,5,E01027948,0,3
2024111473665,2024,111473665,1,9,0,-1,5,5,1,-1,0,2,0,0,1,0,3,1,-1,6,1,79,11,1498,1,1,SEAT ATECA,-1,-1,0,-1
2024041431969,2024,041431969,1,9,0,-1,7,1,3,-1,0,2,0,4,1,7,1,1,-1,9,2,30,6,1498,1,0,SEAT ATECA,1,E01024908,0,2
2024101400071,2024,101400071,1,9,0,-1,9,1,7,-1,0,8,0,0,0,0,1,1,-1,9,1,68,10,1968,2,1,SEAT ATECA,3,E01008809,0,1
2024351510491,2024,351510491,2,9,0,-1,19,5,3,-1,0,8,0,0,0,0,1,1,-1,9,1,26,6,1968,2,8,SEAT ATECA,6,E01030151,0,3
2024461457493,2024,461457493,1,9,0,-1,13,7,3,-1,0,0,1,10,0,0,3,1,-1,6,2,37,7,1498,1,2,SEAT ATECA,8,E01024053,0,1
2024041457668,2024,041457668,1,9,0,-1,19,3,7,-1,0,8,0,0,0,0,2,1,-1,9,1,30,6,1498,1,0,SEAT ATECA,4,E01025556,0,1
2024010536305,2024,010536305,2,9,0,7,7,1,4,0,0,1,0,0,0,0,1,1,6,6,2,46,8,999,1,7,SEAT ATECA,-1,-1,0,-1
2024010534290,2024,010534290,1,9,0,99,99,9,9,99,99,0,9,99,9,99,2,9,6,6,2,33,6,1598,2,7,SEAT ATECA,9,E01002512,0,2
2024221494763,2024,221494763,1,9,0,-1,9,2,8,-1,0,3,0,10,1,10,1,1,-1,6,2,50,8,1498,1,1,SEAT ATECA,9,E01028929,0,1
2024161511005,2024,161511005,1,9,0,-1,19,6,2,-1,0,1,0,0,0,0,1,1,-1,9,1,81,11,1498,1,5,SEAT ATECA,1,E01013209,0,1
2024991511470,2024,991511470,2,9,0,-1,9,3,8,-1,0,8,0,0,0,0,4,1,-1,9,1,53,8,1498,1,1,SEAT ATECA,1,-1,0,2
2024332401020,2024,332401020,2,9,0,-1,19,3,7,-1,0,8,0,0,0,0,1,1,-1,6,2,37,7,1498,1,1,SEAT ATECA,7,E01025626,0,1
2024461497975,2024,461497975,1,9,0,-1,19,1,4,-1,0,0,0,0,0,0,1,9,-1,6,2,27,6,1498,1,0,SEAT ATECA,2,E01003351,0,3
2024052400379,2024,052400379,1,9,0,18,19,5,1,0,0,1,0,0,0,0,1,1,6,6,1,44,7,1598,2,8,SEAT ATECA,8,E01007154,0,1
2024010529268,2024,010529268,1,9,0,4,4,1,5,0,0,1,0,0,0,0,0,1,6,6,2,24,5,1498,1,1,SEAT ATECA,8,E01000426,0,1
2024440351203,2024,440351203,1,9,0,18,19,6,2,0,0,0,0,0,0,0,1,1,6,6,1,27,6,1498,1,0,SEAT ATECA,6,E01024361,0,5
2024161415564,2024,161415564,2,9,0,-1,2,3,7,-1,0,0,0,0,0,0,1,1,-1,9,1,55,8,1498,1,0,SEAT ATECA,9,E01034754,0,1
2024010513433,2024,010513433,1,9,0,99,99,9,9,99,99,9,9,99,9,99,2,9,6,6,2,32,6,1498,1,3,SEAT ATECA,2,E01003489,0,3
2024010493549,2024,010493549,2,9,0,18,19,5,1,0,0,1,0,0,0,0,0,1,6,6,1,62,9,1498,1,5,SEAT ATECA,5,E01000454,0,1
2024501431536,2024,501431536,1,9,0,-1,19,6,2,-1,0,0,0,0,0,0,1,1,-1,9,1,33,6,1498,1,1,SEAT ATECA,7,E01021369,0,5
2024161408641,2024,161408641,2,9,0,-1,19,2,8,-1,0,0,0,0,0,0,4,1,-1,9,1,66,10,1598,2,4,SEAT ATECA,6,E01027883,0,4
2024010547211,2024,010547211,2,9,0,99,99,9,9,99,99,5,9,99,9,99,9,9,6,6,3,-1,-1,1968,2,6,SEAT ATECA,2,E01003046,0,1
2024010512341,2024,010512341,1,5,0,18,19,5,1,0,0,1,0,0,0,0,4,1,6,6,1,43,7,776,1,0,-1,-1,-1,0,-1
2024461488225,2024,461488225,2,5,0,-1,5,4,4,-1,0,0,0,0,0,0,3,1,-1,6,1,41,7,776,1,0,-1,7,E01024553,0,1
2024161433490,2024,161433490,1,2,0,-1,19,3,7,-1,0,9,0,0,1,0,1,1,-1,7,2,18,4,49,1,26,-1,4,E01012797,0,1
2024010537555,2024,010537555,1,9,0,99,99,9,9,99,99,9,9,99,9,99,1,9,6,6,3,-1,-1,-1,3,4,TESLA MODEL 3,-1,-1,0,-1
2024991400119,2024,991400119,2,9,0,-1,19,2,6,-1,0,0,0,0,0,0,2,1,-1,9,2,48,8,-1,3,3,TESLA MODEL 3,9,-1,0,1
2024010520104,2024,010520104,1,9,0,18,19,3,7,0,0,9,0,0,0,0,9,1,6,6,2,40,7,-1,3,4,TESLA MODEL 3,7,E01017832,0,3
2024010530113,2024,010530113,1,8,0,99,99,9,9,99,99,9,9,99,9,99,9,9,1,1,1,48,8,-1,3,3,TESLA MODEL 3,3,E01003624,0,3
2024451494640,2024,451494640,1,9,0,-1,4,6,2,-1,0,0,0,0,0,0,2,1,-1,6,-1,-1,-1,-1,3,2,TESLA MODEL 3,-1,-1,0,-1
2024211525509,2024,211525509,1,9,0,-1,5,5,3,-1,0,1,0,0,0,0,0,1,-1,2,2,39,7,-1,3,5,TESLA MODEL 3,8,E01029378,0,2
2024010532765,2024,010532765,1,9,0,9,9,7,4,0,0,5,0,0,0,0,1,1,6,6,2,48,8,-1,3,2,TESLA MODEL 3,10,E01003759,0,1
2024010540328,2024,010540328,1,9,0,9,9,5,3,0,0,1,0,0,0,0,4,1,6,6,1,44,7,-1,3,5,TESLA MODEL 3,2,E01004310,0,1
2024332400674,2024,332400674,2,9,0,-1,19,2,6,-1,0,8,0,0,0,0,1,1,-1,6,3,-1,-1,-1,3,0,TESLA MODEL 3,-1,-1,0,-1
2024010500679,2024,010500679,1,9,0,18,19,5,1,9,9,0,0,0,1,11,1,1,6,6,1,26,6,-1,3,2,TESLA MODEL 3,4,E01003537,0,1
2024070464491,2024,070464491,1,9,0,9,9,3,1,0,0,1,0,0,3,9,1,1,1,1,2,34,6,1984,3,5,TESLA MODEL 3,10,E01029747,0,4
2024991482013,2024,991482013,2,9,0,-1,9,5,6,-1,0,5,0,0,0,0,3,1,-1,9,1,40,7,-1,3,4,TESLA MODEL 3,7,-1,0,5
2024520403214,2024,520403214,2,9,0,9,9,2,8,0,0,8,0,0,0,0,1,1,6,6,1,66,10,-1,3,3,TESLA MODEL 3,8,E01034537,0,4
2024201504549,2024,201504549,1,9,0,-1,5,3,7,-1,0,1,0,0,0,0,-1,9,-1,9,1,37,7,-1,3,5,TESLA MODEL 3,5,E01010250,0,1
2024531489753,2024,531489753,1,9,0,-1,4,6,2,-1,0,0,1,0,0,0,1,1,-1,9,2,35,6,-1,3,3,TESLA MODEL 3,6,E01022186,0,1
2024041399631,2024,041399631,2,9,0,-1,19,3,7,-1,0,0,0,0,0,0,2,1,-1,9,1,50,8,-1,3,4,TESLA MODEL 3,4,E01025030,0,3
2024010513948,2024,010513948,3,9,0,18,19,3,7,0,0,0,0,0,0,0,2,1,2,2,1,63,9,-1,3,3,TESLA MODEL 3,9,E01021445,0,3
2024501520506,2024,501520506,1,9,0,-1,13,2,6,-1,0,0,1,0,1,4,1,1,-1,1,1,26,6,-1,3,3,TESLA MODEL 3,1,E01015151,0,4
2024411428377,2024,411428377,1,9,0,-1,2,0,0,-1,0,0,0,0,0,0,0,1,-1,6,-1,-1,-1,-1,3,1,TESLA MODEL 3,-1,-1,0,-1
2024201409381,2024,201409381,2,9,0,-1,19,5,1,-1,0,4,0,0,0,0,1,1,-1,6,1,41,7,-1,3,2,TESLA MODEL 3,1,E01009002,0,2
2024041399470,2024,041399470,2,9,0,-1,19,6,4,-1,0,8,0,0,0,0,1,1,-1,9,1,58,9,-1,3,4,TESLA MODEL 3,6,E01025026,0,3
2024451448138,2024,451448138,2,9,0,-1,2,0,0,-1,0,0,1,0,0,0,2,1,-1,6,-1,-1,-1,-1,3,0,TESLA MODEL 3,-1,-1,0,-1
2024471520031,2024,471520031,2,9,0,-1,3,3,7,-1,0,0,0,0,0,0,2,1,-1,9,1,51,8,-1,3,5,TESLA MODEL 3,8,E01031707,0,3
2024010538407,2024,010538407,1,9,0,-1,-1,5,1,0,0,2,0,0,0,0,1,1,3,7,2,48,8,-1,3,1,TESLA MODEL 3,6,E01001952,0,1
2024461464736,2024,461464736,1,8,0,-1,5,7,3,-1,0,0,0,0,0,0,0,9,-1,9,1,64,9,-1,3,4,TESLA MODEL 3,8,E01016126,0,1
2024010502134,2024,010502134,1,9,0,9,9,5,4,0,0,5,0,0,0,0,1,1,6,6,2,35,6,-1,3,3,TESLA MODEL 3,2,E01001697,0,1
2024122400655,2024,122400655,1,9,0,18,19,3,7,0,0,0,0,0,7,0,1,1,6,6,1,32,6,-1,3,3,TESLA MODEL 3,10,E01032549,0,4
2024461475316,2024,461475316,2,9,0,-1,2,0,0,-1,0,0,0,0,0,0,1,1,-1,6,-1,-1,-1,-1,3,2,TESLA MODEL 3,-1,-1,0,-1
2024351538214,2024,351538214,1,9,0,-1,19,3,7,-1,0,1,0,0,0,0,3,1,-1,6,1,43,7,-1,3,4,TESLA MODEL 3,7,E01018064,0,1
2024010512001,2024,010512001,1,9,0,2,2,0,0,0,0,1,0,0,0,0,3,1,6,6,3,-1,-1,-1,3,4,TESLA MODEL 3,-1,-1,0,-1
2024991520075,2024,991520075,1,9,0,-1,19,1,5,-1,0,4,0,0,0,0,1,1,-1,1,1,28,6,-1,3,0,TESLA MODEL 3,1,-1,0,1
2024041525607,2024,041525607,2,9,0,-1,19,1,5,-1,0,2,0,0,0,0,3,1,-1,2,2,57,9,-1,3,0,TESLA MODEL 3,7,E01025362,0,2
2024111423064,2024,111423064,2,9,0,-1,9,5,3,-1,0,0,1,0,0,0,2,1,-1,6,2,36,7,-1,3,1,TESLA MODEL 3,7,E01012324,0,1
2024471489667,2024,471489667,1,9,0,-1,9,6,2,-1,0,0,0,0,0,0,2,1,-1,2,1,47,8,-1,3,4,TESLA MODEL 3,3,E01031657,0,1
2024421406420,2024,421406420,2,9,0,-1,4,7,3,-1,0,0,0,0,0,0,2,9,-1,6,1,45,7,-1,3,5,TESLA MODEL 3,3,E01034088,0,1
2024421464051,2024,421464051,1,9,0,-1,12,7,3,-1,0,0,1,0,4,0,3,1,-1,9,2,38,7,-1,3,4,TESLA MODEL 3,6,E01021730,0,3
2024371513291,2024,371513291,3,9,0,-1,19,3,7,-1,0,8,0,0,0,0,1,1,-1,1,1,34,6,-1,3,1,TESLA MODEL 3,9,E01030089,0,2