collision_index,collision_year,collision_ref_no,vehicle_reference,vehicle_type,towing_and_articulation,vehicle_manoeuvre_historic,vehicle_manoeuvre,vehicle_direction_from,vehicle_direction_to,vehicle_location_restricted_lane_historic,vehicle_location_restricted_lane,junction_location,skidding_and_overturning,hit_object_in_carriageway,vehicle_leaving_carriageway,hit_object_off_carriageway,first_point_of_impact,vehicle_left_hand_drive,journey_purpose_of_driver_historic,journey_purpose_of_driver,sex_of_driver,age_of_driver,age_band_of_driver,engine_capacity_cc,propulsion_code,age_of_vehicle,generic_make_model,driver_imd_decile,lsoa_of_driver,escooter_flag,driver_distance_banding
2024131467670,2024,131467670,3,9,0,-1,5,-1,-1,-1,0,0,0,-1,-1,0,-1,1,-1,9,2,44,7,-1,3,2,TESLA MODEL 3,10,E01011411,0,1
2024340NN2652,2024,340NN2652,2,9,0,-1,3,1,5,-1,0,0,0,0,0,0,2,1,-1,9,2,50,8,-1,3,4,TESLA MODEL 3,7,E01027338,0,1
2024101486894,2024,101486894,1,9,0,-1,19,1,5,-1,0,0,1,0,7,0,1,1,-1,6,2,55,8,-1,3,4,TESLA MODEL 3,4,E01020656,0,4
2024141486133,2024,141486133,1,9,0,-1,19,5,1,-1,0,1,0,0,0,0,1,1,-1,6,1,43,7,-1,3,4,TESLA MODEL 3,4,E01007350,0,2
2024010535242,2024,010535242,2,9,0,4,4,1,5,0,0,1,0,0,0,0,2,1,6,6,1,50,8,-1,3,1,TESLA MODEL 3,3,E01003829,0,1
2024501483547,2024,501483547,3,9,0,-1,4,3,7,-1,0,0,0,0,0,0,2,1,-1,6,1,21,5,-1,3,5,TESLA MODEL 3,6,E01019021,0,4
2024010550539,2024,010550539,1,9,0,9,9,3,1,0,0,4,0,0,0,0,3,1,6,6,1,35,6,-1,3,4,TESLA MODEL 3,9,E01004694,0,3
2024361394605,2024,361394605,1,9,0,-1,19,-1,-1,-1,0,8,0,0,0,0,1,9,-1,6,1,-1,-1,-1,3,3,TESLA MODEL 3,8,E01026671,0,1
2024010542383,2024,010542383,2,9,0,18,19,1,5,0,0,8,0,0,0,0,2,1,6,6,1,34,6,-1,3,1,TESLA MODEL 3,7,E01002818,0,2
2024991455046,2024,991455046,3,9,0,-1,19,4,8,-1,0,0,0,11,0,0,1,1,-1,2,2,26,6,-1,3,2,TESLA MODEL 3,8,-1,0,1
2024361484395,2024,361484395,1,9,0,-1,19,5,1,-1,0,0,0,0,0,0,1,1,-1,6,1,23,5,-1,3,5,TESLA MODEL 3,3,E01026614,0,2
2024440239218,2024,440239218,1,9,0,3,3,4,8,0,0,2,0,0,0,0,2,1,6,6,1,43,7,-1,3,2,TESLA MODEL 3,2,E01022833,0,1
2024201495413,2024,201495413,2,9,0,-1,1,2,6,-1,0,8,0,0,0,0,2,1,-1,7,2,36,7,-1,3,2,TESLA MODEL 3,2,E01010046,0,1
2024010521651,2024,010521651,1,9,0,5,5,7,3,0,0,8,0,0,0,0,1,1,6,6,3,-1,-1,-1,3,4,TESLA MODEL 3,-1,-1,0,-1
2024010549712,2024,010549712,1,8,0,99,99,9,9,99,99,9,9,99,9,99,3,9,1,1,1,44,7,-1,3,2,TESLA MODEL 3,2,E01000289,0,3
2024010544711,2024,010544711,1,8,0,16,19,8,4,9,9,1,0,7,1,1,1,2,6,6,1,32,6,-1,3,4,TESLA MODEL 3,4,E01004432,0,1
2024451395463,2024,451395463,2,9,0,-1,19,7,3,-1,0,0,0,0,0,0,1,1,-1,6,1,30,6,-1,3,4,TESLA MODEL 3,-1,-1,0,-1
2024332400391,2024,332400391,3,9,0,-1,19,1,5,-1,0,2,0,0,0,0,1,1,-1,9,1,49,8,-1,3,3,TESLA MODEL 3,7,E01025871,0,3
2024010514833,2024,010514833,1,9,0,5,5,1,5,0,0,0,0,0,0,0,0,1,6,6,1,65,9,-1,3,2,TESLA MODEL 3,3,E01034390,0,1
2024552400247,2024,552400247,1,9,0,5,5,1,5,0,0,3,0,0,0,0,1,1,6,6,1,51,8,-1,3,4,TESLA MODEL 3,4,E01015346,0,1
2024201492423,2024,201492423,1,9,0,-1,19,2,6,-1,0,1,0,0,0,0,1,1,-1,6,1,39,7,-1,3,3,TESLA MODEL 3,2,E01010305,0,1
2024101505341,2024,101505341,1,9,0,-1,5,1,5,-1,0,8,0,0,0,0,1,1,-1,6,1,31,6,-1,3,1,TESLA MODEL 3,1,E01008821,0,1
2024991491251,2024,991491251,3,9,0,-1,19,7,2,-1,0,0,0,0,0,0,1,1,-1,9,1,43,7,-1,3,0,TESLA MODEL 3,2,-1,0,2
2024531394329,2024,531394329,1,9,0,-1,19,2,6,-1,0,0,0,0,0,0,1,1,-1,9,1,81,11,1490,3,0,TESLA MODEL 3,9,E01014467,0,4
2024010512032,2024,010512032,1,9,0,5,5,0,3,0,0,1,0,0,0,0,3,1,6,6,2,55,8,-1,3,0,TESLA MODEL 3,3,E01002908,0,1
2024547604624,2024,547604624,1,9,0,5,5,4,8,0,0,8,0,0,0,0,3,1,1,1,1,38,7,-1,3,4,TESLA MODEL 3,6,E01032519,0,4
2024010547785,2024,010547785,2,9,0,6,6,3,3,0,0,1,0,0,0,0,1,1,1,1,1,56,9,-1,3,3,TESLA MODEL 3,3,E01001698,0,3
2024430162844,2024,430162844,2,9,0,18,19,3,7,-1,-1,-1,0,0,0,0,1,-1,2,2,1,49,8,-1,3,4,TESLA MODEL 3,8,E01034451,0,1
2024501479773,2024,501479773,1,9,0,-1,10,5,3,-1,0,2,0,0,0,0,4,1,-1,2,2,34,6,-1,3,3,TESLA MODEL 3,5,E01020036,0,1
2024010507328,2024,010507328,2,9,0,18,19,8,4,0,0,1,0,0,0,0,0,1,6,6,1,29,6,-1,3,4,TESLA MODEL 3,3,E01002560,0,1
2024010533221,2024,010533221,2,9,0,9,9,5,3,0,0,1,0,0,0,0,4,1,3,7,2,42,7,-1,3,4,TESLA MODEL 3,5,E01000505,0,2
2024991517302,2024,991517302,1,9,0,-1,19,2,6,-1,0,6,0,0,0,0,3,1,-1,6,1,58,9,-1,3,4,TESLA MODEL 3,10,-1,0,4
2024010519831,2024,010519831,3,9,0,10,10,5,2,0,0,1,0,0,0,0,1,1,6,6,1,41,7,-1,3,2,TESLA MODEL 3,-1,-1,0,-1
2024552401386,2024,552401386,2,9,0,18,19,2,6,0,0,0,0,0,0,0,1,1,2,2,1,45,7,-1,3,3,TESLA MODEL 3,5,E01020462,0,1
2024991510030,2024,991510030,2,9,0,-1,19,8,3,-1,0,0,0,0,0,0,2,1,-1,6,1,38,7,-1,3,2,TESLA MODEL 3,10,-1,0,2
2024010542906,2024,010542906,1,9,0,99,99,9,9,99,99,0,9,99,9,99,1,9,6,6,2,32,6,-1,3,3,TESLA MODEL 3,7,E01001269,0,1
2024010507494,2024,010507494,1,9,0,17,19,5,1,0,0,0,0,0,0,0,1,1,6,6,1,55,8,-1,3,0,TESLA MODEL 3,6,E01001159,0,1
2024010524823,2024,010524823,2,9,0,99,99,9,9,99,99,9,9,99,9,99,1,9,6,6,1,54,8,-1,3,3,TESLA MODEL 3,2,E01000551,0,3
2024471474091,2024,471474091,1,9,0,-1,19,1,5,-1,0,1,0,0,3,2,1,1,-1,9,1,23,5,-1,3,0,TESLA MODEL 3,3,E01009655,0,5
2024320393696,2024,320393696,1,9,0,-1,-1,8,4,0,0,0,1,0,7,4,1,1,1,1,1,33,6,-1,3,3,TESLA MODEL 3,9,E01025738,0,4
2024501472268,2024,501472268,1,9,0,-1,19,5,1,-1,0,1,0,0,0,0,1,1,-1,9,1,46,8,-1,3,4,TESLA MODEL 3,5,E01020147,0,4
2024201487108,2024,201487108,1,8,0,-1,1,2,6,-1,0,0,0,0,0,0,2,1,-1,1,1,47,8,1997,3,3,TESLA MODEL 3,1,E01009275,0,2
2024411531174,2024,411531174,2,9,0,-1,19,5,1,-1,0,0,0,0,0,0,1,1,-1,9,2,48,8,-1,3,5,TESLA MODEL 3,4,E01023346,0,1
2024010508342,2024,010508342,2,9,0,99,99,9,9,99,99,9,9,99,9,99,9,9,6,6,3,-1,-1,-1,3,1,TESLA MODEL 3,-1,-1,0,-1
2024010527083,2024,010527083,1,9,0,9,9,6,5,0,0,8,0,0,0,0,3,1,6,6,1,63,9,-1,3,3,TESLA MODEL 3,5,E01034600,0,1
2024451531823,2024,451531823,2,9,0,-1,19,7,2,-1,0,1,0,0,0,0,1,1,-1,6,1,64,9,-1,3,0,TESLA MODEL 3,7,E01030472,0,2
2024101426132,2024,101426132,1,9,0,-1,19,7,3,-1,0,0,0,0,0,0,1,1,-1,9,1,32,6,-1,3,0,TESLA MODEL 3,-1,-1,0,-1
2024010532164,2024,010532164,1,9,0,18,19,1,5,0,0,0,0,0,7,0,1,1,6,6,1,44,7,-1,3,4,TESLA MODEL 3,10,E01000697,0,1
2024010499952,2024,010499952,1,9,0,11,11,3,7,0,0,5,0,0,0,0,3,1,6,6,1,22,5,-1,3,4,TESLA MODEL 3,3,E01000308,0,1
2024010536057,2024,010536057,1,9,0,7,7,5,8,0,0,5,0,0,1,4,1,1,1,1,1,33,6,-1,3,3,TESLA MODEL 3,5,E01004601,0,1
2024010509658,2024,010509658,2,9,0,9,9,1,7,0,0,2,0,0,0,0,1,1,6,6,2,42,7,-1,3,4,TESLA MODEL 3,10,E01003899,0,1
2024010498860,2024,010498860,1,9,0,18,19,5,1,0,0,1,0,0,0,0,4,1,2,2,1,46,8,-1,3,4,TESLA MODEL 3,5,E01033837,0,4
2024041511619,2024,041511619,2,9,0,-1,19,8,4,-1,0,8,0,0,0,0,4,1,-1,9,2,29,6,-1,3,2,TESLA MODEL 3,8,E01024923,0,1
2024010551060,2024,010551060,1,9,0,18,19,7,3,9,9,8,1,9,0,0,1,1,6,6,1,30,6,-1,3,3,TESLA MODEL 3,8,E01002163,0,1
2024010505908,2024,010505908,2,9,0,9,9,1,6,0,0,1,0,0,0,0,1,1,6,6,1,60,9,-1,3,3,TESLA MODEL 3,8,E01002106,0,1
2024010509409,2024,010509409,2,9,0,9,9,6,3,0,0,8,0,0,0,0,1,1,3,7,2,42,7,-1,3,4,TESLA MODEL 3,6,E01001881,0,1
2024111498226,2024,111498226,1,9,0,-1,19,7,4,-1,0,8,0,0,1,7,1,1,-1,1,2,69,10,-1,3,5,TESLA MODEL 3,7,E01020601,0,2
2024401428217,2024,401428217,2,9,0,-1,4,1,5,-1,0,0,0,0,0,0,2,1,-1,9,1,26,6,-1,3,4,TESLA MODEL 3,7,E01034422,0,1
2024231431435,2024,231431435,1,9,0,-1,19,2,6,-1,0,0,1,0,1,9,1,9,-1,1,2,51,8,-1,3,3,TESLA MODEL 3,5,E01031327,0,3
2024421495323,2024,421495323,2,9,0,-1,3,7,3,-1,0,0,0,0,0,0,2,1,-1,2,1,32,6,-1,3,3,TESLA MODEL 3,10,E01021611,0,1
2024451493002,2024,451493002,2,9,0,-1,19,8,4,-1,0,1,0,0,0,0,1,1,-1,7,1,51,8,-1,3,4,TESLA MODEL 3,6,E01030550,0,1
2024070395968,2024,070395968,2,9,0,3,3,5,1,0,0,0,0,0,0,0,4,1,2,2,1,41,7,-1,3,3,TESLA MODEL 3,6,E01018472,0,1
2024010517551,2024,010517551,2,9,0,99,99,9,9,99,99,0,9,99,9,99,9,9,6,6,1,66,10,-1,3,5,TESLA MODEL 3,6,E01001217,0,1
2024451535726,2024,451535726,1,9,0,-1,19,5,1,-1,0,0,0,0,0,0,1,1,-1,9,1,46,8,-1,3,0,TESLA MODEL 3,10,E01030407,0,1
2024501395793,2024,501395793,2,9,0,-1,4,3,7,-1,0,0,0,0,0,0,2,1,-1,6,2,36,7,-1,3,2,TESLA MODEL 3,10,E01020167,0,2
2024010529634,2024,010529634,1,9,0,9,9,1,7,0,0,6,0,0,0,0,3,1,6,6,1,40,7,-1,3,2,TESLA MODEL 3,5,E01003142,0,1
2024411471564,2024,411471564,2,9,0,-1,19,2,8,-1,0,1,0,0,0,0,1,1,-1,6,1,33,6,-1,3,4,TESLA MODEL 3,4,E01023864,0,1
2024010530695,2024,010530695,2,9,0,99,99,9,9,99,99,9,9,99,9,99,9,9,6,6,3,51,8,-1,3,3,TESLA MODEL 3,6,E01002901,0,1
2024010516785,2024,010516785,1,9,0,4,4,9,9,99,99,9,9,99,9,99,2,9,6,6,1,50,8,-1,3,2,TESLA MODEL 3,6,E01000549,0,1
2024351507960,2024,351507960,3,9,0,-1,3,8,4,-1,0,1,0,0,0,0,2,1,-1,9,1,26,6,-1,3,0,TESLA MODEL 3,9,E01018231,0,3
2024552400414,2024,552400414,1,9,0,18,19,1,5,0,0,0,0,0,0,0,0,1,2,2,2,40,7,-1,3,4,TESLA MODEL 3,8,E01015332,0,2
2024010527937,2024,010527937,1,9,0,9,9,9,9,99,99,9,9,99,9,99,9,9,6,6,3,-1,-1,-1,3,2,TESLA MODEL 3,-1,-1,0,-1
2024010519837,2024,010519837,1,9,9,99,99,9,9,99,99,9,9,99,9,99,9,9,6,6,3,37,7,-1,3,4,TESLA MODEL 3,6,E01003693,0,1
2024430588377,2024,430588377,1,9,0,9,9,4,2,0,0,1,0,0,0,0,4,1,6,6,1,52,8,-1,3,5,TESLA MODEL 3,8,E01016780,0,1
2024201394190,2024,201394190,2,8,0,-1,19,5,1,-1,0,8,0,0,0,0,3,1,-1,6,1,37,7,-1,3,4,TESLA MODEL 3,1,E01009478,0,2
2024131508245,2024,131508245,1,9,0,-1,19,3,7,-1,0,8,0,0,0,0,1,1,-1,9,1,59,9,-1,3,3,TESLA MODEL 3,10,E01010694,0,2
2024161436049,2024,161436049,1,9,0,-1,19,5,1,-1,0,0,0,0,0,0,2,9,-1,2,2,49,8,-1,3,4,TESLA MODEL 3,9,E01012924,0,2
2024070174983,2024,070174983,2,9,0,5,5,7,5,0,0,6,0,0,0,0,3,1,3,7,2,-1,-1,-1,3,3,TESLA MODEL 3,10,E01018602,0,1
2024101419923,2024,101419923,2,9,0,-1,19,5,1,-1,0,1,0,0,1,0,1,1,-1,6,2,57,9,-1,3,4,TESLA MODEL 3,1,E01008671,0,1
2024122400772,2024,122400772,2,9,0,2,2,0,0,0,0,0,0,0,0,0,3,1,6,6,1,32,6,-1,3,5,TESLA MODEL 3,7,E01013363,0,1
2024010500123,2024,010500123,2,9,0,7,7,1,2,0,0,2,0,0,0,0,1,1,6,6,1,43,7,-1,3,2,TESLA MODEL 3,4,E01002308,0,2
2024211439192,2024,211439192,1,9,0,-1,19,5,1,-1,0,0,0,0,0,0,4,1,-1,6,1,34,6,-1,3,4,TESLA MODEL 3,3,E01029593,0,2
2024421492183,2024,421492183,2,9,0,-1,19,6,2,-1,0,0,1,0,0,0,2,1,-1,6,1,53,8,-1,3,2,TESLA MODEL 3,10,E01021754,0,3
2024430572500,2024,430572500,1,9,0,18,19,2,6,0,0,0,0,0,0,0,1,1,6,6,2,74,10,-1,3,2,TESLA MODEL 3,6,E01017812,0,2
2024311406594,2024,311406594,1,9,0,-1,5,4,8,-1,0,6,0,0,0,0,1,1,-1,6,1,26,6,-1,3,1,TESLA MODEL 3,4,E01023337,0,5
2024501514387,2024,501514387,1,9,0,-1,19,1,5,-1,0,8,2,0,3,1,1,1,-1,1,1,44,7,-1,3,4,TESLA MODEL 3,3,E01001154,0,5
2024440277711,2024,440277711,1,9,0,5,5,1,5,0,0,0,0,0,0,0,2,1,6,6,1,37,7,-1,3,2,TESLA MODEL 3,6,E01022962,0,2
2024010539737,2024,010539737,3,9,0,18,19,1,5,0,0,1,0,0,0,0,0,1,6,6,1,28,6,-1,3,5,TESLA MODEL 3,-1,-1,0,-1
2024440280493,2024,440280493,1,9,0,18,19,4,8,0,0,2,0,0,7,0,1,1,6,6,2,35,6,-1,3,0,TESLA MODEL 3,9,E01022572,0,2
2024340WN0032,2024,340WN0032,4,9,0,-1,19,4,8,-1,0,0,0,0,0,0,0,1,-1,6,1,39,7,-1,3,3,TESLA MODEL 3,2,E01027242,0,1
2024131452606,2024,131452606,2,9,0,-1,19,5,1,-1,0,0,0,0,0,0,2,1,-1,6,1,39,7,-1,3,3,TESLA MODEL 3,3,E01007363,0,4
2024211471232,2024,211471232,4,9,0,-1,5,3,3,-1,0,0,0,0,0,0,4,1,-1,9,1,39,7,-1,3,3,TESLA MODEL 3,-1,-1,0,-1
2024061513434,2024,061513434,1,9,0,-1,19,-1,-1,-1,0,1,0,0,0,0,4,1,-1,2,2,38,7,-1,3,4,TESLA MODEL 3,6,E01005885,0,1
2024010517176,2024,010517176,2,9,0,10,10,5,4,0,0,1,0,0,0,0,1,1,6,6,1,33,6,-1,3,0,TESLA MODEL 3,3,E01000032,0,1
2024201479333,2024,201479333,1,9,0,-1,4,2,8,-1,0,0,0,10,1,10,1,1,-1,6,2,74,10,-1,3,4,TESLA MODEL 3,5,E01010460,0,1
2024411454266,2024,411454266,2,9,-1,-1,-1,-1,-1,-1,-1,-1,-1,-1,-1,0,-1,9,-1,7,1,52,8,-1,3,1,TESLA MODEL 3,10,E01023691,0,1
2024061423315,2024,061423315,2,9,0,-1,10,7,1,-1,0,1,0,0,0,0,3,1,-1,2,2,39,7,-1,3,2,TESLA MODEL 3,9,E01006178,0,1
2024531452867,2024,531452867,1,9,0,-1,19,5,1,-1,0,0,0,0,1,4,1,1,-1,9,2,62,9,-1,3,0,TESLA MODEL 3,7,E01014385,0,4
2024471496012,2024,471496012,1,9,0,-1,19,1,5,-1,0,0,1,0,0,0,1,1,-1,1,1,30,6,-1,3,0,TESLA MODEL 3,6,E01035345,0,1
2024010499533,2024,010499533,2,9,9,99,99,9,9,99,99,9,9,99,9,99,9,9,6,6,3,-1,-1,-1,3,1,TESLA MODEL 3,-1,-1,0,-1
2024101526257,2024,101526257,1,8,0,-1,19,2,2,-1,0,5,0,0,0,0,1,1,-1,1,1,39,7,-1,3,4,TESLA MODEL 3,1,E01008204,0,1
2024311481906,2024,311481906,1,9,0,-1,3,1,5,-1,0,0,0,0,0,0,2,1,-1,6,1,47,8,-1,3,3,TESLA MODEL 3,9,E01033775,0,3
2024101503269,2024,101503269,2,9,0,-1,19,2,6,-1,0,8,0,0,0,0,1,1,-1,2,1,43,7,-1,3,1,TESLA MODEL 3,9,E01008248,0,2
2024010547530,2024,010547530,2,8,0,99,99,9,9,99,99,9,9,99,9,99,3,9,6,6,1,67,10,-1,3,2,TESLA MODEL 3,4,E01002267,0,4
2024430580680,2024,430580680,2,8,0,18,19,8,4,0,0,2,1,0,6,6,3,1,1,1,1,40,7,-1,3,1,TESLA MODEL 3,-1,-1,0,-1
2024201485983,2024,201485983,2,9,0,-1,19,6,2,-1,0,8,0,0,0,0,1,9,-1,6,3,30,6,-1,3,1,TESLA MODEL 3,-1,-1,0,-1
2024430418120,2024,430418120,2,9,0,18,19,8,4,0,0,1,0,0,0,0,1,1,6,6,3,-1,-1,-1,3,0,TESLA MODEL 3,-1,-1,0,-1
2024302401126,2024,302401126,1,9,0,4,4,5,1,0,0,0,0,0,0,0,3,1,6,6,2,35,6,-1,3,4,TESLA MODEL 3,5,E01019573,0,1
2024991469848,2024,991469848,2,9,0,-1,4,7,3,-1,0,1,0,0,0,0,2,1,-1,9,2,35,6,-1,3,4,TESLA MODEL 3,9,-1,0,1
2024302400338,2024,302400338,2,9,0,4,4,1,5,0,0,8,0,0,0,0,2,1,6,6,3,-1,-1,-1,3,3,TESLA MODEL 3,5,E01019456,0,4
2024010514794,2024,010514794,2,9,0,18,19,1,5,1,1,1,0,0,3,11,1,1,6,6,1,55,8,-1,3,4,TESLA MODEL 3,9,E01000751,0,2
2024540675024,2024,540675024,4,9,0,18,19,1,6,0,0,1,0,0,0,0,3,1,6,6,2,39,7,-1,3,5,TESLA MODEL 3,7,E01034522,0,1
2024211495868,2024,211495868,2,9,0,-1,3,3,7,-1,0,0,0,0,0,0,2,1,-1,9,2,32,6,-1,3,3,TESLA MODEL 3,3,E01034059,0,1
2024010507922,2024,010507922,1,8,0,18,19,4,8,0,0,1,0,0,0,0,1,1,1,1,1,48,8,-1,3,2,TESLA MODEL 3,6,E01001343,0,2
2024461402769,2024,461402769,1,9,0,-1,9,8,4,-1,0,8,0,0,0,0,4,9,-1,6,1,38,7,-1,3,2,TESLA MODEL 3,3,E01001722,0,4
2024061493775,2024,061493775,2,9,0,-1,4,5,5,-1,0,0,0,0,0,0,2,1,-1,1,1,38,7,-1,3,2,TESLA MODEL 3,1,E01005235,0,1
2024010523507,2024,010523507,2,9,0,99,99,9,9,99,99,9,9,99,9,99,1,9,6,6,3,-1,-1,-1,3,3,TESLA MODEL 3,-1,-1,0,-1
2024320254538,2024,320254538,1,9,0,9,9,7,5,0,0,6,0,0,0,0,3,1,-1,-1,1,33,6,-1,3,3,TESLA MODEL 3,6,E01026380,0,3
2024141395326,2024,141395326,2,9,0,-1,2,0,0,-1,0,0,0,0,0,0,2,1,-1,6,-1,-1,-1,-1,3,1,TESLA MODEL 3,-1,-1,0,-1
2024991483483,2024,991483483,1,9,0,-1,12,5,8,-1,0,1,0,0,0,0,1,1,-1,9,2,46,8,-1,3,3,TESLA MODEL 3,-1,-1,0,-1
2024332400323,2024,332400323,1,9,0,-1,19,1,5,-1,0,0,0,0,0,0,2,1,-1,9,2,48,8,-1,3,3,TESLA MODEL 3,6,E01013787,0,3
2024401509978,2024,401509978,2,9,0,-1,3,1,5,-1,0,1,0,0,0,0,2,1,-1,9,1,52,8,-1,3,3,TESLA MODEL 3,5,E01015762,0,1
2024531486977,2024,531486977,2,9,0,-1,19,5,1,-1,0,2,0,0,0,0,1,1,-1,2,1,75,10,-1,3,3,TESLA MODEL 3,7,E01022117,0,4
2024461488871,2024,461488871,2,9,0,-1,10,7,3,-1,0,1,0,0,0,0,2,1,-1,6,1,28,6,-1,3,2,TESLA MODEL 3,7,E01024569,0,3
2024141397789,2024,141397789,1,9,0,-1,9,1,6,-1,0,6,0,0,0,0,3,1,-1,9,2,25,5,-1,3,5,TESLA MODEL 3,6,E01007695,0,2
2024411474230,2024,411474230,2,9,0,-1,4,5,1,-1,0,0,0,0,1,7,2,1,-1,9,1,61,9,-1,3,1,TESLA MODEL 3,10,E01032623,0,4
2024010545662,2024,010545662,1,9,0,5,5,0,3,0,0,8,0,0,0,0,1,1,1,1,1,44,7,-1,3,0,TESLA MODEL 3,3,E01000545,0,2
2024010549081,2024,010549081,1,8,0,99,99,9,9,99,99,9,9,99,9,99,4,9,1,1,1,50,8,-1,3,3,TESLA MODEL 3,5,E01000006,0,3
2024351513001,2024,351513001,3,9,0,-1,4,7,3,-1,0,0,0,0,0,0,2,1,-1,1,1,45,7,-1,3,3,TESLA MODEL 3,8,E01017669,0,4
2024010531640,2024,010531640,1,9,0,99,99,9,9,99,99,9,9,99,9,99,2,9,6,6,1,23,5,-1,3,0,TESLA MODEL 3,5,E01003715,0,1
2024361489843,2024,361489843,2,9,0,-1,4,3,7,-1,0,2,0,0,0,0,2,1,-1,1,1,66,10,-1,3,1,TESLA MODEL 3,6,E01026613,0,3
2024302401257,2024,302401257,2,9,0,3,3,6,2,0,0,1,0,0,0,0,2,1,2,2,2,45,7,-1,3,3,TESLA MODEL 3,8,E01014131,0,4
2024411556369,2024,411556369,2,9,0,-1,9,7,3,-1,0,1,0,0,0,0,1,1,-1,6,1,50,8,-1,3,3,TESLA MODEL 3,8,E01000237,0,2
2024061516497,2024,061516497,1,9,0,-1,19,5,1,-1,0,2,0,0,0,0,1,1,-1,2,2,39,7,-1,3,4,TESLA MODEL 3,1,E01024863,0,4
2024141403794,2024,141403794,1,9,0,-1,19,5,1,-1,0,0,0,0,0,0,2,1,-1,2,1,40,7,-1,3,1,TESLA MODEL 3,10,E01007619,0,2
2024501505970,2024,501505970,2,9,0,-1,19,3,7,-1,0,0,0,0,0,0,3,1,-1,6,1,32,6,-1,3,0,TESLA MODEL 3,2,E01003061,0,5
2024421417017,2024,421417017,1,8,0,-1,19,2,2,-1,0,1,0,0,0,0,1,1,-1,9,1,28,6,-1,3,1,TESLA MODEL 3,9,E01021825,0,3
2024332400001,2024,332400001,1,9,0,-1,9,2,8,-1,0,6,0,0,0,0,3,1,-1,2,1,45,7,-1,3,2,TESLA MODEL 3,8,E01025942,0,1
2024070109934,2024,070109934,1,9,0,9,9,3,1,0,0,8,0,0,0,0,0,1,2,2,2,-1,-1,-1,3,3,TESLA MODEL 3,9,E01012448,0,1
2024440090783,2024,440090783,6,9,0,4,4,2,6,0,0,0,0,0,0,0,2,1,6,6,1,33,6,-1,3,4,TESLA MODEL 3,4,E01023037,0,3
2024211436408,2024,211436408,1,9,0,-1,7,3,3,-1,0,0,0,0,0,0,2,1,-1,6,2,33,6,-1,3,1,TESLA MODEL 3,1,E01006645,0,4
2024010536892,2024,010536892,1,9,0,18,19,5,1,0,0,8,0,0,0,0,1,1,6,6,1,31,6,-1,3,4,TESLA MODEL 3,7,E01017577,0,4
2024010519246,2024,010519246,1,9,0,17,19,3,7,0,0,3,0,0,0,0,1,1,6,6,1,64,9,-1,3,2,TESLA MODEL 3,7,E01024375,0,4
2024311497463,2024,311497463,1,9,0,-1,8,1,4,-1,0,1,0,0,0,0,2,1,-1,6,1,41,7,-1,3,2,TESLA MODEL 3,-1,-1,0,-1
2024070257637,2024,070257637,1,9,0,1,1,1,5,0,0,8,0,0,0,0,2,1,6,6,1,55,8,-1,3,5,TESLA MODEL 3,10,E01018392,0,1
2024010528815,2024,010528815,2,9,0,18,19,5,1,0,0,0,0,0,0,0,1,1,6,6,1,39,7,-1,3,2,TESLA MODEL 3,1,E01003515,0,3
2024010508643,2024,010508643,1,9,0,18,19,5,1,0,0,1,0,0,0,0,2,1,6,6,1,50,8,-1,3,5,TESLA MODEL 3,4,E01004030,0,1
2024430029355,2024,430029355,2,9,0,3,3,8,4,0,0,8,0,0,0,0,2,1,6,6,2,43,7,-1,3,1,TESLA MODEL 3,8,E01034446,0,2
2024440151068,2024,440151068,1,9,0,7,7,8,2,0,0,6,0,0,0,0,4,1,6,6,2,47,8,-1,3,4,TESLA MODEL 3,10,E01022675,0,1
2024010518110,2024,010518110,1,8,0,99,99,9,9,99,99,9,9,99,9,99,2,9,1,1,1,43,7,-1,3,2,TESLA MODEL 3,2,E01000289,0,4
2024522401230,2024,522401230,1,9,0,18,19,1,5,0,0,8,0,0,0,0,1,1,6,6,1,44,7,-1,3,3,TESLA MODEL 3,10,E01031919,0,4
2024010530928,2024,010530928,2,9,0,5,5,0,5,0,0,0,0,0,0,0,1,1,6,6,1,32,6,-1,3,1,TESLA MODEL 3,3,E01003263,0,3
2024010508910,2024,010508910,3,9,0,2,2,0,0,0,0,0,0,0,0,0,0,1,6,6,3,-1,-1,-1,3,4,TESLA MODEL 3,-1,-1,0,-1
2024320622193,2024,320622193,1,9,0,-1,-1,1,5,0,0,6,0,0,0,0,1,1,6,6,1,30,6,-1,3,2,TESLA MODEL 3,-1,-1,0,-1
2024031436184,2024,031436184,2,9,0,-1,9,7,3,-1,0,1,0,0,0,0,2,1,-1,2,1,30,6,-1,3,3,TESLA MODEL 3,-1,-1,0,-1
2024010506744,2024,010506744,1,9,0,99,99,9,9,99,99,9,9,99,9,99,2,9,1,1,1,26,6,-1,3,4,TESLA MODEL 3,6,E01024282,0,4
2024010512817,2024,010512817,2,9,9,99,99,9,9,99,99,9,9,99,9,99,9,9,6,6,3,34,6,-1,3,3,TESLA MODEL 3,4,E01002858,0,3
2024010503047,2024,010503047,2,9,0,99,99,9,9,99,99,9,9,99,9,99,9,9,6,6,3,-1,-1,-1,3,3,TESLA MODEL 3,-1,-1,0,-1
2024546067624,2024,546067624,1,9,0,9,9,7,3,0,0,1,0,0,0,0,0,1,6,6,1,27,6,-1,3,2,TESLA MODEL 3,4,E01014786,0,4
2024010549270,2024,010549270,2,9,0,6,6,7,7,0,0,8,0,0,0,0,3,1,1,1,1,33,6,-1,3,4,TESLA MODEL 3,2,E01035664,0,1
2024411411875,2024,411411875,1,9,0,-1,9,1,7,-1,0,6,0,0,0,0,1,1,-1,2,1,47,8,-1,3,2,TESLA MODEL 3,5,E01023868,0,2