collision_index,collision_year,collision_ref_no,vehicle_reference,vehicle_type,towing_and_articulation,vehicle_manoeuvre_historic,vehicle_manoeuvre,vehicle_direction_from,vehicle_direction_to,vehicle_location_restricted_lane_historic,vehicle_location_restricted_lane,junction_location,skidding_and_overturning,hit_object_in_carriageway,vehicle_leaving_carriageway,hit_object_off_carriageway,first_point_of_impact,vehicle_left_hand_drive,journey_purpose_of_driver_historic,journey_purpose_of_driver,sex_of_driver,age_of_driver,age_band_of_driver,engine_capacity_cc,propulsion_code,age_of_vehicle,generic_make_model,driver_imd_decile,lsoa_of_driver,escooter_flag,driver_distance_banding
2024201492453,2024,201492453,1,9,0,-1,19,1,5,-1,0,8,0,0,0,0,1,1,-1,6,1,56,9,-1,3,5,TESLA MODEL 3,9,E01010210,0,1
2024421471855,2024,421471855,1,9,0,-1,19,2,6,-1,0,0,0,0,0,0,1,1,-1,9,1,44,7,-1,3,2,TESLA MODEL 3,10,E01022075,0,3
2024010502668,2024,010502668,2,8,0,99,99,9,9,99,99,9,9,99,9,99,9,9,6,6,1,49,8,-1,3,3,TESLA MODEL 3,7,E01002975,0,3
2024010506830,2024,010506830,3,9,0,99,99,9,9,99,99,9,9,99,9,99,9,9,6,6,3,-1,-1,-1,3,4,TESLA MODEL 3,-1,-1,0,-1
2024041452343,2024,041452343,2,9,0,-1,19,5,7,-1,0,0,0,0,0,0,2,1,-1,9,1,49,8,-1,3,2,TESLA MODEL 3,7,E01025141,0,4
2024211469052,2024,211469052,1,9,0,-1,19,3,7,-1,0,0,0,0,0,0,1,1,-1,6,1,39,7,-1,3,3,TESLA MODEL 3,3,E01014327,0,1
2024201419824,2024,201419824,2,9,0,-1,5,8,2,-1,0,4,0,0,0,0,3,9,-1,1,1,39,7,-1,3,3,TESLA MODEL 3,1,E01010415,0,2
2024071085295,2024,071085295,2,9,0,-1,19,5,1,-1,0,6,0,0,0,1,4,1,-1,6,1,39,7,-1,3,1,TESLA MODEL 3,4,E01018451,0,4
2024010539513,2024,010539513,1,9,0,6,6,6,6,0,0,2,0,0,0,0,4,1,6,6,1,21,5,-1,3,4,TESLA MODEL 3,8,E01003271,0,1
2024041442925,2024,041442925,3,9,0,-1,19,5,1,-1,0,0,0,0,0,0,4,1,-1,2,1,28,6,-1,3,1,TESLA MODEL 3,7,E01025028,0,4
2024430499436,2024,430499436,1,9,0,18,19,5,1,0,0,0,0,0,0,0,1,1,6,6,1,51,8,-1,3,4,TESLA MODEL 3,6,E01030714,0,3
2024010517383,2024,010517383,1,9,0,9,9,3,8,0,0,6,0,0,0,0,1,1,6,6,2,38,7,-1,3,3,TESLA MODEL 3,6,E01000568,0,1
2024430191560,2024,430191560,2,9,0,3,3,4,8,0,0,1,0,0,0,0,2,1,6,6,1,36,7,-1,3,4,TESLA MODEL 3,2,E01027341,0,4
2024010507992,2024,010507992,2,9,0,99,99,9,9,99,99,6,9,99,9,99,1,9,6,6,1,-1,-1,-1,3,2,TESLA MODEL 3,5,E01003683,0,3
2024421433543,2024,421433543,3,9,0,-1,19,6,2,-1,0,0,0,0,0,0,2,1,-1,6,1,-1,-1,-1,3,5,TESLA MODEL 3,5,E01035460,0,5
2024010500162,2024,010500162,2,8,0,18,19,1,5,0,0,8,0,0,0,0,3,1,6,6,1,-1,-1,-1,3,1,TESLA MODEL 3,6,E01003163,0,2
2024010549490,2024,010549490,1,8,0,99,99,9,9,99,99,9,9,99,9,99,9,9,1,1,1,29,6,-1,3,2,TESLA MODEL 3,8,E01032775,0,2
2024371477213,2024,371477213,1,9,0,-1,19,5,1,-1,0,0,0,0,0,0,1,1,-1,9,1,31,6,-1,3,3,TESLA MODEL 3,4,E01021648,0,4
2024161445317,2024,161445317,2,9,0,-1,3,1,5,-1,0,3,0,0,0,0,2,1,-1,6,1,56,9,-1,3,3,TESLA MODEL 3,5,E01012829,0,1
2024451502691,2024,451502691,2,8,0,-1,1,2,6,-1,99,8,0,0,0,0,3,1,-1,6,1,55,8,-1,3,3,TESLA MODEL 3,-1,-1,0,-1
2024070598655,2024,070598655,2,9,0,8,8,4,7,0,0,1,0,0,0,0,1,1,6,6,2,52,8,-1,3,3,TESLA MODEL 3,7,E01018360,0,1
2024010492290,2024,010492290,3,9,0,18,19,6,2,0,0,1,0,0,0,0,2,1,6,6,1,29,6,-1,3,1,TESLA MODEL 3,2,E01004444,0,2
2024320087200,2024,320087200,1,9,0,-1,-1,8,4,0,0,0,0,4,0,0,1,1,-1,-1,1,45,7,-1,3,2,TESLA MODEL 3,10,E01028088,0,4
2024522401422,2024,522401422,1,9,0,12,12,2,6,0,0,0,0,0,0,0,3,1,6,6,1,42,7,-1,3,2,TESLA MODEL 3,2,E01014643,0,2
2024201517309,2024,201517309,2,9,0,-1,2,0,0,-1,0,8,0,0,0,0,4,1,-1,6,-1,-1,-1,-1,3,2,TESLA MODEL 3,-1,-1,0,-1
2024451464020,2024,451464020,1,9,0,-1,10,1,3,-1,0,1,0,0,0,0,2,1,-1,7,2,33,6,-1,3,2,TESLA MODEL 3,10,E01030810,0,3
2024471488685,2024,471488685,1,9,0,-1,9,5,7,-1,0,2,0,0,0,0,3,1,-1,9,2,55,8,-1,3,2,TESLA MODEL 3,8,E01016936,0,4
2024101419878,2024,101419878,2,9,0,-1,10,7,5,-1,0,1,0,0,0,0,2,1,-1,9,1,36,7,-1,3,4,TESLA MODEL 3,9,E01027481,0,2
2024010520126,2024,010520126,1,9,9,99,99,9,9,99,99,9,9,99,9,99,9,9,6,6,1,33,6,-1,3,3,TESLA MODEL 3,5,E01003115,0,1
2024430615450,2024,430615450,2,9,0,4,4,2,6,0,0,0,0,0,0,0,2,1,2,2,1,45,7,-1,3,4,TESLA MODEL 3,3,E01028445,0,1
2024201455028,2024,201455028,1,9,0,-1,9,6,4,-1,0,6,0,0,0,0,1,1,-1,9,1,24,5,-1,3,2,TESLA MODEL 3,2,E01009971,0,1
2024010528952,2024,010528952,1,9,0,18,19,8,4,0,0,5,0,0,0,0,1,1,2,2,1,33,6,-1,3,3,TESLA MODEL 3,6,E01002266,0,1
2024010534745,2024,010534745,1,9,0,99,99,9,9,99,99,9,9,99,9,99,9,9,6,6,1,44,7,-1,3,3,TESLA MODEL 3,9,E01030568,0,1
2024421514733,2024,421514733,2,9,0,-1,3,4,2,-1,0,0,0,0,0,0,2,1,-1,9,1,44,7,-1,3,1,TESLA MODEL 3,7,E01021657,0,1
2024421526049,2024,421526049,1,9,0,-1,5,3,7,-1,99,3,0,0,0,0,2,1,-1,6,1,45,7,-1,3,4,TESLA MODEL 3,6,E01021362,0,3
2024010527082,2024,010527082,1,9,0,9,9,1,7,0,0,8,0,0,0,0,3,1,1,1,1,52,8,-1,3,2,TESLA MODEL 3,1,E01001811,0,1
2024041511823,2024,041511823,2,9,0,-1,19,1,5,-1,0,6,0,0,0,0,4,1,-1,6,2,43,7,-1,3,3,TESLA MODEL 3,4,E01025517,0,1
2024141438488,2024,141438488,1,9,0,-1,19,3,7,-1,0,1,0,0,0,0,1,1,-1,6,1,27,6,-1,3,4,TESLA MODEL 3,9,E01007808,0,1
2024471399477,2024,471399477,2,9,0,-1,19,7,3,-1,0,0,0,0,0,0,3,1,-1,6,1,56,9,-1,3,4,TESLA MODEL 3,7,E01021166,0,1
2024332401237,2024,332401237,2,9,0,-1,2,0,0,-1,0,0,0,0,0,0,4,1,-1,6,3,-1,-1,-1,3,0,TESLA MODEL 3,-1,-1,0,-1
2024070832404,2024,070832404,2,9,0,-1,19,3,7,-1,0,0,0,0,0,0,4,1,-1,9,1,40,7,-1,3,3,TESLA MODEL 3,6,E01012423,0,3
2024440399870,2024,440399870,1,9,0,9,9,1,7,0,0,6,0,0,0,0,3,1,6,6,1,47,8,-1,3,0,TESLA MODEL 3,8,E01023050,0,1
2024131410372,2024,131410372,1,9,0,-1,9,3,1,-1,0,8,0,0,0,0,3,1,-1,6,1,25,5,-1,3,1,TESLA MODEL 3,3,E01010670,0,1
2024010534927,2024,010534927,1,9,0,99,99,9,9,99,99,0,9,99,9,99,2,9,6,6,3,-1,-1,-1,3,3,TESLA MODEL 3,4,E01003104,0,2
2024411529193,2024,411529193,1,9,-1,-1,-1,-1,-1,-1,-1,0,-1,-1,-1,0,-1,9,-1,6,1,-1,-1,-1,3,3,TESLA MODEL 3,-1,-1,0,-1
2024311513233,2024,311513233,1,9,0,-1,19,5,5,-1,0,6,0,0,0,0,1,1,-1,2,1,35,6,-1,3,4,TESLA MODEL 3,3,E01025753,0,4
2024340WN5642,2024,340WN5642,3,9,0,-1,4,5,2,-1,0,0,0,0,0,0,2,1,-1,9,1,35,6,-1,3,1,TESLA MODEL 3,7,E01027221,0,3
2024311415886,2024,311415886,1,9,0,-1,10,2,6,-1,0,0,0,0,0,0,2,9,-1,2,1,33,6,-1,3,3,TESLA MODEL 3,1,E01028268,0,2
2024131510452,2024,131510452,1,9,0,-1,19,5,1,-1,0,8,0,0,0,0,3,1,-1,6,1,39,7,-1,3,4,TESLA MODEL 3,3,E01013445,0,4
2024201519987,2024,201519987,2,9,0,-1,19,1,5,-1,0,0,0,0,0,0,2,9,-1,9,1,37,7,-1,3,1,TESLA MODEL 3,5,E01032589,0,1
2024221434326,2024,221434326,1,9,0,-1,19,6,8,-1,0,0,0,0,0,0,1,9,-1,6,3,45,7,-1,3,2,TESLA MODEL 3,-1,-1,0,-1
2024552401371,2024,552401371,2,9,0,4,4,2,6,0,0,0,0,0,0,0,2,1,6,6,1,42,7,-1,3,0,TESLA MODEL 3,7,E01020436,0,1
2024221475449,2024,221475449,1,9,0,-1,19,4,8,-1,0,0,0,0,0,0,1,1,-1,9,1,45,7,-1,3,3,TESLA MODEL 3,6,E01027045,0,5
2024311485947,2024,311485947,1,9,0,-1,4,5,1,-1,0,0,0,0,0,0,2,1,-1,2,2,36,7,-1,3,5,TESLA MODEL 3,6,E01026220,0,4
2024531488033,2024,531488033,2,9,0,-1,19,2,6,-1,0,1,0,0,1,11,1,1,-1,9,1,49,8,-1,3,1,TESLA MODEL 3,6,E01022222,0,1
2024311453188,2024,311453188,2,9,0,-1,19,2,6,-1,0,0,0,0,0,0,1,1,-1,6,1,46,8,-1,3,4,TESLA MODEL 3,7,E01001915,0,5
2024451469784,2024,451469784,1,9,0,-1,19,2,6,-1,0,0,0,0,0,0,4,1,-1,2,2,43,7,-1,3,2,TESLA MODEL 3,10,E01016606,0,1
2024531409930,2024,531409930,1,9,0,-1,1,5,1,-1,0,0,0,0,0,0,2,9,-1,6,1,-1,-1,-1,3,2,TESLA MODEL 3,10,E01032940,0,1
2024010522116,2024,010522116,1,9,0,7,7,3,5,0,0,6,0,0,0,0,1,1,2,2,1,33,6,-1,3,2,TESLA MODEL 3,7,E01004166,0,3
2024991494502,2024,991494502,3,9,0,-1,5,8,4,-1,0,1,0,0,0,0,0,1,-1,9,2,56,9,-1,3,5,TESLA MODEL 3,7,-1,0,2
2024430534410,2024,430534410,1,9,0,18,19,2,6,0,0,0,0,0,7,10,1,1,6,6,1,27,6,-1,3,4,TESLA MODEL 3,7,E01028753,0,4
2024340NN4592,2024,340NN4592,2,9,0,-1,4,8,4,-1,0,0,0,0,0,0,2,1,-1,9,1,39,7,-1,3,5,TESLA MODEL 3,9,E01027052,0,2
2024311530401,2024,311530401,1,9,0,-1,5,1,5,-1,0,4,0,0,0,0,0,2,-1,6,1,59,9,-1,3,5,TESLA MODEL 3,9,E01032520,0,1
2024991493534,2024,991493534,2,9,0,-1,19,8,4,-1,0,0,0,0,0,0,2,1,-1,9,1,38,7,-1,3,2,TESLA MODEL 3,8,-1,0,4
2024141456756,2024,141456756,1,9,0,-1,19,1,5,-1,0,8,0,0,0,0,3,1,-1,2,1,59,9,-1,3,3,TESLA MODEL 3,1,E01007870,0,1
2024111525309,2024,111525309,2,9,0,-1,3,2,6,-1,0,4,0,0,0,0,2,1,-1,2,2,40,7,-1,3,4,TESLA MODEL 3,4,E01034490,0,1
2024991528428,2024,991528428,2,9,0,-1,19,6,1,-1,0,0,0,0,1,0,1,1,-1,9,1,57,9,-1,3,1,TESLA MODEL 3,5,-1,0,5
2024522500259,2024,522500259,2,9,0,4,4,4,8,0,0,1,0,0,0,0,1,1,6,6,2,48,8,-1,3,4,TESLA MODEL 3,10,E01014767,0,1
2024010504787,2024,010504787,1,9,0,99,99,9,9,99,99,9,9,99,9,99,1,9,6,6,1,24,5,-1,3,4,TESLA MODEL 3,6,E01002541,0,1
2024010510405,2024,010510405,2,9,0,99,99,9,9,99,99,9,9,99,9,99,9,9,6,6,1,33,6,-1,3,3,TESLA MODEL 3,4,E01003150,0,1
2024332400520,2024,332400520,2,9,0,-1,3,3,7,-1,0,0,0,0,0,0,2,1,-1,9,2,65,9,-1,3,3,TESLA MODEL 3,10,E01025794,0,4
2024031420844,2024,031420844,1,9,0,-1,13,8,4,-1,0,0,0,0,0,0,3,1,-1,2,1,54,8,-1,3,5,TESLA MODEL 3,4,E01019389,0,4
2024991464853,2024,991464853,2,9,0,-1,19,1,5,-1,0,0,0,0,0,0,2,1,-1,9,1,33,6,-1,3,3,TESLA MODEL 3,9,-1,0,4
2024141516162,2024,141516162,2,9,0,-1,19,3,7,-1,0,0,0,0,0,0,1,1,-1,6,3,-1,-1,-1,3,4,TESLA MODEL 3,1,E01007369,0,3
2024061506431,2024,061506431,1,9,0,-1,99,-1,-1,-1,9,3,0,0,0,0,3,1,-1,9,1,27,6,-1,3,0,TESLA MODEL 3,1,E01006025,0,2
2024332401129,2024,332401129,1,9,0,-1,9,4,2,-1,0,6,0,0,0,0,3,1,-1,9,2,49,8,-1,3,5,TESLA MODEL 3,9,E01025642,0,1
2024622400853,2024,622400853,2,9,0,18,19,4,8,0,0,8,0,0,0,0,1,2,1,1,1,36,7,-1,3,4,TESLA MODEL 3,3,W01001885,0,1
2024461527061,2024,461527061,2,9,0,-1,19,1,5,-1,0,8,1,10,2,0,4,1,-1,6,1,59,9,-1,3,3,TESLA MODEL 3,9,E01024147,0,1
2024041444882,2024,041444882,3,9,0,-1,2,0,0,-1,0,2,0,0,0,0,1,1,-1,6,-1,-1,-1,-1,3,1,TESLA MODEL 3,-1,-1,0,-1
2024041446744,2024,041446744,3,9,0,-1,19,3,7,-1,0,0,0,0,0,0,1,1,-1,9,1,31,6,-1,3,5,TESLA MODEL 3,2,E01025051,0,1
2024010536993,2024,010536993,1,9,0,18,19,3,7,0,0,2,0,0,0,0,1,1,6,6,1,35,6,-1,3,4,TESLA MODEL 3,3,E01034221,0,1
2024332400696,2024,332400696,1,9,0,-1,11,1,5,-1,0,3,0,0,7,0,4,1,-1,2,1,70,10,-1,3,4,TESLA MODEL 3,5,E01029504,0,4
2024010536176,2024,010536176,1,9,0,5,5,1,5,0,0,5,0,0,0,0,1,1,6,6,1,61,9,-1,3,5,TESLA MODEL 3,10,E01004690,0,1
2024411442592,2024,411442592,2,8,0,-1,19,3,7,-1,0,8,0,0,0,0,4,9,-1,1,1,36,7,-1,3,3,TESLA MODEL 3,7,E01002144,0,4
2024201448635,2024,201448635,1,9,0,-1,19,1,5,-1,0,2,0,0,0,0,4,9,-1,6,1,45,7,-1,3,3,TESLA MODEL 3,9,E01010116,0,1
2024421524533,2024,421524533,4,9,0,-1,19,1,5,-1,0,0,0,0,0,0,2,1,-1,2,1,36,7,-1,3,1,TESLA MODEL 3,8,E01024416,0,4
2024010549451,2024,010549451,1,9,0,7,7,5,7,0,0,8,0,0,0,0,4,2,1,1,1,45,7,-1,3,2,TESLA MODEL 3,2,E01004067,0,1
2024471440496,2024,471440496,3,9,0,-1,4,7,3,-1,0,1,0,0,0,0,1,1,-1,2,1,51,8,-1,3,2,TESLA MODEL 3,10,E01031487,0,4
2024061445250,2024,061445250,1,9,0,-1,14,-1,-1,-1,0,1,0,0,1,0,4,1,-1,9,1,30,6,-1,3,5,TESLA MODEL 3,3,E01006145,0,1
2024302400789,2024,302400789,4,9,0,4,4,7,3,0,0,0,0,0,0,0,2,1,6,6,1,40,7,-1,3,4,TESLA MODEL 3,9,E01034652,0,2
2024421451447,2024,421451447,2,9,0,-1,4,6,2,-1,0,0,0,0,0,0,2,1,-1,2,1,50,8,-1,3,4,TESLA MODEL 3,4,E01024281,0,4
2024010524963,2024,010524963,2,8,0,99,99,9,9,99,99,9,9,99,9,99,9,9,6,6,3,-1,-1,-1,3,2,TESLA MODEL 3,-1,-1,0,-1
2024991491065,2024,991491065,2,9,0,-1,19,8,4,-1,0,1,0,0,0,0,1,1,-1,1,2,48,8,-1,3,2,TESLA MODEL 3,7,-1,0,1
2024371511251,2024,371511251,1,3,0,-1,14,3,7,-1,0,0,1,0,0,0,1,1,-1,6,1,27,6,125,1,2,-1,5,E01026878,0,4
2024131526572,2024,131526572,1,3,0,-1,19,5,1,-1,0,0,0,0,0,0,1,1,-1,6,1,23,5,125,1,0,VOGE R 125,1,E01011917,0,1
2024430539510,2024,430539510,1,3,0,18,19,6,2,0,0,0,0,0,0,0,1,1,6,6,1,35,6,125,1,0,VOGE R 125,9,E01033503,0,1
2024221505081,2024,221505081,1,3,0,-1,19,4,1,-1,0,8,0,0,0,0,1,1,-1,6,1,19,4,125,1,0,VOGE R 125,3,E01014005,0,3
2024010550169,2024,010550169,2,3,0,14,14,1,5,0,0,1,5,0,0,0,1,1,6,6,1,19,4,125,1,0,VOGE R 125,5,E01004564,0,1
2024131530927,2024,131530927,1,3,0,-1,19,2,6,-1,0,2,0,0,0,0,1,1,-1,6,1,26,6,125,1,1,VOGE R 125,2,E01020835,0,4
2024361444739,2024,361444739,1,3,0,-1,14,6,6,-1,0,8,0,0,0,0,3,1,-1,9,1,22,5,125,1,1,VOGE R 125,5,E01026816,0,1
2024010528217,2024,010528217,2,3,0,18,19,7,3,0,0,1,0,0,0,0,1,1,6,6,1,20,4,125,1,0,VOGE R 125,9,E01003812,0,2
2024070502276,2024,070502276,1,3,0,18,19,6,2,0,0,0,0,0,1,4,1,1,6,6,1,17,4,125,1,1,VOGE R 125,2,E01018314,0,2
2024361460311,2024,361460311,1,3,0,-1,7,2,7,-1,0,1,1,0,7,0,1,1,-1,2,1,19,4,125,1,0,VOGE R 125,5,E01026693,0,1
2024052400837,2024,052400837,2,3,0,18,19,7,3,0,0,8,0,0,0,0,4,1,6,6,2,25,5,125,1,1,VOGE R 125,3,E01006743,0,1
2024991452121,2024,991452121,1,3,0,-1,13,7,2,-1,0,0,0,0,0,0,3,1,-1,9,1,36,7,125,1,1,VOGE R 125,-1,-1,0,-1
2024221526447,2024,221526447,2,4,0,-1,19,3,7,-1,0,8,0,0,0,0,1,1,-1,1,1,35,6,125,1,0,VOGE R 125,1,E01032318,0,4
2024061502378,2024,061502378,1,3,0,-1,19,7,3,-1,0,8,0,0,0,0,1,1,-1,2,1,19,4,125,1,0,VOGE R 125,2,E01006405,0,1
2024320285721,2024,320285721,1,9,0,13,13,8,4,0,0,0,1,0,1,0,1,1,-1,-1,1,27,6,4395,1,5,BMW M5,9,E01002190,0,5
2024041491094,2024,041491094,2,9,0,-1,19,5,1,-1,0,0,0,0,7,4,1,1,-1,6,2,19,4,4395,1,5,BMW M5,10,E01025441,0,1
2024421461977,2024,421461977,1,9,0,-1,13,5,1,-1,0,0,2,0,1,4,1,1,-1,9,1,54,8,4395,1,11,BMW M5,4,E01021905,0,1
2024552400555,2024,552400555,1,9,0,18,19,1,5,0,0,0,0,4,0,0,1,1,6,6,1,43,7,4395,1,1,BMW M5,6,E01015366,0,1
2024371445606,2024,371445606,1,9,0,-1,19,7,3,-1,0,0,0,0,0,0,3,1,-1,6,1,65,9,4395,1,12,BMW M5,6,E01029873,0,4
2024061426929,2024,061426929,3,9,0,-1,19,1,5,-1,0,0,1,4,1,0,1,1,-1,6,1,37,7,4395,1,5,BMW M5,-1,-1,0,-1
2024141451695,2024,141451695,1,9,0,-1,19,8,3,-1,0,0,0,0,0,0,3,1,-1,1,1,34,6,4395,1,5,BMW M5,4,E01007398,0,2
2024070142616,2024,070142616,1,9,0,13,13,5,1,0,0,0,0,0,5,7,4,1,6,6,1,-1,-1,4395,1,12,BMW M5,-1,-1,0,-1
2024221535060,2024,221535060,1,9,0,-1,19,6,4,-1,0,2,1,10,1,11,1,1,-1,1,1,26,6,4395,1,5,BMW M5,9,E01032218,0,4
2024430478977,2024,430478977,2,9,0,17,19,7,3,0,0,1,0,0,0,0,4,1,6,6,1,47,8,4395,1,11,BMW M5,10,E01027121,0,4
2024010498784,2024,010498784,1,9,0,13,13,3,7,0,0,0,0,0,0,0,1,1,6,6,1,27,6,4395,1,8,BMW M5,9,E01021786,0,3
2024031420844,2024,031420844,2,9,0,-1,13,8,4,-1,0,0,1,10,0,0,4,1,-1,2,1,55,8,4395,1,1,BMW M5,3,E01019272,0,2
2024411493976,2024,411493976,1,9,0,-1,19,5,1,-1,0,0,1,0,0,0,1,1,-1,6,3,-1,-1,4999,1,17,BMW M5,-1,-1,0,-1
2024421529878,2024,421529878,3,9,0,-1,19,7,3,-1,0,0,0,0,0,0,1,1,-1,9,1,29,6,4395,1,4,BMW M5,7,E01021334,0,1
202454D642924,2024,54D642924,1,9,0,18,19,2,7,0,0,3,1,0,0,0,1,1,6,6,1,56,9,4395,1,5,BMW M5,4,E01031980,0,1
2024451444199,2024,451444199,2,9,0,-1,19,4,8,-1,0,0,0,0,0,0,1,1,-1,1,1,32,6,4395,1,5,BMW M5,5,E01000242,0,4
2024161514516,2024,161514516,1,9,0,-1,5,7,1,-1,0,6,0,0,0,0,3,1,-1,9,2,39,7,1686,2,11,-1,7,E01026251,0,4
2024340NN4082,2024,340NN4082,3,9,0,-1,4,3,7,-1,0,8,0,0,0,0,1,1,-1,2,1,44,7,1686,2,11,-1,8,E01027097,0,3
2024541085724,2024,541085724,1,9,0,5,5,5,1,0,0,6,0,0,0,0,1,1,6,6,1,39,7,1598,1,10,-1,4,E01015511,0,1
2024471531704,2024,471531704,1,9,0,-1,19,3,6,-1,0,0,0,0,0,0,1,9,-1,6,1,22,5,1598,1,10,-1,8,E01035361,0,1
2024332400868,2024,332400868,2,5,0,-1,19,4,7,-1,0,8,1,0,0,0,1,1,-1,6,1,39,7,900,1,20,-1,9,E01025893,0,1
2024010523338,2024,010523338,3,3,0,13,13,3,7,0,0,2,0,0,0,0,3,1,6,6,1,25,5,-1,-1,-1,-1,2,E01002368,0,2
2024122400914,2024,122400914,1,17,4,9,9,6,1,0,0,5,0,0,0,0,3,1,1,1,1,17,4,-1,2,16,-1,5,E01027798,0,2
2024520002226,2024,520002226,2,5,0,18,19,2,6,0,0,0,0,0,0,0,3,1,6,6,1,59,9,937,1,1,DUCATI SUPERSPORT,7,E01014446,0,2
2024302401293,2024,302401293,2,4,0,5,5,1,5,0,0,4,0,0,0,0,1,1,6,6,3,-1,-1,937,1,7,DUCATI SUPERSPORT,5,E01019456,0,3
2024141482806,2024,141482806,2,5,0,-1,13,2,6,-1,0,0,0,0,0,0,1,1,-1,9,1,44,7,937,1,5,DUCATI SUPERSPORT,7,E01025937,0,4
2024010506205,2024,010506205,1,5,0,18,19,1,5,0,0,1,0,0,0,0,4,1,6,6,1,27,6,937,1,7,DUCATI SUPERSPORT,4,E01034033,0,1
2024010523320,2024,010523320,1,5,0,13,13,1,5,0,0,0,0,0,0,0,1,1,6,6,1,33,6,937,1,3,DUCATI SUPERSPORT,8,E01000320,0,3
2024351464787,2024,351464787,2,5,0,-1,19,6,2,-1,0,7,0,0,0,0,1,1,-1,9,1,32,6,937,1,2,DUCATI SUPERSPORT,10,E01020026,0,5
2024320631756,2024,320631756,1,3,0,-1,-1,2,6,0,0,3,0,0,0,0,2,1,-1,-1,1,59,9,937,1,7,DUCATI SUPERSPORT,10,E01026186,0,1
2024320104843,2024,320104843,1,5,0,-1,-1,6,2,0,0,7,2,0,0,0,4,1,-1,-1,1,58,9,937,1,7,DUCATI SUPERSPORT,5,E01028305,0,2
2024421405934,2024,421405934,2,5,0,-1,19,5,1,-1,0,0,0,0,0,0,2,1,-1,9,1,51,8,937,1,1,DUCATI SUPERSPORT,8,E01021620,0,4
2024430237610,2024,430237610,1,5,0,7,7,7,1,0,0,3,1,0,0,0,4,1,6,6,1,19,4,937,1,3,DUCATI SUPERSPORT,9,E01027267,0,3
2024548788324,2024,548788324,1,5,0,18,19,8,4,0,0,1,0,0,0,0,1,1,6,6,1,67,10,937,1,1,DUCATI SUPERSPORT,5,E01032066,0,3
2024451528274,2024,451528274,2,5,0,-1,19,6,2,-1,0,0,1,10,7,10,3,1,-1,2,1,53,8,937,1,6,DUCATI SUPERSPORT,9,E01022582,0,2
2024991458767,2024,991458767,1,5,0,-1,19,3,8,-1,0,0,5,0,7,9,1,1,-1,9,1,35,6,937,1,2,DUCATI SUPERSPORT,8,-1,0,5
2024430105868,2024,430105868,1,19,0,18,19,8,4,0,0,0,1,0,4,6,1,1,6,6,1,78,11,-1,-1,-1,-1,7,E01029651,0,5
2024231431421,2024,231431421,2,90,0,-1,19,1,4,-1,0,0,0,0,0,0,1,1,-1,1,1,60,9,1995,2,1,-1,8,E01031129,0,4
2024041414711,2024,041414711,2,3,0,-1,19,8,2,-1,0,1,5,0,0,0,3,1,-1,9,2,32,6,124,1,26,-1,1,E01024909,0,1
2024471487225,2024,471487225,1,3,0,-1,15,6,2,-1,0,1,0,0,0,0,4,1,-1,6,1,55,8,125,1,0,HONDA SH 125,7,E01031349,0,1
2024010551093,2024,010551093,2,3,0,18,19,7,3,0,0,0,0,0,1,11,2,1,6,6,1,24,5,125,1,2,HONDA SH 125,3,E01034204,0,2
2024010522768,2024,010522768,1,3,0,99,99,9,9,99,99,9,9,99,9,99,9,1,6,6,3,42,7,125,1,7,HONDA SH 125,7,E01023335,0,1
2024010498428,2024,010498428,1,3,9,99,99,9,9,99,99,9,9,99,9,99,1,1,1,1,1,23,5,125,1,5,HONDA SH 125,3,E01001969,0,1
2024010539294,2024,010539294,1,3,0,18,19,9,9,99,99,9,9,99,9,99,2,1,6,6,1,29,6,125,1,5,HONDA SH 125,4,E01003117,0,1
2024010527429,2024,010527429,1,3,0,18,19,7,3,0,0,0,0,0,0,0,1,1,1,1,1,58,9,125,1,9,HONDA SH 125,4,E01003372,0,1
2024451455384,2024,451455384,1,3,9,-1,13,1,3,-1,0,8,0,0,0,0,0,1,-1,2,1,41,7,125,1,3,HONDA SH 125,7,E01030949,0,1
2024522402214,2024,522402214,1,3,0,18,19,5,1,0,0,0,0,0,0,0,1,1,6,6,1,26,6,125,1,2,HONDA SH 125,-1,-1,0,-1
2024010500058,2024,010500058,1,3,0,18,19,9,9,99,99,5,9,99,9,99,9,1,6,6,3,30,6,125,1,4,HONDA SH 125,2,E01000501,0,2
2024010500530,2024,010500530,1,3,0,99,99,9,9,99,99,9,9,99,9,99,9,1,1,1,1,33,6,125,1,2,HONDA SH 125,4,E01002088,0,3
2024010498848,2024,010498848,2,3,0,18,19,7,3,0,0,1,0,0,0,0,2,1,6,6,1,30,6,125,1,2,HONDA SH 125,6,E01003698,0,1
2024010501748,2024,010501748,1,3,0,99,99,9,9,99,99,9,9,99,9,99,1,1,2,2,1,24,5,125,1,2,HONDA SH 125,2,E01001432,0,1
2024010540799,2024,010540799,2,3,0,15,15,5,1,0,0,0,0,0,0,0,1,1,2,2,1,56,9,125,1,3,HONDA SH 125,4,E01000546,0,1
2024010523914,2024,010523914,2,3,0,9,9,3,1,0,0,6,1,0,0,0,1,1,6,6,1,24,5,125,1,0,HONDA SH 125,5,E01003083,0,1