collision_index,collision_year,collision_ref_no,vehicle_reference,vehicle_type,towing_and_articulation,vehicle_manoeuvre_historic,vehicle_manoeuvre,vehicle_direction_from,vehicle_direction_to,vehicle_location_restricted_lane_historic,vehicle_location_restricted_lane,junction_location,skidding_and_overturning,hit_object_in_carriageway,vehicle_leaving_carriageway,hit_object_off_carriageway,first_point_of_impact,vehicle_left_hand_drive,journey_purpose_of_driver_historic,journey_purpose_of_driver,sex_of_driver,age_of_driver,age_band_of_driver,engine_capacity_cc,propulsion_code,age_of_vehicle,generic_make_model,driver_imd_decile,lsoa_of_driver,escooter_flag,driver_distance_banding
2024010521661,2024,010521661,1,3,9,99,99,9,9,99,99,9,9,99,9,99,9,1,1,1,1,34,6,125,1,1,HONDA SH 125,6,E01004517,0,1
2024010528737,2024,010528737,1,3,9,99,99,9,9,99,99,9,9,99,9,99,1,1,1,1,1,31,6,125,1,1,HONDA SH 125,3,E01000998,0,1
2024010494332,2024,010494332,1,3,9,99,99,9,9,99,99,9,9,99,9,99,2,1,1,1,1,24,5,125,1,1,HONDA SH 125,7,E01023682,0,3
2024010523283,2024,010523283,1,3,0,99,99,9,9,0,0,9,0,0,9,99,9,1,2,2,1,32,6,125,1,0,HONDA SH 125,5,E01001524,0,4
2024471467326,2024,471467326,1,3,0,-1,3,2,5,-1,0,1,0,0,0,0,2,1,-1,2,1,43,7,125,1,1,HONDA SH 125,6,E01016994,0,2
2024010518670,2024,010518670,2,3,0,18,19,3,7,0,0,1,0,0,7,0,1,1,6,6,1,31,6,125,1,5,HONDA SH 125,2,E01001486,0,3
2024010530194,2024,010530194,1,3,0,99,99,9,9,99,99,9,9,99,9,99,1,1,1,1,1,36,7,125,1,3,HONDA SH 125,5,E01000636,0,2
2024010542266,2024,010542266,1,3,0,99,99,9,9,99,99,9,9,99,9,99,1,1,1,1,1,48,8,125,1,2,HONDA SH 125,3,E01002672,0,3
2024010515936,2024,010515936,1,3,0,99,99,9,9,99,99,9,9,99,9,99,9,1,1,1,1,23,5,125,1,6,HONDA SH 125,4,E01000570,0,1
2024010529984,2024,010529984,2,3,0,99,99,9,9,99,99,9,9,99,9,99,9,1,1,1,1,26,6,125,1,3,HONDA SH 125,7,E01001093,0,1
2024010539069,2024,010539069,1,3,9,99,99,9,9,99,99,9,9,99,9,99,1,1,1,1,1,25,5,125,1,3,HONDA SH 125,4,E01002101,0,2
2024010544829,2024,010544829,1,3,0,99,99,9,9,99,99,9,9,99,9,99,9,1,1,1,3,35,6,125,1,9,HONDA SH 125,3,E01000499,0,2
2024401532167,2024,401532167,1,3,0,-1,19,4,8,-1,0,0,2,0,0,0,3,1,-1,6,1,29,6,125,1,7,HONDA SH 125,2,E01015774,0,2
2024010525952,2024,010525952,1,3,0,99,99,9,9,0,0,1,0,0,0,0,1,1,6,6,3,-1,-1,125,1,3,HONDA SH 125,-1,-1,0,-1
2024010503940,2024,010503940,1,3,0,99,99,9,9,99,99,0,9,99,9,99,1,1,2,2,1,27,6,125,1,4,HONDA SH 125,5,E01003934,0,1
2024010515904,2024,010515904,2,3,0,99,99,9,9,99,99,9,9,99,9,99,9,1,1,1,1,48,8,125,1,0,HONDA SH 125,3,E01001229,0,2
2024010500968,2024,010500968,1,3,0,99,99,9,9,99,99,9,9,99,9,99,9,1,1,1,2,37,7,125,1,1,HONDA SH 125,5,E01000591,0,3
2024010530884,2024,010530884,2,3,0,99,99,9,9,99,99,9,9,8,9,99,9,1,1,1,1,35,6,125,1,2,HONDA SH 125,4,E01003736,0,1
2024010515899,2024,010515899,1,3,0,99,99,9,9,99,99,0,9,99,9,99,1,1,1,1,1,21,5,125,1,4,HONDA SH 125,2,E01001957,0,3
2024010503234,2024,010503234,1,3,0,99,99,9,9,99,99,9,9,99,9,99,9,1,1,1,3,33,6,125,1,4,HONDA SH 125,1,E01002026,0,1
2024010520429,2024,010520429,2,2,0,18,19,1,5,0,0,0,0,0,0,0,1,1,6,6,1,-1,-1,125,1,4,HONDA SH 125,2,E01001944,0,1
2024010499687,2024,010499687,1,3,0,99,99,9,9,99,99,9,9,99,9,99,9,1,1,1,1,30,6,125,1,2,HONDA SH 125,5,E01001975,0,3
2024010532417,2024,010532417,1,3,0,99,99,9,9,99,99,9,9,99,9,99,9,1,1,1,3,32,6,125,1,0,HONDA SH 125,6,E01003435,0,3
2024010541022,2024,010541022,1,3,0,99,99,9,9,99,99,9,9,99,9,99,9,1,1,1,1,31,6,125,1,1,HONDA SH 125,2,E01000628,0,1
2024010506687,2024,010506687,1,3,0,99,99,9,9,99,99,9,9,99,9,99,9,1,1,1,1,34,6,125,1,1,HONDA SH 125,-1,-1,0,-1
2024421454107,2024,421454107,2,3,0,-1,19,7,3,-1,0,8,0,0,0,0,4,1,-1,1,1,18,4,125,1,4,HONDA SH 125,2,E01015917,0,2
2024010516681,2024,010516681,1,3,0,99,99,9,9,99,99,9,9,99,9,99,9,1,2,2,1,37,7,125,1,13,HONDA SH 125,3,E01002046,0,1
2024552400401,2024,552400401,2,3,0,18,19,5,1,0,0,8,0,0,0,0,1,1,6,6,1,31,6,125,1,9,HONDA SH 125,3,E01015310,0,2
2024010536560,2024,010536560,1,3,0,99,99,9,9,99,99,9,9,99,9,99,1,1,1,1,1,22,5,125,1,2,HONDA SH 125,5,E01003721,0,2
2024552401205,2024,552401205,2,3,0,18,19,8,4,0,0,8,0,0,0,0,1,1,6,6,1,50,8,125,1,0,HONDA SH 125,4,E01033241,0,1
2024010519087,2024,010519087,2,3,0,18,19,3,7,0,0,0,1,0,0,0,0,1,1,1,1,49,8,125,1,2,HONDA SH 125,4,E01003412,0,1
2024010506904,2024,010506904,1,3,0,5,5,3,7,0,0,1,1,0,0,0,1,1,6,6,1,17,4,125,1,1,HONDA SH 125,4,E01003412,0,1
2024430320251,2024,430320251,1,3,0,18,19,3,7,0,0,0,0,0,0,0,1,1,1,1,1,32,6,125,1,0,HONDA SH 125,6,E01028558,0,1
2024010508545,2024,010508545,1,3,0,99,99,9,9,99,99,9,9,99,9,99,9,1,6,6,2,26,6,125,1,3,HONDA SH 125,9,E01000210,0,1
2024010522606,2024,010522606,1,3,0,99,99,9,9,99,99,9,9,99,9,99,9,1,1,1,1,44,7,125,1,2,HONDA SH 125,7,E01032739,0,1
2024101429161,2024,101429161,1,4,-1,-1,11,-1,5,-1,0,0,0,0,0,0,4,1,-1,1,1,-1,-1,125,1,1,HONDA SH 125,-1,-1,0,-1
2024010542571,2024,010542571,2,3,0,14,14,1,5,0,0,2,5,0,0,0,1,1,6,6,1,23,5,125,1,2,HONDA SH 125,4,E01035484,0,1
2024411402938,2024,411402938,1,3,0,-1,14,7,3,-1,0,0,0,0,0,0,1,1,-1,6,1,21,5,125,1,4,HONDA SH 125,4,E01000608,0,3
2024010535071,2024,010535071,1,3,0,99,99,9,9,99,99,9,9,99,9,99,9,1,2,2,1,43,7,125,1,0,HONDA SH 125,3,E01017191,0,4
2024010539329,2024,010539329,2,3,0,4,4,5,1,0,0,1,1,0,0,0,2,1,6,6,1,43,7,125,1,1,HONDA SH 125,5,E01033788,0,1
2024010512563,2024,010512563,1,3,0,99,99,9,9,99,99,9,9,99,9,99,9,1,1,1,1,25,5,125,1,3,HONDA SH 125,6,E01000705,0,3
2024010515826,2024,010515826,1,3,0,18,19,7,3,0,0,0,0,0,0,0,0,1,6,6,1,-1,-1,125,1,4,HONDA SH 125,7,E01002582,0,1
2024010523341,2024,010523341,1,3,0,99,99,9,9,99,99,9,9,99,9,99,9,1,1,1,1,52,8,125,1,3,HONDA SH 125,2,E01001427,0,1
2024010502898,2024,010502898,1,3,0,18,19,1,5,0,0,1,0,0,0,0,1,1,2,2,1,16,4,125,1,5,HONDA SH 125,2,E01002096,0,2
2024010511271,2024,010511271,1,3,0,18,19,5,1,0,0,1,1,0,0,0,1,1,1,1,1,39,7,125,1,1,HONDA SH 125,3,E01004718,0,1
2024101409201,2024,101409201,2,3,0,-1,19,6,2,-1,0,0,0,0,0,0,1,1,-1,1,1,27,6,125,1,1,HONDA SH 125,4,E01008445,0,1
2024010519732,2024,010519732,1,3,0,18,19,1,5,0,0,1,0,0,0,0,2,1,1,1,1,44,7,125,1,1,HONDA SH 125,6,E01002329,0,1
2024010525717,2024,010525717,1,3,0,99,99,9,9,99,99,9,9,99,9,99,9,1,6,6,3,20,4,125,1,1,HONDA SH 125,2,E01001447,0,3
2024010523472,2024,010523472,1,3,9,99,99,9,9,99,99,9,9,99,9,99,1,1,1,1,1,20,4,125,1,1,HONDA SH 125,2,E01001447,0,4
2024010528495,2024,010528495,1,3,0,18,19,5,1,0,0,1,0,0,0,0,1,1,6,6,1,29,6,125,1,4,HONDA SH 125,7,E01004634,0,2
2024010504583,2024,010504583,1,3,0,99,99,9,9,99,99,9,9,99,9,99,9,1,1,1,1,34,6,125,1,6,HONDA SH 125,6,E01002656,0,2
2024131520855,2024,131520855,2,3,0,-1,19,5,1,-1,9,3,1,0,3,0,3,1,-1,9,1,22,5,125,1,3,HONDA SH 125,3,E01035042,0,1
2024010534720,2024,010534720,2,3,0,5,5,7,3,0,0,6,0,0,0,0,1,1,6,6,1,46,8,125,1,0,HONDA SH 125,2,E01033327,0,1
2024010504886,2024,010504886,1,3,0,99,99,9,9,99,99,9,9,99,9,99,2,1,1,1,1,33,6,125,1,1,HONDA SH 125,6,E01002680,0,1
2024010525521,2024,010525521,2,3,0,18,19,7,3,0,0,2,5,0,0,0,3,1,2,2,1,48,8,125,1,10,HONDA SH 125,3,E01035660,0,1
2024010510954,2024,010510954,1,3,0,99,99,9,9,99,99,9,9,99,9,99,9,1,1,1,1,41,7,125,1,8,HONDA SH 125,3,E01004010,0,3
2024010541403,2024,010541403,2,3,9,99,99,9,9,99,99,9,9,99,9,99,9,1,6,6,3,31,6,125,1,2,HONDA SH 125,4,E01000245,0,1
2024052401666,2024,052401666,2,3,0,18,19,5,1,0,0,1,0,0,0,0,1,1,1,1,2,34,6,125,1,2,HONDA SH 125,6,E01007037,0,1
2024010517708,2024,010517708,1,3,0,99,99,9,9,99,99,9,9,99,9,99,9,1,2,2,1,25,5,125,1,11,HONDA SH 125,3,E01004405,0,1
2024430482726,2024,430482726,1,3,0,3,3,6,2,0,0,0,0,0,0,0,1,1,1,1,1,48,8,125,1,4,HONDA SH 125,4,E01016360,0,1
2024471415572,2024,471415572,1,3,0,-1,3,3,7,-1,0,1,0,0,0,0,1,1,-1,1,2,33,6,125,1,3,HONDA SH 125,6,E01016963,0,1
2024010510921,2024,010510921,1,3,0,99,99,9,9,99,99,9,9,99,9,99,9,1,6,6,1,23,5,125,1,9,HONDA SH 125,3,E01004257,0,1
2024010517589,2024,010517589,2,3,0,18,19,5,1,0,0,1,0,0,0,0,1,1,6,6,1,27,6,125,1,3,HONDA SH 125,2,E01003601,0,1
2024010528328,2024,010528328,2,3,0,3,3,3,7,0,0,1,0,0,0,0,2,1,1,1,2,46,8,125,1,0,HONDA SH 125,2,E01001911,0,1
2024010543519,2024,010543519,1,3,0,99,99,9,9,99,99,9,9,99,9,99,9,1,1,1,3,30,6,125,1,3,HONDA SH 125,5,E01001524,0,4
2024010504415,2024,010504415,1,3,0,99,99,9,9,99,99,9,9,99,9,99,9,1,6,6,1,36,7,125,1,2,HONDA SH 125,3,E01000556,0,1
2024451426938,2024,451426938,2,3,0,-1,14,6,2,-1,0,8,5,0,0,0,1,1,-1,6,1,30,6,125,1,5,HONDA SH 125,-1,-1,0,-1
2024010516037,2024,010516037,2,3,0,18,19,1,5,0,0,8,0,0,0,0,1,1,6,6,1,25,5,125,1,10,HONDA SH 125,5,E01002621,0,1
2024471405919,2024,471405919,1,3,0,-1,19,6,2,-1,2,1,0,99,0,0,1,1,-1,1,1,36,7,125,1,5,HONDA SH 125,3,E01016873,0,1
2024010506109,2024,010506109,2,3,0,9,9,1,6,0,0,1,0,0,0,0,1,1,1,1,1,25,5,125,1,3,HONDA SH 125,7,E01004134,0,2
2024070484728,2024,070484728,2,3,0,18,19,1,5,0,0,0,0,0,0,0,1,1,6,6,2,55,8,125,1,3,HONDA SH 125,4,E01018549,0,1
2024010516886,2024,010516886,1,3,0,99,99,9,9,99,99,0,9,99,9,99,9,1,1,1,1,34,6,125,1,2,HONDA SH 125,2,E01001625,0,2
2024010527557,2024,010527557,2,4,0,18,19,5,1,0,0,5,1,0,0,0,1,1,6,6,1,41,7,125,1,4,HONDA SH 125,2,E01001250,0,1
2024010508929,2024,010508929,1,3,0,99,99,9,9,99,99,9,9,99,9,99,9,1,6,6,1,35,6,125,1,1,HONDA SH 125,2,E01003300,0,3
2024010535067,2024,010535067,1,3,0,99,99,9,9,99,99,9,9,99,9,99,1,1,1,1,1,38,7,125,1,3,HONDA SH 125,2,E01002076,0,1
2024010501995,2024,010501995,1,3,0,99,99,9,9,99,99,9,9,99,9,99,9,1,1,1,1,55,8,125,1,4,HONDA SH 125,9,E01015982,0,3
2024010529974,2024,010529974,1,3,0,99,99,9,9,99,99,9,9,99,9,99,9,1,1,1,1,42,7,125,1,0,HONDA SH 125,5,E01001658,0,2
2024010540608,2024,010540608,1,3,0,99,99,9,9,99,99,9,9,99,9,99,9,1,2,2,1,34,6,125,1,0,HONDA SH 125,5,E01003259,0,2
2024010504176,2024,010504176,1,3,0,99,99,9,9,99,99,9,9,99,9,99,9,1,1,1,3,46,8,125,1,1,HONDA SH 125,2,E01001976,0,1
2024010511688,2024,010511688,1,3,0,15,15,5,1,0,0,1,0,0,0,0,2,1,6,6,1,30,6,125,1,2,HONDA SH 125,5,E01003378,0,1
2024010517389,2024,010517389,1,3,0,18,19,7,3,0,0,1,0,0,0,0,1,1,1,1,1,43,7,125,1,8,HONDA SH 125,7,E01003753,0,1
2024010535759,2024,010535759,1,3,0,99,99,9,9,99,99,9,9,99,9,99,9,1,1,1,3,46,8,125,1,2,HONDA SH 125,1,E01017280,0,5
2024451418566,2024,451418566,1,3,9,-1,19,1,5,-1,0,1,0,0,0,0,3,1,-1,6,2,24,5,125,1,2,HONDA SH 125,10,E01016575,0,1
2024010497792,2024,010497792,1,3,0,99,99,9,9,99,99,9,9,99,9,99,9,1,6,6,1,30,6,125,1,2,HONDA SH 125,4,E01004124,0,1
2024010520088,2024,010520088,1,3,0,99,99,9,9,99,99,0,9,99,9,99,9,1,1,1,1,47,8,125,1,1,HONDA SH 125,3,E01001136,0,2
2024010536946,2024,010536946,1,3,0,99,99,9,9,99,99,9,9,99,9,99,9,1,1,1,3,37,7,125,1,1,HONDA SH 125,3,E01000641,0,2
2024010507757,2024,010507757,1,3,0,18,19,9,9,99,99,0,9,99,9,99,1,1,2,2,1,17,4,125,1,0,HONDA SH 125,7,E01034187,0,1
2024010518926,2024,010518926,1,3,9,99,99,9,9,99,99,1,9,99,9,99,9,1,6,6,3,34,6,125,1,0,HONDA SH 125,2,E01001151,0,2
2024010502196,2024,010502196,1,3,0,99,99,9,9,99,99,9,9,99,9,99,1,1,1,1,1,22,5,125,1,4,HONDA SH 125,4,E01000644,0,1
2024552401106,2024,552401106,2,3,0,18,19,3,5,0,0,8,0,0,0,0,3,1,2,2,1,33,6,125,1,3,HONDA SH 125,9,E01034373,0,2
2024010496502,2024,010496502,1,3,0,13,13,7,3,0,0,0,0,0,0,0,2,1,6,6,3,-1,-1,125,1,3,HONDA SH 125,-1,-1,0,-1
2024010547068,2024,010547068,1,3,9,99,99,9,9,99,99,9,9,99,9,99,9,1,1,1,1,29,6,125,1,6,HONDA SH 125,2,E01002090,0,1
2024010524370,2024,010524370,2,3,0,18,19,4,8,2,2,1,0,0,0,0,3,1,1,1,1,60,9,125,1,7,HONDA SH 125,2,E01002852,0,1
2024522403002,2024,522403002,2,3,0,18,19,2,6,0,0,8,0,0,0,0,1,1,6,6,1,28,6,125,1,3,HONDA SH 125,-1,-1,0,-1
2024010526859,2024,010526859,1,3,0,18,19,3,7,2,2,0,0,0,0,0,3,1,6,6,1,23,5,125,1,5,HONDA SH 125,7,E01001208,0,3
2024010499653,2024,010499653,1,3,0,99,99,9,9,99,99,9,9,99,9,99,1,1,2,2,2,26,6,125,1,1,HONDA SH 125,4,E01000490,0,3
2024010509826,2024,010509826,1,3,0,18,19,7,3,0,0,1,0,0,0,0,1,1,6,6,1,25,5,125,1,0,HONDA SH 125,9,E01030685,0,4
2024010530128,2024,010530128,2,9,0,9,9,1,7,0,0,8,0,0,0,0,1,2,6,6,1,43,7,125,1,0,HONDA SH 125,6,E01001149,0,1
2024010495042,2024,010495042,2,3,0,5,5,5,1,0,0,0,0,0,0,0,1,1,6,6,1,35,6,125,1,5,HONDA SH 125,5,E01000592,0,1
2024332400079,2024,332400079,1,3,0,-1,15,5,1,-1,0,1,0,0,1,0,3,1,-1,1,1,23,5,125,1,3,HONDA SH 125,9,E01025901,0,1
2024010525944,2024,010525944,1,3,0,18,19,3,7,8,6,8,0,0,0,0,1,1,1,1,1,38,7,125,1,2,HONDA SH 125,4,E01001376,0,1
2024010530391,2024,010530391,1,3,0,99,99,9,9,99,99,9,9,99,9,99,9,1,1,1,3,35,6,125,1,1,HONDA SH 125,3,E01003634,0,4
2024010556782,2024,010556782,1,3,9,4,4,5,1,0,0,0,9,99,9,99,2,1,1,1,1,27,6,125,1,3,HONDA SH 125,2,E01001559,0,1
2024010509217,2024,010509217,1,3,0,99,99,9,9,99,99,9,9,99,9,99,1,1,1,1,1,28,6,125,1,0,HONDA SH 125,4,E01003209,0,2
2024010515243,2024,010515243,2,3,0,13,13,7,3,0,0,1,0,0,0,0,4,1,6,6,1,33,6,125,1,7,HONDA SH 125,2,E01003174,0,1
2024010501963,2024,010501963,1,3,0,99,99,9,9,99,99,9,9,99,9,99,9,1,1,1,1,44,7,125,1,2,HONDA SH 125,5,E01004624,0,2
2024010551217,2024,010551217,1,3,9,99,99,9,9,99,99,9,9,99,9,99,1,1,1,1,1,30,6,125,1,1,HONDA SH 125,7,E01002927,0,1
2024010490848,2024,010490848,1,3,0,99,99,9,9,99,99,1,9,99,9,99,9,1,1,1,3,27,6,125,1,6,HONDA SH 125,3,E01000578,0,2
2024010548653,2024,010548653,1,3,0,18,19,1,5,0,0,8,1,4,0,0,1,1,6,6,1,28,6,125,1,5,HONDA SH 125,6,E01000825,0,1
2024010546484,2024,010546484,1,3,9,99,99,9,9,99,99,0,9,99,9,99,9,1,6,6,1,36,7,125,1,1,HONDA SH 125,2,E01000052,0,3
2024010536408,2024,010536408,1,3,0,99,99,9,9,99,99,9,9,99,9,99,9,1,1,1,1,21,5,125,1,4,HONDA SH 125,7,E01000993,0,3
2024010506161,2024,010506161,3,2,0,13,13,5,1,0,0,1,5,0,7,0,1,1,6,6,3,-1,-1,125,1,4,HONDA SH 125,-1,-1,0,-1
2024461475951,2024,461475951,2,3,0,-1,19,1,5,-1,0,0,0,0,0,0,1,1,-1,6,1,32,6,125,1,13,HONDA SH 125,4,E01024279,0,1
2024010506689,2024,010506689,1,3,0,99,99,9,9,99,99,9,9,99,9,99,9,1,6,6,3,24,5,125,1,0,HONDA SH 125,5,E01001524,0,4
2024010524504,2024,010524504,1,3,9,99,99,9,9,99,99,9,9,99,9,99,1,1,1,1,1,47,8,125,1,9,HONDA SH 125,1,E01002040,0,1
2024052400825,2024,052400825,2,3,0,4,4,8,4,0,0,1,0,0,0,0,2,1,1,1,1,27,6,125,1,6,HONDA SH 125,1,E01006450,0,1
2024010497568,2024,010497568,1,3,9,99,99,9,9,99,99,9,9,99,9,99,9,1,6,6,3,-1,-1,125,1,4,HONDA SH 125,-1,-1,0,-1
2024010510128,2024,010510128,1,3,0,99,99,9,9,99,99,9,9,99,9,99,1,1,2,2,1,38,7,125,1,7,HONDA SH 125,4,E01001047,0,2
2024010505198,2024,010505198,1,3,0,18,19,4,8,0,0,8,0,0,0,0,1,1,6,6,1,22,5,125,1,8,HONDA SH 125,5,E01002361,0,1
2024011507926,2024,011507926,1,3,0,-1,19,5,1,-1,0,0,0,0,0,0,1,1,-1,6,1,34,6,125,1,5,HONDA SH 125,-1,-1,0,-1
2024471533831,2024,471533831,1,3,0,-1,19,6,2,-1,0,1,0,0,0,0,1,1,-1,6,1,45,7,125,1,0,HONDA SH 125,7,E01016862,0,1
2024010518972,2024,010518972,1,3,0,99,99,9,9,99,99,9,9,99,9,99,0,1,6,6,1,-1,-1,125,1,1,HONDA SH 125,3,E01003154,0,2
2024421438208,2024,421438208,2,3,0,-1,19,1,5,-1,0,1,0,0,0,0,1,1,-1,9,1,31,6,125,1,4,HONDA SH 125,2,E01003048,0,4
2024440340769,2024,440340769,2,3,0,3,3,6,2,0,0,0,0,0,0,0,2,1,1,1,1,42,7,125,1,2,HONDA SH 125,4,E01017192,0,1
2024010523646,2024,010523646,2,3,0,99,99,9,9,99,99,9,9,99,9,99,9,1,1,1,3,22,5,125,1,0,HONDA SH 125,1,E01002040,0,3
2024010507866,2024,010507866,2,3,0,5,5,5,1,0,0,0,0,0,0,0,0,1,6,6,1,26,6,125,1,8,HONDA SH 125,3,E01004645,0,1
2024430508787,2024,430508787,2,3,0,18,19,8,4,9,9,8,0,0,0,0,1,1,6,6,1,-1,-1,125,1,2,HONDA SH 125,-1,-1,0,-1
2024010498256,2024,010498256,1,3,0,99,99,9,9,99,99,1,9,99,9,99,9,1,6,6,3,20,4,125,1,6,HONDA SH 125,2,E01001439,0,3
2024010487004,2024,010487004,1,3,0,18,19,5,1,0,0,1,0,0,0,0,1,1,1,1,1,55,8,125,1,1,HONDA SH 125,5,E01004631,0,2
2024010525141,2024,010525141,2,3,0,11,11,7,3,0,0,0,1,0,1,0,2,1,6,6,1,38,7,125,1,11,HONDA SH 125,4,E01003534,0,1
2024010535396,2024,010535396,2,3,0,18,19,5,1,2,2,1,0,0,0,0,4,1,2,2,2,20,4,125,1,3,HONDA SH 125,2,E01004535,0,1
2024010521129,2024,010521129,2,3,0,4,4,7,3,0,0,1,0,0,0,0,4,1,6,6,1,28,6,125,1,2,HONDA SH 125,-1,-1,0,-1
2024430291125,2024,430291125,1,3,0,18,19,8,4,0,0,8,0,0,0,0,1,1,6,6,1,25,5,125,1,5,HONDA SH 125,10,E01016575,0,1
2024010536810,2024,010536810,1,3,9,99,99,9,9,99,99,9,9,99,9,99,9,1,1,1,1,26,6,125,1,4,HONDA SH 125,2,E01001515,0,1
2024010506456,2024,010506456,1,3,0,99,99,9,9,99,99,9,9,99,9,99,9,1,1,1,1,38,7,125,1,1,HONDA SH 125,4,E01002088,0,1
2024010521444,2024,010521444,1,3,0,18,19,7,3,0,0,0,0,0,0,0,4,1,6,6,1,27,6,125,1,5,HONDA SH 125,4,E01001478,0,1
2024010511944,2024,010511944,1,3,0,3,3,3,7,0,0,0,0,0,0,0,1,1,6,6,1,22,5,125,1,1,HONDA SH 125,6,E01000238,0,1
2024010511898,2024,010511898,2,3,0,18,19,3,7,0,0,1,0,0,0,0,1,1,2,2,1,23,5,125,1,6,HONDA SH 125,5,E01001240,0,1
2024010525638,2024,010525638,1,3,0,9,9,3,1,0,0,8,0,0,0,0,3,1,1,1,1,22,5,125,1,0,HONDA SH 125,7,E01001160,0,2
2024010509966,2024,010509966,1,3,0,18,19,7,3,0,0,1,0,0,0,0,0,1,6,6,1,42,7,125,1,8,HONDA SH 125,4,E01003518,0,3
2024010551486,2024,010551486,1,3,0,14,14,3,7,0,0,8,5,0,0,0,4,1,6,6,1,32,6,125,1,2,HONDA SH 125,2,E01002100,0,1
2024010545000,2024,010545000,1,3,9,3,3,9,9,99,99,9,9,99,9,99,9,1,1,1,3,27,6,125,1,0,HONDA SH 125,3,E01003154,0,2
2024010541810,2024,010541810,1,3,0,99,99,9,9,99,99,9,9,99,9,99,1,1,1,1,1,21,5,125,1,3,HONDA SH 125,9,E01000656,0,3
2024461514502,2024,461514502,1,3,0,-1,19,6,7,-1,0,0,0,0,0,0,3,1,-1,9,1,32,6,125,1,7,HONDA SH 125,-1,-1,0,-1
2024010506888,2024,010506888,1,3,0,99,99,9,9,99,99,0,9,99,9,99,9,1,1,1,3,30,6,125,1,2,HONDA SH 125,4,E01004124,0,2
2024010490515,2024,010490515,1,3,0,99,99,9,9,99,99,9,9,99,9,99,9,1,1,1,1,39,7,125,1,3,HONDA SH 125,2,E01003197,0,2
2024522401491,2024,522401491,1,3,0,18,19,6,2,0,0,1,0,10,0,0,4,1,6,6,1,57,9,125,1,3,HONDA SH 125,3,E01014690,0,1
2024991396177,2024,991396177,2,3,0,-1,3,8,3,-1,0,4,5,0,0,0,2,1,-1,6,1,31,6,125,1,3,HONDA SH 125,1,-1,0,2
2024010527562,2024,010527562,1,3,0,7,7,5,8,0,0,8,0,0,0,0,1,1,1,1,1,34,6,125,1,0,HONDA SH 125,3,E01004305,0,2
2024010545220,2024,010545220,2,3,9,14,14,9,9,99,99,1,9,99,9,99,9,1,6,6,1,-1,-1,125,1,4,HONDA SH 125,5,E01001933,0,1
2024010518007,2024,010518007,2,3,0,18,19,1,5,0,0,5,0,0,0,0,3,1,1,1,2,23,5,125,1,4,HONDA SH 125,5,E01001615,0,3
2024010528823,2024,010528823,1,3,0,99,99,9,9,99,99,9,9,99,9,99,1,1,6,6,1,33,6,125,1,0,HONDA SH 125,2,E01002090,0,3
2024010518169,2024,010518169,1,3,0,99,99,9,9,99,99,9,9,99,9,99,1,1,1,1,1,23,5,125,1,2,HONDA SH 125,6,E01000555,0,1
2024010513280,2024,010513280,1,3,0,99,99,9,9,99,99,9,9,99,9,99,9,1,2,2,1,24,5,125,1,5,HONDA SH 125,4,E01000489,0,2
2024010545530,2024,010545530,1,3,0,18,19,5,1,0,0,1,0,0,0,0,1,1,6,6,1,33,6,125,1,2,HONDA SH 125,2,E01004541,0,1
2024010506533,2024,010506533,1,3,0,99,99,9,9,99,99,0,9,99,9,99,9,1,2,2,1,32,6,125,1,0,HONDA SH 125,5,E01001524,0,4
2024010518935,2024,010518935,2,3,0,18,19,7,3,0,0,6,0,0,0,0,1,1,2,2,1,54,8,125,1,2,HONDA SH 125,10,E01030377,0,2
2024010528073,2024,010528073,1,3,0,18,19,3,7,0,0,1,2,0,0,0,1,1,6,6,1,26,6,125,1,0,HONDA SH 125,3,E01035681,0,2
2024411401218,2024,411401218,1,4,0,-1,19,2,6,-1,0,0,0,0,0,0,1,1,-1,6,1,22,5,125,1,2,HONDA SH 125,3,E01001980,0,4