collision_index,collision_year,collision_ref_no,vehicle_reference,vehicle_type,towing_and_articulation,vehicle_manoeuvre_historic,vehicle_manoeuvre,vehicle_direction_from,vehicle_direction_to,vehicle_location_restricted_lane_historic,vehicle_location_restricted_lane,junction_location,skidding_and_overturning,hit_object_in_carriageway,vehicle_leaving_carriageway,hit_object_off_carriageway,first_point_of_impact,vehicle_left_hand_drive,journey_purpose_of_driver_historic,journey_purpose_of_driver,sex_of_driver,age_of_driver,age_band_of_driver,engine_capacity_cc,propulsion_code,age_of_vehicle,generic_make_model,driver_imd_decile,lsoa_of_driver,escooter_flag,driver_distance_banding
2024371471252,2024,371471252,1,3,0,-1,15,3,7,-1,0,0,0,0,0,0,1,1,-1,2,1,24,5,125,1,13,HONDA SH 125,3,E01029916,0,3
2024010527937,2024,010527937,2,3,0,18,19,9,9,99,99,9,9,99,9,99,1,1,1,1,1,25,5,125,1,11,HONDA SH 125,3,E01002102,0,3
2024010544912,2024,010544912,1,3,0,11,11,3,7,9,9,0,5,10,6,0,1,1,6,6,1,20,4,125,1,3,HONDA SH 125,5,E01024122,0,4
2024010506332,2024,010506332,1,3,0,99,99,9,9,99,99,9,9,99,9,99,9,1,1,1,1,25,5,125,1,5,HONDA SH 125,10,E01016575,0,2
2024010513158,2024,010513158,1,3,0,99,99,9,9,99,99,9,9,99,9,99,9,1,6,6,1,20,4,125,1,4,HONDA SH 125,1,E01000524,0,2
2024052401652,2024,052401652,2,3,0,2,2,0,0,0,0,0,0,0,0,0,1,1,6,6,1,31,6,125,1,3,HONDA SH 125,1,E01007048,0,1
2024440433128,2024,440433128,2,3,0,3,3,1,5,0,0,4,0,0,0,0,2,1,1,1,1,34,6,125,1,2,HONDA SH 125,1,E01017274,0,2
2024010513313,2024,010513313,1,3,9,99,99,9,9,99,99,9,9,99,9,99,9,1,1,1,1,27,6,125,1,4,HONDA SH 125,3,E01000642,0,2
2024010542945,2024,010542945,1,3,0,99,99,9,9,99,99,9,9,99,9,99,2,9,1,1,1,37,7,125,1,2,HONDA SH 125,8,E01003455,0,1
2024440417434,2024,440417434,1,3,0,18,19,7,3,4,4,0,0,0,0,0,1,1,1,1,1,31,6,125,1,1,HONDA SH 125,4,E01017235,0,1
2024010510063,2024,010510063,1,3,0,6,6,3,8,0,0,0,5,0,0,0,2,1,6,6,1,19,4,125,1,4,HONDA SH 125,3,E01001943,0,2
2024010514189,2024,010514189,1,3,0,18,19,9,9,99,99,0,9,99,9,99,9,1,1,1,1,22,5,125,1,4,HONDA SH 125,4,E01000644,0,1
2024010540938,2024,010540938,2,2,0,18,19,7,3,0,0,0,0,0,0,0,1,1,6,6,1,36,7,125,1,6,HONDA SH 125,5,E01000037,0,1
2024451499493,2024,451499493,1,3,0,-1,19,5,1,-1,0,0,5,0,0,0,4,1,-1,1,1,40,7,125,1,3,HONDA SH 125,2,E01003197,0,3
2024010526428,2024,010526428,2,3,0,99,99,9,9,99,99,5,9,99,9,99,1,9,6,6,3,-1,-1,125,1,0,HONDA SH 125,-1,-1,0,-1
2024010510859,2024,010510859,1,3,0,99,99,9,9,99,99,9,9,99,9,99,9,1,1,1,1,44,7,125,1,2,HONDA SH 125,3,E01001111,0,2
2024451454176,2024,451454176,2,3,0,-1,19,5,1,-1,0,1,1,0,0,0,4,1,-1,9,1,22,5,125,1,2,HONDA SH 125,9,E01030485,0,2
2024010542068,2024,010542068,1,3,0,99,99,9,9,99,99,9,9,99,9,99,9,1,2,2,1,42,7,125,1,4,HONDA SH 125,7,E01000822,0,1
2024451478266,2024,451478266,1,3,0,-1,19,7,3,-1,0,1,5,0,0,0,1,1,-1,1,1,32,6,125,1,4,HONDA SH 125,4,E01003376,0,3
2024010522414,2024,010522414,1,3,0,99,99,9,9,99,99,9,9,99,9,99,1,1,1,1,3,25,5,125,1,2,HONDA SH 125,8,E01000413,0,4
2024010496189,2024,010496189,2,3,0,18,19,5,1,0,0,1,0,0,0,0,3,1,6,6,1,22,5,125,1,11,HONDA SH 125,3,E01001645,0,1
2024351524725,2024,351524725,2,3,-1,-1,-1,-1,-1,-1,-1,-1,-1,-1,-1,0,1,1,-1,1,1,47,8,125,1,2,HONDA SH 125,6,E01035549,0,1
2024010535991,2024,010535991,1,3,0,18,19,5,1,0,0,0,0,0,0,0,1,1,6,6,1,23,5,125,1,2,HONDA SH 125,3,E01015986,0,4
2024010512726,2024,010512726,1,3,0,99,99,9,9,99,99,9,9,99,9,99,1,1,1,1,1,32,6,125,1,3,HONDA SH 125,3,E01003924,0,3
2024010517478,2024,010517478,2,3,0,99,99,9,9,99,99,9,9,99,9,99,9,1,1,1,1,31,6,125,1,9,HONDA SH 125,3,E01001492,0,1
2024010534472,2024,010534472,1,3,0,18,19,1,5,0,0,0,0,0,0,0,3,1,6,6,1,42,7,125,1,2,HONDA SH 125,7,E01003064,0,2
2024010517047,2024,010517047,1,3,0,99,99,9,9,99,99,9,9,99,9,99,9,1,2,2,1,37,7,125,1,1,HONDA SH 125,2,E01001487,0,4
2024411452425,2024,411452425,2,3,0,-1,-1,-1,-1,-1,-1,-1,-1,-1,-1,0,4,1,-1,2,1,28,6,125,1,2,HONDA SH 125,7,E01033023,0,1
2024010507920,2024,010507920,1,3,0,99,99,9,9,99,99,9,9,99,9,99,9,1,1,1,1,28,6,125,1,3,HONDA SH 125,3,E01003079,0,2
2024010546324,2024,010546324,1,3,0,99,99,9,9,99,99,9,9,99,9,99,9,1,1,1,3,24,5,125,1,4,HONDA SH 125,5,E01003131,0,2
2024010531197,2024,010531197,2,2,0,18,19,3,7,0,0,0,0,0,0,0,2,1,1,1,1,43,7,125,1,6,HONDA SH 125,7,E01004635,0,1
2024430352275,2024,430352275,2,3,0,4,4,4,8,0,0,0,0,0,0,0,4,1,2,2,1,37,7,125,1,3,HONDA SH 125,9,E01028491,0,2
2024010510728,2024,010510728,1,3,0,14,14,5,1,0,0,1,0,0,0,0,1,1,2,2,1,18,4,125,1,5,HONDA SH 125,5,E01002394,0,1
2024010525143,2024,010525143,1,3,0,18,19,1,5,0,0,0,5,0,1,0,1,1,6,6,1,18,4,125,1,3,HONDA SH 125,-1,-1,0,-1
2024010515113,2024,010515113,1,3,0,7,7,6,8,0,0,0,0,0,1,0,2,1,1,1,1,27,6,125,1,2,HONDA SH 125,-1,-1,0,-1
2024010510015,2024,010510015,2,3,0,3,3,1,5,0,0,4,0,0,0,0,2,1,6,6,1,51,8,125,1,8,HONDA SH 125,4,E01002079,0,3
2024010524377,2024,010524377,1,3,0,14,14,1,5,0,0,0,0,0,0,0,4,1,6,6,1,21,5,125,1,4,HONDA SH 125,7,E01000414,0,1
2024010489905,2024,010489905,1,3,0,99,99,9,9,99,99,9,9,99,9,99,1,1,6,6,1,24,5,125,1,3,HONDA SH 125,6,E01000705,0,1
2024010527675,2024,010527675,1,3,0,18,19,1,5,2,2,1,0,0,0,0,3,1,6,6,1,33,6,125,1,5,HONDA SH 125,3,E01032574,0,1
2024010529790,2024,010529790,1,3,0,18,19,1,5,0,0,1,0,0,0,0,1,1,6,6,1,21,5,125,1,3,HONDA SH 125,4,E01000531,0,1
2024010530213,2024,010530213,1,3,0,18,19,9,9,99,99,0,9,8,9,99,9,1,1,1,3,29,6,125,1,2,HONDA SH 125,6,E01002138,0,3
2024010515969,2024,010515969,1,3,0,99,99,9,9,99,99,9,9,99,9,99,9,1,1,1,1,35,6,125,1,7,HONDA SH 125,2,E01003511,0,3
2024010503415,2024,010503415,1,3,0,99,99,9,9,99,99,9,9,99,9,99,9,1,1,1,1,38,7,125,1,9,HONDA SH 125,2,E01002075,0,4
2024010508522,2024,010508522,1,2,0,18,19,7,3,0,0,1,1,0,1,0,0,1,1,1,1,43,7,125,1,8,HONDA SH 125,-1,-1,0,-1
2024010506022,2024,010506022,1,3,0,99,99,9,9,99,99,9,9,99,9,99,1,1,6,6,1,26,6,125,1,7,HONDA SH 125,4,E01002101,0,2
2024010532888,2024,010532888,2,3,0,18,19,3,7,0,0,2,0,0,0,0,4,1,2,2,1,19,4,125,1,6,HONDA SH 125,3,E01001440,0,1
2024010507844,2024,010507844,1,3,0,18,19,7,3,0,0,8,0,0,0,0,2,1,6,6,1,23,5,125,1,2,HONDA SH 125,4,E01030400,0,2
2024471494546,2024,471494546,1,3,0,-1,19,6,2,-1,0,1,1,0,0,0,1,1,-1,1,1,31,6,125,1,3,HONDA SH 125,4,E01034225,0,4
2024010510503,2024,010510503,1,3,0,99,99,9,9,99,99,9,9,99,9,99,9,1,1,1,1,29,6,125,1,1,HONDA SH 125,3,E01003126,0,3
2024010495616,2024,010495616,3,3,0,-1,-1,5,1,0,0,1,1,4,0,0,1,1,6,6,1,40,7,125,1,4,HONDA SH 125,7,E01034035,0,1
2024010523160,2024,010523160,1,3,0,99,99,9,9,99,99,9,9,99,9,99,1,1,1,1,3,27,6,125,1,1,HONDA SH 125,5,E01003095,0,1
2024451524346,2024,451524346,1,3,0,-1,99,6,8,-1,99,8,9,99,0,0,2,1,-1,1,1,24,5,125,1,0,HONDA SH 125,4,E01030503,0,3
2024010512666,2024,010512666,1,3,0,13,13,9,9,99,99,9,9,99,9,99,1,1,1,1,3,21,5,125,1,7,HONDA SH 125,6,E01003227,0,2
2024010505457,2024,010505457,1,3,0,99,99,9,9,99,99,9,9,99,9,99,1,1,1,1,1,25,5,125,1,3,HONDA SH 125,6,E01004517,0,1
2024010507037,2024,010507037,1,3,0,99,99,9,9,99,99,9,9,99,9,99,9,1,2,2,3,36,7,125,1,1,HONDA SH 125,6,E01000803,0,3
2024010506843,2024,010506843,1,3,0,99,99,9,9,99,99,1,9,99,9,99,9,1,6,6,3,25,5,125,1,2,HONDA SH 125,2,E01015367,0,5
2024471424374,2024,471424374,1,3,0,-1,19,6,2,-1,0,2,0,0,0,0,1,1,-1,2,2,30,6,125,1,4,HONDA SH 125,6,E01016872,0,1
2024010530611,2024,010530611,1,3,0,99,99,9,9,99,99,9,9,8,9,99,1,1,1,1,3,31,6,125,1,1,HONDA SH 125,2,E01000628,0,2
2024311520458,2024,311520458,1,3,0,-1,19,4,1,-1,0,0,0,0,0,0,1,1,-1,6,1,26,6,125,1,1,HONDA SH 125,2,E01013813,0,1
2024010510094,2024,010510094,1,3,0,99,99,9,9,99,99,9,9,99,9,99,9,1,2,2,1,39,7,125,1,2,HONDA SH 125,4,E01034225,0,1
2024010492419,2024,010492419,1,3,0,99,99,9,9,99,99,9,9,99,9,99,1,1,1,1,1,41,7,125,1,5,HONDA SH 125,3,E01003521,0,1
2024471397499,2024,471397499,1,3,0,-1,19,6,2,-1,0,1,0,0,0,0,1,1,-1,9,1,29,6,125,1,2,HONDA SH 125,1,E01016895,0,1
2024010516630,2024,010516630,1,3,0,99,99,9,9,99,99,9,9,99,9,99,1,1,1,1,1,32,6,125,1,1,HONDA SH 125,3,E01002056,0,3
2024010498057,2024,010498057,1,3,0,18,19,1,5,0,0,8,0,0,0,0,1,1,6,6,1,21,5,125,1,8,HONDA SH 125,4,E01003165,0,1
2024010503851,2024,010503851,1,3,0,99,99,9,9,99,99,9,9,99,9,99,1,1,2,2,1,26,6,125,1,1,HONDA SH 125,6,E01003394,0,1
2024010551011,2024,010551011,1,3,0,3,3,1,5,0,0,1,0,0,0,0,2,1,6,6,2,40,7,125,1,0,HONDA SH 125,6,E01004474,0,2
2024010526222,2024,010526222,2,3,0,18,19,3,7,0,0,1,0,0,0,0,3,1,6,6,1,54,8,125,1,3,HONDA SH 125,2,E01033605,0,1
2024010518004,2024,010518004,2,3,0,18,19,4,8,0,0,0,0,0,0,0,1,1,1,1,1,47,8,125,1,1,HONDA SH 125,3,E01001186,0,1
2024421503200,2024,421503200,2,3,0,-1,3,8,4,-1,0,1,0,0,0,0,2,1,-1,1,1,58,9,125,1,2,HONDA SH 125,5,E01002361,0,3
2024010546273,2024,010546273,1,3,0,15,15,7,3,4,4,1,0,0,0,0,1,1,1,1,1,39,7,125,1,2,HONDA SH 125,7,E01003434,0,2
2024010539496,2024,010539496,1,3,0,18,19,7,3,0,0,5,0,0,0,0,1,1,6,6,1,45,7,125,1,0,HONDA SH 125,2,E01001250,0,1
2024010526704,2024,010526704,1,3,0,18,19,5,1,0,0,1,0,10,0,0,1,1,6,6,1,53,8,125,1,3,HONDA SH 125,-1,-1,0,-1
2024010523655,2024,010523655,1,3,9,99,99,9,9,99,99,9,9,99,9,99,9,1,1,1,1,32,6,125,1,7,HONDA SH 125,2,E01003267,0,2
2024010510303,2024,010510303,1,3,0,99,99,9,9,99,99,9,9,99,9,99,9,1,1,1,3,29,6,125,1,0,HONDA SH 125,6,E01003140,0,2
2024010547756,2024,010547756,1,3,0,14,14,1,5,0,0,0,0,0,0,0,1,1,1,1,1,24,5,125,1,2,HONDA SH 125,5,E01001859,0,1
2024430375281,2024,430375281,1,3,0,9,9,4,2,0,0,6,0,0,0,0,1,1,2,2,1,45,7,125,1,2,HONDA SH 125,10,E01017890,0,2
2024010510003,2024,010510003,2,3,0,17,19,2,6,0,0,1,0,0,0,0,3,1,1,1,1,30,6,125,1,5,HONDA SH 125,2,E01003540,0,2
2024010513721,2024,010513721,2,3,0,13,13,5,1,0,0,1,0,0,0,0,1,1,1,1,1,32,6,125,1,4,HONDA SH 125,5,E01001914,0,2
2024471484697,2024,471484697,1,3,0,-1,19,3,7,-1,0,0,0,4,0,0,1,1,-1,9,1,17,4,125,1,0,HONDA SH 125,7,E01031603,0,1
2024010512039,2024,010512039,2,3,0,9,9,7,5,0,0,8,5,0,0,0,1,1,1,1,2,28,6,125,1,0,HONDA SH 125,5,E01004612,0,1
2024451398006,2024,451398006,1,3,0,-1,19,1,1,-1,0,0,0,0,0,0,1,1,-1,2,2,31,6,125,1,4,HONDA SH 125,10,E01016575,0,1
2024411459429,2024,411459429,2,3,0,-1,-1,-1,-1,-1,-1,-1,1,-1,-1,0,4,1,-1,1,1,21,5,125,1,3,HONDA SH 125,2,E01023844,0,1
2024010508962,2024,010508962,1,3,0,99,99,9,9,99,99,9,9,99,9,99,1,1,1,1,3,42,7,125,1,9,HONDA SH 125,3,E01001814,0,2
2024010544987,2024,010544987,2,3,0,18,19,1,5,0,0,1,0,0,0,0,4,1,6,6,1,26,6,125,1,3,HONDA SH 125,6,E01003949,0,1
2024430227364,2024,430227364,1,3,0,18,19,7,3,0,0,8,0,0,0,0,4,1,1,1,1,36,7,125,1,1,HONDA SH 125,5,E01016406,0,1
2024010542488,2024,010542488,1,3,0,99,99,9,9,99,99,0,9,99,9,99,1,1,2,2,1,30,6,125,1,3,HONDA SH 125,5,E01001524,0,4
2024010543204,2024,010543204,1,3,0,4,4,5,1,0,0,1,0,0,0,0,1,1,1,1,1,50,8,125,1,2,HONDA SH 125,9,E01003898,0,2
2024010540984,2024,010540984,1,3,0,18,19,1,5,0,0,0,1,0,0,0,0,1,6,6,1,21,5,125,1,10,HONDA SH 125,3,E01023573,0,3
2024010501399,2024,010501399,1,3,0,99,99,9,9,99,99,9,9,99,9,99,1,1,2,2,1,41,7,125,1,4,HONDA SH 125,4,E01003215,0,1
2024010527992,2024,010527992,1,3,0,17,19,7,3,0,0,0,0,4,0,0,4,1,2,2,1,62,9,125,1,2,HONDA SH 125,-1,-1,0,-1
2024010542664,2024,010542664,1,3,0,14,14,8,4,0,0,0,0,0,0,0,1,1,2,2,1,38,7,125,1,3,HONDA SH 125,3,E01000577,0,2
2024010516319,2024,010516319,1,3,0,99,99,9,9,99,99,9,9,99,9,99,1,1,1,1,1,23,5,125,1,1,HONDA SH 125,3,E01002133,0,2
2024010542179,2024,010542179,1,3,0,18,19,7,3,0,0,1,0,0,0,0,4,1,6,6,1,52,8,125,1,5,HONDA SH 125,-1,-1,0,-1
2024481569328,2024,481569328,2,3,0,-1,13,3,7,-1,0,0,0,0,0,0,1,1,-1,1,1,30,6,125,1,4,HONDA SH 125,-1,-1,0,-1
2024411463137,2024,411463137,2,3,0,-1,-1,-1,-1,-1,-1,-1,-1,-1,-1,0,-1,1,-1,1,1,30,6,125,1,4,HONDA SH 125,4,E01000611,0,3
2024010509037,2024,010509037,1,3,0,99,99,9,9,99,99,9,9,99,9,99,9,1,1,1,1,30,6,125,1,8,HONDA SH 125,2,E01004264,0,3
2024480551958,2024,480551958,1,3,0,99,99,9,9,99,99,9,9,99,9,99,2,1,1,1,1,24,5,125,1,10,HONDA SH 125,3,E01034200,0,2
2024010522417,2024,010522417,1,3,0,99,99,9,9,99,99,9,9,99,9,99,2,1,1,1,1,33,6,125,1,4,HONDA SH 125,5,E01003784,0,3
2024552400451,2024,552400451,1,3,0,18,19,4,8,9,9,0,1,10,1,2,4,1,6,6,1,16,4,125,1,10,HONDA SH 125,5,E01015393,0,1
2024010540972,2024,010540972,1,3,0,14,14,1,5,0,0,0,0,0,0,0,1,1,2,2,1,18,4,125,1,4,HONDA SH 125,3,E01004060,0,1
2024010506452,2024,010506452,1,4,0,99,99,9,9,99,99,2,9,99,9,99,9,1,1,1,3,29,6,125,1,1,HONDA SH 125,4,E01004039,0,1
2024010540824,2024,010540824,1,3,0,99,99,9,9,99,99,9,9,99,9,99,9,1,6,6,1,30,6,125,1,5,HONDA SH 125,3,E01001981,0,1
2024010547600,2024,010547600,1,3,0,18,19,5,1,0,0,0,0,0,0,0,1,1,6,6,1,21,5,125,1,2,HONDA SH 125,7,E01004496,0,1
2024411438708,2024,411438708,2,3,-1,-1,-1,-1,-1,-1,-1,-1,-1,-1,-1,0,1,1,-1,1,1,47,8,125,1,4,HONDA SH 125,5,E01021809,0,4
2024010541117,2024,010541117,1,3,0,18,19,1,5,0,0,1,0,0,0,0,1,1,6,6,1,25,5,125,1,8,HONDA SH 125,2,E01001735,0,1
2024010497798,2024,010497798,2,3,0,3,3,5,1,0,0,1,0,0,0,0,2,1,1,1,1,43,7,125,1,4,HONDA SH 125,2,E01001840,0,2
2024010504967,2024,010504967,1,3,0,99,99,9,9,99,99,9,9,99,9,99,1,1,6,6,1,46,8,125,1,2,HONDA SH 125,4,E01032566,0,3
2024010543859,2024,010543859,1,3,0,99,99,9,9,99,99,9,9,99,9,99,9,1,6,6,3,-1,-1,125,1,1,HONDA SH 125,2,E01003060,0,1
2024411422702,2024,411422702,2,3,0,-1,19,1,5,-1,99,2,0,0,9,0,9,1,-1,1,1,20,4,125,1,1,HONDA SH 125,4,E01023864,0,1
2024010509240,2024,010509240,1,3,0,99,99,9,9,99,99,9,9,99,9,99,9,1,1,1,1,24,5,125,1,2,HONDA SH 125,9,E01003794,0,2
2024052401589,2024,052401589,2,3,0,18,19,3,7,0,0,1,0,0,0,0,2,1,1,1,2,42,7,125,1,3,HONDA SH 125,1,E01006572,0,1
2024010534637,2024,010534637,1,3,0,99,99,9,9,99,99,9,9,99,9,99,9,1,1,1,3,28,6,125,1,1,HONDA SH 125,5,E01000519,0,2
2024010513656,2024,010513656,1,3,0,18,19,3,7,0,0,2,0,0,0,0,4,1,1,1,1,45,7,125,1,3,HONDA SH 125,4,E01004259,0,2
2024010512354,2024,010512354,1,3,0,18,19,5,1,0,0,1,0,0,7,0,4,1,1,1,1,31,6,125,1,0,HONDA SH 125,-1,-1,0,-1
2024451425174,2024,451425174,2,3,0,-1,19,3,1,-1,0,8,5,0,0,0,4,1,-1,1,1,44,7,125,1,2,HONDA SH 125,4,E01002598,0,1
2024010532231,2024,010532231,1,3,0,99,99,9,9,99,99,9,9,99,9,99,1,1,6,6,1,34,6,125,1,2,HONDA SH 125,2,E01003735,0,1
2024010511827,2024,010511827,2,3,0,99,99,9,9,99,99,9,9,99,9,99,1,1,6,6,1,29,6,125,1,7,HONDA SH 125,4,E01002313,0,2
2024010521981,2024,010521981,1,3,0,99,99,9,9,99,99,0,9,99,9,99,1,1,6,6,1,22,5,125,1,1,HONDA SH 125,5,E01001524,0,4
2024010515717,2024,010515717,1,3,0,99,99,9,9,99,99,9,9,99,9,99,1,1,1,1,1,41,7,125,1,0,HONDA SH 125,5,E01001658,0,3
2024010516686,2024,010516686,1,3,0,99,99,9,9,99,99,9,9,99,9,99,1,1,1,1,1,32,6,125,1,3,HONDA SH 125,3,E01003924,0,3
2024201487870,2024,201487870,3,3,0,-1,13,1,2,-1,0,1,2,0,0,0,1,1,-1,9,1,17,4,125,1,13,HONDA SH 125,-1,-1,0,-1
2024010525750,2024,010525750,2,2,0,3,3,5,1,0,0,0,0,0,0,0,2,1,6,6,2,31,6,125,1,5,HONDA SH 125,8,E01003470,0,2
2024010545716,2024,010545716,1,3,0,99,99,9,9,99,99,9,9,99,9,99,9,1,1,1,3,28,6,125,1,4,HONDA SH 125,2,E01003558,0,1
2024010511339,2024,010511339,1,3,0,99,99,9,9,99,99,9,9,99,9,99,1,1,1,1,1,32,6,125,1,3,HONDA SH 125,9,E01002259,0,4
2024010522028,2024,010522028,1,3,0,99,99,9,9,99,99,1,9,99,9,99,9,1,1,1,3,37,7,125,1,1,HONDA SH 125,3,E01000499,0,2
2024010499780,2024,010499780,1,3,0,99,99,9,9,99,99,9,9,99,9,99,9,1,1,1,1,36,7,125,1,5,HONDA SH 125,3,E01000578,0,2
2024201476716,2024,201476716,2,3,0,-1,19,7,3,-1,0,0,0,0,0,0,1,1,-1,1,1,32,6,125,1,9,HONDA SH 125,3,E01010050,0,3
2024010530851,2024,010530851,2,3,0,99,99,9,9,99,99,9,9,99,9,99,9,1,1,1,3,26,6,125,1,4,HONDA SH 125,3,E01001136,0,2
2024010511907,2024,010511907,2,3,0,13,13,2,6,0,0,0,0,0,0,0,4,1,1,1,1,24,5,125,1,3,HONDA SH 125,2,E01003267,0,2
2024010544320,2024,010544320,1,3,9,99,99,9,9,99,99,9,9,99,9,99,9,1,1,1,1,31,6,125,1,0,HONDA SH 125,6,E01003945,0,3
2024010548099,2024,010548099,1,3,0,18,19,1,5,0,0,8,0,0,0,0,3,1,6,6,1,26,6,125,1,4,HONDA SH 125,2,E01001515,0,1
2024010510981,2024,010510981,1,3,0,99,99,9,9,99,99,0,9,99,9,99,9,1,1,1,3,35,6,125,1,2,HONDA SH 125,8,E01000413,0,1
2024522402007,2024,522402007,1,3,0,3,3,5,1,0,0,1,0,0,0,0,1,1,6,6,1,31,6,125,1,2,HONDA SH 125,2,E01033353,0,1
2024010512171,2024,010512171,2,3,0,9,9,7,5,0,0,8,0,0,0,0,1,1,1,1,1,23,5,125,1,0,HONDA SH 125,3,E01034223,0,1
2024010516146,2024,010516146,2,3,0,99,99,9,9,99,99,9,9,99,9,99,1,1,2,2,1,27,6,125,1,4,HONDA SH 125,2,E01002076,0,1
2024010504189,2024,010504189,1,3,0,99,99,9,9,99,99,9,9,99,9,99,9,1,1,1,3,24,5,125,1,2,HONDA SH 125,2,E01001432,0,2
2024010516501,2024,010516501,1,3,0,99,99,9,9,99,99,9,9,99,9,99,1,1,6,6,1,-1,-1,125,1,6,HONDA SH 125,3,E01004341,0,3
2024010520943,2024,010520943,2,3,5,14,14,7,3,0,0,1,1,0,0,0,1,1,6,6,1,20,4,125,1,3,HONDA SH 125,2,E01001528,0,1
2024461500598,2024,461500598,1,3,0,-1,19,3,7,-1,0,0,0,0,0,0,1,1,-1,6,1,21,5,125,1,3,HONDA SH 125,3,E01024176,0,1
2024010510828,2024,010510828,1,3,0,99,99,9,9,99,99,0,9,99,9,99,9,1,1,1,3,25,5,125,1,1,HONDA SH 125,3,E01001548,0,1
2024010548832,2024,010548832,1,3,0,99,99,9,9,99,99,9,9,99,9,99,9,1,1,1,1,25,5,125,1,3,HONDA SH 125,6,E01004517,0,2
2024010500842,2024,010500842,1,3,0,9,9,7,5,0,0,1,0,0,0,0,3,1,6,6,1,33,6,125,1,7,HONDA SH 125,1,E01002904,0,1
2024010518438,2024,010518438,1,3,0,99,99,9,9,99,99,0,9,99,9,99,9,1,1,1,3,33,6,125,1,1,HONDA SH 125,2,E01002051,0,3
2024440514927,2024,440514927,2,2,0,18,19,5,1,0,0,8,0,0,0,0,3,1,1,1,1,55,8,125,1,7,HONDA SH 125,6,E01017176,0,1
2024010548632,2024,010548632,1,3,0,99,99,9,9,99,99,1,9,99,9,99,9,1,1,1,3,22,5,125,1,3,HONDA SH 125,3,E01001546,0,3
2024010505352,2024,010505352,1,3,0,99,99,9,9,99,99,9,9,99,9,99,9,1,1,1,1,26,6,125,1,3,HONDA SH 125,4,E01000571,0,2
2024010521310,2024,010521310,1,3,0,99,99,9,9,99,99,9,9,99,9,99,0,1,1,1,3,25,5,125,1,5,HONDA SH 125,2,E01001702,0,3
2024361418582,2024,361418582,1,3,0,-1,15,7,3,-1,0,0,0,0,6,0,1,1,-1,1,1,31,6,125,1,2,HONDA SH 125,2,E01026791,0,1
2024010506660,2024,010506660,1,4,0,18,19,1,5,0,0,1,0,8,0,0,1,1,1,1,1,53,8,125,1,3,HONDA SH 125,5,E01000586,0,1
2024522402256,2024,522402256,1,3,0,18,19,5,1,0,0,0,0,0,0,0,1,1,6,6,1,33,6,125,1,2,HONDA SH 125,10,E01014883,0,2
2024010546079,2024,010546079,1,3,9,99,99,9,9,99,99,9,9,99,9,99,2,1,1,1,1,30,6,125,1,2,HONDA SH 125,4,E01004124,0,1
2024010541922,2024,010541922,1,3,0,18,19,1,5,0,0,1,0,0,0,0,2,1,6,6,1,34,6,125,1,9,HONDA SH 125,5,E01002699,0,1
2024010522684,2024,010522684,1,3,0,18,19,3,7,0,0,1,0,0,0,0,2,1,2,2,1,38,7,125,1,10,HONDA SH 125,-1,-1,0,-1
2024010504177,2024,010504177,1,3,0,99,99,9,9,99,99,1,9,99,9,99,9,1,1,1,3,38,7,125,1,0,HONDA SH 125,2,E01000525,0,1
2024010507174,2024,010507174,2,3,0,9,9,1,6,0,0,6,0,0,0,0,1,1,6,6,1,26,6,125,1,2,HONDA SH 125,4,E01004568,0,2
2024010497415,2024,010497415,1,3,0,99,99,9,9,99,99,9,9,99,9,99,9,1,6,6,1,23,5,125,1,3,HONDA SH 125,5,E01000505,0,1
2024010542992,2024,010542992,2,3,0,99,99,9,9,0,0,9,0,99,9,99,9,1,6,6,3,-1,-1,125,1,6,HONDA SH 125,-1,-1,0,-1
2024010522714,2024,010522714,2,3,0,18,19,3,7,0,0,0,2,0,0,0,1,1,6,6,1,42,7,125,1,8,HONDA SH 125,4,E01003518,0,1