collision_index,collision_year,collision_ref_no,vehicle_reference,vehicle_type,towing_and_articulation,vehicle_manoeuvre_historic,vehicle_manoeuvre,vehicle_direction_from,vehicle_direction_to,vehicle_location_restricted_lane_historic,vehicle_location_restricted_lane,junction_location,skidding_and_overturning,hit_object_in_carriageway,vehicle_leaving_carriageway,hit_object_off_carriageway,first_point_of_impact,vehicle_left_hand_drive,journey_purpose_of_driver_historic,journey_purpose_of_driver,sex_of_driver,age_of_driver,age_band_of_driver,engine_capacity_cc,propulsion_code,age_of_vehicle,generic_make_model,driver_imd_decile,lsoa_of_driver,escooter_flag,driver_distance_banding
2024201540769,2024,201540769,2,3,0,-1,13,7,3,-1,0,8,0,0,0,0,4,1,-1,6,1,20,4,125,1,7,HONDA SH 125,3,E01008933,0,1
2024010516763,2024,010516763,1,3,0,7,7,7,8,0,0,6,0,0,0,0,3,1,6,6,1,55,8,125,1,4,HONDA SH 125,-1,-1,0,-1
2024440315988,2024,440315988,1,3,0,9,9,1,6,0,0,8,0,0,0,0,3,1,6,6,1,62,9,125,1,9,HONDA SH 125,6,E01022716,0,1
2024010546491,2024,010546491,1,3,0,99,99,9,9,99,99,9,9,99,9,99,2,1,1,1,1,43,7,125,1,7,HONDA SH 125,3,E01003089,0,1
2024010539719,2024,010539719,2,3,0,18,19,5,1,0,0,1,0,0,0,0,1,1,2,2,1,37,7,125,1,7,HONDA SH 125,8,E01002470,0,1
2024010527811,2024,010527811,1,3,0,99,99,9,9,99,99,9,9,99,9,99,9,1,2,2,1,29,6,125,1,2,HONDA SH 125,8,E01003470,0,1
2024010520987,2024,010520987,1,3,0,5,5,1,5,0,0,1,0,0,1,0,1,1,1,1,1,37,7,125,1,10,HONDA SH 125,-1,-1,0,-1
2024010530383,2024,010530383,1,3,0,18,19,7,3,0,0,1,0,0,0,0,4,1,6,6,1,29,6,125,1,2,HONDA SH 125,4,E01034370,0,3
2024010526869,2024,010526869,1,3,0,99,99,9,9,99,99,9,9,99,9,99,9,1,1,1,1,42,7,125,1,0,HONDA SH 125,5,E01001658,0,3
2024010500429,2024,010500429,2,3,0,18,19,7,3,0,0,8,1,0,1,0,3,1,1,1,1,29,6,125,1,6,HONDA SH 125,5,E01002237,0,1
2024430219856,2024,430219856,2,3,0,18,19,1,5,0,0,0,0,0,0,0,1,1,1,1,1,22,5,125,1,5,HONDA SH 125,4,E01016516,0,2
2024010533455,2024,010533455,2,3,0,18,19,1,5,0,0,0,0,0,0,0,1,1,6,6,1,32,6,125,1,0,HONDA SH 125,5,E01003342,0,1
2024461412606,2024,461412606,2,2,0,-1,9,1,1,-1,0,6,0,0,0,0,1,1,-1,6,2,34,6,125,1,6,HONDA SH 125,5,E01001686,0,3
2024010538679,2024,010538679,2,3,0,99,99,9,9,99,99,9,9,99,9,99,9,1,1,1,3,30,6,125,1,0,HONDA SH 125,7,E01003152,0,1
2024101486826,2024,101486826,1,4,0,-1,19,5,1,-1,0,0,0,0,0,0,4,1,-1,6,3,-1,-1,125,1,10,HONDA SH 125,-1,-1,0,-1
2024010500704,2024,010500704,1,3,0,99,99,9,9,99,99,9,9,99,9,99,9,1,1,1,3,23,5,125,1,1,HONDA SH 125,6,E01001997,0,3
2024010498612,2024,010498612,1,3,9,99,99,9,9,99,99,9,9,99,9,99,9,1,1,1,1,21,5,125,1,3,HONDA SH 125,3,E01000481,0,1
2024401398755,2024,401398755,2,3,0,-1,19,-1,-1,-1,0,0,0,0,0,0,1,1,-1,6,1,28,6,125,1,11,HONDA SH 125,2,E01015729,0,1
2024010511920,2024,010511920,1,3,0,13,13,7,3,0,0,1,5,0,0,0,4,1,6,6,1,47,8,125,1,2,HONDA SH 125,7,E01004496,0,1
2024010517486,2024,010517486,1,3,0,99,99,9,9,99,99,9,9,99,9,99,9,1,6,6,3,34,6,125,1,2,HONDA SH 125,5,E01004612,0,1
2024451461516,2024,451461516,3,3,0,-1,5,7,3,-1,0,1,0,0,0,0,1,1,-1,1,1,21,5,125,1,2,HONDA SH 125,5,E01035272,0,4
2024010531264,2024,010531264,2,3,0,13,13,5,1,0,0,8,5,0,0,0,1,1,6,6,1,25,5,125,1,2,HONDA SH 125,3,E01015781,0,4
2024161434537,2024,161434537,2,3,0,-1,19,5,1,-1,0,1,0,0,0,0,1,1,-1,2,2,55,8,125,1,2,HONDA SH 125,5,E01012829,0,1
2024010510030,2024,010510030,2,3,0,5,5,7,3,0,0,1,0,0,0,0,1,1,1,1,1,48,8,125,1,1,HONDA SH 125,4,E01003597,0,1
2024010498526,2024,010498526,1,3,0,18,19,4,8,0,0,1,0,0,0,0,1,1,6,6,1,-1,-1,125,1,5,HONDA SH 125,-1,-1,0,-1
2024010514043,2024,010514043,1,3,9,99,99,9,9,99,99,9,9,99,9,99,1,1,1,1,1,31,6,125,1,1,HONDA SH 125,3,E01002276,0,4
2024522401995,2024,522401995,1,3,0,3,3,8,4,0,0,0,0,0,0,0,1,1,6,6,1,35,6,125,1,1,HONDA SH 125,6,E01015002,0,2
2024010534617,2024,010534617,1,4,0,99,99,9,9,99,99,9,9,99,9,99,1,1,1,1,3,25,5,125,1,3,HONDA SH 125,2,E01001553,0,2
2024010540566,2024,010540566,1,4,0,18,19,3,7,0,0,2,0,0,0,0,2,1,1,1,1,27,6,125,1,6,HONDA SH 125,3,E01001116,0,4
2024311533358,2024,311533358,1,2,0,-1,9,8,5,-1,0,8,0,0,0,0,1,1,-1,6,1,25,5,125,1,3,HONDA SH 125,-1,-1,0,-1
2024010506006,2024,010506006,1,4,9,99,99,9,9,99,99,9,9,99,9,99,1,1,6,6,1,32,6,125,1,3,HONDA SH 125,8,E01002495,0,1
2024010522674,2024,010522674,1,3,0,99,99,9,9,99,99,9,9,99,9,99,1,1,6,6,3,-1,-1,125,1,3,HONDA SH 125,-1,-1,0,-1
2024010545043,2024,010545043,1,3,0,99,99,9,9,99,99,9,9,99,9,99,9,1,1,1,3,46,8,125,1,3,HONDA SH 125,4,E01003141,0,2
2024010502570,2024,010502570,1,3,0,9,9,7,5,0,0,6,0,0,0,0,1,1,1,1,1,26,6,125,1,4,HONDA SH 125,7,E01000993,0,2
2024010505342,2024,010505342,2,4,0,13,13,1,5,0,0,8,0,0,0,0,1,1,1,1,1,31,6,125,1,3,HONDA SH 125,2,E01001439,0,2
2024010541175,2024,010541175,1,4,0,18,19,5,1,0,0,8,0,0,0,0,3,1,1,1,1,24,5,125,1,11,HONDA SH 125,5,E01004501,0,1
2024010519381,2024,010519381,1,3,0,99,99,9,9,99,99,9,9,99,9,99,9,1,1,1,1,32,6,125,1,2,HONDA SH 125,2,E01001191,0,2
2024010511703,2024,010511703,1,3,0,99,99,9,9,99,99,9,9,99,9,99,9,1,1,1,3,45,7,125,1,2,HONDA SH 125,2,E01004272,0,3
2024501454883,2024,501454883,2,3,0,-1,13,5,1,-1,0,2,5,0,0,0,1,1,-1,1,1,34,6,125,1,12,HONDA SH 125,5,E01019994,0,1
2024010506201,2024,010506201,1,3,0,99,99,9,9,99,99,9,9,99,9,99,2,1,1,1,1,39,7,125,1,8,HONDA SH 125,4,E01003565,0,1
2024010547177,2024,010547177,2,3,0,4,4,1,5,0,0,3,0,0,0,0,2,1,1,1,1,41,7,125,1,10,HONDA SH 125,2,E01003501,0,1
2024471445110,2024,471445110,1,3,0,-1,19,3,7,-1,0,1,0,0,0,0,1,1,-1,6,1,30,6,125,1,3,HONDA SH 125,4,E01016860,0,1
2024010498098,2024,010498098,1,3,0,99,99,9,9,99,99,9,9,99,9,99,1,1,1,1,2,34,6,125,1,3,HONDA SH 125,2,E01001437,0,1
2024010512704,2024,010512704,1,3,0,99,99,9,9,99,99,9,9,99,9,99,9,1,1,1,1,27,6,125,1,2,HONDA SH 125,4,E01001609,0,1
2024010496510,2024,010496510,1,3,0,18,19,3,7,0,0,1,0,0,0,0,1,1,6,6,1,29,6,125,1,5,HONDA SH 125,3,E01003286,0,1
2024010535990,2024,010535990,1,3,0,99,99,9,9,99,99,9,9,99,9,99,1,1,1,1,1,37,7,125,1,6,HONDA SH 125,3,E01003533,0,1
2024552400500,2024,552400500,1,3,0,15,15,6,2,0,0,8,0,0,0,0,1,1,6,6,1,45,7,125,1,5,HONDA SH 125,6,E01015286,0,1
2024010517173,2024,010517173,2,3,0,5,5,5,1,0,0,8,0,0,0,0,4,1,2,2,1,34,6,125,1,5,HONDA SH 125,3,E01003321,0,1
2024010531578,2024,010531578,2,3,9,99,99,9,9,99,99,9,9,99,9,99,1,1,2,2,1,30,6,125,1,6,HONDA SH 125,8,E01002930,0,1
2024471521893,2024,471521893,1,3,0,-1,19,5,1,-1,0,0,0,0,0,0,4,1,-1,9,1,19,4,125,1,9,HONDA SH 125,7,E01020970,0,1
2024430079320,2024,430079320,1,3,0,18,19,2,6,0,0,1,0,0,0,0,1,1,1,1,1,36,7,125,1,1,HONDA SH 125,4,E01016436,0,1
2024010518429,2024,010518429,1,3,0,99,99,9,9,99,99,0,9,99,9,99,2,1,1,1,1,39,7,125,1,2,HONDA SH 125,4,E01000477,0,3
2024010498381,2024,010498381,1,3,0,99,99,9,9,99,99,9,9,99,9,99,1,1,6,6,1,21,5,125,1,4,HONDA SH 125,2,E01004222,0,1
2024451478685,2024,451478685,1,3,0,-1,19,8,4,-1,0,0,0,0,0,0,3,1,-1,9,1,32,6,125,1,3,HONDA SH 125,9,E01024814,0,4
2024010502905,2024,010502905,1,3,0,99,99,9,9,99,99,9,9,99,9,99,9,1,1,1,1,36,7,125,1,2,HONDA SH 125,5,E01003142,0,1
2024010537569,2024,010537569,2,3,0,15,15,7,3,4,4,8,0,0,0,0,1,1,1,1,2,29,6,125,1,0,HONDA SH 125,3,E01003179,0,1
2024421528783,2024,421528783,2,3,0,-1,4,3,6,-1,0,4,0,0,0,0,2,1,-1,1,1,28,6,125,1,3,HONDA SH 125,5,E01003704,0,2
2024552500046,2024,552500046,2,3,0,3,3,8,4,0,0,8,0,0,0,0,1,1,6,6,1,34,6,125,1,5,HONDA SH 125,4,E01034273,0,1
2024010523400,2024,010523400,2,3,0,13,13,1,5,0,0,8,0,0,0,0,4,1,1,1,1,51,8,125,1,1,HONDA SH 125,2,E01033939,0,2
2024010533708,2024,010533708,1,3,0,18,19,1,5,0,0,2,0,0,0,0,1,1,1,1,1,19,4,125,1,11,HONDA SH 125,7,E01004518,0,2
2024471480567,2024,471480567,2,3,0,-1,19,8,4,-1,0,1,1,0,0,0,4,1,-1,9,1,20,4,125,1,3,HONDA SH 125,1,E01020983,0,1
2024010515525,2024,010515525,1,3,9,99,99,9,9,99,99,9,9,99,9,99,9,1,6,6,1,33,6,125,1,2,HONDA SH 125,5,E01033741,0,2
2024010498227,2024,010498227,1,3,0,99,99,9,9,99,99,9,9,99,9,99,9,1,1,1,3,24,5,125,1,3,HONDA SH 125,2,E01001559,0,2
2024010534366,2024,010534366,1,3,0,99,99,9,9,99,99,9,9,99,9,99,9,1,1,1,3,32,6,125,1,2,HONDA SH 125,3,E01001154,0,1
2024010533105,2024,010533105,1,3,0,99,99,9,9,99,99,9,9,99,9,99,1,1,1,1,3,37,7,125,1,2,HONDA SH 125,2,E01001152,0,3
2024010523153,2024,010523153,1,3,0,99,99,9,9,99,99,9,9,99,9,99,9,1,1,1,1,30,6,125,1,4,HONDA SH 125,4,E01002315,0,2
2024010524338,2024,010524338,1,3,0,99,99,9,9,99,99,9,9,99,9,99,9,1,1,1,3,27,6,125,1,4,HONDA SH 125,4,E01002057,0,1
2024101410967,2024,101410967,2,3,0,-1,19,5,1,-1,0,1,0,0,0,0,1,1,-1,6,1,20,4,125,1,1,HONDA SH 125,1,E01008257,0,1
2024010513586,2024,010513586,1,3,0,18,19,1,5,0,0,8,0,0,0,0,1,1,6,6,1,41,7,125,1,6,HONDA SH 125,-1,-1,0,-1
2024010509748,2024,010509748,1,3,0,5,5,7,3,0,0,0,0,0,0,0,1,1,6,6,1,27,6,125,1,2,HONDA SH 125,3,E01000556,0,2
2024010517268,2024,010517268,1,3,0,99,99,9,9,99,99,0,9,99,9,99,1,1,1,1,1,39,7,125,1,5,HONDA SH 125,8,E01003361,0,1
2024010533247,2024,010533247,1,3,0,99,99,9,9,99,99,9,9,99,9,99,1,1,6,6,1,24,5,125,1,3,HONDA SH 125,5,E01000606,0,2
2024430322955,2024,430322955,1,3,0,7,7,1,5,0,0,3,1,0,5,1,1,1,1,1,1,21,5,125,1,1,HONDA SH 125,3,E01028577,0,2
2024461438178,2024,461438178,2,3,0,-1,3,1,5,-1,0,1,5,0,0,0,1,1,-1,1,1,62,9,125,1,1,HONDA SH 125,5,E01024164,0,1
2024010520399,2024,010520399,1,3,0,18,19,3,7,0,0,3,0,0,0,0,1,1,6,6,1,52,8,125,1,2,HONDA SH 125,-1,-1,0,-1
2024010544050,2024,010544050,1,3,0,18,19,9,9,99,99,9,9,99,9,99,9,1,1,1,1,39,7,125,1,3,HONDA SH 125,3,E01001113,0,1
2024010540838,2024,010540838,1,2,0,18,19,1,5,0,0,0,0,0,0,0,1,1,1,1,1,28,6,125,1,1,HONDA SH 125,7,E01002538,0,1
2024010532413,2024,010532413,1,3,0,99,99,9,9,99,99,9,9,99,9,99,9,1,1,1,3,33,6,125,1,5,HONDA SH 125,2,E01002076,0,2
2024010508408,2024,010508408,1,3,0,99,99,9,9,99,99,9,9,99,9,99,1,1,6,6,1,30,6,125,1,3,HONDA SH 125,-1,-1,0,-1
2024010531702,2024,010531702,1,3,0,99,99,9,9,99,99,0,9,99,9,99,9,1,6,6,3,-1,-1,125,1,2,HONDA SH 125,-1,-1,0,-1
2024010515613,2024,010515613,1,3,9,99,99,9,9,99,99,9,9,99,9,99,9,1,6,6,3,23,5,125,1,3,HONDA SH 125,2,E01004570,0,2
2024010537159,2024,010537159,1,3,0,18,19,9,9,99,99,9,9,99,9,99,9,1,6,6,1,28,6,125,1,1,HONDA SH 125,2,E01004524,0,2
2024010542195,2024,010542195,1,3,0,18,19,3,7,0,0,1,0,0,0,0,4,1,6,6,1,36,7,125,1,12,HONDA SH 125,3,E01002605,0,2
2024010514528,2024,010514528,1,3,0,99,99,9,9,99,99,2,9,99,9,99,9,1,1,1,1,37,7,125,1,3,HONDA SH 125,4,E01001005,0,1
2024010512678,2024,010512678,1,3,0,99,99,9,9,99,99,9,9,99,9,99,1,1,6,6,1,19,4,125,1,2,HONDA SH 125,7,E01004483,0,2
2024430454703,2024,430454703,1,3,0,3,3,6,2,0,0,1,0,0,0,0,1,1,1,1,1,37,7,125,1,1,HONDA SH 125,4,E01016436,0,3
2024010505402,2024,010505402,1,3,0,18,19,3,7,0,0,0,0,0,0,0,1,1,6,6,1,45,7,125,1,13,HONDA SH 125,5,E01033787,0,2
2024461526393,2024,461526393,1,3,0,-1,14,3,7,-1,0,0,0,11,0,0,1,1,-1,9,1,50,8,125,1,1,HONDA SH 125,8,E01035364,0,3
2024010533710,2024,010533710,2,3,0,4,4,3,7,0,0,1,0,0,0,0,2,1,6,6,1,31,6,125,1,0,HONDA SH 125,2,E01001155,0,2
2024010546603,2024,010546603,1,3,0,99,99,9,9,99,99,9,9,99,9,99,9,1,2,2,1,26,6,125,1,1,HONDA SH 125,3,E01001448,0,3
2024010517534,2024,010517534,1,3,0,18,19,9,9,99,99,0,9,99,9,99,9,1,1,1,1,33,6,125,1,0,HONDA SH 125,7,E01000981,0,1
2024010547902,2024,010547902,1,3,0,99,99,9,9,99,99,9,9,99,9,99,9,1,2,2,1,35,6,125,1,0,HONDA SH 125,6,E01004517,0,2
2024010501085,2024,010501085,1,3,0,99,99,9,9,99,99,9,9,99,9,99,1,1,1,1,2,25,5,125,1,6,HONDA SH 125,3,E01001688,0,3
2024010547290,2024,010547290,1,3,0,99,99,9,9,99,99,9,9,99,9,99,1,1,6,6,1,33,6,125,1,1,HONDA SH 125,5,E01003632,0,3
2024010505660,2024,010505660,1,3,0,99,99,9,9,99,99,9,9,99,9,99,9,1,1,1,1,41,7,125,1,9,HONDA SH 125,2,E01004301,0,2
2024411459698,2024,411459698,2,3,0,-1,15,3,7,-1,0,0,0,0,0,0,2,1,-1,6,1,33,6,125,1,1,HONDA SH 125,5,E01035584,0,1
2024430377487,2024,430377487,1,3,0,6,6,3,3,0,0,8,0,0,0,0,4,1,2,2,1,52,8,125,1,1,HONDA SH 125,5,E01033838,0,1
2024010529351,2024,010529351,2,3,9,18,19,1,5,99,99,9,9,99,9,99,9,1,6,6,1,-1,-1,125,1,1,HONDA SH 125,-1,-1,0,-1
2024010533976,2024,010533976,1,3,0,11,11,1,5,0,0,5,0,0,0,0,4,1,2,2,1,54,8,125,1,8,HONDA SH 125,7,E01000309,0,1
2024010526853,2024,010526853,3,3,0,18,19,5,1,0,0,1,0,0,0,0,1,1,6,6,3,-1,-1,125,1,6,HONDA SH 125,-1,-1,0,-1
2024010504241,2024,010504241,1,3,0,99,99,9,9,99,99,9,9,99,9,99,9,1,1,1,3,30,6,125,1,1,HONDA SH 125,3,E01001175,0,1
2024010509558,2024,010509558,2,3,0,18,19,4,8,0,0,1,0,0,0,0,1,1,6,6,1,29,6,125,1,11,HONDA SH 125,5,E01001718,0,1
2024010514618,2024,010514618,2,3,0,18,19,5,1,2,2,1,5,0,0,0,1,1,6,6,1,22,5,125,1,3,HONDA SH 125,2,E01003991,0,1
2024010519696,2024,010519696,1,3,0,99,99,9,9,99,99,9,9,99,9,99,9,1,1,1,1,42,7,125,1,3,HONDA SH 125,3,E01003081,0,3
2024010524918,2024,010524918,1,3,0,99,99,9,9,99,99,9,9,99,9,99,1,1,2,2,1,33,6,125,1,2,HONDA SH 125,7,E01003397,0,2
2024010509543,2024,010509543,1,3,0,99,99,9,9,99,99,9,9,99,9,99,1,1,1,1,1,34,6,125,1,2,HONDA SH 125,4,E01003530,0,1
2024411492868,2024,411492868,2,3,0,-1,14,7,3,-1,0,0,0,0,0,0,1,1,-1,6,1,32,6,125,1,3,HONDA SH 125,7,E01001411,0,3
2024010524923,2024,010524923,1,3,0,14,14,1,5,0,0,0,0,0,0,0,1,1,2,2,1,25,5,125,1,1,HONDA SH 125,-1,-1,0,-1
2024010497872,2024,010497872,1,3,0,99,99,9,9,99,99,9,9,99,9,99,9,1,1,1,1,21,5,125,1,3,HONDA SH 125,3,E01001188,0,2
2024010501780,2024,010501780,1,3,0,99,99,9,9,99,99,9,9,99,9,99,9,1,2,2,3,35,6,125,1,1,HONDA SH 125,8,E01000413,0,1
2024010509823,2024,010509823,2,3,0,18,19,7,3,0,0,0,0,0,0,0,1,1,1,1,2,40,7,125,1,6,HONDA SH 125,3,E01001620,0,1
2024451466711,2024,451466711,1,3,0,-1,99,-1,-1,-1,99,1,9,99,0,0,9,1,-1,2,1,25,5,125,1,5,HONDA SH 125,8,E01030703,0,2
2024371517647,2024,371517647,2,4,0,-1,19,3,7,-1,0,0,0,0,0,0,3,1,-1,9,1,42,7,125,1,0,HONDA SH 125,10,E01029904,0,2
2024010533003,2024,010533003,1,3,0,99,99,9,9,99,99,9,9,99,9,99,9,1,2,2,1,26,6,125,1,11,HONDA SH 125,3,E01001170,0,1
2024010526593,2024,010526593,2,3,0,18,19,5,1,0,0,0,1,4,0,0,1,1,1,1,1,28,6,125,1,2,HONDA SH 125,9,E01003382,0,1
2024010520025,2024,010520025,1,3,0,4,4,9,9,99,99,9,9,99,9,99,2,1,1,1,1,34,6,125,1,1,HONDA SH 125,6,E01002680,0,1
2024010500391,2024,010500391,1,3,0,99,99,9,9,99,99,0,9,99,9,99,2,1,1,1,1,40,7,125,1,9,HONDA SH 125,5,E01000996,0,1
2024010510371,2024,010510371,1,3,0,99,99,9,9,99,99,1,9,99,9,99,9,1,1,1,2,33,6,125,1,3,HONDA SH 125,7,E01000585,0,1
2024010517515,2024,010517515,1,3,0,99,99,9,9,99,99,9,9,99,9,99,2,1,1,1,1,37,7,125,1,9,HONDA SH 125,2,E01001110,0,1
2024991542276,2024,991542276,2,3,0,-1,7,8,3,-1,0,2,0,0,0,0,2,1,-1,6,1,38,7,125,1,4,HONDA SH 125,2,-1,0,1
2024010536054,2024,010536054,2,3,0,18,19,7,3,0,0,1,0,0,0,0,4,1,1,1,1,34,6,125,1,0,HONDA SH 125,5,E01001347,0,3
2024430181683,2024,430181683,2,3,0,18,19,7,3,0,0,8,0,0,0,0,1,1,6,6,1,22,5,125,1,3,HONDA SH 125,4,E01016437,0,1
2024010547703,2024,010547703,2,3,0,3,3,4,8,0,0,1,0,0,0,0,3,1,6,6,1,56,9,125,1,0,HONDA SH 125,1,E01002036,0,2
2024010546266,2024,010546266,2,4,0,13,13,3,7,0,0,0,5,0,0,0,1,1,6,6,1,39,7,125,1,2,HONDA SH 125,5,E01000219,0,2
2024010529685,2024,010529685,1,3,0,99,99,9,9,99,99,9,9,99,9,99,9,1,1,1,1,26,6,125,1,3,HONDA SH 125,3,E01003079,0,2
2024010512510,2024,010512510,1,3,9,18,19,9,9,99,99,0,9,99,9,99,1,1,1,1,1,22,5,125,1,2,HONDA SH 125,3,E01003185,0,2
2024010499000,2024,010499000,1,3,0,18,19,3,7,0,0,8,0,0,0,0,1,1,1,1,1,22,5,125,1,11,HONDA SH 125,6,E01000584,0,2
2024010514094,2024,010514094,1,3,0,17,19,3,1,0,0,2,2,0,0,0,4,1,6,6,1,21,5,125,1,7,HONDA SH 125,4,E01035484,0,2
2024010512413,2024,010512413,1,3,0,99,99,9,9,99,99,9,9,99,9,99,1,1,1,1,1,22,5,125,1,1,HONDA SH 125,2,E01003508,0,3
2024451441633,2024,451441633,1,3,0,-1,19,7,3,-1,0,1,0,0,0,0,2,1,-1,1,1,44,7,125,1,4,HONDA SH 125,8,E01030449,0,2
2024010546076,2024,010546076,1,3,0,99,99,9,9,99,99,9,9,99,9,99,9,1,6,6,1,19,4,125,1,2,HONDA SH 125,2,E01004539,0,3
2024010526937,2024,010526937,1,3,9,18,19,9,9,99,99,0,9,99,9,99,9,1,1,1,1,32,6,125,1,4,HONDA SH 125,6,E01000265,0,3
2024010522626,2024,010522626,2,3,0,99,99,9,9,99,99,9,9,99,9,99,9,1,1,1,3,30,6,125,1,2,HONDA SH 125,3,E01001999,0,3
2024010529733,2024,010529733,1,3,0,99,99,9,9,99,99,9,9,99,9,99,9,1,1,1,3,47,8,125,1,4,HONDA SH 125,8,E01000413,0,4
2024010502892,2024,010502892,1,3,0,99,99,9,9,99,99,0,9,99,9,99,9,1,6,6,2,22,5,125,1,3,HONDA SH 125,5,E01002000,0,1
2024010532160,2024,010532160,1,3,0,5,5,3,7,0,0,1,0,4,0,0,1,1,6,6,1,17,4,125,1,6,HONDA SH 125,2,E01001940,0,1
2024010528643,2024,010528643,1,3,0,3,3,5,1,0,0,3,0,0,0,0,1,1,6,6,1,60,9,125,1,7,HONDA SH 125,2,E01002852,0,1
2024010540060,2024,010540060,1,3,0,18,19,5,1,6,6,1,0,0,0,0,1,1,6,6,1,31,6,125,1,1,HONDA SH 125,-1,-1,0,-1
2024010510767,2024,010510767,1,3,0,99,99,9,9,99,99,9,9,99,9,99,1,1,1,1,1,32,6,125,1,5,HONDA SH 125,3,E01002046,0,1
2024010498444,2024,010498444,1,3,0,99,99,9,9,99,99,9,9,99,9,99,9,1,6,6,1,35,6,125,1,7,HONDA SH 125,6,E01003312,0,3
2024010549534,2024,010549534,1,3,0,3,3,9,9,99,99,9,9,99,9,99,9,1,6,6,3,39,7,125,1,7,HONDA SH 125,3,E01004240,0,2
2024052401020,2024,052401020,2,3,0,18,19,4,8,0,0,8,0,0,0,0,1,1,6,6,1,32,6,125,1,1,HONDA SH 125,2,E01032506,0,2
2024010499545,2024,010499545,1,3,0,99,99,9,9,99,99,0,9,99,9,99,9,1,6,6,1,20,4,125,1,2,HONDA SH 125,4,E01003328,0,3
2024010523356,2024,010523356,1,3,9,99,99,9,9,0,0,9,9,0,9,99,9,1,1,1,1,31,6,125,1,0,HONDA SH 125,6,E01004616,0,1
2024010543414,2024,010543414,1,3,0,99,99,9,9,99,99,9,9,99,9,99,9,1,1,1,1,48,8,125,1,0,HONDA SH 125,7,E01023576,0,2
2024010509139,2024,010509139,1,3,0,99,99,9,9,99,99,9,9,99,9,99,1,1,1,1,1,39,7,125,1,6,HONDA SH 125,3,E01002646,0,1
2024010515049,2024,010515049,2,3,0,9,9,4,1,0,0,2,0,0,0,0,0,1,6,6,1,44,7,125,1,2,HONDA SH 125,5,E01001085,0,2
2024010541109,2024,010541109,2,3,0,99,99,9,9,99,99,1,9,99,9,99,1,1,6,6,2,34,6,125,1,1,HONDA SH 125,3,E01003079,0,1
2024031460561,2024,031460561,1,3,0,-1,19,5,1,-1,0,0,0,0,1,0,1,1,-1,9,1,48,8,125,1,0,HONDA SH 125,3,E01019171,0,1
2024411504401,2024,411504401,2,3,0,-1,9,7,3,-1,0,3,0,0,0,0,9,1,-1,6,1,33,6,125,1,2,HONDA SH 125,3,E01001547,0,2
2024010504703,2024,010504703,1,3,0,99,99,9,9,99,99,9,9,99,9,99,2,1,1,1,1,25,5,125,1,7,HONDA SH 125,3,E01034591,0,2
2024010501063,2024,010501063,1,3,0,18,19,5,1,0,0,8,0,0,0,0,1,1,6,6,1,22,5,125,1,4,HONDA SH 125,4,E01000644,0,1
2024010526387,2024,010526387,2,3,0,99,99,9,9,99,99,9,9,99,9,99,9,1,6,6,3,-1,-1,125,1,2,HONDA SH 125,-1,-1,0,-1
2024010504691,2024,010504691,1,3,0,13,13,3,7,0,0,1,0,0,0,0,2,1,1,1,1,52,8,125,1,1,HONDA SH 125,4,E01000257,0,1
2024010516981,2024,010516981,2,3,0,99,99,9,9,99,99,0,9,99,9,99,1,1,6,6,1,-1,-1,125,1,1,HONDA SH 125,3,E01000522,0,1
2024010530835,2024,010530835,1,3,0,99,99,9,9,99,99,0,9,99,9,99,1,1,2,2,1,47,8,125,1,2,HONDA SH 125,2,E01003066,0,3
2024010504584,2024,010504584,1,3,0,99,99,9,9,99,99,9,9,99,9,99,1,1,2,2,1,31,6,125,1,1,HONDA SH 125,3,E01001449,0,3
2024010540297,2024,010540297,1,3,0,99,99,9,9,99,99,9,9,99,9,99,2,1,2,2,1,32,6,125,1,0,HONDA SH 125,2,E01003351,0,1