collision_index,collision_year,collision_ref_no,vehicle_reference,vehicle_type,towing_and_articulation,vehicle_manoeuvre_historic,vehicle_manoeuvre,vehicle_direction_from,vehicle_direction_to,vehicle_location_restricted_lane_historic,vehicle_location_restricted_lane,junction_location,skidding_and_overturning,hit_object_in_carriageway,vehicle_leaving_carriageway,hit_object_off_carriageway,first_point_of_impact,vehicle_left_hand_drive,journey_purpose_of_driver_historic,journey_purpose_of_driver,sex_of_driver,age_of_driver,age_band_of_driver,engine_capacity_cc,propulsion_code,age_of_vehicle,generic_make_model,driver_imd_decile,lsoa_of_driver,escooter_flag,driver_distance_banding
2024421433961,2024,421433961,1,9,0,-1,19,3,6,-1,0,0,5,0,7,0,1,1,-1,6,1,61,9,2000,1,-1,-1,9,E01021795,0,1
2024122500141,2024,122500141,1,4,0,18,19,5,7,0,0,4,0,0,0,0,0,1,6,6,1,63,9,249,1,9,-1,4,E01012105,0,3
2024547641824,2024,547641824,1,3,0,18,19,1,5,0,0,0,5,0,0,0,0,1,6,6,1,18,4,125,1,7,-1,5,E01032063,0,2
2024552401197,2024,552401197,2,4,0,9,9,1,7,0,0,5,0,0,0,0,2,1,6,6,1,18,4,125,1,11,-1,6,E01020566,0,1
2024631445248,2024,631445248,1,5,0,-1,19,3,7,-1,0,1,0,0,0,0,1,1,-1,9,1,48,8,1043,1,9,-1,7,W01000581,0,1
2024991485733,2024,991485733,2,5,0,-1,19,7,2,-1,0,1,1,0,0,0,1,1,-1,9,1,35,6,1043,1,6,-1,8,-1,0,4
2024411466981,2024,411466981,1,5,0,-1,4,3,6,-1,0,3,0,0,0,0,1,1,-1,6,1,47,8,1043,1,12,-1,5,E01023939,0,3
2024070411783,2024,070411783,1,5,0,7,7,7,2,0,0,8,5,0,0,11,1,1,6,6,1,39,7,1043,1,11,-1,6,E01035057,0,4
2024501500072,2024,501500072,2,5,0,-1,19,7,3,-1,0,1,0,0,0,0,1,1,-1,9,1,73,10,1043,1,7,-1,7,E01010968,0,5
2024010523220,2024,010523220,1,9,0,9,9,5,3,9,9,6,0,0,3,0,1,1,6,6,2,51,8,1595,1,5,MERCEDES GLA CLASS,5,E01002492,0,1
2024201431365,2024,201431365,1,9,0,-1,19,2,6,-1,0,0,0,0,0,0,1,9,-1,6,1,60,9,1595,1,5,MERCEDES GLA CLASS,9,E01008990,0,1
2024542520724,2024,542520724,2,9,0,18,19,8,4,0,0,0,0,0,0,0,1,1,6,6,2,41,7,1332,1,2,MERCEDES GLA CLASS,8,E01034528,0,2
2024061449248,2024,061449248,1,9,-1,-1,-1,-1,-1,-1,-1,0,-1,-1,-1,0,-1,9,-1,6,3,-1,-1,2143,2,9,MERCEDES GLA CLASS,-1,-1,0,-1
2024010545805,2024,010545805,1,9,0,18,19,1,5,0,0,0,0,0,0,0,1,1,6,6,2,70,10,1991,1,8,MERCEDES GLA CLASS,8,E01027504,0,5
2024010517857,2024,010517857,2,9,0,99,99,9,9,99,99,9,9,99,9,99,9,9,6,6,3,-1,-1,1332,1,3,MERCEDES GLA CLASS,-1,-1,0,-1
2024320458544,2024,320458544,2,9,0,4,4,2,6,0,0,1,0,0,1,4,2,1,-1,-1,2,22,5,2143,2,7,MERCEDES GLA CLASS,6,E01025815,0,4
2024221506422,2024,221506422,1,9,0,-1,9,8,6,-1,0,6,0,0,0,0,1,9,-1,6,2,32,6,1595,1,5,MERCEDES GLA CLASS,7,E01029012,0,4
2024122400301,2024,122400301,2,9,0,18,19,5,1,0,0,1,0,0,0,0,1,1,6,6,1,57,9,1950,2,3,MERCEDES GLA CLASS,3,E01007557,0,4
2024052400687,2024,052400687,1,9,0,18,19,3,7,0,0,4,0,0,0,0,3,1,2,2,3,-1,-1,1332,1,3,MERCEDES GLA CLASS,-1,-1,0,-1
2024010505306,2024,010505306,1,9,9,99,99,9,9,99,99,9,9,99,9,99,3,9,6,6,2,26,6,1595,1,5,MERCEDES GLA CLASS,2,E01033151,0,1
2024501580782,2024,501580782,3,9,0,-1,19,7,3,-1,0,2,0,0,0,0,3,1,-1,6,2,58,9,2143,2,6,MERCEDES GLA CLASS,2,E01015210,0,1
2024440428239,2024,440428239,1,9,0,9,9,6,2,0,0,5,0,0,0,0,3,1,6,6,2,59,9,1950,2,3,MERCEDES GLA CLASS,8,E01017150,0,1
2024010508972,2024,010508972,1,9,0,99,99,9,9,99,99,9,9,99,9,99,2,9,6,6,2,44,7,2143,2,9,MERCEDES GLA CLASS,4,E01000189,0,2
2024010523535,2024,010523535,1,9,0,3,3,1,5,0,0,1,0,0,0,0,2,1,6,6,1,55,8,2143,2,10,MERCEDES GLA CLASS,-1,-1,0,-1
2024451423288,2024,451423288,1,9,0,-1,3,5,4,-1,0,1,0,0,0,0,2,9,-1,6,2,41,7,2143,2,10,MERCEDES GLA CLASS,7,E01030591,0,3
2024201482280,2024,201482280,2,9,0,-1,3,5,1,-1,0,1,0,0,0,0,1,9,-1,6,2,20,4,1595,1,5,MERCEDES GLA CLASS,1,E01009979,0,2
2024070854041,2024,070854041,1,9,0,-1,19,6,2,-1,0,1,0,0,0,0,1,1,-1,6,2,24,5,2143,2,6,MERCEDES GLA CLASS,6,E01018722,0,1
2024552401246,2024,552401246,1,9,0,9,9,5,3,0,0,6,0,0,0,0,3,1,6,6,1,54,8,1991,1,8,MERCEDES GLA CLASS,7,E01015462,0,1
2024070426818,2024,070426818,1,9,0,18,19,1,5,0,0,4,0,0,0,0,1,1,6,6,2,-1,-1,2143,2,7,MERCEDES GLA CLASS,6,E01018674,0,1
2024501517904,2024,501517904,1,9,0,-1,19,7,3,-1,0,0,0,8,2,0,3,1,-1,9,1,73,10,2143,2,9,MERCEDES GLA CLASS,4,E01020138,0,1
2024461529531,2024,461529531,2,9,0,-1,19,5,7,-1,0,0,0,0,0,0,4,9,-1,2,2,37,7,2143,2,7,MERCEDES GLA CLASS,4,E01004217,0,4
2024991508881,2024,991508881,1,9,0,-1,19,6,2,-1,0,1,0,0,0,0,1,1,-1,9,1,34,6,1595,1,5,MERCEDES GLA CLASS,3,-1,0,2
2024430597729,2024,430597729,2,9,0,99,99,9,9,0,0,8,0,0,0,0,9,1,6,6,3,-1,-1,2143,2,6,MERCEDES GLA CLASS,-1,-1,0,-1
2024421396527,2024,421396527,1,9,0,-1,19,5,1,-1,0,0,0,0,0,0,1,1,-1,6,1,67,10,1950,2,2,MERCEDES GLA CLASS,7,E01031014,0,5
2024010536254,2024,010536254,2,9,0,99,99,9,9,99,99,0,9,99,9,99,9,9,6,6,3,55,8,2143,2,8,MERCEDES GLA CLASS,2,E01003346,0,1
2024010551120,2024,010551120,3,9,0,2,2,0,0,0,0,0,0,0,0,0,0,1,6,6,3,-1,-1,2143,2,7,MERCEDES GLA CLASS,-1,-1,0,-1
2024010534684,2024,010534684,2,9,0,99,99,9,9,99,99,9,9,99,9,99,1,9,6,6,3,28,6,1595,1,6,MERCEDES GLA CLASS,3,E01002701,0,1
2024411469270,2024,411469270,2,9,0,-1,19,1,5,-1,0,0,0,0,0,0,2,1,-1,6,2,40,7,2143,2,7,MERCEDES GLA CLASS,6,E01023787,0,2
2024010516061,2024,010516061,1,9,0,3,3,9,9,99,99,1,9,99,9,99,2,9,2,2,2,39,7,1950,2,3,MERCEDES GLA CLASS,3,E01003942,0,1
2024070429003,2024,070429003,1,9,0,9,9,6,4,0,0,5,0,0,0,0,3,1,6,6,1,52,8,1332,1,3,MERCEDES GLA CLASS,1,E01012483,0,1
2024411442045,2024,411442045,1,9,0,-1,4,5,3,-1,0,0,0,0,0,0,1,1,-1,6,2,36,7,2143,2,6,MERCEDES GLA CLASS,4,E01023393,0,1
2024411466722,2024,411466722,1,9,0,-1,7,5,7,-1,0,2,0,0,0,0,1,1,-1,6,2,20,4,2143,2,7,MERCEDES GLA CLASS,2,E01023397,0,1
2024201460739,2024,201460739,1,9,0,-1,9,3,1,-1,0,5,0,0,0,0,1,9,-1,6,1,44,7,2143,2,9,MERCEDES GLA CLASS,1,E01009581,0,1
2024451431315,2024,451431315,1,9,0,-1,19,2,6,-1,0,0,0,0,0,0,4,1,-1,9,1,40,7,2143,2,10,MERCEDES GLA CLASS,4,E01001397,0,4
2024361432702,2024,361432702,2,9,0,-1,3,5,1,-1,0,0,0,0,0,0,2,1,-1,6,2,47,8,1595,1,5,MERCEDES GLA CLASS,8,E01030242,0,2
2024010518174,2024,010518174,1,9,0,9,9,1,6,9,9,8,0,0,1,0,1,1,6,6,1,44,7,1332,8,3,MERCEDES GLA CLASS,2,E01003932,0,3
2024411510256,2024,411510256,1,9,0,-1,5,1,5,-1,0,3,0,0,0,0,3,1,-1,6,2,-1,-1,1595,1,6,MERCEDES GLA CLASS,10,E01023476,0,1
2024430574673,2024,430574673,1,9,0,4,4,3,7,0,0,0,0,0,0,0,1,1,6,6,1,44,7,2143,2,7,MERCEDES GLA CLASS,4,E01002808,0,4
2024010517529,2024,010517529,4,9,0,2,2,0,0,0,0,0,0,0,0,0,2,1,6,6,3,-1,-1,1332,1,2,MERCEDES GLA CLASS,-1,-1,0,-1
2024010538044,2024,010538044,1,9,0,99,99,9,9,99,99,9,9,99,9,99,1,9,6,6,1,51,8,1595,1,6,MERCEDES GLA CLASS,3,E01001421,0,1
2024010550175,2024,010550175,1,9,0,99,99,9,9,99,99,9,9,99,9,99,4,9,6,6,2,28,6,1595,1,5,MERCEDES GLA CLASS,4,E01003719,0,1
2024430467299,2024,430467299,2,9,0,2,2,0,0,0,0,0,0,0,0,0,4,1,6,6,1,33,6,1595,1,7,MERCEDES GLA CLASS,10,E01028719,0,1
2024411463432,2024,411463432,2,9,0,-1,4,8,4,-1,0,0,0,0,0,0,2,1,-1,6,1,27,6,1332,1,3,MERCEDES GLA CLASS,3,E01000876,0,4
2024041473247,2024,041473247,1,9,0,-1,19,4,8,-1,0,0,5,0,0,0,1,1,-1,2,1,67,10,1950,2,3,MERCEDES GLA CLASS,6,E01012659,0,1
2024461497620,2024,461497620,2,9,0,-1,4,5,1,-1,0,0,0,0,0,0,2,9,-1,6,2,31,6,1332,1,4,MERCEDES GLA CLASS,4,E01000439,0,2
2024430272981,2024,430272981,1,9,0,18,19,2,6,0,0,0,0,0,0,0,1,1,6,6,2,67,10,1595,1,4,MERCEDES GLA CLASS,7,E01003752,0,4
2024010528936,2024,010528936,1,9,0,18,19,1,5,0,0,1,0,0,0,0,1,1,6,6,1,40,7,2143,2,7,MERCEDES GLA CLASS,-1,-1,0,-1
2024010518116,2024,010518116,2,9,0,6,6,9,9,99,99,9,9,99,9,99,9,9,6,6,2,57,9,1332,1,3,MERCEDES GLA CLASS,4,E01003216,0,1
2024201517559,2024,201517559,1,9,0,-1,9,5,3,-1,0,5,0,0,0,0,1,1,-1,6,1,47,8,2143,2,8,MERCEDES GLA CLASS,2,E01009992,0,2
2024061512529,2024,061512529,1,9,0,-1,19,1,5,-1,0,0,0,0,0,0,2,1,-1,6,2,43,7,2143,2,7,MERCEDES GLA CLASS,6,E01004880,0,1
2024010505028,2024,010505028,1,9,0,99,99,9,9,99,99,9,9,99,9,99,2,9,6,6,1,30,6,2143,2,7,MERCEDES GLA CLASS,2,E01001961,0,2
2024440474278,2024,440474278,2,9,0,3,3,7,3,0,0,1,0,0,0,0,2,1,6,6,1,51,8,1991,1,7,MERCEDES GLA CLASS,5,E01032883,0,2
2024201484347,2024,201484347,2,9,0,-1,9,6,4,-1,0,6,0,0,0,0,3,1,-1,6,1,-1,-1,1595,1,6,MERCEDES GLA CLASS,4,E01009868,0,1
2024211509861,2024,211509861,3,9,0,-1,19,1,5,-1,0,0,0,0,0,0,2,1,-1,9,2,-1,-1,2143,2,7,MERCEDES GLA CLASS,-1,-1,0,-1
2024311521747,2024,311521747,1,9,0,-1,19,5,1,-1,0,0,0,0,0,0,1,1,-1,2,2,33,6,1595,1,6,MERCEDES GLA CLASS,2,E01013829,0,1
2024411495721,2024,411495721,3,9,0,-1,19,3,7,-1,0,1,0,0,0,0,2,1,-1,6,2,45,7,1595,1,6,MERCEDES GLA CLASS,5,E01035584,0,1
2024101434562,2024,101434562,3,9,0,-1,19,7,3,-1,0,0,0,0,0,0,1,1,-1,1,1,25,5,1595,1,5,MERCEDES GLA CLASS,10,E01008547,0,1
2024131411308,2024,131411308,1,9,0,-1,19,5,1,-1,0,1,0,0,7,0,4,1,-1,6,2,69,10,2143,2,9,MERCEDES GLA CLASS,3,E01010810,0,1
2024010519955,2024,010519955,1,9,0,99,99,9,9,99,99,9,9,99,9,99,1,9,6,6,2,27,6,2143,2,7,MERCEDES GLA CLASS,10,E01023733,0,4
2024340WN1022,2024,340WN1022,2,9,0,-1,19,1,5,-1,0,0,1,0,7,10,1,1,-1,9,1,38,7,1332,8,1,MERCEDES GLA CLASS,8,E01027279,0,1
2024421517287,2024,421517287,1,9,0,-1,9,2,8,-1,0,6,0,0,0,0,1,1,-1,9,1,60,9,1595,1,5,MERCEDES GLA CLASS,5,E01021778,0,1
2024010533754,2024,010533754,2,9,0,99,99,9,9,99,99,9,9,99,9,99,9,9,6,6,2,64,9,2143,2,10,MERCEDES GLA CLASS,5,E01004698,0,1
2024461401617,2024,461401617,1,9,0,-1,19,1,5,-1,0,1,0,0,0,0,4,9,-1,6,1,60,9,1991,1,6,MERCEDES GLA CLASS,7,E01000370,0,2
2024201439176,2024,201439176,1,9,0,-1,19,7,4,-1,0,8,0,0,0,0,1,9,-1,6,-1,-1,-1,2143,2,10,MERCEDES GLA CLASS,-1,-1,0,-1
2024010504515,2024,010504515,2,9,0,3,3,7,3,0,0,2,0,0,0,0,2,1,2,2,1,31,6,1950,2,1,MERCEDES GLA CLASS,3,E01000998,0,1
2024471484299,2024,471484299,1,9,0,-1,19,3,7,-1,0,0,0,0,0,0,3,1,-1,2,2,33,6,1595,1,5,MERCEDES GLA CLASS,4,E01031599,0,1
2024010517768,2024,010517768,2,9,0,99,99,9,9,99,99,0,9,99,9,99,1,9,6,6,3,44,7,1332,8,3,MERCEDES GLA CLASS,9,E01002285,0,1
2024010501497,2024,010501497,2,9,0,18,19,7,3,0,0,0,1,0,0,0,1,1,6,6,1,24,5,2143,2,6,MERCEDES GLA CLASS,4,E01001435,0,1
2024461509495,2024,461509495,1,9,0,-1,19,4,8,-1,0,4,0,0,0,0,1,9,-1,6,2,-1,-1,1595,1,4,MERCEDES GLA CLASS,-1,-1,0,-1
2024991489264,2024,991489264,2,9,0,-1,5,8,4,-1,0,0,0,0,0,0,1,1,-1,9,1,62,9,2143,2,9,MERCEDES GLA CLASS,-1,-1,0,-1
2024451426286,2024,451426286,2,9,0,-1,5,3,1,-1,9,0,0,0,0,0,1,1,-1,9,1,48,8,1595,1,5,MERCEDES GLA CLASS,8,E01030647,0,1
2024231540887,2024,231540887,1,9,0,-1,19,2,6,-1,0,0,0,0,0,0,1,1,-1,6,1,44,7,1950,2,3,MERCEDES GLA CLASS,7,E01031137,0,4
2024461445437,2024,461445437,1,9,0,-1,9,1,5,-1,0,2,0,0,0,0,1,1,-1,6,1,43,7,2143,2,5,MERCEDES GLA CLASS,6,E01024303,0,1
2024061494073,2024,061494073,1,9,0,-1,19,5,1,-1,0,8,0,0,0,0,1,1,-1,2,1,45,7,2143,2,9,MERCEDES GLA CLASS,8,E01025601,0,4
2024201473586,2024,201473586,1,9,0,-1,19,6,1,-1,0,8,0,0,0,0,1,1,-1,6,2,30,6,1332,1,3,MERCEDES GLA CLASS,-1,-1,0,-1
2024010540169,2024,010540169,2,9,0,99,99,9,9,99,99,6,9,99,9,99,9,9,6,6,2,38,7,2143,2,7,MERCEDES GLA CLASS,4,E01033870,0,1
2024302500231,2024,302500231,2,9,0,-1,19,6,8,-1,0,8,0,0,0,0,1,1,-1,9,1,24,5,2143,2,10,MERCEDES GLA CLASS,2,E01029448,0,3
2024010537475,2024,010537475,1,9,0,99,99,9,9,99,99,0,9,99,9,99,2,9,6,6,1,32,6,1595,1,6,MERCEDES GLA CLASS,5,E01000916,0,4
2024010538056,2024,010538056,2,9,9,99,99,9,9,99,99,9,9,99,9,99,9,9,6,6,3,-1,-1,1332,1,1,MERCEDES GLA CLASS,-1,-1,0,-1
2024231486415,2024,231486415,2,9,0,-1,19,6,2,-1,0,0,5,0,7,6,2,9,-1,6,2,31,6,2143,2,6,MERCEDES GLA CLASS,3,E01013682,0,4
2024010526290,2024,010526290,1,9,0,99,99,9,9,99,99,9,9,99,9,99,2,9,6,6,2,51,8,1950,2,0,MERCEDES GLA CLASS,3,E01002771,0,1
2024622400131,2024,622400131,1,9,0,18,19,4,8,0,0,1,0,0,0,0,3,1,6,6,2,35,6,2143,2,8,MERCEDES GLA CLASS,1,W01000833,0,1
2024010518788,2024,010518788,1,9,0,18,19,3,7,0,0,2,0,0,0,0,2,1,6,6,2,54,8,1332,1,3,MERCEDES GLA CLASS,5,E01004414,0,1
2024010531630,2024,010531630,1,9,0,9,9,7,5,0,0,2,0,0,0,0,1,1,6,6,2,28,6,1950,2,3,MERCEDES GLA CLASS,4,E01003376,0,1
2024010503998,2024,010503998,4,9,0,2,2,0,0,0,0,0,0,0,0,0,4,1,6,6,3,-1,-1,1595,1,6,MERCEDES GLA CLASS,-1,-1,0,-1
2024471479267,2024,471479267,1,9,0,-1,19,6,2,-1,0,2,0,0,0,0,3,1,-1,9,2,70,10,2143,2,7,MERCEDES GLA CLASS,10,E01024820,0,3
2024010544268,2024,010544268,4,9,0,4,4,7,3,0,0,0,0,0,0,0,0,1,2,2,2,29,6,2143,2,7,MERCEDES GLA CLASS,4,E01000439,0,2
2024010541429,2024,010541429,2,9,0,5,5,3,7,0,0,1,0,0,0,0,2,1,6,6,2,39,7,2143,2,7,MERCEDES GLA CLASS,3,E01032830,0,4
2024201562640,2024,201562640,2,9,0,-1,9,2,8,-1,0,5,0,0,0,0,4,1,-1,9,2,34,6,1595,1,4,MERCEDES GLA CLASS,8,E01009904,0,1
2024411458291,2024,411458291,2,9,-1,-1,-1,-1,-1,-1,-1,-1,-1,-1,-1,0,2,9,-1,6,1,54,8,1595,1,5,MERCEDES GLA CLASS,6,E01023413,0,1
2024201498462,2024,201498462,2,9,0,-1,9,3,1,-1,0,6,0,0,0,0,1,9,-1,9,1,33,6,1595,1,6,MERCEDES GLA CLASS,5,E01008954,0,2
2024451483187,2024,451483187,2,9,0,-1,19,3,7,-1,0,1,0,0,0,0,3,1,-1,2,1,38,7,2143,2,6,MERCEDES GLA CLASS,4,E01002593,0,1
2024421496903,2024,421496903,2,9,0,-1,19,2,6,-1,0,1,0,0,7,0,1,1,-1,9,2,52,8,1950,2,4,MERCEDES GLA CLASS,10,E01021471,0,2
2024320206790,2024,320206790,1,9,0,1,1,3,7,0,0,0,0,0,0,0,3,1,-1,-1,1,66,10,2143,2,7,MERCEDES GLA CLASS,2,E01026116,0,1
2024421524348,2024,421524348,1,9,0,-1,-1,-1,-1,-1,-1,0,-1,-1,-1,0,-1,9,-1,6,2,-1,-1,1332,1,2,MERCEDES GLA CLASS,-1,-1,0,-1
2024421495498,2024,421495498,3,9,0,-1,3,3,7,-1,0,1,0,0,0,0,1,1,-1,2,1,56,9,2143,2,8,MERCEDES GLA CLASS,6,E01021903,0,3
2024552400554,2024,552400554,1,9,0,18,19,7,3,0,0,8,0,0,0,0,1,1,6,6,2,73,10,2143,2,7,MERCEDES GLA CLASS,8,E01034380,0,1
2024531461362,2024,531461362,1,9,0,-1,5,2,6,-1,0,0,0,0,0,0,3,1,-1,9,2,45,7,1595,1,6,MERCEDES GLA CLASS,10,E01022350,0,1
2024141502928,2024,141502928,1,9,0,-1,19,1,5,-1,0,1,0,0,0,0,1,1,-1,9,2,37,7,1595,1,6,MERCEDES GLA CLASS,1,E01007760,0,3
2024010526919,2024,010526919,1,9,0,18,19,1,5,0,0,0,0,0,0,0,2,1,6,6,2,39,7,1595,1,7,MERCEDES GLA CLASS,-1,-1,0,-1
2024010541827,2024,010541827,2,9,9,99,99,9,9,0,0,6,9,99,9,99,4,9,6,6,2,-1,-1,2143,2,9,MERCEDES GLA CLASS,-1,-1,0,-1
2024141431384,2024,141431384,1,9,0,-1,19,6,3,-1,0,0,0,0,0,0,1,1,-1,9,2,31,6,1595,1,6,MERCEDES GLA CLASS,7,E01034936,0,5
2024141480606,2024,141480606,3,9,0,-1,2,0,0,-1,0,1,0,0,0,0,1,1,-1,6,-1,-1,-1,2143,2,7,MERCEDES GLA CLASS,-1,-1,0,-1
2024311514566,2024,311514566,1,9,0,-1,8,7,2,-1,0,1,0,0,0,0,1,1,-1,6,2,26,6,2143,2,7,MERCEDES GLA CLASS,-1,-1,0,-1
2024010517371,2024,010517371,1,9,0,5,5,7,3,0,0,6,0,0,0,0,3,1,6,6,1,33,6,2143,2,8,MERCEDES GLA CLASS,2,E01004298,0,1
2024010524518,2024,010524518,1,9,0,18,19,5,1,0,0,1,0,0,0,0,1,1,6,6,1,42,7,2143,2,7,MERCEDES GLA CLASS,5,E01033739,0,4
2024440363827,2024,440363827,2,9,0,18,19,1,6,0,0,1,0,0,0,0,1,1,6,6,2,33,6,1332,1,4,MERCEDES GLA CLASS,2,E01022965,0,1
2024061400431,2024,061400431,3,9,0,-1,3,2,6,-1,0,5,0,0,0,0,2,1,-1,9,1,40,7,2143,2,6,MERCEDES GLA CLASS,5,E01005556,0,1
2024010513794,2024,010513794,1,9,0,18,19,3,7,0,0,0,0,0,0,0,4,1,6,6,1,42,7,2143,2,7,MERCEDES GLA CLASS,8,E01004080,0,2
2024111539486,2024,111539486,2,9,0,-1,19,8,4,-1,0,1,0,0,0,0,1,1,-1,9,1,64,9,1595,1,6,MERCEDES GLA CLASS,7,E01020703,0,4
2024061457727,2024,061457727,2,9,0,-1,19,5,1,-1,0,1,0,0,0,0,1,1,-1,9,2,34,6,1595,1,5,MERCEDES GLA CLASS,8,E01005000,0,2
2024221406419,2024,221406419,1,9,0,-1,19,6,2,-1,0,0,1,0,1,7,1,9,-1,2,1,50,8,1950,2,4,MERCEDES GLA CLASS,6,E01010012,0,4
2024010542535,2024,010542535,1,9,0,18,19,1,5,0,0,2,0,0,0,0,1,1,6,6,1,37,7,1332,1,2,MERCEDES GLA CLASS,4,E01035721,0,1
2024061470517,2024,061470517,2,9,0,-1,2,0,0,-1,0,0,0,0,0,0,1,1,-1,6,-1,-1,-1,1950,2,3,MERCEDES GLA CLASS,-1,-1,0,-1
2024131452138,2024,131452138,2,9,0,-1,19,3,7,-1,0,0,0,0,0,0,1,1,-1,9,1,52,8,2143,2,7,MERCEDES GLA CLASS,3,E01011523,0,1
2024991448097,2024,991448097,2,9,0,-1,19,2,5,-1,0,1,0,0,0,0,1,1,-1,9,1,21,5,2143,2,8,MERCEDES GLA CLASS,5,-1,0,4
2024211479483,2024,211479483,2,9,0,-1,19,4,7,-1,0,0,0,0,0,0,1,1,-1,2,2,51,8,2143,2,6,MERCEDES GLA CLASS,6,E01029708,0,2
2024991410543,2024,991410543,1,9,0,-1,19,3,6,-1,0,0,0,0,0,0,4,1,-1,1,2,51,8,1595,1,6,MERCEDES GLA CLASS,5,-1,0,1
2024010551031,2024,010551031,1,9,0,99,99,9,9,99,99,9,9,99,9,99,1,9,6,6,2,61,9,1991,1,5,MERCEDES GLA CLASS,5,E01001194,0,3
2024401538423,2024,401538423,1,9,0,-1,19,8,4,-1,0,0,2,0,7,4,1,1,-1,6,1,53,8,2143,2,8,MERCEDES GLA CLASS,3,E01015701,0,3
2024131534297,2024,131534297,1,9,0,-1,19,1,5,-1,0,0,0,4,0,0,1,1,-1,9,1,32,6,1332,8,0,MERCEDES GLA CLASS,5,E01010668,0,1
2024421406813,2024,421406813,1,9,0,-1,9,2,7,-1,0,6,0,0,0,0,1,1,-1,6,2,59,9,2143,2,7,MERCEDES GLA CLASS,7,E01029875,0,3
2024061475927,2024,061475927,2,9,0,-1,19,-1,-1,-1,0,0,9,0,0,0,4,1,-1,6,2,-1,-1,1332,8,0,MERCEDES GLA CLASS,-1,-1,0,-1
2024411444047,2024,411444047,1,9,0,-1,15,1,5,-1,0,1,0,0,0,0,1,1,-1,6,2,27,6,2143,2,8,MERCEDES GLA CLASS,10,E01017442,0,1
2024471448140,2024,471448140,2,9,0,-1,3,7,3,-1,0,0,0,0,0,0,2,1,-1,6,1,42,7,2143,2,7,MERCEDES GLA CLASS,8,E01004602,0,4
2024131519995,2024,131519995,2,9,0,-1,19,2,7,-1,0,6,1,0,1,11,1,1,-1,9,1,39,7,1332,1,3,MERCEDES GLA CLASS,4,E01011077,0,1
2024010536961,2024,010536961,1,9,0,1,1,3,1,9,9,6,0,0,0,0,2,1,3,7,2,35,6,1332,1,4,MERCEDES GLA CLASS,3,E01002312,0,1
2024520403034,2024,520403034,2,9,0,2,2,0,0,0,0,0,0,0,0,0,3,1,6,6,3,-1,-1,2143,2,9,MERCEDES GLA CLASS,-1,-1,0,-1
2024471533400,2024,471533400,2,9,0,-1,9,7,5,-1,0,6,0,0,0,0,3,1,-1,6,2,24,5,1595,1,5,MERCEDES GLA CLASS,10,E01021939,0,4
2024010551785,2024,010551785,1,9,0,-1,-1,1,5,0,0,1,0,0,0,0,1,1,6,6,1,40,7,1595,1,6,MERCEDES GLA CLASS,3,E01004675,0,1
2024991465860,2024,991465860,1,9,0,-1,19,6,1,-1,0,0,0,0,0,0,1,1,-1,9,2,28,6,1332,1,1,MERCEDES GLA CLASS,8,-1,0,4
2024010544429,2024,010544429,1,9,0,9,9,3,1,0,0,6,0,0,0,0,1,1,6,6,2,64,9,1332,1,1,MERCEDES GLA CLASS,6,E01000274,0,3
2024501414375,2024,501414375,2,9,0,-1,19,7,3,-1,0,1,0,0,0,0,2,1,-1,6,2,61,9,2143,2,9,MERCEDES GLA CLASS,5,E01018845,0,2
2024061482603,2024,061482603,2,9,0,-1,7,6,6,-1,0,1,0,0,0,0,2,9,-1,6,2,-1,-1,1595,1,6,MERCEDES GLA CLASS,1,E01005456,0,1
2024522500325,2024,522500325,1,9,0,18,19,3,7,0,0,1,0,4,0,0,4,1,6,6,2,39,7,1332,8,0,MERCEDES GLA CLASS,2,E01014806,0,1
2024430629871,2024,430629871,1,9,0,18,19,5,1,0,0,8,5,0,0,0,1,1,6,6,2,63,9,1332,8,0,MERCEDES GLA CLASS,8,E01016616,0,1
2024041472552,2024,041472552,2,9,0,-1,7,1,3,-1,0,8,0,0,0,0,4,1,-1,9,2,42,7,2143,2,8,MERCEDES GLA CLASS,10,E01025259,0,1
2024010490011,2024,010490011,2,9,0,99,99,9,9,99,99,6,9,99,9,99,9,9,6,6,3,-1,-1,1595,1,5,MERCEDES GLA CLASS,-1,-1,0,-1
2024351399070,2024,351399070,2,9,0,-1,19,3,8,-1,0,6,0,0,0,0,1,1,-1,6,1,42,7,1595,1,5,MERCEDES GLA CLASS,9,E01018231,0,1
2024231407168,2024,231407168,1,9,0,-1,9,2,1,-1,0,5,0,0,0,0,4,1,-1,9,1,39,7,1595,1,5,MERCEDES GLA CLASS,6,E01031316,0,1
2024010528139,2024,010528139,1,9,0,18,19,5,1,0,0,1,0,0,0,0,4,1,6,6,2,44,7,1332,8,1,MERCEDES GLA CLASS,6,E01023305,0,2
2024010508185,2024,010508185,1,9,0,9,9,1,6,0,0,8,0,0,0,0,0,1,6,6,1,41,7,1595,1,6,MERCEDES GLA CLASS,5,E01003914,0,2