collision_index,collision_year,collision_ref_no,vehicle_reference,vehicle_type,towing_and_articulation,vehicle_manoeuvre_historic,vehicle_manoeuvre,vehicle_direction_from,vehicle_direction_to,vehicle_location_restricted_lane_historic,vehicle_location_restricted_lane,junction_location,skidding_and_overturning,hit_object_in_carriageway,vehicle_leaving_carriageway,hit_object_off_carriageway,first_point_of_impact,vehicle_left_hand_drive,journey_purpose_of_driver_historic,journey_purpose_of_driver,sex_of_driver,age_of_driver,age_band_of_driver,engine_capacity_cc,propulsion_code,age_of_vehicle,generic_make_model,driver_imd_decile,lsoa_of_driver,escooter_flag,driver_distance_banding
2024061528297,2024,061528297,1,9,0,-1,7,-1,-1,-1,0,6,0,0,0,0,4,1,-1,6,2,29,6,1595,1,6,MERCEDES GLA CLASS,7,E01006302,0,1
2024991396985,2024,991396985,1,9,0,-1,9,7,3,-1,0,6,0,0,0,0,1,1,-1,2,2,27,6,1991,1,7,MERCEDES GLA CLASS,8,-1,0,2
2024201456560,2024,201456560,2,9,0,-1,3,2,6,-1,0,2,0,0,0,0,1,1,-1,9,2,65,9,2143,2,7,MERCEDES GLA CLASS,1,E01009952,0,2
2024351510397,2024,351510397,1,9,0,-1,19,5,1,-1,0,0,0,0,0,0,3,9,-1,6,3,-1,-1,2143,2,7,MERCEDES GLA CLASS,-1,-1,0,-1
2024440393058,2024,440393058,2,9,0,2,2,0,0,0,0,0,0,0,0,0,3,1,6,6,3,-1,-1,2143,2,8,MERCEDES GLA CLASS,-1,-1,0,-1
2024501525683,2024,501525683,1,9,0,-1,9,2,6,-1,0,8,1,0,0,0,1,1,-1,1,2,45,7,1332,8,0,MERCEDES GLA CLASS,9,E01035438,0,5
2024010521048,2024,010521048,2,9,0,16,19,5,1,0,0,0,0,0,0,0,3,1,6,6,1,35,6,1595,1,6,MERCEDES GLA CLASS,6,E01002601,0,1
2024201517184,2024,201517184,2,9,0,-1,19,4,8,-1,0,0,0,0,0,0,3,1,-1,6,1,78,11,1332,1,2,MERCEDES GLA CLASS,5,E01009267,0,1
2024010509935,2024,010509935,1,9,0,17,19,7,3,9,9,2,0,0,1,2,1,1,6,6,1,35,6,2143,2,8,MERCEDES GLA CLASS,2,E01000627,0,1
2024141527042,2024,141527042,1,9,0,-1,9,1,7,-1,0,5,0,0,0,0,1,1,-1,9,1,70,10,2143,2,9,MERCEDES GLA CLASS,7,E01007754,0,1
2024548124824,2024,548124824,3,9,0,3,3,5,1,0,0,0,0,0,0,0,2,1,2,2,1,34,6,1595,1,7,MERCEDES GLA CLASS,7,E01015487,0,1
2024010535429,2024,010535429,1,9,0,18,19,5,1,9,9,0,2,0,1,4,1,1,6,6,1,58,9,1595,1,5,MERCEDES GLA CLASS,-1,-1,0,-1
2024010549174,2024,010549174,1,9,0,18,19,1,5,0,0,1,0,0,0,0,1,2,1,1,1,25,5,1332,8,3,MERCEDES GLA CLASS,4,E01001261,0,2
2024010545425,2024,010545425,1,9,0,13,13,5,1,0,0,0,0,0,0,0,1,1,6,6,2,39,7,1332,8,0,MERCEDES GLA CLASS,2,E01004003,0,1
2024010527984,2024,010527984,2,9,0,99,99,9,9,99,99,9,9,99,9,99,9,9,6,6,3,-1,-1,1332,1,2,MERCEDES GLA CLASS,-1,-1,0,-1
2024141419968,2024,141419968,1,9,0,-1,19,8,4,-1,0,0,0,0,0,0,2,1,-1,9,2,39,7,1595,1,6,MERCEDES GLA CLASS,3,E01032925,0,2
2024461501275,2024,461501275,1,9,0,-1,19,3,7,-1,0,0,0,0,0,0,4,1,-1,9,2,30,6,1332,8,0,MERCEDES GLA CLASS,9,E01024394,0,1
2024411491822,2024,411491822,1,9,0,-1,19,-1,-1,-1,0,0,0,0,0,0,1,9,-1,6,2,48,8,2143,2,9,MERCEDES GLA CLASS,6,E01023871,0,1
2024010508842,2024,010508842,2,9,0,8,8,2,4,0,0,1,0,0,0,0,4,1,6,6,2,43,7,1595,1,5,MERCEDES GLA CLASS,5,E01001686,0,2
2024010516373,2024,010516373,1,9,0,18,19,9,9,99,99,0,9,99,9,99,1,9,6,6,2,26,6,2143,2,7,MERCEDES GLA CLASS,2,E01003239,0,3
2024401507954,2024,401507954,1,9,0,-1,5,6,8,-1,0,1,0,0,0,0,1,1,-1,6,1,84,11,1595,1,4,MERCEDES GLA CLASS,9,E01017576,0,1
2024311504996,2024,311504996,1,9,0,-1,4,6,8,-1,0,1,0,0,0,0,1,1,-1,6,2,80,11,1332,8,0,MERCEDES GLA CLASS,-1,-1,0,-1
2024531462032,2024,531462032,2,9,0,-1,10,7,3,-1,0,5,0,0,0,0,4,1,-1,2,2,64,9,2143,2,9,MERCEDES GLA CLASS,8,E01022209,0,1
2024010521489,2024,010521489,1,9,0,18,19,1,5,0,0,4,0,0,0,0,1,1,6,6,3,-1,-1,1595,1,6,MERCEDES GLA CLASS,-1,-1,0,-1
2024010534497,2024,010534497,1,9,0,18,19,1,5,0,0,8,0,0,0,0,1,1,6,6,2,27,6,1595,1,5,MERCEDES GLA CLASS,3,E01003595,0,2
2024041518443,2024,041518443,4,9,0,-1,2,0,0,-1,0,0,0,4,0,0,1,1,-1,6,-1,-1,-1,1332,1,1,MERCEDES GLA CLASS,-1,-1,0,-1
2024471456901,2024,471456901,2,9,0,-1,4,7,3,-1,0,1,0,0,0,0,1,1,-1,6,1,-1,-1,2143,2,7,MERCEDES GLA CLASS,-1,-1,0,-1
2024010488811,2024,010488811,1,9,0,18,19,3,7,0,0,0,0,0,0,0,1,1,6,6,2,68,10,1950,2,3,MERCEDES GLA CLASS,-1,-1,0,-1
2024111469093,2024,111469093,1,9,0,-1,19,5,1,-1,0,0,5,0,7,0,1,1,-1,9,1,79,11,2143,2,8,MERCEDES GLA CLASS,7,E01027743,0,4
2024471447702,2024,471447702,1,9,0,-1,19,5,1,-1,0,4,0,0,0,0,1,1,-1,6,1,63,9,2143,2,6,MERCEDES GLA CLASS,4,E01016869,0,1
2024141484548,2024,141484548,1,9,0,-1,19,3,7,-1,0,8,0,0,7,9,3,1,-1,2,1,56,9,2143,2,7,MERCEDES GLA CLASS,9,E01013252,0,2
2024201460380,2024,201460380,2,9,0,-1,4,2,6,-1,0,1,0,0,0,0,2,9,-1,9,1,23,5,2143,2,6,MERCEDES GLA CLASS,1,E01008905,0,1
2024340WN3242,2024,340WN3242,2,9,0,-1,9,1,5,-1,0,3,0,0,0,0,4,1,-1,9,1,45,7,1595,1,6,MERCEDES GLA CLASS,6,E01027232,0,1
2024131420290,2024,131420290,1,9,0,-1,9,3,1,-1,0,5,0,0,0,0,1,1,-1,9,2,31,6,1595,1,7,MERCEDES GLA CLASS,3,E01011776,0,3
2024101475691,2024,101475691,1,9,0,-1,19,1,5,-1,0,0,0,0,0,0,1,1,-1,6,1,26,6,1595,1,5,MERCEDES GLA CLASS,5,E01008347,0,1
2024141516649,2024,141516649,3,9,0,-1,9,2,6,-1,0,6,0,0,0,0,1,1,-1,9,1,30,6,2143,2,8,MERCEDES GLA CLASS,3,E01007459,0,2
2024471460488,2024,471460488,1,9,0,-1,19,7,3,-1,-1,0,0,0,0,0,1,9,-1,9,1,78,11,2143,2,9,MERCEDES GLA CLASS,10,E01031367,0,3
2024471435732,2024,471435732,1,9,0,-1,9,1,6,-1,0,8,0,0,0,0,3,1,-1,9,1,38,7,2143,2,5,MERCEDES GLA CLASS,10,E01031340,0,1
2024061513725,2024,061513725,1,9,0,-1,8,4,5,-1,0,0,0,0,1,0,1,1,-1,9,2,48,8,1950,2,3,MERCEDES GLA CLASS,1,E01005722,0,1
2024201532462,2024,201532462,2,9,0,-1,9,8,6,-1,0,5,0,0,0,0,1,1,-1,6,2,27,6,1595,1,5,MERCEDES GLA CLASS,2,E01010077,0,1
2024010500151,2024,010500151,2,9,0,99,99,9,9,99,99,9,9,99,9,99,2,9,6,6,3,-1,-1,2143,2,9,MERCEDES GLA CLASS,5,E01000071,0,1
2024361477622,2024,361477622,1,9,0,-1,15,8,4,-1,9,0,0,0,0,0,4,1,-1,9,2,36,7,2143,2,9,MERCEDES GLA CLASS,1,E01026635,0,2
2024010543116,2024,010543116,2,9,0,4,4,7,3,0,0,2,0,0,0,0,1,1,6,6,1,38,7,1595,1,6,MERCEDES GLA CLASS,3,E01003235,0,2
2024010500598,2024,010500598,1,9,0,17,19,7,3,0,0,3,0,0,0,0,2,1,3,7,2,52,8,2143,2,5,MERCEDES GLA CLASS,4,E01003282,0,1
2024141496763,2024,141496763,2,9,0,-1,19,3,6,-1,0,0,0,0,0,0,3,1,-1,6,2,76,11,2143,2,8,MERCEDES GLA CLASS,7,E01007711,0,1
2024061480881,2024,061480881,1,9,0,-1,19,4,1,-1,0,3,0,0,0,0,1,1,-1,9,1,60,9,2143,2,7,MERCEDES GLA CLASS,10,E01005924,0,1
2024010492488,2024,010492488,1,9,0,9,9,6,3,0,0,6,0,0,0,0,1,1,6,6,2,24,5,1950,2,3,MERCEDES GLA CLASS,-1,-1,0,-1
2024141531973,2024,141531973,1,9,0,-1,9,3,1,-1,0,1,0,0,0,0,1,1,-1,9,2,34,6,2143,2,9,MERCEDES GLA CLASS,1,E01007737,0,1
2024010493704,2024,010493704,2,9,0,14,14,5,1,0,0,1,0,0,0,0,3,1,6,6,2,47,8,1332,1,3,MERCEDES GLA CLASS,10,E01000120,0,1
2024201480740,2024,201480740,2,9,0,-1,2,0,0,-1,0,0,0,0,0,0,3,1,-1,6,-1,-1,-1,2143,2,9,MERCEDES GLA CLASS,-1,-1,0,-1
2024010543737,2024,010543737,2,9,0,18,19,5,1,0,0,0,0,0,0,0,1,1,6,6,2,43,7,2143,2,10,MERCEDES GLA CLASS,3,E01003536,0,1
2024010546421,2024,010546421,1,9,9,99,99,9,9,99,99,9,9,99,0,0,2,9,6,6,3,-1,-1,1595,1,5,MERCEDES GLA CLASS,3,E01004004,0,1
2024010503492,2024,010503492,3,9,0,8,8,3,5,0,0,1,0,0,0,0,1,1,6,6,1,28,6,1595,1,5,MERCEDES GLA CLASS,9,E01000696,0,1
2024131469890,2024,131469890,1,9,0,-1,19,4,4,-1,0,8,0,0,0,0,1,1,-1,6,2,55,8,2143,2,9,MERCEDES GLA CLASS,1,E01007328,0,1
2024010528749,2024,010528749,2,9,0,2,2,0,0,9,9,0,0,8,0,0,3,1,6,6,3,-1,-1,2143,2,7,MERCEDES GLA CLASS,-1,-1,0,-1
2024010535694,2024,010535694,2,9,0,99,99,9,9,99,99,9,9,99,9,99,9,9,6,6,3,-1,-1,1595,1,7,MERCEDES GLA CLASS,-1,-1,0,-1
2024041511046,2024,041511046,1,9,0,-1,19,7,3,-1,0,1,0,0,7,3,1,1,-1,9,2,76,11,2143,2,10,MERCEDES GLA CLASS,5,E01025179,0,1
2024010524960,2024,010524960,1,9,0,18,19,3,7,0,0,1,1,0,0,0,1,1,6,6,1,25,5,1595,1,5,MERCEDES GLA CLASS,-1,-1,0,-1
2024010532533,2024,010532533,1,9,0,18,19,1,5,0,0,1,0,0,0,0,1,1,6,6,2,71,10,1332,8,1,MERCEDES GLA CLASS,7,E01003839,0,2
2024052401982,2024,052401982,1,9,0,18,19,3,7,0,0,0,0,0,0,0,0,1,2,2,3,31,6,2143,2,8,MERCEDES GLA CLASS,3,E01007240,0,1
2024522401312,2024,522401312,2,9,0,2,2,0,0,0,0,8,0,0,0,0,3,1,6,6,3,-1,-1,2143,2,7,MERCEDES GLA CLASS,-1,-1,0,-1
2024010498009,2024,010498009,2,9,0,99,99,9,9,99,99,9,9,99,9,99,9,9,6,6,3,-1,-1,1595,1,6,MERCEDES GLA CLASS,-1,-1,0,-1
2024131491335,2024,131491335,3,9,0,-1,2,0,0,-1,0,0,0,0,0,0,2,1,-1,6,-1,-1,-1,1332,8,0,MERCEDES GLA CLASS,-1,-1,0,-1
2024010525055,2024,010525055,1,9,0,7,7,5,8,0,0,5,0,0,1,0,4,1,2,2,1,31,6,2143,2,8,MERCEDES GLA CLASS,2,E01003045,0,1
2024052402734,2024,052402734,1,9,0,18,19,1,5,0,0,8,0,0,0,0,1,1,2,2,2,64,9,2143,2,6,MERCEDES GLA CLASS,4,E01007041,0,2
2024991436915,2024,991436915,3,9,0,-1,4,3,7,-1,0,1,0,0,0,0,2,1,-1,9,1,73,10,2143,2,8,MERCEDES GLA CLASS,1,-1,0,2
2024010511539,2024,010511539,1,9,9,99,99,9,9,99,99,9,9,99,9,99,9,9,6,6,3,34,6,1595,1,5,MERCEDES GLA CLASS,7,E01003957,0,1
2024010510504,2024,010510504,1,9,0,15,15,5,1,0,0,3,0,0,0,0,1,1,3,7,2,28,6,1332,1,3,MERCEDES GLA CLASS,4,E01003220,0,1
2024421424002,2024,421424002,2,9,0,-1,4,4,8,-1,0,0,0,0,1,0,3,9,-1,9,2,34,6,2143,2,10,MERCEDES GLA CLASS,10,E01035262,0,5
2024440185428,2024,440185428,2,9,0,2,2,0,0,0,0,0,0,0,0,0,2,1,6,6,3,-1,-1,2143,2,8,MERCEDES GLA CLASS,-1,-1,0,-1
2024010518003,2024,010518003,2,9,0,99,99,9,9,99,99,0,9,99,9,99,9,9,6,6,3,-1,-1,1595,1,6,MERCEDES GLA CLASS,-1,-1,0,-1
2024371469160,2024,371469160,2,9,0,-1,2,0,0,-1,0,0,0,0,0,0,3,1,-1,9,2,38,7,1595,1,8,MERCEDES GLA CLASS,6,E01030081,0,3
2024311497524,2024,311497524,1,9,0,-1,5,3,7,-1,0,1,0,0,0,0,1,2,-1,6,1,21,5,2143,2,8,MERCEDES GLA CLASS,-1,-1,0,-1
2024471394535,2024,471394535,2,9,0,-1,19,6,2,-1,0,0,0,0,1,0,1,1,-1,9,1,41,7,1332,1,0,MERCEDES GLA CLASS,6,E01031663,0,2
2024010514827,2024,010514827,2,9,0,99,99,9,9,99,99,9,9,99,9,99,1,9,6,6,3,-1,-1,1595,1,6,MERCEDES GLA CLASS,4,E01002580,0,1
2024340WN4252,2024,340WN4252,2,9,0,-1,2,0,0,-1,0,0,0,0,0,0,2,1,-1,6,3,-1,-1,2143,2,7,MERCEDES GLA CLASS,-1,-1,0,-1
2024010542935,2024,010542935,1,9,0,-1,-1,1,4,0,0,0,0,4,0,0,4,1,3,7,2,31,6,2143,2,8,MERCEDES GLA CLASS,5,E01003955,0,3
2024010516576,2024,010516576,1,9,0,99,99,9,9,99,99,9,9,99,9,99,2,9,6,6,2,-1,-1,2143,2,8,MERCEDES GLA CLASS,3,E01000373,0,2
2024471475710,2024,471475710,1,9,0,-1,6,3,3,-1,0,0,0,0,0,0,4,1,-1,9,1,57,9,1950,2,3,MERCEDES GLA CLASS,1,E01016868,0,1
2024411516675,2024,411516675,1,9,0,-1,19,8,4,-1,0,1,0,0,0,0,4,1,-1,6,2,49,8,1332,8,0,MERCEDES GLA CLASS,9,E01023718,0,2
2024010546033,2024,010546033,2,3,0,-1,-1,1,5,0,0,0,0,0,0,0,4,1,1,1,1,20,4,2143,2,7,MERCEDES GLA CLASS,8,E01004504,0,2
2024401453890,2024,401453890,1,9,0,-1,19,1,5,-1,0,0,0,0,8,9,3,1,-1,9,1,52,8,2143,2,7,MERCEDES GLA CLASS,6,E01017616,0,1
2024122400981,2024,122400981,1,9,0,18,19,1,5,0,0,4,0,0,0,0,1,1,6,6,2,37,7,2143,2,6,MERCEDES GLA CLASS,10,E01013432,0,1
2024010528163,2024,010528163,2,9,0,4,4,5,1,0,0,1,0,0,0,0,2,1,6,6,1,45,7,2143,2,8,MERCEDES GLA CLASS,7,E01002424,0,1
2024161419111,2024,161419111,1,9,0,-1,12,6,2,-1,0,0,0,0,0,0,3,1,-1,9,1,59,9,1595,1,7,MERCEDES GLA CLASS,9,E01012813,0,1
2024991435385,2024,991435385,1,19,0,-1,19,7,3,-1,0,1,0,0,0,0,4,1,-1,1,1,31,6,1461,2,10,NISSAN NV200,4,-1,0,1
2024010516746,2024,010516746,1,19,0,5,5,1,5,0,0,8,0,0,0,0,1,1,1,1,1,29,6,-1,3,9,NISSAN NV200,2,E01003499,0,3
2024311461324,2024,311461324,2,19,0,-1,19,3,7,-1,0,1,1,0,1,0,2,1,-1,9,1,36,7,1461,2,9,NISSAN NV200,9,E01010180,0,4
2024131406094,2024,131406094,1,9,0,-1,1,7,3,-1,0,1,0,0,0,0,-1,1,-1,6,1,21,5,-1,-1,-1,NISSAN NV200,-1,-1,0,-1
2024221402381,2024,221402381,2,19,0,-1,4,5,1,-1,0,0,0,0,0,0,2,9,-1,6,1,72,10,1461,2,14,NISSAN NV200,4,E01028914,0,4
2024131459074,2024,131459074,1,19,0,-1,12,8,4,-1,0,8,0,0,0,0,1,1,-1,6,1,66,10,1461,2,12,NISSAN NV200,3,E01011597,0,3
2024041546529,2024,041546529,1,9,0,-1,19,3,7,-1,0,2,0,0,0,0,4,1,-1,6,1,28,6,-1,3,5,NISSAN NV200,1,E01012674,0,1
2024010519210,2024,010519210,1,8,0,3,3,3,7,0,0,1,0,0,0,0,2,1,1,1,1,60,9,-1,3,5,NISSAN NV200,5,E01004522,0,3
2024421400940,2024,421400940,2,19,0,-1,19,5,1,-1,0,0,0,0,0,0,1,1,-1,2,1,60,9,1461,2,6,NISSAN NV200,-1,-1,0,-1
2024161502137,2024,161502137,1,19,0,-1,1,4,8,-1,0,1,0,0,0,0,2,9,-1,6,1,-1,-1,1461,2,9,NISSAN NV200,-1,-1,0,-1
2024302401169,2024,302401169,1,9,0,18,19,4,8,0,0,1,0,0,0,0,1,1,6,6,3,-1,-1,-1,-1,-1,NISSAN NV200,5,E01019456,0,2
2024471458149,2024,471458149,1,9,0,-1,19,7,3,-1,0,2,0,0,0,0,2,1,-1,6,1,56,9,1461,2,10,NISSAN NV200,7,E01021110,0,3
2024991420654,2024,991420654,1,19,0,-1,19,8,3,-1,0,8,0,0,0,0,1,1,-1,1,1,30,6,1461,2,6,NISSAN NV200,5,-1,0,2
2024501407281,2024,501407281,1,19,-1,-1,19,1,5,-1,0,1,0,0,0,0,1,9,-1,6,1,57,9,1461,2,10,NISSAN NV200,2,E01034160,0,1
2024201448837,2024,201448837,2,19,0,-1,19,2,6,-1,0,1,0,0,0,0,1,1,-1,1,1,76,11,1461,2,13,NISSAN NV200,7,E01010389,0,1
2024010500898,2024,010500898,2,9,0,99,99,9,9,99,99,9,9,99,9,99,9,9,6,6,3,64,9,-1,-1,-1,NISSAN NV200,4,E01003448,0,1
2024471414277,2024,471414277,1,19,0,-1,19,8,4,-1,0,1,0,0,0,0,2,9,-1,6,1,47,8,1461,2,9,NISSAN NV200,10,E01031773,0,1
2024010510612,2024,010510612,1,19,0,99,99,9,9,99,99,0,9,99,9,99,9,9,6,6,3,-1,-1,-1,3,4,NISSAN NV200,-1,-1,0,-1
2024131432929,2024,131432929,1,19,0,-1,19,3,7,-1,0,0,0,0,0,0,1,1,-1,1,1,27,6,-1,3,5,NISSAN NV200,10,E01011411,0,2
2024440002270,2024,440002270,1,19,0,9,9,1,7,0,0,8,0,0,0,0,1,1,6,6,1,59,9,1461,2,8,NISSAN NV200,5,E01017310,0,1
2024320623489,2024,320623489,2,9,0,10,10,4,2,0,0,1,0,0,0,0,2,1,-1,-1,2,67,10,1461,2,11,NISSAN NV200,8,E01026314,0,3
2024010532255,2024,010532255,1,19,0,-1,-1,1,6,0,0,1,0,0,0,0,1,1,6,6,1,-1,-1,-1,3,4,NISSAN NV200,4,E01023560,0,4
2024302400881,2024,302400881,1,19,0,18,19,1,5,0,0,0,0,0,0,0,4,1,6,6,1,70,10,1461,2,9,NISSAN NV200,6,E01028108,0,2
2024010546927,2024,010546927,1,19,0,2,2,0,0,0,0,8,0,0,0,0,2,1,6,6,3,-1,-1,-1,3,5,NISSAN NV200,-1,-1,0,-1
2024201520622,2024,201520622,1,9,0,-1,19,7,6,-1,0,8,0,0,0,0,1,1,-1,6,-1,-1,-1,-1,3,9,NISSAN NV200,-1,-1,0,-1
2024010541031,2024,010541031,2,19,0,7,7,7,1,0,0,6,0,0,0,0,4,1,6,6,3,-1,-1,-1,3,4,NISSAN NV200,-1,-1,0,-1
2024991447422,2024,991447422,2,9,0,-1,3,2,6,-1,0,1,0,0,0,0,2,1,-1,1,1,37,7,-1,-1,-1,NISSAN NV200,4,-1,0,2
2024010523506,2024,010523506,1,8,0,1,1,1,5,9,9,2,0,0,0,0,2,1,1,1,1,47,8,-1,3,4,NISSAN NV200,10,E01030355,0,3
2024501440419,2024,501440419,1,19,0,-1,19,6,2,-1,0,0,0,4,0,0,1,1,-1,6,1,52,8,1461,2,13,NISSAN NV200,3,E01020212,0,2
2024471411291,2024,471411291,1,9,0,-1,19,1,5,-1,0,1,0,0,0,0,3,9,-1,6,1,79,11,1461,2,11,NISSAN NV200,3,E01031372,0,1
2024371446366,2024,371446366,1,9,0,-1,19,-1,-1,-1,0,1,0,0,0,0,1,1,-1,6,1,62,9,-1,-1,-1,NISSAN NV200,4,E01021698,0,4
2024311495122,2024,311495122,1,19,0,-1,5,5,1,-1,5,6,0,0,0,0,1,1,-1,2,1,22,5,1461,2,8,NISSAN NV200,-1,-1,0,-1
2024161426209,2024,161426209,1,9,0,-1,9,5,1,-1,0,0,0,0,0,0,1,1,-1,9,1,26,6,-1,-1,-1,NISSAN NV200,1,E01012837,0,2
2024010508403,2024,010508403,2,19,0,99,99,9,9,99,99,6,9,99,9,99,1,9,6,6,3,-1,-1,-1,3,9,NISSAN NV200,-1,-1,0,-1
2024010511511,2024,010511511,1,19,0,5,5,3,7,0,0,1,0,0,0,0,1,1,6,6,1,34,6,1461,2,5,NISSAN NV200,2,E01004055,0,1
2024041469987,2024,041469987,2,9,0,-1,19,1,5,-1,0,8,0,0,0,0,3,1,-1,1,1,46,8,-1,3,5,NISSAN NV200,1,E01012738,0,1
2024991413838,2024,991413838,1,19,0,-1,3,7,3,-1,0,0,0,0,0,0,2,1,-1,1,1,40,7,1461,2,11,NISSAN NV200,1,-1,0,4
2024010522855,2024,010522855,1,19,0,17,19,5,1,0,0,1,0,0,0,0,1,1,1,1,1,40,7,-1,3,7,NISSAN NV200,6,E01004715,0,1
2024440040981,2024,440040981,1,19,0,18,19,2,6,0,0,0,0,0,0,0,1,1,1,1,1,56,9,1461,2,8,NISSAN NV200,5,E01034293,0,4
2024010516908,2024,010516908,1,19,0,18,19,5,1,0,0,1,0,0,0,0,3,1,1,1,1,39,7,-1,3,7,NISSAN NV200,-1,-1,0,-1
2024010529164,2024,010529164,1,20,9,99,99,9,9,99,99,0,9,99,9,99,2,1,6,6,3,47,8,-1,-1,-1,NISSAN NV200,8,E01023893,0,3
2024552400094,2024,552400094,1,19,0,16,19,2,5,0,0,4,0,0,0,0,1,1,1,1,1,62,9,-1,3,4,NISSAN NV200,8,E01015453,0,2
2024010498882,2024,010498882,1,8,0,4,4,5,1,0,0,0,0,0,1,0,0,1,1,1,1,59,9,-1,3,2,NISSAN NV200,2,E01000014,0,1
2024101487359,2024,101487359,2,9,0,-1,19,1,5,-1,0,8,5,0,0,0,3,1,-1,9,1,29,6,-1,-1,-1,NISSAN NV200,3,E01008532,0,1
2024010535853,2024,010535853,2,19,0,18,19,6,2,0,0,1,0,0,0,0,1,1,6,6,3,-1,-1,-1,3,5,NISSAN NV200,-1,-1,0,-1
2024010513630,2024,010513630,1,19,0,18,19,5,1,9,9,1,0,0,7,0,3,1,1,1,2,35,6,-1,3,2,NISSAN NV200,3,E01002506,0,3
2024201517203,2024,201517203,1,19,0,-1,5,2,6,-1,9,6,0,0,0,0,1,1,-1,1,2,-1,-1,-1,3,4,NISSAN NV200,3,E01009977,0,1
2024101420471,2024,101420471,2,19,0,-1,19,1,5,-1,0,0,0,4,0,0,1,1,-1,6,1,26,6,1461,2,7,NISSAN NV200,2,E01020615,0,4
2024201475761,2024,201475761,1,9,0,-1,19,6,2,-1,0,0,0,0,0,0,1,1,-1,6,1,26,6,1461,2,11,NISSAN NV200,1,E01009025,0,2
2024610048224,2024,610048224,1,19,0,18,19,1,5,0,0,1,0,0,0,0,1,1,1,1,1,24,5,-1,3,4,NISSAN NV200,1,W01001737,0,3
2024302400212,2024,302400212,1,19,0,18,19,4,8,0,0,0,0,0,0,0,3,1,6,6,1,69,10,1461,2,10,NISSAN NV200,-1,-1,0,-1
2024461401869,2024,461401869,2,9,0,-1,2,0,0,-1,0,1,0,0,0,0,0,1,-1,2,1,69,10,-1,-1,-1,NISSAN NV200,6,E01000803,0,4
2024522500069,2024,522500069,2,19,0,1,1,7,3,0,0,2,0,0,0,0,2,1,6,6,3,-1,-1,1461,2,5,NISSAN NV200,-1,-1,0,-1
2024101533589,2024,101533589,1,20,-1,-1,-1,6,-1,-1,0,0,0,0,0,0,3,9,-1,6,1,-1,-1,-1,-1,-1,NISSAN NV200,-1,-1,0,-1
2024041402325,2024,041402325,1,19,0,-1,9,4,8,-1,0,0,0,0,0,0,1,1,-1,1,1,41,7,-1,3,4,NISSAN NV200,1,E01025298,0,1
2024501516900,2024,501516900,1,19,0,-1,9,7,5,-1,0,2,0,0,0,0,1,1,-1,9,1,37,7,1461,2,9,NISSAN NV200,10,E01028609,0,5
202454E705424,2024,54E705424,1,9,0,18,19,1,5,0,0,0,0,0,0,0,1,1,6,6,1,69,10,-1,-1,-1,NISSAN NV200,9,E01032695,0,4
2024401439964,2024,401439964,2,9,-1,-1,-1,-1,-1,-1,-1,-1,-1,-1,-1,0,2,9,-1,9,2,55,8,-1,-1,-1,NISSAN NV200,3,E01015788,0,1
2024161536033,2024,161536033,2,19,0,-1,2,6,2,-1,4,1,0,0,0,0,3,1,-1,6,3,-1,-1,-1,3,4,NISSAN NV200,-1,-1,0,-1
2024991486983,2024,991486983,2,19,0,-1,19,1,5,-1,0,0,1,0,1,0,1,1,-1,1,1,38,7,1461,2,11,NISSAN NV200,9,-1,0,4
2024302400490,2024,302400490,2,19,0,17,19,6,2,0,0,8,0,0,0,0,1,1,2,2,2,57,9,1461,2,12,NISSAN NV200,8,E01019872,0,2
2024010543825,2024,010543825,1,9,0,17,19,7,5,0,0,2,0,0,0,0,3,1,2,2,1,70,10,1461,2,8,NISSAN NV200,2,E01003943,0,2
2024070602659,2024,070602659,1,9,0,18,19,7,3,0,0,1,0,0,0,0,1,1,6,6,1,56,9,-1,-1,-1,NISSAN NV200,7,E01035369,0,1
2024141500798,2024,141500798,2,9,0,-1,9,7,6,-1,0,6,0,0,0,0,1,1,-1,9,2,24,5,-1,-1,-1,NISSAN NV200,3,E01007351,0,1
2024471507619,2024,471507619,2,19,0,-1,9,3,1,-1,0,6,1,0,3,0,3,1,-1,7,2,61,9,-1,-1,-1,NISSAN NV200,8,E01021035,0,1
2024201553679,2024,201553679,2,9,0,-1,2,0,0,-1,0,0,0,0,0,0,4,9,-1,6,-1,-1,-1,-1,-1,-1,NISSAN NV200,-1,-1,0,-1
2024052400649,2024,052400649,1,19,0,18,19,2,6,0,0,8,0,0,0,0,1,1,1,1,2,55,8,-1,3,4,NISSAN NV200,8,E01006668,0,1
2024010522425,2024,010522425,2,19,0,18,19,3,7,0,0,1,0,0,0,0,1,1,1,1,1,64,9,-1,3,5,NISSAN NV200,8,E01002157,0,4
2024371441030,2024,371441030,2,19,-1,-1,3,-1,-1,-1,0,0,0,0,0,0,2,1,-1,2,1,48,8,1461,2,10,NISSAN NV200,6,E01033317,0,4