collision_index,collision_year,collision_ref_no,vehicle_reference,vehicle_type,towing_and_articulation,vehicle_manoeuvre_historic,vehicle_manoeuvre,vehicle_direction_from,vehicle_direction_to,vehicle_location_restricted_lane_historic,vehicle_location_restricted_lane,junction_location,skidding_and_overturning,hit_object_in_carriageway,vehicle_leaving_carriageway,hit_object_off_carriageway,first_point_of_impact,vehicle_left_hand_drive,journey_purpose_of_driver_historic,journey_purpose_of_driver,sex_of_driver,age_of_driver,age_band_of_driver,engine_capacity_cc,propulsion_code,age_of_vehicle,generic_make_model,driver_imd_decile,lsoa_of_driver,escooter_flag,driver_distance_banding
2024010530481,2024,010530481,2,2,0,5,5,1,5,0,0,0,0,0,0,0,2,1,6,6,1,44,7,49,1,10,PIAGGIO FLY,3,E01004384,0,3
2024440005303,2024,440005303,2,3,0,18,19,4,8,0,0,1,0,0,0,0,1,1,6,6,1,56,9,-1,-1,-1,PIAGGIO FLY,2,E01017345,0,1
2024010516431,2024,010516431,1,2,0,18,19,6,2,0,0,1,0,0,0,0,0,1,6,6,1,29,6,49,1,11,PIAGGIO FLY,2,E01001719,0,2
2024131482449,2024,131482449,2,2,0,-1,19,1,5,-1,0,8,0,0,0,0,1,1,-1,6,1,36,7,124,1,10,PIAGGIO FLY,1,E01011283,0,1
2024471496323,2024,471496323,2,2,0,-1,9,1,7,-1,0,3,0,0,0,0,4,1,-1,6,1,16,4,49,1,12,PIAGGIO FLY,2,E01031779,0,1
2024320494185,2024,320494185,2,4,0,9,9,2,6,0,0,0,5,0,0,0,1,1,6,6,1,29,6,-1,-1,-1,PIAGGIO FLY,9,E01026292,0,1
2024141478621,2024,141478621,1,3,0,-1,19,7,3,-1,0,0,0,0,0,0,1,1,-1,6,1,21,5,124,1,11,PIAGGIO FLY,4,E01007850,0,2
2024411502053,2024,411502053,1,3,0,-1,3,7,3,-1,0,1,0,0,0,0,1,1,-1,1,1,23,5,124,1,14,PIAGGIO FLY,5,E01023399,0,3
2024010505165,2024,010505165,1,3,0,99,99,9,9,99,99,9,9,99,9,99,1,1,6,6,1,22,5,124,1,7,PIAGGIO FLY,4,E01002808,0,2
2024010504321,2024,010504321,2,3,0,17,19,2,6,0,0,8,0,0,0,0,3,1,4,7,1,17,4,124,1,15,PIAGGIO FLY,2,E01003236,0,1
2024430516378,2024,430516378,1,2,0,18,19,7,3,0,0,3,0,0,0,0,1,1,6,6,2,20,4,124,1,19,PIAGGIO FLY,5,E01017645,0,3
2024332400681,2024,332400681,1,2,0,-1,19,9,9,-1,0,0,0,0,0,0,3,1,-1,2,1,47,8,50,1,8,PIAGGIO FLY,4,E01034016,0,1
2024440274523,2024,440274523,1,3,0,18,19,4,8,0,0,0,0,0,0,0,3,1,6,6,1,17,4,124,1,13,PIAGGIO FLY,2,E01017322,0,2
2024010530160,2024,010530160,2,2,0,15,15,7,3,0,0,8,0,0,1,0,4,1,6,6,1,28,6,124,1,12,PIAGGIO FLY,4,E01001376,0,1
2024471492191,2024,471492191,2,11,0,-1,19,3,7,-1,0,1,0,0,0,0,1,1,-1,1,1,63,9,6700,1,7,-1,8,E01021225,0,2
2024061443922,2024,061443922,1,9,0,-1,9,7,5,-1,0,0,0,0,0,0,0,9,-1,6,3,-1,-1,1497,8,11,-1,-1,-1,0,-1
2024061525224,2024,061525224,1,9,0,-1,19,7,3,-1,0,8,5,0,0,0,4,1,-1,6,1,29,6,1490,8,11,-1,-1,-1,0,-1
2024010516490,2024,010516490,2,9,0,18,19,3,7,0,0,1,0,0,0,0,1,1,6,6,1,34,6,1490,8,10,-1,-1,-1,0,-1
2024421405970,2024,421405970,1,9,0,-1,19,6,2,-1,0,1,0,0,0,0,1,1,-1,9,1,76,11,2360,1,15,TOYOTA ESTIMA,4,E01022011,0,2
2024010538572,2024,010538572,1,9,0,9,9,1,6,0,0,3,0,0,0,0,4,1,6,6,1,46,8,2364,8,8,TOYOTA ESTIMA,2,E01001460,0,3
2024010509240,2024,010509240,2,9,0,99,99,9,9,99,99,9,9,99,9,99,9,9,6,6,3,-1,-1,2360,8,15,TOYOTA ESTIMA,-1,-1,0,-1
2024010500328,2024,010500328,2,9,0,99,99,9,9,99,99,6,9,99,9,99,9,9,6,6,3,-1,-1,2362,1,14,TOYOTA ESTIMA,-1,-1,0,-1
2024201535619,2024,201535619,1,9,0,-1,9,1,7,-1,0,6,0,0,0,0,3,9,-1,6,3,50,8,2362,1,16,TOYOTA ESTIMA,-1,-1,0,-1
2024201525237,2024,201525237,1,8,0,-1,19,8,3,-1,0,8,0,0,0,0,3,1,-1,1,1,38,7,2400,8,11,TOYOTA ESTIMA,1,E01009102,0,2
2024010498256,2024,010498256,2,9,0,99,99,9,9,99,99,6,9,99,9,99,9,9,6,6,3,-1,-1,2362,1,12,TOYOTA ESTIMA,-1,-1,0,-1
2024010544711,2024,010544711,2,9,0,2,2,0,0,9,9,1,0,0,0,0,1,1,6,6,3,-1,-1,2362,1,13,TOYOTA ESTIMA,-1,-1,0,-1
2024010517738,2024,010517738,1,9,0,17,19,1,5,0,0,0,0,0,0,0,1,1,6,6,1,40,7,2362,8,10,TOYOTA ESTIMA,7,E01004635,0,3
2024451417453,2024,451417453,1,9,0,-1,19,7,5,-1,0,0,0,0,0,0,1,1,-1,9,1,42,7,2362,1,16,TOYOTA ESTIMA,3,E01003015,0,4
2024201522177,2024,201522177,1,9,0,-1,19,7,3,-1,9,0,0,0,0,0,1,1,-1,6,3,-1,-1,2362,1,11,TOYOTA ESTIMA,-1,-1,0,-1
2024302400737,2024,302400737,3,9,0,3,3,6,2,0,0,0,0,0,0,0,2,1,3,7,2,42,7,2362,8,9,TOYOTA ESTIMA,1,E01013573,0,2
2024010510362,2024,010510362,2,9,0,99,99,9,9,99,99,9,9,99,9,99,9,9,6,6,3,-1,-1,2360,8,13,TOYOTA ESTIMA,-1,-1,0,-1
2024010545676,2024,010545676,1,9,0,5,5,0,5,0,0,0,0,0,0,0,1,1,3,7,1,55,8,2360,8,12,TOYOTA ESTIMA,6,E01000575,0,1
2024070436268,2024,070436268,1,9,0,1,1,4,7,0,0,0,0,0,0,0,2,1,6,6,1,-1,-1,1998,1,24,-1,10,E01018663,0,1
2024552401096,2024,552401096,1,2,0,18,19,4,8,0,0,6,0,0,3,0,4,1,6,6,1,16,4,49,1,5,-1,6,E01034374,0,2
2024471452268,2024,471452268,1,2,0,-1,19,3,7,-1,0,0,5,0,0,0,4,1,-1,9,1,16,4,49,1,5,-1,3,E01031361,0,1
2024010518454,2024,010518454,2,2,0,15,15,6,2,0,0,0,1,0,0,0,3,1,6,6,1,16,4,49,1,6,-1,5,E01001656,0,1
2024421412187,2024,421412187,2,4,0,-1,19,5,1,-1,0,0,5,11,1,6,2,1,-1,6,1,46,8,-1,-1,-1,-1,9,E01021335,0,4
2024010516188,2024,010516188,2,9,0,14,14,1,5,0,0,1,0,0,0,0,1,1,6,6,1,38,7,292,1,3,-1,-1,-1,0,-1
2024041439960,2024,041439960,2,5,0,-1,19,5,1,-1,0,8,0,0,0,0,4,1,-1,9,1,30,6,890,1,1,YAMAHA TRACER,4,E01005724,0,4
2024552400446,2024,552400446,1,5,0,18,19,3,7,0,0,0,0,0,0,0,1,1,6,6,2,59,9,890,1,3,YAMAHA TRACER,5,E01015380,0,4
2024010543347,2024,010543347,1,3,0,99,99,9,9,99,99,9,9,99,9,99,1,1,1,1,1,24,5,689,1,8,YAMAHA TRACER,2,E01003509,0,3
2024041467658,2024,041467658,2,5,0,-1,10,7,3,-1,0,5,0,11,0,0,3,1,-1,9,1,66,10,847,1,3,YAMAHA TRACER,2,E01013238,0,5
2024122400517,2024,122400517,1,5,0,18,19,3,7,0,0,0,0,11,1,0,0,1,6,6,1,48,8,689,1,6,YAMAHA TRACER,1,E01012879,0,4
2024421525842,2024,421525842,2,5,0,-1,7,7,1,-1,-1,3,0,0,0,0,1,1,-1,1,1,46,8,689,1,3,YAMAHA TRACER,2,E01021327,0,1
2024622400240,2024,622400240,1,5,0,13,13,3,7,0,0,0,0,0,7,4,1,1,6,6,1,51,8,890,1,1,YAMAHA TRACER,10,W01001919,0,3
2024010548358,2024,010548358,1,5,0,18,19,4,8,0,0,8,1,0,1,10,1,1,6,6,1,24,5,689,1,2,YAMAHA TRACER,-1,-1,0,-1
2024361452355,2024,361452355,1,5,0,-1,13,3,6,-1,0,8,5,0,0,0,3,1,-1,6,1,72,10,847,1,5,YAMAHA TRACER,6,E01026549,0,3
2024010517659,2024,010517659,1,5,0,12,12,7,3,0,0,0,0,0,0,0,1,1,1,1,1,59,9,847,1,3,YAMAHA TRACER,5,E01035663,0,4
2024052400275,2024,052400275,2,3,0,4,4,3,7,0,0,1,0,0,0,0,2,1,6,6,1,48,8,890,1,3,YAMAHA TRACER,2,E01006565,0,1
2024141434921,2024,141434921,2,5,0,-1,14,1,5,-1,0,1,0,0,0,0,4,1,-1,6,1,63,9,847,1,6,YAMAHA TRACER,9,E01019589,0,3
2024211508062,2024,211508062,2,5,-1,-1,-1,-1,-1,-1,-1,-1,-1,-1,-1,0,-1,1,-1,2,1,56,9,689,1,8,YAMAHA TRACER,2,E01029717,0,3
2024520402151,2024,520402151,1,5,0,7,7,3,5,0,0,8,1,0,0,0,4,1,6,6,1,34,6,689,1,1,YAMAHA TRACER,8,E01035362,0,5
2024622400163,2024,622400163,1,4,0,18,19,3,6,0,0,0,0,0,0,0,1,1,1,1,1,50,8,890,1,1,YAMAHA TRACER,4,W01001009,0,4
2024122400915,2024,122400915,3,5,0,18,19,6,2,0,0,0,0,0,0,0,2,1,6,6,1,36,7,847,1,6,YAMAHA TRACER,6,E01013383,0,4
2024010519450,2024,010519450,1,5,0,99,99,9,9,2,2,1,9,99,9,99,9,1,6,6,1,27,6,689,1,7,YAMAHA TRACER,5,E01000398,0,2
2024201414276,2024,201414276,2,5,0,-1,5,1,6,-1,0,4,0,0,0,0,2,1,-1,6,1,33,6,890,1,2,YAMAHA TRACER,3,E01010094,0,2
2024320492827,2024,320492827,2,5,0,-1,-1,8,4,0,0,1,5,10,0,0,2,1,-1,-1,1,59,9,890,1,3,YAMAHA TRACER,4,E01019495,0,4
2024411524863,2024,411524863,2,5,0,-1,19,1,5,-1,0,1,0,0,0,0,1,1,-1,6,1,57,9,890,1,2,YAMAHA TRACER,10,E01023657,0,2
2024010506818,2024,010506818,2,5,0,18,19,9,9,99,99,9,9,99,9,99,9,1,6,6,1,27,6,689,1,6,YAMAHA TRACER,3,E01003097,0,1
2024471433332,2024,471433332,1,5,0,-1,19,3,8,-1,0,8,1,0,0,0,3,1,-1,6,2,47,8,689,1,7,YAMAHA TRACER,9,E01031793,0,2
2024010527375,2024,010527375,1,5,0,99,99,9,9,99,99,9,9,99,9,99,2,1,6,6,1,41,7,689,1,6,YAMAHA TRACER,4,E01003406,0,1
2024411500513,2024,411500513,2,5,0,-1,19,-1,-1,-1,0,0,0,0,3,0,1,1,-1,9,1,24,5,890,1,1,YAMAHA TRACER,7,E01023856,0,1
2024302401298,2024,302401298,1,5,0,13,13,4,8,0,0,1,0,0,0,0,1,1,6,6,1,24,5,689,1,5,YAMAHA TRACER,2,E01021049,0,5
2024302401578,2024,302401578,2,5,0,16,19,5,8,0,0,0,0,0,0,0,1,1,6,6,1,-1,-1,689,1,4,YAMAHA TRACER,6,E01025929,0,4
2024031472494,2024,031472494,1,4,0,-1,19,5,8,-1,0,1,0,0,0,0,1,1,-1,6,1,70,10,689,1,5,YAMAHA TRACER,9,E01019190,0,2
2024010525624,2024,010525624,2,5,0,18,19,5,1,0,0,0,0,0,0,0,2,1,6,6,1,33,6,890,1,0,YAMAHA TRACER,3,E01000495,0,2
2024302400380,2024,302400380,2,5,0,13,13,5,1,0,0,0,0,0,7,0,1,1,6,6,1,38,7,689,1,3,YAMAHA TRACER,9,E01011177,0,3
2024010520100,2024,010520100,1,3,0,3,3,9,9,99,99,9,9,99,9,99,2,1,1,1,1,26,6,890,1,2,YAMAHA TRACER,6,E01002659,0,1
2024010548592,2024,010548592,1,5,0,18,19,1,5,0,0,8,0,0,0,0,2,1,6,6,1,28,6,689,1,7,YAMAHA TRACER,3,E01001700,0,1
2024161408662,2024,161408662,1,4,0,-1,13,2,2,-1,0,0,2,0,7,0,1,1,-1,9,1,48,8,890,1,2,YAMAHA TRACER,7,E01013247,0,1
2024010537913,2024,010537913,1,5,0,99,99,9,9,99,99,9,9,99,9,99,9,1,1,1,3,26,6,689,1,5,YAMAHA TRACER,1,E01000524,0,3
2024991462468,2024,991462468,1,5,0,-1,19,4,8,-1,0,0,2,0,0,0,1,1,-1,6,1,28,6,890,1,1,YAMAHA TRACER,4,-1,0,3
2024522500043,2024,522500043,2,5,0,11,11,6,2,0,0,8,0,0,0,0,4,1,6,6,1,45,7,890,1,2,YAMAHA TRACER,8,W01001559,0,4
2024010532031,2024,010532031,2,5,0,14,14,5,1,0,0,0,5,0,0,0,1,1,6,6,1,29,6,689,1,2,YAMAHA TRACER,4,E01003803,0,1
2024010502833,2024,010502833,1,5,0,99,99,9,9,99,99,9,9,99,9,99,1,1,6,6,1,40,7,689,1,3,YAMAHA TRACER,2,E01001505,0,2
2024201491858,2024,201491858,2,5,0,-1,19,3,7,-1,0,0,0,0,0,0,3,1,-1,2,1,60,9,890,1,0,YAMAHA TRACER,10,E01009426,0,2
2024371547359,2024,371547359,2,5,0,-1,19,5,1,-1,0,1,0,0,0,0,1,1,-1,6,1,80,11,689,1,3,YAMAHA TRACER,3,E01033123,0,1
2024221450191,2024,221450191,2,5,0,-1,19,7,3,-1,0,8,0,0,0,0,1,1,-1,9,2,48,8,689,1,4,YAMAHA TRACER,7,E01028889,0,4
2024010506609,2024,010506609,1,4,0,18,19,1,5,0,0,1,1,0,0,0,1,1,2,2,1,22,5,689,1,2,YAMAHA TRACER,2,E01003175,0,2
2024201472394,2024,201472394,2,5,0,-1,19,2,6,-1,0,0,2,0,0,0,3,1,-1,2,1,34,6,890,1,0,YAMAHA TRACER,4,E01029857,0,4
2024061436983,2024,061436983,2,5,0,-1,19,4,1,-1,0,1,1,0,0,0,1,1,-1,6,2,54,8,689,1,1,YAMAHA TRACER,8,E01006281,0,3
2024010546945,2024,010546945,1,5,0,18,19,1,5,0,0,1,0,0,0,0,1,1,6,6,1,20,4,689,1,0,YAMAHA TRACER,9,E01000715,0,1
2024041444491,2024,041444491,2,5,0,-1,19,3,7,-1,0,1,0,0,0,0,1,1,-1,6,1,55,8,689,1,1,YAMAHA TRACER,7,E01004896,0,4
2024141489671,2024,141489671,2,5,0,-1,9,4,1,-1,0,8,0,0,0,0,3,1,-1,9,1,69,10,847,1,4,YAMAHA TRACER,1,E01007885,0,1
2024061530270,2024,061530270,2,5,0,-1,19,7,3,-1,0,0,5,0,0,0,1,1,-1,6,1,22,5,890,1,2,YAMAHA TRACER,2,E01004881,0,1
2024010529274,2024,010529274,1,5,0,99,99,9,9,99,99,9,9,99,9,99,9,1,1,1,1,31,6,890,1,1,YAMAHA TRACER,3,E01001448,0,3
2024421476575,2024,421476575,3,9,0,-1,8,6,6,-1,0,8,0,0,0,0,3,1,-1,2,2,65,9,1968,2,13,AUDI TTS,7,E01021910,0,1
2024010528161,2024,010528161,1,9,0,5,5,7,3,0,0,0,0,0,0,0,2,1,6,6,1,53,8,1984,1,13,AUDI TTS,3,E01034222,0,1
2024411459943,2024,411459943,1,9,0,-1,19,7,3,-1,0,0,0,0,0,0,1,9,-1,6,1,-1,-1,1984,1,15,AUDI TTS,5,E01023293,0,2
2024161527188,2024,161527188,2,9,0,-1,19,7,3,-1,0,0,0,0,1,9,1,1,-1,9,1,29,6,1968,2,14,AUDI TTS,1,E01033021,0,4
2024430499049,2024,430499049,1,9,0,10,10,5,3,0,0,1,0,0,0,0,2,1,6,6,2,61,9,1984,1,8,AUDI TTS,9,E01016414,0,1
2024461479808,2024,461479808,1,9,0,-1,5,1,7,-1,0,8,0,0,0,0,3,1,-1,6,2,26,6,1984,1,6,AUDI TTS,4,E01016174,0,1
2024161405349,2024,161405349,2,9,0,-1,19,6,2,-1,0,0,0,0,0,0,3,1,-1,9,2,26,6,1984,1,9,AUDI TTS,3,E01013310,0,2
2024010533973,2024,010533973,1,9,0,18,19,3,7,0,0,1,0,0,0,0,3,1,2,2,2,37,7,1984,1,9,AUDI TTS,-1,-1,0,-1
2024340NN3352,2024,340NN3352,2,9,0,-1,4,3,7,-1,0,0,0,0,0,0,2,1,-1,1,1,53,8,1984,1,4,AUDI TTS,9,E01031138,0,4
2024421498602,2024,421498602,1,9,0,-1,19,2,7,-1,0,0,0,10,7,10,4,1,-1,9,2,44,7,1984,1,7,AUDI TTS,8,E01029905,0,3
2024161413697,2024,161413697,2,9,0,-1,19,1,5,-1,0,0,1,0,1,0,3,1,-1,9,1,59,9,1968,2,11,AUDI TTS,5,E01012769,0,4
2024141413013,2024,141413013,1,9,0,-1,19,3,7,-1,0,0,5,0,1,0,1,1,-1,6,1,51,8,1984,1,9,AUDI TTS,5,E01007558,0,1
2024361441080,2024,361441080,1,9,0,-1,19,3,7,-1,0,0,0,0,0,0,3,1,-1,1,2,44,7,1968,2,7,AUDI TTS,6,E01026605,0,3
2024131486721,2024,131486721,1,9,0,-1,19,1,5,-1,0,8,0,0,1,0,1,1,-1,9,1,22,5,1968,2,12,AUDI TTS,7,E01011413,0,1
2024421403407,2024,421403407,1,9,0,-1,19,8,4,-1,0,0,0,0,7,0,1,1,-1,6,2,27,6,1968,2,14,AUDI TTS,7,E01021900,0,2
2024471437219,2024,471437219,2,9,0,-1,2,0,0,-1,0,1,1,0,0,0,3,1,-1,6,-1,-1,-1,1984,1,15,AUDI TTS,-1,-1,0,-1
2024231513373,2024,231513373,1,9,0,-1,12,8,4,-1,0,0,0,0,0,0,1,9,-1,6,1,21,5,1984,1,9,AUDI TTS,2,E01028448,0,3
2024201491924,2024,201491924,1,9,0,-1,13,1,5,-1,0,8,0,10,1,1,1,1,-1,9,1,29,6,1984,1,7,AUDI TTS,5,E01009520,0,2
2024010501959,2024,010501959,2,9,0,4,4,6,2,0,0,0,0,0,0,0,2,1,6,6,2,25,5,1984,1,7,AUDI TTS,9,E01001098,0,1
2024471518720,2024,471518720,1,9,0,-1,19,8,4,-1,0,1,0,0,0,0,3,1,-1,1,1,59,9,1798,1,8,AUDI TTS,10,E01021159,0,1
2024131472811,2024,131472811,1,9,0,-1,-1,-1,-1,-1,-1,8,-1,-1,-1,0,-1,1,-1,6,3,-1,-1,1984,1,12,AUDI TTS,-1,-1,0,-1
2024010508049,2024,010508049,2,9,0,12,12,3,7,0,0,0,0,0,0,0,3,1,6,6,3,-1,-1,1968,2,12,AUDI TTS,-1,-1,0,-1
2024010514291,2024,010514291,1,9,0,99,99,9,9,99,99,9,9,99,9,99,2,9,6,6,1,25,5,1968,2,9,AUDI TTS,8,E01017983,0,4
2024010506221,2024,010506221,2,9,0,3,3,3,7,0,0,0,0,0,0,0,1,1,2,2,2,38,7,1984,1,9,AUDI TTS,3,E01000579,0,1
2024501418714,2024,501418714,2,9,-1,-1,19,6,3,-1,0,8,0,0,0,0,2,9,-1,6,2,51,8,1984,1,14,AUDI TTS,4,E01015265,0,1
2024461447344,2024,461447344,2,9,0,-1,19,1,5,-1,0,1,0,0,0,0,3,1,-1,9,1,43,7,1984,1,9,AUDI TTS,5,E01016125,0,1
2024201519313,2024,201519313,1,9,0,-1,9,2,8,-1,0,6,0,10,3,11,1,9,-1,6,1,75,10,1968,2,11,AUDI TTS,3,E01033562,0,1
2024371521132,2024,371521132,2,9,0,-1,2,-1,-1,-1,0,1,0,0,0,0,2,1,-1,6,2,25,5,1984,1,12,AUDI TTS,6,E01029915,0,4
2024010531240,2024,010531240,2,9,0,99,99,9,9,99,99,8,9,99,9,99,1,9,6,6,3,-1,-1,1798,1,6,AUDI TTS,-1,-1,0,-1
2024041452246,2024,041452246,2,9,0,-1,5,7,5,-1,0,6,0,0,0,0,3,1,-1,9,2,28,6,1968,2,14,AUDI TTS,5,E01025031,0,1
2024471406997,2024,471406997,1,9,0,-1,19,3,7,-1,0,0,0,0,0,0,1,1,-1,2,1,40,7,1968,2,9,AUDI TTS,2,E01015277,0,4
2024351410122,2024,351410122,2,9,0,-1,13,5,1,-1,0,0,1,0,5,6,4,9,-1,9,2,27,6,1984,1,15,AUDI TTS,4,E01034015,0,4
2024041439369,2024,041439369,1,9,0,-1,19,1,5,-1,0,0,0,0,0,0,4,1,-1,9,2,60,9,1968,2,12,AUDI TTS,8,E01025365,0,2
2024231535008,2024,231535008,4,9,0,-1,2,0,0,-1,0,0,0,0,0,0,1,1,-1,6,1,43,7,1984,1,15,AUDI TTS,3,E01031012,0,1
2024520402381,2024,520402381,1,9,0,18,19,5,1,0,0,8,0,10,1,10,1,1,6,6,2,25,5,1968,2,8,AUDI TTS,6,E01029059,0,2
2024211508710,2024,211508710,2,9,0,-1,19,3,8,-1,0,0,0,0,0,0,1,1,-1,6,2,42,7,1968,2,9,AUDI TTS,10,E01018408,0,4
2024201423923,2024,201423923,1,9,0,-1,19,6,2,-1,0,8,0,9,1,0,1,9,-1,6,1,59,9,1984,1,15,AUDI TTS,1,E01034913,0,1
2024991530391,2024,991530391,1,9,0,-1,19,2,6,-1,9,1,0,0,1,10,1,1,-1,9,2,78,11,1984,1,8,AUDI TTS,9,-1,0,1
2024010502873,2024,010502873,2,9,9,99,99,9,9,99,99,9,9,99,9,99,9,9,6,6,3,-1,-1,1984,1,7,AUDI TTS,-1,-1,0,-1
2024041398687,2024,041398687,1,9,0,-1,4,7,3,-1,0,1,1,0,0,0,1,1,-1,1,1,43,7,1968,2,14,AUDI TTS,8,E01025506,0,4
2024010533885,2024,010533885,2,9,0,13,13,1,5,0,0,8,1,0,0,0,1,1,6,6,1,24,5,1984,1,9,AUDI TTS,9,E01004115,0,1
2024131462148,2024,131462148,2,9,0,-1,-1,-1,-1,-1,-1,-1,-1,-1,-1,-1,1,1,-1,2,1,42,7,1984,1,4,AUDI TTS,4,E01010798,0,1
2024201501757,2024,201501757,4,9,0,-1,2,0,0,-1,0,1,0,0,0,0,1,1,-1,6,1,57,9,1968,2,13,AUDI TTS,-1,-1,0,-1
2024201533225,2024,201533225,1,9,0,-1,19,1,1,-1,0,4,0,0,0,0,1,9,-1,6,2,23,5,1984,1,8,AUDI TTS,9,E01009826,0,1
2024141403794,2024,141403794,2,9,0,-1,19,5,1,-1,0,0,0,0,0,0,1,1,-1,2,1,30,6,1968,2,9,AUDI TTS,8,E01034240,0,3
2024332400288,2024,332400288,1,9,0,-1,19,6,2,-1,0,0,5,7,1,7,1,1,-1,6,1,43,7,1968,2,9,AUDI TTS,8,E01025967,0,3
2024361411410,2024,361411410,1,9,0,-1,19,6,2,-1,0,0,0,0,0,0,1,1,-1,1,2,26,6,1984,1,9,AUDI TTS,8,E01035152,0,3
2024302400169,2024,302400169,2,9,0,4,4,7,5,0,0,1,0,0,0,0,2,1,2,2,2,35,6,1984,1,3,AUDI TTS,6,E01019819,0,1
2024552401428,2024,552401428,1,9,0,18,19,3,7,0,0,1,0,0,0,0,1,1,6,6,1,41,7,1984,1,8,AUDI TTS,7,E01015450,0,1
2024411506872,2024,411506872,2,9,0,-1,19,5,1,-1,0,0,0,0,0,0,3,1,-1,6,1,69,10,1798,1,6,AUDI TTS,10,E01002959,0,4
2024991484319,2024,991484319,1,9,0,-1,15,5,1,-1,0,0,1,0,1,0,1,1,-1,9,1,29,6,1968,2,14,AUDI TTS,8,-1,0,4
202454E936524,2024,54E936524,1,9,0,18,19,7,3,0,0,8,0,0,0,0,1,1,6,6,1,46,8,1968,2,9,AUDI TTS,-1,-1,0,-1
2024451524300,2024,451524300,1,9,0,-1,6,1,5,-1,0,0,0,0,0,0,4,1,-1,9,1,61,9,1984,1,7,AUDI TTS,8,E01030544,0,1
2024622400124,2024,622400124,2,9,0,18,19,4,8,0,0,0,0,0,0,0,2,1,2,2,1,47,8,1984,1,15,AUDI TTS,5,W01001350,0,2
2024991433221,2024,991433221,2,9,0,-1,19,8,3,-1,0,0,0,0,0,0,1,1,-1,9,1,55,8,1984,1,7,AUDI TTS,-1,-1,0,-1
2024231499130,2024,231499130,1,9,0,-1,19,8,4,-1,0,3,5,0,0,0,1,1,-1,9,2,50,8,1798,1,7,AUDI TTS,9,E01027006,0,2
2024522401274,2024,522401274,2,9,0,18,19,5,1,0,0,8,0,0,0,0,1,1,6,6,1,-1,-1,1984,1,14,AUDI TTS,8,E01032681,0,1
2024991412061,2024,991412061,2,9,0,-1,19,8,4,-1,0,2,0,0,0,0,1,1,-1,2,2,20,4,1984,1,2,AUDI TTS,6,-1,0,1
2024010503812,2024,010503812,2,9,0,2,2,0,0,0,0,0,0,0,0,0,1,1,6,6,3,-1,-1,1984,1,8,AUDI TTS,-1,-1,0,-1
2024231451903,2024,231451903,2,9,0,-1,19,8,4,-1,0,8,0,0,0,0,1,1,-1,9,1,30,6,1798,1,6,AUDI TTS,7,E01031297,0,1
2024430067282,2024,430067282,1,9,0,9,9,4,2,0,0,6,0,0,0,0,3,1,6,6,2,-1,-1,1984,1,14,AUDI TTS,6,E01028631,0,3
2024991462842,2024,991462842,1,9,0,-1,1,6,2,-1,0,0,0,0,0,0,2,1,-1,6,2,60,9,1984,1,2,AUDI TTS,8,-1,0,1
2024010544002,2024,010544002,2,9,0,99,99,9,9,99,99,9,9,99,9,99,9,9,6,6,3,-1,-1,1984,1,9,AUDI TTS,-1,-1,0,-1
2024061489330,2024,061489330,2,9,0,-1,19,2,6,-1,0,8,0,0,0,0,1,1,-1,9,2,77,11,1984,1,3,AUDI TTS,7,E01019754,0,1
2024430009582,2024,430009582,1,9,0,16,19,4,7,0,0,0,0,0,0,0,3,1,6,6,2,30,6,1984,1,7,AUDI TTS,9,E01028481,0,3
2024010540966,2024,010540966,2,9,0,18,19,7,3,0,0,1,0,10,0,0,1,1,6,6,2,24,5,1984,1,14,AUDI TTS,2,E01034476,0,2
2024211458895,2024,211458895,1,9,0,-1,19,5,1,-1,2,0,0,7,0,0,1,1,-1,9,1,77,11,1984,1,7,AUDI TTS,7,E01029581,0,1
2024430323325,2024,430323325,2,9,-1,18,19,-1,-1,0,0,0,0,0,0,0,1,-1,6,6,1,23,5,1984,1,8,AUDI TTS,-1,-1,0,-1
2024131481509,2024,131481509,2,9,0,-1,4,5,1,-1,0,0,0,0,0,0,2,1,-1,6,2,33,6,1798,1,10,AUDI TTS,8,E01010683,0,3
202454E618424,2024,54E618424,2,9,0,18,19,2,6,0,0,1,0,0,0,0,4,1,6,6,2,55,8,1984,1,8,AUDI TTS,5,E01031889,0,1
2024440248195,2024,440248195,1,9,0,11,11,3,7,0,0,0,0,0,0,0,4,1,6,6,1,56,9,1984,1,1,AUDI TTS,4,E01032013,0,4
2024211438083,2024,211438083,2,9,0,-1,2,0,0,-1,0,0,0,0,0,0,3,1,-1,6,-1,-1,-1,1968,2,7,AUDI TTS,-1,-1,0,-1
2024041418716,2024,041418716,2,9,0,-1,19,5,1,-1,0,8,0,0,0,0,1,1,-1,9,1,47,8,1984,1,13,AUDI TTS,1,E01025286,0,1
2024141502256,2024,141502256,2,9,0,-1,2,1,5,-1,0,0,0,0,0,0,1,1,-1,9,1,64,9,1984,1,13,AUDI TTS,8,E01034843,0,1
2024122400499,2024,122400499,1,9,0,2,2,0,0,9,9,1,0,0,1,10,1,1,6,6,2,68,10,1984,1,3,AUDI TTS,6,E01027902,0,3
2024010533230,2024,010533230,1,9,0,99,99,9,9,99,99,9,9,99,9,99,2,9,6,6,1,34,6,1984,1,14,AUDI TTS,2,E01032512,0,2