collision_index,collision_year,collision_ref_no,vehicle_reference,vehicle_type,towing_and_articulation,vehicle_manoeuvre_historic,vehicle_manoeuvre,vehicle_direction_from,vehicle_direction_to,vehicle_location_restricted_lane_historic,vehicle_location_restricted_lane,junction_location,skidding_and_overturning,hit_object_in_carriageway,vehicle_leaving_carriageway,hit_object_off_carriageway,first_point_of_impact,vehicle_left_hand_drive,journey_purpose_of_driver_historic,journey_purpose_of_driver,sex_of_driver,age_of_driver,age_band_of_driver,engine_capacity_cc,propulsion_code,age_of_vehicle,generic_make_model,driver_imd_decile,lsoa_of_driver,escooter_flag,driver_distance_banding
2024010538450,2024,010538450,2,9,0,5,5,5,1,0,0,2,0,0,0,0,1,1,6,6,3,-1,-1,1984,1,8,AUDI TTS,4,E01003916,0,2
2024411404788,2024,411404788,1,9,0,-1,-1,-1,-1,-1,0,-1,0,0,0,0,-1,9,-1,6,2,22,5,1984,1,6,AUDI TTS,10,E01023361,0,1
2024201551089,2024,201551089,2,9,0,-1,5,3,7,-1,0,6,0,0,0,0,1,9,-1,6,1,32,6,1798,1,12,AUDI TTS,4,E01009288,0,2
2024471488715,2024,471488715,2,9,0,-1,19,2,6,-1,0,0,0,0,0,0,1,1,-1,9,2,68,10,1984,1,1,AUDI TTS,8,E01030817,0,4
2024520402107,2024,520402107,1,9,0,18,19,5,1,0,0,0,0,0,0,0,4,1,6,6,1,56,9,1984,1,6,AUDI TTS,8,E01029201,0,3
2024041442895,2024,041442895,2,9,0,-1,4,5,1,-1,0,2,0,0,0,0,2,1,-1,9,2,40,7,1984,1,4,AUDI TTS,7,E01025599,0,1
2024041441334,2024,041441334,2,9,0,-1,19,1,5,-1,0,0,0,0,0,0,4,1,-1,2,2,48,8,1984,1,3,AUDI TTS,10,E01024950,0,1
2024501412498,2024,501412498,2,9,0,-1,3,3,7,-1,0,1,0,0,0,0,2,9,-1,6,2,38,7,1984,1,5,AUDI TTS,4,E01015031,0,1
2024451396488,2024,451396488,2,9,0,-1,9,6,6,-1,0,5,0,0,1,0,4,1,-1,9,1,21,5,1798,1,11,AUDI TTS,10,E01030762,0,1
2024010528045,2024,010528045,1,9,0,11,11,7,3,0,0,1,0,0,0,0,2,1,6,6,1,37,7,1798,1,11,AUDI TTS,5,E01002248,0,4
2024201501883,2024,201501883,2,9,0,-1,3,2,7,-1,0,2,5,10,1,0,4,9,-1,6,1,39,7,1984,1,9,AUDI TTS,4,E01028335,0,4
2024610041024,2024,610041024,1,9,0,18,19,7,3,0,0,0,0,0,0,0,1,1,1,1,1,33,6,1984,1,6,AUDI TTS,2,W01001532,0,1
2024351433420,2024,351433420,2,9,0,-1,19,3,7,-1,0,0,0,0,0,0,3,1,-1,6,2,50,8,1968,2,13,AUDI TTS,2,E01015680,0,1
2024031438431,2024,031438431,2,9,0,-1,19,8,4,-1,0,2,0,0,0,0,4,2,-1,6,1,30,6,1984,1,9,AUDI TTS,10,E01019300,0,2
2024531500468,2024,531500468,2,9,0,-1,2,0,0,-1,0,0,0,0,1,0,2,9,-1,6,-1,-1,-1,1984,1,12,AUDI TTS,-1,-1,0,-1
2024061448278,2024,061448278,2,9,0,-1,19,6,2,-1,0,8,1,0,1,11,4,2,-1,9,1,23,5,1984,1,6,AUDI TTS,8,E01005575,0,1
2024451414366,2024,451414366,1,9,0,-1,19,1,3,-1,0,8,1,0,0,0,1,1,-1,2,2,47,8,1984,1,5,AUDI TTS,8,E01031698,0,4
2024421444054,2024,421444054,2,9,0,-1,2,2,2,-1,-1,0,0,0,0,0,2,1,-1,6,-1,-1,-1,1984,1,13,AUDI TTS,-1,-1,0,-1
2024991411157,2024,991411157,1,9,0,-1,19,7,3,-1,0,0,1,0,1,2,3,1,-1,9,1,30,6,3993,1,10,BENTLEY CONTINENTAL,2,-1,0,2
2024471443144,2024,471443144,1,9,0,-1,9,1,7,-1,0,6,0,0,0,0,3,1,-1,9,1,60,9,3993,1,7,BENTLEY CONTINENTAL,8,E01021107,0,1
2024010524164,2024,010524164,2,9,0,18,19,2,6,0,0,1,0,0,0,0,1,1,6,6,1,54,8,3993,1,11,BENTLEY CONTINENTAL,4,E01000488,0,1
2024451424684,2024,451424684,1,9,0,-1,13,3,7,-1,0,0,0,10,0,0,3,1,-1,9,2,61,9,5950,1,6,BENTLEY CONTINENTAL,9,E01022183,0,5
2024041452221,2024,041452221,2,9,0,-1,19,1,5,-1,0,6,0,0,0,0,3,1,-1,2,1,53,8,5998,1,15,BENTLEY CONTINENTAL,5,E01012706,0,1
2024111429070,2024,111429070,4,9,0,-1,19,4,8,-1,0,1,0,0,0,0,4,1,-1,2,1,67,10,5998,1,16,BENTLEY CONTINENTAL,-1,-1,0,-1
2024010538367,2024,010538367,1,9,0,99,99,9,9,99,99,9,9,99,9,99,9,9,2,2,2,65,9,5998,1,18,BENTLEY CONTINENTAL,6,E01004646,0,1
2024421480932,2024,421480932,1,9,0,-1,20,6,2,-1,0,0,0,4,0,0,2,1,-1,9,1,57,9,5998,1,17,BENTLEY CONTINENTAL,2,E01022019,0,3
2024010518152,2024,010518152,1,9,0,99,99,9,9,99,99,9,9,99,9,99,2,9,2,2,1,43,7,5998,1,15,BENTLEY CONTINENTAL,9,E01004277,0,1
2024010525544,2024,010525544,1,9,0,99,99,9,9,99,99,9,9,99,9,99,2,9,6,6,1,43,7,5998,1,15,BENTLEY CONTINENTAL,9,E01004277,0,1
2024430103584,2024,430103584,2,9,0,18,19,7,3,0,0,8,0,0,0,0,4,1,6,6,1,74,10,3993,1,10,BENTLEY CONTINENTAL,9,E01028794,0,4
2024010539956,2024,010539956,1,9,0,6,6,7,7,0,0,0,0,0,0,0,4,1,6,6,2,60,9,5998,1,11,BENTLEY CONTINENTAL,7,E01017826,0,1
2024622400784,2024,622400784,1,4,0,18,19,6,2,0,0,3,1,0,0,0,1,1,6,6,1,34,6,1098,1,17,-1,9,W01001125,0,1
2024430384254,2024,430384254,2,5,0,18,19,7,3,0,0,8,0,0,0,0,1,1,6,6,1,39,7,803,1,19,DUCATI MONSTER,9,E01017843,0,1
2024231498269,2024,231498269,1,5,0,-1,7,2,3,-1,0,4,0,0,1,0,4,1,-1,6,2,57,9,937,1,1,DUCATI MONSTER,10,E01032271,0,3
2024421426417,2024,421426417,1,5,0,-1,19,8,4,-1,0,2,0,0,0,0,3,1,-1,9,1,63,9,937,1,2,DUCATI MONSTER,10,E01015885,0,3
2024332400749,2024,332400749,1,5,0,-1,19,5,1,-1,0,0,0,0,0,0,2,1,-1,6,1,58,9,916,1,21,DUCATI MONSTER,8,E01031040,0,2
2024421517230,2024,421517230,1,5,0,-1,19,6,2,-1,0,0,1,12,0,0,1,1,-1,9,1,21,5,937,1,0,DUCATI MONSTER,10,E01018288,0,4
2024071050227,2024,071050227,1,5,0,-1,14,1,5,-1,0,1,0,0,1,4,1,1,-1,6,1,27,6,803,1,18,DUCATI MONSTER,3,E01028891,0,4
2024451470222,2024,451470222,1,5,0,-1,19,7,3,-1,0,0,0,0,2,4,1,1,-1,9,1,50,8,937,1,1,DUCATI MONSTER,10,E01030775,0,1
2024010519104,2024,010519104,1,5,0,18,19,1,5,2,2,8,1,0,0,0,1,1,6,6,1,29,6,992,1,16,DUCATI MONSTER,5,E01001404,0,1
2024440149735,2024,440149735,1,5,0,4,4,1,5,0,0,1,0,0,0,0,4,1,6,6,1,68,10,803,1,19,DUCATI MONSTER,5,E01017015,0,3
2024991497431,2024,991497431,2,5,0,-1,4,6,1,-1,0,1,0,0,0,0,2,1,-1,9,1,59,9,937,1,2,DUCATI MONSTER,9,E01008581,0,5
2024430479138,2024,430479138,1,5,0,13,13,7,3,0,0,8,0,0,0,0,4,1,6,6,1,42,7,937,1,3,DUCATI MONSTER,3,E01033422,0,1
2024461459597,2024,461459597,2,5,0,-1,19,8,4,-1,0,1,0,0,0,0,1,1,-1,6,1,52,8,937,1,2,DUCATI MONSTER,6,E01021118,0,3
2024631485783,2024,631485783,2,5,0,-1,19,4,8,-1,0,0,0,0,0,0,1,1,-1,9,1,79,11,937,1,1,DUCATI MONSTER,10,W01001552,0,4
2024141444860,2024,141444860,2,5,0,-1,15,2,6,-1,0,0,0,0,0,0,1,1,-1,9,1,53,8,1690,1,9,-1,3,E01000642,0,5
2024010536142,2024,010536142,1,4,0,99,99,9,9,99,99,9,9,99,9,99,1,1,1,1,1,36,7,330,1,0,HONDA ADV 350,6,E01000726,0,3
2024010531515,2024,010531515,1,3,9,99,99,9,9,99,99,9,9,99,9,99,1,1,1,1,1,38,7,330,1,0,HONDA ADV 350,2,E01001487,0,3
2024010503932,2024,010503932,1,4,0,99,99,9,9,99,99,9,9,99,9,99,9,1,1,1,1,23,5,330,1,1,HONDA ADV 350,8,E01000136,0,1
2024010545433,2024,010545433,2,4,0,18,19,2,6,0,0,8,0,0,0,0,1,1,6,6,1,21,5,330,1,0,HONDA ADV 350,4,E01001002,0,1
2024461448187,2024,461448187,1,4,0,-1,19,3,6,-1,0,2,0,0,0,0,0,1,-1,6,1,18,4,330,1,2,HONDA ADV 350,-1,-1,0,-1
2024311411644,2024,311411644,1,4,0,-1,19,5,1,-1,0,2,1,0,0,0,3,1,-1,6,1,52,8,330,1,0,HONDA ADV 350,8,E01027973,0,3
2024522500178,2024,522500178,1,4,0,18,19,4,8,0,0,0,0,0,0,0,1,1,6,6,1,25,5,330,1,0,HONDA ADV 350,4,E01014906,0,1
2024302500099,2024,302500099,1,4,0,-1,19,4,8,-1,0,0,0,7,1,0,1,1,-1,9,1,22,5,330,1,1,HONDA ADV 350,3,E01019530,0,2
2024522402067,2024,522402067,1,4,0,17,19,6,4,0,0,8,0,0,0,0,1,1,6,6,1,22,5,330,1,0,HONDA ADV 350,4,E01014622,0,1
2024010524862,2024,010524862,1,3,0,99,99,9,9,99,99,9,9,99,9,99,9,1,1,1,1,31,6,330,1,1,HONDA ADV 350,7,E01002927,0,1
2024522500101,2024,522500101,1,4,0,3,3,2,6,0,0,2,0,0,0,0,1,1,6,6,1,30,6,330,1,0,HONDA ADV 350,10,E01014875,0,2
2024522401677,2024,522401677,1,4,0,3,3,5,2,0,0,8,0,0,0,0,1,1,6,6,1,27,6,330,1,0,HONDA ADV 350,8,E01014867,0,3
2024522500228,2024,522500228,1,4,0,18,19,4,8,0,0,2,0,0,0,0,1,1,6,6,1,19,4,330,1,1,HONDA ADV 350,3,E01014684,0,1
2024451399241,2024,451399241,2,4,0,-1,19,5,1,-1,0,0,0,0,0,0,1,1,-1,2,1,50,8,330,1,2,HONDA ADV 350,10,E01030866,0,1
2024010541752,2024,010541752,1,4,0,99,99,9,9,99,99,9,9,99,9,99,9,1,1,1,3,40,7,330,1,1,HONDA ADV 350,6,E01002659,0,1
2024522500406,2024,522500406,1,4,0,3,3,1,5,0,0,0,0,0,0,0,1,1,6,6,1,40,7,330,1,0,HONDA ADV 350,4,E01032715,0,4
2024010489653,2024,010489653,1,3,9,99,99,9,9,99,99,2,9,99,9,99,9,1,6,6,1,55,8,330,1,2,HONDA ADV 350,5,E01023791,0,4
2024522402005,2024,522402005,2,4,0,13,13,1,5,0,0,8,0,0,0,0,4,1,6,6,1,28,6,330,1,0,HONDA ADV 350,7,E01014635,0,1
2024522401785,2024,522401785,1,4,0,18,19,7,3,0,0,8,0,0,0,0,1,1,6,6,2,26,6,330,1,0,HONDA ADV 350,3,E01014695,0,1
2024010524757,2024,010524757,1,4,0,18,19,6,2,0,0,2,2,0,0,0,1,1,2,2,1,32,6,330,1,1,HONDA ADV 350,6,E01000376,0,4
2024522402101,2024,522402101,1,4,0,16,19,3,6,0,0,8,0,0,0,0,1,1,6,6,1,37,7,330,1,0,HONDA ADV 350,1,E01033367,0,1
2024010542168,2024,010542168,1,4,0,99,99,9,9,99,99,9,9,99,9,99,1,1,6,6,1,23,5,330,1,1,HONDA ADV 350,4,E01004569,0,1
2024122500250,2024,122500250,2,9,0,18,19,5,1,0,0,1,0,0,2,3,1,1,6,6,1,41,7,2204,2,15,HONDA FR-V,2,E01013399,0,3
2024302500189,2024,302500189,1,9,0,-1,19,3,7,-1,0,1,0,0,0,0,1,1,-1,6,2,43,7,2204,2,15,HONDA FR-V,3,E01013502,0,1
2024522402575,2024,522402575,2,9,0,18,19,1,5,0,0,8,0,0,0,0,1,1,6,6,1,44,7,1998,1,18,HONDA FR-V,8,E01014739,0,3
2024231415099,2024,231415099,1,9,0,-1,9,3,1,-1,0,6,0,0,0,0,1,1,-1,6,1,28,6,2204,2,17,HONDA FR-V,7,E01031215,0,1
2024440364772,2024,440364772,1,9,0,18,19,4,1,0,0,8,0,0,0,0,1,1,6,6,2,31,6,1799,1,16,HONDA FR-V,6,E01017072,0,1
2024010512145,2024,010512145,2,9,0,7,7,3,5,0,0,6,1,0,0,0,3,1,1,1,2,37,7,1799,1,15,HONDA FR-V,2,E01000018,0,1
2024041469924,2024,041469924,2,9,0,-1,3,1,5,-1,0,6,0,0,0,0,1,1,-1,7,1,43,7,1799,1,17,HONDA FR-V,1,E01025295,0,1
2024201428969,2024,201428969,3,9,0,-1,19,1,5,-1,0,0,0,0,0,0,2,1,-1,9,1,34,6,2204,2,15,HONDA FR-V,3,E01014285,0,4
2024461412985,2024,461412985,2,9,0,-1,2,0,0,-1,-1,2,0,0,0,0,4,1,-1,6,-1,-1,-1,2204,2,15,HONDA FR-V,-1,-1,0,-1
2024131534250,2024,131534250,2,9,0,-1,9,3,1,-1,0,6,0,0,0,0,1,1,-1,6,1,52,8,2204,2,16,HONDA FR-V,1,E01011745,0,3
2024421455014,2024,421455014,1,9,0,-1,19,5,1,-1,0,0,0,0,0,0,1,1,-1,6,1,39,7,2204,2,19,HONDA FR-V,8,E01022092,0,1
2024411409708,2024,411409708,2,9,0,-1,19,5,1,-1,0,0,0,0,0,0,3,1,-1,2,2,36,7,2204,2,18,HONDA FR-V,4,E01023631,0,1
2024201452509,2024,201452509,1,9,5,-1,19,6,2,-1,0,0,0,0,0,0,1,1,-1,6,-1,-1,-1,2204,2,16,HONDA FR-V,-1,-1,0,-1
2024201501853,2024,201501853,2,9,0,-1,19,3,7,-1,0,8,0,0,0,0,1,1,-1,6,2,43,7,1799,1,15,HONDA FR-V,1,E01033638,0,1
2024161512327,2024,161512327,2,9,0,-1,19,2,6,-1,0,0,1,4,1,0,1,1,-1,6,2,40,7,1799,1,16,HONDA FR-V,1,E01035473,0,1
2024010550953,2024,010550953,2,9,0,2,2,0,0,0,0,2,0,4,0,0,4,1,6,6,3,-1,-1,1799,1,16,HONDA FR-V,-1,-1,0,-1
2024010541712,2024,010541712,1,9,0,99,99,9,9,99,99,9,9,99,9,99,1,9,2,2,1,49,8,1799,1,17,HONDA FR-V,3,E01001492,0,1
2024201439772,2024,201439772,2,9,0,-1,3,6,2,-1,0,0,0,0,0,0,2,1,-1,6,1,47,8,1998,1,17,HONDA FR-V,-1,-1,0,-1
2024461445998,2024,461445998,2,9,0,-1,4,1,3,-1,0,0,0,0,0,0,2,9,-1,6,2,44,7,1799,1,16,HONDA FR-V,2,E01024047,0,1
2024031455929,2024,031455929,2,9,0,-1,2,5,1,-1,0,0,0,0,0,0,2,1,-1,6,1,54,8,1799,1,16,HONDA FR-V,4,E01019364,0,1
2024430251494,2024,430251494,2,9,0,16,19,2,6,0,0,0,0,0,0,0,1,1,6,6,1,59,9,2204,2,17,HONDA FR-V,2,E01009575,0,4
2024010521680,2024,010521680,2,9,0,3,3,7,3,0,0,2,0,0,0,0,2,1,6,6,1,58,9,1799,1,15,HONDA FR-V,3,E01003584,0,3
2024010504552,2024,010504552,2,9,0,99,99,9,9,99,99,9,9,99,9,99,9,9,6,6,3,-1,-1,1799,1,16,HONDA FR-V,-1,-1,0,-1
2024461404574,2024,461404574,1,9,0,-1,19,8,3,-1,0,0,0,0,0,0,1,9,-1,2,1,20,4,1799,1,16,HONDA FR-V,-1,-1,0,-1
2024010531149,2024,010531149,2,9,0,18,19,4,8,0,0,1,0,0,0,0,3,1,2,2,1,47,8,1799,1,15,HONDA FR-V,1,E01002280,0,1
2024201522825,2024,201522825,1,9,0,-1,7,4,6,-1,4,5,0,0,7,0,1,1,-1,6,2,50,8,1799,1,17,HONDA FR-V,1,E01034920,0,1
2024201491925,2024,201491925,1,9,0,-1,5,6,2,-1,0,0,0,0,0,0,1,1,-1,6,1,58,9,2204,2,18,HONDA FR-V,8,E01020855,0,5
2024501468441,2024,501468441,2,9,0,-1,4,8,4,-1,0,0,0,0,0,0,2,1,-1,9,2,75,10,2204,2,18,HONDA FR-V,2,E01019990,0,1
2024552401317,2024,552401317,2,9,0,18,19,7,3,0,0,8,0,0,0,0,4,1,3,7,2,32,6,1799,1,15,HONDA FR-V,5,E01015421,0,1
2024430597561,2024,430597561,2,9,0,4,4,5,1,0,0,0,0,0,0,0,2,1,6,6,1,35,6,2204,2,16,HONDA FR-V,7,E01035739,0,3
2024421526756,2024,421526756,1,9,-1,-1,-1,1,5,-1,0,0,-1,-1,-1,0,1,9,-1,6,1,-1,-1,1799,1,17,HONDA FR-V,-1,-1,0,-1
2024010504269,2024,010504269,1,9,0,99,99,9,9,99,99,9,9,99,9,99,2,9,6,6,3,51,8,1998,1,19,HONDA FR-V,2,E01004013,0,1
2024201447561,2024,201447561,2,9,0,-1,19,3,7,-1,0,8,0,0,0,0,4,1,-1,6,1,39,7,1799,1,17,HONDA FR-V,1,E01033890,0,1
2024010540005,2024,010540005,2,9,0,99,99,9,9,99,99,9,9,99,9,99,9,9,6,6,3,-1,-1,1998,1,18,HONDA FR-V,-1,-1,0,-1
2024010522059,2024,010522059,1,11,0,5,5,1,5,0,0,6,0,1,0,0,1,2,1,1,1,51,8,10837,2,4,-1,7,E01000294,0,3
2024211492731,2024,211492731,1,11,0,-1,19,3,7,-1,0,0,0,0,0,0,0,1,-1,1,1,50,8,10837,2,6,-1,5,E01029382,0,2
2024622400490,2024,622400490,1,11,0,9,9,7,4,0,0,8,0,0,0,0,1,1,1,1,1,58,9,9186,2,11,-1,3,W01001990,0,2
2024320471563,2024,320471563,1,17,0,9,9,4,2,0,0,5,0,0,0,0,0,1,1,1,1,23,5,6800,2,13,JOHN DEERE MODEL MISSING,4,E01026416,0,2
2024131515276,2024,131515276,1,17,0,-1,19,5,1,-1,0,0,0,0,0,0,3,1,-1,6,3,-1,-1,-1,2,15,JOHN DEERE MODEL MISSING,-1,-1,0,-1
2024302401178,2024,302401178,2,17,0,18,19,4,8,0,0,0,1,0,0,0,3,1,1,1,2,25,5,-1,2,29,JOHN DEERE MODEL MISSING,8,E01019868,0,1
2024361536289,2024,361536289,2,17,0,-1,9,6,3,-1,0,8,0,0,0,0,1,1,-1,1,1,51,8,-1,2,19,JOHN DEERE MODEL MISSING,5,E01026485,0,1
2024320565537,2024,320565537,2,17,0,-1,-1,8,4,0,0,6,0,0,0,0,2,1,1,1,1,58,9,-1,2,17,JOHN DEERE MODEL MISSING,-1,-1,0,-1
202454A141824,2024,54A141824,1,17,0,18,19,1,5,0,0,0,0,0,0,0,3,1,1,1,1,20,4,-1,2,12,JOHN DEERE MODEL MISSING,10,E01032055,0,1
2024531482025,2024,531482025,2,17,0,-1,19,2,6,-1,0,0,0,0,0,0,1,1,-1,1,1,54,8,-1,2,15,JOHN DEERE MODEL MISSING,7,E01022376,0,3
2024610030724,2024,610030724,2,17,4,18,19,9,9,0,0,0,0,0,0,0,3,1,1,1,1,19,4,6788,2,15,JOHN DEERE MODEL MISSING,10,W01001533,0,1
2024302400916,2024,302400916,1,17,0,16,19,5,8,0,0,0,0,0,0,0,1,1,6,6,3,-1,-1,4525,2,14,JOHN DEERE MODEL MISSING,-1,-1,0,-1
2024351436079,2024,351436079,2,17,4,-1,9,5,3,-1,0,5,0,0,0,0,3,1,-1,1,1,22,5,-1,2,14,JOHN DEERE MODEL MISSING,9,E01018278,0,1
2024031456436,2024,031456436,1,17,0,-1,5,5,1,-1,0,6,0,0,0,0,1,2,-1,1,1,18,4,4525,2,13,JOHN DEERE MODEL MISSING,-1,-1,0,-1
2024122400827,2024,122400827,2,17,4,9,9,7,5,0,0,8,0,0,0,0,3,1,1,1,3,17,4,-1,2,20,JOHN DEERE MODEL MISSING,7,E01027681,0,2
2024991472546,2024,991472546,2,17,0,-1,19,7,3,-1,0,0,0,0,0,0,0,1,-1,1,1,31,6,6788,2,10,JOHN DEERE MODEL MISSING,-1,-1,0,-1
2024361543808,2024,361543808,1,17,0,-1,19,-1,-1,-1,0,0,1,4,0,0,1,1,-1,1,1,18,4,4525,2,12,JOHN DEERE MODEL MISSING,5,E01018088,0,2
2024471522925,2024,471522925,2,3,0,-1,19,5,1,-1,0,1,0,0,0,0,1,1,-1,2,1,36,7,125,1,3,LEXMOTO AURA,4,E01030816,0,2
2024311396630,2024,311396630,2,3,0,-1,13,6,2,-1,0,8,0,0,0,0,1,1,-1,6,1,21,5,125,1,1,LEXMOTO AURA,8,E01019707,0,3
2024451423750,2024,451423750,2,3,0,-1,19,6,2,-1,0,0,2,0,0,0,1,1,-1,6,3,20,4,125,1,3,LEXMOTO AURA,-1,-1,0,-1
2024451489776,2024,451489776,1,3,0,-1,4,1,5,-1,0,0,0,0,0,0,2,1,-1,9,2,45,7,125,1,2,LEXMOTO AURA,7,E01030429,0,1
2024401484590,2024,401484590,1,3,0,-1,19,-1,-1,-1,0,0,0,0,0,0,1,1,-1,6,1,-1,-1,125,1,1,LEXMOTO AURA,-1,-1,0,-1
2024421517287,2024,421517287,2,3,0,-1,19,8,4,-1,0,1,0,0,0,0,1,1,-1,1,1,25,5,125,1,4,LEXMOTO AURA,4,E01003562,0,3
2024141441295,2024,141441295,1,3,0,-1,13,5,1,-1,0,0,0,0,0,0,2,1,-1,6,1,26,6,125,1,0,LEXMOTO AURA,1,E01007339,0,1
2024552401454,2024,552401454,2,3,0,18,19,6,2,0,0,8,0,0,0,0,1,1,1,1,1,30,6,125,1,0,LEXMOTO AURA,8,E01020421,0,1
2024010546475,2024,010546475,1,3,0,18,19,1,5,0,0,1,0,0,0,0,2,1,1,1,1,19,4,125,1,2,LEXMOTO AURA,5,E01001164,0,1
2024131529343,2024,131529343,1,3,0,-1,19,7,5,-1,0,1,0,0,0,0,1,1,-1,9,1,19,4,125,1,0,LEXMOTO AURA,1,E01011362,0,1
2024211448151,2024,211448151,1,3,0,-1,19,6,2,-1,0,0,0,0,0,0,1,1,-1,6,1,19,4,125,1,2,LEXMOTO AURA,1,E01014354,0,1
2024141454067,2024,141454067,2,3,0,-1,19,7,3,-1,0,2,0,0,0,0,1,1,-1,2,1,30,6,125,1,2,LEXMOTO AURA,1,E01007320,0,1
2024520402804,2024,520402804,1,3,0,18,19,5,1,0,0,0,0,0,0,0,0,1,6,6,2,21,5,125,1,3,LEXMOTO AURA,6,E01029157,0,2
2024371435107,2024,371435107,1,3,0,-1,19,8,4,-1,0,0,1,0,1,0,1,1,-1,6,1,17,4,125,1,2,LEXMOTO AURA,4,E01029892,0,2
2024320750232,2024,320750232,1,4,0,-1,-1,8,4,0,0,2,5,0,1,0,4,1,-1,-1,2,36,7,125,1,3,LEXMOTO AURA,6,E01026151,0,3
2024131407034,2024,131407034,2,3,0,-1,19,8,7,-1,0,1,0,0,0,0,1,1,-1,2,1,52,8,125,1,1,LEXMOTO AURA,3,E01011779,0,1
2024201458482,2024,201458482,2,4,0,-1,3,7,3,-1,0,0,0,0,0,0,1,1,-1,1,1,36,7,125,1,1,LEXMOTO AURA,-1,-1,0,-1
2024010545759,2024,010545759,1,3,0,99,99,9,9,99,99,9,9,99,9,99,1,1,1,1,3,33,6,125,1,2,LEXMOTO AURA,4,E01003548,0,2
2024010525948,2024,010525948,2,3,0,99,99,9,9,99,99,9,9,99,9,99,1,1,6,6,1,33,6,125,1,2,LEXMOTO AURA,4,E01000171,0,3
2024010532173,2024,010532173,1,3,0,18,19,8,4,4,4,0,0,0,0,0,3,1,6,6,1,19,4,125,1,1,LEXMOTO AURA,4,E01003020,0,2
2024451499577,2024,451499577,1,3,0,-1,19,1,5,-1,0,0,0,0,0,0,1,1,-1,9,1,22,5,125,1,2,LEXMOTO AURA,4,E01030816,0,1
2024010529507,2024,010529507,1,3,0,99,99,9,9,99,99,9,9,99,9,99,9,1,1,1,3,41,7,125,1,0,LEXMOTO AURA,6,E01001644,0,1
2024540407724,2024,540407724,2,3,0,18,19,3,7,0,0,8,0,0,0,0,1,1,1,1,1,19,4,125,1,2,LEXMOTO AURA,8,E01034537,0,1
2024371505021,2024,371505021,1,4,0,-1,19,2,6,-1,0,1,0,0,0,0,4,1,-1,9,1,19,4,125,1,0,LEXMOTO AURA,1,E01030249,0,1
2024122400324,2024,122400324,2,3,0,9,9,4,2,0,0,8,0,0,0,0,4,1,2,2,1,49,8,125,1,2,LEXMOTO AURA,7,E01011556,0,3
2024010507153,2024,010507153,2,3,0,9,9,5,4,0,0,1,0,0,0,0,1,1,2,2,2,26,6,125,1,3,LEXMOTO AURA,6,E01034590,0,3
2024122500073,2024,122500073,2,3,0,16,19,4,8,0,0,0,0,0,0,0,3,1,6,6,1,17,4,125,1,0,LEXMOTO AURA,8,E01034960,0,2
2024010507534,2024,010507534,1,3,0,99,99,9,9,99,99,9,9,99,9,99,1,1,1,1,3,34,6,125,1,2,LEXMOTO AURA,2,E01002033,0,2
2024010498572,2024,010498572,1,3,0,99,99,9,9,99,99,9,9,99,9,99,9,1,6,6,3,24,5,125,1,2,LEXMOTO AURA,2,E01002100,0,4
2024451480288,2024,451480288,1,3,0,-1,19,7,3,-1,9,0,0,0,7,0,1,1,-1,6,1,24,5,125,1,0,LEXMOTO AURA,5,E01030980,0,1
2024501508324,2024,501508324,2,3,0,-1,19,3,7,-1,0,0,0,0,0,0,1,1,-1,2,1,40,7,125,1,3,LEXMOTO AURA,4,E01015175,0,1
2024430587789,2024,430587789,1,3,0,4,4,6,2,0,0,1,1,0,0,0,4,1,2,2,1,21,5,125,1,3,LEXMOTO AURA,10,E01017621,0,3
2024010498043,2024,010498043,2,5,0,18,19,3,7,0,0,1,5,0,0,0,1,1,2,2,1,24,5,125,1,1,LEXMOTO AURA,6,E01000514,0,1
2024311555691,2024,311555691,2,3,0,-1,19,7,3,-1,0,1,2,0,0,0,1,1,-1,6,1,20,4,125,1,4,LEXMOTO AURA,5,E01028250,0,1
2024440216546,2024,440216546,1,9,0,9,9,1,7,0,0,8,0,0,0,0,4,1,6,6,1,63,9,-1,3,0,MERCEDES EQE CLASS,10,E01022771,0,3
2024411481301,2024,411481301,1,9,0,-1,-1,-1,-1,-1,0,1,0,0,0,0,4,9,-1,9,1,46,8,-1,3,1,MERCEDES EQE CLASS,10,E01023355,0,1
2024010539885,2024,010539885,2,9,0,18,19,3,7,0,0,8,0,0,0,0,2,1,6,6,1,39,7,-1,3,2,MERCEDES EQE CLASS,4,E01002663,0,1
2024461443000,2024,461443000,2,9,0,-1,5,1,5,-1,0,0,0,0,0,0,1,9,-1,6,1,48,8,-1,3,2,MERCEDES EQE CLASS,5,E01035292,0,1
2024010536084,2024,010536084,1,9,0,18,19,1,5,0,0,0,0,0,0,0,3,1,6,6,1,41,7,-1,3,0,MERCEDES EQE CLASS,6,E01001342,0,1