collision_index,collision_year,collision_ref_no,vehicle_reference,vehicle_type,towing_and_articulation,vehicle_manoeuvre_historic,vehicle_manoeuvre,vehicle_direction_from,vehicle_direction_to,vehicle_location_restricted_lane_historic,vehicle_location_restricted_lane,junction_location,skidding_and_overturning,hit_object_in_carriageway,vehicle_leaving_carriageway,hit_object_off_carriageway,first_point_of_impact,vehicle_left_hand_drive,journey_purpose_of_driver_historic,journey_purpose_of_driver,sex_of_driver,age_of_driver,age_band_of_driver,engine_capacity_cc,propulsion_code,age_of_vehicle,generic_make_model,driver_imd_decile,lsoa_of_driver,escooter_flag,driver_distance_banding
2024010549982,2024,010549982,1,9,0,18,19,7,3,0,0,0,0,0,0,0,4,1,1,1,1,63,9,-1,3,1,MERCEDES EQE CLASS,7,E01001566,0,3
2024010533116,2024,010533116,2,9,0,99,99,9,9,99,99,9,9,99,9,99,1,9,6,6,3,-1,-1,-1,3,2,MERCEDES EQE CLASS,10,E01003465,0,3
2024401516179,2024,401516179,1,9,0,-1,5,3,7,-1,0,0,0,0,0,0,1,1,-1,1,1,39,7,-1,3,1,MERCEDES EQE CLASS,3,E01015730,0,1
2024401477313,2024,401477313,1,9,0,-1,19,6,2,-1,0,8,0,0,0,0,3,1,-1,9,1,50,8,-1,3,1,MERCEDES EQE CLASS,8,E01034433,0,1
2024010533620,2024,010533620,2,8,0,12,12,9,9,99,99,0,9,99,9,99,9,1,6,6,3,-1,-1,-1,3,1,MERCEDES EQE CLASS,-1,-1,0,-1
2024010546137,2024,010546137,2,9,0,99,99,9,9,99,99,9,9,99,9,99,1,9,6,6,3,-1,-1,-1,3,1,MERCEDES EQE CLASS,3,E01002028,0,2
2024061523663,2024,061523663,2,9,0,-1,19,-1,-1,-1,0,0,0,0,0,0,1,1,-1,6,3,-1,-1,-1,3,1,MERCEDES EQE CLASS,-1,-1,0,-1
2024991425972,2024,991425972,1,9,0,-1,19,3,8,-1,0,0,0,0,0,0,1,1,-1,6,1,59,9,-1,3,2,MERCEDES EQE CLASS,10,-1,0,1
2024010518523,2024,010518523,1,9,0,18,19,5,1,0,0,0,0,0,0,0,1,1,6,6,3,41,7,-1,3,1,MERCEDES EQE CLASS,3,E01004033,0,3
2024010500279,2024,010500279,1,9,0,3,3,2,6,0,0,2,0,0,0,0,0,1,1,1,1,55,8,-1,3,0,MERCEDES EQE CLASS,5,E01004127,0,3
2024010540187,2024,010540187,1,9,0,18,19,6,2,0,0,0,0,0,0,0,4,1,6,6,1,30,6,-1,3,1,MERCEDES EQE CLASS,3,E01004169,0,3
2024010528595,2024,010528595,1,9,0,16,19,1,5,0,0,0,1,0,0,0,1,1,1,1,1,40,7,-1,3,2,MERCEDES EQE CLASS,6,E01000231,0,2
2024010495199,2024,010495199,1,8,0,18,19,1,5,0,0,0,1,0,0,0,3,1,1,1,1,51,8,-1,3,1,MERCEDES EQE CLASS,7,E01004081,0,3
2024010525336,2024,010525336,1,9,0,5,5,0,1,9,9,0,0,0,0,0,0,1,1,1,3,50,8,-1,3,1,MERCEDES EQE CLASS,4,E01003440,0,1
2024010509885,2024,010509885,1,9,0,13,13,4,8,0,0,2,0,0,0,0,1,1,1,1,1,33,6,-1,3,1,MERCEDES EQE CLASS,5,E01000516,0,3
2024010534472,2024,010534472,2,9,0,6,6,5,5,0,0,0,0,0,0,0,1,1,1,1,1,62,9,-1,3,2,MERCEDES EQE CLASS,7,E01002912,0,1
2024010537674,2024,010537674,2,8,0,99,99,9,9,99,99,9,9,99,9,99,2,9,1,1,1,44,7,-1,3,1,MERCEDES EQE CLASS,4,E01001090,0,1
2024201506610,2024,201506610,1,9,0,-1,19,6,1,-1,0,0,0,0,0,0,2,1,-1,6,1,31,6,1999,8,0,-1,2,E01010021,0,2
2024361487733,2024,361487733,2,4,0,-1,19,1,5,-1,0,1,0,0,0,0,1,1,-1,6,1,52,8,125,1,27,-1,5,E01026466,0,1
2024471530999,2024,471530999,2,3,0,-1,19,8,4,-1,0,1,0,0,7,0,4,1,-1,6,1,17,4,124,1,14,YAMAHA XT,5,E01034299,0,2
2024440461949,2024,440461949,1,5,0,18,19,7,3,0,0,8,0,0,0,0,1,1,6,6,1,59,9,659,1,13,YAMAHA XT,5,E01015380,0,3
2024501410873,2024,501410873,2,5,0,-1,19,8,5,-1,0,8,0,0,0,0,1,1,-1,2,1,25,5,599,1,19,YAMAHA XT,6,E01020143,0,1
2024010527005,2024,010527005,1,5,0,3,3,4,8,0,0,1,0,0,0,0,1,1,6,6,1,39,7,659,1,11,YAMAHA XT,5,E01003155,0,1
2024471419595,2024,471419595,1,5,0,-1,19,3,7,-1,0,1,0,0,1,0,4,1,-1,9,1,22,5,659,1,15,YAMAHA XT,3,E01031830,0,1
2024440291217,2024,440291217,1,5,0,18,19,2,6,0,0,1,0,0,0,0,1,1,2,2,1,57,9,659,1,19,YAMAHA XT,3,E01017346,0,1
2024320754737,2024,320754737,2,3,0,4,4,8,4,0,0,1,0,0,0,0,2,1,-1,-1,2,46,8,660,1,16,YAMAHA XT,9,E01026402,0,4
2024302401267,2024,302401267,1,4,0,18,19,4,8,0,0,1,1,0,0,0,1,1,6,6,1,19,4,124,1,16,YAMAHA XT,1,E01019561,0,2
2024552400699,2024,552400699,2,5,0,18,19,6,2,0,0,8,0,0,0,0,4,1,6,6,1,37,7,1199,1,10,YAMAHA XT,5,E01020456,0,3
2024501490679,2024,501490679,1,5,0,-1,19,1,5,-1,0,0,5,0,0,0,4,1,-1,6,1,21,5,659,1,17,YAMAHA XT,4,E01018951,0,1
2024552400975,2024,552400975,2,3,0,18,19,5,1,0,0,8,1,0,0,0,0,1,2,2,1,19,4,124,1,16,YAMAHA XT,5,E01020562,0,4
2024041469051,2024,041469051,1,5,0,-1,13,6,2,-1,0,0,1,0,0,0,4,1,-1,9,1,22,5,660,1,15,YAMAHA XT,3,E01004816,0,3
2024010539130,2024,010539130,1,5,0,99,99,9,9,99,99,9,9,99,9,99,1,1,1,1,1,38,7,659,1,10,YAMAHA XT,3,E01030952,0,4
2024010535606,2024,010535606,2,5,0,18,19,5,1,0,0,1,5,0,0,0,1,1,6,6,1,35,6,659,1,19,YAMAHA XT,9,E01001379,0,3
2024501463527,2024,501463527,1,3,0,-1,19,5,1,-1,0,1,2,0,1,0,4,1,-1,6,1,17,4,124,1,15,YAMAHA XT,5,E01020101,0,3
2024371415270,2024,371415270,2,5,0,-1,4,2,4,-1,0,0,0,0,0,0,4,1,-1,6,1,55,8,659,1,19,YAMAHA XT,4,E01029940,0,3
2024221450191,2024,221450191,3,5,0,-1,4,7,3,-1,0,8,0,0,0,0,2,1,-1,9,1,58,9,1199,1,9,YAMAHA XT,7,E01028889,0,4
2024221494423,2024,221494423,1,5,0,-1,14,7,2,-1,0,8,0,0,0,0,1,1,-1,6,1,60,9,659,1,15,YAMAHA XT,5,E01029016,0,2
2024010531708,2024,010531708,2,3,0,99,99,9,9,99,99,9,9,99,9,99,1,1,1,1,1,42,7,659,1,10,YAMAHA XT,9,E01030964,0,4
2024070096118,2024,070096118,1,3,0,18,19,0,0,0,0,0,0,0,0,0,4,1,6,6,1,20,4,124,1,23,-1,2,E01014298,0,4
2024311527097,2024,311527097,1,11,0,-1,19,1,5,-1,2,1,0,0,0,0,1,1,-1,1,2,40,7,-1,3,0,-1,6,E01028283,0,4
2024131533821,2024,131533821,1,3,0,-1,19,5,1,-1,0,0,1,4,0,0,3,1,-1,9,1,39,7,-1,-1,-1,-1,1,E01010777,0,2
2024430532970,2024,430532970,1,2,0,18,19,5,1,0,0,1,0,0,0,0,1,1,6,6,1,17,4,50,1,1,-1,10,E01035756,0,1
2024430559467,2024,430559467,2,2,0,18,19,1,5,0,0,8,0,0,0,0,4,1,2,2,1,17,4,50,1,1,-1,8,E01028716,0,3
2024070958901,2024,070958901,1,3,0,-1,19,5,1,-1,0,0,2,0,0,0,4,1,-1,2,1,16,4,-1,-1,-1,-1,6,E01018743,0,1
2024031404379,2024,031404379,1,2,0,-1,5,3,7,-1,0,3,0,0,0,0,2,1,-1,6,1,17,4,50,1,4,-1,-1,-1,0,-1
2024440006789,2024,440006789,1,2,0,18,19,6,2,0,0,1,0,0,0,0,1,1,4,7,2,18,4,50,1,2,-1,6,E01022777,0,2
2024221424521,2024,221424521,2,2,0,-1,10,3,1,-1,0,8,0,0,0,0,2,1,-1,1,1,17,4,50,1,2,-1,8,E01013990,0,1
2024501421751,2024,501421751,1,4,0,-1,19,3,7,-1,0,0,0,0,0,0,4,1,-1,6,1,57,9,124,1,16,-1,4,E01019006,0,1
2024501515441,2024,501515441,2,2,0,-1,9,5,3,-1,0,8,5,0,0,0,1,1,-1,1,1,16,4,50,1,19,-1,5,E01020331,0,1
2024201439174,2024,201439174,2,5,0,-1,13,7,3,-1,0,2,1,0,0,0,1,1,-1,9,1,33,6,748,1,21,-1,-1,-1,0,-1
2024320155670,2024,320155670,1,8,0,9,9,2,7,0,0,5,0,0,1,1,1,1,1,1,1,31,6,1995,2,5,-1,2,E01026101,0,3
2024161497791,2024,161497791,1,8,0,-1,19,2,6,-1,0,4,0,0,0,0,1,1,-1,1,1,44,7,1995,2,7,-1,2,E01013187,0,1
2024361414496,2024,361414496,1,8,0,-1,19,1,5,-1,0,8,0,0,0,0,3,1,-1,1,1,34,6,1995,2,6,-1,1,E01026626,0,1
2024440195125,2024,440195125,1,9,0,4,4,2,6,0,0,0,0,0,0,0,2,1,1,1,1,47,8,1995,2,6,-1,4,E01031494,0,4
2024421476613,2024,421476613,1,5,0,-1,19,5,1,-1,0,0,2,0,1,0,1,1,-1,9,1,67,10,-1,-1,-1,-1,4,E01017370,0,5
2024010542775,2024,010542775,2,3,0,99,99,9,9,99,99,9,9,99,9,99,9,1,6,6,1,22,5,125,1,1,HONDA NSS,1,E01000643,0,1
2024201481117,2024,201481117,2,3,0,-1,19,3,7,-1,0,8,0,0,0,0,4,1,-1,6,1,31,6,279,1,10,HONDA NSS,-1,-1,0,-1
2024010548046,2024,010548046,1,3,0,18,19,7,3,0,0,1,0,0,0,0,1,1,1,1,1,25,5,125,1,2,HONDA NSS,4,E01001023,0,1
2024010520746,2024,010520746,1,3,0,99,99,9,9,99,99,9,9,99,9,99,9,1,1,1,3,28,6,125,1,6,HONDA NSS,4,E01004373,0,1
2024010499031,2024,010499031,1,3,0,99,99,9,9,99,99,9,9,99,9,99,1,1,1,1,1,31,6,125,1,2,HONDA NSS,6,E01017839,0,4
2024010537212,2024,010537212,1,3,0,13,13,1,5,0,0,2,0,0,0,0,1,1,1,1,1,49,8,125,1,2,HONDA NSS,-1,-1,0,-1
2024010507636,2024,010507636,2,3,0,4,4,5,1,0,0,2,0,0,1,0,2,1,1,1,1,40,7,125,1,1,HONDA NSS,5,E01004601,0,1
2024351418408,2024,351418408,1,4,0,-1,19,4,7,-1,0,0,2,0,7,0,4,1,-1,6,1,22,5,279,1,4,HONDA NSS,2,E01000525,0,4
2024010532962,2024,010532962,2,4,0,3,3,5,1,0,0,1,0,0,0,0,2,1,6,6,1,52,8,279,1,11,HONDA NSS,5,E01002001,0,1
2024010501062,2024,010501062,1,3,0,99,99,9,9,99,99,9,9,99,9,99,9,1,1,1,1,46,8,125,1,5,HONDA NSS,8,E01000118,0,1
2024010501094,2024,010501094,1,4,0,99,99,9,9,99,99,9,9,99,9,99,2,1,2,2,1,46,8,125,1,5,HONDA NSS,8,E01002163,0,1
2024522403258,2024,522403258,1,4,0,18,19,6,2,0,0,3,0,10,0,0,1,1,6,6,1,32,6,330,1,1,HONDA NSS,7,E01014909,0,1
2024010512038,2024,010512038,2,3,0,18,19,1,5,0,0,1,0,0,0,0,1,1,1,1,1,38,7,125,1,2,HONDA NSS,5,E01001914,0,1
2024610041924,2024,610041924,2,3,0,14,14,8,4,0,0,1,0,0,0,0,1,1,1,1,2,41,7,330,1,1,HONDA NSS,1,W01001643,0,1
2024010488435,2024,010488435,1,3,0,5,5,5,1,0,0,6,0,0,0,0,0,1,6,6,1,28,6,125,1,6,HONDA NSS,4,E01003025,0,1
2024471430153,2024,471430153,2,3,0,-1,19,8,2,-1,0,2,0,0,0,0,4,1,-1,1,1,35,6,125,1,5,HONDA NSS,8,E01016923,0,1
2024010487426,2024,010487426,1,3,0,7,7,5,8,0,0,2,0,0,0,0,1,1,6,6,1,32,6,125,1,1,HONDA NSS,3,E01000495,0,2
2024010500298,2024,010500298,2,3,0,7,7,5,7,0,0,1,0,0,0,0,1,1,6,6,1,49,8,125,1,3,HONDA NSS,8,E01004648,0,1
2024010517430,2024,010517430,1,4,0,10,10,5,2,0,0,1,0,0,0,0,3,1,2,2,1,53,8,330,1,2,HONDA NSS,-1,-1,0,-1
2024010504373,2024,010504373,1,3,0,99,99,9,9,99,99,9,9,99,9,99,1,1,6,6,1,36,7,125,1,5,HONDA NSS,4,E01003937,0,1
2024010548533,2024,010548533,2,3,0,17,19,3,7,0,0,1,0,0,0,0,1,1,1,1,1,51,8,125,1,2,HONDA NSS,2,E01004067,0,1
2024320695980,2024,320695980,1,3,0,-1,-1,2,6,0,0,0,5,0,0,0,3,1,6,6,1,52,8,125,1,1,HONDA NSS,5,E01026054,0,4
2024522400969,2024,522400969,1,4,0,18,19,2,6,0,0,1,0,0,0,0,1,1,6,6,2,56,9,330,1,1,HONDA NSS,10,E01014987,0,1
2024351400392,2024,351400392,1,3,0,-1,14,8,4,-1,0,0,5,0,0,0,1,1,-1,1,1,26,6,125,1,4,HONDA NSS,6,E01017962,0,1
2024451454304,2024,451454304,1,3,0,-1,19,1,3,-1,0,3,5,0,0,0,4,1,-1,6,1,33,6,125,1,2,HONDA NSS,10,E01030395,0,4
2024010529796,2024,010529796,2,3,0,18,19,1,5,0,0,1,0,0,0,0,1,1,6,6,1,29,6,125,1,3,HONDA NSS,-1,-1,0,-1
2024161459845,2024,161459845,1,3,0,-1,19,1,5,-1,0,0,0,0,0,0,0,1,-1,6,1,-1,-1,125,1,0,HONDA NSS,-1,-1,0,-1
2024451495231,2024,451495231,1,4,0,-1,13,6,2,-1,0,1,0,4,0,0,1,1,-1,6,1,20,4,125,1,5,HONDA NSS,6,E01034290,0,2
2024010525515,2024,010525515,1,3,0,99,99,9,9,99,99,9,9,99,9,99,9,1,6,6,3,30,6,125,1,7,HONDA NSS,6,E01004485,0,2
2024430417671,2024,430417671,2,3,0,18,19,4,8,0,0,8,0,0,0,0,1,1,6,6,1,35,6,125,1,5,HONDA NSS,9,E01016407,0,1
2024010524614,2024,010524614,1,3,0,18,19,1,5,0,0,2,0,0,0,0,1,1,2,2,1,48,8,125,1,9,HONDA NSS,2,E01002002,0,2
2024010512560,2024,010512560,1,3,0,99,99,9,9,99,99,8,9,99,9,99,9,1,2,2,3,23,5,125,1,3,HONDA NSS,5,E01001960,0,1
2024421485388,2024,421485388,2,4,0,-1,19,8,4,-1,0,0,0,0,0,0,1,1,-1,9,1,40,7,330,1,1,HONDA NSS,4,E01021853,0,2
2024010523928,2024,010523928,1,3,0,99,99,9,9,99,99,5,9,99,9,99,2,1,2,2,1,22,5,125,1,6,HONDA NSS,1,E01003515,0,1
2024010522589,2024,010522589,1,3,0,99,99,9,9,99,99,9,9,99,9,99,9,1,1,1,3,42,7,125,1,0,HONDA NSS,6,E01003433,0,3
2024522500147,2024,522500147,1,4,0,3,3,5,1,0,0,0,0,0,0,0,1,1,6,6,1,33,6,330,1,0,HONDA NSS,8,E01014953,0,2
2024010542321,2024,010542321,1,3,0,99,99,9,9,99,99,9,9,99,9,99,9,1,2,2,3,27,6,125,1,6,HONDA NSS,3,E01000481,0,2
2024010528554,2024,010528554,1,3,0,99,99,9,9,99,99,5,9,99,9,99,9,1,3,7,3,25,5,125,1,5,HONDA NSS,3,E01000522,0,2
2024010526906,2024,010526906,3,3,0,4,4,5,1,0,0,0,0,0,0,0,2,1,1,1,1,38,7,125,1,4,HONDA NSS,5,E01003645,0,1
2024010513689,2024,010513689,1,3,0,99,99,9,9,99,99,1,9,99,9,99,9,1,1,1,3,42,7,125,1,0,HONDA NSS,6,E01003433,0,1
2024010537156,2024,010537156,1,3,0,99,99,9,9,99,99,9,9,99,9,99,9,1,6,6,3,35,6,125,1,0,HONDA NSS,5,E01004612,0,2
2024201445743,2024,201445743,2,3,0,-1,19,8,4,-1,0,8,0,0,0,0,1,1,-1,9,1,15,3,125,1,9,HONDA NSS,2,E01010038,0,1
2024010523992,2024,010523992,1,3,0,99,99,9,9,99,99,9,9,99,9,99,9,1,6,6,1,30,6,125,1,6,HONDA NSS,6,E01016963,0,4
2024471492695,2024,471492695,1,3,0,-1,19,1,5,-1,0,8,0,0,0,0,1,1,-1,1,1,22,5,125,1,5,HONDA NSS,4,E01016882,0,1
2024010535156,2024,010535156,1,4,0,99,99,9,9,99,99,0,9,99,9,99,9,1,1,1,1,42,7,330,1,1,HONDA NSS,6,E01002919,0,1
2024010503571,2024,010503571,1,3,0,99,99,9,9,99,99,9,9,99,9,99,1,1,6,6,1,30,6,125,1,7,HONDA NSS,2,E01001479,0,4
2024010542370,2024,010542370,2,3,0,10,10,1,7,0,0,1,0,0,0,0,2,1,6,6,1,40,7,125,1,2,HONDA NSS,3,E01034393,0,3
2024010504549,2024,010504549,1,4,0,99,99,9,9,99,99,9,9,99,9,99,9,1,1,1,1,37,7,330,1,2,HONDA NSS,4,E01001435,0,3
2024010498781,2024,010498781,1,3,0,99,99,9,9,99,99,0,9,99,9,99,9,1,1,1,1,36,7,125,1,2,HONDA NSS,3,E01001215,0,3
2024010545441,2024,010545441,1,3,0,99,99,9,9,99,99,9,9,99,9,99,9,1,2,2,1,35,6,125,1,3,HONDA NSS,8,E01001046,0,3
2024471485291,2024,471485291,1,4,0,-1,19,4,8,-1,0,0,0,0,0,0,1,1,-1,6,1,33,6,279,1,4,HONDA NSS,2,E01016978,0,1
2024010544662,2024,010544662,1,3,0,99,99,9,9,99,99,9,9,99,9,99,1,1,1,1,1,27,6,279,1,4,HONDA NSS,5,E01016135,0,4
2024010505389,2024,010505389,1,4,0,99,99,9,9,99,99,9,9,99,9,99,9,1,1,1,1,26,6,279,1,9,HONDA NSS,7,E01024133,0,4
2024622400138,2024,622400138,1,3,0,16,19,7,3,0,0,0,0,4,0,0,1,1,2,2,1,28,6,125,1,2,HONDA NSS,2,W01000756,0,3
2024451526575,2024,451526575,1,3,0,-1,19,3,7,-1,99,2,0,0,0,0,1,1,-1,6,1,39,7,125,1,2,HONDA NSS,8,E01034286,0,1
2024010496798,2024,010496798,2,3,0,5,5,6,2,0,0,7,0,0,8,10,4,1,1,1,1,29,6,125,1,7,HONDA NSS,7,E01004597,0,2
2024211473296,2024,211473296,2,3,0,-1,9,5,1,-1,0,1,0,0,0,0,1,1,-1,6,1,32,6,125,1,0,HONDA NSS,1,E01014269,0,1
2024010525844,2024,010525844,1,3,0,99,99,9,9,99,99,9,9,99,9,99,1,1,1,1,1,36,7,125,1,3,HONDA NSS,10,E01021745,0,2
2024401518690,2024,401518690,1,3,0,-1,3,2,6,-1,0,1,0,0,0,0,2,1,-1,6,1,39,7,125,1,8,HONDA NSS,3,E01015701,0,1
2024010509382,2024,010509382,1,4,0,18,19,9,9,99,99,0,9,99,9,99,1,1,6,6,1,24,5,125,1,3,HONDA NSS,5,E01002640,0,1
2024010533444,2024,010533444,1,3,0,99,99,9,9,99,99,9,9,99,9,99,9,1,1,1,2,28,6,125,1,4,HONDA NSS,2,E01004040,0,2
2024010502053,2024,010502053,1,3,0,99,99,9,9,99,99,9,9,99,9,99,9,1,1,1,1,-1,-1,125,1,2,HONDA NSS,6,E01004697,0,1
2024010507701,2024,010507701,1,3,0,99,99,9,9,99,99,9,9,99,9,99,9,1,1,1,1,45,7,125,1,5,HONDA NSS,-1,-1,0,-1
2024010510083,2024,010510083,1,3,0,99,99,9,9,99,99,9,9,99,9,99,1,1,6,6,1,24,5,125,1,1,HONDA NSS,5,E01001189,0,4
2024010547138,2024,010547138,1,3,0,99,99,9,9,99,99,9,9,99,9,99,1,1,6,6,1,30,6,125,1,2,HONDA NSS,3,E01000638,0,2
2024052402391,2024,052402391,2,4,0,3,3,4,8,0,0,1,0,0,0,0,1,1,2,2,1,54,8,125,1,1,HONDA NSS,2,E01007020,0,1
2024010500766,2024,010500766,1,4,0,99,99,9,9,99,99,9,9,99,9,99,9,1,1,1,1,22,5,330,1,3,HONDA NSS,1,E01000595,0,1
2024010537841,2024,010537841,1,3,0,10,10,3,8,0,0,1,0,0,0,0,2,1,6,6,1,27,6,125,1,6,HONDA NSS,7,E01003397,0,2
2024421401473,2024,421401473,2,3,0,-1,10,5,3,-1,0,1,0,0,0,0,1,1,-1,6,1,40,7,125,1,1,HONDA NSS,8,E01021791,0,2
2024010517965,2024,010517965,1,3,0,99,99,9,9,99,99,9,9,99,9,99,2,1,1,1,1,27,6,125,1,4,HONDA NSS,2,E01000025,0,4
2024501530518,2024,501530518,1,3,0,-1,19,3,7,-1,0,0,1,0,0,0,1,1,-1,9,2,50,8,125,1,5,HONDA NSS,10,E01030624,0,5
2024010495953,2024,010495953,2,4,0,13,13,3,7,0,0,1,5,0,0,0,1,1,6,6,1,21,5,125,1,6,HONDA NSS,5,E01004564,0,1
2024010515447,2024,010515447,1,3,0,18,19,1,5,0,0,8,0,0,0,0,1,1,2,2,1,53,8,125,1,8,HONDA NSS,1,E01004754,0,3
2024010498076,2024,010498076,1,3,0,99,99,9,9,99,99,0,9,99,9,99,9,1,1,1,3,20,4,125,1,9,HONDA NSS,4,E01032715,0,5
2024471494527,2024,471494527,1,3,0,-1,19,1,7,-1,0,1,0,0,1,2,1,1,-1,1,1,25,5,125,1,0,HONDA NSS,4,E01020957,0,4
2024010505259,2024,010505259,2,3,0,15,15,8,4,2,2,8,0,0,0,0,3,1,6,6,1,43,7,125,1,2,HONDA NSS,3,E01004036,0,1
2024010532419,2024,010532419,1,3,0,18,19,5,1,0,0,2,0,0,0,0,3,1,6,6,1,31,6,125,1,1,HONDA NSS,-1,-1,0,-1
2024010546221,2024,010546221,2,3,0,18,19,5,1,2,2,1,0,0,0,0,1,1,6,6,1,36,7,125,1,3,HONDA NSS,7,E01002226,0,3
2024540989323,2024,540989323,2,4,0,18,19,8,4,0,0,1,2,0,0,0,4,1,1,1,1,34,6,125,1,2,HONDA NSS,6,E01031985,0,1
2024430216634,2024,430216634,1,3,0,18,19,6,2,0,0,8,0,0,0,0,4,1,1,1,1,25,5,125,1,2,HONDA NSS,8,E01030800,0,1
2024010504725,2024,010504725,1,3,0,99,99,9,9,99,99,0,9,99,9,99,9,1,6,6,3,35,6,125,1,4,HONDA NSS,3,E01003522,0,1
2024010512688,2024,010512688,1,3,9,99,99,9,9,99,99,9,9,99,9,99,9,1,1,1,1,34,6,125,1,3,HONDA NSS,2,E01000628,0,1
2024010516602,2024,010516602,1,3,0,99,99,9,9,99,99,9,9,99,9,99,1,1,2,2,1,29,6,125,1,2,HONDA NSS,2,E01003045,0,1
2024010512272,2024,010512272,2,3,0,18,19,1,5,0,0,1,0,0,0,0,0,1,6,6,1,35,6,125,1,1,HONDA NSS,8,E01002201,0,1
2024010504769,2024,010504769,1,3,0,99,99,9,9,99,99,1,9,99,9,99,9,1,6,6,1,21,5,125,1,6,HONDA NSS,2,E01004665,0,2
2024010510407,2024,010510407,1,3,9,99,99,9,9,99,99,9,0,99,9,99,9,1,6,6,1,24,5,125,1,1,HONDA NSS,3,E01003164,0,1
2024010504600,2024,010504600,1,4,0,16,19,3,7,0,0,0,0,10,0,0,2,1,6,6,1,30,6,125,1,3,HONDA NSS,4,E01001234,0,1
2024010528632,2024,010528632,1,3,9,99,99,9,9,99,99,9,9,99,9,99,0,1,1,1,1,26,6,125,1,4,HONDA NSS,5,E01002214,0,1
2024451486717,2024,451486717,1,3,9,-1,19,7,3,-1,0,8,0,0,0,0,9,1,-1,9,2,26,6,125,1,2,HONDA NSS,2,E01004129,0,2
2024010538766,2024,010538766,1,3,0,99,99,9,9,99,99,9,9,99,9,99,1,1,1,1,1,33,6,125,1,1,HONDA NSS,7,E01002198,0,1
2024010543297,2024,010543297,1,3,0,18,19,5,1,0,0,8,0,0,0,0,1,1,6,6,1,30,6,125,1,4,HONDA NSS,8,E01000237,0,1
2024471523842,2024,471523842,1,3,0,-1,19,5,1,-1,0,0,0,0,0,0,1,1,-1,6,1,22,5,125,1,2,HONDA NSS,2,E01021014,0,1
2024461511281,2024,461511281,2,3,0,-1,19,3,7,-1,0,0,0,0,0,0,3,1,-1,1,1,42,7,125,1,0,HONDA NSS,5,E01000375,0,1
2024451421898,2024,451421898,1,3,0,-1,19,4,8,-1,0,8,0,0,0,0,1,1,-1,6,1,22,5,125,1,1,HONDA NSS,3,E01030745,0,1
2024010521665,2024,010521665,1,3,0,9,9,1,6,0,0,1,0,0,0,0,1,1,6,6,1,44,7,125,1,2,HONDA NSS,5,E01002779,0,1
2024010548628,2024,010548628,1,3,0,99,99,9,9,99,99,9,9,99,9,99,1,1,1,1,1,33,6,125,1,0,HONDA NSS,3,E01035495,0,1
2024010549846,2024,010549846,1,3,0,18,19,5,1,0,0,1,0,10,7,0,1,1,6,6,1,27,6,125,1,3,HONDA NSS,2,E01001750,0,1
2024430518803,2024,430518803,2,4,0,18,19,6,2,0,0,4,0,0,0,0,2,1,1,1,1,30,6,125,1,2,HONDA NSS,6,E01016416,0,1
2024010532338,2024,010532338,1,3,0,18,19,3,7,0,0,8,0,0,0,0,3,1,6,6,1,45,7,125,1,1,HONDA NSS,4,E01034027,0,1
2024411538233,2024,411538233,2,3,0,-1,99,-1,-1,-1,0,1,0,0,0,0,9,1,-1,1,1,35,6,330,1,3,HONDA NSS,8,E01023893,0,1
2024451472269,2024,451472269,1,4,0,-1,19,4,8,-1,0,1,0,0,0,0,1,1,-1,2,1,37,7,279,1,5,HONDA NSS,10,E01030341,0,1
2024461423735,2024,461423735,2,4,0,-1,19,8,4,-1,0,8,0,0,0,0,1,1,-1,1,1,31,6,125,1,5,HONDA NSS,2,E01016018,0,1
2024552400868,2024,552400868,2,3,0,18,19,4,8,0,0,8,0,0,0,0,1,1,6,6,1,32,6,125,1,1,HONDA NSS,3,E01015289,0,1
2024010535152,2024,010535152,1,3,0,99,99,9,9,99,99,9,9,99,9,99,1,1,1,1,1,22,5,125,1,2,HONDA NSS,2,E01000603,0,2
2024010520302,2024,010520302,1,3,0,99,99,9,9,99,99,9,9,99,9,99,9,1,1,1,3,28,6,125,1,4,HONDA NSS,3,E01004563,0,2
2024010544289,2024,010544289,1,3,0,10,10,5,3,0,0,1,0,0,0,0,4,1,6,6,1,59,9,125,1,2,HONDA NSS,6,E01002005,0,2
2024421460676,2024,421460676,2,3,0,-1,19,2,6,-1,0,8,0,0,0,0,1,1,-1,6,1,24,5,125,1,0,HONDA NSS,3,E01021764,0,1