collision_index,collision_year,collision_ref_no,vehicle_reference,vehicle_type,towing_and_articulation,vehicle_manoeuvre_historic,vehicle_manoeuvre,vehicle_direction_from,vehicle_direction_to,vehicle_location_restricted_lane_historic,vehicle_location_restricted_lane,junction_location,skidding_and_overturning,hit_object_in_carriageway,vehicle_leaving_carriageway,hit_object_off_carriageway,first_point_of_impact,vehicle_left_hand_drive,journey_purpose_of_driver_historic,journey_purpose_of_driver,sex_of_driver,age_of_driver,age_band_of_driver,engine_capacity_cc,propulsion_code,age_of_vehicle,generic_make_model,driver_imd_decile,lsoa_of_driver,escooter_flag,driver_distance_banding
2024010535537,2024,010535537,2,3,0,18,19,6,2,0,0,1,0,0,0,0,1,1,1,1,1,28,6,125,1,4,HONDA NSS,4,E01004617,0,1
2024101443455,2024,101443455,1,3,0,-1,13,2,6,-1,0,0,0,0,7,0,1,1,-1,6,1,20,4,125,1,1,HONDA NSS,-1,-1,0,-1
2024010501604,2024,010501604,1,4,0,99,99,9,9,99,99,9,9,99,9,99,9,1,1,1,1,31,6,330,1,0,HONDA NSS,8,E01000653,0,3
2024471467188,2024,471467188,1,3,0,-1,4,7,3,-1,0,0,0,0,0,0,2,1,-1,6,1,26,6,125,1,6,HONDA NSS,-1,-1,0,-1
2024010513397,2024,010513397,1,3,0,99,99,9,9,99,99,9,9,99,9,99,9,1,2,2,1,21,5,125,1,1,HONDA NSS,5,E01002567,0,2
2024010525429,2024,010525429,1,3,0,99,99,9,9,99,99,9,9,99,9,99,0,1,1,1,1,26,6,125,1,4,HONDA NSS,7,E01034035,0,1
2024010507524,2024,010507524,1,3,0,99,99,9,9,99,99,9,9,99,9,99,1,1,6,6,1,19,4,125,1,8,HONDA NSS,3,E01034152,0,1
2024010538360,2024,010538360,2,5,0,99,99,9,9,99,99,9,9,99,9,99,9,1,6,6,3,-1,-1,125,1,7,HONDA NSS,-1,-1,0,-1
2024421394061,2024,421394061,1,3,0,-1,14,1,5,-1,0,1,0,0,0,0,1,1,-1,1,1,42,7,125,1,2,HONDA NSS,6,E01021750,0,2
2024010546515,2024,010546515,2,3,0,18,19,8,4,0,0,1,1,0,7,0,1,1,1,1,1,31,6,125,1,2,HONDA NSS,3,E01035654,0,1
2024531466984,2024,531466984,2,4,0,-1,19,8,4,-1,0,2,1,0,0,0,4,1,-1,1,1,19,4,279,1,4,HONDA NSS,6,E01022155,0,1
2024041430921,2024,041430921,1,4,0,-1,19,5,1,-1,0,1,0,0,0,0,1,1,-1,9,1,43,7,330,1,1,HONDA NSS,7,E01025048,0,2
2024520401745,2024,520401745,1,3,0,18,19,7,3,0,0,8,0,0,0,0,1,1,6,6,1,28,6,125,1,0,HONDA NSS,7,E01035109,0,3
2024010511601,2024,010511601,1,3,0,13,13,3,7,0,0,8,0,0,0,0,1,1,1,1,1,38,7,125,1,7,HONDA NSS,3,E01003563,0,2
2024421487435,2024,421487435,2,4,-1,-1,-1,-1,-1,-1,-1,-1,-1,-1,-1,0,-1,1,-1,9,1,25,5,330,1,0,HONDA NSS,4,E01000171,0,3
2024361533460,2024,361533460,1,3,0,-1,19,7,3,-1,0,8,1,0,0,0,1,1,-1,6,1,22,5,125,1,3,HONDA NSS,1,E01026800,0,1
2024552401209,2024,552401209,2,2,0,5,5,4,8,0,0,8,0,0,0,0,4,1,6,6,1,32,6,125,1,9,HONDA NSS,3,E01015289,0,1
2024010538686,2024,010538686,2,4,0,99,99,9,9,99,99,9,9,99,9,99,9,1,6,6,1,53,8,330,1,1,HONDA NSS,2,E01004306,0,1
2024010531723,2024,010531723,1,3,0,99,99,9,9,99,99,9,9,99,9,99,9,1,1,1,1,36,7,125,1,5,HONDA NSS,2,E01003207,0,2
2024302401297,2024,302401297,2,4,0,18,19,2,6,0,0,8,0,0,0,0,1,1,6,6,1,64,9,279,1,5,HONDA NSS,2,E01019453,0,1
2024451534931,2024,451534931,2,3,0,-1,12,2,6,-1,0,3,0,0,0,0,1,1,-1,1,1,20,4,125,1,1,HONDA NSS,2,E01001328,0,3
2024010524424,2024,010524424,1,4,0,18,19,1,5,0,0,1,0,0,0,0,2,1,1,1,1,42,7,125,1,0,HONDA NSS,3,E01000499,0,2
2024010505356,2024,010505356,2,3,0,7,7,3,6,0,0,1,0,0,0,0,1,1,6,6,1,54,8,125,1,8,HONDA NSS,3,E01001672,0,3
2024010548965,2024,010548965,1,3,0,99,99,9,9,99,99,9,9,99,9,99,2,1,6,6,1,26,6,125,1,1,HONDA NSS,2,E01001320,0,3
2024010537725,2024,010537725,1,3,9,99,99,9,9,99,99,0,9,99,9,99,1,1,1,1,1,46,8,125,1,2,HONDA NSS,9,E01024143,0,3
2024010504594,2024,010504594,2,3,0,7,7,3,5,0,0,5,0,0,1,0,1,1,1,1,2,26,6,125,1,2,HONDA NSS,4,E01004150,0,1
2024010548326,2024,010548326,2,4,0,13,13,1,5,0,0,0,5,4,0,0,1,1,6,6,1,25,5,279,1,10,HONDA NSS,7,E01004018,0,1
2024010540895,2024,010540895,2,4,9,99,99,9,9,99,99,9,9,99,9,99,9,1,6,6,3,32,6,125,1,4,HONDA NSS,2,E01003092,0,3
2024471500573,2024,471500573,1,3,9,-1,19,5,1,-1,0,8,0,0,0,0,1,1,-1,1,1,38,7,125,1,1,HONDA NSS,9,E01016997,0,1
2024451469375,2024,451469375,2,3,0,-1,19,3,5,-1,0,0,1,0,0,0,1,1,-1,6,1,43,7,125,1,1,HONDA NSS,9,E01030552,0,2
2024471404585,2024,471404585,2,4,0,-1,5,2,5,-1,0,0,1,0,0,0,1,1,-1,1,1,33,6,125,1,5,HONDA NSS,1,E01016866,0,1
2024430621656,2024,430621656,1,3,0,2,2,0,0,6,6,2,0,0,0,0,2,1,1,1,1,39,7,125,1,4,HONDA NSS,8,E01016334,0,1
2024010533292,2024,010533292,1,3,0,99,99,9,9,99,99,9,9,99,9,99,1,1,6,6,1,30,6,125,1,4,HONDA NSS,8,E01000237,0,1
2024010511407,2024,010511407,2,3,0,5,5,3,7,0,0,1,0,0,0,0,0,1,6,6,1,43,7,125,1,7,HONDA NSS,5,E01001895,0,1
2024332400232,2024,332400232,1,3,0,-1,19,2,6,-1,0,1,0,0,1,10,4,1,-1,1,1,23,5,125,1,6,HONDA NSS,3,E01013776,0,1
2024552401529,2024,552401529,1,3,0,14,14,6,2,0,0,8,0,0,0,0,4,1,2,2,1,52,8,125,1,1,HONDA NSS,7,E01020361,0,3
2024010522648,2024,010522648,1,3,0,99,99,9,9,99,99,9,9,99,9,99,9,1,1,1,3,27,6,125,1,6,HONDA NSS,10,E01017765,0,4
2024531517936,2024,531517936,2,3,0,-1,19,1,1,-1,0,2,0,0,0,0,1,1,-1,9,1,52,8,125,1,1,HONDA NSS,7,E01022163,0,1
2024231493430,2024,231493430,2,3,0,-1,19,4,8,-1,0,8,0,0,0,0,1,1,-1,9,1,42,7,125,1,7,HONDA NSS,7,E01028427,0,3
2024421444593,2024,421444593,2,4,0,-1,19,1,5,-1,0,8,1,0,0,0,2,1,-1,6,1,60,9,279,1,5,HONDA NSS,8,E01021347,0,1
2024411492777,2024,411492777,2,3,-1,-1,-1,-1,-1,-1,-1,-1,-1,-1,-1,0,-1,1,-1,1,1,26,6,125,1,0,HONDA NSS,2,E01001549,0,1
2024010509531,2024,010509531,1,4,0,18,19,5,1,0,0,1,0,0,0,0,1,1,1,1,1,21,5,330,1,1,HONDA NSS,9,E01030920,0,4
2024480549492,2024,480549492,1,4,0,5,5,5,1,0,0,1,0,0,0,0,1,1,6,6,1,41,7,330,1,0,HONDA NSS,5,E01003700,0,3
2024471459136,2024,471459136,1,3,0,-1,19,3,7,-1,0,1,5,0,0,0,1,1,-1,6,1,19,4,125,1,8,HONDA NSS,1,E01016880,0,1
2024010535159,2024,010535159,1,3,0,99,99,9,9,0,0,0,0,0,9,99,9,1,1,1,1,30,6,125,1,2,HONDA NSS,3,E01034204,0,1
2024430482824,2024,430482824,2,3,0,18,19,8,4,0,0,8,0,0,0,0,1,1,1,1,1,33,6,125,1,0,HONDA NSS,-1,-1,0,-1
2024010525591,2024,010525591,1,3,0,18,19,5,1,0,0,0,0,0,0,0,1,1,6,6,1,20,4,125,1,0,HONDA NSS,9,E01001385,0,1
2024010552076,2024,010552076,2,3,0,99,99,9,9,99,99,0,9,99,9,99,9,1,6,6,3,-1,-1,125,1,2,HONDA NSS,-1,-1,0,-1
2024522402735,2024,522402735,1,3,0,3,3,7,3,0,0,0,0,0,0,0,1,1,6,6,1,43,7,125,1,3,HONDA NSS,2,E01014692,0,2
2024010490712,2024,010490712,1,4,0,18,19,1,5,2,2,1,1,0,0,0,4,1,6,6,1,42,7,330,1,2,HONDA NSS,6,E01000140,0,1
2024010521121,2024,010521121,1,3,0,-1,-1,7,3,2,2,1,2,0,0,0,1,1,6,6,1,31,6,125,1,0,HONDA NSS,3,E01004024,0,1
2024010512026,2024,010512026,2,4,0,13,13,5,1,0,0,1,0,0,0,0,1,1,6,6,1,20,4,330,1,1,HONDA NSS,6,E01003033,0,1
2024430597729,2024,430597729,1,3,0,99,99,9,9,0,0,8,0,0,0,0,1,1,6,6,1,24,5,125,1,2,HONDA NSS,7,E01016355,0,1
2024522401622,2024,522401622,1,3,0,18,19,9,9,0,0,8,0,0,0,0,9,1,6,6,1,23,5,125,1,1,HONDA NSS,3,E01004471,0,5
2024010501907,2024,010501907,1,3,0,3,3,9,9,99,99,9,9,99,9,99,1,1,3,7,1,44,7,125,1,5,HONDA NSS,6,E01004636,0,1
2024010540410,2024,010540410,2,3,0,99,99,9,9,99,99,9,0,99,9,99,9,9,6,6,3,-1,-1,125,1,3,HONDA NSS,3,E01004350,0,1
2024010505172,2024,010505172,1,3,0,99,99,9,9,99,99,9,0,99,0,0,9,1,1,1,1,26,6,125,1,1,HONDA NSS,2,E01003350,0,2
2024010533307,2024,010533307,1,3,0,5,5,5,1,0,0,2,0,0,3,0,1,1,6,6,3,-1,-1,125,1,7,HONDA NSS,-1,-1,0,-1
2024461400148,2024,461400148,2,3,0,-1,3,2,6,-1,0,0,0,0,0,0,2,1,-1,2,1,47,8,125,1,1,HONDA NSS,7,E01024131,0,4
2024010532321,2024,010532321,2,3,0,18,19,3,7,0,0,8,0,0,0,0,4,1,6,6,1,52,8,125,1,5,HONDA NSS,3,E01000522,0,1
2024010499251,2024,010499251,1,3,0,18,19,7,3,0,0,1,0,0,0,0,2,1,2,2,1,46,8,125,1,3,HONDA NSS,6,E01000530,0,2
2024010518543,2024,010518543,1,3,0,3,3,3,7,0,0,1,0,0,0,0,2,1,6,6,1,40,7,125,1,8,HONDA NSS,2,E01002810,0,1
2024010493727,2024,010493727,1,3,0,13,13,3,7,0,0,1,0,4,0,0,1,1,6,6,1,35,6,125,1,3,HONDA NSS,10,E01000666,0,1
2024010519625,2024,010519625,1,3,0,99,99,9,9,99,99,9,9,99,9,99,2,1,6,6,1,25,5,125,1,8,HONDA NSS,2,E01002735,0,1
2024371524428,2024,371524428,2,2,0,-1,19,4,6,-1,0,1,0,0,0,0,3,1,-1,6,1,48,8,125,1,2,HONDA NSS,7,E01030101,0,4
2024552400504,2024,552400504,2,3,0,3,3,5,1,0,0,4,0,0,0,0,2,1,6,6,1,34,6,125,1,1,HONDA NSS,4,E01033285,0,1
2024411412774,2024,411412774,1,3,0,-1,14,5,1,-1,0,1,0,0,0,0,1,1,-1,6,1,25,5,125,1,8,HONDA NSS,10,E01023898,0,1
2024451414812,2024,451414812,2,3,0,-1,4,5,1,-1,0,0,0,0,0,0,2,1,-1,2,2,50,8,125,1,5,HONDA NSS,9,E01030450,0,1
2024010521888,2024,010521888,1,4,0,99,99,9,9,99,99,9,9,99,9,99,9,1,1,1,3,37,7,279,1,4,HONDA NSS,2,E01000501,0,2
2024010500162,2024,010500162,1,3,0,18,19,7,3,0,0,8,5,0,0,0,1,1,1,1,1,40,7,125,1,3,HONDA NSS,3,E01001930,0,2
2024010508307,2024,010508307,2,3,0,18,19,7,3,0,0,2,0,0,0,0,4,1,6,6,1,58,9,125,1,6,HONDA NSS,9,E01003893,0,1
2024010509011,2024,010509011,1,3,0,99,99,9,9,99,99,9,9,99,9,99,9,1,1,1,1,28,6,125,1,2,HONDA NSS,4,E01003453,0,2
2024010497940,2024,010497940,1,3,0,99,99,9,9,99,99,9,9,99,9,99,9,1,6,6,1,24,5,125,1,2,HONDA NSS,4,E01001183,0,2
2024451418537,2024,451418537,1,3,9,-1,99,0,1,-1,99,6,0,99,0,0,9,1,-1,1,1,55,8,125,1,4,HONDA NSS,7,E01030662,0,1
2024010521744,2024,010521744,1,3,0,99,99,9,9,99,99,9,9,99,9,99,9,1,6,6,1,27,6,125,1,3,HONDA NSS,5,E01001921,0,2
2024421514064,2024,421514064,1,4,0,-1,19,3,7,-1,0,8,0,0,0,0,1,1,-1,6,1,16,4,330,1,1,HONDA NSS,8,E01021719,0,1
2024461470272,2024,461470272,2,4,0,-1,19,2,6,-1,0,0,0,0,0,0,1,1,-1,9,1,68,10,279,1,5,HONDA NSS,10,E01024046,0,1
2024430211285,2024,430211285,2,2,0,9,9,3,1,0,0,5,0,0,0,0,4,1,6,6,1,34,6,125,1,7,HONDA NSS,3,E01028513,0,1
2024552400732,2024,552400732,2,4,0,9,9,6,4,0,0,5,0,0,0,0,3,1,2,2,1,24,5,279,1,4,HONDA NSS,4,E01015327,0,2
2024010544338,2024,010544338,1,4,0,99,99,9,9,99,99,9,9,99,9,99,2,1,1,1,1,45,7,330,1,0,HONDA NSS,6,E01001277,0,2
2024522402780,2024,522402780,1,3,0,18,19,5,1,0,0,8,0,0,0,0,4,1,6,6,1,21,5,125,1,4,HONDA NSS,1,E01014655,0,2
2024010501773,2024,010501773,1,3,0,99,99,9,9,99,99,9,9,99,9,99,1,1,1,1,1,26,6,330,1,3,HONDA NSS,2,E01001409,0,1
2024421506907,2024,421506907,2,3,0,-1,-1,-1,-1,-1,-1,0,-1,-1,-1,0,-1,1,-1,6,1,28,6,125,1,2,HONDA NSS,4,E01003597,0,3
2024010505992,2024,010505992,1,3,0,9,9,5,3,0,0,7,0,0,0,0,0,1,6,6,2,14,3,125,1,8,HONDA NSS,-1,-1,0,-1
2024010536311,2024,010536311,2,3,0,13,13,5,1,0,0,1,0,0,0,0,4,1,2,2,1,23,5,125,1,3,HONDA NSS,7,E01003370,0,1
2024010535154,2024,010535154,1,3,0,18,19,9,9,99,99,9,9,99,9,99,9,1,1,1,3,31,6,125,1,0,HONDA NSS,4,E01004571,0,1
2024010537865,2024,010537865,1,3,0,99,99,9,9,99,99,9,9,99,9,99,9,1,1,1,3,31,6,330,1,0,HONDA NSS,8,E01000653,0,1
2024991454465,2024,991454465,1,3,0,-1,19,1,5,-1,0,1,0,0,0,0,1,1,-1,9,1,18,4,125,1,1,HONDA NSS,9,-1,0,1
2024311517326,2024,311517326,1,5,0,-1,19,7,3,-1,0,0,1,11,0,0,1,1,-1,9,1,70,10,279,1,9,HONDA NSS,-1,-1,0,-1
2024010510737,2024,010510737,1,3,0,99,99,9,9,99,99,9,9,99,9,99,9,1,2,2,1,28,6,125,1,2,HONDA NSS,5,E01002234,0,1
2024430217040,2024,430217040,2,3,0,18,19,7,3,0,0,8,0,0,0,0,4,1,6,6,1,17,4,125,1,9,HONDA NSS,-1,-1,0,-1
2024440138421,2024,440138421,2,3,0,18,19,8,4,0,0,1,0,0,0,0,1,1,6,6,1,-1,-1,125,1,5,HONDA NSS,-1,-1,0,-1
2024522402016,2024,522402016,1,4,0,17,19,6,3,0,0,8,0,0,0,0,4,1,6,6,1,24,5,279,1,4,HONDA NSS,2,E01014568,0,1
2024010518335,2024,010518335,1,4,0,99,99,9,9,99,99,9,9,99,9,99,1,1,2,2,1,45,7,330,1,1,HONDA NSS,8,E01016001,0,4
2024010504294,2024,010504294,1,3,0,3,3,3,7,0,0,8,0,0,0,0,2,1,6,6,1,37,7,125,1,6,HONDA NSS,6,E01002602,0,3
2024010532455,2024,010532455,1,4,0,18,19,5,1,0,0,0,0,10,7,10,2,1,6,6,1,59,9,330,1,2,HONDA NSS,7,E01002301,0,1
2024471488578,2024,471488578,1,3,0,-1,19,3,7,-1,0,1,5,10,1,10,3,1,-1,1,1,34,6,125,1,5,HONDA NSS,1,E01016866,0,1
2024010531025,2024,010531025,1,3,0,99,99,9,9,99,99,0,9,99,9,99,9,1,1,1,1,41,7,125,1,2,HONDA NSS,4,E01004015,0,2
2024421510378,2024,421510378,2,3,0,-1,7,3,5,-1,0,0,0,0,0,0,4,1,-1,6,1,36,7,330,1,2,HONDA NSS,3,E01001547,0,3
2024131412889,2024,131412889,2,3,0,-1,9,5,7,-1,0,1,0,0,0,0,3,1,-1,6,1,65,9,125,1,9,HONDA NSS,8,E01011744,0,1
2024010517513,2024,010517513,2,3,0,9,9,8,5,0,0,5,2,0,7,11,4,1,1,1,1,39,7,125,1,3,HONDA NSS,4,E01000229,0,2
2024010545975,2024,010545975,1,3,0,15,15,1,5,0,0,8,0,0,0,0,4,1,2,2,1,41,7,125,1,2,HONDA NSS,5,E01000224,0,3
2024991464687,2024,991464687,1,3,0,-1,19,4,8,-1,0,0,1,0,0,0,1,1,-1,9,1,43,7,125,1,2,HONDA NSS,5,-1,0,1
2024201530981,2024,201530981,2,3,0,-1,14,7,4,-1,0,1,0,0,0,0,4,1,-1,9,1,19,4,125,1,3,HONDA NSS,4,E01009767,0,1
2024430485124,2024,430485124,2,4,0,18,19,5,1,0,0,2,0,0,0,0,4,1,2,2,1,52,8,125,1,2,HONDA NSS,7,E01016764,0,1
2024010520353,2024,010520353,1,3,9,99,99,9,9,99,99,0,9,99,9,99,9,1,1,1,1,30,6,125,1,4,HONDA NSS,4,E01003543,0,1
2024010512415,2024,010512415,1,3,0,99,99,9,9,99,99,9,9,99,9,99,1,1,2,2,1,23,5,125,1,3,HONDA NSS,3,E01021764,0,3
2024010520328,2024,010520328,1,3,0,99,99,9,9,99,99,0,9,99,9,99,2,1,6,6,1,30,6,125,1,5,HONDA NSS,7,E01004695,0,1
2024010515733,2024,010515733,1,3,0,99,99,9,9,99,99,9,9,99,9,99,9,1,1,1,1,28,6,125,1,2,HONDA NSS,5,E01002234,0,2
2024010554019,2024,010554019,2,3,0,9,9,6,5,0,0,1,0,10,0,0,2,1,1,1,1,20,4,125,1,2,HONDA NSS,3,E01001244,0,1
2024010518750,2024,010518750,2,3,0,5,5,5,1,0,0,1,0,0,0,0,4,1,6,6,1,19,4,125,1,9,HONDA NSS,2,E01003346,0,1
2024531530237,2024,531530237,2,3,0,-1,19,8,6,-1,0,8,0,0,0,0,1,1,-1,6,1,33,6,125,1,2,HONDA NSS,6,E01022211,0,2
2024461523045,2024,461523045,1,3,0,-1,19,5,1,-1,0,0,0,0,0,0,1,1,-1,2,1,38,7,125,1,2,HONDA NSS,2,E01021273,0,4
2024010519097,2024,010519097,2,3,0,7,7,1,3,0,0,8,0,0,0,0,3,1,2,2,1,32,6,125,1,2,HONDA NSS,-1,-1,0,-1
2024010535899,2024,010535899,1,3,0,99,99,9,9,99,99,1,9,99,9,99,9,1,1,1,3,19,4,125,1,4,HONDA NSS,2,E01000508,0,1
2024010517292,2024,010517292,1,3,0,18,19,5,1,0,0,2,0,0,0,0,2,1,1,1,2,27,6,125,1,3,HONDA NSS,3,E01000510,0,2
2024010510571,2024,010510571,1,3,0,99,99,9,9,99,99,9,9,99,9,99,1,1,1,1,2,-1,-1,125,1,3,HONDA NSS,2,E01000526,0,1
2024010536952,2024,010536952,1,3,0,99,99,9,9,99,99,9,9,99,9,99,9,1,1,1,3,33,6,125,1,3,HONDA NSS,2,E01033146,0,4
2024010505853,2024,010505853,1,3,0,99,99,9,9,99,99,9,9,99,9,99,9,1,1,1,1,36,7,279,1,4,HONDA NSS,3,E01000535,0,1
2024451394665,2024,451394665,1,3,0,-1,3,1,5,-1,0,0,0,0,0,0,2,1,-1,9,1,55,8,125,1,4,HONDA NSS,7,E01030662,0,1
2024010543383,2024,010543383,1,3,0,99,99,9,9,99,99,9,9,99,9,99,1,1,6,6,1,35,6,125,1,1,HONDA NSS,8,E01000679,0,1
2024010527227,2024,010527227,1,3,0,4,4,1,5,0,0,1,0,0,0,0,2,1,1,1,2,37,7,125,1,1,HONDA NSS,6,E01000322,0,3
2024010538104,2024,010538104,1,3,0,99,99,9,9,99,99,9,9,99,9,99,9,1,2,2,1,32,6,125,1,8,HONDA NSS,5,E01024283,0,4
2024010547762,2024,010547762,1,3,0,18,19,3,7,0,0,1,1,0,0,0,0,1,6,6,1,38,7,125,1,0,HONDA NSS,2,E01001249,0,1
2024010507049,2024,010507049,1,3,0,99,99,9,9,99,99,0,9,99,9,99,9,1,2,2,1,29,6,125,1,2,HONDA NSS,8,E01003445,0,3
2024010523433,2024,010523433,1,4,0,99,99,9,9,99,99,9,9,99,9,99,1,1,1,1,1,36,7,279,1,4,HONDA NSS,5,E01021262,0,4
2024430384582,2024,430384582,2,3,0,3,3,7,3,0,0,0,0,0,0,0,1,1,1,1,1,23,5,125,1,3,HONDA NSS,5,E01028538,0,1
2024552400274,2024,552400274,2,4,0,18,19,2,6,0,0,8,0,0,0,0,4,1,2,2,1,37,7,125,1,2,HONDA NSS,4,E01034274,0,1
2024010513743,2024,010513743,1,3,0,18,19,7,3,0,0,0,0,0,0,0,1,1,6,6,1,40,7,125,1,3,HONDA NSS,5,E01000589,0,1
2024010507884,2024,010507884,1,3,0,18,19,5,1,0,0,1,0,0,0,0,4,1,2,2,1,38,7,125,1,6,HONDA NSS,6,E01004551,0,3
2024552401230,2024,552401230,2,3,0,14,14,3,7,0,0,0,0,0,0,0,4,1,6,6,1,24,5,125,1,3,HONDA NSS,3,E01015386,0,1
2024522402243,2024,522402243,1,3,0,18,19,1,5,0,0,0,0,0,0,0,1,1,6,6,1,37,7,125,1,2,HONDA NSS,1,E01014597,0,1
2024430491482,2024,430491482,1,2,0,18,19,6,2,0,0,0,0,0,0,0,1,1,1,1,1,19,4,125,1,9,HONDA NSS,6,E01028530,0,1
2024451452714,2024,451452714,1,3,0,-1,13,1,4,-1,0,8,0,0,0,0,1,1,-1,2,1,34,6,125,1,3,HONDA NSS,7,E01030651,0,2
2024010510532,2024,010510532,1,3,0,2,2,9,9,99,99,9,9,99,9,99,9,1,2,2,2,26,6,125,1,2,HONDA NSS,3,E01000498,0,2
2024010513101,2024,010513101,2,3,0,99,99,9,9,99,99,9,9,99,9,99,9,1,2,2,3,43,7,125,1,0,HONDA NSS,2,E01000603,0,2
2024010516838,2024,010516838,1,3,0,99,99,9,9,99,99,9,9,99,9,99,1,1,1,1,1,22,5,125,1,1,HONDA NSS,4,E01001582,0,1
2024451428392,2024,451428392,1,3,0,-1,3,1,5,-1,0,0,0,0,0,0,1,1,-1,6,1,42,7,125,1,3,HONDA NSS,10,E01030680,0,1
2024010509222,2024,010509222,2,3,0,99,99,9,9,99,99,9,9,99,9,99,1,1,6,6,3,-1,-1,125,1,1,HONDA NSS,-1,-1,0,-1
2024101472841,2024,101472841,1,4,0,-1,5,7,5,-1,0,0,0,0,0,0,4,1,-1,9,1,24,5,125,1,6,HONDA NSS,1,E01008331,0,1
2024010524539,2024,010524539,2,3,0,99,99,9,9,99,99,9,9,99,9,99,1,1,6,6,3,-1,-1,125,1,8,HONDA NSS,-1,-1,0,-1
2024010513657,2024,010513657,1,3,0,99,99,9,9,99,99,9,9,99,9,99,1,1,6,6,1,34,6,125,1,2,HONDA NSS,3,E01001620,0,1
2024010529523,2024,010529523,1,3,0,14,14,9,9,99,99,9,9,99,9,99,9,1,1,1,1,35,6,125,1,8,HONDA NSS,4,E01034027,0,1
2024010540397,2024,010540397,1,3,0,3,3,1,5,0,0,1,0,0,0,0,2,1,1,1,1,35,6,125,1,3,HONDA NSS,5,E01000323,0,1
2024451474804,2024,451474804,1,3,0,-1,19,-1,-1,-1,0,0,0,0,0,0,4,1,-1,1,1,24,5,125,1,1,HONDA NSS,10,E01016575,0,2
2024010536358,2024,010536358,1,3,0,99,99,9,9,99,99,9,9,99,9,99,1,1,1,1,3,32,6,125,1,3,HONDA NSS,3,E01001980,0,2
2024010546514,2024,010546514,1,3,0,18,19,7,3,0,0,1,2,0,0,0,1,1,6,6,1,25,5,125,1,6,HONDA NSS,5,E01034228,0,3
2024010510813,2024,010510813,2,3,0,4,4,7,3,0,0,0,0,0,0,0,0,1,6,6,1,32,6,125,1,2,HONDA NSS,3,E01001819,0,1
2024010541091,2024,010541091,1,3,0,18,19,7,3,9,9,4,1,0,1,0,1,1,6,6,3,23,5,125,1,5,HONDA NSS,-1,-1,0,-1
2024010512722,2024,010512722,1,3,0,99,99,9,9,99,99,9,9,99,9,99,9,1,1,1,2,28,6,125,1,2,HONDA NSS,3,E01000553,0,2
2024010535982,2024,010535982,2,3,0,8,8,5,7,0,0,1,0,0,0,0,2,1,6,6,1,28,6,125,1,0,HONDA NSS,5,E01000606,0,2
2024421516994,2024,421516994,1,3,0,-1,19,8,4,-1,0,0,0,0,0,0,3,1,-1,1,1,35,6,125,1,2,HONDA NSS,2,E01033722,0,1
2024471415237,2024,471415237,2,3,0,-1,19,7,3,-1,0,8,1,0,0,0,1,1,-1,1,1,28,6,125,1,7,HONDA NSS,5,E01016884,0,1
2024010524275,2024,010524275,1,3,0,18,19,1,5,0,0,8,0,0,0,0,3,1,6,6,1,41,7,125,1,3,HONDA NSS,9,E01000179,0,1
2024411435153,2024,411435153,2,3,-1,-1,19,7,3,-1,0,1,0,0,0,0,4,1,-1,2,1,28,6,125,1,3,HONDA NSS,10,E01023664,0,1
2024522402247,2024,522402247,1,4,0,7,7,3,1,0,0,8,0,0,0,0,3,1,6,6,1,30,6,330,1,0,HONDA NSS,10,E01023595,0,5
2024010535704,2024,010535704,1,3,0,99,99,9,9,99,99,9,9,99,9,99,9,1,6,6,3,36,7,125,1,4,HONDA NSS,5,E01001276,0,4
2024320142922,2024,320142922,2,3,0,-1,-1,2,6,0,0,8,5,0,0,0,4,1,1,1,2,43,7,125,1,4,HONDA NSS,6,E01026151,0,1
2024010539754,2024,010539754,2,3,0,18,19,1,5,0,0,1,0,0,0,0,1,1,6,6,1,32,6,125,1,8,HONDA NSS,4,E01002717,0,1
2024010538687,2024,010538687,1,3,0,99,99,9,9,99,99,9,9,99,9,99,9,1,1,1,3,39,7,125,1,6,HONDA NSS,5,E01017137,0,4
2024052400072,2024,052400072,2,3,0,18,19,4,8,0,0,0,0,0,0,0,3,1,6,6,1,45,7,125,1,1,HONDA NSS,2,E01006727,0,1
2024401494958,2024,401494958,2,3,0,-1,3,7,3,-1,0,1,0,0,0,0,3,1,-1,1,1,61,9,125,1,6,HONDA NSS,3,E01015731,0,1
2024010534819,2024,010534819,2,3,0,9,9,5,3,0,0,6,2,0,0,0,1,1,6,6,1,24,5,125,1,2,HONDA NSS,6,E01000564,0,1
2024010523493,2024,010523493,1,4,0,99,99,9,9,99,99,9,9,99,9,99,9,1,6,6,3,-1,-1,125,1,0,HONDA NSS,-1,-1,0,-1