collision_index,collision_year,collision_ref_no,vehicle_reference,vehicle_type,towing_and_articulation,vehicle_manoeuvre_historic,vehicle_manoeuvre,vehicle_direction_from,vehicle_direction_to,vehicle_location_restricted_lane_historic,vehicle_location_restricted_lane,junction_location,skidding_and_overturning,hit_object_in_carriageway,vehicle_leaving_carriageway,hit_object_off_carriageway,first_point_of_impact,vehicle_left_hand_drive,journey_purpose_of_driver_historic,journey_purpose_of_driver,sex_of_driver,age_of_driver,age_band_of_driver,engine_capacity_cc,propulsion_code,age_of_vehicle,generic_make_model,driver_imd_decile,lsoa_of_driver,escooter_flag,driver_distance_banding
2024010507707,2024,010507707,1,4,0,13,13,1,5,0,0,1,0,0,0,0,1,1,2,2,1,36,7,279,1,8,HONDA NSS,6,E01002124,0,1
2024010512316,2024,010512316,1,3,0,18,19,3,7,0,0,1,0,0,1,0,1,1,6,6,1,19,4,125,1,8,HONDA NSS,2,E01032513,0,1
2024010509509,2024,010509509,2,4,0,18,19,1,5,9,9,1,0,0,0,0,1,1,6,6,1,27,6,330,1,3,HONDA NSS,4,E01003308,0,1
2024421499240,2024,421499240,2,2,0,-1,19,5,1,-1,0,1,5,0,0,0,1,1,-1,6,1,26,6,330,1,0,HONDA NSS,4,E01000171,0,3
2024430083727,2024,430083727,2,3,0,18,19,1,5,0,0,2,1,10,0,0,1,1,2,2,1,33,6,125,1,1,HONDA NSS,8,E01027281,0,2
2024471460925,2024,471460925,2,3,0,-1,19,5,1,-1,4,1,1,0,0,0,3,1,-1,6,3,-1,-1,125,1,2,HONDA NSS,-1,-1,0,-1
2024010515691,2024,010515691,1,3,0,3,3,5,1,0,0,1,0,0,0,0,4,1,6,6,1,32,6,125,1,2,HONDA NSS,3,E01004287,0,1
2024430566038,2024,430566038,1,3,0,18,19,5,1,0,0,1,1,7,0,0,4,1,1,1,1,47,8,125,1,1,HONDA NSS,-1,-1,0,-1
2024010520279,2024,010520279,1,3,0,99,99,9,9,99,99,9,9,99,9,99,1,1,2,2,1,29,6,125,1,3,HONDA NSS,3,E01003521,0,1
2024421427380,2024,421427380,2,3,-1,-1,19,7,3,-1,0,1,0,0,0,0,4,1,-1,6,1,51,8,125,1,3,HONDA NSS,5,E01016013,0,1
2024311499503,2024,311499503,2,3,0,-1,9,1,7,-1,0,8,0,0,0,0,2,1,-1,1,1,23,5,125,1,1,HONDA NSS,9,E01013901,0,1
2024010545942,2024,010545942,2,3,0,99,99,9,9,99,99,9,9,99,9,99,2,1,2,2,1,28,6,125,1,7,HONDA NSS,2,E01003912,0,1
2024471470011,2024,471470011,2,3,0,-1,19,4,8,-1,0,4,0,0,1,0,1,1,-1,1,2,47,8,125,1,2,HONDA NSS,10,E01031639,0,1
2024131433973,2024,131433973,1,3,0,-1,19,5,1,-1,0,8,0,0,0,0,1,1,-1,9,1,16,4,125,1,9,HONDA NSS,4,E01011669,0,1
2024010520348,2024,010520348,1,2,0,8,8,5,7,0,0,2,0,0,0,0,2,1,1,1,1,36,7,125,1,7,HONDA NSS,2,E01001202,0,1
2024010491200,2024,010491200,1,3,0,99,99,9,9,99,99,9,9,99,9,99,9,1,2,2,3,48,8,125,1,2,HONDA NSS,5,E01001542,0,3
2024010529573,2024,010529573,1,3,4,99,99,9,9,99,99,9,9,99,9,99,1,1,1,1,1,26,6,125,1,8,HONDA NSS,6,E01002674,0,2
2024991510137,2024,991510137,2,3,0,-1,19,5,1,-1,0,8,0,0,0,0,3,1,-1,6,1,65,9,125,1,2,HONDA NSS,1,-1,0,1
2024010501070,2024,010501070,2,3,0,99,99,9,9,99,99,9,9,99,9,99,1,1,6,6,3,-1,-1,125,1,4,HONDA NSS,3,E01002605,0,1
2024010541996,2024,010541996,1,3,0,18,19,2,6,0,0,1,5,0,1,0,1,1,6,6,1,21,5,125,1,6,HONDA NSS,4,E01004592,0,1
2024010503473,2024,010503473,1,4,0,18,19,3,7,0,0,2,0,0,0,0,4,1,6,6,1,53,8,125,1,2,HONDA NSS,6,E01001342,0,1
2024010520055,2024,010520055,1,3,9,99,99,9,9,9,9,7,0,11,0,0,9,1,6,6,3,-1,-1,125,1,6,HONDA NSS,-1,-1,0,-1
2024010529739,2024,010529739,1,3,0,99,99,9,9,99,99,9,9,99,9,99,9,1,1,1,1,29,6,125,1,4,HONDA NSS,10,E01000666,0,3
2024451421284,2024,451421284,1,4,0,-1,19,1,5,-1,0,0,0,0,0,0,1,1,-1,9,1,17,4,330,1,1,HONDA NSS,9,E01030391,0,1
2024010544406,2024,010544406,2,3,0,99,99,9,9,99,99,9,9,99,9,99,1,1,2,2,1,-1,-1,125,1,2,HONDA NSS,5,E01001389,0,1
2024010518440,2024,010518440,1,3,0,99,99,9,9,99,99,9,9,99,9,99,9,1,1,1,1,33,6,125,1,2,HONDA NSS,4,E01000392,0,3
2024010533110,2024,010533110,1,3,0,99,99,9,9,99,99,9,9,99,9,99,9,1,1,1,3,37,7,279,1,5,HONDA NSS,10,E01030341,0,4
2024010541788,2024,010541788,5,3,0,18,19,5,1,0,0,1,0,0,0,0,0,1,6,6,1,36,7,125,1,3,HONDA NSS,-1,-1,0,-1
2024010540921,2024,010540921,1,4,0,18,19,3,7,0,0,0,5,0,0,0,1,1,6,6,1,18,4,125,1,4,HONDA NSS,3,E01000503,0,1
2024010502387,2024,010502387,2,3,0,15,15,5,1,2,2,1,0,0,0,0,1,1,6,6,1,46,8,125,1,3,HONDA NSS,-1,-1,0,-1
2024010505636,2024,010505636,1,3,0,99,99,9,9,99,99,5,9,99,9,99,9,1,1,1,3,49,8,125,1,1,HONDA NSS,7,E01002115,0,3
2024010492132,2024,010492132,3,4,0,8,8,3,5,0,0,6,0,0,0,0,3,1,1,1,1,33,6,125,1,1,HONDA NSS,2,E01003489,0,2
2024461482870,2024,461482870,2,3,0,-1,19,7,8,-1,0,8,0,0,0,0,4,1,-1,6,2,24,5,125,1,2,HONDA NSS,2,E01024091,0,1
2024522401330,2024,522401330,2,3,0,14,14,3,7,0,0,8,0,0,0,0,1,1,6,6,1,31,6,125,1,8,HONDA NSS,5,E01014886,0,1
2024010533414,2024,010533414,1,3,0,99,99,9,9,99,99,9,9,99,9,99,9,1,1,1,1,43,7,125,1,3,HONDA NSS,10,E01030680,0,4
2024411414462,2024,411414462,2,3,0,-1,3,-1,-1,-1,0,-1,0,0,0,0,1,1,-1,2,1,28,6,125,1,3,HONDA NSS,10,E01023664,0,1
2024010540392,2024,010540392,2,3,0,18,19,5,1,0,0,1,1,0,0,0,1,1,6,6,1,18,4,125,1,2,HONDA NSS,10,E01004180,0,1
2024430229967,2024,430229967,1,3,0,9,9,8,6,0,0,8,0,0,0,0,4,1,6,6,1,47,8,125,1,2,HONDA NSS,3,E01016389,0,2
2024041484749,2024,041484749,2,4,0,-1,19,5,7,-1,0,8,0,0,0,0,3,1,-1,9,1,44,7,330,1,1,HONDA NSS,7,E01025048,0,1
2024421500401,2024,421500401,2,4,0,-1,19,5,1,-1,0,4,0,0,0,0,4,1,-1,9,1,25,5,330,1,2,HONDA NSS,10,E01021918,0,1
2024010509417,2024,010509417,1,3,0,99,99,9,9,99,99,1,9,99,9,99,9,1,2,2,1,44,7,125,1,7,HONDA NSS,9,E01024143,0,4
2024010510520,2024,010510520,1,3,9,99,99,9,9,99,99,9,9,99,9,99,1,1,1,1,1,33,6,125,1,1,HONDA NSS,6,E01017839,0,4
2024010537150,2024,010537150,1,4,0,18,19,5,1,0,0,1,0,0,0,0,3,1,2,2,1,62,9,330,1,1,HONDA NSS,1,E01016942,0,4
2024010504611,2024,010504611,1,3,0,99,99,9,9,99,99,9,9,99,9,99,9,1,6,6,1,26,6,125,1,5,HONDA NSS,6,E01000486,0,2
2024440419079,2024,440419079,2,3,0,18,19,2,6,0,0,3,0,0,0,0,4,1,6,6,1,54,8,279,1,8,HONDA NSS,6,E01022737,0,1
2024430551005,2024,430551005,1,3,0,18,19,2,6,0,0,8,0,0,0,0,1,1,2,2,1,-1,-1,125,1,0,HONDA NSS,5,E01033838,0,2
2024010530277,2024,010530277,2,3,5,18,19,3,7,0,0,1,0,0,0,0,1,1,6,6,1,35,6,125,1,4,HONDA NSS,3,E01004718,0,1
2024430069194,2024,430069194,2,3,0,3,3,8,4,0,0,1,0,0,0,0,2,1,6,6,1,42,7,125,1,2,HONDA NSS,4,E01016733,0,1
2024010519089,2024,010519089,2,3,0,9,9,7,4,0,0,5,0,0,0,0,3,1,1,1,1,43,7,125,1,4,HONDA NSS,3,E01004528,0,1
2024010542849,2024,010542849,1,3,3,18,19,7,3,0,0,0,0,0,0,0,1,1,1,1,1,40,7,125,1,8,HONDA NSS,-1,-1,0,-1
2024010513068,2024,010513068,1,4,0,99,99,9,9,99,99,9,9,99,9,99,1,1,6,6,1,31,6,279,1,4,HONDA NSS,4,E01001285,0,2
2024421544724,2024,421544724,2,2,0,-1,-1,-1,-1,-1,-1,0,-1,-1,-1,0,-1,1,-1,6,1,24,5,125,1,3,HONDA NSS,4,E01015936,0,1
2024010501356,2024,010501356,1,4,0,99,99,9,9,99,99,9,9,99,9,99,2,1,6,6,1,25,5,125,1,8,HONDA NSS,2,E01002735,0,1
2024070810511,2024,070810511,1,3,0,-1,19,5,7,-1,0,7,5,0,0,0,1,1,-1,9,1,48,8,125,1,2,HONDA NSS,-1,-1,0,-1
2024010514528,2024,010514528,2,2,0,99,99,9,9,99,99,6,9,99,9,99,9,1,6,6,3,-1,-1,330,1,1,HONDA NSS,-1,-1,0,-1
2024451515388,2024,451515388,2,3,0,-1,19,1,5,-1,0,1,1,0,0,0,4,1,-1,1,1,43,7,125,1,3,HONDA NSS,5,E01030496,0,1
2024461429703,2024,461429703,3,3,0,-1,10,7,3,-1,0,0,0,0,0,0,2,1,-1,9,1,31,6,125,1,8,HONDA NSS,3,E01033092,0,1
2024010527153,2024,010527153,1,3,0,3,3,9,9,99,99,0,9,99,9,99,1,1,2,2,1,32,6,125,1,6,HONDA NSS,3,E01000553,0,2
2024010526294,2024,010526294,1,3,0,99,99,9,9,99,99,9,9,99,9,99,9,1,1,1,1,34,6,125,1,2,HONDA NSS,4,E01001241,0,2
2024471525558,2024,471525558,1,4,0,-1,19,4,8,-1,0,0,1,0,0,0,4,1,-1,6,1,32,6,125,1,2,HONDA NSS,1,E01031436,0,3
2024010542286,2024,010542286,1,3,0,99,99,9,9,99,99,9,9,99,9,99,9,1,1,1,3,37,7,125,1,8,HONDA NSS,4,E01003937,0,2
2024231519273,2024,231519273,1,3,0,-1,3,3,7,-1,0,1,0,0,0,0,2,1,-1,6,1,39,7,125,1,3,HONDA NSS,10,E01031157,0,1
2024010492290,2024,010492290,4,2,0,5,5,6,2,0,0,8,0,0,0,0,4,1,6,6,1,43,7,279,1,10,HONDA NSS,4,E01001484,0,3
2024010510362,2024,010510362,1,3,0,99,99,9,9,99,99,1,9,99,9,99,9,1,2,2,1,31,6,330,1,3,HONDA NSS,7,E01023902,0,4
2024010507789,2024,010507789,1,3,9,99,99,9,9,99,99,9,9,99,9,99,9,1,6,6,3,27,6,125,1,3,HONDA NSS,4,E01001153,0,2
2024010529030,2024,010529030,2,2,0,18,19,6,2,0,0,1,0,0,0,0,1,1,6,6,1,21,5,125,1,4,HONDA NSS,5,E01000949,0,1
2024010517132,2024,010517132,1,3,0,99,99,9,9,99,99,9,9,99,9,99,1,1,6,6,1,29,6,125,1,2,HONDA NSS,2,E01024135,0,3
2024010509259,2024,010509259,2,2,0,5,5,5,1,0,0,3,0,0,0,0,1,1,6,6,3,24,5,125,1,7,HONDA NSS,-1,-1,0,-1
2024501497111,2024,501497111,1,4,0,-1,19,2,6,-1,0,1,5,0,0,0,4,1,-1,9,1,66,10,330,1,1,HONDA NSS,4,E01015037,0,1
2024430436150,2024,430436150,2,3,0,18,19,9,9,0,0,0,0,0,0,0,1,1,2,2,1,31,6,125,1,1,HONDA NSS,9,E01028491,0,2
2024010507060,2024,010507060,1,3,0,99,99,9,9,99,99,2,9,99,9,99,9,1,1,1,3,26,6,125,1,1,HONDA NSS,7,E01000573,0,2
2024010499142,2024,010499142,1,3,0,18,19,5,1,0,0,8,0,0,0,0,3,1,6,6,1,27,6,125,1,6,HONDA NSS,3,E01000545,0,1
2024471477107,2024,471477107,2,3,0,-1,19,5,1,-1,0,1,0,0,0,0,1,1,-1,1,1,37,7,125,1,0,HONDA NSS,9,E01031463,0,1
2024010529481,2024,010529481,2,3,0,18,19,5,1,0,0,2,0,0,0,0,1,1,6,6,1,30,6,125,1,1,HONDA NSS,3,E01000502,0,2
2024010507291,2024,010507291,1,3,0,18,19,4,8,0,0,1,0,0,0,0,1,1,6,6,1,16,4,125,1,4,HONDA NSS,8,E01004653,0,1
2024471517906,2024,471517906,2,3,0,-1,14,1,5,-1,0,1,1,0,0,0,1,1,-1,6,1,41,7,125,1,6,HONDA NSS,4,E01021138,0,3
2024010515699,2024,010515699,1,3,0,99,99,9,9,99,99,9,9,99,9,99,9,1,2,2,1,24,5,125,1,0,HONDA NSS,3,E01001180,0,1
2024010503017,2024,010503017,2,3,0,4,4,1,5,2,2,0,5,0,0,0,2,1,6,6,1,42,7,125,1,1,HONDA NSS,3,E01003332,0,1
2024461529883,2024,461529883,2,3,0,-1,10,3,5,-1,0,1,0,0,0,0,2,1,-1,1,1,42,7,125,1,0,HONDA NSS,9,E01021191,0,3
2024010550259,2024,010550259,1,3,0,99,99,9,9,99,99,9,9,99,9,99,9,1,6,6,1,26,6,125,1,8,HONDA NSS,2,E01002735,0,1
2024010548356,2024,010548356,1,4,0,18,19,3,7,0,0,8,0,0,0,0,4,1,1,1,1,29,6,330,1,0,HONDA NSS,2,E01001653,0,1
2024010547785,2024,010547785,1,4,0,18,19,7,3,0,0,1,0,0,0,0,3,1,2,2,1,29,6,125,1,4,HONDA NSS,4,E01021293,0,4
2024440452047,2024,440452047,1,4,0,4,4,1,5,0,0,1,1,0,0,0,4,1,6,6,1,72,10,373,1,0,-1,4,E01023037,0,3
2024361439650,2024,361439650,2,4,0,-1,19,4,5,-1,0,8,5,0,0,0,1,1,-1,6,1,32,6,373,1,4,-1,3,E01026740,0,2
2024041475565,2024,041475565,2,4,0,-1,5,7,3,-1,0,3,0,0,0,0,3,1,-1,9,1,68,10,373,1,1,-1,8,E01012583,0,2
2024332400696,2024,332400696,2,5,0,-1,9,1,7,-1,0,8,0,0,0,0,1,1,-1,2,1,57,9,693,1,5,-1,6,E01035098,0,1
2024041462335,2024,041462335,1,2,0,-1,9,3,5,-1,0,3,1,0,0,0,3,1,-1,2,2,16,4,49,1,0,-1,2,E01024959,0,1
2024061531111,2024,061531111,1,3,0,-1,19,1,5,-1,0,0,0,0,0,0,3,1,-1,1,1,17,4,125,1,0,-1,4,E01033976,0,2
2024421443598,2024,421443598,1,3,0,-1,7,7,1,-1,0,6,2,0,1,4,3,1,-1,6,1,18,4,125,1,0,-1,5,E01035166,0,1
2024010497316,2024,010497316,1,9,0,7,7,1,4,0,0,1,0,0,0,0,2,1,6,6,2,43,7,-1,3,1,MAZDA MX-30,-1,-1,0,-1
2024401447210,2024,401447210,2,9,0,-1,-1,-1,-1,-1,-1,-1,-1,-1,-1,0,-1,1,-1,9,2,35,6,-1,3,3,MAZDA MX-30,6,E01017391,0,1
2024451414038,2024,451414038,7,9,0,-1,4,1,5,-1,0,0,0,0,0,0,2,1,-1,9,2,57,9,-1,3,3,MAZDA MX-30,6,E01030767,0,3
202454B427024,2024,54B427024,2,9,0,8,8,1,5,0,0,2,0,0,0,0,1,1,6,6,2,26,6,-1,3,3,MAZDA MX-30,6,E01031902,0,1
2024451474875,2024,451474875,1,9,0,-1,19,7,3,-1,0,0,0,0,0,0,2,1,-1,9,1,30,6,-1,3,3,MAZDA MX-30,10,E01016194,0,1
2024070114382,2024,070114382,2,9,0,18,19,5,1,0,0,0,0,0,0,0,1,1,2,2,2,58,9,-1,3,3,MAZDA MX-30,5,E01005824,0,2
2024201461666,2024,201461666,2,9,0,-1,9,1,8,-1,0,6,0,0,0,0,3,1,-1,9,2,42,7,-1,3,3,MAZDA MX-30,6,E01009618,0,2
2024461475787,2024,461475787,2,9,0,-1,4,3,7,-1,0,0,0,0,0,0,2,1,-1,9,2,22,5,-1,3,0,MAZDA MX-30,9,E01016875,0,4
2024010525352,2024,010525352,1,9,0,18,19,5,1,0,0,0,0,0,0,0,2,1,6,6,1,32,6,-1,3,3,MAZDA MX-30,3,E01016171,0,4
2024131475364,2024,131475364,3,9,0,-1,2,0,0,-1,0,8,0,0,0,0,1,2,-1,6,-1,-1,-1,-1,3,1,MAZDA MX-30,-1,-1,0,-1
2024471456816,2024,471456816,1,9,0,-1,19,7,3,-1,0,0,1,0,0,0,4,1,-1,1,1,18,4,1796,1,21,-1,6,E01021145,0,3
2024471444129,2024,471444129,1,9,0,-1,7,8,3,-1,0,0,0,0,1,0,4,1,-1,1,1,35,6,1796,1,21,-1,6,E01017851,0,4
2024471438516,2024,471438516,2,9,0,-1,19,3,7,-1,0,1,0,0,0,0,1,1,-1,2,1,69,10,1588,1,22,-1,6,E01031408,0,2
2024302400725,2024,302400725,1,9,0,13,13,6,2,0,0,0,1,0,1,7,1,1,6,6,1,74,10,1796,1,15,-1,8,E01034960,0,5
2024351499379,2024,351499379,1,9,0,-1,19,4,8,-1,0,1,0,0,0,0,1,1,-1,6,1,72,10,1796,1,22,-1,10,E01018292,0,1
2024340WN0522,2024,340WN0522,2,9,0,-1,19,8,4,-1,0,1,0,0,0,0,3,1,-1,9,1,29,6,2979,1,31,MITSUBISHI MODEL MISSING,2,E01027229,0,1
2024221419472,2024,221419472,3,9,0,-1,2,0,0,-1,0,2,0,0,0,0,1,1,-1,9,1,51,8,2830,2,29,MITSUBISHI MODEL MISSING,8,E01028829,0,1
2024101459277,2024,101459277,2,9,4,-1,19,2,6,-1,0,1,0,0,0,0,2,1,-1,6,1,48,8,2830,2,30,MITSUBISHI MODEL MISSING,1,E01027412,0,3
2024501525027,2024,501525027,1,9,0,-1,19,3,7,-1,0,1,2,10,0,0,1,1,-1,9,2,22,5,2500,2,32,MITSUBISHI MODEL MISSING,9,E01019984,0,4
2024440072140,2024,440072140,1,9,0,18,19,1,5,0,0,0,0,0,0,0,1,1,6,6,1,38,7,3200,2,17,MITSUBISHI MODEL MISSING,8,E01023069,0,4
2024461561703,2024,461561703,1,9,0,-1,1,0,5,-1,0,0,0,0,0,0,2,9,-1,6,1,-1,-1,2830,2,30,MITSUBISHI MODEL MISSING,-1,-1,0,-1
2024010508563,2024,010508563,1,9,0,4,4,7,3,0,0,0,0,0,0,0,1,1,6,6,1,50,8,660,1,17,MITSUBISHI MODEL MISSING,5,E01003116,0,1
2024010508146,2024,010508146,1,9,0,18,19,7,3,0,0,8,1,0,0,0,4,1,2,2,1,46,8,1997,1,18,MITSUBISHI MODEL MISSING,7,E01021765,0,1
2024161427824,2024,161427824,2,9,0,-1,19,7,3,-1,0,1,0,0,0,0,1,9,-1,6,1,-1,-1,1997,1,19,MITSUBISHI MODEL MISSING,-1,-1,0,-1
2024141504717,2024,141504717,2,9,0,-1,9,1,5,-1,0,1,0,0,0,0,1,1,-1,6,-1,-1,-1,2800,2,31,MITSUBISHI MODEL MISSING,-1,-1,0,-1
2024361518390,2024,361518390,1,9,0,-1,19,3,7,-1,0,1,1,0,1,11,4,1,-1,2,2,54,8,1094,1,28,MITSUBISHI MODEL MISSING,5,E01026435,0,1
2024371471933,2024,371471933,2,9,0,-1,7,1,5,-1,0,8,0,0,0,0,2,1,-1,6,2,54,8,2000,1,26,MITSUBISHI MODEL MISSING,7,E01004164,0,5
2024421412865,2024,421412865,1,9,0,-1,15,3,7,-1,0,0,2,0,7,0,1,1,-1,9,1,35,6,1998,1,16,MITSUBISHI MODEL MISSING,8,E01027620,0,5
2024302401409,2024,302401409,2,4,0,13,13,4,8,0,0,0,0,0,0,0,4,1,6,6,1,18,4,125,1,3,-1,10,E01013468,0,1
2024041542035,2024,041542035,2,2,0,-1,19,1,7,-1,0,0,1,0,0,0,1,1,-1,6,1,16,4,49,1,0,-1,7,E01025169,0,1
2024361461739,2024,361461739,2,3,0,-1,19,3,7,-1,0,1,5,0,0,0,1,1,-1,6,1,26,6,125,1,1,-1,4,E01026429,0,4
2024991476991,2024,991476991,1,4,0,-1,19,8,3,-1,0,0,0,0,0,0,3,1,-1,6,1,19,4,248,1,6,-1,2,-1,0,3
2024340NN2752,2024,340NN2752,1,4,0,-1,13,7,3,-1,0,1,2,0,7,11,1,1,-1,6,1,41,7,248,1,7,-1,3,E01027056,0,1
2024041477096,2024,041477096,1,3,0,-1,19,6,2,-1,0,0,0,10,0,0,1,1,-1,6,1,45,7,124,1,1,-1,2,E01025284,0,1
2024440554351,2024,440554351,1,3,0,18,19,7,1,0,0,8,0,0,0,0,1,1,6,6,1,29,6,124,1,1,-1,3,E01017079,0,1
2024421443784,2024,421443784,1,3,0,-1,19,7,4,-1,0,0,0,0,1,0,4,1,-1,2,1,35,6,124,1,1,-1,3,E01021342,0,2
2024101522382,2024,101522382,2,2,0,-1,19,8,4,-1,0,8,2,0,0,0,3,1,-1,6,1,29,6,124,1,1,-1,1,E01008305,0,2
2024010528378,2024,010528378,2,9,0,2,2,0,0,0,0,1,0,4,0,0,2,1,6,6,3,-1,-1,-1,3,0,TESLA MODEL Y,-1,-1,0,-1
2024070741012,2024,070741012,2,9,0,-1,19,7,3,-1,0,8,0,0,1,0,3,1,-1,9,1,35,6,-1,3,1,TESLA MODEL Y,2,E01018739,0,2
2024440051531,2024,440051531,1,9,0,18,19,2,6,0,0,1,0,0,0,0,1,1,6,6,1,53,8,-1,3,1,TESLA MODEL Y,7,E01023271,0,1
2024010506026,2024,010506026,3,9,0,2,2,0,0,0,0,0,0,0,0,0,2,2,6,6,3,-1,-1,-1,3,2,TESLA MODEL Y,-1,-1,0,-1
2024471456707,2024,471456707,2,9,0,-1,4,2,6,-1,0,0,0,0,0,0,2,1,-1,6,1,34,6,-1,3,1,TESLA MODEL Y,8,E01031664,0,1
2024052401136,2024,052401136,1,9,0,9,9,7,5,0,0,6,0,0,0,0,3,1,2,2,1,29,6,-1,3,2,TESLA MODEL Y,7,E01012554,0,4
2024991508758,2024,991508758,3,9,0,-1,4,6,2,-1,0,1,0,0,0,0,2,1,-1,6,2,66,10,-1,3,2,TESLA MODEL Y,6,-1,0,4
2024211447311,2024,211447311,2,9,0,-1,3,6,2,-1,0,1,0,0,0,0,2,9,-1,6,2,46,8,-1,3,2,TESLA MODEL Y,9,E01014325,0,1
2024010498411,2024,010498411,1,9,0,99,99,9,9,99,99,9,9,99,9,99,2,9,2,2,1,42,7,-1,3,1,TESLA MODEL Y,6,E01015766,0,4
2024141426454,2024,141426454,1,9,0,-1,19,6,2,-1,0,0,0,0,0,0,0,1,-1,9,1,38,7,-1,3,1,TESLA MODEL Y,3,E01007963,0,2
2024010518762,2024,010518762,1,9,0,18,19,8,4,0,0,8,0,0,0,0,1,2,6,6,1,66,10,-1,3,2,TESLA MODEL Y,4,E01002324,0,2
2024461470690,2024,461470690,1,9,0,-1,19,7,3,-1,0,1,0,0,0,0,1,9,-1,6,1,43,7,-1,3,2,TESLA MODEL Y,7,E01024129,0,1
2024440062890,2024,440062890,2,9,0,4,4,8,4,0,0,1,1,0,0,0,1,1,6,6,2,46,8,-1,3,2,TESLA MODEL Y,7,E01023282,0,3
2024481569981,2024,481569981,1,9,0,-1,5,7,3,-1,0,8,0,0,0,0,4,1,-1,6,1,50,8,-1,3,1,TESLA MODEL Y,-1,-1,0,-1
2024041518923,2024,041518923,2,9,0,-1,19,5,1,-1,0,0,0,0,0,0,3,1,-1,9,2,34,6,-1,3,1,TESLA MODEL Y,7,E01025559,0,1
2024543395024,2024,543395024,2,9,0,18,19,4,8,0,0,0,1,0,0,0,1,1,6,6,2,49,8,-1,3,1,TESLA MODEL Y,-1,-1,0,-1
2024302400482,2024,302400482,3,9,0,12,12,8,3,0,0,1,0,0,0,0,0,1,6,6,3,37,7,-1,3,2,TESLA MODEL Y,6,E01029413,0,3
2024991470554,2024,991470554,1,9,0,-1,19,1,4,-1,0,3,0,0,3,11,1,1,-1,9,1,49,8,-1,3,2,TESLA MODEL Y,-1,-1,0,-1
2024461410759,2024,461410759,2,9,0,-1,19,5,1,-1,0,0,0,0,7,0,3,1,-1,1,1,40,7,-1,3,2,TESLA MODEL Y,6,E01024806,0,1
2024440458656,2024,440458656,1,9,0,18,19,3,7,0,0,0,0,0,0,0,1,1,6,6,1,19,4,-1,3,2,TESLA MODEL Y,7,E01022566,0,4
2024010496730,2024,010496730,2,9,0,99,99,9,9,99,99,9,9,99,9,99,1,9,6,6,3,35,6,-1,3,1,TESLA MODEL Y,10,E01030776,0,4
2024361521315,2024,361521315,2,9,0,-1,19,1,5,-1,0,0,0,0,0,0,4,1,-1,6,2,33,6,-1,3,2,TESLA MODEL Y,7,E01026928,0,1
2024010499621,2024,010499621,1,9,0,9,9,1,7,0,0,8,0,0,0,0,1,1,6,6,1,50,8,-1,3,1,TESLA MODEL Y,7,E01000572,0,1
2024401441220,2024,401441220,2,9,0,-1,4,1,5,-1,0,0,0,0,0,0,2,1,-1,2,2,37,7,-1,3,1,TESLA MODEL Y,10,E01016761,0,4
2024451509586,2024,451509586,1,9,0,-1,19,1,7,-1,0,1,0,0,0,0,1,2,-1,9,2,29,6,-1,3,2,TESLA MODEL Y,10,E01030899,0,2
2024451527676,2024,451527676,1,9,0,-1,4,1,5,-1,0,0,0,0,0,0,2,1,-1,2,1,49,8,-1,3,0,TESLA MODEL Y,10,E01030439,0,3
2024522403097,2024,522403097,1,9,0,1,1,4,8,0,0,0,0,0,0,0,2,1,6,6,2,44,7,-1,3,2,TESLA MODEL Y,6,E01014487,0,1
2024421521838,2024,421521838,2,9,0,-1,4,1,5,-1,0,0,0,0,0,0,2,1,-1,6,2,37,7,-1,3,1,TESLA MODEL Y,6,E01016113,0,4
2024440178865,2024,440178865,2,9,0,18,19,6,2,0,0,8,0,0,0,0,1,1,6,6,1,43,7,-1,3,1,TESLA MODEL Y,10,E01023072,0,3
2024010505104,2024,010505104,1,9,0,99,99,9,9,99,99,9,9,99,9,99,2,9,6,6,1,51,8,-1,3,2,TESLA MODEL Y,6,E01004728,0,2
2024010501492,2024,010501492,1,9,0,18,19,5,1,0,0,0,0,0,0,0,1,1,6,6,1,37,7,-1,3,1,TESLA MODEL Y,5,E01034231,0,1
2024451532593,2024,451532593,2,9,0,-1,19,5,1,-1,0,1,0,0,0,0,1,1,-1,9,1,45,7,-1,3,2,TESLA MODEL Y,7,E01030840,0,1
2024332400551,2024,332400551,1,9,0,-1,19,3,7,-1,0,8,0,0,0,0,1,1,-1,6,1,47,8,-1,3,2,TESLA MODEL Y,2,E01013768,0,2
2024041415888,2024,041415888,1,9,0,-1,19,1,5,-1,0,8,0,0,1,1,1,1,-1,2,1,49,8,-1,3,2,TESLA MODEL Y,10,E01005739,0,4
2024010523355,2024,010523355,2,9,0,18,19,5,1,0,0,8,0,0,0,0,1,1,2,2,2,31,6,-1,3,1,TESLA MODEL Y,3,E01003923,0,1
2024101402782,2024,101402782,1,9,0,-1,1,7,3,-1,9,0,0,0,0,0,2,1,-1,6,2,-1,-1,-1,3,2,TESLA MODEL Y,-1,-1,0,-1