collision_index,collision_year,collision_ref_no,vehicle_reference,vehicle_type,towing_and_articulation,vehicle_manoeuvre_historic,vehicle_manoeuvre,vehicle_direction_from,vehicle_direction_to,vehicle_location_restricted_lane_historic,vehicle_location_restricted_lane,junction_location,skidding_and_overturning,hit_object_in_carriageway,vehicle_leaving_carriageway,hit_object_off_carriageway,first_point_of_impact,vehicle_left_hand_drive,journey_purpose_of_driver_historic,journey_purpose_of_driver,sex_of_driver,age_of_driver,age_band_of_driver,engine_capacity_cc,propulsion_code,age_of_vehicle,generic_make_model,driver_imd_decile,lsoa_of_driver,escooter_flag,driver_distance_banding
2024010540182,2024,010540182,2,9,0,18,19,3,7,0,0,8,0,0,0,0,4,1,6,6,1,43,7,-1,3,1,TESLA MODEL Y,2,E01002281,0,1
2024101521120,2024,101521120,2,9,0,-1,2,3,7,-1,0,0,0,0,0,0,4,1,-1,6,2,59,9,-1,3,1,TESLA MODEL Y,10,E01008563,0,1
2024010523606,2024,010523606,1,9,0,18,19,5,1,0,0,0,0,0,0,0,4,1,6,6,1,58,9,-1,3,1,TESLA MODEL Y,2,E01003600,0,3
2024451534998,2024,451534998,2,9,0,-1,19,1,5,-1,0,8,0,0,0,0,4,1,-1,1,1,57,9,-1,3,1,TESLA MODEL Y,5,E01002987,0,1
2024010505646,2024,010505646,1,9,0,5,5,0,3,0,0,2,0,0,0,0,1,1,6,6,3,38,7,-1,3,0,TESLA MODEL Y,10,E01000688,0,1
2024411489388,2024,411489388,2,9,0,-1,19,7,3,-1,0,1,0,0,0,0,1,1,-1,6,1,48,8,-1,3,0,TESLA MODEL Y,7,E01023572,0,1
2024131456423,2024,131456423,2,9,0,-1,19,7,3,-1,0,0,0,0,0,0,2,1,-1,9,1,51,8,-1,3,1,TESLA MODEL Y,7,E01010590,0,1
2024411521614,2024,411521614,2,9,-1,-1,-1,-1,-1,-1,-1,0,-1,-1,-1,0,1,9,-1,9,1,59,9,-1,3,0,TESLA MODEL Y,10,E01030799,0,4
2024010542752,2024,010542752,5,9,0,2,2,0,0,0,0,0,0,0,0,0,1,1,6,6,3,-1,-1,-1,3,2,TESLA MODEL Y,-1,-1,0,-1
2024421474235,2024,421474235,1,9,0,-1,1,3,7,-1,0,0,0,0,0,0,2,9,-1,6,2,31,6,-1,3,1,TESLA MODEL Y,8,E01022093,0,4
2024061496511,2024,061496511,1,9,0,-1,19,7,3,-1,0,1,0,0,0,0,3,1,-1,9,1,24,5,-1,3,2,TESLA MODEL Y,2,E01005206,0,2
2024010540921,2024,010540921,2,9,0,2,2,0,0,0,0,0,0,0,0,0,0,1,6,6,3,-1,-1,-1,3,2,TESLA MODEL Y,-1,-1,0,-1
2024010519641,2024,010519641,1,9,0,7,7,8,3,0,0,6,0,0,0,0,1,1,6,6,1,42,7,-1,3,0,TESLA MODEL Y,4,E01002594,0,1
2024010540965,2024,010540965,2,9,0,4,4,1,5,0,0,0,0,0,0,0,0,1,1,1,1,62,9,-1,3,1,TESLA MODEL Y,3,E01003112,0,1
2024010509857,2024,010509857,2,9,0,3,3,1,5,0,0,0,0,0,0,0,2,1,1,1,1,47,8,-1,3,1,TESLA MODEL Y,-1,-1,0,-1
2024430205921,2024,430205921,1,9,0,15,15,4,8,0,0,0,0,0,0,0,4,1,6,6,2,60,9,-1,3,2,TESLA MODEL Y,10,E01017865,0,1
2024371423694,2024,371423694,2,9,0,-1,10,5,3,-1,0,1,0,0,0,0,4,1,-1,1,1,56,9,-1,3,1,TESLA MODEL Y,9,E01033443,0,3
2024311524974,2024,311524974,1,9,0,-1,19,3,5,-1,0,0,0,0,0,0,1,1,-1,6,1,57,9,-1,3,2,TESLA MODEL Y,-1,-1,0,-1
2024991492660,2024,991492660,3,9,0,-1,4,6,1,-1,0,1,0,0,0,0,1,1,-1,9,1,58,9,-1,3,0,TESLA MODEL Y,-1,-1,0,-1
2024451534599,2024,451534599,1,9,0,-1,4,1,5,-1,0,1,0,0,0,0,2,1,-1,9,1,49,8,-1,3,1,TESLA MODEL Y,10,E01030303,0,2
2024131517931,2024,131517931,1,9,0,-1,9,7,3,-1,0,6,0,0,0,0,1,1,-1,9,1,37,7,-1,3,2,TESLA MODEL Y,1,E01024906,0,3
2024052401909,2024,052401909,1,9,0,18,19,1,5,0,0,4,0,0,0,0,1,1,6,6,1,46,8,-1,3,1,TESLA MODEL Y,1,E01006756,0,1
2024010532686,2024,010532686,2,9,0,99,99,9,9,99,99,9,9,99,9,99,9,9,6,6,2,42,7,-1,3,1,TESLA MODEL Y,10,E01004122,0,1
2024332400325,2024,332400325,1,9,0,-1,3,4,8,-1,0,1,0,0,0,0,2,1,-1,6,1,66,10,-1,3,1,TESLA MODEL Y,7,E01013712,0,1
2024231433468,2024,231433468,1,9,0,-1,19,2,5,-1,0,4,0,0,0,0,1,9,-1,6,1,-1,-1,-1,3,2,TESLA MODEL Y,10,E01031259,0,2
2024311473648,2024,311473648,2,9,0,-1,12,7,7,-1,0,0,0,0,0,0,3,2,-1,9,2,24,5,-1,3,1,TESLA MODEL Y,10,E01029862,0,4
2024430396414,2024,430396414,2,9,0,11,11,8,4,0,0,1,0,0,0,0,4,1,6,6,1,-1,-1,-1,3,1,TESLA MODEL Y,-1,-1,0,-1
2024522402188,2024,522402188,2,9,0,12,12,8,4,0,0,0,0,0,0,0,4,1,6,6,1,49,8,-1,3,1,TESLA MODEL Y,9,E01014383,0,3
2024131509220,2024,131509220,1,9,0,-1,19,6,6,-1,0,8,0,0,0,0,4,1,-1,1,1,49,8,-1,3,1,TESLA MODEL Y,7,E01004891,0,4
2024010516061,2024,010516061,2,9,0,18,19,9,9,99,99,1,9,99,9,99,9,9,6,6,3,-1,-1,-1,3,2,TESLA MODEL Y,-1,-1,0,-1
2024010499678,2024,010499678,1,9,0,99,99,9,9,99,99,9,9,99,9,99,9,9,6,6,2,33,6,-1,3,1,TESLA MODEL Y,4,E01003117,0,1
2024991407775,2024,991407775,1,9,0,-1,9,1,6,-1,0,0,0,0,0,0,3,1,-1,9,1,49,8,-1,3,2,TESLA MODEL Y,6,-1,0,1
2024131419999,2024,131419999,1,9,0,-1,19,1,5,-1,0,8,0,0,0,0,4,1,-1,9,2,31,6,-1,3,2,TESLA MODEL Y,8,E01011857,0,1
2024531486977,2024,531486977,3,9,0,-1,19,5,1,-1,0,1,0,0,0,0,1,1,-1,9,2,42,7,-1,3,2,TESLA MODEL Y,6,E01022222,0,1
2024361507093,2024,361507093,1,9,0,-1,19,7,3,-1,0,0,0,0,0,0,1,1,-1,2,1,47,8,-1,3,1,TESLA MODEL Y,9,E01026546,0,4
2024311430059,2024,311430059,1,9,0,-1,15,1,5,-1,0,0,0,0,7,0,1,1,-1,1,1,41,7,-1,3,2,TESLA MODEL Y,4,E01033771,0,3
2024061478229,2024,061478229,1,9,0,-1,4,-1,-1,-1,0,0,0,0,0,0,2,1,-1,9,1,42,7,-1,3,2,TESLA MODEL Y,8,E01005169,0,4
2024411496657,2024,411496657,1,9,0,-1,19,8,4,-1,0,0,0,0,0,0,1,1,-1,9,1,70,10,-1,3,2,TESLA MODEL Y,10,E01023626,0,1
2024440090712,2024,440090712,3,9,0,18,19,6,2,0,0,0,0,0,0,0,1,1,2,2,1,42,7,-1,3,2,TESLA MODEL Y,8,E01023274,0,1
2024451412804,2024,451412804,3,9,0,-1,19,3,7,-1,0,0,0,0,0,0,1,1,-1,7,1,56,9,-1,3,1,TESLA MODEL Y,-1,-1,0,-1
2024201507423,2024,201507423,2,9,0,-1,19,8,4,-1,0,8,0,0,0,0,3,1,-1,6,1,38,7,-1,3,1,TESLA MODEL Y,8,E01009465,0,1
2024010516096,2024,010516096,2,9,0,99,99,9,9,99,99,6,9,99,9,99,1,9,6,6,3,-1,-1,-1,3,2,TESLA MODEL Y,-1,-1,0,-1
2024440234019,2024,440234019,1,9,0,16,19,2,5,0,0,0,0,0,1,4,1,1,6,6,2,34,6,-1,3,1,TESLA MODEL Y,10,E01016687,0,3
2024010514877,2024,010514877,1,9,0,1,1,7,3,6,6,2,0,0,0,0,2,1,2,2,2,47,8,-1,3,0,TESLA MODEL Y,9,E01002983,0,1
2024340WN4092,2024,340WN4092,2,9,0,-1,19,5,1,-1,0,0,0,0,0,0,2,1,-1,6,2,35,6,-1,3,0,TESLA MODEL Y,6,E01016388,0,5
2024440023057,2024,440023057,1,8,0,7,7,2,4,0,0,1,0,0,0,0,4,1,1,1,1,40,7,-1,3,2,TESLA MODEL Y,9,E01022717,0,1
2024010507832,2024,010507832,1,9,0,18,19,3,7,9,9,6,0,0,0,0,1,1,2,2,1,48,8,-1,3,1,TESLA MODEL Y,5,E01000158,0,1
2024010530621,2024,010530621,2,9,0,9,9,3,1,0,0,6,0,0,0,0,1,1,2,2,2,44,7,-1,3,1,TESLA MODEL Y,9,E01001094,0,1
2024440069075,2024,440069075,2,9,0,18,19,5,1,0,0,0,0,0,0,0,2,1,6,6,1,42,7,-1,3,1,TESLA MODEL Y,9,E01028782,0,4
2024401422812,2024,401422812,1,9,-1,-1,-1,-1,-1,-1,-1,0,-1,-1,-1,0,-1,9,-1,6,1,-1,-1,-1,3,1,TESLA MODEL Y,-1,-1,0,-1
2024010508742,2024,010508742,3,9,0,18,19,5,1,0,0,0,0,0,0,0,3,1,1,1,1,49,8,-1,3,2,TESLA MODEL Y,8,E01003399,0,1
2024041461612,2024,041461612,1,9,0,-1,19,2,6,-1,0,0,1,0,0,0,1,1,-1,9,1,16,4,-1,3,2,TESLA MODEL Y,4,E01012604,0,1
2024010515923,2024,010515923,1,9,9,99,99,9,9,99,99,0,9,99,9,99,9,1,6,6,2,39,7,-1,3,1,TESLA MODEL Y,10,E01003474,0,1
2024041448470,2024,041448470,1,9,0,-1,19,4,8,-1,0,0,0,0,0,0,1,1,-1,9,1,32,6,-1,3,2,TESLA MODEL Y,1,E01006495,0,3
2024010514501,2024,010514501,3,9,0,3,3,5,1,0,0,0,0,0,0,0,3,1,6,6,2,58,9,-1,3,0,TESLA MODEL Y,9,W01000776,0,5
2024421504655,2024,421504655,1,9,0,-1,4,1,5,-1,0,0,0,0,0,0,3,1,-1,9,2,36,7,-1,3,2,TESLA MODEL Y,5,E01021443,0,1
2024552401145,2024,552401145,1,9,0,9,9,1,6,0,0,6,0,0,0,0,3,1,6,6,2,40,7,-1,3,1,TESLA MODEL Y,10,E01015459,0,1
2024201518863,2024,201518863,1,9,0,-1,5,1,5,-1,0,1,0,0,0,0,1,9,-1,6,1,-1,-1,-1,3,2,TESLA MODEL Y,-1,-1,0,-1
2024311431541,2024,311431541,1,9,0,-1,19,3,7,-1,0,0,0,0,0,0,1,1,-1,9,1,41,7,-1,3,2,TESLA MODEL Y,9,E01013982,0,1
2024010535235,2024,010535235,1,9,0,3,3,7,3,0,0,1,0,0,0,0,3,1,6,6,1,39,7,-1,3,2,TESLA MODEL Y,9,E01023378,0,4
2024131519526,2024,131519526,1,9,0,-1,19,1,5,-1,0,0,0,0,0,0,4,1,-1,1,2,40,7,-1,3,2,TESLA MODEL Y,5,E01005521,0,3
2024010542379,2024,010542379,2,9,0,18,19,1,5,0,0,8,0,0,0,0,3,1,6,6,2,44,7,-1,3,1,TESLA MODEL Y,4,E01004378,0,1
2024221450317,2024,221450317,2,9,0,-1,19,8,5,-1,0,0,0,0,0,0,3,1,-1,6,1,46,8,-1,3,2,TESLA MODEL Y,6,E01028973,0,1
2024041442762,2024,041442762,3,9,0,-1,19,1,5,-1,0,0,0,0,0,0,2,1,-1,1,1,32,6,-1,3,1,TESLA MODEL Y,7,E01012614,0,2
2024411498271,2024,411498271,1,9,0,-1,-1,-1,-1,-1,-1,-1,-1,-1,-1,0,-1,9,-1,6,2,45,7,-1,3,2,TESLA MODEL Y,9,E01002116,0,3
2024421442636,2024,421442636,2,9,0,-1,19,1,3,-1,0,1,0,0,0,0,3,1,-1,6,1,39,7,-1,3,2,TESLA MODEL Y,10,E01021431,0,3
2024543049324,2024,543049324,1,9,0,11,11,8,4,0,0,0,0,0,1,0,1,1,6,6,1,46,8,-1,3,0,TESLA MODEL Y,10,E01015521,0,2
2024010516334,2024,010516334,2,9,0,3,3,5,1,0,0,0,0,0,0,0,2,1,6,6,1,42,7,-1,3,2,TESLA MODEL Y,9,E01004543,0,3
2024221428238,2024,221428238,1,9,0,-1,19,4,8,-1,0,1,0,0,0,0,4,1,-1,6,2,37,7,-1,3,0,TESLA MODEL Y,3,E01014104,0,1
2024010537132,2024,010537132,1,9,0,9,9,1,6,0,0,1,0,0,0,0,1,1,1,1,1,52,8,-1,3,1,TESLA MODEL Y,9,E01001422,0,1
2024010541695,2024,010541695,3,9,0,2,2,0,0,9,9,2,0,0,1,10,1,2,6,6,3,-1,-1,-1,3,2,TESLA MODEL Y,-1,-1,0,-1
2024010539643,2024,010539643,1,9,0,8,8,6,1,0,0,1,0,0,0,0,1,1,3,7,1,50,8,-1,3,0,TESLA MODEL Y,8,W01001565,0,5
2024010526119,2024,010526119,1,9,0,9,9,5,3,0,0,6,0,10,3,11,1,1,6,6,1,76,11,-1,3,0,TESLA MODEL Y,8,E01035722,0,1
2024061523774,2024,061523774,2,9,0,-1,2,7,3,-1,0,0,0,0,0,0,2,1,-1,9,1,30,6,-1,3,1,TESLA MODEL Y,2,E01005600,0,1
2024201483713,2024,201483713,2,9,0,-1,9,5,3,-1,0,8,0,0,0,0,3,1,-1,6,2,24,5,-1,3,0,TESLA MODEL Y,-1,-1,0,-1
2024010533860,2024,010533860,2,9,0,3,3,7,3,0,0,1,0,0,0,0,4,1,2,2,1,38,7,-1,3,0,TESLA MODEL Y,9,E01000842,0,1
2024371539288,2024,371539288,2,9,0,-1,19,1,5,-1,0,1,0,0,0,0,0,1,-1,1,1,45,7,-1,3,0,TESLA MODEL Y,8,E01029890,0,4
2024061400202,2024,061400202,1,9,0,-1,19,8,4,-1,0,0,0,0,0,0,1,2,-1,1,1,64,9,-1,3,1,TESLA MODEL Y,9,E01006117,0,2
2024010542253,2024,010542253,1,9,0,1,1,5,1,0,0,1,0,0,0,0,2,1,6,6,1,78,11,-1,3,2,TESLA MODEL Y,2,E01002881,0,1
2024411536749,2024,411536749,2,9,0,-1,19,1,5,-1,0,0,0,0,0,0,2,1,-1,2,1,49,8,-1,3,1,TESLA MODEL Y,7,E01002172,0,3
2024421402695,2024,421402695,5,9,0,-1,4,2,6,-1,0,0,0,0,0,0,2,1,-1,6,2,50,8,-1,3,2,TESLA MODEL Y,7,E01034086,0,3
2024141517291,2024,141517291,1,9,0,-1,1,2,7,-1,0,0,0,0,0,0,2,1,-1,6,2,49,8,-1,3,2,TESLA MODEL Y,8,E01007663,0,1
2024520402862,2024,520402862,2,9,0,2,2,0,0,0,0,0,0,0,0,0,4,1,6,6,3,-1,-1,-1,3,1,TESLA MODEL Y,-1,-1,0,-1
2024141493027,2024,141493027,1,9,0,-1,19,3,7,-1,0,0,0,0,0,0,1,1,-1,9,2,56,9,-1,3,2,TESLA MODEL Y,-1,-1,0,-1
2024440523046,2024,440523046,1,9,0,18,19,1,5,0,0,0,0,0,1,4,1,1,6,6,2,42,7,-1,3,1,TESLA MODEL Y,10,E01022518,0,3
2024430463962,2024,430463962,1,9,0,9,9,6,4,0,0,2,0,0,0,0,1,1,6,6,1,43,7,-1,3,1,TESLA MODEL Y,10,E01016658,0,2
2024122400934,2024,122400934,1,9,0,18,19,5,1,0,0,0,0,11,0,0,0,1,6,6,1,49,8,-1,3,1,TESLA MODEL Y,7,E01027877,0,1
2024052402261,2024,052402261,1,9,0,5,5,2,6,0,0,1,0,0,0,0,3,1,6,6,1,47,8,-1,3,0,TESLA MODEL Y,3,E01006619,0,1
2024052400884,2024,052400884,1,9,0,9,9,6,4,0,0,1,0,0,0,0,3,1,6,6,1,57,9,-1,3,2,TESLA MODEL Y,8,E01006682,0,1
2024010530937,2024,010530937,2,9,0,99,99,9,9,99,99,9,9,99,9,99,2,9,6,6,2,43,7,-1,3,1,TESLA MODEL Y,7,E01034154,0,1
2024201415774,2024,201415774,2,9,0,-1,3,2,6,-1,0,8,0,0,0,0,2,9,-1,6,1,41,7,-1,3,1,TESLA MODEL Y,7,E01010544,0,1
2024430377864,2024,430377864,2,9,0,4,4,6,3,0,0,4,0,0,0,0,2,1,6,6,1,35,6,-1,3,0,TESLA MODEL Y,7,E01033960,0,4
2024010537715,2024,010537715,1,9,0,99,99,9,9,99,99,9,9,99,9,99,2,9,6,6,3,-1,-1,-1,3,1,TESLA MODEL Y,-1,-1,0,-1
2024221459321,2024,221459321,2,9,0,-1,19,2,5,-1,0,0,0,0,0,0,1,9,-1,6,1,22,5,-1,3,1,TESLA MODEL Y,10,E01032149,0,1
2024311449648,2024,311449648,2,9,0,-1,2,3,7,-1,0,0,0,4,0,0,2,1,-1,6,-1,-1,-1,-1,3,1,TESLA MODEL Y,-1,-1,0,-1
2024052402326,2024,052402326,2,9,0,9,9,5,3,0,0,1,0,0,0,0,1,1,6,6,2,27,6,-1,3,1,TESLA MODEL Y,1,E01006458,0,1
2024070284829,2024,070284829,1,9,0,9,9,8,6,0,0,8,0,0,0,0,4,1,6,6,1,24,5,-1,3,1,TESLA MODEL Y,10,E01009808,0,5
2024302400599,2024,302400599,2,9,0,18,19,2,6,0,0,8,0,0,0,0,1,1,1,1,2,30,6,-1,3,1,TESLA MODEL Y,3,E01028127,0,1
2024010504817,2024,010504817,2,9,0,2,2,0,0,0,0,1,0,0,0,0,3,1,6,6,3,-1,-1,-1,3,0,TESLA MODEL Y,-1,-1,0,-1
2024010521984,2024,010521984,2,9,0,18,19,1,5,0,0,0,0,0,0,0,2,1,6,6,1,49,8,-1,3,1,TESLA MODEL Y,8,E01002942,0,2
2024010529748,2024,010529748,2,9,0,99,99,9,9,99,99,9,9,99,9,99,1,9,6,6,3,68,10,-1,3,1,TESLA MODEL Y,5,E01002885,0,1
2024311475297,2024,311475297,1,9,0,-1,1,3,6,-1,0,1,0,0,0,0,2,1,-1,9,1,53,8,-1,3,0,TESLA MODEL Y,10,E01028347,0,1
2024481567020,2024,481567020,1,9,0,-1,9,3,7,-1,0,8,0,0,0,0,3,1,-1,9,1,50,8,-1,3,1,TESLA MODEL Y,-1,-1,0,-1
2024010499204,2024,010499204,1,9,0,99,99,9,9,99,99,9,9,99,9,99,2,9,2,2,1,45,7,-1,3,2,TESLA MODEL Y,9,E01002961,0,3
2024371462492,2024,371462492,2,9,0,-1,19,5,1,-1,0,0,0,0,0,0,2,1,-1,1,1,47,8,-1,3,1,TESLA MODEL Y,7,E01032620,0,4
2024010541473,2024,010541473,1,9,0,3,3,7,3,0,0,2,0,0,0,0,1,1,1,1,1,36,7,-1,3,0,TESLA MODEL Y,1,E01004005,0,1
2024401460428,2024,401460428,2,9,0,-1,4,7,3,-1,0,0,0,0,0,0,2,1,-1,9,2,53,8,-1,3,2,TESLA MODEL Y,7,E01017464,0,2
2024041467213,2024,041467213,1,9,0,-1,5,0,7,-1,4,0,0,0,0,0,4,1,-1,9,1,41,7,-1,3,1,TESLA MODEL Y,3,E01025143,0,1
2024991453673,2024,991453673,1,9,0,-1,19,5,1,-1,0,0,0,0,7,9,4,1,-1,6,1,46,8,-1,3,1,TESLA MODEL Y,5,-1,0,1
2024991419567,2024,991419567,1,9,0,-1,9,7,5,-1,0,8,0,0,0,0,1,1,-1,9,2,47,8,-1,3,2,TESLA MODEL Y,10,-1,0,1
2024071042332,2024,071042332,1,9,0,-1,3,5,1,-1,0,4,0,0,0,0,4,1,-1,6,1,61,9,-1,3,2,TESLA MODEL Y,10,E01018694,0,4
2024010504195,2024,010504195,2,9,0,18,19,5,1,0,0,6,0,0,0,0,1,1,2,2,1,60,9,-1,3,2,TESLA MODEL Y,5,E01015949,0,4
2024231447269,2024,231447269,1,9,0,-1,9,3,1,-1,0,6,0,0,0,0,1,1,-1,6,2,32,6,-1,3,0,TESLA MODEL Y,9,E01031036,0,1
2024010516579,2024,010516579,1,9,0,99,99,9,9,99,99,0,9,99,9,99,9,9,6,6,1,42,7,-1,3,0,TESLA MODEL Y,9,E01000775,0,1
2024451426472,2024,451426472,1,9,0,-1,10,7,3,-1,0,1,0,0,0,0,2,1,-1,9,1,42,7,-1,3,2,TESLA MODEL Y,8,E01030965,0,1
2024231503484,2024,231503484,1,9,0,-1,19,3,7,-1,0,0,1,0,1,4,1,1,-1,2,1,32,6,-1,3,2,TESLA MODEL Y,2,E01009018,0,4
2024430563978,2024,430563978,1,9,0,4,4,6,2,0,0,0,0,0,0,0,2,1,1,1,1,45,7,-1,3,2,TESLA MODEL Y,6,E01017922,0,1
2024010531829,2024,010531829,2,9,0,6,6,3,3,0,0,0,0,0,3,0,1,1,6,6,1,43,7,-1,3,0,TESLA MODEL Y,1,E01004083,0,1
2024201464103,2024,201464103,2,9,0,-1,3,8,6,-1,0,0,0,0,0,0,1,1,-1,6,-1,-1,-1,-1,3,2,TESLA MODEL Y,-1,-1,0,-1
2024010535217,2024,010535217,1,9,0,18,19,3,7,0,0,2,0,0,0,0,1,1,6,6,2,43,7,-1,3,1,TESLA MODEL Y,10,E01000766,0,1
2024070857147,2024,070857147,3,9,0,-1,3,1,5,-1,0,1,0,99,0,0,2,1,-1,9,2,44,7,-1,3,2,TESLA MODEL Y,10,E01035388,0,1
2024201419965,2024,201419965,1,9,0,-1,19,2,5,-1,0,8,0,0,0,0,1,1,-1,6,2,34,6,-1,3,1,TESLA MODEL Y,8,E01031195,0,3
2024201484619,2024,201484619,1,9,0,-1,19,5,1,-1,0,4,0,0,0,0,1,9,-1,2,1,55,8,-1,3,0,TESLA MODEL Y,8,E01009425,0,1
2024141530886,2024,141530886,2,9,0,-1,19,5,1,-1,0,0,0,0,0,0,2,1,-1,6,1,59,9,-1,3,1,TESLA MODEL Y,9,E01010227,0,5
2024071032929,2024,071032929,1,9,0,-1,5,6,2,-1,0,8,0,0,0,0,4,1,-1,9,2,49,8,-1,3,2,TESLA MODEL Y,9,E01018529,0,2
2024010542519,2024,010542519,1,9,0,4,4,5,1,0,0,0,0,0,0,0,4,1,6,6,1,60,9,647,3,2,TESLA MODEL Y,8,E01004352,0,3
2024451468122,2024,451468122,1,9,0,-1,19,5,1,-1,0,0,1,0,1,11,1,1,-1,9,1,29,6,-1,3,2,TESLA MODEL Y,7,E01030741,0,4
2024547626424,2024,547626424,2,9,0,18,19,6,2,0,0,0,0,0,0,0,1,1,6,6,1,40,7,-1,3,1,TESLA MODEL Y,5,E01020456,0,4
2024010544613,2024,010544613,2,9,0,18,19,3,7,0,0,8,0,0,0,0,3,1,6,6,1,62,9,-1,3,1,TESLA MODEL Y,6,E01035345,0,4
2024631474854,2024,631474854,1,9,0,-1,19,2,7,-1,0,0,0,0,1,9,3,1,-1,1,1,40,7,-1,3,0,TESLA MODEL Y,9,E01029744,0,4
2024991470125,2024,991470125,1,9,0,-1,19,2,7,-1,0,0,0,0,0,0,1,1,-1,9,2,39,7,-1,3,0,TESLA MODEL Y,6,-1,0,4
202417H106224,2024,17H106224,1,9,0,-1,13,6,2,-1,0,0,0,0,0,0,4,1,-1,2,1,38,7,-1,3,2,TESLA MODEL Y,5,E01011968,0,1
2024421487566,2024,421487566,1,9,0,-1,19,5,1,-1,0,0,0,0,0,0,2,1,-1,6,1,-1,-1,-1,3,0,TESLA MODEL Y,-1,-1,0,-1
2024010549099,2024,010549099,1,9,0,99,99,9,9,99,99,9,9,99,9,99,2,9,2,2,1,49,8,-1,3,1,TESLA MODEL Y,8,E01004727,0,1
2024522500443,2024,522500443,2,9,0,18,19,4,8,0,0,2,0,0,0,0,1,1,6,6,1,29,6,-1,3,0,TESLA MODEL Y,4,E01014603,0,1
2024440145643,2024,440145643,1,9,0,4,4,6,2,0,0,0,0,0,0,0,2,1,6,6,1,46,8,-1,3,0,TESLA MODEL Y,2,E01017276,0,1
2024351508040,2024,351508040,1,9,0,-1,9,5,3,-1,0,4,0,0,0,0,3,1,-1,6,1,47,8,-1,3,0,TESLA MODEL Y,6,E01021971,0,4
2024351398798,2024,351398798,1,9,-1,-1,-1,-1,-1,-1,-1,0,-1,-1,-1,0,-1,9,-1,6,1,45,7,-1,3,2,TESLA MODEL Y,6,E01018247,0,3
2024331432997,2024,331432997,2,9,0,-1,-1,2,6,-1,-1,0,0,0,0,0,2,1,-1,-1,1,38,7,-1,3,1,TESLA MODEL Y,-1,-1,0,-1
2024010487143,2024,010487143,2,8,0,99,99,9,9,99,99,0,9,99,9,99,9,9,6,6,3,-1,-1,-1,3,1,TESLA MODEL Y,-1,-1,0,-1
2024010538792,2024,010538792,3,9,0,18,19,5,1,0,0,8,0,0,0,0,3,1,6,6,1,29,6,-1,3,1,TESLA MODEL Y,7,E01002160,0,3
2024010506900,2024,010506900,1,9,0,3,3,3,7,0,0,1,0,0,0,0,2,1,6,6,2,44,7,-1,3,1,TESLA MODEL Y,10,E01003805,0,1
2024991413103,2024,991413103,1,9,0,-1,19,3,1,-1,0,0,0,0,0,0,1,1,-1,6,2,47,8,-1,3,2,TESLA MODEL Y,3,-1,0,1
2024010535973,2024,010535973,1,9,0,9,9,5,3,0,0,8,0,0,0,0,1,2,6,6,1,42,7,-1,3,0,TESLA MODEL Y,7,E01004159,0,2
2024401503375,2024,401503375,2,9,0,-1,4,4,8,-1,-1,0,0,0,0,0,1,1,-1,6,1,30,6,-1,3,0,TESLA MODEL Y,3,E01023650,0,3
2024070891457,2024,070891457,2,9,0,-1,9,5,1,-1,0,6,0,0,0,0,1,1,-1,2,1,53,8,-1,3,1,TESLA MODEL Y,8,E01018677,0,1
2024351486260,2024,351486260,2,9,0,-1,19,6,2,-1,0,1,0,0,0,0,1,1,-1,2,2,41,7,-1,3,1,TESLA MODEL Y,9,E01018205,0,1
2024231500537,2024,231500537,1,9,0,-1,5,8,4,-1,0,6,0,0,0,0,1,9,-1,1,1,47,8,-1,3,1,TESLA MODEL Y,7,E01031283,0,1
2024471463468,2024,471463468,1,9,0,-1,3,-1,-1,-1,0,0,0,0,0,0,2,1,-1,2,2,52,8,-1,3,1,TESLA MODEL Y,8,E01034820,0,3
2024461437305,2024,461437305,1,9,0,-1,12,8,4,-1,0,0,0,0,0,0,2,9,-1,9,1,60,9,-1,3,1,TESLA MODEL Y,8,E01024419,0,2
2024070717211,2024,070717211,2,9,0,-1,3,1,1,-1,0,1,0,0,0,0,2,1,-1,6,2,57,9,-1,3,1,TESLA MODEL Y,8,E01006841,0,2
2024430343845,2024,430343845,2,9,0,4,4,6,2,0,0,0,0,0,0,0,2,1,6,6,1,24,5,-1,3,0,TESLA MODEL Y,8,E01022522,0,4
2024351482929,2024,351482929,1,9,0,-1,19,1,7,-1,0,0,1,0,1,11,4,1,-1,6,1,44,7,-1,3,0,TESLA MODEL Y,6,E01018210,0,2
2024201532611,2024,201532611,8,9,0,-1,2,0,0,-1,0,8,0,0,0,0,4,1,-1,6,-1,-1,-1,-1,3,0,TESLA MODEL Y,-1,-1,0,-1
2024421424002,2024,421424002,1,9,0,-1,5,8,4,-1,0,0,0,0,0,0,1,1,-1,9,1,29,6,-1,3,2,TESLA MODEL Y,5,E01021422,0,1
2024401413264,2024,401413264,1,9,0,-1,19,8,4,-1,0,6,0,0,0,0,1,1,-1,6,2,29,6,1998,1,8,TOYOTA GT86,9,E01023493,0,4
2024991523812,2024,991523812,2,9,0,-1,19,1,5,-1,0,8,0,0,0,0,3,1,-1,6,1,21,5,1998,1,12,TOYOTA GT86,10,-1,0,2
2024430418972,2024,430418972,1,9,0,18,19,2,6,0,0,2,0,0,0,0,1,1,6,6,1,25,5,1998,1,7,TOYOTA GT86,7,E01016317,0,2
2024471428427,2024,471428427,4,9,0,-1,3,6,2,-1,0,0,0,0,0,0,3,1,-1,6,2,55,8,1998,1,8,TOYOTA GT86,10,E01031684,0,3
2024122400241,2024,122400241,1,9,0,18,19,7,2,0,0,8,0,4,0,0,1,1,6,6,1,19,4,1998,1,11,TOYOTA GT86,8,E01011643,0,3