collision_index,collision_year,collision_ref_no,vehicle_reference,vehicle_type,towing_and_articulation,vehicle_manoeuvre_historic,vehicle_manoeuvre,vehicle_direction_from,vehicle_direction_to,vehicle_location_restricted_lane_historic,vehicle_location_restricted_lane,junction_location,skidding_and_overturning,hit_object_in_carriageway,vehicle_leaving_carriageway,hit_object_off_carriageway,first_point_of_impact,vehicle_left_hand_drive,journey_purpose_of_driver_historic,journey_purpose_of_driver,sex_of_driver,age_of_driver,age_band_of_driver,engine_capacity_cc,propulsion_code,age_of_vehicle,generic_make_model,driver_imd_decile,lsoa_of_driver,escooter_flag,driver_distance_banding
2024311458878,2024,311458878,3,9,0,-1,9,3,1,-1,0,8,0,0,0,0,1,1,-1,2,1,26,6,1998,1,10,TOYOTA GT86,1,E01028261,0,3
2024501434152,2024,501434152,1,9,0,-1,19,1,5,-1,0,0,1,0,7,4,1,1,-1,9,1,22,5,1998,1,6,TOYOTA GT86,9,E01019968,0,4
2024451511098,2024,451511098,2,9,0,-1,19,7,3,-1,0,0,0,0,0,0,1,1,-1,9,2,24,5,1998,1,6,TOYOTA GT86,7,E01032573,0,4
2024545797824,2024,545797824,2,9,0,18,19,3,7,0,0,0,0,0,7,0,1,1,6,6,1,40,7,1998,1,11,TOYOTA GT86,6,E01035457,0,3
2024031451769,2024,031451769,2,9,0,-1,19,5,1,-1,0,8,0,0,1,0,1,1,-1,6,1,21,5,1998,1,10,TOYOTA GT86,-1,-1,0,-1
2024201448163,2024,201448163,1,9,0,-1,9,4,2,-1,0,6,0,0,0,0,1,1,-1,6,1,27,6,1998,1,10,TOYOTA GT86,7,E01010356,0,2
2024061510368,2024,061510368,2,9,0,-1,7,8,2,-1,0,6,0,0,0,0,1,1,-1,6,-1,-1,-1,1998,1,7,TOYOTA GT86,-1,-1,0,-1
2024161433072,2024,161433072,2,3,0,-1,19,1,5,-1,0,8,0,0,0,0,4,1,-1,2,1,41,7,955,1,24,-1,3,E01012934,0,3
2024302400701,2024,302400701,2,5,0,17,19,7,4,0,0,2,0,0,0,0,1,1,1,1,1,48,8,955,1,21,-1,1,E01019444,0,2
2024421454510,2024,421454510,1,5,0,-1,19,5,1,-1,0,0,1,0,0,0,4,1,-1,2,1,36,7,955,1,20,-1,5,E01021329,0,1
2024351469324,2024,351469324,1,5,0,-1,19,1,1,-1,0,1,1,0,0,0,1,1,-1,6,1,27,6,955,1,23,-1,6,E01018156,0,3
2024070633626,2024,070633626,1,4,0,7,7,5,1,0,0,6,0,0,0,0,1,1,6,6,1,49,8,955,1,25,-1,5,E01034678,0,2
2024371463679,2024,371463679,2,5,0,-1,14,1,5,-1,0,0,0,0,0,0,1,1,-1,6,1,42,7,955,1,25,-1,6,E01030081,0,3
2024010523903,2024,010523903,2,5,0,15,15,1,5,0,0,8,0,0,0,0,1,1,6,6,1,53,8,955,1,24,-1,9,E01024450,0,4
2024141516642,2024,141516642,1,5,0,-1,7,7,4,-1,0,3,0,0,0,0,1,1,-1,2,1,46,8,955,1,25,-1,3,E01007479,0,1
2024201490570,2024,201490570,3,9,0,-1,2,0,0,-1,0,0,0,0,0,0,1,1,-1,6,-1,-1,-1,2198,1,19,VAUXHALL VECTRA,-1,-1,0,-1
2024101519147,2024,101519147,1,9,0,-1,9,8,6,-1,0,8,0,0,0,0,1,1,-1,9,1,39,7,1796,1,17,VAUXHALL VECTRA,3,E01008678,0,1
2024451436434,2024,451436434,1,9,0,-1,5,2,6,-1,0,0,0,0,0,0,1,1,-1,9,1,44,7,1796,1,17,VAUXHALL VECTRA,10,E01030370,0,1
2024440197323,2024,440197323,2,9,0,3,3,1,5,0,0,1,0,0,0,0,2,1,6,6,2,37,7,1796,1,18,VAUXHALL VECTRA,2,E01017109,0,2
2024440133980,2024,440133980,2,9,0,18,19,4,8,0,0,1,0,0,0,0,4,1,6,6,1,-1,-1,1910,2,19,VAUXHALL VECTRA,-1,-1,0,-1
2024421455343,2024,421455343,2,9,0,-1,3,2,6,-1,0,1,0,0,0,0,2,1,-1,9,1,48,8,1796,1,17,VAUXHALL VECTRA,4,E01021834,0,2
2024041465023,2024,041465023,1,9,0,-1,2,1,5,-1,0,1,0,0,0,0,1,1,-1,6,1,34,6,1796,1,17,VAUXHALL VECTRA,9,E01024966,0,1
2024111481040,2024,111481040,2,9,0,-1,19,4,8,-1,0,0,0,0,0,0,1,1,-1,9,2,35,6,1796,1,17,VAUXHALL VECTRA,3,E01034504,0,2
2024131411033,2024,131411033,2,9,0,-1,19,3,7,-1,0,8,0,0,0,0,4,1,-1,6,1,55,8,1910,2,16,VAUXHALL VECTRA,10,E01027893,0,3
2024421436686,2024,421436686,1,9,0,-1,5,7,3,-1,0,0,0,0,0,0,1,1,-1,9,2,25,5,1796,1,17,VAUXHALL VECTRA,2,E01022023,0,3
2024041497935,2024,041497935,2,9,0,-1,19,3,7,-1,0,0,0,0,0,0,3,1,-1,2,2,47,8,1796,1,16,VAUXHALL VECTRA,1,E01025006,0,1
2024371482675,2024,371482675,1,9,-1,-1,7,-1,-1,-1,0,1,0,0,0,0,-1,9,-1,6,1,30,6,1910,2,16,VAUXHALL VECTRA,2,E01030014,0,1
2024461506357,2024,461506357,1,9,0,-1,14,5,1,-1,0,1,0,0,0,0,4,9,-1,6,1,42,7,1796,1,18,VAUXHALL VECTRA,6,E01024478,0,1
2024141557545,2024,141557545,1,9,0,-1,19,1,5,-1,0,0,0,0,0,0,4,1,-1,2,2,40,7,1796,1,16,VAUXHALL VECTRA,7,E01007999,0,2
2024221427343,2024,221427343,3,9,0,-1,2,0,0,-1,0,0,0,0,0,0,0,1,-1,6,-1,45,7,1796,1,21,VAUXHALL VECTRA,-1,-1,0,-1
2024332400263,2024,332400263,2,9,0,-1,19,2,6,-1,0,6,0,0,1,0,4,1,-1,2,1,35,6,1910,2,16,VAUXHALL VECTRA,4,E01029820,0,4
2024440047239,2024,440047239,1,9,0,5,5,8,4,0,0,8,0,0,0,0,4,1,6,6,2,50,8,1796,1,16,VAUXHALL VECTRA,10,E01022872,0,1
2024421518148,2024,421518148,1,9,0,-1,9,7,5,-1,0,2,0,0,0,0,3,1,-1,6,1,-1,-1,1796,1,18,VAUXHALL VECTRA,-1,-1,0,-1
2024010513778,2024,010513778,2,9,0,13,13,5,1,3,2,1,0,0,0,0,4,1,6,6,1,36,7,1796,1,16,VAUXHALL VECTRA,6,E01003149,0,1
2024430215059,2024,430215059,1,9,0,9,9,6,4,0,0,6,0,0,0,0,3,1,6,6,1,18,4,1796,1,18,VAUXHALL VECTRA,6,E01017860,0,1
2024320683792,2024,320683792,1,9,0,-1,-1,6,2,0,0,8,0,0,0,0,1,1,-1,-1,1,22,5,1796,1,16,VAUXHALL VECTRA,1,E01026173,0,1
2024430517646,2024,430517646,1,9,0,11,11,6,2,0,0,0,0,0,0,0,4,1,6,6,1,20,4,1796,1,17,VAUXHALL VECTRA,4,E01003841,0,3
2024161419127,2024,161419127,2,9,0,-1,19,5,1,-1,0,8,1,0,1,4,3,1,-1,9,2,25,5,1796,1,16,VAUXHALL VECTRA,6,E01013323,0,1
2024221417425,2024,221417425,2,9,0,-1,19,4,8,-1,0,8,0,0,0,0,1,2,-1,2,1,40,7,1910,2,18,VAUXHALL VECTRA,-1,-1,0,-1
2024440110748,2024,440110748,1,9,0,9,9,5,3,0,0,5,0,0,0,0,4,1,6,6,1,35,6,1910,2,16,VAUXHALL VECTRA,2,E01022819,0,1
2024430302023,2024,430302023,1,9,0,1,1,7,3,0,0,6,0,4,0,0,2,1,6,6,2,62,9,1796,1,16,VAUXHALL VECTRA,6,E01035731,0,1
2024320558446,2024,320558446,1,9,0,14,14,6,2,0,0,0,1,0,7,0,1,1,6,6,1,23,5,1796,1,19,VAUXHALL VECTRA,2,E01035539,0,3
2024421525806,2024,421525806,1,9,0,-1,19,5,1,-1,0,0,1,0,1,0,1,1,-1,9,1,45,7,1796,1,17,VAUXHALL VECTRA,5,E01021644,0,1
2024421414086,2024,421414086,1,9,0,-1,19,3,7,-1,0,1,0,0,0,0,1,1,-1,9,2,25,5,1796,1,17,VAUXHALL VECTRA,-1,-1,0,-1
2024131483795,2024,131483795,2,9,0,-1,2,0,0,-1,0,0,0,0,0,0,2,1,-1,6,-1,-1,-1,1796,1,16,VAUXHALL VECTRA,-1,-1,0,-1
2024041477842,2024,041477842,2,9,0,-1,9,3,1,-1,0,6,0,0,0,0,1,1,-1,9,1,41,7,2792,1,16,VAUXHALL VECTRA,1,E01012678,0,1
2024371447606,2024,371447606,1,9,0,-1,19,5,1,-1,0,0,0,0,0,0,4,1,-1,6,1,78,11,1796,1,16,VAUXHALL VECTRA,2,E01029988,0,1
202460Q180690,2024,60Q180690,2,9,0,18,19,4,8,0,0,1,1,0,0,0,2,1,6,6,1,62,9,1995,2,21,VAUXHALL VECTRA,-1,-1,0,-1
2024221423624,2024,221423624,2,9,0,-1,4,3,7,-1,0,2,0,0,0,0,2,9,-1,7,1,31,6,1910,2,16,VAUXHALL VECTRA,2,E01028873,0,1
2024131488263,2024,131488263,6,9,0,-1,19,7,3,-1,0,1,0,0,0,0,1,1,-1,2,1,34,6,1910,2,17,VAUXHALL VECTRA,3,E01011064,0,2
2024070616888,2024,070616888,2,9,0,17,19,4,8,0,0,0,0,0,0,0,1,1,2,2,1,29,6,1910,2,17,VAUXHALL VECTRA,2,E01018485,0,2
2024520402542,2024,520402542,2,9,0,18,19,2,6,0,0,0,0,0,0,0,1,1,6,6,1,19,4,1796,1,17,VAUXHALL VECTRA,5,E01029226,0,3
2024041455983,2024,041455983,3,9,0,-1,2,0,0,-1,0,0,0,0,0,0,1,1,-1,6,-1,-1,-1,1796,1,15,VAUXHALL VECTRA,-1,-1,0,-1
2024430452474,2024,430452474,1,9,0,18,19,6,2,0,0,2,0,0,7,11,1,1,6,6,1,30,6,2792,1,15,VAUXHALL VECTRA,7,E01016348,0,1
2024351527540,2024,351527540,1,9,0,-1,10,5,3,-1,0,1,0,0,0,0,1,1,-1,6,2,52,8,1796,1,16,VAUXHALL VECTRA,4,E01023921,0,4
2024161528289,2024,161528289,1,9,0,-1,14,1,5,-1,0,0,0,0,0,0,1,1,-1,6,1,52,8,1998,1,25,VAUXHALL VECTRA,1,E01012787,0,1
2024332400616,2024,332400616,1,9,0,-1,9,1,7,-1,0,5,0,0,0,0,1,1,-1,9,1,39,7,2198,1,18,VAUXHALL VECTRA,9,E01025974,0,1
2024520402706,2024,520402706,2,9,0,13,13,7,3,0,0,0,0,0,0,0,1,1,6,6,1,27,6,1910,2,19,VAUXHALL VECTRA,4,E01014746,0,2
2024041482811,2024,041482811,5,9,0,-1,2,7,3,-1,0,2,0,0,0,0,4,1,-1,6,-1,-1,-1,1796,1,18,VAUXHALL VECTRA,-1,-1,0,-1
2024421422560,2024,421422560,2,9,0,-1,19,1,5,-1,0,0,0,0,0,0,2,1,-1,9,1,24,5,1910,2,16,VAUXHALL VECTRA,9,E01028394,0,5
2024061424831,2024,061424831,1,9,0,-1,-1,-1,-1,-1,-1,0,-1,-1,-1,0,1,1,-1,6,1,81,11,1910,2,18,VAUXHALL VECTRA,9,E01005052,0,1
2024351424914,2024,351424914,1,9,0,-1,19,7,3,-1,0,0,0,0,0,0,1,1,-1,6,1,78,11,1910,2,16,VAUXHALL VECTRA,2,E01015612,0,1
2024340WN0902,2024,340WN0902,2,9,0,-1,19,8,4,-1,0,4,0,0,0,0,4,1,-1,6,1,67,10,1910,2,18,VAUXHALL VECTRA,8,E01027253,0,1
2024451427643,2024,451427643,1,9,0,-1,19,5,1,-1,0,0,0,4,0,0,3,1,-1,9,1,62,9,1796,1,16,VAUXHALL VECTRA,4,E01030983,0,1
2024451437168,2024,451437168,5,9,0,-1,3,1,5,-1,0,0,0,0,0,0,2,1,-1,9,1,23,5,1796,1,17,VAUXHALL VECTRA,10,E01035514,0,5
2024461417198,2024,461417198,1,9,0,-1,19,5,1,-1,0,0,0,0,0,0,1,9,-1,6,1,-1,-1,1910,2,16,VAUXHALL VECTRA,6,E01024378,0,2
2024351490972,2024,351490972,1,9,0,-1,19,1,3,-1,0,4,0,0,0,0,1,1,-1,6,2,49,8,1910,2,16,VAUXHALL VECTRA,9,E01033115,0,4
2024361535059,2024,361535059,1,9,0,-1,19,1,5,-1,0,1,0,0,0,0,4,1,-1,6,2,34,6,1796,1,17,VAUXHALL VECTRA,5,E01026761,0,1
2024991497387,2024,991497387,1,9,0,-1,4,3,7,-1,0,1,0,0,0,0,1,1,-1,9,1,77,11,1796,1,17,VAUXHALL VECTRA,6,-1,0,1
2024201547228,2024,201547228,2,9,0,-1,4,5,5,-1,0,1,0,0,0,0,1,9,-1,6,1,37,7,1796,1,16,VAUXHALL VECTRA,1,E01009510,0,1
2024141460042,2024,141460042,1,9,0,-1,19,8,4,-1,0,0,0,0,0,0,3,1,-1,6,1,46,8,1910,2,18,VAUXHALL VECTRA,3,E01007572,0,1
202417H108424,2024,17H108424,1,9,0,-1,19,7,3,-1,0,2,0,0,0,0,1,1,-1,9,1,18,4,1998,1,21,VAUXHALL VECTRA,-1,-1,0,-1
2024302401663,2024,302401663,3,9,0,2,2,0,0,0,0,2,0,0,0,0,3,1,6,6,3,-1,-1,1910,2,20,VAUXHALL VECTRA,-1,-1,0,-1
2024430591184,2024,430591184,2,9,0,4,4,4,8,0,0,6,9,0,0,0,1,1,6,6,1,31,6,1796,1,17,VAUXHALL VECTRA,9,E01027294,0,1
2024302400602,2024,302400602,1,9,0,9,9,4,2,0,0,8,0,0,0,0,4,1,6,6,1,42,7,1910,2,16,VAUXHALL VECTRA,2,E01013570,0,1
2024131421454,2024,131421454,2,9,0,-1,9,3,5,-1,0,0,1,0,7,0,1,1,-1,9,1,52,8,1910,2,19,VAUXHALL VECTRA,9,E01011456,0,2
2024201508164,2024,201508164,1,9,0,-1,3,7,3,-1,0,0,0,0,0,0,2,1,-1,9,1,37,7,1796,1,17,VAUXHALL VECTRA,1,E01009127,0,2
2024201470064,2024,201470064,1,9,0,-1,19,6,2,-1,0,0,0,4,0,0,1,1,-1,9,3,30,6,2198,1,17,VAUXHALL VECTRA,-1,-1,0,-1
2024070018016,2024,070018016,1,9,0,9,9,5,3,0,0,6,0,0,0,0,3,1,6,6,1,65,9,1796,1,17,VAUXHALL VECTRA,9,E01018419,0,2
2024471456821,2024,471456821,1,9,0,-1,19,3,6,-1,0,0,0,0,0,0,1,9,-1,6,1,25,5,1910,2,16,VAUXHALL VECTRA,3,E01020941,0,2
2024101447166,2024,101447166,1,9,0,-1,4,7,3,-1,0,0,0,0,0,0,1,1,-1,6,1,43,7,1910,2,15,VAUXHALL VECTRA,6,E01008574,0,1
2024461465116,2024,461465116,1,9,0,-1,5,6,4,-1,0,0,0,0,0,0,1,9,-1,6,1,-1,-1,1796,1,16,VAUXHALL VECTRA,5,E01021139,0,4
2024201441538,2024,201441538,1,9,0,-1,9,1,6,-1,0,2,0,0,0,0,3,1,-1,6,1,40,7,1910,2,16,VAUXHALL VECTRA,-1,-1,0,-1
2024371440254,2024,371440254,2,9,0,-1,19,3,7,-1,0,0,0,0,0,0,1,1,-1,9,1,34,6,1998,1,18,VAUXHALL VECTRA,7,E01030068,0,1
2024522500090,2024,522500090,1,9,0,18,19,5,1,0,0,0,0,0,1,9,1,1,6,6,1,44,7,1910,2,17,VAUXHALL VECTRA,7,E01014817,0,1
2024221431699,2024,221431699,1,9,0,-1,19,6,3,-1,0,0,1,0,0,0,2,9,-1,6,1,29,6,1796,1,18,VAUXHALL VECTRA,8,E01032376,0,1
2024101482272,2024,101482272,1,9,0,-1,19,3,7,-1,0,8,0,0,0,0,1,1,-1,9,1,40,7,1910,2,17,VAUXHALL VECTRA,1,E01034500,0,3
2024061450112,2024,061450112,2,9,0,-1,9,1,7,-1,0,2,0,0,0,0,4,1,-1,6,2,29,6,1796,1,16,VAUXHALL VECTRA,3,E01005294,0,3
2024501436779,2024,501436779,1,9,0,-1,19,6,8,-1,0,2,0,0,7,11,1,1,-1,9,1,36,7,1796,1,17,VAUXHALL VECTRA,5,E01020127,0,1
2024141414350,2024,141414350,2,9,0,-1,19,6,1,-1,0,4,0,0,0,0,1,1,-1,6,1,58,9,1910,2,17,VAUXHALL VECTRA,6,E01013302,0,4
2024201478257,2024,201478257,2,9,0,-1,19,8,4,-1,0,8,1,10,1,0,1,9,-1,6,3,-1,-1,1796,1,16,VAUXHALL VECTRA,-1,-1,0,-1
2024010517675,2024,010517675,2,9,0,99,99,9,9,99,99,9,9,99,9,99,9,9,6,6,3,-1,-1,1796,1,17,VAUXHALL VECTRA,4,E01003719,0,3
2024221478830,2024,221478830,2,9,0,-1,4,7,5,-1,0,8,0,0,0,0,2,9,-1,2,1,38,7,1910,2,19,VAUXHALL VECTRA,7,E01029653,0,3
2024522500395,2024,522500395,2,9,0,18,19,1,5,0,0,4,0,0,0,0,3,1,6,6,3,-1,-1,1796,1,15,VAUXHALL VECTRA,-1,-1,0,-1
2024141527135,2024,141527135,2,9,0,-1,2,0,0,-1,0,0,0,0,0,0,0,1,-1,6,1,50,8,1910,2,16,VAUXHALL VECTRA,2,E01007849,0,1
2024451394539,2024,451394539,1,9,0,-1,5,0,7,-1,0,0,0,0,0,0,2,1,-1,9,1,72,10,1796,1,20,VAUXHALL VECTRA,8,E01030409,0,1
2024231462921,2024,231462921,1,9,0,-1,2,0,0,-1,0,0,0,0,0,0,1,1,-1,9,1,84,11,1796,1,16,VAUXHALL VECTRA,8,E01031286,0,1
2024340WN6912,2024,340WN6912,2,9,0,-1,19,3,7,-1,0,8,0,0,7,4,1,1,-1,9,1,83,11,1796,1,16,VAUXHALL VECTRA,3,E01027082,0,3
2024231481705,2024,231481705,1,9,0,-1,19,8,4,-1,0,0,5,0,3,6,1,9,-1,6,1,23,5,1796,1,20,VAUXHALL VECTRA,1,E01031116,0,2
2024430551536,2024,430551536,1,9,0,7,7,4,6,0,0,6,0,0,0,0,3,1,3,7,1,53,8,1910,2,19,VAUXHALL VECTRA,9,E01035245,0,3
2024501433914,2024,501433914,2,9,0,-1,19,5,1,-1,0,0,0,0,0,0,1,1,-1,9,1,47,8,2597,1,23,VAUXHALL VECTRA,4,E01020320,0,4
2024451497208,2024,451497208,2,9,0,-1,2,0,0,-1,0,0,0,0,0,0,3,1,-1,6,-1,-1,-1,1796,1,25,VAUXHALL VECTRA,-1,-1,0,-1
2024201457737,2024,201457737,4,9,0,-1,2,0,0,-1,0,2,0,0,0,0,1,9,-1,6,-1,-1,-1,1910,2,16,VAUXHALL VECTRA,-1,-1,0,-1
2024411425391,2024,411425391,2,9,0,-1,19,8,2,-1,0,8,0,0,0,0,1,1,-1,6,2,59,9,1796,1,16,VAUXHALL VECTRA,9,E01033310,0,3
2024421530537,2024,421530537,1,9,0,-1,19,7,3,-1,0,0,0,0,1,4,1,1,-1,9,1,73,10,1910,2,16,VAUXHALL VECTRA,2,E01016140,0,4
2024440197407,2024,440197407,1,9,0,9,9,5,4,0,0,6,0,0,0,0,1,1,6,6,1,41,7,1796,1,16,VAUXHALL VECTRA,10,E01023209,0,1
2024211477661,2024,211477661,1,9,0,-1,19,2,6,-1,0,0,1,0,8,4,1,1,-1,6,1,23,5,1796,1,19,VAUXHALL VECTRA,-1,-1,0,-1
2024520402134,2024,520402134,3,9,0,18,19,2,7,0,0,8,0,0,0,0,1,1,6,6,1,59,9,1910,2,16,VAUXHALL VECTRA,10,E01014422,0,4
2024522401696,2024,522401696,1,9,0,3,3,6,2,0,0,1,0,0,0,0,3,1,6,6,1,60,9,1796,1,16,VAUXHALL VECTRA,1,E01014663,0,1
2024520403181,2024,520403181,2,9,0,9,9,5,4,0,0,0,0,0,0,0,3,1,6,6,1,74,10,1910,2,17,VAUXHALL VECTRA,5,E01029165,0,2
2024070593173,2024,070593173,2,9,0,18,19,5,1,0,0,0,0,0,0,0,3,1,6,6,1,-1,-1,2198,1,16,VAUXHALL VECTRA,-1,-1,0,-1
2024371488328,2024,371488328,1,9,0,-1,1,-1,-1,-1,0,0,0,0,0,0,2,9,-1,6,1,61,9,1796,1,17,VAUXHALL VECTRA,1,E01030018,0,1
2024302400112,2024,302400112,1,9,0,18,19,3,7,0,0,0,2,0,1,4,3,1,6,6,1,35,6,1796,1,16,VAUXHALL VECTRA,2,E01012534,0,4
2024161423299,2024,161423299,1,9,0,-1,4,7,3,-1,0,1,0,0,0,0,1,1,-1,9,1,59,9,1796,1,18,VAUXHALL VECTRA,5,E01013107,0,1
2024461523832,2024,461523832,2,9,0,-1,19,3,7,-1,0,8,0,0,0,0,3,1,-1,9,2,36,7,1796,1,17,VAUXHALL VECTRA,5,E01016178,0,1
2024471440109,2024,471440109,1,9,0,-1,13,8,4,-1,0,0,0,0,0,0,1,1,-1,6,1,36,7,1910,2,17,VAUXHALL VECTRA,6,E01034824,0,1
2024302401241,2024,302401241,1,9,0,18,19,1,5,0,0,0,0,0,0,0,1,1,6,6,1,25,5,1910,2,18,VAUXHALL VECTRA,6,E01013519,0,3
2024991402875,2024,991402875,1,9,0,-1,7,1,3,-1,0,1,0,0,0,0,1,1,-1,1,2,42,7,3175,1,20,VAUXHALL VECTRA,2,-1,0,1
2024461521854,2024,461521854,2,9,0,-1,19,3,8,-1,0,1,0,0,1,0,1,1,-1,6,1,74,10,1796,1,16,VAUXHALL VECTRA,10,E01024751,0,4
2024161477468,2024,161477468,2,9,0,-1,19,7,3,-1,0,1,1,0,0,0,1,1,-1,2,1,34,6,1910,2,15,VAUXHALL VECTRA,6,E01013056,0,4
2024440432839,2024,440432839,1,9,0,3,3,7,3,0,0,2,0,0,0,0,2,1,2,2,1,50,8,1910,2,16,VAUXHALL VECTRA,9,E01023197,0,3
2024430352282,2024,430352282,1,9,0,18,19,5,1,0,0,1,0,0,0,0,1,1,6,6,1,82,11,1796,1,20,VAUXHALL VECTRA,6,E01017808,0,1
2024991453645,2024,991453645,1,9,0,-1,10,8,6,-1,0,8,0,0,0,0,1,1,-1,9,1,62,9,1796,1,16,VAUXHALL VECTRA,6,-1,0,1
2024141399791,2024,141399791,2,9,0,-1,19,7,3,-1,0,8,0,0,0,0,4,1,-1,2,2,35,6,1796,1,16,VAUXHALL VECTRA,6,E01007526,0,1
2024010510630,2024,010510630,1,9,0,4,4,4,8,0,0,0,0,0,0,0,2,1,6,6,2,44,7,1796,1,16,VAUXHALL VECTRA,2,E01000040,0,1
2024440379050,2024,440379050,1,9,0,16,19,7,8,0,0,7,1,7,4,6,2,1,1,1,1,38,7,2198,1,18,VAUXHALL VECTRA,4,E01017034,0,1
2024991394473,2024,991394473,1,9,0,-1,9,2,8,-1,0,8,0,0,0,0,4,1,-1,9,1,56,9,1910,2,16,VAUXHALL VECTRA,8,-1,0,1
2024141479669,2024,141479669,2,9,0,-1,19,3,7,-1,0,1,0,0,0,0,3,1,-1,9,1,33,6,1910,2,17,VAUXHALL VECTRA,1,E01008082,0,2
2024401414175,2024,401414175,2,9,0,-1,9,-1,-1,-1,0,8,0,0,0,0,4,9,-1,6,1,48,8,1796,1,17,VAUXHALL VECTRA,3,E01015713,0,1
2024211435068,2024,211435068,1,9,0,-1,19,7,3,-1,0,0,1,0,0,0,1,1,-1,2,1,49,8,1910,2,17,VAUXHALL VECTRA,-1,-1,0,-1
2024131409631,2024,131409631,1,9,0,-1,19,7,3,-1,0,0,1,0,3,1,1,1,-1,6,2,25,5,1796,1,17,VAUXHALL VECTRA,-1,-1,0,-1
2024311444812,2024,311444812,1,9,0,-1,14,2,6,-1,0,1,1,10,1,2,1,1,-1,6,1,17,4,1910,2,19,VAUXHALL VECTRA,4,E01028098,0,1
2024421406819,2024,421406819,1,9,0,-1,19,7,2,-1,0,8,0,0,0,0,0,1,-1,6,1,85,11,1796,1,19,VAUXHALL VECTRA,3,E01021816,0,1
2024371513854,2024,371513854,1,9,0,-1,19,5,1,-1,0,8,0,0,0,0,1,9,-1,6,1,40,7,1910,2,17,VAUXHALL VECTRA,3,E01030026,0,1
2024451450926,2024,451450926,2,9,0,-1,19,6,2,-1,0,0,0,0,0,0,2,1,-1,9,1,30,6,1796,1,17,VAUXHALL VECTRA,9,E01030670,0,1
2024440124352,2024,440124352,1,2,0,18,19,2,6,0,0,1,0,0,0,0,4,1,6,6,2,58,9,49,1,10,-1,2,E01022902,0,3
2024010511000,2024,010511000,1,3,0,8,8,7,2,0,0,4,5,0,0,0,2,1,6,6,1,28,6,125,1,6,YAMAHA GPD,-1,-1,0,-1
2024451442510,2024,451442510,1,3,0,-1,99,7,3,-1,99,0,9,99,0,0,9,1,-1,2,1,30,6,125,1,3,YAMAHA GPD,3,E01002603,0,2
2024010529306,2024,010529306,1,3,0,99,99,9,9,99,99,9,9,99,9,99,2,1,6,6,2,47,8,125,1,1,YAMAHA GPD,7,E01004700,0,1
2024010518689,2024,010518689,1,3,0,13,13,9,9,99,99,1,9,99,9,99,9,1,1,1,1,21,5,125,1,1,YAMAHA GPD,2,E01001427,0,3
2024440132199,2024,440132199,1,3,0,3,3,4,8,0,0,1,0,0,0,0,1,1,1,1,1,28,6,125,1,2,YAMAHA GPD,2,E01033383,0,1
2024010545440,2024,010545440,1,3,0,99,99,9,9,99,99,9,9,99,9,99,1,1,1,1,2,30,6,125,1,0,YAMAHA GPD,7,E01003414,0,1
2024010511652,2024,010511652,1,3,0,16,19,3,7,0,0,0,0,7,0,0,4,1,6,6,1,19,4,125,1,5,YAMAHA GPD,4,E01004711,0,3
2024010508565,2024,010508565,1,3,0,99,99,9,9,99,99,0,9,99,9,99,9,1,1,1,1,32,6,125,1,5,YAMAHA GPD,4,E01003565,0,1
2024010503767,2024,010503767,1,3,0,18,19,1,5,0,0,0,0,4,0,0,1,1,1,1,1,21,5,125,1,3,YAMAHA GPD,1,E01001730,0,1
2024010543188,2024,010543188,2,3,0,99,99,9,9,99,99,9,9,99,9,99,1,1,1,1,1,24,5,125,1,2,YAMAHA GPD,3,E01002649,0,1
2024010531936,2024,010531936,1,3,0,15,15,3,7,0,0,0,5,8,0,0,1,1,6,6,1,27,6,125,1,3,YAMAHA GPD,5,E01001276,0,1
2024522401795,2024,522401795,1,3,0,18,19,1,5,0,0,8,0,0,0,0,1,1,6,6,1,29,6,125,1,0,YAMAHA GPD,5,E01035225,0,2
2024010514343,2024,010514343,1,3,0,18,19,5,1,0,0,1,0,0,0,0,1,1,6,6,1,28,6,125,1,2,YAMAHA GPD,4,E01002050,0,1
2024010512793,2024,010512793,1,3,0,99,99,9,9,99,99,9,9,99,9,99,9,1,1,1,1,29,6,125,1,2,YAMAHA GPD,8,E01000361,0,1
2024010499437,2024,010499437,1,3,0,99,99,9,9,99,99,9,9,99,9,99,9,1,6,6,1,23,5,125,1,5,YAMAHA GPD,8,E01002289,0,1
2024421521592,2024,421521592,1,3,0,-1,7,5,7,-1,0,1,5,0,0,0,1,1,-1,6,2,-1,-1,125,1,5,YAMAHA GPD,-1,-1,0,-1
2024010539601,2024,010539601,1,3,0,99,99,9,9,99,99,9,9,99,9,99,9,1,1,1,3,40,7,125,1,0,YAMAHA GPD,5,E01002167,0,1
2024010515505,2024,010515505,1,3,0,99,99,9,9,99,99,9,9,99,9,99,1,1,1,1,3,32,6,125,1,6,YAMAHA GPD,4,E01004031,0,3
2024010537963,2024,010537963,1,3,0,18,19,5,1,0,0,0,0,0,0,0,1,1,6,6,1,28,6,125,1,2,YAMAHA GPD,2,E01003174,0,1
2024010523503,2024,010523503,1,3,0,18,19,1,5,0,0,0,0,4,0,0,2,1,2,2,1,28,6,125,1,0,YAMAHA GPD,6,E01002135,0,2