collision_index,collision_year,collision_ref_no,vehicle_reference,vehicle_type,towing_and_articulation,vehicle_manoeuvre_historic,vehicle_manoeuvre,vehicle_direction_from,vehicle_direction_to,vehicle_location_restricted_lane_historic,vehicle_location_restricted_lane,junction_location,skidding_and_overturning,hit_object_in_carriageway,vehicle_leaving_carriageway,hit_object_off_carriageway,first_point_of_impact,vehicle_left_hand_drive,journey_purpose_of_driver_historic,journey_purpose_of_driver,sex_of_driver,age_of_driver,age_band_of_driver,engine_capacity_cc,propulsion_code,age_of_vehicle,generic_make_model,driver_imd_decile,lsoa_of_driver,escooter_flag,driver_distance_banding
2024010518942,2024,010518942,1,3,9,99,99,9,9,99,99,9,9,99,9,99,9,1,2,2,1,25,5,125,1,9,YAMAHA GPD,4,E01001009,0,1
2024010515159,2024,010515159,1,3,0,99,99,9,9,99,99,9,9,99,9,99,9,1,1,1,3,41,7,125,1,3,YAMAHA GPD,1,E01003318,0,1
2024010537384,2024,010537384,1,3,0,18,19,5,1,0,0,8,0,10,0,0,4,1,6,6,1,36,7,125,1,1,YAMAHA GPD,8,E01001913,0,1
2024010503959,2024,010503959,2,3,0,7,7,3,6,0,0,8,0,0,0,0,1,1,6,6,1,60,9,125,1,0,YAMAHA GPD,9,E01000654,0,4
2024010542903,2024,010542903,2,3,0,18,19,1,5,0,0,1,5,0,0,0,1,1,1,1,1,28,6,125,1,1,YAMAHA GPD,7,E01002166,0,1
2024610009324,2024,610009324,2,3,0,18,19,9,9,0,0,1,0,0,0,0,1,1,6,6,2,33,6,125,1,1,YAMAHA GPD,1,W01001643,0,1
2024010499536,2024,010499536,1,3,0,99,99,9,9,99,99,9,9,99,9,99,1,1,1,1,3,29,6,125,1,5,YAMAHA GPD,3,E01002049,0,1
2024451419576,2024,451419576,1,3,0,-1,19,1,5,-1,0,0,0,0,0,0,1,1,-1,6,1,32,6,125,1,1,YAMAHA GPD,9,E01030485,0,1
2024010495108,2024,010495108,2,3,0,18,19,2,6,0,0,1,0,0,0,0,1,1,6,6,1,19,4,125,1,9,YAMAHA GPD,6,E01001091,0,1
2024451473817,2024,451473817,1,3,0,-1,19,-1,-1,-1,0,1,5,0,0,0,1,1,-1,1,2,25,5,125,1,2,YAMAHA GPD,5,E01017157,0,4
2024010528929,2024,010528929,2,3,0,18,19,3,7,0,0,6,0,0,0,0,1,1,6,6,1,18,4,125,1,2,YAMAHA GPD,7,E01004518,0,2
2024052402160,2024,052402160,2,4,0,18,19,3,7,0,0,8,0,0,0,0,3,1,6,6,1,23,5,125,1,0,YAMAHA GPD,2,E01006783,0,1
2024421473972,2024,421473972,1,3,0,-1,19,5,1,-1,0,0,0,0,1,4,1,1,-1,9,2,26,6,125,1,1,YAMAHA GPD,2,E01021286,0,2
202454E985524,2024,54E985524,1,4,0,18,19,2,6,0,0,0,0,0,0,0,1,1,1,1,1,35,6,125,1,0,YAMAHA GPD,4,E01015578,0,1
2024010542215,2024,010542215,1,4,0,9,9,7,4,0,0,1,0,0,0,0,1,1,1,1,1,20,4,125,1,3,YAMAHA GPD,4,E01001459,0,1
2024010535085,2024,010535085,2,3,0,99,99,9,9,99,99,9,9,99,9,99,9,9,1,1,3,35,6,125,1,6,YAMAHA GPD,3,E01033943,0,2
2024430426499,2024,430426499,1,3,0,18,19,5,1,0,0,0,-1,-1,-1,7,1,1,6,6,1,29,6,125,1,3,YAMAHA GPD,4,E01000245,0,4
2024421477582,2024,421477582,2,3,0,-1,19,6,2,-1,0,0,0,0,0,0,1,1,-1,9,1,23,5,125,1,3,YAMAHA GPD,5,E01033788,0,3
2024440535353,2024,440535353,1,3,0,18,19,6,2,0,0,0,0,0,0,0,4,1,1,1,1,53,8,125,1,1,YAMAHA GPD,2,E01017244,0,1
2024461461152,2024,461461152,2,2,0,-1,19,7,3,-1,0,1,0,0,0,0,1,1,-1,6,1,47,8,125,1,3,YAMAHA GPD,9,E01024821,0,1
2024010507941,2024,010507941,1,3,0,99,99,9,9,99,99,9,9,99,9,99,1,1,6,6,2,53,8,125,1,6,YAMAHA GPD,3,E01004364,0,3
2024010537180,2024,010537180,1,3,0,99,99,9,9,99,99,9,9,99,9,99,9,1,6,6,1,21,5,125,1,2,YAMAHA GPD,6,E01003130,0,1
2024010551135,2024,010551135,1,3,5,5,5,5,1,0,0,1,1,4,0,0,1,1,6,6,1,16,4,125,1,4,YAMAHA GPD,4,E01001183,0,1
2024010510983,2024,010510983,1,3,0,99,99,9,9,99,99,9,9,99,9,99,1,1,6,6,1,22,5,125,1,3,YAMAHA GPD,2,E01003187,0,2
2024010540704,2024,010540704,2,3,0,15,15,4,8,0,0,8,0,0,0,0,4,1,1,1,1,29,6,125,1,4,YAMAHA GPD,4,E01003529,0,3
2024010520344,2024,010520344,1,3,0,9,9,1,7,0,0,8,0,0,0,0,1,1,6,6,1,31,6,125,1,3,YAMAHA GPD,4,E01003548,0,1
2024010516338,2024,010516338,2,3,0,18,19,2,6,0,0,1,0,0,0,0,1,1,1,1,1,23,5,125,1,0,YAMAHA GPD,6,E01004646,0,1
2024010506531,2024,010506531,2,3,0,99,99,9,9,99,99,9,9,99,9,99,9,1,2,2,1,45,7,125,1,2,YAMAHA GPD,6,E01023359,0,4
2024010535119,2024,010535119,1,3,0,99,99,9,9,99,99,9,9,99,9,99,9,1,1,1,3,54,8,125,1,3,YAMAHA GPD,8,E01000991,0,2
2024010549595,2024,010549595,1,3,0,18,19,9,9,99,99,0,9,99,9,99,9,9,6,6,1,22,5,125,1,1,YAMAHA GPD,3,E01003491,0,3
2024010515958,2024,010515958,1,3,0,99,99,9,9,99,99,9,9,99,9,99,1,1,1,1,1,24,5,125,1,1,YAMAHA GPD,3,E01004287,0,3
2024010524360,2024,010524360,2,3,0,14,14,5,1,0,0,0,0,0,0,0,1,1,2,2,1,20,4,125,1,9,YAMAHA GPD,4,E01001459,0,1
2024010500526,2024,010500526,1,3,0,99,99,9,9,99,99,9,9,99,9,99,9,1,1,1,1,33,6,125,1,1,YAMAHA GPD,5,E01002344,0,2
2024461465305,2024,461465305,2,3,0,-1,19,5,1,-1,0,0,0,0,0,0,3,1,-1,1,1,26,6,125,1,0,YAMAHA GPD,7,E01024124,0,1
2024010531889,2024,010531889,1,3,0,99,99,9,9,99,99,9,9,99,9,99,1,1,1,1,3,28,6,125,1,3,YAMAHA GPD,4,E01002104,0,1
2024311534587,2024,311534587,1,3,0,-1,7,4,6,-1,0,2,0,0,0,0,1,1,-1,1,1,41,7,125,1,5,YAMAHA GPD,-1,-1,0,-1
2024471499594,2024,471499594,2,3,0,-1,19,7,3,-1,0,1,0,0,0,0,1,1,-1,6,1,-1,-1,125,1,8,YAMAHA GPD,-1,-1,0,-1
2024411524733,2024,411524733,2,3,-1,-1,-1,-1,-1,-1,-1,-1,-1,-1,-1,0,-1,1,-1,6,1,27,6,125,1,3,YAMAHA GPD,2,E01001427,0,3
2024421471835,2024,421471835,2,2,0,-1,19,3,8,-1,0,8,0,0,0,0,4,1,-1,1,1,51,8,125,1,0,YAMAHA GPD,3,E01001546,0,1
2024010547415,2024,010547415,1,2,0,18,19,3,7,0,0,0,0,0,0,0,1,1,2,2,1,27,6,125,1,7,YAMAHA GPD,3,E01003630,0,1
2024010510935,2024,010510935,1,3,0,5,5,1,5,0,0,1,0,0,0,0,3,1,1,1,1,34,6,125,1,1,YAMAHA GPD,6,E01003760,0,2
2024461417023,2024,461417023,2,3,0,-1,6,1,5,-1,0,4,2,0,0,0,1,1,-1,6,1,16,4,125,1,7,YAMAHA GPD,5,E01016178,0,2
2024010543292,2024,010543292,2,3,0,18,19,2,6,0,0,8,0,0,7,0,4,1,1,1,1,22,5,125,1,3,YAMAHA GPD,6,E01001086,0,1
2024451493663,2024,451493663,1,3,0,-1,19,7,5,-1,0,2,0,0,0,0,1,1,-1,9,1,35,6,125,1,1,YAMAHA GPD,-1,-1,0,-1
2024010508681,2024,010508681,1,3,0,18,19,3,7,0,0,0,1,0,0,0,1,1,6,6,1,41,7,125,1,3,YAMAHA GPD,2,E01004241,0,2
2024010502896,2024,010502896,1,3,0,99,99,9,9,99,99,9,9,99,9,99,9,1,2,2,2,49,8,125,1,3,YAMAHA GPD,5,E01002042,0,1
2024010524813,2024,010524813,2,3,0,99,99,9,9,0,0,8,9,99,0,0,4,1,6,6,1,31,6,125,1,0,YAMAHA GPD,2,E01004088,0,3
2024010504896,2024,010504896,1,3,0,99,99,9,9,99,99,9,9,99,9,99,1,1,6,6,1,32,6,125,1,4,YAMAHA GPD,2,E01006492,0,5
2024010538281,2024,010538281,1,3,0,99,99,9,9,99,99,1,9,99,9,99,1,1,1,1,3,20,4,125,1,3,YAMAHA GPD,2,E01000603,0,2
2024421422016,2024,421422016,2,2,0,-1,3,-1,-1,-1,0,0,0,0,0,0,4,1,-1,6,1,28,6,125,1,4,YAMAHA GPD,2,E01021699,0,1
2024010534720,2024,010534720,1,3,0,-1,-1,3,7,0,0,5,0,0,0,0,1,1,6,6,1,19,4,125,1,4,YAMAHA GPD,3,E01003295,0,2
2024010513669,2024,010513669,1,3,0,99,99,9,9,99,99,9,9,99,9,99,1,1,6,6,1,21,5,125,1,1,YAMAHA GPD,8,E01000173,0,2
2024010532845,2024,010532845,1,3,0,99,99,9,9,99,99,9,9,99,9,99,9,1,1,1,3,47,8,125,1,0,YAMAHA GPD,1,E01002095,0,2
2024010504006,2024,010504006,1,3,0,99,99,9,9,99,99,9,9,99,9,99,9,1,1,1,1,33,6,125,1,3,YAMAHA GPD,6,E01003703,0,1
2024451459561,2024,451459561,1,3,0,-1,13,3,7,-1,0,1,0,0,0,0,4,1,-1,9,1,17,4,125,1,7,YAMAHA GPD,8,E01034286,0,1
2024440101824,2024,440101824,2,3,0,3,3,7,3,0,0,0,0,0,0,0,2,1,6,6,1,27,6,125,1,6,YAMAHA GPD,1,E01017155,0,1
2024010505855,2024,010505855,2,3,0,18,19,1,5,4,4,2,0,0,0,0,1,1,6,6,1,39,7,125,1,3,YAMAHA GPD,3,E01004367,0,1
2024010551566,2024,010551566,1,3,0,99,99,9,9,99,99,9,9,99,9,99,1,1,2,2,1,26,6,125,1,2,YAMAHA GPD,6,E01003140,0,2
2024991522314,2024,991522314,2,4,0,-1,19,3,7,-1,0,0,1,0,0,0,1,1,-1,1,1,27,6,125,1,3,YAMAHA GPD,1,-1,0,2
2024430532710,2024,430532710,1,3,0,14,14,5,1,0,0,1,0,0,0,0,1,1,6,6,1,29,6,125,1,2,YAMAHA GPD,-1,-1,0,-1
2024010549177,2024,010549177,1,3,0,99,99,9,9,99,99,9,9,99,9,99,9,1,1,1,1,57,9,125,1,4,YAMAHA GPD,6,E01001597,0,1
2024361519344,2024,361519344,1,3,0,-1,19,3,8,-1,0,0,0,0,0,0,0,1,-1,2,1,21,5,125,1,0,YAMAHA GPD,4,E01026656,0,1
2024010506370,2024,010506370,1,3,0,18,19,9,9,99,99,9,9,99,9,99,1,1,6,6,1,20,4,125,1,3,YAMAHA GPD,4,E01003919,0,1
2024010510798,2024,010510798,1,3,0,99,99,9,9,99,99,9,9,99,9,99,9,1,2,2,1,31,6,125,1,1,YAMAHA GPD,3,E01001982,0,1
2024010530457,2024,010530457,1,3,9,99,99,9,9,99,99,9,9,99,9,99,9,1,1,1,1,22,5,125,1,0,YAMAHA GPD,3,E01003430,0,3
2024010502765,2024,010502765,1,3,0,99,99,9,9,99,99,9,9,99,9,99,2,1,1,1,3,33,6,125,1,8,YAMAHA GPD,3,E01003567,0,1
2024010523063,2024,010523063,1,3,0,99,99,9,9,99,99,1,9,99,9,99,9,1,1,1,3,21,5,125,1,4,YAMAHA GPD,3,E01001434,0,3
2024522401319,2024,522401319,3,3,0,2,2,0,0,0,0,0,0,0,0,0,4,1,6,6,3,-1,-1,125,1,1,YAMAHA GPD,-1,-1,0,-1
2024010547720,2024,010547720,1,3,0,99,99,9,9,99,99,9,9,99,9,99,0,1,1,1,1,35,6,125,1,2,YAMAHA GPD,5,E01000071,0,1
2024010549601,2024,010549601,1,3,0,17,19,1,5,0,0,2,0,0,0,0,1,1,2,2,1,22,5,125,1,2,YAMAHA GPD,1,E01000643,0,2
2024010551560,2024,010551560,1,3,0,99,99,9,9,99,99,9,9,99,9,99,1,1,2,2,1,39,7,125,1,8,YAMAHA GPD,3,E01035695,0,1
2024411502463,2024,411502463,2,3,0,-1,19,-1,-1,-1,0,1,0,0,0,0,1,1,-1,1,2,32,6,125,1,7,YAMAHA GPD,3,E01001434,0,2
2024010549015,2024,010549015,1,9,0,7,7,5,8,0,0,1,0,0,0,0,1,1,6,6,1,33,6,125,1,1,YAMAHA GPD,5,E01004438,0,2
2024052402514,2024,052402514,2,2,0,3,3,6,2,0,0,1,0,0,0,0,1,1,6,6,1,29,6,125,1,2,YAMAHA GPD,1,E01006760,0,1
2024010542217,2024,010542217,2,3,0,18,19,3,7,0,0,1,0,0,0,0,1,1,1,1,1,27,6,125,1,7,YAMAHA GPD,5,E01002247,0,1
2024461529663,2024,461529663,2,3,0,-1,13,5,1,-1,0,0,9,0,0,0,1,1,-1,9,1,25,5,125,1,0,YAMAHA GPD,3,E01034991,0,1
2024461406597,2024,461406597,1,3,0,-1,19,7,3,-1,0,1,0,0,0,0,1,1,-1,1,1,38,7,125,1,3,YAMAHA GPD,1,E01024278,0,1
2024010518003,2024,010518003,1,3,0,99,99,9,9,99,99,0,9,99,9,99,9,1,2,2,1,36,7,125,1,2,YAMAHA GPD,3,E01001448,0,2
2024010498413,2024,010498413,1,3,0,99,99,9,9,99,99,9,9,99,9,99,9,1,1,1,3,38,7,125,1,7,YAMAHA GPD,2,E01003507,0,2
2024010550861,2024,010550861,1,3,0,13,13,1,5,0,0,0,0,0,0,0,1,1,6,6,3,-1,-1,125,1,0,YAMAHA GPD,-1,-1,0,-1
2024010499896,2024,010499896,1,3,0,99,99,9,9,99,99,9,9,99,9,99,9,1,1,1,1,35,6,125,1,3,YAMAHA GPD,3,E01000481,0,2
2024010522574,2024,010522574,2,3,0,5,5,1,5,0,0,2,0,0,0,0,1,1,6,6,2,29,6,125,1,0,YAMAHA GPD,4,E01003113,0,4
2024010509071,2024,010509071,1,3,0,99,99,9,9,99,99,0,9,99,9,99,1,1,1,1,1,26,6,125,1,2,YAMAHA GPD,4,E01001153,0,2
2024010545468,2024,010545468,1,3,0,99,99,9,9,99,99,9,9,99,9,99,9,1,1,1,3,24,5,125,1,0,YAMAHA GPD,6,E01000746,0,2
2024411441213,2024,411441213,2,3,0,-1,5,8,4,-1,0,0,0,0,0,0,1,1,-1,6,1,36,7,125,1,1,YAMAHA GPD,6,E01023903,0,1
2024451439669,2024,451439669,1,3,0,-1,4,1,5,-1,0,0,0,0,0,0,1,1,-1,9,1,19,4,125,1,2,YAMAHA GPD,9,E01031000,0,2
2024010518054,2024,010518054,1,3,0,99,99,9,9,99,99,9,9,99,9,99,1,1,1,1,1,20,4,125,1,1,YAMAHA GPD,1,E01000524,0,1
2024010525610,2024,010525610,1,3,0,18,19,3,7,0,0,1,0,0,0,0,1,1,1,1,1,19,4,125,1,2,YAMAHA GPD,5,E01003292,0,2
2024010516209,2024,010516209,1,3,0,99,99,9,9,99,99,9,9,99,9,99,9,1,1,1,1,34,6,125,1,1,YAMAHA GPD,3,E01001493,0,2
2024010544988,2024,010544988,1,3,0,13,13,3,7,0,0,1,1,10,1,11,1,1,6,6,1,21,5,125,1,2,YAMAHA GPD,4,E01030615,0,3
2024010521742,2024,010521742,2,3,0,13,13,9,9,99,99,9,9,99,9,99,1,9,6,6,3,-1,-1,125,1,3,YAMAHA GPD,4,E01001934,0,3
2024010493696,2024,010493696,2,3,0,4,4,7,3,0,0,4,0,0,0,0,0,1,6,6,1,26,6,125,1,2,YAMAHA GPD,3,E01000024,0,1
2024010540616,2024,010540616,1,3,9,99,99,9,9,99,99,9,9,99,9,99,9,1,1,1,1,43,7,125,1,1,YAMAHA GPD,1,E01016017,0,4
2024010544850,2024,010544850,1,3,0,99,99,9,9,99,99,9,9,99,9,99,1,1,6,6,1,21,5,125,1,1,YAMAHA GPD,2,E01000603,0,3
2024010529379,2024,010529379,2,3,9,99,99,9,9,99,99,9,9,99,9,99,1,1,1,1,1,42,7,125,1,0,YAMAHA GPD,7,E01003152,0,1
2024010506282,2024,010506282,1,3,0,99,99,9,9,99,99,9,9,99,9,99,1,1,6,6,1,30,6,125,1,4,YAMAHA GPD,3,E01003924,0,2
2024010542302,2024,010542302,1,3,0,18,19,1,5,0,0,1,0,0,0,0,2,1,6,6,1,29,6,125,1,5,YAMAHA GPD,-1,-1,0,-1
2024010522985,2024,010522985,1,3,0,18,19,1,5,0,0,0,0,0,0,0,1,1,6,6,1,24,5,125,1,8,YAMAHA GPD,2,E01001337,0,3
2024010526619,2024,010526619,1,3,0,13,13,9,9,99,99,1,9,99,9,99,9,1,1,1,1,29,6,125,1,5,YAMAHA GPD,3,E01001089,0,1
2024010550592,2024,010550592,1,3,0,18,19,1,5,0,0,1,0,0,0,0,4,1,1,1,1,24,5,125,1,3,YAMAHA GPD,-1,-1,0,-1
2024010512715,2024,010512715,1,3,0,99,99,9,9,99,99,9,9,99,9,99,9,1,1,1,1,33,6,125,1,3,YAMAHA GPD,8,E01002966,0,3
2024010533153,2024,010533153,2,19,0,-1,-1,5,1,0,0,3,0,0,0,0,1,1,6,6,3,-1,-1,125,1,7,YAMAHA GPD,-1,-1,0,-1
2024010523130,2024,010523130,2,3,0,12,12,5,1,0,0,3,0,0,0,0,3,1,1,1,1,23,5,125,1,4,YAMAHA GPD,5,E01002361,0,1
2024010517033,2024,010517033,2,3,0,99,99,9,9,99,99,9,9,99,9,99,9,1,1,1,1,25,5,125,1,1,YAMAHA GPD,3,E01033933,0,1
2024010539241,2024,010539241,1,3,9,3,3,9,9,99,99,0,9,99,9,99,1,1,1,1,1,27,6,125,1,0,YAMAHA GPD,5,E01000505,0,2
2024010503828,2024,010503828,1,3,0,99,99,9,9,99,99,9,9,99,9,99,1,1,2,2,2,25,5,125,1,4,YAMAHA GPD,6,E01003223,0,2
2024010539589,2024,010539589,1,3,0,99,99,9,9,99,99,1,9,99,9,99,9,1,1,1,3,28,6,125,1,3,YAMAHA GPD,6,E01002674,0,1
2024010517311,2024,010517311,1,3,0,99,99,9,9,99,99,9,9,99,9,99,9,1,1,1,2,29,6,125,1,3,YAMAHA GPD,4,E01000570,0,1
2024010533451,2024,010533451,1,3,0,99,99,9,9,99,99,9,9,99,9,99,9,1,1,1,1,39,7,125,1,1,YAMAHA GPD,3,E01001503,0,1
2024430601638,2024,430601638,1,3,0,12,12,9,9,0,0,0,0,0,0,0,3,1,1,1,1,43,7,125,1,0,YAMAHA GPD,4,E01017905,0,3
2024411524244,2024,411524244,2,3,0,-1,19,-1,-1,-1,0,3,0,0,0,0,4,1,-1,6,2,30,6,125,1,4,YAMAHA GPD,3,E01001445,0,1
2024010522707,2024,010522707,2,3,0,5,5,3,7,0,0,1,0,0,1,0,2,1,6,6,1,30,6,125,1,7,YAMAHA GPD,6,E01002957,0,1
2024010500494,2024,010500494,1,3,0,18,19,9,9,99,99,9,9,99,9,99,1,1,6,6,1,34,6,125,1,3,YAMAHA GPD,2,E01004304,0,1
2024010503876,2024,010503876,1,3,0,99,99,9,9,99,99,9,9,99,9,99,9,1,1,1,1,29,6,125,1,2,YAMAHA GPD,2,E01004570,0,3
2024201471312,2024,201471312,2,3,0,-1,3,6,8,-1,0,1,0,0,0,0,2,1,-1,9,1,29,6,125,1,1,YAMAHA GPD,1,E01033616,0,1
2024010528769,2024,010528769,2,3,0,18,19,1,5,0,0,2,0,0,0,0,1,1,6,6,3,-1,-1,125,1,1,YAMAHA GPD,-1,-1,0,-1
2024361423351,2024,361423351,2,3,0,-1,4,7,3,-1,0,0,5,0,0,0,2,1,-1,1,1,32,6,125,1,4,YAMAHA GPD,4,E01035137,0,1
2024010505857,2024,010505857,2,3,0,18,19,3,7,2,2,1,0,0,0,0,1,1,6,6,1,19,4,125,1,2,YAMAHA GPD,4,E01004303,0,1
2024010540617,2024,010540617,1,3,0,99,99,9,9,99,99,9,9,99,9,99,1,1,6,6,1,22,5,125,1,0,YAMAHA GPD,2,E01032575,0,1
2024010544455,2024,010544455,2,3,0,18,19,3,7,0,0,8,5,0,1,0,1,1,1,1,1,27,6,125,1,1,YAMAHA GPD,5,E01001659,0,1
2024010535135,2024,010535135,1,3,0,99,99,9,9,99,99,9,9,99,9,99,2,1,6,6,1,32,6,125,1,3,YAMAHA GPD,1,E01001013,0,2
2024010541945,2024,010541945,1,3,0,99,99,9,9,99,99,9,9,99,9,99,1,1,6,6,1,19,4,125,1,1,YAMAHA GPD,4,E01001816,0,1
2024010534457,2024,010534457,1,3,0,13,13,3,7,0,0,1,0,0,0,0,1,1,6,6,1,34,6,125,1,0,YAMAHA GPD,-1,-1,0,-1
2024010500357,2024,010500357,1,3,0,99,99,9,9,99,99,1,9,99,9,99,1,1,1,1,1,19,4,125,1,3,YAMAHA GPD,5,E01002785,0,1
2024010505641,2024,010505641,1,3,9,99,99,9,9,99,99,9,9,99,9,99,9,1,6,6,1,23,5,125,1,1,YAMAHA GPD,3,E01003988,0,2
2024010490433,2024,010490433,2,3,0,18,19,1,5,0,0,2,0,0,0,0,0,1,6,6,1,21,5,125,1,1,YAMAHA GPD,2,E01001729,0,2
2024010521857,2024,010521857,1,3,0,99,99,9,9,99,99,9,9,99,9,99,9,1,6,6,2,25,5,125,1,1,YAMAHA GPD,2,E01002553,0,2
2024161430939,2024,161430939,1,3,0,-1,4,8,4,-1,0,8,0,0,0,0,2,1,-1,9,1,36,7,125,1,8,YAMAHA GPD,1,E01026073,0,4
2024010532542,2024,010532542,1,3,0,99,99,9,9,99,99,9,9,99,9,99,9,1,6,6,1,23,5,125,1,4,YAMAHA GPD,2,E01003514,0,1
2024010544657,2024,010544657,1,3,0,99,99,9,9,99,99,9,9,99,9,99,1,1,6,6,1,18,4,125,1,2,YAMAHA GPD,2,E01016480,0,3
2024010541459,2024,010541459,3,3,0,18,19,7,3,0,0,1,5,0,0,0,1,1,6,6,1,21,5,125,1,3,YAMAHA GPD,3,E01001983,0,1
2024010541051,2024,010541051,1,3,9,99,99,9,9,99,99,9,9,99,9,99,1,1,1,1,1,30,6,125,1,0,YAMAHA GPD,3,E01001516,0,1
2024010513986,2024,010513986,2,3,0,99,99,9,9,99,99,9,9,99,9,99,9,1,1,1,1,33,6,125,1,0,YAMAHA GPD,3,E01000641,0,1
2024471433952,2024,471433952,1,3,0,-1,19,1,5,-1,0,2,1,0,0,0,3,1,-1,1,1,23,5,125,1,8,YAMAHA GPD,3,E01016881,0,2
2024010545815,2024,010545815,2,3,0,9,9,1,7,0,0,6,0,0,0,0,1,1,6,6,1,34,6,125,1,1,YAMAHA GPD,3,E01001215,0,3
2024010517809,2024,010517809,2,3,0,99,99,9,9,99,99,9,9,99,9,99,1,1,6,6,3,-1,-1,125,1,2,YAMAHA GPD,5,E01002186,0,2
2024010503249,2024,010503249,1,3,0,99,99,9,9,99,99,9,9,99,9,99,9,1,1,1,2,23,5,125,1,0,YAMAHA GPD,6,E01002182,0,2
2024010499500,2024,010499500,1,3,0,3,3,7,3,0,0,1,0,0,0,0,0,1,6,6,1,21,5,125,1,2,YAMAHA GPD,4,E01003014,0,2
2024371441012,2024,371441012,2,2,0,-1,5,5,7,-1,0,6,0,0,0,0,3,1,-1,2,2,40,7,125,1,1,YAMAHA GPD,1,E01030035,0,1
2024010525115,2024,010525115,1,3,0,5,5,7,3,9,9,7,0,11,1,3,1,1,6,6,1,26,6,125,1,0,YAMAHA GPD,4,E01000547,0,1
2024010522692,2024,010522692,1,3,0,18,19,3,7,0,0,8,0,0,0,0,1,1,6,6,3,-1,-1,125,1,4,YAMAHA GPD,-1,-1,0,-1
2024010504746,2024,010504746,1,3,0,99,99,9,9,99,99,9,9,99,9,99,1,1,6,6,1,31,6,125,1,4,YAMAHA GPD,3,E01001448,0,3
2024010507813,2024,010507813,1,3,0,99,99,9,9,99,99,1,9,99,9,99,9,1,1,1,3,41,7,125,1,1,YAMAHA GPD,3,E01001111,0,2
2024010490048,2024,010490048,1,3,0,99,99,9,9,99,99,9,9,99,9,99,9,1,1,1,1,28,6,125,1,5,YAMAHA GPD,3,E01004064,0,2
2024010498246,2024,010498246,1,3,0,3,3,9,9,99,99,9,9,99,9,99,2,1,1,1,3,28,6,125,1,1,YAMAHA GPD,7,E01002207,0,1
2024471463003,2024,471463003,2,3,0,-1,19,2,6,-1,0,0,0,0,0,0,1,1,-1,1,1,34,6,125,1,2,YAMAHA GPD,3,E01021003,0,2
2024010521393,2024,010521393,2,3,0,99,99,9,9,99,99,9,9,99,9,99,9,1,6,6,1,-1,-1,125,1,4,YAMAHA GPD,3,E01003081,0,1
2024010548603,2024,010548603,1,3,0,99,99,3,7,99,99,0,9,99,9,99,1,1,2,2,1,34,6,125,1,0,YAMAHA GPD,1,E01002071,0,3
2024010549480,2024,010549480,1,3,0,3,3,9,9,99,99,4,9,99,9,99,2,1,2,2,3,30,6,125,1,2,YAMAHA GPD,2,E01000097,0,2
2024010520176,2024,010520176,1,2,0,18,19,3,7,0,0,2,0,0,0,0,1,1,1,1,1,39,7,125,1,3,YAMAHA GPD,3,E01003634,0,1
2024451480165,2024,451480165,1,3,0,-1,19,1,5,-1,0,0,2,0,0,0,1,1,-1,1,1,47,8,125,1,3,YAMAHA GPD,6,E01002943,0,1
2024010500599,2024,010500599,1,3,0,2,2,9,9,99,99,0,9,99,9,99,9,1,1,1,1,43,7,125,1,3,YAMAHA GPD,2,E01004264,0,1
2024010525846,2024,010525846,1,3,9,99,99,9,9,99,99,9,9,99,9,99,9,1,1,1,1,24,5,125,1,5,YAMAHA GPD,2,E01001427,0,2
2024101517978,2024,101517978,1,3,0,-1,19,1,5,-1,0,0,5,4,0,0,1,1,-1,6,1,27,6,125,1,4,YAMAHA GPD,-1,-1,0,-1
2024010527945,2024,010527945,1,3,0,99,99,9,9,99,99,1,9,99,9,99,9,1,1,1,1,28,6,125,1,1,YAMAHA GPD,5,E01002212,0,3
2024010510353,2024,010510353,1,3,0,99,99,9,9,99,99,9,9,99,9,99,9,1,6,6,3,33,6,125,1,1,YAMAHA GPD,3,E01034390,0,2
2024010498056,2024,010498056,2,4,0,18,19,5,1,0,0,0,5,0,0,0,2,1,1,1,1,23,5,125,1,3,YAMAHA GPD,9,E01002242,0,2
2024440203162,2024,440203162,1,4,0,18,19,4,8,0,0,1,0,0,0,0,1,1,6,6,2,49,8,125,1,2,YAMAHA GPD,6,E01035452,0,3
2024010510282,2024,010510282,1,3,0,17,19,1,5,0,0,2,0,0,0,0,1,1,6,6,1,49,8,125,1,6,YAMAHA GPD,6,E01034595,0,1
2024010523848,2024,010523848,1,3,0,99,99,9,9,99,99,9,9,99,9,99,9,1,1,1,3,33,6,125,1,6,YAMAHA GPD,7,E01000306,0,2
2024010518537,2024,010518537,1,3,0,18,19,4,8,0,0,8,2,0,0,0,1,1,1,1,1,48,8,125,1,8,YAMAHA GPD,-1,-1,0,-1