collision_index,collision_year,collision_ref_no,vehicle_reference,vehicle_type,towing_and_articulation,vehicle_manoeuvre_historic,vehicle_manoeuvre,vehicle_direction_from,vehicle_direction_to,vehicle_location_restricted_lane_historic,vehicle_location_restricted_lane,junction_location,skidding_and_overturning,hit_object_in_carriageway,vehicle_leaving_carriageway,hit_object_off_carriageway,first_point_of_impact,vehicle_left_hand_drive,journey_purpose_of_driver_historic,journey_purpose_of_driver,sex_of_driver,age_of_driver,age_band_of_driver,engine_capacity_cc,propulsion_code,age_of_vehicle,generic_make_model,driver_imd_decile,lsoa_of_driver,escooter_flag,driver_distance_banding
2024010511488,2024,010511488,1,3,0,18,19,9,9,99,99,9,9,99,9,99,2,1,1,1,1,28,6,125,1,1,YAMAHA GPD,4,E01004525,0,1
2024010511909,2024,010511909,2,3,0,13,13,5,1,0,0,1,0,0,0,0,1,1,1,1,1,34,6,125,1,4,YAMAHA GPD,5,E01032741,0,4
2024010513200,2024,010513200,2,2,0,99,99,9,9,99,99,9,9,99,9,99,1,1,6,6,3,-1,-1,125,1,2,YAMAHA GPD,-1,-1,0,-1
2024010503376,2024,010503376,1,3,0,99,99,9,9,99,99,9,9,99,9,99,9,1,1,1,3,33,6,125,1,6,YAMAHA GPD,2,E01003497,0,3
2024549265624,2024,549265624,2,3,0,14,14,6,2,0,0,1,0,0,0,0,1,1,6,6,2,29,6,125,1,0,YAMAHA GPD,7,E01015497,0,1
2024010529484,2024,010529484,2,3,0,15,15,1,5,0,0,2,0,4,0,0,0,1,1,1,1,28,6,125,1,7,YAMAHA GPD,4,E01000644,0,1
2024010519553,2024,010519553,1,3,0,99,99,9,9,99,99,9,9,99,9,99,1,1,1,1,1,37,7,125,1,1,YAMAHA GPD,2,E01001505,0,3
2024010520581,2024,010520581,1,3,9,99,99,9,9,99,99,9,9,99,9,99,1,1,1,1,1,33,6,125,1,2,YAMAHA GPD,5,E01035599,0,4
2024010509205,2024,010509205,1,3,0,99,99,9,9,99,99,9,9,99,9,99,1,1,1,1,3,34,6,125,1,2,YAMAHA GPD,4,E01034155,0,2
2024010540626,2024,010540626,2,2,9,99,99,9,9,99,99,9,9,99,0,0,9,1,6,6,3,-1,-1,125,1,4,YAMAHA GPD,3,E01002102,0,1
2024010545827,2024,010545827,1,3,0,17,19,7,3,0,0,8,0,0,0,0,4,1,1,1,1,49,8,125,1,0,YAMAHA GPD,2,E01016018,0,4
2024401485076,2024,401485076,2,3,0,-1,9,1,4,-1,0,8,0,0,0,0,3,1,-1,6,1,18,4,125,1,0,YAMAHA GPD,4,E01015728,0,1
2024010508110,2024,010508110,1,3,0,99,99,9,9,99,99,9,9,99,9,99,9,1,2,2,1,27,6,125,1,3,YAMAHA GPD,3,E01033943,0,1
2024131417757,2024,131417757,2,3,0,-1,19,6,2,-1,0,0,0,0,0,0,1,1,-1,1,1,44,7,125,1,5,YAMAHA GPD,3,E01011920,0,1
2024010512331,2024,010512331,1,3,0,18,19,1,5,0,0,2,0,10,0,0,1,1,6,6,1,18,4,125,1,7,YAMAHA GPD,2,E01001395,0,2
2024010532659,2024,010532659,1,3,0,99,99,9,9,99,99,9,9,99,9,99,9,1,1,1,1,29,6,125,1,2,YAMAHA GPD,2,E01004007,0,2
2024010519653,2024,010519653,2,3,0,99,99,9,9,99,99,9,9,99,9,99,9,1,6,6,3,-1,-1,125,1,2,YAMAHA GPD,3,E01001111,0,2
2024010498855,2024,010498855,2,3,0,13,13,1,5,0,0,3,0,0,0,0,4,1,6,6,1,22,5,125,1,5,YAMAHA GPD,3,E01002068,0,2
2024010525551,2024,010525551,2,3,0,3,3,7,3,0,0,1,0,0,0,0,1,1,6,6,1,32,6,125,1,3,YAMAHA GPD,5,E01001276,0,1
2024010501735,2024,010501735,1,3,0,99,99,9,9,99,99,9,9,99,9,99,9,1,1,1,1,41,7,125,1,0,YAMAHA GPD,4,E01001165,0,1
2024201497269,2024,201497269,1,3,0,-1,19,2,6,-1,0,2,0,0,0,0,1,1,-1,6,1,-1,-1,125,1,3,YAMAHA GPD,-1,-1,0,-1
2024010533242,2024,010533242,1,3,0,99,99,9,9,99,99,9,9,99,9,99,9,1,1,1,3,21,5,125,1,0,YAMAHA GPD,1,E01002082,0,1
2024201462621,2024,201462621,2,3,0,-1,3,8,4,-1,0,0,0,0,0,0,3,1,-1,6,1,28,6,125,1,0,YAMAHA GPD,1,E01034929,0,2
2024010516038,2024,010516038,2,3,0,18,19,5,1,0,0,1,0,11,0,0,1,1,2,2,1,33,6,125,1,7,YAMAHA GPD,5,E01001855,0,1
2024010509185,2024,010509185,1,3,0,99,99,9,9,99,99,9,9,99,9,99,1,1,6,6,1,29,6,125,1,3,YAMAHA GPD,3,E01003599,0,2
2024010551950,2024,010551950,2,3,0,8,8,3,5,4,4,6,9,0,0,0,2,1,6,6,1,25,5,125,1,5,YAMAHA GPD,2,E01003324,0,1
2024010548998,2024,010548998,1,3,9,99,99,9,9,99,99,9,9,99,9,99,1,1,1,1,1,23,5,125,1,1,YAMAHA GPD,5,E01000747,0,3
2024010527132,2024,010527132,2,3,0,9,9,2,8,0,0,1,0,0,0,0,1,1,1,1,2,44,7,125,1,0,YAMAHA GPD,6,E01001088,0,2
2024010506903,2024,010506903,1,3,0,15,15,1,5,0,0,1,2,0,0,0,1,1,2,2,1,32,6,125,1,3,YAMAHA GPD,7,E01001851,0,1
2024010500655,2024,010500655,2,3,0,18,19,1,5,0,0,2,0,0,0,0,1,1,6,6,1,27,6,125,1,4,YAMAHA GPD,1,E01001115,0,2
2024010497638,2024,010497638,1,3,0,18,19,3,7,0,0,0,0,4,0,0,3,1,6,6,1,18,4,125,1,6,YAMAHA GPD,1,E01004754,0,1
2024010504439,2024,010504439,2,3,0,14,14,4,8,0,0,8,0,0,0,0,1,1,6,6,1,18,4,125,1,5,YAMAHA GPD,4,E01004432,0,2
2024010532055,2024,010532055,1,3,0,7,7,1,3,0,0,5,0,0,1,0,2,1,1,1,1,26,6,125,1,1,YAMAHA GPD,3,E01032584,0,1
2024010545491,2024,010545491,1,3,0,18,19,5,1,0,0,8,5,0,0,0,1,1,1,1,1,27,6,125,1,7,YAMAHA GPD,6,E01004381,0,2
2024010529920,2024,010529920,3,3,0,18,19,7,3,0,0,8,0,0,0,0,1,1,6,6,1,25,5,125,1,7,YAMAHA GPD,2,E01000097,0,1
2024010502749,2024,010502749,1,3,0,99,99,9,9,99,99,1,9,99,9,99,9,1,6,6,3,31,6,125,1,7,YAMAHA GPD,8,E01000844,0,1
2024010519756,2024,010519756,1,4,0,14,14,1,5,0,0,1,0,0,0,0,1,1,6,6,1,23,5,125,1,0,YAMAHA GPD,4,E01001884,0,1
2024411489559,2024,411489559,2,3,0,-1,7,3,7,-1,0,4,0,0,0,0,1,1,-1,1,2,22,5,125,1,2,YAMAHA GPD,3,E01001504,0,2
2024010504320,2024,010504320,1,3,0,99,99,9,9,99,99,9,9,99,9,99,1,1,1,1,1,49,8,125,1,2,YAMAHA GPD,-1,-1,0,-1
2024010531147,2024,010531147,1,3,0,99,99,9,9,99,99,9,9,99,9,99,9,1,1,1,1,25,5,125,1,3,YAMAHA GPD,3,E01002046,0,3
2024451518817,2024,451518817,1,3,0,-1,19,3,7,-1,0,0,0,0,0,0,1,1,-1,6,1,43,7,125,1,0,YAMAHA GPD,10,E01030680,0,1
2024522401588,2024,522401588,1,3,0,9,9,2,1,0,0,8,0,0,0,0,1,1,6,6,1,25,5,125,1,4,YAMAHA GPD,9,E01014696,0,1
2024461437947,2024,461437947,1,3,0,-1,4,5,1,-1,0,0,0,0,0,0,1,1,-1,9,1,28,6,125,1,7,YAMAHA GPD,7,E01024101,0,1
2024010519227,2024,010519227,2,3,0,3,3,5,1,0,0,8,0,0,0,0,2,1,1,1,1,31,6,125,1,2,YAMAHA GPD,4,E01001646,0,2
2024010531122,2024,010531122,1,3,0,99,99,9,9,99,99,9,9,99,9,99,9,1,6,6,1,31,6,125,1,0,YAMAHA GPD,2,E01004088,0,2
2024010520756,2024,010520756,2,3,0,99,99,9,9,99,99,9,9,99,9,99,1,1,6,6,3,-1,-1,125,1,5,YAMAHA GPD,-1,-1,0,-1
2024010515766,2024,010515766,2,3,0,18,19,8,4,0,0,1,0,0,0,0,1,1,6,6,1,45,7,125,1,1,YAMAHA GPD,-1,-1,0,-1
2024010533775,2024,010533775,1,3,0,99,99,9,9,0,0,9,0,99,9,99,9,1,1,1,1,32,6,125,1,1,YAMAHA GPD,7,E01003416,0,2
2024201426180,2024,201426180,2,3,0,-1,3,8,4,-1,0,0,0,0,0,0,3,1,-1,6,1,22,5,125,1,0,YAMAHA GPD,1,E01034930,0,1
2024010538295,2024,010538295,1,3,0,99,99,9,9,99,99,9,9,99,9,99,9,1,1,1,1,28,6,125,1,5,YAMAHA GPD,2,E01033146,0,4
2024451485887,2024,451485887,1,3,0,-1,19,7,3,-1,0,0,0,0,0,0,1,1,-1,1,1,49,8,125,1,0,YAMAHA GPD,10,E01030463,0,1
2024010509034,2024,010509034,1,3,0,99,99,9,9,99,99,9,9,99,9,99,1,1,1,1,3,24,5,125,1,1,YAMAHA GPD,2,E01002356,0,4
2024401508454,2024,401508454,2,3,0,-1,19,-1,-1,-1,0,1,0,0,0,0,9,1,-1,6,1,22,5,125,1,3,YAMAHA GPD,2,E01003502,0,4
2024052401859,2024,052401859,2,4,0,3,3,3,7,0,0,0,0,0,0,0,3,1,6,6,1,35,6,125,1,0,YAMAHA GPD,1,E01034397,0,1
2024010509408,2024,010509408,2,2,0,18,19,7,3,0,0,0,0,0,0,0,1,1,1,1,1,27,6,125,1,1,YAMAHA GPD,3,E01004397,0,1
2024010506826,2024,010506826,1,3,0,99,99,9,9,99,99,9,9,99,9,99,9,1,1,1,3,34,6,125,1,1,YAMAHA GPD,3,E01001448,0,2
2024421474693,2024,421474693,1,3,0,-1,19,3,7,-1,0,8,5,0,0,0,3,1,-1,1,2,24,5,125,1,1,YAMAHA GPD,4,E01015906,0,1
2024010542233,2024,010542233,2,3,0,18,19,5,1,0,0,1,0,0,0,0,1,1,6,6,1,28,6,125,1,8,YAMAHA GPD,-1,-1,0,-1
2024010528221,2024,010528221,2,3,0,18,19,7,3,0,0,1,0,0,0,0,1,1,1,1,1,23,5,125,1,3,YAMAHA GPD,8,E01002930,0,1
2024010539024,2024,010539024,1,3,9,99,99,9,9,99,99,0,9,99,9,99,1,1,1,1,1,35,6,125,1,2,YAMAHA GPD,7,E01023576,0,3
2024010545069,2024,010545069,2,3,0,18,19,7,3,0,0,1,0,0,0,0,2,1,6,6,1,27,6,125,1,5,YAMAHA GPD,4,E01003549,0,1
2024010527435,2024,010527435,1,3,0,18,19,5,1,0,0,0,0,0,0,0,1,1,6,6,1,26,6,125,1,5,YAMAHA GPD,3,E01003656,0,1
2024010510049,2024,010510049,1,3,0,18,19,3,7,0,0,8,0,0,7,0,4,1,1,1,1,25,5,124,1,8,YAMAHA GPD,4,E01003565,0,1
2024332401100,2024,332401100,1,3,0,-1,10,2,8,-1,0,8,0,0,0,0,2,1,-1,6,1,22,5,125,1,3,YAMAHA GPD,4,E01013714,0,1
2024010542291,2024,010542291,1,3,9,99,99,9,9,99,99,9,9,99,9,99,9,1,1,1,1,29,6,125,1,1,YAMAHA GPD,4,E01023333,0,1
2024010505009,2024,010505009,1,3,0,99,99,9,9,99,99,9,9,99,9,99,9,1,1,1,2,28,6,125,1,3,YAMAHA GPD,4,E01004034,0,2
2024010495303,2024,010495303,2,3,0,15,15,3,7,0,0,1,0,0,0,0,1,1,6,6,1,44,7,125,1,8,YAMAHA GPD,3,E01001983,0,1
2024010522748,2024,010522748,1,3,0,99,99,9,9,99,99,9,9,99,9,99,9,1,6,6,3,32,6,125,1,3,YAMAHA GPD,3,E01003126,0,2
2024010543407,2024,010543407,1,3,0,99,99,9,9,99,99,9,9,99,9,99,9,1,6,6,3,42,7,125,1,1,YAMAHA GPD,5,E01004610,0,2
2024440233554,2024,440233554,1,4,0,3,3,8,4,0,0,1,0,0,0,0,2,1,6,6,1,24,5,125,1,3,YAMAHA GPD,9,E01032753,0,2
2024010541168,2024,010541168,2,3,0,18,19,1,5,0,0,0,0,0,0,0,1,1,6,6,1,27,6,125,1,1,YAMAHA GPD,4,E01002397,0,1
2024010537167,2024,010537167,1,3,0,99,99,9,9,99,99,9,9,99,9,99,9,1,1,1,3,30,6,125,1,2,YAMAHA GPD,2,E01000021,0,4
2024010516538,2024,010516538,1,3,0,18,19,1,5,0,0,1,0,0,0,0,4,1,1,1,1,18,4,125,1,1,YAMAHA GPD,5,E01004177,0,2
2024451491476,2024,451491476,1,3,0,-1,19,3,7,-1,0,0,1,0,0,0,0,1,-1,9,1,29,6,125,1,8,YAMAHA GPD,2,E01001193,0,3
2024201456470,2024,201456470,2,3,0,-1,19,4,8,-1,0,8,1,0,0,0,1,1,-1,1,2,26,6,125,1,1,YAMAHA GPD,6,E01008968,0,1
2024421517219,2024,421517219,2,3,0,-1,19,3,7,-1,0,1,0,0,0,0,1,1,-1,6,1,26,6,125,1,3,YAMAHA GPD,2,E01003761,0,1
2024010541013,2024,010541013,1,3,0,99,99,9,9,99,99,9,9,99,9,99,9,1,2,2,1,36,7,125,1,0,YAMAHA GPD,2,E01001558,0,1
2024010539316,2024,010539316,1,3,0,3,3,7,3,0,0,1,0,0,0,0,2,1,1,1,1,40,7,125,1,4,YAMAHA GPD,-1,-1,0,-1
2024010531072,2024,010531072,2,3,0,18,19,1,5,0,0,1,5,0,0,0,3,1,6,6,2,26,6,125,1,4,YAMAHA GPD,7,E01003152,0,1
2024010511914,2024,010511914,2,3,0,18,19,1,5,0,0,1,0,0,0,0,1,1,6,6,1,24,5,125,1,1,YAMAHA GPD,5,E01003247,0,2
2024010498890,2024,010498890,1,3,0,18,19,5,1,0,0,1,0,0,0,0,1,1,6,6,1,35,6,125,1,5,YAMAHA GPD,4,E01001887,0,1
2024010509171,2024,010509171,1,3,9,99,99,9,9,99,99,9,9,99,9,99,1,1,1,1,1,33,6,125,1,7,YAMAHA GPD,4,E01001435,0,1
2024010513870,2024,010513870,2,3,0,15,15,6,2,0,0,6,0,4,1,0,1,1,6,6,1,24,5,125,1,1,YAMAHA GPD,4,E01003492,0,3
2024010520966,2024,010520966,2,3,0,14,14,4,8,0,0,8,5,0,0,0,1,1,6,6,1,62,9,125,1,1,YAMAHA GPD,3,E01034139,0,1
2024010532445,2024,010532445,1,3,0,99,99,9,9,99,99,9,9,99,9,99,1,1,2,2,1,23,5,125,1,7,YAMAHA GPD,2,E01001978,0,1
2024010539122,2024,010539122,1,3,0,99,99,9,9,99,99,9,9,99,9,99,9,1,1,1,3,22,5,125,1,6,YAMAHA GPD,10,E01004120,0,3
2024010502110,2024,010502110,2,3,0,13,13,7,3,0,0,0,0,0,0,0,1,1,6,6,1,31,6,125,1,2,YAMAHA GPD,-1,-1,0,-1
2024010534974,2024,010534974,2,3,0,99,99,9,9,99,99,1,9,99,9,99,9,1,1,1,3,54,8,125,1,3,YAMAHA GPD,8,E01000991,0,4
2024010503357,2024,010503357,2,3,0,18,19,3,7,0,0,1,0,0,0,0,1,1,6,6,1,29,6,125,1,7,YAMAHA GPD,5,E01003186,0,2
2024010505757,2024,010505757,1,3,0,99,99,9,9,99,99,9,9,99,9,99,1,1,6,6,1,38,7,125,1,1,YAMAHA GPD,3,E01000405,0,4
2024010536682,2024,010536682,2,3,0,18,19,5,1,0,0,1,0,0,0,0,1,1,1,1,1,25,5,125,1,4,YAMAHA GPD,4,E01003534,0,1
2024440423452,2024,440423452,2,2,0,13,13,5,1,0,0,2,0,0,0,0,1,1,1,1,1,31,6,125,1,1,YAMAHA GPD,5,E01017137,0,1
2024010510574,2024,010510574,1,3,0,99,99,9,9,99,99,9,9,99,9,99,1,1,2,2,1,26,6,125,1,7,YAMAHA GPD,4,E01034383,0,1
2024010531908,2024,010531908,1,3,0,99,99,9,9,99,99,9,9,99,9,99,9,1,1,1,3,21,5,125,1,4,YAMAHA GPD,4,E01001972,0,1
2024010546081,2024,010546081,1,3,0,99,99,9,9,99,99,9,9,99,9,99,9,1,6,6,1,24,5,125,1,3,YAMAHA GPD,2,E01002734,0,1
2024010501925,2024,010501925,1,3,0,99,99,9,9,99,99,9,9,99,9,99,1,1,1,1,1,37,7,125,1,1,YAMAHA GPD,2,E01000744,0,3
2024010497523,2024,010497523,1,3,0,99,99,9,9,99,99,9,9,99,9,99,1,1,6,6,1,28,6,125,1,3,YAMAHA GPD,1,E01000528,0,1
2024010541043,2024,010541043,1,4,0,99,99,9,9,99,99,0,9,99,9,99,9,1,2,2,1,23,5,125,1,0,YAMAHA GPD,3,E01004036,0,3
2024010500380,2024,010500380,1,3,0,99,99,9,9,99,99,9,9,99,9,99,1,1,2,2,1,38,7,125,1,3,YAMAHA GPD,3,E01001812,0,1
2024010509218,2024,010509218,2,2,0,18,19,7,3,0,0,1,0,0,0,0,4,1,6,6,1,40,7,125,1,3,YAMAHA GPD,2,E01034472,0,3
2024010532667,2024,010532667,1,3,0,99,99,9,9,99,99,9,9,99,9,99,1,1,1,1,1,27,6,125,1,2,YAMAHA GPD,2,E01000012,0,1
2024010550144,2024,010550144,1,3,9,99,99,9,9,99,99,9,9,99,9,99,9,1,1,1,3,36,7,125,1,1,YAMAHA GPD,1,E01017250,0,4
2024010538788,2024,010538788,1,3,0,18,19,5,1,0,0,0,0,0,0,0,1,1,6,6,3,-1,-1,125,1,3,YAMAHA GPD,-1,-1,0,-1
2024010540149,2024,010540149,1,3,0,18,19,7,3,0,0,1,0,0,0,0,4,1,2,2,1,25,5,125,1,6,YAMAHA GPD,5,E01002873,0,1
2024010526537,2024,010526537,1,3,0,99,99,9,9,99,99,9,9,99,9,99,1,1,6,6,1,26,6,125,1,7,YAMAHA GPD,3,E01004240,0,2
2024010515251,2024,010515251,2,3,0,13,13,1,5,0,0,1,0,0,0,0,1,1,1,1,1,31,6,125,1,6,YAMAHA GPD,-1,-1,0,-1
2024010525201,2024,010525201,1,3,0,18,19,1,5,0,0,0,0,4,0,0,1,1,6,6,1,27,6,125,1,4,YAMAHA GPD,4,E01000497,0,1
2024201470013,2024,201470013,1,3,0,-1,2,0,0,-1,0,4,0,0,0,0,1,1,-1,1,1,33,6,125,1,8,YAMAHA GPD,1,E01009486,0,1
2024052401876,2024,052401876,2,3,0,18,19,6,2,0,0,1,0,0,0,0,1,1,1,1,1,28,6,125,1,0,YAMAHA GPD,2,E01006783,0,1
2024010501632,2024,010501632,1,3,0,99,99,9,9,99,99,1,9,99,9,99,1,1,1,1,1,37,7,125,1,3,YAMAHA GPD,6,E01001149,0,3
2024010550121,2024,010550121,1,3,0,99,99,9,9,99,99,9,9,99,9,99,1,1,1,1,1,26,6,125,1,6,YAMAHA GPD,3,E01002612,0,1
2024010498408,2024,010498408,1,3,0,99,99,9,9,99,99,9,9,99,9,99,9,1,1,1,2,28,6,125,1,6,YAMAHA GPD,3,E01002043,0,1
2024010536463,2024,010536463,1,3,0,99,99,9,9,99,99,9,9,99,9,99,2,1,2,2,1,48,8,125,1,2,YAMAHA GPD,5,E01004172,0,1
2024010536451,2024,010536451,2,3,0,18,19,3,7,0,0,8,5,0,0,0,1,1,1,1,1,31,6,125,1,4,YAMAHA GPD,3,E01001675,0,1
2024010544367,2024,010544367,1,3,0,99,99,9,9,99,99,9,9,99,9,99,9,1,1,1,3,33,6,125,1,1,YAMAHA GPD,4,E01004355,0,2
2024010509770,2024,010509770,2,3,0,7,7,5,7,0,0,2,2,0,0,0,3,1,1,1,1,28,6,125,1,0,YAMAHA GPD,4,E01004326,0,1
2024010499262,2024,010499262,1,3,0,99,99,9,9,99,99,9,9,99,9,99,1,1,2,2,2,20,4,125,1,0,YAMAHA GPD,5,E01000219,0,2
2024010546987,2024,010546987,2,3,0,18,19,7,3,0,0,0,0,0,0,0,1,1,1,1,1,24,5,125,1,1,YAMAHA GPD,9,E01002417,0,4
2024451451776,2024,451451776,1,3,0,-1,20,1,4,-1,0,0,0,0,0,0,1,1,-1,6,1,23,5,125,1,6,YAMAHA GPD,3,E01030385,0,1
2024461484892,2024,461484892,1,3,0,-1,19,7,3,-1,0,0,0,4,0,0,1,1,-1,2,1,23,5,125,1,6,YAMAHA GPD,2,E01033215,0,1
2024010515133,2024,010515133,1,3,0,15,15,1,5,0,0,2,0,0,0,0,1,1,2,2,1,23,5,125,1,2,YAMAHA GPD,3,E01004723,0,1
2024010507297,2024,010507297,1,3,0,3,3,3,7,0,0,1,0,0,0,0,2,1,6,6,1,29,6,125,1,4,YAMAHA GPD,2,E01004539,0,1
2024010519968,2024,010519968,1,3,0,99,99,9,9,99,99,9,9,99,9,99,9,1,1,1,1,28,6,125,1,1,YAMAHA GPD,5,E01000520,0,1
2024010518897,2024,010518897,1,3,0,99,99,9,9,99,99,0,9,99,9,99,9,1,1,1,1,19,4,125,1,1,YAMAHA GPD,2,E01001479,0,2
2024010516597,2024,010516597,1,3,0,99,99,9,9,99,99,9,9,99,9,99,9,1,1,1,2,33,6,125,1,5,YAMAHA GPD,3,E01034388,0,1
2024010547025,2024,010547025,2,3,0,99,99,9,9,99,99,9,9,99,9,99,2,1,1,1,1,26,6,125,1,4,YAMAHA GPD,2,E01004207,0,1
2024451447589,2024,451447589,1,3,9,-1,3,5,1,-1,99,0,0,0,0,0,9,1,-1,9,1,26,6,125,1,1,YAMAHA GPD,10,E01016575,0,1
2024010547849,2024,010547849,2,3,0,99,99,9,9,99,99,9,9,99,9,99,1,1,6,6,1,38,7,125,1,2,YAMAHA GPD,5,E01000219,0,1
2024010539044,2024,010539044,1,3,0,99,99,9,9,99,99,9,9,99,9,99,9,1,6,6,3,50,8,125,1,1,YAMAHA GPD,5,E01000224,0,1
2024010505524,2024,010505524,2,2,0,-1,-1,3,7,0,0,1,5,4,0,0,1,1,1,1,1,25,5,125,1,7,YAMAHA GPD,6,E01035715,0,1
2024010526011,2024,010526011,1,3,0,99,99,9,9,99,99,9,9,99,9,99,9,1,6,6,1,21,5,125,1,0,YAMAHA GPD,6,E01002138,0,3
2024010505767,2024,010505767,1,3,0,99,99,9,9,99,99,9,9,99,9,99,1,1,1,1,1,38,7,125,1,4,YAMAHA GPD,3,E01003581,0,2
2024010528339,2024,010528339,2,3,0,15,15,7,3,0,0,8,0,0,0,0,4,1,1,1,1,27,6,125,1,3,YAMAHA GPD,2,E01002003,0,1
2024010498054,2024,010498054,1,3,0,99,99,9,9,99,99,9,9,99,9,99,9,1,1,1,1,31,6,125,1,3,YAMAHA GPD,3,E01001480,0,1
2024552400657,2024,552400657,2,3,0,9,9,3,1,0,0,8,0,0,0,0,4,1,6,6,2,31,6,125,1,1,YAMAHA GPD,4,E01034277,0,1
2024010529188,2024,010529188,1,3,0,99,99,9,9,99,99,9,9,99,9,99,9,1,1,1,1,33,6,125,1,1,YAMAHA GPD,2,E01001479,0,3
2024302401525,2024,302401525,1,3,0,16,19,4,7,0,0,0,1,0,7,0,1,1,6,6,1,33,6,125,1,4,YAMAHA GPD,1,E01005106,0,3
2024010507969,2024,010507969,1,3,0,99,99,9,9,99,99,9,9,99,9,99,9,1,6,6,3,23,5,125,1,1,YAMAHA GPD,8,E01002134,0,3
2024010551765,2024,010551765,2,3,0,5,5,0,5,0,0,8,0,0,0,0,4,1,6,6,1,27,6,125,1,4,YAMAHA GPD,3,E01002045,0,1
2024430475058,2024,430475058,2,3,0,3,3,9,9,0,0,1,0,0,0,0,1,1,2,2,3,46,8,125,1,1,YAMAHA GPD,3,E01028525,0,1
2024522402323,2024,522402323,1,3,0,15,15,4,8,2,2,0,0,0,0,0,1,1,6,6,3,-1,-1,125,1,1,YAMAHA GPD,-1,-1,0,-1
2024010494141,2024,010494141,1,3,0,5,5,5,1,0,0,1,0,0,0,0,4,1,6,6,1,27,6,125,1,1,YAMAHA GPD,5,E01002212,0,3
2024010514593,2024,010514593,1,3,0,99,99,9,9,99,99,9,9,99,9,99,9,1,1,1,1,22,5,125,1,3,YAMAHA GPD,2,E01003735,0,4
2024010544066,2024,010544066,1,3,0,99,99,9,9,99,99,9,9,99,9,99,9,1,6,6,3,35,6,125,1,1,YAMAHA GPD,1,E01002081,0,2
2024010516854,2024,010516854,1,3,0,99,99,9,9,99,99,9,9,99,9,99,2,1,1,1,1,38,7,125,1,3,YAMAHA GPD,2,E01001433,0,1
2024010509113,2024,010509113,1,3,0,18,19,7,3,0,0,2,0,0,0,0,1,1,1,1,1,36,7,125,1,3,YAMAHA GPD,3,E01004315,0,1
2024552401272,2024,552401272,2,3,0,18,19,7,1,0,0,8,0,0,0,0,1,1,2,2,1,21,5,125,1,6,YAMAHA GPD,2,E01015290,0,2
2024010548257,2024,010548257,2,3,0,99,99,9,9,99,99,9,9,99,9,99,2,1,1,1,1,30,6,125,1,2,YAMAHA GPD,5,E01000313,0,1
2024010544775,2024,010544775,2,4,0,99,99,9,9,99,99,9,9,99,9,99,9,1,6,6,3,-1,-1,125,1,1,YAMAHA GPD,-1,-1,0,-1
2024461413090,2024,461413090,2,3,0,-1,2,0,0,-1,0,1,0,0,0,0,1,1,-1,2,2,39,7,125,1,3,YAMAHA GPD,10,E01016575,0,5
2024010499254,2024,010499254,1,3,0,99,99,9,9,99,99,9,9,99,9,99,1,1,6,6,1,25,5,125,1,7,YAMAHA GPD,3,E01033933,0,1
2024010503429,2024,010503429,1,3,9,99,99,9,9,99,99,9,9,99,9,99,9,1,6,6,1,33,6,125,1,2,YAMAHA GPD,1,E01003515,0,4
2024010528323,2024,010528323,1,3,0,99,99,9,9,99,99,9,9,99,9,99,2,1,1,1,1,57,9,125,1,1,YAMAHA GPD,3,E01004235,0,1
2024010507591,2024,010507591,1,3,0,99,99,9,9,99,99,9,9,99,9,99,9,1,1,1,1,26,6,125,1,2,YAMAHA GPD,3,E01035670,0,1
2024010532953,2024,010532953,2,3,0,99,99,9,9,99,99,9,9,99,9,99,9,9,6,6,3,-1,-1,125,1,5,YAMAHA GPD,-1,-1,0,-1
2024010508410,2024,010508410,1,3,0,99,99,9,9,99,99,9,9,99,9,99,1,1,2,2,1,25,5,125,1,1,YAMAHA GPD,3,E01001111,0,2
2024010527568,2024,010527568,2,3,0,18,19,5,1,0,0,1,0,0,0,0,1,1,6,6,1,24,5,125,1,5,YAMAHA GPD,5,E01033140,0,4
2024010522210,2024,010522210,2,3,0,18,19,6,2,0,0,1,0,0,0,0,1,1,6,6,1,21,5,125,1,2,YAMAHA GPD,-1,-1,0,-1
2024010531836,2024,010531836,1,3,0,5,5,1,5,0,0,1,1,0,0,0,4,1,1,1,1,25,5,125,1,0,YAMAHA GPD,4,E01000312,0,2
2024010549587,2024,010549587,2,3,0,18,19,5,1,0,0,1,0,0,0,0,4,1,1,1,1,34,6,125,1,0,YAMAHA GPD,4,E01034155,0,1
2024010522688,2024,010522688,1,3,0,13,13,5,1,0,0,8,0,0,0,0,4,1,1,1,1,31,6,125,1,0,YAMAHA GPD,3,E01001747,0,1