collision_index,collision_year,collision_ref_no,vehicle_reference,vehicle_type,towing_and_articulation,vehicle_manoeuvre_historic,vehicle_manoeuvre,vehicle_direction_from,vehicle_direction_to,vehicle_location_restricted_lane_historic,vehicle_location_restricted_lane,junction_location,skidding_and_overturning,hit_object_in_carriageway,vehicle_leaving_carriageway,hit_object_off_carriageway,first_point_of_impact,vehicle_left_hand_drive,journey_purpose_of_driver_historic,journey_purpose_of_driver,sex_of_driver,age_of_driver,age_band_of_driver,engine_capacity_cc,propulsion_code,age_of_vehicle,generic_make_model,driver_imd_decile,lsoa_of_driver,escooter_flag,driver_distance_banding
2024451502958,2024,451502958,2,3,0,-1,19,1,6,-1,0,1,0,0,0,0,3,1,-1,2,2,38,7,125,1,3,YAMAHA GPD,9,E01030552,0,2
2024010514166,2024,010514166,1,3,9,99,99,9,9,99,99,9,5,99,9,99,9,1,1,1,1,29,6,125,1,1,YAMAHA GPD,-1,-1,0,-1
2024010531606,2024,010531606,2,4,0,18,19,5,1,0,0,1,0,0,0,0,1,1,6,6,1,30,6,125,1,1,YAMAHA GPD,9,E01000415,0,1
2024010511246,2024,010511246,2,3,0,15,15,7,3,0,0,1,1,0,0,0,1,1,6,6,1,24,5,125,1,7,YAMAHA GPD,2,E01002720,0,1
2024010494440,2024,010494440,1,3,0,99,99,9,9,99,99,0,9,99,9,99,9,1,1,1,1,29,6,125,1,4,YAMAHA GPD,4,E01003554,0,1
2024010545887,2024,010545887,1,3,0,13,13,3,7,0,0,1,0,0,1,0,4,1,6,6,1,29,6,125,1,6,YAMAHA GPD,3,E01032774,0,1
2024010510517,2024,010510517,1,3,0,99,99,9,9,99,99,9,9,99,9,99,9,1,6,6,1,26,6,125,1,0,YAMAHA GPD,5,E01004414,0,1
2024010524694,2024,010524694,2,3,0,17,19,5,1,0,0,0,0,0,0,0,2,1,6,6,1,29,6,125,1,3,YAMAHA GPD,2,E01002096,0,1
2024010509617,2024,010509617,1,3,0,99,99,9,9,99,99,1,9,99,9,99,9,1,1,1,1,24,5,125,1,7,YAMAHA GPD,4,E01000976,0,2
2024010539293,2024,010539293,1,3,0,99,99,9,9,99,99,9,9,99,9,99,9,1,6,6,1,26,6,125,1,0,YAMAHA GPD,3,E01001489,0,1
2024010509046,2024,010509046,1,3,0,99,99,9,9,99,99,9,9,99,9,99,9,1,1,1,1,32,6,125,1,6,YAMAHA GPD,4,E01004425,0,4
2024010551691,2024,010551691,1,3,0,3,3,9,9,99,99,6,9,99,9,99,9,1,1,1,3,29,6,125,1,2,YAMAHA GPD,7,E01001125,0,2
2024010504190,2024,010504190,1,3,0,99,99,9,9,99,99,9,9,99,9,99,9,1,1,1,1,36,7,125,1,4,YAMAHA GPD,3,E01001489,0,2
2024471426104,2024,471426104,1,3,0,-1,6,-1,-1,-1,0,-1,0,0,0,0,-1,1,-1,6,1,28,6,125,1,3,YAMAHA GPD,6,E01016849,0,1
2024010514009,2024,010514009,1,3,0,99,99,9,9,99,99,9,9,99,9,99,1,1,1,1,1,36,7,125,1,1,YAMAHA GPD,2,E01001555,0,2
2024010497288,2024,010497288,1,3,0,9,9,4,2,0,0,8,2,0,0,0,4,1,1,1,1,33,6,125,1,5,YAMAHA GPD,4,E01003530,0,2
2024010514866,2024,010514866,2,2,0,5,5,5,1,0,0,8,0,0,0,0,0,1,2,2,1,21,5,125,1,2,YAMAHA GPD,2,E01000604,0,2
2024430502631,2024,430502631,1,3,0,18,19,6,2,0,0,8,0,0,0,0,4,1,2,2,1,35,6,125,1,0,YAMAHA GPD,6,E01017922,0,1
2024010537195,2024,010537195,1,3,0,14,14,3,7,0,0,1,0,0,7,11,4,1,6,6,1,18,4,125,1,1,YAMAHA GPD,2,E01001191,0,2
2024010502854,2024,010502854,1,3,0,99,99,9,9,99,99,9,9,99,9,99,1,1,1,1,1,26,6,125,1,3,YAMAHA GPD,3,E01000088,0,2
2024010522035,2024,010522035,1,3,0,99,99,9,9,99,99,9,9,99,9,99,1,1,6,6,3,30,6,125,1,2,YAMAHA GPD,2,E01003159,0,2
2024010537111,2024,010537111,1,3,0,18,19,7,3,2,2,1,0,11,0,0,1,1,6,6,1,51,8,125,1,1,YAMAHA GPD,4,E01001635,0,2
2024010508500,2024,010508500,1,3,0,99,99,9,9,99,99,1,9,99,9,99,1,1,1,1,1,25,5,125,1,1,YAMAHA GPD,5,E01003247,0,2
2024010505267,2024,010505267,1,3,0,18,19,9,9,99,99,1,9,99,9,99,1,1,1,1,2,28,6,125,1,2,YAMAHA GPD,6,E01003130,0,1
2024010538176,2024,010538176,1,3,0,99,99,9,9,99,99,9,9,99,9,99,1,1,2,2,1,34,6,125,1,3,YAMAHA GPD,3,E01001362,0,1
2024010519167,2024,010519167,1,3,0,18,19,1,5,0,0,1,0,0,0,0,1,1,1,1,1,26,6,125,1,0,YAMAHA GPD,4,E01024372,0,4
2024010540675,2024,010540675,2,3,0,4,4,4,8,2,2,1,0,0,0,0,1,1,1,1,1,32,6,125,1,1,YAMAHA GPD,3,E01000935,0,1
2024010542877,2024,010542877,2,3,0,18,19,3,7,0,0,1,0,0,0,0,1,1,6,6,1,29,6,125,1,3,YAMAHA GPD,2,E01001549,0,1
2024010514270,2024,010514270,2,3,0,18,19,1,5,0,0,1,0,0,0,0,4,1,6,6,1,22,5,125,1,3,YAMAHA GPD,2,E01003187,0,1
2024010542892,2024,010542892,1,3,0,99,99,9,9,99,99,9,9,99,9,99,9,9,6,6,1,37,7,125,1,1,YAMAHA GPD,5,E01003186,0,1
2024010499720,2024,010499720,1,3,0,99,99,9,9,99,99,9,9,99,9,99,9,1,1,1,2,34,6,125,1,3,YAMAHA GPD,4,E01004572,0,2
2024010507384,2024,010507384,1,3,0,99,99,9,9,99,99,9,9,99,9,99,9,1,1,1,1,27,6,125,1,0,YAMAHA GPD,1,E01004042,0,3
2024010507641,2024,010507641,1,4,0,99,99,9,9,99,99,9,9,99,9,99,1,1,1,1,1,31,6,125,1,0,YAMAHA GPD,6,E01000150,0,1
2024010521524,2024,010521524,1,3,0,18,19,1,5,0,0,0,0,0,0,0,1,1,6,6,1,26,6,125,1,6,YAMAHA GPD,3,E01003538,0,2
2024010511901,2024,010511901,2,3,0,15,15,1,5,0,0,1,0,0,0,0,4,1,6,6,1,25,5,125,1,3,YAMAHA GPD,7,E01001083,0,2
2024010507735,2024,010507735,1,3,0,7,7,7,2,0,0,8,0,0,0,0,0,1,6,6,1,26,6,125,1,5,YAMAHA GPD,1,E01033879,0,3
2024061499976,2024,061499976,3,2,0,-1,19,7,3,-1,0,2,0,0,0,0,1,1,-1,1,1,27,6,125,1,2,YAMAHA GPD,2,E01005221,0,3
2024010507816,2024,010507816,2,3,0,18,19,1,5,0,0,1,0,0,0,0,1,1,6,6,1,41,7,125,1,3,YAMAHA GPD,2,E01001505,0,1
2024421481193,2024,421481193,1,4,0,-1,19,1,5,-1,0,0,0,0,0,0,1,1,-1,1,1,35,6,125,1,3,YAMAHA GPD,7,E01002298,0,2
2024010499388,2024,010499388,1,3,0,99,99,9,9,99,99,9,9,99,9,99,1,1,6,6,3,-1,-1,125,1,3,YAMAHA GPD,2,E01001800,0,3
2024010545936,2024,010545936,2,3,0,18,19,5,1,0,0,8,5,0,0,0,1,1,6,6,1,29,6,125,1,1,YAMAHA GPD,5,E01000593,0,1
2024010529373,2024,010529373,1,3,0,99,99,9,9,99,99,9,9,99,9,99,9,1,1,1,1,40,7,125,1,0,YAMAHA GPD,2,E01001505,0,3
2024010500746,2024,010500746,1,3,0,3,3,9,9,99,99,9,9,99,9,99,2,9,1,1,1,38,7,125,1,4,YAMAHA GPD,4,E01003568,0,4
2024010551201,2024,010551201,1,3,0,7,7,5,8,0,0,1,0,0,0,0,1,1,1,1,1,39,7,125,1,6,YAMAHA GPD,3,E01003525,0,1
2024201448252,2024,201448252,2,4,0,-1,19,6,2,-1,0,8,1,0,0,0,3,1,-1,6,1,39,7,125,1,6,YAMAHA GPD,1,E01009147,0,1
2024451440974,2024,451440974,2,3,0,-1,13,8,4,-1,0,1,0,0,0,0,1,1,-1,9,1,26,6,125,1,1,YAMAHA GPD,5,E01002619,0,2
2024010505645,2024,010505645,1,3,0,18,19,7,3,0,0,0,0,0,0,0,1,1,6,6,2,35,6,125,1,3,YAMAHA GPD,5,E01000505,0,1
2024522401256,2024,522401256,1,3,0,18,19,3,7,0,0,8,0,0,0,0,4,1,6,6,1,18,4,125,1,3,YAMAHA GPD,6,E01014679,0,1
2024010513978,2024,010513978,1,3,0,18,19,9,9,99,99,0,9,99,9,99,9,1,1,1,3,44,7,125,1,7,YAMAHA GPD,2,E01024091,0,4
2024010505865,2024,010505865,1,3,0,99,99,9,9,99,99,9,9,99,9,99,9,1,6,6,1,33,6,125,1,3,YAMAHA GPD,3,E01001983,0,1
2024451482819,2024,451482819,2,3,0,-1,19,7,3,-1,1,1,0,0,0,0,3,1,-1,2,1,34,6,125,1,3,YAMAHA GPD,5,E01002940,0,1
2024010510176,2024,010510176,1,3,0,99,99,9,9,99,99,9,9,99,9,99,1,1,6,6,1,34,6,125,1,4,YAMAHA GPD,5,E01001240,0,2
2024461527972,2024,461527972,2,2,0,-1,19,7,3,-1,0,0,0,11,0,0,1,1,-1,1,1,38,7,125,1,0,YAMAHA GPD,4,E01000406,0,2
2024010523381,2024,010523381,2,3,0,18,19,3,7,0,0,1,0,0,0,0,0,1,6,6,1,22,5,125,1,1,YAMAHA GPD,2,E01003994,0,1
2024201500321,2024,201500321,2,3,0,-1,15,7,3,-1,0,8,0,0,0,0,1,1,-1,9,1,24,5,125,1,2,YAMAHA GPD,-1,-1,0,-1
2024010498881,2024,010498881,1,3,0,18,19,3,7,0,0,0,0,0,0,0,1,1,1,1,1,25,5,125,1,4,YAMAHA GPD,3,E01004448,0,1
2024010526544,2024,010526544,4,3,0,9,9,5,2,0,0,1,0,0,0,0,3,1,6,6,1,28,6,125,1,1,YAMAHA GPD,4,E01004678,0,1
2024010507881,2024,010507881,1,3,0,16,19,5,1,0,0,8,0,0,0,0,1,1,2,2,2,40,7,125,1,1,YAMAHA GPD,10,E01030416,0,1
2024010533699,2024,010533699,1,3,0,13,13,5,1,0,0,1,0,0,0,0,1,1,2,2,1,32,6,125,1,0,YAMAHA GPD,-1,-1,0,-1
2024010517567,2024,010517567,1,3,0,99,99,9,9,99,99,9,9,99,9,99,9,1,2,2,1,28,6,125,1,1,YAMAHA GPD,2,E01001509,0,4
2024010550679,2024,010550679,2,3,0,99,99,9,9,0,0,9,0,99,9,99,9,1,1,1,1,20,4,125,1,1,YAMAHA GPD,2,E01001433,0,2
2024010547817,2024,010547817,2,3,0,99,99,9,9,99,99,9,9,99,9,99,1,1,6,6,3,-1,-1,125,1,4,YAMAHA GPD,-1,-1,0,-1
2024010506238,2024,010506238,1,3,0,18,19,6,2,0,0,1,0,0,0,0,3,1,6,6,1,24,5,125,1,8,YAMAHA GPD,7,E01034594,0,1
2024010528259,2024,010528259,1,3,0,99,99,9,9,99,99,9,9,99,9,99,1,1,1,1,3,19,4,125,1,1,YAMAHA GPD,3,E01001503,0,4
2024010502894,2024,010502894,1,3,0,4,4,1,5,0,0,0,0,0,0,0,2,1,1,1,1,25,5,125,1,3,YAMAHA GPD,3,E01003524,0,1
2024010499962,2024,010499962,1,3,0,99,99,9,9,99,99,9,9,99,9,99,9,1,2,2,3,24,5,125,1,3,YAMAHA GPD,3,E01001112,0,1
2024010535532,2024,010535532,2,3,0,13,13,7,3,0,0,1,0,0,0,0,3,1,6,6,1,35,6,125,1,1,YAMAHA GPD,4,E01001243,0,1
2024461448808,2024,461448808,2,3,0,-1,19,5,1,-1,0,5,0,0,0,0,3,1,-1,6,1,40,7,125,1,3,YAMAHA GPD,4,E01024258,0,3
2024401473683,2024,401473683,2,3,0,-1,-1,-1,-1,-1,-1,-1,-1,-1,-1,0,-1,1,-1,1,1,36,7,125,1,4,YAMAHA GPD,2,E01001479,0,4
2024010504804,2024,010504804,1,3,0,18,19,1,5,0,0,0,0,0,0,0,1,1,6,6,2,-1,-1,125,1,3,YAMAHA GPD,4,E01000571,0,4
2024010504813,2024,010504813,2,3,0,18,19,7,3,0,0,7,1,10,0,0,0,1,6,6,1,35,6,125,1,1,YAMAHA GPD,2,E01004256,0,1
2024010508333,2024,010508333,1,3,0,99,99,9,9,99,99,9,9,99,9,99,1,1,1,1,3,34,6,125,1,1,YAMAHA GPD,3,E01001448,0,3
2024010527994,2024,010527994,1,3,0,99,99,9,9,99,99,9,9,99,9,99,9,1,2,2,3,40,7,125,1,3,YAMAHA GPD,2,E01003093,0,2
2024411543318,2024,411543318,2,3,0,-1,15,1,5,-1,0,0,0,0,0,0,1,1,-1,6,1,48,8,125,1,3,YAMAHA GPD,4,E01023349,0,2
2024010495556,2024,010495556,1,3,0,99,99,9,9,99,99,9,9,99,9,99,9,1,1,1,1,32,6,125,1,2,YAMAHA GPD,4,E01001363,0,1
2024010530154,2024,010530154,1,3,0,99,99,9,9,99,99,9,9,99,9,99,9,1,1,1,3,28,6,125,1,1,YAMAHA GPD,7,E01001474,0,3
2024451453898,2024,451453898,1,3,0,-1,13,1,3,-1,0,8,0,0,0,0,1,1,-1,6,2,30,6,125,1,2,YAMAHA GPD,7,E01004108,0,1
2024010536896,2024,010536896,1,3,0,9,9,7,4,0,0,1,0,0,0,0,3,1,6,6,1,22,5,125,1,9,YAMAHA GPD,3,E01003533,0,1
2024010508988,2024,010508988,1,3,0,99,99,9,9,99,99,9,9,99,9,99,9,1,1,1,1,47,8,125,1,2,YAMAHA GPD,3,E01001981,0,1
2024010496841,2024,010496841,1,3,0,99,99,9,9,0,0,8,0,0,9,0,9,1,6,6,2,28,6,125,1,1,YAMAHA GPD,2,E01001560,0,1
2024010514279,2024,010514279,2,3,0,18,19,9,9,99,99,9,9,99,9,99,1,1,1,1,1,29,6,125,1,0,YAMAHA GPD,8,E01002148,0,3
2024411527730,2024,411527730,2,3,0,-1,-1,5,1,-1,-1,-1,-1,-1,-1,0,1,1,-1,6,1,29,6,125,1,0,YAMAHA GPD,5,E01023537,0,1
2024010501943,2024,010501943,1,3,0,18,19,7,3,0,0,1,0,0,0,0,1,1,2,2,1,27,6,125,1,0,YAMAHA GPD,2,E01001957,0,2
2024010502530,2024,010502530,1,3,0,99,99,9,9,99,99,9,9,99,9,99,1,1,1,1,2,51,8,125,1,3,YAMAHA GPD,2,E01002074,0,2
2024430454046,2024,430454046,1,3,0,4,4,6,2,0,0,2,0,0,0,0,2,1,6,6,1,39,7,125,1,0,YAMAHA GPD,6,E01032734,0,1
2024010496786,2024,010496786,1,3,0,99,99,9,9,0,0,8,0,0,9,0,9,1,6,6,3,33,6,125,1,1,YAMAHA GPD,6,E01021344,0,4
2024010499022,2024,010499022,1,3,0,18,19,3,7,0,0,4,0,0,0,0,4,1,1,1,1,27,6,125,1,2,YAMAHA GPD,4,E01002665,0,1
2024010498168,2024,010498168,1,3,0,99,99,9,9,99,99,9,9,99,9,99,1,1,1,1,1,26,6,125,1,1,YAMAHA GPD,5,E01003083,0,1
2024010543404,2024,010543404,1,3,0,99,99,9,9,99,99,1,9,99,9,99,1,1,1,1,3,31,6,125,1,5,YAMAHA GPD,5,E01001347,0,2
2024010513681,2024,010513681,1,4,0,99,99,9,9,99,99,9,9,99,9,99,2,1,1,1,1,27,6,125,1,4,YAMAHA GPD,3,E01003541,0,1
2024461459205,2024,461459205,2,3,0,-1,2,0,0,-1,0,1,0,0,0,0,1,1,-1,1,2,24,5,125,1,1,YAMAHA GPD,4,E01000780,0,3
2024010503372,2024,010503372,1,3,0,99,99,9,9,99,99,9,9,99,9,99,9,1,6,6,1,25,5,125,1,3,YAMAHA GPD,7,E01000924,0,1
2024010538693,2024,010538693,1,3,0,99,99,9,9,99,99,9,9,99,9,99,9,1,1,1,1,37,7,125,1,1,YAMAHA GPD,5,E01000494,0,1
2024010537704,2024,010537704,1,3,0,99,99,9,9,99,99,9,9,99,9,99,1,1,1,1,1,23,5,125,1,1,YAMAHA GPD,6,E01002200,0,2
2024010533035,2024,010533035,1,3,0,7,7,3,6,0,0,1,0,0,0,0,2,1,1,1,2,35,6,125,1,4,YAMAHA GPD,-1,-1,0,-1
2024010545138,2024,010545138,1,3,0,99,99,9,9,99,99,9,9,99,9,99,9,1,1,1,3,29,6,125,1,1,YAMAHA GPD,2,E01033699,0,2
2024010536318,2024,010536318,2,3,0,-1,-1,5,1,0,0,8,0,0,0,0,1,1,6,6,1,23,5,125,1,3,YAMAHA GPD,7,E01002423,0,3
2024010509871,2024,010509871,1,3,9,99,99,9,9,0,0,3,9,0,9,0,1,1,6,6,3,-1,-1,125,1,5,YAMAHA GPD,-1,-1,0,-1
2024010543423,2024,010543423,1,3,9,99,99,9,9,99,99,0,9,8,9,99,9,1,1,1,3,27,6,125,1,3,YAMAHA GPD,8,E01004639,0,2
2024010536037,2024,010536037,1,3,0,99,99,9,9,99,99,9,9,99,9,99,9,1,2,2,2,33,6,125,1,1,YAMAHA GPD,3,E01035681,0,1
2024010526277,2024,010526277,2,3,0,14,14,5,1,0,0,6,0,0,0,0,1,1,6,6,1,27,6,125,1,7,YAMAHA GPD,1,E01003318,0,1
2024361525598,2024,361525598,2,3,0,-1,3,5,1,-1,0,1,0,0,0,0,1,1,-1,2,1,31,6,125,1,1,YAMAHA GPD,1,E01026869,0,1
2024010528978,2024,010528978,1,3,0,3,3,9,9,99,99,1,9,99,9,99,2,1,1,1,3,36,7,125,1,3,YAMAHA GPD,3,E01000141,0,2
2024010534553,2024,010534553,1,3,0,99,99,9,9,99,99,9,9,99,9,99,9,1,1,1,3,30,6,125,1,4,YAMAHA GPD,10,E01030998,0,4
2024010550388,2024,010550388,1,3,0,99,99,9,9,99,99,2,9,99,9,99,9,1,1,1,1,31,6,125,1,4,YAMAHA GPD,2,E01000021,0,1
2024451396847,2024,451396847,1,3,0,-1,3,1,5,-1,0,0,5,0,0,0,1,1,-1,1,2,40,7,125,1,1,YAMAHA GPD,10,E01030585,0,2
2024332400246,2024,332400246,2,3,0,-1,4,5,1,-1,0,1,0,0,0,0,2,1,-1,6,1,48,8,125,1,3,YAMAHA GPD,3,E01013625,0,1
2024010523427,2024,010523427,1,3,0,99,99,9,9,99,99,9,9,99,9,99,1,1,6,6,1,26,6,125,1,3,YAMAHA GPD,7,E01032573,0,1
2024552400109,2024,552400109,2,3,0,18,19,3,7,0,0,8,0,0,0,0,1,1,6,6,2,30,6,125,1,1,YAMAHA GPD,4,E01000637,0,5
2024501497197,2024,501497197,2,3,0,-1,19,2,6,-1,0,8,0,0,0,0,1,1,-1,6,1,36,7,125,1,0,YAMAHA GPD,4,E01015031,0,1
2024320622193,2024,320622193,2,3,0,-1,-1,8,4,0,0,8,0,0,0,0,4,1,-1,-1,1,18,4,125,1,6,YAMAHA GPD,8,E01026237,0,2
2024010499966,2024,010499966,1,3,0,99,99,9,9,99,99,9,9,99,9,99,9,1,1,1,1,25,5,125,1,1,YAMAHA GPD,1,E01001425,0,1
2024421440129,2024,421440129,2,3,0,-1,19,3,7,-1,0,1,0,0,0,0,4,1,-1,2,1,25,5,125,1,6,YAMAHA GPD,2,E01015929,0,1
2024010498258,2024,010498258,1,3,0,99,99,9,9,99,99,9,9,99,9,99,9,1,1,1,3,27,6,125,1,3,YAMAHA GPD,1,E01002039,0,1
2024411433348,2024,411433348,2,3,0,-1,5,1,5,-1,0,4,0,0,0,0,3,1,-1,6,1,46,8,125,1,4,YAMAHA GPD,1,E01001442,0,1
2024010525784,2024,010525784,1,3,0,4,4,1,5,0,0,1,1,0,0,0,1,1,6,6,1,21,5,125,1,7,YAMAHA GPD,4,E01004756,0,1
2024010537858,2024,010537858,1,3,0,3,3,9,9,99,99,5,9,99,9,99,9,1,1,1,1,30,6,125,1,0,YAMAHA GPD,3,E01001489,0,3
2024010544069,2024,010544069,1,3,0,99,99,9,9,99,99,9,9,99,9,99,1,1,2,2,1,31,6,125,1,5,YAMAHA GPD,2,E01033146,0,1
2024010534524,2024,010534524,2,3,0,13,13,5,1,0,0,1,0,0,7,0,1,1,6,6,1,27,6,125,1,1,YAMAHA GPD,2,E01004424,0,2
2024010505795,2024,010505795,1,3,0,99,99,9,9,99,99,9,9,99,9,99,9,1,1,1,1,26,6,125,1,1,YAMAHA GPD,8,E01000136,0,1
2024430495018,2024,430495018,2,3,0,18,19,4,8,0,0,3,0,0,0,0,1,1,2,2,3,26,6,125,1,3,YAMAHA GPD,3,E01028577,0,1
2024546888424,2024,546888424,1,3,0,7,7,2,4,0,0,6,5,0,0,0,4,1,6,6,1,60,9,125,1,1,YAMAHA GPD,8,E01034536,0,1
2024010535683,2024,010535683,2,3,0,18,19,3,7,0,0,8,0,0,0,0,2,1,6,6,1,26,6,125,1,0,YAMAHA GPD,2,E01001487,0,1
2024010537942,2024,010537942,1,3,0,18,19,9,9,99,99,9,9,99,9,99,1,1,6,6,1,21,5,125,1,1,YAMAHA GPD,5,E01000586,0,1
2024010545816,2024,010545816,1,3,0,18,19,5,1,0,0,2,0,0,0,0,1,1,6,6,1,35,6,125,1,1,YAMAHA GPD,8,E01004602,0,1
2024461492750,2024,461492750,1,4,0,-1,6,3,1,-1,0,0,0,0,0,0,3,1,-1,6,3,-1,-1,125,1,6,YAMAHA GPD,-1,-1,0,-1
2024010534589,2024,010534589,2,3,0,99,99,9,9,99,99,9,9,99,9,99,9,1,1,1,3,32,6,125,1,4,YAMAHA GPD,3,E01000556,0,1
2024010515767,2024,010515767,1,3,0,99,99,9,9,99,99,9,9,99,9,99,9,1,6,6,3,32,6,125,1,4,YAMAHA GPD,4,E01002088,0,2
2024010502258,2024,010502258,1,3,0,2,2,9,9,99,99,9,9,99,9,99,1,1,1,1,3,24,5,125,1,3,YAMAHA GPD,2,E01000533,0,2
2024010523805,2024,010523805,1,3,0,16,19,1,5,0,0,1,0,0,0,0,1,1,6,6,1,22,5,125,1,3,YAMAHA GPD,4,E01002663,0,2
2024010502313,2024,010502313,1,3,0,18,19,7,3,0,0,1,0,4,0,0,1,1,6,6,1,33,6,125,1,5,YAMAHA GPD,4,E01002101,0,2
2024010536757,2024,010536757,1,3,0,99,99,9,9,99,99,1,9,99,9,99,9,1,1,1,3,23,5,125,1,1,YAMAHA GPD,3,E01000998,0,3
2024061422670,2024,061422670,1,2,-1,-1,-1,-1,-1,-1,-1,0,-1,-1,-1,0,-1,1,-1,6,1,-1,-1,125,1,2,YAMAHA GPD,-1,-1,0,-1
2024010550958,2024,010550958,1,3,0,99,99,9,9,99,99,9,9,99,9,99,9,1,6,6,3,32,6,125,1,3,YAMAHA GPD,7,E01002159,0,3
2024010525033,2024,010525033,2,3,0,99,99,9,9,99,99,9,9,99,9,99,1,1,6,6,1,34,6,125,1,2,YAMAHA GPD,4,E01000610,0,2
2024302500185,2024,302500185,2,3,0,-1,5,1,5,-1,0,1,0,0,0,0,2,1,-1,6,1,30,6,125,1,0,YAMAHA GPD,3,E01013455,0,1
2024010524060,2024,010524060,1,3,0,18,19,7,3,0,0,8,0,10,0,0,1,1,6,6,3,-1,-1,125,1,5,YAMAHA GPD,-1,-1,0,-1
2024010537161,2024,010537161,1,3,0,99,99,9,9,99,99,1,9,99,9,99,1,1,1,1,3,41,7,125,1,4,YAMAHA GPD,4,E01003686,0,3
2024010524123,2024,010524123,2,3,0,18,19,3,7,0,0,0,0,0,0,0,1,1,6,6,1,35,6,125,1,0,YAMAHA GPD,3,E01032581,0,2
2024010518663,2024,010518663,2,3,0,99,99,9,9,99,99,0,9,99,9,99,1,1,6,6,3,-1,-1,125,1,1,YAMAHA GPD,9,E01002956,0,1
2024010505765,2024,010505765,1,3,0,99,99,9,9,99,99,9,9,99,9,99,9,1,1,1,1,29,6,125,1,3,YAMAHA GPD,4,E01000171,0,2
2024010545534,2024,010545534,1,3,0,99,99,9,9,99,99,9,9,99,9,99,1,1,1,1,3,30,6,125,1,3,YAMAHA GPD,5,E01000505,0,3
2024201444715,2024,201444715,2,3,0,-1,19,8,4,-1,0,8,0,0,0,0,1,1,-1,6,1,30,6,125,1,0,YAMAHA GPD,1,E01009202,0,1
2024522500262,2024,522500262,1,3,0,3,3,3,7,0,0,0,0,0,0,0,1,1,6,6,1,28,6,125,1,2,YAMAHA GPD,2,E01014574,0,1
2024451394604,2024,451394604,1,3,0,-1,19,6,2,-1,0,1,0,0,0,0,3,1,-1,2,1,22,5,125,1,4,YAMAHA GPD,3,E01030952,0,1
2024010534548,2024,010534548,2,3,9,99,99,9,9,99,99,9,9,99,9,99,9,1,6,6,1,28,6,125,1,4,YAMAHA GPD,3,E01002646,0,2
2024010500396,2024,010500396,1,3,0,99,99,9,9,99,99,9,9,99,9,99,1,1,1,1,3,39,7,125,1,3,YAMAHA GPD,3,E01000553,0,1
2024430319769,2024,430319769,1,3,0,3,3,7,3,0,0,0,0,0,0,0,1,1,1,1,3,31,6,125,1,6,YAMAHA GPD,4,E01017905,0,1
2024010527747,2024,010527747,1,3,0,7,7,6,1,0,0,0,0,0,0,0,4,1,6,6,1,19,4,125,1,3,YAMAHA GPD,3,E01003106,0,1
2024010517686,2024,010517686,2,3,0,18,19,1,5,0,0,8,0,0,0,0,4,1,1,1,2,30,6,125,1,2,YAMAHA GPD,4,E01000171,0,1
2024430480548,2024,430480548,1,3,0,18,19,5,1,0,0,0,0,0,0,0,1,1,1,1,1,26,6,125,1,0,YAMAHA GPD,7,E01017919,0,1
2024010509625,2024,010509625,1,3,0,99,99,9,9,99,99,9,9,99,9,99,9,1,1,1,3,33,6,125,1,1,YAMAHA GPD,8,E01001538,0,3
2024010537843,2024,010537843,1,4,0,18,19,6,2,0,0,8,0,0,0,0,1,1,6,6,1,42,7,125,1,4,YAMAHA GPD,5,E01000560,0,1
2024522402209,2024,522402209,1,3,0,18,19,1,5,0,0,8,0,0,0,0,1,1,6,6,1,20,4,125,1,0,YAMAHA GPD,9,E01014785,0,3
2024430290291,2024,430290291,2,3,0,3,3,1,7,0,0,0,0,0,0,0,1,1,6,6,3,38,7,125,1,0,YAMAHA GPD,9,E01028495,0,2
2024010530843,2024,010530843,2,3,0,18,19,5,1,0,0,2,0,0,0,0,1,1,1,1,1,34,6,125,1,1,YAMAHA GPD,2,E01001202,0,2
2024401524849,2024,401524849,2,4,0,-1,5,7,5,-1,0,1,0,0,0,0,3,1,-1,1,1,23,5,125,1,4,YAMAHA GPD,3,E01015744,0,2
2024010541028,2024,010541028,1,3,0,99,99,9,9,99,99,9,9,99,9,99,2,1,6,6,1,28,6,125,1,4,YAMAHA GPD,3,E01003571,0,2
2024010517095,2024,010517095,1,3,0,18,19,9,9,99,99,0,9,99,9,99,2,1,2,2,1,51,8,125,1,0,YAMAHA GPD,8,E01004506,0,1
2024010545149,2024,010545149,2,3,0,9,9,7,5,0,0,3,0,0,0,0,2,1,1,1,1,27,6,125,1,1,YAMAHA GPD,-1,-1,0,-1
2024481503724,2024,481503724,1,3,0,-1,7,5,7,-1,0,8,0,0,0,0,3,1,-1,9,1,21,5,125,1,5,YAMAHA GPD,-1,-1,0,-1
2024471526892,2024,471526892,2,3,0,-1,19,1,5,-1,2,0,0,0,0,0,3,1,-1,6,2,44,7,125,1,6,YAMAHA GPD,2,E01016949,0,1