collision_index,collision_year,collision_ref_no,vehicle_reference,vehicle_type,towing_and_articulation,vehicle_manoeuvre_historic,vehicle_manoeuvre,vehicle_direction_from,vehicle_direction_to,vehicle_location_restricted_lane_historic,vehicle_location_restricted_lane,junction_location,skidding_and_overturning,hit_object_in_carriageway,vehicle_leaving_carriageway,hit_object_off_carriageway,first_point_of_impact,vehicle_left_hand_drive,journey_purpose_of_driver_historic,journey_purpose_of_driver,sex_of_driver,age_of_driver,age_band_of_driver,engine_capacity_cc,propulsion_code,age_of_vehicle,generic_make_model,driver_imd_decile,lsoa_of_driver,escooter_flag,driver_distance_banding
2024010538300,2024,010538300,1,3,0,18,19,9,9,99,99,9,9,99,9,99,2,1,1,1,1,30,6,125,1,6,YAMAHA GPD,4,E01032639,0,2
2024010532909,2024,010532909,1,3,0,13,13,1,5,0,0,1,0,0,0,0,1,1,1,1,1,34,6,125,1,1,YAMAHA GPD,3,E01034143,0,1
2024010550243,2024,010550243,1,3,0,18,19,4,8,0,0,1,0,0,0,0,1,1,6,6,1,47,8,125,1,7,YAMAHA GPD,4,E01000621,0,2
2024010505739,2024,010505739,1,3,0,99,99,9,9,99,99,9,9,99,9,99,1,1,1,1,3,33,6,125,1,3,YAMAHA GPD,6,E01000174,0,4
2024201536449,2024,201536449,2,3,0,-1,19,1,5,-1,0,8,0,0,0,0,3,1,-1,1,1,35,6,125,1,1,YAMAHA GPD,1,E01009372,0,1
2024010533143,2024,010533143,1,4,0,99,99,9,9,99,99,9,9,99,9,99,1,1,2,2,1,28,6,125,1,1,YAMAHA GPD,4,E01001359,0,2
2024010509292,2024,010509292,2,3,0,18,19,1,5,0,0,1,0,4,0,0,1,1,6,6,1,22,5,125,1,8,YAMAHA GPD,3,E01003605,0,1
2024010497277,2024,010497277,1,3,0,9,9,3,8,0,0,3,0,0,0,0,1,1,1,1,2,25,5,125,1,3,YAMAHA GPD,3,E01001692,0,1
2024411507991,2024,411507991,2,3,0,-1,3,6,2,-1,0,0,0,0,0,0,1,1,-1,1,1,30,6,125,1,0,YAMAHA GPD,5,E01001524,0,2
2024010531108,2024,010531108,1,3,9,99,99,9,9,99,99,9,9,99,9,99,1,1,1,1,1,27,6,125,1,3,YAMAHA GPD,2,E01003511,0,3
2024421513612,2024,421513612,2,3,0,-1,14,7,3,-1,0,0,0,8,0,0,1,1,-1,6,1,18,4,125,1,1,YAMAHA GPD,7,E01023947,0,2
2024010504982,2024,010504982,1,3,0,99,99,9,9,99,99,9,9,99,9,99,9,1,1,1,1,34,6,125,1,3,YAMAHA GPD,2,E01002073,0,1
2024430543685,2024,430543685,2,4,0,2,2,0,0,0,0,0,0,0,0,0,3,1,6,6,1,32,6,125,1,0,YAMAHA GPD,-1,-1,0,-1
2024010527408,2024,010527408,1,3,0,17,19,3,7,0,0,8,0,0,0,0,3,1,6,6,1,36,7,125,1,4,YAMAHA GPD,-1,-1,0,-1
2024010517967,2024,010517967,1,3,0,99,99,9,9,99,99,9,9,99,9,99,1,1,1,1,1,33,6,125,1,2,YAMAHA GPD,2,E01002075,0,1
2024010527724,2024,010527724,1,3,0,99,99,9,9,99,99,0,9,99,9,99,9,1,6,6,1,31,6,125,1,5,YAMAHA GPD,4,E01003769,0,2
2024010523017,2024,010523017,1,3,0,18,19,3,7,0,0,8,0,0,0,0,0,1,1,1,1,41,7,125,1,3,YAMAHA GPD,4,E01003621,0,2
2024010517350,2024,010517350,1,3,0,18,19,5,1,0,0,1,0,0,0,0,1,1,6,6,1,18,4,125,1,5,YAMAHA GPD,5,E01002869,0,1
2024010513992,2024,010513992,1,3,0,99,99,9,9,99,99,9,9,99,9,99,9,1,1,1,1,32,6,125,1,6,YAMAHA GPD,3,E01002105,0,2
2024010527575,2024,010527575,2,3,0,18,19,3,7,0,0,2,0,0,0,0,1,1,2,2,1,23,5,125,1,5,YAMAHA GPD,2,E01003591,0,2
2024010515885,2024,010515885,1,3,0,18,19,7,3,0,0,2,5,0,0,0,1,1,6,6,1,26,6,125,1,1,YAMAHA GPD,9,E01003847,0,1
2024430075712,2024,430075712,1,3,0,8,8,8,2,0,0,1,0,0,0,0,2,1,2,2,1,41,7,125,1,3,YAMAHA GPD,4,E01016462,0,1
2024010516853,2024,010516853,1,3,0,99,99,9,9,99,99,9,9,99,9,99,9,1,1,1,2,30,6,125,1,0,YAMAHA GPD,1,E01002037,0,2
2024430320386,2024,430320386,1,3,0,9,9,4,2,0,0,8,0,0,0,0,4,1,1,1,1,38,7,125,1,1,YAMAHA GPD,5,E01032961,0,1
2024010506844,2024,010506844,1,3,0,99,99,9,9,99,99,0,9,99,9,99,9,1,1,1,1,39,7,125,1,5,YAMAHA GPD,2,E01033875,0,1
2024411502200,2024,411502200,2,3,0,-1,19,2,6,-1,0,8,0,0,0,0,4,1,-1,2,1,28,6,125,1,2,YAMAHA GPD,2,E01001509,0,3
2024531407730,2024,531407730,2,3,0,-1,19,1,5,-1,0,1,0,0,0,0,1,1,-1,9,1,20,4,125,1,3,YAMAHA GPD,3,E01022153,0,1
2024010509328,2024,010509328,2,3,0,18,19,1,5,0,0,0,0,0,0,0,1,1,6,6,1,29,6,125,1,4,YAMAHA GPD,3,E01001143,0,1
2024010547584,2024,010547584,1,3,9,99,99,9,9,99,99,0,9,99,9,99,9,1,1,1,1,24,5,125,1,0,YAMAHA GPD,2,E01004304,0,1
2024010525444,2024,010525444,1,3,0,18,19,3,7,0,0,1,0,0,0,0,1,1,6,6,1,22,5,125,1,5,YAMAHA GPD,2,E01001334,0,2
2024440160829,2024,440160829,1,3,0,18,19,4,8,0,0,1,0,0,0,0,4,1,1,1,1,26,6,125,1,0,YAMAHA GPD,6,E01022669,0,2
2024010548737,2024,010548737,2,3,0,18,19,1,5,0,0,0,0,0,0,0,4,1,2,2,1,53,8,125,1,3,YAMAHA GPD,-1,-1,0,-1
2024010508510,2024,010508510,1,3,0,99,99,9,9,0,0,1,0,0,0,0,9,1,1,1,1,28,6,125,1,0,YAMAHA GPD,4,E01000478,0,3
2024421440477,2024,421440477,1,3,0,-1,15,3,7,-1,0,1,1,0,0,0,1,1,-1,1,1,33,6,125,1,1,YAMAHA GPD,9,E01015845,0,2
2024010510887,2024,010510887,2,3,0,18,19,3,7,0,0,0,0,0,0,0,3,1,6,6,1,24,5,125,1,3,YAMAHA GPD,3,E01035678,0,1
2024010486851,2024,010486851,1,3,0,18,19,5,1,0,0,0,0,0,0,0,1,1,6,6,1,20,4,125,1,2,YAMAHA GPD,3,E01002102,0,1
2024010517260,2024,010517260,1,4,0,13,13,1,5,0,0,8,0,0,0,0,4,1,6,6,1,32,6,125,1,1,YAMAHA GPD,2,E01003509,0,3
2024010498106,2024,010498106,1,3,0,99,99,9,9,99,99,9,9,99,9,99,2,1,1,1,1,35,6,125,1,1,YAMAHA GPD,2,E01003558,0,1
2024010535090,2024,010535090,2,3,0,99,99,9,9,99,99,9,9,99,9,99,9,1,2,2,1,36,7,125,1,3,YAMAHA GPD,3,E01000141,0,1
2024010490722,2024,010490722,1,3,9,99,99,9,9,99,99,9,9,99,9,99,1,1,1,1,2,30,6,125,1,1,YAMAHA GPD,3,E01004435,0,2
2024010522774,2024,010522774,1,3,0,99,99,9,9,99,99,9,9,99,9,99,9,1,1,1,3,20,4,125,1,6,YAMAHA GPD,3,E01001982,0,1
2024010544643,2024,010544643,2,3,0,99,99,9,9,99,99,9,9,99,9,99,0,1,2,2,1,24,5,125,1,0,YAMAHA GPD,3,E01001089,0,2
2024411416848,2024,411416848,2,3,0,-1,19,1,5,-1,0,8,0,0,0,0,3,1,-1,1,2,20,4,125,1,1,YAMAHA GPD,6,E01001408,0,2
2024010549917,2024,010549917,1,3,0,99,99,9,9,99,99,9,9,99,9,99,9,1,6,6,1,23,5,125,1,1,YAMAHA GPD,2,E01001433,0,3
2024440266298,2024,440266298,2,3,0,18,19,2,6,0,0,0,0,0,0,0,2,1,1,1,1,27,6,125,1,5,YAMAHA GPD,8,E01022948,0,2
2024010521496,2024,010521496,1,3,0,99,99,9,9,99,99,0,9,8,9,99,9,1,1,1,1,36,7,125,1,7,YAMAHA GPD,2,E01004244,0,1
2024010516799,2024,010516799,1,2,0,17,19,4,8,0,0,0,0,0,0,0,0,1,1,1,1,32,6,125,1,0,YAMAHA GPD,3,E01003538,0,2
2024010510193,2024,010510193,1,3,0,99,99,9,9,99,99,9,9,99,9,99,9,1,1,1,1,32,6,125,1,2,YAMAHA GPD,9,E01000765,0,2
2024010548584,2024,010548584,1,3,0,99,99,9,9,99,99,9,9,99,9,99,1,1,2,2,1,27,6,125,1,6,YAMAHA GPD,4,E01001087,0,1
2024010509536,2024,010509536,2,3,0,18,19,3,7,0,0,0,0,0,0,0,2,1,6,6,1,23,5,125,1,1,YAMAHA GPD,-1,-1,0,-1
2024010533193,2024,010533193,1,4,0,99,99,9,9,99,99,9,9,99,9,99,1,1,6,6,3,28,6,125,1,3,YAMAHA GPD,2,E01000603,0,1
2024010544674,2024,010544674,1,3,0,18,19,3,7,0,0,6,0,0,0,0,1,1,1,1,1,24,5,125,1,3,YAMAHA GPD,2,E01001634,0,1
2024010502870,2024,010502870,1,3,0,99,99,9,9,99,99,9,9,99,9,99,1,1,1,1,3,43,7,125,1,0,YAMAHA GPD,8,E01000714,0,1
2024010532482,2024,010532482,2,3,0,18,19,9,9,99,99,9,9,99,9,99,1,1,6,6,1,37,7,125,1,4,YAMAHA GPD,2,E01004001,0,2
2024010507493,2024,010507493,1,3,0,99,99,9,9,99,99,9,9,99,9,99,9,1,2,2,1,37,7,125,1,8,YAMAHA GPD,6,E01003227,0,2
2024010548667,2024,010548667,1,3,0,18,19,7,3,0,0,1,0,0,0,0,3,1,6,6,1,24,5,125,1,7,YAMAHA GPD,2,E01001283,0,1
2024010495951,2024,010495951,1,3,0,18,19,1,5,0,0,8,2,0,0,0,1,1,6,6,1,21,5,125,1,4,YAMAHA GPD,3,E01004679,0,1
2024010549192,2024,010549192,2,3,0,18,19,3,7,0,0,1,0,0,0,0,1,1,6,6,2,34,6,125,1,1,YAMAHA GPD,6,E01000174,0,1
2024010544433,2024,010544433,1,3,0,99,99,9,9,99,99,9,9,99,9,99,1,1,2,2,1,24,5,125,1,1,YAMAHA GPD,3,E01001812,0,1
2024010521733,2024,010521733,2,3,0,-1,-1,6,2,0,0,1,0,0,0,0,1,1,6,6,1,17,4,125,1,6,YAMAHA GPD,2,E01003325,0,1
2024340WN4692,2024,340WN4692,1,3,0,-1,9,7,5,-1,0,5,0,0,0,0,3,1,-1,9,1,26,6,125,1,3,YAMAHA GPD,2,E01027155,0,1
2024010548872,2024,010548872,2,3,0,18,19,5,1,0,0,1,0,0,0,0,1,1,6,6,1,23,5,125,1,0,YAMAHA GPD,-1,-1,0,-1
2024451442497,2024,451442497,1,3,0,-1,19,3,7,-1,0,1,0,0,0,0,3,1,-1,1,1,32,6,125,1,2,YAMAHA GPD,10,E01030604,0,1
2024010526919,2024,010526919,2,3,0,18,19,1,5,0,0,0,0,0,0,0,1,1,6,6,1,24,5,125,1,2,YAMAHA GPD,3,E01000007,0,3
2024010530802,2024,010530802,1,3,0,14,14,9,9,99,99,9,9,99,9,99,9,1,1,1,3,36,7,125,1,4,YAMAHA GPD,3,E01000984,0,3
2024010505847,2024,010505847,1,3,0,99,99,9,9,99,99,9,9,99,9,99,1,1,6,6,1,32,6,125,1,2,YAMAHA GPD,5,E01000519,0,4
2024010536856,2024,010536856,2,3,0,13,13,1,5,0,0,1,0,0,0,0,1,1,1,1,1,33,6,125,1,7,YAMAHA GPD,2,E01003577,0,1
2024010530657,2024,010530657,2,3,0,15,15,3,7,9,9,2,0,0,1,10,1,1,1,1,1,33,6,125,1,6,YAMAHA GPD,8,E01033487,0,1
2024010538414,2024,010538414,1,3,0,14,14,7,3,0,0,0,5,8,0,0,4,1,6,6,2,33,6,125,1,0,YAMAHA GPD,3,E01034206,0,3
2024010535366,2024,010535366,2,3,0,4,4,8,4,0,0,2,0,0,0,0,4,1,6,6,1,30,6,125,1,0,YAMAHA GPD,4,E01002079,0,2
2024010512545,2024,010512545,1,3,0,99,99,9,9,99,99,9,9,99,9,99,9,1,1,1,3,41,7,125,1,2,YAMAHA GPD,4,E01004128,0,1
2024010544413,2024,010544413,1,3,0,99,99,9,9,99,99,9,9,99,9,99,9,1,1,1,3,29,6,125,1,8,YAMAHA GPD,6,E01000174,0,1
2024010499942,2024,010499942,1,3,0,99,99,9,9,99,99,9,9,99,9,99,9,1,1,1,3,29,6,125,1,0,YAMAHA GPD,2,E01001515,0,3
2024010500777,2024,010500777,1,3,0,18,19,9,9,99,99,9,9,99,9,99,9,1,6,6,3,42,7,125,1,1,YAMAHA GPD,1,E01002040,0,3
2024430127635,2024,430127635,1,3,0,18,19,3,7,0,0,8,0,0,0,0,4,1,2,2,2,27,6,125,1,1,YAMAHA GPD,7,E01016355,0,3
2024010500060,2024,010500060,1,3,0,99,99,9,9,99,99,9,9,99,9,99,9,1,6,6,3,32,6,125,1,5,YAMAHA GPD,5,E01000747,0,4
2024421535136,2024,421535136,1,3,0,-1,19,2,7,-1,0,2,0,0,0,0,1,1,-1,6,1,19,4,125,1,3,YAMAHA GPD,3,E01021823,0,1
2024010506692,2024,010506692,1,3,0,9,9,5,3,0,0,1,0,0,0,0,2,1,6,6,2,30,6,125,1,0,YAMAHA GPD,4,E01000565,0,2
2024010499210,2024,010499210,2,4,0,5,5,5,1,0,0,1,1,0,3,0,3,1,6,6,1,30,6,125,1,2,YAMAHA GPD,3,E01004575,0,2
2024201432309,2024,201432309,2,3,0,-1,19,2,6,-1,0,2,0,0,0,0,2,1,-1,6,1,20,4,125,1,2,YAMAHA GPD,3,E01008986,0,2
2024010559015,2024,010559015,1,3,0,99,99,9,9,99,99,9,9,99,9,99,2,1,1,1,1,26,6,125,1,0,YAMAHA GPD,7,E01033463,0,1
2024010540005,2024,010540005,1,3,0,99,99,9,9,99,99,9,9,99,9,99,9,1,1,1,1,28,6,125,1,2,YAMAHA GPD,1,E01000596,0,1
2024440415345,2024,440415345,2,3,0,18,19,7,3,0,0,4,0,0,0,0,3,1,6,6,1,28,6,125,1,0,YAMAHA GPD,5,E01017043,0,1
2024010514965,2024,010514965,1,3,0,18,19,5,1,0,0,2,0,0,0,0,3,1,6,6,1,27,6,125,1,4,YAMAHA GPD,2,E01003507,0,1
2024010545083,2024,010545083,1,4,0,9,9,2,8,0,0,2,1,4,0,0,0,1,6,6,1,18,4,125,1,1,YAMAHA GPD,6,E01001040,0,3
2024401541362,2024,401541362,2,3,0,-1,19,7,3,-1,0,0,0,99,0,0,1,1,-1,6,1,24,5,125,1,4,YAMAHA GPD,2,E01017474,0,1
2024010505498,2024,010505498,2,3,0,18,19,3,7,0,0,6,0,0,0,0,1,1,1,1,1,31,6,125,1,3,YAMAHA GPD,3,E01001116,0,2
2024010500886,2024,010500886,1,3,0,99,99,9,9,99,99,9,9,99,9,99,9,1,1,1,1,23,5,125,1,4,YAMAHA GPD,3,E01033943,0,1
2024010546017,2024,010546017,2,2,0,4,4,3,7,0,0,1,0,0,0,0,1,1,6,6,1,38,7,125,1,3,YAMAHA GPD,3,E01024396,0,4
2024010505953,2024,010505953,1,3,0,99,99,9,9,99,99,9,9,99,9,99,9,1,1,1,3,22,5,125,1,1,YAMAHA GPD,3,E01001645,0,2
2024461511145,2024,461511145,2,3,0,-1,19,5,1,-1,0,0,2,0,0,0,0,1,-1,6,1,42,7,125,1,0,YAMAHA GPD,4,E01024293,0,1
2024010504240,2024,010504240,1,3,0,18,19,2,6,0,0,0,0,0,0,0,1,1,1,1,2,44,7,125,1,1,YAMAHA GPD,5,E01032742,0,1
2024401517839,2024,401517839,2,3,-1,-1,-1,-1,-1,-1,-1,-1,-1,-1,-1,0,4,1,-1,1,1,23,5,125,1,1,YAMAHA GPD,3,E01015730,0,1
2024201430426,2024,201430426,2,4,0,-1,19,7,3,-1,0,8,1,0,0,0,1,1,-1,6,1,38,7,125,1,3,YAMAHA GPD,2,E01009782,0,1
2024010503460,2024,010503460,1,3,0,3,3,9,9,99,99,9,9,99,9,99,9,1,1,1,1,39,7,125,1,3,YAMAHA GPD,4,E01004302,0,1
2024010510997,2024,010510997,1,3,0,99,99,9,9,99,99,9,9,99,9,99,9,1,2,2,1,29,6,125,1,3,YAMAHA GPD,3,E01033933,0,3
2024010516205,2024,010516205,2,3,0,18,19,1,5,0,0,1,0,0,0,0,1,1,6,6,1,21,5,125,1,3,YAMAHA GPD,3,E01000506,0,1
2024430197003,2024,430197003,1,3,0,6,6,1,1,0,0,8,0,0,0,0,4,1,2,2,2,36,7,125,1,1,YAMAHA GPD,8,E01028547,0,4
2024010507486,2024,010507486,1,3,0,99,99,9,9,99,99,9,9,99,9,99,9,1,2,2,1,31,6,125,1,3,YAMAHA GPD,3,E01003521,0,1
2024010517586,2024,010517586,2,3,0,15,15,7,3,0,0,1,0,0,0,0,1,1,6,6,1,17,4,125,1,3,YAMAHA GPD,4,E01000933,0,1
2024010519749,2024,010519749,1,3,0,5,5,7,3,0,0,2,0,0,0,0,1,1,1,1,2,45,7,125,1,1,YAMAHA GPD,2,E01004615,0,1
2024451404820,2024,451404820,1,3,9,-1,19,5,1,-1,0,4,0,0,0,0,3,1,-1,9,1,20,4,125,1,1,YAMAHA GPD,9,E01030760,0,1
2024010549484,2024,010549484,1,3,0,99,99,9,9,99,99,2,9,99,9,99,1,1,2,2,1,25,5,125,1,3,YAMAHA GPD,3,E01033100,0,1
2024440357098,2024,440357098,1,3,0,18,19,8,4,0,0,0,0,0,0,0,4,1,6,6,2,31,6,125,1,1,YAMAHA GPD,7,E01022679,0,1
2024010512267,2024,010512267,2,3,0,15,15,3,7,0,0,1,0,0,0,0,1,1,6,6,1,23,5,125,1,1,YAMAHA GPD,4,E01001321,0,1
2024010504043,2024,010504043,1,3,0,99,99,9,9,99,99,9,9,99,9,99,1,1,6,6,1,25,5,125,1,3,YAMAHA GPD,3,E01001175,0,4
2024010503818,2024,010503818,1,2,0,18,19,4,8,0,0,1,0,0,0,0,1,1,6,6,1,17,4,125,1,4,YAMAHA GPD,3,E01003135,0,1
2024010499233,2024,010499233,1,3,0,18,19,1,5,0,0,1,1,10,1,0,1,1,6,6,1,16,4,125,1,7,YAMAHA GPD,7,E01001401,0,1
2024451506935,2024,451506935,1,3,0,-1,9,5,1,-1,0,8,0,0,0,0,1,1,-1,9,1,35,6,125,1,6,YAMAHA GPD,4,E01016514,0,4
2024010520812,2024,010520812,1,3,0,99,99,9,9,99,99,9,9,99,9,99,9,1,1,1,1,50,8,125,1,1,YAMAHA GPD,2,E01032787,0,2
2024010538807,2024,010538807,2,3,0,5,5,5,1,0,0,8,0,0,0,0,2,1,6,6,1,38,7,125,1,0,YAMAHA GPD,6,E01021435,0,3
2024010523897,2024,010523897,2,2,0,13,13,2,6,0,0,8,0,0,0,0,1,1,6,6,1,23,5,125,1,7,YAMAHA GPD,2,E01003207,0,3
2024010547162,2024,010547162,1,3,0,18,19,1,5,0,0,8,0,0,0,0,1,1,6,6,1,19,4,125,1,2,YAMAHA GPD,-1,-1,0,-1
2024430100640,2024,430100640,1,3,0,17,19,7,4,0,0,0,0,0,0,0,1,1,6,6,1,35,6,125,1,3,YAMAHA GPD,7,E01002982,0,4
2024010546458,2024,010546458,2,3,0,18,19,3,7,0,0,1,0,0,0,0,1,1,1,1,1,42,7,125,1,4,YAMAHA GPD,7,E01000492,0,1
2024010499895,2024,010499895,1,3,0,99,99,9,9,99,99,9,9,99,9,99,9,1,2,2,3,27,6,125,1,1,YAMAHA GPD,3,E01001969,0,1
2024010544219,2024,010544219,1,3,0,18,19,7,3,0,0,8,0,11,0,0,1,1,2,2,1,19,4,125,1,5,YAMAHA GPD,8,E01004072,0,1
2024010513841,2024,010513841,2,3,0,18,19,7,3,0,0,1,0,0,0,0,4,1,6,6,1,21,5,125,1,4,YAMAHA GPD,2,E01004757,0,1
2024010541337,2024,010541337,1,3,0,18,19,5,1,0,0,0,0,0,0,0,2,1,1,1,1,35,6,125,1,0,YAMAHA GPD,3,E01001113,0,1
2024010520904,2024,010520904,1,3,0,18,19,3,7,0,0,0,0,0,0,0,0,1,6,6,1,30,6,125,1,2,YAMAHA GPD,3,E01035670,0,1
2024010535657,2024,010535657,1,3,9,99,99,9,9,99,99,1,0,99,9,99,9,1,1,1,3,25,5,125,1,2,YAMAHA GPD,5,E01021443,0,4
2024010506464,2024,010506464,1,3,0,18,19,9,9,99,99,0,9,99,9,99,9,1,1,1,1,32,6,125,1,0,YAMAHA GPD,6,E01003149,0,1
2024010508840,2024,010508840,2,3,9,99,99,9,9,99,99,9,9,99,9,99,2,1,6,6,3,-1,-1,125,1,0,YAMAHA GPD,-1,-1,0,-1
2024010510186,2024,010510186,1,3,0,99,99,9,9,99,99,9,9,99,9,99,2,1,6,6,1,22,5,125,1,3,YAMAHA GPD,3,E01003569,0,1
2024010535722,2024,010535722,2,3,0,18,19,5,1,0,0,8,0,0,0,0,3,1,6,6,2,27,6,125,1,8,YAMAHA GPD,6,E01002639,0,2
2024522500377,2024,522500377,2,3,0,18,19,2,6,0,0,8,0,0,0,0,1,1,6,6,1,48,8,125,1,3,YAMAHA GPD,1,E01014655,0,1
2024010523966,2024,010523966,1,3,0,99,99,9,9,99,99,9,9,99,9,99,9,1,1,1,1,50,8,125,1,3,YAMAHA GPD,2,E01001487,0,3
2024010549301,2024,010549301,2,3,0,9,9,3,1,0,0,5,0,0,0,0,1,1,1,1,1,26,6,125,1,3,YAMAHA GPD,3,E01003525,0,2
2024552400513,2024,552400513,2,3,0,18,19,8,4,0,0,0,0,0,0,0,3,1,1,1,1,37,7,125,1,3,YAMAHA GPD,1,E01015288,0,1
2024430327253,2024,430327253,1,3,0,3,3,2,6,0,0,1,0,0,0,0,1,1,1,1,1,40,7,125,1,4,YAMAHA GPD,4,E01017837,0,1
2024010502517,2024,010502517,1,3,0,18,19,2,6,0,0,0,0,4,0,0,1,1,6,6,1,18,4,125,1,1,YAMAHA GPD,4,E01004336,0,1
2024010525159,2024,010525159,1,3,0,17,19,1,5,0,0,1,1,0,1,0,4,1,2,2,1,43,7,125,1,1,YAMAHA GPD,-1,-1,0,-1
2024010503842,2024,010503842,1,3,0,99,99,9,9,99,99,9,9,99,9,99,1,1,6,6,1,33,6,125,1,7,YAMAHA GPD,3,E01003088,0,3
2024010498616,2024,010498616,1,3,9,99,99,9,9,99,99,9,9,99,9,99,9,1,1,1,1,31,6,125,1,1,YAMAHA GPD,5,E01001659,0,1
2024010545490,2024,010545490,1,3,0,18,19,7,3,0,0,1,0,0,0,0,1,1,6,6,1,21,5,125,1,6,YAMAHA GPD,2,E01004674,0,2
2024010548431,2024,010548431,1,3,0,99,99,9,9,99,99,9,9,99,9,99,9,1,6,6,3,30,6,125,1,0,YAMAHA GPD,1,E01002071,0,1
2024010547623,2024,010547623,2,3,0,18,19,1,5,0,0,1,0,0,0,0,4,1,6,6,1,22,5,125,1,2,YAMAHA GPD,5,E01033741,0,2
2024010553416,2024,010553416,1,3,0,99,99,9,9,99,99,9,9,99,9,99,2,1,1,1,1,43,7,125,1,6,YAMAHA GPD,3,E01033601,0,1
2024010508536,2024,010508536,2,3,0,13,13,5,1,0,0,1,0,0,0,0,1,1,6,6,1,30,6,125,1,5,YAMAHA GPD,8,E01000314,0,2
2024552400812,2024,552400812,2,3,0,4,4,8,4,0,0,8,0,0,0,0,2,1,6,6,1,43,7,125,1,3,YAMAHA GPD,4,E01015328,0,1
2024010535209,2024,010535209,1,3,0,99,99,9,9,99,99,9,9,99,9,99,2,1,1,1,1,23,5,125,1,2,YAMAHA GPD,2,E01003267,0,1
2024010535405,2024,010535405,1,3,0,99,99,9,9,99,99,9,9,99,9,99,1,1,1,1,1,32,6,125,1,1,YAMAHA GPD,4,E01017837,0,4
2024010520240,2024,010520240,2,3,0,9,9,7,5,0,0,1,0,0,0,0,2,1,6,6,1,31,6,125,1,3,YAMAHA GPD,4,E01001704,0,1
2024010538736,2024,010538736,1,3,0,99,99,9,9,99,99,9,9,99,9,99,9,1,1,1,3,44,7,125,1,2,YAMAHA GPD,3,E01003183,0,2
2024010512151,2024,010512151,2,2,0,18,19,5,1,0,0,8,2,0,0,0,1,1,2,2,2,41,7,125,1,3,YAMAHA GPD,3,E01001578,0,1
2024010499841,2024,010499841,2,3,0,15,15,5,1,0,0,1,5,0,1,2,1,1,2,2,1,24,5,125,1,5,YAMAHA GPD,4,E01001934,0,2
2024010525523,2024,010525523,1,3,0,99,99,9,9,99,99,9,9,99,9,99,9,1,1,1,3,30,6,125,1,3,YAMAHA GPD,3,E01001982,0,2
2024010497494,2024,010497494,1,3,0,18,19,5,1,0,0,8,1,0,0,0,3,1,2,2,1,46,8,125,1,6,YAMAHA GPD,3,E01033601,0,1
2024010506316,2024,010506316,1,3,0,99,99,9,9,99,99,9,9,99,9,99,9,1,1,1,1,27,6,125,1,1,YAMAHA GPD,1,E01002071,0,2
2024471531265,2024,471531265,2,3,0,-1,14,7,3,-1,0,1,0,0,0,0,4,1,-1,6,1,39,7,125,1,2,YAMAHA GPD,3,E01016921,0,1
2024552401361,2024,552401361,2,2,0,9,9,5,4,0,0,6,0,0,0,0,3,1,6,6,1,35,6,125,1,1,YAMAHA GPD,7,E01015376,0,1
2024010522999,2024,010522999,2,4,0,99,99,9,9,99,99,9,9,99,9,99,1,1,6,6,1,-1,-1,125,1,3,YAMAHA GPD,5,E01032741,0,2
2024101496397,2024,101496397,1,3,0,-1,19,3,7,-1,0,0,5,0,1,0,1,1,-1,6,1,23,5,125,1,0,YAMAHA GPD,10,E01027357,0,4
2024010548667,2024,010548667,2,3,0,9,9,5,3,0,0,6,0,0,0,0,1,1,6,6,1,24,5,125,1,0,YAMAHA GPD,5,E01002546,0,1
2024010512297,2024,010512297,1,3,0,18,19,5,1,0,0,3,0,0,0,0,3,1,6,6,1,22,5,125,1,8,YAMAHA GPD,3,E01003926,0,1
2024501419179,2024,501419179,2,3,0,-1,19,5,1,-1,0,1,0,0,0,0,4,1,-1,9,2,32,6,125,1,2,YAMAHA GPD,1,E01015044,0,1
2024440439647,2024,440439647,2,3,0,1,1,6,8,0,0,1,0,0,0,0,1,1,1,1,1,34,6,125,1,7,YAMAHA GPD,-1,-1,0,-1
2024010512530,2024,010512530,1,3,0,99,99,9,9,99,99,1,9,99,9,99,9,1,6,6,3,31,6,125,1,2,YAMAHA GPD,7,E01004108,0,2
2024421397869,2024,421397869,1,3,0,-1,7,3,4,-1,0,6,0,0,0,0,4,1,-1,6,1,25,5,125,1,3,YAMAHA GPD,8,E01028562,0,4
2024401438676,2024,401438676,1,3,-1,-1,19,3,1,-1,0,4,2,0,0,0,-1,1,-1,6,1,33,6,125,1,2,YAMAHA GPD,7,E01017510,0,1
2024010498187,2024,010498187,1,3,0,18,19,5,1,0,0,1,0,0,0,0,1,1,1,1,1,20,4,125,1,3,YAMAHA GPD,-1,-1,0,-1