collision_index,collision_year,collision_ref_no,vehicle_reference,vehicle_type,towing_and_articulation,vehicle_manoeuvre_historic,vehicle_manoeuvre,vehicle_direction_from,vehicle_direction_to,vehicle_location_restricted_lane_historic,vehicle_location_restricted_lane,junction_location,skidding_and_overturning,hit_object_in_carriageway,vehicle_leaving_carriageway,hit_object_off_carriageway,first_point_of_impact,vehicle_left_hand_drive,journey_purpose_of_driver_historic,journey_purpose_of_driver,sex_of_driver,age_of_driver,age_band_of_driver,engine_capacity_cc,propulsion_code,age_of_vehicle,generic_make_model,driver_imd_decile,lsoa_of_driver,escooter_flag,driver_distance_banding
2024010535598,2024,010535598,1,3,0,17,19,3,7,0,0,4,0,0,0,0,4,1,6,6,1,31,6,125,1,3,YAMAHA GPD,7,E01003691,0,3
2024010487620,2024,010487620,1,3,0,18,19,1,5,0,0,0,5,0,0,0,1,1,1,1,1,35,6,125,1,3,YAMAHA GPD,-1,-1,0,-1
2024010499923,2024,010499923,1,3,0,18,19,9,9,99,99,9,9,99,9,99,9,1,6,6,3,40,7,125,1,2,YAMAHA GPD,2,E01033485,0,2
2024010519145,2024,010519145,1,3,0,18,19,1,5,0,0,1,0,0,0,0,3,1,6,6,1,24,5,125,1,1,YAMAHA GPD,3,E01001089,0,2
2024010534508,2024,010534508,1,3,0,99,99,9,9,99,99,9,9,99,9,99,9,1,1,1,1,32,6,125,1,5,YAMAHA GPD,3,E01033893,0,5
2024451457658,2024,451457658,1,3,0,-1,3,8,4,-1,0,1,5,0,0,0,1,1,-1,2,2,30,6,125,1,1,YAMAHA GPD,7,E01004108,0,1
2024010517968,2024,010517968,1,3,0,99,99,9,9,99,99,9,9,99,9,99,1,1,1,1,1,30,6,125,1,1,YAMAHA GPD,2,E01001878,0,1
2024010501769,2024,010501769,1,3,0,99,99,9,9,99,99,9,9,99,9,99,9,1,2,2,3,41,7,125,1,3,YAMAHA GPD,1,E01003318,0,2
2024010539674,2024,010539674,1,3,9,99,99,9,9,99,99,9,9,99,9,99,1,1,1,1,1,34,6,125,1,3,YAMAHA GPD,3,E01003521,0,3
2024010542424,2024,010542424,1,3,0,3,3,9,9,99,99,0,9,99,9,99,2,1,1,1,1,29,6,125,1,4,YAMAHA GPD,4,E01003543,0,1
2024010508969,2024,010508969,1,3,0,99,99,9,9,99,99,9,9,99,9,99,1,1,1,1,3,29,6,125,1,0,YAMAHA GPD,1,E01002095,0,1
2024010536148,2024,010536148,2,3,0,18,19,3,7,0,0,8,2,0,0,0,1,1,1,1,1,35,6,125,1,0,YAMAHA GPD,-1,-1,0,-1
2024010491353,2024,010491353,1,3,0,13,13,8,4,0,0,1,0,0,0,0,1,1,6,6,1,29,6,125,1,1,YAMAHA GPD,2,E01034148,0,1
2024010521483,2024,010521483,1,3,0,18,19,1,5,0,0,2,0,0,0,0,4,1,6,6,1,20,4,125,1,8,YAMAHA GPD,4,E01003145,0,1
2024010517788,2024,010517788,2,3,0,18,19,1,5,0,0,1,0,0,0,0,2,1,1,1,1,30,6,125,1,1,YAMAHA GPD,3,E01000506,0,1
2024010536774,2024,010536774,1,2,0,5,5,5,1,0,0,2,0,10,1,0,2,1,6,6,1,22,5,125,1,5,YAMAHA GPD,2,E01000934,0,2
2024010549530,2024,010549530,1,3,0,99,99,9,9,99,99,9,9,99,9,99,9,1,1,1,1,35,6,125,1,3,YAMAHA GPD,3,E01001692,0,4
2024411452861,2024,411452861,2,3,0,-1,19,4,8,-1,0,8,0,0,0,0,1,1,-1,1,1,36,7,125,1,3,YAMAHA GPD,6,E01035580,0,1
2024010528810,2024,010528810,1,3,0,18,19,7,3,0,0,8,2,0,1,11,1,1,6,6,1,24,5,125,1,3,YAMAHA GPD,3,E01035675,0,2
2024010500295,2024,010500295,1,3,0,99,99,9,9,99,99,9,9,99,9,99,2,1,1,1,1,24,5,125,1,6,YAMAHA GPD,1,E01003506,0,1
2024401541943,2024,401541943,5,3,0,-1,4,4,8,-1,0,0,0,0,0,0,2,1,-1,6,1,18,4,125,1,0,YAMAHA GPD,7,E01033828,0,3
2024010542804,2024,010542804,2,3,0,99,99,9,9,99,99,1,9,99,9,99,9,1,1,1,3,22,5,125,1,2,YAMAHA GPD,3,E01002045,0,2
2024010504687,2024,010504687,1,3,0,99,99,9,9,99,99,9,9,99,9,99,1,1,6,6,3,-1,-1,125,1,3,YAMAHA GPD,-1,-1,0,-1
2024351462519,2024,351462519,1,3,0,-1,13,4,8,-1,0,1,0,0,0,0,1,1,-1,6,1,21,5,125,1,7,YAMAHA GPD,3,E01017978,0,1
2024010537616,2024,010537616,1,3,0,14,14,3,7,0,0,8,0,0,1,0,4,1,6,6,1,36,7,125,1,3,YAMAHA GPD,4,E01001463,0,1
2024010505579,2024,010505579,1,3,0,99,99,9,9,99,99,9,9,99,9,99,9,1,1,1,3,23,5,125,1,4,YAMAHA GPD,3,E01033943,0,4
2024010498099,2024,010498099,1,3,0,99,99,9,9,99,99,9,9,99,9,99,9,1,1,1,3,40,7,125,1,1,YAMAHA GPD,3,E01021291,0,4
2024010499340,2024,010499340,1,3,0,99,99,9,9,99,99,9,9,99,9,99,9,1,2,2,1,31,6,125,1,3,YAMAHA GPD,3,E01001548,0,1
2024010508166,2024,010508166,1,3,0,18,19,3,7,0,0,0,0,0,0,0,1,1,6,6,1,19,4,125,1,3,YAMAHA GPD,3,E01000062,0,3
2024010525590,2024,010525590,2,3,0,12,12,5,1,0,0,0,0,0,0,0,2,1,2,2,1,29,6,125,1,1,YAMAHA GPD,4,E01004342,0,3
2024010514274,2024,010514274,2,3,0,5,5,3,7,0,0,0,0,0,0,0,2,1,1,1,1,31,6,125,1,6,YAMAHA GPD,3,E01003523,0,3
2024010519367,2024,010519367,1,3,0,18,19,9,9,99,99,9,9,99,9,99,1,1,1,1,1,30,6,125,1,6,YAMAHA GPD,1,E01000596,0,2
2024361432761,2024,361432761,2,3,0,-1,19,7,3,-1,0,0,0,0,0,0,2,1,-1,1,1,32,6,125,1,4,YAMAHA GPD,4,E01035137,0,1
2024010503331,2024,010503331,1,3,0,18,19,3,7,0,0,8,0,0,0,0,1,1,6,6,2,21,5,125,1,6,YAMAHA GPD,-1,-1,0,-1
2024010526999,2024,010526999,2,3,0,13,13,7,3,0,0,5,1,0,0,0,1,1,1,1,1,28,6,125,1,1,YAMAHA GPD,4,E01004525,0,1
2024010517693,2024,010517693,2,4,0,99,99,9,9,0,0,0,0,0,0,0,1,1,6,6,3,-1,-1,125,1,3,YAMAHA GPD,-1,-1,0,-1
2024010517887,2024,010517887,2,2,0,5,5,9,9,99,99,0,9,99,9,99,9,1,6,6,3,-1,-1,125,1,3,YAMAHA GPD,-1,-1,0,-1
2024010549268,2024,010549268,1,3,0,13,13,4,8,0,0,0,2,10,7,2,3,1,6,6,1,42,7,125,1,6,YAMAHA GPD,3,E01000535,0,1
2024010507212,2024,010507212,1,3,0,18,19,5,1,0,0,0,0,0,0,0,1,1,6,6,3,-1,-1,125,1,6,YAMAHA GPD,-1,-1,0,-1
2024010507381,2024,010507381,1,3,0,99,99,9,9,99,99,9,9,99,9,99,9,1,1,1,1,24,5,125,1,3,YAMAHA GPD,3,E01033591,0,2
2024401471253,2024,401471253,1,3,0,-1,15,8,4,-1,0,2,2,0,0,0,1,1,-1,6,3,-1,-1,125,1,6,YAMAHA GPD,-1,-1,0,-1
2024471405774,2024,471405774,2,3,0,-1,19,1,5,-1,0,1,0,0,0,0,1,1,-1,1,1,23,5,125,1,7,YAMAHA GPD,6,E01016957,0,1
2024421504302,2024,421504302,2,3,0,-1,4,1,5,-1,0,0,0,0,0,0,2,1,-1,6,1,33,6,125,1,1,YAMAHA GPD,3,E01021260,0,4
2024010523121,2024,010523121,1,3,9,99,99,9,9,99,99,9,9,99,9,99,1,1,6,6,3,-1,-1,125,1,3,YAMAHA GPD,3,E01000545,0,4
2024010525481,2024,010525481,1,3,0,99,99,9,9,99,99,9,9,99,9,99,9,1,1,1,3,20,4,125,1,3,YAMAHA GPD,4,E01001459,0,2
2024010531624,2024,010531624,2,3,0,7,7,7,8,0,0,6,0,0,0,0,4,1,1,1,1,21,5,125,1,6,YAMAHA GPD,3,E01001969,0,2
2024010524649,2024,010524649,1,3,0,99,99,9,9,99,99,9,9,99,9,99,1,1,1,1,1,36,7,125,1,3,YAMAHA GPD,3,E01003120,0,2
2024010508444,2024,010508444,1,3,0,18,19,5,1,2,2,1,0,0,0,0,1,1,6,6,2,25,5,125,1,3,YAMAHA GPD,3,E01001446,0,3
2024010524604,2024,010524604,2,3,0,99,99,9,9,99,99,9,9,99,9,99,1,1,6,6,3,-1,-1,125,1,5,YAMAHA GPD,-1,-1,0,-1
2024010497596,2024,010497596,1,3,0,7,7,5,7,0,0,1,0,0,0,0,1,1,6,6,2,28,6,125,1,0,YAMAHA GPD,-1,-1,0,-1
2024010538730,2024,010538730,1,3,0,18,19,3,7,0,0,6,0,0,0,0,1,1,2,2,1,23,5,125,1,3,YAMAHA GPD,8,E01002372,0,2
2024451435615,2024,451435615,1,3,0,-1,19,8,4,-1,0,1,5,0,0,0,3,1,-1,1,1,20,4,125,1,1,YAMAHA GPD,7,E01034294,0,1
2024010516949,2024,010516949,3,3,0,4,4,1,5,0,0,1,2,0,1,0,2,1,6,6,1,40,7,125,1,3,YAMAHA GPD,2,E01002735,0,1
2024010511693,2024,010511693,1,3,0,99,99,9,9,99,99,9,9,99,9,99,9,1,2,2,1,31,6,125,1,1,YAMAHA GPD,3,E01002049,0,2
2024010547251,2024,010547251,1,3,9,99,99,9,9,99,99,9,9,99,9,99,1,1,1,1,1,36,7,125,1,0,YAMAHA GPD,4,E01002057,0,1
2024451460160,2024,451460160,2,3,0,-1,19,7,3,-1,0,1,0,0,0,0,2,1,-1,1,1,44,7,125,1,2,YAMAHA GPD,10,E01030930,0,1
2024010522254,2024,010522254,2,3,0,99,99,9,9,99,99,1,9,99,9,99,9,1,2,2,1,40,7,125,1,7,YAMAHA GPD,4,E01004525,0,2
2024010510887,2024,010510887,1,3,0,11,11,3,7,0,0,0,0,0,0,0,4,1,6,6,1,25,5,125,1,5,YAMAHA GPD,3,E01002345,0,3
2024421442609,2024,421442609,2,3,0,-1,3,7,-1,-1,0,3,0,0,0,0,2,1,-1,2,1,29,6,125,1,3,YAMAHA GPD,3,E01021245,0,3
2024010530872,2024,010530872,2,3,0,9,9,3,1,0,0,8,0,0,0,0,3,1,6,6,1,39,7,125,1,8,YAMAHA GPD,2,E01000019,0,1
2024010498955,2024,010498955,1,3,0,99,99,9,9,99,99,1,9,99,9,99,9,1,6,6,1,25,5,125,1,1,YAMAHA GPD,4,E01035686,0,1
2024141546507,2024,141546507,1,3,0,-1,19,5,1,-1,0,0,0,0,0,0,1,1,-1,2,1,23,5,125,1,8,YAMAHA GPD,1,E01033277,0,1
2024451518268,2024,451518268,2,3,0,-1,19,3,7,-1,0,8,5,0,0,0,4,1,-1,1,1,25,5,125,1,2,YAMAHA GPD,4,E01023120,0,2
2024010538401,2024,010538401,3,2,0,13,13,5,1,0,0,1,2,0,0,0,3,1,1,1,1,34,6,125,1,7,YAMAHA GPD,6,E01000746,0,2
2024010502916,2024,010502916,1,3,0,99,99,9,9,99,99,9,9,99,9,99,9,1,1,1,3,21,5,125,1,4,YAMAHA GPD,2,E01001558,0,1
2024010509105,2024,010509105,2,3,0,18,19,3,7,0,0,8,0,0,0,0,1,1,6,6,1,23,5,125,1,2,YAMAHA GPD,2,E01003087,0,1
2024010510185,2024,010510185,1,3,0,99,99,9,9,99,99,1,9,99,9,99,9,1,1,1,3,26,6,125,1,3,YAMAHA GPD,5,E01000996,0,1
2024010500427,2024,010500427,1,3,0,10,10,7,5,0,0,1,0,0,0,0,1,1,1,1,1,23,5,125,1,9,YAMAHA GPD,2,E01021322,0,4
2024010502162,2024,010502162,1,3,0,99,99,9,9,99,99,9,9,99,9,99,9,1,1,1,3,31,6,125,1,1,YAMAHA GPD,5,E01001686,0,3
2024411441205,2024,411441205,1,3,0,-1,19,5,1,-1,0,1,0,0,0,0,1,1,-1,6,1,30,6,125,1,1,YAMAHA GPD,7,E01023347,0,2
2024010524340,2024,010524340,1,4,0,16,19,1,5,0,0,1,0,8,0,0,4,1,2,2,1,21,5,125,1,0,YAMAHA GPD,6,E01002123,0,3
2024010546176,2024,010546176,1,3,0,99,99,9,9,99,99,9,9,99,9,99,9,1,1,1,3,30,6,125,1,2,YAMAHA GPD,4,E01002749,0,1
2024010507958,2024,010507958,1,3,0,99,99,9,9,99,99,9,9,99,9,99,1,1,1,1,2,44,7,125,1,3,YAMAHA GPD,2,E01000544,0,1
2024010517582,2024,010517582,2,3,0,18,19,7,3,0,0,0,0,0,0,0,1,1,6,6,1,41,7,125,1,1,YAMAHA GPD,6,E01002200,0,1
2024010520650,2024,010520650,2,3,0,14,14,1,5,1,1,1,0,0,0,0,4,1,6,6,2,29,6,125,1,1,YAMAHA GPD,4,E01001618,0,2
2024010529798,2024,010529798,2,3,0,4,4,7,3,0,0,0,0,0,0,0,2,1,6,6,1,25,5,125,1,4,YAMAHA GPD,1,E01002081,0,1
2024010543486,2024,010543486,1,3,0,18,19,3,7,2,2,1,5,0,0,0,3,1,1,1,1,38,7,125,1,3,YAMAHA GPD,4,E01002847,0,1
2024010536275,2024,010536275,1,3,0,18,19,3,7,0,0,8,1,0,0,0,1,1,1,1,1,45,7,125,1,9,YAMAHA GPD,5,E01004375,0,1
2024430482223,2024,430482223,1,3,0,3,3,6,2,0,0,0,0,0,0,0,2,1,1,1,1,47,8,125,1,2,YAMAHA GPD,6,E01033418,0,2
2024010546098,2024,010546098,1,3,0,99,99,9,9,99,99,2,9,99,9,99,9,1,1,1,3,39,7,125,1,0,YAMAHA GPD,5,E01001615,0,2
2024010531568,2024,010531568,1,3,0,99,99,9,9,99,99,9,9,99,9,99,9,1,2,2,1,32,6,125,1,1,YAMAHA GPD,4,E01023333,0,1
2024010512051,2024,010512051,1,3,0,18,19,5,1,0,0,1,0,0,0,0,3,1,1,1,1,25,5,125,1,1,YAMAHA GPD,3,E01004271,0,2
2024451447064,2024,451447064,2,3,0,-1,13,1,5,-1,0,1,0,0,0,0,1,1,-1,2,1,26,6,125,1,7,YAMAHA GPD,7,E01030660,0,1
2024010534690,2024,010534690,1,3,0,4,4,3,7,0,0,1,5,0,0,0,1,1,6,6,1,43,7,125,1,3,YAMAHA GPD,5,E01000401,0,1
2024010534692,2024,010534692,1,3,0,14,14,7,3,0,0,1,0,0,0,0,4,1,6,6,1,29,6,125,1,3,YAMAHA GPD,2,E01003066,0,1
2024010540960,2024,010540960,1,3,0,7,7,3,5,0,0,1,0,0,0,0,2,1,2,2,1,17,4,125,1,4,YAMAHA GPD,3,E01002243,0,1
2024010531804,2024,010531804,1,3,0,99,99,9,9,99,99,9,9,99,9,99,9,1,2,2,1,46,8,125,1,1,YAMAHA GPD,7,E01024317,0,4
2024010541019,2024,010541019,1,3,9,99,99,9,9,99,99,9,9,99,9,99,9,1,1,1,1,36,7,125,1,2,YAMAHA GPD,3,E01000984,0,3
2024010524995,2024,010524995,2,3,0,18,19,3,7,0,0,1,0,4,0,0,1,1,1,1,1,37,7,125,1,3,YAMAHA GPD,6,E01001149,0,2
2024010514066,2024,010514066,2,3,0,5,5,5,1,0,0,1,0,0,0,0,1,1,1,1,1,37,7,125,1,3,YAMAHA GPD,-1,-1,0,-1
2024010497862,2024,010497862,1,3,0,18,19,9,9,99,99,0,9,99,9,99,9,1,2,2,3,45,7,125,1,1,YAMAHA GPD,3,E01003526,0,3
2024010536488,2024,010536488,2,3,0,18,19,8,4,0,0,1,0,0,0,0,2,1,6,6,1,49,8,125,1,0,YAMAHA GPD,3,E01003768,0,1
2024010524687,2024,010524687,1,3,0,99,99,9,9,99,99,0,9,99,9,99,1,1,6,6,1,20,4,125,1,1,YAMAHA GPD,7,E01002581,0,1
2024010516827,2024,010516827,1,3,0,99,99,9,9,99,99,9,9,99,9,99,9,1,1,1,1,31,6,125,1,3,YAMAHA GPD,4,E01000637,0,3
2024010506868,2024,010506868,1,3,0,99,99,9,9,99,99,1,9,99,9,99,1,1,1,1,3,28,6,125,1,1,YAMAHA GPD,5,E01000586,0,1
2024421463496,2024,421463496,2,3,0,-1,19,1,5,-1,0,1,-1,0,0,0,-1,1,-1,2,1,29,6,125,1,1,YAMAHA GPD,3,E01021260,0,3
2024010527986,2024,010527986,1,3,0,99,99,9,9,99,99,9,9,99,9,99,9,1,1,1,1,44,7,125,1,3,YAMAHA GPD,4,E01003249,0,1
2024010550507,2024,010550507,1,3,0,99,99,9,9,99,99,9,9,99,9,99,9,1,1,1,1,33,6,125,1,1,YAMAHA GPD,10,E01002153,0,1
2024010531340,2024,010531340,1,3,0,99,99,9,9,99,99,9,9,99,9,99,9,1,1,1,2,21,5,125,1,0,YAMAHA GPD,2,E01002053,0,2
2024010538616,2024,010538616,1,3,0,-1,-1,3,7,0,0,0,5,0,1,2,2,1,6,6,2,30,6,125,1,0,YAMAHA GPD,-1,-1,0,-1
2024010527035,2024,010527035,1,3,0,16,19,9,9,99,99,0,9,99,9,99,9,1,2,2,1,35,6,125,1,1,YAMAHA GPD,1,E01002026,0,3
2024010532611,2024,010532611,1,3,0,99,99,9,9,99,99,9,9,99,9,99,1,1,1,1,3,32,6,125,1,0,YAMAHA GPD,4,E01002048,0,1
2024010525899,2024,010525899,1,3,0,99,99,9,9,99,99,9,9,99,9,99,9,1,2,2,2,33,6,125,1,1,YAMAHA GPD,3,E01000498,0,1
2024010518303,2024,010518303,2,3,0,18,19,5,1,0,0,2,5,0,0,0,0,1,6,6,1,20,4,125,1,1,YAMAHA GPD,5,E01035707,0,1
2024010501947,2024,010501947,1,3,0,99,99,9,9,99,99,9,9,99,9,99,2,1,1,1,2,47,8,125,1,4,YAMAHA GPD,3,E01002056,0,1
2024010546682,2024,010546682,1,3,0,7,7,3,6,0,0,1,0,0,0,0,1,1,1,1,1,37,7,125,1,7,YAMAHA GPD,2,E01004244,0,1
2024440539721,2024,440539721,2,3,0,18,19,4,8,0,0,8,0,0,0,0,4,1,6,6,1,23,5,125,1,2,YAMAHA GPD,3,E01017194,0,1
2024010514203,2024,010514203,2,3,0,18,19,3,7,0,0,1,0,0,0,0,1,1,6,6,1,29,6,125,1,1,YAMAHA GPD,2,E01001479,0,2
2024010533962,2024,010533962,1,3,0,99,99,9,9,99,99,9,9,99,9,99,9,1,2,2,1,34,6,125,1,1,YAMAHA GPD,3,E01003521,0,3
2024010504191,2024,010504191,1,3,0,99,99,9,9,99,99,9,9,99,9,99,9,1,2,2,1,23,5,125,1,3,YAMAHA GPD,3,E01009001,0,5
2024010510579,2024,010510579,1,3,0,18,19,7,3,9,9,2,0,11,1,10,4,1,6,6,1,23,5,125,1,3,YAMAHA GPD,-1,-1,0,-1
2024201498760,2024,201498760,2,3,0,-1,19,8,4,-1,0,8,0,0,0,0,3,1,-1,2,1,25,5,125,1,0,YAMAHA GPD,1,E01009195,0,2
2024010505354,2024,010505354,1,3,0,99,99,9,9,99,99,9,9,99,9,99,1,1,6,6,1,27,6,125,1,2,YAMAHA GPD,6,E01004482,0,1
2024430563420,2024,430563420,1,4,0,18,19,8,4,0,0,8,0,0,0,0,1,1,6,6,1,28,6,125,1,5,YAMAHA GPD,6,E01017839,0,1
2024010508141,2024,010508141,1,3,0,99,99,9,9,99,99,9,9,99,9,99,9,1,1,1,3,-1,-1,125,1,4,YAMAHA GPD,3,E01004203,0,2
2024010521053,2024,010521053,3,3,0,3,3,3,7,0,0,1,0,0,0,0,2,1,6,6,1,21,5,125,1,3,YAMAHA GPD,-1,-1,0,-1
2024010512362,2024,010512362,1,3,0,18,19,3,7,2,2,1,0,0,0,0,1,1,2,2,1,20,4,125,1,1,YAMAHA GPD,2,E01004537,0,2
2024010525490,2024,010525490,1,3,0,18,19,5,1,0,0,0,1,0,0,0,1,1,1,1,1,31,6,125,1,3,YAMAHA GPD,3,E01004344,0,2
2024010539444,2024,010539444,1,3,0,99,99,9,9,99,99,9,9,99,9,99,9,1,1,1,1,34,6,125,1,3,YAMAHA GPD,5,E01024283,0,4
2024201498462,2024,201498462,1,3,0,-1,14,8,4,-1,0,8,0,0,0,0,4,1,-1,9,1,20,4,125,1,4,YAMAHA GPD,1,E01009383,0,1
2024010517662,2024,010517662,1,3,0,99,99,9,9,99,99,9,9,99,9,99,9,1,2,2,1,26,6,125,1,0,YAMAHA GPD,2,E01000483,0,3
2024010500104,2024,010500104,1,3,0,99,99,9,9,99,99,9,9,99,9,99,9,1,6,6,3,34,6,125,1,7,YAMAHA GPD,6,E01003140,0,2
2024411427777,2024,411427777,1,3,0,-1,19,6,2,-1,0,0,5,0,0,0,2,1,-1,2,1,20,4,125,1,6,YAMAHA GPD,6,E01023863,0,2
2024421515235,2024,421515235,2,3,0,-1,19,2,6,-1,0,0,0,0,0,0,1,1,-1,2,1,33,6,125,1,1,YAMAHA GPD,6,E01021688,0,1
2024010509255,2024,010509255,1,3,0,99,99,9,9,99,99,9,9,99,9,99,1,1,2,2,1,22,5,125,1,3,YAMAHA GPD,3,E01035681,0,1
2024052402718,2024,052402718,2,3,0,18,19,2,6,0,0,2,0,0,0,0,1,1,1,1,1,52,8,125,1,3,YAMAHA GPD,1,E01006548,0,1
2024010500012,2024,010500012,2,3,0,9,9,1,6,0,0,6,0,0,0,0,3,1,6,6,2,23,5,125,1,1,YAMAHA GPD,2,E01001012,0,1
2024010528190,2024,010528190,2,3,0,18,19,3,7,0,0,1,0,0,0,0,1,1,1,1,1,35,6,125,1,1,YAMAHA GPD,2,E01002051,0,1
2024010540640,2024,010540640,2,3,0,99,99,9,9,99,99,9,9,99,9,99,9,1,6,6,3,30,6,125,1,4,YAMAHA GPD,3,E01003585,0,3
2024010515341,2024,010515341,1,3,0,13,13,7,3,0,0,8,0,0,0,0,1,1,1,1,1,42,7,125,1,1,YAMAHA GPD,2,E01001437,0,1
2024010504235,2024,010504235,1,3,0,99,99,9,9,99,99,9,9,99,9,99,9,1,1,1,3,32,6,125,1,2,YAMAHA GPD,7,E01020029,0,5
2024010516394,2024,010516394,2,3,0,99,99,9,9,99,99,0,9,99,9,99,1,1,6,6,3,-1,-1,125,1,2,YAMAHA GPD,2,E01000959,0,2
2024010524443,2024,010524443,1,3,0,99,99,9,9,99,99,9,9,99,9,99,2,1,1,1,1,20,4,125,1,0,YAMAHA GPD,9,E01002155,0,1
2024451465474,2024,451465474,1,3,0,-1,14,-1,-1,-1,0,0,0,0,0,0,1,1,-1,6,1,18,4,125,1,1,YAMAHA GPD,9,E01030485,0,2
2024010543011,2024,010543011,2,3,0,99,99,9,9,99,99,9,9,99,9,99,9,1,1,1,1,41,7,125,1,2,YAMAHA GPD,2,E01000627,0,3
2024010538550,2024,010538550,2,3,0,18,19,1,5,0,0,8,0,0,0,0,1,1,6,6,1,21,5,125,1,3,YAMAHA GPD,4,E01000819,0,1
2024010546657,2024,010546657,1,3,0,18,19,1,5,0,0,0,0,0,0,0,4,1,6,6,1,26,6,125,1,1,YAMAHA GPD,3,E01004467,0,2
2024010524699,2024,010524699,1,3,0,99,99,9,9,99,99,1,9,99,9,99,1,1,1,1,3,39,7,125,1,4,YAMAHA GPD,2,E01000509,0,2
2024010535515,2024,010535515,1,3,0,99,99,9,9,99,99,9,9,99,9,99,1,1,6,6,1,40,7,125,1,1,YAMAHA GPD,7,E01000275,0,3
2024010526229,2024,010526229,1,3,0,99,99,9,9,99,99,9,9,99,9,99,9,1,6,6,1,30,6,125,1,0,YAMAHA GPD,2,E01001110,0,2
2024010504239,2024,010504239,2,3,0,18,19,3,7,0,0,1,1,0,0,0,2,1,6,6,1,25,5,125,1,5,YAMAHA GPD,5,E01002613,0,1
2024010528283,2024,010528283,1,3,0,99,99,9,9,99,99,0,9,99,9,99,9,1,1,1,3,31,6,125,1,3,YAMAHA GPD,4,E01003405,0,1
2024522402504,2024,522402504,1,3,0,2,2,0,0,0,0,1,0,0,0,0,1,1,6,6,1,40,7,125,1,0,YAMAHA GPD,1,E01014596,0,1
2024010500335,2024,010500335,1,3,9,99,99,9,9,99,99,9,9,99,9,99,1,1,1,1,1,22,5,125,1,3,YAMAHA GPD,2,E01001427,0,1
2024010522571,2024,010522571,2,3,0,18,19,7,3,0,0,1,0,0,0,0,1,1,1,1,1,29,6,125,1,0,YAMAHA GPD,7,E01002177,0,1
2024010503316,2024,010503316,2,3,0,18,19,5,1,0,0,0,0,0,0,0,1,1,6,6,1,17,4,125,1,1,YAMAHA GPD,6,E01002739,0,1
2024010510753,2024,010510753,1,3,0,99,99,9,9,99,99,9,9,99,9,99,9,1,1,1,1,28,6,125,1,1,YAMAHA GPD,2,E01001509,0,2
2024010505154,2024,010505154,1,3,0,99,99,9,9,99,99,1,9,99,9,99,1,1,6,6,1,24,5,125,1,5,YAMAHA GPD,6,E01035310,0,4
2024010498009,2024,010498009,1,3,0,99,99,9,9,99,99,9,9,99,9,99,9,1,2,2,1,34,6,125,1,6,YAMAHA GPD,2,E01002076,0,1
2024052402120,2024,052402120,2,3,0,18,19,3,7,0,0,1,0,0,0,0,1,1,1,1,1,38,7,125,1,8,YAMAHA GPD,1,E01006697,0,1
2024010531521,2024,010531521,2,3,0,99,99,9,9,99,99,9,9,99,9,99,9,1,1,1,1,31,6,125,1,3,YAMAHA GPD,2,E01033709,0,1
2024052401961,2024,052401961,1,3,0,18,19,4,8,0,0,1,0,0,0,0,1,1,1,1,1,28,6,125,1,6,YAMAHA GPD,2,E01006712,0,2
2024010542004,2024,010542004,2,3,0,9,9,7,5,0,0,1,0,0,0,0,1,1,6,6,1,28,6,125,1,7,YAMAHA GPD,7,E01003456,0,1
2024010536153,2024,010536153,3,3,0,18,19,1,5,0,0,0,0,0,0,0,1,1,1,1,1,33,6,125,1,0,YAMAHA GPD,4,E01000547,0,1
2024010526737,2024,010526737,1,3,0,99,99,9,9,99,99,9,9,99,9,99,1,1,1,1,1,30,6,125,1,2,YAMAHA GPD,5,E01001185,0,3
2024010522191,2024,010522191,1,3,0,99,99,9,9,99,99,1,9,99,9,99,9,1,1,1,2,37,7,125,1,2,YAMAHA GPD,5,E01004418,0,1
2024010530754,2024,010530754,1,3,0,-1,-1,3,7,0,0,2,0,0,0,0,1,1,6,6,1,32,6,125,1,0,YAMAHA GPD,1,E01003515,0,1
2024010535593,2024,010535593,1,3,0,10,10,6,3,0,0,8,0,0,0,0,2,1,1,1,1,37,7,125,1,2,YAMAHA GPD,2,E01003963,0,1
2024010502370,2024,010502370,1,3,0,99,99,9,9,99,99,9,9,99,9,99,2,1,1,1,1,21,5,125,1,4,YAMAHA GPD,6,E01000487,0,2
2024471396521,2024,471396521,2,3,0,-1,19,2,6,-1,0,0,5,0,0,0,1,1,-1,6,1,20,4,125,1,1,YAMAHA GPD,3,E01016937,0,1
2024010530209,2024,010530209,2,3,0,99,99,9,9,99,99,1,9,99,9,99,9,1,1,1,3,26,6,125,1,2,YAMAHA GPD,6,E01003227,0,3
2024010493979,2024,010493979,2,3,9,13,13,9,9,99,99,1,9,99,9,99,9,1,6,6,1,29,6,125,1,0,YAMAHA GPD,3,E01033597,0,1