collision_index,collision_year,collision_ref_no,vehicle_reference,vehicle_type,towing_and_articulation,vehicle_manoeuvre_historic,vehicle_manoeuvre,vehicle_direction_from,vehicle_direction_to,vehicle_location_restricted_lane_historic,vehicle_location_restricted_lane,junction_location,skidding_and_overturning,hit_object_in_carriageway,vehicle_leaving_carriageway,hit_object_off_carriageway,first_point_of_impact,vehicle_left_hand_drive,journey_purpose_of_driver_historic,journey_purpose_of_driver,sex_of_driver,age_of_driver,age_band_of_driver,engine_capacity_cc,propulsion_code,age_of_vehicle,generic_make_model,driver_imd_decile,lsoa_of_driver,escooter_flag,driver_distance_banding
2024010540818,2024,010540818,1,3,0,99,99,9,9,99,99,9,9,99,9,99,9,1,1,1,1,23,5,125,1,0,YAMAHA GPD,5,E01032741,0,1
2024440191486,2024,440191486,2,3,0,18,19,1,5,0,0,8,0,0,0,0,4,1,2,2,2,39,7,125,1,1,YAMAHA GPD,9,E01017248,0,2
2024010511126,2024,010511126,1,3,0,18,19,1,5,0,0,8,0,0,0,0,4,1,6,6,1,22,5,125,1,5,YAMAHA GPD,6,E01002125,0,2
2024010516203,2024,010516203,1,3,0,18,19,9,9,99,99,9,9,99,9,99,9,1,1,1,1,22,5,125,1,7,YAMAHA GPD,3,E01000506,0,1
2024010514821,2024,010514821,1,3,0,99,99,9,9,99,99,9,9,99,9,99,1,1,1,1,1,31,6,125,1,2,YAMAHA GPD,4,E01003548,0,2
2024552400171,2024,552400171,2,3,0,4,4,8,4,0,0,0,0,0,0,0,2,1,2,2,1,27,6,125,1,1,YAMAHA GPD,1,E01015288,0,1
2024010526702,2024,010526702,1,3,0,14,14,3,7,0,0,1,0,0,0,0,4,1,1,1,1,30,6,125,1,1,YAMAHA GPD,5,E01004684,0,1
2024461469127,2024,461469127,2,3,0,-1,19,7,3,-1,0,1,0,0,0,0,1,1,-1,6,1,-1,-1,125,1,4,YAMAHA GPD,4,E01024258,0,4
2024010516756,2024,010516756,2,3,0,18,19,5,1,0,0,1,0,0,0,0,1,1,1,1,1,21,5,125,1,3,YAMAHA GPD,2,E01004464,0,3
2024010549652,2024,010549652,2,3,0,-1,-1,1,5,0,0,8,0,0,0,0,1,1,1,1,1,38,7,125,1,0,YAMAHA GPD,-1,-1,0,-1
2024010531972,2024,010531972,1,4,0,99,99,9,9,99,99,9,9,99,9,99,9,1,1,1,1,31,6,125,1,2,YAMAHA GPD,3,E01003723,0,3
2024411467851,2024,411467851,2,3,-1,-1,-1,-1,-1,-1,-1,-1,-1,-1,-1,0,-1,1,-1,2,1,38,7,125,1,3,YAMAHA GPD,2,E01001433,0,4
2024430580025,2024,430580025,2,3,0,14,14,4,8,0,0,8,0,0,0,0,4,1,6,6,1,24,5,125,1,4,YAMAHA GPD,-1,-1,0,-1
2024010512442,2024,010512442,1,3,0,99,99,9,9,99,99,0,9,99,9,99,9,1,6,6,3,39,7,125,1,3,YAMAHA GPD,2,E01024028,0,4
2024061516854,2024,061516854,2,3,0,-1,19,7,3,-1,0,1,0,0,0,0,4,1,-1,1,1,30,6,125,1,8,YAMAHA GPD,6,E01005961,0,1
2024411484583,2024,411484583,2,3,0,-1,-1,-1,-1,-1,-1,-1,-1,-1,-1,0,-1,1,-1,2,1,24,5,125,1,2,YAMAHA GPD,3,E01001548,0,1
2024010517292,2024,010517292,2,3,0,18,19,5,1,0,0,2,0,0,0,0,2,1,1,1,1,35,6,125,1,1,YAMAHA GPD,4,E01001243,0,1
2024010524734,2024,010524734,2,3,0,18,19,7,3,0,0,8,0,0,0,0,1,1,6,6,1,21,5,125,1,3,YAMAHA GPD,2,E01004615,0,1
2024010549757,2024,010549757,2,3,3,18,19,5,1,0,0,2,0,0,0,0,1,1,2,2,1,42,7,125,1,7,YAMAHA GPD,4,E01002088,0,2
2024010516638,2024,010516638,1,3,0,99,99,9,9,99,99,9,9,99,9,99,1,1,6,6,1,29,6,125,1,4,YAMAHA GPD,3,E01003988,0,1
2024010523567,2024,010523567,1,3,0,14,14,3,7,0,0,1,0,0,0,0,1,1,6,6,1,-1,-1,125,1,3,YAMAHA GPD,4,E01001727,0,2
2024201512837,2024,201512837,1,3,0,-1,19,3,7,-1,0,0,0,0,0,0,1,1,-1,6,1,30,6,125,1,2,YAMAHA GPD,1,E01034949,0,1
2024311414791,2024,311414791,1,4,0,-1,9,8,4,-1,0,3,5,0,0,0,3,1,-1,1,1,31,6,125,1,3,YAMAHA GPD,4,E01013969,0,1
2024411485025,2024,411485025,2,3,-1,-1,-1,-1,-1,-1,-1,0,-1,-1,-1,0,4,1,-1,1,1,28,6,125,1,0,YAMAHA GPD,4,E01023403,0,2
2024010513143,2024,010513143,1,3,9,99,99,9,9,99,99,9,9,99,9,99,1,1,1,1,1,39,7,125,1,2,YAMAHA GPD,8,E01003361,0,2
2024010507963,2024,010507963,1,3,9,99,99,9,9,99,99,9,9,99,9,99,9,1,1,1,1,33,6,125,1,1,YAMAHA GPD,4,E01002313,0,1
2024010532537,2024,010532537,1,3,0,18,19,7,3,0,0,1,0,0,0,0,2,1,1,1,1,46,8,125,1,8,YAMAHA GPD,5,E01003684,0,2
2024010505100,2024,010505100,1,2,0,15,15,1,5,0,0,1,0,0,0,0,1,1,6,6,3,-1,-1,125,1,2,YAMAHA GPD,-1,-1,0,-1
2024440062588,2024,440062588,1,3,0,18,19,4,8,0,0,1,0,0,0,0,4,1,6,6,1,28,6,125,1,1,YAMAHA GPD,3,E01017246,0,1
2024010541675,2024,010541675,2,3,0,18,19,5,1,0,0,8,0,0,0,0,1,1,1,1,1,32,6,125,1,1,YAMAHA GPD,5,E01001659,0,1
2024010514162,2024,010514162,1,3,0,99,99,9,9,99,99,9,9,99,9,99,9,1,1,1,1,27,6,125,1,0,YAMAHA GPD,2,E01001487,0,2
2024010536389,2024,010536389,1,3,0,99,99,9,9,99,99,9,9,99,9,99,1,1,1,1,3,30,6,125,1,1,YAMAHA GPD,4,E01001090,0,1
2024010534428,2024,010534428,1,3,9,13,13,9,9,99,99,9,9,99,9,99,9,1,1,1,3,34,6,125,1,0,YAMAHA GPD,4,E01000612,0,2
2024010499354,2024,010499354,2,4,0,18,19,5,1,0,0,1,0,0,0,0,1,1,6,6,1,18,4,125,1,2,YAMAHA GPD,4,E01004421,0,1
2024010514427,2024,010514427,1,3,0,99,99,9,9,99,99,9,9,99,9,99,1,1,6,6,1,18,4,125,1,1,YAMAHA GPD,4,E01000035,0,1
2024010540259,2024,010540259,2,4,0,4,4,7,3,0,0,1,0,0,0,0,3,1,6,6,1,19,4,125,1,1,YAMAHA GPD,2,E01004539,0,1
2024010543192,2024,010543192,2,3,0,5,5,1,5,0,0,2,0,0,0,0,4,1,1,1,1,-1,-1,125,1,0,YAMAHA GPD,3,E01003120,0,2
2024010531109,2024,010531109,1,3,0,99,99,9,9,99,99,9,9,99,9,99,1,1,6,6,1,25,5,125,1,2,YAMAHA GPD,5,E01000615,0,2
2024010514033,2024,010514033,1,3,0,15,15,3,7,0,0,1,0,0,0,0,1,1,6,6,1,15,3,125,1,9,YAMAHA GPD,5,E01000468,0,1
2024061529870,2024,061529870,1,4,0,-1,19,4,4,-1,0,4,0,0,0,0,4,1,-1,2,2,37,7,125,1,1,YAMAHA GPD,-1,-1,0,-1
2024371404466,2024,371404466,1,3,0,-1,9,7,4,-1,0,1,0,0,0,0,1,1,-1,2,1,18,4,125,1,3,YAMAHA GPD,2,E01033122,0,1
2024010499830,2024,010499830,1,3,0,99,99,9,9,99,99,9,9,99,9,99,9,1,6,6,1,20,4,125,1,3,YAMAHA GPD,5,E01001139,0,1
2024010539111,2024,010539111,1,3,9,99,99,9,9,99,99,9,9,99,9,99,9,1,1,1,1,40,7,125,1,3,YAMAHA GPD,3,E01034473,0,3
2024411501563,2024,411501563,1,3,0,-1,8,4,7,-1,0,6,0,0,0,0,2,1,-1,6,1,29,6,125,1,1,YAMAHA GPD,7,E01002198,0,3
2024010522790,2024,010522790,1,3,0,99,99,9,9,99,99,9,9,99,9,99,2,1,1,1,1,30,6,125,1,3,YAMAHA GPD,2,E01004289,0,3
2024440346815,2024,440346815,2,3,0,18,19,3,7,0,0,1,0,0,0,0,2,1,1,1,1,26,6,125,1,0,YAMAHA GPD,3,E01016881,0,4
2024010527418,2024,010527418,2,3,0,5,5,6,2,0,0,2,5,0,0,0,4,1,1,1,1,33,6,125,1,7,YAMAHA GPD,4,E01002101,0,1
2024010499729,2024,010499729,1,3,0,99,99,9,9,99,99,9,9,99,9,99,1,1,1,1,1,32,6,125,1,7,YAMAHA GPD,4,E01000872,0,2
2024311454110,2024,311454110,3,3,0,-1,4,7,3,-1,0,0,0,0,0,0,4,1,-1,9,1,53,8,125,1,5,YAMAHA GPD,9,E01013979,0,1
2024010522060,2024,010522060,1,3,0,99,99,9,9,99,99,9,9,99,9,99,9,1,6,6,3,33,6,125,1,1,YAMAHA GPD,7,E01004108,0,1
2024010511242,2024,010511242,2,3,0,18,19,7,3,9,9,0,1,0,0,0,1,1,6,6,3,-1,-1,125,1,6,YAMAHA GPD,-1,-1,0,-1
2024010525050,2024,010525050,2,3,0,99,99,9,9,99,99,9,9,99,9,99,9,1,1,1,1,33,6,125,1,1,YAMAHA GPD,3,E01000137,0,3
2024010505523,2024,010505523,2,3,0,18,19,5,1,0,0,0,0,0,0,0,2,1,6,6,1,25,5,125,1,3,YAMAHA GPD,2,E01003432,0,1
2024010515409,2024,010515409,1,3,0,99,99,9,9,99,99,9,9,99,9,99,1,1,1,1,1,37,7,125,1,1,YAMAHA GPD,3,E01003572,0,3
2024010535689,2024,010535689,1,3,0,99,99,9,9,99,99,9,9,99,9,99,1,1,6,6,1,27,6,125,1,1,YAMAHA GPD,7,E01024317,0,4
2024010526766,2024,010526766,2,3,0,10,10,4,2,0,0,1,2,0,0,0,2,1,6,6,1,39,7,125,1,3,YAMAHA GPD,3,E01003288,0,1
2024010509281,2024,010509281,1,2,0,14,14,3,7,0,0,6,0,0,0,0,1,1,6,6,1,19,4,125,1,3,YAMAHA GPD,-1,-1,0,-1
2024010501875,2024,010501875,1,3,0,15,15,5,1,0,0,0,0,0,0,0,1,1,1,1,1,41,7,125,1,1,YAMAHA GPD,6,E01002200,0,2
2024471462878,2024,471462878,2,3,0,-1,19,1,5,-1,0,1,1,0,0,0,4,1,-1,1,1,47,8,125,1,1,YAMAHA GPD,3,E01031348,0,1
2024010531033,2024,010531033,1,3,0,18,19,7,3,0,0,0,0,0,0,0,1,1,6,6,3,-1,-1,125,1,0,YAMAHA GPD,-1,-1,0,-1
2024471410900,2024,471410900,1,3,0,-1,19,7,3,-1,0,1,0,0,0,0,1,1,-1,6,1,21,5,125,1,3,YAMAHA GPD,9,E01016924,0,2
2024010544598,2024,010544598,2,4,0,7,7,1,2,0,0,2,0,0,0,0,1,1,6,6,1,31,6,125,1,1,YAMAHA GPD,3,E01003086,0,2
2024010539666,2024,010539666,1,3,9,99,99,9,9,99,99,9,9,99,9,99,9,1,1,1,1,33,6,125,1,3,YAMAHA GPD,3,E01001812,0,2
2024010520333,2024,010520333,1,3,0,99,99,9,9,99,99,9,9,99,9,99,9,1,1,1,3,26,6,125,1,1,YAMAHA GPD,2,E01001433,0,4
2024010500738,2024,010500738,1,3,0,99,99,9,9,99,99,9,9,99,9,99,9,1,2,2,3,27,6,125,1,5,YAMAHA GPD,4,E01001444,0,2
2024010504014,2024,010504014,1,3,9,99,99,9,9,99,99,1,9,99,9,99,9,1,6,6,3,24,5,125,1,2,YAMAHA GPD,6,E01003140,0,1
2024010496505,2024,010496505,2,3,0,7,7,3,6,0,0,8,5,0,0,0,1,1,6,6,1,43,7,125,1,3,YAMAHA GPD,-1,-1,0,-1
2024010500029,2024,010500029,4,4,0,13,13,1,5,0,0,0,5,4,0,0,1,1,6,6,1,47,8,125,1,5,YAMAHA GPD,6,E01004637,0,2
2024010550568,2024,010550568,2,19,0,2,2,0,0,0,0,1,0,8,0,0,3,1,6,6,3,-1,-1,125,1,3,YAMAHA GPD,-1,-1,0,-1
2024010512293,2024,010512293,2,3,0,18,19,1,5,0,0,0,0,0,0,0,1,1,1,1,1,20,4,125,1,1,YAMAHA GPD,6,E01001496,0,1
2024451515917,2024,451515917,2,3,0,-1,19,1,5,-1,0,1,5,0,0,0,3,1,-1,6,1,44,7,125,1,3,YAMAHA GPD,9,E01030401,0,2
2024010520582,2024,010520582,1,3,0,99,99,9,9,99,99,9,9,99,9,99,9,1,1,1,3,21,5,125,1,1,YAMAHA GPD,2,E01024128,0,4
2024010524244,2024,010524244,1,3,9,99,99,9,9,99,99,9,9,99,9,99,2,1,1,1,1,22,5,125,1,4,YAMAHA GPD,2,E01001439,0,1
2024010509791,2024,010509791,1,3,0,18,19,1,5,0,0,1,0,0,1,10,2,1,6,6,1,26,6,125,1,5,YAMAHA GPD,1,E01033879,0,1
2024461481646,2024,461481646,2,4,0,-1,19,6,2,-1,0,1,5,0,0,0,1,1,-1,9,1,21,5,125,1,3,YAMAHA GPD,2,E01024128,0,1
2024010525561,2024,010525561,1,3,0,99,99,9,9,99,99,1,9,99,9,99,9,1,1,1,3,22,5,125,1,5,YAMAHA GPD,6,E01000265,0,3
2024010514674,2024,010514674,1,3,0,99,99,9,9,99,99,9,9,99,9,99,9,1,2,2,1,27,6,125,1,5,YAMAHA GPD,1,E01002082,0,1
2024010540263,2024,010540263,1,3,0,13,13,2,6,0,0,1,0,0,0,0,1,1,6,6,1,17,4,125,1,2,YAMAHA GPD,2,E01002633,0,2
2024010512011,2024,010512011,1,3,0,13,13,5,1,0,0,1,0,0,0,0,4,1,1,1,1,19,4,125,1,4,YAMAHA GPD,2,E01004244,0,2
2024010510495,2024,010510495,1,3,0,99,99,9,9,99,99,6,9,99,9,99,9,1,1,1,1,30,6,125,1,6,YAMAHA GPD,7,E01001131,0,1
2024010523226,2024,010523226,2,3,0,18,19,5,1,0,0,1,0,0,3,0,1,1,2,2,1,23,5,125,1,4,YAMAHA GPD,4,E01002313,0,1
2024010551445,2024,010551445,1,3,0,16,19,7,3,0,0,0,0,0,0,0,0,1,6,6,1,29,6,125,1,1,YAMAHA GPD,4,E01003725,0,4
2024010500266,2024,010500266,2,3,0,18,19,3,7,0,0,1,0,0,0,0,1,1,2,2,2,21,5,125,1,1,YAMAHA GPD,4,E01003981,0,2
2024010501770,2024,010501770,1,3,0,99,99,9,9,99,99,9,9,99,9,99,9,1,1,1,1,32,6,125,1,1,YAMAHA GPD,7,E01004108,0,2
2024421398686,2024,421398686,1,3,0,-1,19,1,5,-1,0,0,1,0,0,0,4,1,-1,1,1,20,4,125,1,2,YAMAHA GPD,2,E01000045,0,4
2024411539251,2024,411539251,2,3,0,-1,19,1,5,-1,0,0,0,0,0,0,1,1,-1,2,1,22,5,125,1,1,YAMAHA GPD,10,E01023595,0,2
2024010527591,2024,010527591,3,3,0,18,19,1,5,0,0,8,0,0,0,0,2,1,2,2,1,34,6,125,1,4,YAMAHA GPD,2,E01001437,0,1
2024010531407,2024,010531407,1,3,0,99,99,9,9,99,99,9,9,99,9,99,9,1,1,1,1,33,6,125,1,1,YAMAHA GPD,8,E01004156,0,3
2024010549452,2024,010549452,1,3,0,99,99,9,9,99,99,9,9,99,9,99,1,1,1,1,1,27,6,125,1,3,YAMAHA GPD,4,E01003216,0,3
2024010526226,2024,010526226,1,3,0,99,99,9,9,99,99,9,9,99,9,99,9,1,1,1,1,21,5,125,1,6,YAMAHA GPD,8,E01003814,0,1
2024010506180,2024,010506180,1,3,4,9,9,2,8,0,0,4,0,0,0,0,1,1,1,1,1,26,6,125,1,4,YAMAHA GPD,4,E01000547,0,1
2024010523194,2024,010523194,1,2,0,13,13,1,5,0,0,8,2,0,0,0,1,1,1,1,1,34,6,125,1,2,YAMAHA GPD,3,E01004755,0,1
2024010516554,2024,010516554,1,3,0,11,11,6,2,0,0,1,0,0,0,0,1,1,6,6,1,35,6,125,1,3,YAMAHA GPD,4,E01004569,0,2
2024010528033,2024,010528033,1,3,0,99,99,9,9,99,99,9,9,99,9,99,2,1,2,2,1,31,6,125,1,3,YAMAHA GPD,4,E01004212,0,1
2024010532934,2024,010532934,1,3,0,18,19,1,5,0,0,1,0,0,0,0,1,1,1,1,1,23,5,125,1,3,YAMAHA GPD,7,E01001678,0,3
2024010540077,2024,010540077,1,3,0,13,13,5,1,0,0,1,0,0,0,0,1,1,1,1,1,22,5,125,1,2,YAMAHA GPD,9,E01000409,0,1
2024010546579,2024,010546579,2,3,0,18,19,5,1,0,0,0,0,0,0,0,1,1,6,6,1,31,6,125,1,1,YAMAHA GPD,2,E01003943,0,2
2024010514824,2024,010514824,2,3,0,18,19,3,7,9,9,1,0,0,0,0,1,1,1,1,1,47,8,125,1,3,YAMAHA GPD,4,E01004427,0,1
2024010518078,2024,010518078,2,3,0,18,19,7,3,0,0,1,0,0,0,0,2,1,6,6,1,32,6,125,1,5,YAMAHA GPD,4,E01003537,0,2
2024543776924,2024,543776924,2,3,0,18,19,2,6,0,0,0,0,0,0,0,1,1,1,1,2,38,7,125,1,4,YAMAHA GPD,7,E01032708,0,1
2024010501550,2024,010501550,1,3,0,99,99,9,9,99,99,9,9,99,9,99,1,1,2,2,1,32,6,125,1,5,YAMAHA GPD,6,E01004374,0,2
2024010521841,2024,010521841,2,4,0,14,14,3,7,0,0,1,0,0,0,0,1,1,1,1,1,35,6,125,1,3,YAMAHA GPD,2,E01002051,0,1
2024010498205,2024,010498205,1,3,0,99,99,9,9,99,99,9,9,99,9,99,9,1,1,1,3,33,6,125,1,1,YAMAHA GPD,5,E01035599,0,3
2024201527655,2024,201527655,1,3,0,-1,15,8,4,-1,0,0,2,0,0,0,3,1,-1,6,1,32,6,125,1,3,YAMAHA GPD,4,E01009240,0,2
2024471426093,2024,471426093,2,3,0,-1,19,7,3,-1,0,8,1,0,0,0,4,1,-1,1,2,22,5,125,1,3,YAMAHA GPD,4,E01016955,0,3
2024451511150,2024,451511150,2,3,0,-1,19,7,3,-1,0,0,0,0,0,0,1,1,-1,6,1,18,4,125,1,1,YAMAHA GPD,5,E01003040,0,4
2024010511700,2024,010511700,1,3,0,99,99,9,9,99,99,9,9,99,9,99,9,1,1,1,3,24,5,125,1,7,YAMAHA GPD,4,E01003548,0,2
2024010540078,2024,010540078,2,3,0,18,19,2,6,0,0,8,0,0,0,0,3,1,6,6,1,50,8,125,1,3,YAMAHA GPD,-1,-1,0,-1
2024010548728,2024,010548728,1,3,0,18,19,7,3,9,9,1,2,0,7,10,1,1,6,6,1,20,4,125,1,7,YAMAHA GPD,-1,-1,0,-1
2024010539791,2024,010539791,2,3,0,99,99,9,9,99,99,9,9,99,9,99,2,1,1,1,1,22,5,125,1,4,YAMAHA GPD,6,E01002258,0,4
2024010519373,2024,010519373,1,3,0,99,99,9,9,99,99,9,9,99,9,99,9,1,6,6,3,-1,-1,125,1,2,YAMAHA GPD,-1,-1,0,-1
2024421460547,2024,421460547,1,4,0,-1,2,0,0,-1,0,1,5,0,0,0,4,1,-1,1,1,20,4,125,1,2,YAMAHA GPD,2,E01015896,0,1
2024010547925,2024,010547925,1,3,0,99,99,9,9,99,99,9,9,99,9,99,9,1,6,6,1,21,5,125,1,1,YAMAHA GPD,6,E01002692,0,2
2024010533971,2024,010533971,2,3,0,99,99,9,9,99,99,9,9,99,9,99,1,1,1,1,1,25,5,125,1,1,YAMAHA GPD,2,E01003159,0,2
2024411501470,2024,411501470,2,3,0,-1,19,7,3,-1,0,0,0,0,0,0,4,1,-1,2,1,-1,-1,125,1,6,YAMAHA GPD,7,E01023901,0,1
2024010551266,2024,010551266,1,3,0,99,99,9,9,99,99,9,9,99,9,99,1,1,2,2,1,24,5,125,1,5,YAMAHA GPD,3,E01030744,0,2
2024010507490,2024,010507490,1,3,0,99,99,9,9,99,99,9,9,99,9,99,9,1,2,2,1,34,6,125,1,3,YAMAHA GPD,2,E01002003,0,3
2024010511496,2024,010511496,1,3,0,99,99,9,9,99,99,9,9,99,9,99,9,1,6,6,1,33,6,125,1,3,YAMAHA GPD,3,E01001547,0,4
2024010526084,2024,010526084,1,3,0,99,99,9,9,99,99,9,9,99,9,99,9,1,6,6,3,20,4,125,1,5,YAMAHA GPD,7,E01000674,0,2
2024421471121,2024,421471121,2,3,-1,-1,19,3,7,-1,0,0,0,0,0,0,4,1,-1,1,1,53,8,125,1,3,YAMAHA GPD,1,E01015841,0,1
2024522401623,2024,522401623,2,3,0,6,6,8,8,0,0,0,0,0,0,0,1,1,6,6,3,-1,-1,125,1,3,YAMAHA GPD,-1,-1,0,-1
2024010542931,2024,010542931,2,3,0,99,99,9,9,99,99,9,9,99,9,99,1,1,1,1,1,29,6,125,1,0,YAMAHA GPD,6,E01001685,0,1
2024430621692,2024,430621692,1,3,0,18,19,3,7,2,2,1,1,0,0,0,1,1,6,6,1,29,6,125,1,0,YAMAHA GPD,2,E01016464,0,1
2024010525463,2024,010525463,2,3,0,99,99,9,9,99,99,9,9,99,9,99,1,1,6,6,1,49,8,125,1,3,YAMAHA GPD,4,E01034605,0,4
2024010543548,2024,010543548,2,2,0,4,4,1,5,0,0,2,0,0,0,0,1,1,2,2,2,41,7,125,1,1,YAMAHA GPD,5,E01000747,0,1
2024010515692,2024,010515692,1,3,0,17,19,1,5,0,0,1,0,10,0,0,1,1,6,6,3,-1,-1,125,1,6,YAMAHA GPD,-1,-1,0,-1
2024411398356,2024,411398356,2,3,0,-1,19,-1,-1,-1,0,8,0,0,0,0,1,1,-1,6,1,20,4,125,1,3,YAMAHA GPD,2,E01001433,0,2
2024010530518,2024,010530518,1,3,0,13,13,4,8,0,0,8,0,0,0,0,1,1,6,6,1,18,4,125,1,5,YAMAHA GPD,4,E01003222,0,2
2024522403389,2024,522403389,1,3,0,4,4,7,3,0,0,0,0,0,0,0,1,1,6,6,1,44,7,125,1,6,YAMAHA GPD,10,E01033334,0,2
2024411519341,2024,411519341,2,3,0,-1,19,-1,-1,-1,0,1,0,0,0,0,1,1,-1,1,1,29,6,125,1,4,YAMAHA GPD,4,E01023899,0,1
2024401506449,2024,401506449,1,3,0,-1,19,7,3,-1,0,4,0,0,0,0,2,1,-1,6,1,33,6,125,1,7,YAMAHA GPD,2,E01015802,0,2
2024010506592,2024,010506592,1,3,0,13,13,5,1,0,0,1,5,0,0,0,1,1,6,6,1,23,5,125,1,7,YAMAHA GPD,4,E01004401,0,3
2024010513083,2024,010513083,1,3,0,99,99,9,9,99,99,9,9,99,9,99,9,1,2,2,2,35,6,125,1,1,YAMAHA GPD,5,E01034229,0,3
2024010537733,2024,010537733,2,3,0,18,19,1,5,0,0,1,0,0,0,0,1,1,1,1,1,20,4,125,1,5,YAMAHA GPD,2,E01003912,0,2
2024010542392,2024,010542392,2,3,0,18,19,3,7,0,0,0,0,0,0,0,4,1,6,6,1,40,7,125,1,5,YAMAHA GPD,3,E01003575,0,1
2024501534913,2024,501534913,1,3,0,-1,19,5,1,-1,0,1,0,7,0,0,1,1,-1,6,1,48,8,125,1,2,YAMAHA GPD,5,E01020117,0,2
2024010540186,2024,010540186,1,3,0,99,99,9,9,99,99,9,9,99,9,99,9,1,1,1,3,23,5,125,1,5,YAMAHA GPD,2,E01002076,0,2
2024430413906,2024,430413906,1,3,0,18,19,8,4,0,0,8,0,0,0,0,1,1,2,2,1,29,6,125,1,4,YAMAHA GPD,5,E01016615,0,1
2024010502282,2024,010502282,1,3,0,18,19,7,3,0,0,1,0,0,0,0,2,1,6,6,2,54,8,125,1,1,YAMAHA GPD,2,E01001079,0,1
2024010489300,2024,010489300,1,3,0,18,19,1,5,0,0,2,0,0,0,0,1,1,6,6,1,30,6,125,1,5,YAMAHA GPD,3,E01033863,0,1
2024010541169,2024,010541169,1,3,0,18,19,5,1,0,0,1,0,0,0,0,2,1,6,6,1,21,5,125,1,2,YAMAHA GPD,-1,-1,0,-1
2024131502560,2024,131502560,2,3,0,-1,-1,-1,-1,-1,-1,-1,-1,-1,-1,-1,2,1,-1,6,1,29,6,125,1,3,YAMAHA GPD,2,E01010799,0,2
2024010500499,2024,010500499,1,3,0,18,19,5,1,4,4,1,1,10,0,0,4,1,6,6,1,29,6,125,1,5,YAMAHA GPD,4,E01004326,0,2
2024010517938,2024,010517938,1,3,0,15,15,5,1,0,0,1,0,0,0,0,1,1,2,2,1,26,6,125,1,5,YAMAHA GPD,-1,-1,0,-1
2024010522605,2024,010522605,1,3,0,99,99,9,9,99,99,9,9,99,9,99,9,1,1,1,3,29,6,125,1,0,YAMAHA GPD,3,E01001143,0,1
2024010542326,2024,010542326,1,3,9,99,99,9,9,99,99,9,9,99,9,99,9,1,1,1,3,31,6,125,1,0,YAMAHA GPD,2,E01001249,0,3
2024010497069,2024,010497069,2,3,0,18,19,5,1,0,0,1,1,0,0,0,1,1,2,2,1,53,8,125,1,6,YAMAHA GPD,2,E01001147,0,2
2024010522432,2024,010522432,2,3,0,17,19,8,4,0,0,6,0,0,1,0,0,1,6,6,1,23,5,125,1,3,YAMAHA GPD,2,E01001332,0,4
2024010512220,2024,010512220,1,3,0,18,19,1,5,0,0,0,0,0,0,0,1,1,6,6,1,34,6,125,1,0,YAMAHA GPD,2,E01001710,0,1
2024010539942,2024,010539942,1,3,0,18,19,3,7,0,0,0,5,0,0,0,1,1,6,6,1,25,5,125,1,2,YAMAHA GPD,1,E01002040,0,1
2024440311617,2024,440311617,1,3,0,18,19,8,4,0,0,2,0,0,0,0,0,1,6,6,1,29,6,125,1,0,YAMAHA GPD,6,E01035443,0,1
2024010519967,2024,010519967,2,3,0,18,19,1,5,0,0,8,0,0,0,0,3,1,1,1,1,33,6,125,1,3,YAMAHA GPD,2,E01004420,0,1
2024411456678,2024,411456678,2,3,-1,-1,-1,-1,-1,-1,-1,0,-1,-1,-1,0,1,1,-1,2,1,51,8,125,1,0,YAMAHA GPD,5,E01001973,0,3
2024010503190,2024,010503190,1,3,0,18,19,3,7,0,0,2,0,0,0,0,1,1,1,1,1,22,5,125,1,5,YAMAHA GPD,5,E01000219,0,2
2024010526522,2024,010526522,2,3,0,18,19,5,1,0,0,1,5,0,0,0,1,1,6,6,1,23,5,125,1,1,YAMAHA GPD,3,E01004413,0,1
2024010505424,2024,010505424,1,3,0,99,99,9,9,99,99,9,9,99,9,99,1,1,2,2,1,35,6,125,1,5,YAMAHA GPD,2,E01001447,0,3
2024161506370,2024,161506370,1,3,0,-1,19,7,3,-1,0,1,0,0,0,0,1,1,-1,9,1,36,7,125,1,1,YAMAHA GPD,1,E01012782,0,4
2024010532011,2024,010532011,2,3,0,18,19,5,1,0,0,1,2,10,1,2,1,1,6,6,1,20,4,125,1,3,YAMAHA GPD,3,E01003101,0,1
2024411524263,2024,411524263,2,3,0,-1,14,1,5,-1,0,1,0,0,0,0,1,1,-1,6,2,45,7,125,1,1,YAMAHA GPD,7,E01035590,0,1
2024010527594,2024,010527594,1,3,0,18,19,1,5,0,0,1,0,0,0,0,1,1,6,6,1,29,6,125,1,0,YAMAHA GPD,3,E01001954,0,1
2024010510194,2024,010510194,1,3,0,99,99,9,9,99,99,9,9,99,9,99,9,1,1,1,1,32,6,125,1,2,YAMAHA GPD,6,E01001685,0,2