collision_index,collision_year,collision_ref_no,vehicle_reference,vehicle_type,towing_and_articulation,vehicle_manoeuvre_historic,vehicle_manoeuvre,vehicle_direction_from,vehicle_direction_to,vehicle_location_restricted_lane_historic,vehicle_location_restricted_lane,junction_location,skidding_and_overturning,hit_object_in_carriageway,vehicle_leaving_carriageway,hit_object_off_carriageway,first_point_of_impact,vehicle_left_hand_drive,journey_purpose_of_driver_historic,journey_purpose_of_driver,sex_of_driver,age_of_driver,age_band_of_driver,engine_capacity_cc,propulsion_code,age_of_vehicle,generic_make_model,driver_imd_decile,lsoa_of_driver,escooter_flag,driver_distance_banding
2024061534965,2024,061534965,1,3,0,-1,19,6,2,-1,0,1,0,0,0,0,3,1,-1,9,1,17,4,125,1,1,YAMAHA GPD,7,E01004781,0,2
2024010506079,2024,010506079,2,3,0,7,7,1,4,0,0,1,0,0,0,0,1,1,6,6,1,18,4,125,1,3,YAMAHA GPD,5,E01003378,0,3
2024010510181,2024,010510181,1,3,0,99,99,9,9,99,99,9,9,99,9,99,1,1,1,1,1,42,7,125,1,4,YAMAHA GPD,3,E01001981,0,1
2024010544046,2024,010544046,2,3,0,3,3,3,7,0,0,1,0,0,0,0,2,1,6,6,1,33,6,125,1,0,YAMAHA GPD,8,E01003655,0,3
2024010494141,2024,010494141,2,3,0,5,5,7,3,0,0,1,0,0,0,0,1,1,6,6,1,45,7,125,1,3,YAMAHA GPD,4,E01000625,0,2
2024010499862,2024,010499862,1,3,0,18,19,9,9,99,99,9,9,99,9,99,9,1,2,2,2,29,6,125,1,3,YAMAHA GPD,7,E01003395,0,1
2024010539142,2024,010539142,1,3,0,99,99,9,9,99,99,9,9,99,9,99,9,1,1,1,1,34,6,125,1,5,YAMAHA GPD,2,E01003507,0,2
2024010500369,2024,010500369,2,3,0,14,14,3,7,0,0,8,0,0,0,0,0,1,2,2,1,23,5,125,1,1,YAMAHA GPD,9,E01000382,0,2
2024010541580,2024,010541580,2,3,0,99,99,9,9,99,99,9,9,99,9,99,1,9,6,6,1,30,6,125,1,3,YAMAHA GPD,3,E01034204,0,2
2024552401121,2024,552401121,2,3,0,18,19,5,1,0,0,0,0,0,0,0,1,1,6,6,1,28,6,125,1,1,YAMAHA GPD,6,E01015373,0,1
2024010501972,2024,010501972,1,3,0,99,99,9,9,99,99,9,9,99,9,99,1,1,6,6,1,34,6,125,1,1,YAMAHA GPD,3,E01004287,0,1
2024010544938,2024,010544938,1,3,0,99,99,9,9,99,99,2,9,99,9,99,9,1,1,1,3,25,5,125,1,0,YAMAHA GPD,9,E01000201,0,3
2024010527972,2024,010527972,2,3,0,2,2,0,0,6,6,2,0,4,0,0,3,1,6,6,3,-1,-1,125,1,1,YAMAHA GPD,-1,-1,0,-1
2024010536049,2024,010536049,1,3,0,99,99,9,9,99,99,9,9,99,9,99,1,1,6,6,1,33,6,125,1,4,YAMAHA GPD,4,E01001467,0,3
2024010525111,2024,010525111,1,3,0,99,99,9,9,99,99,9,9,99,9,99,9,1,1,1,1,30,6,125,1,3,YAMAHA GPD,2,E01003187,0,1
2024201518193,2024,201518193,2,2,0,-1,3,5,1,-1,0,1,0,0,0,0,1,1,-1,1,1,25,5,125,1,0,YAMAHA GPD,1,E01009195,0,1
2024010514120,2024,010514120,2,3,0,16,19,5,1,0,0,2,0,0,0,0,3,1,6,6,1,25,5,125,1,2,YAMAHA GPD,1,E01002081,0,1
2024440017186,2024,440017186,1,3,0,3,3,5,1,0,0,1,0,0,0,0,2,1,2,2,2,38,7,125,1,1,YAMAHA GPD,9,E01017248,0,1
2024010537360,2024,010537360,1,3,0,99,99,9,9,99,99,9,9,99,9,99,1,1,1,1,3,43,7,125,1,1,YAMAHA GPD,4,E01000618,0,1
2024010526692,2024,010526692,2,4,0,2,2,0,0,0,0,2,0,0,0,0,2,1,6,6,3,-1,-1,125,1,1,YAMAHA GPD,-1,-1,0,-1
2024010542741,2024,010542741,2,3,0,14,14,1,5,0,0,1,0,10,8,10,1,1,6,6,1,21,5,125,1,0,YAMAHA GPD,2,E01001971,0,1
2024010512691,2024,010512691,1,3,0,99,99,9,9,99,99,9,9,99,9,99,9,1,1,1,1,44,7,125,1,3,YAMAHA GPD,2,E01001559,0,3
2024010542125,2024,010542125,1,4,0,14,14,5,1,1,1,1,0,0,0,0,3,1,1,1,1,41,7,125,1,2,YAMAHA GPD,6,E01002200,0,1
2024010530362,2024,010530362,1,3,0,99,99,9,9,99,99,9,9,99,9,99,0,1,1,1,1,32,6,125,1,1,YAMAHA GPD,5,E01002167,0,1
2024010534275,2024,010534275,2,3,0,99,99,9,9,99,99,9,9,99,9,99,1,1,1,1,1,30,6,125,1,4,YAMAHA GPD,3,E01003570,0,2
2024010536721,2024,010536721,1,3,0,99,99,9,9,99,99,9,9,99,9,99,9,1,6,6,1,24,5,125,1,0,YAMAHA GPD,8,E01002238,0,1
2024010499886,2024,010499886,1,3,0,99,99,9,9,99,99,9,9,99,9,99,1,1,1,1,3,19,4,125,1,3,YAMAHA GPD,6,E01000150,0,4
2024010521576,2024,010521576,2,3,0,14,14,5,1,0,0,1,0,0,0,0,1,1,1,1,1,24,5,125,1,7,YAMAHA GPD,2,E01001555,0,1
2024010526196,2024,010526196,1,3,0,3,3,9,9,99,99,9,9,99,9,99,9,1,1,1,1,36,7,125,1,6,YAMAHA GPD,3,E01003299,0,1
2024010511695,2024,010511695,1,3,0,99,99,9,9,99,99,9,9,99,9,99,1,1,6,6,2,32,6,125,1,3,YAMAHA GPD,3,E01035681,0,2
2024010518749,2024,010518749,1,3,0,2,2,0,0,4,4,8,0,0,0,0,0,1,6,6,3,-1,-1,125,1,5,YAMAHA GPD,-1,-1,0,-1
2024010549742,2024,010549742,2,3,9,99,99,9,9,99,99,9,9,99,9,99,1,1,1,1,1,33,6,125,1,0,YAMAHA GPD,2,E01002076,0,3
2024451487117,2024,451487117,1,3,0,-1,19,7,3,-1,0,8,5,0,1,0,3,1,-1,6,1,49,8,125,1,0,YAMAHA GPD,7,E01030402,0,1
2024010518177,2024,010518177,1,3,0,18,19,9,9,99,99,0,9,99,9,99,1,1,1,1,2,30,6,125,1,4,YAMAHA GPD,-1,-1,0,-1
2024010520788,2024,010520788,2,3,0,99,99,9,9,99,99,9,9,99,9,99,1,1,1,1,1,28,6,125,1,1,YAMAHA GPD,9,E01000656,0,3
2024010550779,2024,010550779,2,3,0,18,19,5,1,0,0,1,0,0,0,0,1,1,6,6,2,21,5,125,1,0,YAMAHA GPD,4,E01035686,0,4
2024010501125,2024,010501125,1,3,0,99,99,9,9,99,99,0,9,99,9,99,1,1,1,1,1,37,7,125,1,5,YAMAHA GPD,6,E01000575,0,3
2024010498828,2024,010498828,2,3,0,18,19,5,1,0,0,8,0,0,0,0,3,1,6,6,1,56,9,125,1,2,YAMAHA GPD,3,E01034201,0,1
2024010514907,2024,010514907,1,3,0,5,5,8,4,0,0,6,5,0,0,0,2,1,1,1,1,24,5,125,1,1,YAMAHA GPD,3,E01001089,0,1
2024010539468,2024,010539468,1,3,0,99,99,9,9,99,99,9,9,99,9,99,9,1,1,1,3,24,5,125,1,0,YAMAHA GPD,7,E01022679,0,4
2024010525853,2024,010525853,1,3,0,99,99,9,9,99,99,9,9,99,9,99,9,1,2,2,1,23,5,125,1,6,YAMAHA GPD,3,E01003143,0,1
2024010537404,2024,010537404,1,3,0,99,99,9,9,99,99,9,9,99,9,99,9,1,6,6,3,30,6,125,1,0,YAMAHA GPD,5,E01000260,0,3
2024010503061,2024,010503061,1,3,0,99,99,9,9,99,99,9,9,99,9,99,2,1,1,1,1,34,6,125,1,2,YAMAHA GPD,9,E01000455,0,1
2024421519105,2024,421519105,1,3,0,-1,19,2,7,-1,0,0,0,0,1,0,1,1,-1,6,1,27,6,125,1,1,YAMAHA GPD,-1,-1,0,-1
2024010541511,2024,010541511,1,3,0,99,99,9,9,99,99,9,9,99,9,99,9,1,2,2,1,39,7,125,1,0,YAMAHA GPD,3,E01001548,0,1
2024451439669,2024,451439669,2,3,0,-1,4,1,5,-1,0,0,5,0,0,0,2,1,-1,9,2,31,6,125,1,2,YAMAHA GPD,6,E01030502,0,2
2024010517098,2024,010517098,1,3,0,99,99,9,9,99,99,9,9,99,9,99,1,1,1,1,3,31,6,125,1,2,YAMAHA GPD,3,E01033943,0,1
2024010513667,2024,010513667,1,3,0,99,99,9,9,99,99,9,9,99,9,99,9,1,1,1,3,18,4,125,1,2,YAMAHA GPD,3,E01002799,0,2
2024411529598,2024,411529598,2,3,0,-1,-1,-1,-1,-1,-1,-1,-1,-1,-1,0,-1,1,-1,1,1,28,6,125,1,7,YAMAHA GPD,9,E01023712,0,1
2024471424430,2024,471424430,1,3,0,-1,19,1,5,-1,0,0,0,0,0,0,4,1,-1,6,2,29,6,125,1,2,YAMAHA GPD,7,E01030583,0,3
2024010516678,2024,010516678,1,3,9,99,99,9,9,99,99,0,9,99,9,99,9,1,6,6,3,29,6,125,1,3,YAMAHA GPD,6,E01004002,0,1
2024201512953,2024,201512953,1,2,0,-1,19,8,4,-1,0,0,0,0,0,0,1,1,-1,9,1,-1,-1,125,1,3,YAMAHA GPD,1,E01009488,0,1
2024010527093,2024,010527093,2,3,0,15,15,7,3,0,0,4,0,0,0,0,1,1,6,6,1,21,5,125,1,3,YAMAHA GPD,4,E01004038,0,1
2024440373844,2024,440373844,1,3,0,2,2,0,0,0,0,1,0,0,0,0,1,1,6,6,2,22,5,125,1,1,YAMAHA GPD,4,E01017234,0,1
2024421397008,2024,421397008,1,3,0,-1,19,7,3,-1,0,0,1,0,0,0,0,1,-1,6,1,22,5,125,1,6,YAMAHA GPD,10,E01033613,0,1
2024010541989,2024,010541989,2,3,0,4,4,6,2,0,0,0,0,0,0,0,2,1,1,1,1,31,6,125,1,9,YAMAHA GPD,3,E01001703,0,1
2024311466225,2024,311466225,1,4,0,-1,19,6,2,-1,0,1,0,0,0,0,3,1,-1,1,1,28,6,125,1,1,YAMAHA GPD,2,E01013829,0,2
2024010522117,2024,010522117,2,3,0,18,19,5,1,2,2,2,0,0,0,0,1,1,1,1,1,27,6,125,1,2,YAMAHA GPD,4,E01003035,0,1
2024010512665,2024,010512665,1,3,0,99,99,9,9,99,99,9,9,99,9,99,9,1,1,1,1,27,6,125,1,3,YAMAHA GPD,4,E01003548,0,3
2024010544821,2024,010544821,2,19,0,99,99,9,9,99,99,9,9,99,9,99,2,9,6,6,3,34,6,125,1,3,YAMAHA GPD,-1,-1,0,-1
2024471495416,2024,471495416,2,3,0,-1,7,3,5,-1,0,8,0,0,0,0,4,1,-1,6,1,32,6,125,1,1,YAMAHA GPD,7,E01017004,0,1
2024010515021,2024,010515021,2,3,0,18,19,1,5,0,0,1,5,0,0,0,1,1,1,1,1,39,7,125,1,0,YAMAHA GPD,2,E01003509,0,1
2024010534398,2024,010534398,1,3,0,99,99,9,9,99,99,9,9,99,9,99,9,1,1,1,3,34,6,125,1,8,YAMAHA GPD,7,E01000160,0,4
2024010544381,2024,010544381,1,3,0,3,3,9,9,99,99,9,9,99,9,99,9,1,1,1,3,27,6,125,1,2,YAMAHA GPD,1,E01003515,0,1
2024010528016,2024,010528016,1,3,0,99,99,9,9,99,99,9,9,99,9,99,2,1,1,1,1,29,6,125,1,0,YAMAHA GPD,2,E01002076,0,1
2024010508680,2024,010508680,1,3,0,18,19,7,3,99,99,9,9,99,9,99,1,1,1,1,1,41,7,125,1,6,YAMAHA GPD,5,E01001615,0,3
2024010516335,2024,010516335,1,3,0,99,99,9,9,99,99,9,9,99,9,99,1,1,2,2,1,20,4,125,1,2,YAMAHA GPD,2,E01002077,0,4
2024010546702,2024,010546702,2,3,0,99,99,9,9,99,99,9,9,99,9,99,9,1,1,1,1,27,6,125,1,1,YAMAHA GPD,5,E01000619,0,1
2024010504607,2024,010504607,1,3,0,99,99,9,9,99,99,9,9,99,9,99,2,1,1,1,1,46,8,125,1,7,YAMAHA GPD,3,E01004308,0,2
2024010510025,2024,010510025,2,2,0,4,4,3,7,0,0,1,0,0,0,0,2,1,6,6,1,28,6,125,1,3,YAMAHA GPD,5,E01002248,0,2
2024010548215,2024,010548215,1,3,0,99,99,9,9,99,99,9,9,99,9,99,2,1,6,6,2,29,6,125,1,0,YAMAHA GPD,9,E01002108,0,3
2024010541509,2024,010541509,1,3,9,99,99,9,9,99,99,9,9,99,9,99,9,1,1,1,1,24,5,125,1,3,YAMAHA GPD,2,E01002073,0,2
2024010515596,2024,010515596,1,3,0,5,5,8,4,0,0,8,0,7,0,0,4,1,6,6,1,36,7,125,1,2,YAMAHA GPD,4,E01000112,0,1
2024010498034,2024,010498034,1,3,0,99,99,9,9,99,99,9,9,99,9,99,9,1,2,2,3,39,7,125,1,6,YAMAHA GPD,4,E01002088,0,1
2024471473163,2024,471473163,1,3,0,-1,19,1,5,-1,0,0,5,0,0,0,1,1,-1,6,1,24,5,125,1,5,YAMAHA GPD,1,E01016908,0,1
2024010528386,2024,010528386,1,3,0,99,99,9,9,99,99,9,9,99,9,99,9,1,1,1,1,32,6,125,1,4,YAMAHA GPD,7,E01004216,0,3
2024411516424,2024,411516424,1,4,0,-1,19,2,6,-1,0,0,2,0,0,0,1,1,-1,1,1,30,6,125,1,5,YAMAHA GPD,4,E01000229,0,1
2024010508066,2024,010508066,1,3,0,14,14,7,3,0,0,1,5,0,0,0,1,1,6,6,1,22,5,125,1,1,YAMAHA GPD,5,E01033739,0,2
2024010539090,2024,010539090,1,3,0,99,99,9,9,99,99,2,9,99,9,99,9,1,1,1,1,23,5,125,1,1,YAMAHA GPD,6,E01003085,0,1
2024010537779,2024,010537779,1,3,0,99,99,9,9,99,99,0,9,99,9,99,9,1,1,1,3,38,7,125,1,0,YAMAHA GPD,4,E01000406,0,2
2024010530078,2024,010530078,2,3,0,99,99,9,9,99,99,9,9,99,9,99,1,1,6,6,3,-1,-1,125,1,1,YAMAHA GPD,-1,-1,0,-1
2024010540668,2024,010540668,1,3,0,99,99,9,9,99,99,1,9,99,9,99,9,1,1,1,3,26,6,125,1,3,YAMAHA GPD,4,E01000639,0,2
2024010549507,2024,010549507,1,3,0,18,19,3,7,0,0,0,0,0,0,0,4,1,1,1,1,35,6,125,1,1,YAMAHA GPD,5,E01004484,0,1
2024010502347,2024,010502347,1,3,0,99,99,9,9,99,99,9,9,99,9,99,2,1,1,1,1,26,6,125,1,3,YAMAHA GPD,9,E01003682,0,2
2024010539433,2024,010539433,1,3,0,99,99,9,9,99,99,9,9,99,9,99,1,1,2,2,1,27,6,125,1,1,YAMAHA GPD,5,E01001157,0,1
2024010498545,2024,010498545,1,3,0,99,99,9,9,99,99,9,9,99,9,99,9,1,1,1,1,30,6,125,1,3,YAMAHA GPD,4,E01000637,0,1
2024010541569,2024,010541569,1,3,0,99,99,9,9,99,99,9,9,99,9,99,1,1,6,6,1,31,6,125,1,7,YAMAHA GPD,4,E01002070,0,2
2024010543506,2024,010543506,1,3,0,99,99,9,9,99,99,9,9,99,9,99,1,1,1,1,2,25,5,125,1,1,YAMAHA GPD,6,E01003392,0,3
2024010527518,2024,010527518,2,3,0,99,99,9,9,99,99,9,9,99,9,99,1,1,2,2,1,30,6,125,1,6,YAMAHA GPD,5,E01004523,0,3
2024010534583,2024,010534583,1,3,0,99,99,9,9,99,99,1,9,99,9,99,1,1,1,1,1,29,6,125,1,2,YAMAHA GPD,3,E01001175,0,1
2024010547814,2024,010547814,1,3,0,4,4,5,1,0,0,1,1,0,0,0,2,1,6,6,1,28,6,125,1,5,YAMAHA GPD,5,E01004457,0,1
2024411513111,2024,411513111,2,3,-1,-1,-1,-1,-1,-1,-1,-1,-1,-1,-1,0,1,1,-1,1,1,41,7,125,1,1,YAMAHA GPD,4,E01000621,0,3
2024010507504,2024,010507504,1,3,0,18,19,9,9,99,99,1,9,99,9,99,9,1,1,1,2,29,6,125,1,1,YAMAHA GPD,5,E01000586,0,1
2024421510281,2024,421510281,2,3,0,-1,19,7,3,-1,0,1,0,0,0,0,1,1,-1,6,1,32,6,125,1,0,YAMAHA GPD,3,E01015882,0,1
2024010507705,2024,010507705,1,3,0,18,19,1,5,0,0,8,0,0,0,0,1,1,2,2,1,29,6,125,1,2,YAMAHA GPD,3,E01035241,0,4
2024010521738,2024,010521738,2,3,0,18,19,3,7,0,0,3,0,0,0,0,0,1,1,1,1,25,5,125,1,5,YAMAHA GPD,2,E01000739,0,2
2024010539008,2024,010539008,1,3,0,9,9,8,5,0,0,8,5,0,0,0,3,1,2,2,1,32,6,125,1,0,YAMAHA GPD,-1,-1,0,-1
2024010524559,2024,010524559,1,3,0,18,19,1,5,0,0,2,0,4,0,0,1,1,6,6,1,24,5,125,1,3,YAMAHA GPD,5,E01015952,0,4
2024010526038,2024,010526038,2,3,0,18,19,5,1,0,0,1,0,0,0,0,1,1,6,6,1,21,5,125,1,3,YAMAHA GPD,2,E01004067,0,1
2024010534408,2024,010534408,2,3,0,13,13,7,3,0,0,1,2,0,1,0,1,1,2,2,1,21,5,125,1,1,YAMAHA GPD,-1,-1,0,-1
2024010545213,2024,010545213,1,3,0,5,5,5,1,0,0,0,0,0,0,0,1,1,1,1,1,24,5,125,1,0,YAMAHA GPD,2,E01003267,0,1
2024010535928,2024,010535928,1,3,0,99,99,9,9,99,99,9,9,99,9,99,9,1,6,6,3,50,8,125,1,0,YAMAHA GPD,5,E01000224,0,2
2024010515756,2024,010515756,1,3,0,99,99,9,9,99,99,9,9,99,9,99,9,1,2,2,1,23,5,125,1,6,YAMAHA GPD,9,E01000349,0,4
2024010538249,2024,010538249,1,3,0,99,99,9,9,99,99,9,9,99,9,99,1,1,1,1,3,43,7,125,1,2,YAMAHA GPD,3,E01001177,0,1
2024411533928,2024,411533928,2,3,0,-1,19,2,4,-1,0,1,0,0,0,0,1,1,-1,6,1,30,6,125,1,4,YAMAHA GPD,4,E01023937,0,2
2024010545574,2024,010545574,1,3,0,18,19,4,8,0,0,2,0,0,0,0,1,1,2,2,1,19,4,125,1,3,YAMAHA GPD,3,E01035498,0,1
2024010504762,2024,010504762,1,3,0,99,99,9,9,99,99,9,9,99,9,99,1,1,1,1,1,27,6,125,1,1,YAMAHA GPD,2,E01002033,0,1
2024421456991,2024,421456991,2,3,-1,-1,19,1,5,-1,0,1,0,0,0,0,-1,1,-1,1,2,44,7,125,1,2,YAMAHA GPD,7,E01004360,0,1
2024010508853,2024,010508853,1,3,0,18,19,7,3,0,0,0,0,0,0,0,1,1,6,6,1,28,6,125,1,1,YAMAHA GPD,-1,-1,0,-1
2024010513993,2024,010513993,1,3,0,99,99,9,9,99,99,9,9,99,9,99,9,1,1,1,2,28,6,125,1,2,YAMAHA GPD,4,E01001595,0,3
2024010523623,2024,010523623,1,3,0,99,99,9,9,99,99,4,9,99,9,99,9,1,6,6,1,28,6,125,1,1,YAMAHA GPD,7,E01002121,0,2
2024010547773,2024,010547773,1,3,0,18,19,3,7,0,0,1,0,0,0,0,1,1,1,1,1,23,5,125,1,6,YAMAHA GPD,3,E01003560,0,1
2024010547089,2024,010547089,1,3,0,99,99,9,9,99,99,9,9,99,9,99,9,1,1,1,1,50,8,125,1,4,YAMAHA GPD,2,E01001461,0,1
2024010535167,2024,010535167,1,3,0,18,19,5,1,0,0,0,0,0,0,0,1,1,6,6,3,-1,-1,125,1,1,YAMAHA GPD,-1,-1,0,-1
2024010545386,2024,010545386,2,3,0,18,19,5,1,0,0,8,2,0,0,0,0,1,6,6,1,32,6,125,1,4,YAMAHA GPD,2,E01001458,0,1
2024010500049,2024,010500049,2,3,0,18,19,3,7,0,0,2,0,0,0,0,3,1,6,6,1,42,7,125,1,1,YAMAHA GPD,4,E01034384,0,3
2024010514937,2024,010514937,2,3,0,18,19,5,1,0,0,0,0,0,0,0,1,1,6,6,1,23,5,125,1,3,YAMAHA GPD,4,E01001724,0,2
2024451451955,2024,451451955,1,3,0,-1,19,-1,-1,-1,0,0,0,0,0,0,1,1,-1,6,1,26,6,125,1,1,YAMAHA GPD,6,E01022875,0,1
2024340WN1352,2024,340WN1352,2,3,0,-1,19,4,8,-1,0,8,5,0,0,0,4,1,-1,2,2,25,5,125,1,9,YAMAHA GPD,9,E01027016,0,3
2024010519230,2024,010519230,1,3,0,13,13,3,7,0,0,1,0,0,0,0,1,1,6,6,1,28,6,125,1,3,YAMAHA GPD,1,E01002081,0,1
2024010526242,2024,010526242,1,3,0,15,15,2,6,0,0,0,0,8,0,0,3,1,1,1,1,26,6,125,1,2,YAMAHA GPD,6,E01035715,0,1
2024010529421,2024,010529421,2,3,9,13,13,9,9,99,99,1,9,99,9,99,9,1,1,1,1,28,6,125,1,0,YAMAHA GPD,3,E01003143,0,1
2024010506264,2024,010506264,1,3,0,99,99,9,9,99,99,9,9,99,9,99,9,1,1,1,3,38,7,125,1,5,YAMAHA GPD,5,E01000006,0,4
2024991464040,2024,991464040,2,3,0,-1,7,6,8,-1,0,1,0,0,0,0,0,1,-1,1,1,30,6,125,1,6,YAMAHA GPD,2,-1,0,2
2024010514789,2024,010514789,1,3,0,99,99,9,9,99,99,9,9,99,9,99,1,1,1,1,1,21,5,125,1,6,YAMAHA GPD,2,E01001558,0,3
2024010531101,2024,010531101,1,3,0,99,99,9,9,99,99,9,9,99,9,99,2,1,1,1,1,27,6,125,1,4,YAMAHA GPD,2,E01004424,0,1
2024451432633,2024,451432633,1,3,0,-1,19,5,1,-1,0,0,0,0,0,0,4,1,-1,2,2,31,6,125,1,0,YAMAHA GPD,5,E01000676,0,4
2024010497837,2024,010497837,1,4,0,3,3,1,5,0,0,1,0,0,0,0,1,1,6,6,1,42,7,125,1,2,YAMAHA GPD,4,E01001087,0,1
2024052402622,2024,052402622,2,3,0,18,19,7,3,0,0,0,0,0,0,0,1,1,6,6,1,17,4,125,1,1,YAMAHA GPD,1,E01006726,0,2
2024010546569,2024,010546569,1,4,0,14,14,2,6,0,0,0,0,0,0,0,1,1,6,6,2,30,6,125,1,0,YAMAHA GPD,3,E01003143,0,1
2024421477033,2024,421477033,1,4,0,-1,19,3,7,-1,0,0,0,0,0,0,1,1,-1,6,1,18,4,125,1,3,YAMAHA GPD,4,E01021862,0,1
2024421480639,2024,421480639,1,3,0,-1,9,5,7,-1,0,8,0,0,0,0,1,1,-1,1,2,28,6,125,1,6,YAMAHA GPD,6,E01021344,0,4
2024010545902,2024,010545902,1,3,0,99,99,9,9,99,99,9,9,99,9,99,1,1,1,1,1,27,6,125,1,0,YAMAHA GPD,4,E01003282,0,1
2024010518212,2024,010518212,1,3,0,99,99,9,9,99,99,9,9,99,9,99,9,1,2,2,1,48,8,125,1,1,YAMAHA GPD,1,E01002037,0,1
2024522403243,2024,522403243,1,3,0,3,3,2,6,0,0,1,0,0,0,0,1,1,6,6,1,46,8,125,1,0,YAMAHA GPD,8,E01014982,0,2
2024010501799,2024,010501799,2,3,0,15,15,7,3,0,0,0,0,10,1,0,1,1,1,1,1,30,6,125,1,1,YAMAHA GPD,5,E01004684,0,1
2024010550943,2024,010550943,1,3,0,99,99,9,9,99,99,9,9,99,9,99,9,1,6,6,3,26,6,125,1,0,YAMAHA GPD,4,E01001391,0,1
2024010522688,2024,010522688,2,3,0,9,9,5,3,0,0,8,0,0,0,0,1,1,6,6,1,28,6,125,1,4,YAMAHA GPD,2,E01002778,0,1
2024010542917,2024,010542917,2,3,0,15,15,1,5,0,0,6,0,0,0,0,2,1,6,6,1,29,6,125,1,3,YAMAHA GPD,3,E01003972,0,1
2024622400847,2024,622400847,1,4,0,18,19,8,4,0,0,0,0,0,0,0,1,1,1,1,1,31,6,125,1,0,YAMAHA GPD,1,W01001687,0,4
2024010532428,2024,010532428,2,3,0,7,7,1,4,0,0,1,0,0,0,0,1,1,1,1,1,27,6,125,1,3,YAMAHA GPD,6,E01001253,0,1
2024010514065,2024,010514065,2,4,0,18,19,1,5,0,0,0,0,0,0,0,1,1,6,6,1,18,4,125,1,3,YAMAHA GPD,-1,-1,0,-1
2024010490158,2024,010490158,1,3,0,18,19,1,5,0,0,0,2,2,0,0,3,1,1,1,1,28,6,125,1,7,YAMAHA GPD,3,E01003574,0,1
2024471457368,2024,471457368,1,3,0,-1,13,6,2,-1,0,0,5,0,0,0,1,1,-1,6,1,-1,-1,125,1,7,YAMAHA GPD,-1,-1,0,-1
2024010501789,2024,010501789,1,3,0,99,99,9,9,99,99,9,9,99,9,99,9,1,1,1,3,36,7,125,1,3,YAMAHA GPD,1,E01002082,0,1
2024010524301,2024,010524301,1,3,0,18,19,9,9,99,99,1,9,99,9,99,1,1,6,6,1,26,6,125,1,4,YAMAHA GPD,3,E01034203,0,1
2024010521599,2024,010521599,2,3,0,5,5,6,2,0,0,3,5,0,0,0,2,1,1,1,1,25,5,125,1,2,YAMAHA GPD,5,E01002234,0,1
2024421449857,2024,421449857,1,3,0,-1,19,5,5,-1,0,4,0,0,0,0,1,1,-1,6,1,21,5,125,1,6,YAMAHA GPD,-1,-1,0,-1
2024010514775,2024,010514775,1,3,0,99,99,9,9,99,99,0,9,99,9,99,9,1,1,1,1,41,7,125,1,4,YAMAHA GPD,9,E01003818,0,1
2024010515893,2024,010515893,1,3,0,99,99,9,9,99,99,9,9,99,9,99,9,1,1,1,1,24,5,125,1,6,YAMAHA GPD,5,E01001681,0,2
2024010521152,2024,010521152,1,3,9,99,99,9,9,99,99,9,9,99,9,99,9,1,1,1,1,18,4,125,1,1,YAMAHA GPD,5,E01033741,0,1
2024010499533,2024,010499533,1,3,0,99,99,9,9,99,99,9,9,99,9,99,9,1,1,1,1,26,6,125,1,2,YAMAHA GPD,6,E01003140,0,1
2024010550511,2024,010550511,1,3,0,15,15,7,3,4,4,1,0,0,1,0,4,1,1,1,1,33,6,125,1,3,YAMAHA GPD,5,E01004438,0,1
2024010521640,2024,010521640,1,4,0,14,14,5,1,0,0,5,0,0,0,0,3,1,2,2,1,49,8,125,1,1,YAMAHA GPD,5,E01000170,0,3
2024010516727,2024,010516727,2,3,0,99,99,9,9,99,99,9,9,99,9,99,9,1,1,1,1,48,8,125,1,1,YAMAHA GPD,3,E01002552,0,1
2024010536710,2024,010536710,1,3,0,18,19,1,5,0,0,0,0,0,0,0,2,1,6,6,1,24,5,125,1,3,YAMAHA GPD,-1,-1,0,-1
2024052401005,2024,052401005,2,4,0,7,7,4,6,0,0,1,0,0,0,0,1,1,6,6,1,22,5,125,1,6,YAMAHA GPD,1,E01006768,0,1
2024010531855,2024,010531855,1,3,0,16,19,5,1,0,0,0,0,0,0,0,1,1,2,2,1,31,6,125,1,0,YAMAHA GPD,8,E01002372,0,1
2024411539354,2024,411539354,2,3,0,-1,9,1,7,-1,0,8,0,0,0,0,1,1,-1,7,1,41,7,125,1,4,YAMAHA GPD,2,E01001505,0,2
2024010523711,2024,010523711,1,3,0,99,99,9,9,99,99,9,9,99,9,99,9,1,1,1,1,31,6,125,1,0,YAMAHA GPD,2,E01001509,0,4
2024010516966,2024,010516966,2,4,0,99,99,9,9,99,99,9,9,99,9,99,9,1,6,6,1,38,7,125,1,1,YAMAHA GPD,6,E01003314,0,1
2024421431069,2024,421431069,1,3,0,-1,19,3,6,-1,0,8,5,0,0,0,1,1,-1,6,1,28,6,125,1,5,YAMAHA GPD,9,E01003744,0,1