collision_index,collision_year,collision_ref_no,vehicle_reference,vehicle_type,towing_and_articulation,vehicle_manoeuvre_historic,vehicle_manoeuvre,vehicle_direction_from,vehicle_direction_to,vehicle_location_restricted_lane_historic,vehicle_location_restricted_lane,junction_location,skidding_and_overturning,hit_object_in_carriageway,vehicle_leaving_carriageway,hit_object_off_carriageway,first_point_of_impact,vehicle_left_hand_drive,journey_purpose_of_driver_historic,journey_purpose_of_driver,sex_of_driver,age_of_driver,age_band_of_driver,engine_capacity_cc,propulsion_code,age_of_vehicle,generic_make_model,driver_imd_decile,lsoa_of_driver,escooter_flag,driver_distance_banding
2024010535527,2024,010535527,2,3,0,99,99,9,9,99,99,9,9,99,9,99,1,1,6,6,3,-1,-1,125,1,3,YAMAHA GPD,-1,-1,0,-1
2024010502191,2024,010502191,1,3,0,99,99,9,9,99,99,9,9,99,9,99,9,1,1,1,1,30,6,125,1,6,YAMAHA GPD,2,E01000021,0,1
2024010546306,2024,010546306,1,3,9,99,99,9,9,99,99,9,9,99,9,99,9,1,1,1,3,28,6,125,1,1,YAMAHA GPD,2,E01003044,0,2
2024010537392,2024,010537392,1,3,0,99,99,9,9,99,99,9,9,99,9,99,1,1,2,2,1,19,4,125,1,5,YAMAHA GPD,2,E01002073,0,1
2024010535462,2024,010535462,1,3,0,99,99,9,9,99,99,9,9,99,9,99,9,1,2,2,1,35,6,125,1,0,YAMAHA GPD,4,E01001087,0,1
2024010541773,2024,010541773,1,3,9,99,99,9,9,99,99,9,9,99,9,99,2,1,1,1,1,38,7,125,1,4,YAMAHA GPD,3,E01001311,0,1
2024010506364,2024,010506364,2,4,0,18,19,5,1,0,0,1,0,0,0,0,4,1,6,6,1,21,5,125,1,3,YAMAHA GPD,3,E01034389,0,2
2024010516903,2024,010516903,1,2,0,18,19,7,3,4,4,0,0,0,0,0,1,1,6,6,1,18,4,125,1,4,YAMAHA GPD,3,E01002766,0,1
2024010508507,2024,010508507,1,3,0,99,99,9,9,99,99,9,9,99,9,99,1,1,1,1,1,28,6,125,1,4,YAMAHA GPD,3,E01001448,0,3
2024010530302,2024,010530302,1,3,0,99,99,9,9,99,99,9,9,99,9,99,9,1,1,1,1,36,7,125,1,3,YAMAHA GPD,3,E01003120,0,1
2024010507498,2024,010507498,1,3,0,99,99,9,9,99,99,0,9,99,9,99,2,1,2,2,1,33,6,125,1,1,YAMAHA GPD,3,E01001547,0,4
2024010504776,2024,010504776,1,3,0,7,7,1,3,0,0,1,0,0,0,0,1,1,2,2,1,26,6,125,1,5,YAMAHA GPD,2,E01003591,0,2
2024010521483,2024,010521483,2,3,0,5,5,1,5,0,0,2,0,0,0,0,3,1,6,6,1,24,5,125,1,4,YAMAHA GPD,2,E01001110,0,1
2024010535108,2024,010535108,2,3,0,3,3,5,1,0,0,1,1,0,0,0,3,1,6,6,1,25,5,125,1,1,YAMAHA GPD,5,E01003116,0,1
2024010549056,2024,010549056,2,3,0,99,99,9,9,99,99,1,9,99,9,99,9,1,6,6,1,27,6,125,1,3,YAMAHA GPD,3,E01003581,0,1
2024451414568,2024,451414568,2,3,0,-1,19,1,3,-1,0,0,0,0,0,0,1,1,-1,6,1,30,6,125,1,6,YAMAHA GPD,-1,-1,0,-1
2024010521181,2024,010521181,2,3,0,18,19,5,1,0,0,1,0,0,0,0,4,1,6,6,1,23,5,125,1,1,YAMAHA GPD,2,E01003037,0,1
2024010512511,2024,010512511,1,3,0,99,99,9,9,99,99,9,9,99,9,99,1,1,2,2,1,23,5,125,1,7,YAMAHA GPD,4,E01001972,0,2
2024010517960,2024,010517960,2,3,0,99,99,9,9,99,99,0,9,99,9,99,9,1,1,1,1,48,8,125,1,3,YAMAHA GPD,3,E01001445,0,4
2024010534427,2024,010534427,1,3,0,14,14,5,1,0,0,1,1,0,0,0,1,1,1,1,1,38,7,125,1,1,YAMAHA GPD,6,E01000142,0,1
2024010514375,2024,010514375,1,3,0,99,99,9,9,99,99,9,9,99,9,99,9,1,2,2,1,33,6,125,1,3,YAMAHA GPD,3,E01003521,0,4
2024010500225,2024,010500225,1,3,0,99,99,9,9,99,99,9,9,99,9,99,1,1,2,2,1,29,6,125,1,3,YAMAHA GPD,1,E01000093,0,3
2024010502134,2024,010502134,2,4,0,15,15,5,1,2,2,8,0,0,0,0,1,1,6,6,1,23,5,125,1,6,YAMAHA GPD,2,E01000386,0,2
2024010526989,2024,010526989,1,3,0,99,99,9,9,99,99,9,9,99,9,99,9,1,1,1,3,37,7,125,1,1,YAMAHA GPD,5,E01000747,0,3
2024010503961,2024,010503961,2,3,0,18,19,6,2,0,0,1,0,0,0,0,1,1,2,2,1,25,5,125,1,3,YAMAHA GPD,4,E01002048,0,3
2024421468598,2024,421468598,2,3,0,-1,3,8,3,-1,0,4,0,0,0,0,2,1,-1,2,1,22,5,125,1,1,YAMAHA GPD,3,E01021245,0,3
2024471487890,2024,471487890,1,3,0,-1,4,5,1,-1,0,8,0,4,0,0,4,1,-1,1,1,23,5,125,1,3,YAMAHA GPD,2,E01031790,0,1
2024010523049,2024,010523049,2,3,0,18,19,7,3,0,0,1,0,0,1,0,1,1,6,6,1,25,5,125,1,1,YAMAHA GPD,6,E01001572,0,3
2024010540431,2024,010540431,1,3,0,99,99,9,9,99,99,9,9,99,9,99,9,1,1,1,1,-1,-1,125,1,4,YAMAHA GPD,2,E01000509,0,1
2024440566605,2024,440566605,2,3,0,18,19,8,4,0,0,8,0,0,0,0,1,1,2,2,1,27,6,125,1,3,YAMAHA GPD,10,E01022698,0,1
2024010543015,2024,010543015,1,3,0,99,99,9,9,99,99,9,9,99,9,99,9,1,1,1,3,20,4,125,1,5,YAMAHA GPD,6,E01035443,0,4
2024010526632,2024,010526632,1,3,0,99,99,9,9,99,99,9,9,99,9,99,9,1,1,1,3,42,7,125,1,1,YAMAHA GPD,5,E01004610,0,1
2024010496204,2024,010496204,1,3,0,18,19,5,1,0,0,1,0,0,0,0,1,1,1,1,1,29,6,125,1,2,YAMAHA GPD,3,E01004467,0,1
2024010498564,2024,010498564,1,3,0,18,19,9,9,99,99,9,9,99,9,99,2,1,1,1,1,25,5,125,1,3,YAMAHA GPD,5,E01001854,0,1
2024201483640,2024,201483640,2,4,0,-1,5,5,1,-1,0,1,0,0,0,0,2,1,-1,1,1,27,6,125,1,5,YAMAHA GPD,2,E01010049,0,1
2024522401742,2024,522401742,1,3,0,18,19,5,1,0,0,8,0,0,0,0,1,1,6,6,1,25,5,125,1,3,YAMAHA GPD,1,E01033358,0,1
2024010511167,2024,010511167,1,3,0,4,4,7,3,0,0,1,0,0,7,0,1,1,6,6,1,22,5,125,1,4,YAMAHA GPD,2,E01002879,0,1
2024010523986,2024,010523986,1,3,0,99,99,9,9,99,99,9,9,99,9,99,9,1,2,2,1,27,6,125,1,4,YAMAHA GPD,6,E01001245,0,2
2024010534015,2024,010534015,1,3,0,99,99,9,9,99,99,0,9,99,9,99,1,1,1,1,1,26,6,125,1,3,YAMAHA GPD,5,E01000468,0,1
2024411402766,2024,411402766,2,3,-1,-1,-1,-1,-1,-1,-1,-1,-1,-1,-1,0,-1,1,-1,2,1,24,5,125,1,3,YAMAHA GPD,4,E01003596,0,4
2024010540654,2024,010540654,1,3,0,9,9,3,2,0,0,2,5,0,0,0,1,1,6,6,1,26,6,125,1,1,YAMAHA GPD,4,E01004411,0,1
2024430217170,2024,430217170,1,3,0,3,3,9,9,0,0,0,0,0,0,0,1,1,6,6,1,21,5,125,1,4,YAMAHA GPD,4,E01034616,0,3
2024010547924,2024,010547924,1,3,0,99,99,9,9,99,99,9,9,99,9,99,1,1,6,6,1,-1,-1,125,1,1,YAMAHA GPD,5,E01004096,0,2
2024010546827,2024,010546827,2,3,0,99,99,9,9,99,99,9,9,99,9,99,1,1,6,6,3,-1,-1,125,1,7,YAMAHA GPD,-1,-1,0,-1
2024010500572,2024,010500572,1,3,0,99,99,9,9,99,99,9,9,99,9,99,9,1,1,1,1,53,8,125,1,6,YAMAHA GPD,3,E01003976,0,3
2024010539925,2024,010539925,2,4,0,3,3,5,1,9,9,2,0,0,0,0,2,1,6,6,1,39,7,125,1,4,YAMAHA GPD,3,E01002084,0,1
2024201513740,2024,201513740,1,3,0,-1,3,5,1,-1,0,1,0,0,0,0,2,1,-1,9,1,40,7,125,1,3,YAMAHA GPD,1,E01009334,0,1
2024440210282,2024,440210282,1,3,0,18,19,1,5,0,0,0,0,0,0,0,1,1,1,1,1,31,6,125,1,1,YAMAHA GPD,2,E01032750,0,1
2024010504046,2024,010504046,1,3,0,12,12,5,1,0,0,1,0,0,0,0,3,1,6,6,1,47,8,125,1,6,YAMAHA GPD,2,E01001554,0,2
2024010507496,2024,010507496,1,3,0,99,99,9,9,99,99,9,9,99,9,99,9,1,1,1,1,42,7,125,1,3,YAMAHA GPD,6,E01001952,0,3
2024421442855,2024,421442855,2,3,0,-1,3,1,5,-1,0,1,0,0,0,0,2,1,-1,2,1,24,5,125,1,4,YAMAHA GPD,10,E01034084,0,1
2024421484092,2024,421484092,2,3,0,-1,19,1,5,-1,0,1,0,0,0,0,4,1,-1,6,1,19,4,125,1,0,YAMAHA GPD,2,E01003509,0,4
2024010518147,2024,010518147,1,3,0,99,99,9,9,99,99,9,9,99,9,99,9,1,1,1,3,18,4,125,1,3,YAMAHA GPD,4,E01000035,0,1
2024010517150,2024,010517150,2,3,0,18,19,2,6,0,0,8,0,0,0,0,1,1,6,6,1,24,5,125,1,5,YAMAHA GPD,-1,-1,0,-1
2024010541544,2024,010541544,2,3,0,18,19,7,3,0,0,2,0,0,0,0,1,1,6,6,1,33,6,125,1,0,YAMAHA GPD,4,E01001323,0,3
2024010520770,2024,010520770,1,3,0,99,99,9,9,99,99,9,9,99,9,99,9,1,1,1,3,26,6,125,1,1,YAMAHA GPD,4,E01000613,0,3
2024010502758,2024,010502758,1,3,0,13,13,1,5,0,0,1,0,0,7,0,3,1,6,6,1,22,5,125,1,8,YAMAHA GPD,3,E01003024,0,1
2024440326173,2024,440326173,2,3,0,13,13,7,3,0,0,8,0,0,0,0,1,1,6,6,1,17,4,125,1,4,YAMAHA GPD,3,E01022552,0,1
2024010542499,2024,010542499,2,3,0,18,19,3,7,0,0,1,0,0,0,0,0,1,1,1,1,29,6,125,1,1,YAMAHA GPD,2,E01003511,0,1
2024010541618,2024,010541618,1,3,0,99,99,9,9,99,99,9,9,99,9,99,9,1,1,1,3,22,5,125,1,3,YAMAHA GPD,1,E01001730,0,1
2024010519758,2024,010519758,2,3,0,14,14,3,7,0,0,8,2,0,0,0,4,1,6,6,1,32,6,125,1,9,YAMAHA GPD,5,E01001933,0,2
2024010509393,2024,010509393,1,3,0,99,99,9,9,99,99,9,9,99,9,99,1,1,1,1,3,33,6,125,1,1,YAMAHA GPD,4,E01002313,0,3
2024010528873,2024,010528873,1,3,0,99,99,9,9,99,99,9,9,99,9,99,1,9,1,1,1,24,5,125,1,0,YAMAHA GPD,3,E01000082,0,3
2024010533260,2024,010533260,1,3,0,99,99,9,9,99,99,9,9,99,9,99,9,1,1,1,3,26,6,125,1,1,YAMAHA GPD,2,E01002069,0,3
2024010510112,2024,010510112,1,3,0,99,99,9,9,99,99,9,9,99,9,99,1,1,1,1,1,38,7,125,1,3,YAMAHA GPD,2,E01001505,0,1
2024010504051,2024,010504051,1,3,0,99,99,9,9,9,9,9,5,0,0,0,1,1,1,1,1,30,6,125,1,0,YAMAHA GPD,2,E01001479,0,2
2024010503127,2024,010503127,1,3,0,99,99,9,9,99,99,9,9,99,9,99,1,1,1,1,3,21,5,125,1,3,YAMAHA GPD,2,E01001439,0,3
2024010510874,2024,010510874,2,3,0,9,9,5,2,0,0,8,5,0,0,0,2,1,6,6,1,35,6,125,1,2,YAMAHA GPD,3,E01002562,0,1
2024010523710,2024,010523710,1,3,0,15,15,3,7,0,0,1,0,4,1,0,1,1,6,6,1,43,7,125,1,0,YAMAHA GPD,7,E01004216,0,1
2024010523460,2024,010523460,1,3,0,99,99,9,9,99,99,9,9,99,9,99,9,1,6,6,1,41,7,125,1,3,YAMAHA GPD,2,E01001696,0,3
2024010524723,2024,010524723,1,3,0,14,14,3,7,0,0,1,0,0,0,0,1,1,2,2,1,32,6,125,1,6,YAMAHA GPD,2,E01001827,0,1
2024010532698,2024,010532698,2,3,0,18,19,7,3,0,0,1,0,0,0,0,2,1,1,1,1,40,7,125,1,3,YAMAHA GPD,3,E01004573,0,1
2024010542911,2024,010542911,1,3,0,18,19,5,1,0,0,8,0,0,0,0,1,1,6,6,1,38,7,125,1,3,YAMAHA GPD,5,E01000534,0,2
2024361440464,2024,361440464,1,3,0,-1,14,6,2,-1,0,1,0,0,0,0,1,1,-1,2,1,32,6,125,1,4,YAMAHA GPD,4,E01035137,0,1
2024421414672,2024,421414672,2,3,0,-1,3,3,7,-1,0,4,0,0,0,0,2,1,-1,6,1,23,5,125,1,1,YAMAHA GPD,3,E01021245,0,3
2024411439781,2024,411439781,2,4,0,-1,19,4,8,-1,0,8,0,0,0,0,1,1,-1,9,1,19,4,125,1,5,YAMAHA GPD,4,E01023925,0,1
2024471468259,2024,471468259,2,3,0,-1,19,1,5,-1,0,0,0,0,0,0,1,1,-1,6,1,27,6,125,1,2,YAMAHA GPD,1,E01016904,0,1
2024010496882,2024,010496882,2,3,0,18,19,1,5,0,0,1,0,0,0,0,1,1,6,6,1,23,5,125,1,4,YAMAHA GPD,-1,-1,0,-1
2024411499198,2024,411499198,2,3,0,-1,19,3,7,-1,0,8,9,99,0,0,1,1,-1,2,1,44,7,125,1,3,YAMAHA GPD,4,E01033919,0,2
2024010539688,2024,010539688,1,3,0,99,99,9,9,99,99,0,9,99,9,99,9,1,6,6,1,24,5,125,1,0,YAMAHA GPD,2,E01001558,0,4
2024010537354,2024,010537354,1,3,9,99,99,9,9,99,99,9,9,99,9,99,9,1,1,1,3,34,6,125,1,1,YAMAHA GPD,6,E01001408,0,3
2024010522534,2024,010522534,1,3,0,99,99,9,9,99,99,0,9,99,9,99,9,1,1,1,3,48,8,125,1,3,YAMAHA GPD,2,E01004219,0,1
2024010525888,2024,010525888,1,3,0,99,99,9,9,99,99,9,9,99,9,99,9,1,1,1,3,36,7,125,1,0,YAMAHA GPD,6,E01002111,0,1
2024010551270,2024,010551270,2,2,0,18,19,8,4,0,0,8,0,0,0,0,1,1,2,2,1,25,5,125,1,4,YAMAHA GPD,4,E01002130,0,1
2024010512367,2024,010512367,2,3,0,18,19,3,7,0,0,1,0,0,0,0,1,1,6,6,1,36,7,125,1,8,YAMAHA GPD,-1,-1,0,-1
2024010510924,2024,010510924,1,3,0,5,5,1,5,2,2,1,0,10,0,0,2,1,6,6,1,21,5,125,1,3,YAMAHA GPD,4,E01003999,0,1
2024302401130,2024,302401130,1,2,0,14,14,4,8,0,0,0,0,0,0,0,1,1,6,6,1,-1,-1,125,1,3,YAMAHA GPD,2,E01013483,0,1
2024010514012,2024,010514012,1,3,0,99,99,9,9,99,99,9,9,99,9,99,9,1,1,1,1,37,7,125,1,7,YAMAHA GPD,3,E01035666,0,2
2024010535553,2024,010535553,2,3,0,99,99,9,9,99,99,9,9,99,9,99,9,1,6,6,3,56,9,125,1,4,YAMAHA GPD,2,E01000084,0,2
2024411440803,2024,411440803,1,3,0,-1,14,5,1,-1,0,0,5,4,0,0,1,1,-1,1,1,40,7,125,1,3,YAMAHA GPD,3,E01023336,0,1
2024010521257,2024,010521257,2,3,0,4,4,5,1,0,0,1,0,0,0,0,2,1,6,6,1,23,5,125,1,8,YAMAHA GPD,2,E01000533,0,1
2024010507106,2024,010507106,1,2,0,13,13,3,7,0,0,1,1,0,0,0,3,1,6,6,1,24,5,125,1,2,YAMAHA GPD,2,E01001911,0,1
2024010539942,2024,010539942,2,3,0,18,19,3,7,0,0,0,0,0,0,0,1,1,6,6,1,19,4,125,1,2,YAMAHA GPD,2,E01003190,0,3
2024010543790,2024,010543790,1,3,0,6,6,7,7,0,0,1,5,0,0,0,1,1,1,1,1,36,7,125,1,0,YAMAHA GPD,-1,-1,0,-1
2024451497517,2024,451497517,3,3,0,-1,19,7,4,-1,0,1,0,0,0,0,1,1,-1,2,1,24,5,125,1,3,YAMAHA GPD,6,E01030310,0,2
2024471425346,2024,471425346,1,90,0,-1,19,3,7,-1,0,0,0,0,0,0,3,1,-1,9,1,30,6,125,1,3,YAMAHA GPD,9,E01031590,0,1
2024010526324,2024,010526324,2,4,0,18,19,5,1,0,0,1,0,0,1,0,1,1,6,6,1,31,6,125,1,4,YAMAHA GPD,4,E01003916,0,1
2024010512567,2024,010512567,1,3,0,99,99,9,9,99,99,9,9,99,9,99,1,1,1,1,2,32,6,125,1,1,YAMAHA GPD,6,E01003435,0,1
2024010521416,2024,010521416,2,3,0,18,19,5,1,0,0,1,0,0,0,0,1,1,6,6,1,17,4,125,1,6,YAMAHA GPD,7,E01000816,0,1
2024010536319,2024,010536319,2,3,0,18,19,5,1,0,0,0,0,4,0,0,1,1,6,6,1,34,6,125,1,0,YAMAHA GPD,4,E01000477,0,2
2024010503394,2024,010503394,1,3,0,99,99,9,9,99,99,9,9,99,9,99,9,1,1,1,3,33,6,125,1,3,YAMAHA GPD,6,E01001685,0,4
2024010527188,2024,010527188,1,3,0,99,99,9,9,99,99,9,9,99,9,99,1,1,1,1,1,32,6,125,1,0,YAMAHA GPD,2,E01002069,0,2
2024440143709,2024,440143709,2,3,0,18,19,1,5,0,0,8,0,0,0,0,1,1,1,1,1,28,6,125,1,1,YAMAHA GPD,5,E01017171,0,1
2024430343980,2024,430343980,2,3,0,18,19,7,3,0,0,0,0,0,0,0,3,1,2,2,3,40,7,125,1,7,YAMAHA GPD,3,E01028577,0,1
2024201489976,2024,201489976,2,4,0,-1,7,3,4,-1,0,6,0,8,0,0,3,1,-1,6,1,35,6,125,1,2,YAMAHA GPD,1,E01010527,0,4
2024010517928,2024,010517928,2,3,0,18,19,5,1,0,0,8,0,0,0,0,1,1,1,1,1,22,5,125,1,4,YAMAHA GPD,6,E01002258,0,4
2024010519532,2024,010519532,1,3,0,99,99,9,9,99,99,9,9,99,9,99,9,1,1,1,1,30,6,125,1,3,YAMAHA GPD,4,E01000171,0,3
2024010503395,2024,010503395,1,3,0,99,99,9,9,99,99,9,9,99,9,99,9,1,1,1,1,27,6,125,1,0,YAMAHA GPD,1,E01004042,0,3
2024421461466,2024,421461466,2,3,0,-1,19,4,8,-1,0,0,0,0,1,0,3,1,-1,1,1,32,6,125,1,1,YAMAHA GPD,3,E01001448,0,4
2024010507721,2024,010507721,1,3,9,99,99,9,9,99,99,9,9,99,9,99,2,1,1,1,1,29,6,125,1,0,YAMAHA GPD,1,E01002095,0,1
2024010532017,2024,010532017,2,4,0,9,9,1,7,0,0,1,0,0,0,0,1,1,6,6,1,29,6,125,1,3,YAMAHA GPD,4,E01003440,0,1
2024010513892,2024,010513892,2,4,0,4,4,5,1,4,4,2,0,0,1,0,2,1,1,1,1,48,8,125,1,3,YAMAHA GPD,4,E01004421,0,1
2024010539834,2024,010539834,1,3,0,99,99,9,9,99,99,9,9,99,9,99,9,1,6,6,3,-1,-1,125,1,0,YAMAHA GPD,-1,-1,0,-1
2024010529943,2024,010529943,1,3,0,9,9,7,4,0,0,8,0,0,0,0,1,1,6,6,1,24,5,125,1,3,YAMAHA GPD,-1,-1,0,-1
2024010548797,2024,010548797,2,3,0,99,99,9,9,99,99,9,9,99,9,99,9,1,1,1,1,37,7,125,1,3,YAMAHA GPD,3,E01003544,0,2
2024010524630,2024,010524630,1,3,0,99,99,9,9,99,99,9,9,99,9,99,9,1,1,1,3,19,4,125,1,1,YAMAHA GPD,6,E01003433,0,2
2024010508957,2024,010508957,2,3,0,18,19,5,1,0,0,8,5,0,0,0,1,1,6,6,1,48,8,125,1,4,YAMAHA GPD,2,E01003060,0,1
2024010510173,2024,010510173,1,3,0,99,99,9,9,99,99,9,9,99,9,99,9,1,6,6,3,32,6,125,1,6,YAMAHA GPD,4,E01004031,0,3
2024010498234,2024,010498234,1,3,0,99,99,9,9,99,99,9,9,99,9,99,9,1,6,6,3,25,5,125,1,1,YAMAHA GPD,3,E01001180,0,1
2024010518245,2024,010518245,1,3,0,99,99,9,9,99,99,0,9,99,9,99,1,1,1,1,3,35,6,125,1,8,YAMAHA GPD,3,E01034145,0,2
2024471410408,2024,471410408,1,3,0,-1,19,8,5,-1,0,1,0,0,0,0,1,1,-1,1,2,33,6,125,1,4,YAMAHA GPD,9,E01016980,0,1
2024010521949,2024,010521949,2,3,0,18,19,3,7,0,0,1,0,0,0,0,1,1,6,6,1,22,5,125,1,3,YAMAHA GPD,2,E01034479,0,1
2024010542275,2024,010542275,1,3,0,99,99,9,9,99,99,9,9,99,9,99,1,1,1,1,1,46,8,125,1,1,YAMAHA GPD,2,E01001427,0,1
2024010548825,2024,010548825,1,3,0,99,99,9,9,99,99,9,9,99,9,99,9,1,2,2,1,20,4,125,1,3,YAMAHA GPD,4,E01002079,0,1
2024440322928,2024,440322928,2,3,0,3,3,7,3,0,0,1,0,0,0,0,2,1,1,1,2,58,9,125,1,3,YAMAHA GPD,8,E01032843,0,1
2024010525851,2024,010525851,1,3,0,99,99,9,9,99,99,9,0,99,9,99,0,1,1,1,1,23,5,125,1,4,YAMAHA GPD,3,E01001436,0,1
2024010500637,2024,010500637,2,3,0,99,99,9,9,99,99,0,9,99,9,99,1,1,6,6,3,-1,-1,125,1,5,YAMAHA GPD,-1,-1,0,-1
2024010535961,2024,010535961,2,3,0,9,9,7,4,0,0,4,0,0,0,0,1,1,6,6,1,26,6,125,1,0,YAMAHA GPD,6,E01001258,0,1
2024161406382,2024,161406382,2,3,0,-1,19,5,1,-1,0,8,0,0,0,0,1,1,-1,9,1,27,6,125,1,4,YAMAHA GPD,1,E01013278,0,1
2024161468917,2024,161468917,2,3,0,-1,19,3,7,-1,0,0,0,0,0,0,3,1,-1,9,1,75,10,125,1,2,YAMAHA GPD,5,E01012768,0,1
2024010526848,2024,010526848,1,3,0,99,99,9,9,99,99,9,9,99,9,99,9,1,1,1,3,29,6,125,1,6,YAMAHA GPD,1,E01003515,0,2
2024010537749,2024,010537749,1,3,0,3,3,9,9,99,99,9,9,99,9,99,1,1,1,1,1,27,6,125,1,2,YAMAHA GPD,7,E01003393,0,1
2024010523040,2024,010523040,1,3,0,-1,-1,7,3,0,0,0,0,0,0,0,1,1,6,6,1,16,4,125,1,5,YAMAHA GPD,4,E01001887,0,1
2024161426177,2024,161426177,1,3,0,-1,19,1,5,-1,0,1,0,0,0,0,1,1,-1,6,1,24,5,125,1,3,YAMAHA GPD,8,E01035470,0,2
2024010549665,2024,010549665,1,3,0,99,99,9,9,99,99,9,9,99,9,99,9,1,6,6,1,27,6,125,1,6,YAMAHA GPD,6,E01004049,0,1
2024471413657,2024,471413657,2,3,0,-1,13,1,5,-1,0,1,5,0,0,0,4,1,-1,9,2,32,6,125,1,1,YAMAHA GPD,4,E01016852,0,1
2024010531000,2024,010531000,2,3,0,5,5,7,3,0,0,1,0,0,1,0,2,1,6,6,1,29,6,125,1,4,YAMAHA GPD,8,E01003796,0,1
2024201433624,2024,201433624,2,3,0,-1,14,1,4,-1,0,2,0,4,0,0,1,1,-1,1,1,42,7,125,1,8,YAMAHA GPD,-1,-1,0,-1
2024010542343,2024,010542343,2,3,0,18,19,1,5,0,0,2,0,0,0,0,1,1,6,6,1,44,7,125,1,5,YAMAHA GPD,3,E01000556,0,2
2024010524120,2024,010524120,2,3,9,18,19,9,9,99,99,0,9,99,9,99,1,1,1,1,1,29,6,125,1,5,YAMAHA GPD,3,E01002049,0,3
2024552400319,2024,552400319,2,3,0,3,3,6,2,0,0,4,0,0,0,0,2,1,6,6,1,24,5,125,1,2,YAMAHA GPD,6,E01015355,0,1
2024131407371,2024,131407371,1,4,0,-1,19,3,7,-1,0,2,0,0,0,0,1,1,-1,1,1,27,6,125,1,0,YAMAHA GPD,5,E01011480,0,1
2024010501154,2024,010501154,1,3,9,99,99,9,9,99,99,9,9,99,9,99,9,1,6,6,3,43,7,125,1,3,YAMAHA GPD,9,E01003794,0,2
2024010517040,2024,010517040,1,3,0,99,99,9,9,99,99,9,9,99,9,99,9,1,1,1,1,27,6,125,1,1,YAMAHA GPD,4,E01001153,0,3
2024010549628,2024,010549628,2,2,0,18,19,5,1,0,0,0,0,0,0,0,1,1,6,6,1,25,5,125,1,3,YAMAHA GPD,3,E01003950,0,1
2024010526948,2024,010526948,2,3,0,14,14,3,7,0,0,1,0,4,0,0,1,1,6,6,1,34,6,125,1,3,YAMAHA GPD,7,E01003696,0,1
2024010546699,2024,010546699,1,3,0,9,9,7,4,0,0,1,0,0,0,0,1,1,1,1,2,28,6,125,1,2,YAMAHA GPD,4,E01000976,0,1
2024010541952,2024,010541952,1,3,0,99,99,9,9,99,99,9,9,99,9,99,9,1,2,2,2,23,5,125,1,2,YAMAHA GPD,7,E01001083,0,1
2024010551609,2024,010551609,2,3,0,99,99,9,9,99,99,9,9,99,9,99,1,1,1,1,1,57,9,125,1,3,YAMAHA GPD,8,E01002941,0,1
2024010551567,2024,010551567,2,3,0,99,99,9,9,99,99,9,9,99,9,99,9,1,6,6,1,19,4,125,1,0,YAMAHA GPD,4,E01000618,0,1
2024411533921,2024,411533921,2,3,-1,-1,-1,-1,-1,-1,-1,-1,-1,-1,-1,0,-1,1,-1,1,1,47,8,125,1,1,YAMAHA GPD,4,E01023333,0,1
2024010498075,2024,010498075,1,3,0,99,99,9,9,99,99,9,9,99,9,99,9,1,1,1,3,33,6,125,1,7,YAMAHA GPD,2,E01001734,0,3
2024010523458,2024,010523458,1,3,0,18,19,9,9,99,99,0,9,99,9,99,9,1,1,1,1,26,6,125,1,1,YAMAHA GPD,2,E01003048,0,1
2024010514111,2024,010514111,2,3,0,18,19,5,1,0,0,8,0,0,0,0,1,1,6,6,1,33,6,125,1,5,YAMAHA GPD,3,E01003988,0,1
2024010546571,2024,010546571,2,3,0,14,14,5,1,0,0,0,1,0,0,0,1,1,6,6,1,19,4,125,1,3,YAMAHA GPD,8,E01000791,0,1
2024010504216,2024,010504216,1,3,0,99,99,9,9,99,99,9,9,99,9,99,9,1,1,1,3,34,6,125,1,1,YAMAHA GPD,1,E01002040,0,1
2024401528522,2024,401528522,1,3,0,-1,19,2,6,-1,0,8,0,0,0,0,1,1,-1,6,1,20,4,125,1,1,YAMAHA GPD,7,E01023901,0,4
2024010534045,2024,010534045,2,3,0,18,19,3,7,0,0,1,0,0,0,0,4,1,1,1,1,23,5,125,1,0,YAMAHA GPD,4,E01001363,0,1
2024010529126,2024,010529126,2,3,0,18,19,3,7,0,0,2,1,0,0,0,1,1,6,6,1,24,5,125,1,5,YAMAHA GPD,2,E01001824,0,1
2024552401035,2024,552401035,2,3,0,18,19,6,2,0,0,8,0,0,0,0,1,1,6,6,1,44,7,125,1,4,YAMAHA GPD,2,E01015280,0,1
2024010494085,2024,010494085,1,3,0,99,99,9,9,99,99,9,9,99,9,99,9,1,6,6,3,30,6,125,1,6,YAMAHA GPD,3,E01003120,0,2