collision_index,collision_year,collision_ref_no,vehicle_reference,vehicle_type,towing_and_articulation,vehicle_manoeuvre_historic,vehicle_manoeuvre,vehicle_direction_from,vehicle_direction_to,vehicle_location_restricted_lane_historic,vehicle_location_restricted_lane,junction_location,skidding_and_overturning,hit_object_in_carriageway,vehicle_leaving_carriageway,hit_object_off_carriageway,first_point_of_impact,vehicle_left_hand_drive,journey_purpose_of_driver_historic,journey_purpose_of_driver,sex_of_driver,age_of_driver,age_band_of_driver,engine_capacity_cc,propulsion_code,age_of_vehicle,generic_make_model,driver_imd_decile,lsoa_of_driver,escooter_flag,driver_distance_banding
2024010531954,2024,010531954,1,3,9,99,99,9,9,99,99,9,9,99,9,99,2,1,1,1,1,32,6,125,1,1,YAMAHA GPD,6,E01003394,0,2
2024010517514,2024,010517514,2,3,0,18,19,1,5,0,0,1,0,0,0,0,1,1,1,1,1,26,6,125,1,2,YAMAHA GPD,-1,-1,0,-1
2024010535938,2024,010535938,1,3,0,99,99,9,9,99,99,0,9,99,9,99,9,1,1,1,3,24,5,125,1,0,YAMAHA GPD,4,E01017271,0,4
2024010507569,2024,010507569,1,3,0,99,99,9,9,99,99,1,9,99,9,99,9,1,1,1,3,36,7,125,1,1,YAMAHA GPD,8,E01000413,0,3
2024430163703,2024,430163703,2,3,0,18,19,6,2,0,0,2,0,0,0,0,2,1,2,2,1,41,7,125,1,0,YAMAHA GPD,4,E01028532,0,1
2024010520312,2024,010520312,1,3,0,99,99,9,9,99,99,9,9,99,9,99,1,1,2,2,1,26,6,125,1,1,YAMAHA GPD,2,E01003111,0,1
2024010516314,2024,010516314,1,3,0,13,13,1,5,0,0,2,0,4,0,0,3,1,1,1,1,36,7,125,1,6,YAMAHA GPD,5,E01035691,0,1
2024010525731,2024,010525731,2,3,0,18,19,5,1,0,0,1,0,0,0,0,1,1,2,2,1,37,7,125,1,4,YAMAHA GPD,-1,-1,0,-1
2024010493647,2024,010493647,2,3,0,18,19,8,4,0,0,0,0,0,0,0,1,1,6,6,1,31,6,125,1,0,YAMAHA GPD,5,E01000146,0,1
2024010531146,2024,010531146,1,3,0,99,99,9,9,99,99,9,9,99,9,99,9,1,6,6,1,17,4,125,1,5,YAMAHA GPD,6,E01003840,0,4
2024010505623,2024,010505623,1,3,0,13,13,7,3,0,0,8,0,0,0,0,4,1,6,6,1,32,6,125,1,6,YAMAHA GPD,4,E01001286,0,2
2024010548500,2024,010548500,2,3,0,13,13,3,7,0,0,8,0,0,0,0,3,1,2,2,1,37,7,125,1,1,YAMAHA GPD,7,E01030701,0,2
2024010513286,2024,010513286,1,3,0,99,99,9,9,99,99,9,9,99,9,99,9,1,2,2,1,28,6,125,1,4,YAMAHA GPD,3,E01002646,0,1
2024010551263,2024,010551263,2,3,0,18,19,7,3,0,0,2,5,0,0,0,1,1,6,6,1,21,5,125,1,7,YAMAHA GPD,3,E01003032,0,1
2024010502539,2024,010502539,1,3,0,99,99,9,9,99,99,9,9,99,9,99,1,1,1,1,1,32,6,125,1,3,YAMAHA GPD,6,E01024152,0,1
2024010540642,2024,010540642,1,3,0,99,99,9,9,99,99,9,9,99,9,99,9,1,2,2,1,21,5,125,1,3,YAMAHA GPD,10,E01030395,0,2
2024010505711,2024,010505711,1,3,0,18,19,5,1,0,0,8,0,0,0,0,1,1,6,6,1,33,6,125,1,1,YAMAHA GPD,3,E01003079,0,3
2024010497823,2024,010497823,1,3,0,99,99,9,9,99,99,9,9,99,9,99,9,1,2,2,3,36,7,125,1,3,YAMAHA GPD,2,E01001460,0,1
2024010540429,2024,010540429,1,3,0,99,99,9,9,99,99,9,9,99,9,99,9,1,2,2,1,29,6,125,1,9,YAMAHA GPD,2,E01002096,0,2
2024010531061,2024,010531061,2,3,0,18,19,1,5,0,0,1,2,0,0,0,3,1,6,6,1,32,6,125,1,6,YAMAHA GPD,7,E01000295,0,2
2024010491753,2024,010491753,1,3,0,14,14,1,5,0,0,1,0,0,0,0,1,1,6,6,1,32,6,125,1,5,YAMAHA GPD,3,E01003571,0,1
2024010548935,2024,010548935,1,3,0,3,3,3,7,0,0,1,0,0,0,0,2,1,1,1,1,40,7,125,1,4,YAMAHA GPD,5,E01003186,0,1
2024010516533,2024,010516533,2,3,0,18,19,1,5,1,1,1,0,0,0,0,1,1,6,6,2,38,7,125,1,1,YAMAHA GPD,3,E01000506,0,2
2024010516111,2024,010516111,2,3,0,4,4,1,5,0,0,1,0,0,0,0,1,1,1,1,1,40,7,125,1,1,YAMAHA GPD,8,E01004195,0,1
2024201529526,2024,201529526,2,2,0,-1,2,6,2,-1,0,8,0,0,0,0,1,1,-1,1,1,52,8,125,1,1,YAMAHA GPD,1,E01009019,0,1
2024010504082,2024,010504082,1,3,0,99,99,9,9,99,99,9,9,99,9,99,9,1,1,1,1,29,6,125,1,8,YAMAHA GPD,7,E01023576,0,3
2024010505611,2024,010505611,1,3,0,99,99,9,9,99,99,9,9,99,9,99,1,1,2,2,2,26,6,125,1,3,YAMAHA GPD,2,E01003535,0,3
2024411430819,2024,411430819,1,3,0,-1,19,-1,-1,-1,0,8,0,0,0,0,1,1,-1,6,1,43,7,125,1,0,YAMAHA GPD,3,E01001434,0,4
2024010540022,2024,010540022,1,3,0,99,99,9,9,99,99,9,9,99,9,99,1,1,2,2,1,34,6,125,1,3,YAMAHA GPD,6,E01003033,0,2
2024411495678,2024,411495678,2,3,0,-1,7,6,8,-1,0,8,1,0,0,0,4,1,-1,6,1,18,4,125,1,3,YAMAHA GPD,4,E01023930,0,2
2024010527972,2024,010527972,1,3,0,2,2,0,0,6,6,2,0,4,0,0,3,1,6,6,3,-1,-1,125,1,5,YAMAHA GPD,-1,-1,0,-1
2024201487707,2024,201487707,2,3,0,-1,19,3,7,-1,0,0,0,0,0,0,2,1,-1,1,1,29,6,125,1,3,YAMAHA GPD,-1,-1,0,-1
2024010544595,2024,010544595,1,3,0,3,3,7,3,0,0,0,0,0,0,0,1,1,6,6,1,20,4,125,1,3,YAMAHA GPD,-1,-1,0,-1
2024361449924,2024,361449924,1,3,0,-1,19,7,3,-1,0,0,1,0,0,0,0,1,-1,6,1,41,7,49,1,12,-1,-1,-1,0,-1
2024201469498,2024,201469498,1,3,0,-1,19,8,4,-1,0,0,2,10,1,4,1,1,-1,6,1,24,5,125,1,-1,-1,-1,-1,0,-1
2024440399376,2024,440399376,1,5,0,18,19,7,3,0,0,3,0,0,1,11,1,1,6,6,1,25,5,652,1,22,-1,7,E01023113,0,1
2024461506760,2024,461506760,1,9,0,-1,19,3,5,-1,0,0,0,0,0,0,4,9,-1,6,2,37,7,-1,3,0,CUPRA BORN,4,E01024444,0,2
2024622400188,2024,622400188,1,9,0,11,11,2,6,0,0,1,0,0,0,0,4,1,6,6,1,29,6,-1,3,2,CUPRA BORN,10,W01001771,0,2
2024501532293,2024,501532293,1,9,0,-1,5,6,2,-1,0,4,0,0,0,0,1,1,-1,2,1,36,7,-1,3,2,CUPRA BORN,6,E01015106,0,4
2024371518908,2024,371518908,1,9,0,-1,5,-1,-1,-1,0,6,0,0,0,0,4,1,-1,6,1,20,4,-1,3,0,CUPRA BORN,7,E01030007,0,1
2024340WN3052,2024,340WN3052,1,9,0,-1,19,5,1,-1,0,0,0,0,0,0,1,1,-1,9,1,31,6,-1,3,0,CUPRA BORN,1,E01016843,0,4
202460Q158077,2024,60Q158077,2,9,0,9,9,6,2,0,0,1,0,0,0,0,4,1,6,6,1,61,9,-1,3,0,CUPRA BORN,-1,-1,0,-1
2024010504506,2024,010504506,1,9,0,10,10,5,2,0,0,1,0,0,0,0,2,1,6,6,1,44,7,-1,3,2,CUPRA BORN,2,E01033939,0,2
2024311529438,2024,311529438,2,9,0,-1,19,1,6,-1,0,8,0,0,0,0,1,1,-1,2,1,50,8,-1,3,1,CUPRA BORN,9,E01025893,0,4
2024430188020,2024,430188020,2,9,0,18,19,4,8,0,0,0,0,0,4,6,4,1,6,6,2,47,8,-1,3,1,CUPRA BORN,2,E01033498,0,1
2024010500563,2024,010500563,1,9,0,5,5,3,7,0,0,4,0,0,0,0,1,1,1,1,1,39,7,-1,3,2,CUPRA BORN,5,E01001570,0,1
2024471447104,2024,471447104,2,9,0,-1,19,4,8,-1,0,1,0,0,0,0,1,1,-1,6,3,-1,-1,-1,3,1,CUPRA BORN,-1,-1,0,-1
2024430510766,2024,430510766,1,9,0,3,3,7,3,0,0,0,0,0,0,0,2,1,2,2,1,41,7,-1,3,1,CUPRA BORN,7,E01017928,0,3
2024141467530,2024,141467530,1,9,0,-1,19,5,3,-1,0,6,0,0,1,0,2,1,-1,9,1,37,7,-1,3,2,CUPRA BORN,7,E01008002,0,1
2024991510825,2024,991510825,2,9,0,-1,9,2,8,-1,0,8,0,0,0,0,1,1,-1,1,1,61,9,-1,3,1,CUPRA BORN,9,-1,0,5
2024031491147,2024,031491147,3,9,0,-1,4,8,4,-1,0,0,0,0,0,0,1,9,-1,9,2,33,6,-1,3,0,CUPRA BORN,6,E01019130,0,3
2024131508148,2024,131508148,1,9,0,-1,19,7,1,-1,0,1,0,0,0,0,1,1,-1,6,3,-1,-1,-1,3,1,CUPRA BORN,-1,-1,0,-1
2024440130302,2024,440130302,1,9,0,9,9,5,2,0,0,6,0,0,0,0,1,1,6,6,1,58,9,-1,3,2,CUPRA BORN,10,E01022696,0,1
2024440075194,2024,440075194,1,9,0,18,19,8,4,0,0,0,5,0,1,9,4,1,6,6,2,72,10,-1,3,1,CUPRA BORN,6,E01031508,0,3
2024010541631,2024,010541631,1,9,0,5,5,3,7,0,0,4,0,0,0,0,1,1,2,2,1,56,9,-1,3,1,CUPRA BORN,-1,-1,0,-1
2024041455473,2024,041455473,1,9,0,-1,19,5,1,-1,0,0,0,0,0,0,1,1,-1,9,1,32,6,-1,3,1,CUPRA BORN,4,E01024998,0,1
2024131417392,2024,131417392,2,9,0,-1,5,5,7,-1,0,5,0,0,0,0,3,1,-1,6,2,47,8,-1,3,1,CUPRA BORN,10,E01011266,0,3
2024332400271,2024,332400271,1,9,0,-1,3,1,5,-1,0,1,0,0,0,0,2,1,-1,9,1,44,7,-1,3,1,CUPRA BORN,8,E01025630,0,1
2024440527681,2024,440527681,1,9,0,7,7,3,5,0,0,6,0,0,0,0,1,1,1,1,1,26,6,-1,3,1,CUPRA BORN,2,E01017107,0,1
2024401419420,2024,401419420,2,9,0,-1,19,7,3,-1,0,0,0,0,0,0,1,1,-1,1,1,40,7,-1,3,1,CUPRA BORN,2,E01016810,0,3
2024141443425,2024,141443425,2,9,0,-1,19,6,2,-1,0,1,0,0,0,0,1,2,-1,6,2,43,7,-1,3,2,CUPRA BORN,10,E01007922,0,2
2024440450885,2024,440450885,1,9,0,9,9,1,8,0,0,8,0,0,0,0,1,1,2,2,1,54,8,-1,3,1,CUPRA BORN,5,E01022806,0,1
2024041417616,2024,041417616,3,9,0,-1,3,5,1,-1,0,4,0,0,0,0,1,1,-1,6,1,22,5,-1,3,2,CUPRA BORN,4,E01025017,0,3
2024552401316,2024,552401316,1,9,0,18,19,8,4,0,0,4,0,0,0,0,1,1,6,6,1,38,7,-1,3,1,CUPRA BORN,4,E01020444,0,3
2024430586085,2024,430586085,2,9,0,14,14,4,8,0,0,1,0,0,0,0,0,1,6,6,3,-1,-1,-1,3,2,CUPRA BORN,-1,-1,0,-1
2024440271647,2024,440271647,2,5,0,18,19,3,7,0,0,1,0,0,0,0,1,1,6,6,2,49,8,1450,1,21,-1,5,E01023110,0,4
2024211500363,2024,211500363,2,5,0,-1,19,3,7,-1,0,0,2,0,0,0,0,1,-1,9,1,68,10,1585,2,15,-1,4,-1,0,5
2024111480150,2024,111480150,1,5,0,-1,19,8,4,-1,0,0,2,0,0,0,2,1,-1,9,1,41,7,1690,1,9,-1,10,E01034703,0,5
2024161432302,2024,161432302,2,3,0,-1,1,7,3,-1,0,0,0,0,0,0,4,1,-1,6,1,28,6,98,1,36,-1,1,E01013278,0,1
2024010542939,2024,010542939,1,9,0,3,3,4,8,99,99,6,0,0,9,99,9,9,6,6,2,31,6,998,1,7,HYUNDAI I20,10,E01000697,0,1
2024451464106,2024,451464106,1,9,0,-1,19,7,3,-1,0,0,2,0,2,11,1,1,-1,2,1,21,5,1248,1,14,HYUNDAI I20,10,E01022852,0,1
2024010549471,2024,010549471,2,9,0,18,19,1,5,0,0,1,0,4,0,0,1,1,2,2,2,46,8,1248,1,8,HYUNDAI I20,6,E01021770,0,3
2024201534492,2024,201534492,1,9,0,-1,4,3,7,-1,0,0,0,0,0,0,1,1,-1,9,2,30,6,1248,1,4,HYUNDAI I20,2,E01009213,0,2
2024010545715,2024,010545715,2,9,0,2,2,0,0,0,0,1,0,0,0,0,1,1,6,6,3,-1,-1,1396,1,14,HYUNDAI I20,-1,-1,0,-1
2024131417407,2024,131417407,1,9,0,-1,-1,-1,-1,-1,-1,-1,-1,-1,-1,0,-1,1,-1,6,3,-1,-1,1248,1,12,HYUNDAI I20,-1,-1,0,-1
2024471531045,2024,471531045,1,9,0,-1,19,5,8,-1,0,2,1,0,0,0,4,1,-1,1,1,54,8,1248,1,5,HYUNDAI I20,6,E01016990,0,3
2024010546225,2024,010546225,2,9,0,9,9,3,1,2,2,5,0,0,0,0,4,1,6,6,1,25,5,1396,1,14,HYUNDAI I20,1,E01015852,0,4
2024131513258,2024,131513258,2,9,0,-1,11,5,4,-1,0,0,0,0,0,0,2,1,-1,9,2,60,9,1248,1,14,HYUNDAI I20,1,E01011494,0,1
2024131505975,2024,131505975,2,9,0,-1,19,7,3,-1,0,8,0,0,0,0,3,1,-1,9,1,31,6,1248,1,11,HYUNDAI I20,1,E01011294,0,1
2024430393974,2024,430393974,1,9,0,9,9,2,8,0,0,5,0,0,0,0,4,1,6,6,2,50,8,998,8,2,HYUNDAI I20,9,E01035256,0,1
2024041481975,2024,041481975,2,9,0,-1,9,6,2,-1,0,0,0,0,0,0,1,1,-1,9,1,71,10,1248,1,5,HYUNDAI I20,7,E01025199,0,1
2024461521010,2024,461521010,1,9,0,-1,19,5,3,-1,0,2,0,0,0,0,4,9,-1,6,1,36,7,1248,1,13,HYUNDAI I20,2,E01016064,0,1
2024531432587,2024,531432587,1,9,0,-1,9,8,4,-1,0,1,0,0,0,0,1,1,-1,6,1,32,6,1248,1,14,HYUNDAI I20,10,E01022406,0,4
2024302401641,2024,302401641,2,9,0,-1,19,5,7,-1,0,8,0,0,0,0,3,1,-1,9,1,17,4,1248,1,8,HYUNDAI I20,10,E01019833,0,2
2024401405094,2024,401405094,1,9,0,-1,9,3,1,-1,0,8,0,0,0,0,1,1,-1,2,1,29,6,1248,1,7,HYUNDAI I20,2,E01017594,0,1
2024401509857,2024,401509857,1,9,0,-1,5,3,7,-1,0,0,0,0,0,0,1,1,-1,6,1,-1,-1,1248,1,11,HYUNDAI I20,1,E01017477,0,3
2024991450086,2024,991450086,3,9,0,-1,2,0,0,-1,-1,0,0,0,0,0,1,1,-1,6,-1,-1,-1,1598,1,3,HYUNDAI I20,-1,-1,0,-1
2024401521704,2024,401521704,1,9,4,-1,-1,-1,-1,-1,-1,0,-1,-1,-1,0,1,9,-1,6,2,-1,-1,1248,1,7,HYUNDAI I20,4,E01001478,0,4
2024231493430,2024,231493430,1,9,0,-1,19,2,6,-1,0,6,0,0,0,0,4,1,-1,9,2,47,8,1598,1,1,HYUNDAI I20,8,E01031205,0,1
2024522402940,2024,522402940,2,9,0,18,19,5,1,0,0,6,0,0,0,0,1,1,6,6,2,24,5,1248,1,8,HYUNDAI I20,2,E01014626,0,1
2024631464858,2024,631464858,1,9,0,-1,1,6,2,-1,9,0,0,0,0,0,2,1,-1,6,2,17,4,1248,1,8,HYUNDAI I20,7,W01000684,0,2
2024161466330,2024,161466330,1,9,0,-1,9,4,2,-1,0,2,0,0,0,0,1,9,-1,6,1,-1,-1,1248,1,15,HYUNDAI I20,9,E01034760,0,1
2024361414496,2024,361414496,2,9,0,-1,9,6,3,-1,0,8,0,0,0,0,3,1,-1,9,2,62,9,998,8,1,HYUNDAI I20,2,E01026592,0,1
2024461498065,2024,461498065,2,9,0,-1,19,1,5,-1,0,8,0,0,0,0,1,9,-1,6,2,63,9,1248,1,5,HYUNDAI I20,6,E01024836,0,1
2024131440896,2024,131440896,1,9,0,-1,19,4,1,-1,0,0,0,0,0,0,1,1,-1,6,1,42,7,1396,1,10,HYUNDAI I20,1,E01010606,0,1
2024461396883,2024,461396883,2,9,0,-1,3,7,3,-1,0,1,0,0,0,0,2,9,-1,6,1,78,11,1368,1,7,HYUNDAI I20,3,E01016129,0,1
2024991456011,2024,991456011,1,9,0,-1,19,3,7,-1,0,0,0,0,0,0,1,1,-1,6,1,46,8,1396,2,13,HYUNDAI I20,8,-1,0,2
2024471509136,2024,471509136,1,9,0,-1,19,4,8,-1,0,0,0,0,0,0,1,1,-1,9,2,56,9,1248,1,10,HYUNDAI I20,5,E01021089,0,4
2024631504111,2024,631504111,2,9,0,-1,2,0,0,-1,9,0,0,0,7,10,4,1,-1,6,-1,-1,-1,1248,1,7,HYUNDAI I20,-1,-1,0,-1
2024461456798,2024,461456798,1,9,0,-1,19,6,3,-1,0,0,5,4,0,0,3,1,-1,6,1,68,10,1396,1,15,HYUNDAI I20,4,E01024593,0,1
2024131462872,2024,131462872,1,9,0,-1,19,5,1,-1,0,0,0,0,0,0,1,1,-1,6,1,45,7,1396,2,13,HYUNDAI I20,2,E01011327,0,1
2024041510145,2024,041510145,1,9,0,-1,19,3,7,-1,0,1,0,0,0,0,3,1,-1,9,1,27,6,1248,1,7,HYUNDAI I20,4,E01024880,0,1
2024371436966,2024,371436966,2,9,0,-1,10,5,1,-1,0,0,0,0,1,9,2,1,-1,6,1,22,5,1248,1,14,HYUNDAI I20,6,E01030055,0,1
2024010530070,2024,010530070,1,9,0,18,19,7,3,0,0,1,0,0,0,0,1,1,6,6,2,50,8,1396,1,15,HYUNDAI I20,5,E01000383,0,1
2024010520685,2024,010520685,2,9,0,99,99,9,9,99,99,9,9,99,9,99,2,9,6,6,3,-1,-1,1396,1,14,HYUNDAI I20,-1,-1,0,-1
2024531478980,2024,531478980,2,9,0,-1,2,0,0,-1,0,0,0,4,1,0,3,1,-1,6,-1,-1,-1,1248,1,13,HYUNDAI I20,-1,-1,0,-1
2024010522448,2024,010522448,1,9,9,99,99,9,9,99,99,9,9,99,9,99,9,9,6,6,2,61,9,1248,1,14,HYUNDAI I20,5,E01001889,0,1
2024111462216,2024,111462216,1,9,0,-1,9,6,2,-1,0,4,0,0,0,0,3,1,-1,6,2,30,6,1248,1,9,HYUNDAI I20,-1,-1,0,-1
2024320634623,2024,320634623,1,9,0,11,11,7,2,0,0,3,0,0,0,0,1,1,-1,-1,2,32,6,1396,2,10,HYUNDAI I20,3,E01034679,0,3
2024501532939,2024,501532939,1,9,0,-1,19,6,2,-1,0,2,0,0,0,0,1,1,-1,7,2,35,6,998,1,8,HYUNDAI I20,7,E01015187,0,1
2024010499962,2024,010499962,2,9,0,99,99,9,9,99,99,9,9,99,9,99,9,9,6,6,3,-1,-1,1396,1,14,HYUNDAI I20,-1,-1,0,-1
2024440383383,2024,440383383,1,9,0,11,11,5,1,0,0,1,0,0,0,0,2,1,1,1,1,21,5,1248,1,14,HYUNDAI I20,7,E01031382,0,4
2024440005168,2024,440005168,1,9,0,7,7,8,1,0,0,1,0,0,0,0,1,1,6,6,1,51,8,998,1,5,HYUNDAI I20,6,E01017273,0,1
2024520402986,2024,520402986,3,9,0,2,2,0,0,0,0,8,0,0,0,0,2,1,6,6,3,-1,-1,998,1,5,HYUNDAI I20,-1,-1,0,-1
2024211546044,2024,211546044,1,9,0,-1,9,8,2,-1,0,1,0,0,0,0,3,1,-1,6,1,22,5,998,8,2,HYUNDAI I20,10,E01029758,0,1
2024061511493,2024,061511493,2,9,0,-1,19,2,6,-1,0,6,0,0,0,0,1,1,-1,6,1,21,5,1248,1,10,HYUNDAI I20,3,E01006177,0,1
202417M108524,2024,17M108524,1,9,0,-1,19,2,6,-1,0,0,0,0,0,0,4,1,-1,9,2,31,6,1248,1,11,HYUNDAI I20,2,E01012051,0,1
2024122400954,2024,122400954,2,9,0,9,9,7,3,0,0,5,0,0,0,0,3,1,6,6,1,70,10,1248,1,4,HYUNDAI I20,8,E01012989,0,4
2024522401851,2024,522401851,2,9,0,13,13,6,2,0,0,4,0,0,0,0,4,1,6,6,3,-1,-1,998,8,2,HYUNDAI I20,-1,-1,0,-1
2024531504640,2024,531504640,4,9,0,-1,19,3,7,-1,0,1,0,0,0,0,3,1,-1,2,2,74,10,1248,1,5,HYUNDAI I20,8,E01022182,0,3
2024141435781,2024,141435781,2,9,0,-1,19,7,3,-1,0,0,0,0,0,0,1,1,-1,9,1,20,4,1248,1,7,HYUNDAI I20,4,E01007742,0,3
2024371496948,2024,371496948,1,9,0,-1,1,-1,-1,-1,0,0,0,0,0,0,2,9,-1,6,2,58,9,998,8,2,HYUNDAI I20,4,E01030236,0,1
2024501548106,2024,501548106,1,9,0,-1,19,3,7,-1,0,4,0,0,0,0,2,1,-1,6,1,62,9,1598,1,0,HYUNDAI I20,6,E01018755,0,4
2024531492682,2024,531492682,1,9,0,-1,12,3,7,-1,0,0,1,0,0,0,3,1,-1,1,1,37,7,1248,1,11,HYUNDAI I20,3,E01022159,0,2
2024010531442,2024,010531442,3,9,0,18,19,5,1,0,0,1,0,0,0,0,1,1,6,6,2,75,10,998,8,1,HYUNDAI I20,4,E01004536,0,2
2024522403191,2024,522403191,1,9,0,18,19,9,9,0,0,0,0,0,0,0,4,1,6,6,2,24,5,1248,1,8,HYUNDAI I20,1,E01014688,0,1
2024131469232,2024,131469232,2,9,0,-1,19,2,6,-1,0,-1,0,0,0,0,3,1,-1,6,2,60,9,1248,1,14,HYUNDAI I20,2,E01011139,0,1
2024421422330,2024,421422330,2,9,0,-1,3,2,4,-1,0,1,0,0,0,0,2,1,-1,9,2,43,7,998,8,2,HYUNDAI I20,8,E01021382,0,2
2024061413466,2024,061413466,1,9,0,-1,19,3,7,-1,0,1,0,0,0,0,1,1,-1,6,1,46,8,1396,1,15,HYUNDAI I20,1,E01005234,0,1
2024010532936,2024,010532936,1,9,0,18,19,2,6,0,0,1,0,0,0,0,1,1,6,6,1,-1,-1,998,1,0,HYUNDAI I20,-1,-1,0,-1
2024501499445,2024,501499445,2,9,-1,-1,4,3,7,-1,0,4,0,0,0,0,2,1,-1,9,2,36,7,1248,1,9,HYUNDAI I20,3,E01019975,0,1
2024201417449,2024,201417449,3,9,0,-1,19,0,0,-1,0,0,0,0,0,0,3,9,-1,2,2,33,6,1248,1,10,HYUNDAI I20,5,E01010109,0,1
2024041475917,2024,041475917,2,9,0,-1,2,0,0,-1,0,0,0,0,0,0,2,1,-1,6,-1,-1,-1,1248,1,7,HYUNDAI I20,-1,-1,0,-1
2024010510185,2024,010510185,2,9,0,99,99,9,9,99,99,6,9,99,9,99,9,9,6,6,3,-1,-1,1396,1,10,HYUNDAI I20,-1,-1,0,-1
2024461479798,2024,461479798,2,9,0,-1,19,5,1,-1,0,2,0,0,0,0,1,1,-1,9,1,18,4,998,1,0,HYUNDAI I20,5,E01024703,0,1
2024531447008,2024,531447008,1,9,0,-1,13,1,5,-1,0,0,0,0,0,0,4,1,-1,6,2,47,8,1248,1,15,HYUNDAI I20,10,E01022143,0,1
2024052401995,2024,052401995,2,9,0,4,4,5,1,0,0,1,0,0,0,0,2,1,1,1,1,51,8,1248,1,11,HYUNDAI I20,5,E01006553,0,3
2024061437151,2024,061437151,1,9,0,-1,19,-1,-1,-1,0,9,0,0,0,0,3,1,-1,2,2,27,6,1396,1,15,HYUNDAI I20,3,E01005310,0,2
2024111420307,2024,111420307,1,9,-1,-1,3,1,4,-1,0,1,0,0,0,0,1,9,-1,6,3,19,4,1248,1,13,HYUNDAI I20,-1,-1,0,-1
2024031480800,2024,031480800,1,9,0,-1,19,7,3,-1,0,0,0,0,1,2,1,1,-1,6,1,52,8,998,8,1,HYUNDAI I20,-1,-1,0,-1
2024111503706,2024,111503706,1,9,0,-1,1,1,1,-1,0,0,0,0,0,0,4,1,-1,2,2,83,11,1248,1,8,HYUNDAI I20,7,E01011959,0,4
2024131439771,2024,131439771,1,9,0,-1,4,1,1,-1,0,1,0,0,0,0,2,1,-1,2,2,24,5,1248,1,7,HYUNDAI I20,4,E01011008,0,1
2024361482748,2024,361482748,1,9,0,-1,19,8,4,-1,0,1,0,0,0,0,1,1,-1,2,2,35,6,1120,2,10,HYUNDAI I20,2,E01026633,0,2
2024461435379,2024,461435379,2,9,0,-1,19,6,2,-1,0,0,0,0,0,0,1,1,-1,9,1,60,9,1368,1,6,HYUNDAI I20,5,E01024366,0,2
2024302400491,2024,302400491,2,9,0,17,19,5,3,0,0,8,0,0,0,0,1,1,6,6,2,37,7,1248,1,9,HYUNDAI I20,8,E01013489,0,2
2024101571510,2024,101571510,2,9,0,-1,4,5,1,-1,0,0,0,0,0,0,2,1,-1,6,1,34,6,998,1,0,HYUNDAI I20,2,E01008481,0,1
2024430318869,2024,430318869,1,9,0,18,19,7,3,0,0,0,1,0,0,0,3,1,6,6,2,64,9,998,1,0,HYUNDAI I20,-1,-1,0,-1
2024131456915,2024,131456915,1,9,0,-1,9,2,4,-1,0,0,0,0,0,0,1,1,-1,6,1,76,11,1248,1,14,HYUNDAI I20,5,E01011821,0,1
2024501445809,2024,501445809,1,9,0,-1,19,8,4,-1,0,0,2,0,1,11,1,1,-1,9,1,19,4,1598,1,1,HYUNDAI I20,10,E01020144,0,1
2024031406051,2024,031406051,1,9,0,-1,13,4,1,-1,0,0,1,10,1,0,1,1,-1,6,1,18,4,1598,1,0,HYUNDAI I20,-1,-1,0,-1
2024332400431,2024,332400431,1,9,0,-1,19,6,2,-1,0,0,0,0,0,0,3,1,-1,6,1,38,7,1120,2,8,HYUNDAI I20,3,E01013779,0,4
2024440450848,2024,440450848,1,9,0,18,19,5,1,0,0,0,0,0,0,0,1,1,2,2,1,37,7,1248,1,7,HYUNDAI I20,9,E01030947,0,4
2024231524175,2024,231524175,2,9,0,-1,4,4,8,-1,0,0,0,0,0,0,2,9,-1,9,2,36,7,998,8,3,HYUNDAI I20,3,E01008973,0,3
202460Q008432,2024,60Q008432,1,9,0,4,4,3,7,0,0,1,1,0,7,1,1,1,6,6,1,23,5,1248,1,13,HYUNDAI I20,-1,-1,0,-1
2024101513910,2024,101513910,1,9,-1,-1,19,7,1,-1,0,0,0,0,0,0,4,9,-1,6,2,34,6,1248,1,7,HYUNDAI I20,1,E01008297,0,1
2024141471151,2024,141471151,1,9,0,-1,3,4,8,-1,0,1,0,0,0,0,4,9,-1,9,1,20,4,998,1,0,HYUNDAI I20,6,E01007319,0,1
2024061484381,2024,061484381,1,9,0,-1,19,7,2,-1,0,0,0,0,0,0,1,1,-1,2,2,33,6,1248,1,14,HYUNDAI I20,1,E01006288,0,2
2024531467394,2024,531467394,2,9,0,-1,12,4,3,-1,0,3,0,0,0,0,4,1,-1,9,2,35,6,1248,1,10,HYUNDAI I20,9,E01022443,0,1
2024211432328,2024,211432328,2,9,0,-1,4,5,1,-1,0,1,0,0,0,0,2,1,-1,2,2,26,6,1248,1,9,HYUNDAI I20,-1,-1,0,-1
2024461491529,2024,461491529,1,9,0,-1,6,2,6,-1,0,0,0,0,0,0,1,1,-1,9,2,67,10,1248,1,15,HYUNDAI I20,6,E01024189,0,2
2024010525836,2024,010525836,1,9,0,7,7,1,3,0,0,2,0,10,1,10,1,1,6,6,1,72,10,1248,1,14,HYUNDAI I20,2,E01003556,0,2
2024052400915,2024,052400915,3,9,0,3,3,1,5,0,0,1,0,0,0,0,2,1,6,6,1,30,6,1248,1,13,HYUNDAI I20,1,E01007008,0,1