collision_index,collision_year,collision_ref_no,vehicle_reference,vehicle_type,towing_and_articulation,vehicle_manoeuvre_historic,vehicle_manoeuvre,vehicle_direction_from,vehicle_direction_to,vehicle_location_restricted_lane_historic,vehicle_location_restricted_lane,junction_location,skidding_and_overturning,hit_object_in_carriageway,vehicle_leaving_carriageway,hit_object_off_carriageway,first_point_of_impact,vehicle_left_hand_drive,journey_purpose_of_driver_historic,journey_purpose_of_driver,sex_of_driver,age_of_driver,age_band_of_driver,engine_capacity_cc,propulsion_code,age_of_vehicle,generic_make_model,driver_imd_decile,lsoa_of_driver,escooter_flag,driver_distance_banding
2024430445854,2024,430445854,1,9,0,18,19,8,4,0,0,1,0,0,0,0,1,1,6,6,3,-1,-1,1248,1,7,HYUNDAI I20,-1,-1,0,-1
2024070941915,2024,070941915,1,9,0,-1,19,5,1,-1,0,4,0,0,0,0,1,1,-1,1,2,65,9,1248,1,10,HYUNDAI I20,6,E01018617,0,1
2024440500029,2024,440500029,1,9,0,3,3,2,4,0,0,1,0,0,0,0,2,1,6,6,2,63,9,1248,1,7,HYUNDAI I20,8,E01022652,0,1
2024061510368,2024,061510368,1,9,0,-1,19,6,2,-1,0,1,0,0,1,0,1,1,-1,9,1,21,5,1248,1,14,HYUNDAI I20,4,E01004767,0,1
2024201502833,2024,201502833,2,9,0,-1,5,1,7,-1,0,6,0,0,0,0,1,1,-1,6,1,54,8,1248,1,13,HYUNDAI I20,-1,-1,0,-1
2024201486293,2024,201486293,2,9,0,-1,7,2,5,-1,0,6,0,0,0,0,2,1,-1,9,2,33,6,1248,1,5,HYUNDAI I20,-1,-1,0,-1
2024041434986,2024,041434986,1,9,0,-1,19,1,5,-1,0,1,0,0,0,0,1,1,-1,9,1,18,4,998,8,1,HYUNDAI I20,2,E01025268,0,4
2024161491995,2024,161491995,2,9,0,-1,4,3,7,-1,0,0,0,0,0,0,1,1,-1,2,2,48,8,1248,1,10,HYUNDAI I20,-1,-1,0,-1
2024201514393,2024,201514393,1,9,0,-1,19,6,2,-1,0,8,0,0,0,0,1,1,-1,6,2,34,6,1396,1,12,HYUNDAI I20,5,E01009066,0,3
2024061451697,2024,061451697,1,9,0,-1,5,-1,-1,-1,0,1,1,0,0,0,1,1,-1,1,1,29,6,1248,1,15,HYUNDAI I20,7,E01021656,0,5
2024010515188,2024,010515188,2,9,0,9,9,5,2,0,0,8,0,0,0,0,1,1,6,6,2,80,11,1396,1,12,HYUNDAI I20,4,E01001501,0,1
2024111475977,2024,111475977,2,9,0,-1,19,2,6,-1,0,0,0,0,0,0,2,1,-1,9,2,66,10,1248,1,7,HYUNDAI I20,9,E01020779,0,2
2024221505306,2024,221505306,2,9,0,-1,9,6,4,-1,0,6,0,0,0,0,3,1,-1,6,1,78,11,998,8,1,HYUNDAI I20,10,E01010181,0,1
2024501424664,2024,501424664,1,9,0,-1,19,1,5,-1,0,0,2,0,2,10,4,1,-1,6,2,20,4,998,8,2,HYUNDAI I20,4,E01020052,0,2
2024070741306,2024,070741306,1,9,0,-1,9,3,7,-1,0,6,0,0,1,0,3,1,-1,9,2,83,11,1248,1,10,HYUNDAI I20,6,E01018617,0,3
2024201480585,2024,201480585,1,9,0,-1,15,8,4,-1,0,1,1,4,0,0,1,1,-1,9,1,22,5,998,8,3,HYUNDAI I20,2,E01034931,0,2
2024061494155,2024,061494155,1,9,0,-1,3,-1,-1,-1,0,0,0,0,0,0,2,1,-1,9,2,20,4,1248,1,8,HYUNDAI I20,7,E01004775,0,1
2024101467504,2024,101467504,2,9,0,-1,19,7,5,-1,0,0,0,0,1,0,1,1,-1,2,1,23,5,1248,1,14,HYUNDAI I20,4,E01027433,0,1
2024141506218,2024,141506218,1,9,0,-1,19,4,8,-1,0,0,0,0,0,0,1,1,-1,9,1,38,7,1396,1,14,HYUNDAI I20,2,E01007326,0,1
2024430497324,2024,430497324,1,9,0,9,9,8,6,0,0,6,0,0,0,0,3,1,3,7,1,29,6,998,8,1,HYUNDAI I20,3,E01033422,0,1
2024221454156,2024,221454156,2,9,0,-1,2,0,0,-1,9,0,0,0,0,0,2,9,-1,6,-1,62,9,1248,1,8,HYUNDAI I20,-1,-1,0,-1
2024552401188,2024,552401188,2,9,0,2,2,0,0,0,0,0,0,0,0,0,1,1,6,6,1,55,8,1248,1,12,HYUNDAI I20,4,E01033241,0,1
2024131535554,2024,131535554,2,9,0,-1,19,7,3,-1,0,1,0,0,0,0,3,1,-1,9,2,37,7,1248,1,8,HYUNDAI I20,5,E01011793,0,1
2024471409475,2024,471409475,1,9,0,-1,4,5,2,-1,0,4,0,0,0,0,3,1,-1,9,2,63,9,1396,2,9,HYUNDAI I20,8,E01035013,0,4
2024545279624,2024,545279624,2,9,0,18,19,1,5,0,0,0,0,0,0,0,1,1,6,6,2,69,10,998,8,3,HYUNDAI I20,5,E01015479,0,1
2024440338378,2024,440338378,2,9,0,18,19,5,1,0,0,8,0,0,0,0,1,1,2,2,1,36,7,1248,1,9,HYUNDAI I20,5,E01017171,0,1
2024101421340,2024,101421340,1,9,-1,-1,4,2,4,-1,0,4,0,0,0,0,1,9,-1,6,1,17,4,998,8,1,HYUNDAI I20,3,E01008857,0,1
2024201514324,2024,201514324,3,9,0,-1,2,0,0,-1,9,0,0,4,0,0,4,1,-1,6,1,39,7,998,8,3,HYUNDAI I20,3,E01009255,0,1
2024201520500,2024,201520500,2,9,0,-1,9,5,7,-1,0,1,0,0,0,0,1,1,-1,6,1,28,6,1248,1,9,HYUNDAI I20,1,E01010054,0,1
2024531430873,2024,531430873,1,9,0,-1,19,1,5,-1,0,8,0,0,0,0,1,1,-1,9,2,48,8,1248,1,8,HYUNDAI I20,10,E01022315,0,1
2024520403339,2024,520403339,1,9,0,18,19,4,8,9,9,0,0,0,1,0,3,1,6,6,1,57,9,998,8,2,HYUNDAI I20,6,E01029178,0,2
2024451482776,2024,451482776,1,9,0,-1,19,7,3,-1,0,0,0,0,0,0,1,1,-1,1,1,73,10,1248,1,4,HYUNDAI I20,5,E01030946,0,3
2024501525825,2024,501525825,1,9,0,-1,19,7,3,-1,0,8,0,0,0,0,1,1,-1,6,1,25,5,998,8,1,HYUNDAI I20,5,E01032657,0,1
2024522401871,2024,522401871,1,9,0,3,3,3,7,0,0,0,0,0,0,0,2,1,1,1,2,-1,-1,1248,1,6,HYUNDAI I20,10,E01014793,0,3
2024070819558,2024,070819558,1,9,0,-1,19,6,2,-1,0,0,0,0,0,0,4,1,-1,6,2,32,6,1248,1,6,HYUNDAI I20,7,E01007301,0,4
2024421448570,2024,421448570,2,9,0,-1,19,6,3,-1,0,0,0,0,0,0,2,1,-1,6,1,19,4,998,8,1,HYUNDAI I20,5,E01015951,0,3
2024201407121,2024,201407121,1,9,-1,-1,-1,-1,-1,-1,-1,0,-1,-1,-1,0,-1,9,-1,6,2,62,9,998,8,3,HYUNDAI I20,10,E01031225,0,4
2024101409644,2024,101409644,1,9,0,-1,19,3,1,-1,0,3,1,0,0,0,1,9,-1,6,1,68,10,1396,1,14,HYUNDAI I20,-1,-1,0,-1
2024520401859,2024,520401859,1,9,0,4,4,1,5,0,0,1,0,0,0,0,1,1,6,6,2,53,8,1248,1,8,HYUNDAI I20,2,E01029097,0,1
2024161411850,2024,161411850,1,9,0,-1,19,8,4,-1,0,0,0,0,0,0,1,9,-1,6,2,54,8,1248,1,15,HYUNDAI I20,8,E01012983,0,3
2024440017962,2024,440017962,1,9,0,4,4,2,6,0,0,0,0,0,0,0,2,1,6,6,1,24,5,998,8,1,HYUNDAI I20,3,E01017341,0,2
2024531525480,2024,531525480,1,9,0,-1,19,3,7,-1,0,0,0,0,0,0,1,9,-1,6,2,31,6,1248,1,14,HYUNDAI I20,8,E01022298,0,1
2024501494285,2024,501494285,2,9,0,-1,19,3,7,-1,0,0,1,0,0,0,1,1,-1,6,2,64,9,1248,1,15,HYUNDAI I20,3,E01018766,0,1
2024161502941,2024,161502941,4,9,0,-1,2,0,0,-1,0,2,0,0,0,0,1,1,-1,6,-1,-1,-1,1248,1,11,HYUNDAI I20,-1,-1,0,-1
2024451529872,2024,451529872,1,9,0,-1,7,2,3,-1,0,6,0,0,0,0,0,1,-1,1,1,65,9,1248,1,11,HYUNDAI I20,10,E01030777,0,1
2024471442399,2024,471442399,1,9,0,-1,19,5,1,-1,0,0,1,10,1,1,1,1,-1,9,1,23,5,1248,1,13,HYUNDAI I20,6,E01033308,0,4
2024221492791,2024,221492791,1,9,0,-1,7,7,1,-1,0,6,0,0,0,0,1,1,-1,6,2,33,6,998,1,3,HYUNDAI I20,8,E01032176,0,1
2024631527296,2024,631527296,2,9,0,-1,2,0,0,-1,0,0,0,0,0,0,4,1,-1,6,-1,-1,-1,1248,1,14,HYUNDAI I20,-1,-1,0,-1
2024991418414,2024,991418414,2,9,0,-1,2,7,3,-1,0,4,0,0,0,0,2,1,-1,1,2,59,9,1248,1,3,HYUNDAI I20,-1,-1,0,-1
2024351413338,2024,351413338,1,9,0,-1,19,6,1,-1,0,8,0,0,0,0,1,9,-1,6,1,18,4,1248,1,12,HYUNDAI I20,4,E01015665,0,1
2024451524346,2024,451524346,2,9,0,-1,99,6,8,-1,99,8,9,99,0,0,1,1,-1,6,2,21,5,1248,1,15,HYUNDAI I20,-1,-1,0,-1
2024311463998,2024,311463998,1,9,0,-1,15,1,5,-1,0,0,0,11,0,0,4,1,-1,9,1,19,4,998,8,2,HYUNDAI I20,1,E01013865,0,1
2024332401157,2024,332401157,2,9,0,-1,19,1,5,-1,0,8,0,0,7,11,1,1,-1,2,1,20,4,1248,1,9,HYUNDAI I20,8,E01035090,0,1
2024411508149,2024,411508149,1,9,0,-1,5,3,7,-1,0,1,0,0,0,0,1,1,-1,2,1,24,5,1396,1,11,HYUNDAI I20,9,E01023616,0,1
2024471413644,2024,471413644,1,9,0,-1,4,-1,-1,-1,99,0,0,0,0,0,3,1,-1,9,1,17,4,998,8,1,HYUNDAI I20,2,E01021137,0,1
2024991472455,2024,991472455,3,9,0,-1,2,0,0,-1,0,0,0,0,0,0,2,1,-1,6,-1,-1,-1,1396,2,12,HYUNDAI I20,-1,-1,0,-1
2024522402123,2024,522402123,2,9,0,18,19,1,5,0,0,4,0,0,0,0,1,1,6,6,2,-1,-1,1248,1,10,HYUNDAI I20,5,E01033364,0,1
2024351474330,2024,351474330,1,9,0,-1,19,5,5,-1,9,0,0,0,2,0,1,1,-1,6,2,41,7,1248,1,6,HYUNDAI I20,10,E01017755,0,4
2024332400170,2024,332400170,1,9,0,-1,19,6,2,-1,0,0,1,0,0,0,1,1,-1,9,2,17,4,1396,1,15,HYUNDAI I20,9,E01025981,0,1
2024421515454,2024,421515454,2,9,0,-1,19,5,1,-1,0,8,0,0,0,0,3,1,-1,6,2,37,7,998,1,0,HYUNDAI I20,5,E01021664,0,1
2024131519225,2024,131519225,1,9,0,-1,-1,-1,-1,-1,-1,0,-1,-1,-1,-1,-1,1,-1,2,1,50,8,998,8,3,HYUNDAI I20,2,E01011786,0,1
2024131535216,2024,131535216,1,9,0,-1,19,7,3,-1,0,0,0,0,0,0,3,1,-1,6,1,77,11,998,8,1,HYUNDAI I20,7,E01011276,0,2
2024371497079,2024,371497079,2,9,0,-1,19,3,6,-1,0,8,0,0,0,0,1,1,-1,6,1,32,6,1248,1,15,HYUNDAI I20,7,E01030068,0,1
2024991468546,2024,991468546,1,9,0,-1,5,5,1,-1,0,2,0,0,0,0,3,1,-1,9,2,19,4,998,8,3,HYUNDAI I20,9,-1,0,1
2024122400672,2024,122400672,1,9,0,4,4,5,1,0,0,0,1,0,0,0,1,1,2,2,2,19,4,998,8,1,HYUNDAI I20,10,E01027719,0,1
2024991530983,2024,991530983,1,9,0,-1,19,8,4,-1,0,0,0,0,0,0,1,1,-1,9,2,19,4,998,8,3,HYUNDAI I20,9,-1,0,1
2024041509984,2024,041509984,1,9,0,-1,19,7,3,-1,0,4,0,0,0,0,3,1,-1,9,2,71,10,998,8,1,HYUNDAI I20,3,E01012731,0,1
2024471416560,2024,471416560,2,9,0,-1,2,0,0,-1,0,0,0,0,0,0,2,1,-1,6,-1,-1,-1,998,1,7,HYUNDAI I20,-1,-1,0,-1
202417S206424,2024,17S206424,2,9,0,-1,19,3,7,-1,0,8,0,0,7,11,1,1,-1,9,1,17,4,998,8,1,HYUNDAI I20,9,E01033476,0,1
2024622400261,2024,622400261,1,9,0,9,9,2,8,0,0,8,0,0,0,0,4,1,6,6,2,43,7,1368,1,9,HYUNDAI I20,3,W01001348,0,4
2024421396002,2024,421396002,2,9,0,-1,19,7,3,-1,0,8,0,0,0,0,4,1,-1,9,2,68,10,1248,1,11,HYUNDAI I20,7,E01015866,0,1
2024471504638,2024,471504638,2,9,0,-1,19,2,6,-1,0,8,0,0,0,0,1,1,-1,2,1,48,8,1248,1,10,HYUNDAI I20,4,E01031344,0,1
2024421470979,2024,421470979,2,9,0,-1,19,7,3,-1,0,0,0,10,1,0,3,1,-1,9,2,56,9,1248,1,14,HYUNDAI I20,1,E01021324,0,1
2024991525755,2024,991525755,1,9,0,-1,9,1,6,-1,0,5,0,0,0,0,1,1,-1,9,1,57,9,1396,1,13,HYUNDAI I20,6,-1,0,1
2024332400284,2024,332400284,2,9,0,-1,19,7,3,-1,0,8,0,0,0,0,1,1,-1,9,2,38,7,998,8,1,HYUNDAI I20,6,E01025874,0,1
2024010505200,2024,010505200,1,9,0,18,19,5,1,0,0,0,0,0,0,0,3,1,2,2,2,20,4,998,8,1,HYUNDAI I20,2,E01002530,0,2
2024221423990,2024,221423990,1,9,0,-1,19,7,3,-1,0,1,0,0,0,0,1,1,-1,6,2,40,7,1248,1,10,HYUNDAI I20,5,E01014076,0,1
2024622400492,2024,622400492,5,9,0,3,3,8,4,0,0,1,0,0,0,0,2,1,6,6,1,20,4,998,8,0,HYUNDAI I20,10,W01001196,0,2
2024471445597,2024,471445597,2,9,0,-1,19,7,3,-1,0,1,0,0,0,0,1,1,-1,6,2,21,5,1248,1,8,HYUNDAI I20,8,E01021095,0,1
2024141448190,2024,141448190,1,9,0,-1,9,7,6,-1,0,0,0,0,0,0,1,1,-1,6,1,18,4,998,8,0,HYUNDAI I20,6,E01007748,0,3
2024052400620,2024,052400620,1,9,0,9,9,2,6,0,0,6,0,0,0,0,1,1,1,1,2,47,8,1396,2,8,HYUNDAI I20,1,E01033763,0,3
2024411504854,2024,411504854,3,9,0,-1,4,7,3,-1,0,0,0,0,0,0,2,1,-1,6,1,33,6,998,8,2,HYUNDAI I20,9,W01001115,0,5
2024451527104,2024,451527104,1,9,0,-1,19,2,5,-1,0,0,1,0,0,0,1,1,-1,1,1,26,6,1248,1,14,HYUNDAI I20,8,E01030928,0,4
2024061475193,2024,061475193,1,9,0,-1,19,6,2,-1,0,5,0,0,0,0,4,1,-1,6,2,37,7,1248,1,5,HYUNDAI I20,8,E01006090,0,3
2024991459514,2024,991459514,1,9,0,-1,19,4,8,-1,0,0,0,0,0,0,3,1,-1,2,2,65,9,998,1,3,HYUNDAI I20,8,-1,0,1
2024421476519,2024,421476519,1,9,0,-1,5,7,2,-1,0,8,1,0,0,0,1,1,-1,6,1,18,4,1248,1,11,HYUNDAI I20,8,E01021377,0,2
2024471422982,2024,471422982,2,9,0,-1,19,2,6,-1,0,8,0,0,3,0,1,1,-1,9,1,17,4,1248,1,10,HYUNDAI I20,9,E01031816,0,1
2024531425130,2024,531425130,3,9,0,-1,4,3,7,-1,0,0,0,0,0,0,2,1,-1,6,1,75,10,1248,1,7,HYUNDAI I20,9,E01022174,0,1
2024440500972,2024,440500972,1,9,0,18,19,4,8,0,0,8,0,0,7,2,1,1,6,6,2,27,6,998,1,1,HYUNDAI I20,3,E01017191,0,2
2024471400659,2024,471400659,1,9,0,-1,5,6,2,-1,0,1,0,0,0,0,3,1,-1,7,2,78,11,1368,1,10,HYUNDAI I20,10,E01031773,0,1
2024991463485,2024,991463485,1,9,0,-1,19,1,3,-1,1,0,0,0,0,0,2,1,-1,9,1,20,4,998,8,1,HYUNDAI I20,3,-1,0,4
2024311426886,2024,311426886,4,9,0,-1,19,5,1,-1,0,0,0,0,0,0,1,1,-1,9,2,29,6,1248,1,11,HYUNDAI I20,-1,-1,0,-1
2024101453191,2024,101453191,1,9,0,-1,19,1,4,-1,0,0,0,0,0,0,1,1,-1,6,1,25,5,1248,1,14,HYUNDAI I20,4,E01008832,0,2
2024101507406,2024,101507406,1,9,0,-1,5,5,1,-1,0,2,0,0,0,0,1,2,-1,6,2,25,5,1248,1,8,HYUNDAI I20,4,E01008404,0,1
2024552400681,2024,552400681,2,9,0,18,19,8,4,0,0,8,0,0,0,0,1,1,6,6,2,21,5,1248,1,15,HYUNDAI I20,5,E01015358,0,1
2024311466610,2024,311466610,2,9,0,-1,9,6,3,-1,0,1,0,0,0,0,1,1,-1,6,1,18,4,998,1,0,HYUNDAI I20,-1,-1,0,-1
2024061532554,2024,061532554,1,9,0,-1,10,1,5,-1,0,0,0,0,0,0,4,1,-1,9,1,20,4,1248,1,8,HYUNDAI I20,4,E01005006,0,1
2024543092324,2024,543092324,1,9,0,18,19,4,8,0,0,0,0,0,7,11,1,1,6,6,1,68,10,998,8,1,HYUNDAI I20,8,E01015562,0,1
2024061470416,2024,061470416,3,9,0,-1,2,0,0,-1,9,0,0,0,0,0,4,1,-1,6,1,58,9,998,1,3,HYUNDAI I20,5,E01006337,0,1
2024501454899,2024,501454899,2,9,0,-1,4,3,7,-1,0,0,0,2,0,0,2,1,-1,9,2,27,6,1368,1,9,HYUNDAI I20,4,E01018994,0,1
2024052400466,2024,052400466,2,9,0,18,19,6,3,0,0,8,0,0,0,0,1,1,6,6,1,23,5,998,8,0,HYUNDAI I20,3,E01006639,0,1
2024201482183,2024,201482183,3,9,9,-1,19,4,8,-1,0,2,0,0,0,0,9,9,-1,6,1,23,5,1248,1,11,HYUNDAI I20,2,E01009509,0,2
2024332400665,2024,332400665,1,9,0,-1,9,3,1,-1,0,5,0,0,0,0,1,1,-1,9,1,26,6,1248,1,7,HYUNDAI I20,4,E01025703,0,3
2024201441102,2024,201441102,1,9,0,-1,9,8,6,-1,0,5,0,0,0,0,4,9,-1,9,1,22,5,1248,1,8,HYUNDAI I20,3,E01009086,0,1
2024221529032,2024,221529032,1,9,0,-1,4,8,5,-1,0,6,0,10,3,10,1,9,-1,6,2,52,8,998,8,2,HYUNDAI I20,4,E01028905,0,1
2024061504128,2024,061504128,1,9,0,-1,9,1,7,-1,0,1,0,0,0,0,4,2,-1,6,1,57,9,1248,1,11,HYUNDAI I20,3,E01005798,0,1
2024332400263,2024,332400263,1,9,0,-1,19,4,8,-1,0,8,0,0,0,0,1,1,-1,9,2,33,6,1248,1,8,HYUNDAI I20,8,E01025808,0,2
2024302400739,2024,302400739,2,9,0,4,4,7,3,0,0,0,0,0,0,0,1,1,6,6,1,26,6,998,1,7,HYUNDAI I20,8,E01020379,0,5
2024141398660,2024,141398660,1,9,0,-1,4,1,5,-1,0,2,0,0,0,0,2,9,-1,6,2,45,7,1248,1,12,HYUNDAI I20,1,E01008057,0,2
2024070972202,2024,070972202,1,9,0,-1,9,3,5,-1,0,2,0,0,0,0,1,1,-1,9,2,77,11,998,1,0,HYUNDAI I20,-1,-1,0,-1
2024522401410,2024,522401410,1,9,0,5,5,8,4,0,0,1,0,0,0,0,1,1,6,6,3,-1,-1,1248,1,10,HYUNDAI I20,-1,-1,0,-1
2024461509685,2024,461509685,3,9,0,-1,19,3,7,-1,0,0,0,0,0,0,1,1,-1,2,2,18,4,1248,1,8,HYUNDAI I20,7,E01024316,0,1
2024041526969,2024,041526969,2,9,0,-1,3,5,1,-1,0,1,0,0,0,0,2,1,-1,9,2,53,8,998,8,3,HYUNDAI I20,1,E01025287,0,1
2024351433420,2024,351433420,1,9,0,-1,13,7,3,-1,0,0,0,0,0,0,3,1,-1,2,1,52,8,998,1,0,HYUNDAI I20,9,E01015635,0,2
2024991445220,2024,991445220,1,9,0,-1,19,7,4,-1,0,4,0,0,0,0,1,1,-1,6,1,86,11,1248,1,8,HYUNDAI I20,5,-1,0,3
2024161436465,2024,161436465,2,9,0,-1,9,6,4,-1,0,0,0,0,0,0,1,1,-1,6,2,76,11,1396,1,10,HYUNDAI I20,10,E01012967,0,3
2024991469082,2024,991469082,1,9,0,-1,9,8,5,-1,0,8,0,0,0,0,1,1,-1,6,1,58,9,1248,1,14,HYUNDAI I20,3,-1,0,1
202460Q177611,2024,60Q177611,1,9,0,3,3,4,2,0,0,4,0,0,0,0,2,1,6,6,2,34,6,1248,1,8,HYUNDAI I20,-1,-1,0,-1
2024061490026,2024,061490026,1,9,0,-1,19,3,7,-1,0,8,0,0,0,0,1,9,-1,6,3,-1,-1,1396,2,9,HYUNDAI I20,-1,-1,0,-1
2024461444533,2024,461444533,1,9,0,-1,4,3,7,-1,0,1,0,0,0,0,1,1,-1,9,2,25,5,1248,1,9,HYUNDAI I20,2,E01035296,0,1
2024061471286,2024,061471286,1,9,0,-1,4,7,3,-1,0,0,0,0,0,0,2,1,-1,6,2,29,6,1248,1,11,HYUNDAI I20,3,E01005727,0,2
2024141459627,2024,141459627,1,9,0,-1,19,1,1,-1,0,2,0,0,0,0,3,1,-1,9,2,68,10,1248,1,14,HYUNDAI I20,7,E01007741,0,1
2024411425366,2024,411425366,1,9,0,-1,3,5,1,-1,0,1,0,0,0,0,2,1,-1,9,1,21,5,1248,1,8,HYUNDAI I20,2,E01001551,0,1
2024451421553,2024,451421553,1,9,0,-1,19,3,7,-1,0,0,2,0,0,0,1,1,-1,9,1,24,5,998,1,3,HYUNDAI I20,9,E01030644,0,1
2024302401522,2024,302401522,1,9,0,8,8,3,5,0,0,6,0,0,0,0,3,1,2,2,2,39,7,998,8,1,HYUNDAI I20,2,E01013508,0,1
2024131408081,2024,131408081,2,9,0,-1,19,1,-1,-1,0,1,0,0,0,0,2,1,-1,6,1,62,9,998,1,6,HYUNDAI I20,7,E01034267,0,4
2024461426977,2024,461426977,1,9,0,-1,19,7,5,-1,0,0,2,0,0,0,1,9,-1,9,1,20,4,998,8,0,HYUNDAI I20,1,E01024563,0,1
2024131520570,2024,131520570,2,9,0,-1,9,5,7,-1,0,4,0,0,0,0,0,1,-1,9,1,70,10,1248,1,8,HYUNDAI I20,5,E01011757,0,1
2024111471144,2024,111471144,1,9,0,-1,7,1,3,-1,0,2,0,0,0,0,1,1,-1,6,1,36,7,1368,1,9,HYUNDAI I20,2,E01008185,0,3
2024991448584,2024,991448584,1,9,0,-1,19,5,1,-1,0,0,1,0,0,0,2,1,-1,9,2,22,5,1248,1,10,HYUNDAI I20,-1,-1,0,-1
2024131458700,2024,131458700,1,9,0,-1,5,1,6,-1,0,0,0,0,0,0,2,1,-1,6,1,50,8,1248,1,5,HYUNDAI I20,4,E01010656,0,1
2024552401111,2024,552401111,1,9,0,18,19,2,6,0,0,0,0,0,0,0,1,1,6,6,2,34,6,1248,1,10,HYUNDAI I20,6,E01020549,0,4
2024631502855,2024,631502855,1,9,0,-1,4,4,8,-1,0,0,0,0,0,0,2,1,-1,6,1,57,9,1248,1,10,HYUNDAI I20,2,E01009831,0,5
2024540093324,2024,540093324,1,9,0,7,7,3,6,0,0,1,0,0,0,0,1,1,6,6,1,22,5,1396,1,14,HYUNDAI I20,10,E01031924,0,1
2024991506092,2024,991506092,2,9,0,-1,7,3,7,-1,0,1,0,0,0,0,2,1,-1,6,1,34,6,1396,1,14,HYUNDAI I20,-1,-1,0,-1
2024010550946,2024,010550946,1,9,0,-1,-1,7,3,0,0,1,0,0,0,0,1,1,6,6,1,25,5,1396,1,12,HYUNDAI I20,4,E01003733,0,3
2024451520209,2024,451520209,3,9,0,-1,2,0,0,-1,9,1,0,0,0,0,2,1,-1,6,-1,-1,-1,1248,1,10,HYUNDAI I20,-1,-1,0,-1
2024041459497,2024,041459497,1,9,0,-1,19,7,3,-1,0,0,0,0,0,0,1,1,-1,9,1,77,11,1248,1,15,HYUNDAI I20,9,E01025490,0,2
2024411445626,2024,411445626,1,9,0,-1,9,6,5,-1,0,5,1,0,0,0,3,1,-1,2,2,50,8,1248,1,13,HYUNDAI I20,8,E01023569,0,1
2024501528527,2024,501528527,1,9,0,-1,19,1,5,-1,0,2,0,4,0,0,1,1,-1,9,2,56,9,1248,1,12,HYUNDAI I20,4,E01019013,0,1
2024231497700,2024,231497700,1,9,0,-1,7,2,5,-1,0,5,0,0,0,0,1,1,-1,9,1,19,4,1248,1,10,HYUNDAI I20,10,E01031313,0,1
2024061501544,2024,061501544,1,9,0,-1,-1,-1,-1,-1,0,8,-1,-1,-1,0,1,1,-1,6,3,54,8,1368,1,8,HYUNDAI I20,1,E01005799,0,1
2024122500080,2024,122500080,2,9,0,15,15,3,7,0,0,0,0,0,0,0,1,1,6,6,2,71,10,1248,1,6,HYUNDAI I20,3,E01013410,0,1
202454D365224,2024,54D365224,1,9,0,9,9,8,4,0,0,0,0,0,0,0,1,1,6,6,1,37,7,1396,2,13,HYUNDAI I20,9,E01032702,0,1
2024332400336,2024,332400336,1,9,0,-1,9,3,1,-1,0,5,0,0,0,0,1,1,-1,2,1,24,5,1396,1,15,HYUNDAI I20,1,E01025482,0,5
2024201548619,2024,201548619,2,9,0,-1,2,0,0,-1,0,0,0,0,0,0,2,1,-1,6,1,59,9,1248,1,7,HYUNDAI I20,1,E01009269,0,1
2024231493804,2024,231493804,2,9,0,-1,5,6,2,-1,0,6,0,0,0,0,4,1,-1,1,2,34,6,1248,1,8,HYUNDAI I20,9,E01028094,0,4
2024371454227,2024,371454227,3,9,0,-1,19,7,3,-1,0,0,0,0,0,0,3,1,-1,6,2,53,8,998,8,1,HYUNDAI I20,7,E01028427,0,5
2024440360398,2024,440360398,1,9,0,18,19,3,7,0,0,0,0,0,0,0,4,1,6,6,2,28,6,1248,1,8,HYUNDAI I20,8,E01023245,0,3
2024461405076,2024,461405076,2,9,0,-1,19,7,3,-1,0,1,0,0,0,0,1,9,-1,6,2,42,7,998,1,7,HYUNDAI I20,7,E01024109,0,3
2024010522834,2024,010522834,1,9,0,14,14,1,5,0,0,1,0,4,0,0,1,1,6,6,2,24,5,1248,1,14,HYUNDAI I20,5,E01033741,0,1
2024311397921,2024,311397921,1,9,0,-1,4,1,5,-1,0,0,0,0,0,0,2,1,-1,6,1,34,6,1248,1,9,HYUNDAI I20,5,E01026232,0,4
2024052402849,2024,052402849,2,9,0,18,19,7,3,0,0,8,0,0,0,0,4,1,1,1,2,26,6,1248,1,12,HYUNDAI I20,1,E01006872,0,2
2024031516549,2024,031516549,1,9,0,-1,19,8,4,-1,0,2,0,0,0,0,1,1,-1,6,1,30,6,1248,1,15,HYUNDAI I20,6,E01034791,0,5
2024471456821,2024,471456821,2,9,0,-1,3,3,6,-1,0,0,0,0,0,0,2,1,-1,2,2,48,8,998,1,8,HYUNDAI I20,3,E01020927,0,3
2024061481210,2024,061481210,4,9,0,-1,9,1,7,-1,0,1,0,0,0,0,2,1,-1,9,1,27,6,1368,1,9,HYUNDAI I20,1,E01011093,0,4
2024411427493,2024,411427493,2,9,0,-1,19,1,5,-1,0,0,0,0,0,0,1,1,-1,6,2,18,4,1248,1,11,HYUNDAI I20,10,E01023568,0,1
2024371482675,2024,371482675,2,9,-1,-1,19,-1,-1,-1,0,1,0,0,0,0,3,9,-1,6,2,25,5,1248,1,12,HYUNDAI I20,6,E01022000,0,3
2024461500425,2024,461500425,1,9,0,-1,19,6,2,-1,0,0,1,0,1,0,1,1,-1,9,2,63,9,998,8,2,HYUNDAI I20,3,E01024539,0,1