collision_index,collision_year,collision_ref_no,vehicle_reference,vehicle_type,towing_and_articulation,vehicle_manoeuvre_historic,vehicle_manoeuvre,vehicle_direction_from,vehicle_direction_to,vehicle_location_restricted_lane_historic,vehicle_location_restricted_lane,junction_location,skidding_and_overturning,hit_object_in_carriageway,vehicle_leaving_carriageway,hit_object_off_carriageway,first_point_of_impact,vehicle_left_hand_drive,journey_purpose_of_driver_historic,journey_purpose_of_driver,sex_of_driver,age_of_driver,age_band_of_driver,engine_capacity_cc,propulsion_code,age_of_vehicle,generic_make_model,driver_imd_decile,lsoa_of_driver,escooter_flag,driver_distance_banding
2024451448291,2024,451448291,1,9,0,-1,19,4,8,-1,0,1,0,0,0,0,1,1,-1,9,1,22,5,1248,1,15,HYUNDAI I20,8,E01030954,0,1
2024111471057,2024,111471057,1,9,0,-1,9,5,3,-1,0,8,0,0,0,0,4,1,-1,6,2,37,7,1248,1,13,HYUNDAI I20,3,E01020722,0,1
2024131526108,2024,131526108,1,9,0,-1,9,1,5,-1,0,0,0,0,0,0,1,1,-1,6,1,39,7,1248,1,7,HYUNDAI I20,2,E01011724,0,2
2024552401549,2024,552401549,1,9,0,9,9,3,1,0,0,6,0,0,0,0,4,1,2,2,2,27,6,1396,2,9,HYUNDAI I20,2,E01032662,0,2
2024520402350,2024,520402350,1,9,0,18,19,1,5,0,0,0,0,0,0,0,1,1,6,6,2,18,4,998,1,0,HYUNDAI I20,9,E01029198,0,1
2024451532067,2024,451532067,1,9,0,-1,19,8,4,-1,0,0,0,0,0,0,1,1,-1,6,1,80,11,998,8,3,HYUNDAI I20,5,E01031392,0,4
2024440006684,2024,440006684,1,9,0,18,19,6,2,0,0,1,0,0,0,0,2,1,2,2,2,54,8,1248,1,9,HYUNDAI I20,7,E01022724,0,3
2024010547012,2024,010547012,1,9,0,14,14,2,6,0,0,0,0,0,0,0,1,1,6,6,1,21,5,1248,1,16,HYUNDAI I20,7,E01000288,0,1
2024440478996,2024,440478996,3,9,0,18,19,8,4,0,0,0,0,1,0,0,1,1,2,2,1,-1,-1,1396,2,12,HYUNDAI I20,-1,-1,0,-1
2024991511940,2024,991511940,1,9,0,-1,19,4,8,-1,0,0,0,0,1,4,1,1,-1,6,2,18,4,1248,1,13,HYUNDAI I20,-1,-1,0,-1
2024430546332,2024,430546332,2,9,0,18,19,3,7,0,0,1,0,0,0,0,1,1,6,6,2,45,7,1248,1,8,HYUNDAI I20,-1,-1,0,-1
2024201428414,2024,201428414,3,9,0,-1,-1,6,3,-1,-1,0,0,0,0,0,2,9,-1,-1,2,26,6,1248,1,14,HYUNDAI I20,-1,-1,0,-1
2024411516237,2024,411516237,1,9,0,-1,9,1,5,-1,0,1,0,4,0,0,1,1,-1,1,1,22,5,1248,1,15,HYUNDAI I20,6,E01033308,0,3
2024161416795,2024,161416795,1,9,0,-1,9,7,5,-1,0,1,0,0,0,0,1,1,-1,6,1,66,10,1396,1,13,HYUNDAI I20,2,E01012869,0,1
2024010534690,2024,010534690,2,9,0,4,4,3,7,0,0,1,0,0,0,0,2,1,6,6,2,22,5,998,1,0,HYUNDAI I20,3,E01002276,0,3
2024549003224,2024,549003224,3,9,0,4,4,5,1,0,0,1,0,0,0,0,2,1,6,6,1,73,10,1248,1,9,HYUNDAI I20,9,E01031931,0,1
2024211416660,2024,211416660,1,9,0,-1,19,1,4,-1,0,0,1,0,0,0,4,9,-1,6,1,44,7,1248,1,10,HYUNDAI I20,2,E01008977,0,4
2024311408105,2024,311408105,2,9,0,-1,9,3,1,-1,0,8,0,0,0,0,3,1,-1,6,2,26,6,998,8,2,HYUNDAI I20,2,E01027977,0,1
2024501452263,2024,501452263,2,9,0,-1,19,6,8,-1,0,0,0,0,0,0,3,1,-1,9,2,74,10,1248,1,4,HYUNDAI I20,5,E01018992,0,1
2024371412527,2024,371412527,2,9,0,-1,19,6,2,-1,0,1,0,0,0,0,1,1,-1,2,2,45,7,1248,1,10,HYUNDAI I20,7,E01018129,0,4
2024531535000,2024,531535000,2,9,0,-1,19,1,5,-1,0,0,0,0,1,0,1,1,-1,6,1,56,9,1396,1,14,HYUNDAI I20,7,E01022303,0,3
2024201454348,2024,201454348,1,9,0,-1,9,6,4,-1,0,6,0,0,0,0,1,9,-1,6,1,-1,-1,1396,1,15,HYUNDAI I20,-1,-1,0,-1
2024430195121,2024,430195121,2,9,0,10,10,6,3,0,0,1,0,0,0,0,2,1,6,6,2,63,9,1248,1,9,HYUNDAI I20,7,E01028483,0,1
2024991502715,2024,991502715,1,9,0,-1,19,6,2,-1,0,1,0,0,0,0,1,1,-1,2,2,60,9,998,8,1,HYUNDAI I20,4,-1,0,1
2024430446037,2024,430446037,1,9,0,3,3,8,4,0,0,0,0,0,0,0,2,1,6,6,2,52,8,1248,1,11,HYUNDAI I20,6,E01017922,0,1
2024201421939,2024,201421939,2,9,0,-1,19,5,1,-1,0,8,0,0,0,0,3,9,-1,6,2,77,11,1248,1,14,HYUNDAI I20,8,E01009697,0,1
2024010536550,2024,010536550,3,9,0,2,2,0,0,0,0,6,0,0,0,0,0,1,6,6,3,-1,-1,1248,1,4,HYUNDAI I20,-1,-1,0,-1
2024010517038,2024,010517038,1,9,0,18,19,4,8,0,0,8,0,0,0,0,1,1,3,7,1,56,9,1248,1,15,HYUNDAI I20,3,E01001980,0,1
2024421523396,2024,421523396,1,9,0,-1,19,3,7,-1,0,1,0,0,0,0,1,1,-1,9,1,49,8,1248,1,15,HYUNDAI I20,9,E01021643,0,3
2024471476217,2024,471476217,1,9,0,-1,3,1,6,-1,0,2,0,0,0,0,2,1,-1,9,2,39,7,1248,1,10,HYUNDAI I20,9,E01021158,0,1
2024371418108,2024,371418108,2,9,0,-1,2,0,0,-1,0,0,0,0,0,0,1,1,-1,6,-1,-1,-1,1396,2,13,HYUNDAI I20,-1,-1,0,-1
2024201460638,2024,201460638,1,9,0,-1,19,1,5,-1,0,1,0,0,0,0,1,1,-1,6,1,41,7,998,8,1,HYUNDAI I20,-1,-1,0,-1
2024991432419,2024,991432419,2,9,0,-1,19,5,3,-1,0,8,0,0,0,0,3,1,-1,9,2,18,4,998,8,1,HYUNDAI I20,1,-1,0,1
2024361415653,2024,361415653,1,9,0,-1,19,3,3,-1,0,1,0,0,0,0,1,1,-1,9,2,72,10,1368,1,6,HYUNDAI I20,7,E01026673,0,1
2024201472286,2024,201472286,1,9,0,-1,19,3,5,-1,0,0,0,0,7,0,1,1,-1,6,1,18,4,1248,1,12,HYUNDAI I20,2,E01009639,0,4
2024421489372,2024,421489372,1,9,0,-1,19,7,3,-1,0,2,0,0,0,0,3,1,-1,1,2,72,10,1248,1,11,HYUNDAI I20,5,E01034081,0,1
2024061425901,2024,061425901,1,9,0,-1,19,1,5,-1,0,0,0,0,0,0,1,1,-1,6,2,61,9,1396,1,14,HYUNDAI I20,1,E01034114,0,1
2024041431558,2024,041431558,1,9,0,-1,19,7,3,-1,0,2,0,0,0,0,1,1,-1,6,1,48,8,998,1,0,HYUNDAI I20,1,E01012674,0,1
2024522400854,2024,522400854,2,9,0,18,19,7,3,0,0,8,0,0,0,0,1,1,6,6,2,59,9,1248,1,11,HYUNDAI I20,1,E01014593,0,2
2024522402714,2024,522402714,1,9,0,17,19,4,2,0,0,2,0,0,0,0,1,1,6,6,1,88,11,1248,1,9,HYUNDAI I20,8,E01014863,0,1
202460Q144515,2024,60Q144515,1,9,0,18,19,3,7,0,0,0,0,0,0,0,1,1,6,6,1,41,7,998,1,5,HYUNDAI I20,-1,-1,0,-1
2024471452665,2024,471452665,2,9,0,-1,19,1,5,-1,0,0,0,0,0,0,3,1,-1,6,2,75,10,1396,1,10,HYUNDAI I20,1,E01031429,0,1
2024461487791,2024,461487791,1,9,0,-1,19,3,7,-1,-1,0,0,0,2,0,4,1,-1,2,1,57,9,998,1,8,HYUNDAI I20,2,E01016035,0,4
2024411480042,2024,411480042,2,9,0,-1,7,4,8,-1,0,6,0,0,0,0,2,1,-1,9,1,86,11,1248,1,11,HYUNDAI I20,5,E01017588,0,4
2024041523807,2024,041523807,1,9,0,-1,19,7,3,-1,0,2,0,0,0,0,3,1,-1,9,2,28,6,1248,1,9,HYUNDAI I20,3,E01024911,0,2
2024371429475,2024,371429475,1,9,0,-1,5,3,7,-1,0,0,0,0,0,0,3,1,-1,6,2,43,7,1248,1,7,HYUNDAI I20,8,E01030009,0,1
2024041503145,2024,041503145,3,9,0,-1,2,0,0,-1,0,1,0,0,0,0,2,1,-1,6,-1,-1,-1,1248,1,14,HYUNDAI I20,-1,-1,0,-1
2024522402019,2024,522402019,1,9,0,18,19,7,3,0,0,8,0,0,0,0,1,1,6,6,2,32,6,1248,1,12,HYUNDAI I20,6,E01014591,0,2
2024471418691,2024,471418691,1,9,0,-1,19,-1,-1,-1,0,9,0,0,0,0,1,1,-1,1,1,50,8,1248,1,14,HYUNDAI I20,2,E01016024,0,4
2024421401478,2024,421401478,1,9,0,-1,19,5,1,-1,0,0,0,0,0,0,1,9,-1,6,2,35,6,1248,1,8,HYUNDAI I20,6,E01026837,0,5
2024610026424,2024,610026424,2,9,0,9,9,3,1,0,0,8,0,0,0,0,1,1,6,6,1,35,6,1248,1,10,HYUNDAI I20,1,W01001459,0,1
2024440542310,2024,440542310,2,9,0,18,19,3,7,0,0,1,0,0,0,0,1,1,6,6,2,-1,-1,1396,1,13,HYUNDAI I20,-1,-1,0,-1
2024501515487,2024,501515487,1,9,0,-1,19,8,4,-1,0,0,0,0,2,10,1,1,-1,2,1,57,9,998,1,0,HYUNDAI I20,7,E01015203,0,4
2024361411968,2024,361411968,2,9,0,-1,4,7,1,-1,0,0,0,0,0,0,2,1,-1,1,2,28,6,1248,1,7,HYUNDAI I20,1,E01030227,0,4
2024430283031,2024,430283031,1,9,0,3,3,2,6,0,0,1,0,0,0,0,2,1,6,6,2,25,5,998,8,1,HYUNDAI I20,8,E01017814,0,3
2024522403194,2024,522403194,1,9,0,16,19,8,4,0,0,2,5,0,7,10,1,1,6,6,2,20,4,998,8,2,HYUNDAI I20,5,E01014861,0,1
2024421415595,2024,421415595,1,9,0,-1,19,3,7,-1,0,0,1,10,7,0,4,1,-1,6,1,19,4,1248,1,14,HYUNDAI I20,8,E01015876,0,2
2024010538906,2024,010538906,1,9,0,99,99,9,9,99,99,9,9,99,9,99,2,9,6,6,2,52,8,1248,1,7,HYUNDAI I20,5,E01001194,0,1
2024451464271,2024,451464271,2,9,0,-1,3,7,1,-1,0,0,0,0,0,0,2,1,-1,9,2,34,6,1396,1,14,HYUNDAI I20,7,E01030734,0,3
2024991478402,2024,991478402,1,9,0,-1,19,7,2,-1,0,0,1,0,1,11,1,1,-1,9,1,25,5,1248,1,5,HYUNDAI I20,9,-1,0,1
2024522401221,2024,522401221,1,9,0,6,6,2,2,0,0,2,0,0,0,0,3,1,6,6,1,43,7,1396,1,15,HYUNDAI I20,10,E01014615,0,1
2024061417254,2024,061417254,1,9,0,-1,9,8,6,-1,0,8,0,0,0,0,1,1,-1,2,2,62,9,1248,1,10,HYUNDAI I20,5,E01005229,0,2
2024522500073,2024,522500073,2,9,0,18,19,3,7,0,0,8,0,0,0,0,1,1,6,6,2,77,11,998,8,2,HYUNDAI I20,9,E01014931,0,3
2024552401504,2024,552401504,2,9,0,7,7,6,7,0,0,5,0,0,1,0,2,1,6,6,2,75,10,1396,1,13,HYUNDAI I20,7,E01015311,0,1
2024131519860,2024,131519860,1,9,0,-1,7,2,7,-1,0,8,0,0,0,0,3,1,-1,9,2,40,7,1248,1,13,HYUNDAI I20,2,E01033899,0,1
2024461518254,2024,461518254,1,9,0,-1,19,2,6,-1,0,3,0,0,0,0,1,1,-1,9,1,86,11,1248,1,10,HYUNDAI I20,6,E01024022,0,4
2024041441071,2024,041441071,2,9,0,-1,19,7,3,-1,0,0,0,0,0,0,2,1,-1,2,2,35,6,1396,1,15,HYUNDAI I20,1,E01025260,0,1
2024421531340,2024,421531340,1,9,0,-1,5,5,1,-1,99,6,0,99,0,0,1,1,-1,6,1,80,11,1248,1,15,HYUNDAI I20,8,E01029905,0,3
2024320447657,2024,320447657,1,9,0,-1,-1,8,4,0,0,0,0,7,0,0,1,1,-1,-1,1,19,4,998,8,2,HYUNDAI I20,1,E01015603,0,4
2024141454004,2024,141454004,2,9,0,-1,19,7,2,-1,0,0,0,0,0,0,1,9,-1,6,3,-1,-1,1248,1,7,HYUNDAI I20,-1,-1,0,-1
2024010500409,2024,010500409,2,9,0,99,99,9,9,99,99,0,9,99,9,99,1,9,6,6,3,-1,-1,1248,1,8,HYUNDAI I20,-1,-1,0,-1
2024440541296,2024,440541296,2,9,0,9,9,2,6,0,0,1,0,0,0,0,1,1,6,6,3,-1,-1,1248,1,14,HYUNDAI I20,-1,-1,0,-1
2024451533448,2024,451533448,3,9,0,-1,19,7,3,-1,0,0,0,0,0,0,3,1,-1,2,1,36,7,1248,1,11,HYUNDAI I20,10,E01030487,0,1
2024461541640,2024,461541640,1,9,0,-1,4,5,1,-1,0,0,0,0,0,0,2,1,-1,9,1,26,6,1396,1,12,HYUNDAI I20,5,E01024179,0,1
2024471435821,2024,471435821,3,9,0,-1,2,0,0,-1,-1,0,0,0,0,0,3,1,-1,6,-1,-1,-1,1248,1,6,HYUNDAI I20,-1,-1,0,-1
2024451505665,2024,451505665,1,9,0,-1,19,5,1,-1,0,8,0,0,0,0,3,1,-1,9,1,63,9,1248,1,8,HYUNDAI I20,8,E01030697,0,1
2024161411850,2024,161411850,2,9,0,-1,4,8,4,-1,0,0,0,0,0,0,2,9,-1,6,2,24,5,1248,1,15,HYUNDAI I20,2,E01012992,0,2
2024451411057,2024,451411057,1,9,0,-1,5,7,3,-1,0,1,0,0,0,0,1,1,-1,9,2,52,8,998,1,5,HYUNDAI I20,7,E01030652,0,1
2024351509897,2024,351509897,2,9,0,-1,7,4,3,-1,0,1,0,0,3,0,2,1,-1,6,2,38,7,1248,1,5,HYUNDAI I20,6,E01018195,0,1
2024131523781,2024,131523781,2,9,0,-1,19,6,2,-1,0,1,0,0,0,0,1,1,-1,6,2,68,10,1248,1,6,HYUNDAI I20,6,E01027735,0,1
2024440459718,2024,440459718,1,9,0,18,19,1,7,0,0,6,0,0,0,0,1,1,6,6,1,66,10,1248,1,12,HYUNDAI I20,6,E01023054,0,1
2024302401460,2024,302401460,1,9,0,9,9,1,7,0,0,8,0,0,0,0,3,1,6,6,2,51,8,1248,1,10,HYUNDAI I20,3,E01019577,0,1
2024430269587,2024,430269587,1,9,0,9,9,1,7,0,0,2,0,0,0,0,3,1,6,6,1,89,11,1248,1,9,HYUNDAI I20,10,E01035426,0,1
2024161535740,2024,161535740,1,9,0,-1,19,1,5,-1,0,2,0,0,0,0,3,1,-1,9,1,21,5,1248,1,14,HYUNDAI I20,3,E01010950,0,4
2024471536515,2024,471536515,1,9,0,-1,19,8,4,-1,0,0,1,0,0,0,1,1,-1,9,1,74,10,1368,1,8,HYUNDAI I20,6,E01001016,0,4
2024421506150,2024,421506150,1,9,0,-1,19,7,2,-1,0,0,0,7,0,0,1,1,-1,9,2,62,9,1248,1,13,HYUNDAI I20,2,E01024170,0,2
2024041522275,2024,041522275,2,9,0,-1,2,0,0,-1,9,0,0,0,0,0,3,1,-1,6,-1,-1,-1,1248,1,6,HYUNDAI I20,-1,-1,0,-1
2024101477594,2024,101477594,1,9,0,-1,9,3,1,-1,0,1,0,0,0,0,1,1,-1,9,2,73,10,1396,1,10,HYUNDAI I20,1,E01020749,0,1
2024010516051,2024,010516051,2,9,0,18,19,1,5,0,0,8,0,0,0,0,2,1,6,6,2,42,7,1396,1,12,HYUNDAI I20,-1,-1,0,-1
2024332400178,2024,332400178,1,9,0,-1,9,6,3,-1,0,6,0,0,0,0,1,1,-1,9,2,18,4,1248,1,14,HYUNDAI I20,9,E01025744,0,3
2024451529437,2024,451529437,1,9,0,-1,7,1,5,-1,0,2,0,0,0,0,1,1,-1,1,1,21,5,1248,1,12,HYUNDAI I20,4,E01003658,0,4
2024211551306,2024,211551306,2,9,0,-1,7,5,6,-1,0,6,0,0,0,0,1,1,-1,2,2,22,5,1248,1,14,HYUNDAI I20,3,E01014327,0,4
2024010539144,2024,010539144,1,9,0,99,99,9,9,99,99,9,9,99,9,99,2,9,2,2,2,33,6,1248,1,13,HYUNDAI I20,4,E01031547,0,4
2024041420400,2024,041420400,1,9,0,-1,19,5,1,-1,0,0,0,0,0,0,1,1,-1,1,1,53,8,1248,1,13,HYUNDAI I20,4,E01025304,0,2
2024501435679,2024,501435679,2,9,0,-1,9,3,1,-1,0,1,0,0,0,0,2,1,-1,9,2,25,5,998,1,3,HYUNDAI I20,2,E01015259,0,2
2024052400578,2024,052400578,2,9,0,18,19,7,3,0,0,0,0,0,0,0,1,1,6,6,1,63,9,1248,1,13,HYUNDAI I20,2,E01007276,0,1
2024161445689,2024,161445689,3,9,0,-1,2,0,0,-1,0,1,0,4,0,0,2,1,-1,6,-1,-1,-1,1248,1,8,HYUNDAI I20,-1,-1,0,-1
2024520002674,2024,520002674,2,9,0,2,2,0,0,0,0,0,0,0,0,0,3,1,6,6,2,48,8,1248,1,9,HYUNDAI I20,9,E01014481,0,1
2024520402618,2024,520402618,1,9,0,18,19,8,5,0,0,8,0,0,0,0,1,1,6,6,2,52,8,1248,1,15,HYUNDAI I20,10,E01029128,0,4
2024131507805,2024,131507805,1,9,0,-1,5,6,2,-1,0,6,0,0,0,0,1,1,-1,9,1,24,5,1248,1,10,HYUNDAI I20,6,E01011402,0,4
2024061495919,2024,061495919,2,9,0,-1,4,6,2,-1,0,0,0,0,0,0,2,1,-1,9,1,21,5,1248,1,8,HYUNDAI I20,5,E01005879,0,2
2024501424005,2024,501424005,2,9,0,-1,9,3,5,-1,0,5,0,0,0,0,1,1,-1,9,1,74,10,998,1,3,HYUNDAI I20,9,E01020023,0,1
2024031526452,2024,031526452,1,9,0,-1,19,1,5,-1,0,0,1,0,7,11,1,1,-1,2,1,21,5,1598,1,1,HYUNDAI I20,7,E01019117,0,3
2024471456424,2024,471456424,1,9,0,-1,19,7,3,-1,0,0,0,0,0,0,3,1,-1,6,2,50,8,1248,1,13,HYUNDAI I20,6,E01031345,0,1
2024141528465,2024,141528465,3,9,0,-1,19,5,1,-1,0,0,0,0,0,0,1,1,-1,9,1,47,8,998,8,1,HYUNDAI I20,1,E01007406,0,1
2024131464404,2024,131464404,3,9,0,-1,2,0,0,-1,9,0,0,0,0,0,0,1,-1,6,-1,-1,-1,1248,1,14,HYUNDAI I20,-1,-1,0,-1
2024411498271,2024,411498271,2,9,-1,-1,-1,-1,-1,-1,-1,-1,-1,-1,-1,0,3,9,-1,9,2,25,5,998,1,8,HYUNDAI I20,8,E01023672,0,1
2024361517550,2024,361517550,2,9,0,-1,19,7,3,-1,0,8,0,7,0,0,4,1,-1,1,2,45,7,1248,1,13,HYUNDAI I20,-1,-1,0,-1
2024991401027,2024,991401027,1,9,0,-1,19,4,8,-1,0,0,0,11,0,0,1,1,-1,9,2,76,11,1248,1,9,HYUNDAI I20,5,-1,0,1
2024231473508,2024,231473508,1,9,0,-1,19,4,8,-1,0,0,2,0,7,6,4,9,-1,6,1,21,5,1248,1,9,HYUNDAI I20,10,E01031773,0,5
2024311520429,2024,311520429,1,9,0,-1,10,3,8,-1,0,1,0,0,0,0,1,1,-1,9,2,84,11,1396,2,15,HYUNDAI I20,6,E01028034,0,2
2024440184662,2024,440184662,1,9,0,10,10,3,7,0,0,1,0,0,0,0,2,1,6,6,2,22,5,1248,1,13,HYUNDAI I20,6,E01017025,0,1
2024430606502,2024,430606502,1,9,0,3,3,3,7,0,0,1,0,0,0,0,1,1,3,7,2,28,6,998,8,1,HYUNDAI I20,6,E01017911,0,1
2024131421414,2024,131421414,2,9,0,-1,19,6,2,-1,0,0,0,0,0,0,2,1,-1,1,1,59,9,1248,1,12,HYUNDAI I20,2,E01011927,0,1
2024070967101,2024,070967101,1,9,0,-1,1,1,5,-1,0,0,0,0,7,1,2,1,-1,6,2,62,9,1248,1,15,HYUNDAI I20,-1,-1,0,-1
2024161475648,2024,161475648,1,9,0,-1,5,3,7,-1,0,0,0,0,1,0,1,1,-1,9,1,36,7,998,8,0,HYUNDAI I20,1,E01011362,0,5
2024631491760,2024,631491760,1,9,0,-1,19,2,6,-1,0,0,2,0,1,0,1,1,-1,9,1,17,4,1248,1,5,HYUNDAI I20,8,W01000797,0,4
2024622400519,2024,622400519,1,9,0,18,19,8,4,0,0,0,0,0,0,0,1,1,2,2,2,24,5,1248,1,11,HYUNDAI I20,2,W01001910,0,1
2024440373664,2024,440373664,2,9,0,5,5,1,5,0,0,1,0,0,0,0,4,1,6,6,1,53,8,1248,1,9,HYUNDAI I20,9,E01032753,0,1
2024131408093,2024,131408093,3,9,0,-1,2,5,1,-1,0,0,0,0,0,0,1,1,-1,6,-1,-1,-1,1248,1,8,HYUNDAI I20,-1,-1,0,-1
2024052400778,2024,052400778,1,9,0,18,19,6,2,0,0,0,0,0,1,0,1,1,6,6,2,75,10,998,8,2,HYUNDAI I20,1,E01006812,0,1
2024061505267,2024,061505267,2,9,0,-1,19,1,1,-1,0,1,0,0,0,0,2,2,-1,6,2,30,6,1248,1,15,HYUNDAI I20,6,E01004925,0,2
2024471513457,2024,471513457,3,9,0,-1,19,7,3,-1,0,0,0,0,0,0,2,1,-1,6,1,25,5,1598,1,1,HYUNDAI I20,9,E01031353,0,1
2024311523236,2024,311523236,2,9,0,-1,19,1,5,-1,0,0,0,0,0,0,1,1,-1,6,3,-1,-1,1248,1,13,HYUNDAI I20,-1,-1,0,-1
2024052401729,2024,052401729,5,9,0,18,19,4,8,0,0,0,0,0,0,0,2,1,6,6,2,26,6,998,8,4,HYUNDAI I20,1,E01006711,0,2
2024421458815,2024,421458815,1,9,0,-1,19,7,2,-1,0,0,0,0,1,9,3,1,-1,9,1,76,11,1396,1,12,HYUNDAI I20,1,E01021998,0,2
2024991472649,2024,991472649,1,9,0,-1,9,1,7,-1,0,6,0,0,0,0,1,1,-1,6,1,32,6,998,1,0,HYUNDAI I20,-1,-1,0,-1
2024131461889,2024,131461889,2,9,0,-1,19,3,7,-1,0,8,0,0,0,0,3,1,-1,6,1,72,10,1248,1,4,HYUNDAI I20,6,E01011551,0,1
2024122400121,2024,122400121,2,9,0,2,2,0,0,0,0,2,0,0,0,0,2,1,6,6,2,39,7,1368,1,8,HYUNDAI I20,5,E01027871,0,1
2024101522258,2024,101522258,1,9,-1,-1,-1,-1,-1,-1,-1,0,-1,-1,-1,0,-1,9,-1,6,1,27,6,998,8,2,HYUNDAI I20,3,E01008598,0,1
2024141485386,2024,141485386,1,9,0,-1,4,7,4,-1,0,8,0,0,0,0,2,1,-1,2,2,56,9,1248,1,8,HYUNDAI I20,6,E01008046,0,1
2024522401850,2024,522401850,1,9,0,2,2,0,0,0,0,0,0,0,0,0,3,1,6,6,2,39,7,998,8,1,HYUNDAI I20,1,E01014654,0,1
2024041450646,2024,041450646,2,9,0,-1,9,3,1,-1,0,0,0,0,0,0,1,1,-1,9,1,35,6,1248,1,13,HYUNDAI I20,3,E01012691,0,1
2024440015169,2024,440015169,2,9,0,18,19,5,1,0,0,1,0,0,0,0,1,1,6,6,2,36,7,1396,1,13,HYUNDAI I20,7,E01022648,0,1
2024141421745,2024,141421745,1,9,0,-1,7,3,7,-1,0,1,0,0,0,0,4,1,-1,9,1,23,5,1598,1,1,HYUNDAI I20,6,E01007973,0,1
2024430226325,2024,430226325,1,9,0,18,19,2,6,0,0,8,0,0,0,0,3,1,3,7,2,35,6,1248,1,14,HYUNDAI I20,4,E01016475,0,1
2024351482995,2024,351482995,1,9,0,-1,5,7,3,-1,0,8,0,0,0,0,3,1,-1,6,2,20,4,1248,1,14,HYUNDAI I20,6,E01018111,0,3
2024501536111,2024,501536111,1,9,0,-1,11,3,5,-1,0,1,0,0,0,0,9,1,-1,6,2,20,4,1248,1,3,HYUNDAI I20,5,E01020050,0,4
2024401425726,2024,401425726,1,9,0,-1,19,7,3,-1,0,0,0,4,0,0,3,1,-1,9,2,20,4,1248,1,7,HYUNDAI I20,7,E01017608,0,3
2024461467920,2024,461467920,1,9,0,-1,19,-1,-1,-1,0,0,0,0,0,0,1,9,-1,6,2,-1,-1,1248,1,12,HYUNDAI I20,5,E01024181,0,1
2024991430684,2024,991430684,1,9,0,-1,9,4,2,-1,0,1,0,0,7,0,4,1,-1,9,2,45,7,998,8,1,HYUNDAI I20,2,-1,0,3
2024101481914,2024,101481914,1,9,0,-1,6,7,3,-1,0,1,0,0,0,0,3,1,-1,6,2,48,8,1248,1,15,HYUNDAI I20,1,E01008305,0,2
2024430425844,2024,430425844,2,9,0,18,19,4,1,0,0,8,0,0,0,0,1,1,6,6,1,67,10,1248,1,10,HYUNDAI I20,-1,-1,0,-1
2024201451709,2024,201451709,2,9,0,-1,19,8,4,-1,0,8,0,10,7,0,3,1,-1,7,2,25,5,1248,1,12,HYUNDAI I20,-1,-1,0,-1
2024201461666,2024,201461666,1,9,0,-1,19,4,8,-1,0,8,0,0,0,0,1,1,-1,9,1,90,11,1248,1,5,HYUNDAI I20,-1,-1,0,-1
2024991506180,2024,991506180,1,9,0,-1,9,5,4,-1,0,8,0,0,0,0,4,1,-1,6,2,23,5,1248,1,13,HYUNDAI I20,-1,-1,0,-1
2024340WN6252,2024,340WN6252,2,9,0,-1,2,0,0,-1,0,0,0,4,0,0,4,1,-1,6,3,-1,-1,1248,1,7,HYUNDAI I20,-1,-1,0,-1
202417S214524,2024,17S214524,1,9,0,-1,19,5,1,-1,0,0,0,0,0,0,1,1,-1,9,2,35,6,1248,1,14,HYUNDAI I20,1,E01012100,0,3
2024201470478,2024,201470478,1,9,0,-1,19,6,2,-1,0,0,0,0,0,0,1,1,-1,6,1,34,6,1248,1,6,HYUNDAI I20,1,E01010363,0,1
2024471503281,2024,471503281,1,9,0,-1,5,3,7,-1,0,0,0,0,0,0,1,1,-1,9,1,77,11,1396,1,15,HYUNDAI I20,8,E01021232,0,1
2024302401473,2024,302401473,1,9,0,18,19,8,4,0,0,1,0,0,0,0,4,1,2,2,2,44,7,998,8,1,HYUNDAI I20,4,E01019491,0,1
2024320147806,2024,320147806,1,9,0,9,9,2,6,0,0,6,0,0,1,11,4,1,6,6,1,26,6,1248,1,11,HYUNDAI I20,3,E01026123,0,1
2024451494640,2024,451494640,2,9,0,-1,4,6,2,-1,0,0,0,0,0,0,2,1,-1,9,1,18,4,1248,1,14,HYUNDAI I20,6,E01030371,0,2
2024421490908,2024,421490908,1,9,0,-1,13,7,3,-1,0,0,0,7,0,0,1,1,-1,2,1,25,5,1248,1,4,HYUNDAI I20,8,E01021599,0,1
2024061468534,2024,061468534,3,9,0,-1,19,1,1,-1,0,0,0,0,0,0,3,1,-1,9,1,26,6,998,1,0,HYUNDAI I20,10,E01006093,0,3
2024451442996,2024,451442996,1,9,0,-1,19,5,1,-1,0,0,0,0,0,0,1,9,-1,6,1,29,6,998,1,5,HYUNDAI I20,5,E01031600,0,3
2024201441969,2024,201441969,1,9,0,-1,4,7,3,-1,0,0,1,10,6,7,1,9,-1,6,1,39,7,1997,1,21,-1,2,E01010268,0,3
2024430603462,2024,430603462,1,9,0,1,1,-1,-1,0,0,9,0,0,0,0,2,1,6,6,1,62,9,2993,2,7,-1,-1,-1,0,-1
2024201481057,2024,201481057,2,9,0,-1,19,2,6,-1,0,0,0,10,1,0,4,1,-1,6,1,74,10,3996,1,24,-1,2,E01009254,0,1
2024010531497,2024,010531497,1,9,0,7,7,9,9,99,99,5,9,99,9,99,9,9,6,6,3,-1,-1,1999,2,7,-1,3,E01003151,0,1