collision_index,collision_year,collision_ref_no,vehicle_reference,vehicle_type,towing_and_articulation,vehicle_manoeuvre_historic,vehicle_manoeuvre,vehicle_direction_from,vehicle_direction_to,vehicle_location_restricted_lane_historic,vehicle_location_restricted_lane,junction_location,skidding_and_overturning,hit_object_in_carriageway,vehicle_leaving_carriageway,hit_object_off_carriageway,first_point_of_impact,vehicle_left_hand_drive,journey_purpose_of_driver_historic,journey_purpose_of_driver,sex_of_driver,age_of_driver,age_band_of_driver,engine_capacity_cc,propulsion_code,age_of_vehicle,generic_make_model,driver_imd_decile,lsoa_of_driver,escooter_flag,driver_distance_banding
2024201407072,2024,201407072,2,3,0,-1,19,2,6,-1,0,4,0,0,0,0,4,1,-1,9,1,25,5,125,1,1,-1,1,E01010527,0,1
2024221469379,2024,221469379,2,9,0,-1,19,4,8,-1,0,0,0,0,0,0,3,1,-1,6,2,47,8,1995,8,1,-1,8,E01004609,0,5
2024371451770,2024,371451770,1,2,0,-1,9,3,1,-1,0,0,0,0,0,0,1,1,-1,9,1,17,4,49,1,22,-1,6,E01021398,0,1
2024311412595,2024,311412595,1,9,0,-1,19,1,5,-1,0,0,2,0,1,9,1,1,-1,9,1,35,6,4966,1,22,-1,-1,-1,0,-1
2024010539311,2024,010539311,2,9,0,2,2,0,0,0,0,0,0,0,0,0,3,1,6,6,3,-1,-1,4966,1,18,-1,-1,-1,0,-1
2024141479872,2024,141479872,1,3,0,-1,19,4,8,-1,0,1,1,0,0,0,1,1,-1,6,1,20,4,125,1,0,-1,1,E01008061,0,1
2024070878128,2024,070878128,2,4,0,-1,9,1,7,-1,0,3,0,0,0,0,1,1,-1,2,1,23,5,125,1,0,-1,1,E01012455,0,1
2024552401239,2024,552401239,2,3,0,17,19,4,2,0,0,8,0,0,0,0,1,1,6,6,1,29,6,125,1,1,-1,4,E01015420,0,1
202454F154524,2024,54F154524,2,2,0,18,19,2,6,0,0,0,5,10,0,0,0,1,6,6,1,16,4,50,1,2,-1,5,E01015587,0,1
2024552400259,2024,552400259,2,3,0,4,4,8,4,0,0,0,0,0,0,0,2,1,2,2,1,22,5,125,1,2,-1,4,E01015345,0,1
2024041457690,2024,041457690,1,2,0,-1,19,5,1,-1,0,0,5,0,0,0,4,1,-1,6,3,-1,-1,50,1,2,-1,-1,-1,0,-1
2024231521931,2024,231521931,1,3,0,-1,19,1,5,-1,0,0,0,0,0,0,9,1,-1,6,1,22,5,125,1,0,-1,5,E01031311,0,1
2024052400775,2024,052400775,1,3,0,18,19,7,3,0,0,0,0,0,0,0,0,1,2,2,1,18,4,125,1,2,-1,6,E01007183,0,2
2024010531473,2024,010531473,1,9,0,15,15,5,1,0,0,1,1,2,0,0,1,1,6,6,1,19,4,1497,1,22,NISSAN ALMERA,5,E01024095,0,4
2024041517853,2024,041517853,1,9,0,-1,19,-1,-1,-1,0,1,0,0,0,0,1,9,-1,6,2,48,8,1769,1,19,NISSAN ALMERA,3,E01025271,0,1
2024010536902,2024,010536902,1,9,0,18,19,5,1,0,0,2,0,10,5,6,4,1,6,6,1,49,8,1497,1,20,NISSAN ALMERA,3,E01004332,0,1
2024520401663,2024,520401663,1,9,0,4,4,7,3,0,0,1,0,0,0,0,2,1,6,6,1,61,9,1497,1,20,NISSAN ALMERA,2,E01029284,0,1
2024320268698,2024,320268698,1,9,0,-1,-1,4,8,0,0,0,0,4,1,0,1,1,-1,-1,2,28,6,1769,1,21,NISSAN ALMERA,8,E01026319,0,2
2024361516026,2024,361516026,1,9,0,-1,19,6,2,-1,0,0,0,0,0,0,1,1,-1,9,1,27,6,1497,1,21,NISSAN ALMERA,4,E01026752,0,1
2024010550200,2024,010550200,1,9,0,99,99,9,9,99,99,9,9,99,9,99,9,9,6,6,2,58,9,1769,1,19,NISSAN ALMERA,3,E01001692,0,3
2024010544442,2024,010544442,2,9,0,99,99,9,9,99,99,9,9,99,9,99,0,9,6,6,3,-1,-1,1497,1,20,NISSAN ALMERA,4,E01003453,0,1
2024052402161,2024,052402161,2,9,0,4,4,8,4,0,0,1,0,0,0,0,2,1,6,6,2,63,9,1497,1,18,NISSAN ALMERA,3,E01025469,0,3
2024471426218,2024,471426218,2,9,0,-1,19,5,1,-1,0,0,0,0,0,0,1,1,-1,9,2,57,9,2184,2,22,NISSAN ALMERA,5,E01031611,0,1
2024520402314,2024,520402314,1,9,0,9,9,7,4,0,0,8,0,0,0,0,3,1,6,6,2,52,8,1497,1,21,NISSAN ALMERA,6,E01029288,0,1
2024302401486,2024,302401486,1,9,0,14,14,5,1,0,0,0,0,0,0,0,3,1,2,2,1,50,8,1769,1,20,NISSAN ALMERA,4,E01019495,0,1
2024471449250,2024,471449250,1,9,0,-1,19,8,4,-1,0,0,0,0,0,0,1,1,-1,6,1,62,9,1497,1,23,NISSAN ALMERA,7,E01015116,0,5
2024010493711,2024,010493711,2,9,0,18,19,7,3,0,0,6,0,0,0,0,4,1,6,6,1,67,10,1497,1,21,NISSAN ALMERA,8,E01032577,0,2
2024401487050,2024,401487050,1,9,0,-1,5,1,5,-1,0,1,1,10,3,4,1,1,-1,9,2,18,4,1497,1,21,NISSAN ALMERA,10,E01018245,0,1
2024061450199,2024,061450199,1,9,-1,-1,-1,-1,-1,-1,-1,0,-1,-1,-1,0,-1,9,-1,6,1,-1,-1,1497,1,20,NISSAN ALMERA,-1,-1,0,-1
2024211516544,2024,211516544,1,9,0,-1,19,3,4,-1,0,0,1,0,0,0,1,1,-1,6,1,35,6,1998,1,26,NISSAN ALMERA,2,E01029448,0,1
2024471500408,2024,471500408,1,9,0,-1,19,5,1,-1,0,2,2,4,1,11,1,1,-1,2,2,40,7,1497,1,18,NISSAN ALMERA,6,E01031524,0,1
2024010531697,2024,010531697,3,9,0,99,99,9,9,99,99,9,9,99,9,99,1,9,6,6,3,-1,-1,1497,1,19,NISSAN ALMERA,-1,-1,0,-1
2024430356571,2024,430356571,2,9,0,18,19,6,2,0,0,8,0,0,0,0,4,1,6,6,1,77,11,1769,1,19,NISSAN ALMERA,6,E01031849,0,3
2024010490521,2024,010490521,2,9,0,18,19,3,7,0,0,2,0,0,0,0,3,1,6,6,1,59,9,1497,1,19,NISSAN ALMERA,3,E01003973,0,1
2024221516168,2024,221516168,1,9,0,-1,19,3,7,-1,0,8,0,0,3,7,4,1,-1,2,2,31,6,1769,1,19,NISSAN ALMERA,5,E01014158,0,1
2024552400940,2024,552400940,1,9,0,18,19,7,3,0,0,8,0,0,1,0,1,1,2,2,1,47,8,1497,1,19,NISSAN ALMERA,9,E01020557,0,4
2024522401450,2024,522401450,3,9,0,18,19,2,6,0,0,0,0,0,0,0,1,1,6,6,3,-1,-1,1769,1,20,NISSAN ALMERA,-1,-1,0,-1
2024531495056,2024,531495056,1,9,0,-1,9,7,3,-1,0,1,0,0,0,0,1,1,-1,1,1,40,7,1769,1,20,NISSAN ALMERA,8,E01022123,0,3
2024332400174,2024,332400174,1,9,0,-1,19,3,7,-1,0,0,0,0,0,0,4,1,-1,6,1,-1,-1,1497,1,21,NISSAN ALMERA,-1,-1,0,-1
2024061454145,2024,061454145,1,9,0,-1,19,1,5,-1,0,8,0,0,0,0,1,1,-1,9,2,28,6,1769,1,19,NISSAN ALMERA,1,E01005103,0,2
2024010544923,2024,010544923,1,9,0,4,4,5,1,0,0,1,0,0,0,0,1,1,2,2,1,60,9,1497,1,20,NISSAN ALMERA,2,E01003497,0,1
2024010519678,2024,010519678,1,9,9,99,99,9,9,99,99,9,9,99,9,99,9,9,6,6,3,-1,-1,1497,1,19,NISSAN ALMERA,-1,-1,0,-1
2024471401743,2024,471401743,1,9,0,-1,19,6,2,-1,0,4,0,0,0,0,1,1,-1,6,1,35,6,1497,1,20,NISSAN ALMERA,6,E01031568,0,1
2024010513558,2024,010513558,2,9,9,99,99,9,9,99,99,9,9,99,9,99,9,9,6,6,3,49,8,1497,1,20,NISSAN ALMERA,5,E01002607,0,1
2024061470959,2024,061470959,1,9,0,-1,19,1,5,-1,0,0,0,0,0,0,1,1,-1,9,1,18,4,1497,1,18,NISSAN ALMERA,-1,-1,0,-1
2024010517272,2024,010517272,1,9,0,5,5,3,7,0,0,1,0,0,0,0,1,1,6,6,1,76,11,1769,1,21,NISSAN ALMERA,1,E01001356,0,1
2024401471022,2024,401471022,2,9,0,-1,7,5,6,-1,0,1,0,0,0,0,2,1,-1,9,1,48,8,1769,1,20,NISSAN ALMERA,4,E01004326,0,4
2024221488315,2024,221488315,2,9,0,-1,19,2,6,-1,0,0,0,0,0,0,1,1,-1,9,1,42,7,1497,1,21,NISSAN ALMERA,8,E01028877,0,1
2024991459039,2024,991459039,1,3,0,-1,19,7,3,-1,0,0,1,0,0,0,4,1,-1,9,1,60,9,125,1,3,-1,1,-1,0,2
2024041501992,2024,041501992,2,4,0,-1,19,1,7,-1,0,3,0,0,0,0,2,1,-1,9,1,43,7,278,1,4,-1,5,E01012667,0,1
2024610043724,2024,610043724,1,90,0,13,13,2,6,9,9,0,1,0,1,11,1,1,6,6,1,57,9,499,1,8,-1,5,W01001589,0,1
2024351545145,2024,351545145,1,90,0,-1,19,7,3,-1,0,1,0,0,3,0,1,1,-1,6,1,21,5,499,1,12,-1,4,E01018084,0,1
2024010512219,2024,010512219,2,3,0,18,19,3,7,0,0,2,0,0,0,0,1,1,6,6,1,33,6,125,1,3,SYM JET,7,E01000309,0,1
2024302400264,2024,302400264,1,3,0,18,19,7,3,0,0,8,0,0,0,0,1,1,2,2,1,31,6,125,1,2,SYM JET,4,E01019822,0,1
2024010530820,2024,010530820,2,3,0,18,19,5,1,0,0,8,0,0,0,0,4,1,1,1,1,61,9,125,1,6,SYM JET,2,E01001576,0,3
2024451399823,2024,451399823,1,3,0,-1,9,1,3,-1,0,8,1,0,0,0,3,1,-1,2,1,54,8,125,1,2,SYM JET,10,E01030525,0,1
2024361511369,2024,361511369,2,3,0,-1,19,4,8,-1,0,8,0,0,0,0,1,1,-1,9,1,20,4,125,1,0,SYM JET,8,E01026518,0,1
2024340WN2212,2024,340WN2212,1,3,0,-1,19,1,5,-1,0,-1,0,4,0,0,1,1,-1,9,2,17,4,125,1,5,SYM JET,8,E01027273,0,1
2024991531785,2024,991531785,2,2,0,-1,19,6,2,-1,0,0,2,0,0,0,3,1,-1,2,1,16,4,49,1,13,SYM JET,2,-1,0,1
2024201443396,2024,201443396,1,3,0,-1,4,2,6,-1,0,0,2,10,0,0,1,1,-1,6,-1,-1,-1,125,1,2,SYM JET,-1,-1,0,-1
2024451416993,2024,451416993,1,3,0,-1,19,1,5,-1,0,0,1,0,0,0,4,1,-1,9,1,23,5,125,1,3,SYM JET,5,E01023843,0,4
2024430304462,2024,430304462,1,4,0,18,19,7,3,0,0,6,0,0,3,9,1,1,1,1,1,24,5,125,1,1,SYM JET,10,E01028655,0,3
2024122500206,2024,122500206,2,5,0,18,19,3,1,0,0,1,0,0,0,0,4,1,6,6,1,16,4,49,1,2,SYM JET,7,E01010638,0,1
2024201430960,2024,201430960,2,3,0,-1,19,6,2,-1,0,8,0,0,0,0,3,1,-1,1,1,26,6,125,1,1,SYM JET,-1,-1,0,-1
2024320561069,2024,320561069,2,4,0,-1,-1,8,4,0,0,1,1,0,0,0,2,1,-1,-1,1,17,4,125,1,2,SYM JET,6,E01026020,0,2
2024010497608,2024,010497608,2,3,0,18,19,1,5,0,0,1,0,0,0,0,1,1,6,6,1,22,5,125,1,1,SYM JET,6,E01002933,0,2
2024010540965,2024,010540965,1,3,0,13,13,1,5,0,0,0,0,0,0,0,1,1,6,6,1,24,5,125,1,1,SYM JET,6,E01003030,0,1
2024211543601,2024,211543601,1,4,0,-1,19,1,5,-1,0,0,1,4,0,0,1,1,-1,2,1,53,8,125,1,3,SYM JET,2,E01029717,0,1
2024010500995,2024,010500995,1,3,0,99,99,9,9,99,99,9,9,99,9,99,1,1,6,6,1,28,6,125,1,2,SYM JET,1,E01003971,0,3
2024010517011,2024,010517011,1,3,0,13,13,1,5,0,0,0,0,10,0,0,3,1,6,6,1,37,7,125,1,1,SYM JET,5,E01033921,0,1
2024131502245,2024,131502245,2,3,0,-1,19,1,1,-1,0,0,0,0,0,0,2,1,-1,1,1,25,5,49,1,4,SYM JET,3,E01010793,0,1
2024010551557,2024,010551557,2,3,0,6,6,5,5,0,0,1,0,4,0,0,1,1,1,1,1,37,7,125,1,3,SYM JET,3,E01003627,0,2
2024010519778,2024,010519778,2,3,0,18,19,1,5,0,0,0,0,0,0,0,4,1,2,2,1,21,5,125,1,0,SYM JET,7,E01004512,0,1
2024522403272,2024,522403272,2,3,0,18,19,2,6,0,0,8,0,0,0,0,1,1,6,6,1,28,6,125,1,3,SYM JET,2,E01014977,0,1
2024221431459,2024,221431459,1,3,0,-1,4,1,5,-1,0,1,0,0,0,0,2,1,-1,9,1,42,7,125,1,2,SYM JET,6,E01010075,0,3
2024552401460,2024,552401460,1,4,0,4,4,4,8,0,0,4,1,0,0,0,0,1,6,6,1,33,6,125,1,1,SYM JET,2,E01015290,0,1
2024552401139,2024,552401139,3,2,0,3,3,2,6,0,0,0,0,0,0,0,2,1,6,6,1,37,7,125,1,3,SYM JET,3,E01015289,0,1
2024440480650,2024,440480650,1,4,0,18,19,3,7,0,0,0,0,0,0,0,4,1,1,1,1,25,5,124,1,9,SYM JET,5,E01017160,0,1
2024371462227,2024,371462227,1,3,0,-1,19,2,5,-1,0,0,1,10,0,0,1,1,-1,6,1,22,5,125,1,4,SYM JET,10,E01030179,0,3
2024552401395,2024,552401395,2,3,0,5,5,1,4,0,0,8,0,0,0,0,1,1,6,6,1,38,7,125,1,0,SYM JET,2,E01032662,0,1
2024622400452,2024,622400452,1,2,0,18,19,7,3,0,0,0,0,2,0,0,1,1,6,6,1,24,5,124,1,8,SYM JET,10,W01001794,0,2
2024061450402,2024,061450402,1,3,0,-1,14,-1,-1,-1,0,0,0,0,0,0,1,1,-1,9,1,20,4,125,1,1,SYM JET,7,E01006303,0,1
2024401442688,2024,401442688,1,2,0,-1,19,5,1,-1,0,4,1,10,0,0,4,1,-1,2,1,17,4,49,1,6,SYM JET,6,E01017437,0,2
2024010518609,2024,010518609,1,3,0,18,19,5,1,0,0,1,2,0,0,0,3,1,2,2,1,19,4,125,1,7,SYM JET,2,E01024154,0,1
2024161404598,2024,161404598,2,3,0,-1,19,2,6,-1,0,8,0,0,0,0,3,1,-1,2,1,33,6,125,1,1,SYM JET,10,E01013012,0,1
2024361483936,2024,361483936,1,3,0,-1,13,-1,-1,-1,0,1,0,0,0,0,4,1,-1,6,1,18,4,125,1,0,SYM JET,7,E01026883,0,1
2024010534111,2024,010534111,2,3,0,4,4,3,7,0,0,1,0,0,0,0,1,1,1,1,1,27,6,125,1,0,SYM JET,2,E01000030,0,2
2024010512364,2024,010512364,2,3,0,3,3,5,1,0,0,0,0,0,0,0,1,1,1,1,1,27,6,125,1,3,SYM JET,2,E01004464,0,1
2024522402833,2024,522402833,2,3,0,18,19,3,7,0,0,0,0,0,0,0,1,1,6,6,1,31,6,125,1,3,SYM JET,-1,-1,0,-1
2024221480674,2024,221480674,1,3,0,-1,19,2,6,-1,0,0,0,0,0,0,4,1,-1,9,1,24,5,125,1,3,SYM JET,8,E01032197,0,1
2024101520635,2024,101520635,2,3,0,-1,19,7,3,-1,0,0,2,0,0,0,-1,1,-1,9,1,17,4,125,1,0,SYM JET,1,E01008290,0,1
2024311427253,2024,311427253,2,3,0,-1,19,7,7,-1,0,0,0,0,0,0,1,1,-1,2,1,42,7,125,1,2,SYM JET,1,E01013818,0,1
2024122400124,2024,122400124,1,4,0,18,19,5,1,0,0,0,0,0,1,0,1,1,6,6,1,51,8,125,1,4,SYM JET,3,E01013335,0,1
2024211448828,2024,211448828,2,2,0,-1,19,5,1,-1,0,1,0,0,0,0,0,1,-1,6,1,18,4,49,1,12,SYM JET,-1,-1,0,-1
2024320666532,2024,320666532,1,3,0,-1,-1,3,7,0,0,0,2,0,0,0,1,1,-1,-1,1,60,9,125,1,1,SYM JET,9,E01026229,0,2
2024161430957,2024,161430957,2,2,0,-1,15,2,6,-1,0,1,0,0,0,0,1,1,-1,9,1,17,4,49,1,10,SYM JET,8,E01013065,0,1
2024302400601,2024,302400601,1,3,0,17,19,4,2,0,0,8,0,0,0,0,1,1,6,6,1,20,4,49,1,17,SYM JET,4,E01019730,0,1
2024451455934,2024,451455934,2,3,0,-1,13,5,1,-1,0,1,0,0,0,0,1,1,-1,1,1,23,5,125,1,0,SYM JET,4,E01031585,0,3
2024131456998,2024,131456998,2,3,0,-1,19,1,5,-1,0,1,1,0,0,0,1,1,-1,6,1,30,6,125,1,5,SYM JET,7,E01011768,0,1
2024991534790,2024,991534790,1,2,0,-1,19,6,2,-1,0,1,0,0,0,0,1,1,-1,9,1,16,4,49,1,6,SYM JET,6,-1,0,1
2024552401084,2024,552401084,1,3,0,18,19,8,4,0,0,0,0,0,0,0,1,1,6,6,1,30,6,125,1,1,SYM JET,2,E01020563,0,1
2024440032076,2024,440032076,1,4,0,18,19,4,8,0,0,8,1,0,0,0,1,1,2,2,2,39,7,125,1,2,SYM JET,2,E01023156,0,1
2024332400754,2024,332400754,1,3,0,-1,7,7,1,-1,0,6,0,0,0,0,1,1,-1,6,1,28,6,124,1,12,SYM JET,2,E01013752,0,1
2024141461149,2024,141461149,1,3,0,-1,5,1,5,-1,0,0,0,0,0,0,3,1,-1,6,1,24,5,125,1,7,SYM JET,6,E01008078,0,1
2024010505982,2024,010505982,1,3,0,99,99,9,9,99,99,9,9,99,9,99,1,1,1,1,1,24,5,125,1,2,SYM JET,9,E01002386,0,1
2024010517181,2024,010517181,1,3,0,14,14,1,5,0,0,1,1,0,0,0,1,1,6,6,1,23,5,125,1,5,SYM JET,2,E01001357,0,1
2024361483612,2024,361483612,2,3,0,-1,3,-1,-1,-1,0,3,0,0,0,0,2,1,-1,6,1,48,8,125,1,3,SYM JET,1,E01026833,0,2
2024010506553,2024,010506553,2,3,0,18,19,5,1,0,0,8,0,0,0,0,4,1,6,6,1,26,6,125,1,4,SYM JET,4,E01001015,0,1
2024101485818,2024,101485818,2,3,0,-1,19,5,1,-1,0,8,0,0,0,0,1,1,-1,1,1,30,6,125,1,5,SYM JET,1,E01008703,0,1
2024451444837,2024,451444837,2,3,0,-1,19,1,5,-1,0,1,0,0,0,0,1,1,-1,9,1,23,5,125,1,2,SYM JET,6,E01031614,0,4
2024440238702,2024,440238702,1,3,0,18,19,4,8,0,0,1,0,0,0,0,1,1,2,2,2,20,4,125,1,1,SYM JET,10,E01022554,0,1
2024010526806,2024,010526806,1,3,9,99,99,9,9,99,99,9,9,99,9,99,9,1,6,6,1,37,7,125,1,2,SYM JET,2,E01002810,0,2
2024471403531,2024,471403531,1,2,0,-1,19,4,7,-1,0,0,2,0,0,0,0,1,-1,9,1,16,4,49,1,4,SYM JET,9,E01035354,0,1
2024430204593,2024,430204593,2,3,0,13,13,4,8,0,0,0,0,0,0,0,4,1,6,6,1,22,5,125,1,1,SYM JET,5,E01017844,0,1
2024010555138,2024,010555138,2,3,0,99,99,9,9,99,99,1,9,99,9,99,9,1,6,6,1,52,8,125,1,3,SYM JET,2,E01003059,0,1
2024101477594,2024,101477594,2,3,0,-1,19,7,3,-1,0,1,0,0,0,0,1,1,-1,6,1,16,4,125,1,2,SYM JET,1,E01008821,0,2
2024061500908,2024,061500908,2,3,0,-1,19,3,7,-1,0,1,0,0,0,0,1,1,-1,6,1,38,7,124,1,7,SYM JET,1,E01033984,0,1
2024501506100,2024,501506100,2,3,0,-1,19,3,7,-1,0,1,2,0,0,0,4,1,-1,6,1,58,9,125,1,2,SYM JET,3,E01018761,0,1
2024041466829,2024,041466829,1,2,0,-1,5,3,7,-1,0,0,0,0,0,0,1,1,-1,1,1,33,6,49,1,4,SYM JET,4,E01025492,0,1
2024010542913,2024,010542913,2,3,0,11,11,7,3,0,0,0,0,0,0,0,4,1,6,6,1,35,6,125,1,2,SYM JET,2,E01000102,0,2
2024461431026,2024,461431026,1,4,0,-1,15,5,1,-1,9,4,1,0,0,0,1,1,-1,6,1,17,4,125,1,1,SYM JET,2,E01024476,0,2
2024501463984,2024,501463984,1,2,0,-1,12,5,1,-1,0,7,0,0,0,0,4,1,-1,7,2,16,4,49,1,8,SYM JET,1,E01015023,0,1
2024501471364,2024,501471364,2,2,0,-1,19,3,7,-1,0,4,0,0,0,0,2,1,-1,2,2,55,8,124,1,12,SYM JET,1,E01018997,0,2
2024010530995,2024,010530995,1,3,0,17,19,1,5,0,0,0,0,0,0,0,2,1,6,6,1,27,6,125,1,4,SYM JET,-1,-1,0,-1
2024501491144,2024,501491144,2,2,0,-1,19,7,3,-1,0,0,1,0,1,0,2,1,-1,6,1,16,4,49,1,0,SYM JET,4,E01019042,0,3
2024451433424,2024,451433424,1,3,0,-1,19,2,6,-1,0,1,1,0,7,0,4,1,-1,2,1,39,7,125,1,3,SYM JET,4,E01004568,0,3
2024052400858,2024,052400858,2,3,0,18,19,6,2,0,0,1,0,0,0,0,3,1,6,6,1,33,6,125,1,1,SYM JET,8,E01006682,0,2
2024010548734,2024,010548734,2,3,0,3,3,7,3,0,0,1,0,0,0,0,1,1,1,1,1,31,6,125,1,4,SYM JET,4,E01003562,0,2
2024302401061,2024,302401061,2,3,0,18,19,8,5,0,0,8,1,0,0,0,4,1,2,2,1,19,4,125,1,4,SYM JET,2,E01019403,0,1
2024010509028,2024,010509028,1,3,0,99,99,9,9,99,99,9,9,99,9,99,9,1,6,6,1,28,6,125,1,2,SYM JET,1,E01003971,0,2
2024451459758,2024,451459758,2,3,0,-1,19,6,2,-1,0,1,0,0,0,0,1,1,-1,9,1,25,5,125,1,6,SYM JET,5,E01030984,0,1
2024141475269,2024,141475269,2,3,0,-1,5,6,2,-1,0,0,0,0,0,0,1,1,-1,9,1,23,5,125,1,6,SYM JET,3,E01007777,0,2
2024440133980,2024,440133980,1,3,0,4,4,4,8,0,0,1,0,0,0,0,3,1,6,6,1,25,5,49,1,3,SYM JET,1,E01017031,0,1
2024070881634,2024,070881634,1,3,0,-1,7,3,1,-1,0,6,0,0,0,0,0,1,-1,6,1,19,4,124,1,9,SYM JET,5,E01018479,0,1
2024552401537,2024,552401537,1,3,0,16,19,2,4,0,0,0,0,0,0,0,1,1,6,6,1,23,5,125,1,2,SYM JET,5,E01029222,0,4
2024010542276,2024,010542276,2,3,0,11,11,1,5,0,0,2,0,0,0,0,1,1,6,6,1,34,6,125,1,1,SYM JET,2,E01004410,0,1
2024122401029,2024,122401029,1,2,0,18,19,7,3,0,0,1,1,0,0,0,3,1,2,2,1,59,9,49,1,2,SYM JET,9,E01027844,0,1
2024010509337,2024,010509337,2,3,0,13,13,1,5,0,0,1,0,0,0,0,4,1,6,6,1,26,6,125,1,3,SYM JET,5,E01004484,0,1
2024010499721,2024,010499721,1,3,0,99,99,9,9,99,99,9,9,99,9,99,9,1,1,1,1,25,5,125,1,1,SYM JET,2,E01000526,0,1
2024522403019,2024,522403019,3,19,0,2,2,0,0,0,0,0,0,0,0,0,2,1,6,6,3,-1,-1,2494,2,22,TOYOTA HIACE,-1,-1,0,-1
2024371440357,2024,371440357,2,9,0,-1,9,3,7,-1,0,0,5,0,0,0,3,1,-1,2,1,26,6,2690,1,27,TOYOTA HIACE,4,E01030187,0,2
2024141469852,2024,141469852,3,19,0,-1,2,0,0,-1,9,0,0,0,0,0,2,1,-1,6,-1,-1,-1,2494,2,17,TOYOTA HIACE,-1,-1,0,-1
2024141433259,2024,141433259,1,19,0,-1,3,3,7,-1,0,1,0,0,0,0,2,1,-1,1,1,53,8,2494,2,15,TOYOTA HIACE,1,E01007977,0,1
2024201430690,2024,201430690,2,19,0,-1,19,4,8,-1,0,8,0,0,0,0,2,1,-1,1,1,45,7,2494,2,20,TOYOTA HIACE,8,E01009465,0,1
2024531483478,2024,531483478,1,19,0,-1,19,2,6,-1,0,0,0,0,0,0,1,1,-1,9,2,63,9,1990,1,18,TOYOTA HIACE,1,E01034275,0,5
2024440069051,2024,440069051,1,19,0,9,9,5,2,0,0,8,0,0,0,0,3,1,6,6,1,66,10,2494,2,16,TOYOTA HIACE,8,E01022533,0,1
2024522401498,2024,522401498,1,19,0,18,19,2,6,0,0,8,0,4,0,0,1,1,6,6,2,54,8,2494,2,18,TOYOTA HIACE,-1,-1,0,-1
2024421485588,2024,421485588,3,19,0,-1,3,3,8,-1,0,1,0,0,0,0,0,1,-1,6,1,68,10,2494,2,13,TOYOTA HIACE,9,E01015822,0,1
2024211458381,2024,211458381,2,19,0,-1,19,8,4,-1,0,1,0,0,0,0,1,1,-1,6,1,62,9,2494,2,15,TOYOTA HIACE,-1,-1,0,-1
2024461543253,2024,461543253,1,19,0,-1,19,3,7,-1,0,0,0,0,0,0,1,1,-1,2,1,48,8,2494,2,18,TOYOTA HIACE,-1,-1,0,-1
2024131430354,2024,131430354,3,19,0,-1,2,0,0,-1,0,0,0,0,0,0,1,1,-1,6,-1,-1,-1,2494,2,20,TOYOTA HIACE,-1,-1,0,-1
2024522402584,2024,522402584,2,19,0,4,4,4,8,0,0,0,0,0,0,0,1,1,6,6,1,50,8,2494,2,16,TOYOTA HIACE,7,E01029086,0,2
2024501536053,2024,501536053,2,19,0,-1,3,3,7,-1,0,0,0,0,0,0,2,1,-1,9,1,60,9,2494,2,21,TOYOTA HIACE,4,E01019064,0,4
2024131394462,2024,131394462,1,19,0,-1,-1,-1,-1,-1,-1,0,-1,-1,-1,0,-1,1,-1,6,3,-1,-1,2494,2,19,TOYOTA HIACE,-1,-1,0,-1
2024161430444,2024,161430444,1,19,0,-1,4,3,7,-1,0,0,0,0,0,0,2,9,-1,2,1,34,6,2494,2,18,TOYOTA HIACE,9,E01013123,0,4
2024631444137,2024,631444137,1,19,0,-1,19,6,2,-1,0,1,1,0,0,0,1,1,-1,2,1,45,7,2494,2,14,TOYOTA HIACE,8,W01000624,0,3
2024010549271,2024,010549271,3,19,0,2,2,0,0,0,0,0,0,0,0,0,2,1,6,6,3,-1,-1,2694,1,24,TOYOTA HIACE,-1,-1,0,-1
2024430581292,2024,430581292,2,19,0,5,5,8,4,0,0,1,0,0,0,0,1,1,6,6,2,74,10,2446,2,28,TOYOTA HIACE,6,E01016393,0,1
2024461398347,2024,461398347,1,19,0,-1,19,3,7,-1,0,0,0,0,0,0,1,9,-1,6,1,69,10,2446,2,26,TOYOTA HIACE,4,E01016100,0,3
2024061425932,2024,061425932,1,9,0,-1,19,5,1,-1,0,8,0,0,0,0,1,1,-1,9,1,47,8,2360,1,16,TOYOTA MODEL MISSING,2,E01005650,0,1
2024421507189,2024,421507189,1,9,0,-1,19,2,6,-1,0,2,0,0,0,0,1,1,-1,9,2,49,8,2990,1,22,TOYOTA MODEL MISSING,6,E01021509,0,1
2024201502623,2024,201502623,1,9,0,-1,9,3,5,-1,0,5,0,0,0,0,4,1,-1,6,1,36,7,2336,1,19,TOYOTA MODEL MISSING,7,E01008991,0,1
2024201498418,2024,201498418,1,8,0,-1,9,2,8,-1,0,6,0,0,0,0,4,1,-1,1,1,46,8,2360,1,9,TOYOTA MODEL MISSING,1,E01034929,0,1
2024231531754,2024,231531754,2,9,0,-1,19,3,7,-1,0,8,0,0,0,0,3,1,-1,1,1,51,8,2360,1,11,TOYOTA MODEL MISSING,1,E01033638,0,4