collision_index,collision_year,collision_ref_no,vehicle_reference,vehicle_type,towing_and_articulation,vehicle_manoeuvre_historic,vehicle_manoeuvre,vehicle_direction_from,vehicle_direction_to,vehicle_location_restricted_lane_historic,vehicle_location_restricted_lane,junction_location,skidding_and_overturning,hit_object_in_carriageway,vehicle_leaving_carriageway,hit_object_off_carriageway,first_point_of_impact,vehicle_left_hand_drive,journey_purpose_of_driver_historic,journey_purpose_of_driver,sex_of_driver,age_of_driver,age_band_of_driver,engine_capacity_cc,propulsion_code,age_of_vehicle,generic_make_model,driver_imd_decile,lsoa_of_driver,escooter_flag,driver_distance_banding
2024546603824,2024,546603824,1,9,0,5,5,3,7,0,0,6,0,0,0,0,1,1,1,1,2,45,7,2360,1,14,TOYOTA MODEL MISSING,7,E01015581,0,1
2024131488764,2024,131488764,1,9,0,-1,9,5,3,-1,0,8,0,0,0,0,1,1,-1,1,1,42,7,1798,8,11,TOYOTA MODEL MISSING,1,E01010843,0,1
2024201439975,2024,201439975,2,8,0,-1,8,5,7,-1,0,1,0,0,0,0,2,1,-1,1,1,39,7,2400,1,11,TOYOTA MODEL MISSING,2,E01009890,0,2
2024010522714,2024,010522714,1,9,0,17,19,7,3,0,0,0,0,0,0,0,1,1,1,1,1,47,8,1795,8,7,TOYOTA MODEL MISSING,4,E01003537,0,1
2024010545313,2024,010545313,1,9,0,99,99,9,9,99,99,9,9,99,9,99,1,9,6,6,2,68,10,1797,8,8,TOYOTA MODEL MISSING,3,E01004723,0,2
2024451521770,2024,451521770,3,9,0,-1,2,5,5,-1,0,0,0,0,0,0,2,1,-1,6,-1,-1,-1,1980,1,14,TOYOTA MODEL MISSING,-1,-1,0,-1
2024122400545,2024,122400545,2,9,0,18,19,3,8,0,0,0,0,0,0,0,1,1,6,6,1,53,8,1797,8,10,TOYOTA MODEL MISSING,1,E01010702,0,3
2024010534501,2024,010534501,1,9,0,18,19,5,1,0,0,7,0,0,0,0,3,1,3,7,1,50,8,3450,1,6,TOYOTA MODEL MISSING,3,E01003983,0,1
2024010499354,2024,010499354,1,9,0,9,9,6,3,0,0,1,0,0,0,0,3,1,1,1,1,46,8,2400,8,19,TOYOTA MODEL MISSING,4,E01004368,0,1
2024061417593,2024,061417593,1,9,0,-1,9,1,2,-1,0,0,0,0,0,0,1,1,-1,7,2,42,7,2360,1,19,TOYOTA MODEL MISSING,5,E01005044,0,1
2024010547091,2024,010547091,2,9,0,99,99,9,9,99,99,9,9,99,9,99,1,9,6,6,3,-1,-1,2360,8,15,TOYOTA MODEL MISSING,3,E01003251,0,1
2024320708744,2024,320708744,2,9,0,4,4,4,8,0,0,0,0,0,0,0,2,1,-1,-1,1,22,5,1298,1,22,TOYOTA MODEL MISSING,4,E01026140,0,1
2024201420639,2024,201420639,1,8,0,-1,9,6,4,-1,0,5,0,0,0,0,4,9,-1,6,1,-1,-1,2360,7,9,TOYOTA MODEL MISSING,2,E01009090,0,1
2024010516184,2024,010516184,1,8,0,3,3,7,3,0,0,1,0,0,0,0,2,2,6,6,1,33,6,1797,8,9,TOYOTA MODEL MISSING,2,E01003576,0,2
2024010523026,2024,010523026,1,9,0,7,7,7,8,0,0,1,0,0,0,0,1,1,6,6,1,58,9,2494,8,6,TOYOTA MODEL MISSING,4,E01000904,0,2
2024201448895,2024,201448895,2,8,0,-1,3,2,6,-1,0,1,0,0,0,0,1,1,-1,1,1,47,8,2360,8,10,TOYOTA MODEL MISSING,2,E01009865,0,3
2024311412794,2024,311412794,2,9,0,-1,19,5,1,-1,0,8,0,0,0,0,3,1,-1,6,1,35,6,1298,1,21,TOYOTA MODEL MISSING,-1,-1,0,-1
2024401476479,2024,401476479,2,9,0,-1,5,6,2,-1,0,0,0,0,1,0,2,1,-1,6,1,55,8,1320,1,12,TOYOTA MODEL MISSING,3,E01017619,0,1
2024131470050,2024,131470050,3,9,0,-1,2,7,7,-1,0,1,0,4,0,0,1,1,-1,6,-1,-1,-1,2360,8,10,TOYOTA MODEL MISSING,-1,-1,0,-1
2024221532750,2024,221532750,1,9,0,-1,19,2,6,-1,0,3,0,7,0,0,4,9,-1,1,1,51,8,2367,7,7,TOYOTA MODEL MISSING,6,E01032590,0,1
2024451535315,2024,451535315,2,9,0,-1,2,0,0,-1,-1,2,0,0,0,0,3,1,-1,9,1,64,9,1798,8,14,TOYOTA MODEL MISSING,8,E01030405,0,1
2024010530667,2024,010530667,2,9,0,99,99,9,9,99,99,9,9,99,9,99,9,9,6,6,1,39,7,1797,8,9,TOYOTA MODEL MISSING,2,E01001388,0,1
2024010530608,2024,010530608,1,8,0,18,19,6,2,0,0,8,0,0,0,0,3,1,1,1,1,70,10,2400,8,10,TOYOTA MODEL MISSING,3,E01003575,0,1
2024010500650,2024,010500650,2,9,0,99,99,9,9,99,99,9,9,99,9,99,9,9,6,6,3,55,8,1797,8,10,TOYOTA MODEL MISSING,8,E01030409,0,3
2024141485504,2024,141485504,1,9,0,-1,19,7,3,-1,0,0,0,12,1,3,1,1,-1,9,1,30,6,1797,8,11,TOYOTA MODEL MISSING,4,E01011201,0,3
2024041433595,2024,041433595,1,9,0,-1,1,3,7,-1,0,0,0,0,0,0,2,1,-1,6,1,62,9,2360,1,14,TOYOTA MODEL MISSING,2,E01025578,0,4
2024010545801,2024,010545801,3,9,0,9,9,5,2,0,0,1,0,0,0,0,4,1,1,1,2,22,5,1797,8,10,TOYOTA MODEL MISSING,4,E01000561,0,1
2024010543490,2024,010543490,1,9,0,5,5,5,1,0,0,8,0,0,1,10,1,1,6,6,1,36,7,2360,1,15,TOYOTA MODEL MISSING,4,E01002055,0,1
2024201477702,2024,201477702,1,8,0,-1,19,8,4,-1,0,6,0,0,0,0,1,1,-1,6,1,65,9,2360,5,11,TOYOTA MODEL MISSING,5,E01009946,0,3
2024461470955,2024,461470955,1,9,0,-1,19,7,3,-1,0,0,0,0,0,0,1,1,-1,9,1,56,9,2490,8,12,TOYOTA MODEL MISSING,1,E01024662,0,1
2024111490051,2024,111490051,2,10,0,-1,9,4,2,-1,0,8,0,0,0,0,3,1,-1,1,1,55,8,-1,-1,-1,TOYOTA MODEL MISSING,7,E01020690,0,2
2024010505641,2024,010505641,2,9,9,99,99,9,9,99,99,9,9,99,9,99,9,9,6,6,3,-1,-1,1797,8,11,TOYOTA MODEL MISSING,-1,-1,0,-1
2024010506155,2024,010506155,1,9,0,99,99,9,9,99,99,9,9,99,9,99,2,9,6,6,1,57,9,2362,1,13,TOYOTA MODEL MISSING,4,E01002030,0,2
2024302401104,2024,302401104,1,9,0,5,5,6,2,0,0,0,0,0,0,0,2,1,6,6,1,36,7,998,1,24,TOYOTA MODEL MISSING,6,E01013495,0,1
2024031488975,2024,031488975,2,9,0,-1,19,6,2,-1,0,0,0,0,0,0,3,2,-1,9,1,48,8,1990,1,21,TOYOTA MODEL MISSING,1,E01019143,0,1
2024131526275,2024,131526275,1,9,0,-1,19,6,2,-1,0,0,0,0,4,10,1,1,-1,9,1,88,11,999,1,11,TOYOTA MODEL MISSING,5,E01010651,0,1
2024501435744,2024,501435744,1,9,0,-1,19,8,4,-1,0,1,0,0,0,0,1,1,-1,6,2,51,8,2399,1,14,TOYOTA MODEL MISSING,6,E01020220,0,2
2024201473020,2024,201473020,1,9,0,-1,1,8,4,-1,0,0,0,0,0,0,2,1,-1,1,1,45,7,2360,7,18,TOYOTA MODEL MISSING,-1,-1,0,-1
2024131395246,2024,131395246,1,9,0,-1,19,3,7,-1,0,1,0,0,0,0,1,1,-1,6,3,-1,-1,2360,8,18,TOYOTA MODEL MISSING,-1,-1,0,-1
2024010519553,2024,010519553,2,9,9,99,99,9,9,99,99,9,9,99,9,99,9,9,6,6,3,-1,-1,2360,8,12,TOYOTA MODEL MISSING,-1,-1,0,-1
2024201465255,2024,201465255,2,9,0,-1,4,6,2,-1,0,0,0,0,0,0,2,1,-1,6,1,59,9,2362,1,11,TOYOTA MODEL MISSING,1,E01009326,0,2
2024201466699,2024,201466699,1,9,0,-1,5,3,4,-1,0,4,0,0,0,0,3,9,-1,6,3,-1,-1,1320,1,13,TOYOTA MODEL MISSING,-1,-1,0,-1
2024131443957,2024,131443957,1,9,0,-1,4,1,4,-1,0,8,0,0,0,0,1,1,-1,7,2,38,7,1798,8,12,TOYOTA MODEL MISSING,1,E01011101,0,1
2024010551202,2024,010551202,2,9,0,18,19,5,1,0,0,1,0,0,0,0,2,1,6,6,1,55,8,2360,1,7,TOYOTA MODEL MISSING,2,E01004289,0,1
2024201501896,2024,201501896,1,9,0,-1,7,1,3,-1,0,5,0,0,0,0,4,9,-1,1,1,34,6,2360,7,9,TOYOTA MODEL MISSING,2,E01009090,0,1
2024010499623,2024,010499623,1,9,0,18,19,5,1,0,0,1,0,4,0,0,1,2,6,6,1,33,6,2360,1,18,TOYOTA MODEL MISSING,9,E01000188,0,1
2024010526414,2024,010526414,2,9,0,99,99,9,9,99,99,0,9,99,9,99,9,9,6,6,3,-1,-1,1797,8,11,TOYOTA MODEL MISSING,-1,-1,0,-1
2024430170359,2024,430170359,2,9,0,18,19,5,1,0,0,0,0,0,0,0,1,1,6,6,2,-1,-1,2360,8,11,TOYOTA MODEL MISSING,-1,-1,0,-1
2024010541973,2024,010541973,2,9,0,99,99,9,9,99,99,9,9,99,9,99,9,9,6,6,1,51,8,2360,1,14,TOYOTA MODEL MISSING,7,E01003434,0,2
2024010519309,2024,010519309,1,9,0,18,19,7,3,0,0,8,0,0,0,0,1,1,6,6,1,51,8,1797,8,11,TOYOTA MODEL MISSING,3,E01035672,0,1
2024201518310,2024,201518310,1,9,0,-1,19,7,3,-1,0,1,0,0,0,0,1,9,-1,6,1,35,6,2360,1,11,TOYOTA MODEL MISSING,-1,-1,0,-1
2024201453390,2024,201453390,4,8,0,-1,2,0,0,-1,0,0,0,0,0,0,4,1,-1,6,-1,-1,-1,2400,8,11,TOYOTA MODEL MISSING,-1,-1,0,-1
2024010525626,2024,010525626,1,9,0,18,19,5,1,0,0,1,0,0,0,0,4,1,6,6,1,50,8,2364,1,17,TOYOTA MODEL MISSING,3,E01001645,0,1
2024010526011,2024,010526011,2,9,0,99,99,9,9,99,99,9,9,99,9,99,9,9,6,6,3,-1,-1,2360,8,15,TOYOTA MODEL MISSING,-1,-1,0,-1
2024201518257,2024,201518257,1,9,0,-1,9,4,1,-1,0,6,0,10,4,0,1,1,-1,1,1,53,8,2360,1,13,TOYOTA MODEL MISSING,1,E01008882,0,1
2024031406848,2024,031406848,2,90,0,-1,19,5,1,-1,0,0,0,0,1,0,3,1,-1,2,1,40,7,2495,1,19,TOYOTA MODEL MISSING,-1,-1,0,-1
2024340WN2772,2024,340WN2772,2,9,0,-1,2,0,0,-1,0,2,0,0,0,0,4,1,-1,6,1,55,8,1790,8,13,TOYOTA MODEL MISSING,3,E01027184,0,1
2024010504982,2024,010504982,2,9,0,99,99,9,9,99,99,9,9,99,9,99,9,9,6,6,3,-1,-1,2360,1,16,TOYOTA MODEL MISSING,-1,-1,0,-1
2024201549847,2024,201549847,1,8,0,-1,8,5,8,-1,0,0,0,0,0,0,1,1,-1,1,1,42,7,2360,1,12,TOYOTA MODEL MISSING,1,E01009152,0,2
2024010533983,2024,010533983,1,9,0,18,19,7,3,0,0,2,0,0,0,0,3,1,6,6,1,28,6,2360,8,13,TOYOTA MODEL MISSING,1,E01000528,0,4
2024131517195,2024,131517195,1,10,0,-1,19,1,1,-1,0,0,0,0,0,0,1,1,-1,6,2,36,7,-1,-1,-1,TOYOTA MODEL MISSING,1,E01010824,0,1
2024010537155,2024,010537155,2,9,0,7,7,3,5,0,0,6,0,0,0,0,1,1,6,6,2,47,8,2400,1,15,TOYOTA MODEL MISSING,3,E01002413,0,1
2024010507419,2024,010507419,1,9,0,2,2,0,0,0,0,1,0,0,0,0,2,1,6,6,3,-1,-1,2362,1,20,TOYOTA MODEL MISSING,-1,-1,0,-1
2024440045927,2024,440045927,2,9,0,18,19,2,6,0,0,1,0,0,0,0,1,1,6,6,1,50,8,1797,8,10,TOYOTA MODEL MISSING,1,E01032755,0,1
2024010543161,2024,010543161,1,9,0,99,99,9,9,99,99,9,9,99,9,99,9,1,6,6,1,52,8,1797,8,11,TOYOTA MODEL MISSING,3,E01003624,0,1
2024010507381,2024,010507381,2,9,0,99,99,9,9,99,99,9,9,99,9,99,1,9,6,6,3,-1,-1,1980,1,14,TOYOTA MODEL MISSING,4,E01003568,0,1
2024010532205,2024,010532205,2,9,0,2,2,0,0,0,0,1,0,0,0,0,2,1,6,6,3,-1,-1,2360,8,18,TOYOTA MODEL MISSING,-1,-1,0,-1
2024440364690,2024,440364690,2,8,0,18,19,3,7,0,0,8,0,0,0,0,3,1,1,1,1,42,7,2362,1,15,TOYOTA MODEL MISSING,4,E01035247,0,4
2024101460055,2024,101460055,1,9,0,-1,19,7,3,-1,0,0,0,0,0,0,1,1,-1,9,1,70,10,2362,1,22,TOYOTA MODEL MISSING,7,E01008465,0,3
2024010508433,2024,010508433,2,9,0,99,99,9,9,0,0,1,0,0,0,0,1,1,6,6,1,-1,-1,998,1,14,TOYOTA MODEL MISSING,1,E01002853,0,4
2024010518064,2024,010518064,2,9,0,99,99,9,9,99,99,9,9,99,9,99,9,9,6,6,3,-1,-1,1797,8,11,TOYOTA MODEL MISSING,-1,-1,0,-1
2024010503692,2024,010503692,1,9,0,99,99,9,9,99,99,9,9,99,9,99,2,9,6,6,1,36,7,2360,8,16,TOYOTA MODEL MISSING,3,E01003575,0,1
2024231531709,2024,231531709,2,9,0,-1,4,1,5,-1,0,0,0,0,0,0,2,9,-1,6,2,33,6,2362,1,16,TOYOTA MODEL MISSING,1,E01009047,0,3
2024201538325,2024,201538325,2,9,0,-1,19,7,6,-1,0,0,0,0,0,0,1,1,-1,1,1,42,7,2360,1,12,TOYOTA MODEL MISSING,2,E01010268,0,1
2024201401740,2024,201401740,2,8,0,-1,4,5,1,-1,0,4,0,0,0,0,0,1,-1,1,1,-1,-1,2360,1,10,TOYOTA MODEL MISSING,-1,-1,0,-1
2024131512856,2024,131512856,2,9,0,-1,4,7,3,-1,0,0,0,0,1,0,1,1,-1,9,1,43,7,1790,8,13,TOYOTA MODEL MISSING,2,E01011028,0,1
2024201523531,2024,201523531,1,9,0,-1,19,6,2,-1,0,6,0,0,0,0,1,1,-1,6,1,-1,-1,2362,7,10,TOYOTA MODEL MISSING,-1,-1,0,-1
2024481563599,2024,481563599,1,8,0,-1,7,5,7,-1,0,8,0,0,0,0,3,1,-1,1,1,60,9,1797,8,8,TOYOTA MODEL MISSING,-1,-1,0,-1
2024201482385,2024,201482385,3,9,0,-1,2,0,0,-1,0,2,0,0,0,0,2,1,-1,6,1,44,7,2400,1,16,TOYOTA MODEL MISSING,1,E01009505,0,3
2024061451089,2024,061451089,1,8,0,-1,19,1,5,-1,0,8,0,0,0,0,3,1,-1,2,1,33,6,1797,1,7,TOYOTA MODEL MISSING,4,E01005439,0,3
2024010524880,2024,010524880,3,9,0,4,4,7,3,0,0,0,0,0,0,0,3,1,6,6,1,39,7,2360,1,17,TOYOTA MODEL MISSING,-1,-1,0,-1
2024010514166,2024,010514166,2,9,9,99,99,9,9,99,99,9,9,99,9,99,9,9,6,6,3,-1,-1,2362,1,20,TOYOTA MODEL MISSING,-1,-1,0,-1
2024041430640,2024,041430640,1,9,0,-1,9,1,7,-1,0,2,0,0,0,0,3,1,-1,6,2,39,7,1797,8,13,TOYOTA MODEL MISSING,2,E01012696,0,1
2024201539664,2024,201539664,1,8,0,-1,10,6,4,-1,0,0,0,0,0,0,1,1,-1,1,1,52,8,2360,1,9,TOYOTA MODEL MISSING,2,E01009944,0,3
2024141502012,2024,141502012,1,9,0,-1,19,5,1,-1,0,0,0,0,0,0,3,1,-1,6,1,37,7,1800,8,13,TOYOTA MODEL MISSING,2,E01007391,0,2
2024010508318,2024,010508318,1,9,0,18,19,1,5,0,0,8,0,0,0,0,2,1,3,7,1,45,7,2360,8,15,TOYOTA MODEL MISSING,-1,-1,0,-1
2024010538308,2024,010538308,1,9,0,2,2,0,0,0,0,0,0,0,0,0,2,1,6,6,3,-1,-1,2360,1,18,TOYOTA MODEL MISSING,-1,-1,0,-1
2024061450124,2024,061450124,1,9,-1,-1,-1,-1,-1,-1,-1,-1,-1,-1,-1,0,-1,9,-1,6,1,-1,-1,2400,1,17,TOYOTA MODEL MISSING,-1,-1,0,-1
2024231425633,2024,231425633,2,9,0,-1,19,1,5,-1,0,8,0,0,0,0,1,1,-1,6,1,41,7,2360,7,8,TOYOTA MODEL MISSING,1,E01009567,0,2
2024010544070,2024,010544070,2,9,0,5,5,9,9,99,99,9,9,99,9,99,9,9,6,6,1,22,5,1797,8,10,TOYOTA MODEL MISSING,4,E01000561,0,2
2024411476363,2024,411476363,2,9,0,-1,19,5,1,-1,0,0,0,0,0,0,4,1,-1,6,1,46,8,1497,8,15,TOYOTA MODEL MISSING,2,E01033807,0,2
2024201419751,2024,201419751,1,9,0,-1,7,4,6,-1,0,6,0,0,0,0,0,1,-1,6,1,50,8,1797,8,10,TOYOTA MODEL MISSING,-1,-1,0,-1
2024010500643,2024,010500643,2,8,0,99,99,9,9,99,99,9,9,99,9,99,1,9,6,6,3,-1,-1,1797,8,9,TOYOTA MODEL MISSING,-1,-1,0,-1
2024451432983,2024,451432983,1,9,0,-1,19,4,8,-1,0,1,0,0,8,4,4,1,-1,7,1,44,7,2395,8,15,TOYOTA MODEL MISSING,5,E01030984,0,1
2024010539282,2024,010539282,1,8,0,99,99,9,9,99,99,9,9,99,9,99,1,9,6,6,3,-1,-1,1797,8,11,TOYOTA MODEL MISSING,2,E01004068,0,1
2024010507747,2024,010507747,2,9,0,9,9,7,5,0,0,0,0,0,0,0,3,1,3,7,2,47,8,2400,8,16,TOYOTA MODEL MISSING,-1,-1,0,-1
2024471487284,2024,471487284,2,9,0,-1,19,2,4,-1,0,1,0,0,0,0,2,1,-1,2,1,34,6,1790,8,6,TOYOTA MODEL MISSING,6,E01030629,0,3
2024010497575,2024,010497575,1,9,0,18,19,1,5,0,0,1,0,0,0,0,1,1,3,7,1,60,9,2360,8,16,TOYOTA MODEL MISSING,3,E01003520,0,1
2024201499501,2024,201499501,4,9,0,-1,2,0,0,-1,0,0,0,4,0,0,4,1,-1,6,2,47,8,2360,1,17,TOYOTA MODEL MISSING,1,E01010311,0,1
2024061406881,2024,061406881,1,9,0,-1,9,2,8,-1,0,8,0,0,0,0,1,1,-1,9,1,42,7,2360,1,22,TOYOTA MODEL MISSING,5,E01005646,0,1
2024991487904,2024,991487904,1,9,0,-1,9,8,6,-1,0,8,0,0,0,0,1,1,-1,1,1,46,8,998,1,12,TOYOTA MODEL MISSING,6,-1,0,2
2024541207324,2024,541207324,1,9,0,7,7,1,4,0,0,1,0,0,0,0,1,1,6,6,1,64,9,2980,2,28,TOYOTA MODEL MISSING,5,E01015555,0,1
2024010524826,2024,010524826,1,9,0,18,19,2,6,0,0,2,0,0,0,0,1,1,1,1,1,38,7,1790,1,11,TOYOTA MODEL MISSING,-1,-1,0,-1
2024401490117,2024,401490117,1,9,0,-1,5,7,3,-1,0,0,0,0,0,0,1,1,-1,1,1,52,8,1797,8,10,TOYOTA MODEL MISSING,3,E01015731,0,1
2024552500019,2024,552500019,1,9,0,5,5,4,8,0,0,0,0,0,0,0,3,1,6,6,3,-1,-1,2200,2,27,TOYOTA MODEL MISSING,-1,-1,0,-1
2024520401513,2024,520401513,1,19,0,18,19,8,4,0,0,8,0,0,0,0,1,1,6,6,2,33,6,2990,2,18,TOYOTA MODEL MISSING,6,E01020550,0,3
2024201468984,2024,201468984,1,9,0,-1,1,1,3,-1,0,0,0,0,0,0,4,1,-1,1,1,45,7,2360,1,6,TOYOTA MODEL MISSING,1,E01010003,0,2
2024371489506,2024,371489506,1,9,0,-1,9,7,5,-1,0,2,0,0,0,0,1,1,-1,9,1,44,7,1299,1,22,TOYOTA MODEL MISSING,1,E01030035,0,1
2024201412768,2024,201412768,1,9,0,-1,9,6,4,-1,0,6,0,0,0,0,1,1,-1,6,1,-1,-1,2360,1,9,TOYOTA MODEL MISSING,-1,-1,0,-1
2024010527674,2024,010527674,1,8,0,18,19,5,1,0,0,4,0,0,0,0,1,1,1,1,1,53,8,1797,8,10,TOYOTA MODEL MISSING,3,E01034484,0,4
2024471491106,2024,471491106,1,9,0,-1,7,6,2,-1,0,6,0,0,0,0,4,1,-1,9,1,77,11,2362,8,12,TOYOTA MODEL MISSING,6,E01021143,0,1
2024010516853,2024,010516853,2,9,0,99,99,9,9,99,99,9,9,99,9,99,9,9,6,6,1,61,9,2360,1,15,TOYOTA MODEL MISSING,1,E01001740,0,1
2024010541054,2024,010541054,1,9,0,99,99,9,9,99,99,9,9,99,9,99,1,9,6,6,3,-1,-1,2397,8,14,TOYOTA MODEL MISSING,-1,-1,0,-1
2024010517794,2024,010517794,1,9,0,9,9,7,4,0,0,1,0,0,0,0,3,1,6,6,2,53,8,2362,1,13,TOYOTA MODEL MISSING,2,E01003052,0,1
2024010514162,2024,010514162,2,9,9,99,99,9,9,99,99,9,9,99,9,99,9,9,6,6,1,27,6,2360,8,15,TOYOTA MODEL MISSING,3,E01001808,0,1
2024201495465,2024,201495465,2,8,0,-1,19,4,1,-1,0,0,0,0,0,0,1,1,-1,6,1,52,8,2360,8,9,TOYOTA MODEL MISSING,2,E01010080,0,2
2024101492904,2024,101492904,1,9,0,-1,19,8,5,-1,0,2,0,0,0,0,1,1,-1,6,2,47,8,2360,1,12,TOYOTA MODEL MISSING,3,E01008163,0,1
2024061502157,2024,061502157,1,9,0,-1,19,-1,-1,-1,0,0,1,10,1,99,4,1,-1,2,1,45,7,998,1,18,TOYOTA MODEL MISSING,2,E01005125,0,1
2024201557266,2024,201557266,1,8,0,-1,19,1,5,-1,0,8,0,0,0,0,1,1,-1,1,3,50,8,2360,1,7,TOYOTA MODEL MISSING,-1,-1,0,-1
2024201449927,2024,201449927,1,8,0,-1,19,4,8,-1,0,3,0,0,0,0,3,1,-1,6,1,40,7,2360,7,8,TOYOTA MODEL MISSING,2,E01009942,0,2
2024332400464,2024,332400464,1,9,0,-1,19,5,1,-1,0,8,0,0,0,0,1,1,-1,6,1,31,6,3456,1,9,TOYOTA MODEL MISSING,7,E01013672,0,1
2024451522944,2024,451522944,1,8,0,-1,4,1,5,-1,99,0,1,99,1,0,3,1,-1,1,1,35,6,1797,8,10,TOYOTA MODEL MISSING,8,E01030853,0,1
2024451447339,2024,451447339,3,9,0,-1,4,1,5,-1,0,0,0,0,0,0,2,1,-1,9,1,45,7,1797,8,10,TOYOTA MODEL MISSING,5,E01034481,0,4
2024461473132,2024,461473132,1,9,0,-1,6,5,1,-1,0,0,1,0,1,0,4,1,-1,9,1,49,8,1797,8,11,TOYOTA MODEL MISSING,2,E01003558,0,5
2024010531803,2024,010531803,1,9,0,9,9,1,8,9,9,6,0,0,0,0,1,1,6,6,1,38,7,1320,1,11,TOYOTA MODEL MISSING,8,E01003417,0,2
2024201448593,2024,201448593,2,9,0,-1,3,3,7,-1,0,0,0,0,0,0,2,9,-1,1,1,49,8,1797,8,9,TOYOTA MODEL MISSING,6,E01009251,0,2
2024010503695,2024,010503695,1,9,0,9,9,7,5,0,0,2,0,0,0,0,3,1,6,6,1,61,9,2360,8,15,TOYOTA MODEL MISSING,5,E01002873,0,1
2024201457950,2024,201457950,2,9,0,-1,9,4,6,-1,0,8,0,0,7,0,3,9,-1,9,1,45,7,2362,7,8,TOYOTA MODEL MISSING,5,E01009520,0,2
2024061497488,2024,061497488,1,8,0,-1,19,2,6,-1,0,0,0,0,0,0,1,1,-1,1,1,40,7,2360,8,9,TOYOTA MODEL MISSING,1,E01005245,0,1
2024010548559,2024,010548559,2,9,0,99,99,9,9,99,99,9,9,99,9,99,9,9,6,6,3,-1,-1,1797,8,9,TOYOTA MODEL MISSING,-1,-1,0,-1
2024052401543,2024,052401543,2,9,0,8,8,5,7,0,0,1,0,0,0,0,2,1,6,6,1,35,6,1496,1,4,TOYOTA MODEL MISSING,1,E01034836,0,1
2024481510857,2024,481510857,1,8,0,-1,9,7,5,-1,0,8,0,0,0,0,3,1,-1,1,1,40,7,1797,8,10,TOYOTA MODEL MISSING,-1,-1,0,-1
2024221480113,2024,221480113,1,9,5,-1,19,5,1,-1,0,1,1,10,1,2,2,1,-1,6,2,26,6,1998,1,20,TOYOTA MODEL MISSING,7,E01032416,0,2
2024201479660,2024,201479660,1,9,0,-1,5,1,8,-1,0,0,0,4,1,0,4,1,-1,9,1,50,8,2336,1,15,TOYOTA MODEL MISSING,4,E01010159,0,4
2024061410709,2024,061410709,2,8,0,-1,19,7,3,-1,0,8,0,0,0,0,1,1,-1,1,1,57,9,1797,8,9,TOYOTA MODEL MISSING,2,E01005580,0,2
2024411404680,2024,411404680,1,9,0,-1,5,8,4,-1,0,0,0,0,1,11,4,1,-1,2,1,36,7,2367,8,18,TOYOTA MODEL MISSING,6,E01023518,0,1
2024221416486,2024,221416486,1,9,0,-1,4,1,5,-1,0,1,0,0,0,0,1,1,-1,6,2,47,8,2360,1,14,TOYOTA MODEL MISSING,1,E01010421,0,4
2024010505536,2024,010505536,1,9,0,2,2,0,0,0,0,1,0,0,0,0,3,1,6,6,3,-1,-1,1790,8,10,TOYOTA MODEL MISSING,-1,-1,0,-1
2024010531773,2024,010531773,3,9,0,18,19,5,1,0,0,0,0,0,0,0,2,1,6,6,1,54,8,2360,1,12,TOYOTA MODEL MISSING,-1,-1,0,-1
2024201433179,2024,201433179,1,8,0,-1,5,8,4,-1,9,0,0,0,0,0,4,9,-1,1,1,38,7,2360,7,8,TOYOTA MODEL MISSING,3,E01010070,0,3
2024201483366,2024,201483366,2,9,0,-1,19,6,2,-1,0,8,0,0,0,0,4,1,-1,9,1,36,7,1327,1,11,TOYOTA MODEL MISSING,6,E01014333,0,4
2024201482902,2024,201482902,1,9,0,-1,9,8,5,-1,0,5,0,0,0,0,1,9,-1,6,2,50,8,2362,1,15,TOYOTA MODEL MISSING,-1,-1,0,-1
2024010519257,2024,010519257,1,9,0,18,19,7,3,0,0,0,0,0,0,0,2,1,6,6,1,54,8,1329,1,11,TOYOTA MODEL MISSING,4,E01016846,0,4
2024010541694,2024,010541694,1,9,0,99,99,9,9,99,99,0,9,99,9,99,3,9,6,6,1,65,9,2360,8,17,TOYOTA MODEL MISSING,8,E01032577,0,1
2024340WN4292,2024,340WN4292,2,9,0,-1,-1,4,8,-1,0,1,0,0,0,0,0,1,-1,9,1,49,8,1988,1,14,TOYOTA MODEL MISSING,3,E01027180,0,3
2024010516691,2024,010516691,2,9,0,99,99,9,9,99,99,0,9,99,9,99,2,9,6,6,3,-1,-1,2360,1,17,TOYOTA MODEL MISSING,5,E01000450,0,1
2024010490558,2024,010490558,1,9,0,18,19,4,8,0,0,0,0,0,0,0,1,1,6,6,3,-1,-1,2360,8,16,TOYOTA MODEL MISSING,-1,-1,0,-1