collision_index,collision_year,collision_ref_no,vehicle_reference,vehicle_type,towing_and_articulation,vehicle_manoeuvre_historic,vehicle_manoeuvre,vehicle_direction_from,vehicle_direction_to,vehicle_location_restricted_lane_historic,vehicle_location_restricted_lane,junction_location,skidding_and_overturning,hit_object_in_carriageway,vehicle_leaving_carriageway,hit_object_off_carriageway,first_point_of_impact,vehicle_left_hand_drive,journey_purpose_of_driver_historic,journey_purpose_of_driver,sex_of_driver,age_of_driver,age_band_of_driver,engine_capacity_cc,propulsion_code,age_of_vehicle,generic_make_model,driver_imd_decile,lsoa_of_driver,escooter_flag,driver_distance_banding
2024201452536,2024,201452536,2,9,0,-1,9,6,4,-1,0,5,0,10,7,0,3,9,-1,9,1,48,8,2360,7,12,TOYOTA MODEL MISSING,2,E01009271,0,1
2024010505034,2024,010505034,1,9,0,18,19,3,7,0,0,1,0,0,0,0,1,1,1,1,1,43,7,1790,8,10,TOYOTA MODEL MISSING,2,E01001426,0,3
2024411397536,2024,411397536,1,9,0,-1,19,6,2,-1,0,0,0,0,0,0,1,9,-1,6,3,-1,-1,2360,8,14,TOYOTA MODEL MISSING,-1,-1,0,-1
2024201470165,2024,201470165,2,8,0,-1,19,3,7,-1,0,0,0,0,0,0,3,2,-1,6,1,50,8,2360,1,12,TOYOTA MODEL MISSING,5,E01010306,0,2
2024201438196,2024,201438196,2,9,0,-1,5,6,2,-1,0,4,0,0,0,0,1,9,-1,6,1,42,7,2400,1,13,TOYOTA MODEL MISSING,1,E01009328,0,1
2024010526906,2024,010526906,4,9,0,18,19,5,1,0,0,0,0,0,0,0,1,1,6,6,3,-1,-1,2360,8,17,TOYOTA MODEL MISSING,-1,-1,0,-1
2024201430236,2024,201430236,2,9,0,-1,19,4,8,-1,0,8,0,0,0,0,1,1,-1,9,1,37,7,2360,1,12,TOYOTA MODEL MISSING,1,E01009513,0,1
2024010498874,2024,010498874,2,9,0,99,99,9,9,99,99,9,9,99,9,99,9,9,6,6,3,-1,-1,2360,1,12,TOYOTA MODEL MISSING,3,E01001825,0,1
2024401506950,2024,401506950,3,9,0,-1,2,0,0,-1,0,0,0,0,0,0,2,1,-1,6,3,-1,-1,2362,1,16,TOYOTA MODEL MISSING,-1,-1,0,-1
2024201393906,2024,201393906,1,9,0,-1,6,2,2,-1,0,1,0,0,0,0,1,1,-1,9,1,43,7,2360,5,9,TOYOTA MODEL MISSING,1,E01009021,0,2
2024010520120,2024,010520120,1,9,0,5,5,7,3,0,0,1,0,0,0,0,4,1,1,1,1,49,8,1797,8,10,TOYOTA MODEL MISSING,3,E01002552,0,2
2024010540940,2024,010540940,2,9,9,18,19,3,7,99,99,9,9,99,0,0,1,9,6,6,3,-1,-1,2360,1,16,TOYOTA MODEL MISSING,-1,-1,0,-1
2024010501028,2024,010501028,2,9,0,1,1,4,8,0,0,2,0,0,0,0,2,1,6,6,1,32,6,3450,1,15,TOYOTA MODEL MISSING,-1,-1,0,-1
2024501431827,2024,501431827,2,9,0,-1,3,2,6,-1,0,1,0,0,0,0,2,9,-1,9,2,62,9,998,1,15,TOYOTA MODEL MISSING,4,E01018919,0,4
2024061491973,2024,061491973,3,9,0,-1,19,2,6,-1,0,8,0,0,0,0,1,1,-1,9,1,32,6,2990,1,21,TOYOTA MODEL MISSING,8,E01006401,0,1
2024201505916,2024,201505916,1,8,0,-1,19,2,6,-1,0,8,0,0,0,0,1,1,-1,6,1,36,7,2397,1,11,TOYOTA MODEL MISSING,2,E01009058,0,1
2024010509861,2024,010509861,3,9,0,4,4,3,7,0,0,0,0,0,0,0,4,2,6,6,1,51,8,2362,8,12,TOYOTA MODEL MISSING,5,E01003740,0,1
2024440037091,2024,440037091,2,9,0,18,19,4,8,0,0,8,0,0,0,0,1,1,6,6,1,42,7,1797,8,10,TOYOTA MODEL MISSING,4,E01017254,0,1
2024201413544,2024,201413544,1,9,0,-1,12,4,2,-1,0,0,0,0,7,0,3,9,-1,6,1,57,9,2362,1,16,TOYOTA MODEL MISSING,1,E01033627,0,1
2024201457739,2024,201457739,3,9,0,-1,19,4,8,-1,0,2,0,0,0,0,2,1,-1,6,1,43,7,2360,1,17,TOYOTA MODEL MISSING,2,E01010341,0,1
2024010502364,2024,010502364,1,9,0,18,19,1,5,0,0,0,0,4,0,0,4,1,6,6,1,33,6,2400,1,19,TOYOTA MODEL MISSING,2,E01003052,0,3
2024201443523,2024,201443523,3,9,0,-1,19,6,2,-1,0,1,0,0,0,0,3,1,-1,6,1,40,7,2360,1,13,TOYOTA MODEL MISSING,3,E01009922,0,1
2024201567108,2024,201567108,2,9,0,-1,5,1,3,-1,0,0,0,0,0,0,1,9,-1,1,2,46,8,2360,1,16,TOYOTA MODEL MISSING,5,E01009521,0,1
2024010493141,2024,010493141,1,9,0,4,4,1,5,0,0,8,0,0,0,0,3,1,6,6,1,40,7,1790,8,11,TOYOTA MODEL MISSING,3,E01032743,0,1
2024070140117,2024,070140117,1,9,0,18,19,8,4,0,0,0,1,0,1,0,1,1,2,2,1,35,6,2499,1,26,TOYOTA MODEL MISSING,10,E01018475,0,2
2024010516414,2024,010516414,1,9,0,18,19,3,7,0,0,1,0,0,0,0,9,1,6,6,1,24,5,1495,8,12,TOYOTA MODEL MISSING,6,E01003751,0,1
2024201468232,2024,201468232,2,9,0,-1,10,6,3,-1,0,1,0,0,0,0,2,1,-1,9,1,-1,-1,2360,1,9,TOYOTA MODEL MISSING,-1,-1,0,-1
2024311452913,2024,311452913,1,9,0,-1,19,7,3,-1,0,0,0,0,0,0,1,1,-1,6,1,76,11,2400,1,22,TOYOTA MODEL MISSING,6,E01028078,0,1
2024440335070,2024,440335070,2,9,0,2,2,0,0,0,0,0,0,0,0,0,2,1,6,6,1,-1,-1,1797,8,9,TOYOTA MODEL MISSING,-1,-1,0,-1
2024201524460,2024,201524460,1,8,0,-1,19,2,4,-1,0,6,0,0,0,0,1,1,-1,6,1,41,7,2362,7,11,TOYOTA MODEL MISSING,1,E01009344,0,1
2024052402555,2024,052402555,2,9,0,18,19,8,4,0,0,0,0,0,0,0,2,1,6,6,1,30,6,2395,1,10,TOYOTA MODEL MISSING,4,E01035392,0,3
2024010549050,2024,010549050,1,9,0,99,99,9,9,99,99,9,9,99,9,99,2,9,6,6,1,52,8,2400,1,17,TOYOTA MODEL MISSING,6,E01003650,0,1
2024131402733,2024,131402733,1,9,0,-1,9,5,1,-1,0,0,0,0,0,0,1,1,-1,6,1,41,7,2362,8,14,TOYOTA MODEL MISSING,1,E01011030,0,1
2024010507469,2024,010507469,2,9,0,18,19,4,8,0,0,0,0,0,0,0,0,1,6,6,1,39,7,1797,8,8,TOYOTA MODEL MISSING,-1,-1,0,-1
2024052401258,2024,052401258,1,9,0,18,19,3,7,0,0,1,0,0,0,0,0,1,6,6,3,-1,-1,998,1,13,TOYOTA MODEL MISSING,-1,-1,0,-1
2024430555735,2024,430555735,1,9,0,9,9,3,1,0,0,8,0,0,0,0,1,1,6,6,2,19,4,1790,8,6,TOYOTA MODEL MISSING,4,E01028516,0,1
2024010541755,2024,010541755,1,8,0,99,99,9,9,99,99,9,9,99,9,99,9,9,6,6,1,58,9,1797,8,13,TOYOTA MODEL MISSING,3,E01033943,0,1
2024401473721,2024,401473721,2,8,0,-1,19,1,5,-1,0,0,0,0,0,0,4,1,-1,9,1,61,9,1800,8,10,TOYOTA MODEL MISSING,2,E01015772,0,1
2024411470615,2024,411470615,1,9,0,-1,19,3,8,-1,0,0,0,0,1,10,1,1,-1,9,1,21,5,2360,8,14,TOYOTA MODEL MISSING,4,E01023899,0,1
2024451533107,2024,451533107,1,9,0,-1,9,2,2,-1,0,6,0,0,0,0,1,1,-1,2,1,43,7,1797,8,9,TOYOTA MODEL MISSING,5,E01030974,0,1
2024201464127,2024,201464127,2,9,0,-1,19,2,6,-1,0,8,0,0,0,0,1,1,-1,1,1,54,8,3650,7,9,TOYOTA MODEL MISSING,1,E01008931,0,2
2024041515491,2024,041515491,2,9,0,-1,19,1,3,-1,0,1,0,0,0,0,1,1,-1,6,1,30,6,1797,8,7,TOYOTA MODEL MISSING,1,E01025083,0,1
2024340WN3582,2024,340WN3582,1,9,0,-1,19,1,5,-1,0,1,0,0,0,0,1,1,-1,1,2,-1,-1,1797,8,11,TOYOTA MODEL MISSING,-1,-1,0,-1
2024010519168,2024,010519168,3,9,0,3,3,3,7,0,0,1,0,0,0,0,2,1,1,1,1,31,6,1797,8,8,TOYOTA MODEL MISSING,2,E01004304,0,1
2024010501201,2024,010501201,1,9,9,99,99,9,9,99,99,9,9,99,9,99,1,9,2,2,2,52,8,2360,8,12,TOYOTA MODEL MISSING,3,E01002043,0,3
2024201518370,2024,201518370,1,8,0,-1,5,3,7,-1,0,6,0,0,0,0,4,1,-1,1,1,43,7,1797,8,6,TOYOTA MODEL MISSING,1,E01034928,0,1
2024141444774,2024,141444774,2,9,0,-1,19,1,4,-1,0,8,0,0,0,0,1,1,-1,9,2,30,6,1497,8,12,TOYOTA MODEL MISSING,1,E01007732,0,1
2024211500367,2024,211500367,1,8,0,-1,5,4,1,-1,0,6,0,0,0,0,3,1,-1,1,1,45,7,2336,1,7,TOYOTA MODEL MISSING,1,E01009341,0,4
2024211488158,2024,211488158,1,9,0,-1,19,2,6,-1,0,1,0,0,0,0,1,9,-1,6,1,-1,-1,1998,1,30,-1,-1,-1,0,-1
2024041434368,2024,041434368,1,9,0,-1,19,6,2,-1,0,0,0,0,0,0,1,1,-1,2,1,32,6,2171,2,21,-1,1,E01006980,0,3
2024520402108,2024,520402108,1,5,0,18,19,1,5,0,0,0,1,0,0,0,1,1,6,6,1,51,8,689,1,1,YAMAHA TENERE,6,E01024870,0,5
2024361491685,2024,361491685,1,5,0,-1,7,7,3,-1,0,0,1,0,0,0,4,1,-1,9,1,38,7,689,1,1,YAMAHA TENERE,9,E01023629,0,4
2024010536552,2024,010536552,2,5,0,18,19,8,4,2,2,1,0,0,0,0,1,1,6,6,1,26,6,689,1,1,YAMAHA TENERE,-1,-1,0,-1
2024552400914,2024,552400914,1,3,0,14,14,2,6,0,0,0,0,0,0,0,1,1,6,6,1,41,7,689,1,4,YAMAHA TENERE,2,E01015293,0,2
2024010530513,2024,010530513,1,5,0,18,19,3,7,0,0,6,0,0,0,0,4,1,2,2,1,44,7,689,1,3,YAMAHA TENERE,-1,-1,0,-1
2024631411280,2024,631411280,2,5,0,-1,19,4,8,-1,0,0,1,0,0,0,1,1,-1,9,1,56,9,689,1,4,YAMAHA TENERE,6,W01000926,0,4
2024161451714,2024,161451714,2,5,0,-1,19,6,2,-1,0,0,0,0,0,0,0,1,-1,1,1,38,7,689,1,0,YAMAHA TENERE,10,E01013090,0,3
2024131522971,2024,131522971,3,5,0,-1,19,5,1,-1,0,1,0,0,1,4,1,1,-1,1,1,46,8,689,1,0,YAMAHA TENERE,6,E01011885,0,3
2024440276846,2024,440276846,2,5,0,13,13,2,6,0,0,1,0,0,0,0,1,1,2,2,1,31,6,689,1,2,YAMAHA TENERE,6,E01035453,0,3
2024631411280,2024,631411280,1,5,0,-1,19,8,4,-1,0,0,1,0,0,0,1,1,-1,9,1,31,6,689,1,0,YAMAHA TENERE,6,E01024530,0,5
2024010544800,2024,010544800,1,5,0,99,99,9,9,99,99,9,9,99,9,99,1,1,1,1,1,36,7,689,1,1,YAMAHA TENERE,3,E01034139,0,2
2024161486469,2024,161486469,2,5,0,-1,19,1,5,-1,0,8,0,0,0,0,1,1,-1,9,1,50,8,689,1,2,YAMAHA TENERE,8,E01013028,0,4
2024101403698,2024,101403698,1,5,0,-1,13,7,3,-1,0,2,5,0,0,0,1,1,-1,6,-1,-1,-1,689,1,3,YAMAHA TENERE,-1,-1,0,-1
2024631486117,2024,631486117,2,5,0,-1,5,3,7,-1,0,4,0,0,0,0,3,1,-1,9,1,29,6,689,1,1,YAMAHA TENERE,5,W01000697,0,4
2024411538068,2024,411538068,2,5,-1,-1,-1,-1,-1,-1,-1,-1,-1,-1,-1,0,-1,1,-1,2,1,65,9,689,1,5,YAMAHA TENERE,6,E01023765,0,2
2024991472778,2024,991472778,1,5,0,-1,19,5,1,-1,0,0,5,0,1,0,4,1,-1,9,1,55,8,689,1,4,YAMAHA TENERE,4,E01020889,0,5
2024041456180,2024,041456180,2,5,0,-1,19,3,7,-1,0,1,1,0,0,0,1,1,-1,9,1,62,9,689,1,2,YAMAHA TENERE,8,E01027586,0,2
2024411543323,2024,411543323,2,5,0,-1,13,7,3,-1,0,0,0,0,5,0,1,1,-1,9,1,63,9,689,1,1,YAMAHA TENERE,6,E01023970,0,2
2024522403203,2024,522403203,2,5,0,5,5,4,8,0,0,2,0,0,0,0,3,1,6,6,1,69,10,689,1,5,YAMAHA TENERE,8,E01014700,0,1
2024440400153,2024,440400153,1,5,0,3,3,1,5,0,0,1,0,0,0,0,2,1,6,6,1,55,8,689,1,5,YAMAHA TENERE,4,E01030187,0,5
2024161451714,2024,161451714,3,5,0,-1,19,6,2,-1,0,0,0,0,0,0,0,1,-1,1,1,33,6,689,1,0,YAMAHA TENERE,10,E01013090,0,3
2024010507637,2024,010507637,1,4,0,18,19,5,1,0,0,1,0,0,0,0,0,1,6,6,1,35,6,689,1,4,YAMAHA TENERE,4,E01002168,0,1
2024361436887,2024,361436887,2,2,0,-1,19,1,5,-1,0,4,0,0,0,0,1,1,-1,9,2,24,5,50,1,6,-1,9,E01026537,0,1
2024552401283,2024,552401283,1,2,0,7,7,8,2,0,0,6,0,0,0,0,3,1,6,6,1,20,4,49,1,12,-1,3,E01015292,0,1
2024201535342,2024,201535342,1,5,5,-1,13,8,4,-1,0,8,2,10,7,0,3,1,-1,6,1,35,6,660,1,16,-1,2,E01009584,0,1
2024361416555,2024,361416555,2,3,0,-1,19,5,1,-1,0,0,0,0,0,0,0,1,-1,9,1,17,4,124,1,5,-1,4,E01026884,0,1
2024041429768,2024,041429768,2,3,0,-1,19,5,1,-1,0,8,0,0,0,0,1,1,-1,9,1,26,6,124,1,1,-1,4,E01025216,0,1
2024052401687,2024,052401687,2,4,0,17,19,3,7,0,0,1,0,0,0,0,1,1,6,6,1,24,5,124,1,2,-1,8,E01032904,0,1
2024631485473,2024,631485473,1,3,0,-1,14,5,1,-1,0,1,1,0,0,0,4,1,-1,6,1,47,8,124,1,0,-1,8,W01000611,0,1
2024520402661,2024,520402661,1,4,0,18,19,3,7,0,0,2,0,0,1,11,1,1,6,6,1,38,7,124,1,6,-1,4,E01014450,0,1
2024411511297,2024,411511297,2,3,0,-1,13,1,5,-1,0,1,1,0,0,0,1,1,-1,1,1,44,7,124,1,1,-1,4,E01023358,0,2
2024010516807,2024,010516807,1,3,0,14,14,5,1,2,2,8,0,0,0,0,1,1,2,2,1,30,6,124,1,1,-1,2,E01003174,0,1
2024010510924,2024,010510924,2,9,0,5,5,1,5,0,0,1,0,0,0,0,1,1,6,6,1,45,7,3996,1,6,-1,7,E01004695,0,2
2024421512175,2024,421512175,1,9,0,-1,19,7,3,-1,0,1,0,0,0,0,1,1,-1,9,1,58,9,2995,8,1,-1,5,E01033208,0,4
2024421411805,2024,421411805,1,9,0,-1,19,3,5,-1,0,1,0,0,0,0,1,1,-1,6,1,-1,-1,5950,1,8,-1,-1,-1,0,-1
2024041418358,2024,041418358,1,9,0,-1,19,5,1,-1,0,8,0,0,1,0,1,1,-1,9,1,40,7,5950,1,8,-1,6,E01025121,0,4
2024552400905,2024,552400905,1,9,0,5,5,3,7,0,0,6,0,0,0,0,3,1,6,6,1,86,11,3996,1,3,-1,5,E01020462,0,1
2024010527797,2024,010527797,2,9,0,9,9,3,1,0,0,6,0,0,0,0,1,1,6,6,1,62,9,6000,1,7,-1,6,E01035718,0,1
2024302401542,2024,302401542,2,9,0,18,19,6,2,0,0,8,0,0,7,11,1,1,6,6,1,55,8,1968,2,15,-1,1,E01013567,0,1
2024440065365,2024,440065365,2,9,0,18,19,8,4,0,0,1,0,0,0,0,4,1,6,6,2,40,7,1968,2,14,-1,6,E01035436,0,1
2024340NN2042,2024,340NN2042,2,9,0,-1,19,5,1,-1,0,3,0,0,0,0,1,1,-1,2,1,25,5,1200,1,2,DS DS4,6,E01027079,0,1
202454C346624,2024,54C346624,2,9,0,18,19,6,2,0,0,0,0,0,1,0,1,1,6,6,1,48,8,1200,1,7,DS DS4,8,E01031918,0,3
2024340WN2032,2024,340WN2032,1,9,0,-1,5,4,8,-1,0,6,0,0,0,0,3,1,-1,6,1,17,4,1200,1,8,DS DS4,5,E01027017,0,2
2024201514001,2024,201514001,2,9,0,-1,19,1,5,-1,0,8,0,0,0,0,1,1,-1,6,1,64,9,1199,1,1,DS DS4,1,E01010410,0,1
202454D130324,2024,54D130324,2,9,0,4,4,3,7,0,0,0,0,0,0,0,2,1,6,6,1,36,7,1560,2,6,DS DS4,8,E01034546,0,1
2024221418024,2024,221418024,1,9,0,-1,19,5,1,-1,0,0,2,0,2,3,1,1,-1,9,2,60,9,1598,8,1,DS DS4,5,E01014009,0,1
2024471482005,2024,471482005,2,9,0,-1,19,6,2,-1,0,0,0,0,0,0,1,1,-1,9,1,33,6,1560,2,6,DS DS4,2,E01034009,0,5
2024211487675,2024,211487675,1,9,0,-1,19,1,5,-1,0,1,1,0,7,0,1,1,-1,6,2,42,7,1997,2,6,DS DS4,6,E01029596,0,1
2024471394090,2024,471394090,2,9,0,-1,19,3,7,-1,0,0,0,0,0,0,2,9,-1,6,1,42,7,1598,1,2,DS DS4,6,E01031390,0,2
2024471503661,2024,471503661,1,9,0,-1,5,7,6,-1,0,0,0,0,0,0,3,1,-1,9,1,38,7,1997,2,9,DS DS4,8,E01021030,0,4
2024061516768,2024,061516768,1,9,0,-1,20,5,1,-1,9,0,0,0,0,0,1,1,-1,9,2,72,10,1997,2,8,DS DS4,3,E01006220,0,1
2024131510210,2024,131510210,1,9,0,-1,19,7,3,-1,0,8,5,4,0,0,1,1,-1,9,1,45,7,1199,1,1,DS DS4,8,E01032503,0,3
2024471412644,2024,471412644,1,9,0,-1,19,3,7,-1,0,0,0,0,0,0,1,9,-1,6,2,42,7,1560,2,8,DS DS4,1,E01016867,0,4
2024471513165,2024,471513165,1,9,0,-1,9,5,3,-1,0,0,0,0,0,0,3,1,-1,9,2,49,8,1560,2,8,DS DS4,9,E01031723,0,1
2024111531741,2024,111531741,2,9,0,-1,9,1,7,-1,0,0,0,0,0,0,3,1,-1,9,2,44,7,1560,2,9,DS DS4,2,E01020770,0,1
2024052401991,2024,052401991,2,19,0,5,5,5,1,0,0,4,0,0,0,0,1,1,6,6,1,-1,-1,1997,2,2,FIAT SCUDO,-1,-1,0,-1
2024531487589,2024,531487589,2,19,0,-1,19,2,6,-1,0,0,0,0,0,0,1,1,-1,1,1,37,7,1499,2,1,FIAT SCUDO,8,E01032704,0,4
2024231480429,2024,231480429,2,9,0,-1,19,6,2,-1,0,8,0,0,0,0,1,1,-1,9,1,37,7,1997,2,17,FIAT SCUDO,5,E01009561,0,3
2024361464982,2024,361464982,1,19,0,-1,5,4,8,-1,0,8,0,0,0,0,1,1,-1,9,2,36,7,1868,2,21,FIAT SCUDO,5,E01026729,0,1
2024041431440,2024,041431440,1,19,0,-1,6,7,3,-1,0,0,0,0,0,0,4,1,-1,1,1,31,6,1560,2,16,FIAT SCUDO,3,E01012715,0,1
2024631407376,2024,631407376,1,9,0,-1,19,1,4,-1,0,0,1,0,8,10,1,1,-1,9,1,51,8,1997,2,14,FIAT SCUDO,5,W01001389,0,4
2024440542673,2024,440542673,1,19,0,5,5,2,6,0,0,0,0,0,0,0,3,1,6,6,2,63,9,1560,2,14,FIAT SCUDO,10,E01023020,0,1
2024401479099,2024,401479099,1,8,0,-1,19,1,5,-1,0,4,0,0,0,0,1,1,-1,1,1,59,9,1560,2,16,FIAT SCUDO,2,E01015725,0,1
2024430521935,2024,430521935,2,19,0,3,3,4,8,0,0,2,0,0,0,0,2,1,1,1,1,52,8,1997,2,15,FIAT SCUDO,10,E01016598,0,1
2024101422816,2024,101422816,1,9,0,-1,19,3,6,-1,0,4,0,0,0,0,1,1,-1,9,1,60,9,1997,2,16,FIAT SCUDO,5,E01027517,0,1
2024361487743,2024,361487743,1,19,0,-1,1,7,8,-1,0,0,0,0,0,0,2,1,-1,2,1,52,8,1560,2,16,FIAT SCUDO,6,E01026462,0,1
2024451479474,2024,451479474,2,19,0,-1,19,5,1,-1,0,0,0,0,0,0,0,9,-1,6,1,40,7,1997,2,17,FIAT SCUDO,5,E01003375,0,4
2024332400305,2024,332400305,2,19,0,-1,3,4,8,-1,0,1,0,0,0,0,2,1,-1,1,1,61,9,1997,2,1,FIAT SCUDO,10,E01025665,0,2
2024141406057,2024,141406057,1,9,0,-1,19,3,7,-1,0,0,0,0,0,0,1,1,-1,1,1,71,10,1997,2,13,FIAT SCUDO,1,E01034237,0,1
2024041413080,2024,041413080,2,19,0,-1,19,5,1,-1,0,1,0,0,0,0,4,1,-1,9,1,39,7,1867,2,18,FIAT SCUDO,1,E01025238,0,1
2024052402414,2024,052402414,1,19,0,18,19,5,1,0,0,0,0,10,7,10,1,1,6,6,1,51,8,1997,2,19,FIAT SCUDO,1,E01006351,0,2
2024991529841,2024,991529841,1,19,0,-1,19,7,3,-1,0,8,0,0,0,0,4,1,-1,2,1,36,7,1499,2,1,FIAT SCUDO,8,-1,0,3
2024520403134,2024,520403134,2,19,0,18,19,8,4,0,0,8,0,0,0,0,1,1,6,6,1,31,6,1499,2,0,FIAT SCUDO,2,E01029304,0,3
2024501406613,2024,501406613,1,9,0,-1,9,1,5,-1,0,8,0,0,7,0,1,1,-1,9,1,28,6,1597,1,31,-1,3,E01034864,0,3
2024061511563,2024,061511563,1,9,0,-1,99,1,1,-1,9,1,9,99,0,0,4,1,-1,6,3,30,6,1498,1,7,HONDA HR-V,-1,-1,0,-1
2024311460602,2024,311460602,1,9,0,-1,11,5,1,-1,0,0,1,0,4,4,1,1,-1,9,1,39,7,1498,8,2,HONDA HR-V,4,E01008513,0,5
2024631398068,2024,631398068,1,9,0,-1,9,1,7,-1,0,5,0,0,0,0,3,1,-1,9,1,32,6,1597,2,8,HONDA HR-V,5,W01000546,0,1
2024010533093,2024,010533093,1,9,0,5,5,3,7,0,0,1,0,0,0,0,1,1,1,1,2,46,8,1498,1,7,HONDA HR-V,6,E01002556,0,1
2024041486079,2024,041486079,1,9,0,-1,5,5,1,-1,9,1,0,0,0,0,1,1,-1,9,2,77,11,1498,8,1,HONDA HR-V,9,E01024967,0,1
2024041535438,2024,041535438,1,9,0,-1,12,1,5,-1,0,0,0,0,0,0,1,1,-1,9,2,79,11,1498,8,1,HONDA HR-V,8,E01024920,0,1
2024451467303,2024,451467303,1,9,0,-1,19,1,5,-1,0,1,0,0,0,0,4,1,-1,9,1,78,11,1498,1,6,HONDA HR-V,6,E01004109,0,2
2024010544708,2024,010544708,1,9,0,10,10,1,8,0,0,6,0,0,0,0,1,1,6,6,1,61,9,1590,1,20,HONDA HR-V,2,E01000743,0,1
2024451454902,2024,451454902,1,9,0,-1,19,7,3,-1,9,1,0,0,1,0,1,1,-1,9,1,80,11,1498,1,5,HONDA HR-V,10,E01030507,0,1
2024211428270,2024,211428270,1,9,0,-1,7,4,6,-1,0,0,0,0,0,0,1,9,-1,6,2,78,11,1498,1,9,HONDA HR-V,2,E01014262,0,2
2024221436934,2024,221436934,2,9,0,-1,19,2,6,-1,0,0,0,0,1,10,1,1,-1,6,2,72,10,1498,8,1,HONDA HR-V,6,E01028874,0,2
2024070021418,2024,070021418,1,9,0,16,19,2,5,0,0,0,1,0,0,0,1,1,6,6,2,71,10,1498,8,2,HONDA HR-V,6,E01034675,0,1
2024421510444,2024,421510444,1,9,0,-1,9,2,5,-1,0,8,0,0,0,0,3,1,-1,1,1,62,9,1498,8,0,HONDA HR-V,8,E01002252,0,2
2024440324569,2024,440324569,1,9,0,9,9,3,2,0,0,1,0,0,0,0,4,1,6,6,2,64,9,1498,1,8,HONDA HR-V,7,E01032024,0,4
2024421467211,2024,421467211,1,9,0,-1,19,3,7,-1,0,0,0,0,0,0,1,1,-1,6,2,72,10,1597,2,8,HONDA HR-V,10,E01021893,0,1
2024501509282,2024,501509282,1,9,0,-1,19,6,4,-1,0,1,0,10,1,0,4,1,-1,2,1,64,9,1498,1,7,HONDA HR-V,4,E01020303,0,4
2024010521966,2024,010521966,2,9,0,18,19,5,1,0,0,0,0,0,0,0,2,1,6,6,2,40,7,1498,8,1,HONDA HR-V,3,E01002585,0,1
2024991504060,2024,991504060,2,9,0,-1,4,8,4,-1,0,1,0,0,0,0,2,1,-1,6,2,39,7,1597,2,7,HONDA HR-V,10,-1,0,1
2024552401143,2024,552401143,1,9,0,9,9,2,8,0,0,6,0,0,0,0,3,1,6,6,2,61,9,1498,1,5,HONDA HR-V,10,E01020418,0,4
2024041442897,2024,041442897,1,9,0,-1,13,5,1,-1,0,1,0,0,0,0,4,1,-1,9,2,49,8,1498,8,2,HONDA HR-V,7,E01025361,0,1
2024010517837,2024,010517837,2,9,0,18,19,6,2,0,0,1,0,0,0,0,4,1,6,6,2,42,7,1498,1,6,HONDA HR-V,7,E01002166,0,1
2024311530029,2024,311530029,1,9,0,-1,5,6,2,-1,0,0,0,0,0,0,2,1,-1,9,1,59,9,1498,8,0,HONDA HR-V,1,E01028281,0,1
2024501495569,2024,501495569,1,9,0,-1,19,3,7,-1,0,0,5,0,2,0,1,1,-1,6,2,79,11,1498,1,7,HONDA HR-V,5,E01018904,0,1
2024320475991,2024,320475991,1,9,0,-1,-1,5,1,0,0,0,0,0,0,0,4,1,-1,-1,1,77,11,1498,8,2,HONDA HR-V,-1,-1,0,-1
2024302400805,2024,302400805,2,9,0,5,5,8,3,0,0,8,0,0,0,0,2,1,6,6,2,39,7,1498,8,2,HONDA HR-V,1,E01013590,0,1
2024451487482,2024,451487482,2,9,0,-1,19,5,5,-1,0,1,0,0,3,0,1,1,-1,2,1,54,8,1498,8,2,HONDA HR-V,5,E01001099,0,3
2024010510019,2024,010510019,2,9,0,99,99,9,9,99,99,9,9,99,9,99,9,9,6,6,3,-1,-1,1498,1,9,HONDA HR-V,-1,-1,0,-1
2024332400483,2024,332400483,1,9,0,-1,5,4,8,-1,-1,0,0,0,0,0,4,1,-1,9,2,81,11,1498,8,0,HONDA HR-V,9,E01025998,0,1
2024471485907,2024,471485907,2,9,0,-1,2,0,0,-1,0,1,0,0,0,0,0,1,-1,6,-1,-1,-1,1498,8,1,HONDA HR-V,-1,-1,0,-1
2024461468647,2024,461468647,1,9,0,-1,19,3,7,-1,0,0,0,0,0,0,1,9,-1,6,1,44,7,1597,2,8,HONDA HR-V,3,E01024392,0,1
2024010514066,2024,010514066,1,9,0,4,4,5,1,0,0,1,0,0,0,0,3,1,6,6,1,23,5,1498,8,1,HONDA HR-V,-1,-1,0,-1
2024471454007,2024,471454007,2,9,0,-1,9,5,3,-1,0,0,0,0,0,0,1,1,-1,9,2,40,7,1498,8,0,HONDA HR-V,3,E01016873,0,1
2024991407932,2024,991407932,2,9,0,-1,9,5,3,-1,0,8,0,0,0,0,1,1,-1,2,2,44,7,1597,2,8,HONDA HR-V,8,-1,0,1
2024371410716,2024,371410716,2,9,0,-1,9,7,3,-1,0,1,0,0,0,0,1,1,-1,6,2,45,7,1597,2,8,HONDA HR-V,7,E01029974,0,1