collision_index,collision_year,collision_ref_no,vehicle_reference,vehicle_type,towing_and_articulation,vehicle_manoeuvre_historic,vehicle_manoeuvre,vehicle_direction_from,vehicle_direction_to,vehicle_location_restricted_lane_historic,vehicle_location_restricted_lane,junction_location,skidding_and_overturning,hit_object_in_carriageway,vehicle_leaving_carriageway,hit_object_off_carriageway,first_point_of_impact,vehicle_left_hand_drive,journey_purpose_of_driver_historic,journey_purpose_of_driver,sex_of_driver,age_of_driver,age_band_of_driver,engine_capacity_cc,propulsion_code,age_of_vehicle,generic_make_model,driver_imd_decile,lsoa_of_driver,escooter_flag,driver_distance_banding
2024041463610,2024,041463610,1,9,0,-1,9,8,4,-1,0,2,0,0,0,0,0,1,-1,9,1,81,11,1498,1,8,HONDA HR-V,5,E01025206,0,1
2024461492041,2024,461492041,2,9,0,-1,-1,-1,-1,-1,-1,0,-1,-1,-1,0,-1,9,-1,6,3,-1,-1,1570,1,25,HONDA HR-V,-1,-1,0,-1
2024430071312,2024,430071312,2,9,0,18,19,2,6,0,0,0,0,0,0,0,3,1,1,1,2,45,7,1498,1,6,HONDA HR-V,6,E01016507,0,1
2024010539368,2024,010539368,1,9,0,99,99,9,9,99,99,9,9,99,9,99,2,9,2,2,1,59,9,1498,1,5,HONDA HR-V,2,E01000025,0,4
2024451483784,2024,451483784,1,9,0,-1,19,7,5,-1,0,2,0,0,0,0,3,1,-1,9,1,56,9,1498,8,2,HONDA HR-V,10,E01030510,0,1
2024543617524,2024,543617524,1,9,0,15,15,6,2,0,0,0,0,4,0,0,1,1,6,6,2,36,7,1597,2,8,HONDA HR-V,3,E01031914,0,3
2024411456640,2024,411456640,1,9,0,-1,9,8,4,-1,0,2,5,7,0,0,1,1,-1,1,2,51,8,1498,8,1,HONDA HR-V,10,E01023567,0,1
2024221399146,2024,221399146,1,9,0,-1,13,2,6,-1,0,0,5,0,0,0,3,1,-1,6,2,47,8,1597,2,4,HONDA HR-V,5,W01000719,0,4
2024010501371,2024,010501371,2,9,0,2,2,0,0,0,0,0,0,0,0,0,0,1,6,6,3,-1,-1,1498,1,6,HONDA HR-V,-1,-1,0,-1
2024471416027,2024,471416027,4,9,0,-1,19,7,3,-1,0,0,0,0,0,0,1,1,-1,2,1,34,6,1498,1,5,HONDA HR-V,7,E01024732,0,4
2024221500426,2024,221500426,1,9,0,-1,19,2,6,-1,0,8,0,0,0,0,4,1,-1,2,1,57,9,1498,8,0,HONDA HR-V,8,E01032223,0,3
2024010523886,2024,010523886,1,9,0,16,19,1,5,0,0,8,0,0,0,0,4,1,6,6,2,40,7,1597,2,8,HONDA HR-V,1,E01003291,0,1
2024101440874,2024,101440874,1,9,0,-1,5,3,1,-1,0,0,1,0,1,0,2,1,-1,6,2,65,9,1498,8,1,HONDA HR-V,9,E01033717,0,2
2024520403105,2024,520403105,1,9,0,9,9,5,3,0,0,5,0,0,0,0,1,1,6,6,1,78,11,1498,1,5,HONDA HR-V,4,E01029116,0,1
2024070976470,2024,070976470,2,9,0,-1,3,1,5,-1,0,0,0,0,0,0,2,1,-1,6,1,68,10,1498,8,2,HONDA HR-V,8,E01035389,0,2
2024411429605,2024,411429605,2,9,0,-1,5,1,6,-1,0,8,0,0,0,0,1,1,-1,6,2,42,7,1597,2,8,HONDA HR-V,9,E01023507,0,1
2024440271476,2024,440271476,1,9,0,9,9,1,7,0,0,8,0,0,0,0,2,1,6,6,3,-1,-1,1498,1,7,HONDA HR-V,-1,-1,0,-1
2024471421240,2024,471421240,1,9,0,-1,19,7,3,-1,0,0,0,0,7,0,1,1,-1,6,1,86,11,1498,1,6,HONDA HR-V,6,E01021145,0,1
2024431532941,2024,431532941,2,9,0,-1,-1,3,3,-1,-1,0,0,0,0,0,1,1,-1,-1,2,50,8,1498,8,1,HONDA HR-V,10,E01022895,0,2
2024471495829,2024,471495829,1,9,0,-1,3,-1,-1,-1,0,0,0,0,1,0,2,1,-1,9,1,24,5,1498,1,6,HONDA HR-V,5,E01031385,0,1
2024531510549,2024,531510549,1,9,0,-1,5,6,2,-1,0,1,0,0,0,0,3,1,-1,2,1,42,7,1590,1,23,HONDA HR-V,7,E01034786,0,1
2024010520249,2024,010520249,2,9,5,5,5,1,5,0,0,5,0,0,0,0,1,1,6,6,1,41,7,1498,1,8,HONDA HR-V,5,E01000067,0,2
2024221507611,2024,221507611,1,9,0,-1,4,5,1,-1,0,1,0,0,0,0,2,1,-1,6,1,65,9,1498,1,6,HONDA HR-V,10,E01029628,0,3
2024411453850,2024,411453850,1,9,0,-1,19,5,1,-1,0,0,0,4,0,0,1,1,-1,6,2,86,11,1498,1,7,HONDA HR-V,10,E01023948,0,1
2024010538337,2024,010538337,1,9,9,18,19,5,1,99,99,0,9,99,0,0,2,9,6,6,1,68,10,1498,1,8,HONDA HR-V,3,E01001006,0,1
2024371450366,2024,371450366,1,9,0,-1,19,0,0,-1,0,2,0,0,7,3,1,1,-1,6,1,77,11,1498,1,4,HONDA HR-V,8,E01029901,0,1
2024411538605,2024,411538605,2,9,0,-1,19,2,6,-1,0,8,0,0,0,0,3,1,-1,9,2,54,8,1498,8,1,HONDA HR-V,3,E01023573,0,2
2024320503837,2024,320503837,2,9,0,-1,-1,4,8,0,0,8,0,0,0,0,1,1,-1,-1,1,34,6,1597,2,8,HONDA HR-V,4,E01026025,0,3
2024010510574,2024,010510574,2,9,0,99,99,9,9,99,99,9,9,99,9,99,9,9,6,6,3,-1,-1,1498,1,6,HONDA HR-V,-1,-1,0,-1
2024041440957,2024,041440957,1,9,0,-1,9,7,5,-1,0,6,0,0,0,0,1,1,-1,9,2,68,10,1498,1,4,HONDA HR-V,5,E01025053,0,1
2024332400389,2024,332400389,2,9,0,-1,19,2,6,-1,0,0,0,0,0,0,0,1,-1,6,1,39,7,1597,2,8,HONDA HR-V,7,E01025743,0,1
2024451442961,2024,451442961,2,9,0,-1,19,5,1,-1,0,1,0,0,0,0,1,2,-1,9,1,75,10,1498,8,1,HONDA HR-V,8,E01030529,0,3
2024501426691,2024,501426691,2,9,0,-1,19,3,7,-1,0,1,0,0,0,0,1,1,-1,9,2,63,9,1498,8,2,HONDA HR-V,8,E01019910,0,1
2024041511654,2024,041511654,1,9,0,-1,5,5,1,-1,0,0,0,0,0,0,1,1,-1,9,2,63,9,1498,1,6,HONDA HR-V,8,E01025163,0,1
2024122400218,2024,122400218,1,9,0,18,19,2,6,0,0,0,0,0,1,9,1,1,2,2,2,64,9,1498,1,6,HONDA HR-V,6,E01027923,0,1
2024471464956,2024,471464956,2,9,0,-1,19,7,4,-1,0,8,0,0,0,0,3,1,-1,9,2,54,8,1498,1,5,HONDA HR-V,9,E01031630,0,1
2024101461686,2024,101461686,2,9,0,-1,19,5,1,-1,0,0,1,0,0,0,2,1,-1,9,1,75,10,1498,8,1,HONDA HR-V,10,E01027464,0,3
2024070417986,2024,070417986,1,9,0,9,9,1,5,0,0,6,0,0,0,0,1,1,6,6,1,71,10,1498,8,2,HONDA HR-V,1,E01012396,0,1
2024010540015,2024,010540015,1,9,0,18,19,3,7,0,0,0,2,4,0,0,3,1,6,6,2,47,8,1498,1,7,HONDA HR-V,2,E01003336,0,1
2024351503430,2024,351503430,1,9,0,-1,7,2,7,-1,0,0,0,0,0,0,1,1,-1,6,2,83,11,1498,1,9,HONDA HR-V,10,E01018267,0,2
2024501485574,2024,501485574,1,9,0,-1,9,8,6,-1,0,1,0,0,0,0,1,1,-1,9,1,74,10,1597,2,7,HONDA HR-V,4,E01019064,0,1
2024361427923,2024,361427923,1,9,0,-1,19,5,1,-1,0,0,0,0,0,0,2,1,-1,6,2,70,10,1498,8,1,HONDA HR-V,2,E01015612,0,4
2024501453189,2024,501453189,1,9,0,-1,8,4,6,-1,0,8,0,0,0,0,1,1,-1,9,1,83,11,1590,1,23,HONDA HR-V,4,E01018982,0,1
2024401463460,2024,401463460,2,9,0,-1,3,3,7,-1,0,1,0,0,0,0,2,1,-1,2,2,47,8,1498,8,2,HONDA HR-V,3,E01017580,0,2
2024010534019,2024,010534019,1,9,0,4,4,5,1,0,0,1,0,0,0,0,1,2,6,6,1,44,7,1498,8,2,HONDA HR-V,-1,-1,0,-1
2024201509401,2024,201509401,1,9,0,-1,4,1,4,-1,0,0,0,0,0,0,4,1,-1,6,2,47,8,1498,1,5,HONDA HR-V,3,E01010139,0,1
2024010545203,2024,010545203,2,9,0,3,3,7,3,0,0,1,0,0,0,0,2,1,6,6,1,56,9,1590,1,22,HONDA HR-V,7,E01026272,0,5
2024010527994,2024,010527994,2,9,0,99,99,9,9,99,99,9,9,99,9,99,9,9,6,6,3,-1,-1,1498,1,6,HONDA HR-V,-1,-1,0,-1
2024991518178,2024,991518178,3,9,0,-1,9,1,6,-1,0,5,0,0,0,0,2,1,-1,2,1,66,10,1498,8,0,HONDA HR-V,8,-1,0,4
2024010523752,2024,010523752,2,9,0,10,10,3,2,0,0,1,1,0,0,0,2,1,6,6,1,64,9,1498,8,1,HONDA HR-V,2,E01001283,0,1
2024131530126,2024,131530126,1,9,0,-1,19,5,1,-1,0,1,0,0,0,0,3,1,-1,6,1,47,8,1498,8,0,HONDA HR-V,3,E01011585,0,1
2024440009083,2024,440009083,1,9,0,9,9,2,8,0,0,6,0,0,0,0,1,1,6,6,1,47,8,1498,1,5,HONDA HR-V,8,E01030991,0,3
2024041470958,2024,041470958,2,9,0,-1,2,5,1,-1,9,0,0,0,0,0,3,1,-1,9,1,60,9,1498,8,2,HONDA HR-V,7,E01025326,0,1
2024311525400,2024,311525400,1,9,0,-1,19,1,5,-1,0,0,0,0,0,0,0,1,-1,9,2,52,8,1597,2,9,HONDA HR-V,9,E01028375,0,1
2024501414830,2024,501414830,6,9,0,-1,3,8,4,-1,0,0,0,0,0,0,1,1,-1,6,2,44,7,1590,1,24,HONDA HR-V,5,E01015215,0,2
202454F158824,2024,54F158824,2,9,0,4,4,2,6,0,0,1,0,0,0,0,2,1,6,6,2,45,7,1498,1,4,HONDA HR-V,9,E01033848,0,1
2024520403147,2024,520403147,1,9,0,18,19,8,3,0,0,8,0,0,0,0,1,1,6,6,1,60,9,1498,8,0,HONDA HR-V,9,E01029260,0,1
2024411510768,2024,411510768,2,9,0,-1,8,3,5,-1,0,8,0,0,0,0,3,1,-1,1,1,56,9,1498,8,1,HONDA HR-V,7,E01023947,0,1
2024010546165,2024,010546165,1,3,0,99,99,9,9,99,99,9,9,99,9,99,1,1,1,1,1,35,6,125,1,1,HONDA WW125,5,E01002129,0,1
2024010508361,2024,010508361,2,3,0,18,19,1,5,0,0,1,0,0,0,0,1,1,1,1,2,35,6,125,1,2,HONDA WW125,-1,-1,0,-1
2024010535854,2024,010535854,1,3,0,99,99,9,9,99,99,2,9,99,9,99,9,1,1,1,3,48,8,125,1,3,HONDA WW125,3,E01033735,0,3
2024010489792,2024,010489792,1,3,0,18,19,3,7,0,0,1,0,0,0,0,1,1,6,6,1,29,6,125,1,1,HONDA WW125,4,E01002044,0,2
2024522500410,2024,522500410,1,3,0,17,19,4,1,0,0,2,0,0,0,0,1,1,6,6,1,44,7,125,1,0,HONDA WW125,8,E01014953,0,2
2024522403207,2024,522403207,1,3,0,18,19,6,2,0,0,8,0,0,0,0,1,1,6,6,1,25,5,125,1,0,HONDA WW125,3,E01014572,0,2
2024010530567,2024,010530567,2,3,0,15,15,2,6,0,0,1,0,0,0,0,1,1,6,6,2,19,4,125,1,6,HONDA WW125,10,E01030407,0,3
2024361431361,2024,361431361,2,3,0,-1,9,5,1,-1,0,5,0,0,0,0,3,1,-1,1,2,20,4,125,1,2,HONDA WW125,-1,-1,0,-1
2024010503497,2024,010503497,2,3,0,18,19,2,6,0,0,0,0,0,0,0,2,1,2,2,1,33,6,125,1,0,HONDA WW125,1,E01002038,0,2
2024430362042,2024,430362042,1,3,0,3,3,5,1,0,0,2,0,0,0,0,1,1,2,2,1,27,6,125,1,4,HONDA WW125,-1,-1,0,-1
2024010532896,2024,010532896,2,3,0,18,19,3,7,0,0,8,0,0,0,0,1,1,6,6,1,33,6,125,1,8,HONDA WW125,7,E01011252,0,5
2024010500767,2024,010500767,2,3,0,99,99,9,9,99,99,9,9,99,9,99,9,1,6,6,3,-1,-1,125,1,1,HONDA WW125,-1,-1,0,-1
2024430382853,2024,430382853,2,3,0,15,15,8,4,0,0,0,0,0,1,11,3,1,6,6,1,24,5,125,1,0,HONDA WW125,-1,-1,0,-1
2024010529129,2024,010529129,2,3,0,17,19,8,4,0,0,0,0,0,0,0,2,1,1,1,1,28,6,125,1,2,HONDA WW125,4,E01003733,0,2
2024010500916,2024,010500916,1,3,0,99,99,9,9,99,99,9,9,99,9,99,9,1,1,1,1,28,6,125,1,3,HONDA WW125,2,E01003592,0,1
2024010539981,2024,010539981,2,3,0,18,19,3,7,0,0,5,0,0,0,0,1,1,6,6,1,32,6,125,1,2,HONDA WW125,5,E01001275,0,2
2024471492699,2024,471492699,2,3,0,-1,19,6,2,-1,0,0,0,0,0,0,2,1,-1,9,1,31,6,125,1,0,HONDA WW125,1,E01016915,0,1
2024010510765,2024,010510765,1,3,0,99,99,9,9,99,99,9,9,99,9,99,9,1,6,6,3,28,6,125,1,7,HONDA WW125,4,E01030983,0,4
2024351504928,2024,351504928,1,3,0,-1,9,6,2,-1,0,5,0,0,0,0,1,1,-1,9,1,40,7,125,1,2,HONDA WW125,5,E01033120,0,1
2024010536986,2024,010536986,2,3,0,10,10,3,1,0,0,1,0,0,0,0,2,1,6,6,1,29,6,125,1,0,HONDA WW125,10,E01000666,0,1
2024010490785,2024,010490785,1,4,0,18,19,8,4,9,9,0,0,0,0,0,1,1,6,6,3,-1,-1,125,1,4,HONDA WW125,-1,-1,0,-1
2024522401448,2024,522401448,2,3,0,99,99,6,2,0,0,8,0,0,0,0,1,1,6,6,3,-1,-1,125,1,5,HONDA WW125,-1,-1,0,-1
2024471402193,2024,471402193,2,3,0,-1,19,7,4,-1,0,8,0,0,0,0,1,1,-1,6,1,29,6,125,1,2,HONDA WW125,3,E01031400,0,1
2024010525926,2024,010525926,2,4,0,99,99,9,9,99,99,9,9,99,9,99,4,1,6,6,3,-1,-1,125,1,2,HONDA WW125,-1,-1,0,-1
2024010499909,2024,010499909,1,3,0,99,99,9,9,99,99,9,9,99,9,99,9,1,1,1,3,38,7,125,1,1,HONDA WW125,3,E01001448,0,1
2024010507966,2024,010507966,1,3,0,15,15,4,8,0,0,2,0,0,0,0,3,1,6,6,1,34,6,125,1,1,HONDA WW125,-1,-1,0,-1
2024361537518,2024,361537518,1,3,0,-1,19,1,5,-1,0,0,0,4,0,0,1,1,-1,1,1,39,7,125,1,7,HONDA WW125,6,E01026722,0,2
2024010529539,2024,010529539,1,3,0,18,19,9,9,99,99,0,9,99,9,99,1,1,1,1,3,39,7,125,1,2,HONDA WW125,2,E01002067,0,3
2024451407816,2024,451407816,1,3,0,-1,19,5,1,-1,0,0,0,0,0,0,4,1,-1,9,2,31,6,125,1,8,HONDA WW125,7,E01030662,0,1
2024421489462,2024,421489462,2,3,0,-1,19,3,7,-1,0,0,0,0,0,0,1,1,-1,6,1,35,6,125,1,7,HONDA WW125,3,E01021859,0,2
2024010530604,2024,010530604,1,3,0,3,3,3,7,6,6,7,5,0,0,0,4,1,6,6,1,41,7,125,1,5,HONDA WW125,3,E01004290,0,1
2024421417695,2024,421417695,2,3,0,-1,19,5,3,-1,0,2,5,0,1,0,1,1,-1,6,1,32,6,125,1,1,HONDA WW125,8,E01015915,0,2
2024471523468,2024,471523468,2,3,0,-1,19,7,3,-1,0,0,0,0,0,0,4,1,-1,9,1,22,5,125,1,1,HONDA WW125,1,E01016867,0,1
2024531453535,2024,531453535,1,3,0,-1,19,3,7,-1,0,0,0,0,0,0,1,1,-1,1,1,27,6,125,1,3,HONDA WW125,-1,-1,0,-1
2024010525576,2024,010525576,1,3,0,99,99,9,9,99,99,9,9,99,9,99,9,1,1,1,1,41,7,125,1,2,HONDA WW125,5,E01000994,0,1
2024010542189,2024,010542189,2,3,0,99,99,9,9,99,99,9,9,99,9,99,1,1,6,6,3,-1,-1,125,1,3,HONDA WW125,-1,-1,0,-1
2024010521929,2024,010521929,1,3,0,18,19,3,7,9,9,0,0,0,0,0,1,1,6,6,1,23,5,125,1,0,HONDA WW125,-1,-1,0,-1
2024010514382,2024,010514382,1,3,0,99,99,9,9,99,99,9,9,99,9,99,1,1,1,1,1,38,7,125,1,3,HONDA WW125,5,E01001157,0,1
2024522403193,2024,522403193,2,3,0,18,19,1,5,2,2,8,0,0,0,0,1,1,6,6,1,18,4,125,1,2,HONDA WW125,10,E01014964,0,2
2024411481402,2024,411481402,2,3,0,-1,3,2,6,-1,0,1,0,0,0,0,2,1,-1,2,1,22,5,125,1,2,HONDA WW125,4,E01023899,0,1
2024010544432,2024,010544432,2,3,0,18,19,8,4,0,0,0,1,0,0,0,1,1,1,1,1,27,6,125,1,0,HONDA WW125,6,E01000568,0,1
2024522500393,2024,522500393,2,3,0,18,19,2,6,0,0,0,0,0,0,0,1,1,6,6,3,-1,-1,125,1,1,HONDA WW125,-1,-1,0,-1
2024070755465,2024,070755465,1,4,0,-1,19,1,5,-1,0,1,0,10,3,11,1,1,-1,9,1,18,4,125,1,1,HONDA WW125,3,E01018548,0,1
2024010510973,2024,010510973,1,3,0,99,99,9,9,99,99,9,9,99,9,99,9,1,2,2,1,31,6,125,1,2,HONDA WW125,2,E01034198,0,3
2024010513244,2024,010513244,1,3,0,99,99,9,9,99,99,9,9,99,9,99,9,1,1,1,3,24,5,125,1,2,HONDA WW125,3,E01001503,0,1
2024010548130,2024,010548130,2,3,0,9,9,7,5,0,0,3,0,0,0,0,1,1,1,1,1,28,6,125,1,1,HONDA WW125,-1,-1,0,-1
2024010536008,2024,010536008,2,3,0,18,19,3,7,4,4,2,0,4,0,0,1,1,1,1,1,30,6,125,1,5,HONDA WW125,-1,-1,0,-1
2024451429269,2024,451429269,1,3,9,-1,3,4,8,-1,0,4,0,0,0,0,9,1,-1,9,2,50,8,125,1,2,HONDA WW125,6,E01030957,0,1
2024010539837,2024,010539837,1,3,0,14,14,1,5,0,0,2,0,0,0,0,1,1,1,1,1,31,6,125,1,5,HONDA WW125,4,E01003530,0,1
2024440026203,2024,440026203,1,3,0,18,19,7,3,0,0,1,0,0,0,0,3,1,6,6,1,37,7,125,1,8,HONDA WW125,3,E01032847,0,1
2024010525815,2024,010525815,1,3,0,99,99,9,9,99,99,1,9,99,9,99,9,1,6,6,1,37,7,125,1,5,HONDA WW125,3,E01002908,0,1
2024552400361,2024,552400361,2,3,0,18,19,2,6,0,0,8,0,0,0,0,1,1,6,6,1,22,5,125,1,5,HONDA WW125,5,E01015329,0,1
2024010513460,2024,010513460,1,3,0,99,99,9,9,99,99,9,9,99,9,99,1,9,2,2,1,24,5,125,1,5,HONDA WW125,2,E01001786,0,2
2024010539963,2024,010539963,2,3,0,9,9,1,7,0,0,8,2,0,0,0,1,1,1,1,2,18,4,125,1,4,HONDA WW125,2,E01003087,0,1
2024010508342,2024,010508342,1,3,0,99,99,9,9,99,99,9,9,99,9,99,1,1,1,1,3,22,5,125,1,6,HONDA WW125,2,E01002073,0,2
2024010506666,2024,010506666,1,3,0,99,99,9,9,99,99,1,9,8,9,99,1,1,1,1,1,24,5,125,1,2,HONDA WW125,3,E01002401,0,3
2024440034388,2024,440034388,1,3,0,14,14,7,3,0,0,1,0,0,0,0,4,1,2,2,1,22,5,125,1,1,HONDA WW125,7,E01022673,0,1
2024010499873,2024,010499873,1,3,0,99,99,9,9,99,99,9,9,99,9,99,1,1,1,1,1,38,7,125,1,3,HONDA WW125,8,E01002941,0,3
2024010547752,2024,010547752,1,3,0,99,99,9,9,99,99,9,9,99,9,99,1,1,1,1,1,53,8,125,1,1,HONDA WW125,10,E01023851,0,3
2024010499047,2024,010499047,1,3,9,99,99,9,9,99,99,1,9,99,9,99,9,1,1,1,3,31,6,125,1,6,HONDA WW125,5,E01016130,0,4
2024461525831,2024,461525831,2,3,0,-1,19,3,7,-1,0,8,0,0,8,0,1,1,-1,6,1,35,6,125,1,0,HONDA WW125,9,E01024269,0,1
2024010531893,2024,010531893,1,3,0,99,99,9,9,99,99,9,9,99,9,99,9,1,1,1,3,23,5,125,1,4,HONDA WW125,2,E01033455,0,1
2024010532882,2024,010532882,1,3,0,99,99,9,9,99,99,9,9,99,9,99,9,1,1,1,3,52,8,125,1,2,HONDA WW125,6,E01000705,0,1
2024010498200,2024,010498200,1,3,0,99,99,9,9,99,99,9,9,99,9,99,9,1,1,1,1,24,5,125,1,2,HONDA WW125,1,E01000643,0,1
2024411501119,2024,411501119,2,3,-1,-1,-1,-1,-1,-1,-1,0,-1,-1,-1,0,-1,1,-1,6,1,34,6,125,1,6,HONDA WW125,3,E01001434,0,4
2024010543647,2024,010543647,2,3,0,18,19,3,7,0,0,8,0,0,0,0,1,1,6,6,1,33,6,125,1,3,HONDA WW125,4,E01000546,0,1
2024522500408,2024,522500408,1,3,0,18,19,1,5,0,0,0,0,0,0,0,1,1,6,6,1,31,6,125,1,2,HONDA WW125,1,E01014655,0,1
2024010512118,2024,010512118,1,2,0,18,19,7,3,0,0,0,0,0,0,0,1,1,6,6,1,21,5,125,1,3,HONDA WW125,6,E01001159,0,2
2024471448277,2024,471448277,2,3,0,-1,19,7,3,-1,0,2,5,0,0,0,1,1,-1,1,1,31,6,125,1,11,HONDA WW125,1,E01016885,0,2
2024010540548,2024,010540548,2,3,0,10,10,3,1,0,0,1,0,0,0,0,3,1,1,1,1,35,6,125,1,2,HONDA WW125,3,E01001109,0,1
2024010513023,2024,010513023,1,3,0,99,99,9,9,99,99,9,9,99,9,99,9,1,1,1,1,22,5,125,1,4,HONDA WW125,3,E01002043,0,1
2024201406668,2024,201406668,2,4,0,-1,8,6,2,-1,0,1,0,0,0,0,2,1,-1,6,1,31,6,125,1,1,HONDA WW125,7,E01009530,0,1
2024010540757,2024,010540757,2,3,0,18,19,5,1,0,0,0,0,0,0,0,1,1,6,6,1,33,6,125,1,4,HONDA WW125,-1,-1,0,-1
2024010527328,2024,010527328,1,3,0,99,99,9,9,99,99,9,9,99,9,99,9,1,6,6,3,22,5,125,1,4,HONDA WW125,8,E01000569,0,1
2024361413703,2024,361413703,2,2,0,-1,3,1,5,-1,0,1,0,0,0,0,3,1,-1,6,1,21,5,125,1,0,HONDA WW125,6,E01026870,0,3
2024552401440,2024,552401440,1,3,0,18,19,8,4,0,0,8,0,0,0,0,1,1,6,6,1,34,6,125,1,1,HONDA WW125,4,E01034273,0,1
2024010533150,2024,010533150,1,3,0,18,19,1,5,0,0,0,0,11,0,0,1,1,6,6,2,26,6,125,1,0,HONDA WW125,-1,-1,0,-1
2024010530625,2024,010530625,1,3,0,99,99,9,9,99,99,9,9,99,9,99,1,1,1,1,1,37,7,125,1,3,HONDA WW125,6,E01002220,0,2
2024340WN3742,2024,340WN3742,2,3,0,-1,19,1,5,-1,0,1,0,0,0,0,3,1,-1,1,1,29,6,125,1,7,HONDA WW125,4,E01027238,0,1
2024010499707,2024,010499707,1,3,0,14,14,9,9,99,99,0,9,99,9,99,9,1,2,2,1,20,4,125,1,1,HONDA WW125,2,E01004535,0,1
2024010499401,2024,010499401,2,3,0,99,99,9,9,99,99,9,9,99,9,99,9,9,6,6,3,-1,-1,125,1,4,HONDA WW125,-1,-1,0,-1
2024010495370,2024,010495370,1,3,0,13,13,3,7,0,0,1,1,0,7,0,4,1,6,6,1,25,5,125,1,5,HONDA WW125,3,E01004397,0,1
2024522401553,2024,522401553,1,3,0,18,19,9,9,0,0,8,0,0,0,0,1,1,6,6,1,52,8,125,1,2,HONDA WW125,1,E01014654,0,1
2024010518044,2024,010518044,1,3,0,18,19,3,7,0,0,1,0,0,0,0,4,1,6,6,2,33,6,125,1,2,HONDA WW125,4,E01000518,0,1
2024411499341,2024,411499341,1,3,0,-1,4,7,3,-1,0,1,0,0,0,0,1,1,-1,6,1,34,6,125,1,1,HONDA WW125,5,E01035577,0,1
2024010504829,2024,010504829,1,4,0,5,5,3,7,0,0,8,0,0,0,0,1,1,2,2,1,26,6,125,1,1,HONDA WW125,6,E01000575,0,2
2024010526103,2024,010526103,1,3,0,18,19,3,7,0,0,0,0,0,0,0,1,1,6,6,1,31,6,125,1,7,HONDA WW125,3,E01003523,0,1
2024010525635,2024,010525635,2,3,0,18,19,3,7,0,0,8,0,0,0,0,1,1,1,1,1,24,5,125,1,7,HONDA WW125,-1,-1,0,-1
2024471454007,2024,471454007,1,3,0,-1,19,7,3,-1,0,0,0,0,0,0,1,1,-1,2,1,40,7,125,1,5,HONDA WW125,3,E01016922,0,1
2024010498219,2024,010498219,1,3,0,99,99,9,9,99,99,9,9,99,9,99,9,1,2,2,3,35,6,125,1,4,HONDA WW125,4,E01003372,0,1
2024010497569,2024,010497569,1,3,0,18,19,2,6,0,0,8,0,0,0,0,0,1,6,6,2,30,6,125,1,3,HONDA WW125,7,E01023576,0,1
2024010546231,2024,010546231,1,3,0,18,19,6,2,0,0,1,0,0,0,0,4,1,1,1,1,33,6,125,1,1,HONDA WW125,4,E01000610,0,1
2024010526056,2024,010526056,1,3,0,3,3,9,9,99,99,9,9,99,9,99,9,1,1,1,1,28,6,125,1,0,HONDA WW125,4,E01004572,0,1
2024010512215,2024,010512215,2,3,0,18,19,5,1,0,0,2,0,0,0,0,2,1,6,6,1,26,6,125,1,5,HONDA WW125,-1,-1,0,-1
2024430454533,2024,430454533,2,3,0,4,4,8,4,0,0,0,1,0,0,0,2,1,1,1,1,28,6,125,1,0,HONDA WW125,6,E01028528,0,1
2024010506882,2024,010506882,1,3,9,99,99,9,9,99,99,9,9,99,9,99,1,1,1,1,1,40,7,125,1,10,HONDA WW125,2,E01002069,0,1
2024010499166,2024,010499166,1,3,0,99,99,9,9,99,99,0,9,99,9,99,9,1,2,2,1,38,7,125,1,9,HONDA WW125,5,E01003340,0,1
2024351406720,2024,351406720,2,3,0,-1,19,6,2,-1,0,1,0,0,0,0,1,1,-1,1,1,28,6,125,1,4,HONDA WW125,2,E01035538,0,1
2024010546810,2024,010546810,1,3,0,8,8,8,3,0,0,2,0,0,0,0,2,1,1,1,1,24,5,125,1,5,HONDA WW125,2,E01032580,0,1
2024211491637,2024,211491637,2,3,0,-1,4,8,4,-1,0,0,0,0,0,0,2,1,-1,1,1,34,6,125,1,10,HONDA WW125,1,E01010275,0,2
2024010518860,2024,010518860,1,3,0,4,4,1,5,0,0,1,0,0,0,0,3,1,6,6,1,26,6,125,1,2,HONDA WW125,2,E01001558,0,1
2024010534087,2024,010534087,1,3,0,18,19,7,3,0,0,0,0,0,0,0,1,1,6,6,1,24,5,125,1,1,HONDA WW125,8,E01016769,0,4
2024440207204,2024,440207204,1,3,0,7,7,4,6,0,0,1,0,0,0,0,3,1,2,2,1,29,6,125,1,1,HONDA WW125,6,E01023056,0,1