collision_index,collision_year,collision_ref_no,vehicle_reference,vehicle_type,towing_and_articulation,vehicle_manoeuvre_historic,vehicle_manoeuvre,vehicle_direction_from,vehicle_direction_to,vehicle_location_restricted_lane_historic,vehicle_location_restricted_lane,junction_location,skidding_and_overturning,hit_object_in_carriageway,vehicle_leaving_carriageway,hit_object_off_carriageway,first_point_of_impact,vehicle_left_hand_drive,journey_purpose_of_driver_historic,journey_purpose_of_driver,sex_of_driver,age_of_driver,age_band_of_driver,engine_capacity_cc,propulsion_code,age_of_vehicle,generic_make_model,driver_imd_decile,lsoa_of_driver,escooter_flag,driver_distance_banding
2024010541987,2024,010541987,1,3,0,5,5,6,2,0,0,1,1,0,0,0,0,1,1,1,1,26,6,125,1,12,HONDA WW125,6,E01001184,0,2
2024010507706,2024,010507706,1,3,9,99,99,9,9,99,99,9,9,99,9,99,1,1,6,6,1,23,5,125,1,2,HONDA WW125,5,E01001686,0,3
2024311443405,2024,311443405,1,3,0,-1,15,5,1,-1,0,0,0,0,0,0,1,1,-1,1,1,34,6,125,1,3,HONDA WW125,2,E01013933,0,1
2024010517041,2024,010517041,1,3,0,4,4,5,1,0,0,1,0,0,0,0,0,1,6,6,1,23,5,125,1,11,HONDA WW125,3,E01004435,0,1
2024010540423,2024,010540423,1,3,0,99,99,9,9,99,99,1,9,99,9,99,9,1,1,1,1,27,6,125,1,2,HONDA WW125,7,E01003738,0,1
2024522403114,2024,522403114,1,3,0,18,19,4,1,0,0,8,0,0,0,0,1,1,6,6,1,17,4,125,1,1,HONDA WW125,4,E01014645,0,1
2024522401736,2024,522401736,1,3,0,18,19,5,1,0,0,8,0,0,0,0,1,1,6,6,1,36,7,125,1,6,HONDA WW125,8,E01014554,0,1
2024010510087,2024,010510087,1,3,0,18,19,7,3,0,0,1,0,0,0,0,1,1,6,6,1,24,5,125,1,5,HONDA WW125,-1,-1,0,-1
2024010543194,2024,010543194,1,3,0,99,99,9,9,99,99,9,9,99,9,99,9,1,1,1,1,28,6,125,1,1,HONDA WW125,5,E01002118,0,2
2024010540175,2024,010540175,1,3,0,5,5,1,5,0,0,1,2,0,0,0,0,1,1,1,1,31,6,125,1,10,HONDA WW125,7,E01003395,0,1
2024010509366,2024,010509366,1,3,0,5,5,3,7,0,0,1,5,0,0,0,3,1,2,2,1,23,5,125,1,3,HONDA WW125,7,E01003820,0,3
2024451495813,2024,451495813,1,3,9,-1,19,7,3,-1,0,0,0,0,0,0,1,1,-1,6,1,36,7,125,1,2,HONDA WW125,2,E01001479,0,4
2024010540586,2024,010540586,1,3,0,18,19,5,1,0,0,1,0,0,0,0,3,1,6,6,1,22,5,125,1,8,HONDA WW125,6,E01000746,0,2
2024451516583,2024,451516583,2,3,0,-1,19,2,6,-1,0,8,0,0,0,0,4,1,-1,1,1,21,5,125,1,2,HONDA WW125,10,E01030404,0,1
2024010517565,2024,010517565,1,3,0,99,99,9,9,99,99,9,9,99,9,99,9,1,1,1,1,29,6,125,1,2,HONDA WW125,2,E01001559,0,3
2024471488443,2024,471488443,1,3,9,-1,3,5,1,-1,0,1,0,0,0,0,9,1,-1,9,1,54,8,125,1,1,HONDA WW125,2,E01031341,0,1
2024010537663,2024,010537663,1,3,0,99,99,9,9,99,99,9,9,99,9,99,9,1,2,2,1,51,8,125,1,2,HONDA WW125,2,E01002852,0,1
2024471411778,2024,471411778,2,3,0,-1,19,5,1,-1,0,0,0,4,0,0,1,1,-1,1,1,49,8,125,1,5,HONDA WW125,1,E01020979,0,1
2024421513355,2024,421513355,2,3,0,-1,19,6,3,-1,0,1,0,0,0,0,2,1,-1,2,1,28,6,125,1,2,HONDA WW125,6,E01021730,0,2
2024440090268,2024,440090268,1,3,0,3,3,3,7,0,0,1,0,0,0,0,1,1,6,6,1,35,6,125,1,2,HONDA WW125,4,E01022551,0,2
2024522401224,2024,522401224,2,3,0,13,13,2,6,0,0,1,0,0,0,0,1,1,6,6,1,19,4,125,1,5,HONDA WW125,2,E01014692,0,1
2024010515357,2024,010515357,1,3,0,99,99,9,9,99,99,9,9,99,9,99,1,1,1,1,2,34,6,125,1,6,HONDA WW125,8,E01000714,0,3
2024531488056,2024,531488056,1,3,0,-1,19,5,1,-1,0,0,0,0,0,0,1,1,-1,6,1,34,6,125,1,2,HONDA WW125,5,E01022148,0,1
2024522401940,2024,522401940,2,3,0,18,19,4,8,0,0,2,0,0,0,0,2,1,6,6,1,21,5,125,1,1,HONDA WW125,1,E01014594,0,1
2024010540473,2024,010540473,2,3,0,18,19,7,3,0,0,0,0,0,0,0,1,1,6,6,1,32,6,125,1,4,HONDA WW125,4,E01002267,0,2
2024010544962,2024,010544962,2,3,0,99,99,9,9,99,99,9,9,99,9,99,1,9,6,6,3,-1,-1,125,1,11,HONDA WW125,2,E01001339,0,1
2024010542344,2024,010542344,1,3,0,18,19,6,2,0,0,0,0,0,0,0,1,1,1,1,1,25,5,125,1,3,HONDA WW125,3,E01000055,0,3
2024421503906,2024,421503906,2,3,0,-1,19,2,6,-1,0,1,0,0,0,0,1,1,-1,1,1,27,6,125,1,7,HONDA WW125,7,E01002166,0,4
2024010550661,2024,010550661,1,3,0,18,19,5,1,0,0,8,0,0,0,0,4,1,1,1,1,29,6,125,1,0,HONDA WW125,8,E01000562,0,2
2024430496973,2024,430496973,1,4,0,18,19,8,4,0,0,8,0,0,0,0,1,1,1,1,1,26,6,125,1,12,HONDA WW125,8,E01016510,0,1
2024010500894,2024,010500894,1,3,0,99,99,9,9,99,99,9,9,99,9,99,9,1,1,1,1,37,7,125,1,5,HONDA WW125,3,E01003079,0,3
2024010529569,2024,010529569,1,3,0,99,99,9,9,0,0,9,0,99,9,0,9,1,6,6,1,26,6,125,1,5,HONDA WW125,3,E01000499,0,3
2024010546250,2024,010546250,1,3,9,3,3,9,9,99,99,0,9,99,9,99,2,1,1,1,1,31,6,125,1,0,HONDA WW125,4,E01000999,0,1
2024421421066,2024,421421066,1,3,0,-1,19,3,7,-1,0,1,0,0,0,0,1,1,-1,1,1,25,5,125,1,5,HONDA WW125,7,E01021801,0,1
2024010498102,2024,010498102,1,3,0,14,14,3,7,0,0,1,2,0,0,0,2,1,2,2,1,45,7,125,1,5,HONDA WW125,6,E01003359,0,2
2024010500497,2024,010500497,1,2,0,3,3,7,3,0,0,1,0,0,0,0,1,1,6,6,1,-1,-1,125,1,8,HONDA WW125,9,E01002191,0,3
2024010550468,2024,010550468,2,3,0,2,2,0,0,9,9,8,0,0,0,0,3,1,6,6,3,-1,-1,125,1,7,HONDA WW125,-1,-1,0,-1
2024461490145,2024,461490145,1,4,0,-1,5,1,5,-1,4,0,0,8,0,0,3,1,-1,9,1,20,4,125,1,6,HONDA WW125,2,E01024091,0,1
2024010503337,2024,010503337,2,4,0,18,19,1,5,0,0,1,0,0,0,0,1,1,6,6,1,24,5,125,1,2,HONDA WW125,2,E01001710,0,2
2024010499691,2024,010499691,1,3,0,99,99,9,9,99,99,9,9,99,9,99,9,1,1,1,1,23,5,125,1,10,HONDA WW125,4,E01000171,0,1
2024631436735,2024,631436735,1,3,0,-1,19,5,1,-1,0,0,0,0,1,10,3,1,-1,9,1,22,5,125,1,8,HONDA WW125,5,W01002002,0,1
2024010524561,2024,010524561,1,3,0,18,19,5,1,0,0,0,0,0,0,0,3,1,1,1,1,31,6,125,1,6,HONDA WW125,4,E01001009,0,2
2024010518428,2024,010518428,1,3,0,99,99,9,9,99,99,9,9,99,9,99,9,1,1,1,1,29,6,125,1,1,HONDA WW125,3,E01033913,0,1
2024522400817,2024,522400817,1,3,0,18,19,6,2,0,0,8,0,0,0,0,3,1,6,6,1,28,6,125,1,1,HONDA WW125,1,E01014654,0,1
2024010500941,2024,010500941,1,3,0,3,3,9,9,99,99,9,9,99,9,99,9,1,1,1,1,32,6,125,1,1,HONDA WW125,3,E01004251,0,1
2024010533989,2024,010533989,1,3,0,4,4,7,3,8,6,6,0,0,0,0,1,1,1,1,1,49,8,125,1,4,HONDA WW125,2,E01000042,0,1
2024010542909,2024,010542909,1,3,0,14,14,2,6,0,0,2,0,0,0,0,1,1,6,6,3,-1,-1,125,1,5,HONDA WW125,-1,-1,0,-1
2024010516691,2024,010516691,1,3,0,99,99,9,9,99,99,0,9,99,9,99,9,1,1,1,1,26,6,125,1,4,HONDA WW125,9,E01000455,0,1
2024522401849,2024,522401849,1,3,0,4,4,5,1,0,0,1,0,0,0,0,4,1,6,6,1,33,6,125,1,2,HONDA WW125,4,E01014632,0,1
2024010522775,2024,010522775,2,3,0,18,19,3,7,0,0,1,0,0,0,0,1,1,2,2,1,25,5,125,1,3,HONDA WW125,3,E01034202,0,3
2024471393733,2024,471393733,1,4,0,-1,19,3,7,-1,0,2,1,7,0,0,1,1,-1,1,1,39,7,125,1,4,HONDA WW125,3,E01016922,0,2
2024010499280,2024,010499280,1,3,0,99,99,9,9,99,99,9,9,99,9,99,9,1,1,1,1,29,6,125,1,5,HONDA WW125,4,E01000171,0,3
2024010527819,2024,010527819,3,4,0,4,4,5,1,0,0,1,0,0,0,0,2,1,1,1,1,31,6,125,1,2,HONDA WW125,8,E01002201,0,1
2024010527043,2024,010527043,2,3,0,9,9,1,8,0,0,1,0,0,0,0,4,1,2,2,1,37,7,125,1,1,HONDA WW125,3,E01001830,0,1
2024201494767,2024,201494767,2,3,0,-1,19,8,4,-1,0,8,0,0,0,0,3,1,-1,2,1,23,5,125,1,9,HONDA WW125,1,E01009354,0,1
2024010530043,2024,010530043,1,3,0,5,5,3,7,0,0,0,0,0,0,0,1,1,2,2,1,25,5,125,1,7,HONDA WW125,3,E01003627,0,2
2024010513842,2024,010513842,1,3,0,18,19,3,7,0,0,1,0,0,0,0,0,1,6,6,1,25,5,125,1,6,HONDA WW125,2,E01000096,0,1
2024522401219,2024,522401219,2,3,0,15,15,6,2,4,4,8,0,0,0,0,1,1,6,6,1,30,6,125,1,2,HONDA WW125,10,E01014616,0,1
2024501432322,2024,501432322,2,3,0,-1,19,5,4,-1,0,1,0,0,0,0,1,1,-1,9,1,29,6,125,1,4,HONDA WW125,3,E01015052,0,1
2024010501092,2024,010501092,1,3,0,99,99,9,9,99,99,9,9,99,9,99,9,1,1,1,3,28,6,125,1,2,HONDA WW125,3,E01033100,0,2
2024010497999,2024,010497999,1,3,0,18,19,5,1,0,0,0,0,4,0,0,4,1,6,6,1,22,5,125,1,4,HONDA WW125,4,E01000639,0,1
2024010545504,2024,010545504,1,3,0,99,99,9,9,99,99,9,9,99,9,99,2,1,1,1,1,35,6,125,1,5,HONDA WW125,3,E01001089,0,2
2024411439802,2024,411439802,2,3,-1,-1,-1,-1,-1,-1,-1,0,-1,-1,-1,0,-1,1,-1,1,1,29,6,125,1,2,HONDA WW125,4,E01002231,0,2
2024522403437,2024,522403437,2,3,0,18,19,7,3,0,0,8,0,0,0,0,1,1,6,6,1,21,5,125,1,5,HONDA WW125,1,E01014653,0,1
2024451493827,2024,451493827,1,3,0,-1,3,6,2,-1,0,0,5,0,0,0,2,1,-1,1,1,45,7,125,1,2,HONDA WW125,8,E01030683,0,2
202460Q154990,2024,60Q154990,1,3,0,5,5,2,6,0,0,3,0,0,0,0,3,1,6,6,1,26,6,125,1,0,HONDA WW125,-1,-1,0,-1
2024010507420,2024,010507420,2,3,0,7,7,7,1,0,0,1,0,0,0,0,3,1,6,6,1,30,6,125,1,1,HONDA WW125,3,E01034204,0,2
2024052402021,2024,052402021,2,3,0,18,19,4,8,0,0,8,0,0,0,0,1,1,1,1,1,22,5,125,1,7,HONDA WW125,1,E01006728,0,1
2024522401353,2024,522401353,1,3,0,18,19,2,6,0,0,0,0,0,0,0,4,1,6,6,1,28,6,125,1,4,HONDA WW125,1,E01032515,0,2
2024010502976,2024,010502976,2,3,0,18,19,1,5,0,0,1,0,0,0,0,1,1,6,6,1,24,5,125,1,3,HONDA WW125,6,E01003948,0,1
2024010533692,2024,010533692,2,3,0,18,19,5,1,0,0,0,0,4,0,0,1,1,1,1,1,18,4,125,1,2,HONDA WW125,10,E01000186,0,2
2024010501582,2024,010501582,1,3,0,99,99,9,9,99,99,0,9,99,9,99,1,1,1,1,1,25,5,125,1,4,HONDA WW125,3,E01001244,0,1
2024010501098,2024,010501098,1,3,0,99,99,9,9,99,99,9,9,99,9,99,9,1,1,1,3,31,6,125,1,5,HONDA WW125,4,E01001618,0,3
2024010550323,2024,010550323,1,3,0,99,99,9,9,99,99,9,9,99,9,99,9,1,1,1,1,46,8,125,1,0,HONDA WW125,4,E01001359,0,1
2024522500165,2024,522500165,1,3,0,14,14,6,2,0,0,1,0,0,0,0,4,1,6,6,1,48,8,125,1,2,HONDA WW125,10,E01014944,0,1
2024010510225,2024,010510225,2,3,0,4,4,7,3,0,0,0,2,0,0,0,0,1,6,6,1,37,7,125,1,12,HONDA WW125,6,E01001277,0,1
2024010508364,2024,010508364,2,3,0,18,19,1,5,0,0,1,0,0,0,0,1,1,6,6,2,19,4,125,1,11,HONDA WW125,2,E01002073,0,2
2024010542107,2024,010542107,1,3,0,99,99,9,9,99,99,1,9,99,9,99,9,1,1,1,3,22,5,125,1,3,HONDA WW125,3,E01001981,0,2
2024411476411,2024,411476411,2,3,0,-1,3,6,2,-1,0,1,5,0,0,0,1,1,-1,1,1,26,6,125,1,1,HONDA WW125,9,E01033313,0,1
2024440014085,2024,440014085,2,3,0,18,19,2,6,0,0,0,0,0,0,0,1,1,2,2,1,31,6,125,1,8,HONDA WW125,1,E01017166,0,1
2024522402459,2024,522402459,1,3,0,17,19,4,1,0,0,8,0,0,0,0,3,1,6,6,1,29,6,125,1,4,HONDA WW125,9,E01014899,0,2
2024010510969,2024,010510969,1,3,0,99,99,9,9,99,99,9,9,99,9,99,9,1,1,1,1,41,7,125,1,2,HONDA WW125,5,E01000994,0,2
2024401432131,2024,401432131,2,3,0,-1,1,-1,-1,-1,-1,0,0,0,0,0,1,1,-1,9,1,31,6,125,1,0,HONDA WW125,5,E01034420,0,1
2024010543706,2024,010543706,1,3,0,99,99,9,9,99,99,9,9,99,9,99,1,1,1,1,1,37,7,125,1,5,HONDA WW125,7,E01003152,0,2
2024522400808,2024,522400808,1,3,0,15,15,6,2,0,0,0,0,0,0,0,3,1,6,6,1,19,4,125,1,5,HONDA WW125,7,E01014909,0,1
2024010540235,2024,010540235,2,3,0,18,19,7,3,0,0,1,0,0,0,0,1,1,6,6,1,28,6,125,1,4,HONDA WW125,8,E01003845,0,1
2024010504345,2024,010504345,1,3,0,99,99,9,9,99,99,9,9,99,9,99,2,1,1,1,3,28,6,125,1,0,HONDA WW125,5,E01002167,0,1
2024010544488,2024,010544488,2,3,0,18,19,5,1,0,0,1,0,0,0,0,1,1,6,6,2,27,6,125,1,2,HONDA WW125,10,E01030386,0,1
2024430171810,2024,430171810,1,4,0,3,3,2,6,0,0,1,0,0,0,0,2,1,2,2,1,32,6,125,1,8,HONDA WW125,5,E01023828,0,3
2024010504838,2024,010504838,1,4,0,18,19,7,3,0,0,8,0,0,0,0,1,1,6,6,1,19,4,125,1,6,HONDA WW125,3,E01003533,0,1
2024461401107,2024,461401107,2,4,0,-1,19,-1,-1,-1,0,0,0,0,0,0,4,1,-1,1,2,25,5,125,1,5,HONDA WW125,4,E01024293,0,1
2024522402835,2024,522402835,1,3,0,18,19,6,2,0,0,8,0,0,0,0,3,1,6,6,1,22,5,125,1,3,HONDA WW125,4,E01014731,0,1
2024522401418,2024,522401418,2,3,0,18,19,3,7,0,0,0,0,0,0,0,2,1,6,6,1,34,6,125,1,3,HONDA WW125,8,E01014554,0,1
2024052401115,2024,052401115,1,4,0,18,19,1,5,0,0,6,1,0,0,0,1,1,2,2,1,48,8,125,1,3,HONDA WW125,6,E01015496,0,5
2024440067881,2024,440067881,2,3,0,18,19,8,4,0,0,0,0,0,0,0,4,1,1,1,1,27,6,125,1,8,HONDA WW125,5,E01030786,0,2
2024471409808,2024,471409808,1,3,0,-1,19,2,6,-1,0,0,0,0,0,0,1,1,-1,1,1,30,6,125,1,7,HONDA WW125,2,E01020910,0,1
2024010506976,2024,010506976,1,3,0,99,99,9,9,99,99,9,9,99,9,99,9,1,1,1,1,30,6,125,1,7,HONDA WW125,6,E01003742,0,1
2024451492155,2024,451492155,1,3,0,-1,99,7,3,-1,0,0,0,0,0,0,1,1,-1,6,1,44,7,125,1,3,HONDA WW125,9,E01030453,0,1
2024010518242,2024,010518242,1,3,0,99,99,9,9,99,99,9,9,99,9,99,9,1,6,6,2,28,6,125,1,1,HONDA WW125,5,E01003142,0,3
2024010506876,2024,010506876,1,3,0,99,99,9,9,99,99,9,9,99,9,99,9,1,1,1,1,26,6,125,1,2,HONDA WW125,6,E01001387,0,1
2024010544778,2024,010544778,2,3,0,18,19,3,7,0,0,8,1,10,0,0,1,1,1,1,1,28,6,125,1,4,HONDA WW125,3,E01001728,0,3
2024522500171,2024,522500171,1,3,0,18,19,2,6,2,2,8,0,0,0,0,3,1,6,6,1,24,5,125,1,1,HONDA WW125,2,E01014977,0,1
2024010507982,2024,010507982,1,3,0,99,99,9,9,99,99,9,9,99,9,99,1,1,1,1,2,34,6,125,1,1,HONDA WW125,3,E01000141,0,3
2024010536731,2024,010536731,1,3,9,99,99,9,9,99,99,0,9,99,9,99,1,1,1,1,1,27,6,125,1,1,HONDA WW125,2,E01001152,0,1
2024552400476,2024,552400476,1,4,0,15,15,6,2,4,4,8,0,0,1,0,3,1,6,6,1,45,7,125,1,1,HONDA WW125,2,E01015367,0,1
2024010518259,2024,010518259,1,3,0,14,14,3,7,0,0,0,0,0,0,0,1,1,6,6,1,41,7,125,1,1,HONDA WW125,7,E01023335,0,2
2024010505873,2024,010505873,2,3,0,13,13,1,5,0,0,1,0,0,0,0,1,1,1,1,1,36,7,125,1,1,HONDA WW125,2,E01001427,0,1
2024010536664,2024,010536664,1,3,4,99,99,9,9,99,99,0,9,99,9,99,9,1,1,1,1,27,6,125,1,2,HONDA WW125,7,E01030708,0,3
2024481472276,2024,481472276,1,3,0,-1,19,7,3,-1,0,8,0,0,0,0,1,1,-1,1,1,41,7,125,1,2,HONDA WW125,-1,-1,0,-1
2024461514974,2024,461514974,1,3,0,-1,7,1,3,-1,0,4,2,0,0,0,4,1,-1,6,1,23,5,125,1,10,HONDA WW125,-1,-1,0,-1
2024010534407,2024,010534407,1,3,0,99,99,9,9,99,99,8,9,99,9,99,1,1,1,1,3,38,7,125,1,3,HONDA WW125,5,E01001146,0,2
2024010541079,2024,010541079,2,3,0,99,99,9,9,99,99,1,9,99,9,99,9,1,6,6,3,26,6,125,1,1,HONDA WW125,7,E01002127,0,3
2024010507059,2024,010507059,1,3,0,99,99,9,9,99,99,9,9,99,9,99,1,1,1,1,3,35,6,125,1,1,HONDA WW125,6,E01015402,0,5
2024010536882,2024,010536882,1,3,0,18,19,5,1,9,9,8,5,0,0,0,1,1,6,6,1,19,4,125,1,6,HONDA WW125,7,E01002204,0,3
2024010509289,2024,010509289,2,3,0,99,99,9,9,99,99,9,9,99,9,99,1,9,6,6,3,-1,-1,125,1,2,HONDA WW125,4,E01003014,0,1
2024471447550,2024,471447550,2,3,0,-1,19,7,3,-1,0,8,5,0,0,0,1,1,-1,1,1,34,6,125,1,1,HONDA WW125,6,E01035326,0,1
2024010526452,2024,010526452,1,3,0,99,99,9,9,99,99,9,9,99,9,99,1,1,2,2,1,29,6,125,1,1,HONDA WW125,6,E01034595,0,1
2024311480998,2024,311480998,1,3,0,-1,19,5,1,-1,0,8,5,0,0,0,4,1,-1,6,1,53,8,125,1,1,HONDA WW125,4,E01028038,0,3
2024010541864,2024,010541864,2,3,0,18,19,1,5,0,0,0,0,0,0,0,1,1,6,6,1,27,6,125,1,5,HONDA WW125,5,E01001859,0,2
2024010499314,2024,010499314,1,3,0,99,99,9,9,99,99,9,9,99,9,99,9,1,1,1,1,24,5,125,1,4,HONDA WW125,2,E01004570,0,3
2024010500791,2024,010500791,1,3,0,99,99,9,9,99,99,9,9,8,9,99,0,1,1,1,3,23,5,125,1,1,HONDA WW125,4,E01000742,0,3
2024010526960,2024,010526960,1,2,0,5,5,7,3,0,0,1,0,0,0,0,0,1,1,1,1,46,8,125,1,7,HONDA WW125,3,E01032574,0,2
2024010507324,2024,010507324,1,3,0,3,3,3,7,0,0,1,0,0,0,0,2,1,1,1,1,39,7,125,1,2,HONDA WW125,-1,-1,0,-1
2024471536427,2024,471536427,1,3,0,-1,19,1,5,-1,9,1,0,0,7,0,1,1,-1,6,1,18,4,125,1,3,HONDA WW125,2,E01021137,0,2
2024522401638,2024,522401638,2,3,0,18,19,4,8,0,0,1,0,0,0,0,1,1,6,6,1,23,5,125,1,3,HONDA WW125,7,E01014900,0,2
2024552400529,2024,552400529,2,3,0,18,19,8,4,0,0,0,0,0,0,0,1,1,6,6,1,34,6,125,1,7,HONDA WW125,1,E01034276,0,2
2024201444633,2024,201444633,2,2,0,-1,19,5,1,-1,0,0,0,0,1,0,2,1,-1,1,2,-1,-1,125,1,5,HONDA WW125,1,E01008931,0,1
2024010547735,2024,010547735,1,3,0,18,19,1,5,0,0,1,0,0,0,0,1,1,6,6,1,26,6,125,1,3,HONDA WW125,2,E01001978,0,1
2024302400495,2024,302400495,1,3,0,13,13,5,1,0,0,0,0,0,0,0,4,1,6,6,1,17,4,125,1,2,HONDA WW125,7,E01006045,0,2
2024010513036,2024,010513036,1,3,0,99,99,9,9,99,99,9,9,99,9,99,9,1,6,6,1,46,8,125,1,1,HONDA WW125,7,E01002423,0,1
2024010533467,2024,010533467,1,3,0,3,3,9,9,99,99,9,9,99,9,99,2,1,1,1,3,26,6,125,1,1,HONDA WW125,2,E01000484,0,2
2024010531661,2024,010531661,1,3,0,18,19,1,5,0,0,4,0,0,0,0,1,1,1,1,1,33,6,125,1,6,HONDA WW125,3,E01004613,0,1
2024010504429,2024,010504429,2,3,0,99,99,9,9,99,99,9,9,99,9,99,9,1,6,6,3,28,6,125,1,1,HONDA WW125,4,E01002629,0,1
2024351543337,2024,351543337,2,3,-1,-1,5,-1,-1,-1,0,0,5,-1,-1,0,1,1,-1,2,1,31,6,125,1,4,HONDA WW125,1,E01015609,0,1
2024451445734,2024,451445734,1,3,0,-1,99,1,1,-1,99,0,2,0,0,0,4,1,-1,1,1,44,7,125,1,3,HONDA WW125,3,E01030676,0,1
2024531491517,2024,531491517,2,3,0,-1,19,8,4,-1,0,1,5,0,0,0,1,1,-1,9,1,38,7,125,1,1,HONDA WW125,4,E01022161,0,1
2024430192286,2024,430192286,1,3,0,6,6,3,3,0,0,8,0,0,0,0,1,1,6,6,1,28,6,125,1,0,HONDA WW125,6,E01028528,0,4
2024522500007,2024,522500007,2,3,0,99,99,6,8,0,0,0,0,0,0,0,1,1,1,1,1,-1,-1,125,1,0,HONDA WW125,-1,-1,0,-1
2024010517196,2024,010517196,1,3,0,15,15,7,3,0,0,1,0,0,0,0,3,1,2,2,1,25,5,125,1,6,HONDA WW125,3,E01001000,0,3
2024161473126,2024,161473126,1,3,0,-1,19,5,1,-1,0,0,1,0,0,0,3,1,-1,6,1,23,5,125,1,10,HONDA WW125,1,E01013278,0,1
2024010510690,2024,010510690,1,3,0,3,3,5,1,0,0,1,0,4,0,0,1,1,6,6,1,19,4,125,1,4,HONDA WW125,3,E01001368,0,1
2024010550993,2024,010550993,1,3,0,3,3,1,5,0,0,1,0,0,0,0,2,1,2,2,1,46,8,125,1,2,HONDA WW125,3,E01002623,0,1
2024010488845,2024,010488845,1,4,0,5,5,7,3,0,0,0,0,0,0,0,1,1,2,2,1,38,7,125,1,2,HONDA WW125,2,E01001249,0,1
2024010544108,2024,010544108,1,3,0,99,99,9,9,99,99,9,9,99,9,99,1,1,1,1,3,19,4,125,1,0,HONDA WW125,4,E01002044,0,2
2024430426176,2024,430426176,2,3,0,13,13,5,1,0,0,8,0,0,0,0,4,1,1,1,1,45,7,125,1,0,HONDA WW125,3,E01028519,0,2
2024010490011,2024,010490011,1,3,0,99,99,9,9,99,99,1,9,99,9,99,1,1,6,6,1,28,6,125,1,9,HONDA WW125,4,E01000621,0,2
2024991562345,2024,991562345,1,3,0,-1,13,3,6,-1,0,8,2,0,3,0,0,1,-1,2,1,59,9,125,1,6,HONDA WW125,-1,-1,0,-1
2024010520606,2024,010520606,1,3,0,99,99,9,9,99,99,9,9,99,9,99,1,1,2,2,1,48,8,125,1,2,HONDA WW125,3,E01001143,0,4
2024522401717,2024,522401717,1,3,0,18,19,2,6,0,0,0,0,0,0,0,1,1,6,6,1,37,7,125,1,1,HONDA WW125,-1,-1,0,-1
2024010499638,2024,010499638,2,3,0,9,9,3,1,0,0,2,0,0,0,0,3,1,6,6,1,22,5,125,1,10,HONDA WW125,5,E01000543,0,2
2024010505314,2024,010505314,1,3,0,17,19,1,5,0,0,0,1,0,0,0,0,1,6,6,1,27,6,125,1,0,HONDA WW125,4,E01003133,0,1
2024010499359,2024,010499359,1,3,0,18,19,3,7,0,0,1,1,0,0,0,0,1,6,6,1,39,7,125,1,7,HONDA WW125,4,E01034033,0,1
2024010525514,2024,010525514,1,3,0,99,99,9,9,99,99,9,9,99,9,99,9,1,1,1,3,22,5,125,1,2,HONDA WW125,3,E01000503,0,1
2024010541533,2024,010541533,1,3,0,99,99,9,9,99,99,9,9,99,9,99,2,1,1,1,1,36,7,125,1,6,HONDA WW125,3,E01003521,0,2
2024010497512,2024,010497512,1,4,0,18,19,1,5,0,0,1,0,4,0,0,1,1,6,6,1,27,6,125,1,2,HONDA WW125,7,E01003416,0,1
2024522403358,2024,522403358,1,3,0,4,4,1,3,0,0,8,0,0,0,0,2,1,6,6,1,22,5,125,1,2,HONDA WW125,7,E01014505,0,2
2024010522141,2024,010522141,2,3,0,4,4,3,7,0,0,3,0,0,0,0,2,1,6,6,1,25,5,125,1,3,HONDA WW125,-1,-1,0,-1
2024522403318,2024,522403318,1,3,0,18,19,5,1,0,0,1,1,0,0,0,1,1,6,6,1,35,6,125,1,1,HONDA WW125,1,E01014581,0,1
2024010516802,2024,010516802,2,3,0,18,19,3,7,0,0,0,0,0,0,0,1,1,6,6,1,22,5,125,1,6,HONDA WW125,6,E01002497,0,3
2024010535397,2024,010535397,2,3,0,18,19,5,1,0,0,8,0,0,0,0,1,1,1,1,1,35,6,125,1,2,HONDA WW125,2,E01001364,0,2
2024010516239,2024,010516239,1,3,0,99,99,9,9,99,99,9,9,99,9,99,9,1,6,6,1,33,6,125,1,1,HONDA WW125,5,E01004523,0,1