collision_index,collision_year,collision_ref_no,vehicle_reference,vehicle_type,towing_and_articulation,vehicle_manoeuvre_historic,vehicle_manoeuvre,vehicle_direction_from,vehicle_direction_to,vehicle_location_restricted_lane_historic,vehicle_location_restricted_lane,junction_location,skidding_and_overturning,hit_object_in_carriageway,vehicle_leaving_carriageway,hit_object_off_carriageway,first_point_of_impact,vehicle_left_hand_drive,journey_purpose_of_driver_historic,journey_purpose_of_driver,sex_of_driver,age_of_driver,age_band_of_driver,engine_capacity_cc,propulsion_code,age_of_vehicle,generic_make_model,driver_imd_decile,lsoa_of_driver,escooter_flag,driver_distance_banding
2024311416049,2024,311416049,1,3,0,-1,19,4,8,-1,0,1,5,0,8,0,1,1,-1,2,1,38,7,125,1,8,HONDA WW125,2,E01013945,0,1
2024010505693,2024,010505693,1,3,0,13,13,7,3,0,0,1,2,0,0,0,4,1,6,6,1,40,7,125,1,4,HONDA WW125,6,E01004447,0,3
2024552401500,2024,552401500,1,3,0,14,14,6,2,0,0,0,0,0,0,0,4,1,2,2,1,18,4,125,1,1,HONDA WW125,7,E01015368,0,1
202454C134924,2024,54C134924,1,3,0,18,19,7,3,0,0,0,0,0,0,0,1,1,6,6,1,47,8,125,1,3,HONDA WW125,7,E01015567,0,1
2024010514044,2024,010514044,1,3,0,99,99,9,9,99,99,9,9,99,9,99,9,1,6,6,1,38,7,125,1,7,HONDA WW125,3,E01001504,0,1
2024411396296,2024,411396296,2,3,-1,-1,-1,-1,-1,-1,-1,0,-1,-1,-1,0,-1,1,-1,6,2,23,5,125,1,11,HONDA WW125,4,E01023403,0,2
2024010499298,2024,010499298,1,3,0,99,99,9,9,99,99,9,9,99,9,99,9,1,1,1,1,18,4,125,1,11,HONDA WW125,4,E01000570,0,3
2024010508185,2024,010508185,2,3,0,18,19,5,1,2,2,8,0,0,0,0,4,1,6,6,1,19,4,125,1,2,HONDA WW125,1,E01001178,0,1
2024010535517,2024,010535517,1,3,0,99,99,9,9,99,99,9,9,99,9,99,2,1,2,2,1,30,6,125,1,0,HONDA WW125,5,E01033457,0,1
2024010540594,2024,010540594,1,3,0,99,99,9,9,99,99,9,9,99,9,99,9,1,6,6,1,26,6,125,1,13,HONDA WW125,4,E01003608,0,1
2024010532858,2024,010532858,2,3,0,14,14,8,4,0,0,1,0,0,0,0,1,1,1,1,1,28,6,125,1,1,HONDA WW125,3,E01002211,0,4
2024010523152,2024,010523152,1,3,0,18,19,9,9,99,99,6,9,99,9,99,9,1,6,6,3,20,4,125,1,1,HONDA WW125,8,E01000204,0,1
2024401462735,2024,401462735,3,3,0,-1,19,8,4,-1,0,8,0,0,0,0,1,1,-1,1,1,39,7,125,1,7,HONDA WW125,3,E01015795,0,1
2024010513252,2024,010513252,1,3,0,99,99,9,9,99,99,9,9,99,9,99,9,1,1,1,3,25,5,125,1,2,HONDA WW125,5,E01015494,0,5
2024010524437,2024,010524437,2,3,0,5,5,5,1,0,0,1,0,0,0,0,1,1,2,2,2,49,8,125,1,5,HONDA WW125,1,E01001813,0,2
2024010515174,2024,010515174,1,3,0,99,99,9,9,99,99,9,9,99,9,99,9,1,1,1,1,44,7,125,1,6,HONDA WW125,2,E01003066,0,1
2024010538823,2024,010538823,1,3,0,13,13,1,5,0,0,1,0,0,0,0,3,1,6,6,1,18,4,125,1,10,HONDA WW125,7,E01001313,0,1
2024010527652,2024,010527652,2,3,0,5,5,1,5,0,0,1,0,0,0,0,1,1,6,6,1,47,8,125,1,1,HONDA WW125,4,E01002101,0,1
2024010501623,2024,010501623,1,3,0,14,14,3,7,0,0,2,0,0,0,0,4,1,6,6,1,42,7,125,1,7,HONDA WW125,2,E01032575,0,2
2024010537452,2024,010537452,1,3,0,16,19,3,7,9,9,8,0,0,0,0,3,1,6,6,1,16,4,125,1,9,HONDA WW125,3,E01000137,0,1
2024201444762,2024,201444762,2,3,0,-1,13,2,6,-1,0,0,0,0,0,0,2,1,-1,9,1,21,5,125,1,2,HONDA WW125,4,E01034741,0,1
2024010511051,2024,010511051,1,3,9,99,99,9,9,99,99,9,9,99,9,99,9,1,2,2,1,28,6,125,1,5,HONDA WW125,2,E01034478,0,2
2024010513687,2024,010513687,1,3,0,99,99,9,9,99,99,9,9,99,9,99,9,1,6,6,1,34,6,125,1,6,HONDA WW125,7,E01001160,0,1
2024010499834,2024,010499834,1,3,0,18,19,6,2,0,0,2,0,0,0,0,1,1,6,6,1,22,5,125,1,13,HONDA WW125,5,E01003640,0,3
2024010528362,2024,010528362,1,3,0,18,19,3,7,0,0,1,0,0,0,0,4,1,6,6,1,23,5,125,1,3,HONDA WW125,4,E01001321,0,1
2024010505454,2024,010505454,1,3,0,99,99,9,9,99,99,9,9,99,9,99,9,1,6,6,1,30,6,125,1,1,HONDA WW125,3,E01000515,0,1
2024052401399,2024,052401399,2,2,0,18,19,5,1,0,0,0,0,0,0,0,3,1,1,1,1,29,6,125,1,7,HONDA WW125,1,E01006679,0,1
2024010499158,2024,010499158,1,3,0,99,99,9,9,99,99,9,9,99,9,99,9,1,6,6,1,32,6,125,1,5,HONDA WW125,2,E01001249,0,2
2024010523129,2024,010523129,2,3,0,99,99,9,9,99,99,9,9,99,9,99,9,1,1,1,1,27,6,125,1,4,HONDA WW125,5,E01003661,0,4
2024010497840,2024,010497840,1,3,0,99,99,9,9,99,99,9,9,99,9,99,9,1,2,2,3,-1,-1,125,1,1,HONDA WW125,2,E01033926,0,1
2024471453420,2024,471453420,1,3,0,-1,5,6,2,-1,0,8,0,0,0,0,1,1,-1,6,1,44,7,125,1,9,HONDA WW125,4,E01031599,0,1
2024010515658,2024,010515658,2,3,0,14,14,8,4,0,0,0,5,0,0,0,1,1,6,6,1,19,4,125,1,4,HONDA WW125,5,E01002440,0,2
2024010521127,2024,010521127,1,3,0,16,19,3,7,0,0,8,0,0,0,0,1,1,6,6,1,22,5,125,1,3,HONDA WW125,5,E01003862,0,2
2024010507093,2024,010507093,1,3,0,17,19,1,5,0,0,1,0,0,0,0,4,1,6,6,1,32,6,125,1,5,HONDA WW125,-1,-1,0,-1
2024010539914,2024,010539914,2,3,0,18,19,3,7,0,0,8,0,0,0,0,3,1,6,6,1,25,5,125,1,3,HONDA WW125,3,E01001488,0,1
2024010546435,2024,010546435,1,3,0,18,19,5,1,0,0,8,0,0,0,0,1,1,6,6,1,27,6,125,1,8,HONDA WW125,5,E01000606,0,2
2024461410463,2024,461410463,2,3,0,-1,19,8,4,-1,0,1,0,0,0,0,1,1,-1,6,1,24,5,125,1,10,HONDA WW125,7,E01024317,0,2
2024440223059,2024,440223059,1,3,0,3,3,5,1,0,0,1,0,0,0,0,2,1,2,2,1,30,6,125,1,4,HONDA WW125,3,E01017267,0,1
2024010492372,2024,010492372,1,3,0,99,99,9,9,99,99,9,9,99,9,99,1,1,6,6,3,57,9,125,1,10,HONDA WW125,4,E01003405,0,1
2024052400234,2024,052400234,2,3,0,18,19,6,2,0,0,1,0,0,0,0,4,1,6,6,1,31,6,125,1,9,HONDA WW125,1,E01006767,0,1
2024552401472,2024,552401472,2,3,0,18,19,2,6,0,0,8,0,0,0,0,0,1,2,2,1,36,7,125,1,8,HONDA WW125,4,E01034273,0,1
2024451468557,2024,451468557,2,3,0,-1,19,1,5,-1,0,0,1,0,0,0,1,1,-1,9,1,39,7,125,1,12,HONDA WW125,5,E01003449,0,2
2024010542992,2024,010542992,1,3,3,99,99,9,9,0,0,9,9,99,9,99,9,1,6,6,3,20,4,125,1,10,HONDA WW125,4,E01003146,0,1
2024010519664,2024,010519664,1,3,0,5,5,0,1,0,0,1,0,0,0,0,4,1,1,1,1,33,6,125,1,4,HONDA WW125,2,E01001558,0,1
2024010523497,2024,010523497,1,3,9,99,99,9,9,0,0,0,9,99,9,10,9,1,1,1,1,27,6,125,1,11,HONDA WW125,7,E01002260,0,1
2024010528129,2024,010528129,2,3,0,99,99,9,9,99,99,9,9,99,9,99,1,1,6,6,1,-1,-1,125,1,3,HONDA WW125,4,E01003150,0,3
2024010514667,2024,010514667,1,3,0,99,99,9,9,99,99,1,9,99,9,99,1,1,6,6,1,30,6,125,1,10,HONDA WW125,6,E01000265,0,2
2024010526696,2024,010526696,1,3,9,99,99,9,9,99,99,9,9,99,9,99,9,1,1,1,1,36,7,125,1,4,HONDA WW125,3,E01000510,0,2
2024302400973,2024,302400973,2,3,0,18,19,6,3,0,0,8,0,0,0,0,1,1,2,2,1,19,4,125,1,1,HONDA WW125,1,E01019799,0,1
2024010511436,2024,010511436,1,3,0,18,19,5,1,0,0,1,2,10,0,0,1,1,6,6,1,31,6,125,1,4,HONDA WW125,6,E01000851,0,1
2024010549108,2024,010549108,2,3,0,10,10,5,3,0,0,1,0,0,0,0,1,1,6,6,1,30,6,125,1,2,HONDA WW125,3,E01001175,0,1
2024010551520,2024,010551520,1,3,0,18,19,5,1,0,0,0,0,0,0,0,2,1,1,1,1,34,6,125,1,3,HONDA WW125,6,E01004049,0,1
2024351541658,2024,351541658,2,3,0,-1,19,7,3,-1,0,8,5,0,0,0,1,1,-1,6,1,29,6,125,1,0,HONDA WW125,6,E01017994,0,1
2024010521089,2024,010521089,1,3,3,6,6,1,1,0,0,0,0,0,0,0,1,1,2,2,1,42,7,125,1,8,HONDA WW125,4,E01000621,0,2
2024010538703,2024,010538703,1,3,9,99,99,9,9,99,99,9,9,99,9,99,2,9,6,6,1,21,5,125,1,5,HONDA WW125,3,E01002503,0,1
2024010523236,2024,010523236,2,3,0,4,4,1,5,0,0,0,0,0,0,0,2,1,1,1,1,31,6,125,1,4,HONDA WW125,-1,-1,0,-1
2024430555926,2024,430555926,2,3,0,18,19,8,4,0,0,0,0,0,0,0,2,1,1,1,1,50,8,125,1,0,HONDA WW125,8,E01028539,0,1
2024010518167,2024,010518167,1,3,0,99,99,9,9,99,99,9,9,99,9,99,9,1,2,2,1,32,6,125,1,6,HONDA WW125,1,E01002280,0,1
2024522500072,2024,522500072,1,3,0,9,9,4,2,0,0,1,0,0,0,0,1,1,6,6,1,36,7,125,1,2,HONDA WW125,3,E01014736,0,1
2024010544064,2024,010544064,1,3,0,18,19,7,3,0,0,0,0,0,1,0,0,1,1,1,1,19,4,125,1,12,HONDA WW125,5,E01002426,0,1
2024010537361,2024,010537361,1,3,0,99,99,9,9,99,99,9,9,99,9,99,9,1,1,1,1,47,8,125,1,5,HONDA WW125,6,E01004521,0,2
2024201539002,2024,201539002,1,4,0,-1,9,5,2,-1,0,5,0,0,0,0,1,1,-1,6,1,24,5,125,1,11,HONDA WW125,1,E01009396,0,1
2024451458525,2024,451458525,2,3,0,-1,2,1,3,-1,0,0,5,0,0,0,1,1,-1,6,1,21,5,125,1,2,HONDA WW125,-1,-1,0,-1
2024010550539,2024,010550539,2,3,0,18,19,1,5,0,0,4,0,0,0,0,1,1,6,6,1,36,7,125,1,4,HONDA WW125,6,E01004492,0,2
2024471403933,2024,471403933,2,3,0,-1,20,5,1,-1,-1,2,0,0,0,0,3,1,-1,6,1,40,7,125,1,3,HONDA WW125,8,E01031620,0,2
2024010534086,2024,010534086,2,3,0,18,19,1,5,0,0,0,0,0,0,0,1,1,1,1,1,29,6,125,1,1,HONDA WW125,7,E01001093,0,2
2024010499751,2024,010499751,1,3,0,99,99,9,9,99,99,9,9,99,9,99,9,1,2,2,2,40,7,125,1,7,HONDA WW125,3,E01032765,0,2
2024211445465,2024,211445465,2,3,0,-1,3,4,8,-1,0,1,0,0,0,0,2,1,-1,6,1,26,6,125,1,5,HONDA WW125,1,E01032898,0,1
2024010495956,2024,010495956,2,3,0,99,99,9,9,99,99,9,9,99,9,99,1,1,6,6,3,-1,-1,125,1,3,HONDA WW125,4,E01003767,0,1
2024421514318,2024,421514318,2,3,0,-1,19,7,3,-1,0,0,0,0,1,0,1,1,-1,1,1,28,6,125,1,3,HONDA WW125,2,E01033148,0,3
2024010501327,2024,010501327,1,3,0,99,99,9,9,99,99,1,9,99,9,99,9,1,3,7,3,35,6,125,1,1,HONDA WW125,6,E01003149,0,1
2024430321527,2024,430321527,2,3,0,18,19,1,5,0,0,8,0,0,0,0,1,1,6,6,2,30,6,125,1,1,HONDA WW125,5,E01016419,0,1
2024010497288,2024,010497288,2,3,0,18,19,7,3,0,0,8,5,0,0,0,1,1,1,1,1,24,5,125,1,7,HONDA WW125,3,E01004257,0,1
2024351462137,2024,351462137,2,3,0,-1,4,8,4,-1,0,1,0,0,0,0,4,1,-1,6,1,37,7,125,1,4,HONDA WW125,8,E01018206,0,2
2024010509055,2024,010509055,1,3,0,99,99,9,9,99,99,9,9,99,9,99,9,1,1,1,1,23,5,125,1,1,HONDA WW125,7,E01002887,0,1
2024010490600,2024,010490600,1,3,0,18,19,5,1,0,0,8,0,0,0,0,1,1,1,1,1,27,6,125,1,3,HONDA WW125,6,E01002358,0,1
2024010529200,2024,010529200,1,3,0,99,99,9,9,99,99,9,9,99,9,99,9,1,1,1,3,32,6,125,1,3,HONDA WW125,3,E01000642,0,1
2024010505067,2024,010505067,1,3,0,99,99,9,9,99,99,9,9,99,9,99,9,1,1,1,3,24,5,125,1,1,HONDA WW125,7,E01002203,0,2
2024010508947,2024,010508947,1,3,0,99,99,9,9,99,99,9,9,99,9,99,9,1,1,1,1,27,6,125,1,8,HONDA WW125,6,E01003411,0,2
2024552401132,2024,552401132,2,3,0,18,19,6,2,0,0,8,0,0,0,0,4,1,6,6,1,25,5,125,1,1,HONDA WW125,-1,-1,0,-1
2024552400296,2024,552400296,1,3,0,18,19,8,4,0,0,1,1,0,0,0,1,1,2,2,1,33,6,125,1,4,HONDA WW125,5,E01015375,0,1
2024451515000,2024,451515000,1,3,0,-1,19,1,5,-1,0,0,0,0,1,0,4,1,-1,2,1,32,6,125,1,8,HONDA WW125,5,E01030980,0,1
2024451430249,2024,451430249,2,3,0,-1,19,5,1,-1,0,0,0,0,0,0,1,1,-1,9,1,28,6,125,1,8,HONDA WW125,4,E01030481,0,1
2024010523353,2024,010523353,2,3,0,99,99,9,9,99,99,9,9,99,9,99,9,1,6,6,1,28,6,125,1,0,HONDA WW125,6,E01001964,0,1
2024010512408,2024,010512408,1,3,0,99,99,9,9,99,99,9,9,99,9,99,9,1,1,1,3,29,6,125,1,0,HONDA WW125,7,E01000517,0,1
2024522500118,2024,522500118,2,3,0,15,15,7,3,0,0,2,0,0,0,0,1,1,6,6,1,32,6,125,1,3,HONDA WW125,1,E01014589,0,1
2024010518079,2024,010518079,1,3,0,4,4,3,7,0,0,1,0,0,0,0,4,1,6,6,1,24,5,125,1,0,HONDA WW125,-1,-1,0,-1
2024010500857,2024,010500857,2,3,0,18,19,1,5,0,0,8,0,0,0,0,3,1,6,6,1,29,6,125,1,1,HONDA WW125,4,E01000617,0,1
2024010515312,2024,010515312,1,3,0,99,99,9,9,99,99,9,9,99,9,99,1,1,1,1,1,27,6,125,1,6,HONDA WW125,2,E01000075,0,3
2024411510434,2024,411510434,2,3,0,-1,-1,-1,-1,-1,-1,-1,-1,-1,-1,0,1,1,-1,2,1,22,5,125,1,0,HONDA WW125,7,E01023531,0,3
2024351550265,2024,351550265,2,3,0,-1,19,5,2,-1,2,1,0,0,0,0,4,1,-1,6,1,20,4,125,1,5,HONDA WW125,6,E01017997,0,1
2024010515621,2024,010515621,1,3,0,5,5,0,3,6,6,0,0,0,0,0,3,1,1,1,1,30,6,125,1,3,HONDA WW125,2,E01000106,0,1
2024010499088,2024,010499088,1,3,0,99,99,9,9,99,99,9,9,99,9,99,9,1,2,2,3,33,6,125,1,9,HONDA WW125,3,E01001981,0,2
2024010530770,2024,010530770,1,3,0,18,19,5,1,0,0,8,5,0,0,0,4,1,6,6,1,29,6,125,1,5,HONDA WW125,7,E01000683,0,1
2024010527321,2024,010527321,1,3,0,18,19,7,3,0,0,8,0,0,0,0,1,1,2,2,1,24,5,125,1,12,HONDA WW125,5,E01003766,0,1
2024010550055,2024,010550055,1,3,0,9,9,7,4,0,0,1,0,0,0,0,3,1,1,1,1,48,8,125,1,12,HONDA WW125,8,E01002898,0,1
2024010535962,2024,010535962,1,3,0,18,19,5,1,0,0,1,0,0,0,0,1,1,6,6,1,28,6,125,1,0,HONDA WW125,1,E01001178,0,3
2024201435251,2024,201435251,1,2,0,-1,13,6,2,-1,0,0,0,0,0,0,1,1,-1,9,1,21,5,125,1,8,HONDA WW125,8,E01029618,0,3
2024010505933,2024,010505933,1,3,0,18,19,5,1,0,0,1,0,0,0,0,1,1,6,6,1,24,5,125,1,7,HONDA WW125,5,E01002621,0,3
2024010504975,2024,010504975,1,3,0,99,99,9,9,99,99,9,9,99,9,99,1,1,1,1,1,46,8,125,1,2,HONDA WW125,5,E01002169,0,3
2024461430276,2024,461430276,2,3,0,-1,4,7,3,-1,0,4,0,0,0,0,2,1,-1,2,1,41,7,125,1,2,HONDA WW125,5,E01024179,0,1
2024011472301,2024,011472301,1,3,0,-1,19,1,5,-1,0,0,0,0,0,0,1,1,-1,6,1,27,6,125,1,1,HONDA WW125,-1,-1,0,-1
2024010523368,2024,010523368,1,3,0,18,19,9,9,99,99,0,9,99,9,99,1,1,1,1,1,24,5,125,1,7,HONDA WW125,3,E01003584,0,1
2024010546376,2024,010546376,1,3,0,99,99,9,9,99,99,9,9,99,9,99,9,1,1,1,1,32,6,125,1,5,HONDA WW125,2,E01001777,0,1
2024010549045,2024,010549045,1,3,0,99,99,9,9,99,99,9,9,99,9,99,1,1,1,1,1,30,6,125,1,8,HONDA WW125,5,E01003494,0,2
2024010513270,2024,010513270,1,3,0,99,99,9,9,99,99,9,9,99,9,99,1,1,6,6,1,42,7,125,1,7,HONDA WW125,6,E01003411,0,4
2024522402938,2024,522402938,1,3,0,3,3,3,7,0,0,0,0,0,0,0,1,1,6,6,1,35,6,125,1,5,HONDA WW125,1,E01014800,0,4
2024010528446,2024,010528446,1,3,0,18,19,5,1,0,0,8,0,0,0,0,4,1,6,6,1,55,8,125,1,5,HONDA WW125,5,E01000219,0,2
2024010508893,2024,010508893,1,3,0,18,19,7,3,0,0,2,2,0,0,0,1,1,6,6,1,44,7,125,1,6,HONDA WW125,2,E01024476,0,2
2024010503792,2024,010503792,2,3,0,15,15,2,6,0,0,1,0,8,0,0,1,1,1,1,1,37,7,125,1,3,HONDA WW125,6,E01000920,0,1
2024430316686,2024,430316686,2,3,0,18,19,4,8,0,0,1,0,0,0,0,1,1,2,2,3,27,6,125,1,0,HONDA WW125,9,E01028495,0,2
2024440118032,2024,440118032,1,3,0,3,3,7,3,0,0,1,0,0,0,0,2,1,2,2,2,33,6,125,1,6,HONDA WW125,1,E01017280,0,3
2024010544583,2024,010544583,1,3,0,99,99,9,9,99,99,9,9,99,9,99,9,1,1,1,1,-1,-1,125,1,2,HONDA WW125,7,E01002121,0,1
2024010546690,2024,010546690,1,4,0,18,19,1,5,0,0,1,0,0,0,0,1,1,2,2,1,32,6,125,1,3,HONDA WW125,4,E01000912,0,1
2024010498711,2024,010498711,1,3,0,7,7,7,1,0,0,1,0,0,0,0,1,1,2,2,1,23,5,125,1,1,HONDA WW125,4,E01004462,0,2
2024421471037,2024,421471037,1,3,0,-1,19,2,6,-1,9,0,0,0,0,0,1,1,-1,6,3,-1,-1,125,1,7,HONDA WW125,-1,-1,0,-1
2024430470450,2024,430470450,1,3,0,18,19,6,2,0,0,8,0,0,0,0,4,1,2,2,1,17,4,125,1,2,HONDA WW125,8,E01017836,0,1
2024522401810,2024,522401810,2,3,0,18,19,9,9,0,0,8,0,0,0,0,1,1,6,6,3,-1,-1,125,1,1,HONDA WW125,-1,-1,0,-1
2024010541050,2024,010541050,1,3,0,13,13,8,4,0,0,1,2,0,0,0,1,1,2,2,1,29,6,125,1,6,HONDA WW125,4,E01004378,0,1
2024361465167,2024,361465167,1,2,0,-1,13,6,2,-1,0,0,2,0,0,0,4,1,-1,2,1,22,5,125,1,0,HONDA WW125,6,E01026870,0,3
2024010544410,2024,010544410,2,3,0,18,19,3,7,0,0,8,0,0,0,0,1,1,6,6,1,37,7,125,1,9,HONDA WW125,5,E01002128,0,2
2024010500327,2024,010500327,1,3,0,99,99,9,9,99,99,9,9,99,9,99,1,1,2,2,2,41,7,125,1,9,HONDA WW125,8,E01023299,0,3
2024010515913,2024,010515913,2,3,0,15,15,5,1,2,2,6,0,0,0,0,3,1,2,2,2,36,7,125,1,4,HONDA WW125,6,E01003411,0,3
2024010521806,2024,010521806,1,3,9,3,3,9,9,99,99,9,9,99,9,99,2,1,1,1,1,45,7,125,1,5,HONDA WW125,2,E01002316,0,4
2024161525355,2024,161525355,1,4,0,-1,19,1,5,-1,0,0,2,0,1,0,1,1,-1,6,1,39,7,125,1,1,HONDA WW125,5,E01012991,0,3
2024211529319,2024,211529319,2,4,0,-1,13,4,8,-1,0,1,1,0,0,0,1,1,-1,9,1,30,6,125,1,13,HONDA WW125,1,E01014223,0,1
2024010532670,2024,010532670,1,3,0,14,14,7,3,0,0,1,2,0,0,0,1,1,2,2,1,47,8,125,1,13,HONDA WW125,4,E01030400,0,1
2024421472666,2024,421472666,1,3,0,-1,19,6,2,-1,0,0,2,0,0,0,3,1,-1,9,1,20,4,125,1,4,HONDA WW125,3,E01035157,0,1
2024461497186,2024,461497186,2,3,0,-1,19,7,7,-1,0,0,0,10,0,0,1,1,-1,1,1,25,5,125,1,2,HONDA WW125,3,E01016047,0,1
2024010500354,2024,010500354,1,3,9,99,99,9,9,99,99,2,9,99,9,99,1,1,1,1,3,28,6,125,1,1,HONDA WW125,2,E01033737,0,3
2024451527683,2024,451527683,2,3,-1,-1,-1,-1,-1,-1,-1,-1,-1,-1,-1,0,-1,1,-1,6,3,-1,-1,125,1,8,HONDA WW125,-1,-1,0,-1
2024010504110,2024,010504110,1,3,0,18,19,6,2,0,0,1,0,0,0,0,4,1,6,6,1,51,8,125,1,9,HONDA WW125,-1,-1,0,-1
2024010548283,2024,010548283,2,3,0,13,13,1,5,0,0,8,1,0,0,0,4,1,6,6,1,66,10,125,1,11,HONDA WW125,7,E01002424,0,1
2024010537340,2024,010537340,1,3,0,99,99,9,9,99,99,1,9,99,9,99,9,1,6,6,3,29,6,125,1,1,HONDA WW125,6,E01003781,0,1
2024010543386,2024,010543386,1,3,0,18,19,3,7,0,0,0,0,0,0,0,3,1,2,2,1,41,7,125,1,3,HONDA WW125,3,E01024169,0,3
2024010532282,2024,010532282,2,3,0,99,99,9,9,99,99,9,9,99,9,99,1,9,6,6,3,-1,-1,125,1,0,HONDA WW125,4,E01002130,0,2
2024010508577,2024,010508577,2,3,0,18,19,1,5,0,0,2,0,0,3,0,3,1,6,6,1,29,6,125,1,7,HONDA WW125,7,E01002176,0,3
2024010530137,2024,010530137,1,3,0,99,99,9,9,99,99,9,9,99,9,99,1,1,6,6,1,28,6,125,1,6,HONDA WW125,3,E01000553,0,1
2024010521526,2024,010521526,1,3,0,99,99,9,9,99,99,9,9,99,9,99,1,1,2,2,1,40,7,125,1,5,HONDA WW125,3,E01004350,0,3
2024522403249,2024,522403249,1,3,0,13,13,5,1,0,0,8,0,0,0,0,1,1,6,6,1,38,7,125,1,3,HONDA WW125,3,E01033352,0,1
2024010509452,2024,010509452,1,3,0,99,99,9,9,99,99,9,9,99,9,99,9,1,1,1,3,25,5,125,1,0,HONDA WW125,2,E01002041,0,3
2024430439689,2024,430439689,1,3,0,18,19,5,1,0,0,8,0,0,0,0,4,1,2,2,1,39,7,125,1,0,HONDA WW125,5,E01033838,0,1
2024440269987,2024,440269987,2,3,0,18,19,7,3,0,0,8,0,0,0,0,1,1,2,2,1,24,5,125,1,13,HONDA WW125,10,E01018116,0,5
2024471482430,2024,471482430,1,3,0,-1,3,3,7,-1,0,1,0,0,0,0,0,1,-1,9,1,27,6,125,1,6,HONDA WW125,9,E01031582,0,1
2024010500285,2024,010500285,2,3,0,5,5,3,7,0,0,8,0,0,0,0,3,1,1,1,1,31,6,125,1,1,HONDA WW125,5,E01000131,0,3
2024411405083,2024,411405083,2,3,0,-1,19,5,1,-1,0,1,0,0,0,0,1,1,-1,2,1,29,6,125,1,8,HONDA WW125,7,E01023832,0,3
2024010529533,2024,010529533,1,3,0,18,19,9,9,99,99,0,9,99,9,99,9,1,6,6,1,34,6,125,1,2,HONDA WW125,4,E01015178,0,5
2024201526559,2024,201526559,1,3,0,-1,19,4,8,-1,0,0,0,0,0,0,1,1,-1,1,1,40,7,125,1,1,HONDA WW125,1,E01009338,0,1
2024010511953,2024,010511953,1,3,0,2,2,0,0,0,0,0,0,0,0,0,2,1,6,6,3,-1,-1,125,1,1,HONDA WW125,-1,-1,0,-1
2024631468004,2024,631468004,2,2,0,-1,19,8,4,-1,0,8,0,0,0,0,1,1,-1,9,2,47,8,125,1,0,HONDA WW125,6,W01000679,0,4
2024010526678,2024,010526678,1,3,0,99,99,9,9,99,99,9,9,99,9,99,2,1,1,1,1,29,6,125,1,1,HONDA WW125,6,E01002200,0,3
2024010549540,2024,010549540,1,3,0,18,19,5,1,0,0,1,0,0,0,0,3,1,1,1,1,35,6,125,1,2,HONDA WW125,-1,-1,0,-1
2024451407455,2024,451407455,1,3,0,-1,19,1,5,-1,0,0,0,0,0,0,2,1,-1,6,1,66,10,125,1,4,HONDA WW125,10,E01030486,0,1
2024010509343,2024,010509343,3,3,0,18,19,7,3,0,0,1,0,0,0,0,1,1,2,2,1,18,4,125,1,5,HONDA WW125,6,E01000231,0,1
2024440560461,2024,440560461,1,3,0,18,19,8,4,0,0,1,0,0,0,0,1,1,2,2,1,31,6,125,1,2,HONDA WW125,3,E01017270,0,2
2024552401346,2024,552401346,1,4,0,14,14,6,2,0,0,0,0,0,0,0,1,1,6,6,3,-1,-1,125,1,5,HONDA WW125,-1,-1,0,-1
2024421408781,2024,421408781,2,3,0,-1,19,3,7,-1,0,4,0,0,0,0,2,1,-1,6,1,36,7,125,1,4,HONDA WW125,3,E01001448,0,4
2024010541734,2024,010541734,2,3,0,13,13,3,7,0,0,8,0,0,0,0,1,1,6,6,1,19,4,125,1,2,HONDA WW125,5,E01004522,0,1
2024361415599,2024,361415599,2,3,0,-1,19,4,8,-1,0,1,0,0,0,0,1,1,-1,2,2,19,4,125,1,2,HONDA WW125,9,E01026448,0,4
2024451523769,2024,451523769,2,3,0,-1,7,3,7,-1,0,1,0,0,0,0,4,1,-1,1,1,38,7,125,1,3,HONDA WW125,6,E01003840,0,2