collision_index,collision_year,collision_ref_no,vehicle_reference,vehicle_type,towing_and_articulation,vehicle_manoeuvre_historic,vehicle_manoeuvre,vehicle_direction_from,vehicle_direction_to,vehicle_location_restricted_lane_historic,vehicle_location_restricted_lane,junction_location,skidding_and_overturning,hit_object_in_carriageway,vehicle_leaving_carriageway,hit_object_off_carriageway,first_point_of_impact,vehicle_left_hand_drive,journey_purpose_of_driver_historic,journey_purpose_of_driver,sex_of_driver,age_of_driver,age_band_of_driver,engine_capacity_cc,propulsion_code,age_of_vehicle,generic_make_model,driver_imd_decile,lsoa_of_driver,escooter_flag,driver_distance_banding
2024010488842,2024,010488842,2,3,0,5,5,3,7,0,0,1,0,0,0,0,1,1,6,6,2,33,6,125,1,4,HONDA WW125,2,E01002075,0,1
2024010548770,2024,010548770,1,3,9,18,19,1,5,99,99,9,9,99,9,99,9,1,6,6,1,33,6,125,1,3,HONDA WW125,-1,-1,0,-1
2024010537608,2024,010537608,2,3,0,18,19,5,1,0,0,1,0,0,0,0,1,1,1,1,1,29,6,125,1,1,HONDA WW125,8,E01000563,0,2
2024010498502,2024,010498502,2,3,0,18,19,1,5,0,0,1,0,0,0,0,1,1,6,6,1,23,5,125,1,5,HONDA WW125,1,E01001178,0,3
2024010533953,2024,010533953,1,3,0,18,19,5,1,0,0,8,0,0,0,0,1,1,6,6,1,22,5,125,1,2,HONDA WW125,4,E01004538,0,1
2024010529896,2024,010529896,1,3,0,99,99,9,9,99,99,9,9,99,9,99,9,1,1,1,1,29,6,125,1,1,HONDA WW125,4,E01000611,0,1
2024010536998,2024,010536998,1,3,0,3,3,9,9,99,99,9,9,99,9,99,9,1,1,1,3,24,5,125,1,5,HONDA WW125,5,E01000747,0,3
2024010544767,2024,010544767,1,3,0,99,99,9,9,99,99,9,9,99,9,99,9,1,6,6,3,41,7,125,1,4,HONDA WW125,4,E01000472,0,2
2024010534250,2024,010534250,1,3,0,99,99,9,9,99,99,9,9,99,9,99,1,1,1,1,1,29,6,125,1,0,HONDA WW125,5,E01002184,0,2
2024522500011,2024,522500011,1,3,0,8,8,4,8,0,0,1,0,0,0,0,1,1,6,6,1,33,6,125,1,0,HONDA WW125,2,E01014692,0,1
2024010549263,2024,010549263,1,3,0,18,19,5,1,0,0,1,0,11,0,0,1,1,6,6,1,46,8,125,1,0,HONDA WW125,3,E01001757,0,3
2024430408492,2024,430408492,2,4,0,18,19,1,3,0,0,3,-1,0,0,0,4,1,6,6,2,30,6,125,1,1,HONDA WW125,10,E01016776,0,2
2024461494411,2024,461494411,2,4,0,-1,19,1,1,-1,0,0,0,0,0,0,3,1,-1,9,1,35,6,125,1,13,HONDA WW125,4,E01016143,0,1
2024010541172,2024,010541172,2,9,0,15,15,5,1,0,0,2,0,0,0,0,4,1,6,6,1,37,7,125,1,1,HONDA WW125,3,E01035665,0,1
2024010529357,2024,010529357,1,3,0,18,19,9,9,99,99,9,9,99,9,99,1,1,1,1,3,24,5,125,1,5,HONDA WW125,3,E01003183,0,1
2024010516710,2024,010516710,1,3,0,99,99,9,9,99,99,9,9,99,9,99,9,1,2,2,1,28,6,125,1,2,HONDA WW125,8,E01016576,0,3
2024010542166,2024,010542166,2,3,0,9,9,3,8,0,0,5,0,0,0,0,1,1,6,6,1,26,6,125,1,0,HONDA WW125,3,E01001362,0,2
2024501492555,2024,501492555,2,2,0,-1,19,3,7,-1,0,1,1,0,0,0,1,1,-1,9,1,46,8,125,1,9,HONDA WW125,2,E01019034,0,1
2024010521070,2024,010521070,1,3,0,18,19,4,8,0,0,1,2,0,0,0,1,1,6,6,1,32,6,125,1,8,HONDA WW125,3,E01000640,0,1
2024010527364,2024,010527364,1,3,0,99,99,9,9,99,99,9,9,99,9,99,9,1,2,2,1,25,5,125,1,5,HONDA WW125,3,E01001203,0,1
2024101428785,2024,101428785,1,2,0,-1,7,7,3,-1,9,0,0,0,7,0,1,1,-1,9,1,18,4,125,1,11,HONDA WW125,9,E01020612,0,1
2024010511480,2024,010511480,1,3,0,18,19,1,5,0,0,8,0,0,0,0,2,1,1,1,1,45,7,125,1,9,HONDA WW125,1,E01000221,0,1
2024461438954,2024,461438954,2,3,0,-1,19,1,5,-1,0,1,0,0,0,0,1,1,-1,6,1,20,4,125,1,11,HONDA WW125,3,E01016047,0,1
2024101413511,2024,101413511,2,3,0,-1,19,7,3,-1,0,1,0,0,0,0,4,1,-1,9,1,22,5,125,1,2,HONDA WW125,5,E01008766,0,1
2024010539951,2024,010539951,1,3,0,7,7,2,3,9,9,0,0,0,0,0,1,1,6,6,1,16,4,125,1,6,HONDA WW125,2,E01002054,0,1
2024440351322,2024,440351322,2,4,0,9,9,6,2,0,0,8,1,0,0,0,3,1,6,6,1,35,6,125,1,2,HONDA WW125,4,E01017339,0,1
2024010511091,2024,010511091,2,2,0,4,4,3,7,0,0,1,0,0,0,0,2,1,6,6,1,26,6,125,1,3,HONDA WW125,7,E01003427,0,1
2024522401672,2024,522401672,2,3,0,7,7,6,8,0,0,5,0,0,0,0,1,1,6,6,1,24,5,125,1,2,HONDA WW125,4,E01014904,0,2
2024430330329,2024,430330329,2,3,0,18,19,9,9,0,0,0,0,0,0,0,4,1,1,1,1,21,5,125,1,3,HONDA WW125,10,E01028740,0,1
2024010533928,2024,010533928,1,3,0,99,99,9,9,99,99,9,9,99,9,99,1,1,1,1,3,31,6,125,1,1,HONDA WW125,4,E01002231,0,2
2024101521273,2024,101521273,2,3,0,-1,4,5,6,-1,0,1,0,0,0,0,2,1,-1,9,1,19,4,125,1,0,HONDA WW125,-1,-1,0,-1
2024371427248,2024,371427248,1,4,0,-1,14,3,3,-1,0,0,0,0,7,0,3,1,-1,1,1,41,7,125,1,5,HONDA WW125,5,E01029953,0,1
2024010536644,2024,010536644,1,3,0,99,99,9,9,99,99,9,9,99,9,99,9,1,1,1,3,28,6,125,1,3,HONDA WW125,3,E01002084,0,2
2024201477775,2024,201477775,2,3,0,-1,19,2,6,-1,0,8,0,0,0,0,2,1,-1,6,1,30,6,125,1,2,HONDA WW125,1,E01009007,0,1
2024430365663,2024,430365663,1,3,0,18,19,8,4,0,0,8,0,0,0,0,9,1,1,1,1,25,5,125,1,0,HONDA WW125,8,E01017910,0,2
2024010505273,2024,010505273,1,3,0,99,99,9,9,99,99,9,9,99,9,99,9,1,1,1,1,25,5,125,1,1,HONDA WW125,4,E01004571,0,2
2024552401243,2024,552401243,2,3,0,3,3,6,2,0,0,0,0,0,0,0,2,1,1,1,1,31,6,125,1,9,HONDA WW125,1,E01034275,0,2
2024010506649,2024,010506649,1,3,0,99,99,9,9,99,99,0,9,99,9,99,9,1,1,1,1,30,6,125,1,2,HONDA WW125,2,E01034198,0,3
2024451481080,2024,451481080,1,3,0,-1,19,5,1,-1,0,0,5,0,0,0,1,1,-1,2,1,26,6,125,1,2,HONDA WW125,4,E01030793,0,1
2024010540300,2024,010540300,1,3,0,99,99,9,9,99,99,9,9,99,9,99,1,1,1,1,1,37,7,125,1,1,HONDA WW125,5,E01000476,0,1
2024010540859,2024,010540859,1,3,0,99,99,9,9,99,99,9,9,99,9,99,9,1,6,6,1,27,6,125,1,2,HONDA WW125,5,E01034599,0,1
2024010500719,2024,010500719,1,3,0,99,99,9,9,99,99,9,9,99,9,99,9,1,1,1,1,21,5,125,1,2,HONDA WW125,3,E01003120,0,4
2024010504144,2024,010504144,1,3,0,13,13,3,7,0,0,1,0,0,0,0,1,1,6,6,1,21,5,125,1,1,HONDA WW125,3,E01002572,0,1
2024522401996,2024,522401996,1,3,0,18,19,1,5,0,0,8,0,0,0,0,1,1,6,6,1,50,8,125,1,4,HONDA WW125,6,E01015008,0,2
2024552400121,2024,552400121,1,3,0,18,19,4,8,0,0,0,0,0,0,0,1,1,6,6,2,19,4,125,1,2,HONDA WW125,1,E01034275,0,2
2024010547904,2024,010547904,2,3,0,99,99,9,9,99,99,9,9,99,9,99,2,9,6,6,3,-1,-1,125,1,1,HONDA WW125,-1,-1,0,-1
2024401541137,2024,401541137,2,3,0,-1,19,6,2,-1,0,8,5,0,0,0,4,1,-1,9,1,26,6,125,1,9,HONDA WW125,2,E01015698,0,1
2024522401946,2024,522401946,2,3,0,14,14,1,5,0,0,8,0,0,0,0,1,1,6,6,2,29,6,125,1,3,HONDA WW125,4,E01014623,0,1
2024522402338,2024,522402338,1,3,0,18,19,1,5,2,2,2,0,0,0,0,1,1,6,6,3,-1,-1,125,1,1,HONDA WW125,-1,-1,0,-1
2024010531326,2024,010531326,1,3,0,99,99,9,9,99,99,9,9,99,9,99,0,1,1,1,3,18,4,125,1,10,HONDA WW125,3,E01001449,0,1
2024010551606,2024,010551606,1,3,0,99,99,9,9,99,99,2,9,99,9,99,9,1,1,1,1,43,7,125,1,7,HONDA WW125,3,E01003179,0,1
2024010550652,2024,010550652,1,3,0,99,99,9,9,99,99,9,9,99,9,99,1,1,1,1,1,24,5,125,1,7,HONDA WW125,6,E01002674,0,1
2024010508759,2024,010508759,1,3,0,3,3,3,7,0,0,2,0,0,0,0,1,1,1,1,1,36,7,125,1,4,HONDA WW125,3,E01000510,0,2
2024010545156,2024,010545156,1,3,0,99,99,9,9,99,99,9,9,99,9,99,1,1,2,2,2,42,7,125,1,0,HONDA WW125,2,E01003066,0,2
2024010506880,2024,010506880,1,3,0,3,3,3,7,99,99,9,9,99,9,99,2,1,6,6,1,35,6,125,1,9,HONDA WW125,4,E01003568,0,1
2024010524910,2024,010524910,2,3,0,99,99,9,9,99,99,0,9,99,9,99,9,1,2,2,1,29,6,125,1,4,HONDA WW125,2,E01003540,0,2
2024010542271,2024,010542271,1,3,0,99,99,9,9,99,99,9,9,99,9,99,1,1,1,1,1,38,7,125,1,1,HONDA WW125,9,E01002242,0,3
2024010510565,2024,010510565,1,3,0,99,99,9,9,99,99,9,9,99,9,99,1,1,1,1,1,24,5,125,1,3,HONDA WW125,2,E01001485,0,2
2024522402876,2024,522402876,1,3,0,18,19,6,2,0,0,8,0,0,0,0,1,1,6,6,1,27,6,125,1,4,HONDA WW125,10,E01014711,0,1
2024010504037,2024,010504037,1,3,0,99,99,9,9,99,99,9,9,99,9,99,1,1,1,1,1,23,5,125,1,3,HONDA WW125,3,E01001812,0,1
2024010543132,2024,010543132,2,3,0,9,9,1,7,0,0,1,0,0,0,0,3,1,6,6,1,40,7,125,1,2,HONDA WW125,8,E01003225,0,1
2024010543621,2024,010543621,1,3,0,18,19,7,3,0,0,0,0,0,0,0,1,1,1,1,1,28,6,125,1,6,HONDA WW125,3,E01034204,0,2
2024010496423,2024,010496423,2,3,0,99,99,9,9,99,99,9,9,99,9,99,1,9,6,6,3,-1,-1,125,1,3,HONDA WW125,-1,-1,0,-1
2024552400407,2024,552400407,2,3,0,18,19,3,7,0,0,8,0,0,0,0,1,1,6,6,1,18,4,125,1,1,HONDA WW125,7,E01015368,0,1
2024010547747,2024,010547747,1,3,0,7,7,1,3,0,0,8,2,10,0,0,4,1,1,1,1,28,6,125,1,1,HONDA WW125,2,E01004732,0,2
2024311493750,2024,311493750,1,4,0,-1,4,3,7,-1,0,0,0,0,0,0,2,1,-1,6,1,29,6,125,1,7,HONDA WW125,-1,-1,0,-1
2024010521039,2024,010521039,2,3,0,15,15,7,3,0,0,1,0,0,0,0,1,1,6,6,1,35,6,125,1,11,HONDA WW125,6,E01001217,0,1
2024010546141,2024,010546141,1,3,0,99,99,9,9,99,99,9,9,99,9,99,9,1,1,1,1,24,5,125,1,2,HONDA WW125,4,E01002663,0,1
2024010525868,2024,010525868,1,3,0,99,99,9,9,99,99,9,9,99,9,99,1,1,1,1,1,27,6,125,1,0,HONDA WW125,3,E01003564,0,4
2024010525386,2024,010525386,2,3,0,18,19,7,3,0,0,8,0,0,0,0,1,1,6,6,1,30,6,125,1,0,HONDA WW125,4,E01000633,0,1
2024010535384,2024,010535384,1,4,0,5,5,5,1,0,0,1,0,0,9,99,4,1,6,6,1,31,6,125,1,6,HONDA WW125,4,E01033746,0,1
2024010511464,2024,010511464,2,3,0,99,99,9,9,99,99,9,9,99,9,99,9,1,6,6,1,39,7,125,1,2,HONDA WW125,7,E01001313,0,2
2024010551040,2024,010551040,2,3,0,18,19,7,3,0,0,1,0,0,0,0,3,1,1,1,1,23,5,125,1,4,HONDA WW125,2,E01000021,0,1
2024010502181,2024,010502181,1,4,0,99,99,9,9,99,99,9,9,99,9,99,1,1,2,2,1,25,5,125,1,2,HONDA WW125,3,E01000503,0,1
2024010515883,2024,010515883,2,3,0,5,5,1,5,0,0,2,0,0,0,0,1,1,1,1,1,25,5,125,1,0,HONDA WW125,7,E01002203,0,2
2024010519040,2024,010519040,1,3,0,18,19,1,5,0,0,1,0,0,0,0,1,1,6,6,1,24,5,125,1,4,HONDA WW125,-1,-1,0,-1
2024010506879,2024,010506879,1,3,0,99,99,9,9,99,99,1,9,99,9,99,9,1,6,6,2,23,5,125,1,1,HONDA WW125,3,E01034139,0,2
2024010499835,2024,010499835,1,3,0,18,19,5,1,0,0,6,0,0,0,0,1,1,2,2,1,43,7,125,1,1,HONDA WW125,2,E01004214,0,2
2024371425422,2024,371425422,2,3,0,-1,19,8,5,-1,0,8,2,0,1,0,3,1,-1,1,2,44,7,125,1,1,HONDA WW125,5,E01030094,0,1
2024430536138,2024,430536138,2,3,0,18,19,3,7,0,0,8,0,0,0,0,1,1,1,1,1,40,7,125,1,9,HONDA WW125,4,E01016395,0,1
2024010545383,2024,010545383,1,3,0,18,19,1,5,0,0,8,0,0,0,0,1,1,1,1,1,46,8,125,1,8,HONDA WW125,3,E01034614,0,2
2024421501526,2024,421501526,2,3,0,-1,19,-1,-1,-1,0,1,-1,0,0,0,-1,1,-1,1,1,27,6,125,1,5,HONDA WW125,1,E01002036,0,4
2024010516943,2024,010516943,2,4,0,-1,-1,3,7,0,0,1,0,0,0,0,3,1,6,6,1,40,7,125,1,6,HONDA WW125,3,E01004010,0,1
2024471430215,2024,471430215,2,3,0,-1,19,4,8,-1,0,3,5,0,0,0,2,1,-1,2,1,55,8,125,1,3,HONDA WW125,6,E01031614,0,2
2024010514701,2024,010514701,1,3,0,18,19,2,6,0,0,1,0,0,0,0,1,1,6,6,1,16,4,125,1,11,HONDA WW125,6,E01002563,0,1
2024430214848,2024,430214848,2,3,0,18,19,1,5,0,0,0,0,0,0,0,1,1,6,6,1,24,5,125,1,2,HONDA WW125,-1,-1,0,-1
2024010508523,2024,010508523,1,3,0,99,99,9,9,99,99,9,9,99,9,99,1,1,2,2,1,26,6,125,1,2,HONDA WW125,3,E01003280,0,1
2024010540768,2024,010540768,1,3,0,18,19,3,7,0,0,1,0,0,0,0,1,1,1,1,1,33,6,125,1,0,HONDA WW125,5,E01000591,0,2
2024010534465,2024,010534465,2,3,0,4,4,1,5,0,0,1,0,0,0,0,2,1,2,2,1,21,5,125,1,1,HONDA WW125,4,E01001370,0,1
2024522401593,2024,522401593,1,3,0,3,3,5,1,0,0,0,0,0,0,0,2,1,6,6,1,35,6,125,1,1,HONDA WW125,6,E01015002,0,1
2024411466784,2024,411466784,1,3,0,-1,19,5,1,-1,0,8,0,11,0,0,1,1,-1,9,1,23,5,125,1,3,HONDA WW125,10,E01023379,0,1
2024201494678,2024,201494678,1,3,0,-1,19,2,6,-1,0,8,0,0,0,0,1,1,-1,6,1,30,6,125,1,7,HONDA WW125,2,E01034946,0,2
2024010535277,2024,010535277,1,3,0,99,99,9,9,99,99,9,9,99,9,99,1,1,1,1,1,39,7,125,1,2,HONDA WW125,2,E01032564,0,2
2024522402164,2024,522402164,2,3,0,13,13,6,2,0,0,8,0,0,0,0,1,1,6,6,1,53,8,125,1,2,HONDA WW125,1,E01014654,0,1
2024552401131,2024,552401131,2,3,0,18,19,2,6,0,0,8,0,0,0,0,1,1,6,6,1,33,6,125,1,3,HONDA WW125,2,E01015367,0,1
2024991477976,2024,991477976,2,3,0,-1,9,5,3,-1,0,1,0,0,0,0,2,1,-1,6,1,20,4,125,1,1,HONDA WW125,1,-1,0,1
2024010511804,2024,010511804,1,3,0,18,19,5,1,0,0,1,1,0,0,0,1,1,1,1,2,32,6,125,1,1,HONDA WW125,4,E01003122,0,1
2024361501708,2024,361501708,1,4,0,-1,12,4,3,-1,0,1,1,0,0,0,3,1,-1,9,1,39,7,125,1,7,HONDA WW125,6,E01026722,0,2
2024351469587,2024,351469587,2,3,0,-1,19,1,5,-1,0,8,0,99,7,0,4,1,-1,1,1,34,6,125,1,2,HONDA WW125,2,E01015599,0,1
2024010517854,2024,010517854,2,3,9,99,99,9,9,99,99,9,9,99,9,99,9,1,6,6,3,-1,-1,125,1,1,HONDA WW125,-1,-1,0,-1
2024010509384,2024,010509384,1,3,0,99,99,9,9,99,99,9,9,99,9,99,9,1,1,1,2,32,6,125,1,6,HONDA WW125,5,E01003147,0,1
2024010503711,2024,010503711,1,4,0,8,8,1,3,0,0,1,0,0,0,0,2,1,6,6,1,38,7,125,1,6,HONDA WW125,6,E01000140,0,2
2024010519814,2024,010519814,1,3,0,18,19,3,7,0,0,8,0,0,0,0,4,1,1,1,1,32,6,125,1,8,HONDA WW125,4,E01001497,0,1
2024010506990,2024,010506990,2,3,0,9,9,5,2,9,9,5,0,0,0,0,4,1,6,6,1,32,6,125,1,5,HONDA WW125,3,E01034140,0,2
2024440168479,2024,440168479,1,3,0,10,10,5,3,0,0,1,0,0,0,0,2,1,6,6,1,26,6,125,1,5,HONDA WW125,4,E01017071,0,1
2024010513501,2024,010513501,1,3,0,99,99,9,9,99,99,9,9,99,9,99,9,1,2,2,1,43,7,125,1,0,HONDA WW125,2,E01024091,0,4
2024522402925,2024,522402925,1,3,0,3,3,7,3,0,0,0,0,0,0,0,2,1,6,6,1,30,6,125,1,0,HONDA WW125,10,E01014875,0,2
2024471514991,2024,471514991,2,3,0,-1,19,4,1,-1,0,8,5,0,0,0,1,1,-1,1,1,24,5,125,1,1,HONDA WW125,2,E01020990,0,1
2024010535835,2024,010535835,1,3,0,99,99,9,9,99,99,9,9,99,9,99,1,1,1,1,3,26,6,125,1,3,HONDA WW125,5,E01002977,0,1
2024522401257,2024,522401257,2,3,0,18,19,8,4,2,2,0,0,4,0,0,1,1,1,1,1,31,6,125,1,2,HONDA WW125,3,E01014682,0,2
2024411539297,2024,411539297,2,3,-1,-1,-1,-1,-1,-1,-1,-1,-1,-1,-1,0,3,1,-1,6,1,27,6,125,1,3,HONDA WW125,9,E01023665,0,1
2024430150667,2024,430150667,1,3,0,18,19,4,8,0,0,8,0,0,0,0,1,1,2,2,1,33,6,125,1,5,HONDA WW125,4,E01014645,0,4
2024010503485,2024,010503485,2,3,0,18,19,1,5,0,0,1,0,0,0,0,1,1,6,6,3,-1,-1,125,1,6,HONDA WW125,-1,-1,0,-1
2024351507959,2024,351507959,2,3,0,-1,13,5,1,-1,0,0,5,0,0,0,1,1,-1,1,1,20,4,125,1,3,HONDA WW125,1,E01015658,0,1
2024201470420,2024,201470420,2,3,0,-1,7,2,4,-1,0,6,0,0,0,0,3,1,-1,9,1,25,5,125,1,3,HONDA WW125,1,E01034921,0,2
2024471486881,2024,471486881,2,3,0,-1,3,3,7,-1,0,0,0,0,0,0,3,1,-1,6,1,24,5,125,1,8,HONDA WW125,4,E01031585,0,1
2024522500441,2024,522500441,2,3,0,18,19,5,1,0,0,8,0,0,0,0,1,1,6,6,1,-1,-1,125,1,1,HONDA WW125,-1,-1,0,-1
2024010518457,2024,010518457,1,3,0,18,19,6,2,0,0,8,0,0,0,0,1,1,2,2,1,30,6,125,1,8,HONDA WW125,3,E01003583,0,1
2024471520031,2024,471520031,1,3,0,-1,4,3,7,-1,0,0,0,0,0,0,1,1,-1,1,1,37,7,125,1,5,HONDA WW125,9,E01031582,0,1
2024010524719,2024,010524719,1,3,0,99,99,9,9,99,99,9,9,99,9,99,9,1,2,2,1,32,6,125,1,1,HONDA WW125,3,E01001504,0,4
2024010517860,2024,010517860,2,3,0,99,99,9,9,99,99,9,9,99,9,99,9,1,6,6,1,31,6,125,1,2,HONDA WW125,6,E01000631,0,1
2024010533365,2024,010533365,2,4,0,18,19,5,1,0,0,2,0,0,0,0,1,1,6,6,1,35,6,125,1,7,HONDA WW125,3,E01000545,0,1
2024010510546,2024,010510546,1,3,0,99,99,9,9,99,99,9,9,99,9,99,9,1,1,1,3,33,6,125,1,7,HONDA WW125,6,E01004636,0,1
2024010545078,2024,010545078,1,3,0,18,19,5,1,9,9,9,2,99,9,99,9,1,1,1,3,-1,-1,125,1,12,HONDA WW125,-1,-1,0,-1
2024501439036,2024,501439036,1,3,0,-1,19,4,1,-1,0,8,1,0,0,0,0,1,-1,1,1,62,9,125,1,10,HONDA WW125,6,E01020187,0,1
2024010508355,2024,010508355,1,3,0,99,99,9,9,99,99,9,9,99,9,99,9,1,1,1,3,21,5,125,1,2,HONDA WW125,3,E01000553,0,1
2024461458530,2024,461458530,1,3,0,-1,19,7,3,-1,0,1,1,0,0,0,1,1,-1,6,1,28,6,125,1,2,HONDA WW125,3,E01024352,0,1
2024010516660,2024,010516660,1,3,9,99,99,9,9,99,99,9,9,99,9,99,9,1,6,6,3,27,6,125,1,1,HONDA WW125,2,E01001958,0,1
2024101412091,2024,101412091,1,3,0,-1,7,4,8,-1,0,1,0,0,0,0,3,1,-1,6,1,55,8,125,1,9,HONDA WW125,1,E01008438,0,1
2024010523507,2024,010523507,1,3,0,99,99,9,9,99,99,9,9,99,9,99,1,1,1,1,1,42,7,125,1,5,HONDA WW125,9,E01030646,0,4
2024010511112,2024,010511112,1,3,0,18,19,3,7,0,0,8,0,0,0,0,1,1,1,1,1,25,5,125,1,1,HONDA WW125,-1,-1,0,-1
2024131529619,2024,131529619,2,3,0,-1,-1,-1,-1,-1,-1,0,-1,-1,-1,-1,-1,1,-1,6,3,-1,-1,125,1,6,HONDA WW125,-1,-1,0,-1
2024010527987,2024,010527987,1,3,0,3,3,7,3,0,0,1,0,0,0,0,4,1,6,6,1,13,3,125,1,4,HONDA WW125,2,E01033875,0,1
2024430031901,2024,430031901,1,4,0,18,19,3,7,0,0,8,0,0,0,0,3,1,1,1,1,34,6,125,1,5,HONDA WW125,6,E01028523,0,1
2024471478970,2024,471478970,2,3,0,-1,5,1,3,-1,0,8,0,0,0,0,2,1,-1,2,1,32,6,125,1,2,HONDA WW125,1,E01016908,0,1
2024421432047,2024,421432047,1,3,0,-1,19,1,5,-1,0,0,0,0,0,0,1,1,-1,6,1,-1,-1,125,1,2,HONDA WW125,-1,-1,0,-1
2024010528087,2024,010528087,1,3,0,99,99,9,9,99,99,9,9,99,9,99,9,1,6,6,1,44,7,125,1,7,HONDA WW125,2,E01001161,0,1
2024461501934,2024,461501934,2,3,0,-1,19,5,1,-1,0,0,0,0,0,0,4,1,-1,1,1,27,6,125,1,3,HONDA WW125,7,E01024129,0,1
2024010510601,2024,010510601,1,3,0,3,3,9,9,99,99,0,9,99,9,99,1,1,1,1,1,32,6,125,1,5,HONDA WW125,6,E01002630,0,1
2024010515548,2024,010515548,2,3,0,13,13,6,2,0,0,1,1,0,0,0,1,1,6,6,1,17,4,125,1,5,HONDA WW125,2,E01001332,0,1
2024451533219,2024,451533219,2,3,0,-1,19,1,3,-1,0,8,0,0,0,0,1,1,-1,6,1,30,6,125,1,4,HONDA WW125,-1,-1,0,-1
2024622400456,2024,622400456,2,3,0,18,19,6,2,0,0,0,0,0,0,0,1,1,1,1,1,20,4,125,1,11,HONDA WW125,9,W01001122,0,1
2024201456103,2024,201456103,2,3,0,-1,19,3,7,-1,0,8,0,0,0,0,4,1,-1,2,1,25,5,125,1,2,HONDA WW125,1,E01009143,0,2
2024010522750,2024,010522750,2,3,0,99,99,9,9,99,99,9,9,99,9,99,2,1,6,6,3,-1,-1,125,1,2,HONDA WW125,-1,-1,0,-1
2024010518981,2024,010518981,1,3,0,9,9,7,4,0,0,8,1,0,0,0,4,1,2,2,1,26,6,125,1,7,HONDA WW125,3,E01000998,0,1
2024010539275,2024,010539275,2,3,0,99,99,9,9,99,99,9,9,99,9,99,9,1,1,1,1,29,6,125,1,1,HONDA WW125,7,E01002204,0,2
2024531510206,2024,531510206,2,3,0,-1,4,7,3,-1,0,0,0,0,0,0,2,1,-1,9,1,26,6,125,1,4,HONDA WW125,2,E01022289,0,1
2024010505976,2024,010505976,1,3,0,18,19,2,6,0,0,1,0,0,0,0,1,1,6,6,1,22,5,125,1,2,HONDA WW125,5,E01033457,0,2
2024522402110,2024,522402110,2,3,0,18,19,2,6,0,0,8,0,0,0,0,4,1,6,6,1,18,4,125,1,2,HONDA WW125,10,E01014615,0,1
2024522402729,2024,522402729,1,3,0,12,12,4,7,0,0,4,0,0,0,0,3,1,6,6,1,37,7,125,1,8,HONDA WW125,3,E01014601,0,1
2024421427750,2024,421427750,2,3,0,-1,4,5,1,-1,0,0,0,0,0,0,2,1,-1,6,1,33,6,125,1,7,HONDA WW125,8,E01021791,0,1
2024010503615,2024,010503615,1,3,0,13,13,5,1,0,0,8,0,10,0,0,3,1,6,6,1,28,6,125,1,5,HONDA WW125,-1,-1,0,-1
2024010520628,2024,010520628,1,3,0,18,19,6,2,0,0,1,0,0,0,0,1,1,6,6,1,24,5,125,1,0,HONDA WW125,3,E01001188,0,2
2024010543872,2024,010543872,1,3,0,5,5,3,7,0,0,1,0,0,0,0,4,1,1,1,1,28,6,125,1,0,HONDA WW125,1,E01001178,0,2
2024010525345,2024,010525345,1,3,0,18,19,1,5,0,0,1,0,0,0,0,1,1,6,6,1,30,6,125,1,5,HONDA WW125,8,E01004609,0,1
2024010500387,2024,010500387,2,3,0,18,19,7,3,0,0,1,0,0,0,0,3,1,1,1,1,44,7,125,1,3,HONDA WW125,2,E01033939,0,1
2024320015800,2024,320015800,2,4,0,7,7,2,5,0,0,3,0,0,0,0,3,1,-1,-1,1,22,5,125,1,1,HONDA WW125,4,E01026016,0,2
2024010544840,2024,010544840,1,3,0,18,19,1,5,9,9,8,0,0,0,0,1,1,6,6,1,29,6,125,1,7,HONDA WW125,3,E01001833,0,1
2024201439239,2024,201439239,1,3,0,-1,19,2,6,-1,0,4,0,0,0,0,1,1,-1,6,1,16,4,125,1,5,HONDA WW125,4,E01029820,0,4
2024010543021,2024,010543021,2,3,9,99,99,9,9,99,99,0,9,99,0,0,9,1,6,6,3,-1,-1,125,1,5,HONDA WW125,-1,-1,0,-1
2024010532803,2024,010532803,1,3,0,99,99,9,9,99,99,9,9,99,9,99,9,1,1,1,1,49,8,125,1,0,HONDA WW125,4,E01000570,0,2