collision_index,collision_year,collision_ref_no,vehicle_reference,vehicle_type,towing_and_articulation,vehicle_manoeuvre_historic,vehicle_manoeuvre,vehicle_direction_from,vehicle_direction_to,vehicle_location_restricted_lane_historic,vehicle_location_restricted_lane,junction_location,skidding_and_overturning,hit_object_in_carriageway,vehicle_leaving_carriageway,hit_object_off_carriageway,first_point_of_impact,vehicle_left_hand_drive,journey_purpose_of_driver_historic,journey_purpose_of_driver,sex_of_driver,age_of_driver,age_band_of_driver,engine_capacity_cc,propulsion_code,age_of_vehicle,generic_make_model,driver_imd_decile,lsoa_of_driver,escooter_flag,driver_distance_banding
2024010516852,2024,010516852,1,3,0,99,99,9,9,99,99,9,9,99,9,99,9,1,2,2,1,24,5,125,1,1,HONDA WW125,1,E01001442,0,1
2024451438691,2024,451438691,2,3,0,-1,19,2,6,-1,0,0,0,0,0,0,1,1,-1,6,1,30,6,125,1,0,HONDA WW125,-1,-1,0,-1
2024440419808,2024,440419808,2,3,0,4,4,8,4,0,0,0,0,0,0,0,1,1,6,6,1,40,7,125,1,10,HONDA WW125,-1,-1,0,-1
2024010546141,2024,010546141,2,3,0,99,99,9,9,99,99,9,9,99,9,99,9,1,6,6,3,-1,-1,125,1,3,HONDA WW125,-1,-1,0,-1
2024010504361,2024,010504361,1,3,9,99,99,9,9,99,99,9,9,99,9,99,9,1,6,6,3,51,8,125,1,2,HONDA WW125,2,E01001426,0,1
2024010540882,2024,010540882,1,3,0,99,99,9,9,99,99,9,9,99,9,99,1,1,6,6,1,25,5,125,1,0,HONDA WW125,3,E01000578,0,1
2024371465264,2024,371465264,2,3,0,-1,19,3,7,-1,0,0,5,11,0,0,1,1,-1,6,1,19,4,125,1,2,HONDA WW125,6,E01029907,0,1
2024010536438,2024,010536438,1,3,0,10,10,9,9,99,99,5,9,99,9,99,9,1,2,2,1,25,5,125,1,2,HONDA WW125,2,E01003087,0,1
2024010506413,2024,010506413,2,2,0,18,19,8,4,0,0,8,0,0,0,0,1,1,2,2,1,28,6,125,1,5,HONDA WW125,2,E01002073,0,2
2024010534701,2024,010534701,1,3,9,99,99,9,9,99,99,0,9,99,9,99,9,1,6,6,1,-1,-1,125,1,2,HONDA WW125,-1,-1,0,-1
2024010551724,2024,010551724,1,3,0,99,99,9,9,99,99,9,9,8,9,99,1,1,1,1,1,24,5,125,1,2,HONDA WW125,2,E01002356,0,1
2024010523816,2024,010523816,1,3,0,99,99,9,9,99,99,9,9,99,9,99,1,1,1,1,1,23,5,125,1,1,HONDA WW125,2,E01034148,0,1
2024010509289,2024,010509289,1,3,0,99,99,9,9,99,99,9,9,99,9,99,9,1,2,2,1,32,6,125,1,13,HONDA WW125,3,E01003099,0,1
2024010551749,2024,010551749,2,3,0,3,3,5,1,0,0,2,0,4,0,0,1,1,6,6,1,28,6,125,1,5,HONDA WW125,2,E01000223,0,2
2024010519819,2024,010519819,1,3,0,3,3,9,9,99,99,0,9,99,9,99,1,9,1,1,1,32,6,125,1,7,HONDA WW125,4,E01002647,0,2
2024010524797,2024,010524797,8,3,0,2,2,0,0,0,0,0,5,0,0,0,3,1,6,6,3,-1,-1,125,1,2,HONDA WW125,-1,-1,0,-1
2024451421169,2024,451421169,2,3,0,-1,11,8,6,-1,0,1,2,0,0,0,1,1,-1,6,1,29,6,125,1,3,HONDA WW125,10,E01030903,0,1
2024401428251,2024,401428251,1,3,0,-1,19,4,8,-1,0,0,0,0,0,0,1,1,-1,6,1,30,6,125,1,0,HONDA WW125,7,E01033431,0,1
2024010540256,2024,010540256,1,3,0,99,99,9,9,99,99,9,9,99,9,99,9,1,1,1,1,36,7,125,1,0,HONDA WW125,3,E01035678,0,1
2024010503612,2024,010503612,1,3,0,99,99,9,9,99,99,9,9,99,9,99,9,1,6,6,1,30,6,125,1,5,HONDA WW125,7,E01000324,0,1
2024010523185,2024,010523185,2,3,0,14,14,7,3,0,0,1,0,0,0,0,1,1,1,1,1,37,7,125,1,1,HONDA WW125,-1,-1,0,-1
2024010497753,2024,010497753,2,3,0,18,19,8,4,0,0,6,0,0,1,0,1,1,1,1,1,20,4,125,1,7,HONDA WW125,2,E01033327,0,1
2024010498618,2024,010498618,1,3,0,99,99,9,9,99,99,9,9,99,9,99,9,1,2,2,1,26,6,125,1,8,HONDA WW125,3,E01004260,0,2
2024052400627,2024,052400627,2,3,0,18,19,7,3,0,0,1,0,0,0,0,1,1,6,6,1,22,5,125,1,6,HONDA WW125,1,E01006764,0,2
2024010506217,2024,010506217,2,3,0,18,19,1,5,0,0,0,0,0,0,0,4,1,6,6,1,24,5,125,1,8,HONDA WW125,3,E01004231,0,1
2024522403334,2024,522403334,2,3,0,18,19,6,2,0,0,0,0,0,0,0,1,1,6,6,1,17,4,125,1,4,HONDA WW125,5,E01014732,0,1
2024010551210,2024,010551210,2,3,9,99,99,9,9,99,99,9,9,99,9,99,1,1,1,1,1,22,5,125,1,2,HONDA WW125,3,E01017709,0,4
2024522401164,2024,522401164,2,3,0,9,9,8,5,0,0,6,0,0,0,0,3,1,6,6,1,23,5,125,1,1,HONDA WW125,8,E01035227,0,1
2024010514387,2024,010514387,1,3,0,18,19,7,3,0,0,0,2,0,0,0,1,1,1,1,1,43,7,125,1,4,HONDA WW125,5,E01001524,0,2
2024421434165,2024,421434165,2,4,0,-1,19,3,7,-1,0,3,0,0,0,0,2,1,-1,1,1,26,6,125,1,0,HONDA WW125,3,E01023302,0,1
2024522403320,2024,522403320,1,3,0,12,12,8,6,0,0,8,0,0,0,0,1,1,6,6,1,24,5,125,1,0,HONDA WW125,4,E01014686,0,1
2024010500989,2024,010500989,2,3,0,18,19,1,5,0,0,0,0,0,0,0,1,1,6,6,1,22,5,125,1,1,HONDA WW125,3,E01001645,0,1
2024411462300,2024,411462300,1,3,0,-1,19,5,1,-1,0,1,0,12,0,0,2,1,-1,6,1,19,4,125,1,9,HONDA WW125,9,E01002191,0,2
2024010499308,2024,010499308,1,3,0,99,99,9,9,99,99,9,9,99,9,99,9,1,6,6,3,32,6,125,1,1,HONDA WW125,2,E01003509,0,2
2024010532204,2024,010532204,1,3,0,13,13,1,5,0,0,8,1,0,7,0,4,1,2,2,1,30,6,125,1,5,HONDA WW125,6,E01000566,0,2
2024311519358,2024,311519358,2,3,0,-1,5,6,6,-1,0,0,5,0,0,0,3,1,-1,6,1,51,8,125,1,2,HONDA WW125,-1,-1,0,-1
2024522401625,2024,522401625,1,3,0,18,19,9,9,0,0,8,0,0,0,0,9,1,6,6,1,42,7,125,1,1,HONDA WW125,5,E01014675,0,1
2024010535463,2024,010535463,1,3,0,99,99,9,9,99,99,9,9,99,9,99,1,1,1,1,1,35,6,125,1,1,HONDA WW125,4,E01000312,0,1
2024540966124,2024,540966124,2,3,0,16,19,2,6,0,0,3,0,0,0,0,3,1,1,1,1,43,7,125,1,1,HONDA WW125,5,E01015479,0,1
2024501522347,2024,501522347,2,4,0,-1,8,1,2,-1,0,8,5,0,0,0,4,1,-1,6,1,32,6,125,1,6,HONDA WW125,4,E01020022,0,1
2024430320786,2024,430320786,3,4,0,18,19,5,1,0,0,2,0,0,0,0,1,1,2,2,1,38,7,125,1,8,HONDA WW125,-1,-1,0,-1
2024010497464,2024,010497464,1,3,0,99,99,9,9,99,99,9,9,99,9,99,2,1,1,1,1,30,6,125,1,4,HONDA WW125,2,E01034476,0,1
2024451475288,2024,451475288,2,3,0,-1,19,3,7,-1,0,0,0,0,1,0,3,1,-1,1,1,25,5,125,1,2,HONDA WW125,10,E01030438,0,1
2024010530008,2024,010530008,1,3,0,17,19,1,5,0,0,2,0,0,0,0,1,1,6,6,1,31,6,125,1,3,HONDA WW125,3,E01004710,0,2
2024430068112,2024,430068112,2,3,0,3,3,3,7,0,0,8,0,0,0,0,1,1,2,2,1,57,9,125,1,1,HONDA WW125,9,E01028491,0,2
2024010542589,2024,010542589,1,3,0,5,5,7,3,0,0,0,5,0,0,0,4,1,1,1,1,29,6,125,1,3,HONDA WW125,-1,-1,0,-1
2024010515444,2024,010515444,2,3,0,18,19,1,5,0,0,0,0,0,0,0,1,1,6,6,1,33,6,125,1,8,HONDA WW125,6,E01002221,0,1
2024622400345,2024,622400345,2,3,0,17,19,8,4,0,0,8,0,0,0,0,3,1,6,6,1,27,6,125,1,4,HONDA WW125,1,W01001835,0,1
2024010496012,2024,010496012,1,3,0,18,19,1,5,0,0,1,0,0,0,0,0,1,1,1,1,23,5,125,1,2,HONDA WW125,2,E01001218,0,1
2024010547680,2024,010547680,1,3,0,18,19,1,5,0,0,8,0,0,0,0,3,1,6,6,1,29,6,125,1,1,HONDA WW125,2,E01004306,0,1
2024010506221,2024,010506221,1,3,0,9,9,3,8,0,0,0,0,4,0,0,4,1,6,6,1,26,6,125,1,1,HONDA WW125,6,E01000594,0,1
2024010515703,2024,010515703,1,3,0,99,99,9,9,99,99,0,9,99,9,99,1,1,1,1,1,34,6,125,1,8,HONDA WW125,2,E01034475,0,1
2024010507251,2024,010507251,1,3,0,99,99,9,9,99,99,9,9,99,9,99,9,1,1,1,1,33,6,125,1,4,HONDA WW125,6,E01024084,0,4
2024010517249,2024,010517249,1,3,0,99,99,9,9,99,99,0,9,99,9,99,9,1,6,6,3,23,5,125,1,3,HONDA WW125,7,E01001604,0,1
2024010501247,2024,010501247,1,3,0,99,99,9,9,99,99,0,9,8,9,99,9,1,6,6,1,30,6,125,1,2,HONDA WW125,2,E01001161,0,1
2024010515827,2024,010515827,2,3,0,7,7,7,1,0,0,3,0,0,0,0,3,1,1,1,1,38,7,125,1,2,HONDA WW125,-1,-1,0,-1
2024471485772,2024,471485772,1,3,0,-1,19,6,2,-1,0,0,0,0,0,0,4,1,-1,6,1,33,6,125,1,5,HONDA WW125,1,E01016866,0,1
2024010540792,2024,010540792,1,3,0,99,99,9,9,99,99,0,9,99,9,99,2,1,6,6,2,42,7,125,1,4,HONDA WW125,9,E01002259,0,1
2024061407800,2024,061407800,1,3,0,-1,7,5,7,-1,0,5,1,10,0,0,4,1,-1,6,1,18,4,125,1,10,HONDA WW125,-1,-1,0,-1
2024010516097,2024,010516097,1,3,0,15,15,1,5,0,0,0,0,0,0,0,1,1,2,2,1,31,6,125,1,2,HONDA WW125,3,E01033923,0,1
2024522401517,2024,522401517,2,5,0,18,19,7,3,0,0,1,0,0,0,0,1,1,6,6,1,-1,-1,125,1,6,HONDA WW125,-1,-1,0,-1
2024522402601,2024,522402601,1,4,0,18,19,5,1,0,0,0,0,0,0,0,1,1,6,6,1,25,5,125,1,1,HONDA WW125,1,E01014801,0,1
2024010534151,2024,010534151,1,3,0,4,4,7,3,0,0,1,0,0,0,0,1,1,2,2,1,37,7,125,1,9,HONDA WW125,2,E01000508,0,1
2024010514168,2024,010514168,1,3,0,99,99,9,9,99,99,9,9,99,9,99,9,1,1,1,1,29,6,125,1,3,HONDA WW125,3,E01002638,0,2
2024010550533,2024,010550533,2,3,0,99,99,9,9,99,99,9,9,99,9,99,2,1,6,6,3,-1,-1,125,1,8,HONDA WW125,-1,-1,0,-1
2024010526838,2024,010526838,1,3,0,18,19,9,9,99,99,9,9,99,9,99,9,1,1,1,3,22,5,125,1,3,HONDA WW125,6,E01000568,0,3
2024010489408,2024,010489408,2,3,0,13,13,7,3,0,0,1,0,0,0,0,1,1,1,1,1,22,5,125,1,9,HONDA WW125,8,E01004507,0,1
2024010498989,2024,010498989,2,3,0,18,19,5,1,0,0,6,1,10,0,0,0,1,6,6,1,36,7,125,1,3,HONDA WW125,5,E01000982,0,1
2024010547934,2024,010547934,2,3,0,18,19,3,7,0,0,0,0,0,0,0,3,1,1,1,1,30,6,125,1,3,HONDA WW125,4,E01003565,0,1
2024522402813,2024,522402813,2,3,0,18,19,8,4,0,0,0,0,4,0,0,1,1,6,6,1,33,6,125,1,1,HONDA WW125,9,E01014899,0,2
2024522401393,2024,522401393,3,3,0,9,9,8,5,0,0,6,0,0,0,0,1,1,6,6,1,23,5,125,1,1,HONDA WW125,8,E01014867,0,3
2024141469007,2024,141469007,2,3,0,-1,13,2,3,-1,0,1,1,0,0,0,4,1,-1,9,1,17,4,125,1,5,HONDA WW125,1,E01008090,0,1
2024302401122,2024,302401122,2,4,0,2,2,0,0,0,0,2,0,0,0,0,0,1,6,6,1,22,5,125,1,5,HONDA WW125,4,E01013460,0,1
2024010537474,2024,010537474,1,3,0,18,19,1,5,0,0,0,0,0,0,0,1,1,1,1,1,28,6,125,1,4,HONDA WW125,8,E01002132,0,1
2024522402249,2024,522402249,1,3,0,18,19,9,9,0,0,8,0,0,0,0,1,1,6,6,1,35,6,125,1,2,HONDA WW125,2,E01014565,0,1
2024010512364,2024,010512364,1,3,0,14,14,5,1,0,0,0,0,0,0,0,1,1,6,6,1,26,6,125,1,2,HONDA WW125,3,E01004260,0,2
2024010521256,2024,010521256,2,2,0,99,99,9,9,99,99,9,9,99,9,99,1,1,6,6,1,25,5,125,1,1,HONDA WW125,2,E01033931,0,1
2024520401733,2024,520401733,1,5,0,3,3,3,7,0,0,1,0,0,0,0,2,1,6,6,1,25,5,125,1,1,HONDA WW125,4,E01029036,0,1
2024522401909,2024,522401909,2,3,0,9,9,7,6,0,0,8,0,0,0,0,1,1,6,6,3,-1,-1,125,1,1,HONDA WW125,-1,-1,0,-1
2024010539268,2024,010539268,2,3,0,18,19,3,7,0,0,0,0,0,0,0,1,1,1,1,1,24,5,125,1,1,HONDA WW125,3,E01002649,0,2
2024010521828,2024,010521828,1,3,9,99,99,9,9,99,99,9,9,99,9,99,9,1,1,1,1,23,5,125,1,3,HONDA WW125,6,E01001149,0,2
2024010530170,2024,010530170,1,3,0,99,99,9,9,99,99,9,9,99,9,99,1,1,1,1,3,21,5,125,1,7,HONDA WW125,5,E01004414,0,4
2024010521324,2024,010521324,1,3,0,99,99,9,9,99,99,9,9,99,9,99,1,1,1,1,3,21,5,125,1,5,HONDA WW125,3,E01003081,0,2
2024010518353,2024,010518353,3,4,0,2,2,0,0,0,0,2,5,0,0,0,3,1,6,6,3,-1,-1,125,1,2,HONDA WW125,-1,-1,0,-1
2024010523791,2024,010523791,1,3,0,99,99,9,9,99,99,9,9,99,9,99,9,1,2,2,1,30,6,125,1,1,HONDA WW125,3,E01001448,0,3
2024411429899,2024,411429899,2,3,0,-1,19,7,3,-1,0,1,0,0,0,0,1,1,-1,6,1,24,5,125,1,3,HONDA WW125,5,E01002162,0,1
2024010526529,2024,010526529,2,3,9,99,99,9,9,99,99,9,9,99,9,99,2,1,1,1,1,51,8,125,1,2,HONDA WW125,2,E01002053,0,1
2024010535000,2024,010535000,1,3,0,99,99,9,9,99,99,9,9,99,9,99,9,1,6,6,1,28,6,125,1,11,HONDA WW125,3,E01033924,0,2
2024010522151,2024,010522151,1,3,0,99,99,9,9,99,99,9,9,99,9,99,9,1,2,2,1,25,5,125,1,13,HONDA WW125,7,E01004018,0,2
2024522402082,2024,522402082,1,3,0,18,19,2,6,0,0,0,0,0,0,0,1,1,6,6,2,23,5,125,1,3,HONDA WW125,8,E01014510,0,1
2024010537172,2024,010537172,1,3,0,18,19,9,9,99,99,9,9,8,9,99,9,1,6,6,3,35,6,125,1,0,HONDA WW125,1,E01002026,0,2
2024552400436,2024,552400436,2,3,0,3,3,3,7,0,0,4,0,0,3,0,2,1,2,2,1,42,7,125,1,3,HONDA WW125,3,E01015439,0,1
2024010509655,2024,010509655,1,3,0,99,99,9,9,99,99,1,9,99,9,99,1,1,1,1,3,28,6,125,1,3,HONDA WW125,3,E01024090,0,4
2024010545016,2024,010545016,2,3,0,18,19,1,5,0,0,1,0,0,0,0,1,1,6,6,1,29,6,125,1,2,HONDA WW125,-1,-1,0,-1
2024010542840,2024,010542840,2,3,0,13,13,7,3,0,0,2,5,0,0,0,1,1,1,1,1,34,6,125,1,7,HONDA WW125,2,E01003591,0,1
2024411501150,2024,411501150,2,3,0,-1,3,-1,-1,-1,0,0,0,0,0,0,1,1,-1,1,1,30,6,125,1,5,HONDA WW125,5,E01023900,0,1
2024430122961,2024,430122961,1,3,0,18,19,7,3,0,0,0,0,0,0,0,1,1,1,1,2,43,7,125,1,1,HONDA WW125,4,E01001165,0,4
2024010542587,2024,010542587,1,3,0,18,19,3,7,0,0,4,0,9,1,0,1,1,6,6,1,44,7,125,1,0,HONDA WW125,4,E01032732,0,2
2024430621854,2024,430621854,1,3,0,18,19,4,8,0,0,8,0,0,0,0,1,1,2,2,2,31,6,125,1,0,HONDA WW125,4,E01017904,0,2
2024522500148,2024,522500148,1,3,0,3,3,6,2,0,0,0,0,0,0,0,1,1,6,6,1,22,5,125,1,0,HONDA WW125,1,E01014800,0,4
2024361473452,2024,361473452,1,3,0,-1,7,5,7,-1,0,8,0,0,0,0,3,1,-1,6,1,24,5,125,1,4,HONDA WW125,2,E01026828,0,2
2024010550654,2024,010550654,1,3,0,13,13,1,5,0,0,1,0,0,0,0,1,1,6,6,1,39,7,125,1,5,HONDA WW125,4,E01002397,0,2
2024461532098,2024,461532098,1,2,0,-1,13,5,1,-1,0,0,1,0,0,0,4,1,-1,6,1,23,5,125,1,2,HONDA WW125,4,E01024372,0,1
2024522401817,2024,522401817,2,3,0,18,19,2,6,0,0,8,0,0,0,0,1,1,6,6,1,38,7,125,1,1,HONDA WW125,1,E01014655,0,1
2024010543477,2024,010543477,2,3,0,99,99,9,9,99,99,9,9,99,9,99,9,1,6,6,3,-1,-1,125,1,0,HONDA WW125,-1,-1,0,-1
2024201472173,2024,201472173,1,3,0,-1,19,4,8,-1,0,0,0,0,0,0,1,1,-1,6,1,28,6,125,1,11,HONDA WW125,4,E01009046,0,2
2024430116380,2024,430116380,1,2,0,4,4,4,8,0,0,0,0,0,0,0,4,1,1,1,1,27,6,125,1,8,HONDA WW125,6,E01016204,0,1
2024010523465,2024,010523465,2,4,0,7,7,5,7,0,0,1,0,0,1,0,3,1,6,6,1,44,7,125,1,5,HONDA WW125,2,E01000087,0,1
2024010502473,2024,010502473,1,3,0,99,99,9,9,99,99,9,9,99,9,99,1,1,6,6,1,19,4,125,1,3,HONDA WW125,5,E01000475,0,1
2024010501140,2024,010501140,1,3,0,99,99,9,9,99,99,9,9,99,9,99,1,1,1,1,1,33,6,125,1,2,HONDA WW125,2,E01023404,0,4
2024010504234,2024,010504234,1,3,0,9,9,1,7,0,0,2,0,0,0,0,3,1,6,6,1,26,6,125,1,4,HONDA WW125,2,E01003500,0,1
2024010514443,2024,010514443,1,3,0,99,99,9,9,99,99,9,9,99,9,99,1,1,1,1,1,25,5,125,1,1,HONDA WW125,8,E01002178,0,2
2024610011024,2024,610011024,1,3,0,18,19,3,7,0,0,8,0,0,0,0,1,1,6,6,1,15,3,125,1,9,HONDA WW125,5,W01002026,0,1
2024010536905,2024,010536905,2,3,0,18,19,1,5,0,0,1,0,0,0,0,1,1,6,6,1,21,5,125,1,8,HONDA WW125,2,E01004524,0,1
2024522401842,2024,522401842,1,3,0,18,19,6,2,0,0,8,0,0,0,0,1,1,6,6,1,34,6,125,1,5,HONDA WW125,5,E01014675,0,1
2024010548539,2024,010548539,1,3,0,99,99,9,9,99,99,9,9,99,9,99,9,1,6,6,1,25,5,125,1,0,HONDA WW125,5,E01034036,0,1
2024010521265,2024,010521265,1,3,0,14,14,7,3,0,0,0,0,0,0,0,4,1,6,6,1,33,6,125,1,8,HONDA WW125,5,E01001512,0,3
2024010539315,2024,010539315,1,3,0,99,99,9,9,99,99,9,9,99,9,99,9,1,1,1,3,29,6,125,1,0,HONDA WW125,3,E01004528,0,2
2024010537619,2024,010537619,1,3,0,13,13,6,2,0,0,8,0,0,0,0,1,1,6,6,1,17,4,125,1,1,HONDA WW125,3,E01003105,0,2
2024010499063,2024,010499063,1,3,0,99,99,9,9,99,99,9,9,99,9,99,9,1,1,1,1,25,5,125,1,3,HONDA WW125,2,E01001433,0,3
2024010521567,2024,010521567,1,3,0,18,19,5,1,0,0,1,0,0,0,0,4,1,1,1,2,35,6,125,1,1,HONDA WW125,4,E01000497,0,1
2024430340825,2024,430340825,1,3,0,16,19,1,4,0,0,0,0,0,1,0,1,1,6,6,1,40,7,125,1,1,HONDA WW125,3,E01016353,0,3
2024430482345,2024,430482345,1,3,0,18,19,4,8,0,0,8,0,0,0,0,4,1,2,2,1,19,4,125,1,7,HONDA WW125,-1,-1,0,-1
2024010500114,2024,010500114,1,3,0,18,19,1,5,0,0,1,0,0,0,0,1,1,1,1,1,26,6,125,1,5,HONDA WW125,6,E01001200,0,3
2024010510943,2024,010510943,1,3,0,99,99,9,9,99,99,9,9,99,9,99,9,1,1,1,1,25,5,125,1,3,HONDA WW125,2,E01001978,0,1
2024010519651,2024,010519651,1,3,0,18,19,7,3,0,0,8,1,10,1,0,3,1,2,2,1,24,5,125,1,3,HONDA WW125,2,E01000075,0,2
2024010524093,2024,010524093,1,3,0,10,10,6,3,0,0,0,1,0,0,0,2,1,6,6,1,43,7,125,1,0,HONDA WW125,3,E01003567,0,1
2024010515710,2024,010515710,1,3,9,18,19,3,7,99,99,0,9,99,9,99,1,1,1,1,1,53,8,125,1,6,HONDA WW125,8,E01030979,0,4
2024010528636,2024,010528636,2,3,0,18,19,1,5,0,0,0,0,0,0,0,1,1,6,6,1,28,6,125,1,1,HONDA WW125,1,E01011483,0,5
2024010537558,2024,010537558,2,3,0,18,19,5,1,0,0,0,0,0,0,0,1,1,1,1,1,34,6,125,1,13,HONDA WW125,3,E01034484,0,1
2024522500013,2024,522500013,1,3,0,3,3,6,2,0,0,0,0,0,0,0,1,1,6,6,2,36,7,125,1,0,HONDA WW125,8,E01014953,0,3
2024010545861,2024,010545861,2,3,0,99,99,9,9,99,99,9,9,99,9,99,1,1,6,6,1,35,6,125,1,2,HONDA WW125,3,E01003143,0,2
2024010523526,2024,010523526,1,3,0,99,99,9,9,99,99,9,0,0,0,0,9,1,6,6,1,-1,-1,125,1,1,HONDA WW125,3,E01002403,0,1
2024552401269,2024,552401269,2,3,0,3,3,6,2,0,0,0,0,0,0,0,1,1,6,6,1,27,6,125,1,8,HONDA WW125,6,E01032661,0,1
2024010504056,2024,010504056,2,3,0,18,19,5,1,1,1,1,0,0,0,0,1,1,6,6,1,31,6,125,1,4,HONDA WW125,9,E01004058,0,1
2024010529128,2024,010529128,1,4,0,18,19,3,7,0,0,5,0,0,0,0,2,1,1,1,1,24,5,125,1,2,HONDA WW125,3,E01004295,0,1
2024010527516,2024,010527516,1,3,0,99,99,9,9,99,99,9,9,99,9,99,1,1,2,2,1,30,6,125,1,0,HONDA WW125,2,E01001181,0,1
2024501533557,2024,501533557,1,3,0,-1,19,5,1,-1,0,8,0,0,0,0,1,1,-1,2,1,28,6,125,1,5,HONDA WW125,3,E01019975,0,1
2024010518107,2024,010518107,2,3,0,99,99,9,9,99,99,0,9,99,9,99,1,1,1,1,1,33,6,125,1,2,HONDA WW125,4,E01002663,0,1
2024010510322,2024,010510322,1,3,0,99,99,9,9,99,99,9,9,99,9,99,1,1,2,2,2,29,6,125,1,3,HONDA WW125,6,E01003130,0,3
2024440553745,2024,440553745,1,3,0,17,19,6,4,0,0,8,0,0,0,0,0,1,1,1,1,29,6,125,1,8,HONDA WW125,2,E01017108,0,2
2024552400152,2024,552400152,2,3,0,18,19,6,2,0,0,8,0,0,0,0,4,1,6,6,1,62,9,125,1,4,HONDA WW125,3,E01015442,0,1
2024440286036,2024,440286036,2,3,0,18,19,7,3,0,0,2,0,0,0,0,1,1,6,6,1,46,8,125,1,2,HONDA WW125,4,E01017327,0,3
2024010508082,2024,010508082,2,4,0,99,99,9,9,99,99,9,9,99,9,99,3,1,6,6,3,-1,-1,125,1,2,HONDA WW125,-1,-1,0,-1
2024430369216,2024,430369216,1,3,0,18,19,5,1,0,0,0,0,0,0,0,1,1,6,6,1,-1,-1,125,1,3,HONDA WW125,-1,-1,0,-1
2024471470566,2024,471470566,2,3,0,-1,19,3,7,-1,0,8,0,0,0,0,3,1,-1,1,2,24,5,125,1,1,HONDA WW125,6,E01016872,0,3
2024631435327,2024,631435327,1,3,0,-1,19,6,1,-1,0,0,0,0,0,0,0,1,-1,9,1,57,9,125,1,10,HONDA WW125,5,W01000537,0,4
2024010529490,2024,010529490,1,3,0,13,13,4,8,0,0,4,5,0,0,0,4,1,1,1,1,42,7,125,1,5,HONDA WW125,2,E01001877,0,1
2024010544650,2024,010544650,2,3,0,13,13,1,5,0,0,1,0,0,0,0,1,1,6,6,1,44,7,125,1,2,HONDA WW125,5,E01003449,0,2
2024010504335,2024,010504335,1,3,9,99,99,9,9,99,99,1,9,99,9,99,9,1,6,6,3,25,5,125,1,2,HONDA WW125,1,E01000524,0,2
2024010504390,2024,010504390,1,3,0,99,99,9,9,99,99,9,9,99,9,99,9,1,2,2,3,28,6,125,1,1,HONDA WW125,8,E01000710,0,2
2024010513910,2024,010513910,2,3,0,4,4,1,5,0,0,2,0,0,0,0,2,1,1,1,1,31,6,125,1,1,HONDA WW125,3,E01003567,0,3
2024522402978,2024,522402978,1,3,0,14,14,8,4,0,0,8,0,0,0,0,1,1,6,6,1,17,4,125,1,1,HONDA WW125,4,E01014645,0,1
2024451399940,2024,451399940,1,3,0,-1,19,6,2,-1,0,0,0,0,0,0,4,1,-1,9,1,40,7,125,1,5,HONDA WW125,4,E01030981,0,1
2024010532729,2024,010532729,2,3,0,99,99,9,9,99,99,9,9,99,9,99,1,1,6,6,3,-1,-1,125,1,3,HONDA WW125,-1,-1,0,-1
2024311426191,2024,311426191,1,3,0,-1,19,5,1,-1,0,1,0,0,0,0,3,1,-1,2,1,26,6,125,1,3,HONDA WW125,3,E01035500,0,1
2024010513150,2024,010513150,1,3,0,99,99,9,9,99,99,9,9,99,9,99,9,1,1,1,1,27,6,125,1,1,HONDA WW125,5,E01000619,0,3
2024522402140,2024,522402140,1,3,0,18,19,6,2,0,0,8,1,0,0,0,4,1,6,6,1,30,6,125,1,0,HONDA WW125,5,E01014707,0,1
2024552500024,2024,552500024,2,4,0,14,14,1,5,0,0,0,1,0,0,0,0,1,6,6,1,17,4,125,1,1,HONDA WW125,5,E01015435,0,1
2024010521355,2024,010521355,1,3,0,10,10,7,4,0,0,1,0,0,0,0,3,1,1,1,1,39,7,125,1,8,HONDA WW125,3,E01001920,0,1
2024522403174,2024,522403174,2,3,0,18,19,8,4,0,0,8,0,0,0,0,1,1,6,6,1,47,8,125,1,0,HONDA WW125,4,E01014946,0,1