collision_index,collision_year,collision_ref_no,vehicle_reference,vehicle_type,towing_and_articulation,vehicle_manoeuvre_historic,vehicle_manoeuvre,vehicle_direction_from,vehicle_direction_to,vehicle_location_restricted_lane_historic,vehicle_location_restricted_lane,junction_location,skidding_and_overturning,hit_object_in_carriageway,vehicle_leaving_carriageway,hit_object_off_carriageway,first_point_of_impact,vehicle_left_hand_drive,journey_purpose_of_driver_historic,journey_purpose_of_driver,sex_of_driver,age_of_driver,age_band_of_driver,engine_capacity_cc,propulsion_code,age_of_vehicle,generic_make_model,driver_imd_decile,lsoa_of_driver,escooter_flag,driver_distance_banding
2024411482646,2024,411482646,1,3,0,-1,19,1,5,-1,0,1,0,0,0,0,1,1,-1,6,1,25,5,125,1,4,HONDA WW125,4,E01002070,0,3
202417M114324,2024,17M114324,1,2,0,-1,19,6,2,-1,0,2,0,0,0,0,4,1,-1,2,2,19,4,125,1,2,HONDA WW125,3,E01012155,0,3
2024471479285,2024,471479285,2,3,0,-1,19,1,5,-1,0,8,1,0,0,0,1,1,-1,6,2,46,8,125,1,9,HONDA WW125,3,E01016954,0,1
2024010524966,2024,010524966,2,3,0,9,9,1,7,0,0,1,0,0,0,0,2,1,6,6,1,29,6,125,1,2,HONDA WW125,6,E01002422,0,1
2024010548623,2024,010548623,1,3,0,18,19,3,7,0,0,8,0,0,0,0,1,1,1,1,1,37,7,125,1,3,HONDA WW125,7,E01002981,0,1
2024010543571,2024,010543571,1,3,0,99,99,9,9,99,99,9,9,99,9,99,9,1,1,1,1,32,6,125,1,9,HONDA WW125,6,E01002754,0,3
2024010498193,2024,010498193,1,3,0,99,99,9,9,99,99,9,9,99,9,99,9,1,1,1,1,33,6,125,1,9,HONDA WW125,1,E01001425,0,1
2024010519391,2024,010519391,1,3,0,18,19,9,9,99,99,9,9,99,9,99,1,1,1,1,2,32,6,125,1,2,HONDA WW125,6,E01002111,0,2
2024430277867,2024,430277867,1,3,0,18,19,8,4,0,0,1,0,0,0,0,1,1,6,6,1,26,6,125,1,1,HONDA WW125,6,E01016754,0,1
2024351442761,2024,351442761,2,3,0,-1,13,1,5,-1,0,0,0,0,0,0,1,1,-1,6,1,31,6,125,1,8,HONDA WW125,5,E01017961,0,2
2024451422296,2024,451422296,1,3,0,-1,19,1,3,-1,0,8,0,0,0,0,0,1,-1,1,1,23,5,125,1,5,HONDA WW125,7,E01003429,0,3
2024010511478,2024,010511478,1,3,0,99,99,9,9,99,99,9,9,99,9,99,9,1,2,2,1,27,6,125,1,3,HONDA WW125,1,E01002026,0,2
2024010521299,2024,010521299,1,3,0,18,19,2,6,0,0,0,1,0,0,0,2,1,6,6,1,25,5,125,1,0,HONDA WW125,7,E01016402,0,4
2024010533990,2024,010533990,1,3,0,99,99,9,9,99,99,9,9,99,9,99,9,1,1,1,3,44,7,125,1,5,HONDA WW125,3,E01004332,0,1
2024010527718,2024,010527718,1,3,0,10,10,6,4,0,0,1,0,4,0,0,2,1,1,1,1,41,7,125,1,4,HONDA WW125,7,E01004164,0,1
2024010540205,2024,010540205,2,3,0,18,19,7,3,0,0,0,0,0,0,0,2,1,6,6,1,24,5,125,1,1,HONDA WW125,1,E01001442,0,1
2024010547017,2024,010547017,2,3,0,13,13,1,5,0,0,1,0,0,0,0,4,1,6,6,1,35,6,125,1,0,HONDA WW125,3,E01033946,0,2
2024010521442,2024,010521442,1,3,0,18,19,1,5,0,0,8,2,0,0,0,1,1,1,1,1,29,6,125,1,10,HONDA WW125,3,E01003531,0,1
2024131492568,2024,131492568,2,3,0,-1,19,1,5,-1,0,0,5,0,0,0,4,1,-1,6,2,54,8,125,1,2,HONDA WW125,2,E01011943,0,1
2024541163724,2024,541163724,2,4,0,18,19,3,7,0,0,4,0,0,0,0,4,1,6,6,1,37,7,125,1,1,HONDA WW125,3,E01015530,0,1
2024010541116,2024,010541116,1,3,0,3,3,9,9,99,99,0,9,99,9,99,2,1,6,6,1,41,7,125,1,1,HONDA WW125,4,E01002446,0,3
2024010536772,2024,010536772,2,3,0,-1,-1,5,1,0,0,2,0,0,0,0,4,1,2,2,1,41,7,125,1,7,HONDA WW125,4,E01034155,0,1
2024010515814,2024,010515814,1,3,0,18,19,7,3,0,0,1,0,0,0,0,1,1,1,1,1,29,6,125,1,4,HONDA WW125,8,E01034606,0,1
2024010548951,2024,010548951,1,3,0,4,4,1,5,0,0,0,1,4,0,0,0,1,6,6,1,31,6,125,1,5,HONDA WW125,3,E01000640,0,2
2024010538206,2024,010538206,1,3,0,18,19,7,3,0,0,1,1,0,0,0,1,1,1,1,1,19,4,125,1,3,HONDA WW125,-1,-1,0,-1
2024430480853,2024,430480853,2,4,0,18,19,8,4,0,0,8,0,0,0,0,1,1,6,6,1,20,4,125,1,11,HONDA WW125,4,E01016733,0,1
2024010550673,2024,010550673,1,3,9,99,99,9,9,99,99,9,9,99,9,99,9,1,1,1,1,41,7,125,1,1,HONDA WW125,7,E01023576,0,2
2024451457649,2024,451457649,2,3,0,-1,19,7,3,-1,0,0,0,0,0,0,1,1,-1,6,1,19,4,125,1,1,HONDA WW125,-1,-1,0,-1
2024430264189,2024,430264189,1,3,0,18,19,3,7,0,0,8,0,0,0,0,1,1,1,1,1,43,7,125,1,6,HONDA WW125,3,E01023091,0,2
2024010513797,2024,010513797,1,3,0,99,99,9,9,99,99,0,9,99,9,99,1,1,1,1,1,32,6,125,1,4,HONDA WW125,4,E01003118,0,3
2024471447702,2024,471447702,2,3,0,-1,19,3,7,-1,0,8,0,0,0,0,1,1,-1,6,1,33,6,125,1,2,HONDA WW125,6,E01021058,0,2
2024010544573,2024,010544573,2,3,0,18,19,1,5,0,0,1,0,0,0,0,1,1,1,1,1,26,6,125,1,1,HONDA WW125,6,E01000575,0,2
2024052402323,2024,052402323,2,3,0,18,19,5,1,0,0,8,0,0,0,0,1,1,1,1,1,46,8,125,1,4,HONDA WW125,1,E01006545,0,1
2024010497942,2024,010497942,1,3,0,99,99,9,9,99,99,9,9,99,9,99,9,1,1,1,3,28,6,125,1,4,HONDA WW125,3,E01002043,0,1
2024010539507,2024,010539507,1,3,0,99,99,9,9,99,99,9,9,99,9,99,1,1,2,2,1,27,6,125,1,2,HONDA WW125,5,E01002234,0,3
2024010500900,2024,010500900,1,3,0,99,99,9,9,99,99,9,9,99,9,99,9,1,1,1,1,25,5,125,1,3,HONDA WW125,2,E01004615,0,1
2024010551577,2024,010551577,2,2,0,18,19,1,5,0,0,2,0,0,0,0,1,1,1,1,1,37,7,125,1,1,HONDA WW125,8,E01002164,0,1
2024501460854,2024,501460854,1,3,0,-1,19,6,2,-1,0,8,2,0,0,0,3,1,-1,1,1,29,6,125,1,4,HONDA WW125,4,E01015178,0,1
2024010539608,2024,010539608,1,3,0,99,99,9,9,99,99,9,9,99,9,99,1,1,1,1,1,21,5,125,1,6,HONDA WW125,5,E01001041,0,1
2024010537717,2024,010537717,1,3,0,99,99,9,9,99,99,9,9,99,9,99,9,1,1,1,3,58,9,125,1,3,HONDA WW125,5,E01001041,0,1
2024451523457,2024,451523457,2,3,0,-1,12,7,1,-1,0,1,5,0,0,0,3,1,-1,9,1,25,5,125,1,2,HONDA WW125,10,E01030894,0,1
2024522401879,2024,522401879,1,3,0,4,4,3,7,0,0,4,0,0,0,0,2,1,6,6,1,30,6,125,1,1,HONDA WW125,1,E01014655,0,1
2024010531692,2024,010531692,1,3,0,99,99,9,9,99,99,9,9,99,9,99,9,1,6,6,1,25,5,125,1,7,HONDA WW125,5,E01000609,0,1
2024010521408,2024,010521408,1,3,0,99,99,9,9,99,99,9,9,99,9,99,1,1,1,1,1,29,6,125,1,5,HONDA WW125,3,E01003521,0,2
2024430504522,2024,430504522,1,3,0,18,19,5,1,0,0,8,0,0,0,0,1,1,1,1,1,49,8,125,1,0,HONDA WW125,5,E01017913,0,1
2024010537147,2024,010537147,1,3,0,99,99,9,9,99,99,9,9,99,9,99,9,1,6,6,1,24,5,125,1,2,HONDA WW125,2,E01002545,0,3
2024430558431,2024,430558431,2,3,0,18,19,4,8,0,0,1,0,8,0,0,1,1,1,1,1,25,5,125,1,2,HONDA WW125,4,E01016485,0,1
2024010499501,2024,010499501,1,3,9,99,99,9,9,99,99,9,9,99,9,99,9,1,1,1,2,26,6,125,1,3,HONDA WW125,3,E01000499,0,4
2024010528480,2024,010528480,2,3,0,17,19,1,5,0,0,1,0,0,0,0,1,1,6,6,1,52,8,125,1,4,HONDA WW125,3,E01033943,0,1
2024010510507,2024,010510507,2,3,0,9,9,4,1,0,0,1,0,0,0,0,4,1,6,6,2,49,8,125,1,1,HONDA WW125,3,E01003179,0,1
2024522500059,2024,522500059,2,3,0,18,19,8,4,2,2,8,0,0,0,0,3,1,6,6,1,17,4,125,1,2,HONDA WW125,5,E01014732,0,1
2024010546742,2024,010546742,2,3,0,18,19,3,7,0,0,6,0,0,0,0,4,1,6,6,1,28,6,125,1,1,HONDA WW125,-1,-1,0,-1
2024010508246,2024,010508246,2,3,0,4,4,5,1,0,0,1,2,0,0,0,4,1,6,6,1,36,7,125,1,1,HONDA WW125,6,E01001295,0,1
2024010503695,2024,010503695,2,3,0,18,19,5,1,0,0,1,0,0,0,0,1,1,1,1,1,19,4,125,1,8,HONDA WW125,4,E01000621,0,2
2024451496760,2024,451496760,2,3,0,-1,9,7,3,-1,0,0,1,0,1,0,4,1,-1,1,1,36,7,125,1,2,HONDA WW125,5,E01002652,0,2
2024010542656,2024,010542656,1,3,0,99,99,9,9,99,99,9,9,99,9,99,9,1,6,6,3,19,4,125,1,0,HONDA WW125,3,E01003975,0,3
2024010530903,2024,010530903,1,3,0,7,7,8,2,0,0,6,0,0,0,0,1,1,1,1,1,27,6,125,1,12,HONDA WW125,4,E01003025,0,2
2024010515237,2024,010515237,1,3,0,18,19,1,5,0,0,1,0,0,0,0,1,1,6,6,1,25,5,125,1,9,HONDA WW125,3,E01003598,0,1
2024010503562,2024,010503562,1,3,0,99,99,9,9,99,99,9,9,99,9,99,1,1,6,6,1,28,6,125,1,5,HONDA WW125,7,E01002617,0,3
2024010539061,2024,010539061,2,3,0,18,19,1,5,0,0,8,0,0,0,0,1,1,6,6,1,26,6,125,1,2,HONDA WW125,3,E01004349,0,2
2024010532230,2024,010532230,1,3,0,99,99,9,9,99,99,9,9,99,9,99,9,1,1,1,3,30,6,125,1,1,HONDA WW125,3,E01035675,0,3
2024010511435,2024,010511435,1,3,0,18,19,2,6,0,0,1,5,0,0,0,1,1,1,1,1,32,6,125,1,8,HONDA WW125,2,E01033485,0,2
2024010499513,2024,010499513,1,3,0,5,5,5,1,0,0,1,0,0,0,0,4,1,1,1,1,47,8,125,1,2,HONDA WW125,4,E01004617,0,1
2024440344451,2024,440344451,2,3,0,18,19,2,6,0,0,0,0,0,0,0,4,1,6,6,1,-1,-1,125,1,13,HONDA WW125,-1,-1,0,-1
2024010514247,2024,010514247,1,3,0,99,99,9,9,99,99,9,9,99,9,99,9,1,1,1,3,42,7,125,1,0,HONDA WW125,6,E01003144,0,3
2024010500828,2024,010500828,2,2,0,13,13,1,5,0,0,1,0,0,0,0,1,1,6,6,1,58,9,125,1,13,HONDA WW125,5,E01000615,0,1
2024061475955,2024,061475955,1,3,0,-1,19,-1,-1,-1,0,0,0,0,0,0,2,1,-1,1,1,29,6,125,1,5,HONDA WW125,3,E01005278,0,1
2024010531777,2024,010531777,1,3,0,99,99,9,9,99,99,9,9,99,9,99,9,1,1,1,1,32,6,125,1,2,HONDA WW125,3,E01003319,0,2
2024471453738,2024,471453738,1,3,9,-1,9,7,5,-1,0,1,0,0,0,0,9,1,-1,1,1,44,7,125,1,2,HONDA WW125,6,E01016887,0,1
2024361514159,2024,361514159,1,3,0,-1,11,7,3,-1,0,1,2,0,0,0,1,1,-1,9,1,22,5,125,1,13,HONDA WW125,5,E01015700,0,5
2024010517672,2024,010517672,1,3,0,18,19,1,5,0,0,8,0,4,0,0,4,1,6,6,2,31,6,125,1,1,HONDA WW125,6,E01003411,0,1
2024010522091,2024,010522091,1,3,0,18,19,2,6,0,0,1,0,0,0,0,1,1,1,1,1,32,6,125,1,1,HONDA WW125,2,E01034043,0,1
2024010533149,2024,010533149,1,3,0,18,19,5,1,0,0,1,0,10,7,4,1,1,1,1,1,25,5,125,1,10,HONDA WW125,7,E01001106,0,1
2024010507921,2024,010507921,2,3,0,14,14,7,3,0,0,1,0,0,0,0,4,1,6,6,1,29,6,125,1,0,HONDA WW125,2,E01000959,0,1
2024522402650,2024,522402650,2,3,0,18,19,5,1,0,0,8,0,0,0,0,3,1,6,6,3,-1,-1,125,1,3,HONDA WW125,-1,-1,0,-1
2024522402933,2024,522402933,1,3,0,3,3,9,9,0,0,0,0,0,0,0,1,1,6,6,1,22,5,125,1,0,HONDA WW125,2,E01014602,0,1
2024010544542,2024,010544542,2,3,0,-1,-1,1,5,0,0,8,0,0,0,0,1,1,1,1,1,25,5,125,1,0,HONDA WW125,2,E01024476,0,4
2024010528602,2024,010528602,1,3,0,99,99,9,9,99,99,9,9,99,9,99,9,1,1,1,1,32,6,125,1,5,HONDA WW125,4,E01003769,0,1
2024141454273,2024,141454273,2,3,0,-1,19,5,1,-1,0,0,0,0,0,0,1,1,-1,7,1,19,4,125,1,5,HONDA WW125,1,E01007737,0,1
2024010501683,2024,010501683,2,2,9,99,99,9,9,99,99,9,9,99,9,99,9,1,6,6,3,-1,-1,125,1,2,HONDA WW125,-1,-1,0,-1
2024010538567,2024,010538567,2,3,0,5,5,5,1,0,0,2,0,0,0,0,1,1,6,6,1,21,5,125,1,1,HONDA WW125,7,E01002985,0,1
2024430068163,2024,430068163,1,3,0,18,19,4,8,0,0,0,0,0,0,0,3,1,2,2,2,31,6,125,1,1,HONDA WW125,4,E01016395,0,1
2024430412550,2024,430412550,1,3,0,4,4,7,3,0,0,1,0,0,0,0,2,1,2,2,1,30,6,125,1,1,HONDA WW125,2,E01016438,0,1
2024010543375,2024,010543375,1,3,0,99,99,9,9,99,99,9,9,99,9,99,9,1,6,6,1,22,5,125,1,1,HONDA WW125,3,E01000137,0,1
2024501522978,2024,501522978,2,3,0,-1,19,5,1,-1,0,0,0,0,0,0,4,1,-1,9,1,65,9,125,1,4,HONDA WW125,1,E01015040,0,1
2024010513938,2024,010513938,2,3,0,18,19,3,7,0,0,0,1,0,0,0,1,1,2,2,1,20,4,125,1,3,HONDA WW125,-1,-1,0,-1
2024430597561,2024,430597561,1,3,0,18,19,5,1,0,0,0,0,0,0,0,1,1,6,6,1,36,7,125,1,1,HONDA WW125,7,E01028490,0,2
2024522401462,2024,522401462,1,3,0,3,3,5,1,0,0,1,0,0,0,0,1,1,6,6,1,28,6,125,1,6,HONDA WW125,2,E01014602,0,1
2024411442621,2024,411442621,2,3,0,-1,19,5,1,-1,0,1,0,0,0,0,1,1,-1,9,1,43,7,125,1,5,HONDA WW125,6,E01023633,0,1
2024522403361,2024,522403361,1,3,0,17,19,8,5,0,0,8,0,0,0,0,1,1,6,6,1,34,6,125,1,1,HONDA WW125,3,E01014673,0,1
2024010525745,2024,010525745,1,3,0,99,99,9,9,99,99,9,9,99,9,99,9,1,1,1,3,28,6,125,1,1,HONDA WW125,6,E01003433,0,3
2024010547783,2024,010547783,2,3,0,11,11,5,1,0,0,0,1,0,0,0,2,1,1,1,1,33,6,125,1,5,HONDA WW125,3,E01000510,0,1
2024010549261,2024,010549261,1,3,0,3,3,9,9,99,99,0,9,99,9,99,1,1,1,1,1,33,6,125,1,5,HONDA WW125,7,E01003665,0,1
2024010507021,2024,010507021,1,3,9,99,99,9,9,99,99,9,9,99,9,99,2,1,1,1,1,25,5,125,1,2,HONDA WW125,1,E01000643,0,1
2024010515774,2024,010515774,1,3,0,99,99,9,9,99,99,9,9,99,9,99,2,1,1,1,1,24,5,125,1,1,HONDA WW125,4,E01001359,0,1
2024010532774,2024,010532774,1,3,0,99,99,9,9,99,99,9,9,99,9,99,9,1,1,1,1,32,6,125,1,0,HONDA WW125,7,E01002175,0,1
2024010522760,2024,010522760,1,3,0,99,99,9,9,99,99,9,9,99,9,99,1,1,1,1,3,25,5,125,1,0,HONDA WW125,7,E01002198,0,1
2024010514088,2024,010514088,1,3,0,18,19,5,1,0,0,0,5,0,0,0,1,1,2,2,1,21,5,125,1,1,HONDA WW125,-1,-1,0,-1
2024010541828,2024,010541828,2,3,0,18,19,7,3,0,0,1,0,0,0,0,1,1,6,6,1,24,5,125,1,14,HONDA WW125,3,E01003993,0,1
2024548456624,2024,548456624,1,4,0,18,19,5,1,0,0,1,0,0,0,0,1,1,6,6,1,17,4,125,1,7,HONDA WW125,7,E01015585,0,2
2024010512584,2024,010512584,1,3,0,99,99,9,9,99,99,9,9,99,9,99,1,1,2,2,1,39,7,125,1,5,HONDA WW125,6,E01002123,0,1
2024010508961,2024,010508961,1,3,0,99,99,9,9,99,99,9,9,99,9,99,9,1,6,6,1,20,4,125,1,1,HONDA WW125,3,E01003915,0,3
2024451473333,2024,451473333,1,3,0,-1,99,1,5,-1,99,0,0,0,0,0,2,1,-1,9,1,19,4,125,1,6,HONDA WW125,9,E01031000,0,2
2024010539848,2024,010539848,1,3,0,99,99,9,9,99,99,9,9,99,9,99,9,1,1,1,1,35,6,125,1,3,HONDA WW125,6,E01024833,0,4
2024010501885,2024,010501885,1,3,0,13,13,5,1,0,0,1,0,0,0,0,1,1,6,6,1,19,4,125,1,1,HONDA WW125,-1,-1,0,-1
2024010510033,2024,010510033,1,3,5,5,5,2,6,0,0,0,0,0,0,0,1,1,1,1,1,27,6,125,1,1,HONDA WW125,-1,-1,0,-1
2024010502533,2024,010502533,1,3,0,99,99,9,9,99,99,9,9,99,9,99,9,1,1,1,3,27,6,125,1,1,HONDA WW125,6,E01000803,0,1
2024010491624,2024,010491624,1,3,0,18,19,5,1,0,0,0,0,0,0,0,1,1,6,6,1,28,6,125,1,6,HONDA WW125,-1,-1,0,-1
2024461465116,2024,461465116,2,4,0,-1,5,4,6,-1,0,0,0,0,0,0,1,1,-1,9,1,46,8,125,1,1,HONDA WW125,1,E01024049,0,1
2024451500366,2024,451500366,2,3,0,-1,5,3,7,-1,0,6,0,0,0,0,1,1,-1,9,1,26,6,125,1,13,HONDA WW125,4,E01030746,0,1
2024451467413,2024,451467413,2,3,0,-1,99,1,5,-1,0,1,5,0,0,0,2,1,-1,6,1,35,6,125,1,7,HONDA WW125,-1,-1,0,-1
2024010512551,2024,010512551,1,3,0,99,99,9,9,99,99,9,9,99,9,99,9,1,2,2,1,22,5,125,1,5,HONDA WW125,5,E01001247,0,3
2024010534578,2024,010534578,2,3,0,18,19,7,3,0,0,3,0,0,0,0,3,1,6,6,1,24,5,125,1,2,HONDA WW125,4,E01030746,0,2
2024010527300,2024,010527300,2,3,0,4,4,9,9,99,99,9,9,99,9,99,9,1,6,6,1,-1,-1,125,1,2,HONDA WW125,5,E01004631,0,1
2024010524367,2024,010524367,2,3,0,15,15,5,1,2,2,8,0,0,1,0,1,1,6,6,1,21,5,125,1,13,HONDA WW125,-1,-1,0,-1
2024010530733,2024,010530733,1,3,0,99,99,9,9,99,99,9,9,99,9,99,9,1,1,1,1,47,8,125,1,1,HONDA WW125,7,E01002423,0,1
2024010503845,2024,010503845,1,3,0,99,99,9,9,99,99,9,9,99,9,99,9,1,1,1,1,40,7,125,1,5,HONDA WW125,3,E01003154,0,3
2024010524797,2024,010524797,9,3,0,2,2,0,0,0,0,0,5,0,0,0,3,1,6,6,3,-1,-1,125,1,1,HONDA WW125,-1,-1,0,-1
2024052400168,2024,052400168,2,3,0,18,19,8,4,0,0,1,0,0,0,0,1,1,1,1,1,37,7,125,1,6,HONDA WW125,2,E01006748,0,1
2024430162304,2024,430162304,2,4,0,18,19,6,2,0,0,8,0,0,0,0,1,1,6,6,1,32,6,125,1,2,HONDA WW125,4,E01016710,0,1
2024010499685,2024,010499685,1,3,0,99,99,9,9,99,99,9,9,99,9,99,9,1,2,2,1,34,6,125,1,2,HONDA WW125,2,E01001485,0,3
2024451515770,2024,451515770,2,3,0,-1,9,1,5,-1,0,1,0,0,0,0,1,1,-1,1,1,39,7,125,1,2,HONDA WW125,4,E01030793,0,1
2024010503382,2024,010503382,1,3,0,99,99,9,9,99,99,9,9,99,9,99,9,1,1,1,1,23,5,125,1,3,HONDA WW125,6,E01003130,0,4
2024010500706,2024,010500706,1,3,0,3,3,9,9,99,99,9,9,99,9,99,2,1,6,6,1,27,6,125,1,1,HONDA WW125,4,E01000478,0,3
2024522402610,2024,522402610,1,3,0,18,19,8,4,0,0,8,0,0,0,0,1,1,6,6,1,30,6,125,1,6,HONDA WW125,2,E01014486,0,1
2024451421616,2024,451421616,1,3,0,-1,19,1,5,-1,0,0,0,0,7,0,3,1,-1,6,1,32,6,125,1,1,HONDA WW125,2,E01001331,0,4
2024010498664,2024,010498664,3,3,0,3,3,3,7,0,0,0,0,0,0,0,1,1,6,6,1,30,6,125,1,2,HONDA WW125,5,E01003213,0,1
2024522403107,2024,522403107,1,3,0,18,19,5,1,0,0,8,0,0,0,0,3,1,6,6,1,17,4,125,1,2,HONDA WW125,4,E01014650,0,2
2024010510102,2024,010510102,1,3,0,99,99,9,9,99,99,9,9,99,9,99,9,1,1,1,3,28,6,125,1,2,HONDA WW125,2,E01000527,0,3
2024010528398,2024,010528398,2,3,0,13,13,9,9,99,99,9,9,99,9,99,1,1,1,1,1,30,6,125,1,3,HONDA WW125,5,E01003023,0,1
2024451519023,2024,451519023,1,3,0,-1,19,1,5,-1,0,2,0,0,0,0,3,1,-1,9,1,21,5,125,1,5,HONDA WW125,4,E01030304,0,2
2024010527588,2024,010527588,2,3,0,18,19,7,3,0,0,8,2,0,0,0,1,1,6,6,1,16,4,125,1,3,HONDA WW125,4,E01001972,0,1
2024552401052,2024,552401052,1,4,0,18,19,8,4,0,0,0,1,0,0,0,2,1,2,2,1,28,6,125,1,0,HONDA WW125,7,E01023057,0,2
2024440351834,2024,440351834,1,3,0,3,3,8,4,0,0,1,0,0,0,0,1,1,6,6,1,33,6,125,1,6,HONDA WW125,1,E01032755,0,1
2024010544929,2024,010544929,1,3,0,99,99,9,9,99,99,9,9,99,9,99,9,1,1,1,3,55,8,125,1,2,HONDA WW125,2,E01001079,0,1
2024520500144,2024,520500144,1,3,0,18,19,1,5,0,0,0,0,0,0,0,1,1,6,6,1,20,4,125,1,1,HONDA WW125,3,E01014404,0,4
2024061524202,2024,061524202,2,3,0,-1,5,2,5,-1,0,0,0,0,0,0,4,1,-1,1,1,59,9,125,1,0,HONDA WW125,1,E01005496,0,2
2024010501686,2024,010501686,1,3,9,99,99,9,9,99,99,9,9,99,9,99,9,1,1,1,1,24,5,125,1,3,HONDA WW125,4,E01003146,0,3
2024361456065,2024,361456065,2,3,0,-1,19,1,5,-1,0,1,0,0,0,0,1,1,-1,6,1,22,5,125,1,3,HONDA WW125,2,E01035140,0,1
2024010541514,2024,010541514,1,3,0,99,99,9,9,99,99,9,9,99,9,99,2,1,6,6,2,30,6,125,1,2,HONDA WW125,10,E01002153,0,1
2024010532103,2024,010532103,1,3,0,18,19,3,7,0,0,0,0,0,0,0,1,1,1,1,1,21,5,125,1,2,HONDA WW125,5,E01032782,0,3
2024010511667,2024,010511667,1,3,0,99,99,9,9,99,99,9,9,99,9,99,9,1,2,2,1,27,6,125,1,2,HONDA WW125,5,E01015480,0,5
2024010501630,2024,010501630,1,3,0,99,99,9,9,99,99,9,9,99,9,99,9,1,6,6,3,26,6,125,1,2,HONDA WW125,2,E01003159,0,3
2024010511708,2024,010511708,1,3,0,99,99,9,9,99,99,9,9,99,9,99,9,1,1,1,1,28,6,125,1,2,HONDA WW125,6,E01002676,0,1
2024522500260,2024,522500260,1,3,0,18,19,8,4,0,0,0,0,0,0,0,1,1,6,6,1,28,6,125,1,0,HONDA WW125,2,E01014660,0,1
2024010499829,2024,010499829,1,3,0,9,9,5,2,0,0,8,1,0,0,0,1,1,1,1,1,32,6,125,1,1,HONDA WW125,8,E01000538,0,2
2024010522284,2024,010522284,1,3,4,99,99,9,9,99,99,9,9,99,9,99,1,1,1,1,1,31,6,125,1,2,HONDA WW125,4,E01002114,0,1
2024010542448,2024,010542448,1,3,0,99,99,9,9,99,99,9,9,99,9,99,1,1,2,2,1,41,7,125,1,1,HONDA WW125,4,E01003146,0,1
2024010547042,2024,010547042,1,3,0,18,19,2,6,0,0,2,0,0,0,0,2,1,6,6,1,25,5,125,1,1,HONDA WW125,3,E01003523,0,1
2024010516878,2024,010516878,1,3,0,18,19,9,9,99,99,9,9,99,9,99,1,1,1,1,1,29,6,125,1,9,HONDA WW125,8,E01004703,0,1
2024371477590,2024,371477590,2,3,0,-1,19,5,1,-1,2,1,0,0,0,0,1,1,-1,6,2,58,9,125,1,4,HONDA WW125,1,E01029980,0,1
2024010536093,2024,010536093,1,3,0,99,99,9,9,99,99,9,9,99,9,99,9,1,1,1,1,28,6,125,1,3,HONDA WW125,4,E01002663,0,1
2024010522014,2024,010522014,1,3,0,99,99,9,9,99,99,9,9,99,9,99,9,1,6,6,3,28,6,125,1,2,HONDA WW125,5,E01000591,0,1
2024010517917,2024,010517917,2,3,0,12,12,5,1,0,0,4,0,0,0,0,3,1,1,1,2,30,6,125,1,1,HONDA WW125,3,E01004397,0,1
2024010539616,2024,010539616,1,3,9,99,99,9,9,99,99,9,9,99,9,99,9,1,6,6,3,28,6,125,1,6,HONDA WW125,3,E01003522,0,2
2024451404935,2024,451404935,1,3,0,-1,3,7,3,-1,0,2,0,0,0,0,1,1,-1,1,1,41,7,125,1,5,HONDA WW125,8,E01030384,0,1
2024552400592,2024,552400592,2,3,0,18,19,1,5,0,0,8,0,0,0,0,1,1,2,2,1,54,8,125,1,2,HONDA WW125,2,E01015367,0,1
2024010538133,2024,010538133,1,3,0,15,15,3,7,0,0,1,5,8,0,0,1,1,6,6,1,27,6,125,1,1,HONDA WW125,3,E01034474,0,1
2024421501796,2024,421501796,2,3,0,-1,19,1,5,-1,0,0,5,0,0,0,1,1,-1,6,1,39,7,125,1,5,HONDA WW125,-1,-1,0,-1
2024010502918,2024,010502918,2,4,0,13,13,3,7,0,0,1,0,0,0,0,1,1,6,6,1,22,5,125,1,5,HONDA WW125,3,E01003251,0,2