collision_index,collision_year,collision_ref_no,vehicle_reference,vehicle_type,towing_and_articulation,vehicle_manoeuvre_historic,vehicle_manoeuvre,vehicle_direction_from,vehicle_direction_to,vehicle_location_restricted_lane_historic,vehicle_location_restricted_lane,junction_location,skidding_and_overturning,hit_object_in_carriageway,vehicle_leaving_carriageway,hit_object_off_carriageway,first_point_of_impact,vehicle_left_hand_drive,journey_purpose_of_driver_historic,journey_purpose_of_driver,sex_of_driver,age_of_driver,age_band_of_driver,engine_capacity_cc,propulsion_code,age_of_vehicle,generic_make_model,driver_imd_decile,lsoa_of_driver,escooter_flag,driver_distance_banding
2024010517823,2024,010517823,1,3,0,99,99,9,9,99,99,9,9,99,9,99,2,1,6,6,1,26,6,125,1,3,HONDA WW125,6,E01001214,0,1
2024991408583,2024,991408583,1,3,0,-1,15,3,7,-1,0,8,2,0,0,0,3,1,-1,1,1,24,5,125,1,1,HONDA WW125,1,-1,0,1
2024010488096,2024,010488096,1,3,0,18,19,3,7,0,0,1,0,10,0,0,1,1,6,6,1,24,5,125,1,7,HONDA WW125,3,E01003538,0,1
2024201460433,2024,201460433,2,3,0,-1,3,2,6,-1,0,0,0,0,0,0,1,1,-1,6,1,28,6,125,1,11,HONDA WW125,4,E01009046,0,1
2024522401999,2024,522401999,1,3,0,3,3,4,8,0,0,0,0,0,0,0,1,1,6,6,1,39,7,125,1,3,HONDA WW125,5,E01014530,0,2
2024010510106,2024,010510106,1,3,0,99,99,9,9,99,99,0,9,99,9,99,9,1,2,2,1,17,4,125,1,1,HONDA WW125,7,E01002678,0,1
2024010540831,2024,010540831,2,3,0,18,19,5,1,0,0,1,0,0,0,0,1,1,1,1,1,24,5,125,1,10,HONDA WW125,2,E01017472,0,4
2024501434059,2024,501434059,2,3,0,-1,19,4,8,-1,2,0,0,4,0,0,1,1,-1,6,1,28,6,125,1,2,HONDA WW125,4,E01015054,0,1
2024010520151,2024,010520151,1,3,0,3,3,9,9,99,99,2,9,99,9,99,9,1,2,2,1,32,6,125,1,3,HONDA WW125,3,E01002637,0,2
2024010538538,2024,010538538,1,3,0,99,99,9,9,99,99,9,9,99,9,99,9,1,1,1,1,27,6,125,1,1,HONDA WW125,3,E01033092,0,4
2024231490903,2024,231490903,2,3,0,-1,19,6,2,-1,0,8,1,0,7,9,1,1,-1,6,1,60,9,125,1,2,HONDA WW125,7,E01031283,0,1
2024421462485,2024,421462485,2,3,0,-1,4,3,7,-1,0,0,0,0,0,0,2,1,-1,6,1,33,6,125,1,1,HONDA WW125,2,E01001505,0,4
2024201447549,2024,201447549,2,3,0,-1,2,0,0,-1,0,1,0,0,0,0,1,1,-1,1,1,30,6,125,1,7,HONDA WW125,2,E01010344,0,3
2024010499056,2024,010499056,1,3,0,99,99,9,9,99,99,9,9,99,9,99,9,1,2,2,1,27,6,125,1,5,HONDA WW125,2,E01033932,0,1
2024531512148,2024,531512148,1,3,0,-1,14,3,7,-1,0,2,0,0,0,0,1,1,-1,6,1,26,6,125,1,2,HONDA WW125,1,E01022147,0,1
2024461411727,2024,461411727,2,4,0,-1,19,6,2,-1,0,0,1,10,0,0,4,1,-1,6,1,26,6,125,1,1,HONDA WW125,8,E01024203,0,2
2024430402236,2024,430402236,1,2,0,18,19,9,9,0,0,4,0,0,0,0,4,1,2,2,1,33,6,125,1,0,HONDA WW125,-1,-1,0,-1
2024522500162,2024,522500162,1,3,0,4,4,2,6,0,0,0,0,0,0,0,1,1,6,6,1,25,5,125,1,0,HONDA WW125,5,E01032070,0,4
2024010499334,2024,010499334,1,3,0,99,99,9,9,99,99,1,9,99,9,99,9,1,2,2,1,39,7,125,1,8,HONDA WW125,1,E01001425,0,3
2024010540559,2024,010540559,1,3,0,18,19,7,3,0,0,1,5,0,0,0,2,1,2,2,1,44,7,125,1,3,HONDA WW125,3,E01001365,0,1
2024010524293,2024,010524293,2,3,0,9,9,1,7,0,0,8,0,10,2,11,3,1,6,6,1,33,6,125,1,5,HONDA WW125,5,E01000170,0,1
2024010542797,2024,010542797,1,3,0,99,99,9,9,99,99,9,9,99,9,99,9,1,1,1,1,48,8,125,1,2,HONDA WW125,3,E01003980,0,1
2024010533466,2024,010533466,2,3,0,99,99,9,9,99,99,2,9,99,9,99,9,1,1,1,1,30,6,125,1,3,HONDA WW125,6,E01034486,0,2
2024440321538,2024,440321538,2,3,0,9,9,7,5,0,0,5,1,0,7,11,1,1,6,6,1,14,3,125,1,4,HONDA WW125,2,E01017265,0,1
2024010525908,2024,010525908,2,3,0,99,99,9,9,99,99,0,9,99,9,99,9,1,1,1,1,21,5,125,1,11,HONDA WW125,2,E01003207,0,3
202454A544524,2024,54A544524,2,3,0,3,3,7,3,0,0,0,0,0,0,0,2,1,2,2,1,37,7,125,1,1,HONDA WW125,8,E01015526,0,1
2024340NN2542,2024,340NN2542,2,3,0,-1,19,5,1,-1,0,8,0,0,0,0,1,1,-1,9,1,17,4,125,1,13,HONDA WW125,3,E01027065,0,1
2024010494656,2024,010494656,1,3,0,99,99,9,9,99,99,0,9,99,9,99,2,1,1,1,1,29,6,125,1,5,HONDA WW125,3,E01003574,0,1
2024010527407,2024,010527407,1,3,0,18,19,5,1,2,2,8,0,0,0,0,1,1,6,6,2,23,5,125,1,3,HONDA WW125,2,E01003238,0,1
2024311500783,2024,311500783,1,3,0,-1,9,1,2,-1,0,4,0,0,0,0,1,1,-1,9,1,33,6,125,1,1,HONDA WW125,1,E01032621,0,2
2024010549616,2024,010549616,2,3,0,13,13,1,5,0,0,1,2,0,0,0,1,1,6,6,1,23,5,125,1,12,HONDA WW125,-1,-1,0,-1
2024010525318,2024,010525318,2,4,0,5,5,3,7,0,0,6,0,0,0,0,3,1,6,6,1,27,6,125,1,5,HONDA WW125,2,E01001337,0,2
2024010512848,2024,010512848,1,3,0,99,99,9,9,99,99,9,9,99,9,99,2,1,1,1,1,35,6,125,1,3,HONDA WW125,1,E01001178,0,1
2024501409886,2024,501409886,2,3,0,-1,19,3,7,-1,0,8,2,0,0,0,1,1,-1,1,1,28,6,125,1,3,HONDA WW125,4,E01015062,0,1
2024010524962,2024,010524962,2,2,0,9,9,2,8,0,0,5,0,0,0,0,1,1,6,6,1,-1,-1,125,1,9,HONDA WW125,-1,-1,0,-1
2024010486917,2024,010486917,1,3,0,7,7,5,7,0,0,2,0,0,0,0,1,1,6,6,1,32,6,125,1,2,HONDA WW125,2,E01003540,0,2
2024010522024,2024,010522024,1,3,0,99,99,9,9,99,99,9,9,99,9,99,1,1,1,1,1,39,7,125,1,2,HONDA WW125,2,E01032564,0,3
2024311527165,2024,311527165,1,3,0,-1,19,4,8,-1,0,0,0,0,0,0,3,1,-1,1,1,35,6,125,1,8,HONDA WW125,5,E01015782,0,5
2024010527984,2024,010527984,1,3,0,99,99,9,9,99,99,9,9,99,9,99,9,1,1,1,1,24,5,125,1,1,HONDA WW125,1,E01001442,0,1
2024430365626,2024,430365626,1,3,0,9,9,4,2,0,0,6,0,0,0,0,3,1,2,2,1,26,6,125,1,2,HONDA WW125,7,E01002203,0,4
2024010523761,2024,010523761,1,3,0,18,19,5,1,0,0,1,0,0,0,0,1,1,1,1,1,27,6,125,1,2,HONDA WW125,-1,-1,0,-1
2024011510863,2024,011510863,1,3,0,-1,4,1,5,-1,0,1,0,0,0,0,2,1,-1,6,1,27,6,125,1,1,HONDA WW125,-1,-1,0,-1
2024332400809,2024,332400809,2,3,0,-1,19,7,3,-1,0,0,0,0,0,0,1,1,-1,1,1,32,6,125,1,0,HONDA WW125,3,E01003531,0,5
2024010527009,2024,010527009,1,3,0,3,3,9,9,99,99,0,9,99,9,99,1,1,2,2,1,25,5,125,1,3,HONDA WW125,3,E01003589,0,3
2024010511905,2024,010511905,2,2,0,18,19,7,3,0,0,1,0,0,0,0,4,1,6,6,3,-1,-1,125,1,1,HONDA WW125,-1,-1,0,-1
2024411443113,2024,411443113,2,3,-1,-1,3,1,5,-1,0,1,0,0,0,0,1,1,-1,1,1,30,6,125,1,6,HONDA WW125,7,E01023901,0,1
2024131495718,2024,131495718,1,3,0,-1,5,5,7,-1,0,6,0,0,0,0,3,1,-1,9,1,36,7,125,1,3,HONDA WW125,3,E01011529,0,1
2024451469884,2024,451469884,1,3,0,-1,10,1,5,-1,0,2,0,0,0,0,1,1,-1,2,1,35,6,125,1,2,HONDA WW125,4,E01030609,0,1
2024451483078,2024,451483078,3,3,0,-1,2,3,7,-1,0,1,0,0,0,0,2,1,-1,9,2,42,7,125,1,2,HONDA WW125,3,E01030385,0,1
2024471534699,2024,471534699,2,4,0,-1,3,6,2,-1,0,1,0,0,0,0,2,1,-1,2,1,33,6,125,1,0,HONDA WW125,4,E01031547,0,1
2024010502789,2024,010502789,2,4,0,18,19,7,3,0,0,1,5,0,0,0,1,1,1,1,2,49,8,125,1,4,HONDA WW125,3,E01001089,0,3
2024010519529,2024,010519529,1,2,0,99,99,9,9,0,0,9,9,0,9,0,1,1,6,6,3,-1,-1,125,1,2,HONDA WW125,-1,-1,0,-1
2024010498446,2024,010498446,1,3,0,18,19,9,9,99,99,1,9,99,9,99,9,1,1,1,3,35,6,125,1,1,HONDA WW125,6,E01003149,0,1
2024041478384,2024,041478384,2,3,0,-1,9,2,8,-1,0,8,0,0,0,0,1,1,-1,1,1,29,6,125,1,11,HONDA WW125,1,E01012646,0,1
2024010524376,2024,010524376,2,3,0,18,19,1,5,0,0,8,0,0,0,0,1,1,6,6,1,27,6,125,1,2,HONDA WW125,-1,-1,0,-1
2024010501737,2024,010501737,1,3,0,99,99,9,9,99,99,1,9,99,9,99,9,1,1,1,3,29,6,125,1,2,HONDA WW125,3,E01001180,0,2
2024451426286,2024,451426286,1,3,0,-1,5,1,5,-1,0,0,1,4,0,0,4,1,-1,9,1,20,4,125,1,2,HONDA WW125,3,E01034039,0,3
2024010537605,2024,010537605,1,2,0,18,19,3,7,0,0,0,0,0,7,0,1,1,6,6,1,21,5,125,1,3,HONDA WW125,4,E01003785,0,3
2024010529244,2024,010529244,1,3,0,18,19,7,3,0,0,1,0,0,0,0,1,1,6,6,1,20,4,125,1,3,HONDA WW125,3,E01034039,0,1
2024411501519,2024,411501519,2,2,0,-1,19,4,3,-1,0,1,0,0,7,11,4,1,-1,6,1,26,6,125,1,3,HONDA WW125,6,E01023863,0,1
2024471467959,2024,471467959,1,3,0,-1,4,3,7,-1,0,0,0,0,0,0,4,1,-1,9,1,34,6,125,1,0,HONDA WW125,1,E01021135,0,1
2024522402025,2024,522402025,1,3,0,4,4,9,9,0,0,0,0,0,0,0,1,1,6,6,1,30,6,125,1,1,HONDA WW125,1,E01014653,0,1
2024010527657,2024,010527657,2,3,0,18,19,7,3,0,0,0,0,4,0,0,1,1,1,1,1,28,6,125,1,1,HONDA WW125,5,E01002232,0,1
2024010542684,2024,010542684,1,3,0,3,3,7,3,0,0,1,0,0,0,0,2,1,2,2,1,32,6,125,1,2,HONDA WW125,8,E01034606,0,1
2024010499825,2024,010499825,1,3,0,99,99,9,9,99,99,9,9,99,9,99,1,1,1,1,1,21,5,125,1,3,HONDA WW125,3,E01001445,0,3
2024010528321,2024,010528321,1,3,0,99,99,9,9,99,99,1,9,99,9,99,1,1,1,1,3,38,7,125,1,3,HONDA WW125,5,E01001146,0,2
2024451509263,2024,451509263,2,3,0,-1,19,3,7,-1,1,0,5,0,0,0,2,1,-1,1,1,48,8,125,1,7,HONDA WW125,3,E01034592,0,4
2024522402574,2024,522402574,2,3,0,99,99,9,9,0,0,8,0,0,0,0,9,1,6,6,3,-1,-1,125,1,1,HONDA WW125,-1,-1,0,-1
2024440219459,2024,440219459,1,3,0,18,19,3,7,0,0,0,0,0,0,0,0,1,6,6,1,21,5,125,1,13,HONDA WW125,1,E01017102,0,1
2024522401816,2024,522401816,1,3,0,18,19,8,4,0,0,0,0,0,0,0,1,1,6,6,1,36,7,125,1,6,HONDA WW125,8,E01014554,0,1
2024010503920,2024,010503920,1,3,0,99,99,9,9,99,99,9,9,99,9,99,1,1,1,1,1,41,7,125,1,2,HONDA WW125,2,E01001487,0,1
2024010508544,2024,010508544,1,3,0,18,19,5,1,0,0,8,0,0,0,0,4,1,6,6,1,24,5,125,1,6,HONDA WW125,2,E01000008,0,1
2024010535615,2024,010535615,2,3,0,4,4,7,3,0,0,8,1,0,0,0,4,1,2,2,1,46,8,125,1,4,HONDA WW125,2,E01001958,0,1
2024010500197,2024,010500197,1,3,0,99,99,9,9,99,99,0,9,99,9,99,9,1,1,1,3,25,5,125,1,1,HONDA WW125,3,E01000577,0,1
2024010522395,2024,010522395,2,3,0,99,99,9,9,99,99,1,9,99,9,99,9,1,2,2,3,30,6,125,1,1,HONDA WW125,3,E01000641,0,1
2024010539912,2024,010539912,2,3,0,18,19,5,1,2,2,1,0,0,0,0,4,1,6,6,2,27,6,125,1,2,HONDA WW125,-1,-1,0,-1
2024010512444,2024,010512444,1,3,0,99,99,9,9,99,99,9,9,99,9,99,9,1,1,1,3,24,5,125,1,1,HONDA WW125,4,E01035117,0,5
2024010542814,2024,010542814,2,3,0,18,19,1,5,0,0,1,1,0,0,0,1,1,6,6,1,38,7,125,1,6,HONDA WW125,5,E01003166,0,3
2024451527683,2024,451527683,1,4,-1,-1,-1,-1,-1,-1,-1,-1,-1,-1,-1,0,-1,1,-1,2,1,26,6,125,1,5,HONDA WW125,6,E01002630,0,2
2024010544974,2024,010544974,1,3,0,99,99,9,9,99,99,2,9,99,9,99,9,1,1,1,3,32,6,125,1,2,HONDA WW125,6,E01001685,0,2
2024010499055,2024,010499055,1,3,9,99,99,9,9,99,99,9,9,99,9,99,1,1,1,1,1,20,4,125,1,2,HONDA WW125,1,E01002038,0,4
2024451494917,2024,451494917,1,3,0,-1,99,1,5,-1,99,1,9,99,0,0,9,1,-1,1,1,35,6,125,1,2,HONDA WW125,4,E01030400,0,1
2024010526851,2024,010526851,2,3,0,99,99,9,9,99,99,9,9,99,9,99,9,9,6,6,3,-1,-1,125,1,1,HONDA WW125,-1,-1,0,-1
2024401415301,2024,401415301,2,4,0,-1,13,5,1,-1,0,0,0,0,0,0,4,1,-1,6,1,27,6,125,1,2,HONDA WW125,5,E01017440,0,1
2024010512908,2024,010512908,1,3,0,99,99,9,9,99,99,9,9,99,9,99,9,1,2,2,1,24,5,125,1,2,HONDA WW125,4,E01003145,0,1
2024010500513,2024,010500513,1,3,9,3,3,9,9,0,0,0,9,99,9,99,9,1,6,6,1,28,6,125,1,2,HONDA WW125,7,E01002160,0,3
2024031516501,2024,031516501,2,3,0,-1,7,6,8,-1,0,1,0,0,0,0,1,1,-1,9,1,22,5,125,1,1,HONDA WW125,-1,-1,0,-1
2024010540438,2024,010540438,1,3,0,99,99,9,9,99,99,9,9,99,9,99,2,1,1,1,1,35,6,125,1,3,HONDA WW125,5,E01034600,0,1
2024010517468,2024,010517468,1,3,0,99,99,9,9,99,99,1,9,99,9,99,9,1,6,6,3,24,5,125,1,1,HONDA WW125,3,E01016909,0,4
2024010541865,2024,010541865,2,3,0,6,6,5,5,0,0,4,0,0,0,0,3,1,6,6,1,44,7,125,1,8,HONDA WW125,2,E01034479,0,1
2024010536945,2024,010536945,1,3,9,99,99,9,9,99,99,9,9,99,9,99,1,1,1,1,1,33,6,125,1,1,HONDA WW125,5,E01001085,0,1
2024371511136,2024,371511136,1,3,0,-1,19,2,6,-1,0,2,0,0,0,0,1,1,-1,2,2,19,4,125,1,0,HONDA WW125,4,E01030110,0,2
2024371421528,2024,371421528,2,3,0,-1,9,4,1,-1,0,8,0,0,0,0,3,1,-1,9,1,22,5,125,1,9,HONDA WW125,6,E01030186,0,1
2024010500328,2024,010500328,1,3,0,99,99,9,9,99,99,1,9,99,9,99,9,1,2,2,3,36,7,125,1,2,HONDA WW125,3,E01002031,0,2
2024010539154,2024,010539154,1,3,0,11,11,1,5,6,6,7,1,0,0,0,1,1,6,6,1,23,5,125,1,0,HONDA WW125,4,E01001321,0,1
2024501536067,2024,501536067,1,3,0,-1,4,1,4,-1,9,0,0,0,0,0,2,1,-1,1,1,38,7,125,1,6,HONDA WW125,2,E01015053,0,1
2024010539756,2024,010539756,3,3,0,18,19,1,5,0,0,1,0,0,0,0,1,1,6,6,3,24,5,125,1,4,HONDA WW125,-1,-1,0,-1
2024451415566,2024,451415566,2,3,0,-1,19,7,3,-1,0,8,0,0,0,0,1,1,-1,1,1,52,8,125,1,3,HONDA WW125,9,E01030920,0,1
2024010499270,2024,010499270,1,3,0,99,99,9,9,99,99,9,9,99,9,99,1,9,2,2,1,24,5,125,1,3,HONDA WW125,7,E01002121,0,2
2024010524483,2024,010524483,2,3,0,99,99,9,9,99,99,9,9,99,9,99,9,1,1,1,3,26,6,125,1,0,HONDA WW125,4,E01003222,0,1
2024522402194,2024,522402194,1,2,0,18,19,2,6,0,0,1,0,0,0,0,1,1,6,6,3,-1,-1,125,1,7,HONDA WW125,-1,-1,0,-1
2024544824824,2024,544824824,1,4,0,18,19,2,6,0,0,1,0,0,0,0,1,1,6,6,1,22,5,125,1,6,HONDA WW125,3,E01015503,0,1
2024010500360,2024,010500360,1,3,0,99,99,9,9,99,99,9,9,99,9,99,9,1,1,1,1,36,7,125,1,0,HONDA WW125,6,E01003398,0,1
2024061426228,2024,061426228,2,3,0,-1,19,-1,-1,-1,0,8,9,0,0,0,1,1,-1,6,1,-1,-1,125,1,7,HONDA WW125,1,E01005947,0,1
2024411538172,2024,411538172,2,3,-1,-1,-1,-1,-1,-1,-1,-1,-1,-1,-1,0,3,1,-1,1,1,37,7,125,1,2,HONDA WW125,8,E01002148,0,2
2024311542703,2024,311542703,1,3,0,-1,19,1,5,-1,0,8,0,0,0,0,1,1,-1,6,1,19,4,125,1,3,HONDA WW125,-1,-1,0,-1
2024201515026,2024,201515026,2,3,0,-1,12,4,8,-1,2,0,0,0,0,0,1,1,-1,6,1,25,5,125,1,7,HONDA WW125,1,E01033643,0,1
2024471532544,2024,471532544,1,3,0,-1,14,1,4,-1,0,0,1,0,0,0,4,1,-1,1,1,30,6,125,1,7,HONDA WW125,2,E01020910,0,1
2024451425388,2024,451425388,2,3,0,-1,19,1,5,-1,0,8,2,0,0,0,1,1,-1,6,1,25,5,125,1,2,HONDA WW125,-1,-1,0,-1
2024010503768,2024,010503768,1,3,0,18,19,1,5,0,0,1,0,0,0,0,1,1,6,6,2,41,7,125,1,0,HONDA WW125,4,E01003916,0,1
2024010547310,2024,010547310,1,3,0,99,99,9,9,99,99,9,9,99,9,99,1,1,6,6,1,26,6,125,1,1,HONDA WW125,4,E01004538,0,2
2024052400891,2024,052400891,2,3,0,18,19,7,3,0,0,1,1,0,0,0,1,1,1,1,2,37,7,125,1,4,HONDA WW125,1,E01006778,0,2
2024522401627,2024,522401627,2,3,0,3,3,7,3,0,0,1,0,0,0,0,2,1,6,6,1,55,8,125,1,2,HONDA WW125,2,E01014661,0,1
2024531416983,2024,531416983,1,3,0,-1,19,3,7,-1,0,8,0,0,0,0,1,1,-1,1,1,48,8,125,1,1,HONDA WW125,5,E01022102,0,1
2024471453573,2024,471453573,1,4,0,-1,19,7,4,-1,0,8,0,0,0,0,1,1,-1,6,1,16,4,125,1,0,HONDA WW125,1,E01021135,0,1
2024010506761,2024,010506761,1,3,0,18,19,5,1,0,0,8,5,0,0,0,0,1,1,1,1,37,7,125,1,9,HONDA WW125,9,E01000156,0,2
2024010524694,2024,010524694,3,3,0,18,19,5,1,0,0,0,0,0,0,0,2,1,6,6,1,22,5,125,1,1,HONDA WW125,2,E01002096,0,1
2024010497911,2024,010497911,1,3,0,99,99,9,9,99,99,9,9,99,9,99,1,1,6,6,1,38,7,125,1,3,HONDA WW125,5,E01002635,0,1
2024010530184,2024,010530184,1,3,0,99,99,9,9,99,99,0,9,99,9,99,9,1,1,1,1,28,6,125,1,1,HONDA WW125,8,E01004623,0,1
2024010514695,2024,010514695,1,3,0,99,99,9,9,99,99,9,9,99,9,99,9,1,1,1,1,40,7,125,1,8,HONDA WW125,3,E01004435,0,2
2024010544923,2024,010544923,2,3,0,4,4,5,1,0,0,1,0,0,0,0,2,1,2,2,1,32,6,125,1,5,HONDA WW125,3,E01003539,0,1
2024010532871,2024,010532871,1,3,0,99,99,9,9,99,99,9,9,99,9,99,9,1,6,6,1,28,6,125,1,4,HONDA WW125,3,E01001703,0,1
2024010536758,2024,010536758,1,3,0,99,99,9,9,99,99,9,9,99,9,99,9,1,6,6,1,27,6,125,1,0,HONDA WW125,3,E01002131,0,2
2024010529606,2024,010529606,1,3,0,18,19,5,1,0,0,1,0,0,0,0,1,1,6,6,1,18,4,125,1,5,HONDA WW125,7,E01035522,0,4
2024010541306,2024,010541306,1,3,0,18,19,7,3,0,0,1,0,0,0,0,1,1,6,6,1,55,8,125,1,4,HONDA WW125,4,E01000257,0,2
2024520500366,2024,520500366,2,3,0,18,19,3,7,0,0,8,0,0,0,0,1,1,6,6,1,29,6,125,1,2,HONDA WW125,5,E01029279,0,2
2024010550836,2024,010550836,1,2,0,99,99,9,9,99,99,9,9,99,9,99,9,1,6,6,1,34,6,125,1,2,HONDA WW125,3,E01034038,0,1
2024010529462,2024,010529462,1,3,0,13,13,5,1,0,0,1,2,0,0,0,1,1,1,1,1,32,6,125,1,1,HONDA WW125,2,E01003558,0,1
2024201433758,2024,201433758,2,3,0,-1,2,0,0,-1,0,0,0,0,0,0,1,1,-1,6,1,24,5,125,1,11,HONDA WW125,1,E01009365,0,1
2024010514628,2024,010514628,1,3,0,10,10,5,3,0,0,1,0,0,0,0,3,1,1,1,1,37,7,125,1,4,HONDA WW125,3,E01004211,0,1
2024010547652,2024,010547652,1,3,0,14,14,9,9,99,99,1,9,99,9,99,9,1,1,1,3,23,5,125,1,0,HONDA WW125,8,E01000118,0,2
2024010520206,2024,010520206,2,4,0,18,19,1,5,0,0,8,0,0,0,0,2,1,6,6,1,50,8,125,1,1,HONDA WW125,7,E01000668,0,1
2024070271744,2024,070271744,1,3,0,17,19,4,8,0,0,1,0,0,0,0,1,1,6,6,1,20,4,125,1,2,HONDA WW125,1,E01005321,0,4
2024461500592,2024,461500592,2,4,0,-1,6,4,4,-1,0,3,0,0,0,0,4,1,-1,1,1,37,7,125,1,0,HONDA WW125,1,E01024667,0,1
202454E054324,2024,54E054324,2,3,0,18,19,6,2,0,0,8,1,0,0,0,4,1,6,6,1,28,6,125,1,12,HONDA WW125,4,E01015502,0,2
2024440156439,2024,440156439,1,3,0,18,19,5,1,0,0,1,0,0,0,0,1,1,6,6,1,-1,-1,125,1,10,HONDA WW125,-1,-1,0,-1
2024451457049,2024,451457049,1,3,0,-1,10,3,7,-1,0,8,0,0,0,0,2,1,-1,9,1,32,6,125,1,1,HONDA WW125,2,E01001331,0,3
2024010512741,2024,010512741,1,3,0,99,99,9,9,99,99,0,9,99,9,99,1,1,1,1,1,23,5,125,1,2,HONDA WW125,4,E01003561,0,2
2024010542357,2024,010542357,2,3,0,3,3,1,5,0,0,1,0,0,0,0,1,1,1,1,2,26,6,125,1,0,HONDA WW125,7,E01002412,0,1
2024010487801,2024,010487801,1,3,0,18,19,5,1,0,0,2,0,0,0,0,1,1,1,1,1,25,5,125,1,8,HONDA WW125,5,E01003495,0,1
2024010536682,2024,010536682,1,3,0,3,3,5,1,0,0,1,0,0,0,0,2,1,1,1,1,38,7,125,1,11,HONDA WW125,5,E01003494,0,1
2024010522546,2024,010522546,1,3,0,99,99,9,9,99,99,9,9,99,9,99,9,1,1,1,3,25,5,125,1,0,HONDA WW125,5,E01000591,0,2
2024010537390,2024,010537390,1,3,0,99,99,9,9,99,99,9,9,99,9,99,1,1,6,6,1,24,5,125,1,0,HONDA WW125,4,E01002130,0,1
2024430277949,2024,430277949,1,3,0,18,19,6,2,4,4,0,0,0,0,0,1,1,6,6,1,18,4,125,1,9,HONDA WW125,3,E01016391,0,1
2024411407139,2024,411407139,2,3,-1,-1,-1,-1,-1,-1,-1,0,-1,-1,-1,0,-1,1,-1,1,1,25,5,125,1,5,HONDA WW125,8,E01002474,0,3
2024522402441,2024,522402441,1,3,0,17,19,4,2,0,0,8,0,0,0,0,4,1,6,6,1,30,6,125,1,0,HONDA WW125,5,E01014707,0,2
2024141440826,2024,141440826,2,3,0,-1,19,6,2,-1,0,0,2,0,0,0,0,1,-1,6,1,81,11,125,1,0,HONDA WW125,6,E01007707,0,1
2024010507547,2024,010507547,2,2,0,99,99,9,9,99,99,9,9,99,9,99,1,1,6,6,1,47,8,125,1,3,HONDA WW125,6,E01003144,0,3
2024010524646,2024,010524646,1,3,9,99,99,9,9,99,99,9,9,99,9,99,1,1,1,1,1,29,6,125,1,2,HONDA WW125,6,E01003003,0,1
2024010541721,2024,010541721,2,3,9,99,99,9,9,99,99,9,9,99,9,99,9,1,6,6,1,38,7,125,1,1,HONDA WW125,2,E01033931,0,1
2024010543559,2024,010543559,2,3,0,18,19,5,1,0,0,1,0,0,0,0,1,1,6,6,1,23,5,125,1,10,HONDA WW125,4,E01004039,0,2
2024010535221,2024,010535221,2,3,0,18,19,7,3,0,0,2,0,0,0,0,1,1,6,6,1,34,6,125,1,1,HONDA WW125,-1,-1,0,-1
2024522402178,2024,522402178,2,4,0,18,19,8,5,0,0,6,0,0,0,0,1,1,6,6,1,17,4,125,1,1,HONDA WW125,1,E01014653,0,2
2024010522907,2024,010522907,1,3,0,99,99,9,9,99,99,9,9,99,9,99,1,1,6,6,1,42,7,125,1,1,HONDA WW125,8,E01024760,0,4
2024430458204,2024,430458204,1,3,0,3,3,1,5,0,0,0,0,0,0,0,1,1,2,2,1,22,5,125,1,7,HONDA WW125,4,E01017904,0,1
2024010542879,2024,010542879,2,3,0,18,19,1,5,0,0,1,0,0,0,0,1,1,6,6,2,21,5,125,1,2,HONDA WW125,4,E01000035,0,1
2024010543131,2024,010543131,1,3,0,99,99,9,9,99,99,9,9,99,9,99,1,1,6,6,1,28,6,125,1,1,HONDA WW125,3,E01002235,0,3
2024010532586,2024,010532586,1,3,9,99,99,9,9,99,99,9,9,99,9,99,9,1,1,1,1,37,7,125,1,7,HONDA WW125,3,E01001645,0,2
2024010514398,2024,010514398,1,3,0,99,99,9,9,99,99,9,9,99,9,99,1,1,6,6,1,38,7,125,1,5,HONDA WW125,5,E01023827,0,4
2024010513895,2024,010513895,1,3,0,18,19,7,3,0,0,2,5,0,0,0,1,1,6,6,1,25,5,125,1,5,HONDA WW125,5,E01000110,0,4
2024010528138,2024,010528138,1,3,0,99,99,9,9,99,99,9,9,99,9,99,1,1,1,1,1,35,6,125,1,3,HONDA WW125,2,E01033604,0,3