collision_index,collision_year,collision_ref_no,vehicle_reference,vehicle_type,towing_and_articulation,vehicle_manoeuvre_historic,vehicle_manoeuvre,vehicle_direction_from,vehicle_direction_to,vehicle_location_restricted_lane_historic,vehicle_location_restricted_lane,junction_location,skidding_and_overturning,hit_object_in_carriageway,vehicle_leaving_carriageway,hit_object_off_carriageway,first_point_of_impact,vehicle_left_hand_drive,journey_purpose_of_driver_historic,journey_purpose_of_driver,sex_of_driver,age_of_driver,age_band_of_driver,engine_capacity_cc,propulsion_code,age_of_vehicle,generic_make_model,driver_imd_decile,lsoa_of_driver,escooter_flag,driver_distance_banding
2024010521503,2024,010521503,1,3,0,99,99,9,9,99,99,2,9,99,9,99,1,1,2,2,1,28,6,125,1,3,HONDA WW125,5,E01002660,0,2
2024010502951,2024,010502951,1,3,0,99,99,9,9,99,99,1,9,99,9,99,1,1,6,6,1,20,4,125,1,3,HONDA WW125,2,E01001876,0,1
2024010529269,2024,010529269,2,3,0,5,5,2,6,0,0,1,0,0,0,0,1,1,1,1,1,24,5,125,1,2,HONDA WW125,2,E01002686,0,2
2024070903774,2024,070903774,2,3,0,-1,19,1,1,-1,0,1,0,0,0,0,0,1,-1,9,1,19,4,125,1,2,HONDA WW125,1,E01005321,0,4
2024010523509,2024,010523509,2,3,0,18,19,5,1,0,0,0,0,0,0,0,1,1,6,6,1,18,4,125,1,4,HONDA WW125,2,E01000527,0,1
2024010491493,2024,010491493,2,3,0,18,19,3,7,0,0,8,0,0,0,0,1,1,1,1,1,33,6,125,1,4,HONDA WW125,6,E01021962,0,4
2024010538920,2024,010538920,2,3,0,99,99,9,9,99,99,9,9,99,9,99,9,1,6,6,3,-1,-1,125,1,7,HONDA WW125,-1,-1,0,-1
2024010504246,2024,010504246,1,3,0,99,99,9,9,99,99,9,9,99,9,99,9,1,6,6,1,25,5,125,1,4,HONDA WW125,2,E01003159,0,1
2024010506366,2024,010506366,2,3,0,99,99,9,9,0,0,0,0,99,9,99,9,1,6,6,3,-1,-1,125,1,0,HONDA WW125,-1,-1,0,-1
2024201488538,2024,201488538,2,3,0,-1,19,2,6,-1,0,0,0,0,0,0,2,1,-1,6,1,22,5,125,1,1,HONDA WW125,1,E01007010,0,5
2024440332222,2024,440332222,1,3,0,17,19,1,6,0,0,0,1,0,0,0,0,1,6,6,1,54,8,125,1,10,HONDA WW125,10,E01016605,0,4
2024010501712,2024,010501712,1,3,9,99,99,9,9,99,99,9,9,99,9,99,9,1,6,6,1,28,6,125,1,3,HONDA WW125,4,E01003209,0,1
2024010507614,2024,010507614,1,3,0,18,19,7,3,99,99,9,9,99,0,0,1,1,2,2,1,31,6,125,1,0,HONDA WW125,8,E01000653,0,3
2024010544230,2024,010544230,1,3,0,18,19,1,5,0,0,2,0,0,0,0,0,1,2,2,1,28,6,125,1,8,HONDA WW125,1,E01000528,0,2
2024010537168,2024,010537168,2,3,0,14,14,5,1,0,0,1,0,5,0,0,1,1,6,6,1,28,6,125,1,11,HONDA WW125,2,E01001130,0,1
2024010541644,2024,010541644,1,3,0,18,19,1,5,0,0,8,0,0,0,0,1,1,6,6,1,21,5,125,1,13,HONDA WW125,2,E01001151,0,2
2024010524459,2024,010524459,1,3,0,99,99,9,9,99,99,9,9,99,9,99,9,1,6,6,2,27,6,125,1,8,HONDA WW125,4,E01002070,0,1
2024010499809,2024,010499809,2,3,0,13,13,1,5,0,0,0,0,0,0,0,1,1,2,2,1,27,6,125,1,1,HONDA WW125,-1,-1,0,-1
2024010510628,2024,010510628,1,3,9,99,99,9,9,99,99,9,9,99,9,99,9,1,1,1,3,26,6,125,1,2,HONDA WW125,3,E01003151,0,3
2024010502753,2024,010502753,1,3,0,99,99,9,9,99,99,9,9,99,9,99,1,1,6,6,1,21,5,125,1,2,HONDA WW125,3,E01001188,0,1
2024010502272,2024,010502272,2,3,0,9,9,7,6,0,0,8,0,0,0,0,1,1,6,6,1,23,5,125,1,5,HONDA WW125,5,E01001863,0,1
2024010498999,2024,010498999,1,3,0,18,19,7,3,0,0,1,0,0,0,0,1,1,1,1,1,25,5,125,1,6,HONDA WW125,4,E01002645,0,1
2024451455736,2024,451455736,1,3,0,-1,19,1,5,-1,0,1,0,0,0,0,1,1,-1,2,1,42,7,125,1,5,HONDA WW125,4,E01030983,0,2
2024010541617,2024,010541617,1,3,0,3,3,1,5,0,0,4,0,0,0,0,3,1,6,6,1,25,5,125,1,0,HONDA WW125,-1,-1,0,-1
2024010545406,2024,010545406,2,3,0,10,10,3,1,0,0,4,5,0,0,0,2,1,1,1,1,32,6,125,1,0,HONDA WW125,5,E01001381,0,1
2024010526134,2024,010526134,1,3,0,15,15,1,5,0,0,0,2,0,0,0,1,1,6,6,1,31,6,125,1,6,HONDA WW125,6,E01003742,0,3
2024010504161,2024,010504161,1,3,0,9,9,7,5,0,0,6,0,4,0,0,2,1,1,1,1,27,6,125,1,9,HONDA WW125,3,E01003571,0,1
2024010546965,2024,010546965,1,3,0,99,99,9,9,99,99,0,9,99,9,99,2,1,6,6,3,-1,-1,125,1,4,HONDA WW125,-1,-1,0,-1
2024101400564,2024,101400564,2,3,0,-1,3,8,4,-1,0,8,0,0,0,0,2,1,-1,6,1,40,7,125,1,1,HONDA WW125,9,E01008367,0,2
2024010525335,2024,010525335,2,3,0,18,19,7,3,0,0,1,0,0,0,0,1,1,1,1,1,43,7,125,1,6,HONDA WW125,1,E01001761,0,2
2024010518758,2024,010518758,2,2,0,18,19,9,9,99,99,9,9,99,9,99,9,1,6,6,1,-1,-1,125,1,1,HONDA WW125,-1,-1,0,-1
2024010534978,2024,010534978,2,3,0,9,9,2,7,0,0,8,0,0,0,0,4,1,6,6,1,28,6,125,1,2,HONDA WW125,3,E01001154,0,2
2024010506039,2024,010506039,1,3,0,99,99,9,9,99,99,9,9,99,9,99,2,1,1,1,1,24,5,125,1,3,HONDA WW125,3,E01001326,0,1
2024522402922,2024,522402922,1,3,0,9,9,2,8,0,0,5,0,0,0,0,3,1,6,6,2,22,5,125,1,3,HONDA WW125,8,E01014723,0,1
2024010515991,2024,010515991,2,3,0,18,19,7,3,0,0,8,0,0,0,0,4,1,6,6,1,39,7,125,1,7,HONDA WW125,2,E01002090,0,1
2024451527237,2024,451527237,1,3,0,-1,7,2,6,-1,0,1,0,0,0,0,4,1,-1,1,1,54,8,125,1,5,HONDA WW125,6,E01003398,0,3
2024010523693,2024,010523693,2,3,0,15,15,7,3,0,0,3,0,0,0,0,1,1,2,2,1,30,6,125,1,3,HONDA WW125,4,E01030710,0,1
2024421515793,2024,421515793,2,3,0,-1,-1,-1,-1,-1,-1,-1,-1,-1,-1,0,-1,1,-1,6,1,-1,-1,125,1,12,HONDA WW125,-1,-1,0,-1
2024010517580,2024,010517580,2,3,0,18,19,2,6,0,0,1,2,0,0,0,1,1,6,6,1,23,5,125,1,2,HONDA WW125,2,E01001430,0,1
2024501410882,2024,501410882,2,3,0,-1,19,8,4,-1,0,8,0,0,0,0,1,1,-1,6,1,42,7,125,1,1,HONDA WW125,8,E01018787,0,2
2024201502527,2024,201502527,2,5,0,-1,2,0,0,-1,0,0,0,0,0,0,1,1,-1,1,1,39,7,125,1,2,HONDA WW125,2,E01009833,0,1
2024010500957,2024,010500957,1,3,0,99,99,9,9,99,99,9,9,99,9,99,9,1,1,1,1,41,7,125,1,2,HONDA WW125,3,E01001004,0,3
2024010543118,2024,010543118,2,4,0,18,19,1,5,0,0,3,2,0,0,0,3,1,2,2,1,36,7,125,1,2,HONDA WW125,7,E01002177,0,1
2024010509385,2024,010509385,1,3,9,99,99,9,9,99,99,9,9,99,9,99,9,1,1,1,1,19,4,125,1,2,HONDA WW125,2,E01033148,0,3
2024010515539,2024,010515539,1,3,0,99,99,9,9,99,99,9,9,99,9,99,9,1,2,2,1,33,6,125,1,4,HONDA WW125,9,E01004135,0,2
2024522403220,2024,522403220,2,3,0,18,19,1,5,0,0,8,0,0,0,0,1,1,6,6,1,18,4,125,1,5,HONDA WW125,3,E01033902,0,1
2024010508909,2024,010508909,2,3,0,13,13,1,5,0,0,9,9,99,0,0,1,1,6,6,3,-1,-1,125,1,1,HONDA WW125,4,E01004328,0,1
2024010535357,2024,010535357,1,3,0,99,99,9,9,99,99,9,9,99,9,99,9,1,1,1,3,26,6,125,1,1,HONDA WW125,5,E01001973,0,2
2024552400733,2024,552400733,2,3,0,18,19,2,6,0,0,8,0,0,0,0,4,1,6,6,1,49,8,125,1,1,HONDA WW125,2,E01015277,0,2
2024522401952,2024,522401952,2,3,0,9,9,2,6,0,0,6,0,0,0,0,1,1,6,6,1,34,6,125,1,7,HONDA WW125,5,E01035224,0,1
2024010507451,2024,010507451,1,3,0,18,19,3,7,0,0,4,5,0,0,0,0,1,6,6,1,24,5,125,1,7,HONDA WW125,-1,-1,0,-1
2024522402471,2024,522402471,2,3,0,18,19,1,5,0,0,0,0,0,0,0,1,1,6,6,1,24,5,125,1,5,HONDA WW125,4,E01014645,0,1
2024010495917,2024,010495917,1,3,0,18,19,2,6,0,0,2,0,0,0,0,1,1,6,6,1,26,6,125,1,5,HONDA WW125,4,E01002647,0,1
2024010529536,2024,010529536,2,3,0,18,19,3,7,0,0,1,0,0,0,0,1,1,2,2,1,27,6,125,1,6,HONDA WW125,7,E01000250,0,1
2024461455547,2024,461455547,1,3,0,-1,14,6,2,-1,0,6,2,0,7,11,1,1,-1,6,1,17,4,125,1,4,HONDA WW125,5,E01024065,0,1
2024522402175,2024,522402175,2,3,0,18,19,5,1,0,0,0,0,0,0,0,3,1,6,6,1,-1,-1,125,1,2,HONDA WW125,3,E01014572,0,2
2024010547213,2024,010547213,1,3,0,18,19,5,1,0,0,1,0,0,0,0,2,1,1,1,1,31,6,125,1,2,HONDA WW125,4,E01003405,0,1
2024010548651,2024,010548651,1,2,0,18,19,6,2,0,0,1,0,0,0,0,1,1,6,6,1,32,6,125,1,0,HONDA WW125,2,E01001395,0,1
2024461535825,2024,461535825,2,3,0,-1,19,5,1,-1,0,1,0,0,0,0,1,1,-1,1,1,25,5,125,1,12,HONDA WW125,7,E01024101,0,4
2024010546072,2024,010546072,1,3,0,99,99,9,9,99,99,0,9,99,9,99,1,1,6,6,3,30,6,125,1,8,HONDA WW125,2,E01034475,0,3
2024010511680,2024,010511680,1,3,0,99,99,9,9,99,99,9,9,99,9,99,1,1,6,6,1,30,6,125,1,7,HONDA WW125,1,E01002040,0,2
2024010550838,2024,010550838,1,3,0,18,19,7,3,0,0,7,5,0,0,0,1,1,1,1,1,27,6,125,1,2,HONDA WW125,4,E01030743,0,2
2024010549514,2024,010549514,1,3,0,99,99,9,9,99,99,9,9,99,9,99,1,1,6,6,1,44,7,125,1,4,HONDA WW125,4,E01000546,0,1
2024340NN0212,2024,340NN0212,2,3,0,-1,19,5,1,-1,0,1,0,0,0,0,1,1,-1,6,2,28,6,125,1,3,HONDA WW125,4,E01027328,0,1
2024201472749,2024,201472749,2,3,0,-1,3,5,1,-1,0,1,0,0,0,0,2,1,-1,9,1,44,7,125,1,2,HONDA WW125,1,E01009500,0,1
2024522400787,2024,522400787,2,3,0,13,13,6,2,0,0,8,0,0,0,0,1,1,6,6,1,18,4,125,1,2,HONDA WW125,10,E01014964,0,2
2024010489319,2024,010489319,1,3,0,3,3,9,9,99,99,9,9,99,9,99,2,9,1,1,1,28,6,125,1,2,HONDA WW125,2,E01035709,0,2
2024010511198,2024,010511198,2,3,5,13,13,8,4,0,0,1,0,0,0,0,4,1,6,6,1,23,5,125,1,1,HONDA WW125,-1,-1,0,-1
2024010512922,2024,010512922,1,3,0,99,99,9,9,99,99,9,9,99,9,99,1,1,1,1,1,32,6,125,1,7,HONDA WW125,5,E01000747,0,3
2024361498635,2024,361498635,2,3,0,-1,10,8,7,-1,0,1,0,0,0,0,4,1,-1,7,1,59,9,125,1,5,HONDA WW125,9,E01026558,0,1
2024010537198,2024,010537198,2,3,0,99,99,9,9,99,99,9,9,99,9,99,1,1,6,6,1,27,6,125,1,2,HONDA WW125,8,E01030409,0,3
2024010489345,2024,010489345,1,3,9,99,99,9,9,99,99,9,9,99,9,99,9,1,6,6,1,25,5,125,1,3,HONDA WW125,8,E01003709,0,1
2024010520772,2024,010520772,1,4,0,18,19,9,9,99,99,1,9,99,9,99,9,1,1,1,3,25,5,125,1,2,HONDA WW125,4,E01001183,0,3
2024451470081,2024,451470081,1,3,9,-1,19,8,7,-1,0,0,0,0,0,0,9,1,-1,9,1,23,5,125,1,1,HONDA WW125,8,E01017829,0,2
2024010507882,2024,010507882,1,3,0,18,19,1,5,0,0,0,0,0,1,4,1,1,6,6,1,48,8,125,1,5,HONDA WW125,3,E01000089,0,3
2024522403393,2024,522403393,2,3,0,9,9,8,6,0,0,5,0,0,0,0,3,1,6,6,2,26,6,125,1,1,HONDA WW125,2,E01014565,0,1
2024501406675,2024,501406675,1,3,0,-1,19,7,3,-1,0,1,5,0,0,0,1,1,-1,1,1,20,4,125,1,14,HONDA WW125,3,E01015143,0,2
2024451516017,2024,451516017,1,3,0,-1,19,2,6,-1,0,0,5,10,1,0,4,1,-1,1,2,31,6,125,1,2,HONDA WW125,4,E01016446,0,3
2024522403042,2024,522403042,1,3,0,18,19,1,5,0,0,0,0,0,0,0,1,1,6,6,1,40,7,125,1,4,HONDA WW125,2,E01033348,0,1
2024010515199,2024,010515199,1,3,0,99,99,9,9,99,99,9,9,99,9,99,9,1,1,1,1,25,5,125,1,5,HONDA WW125,7,E01001280,0,3
2024010545720,2024,010545720,1,3,9,99,99,9,9,99,99,0,9,99,9,99,1,1,6,6,1,28,6,125,1,1,HONDA WW125,4,E01000478,0,2
2024522401683,2024,522401683,1,3,0,3,3,6,2,0,0,0,0,0,0,0,1,1,6,6,1,24,5,125,1,1,HONDA WW125,5,E01014923,0,2
2024010545216,2024,010545216,1,3,0,18,19,2,6,6,6,2,2,0,0,0,1,1,1,1,1,28,6,125,1,0,HONDA WW125,4,E01002647,0,1
2024010524832,2024,010524832,1,3,0,13,13,3,7,0,0,1,0,0,0,0,3,1,6,6,1,39,7,125,1,13,HONDA WW125,3,E01003024,0,1
2024421427750,2024,421427750,1,3,-1,-1,4,5,1,-1,0,0,0,0,0,0,1,1,-1,6,3,-1,-1,125,1,9,HONDA WW125,-1,-1,0,-1
2024161478994,2024,161478994,1,3,0,-1,19,1,5,-1,0,8,0,0,0,0,1,1,-1,6,1,16,4,125,1,4,HONDA WW125,1,E01013284,0,1
2024010552609,2024,010552609,1,3,0,99,99,9,9,99,99,9,9,99,9,99,2,1,1,1,1,26,6,125,1,4,HONDA WW125,7,E01003665,0,1
2024010505996,2024,010505996,1,3,0,9,9,4,3,0,0,8,0,0,0,0,1,1,6,6,1,31,6,125,1,4,HONDA WW125,2,E01003047,0,1
2024010504552,2024,010504552,1,3,0,99,99,9,9,99,99,9,9,99,9,99,9,1,1,1,3,30,6,125,1,3,HONDA WW125,2,E01001978,0,4
2024451464990,2024,451464990,1,3,0,-1,19,5,1,-1,0,1,0,0,0,0,1,1,-1,6,1,23,5,125,1,2,HONDA WW125,6,E01030502,0,2
2024010542554,2024,010542554,1,3,0,15,15,1,5,2,2,1,0,0,0,0,1,1,6,6,1,27,6,125,1,1,HONDA WW125,3,E01034152,0,1
2024010524262,2024,010524262,1,3,0,99,99,9,9,99,99,0,9,99,9,99,1,1,1,1,1,27,6,125,1,0,HONDA WW125,2,E01033932,0,2
2024010531952,2024,010531952,1,3,0,99,99,9,9,99,99,9,9,99,9,99,1,1,1,1,3,45,7,125,1,2,HONDA WW125,5,E01000994,0,1
2024010544063,2024,010544063,1,3,0,99,99,9,9,99,99,9,9,99,9,99,9,1,2,2,1,32,6,125,1,0,HONDA WW125,6,E01003435,0,2
2024010540682,2024,010540682,1,3,0,99,99,9,9,99,99,9,9,99,9,99,9,1,1,1,1,32,6,125,1,5,HONDA WW125,5,E01002042,0,1
2024010511930,2024,010511930,1,3,0,18,19,7,3,0,0,1,0,0,0,0,1,1,6,6,1,25,5,125,1,6,HONDA WW125,4,E01001023,0,2
2024501495850,2024,501495850,2,3,0,-1,19,2,6,-1,0,0,0,0,0,0,1,1,-1,6,1,22,5,125,1,0,HONDA WW125,9,E01019998,0,1
2024440042829,2024,440042829,1,3,0,3,3,1,5,0,0,1,0,0,0,0,2,1,6,6,1,40,7,125,1,1,HONDA WW125,6,E01032846,0,1
2024501495909,2024,501495909,1,3,0,-1,19,1,5,-1,0,8,5,0,0,0,2,1,-1,6,1,18,4,125,1,10,HONDA WW125,8,E01015141,0,2
2024010542172,2024,010542172,1,3,0,99,99,9,9,99,99,9,9,99,9,99,1,1,6,6,1,27,6,125,1,2,HONDA WW125,3,E01000128,0,2
2024010500080,2024,010500080,1,3,0,99,99,9,9,99,99,0,9,99,9,99,1,1,2,2,1,26,6,125,1,5,HONDA WW125,4,E01002088,0,3
2024010547505,2024,010547505,1,3,0,99,99,9,9,99,99,9,9,99,9,99,9,1,6,6,1,28,6,125,1,4,HONDA WW125,3,E01034139,0,4
2024010507588,2024,010507588,1,3,0,99,99,9,9,99,99,9,9,99,9,99,9,1,1,1,1,33,6,125,1,5,HONDA WW125,2,E01001249,0,4
2024421454935,2024,421454935,2,3,0,-1,3,-1,-1,-1,0,1,0,0,0,0,2,1,-1,2,1,50,8,125,1,3,HONDA WW125,5,E01015872,0,1
2024522402650,2024,522402650,1,3,0,7,7,5,7,0,0,5,0,0,0,0,2,1,6,6,1,23,5,125,1,2,HONDA WW125,7,E01014900,0,2
2024010547317,2024,010547317,1,3,0,99,99,9,9,99,99,9,9,99,9,99,9,1,6,6,3,24,5,125,1,1,HONDA WW125,6,E01000514,0,1
2024440551397,2024,440551397,1,3,0,18,19,1,5,0,0,0,1,0,1,0,1,1,1,1,1,31,6,125,1,1,HONDA WW125,1,E01017210,0,1
2024010536657,2024,010536657,1,3,0,99,99,9,9,99,99,9,9,99,9,99,1,1,6,6,1,21,5,125,1,2,HONDA WW125,3,E01033933,0,3
2024430615875,2024,430615875,2,3,0,18,19,5,1,0,0,8,0,0,0,0,1,1,1,1,1,33,6,125,1,0,HONDA WW125,10,E01017768,0,1
2024010528842,2024,010528842,1,3,0,99,99,9,9,99,99,2,9,99,9,99,1,1,6,6,1,31,6,125,1,7,HONDA WW125,3,E01001504,0,4
2024010514026,2024,010514026,2,2,0,18,19,1,5,0,0,2,0,0,0,0,1,1,6,6,1,21,5,125,1,4,HONDA WW125,5,E01001276,0,1
2024010525099,2024,010525099,1,3,0,18,19,3,7,0,0,2,0,0,0,0,1,1,6,6,1,18,4,125,1,3,HONDA WW125,5,E01002626,0,1
2024010508906,2024,010508906,1,3,0,99,99,9,9,99,99,0,9,99,9,99,1,1,2,2,1,68,10,125,1,2,HONDA WW125,5,E01002183,0,2
2024010521530,2024,010521530,1,3,0,99,99,9,9,99,99,9,9,99,9,99,1,1,6,6,1,35,6,125,1,7,HONDA WW125,3,E01000100,0,1
2024010541620,2024,010541620,1,3,0,3,3,9,9,99,99,0,9,99,9,99,0,1,1,1,1,24,5,125,1,0,HONDA WW125,2,E01003508,0,1
2024522403304,2024,522403304,2,3,0,18,19,6,2,0,0,0,0,0,0,0,2,1,6,6,1,28,6,125,1,4,HONDA WW125,1,E01033367,0,1
2024010549040,2024,010549040,2,3,0,4,4,1,5,0,0,0,0,0,0,0,1,1,6,6,1,22,5,125,1,3,HONDA WW125,8,E01002163,0,2
2024010534131,2024,010534131,1,3,0,3,3,3,7,0,0,1,0,0,0,0,0,1,6,6,1,25,5,125,1,4,HONDA WW125,5,E01001718,0,3
2024010541655,2024,010541655,2,3,0,18,19,7,3,0,0,1,0,0,0,0,0,1,1,1,1,29,6,125,1,2,HONDA WW125,3,E01003519,0,1
2024522403376,2024,522403376,2,3,0,18,19,4,8,0,0,0,0,0,0,0,1,1,6,6,1,29,6,125,1,0,HONDA WW125,2,E01014692,0,2
2024010496941,2024,010496941,2,3,0,18,19,1,5,0,0,1,0,0,0,0,1,1,2,2,1,52,8,125,1,7,HONDA WW125,10,E01023743,0,4
2024010506869,2024,010506869,1,3,0,99,99,9,9,99,99,0,9,99,9,99,2,1,6,6,1,31,6,125,1,8,HONDA WW125,3,E01003634,0,1
2024010527606,2024,010527606,2,3,0,18,19,1,5,0,0,0,5,4,1,0,1,1,6,6,1,39,7,125,1,8,HONDA WW125,5,E01000534,0,1
2024010505781,2024,010505781,2,3,0,99,99,9,9,99,99,9,9,99,9,99,1,1,6,6,3,-1,-1,125,1,0,HONDA WW125,-1,-1,0,-1
2024371538127,2024,371538127,2,3,0,-1,10,4,2,-1,0,1,5,0,0,0,4,1,-1,1,1,25,5,125,1,2,HONDA WW125,7,E01029937,0,1
2024548446224,2024,548446224,2,5,0,4,4,2,6,0,0,1,0,0,0,0,2,1,6,6,1,60,9,1811,1,5,-1,10,E01015518,0,4
2024440500361,2024,440500361,1,4,0,18,19,8,4,0,0,1,0,0,0,0,1,1,6,6,1,20,4,399,1,0,-1,2,E01023006,0,1
2024501473912,2024,501473912,1,5,0,-1,13,1,5,-1,0,0,0,12,0,0,3,1,-1,2,1,50,8,889,1,1,-1,10,E01020163,0,4
2024461451717,2024,461451717,1,5,0,-1,19,3,4,-1,0,1,1,0,0,0,1,1,-1,9,1,43,7,889,1,2,-1,10,E01032827,0,4
2024552400851,2024,552400851,2,5,0,18,19,1,5,0,0,8,0,0,0,0,1,1,2,2,1,56,9,889,1,1,-1,10,E01020377,0,1
2024010508063,2024,010508063,1,3,0,99,99,9,9,2,2,9,9,99,9,99,1,1,2,2,1,34,6,124,1,1,-1,6,E01002329,0,3
2024311436189,2024,311436189,1,19,0,-1,19,8,4,-1,0,0,0,0,7,11,1,1,-1,2,1,65,9,1477,8,3,-1,5,E01028362,0,2
2024302400478,2024,302400478,1,9,0,7,7,3,5,0,0,8,0,0,0,0,1,1,6,6,1,28,6,2987,2,9,MERCEDES S CLASS,1,E01013584,0,1
2024010533541,2024,010533541,1,9,0,18,19,3,7,0,0,0,0,0,0,0,1,1,6,6,1,22,5,2999,8,2,MERCEDES S CLASS,6,E01001563,0,2
2024211441288,2024,211441288,2,9,0,-1,3,6,2,-1,0,1,0,0,0,0,2,1,-1,6,1,43,7,2925,2,6,MERCEDES S CLASS,3,E01029410,0,1
2024421534637,2024,421534637,1,9,-1,-1,19,5,5,-1,0,3,1,11,7,0,-1,1,-1,6,1,35,6,2987,2,12,MERCEDES S CLASS,4,E01016003,0,1
2024421505926,2024,421505926,1,9,0,-1,19,5,1,-1,0,8,0,0,0,0,4,1,-1,9,1,23,5,3222,2,20,MERCEDES S CLASS,5,E01021499,0,1
2024471491652,2024,471491652,1,9,0,-1,19,7,3,-1,0,1,0,-1,0,0,1,1,-1,9,1,44,7,4663,1,8,MERCEDES S CLASS,6,E01016874,0,1
2024461515608,2024,461515608,1,9,0,-1,4,4,8,-1,0,1,0,0,0,0,1,9,-1,6,1,-1,-1,4999,1,20,MERCEDES S CLASS,-1,-1,0,-1
2024131448198,2024,131448198,1,9,0,-1,5,5,1,-1,0,8,0,0,0,0,3,1,-1,9,2,37,7,2999,8,2,MERCEDES S CLASS,-1,-1,0,-1
2024010505352,2024,010505352,2,9,0,99,99,9,9,99,99,9,9,99,9,99,1,9,6,6,3,-1,-1,2999,8,2,MERCEDES S CLASS,-1,-1,0,-1
2024010532097,2024,010532097,2,9,0,99,99,9,9,99,99,9,9,99,9,99,2,9,6,6,3,46,8,2925,2,5,MERCEDES S CLASS,2,E01001912,0,1
2024991421519,2024,991421519,1,8,0,-1,7,1,3,-1,0,2,0,0,0,0,3,1,-1,1,1,49,8,2987,2,10,MERCEDES S CLASS,4,-1,0,3
2024010534975,2024,010534975,3,9,0,2,2,0,0,0,0,0,0,4,0,0,1,1,6,6,3,-1,-1,2987,2,9,MERCEDES S CLASS,-1,-1,0,-1
2024401415400,2024,401415400,1,9,0,-1,9,7,5,-1,0,3,0,0,0,0,4,1,-1,9,1,70,10,2987,2,13,MERCEDES S CLASS,3,E01017514,0,1
2024010519232,2024,010519232,2,9,0,99,99,9,9,99,99,9,9,99,9,99,2,9,6,6,3,-1,-1,2987,2,7,MERCEDES S CLASS,4,E01002070,0,1
2024471459136,2024,471459136,2,9,0,-1,9,3,7,-1,0,1,0,0,0,0,3,1,-1,9,1,53,8,2987,2,8,MERCEDES S CLASS,3,E01000133,0,4
2024010516546,2024,010516546,1,9,0,9,9,7,5,0,0,5,0,10,0,0,1,1,6,6,1,49,8,2925,2,6,MERCEDES S CLASS,2,E01002790,0,2
2024131483116,2024,131483116,2,9,0,-1,19,7,3,-1,0,8,1,0,0,0,4,1,-1,2,2,49,8,2987,2,13,MERCEDES S CLASS,3,E01010791,0,1
2024340NN2312,2024,340NN2312,1,9,0,-1,13,1,5,-1,0,0,0,0,0,0,2,1,-1,6,1,47,8,2987,2,8,MERCEDES S CLASS,8,E01032966,0,2
2024541056824,2024,541056824,1,9,0,7,7,1,3,0,0,6,0,0,0,0,1,1,2,2,1,51,8,2996,8,9,MERCEDES S CLASS,4,E01032087,0,1
2024131531797,2024,131531797,1,9,0,-1,19,6,2,-1,9,0,2,0,7,4,1,1,-1,9,1,75,10,2987,2,12,MERCEDES S CLASS,10,E01011706,0,3
2024101497254,2024,101497254,1,8,0,-1,5,7,3,-1,0,0,0,0,0,0,0,9,-1,1,1,40,7,2925,2,5,MERCEDES S CLASS,1,E01008392,0,1
2024010519625,2024,010519625,2,9,0,99,99,9,9,99,99,9,9,99,9,99,1,9,6,6,3,67,10,2987,2,10,MERCEDES S CLASS,2,E01002715,0,1
2024010524337,2024,010524337,2,9,0,99,99,9,9,99,99,9,9,99,9,99,9,9,6,6,3,-1,-1,2999,8,2,MERCEDES S CLASS,-1,-1,0,-1
2024522401420,2024,522401420,1,9,0,18,19,3,7,0,0,0,0,0,0,0,1,1,6,6,1,31,6,3222,2,21,MERCEDES S CLASS,7,E01014744,0,1
2024010520760,2024,010520760,1,9,0,18,19,2,6,0,0,6,0,11,0,0,1,1,6,6,1,23,5,2999,8,3,MERCEDES S CLASS,-1,-1,0,-1
2024430246698,2024,430246698,1,9,0,2,2,0,0,0,0,0,0,0,0,0,2,1,6,6,1,35,6,2925,2,6,MERCEDES S CLASS,6,E01016478,0,1
2024361529686,2024,361529686,2,9,0,-1,4,5,1,-1,0,8,0,0,0,0,2,1,-1,6,1,43,7,3222,2,22,MERCEDES S CLASS,2,E01026700,0,1