collision_index,collision_year,collision_ref_no,vehicle_reference,vehicle_type,towing_and_articulation,vehicle_manoeuvre_historic,vehicle_manoeuvre,vehicle_direction_from,vehicle_direction_to,vehicle_location_restricted_lane_historic,vehicle_location_restricted_lane,junction_location,skidding_and_overturning,hit_object_in_carriageway,vehicle_leaving_carriageway,hit_object_off_carriageway,first_point_of_impact,vehicle_left_hand_drive,journey_purpose_of_driver_historic,journey_purpose_of_driver,sex_of_driver,age_of_driver,age_band_of_driver,engine_capacity_cc,propulsion_code,age_of_vehicle,generic_make_model,driver_imd_decile,lsoa_of_driver,escooter_flag,driver_distance_banding
2024010509601,2024,010509601,2,9,0,99,99,9,9,99,99,5,9,99,9,99,2,9,6,6,3,-1,-1,2999,8,2,MERCEDES S CLASS,-1,-1,0,-1
2024401471947,2024,401471947,1,9,0,-1,19,2,1,-1,0,6,0,0,0,0,1,1,-1,6,1,28,6,2925,2,3,MERCEDES S CLASS,9,E01023748,0,2
2024010543311,2024,010543311,2,9,0,16,19,3,7,0,0,1,0,0,0,0,1,1,6,6,1,60,9,2999,8,5,MERCEDES S CLASS,-1,-1,0,-1
2024010519149,2024,010519149,1,9,0,18,19,5,1,0,0,4,0,10,1,11,1,1,6,6,1,40,7,2925,2,6,MERCEDES S CLASS,5,E01002245,0,1
2024010526606,2024,010526606,2,9,0,18,19,5,1,0,0,0,0,0,0,0,4,1,1,1,1,26,6,2925,2,4,MERCEDES S CLASS,-1,-1,0,-1
2024010545981,2024,010545981,4,9,0,2,2,0,0,0,0,8,0,0,0,0,2,1,6,6,3,-1,-1,2987,2,12,MERCEDES S CLASS,-1,-1,0,-1
2024010520392,2024,010520392,1,9,0,13,13,3,7,0,0,8,0,0,0,0,4,1,6,6,1,35,6,2925,2,5,MERCEDES S CLASS,2,E01003577,0,2
2024340NN0972,2024,340NN0972,1,9,0,-1,19,3,7,-1,0,0,0,0,0,0,1,1,-1,1,1,40,7,4999,1,25,MERCEDES S CLASS,2,E01027105,0,3
2024010498841,2024,010498841,2,9,0,2,2,0,0,6,6,0,0,0,0,0,1,1,6,6,3,-1,-1,2987,2,13,MERCEDES S CLASS,-1,-1,0,-1
2024010527913,2024,010527913,1,9,0,18,19,1,5,0,0,0,1,0,0,0,0,1,1,1,1,31,6,2999,8,0,MERCEDES S CLASS,7,E01015719,0,4
2024010498647,2024,010498647,4,9,0,18,19,7,3,0,0,1,0,0,0,0,2,1,2,2,2,43,7,2987,2,12,MERCEDES S CLASS,6,E01024630,0,4
2024211450700,2024,211450700,2,9,0,-1,19,1,5,-1,0,0,0,0,0,0,1,1,-1,9,1,58,9,5462,1,17,MERCEDES S CLASS,7,E01029480,0,1
2024211456473,2024,211456473,1,9,0,-1,19,1,1,-1,0,1,1,0,3,0,1,1,-1,6,1,28,6,2987,2,9,MERCEDES S CLASS,4,E01010000,0,4
2024010520389,2024,010520389,2,9,0,18,19,7,3,0,0,3,0,0,0,0,1,2,6,6,1,24,5,4266,1,22,MERCEDES S CLASS,-1,-1,0,-1
2024430422935,2024,430422935,1,9,0,13,13,6,2,0,0,8,0,0,0,0,1,1,6,6,1,35,6,2987,2,8,MERCEDES S CLASS,-1,-1,0,-1
2024010520162,2024,010520162,1,9,0,4,4,1,5,0,0,3,0,0,0,0,3,1,6,6,1,45,7,2925,2,3,MERCEDES S CLASS,8,E01004648,0,3
2024161523767,2024,161523767,2,9,0,-1,19,-1,-1,-1,0,0,9,99,0,0,9,9,-1,6,3,-1,-1,3222,2,20,MERCEDES S CLASS,-1,-1,0,-1
2024131397731,2024,131397731,1,9,0,-1,19,5,1,-1,0,8,0,0,0,0,1,1,-1,6,1,66,10,2996,8,9,MERCEDES S CLASS,3,E01010810,0,1
2024430556436,2024,430556436,1,9,0,12,12,4,8,0,0,0,0,0,0,0,3,1,6,6,1,41,7,2987,2,9,MERCEDES S CLASS,4,E01003826,0,3
2024010522780,2024,010522780,1,9,0,18,19,3,7,0,0,1,0,0,0,0,1,1,6,6,3,25,5,3222,2,19,MERCEDES S CLASS,-1,-1,0,-1
2024010508116,2024,010508116,2,9,9,99,99,9,9,0,0,9,9,99,9,0,1,9,6,6,3,-1,-1,3498,1,16,MERCEDES S CLASS,4,E01000644,0,1
2024101397007,2024,101397007,1,9,0,-1,19,1,5,-1,0,0,0,0,0,0,1,1,-1,9,1,47,8,2987,2,13,MERCEDES S CLASS,1,E01008450,0,1
2024201472016,2024,201472016,1,9,0,-1,9,8,6,-1,0,5,0,0,0,0,1,1,-1,6,1,-1,-1,2925,2,7,MERCEDES S CLASS,1,E01033888,0,1
2024010519837,2024,010519837,2,9,9,99,99,9,9,99,99,9,9,12,9,99,9,9,6,6,3,-1,-1,3222,2,19,MERCEDES S CLASS,-1,-1,0,-1
2024010536160,2024,010536160,2,9,0,2,2,0,0,0,0,0,0,0,0,0,2,1,6,6,3,-1,-1,2987,2,8,MERCEDES S CLASS,-1,-1,0,-1
2024201436838,2024,201436838,1,9,0,-1,5,6,2,-1,9,1,0,10,1,4,1,9,-1,9,1,-1,-1,3199,1,25,MERCEDES S CLASS,-1,-1,0,-1
2024991459577,2024,991459577,3,9,0,-1,2,0,0,-1,0,0,0,0,1,0,3,1,-1,6,-1,-1,-1,2987,2,17,MERCEDES S CLASS,-1,-1,0,-1
2024440187340,2024,440187340,4,9,0,18,19,3,7,0,0,0,0,0,0,0,1,1,6,6,2,25,5,2799,1,21,MERCEDES S CLASS,2,E01027351,0,5
2024991465378,2024,991465378,2,9,0,-1,19,8,4,-1,0,0,0,4,0,0,4,1,-1,6,1,60,9,2987,2,16,MERCEDES S CLASS,6,-1,0,2
2024451495533,2024,451495533,1,9,0,-1,19,5,3,-1,0,0,0,0,0,0,3,1,-1,9,1,65,9,2987,2,8,MERCEDES S CLASS,3,E01001368,0,4
2024320518266,2024,320518266,2,9,0,-1,-1,8,4,0,0,8,0,0,0,0,1,1,-1,-1,1,46,8,4196,1,28,MERCEDES S CLASS,3,E01026124,0,3
2024010522091,2024,010522091,2,9,0,5,5,5,1,0,0,6,1,0,0,0,1,1,6,6,1,33,6,2925,2,6,MERCEDES S CLASS,10,E01030641,0,3
2024052401240,2024,052401240,1,9,0,9,9,1,7,0,0,6,0,0,0,0,1,1,6,6,1,64,9,2925,2,6,MERCEDES S CLASS,4,E01007161,0,1
2024131410355,2024,131410355,2,9,0,-1,19,3,7,-1,0,8,0,0,0,0,1,1,-1,1,2,62,9,2925,2,5,MERCEDES S CLASS,8,E01018577,0,4
2024052401146,2024,052401146,1,9,0,13,13,7,2,0,0,0,0,0,0,0,4,1,6,6,2,64,9,2987,2,12,MERCEDES S CLASS,6,E01006884,0,1
2024451465102,2024,451465102,1,9,0,-1,19,5,1,-1,0,0,0,0,0,0,1,1,-1,6,1,33,6,2987,2,16,MERCEDES S CLASS,5,E01034293,0,1
2024010505625,2024,010505625,1,9,0,99,99,9,9,99,99,9,9,99,9,99,2,9,6,6,1,49,8,2925,2,6,MERCEDES S CLASS,3,E01000133,0,2
2024311429781,2024,311429781,1,9,0,-1,19,1,5,-1,0,1,0,0,0,0,4,1,-1,9,1,44,7,2987,2,10,MERCEDES S CLASS,10,E01028196,0,1
2024010488080,2024,010488080,1,9,0,18,19,5,1,0,0,2,0,0,0,0,1,1,6,6,1,37,7,2925,2,6,MERCEDES S CLASS,9,E01023548,0,2
2024461532142,2024,461532142,1,9,0,-1,4,1,5,-1,0,0,0,0,0,0,1,9,-1,6,1,82,11,2987,2,18,MERCEDES S CLASS,9,E01024186,0,1
2024010497652,2024,010497652,1,9,0,18,19,8,4,0,0,0,0,0,0,0,1,1,6,6,1,32,6,2925,2,6,MERCEDES S CLASS,6,E01004715,0,1
2024010524020,2024,010524020,4,9,0,18,19,1,5,0,0,1,0,0,0,0,1,1,6,6,3,-1,-1,2925,2,5,MERCEDES S CLASS,-1,-1,0,-1
2024010546014,2024,010546014,1,8,5,18,19,7,3,0,0,2,0,0,0,0,3,1,6,6,1,52,8,2987,2,10,MERCEDES S CLASS,2,E01002840,0,1
2024302500275,2024,302500275,1,9,0,-1,19,7,4,-1,0,0,2,0,1,11,1,1,-1,6,1,22,5,2987,2,10,MERCEDES S CLASS,4,E01013459,0,4
2024991484358,2024,991484358,1,9,0,-1,4,6,2,-1,0,0,0,0,0,0,1,1,-1,6,1,64,9,2987,2,8,MERCEDES S CLASS,10,-1,0,4
2024131472889,2024,131472889,2,9,0,-1,19,2,6,-1,9,0,0,0,0,0,1,1,-1,9,1,72,10,2925,2,6,MERCEDES S CLASS,8,E01011716,0,1
2024480542975,2024,480542975,1,9,0,99,99,9,9,99,99,9,9,99,9,99,9,9,1,1,1,57,9,2999,8,1,MERCEDES S CLASS,4,E01004756,0,2
2024461484022,2024,461484022,1,9,0,-1,7,3,6,-1,0,0,0,7,0,0,1,1,-1,6,1,57,9,2987,2,11,MERCEDES S CLASS,3,E01024509,0,1
2024461528146,2024,461528146,2,9,0,-1,2,5,1,-1,0,0,0,0,0,0,1,9,-1,9,1,43,7,4663,1,13,MERCEDES S CLASS,5,E01016135,0,3
2024010525582,2024,010525582,4,9,0,99,99,9,9,99,99,9,9,99,9,99,1,9,6,6,3,33,6,2925,2,6,MERCEDES S CLASS,7,E01001474,0,3
2024421499699,2024,421499699,1,3,0,-1,19,5,1,-1,0,0,0,0,0,0,1,1,-1,2,1,34,6,125,1,3,-1,3,E01029889,0,3
2024302400634,2024,302400634,1,3,0,7,7,3,1,0,0,6,0,0,0,0,0,1,6,6,2,51,8,125,1,1,-1,7,E01025819,0,4
2024320504337,2024,320504337,3,9,0,2,2,0,0,0,0,2,0,0,0,0,1,1,6,6,3,-1,-1,1560,2,9,PEUGEOT 3008,-1,-1,0,-1
2024610051024,2024,610051024,2,9,0,18,19,4,8,0,0,0,0,4,0,0,1,1,2,2,1,66,10,1199,1,1,PEUGEOT 3008,8,W01001904,0,4
2024101422519,2024,101422519,1,9,0,-1,19,7,3,-1,9,8,0,0,3,11,1,1,-1,9,1,72,10,1560,2,8,PEUGEOT 3008,1,E01008392,0,1
2024430301588,2024,430301588,2,9,0,18,19,6,2,0,0,3,0,0,0,0,4,1,2,2,1,50,8,1500,2,5,PEUGEOT 3008,10,E01027121,0,4
2024221498685,2024,221498685,3,9,0,-1,2,0,0,-1,0,8,0,0,0,0,4,1,-1,6,2,40,7,1560,2,7,PEUGEOT 3008,9,E01032218,0,1
2024131503100,2024,131503100,1,9,0,-1,19,6,2,-1,0,8,0,0,0,0,1,1,-1,6,3,-1,-1,1560,2,14,PEUGEOT 3008,-1,-1,0,-1
2024302401120,2024,302401120,3,9,0,18,19,5,1,0,0,2,0,0,0,0,4,1,6,6,1,77,11,1598,8,1,PEUGEOT 3008,2,E01019562,0,1
2024622400737,2024,622400737,1,9,0,18,19,8,4,0,0,1,0,0,0,0,4,1,6,6,1,39,7,1560,2,13,PEUGEOT 3008,2,W01001942,0,2
2024010508023,2024,010508023,2,9,0,99,99,9,9,99,99,9,9,99,9,99,2,9,6,6,3,-1,-1,1199,8,0,PEUGEOT 3008,4,E01002647,0,1
2024141423818,2024,141423818,1,9,0,-1,4,2,5,-1,0,2,0,0,0,0,1,1,-1,1,1,39,7,1500,2,3,PEUGEOT 3008,7,E01007700,0,2
2024161529459,2024,161529459,1,9,0,-1,3,6,2,-1,0,0,0,0,0,0,2,1,-1,9,1,67,10,1200,1,4,PEUGEOT 3008,5,E01012904,0,4
2024351440604,2024,351440604,1,9,0,-1,19,1,5,-1,0,0,0,0,7,4,1,1,-1,6,2,79,11,1997,2,10,PEUGEOT 3008,8,E01018058,0,2
2024471397011,2024,471397011,1,9,0,-1,19,1,5,-1,0,4,0,0,0,0,1,1,-1,6,1,50,8,1598,1,5,PEUGEOT 3008,3,E01031430,0,1
2024610027524,2024,610027524,1,9,0,2,2,0,0,0,0,0,0,0,0,0,3,1,6,6,2,31,6,1560,2,12,PEUGEOT 3008,3,W01001353,0,1
2024361466536,2024,361466536,3,9,0,-1,4,1,5,-1,0,0,0,0,0,0,2,1,-1,2,1,42,7,1560,2,12,PEUGEOT 3008,4,E01030230,0,3
2024340NN2162,2024,340NN2162,1,9,0,-1,19,1,6,-1,0,1,0,0,0,0,1,1,-1,6,3,-1,-1,1200,1,5,PEUGEOT 3008,-1,-1,0,-1
2024161491995,2024,161491995,1,9,0,-1,19,3,7,-1,0,0,0,0,0,0,2,1,-1,2,2,45,7,1200,1,5,PEUGEOT 3008,-1,-1,0,-1
2024421497172,2024,421497172,1,9,0,-1,19,7,3,-1,0,0,0,0,0,0,4,1,-1,6,1,55,8,1200,1,2,PEUGEOT 3008,-1,-1,0,-1
2024031418511,2024,031418511,2,9,0,-1,4,2,7,-1,0,1,0,0,0,0,1,1,-1,6,1,28,6,1560,2,7,PEUGEOT 3008,-1,-1,0,-1
2024201491027,2024,201491027,1,9,0,-1,10,6,4,-1,0,1,0,0,0,0,1,1,-1,9,2,45,7,1500,2,4,PEUGEOT 3008,8,E01009850,0,1
2024440537525,2024,440537525,1,9,0,9,9,2,6,0,0,8,0,0,0,0,4,1,2,2,2,41,7,1560,2,9,PEUGEOT 3008,8,E01022623,0,3
2024531453389,2024,531453389,2,9,0,-1,2,0,0,-1,0,0,0,0,0,0,4,1,-1,6,-1,-1,-1,1500,2,4,PEUGEOT 3008,-1,-1,0,-1
2024122400708,2024,122400708,2,9,0,8,8,3,5,0,0,1,0,0,0,0,3,1,1,1,1,39,7,1500,2,2,PEUGEOT 3008,9,E01012231,0,4
2024070844553,2024,070844553,1,9,0,-1,19,2,6,-1,0,0,1,0,0,0,3,1,-1,2,2,27,6,1199,8,0,PEUGEOT 3008,-1,-1,0,-1
2024361475743,2024,361475743,1,9,0,-1,19,7,3,-1,0,0,0,0,0,0,3,1,-1,9,2,67,10,1560,2,12,PEUGEOT 3008,6,E01025652,0,5
2024010514370,2024,010514370,2,9,0,2,2,0,0,0,0,1,0,0,0,0,1,1,6,6,3,-1,-1,1560,2,9,PEUGEOT 3008,-1,-1,0,-1
2024061402291,2024,061402291,1,9,0,-1,19,5,1,-1,0,0,0,0,0,0,1,1,-1,6,1,70,10,1560,2,6,PEUGEOT 3008,2,E01005279,0,1
2024052400821,2024,052400821,2,9,0,18,19,6,3,0,0,8,0,0,0,0,3,1,2,2,2,41,7,1500,2,3,PEUGEOT 3008,1,E01033763,0,1
2024430539420,2024,430539420,1,9,0,7,7,6,8,0,0,5,0,0,0,0,4,1,6,6,1,76,11,1598,1,5,PEUGEOT 3008,9,E01007926,0,5
2024421489404,2024,421489404,1,9,0,-1,19,7,3,-1,0,0,0,0,0,0,4,1,-1,9,2,40,7,1560,2,12,PEUGEOT 3008,9,E01021352,0,1
2024161493155,2024,161493155,2,9,0,-1,9,6,5,-1,0,6,0,0,0,0,3,9,-1,6,2,-1,-1,1560,2,12,PEUGEOT 3008,4,E01012760,0,1
2024320328052,2024,320328052,2,9,0,-1,-1,4,8,0,0,1,0,0,0,0,1,1,-1,-1,1,32,6,1499,2,1,PEUGEOT 3008,1,E01026308,0,1
2024122401264,2024,122401264,1,9,0,9,9,3,7,0,0,5,0,0,0,0,1,1,6,6,1,55,8,1500,2,5,PEUGEOT 3008,10,E01011709,0,3
2024141525080,2024,141525080,2,9,0,-1,5,5,1,-1,0,4,0,0,0,0,1,1,-1,2,1,31,6,1560,2,7,PEUGEOT 3008,2,E01007333,0,1
2024211397354,2024,211397354,2,9,0,-1,19,5,1,-1,0,1,0,0,0,0,1,9,-1,6,1,32,6,1997,2,6,PEUGEOT 3008,6,E01019862,0,1
2024201433966,2024,201433966,1,9,0,-1,19,4,8,-1,0,0,0,4,0,0,1,9,-1,9,2,51,8,1560,2,13,PEUGEOT 3008,3,E01009857,0,1
2024440164735,2024,440164735,1,9,0,18,19,6,2,0,0,1,0,0,0,0,1,1,6,6,1,46,8,1560,2,14,PEUGEOT 3008,4,E01017045,0,1
2024371451836,2024,371451836,1,9,0,-1,-1,-1,-1,-1,0,8,0,0,0,0,-1,9,-1,6,1,43,7,1560,2,11,PEUGEOT 3008,4,E01033048,0,1
2024340NN2632,2024,340NN2632,1,9,0,-1,19,5,1,-1,0,1,0,0,0,0,1,1,-1,9,2,49,8,1560,2,9,PEUGEOT 3008,3,E01026983,0,3
2024991464351,2024,991464351,1,9,0,-1,9,4,1,-1,0,8,1,0,0,0,3,1,-1,9,1,83,11,1500,2,2,PEUGEOT 3008,1,-1,0,4
2024361463532,2024,361463532,1,9,0,-1,1,6,2,-1,0,0,0,0,0,0,2,1,-1,9,1,76,11,1560,2,11,PEUGEOT 3008,6,E01026767,0,1
2024302401218,2024,302401218,1,9,0,18,19,7,3,0,0,1,0,0,0,0,4,1,6,6,1,-1,-1,1500,2,2,PEUGEOT 3008,5,E01019456,0,3
2024070471922,2024,070471922,2,9,0,18,19,1,7,0,0,8,0,0,0,0,4,1,2,2,1,62,9,1560,2,9,PEUGEOT 3008,2,E01018645,0,1
2024421438257,2024,421438257,3,9,0,-1,4,3,7,-1,0,0,0,1,0,0,2,1,-1,9,1,69,10,1200,1,4,PEUGEOT 3008,7,E01021476,0,4
2024622400805,2024,622400805,2,9,0,7,7,2,4,0,0,8,0,0,0,0,1,1,1,1,1,40,7,1500,2,2,PEUGEOT 3008,2,W01000895,0,4
2024231480389,2024,231480389,4,9,0,-1,4,6,2,-1,0,0,0,0,0,0,2,1,-1,9,2,56,9,1199,1,0,PEUGEOT 3008,6,E01026391,0,5
2024552400115,2024,552400115,1,9,0,7,7,3,6,0,0,5,0,0,0,0,1,1,6,6,2,30,6,1200,1,5,PEUGEOT 3008,10,E01015396,0,1
2024061409341,2024,061409341,1,9,0,-1,-1,-1,-1,-1,-1,0,-1,-1,-1,0,1,1,-1,6,1,-1,-1,1560,2,14,PEUGEOT 3008,-1,-1,0,-1
2024131407770,2024,131407770,1,9,0,-1,19,7,3,-1,0,0,0,0,0,0,3,1,-1,2,1,48,8,1560,2,7,PEUGEOT 3008,3,E01011523,0,1
2024070167171,2024,070167171,1,9,0,18,19,3,7,0,0,1,0,0,0,0,1,1,6,6,1,77,11,1560,2,13,PEUGEOT 3008,10,E01018468,0,1
2024401442632,2024,401442632,1,9,0,-1,19,5,5,-1,0,3,0,0,0,0,1,9,-1,6,2,-1,-1,1560,2,7,PEUGEOT 3008,-1,-1,0,-1
2024141509199,2024,141509199,1,9,0,-1,9,5,3,-1,0,1,0,0,0,0,1,1,-1,9,2,27,6,1560,2,11,PEUGEOT 3008,2,E01007965,0,1
2024411550846,2024,411550846,1,9,0,-1,9,7,5,-1,0,0,0,0,0,0,1,1,-1,6,2,29,6,1200,1,7,PEUGEOT 3008,10,E01023354,0,1
2024070471041,2024,070471041,2,9,0,18,19,3,7,0,0,2,5,0,1,11,4,1,6,6,1,79,11,1560,2,11,PEUGEOT 3008,-1,-1,0,-1
2024332401018,2024,332401018,1,9,0,-1,19,5,1,-1,0,8,0,0,0,0,3,1,-1,6,1,31,6,1200,1,9,PEUGEOT 3008,5,E01025667,0,1
202417L103724,2024,17L103724,1,9,0,-1,19,6,2,-1,0,0,0,0,0,0,1,1,-1,9,1,82,11,1199,1,1,PEUGEOT 3008,-1,-1,0,-1
2024010537536,2024,010537536,2,9,0,9,9,7,4,0,0,1,0,0,0,0,4,1,6,6,1,34,6,1560,2,7,PEUGEOT 3008,5,E01003666,0,1
2024302401783,2024,302401783,1,9,0,-1,19,4,7,-1,0,0,0,0,8,4,1,1,-1,9,2,56,9,1499,2,2,PEUGEOT 3008,6,E01019598,0,3
2024471501042,2024,471501042,1,9,0,-1,19,5,1,-1,0,0,0,4,0,0,4,1,-1,9,2,78,11,1560,2,13,PEUGEOT 3008,9,E01031353,0,1
2024430124455,2024,430124455,1,9,0,18,19,8,4,0,0,1,0,0,0,0,4,1,6,6,2,45,7,1560,2,6,PEUGEOT 3008,7,E01016317,0,2
2024371397818,2024,371397818,1,9,0,-1,19,7,4,-1,0,0,0,0,0,0,1,9,-1,6,1,49,8,1560,2,13,PEUGEOT 3008,3,E01033123,0,1
2024991531015,2024,991531015,2,9,0,-1,2,0,0,-1,0,0,0,0,0,0,2,1,-1,6,-1,-1,-1,1560,2,9,PEUGEOT 3008,-1,-1,0,-1
2024471434037,2024,471434037,1,9,0,-1,3,7,3,-1,0,0,0,0,0,0,2,1,-1,9,1,52,8,1598,8,1,PEUGEOT 3008,9,E01031816,0,3
2024131462785,2024,131462785,1,9,0,-1,5,1,5,-1,0,4,0,0,0,0,1,1,-1,6,3,-1,-1,1997,-1,12,PEUGEOT 3008,-1,-1,0,-1
2024010543271,2024,010543271,1,9,0,99,99,9,9,99,99,0,9,99,9,99,3,9,2,2,2,56,9,1560,2,6,PEUGEOT 3008,2,E01000060,0,1
2024201447224,2024,201447224,1,9,0,-1,19,4,2,-1,0,8,0,0,0,0,1,1,-1,6,1,-1,-1,1200,1,5,PEUGEOT 3008,3,E01009184,0,1
2024481503765,2024,481503765,1,9,0,-1,3,5,1,-1,0,1,0,0,0,0,2,1,-1,2,1,30,6,1200,1,3,PEUGEOT 3008,-1,-1,0,-1
2024461397368,2024,461397368,2,9,0,-1,2,0,0,-1,0,0,0,10,0,0,3,9,-1,6,-1,-1,-1,1500,2,6,PEUGEOT 3008,-1,-1,0,-1
2024041414416,2024,041414416,1,9,0,-1,5,5,1,-1,0,6,0,0,7,0,0,1,-1,9,1,80,11,1560,2,10,PEUGEOT 3008,10,E01025530,0,1
2024610040824,2024,610040824,4,9,0,2,2,0,0,0,0,0,0,0,0,0,4,1,6,6,3,-1,-1,1997,2,7,PEUGEOT 3008,-1,-1,0,-1
2024122500074,2024,122500074,1,9,0,18,19,2,6,0,0,1,0,0,0,0,1,1,6,6,1,34,6,1560,2,12,PEUGEOT 3008,5,E01027835,0,1
2024471418342,2024,471418342,1,9,0,-1,19,8,4,-1,0,0,0,0,0,0,1,2,-1,6,1,43,7,1560,2,11,PEUGEOT 3008,5,E01016857,0,1
2024122400363,2024,122400363,2,9,0,18,19,7,3,0,0,0,0,0,0,0,1,1,6,6,2,59,9,1560,2,8,PEUGEOT 3008,7,E01027673,0,4
2024461428535,2024,461428535,2,9,0,-1,19,4,8,-1,0,0,0,0,0,0,4,1,-1,2,1,22,5,1200,1,3,PEUGEOT 3008,1,E01016904,0,4
2024991468803,2024,991468803,2,9,0,-1,19,1,5,-1,0,0,0,0,0,0,2,1,-1,9,2,38,7,1500,2,3,PEUGEOT 3008,1,-1,0,1
2024371415314,2024,371415314,2,9,0,-1,4,4,8,-1,0,1,0,0,0,0,2,1,-1,6,2,37,7,1560,2,9,PEUGEOT 3008,1,E01030256,0,2
2024141517727,2024,141517727,1,9,0,-1,19,8,4,-1,0,2,0,0,0,0,4,1,-1,6,1,76,11,1199,1,0,PEUGEOT 3008,3,E01008004,0,2
2024421437197,2024,421437197,1,9,0,-1,19,2,5,-1,0,0,0,0,0,0,1,1,-1,9,-1,18,4,1560,2,13,PEUGEOT 3008,-1,-1,0,-1
2024131457111,2024,131457111,1,9,0,-1,1,5,1,-1,0,0,0,0,0,0,2,1,-1,6,3,-1,-1,1560,2,12,PEUGEOT 3008,-1,-1,0,-1
2024311538008,2024,311538008,1,9,0,-1,5,4,5,-1,0,2,0,0,0,0,1,2,-1,6,1,73,10,1500,2,5,PEUGEOT 3008,3,E01013843,0,1
2024451499312,2024,451499312,1,9,0,-1,19,3,7,-1,0,1,0,0,0,0,1,1,-1,9,1,42,7,1200,1,4,PEUGEOT 3008,7,E01031560,0,2
2024122400702,2024,122400702,2,9,0,17,19,8,5,0,0,0,0,0,0,0,1,1,6,6,1,34,6,1200,1,7,PEUGEOT 3008,6,E01031514,0,5
2024371507657,2024,371507657,4,9,0,-1,19,5,1,-1,0,0,0,0,0,0,2,1,-1,1,2,31,6,1560,2,6,PEUGEOT 3008,9,E01030191,0,4
2024471452940,2024,471452940,1,9,0,-1,19,6,2,-1,0,0,0,0,0,0,1,1,-1,7,2,59,9,1560,2,10,PEUGEOT 3008,4,E01021045,0,2
2024461471019,2024,461471019,1,9,0,-1,19,3,7,-1,0,8,0,0,0,0,3,9,-1,6,1,69,10,1200,1,3,PEUGEOT 3008,8,E01016095,0,1
2024461492572,2024,461492572,2,9,0,-1,5,7,3,-1,0,8,0,0,0,0,1,1,-1,6,2,58,9,1500,2,5,PEUGEOT 3008,5,E01024379,0,1
2024461466979,2024,461466979,1,9,0,-1,5,4,2,-1,0,0,0,0,0,0,3,1,-1,9,2,44,7,1560,2,10,PEUGEOT 3008,9,E01032813,0,1
2024122400973,2024,122400973,1,9,0,18,19,5,1,0,0,1,0,0,7,10,1,1,6,6,2,75,10,1560,2,15,PEUGEOT 3008,8,E01027635,0,4
2024320348252,2024,320348252,3,9,0,2,2,0,0,0,0,2,0,0,0,0,1,1,6,6,2,53,8,1499,2,0,PEUGEOT 3008,7,E01026297,0,1
2024501488613,2024,501488613,2,9,0,-1,3,8,4,-1,0,2,0,0,0,0,2,1,-1,9,2,35,6,1560,2,14,PEUGEOT 3008,4,E01015236,0,1
2024131403253,2024,131403253,2,9,0,-1,19,7,3,-1,0,8,0,0,0,0,1,1,-1,1,1,43,7,1200,1,7,PEUGEOT 3008,1,E01033697,0,1
2024332400829,2024,332400829,1,9,0,-1,19,5,3,-1,0,0,0,10,1,11,1,1,-1,9,2,49,8,1560,2,12,PEUGEOT 3008,5,E01013671,0,1
2024070891326,2024,070891326,1,9,0,-1,19,8,4,-1,0,2,0,0,0,11,1,1,-1,9,1,77,11,1560,2,10,PEUGEOT 3008,1,E01014358,0,2
2024552401402,2024,552401402,2,9,0,2,2,0,0,0,0,0,0,0,0,0,4,1,6,6,2,46,8,1560,2,7,PEUGEOT 3008,4,E01020488,0,1
2024010499429,2024,010499429,2,9,0,99,99,9,9,99,99,5,9,99,9,99,1,9,6,6,3,-1,-1,1200,1,6,PEUGEOT 3008,-1,-1,0,-1
2024440454026,2024,440454026,6,9,0,4,4,2,6,0,0,0,0,0,0,0,1,1,1,1,1,65,9,1598,8,1,PEUGEOT 3008,-1,-1,0,-1
2024520002732,2024,520002732,1,9,0,15,15,1,5,0,0,1,0,0,0,0,4,1,6,6,1,26,6,1500,2,5,PEUGEOT 3008,4,E01014426,0,3
2024010522632,2024,010522632,2,9,0,99,99,9,9,99,99,9,9,99,9,99,9,9,6,6,3,-1,-1,1200,1,7,PEUGEOT 3008,-1,-1,0,-1
2024361503986,2024,361503986,1,9,0,-1,19,7,3,-1,0,1,0,0,0,0,1,1,-1,9,1,71,10,1560,2,10,PEUGEOT 3008,9,E01026509,0,1
2024231511169,2024,231511169,2,9,0,-1,19,8,4,-1,0,8,0,0,0,0,1,9,-1,6,1,28,6,-1,3,0,PEUGEOT 3008,9,E01031329,0,1
2024451438508,2024,451438508,1,9,0,-1,19,7,3,-1,0,8,0,0,0,0,4,1,-1,9,1,32,6,1499,2,1,PEUGEOT 3008,8,E01003421,0,3
2024471401419,2024,471401419,3,9,0,-1,10,8,5,-1,0,8,0,0,0,0,0,1,-1,9,2,50,8,1500,2,5,PEUGEOT 3008,9,E01020939,0,1
2024201498837,2024,201498837,1,9,0,-1,6,3,3,-1,0,0,0,0,0,0,1,1,-1,6,2,59,9,1199,8,0,PEUGEOT 3008,2,E01009684,0,1
2024421468715,2024,421468715,2,9,0,-1,7,4,6,-1,0,6,0,0,0,0,4,9,-1,1,2,29,6,1500,2,4,PEUGEOT 3008,6,E01021722,0,1
2024421532334,2024,421532334,1,9,0,-1,2,3,7,-1,9,2,0,11,1,2,1,1,-1,6,1,65,9,1200,1,7,PEUGEOT 3008,4,E01015936,0,1