collision_index,collision_year,collision_ref_no,vehicle_reference,vehicle_type,towing_and_articulation,vehicle_manoeuvre_historic,vehicle_manoeuvre,vehicle_direction_from,vehicle_direction_to,vehicle_location_restricted_lane_historic,vehicle_location_restricted_lane,junction_location,skidding_and_overturning,hit_object_in_carriageway,vehicle_leaving_carriageway,hit_object_off_carriageway,first_point_of_impact,vehicle_left_hand_drive,journey_purpose_of_driver_historic,journey_purpose_of_driver,sex_of_driver,age_of_driver,age_band_of_driver,engine_capacity_cc,propulsion_code,age_of_vehicle,generic_make_model,driver_imd_decile,lsoa_of_driver,escooter_flag,driver_distance_banding
2024440323515,2024,440323515,1,9,0,4,4,2,6,0,0,0,0,0,0,0,2,1,6,6,2,36,7,1560,2,13,PEUGEOT 3008,8,E01023245,0,3
2024991412580,2024,991412580,2,9,0,-1,19,4,8,-1,0,0,1,0,1,0,1,1,-1,6,1,73,10,1500,2,5,PEUGEOT 3008,3,-1,0,1
2024131429706,2024,131429706,1,9,0,-1,19,1,5,-1,0,0,0,0,0,0,1,1,-1,6,1,72,10,1560,2,14,PEUGEOT 3008,8,E01005411,0,2
2024161484733,2024,161484733,2,9,0,-1,5,5,1,-1,0,6,0,0,0,0,1,1,-1,6,1,34,6,1560,2,14,PEUGEOT 3008,4,E01013314,0,1
2024052402032,2024,052402032,2,9,0,7,7,4,6,0,0,1,0,0,0,0,2,1,6,6,2,53,8,1560,2,8,PEUGEOT 3008,1,E01006647,0,1
2024231469662,2024,231469662,2,9,0,-1,19,8,4,-1,0,0,0,0,0,0,1,2,-1,6,2,48,8,1200,1,3,PEUGEOT 3008,5,E01032244,0,3
2024070961900,2024,070961900,1,9,0,-1,19,1,6,-1,0,0,0,0,0,0,4,1,-1,6,2,54,8,1560,2,13,PEUGEOT 3008,3,E01018378,0,1
2024421406237,2024,421406237,1,9,0,-1,19,8,4,-1,0,0,2,0,1,0,4,1,-1,9,1,58,9,1500,2,5,PEUGEOT 3008,4,E01021862,0,1
2024161409603,2024,161409603,4,9,0,-1,19,8,4,-1,0,0,0,0,0,0,1,9,-1,6,2,54,8,1560,2,9,PEUGEOT 3008,10,E01013275,0,1
2024991486643,2024,991486643,1,9,0,-1,11,6,2,-1,0,0,0,0,0,0,0,1,-1,9,2,56,9,1200,1,2,PEUGEOT 3008,6,-1,0,1
2024340NN4172,2024,340NN4172,3,9,0,-1,4,5,1,-1,0,0,0,0,0,0,1,1,-1,9,2,31,6,1500,2,5,PEUGEOT 3008,9,E01027053,0,1
2024361467784,2024,361467784,1,9,0,-1,20,4,8,-1,0,0,0,4,0,0,1,1,-1,9,2,64,9,1560,2,13,PEUGEOT 3008,3,E01026736,0,1
2024101451554,2024,101451554,1,9,0,-1,19,7,3,-1,0,3,0,0,0,0,3,1,-1,6,2,54,8,1560,2,12,PEUGEOT 3008,7,E01008364,0,2
2024531469868,2024,531469868,1,9,0,-1,19,3,7,-1,0,0,0,0,0,0,1,2,-1,9,1,32,6,1500,2,4,PEUGEOT 3008,8,E01022335,0,1
2024201478878,2024,201478878,2,9,0,-1,7,3,1,-1,0,1,0,0,0,0,2,9,-1,9,2,57,9,1560,2,11,PEUGEOT 3008,4,E01021277,0,5
2024440133574,2024,440133574,5,9,0,18,19,7,3,0,0,1,0,0,0,0,1,1,6,6,2,59,9,1598,1,6,PEUGEOT 3008,8,E01023246,0,1
2024302400687,2024,302400687,4,9,0,18,19,1,6,0,0,0,0,0,0,0,1,1,1,1,1,-1,-1,1499,2,1,PEUGEOT 3008,7,E01019716,0,1
2024131419928,2024,131419928,4,9,0,-1,2,0,0,-1,0,2,0,0,0,0,3,1,-1,6,-1,-1,-1,1560,2,14,PEUGEOT 3008,-1,-1,0,-1
2024201444158,2024,201444158,3,9,0,-1,2,0,0,-1,0,0,0,0,0,0,4,1,-1,9,1,72,10,1560,2,13,PEUGEOT 3008,2,E01010313,0,1
2024101443609,2024,101443609,1,9,0,-1,14,2,6,-1,0,8,0,0,0,0,1,1,-1,6,2,30,6,1560,2,12,PEUGEOT 3008,7,E01008638,0,1
2024061412235,2024,061412235,1,9,0,-1,19,3,7,-1,0,0,0,0,0,0,-1,9,-1,6,3,-1,-1,1500,2,5,PEUGEOT 3008,-1,-1,0,-1
2024311474630,2024,311474630,1,9,0,-1,3,3,5,-1,0,0,0,0,0,0,2,1,-1,6,1,43,7,1200,1,5,PEUGEOT 3008,-1,-1,0,-1
2024010519455,2024,010519455,1,9,0,99,99,9,9,99,99,0,9,99,9,99,2,9,6,6,2,55,8,1199,1,0,PEUGEOT 3008,6,E01003469,0,1
2024461408228,2024,461408228,1,8,0,-1,5,2,7,-1,0,8,1,7,7,1,4,1,-1,1,1,24,5,1560,2,13,PEUGEOT 3008,1,E01024081,0,4
2024010530516,2024,010530516,2,9,0,4,4,4,8,0,0,0,0,0,0,0,2,1,2,2,2,39,7,1200,1,4,PEUGEOT 3008,8,E01000281,0,1
2024361451082,2024,361451082,1,9,0,-1,19,4,6,-1,0,0,0,0,0,0,4,9,-1,6,1,29,6,1499,2,1,PEUGEOT 3008,9,E01026513,0,3
2024520402181,2024,520402181,1,9,0,18,19,7,3,0,0,0,5,0,0,0,1,1,6,6,2,30,6,1598,8,2,PEUGEOT 3008,6,E01019935,0,3
2024201403993,2024,201403993,1,9,0,-1,5,2,6,-1,0,0,0,4,0,0,1,1,-1,6,1,65,9,1598,8,2,PEUGEOT 3008,-1,-1,0,-1
2024340WN6012,2024,340WN6012,2,9,0,-1,20,5,1,-1,0,0,0,0,0,0,3,1,-1,9,1,51,8,1560,2,13,PEUGEOT 3008,3,E01026992,0,1
2024991430843,2024,991430843,1,9,0,-1,19,1,5,-1,0,1,0,0,0,0,1,1,-1,6,2,42,7,1560,2,11,PEUGEOT 3008,-1,-1,0,-1
2024010501439,2024,010501439,1,9,0,99,99,9,9,99,99,9,9,99,9,99,2,9,6,6,2,46,8,1200,1,4,PEUGEOT 3008,5,E01023537,0,1
2024061521349,2024,061521349,3,9,0,-1,2,0,0,-1,9,0,0,0,0,0,3,1,-1,6,2,33,6,1500,2,5,PEUGEOT 3008,-1,-1,0,-1
2024211505168,2024,211505168,2,9,0,-1,4,3,1,-1,0,0,1,0,0,0,1,9,-1,6,2,53,8,1560,2,11,PEUGEOT 3008,2,E01014359,0,1
2024311411728,2024,311411728,2,9,0,-1,19,6,2,-1,0,0,0,0,0,0,2,1,-1,6,2,25,5,1560,2,12,PEUGEOT 3008,-1,-1,0,-1
2024520402451,2024,520402451,1,9,0,9,9,3,8,0,0,8,0,0,0,0,3,1,6,6,2,35,6,1200,1,4,PEUGEOT 3008,8,E01032672,0,4
2024522403311,2024,522403311,2,9,0,18,19,5,1,0,0,0,0,4,0,0,2,1,6,6,1,74,10,1560,2,15,PEUGEOT 3008,2,E01014806,0,1
2024131408677,2024,131408677,1,9,0,-1,7,4,5,-1,0,0,0,0,0,0,3,1,-1,6,2,41,7,1560,2,11,PEUGEOT 3008,1,E01010613,0,2
2024211416265,2024,211416265,2,9,0,-1,19,8,4,-1,0,0,0,0,0,0,2,9,-1,6,2,51,8,1560,2,14,PEUGEOT 3008,4,E01014259,0,1
2024451439501,2024,451439501,1,9,0,-1,19,4,8,-1,0,0,0,0,2,7,1,1,-1,9,2,37,7,1560,2,10,PEUGEOT 3008,4,E01030400,0,3
2024461530097,2024,461530097,2,9,0,-1,19,6,2,-1,0,1,0,4,0,0,1,1,-1,9,2,57,9,1560,2,10,PEUGEOT 3008,4,E01016174,0,1
2024332401164,2024,332401164,1,9,0,-1,19,2,6,-1,0,1,1,0,0,0,1,1,-1,9,1,45,7,1560,2,6,PEUGEOT 3008,6,E01025746,0,1
2024340WN0432,2024,340WN0432,2,9,0,-1,19,5,1,-1,0,0,1,0,5,6,2,1,-1,9,1,69,10,1560,2,11,PEUGEOT 3008,3,E01018534,0,5
2024221519141,2024,221519141,1,9,0,-1,19,6,2,-1,0,0,0,4,1,11,1,1,-1,9,2,37,7,1560,2,11,PEUGEOT 3008,10,E01014102,0,1
2024101450840,2024,101450840,1,9,0,-1,19,1,5,-1,0,0,0,0,0,0,1,1,-1,6,2,57,9,1560,2,7,PEUGEOT 3008,3,E01008704,0,3
2024543876924,2024,543876924,1,9,0,18,19,3,7,0,0,0,0,0,0,0,2,1,6,6,2,52,8,1997,2,5,PEUGEOT 3008,4,E01032714,0,2
2024311525790,2024,311525790,1,9,0,-1,19,8,5,-1,0,0,0,0,0,0,1,1,-1,6,1,36,7,1500,2,5,PEUGEOT 3008,-1,-1,0,-1
2024320441197,2024,320441197,1,9,0,-1,-1,8,4,0,0,8,0,0,0,0,1,1,6,6,2,66,10,1560,2,9,PEUGEOT 3008,4,E01026016,0,1
2024010511000,2024,010511000,2,9,0,7,7,7,2,0,0,4,0,0,0,0,1,1,6,6,2,39,7,1499,2,1,PEUGEOT 3008,4,E01034470,0,1
2024010549520,2024,010549520,3,9,0,3,3,3,7,0,0,1,0,0,0,0,2,1,2,2,2,62,9,1199,8,0,PEUGEOT 3008,6,E01021472,0,2
2024111425323,2024,111425323,1,9,0,-1,19,6,2,-1,0,2,0,0,0,0,1,1,-1,6,1,70,10,1560,2,6,PEUGEOT 3008,9,E01020817,0,2
2024522402684,2024,522402684,1,9,0,18,19,2,6,0,0,1,0,0,0,0,4,1,6,6,1,43,7,1560,2,9,PEUGEOT 3008,5,E01014886,0,1
2024161534335,2024,161534335,2,9,0,-1,19,5,1,-1,0,1,0,0,0,0,4,9,-1,6,2,-1,-1,1560,2,12,PEUGEOT 3008,-1,-1,0,-1
2024141452111,2024,141452111,1,9,0,-1,5,3,7,-1,0,8,0,0,0,0,3,2,-1,9,2,65,9,1560,2,10,PEUGEOT 3008,7,E01007818,0,1
2024501501090,2024,501501090,1,9,0,-1,19,1,5,-1,0,2,0,0,8,11,1,1,-1,6,1,-1,-1,1560,2,14,PEUGEOT 3008,-1,-1,0,-1
2024991480929,2024,991480929,2,9,0,-1,9,1,5,-1,0,0,0,0,0,0,2,1,-1,6,2,63,9,1560,2,6,PEUGEOT 3008,-1,-1,0,-1
2024461422237,2024,461422237,2,9,0,-1,9,2,6,-1,0,1,0,4,1,0,3,1,-1,6,1,48,8,1997,2,14,PEUGEOT 3008,5,E01024516,0,1
2024501445129,2024,501445129,2,9,0,-1,19,6,2,-1,0,8,0,0,0,0,3,9,-1,6,1,70,10,1560,2,10,PEUGEOT 3008,4,E01015258,0,1
2024131486146,2024,131486146,2,9,0,-1,19,5,1,-1,0,8,0,0,0,0,1,1,-1,9,1,37,7,1600,8,2,PEUGEOT 3008,9,E01011456,0,3
2024421471857,2024,421471857,1,9,0,-1,19,7,3,-1,0,0,2,9,3,10,1,1,-1,6,2,24,5,1200,1,7,PEUGEOT 3008,6,E01021275,0,1
2024991413063,2024,991413063,3,9,0,-1,19,1,5,-1,0,0,1,0,4,6,4,1,-1,1,1,48,8,1500,2,4,PEUGEOT 3008,8,-1,0,4
2024141396544,2024,141396544,2,9,0,-1,9,5,2,-1,0,1,0,0,0,0,1,1,-1,9,2,50,8,1200,1,4,PEUGEOT 3008,9,E01007432,0,1
2024501487294,2024,501487294,1,9,0,-1,19,2,6,-1,0,0,0,0,0,0,1,9,-1,6,1,23,5,1560,2,6,PEUGEOT 3008,4,E01020000,0,1
2024041497737,2024,041497737,2,9,0,-1,19,1,5,-1,0,1,1,0,1,0,1,1,-1,9,1,28,6,1200,1,5,PEUGEOT 3008,4,E01025190,0,1
2024371551101,2024,371551101,2,9,0,-1,19,3,7,-1,0,8,0,0,0,0,3,1,-1,6,2,76,11,1560,2,10,PEUGEOT 3008,6,E01034565,0,4
2024991534929,2024,991534929,2,9,0,-1,19,6,4,-1,0,8,0,6,0,0,4,1,-1,6,1,32,6,1560,2,10,PEUGEOT 3008,2,-1,0,1
2024461412349,2024,461412349,1,9,0,-1,19,4,8,-1,0,0,0,0,0,0,1,1,-1,9,2,34,6,1560,2,13,PEUGEOT 3008,3,E01032830,0,3
2024991425929,2024,991425929,1,9,0,-1,19,6,2,-1,0,1,0,0,0,0,1,1,-1,6,1,51,8,1560,2,10,PEUGEOT 3008,3,-1,0,2
2024320520273,2024,320520273,1,9,0,-1,-1,6,2,0,0,0,0,0,0,0,1,1,-1,-1,2,48,8,1560,2,13,PEUGEOT 3008,1,E01009993,0,5
2024141444597,2024,141444597,4,9,0,-1,2,0,0,-1,0,0,0,0,0,0,3,1,-1,6,-1,-1,-1,1560,2,7,PEUGEOT 3008,-1,-1,0,-1
2024361532369,2024,361532369,1,9,0,-1,19,3,7,-1,0,0,0,0,0,0,4,1,-1,9,2,46,8,1560,2,12,PEUGEOT 3008,2,E01026791,0,1
2024010503075,2024,010503075,1,9,0,4,4,8,4,0,0,0,0,0,0,0,2,1,6,6,1,74,10,1200,1,5,PEUGEOT 3008,6,E01021448,0,3
2024161421273,2024,161421273,2,9,0,-1,2,0,0,-1,0,0,0,0,0,0,2,1,-1,6,-1,-1,-1,1500,2,3,PEUGEOT 3008,-1,-1,0,-1
2024351479236,2024,351479236,1,9,-1,-1,-1,-1,-1,-1,-1,0,-1,-1,-1,0,-1,9,-1,6,2,33,6,1500,2,5,PEUGEOT 3008,5,E01031159,0,5
2024131434033,2024,131434033,2,9,0,-1,9,5,1,-1,0,8,0,0,0,0,1,1,-1,6,-1,34,6,1560,2,14,PEUGEOT 3008,-1,-1,0,-1
2024041511786,2024,041511786,1,9,0,-1,4,3,7,-1,0,0,0,0,0,0,4,1,-1,6,3,-1,-1,1499,2,1,PEUGEOT 3008,-1,-1,0,-1
2024501463519,2024,501463519,2,9,9,-1,7,3,5,-1,9,1,9,99,0,0,4,1,-1,6,1,77,11,1500,2,5,PEUGEOT 3008,6,E01019061,0,2
2024141410778,2024,141410778,1,9,0,-1,19,7,3,-1,0,1,0,0,0,0,3,1,-1,6,1,71,10,1560,2,9,PEUGEOT 3008,7,E01019802,0,2
2024320452392,2024,320452392,1,9,0,-1,-1,6,2,0,0,2,5,4,1,0,1,1,6,6,1,62,9,1200,1,3,PEUGEOT 3008,10,E01026364,0,1
2024522402855,2024,522402855,2,9,0,5,5,8,4,0,0,1,0,0,0,0,1,1,6,6,3,-1,-1,1560,2,14,PEUGEOT 3008,-1,-1,0,-1
2024052400731,2024,052400731,2,9,0,18,19,7,3,0,0,1,0,0,0,0,1,1,6,6,1,59,9,1560,2,12,PEUGEOT 3008,3,E01006805,0,1
2024010513896,2024,010513896,4,9,0,2,2,0,0,0,0,0,0,0,0,0,3,1,6,6,3,-1,-1,1560,2,7,PEUGEOT 3008,-1,-1,0,-1
2024501445760,2024,501445760,1,9,0,-1,9,5,7,-1,0,6,1,0,0,0,1,1,-1,9,1,84,11,1560,2,10,PEUGEOT 3008,8,E01034638,0,1
2024332400684,2024,332400684,1,9,0,-1,19,7,3,-1,0,8,0,0,1,2,1,1,-1,9,2,39,7,1600,8,2,PEUGEOT 3008,10,E01025800,0,1
2024340NN4492,2024,340NN4492,2,9,0,-1,19,5,1,-1,0,0,0,0,0,0,1,1,-1,6,1,38,7,1560,2,6,PEUGEOT 3008,10,E01010166,0,4
2024052401438,2024,052401438,1,9,0,7,7,3,7,0,0,1,0,0,0,0,1,1,2,2,1,45,7,1560,2,11,PEUGEOT 3008,2,E01007047,0,1
2024991484576,2024,991484576,1,9,0,-1,1,1,1,-1,9,0,0,0,0,0,2,1,-1,9,1,46,8,1560,2,13,PEUGEOT 3008,-1,-1,0,-1
2024161460553,2024,161460553,1,9,0,-1,9,5,3,-1,0,6,0,0,0,0,3,1,-1,6,1,71,10,1560,2,8,PEUGEOT 3008,4,E01013334,0,1
2024010506689,2024,010506689,2,9,0,99,99,9,9,99,99,9,9,99,9,99,9,9,6,6,3,-1,-1,1600,8,3,PEUGEOT 3008,-1,-1,0,-1
2024421533182,2024,421533182,1,9,0,-1,19,6,8,-1,0,2,0,0,0,0,1,1,-1,6,1,42,7,1560,2,12,PEUGEOT 3008,-1,-1,0,-1
2024161481381,2024,161481381,1,9,0,-1,19,3,7,-1,0,1,0,0,0,0,9,9,-1,6,1,73,10,1560,2,9,PEUGEOT 3008,6,E01013072,0,2
2024522402858,2024,522402858,2,9,0,9,9,5,3,0,0,6,0,0,0,0,1,1,6,6,2,47,8,1560,2,12,PEUGEOT 3008,6,E01031926,0,3
2024302401425,2024,302401425,1,9,0,16,19,6,1,0,0,0,0,0,0,0,0,1,6,6,1,57,9,1560,2,6,PEUGEOT 3008,3,E01019759,0,1
2024471487981,2024,471487981,1,9,0,-1,9,3,1,-1,0,8,0,0,0,0,1,1,-1,9,1,34,6,1200,1,7,PEUGEOT 3008,2,E01017011,0,1
2024610024424,2024,610024424,1,9,0,7,7,7,8,0,0,2,0,0,1,11,1,1,3,7,2,41,7,1600,8,2,PEUGEOT 3008,3,W01001577,0,1
2024340NN0472,2024,340NN0472,2,9,0,-1,3,7,3,-1,0,1,0,0,0,0,2,1,-1,1,1,40,7,1560,2,11,PEUGEOT 3008,5,E01027316,0,1
2024401458395,2024,401458395,2,9,0,-1,2,0,0,-1,0,0,0,0,0,0,2,1,-1,6,-1,-1,-1,1199,8,1,PEUGEOT 3008,-1,-1,0,-1
2024010500951,2024,010500951,3,9,0,2,2,0,0,0,0,2,0,0,0,0,3,1,6,6,3,-1,-1,1598,1,13,PEUGEOT 3008,-1,-1,0,-1
2024010548035,2024,010548035,1,9,0,4,4,3,7,0,0,0,0,0,0,0,0,1,2,2,1,37,7,-1,3,0,PEUGEOT 3008,4,E01001171,0,1
2024461492138,2024,461492138,2,9,0,-1,7,1,2,-1,0,8,0,0,0,0,3,2,-1,9,2,38,7,1598,1,6,PEUGEOT 3008,5,E01024231,0,1
2024010550045,2024,010550045,4,9,0,18,19,3,7,0,0,1,0,0,0,0,1,1,6,6,1,49,8,1199,1,1,PEUGEOT 3008,-1,-1,0,-1
2024471467344,2024,471467344,1,9,0,-1,19,7,3,-1,0,0,0,0,0,0,1,1,-1,2,1,34,6,1560,2,13,PEUGEOT 3008,4,E01017131,0,4
2024311449915,2024,311449915,1,9,0,-1,3,4,2,-1,0,1,0,0,0,0,4,1,-1,9,1,55,8,1560,2,6,PEUGEOT 3008,-1,-1,0,-1
2024061503053,2024,061503053,2,9,0,-1,19,2,2,-1,0,2,0,0,0,0,1,1,-1,6,1,54,8,1997,2,15,PEUGEOT 3008,1,E01005579,0,1
2024340NN1952,2024,340NN1952,2,9,0,-1,15,5,7,-1,0,3,0,0,0,0,4,1,-1,2,1,68,10,1560,2,7,PEUGEOT 3008,5,E01026981,0,1
2024010541437,2024,010541437,4,9,0,18,19,3,7,0,0,2,0,0,0,0,4,1,6,6,1,49,8,1598,1,12,PEUGEOT 3008,3,E01003286,0,1
2024201492062,2024,201492062,3,9,0,-1,2,0,0,-1,0,2,0,0,0,0,3,9,-1,6,-1,-1,-1,1560,2,11,PEUGEOT 3008,-1,-1,0,-1
2024010547031,2024,010547031,2,9,0,18,19,3,7,0,0,1,0,0,0,0,0,1,6,6,1,58,9,1200,1,3,PEUGEOT 3008,4,E01002250,0,1
2024201402967,2024,201402967,1,9,0,-1,5,4,8,-1,0,8,0,0,0,0,3,1,-1,6,1,50,8,1200,1,2,PEUGEOT 3008,1,E01009700,0,2
2024161444839,2024,161444839,1,9,0,-1,12,2,4,-1,0,0,0,0,0,0,1,1,-1,6,1,76,11,1560,2,10,PEUGEOT 3008,4,E01013082,0,4
2024332401063,2024,332401063,1,9,0,-1,19,5,1,-1,0,8,0,0,0,0,3,1,-1,7,2,40,7,1200,1,5,PEUGEOT 3008,9,E01025758,0,2
2024552400973,2024,552400973,1,9,0,18,19,2,6,0,0,0,0,0,0,0,3,1,6,6,3,-1,-1,1560,2,11,PEUGEOT 3008,-1,-1,0,-1
2024141424081,2024,141424081,2,9,0,-1,2,0,0,-1,0,0,0,0,0,0,2,1,-1,6,-1,-1,-1,1560,2,7,PEUGEOT 3008,-1,-1,0,-1
2024050715057,2024,050715057,1,9,0,-1,-1,3,7,-1,-1,7,0,0,0,0,1,1,-1,-1,1,45,7,1200,1,6,PEUGEOT 3008,7,E01006814,0,2
2024531483130,2024,531483130,1,9,0,-1,19,4,8,-1,0,0,0,0,0,0,1,1,-1,9,1,38,7,1560,2,10,PEUGEOT 3008,5,E01021562,0,5
2024531504493,2024,531504493,2,9,0,-1,19,5,1,-1,0,4,0,0,0,0,2,1,-1,9,2,33,6,1500,2,6,PEUGEOT 3008,8,E01022280,0,1
2024211516874,2024,211516874,3,9,0,-1,19,8,3,-1,0,1,1,0,1,0,3,1,-1,6,1,77,11,1500,2,5,PEUGEOT 3008,7,E01029655,0,1
2024340WN5672,2024,340WN5672,1,9,0,-1,19,1,5,-1,0,0,0,0,0,0,1,1,-1,9,1,39,7,1560,2,8,PEUGEOT 3008,3,E01027171,0,2
2024131451018,2024,131451018,2,9,0,-1,19,5,1,-1,0,3,0,0,0,0,4,1,-1,9,-1,45,7,1200,1,5,PEUGEOT 3008,7,E01011714,0,2
2024041509849,2024,041509849,1,9,0,-1,19,7,3,-1,0,2,0,0,0,0,1,1,-1,6,2,28,6,1598,8,0,PEUGEOT 3008,3,E01024926,0,1
2024061455490,2024,061455490,2,9,0,-1,13,-1,-1,-1,0,0,0,0,0,0,4,1,-1,6,3,-1,-1,1200,1,5,PEUGEOT 3008,-1,-1,0,-1
2024161523340,2024,161523340,1,9,0,-1,11,1,5,-1,0,0,0,0,0,0,1,1,-1,9,2,78,11,1560,2,10,PEUGEOT 3008,5,E01012769,0,2
2024041534713,2024,041534713,1,9,0,-1,19,7,3,-1,0,8,0,0,0,0,1,1,-1,9,1,56,9,-1,3,0,PEUGEOT 3008,8,E01025233,0,2
2024010552900,2024,010552900,2,9,0,99,99,9,9,99,99,9,9,99,9,99,9,9,6,6,3,-1,-1,-1,3,0,PEUGEOT 3008,-1,-1,0,-1
2024041478988,2024,041478988,1,9,0,-1,9,3,1,-1,0,8,0,0,0,0,1,1,-1,2,1,56,9,1500,2,6,PEUGEOT 3008,4,E01025572,0,1
2024440359723,2024,440359723,2,9,0,12,12,4,6,0,0,7,0,0,0,0,2,1,6,6,3,-1,-1,1560,2,9,PEUGEOT 3008,-1,-1,0,-1
2024131397838,2024,131397838,1,9,0,-1,9,5,3,-1,0,1,0,0,0,0,1,1,-1,2,2,29,6,1560,2,7,PEUGEOT 3008,9,E01010642,0,1
2024041408383,2024,041408383,1,9,0,-1,3,1,5,-1,0,0,0,0,0,0,1,1,-1,9,1,72,10,1997,2,10,PEUGEOT 3008,1,E01025582,0,2
2024471494237,2024,471494237,1,9,0,-1,7,7,1,-1,0,2,0,0,0,0,1,1,-1,2,1,65,9,1560,2,7,PEUGEOT 3008,6,E01034062,0,4
2024010542708,2024,010542708,1,9,0,18,19,3,7,0,0,4,0,0,0,0,3,1,1,1,2,22,5,1200,1,3,PEUGEOT 3008,10,E01031134,0,5
2024070210666,2024,070210666,2,9,0,18,19,3,3,0,0,0,0,0,0,0,2,1,1,1,1,29,6,1560,2,9,PEUGEOT 3008,2,E01018553,0,1
2024552401520,2024,552401520,1,9,0,9,9,7,4,0,0,8,0,0,0,0,3,1,2,2,1,36,7,1560,2,12,PEUGEOT 3008,2,E01015280,0,1
2024070398270,2024,070398270,1,9,0,10,10,7,3,0,0,1,0,0,0,0,4,1,6,6,2,-1,-1,1560,2,7,PEUGEOT 3008,-1,-1,0,-1
2024111495805,2024,111495805,1,9,0,-1,19,3,7,-1,0,1,0,0,0,0,1,1,-1,6,2,31,6,1560,2,10,PEUGEOT 3008,1,E01012359,0,1
2024430143418,2024,430143418,1,9,0,5,5,5,1,0,0,2,0,0,0,0,1,1,6,6,1,41,7,1560,2,11,PEUGEOT 3008,5,E01028633,0,1
2024371566750,2024,371566750,1,9,0,-1,9,3,1,-1,0,2,0,0,0,0,0,1,-1,6,2,79,11,1560,2,11,PEUGEOT 3008,1,E01030256,0,1
2024010548486,2024,010548486,2,9,0,99,99,9,9,99,99,9,9,99,9,99,1,9,6,6,1,25,5,1598,1,6,PEUGEOT 3008,3,E01003349,0,1
2024421406086,2024,421406086,1,9,0,-1,11,5,7,-1,0,1,0,0,0,0,1,1,-1,9,1,39,7,1560,2,12,PEUGEOT 3008,2,E01021327,0,1
2024221452687,2024,221452687,2,9,0,-1,19,8,4,-1,0,8,0,0,0,0,1,1,-1,9,1,87,11,1500,2,2,PEUGEOT 3008,8,E01032207,0,2
2024052401472,2024,052401472,2,9,0,18,19,6,2,0,0,1,0,0,0,0,1,1,6,6,1,54,8,1560,2,9,PEUGEOT 3008,1,E01033768,0,1
2024421479592,2024,421479592,2,9,0,-1,3,7,3,-1,0,0,0,0,0,0,2,1,-1,9,2,34,6,1560,2,11,PEUGEOT 3008,7,E01021343,0,1
2024211471010,2024,211471010,2,9,0,-1,19,4,8,-1,0,1,0,0,0,0,1,1,-1,6,2,53,8,1997,2,7,PEUGEOT 3008,8,E01034106,0,1
2024541201124,2024,541201124,1,9,0,18,19,8,4,0,0,0,0,0,1,11,3,1,6,6,1,73,10,1560,2,12,PEUGEOT 3008,4,E01032008,0,1
2024320348224,2024,320348224,1,9,0,-1,-1,2,6,0,0,0,2,0,2,0,3,1,-1,-1,1,73,10,1997,2,5,PEUGEOT 3008,4,E01026741,0,4
2024361510672,2024,361510672,3,9,0,-1,3,5,1,-1,0,2,0,0,0,0,1,1,-1,9,1,38,7,1560,2,14,PEUGEOT 3008,7,E01030228,0,4
2024361412775,2024,361412775,1,9,0,-1,4,7,5,-1,0,1,1,0,7,1,3,9,-1,9,2,32,6,1560,2,7,PEUGEOT 3008,2,E01026753,0,1
2024622400629,2024,622400629,1,9,0,18,19,6,2,0,0,0,0,0,2,11,4,1,6,6,1,64,9,1598,8,2,PEUGEOT 3008,10,W01000840,0,1
2024031507196,2024,031507196,1,9,5,-1,19,5,4,-1,-1,4,0,0,0,0,1,1,-1,9,1,76,11,1199,8,0,PEUGEOT 3008,7,E01024978,0,5
2024631474390,2024,631474390,1,9,0,-1,5,1,7,-1,0,6,0,0,0,0,3,1,-1,6,1,60,9,1560,2,12,PEUGEOT 3008,2,W01000594,0,1
2024552400863,2024,552400863,1,9,0,4,4,5,1,0,0,1,0,0,0,0,1,1,6,6,3,-1,-1,1560,2,12,PEUGEOT 3008,-1,-1,0,-1
2024371462766,2024,371462766,2,9,0,-1,19,1,5,-1,0,0,0,0,1,0,3,1,-1,9,2,76,11,1997,2,13,PEUGEOT 3008,5,E01030189,0,4
2024052401548,2024,052401548,1,9,0,18,19,7,3,0,0,0,0,0,0,0,3,1,6,6,1,65,9,1560,2,9,PEUGEOT 3008,6,E01007247,0,1
2024231535925,2024,231535925,1,9,0,-1,19,4,8,-1,0,0,0,0,7,11,1,1,-1,2,1,42,7,1997,-1,12,PEUGEOT 3008,3,E01031172,0,1
2024461575126,2024,461575126,1,9,0,-1,9,7,5,-1,0,4,0,0,0,0,4,1,-1,9,2,49,8,-1,3,0,PEUGEOT 3008,7,E01024407,0,1
2024211400322,2024,211400322,2,9,0,-1,4,1,5,-1,0,0,0,0,0,0,2,1,-1,9,1,66,10,1560,2,9,PEUGEOT 3008,7,E01029622,0,4
2024440504156,2024,440504156,1,9,0,18,19,3,7,0,0,0,0,0,7,10,1,1,1,1,1,23,5,1199,1,0,PEUGEOT 3008,2,E01017156,0,2
2024010534695,2024,010534695,4,9,0,17,19,1,5,0,0,0,0,0,0,0,1,1,6,6,2,49,8,1997,2,7,PEUGEOT 3008,3,E01004167,0,4
2024371476492,2024,371476492,2,9,0,-1,4,3,7,-1,0,0,0,0,0,0,2,1,-1,6,2,43,7,1997,2,6,PEUGEOT 3008,8,E01034567,0,1
2024311472545,2024,311472545,1,9,0,-1,19,3,7,-1,0,2,0,4,0,0,1,1,-1,6,1,35,6,1560,2,9,PEUGEOT 3008,1,E01027951,0,4