collision_index,collision_year,collision_ref_no,vehicle_reference,vehicle_type,towing_and_articulation,vehicle_manoeuvre_historic,vehicle_manoeuvre,vehicle_direction_from,vehicle_direction_to,vehicle_location_restricted_lane_historic,vehicle_location_restricted_lane,junction_location,skidding_and_overturning,hit_object_in_carriageway,vehicle_leaving_carriageway,hit_object_off_carriageway,first_point_of_impact,vehicle_left_hand_drive,journey_purpose_of_driver_historic,journey_purpose_of_driver,sex_of_driver,age_of_driver,age_band_of_driver,engine_capacity_cc,propulsion_code,age_of_vehicle,generic_make_model,driver_imd_decile,lsoa_of_driver,escooter_flag,driver_distance_banding
2024221476114,2024,221476114,1,9,0,-1,19,1,5,-1,0,0,0,0,0,0,1,1,-1,9,2,33,6,1560,2,13,PEUGEOT 3008,6,E01034965,0,5
2024201509547,2024,201509547,2,9,0,-1,5,4,8,-1,0,1,0,0,0,0,1,1,-1,2,1,33,6,1560,2,13,PEUGEOT 3008,2,E01009890,0,1
2024211453192,2024,211453192,1,9,0,-1,1,8,6,-1,0,1,0,0,0,0,2,1,-1,6,2,35,6,1997,2,13,PEUGEOT 3008,-1,-1,0,-1
2024461408166,2024,461408166,1,9,0,-1,19,6,2,-1,0,0,0,0,0,0,3,9,-1,6,1,68,10,1560,2,12,PEUGEOT 3008,1,E01024240,0,1
2024231401098,2024,231401098,2,9,0,-1,3,5,1,-1,0,0,0,0,0,0,2,1,-1,6,1,73,10,1560,2,12,PEUGEOT 3008,8,E01031236,0,3
2024320345091,2024,320345091,1,9,0,7,7,3,6,0,0,6,0,0,0,0,1,1,6,6,1,26,6,1560,2,13,PEUGEOT 3008,-1,-1,0,-1
2024311399212,2024,311399212,2,9,0,-1,12,7,4,-1,0,0,0,0,8,0,2,9,-1,9,1,48,8,1560,2,13,PEUGEOT 3008,1,E01013841,0,3
2024320742086,2024,320742086,1,9,0,-1,-1,8,4,0,0,0,1,0,7,9,1,1,6,6,1,44,7,1560,2,14,PEUGEOT 3008,2,E01026382,0,3
2024991429910,2024,991429910,1,9,0,-1,19,1,5,-1,9,0,0,0,0,0,1,1,-1,9,2,45,7,1560,2,12,PEUGEOT 3008,-1,-1,0,-1
2024332400267,2024,332400267,2,9,0,-1,19,6,2,-1,0,8,0,0,0,0,1,1,-1,9,1,59,9,1600,8,2,PEUGEOT 3008,7,E01025635,0,1
2024440268615,2024,440268615,1,9,0,9,9,5,1,0,0,1,0,0,0,0,1,1,6,6,1,21,5,1560,2,13,PEUGEOT 3008,-1,-1,0,-1
2024101462767,2024,101462767,1,9,0,-1,19,1,5,-1,0,0,0,0,0,0,1,9,-1,6,1,48,8,1560,2,11,PEUGEOT 3008,1,E01008439,0,3
2024461429562,2024,461429562,7,9,0,-1,3,7,7,-1,0,0,0,0,0,0,3,2,-1,6,2,58,9,1598,1,3,PEUGEOT 3008,7,E01016162,0,1
2024461432435,2024,461432435,1,9,0,-1,19,7,3,-1,0,0,0,4,0,0,1,1,-1,9,1,59,9,1499,2,1,PEUGEOT 3008,2,E01024585,0,1
2024052402349,2024,052402349,1,9,0,18,19,7,3,0,0,0,0,0,0,0,3,1,6,6,1,28,6,1598,8,1,PEUGEOT 3008,4,E01035382,0,3
2024061533051,2024,061533051,1,9,0,-1,9,3,8,-1,0,8,0,0,0,0,1,1,-1,2,1,52,8,1200,1,5,PEUGEOT 3008,1,E01006324,0,3
2024320183302,2024,320183302,2,9,0,9,9,6,4,0,0,5,0,0,0,0,1,1,6,6,1,52,8,1200,1,6,PEUGEOT 3008,7,E01026089,0,1
2024010497507,2024,010497507,2,9,0,99,99,9,9,99,99,6,9,99,9,99,9,9,6,6,3,-1,-1,1598,1,9,PEUGEOT 3008,-1,-1,0,-1
2024430579627,2024,430579627,2,9,0,18,19,6,2,0,0,0,0,0,0,0,2,1,6,6,2,47,8,1598,1,6,PEUGEOT 3008,-1,-1,0,-1
2024991460164,2024,991460164,2,9,0,-1,19,6,4,-1,0,0,0,0,0,0,4,1,-1,9,1,63,9,1200,1,5,PEUGEOT 3008,10,-1,0,1
2024351558355,2024,351558355,2,9,0,-1,19,1,5,-1,0,1,0,0,0,0,1,1,-1,6,2,22,5,1560,2,7,PEUGEOT 3008,3,E01013618,0,4
2024041399618,2024,041399618,2,9,0,-1,19,1,5,-1,0,8,0,0,0,0,3,1,-1,9,1,37,7,1200,1,4,PEUGEOT 3008,8,E01034347,0,1
2024201509333,2024,201509333,2,9,0,-1,10,4,1,-1,0,1,0,0,0,0,1,1,-1,6,1,29,6,1560,2,6,PEUGEOT 3008,1,E01034310,0,1
2024141441578,2024,141441578,2,9,0,-1,19,5,7,-1,0,1,0,0,0,0,1,1,-1,1,2,54,8,1997,2,6,PEUGEOT 3008,2,E01007367,0,1
2024010546037,2024,010546037,2,9,0,18,19,5,1,0,0,2,0,0,0,0,1,1,6,6,1,41,7,1560,2,7,PEUGEOT 3008,6,E01001498,0,1
2024221567203,2024,221567203,1,9,0,-1,1,5,1,-1,0,0,0,0,0,0,2,9,-1,6,2,57,9,1560,2,9,PEUGEOT 3008,8,E01032223,0,2
2024201445808,2024,201445808,2,9,0,-1,19,8,4,-1,0,1,0,0,0,0,4,1,-1,9,2,39,7,1500,2,4,PEUGEOT 3008,-1,-1,0,-1
2024041478806,2024,041478806,1,9,0,-1,5,7,3,-1,0,8,0,0,0,0,1,1,-1,9,1,58,9,1560,2,11,PEUGEOT 3008,1,E01012670,0,1
2024010493910,2024,010493910,1,9,0,17,19,7,3,0,0,1,0,10,0,0,1,1,6,6,1,48,8,1598,8,1,PEUGEOT 3008,5,E01000194,0,3
2024320247505,2024,320247505,1,9,0,9,9,8,7,0,0,8,0,0,0,0,4,1,-1,-1,2,40,7,1500,2,5,PEUGEOT 3008,4,E01026416,0,2
2024161397609,2024,161397609,1,9,0,-1,4,1,5,-1,0,1,0,0,0,0,2,1,-1,9,1,27,6,1200,1,4,PEUGEOT 3008,10,E01013012,0,1
2024991506019,2024,991506019,1,9,0,-1,19,1,5,-1,0,1,0,4,3,0,2,1,-1,6,2,47,8,-1,3,0,PEUGEOT 3008,2,-1,0,4
2024430121265,2024,430121265,2,9,0,18,19,5,1,0,0,0,0,0,0,0,2,1,6,6,1,68,10,1200,1,5,PEUGEOT 3008,3,E01031483,0,5
2024991533604,2024,991533604,1,9,0,-1,19,2,5,-1,0,0,0,0,7,2,1,1,-1,6,2,28,6,-1,3,0,PEUGEOT 3008,1,-1,0,1
2024052402654,2024,052402654,1,9,0,5,5,7,3,0,0,0,0,0,0,0,1,1,3,7,3,-1,-1,1200,1,3,PEUGEOT 3008,-1,-1,0,-1
2024041500238,2024,041500238,1,9,0,-1,19,1,5,-1,0,8,0,0,0,0,1,1,-1,9,1,56,9,1598,1,11,PEUGEOT 3008,9,E01025553,0,2
2024161498243,2024,161498243,1,9,0,-1,15,5,1,-1,0,0,0,0,0,0,1,9,-1,6,2,45,7,1199,1,1,PEUGEOT 3008,6,E01013188,0,1
2024302401304,2024,302401304,1,9,0,5,5,6,2,0,0,6,0,0,0,0,1,1,6,6,1,85,11,1199,8,0,PEUGEOT 3008,7,E01019535,0,1
2024991411565,2024,991411565,2,9,0,-1,19,6,1,-1,0,0,0,0,0,0,2,1,-1,6,2,45,7,1199,8,1,PEUGEOT 3008,7,-1,0,4
2024430513602,2024,430513602,1,9,0,16,19,7,2,0,0,8,5,10,7,11,1,1,6,6,2,73,10,-1,3,0,PEUGEOT 3008,5,E01002667,0,4
2024141466009,2024,141466009,1,9,0,-1,14,7,3,-1,0,0,0,7,0,0,1,2,-1,9,1,79,11,1560,2,13,PEUGEOT 3008,1,E01007719,0,1
2024061446399,2024,061446399,2,9,0,-1,9,5,1,-1,0,1,0,0,0,0,3,1,-1,1,2,35,6,1200,1,3,PEUGEOT 3008,3,E01004941,0,1
2024131398606,2024,131398606,1,9,0,-1,19,7,3,-1,0,0,0,0,0,0,3,1,-1,6,2,48,8,1598,1,7,PEUGEOT 3008,1,E01011792,0,1
2024201516914,2024,201516914,1,9,0,-1,1,1,5,-1,0,1,0,0,0,0,2,1,-1,7,1,45,7,-1,3,0,PEUGEOT 3008,1,E01009275,0,1
2024161490087,2024,161490087,1,9,0,-1,19,3,7,-1,0,1,0,0,0,0,1,1,-1,6,1,-1,-1,1560,2,12,PEUGEOT 3008,-1,-1,0,-1
2024471518952,2024,471518952,1,9,0,-1,5,6,2,-1,0,4,0,0,0,0,1,1,-1,2,2,35,6,1500,2,4,PEUGEOT 3008,4,E01031608,0,1
2024520402882,2024,520402882,2,9,0,18,19,2,6,0,0,0,0,0,0,0,1,1,6,6,1,38,7,1598,1,12,PEUGEOT 3008,5,E01035121,0,2
2024131503247,2024,131503247,1,9,0,-1,9,5,3,-1,0,1,0,0,0,0,4,1,-1,6,1,39,7,1199,1,1,PEUGEOT 3008,1,E01033693,0,1
2024141451429,2024,141451429,2,9,0,-1,19,3,7,-1,0,0,0,0,0,0,4,1,-1,6,1,-1,-1,1560,2,13,PEUGEOT 3008,8,E01007431,0,2
2024501414830,2024,501414830,5,9,0,-1,3,8,3,-1,0,0,0,0,0,0,1,1,-1,6,2,54,8,1500,2,5,PEUGEOT 3008,3,E01034172,0,3
2024122400575,2024,122400575,1,9,0,15,15,3,5,0,0,1,0,0,0,0,1,1,6,6,1,35,6,1560,2,12,PEUGEOT 3008,8,E01013428,0,1
2024231494863,2024,231494863,1,9,0,-1,19,3,1,-1,0,0,0,0,0,0,4,9,-1,2,1,56,9,1500,2,6,PEUGEOT 3008,8,E01031083,0,1
2024131505974,2024,131505974,1,9,0,-1,19,4,2,-1,0,8,0,0,0,0,3,1,-1,9,1,75,10,1500,2,6,PEUGEOT 3008,5,E01011821,0,1
2024131407862,2024,131407862,1,9,0,-1,19,1,5,-1,0,3,0,0,0,0,1,1,-1,2,2,48,8,1500,2,6,PEUGEOT 3008,-1,-1,0,-1
2024440507199,2024,440507199,1,9,0,18,19,4,8,0,0,0,0,0,0,0,4,1,6,6,2,42,7,1598,1,7,PEUGEOT 3008,3,E01017099,0,1
2024010536123,2024,010536123,1,9,0,9,9,1,7,0,0,8,0,10,7,1,4,1,6,6,2,50,8,1200,1,2,PEUGEOT 3008,2,E01003557,0,2
2024201495413,2024,201495413,1,9,0,-1,9,4,2,-1,0,6,0,0,0,0,1,1,-1,7,2,34,6,1200,1,7,PEUGEOT 3008,2,E01010046,0,1
2024201497012,2024,201497012,2,9,0,-1,3,6,5,-1,0,1,0,0,0,0,2,1,-1,9,1,25,5,1200,1,5,PEUGEOT 3008,8,E01010222,0,3
202417M204924,2024,17M204924,2,9,0,18,19,8,4,0,0,8,0,0,0,0,4,1,6,6,1,45,7,1560,2,13,PEUGEOT 3008,4,E01008844,0,4
2024332400951,2024,332400951,1,9,0,-1,19,7,3,-1,0,3,5,0,0,0,1,1,-1,6,2,33,6,1560,2,9,PEUGEOT 3008,4,E01025894,0,4
202417S303224,2024,17S303224,3,9,0,18,19,2,6,0,0,0,0,0,0,0,0,1,1,1,1,36,7,1499,2,1,PEUGEOT 3008,-1,-1,0,-1
2024440316466,2024,440316466,3,9,0,4,4,2,6,0,0,0,0,0,0,0,2,1,6,6,2,34,6,1200,1,7,PEUGEOT 3008,4,E01021839,0,5
2024340NN0982,2024,340NN0982,4,9,0,-1,4,1,5,-1,0,0,0,0,0,0,2,1,-1,9,2,58,9,1560,2,8,PEUGEOT 3008,5,E01013790,0,4
2024031497967,2024,031497967,1,9,0,-1,19,8,3,-1,0,0,0,11,0,0,1,1,-1,9,1,32,6,1200,1,7,PEUGEOT 3008,3,E01019221,0,1
2024430428744,2024,430428744,1,9,0,1,1,6,2,0,0,6,0,0,0,0,3,1,6,6,3,-1,-1,1200,1,5,PEUGEOT 3008,-1,-1,0,-1
2024451536125,2024,451536125,2,9,0,-1,19,2,6,-1,0,0,0,0,0,0,1,1,-1,2,1,43,7,1560,2,13,PEUGEOT 3008,3,E01030914,0,3
2024340NN4512,2024,340NN4512,1,9,0,-1,19,1,5,-1,0,8,0,0,0,0,1,1,-1,6,1,47,8,-1,3,0,PEUGEOT 3008,4,E01027069,0,1
2024010535704,2024,010535704,2,9,0,99,99,9,9,99,99,9,9,99,9,99,9,9,6,6,3,-1,-1,1598,1,3,PEUGEOT 3008,-1,-1,0,-1
2024211482441,2024,211482441,1,9,0,-1,19,5,1,-1,0,2,5,0,1,0,3,1,-1,9,1,65,9,1200,1,6,PEUGEOT 3008,-1,-1,0,-1
2024311408429,2024,311408429,2,9,0,-1,10,5,3,-1,0,4,0,0,0,0,2,1,-1,6,2,34,6,1560,2,14,PEUGEOT 3008,3,E01028014,0,2
2024461487865,2024,461487865,2,9,0,-1,2,0,0,-1,0,0,0,0,0,0,2,9,-1,6,2,35,6,1200,1,5,PEUGEOT 3008,8,E01024343,0,3
2024552401052,2024,552401052,2,9,0,18,19,4,8,0,0,0,0,0,0,0,3,1,6,6,1,39,7,1560,2,7,PEUGEOT 3008,6,E01034279,0,1
2024131406138,2024,131406138,1,9,0,-1,6,3,7,-1,0,0,0,0,0,0,3,1,-1,9,2,36,7,1560,2,12,PEUGEOT 3008,1,E01010803,0,1
2024471400690,2024,471400690,2,9,0,-1,9,1,7,-1,0,1,0,0,0,0,4,1,-1,7,2,42,7,1199,1,2,PEUGEOT 3008,6,E01031660,0,1
2024061491694,2024,061491694,3,9,0,-1,19,1,5,-1,0,1,0,0,0,0,0,1,-1,1,1,23,5,1499,2,1,PEUGEOT 3008,1,E01005484,0,1
2024522401107,2024,522401107,2,9,0,18,19,1,3,0,0,0,0,0,0,0,1,1,6,6,1,63,9,1560,2,13,PEUGEOT 3008,10,E01014823,0,1
2024201434177,2024,201434177,1,9,0,-1,19,6,6,-1,0,0,0,0,0,0,1,1,-1,6,1,45,7,1560,2,12,PEUGEOT 3008,-1,-1,0,-1
2024302401250,2024,302401250,1,9,0,18,19,4,8,0,0,8,0,0,0,0,1,1,6,6,1,38,7,1560,2,11,PEUGEOT 3008,6,E01013506,0,1
2024010551451,2024,010551451,2,9,0,99,99,9,9,99,99,6,9,99,9,99,2,9,6,6,3,-1,-1,1200,1,4,PEUGEOT 3008,3,E01001111,0,1
2024201491972,2024,201491972,2,9,0,-1,5,2,6,-1,0,0,0,0,0,0,3,1,-1,6,2,51,8,1200,1,5,PEUGEOT 3008,5,E01009749,0,1
2024440435398,2024,440435398,1,9,0,18,19,2,6,0,0,4,0,0,0,0,1,1,1,1,1,44,7,1560,2,12,PEUGEOT 3008,2,E01022915,0,1
2024451477995,2024,451477995,2,9,0,-1,-1,-1,-1,-1,-1,1,-1,-1,-1,0,-1,9,-1,6,3,45,7,1560,2,12,PEUGEOT 3008,3,E01002610,0,2
2024461538378,2024,461538378,1,9,0,-1,19,1,5,-1,0,0,0,0,0,0,3,9,-1,6,2,57,9,1200,1,4,PEUGEOT 3008,7,E01026153,0,5
2024111516351,2024,111516351,1,9,0,-1,19,8,4,-1,0,0,0,0,0,0,4,1,-1,1,2,28,6,1560,2,7,PEUGEOT 3008,2,E01020648,0,3
2024101448328,2024,101448328,2,9,0,-1,3,6,2,-1,0,8,0,0,0,0,3,1,-1,6,2,35,6,1560,2,10,PEUGEOT 3008,3,E01008286,0,1
2024010534825,2024,010534825,2,9,9,99,99,9,9,99,99,0,9,99,9,99,1,9,6,6,3,-1,-1,1200,1,5,PEUGEOT 3008,3,E01015923,0,1
2024010502746,2024,010502746,2,9,9,99,99,9,9,99,99,9,9,99,9,99,9,9,6,6,3,-1,-1,1560,2,8,PEUGEOT 3008,-1,-1,0,-1
2024061470361,2024,061470361,2,9,-1,-1,-1,-1,-1,-1,-1,0,-1,-1,-1,0,-1,9,-1,6,1,17,4,1500,2,3,PEUGEOT 3008,3,E01005823,0,1
2024201410476,2024,201410476,1,9,0,-1,19,1,5,-1,0,1,0,0,0,0,1,9,-1,2,1,58,9,1500,2,5,PEUGEOT 3008,4,E01009633,0,1
2024122400341,2024,122400341,1,9,0,18,19,6,5,0,0,1,0,0,0,0,0,1,6,6,1,60,9,1560,2,11,PEUGEOT 3008,5,E01027608,0,1
2024302400573,2024,302400573,1,9,0,4,4,1,5,0,0,0,0,0,0,0,1,1,6,6,3,-1,-1,1560,2,12,PEUGEOT 3008,5,E01019456,0,3
2024371406191,2024,371406191,1,9,0,-1,19,3,3,-1,0,4,0,0,0,0,3,1,-1,9,2,54,8,1560,2,14,PEUGEOT 3008,2,E01029971,0,1
2024101411749,2024,101411749,1,9,0,-1,19,3,7,-1,0,0,0,0,0,0,4,1,-1,9,1,43,7,1600,8,2,PEUGEOT 3008,-1,-1,0,-1
2024010514720,2024,010514720,1,9,0,18,19,1,5,0,0,0,0,7,0,0,1,1,6,6,1,28,6,1560,2,10,PEUGEOT 3008,2,E01004722,0,1
2024010506015,2024,010506015,1,9,0,99,99,9,9,99,99,0,9,99,9,99,2,9,6,6,2,55,8,1199,8,1,PEUGEOT 3008,3,E01034201,0,1
2024131476641,2024,131476641,1,9,0,-1,19,1,5,-1,0,2,0,0,0,0,4,1,-1,9,2,41,7,1500,2,2,PEUGEOT 3008,1,E01010826,0,1
2024221521993,2024,221521993,2,9,0,-1,19,5,2,-1,0,8,0,0,0,0,1,1,-1,2,2,54,8,-1,3,0,PEUGEOT 3008,10,E01032324,0,1
2024471398301,2024,471398301,1,9,0,-1,19,1,5,-1,0,0,0,0,1,10,4,1,-1,6,1,84,11,1560,2,10,PEUGEOT 3008,7,E01031527,0,1
2024991543142,2024,991543142,1,9,0,-1,19,6,3,-1,0,0,1,0,0,0,4,1,-1,9,1,34,6,1560,2,11,PEUGEOT 3008,-1,-1,0,-1
2024440295792,2024,440295792,1,9,0,4,4,8,4,0,0,0,0,0,0,0,2,1,2,2,1,53,8,1997,2,13,PEUGEOT 3008,7,E01022566,0,1
2024131526080,2024,131526080,1,9,0,-1,-1,-1,-1,-1,-1,-1,-1,-1,-1,-1,-1,1,-1,6,3,-1,-1,1200,1,6,PEUGEOT 3008,-1,-1,0,-1
2024991488858,2024,991488858,1,9,0,-1,9,2,7,-1,0,6,0,0,0,0,1,1,-1,2,1,40,7,1560,2,13,PEUGEOT 3008,3,-1,0,1
2024041401444,2024,041401444,2,9,0,-1,19,5,1,-1,0,8,0,11,0,0,1,1,-1,9,1,51,8,1600,8,3,PEUGEOT 3008,3,E01025452,0,1
2024010531650,2024,010531650,3,9,0,3,3,1,5,0,0,0,0,0,0,0,0,1,6,6,3,-1,-1,1600,8,4,PEUGEOT 3008,-1,-1,0,-1
2024501500309,2024,501500309,2,9,0,-1,19,6,2,-1,0,1,0,0,0,0,1,1,-1,9,2,43,7,1200,1,4,PEUGEOT 3008,6,E01015224,0,1
2024471497832,2024,471497832,1,9,0,-1,5,1,5,-1,0,8,0,0,0,0,1,1,-1,2,2,30,6,1997,2,7,PEUGEOT 3008,2,E01031456,0,2
2024332400857,2024,332400857,1,9,0,-1,19,1,5,-1,0,8,0,0,0,0,2,1,-1,9,1,22,5,1500,2,5,PEUGEOT 3008,3,E01013656,0,1
2024461532532,2024,461532532,3,9,0,-1,10,8,4,-1,0,1,0,0,0,0,1,1,-1,2,1,48,8,1200,1,7,PEUGEOT 3008,7,E01024635,0,1
2024052402408,2024,052402408,1,9,0,18,19,6,2,0,0,0,0,0,0,0,1,1,6,6,2,34,6,-1,3,0,PEUGEOT 3008,1,E01006607,0,1
2024131430614,2024,131430614,1,9,0,-1,19,1,1,-1,0,8,0,0,0,0,1,1,-1,6,2,32,6,1560,2,14,PEUGEOT 3008,3,E01010599,0,1
2024361535026,2024,361535026,1,9,0,-1,19,3,7,-1,0,0,5,0,1,0,1,1,-1,9,1,72,10,1997,-1,12,PEUGEOT 3008,6,E01026608,0,1
2024131407149,2024,131407149,2,9,0,-1,19,6,2,-1,0,1,0,0,0,0,0,1,-1,1,1,27,6,1500,2,5,PEUGEOT 3008,1,E01010730,0,1
2024061422136,2024,061422136,2,9,0,-1,19,7,3,-1,0,0,0,0,0,0,1,1,-1,8,2,30,6,1499,2,1,PEUGEOT 3008,2,E01005950,0,1
2024221415800,2024,221415800,1,9,0,-1,9,1,7,-1,0,6,0,0,0,0,1,9,-1,2,2,47,8,1600,8,3,PEUGEOT 3008,10,E01032154,0,1
2024332401188,2024,332401188,1,9,0,-1,9,1,7,-1,0,6,0,0,0,0,4,1,-1,6,1,45,7,1560,2,9,PEUGEOT 3008,3,E01015527,0,5
2024371497986,2024,371497986,1,9,0,-1,19,1,5,-1,0,0,0,0,0,0,3,1,-1,6,2,53,8,1560,2,12,PEUGEOT 3008,8,E01029885,0,1
2024401538205,2024,401538205,2,9,0,-1,-1,-1,-1,-1,-1,0,-1,-1,-1,0,-1,9,-1,2,2,35,6,1199,1,0,PEUGEOT 3008,6,E01035563,0,4
2024451510876,2024,451510876,2,9,0,-1,19,1,5,-1,0,0,0,0,0,0,2,1,-1,9,2,38,7,1560,2,14,PEUGEOT 3008,4,E01031605,0,3
2024302400614,2024,302400614,1,9,0,18,19,1,5,0,0,8,0,0,0,0,3,1,6,6,2,52,8,1997,2,9,PEUGEOT 3008,5,E01019813,0,1
202460Q061388,2024,60Q061388,1,9,0,13,13,2,6,0,0,0,0,0,0,0,2,1,6,6,1,59,9,1560,2,8,PEUGEOT 3008,-1,-1,0,-1
2024991415963,2024,991415963,1,9,0,-1,9,6,4,-1,0,8,0,0,1,11,1,1,-1,9,2,44,7,1500,2,5,PEUGEOT 3008,5,-1,0,1
2024549399924,2024,549399924,1,9,0,18,19,3,7,0,0,1,0,0,0,0,1,1,6,6,1,43,7,1560,2,6,PEUGEOT 3008,2,E01033845,0,1
2024201472776,2024,201472776,2,9,0,-1,19,6,2,-1,0,0,0,0,0,0,2,1,-1,6,1,71,10,1560,2,8,PEUGEOT 3008,5,E01008951,0,2
2024211516874,2024,211516874,1,9,0,-1,10,5,2,-1,0,1,0,0,0,0,2,1,-1,6,1,42,7,1560,2,10,PEUGEOT 3008,1,E01009517,0,4
2024010507821,2024,010507821,1,9,0,1,1,6,2,0,0,0,0,0,0,0,2,1,6,6,1,38,7,1200,1,5,PEUGEOT 3008,3,E01003819,0,1
2024141400145,2024,141400145,1,9,0,-1,19,7,3,-1,0,1,0,0,0,0,3,9,-1,6,1,47,8,1997,2,14,PEUGEOT 3008,1,E01007592,0,1
2024052402386,2024,052402386,2,9,0,2,2,0,0,0,0,0,0,0,0,0,2,1,6,6,3,-1,-1,1200,1,3,PEUGEOT 3008,-1,-1,0,-1
2024061537716,2024,061537716,2,9,0,-1,19,7,3,-1,0,5,0,0,1,11,1,1,-1,9,1,21,5,1560,2,12,PEUGEOT 3008,-1,-1,0,-1
2024041411671,2024,041411671,2,9,0,-1,19,5,1,-1,0,1,0,0,0,0,1,1,-1,1,2,43,7,1560,2,9,PEUGEOT 3008,5,E01012645,0,1
2024161497070,2024,161497070,1,9,0,-1,19,1,5,-1,0,0,5,0,0,0,1,1,-1,1,1,35,6,1560,2,8,PEUGEOT 3008,1,E01012805,0,4
2024501532779,2024,501532779,2,9,0,-1,9,3,1,-1,0,5,0,0,0,0,1,1,-1,6,1,82,11,1560,2,13,PEUGEOT 3008,4,E01018856,0,1
2024131418854,2024,131418854,2,9,0,-1,19,5,1,-1,0,1,0,0,0,0,3,1,-1,1,1,58,9,1560,2,11,PEUGEOT 3008,1,E01011747,0,1
2024411425823,2024,411425823,3,9,0,-1,2,0,0,-1,0,0,0,0,0,0,3,1,-1,6,-1,-1,-1,1997,2,7,PEUGEOT 3008,-1,-1,0,-1
2024221534679,2024,221534679,1,9,0,-1,19,3,7,-1,0,8,0,0,0,0,4,1,-1,1,2,42,7,1560,2,13,PEUGEOT 3008,7,E01032274,0,1
2024231482610,2024,231482610,1,9,0,-1,5,3,7,-1,0,6,0,0,0,0,9,9,-1,6,1,61,9,1560,2,10,PEUGEOT 3008,6,E01031336,0,1
2024461486837,2024,461486837,2,9,0,-1,9,3,1,-1,0,2,0,0,1,0,2,1,-1,9,1,75,10,1560,2,11,PEUGEOT 3008,7,E01024037,0,1
2024061470637,2024,061470637,2,9,0,-1,19,6,2,-1,0,0,0,0,0,0,4,1,-1,6,2,73,10,1560,2,12,PEUGEOT 3008,9,E01005333,0,3
2024471478308,2024,471478308,2,9,0,-1,2,0,0,-1,0,0,0,0,0,0,4,1,-1,6,-1,-1,-1,1598,1,5,PEUGEOT 3008,-1,-1,0,-1
2024991491600,2024,991491600,1,9,0,-1,14,5,1,-1,0,8,5,0,0,0,3,1,-1,8,1,27,6,1500,2,3,PEUGEOT 3008,7,-1,0,1
2024010551761,2024,010551761,5,9,0,18,19,7,3,6,6,2,1,10,7,4,1,1,6,6,1,23,5,1500,2,5,PEUGEOT 3008,8,E01000411,0,2
2024041480478,2024,041480478,3,9,0,-1,2,0,0,-1,0,2,0,0,0,0,1,2,-1,6,-1,-1,-1,1500,2,6,PEUGEOT 3008,-1,-1,0,-1
2024061461463,2024,061461463,2,9,-1,-1,-1,-1,-1,-1,-1,0,-1,-1,-1,0,-1,9,-1,6,3,-1,-1,1560,2,13,PEUGEOT 3008,-1,-1,0,-1
2024221419347,2024,221419347,2,9,0,-1,19,3,7,-1,0,1,0,0,0,0,3,9,-1,6,1,27,6,1560,2,13,PEUGEOT 3008,-1,-1,0,-1
2024010500725,2024,010500725,2,9,0,12,12,7,3,0,0,0,0,0,0,0,3,1,6,6,1,62,9,1598,8,1,PEUGEOT 3008,3,E01001492,0,3
2024991412383,2024,991412383,2,9,0,-1,5,1,5,-1,0,8,0,0,0,0,1,1,-1,2,1,63,9,1499,2,2,PEUGEOT 3008,5,-1,0,1
2024302400952,2024,302400952,1,9,0,16,19,3,5,0,0,2,1,0,0,0,1,1,6,6,2,46,8,1199,1,1,PEUGEOT 3008,1,E01019488,0,1
2024440039248,2024,440039248,1,9,0,18,19,8,4,0,0,0,0,0,0,0,3,1,6,6,1,64,9,1500,2,5,PEUGEOT 3008,10,E01022571,0,3
2024101405971,2024,101405971,3,9,0,-1,4,1,6,-1,0,0,0,0,0,0,2,1,-1,6,2,43,7,1560,2,10,PEUGEOT 3008,-1,-1,0,-1
2024501457677,2024,501457677,2,9,0,-1,19,3,7,-1,0,0,0,6,0,0,1,1,-1,9,2,62,9,1560,2,7,PEUGEOT 3008,4,E01019064,0,4
2024421532610,2024,421532610,3,9,0,-1,19,8,5,-1,0,8,0,0,0,0,1,1,-1,9,1,39,7,1560,2,12,PEUGEOT 3008,5,E01021501,0,2
2024320641296,2024,320641296,1,9,0,4,4,6,2,0,0,1,1,0,0,0,1,1,-1,-1,2,53,8,1500,2,4,PEUGEOT 3008,1,E01026093,0,3
2024501476094,2024,501476094,1,9,0,-1,5,6,3,-1,9,0,0,0,0,0,3,1,-1,6,2,53,8,1997,2,10,PEUGEOT 3008,7,E01020214,0,2
2024991532468,2024,991532468,1,9,0,-1,19,5,2,-1,0,6,0,0,0,0,3,1,-1,9,1,83,11,1200,1,4,PEUGEOT 3008,5,-1,0,4
2024302500133,2024,302500133,2,9,0,-1,4,6,2,-1,0,0,0,0,0,0,1,1,-1,6,2,72,10,1560,2,14,PEUGEOT 3008,3,E01028297,0,4
2024052401313,2024,052401313,1,9,0,18,19,7,3,0,0,0,0,4,7,3,1,1,6,6,1,61,9,1560,2,10,PEUGEOT 3008,1,E01007257,0,1
2024052400512,2024,052400512,2,9,0,9,9,3,1,0,0,6,0,0,7,2,4,1,3,7,2,36,7,1560,2,7,PEUGEOT 3008,6,E01007222,0,1
2024461405433,2024,461405433,2,9,0,-1,4,3,7,-1,0,0,0,0,0,0,1,9,-1,6,1,36,7,1200,1,3,PEUGEOT 3008,2,E01003591,0,4
2024421495571,2024,421495571,1,9,-1,-1,5,-1,-1,-1,0,2,0,0,0,0,-1,9,-1,6,1,71,10,1997,2,6,PEUGEOT 3008,9,E01021527,0,3
2024061427363,2024,061427363,1,9,0,-1,19,1,1,-1,0,1,0,0,0,0,1,2,-1,6,3,30,6,1560,2,12,PEUGEOT 3008,-1,-1,0,-1