collision_index,collision_year,collision_ref_no,vehicle_reference,vehicle_type,towing_and_articulation,vehicle_manoeuvre_historic,vehicle_manoeuvre,vehicle_direction_from,vehicle_direction_to,vehicle_location_restricted_lane_historic,vehicle_location_restricted_lane,junction_location,skidding_and_overturning,hit_object_in_carriageway,vehicle_leaving_carriageway,hit_object_off_carriageway,first_point_of_impact,vehicle_left_hand_drive,journey_purpose_of_driver_historic,journey_purpose_of_driver,sex_of_driver,age_of_driver,age_band_of_driver,engine_capacity_cc,propulsion_code,age_of_vehicle,generic_make_model,driver_imd_decile,lsoa_of_driver,escooter_flag,driver_distance_banding
2024991487849,2024,991487849,2,9,0,-1,19,5,2,-1,0,8,0,0,0,0,0,9,-1,8,2,-1,-1,1500,2,3,PEUGEOT 3008,4,-1,0,1
2024991478565,2024,991478565,3,9,0,-1,2,0,0,-1,0,0,0,0,0,0,1,9,-1,6,-1,-1,-1,1500,2,6,PEUGEOT 3008,-1,-1,0,-1
2024101472964,2024,101472964,2,9,0,-1,1,1,5,-1,0,8,0,0,0,0,3,1,-1,6,2,60,9,1560,2,12,PEUGEOT 3008,5,E01027524,0,1
2024501417594,2024,501417594,1,9,-1,-1,5,-1,-1,-1,0,1,0,0,0,0,1,9,-1,6,1,76,11,1199,1,1,PEUGEOT 3008,8,E01015104,0,1
2024122500020,2024,122500020,1,9,0,18,19,7,3,0,0,0,1,0,0,0,3,1,6,6,1,82,11,1560,2,8,PEUGEOT 3008,7,E01027921,0,4
2024201448689,2024,201448689,1,9,0,-1,19,8,4,-1,0,0,0,0,0,0,1,1,-1,6,1,57,9,1500,2,2,PEUGEOT 3008,6,E01009657,0,1
2024161418211,2024,161418211,2,9,0,-1,9,1,7,-1,0,0,0,0,0,0,2,1,-1,9,2,51,8,1200,1,5,PEUGEOT 3008,9,E01026401,0,2
2024461520783,2024,461520783,1,9,0,-1,5,4,8,-1,0,0,0,0,0,0,1,1,-1,9,1,53,8,1200,1,7,PEUGEOT 3008,8,E01030847,0,4
2024631518151,2024,631518151,3,9,0,-1,4,6,2,-1,0,0,0,0,0,0,3,1,-1,2,2,22,5,1590,1,29,-1,6,W01000475,0,3
2024531493871,2024,531493871,2,9,0,-1,4,8,4,-1,0,0,0,0,0,0,2,9,-1,6,1,76,11,1396,1,31,-1,3,E01022256,0,1
2024451513113,2024,451513113,1,9,0,-1,19,6,8,-1,0,0,0,0,0,0,1,1,-1,1,1,48,8,1120,1,25,-1,3,E01023122,0,1
2024010538210,2024,010538210,1,3,0,18,19,7,3,0,0,2,0,0,0,0,1,1,2,2,1,58,9,125,1,0,-1,4,E01002645,0,1
2024010499266,2024,010499266,2,3,0,99,99,9,9,99,99,9,9,99,9,99,0,1,6,6,2,40,7,125,1,0,-1,1,E01002758,0,1
2024451479566,2024,451479566,1,3,0,-1,7,4,8,-1,0,1,0,0,0,0,4,1,-1,2,2,50,8,125,1,0,-1,7,E01030864,0,2
2024501501375,2024,501501375,1,3,0,-1,19,5,1,-1,0,0,1,0,0,0,1,1,-1,2,1,19,4,125,1,0,-1,5,E01018904,0,3
2024010531124,2024,010531124,1,3,0,99,99,9,9,99,99,9,9,99,9,99,9,1,6,6,2,40,7,125,1,0,-1,1,E01002758,0,2
2024231533912,2024,231533912,2,3,0,-1,19,7,3,-1,0,8,1,0,0,0,0,1,-1,9,1,18,4,125,1,0,-1,5,E01031078,0,1
2024461413200,2024,461413200,1,11,0,-1,7,1,7,-1,0,0,0,0,0,0,0,9,-1,1,3,-1,-1,9186,2,10,-1,-1,-1,0,-1
2024461432000,2024,461432000,1,11,0,-1,4,6,6,-1,0,1,0,0,0,0,1,1,-1,9,1,52,8,9186,2,10,-1,6,E01034999,0,4
2024010523945,2024,010523945,1,4,0,18,19,1,5,0,0,1,0,10,0,0,0,1,6,6,1,26,6,-1,3,3,VMOTO CPA,9,E01000356,0,1
2024010528287,2024,010528287,2,2,0,9,9,1,7,0,0,8,5,0,0,0,1,1,6,6,1,21,5,-1,3,1,VMOTO CPA,3,E01003248,0,1
2024010508590,2024,010508590,1,4,0,9,9,5,3,0,0,1,0,0,0,0,3,1,1,1,1,27,6,-1,3,3,VMOTO CPA,4,E01004708,0,1
2024010524093,2024,010524093,2,3,0,13,13,7,3,0,0,0,0,4,0,0,1,1,6,6,1,28,6,-1,3,2,VMOTO CPA,3,E01004445,0,2
2024010497723,2024,010497723,1,23,0,99,99,9,9,99,99,9,9,99,9,99,2,1,1,1,1,24,5,-1,3,3,VMOTO CPA,6,E01004151,0,4
2024201534441,2024,201534441,2,23,0,-1,19,4,8,-1,0,8,0,0,0,0,3,1,-1,6,1,25,5,-1,3,0,VMOTO CPA,3,E01033623,0,1
2024010549069,2024,010549069,2,2,0,18,19,3,7,0,0,0,0,0,0,0,3,1,2,2,1,29,6,-1,3,2,VMOTO CPA,5,E01002584,0,1
2024010524777,2024,010524777,2,3,0,18,19,4,8,0,0,1,2,0,1,11,3,1,1,1,1,23,5,-1,3,3,VMOTO CPA,3,E01000977,0,2
2024010507655,2024,010507655,2,3,0,5,5,8,4,0,0,6,0,0,0,0,2,1,2,2,1,24,5,-1,3,2,VMOTO CPA,8,E01000991,0,2
2024010519789,2024,010519789,1,2,0,5,5,7,3,0,0,0,0,11,0,0,3,1,6,6,1,21,5,-1,3,2,VMOTO CPA,-1,-1,0,-1
2024010530210,2024,010530210,1,3,0,4,4,5,1,0,0,0,0,0,0,0,1,1,2,2,1,35,6,-1,3,0,VMOTO CPA,4,E01004326,0,3
2024010538055,2024,010538055,2,3,0,11,11,3,7,0,0,0,0,0,0,0,1,1,6,6,1,28,6,-1,3,3,VMOTO CPA,2,E01001574,0,1
2024010553542,2024,010553542,1,23,0,99,99,9,9,99,99,9,9,99,9,99,9,1,1,1,1,44,7,-1,3,3,VMOTO CPA,5,E01002140,0,1
2024010527594,2024,010527594,2,3,0,18,19,5,1,0,0,2,1,0,0,0,1,1,6,6,1,22,5,-1,3,2,VMOTO CPA,4,E01001354,0,2
2024010521469,2024,010521469,1,3,0,3,3,7,3,0,0,2,0,0,0,0,2,1,6,6,1,25,5,-1,3,2,VMOTO CPA,4,E01003043,0,1
2024010551254,2024,010551254,1,23,0,3,3,7,3,0,0,4,0,0,0,0,4,1,6,6,1,23,5,-1,3,3,VMOTO CPA,4,E01000612,0,2
2024010501510,2024,010501510,1,23,9,99,99,9,9,0,0,0,9,0,0,0,0,1,1,1,1,28,6,-1,3,2,VMOTO CPA,2,E01003963,0,1
2024010548443,2024,010548443,2,23,0,99,99,9,9,99,99,9,9,99,9,99,1,1,6,6,3,-1,-1,-1,3,3,VMOTO CPA,4,E01003090,0,3
2024320379137,2024,320379137,2,3,0,7,7,6,8,0,0,1,0,0,0,0,2,1,1,1,1,18,4,-1,3,0,VMOTO CPA,8,E01032991,0,2
2024010516129,2024,010516129,1,23,0,18,19,3,7,0,0,2,0,0,0,0,1,1,1,1,2,40,7,-1,3,2,VMOTO CPA,7,E01000438,0,1
2024010505895,2024,010505895,2,3,0,7,7,1,4,9,9,1,0,0,1,1,1,1,6,6,1,18,4,-1,3,1,VMOTO CPA,3,E01001809,0,1
2024010521576,2024,010521576,3,2,0,14,14,5,1,0,0,1,0,0,0,0,1,1,6,6,1,30,6,-1,3,2,VMOTO CPA,2,E01001479,0,1
2024010527559,2024,010527559,2,23,0,18,19,7,3,0,0,5,0,0,0,0,3,1,1,1,1,27,6,-1,3,2,VMOTO CPA,3,E01003582,0,1
2024010524131,2024,010524131,1,3,0,99,99,9,9,99,99,9,9,99,9,99,2,1,2,2,1,23,5,-1,3,1,VMOTO CPA,7,E01001600,0,1
2024010542115,2024,010542115,1,4,0,3,3,5,1,0,0,1,0,8,0,0,4,1,6,6,1,31,6,-1,3,0,VMOTO CPA,3,E01000548,0,1
2024440119469,2024,440119469,1,23,0,3,3,8,4,0,0,1,0,0,0,0,2,1,2,2,1,24,5,-1,3,3,VMOTO CPA,1,E01017040,0,2
2024010528470,2024,010528470,1,23,0,10,10,5,4,0,0,1,0,0,0,0,2,1,1,1,1,26,6,-1,3,0,VMOTO CPA,6,E01003368,0,1
2024430514360,2024,430514360,1,3,0,18,19,5,1,0,0,8,0,0,0,0,3,1,1,1,1,24,5,-1,3,4,VMOTO CPA,4,E01035252,0,1
2024010529212,2024,010529212,1,23,0,99,99,9,9,99,99,4,9,99,9,99,9,1,1,1,1,35,6,-1,3,1,VMOTO CPA,4,E01003209,0,1
2024010517661,2024,010517661,2,3,0,15,15,5,1,0,0,1,5,0,0,0,1,1,1,1,1,38,7,-1,3,0,VMOTO CPA,6,E01000921,0,1
2024010526212,2024,010526212,1,23,0,99,99,9,9,99,99,9,9,99,9,99,1,1,1,1,1,22,5,-1,3,3,VMOTO CPA,3,E01004404,0,2
2024010511175,2024,010511175,2,3,0,18,19,5,1,0,0,8,5,0,0,0,1,1,1,1,1,23,5,-1,3,2,VMOTO CPA,2,E01001958,0,1
2024010551703,2024,010551703,1,2,0,5,5,5,1,0,0,2,0,0,0,0,2,1,1,1,1,24,5,-1,3,3,VMOTO CPA,3,E01033324,0,1
2024010542900,2024,010542900,3,4,0,18,19,5,1,0,0,8,0,0,0,0,2,1,6,6,1,38,7,-1,3,2,VMOTO CPA,2,E01004420,0,1
2024010534054,2024,010534054,1,23,0,99,99,9,9,99,99,9,9,99,9,99,1,1,1,1,1,25,5,-1,3,0,VMOTO CPA,5,E01000820,0,1
2024010524082,2024,010524082,1,2,0,4,4,1,5,0,0,1,0,0,0,0,2,1,1,1,1,35,6,-1,3,0,VMOTO CPA,2,E01001257,0,2
2024010513583,2024,010513583,1,3,0,12,12,4,8,0,0,1,0,0,0,0,1,1,1,1,1,21,5,-1,3,2,VMOTO CPA,2,E01032565,0,1
2024010520805,2024,010520805,2,3,0,99,99,9,9,99,99,9,9,99,9,99,1,1,1,1,3,46,8,-1,3,2,VMOTO CPA,2,E01034190,0,1
2024010520212,2024,010520212,1,23,0,99,99,9,9,99,99,9,9,99,9,99,9,1,1,1,1,41,7,-1,3,0,VMOTO CPA,4,E01004355,0,1
2024010518058,2024,010518058,2,3,3,17,19,1,5,0,0,1,0,0,0,0,1,1,6,6,1,18,4,-1,3,2,VMOTO CPA,6,E01001527,0,1
2024010548389,2024,010548389,2,3,0,99,99,9,9,99,99,9,9,99,9,99,0,1,6,6,3,-1,-1,-1,3,2,VMOTO CPA,3,E01034141,0,4
2024010540966,2024,010540966,1,3,5,3,3,7,3,0,0,1,5,10,0,0,2,1,2,2,1,22,5,-1,3,3,VMOTO CPA,3,E01003525,0,1
2024010504450,2024,010504450,1,3,0,18,19,3,7,0,0,0,0,0,0,0,1,1,1,1,1,41,7,-1,3,3,VMOTO CPA,3,E01000577,0,3
2024010541758,2024,010541758,2,3,0,18,19,1,5,0,0,1,0,0,0,0,1,1,6,6,1,33,6,-1,3,3,VMOTO CPA,3,E01003132,0,1
2024010520176,2024,010520176,2,2,0,4,4,3,7,0,0,2,0,0,0,0,2,1,1,1,1,21,5,-1,3,3,VMOTO CPA,5,E01003494,0,1
2024010536225,2024,010536225,1,3,0,18,19,1,5,0,0,0,0,0,0,0,4,1,1,1,1,24,5,-1,3,3,VMOTO CPA,4,E01000490,0,1
2024010550034,2024,010550034,1,23,0,99,99,9,9,99,99,9,9,99,9,99,0,1,1,1,1,52,8,-1,3,1,VMOTO CPA,3,E01003599,0,1
2024010529792,2024,010529792,2,3,0,3,3,1,5,0,0,1,0,0,0,0,1,1,1,1,1,30,6,-1,3,3,VMOTO CPA,4,E01001174,0,1
2024010529947,2024,010529947,1,3,0,99,99,9,9,99,99,9,9,99,9,99,9,1,1,1,1,28,6,-1,3,2,VMOTO CPA,2,E01001181,0,1
2024010518762,2024,010518762,2,3,0,18,19,6,2,0,0,8,0,0,0,0,3,1,6,6,1,47,8,-1,3,0,VMOTO CPA,2,E01000012,0,1
2024010529620,2024,010529620,2,23,0,99,99,9,9,99,99,9,9,99,9,99,4,1,6,6,2,24,5,-1,3,0,VMOTO CPA,3,E01000578,0,1
2024010542035,2024,010542035,1,23,0,18,19,7,3,0,0,1,0,0,0,0,1,1,1,1,1,25,5,-1,3,0,VMOTO CPA,6,E01001091,0,1
2024010543229,2024,010543229,2,23,9,99,99,9,9,99,99,9,9,99,9,99,9,1,1,1,1,34,6,-1,3,3,VMOTO CPA,-1,-1,0,-1
2024010544626,2024,010544626,1,23,0,99,99,9,9,99,99,9,9,99,9,99,2,9,6,6,1,27,6,-1,3,3,VMOTO CPA,4,E01002647,0,3
2024010550870,2024,010550870,2,3,0,4,4,1,5,0,0,2,0,0,0,0,2,1,6,6,1,24,5,-1,3,0,VMOTO CPA,-1,-1,0,-1
2024010508883,2024,010508883,1,23,0,18,19,5,1,0,0,1,1,4,0,0,1,1,6,6,1,18,4,-1,3,0,VMOTO CPA,6,E01000795,0,3
2024351516289,2024,351516289,1,4,0,-1,19,7,3,-1,0,0,1,0,0,0,3,1,-1,1,1,61,9,-1,3,2,VMOTO CPA,7,E01034439,0,3
2024010550400,2024,010550400,1,2,0,14,14,3,7,0,0,8,0,0,0,0,3,1,1,1,1,32,6,-1,3,3,VMOTO CPA,5,E01003743,0,1
2024010497560,2024,010497560,2,3,0,18,19,4,8,0,0,8,0,0,0,0,1,1,6,6,1,24,5,-1,3,2,VMOTO CPA,6,E01002614,0,1
2024010538804,2024,010538804,1,3,0,9,9,3,1,0,0,6,0,0,0,0,1,1,1,1,1,24,5,-1,3,0,VMOTO CPA,2,E01001001,0,1
2024010547956,2024,010547956,2,3,0,14,14,5,1,0,0,8,0,0,0,0,4,1,2,2,1,24,5,-1,3,1,VMOTO CPA,4,E01000634,0,1
2024010500298,2024,010500298,1,3,0,9,9,1,7,0,0,2,0,0,0,0,4,1,1,1,1,27,6,-1,3,3,VMOTO CPA,2,E01033603,0,1
2024010546693,2024,010546693,1,4,0,18,19,7,3,0,0,6,5,0,0,0,1,1,1,1,1,26,6,-1,3,2,VMOTO CPA,4,E01003043,0,1
2024010539747,2024,010539747,1,2,0,18,19,5,1,0,0,1,1,0,0,0,1,1,1,1,1,25,5,-1,3,2,VMOTO CPA,6,E01004078,0,1
2024010545131,2024,010545131,1,23,0,99,99,9,9,99,99,9,9,99,9,99,9,1,1,1,3,33,6,-1,3,3,VMOTO CPA,2,E01001432,0,1
2024421452735,2024,421452735,1,4,0,-1,12,2,6,-1,0,0,0,0,0,0,3,1,-1,6,1,62,9,125,1,4,-1,-1,-1,0,-1
2024461523360,2024,461523360,2,5,0,-1,19,5,1,-1,0,6,0,0,0,0,3,1,-1,1,1,62,9,1298,1,9,YAMAHA FJR,6,E01023988,0,2
2024340WN3962,2024,340WN3962,1,5,0,-1,19,3,7,-1,0,1,1,0,0,0,1,1,-1,6,1,59,9,1298,1,23,YAMAHA FJR,6,E01027030,0,2
2024531485806,2024,531485806,2,5,0,-1,3,3,7,-1,0,0,0,0,0,0,2,1,-1,9,1,50,8,1298,1,23,YAMAHA FJR,7,E01015524,0,3
2024201482642,2024,201482642,2,5,0,-1,13,8,4,-1,0,8,0,0,0,0,3,1,-1,9,1,50,8,1298,1,21,YAMAHA FJR,3,E01033623,0,2
2024201461855,2024,201461855,2,5,0,-1,13,3,7,-1,0,0,0,0,0,0,2,1,-1,9,1,63,9,1298,1,9,YAMAHA FJR,2,E01010321,0,1
2024430393568,2024,430393568,2,5,0,13,13,2,6,0,0,0,0,0,0,0,4,1,2,2,1,60,9,1298,1,22,YAMAHA FJR,-1,-1,0,-1
2024610035124,2024,610035124,1,5,0,16,19,8,2,0,0,7,0,0,0,0,4,1,6,6,1,66,10,1298,1,19,YAMAHA FJR,7,E01029250,0,4
2024631441639,2024,631441639,1,4,0,-1,19,6,2,-1,0,8,0,0,0,0,1,1,-1,6,1,46,8,1298,1,18,YAMAHA FJR,8,W01001949,0,4
2024544620524,2024,544620524,1,5,0,9,9,1,7,0,0,1,0,0,7,0,1,1,6,6,1,50,8,1298,1,21,YAMAHA FJR,4,E01031862,0,3
2024070493499,2024,070493499,2,5,0,13,13,6,6,0,0,6,1,0,0,0,3,1,2,2,1,72,10,1298,1,22,YAMAHA FJR,4,E01018712,0,2
2024041529365,2024,041529365,2,5,0,-1,5,1,5,-1,0,1,0,0,0,0,2,1,-1,9,1,68,10,1298,1,6,YAMAHA FJR,4,E01012693,0,1
2024622400110,2024,622400110,2,5,0,14,14,5,2,0,0,0,0,0,0,0,1,1,1,1,1,-1,-1,1298,1,4,YAMAHA FJR,9,W01001820,0,1
2024231479059,2024,231479059,1,5,0,-1,13,2,6,-1,0,8,1,0,0,0,1,1,-1,9,1,63,9,1298,1,8,YAMAHA FJR,10,E01031256,0,2
2024411512547,2024,411512547,2,5,0,-1,3,2,6,-1,0,4,0,0,0,0,2,1,-1,6,1,53,8,1298,1,6,YAMAHA FJR,6,E01023863,0,3
2024471445318,2024,471445318,1,3,0,-1,19,4,8,-1,0,0,1,0,1,0,3,1,-1,9,1,27,6,124,1,22,-1,4,E01024364,0,4
2024991531939,2024,991531939,2,3,0,-1,4,2,6,-1,0,4,0,0,0,0,2,1,-1,1,1,50,8,124,1,27,-1,1,-1,0,1
2024461519586,2024,461519586,4,9,0,-1,19,7,3,-1,0,0,0,0,0,0,1,9,-1,9,1,55,8,2387,2,23,-1,7,E01024129,0,3
2024552400838,2024,552400838,2,9,0,3,3,8,4,0,0,3,0,0,0,0,2,1,6,6,2,47,8,1970,1,24,-1,7,E01018816,0,5
2024371452173,2024,371452173,1,5,0,-1,4,7,4,-1,0,0,2,0,0,0,1,1,-1,6,1,31,6,798,1,17,BMW F 800,5,E01030106,0,1
2024421461885,2024,421461885,2,5,0,-1,5,6,2,-1,0,1,0,0,0,0,1,1,-1,9,1,67,10,798,1,15,BMW F 800,5,E01021880,0,4
2024501493107,2024,501493107,2,5,0,-1,19,3,7,-1,0,0,1,0,1,0,2,1,-1,6,1,52,8,798,1,16,BMW F 800,2,E01015073,0,3
2024201450165,2024,201450165,2,5,0,-1,19,4,2,-1,0,0,0,10,1,0,0,1,-1,9,1,52,8,798,1,15,BMW F 800,3,E01009596,0,1
2024501402662,2024,501402662,2,5,0,-1,14,4,1,-1,0,0,0,0,0,0,1,1,-1,6,1,38,7,798,1,12,BMW F 800,6,E01020335,0,1
2024221452453,2024,221452453,2,5,0,-1,19,4,8,-1,0,8,0,0,0,0,1,1,-1,2,1,54,8,798,1,16,BMW F 800,7,E01022247,0,2
2024221457060,2024,221457060,2,5,0,-1,4,6,2,-1,0,1,0,0,0,0,3,1,-1,2,1,65,9,798,1,10,BMW F 800,6,E01009858,0,4
2024320368040,2024,320368040,2,5,0,-1,-1,8,4,0,0,8,0,0,1,0,1,1,-1,-1,1,67,10,798,1,9,BMW F 800,3,E01026017,0,4
2024371516216,2024,371516216,3,5,0,-1,19,7,3,-1,0,0,0,0,0,0,1,1,-1,6,1,84,11,798,1,17,BMW F 800,9,E01029897,0,1
2024101504404,2024,101504404,1,5,0,-1,19,5,1,-1,0,1,1,0,0,0,3,1,-1,1,1,35,6,895,1,0,BMW F 800,2,E01008298,0,4
2024070778287,2024,070778287,2,5,0,-1,9,3,1,-1,0,4,0,0,0,0,4,1,-1,2,2,39,7,798,1,5,BMW F 800,8,E01018455,0,3
2024622400776,2024,622400776,1,5,0,5,5,4,8,0,0,0,1,0,0,0,1,1,6,6,1,32,6,798,1,8,BMW F 800,9,W01001947,0,1
2024320463128,2024,320463128,1,5,0,-1,-1,4,8,0,0,0,5,0,1,0,4,1,-1,-1,1,40,7,798,1,7,BMW F 800,5,E01015670,0,4
2024302400288,2024,302400288,2,5,0,18,19,6,2,0,0,1,0,0,0,0,4,1,6,6,1,59,9,798,1,8,BMW F 800,9,E01025915,0,4
2024201477047,2024,201477047,3,5,0,-1,9,7,5,-1,0,1,0,0,0,0,2,1,-1,6,1,37,7,894,1,0,BMW F 800,-1,-1,0,-1
2024371413371,2024,371413371,2,5,-1,-1,-1,-1,-1,-1,-1,0,-1,-1,-1,0,-1,1,-1,2,1,37,7,798,1,16,BMW F 800,9,E01030193,0,4
2024010512751,2024,010512751,2,5,9,99,99,9,9,99,99,9,9,99,9,99,9,1,6,6,3,-1,-1,798,1,11,BMW F 800,10,E01031646,0,4
2024302400483,2024,302400483,1,5,0,4,4,8,4,0,0,0,1,0,1,0,0,1,6,6,1,67,10,798,1,13,BMW F 800,7,E01019429,0,1
2024041489720,2024,041489720,2,5,0,-1,19,5,1,-1,0,0,0,0,0,0,1,1,-1,6,1,72,10,798,1,12,BMW F 800,8,E01025241,0,1
2024201489735,2024,201489735,2,5,0,-1,19,1,6,-1,0,8,0,0,0,0,4,1,-1,2,2,54,8,798,1,6,BMW F 800,6,E01010359,0,2
2024451478201,2024,451478201,1,5,0,-1,19,7,3,-1,0,0,1,0,0,0,3,1,-1,9,1,66,10,798,1,16,BMW F 800,5,E01002305,0,4
2024421503628,2024,421503628,1,5,0,-1,5,7,3,-1,0,0,0,0,0,0,1,1,-1,2,1,56,9,798,1,14,BMW F 800,7,E01015849,0,2
2024201477047,2024,201477047,2,5,0,-1,5,3,7,-1,0,6,0,0,0,0,1,1,-1,9,1,51,8,894,1,0,BMW F 800,-1,-1,0,-1
2024411487149,2024,411487149,2,5,0,-1,19,7,3,-1,0,8,0,0,0,0,4,1,-1,6,1,62,9,798,1,9,BMW F 800,10,E01023505,0,3
2024031471159,2024,031471159,2,5,0,-1,7,3,5,-1,0,0,5,0,1,0,3,1,-1,6,1,54,8,798,1,14,BMW F 800,10,-1,0,5
2024631484235,2024,631484235,2,4,0,-1,3,7,3,-1,0,0,0,0,0,0,1,1,-1,6,1,74,10,800,1,11,BMW F 800,2,W01001546,0,2
2024361476199,2024,361476199,2,5,0,-1,3,2,6,-1,0,0,0,0,0,0,2,1,-1,9,1,66,10,799,1,1,-1,7,E01026427,0,4
2024302401300,2024,302401300,1,5,0,18,19,3,7,0,0,8,0,0,1,11,1,1,6,6,1,56,9,748,1,23,-1,6,E01029471,0,1
2024211461477,2024,211461477,1,9,0,-1,5,4,1,-1,0,0,0,0,0,0,1,1,-1,1,1,27,6,-1,3,1,-1,7,E01029582,0,3
2024010523892,2024,010523892,2,9,0,16,19,5,1,0,0,1,0,0,0,0,1,1,2,2,2,40,7,-1,3,1,-1,10,E01024330,0,4
2024311394099,2024,311394099,2,9,0,-1,19,3,7,-1,0,0,0,0,0,0,1,1,-1,2,1,56,9,-1,3,2,-1,3,E01026353,0,3
2024010509424,2024,010509424,1,3,0,18,19,1,5,0,0,1,0,0,0,0,1,1,6,6,1,18,4,124,1,4,-1,-1,-1,0,-1
2024451517505,2024,451517505,2,3,0,-1,19,1,5,-1,0,1,0,0,0,0,1,1,-1,9,2,30,6,124,1,3,-1,5,E01030531,0,1
2024041517537,2024,041517537,1,3,0,-1,19,5,1,-1,0,1,0,0,0,0,1,1,-1,6,1,18,4,124,1,7,-1,1,E01025382,0,3
2024131404667,2024,131404667,2,3,0,-1,19,3,7,-1,0,1,0,0,0,0,1,1,-1,2,1,22,5,124,1,4,-1,8,E01032491,0,1
2024451535512,2024,451535512,1,3,0,-1,19,1,5,-1,0,0,0,0,0,0,1,1,-1,9,1,31,6,125,1,1,-1,4,E01003114,0,4
2024010506144,2024,010506144,2,3,0,18,19,1,5,0,0,6,2,0,0,0,1,1,6,6,1,22,5,124,1,4,-1,8,E01004072,0,1
2024631402642,2024,631402642,1,3,0,-1,19,8,3,-1,0,0,0,0,7,7,1,1,-1,6,1,27,6,124,1,3,-1,3,W01002010,0,1
2024010535290,2024,010535290,2,4,0,18,19,5,1,0,0,8,0,0,0,0,4,1,6,6,1,60,9,125,1,0,-1,6,E01001237,0,1
2024070080725,2024,070080725,2,3,0,18,19,7,3,0,0,1,1,0,0,0,0,1,3,7,1,47,8,647,1,26,-1,1,E01018524,0,1
2024440051340,2024,440051340,2,5,0,18,19,6,2,0,0,1,1,0,7,3,4,1,6,6,1,60,9,647,1,23,-1,7,E01030994,0,4
2024041495582,2024,041495582,2,5,0,-1,19,7,3,-1,0,1,0,0,0,0,4,1,-1,9,1,62,9,647,1,26,-1,1,E01012702,0,1
2024471433278,2024,471433278,2,5,0,-1,19,3,7,-1,0,8,1,11,0,0,1,1,-1,9,1,64,9,647,1,26,-1,6,E01031782,0,4
2024061487703,2024,061487703,1,5,0,-1,7,-1,-1,-1,0,1,0,0,0,0,2,1,-1,9,1,43,7,647,1,23,-1,3,E01005761,0,1
2024552400767,2024,552400767,1,5,0,4,4,4,8,0,0,0,0,0,0,0,1,1,6,6,1,64,9,647,1,24,-1,8,E01020075,0,4
202454B975524,2024,54B975524,2,5,0,18,19,5,1,0,0,0,0,0,0,0,4,1,6,6,1,74,10,647,1,25,-1,8,E01022184,0,4
2024522403075,2024,522403075,2,5,0,18,19,6,2,0,0,8,0,0,0,0,1,1,6,6,1,71,10,647,1,22,-1,7,E01014838,0,4
2024122400679,2024,122400679,1,9,0,18,19,4,8,0,0,2,1,0,0,0,3,1,1,1,1,-1,-1,2497,2,7,HYUNDAI I800,5,E01027608,0,4
2024501411355,2024,501411355,2,9,0,-1,7,7,1,-1,0,1,0,0,0,0,1,1,-1,6,2,33,6,2497,2,13,HYUNDAI I800,4,E01015221,0,1
2024471489139,2024,471489139,1,10,0,-1,3,8,4,-1,0,4,0,99,0,0,2,1,-1,1,1,31,6,-1,-1,-1,HYUNDAI I800,6,E01035326,0,1
2024440444484,2024,440444484,2,9,0,2,2,0,0,0,0,0,0,0,0,0,3,1,6,6,1,68,10,2497,2,7,HYUNDAI I800,1,E01022903,0,1
2024471527751,2024,471527751,1,9,0,-1,19,7,3,-1,0,1,0,0,0,0,1,9,-1,6,2,31,6,2497,2,11,HYUNDAI I800,5,E01021120,0,1
2024547961824,2024,547961824,2,9,0,4,4,1,5,0,0,1,0,0,0,0,2,1,6,6,1,54,8,2497,2,9,HYUNDAI I800,1,E01015573,0,2
2024041479380,2024,041479380,2,9,0,-1,19,5,1,-1,0,8,0,0,0,0,1,1,-1,1,1,41,7,2497,2,6,HYUNDAI I800,7,E01034763,0,1
2024052402640,2024,052402640,3,9,0,2,2,0,0,0,0,1,0,0,0,0,3,1,6,6,3,-1,-1,2497,2,13,HYUNDAI I800,-1,-1,0,-1
2024461412951,2024,461412951,1,9,0,-1,19,8,4,-1,0,1,0,0,0,0,1,1,-1,6,1,48,8,2497,2,6,HYUNDAI I800,4,E01035307,0,1
2024201431727,2024,201431727,4,9,0,-1,19,2,6,-1,0,0,0,0,0,0,2,9,-1,6,1,52,8,2497,2,4,HYUNDAI I800,2,E01012248,0,5
2024440054884,2024,440054884,1,9,0,18,19,1,5,0,0,7,0,0,0,0,1,1,2,2,2,43,7,2497,2,7,HYUNDAI I800,-1,-1,0,-1
2024010537594,2024,010537594,1,9,0,5,5,8,4,0,0,1,0,0,0,0,2,1,6,6,1,62,9,2497,2,5,HYUNDAI I800,-1,-1,0,-1
2024501512076,2024,501512076,1,9,0,-1,9,6,3,-1,0,8,0,0,0,0,1,1,-1,6,2,27,6,2497,2,15,HYUNDAI I800,3,E01018869,0,1
2024010526108,2024,010526108,1,9,0,18,19,1,5,0,0,0,0,4,0,0,1,1,6,6,1,65,9,2497,2,7,HYUNDAI I800,7,E01003416,0,1
2024421504655,2024,421504655,2,9,0,-1,2,5,1,-1,0,0,0,0,0,0,0,1,-1,6,-1,-1,-1,2497,2,8,HYUNDAI I800,-1,-1,0,-1