collision_index,collision_year,collision_ref_no,vehicle_reference,vehicle_type,towing_and_articulation,vehicle_manoeuvre_historic,vehicle_manoeuvre,vehicle_direction_from,vehicle_direction_to,vehicle_location_restricted_lane_historic,vehicle_location_restricted_lane,junction_location,skidding_and_overturning,hit_object_in_carriageway,vehicle_leaving_carriageway,hit_object_off_carriageway,first_point_of_impact,vehicle_left_hand_drive,journey_purpose_of_driver_historic,journey_purpose_of_driver,sex_of_driver,age_of_driver,age_band_of_driver,engine_capacity_cc,propulsion_code,age_of_vehicle,generic_make_model,driver_imd_decile,lsoa_of_driver,escooter_flag,driver_distance_banding
2024071092446,2024,071092446,1,8,0,-1,4,3,7,-1,0,0,0,0,0,0,4,1,-1,1,1,36,7,2497,2,5,HYUNDAI I800,1,E01012436,0,1
2024010505637,2024,010505637,1,9,0,99,99,9,9,99,99,6,9,99,9,99,9,9,6,6,3,-1,-1,2497,2,8,HYUNDAI I800,-1,-1,0,-1
2024041480123,2024,041480123,1,9,0,-1,19,1,5,-1,0,0,1,0,0,0,1,1,-1,9,1,36,7,2497,2,5,HYUNDAI I800,4,E01019800,0,5
2024552400448,2024,552400448,1,9,0,7,7,5,7,0,0,6,0,0,0,0,1,1,3,7,2,26,6,2497,2,13,HYUNDAI I800,5,E01015417,0,1
2024302500143,2024,302500143,2,9,0,-1,9,1,7,-1,0,8,0,0,0,0,3,1,-1,1,1,43,7,2497,2,7,HYUNDAI I800,4,E01013494,0,1
2024010534907,2024,010534907,1,9,0,2,2,0,0,0,0,0,0,0,0,0,2,1,6,6,3,-1,-1,2497,2,8,HYUNDAI I800,-1,-1,0,-1
2024131484704,2024,131484704,2,9,0,-1,2,0,0,-1,0,0,0,0,0,0,1,1,-1,6,-1,-1,-1,2497,2,12,HYUNDAI I800,-1,-1,0,-1
2024430555511,2024,430555511,2,9,0,11,11,6,2,0,0,0,0,0,0,0,2,1,6,6,1,70,10,2497,2,5,HYUNDAI I800,-1,-1,0,-1
2024421471491,2024,421471491,1,8,0,-1,19,1,5,-1,0,0,0,0,0,0,1,1,-1,1,1,56,9,2497,2,7,HYUNDAI I800,5,E01021497,0,1
2024131474935,2024,131474935,2,9,0,-1,2,0,0,-1,0,0,0,0,0,0,1,1,-1,6,-1,-1,-1,2497,2,13,HYUNDAI I800,-1,-1,0,-1
2024340NN3122,2024,340NN3122,3,9,0,-1,3,5,1,-1,0,0,0,0,7,0,2,1,-1,9,1,35,6,2497,2,6,HYUNDAI I800,5,E01027123,0,3
2024520402571,2024,520402571,2,9,0,18,19,8,4,0,0,2,0,0,0,0,1,1,6,6,1,55,8,2497,2,8,HYUNDAI I800,9,E01029065,0,3
2024141517322,2024,141517322,1,9,0,-1,4,6,2,-1,0,1,0,0,0,0,2,9,-1,6,2,36,7,2497,2,8,HYUNDAI I800,3,E01007761,0,2
2024440375194,2024,440375194,2,8,0,18,19,2,6,0,0,0,0,0,0,0,2,1,1,1,1,47,8,2497,2,8,HYUNDAI I800,9,E01004985,0,5
2024010527515,2024,010527515,1,8,0,18,19,9,9,99,99,0,9,99,9,99,2,9,1,1,1,38,7,2497,2,8,HYUNDAI I800,4,E01004426,0,3
2024010523119,2024,010523119,2,9,0,18,19,5,1,0,0,2,0,0,0,0,1,1,6,6,1,-1,-1,2497,2,7,HYUNDAI I800,4,E01004708,0,1
2024070656797,2024,070656797,1,9,0,13,13,3,7,0,0,0,0,0,1,11,1,1,6,6,1,31,6,1582,2,15,-1,3,E01012523,0,1
2024332400171,2024,332400171,1,9,0,-1,7,8,2,-1,0,3,0,0,0,0,1,1,-1,9,1,54,8,1400,1,17,-1,7,E01013685,0,1
2024010525624,2024,010525624,1,9,0,18,19,5,1,0,0,0,0,0,0,0,1,1,6,6,2,70,10,1396,1,16,-1,2,E01001911,0,1
2024010543032,2024,010543032,3,9,0,99,99,9,9,99,99,9,9,99,9,99,2,9,6,6,3,-1,-1,2359,1,16,-1,-1,-1,0,-1
2024061521528,2024,061521528,1,9,0,-1,4,1,5,-1,0,0,0,0,0,0,2,1,-1,6,1,-1,-1,1968,2,16,-1,-1,-1,0,-1
2024010503540,2024,010503540,1,5,0,99,99,9,9,99,99,9,9,99,9,99,2,1,6,6,1,40,7,649,1,2,KAWASAKI EX650,7,E01017491,0,4
2024061441652,2024,061441652,2,5,0,-1,19,2,6,-1,0,0,0,0,0,0,0,1,-1,6,1,27,6,649,1,4,KAWASAKI EX650,2,E01006069,0,2
2024461489486,2024,461489486,2,3,0,-1,19,1,5,-1,0,0,0,0,0,0,1,1,-1,9,1,27,6,649,1,1,KAWASAKI EX650,8,E01021375,0,4
2024010540245,2024,010540245,2,5,0,18,19,1,5,0,0,8,0,0,0,0,1,1,6,6,1,23,5,649,1,3,KAWASAKI EX650,7,E01030850,0,2
2024552401548,2024,552401548,1,5,0,13,13,2,6,0,0,0,0,0,0,0,1,1,6,6,1,45,7,649,1,2,KAWASAKI EX650,7,E01029245,0,4
2024451458029,2024,451458029,1,5,0,-1,19,1,5,-1,0,0,1,0,0,0,1,1,-1,1,1,26,6,649,1,1,KAWASAKI EX650,7,E01034294,0,1
2024010494195,2024,010494195,1,5,0,99,99,9,9,99,99,9,9,99,9,99,1,1,6,6,1,20,4,649,1,2,KAWASAKI EX650,9,E01003660,0,1
2024522402038,2024,522402038,1,5,0,16,19,7,8,0,0,8,0,0,5,6,1,1,6,6,1,20,4,649,1,4,KAWASAKI EX650,7,E01014882,0,2
2024440545431,2024,440545431,1,4,0,18,19,7,3,0,0,0,0,0,1,0,1,1,6,6,2,31,6,649,1,0,KAWASAKI EX650,10,E01022981,0,3
2024421453348,2024,421453348,1,5,0,-1,19,3,7,-1,0,1,0,0,0,0,1,1,-1,6,1,20,4,649,1,1,KAWASAKI EX650,9,E01003660,0,3
2024070716656,2024,070716656,2,5,0,-1,19,2,2,-1,0,0,9,0,0,0,9,1,-1,6,1,43,7,649,1,4,KAWASAKI EX650,4,E01033299,0,2
2024411446256,2024,411446256,1,4,0,-1,19,8,5,-1,0,8,5,0,0,0,1,1,-1,6,1,41,7,649,1,2,KAWASAKI EX650,10,E01017664,0,4
2024010531729,2024,010531729,1,5,0,99,99,9,9,99,99,9,9,99,9,99,9,1,2,2,1,40,7,649,1,2,KAWASAKI EX650,7,E01017491,0,4
2024461458601,2024,461458601,2,5,0,-1,19,6,2,-1,0,0,2,0,1,0,3,1,-1,9,1,20,4,649,1,3,KAWASAKI EX650,5,E01024749,0,2
2024320641029,2024,320641029,3,5,0,4,4,6,2,0,0,1,5,0,0,0,2,1,-1,-1,2,39,7,649,1,4,KAWASAKI EX650,5,E01026276,0,3
2024501461949,2024,501461949,1,5,0,-1,19,8,4,-1,0,0,5,0,0,0,1,1,-1,2,1,28,6,649,1,2,KAWASAKI EX650,7,E01034624,0,2
2024440432735,2024,440432735,1,5,0,17,19,8,5,0,0,2,1,0,1,2,1,1,6,6,1,45,7,649,1,4,KAWASAKI EX650,9,E01022587,0,4
2024010522668,2024,010522668,2,5,0,18,19,5,1,2,2,1,5,0,0,0,3,1,6,6,1,44,7,649,1,1,KAWASAKI EX650,6,E01002138,0,2
2024421480073,2024,421480073,2,5,0,-1,19,8,4,-1,0,0,1,0,7,11,3,1,-1,2,1,19,4,649,1,4,KAWASAKI EX650,2,E01021699,0,1
2024122400534,2024,122400534,1,4,0,17,19,1,6,0,0,0,1,0,1,4,1,1,6,6,2,22,5,649,1,1,KAWASAKI EX650,7,E01007310,0,5
2024471479666,2024,471479666,2,5,0,-1,19,1,5,-1,0,1,0,0,0,0,3,1,-1,9,1,60,9,649,1,5,KAWASAKI EX650,7,E01001604,0,4
2024351510989,2024,351510989,1,5,0,-1,13,1,6,-1,0,0,0,0,0,0,2,1,-1,2,1,51,8,649,1,5,KAWASAKI EX650,6,E01018076,0,2
2024161473468,2024,161473468,2,5,0,-1,19,3,7,-1,0,1,0,0,0,0,1,1,-1,9,1,31,6,649,1,2,KAWASAKI EX650,2,E01013330,0,4
2024131465106,2024,131465106,2,5,0,-1,3,2,6,-1,0,0,0,0,0,0,2,1,-1,6,1,56,9,649,1,3,KAWASAKI EX650,10,E01010697,0,3
2024471401858,2024,471401858,2,5,0,-1,19,7,3,-1,0,0,0,0,0,0,1,1,-1,1,1,42,7,649,1,5,KAWASAKI EX650,6,E01031464,0,1
2024371500048,2024,371500048,1,23,0,-1,19,5,1,-1,0,8,0,0,7,0,4,1,-1,9,1,29,6,-1,3,0,-1,8,E01033044,0,1
2024010530415,2024,010530415,1,3,0,18,19,5,1,0,0,2,0,11,0,0,1,1,6,6,1,17,4,-1,3,0,-1,8,E01004727,0,1
2024010519295,2024,010519295,2,9,0,3,3,1,5,0,0,1,0,0,0,0,3,1,6,6,1,45,7,2925,2,5,-1,9,E01001926,0,1
2024451476276,2024,451476276,2,9,0,-1,2,0,0,-1,0,1,0,0,0,0,3,1,-1,6,-1,-1,-1,2497,1,20,-1,-1,-1,0,-1
2024351405174,2024,351405174,1,9,0,-1,19,1,5,-1,0,0,0,0,0,0,1,1,-1,6,1,48,8,1951,2,20,-1,2,E01015632,0,1
2024211492551,2024,211492551,1,9,0,-1,19,3,7,-1,0,0,0,0,0,0,1,1,-1,6,1,37,7,1951,2,21,-1,8,E01035034,0,4
2024211429659,2024,211429659,2,9,0,-1,3,2,6,-1,0,0,0,0,0,0,2,1,-1,6,1,61,9,1951,2,19,-1,3,E01029635,0,1
2024041424273,2024,041424273,1,9,0,-1,7,5,7,-1,0,8,0,0,0,0,1,1,-1,9,1,59,9,2497,1,22,-1,8,E01012612,0,1
2024041484687,2024,041484687,2,9,0,-1,2,0,0,-1,0,0,0,0,0,0,1,9,-1,6,1,77,11,1951,2,21,-1,7,E01025417,0,1
2024031454945,2024,031454945,1,3,0,-1,4,3,5,-1,0,0,0,0,0,0,1,1,-1,9,1,64,9,124,1,0,-1,2,E01033160,0,3
2024501491521,2024,501491521,1,3,0,-1,4,5,1,-1,0,0,1,0,0,0,1,1,-1,6,1,17,4,124,1,0,-1,6,E01020299,0,1
2024361520904,2024,361520904,2,3,0,-1,19,5,1,-1,0,1,2,0,7,0,1,1,-1,6,1,20,4,124,1,0,-1,4,E01026787,0,3
2024991530846,2024,991530846,1,3,0,-1,19,2,6,-1,0,1,0,0,0,0,1,1,-1,9,1,44,7,124,1,0,-1,1,-1,0,1
2024552400344,2024,552400344,2,3,0,18,19,6,2,0,0,8,0,0,0,0,1,1,6,6,1,20,4,124,1,1,-1,1,E01015312,0,2
2024501474232,2024,501474232,2,3,0,-1,19,2,6,-1,0,1,1,0,0,0,1,1,-1,9,1,23,5,124,1,1,-1,1,E01015146,0,1
2024546700924,2024,546700924,1,5,0,13,13,1,5,0,0,0,0,0,0,0,1,1,6,6,2,73,10,844,1,47,-1,6,E01032076,0,4
2024552400905,2024,552400905,2,5,0,18,19,2,6,0,0,8,0,0,0,0,1,1,6,6,1,58,9,850,1,43,-1,5,E01020431,0,3
2024631478441,2024,631478441,2,4,0,-1,19,6,2,-1,0,8,1,0,1,10,1,1,-1,9,1,71,10,500,1,40,-1,6,W01000524,0,1
2024010541672,2024,010541672,1,9,0,99,99,9,9,99,99,0,9,99,9,99,3,9,6,6,1,58,9,1995,2,17,-1,8,E01000346,0,3
2024010511129,2024,010511129,1,9,0,18,19,1,5,0,0,1,1,10,1,10,1,1,6,6,1,26,6,1968,2,7,VOLKSWAGEN GOLF,5,E01001085,0,1
2024010509345,2024,010509345,2,9,9,99,99,9,9,99,99,9,9,99,9,99,1,9,6,6,1,27,6,1984,1,5,VOLKSWAGEN GOLF,8,E01003138,0,1
2024430401402,2024,430401402,2,9,0,18,19,2,6,0,0,0,0,0,7,0,1,1,1,1,1,26,6,1197,1,13,VOLKSWAGEN GOLF,7,E01016588,0,1
2024401460920,2024,401460920,2,9,0,-1,4,6,2,-1,0,0,0,0,0,0,2,1,-1,1,1,25,5,1498,1,0,VOLKSWAGEN GOLF,-1,-1,0,-1
2024010516125,2024,010516125,1,9,0,18,19,5,1,0,0,2,0,4,0,0,1,1,6,6,1,28,6,1968,2,9,VOLKSWAGEN GOLF,5,E01002352,0,1
2024201562640,2024,201562640,1,9,0,-1,15,1,5,-1,0,1,0,0,0,0,1,9,-1,6,1,24,5,1984,1,10,VOLKSWAGEN GOLF,-1,-1,0,-1
2024141494313,2024,141494313,2,9,0,-1,19,2,6,-1,0,1,0,0,0,0,1,1,-1,9,1,28,6,1984,1,6,VOLKSWAGEN GOLF,1,E01034842,0,1
2024041482811,2024,041482811,4,9,0,-1,2,7,3,-1,0,2,0,0,0,0,4,1,-1,6,-1,-1,-1,1598,2,14,VOLKSWAGEN GOLF,-1,-1,0,-1
2024041446486,2024,041446486,2,9,0,-1,3,1,5,-1,0,1,0,0,0,0,2,1,-1,2,1,31,6,1598,2,11,VOLKSWAGEN GOLF,2,E01025245,0,2
2024461512059,2024,461512059,1,9,0,-1,19,3,7,-1,0,6,0,0,0,0,1,1,-1,9,2,40,7,1598,2,5,VOLKSWAGEN GOLF,5,E01024654,0,1
2024010515513,2024,010515513,1,9,0,99,99,9,9,99,99,9,9,99,9,99,9,9,6,6,2,39,7,1395,1,6,VOLKSWAGEN GOLF,2,E01001957,0,1
2024010500717,2024,010500717,2,9,0,16,19,1,5,0,0,1,0,0,0,0,1,1,6,6,1,29,6,1598,1,18,VOLKSWAGEN GOLF,7,E01000657,0,2
2024351398850,2024,351398850,2,9,0,-1,19,6,2,-1,0,1,0,0,0,0,1,1,-1,1,1,21,5,1968,2,9,VOLKSWAGEN GOLF,2,E01022006,0,4
2024231497592,2024,231497592,1,9,0,-1,19,5,1,-1,0,0,0,0,3,1,1,1,-1,6,1,23,5,1984,1,7,VOLKSWAGEN GOLF,3,E01009164,0,4
2024041447927,2024,041447927,1,9,0,-1,19,-1,-1,-1,0,1,-1,-1,-1,0,1,1,-1,6,3,-1,-1,1984,1,4,VOLKSWAGEN GOLF,-1,-1,0,-1
2024411493417,2024,411493417,2,9,0,-1,6,6,1,-1,0,3,0,0,0,0,4,1,-1,2,1,37,7,1598,2,13,VOLKSWAGEN GOLF,5,E01021854,0,3
2024131428864,2024,131428864,1,9,0,-1,9,1,7,-1,0,8,0,0,0,0,1,2,-1,6,1,21,5,1598,2,10,VOLKSWAGEN GOLF,1,E01010620,0,1
2024411523136,2024,411523136,1,9,0,-1,7,1,3,-1,0,0,2,0,0,0,1,1,-1,6,1,24,5,1984,1,6,VOLKSWAGEN GOLF,6,E01023787,0,1
2024522403454,2024,522403454,2,9,0,12,12,5,1,0,0,0,0,0,0,0,0,1,1,1,2,24,5,1968,2,10,VOLKSWAGEN GOLF,10,E01025902,0,5
2024311524256,2024,311524256,1,9,0,-1,19,3,7,-1,0,0,0,0,0,0,1,1,-1,6,1,48,8,1968,2,8,VOLKSWAGEN GOLF,-1,-1,0,-1
2024461528146,2024,461528146,1,9,0,-1,19,5,1,-1,0,0,0,0,0,0,1,9,-1,6,2,48,8,1598,1,17,VOLKSWAGEN GOLF,9,E01028415,0,5
2024451525189,2024,451525189,1,9,0,-1,19,7,3,-1,0,0,0,0,2,2,1,1,-1,9,2,89,11,1395,1,9,VOLKSWAGEN GOLF,10,E01030367,0,2
2024471477570,2024,471477570,2,9,0,-1,4,1,5,-1,0,1,0,0,0,0,2,1,-1,9,1,25,5,1498,8,0,VOLKSWAGEN GOLF,8,E01035341,0,1
2024052402173,2024,052402173,1,9,0,9,9,7,4,0,0,8,0,0,0,0,1,1,2,2,2,25,5,1598,1,21,VOLKSWAGEN GOLF,3,E01007240,0,1
2024451480790,2024,451480790,1,9,0,-1,9,7,3,-1,0,0,0,0,0,0,1,1,-1,9,1,50,8,1900,2,19,VOLKSWAGEN GOLF,10,E01022847,0,1
2024131419040,2024,131419040,1,9,0,-1,5,6,2,-1,-1,8,0,-1,-1,-1,1,1,-1,6,2,-1,-1,1395,1,10,VOLKSWAGEN GOLF,-1,-1,0,-1
2024631451733,2024,631451733,1,9,0,-1,12,6,2,-1,0,0,1,0,0,0,1,1,-1,9,1,20,4,1598,2,13,VOLKSWAGEN GOLF,7,W01000460,0,2
2024471530275,2024,471530275,1,9,0,-1,9,3,1,-1,0,6,0,0,0,0,1,1,-1,9,1,25,5,1598,2,10,VOLKSWAGEN GOLF,9,E01024146,0,4
2024131487639,2024,131487639,2,9,0,-1,3,0,0,-1,0,8,0,0,0,0,2,1,-1,2,2,56,9,1498,1,5,VOLKSWAGEN GOLF,4,E01010678,0,1
2024421457753,2024,421457753,3,9,0,-1,19,1,5,-1,0,0,0,0,0,0,3,1,-1,2,1,23,5,999,1,5,VOLKSWAGEN GOLF,5,E01002344,0,3
202460Q032291,2024,60Q032291,1,9,0,9,9,3,1,0,0,1,0,0,0,0,1,1,6,6,1,35,6,1600,2,14,VOLKSWAGEN GOLF,-1,-1,0,-1
2024070078120,2024,070078120,1,9,0,9,9,7,5,0,0,8,0,0,0,0,1,1,1,1,1,59,9,1968,2,13,VOLKSWAGEN GOLF,3,E01018734,0,1
2024010527091,2024,010527091,1,9,0,99,99,9,9,99,99,9,9,99,9,99,2,9,6,6,2,36,7,1598,1,17,VOLKSWAGEN GOLF,2,E01001507,0,1
2024031395290,2024,031395290,1,9,0,-1,7,1,3,-1,0,5,1,0,3,9,1,9,-1,1,2,56,9,1598,2,11,VOLKSWAGEN GOLF,4,-1,0,2
2024351539442,2024,351539442,1,9,0,-1,5,8,1,-1,0,1,0,0,0,0,1,1,-1,9,1,28,6,2000,2,18,VOLKSWAGEN GOLF,2,E01015643,0,1
2024131424097,2024,131424097,1,9,0,-1,19,7,3,-1,0,0,2,0,0,0,1,1,-1,6,-1,-1,-1,1968,2,0,VOLKSWAGEN GOLF,-1,-1,0,-1
2024451400512,2024,451400512,1,9,0,-1,9,1,1,-1,0,1,0,0,0,0,3,1,-1,7,2,26,6,1498,1,4,VOLKSWAGEN GOLF,7,E01030300,0,1
2024010524020,2024,010524020,2,9,0,3,3,1,5,0,0,1,0,0,0,0,2,1,6,6,2,27,6,1395,1,9,VOLKSWAGEN GOLF,4,E01003725,0,3
2024010493254,2024,010493254,1,9,0,3,3,9,9,99,99,9,9,99,9,99,1,9,6,6,2,29,6,1390,1,15,VOLKSWAGEN GOLF,2,E01033882,0,1
2024061521908,2024,061521908,1,9,0,-1,10,-1,-1,-1,0,1,9,0,0,0,4,1,-1,6,1,25,5,1197,1,13,VOLKSWAGEN GOLF,1,E01005245,0,1
2024501481854,2024,501481854,2,9,0,-1,9,6,3,-1,0,1,0,0,0,0,4,1,-1,1,2,40,7,1600,2,14,VOLKSWAGEN GOLF,4,E01019013,0,1
2024061445877,2024,061445877,2,9,0,-1,19,5,1,-1,0,0,0,0,0,0,3,1,-1,6,2,22,5,1598,2,11,VOLKSWAGEN GOLF,1,E01006031,0,2
2024520002234,2024,520002234,1,9,0,18,19,3,7,0,0,0,5,0,1,11,4,1,6,6,1,32,6,1968,2,10,VOLKSWAGEN GOLF,10,E01014434,0,1
2024141405378,2024,141405378,2,9,0,-1,19,3,7,-1,0,0,0,0,0,0,1,1,-1,9,1,69,10,1390,1,21,VOLKSWAGEN GOLF,4,E01007647,0,3
2024131434493,2024,131434493,1,9,0,-1,-1,-1,-1,-1,-1,-1,-1,-1,-1,-1,-1,1,-1,6,3,-1,-1,1984,1,3,VOLKSWAGEN GOLF,-1,-1,0,-1
2024010516869,2024,010516869,1,9,0,7,7,7,1,0,0,1,0,0,0,0,4,1,6,6,1,44,7,1395,1,11,VOLKSWAGEN GOLF,6,E01004515,0,1
2024461452047,2024,461452047,2,9,0,-1,2,0,0,-1,0,0,0,0,0,0,1,1,-1,6,-1,-1,-1,2000,2,20,VOLKSWAGEN GOLF,-1,-1,0,-1
2024010492758,2024,010492758,2,9,0,99,99,9,9,99,99,9,9,99,9,99,9,9,6,6,3,-1,-1,1595,1,21,VOLKSWAGEN GOLF,-1,-1,0,-1
2024131505397,2024,131505397,2,9,0,-1,4,1,5,-1,0,0,0,0,0,0,2,1,-1,2,1,25,5,1598,2,10,VOLKSWAGEN GOLF,4,E01011477,0,2
2024010498680,2024,010498680,1,9,0,18,19,5,1,0,0,1,0,0,0,0,4,1,6,6,2,25,5,1390,1,14,VOLKSWAGEN GOLF,4,E01001140,0,2
2024340WN5962,2024,340WN5962,2,9,0,-1,4,3,7,-1,0,0,0,0,0,0,2,1,-1,2,1,20,4,1896,2,19,VOLKSWAGEN GOLF,8,E01027146,0,2
2024131488831,2024,131488831,2,9,0,-1,19,7,3,-1,0,0,0,0,0,0,1,1,-1,9,1,21,5,1896,2,19,VOLKSWAGEN GOLF,1,E01010608,0,3
2024471436242,2024,471436242,2,9,0,-1,1,3,7,-1,0,1,0,0,0,0,3,1,-1,6,1,29,6,1896,2,19,VOLKSWAGEN GOLF,3,E01021092,0,1
2024520402040,2024,520402040,1,9,0,7,7,7,1,0,0,6,0,0,0,0,1,1,6,6,1,22,5,1600,1,20,VOLKSWAGEN GOLF,8,E01029142,0,1
2024010522898,2024,010522898,1,9,0,18,19,6,2,9,9,0,0,10,1,4,1,1,6,6,1,27,6,1395,1,11,VOLKSWAGEN GOLF,9,E01003838,0,1
2024052401124,2024,052401124,1,9,0,9,9,7,3,0,0,6,0,0,0,0,4,1,6,6,1,24,5,1498,1,4,VOLKSWAGEN GOLF,3,E01006835,0,1
2024211535691,2024,211535691,2,9,0,-1,19,3,7,-1,0,0,0,0,0,0,1,1,-1,6,3,18,4,1498,8,3,VOLKSWAGEN GOLF,-1,-1,0,-1
2024440556064,2024,440556064,2,9,0,5,5,6,5,0,0,8,0,0,0,0,1,1,6,6,1,49,8,1896,2,18,VOLKSWAGEN GOLF,4,E01017309,0,1
2024991455804,2024,991455804,1,9,0,-1,14,4,8,-1,0,1,1,0,0,0,1,1,-1,6,1,27,6,1900,2,20,VOLKSWAGEN GOLF,7,-1,0,2
2024440194736,2024,440194736,2,9,0,18,19,1,5,0,0,8,0,0,0,0,3,1,6,6,1,20,4,1598,1,17,VOLKSWAGEN GOLF,10,E01022528,0,2
2024010528198,2024,010528198,2,9,0,9,9,3,1,0,0,8,0,0,0,0,1,1,6,6,1,47,8,1498,8,0,VOLKSWAGEN GOLF,4,E01003406,0,2
2024311473856,2024,311473856,1,9,0,-1,9,3,5,-1,0,6,1,0,3,0,3,9,-1,9,1,29,6,1598,2,12,VOLKSWAGEN GOLF,6,E01028043,0,2
2024501503830,2024,501503830,2,9,0,-1,19,4,8,-1,0,8,0,0,7,0,4,1,-1,6,1,77,11,1598,2,11,VOLKSWAGEN GOLF,4,E01020303,0,2
2024201536040,2024,201536040,5,9,0,-1,19,6,2,-1,0,0,0,0,0,0,2,1,-1,9,1,32,6,2000,2,20,VOLKSWAGEN GOLF,2,E01010264,0,1
2024010523848,2024,010523848,2,9,0,99,99,9,9,99,99,9,9,99,9,99,1,9,6,6,3,27,6,1390,1,15,VOLKSWAGEN GOLF,7,E01002144,0,1
2024201450074,2024,201450074,1,9,0,-1,19,4,8,-1,0,0,0,4,0,0,1,1,-1,6,3,-1,-1,1984,1,4,VOLKSWAGEN GOLF,-1,-1,0,-1
2024141501579,2024,141501579,1,9,0,-1,5,5,2,-1,0,8,0,0,0,0,2,1,-1,9,2,26,6,1896,2,16,VOLKSWAGEN GOLF,3,E01007903,0,2
2024061458431,2024,061458431,1,9,0,-1,19,7,3,-1,0,1,0,0,1,0,1,1,-1,2,2,56,9,1395,1,9,VOLKSWAGEN GOLF,9,E01004985,0,1
2024471528515,2024,471528515,1,9,0,-1,5,5,3,-1,0,2,0,0,0,0,3,1,-1,1,1,25,5,1595,1,17,VOLKSWAGEN GOLF,10,E01021039,0,3
2024531502554,2024,531502554,2,9,0,-1,19,7,3,-1,0,0,0,0,1,0,3,1,-1,6,2,67,10,1968,2,9,VOLKSWAGEN GOLF,8,E01022207,0,3
2024161453147,2024,161453147,1,9,0,-1,5,6,2,-1,0,0,0,0,0,0,0,1,-1,6,1,22,5,1968,2,16,VOLKSWAGEN GOLF,3,E01012936,0,1
2024991483905,2024,991483905,2,9,0,-1,9,3,1,-1,0,5,0,0,0,0,3,1,-1,9,1,24,5,1968,2,7,VOLKSWAGEN GOLF,1,E01026620,0,5
2024061482561,2024,061482561,1,9,0,-1,19,1,5,-1,0,8,0,0,0,0,1,1,-1,6,1,18,4,1197,1,14,VOLKSWAGEN GOLF,1,E01005463,0,1
2024201518880,2024,201518880,2,9,0,-1,19,1,5,-1,0,8,0,0,0,0,3,1,-1,6,2,38,7,1390,1,15,VOLKSWAGEN GOLF,2,E01009608,0,1
2024010500900,2024,010500900,2,9,0,99,99,9,9,99,99,9,9,99,9,99,9,9,6,6,3,-1,-1,1390,1,17,VOLKSWAGEN GOLF,-1,-1,0,-1
2024131497758,2024,131497758,1,9,0,-1,19,6,2,-1,0,0,0,0,0,0,3,1,-1,9,2,33,6,1968,2,11,VOLKSWAGEN GOLF,9,E01010687,0,1
2024401448957,2024,401448957,2,9,-1,-1,-1,-1,-1,-1,-1,0,-1,-1,-1,0,2,9,-1,9,2,48,8,1968,2,7,VOLKSWAGEN GOLF,8,E01005770,0,5
2024211451784,2024,211451784,2,9,0,-1,5,1,5,-1,0,0,0,0,0,0,4,1,-1,6,1,26,6,1498,8,0,VOLKSWAGEN GOLF,-1,-1,0,-1
2024440219592,2024,440219592,1,9,0,18,19,2,6,0,0,0,0,0,0,0,1,1,6,6,1,45,7,1598,2,5,VOLKSWAGEN GOLF,9,E01022763,0,2
2024501512732,2024,501512732,1,9,0,-1,19,7,3,-1,0,1,0,0,0,0,1,1,-1,2,1,20,4,1896,2,20,VOLKSWAGEN GOLF,7,E01020263,0,2
2024332400591,2024,332400591,1,9,0,-1,19,5,1,-1,0,0,0,0,0,0,1,1,-1,6,1,49,8,1896,2,15,VOLKSWAGEN GOLF,1,E01033269,0,4
2024332400706,2024,332400706,1,9,0,-1,19,7,3,-1,0,4,0,0,0,0,4,1,-1,9,1,41,7,1198,1,9,VOLKSWAGEN GOLF,4,E01013696,0,1
2024061487753,2024,061487753,2,9,0,-1,7,2,4,-1,0,5,1,0,0,0,3,1,-1,6,1,46,8,1896,2,21,VOLKSWAGEN GOLF,1,E01006336,0,1
2024061484458,2024,061484458,2,9,0,-1,19,5,1,-1,0,0,0,0,0,0,1,1,-1,9,1,21,5,1968,2,14,VOLKSWAGEN GOLF,1,E01012656,0,4
2024461483608,2024,461483608,1,9,0,-1,19,6,2,-1,0,1,1,0,0,0,1,1,-1,6,2,58,9,1968,2,2,VOLKSWAGEN GOLF,7,E01024273,0,1
2024522401719,2024,522401719,1,9,0,8,8,3,5,0,0,8,0,0,0,0,2,1,6,6,3,-1,-1,1498,1,1,VOLKSWAGEN GOLF,-1,-1,0,-1
2024221398523,2024,221398523,3,9,0,-1,3,5,1,-1,0,0,0,0,0,0,2,9,-1,6,2,28,6,1498,1,4,VOLKSWAGEN GOLF,7,E01028940,0,1
2024201458667,2024,201458667,1,9,0,-1,19,6,2,-1,0,8,0,0,0,0,4,9,-1,6,1,40,7,1598,2,12,VOLKSWAGEN GOLF,1,E01014306,0,4
2024041405451,2024,041405451,1,9,0,-1,19,-1,-1,-1,0,1,0,0,0,0,-1,9,-1,6,3,-1,-1,1984,1,8,VOLKSWAGEN GOLF,-1,-1,0,-1
2024201453772,2024,201453772,1,9,0,-1,9,6,4,-1,0,6,0,0,0,0,4,9,-1,6,1,39,7,1984,1,3,VOLKSWAGEN GOLF,3,E01009238,0,2
2024221439760,2024,221439760,2,9,0,-1,19,6,5,-1,0,8,0,0,1,4,1,9,-1,2,2,50,8,1598,2,4,VOLKSWAGEN GOLF,6,E01032199,0,3
2024501411384,2024,501411384,2,9,0,-1,15,0,0,-1,0,0,0,0,0,0,0,1,-1,6,1,65,9,1395,1,11,VOLKSWAGEN GOLF,4,E01018793,0,1