collision_index,collision_year,collision_ref_no,vehicle_reference,vehicle_type,towing_and_articulation,vehicle_manoeuvre_historic,vehicle_manoeuvre,vehicle_direction_from,vehicle_direction_to,vehicle_location_restricted_lane_historic,vehicle_location_restricted_lane,junction_location,skidding_and_overturning,hit_object_in_carriageway,vehicle_leaving_carriageway,hit_object_off_carriageway,first_point_of_impact,vehicle_left_hand_drive,journey_purpose_of_driver_historic,journey_purpose_of_driver,sex_of_driver,age_of_driver,age_band_of_driver,engine_capacity_cc,propulsion_code,age_of_vehicle,generic_make_model,driver_imd_decile,lsoa_of_driver,escooter_flag,driver_distance_banding
2024061508848,2024,061508848,2,9,-1,-1,-1,-1,-1,-1,-1,-1,-1,-1,-1,0,-1,9,-1,6,3,-1,-1,999,1,6,VOLKSWAGEN GOLF,-1,-1,0,-1
2024522500070,2024,522500070,2,9,0,18,19,4,8,0,0,0,0,0,0,0,1,1,6,6,1,24,5,1900,2,18,VOLKSWAGEN GOLF,10,E01015014,0,2
2024010544935,2024,010544935,1,9,4,99,99,9,9,99,99,9,9,99,9,99,9,9,2,2,1,39,7,1896,2,16,VOLKSWAGEN GOLF,3,E01033591,0,3
2024041425451,2024,041425451,1,9,0,-1,19,5,1,-1,0,0,1,0,1,4,3,1,-1,6,1,34,6,1968,2,16,VOLKSWAGEN GOLF,4,E01024896,0,1
2024010509644,2024,010509644,1,9,0,7,7,5,7,0,0,3,0,11,0,0,3,1,6,6,2,27,6,1498,1,4,VOLKSWAGEN GOLF,2,E01001649,0,1
2024071091082,2024,071091082,1,9,0,-1,11,3,1,-1,0,8,0,0,0,0,4,1,-1,9,2,83,11,1598,2,5,VOLKSWAGEN GOLF,6,E01012524,0,1
2024201453697,2024,201453697,2,9,0,-1,19,6,2,-1,0,8,0,0,0,0,1,9,-1,9,2,41,7,1498,1,2,VOLKSWAGEN GOLF,3,E01009089,0,1
2024010529918,2024,010529918,2,9,0,18,19,3,7,0,0,1,0,0,0,0,3,1,6,6,1,19,4,1197,1,10,VOLKSWAGEN GOLF,3,E01003589,0,1
2024461489829,2024,461489829,1,9,0,-1,1,1,5,-1,0,1,0,0,0,0,2,9,-1,6,1,-1,-1,1598,2,9,VOLKSWAGEN GOLF,-1,-1,0,-1
2024351519791,2024,351519791,2,9,-1,-1,-1,-1,-1,-1,-1,0,-1,-1,-1,0,-1,9,-1,9,1,27,6,1600,2,15,VOLKSWAGEN GOLF,8,E01018099,0,1
2024231531574,2024,231531574,1,9,0,-1,12,7,1,-1,0,6,0,0,0,0,3,1,-1,9,1,33,6,1598,2,7,VOLKSWAGEN GOLF,1,E01012674,0,5
2024631528341,2024,631528341,1,9,0,-1,19,3,6,-1,0,4,0,0,0,0,1,1,-1,9,1,37,7,1968,2,16,VOLKSWAGEN GOLF,7,W01000690,0,2
2024440115629,2024,440115629,1,9,0,16,19,8,4,0,0,0,0,0,0,0,1,1,2,2,1,28,6,1968,2,16,VOLKSWAGEN GOLF,9,E01034708,0,1
2024010539968,2024,010539968,1,9,0,6,6,5,5,0,0,1,0,0,0,0,2,2,6,6,1,34,6,1598,2,9,VOLKSWAGEN GOLF,9,E01033503,0,4
2024010527410,2024,010527410,2,9,0,18,19,1,5,0,0,2,0,0,0,0,1,1,2,2,1,21,5,1395,1,8,VOLKSWAGEN GOLF,6,E01000203,0,1
2024221519924,2024,221519924,2,9,0,-1,7,7,1,-1,0,6,0,0,0,0,1,9,-1,6,2,20,4,999,1,5,VOLKSWAGEN GOLF,5,E01032426,0,1
2024221460546,2024,221460546,2,9,0,-1,19,1,5,-1,0,8,0,0,0,0,1,9,-1,6,1,59,9,1598,2,14,VOLKSWAGEN GOLF,3,E01032321,0,3
2024401449356,2024,401449356,2,9,0,-1,9,4,3,-1,0,8,0,0,0,0,1,1,-1,1,2,38,7,1968,2,15,VOLKSWAGEN GOLF,4,E01017506,0,1
2024302500038,2024,302500038,1,9,0,-1,19,1,5,-1,0,0,0,0,0,0,3,1,-1,6,1,52,8,1968,2,9,VOLKSWAGEN GOLF,7,E01013069,0,4
2024411514801,2024,411514801,1,9,0,-1,5,5,1,-1,0,0,0,0,0,0,1,1,-1,6,1,46,8,1968,2,2,VOLKSWAGEN GOLF,4,E01023349,0,1
2024461407850,2024,461407850,1,9,0,-1,19,3,7,-1,0,2,0,0,0,0,1,1,-1,9,2,51,8,1498,8,3,VOLKSWAGEN GOLF,8,E01024511,0,1
2024991504152,2024,991504152,1,9,0,-1,19,5,1,-1,0,0,5,0,7,0,1,1,-1,6,1,29,6,1598,1,16,VOLKSWAGEN GOLF,4,-1,0,3
2024991505914,2024,991505914,1,9,0,-1,19,8,4,-1,0,4,0,0,0,0,1,1,-1,9,1,28,6,1598,2,5,VOLKSWAGEN GOLF,5,-1,0,1
2024371463945,2024,371463945,1,9,0,-1,19,2,6,-1,0,0,0,0,1,0,1,1,-1,9,2,19,4,1896,2,17,VOLKSWAGEN GOLF,7,E01029887,0,1
2024041445746,2024,041445746,1,9,0,-1,19,5,1,-1,0,1,0,0,0,0,1,1,-1,9,1,23,5,1896,2,17,VOLKSWAGEN GOLF,1,E01025042,0,2
2024520402553,2024,520402553,1,9,0,18,19,8,4,0,0,0,0,0,7,10,1,1,6,6,1,26,6,1598,2,10,VOLKSWAGEN GOLF,6,E01029020,0,1
2024131461489,2024,131461489,1,9,0,-1,19,7,3,-1,0,8,0,0,0,0,1,1,-1,2,2,44,7,1598,2,13,VOLKSWAGEN GOLF,2,E01011000,0,1
2024221506422,2024,221506422,2,9,0,-1,19,5,2,-1,0,8,0,0,0,0,1,9,-1,6,2,27,6,1896,2,17,VOLKSWAGEN GOLF,3,E01014072,0,1
2024430016933,2024,430016933,1,9,0,13,13,4,8,0,0,0,2,0,7,0,1,1,2,2,1,37,7,1968,2,7,VOLKSWAGEN GOLF,5,E01016390,0,4
2024010512202,2024,010512202,1,9,0,16,19,7,3,0,0,8,1,10,1,2,3,1,6,6,1,23,5,1395,8,6,VOLKSWAGEN GOLF,3,E01000499,0,2
2024991442380,2024,991442380,1,9,0,-1,19,5,1,-1,0,0,0,0,0,0,4,1,-1,9,2,29,6,1498,8,4,VOLKSWAGEN GOLF,5,-1,0,1
2024361446105,2024,361446105,1,9,0,-1,9,6,4,-1,0,1,0,0,0,0,1,1,-1,2,1,47,8,1498,1,3,VOLKSWAGEN GOLF,8,E01035151,0,2
2024461473152,2024,461473152,3,9,0,-1,3,6,2,-1,0,0,0,0,0,0,2,1,-1,9,1,35,6,1395,1,8,VOLKSWAGEN GOLF,7,E01002061,0,4
2024131526412,2024,131526412,1,9,0,-1,19,1,5,-1,0,8,5,0,1,3,1,1,-1,9,1,25,5,1984,1,7,VOLKSWAGEN GOLF,6,E01011734,0,2
2024461407864,2024,461407864,2,9,0,-1,19,2,6,-1,0,1,0,0,0,0,3,9,-1,6,1,72,10,1590,1,23,VOLKSWAGEN GOLF,5,E01024788,0,1
2024320665515,2024,320665515,1,9,0,-1,-1,5,1,0,0,0,0,0,1,0,1,1,6,6,1,36,7,1598,2,13,VOLKSWAGEN GOLF,5,E01026390,0,4
2024131504437,2024,131504437,1,9,0,-1,-1,-1,-1,-1,-1,-1,-1,-1,-1,-1,-1,1,-1,6,3,-1,-1,1598,2,10,VOLKSWAGEN GOLF,-1,-1,0,-1
2024501495909,2024,501495909,2,9,0,-1,7,3,5,-1,0,8,0,0,0,0,1,1,-1,1,1,48,8,1598,2,10,VOLKSWAGEN GOLF,2,E01018774,0,4
2024451456763,2024,451456763,1,9,0,-1,19,5,1,-1,99,8,0,99,0,0,3,1,-1,2,1,22,5,1395,1,7,VOLKSWAGEN GOLF,4,E01003409,0,4
2024302400356,2024,302400356,1,9,0,17,19,2,8,0,0,2,0,0,0,0,4,1,6,6,1,28,6,1968,2,12,VOLKSWAGEN GOLF,2,E01013483,0,1
2024361399696,2024,361399696,1,9,0,-1,5,7,3,-1,9,0,5,0,7,10,1,1,-1,9,1,18,4,1498,8,1,VOLKSWAGEN GOLF,6,E01026616,0,2
2024201535682,2024,201535682,1,9,0,-1,19,5,1,-1,0,1,0,0,0,0,1,1,-1,6,1,36,7,1984,1,7,VOLKSWAGEN GOLF,1,E01009306,0,1
2024201496688,2024,201496688,2,9,0,-1,3,2,6,-1,0,8,0,0,0,0,2,9,-1,7,1,50,8,1968,2,5,VOLKSWAGEN GOLF,3,E01008947,0,1
2024340NN3062,2024,340NN3062,2,9,0,-1,3,7,3,-1,0,1,0,0,0,0,2,1,-1,9,2,35,6,1598,1,18,VOLKSWAGEN GOLF,2,E01026957,0,1
2024010519968,2024,010519968,2,9,0,99,99,9,9,99,99,9,9,99,9,99,1,9,6,6,3,-1,-1,1395,1,8,VOLKSWAGEN GOLF,-1,-1,0,-1
2024010550989,2024,010550989,1,9,9,3,3,9,9,99,99,1,9,99,9,99,9,9,6,6,1,36,7,1395,1,9,VOLKSWAGEN GOLF,7,E01004070,0,1
2024501456297,2024,501456297,3,9,0,-1,2,0,0,-1,0,0,0,4,0,0,2,1,-1,6,-1,-1,-1,1498,1,6,VOLKSWAGEN GOLF,-1,-1,0,-1
2024440454762,2024,440454762,1,9,0,16,19,4,7,0,0,0,2,0,8,10,3,1,6,6,1,25,5,2792,1,23,VOLKSWAGEN GOLF,4,E01017312,0,2
2024991432416,2024,991432416,2,9,0,-1,3,4,8,-1,0,0,0,0,0,0,3,1,-1,9,1,18,4,1598,2,9,VOLKSWAGEN GOLF,1,-1,0,1
2024991398262,2024,991398262,1,9,0,-1,19,5,1,-1,0,0,0,0,0,0,1,1,-1,9,1,23,5,1968,2,11,VOLKSWAGEN GOLF,3,-1,0,1
2024041433706,2024,041433706,1,9,0,-1,7,1,4,-1,0,1,0,0,0,0,1,1,-1,6,1,35,6,1968,2,14,VOLKSWAGEN GOLF,1,E01025185,0,1
2024141439250,2024,141439250,1,9,0,-1,9,2,1,-1,0,0,0,0,0,0,3,1,-1,9,2,24,5,1498,1,4,VOLKSWAGEN GOLF,2,E01007457,0,1
2024471461795,2024,471461795,1,9,0,-1,19,8,4,-1,0,2,0,0,7,1,1,1,-1,6,2,75,10,1395,1,7,VOLKSWAGEN GOLF,6,E01031508,0,4
2024111466786,2024,111466786,1,9,0,-1,19,2,6,-1,0,0,0,0,0,0,4,1,-1,9,1,23,5,1968,2,14,VOLKSWAGEN GOLF,2,E01020648,0,1
2024131431209,2024,131431209,1,9,0,-1,19,1,1,-1,0,1,0,0,0,0,1,1,-1,9,2,30,6,1968,2,14,VOLKSWAGEN GOLF,2,E01011334,0,3
2024471455486,2024,471455486,1,9,0,-1,19,5,1,-1,0,0,0,0,0,0,1,1,-1,6,1,53,8,1984,1,10,VOLKSWAGEN GOLF,5,E01031431,0,3
2024501513255,2024,501513255,2,9,0,-1,12,4,8,-1,0,0,0,0,0,0,2,1,-1,2,2,25,5,1598,2,12,VOLKSWAGEN GOLF,3,E01018788,0,1
2024231528059,2024,231528059,1,9,0,-1,7,7,1,-1,0,6,0,0,0,0,1,9,-1,6,1,27,6,1896,2,18,VOLKSWAGEN GOLF,8,E01031245,0,1
2024471456149,2024,471456149,3,9,0,-1,3,7,3,-1,0,0,0,0,0,0,2,1,-1,9,1,45,7,1197,1,11,VOLKSWAGEN GOLF,10,E01031638,0,1
2024010546830,2024,010546830,1,9,0,3,3,3,7,0,0,1,0,0,0,0,2,1,6,6,1,22,5,1598,2,7,VOLKSWAGEN GOLF,3,E01001244,0,2
202454F164724,2024,54F164724,1,9,0,18,19,4,8,0,0,8,0,0,0,0,3,1,1,1,2,60,9,1896,2,15,VOLKSWAGEN GOLF,9,E01015501,0,1
2024371453751,2024,371453751,1,9,0,-1,19,3,7,-1,0,8,0,0,0,0,1,1,-1,9,1,31,6,1968,2,16,VOLKSWAGEN GOLF,6,E01029915,0,4
2024010494234,2024,010494234,2,9,0,18,19,8,4,0,0,1,0,0,1,0,1,1,6,6,1,51,8,1395,1,8,VOLKSWAGEN GOLF,6,E01003030,0,2
2024991501707,2024,991501707,1,9,0,-1,9,5,3,-1,0,6,0,0,0,0,4,1,-1,9,1,23,5,1598,2,11,VOLKSWAGEN GOLF,7,-1,0,1
2024061513954,2024,061513954,1,9,0,-1,1,5,8,-1,9,0,0,0,1,11,2,1,-1,9,1,85,11,1395,1,7,VOLKSWAGEN GOLF,4,E01006219,0,1
2024221464195,2024,221464195,2,9,0,-1,19,8,4,-1,0,0,1,0,7,10,3,1,-1,6,2,23,5,1598,2,9,VOLKSWAGEN GOLF,5,E01014099,0,3
2024131507221,2024,131507221,2,9,0,-1,19,7,3,-1,0,0,0,0,0,0,1,1,-1,9,1,24,5,1968,2,7,VOLKSWAGEN GOLF,3,E01011245,0,2
2024332401013,2024,332401013,1,9,0,-1,19,3,7,-1,0,0,0,0,7,10,1,1,-1,9,2,37,7,1984,1,9,VOLKSWAGEN GOLF,3,E01025905,0,3
2024010516342,2024,010516342,2,9,0,4,4,5,1,0,0,0,0,0,0,0,0,1,2,2,1,20,4,1498,8,2,VOLKSWAGEN GOLF,8,E01024440,0,2
2024010542382,2024,010542382,1,9,0,18,19,1,5,0,0,0,5,10,0,0,1,1,6,6,2,32,6,1968,2,4,VOLKSWAGEN GOLF,6,E01003273,0,1
2024501420528,2024,501420528,1,9,0,-1,4,1,5,-1,0,1,0,0,0,0,1,9,-1,6,1,46,8,1598,1,17,VOLKSWAGEN GOLF,4,E01015177,0,1
2024131475531,2024,131475531,2,9,0,-1,19,8,4,-1,0,8,0,0,0,0,1,1,-1,9,1,36,7,1390,1,19,VOLKSWAGEN GOLF,2,E01010728,0,3
2024440189222,2024,440189222,2,9,0,18,19,1,5,0,0,0,0,0,0,0,1,1,6,6,1,24,5,1896,2,16,VOLKSWAGEN GOLF,2,E01022934,0,1
2024320366764,2024,320366764,2,9,0,3,3,1,5,0,0,1,0,0,0,0,2,1,-1,-1,2,38,7,1896,2,17,VOLKSWAGEN GOLF,-1,-1,0,-1
2024041414714,2024,041414714,1,9,0,-1,13,1,5,-1,0,1,0,0,7,11,4,1,-1,6,1,30,6,1598,2,12,VOLKSWAGEN GOLF,1,E01012675,0,1
202460Q059486,2024,60Q059486,1,9,0,5,5,5,1,0,0,8,0,0,0,0,1,1,6,6,1,33,6,2000,2,18,VOLKSWAGEN GOLF,-1,-1,0,-1
2024501518426,2024,501518426,1,9,0,-1,19,1,5,-1,0,0,1,0,0,0,1,1,-1,6,1,14,3,1391,1,27,VOLKSWAGEN GOLF,6,E01018808,0,3
2024201401727,2024,201401727,2,9,0,-1,19,3,7,-1,0,0,0,4,0,0,4,1,-1,6,3,-1,-1,1968,2,7,VOLKSWAGEN GOLF,-1,-1,0,-1
2024340WN3402,2024,340WN3402,3,9,0,-1,19,3,7,-1,0,0,0,0,0,0,1,1,-1,6,1,79,11,1968,2,12,VOLKSWAGEN GOLF,5,E01027158,0,1
2024010505293,2024,010505293,1,9,0,9,9,5,2,0,0,2,0,0,0,0,1,1,6,6,1,69,10,1896,2,17,VOLKSWAGEN GOLF,3,E01001480,0,1
2024461393687,2024,461393687,1,9,0,-1,7,5,7,-1,0,4,0,0,0,0,4,9,-1,6,2,35,6,1498,8,2,VOLKSWAGEN GOLF,4,E01016074,0,1
2024201523485,2024,201523485,1,9,0,-1,19,5,4,-1,0,0,0,0,0,0,1,1,-1,6,-1,-1,-1,1390,1,16,VOLKSWAGEN GOLF,2,E01010104,0,3
2024421444901,2024,421444901,1,9,0,-1,19,3,3,-1,0,0,0,0,0,0,1,9,-1,6,1,36,7,1896,2,15,VOLKSWAGEN GOLF,10,E01021625,0,1
2024451413054,2024,451413054,1,9,0,-1,4,1,5,-1,0,1,0,0,0,0,2,1,-1,9,1,26,6,1600,1,20,VOLKSWAGEN GOLF,10,E01030396,0,1
2024131416487,2024,131416487,2,9,0,-1,2,3,7,-1,0,0,0,0,0,0,3,1,-1,6,1,26,6,1968,2,11,VOLKSWAGEN GOLF,3,E01011249,0,3
2024141496763,2024,141496763,1,9,0,-1,19,1,6,-1,0,0,0,1,0,0,1,1,-1,6,1,19,4,1395,8,7,VOLKSWAGEN GOLF,8,E01007713,0,1
2024131491493,2024,131491493,2,9,0,-1,19,1,5,-1,0,1,0,0,0,0,1,1,-1,9,1,43,7,1968,2,15,VOLKSWAGEN GOLF,1,E01011917,0,1
2024361548221,2024,361548221,1,9,0,-1,19,5,1,-1,0,0,0,0,0,0,1,1,-1,2,1,24,5,1896,2,23,VOLKSWAGEN GOLF,4,E01030219,0,4
2024201465589,2024,201465589,2,9,0,-1,2,0,0,-1,9,0,0,0,0,0,4,9,-1,6,1,25,5,1498,1,5,VOLKSWAGEN GOLF,1,E01009478,0,1
2024122400265,2024,122400265,2,9,0,18,19,5,1,0,0,0,0,0,7,9,0,1,2,2,2,29,6,1968,2,10,VOLKSWAGEN GOLF,7,E01027781,0,2
2024041430649,2024,041430649,2,9,0,-1,19,3,7,-1,0,0,0,0,0,0,1,1,-1,9,1,26,6,1968,2,11,VOLKSWAGEN GOLF,4,E01010664,0,4
2024071051401,2024,071051401,1,9,0,-1,19,3,7,-1,0,0,2,0,0,3,1,1,-1,9,2,20,4,1390,1,14,VOLKSWAGEN GOLF,1,E01005187,0,3
2024311472212,2024,311472212,2,9,0,-1,10,1,3,-1,0,1,0,0,0,0,1,1,-1,9,1,25,5,1968,2,7,VOLKSWAGEN GOLF,3,E01013944,0,2
2024010519865,2024,010519865,1,9,5,4,4,1,5,0,0,1,0,0,0,0,2,2,6,6,1,65,9,1600,1,19,VOLKSWAGEN GOLF,1,E01001790,0,1
2024471405700,2024,471405700,2,9,0,-1,19,5,1,-1,0,8,0,0,0,0,1,1,-1,9,2,60,9,999,1,7,VOLKSWAGEN GOLF,10,E01031672,0,1
2024201501600,2024,201501600,2,9,0,-1,2,0,0,-1,0,0,0,4,0,0,2,1,-1,6,-1,-1,-1,1896,2,16,VOLKSWAGEN GOLF,-1,-1,0,-1
2024501420749,2024,501420749,1,9,0,-1,19,5,1,-1,0,0,5,0,1,10,4,1,-1,9,1,18,4,1968,2,16,VOLKSWAGEN GOLF,8,E01034638,0,3
2024201448114,2024,201448114,4,9,0,-1,19,5,1,-1,0,0,0,0,0,0,2,1,-1,6,-1,-1,-1,1968,2,8,VOLKSWAGEN GOLF,-1,-1,0,-1
2024311472511,2024,311472511,3,9,0,-1,2,1,5,-1,0,6,0,0,0,0,1,1,-1,6,1,29,6,1984,1,5,VOLKSWAGEN GOLF,9,E01028181,0,1
2024161415046,2024,161415046,1,9,0,-1,19,6,8,-1,0,1,0,0,0,0,1,1,-1,6,2,64,9,1598,2,9,VOLKSWAGEN GOLF,8,E01013265,0,1
2024041499904,2024,041499904,2,9,0,-1,19,3,7,-1,0,0,0,0,0,0,1,1,-1,6,1,37,7,1968,2,10,VOLKSWAGEN GOLF,3,E01025111,0,1
2024451419592,2024,451419592,2,9,0,-1,19,6,2,-1,0,0,0,0,0,0,0,1,-1,9,1,53,8,1968,2,7,VOLKSWAGEN GOLF,8,E01030622,0,1
2024552401397,2024,552401397,2,9,0,17,19,6,3,0,0,0,0,0,0,0,1,1,2,2,1,65,9,1598,2,3,VOLKSWAGEN GOLF,5,E01015301,0,3
2024041455953,2024,041455953,2,9,0,-1,7,6,8,-1,0,0,0,0,0,0,3,1,-1,9,1,32,6,1968,2,8,VOLKSWAGEN GOLF,1,E01025049,0,1
2024401522684,2024,401522684,1,9,-1,-1,-1,-1,-1,-1,-1,-1,-1,-1,-1,0,-1,9,-1,6,1,34,6,1598,1,17,VOLKSWAGEN GOLF,5,E01023429,0,4
2024371503890,2024,371503890,1,9,0,-1,4,1,5,-1,0,0,0,0,0,0,1,1,-1,6,2,30,6,1896,2,17,VOLKSWAGEN GOLF,6,E01030218,0,1
2024010543469,2024,010543469,2,9,0,5,5,1,5,0,0,0,0,0,0,0,1,1,6,6,1,43,7,1390,1,17,VOLKSWAGEN GOLF,5,E01004348,0,2
2024131450265,2024,131450265,1,9,0,-1,19,3,7,-1,0,4,0,0,0,0,4,1,-1,6,1,23,5,1598,2,6,VOLKSWAGEN GOLF,4,E01010853,0,1
2024052400680,2024,052400680,1,9,0,18,19,7,3,0,0,2,0,0,0,0,3,1,2,2,2,34,6,1598,2,9,VOLKSWAGEN GOLF,7,E01007061,0,1
2024201410369,2024,201410369,1,9,0,-1,10,2,8,-1,0,1,0,0,0,0,3,1,-1,6,1,30,6,1498,1,3,VOLKSWAGEN GOLF,9,E01028794,0,4
2024010519146,2024,010519146,1,9,0,3,3,9,9,99,99,1,9,99,9,99,2,9,6,6,1,26,6,1598,1,18,VOLKSWAGEN GOLF,1,E01033598,0,1
2024201539216,2024,201539216,1,9,0,-1,19,2,6,-1,0,1,0,0,0,0,1,9,-1,6,1,27,6,1598,2,11,VOLKSWAGEN GOLF,-1,-1,0,-1
2024340WN5162,2024,340WN5162,1,9,0,-1,6,3,3,-1,0,0,0,0,0,0,4,1,-1,6,1,38,7,1968,2,15,VOLKSWAGEN GOLF,6,E01013518,0,4
2024631511667,2024,631511667,2,9,0,-1,19,5,1,-1,0,8,0,0,0,0,3,1,-1,9,1,27,6,1598,2,6,VOLKSWAGEN GOLF,3,W01000705,0,1
2024101534835,2024,101534835,2,9,0,-1,12,7,3,-1,0,0,1,10,4,0,1,1,-1,9,1,27,6,1600,2,14,VOLKSWAGEN GOLF,-1,-1,0,-1
2024461400082,2024,461400082,1,9,0,-1,19,7,3,-1,9,0,1,0,7,0,1,1,-1,1,2,19,4,1390,1,14,VOLKSWAGEN GOLF,5,E01035299,0,1
2024010543114,2024,010543114,1,9,0,9,9,3,8,0,0,8,0,0,7,0,4,1,6,6,3,-1,-1,1598,1,18,VOLKSWAGEN GOLF,-1,-1,0,-1
2024991439121,2024,991439121,1,9,0,-1,19,3,7,-1,0,0,0,0,0,0,1,1,-1,2,1,22,5,1598,2,5,VOLKSWAGEN GOLF,-1,-1,0,-1
2024070033632,2024,070033632,1,9,0,4,4,4,7,0,0,2,0,0,0,0,1,1,6,6,1,25,5,1598,2,13,VOLKSWAGEN GOLF,2,E01018739,0,2
2024201473870,2024,201473870,1,9,0,-1,19,8,4,-1,0,0,0,4,7,3,3,9,-1,6,1,20,4,1598,2,13,VOLKSWAGEN GOLF,4,E01010337,0,1
2024371427848,2024,371427848,2,9,0,-1,2,0,0,-1,0,0,0,4,0,0,1,9,-1,6,2,33,6,1984,1,9,VOLKSWAGEN GOLF,3,E01030114,0,1
2024010496071,2024,010496071,1,9,9,99,99,9,9,99,99,0,9,99,9,99,9,1,6,6,3,19,4,1968,2,4,VOLKSWAGEN GOLF,3,E01000336,0,1
2024010510762,2024,010510762,1,9,0,18,19,7,3,0,0,1,0,0,0,0,1,1,2,2,1,23,5,1395,1,6,VOLKSWAGEN GOLF,6,E01003755,0,3
2024070279106,2024,070279106,3,9,0,18,19,3,7,0,0,1,1,0,7,11,3,1,1,1,2,20,4,999,1,6,VOLKSWAGEN GOLF,10,E01007186,0,4
2024501487658,2024,501487658,1,9,0,-1,19,1,3,-1,0,1,0,4,0,0,1,1,-1,2,2,21,5,1600,2,14,VOLKSWAGEN GOLF,9,E01020333,0,3
2024131499072,2024,131499072,3,9,0,-1,7,3,5,-1,0,6,0,0,0,0,1,1,-1,6,1,66,10,1380,1,12,VOLKSWAGEN GOLF,2,E01010749,0,1
2024201455222,2024,201455222,2,9,0,-1,19,5,1,-1,0,1,0,10,0,0,1,9,-1,9,3,-1,-1,1968,2,9,VOLKSWAGEN GOLF,-1,-1,0,-1
2024421523389,2024,421523389,1,9,0,-1,19,1,6,-1,0,4,0,0,0,0,1,1,-1,9,1,18,4,1781,1,33,VOLKSWAGEN GOLF,9,E01023500,0,1
2024501510197,2024,501510197,1,9,0,-1,19,7,3,-1,0,8,0,0,0,0,1,1,-1,9,1,29,6,1984,1,7,VOLKSWAGEN GOLF,9,E01019952,0,1
2024010538352,2024,010538352,3,9,0,4,4,5,1,0,0,1,0,0,0,0,4,1,6,6,1,73,10,1968,2,2,VOLKSWAGEN GOLF,9,E01001422,0,3
2024010525134,2024,010525134,1,9,0,9,9,7,6,0,0,1,0,0,7,7,3,1,6,6,1,24,5,1896,2,15,VOLKSWAGEN GOLF,4,E01003104,0,1
2024131485296,2024,131485296,2,9,0,-1,2,0,0,-1,0,8,0,0,0,0,2,1,-1,6,-1,-1,-1,1968,2,8,VOLKSWAGEN GOLF,-1,-1,0,-1
2024161514554,2024,161514554,1,9,0,-1,10,1,6,-1,0,8,0,0,0,0,2,1,-1,9,2,59,9,1498,8,2,VOLKSWAGEN GOLF,6,E01012982,0,1
2024101453770,2024,101453770,2,9,0,-1,19,7,3,-1,0,8,0,0,0,0,1,1,-1,6,2,37,7,1968,2,1,VOLKSWAGEN GOLF,1,E01008295,0,1
2024547872924,2024,547872924,1,9,0,16,19,3,7,0,0,0,0,0,0,0,1,1,2,2,1,51,8,1598,2,5,VOLKSWAGEN GOLF,8,E01031873,0,1
2024010515205,2024,010515205,1,9,0,18,19,1,5,0,0,8,0,0,0,0,4,1,6,6,1,21,5,1390,1,15,VOLKSWAGEN GOLF,-1,-1,0,-1
2024201448706,2024,201448706,2,9,0,-1,19,4,8,-1,0,0,0,0,0,0,3,1,-1,6,1,22,5,1598,2,6,VOLKSWAGEN GOLF,5,E01009312,0,2
2024101476518,2024,101476518,1,9,0,-1,4,7,3,-1,0,0,0,0,0,0,2,1,-1,9,2,20,4,1498,1,0,VOLKSWAGEN GOLF,4,E01008514,0,2
2024440525361,2024,440525361,1,9,0,18,19,5,1,0,0,0,0,0,0,0,1,1,6,6,2,60,9,1395,1,11,VOLKSWAGEN GOLF,10,E01022688,0,1
2024010506090,2024,010506090,2,9,0,99,99,9,9,99,99,9,9,99,9,99,9,9,6,6,3,-1,-1,1395,1,8,VOLKSWAGEN GOLF,-1,-1,0,-1
202460Q046936,2024,60Q046936,1,9,0,7,7,8,3,0,0,5,0,0,0,0,1,1,6,6,1,35,6,1968,2,8,VOLKSWAGEN GOLF,-1,-1,0,-1
2024131419608,2024,131419608,1,9,0,-1,19,7,3,-1,0,0,2,0,0,0,1,1,-1,6,1,22,5,1968,2,15,VOLKSWAGEN GOLF,1,E01010605,0,2
2024461470992,2024,461470992,1,9,0,-1,7,2,5,-1,0,0,0,0,0,0,1,1,-1,6,1,34,6,1781,1,21,VOLKSWAGEN GOLF,7,E01024737,0,1
2024461401096,2024,461401096,2,9,0,-1,19,5,1,-1,0,0,1,0,0,0,1,9,-1,9,1,20,4,1598,1,16,VOLKSWAGEN GOLF,4,E01021506,0,4
2024622400773,2024,622400773,2,9,0,18,19,6,2,0,0,1,0,0,7,0,2,1,6,6,2,47,8,1598,2,12,VOLKSWAGEN GOLF,1,W01001737,0,3
2024010536814,2024,010536814,1,9,0,99,99,9,9,0,0,0,0,99,0,0,2,9,6,6,3,-1,-1,1984,1,0,VOLKSWAGEN GOLF,9,E01015548,0,5
2024622400713,2024,622400713,1,9,0,18,19,4,8,0,0,0,0,10,0,0,1,1,6,6,1,80,11,1390,1,15,VOLKSWAGEN GOLF,1,W01001207,0,1
2024991498388,2024,991498388,1,9,0,-1,19,4,8,-1,0,1,0,0,0,0,4,1,-1,9,1,77,11,1598,2,5,VOLKSWAGEN GOLF,3,-1,0,1
2024221429123,2024,221429123,1,9,0,-1,19,1,5,-1,0,0,0,0,7,10,1,9,-1,2,2,23,5,1498,1,3,VOLKSWAGEN GOLF,9,E01029009,0,3
2024141478076,2024,141478076,2,9,0,-1,2,0,0,-1,9,0,0,0,0,0,3,1,-1,6,-1,-1,-1,1968,2,15,VOLKSWAGEN GOLF,-1,-1,0,-1
2024361450988,2024,361450988,2,9,0,-1,2,0,0,-1,0,0,0,0,0,0,2,1,-1,9,1,24,5,1968,2,9,VOLKSWAGEN GOLF,5,E01026766,0,4
2024440255414,2024,440255414,1,9,0,16,19,1,2,0,0,0,2,0,8,1,1,1,6,6,1,32,6,1896,2,16,VOLKSWAGEN GOLF,8,E01022615,0,3
2024131526399,2024,131526399,3,9,0,-1,19,1,1,-1,0,0,0,0,0,0,1,1,-1,2,1,74,10,1390,1,12,VOLKSWAGEN GOLF,8,E01011203,0,1