collision_index,collision_year,collision_ref_no,vehicle_reference,vehicle_type,towing_and_articulation,vehicle_manoeuvre_historic,vehicle_manoeuvre,vehicle_direction_from,vehicle_direction_to,vehicle_location_restricted_lane_historic,vehicle_location_restricted_lane,junction_location,skidding_and_overturning,hit_object_in_carriageway,vehicle_leaving_carriageway,hit_object_off_carriageway,first_point_of_impact,vehicle_left_hand_drive,journey_purpose_of_driver_historic,journey_purpose_of_driver,sex_of_driver,age_of_driver,age_band_of_driver,engine_capacity_cc,propulsion_code,age_of_vehicle,generic_make_model,driver_imd_decile,lsoa_of_driver,escooter_flag,driver_distance_banding
2024201488430,2024,201488430,1,9,0,-1,5,2,8,-1,0,6,0,0,0,0,4,1,-1,6,2,55,8,1968,2,15,VOLKSWAGEN GOLF,9,E01010171,0,1
2024221429524,2024,221429524,3,9,0,-1,2,0,0,-1,0,2,1,0,0,0,2,2,-1,7,2,38,7,1968,2,2,VOLKSWAGEN GOLF,5,E01032340,0,3
2024010527046,2024,010527046,2,9,0,3,3,1,5,0,0,0,0,0,0,0,2,1,6,6,1,32,6,1598,2,6,VOLKSWAGEN GOLF,5,E01001189,0,1
2024501479658,2024,501479658,2,9,0,-1,19,3,7,-1,0,0,0,0,0,0,3,1,-1,9,1,33,6,1968,2,16,VOLKSWAGEN GOLF,7,E01020193,0,2
2024440274705,2024,440274705,3,9,0,18,19,4,8,0,0,1,0,0,0,0,1,1,6,6,2,59,9,1498,1,5,VOLKSWAGEN GOLF,5,E01023011,0,1
2024401521918,2024,401521918,3,9,0,-1,2,0,0,-1,0,2,0,0,0,0,4,1,-1,6,-1,24,5,1896,2,16,VOLKSWAGEN GOLF,6,E01016745,0,4
2024161475896,2024,161475896,2,9,0,-1,19,3,7,-1,0,1,0,0,0,0,4,1,-1,1,1,47,8,1598,2,12,VOLKSWAGEN GOLF,1,E01012855,0,4
2024401445884,2024,401445884,2,9,0,-1,19,7,3,-1,0,2,0,0,0,0,1,1,-1,6,1,18,4,1390,1,15,VOLKSWAGEN GOLF,7,E01023942,0,3
2024421498290,2024,421498290,3,9,0,-1,19,4,8,-1,0,0,0,11,0,0,1,1,-1,2,2,42,7,1598,2,10,VOLKSWAGEN GOLF,10,E01021939,0,3
2024610043724,2024,610043724,2,9,0,18,19,2,6,0,0,0,0,0,0,0,0,1,6,6,2,43,7,1395,1,7,VOLKSWAGEN GOLF,7,W01001582,0,1
2024622400271,2024,622400271,1,9,0,18,19,8,4,0,0,0,0,0,0,0,1,1,6,6,1,29,6,1896,2,20,VOLKSWAGEN GOLF,2,W01001070,0,2
2024201532421,2024,201532421,1,9,0,-1,19,3,6,-1,0,1,0,0,0,0,1,1,-1,6,1,25,5,1968,2,13,VOLKSWAGEN GOLF,-1,-1,0,-1
2024430530357,2024,430530357,1,9,0,18,19,8,4,0,0,8,0,0,0,0,3,1,6,6,2,26,6,1968,2,7,VOLKSWAGEN GOLF,-1,-1,0,-1
2024991451882,2024,991451882,2,9,0,-1,19,5,1,-1,0,1,0,0,0,0,1,1,-1,9,1,26,6,1598,1,16,VOLKSWAGEN GOLF,-1,-1,0,-1
2024010542752,2024,010542752,4,9,0,2,2,0,0,0,0,0,0,4,0,0,1,1,6,6,3,-1,-1,1395,1,9,VOLKSWAGEN GOLF,-1,-1,0,-1
2024010502191,2024,010502191,2,9,0,99,99,9,9,99,99,9,9,99,9,99,1,9,6,6,1,21,5,1395,1,11,VOLKSWAGEN GOLF,4,E01000958,0,3
2024991443018,2024,991443018,1,9,0,-1,19,5,8,-1,0,1,0,0,0,0,1,1,-1,9,2,42,7,1598,2,10,VOLKSWAGEN GOLF,10,-1,0,1
2024302401219,2024,302401219,1,9,0,4,4,2,6,0,0,1,0,0,0,0,0,1,6,6,2,47,8,1598,2,11,VOLKSWAGEN GOLF,6,E01013505,0,1
2024522401084,2024,522401084,2,9,0,4,4,6,2,0,0,0,0,0,0,0,2,1,6,6,1,39,7,1498,1,6,VOLKSWAGEN GOLF,4,E01035129,0,4
2024631509612,2024,631509612,2,9,0,-1,19,2,6,-1,0,0,0,0,1,10,3,1,-1,9,1,60,9,1598,2,8,VOLKSWAGEN GOLF,6,W01000679,0,2
2024522500223,2024,522500223,1,9,0,17,19,4,1,0,0,8,0,0,0,0,1,1,6,6,2,39,7,1598,1,18,VOLKSWAGEN GOLF,5,E01014573,0,1
2024501404494,2024,501404494,1,9,0,-1,5,7,3,-1,0,0,1,0,0,0,3,1,-1,6,1,27,6,1896,2,21,VOLKSWAGEN GOLF,3,E01020293,0,3
2024010542729,2024,010542729,1,9,0,99,99,9,9,99,99,0,9,99,9,99,9,9,6,6,1,30,6,1395,8,4,VOLKSWAGEN GOLF,5,E01003495,0,2
2024302401599,2024,302401599,1,9,0,18,19,1,5,0,0,0,0,0,0,0,1,1,6,6,1,18,4,1498,1,2,VOLKSWAGEN GOLF,8,E01019834,0,1
2024010521421,2024,010521421,1,9,0,18,19,1,5,0,0,8,0,0,0,0,1,1,2,2,2,54,8,1598,2,8,VOLKSWAGEN GOLF,3,E01001789,0,1
2024201484060,2024,201484060,2,9,0,-1,3,1,5,-1,0,0,0,0,0,0,2,9,-1,6,2,30,6,1390,1,16,VOLKSWAGEN GOLF,10,E01032097,0,5
2024131419928,2024,131419928,2,9,0,-1,19,5,1,-1,0,8,0,0,0,0,3,1,-1,9,1,33,6,1598,2,11,VOLKSWAGEN GOLF,3,E01010571,0,1
2024320024231,2024,320024231,2,9,0,9,9,4,8,0,0,8,0,0,0,0,4,1,-1,-1,1,22,5,1968,2,18,VOLKSWAGEN GOLF,3,E01034680,0,3
2024622400399,2024,622400399,1,9,0,2,2,0,0,0,0,2,0,0,0,0,3,1,6,6,1,32,6,1598,1,17,VOLKSWAGEN GOLF,5,W01000871,0,1
2024101421581,2024,101421581,1,9,0,-1,19,3,6,-1,0,0,0,0,0,0,1,1,-1,9,2,41,7,1598,2,13,VOLKSWAGEN GOLF,1,E01008392,0,3
2024131459353,2024,131459353,2,9,0,-1,19,3,7,-1,0,3,0,0,0,0,4,1,-1,9,1,24,5,1197,1,12,VOLKSWAGEN GOLF,1,E01010719,0,3
2024101534832,2024,101534832,2,9,0,-1,19,6,2,-1,0,4,0,0,1,0,1,1,-1,9,1,62,9,1498,1,6,VOLKSWAGEN GOLF,5,E01008225,0,2
2024351501920,2024,351501920,2,9,0,-1,2,0,0,-1,0,1,0,0,0,0,3,1,-1,6,-1,-1,-1,1395,1,7,VOLKSWAGEN GOLF,-1,-1,0,-1
2024440419595,2024,440419595,1,9,0,18,19,7,3,0,0,0,0,0,4,4,1,1,2,2,1,43,7,1896,2,17,VOLKSWAGEN GOLF,6,E01032697,0,4
2024031448215,2024,031448215,1,9,0,-1,9,5,7,-1,0,1,0,0,1,0,1,1,-1,6,1,56,9,1598,2,12,VOLKSWAGEN GOLF,4,E01019232,0,1
2024430068702,2024,430068702,2,9,0,17,19,8,5,0,0,0,0,0,0,0,1,1,2,2,1,36,7,1600,2,14,VOLKSWAGEN GOLF,8,E01028807,0,3
2024141475855,2024,141475855,2,9,0,-1,19,1,5,-1,0,1,0,0,0,0,1,1,-1,6,2,22,5,1600,2,15,VOLKSWAGEN GOLF,2,E01007906,0,1
2024010518948,2024,010518948,3,9,0,2,2,0,0,9,9,8,0,0,0,0,1,1,6,6,3,-1,-1,1395,1,7,VOLKSWAGEN GOLF,-1,-1,0,-1
2024501400311,2024,501400311,1,9,0,-1,14,2,6,-1,0,0,0,0,0,0,1,1,-1,7,1,79,11,1498,1,1,VOLKSWAGEN GOLF,5,E01034168,0,1
202454C787224,2024,54C787224,1,9,0,5,5,2,6,0,0,6,0,0,0,0,3,1,6,6,2,24,5,1598,2,4,VOLKSWAGEN GOLF,5,W01001490,0,4
2024141472918,2024,141472918,1,9,0,-1,19,1,5,-1,9,0,0,10,1,11,1,1,-1,9,1,17,4,2000,1,19,VOLKSWAGEN GOLF,2,E01007414,0,1
2024131420386,2024,131420386,1,9,0,-1,2,0,0,-1,0,0,0,0,0,0,2,1,-1,6,-1,-1,-1,1984,1,15,VOLKSWAGEN GOLF,-1,-1,0,-1
2024610040824,2024,610040824,1,9,0,18,19,5,1,0,0,0,0,4,0,0,1,1,6,6,1,39,7,1896,2,16,VOLKSWAGEN GOLF,4,W01001330,0,1
2024401454278,2024,401454278,1,9,0,-1,13,4,8,-1,0,1,0,0,0,0,-1,1,-1,6,1,-1,-1,1896,2,17,VOLKSWAGEN GOLF,-1,-1,0,-1
2024101507137,2024,101507137,1,9,0,-1,11,5,1,-1,0,0,0,10,1,0,1,1,-1,6,1,22,5,1598,2,5,VOLKSWAGEN GOLF,5,E01008795,0,3
2024010545621,2024,010545621,2,9,0,99,99,9,9,99,99,9,9,99,9,99,1,9,6,6,3,-1,-1,1498,1,5,VOLKSWAGEN GOLF,7,E01003232,0,1
2024041450880,2024,041450880,1,9,0,-1,19,5,1,-1,0,1,5,0,0,0,4,1,-1,6,1,43,7,1197,1,13,VOLKSWAGEN GOLF,4,E01005214,0,4
2024451458087,2024,451458087,2,9,0,-1,19,6,2,-1,0,0,0,0,0,0,1,1,-1,2,1,30,6,1395,1,6,VOLKSWAGEN GOLF,5,E01016554,0,3
2024522403002,2024,522403002,1,9,0,4,4,2,6,0,0,8,0,0,0,0,2,1,6,6,1,39,7,1197,1,10,VOLKSWAGEN GOLF,7,E01014635,0,1
2024361469104,2024,361469104,1,9,0,-1,19,7,3,-1,0,1,0,0,0,0,1,1,-1,9,1,24,5,2000,2,19,VOLKSWAGEN GOLF,4,E01026523,0,1
2024430317755,2024,430317755,3,9,0,18,19,6,2,0,0,0,0,0,1,10,3,1,6,6,1,31,6,1968,2,14,VOLKSWAGEN GOLF,1,E01014703,0,5
2024101434742,2024,101434742,1,9,0,-1,4,1,5,-1,0,1,0,0,0,0,1,1,-1,2,1,25,5,1968,2,12,VOLKSWAGEN GOLF,-1,-1,0,-1
202460Q083313,2024,60Q083313,1,9,0,18,19,6,2,0,0,0,5,0,7,3,0,1,6,6,1,19,4,999,1,0,VOLKSWAGEN GOLF,-1,-1,0,-1
2024010501720,2024,010501720,1,9,0,99,99,9,9,99,99,0,9,99,9,99,9,9,6,6,2,28,6,1598,2,8,VOLKSWAGEN GOLF,4,E01034224,0,1
2024531442706,2024,531442706,1,9,0,-1,6,1,5,-1,0,0,0,0,0,0,3,1,-1,6,1,28,6,1984,1,1,VOLKSWAGEN GOLF,2,E01022122,0,1
2024991520860,2024,991520860,2,9,0,-1,19,2,6,-1,0,0,5,10,0,0,1,1,-1,9,2,49,8,1968,2,5,VOLKSWAGEN GOLF,6,-1,0,2
2024101534432,2024,101534432,2,9,0,-1,2,0,0,-1,0,0,0,0,0,0,4,1,-1,9,2,39,7,1395,1,11,VOLKSWAGEN GOLF,6,E01008559,0,1
2024101454077,2024,101454077,1,9,0,-1,10,3,5,-1,0,0,0,0,0,0,1,1,-1,6,1,33,6,1984,1,16,VOLKSWAGEN GOLF,5,E01008499,0,1
2024201505968,2024,201505968,1,9,0,-1,19,7,3,-1,0,0,0,0,0,0,1,1,-1,6,2,30,6,1968,2,10,VOLKSWAGEN GOLF,2,E01013657,0,4
2024010532279,2024,010532279,1,9,0,18,19,1,5,0,0,0,0,0,0,0,3,1,6,6,2,56,9,1498,1,0,VOLKSWAGEN GOLF,2,E01001257,0,1
2024421460129,2024,421460129,2,9,0,-1,19,4,1,-1,0,1,0,0,0,0,1,1,-1,9,1,65,9,1598,2,12,VOLKSWAGEN GOLF,7,E01022057,0,1
2024461519123,2024,461519123,2,9,0,-1,4,4,8,-1,0,0,0,0,0,0,2,1,-1,1,2,53,8,1896,2,17,VOLKSWAGEN GOLF,1,E01024504,0,3
202417M105124,2024,17M105124,2,9,0,-1,9,6,4,-1,0,8,0,0,0,0,3,1,-1,9,1,22,5,1598,2,12,VOLKSWAGEN GOLF,2,E01012031,0,2
2024421489087,2024,421489087,2,9,0,-1,19,1,5,-1,0,0,0,0,0,0,1,1,-1,9,1,29,6,1390,1,15,VOLKSWAGEN GOLF,2,E01032799,0,4
2024010508723,2024,010508723,1,9,0,3,3,3,7,0,0,0,0,0,0,0,2,1,6,6,1,37,7,1968,2,8,VOLKSWAGEN GOLF,4,E01017837,0,4
2024010512132,2024,010512132,1,9,0,6,6,5,5,0,0,0,0,10,0,0,1,1,6,6,1,-1,-1,999,8,0,VOLKSWAGEN GOLF,-1,-1,0,-1
2024131408406,2024,131408406,2,9,0,-1,19,5,1,-1,0,0,1,10,0,0,2,1,-1,6,1,25,5,1984,1,5,VOLKSWAGEN GOLF,1,E01010745,0,3
2024010498703,2024,010498703,1,9,0,18,19,1,5,0,0,8,0,0,0,0,0,1,6,6,1,25,5,1598,1,17,VOLKSWAGEN GOLF,2,E01001513,0,1
2024332401019,2024,332401019,2,9,0,-1,9,4,2,-1,0,5,0,0,0,0,1,1,-1,6,1,23,5,1600,2,14,VOLKSWAGEN GOLF,6,E01025740,0,2
2024201504611,2024,201504611,1,9,0,-1,7,4,6,-1,0,5,0,0,0,0,4,1,-1,6,2,43,7,1598,2,11,VOLKSWAGEN GOLF,-1,-1,0,-1
2024141472619,2024,141472619,1,9,0,-1,19,7,3,-1,0,1,0,0,0,0,3,1,-1,1,1,26,6,1968,2,8,VOLKSWAGEN GOLF,10,E01008044,0,1
202460Q076380,2024,60Q076380,1,9,0,18,19,1,5,0,0,1,0,0,0,0,1,1,6,6,2,40,7,1968,2,7,VOLKSWAGEN GOLF,-1,-1,0,-1
2024461486268,2024,461486268,2,9,-1,-1,19,3,7,-1,0,0,0,0,0,0,1,9,-1,6,2,39,7,1395,8,0,VOLKSWAGEN GOLF,8,E01024385,0,1
2024010522465,2024,010522465,3,9,0,18,19,3,7,0,0,1,0,0,0,0,1,1,6,6,1,39,7,1498,8,1,VOLKSWAGEN GOLF,2,E01034043,0,2
2024211549659,2024,211549659,1,9,0,-1,7,2,6,-1,0,0,0,0,0,0,4,1,-1,9,1,33,6,1498,1,2,VOLKSWAGEN GOLF,1,E01010273,0,2
2024371535846,2024,371535846,2,9,0,-1,19,3,7,-1,0,0,0,0,0,0,1,1,-1,6,1,21,5,1598,1,17,VOLKSWAGEN GOLF,5,E01030053,0,2
2024401479673,2024,401479673,1,9,0,-1,19,8,4,-1,0,1,0,0,0,0,1,1,-1,6,1,26,6,1896,2,17,VOLKSWAGEN GOLF,2,E01033804,0,1
2024361464982,2024,361464982,2,9,0,-1,19,6,2,-1,0,1,0,0,0,0,3,1,-1,9,2,57,9,1598,2,9,VOLKSWAGEN GOLF,6,E01026451,0,4
2024361505699,2024,361505699,1,9,0,-1,19,1,5,-1,0,1,0,0,0,0,3,1,-1,9,1,21,5,1968,2,9,VOLKSWAGEN GOLF,4,E01026743,0,4
2024201455260,2024,201455260,2,9,0,-1,3,7,3,-1,0,1,0,0,0,0,1,9,-1,9,1,32,6,1984,1,3,VOLKSWAGEN GOLF,1,E01009483,0,1
2024010512480,2024,010512480,2,9,9,10,10,1,7,99,99,9,9,0,9,99,9,9,6,6,1,61,9,1598,2,7,VOLKSWAGEN GOLF,3,E01004235,0,1
2024161406988,2024,161406988,2,9,0,-1,9,1,7,-1,0,4,0,0,0,0,4,1,-1,6,1,17,4,-1,3,6,VOLKSWAGEN GOLF,6,E01013105,0,1
2024401416701,2024,401416701,1,9,0,-1,19,1,6,-1,0,0,1,0,0,0,1,1,-1,6,3,-1,-1,1968,2,16,VOLKSWAGEN GOLF,-1,-1,0,-1
2024041408281,2024,041408281,1,9,0,-1,19,5,1,-1,0,0,5,10,0,0,1,1,-1,6,1,33,6,1395,1,10,VOLKSWAGEN GOLF,2,E01024941,0,3
2024131506297,2024,131506297,1,9,0,-1,19,5,1,-1,0,1,0,0,0,0,3,1,-1,9,1,28,6,1598,2,13,VOLKSWAGEN GOLF,1,E01010831,0,1
2024332400255,2024,332400255,1,9,0,-1,1,5,1,-1,0,6,0,0,1,0,2,1,-1,1,1,-1,-1,1598,2,12,VOLKSWAGEN GOLF,-1,-1,0,-1
2024041420496,2024,041420496,3,9,0,-1,9,3,1,-1,0,8,0,0,0,0,0,1,-1,2,2,31,6,1598,2,7,VOLKSWAGEN GOLF,3,E01005621,0,4
2024061447437,2024,061447437,1,9,0,-1,9,7,1,-1,0,8,0,0,0,0,1,1,-1,9,2,27,6,1395,8,0,VOLKSWAGEN GOLF,2,E01005224,0,1
2024471467199,2024,471467199,3,9,0,-1,2,0,0,-1,-1,0,0,0,0,0,1,1,-1,6,-1,-1,-1,1896,2,17,VOLKSWAGEN GOLF,-1,-1,0,-1
2024430524045,2024,430524045,3,9,0,18,19,7,3,0,0,0,0,0,1,10,3,1,6,6,1,48,8,1968,2,9,VOLKSWAGEN GOLF,8,E01028614,0,3
2024010506879,2024,010506879,2,9,0,99,99,9,9,99,99,6,9,99,9,99,9,9,6,6,1,37,7,1390,1,12,VOLKSWAGEN GOLF,5,E01003213,0,1
2024461462423,2024,461462423,1,9,0,-1,19,6,1,-1,0,0,0,0,1,0,1,1,-1,9,1,40,7,1896,2,16,VOLKSWAGEN GOLF,3,E01033092,0,4
2024161459550,2024,161459550,1,9,0,-1,5,4,8,-1,0,4,0,0,0,0,2,1,-1,6,1,39,7,1598,2,11,VOLKSWAGEN GOLF,2,E01012884,0,1
2024371499579,2024,371499579,1,9,0,-1,7,1,3,-1,0,2,5,4,0,0,1,1,-1,6,1,17,4,1498,1,6,VOLKSWAGEN GOLF,9,E01030004,0,1
2024501527236,2024,501527236,1,9,0,-1,19,5,1,-1,0,2,0,0,0,0,1,1,-1,6,1,-1,-1,1598,1,22,VOLKSWAGEN GOLF,-1,-1,0,-1
2024991551100,2024,991551100,2,9,0,-1,19,6,2,-1,0,0,1,0,1,0,3,2,-1,9,2,69,10,1968,2,12,VOLKSWAGEN GOLF,5,-1,0,3
2024471521907,2024,471521907,1,9,0,-1,19,5,2,-1,0,0,1,0,2,4,1,1,-1,9,1,26,6,1984,1,9,VOLKSWAGEN GOLF,7,E01016976,0,1
2024201440096,2024,201440096,1,9,0,-1,14,8,4,-1,0,0,0,0,0,0,4,1,-1,9,1,22,5,1968,2,1,VOLKSWAGEN GOLF,2,E01008915,0,2
2024421495781,2024,421495781,1,9,0,-1,5,-1,-1,-1,0,4,0,0,0,0,1,1,-1,6,1,55,8,1498,1,0,VOLKSWAGEN GOLF,5,E01000494,0,4
2024622400440,2024,622400440,1,9,0,18,19,2,6,0,0,8,0,0,0,0,1,1,3,7,2,34,6,1390,1,16,VOLKSWAGEN GOLF,1,W01001883,0,1
2024501448179,2024,501448179,1,9,0,-1,19,1,5,-1,0,1,0,0,0,0,1,1,-1,9,2,22,5,1498,1,2,VOLKSWAGEN GOLF,5,E01020127,0,1
2024421497535,2024,421497535,1,9,0,-1,5,0,7,-1,0,0,0,0,0,0,3,1,-1,9,1,26,6,1598,2,12,VOLKSWAGEN GOLF,8,E01016711,0,5
2024101466137,2024,101466137,1,9,0,-1,19,3,7,-1,0,0,0,0,7,0,1,1,-1,6,2,56,9,1395,1,10,VOLKSWAGEN GOLF,5,E01027480,0,1
2024471448290,2024,471448290,1,9,0,-1,19,3,7,-1,0,0,0,0,7,1,1,1,-1,9,1,27,6,1968,2,18,VOLKSWAGEN GOLF,4,E01031550,0,1
2024211501733,2024,211501733,1,9,0,-1,19,6,2,-1,0,0,0,0,0,0,1,9,-1,6,1,-1,-1,1498,1,3,VOLKSWAGEN GOLF,5,E01029559,0,1
2024131397347,2024,131397347,2,9,0,-1,19,2,6,-1,0,1,1,0,7,11,3,1,-1,9,2,21,5,1900,2,18,VOLKSWAGEN GOLF,9,E01011189,0,1
2024311540586,2024,311540586,1,9,0,-1,10,1,7,-1,0,1,0,0,0,0,2,1,-1,9,1,20,4,1498,1,0,VOLKSWAGEN GOLF,6,E01028003,0,2
2024010519467,2024,010519467,1,9,0,9,9,5,3,0,0,6,0,0,0,0,1,1,2,2,2,32,6,1390,1,17,VOLKSWAGEN GOLF,-1,-1,0,-1
2024430236576,2024,430236576,1,9,0,9,9,8,6,0,0,6,0,0,0,0,4,1,6,6,2,35,6,1498,1,6,VOLKSWAGEN GOLF,10,E01016426,0,1
2024010502188,2024,010502188,1,9,0,18,19,5,1,0,0,0,5,4,7,0,4,1,6,6,1,15,3,1390,1,15,VOLKSWAGEN GOLF,2,E01001485,0,1
2024041461537,2024,041461537,2,9,0,-1,7,3,7,-1,0,0,0,0,0,0,3,1,-1,9,1,24,5,1498,1,1,VOLKSWAGEN GOLF,4,E01005630,0,4
2024320724229,2024,320724229,1,9,0,-1,-1,4,8,0,0,0,0,11,0,0,1,1,-1,-1,1,20,4,1896,2,22,VOLKSWAGEN GOLF,8,E01026065,0,3
2024010515331,2024,010515331,1,9,0,7,7,5,7,0,0,1,0,0,0,0,1,1,1,1,2,38,7,1600,1,20,VOLKSWAGEN GOLF,1,E01003290,0,1
2024311433262,2024,311433262,1,9,0,-1,19,8,4,-1,0,2,0,0,0,0,4,9,-1,6,3,-1,-1,1984,1,10,VOLKSWAGEN GOLF,-1,-1,0,-1
2024522402575,2024,522402575,1,9,0,3,3,1,5,0,0,8,0,0,0,0,2,1,6,6,2,29,6,1598,2,7,VOLKSWAGEN GOLF,9,E01014553,0,1
202454E325924,2024,54E325924,1,9,0,18,19,6,2,0,0,0,0,0,7,4,3,1,6,6,2,73,10,1598,2,13,VOLKSWAGEN GOLF,9,E01031887,0,3
202460Q069215,2024,60Q069215,2,9,0,8,8,5,7,0,0,1,0,0,0,0,4,1,6,6,2,35,6,1390,1,15,VOLKSWAGEN GOLF,-1,-1,0,-1
2024552400858,2024,552400858,1,9,0,18,19,2,6,0,0,0,1,0,0,0,1,1,6,6,1,21,5,1598,2,11,VOLKSWAGEN GOLF,9,E01020450,0,1
2024371536811,2024,371536811,2,9,0,-1,19,7,3,-1,0,0,0,0,0,0,3,1,-1,6,2,34,6,1598,2,11,VOLKSWAGEN GOLF,7,E01029937,0,4
2024351432690,2024,351432690,2,9,0,-1,2,0,0,-1,0,0,0,0,0,0,4,1,-1,6,-1,-1,-1,1600,1,20,VOLKSWAGEN GOLF,-1,-1,0,-1
2024531477095,2024,531477095,1,9,0,-1,19,4,8,-1,0,0,0,0,0,0,4,1,-1,6,1,21,5,1781,1,23,VOLKSWAGEN GOLF,3,E01022245,0,1
2024461421473,2024,461421473,2,8,0,-1,5,4,8,-1,0,0,0,0,0,0,1,1,-1,1,1,31,6,1598,2,4,VOLKSWAGEN GOLF,3,E01033092,0,2
2024041469370,2024,041469370,2,9,0,-1,19,4,8,-1,0,8,1,0,0,0,3,1,-1,9,2,24,5,1598,2,12,VOLKSWAGEN GOLF,3,E01010675,0,4
2024610040024,2024,610040024,1,9,0,13,13,7,3,0,0,0,1,0,5,6,3,1,6,6,1,39,7,1896,2,18,VOLKSWAGEN GOLF,4,E01014906,0,4
2024101428611,2024,101428611,5,9,0,-1,2,0,0,-1,0,0,0,0,0,0,2,1,-1,9,1,-1,-1,999,1,5,VOLKSWAGEN GOLF,5,E01027517,0,1
2024440091241,2024,440091241,2,9,0,18,19,4,8,0,0,1,0,0,0,0,4,1,6,6,1,21,5,1968,2,14,VOLKSWAGEN GOLF,-1,-1,0,-1
2024201450123,2024,201450123,1,9,0,-1,19,5,1,-1,0,6,0,0,0,0,0,1,-1,6,1,30,6,1390,1,13,VOLKSWAGEN GOLF,-1,-1,0,-1
2024141453419,2024,141453419,1,9,0,-1,19,6,1,-1,9,2,1,0,8,11,3,1,-1,6,-1,-1,-1,1984,1,8,VOLKSWAGEN GOLF,-1,-1,0,-1
2024141456859,2024,141456859,1,9,0,-1,19,3,7,-1,0,8,0,0,0,0,1,9,-1,6,1,21,5,1984,1,7,VOLKSWAGEN GOLF,1,E01007902,0,1
2024332400439,2024,332400439,1,9,0,-1,19,1,5,-1,0,0,0,0,0,0,2,1,-1,6,1,34,6,1598,2,14,VOLKSWAGEN GOLF,8,E01031815,0,5
2024010513547,2024,010513547,1,9,0,99,99,9,9,99,99,9,9,99,9,99,2,9,2,2,1,41,7,1395,1,10,VOLKSWAGEN GOLF,3,E01000800,0,2
2024332401033,2024,332401033,1,9,0,-1,19,5,1,-1,0,2,0,0,0,0,3,1,-1,6,2,22,5,1498,1,6,VOLKSWAGEN GOLF,6,E01025752,0,2
2024320582432,2024,320582432,1,9,0,-1,-1,4,8,0,0,0,0,0,1,0,1,1,-1,-1,1,20,4,1968,2,15,VOLKSWAGEN GOLF,4,E01026016,0,1
2024131472229,2024,131472229,1,9,0,-1,15,8,4,-1,0,0,2,0,0,0,4,1,-1,6,1,22,5,1390,1,14,VOLKSWAGEN GOLF,1,E01010702,0,1
2024302400623,2024,302400623,2,9,0,18,19,5,1,0,0,0,0,0,0,0,3,1,6,6,2,56,9,1968,2,14,VOLKSWAGEN GOLF,6,E01011521,0,4
2024010540063,2024,010540063,1,9,0,9,9,1,7,0,0,5,0,0,0,0,1,1,2,2,1,50,8,1395,1,10,VOLKSWAGEN GOLF,5,E01003639,0,1
2024010525611,2024,010525611,2,9,0,5,5,3,7,0,0,6,0,0,0,0,1,1,6,6,1,38,7,1984,1,5,VOLKSWAGEN GOLF,-1,-1,0,-1
2024131401770,2024,131401770,1,9,0,-1,19,5,1,-1,0,6,0,0,0,0,1,1,-1,6,3,-1,-1,3200,1,17,VOLKSWAGEN GOLF,-1,-1,0,-1
2024430254642,2024,430254642,2,9,0,18,19,4,8,0,0,0,0,0,0,0,1,1,6,6,2,40,7,1598,2,11,VOLKSWAGEN GOLF,10,E01027307,0,4
2024131510496,2024,131510496,1,9,0,-1,-1,-1,-1,-1,-1,0,-1,-1,-1,0,3,1,-1,6,2,25,5,1395,1,11,VOLKSWAGEN GOLF,2,E01011262,0,1
2024451427162,2024,451427162,1,9,0,-1,19,5,1,-1,0,4,0,0,2,7,1,1,-1,9,2,73,10,1395,1,7,VOLKSWAGEN GOLF,10,E01030395,0,1
2024101416448,2024,101416448,1,9,0,-1,9,2,8,-1,0,8,0,0,0,0,3,1,-1,6,1,21,5,1896,2,22,VOLKSWAGEN GOLF,5,E01008629,0,2
2024131429855,2024,131429855,2,9,0,-1,9,5,7,-1,0,5,0,0,0,0,4,1,-1,2,1,21,5,1968,2,15,VOLKSWAGEN GOLF,2,E01011805,0,1
2024311488615,2024,311488615,2,9,0,-1,19,3,7,-1,0,0,1,0,0,0,1,1,-1,9,1,46,8,1968,2,9,VOLKSWAGEN GOLF,8,E01027959,0,1
2024332400830,2024,332400830,1,9,0,-1,19,1,6,-1,0,2,0,0,1,2,1,1,-1,6,1,31,6,1968,2,7,VOLKSWAGEN GOLF,6,E01025850,0,1
2024461463413,2024,461463413,2,9,0,-1,4,3,7,-1,0,0,0,0,0,0,2,9,-1,9,1,19,4,1197,1,12,VOLKSWAGEN GOLF,4,E01024168,0,1
2024122400446,2024,122400446,3,9,0,3,3,1,5,0,0,1,0,0,0,0,2,1,6,6,1,44,7,1984,1,3,VOLKSWAGEN GOLF,6,E01027769,0,2
2024122500159,2024,122500159,1,9,0,17,19,7,3,0,0,0,5,0,1,0,1,1,6,6,1,19,4,1984,1,2,VOLKSWAGEN GOLF,6,E01027703,0,1
2024010507934,2024,010507934,2,9,9,99,99,9,9,99,99,9,9,99,9,99,1,9,6,6,3,-1,-1,1598,2,5,VOLKSWAGEN GOLF,-1,-1,0,-1
2024471443111,2024,471443111,1,9,0,-1,19,7,3,-1,0,0,0,0,0,0,1,9,-1,2,1,23,5,1598,2,10,VOLKSWAGEN GOLF,10,E01016983,0,4
2024061511132,2024,061511132,1,9,0,-1,2,1,5,-1,0,6,0,0,0,0,1,1,-1,6,1,73,10,1968,2,17,VOLKSWAGEN GOLF,6,E01005010,0,1
2024351471007,2024,351471007,2,9,-1,-1,-1,-1,-1,-1,-1,-1,-1,-1,-1,0,3,9,-1,9,1,64,9,1598,2,9,VOLKSWAGEN GOLF,2,E01015641,0,1
2024131402679,2024,131402679,1,9,0,-1,19,3,7,-1,0,0,0,0,0,0,1,1,-1,2,2,24,5,1984,1,1,VOLKSWAGEN GOLF,2,E01011018,0,1
2024501499041,2024,501499041,2,9,0,-1,20,0,0,-1,0,0,0,0,0,0,2,1,-1,1,2,40,7,1498,1,0,VOLKSWAGEN GOLF,-1,-1,0,-1