collision_index,collision_year,collision_ref_no,vehicle_reference,vehicle_type,towing_and_articulation,vehicle_manoeuvre_historic,vehicle_manoeuvre,vehicle_direction_from,vehicle_direction_to,vehicle_location_restricted_lane_historic,vehicle_location_restricted_lane,junction_location,skidding_and_overturning,hit_object_in_carriageway,vehicle_leaving_carriageway,hit_object_off_carriageway,first_point_of_impact,vehicle_left_hand_drive,journey_purpose_of_driver_historic,journey_purpose_of_driver,sex_of_driver,age_of_driver,age_band_of_driver,engine_capacity_cc,propulsion_code,age_of_vehicle,generic_make_model,driver_imd_decile,lsoa_of_driver,escooter_flag,driver_distance_banding
2024991455835,2024,991455835,2,9,0,-1,19,7,3,-1,0,0,0,0,5,6,4,1,-1,6,1,38,7,1598,2,11,VOLKSWAGEN GOLF,7,-1,0,4
2024122400660,2024,122400660,2,9,0,18,19,2,7,0,0,8,0,0,0,0,4,1,6,6,1,43,7,1968,2,10,VOLKSWAGEN GOLF,3,E01013447,0,1
2024430604031,2024,430604031,3,9,0,18,19,4,8,0,0,2,0,0,0,0,3,1,6,6,1,27,6,1968,2,15,VOLKSWAGEN GOLF,4,E01017790,0,1
2024430028721,2024,430028721,2,9,0,3,3,4,8,0,0,0,0,0,0,0,2,1,6,6,2,29,6,1968,2,17,VOLKSWAGEN GOLF,10,E01028820,0,3
2024010522803,2024,010522803,1,9,0,18,19,3,7,0,0,8,1,9,3,7,1,1,6,6,1,27,6,1498,1,3,VOLKSWAGEN GOLF,10,E01002467,0,1
2024531450394,2024,531450394,2,9,0,-1,9,5,3,-1,0,6,0,0,0,0,3,1,-1,2,2,19,4,1390,1,16,VOLKSWAGEN GOLF,6,E01022400,0,1
2024201459996,2024,201459996,3,9,0,-1,3,8,4,-1,0,0,0,0,0,0,2,1,-1,6,1,48,8,1600,2,14,VOLKSWAGEN GOLF,4,E01010015,0,1
2024440549636,2024,440549636,2,9,0,9,9,2,6,0,0,8,0,0,0,0,4,1,6,6,1,69,10,1598,2,9,VOLKSWAGEN GOLF,6,E01022561,0,3
2024010522169,2024,010522169,1,9,0,18,19,3,7,0,0,1,0,0,0,0,2,1,6,6,2,41,7,-1,3,5,VOLKSWAGEN GOLF,9,E01030313,0,3
2024501452446,2024,501452446,1,9,0,-1,19,4,8,-1,0,0,9,0,0,0,1,9,-1,6,2,27,6,1968,2,17,VOLKSWAGEN GOLF,4,E01020307,0,2
2024010529873,2024,010529873,1,9,0,18,19,4,8,0,0,8,0,0,0,0,1,1,6,6,1,25,5,1968,2,3,VOLKSWAGEN GOLF,3,E01035666,0,2
2024010519377,2024,010519377,1,9,0,99,99,9,9,99,99,9,9,99,9,99,3,9,2,2,1,31,6,1395,1,8,VOLKSWAGEN GOLF,8,E01023834,0,3
2024430476618,2024,430476618,2,9,0,18,19,1,5,0,0,0,0,0,0,0,1,1,6,6,2,36,7,1896,2,17,VOLKSWAGEN GOLF,6,E01017911,0,1
2024122400478,2024,122400478,1,9,0,16,19,1,4,0,0,0,0,0,0,0,1,1,6,6,1,19,4,1598,2,10,VOLKSWAGEN GOLF,4,E01027841,0,1
2024610052624,2024,610052624,1,9,0,9,9,5,3,0,0,8,0,0,0,0,1,1,2,2,2,29,6,2000,2,19,VOLKSWAGEN GOLF,3,W01001592,0,1
2024131529404,2024,131529404,2,9,0,-1,19,7,7,-1,0,0,0,0,0,0,1,1,-1,6,1,50,8,1968,2,12,VOLKSWAGEN GOLF,1,E01011729,0,1
2024311525421,2024,311525421,1,9,0,-1,3,1,5,-1,0,8,0,0,0,0,0,1,-1,6,1,87,11,1390,1,13,VOLKSWAGEN GOLF,10,E01028345,0,3
2024430592449,2024,430592449,1,9,0,18,19,4,8,0,0,2,0,11,0,0,1,1,6,6,1,68,10,1900,2,18,VOLKSWAGEN GOLF,4,E01016716,0,4
2024010534247,2024,010534247,1,9,0,18,19,7,3,0,0,0,0,0,0,0,1,1,6,6,3,-1,-1,1390,1,15,VOLKSWAGEN GOLF,-1,-1,0,-1
2024010521710,2024,010521710,1,9,0,18,19,5,1,0,0,1,0,10,1,0,4,1,6,6,1,20,4,1390,1,15,VOLKSWAGEN GOLF,3,E01001970,0,2
2024010519831,2024,010519831,1,9,0,9,9,3,8,0,0,6,0,0,0,0,1,1,6,6,2,35,6,1598,2,6,VOLKSWAGEN GOLF,-1,-1,0,-1
2024221417576,2024,221417576,3,9,0,-1,4,1,4,-1,0,0,1,0,0,0,2,9,-1,2,2,24,5,1896,2,22,VOLKSWAGEN GOLF,1,E01009114,0,1
2024010501246,2024,010501246,1,9,0,9,9,2,8,0,0,6,0,0,0,0,1,1,6,6,2,57,9,1498,1,5,VOLKSWAGEN GOLF,-1,-1,0,-1
2024461471853,2024,461471853,3,9,0,-1,4,3,7,-1,0,2,0,0,0,0,2,2,-1,9,2,39,7,1896,2,16,VOLKSWAGEN GOLF,1,E01024215,0,1
2024461449235,2024,461449235,1,9,0,-1,15,6,2,-1,0,0,0,0,0,0,3,1,-1,9,2,49,8,1900,2,19,VOLKSWAGEN GOLF,6,E01024812,0,1
2024522402274,2024,522402274,1,9,0,16,19,6,2,0,0,4,0,0,6,7,1,1,6,6,1,27,6,1984,1,10,VOLKSWAGEN GOLF,4,E01014576,0,2
2024401422675,2024,401422675,1,9,0,-1,9,1,3,-1,0,5,0,0,0,0,3,1,-1,6,2,25,5,1598,2,10,VOLKSWAGEN GOLF,5,E01034429,0,1
2024501395657,2024,501395657,1,9,0,-1,9,5,3,-1,0,3,0,0,0,0,3,9,-1,6,2,22,5,1968,2,10,VOLKSWAGEN GOLF,5,E01018972,0,1
2024041480255,2024,041480255,1,9,0,-1,19,3,7,-1,0,0,0,0,1,11,1,1,-1,6,1,22,5,1598,2,9,VOLKSWAGEN GOLF,1,E01010701,0,4
2024361423959,2024,361423959,1,9,0,-1,5,7,3,-1,0,2,0,0,0,0,1,1,-1,9,3,25,5,1900,2,18,VOLKSWAGEN GOLF,-1,-1,0,-1
2024061448214,2024,061448214,1,9,0,-1,9,4,1,-1,0,6,0,0,0,0,1,1,-1,6,1,52,8,1598,2,14,VOLKSWAGEN GOLF,2,E01034128,0,1
2024061462383,2024,061462383,1,9,0,-1,5,-1,-1,-1,0,0,0,0,0,0,2,1,-1,2,1,37,7,1395,8,8,VOLKSWAGEN GOLF,2,E01005600,0,1
2024401451982,2024,401451982,1,9,-1,-1,-1,-1,-1,-1,-1,0,-1,-1,-1,0,-1,9,-1,6,1,25,5,1498,1,3,VOLKSWAGEN GOLF,8,E01033245,0,4
2024010537953,2024,010537953,2,9,0,99,99,9,9,99,99,9,9,99,9,99,9,9,6,6,3,-1,-1,1395,1,8,VOLKSWAGEN GOLF,-1,-1,0,-1
2024010547894,2024,010547894,2,9,0,18,19,7,3,0,0,8,0,0,0,0,1,1,6,6,1,56,9,1390,1,12,VOLKSWAGEN GOLF,6,E01000145,0,1
2024131534297,2024,131534297,2,9,0,-1,2,0,0,-1,0,0,0,0,0,0,2,1,-1,6,-1,-1,-1,1984,1,3,VOLKSWAGEN GOLF,-1,-1,0,-1
2024520402919,2024,520402919,2,9,0,9,9,4,2,0,0,8,0,0,0,0,2,1,6,6,1,19,4,1390,1,18,VOLKSWAGEN GOLF,6,E01031996,0,4
2024520403277,2024,520403277,1,9,0,18,19,3,7,0,0,8,0,0,0,0,1,1,6,6,1,24,5,1598,2,13,VOLKSWAGEN GOLF,7,E01029250,0,1
2024131530085,2024,131530085,1,9,0,-1,4,8,4,-1,0,0,0,0,0,0,2,1,-1,9,1,40,7,1598,2,13,VOLKSWAGEN GOLF,2,E01011040,0,1
2024461469626,2024,461469626,1,9,0,-1,19,3,7,-1,0,1,0,0,0,0,1,9,-1,6,1,-1,-1,1598,2,11,VOLKSWAGEN GOLF,2,E01024664,0,1
2024052401579,2024,052401579,2,9,0,18,19,6,3,0,0,0,0,0,0,0,1,1,6,6,1,65,9,1598,2,9,VOLKSWAGEN GOLF,7,E01007066,0,1
2024061438523,2024,061438523,2,9,0,-1,19,7,7,-1,0,1,0,0,0,0,1,1,-1,6,2,21,5,1598,2,11,VOLKSWAGEN GOLF,-1,-1,0,-1
202460Q158571,2024,60Q158571,2,9,0,18,19,1,5,0,0,1,0,0,0,0,4,1,6,6,1,63,9,1395,1,10,VOLKSWAGEN GOLF,-1,-1,0,-1
2024631432708,2024,631432708,1,9,0,-1,13,2,6,-1,0,0,0,0,0,0,1,1,-1,6,1,65,9,1968,2,18,VOLKSWAGEN GOLF,9,W01000476,0,1
2024231460340,2024,231460340,1,9,0,-1,9,1,7,-1,0,6,0,0,0,0,1,1,-1,9,2,60,9,1390,1,13,VOLKSWAGEN GOLF,10,E01031298,0,1
2024201468012,2024,201468012,1,9,-1,-1,-1,-1,-1,-1,-1,-1,-1,-1,-1,0,-1,9,-1,6,2,25,5,999,1,7,VOLKSWAGEN GOLF,-1,-1,0,-1
2024161492379,2024,161492379,2,9,0,-1,19,3,1,-1,0,0,0,0,1,0,1,1,-1,1,1,52,8,1968,2,7,VOLKSWAGEN GOLF,10,E01013089,0,3
2024311512785,2024,311512785,2,9,0,-1,7,2,6,-1,0,0,0,0,0,0,1,1,-1,2,1,19,4,1968,2,12,VOLKSWAGEN GOLF,2,E01028318,0,1
2024111478653,2024,111478653,1,9,0,-1,9,7,5,-1,0,1,0,0,0,0,1,1,-1,9,1,73,10,1598,1,16,VOLKSWAGEN GOLF,1,E01020873,0,1
2024052401989,2024,052401989,2,9,0,18,19,3,7,0,0,8,0,0,0,0,3,1,6,6,1,22,5,1896,2,16,VOLKSWAGEN GOLF,3,E01006639,0,1
2024451461344,2024,451461344,3,9,0,-1,3,3,7,-1,0,0,0,0,0,0,2,1,-1,9,2,63,9,1968,2,12,VOLKSWAGEN GOLF,9,E01031517,0,3
2024041518519,2024,041518519,2,9,0,-1,19,2,6,-1,0,8,0,0,0,0,4,1,-1,2,2,48,8,1390,1,17,VOLKSWAGEN GOLF,1,E01025297,0,1
2024201474094,2024,201474094,1,9,0,-1,19,3,7,-1,0,0,1,10,1,0,1,1,-1,9,1,28,6,1598,2,10,VOLKSWAGEN GOLF,-1,-1,0,-1
2024010543952,2024,010543952,2,9,0,9,9,9,9,99,99,9,9,99,9,99,1,9,6,6,3,-1,-1,1498,1,6,VOLKSWAGEN GOLF,7,E01003957,0,2
2024471453743,2024,471453743,1,9,0,-1,19,5,1,-1,0,1,0,0,0,0,4,1,-1,9,1,39,7,1968,2,17,VOLKSWAGEN GOLF,3,E01016944,0,1
2024061430928,2024,061430928,1,9,0,-1,19,5,1,-1,0,1,0,0,0,0,1,1,-1,9,2,30,6,1968,2,9,VOLKSWAGEN GOLF,1,E01006240,0,1
2024622500066,2024,622500066,1,9,0,18,19,4,8,0,0,0,0,0,0,0,3,1,1,1,1,34,6,1968,2,6,VOLKSWAGEN GOLF,6,W01000847,0,1
2024010530968,2024,010530968,1,9,0,5,5,3,7,0,0,1,0,0,0,0,1,1,6,6,1,35,6,1984,1,16,VOLKSWAGEN GOLF,6,E01003672,0,2
2024221513919,2024,221513919,2,9,0,-1,19,3,7,-1,0,0,0,0,0,0,1,9,-1,9,1,40,7,1598,2,13,VOLKSWAGEN GOLF,7,E01028988,0,4
202460Q189506,2024,60Q189506,2,9,0,17,19,8,4,0,0,1,0,4,0,0,1,1,6,6,2,49,8,1968,2,13,VOLKSWAGEN GOLF,-1,-1,0,-1
2024010510517,2024,010510517,2,9,0,99,99,9,9,99,99,9,9,99,9,99,1,9,6,6,3,-1,-1,1390,1,14,VOLKSWAGEN GOLF,-1,-1,0,-1
2024201484047,2024,201484047,2,9,0,-1,2,5,1,-1,0,0,0,0,0,0,3,1,-1,9,1,28,6,1900,2,18,VOLKSWAGEN GOLF,5,E01008934,0,1
2024122401179,2024,122401179,1,9,0,18,19,2,5,0,0,4,0,0,0,0,1,1,6,6,2,45,7,1390,1,20,VOLKSWAGEN GOLF,3,E01013445,0,1
2024991480964,2024,991480964,1,9,0,-1,6,3,7,-1,0,0,0,0,0,0,1,2,-1,9,2,19,4,1896,2,21,VOLKSWAGEN GOLF,2,-1,0,1
2024622400876,2024,622400876,1,9,0,18,19,3,7,0,0,1,0,0,0,0,1,1,6,6,1,19,4,1968,2,15,VOLKSWAGEN GOLF,8,W01001755,0,1
2024031533016,2024,031533016,1,9,0,-1,3,3,7,-1,0,0,0,0,0,0,2,1,-1,6,2,61,9,1984,1,5,VOLKSWAGEN GOLF,-1,-1,0,-1
2024010526103,2024,010526103,2,9,0,7,7,7,1,0,0,0,0,0,0,0,4,1,2,2,2,25,5,1498,1,3,VOLKSWAGEN GOLF,1,E01000093,0,1
2024010507672,2024,010507672,1,9,0,5,5,7,3,0,0,6,0,0,0,0,1,1,6,6,1,21,5,1390,1,18,VOLKSWAGEN GOLF,2,E01004239,0,1
2024010528274,2024,010528274,1,9,0,2,2,0,0,0,0,5,0,0,0,0,1,1,6,6,3,-1,-1,1390,1,14,VOLKSWAGEN GOLF,-1,-1,0,-1
2024161464273,2024,161464273,1,9,0,-1,19,8,4,-1,0,0,0,0,0,0,1,1,-1,6,2,50,8,1598,2,7,VOLKSWAGEN GOLF,10,E01012978,0,3
2024440298131,2024,440298131,2,9,0,3,3,7,3,0,0,1,0,0,0,0,2,1,6,6,1,44,7,1968,2,13,VOLKSWAGEN GOLF,7,E01023282,0,3
2024552401181,2024,552401181,2,9,0,18,19,4,8,0,0,0,0,0,0,0,2,1,6,6,2,33,6,1598,1,17,VOLKSWAGEN GOLF,4,E01031895,0,4
2024991442599,2024,991442599,1,9,0,-1,15,6,2,-1,0,0,0,0,0,0,4,1,-1,6,1,34,6,2000,1,16,VOLKSWAGEN GOLF,9,-1,0,1
2024201439156,2024,201439156,1,9,0,-1,19,1,5,-1,0,0,0,0,0,0,1,1,-1,9,-1,16,4,1984,1,5,VOLKSWAGEN GOLF,-1,-1,0,-1
2024131409697,2024,131409697,2,9,0,-1,9,5,7,-1,0,3,0,0,0,0,4,1,-1,9,1,24,5,1896,2,17,VOLKSWAGEN GOLF,1,E01010616,0,1
2024010502696,2024,010502696,3,9,0,99,99,9,9,99,99,9,9,99,9,99,0,9,6,6,3,34,6,1498,8,3,VOLKSWAGEN GOLF,-1,-1,0,-1
2024351430358,2024,351430358,1,9,0,-1,9,6,4,-1,0,8,0,0,0,0,1,1,-1,6,1,19,4,1197,1,11,VOLKSWAGEN GOLF,7,E01018011,0,1
2024061430268,2024,061430268,2,9,0,-1,19,5,1,-1,0,0,0,0,0,0,1,9,-1,6,3,-1,-1,1900,2,18,VOLKSWAGEN GOLF,-1,-1,0,-1
2024041412028,2024,041412028,1,9,0,-1,9,1,7,-1,0,2,0,0,0,0,1,1,-1,6,1,28,6,1968,2,17,VOLKSWAGEN GOLF,1,E01012639,0,1
2024231451867,2024,231451867,1,9,0,-1,13,6,2,-1,0,8,5,0,7,1,1,1,-1,9,1,27,6,1984,1,14,VOLKSWAGEN GOLF,6,E01033058,0,2
2024010543798,2024,010543798,1,9,0,3,3,1,5,0,0,1,0,0,0,0,2,1,6,6,2,69,10,1498,1,2,VOLKSWAGEN GOLF,2,E01000052,0,2
2024031395272,2024,031395272,2,9,0,-1,19,5,1,-1,0,0,0,0,0,0,3,1,-1,6,1,69,10,1984,1,1,VOLKSWAGEN GOLF,4,E01019215,0,1
2024471526976,2024,471526976,1,9,0,-1,5,2,6,-1,0,8,0,0,0,0,1,1,-1,9,2,45,7,1968,2,10,VOLKSWAGEN GOLF,8,E01020954,0,1
2024010491747,2024,010491747,2,9,0,99,99,9,9,99,99,9,9,99,9,99,1,1,2,2,1,28,6,1395,1,11,VOLKSWAGEN GOLF,5,E01003953,0,2
2024361448364,2024,361448364,2,9,-1,-1,-1,-1,-1,-1,-1,-1,-1,-1,-1,0,2,9,-1,7,2,41,7,1968,2,15,VOLKSWAGEN GOLF,9,E01026916,0,1
2024520402720,2024,520402720,3,9,0,18,19,5,1,0,0,1,0,0,0,0,1,1,6,6,2,25,5,1968,2,16,VOLKSWAGEN GOLF,6,E01029218,0,4
2024101513395,2024,101513395,2,9,0,-1,19,3,1,-1,0,2,0,0,0,0,3,1,-1,6,1,46,8,1968,2,6,VOLKSWAGEN GOLF,2,E01008752,0,2
2024430034113,2024,430034113,3,9,0,4,4,8,4,0,0,0,0,0,0,0,2,1,6,6,2,30,6,1598,2,9,VOLKSWAGEN GOLF,-1,-1,0,-1
2024041505891,2024,041505891,1,9,0,-1,7,3,5,-1,0,8,0,0,0,0,1,1,-1,9,2,58,9,1595,1,20,VOLKSWAGEN GOLF,2,E01025032,0,1
2024131475620,2024,131475620,2,9,0,-1,19,1,1,-1,0,0,0,0,0,0,1,1,-1,6,-1,18,4,1968,2,7,VOLKSWAGEN GOLF,-1,-1,0,-1
2024010520403,2024,010520403,2,9,0,18,19,5,1,0,0,2,0,0,0,0,1,1,2,2,2,53,8,1498,8,3,VOLKSWAGEN GOLF,8,E01000651,0,2
2024131490803,2024,131490803,1,9,0,-1,13,7,3,-1,0,8,0,0,0,0,1,1,-1,6,2,22,5,1498,1,0,VOLKSWAGEN GOLF,1,E01010819,0,1
2024010501551,2024,010501551,2,9,0,2,2,0,0,9,9,0,0,0,0,0,1,1,6,6,3,-1,-1,1984,1,9,VOLKSWAGEN GOLF,-1,-1,0,-1
2024010511910,2024,010511910,2,9,0,2,2,0,0,0,0,8,0,0,0,0,2,1,6,6,3,-1,-1,1498,8,4,VOLKSWAGEN GOLF,-1,-1,0,-1
2024010528528,2024,010528528,2,9,0,3,3,5,1,0,0,0,0,0,0,0,3,1,6,6,1,35,6,1984,1,7,VOLKSWAGEN GOLF,5,E01001179,0,3
2024311446062,2024,311446062,1,9,0,-1,19,7,3,-1,0,8,0,0,1,0,3,1,-1,6,1,19,4,1498,8,3,VOLKSWAGEN GOLF,7,E01028307,0,1
2024010501154,2024,010501154,2,9,0,99,99,9,9,99,99,9,9,99,9,99,9,9,6,6,3,-1,-1,1197,1,10,VOLKSWAGEN GOLF,-1,-1,0,-1
2024010501205,2024,010501205,2,9,0,99,99,9,9,99,99,0,9,99,9,99,1,9,6,6,3,57,9,1595,1,21,VOLKSWAGEN GOLF,-1,-1,0,-1
2024010532292,2024,010532292,2,9,0,99,99,9,9,99,99,9,9,99,9,99,2,9,6,6,1,30,6,1390,1,13,VOLKSWAGEN GOLF,3,E01035681,0,2
2024010523351,2024,010523351,2,9,0,9,9,9,9,99,99,5,9,99,9,99,9,9,6,6,3,-1,-1,2000,2,18,VOLKSWAGEN GOLF,5,E01021854,0,4
2024991468803,2024,991468803,1,9,0,-1,19,1,5,-1,0,0,0,0,0,0,1,1,-1,9,2,32,6,1395,1,9,VOLKSWAGEN GOLF,2,-1,0,3
2024440088143,2024,440088143,1,9,0,9,9,1,6,0,0,6,0,0,0,0,3,1,2,2,2,33,6,1984,1,23,VOLKSWAGEN GOLF,5,E01035459,0,1
2024131502976,2024,131502976,1,9,0,-1,19,1,5,-1,0,0,0,4,0,0,1,2,-1,6,1,16,4,1598,2,12,VOLKSWAGEN GOLF,1,E01010744,0,1
2024471497859,2024,471497859,3,9,0,-1,2,0,0,-1,-1,2,0,0,0,0,2,1,-1,9,1,83,11,1598,2,11,VOLKSWAGEN GOLF,9,E01021072,0,1
2024010524623,2024,010524623,2,9,0,7,7,7,1,0,0,8,0,0,0,0,4,1,6,6,1,38,7,1498,8,0,VOLKSWAGEN GOLF,5,E01001240,0,1
2024332401200,2024,332401200,2,9,0,-1,11,5,1,-1,0,0,0,0,0,0,4,1,-1,6,3,-1,-1,1968,2,9,VOLKSWAGEN GOLF,-1,-1,0,-1
2024421405814,2024,421405814,2,9,0,-1,19,1,5,-1,0,0,0,0,0,0,1,1,-1,9,1,53,8,1984,1,5,VOLKSWAGEN GOLF,9,E01021441,0,1
2024361521356,2024,361521356,1,9,0,-1,19,1,5,-1,0,1,0,0,0,0,1,1,-1,6,1,67,10,1896,2,16,VOLKSWAGEN GOLF,1,E01033436,0,3
2024122400856,2024,122400856,3,9,0,3,3,7,3,0,0,1,0,0,0,0,2,1,6,6,2,34,6,1498,1,5,VOLKSWAGEN GOLF,-1,-1,0,-1
2024010506513,2024,010506513,1,9,0,99,99,9,9,99,99,9,9,99,9,99,1,9,6,6,3,44,7,1984,1,9,VOLKSWAGEN GOLF,7,E01002678,0,1
2024070057385,2024,070057385,2,9,0,4,4,3,7,0,0,0,0,0,1,0,2,1,6,6,2,25,5,1390,1,15,VOLKSWAGEN GOLF,7,W01000422,0,4
2024501503893,2024,501503893,1,9,0,-1,19,5,1,-1,0,0,0,0,0,0,1,1,-1,6,1,20,4,1390,1,16,VOLKSWAGEN GOLF,8,E01028716,0,5
2024141524590,2024,141524590,4,9,0,-1,19,1,4,-1,0,1,0,0,0,0,1,9,-1,6,1,35,6,1390,1,15,VOLKSWAGEN GOLF,4,E01007344,0,1
2024131438886,2024,131438886,1,9,0,-1,19,1,5,-1,0,0,5,0,0,0,1,1,-1,2,1,21,5,1600,1,18,VOLKSWAGEN GOLF,7,E01010590,0,1
2024052401393,2024,052401393,1,9,0,18,19,1,5,0,0,0,0,0,0,0,1,1,2,2,1,60,9,1598,2,10,VOLKSWAGEN GOLF,1,E01033763,0,3
2024131476661,2024,131476661,1,9,0,-1,19,1,5,-1,0,0,0,0,0,0,1,1,-1,6,2,37,7,1968,2,11,VOLKSWAGEN GOLF,2,E01010752,0,2
2024471497244,2024,471497244,1,9,0,-1,19,4,8,-1,0,0,5,0,1,0,4,9,-1,9,1,20,4,2000,2,20,VOLKSWAGEN GOLF,6,E01024806,0,2
2024311453651,2024,311453651,2,9,0,-1,19,4,8,-1,0,1,0,0,0,0,2,1,-1,6,1,28,6,1968,2,7,VOLKSWAGEN GOLF,8,E01025926,0,3
2024440058646,2024,440058646,1,9,0,16,19,4,7,0,0,0,1,0,0,0,1,1,2,2,1,31,6,1968,2,8,VOLKSWAGEN GOLF,4,E01032101,0,4
2024461445050,2024,461445050,1,9,0,-1,19,8,5,-1,0,5,0,0,0,0,4,1,-1,9,1,79,11,1395,8,2,VOLKSWAGEN GOLF,5,E01024516,0,1
2024201470064,2024,201470064,2,9,0,-1,2,0,0,-1,0,0,0,0,0,0,2,1,-1,9,2,43,7,1598,2,9,VOLKSWAGEN GOLF,1,E01008935,0,1
2024340WN2072,2024,340WN2072,2,9,0,-1,19,5,1,-1,0,8,0,0,0,0,3,1,-1,1,1,26,6,1598,2,14,VOLKSWAGEN GOLF,6,E01027234,0,1
2024010520360,2024,010520360,2,9,0,18,19,7,3,0,0,3,0,0,1,10,1,1,6,6,1,51,8,1395,1,11,VOLKSWAGEN GOLF,3,E01035667,0,4
2024547246324,2024,547246324,3,9,0,4,4,3,7,0,0,1,0,0,0,0,1,1,6,6,1,44,7,1598,2,12,VOLKSWAGEN GOLF,9,E01028747,0,1
202454D787824,2024,54D787824,1,9,0,4,4,8,5,0,0,0,0,0,0,0,1,1,6,6,1,84,11,1896,2,21,VOLKSWAGEN GOLF,5,E01015365,0,4
2024302400507,2024,302400507,2,9,0,18,19,3,7,0,0,0,0,0,0,0,2,1,6,6,1,34,6,1900,2,19,VOLKSWAGEN GOLF,1,E01013865,0,3
2024501527820,2024,501527820,2,9,0,-1,19,3,7,-1,0,0,0,0,0,0,1,1,-1,6,2,34,6,1968,2,18,VOLKSWAGEN GOLF,4,E01018872,0,1
2024401455611,2024,401455611,2,9,0,-1,4,1,5,-1,0,0,0,0,0,0,2,1,-1,6,1,24,5,1968,2,12,VOLKSWAGEN GOLF,2,E01015601,0,4
2024201501427,2024,201501427,1,9,0,-1,19,7,3,-1,0,1,0,0,0,0,1,1,-1,6,3,50,8,1395,8,6,VOLKSWAGEN GOLF,-1,-1,0,-1
2024340WN6062,2024,340WN6062,2,9,0,-1,8,5,7,-1,0,1,0,0,0,0,2,1,-1,1,1,27,6,1498,8,0,VOLKSWAGEN GOLF,9,E01035085,0,4
2024332400799,2024,332400799,2,9,0,-1,10,1,7,-1,0,8,0,0,0,0,2,1,-1,9,1,71,10,1395,1,7,VOLKSWAGEN GOLF,10,E01034004,0,3
2024471432405,2024,471432405,1,9,0,-1,19,3,7,-1,0,0,0,0,0,0,1,1,-1,9,1,35,6,1598,2,14,VOLKSWAGEN GOLF,7,E01031493,0,1
2024311460587,2024,311460587,1,9,0,-1,19,5,1,-1,0,0,0,0,1,0,1,1,-1,6,2,73,10,1395,1,8,VOLKSWAGEN GOLF,-1,-1,0,-1
2024061449645,2024,061449645,1,9,0,-1,19,1,5,-1,0,2,0,4,1,0,1,1,-1,9,1,19,4,1598,2,9,VOLKSWAGEN GOLF,3,E01005026,0,1
2024221518740,2024,221518740,1,9,0,-1,19,8,4,-1,0,0,0,0,0,0,1,9,-1,6,1,23,5,1598,2,11,VOLKSWAGEN GOLF,5,E01029013,0,2
2024421521802,2024,421521802,1,9,0,-1,7,8,3,-1,0,6,0,0,0,0,3,1,-1,9,1,38,7,1598,1,18,VOLKSWAGEN GOLF,3,E01021328,0,1
2024131475687,2024,131475687,1,9,0,-1,19,7,3,-1,0,8,0,0,0,0,1,1,-1,9,1,23,5,1984,1,10,VOLKSWAGEN GOLF,2,E01011925,0,1
2024461520871,2024,461520871,1,9,0,-1,19,7,3,-1,0,0,0,0,0,0,4,1,-1,9,1,29,6,1968,2,10,VOLKSWAGEN GOLF,2,E01024247,0,1
2024010516025,2024,010516025,1,9,0,5,5,0,7,0,0,0,0,0,0,0,1,1,6,6,1,31,6,1390,1,15,VOLKSWAGEN GOLF,3,E01004251,0,1
2024131448769,2024,131448769,1,9,0,-1,19,4,7,-1,0,8,0,0,0,0,1,1,-1,9,1,25,5,1395,1,9,VOLKSWAGEN GOLF,3,E01007433,0,1
2024351443956,2024,351443956,1,9,0,-1,9,1,7,-1,0,8,0,0,0,0,3,1,-1,9,2,68,10,1598,2,12,VOLKSWAGEN GOLF,10,E01018234,0,1
2024320429816,2024,320429816,1,9,0,-1,-1,2,6,0,0,2,2,0,1,11,1,1,6,6,2,30,6,1598,2,9,VOLKSWAGEN GOLF,7,E01032110,0,5
2024231475244,2024,231475244,3,9,0,-1,19,7,3,-1,0,0,1,0,0,0,3,9,-1,6,1,60,9,1968,2,15,VOLKSWAGEN GOLF,8,E01026335,0,4
2024421484503,2024,421484503,1,9,0,-1,1,1,5,-1,0,0,0,0,0,0,2,1,-1,6,1,30,6,1968,2,13,VOLKSWAGEN GOLF,4,E01026894,0,5
2024131472597,2024,131472597,1,9,0,-1,9,8,1,-1,1,6,0,0,0,0,1,1,-1,6,2,45,7,1598,2,12,VOLKSWAGEN GOLF,2,E01010792,0,3
2024440129353,2024,440129353,1,9,0,18,19,7,3,0,0,1,0,0,0,0,1,1,6,6,2,40,7,1598,2,11,VOLKSWAGEN GOLF,7,E01032002,0,4
2024501431933,2024,501431933,2,9,0,-1,4,8,4,-1,0,0,0,0,0,0,1,2,-1,9,1,71,10,1600,1,20,VOLKSWAGEN GOLF,4,E01018987,0,1
2024131461489,2024,131461489,2,9,0,-1,7,-1,-1,-1,0,8,-1,-1,-1,0,-1,1,-1,6,3,-1,-1,1984,1,6,VOLKSWAGEN GOLF,-1,-1,0,-1
2024131502983,2024,131502983,1,9,0,-1,9,3,1,-1,0,8,0,0,0,0,3,1,-1,9,1,21,5,1498,1,3,VOLKSWAGEN GOLF,1,E01010674,0,1
2024010537561,2024,010537561,2,9,0,18,19,3,7,0,0,1,0,0,0,0,1,1,6,6,1,18,4,1498,1,4,VOLKSWAGEN GOLF,7,E01000292,0,1
2024122400872,2024,122400872,1,9,0,18,19,3,7,0,0,8,0,0,0,0,1,1,6,6,1,74,10,1598,2,12,VOLKSWAGEN GOLF,8,E01027656,0,1
2024991416399,2024,991416399,1,9,0,-1,7,5,7,-1,0,1,0,0,1,0,4,1,-1,6,3,18,4,999,1,5,VOLKSWAGEN GOLF,10,-1,0,1
2024131485915,2024,131485915,2,9,0,-1,19,1,5,-1,0,0,5,0,0,0,2,1,-1,6,1,27,6,1498,1,0,VOLKSWAGEN GOLF,4,E01010510,0,5
2024201470484,2024,201470484,2,9,0,-1,2,0,0,-1,0,0,0,0,0,0,2,1,-1,6,-1,-1,-1,1984,1,8,VOLKSWAGEN GOLF,-1,-1,0,-1