collision_index,collision_year,collision_ref_no,vehicle_reference,vehicle_type,towing_and_articulation,vehicle_manoeuvre_historic,vehicle_manoeuvre,vehicle_direction_from,vehicle_direction_to,vehicle_location_restricted_lane_historic,vehicle_location_restricted_lane,junction_location,skidding_and_overturning,hit_object_in_carriageway,vehicle_leaving_carriageway,hit_object_off_carriageway,first_point_of_impact,vehicle_left_hand_drive,journey_purpose_of_driver_historic,journey_purpose_of_driver,sex_of_driver,age_of_driver,age_band_of_driver,engine_capacity_cc,propulsion_code,age_of_vehicle,generic_make_model,driver_imd_decile,lsoa_of_driver,escooter_flag,driver_distance_banding
2024501519772,2024,501519772,1,9,0,-1,19,8,4,-1,0,0,0,0,0,0,1,1,-1,6,1,25,5,999,1,5,VOLKSWAGEN GOLF,7,E01015103,0,2
2024052400378,2024,052400378,1,9,0,7,7,8,2,0,0,5,0,0,0,0,4,1,6,6,2,49,8,1395,1,7,VOLKSWAGEN GOLF,5,E01007223,0,2
2024061434002,2024,061434002,1,9,0,-1,19,1,5,-1,0,8,2,10,1,0,1,1,-1,6,1,20,4,1968,2,14,VOLKSWAGEN GOLF,1,E01004825,0,1
2024131461491,2024,131461491,2,9,0,-1,19,7,3,-1,0,8,0,0,0,0,1,1,-1,6,1,26,6,1968,2,11,VOLKSWAGEN GOLF,1,E01011003,0,1
2024231481754,2024,231481754,1,9,0,-1,19,3,7,-1,0,6,0,0,0,0,1,9,-1,6,2,73,10,1896,2,17,VOLKSWAGEN GOLF,7,E01025882,0,1
2024451531515,2024,451531515,1,9,0,-1,19,5,1,-1,0,0,1,0,7,11,1,1,-1,9,1,25,5,1984,1,9,VOLKSWAGEN GOLF,7,E01030818,0,1
2024201485984,2024,201485984,1,9,0,-1,19,7,5,-1,0,5,0,0,0,0,4,9,-1,6,2,42,7,1390,1,14,VOLKSWAGEN GOLF,5,E01009066,0,1
2024070349847,2024,070349847,1,9,0,-1,-1,6,2,0,0,0,0,11,0,0,2,1,2,2,1,30,6,1968,2,11,VOLKSWAGEN GOLF,9,E01006394,0,3
2024010509343,2024,010509343,2,9,0,18,19,7,3,0,0,1,0,0,0,0,2,1,2,2,2,45,7,1395,8,4,VOLKSWAGEN GOLF,9,E01000261,0,1
2024411469143,2024,411469143,2,9,0,-1,5,5,1,-1,0,4,0,0,0,0,1,1,-1,6,2,35,6,1395,8,9,VOLKSWAGEN GOLF,6,E01023317,0,1
2024161529459,2024,161529459,2,9,0,-1,19,6,2,-1,0,0,0,0,0,0,1,1,-1,9,2,25,5,1395,1,9,VOLKSWAGEN GOLF,9,E01012996,0,3
2024461469429,2024,461469429,1,9,0,-1,7,4,7,-1,0,1,0,0,0,0,4,9,-1,2,1,28,6,1390,1,13,VOLKSWAGEN GOLF,2,E01024093,0,4
2024161426153,2024,161426153,2,9,0,-1,19,7,3,-1,0,0,0,0,0,0,2,1,-1,9,2,48,8,1395,1,7,VOLKSWAGEN GOLF,8,E01008025,0,4
2024361524413,2024,361524413,1,9,0,-1,5,1,5,-1,0,6,0,0,0,0,1,1,-1,9,1,37,7,1896,2,22,VOLKSWAGEN GOLF,1,E01026666,0,1
2024991526396,2024,991526396,2,9,0,-1,4,1,4,-1,0,1,0,0,0,0,4,1,-1,9,1,71,10,999,1,2,VOLKSWAGEN GOLF,7,-1,0,1
2024031471874,2024,031471874,1,9,0,-1,19,7,3,-1,0,0,0,0,0,0,1,1,-1,6,1,60,9,1390,1,18,VOLKSWAGEN GOLF,7,E01024921,0,4
2024501494638,2024,501494638,1,9,0,-1,19,3,7,-1,0,0,0,0,1,0,1,1,-1,6,1,31,6,2000,2,19,VOLKSWAGEN GOLF,-1,-1,0,-1
2024302400211,2024,302400211,1,9,0,4,4,5,1,0,0,0,0,0,0,0,2,1,6,6,2,35,6,1968,2,15,VOLKSWAGEN GOLF,5,E01019724,0,2
2024201484780,2024,201484780,1,9,0,-1,19,8,4,-1,0,0,1,7,6,0,3,9,-1,6,1,21,5,2000,1,19,VOLKSWAGEN GOLF,2,E01032307,0,4
2024010513913,2024,010513913,2,9,0,18,19,5,1,0,0,1,0,0,0,0,0,1,6,6,3,-1,-1,1598,2,8,VOLKSWAGEN GOLF,-1,-1,0,-1
2024061450468,2024,061450468,1,9,0,-1,2,0,0,-1,0,0,0,4,0,0,3,1,-1,9,2,79,11,1395,1,8,VOLKSWAGEN GOLF,5,E01025357,0,1
2024010523021,2024,010523021,2,9,0,18,19,3,7,0,0,0,0,0,0,0,2,1,6,6,2,50,8,1395,1,8,VOLKSWAGEN GOLF,-1,-1,0,-1
2024221411496,2024,221411496,2,9,0,-1,3,6,2,-1,0,0,0,0,0,0,2,1,-1,6,1,18,4,1598,2,14,VOLKSWAGEN GOLF,4,E01028990,0,3
2024471477501,2024,471477501,2,9,0,-1,9,4,1,-1,0,0,0,0,0,0,1,1,-1,9,1,64,9,1968,2,16,VOLKSWAGEN GOLF,10,E01031759,0,1
2024430458923,2024,430458923,1,9,0,18,19,6,2,0,0,8,0,0,0,0,3,1,2,2,2,25,5,1498,8,0,VOLKSWAGEN GOLF,6,E01017934,0,1
2024351463552,2024,351463552,2,9,0,-1,19,3,7,-1,0,1,0,0,0,0,1,9,-1,6,3,-1,-1,1968,2,15,VOLKSWAGEN GOLF,-1,-1,0,-1
2024201450492,2024,201450492,2,9,0,-1,19,2,6,-1,0,0,0,0,0,0,1,1,-1,6,2,26,6,1498,1,2,VOLKSWAGEN GOLF,3,E01009835,0,2
202460Q074837,2024,60Q074837,1,9,0,9,9,2,6,0,0,8,0,0,0,0,1,1,6,6,1,50,8,1896,2,16,VOLKSWAGEN GOLF,-1,-1,0,-1
2024201501427,2024,201501427,2,9,0,-1,4,7,3,-1,0,1,0,0,0,0,2,1,-1,9,2,36,7,1968,2,11,VOLKSWAGEN GOLF,1,E01034307,0,1
2024340WN2002,2024,340WN2002,1,9,0,-1,19,3,7,-1,0,6,0,0,0,0,4,1,-1,9,1,32,6,1598,2,12,VOLKSWAGEN GOLF,4,E01035418,0,1
2024440264109,2024,440264109,2,9,0,12,12,5,1,0,0,1,0,0,0,0,3,1,6,6,3,-1,-1,1598,2,10,VOLKSWAGEN GOLF,-1,-1,0,-1
2024010532838,2024,010532838,3,9,0,99,99,9,9,0,0,0,0,0,0,0,2,9,6,6,3,-1,-1,1984,1,14,VOLKSWAGEN GOLF,1,E01015932,0,3
2024010506760,2024,010506760,2,9,0,99,99,9,9,99,99,5,9,99,9,99,1,9,6,6,3,31,6,1390,1,17,VOLKSWAGEN GOLF,4,E01004202,0,1
2024421399186,2024,421399186,2,9,0,-1,19,5,1,-1,0,8,0,0,0,0,1,1,-1,2,2,31,6,1598,2,12,VOLKSWAGEN GOLF,7,E01034094,0,1
2024302401576,2024,302401576,1,9,0,16,19,5,1,0,0,0,1,10,0,0,1,1,6,6,1,25,5,1968,2,16,VOLKSWAGEN GOLF,2,E01019549,0,2
2024131411049,2024,131411049,1,9,0,-1,-1,-1,-1,-1,-1,-1,-1,-1,-1,-1,-1,1,-1,6,3,-1,-1,1968,2,15,VOLKSWAGEN GOLF,-1,-1,0,-1
2024010528429,2024,010528429,2,9,0,18,19,2,6,0,0,8,0,10,0,0,4,1,6,6,1,82,11,1498,1,5,VOLKSWAGEN GOLF,5,E01000620,0,1
2024991428813,2024,991428813,1,9,0,-1,19,7,3,-1,0,0,5,0,1,0,1,1,-1,6,1,18,4,1598,2,11,VOLKSWAGEN GOLF,3,-1,0,4
2024421518119,2024,421518119,1,9,-1,-1,19,-1,-1,-1,0,8,0,0,0,0,-1,9,-1,6,3,-1,-1,1380,1,12,VOLKSWAGEN GOLF,-1,-1,0,-1
2024531434181,2024,531434181,1,9,0,-1,11,6,2,-1,0,8,0,0,0,0,4,9,-1,6,3,-1,-1,1984,1,16,VOLKSWAGEN GOLF,-1,-1,0,-1
2024141477568,2024,141477568,1,9,0,-1,7,1,3,-1,0,8,0,0,0,0,4,1,-1,6,1,33,6,1896,2,17,VOLKSWAGEN GOLF,6,E01007908,0,1
2024010500022,2024,010500022,1,9,0,2,2,0,0,0,0,0,0,0,0,0,1,1,6,6,3,-1,-1,1896,2,16,VOLKSWAGEN GOLF,-1,-1,0,-1
2024461398407,2024,461398407,1,9,0,-1,19,4,8,-1,0,0,1,0,0,0,1,1,-1,6,1,62,9,1781,1,27,VOLKSWAGEN GOLF,3,E01024622,0,4
2024041511736,2024,041511736,2,9,0,-1,19,5,1,-1,0,1,1,0,0,0,4,1,-1,9,1,25,5,1968,2,13,VOLKSWAGEN GOLF,7,E01025029,0,3
2024991492081,2024,991492081,2,9,0,-1,5,5,1,-1,0,1,0,0,0,0,1,1,-1,9,1,26,6,1968,2,7,VOLKSWAGEN GOLF,4,-1,0,1
2024201460380,2024,201460380,4,9,0,-1,4,8,6,-1,0,1,0,0,0,0,3,9,-1,9,2,21,5,1984,1,8,VOLKSWAGEN GOLF,1,E01009048,0,1
2024201472247,2024,201472247,1,9,0,-1,19,1,5,-1,0,1,0,0,0,0,1,1,-1,6,2,29,6,1390,1,19,VOLKSWAGEN GOLF,10,E01010173,0,2
2024201529240,2024,201529240,1,9,0,-1,19,8,4,-1,0,1,0,0,0,0,1,1,-1,6,1,22,5,1390,1,17,VOLKSWAGEN GOLF,1,E01010275,0,3
2024610034724,2024,610034724,1,9,0,18,19,6,2,0,0,0,5,10,0,0,3,1,6,6,1,62,9,1598,2,9,VOLKSWAGEN GOLF,2,W01001676,0,2
2024991502749,2024,991502749,1,9,0,-1,14,6,1,-1,0,0,0,0,0,0,1,1,-1,6,1,24,5,1598,2,6,VOLKSWAGEN GOLF,10,-1,0,4
2024520401586,2024,520401586,2,9,0,3,3,3,7,0,0,0,0,0,0,0,3,1,6,6,1,55,8,1968,2,10,VOLKSWAGEN GOLF,7,E01029155,0,3
2024131462181,2024,131462181,1,9,0,-1,9,7,3,-1,0,1,0,0,0,0,1,1,-1,9,1,29,6,1968,2,1,VOLKSWAGEN GOLF,1,E01010605,0,1
2024161519936,2024,161519936,1,9,0,-1,3,5,1,-1,0,0,0,0,0,0,2,9,-1,6,2,27,6,1598,2,8,VOLKSWAGEN GOLF,6,E01013001,0,1
2024501435286,2024,501435286,2,9,0,-1,19,7,3,-1,0,8,0,0,0,0,4,9,-1,6,1,37,7,1598,2,10,VOLKSWAGEN GOLF,5,E01018820,0,2
2024340WN6192,2024,340WN6192,1,9,0,-1,19,1,5,-1,0,0,1,0,1,0,1,1,-1,6,1,39,7,1390,1,13,VOLKSWAGEN GOLF,-1,-1,0,-1
2024201426856,2024,201426856,2,9,0,-1,3,3,7,-1,0,8,0,0,0,0,2,1,-1,6,1,26,6,1498,1,2,VOLKSWAGEN GOLF,7,E01009530,0,1
2024471439935,2024,471439935,2,9,0,-1,9,3,1,-1,0,8,0,0,0,0,1,1,-1,2,1,58,9,1598,1,19,VOLKSWAGEN GOLF,2,E01020978,0,1
2024052402638,2024,052402638,2,9,0,2,2,0,0,0,0,0,0,0,0,0,3,1,6,6,3,-1,-1,999,1,8,VOLKSWAGEN GOLF,-1,-1,0,-1
2024371444332,2024,371444332,1,9,0,-1,9,3,7,-1,0,1,0,0,0,0,1,1,-1,2,2,20,4,1390,1,17,VOLKSWAGEN GOLF,9,E01030062,0,1
2024522401894,2024,522401894,2,9,0,18,19,9,9,0,0,2,0,0,0,0,1,1,6,6,3,-1,-1,2000,2,18,VOLKSWAGEN GOLF,-1,-1,0,-1
2024010492745,2024,010492745,1,9,0,18,19,1,5,9,9,1,0,10,1,11,1,1,6,6,2,26,6,1595,1,20,VOLKSWAGEN GOLF,7,E01002181,0,1
2024991500324,2024,991500324,1,8,0,-1,9,1,6,-1,0,6,0,0,0,0,3,1,-1,9,1,57,9,1968,2,7,VOLKSWAGEN GOLF,8,-1,0,2
2024461487054,2024,461487054,1,9,0,-1,-1,-1,-1,-1,0,0,0,0,0,0,1,9,-1,6,1,40,7,1395,1,7,VOLKSWAGEN GOLF,1,E01035275,0,1
2024430622516,2024,430622516,2,9,0,18,19,5,1,0,0,0,2,0,1,0,1,1,1,1,2,46,8,1395,1,7,VOLKSWAGEN GOLF,10,E01028820,0,3
202460Q030376,2024,60Q030376,1,9,0,18,19,2,4,0,0,1,0,0,1,11,1,1,6,6,1,18,4,1900,2,17,VOLKSWAGEN GOLF,-1,-1,0,-1
2024421492190,2024,421492190,1,9,0,-1,9,5,2,-1,0,8,0,0,0,0,1,1,-1,9,1,46,8,1900,2,18,VOLKSWAGEN GOLF,8,E01021299,0,1
2024461500358,2024,461500358,1,9,0,-1,19,3,7,-1,0,1,0,0,0,0,1,1,-1,6,3,19,4,1390,1,21,VOLKSWAGEN GOLF,1,E01024657,0,1
2024010532878,2024,010532878,2,9,0,99,99,9,9,99,99,9,9,99,9,99,2,9,6,6,3,-1,-1,1390,1,12,VOLKSWAGEN GOLF,4,E01004590,0,1
2024010510901,2024,010510901,1,9,0,18,19,7,3,0,0,1,0,0,0,0,1,1,6,6,1,23,5,1395,8,6,VOLKSWAGEN GOLF,4,E01015948,0,4
2024991430626,2024,991430626,1,9,0,-1,9,1,5,-1,0,0,0,0,0,0,2,2,-1,9,1,34,6,1598,1,17,VOLKSWAGEN GOLF,2,-1,0,4
2024302400315,2024,302400315,2,9,0,3,3,8,4,0,0,2,0,0,0,0,2,1,3,7,2,29,6,1968,2,13,VOLKSWAGEN GOLF,6,E01028160,0,3
2024221519400,2024,221519400,1,9,0,-1,19,6,2,-1,0,0,0,0,7,4,1,9,-1,6,2,38,7,1498,1,5,VOLKSWAGEN GOLF,6,E01014023,0,3
2024061480294,2024,061480294,1,9,0,-1,19,3,7,-1,0,8,0,0,0,0,1,2,-1,9,2,27,6,1598,2,11,VOLKSWAGEN GOLF,3,E01004834,0,2
2024430451312,2024,430451312,2,9,0,9,9,3,1,0,0,5,0,0,0,0,2,1,6,6,1,74,10,1394,1,6,VOLKSWAGEN GOLF,-1,-1,0,-1
2024522403161,2024,522403161,1,9,0,18,19,3,7,0,0,0,0,0,0,0,1,1,6,6,1,36,7,1968,2,10,VOLKSWAGEN GOLF,4,E01029036,0,4
2024421517542,2024,421517542,2,9,0,-1,9,7,6,-1,0,5,0,0,0,0,4,1,-1,6,1,74,10,1968,2,12,VOLKSWAGEN GOLF,3,E01021295,0,1
2024421544724,2024,421544724,1,9,0,-1,-1,-1,-1,-1,-1,0,-1,-1,-1,0,-1,9,-1,6,3,-1,-1,1968,2,3,VOLKSWAGEN GOLF,-1,-1,0,-1
2024991511226,2024,991511226,1,9,0,-1,6,7,4,-1,0,0,0,0,0,0,1,1,-1,9,1,21,5,1390,1,14,VOLKSWAGEN GOLF,5,-1,0,2
2024610033224,2024,610033224,2,9,0,17,19,5,2,0,0,0,0,0,0,0,3,1,6,6,1,49,8,1598,2,11,VOLKSWAGEN GOLF,6,W01001976,0,1
2024451505747,2024,451505747,1,9,0,-1,19,5,1,-1,0,2,0,0,0,0,1,1,-1,2,2,18,4,1390,1,22,VOLKSWAGEN GOLF,10,E01023117,0,1
2024332401136,2024,332401136,1,9,0,-1,13,5,1,-1,0,0,0,0,0,0,1,1,-1,6,1,31,6,1896,2,22,VOLKSWAGEN GOLF,1,E01013664,0,1
2024041429198,2024,041429198,1,9,0,-1,5,5,1,-1,9,1,0,0,0,0,1,1,-1,6,-1,-1,-1,2000,2,20,VOLKSWAGEN GOLF,-1,-1,0,-1
2024622400605,2024,622400605,1,9,0,12,12,7,3,0,0,8,0,0,0,0,3,1,6,6,1,47,8,1498,1,4,VOLKSWAGEN GOLF,7,W01000813,0,4
2024991495504,2024,991495504,2,9,0,-1,3,3,7,-1,0,2,0,0,0,0,2,1,-1,9,2,30,6,1598,2,11,VOLKSWAGEN GOLF,8,-1,0,2
2024320489283,2024,320489283,3,9,0,-1,-1,4,8,0,0,0,0,0,1,0,3,1,-1,-1,1,42,7,1395,1,6,VOLKSWAGEN GOLF,9,W01000197,0,5
2024411502048,2024,411502048,1,9,-1,-1,-1,-1,-1,-1,-1,-1,-1,-1,-1,0,1,9,-1,6,2,-1,-1,1498,1,6,VOLKSWAGEN GOLF,-1,-1,0,-1
2024471403143,2024,471403143,1,9,0,-1,19,1,5,-1,0,0,0,0,0,0,1,1,-1,9,1,34,6,1390,1,12,VOLKSWAGEN GOLF,6,E01001990,0,4
2024061400431,2024,061400431,1,9,0,-1,19,2,6,-1,0,5,0,0,0,0,1,1,-1,9,1,80,11,1598,1,18,VOLKSWAGEN GOLF,7,E01002298,0,5
2024320629253,2024,320629253,1,9,0,-1,-1,4,8,0,0,8,0,0,0,0,1,1,6,6,2,41,7,1968,2,12,VOLKSWAGEN GOLF,8,E01026368,0,4
2024411457932,2024,411457932,2,9,0,-1,3,5,1,-1,0,4,0,0,0,0,2,1,-1,6,2,40,7,1968,2,2,VOLKSWAGEN GOLF,6,E01023305,0,1
2024131525759,2024,131525759,1,9,0,-1,5,3,7,-1,0,6,0,0,0,0,1,1,-1,9,2,27,6,1395,8,8,VOLKSWAGEN GOLF,1,E01010631,0,1
2024131486171,2024,131486171,1,9,0,-1,9,3,1,-1,0,6,0,0,0,0,1,1,-1,9,1,20,4,1598,2,13,VOLKSWAGEN GOLF,1,E01033691,0,1
2024332400374,2024,332400374,2,9,0,-1,19,6,2,-1,0,4,0,0,0,0,1,1,-1,9,2,64,9,1598,2,9,VOLKSWAGEN GOLF,4,E01013734,0,1
2024221394147,2024,221394147,1,9,0,-1,19,8,4,-1,0,4,5,9,1,1,1,1,-1,6,1,21,5,1984,1,5,VOLKSWAGEN GOLF,4,E01014161,0,2
2024471423900,2024,471423900,1,9,0,-1,4,4,7,-1,0,0,0,1,0,0,1,1,-1,2,1,54,8,1896,2,16,VOLKSWAGEN GOLF,6,E01031826,0,4
2024131468426,2024,131468426,1,9,0,-1,19,6,2,-1,0,0,0,0,0,0,1,1,-1,6,1,31,6,1598,2,13,VOLKSWAGEN GOLF,10,E01010586,0,2
2024201440091,2024,201440091,1,9,0,-1,19,8,4,-1,0,0,0,6,0,0,1,1,-1,6,1,20,4,1390,1,13,VOLKSWAGEN GOLF,2,E01009050,0,1
202460Q070357,2024,60Q070357,4,9,0,2,2,0,0,0,0,0,0,0,0,0,3,1,6,6,2,30,6,1984,1,7,VOLKSWAGEN GOLF,-1,-1,0,-1
2024421494283,2024,421494283,1,9,0,-1,4,1,5,-1,0,0,1,0,1,0,1,1,-1,6,1,29,6,1598,2,14,VOLKSWAGEN GOLF,7,E01034361,0,3
2024041405164,2024,041405164,2,9,0,-1,19,7,3,-1,0,1,0,0,1,0,1,1,-1,9,1,24,5,1598,2,11,VOLKSWAGEN GOLF,5,E01025243,0,1
2024461526087,2024,461526087,2,9,0,-1,3,3,7,-1,0,0,0,0,0,0,2,9,-1,7,1,29,6,1968,2,18,VOLKSWAGEN GOLF,2,E01024246,0,1
2024131418902,2024,131418902,1,9,0,-1,19,1,7,-1,0,2,0,0,0,0,1,1,-1,9,2,45,7,1896,2,22,VOLKSWAGEN GOLF,3,E01010671,0,1
2024311475593,2024,311475593,1,9,0,-1,19,7,3,-1,0,0,0,0,0,0,1,1,-1,9,1,20,4,1968,2,9,VOLKSWAGEN GOLF,5,E01028155,0,1
2024311526903,2024,311526903,1,9,0,-1,7,6,1,-1,0,0,0,0,0,0,4,1,-1,9,2,56,9,1984,1,0,VOLKSWAGEN GOLF,9,E01013901,0,4
2024052401206,2024,052401206,2,9,0,18,19,3,7,0,0,3,0,0,0,0,1,1,6,6,2,32,6,1968,2,13,VOLKSWAGEN GOLF,10,E01006367,0,2
2024522402645,2024,522402645,1,9,0,11,11,8,4,0,0,0,0,0,2,4,4,1,6,6,2,53,8,1390,1,12,VOLKSWAGEN GOLF,10,E01014616,0,1
2024010514133,2024,010514133,2,9,0,99,99,9,9,99,99,9,9,99,9,99,1,9,6,6,3,-1,-1,1600,1,19,VOLKSWAGEN GOLF,-1,-1,0,-1
2024552400105,2024,552400105,1,9,0,7,7,8,2,0,0,8,0,0,0,0,4,1,2,2,2,53,8,1968,2,12,VOLKSWAGEN GOLF,8,E01015333,0,1
2024440083299,2024,440083299,1,9,0,18,19,2,6,0,0,0,0,0,1,4,1,1,2,2,1,19,4,2792,1,23,VOLKSWAGEN GOLF,6,E01020442,0,4
2024010500774,2024,010500774,1,9,0,99,99,9,9,99,99,0,9,99,9,99,2,9,6,6,1,37,7,1390,1,19,VOLKSWAGEN GOLF,8,E01033580,0,1
2024131495775,2024,131495775,1,9,0,-1,19,7,3,-1,0,4,0,0,0,0,1,1,-1,6,3,-1,-1,1968,2,14,VOLKSWAGEN GOLF,-1,-1,0,-1
2024122500105,2024,122500105,2,9,0,8,8,2,5,0,0,1,0,0,0,0,2,1,6,6,2,27,6,1968,2,8,VOLKSWAGEN GOLF,7,E01013022,0,3
2024131433681,2024,131433681,2,9,0,-1,2,0,0,-1,0,8,0,0,0,0,3,1,-1,6,-1,-1,-1,1498,1,3,VOLKSWAGEN GOLF,-1,-1,0,-1
2024010522738,2024,010522738,1,9,0,99,99,9,9,99,99,9,9,99,9,99,1,9,6,6,3,-1,-1,1390,1,13,VOLKSWAGEN GOLF,-1,-1,0,-1
2024231522661,2024,231522661,1,9,0,-1,13,6,2,-1,0,0,1,6,0,0,4,1,-1,6,1,20,4,3200,1,17,VOLKSWAGEN GOLF,7,E01031140,0,1
2024141411768,2024,141411768,1,9,0,-1,9,3,1,-1,0,1,0,0,0,0,1,1,-1,9,1,20,4,1968,2,7,VOLKSWAGEN GOLF,1,E01033269,0,2
2024531488033,2024,531488033,1,9,0,-1,5,8,4,-1,0,8,0,0,0,0,1,1,-1,9,1,43,7,1395,8,6,VOLKSWAGEN GOLF,7,E01034785,0,2
2024131494617,2024,131494617,1,9,0,-1,9,3,7,-1,0,8,0,0,0,0,1,1,-1,9,1,31,6,1984,1,9,VOLKSWAGEN GOLF,6,E01010634,0,2
2024061399052,2024,061399052,1,9,-1,-1,1,-1,-1,-1,0,0,0,0,0,0,2,9,-1,6,3,-1,-1,1390,1,17,VOLKSWAGEN GOLF,-1,-1,0,-1
2024311444352,2024,311444352,2,9,0,-1,19,6,2,-1,0,0,0,0,0,0,1,1,-1,6,2,32,6,1598,2,7,VOLKSWAGEN GOLF,8,E01027940,0,1
2024052401118,2024,052401118,1,9,0,18,19,7,3,0,0,0,0,4,0,0,1,1,6,6,3,-1,-1,1395,1,7,VOLKSWAGEN GOLF,-1,-1,0,-1
2024430175008,2024,430175008,2,9,0,6,6,8,8,0,0,0,0,0,0,0,3,1,6,6,1,-1,-1,1498,1,6,VOLKSWAGEN GOLF,-1,-1,0,-1
2024141400408,2024,141400408,1,9,0,-1,7,7,2,-1,0,1,0,0,0,0,2,1,-1,9,2,62,9,1968,2,10,VOLKSWAGEN GOLF,1,E01008057,0,1
2024221522556,2024,221522556,1,9,0,-1,19,6,2,-1,0,1,0,0,0,0,1,1,-1,6,1,75,10,2000,2,19,VOLKSWAGEN GOLF,3,E01029014,0,4
2024371472377,2024,371472377,1,9,0,-1,11,-1,-1,-1,0,0,0,0,0,0,1,1,-1,6,1,40,7,1984,1,5,VOLKSWAGEN GOLF,10,E01029895,0,3
2024201525444,2024,201525444,2,9,0,-1,19,6,2,-1,0,0,0,0,0,0,2,9,-1,9,1,57,9,999,8,0,VOLKSWAGEN GOLF,5,E01009179,0,1
2024141487154,2024,141487154,2,9,0,-1,12,3,8,-1,0,0,0,0,0,0,1,9,-1,6,3,-1,-1,1498,1,3,VOLKSWAGEN GOLF,-1,-1,0,-1
2024461449626,2024,461449626,1,9,0,-1,19,7,3,-1,0,2,0,10,1,2,1,1,-1,6,1,27,6,1984,1,10,VOLKSWAGEN GOLF,6,E01024554,0,1
2024430298877,2024,430298877,1,9,0,18,19,4,8,0,0,0,0,0,0,0,1,1,2,2,1,36,7,1390,1,14,VOLKSWAGEN GOLF,8,E01002209,0,3
2024031502716,2024,031502716,1,9,0,-1,9,5,1,-1,0,6,0,0,0,0,1,1,-1,6,1,48,8,1896,2,22,VOLKSWAGEN GOLF,1,E01019156,0,1
2024401408746,2024,401408746,1,9,-1,-1,-1,-1,-1,-1,-1,-1,-1,-1,-1,0,3,9,-1,6,1,32,6,1390,1,15,VOLKSWAGEN GOLF,5,E01015742,0,1
202417M114024,2024,17M114024,1,9,0,-1,19,4,8,-1,0,8,0,0,0,0,1,1,-1,6,1,-1,-1,1498,1,1,VOLKSWAGEN GOLF,-1,-1,0,-1
2024231417238,2024,231417238,1,9,0,-1,19,2,6,-1,0,1,5,4,0,0,1,1,-1,6,1,37,7,1598,2,14,VOLKSWAGEN GOLF,5,E01031262,0,1
2024421436143,2024,421436143,1,9,0,-1,9,5,3,-1,0,6,0,0,0,0,1,1,-1,9,1,79,11,1498,1,5,VOLKSWAGEN GOLF,8,E01021690,0,1
2024201479650,2024,201479650,2,9,0,-1,19,2,6,-1,0,1,0,0,0,0,2,1,-1,6,3,-1,-1,1984,1,3,VOLKSWAGEN GOLF,-1,-1,0,-1
2024141510162,2024,141510162,1,9,0,-1,5,1,2,-1,9,0,0,0,0,0,1,1,-1,9,2,22,5,1598,2,12,VOLKSWAGEN GOLF,1,E01007875,0,1
2024101455257,2024,101455257,1,9,0,-1,19,2,6,-1,0,0,0,0,0,0,1,1,-1,2,1,19,4,1598,2,12,VOLKSWAGEN GOLF,4,E01008555,0,3
2024451491578,2024,451491578,1,9,0,-1,19,1,5,-1,0,0,1,0,1,4,1,1,-1,9,1,26,6,1984,1,9,VOLKSWAGEN GOLF,4,E01002447,0,3
2024101498324,2024,101498324,1,9,0,-1,9,7,3,-1,0,6,0,0,1,1,4,1,-1,9,2,65,9,1498,1,0,VOLKSWAGEN GOLF,-1,-1,0,-1
2024311471227,2024,311471227,2,9,0,-1,19,2,6,-1,0,1,0,0,0,0,1,1,-1,9,1,21,5,1968,2,7,VOLKSWAGEN GOLF,6,E01007570,0,3
2024041488140,2024,041488140,2,9,0,-1,19,1,5,-1,0,1,0,0,0,0,1,1,-1,6,1,30,6,1598,2,8,VOLKSWAGEN GOLF,3,E01025065,0,2
2024131413985,2024,131413985,1,9,0,-1,19,1,5,-1,0,5,0,0,0,0,1,2,-1,9,1,40,7,1968,2,9,VOLKSWAGEN GOLF,5,E01011164,0,1
2024302400913,2024,302400913,2,9,0,16,19,8,3,0,0,0,0,0,0,0,1,1,6,6,1,75,10,1896,2,17,VOLKSWAGEN GOLF,4,E01019470,0,1
2024010507469,2024,010507469,1,9,5,18,19,4,8,0,0,0,0,0,0,0,2,1,6,6,1,33,6,1984,1,5,VOLKSWAGEN GOLF,-1,-1,0,-1
2024201501710,2024,201501710,1,9,0,-1,19,6,2,-1,0,0,0,0,0,0,1,1,-1,6,1,20,4,1984,1,7,VOLKSWAGEN GOLF,-1,-1,0,-1
2024201485884,2024,201485884,1,9,0,-1,9,6,4,-1,0,6,0,0,0,0,4,1,-1,2,1,61,9,1595,1,22,VOLKSWAGEN GOLF,4,E01009449,0,2
2024010509088,2024,010509088,1,9,0,99,99,9,9,99,99,0,9,99,9,99,9,9,6,6,1,40,7,1390,1,19,VOLKSWAGEN GOLF,6,E01035705,0,2
2024161442868,2024,161442868,1,9,0,-1,9,5,7,-1,0,6,0,0,0,0,4,1,-1,9,1,23,5,1968,2,14,VOLKSWAGEN GOLF,2,E01012992,0,2
2024531404533,2024,531404533,1,9,0,-1,19,5,1,-1,0,0,0,0,0,0,1,1,-1,7,1,26,6,1896,2,16,VOLKSWAGEN GOLF,7,E01022445,0,1
2024010534898,2024,010534898,2,9,0,18,19,3,7,0,0,8,1,0,0,0,3,1,6,6,2,30,6,1395,1,9,VOLKSWAGEN GOLF,-1,-1,0,-1
2024201437843,2024,201437843,2,9,0,-1,19,2,6,-1,0,0,0,7,1,7,1,9,-1,6,1,31,6,1498,1,0,VOLKSWAGEN GOLF,1,E01009307,0,3
2024010507969,2024,010507969,2,9,0,99,99,9,9,99,99,9,9,99,9,99,9,9,6,6,3,-1,-1,1395,1,10,VOLKSWAGEN GOLF,-1,-1,0,-1
2024010543560,2024,010543560,3,9,0,2,2,0,0,0,0,1,0,4,0,0,1,1,6,6,3,-1,-1,1390,1,15,VOLKSWAGEN GOLF,-1,-1,0,-1
2024161521430,2024,161521430,2,9,0,-1,19,2,6,-1,0,0,0,0,0,0,2,1,-1,9,1,42,7,1598,2,11,VOLKSWAGEN GOLF,7,E01027814,0,4