collision_index,collision_year,collision_ref_no,vehicle_reference,vehicle_type,towing_and_articulation,vehicle_manoeuvre_historic,vehicle_manoeuvre,vehicle_direction_from,vehicle_direction_to,vehicle_location_restricted_lane_historic,vehicle_location_restricted_lane,junction_location,skidding_and_overturning,hit_object_in_carriageway,vehicle_leaving_carriageway,hit_object_off_carriageway,first_point_of_impact,vehicle_left_hand_drive,journey_purpose_of_driver_historic,journey_purpose_of_driver,sex_of_driver,age_of_driver,age_band_of_driver,engine_capacity_cc,propulsion_code,age_of_vehicle,generic_make_model,driver_imd_decile,lsoa_of_driver,escooter_flag,driver_distance_banding
2024131525193,2024,131525193,1,9,0,-1,9,1,5,-1,0,8,0,0,0,0,1,1,-1,2,1,35,6,1598,2,7,VOLKSWAGEN GOLF,4,E01034263,0,3
2024522500112,2024,522500112,1,9,0,18,19,6,2,0,0,0,0,11,0,0,1,1,6,6,1,85,11,1498,1,4,VOLKSWAGEN GOLF,6,E01014459,0,3
2024340NN4232,2024,340NN4232,2,9,0,-1,19,5,1,-1,0,1,0,0,0,0,4,1,-1,9,2,70,10,1900,2,19,VOLKSWAGEN GOLF,2,E01026966,0,1
2024131476498,2024,131476498,1,9,0,-1,-1,-1,-1,-1,-1,0,-1,-1,-1,-1,-1,1,-1,6,3,-1,-1,1968,2,10,VOLKSWAGEN GOLF,-1,-1,0,-1
2024122500455,2024,122500455,1,9,0,18,19,3,1,0,0,0,2,7,1,10,3,1,6,6,1,43,7,1984,1,9,VOLKSWAGEN GOLF,6,E01030063,0,5
2024991485832,2024,991485832,2,9,0,-1,19,1,5,-1,0,0,1,0,1,0,1,1,-1,9,1,20,4,1390,1,15,VOLKSWAGEN GOLF,10,-1,0,2
2024461425386,2024,461425386,1,9,0,-1,19,5,1,-1,0,1,0,0,0,0,1,9,-1,6,1,48,8,1781,1,28,VOLKSWAGEN GOLF,2,E01024241,0,2
2024010506210,2024,010506210,3,9,0,18,19,7,3,0,0,0,0,0,0,0,2,1,6,6,1,46,8,1498,1,5,VOLKSWAGEN GOLF,2,E01001800,0,2
2024052402728,2024,052402728,1,9,0,18,19,7,3,0,0,8,0,0,0,0,1,1,6,6,2,43,7,-1,3,7,VOLKSWAGEN GOLF,5,E01006527,0,1
2024061421915,2024,061421915,1,9,0,-1,19,-1,-1,-1,0,0,0,0,0,0,0,9,-1,6,3,-1,-1,1984,1,7,VOLKSWAGEN GOLF,-1,-1,0,-1
2024010503668,2024,010503668,2,9,0,99,99,9,9,99,99,9,9,99,9,99,9,9,6,6,3,-1,-1,999,8,0,VOLKSWAGEN GOLF,-1,-1,0,-1
2024471473504,2024,471473504,2,9,0,-1,4,4,1,-1,0,0,0,0,0,0,2,1,-1,9,1,53,8,1598,2,13,VOLKSWAGEN GOLF,10,E01030438,0,4
2024302400696,2024,302400696,2,9,0,18,19,5,1,0,0,8,0,0,0,0,1,1,6,6,3,34,6,1598,2,9,VOLKSWAGEN GOLF,7,E01013562,0,1
2024451489006,2024,451489006,2,9,0,-1,19,1,5,-1,0,8,0,0,0,0,2,1,-1,6,1,35,6,1968,2,11,VOLKSWAGEN GOLF,9,E01030580,0,1
2024201405504,2024,201405504,1,9,0,-1,19,6,2,-1,0,2,0,0,0,0,1,1,-1,6,1,33,6,1968,2,9,VOLKSWAGEN GOLF,4,E01010002,0,2
2024131405127,2024,131405127,1,9,0,-1,19,1,1,-1,0,1,0,0,0,0,1,1,-1,2,1,36,7,1968,2,8,VOLKSWAGEN GOLF,6,E01035051,0,1
2024440013111,2024,440013111,1,9,0,18,19,5,1,0,0,0,1,10,0,0,1,1,6,6,2,32,6,1395,8,3,VOLKSWAGEN GOLF,10,E01023040,0,1
2024161511395,2024,161511395,3,9,0,-1,3,1,5,-1,0,0,0,0,0,0,2,1,-1,9,1,39,7,1498,1,7,VOLKSWAGEN GOLF,4,E01012981,0,4
2024010527588,2024,010527588,1,9,0,18,19,7,3,0,0,8,0,0,0,0,1,1,6,6,2,55,8,1390,1,10,VOLKSWAGEN GOLF,-1,-1,0,-1
2024061537449,2024,061537449,2,9,0,-1,9,8,6,-1,0,5,0,0,1,0,2,1,-1,6,1,38,7,1598,2,14,VOLKSWAGEN GOLF,2,E01005441,0,1
2024131503631,2024,131503631,1,9,0,-1,9,5,5,-1,0,0,0,0,0,0,2,1,-1,9,2,39,7,1600,1,20,VOLKSWAGEN GOLF,2,E01033104,0,4
2024111436191,2024,111436191,1,9,0,-1,5,5,3,-1,0,6,0,0,0,0,1,1,-1,2,2,35,6,1598,2,9,VOLKSWAGEN GOLF,4,E01020904,0,1
2024131421732,2024,131421732,2,9,0,-1,19,4,8,-1,0,0,0,0,0,0,1,1,-1,6,2,33,6,1598,2,9,VOLKSWAGEN GOLF,1,E01011432,0,1
2024471494206,2024,471494206,2,9,0,-1,3,6,2,-1,0,1,0,0,0,0,2,1,-1,6,1,28,6,1598,2,11,VOLKSWAGEN GOLF,4,E01016894,0,1
2024501406841,2024,501406841,1,9,0,-1,19,3,1,-1,0,0,1,11,1,0,1,9,-1,6,1,77,11,1395,8,7,VOLKSWAGEN GOLF,6,E01019959,0,1
2024061447803,2024,061447803,3,9,0,-1,19,5,1,-1,0,1,0,0,0,0,1,1,-1,6,2,38,7,1395,8,0,VOLKSWAGEN GOLF,3,E01005161,0,1
2024552401038,2024,552401038,2,9,0,3,3,8,4,0,0,0,0,0,0,0,2,1,6,6,1,30,6,1598,2,8,VOLKSWAGEN GOLF,5,E01020472,0,1
2024361460760,2024,361460760,1,9,0,-1,1,5,1,-1,0,0,0,0,0,0,4,1,-1,9,1,54,8,1968,2,8,VOLKSWAGEN GOLF,9,E01026509,0,4
2024161438948,2024,161438948,2,9,0,-1,19,7,3,-1,0,0,0,0,0,0,1,1,-1,9,1,23,5,1968,2,2,VOLKSWAGEN GOLF,1,E01012892,0,2
2024031494165,2024,031494165,2,9,0,-1,19,5,8,-1,0,1,0,0,0,0,3,1,-1,9,1,45,7,1390,1,20,VOLKSWAGEN GOLF,6,E01005857,0,5
2024010514907,2024,010514907,2,9,0,18,19,6,2,0,0,8,0,0,0,0,1,1,2,2,2,48,8,1598,2,7,VOLKSWAGEN GOLF,6,E01003411,0,1
2024201475695,2024,201475695,1,9,0,-1,19,6,2,-1,0,3,0,10,1,11,1,1,-1,9,1,20,4,1980,1,7,VOLKSWAGEN GOLF,2,E01009389,0,3
2024061419620,2024,061419620,1,9,0,-1,19,7,3,-1,0,0,0,0,0,0,1,1,-1,6,1,50,8,1984,1,10,VOLKSWAGEN GOLF,-1,-1,0,-1
2024201518304,2024,201518304,1,9,0,-1,9,8,5,-1,0,6,0,0,0,0,1,1,-1,1,1,48,8,1395,1,8,VOLKSWAGEN GOLF,6,E01009251,0,2
2024320757009,2024,320757009,2,9,0,2,2,0,0,0,0,0,0,0,0,0,3,1,6,6,3,-1,-1,1598,2,13,VOLKSWAGEN GOLF,-1,-1,0,-1
2024371523731,2024,371523731,4,9,0,-1,4,1,5,-1,0,0,0,0,0,0,1,1,-1,6,1,25,5,1390,1,14,VOLKSWAGEN GOLF,10,E01021384,0,4
2024010504263,2024,010504263,2,9,0,99,99,9,9,99,99,9,9,99,9,99,1,9,6,6,3,46,8,1395,1,7,VOLKSWAGEN GOLF,2,E01034044,0,1
2024991512451,2024,991512451,1,9,0,-1,3,4,8,-1,0,0,0,0,0,0,2,1,-1,6,2,38,7,1598,1,16,VOLKSWAGEN GOLF,2,-1,0,1
2024371405510,2024,371405510,1,9,0,-1,9,7,4,-1,0,2,0,0,0,0,1,1,-1,2,1,36,7,1896,2,16,VOLKSWAGEN GOLF,10,E01030206,0,1
2024302401632,2024,302401632,1,9,0,18,19,5,1,0,0,3,0,0,0,0,3,1,6,6,3,-1,-1,1498,1,0,VOLKSWAGEN GOLF,5,E01019456,0,3
2024451514523,2024,451514523,1,9,0,-1,19,5,1,-1,0,1,0,0,1,9,1,1,-1,9,2,17,4,1390,1,13,VOLKSWAGEN GOLF,10,E01030456,0,2
2024548306024,2024,548306024,1,9,0,5,5,8,4,0,0,1,0,0,0,0,1,1,6,6,2,42,7,2000,2,18,VOLKSWAGEN GOLF,10,E01031913,0,2
2024501441408,2024,501441408,2,9,0,-1,19,5,1,-1,0,2,0,0,0,0,0,1,-1,9,1,17,4,1390,1,15,VOLKSWAGEN GOLF,10,E01019943,0,4
2024451413467,2024,451413467,1,9,0,-1,19,3,7,-1,0,0,0,0,0,0,1,1,-1,9,1,19,4,1390,1,15,VOLKSWAGEN GOLF,10,E01030504,0,1
2024430428227,2024,430428227,1,9,0,18,19,5,1,0,0,2,0,0,0,0,1,1,6,6,1,28,6,1598,2,13,VOLKSWAGEN GOLF,3,E01032729,0,1
2024440082596,2024,440082596,2,9,0,16,19,4,6,0,0,1,0,0,0,0,1,1,6,6,2,43,7,1968,2,11,VOLKSWAGEN GOLF,5,E01017365,0,1
2024041467595,2024,041467595,1,9,0,-1,5,3,3,-1,0,1,0,0,3,0,1,1,-1,2,2,43,7,1395,1,8,VOLKSWAGEN GOLF,1,E01024858,0,1
2024440372807,2024,440372807,1,9,0,18,19,3,7,0,0,0,0,4,0,0,1,1,6,6,3,-1,-1,1968,2,17,VOLKSWAGEN GOLF,-1,-1,0,-1
2024552401235,2024,552401235,2,9,0,9,9,4,3,0,0,5,0,0,0,0,3,1,6,6,1,72,10,1598,1,17,VOLKSWAGEN GOLF,6,E01020566,0,1
2024010546550,2024,010546550,1,9,0,99,99,9,9,99,99,9,9,99,9,99,0,9,6,6,1,33,6,1395,1,10,VOLKSWAGEN GOLF,8,E01001069,0,2
2024010513080,2024,010513080,2,9,0,99,99,9,9,99,99,9,9,99,9,99,1,9,6,6,3,-1,-1,1390,1,15,VOLKSWAGEN GOLF,-1,-1,0,-1
2024340WN2172,2024,340WN2172,2,9,0,-1,13,3,7,-1,0,0,0,0,0,0,1,1,-1,2,1,26,6,1598,1,18,VOLKSWAGEN GOLF,1,E01013640,0,4
2024131441869,2024,131441869,1,9,0,-1,-1,-1,-1,-1,-1,0,-1,-1,-1,-1,-1,1,-1,6,3,-1,-1,1968,2,11,VOLKSWAGEN GOLF,-1,-1,0,-1
2024531432792,2024,531432792,1,9,0,-1,19,7,3,-1,0,0,0,0,0,0,1,1,-1,9,2,33,6,1896,2,17,VOLKSWAGEN GOLF,5,E01014062,0,3
2024302400934,2024,302400934,2,9,0,18,19,2,6,0,0,0,0,0,0,0,1,1,2,2,1,51,8,1395,1,9,VOLKSWAGEN GOLF,10,E01007929,0,3
2024201472394,2024,201472394,1,9,0,-1,19,2,6,-1,0,0,0,0,0,0,3,1,-1,6,1,40,7,1968,2,8,VOLKSWAGEN GOLF,3,E01031172,0,4
2024201404302,2024,201404302,1,9,0,-1,19,6,2,-1,0,1,1,0,0,0,1,9,-1,9,1,-1,-1,2000,1,15,VOLKSWAGEN GOLF,-1,-1,0,-1
2024061496813,2024,061496813,2,9,0,-1,9,5,3,-1,0,0,0,0,0,0,2,1,-1,9,1,39,7,1598,2,12,VOLKSWAGEN GOLF,-1,-1,0,-1
2024122400931,2024,122400931,1,9,0,16,19,4,6,0,0,7,1,0,4,6,3,1,6,6,1,35,6,1984,1,1,VOLKSWAGEN GOLF,2,E01008744,0,4
2024010512175,2024,010512175,1,9,0,18,19,7,3,0,0,2,5,11,0,0,3,1,6,6,1,26,6,1984,1,1,VOLKSWAGEN GOLF,3,E01002797,0,1
2024010535763,2024,010535763,1,9,0,9,9,1,7,0,0,8,0,0,0,0,1,1,1,1,1,69,10,1598,2,8,VOLKSWAGEN GOLF,5,E01003740,0,1
2024371434991,2024,371434991,1,9,0,-1,19,3,7,-1,0,0,0,0,0,0,1,1,-1,6,2,33,6,1498,1,6,VOLKSWAGEN GOLF,3,E01001819,0,4
2024440523254,2024,440523254,1,9,0,18,19,2,6,0,0,0,0,0,0,0,1,1,6,6,2,77,11,1968,2,4,VOLKSWAGEN GOLF,10,E01020371,0,1
2024991417869,2024,991417869,2,9,0,-1,19,1,5,-1,0,0,0,0,0,0,4,1,-1,6,1,24,5,1395,1,8,VOLKSWAGEN GOLF,10,-1,0,1
2024131500730,2024,131500730,1,9,0,-1,19,7,3,-1,0,0,0,0,0,0,1,1,-1,6,3,-1,-1,1984,1,5,VOLKSWAGEN GOLF,-1,-1,0,-1
2024340NN1402,2024,340NN1402,1,9,0,-1,19,3,7,-1,0,2,0,0,0,0,1,1,-1,6,1,21,5,1598,2,10,VOLKSWAGEN GOLF,8,E01027087,0,1
2024211466511,2024,211466511,1,9,0,-1,3,5,1,-1,0,1,0,0,0,0,2,1,-1,6,1,34,6,1598,2,4,VOLKSWAGEN GOLF,8,E01014214,0,1
2024061407789,2024,061407789,1,9,0,-1,19,1,6,-1,0,1,2,10,1,7,1,1,-1,9,1,24,5,1197,1,8,VOLKSWAGEN GOLF,2,E01005473,0,1
2024010538590,2024,010538590,2,9,0,9,9,1,7,0,0,1,0,0,0,0,1,1,2,2,1,33,6,1390,1,15,VOLKSWAGEN GOLF,5,E01035663,0,1
2024201474463,2024,201474463,2,9,0,-1,2,0,0,-1,0,0,0,0,0,0,2,1,-1,6,-1,-1,-1,1390,1,14,VOLKSWAGEN GOLF,-1,-1,0,-1
2024311517279,2024,311517279,1,9,0,-1,19,5,1,-1,0,0,0,0,0,0,4,1,-1,6,1,24,5,1968,2,10,VOLKSWAGEN GOLF,-1,-1,0,-1
2024501428923,2024,501428923,1,9,0,-1,19,4,8,-1,2,1,0,0,0,0,1,1,-1,6,1,51,8,1968,2,10,VOLKSWAGEN GOLF,2,E01015072,0,1
2024411507839,2024,411507839,3,9,0,-1,5,5,1,-1,0,0,0,0,0,0,2,1,-1,6,2,59,9,1498,1,4,VOLKSWAGEN GOLF,10,E01023949,0,3
2024311486584,2024,311486584,1,9,0,-1,9,4,3,-1,0,2,0,0,0,0,3,1,-1,6,1,27,6,1390,1,15,VOLKSWAGEN GOLF,2,E01028284,0,4
2024522401446,2024,522401446,1,9,0,17,19,5,2,0,0,2,0,4,0,0,1,1,6,6,2,38,7,1600,1,19,VOLKSWAGEN GOLF,1,E01014589,0,1
2024520402608,2024,520402608,2,9,0,18,19,6,2,0,0,8,0,0,0,0,3,1,6,6,1,55,8,1968,2,9,VOLKSWAGEN GOLF,5,E01035132,0,4
2024421509590,2024,421509590,1,9,0,-1,15,7,3,-1,0,1,0,0,0,0,4,9,-1,6,1,-1,-1,1984,1,12,VOLKSWAGEN GOLF,-1,-1,0,-1
2024461431461,2024,461431461,2,9,0,-1,5,6,2,-1,0,8,0,0,0,0,4,1,-1,9,1,77,11,1395,1,8,VOLKSWAGEN GOLF,5,E01016178,0,1
2024501488830,2024,501488830,2,9,0,-1,19,5,1,-1,0,0,0,0,0,0,1,1,-1,6,2,76,11,1390,1,14,VOLKSWAGEN GOLF,7,E01020317,0,2
2024461508145,2024,461508145,1,9,0,-1,5,7,3,-1,0,1,0,11,0,0,1,1,-1,9,1,55,8,1395,1,7,VOLKSWAGEN GOLF,7,E01002538,0,5
2024201444688,2024,201444688,3,9,0,-1,7,3,2,-1,0,5,1,10,2,0,1,1,-1,6,1,-1,-1,1900,2,20,VOLKSWAGEN GOLF,2,E01010049,0,1
2024421520489,2024,421520489,1,9,0,-1,9,6,2,-1,0,8,0,0,0,0,3,1,-1,9,2,56,9,1984,1,1,VOLKSWAGEN GOLF,6,E01015863,0,1
2024351538214,2024,351538214,2,9,0,-1,19,7,3,-1,0,1,0,0,0,0,1,1,-1,6,1,19,4,1598,1,19,VOLKSWAGEN GOLF,1,E01015607,0,2
2024332400512,2024,332400512,1,9,0,-1,9,7,5,-1,0,6,0,0,0,0,1,1,-1,6,1,29,6,1498,1,3,VOLKSWAGEN GOLF,1,E01005065,0,5
2024401539211,2024,401539211,1,9,0,-1,5,8,4,-1,0,0,0,0,0,0,2,1,-1,6,2,62,9,1598,2,9,VOLKSWAGEN GOLF,10,E01017611,0,1
2024451394853,2024,451394853,2,9,0,-1,4,3,7,-1,0,1,0,0,0,0,2,1,-1,9,1,85,11,1390,1,12,VOLKSWAGEN GOLF,9,E01030731,0,1
2024201397552,2024,201397552,1,9,0,-1,19,4,8,-1,0,0,0,0,0,0,1,9,-1,6,1,-1,-1,1984,1,9,VOLKSWAGEN GOLF,-1,-1,0,-1
2024471418829,2024,471418829,2,9,0,-1,5,5,1,-1,0,3,0,0,0,0,3,1,-1,9,2,59,9,1598,2,13,VOLKSWAGEN GOLF,6,E01015361,0,5
2024501433877,2024,501433877,1,9,0,-1,19,6,2,-1,0,1,0,0,1,0,1,1,-1,6,1,20,4,1598,2,10,VOLKSWAGEN GOLF,3,E01019991,0,4
2024010544320,2024,010544320,2,8,9,99,99,9,9,99,99,9,9,99,9,99,9,9,6,6,3,-1,-1,999,1,6,VOLKSWAGEN GOLF,-1,-1,0,-1
2024501485898,2024,501485898,2,9,0,-1,19,6,8,-1,0,0,1,11,1,11,1,1,-1,9,1,31,6,1968,2,11,VOLKSWAGEN GOLF,3,E01020285,0,2
2024501535879,2024,501535879,1,9,0,-1,19,4,6,-1,0,2,0,0,7,11,1,1,-1,9,2,78,11,1498,1,0,VOLKSWAGEN GOLF,1,E01018878,0,1
2024201468145,2024,201468145,2,9,0,-1,19,7,3,-1,0,8,0,0,0,0,1,1,-1,6,1,43,7,1896,2,17,VOLKSWAGEN GOLF,3,E01009876,0,1
2024061396973,2024,061396973,1,9,0,-1,9,5,7,-1,0,8,0,0,0,0,1,1,-1,6,1,17,4,1896,2,17,VOLKSWAGEN GOLF,-1,-1,0,-1
2024131494677,2024,131494677,2,9,0,-1,19,6,6,-1,0,1,0,0,0,0,4,1,-1,1,1,34,6,1390,1,15,VOLKSWAGEN GOLF,2,E01010673,0,3
2024471522439,2024,471522439,1,9,0,-1,19,2,6,-1,0,0,1,0,0,0,1,1,-1,9,1,78,11,1968,2,10,VOLKSWAGEN GOLF,7,E01031541,0,2
2024622400140,2024,622400140,1,9,0,18,19,4,8,0,0,8,2,7,1,6,1,1,6,6,2,18,4,1896,2,22,VOLKSWAGEN GOLF,3,W01001435,0,3
2024340WN6122,2024,340WN6122,1,9,0,-1,19,1,5,-1,0,0,1,2,0,0,1,1,-1,9,1,57,9,1968,2,15,VOLKSWAGEN GOLF,1,E01008017,0,5
2024131533129,2024,131533129,1,9,0,-1,4,6,7,-1,0,0,0,0,0,0,1,1,-1,6,1,23,5,1598,2,13,VOLKSWAGEN GOLF,2,E01010806,0,1
2024411459685,2024,411459685,2,9,-1,-1,19,-1,-1,-1,0,0,0,0,0,0,-1,9,-1,2,2,33,6,1498,1,5,VOLKSWAGEN GOLF,8,E01021621,0,4
2024471427562,2024,471427562,2,9,0,-1,4,1,5,-1,0,4,0,0,0,0,2,1,-1,2,1,32,6,1968,2,14,VOLKSWAGEN GOLF,6,E01021199,0,1
2024131431205,2024,131431205,2,9,0,-1,19,1,1,-1,0,8,0,0,0,0,2,1,-1,6,1,33,6,1968,2,8,VOLKSWAGEN GOLF,5,E01011648,0,1
2024010525007,2024,010525007,1,9,0,9,9,5,2,0,0,1,0,0,0,0,1,1,1,1,1,24,5,1498,1,4,VOLKSWAGEN GOLF,1,E01001562,0,2
2024411510768,2024,411510768,1,9,0,-1,19,1,5,-1,0,8,0,0,0,0,1,1,-1,6,1,40,7,1390,1,20,VOLKSWAGEN GOLF,7,E01023307,0,1
2024401522142,2024,401522142,1,9,0,-1,19,7,3,-1,0,0,0,0,0,0,1,1,-1,6,1,26,6,1598,2,12,VOLKSWAGEN GOLF,5,E01015739,0,1
2024501496819,2024,501496819,2,9,0,-1,7,5,7,-1,4,0,0,0,0,0,4,1,-1,6,2,55,8,2000,2,19,VOLKSWAGEN GOLF,4,E01020032,0,1
2024221439216,2024,221439216,3,9,0,-1,2,0,0,-1,0,0,0,0,0,0,2,1,-1,9,1,17,4,1598,2,11,VOLKSWAGEN GOLF,6,E01032196,0,1
2024010509976,2024,010509976,1,9,0,99,99,9,9,99,99,9,9,99,9,99,9,9,6,6,2,75,10,1395,1,6,VOLKSWAGEN GOLF,10,E01030672,0,3
2024211482067,2024,211482067,2,9,0,-1,19,3,7,-1,0,1,0,0,0,0,1,1,-1,6,1,35,6,1498,1,3,VOLKSWAGEN GOLF,2,E01009481,0,4
2024501461132,2024,501461132,1,9,0,-1,19,3,7,-1,0,0,1,0,2,11,1,1,-1,9,1,19,4,999,1,1,VOLKSWAGEN GOLF,3,E01020131,0,1
2024201520463,2024,201520463,3,9,0,-1,2,0,0,-1,0,0,0,4,0,0,3,1,-1,6,1,-1,-1,1598,1,16,VOLKSWAGEN GOLF,2,E01027229,0,4
2024421433260,2024,421433260,5,9,0,-1,13,1,5,-1,0,0,0,0,0,0,0,1,-1,6,1,43,7,1984,1,6,VOLKSWAGEN GOLF,7,E01022058,0,2
2024052400381,2024,052400381,2,9,0,18,19,3,7,0,0,1,0,0,0,0,1,1,6,6,1,52,8,1390,1,16,VOLKSWAGEN GOLF,1,E01034137,0,4
2024141429828,2024,141429828,1,9,0,-1,19,4,8,-1,0,0,1,0,1,4,1,1,-1,9,1,28,6,1600,2,15,VOLKSWAGEN GOLF,2,E01008014,0,1
2024122400434,2024,122400434,1,9,0,9,9,6,4,0,0,6,0,0,0,0,1,1,6,6,2,41,7,1598,2,7,VOLKSWAGEN GOLF,5,E01034968,0,1
2024631488155,2024,631488155,2,9,0,-1,19,5,1,-1,0,0,1,4,1,0,1,1,-1,9,1,55,8,1968,2,12,VOLKSWAGEN GOLF,6,W01000433,0,1
2024430290291,2024,430290291,1,9,0,1,1,1,7,0,0,0,0,0,0,0,2,1,6,6,3,-1,-1,999,1,0,VOLKSWAGEN GOLF,-1,-1,0,-1
2024471428434,2024,471428434,1,9,0,-1,19,7,3,-1,0,0,0,0,0,0,2,1,-1,9,1,31,6,1598,2,12,VOLKSWAGEN GOLF,9,E01021208,0,3
2024161523340,2024,161523340,3,9,0,-1,19,1,5,-1,0,0,0,0,0,0,2,1,-1,6,1,32,6,1968,2,17,VOLKSWAGEN GOLF,4,E01012797,0,1
2024201440588,2024,201440588,1,9,0,-1,7,3,7,-1,0,6,0,0,0,0,1,1,-1,6,3,-1,-1,1984,1,10,VOLKSWAGEN GOLF,-1,-1,0,-1
2024131493838,2024,131493838,1,9,0,-1,19,7,3,-1,0,0,0,0,1,10,1,1,-1,1,1,38,7,1984,1,11,VOLKSWAGEN GOLF,3,E01011722,0,3
2024401523255,2024,401523255,1,9,0,-1,11,5,1,-1,0,0,0,0,0,0,1,1,-1,6,1,31,6,999,8,0,VOLKSWAGEN GOLF,2,E01015787,0,3
2024010538412,2024,010538412,1,9,0,9,9,6,4,0,0,2,0,0,0,0,1,1,6,6,1,21,5,1598,2,8,VOLKSWAGEN GOLF,5,E01004345,0,3
2024440143626,2024,440143626,1,9,0,13,13,4,8,0,0,0,1,0,0,0,4,1,6,6,1,18,4,1896,2,21,VOLKSWAGEN GOLF,10,E01028461,0,5
2024061497028,2024,061497028,2,9,0,-1,7,7,1,-1,0,4,0,0,0,0,1,1,-1,9,1,29,6,1984,1,10,VOLKSWAGEN GOLF,1,E01005461,0,1
2024201464339,2024,201464339,1,9,0,-1,19,6,2,-1,0,0,1,4,0,0,1,1,-1,6,1,30,6,1984,1,7,VOLKSWAGEN GOLF,-1,-1,0,-1
2024461528101,2024,461528101,2,9,0,-1,4,3,7,-1,0,0,0,0,0,0,2,9,-1,9,2,35,6,-1,3,5,VOLKSWAGEN GOLF,4,E01016151,0,2
2024052401798,2024,052401798,2,9,0,18,19,6,2,0,0,1,0,0,0,0,3,1,6,6,1,33,6,1968,2,14,VOLKSWAGEN GOLF,1,E01006637,0,1
2024421397762,2024,421397762,2,9,0,-1,9,1,5,-1,0,0,0,0,0,0,3,1,-1,6,1,22,5,1984,1,6,VOLKSWAGEN GOLF,-1,-1,0,-1
2024471524249,2024,471524249,1,9,0,-1,-1,-1,-1,-1,-1,0,-1,-1,-1,0,-1,9,-1,6,1,32,6,1598,2,12,VOLKSWAGEN GOLF,4,E01020935,0,1
2024131485701,2024,131485701,1,9,0,-1,19,7,3,-1,0,0,0,0,0,0,1,1,-1,6,2,29,6,1498,1,5,VOLKSWAGEN GOLF,2,E01011079,0,3
2024991525231,2024,991525231,1,9,0,-1,19,4,7,-1,0,8,1,0,0,0,1,1,-1,6,1,19,4,1395,1,6,VOLKSWAGEN GOLF,-1,-1,0,-1
2024010542413,2024,010542413,1,9,0,18,19,1,5,0,0,0,5,4,0,0,1,1,6,6,1,24,5,999,1,8,VOLKSWAGEN GOLF,3,E01034608,0,3
2024471532246,2024,471532246,2,9,0,-1,19,6,2,-1,0,0,1,0,1,0,3,1,-1,6,2,59,9,1395,1,8,VOLKSWAGEN GOLF,5,E01021099,0,1
2024471439104,2024,471439104,1,9,0,-1,19,7,3,-1,0,0,5,0,1,3,1,1,-1,9,2,31,6,1598,1,17,VOLKSWAGEN GOLF,5,E01021087,0,2
2024041440529,2024,041440529,1,9,0,-1,-1,-1,-1,-1,0,0,0,0,0,0,-1,1,-1,6,3,-1,-1,1598,2,12,VOLKSWAGEN GOLF,-1,-1,0,-1
2024141465371,2024,141465371,1,9,0,-1,6,8,8,-1,0,1,0,0,0,0,3,1,-1,6,1,30,6,1598,2,12,VOLKSWAGEN GOLF,1,E01007883,0,1
2024010517542,2024,010517542,1,9,0,9,9,3,1,0,0,1,0,0,0,0,3,1,2,2,1,53,8,1598,1,18,VOLKSWAGEN GOLF,4,E01023883,0,4
2024541629524,2024,541629524,2,9,0,9,9,8,4,0,0,5,0,0,0,0,2,1,6,6,2,31,6,1598,2,7,VOLKSWAGEN GOLF,1,E01015508,0,2
2024010500707,2024,010500707,1,9,0,3,3,7,3,0,0,1,0,0,0,0,2,9,6,6,1,43,7,1395,1,8,VOLKSWAGEN GOLF,4,E01003278,0,1
2024201527129,2024,201527129,4,9,0,-1,19,4,8,-1,0,0,0,0,0,0,0,1,-1,8,1,44,7,1984,1,0,VOLKSWAGEN GOLF,4,E01009234,0,2
2024501460762,2024,501460762,1,9,0,-1,1,1,7,-1,99,0,0,0,0,0,2,1,-1,6,2,37,7,1390,1,15,VOLKSWAGEN GOLF,9,E01019925,0,3
2024131508557,2024,131508557,1,9,0,-1,9,7,3,-1,0,8,0,0,0,0,1,1,-1,2,2,50,8,1395,1,7,VOLKSWAGEN GOLF,6,E01010786,0,3
2024302400733,2024,302400733,2,9,0,18,19,5,1,0,0,1,0,0,0,0,1,1,6,6,1,34,6,1968,2,15,VOLKSWAGEN GOLF,1,E01013486,0,1
2024522403454,2024,522403454,1,9,0,18,19,5,1,0,0,0,0,0,5,6,1,1,6,6,1,28,6,1968,2,18,VOLKSWAGEN GOLF,3,E01014830,0,3
2024320607693,2024,320607693,1,9,0,4,4,6,2,0,0,1,0,0,0,0,1,1,-1,-1,1,25,5,1781,1,21,VOLKSWAGEN GOLF,1,E01026083,0,1
2024211408715,2024,211408715,2,9,0,-1,4,3,7,-1,0,0,0,0,0,0,1,1,-1,6,1,53,8,1395,1,8,VOLKSWAGEN GOLF,-1,-1,0,-1
2024991482460,2024,991482460,1,9,0,-1,5,4,7,-1,0,1,0,0,0,0,3,1,-1,9,1,26,6,1498,1,4,VOLKSWAGEN GOLF,10,-1,0,1
2024631454471,2024,631454471,1,9,0,-1,9,8,6,-1,0,6,0,0,0,0,3,1,-1,9,2,83,11,1598,2,13,VOLKSWAGEN GOLF,7,W01000470,0,1
2024141467530,2024,141467530,2,9,0,-1,19,7,3,-1,0,1,0,0,1,0,1,9,-1,6,3,-1,-1,1984,1,6,VOLKSWAGEN GOLF,-1,-1,0,-1
2024010504488,2024,010504488,2,9,0,2,2,0,0,0,0,0,0,0,0,0,1,2,6,6,3,-1,-1,1390,1,15,VOLKSWAGEN GOLF,-1,-1,0,-1
2024141501036,2024,141501036,1,9,0,-1,19,5,1,-1,0,2,0,0,0,0,2,9,-1,6,2,38,7,1968,2,15,VOLKSWAGEN GOLF,2,E01007654,0,2
2024010503904,2024,010503904,2,9,3,18,19,7,3,0,0,0,0,0,0,0,0,1,6,6,1,24,5,1498,1,3,VOLKSWAGEN GOLF,9,E01017841,0,4
2024141441513,2024,141441513,1,9,0,-1,19,3,7,-1,0,1,0,0,0,0,3,1,-1,6,2,24,5,1598,2,7,VOLKSWAGEN GOLF,3,E01007480,0,1