collision_index,collision_year,collision_ref_no,vehicle_reference,vehicle_type,towing_and_articulation,vehicle_manoeuvre_historic,vehicle_manoeuvre,vehicle_direction_from,vehicle_direction_to,vehicle_location_restricted_lane_historic,vehicle_location_restricted_lane,junction_location,skidding_and_overturning,hit_object_in_carriageway,vehicle_leaving_carriageway,hit_object_off_carriageway,first_point_of_impact,vehicle_left_hand_drive,journey_purpose_of_driver_historic,journey_purpose_of_driver,sex_of_driver,age_of_driver,age_band_of_driver,engine_capacity_cc,propulsion_code,age_of_vehicle,generic_make_model,driver_imd_decile,lsoa_of_driver,escooter_flag,driver_distance_banding
2024010551202,2024,010551202,1,9,0,15,15,5,1,0,0,1,5,10,0,0,3,1,6,6,1,31,6,1980,1,16,VOLKSWAGEN GOLF,3,E01004271,0,1
2024201466725,2024,201466725,2,9,0,-1,9,3,2,-1,0,8,0,0,0,0,4,1,-1,9,2,38,7,1498,8,0,VOLKSWAGEN GOLF,1,E01009483,0,1
2024010536746,2024,010536746,1,9,0,3,3,3,7,0,0,2,0,0,0,0,3,1,6,6,2,29,6,1498,1,1,VOLKSWAGEN GOLF,5,E01023720,0,4
2024430471585,2024,430471585,2,9,0,7,7,2,6,0,0,6,0,0,0,0,3,1,6,6,2,58,9,1498,1,3,VOLKSWAGEN GOLF,9,E01017676,0,2
2024440341811,2024,440341811,1,9,0,9,9,7,5,0,0,0,0,0,0,0,1,1,6,6,1,-1,-1,1598,1,21,VOLKSWAGEN GOLF,-1,-1,0,-1
2024471496565,2024,471496565,2,9,0,-1,19,2,6,-1,0,0,0,0,0,0,2,1,-1,6,1,39,7,1498,1,4,VOLKSWAGEN GOLF,9,E01031489,0,1
2024340WN4742,2024,340WN4742,1,9,0,-1,19,5,1,-1,0,8,0,0,0,0,3,1,-1,6,1,-1,-1,1896,2,16,VOLKSWAGEN GOLF,-1,-1,0,-1
2024622400214,2024,622400214,1,9,0,5,5,5,1,0,0,4,0,0,0,0,1,1,6,6,1,25,5,1598,2,11,VOLKSWAGEN GOLF,3,W01001898,0,4
2024440450848,2024,440450848,2,9,0,18,19,5,1,0,0,0,0,0,0,0,2,1,6,6,2,43,7,1598,2,11,VOLKSWAGEN GOLF,10,E01022573,0,4
2024061519206,2024,061519206,2,9,0,-1,9,8,6,-1,0,0,0,0,0,0,2,9,-1,7,2,36,7,1598,2,10,VOLKSWAGEN GOLF,1,E01005213,0,1
2024041529897,2024,041529897,1,9,0,-1,19,1,5,-1,0,1,1,0,7,0,1,1,-1,6,1,25,5,1968,2,16,VOLKSWAGEN GOLF,2,E01024897,0,1
2024531527066,2024,531527066,1,9,0,-1,19,5,1,-1,0,0,5,11,1,9,1,1,-1,6,2,23,5,1968,2,10,VOLKSWAGEN GOLF,8,E01022387,0,2
2024430318957,2024,430318957,1,9,0,18,19,2,6,0,0,0,1,0,7,4,1,1,6,6,1,26,6,1395,8,6,VOLKSWAGEN GOLF,7,E01016328,0,1
2024070660128,2024,070660128,2,9,0,10,10,5,1,0,0,1,0,0,0,0,4,1,6,6,2,46,8,1598,2,4,VOLKSWAGEN GOLF,10,E01018324,0,1
2024061424611,2024,061424611,2,9,0,-1,19,8,4,-1,0,0,0,0,0,0,2,1,-1,9,2,45,7,1498,1,5,VOLKSWAGEN GOLF,6,E01025433,0,4
2024061528229,2024,061528229,2,9,0,-1,13,2,6,-1,0,8,0,0,0,0,1,1,-1,9,1,27,6,1498,1,2,VOLKSWAGEN GOLF,1,E01005484,0,1
2024471493538,2024,471493538,2,9,0,-1,19,5,1,-1,0,8,0,0,0,0,1,1,-1,6,2,40,7,1900,2,20,VOLKSWAGEN GOLF,5,E01016991,0,1
2024340WN4062,2024,340WN4062,1,9,0,-1,13,8,4,-1,0,0,0,0,0,0,1,1,-1,9,1,24,5,2000,1,17,VOLKSWAGEN GOLF,9,E01031219,0,4
2024411412541,2024,411412541,2,9,0,-1,19,7,3,-1,0,2,0,0,0,0,1,1,-1,6,1,18,4,1984,1,13,VOLKSWAGEN GOLF,3,E01023343,0,1
2024440144116,2024,440144116,2,9,0,5,5,7,3,0,0,6,0,0,0,0,1,1,6,6,2,39,7,1498,1,2,VOLKSWAGEN GOLF,7,E01017294,0,1
2024131496661,2024,131496661,1,9,0,-1,-1,-1,-1,-1,-1,0,-1,-1,-1,-1,-1,1,-1,6,3,-1,-1,1395,1,6,VOLKSWAGEN GOLF,-1,-1,0,-1
2024201499551,2024,201499551,2,9,0,-1,19,5,3,-1,0,1,0,0,0,0,1,1,-1,6,3,20,4,1968,2,15,VOLKSWAGEN GOLF,-1,-1,0,-1
2024461469574,2024,461469574,1,9,0,-1,3,-1,-1,-1,0,8,0,0,0,0,4,9,-1,6,2,38,7,1395,8,6,VOLKSWAGEN GOLF,1,E01034995,0,4
2024371485228,2024,371485228,2,9,0,-1,19,7,3,-1,0,0,5,10,4,0,4,1,-1,6,2,39,7,1984,1,10,VOLKSWAGEN GOLF,9,E01030190,0,2
2024552400708,2024,552400708,2,9,0,2,2,0,0,0,0,1,0,0,0,0,3,1,6,6,1,26,6,1498,8,1,VOLKSWAGEN GOLF,4,E01015371,0,1
2024010519899,2024,010519899,2,9,0,99,99,9,9,99,99,9,9,99,9,99,9,9,6,6,3,43,7,1598,1,16,VOLKSWAGEN GOLF,8,E01001918,0,1
2024520402900,2024,520402900,1,9,0,1,1,8,4,9,9,0,0,0,0,0,2,1,6,6,2,22,5,1968,2,12,VOLKSWAGEN GOLF,10,E01029030,0,1
2024340NN1062,2024,340NN1062,1,9,0,-1,13,5,1,-1,0,0,0,0,1,4,4,1,-1,6,1,28,6,1390,1,16,VOLKSWAGEN GOLF,6,E01009681,0,4
2024552400807,2024,552400807,1,9,0,18,19,4,8,0,0,0,5,10,0,0,4,1,6,6,2,33,6,1390,1,17,VOLKSWAGEN GOLF,4,E01032430,0,5
2024052401967,2024,052401967,1,9,0,18,19,4,8,0,0,8,0,7,0,0,1,1,1,1,1,45,7,1896,2,16,VOLKSWAGEN GOLF,1,E01005239,0,4
2024320647852,2024,320647852,1,9,0,-1,-1,8,4,0,0,8,0,0,0,0,4,1,-1,-1,1,43,7,1598,2,7,VOLKSWAGEN GOLF,6,E01026100,0,3
2024351460001,2024,351460001,1,9,0,-1,5,4,8,-1,0,6,0,0,0,0,3,1,-1,6,1,19,4,1968,2,11,VOLKSWAGEN GOLF,2,E01035543,0,1
2024010509896,2024,010509896,2,9,0,17,19,1,5,0,0,2,1,0,0,0,1,1,6,6,1,31,6,1984,1,8,VOLKSWAGEN GOLF,-1,-1,0,-1
2024221507538,2024,221507538,5,9,0,-1,19,2,6,-1,0,0,0,0,0,0,3,1,-1,6,1,67,10,1968,2,5,VOLKSWAGEN GOLF,4,E01009009,0,4
2024070634460,2024,070634460,2,9,0,18,19,3,7,0,0,0,1,2,0,0,4,1,6,6,1,18,4,1390,1,18,VOLKSWAGEN GOLF,5,E01012400,0,2
2024320489815,2024,320489815,3,9,0,-1,-1,5,1,0,0,0,1,0,0,0,3,1,6,6,2,55,8,1598,2,11,VOLKSWAGEN GOLF,2,E01007525,0,4
2024351466235,2024,351466235,2,9,0,-1,19,6,2,-1,0,0,0,0,1,1,3,1,-1,9,1,52,8,1498,1,6,VOLKSWAGEN GOLF,7,E01018192,0,1
2024522401821,2024,522401821,3,9,0,2,2,0,0,0,0,2,0,0,0,0,1,1,6,6,3,-1,-1,1896,2,22,VOLKSWAGEN GOLF,-1,-1,0,-1
2024311514620,2024,311514620,2,9,0,-1,19,4,8,-1,0,8,0,0,0,0,0,9,-1,9,1,21,5,1968,2,12,VOLKSWAGEN GOLF,-1,-1,0,-1
2024421464125,2024,421464125,1,9,0,-1,19,7,3,-1,0,0,2,0,0,0,0,9,-1,9,1,25,5,1781,1,21,VOLKSWAGEN GOLF,5,E01021815,0,1
2024201460186,2024,201460186,1,9,0,-1,7,6,1,-1,0,0,0,4,0,0,1,1,-1,6,1,23,5,1984,1,22,VOLKSWAGEN GOLF,-1,-1,0,-1
2024320683792,2024,320683792,2,9,0,10,10,2,8,0,0,1,0,0,0,0,1,1,-1,-1,1,47,8,1390,1,21,VOLKSWAGEN GOLF,1,E01026173,0,1
2024991533897,2024,991533897,2,9,0,-1,19,8,4,-1,0,0,0,0,0,0,1,2,-1,9,2,86,11,1498,1,4,VOLKSWAGEN GOLF,10,-1,0,2
2024010531207,2024,010531207,1,9,0,99,99,9,9,0,0,9,0,0,0,0,1,9,6,6,3,22,5,1197,1,7,VOLKSWAGEN GOLF,9,E01002191,0,1
2024631530868,2024,631530868,1,9,0,-1,19,4,8,-1,0,0,0,0,2,10,1,1,-1,6,1,33,6,1598,2,5,VOLKSWAGEN GOLF,8,W01000699,0,1
202460Q099672,2024,60Q099672,2,9,0,4,4,7,3,0,0,1,0,0,0,0,2,1,6,6,2,33,6,1968,2,20,VOLKSWAGEN GOLF,-1,-1,0,-1
2024201412071,2024,201412071,2,9,0,-1,3,8,4,-1,0,0,0,0,0,0,2,1,-1,9,2,28,6,1984,1,10,VOLKSWAGEN GOLF,5,E01009023,0,1
2024332401114,2024,332401114,1,9,0,-1,7,2,4,-1,0,6,0,0,4,6,3,1,-1,9,2,21,5,1968,2,2,VOLKSWAGEN GOLF,7,E01025937,0,4
2024131425498,2024,131425498,2,9,0,-1,19,8,4,-1,0,8,0,0,0,0,1,1,-1,9,1,22,5,1598,2,12,VOLKSWAGEN GOLF,1,E01010674,0,1
2024141409143,2024,141409143,1,9,0,-1,19,5,1,-1,0,1,0,0,0,0,1,1,-1,9,1,26,6,1390,1,15,VOLKSWAGEN GOLF,2,E01007872,0,1
2024101458292,2024,101458292,1,9,0,-1,19,5,1,-1,0,0,5,0,0,0,1,1,-1,9,2,27,6,1390,1,15,VOLKSWAGEN GOLF,3,E01027359,0,2
2024311413055,2024,311413055,2,9,0,-1,5,1,5,-1,0,1,0,0,7,2,2,1,-1,6,1,20,4,1968,2,6,VOLKSWAGEN GOLF,5,E01035503,0,1
2024010508447,2024,010508447,1,9,0,9,9,1,6,0,0,5,0,0,0,0,1,1,6,6,1,33,6,1498,8,1,VOLKSWAGEN GOLF,2,E01033737,0,3
2024461532135,2024,461532135,2,9,0,-1,9,6,2,-1,0,0,0,0,0,0,3,9,-1,9,2,54,8,1395,1,8,VOLKSWAGEN GOLF,5,E01023985,0,1
2024010499364,2024,010499364,1,9,0,9,9,1,6,0,0,6,0,0,0,0,2,1,6,6,1,29,6,1395,1,8,VOLKSWAGEN GOLF,2,E01004205,0,1
2024440328206,2024,440328206,1,9,0,4,4,6,2,0,0,0,1,0,0,0,2,1,2,2,1,33,6,1598,2,9,VOLKSWAGEN GOLF,10,E01016648,0,3
2024231460821,2024,231460821,2,9,0,-1,9,8,6,-1,0,5,0,0,0,0,9,9,-1,9,2,40,7,1395,1,9,VOLKSWAGEN GOLF,6,E01031271,0,1
2024531428264,2024,531428264,2,9,0,-1,19,4,8,-1,0,1,0,0,1,0,4,1,-1,9,2,36,7,1598,2,13,VOLKSWAGEN GOLF,9,E01022396,0,1
2024010508500,2024,010508500,2,9,0,99,99,9,9,99,99,6,9,99,9,99,9,9,6,6,3,-1,-1,1197,1,13,VOLKSWAGEN GOLF,-1,-1,0,-1
2024041439867,2024,041439867,2,9,0,-1,19,1,5,-1,0,0,0,0,0,0,1,1,-1,1,1,29,6,1896,2,22,VOLKSWAGEN GOLF,7,E01012581,0,3
2024131493151,2024,131493151,1,9,0,-1,19,1,5,-1,0,0,0,0,0,0,1,1,-1,7,1,19,4,1968,2,9,VOLKSWAGEN GOLF,2,E01011359,0,1
2024543060124,2024,543060124,1,9,0,18,19,3,7,0,0,8,1,0,0,0,1,1,6,6,2,34,6,1395,8,8,VOLKSWAGEN GOLF,8,E01015473,0,1
2024430438466,2024,430438466,3,9,0,8,8,2,6,0,0,1,0,0,0,0,0,1,6,6,1,-1,-1,1598,2,10,VOLKSWAGEN GOLF,10,E01023379,0,3
2024440442270,2024,440442270,1,9,0,18,19,3,7,0,0,0,0,0,5,6,3,1,6,6,1,30,6,1968,2,10,VOLKSWAGEN GOLF,9,E01031988,0,2
2024010541477,2024,010541477,1,9,0,9,9,7,5,0,0,5,0,0,0,0,1,1,6,6,2,28,6,1498,8,1,VOLKSWAGEN GOLF,1,E01033456,0,1
2024010539101,2024,010539101,2,9,0,2,2,0,0,0,0,1,0,0,0,0,4,1,6,6,3,-1,-1,1498,1,1,VOLKSWAGEN GOLF,-1,-1,0,-1
2024471409667,2024,471409667,2,9,0,-1,19,4,8,-1,0,1,0,0,0,0,1,9,-1,6,2,32,6,1598,1,17,VOLKSWAGEN GOLF,-1,-1,0,-1
2024622400087,2024,622400087,3,9,0,18,19,2,6,0,0,8,0,0,0,0,1,1,6,6,2,32,6,1598,2,13,VOLKSWAGEN GOLF,1,W01001180,0,1
2024471492228,2024,471492228,1,9,0,-1,19,7,5,-1,0,2,0,0,0,0,3,1,-1,9,2,52,8,1896,2,16,VOLKSWAGEN GOLF,10,E01017005,0,1
2024547276924,2024,547276924,1,9,0,18,19,6,2,0,0,1,0,0,0,0,1,1,6,6,1,81,11,1900,2,20,VOLKSWAGEN GOLF,4,E01032008,0,1
2024991532749,2024,991532749,1,9,0,-1,19,4,8,-1,0,0,0,0,0,0,1,1,-1,9,1,21,5,999,1,1,VOLKSWAGEN GOLF,-1,-1,0,-1
2024461398764,2024,461398764,1,9,0,-1,19,7,3,-1,0,0,0,0,1,1,3,9,-1,6,2,77,11,1390,1,20,VOLKSWAGEN GOLF,4,E01024167,0,1
2024010541005,2024,010541005,1,9,0,16,19,3,7,9,9,0,0,0,1,11,1,1,2,2,1,23,5,1598,2,8,VOLKSWAGEN GOLF,2,E01002067,0,2
2024031439268,2024,031439268,1,9,0,-1,19,5,1,-1,0,0,1,0,0,0,1,9,-1,9,1,19,4,1896,2,16,VOLKSWAGEN GOLF,1,E01019164,0,1
2024371537177,2024,371537177,1,9,0,-1,1,1,5,-1,0,1,0,0,0,0,2,1,-1,6,1,-1,-1,1896,2,17,VOLKSWAGEN GOLF,-1,-1,0,-1
2024010537829,2024,010537829,1,9,0,18,19,5,1,0,0,1,0,0,0,0,1,1,6,6,1,24,5,1984,1,5,VOLKSWAGEN GOLF,3,E01034215,0,1
2024201523820,2024,201523820,2,9,0,-1,19,1,5,-1,0,8,0,0,0,0,1,1,-1,6,1,23,5,1498,1,3,VOLKSWAGEN GOLF,4,E01009243,0,2
202417S214024,2024,17S214024,1,9,0,-1,19,6,2,-1,0,0,0,0,0,0,1,1,-1,9,1,19,4,1968,2,15,VOLKSWAGEN GOLF,8,E01012243,0,1
2024361435238,2024,361435238,2,9,0,-1,19,1,5,-1,0,0,0,0,0,0,1,1,-1,6,1,35,6,1781,1,22,VOLKSWAGEN GOLF,2,E01026662,0,1
2024351528122,2024,351528122,1,9,0,-1,9,5,2,-1,0,6,0,0,0,0,1,1,-1,6,2,70,10,1598,2,9,VOLKSWAGEN GOLF,6,E01018035,0,1
2024131464237,2024,131464237,1,9,0,-1,5,5,1,-1,0,4,0,0,0,0,3,1,-1,1,2,21,5,1984,1,0,VOLKSWAGEN GOLF,1,E01010832,0,1
2024430460008,2024,430460008,2,9,0,10,10,8,6,0,0,5,0,0,0,0,2,1,6,6,2,20,4,1498,1,0,VOLKSWAGEN GOLF,8,E01028772,0,4
2024471467959,2024,471467959,2,9,0,-1,9,5,3,-1,0,0,0,0,0,0,3,1,-1,6,2,39,7,1390,1,13,VOLKSWAGEN GOLF,3,E01021092,0,1
2024131470968,2024,131470968,1,9,0,-1,19,5,1,-1,0,0,1,0,0,0,1,1,-1,9,2,43,7,1896,2,16,VOLKSWAGEN GOLF,8,E01011151,0,2
2024041504691,2024,041504691,1,9,0,-1,19,5,1,-1,0,0,5,11,0,0,1,1,-1,9,1,38,7,1968,2,10,VOLKSWAGEN GOLF,6,E01004880,0,3
2024061417259,2024,061417259,1,9,-1,-1,-1,-1,-1,-1,-1,0,-1,-1,-1,0,-1,9,-1,6,1,-1,-1,1395,8,7,VOLKSWAGEN GOLF,5,E01004899,0,1
2024010545974,2024,010545974,1,9,0,18,19,7,3,0,0,0,0,0,1,0,2,1,6,6,1,30,6,1598,2,8,VOLKSWAGEN GOLF,6,E01024072,0,4
2024430188656,2024,430188656,2,9,0,9,9,8,6,0,0,5,0,0,0,0,2,1,6,6,2,36,7,1896,2,17,VOLKSWAGEN GOLF,6,E01028679,0,1
2024451398142,2024,451398142,2,9,0,-1,3,6,2,-1,0,4,0,0,0,0,1,1,-1,6,1,30,6,1896,2,16,VOLKSWAGEN GOLF,-1,-1,0,-1
2024041494049,2024,041494049,1,9,0,-1,19,5,1,-1,0,0,5,0,0,0,0,1,-1,9,1,19,4,1598,2,11,VOLKSWAGEN GOLF,7,E01025029,0,1
2024131423963,2024,131423963,1,9,0,-1,19,3,7,-1,0,1,0,4,0,0,1,1,-1,9,1,81,11,1197,1,10,VOLKSWAGEN GOLF,9,E01011939,0,1
2024361445668,2024,361445668,1,9,0,-1,19,3,5,-1,0,2,0,0,0,0,1,1,-1,1,2,41,7,1968,2,8,VOLKSWAGEN GOLF,2,E01026820,0,2
2024361402756,2024,361402756,1,9,0,-1,19,7,3,-1,0,0,1,11,7,11,1,9,-1,1,1,23,5,1984,1,13,VOLKSWAGEN GOLF,8,E01026502,0,4
2024061475387,2024,061475387,1,9,0,-1,19,4,8,-1,0,0,0,0,0,0,1,1,-1,9,1,27,6,1598,2,13,VOLKSWAGEN GOLF,2,E01025306,0,4
2024631428134,2024,631428134,1,9,0,-1,9,8,6,-1,0,6,0,0,0,0,1,1,-1,6,1,34,6,1598,2,10,VOLKSWAGEN GOLF,3,W01000478,0,1
2024041426002,2024,041426002,2,9,0,-1,19,3,7,-1,0,2,0,0,0,0,1,1,-1,9,1,24,5,1984,1,8,VOLKSWAGEN GOLF,2,E01012579,0,1
2024401502604,2024,401502604,6,9,0,-1,19,2,6,-1,0,0,0,0,0,0,1,1,-1,6,2,28,6,1598,1,18,VOLKSWAGEN GOLF,7,E01034423,0,2
2024421507992,2024,421507992,1,9,0,-1,19,6,2,-1,0,0,0,0,0,0,1,1,-1,9,1,21,5,999,1,5,VOLKSWAGEN GOLF,4,E01021799,0,2
2024070431678,2024,070431678,2,9,0,9,9,6,5,0,0,8,0,0,0,0,2,1,6,6,1,-1,-1,1896,2,17,VOLKSWAGEN GOLF,6,E01006935,0,4
202460Q176026,2024,60Q176026,1,9,0,18,19,3,7,0,0,1,0,0,0,0,1,1,6,6,3,-1,-1,2000,2,19,VOLKSWAGEN GOLF,-1,-1,0,-1
2024332400941,2024,332400941,2,9,0,-1,19,8,4,-1,0,0,0,0,0,0,3,1,-1,2,1,64,9,1598,2,13,VOLKSWAGEN GOLF,1,E01009406,0,4
2024010518998,2024,010518998,3,9,0,2,2,0,0,0,0,0,0,0,0,0,0,1,6,6,3,-1,-1,1390,1,15,VOLKSWAGEN GOLF,-1,-1,0,-1
2024461408767,2024,461408767,2,9,0,-1,2,0,0,-1,0,1,0,0,0,0,3,9,-1,6,1,23,5,1598,1,16,VOLKSWAGEN GOLF,7,E01024846,0,1
2024010530954,2024,010530954,2,9,0,99,99,9,9,99,99,9,9,99,9,99,1,9,6,6,3,-1,-1,1968,2,6,VOLKSWAGEN GOLF,10,E01000272,0,2
2024010515409,2024,010515409,2,9,0,99,99,9,9,99,99,9,9,99,9,99,9,9,6,6,3,-1,-1,1190,1,5,VOLKSWAGEN GOLF,-1,-1,0,-1
2024101397578,2024,101397578,2,9,0,-1,19,7,3,-1,0,8,0,0,0,0,1,2,-1,2,1,56,9,1968,2,9,VOLKSWAGEN GOLF,5,E01008771,0,1
2024430126534,2024,430126534,1,9,0,13,13,8,4,0,0,0,0,0,0,0,3,1,6,6,1,19,4,1968,2,10,VOLKSWAGEN GOLF,8,E01028726,0,3
2024010549785,2024,010549785,1,9,0,7,7,3,6,9,9,0,0,10,7,11,1,2,6,6,1,57,9,1395,8,6,VOLKSWAGEN GOLF,-1,-1,0,-1
2024010538341,2024,010538341,2,9,0,9,9,1,6,0,0,8,0,0,0,0,1,1,6,6,1,23,5,1984,1,17,VOLKSWAGEN GOLF,3,E01004266,0,1
2024161413398,2024,161413398,1,9,0,-1,19,7,3,-1,0,0,0,0,0,0,1,1,-1,1,2,27,6,1598,2,12,VOLKSWAGEN GOLF,1,E01013300,0,3
2024351539225,2024,351539225,2,9,0,-1,19,5,1,-1,0,1,0,0,8,0,1,1,-1,6,2,36,7,1598,2,12,VOLKSWAGEN GOLF,6,E01018017,0,1
2024010506380,2024,010506380,1,9,0,18,19,4,8,0,0,0,0,0,1,2,1,1,6,6,3,-1,-1,1984,1,8,VOLKSWAGEN GOLF,-1,-1,0,-1
2024201512898,2024,201512898,1,9,0,-1,9,7,5,-1,0,1,0,0,0,0,3,9,-1,6,1,18,4,1390,1,15,VOLKSWAGEN GOLF,-1,-1,0,-1
2024201459846,2024,201459846,1,9,0,-1,19,2,7,-1,0,2,0,0,1,0,1,9,-1,6,1,51,8,1598,2,11,VOLKSWAGEN GOLF,2,E01033887,0,1
2024440057982,2024,440057982,1,9,0,18,19,4,8,0,0,0,5,0,7,9,1,1,6,6,1,65,9,1968,2,7,VOLKSWAGEN GOLF,10,E01028752,0,4
2024991400149,2024,991400149,2,9,0,-1,19,7,3,-1,0,1,0,0,0,0,1,1,-1,6,1,34,6,1896,2,16,VOLKSWAGEN GOLF,3,-1,0,1
2024061403481,2024,061403481,1,9,0,-1,19,1,5,-1,0,0,0,4,7,0,1,1,-1,6,-1,-1,-1,1984,1,6,VOLKSWAGEN GOLF,-1,-1,0,-1
2024101467318,2024,101467318,1,9,-1,-1,-1,-1,-1,-1,-1,0,-1,-1,-1,0,0,9,-1,6,1,-1,-1,1498,8,2,VOLKSWAGEN GOLF,-1,-1,0,-1
2024061434780,2024,061434780,2,9,0,-1,19,1,1,-1,0,1,1,4,0,0,1,1,-1,6,1,29,6,1390,1,15,VOLKSWAGEN GOLF,-1,-1,0,-1
2024471484827,2024,471484827,1,9,0,-1,9,2,7,-1,0,8,0,0,0,0,1,1,-1,9,2,43,7,1598,2,12,VOLKSWAGEN GOLF,6,E01034816,0,1
2024451405623,2024,451405623,1,9,0,-1,4,1,5,-1,0,0,1,0,0,0,1,1,-1,9,1,22,5,1896,2,16,VOLKSWAGEN GOLF,7,E01030741,0,1
2024451451771,2024,451451771,1,9,0,-1,19,5,1,-1,0,0,0,0,0,0,2,1,-1,2,1,29,6,1968,2,7,VOLKSWAGEN GOLF,7,E01030457,0,3
2024010499708,2024,010499708,1,9,0,18,19,3,7,0,0,0,0,0,0,0,1,2,1,1,1,58,9,1968,2,2,VOLKSWAGEN GOLF,6,E01033570,0,1
2024141428985,2024,141428985,2,9,0,-1,19,4,8,-1,0,0,0,0,0,0,1,1,-1,6,1,25,5,1395,1,8,VOLKSWAGEN GOLF,6,E01007974,0,1
2024061503010,2024,061503010,1,9,0,-1,19,7,3,-1,0,8,0,11,0,0,1,1,-1,6,1,30,6,1498,1,0,VOLKSWAGEN GOLF,-1,-1,0,-1
2024201533263,2024,201533263,1,9,0,-1,7,7,1,-1,0,2,0,0,0,0,1,9,-1,6,1,-1,-1,1598,2,8,VOLKSWAGEN GOLF,-1,-1,0,-1
2024440185132,2024,440185132,1,9,0,11,11,6,2,0,0,0,0,4,0,0,1,1,6,6,1,81,11,1395,1,7,VOLKSWAGEN GOLF,10,E01004091,0,4
2024010510983,2024,010510983,2,9,0,99,99,9,9,99,99,9,9,99,9,99,9,9,6,6,3,-1,-1,1498,1,6,VOLKSWAGEN GOLF,-1,-1,0,-1
2024221419285,2024,221419285,1,9,0,-1,19,8,4,-1,0,0,1,10,7,11,1,9,-1,6,1,18,4,1390,1,19,VOLKSWAGEN GOLF,7,E01028915,0,2
2024361455106,2024,361455106,1,9,0,-1,5,4,8,-1,1,2,0,0,0,0,0,1,-1,9,2,36,7,1968,2,13,VOLKSWAGEN GOLF,9,E01026548,0,3
2024302400976,2024,302400976,2,9,0,4,4,8,4,0,0,2,0,0,0,0,0,1,6,6,3,-1,-1,1896,2,17,VOLKSWAGEN GOLF,5,E01019456,0,4
2024501415321,2024,501415321,1,9,0,-1,2,6,6,-1,0,1,0,0,0,0,2,9,-1,7,2,35,6,1600,1,20,VOLKSWAGEN GOLF,-1,-1,0,-1
2024401479943,2024,401479943,1,9,0,-1,19,1,5,-1,0,0,1,0,1,0,1,1,-1,6,1,27,6,1598,2,11,VOLKSWAGEN GOLF,4,E01018086,0,4
2024010527690,2024,010527690,1,9,0,18,19,6,2,9,9,1,0,10,7,0,1,1,6,6,1,18,4,1968,2,17,VOLKSWAGEN GOLF,9,E01027222,0,5
2024070660128,2024,070660128,1,9,0,15,15,5,1,0,0,1,0,0,0,0,3,1,6,6,2,39,7,1598,2,8,VOLKSWAGEN GOLF,7,E01018371,0,2
2024061419865,2024,061419865,1,9,0,-1,19,7,7,-1,0,0,0,0,7,0,1,1,-1,6,1,18,4,1598,2,9,VOLKSWAGEN GOLF,1,E01005340,0,1
2024131531369,2024,131531369,2,9,0,-1,19,1,1,-1,9,1,0,0,0,0,1,1,-1,6,2,52,8,1598,2,14,VOLKSWAGEN GOLF,6,E01011155,0,1
2024552400513,2024,552400513,1,9,0,11,11,8,4,0,0,0,0,0,0,0,4,1,6,6,2,41,7,1598,2,11,VOLKSWAGEN GOLF,6,E01015361,0,2
2024041483694,2024,041483694,1,9,0,-1,4,1,5,-1,0,0,0,4,0,0,1,1,-1,9,2,27,6,1598,2,7,VOLKSWAGEN GOLF,6,E01033684,0,4
2024061438486,2024,061438486,1,9,0,-1,5,4,8,-1,0,5,0,0,0,0,1,1,-1,9,1,23,5,2000,2,18,VOLKSWAGEN GOLF,2,E01005580,0,1
2024371403717,2024,371403717,1,9,0,-1,19,7,3,-1,0,0,0,0,0,0,1,1,-1,9,1,42,7,1498,1,3,VOLKSWAGEN GOLF,7,E01029911,0,4
2024430255273,2024,430255273,2,9,0,2,2,0,0,0,0,0,0,4,0,0,2,1,6,6,3,-1,-1,1600,1,19,VOLKSWAGEN GOLF,-1,-1,0,-1
2024361425729,2024,361425729,1,9,0,-1,19,3,7,-1,0,1,0,0,0,0,1,1,-1,9,2,28,6,1968,2,9,VOLKSWAGEN GOLF,6,E01026675,0,1
2024991398281,2024,991398281,1,9,0,-1,19,7,3,-1,0,2,1,0,0,0,1,1,-1,9,1,27,6,1498,1,4,VOLKSWAGEN GOLF,1,-1,0,1
2024401479083,2024,401479083,1,9,0,-1,7,4,8,-1,0,1,0,0,0,0,1,1,-1,6,2,24,5,1598,2,9,VOLKSWAGEN GOLF,2,E01015760,0,1
2024201533753,2024,201533753,3,9,0,-1,19,5,1,-1,0,0,0,0,0,0,2,1,-1,9,1,37,7,1598,2,13,VOLKSWAGEN GOLF,5,E01013493,0,4
2024440097207,2024,440097207,2,9,0,4,4,8,4,0,0,0,0,0,0,0,2,1,6,6,1,45,7,1395,1,9,VOLKSWAGEN GOLF,6,E01031849,0,2
2024471402282,2024,471402282,1,9,0,-1,4,8,4,-1,0,0,0,0,0,0,2,1,-1,9,2,43,7,2000,2,17,VOLKSWAGEN GOLF,10,E01031735,0,1
2024161517551,2024,161517551,2,9,0,-1,1,7,3,-1,99,0,0,0,0,0,2,1,-1,6,3,-1,-1,1600,2,14,VOLKSWAGEN GOLF,-1,-1,0,-1
2024545308224,2024,545308224,2,9,0,17,19,4,8,0,0,0,0,0,0,0,1,1,1,1,1,42,7,1598,2,9,VOLKSWAGEN GOLF,8,E01032690,0,2
2024041470005,2024,041470005,1,9,0,-1,19,3,2,-1,0,0,5,0,7,0,1,1,-1,6,2,29,6,1600,2,14,VOLKSWAGEN GOLF,10,E01024974,0,1
2024471483564,2024,471483564,1,9,0,-1,5,5,1,-1,0,1,0,0,0,0,3,1,-1,9,2,23,5,1390,1,14,VOLKSWAGEN GOLF,6,E01034816,0,1
2024421437784,2024,421437784,2,9,0,-1,10,5,3,-1,0,1,0,0,0,0,2,1,-1,2,1,57,9,1984,1,17,VOLKSWAGEN GOLF,7,E01021656,0,1
2024340NN2452,2024,340NN2452,3,9,0,-1,19,5,1,-1,0,1,1,0,0,0,1,1,-1,1,2,34,6,1498,1,3,VOLKSWAGEN GOLF,5,E01035598,0,4