collision_index,collision_year,collision_ref_no,vehicle_reference,vehicle_type,towing_and_articulation,vehicle_manoeuvre_historic,vehicle_manoeuvre,vehicle_direction_from,vehicle_direction_to,vehicle_location_restricted_lane_historic,vehicle_location_restricted_lane,junction_location,skidding_and_overturning,hit_object_in_carriageway,vehicle_leaving_carriageway,hit_object_off_carriageway,first_point_of_impact,vehicle_left_hand_drive,journey_purpose_of_driver_historic,journey_purpose_of_driver,sex_of_driver,age_of_driver,age_band_of_driver,engine_capacity_cc,propulsion_code,age_of_vehicle,generic_make_model,driver_imd_decile,lsoa_of_driver,escooter_flag,driver_distance_banding
2024501441918,2024,501441918,2,9,0,-1,5,3,1,-1,0,6,0,0,0,0,3,1,-1,9,1,19,4,1598,2,15,VOLKSWAGEN GOLF,3,E01018784,0,1
2024361406434,2024,361406434,1,9,0,-1,19,5,1,-1,0,1,0,0,0,0,1,1,-1,6,1,77,11,1598,2,12,VOLKSWAGEN GOLF,8,E01026500,0,1
2024061553438,2024,061553438,1,9,0,-1,19,1,5,-1,0,8,0,0,0,0,1,1,-1,6,2,32,6,1598,2,7,VOLKSWAGEN GOLF,3,E01033302,0,3
2024061475127,2024,061475127,1,9,0,-1,19,4,8,-1,0,0,2,0,0,0,0,1,-1,9,1,20,4,1380,1,12,VOLKSWAGEN GOLF,2,E01004838,0,1
2024411474373,2024,411474373,1,9,0,-1,19,2,6,-1,0,8,0,0,0,0,1,1,-1,6,1,25,5,1984,1,11,VOLKSWAGEN GOLF,6,E01023848,0,1
2024451486925,2024,451486925,1,9,0,-1,19,3,7,-1,0,0,0,0,0,0,1,1,-1,9,1,24,5,1781,1,22,VOLKSWAGEN GOLF,9,E01030590,0,1
2024552400348,2024,552400348,1,9,0,7,7,4,6,0,0,6,0,0,0,0,3,1,6,6,1,30,6,1595,1,21,VOLKSWAGEN GOLF,6,E01020539,0,4
2024201453053,2024,201453053,2,9,0,-1,19,7,3,-1,0,8,0,0,0,0,4,1,-1,6,2,35,6,1598,2,9,VOLKSWAGEN GOLF,1,E01010125,0,1
2024991451818,2024,991451818,1,9,0,-1,7,6,8,-1,0,1,2,10,3,7,1,1,-1,9,1,26,6,1968,2,15,VOLKSWAGEN GOLF,4,-1,0,4
2024440252113,2024,440252113,2,9,0,18,19,4,8,0,0,1,0,0,0,0,1,1,6,6,1,25,5,1984,1,11,VOLKSWAGEN GOLF,10,E01022505,0,4
2024991444818,2024,991444818,1,9,0,-1,19,7,3,-1,0,3,0,0,0,0,3,1,-1,9,1,78,11,1395,1,8,VOLKSWAGEN GOLF,8,-1,0,2
2024440174896,2024,440174896,1,9,0,18,19,4,8,0,0,2,0,0,0,0,1,1,6,6,2,51,8,1598,2,13,VOLKSWAGEN GOLF,2,E01017119,0,1
2024041426272,2024,041426272,2,9,0,-1,19,1,5,-1,0,0,0,0,0,0,1,1,-1,9,1,28,6,1900,2,19,VOLKSWAGEN GOLF,3,E01007000,0,4
2024201426401,2024,201426401,1,9,0,-1,19,3,7,-1,0,8,0,0,0,0,1,1,-1,6,1,44,7,1968,2,16,VOLKSWAGEN GOLF,4,E01010026,0,2
2024201462209,2024,201462209,1,9,0,-1,9,8,6,-1,0,5,0,0,0,0,1,1,-1,6,1,31,6,1968,2,9,VOLKSWAGEN GOLF,1,E01009016,0,1
2024520402613,2024,520402613,2,9,0,2,2,0,0,0,0,0,0,0,0,0,2,1,6,6,3,-1,-1,1598,2,8,VOLKSWAGEN GOLF,-1,-1,0,-1
2024471396956,2024,471396956,1,9,0,-1,19,2,5,-1,0,0,0,0,0,0,1,1,-1,2,1,62,9,1395,1,8,VOLKSWAGEN GOLF,2,E01031555,0,1
2024522402878,2024,522402878,1,9,0,18,19,6,2,0,0,8,0,0,0,0,1,1,6,6,2,24,5,1598,1,17,VOLKSWAGEN GOLF,6,E01014591,0,1
2024131497806,2024,131497806,3,9,0,-1,19,3,6,-1,0,0,0,0,0,0,2,1,-1,6,1,48,8,1896,2,16,VOLKSWAGEN GOLF,2,E01011868,0,3
2024340WN6732,2024,340WN6732,2,9,0,-1,19,9,9,-1,0,1,1,0,0,0,3,1,-1,9,1,32,6,1600,1,19,VOLKSWAGEN GOLF,5,E01027136,0,1
2024010523146,2024,010523146,1,9,0,99,99,9,9,99,99,9,9,99,9,99,2,9,2,2,2,37,7,1390,1,14,VOLKSWAGEN GOLF,9,E01001107,0,1
2024131444890,2024,131444890,2,9,0,-1,9,1,5,-1,0,1,0,0,0,0,3,1,-1,9,1,22,5,2000,1,10,VOLKSWAGEN GOLF,2,E01011128,0,1
2024061432904,2024,061432904,1,9,0,-1,19,4,8,-1,0,8,0,0,0,0,3,1,-1,6,2,31,6,1968,2,7,VOLKSWAGEN GOLF,1,E01006060,0,1
2024430191299,2024,430191299,2,9,0,18,19,6,2,0,0,1,0,0,0,0,1,1,6,6,1,-1,-1,1896,2,22,VOLKSWAGEN GOLF,-1,-1,0,-1
2024010527066,2024,010527066,2,9,0,99,99,9,9,99,99,9,9,99,9,99,1,9,6,6,3,-1,-1,1598,1,17,VOLKSWAGEN GOLF,-1,-1,0,-1
2024543881024,2024,543881024,2,9,0,4,4,2,6,0,0,1,0,0,0,0,1,1,6,6,2,62,9,1896,2,17,VOLKSWAGEN GOLF,10,E01015563,0,2
2024201441744,2024,201441744,2,9,0,-1,19,4,8,-1,0,2,0,0,0,0,2,1,-1,6,2,40,7,1197,1,12,VOLKSWAGEN GOLF,6,E01010431,0,2
2024131413368,2024,131413368,1,9,0,-1,19,1,7,-1,0,8,0,0,0,0,1,1,-1,2,1,30,6,1600,2,14,VOLKSWAGEN GOLF,1,E01010843,0,1
2024201436721,2024,201436721,2,9,0,-1,19,1,5,-1,0,0,0,0,0,0,1,1,-1,9,2,56,9,1395,1,10,VOLKSWAGEN GOLF,6,E01008968,0,3
2024371478824,2024,371478824,1,9,0,-1,19,1,5,-1,0,0,0,0,1,0,1,1,-1,9,1,47,8,999,1,6,VOLKSWAGEN GOLF,5,E01029946,0,3
2024221452681,2024,221452681,1,9,0,-1,13,1,5,-1,0,0,0,0,0,0,2,2,-1,6,1,56,9,1395,1,7,VOLKSWAGEN GOLF,6,E01032350,0,2
2024141534727,2024,141534727,1,9,0,-1,19,8,4,-1,0,0,1,0,0,0,1,1,-1,6,3,-1,-1,2000,2,18,VOLKSWAGEN GOLF,-1,-1,0,-1
2024061475715,2024,061475715,1,9,0,-1,19,1,5,-1,0,0,0,0,0,0,4,1,-1,9,1,27,6,1781,1,22,VOLKSWAGEN GOLF,7,E01018708,0,4
2024131481892,2024,131481892,2,9,0,-1,19,5,3,-1,0,0,0,0,1,0,1,1,-1,6,1,23,5,1498,1,3,VOLKSWAGEN GOLF,5,E01011731,0,1
2024440423359,2024,440423359,1,9,0,16,19,1,5,0,0,0,0,0,0,0,1,1,6,6,2,39,7,1896,2,16,VOLKSWAGEN GOLF,2,E01017115,0,1
2024631518151,2024,631518151,1,9,0,-1,12,6,2,-1,0,0,1,0,0,0,3,1,-1,2,1,46,8,1598,1,18,VOLKSWAGEN GOLF,5,W01000461,0,2
2024010538388,2024,010538388,1,9,0,18,19,1,5,0,0,2,0,0,0,0,1,1,6,6,2,59,9,1197,1,13,VOLKSWAGEN GOLF,4,E01003530,0,1
2024201517555,2024,201517555,2,9,0,-1,19,1,4,-1,0,0,0,10,1,4,2,1,-1,6,1,23,5,1598,2,7,VOLKSWAGEN GOLF,1,E01009000,0,1
2024440159478,2024,440159478,1,9,0,17,19,5,2,0,0,0,2,10,0,0,4,1,6,6,1,72,10,1395,1,8,VOLKSWAGEN GOLF,-1,-1,0,-1
2024010523290,2024,010523290,1,9,0,5,5,5,1,0,0,4,0,0,0,0,1,1,2,2,2,27,6,1390,1,15,VOLKSWAGEN GOLF,5,E01003307,0,1
2024031499796,2024,031499796,1,9,0,-1,19,5,1,-1,0,0,0,0,0,0,1,1,-1,9,1,46,8,1968,2,10,VOLKSWAGEN GOLF,7,E01025169,0,4
2024471522806,2024,471522806,1,9,0,-1,15,3,7,-1,0,0,0,0,0,0,4,9,-1,6,1,43,7,1395,1,8,VOLKSWAGEN GOLF,5,E01031373,0,1
2024141513594,2024,141513594,1,9,0,-1,9,5,3,-1,0,8,0,0,0,0,1,1,-1,9,2,42,7,1598,2,12,VOLKSWAGEN GOLF,1,E01008017,0,1
2024221551244,2024,221551244,1,9,0,-1,19,3,7,-1,0,0,0,0,0,0,1,9,-1,6,1,37,7,1896,2,16,VOLKSWAGEN GOLF,1,E01008916,0,4
2024041483790,2024,041483790,1,9,0,-1,19,5,1,-1,0,0,0,0,1,4,1,1,-1,9,1,23,5,999,1,5,VOLKSWAGEN GOLF,3,-1,0,5
2024991504665,2024,991504665,2,9,0,-1,13,6,3,-1,0,0,0,0,0,0,4,1,-1,6,1,29,6,1984,1,8,VOLKSWAGEN GOLF,1,-1,0,3
2024201426855,2024,201426855,1,9,0,-1,19,2,6,-1,0,4,0,0,0,0,1,9,-1,6,1,25,5,1984,1,8,VOLKSWAGEN GOLF,-1,-1,0,-1
2024411462939,2024,411462939,1,9,0,-1,2,5,1,-1,0,0,0,0,0,0,0,1,-1,2,1,26,6,1498,1,4,VOLKSWAGEN GOLF,10,E01023654,0,3
2024340WN0332,2024,340WN0332,2,9,0,-1,19,3,7,-1,0,1,0,0,0,0,3,1,-1,6,1,17,4,1598,2,14,VOLKSWAGEN GOLF,7,E01028483,0,2
2024471483127,2024,471483127,1,9,0,-1,19,3,7,-1,0,0,0,0,0,0,3,9,-1,6,1,42,7,1896,2,20,VOLKSWAGEN GOLF,10,E01021023,0,1
2024320764118,2024,320764118,2,9,0,10,10,2,1,0,0,5,0,0,0,0,3,1,-1,-1,1,51,8,1968,2,9,VOLKSWAGEN GOLF,10,E01026233,0,1
2024122500026,2024,122500026,1,9,0,17,19,3,7,0,0,2,5,0,0,0,1,1,6,6,2,44,7,1968,2,8,VOLKSWAGEN GOLF,8,E01027693,0,1
2024332401132,2024,332401132,2,9,0,-1,19,4,8,-1,0,0,0,0,0,0,4,1,-1,2,2,29,6,1395,1,9,VOLKSWAGEN GOLF,4,E01013734,0,1
2024010509301,2024,010509301,1,9,0,6,6,7,7,0,0,0,0,0,0,0,1,1,6,6,1,72,10,1498,1,5,VOLKSWAGEN GOLF,-1,-1,0,-1
2024010499925,2024,010499925,1,9,0,4,4,5,1,0,0,4,0,0,0,0,1,1,6,6,2,21,5,1390,1,16,VOLKSWAGEN GOLF,8,E01003655,0,2
2024991436077,2024,991436077,2,9,0,-1,10,2,6,-1,0,0,0,0,0,0,2,1,-1,9,1,42,7,1395,1,8,VOLKSWAGEN GOLF,1,-1,0,1
2024332400570,2024,332400570,2,9,0,-1,9,5,3,-1,2,5,0,0,0,0,4,1,-1,9,1,26,6,1598,2,6,VOLKSWAGEN GOLF,8,E01013702,0,1
2024501448577,2024,501448577,1,9,0,-1,9,1,5,-1,0,0,0,0,0,0,2,1,-1,9,1,38,7,1900,2,18,VOLKSWAGEN GOLF,4,E01024510,0,5
2024440020559,2024,440020559,1,9,0,4,4,6,2,0,0,2,0,0,0,0,2,1,6,6,1,56,9,1968,2,18,VOLKSWAGEN GOLF,9,E01017061,0,1
2024501452446,2024,501452446,2,9,0,-1,19,4,8,-1,0,0,0,0,0,0,2,9,-1,9,1,24,5,1984,1,19,VOLKSWAGEN GOLF,3,E01020104,0,3
2024520403384,2024,520403384,1,9,0,18,19,7,3,0,0,0,0,0,0,0,1,1,6,6,1,29,6,1896,2,17,VOLKSWAGEN GOLF,4,E01029232,0,1
2024141493382,2024,141493382,2,9,0,-1,7,3,5,-1,0,1,0,0,0,0,1,9,-1,6,2,20,4,1395,1,9,VOLKSWAGEN GOLF,1,E01034842,0,1
2024201510214,2024,201510214,2,9,0,-1,19,1,5,-1,0,8,0,0,0,0,1,9,-1,9,2,48,8,1968,2,7,VOLKSWAGEN GOLF,3,E01009220,0,1
2024430242310,2024,430242310,2,9,0,18,19,5,1,0,0,7,0,0,0,0,2,1,6,6,1,23,5,1390,1,13,VOLKSWAGEN GOLF,5,E01028636,0,1
2024471508539,2024,471508539,1,9,0,-1,9,2,4,-1,0,8,0,0,1,0,1,1,-1,9,1,77,11,1395,1,9,VOLKSWAGEN GOLF,8,E01034298,0,1
2024131483261,2024,131483261,3,9,0,-1,2,0,0,-1,9,8,0,0,0,0,3,1,-1,6,-1,-1,-1,1197,1,11,VOLKSWAGEN GOLF,-1,-1,0,-1
2024332400081,2024,332400081,1,9,0,-1,19,8,4,-1,0,8,0,0,0,0,1,1,-1,9,1,18,4,1197,1,10,VOLKSWAGEN GOLF,8,E01013791,0,4
2024991542253,2024,991542253,1,9,0,-1,9,7,5,-1,0,1,0,0,0,0,1,1,-1,6,1,76,11,1598,2,6,VOLKSWAGEN GOLF,-1,-1,0,-1
2024631447970,2024,631447970,1,9,0,-1,19,1,5,-1,0,0,0,4,0,0,1,1,-1,6,2,31,6,1968,2,15,VOLKSWAGEN GOLF,3,W01000626,0,1
2024440033041,2024,440033041,5,9,0,18,19,8,4,0,0,0,0,0,0,0,2,1,6,6,1,60,9,1896,2,16,VOLKSWAGEN GOLF,8,E01022786,0,3
2024010540830,2024,010540830,1,9,0,18,19,5,1,0,0,4,0,0,0,0,1,1,1,1,1,46,8,1598,1,19,VOLKSWAGEN GOLF,5,E01002140,0,2
2024411496180,2024,411496180,1,9,0,-1,12,3,7,-1,0,0,0,0,0,0,1,1,-1,9,1,35,6,1896,2,20,VOLKSWAGEN GOLF,9,E01022061,0,2
2024131434134,2024,131434134,4,9,0,-1,19,5,1,-1,0,1,0,0,0,0,0,1,-1,6,1,22,5,1984,1,4,VOLKSWAGEN GOLF,8,E01005417,0,3
2024101398388,2024,101398388,1,9,0,-1,19,3,7,-1,0,1,0,0,0,0,1,1,-1,2,1,28,6,1984,1,1,VOLKSWAGEN GOLF,-1,-1,0,-1
2024010530936,2024,010530936,1,9,0,2,2,0,0,0,0,1,0,0,0,0,2,1,6,6,3,-1,-1,1598,1,17,VOLKSWAGEN GOLF,-1,-1,0,-1
2024111518064,2024,111518064,1,9,0,-1,19,8,4,-1,0,1,0,0,0,0,4,1,-1,6,2,55,8,1598,2,5,VOLKSWAGEN GOLF,8,E01020854,0,1
2024522401909,2024,522401909,1,9,0,18,19,3,7,0,0,4,0,0,0,0,3,1,6,6,1,37,7,1968,2,13,VOLKSWAGEN GOLF,6,E01014563,0,1
2024010488293,2024,010488293,2,9,0,18,19,7,3,0,0,0,0,0,0,0,4,1,6,6,3,-1,-1,1600,1,18,VOLKSWAGEN GOLF,-1,-1,0,-1
2024411495307,2024,411495307,3,9,0,-1,4,3,3,-1,0,0,0,0,0,0,2,1,-1,9,2,63,9,1395,1,10,VOLKSWAGEN GOLF,9,E01023615,0,1
2024371414143,2024,371414143,1,9,0,-1,19,1,5,-1,0,0,0,0,0,0,1,1,-1,6,2,61,9,1390,1,13,VOLKSWAGEN GOLF,5,E01030222,0,1
2024010516055,2024,010516055,1,9,0,2,2,0,0,6,6,1,0,0,0,0,3,1,6,6,3,-1,-1,1598,1,18,VOLKSWAGEN GOLF,-1,-1,0,-1
2024010530567,2024,010530567,1,9,0,18,19,5,1,0,0,1,0,0,0,0,3,1,2,2,1,20,4,1197,1,14,VOLKSWAGEN GOLF,10,E01003804,0,2
2024440223628,2024,440223628,1,9,0,3,3,6,2,0,0,1,0,0,0,0,2,1,6,6,2,35,6,1900,2,20,VOLKSWAGEN GOLF,2,E01017117,0,1
2024131426718,2024,131426718,2,9,0,-1,-1,-1,-1,-1,-1,-1,-1,-1,-1,-1,2,1,-1,6,2,44,7,999,8,2,VOLKSWAGEN GOLF,9,E01011046,0,1
2024211532053,2024,211532053,1,9,0,-1,4,5,1,-1,0,0,1,0,6,0,1,1,-1,9,1,28,6,1498,1,0,VOLKSWAGEN GOLF,9,E01014318,0,2
2024320259764,2024,320259764,1,9,0,-1,-1,2,6,0,0,0,1,0,0,0,1,1,-1,-1,1,20,4,1395,1,9,VOLKSWAGEN GOLF,8,E01007918,0,4
2024471453774,2024,471453774,2,9,0,-1,19,4,8,-1,0,1,0,0,0,0,0,1,-1,9,2,81,11,1400,1,14,VOLKSWAGEN GOLF,3,E01021122,0,3
2024430446692,2024,430446692,2,9,0,9,9,3,1,0,0,5,0,0,0,0,1,1,2,2,1,-1,-1,1968,2,0,VOLKSWAGEN GOLF,-1,-1,0,-1
2024421433192,2024,421433192,1,9,0,-1,19,7,4,-1,0,1,0,0,0,0,1,1,-1,9,2,76,11,1598,2,14,VOLKSWAGEN GOLF,10,E01021633,0,3
2024991433245,2024,991433245,2,9,0,-1,19,4,7,-1,0,0,0,0,0,0,1,1,-1,9,2,28,6,1598,2,11,VOLKSWAGEN GOLF,2,-1,0,1
2024131494639,2024,131494639,1,9,0,-1,19,3,7,-1,0,0,1,0,0,0,1,1,-1,9,1,18,4,1598,2,10,VOLKSWAGEN GOLF,1,E01011374,0,1
2024531456256,2024,531456256,2,9,0,-1,19,1,5,-1,0,0,0,0,1,3,3,1,-1,6,1,76,11,1781,1,30,VOLKSWAGEN GOLF,6,E01028638,0,4
2024211440893,2024,211440893,1,9,0,-1,5,7,3,-1,0,4,0,0,0,0,3,1,-1,6,2,30,6,1896,2,16,VOLKSWAGEN GOLF,1,E01014358,0,1
2024520402018,2024,520402018,1,9,0,18,19,5,1,0,0,1,0,0,0,0,1,1,6,6,1,26,6,1598,2,10,VOLKSWAGEN GOLF,7,E01013615,0,5
2024010544583,2024,010544583,2,9,0,99,99,9,9,99,99,9,9,99,9,99,1,9,6,6,3,-1,-1,1390,1,15,VOLKSWAGEN GOLF,3,E01033913,0,1
2024010519565,2024,010519565,2,9,0,18,19,5,1,0,0,8,0,0,0,0,2,1,6,6,1,46,8,1498,1,6,VOLKSWAGEN GOLF,4,E01003412,0,2
2024010539739,2024,010539739,1,9,0,99,99,9,9,99,99,9,9,99,9,99,2,9,2,2,2,29,6,1390,1,15,VOLKSWAGEN GOLF,7,E01002423,0,1
2024010540205,2024,010540205,1,9,0,18,19,7,3,0,0,0,0,0,0,0,1,1,6,6,1,18,4,1900,2,18,VOLKSWAGEN GOLF,2,E01001513,0,1
2024522401532,2024,522401532,2,9,0,18,19,7,3,0,0,8,0,0,0,0,1,1,6,6,1,70,10,1395,1,8,VOLKSWAGEN GOLF,10,E01014711,0,1
2024041405019,2024,041405019,1,9,0,-1,4,5,1,-1,0,1,0,0,0,0,1,1,-1,7,1,47,8,1395,1,9,VOLKSWAGEN GOLF,1,E01012745,0,1
2024351408936,2024,351408936,2,9,-1,-1,-1,-1,-1,-1,-1,0,-1,-1,-1,0,-1,9,-1,6,2,33,6,1896,2,17,VOLKSWAGEN GOLF,3,E01015674,0,1
2024010551451,2024,010551451,3,9,0,99,99,9,9,99,99,9,9,99,9,99,1,9,6,6,3,34,6,1390,1,17,VOLKSWAGEN GOLF,5,E01000982,0,1
2024131455616,2024,131455616,1,9,0,-1,19,7,3,-1,0,0,1,0,0,0,3,1,-1,2,1,26,6,1498,1,4,VOLKSWAGEN GOLF,9,E01011186,0,2
2024471489257,2024,471489257,2,9,0,-1,19,1,5,-1,0,4,0,0,0,0,1,1,-1,6,2,36,7,1598,2,13,VOLKSWAGEN GOLF,6,E01031614,0,1
2024131468018,2024,131468018,1,9,0,-1,19,3,3,-1,0,0,0,0,0,0,1,1,-1,6,1,63,9,1968,2,0,VOLKSWAGEN GOLF,1,E01010702,0,1
2024061442332,2024,061442332,1,9,0,-1,19,-1,-1,-1,0,1,9,99,0,0,4,1,-1,9,1,40,7,1968,2,14,VOLKSWAGEN GOLF,3,-1,0,5
2024010535905,2024,010535905,1,9,0,3,3,6,2,0,0,1,0,0,0,0,2,1,6,6,1,51,8,1395,1,7,VOLKSWAGEN GOLF,5,E01001500,0,1
2024440499893,2024,440499893,2,9,0,18,19,5,1,0,0,1,0,0,0,0,1,1,6,6,2,27,6,1968,2,11,VOLKSWAGEN GOLF,-1,-1,0,-1
2024430474000,2024,430474000,1,9,0,18,19,2,6,0,0,8,0,0,0,0,4,1,3,7,2,32,6,1968,2,8,VOLKSWAGEN GOLF,3,E01016363,0,1
2024010547780,2024,010547780,1,9,0,5,5,3,7,0,0,1,0,0,1,0,1,1,2,2,1,19,4,1395,1,11,VOLKSWAGEN GOLF,4,E01021777,0,3
2024531522444,2024,531522444,1,9,0,-1,19,8,4,-1,0,0,0,11,0,0,1,1,-1,6,1,51,8,1598,2,10,VOLKSWAGEN GOLF,8,W01001595,0,1
2024010508657,2024,010508657,1,9,0,99,99,9,9,99,99,9,9,99,9,99,9,9,6,6,2,42,7,1498,1,5,VOLKSWAGEN GOLF,6,E01003653,0,1
2024631490214,2024,631490214,1,9,0,-1,19,4,8,-1,0,0,0,0,1,4,1,1,-1,9,2,34,6,1968,2,17,VOLKSWAGEN GOLF,4,W01000536,0,3
2024201462228,2024,201462228,1,9,0,-1,19,6,2,-1,0,0,0,0,0,0,1,9,-1,9,3,-1,-1,1968,2,17,VOLKSWAGEN GOLF,-1,-1,0,-1
2024061532476,2024,061532476,1,9,0,-1,19,8,1,-1,9,0,1,10,0,0,4,1,-1,6,1,17,4,2000,1,17,VOLKSWAGEN GOLF,-1,-1,0,-1
2024430572566,2024,430572566,1,9,0,9,9,3,7,0,0,8,0,0,0,2,1,1,6,6,1,44,7,1498,1,0,VOLKSWAGEN GOLF,-1,-1,0,-1
2024401477199,2024,401477199,3,9,0,-1,19,1,5,-1,0,8,0,0,0,0,3,1,-1,9,1,40,7,1395,1,8,VOLKSWAGEN GOLF,7,E01000147,0,4
2024070639260,2024,070639260,1,9,0,5,5,5,1,5,5,0,0,0,0,0,1,1,6,6,2,64,9,1390,1,12,VOLKSWAGEN GOLF,7,E01018432,0,1
2024010517244,2024,010517244,2,9,0,99,99,9,9,99,99,0,9,99,9,99,9,9,6,6,3,-1,-1,1598,2,10,VOLKSWAGEN GOLF,1,-1,0,5
2024211444780,2024,211444780,1,9,0,-1,9,3,1,-1,0,1,0,0,0,0,1,1,-1,6,1,29,6,1380,1,12,VOLKSWAGEN GOLF,1,E01014218,0,1
2024010524160,2024,010524160,2,9,0,3,3,3,7,0,0,1,0,0,0,0,1,1,6,6,1,24,5,1896,2,22,VOLKSWAGEN GOLF,3,E01021565,0,4
2024010523702,2024,010523702,1,9,0,99,99,9,9,99,99,9,9,99,9,99,2,9,6,6,1,52,8,1984,1,5,VOLKSWAGEN GOLF,10,E01030753,0,4
202454E108324,2024,54E108324,1,9,0,18,19,4,8,0,0,0,1,0,5,6,1,1,6,6,1,39,7,999,1,3,VOLKSWAGEN GOLF,10,E01016294,0,4
2024131466652,2024,131466652,2,9,0,-1,2,0,0,-1,0,8,0,4,0,0,3,1,-1,6,-1,-1,-1,1498,1,4,VOLKSWAGEN GOLF,-1,-1,0,-1
2024111430246,2024,111430246,1,9,0,-1,19,3,7,-1,0,8,0,0,0,0,3,1,-1,9,2,33,6,1390,1,12,VOLKSWAGEN GOLF,1,E01010807,0,4
2024440104271,2024,440104271,2,9,0,18,19,1,0,0,0,0,1,0,2,7,2,1,6,6,2,59,9,1395,1,8,VOLKSWAGEN GOLF,10,E01015398,0,4
2024141527327,2024,141527327,1,9,0,-1,9,1,6,-1,0,1,0,0,0,0,1,9,-1,6,3,-1,-1,1968,2,14,VOLKSWAGEN GOLF,-1,-1,0,-1
2024461410039,2024,461410039,2,9,0,-1,2,0,0,-1,0,2,0,0,0,0,3,1,-1,6,-1,-1,-1,1598,2,7,VOLKSWAGEN GOLF,-1,-1,0,-1
2024332400408,2024,332400408,2,9,0,-1,7,1,3,-1,0,5,0,0,0,0,4,1,-1,2,1,25,5,1395,1,11,VOLKSWAGEN GOLF,8,E01025951,0,2
2024010502520,2024,010502520,2,9,0,4,4,5,1,0,0,0,0,0,0,0,2,1,6,6,2,25,5,1498,8,1,VOLKSWAGEN GOLF,4,E01032764,0,3
2024501535509,2024,501535509,1,9,0,-1,19,3,7,-1,0,0,0,11,0,0,1,1,-1,6,1,18,4,1390,1,15,VOLKSWAGEN GOLF,5,E01018845,0,2
2024010551603,2024,010551603,2,9,9,99,99,9,9,99,99,0,9,99,9,99,9,9,6,6,2,21,5,1390,1,15,VOLKSWAGEN GOLF,-1,-1,0,-1
2024461502961,2024,461502961,3,9,0,-1,19,1,5,-1,0,0,0,0,0,0,2,1,-1,2,1,33,6,1598,2,10,VOLKSWAGEN GOLF,8,E01024693,0,4
2024320439806,2024,320439806,1,9,0,14,14,3,7,0,0,0,0,4,0,0,1,1,-1,-1,1,67,10,1598,2,7,VOLKSWAGEN GOLF,9,E01026371,0,2
2024421517436,2024,421517436,2,9,0,-1,4,2,6,-1,0,8,0,0,0,0,2,1,-1,9,1,36,7,1598,2,7,VOLKSWAGEN GOLF,8,E01030890,0,5
2024010537394,2024,010537394,1,9,0,9,9,5,3,0,0,1,0,0,0,0,1,1,6,6,1,21,5,999,1,7,VOLKSWAGEN GOLF,4,E01001704,0,1
2024440023162,2024,440023162,1,9,0,18,19,5,1,0,0,1,0,0,0,0,1,1,2,2,1,33,6,1968,2,12,VOLKSWAGEN GOLF,6,E01035434,0,3
2024302401768,2024,302401768,1,9,0,-1,19,6,1,-1,0,0,5,0,0,0,1,1,-1,9,1,20,4,1968,2,13,VOLKSWAGEN GOLF,5,E01033171,0,4
2024320641912,2024,320641912,1,9,0,-1,-1,1,5,0,0,0,5,10,1,0,1,1,-1,-1,1,23,5,1498,1,6,VOLKSWAGEN GOLF,-1,-1,0,-1
2024320721529,2024,320721529,1,9,0,-1,-1,8,4,0,0,0,1,0,1,0,1,1,-1,-1,1,25,5,1984,1,5,VOLKSWAGEN GOLF,5,E01026213,0,1
2024010536702,2024,010536702,1,9,0,18,19,7,3,0,0,1,0,12,0,0,2,1,6,6,1,62,9,1390,1,12,VOLKSWAGEN GOLF,2,E01002872,0,1
2024231537306,2024,231537306,1,9,0,-1,5,4,8,-1,-1,0,0,0,0,0,1,9,-1,6,1,23,5,1598,2,10,VOLKSWAGEN GOLF,8,E01031258,0,1
2024010543602,2024,010543602,2,9,0,-1,-1,1,5,0,0,6,0,0,0,0,1,1,6,6,1,25,5,1968,2,6,VOLKSWAGEN GOLF,5,E01004172,0,1
2024471534070,2024,471534070,1,9,0,-1,9,7,5,-1,0,6,0,0,0,0,1,1,-1,1,2,27,6,1395,8,1,VOLKSWAGEN GOLF,4,E01031799,0,1
2024411447235,2024,411447235,2,9,0,-1,19,8,4,-1,0,3,1,0,0,0,2,9,-1,7,1,52,8,-1,3,5,VOLKSWAGEN GOLF,9,E01023470,0,1
2024010507345,2024,010507345,2,9,0,12,12,9,9,0,0,9,0,99,0,0,9,1,6,6,2,38,7,1598,1,18,VOLKSWAGEN GOLF,10,E01016054,0,4
2024461440687,2024,461440687,1,9,0,-1,19,5,1,-1,0,0,0,0,0,0,1,9,-1,6,1,28,6,1598,1,21,VOLKSWAGEN GOLF,5,E01023978,0,1
2024010521065,2024,010521065,3,9,0,18,19,5,1,0,0,8,0,0,0,0,1,1,6,6,1,40,7,1390,1,20,VOLKSWAGEN GOLF,6,E01001086,0,1
2024531423794,2024,531423794,1,9,0,-1,4,5,1,-1,0,0,0,0,0,0,0,1,-1,9,2,52,8,1598,2,14,VOLKSWAGEN GOLF,9,E01022129,0,1
2024501474791,2024,501474791,1,9,0,-1,19,4,8,-1,0,0,0,0,0,0,1,1,-1,2,1,28,6,1197,1,13,VOLKSWAGEN GOLF,7,E01020205,0,1
2024610002324,2024,610002324,1,9,0,18,19,3,7,0,0,1,0,0,3,3,1,1,2,2,1,26,6,1598,2,11,VOLKSWAGEN GOLF,4,W01001980,0,1
2024122401210,2024,122401210,2,9,0,7,7,1,5,0,0,8,0,0,0,0,4,1,6,6,1,51,8,1968,1,15,VOLKSWAGEN GOLF,8,E01013062,0,4
2024201467701,2024,201467701,3,9,0,-1,2,2,3,-1,0,0,0,0,0,0,2,1,-1,6,1,24,5,999,1,5,VOLKSWAGEN GOLF,1,E01009099,0,4
2024451512914,2024,451512914,1,9,0,-1,19,3,7,-1,0,4,0,0,0,0,1,1,-1,6,1,27,6,1968,1,15,VOLKSWAGEN GOLF,2,E01002561,0,2