collision_index,collision_year,collision_ref_no,vehicle_reference,vehicle_type,towing_and_articulation,vehicle_manoeuvre_historic,vehicle_manoeuvre,vehicle_direction_from,vehicle_direction_to,vehicle_location_restricted_lane_historic,vehicle_location_restricted_lane,junction_location,skidding_and_overturning,hit_object_in_carriageway,vehicle_leaving_carriageway,hit_object_off_carriageway,first_point_of_impact,vehicle_left_hand_drive,journey_purpose_of_driver_historic,journey_purpose_of_driver,sex_of_driver,age_of_driver,age_band_of_driver,engine_capacity_cc,propulsion_code,age_of_vehicle,generic_make_model,driver_imd_decile,lsoa_of_driver,escooter_flag,driver_distance_banding
2024430610315,2024,430610315,2,9,0,18,19,4,8,0,0,0,0,0,0,0,2,1,6,6,1,28,6,1968,2,9,VOLKSWAGEN GOLF,7,E01035029,0,4
2024231457057,2024,231457057,2,9,0,-1,19,1,5,-1,0,0,0,0,0,0,2,9,-1,9,2,47,8,1498,1,3,VOLKSWAGEN GOLF,8,E01035086,0,4
2024411476161,2024,411476161,1,9,0,-1,4,8,4,-1,0,2,0,0,0,0,2,1,-1,6,2,61,9,1390,1,21,VOLKSWAGEN GOLF,9,E01023380,0,2
2024111476887,2024,111476887,1,9,0,-1,19,5,7,-1,0,0,0,0,0,0,1,1,-1,6,3,30,6,1896,2,17,VOLKSWAGEN GOLF,-1,-1,0,-1
2024231463030,2024,231463030,1,9,0,-1,7,2,5,-1,0,3,0,0,8,7,1,1,-1,6,1,23,5,1598,2,14,VOLKSWAGEN GOLF,9,E01019993,0,5
2024411396729,2024,411396729,1,9,0,-1,19,7,3,-1,0,0,0,0,0,0,1,1,-1,9,1,56,9,1395,1,6,VOLKSWAGEN GOLF,10,E01023449,0,1
2024311444176,2024,311444176,1,9,0,-1,1,3,7,-1,0,0,0,0,0,0,3,1,-1,6,1,35,6,1900,2,18,VOLKSWAGEN GOLF,5,E01028022,0,1
2024421402213,2024,421402213,2,9,0,-1,19,1,5,-1,0,6,0,0,0,0,2,1,-1,9,2,28,6,1900,2,19,VOLKSWAGEN GOLF,5,E01015905,0,1
2024131452149,2024,131452149,1,9,0,-1,19,1,5,-1,0,8,0,0,0,0,3,1,-1,6,1,26,6,1968,2,15,VOLKSWAGEN GOLF,1,E01010623,0,1
2024340WN5982,2024,340WN5982,1,9,0,-1,9,7,5,-1,0,1,0,0,0,0,1,1,-1,2,1,39,7,1390,1,14,VOLKSWAGEN GOLF,2,E01000027,0,5
2024461512403,2024,461512403,2,9,0,-1,19,1,5,-1,0,0,0,0,0,0,1,1,-1,9,1,28,6,1598,2,13,VOLKSWAGEN GOLF,6,E01024833,0,1
2024131517584,2024,131517584,1,9,0,-1,19,3,7,-1,0,8,0,0,1,11,1,1,-1,6,1,21,5,1984,1,7,VOLKSWAGEN GOLF,2,E01011341,0,1
2024421526599,2024,421526599,3,9,0,-1,19,5,1,-1,0,0,0,0,0,0,2,1,-1,9,1,30,6,1598,2,11,VOLKSWAGEN GOLF,8,E01030015,0,4
2024010498720,2024,010498720,1,9,0,4,4,7,3,0,0,1,0,0,0,0,2,1,6,6,2,38,7,1395,1,11,VOLKSWAGEN GOLF,4,E01017850,0,4
2024122401301,2024,122401301,3,9,0,4,4,7,3,0,0,2,0,0,0,0,2,1,6,6,2,25,5,1395,1,7,VOLKSWAGEN GOLF,7,E01027622,0,3
2024302401468,2024,302401468,1,8,0,1,1,8,2,0,0,1,0,0,0,0,2,1,1,1,1,60,9,1598,2,8,VOLKSWAGEN GOLF,4,E01019717,0,1
2024430309465,2024,430309465,1,9,0,3,3,3,7,0,0,1,0,0,0,0,2,1,6,6,1,26,6,1968,2,8,VOLKSWAGEN GOLF,9,E01035265,0,2
2024131439567,2024,131439567,2,9,0,-1,19,6,2,-1,0,8,0,0,0,0,2,1,-1,6,1,24,5,1968,2,7,VOLKSWAGEN GOLF,5,E01011026,0,2
2024221488150,2024,221488150,2,9,0,-1,9,6,4,-1,0,6,0,0,0,0,3,1,-1,9,1,81,11,1390,1,12,VOLKSWAGEN GOLF,3,E01009119,0,3
2024010528153,2024,010528153,1,9,0,13,13,7,3,0,0,0,0,0,0,0,3,1,6,6,1,31,6,1390,1,14,VOLKSWAGEN GOLF,5,E01000037,0,3
2024161496517,2024,161496517,2,9,0,-1,19,7,3,-1,0,1,0,0,0,0,1,1,-1,6,1,-1,-1,1395,1,6,VOLKSWAGEN GOLF,6,E01012961,0,1
2024131415242,2024,131415242,1,9,0,-1,19,8,4,-1,0,0,5,0,0,0,4,1,-1,9,1,59,9,2000,2,18,VOLKSWAGEN GOLF,1,E01034582,0,3
2024131441206,2024,131441206,1,9,0,-1,19,1,1,-1,0,8,0,0,0,0,1,1,-1,6,3,-1,-1,1968,2,10,VOLKSWAGEN GOLF,-1,-1,0,-1
2024991493733,2024,991493733,1,9,0,-1,19,4,8,-1,0,1,0,0,0,0,1,9,-1,6,1,29,6,1984,1,8,VOLKSWAGEN GOLF,1,-1,0,1
2024430349055,2024,430349055,2,9,0,18,19,5,1,0,0,0,0,0,0,0,2,1,6,6,2,30,6,1390,1,12,VOLKSWAGEN GOLF,7,E01016317,0,2
2024201483403,2024,201483403,2,9,0,-1,8,4,6,-1,0,1,0,0,0,0,2,1,-1,2,2,50,8,1395,1,11,VOLKSWAGEN GOLF,4,E01009138,0,1
2024622400526,2024,622400526,1,9,0,18,19,3,7,0,0,0,5,10,0,0,1,1,6,6,1,73,10,1598,2,13,VOLKSWAGEN GOLF,10,W01001133,0,3
2024311502925,2024,311502925,1,9,0,-1,19,4,8,-1,0,0,5,7,0,0,1,1,-1,6,1,31,6,1598,2,11,VOLKSWAGEN GOLF,6,E01013978,0,1
2024010515808,2024,010515808,1,9,0,99,99,9,9,99,99,9,9,99,9,99,1,9,2,2,1,23,5,1390,1,15,VOLKSWAGEN GOLF,6,E01002111,0,1
2024440263193,2024,440263193,1,9,0,7,7,8,2,0,0,8,0,0,0,0,1,1,6,6,1,79,11,1498,1,5,VOLKSWAGEN GOLF,9,E01034719,0,1
2024501397773,2024,501397773,2,9,0,-1,19,1,3,-1,0,1,1,0,0,0,1,1,-1,6,2,32,6,1968,2,10,VOLKSWAGEN GOLF,4,E01018754,0,4
2024471402193,2024,471402193,1,9,0,-1,19,3,7,-1,0,8,0,0,0,0,3,9,-1,9,1,18,4,1984,1,16,VOLKSWAGEN GOLF,5,E01034817,0,1
2024201465495,2024,201465495,2,9,0,-1,4,4,8,-1,0,8,0,0,0,0,3,1,-1,9,2,63,9,1896,2,17,VOLKSWAGEN GOLF,2,E01010284,0,1
2024531413384,2024,531413384,2,9,0,-1,4,6,2,-1,0,0,0,0,0,0,2,1,-1,9,1,45,7,1390,1,17,VOLKSWAGEN GOLF,4,W01001256,0,4
2024430088099,2024,430088099,1,9,0,18,19,1,5,0,0,0,0,0,0,0,3,1,6,6,1,30,6,1395,1,10,VOLKSWAGEN GOLF,8,E01028510,0,1
2024461441056,2024,461441056,1,9,0,-1,19,-1,-1,-1,0,0,0,0,0,0,1,9,-1,6,1,-1,-1,1984,1,22,VOLKSWAGEN GOLF,8,E01033210,0,1
2024161461985,2024,161461985,2,9,0,-1,7,4,6,-1,0,1,0,0,0,0,1,1,-1,1,2,59,9,1598,2,13,VOLKSWAGEN GOLF,10,E01013054,0,1
2024061530535,2024,061530535,2,9,0,-1,19,1,5,-1,0,1,0,0,0,0,1,1,-1,1,1,27,6,1984,1,5,VOLKSWAGEN GOLF,1,E01005585,0,3
2024010527801,2024,010527801,1,9,0,3,3,5,1,0,0,0,0,0,0,0,2,1,6,6,2,33,6,1395,1,7,VOLKSWAGEN GOLF,2,E01000526,0,1
2024421487610,2024,421487610,1,9,0,-1,19,5,1,-1,0,0,0,0,0,0,1,1,-1,9,2,22,5,1968,2,10,VOLKSWAGEN GOLF,1,E01007901,0,5
2024361470953,2024,361470953,1,9,0,-1,19,5,1,-1,0,0,5,2,7,0,1,1,-1,9,1,24,5,1968,2,10,VOLKSWAGEN GOLF,1,E01007542,0,5
2024211512063,2024,211512063,1,9,0,-1,19,2,6,-1,0,8,0,0,0,0,1,1,-1,9,1,24,5,1498,1,6,VOLKSWAGEN GOLF,5,E01009721,0,4
2024041501304,2024,041501304,2,9,0,-1,19,5,1,-1,0,2,0,4,0,0,4,1,-1,9,2,84,11,1197,1,10,VOLKSWAGEN GOLF,3,E01012669,0,1
2024101411816,2024,101411816,1,9,0,-1,14,5,1,-1,0,0,0,4,0,0,1,1,-1,9,1,30,6,1395,1,11,VOLKSWAGEN GOLF,1,E01008191,0,1
2024010523967,2024,010523967,2,9,0,7,7,8,2,0,0,1,0,0,1,0,4,1,6,6,1,58,9,1390,1,15,VOLKSWAGEN GOLF,5,E01002001,0,2
2024471424193,2024,471424193,1,9,0,-1,10,4,2,-1,0,8,0,0,0,0,1,1,-1,9,1,60,9,1390,1,17,VOLKSWAGEN GOLF,10,E01021026,0,4
2024311542213,2024,311542213,1,9,0,-1,4,0,7,-1,0,0,0,0,0,0,1,9,-1,6,1,25,5,1968,2,13,VOLKSWAGEN GOLF,9,E01028119,0,1
2024041532563,2024,041532563,2,9,0,-1,19,1,5,-1,0,0,0,0,1,10,3,1,-1,9,2,20,4,1968,2,15,VOLKSWAGEN GOLF,1,E01012752,0,1
2024061468534,2024,061468534,4,9,0,-1,19,1,1,-1,0,0,0,0,0,0,3,1,-1,9,1,25,5,1598,2,10,VOLKSWAGEN GOLF,6,E01018369,0,4
2024010519131,2024,010519131,1,9,0,4,4,1,5,0,0,8,0,0,0,0,2,1,6,6,1,45,7,1984,1,5,VOLKSWAGEN GOLF,4,E01002350,0,1
2024546115024,2024,546115024,2,9,0,18,19,3,7,0,0,1,0,0,0,0,1,1,6,6,1,17,4,1390,1,23,VOLKSWAGEN GOLF,6,E01031877,0,4
2024531452478,2024,531452478,1,9,0,-1,19,5,1,-1,0,0,0,0,0,0,1,1,-1,6,2,17,4,1598,2,11,VOLKSWAGEN GOLF,8,E01032938,0,4
2024461439122,2024,461439122,2,9,0,-1,4,3,7,-1,0,0,0,0,0,0,2,1,-1,9,2,58,9,1395,1,7,VOLKSWAGEN GOLF,10,E01000815,0,4
2024451457531,2024,451457531,1,9,0,-1,19,5,1,-1,0,0,0,0,1,4,1,1,-1,9,2,58,9,1498,8,4,VOLKSWAGEN GOLF,9,E01030412,0,1
2024010501582,2024,010501582,2,9,9,99,99,9,9,99,99,0,9,99,9,99,9,9,6,6,3,-1,-1,1395,1,7,VOLKSWAGEN GOLF,-1,-1,0,-1
2024061503446,2024,061503446,1,9,0,-1,19,7,3,-1,0,1,0,0,0,0,3,1,-1,6,2,35,6,-1,3,5,VOLKSWAGEN GOLF,7,E01004773,0,1
2024610007824,2024,610007824,1,9,0,9,9,8,5,0,0,1,5,0,0,11,1,1,2,2,2,20,4,1781,1,22,VOLKSWAGEN GOLF,2,W01001443,0,2
2024231515548,2024,231515548,1,9,0,-1,5,5,1,-1,0,6,0,0,0,0,1,1,-1,6,2,52,8,1598,2,8,VOLKSWAGEN GOLF,7,E01035027,0,2
2024010540746,2024,010540746,1,9,0,5,5,2,6,0,0,8,0,0,0,0,1,1,6,6,3,-1,-1,1390,1,12,VOLKSWAGEN GOLF,7,E01001133,0,1
2024340WN5382,2024,340WN5382,2,9,0,-1,19,3,7,-1,0,8,0,0,0,0,4,1,-1,6,1,41,7,1390,1,16,VOLKSWAGEN GOLF,-1,-1,0,-1
2024131410863,2024,131410863,1,9,0,-1,19,1,1,-1,9,0,5,10,1,5,3,1,-1,9,1,33,6,1984,1,5,VOLKSWAGEN GOLF,4,E01010598,0,1
2024351489822,2024,351489822,2,9,0,-1,19,1,5,-1,0,0,0,0,0,0,1,1,-1,6,1,35,6,1598,2,10,VOLKSWAGEN GOLF,6,E01035546,0,1
2024361524063,2024,361524063,2,9,0,-1,3,-1,-1,-1,0,0,0,0,0,0,2,1,-1,6,1,46,8,1498,1,4,VOLKSWAGEN GOLF,6,E01026451,0,2
2024052400070,2024,052400070,1,9,0,18,19,1,5,0,0,8,1,0,1,0,3,1,6,6,1,32,6,1968,2,11,VOLKSWAGEN GOLF,1,E01007176,0,1
2024631530191,2024,631530191,3,9,0,-1,2,0,0,-1,9,0,0,0,0,0,1,1,-1,6,-1,-1,-1,1600,1,19,VOLKSWAGEN GOLF,-1,-1,0,-1
202460Q186873,2024,60Q186873,2,9,0,18,19,1,5,0,0,0,0,0,0,0,2,1,6,6,1,41,7,1900,2,19,VOLKSWAGEN GOLF,-1,-1,0,-1
2024131511759,2024,131511759,1,9,0,-1,19,5,1,-1,0,0,0,0,7,11,1,1,-1,6,1,23,5,1984,1,1,VOLKSWAGEN GOLF,3,E01011257,0,1
2024131480670,2024,131480670,1,9,0,-1,13,1,5,-1,0,0,0,0,0,0,1,1,-1,6,1,23,5,1984,1,7,VOLKSWAGEN GOLF,2,E01011262,0,1
2024010512508,2024,010512508,1,9,9,99,99,9,9,99,99,9,9,99,9,99,9,1,6,6,3,-1,-1,1390,1,18,VOLKSWAGEN GOLF,-1,-1,0,-1
2024201529815,2024,201529815,2,9,0,-1,19,5,1,-1,0,8,0,0,0,0,3,1,-1,2,1,53,8,1984,1,8,VOLKSWAGEN GOLF,6,E01010536,0,2
2024541981224,2024,541981224,4,9,0,4,4,1,5,0,0,0,0,0,0,0,1,1,6,6,1,46,8,1984,1,4,VOLKSWAGEN GOLF,7,E01034541,0,1
2024401429869,2024,401429869,3,9,0,-1,19,1,5,-1,0,0,0,0,0,0,2,1,-1,9,1,34,6,1390,1,13,VOLKSWAGEN GOLF,5,E01009663,0,4
2024010534393,2024,010534393,1,9,0,9,9,5,2,0,0,5,0,0,0,0,3,1,6,6,1,40,7,1600,1,18,VOLKSWAGEN GOLF,5,E01001150,0,1
2024201536605,2024,201536605,2,9,0,-1,19,3,7,-1,0,8,0,0,0,0,3,1,-1,6,1,69,10,1968,2,15,VOLKSWAGEN GOLF,2,E01009044,0,1
2024461549655,2024,461549655,2,9,0,-1,19,6,2,-1,0,1,0,0,0,0,1,1,-1,9,2,36,7,1498,1,2,VOLKSWAGEN GOLF,10,E01024107,0,1
2024371547272,2024,371547272,2,9,0,-1,19,7,3,-1,0,0,0,0,0,0,0,1,-1,6,1,87,11,1390,1,13,VOLKSWAGEN GOLF,6,E01030091,0,3
2024061538098,2024,061538098,2,9,-1,-1,-1,-1,-1,-1,-1,-1,-1,-1,-1,0,-1,9,-1,6,3,-1,-1,1390,1,12,VOLKSWAGEN GOLF,-1,-1,0,-1
2024061484458,2024,061484458,1,9,0,-1,19,5,1,-1,0,0,0,0,0,0,1,1,-1,9,1,38,7,1598,2,14,VOLKSWAGEN GOLF,1,E01010710,0,4
2024501499704,2024,501499704,1,9,0,-1,19,2,5,-1,0,1,0,0,0,0,3,1,-1,6,1,41,7,1600,2,15,VOLKSWAGEN GOLF,6,E01018828,0,1
2024411427628,2024,411427628,2,9,0,-1,4,2,6,-1,0,0,0,0,0,0,2,1,-1,9,2,73,10,1900,2,18,VOLKSWAGEN GOLF,9,E01028682,0,4
2024010527280,2024,010527280,2,9,0,9,9,5,3,0,0,6,0,0,0,0,1,1,2,2,1,32,6,2000,1,19,VOLKSWAGEN GOLF,2,E01035664,0,1
2024201397639,2024,201397639,1,9,0,-1,5,8,4,-1,0,0,0,0,0,0,1,9,-1,6,1,-1,-1,1598,1,17,VOLKSWAGEN GOLF,1,E01034926,0,1
2024501555496,2024,501555496,1,9,0,-1,5,-1,-1,-1,0,6,0,0,0,0,0,9,-1,9,1,19,4,1896,2,16,VOLKSWAGEN GOLF,3,E01015052,0,1
2024041514528,2024,041514528,1,9,0,-1,5,3,7,-1,0,4,0,0,0,0,1,1,-1,1,2,32,6,1968,2,5,VOLKSWAGEN GOLF,2,E01025366,0,3
2024471453841,2024,471453841,1,9,0,-1,9,2,8,-1,0,2,0,0,0,0,1,1,-1,9,1,55,8,1598,2,6,VOLKSWAGEN GOLF,7,E01016899,0,1
2024544099024,2024,544099024,1,9,0,16,19,3,5,0,0,0,5,0,7,4,1,1,6,6,1,22,5,1968,2,10,VOLKSWAGEN GOLF,8,E01032699,0,3
2024311454735,2024,311454735,1,9,0,-1,7,2,6,-1,0,1,0,0,0,0,3,1,-1,6,3,44,7,1498,1,4,VOLKSWAGEN GOLF,-1,-1,0,-1
2024010543969,2024,010543969,1,9,0,18,19,7,3,0,0,0,0,0,0,0,1,1,6,6,1,45,7,1395,1,9,VOLKSWAGEN GOLF,7,E01000711,0,1
2024231414947,2024,231414947,2,9,0,-1,3,6,2,-1,0,0,0,0,0,0,2,1,-1,6,1,25,5,1984,1,3,VOLKSWAGEN GOLF,2,E01009679,0,2
2024052401498,2024,052401498,8,9,0,3,3,7,3,0,0,1,0,0,0,0,3,1,2,2,1,33,6,1498,1,3,VOLKSWAGEN GOLF,1,E01007210,0,2
2024471408464,2024,471408464,1,9,0,-1,19,3,7,-1,0,1,0,0,0,0,1,1,-1,9,1,19,4,1390,1,13,VOLKSWAGEN GOLF,4,E01031791,0,3
2024010538300,2024,010538300,2,9,0,11,11,9,9,99,99,9,9,99,9,99,9,9,6,6,3,-1,-1,1395,1,6,VOLKSWAGEN GOLF,-1,-1,0,-1
2024122400585,2024,122400585,1,9,0,16,19,7,2,0,0,0,5,10,0,0,1,1,6,6,1,17,4,1390,1,22,VOLKSWAGEN GOLF,10,E01027855,0,1
2024440405526,2024,440405526,1,9,0,18,19,7,3,0,0,2,0,0,1,10,1,1,6,6,1,68,10,1984,1,23,VOLKSWAGEN GOLF,8,E01022591,0,1
2024201464912,2024,201464912,2,9,0,-1,19,5,1,-1,0,8,0,0,0,0,1,1,-1,6,1,42,7,1390,1,12,VOLKSWAGEN GOLF,4,E01009243,0,3
2024010489562,2024,010489562,2,9,0,99,99,9,9,99,99,9,9,99,9,99,1,9,6,6,3,-1,-1,1390,1,13,VOLKSWAGEN GOLF,3,E01004231,0,1
2024010509942,2024,010509942,2,9,0,18,19,7,3,0,0,2,0,0,0,0,3,1,6,6,1,30,6,1197,1,14,VOLKSWAGEN GOLF,1,E01009026,0,5
2024430336208,2024,430336208,3,9,0,18,19,7,1,0,0,1,0,0,0,0,2,1,6,6,2,42,7,1598,2,11,VOLKSWAGEN GOLF,7,E01028521,0,3
2024471425810,2024,471425810,2,9,0,-1,2,0,0,-1,0,1,0,0,0,0,1,1,-1,6,-1,-1,-1,1968,2,15,VOLKSWAGEN GOLF,-1,-1,0,-1
2024411435136,2024,411435136,1,9,0,-1,19,8,4,-1,0,0,0,0,0,0,3,1,-1,9,1,19,4,1968,2,8,VOLKSWAGEN GOLF,6,E01023532,0,3
2024201474996,2024,201474996,1,9,0,-1,15,6,2,-1,0,8,0,0,0,0,1,9,-1,6,3,-1,-1,1390,1,13,VOLKSWAGEN GOLF,-1,-1,0,-1
2024131461487,2024,131461487,1,9,0,-1,-1,-1,-1,-1,-1,0,-1,-1,-1,0,-1,1,-1,6,3,-1,-1,1984,1,1,VOLKSWAGEN GOLF,-1,-1,0,-1
2024320083131,2024,320083131,2,9,0,2,2,0,0,0,0,0,0,0,0,0,4,1,-1,-1,2,29,6,1968,2,17,VOLKSWAGEN GOLF,4,E01026082,0,2
2024451520048,2024,451520048,1,9,0,-1,12,6,6,-1,0,0,1,0,0,0,1,1,-1,1,2,25,5,1498,1,7,VOLKSWAGEN GOLF,10,E01030778,0,1
2024010512054,2024,010512054,2,9,0,18,19,3,7,0,0,8,0,0,0,0,1,1,6,6,1,21,5,1984,1,16,VOLKSWAGEN GOLF,3,E01003541,0,1
2024320147806,2024,320147806,2,9,0,-1,-1,2,6,0,0,1,1,0,1,0,1,1,6,6,1,58,9,1600,1,25,VOLKSWAGEN GOLF,4,E01026224,0,4
2024440375591,2024,440375591,2,9,0,3,3,4,8,0,0,1,0,0,0,0,2,1,6,6,2,33,6,1598,2,9,VOLKSWAGEN GOLF,5,E01022480,0,1
2024141527413,2024,141527413,1,9,0,-1,19,3,7,-1,0,0,0,0,0,0,1,1,-1,6,2,46,8,1968,2,9,VOLKSWAGEN GOLF,-1,-1,0,-1
2024411437387,2024,411437387,1,9,0,-1,12,1,5,-1,0,0,0,7,0,0,1,1,-1,6,1,26,6,1598,2,8,VOLKSWAGEN GOLF,10,E01023965,0,3
2024302401058,2024,302401058,2,9,0,18,19,1,5,0,0,8,0,0,0,0,3,1,3,7,2,37,7,1598,2,14,VOLKSWAGEN GOLF,2,E01019469,0,1
2024622400573,2024,622400573,1,9,0,18,19,6,2,0,0,1,0,0,0,0,1,2,6,6,1,42,7,1896,2,16,VOLKSWAGEN GOLF,3,W01001317,0,1
2024010514040,2024,010514040,2,9,9,99,99,9,9,99,99,1,9,99,9,99,9,9,6,6,1,22,5,999,1,6,VOLKSWAGEN GOLF,4,E01033869,0,1
2024501577315,2024,501577315,1,9,0,-1,19,6,2,-1,9,1,0,0,7,11,1,1,-1,6,1,32,6,1600,2,15,VOLKSWAGEN GOLF,8,E01019015,0,4
2024131422425,2024,131422425,1,8,0,-1,1,2,6,-1,0,0,0,0,0,0,2,1,-1,6,1,-1,-1,1968,2,8,VOLKSWAGEN GOLF,-1,-1,0,-1
2024201482305,2024,201482305,2,9,0,-1,19,6,2,-1,0,8,0,0,0,0,1,9,-1,6,2,23,5,1595,1,15,VOLKSWAGEN GOLF,6,E01013491,0,4
2024361500453,2024,361500453,1,9,0,-1,19,7,3,-1,0,0,0,4,0,0,1,1,-1,9,2,30,6,1598,2,15,VOLKSWAGEN GOLF,5,E01026751,0,1
2024631440447,2024,631440447,1,9,0,-1,5,5,1,-1,0,6,0,0,0,0,3,1,-1,6,1,84,11,1598,2,11,VOLKSWAGEN GOLF,7,W01000712,0,3
2024041468787,2024,041468787,1,9,0,-1,9,7,3,-1,0,0,0,0,0,0,3,1,-1,9,2,79,11,1498,1,5,VOLKSWAGEN GOLF,1,E01005389,0,4
2024131406081,2024,131406081,1,9,0,-1,2,5,1,-1,0,0,0,0,0,0,2,1,-1,6,1,45,7,1900,2,18,VOLKSWAGEN GOLF,7,E01011890,0,1
2024320419355,2024,320419355,2,9,0,2,2,0,0,0,0,0,0,0,0,0,4,1,6,6,1,21,5,1968,2,16,VOLKSWAGEN GOLF,2,E01026049,0,2
202460Q015647,2024,60Q015647,1,9,0,16,19,1,5,0,0,0,5,0,1,11,3,1,6,6,3,-1,-1,1968,2,14,VOLKSWAGEN GOLF,-1,-1,0,-1
2024010540427,2024,010540427,2,9,0,99,99,9,9,99,99,9,9,99,9,99,1,9,6,6,3,-1,-1,999,1,0,VOLKSWAGEN GOLF,-1,-1,0,-1
2024320130184,2024,320130184,1,9,0,-1,-1,4,8,0,0,0,1,0,0,0,1,1,-1,-1,1,20,4,1598,2,13,VOLKSWAGEN GOLF,9,E01026293,0,1
2024201529108,2024,201529108,1,9,0,-1,5,7,3,-1,0,6,0,0,0,0,2,1,-1,6,1,65,9,1968,2,16,VOLKSWAGEN GOLF,10,E01009421,0,4
2024201398181,2024,201398181,2,9,0,-1,19,4,8,-1,0,8,0,0,0,0,4,1,-1,1,2,50,8,1498,1,4,VOLKSWAGEN GOLF,7,E01009252,0,2
2024411490066,2024,411490066,2,9,0,-1,3,5,1,-1,0,0,0,0,0,0,2,1,-1,1,2,34,6,1598,2,13,VOLKSWAGEN GOLF,4,E01015784,0,3
2024010505926,2024,010505926,1,9,0,14,14,7,3,0,0,1,0,0,0,0,1,1,6,6,1,24,5,1984,1,5,VOLKSWAGEN GOLF,6,E01002616,0,1
2024421432898,2024,421432898,1,9,0,-1,19,2,6,-1,0,0,0,0,0,0,1,1,-1,2,1,20,4,999,1,7,VOLKSWAGEN GOLF,5,E01021487,0,2
2024401538975,2024,401538975,2,9,0,-1,12,5,1,-1,0,0,0,0,0,0,2,1,-1,6,2,-1,-1,1968,2,9,VOLKSWAGEN GOLF,1,E01016843,0,3
2024041515486,2024,041515486,2,9,0,-1,19,1,3,-1,0,8,0,0,0,0,3,1,-1,6,2,50,8,1598,2,8,VOLKSWAGEN GOLF,2,E01024897,0,1
2024471523034,2024,471523034,1,9,0,-1,1,8,4,-1,9,6,0,0,0,0,2,1,-1,6,1,80,11,1395,1,8,VOLKSWAGEN GOLF,5,E01031595,0,1
2024522401681,2024,522401681,1,9,0,18,19,4,8,0,0,0,0,0,0,0,1,1,6,6,1,65,9,1498,1,1,VOLKSWAGEN GOLF,6,E01029133,0,4
2024010550373,2024,010550373,2,9,0,13,13,3,7,0,0,2,0,0,0,0,4,1,6,6,1,34,6,1598,2,7,VOLKSWAGEN GOLF,4,E01001836,0,1
2024552400650,2024,552400650,2,9,0,17,19,5,2,0,0,8,0,0,0,0,1,1,6,6,1,45,7,1395,1,9,VOLKSWAGEN GOLF,10,E01020415,0,3
2024131533546,2024,131533546,1,9,0,-1,19,-1,-1,-1,0,0,0,0,-1,-1,-1,1,-1,6,3,-1,-1,1968,2,11,VOLKSWAGEN GOLF,-1,-1,0,-1
2024501512660,2024,501512660,1,9,0,-1,19,1,5,-1,0,0,0,0,0,0,1,1,-1,6,2,55,8,2000,2,17,VOLKSWAGEN GOLF,9,E01018882,0,3
2024610057324,2024,610057324,2,9,0,3,3,6,2,0,0,1,0,0,0,0,2,1,6,6,1,-1,-1,1598,1,19,VOLKSWAGEN GOLF,7,W01001432,0,1
2024201469940,2024,201469940,1,9,0,-1,19,2,6,-1,0,8,1,10,2,3,3,1,-1,6,1,24,5,1968,2,1,VOLKSWAGEN GOLF,1,E01009401,0,1
2024522403028,2024,522403028,1,9,0,12,12,3,1,0,0,0,0,0,0,0,3,1,6,6,1,36,7,1498,1,4,VOLKSWAGEN GOLF,2,E01014806,0,4
2024131453995,2024,131453995,1,9,0,-1,19,1,5,-1,0,0,0,0,0,0,1,1,-1,6,1,29,6,1395,1,9,VOLKSWAGEN GOLF,4,E01011218,0,1
2024440067644,2024,440067644,2,9,0,3,3,7,3,0,0,1,0,0,0,0,2,1,1,1,1,53,8,1498,1,3,VOLKSWAGEN GOLF,4,E01017233,0,1
2024520401469,2024,520401469,2,9,0,3,3,8,4,0,0,0,0,0,0,0,2,1,6,6,1,84,11,1390,1,17,VOLKSWAGEN GOLF,7,E01029245,0,1
2024451447242,2024,451447242,1,9,0,-1,19,1,5,-1,0,2,0,0,0,0,1,1,-1,1,1,37,7,1598,2,7,VOLKSWAGEN GOLF,8,E01004195,0,4
2024451459379,2024,451459379,2,9,0,-1,19,5,1,-1,0,0,0,0,0,0,1,9,-1,6,1,40,7,1598,2,6,VOLKSWAGEN GOLF,-1,-1,0,-1
2024231512558,2024,231512558,1,9,0,-1,19,1,5,-1,0,1,0,0,0,0,1,9,-1,6,3,37,7,1390,1,22,VOLKSWAGEN GOLF,-1,-1,0,-1
2024991456907,2024,991456907,2,9,0,-1,19,2,6,-1,0,8,1,0,0,0,1,1,-1,9,2,34,6,1498,1,5,VOLKSWAGEN GOLF,6,-1,0,5
2024041440057,2024,041440057,2,9,0,-1,3,3,7,-1,0,0,0,0,0,0,2,1,-1,2,2,29,6,1395,1,11,VOLKSWAGEN GOLF,1,E01012643,0,2
2024991424748,2024,991424748,5,9,0,-1,19,5,1,-1,0,1,1,0,0,0,1,1,-1,6,1,61,9,1598,2,6,VOLKSWAGEN GOLF,5,-1,0,5
2024122400285,2024,122400285,1,9,0,18,19,1,5,0,0,0,0,0,0,0,2,1,6,6,1,27,6,2000,2,19,VOLKSWAGEN GOLF,-1,-1,0,-1
2024141473602,2024,141473602,2,9,0,-1,19,4,8,-1,0,0,0,0,0,0,3,1,-1,6,2,46,8,1968,2,16,VOLKSWAGEN GOLF,1,E01008118,0,1
2024501426187,2024,501426187,1,9,0,-1,19,8,4,-1,0,0,5,0,0,0,1,1,-1,6,2,24,5,1968,2,14,VOLKSWAGEN GOLF,9,E01015108,0,1
2024010514461,2024,010514461,1,9,0,18,19,5,1,0,0,8,0,0,0,0,1,1,2,2,1,40,7,1968,2,5,VOLKSWAGEN GOLF,2,E01000015,0,1
2024471525612,2024,471525612,1,9,0,-1,19,8,4,-1,0,1,0,0,0,0,1,1,-1,6,1,60,9,1498,1,4,VOLKSWAGEN GOLF,9,E01031722,0,1