collision_index,collision_year,collision_ref_no,vehicle_reference,vehicle_type,towing_and_articulation,vehicle_manoeuvre_historic,vehicle_manoeuvre,vehicle_direction_from,vehicle_direction_to,vehicle_location_restricted_lane_historic,vehicle_location_restricted_lane,junction_location,skidding_and_overturning,hit_object_in_carriageway,vehicle_leaving_carriageway,hit_object_off_carriageway,first_point_of_impact,vehicle_left_hand_drive,journey_purpose_of_driver_historic,journey_purpose_of_driver,sex_of_driver,age_of_driver,age_band_of_driver,engine_capacity_cc,propulsion_code,age_of_vehicle,generic_make_model,driver_imd_decile,lsoa_of_driver,escooter_flag,driver_distance_banding
2024991443418,2024,991443418,2,9,0,-1,19,1,5,-1,0,1,2,0,1,9,1,1,-1,9,1,33,6,1390,1,18,VOLKSWAGEN GOLF,4,-1,0,3
2024461401096,2024,461401096,9,9,0,-1,19,5,1,-1,0,0,1,0,0,0,1,9,-1,9,1,45,7,1390,1,16,VOLKSWAGEN GOLF,5,E01016088,0,2
2024531474112,2024,531474112,2,9,0,-1,4,6,2,-1,0,0,0,0,0,0,2,1,-1,2,2,40,7,1598,2,11,VOLKSWAGEN GOLF,6,E01034795,0,2
2024010494645,2024,010494645,2,9,0,8,8,3,5,0,0,8,0,0,0,0,1,1,6,6,1,32,6,1598,2,10,VOLKSWAGEN GOLF,-1,-1,0,-1
2024010514864,2024,010514864,2,9,0,18,19,3,7,0,0,1,0,0,0,0,1,1,6,6,2,83,11,1395,1,7,VOLKSWAGEN GOLF,8,E01002569,0,1
2024461475432,2024,461475432,2,9,0,-1,9,7,8,-1,0,6,0,0,0,0,1,1,-1,6,2,37,7,1968,2,16,VOLKSWAGEN GOLF,3,E01016071,0,1
2024471530709,2024,471530709,1,9,0,-1,10,1,5,-1,0,6,0,0,0,0,3,1,-1,9,2,81,11,1598,1,17,VOLKSWAGEN GOLF,7,E01031379,0,1
2024010512829,2024,010512829,1,9,0,99,99,9,9,99,99,0,9,99,9,99,9,1,6,6,1,36,7,1390,1,13,VOLKSWAGEN GOLF,5,E01003022,0,1
2024471476763,2024,471476763,1,9,0,-1,5,0,5,-1,0,8,0,0,0,0,3,1,-1,9,1,84,11,1395,1,9,VOLKSWAGEN GOLF,7,E01016883,0,3
2024211477479,2024,211477479,1,9,0,-1,19,3,7,-1,0,0,0,0,0,0,1,1,-1,6,2,55,8,1984,1,9,VOLKSWAGEN GOLF,5,E01029399,0,1
2024531509876,2024,531509876,2,9,0,-1,19,1,5,-1,0,1,0,0,0,0,4,1,-1,9,1,37,7,1984,1,5,VOLKSWAGEN GOLF,6,E01034795,0,1
2024122400642,2024,122400642,1,9,0,9,9,8,6,0,0,8,1,0,7,0,3,1,6,6,2,31,6,1598,2,13,VOLKSWAGEN GOLF,7,E01027667,0,1
2024351459331,2024,351459331,1,9,0,-1,19,-1,-1,-1,0,2,0,0,0,0,1,9,-1,6,1,-1,-1,1968,2,6,VOLKSWAGEN GOLF,4,E01018086,0,3
2024471522939,2024,471522939,1,9,0,-1,5,7,3,-1,0,0,0,0,0,0,3,1,-1,6,2,20,4,999,1,0,VOLKSWAGEN GOLF,3,E01021060,0,3
2024332400216,2024,332400216,1,9,0,-1,19,3,7,-1,0,6,0,0,0,0,4,1,-1,6,1,20,4,1598,2,11,VOLKSWAGEN GOLF,3,E01013731,0,1
2024311453740,2024,311453740,1,9,0,-1,4,4,8,-1,0,2,0,0,0,0,1,1,-1,6,2,41,7,1598,2,13,VOLKSWAGEN GOLF,8,E01028146,0,2
2024631458517,2024,631458517,1,9,0,-1,19,1,5,-1,0,0,0,0,7,11,1,1,-1,9,1,65,9,1598,2,9,VOLKSWAGEN GOLF,6,W01000627,0,4
2024131405372,2024,131405372,1,9,0,-1,19,3,7,-1,0,0,0,0,0,0,3,1,-1,6,-1,34,6,1900,2,18,VOLKSWAGEN GOLF,-1,-1,0,-1
2024471422557,2024,471422557,1,9,0,-1,19,3,7,-1,0,0,0,7,0,0,2,9,-1,9,1,22,5,1896,2,22,VOLKSWAGEN GOLF,7,E01021170,0,3
2024311403280,2024,311403280,2,9,0,-1,4,7,3,-1,0,4,0,0,0,0,2,1,-1,1,2,28,6,1968,2,8,VOLKSWAGEN GOLF,9,E01028054,0,1
2024131411126,2024,131411126,2,9,0,-1,19,5,1,-1,0,1,0,0,0,0,3,1,-1,9,1,39,7,1896,2,16,VOLKSWAGEN GOLF,2,E01011681,0,1
2024041450426,2024,041450426,1,9,0,-1,19,5,1,-1,0,0,0,0,0,0,1,1,-1,9,1,22,5,1598,2,12,VOLKSWAGEN GOLF,8,E01019616,0,5
2024351540927,2024,351540927,2,9,0,-1,19,7,3,-1,0,8,0,0,0,0,1,1,-1,2,2,30,6,1598,2,9,VOLKSWAGEN GOLF,10,E01018155,0,2
2024471473983,2024,471473983,1,9,0,-1,9,3,7,-1,0,4,0,0,0,0,1,1,-1,9,2,75,10,1395,1,10,VOLKSWAGEN GOLF,10,E01031824,0,4
2024211482441,2024,211482441,2,9,0,-1,19,3,7,-1,0,1,5,0,0,0,1,1,-1,9,1,57,9,1498,1,0,VOLKSWAGEN GOLF,-1,-1,0,-1
2024440153643,2024,440153643,1,9,0,5,5,3,7,0,0,4,0,0,0,0,1,1,6,6,1,48,8,1598,2,10,VOLKSWAGEN GOLF,-1,-1,0,-1
2024041428479,2024,041428479,1,9,0,-1,9,7,7,-1,0,1,0,0,0,0,1,1,-1,9,1,63,9,1395,1,7,VOLKSWAGEN GOLF,9,E01025240,0,2
2024610025724,2024,610025724,2,9,0,11,11,3,7,0,0,0,0,0,0,0,4,1,1,1,1,49,8,1390,1,13,VOLKSWAGEN GOLF,8,W01001755,0,4
2024440091582,2024,440091582,1,9,0,18,19,6,2,0,0,0,0,0,0,0,1,1,6,6,2,33,6,1498,8,4,VOLKSWAGEN GOLF,9,E01022751,0,1
2024101501338,2024,101501338,1,9,0,-1,19,3,7,-1,0,4,0,0,0,0,3,1,-1,2,1,25,5,1968,2,11,VOLKSWAGEN GOLF,-1,-1,0,-1
2024101499949,2024,101499949,2,9,0,-1,19,7,3,-1,0,0,0,0,0,0,3,1,-1,6,1,24,5,1968,2,8,VOLKSWAGEN GOLF,1,E01008331,0,1
2024201438275,2024,201438275,1,9,0,-1,9,1,6,-1,0,6,0,0,0,0,1,1,-1,6,1,30,6,1598,2,8,VOLKSWAGEN GOLF,-1,-1,0,-1
2024451467616,2024,451467616,1,9,0,-1,-1,-1,-1,-1,-1,0,-1,-1,-1,0,-1,9,-1,6,3,-1,-1,1498,1,5,VOLKSWAGEN GOLF,2,E01002604,0,4
2024131409558,2024,131409558,2,9,0,-1,19,5,1,-1,0,0,0,0,1,0,2,1,-1,6,1,28,6,1598,2,10,VOLKSWAGEN GOLF,2,E01010740,0,1
2024010500483,2024,010500483,1,9,0,6,6,1,1,0,0,8,0,0,0,0,1,1,6,6,2,24,5,1598,2,9,VOLKSWAGEN GOLF,5,E01004071,0,2
2024010516218,2024,010516218,1,9,0,3,3,5,1,0,0,1,0,0,0,0,2,1,6,6,1,25,5,1197,1,14,VOLKSWAGEN GOLF,2,E01021315,0,4
2024161436811,2024,161436811,1,9,0,-1,19,8,4,-1,0,0,1,0,1,4,1,1,-1,6,1,20,4,1197,1,10,VOLKSWAGEN GOLF,8,E01013265,0,2
2024131466646,2024,131466646,1,9,0,-1,19,2,6,-1,0,0,0,0,0,0,3,1,-1,9,1,25,5,1598,2,12,VOLKSWAGEN GOLF,1,E01011422,0,1
2024010515827,2024,010515827,1,9,0,7,7,7,1,0,0,3,0,0,0,0,4,1,6,6,1,28,6,1390,1,15,VOLKSWAGEN GOLF,-1,-1,0,-1
2024201507971,2024,201507971,3,9,0,-1,2,0,0,-1,0,0,0,0,1,0,0,9,-1,6,-1,-1,-1,1598,2,8,VOLKSWAGEN GOLF,-1,-1,0,-1
2024231498046,2024,231498046,2,9,0,-1,19,4,8,-1,0,4,0,0,0,0,1,1,-1,9,2,55,8,1900,2,18,VOLKSWAGEN GOLF,7,E01031215,0,4
2024131422836,2024,131422836,1,9,0,-1,-1,-1,-1,-1,-1,0,-1,-1,-1,-1,-1,1,-1,6,3,-1,-1,-1,3,4,VOLKSWAGEN GOLF,-1,-1,0,-1
2024131493705,2024,131493705,1,9,0,-1,19,6,2,-1,0,1,0,11,7,4,1,1,-1,9,1,18,4,1395,1,11,VOLKSWAGEN GOLF,2,E01011024,0,2
2024430256745,2024,430256745,1,9,0,18,19,6,2,0,0,0,0,10,7,1,0,1,6,6,1,20,4,2000,1,19,VOLKSWAGEN GOLF,8,E01016679,0,3
2024542035624,2024,542035624,2,9,0,18,19,5,1,0,0,0,0,0,0,0,1,1,2,2,2,59,9,1390,1,21,VOLKSWAGEN GOLF,2,E01015570,0,1
2024430357029,2024,430357029,1,9,0,18,19,5,1,0,0,8,0,0,7,4,1,1,6,6,1,64,9,1598,2,5,VOLKSWAGEN GOLF,6,E01027613,0,5
2024451525325,2024,451525325,2,9,0,-1,11,2,6,-1,0,3,0,0,0,0,4,9,-1,6,3,30,6,1598,2,13,VOLKSWAGEN GOLF,-1,-1,0,-1
2024471506266,2024,471506266,2,9,0,-1,2,0,0,-1,9,0,0,4,0,0,3,1,-1,6,-1,-1,-1,1598,2,13,VOLKSWAGEN GOLF,-1,-1,0,-1
2024211441127,2024,211441127,1,9,0,-1,9,7,5,-1,0,1,0,0,0,0,4,9,-1,6,1,-1,-1,1598,2,10,VOLKSWAGEN GOLF,1,E01014330,0,1
2024332401140,2024,332401140,2,9,0,-1,4,4,8,-1,0,0,0,0,0,0,2,1,-1,6,2,31,6,1395,1,6,VOLKSWAGEN GOLF,10,E01025813,0,1
2024010514879,2024,010514879,1,9,0,99,99,9,9,99,99,9,9,99,9,99,9,9,6,6,2,20,4,999,1,6,VOLKSWAGEN GOLF,6,E01001494,0,1
2024351540705,2024,351540705,1,9,0,-1,19,6,2,-1,0,1,0,0,0,0,1,1,-1,6,1,27,6,1968,2,16,VOLKSWAGEN GOLF,2,E01015654,0,1
2024520500230,2024,520500230,1,9,0,18,19,1,5,0,0,8,0,0,1,7,4,1,6,6,1,40,7,2000,2,19,VOLKSWAGEN GOLF,1,E01029297,0,3
2024631507689,2024,631507689,2,9,0,-1,19,8,4,-1,0,0,1,0,1,11,3,1,-1,6,1,21,5,1968,2,15,VOLKSWAGEN GOLF,4,W01000516,0,4
2024430050732,2024,430050732,1,9,0,9,9,4,2,0,0,6,0,0,0,0,3,1,6,6,1,85,11,1968,2,6,VOLKSWAGEN GOLF,9,E01028782,0,1
2024221500480,2024,221500480,1,9,0,-1,5,3,7,-1,0,4,0,0,0,0,1,1,-1,6,2,36,7,1968,2,1,VOLKSWAGEN GOLF,4,E01014026,0,1
2024010531521,2024,010531521,1,9,0,99,99,9,9,99,99,9,9,99,9,99,9,9,6,6,3,-1,-1,1598,2,7,VOLKSWAGEN GOLF,-1,-1,0,-1
2024061395674,2024,061395674,2,9,0,-1,19,7,3,-1,0,0,0,0,0,0,2,1,-1,6,2,23,5,1395,1,11,VOLKSWAGEN GOLF,10,E01025424,0,4
2024991442472,2024,991442472,1,9,0,-1,13,3,7,-1,0,0,5,0,1,0,1,1,-1,1,1,22,5,1498,1,6,VOLKSWAGEN GOLF,8,-1,0,5
2024010547897,2024,010547897,1,9,0,99,99,9,9,99,99,9,9,99,9,99,2,9,6,6,1,30,6,1395,1,8,VOLKSWAGEN GOLF,2,E01004205,0,1
2024471397633,2024,471397633,2,9,0,-1,4,3,7,-1,0,0,0,0,0,0,2,1,-1,6,1,73,10,1598,2,12,VOLKSWAGEN GOLF,1,E01016885,0,2
2024010525561,2024,010525561,2,9,0,99,99,9,9,99,99,6,9,99,9,99,9,9,6,6,3,-1,-1,1197,1,12,VOLKSWAGEN GOLF,-1,-1,0,-1
2024131439578,2024,131439578,1,9,0,-1,19,1,5,-1,0,0,0,0,0,0,1,1,-1,6,3,-1,-1,1598,2,14,VOLKSWAGEN GOLF,-1,-1,0,-1
2024522403412,2024,522403412,1,9,0,18,19,6,2,0,0,1,0,0,1,0,1,1,6,6,2,35,6,1395,1,11,VOLKSWAGEN GOLF,10,E01014761,0,2
2024101412661,2024,101412661,2,9,0,-1,9,1,3,-1,0,6,0,0,0,0,3,1,-1,6,2,39,7,1900,2,20,VOLKSWAGEN GOLF,1,E01008542,0,1
2024430379016,2024,430379016,1,9,0,18,19,1,5,0,0,1,5,0,0,0,1,1,6,6,1,18,4,1900,2,18,VOLKSWAGEN GOLF,8,E01016656,0,3
2024141474318,2024,141474318,2,9,0,-1,19,7,3,-1,0,0,0,0,0,0,3,9,-1,6,3,-1,-1,1896,2,21,VOLKSWAGEN GOLF,-1,-1,0,-1
2024131430187,2024,131430187,1,9,0,-1,19,2,6,-1,0,0,0,0,0,0,4,1,-1,6,3,-1,-1,1984,1,17,VOLKSWAGEN GOLF,-1,-1,0,-1
2024131568003,2024,131568003,1,9,0,-1,2,0,0,-1,0,8,0,0,0,0,2,1,-1,6,-1,-1,-1,1598,2,5,VOLKSWAGEN GOLF,-1,-1,0,-1
202454E862324,2024,54E862324,2,9,0,18,19,7,3,0,0,8,0,0,0,0,4,1,6,6,1,25,5,1896,2,21,VOLKSWAGEN GOLF,3,E01020018,0,5
2024552400016,2024,552400016,1,9,0,7,7,8,1,0,0,5,0,0,0,0,1,1,1,1,1,26,6,1390,1,16,VOLKSWAGEN GOLF,9,E01020557,0,1
2024010529554,2024,010529554,1,9,0,18,19,1,5,0,0,0,0,0,0,0,2,1,6,6,2,51,8,1395,1,9,VOLKSWAGEN GOLF,6,E01003437,0,2
2024041438510,2024,041438510,1,9,0,-1,19,5,1,-1,0,0,0,0,5,0,3,1,-1,9,1,37,7,1600,2,15,VOLKSWAGEN GOLF,3,E01012588,0,3
2024451396488,2024,451396488,1,9,0,-1,19,1,5,-1,0,1,1,0,0,0,1,1,-1,7,2,30,6,1984,1,10,VOLKSWAGEN GOLF,8,E01030474,0,1
2024061512867,2024,061512867,1,9,0,-1,19,5,1,-1,0,0,1,10,1,0,3,1,-1,9,1,36,7,1984,1,6,VOLKSWAGEN GOLF,1,E01005094,0,1
2024201511477,2024,201511477,1,9,0,-1,5,3,3,-1,0,2,0,0,7,0,1,1,-1,9,2,30,6,1598,2,11,VOLKSWAGEN GOLF,-1,-1,0,-1
2024421417997,2024,421417997,2,9,0,-1,19,5,4,-1,0,0,0,0,0,0,4,9,-1,1,1,27,6,1498,1,6,VOLKSWAGEN GOLF,1,E01001761,0,4
2024231522040,2024,231522040,2,9,0,-1,19,6,2,-1,0,3,0,4,1,0,4,9,-1,6,2,20,4,999,1,0,VOLKSWAGEN GOLF,5,E01031056,0,2
2024201462636,2024,201462636,2,9,0,-1,3,5,5,-1,0,0,0,0,0,0,2,9,-1,6,2,68,10,1598,2,8,VOLKSWAGEN GOLF,2,E01009639,0,1
2024201444960,2024,201444960,2,9,0,-1,19,8,4,-1,0,2,1,0,0,0,1,1,-1,9,1,37,7,1197,1,7,VOLKSWAGEN GOLF,10,E01010198,0,2
2024531518078,2024,531518078,1,9,0,-1,19,5,1,-1,0,2,0,0,1,0,1,1,-1,6,-1,-1,-1,1598,1,22,VOLKSWAGEN GOLF,-1,-1,0,-1
2024061431352,2024,061431352,1,9,0,-1,7,2,5,-1,0,6,0,0,0,0,1,1,-1,6,1,22,5,1498,1,3,VOLKSWAGEN GOLF,-1,-1,0,-1
2024201403776,2024,201403776,1,9,0,-1,19,7,5,-1,0,7,0,0,0,0,1,1,-1,6,2,20,4,1968,2,7,VOLKSWAGEN GOLF,-1,-1,0,-1
2024471442904,2024,471442904,1,9,0,-1,7,4,4,-1,0,6,0,0,0,0,1,1,-1,2,1,20,4,1390,1,16,VOLKSWAGEN GOLF,6,E01034823,0,1
2024302400249,2024,302400249,2,9,0,18,19,1,5,0,0,1,0,0,0,0,0,1,6,6,2,23,5,1598,2,7,VOLKSWAGEN GOLF,2,E01019842,0,3
2024010509136,2024,010509136,1,9,0,18,19,8,4,0,0,0,0,0,0,0,4,1,6,6,2,25,5,1380,1,13,VOLKSWAGEN GOLF,-1,-1,0,-1
2024221470761,2024,221470761,1,9,0,-1,10,4,8,-1,0,1,0,0,0,0,1,9,-1,6,1,81,11,1600,1,19,VOLKSWAGEN GOLF,7,E01028998,0,2
2024010503242,2024,010503242,2,9,0,99,99,9,9,0,0,1,0,0,0,0,1,9,6,6,2,41,7,1600,1,20,VOLKSWAGEN GOLF,4,E01003277,0,1
2024451494777,2024,451494777,1,9,0,-1,4,5,1,-1,0,0,0,0,0,0,2,1,-1,9,2,32,6,1968,2,11,VOLKSWAGEN GOLF,6,E01024406,0,4
2024010507126,2024,010507126,1,9,0,9,9,1,6,0,0,1,5,4,0,0,1,1,6,6,1,87,11,1598,1,16,VOLKSWAGEN GOLF,-1,-1,0,-1
2024131498258,2024,131498258,1,9,0,-1,19,5,1,-1,0,0,0,0,0,0,4,1,-1,6,3,-1,-1,1598,2,12,VOLKSWAGEN GOLF,-1,-1,0,-1
2024201435755,2024,201435755,1,9,0,-1,9,8,6,-1,0,1,0,0,0,0,1,1,-1,9,1,20,4,1600,2,15,VOLKSWAGEN GOLF,1,E01009000,0,1
2024010525908,2024,010525908,1,9,0,1,1,9,9,99,99,0,9,99,9,99,9,9,6,6,3,-1,-1,1984,1,22,VOLKSWAGEN GOLF,-1,-1,0,-1
2024010501856,2024,010501856,2,9,0,3,3,2,6,0,0,0,0,0,0,0,2,1,2,2,1,56,9,1498,8,3,VOLKSWAGEN GOLF,9,E01030977,0,4
2024010536820,2024,010536820,1,9,0,-1,-1,1,5,9,9,2,0,4,0,0,1,1,6,6,1,42,7,1498,8,1,VOLKSWAGEN GOLF,8,E01000217,0,1
2024041426907,2024,041426907,2,9,0,-1,19,3,7,-1,0,0,0,0,0,0,1,1,-1,9,1,49,8,1598,2,12,VOLKSWAGEN GOLF,2,E01012573,0,4
2024552401366,2024,552401366,2,9,0,18,19,6,2,0,0,6,0,0,0,0,1,1,6,6,2,58,9,1896,2,21,VOLKSWAGEN GOLF,6,E01015286,0,1
2024421425194,2024,421425194,2,9,0,-1,19,7,3,-1,0,0,0,0,0,0,1,1,-1,6,1,34,6,1598,2,11,VOLKSWAGEN GOLF,3,E01021508,0,1
2024501408752,2024,501408752,2,9,0,-1,10,4,7,-1,0,0,0,0,0,0,2,1,-1,9,2,63,9,1968,2,11,VOLKSWAGEN GOLF,3,E01015229,0,1
2024041532434,2024,041532434,3,9,0,-1,3,8,4,-1,0,1,0,0,0,0,1,1,-1,6,1,36,7,1598,2,8,VOLKSWAGEN GOLF,1,E01025396,0,3
2024501534341,2024,501534341,1,9,0,-1,19,7,3,-1,0,0,2,0,2,2,1,1,-1,9,1,19,4,1984,1,27,VOLKSWAGEN GOLF,9,E01020091,0,1
2024010529861,2024,010529861,1,9,0,9,9,3,1,0,0,1,0,0,0,0,1,1,6,6,2,44,7,1984,1,17,VOLKSWAGEN GOLF,10,E01002419,0,1
2024440370683,2024,440370683,1,9,0,16,19,3,4,0,0,7,0,0,0,0,1,1,6,6,2,26,6,1498,8,4,VOLKSWAGEN GOLF,5,E01034554,0,3
2024421512014,2024,421512014,2,9,0,-1,19,5,1,-1,0,0,0,0,1,0,2,1,-1,6,2,21,5,1395,1,8,VOLKSWAGEN GOLF,6,E01021356,0,4
2024451467385,2024,451467385,1,9,0,-1,4,3,7,-1,0,0,0,0,0,0,1,1,-1,9,2,21,5,1498,1,4,VOLKSWAGEN GOLF,10,E01022793,0,4
2024010504797,2024,010504797,1,9,0,18,19,1,5,0,0,1,0,0,0,0,3,1,6,6,2,63,9,1598,1,17,VOLKSWAGEN GOLF,4,E01001336,0,1
2024501435032,2024,501435032,1,9,0,-1,19,2,6,-1,0,0,0,0,0,0,1,9,-1,7,2,36,7,1968,2,14,VOLKSWAGEN GOLF,3,E01018869,0,1
2024340NN4422,2024,340NN4422,1,9,0,-1,19,8,4,-1,0,8,0,0,0,2,1,1,-1,6,1,62,9,1498,1,5,VOLKSWAGEN GOLF,7,E01027343,0,1
2024461450509,2024,461450509,2,9,0,-1,2,0,0,-1,0,1,0,0,0,0,1,1,-1,6,1,75,10,1395,1,10,VOLKSWAGEN GOLF,7,E01024689,0,4
2024211456147,2024,211456147,2,9,0,-1,9,4,6,-1,0,0,0,0,0,0,2,1,-1,9,2,49,8,1600,2,15,VOLKSWAGEN GOLF,3,E01029808,0,3
2024471397165,2024,471397165,1,9,0,-1,4,6,2,-1,0,0,0,12,1,0,0,1,-1,1,1,28,6,1598,2,8,VOLKSWAGEN GOLF,8,E01031679,0,2
2024070349540,2024,070349540,2,9,0,3,3,0,0,0,0,0,0,0,0,0,2,1,6,6,2,54,8,1598,2,9,VOLKSWAGEN GOLF,6,E01018355,0,4
2024991504154,2024,991504154,2,9,0,-1,19,1,6,-1,0,0,0,0,0,0,2,1,-1,6,1,52,8,1598,2,9,VOLKSWAGEN GOLF,2,-1,0,1
2024622400499,2024,622400499,1,9,0,4,4,1,5,0,0,2,0,0,0,0,2,1,6,6,2,68,10,1598,2,9,VOLKSWAGEN GOLF,10,W01000823,0,1
2024041461300,2024,041461300,1,9,0,-1,19,1,5,-1,0,0,0,4,0,0,4,1,-1,9,1,70,10,1896,2,15,VOLKSWAGEN GOLF,10,E01025158,0,1
2024231409221,2024,231409221,2,9,0,-1,19,8,4,-1,0,8,0,0,0,0,1,1,-1,6,1,48,8,3200,1,17,VOLKSWAGEN GOLF,7,E01031320,0,2
2024201526541,2024,201526541,2,9,0,-1,9,2,8,-1,0,2,0,0,0,0,1,1,-1,6,2,22,5,1197,1,9,VOLKSWAGEN GOLF,1,E01034307,0,1
2024041504715,2024,041504715,1,9,0,-1,19,1,5,-1,0,1,0,7,5,2,1,1,-1,2,1,25,5,1598,2,6,VOLKSWAGEN GOLF,7,E01024993,0,3
2024041405994,2024,041405994,1,9,0,-1,19,7,3,-1,0,1,0,0,0,0,1,1,-1,9,1,21,5,1395,1,6,VOLKSWAGEN GOLF,6,E01030097,0,5
2024201555898,2024,201555898,1,9,0,-1,19,1,5,-1,0,0,1,0,0,0,4,9,-1,6,1,30,6,2000,1,15,VOLKSWAGEN GOLF,-1,-1,0,-1
2024540036324,2024,540036324,1,9,0,5,5,1,2,0,0,6,0,0,0,0,1,1,6,6,2,41,7,1498,1,3,VOLKSWAGEN GOLF,-1,-1,0,-1
2024501488705,2024,501488705,1,9,0,-1,9,4,1,-1,0,8,0,0,0,0,4,1,-1,9,1,37,7,1390,1,15,VOLKSWAGEN GOLF,1,E01015257,0,1
2024231425301,2024,231425301,2,9,0,-1,9,7,5,-1,0,5,0,0,0,0,1,1,-1,6,1,37,7,1968,2,15,VOLKSWAGEN GOLF,10,E01010169,0,3
2024501517026,2024,501517026,1,9,0,-1,7,1,3,-1,0,6,0,0,0,0,3,1,-1,9,2,71,10,1498,1,5,VOLKSWAGEN GOLF,3,E01018989,0,1
2024552400685,2024,552400685,1,9,0,18,19,8,4,0,0,0,5,4,0,0,1,1,6,6,1,36,7,1598,1,18,VOLKSWAGEN GOLF,7,E01015438,0,2
2024340NN4652,2024,340NN4652,1,9,0,-1,19,3,7,-1,0,0,5,10,8,4,1,1,-1,6,1,18,4,2000,1,17,VOLKSWAGEN GOLF,5,E01027126,0,2
2024201496018,2024,201496018,1,9,0,-1,13,5,2,-1,0,6,0,0,0,0,1,1,-1,6,2,26,6,999,1,3,VOLKSWAGEN GOLF,-1,-1,0,-1
2024201448771,2024,201448771,1,9,0,-1,19,7,7,-1,0,8,0,0,0,0,4,1,-1,1,1,49,8,1968,2,13,VOLKSWAGEN GOLF,2,E01009986,0,1
2024471476236,2024,471476236,4,9,0,-1,19,8,4,-1,0,0,0,0,0,0,2,1,-1,9,2,32,6,1598,2,12,VOLKSWAGEN GOLF,10,E01021210,0,1
2024332400400,2024,332400400,1,9,0,-1,19,7,3,-1,0,6,1,0,7,0,1,1,-1,2,1,31,6,1395,1,9,VOLKSWAGEN GOLF,3,E01025727,0,2
2024131400479,2024,131400479,1,9,0,-1,9,1,6,-1,0,8,0,0,0,0,4,1,-1,9,1,33,6,1984,1,6,VOLKSWAGEN GOLF,2,E01010776,0,1
2024101468196,2024,101468196,2,9,0,-1,3,5,1,-1,0,0,0,0,0,0,2,1,-1,6,2,44,7,1968,2,3,VOLKSWAGEN GOLF,6,E01008696,0,1
2024371454173,2024,371454173,2,9,0,-1,19,4,8,-1,0,0,0,0,0,0,2,1,-1,1,1,54,8,1395,8,6,VOLKSWAGEN GOLF,5,E01030138,0,2
2024010541839,2024,010541839,2,9,0,9,9,1,7,0,0,6,0,0,0,0,1,1,6,6,2,47,8,1395,8,2,VOLKSWAGEN GOLF,8,E01000136,0,1
2024201458598,2024,201458598,2,9,0,-1,19,5,1,-1,0,0,0,0,0,0,1,1,-1,9,2,-1,-1,1598,2,8,VOLKSWAGEN GOLF,-1,-1,0,-1
2024221466248,2024,221466248,1,9,0,-1,19,5,8,-1,0,0,0,0,0,0,3,9,-1,6,2,62,9,1390,1,14,VOLKSWAGEN GOLF,6,E01028850,0,2
2024991480489,2024,991480489,1,9,0,-1,19,4,8,-1,0,0,0,0,1,0,3,1,-1,9,1,82,11,1968,2,10,VOLKSWAGEN GOLF,-1,-1,0,-1
2024010525025,2024,010525025,1,9,0,6,6,1,1,0,0,0,0,0,0,0,3,1,2,2,1,28,6,1498,8,1,VOLKSWAGEN GOLF,3,E01000130,0,1
2024122400309,2024,122400309,1,9,0,18,19,8,4,0,0,6,0,0,0,0,1,1,6,6,2,24,5,1598,1,16,VOLKSWAGEN GOLF,-1,-1,0,-1
2024131534603,2024,131534603,1,9,0,-1,19,5,1,-1,0,1,1,0,7,0,1,1,-1,6,2,28,6,1598,2,11,VOLKSWAGEN GOLF,1,E01011001,0,1
202417H105524,2024,17H105524,1,9,0,-1,19,6,2,-1,0,8,0,0,0,0,1,1,-1,2,1,21,5,1598,2,10,VOLKSWAGEN GOLF,3,E01020811,0,3
2024201456514,2024,201456514,1,9,0,-1,19,6,2,-1,0,0,0,0,0,0,1,1,-1,6,-1,-1,-1,2000,1,18,VOLKSWAGEN GOLF,-1,-1,0,-1
2024201448023,2024,201448023,1,9,0,-1,19,2,6,-1,0,0,0,0,0,0,3,9,-1,6,1,-1,-1,1984,1,11,VOLKSWAGEN GOLF,-1,-1,0,-1
2024010508906,2024,010508906,2,9,0,99,99,9,9,99,99,0,9,99,9,99,9,9,6,6,3,56,9,1598,1,17,VOLKSWAGEN GOLF,3,E01001316,0,1
2024131468307,2024,131468307,1,9,0,-1,-1,-1,-1,-1,-1,-1,-1,-1,-1,0,-1,1,-1,6,3,-1,-1,1600,1,20,VOLKSWAGEN GOLF,-1,-1,0,-1
2024052402707,2024,052402707,1,9,0,5,5,7,3,0,0,0,0,0,0,0,1,1,6,6,1,58,9,1968,2,16,VOLKSWAGEN GOLF,5,E01006840,0,2
2024302500280,2024,302500280,1,9,0,-1,19,4,1,-1,0,0,0,4,0,0,1,1,-1,2,1,19,4,1896,2,24,VOLKSWAGEN GOLF,10,E01019413,0,1
2024031397927,2024,031397927,4,9,0,-1,2,0,0,-1,-1,2,0,0,0,0,2,1,-1,6,-1,-1,-1,1968,2,7,VOLKSWAGEN GOLF,-1,-1,0,-1
2024311524256,2024,311524256,5,9,0,-1,19,3,7,-1,0,0,0,0,0,0,1,1,-1,6,1,20,4,1984,1,1,VOLKSWAGEN GOLF,-1,-1,0,-1
2024201467536,2024,201467536,2,9,0,-1,19,5,1,-1,0,8,0,0,0,0,1,1,-1,6,1,45,7,1197,1,13,VOLKSWAGEN GOLF,2,E01010146,0,1
2024131443310,2024,131443310,1,9,0,-1,9,3,1,-1,0,6,0,0,0,0,1,1,-1,9,1,46,8,-1,3,4,VOLKSWAGEN GOLF,2,E01011298,0,1
202417M116524,2024,17M116524,1,9,0,-1,19,8,4,-1,0,8,0,0,0,0,4,1,-1,9,2,69,10,1968,2,12,VOLKSWAGEN GOLF,9,E01011971,0,3
2024111483792,2024,111483792,2,9,0,-1,19,5,1,-1,0,0,0,0,0,0,1,1,-1,9,2,19,4,1984,1,7,VOLKSWAGEN GOLF,3,E01020827,0,3
202460Q189083,2024,60Q189083,2,9,0,18,19,1,5,0,0,1,0,0,0,0,1,1,6,6,2,20,4,1984,1,9,VOLKSWAGEN GOLF,-1,-1,0,-1