collision_index,collision_year,collision_ref_no,vehicle_reference,vehicle_type,towing_and_articulation,vehicle_manoeuvre_historic,vehicle_manoeuvre,vehicle_direction_from,vehicle_direction_to,vehicle_location_restricted_lane_historic,vehicle_location_restricted_lane,junction_location,skidding_and_overturning,hit_object_in_carriageway,vehicle_leaving_carriageway,hit_object_off_carriageway,first_point_of_impact,vehicle_left_hand_drive,journey_purpose_of_driver_historic,journey_purpose_of_driver,sex_of_driver,age_of_driver,age_band_of_driver,engine_capacity_cc,propulsion_code,age_of_vehicle,generic_make_model,driver_imd_decile,lsoa_of_driver,escooter_flag,driver_distance_banding
2024061499139,2024,061499139,1,9,0,-1,2,0,0,-1,0,0,0,0,7,0,4,1,-1,9,2,44,7,1390,1,15,VOLKSWAGEN GOLF,4,E01005214,0,2
2024141415936,2024,141415936,2,9,0,-1,19,3,6,-1,9,0,0,0,0,0,0,1,-1,6,1,25,5,2000,2,19,VOLKSWAGEN GOLF,5,E01007330,0,1
2024332400315,2024,332400315,2,9,0,-1,19,1,5,-1,0,8,0,0,0,0,1,1,-1,9,1,26,6,1968,2,8,VOLKSWAGEN GOLF,8,E01013643,0,2
2024041401489,2024,041401489,1,9,0,-1,19,7,3,-1,0,0,1,4,0,0,4,1,-1,6,1,20,4,2000,1,15,VOLKSWAGEN GOLF,7,E01004775,0,3
2024991410255,2024,991410255,1,9,0,-1,19,3,7,-1,0,0,2,0,1,4,1,1,-1,9,1,36,7,1984,1,8,VOLKSWAGEN GOLF,-1,-1,0,-1
2024010488488,2024,010488488,1,9,0,17,19,5,3,0,0,0,0,0,0,0,3,1,6,6,2,62,9,1984,1,6,VOLKSWAGEN GOLF,9,E01002464,0,1
2024520001521,2024,520001521,1,9,0,14,14,3,7,0,0,0,0,0,0,0,1,1,6,6,2,54,8,1896,2,17,VOLKSWAGEN GOLF,2,E01014462,0,1
2024522401987,2024,522401987,1,9,0,6,6,2,2,0,0,0,0,0,0,0,4,1,6,6,3,-1,-1,1600,2,14,VOLKSWAGEN GOLF,-1,-1,0,-1
2024010512413,2024,010512413,2,9,0,99,99,9,9,99,99,9,9,99,9,99,1,9,6,6,3,-1,-1,1390,1,12,VOLKSWAGEN GOLF,-1,-1,0,-1
2024010543016,2024,010543016,1,9,9,99,99,9,9,99,99,9,9,99,9,99,9,9,6,6,1,36,7,1598,1,18,VOLKSWAGEN GOLF,8,E01002132,0,1
2024471514521,2024,471514521,2,9,0,-1,19,2,6,-1,0,8,0,0,4,0,1,1,-1,9,2,53,8,2000,1,18,VOLKSWAGEN GOLF,5,E01016989,0,3
2024041511486,2024,041511486,3,9,0,-1,19,5,1,-1,0,0,0,1,0,0,1,1,-1,6,1,76,11,1984,1,4,VOLKSWAGEN GOLF,5,E01011793,0,4
2024131485879,2024,131485879,2,9,0,-1,19,7,3,-1,0,1,0,0,0,0,1,1,-1,6,1,46,8,1598,2,13,VOLKSWAGEN GOLF,4,E01010656,0,1
2024201519404,2024,201519404,2,9,0,-1,19,1,7,-1,0,6,0,0,0,0,2,9,-1,6,1,24,5,1390,1,13,VOLKSWAGEN GOLF,6,E01023918,0,5
2024440140309,2024,440140309,1,9,0,7,7,6,8,0,0,8,0,0,0,0,1,1,6,6,1,75,10,1781,1,35,VOLKSWAGEN GOLF,9,E01022971,0,1
2024010512111,2024,010512111,2,9,0,2,2,0,0,0,0,2,0,0,0,0,4,1,6,6,3,-1,-1,1390,1,15,VOLKSWAGEN GOLF,-1,-1,0,-1
2024201438124,2024,201438124,2,9,0,-1,19,4,8,-1,0,8,0,0,0,0,3,9,-1,6,1,19,4,1395,1,9,VOLKSWAGEN GOLF,9,E01032939,0,4
2024131520549,2024,131520549,3,9,0,-1,19,7,3,-1,0,0,0,0,0,0,1,1,-1,6,2,49,8,1598,2,11,VOLKSWAGEN GOLF,4,E01009240,0,5
2024991453797,2024,991453797,1,9,0,-1,19,5,8,-1,0,0,2,0,8,11,1,1,-1,9,1,31,6,1984,1,1,VOLKSWAGEN GOLF,5,-1,0,2
2024061414398,2024,061414398,2,9,0,-1,-1,-1,-1,-1,-1,-1,-1,-1,-1,0,2,1,-1,6,1,39,7,1598,2,12,VOLKSWAGEN GOLF,1,E01005256,0,1
2024131519377,2024,131519377,1,9,0,-1,2,0,0,-1,0,0,0,0,0,0,1,1,-1,9,2,28,6,1598,2,11,VOLKSWAGEN GOLF,2,E01011450,0,1
2024061433225,2024,061433225,2,9,0,-1,7,3,7,-1,0,1,0,0,0,0,1,1,-1,6,1,38,7,1968,2,11,VOLKSWAGEN GOLF,8,E01005784,0,3
2024201424846,2024,201424846,1,9,0,-1,9,1,4,-1,0,1,0,0,0,0,1,1,-1,6,3,30,6,1968,2,10,VOLKSWAGEN GOLF,2,E01010071,0,2
2024010548648,2024,010548648,1,9,0,4,4,1,5,0,0,4,0,0,0,0,1,1,2,2,1,56,9,1395,8,1,VOLKSWAGEN GOLF,3,E01000044,0,1
2024010521766,2024,010521766,1,9,0,9,9,1,7,0,0,5,0,0,0,0,3,1,6,6,1,34,6,1390,1,11,VOLKSWAGEN GOLF,6,E01000487,0,3
2024440327542,2024,440327542,1,9,0,1,1,7,3,0,0,0,0,0,0,0,2,1,6,6,3,-1,-1,2000,2,17,VOLKSWAGEN GOLF,-1,-1,0,-1
2024471476242,2024,471476242,2,9,0,-1,9,3,1,-1,0,6,0,0,0,0,3,1,-1,9,2,40,7,1395,1,8,VOLKSWAGEN GOLF,10,E01031747,0,1
2024440331022,2024,440331022,2,9,0,18,19,8,4,0,0,0,0,0,0,0,1,1,6,6,1,34,6,1390,1,20,VOLKSWAGEN GOLF,5,E01031472,0,4
2024501450059,2024,501450059,2,9,0,-1,19,4,8,-1,0,8,1,0,0,0,1,1,-1,9,1,19,4,1896,2,21,VOLKSWAGEN GOLF,4,E01018862,0,1
202454D882724,2024,54D882724,2,9,0,4,4,1,5,0,0,0,0,0,0,0,2,1,6,6,2,18,4,1395,1,8,VOLKSWAGEN GOLF,6,E01034547,0,1
202417H108324,2024,17H108324,2,9,0,-1,19,6,1,-1,0,8,0,0,0,0,1,1,-1,9,1,-1,-1,1598,2,9,VOLKSWAGEN GOLF,9,E01011971,0,2
2024421413006,2024,421413006,1,9,0,-1,19,6,2,-1,0,4,0,12,0,0,4,1,-1,9,2,81,11,1390,1,12,VOLKSWAGEN GOLF,9,E01021643,0,3
2024201517531,2024,201517531,1,9,0,-1,9,7,5,-1,0,2,0,0,0,0,1,9,-1,6,2,21,5,1984,1,3,VOLKSWAGEN GOLF,4,E01033617,0,1
2024440214782,2024,440214782,2,9,0,2,2,0,0,0,0,2,0,0,0,0,3,1,6,6,1,-1,-1,1390,1,16,VOLKSWAGEN GOLF,-1,-1,0,-1
2024010539901,2024,010539901,2,9,0,9,9,8,6,0,0,8,0,0,0,0,3,1,1,1,1,38,7,-1,3,4,VOLKSWAGEN GOLF,3,E01003570,0,3
2024131456368,2024,131456368,1,9,0,-1,19,6,6,-1,0,8,2,0,0,0,4,1,-1,9,2,26,6,1395,8,6,VOLKSWAGEN GOLF,3,E01010763,0,2
2024131454122,2024,131454122,1,9,0,-1,14,7,3,-1,0,8,0,0,0,0,1,1,-1,2,1,50,8,1197,1,13,VOLKSWAGEN GOLF,3,E01011323,0,1
2024131575859,2024,131575859,2,9,0,-1,19,3,7,-1,0,0,0,0,0,0,4,1,-1,6,1,45,7,1598,2,10,VOLKSWAGEN GOLF,4,E01011891,0,3
2024010537268,2024,010537268,2,9,0,2,2,0,0,0,0,1,1,0,0,0,4,1,6,6,3,-1,-1,1390,1,14,VOLKSWAGEN GOLF,-1,-1,0,-1
2024332400039,2024,332400039,2,9,0,-1,5,1,5,-1,0,8,5,7,0,0,4,1,-1,6,1,50,8,1968,2,6,VOLKSWAGEN GOLF,9,E01025921,0,2
2024131396858,2024,131396858,2,9,0,-1,19,2,6,-1,0,0,0,0,0,0,2,1,-1,2,1,31,6,1498,1,4,VOLKSWAGEN GOLF,1,E01011431,0,1
2024010507594,2024,010507594,2,9,0,99,99,9,9,99,99,0,9,99,9,99,9,9,6,6,3,-1,-1,1598,1,16,VOLKSWAGEN GOLF,8,E01000447,0,1
2024302401650,2024,302401650,2,9,0,7,7,6,1,0,0,8,0,0,0,0,1,1,6,6,1,48,8,1498,8,3,VOLKSWAGEN GOLF,3,E01007429,0,3
2024010512758,2024,010512758,2,9,0,99,99,9,9,99,99,9,9,99,9,99,1,9,6,6,1,22,5,1390,1,14,VOLKSWAGEN GOLF,2,E01001971,0,1
2024010519674,2024,010519674,2,9,0,4,4,1,5,0,0,1,0,0,0,0,4,1,6,6,1,45,7,1598,2,8,VOLKSWAGEN GOLF,4,E01004421,0,1
2024401447652,2024,401447652,1,9,0,-1,5,5,1,-1,0,1,0,0,0,0,1,1,-1,2,1,32,6,-1,3,5,VOLKSWAGEN GOLF,10,E01017392,0,1
2024211516631,2024,211516631,1,9,0,-1,19,7,4,-1,0,8,0,0,0,0,1,1,-1,2,1,27,6,2000,2,18,VOLKSWAGEN GOLF,2,E01029548,0,2
2024401521950,2024,401521950,2,9,0,-1,19,1,5,-1,0,0,0,0,0,0,2,1,-1,1,1,27,6,1968,2,12,VOLKSWAGEN GOLF,9,E01027063,0,3
2024991524874,2024,991524874,1,9,0,-1,19,4,8,-1,0,0,2,4,1,0,1,1,-1,9,1,39,7,2000,1,18,VOLKSWAGEN GOLF,4,-1,0,1
2024211431018,2024,211431018,1,9,0,-1,12,2,6,-1,0,0,1,0,0,0,1,1,-1,6,1,23,5,1984,1,6,VOLKSWAGEN GOLF,3,E01034047,0,2
2024201446227,2024,201446227,1,9,0,-1,19,8,2,-1,0,0,0,0,0,0,1,1,-1,6,1,46,8,1598,2,12,VOLKSWAGEN GOLF,2,E01010448,0,1
2024010522629,2024,010522629,2,9,0,99,99,9,9,99,99,0,9,99,9,99,1,9,6,6,3,-1,-1,1395,1,6,VOLKSWAGEN GOLF,-1,-1,0,-1
2024311481485,2024,311481485,1,9,0,-1,15,3,3,-1,0,0,0,0,0,0,1,1,-1,2,1,29,6,1598,2,14,VOLKSWAGEN GOLF,5,E01028073,0,1
2024531410756,2024,531410756,1,9,0,-1,19,3,7,-1,0,2,0,0,0,0,1,9,-1,6,3,-1,-1,1900,2,18,VOLKSWAGEN GOLF,-1,-1,0,-1
2024371409076,2024,371409076,1,9,-1,-1,5,-1,1,-1,0,2,0,0,0,0,-1,9,-1,6,1,68,10,2000,2,20,VOLKSWAGEN GOLF,4,E01030215,0,1
202460Q145684,2024,60Q145684,2,9,0,13,13,1,5,0,0,0,0,4,0,0,4,1,6,6,3,-1,-1,1968,2,9,VOLKSWAGEN GOLF,-1,-1,0,-1
2024351490132,2024,351490132,1,9,0,-1,19,1,5,-1,0,0,0,0,0,0,3,1,-1,6,1,33,6,1968,2,5,VOLKSWAGEN GOLF,2,E01015601,0,1
2024451525054,2024,451525054,2,9,0,-1,19,1,5,-1,0,4,0,0,0,0,1,1,-1,9,1,65,9,1984,1,6,VOLKSWAGEN GOLF,10,E01030349,0,1
2024351420942,2024,351420942,1,9,0,-1,19,4,1,-1,0,3,0,0,3,0,3,1,-1,6,1,63,9,1498,1,2,VOLKSWAGEN GOLF,5,E01017961,0,1
2024401471666,2024,401471666,1,9,0,-1,19,5,1,-1,0,0,0,0,0,0,4,1,-1,6,1,72,10,1390,1,12,VOLKSWAGEN GOLF,3,E01003566,0,4
2024401415076,2024,401415076,1,9,0,-1,19,1,5,-1,0,1,0,0,0,0,1,1,-1,9,1,54,8,1600,2,14,VOLKSWAGEN GOLF,3,E01015783,0,1
2024531428142,2024,531428142,2,9,0,-1,4,3,7,-1,0,4,0,0,0,0,2,1,-1,6,2,41,7,1395,1,11,VOLKSWAGEN GOLF,7,E01022336,0,2
2024461453397,2024,461453397,1,9,0,-1,5,2,3,-1,0,0,0,0,0,0,1,1,-1,2,1,25,5,1598,2,7,VOLKSWAGEN GOLF,8,E01016060,0,1
2024302401040,2024,302401040,2,9,0,9,9,2,8,0,0,0,0,0,0,0,3,1,6,6,1,22,5,1395,1,6,VOLKSWAGEN GOLF,3,E01012997,0,4
2024991425189,2024,991425189,1,9,0,-1,5,6,2,-1,0,1,0,0,7,11,1,1,-1,9,2,71,10,1600,2,15,VOLKSWAGEN GOLF,9,-1,0,1
2024371469642,2024,371469642,2,9,0,-1,19,1,7,-1,0,0,0,0,0,0,4,1,-1,9,1,28,6,1598,1,18,VOLKSWAGEN GOLF,4,E01030215,0,3
2024332401017,2024,332401017,1,9,0,-1,19,5,1,-1,0,0,1,0,1,4,1,1,-1,9,1,22,5,2000,2,19,VOLKSWAGEN GOLF,1,E01025725,0,3
2024010506611,2024,010506611,2,9,0,9,9,1,6,0,0,8,0,0,0,0,0,1,1,1,2,26,6,1598,2,5,VOLKSWAGEN GOLF,3,E01004720,0,1
2024010532465,2024,010532465,1,9,0,99,99,9,9,99,99,0,9,99,9,99,2,9,6,6,2,25,5,1395,1,9,VOLKSWAGEN GOLF,4,E01003716,0,1
2024411407512,2024,411407512,2,9,0,-1,19,5,1,-1,0,0,0,0,0,0,1,1,-1,9,1,60,9,1598,2,5,VOLKSWAGEN GOLF,6,E01021985,0,5
2024451506661,2024,451506661,1,9,0,-1,8,2,6,-1,0,2,0,0,0,0,2,1,-1,2,2,43,7,1968,2,7,VOLKSWAGEN GOLF,10,E01030581,0,2
2024552401091,2024,552401091,1,9,0,18,19,1,5,0,0,6,0,0,0,0,3,1,6,6,1,18,4,1498,1,6,VOLKSWAGEN GOLF,7,E01015493,0,4
2024041446744,2024,041446744,2,9,0,-1,19,3,7,-1,0,0,0,0,5,0,1,1,-1,9,1,29,6,1968,2,8,VOLKSWAGEN GOLF,3,E01012587,0,2
2024061465065,2024,061465065,2,9,0,-1,19,1,6,-1,0,8,0,0,0,0,3,1,-1,9,1,32,6,1968,2,9,VOLKSWAGEN GOLF,1,E01005097,0,1
2024451524372,2024,451524372,1,9,0,-1,19,6,2,-1,0,0,1,10,0,0,1,9,-1,9,2,85,11,1598,2,13,VOLKSWAGEN GOLF,8,E01030577,0,1
2024061462797,2024,061462797,1,9,0,-1,3,-1,-1,-1,0,0,0,99,0,0,2,1,-1,2,2,43,7,1390,1,15,VOLKSWAGEN GOLF,6,E01005365,0,1
2024461473458,2024,461473458,1,9,0,-1,9,7,5,-1,0,5,0,0,0,0,4,1,-1,9,1,26,6,1598,2,12,VOLKSWAGEN GOLF,2,E01024066,0,2
2024201462246,2024,201462246,1,9,0,-1,19,3,6,-1,0,0,0,0,0,0,4,1,-1,6,-1,-1,-1,1595,1,21,VOLKSWAGEN GOLF,-1,-1,0,-1
2024440328241,2024,440328241,1,9,0,18,19,5,1,0,0,0,0,0,0,0,4,1,2,2,1,31,6,1968,2,17,VOLKSWAGEN GOLF,5,E01022640,0,1
2024332400743,2024,332400743,1,9,0,-1,19,1,6,-1,0,0,1,11,7,4,1,1,-1,9,1,25,5,1498,1,2,VOLKSWAGEN GOLF,1,E01013676,0,4
2024131404674,2024,131404674,1,9,0,-1,4,6,2,-1,0,0,0,0,0,0,2,1,-1,1,1,22,5,1968,2,4,VOLKSWAGEN GOLF,1,E01011144,0,1
2024451447971,2024,451447971,1,9,0,-1,19,2,6,-1,0,0,0,0,0,0,1,1,-1,9,1,70,10,1498,1,4,VOLKSWAGEN GOLF,10,E01030394,0,1
2024010498752,2024,010498752,1,9,0,6,6,3,3,0,0,0,0,0,0,0,4,1,1,1,1,38,7,1595,1,15,VOLKSWAGEN GOLF,6,E01001881,0,1
2024131534640,2024,131534640,2,9,0,-1,19,3,7,-1,0,8,0,0,0,0,1,1,-1,9,1,32,6,1390,1,15,VOLKSWAGEN GOLF,1,E01010606,0,1
2024421497927,2024,421497927,1,9,0,-1,5,1,5,-1,0,0,0,4,0,0,1,1,-1,6,1,33,6,999,1,7,VOLKSWAGEN GOLF,5,E01021790,0,1
2024471408468,2024,471408468,2,9,0,-1,19,7,3,-1,0,0,0,0,0,0,1,1,-1,9,1,68,10,1395,1,9,VOLKSWAGEN GOLF,9,E01031670,0,1
2024070659264,2024,070659264,1,9,0,18,19,1,5,0,0,0,0,0,0,0,1,2,6,6,2,26,6,1896,2,20,VOLKSWAGEN GOLF,10,E01018413,0,1
2024991474524,2024,991474524,1,9,0,-1,19,3,7,-1,0,0,0,0,0,0,1,1,-1,2,1,50,8,1598,2,11,VOLKSWAGEN GOLF,3,-1,0,3
2024991538019,2024,991538019,1,9,0,-1,9,1,5,-1,0,5,0,0,0,0,1,1,-1,6,2,38,7,1968,2,8,VOLKSWAGEN GOLF,1,-1,0,1
2024461439150,2024,461439150,2,9,0,-1,19,7,6,-1,0,8,1,0,0,0,1,1,-1,1,2,49,8,1896,2,17,VOLKSWAGEN GOLF,5,E01024201,0,1
2024320078888,2024,320078888,1,9,0,-1,-1,4,8,0,0,0,0,4,0,0,1,1,6,6,1,76,11,1896,2,21,VOLKSWAGEN GOLF,-1,-1,0,-1
2024522500406,2024,522500406,2,9,0,1,1,5,1,0,0,0,0,0,0,0,2,1,6,6,3,-1,-1,1390,1,12,VOLKSWAGEN GOLF,-1,-1,0,-1
2024440449232,2024,440449232,2,9,0,1,1,4,8,0,0,8,0,0,0,0,3,1,6,6,1,19,4,1498,8,1,VOLKSWAGEN GOLF,5,E01016254,0,4
2024471519480,2024,471519480,4,9,0,-1,1,3,7,-1,0,0,0,0,0,0,2,1,-1,1,2,58,9,1395,1,10,VOLKSWAGEN GOLF,6,E01021200,0,3
2024131509137,2024,131509137,1,9,0,-1,19,1,5,-1,0,0,0,0,0,0,1,1,-1,6,1,23,5,1598,2,13,VOLKSWAGEN GOLF,9,E01007432,0,2
2024010528930,2024,010528930,1,9,0,12,12,1,5,0,0,8,0,0,0,0,3,1,6,6,1,44,7,1598,2,11,VOLKSWAGEN GOLF,3,E01033863,0,1
2024201500279,2024,201500279,1,9,0,-1,19,2,6,-1,0,8,0,0,0,0,1,1,-1,6,1,-1,-1,1598,2,7,VOLKSWAGEN GOLF,-1,-1,0,-1
2024440542584,2024,440542584,1,9,0,7,7,5,7,0,0,8,0,0,0,0,1,1,6,6,1,24,5,1968,2,14,VOLKSWAGEN GOLF,4,E01023085,0,3
2024131521775,2024,131521775,1,9,0,-1,19,6,2,-1,0,2,0,0,0,0,1,1,-1,6,1,-1,-1,1968,2,8,VOLKSWAGEN GOLF,-1,-1,0,-1
2024010532049,2024,010532049,3,9,0,18,19,7,3,0,0,0,0,0,0,0,1,1,6,6,1,24,5,1598,1,18,VOLKSWAGEN GOLF,2,E01034488,0,1
2024440407321,2024,440407321,1,9,0,3,3,4,8,0,0,1,0,0,0,0,2,1,6,6,1,50,8,1197,1,14,VOLKSWAGEN GOLF,3,E01017098,0,2
2024421466171,2024,421466171,2,9,0,-1,19,3,7,-1,0,8,0,0,0,0,1,1,-1,9,1,28,6,1390,1,13,VOLKSWAGEN GOLF,5,E01015989,0,1
2024201501266,2024,201501266,2,9,0,-1,19,1,5,-1,0,8,0,0,0,0,1,1,-1,6,1,26,6,1395,8,4,VOLKSWAGEN GOLF,4,E01010159,0,2
2024440510614,2024,440510614,1,9,0,18,19,5,1,0,0,8,0,0,0,0,1,1,1,1,1,59,9,1598,2,5,VOLKSWAGEN GOLF,9,E01023094,0,4
2024552401377,2024,552401377,1,9,0,13,13,4,8,0,0,0,0,0,0,0,4,1,6,6,3,-1,-1,1598,2,9,VOLKSWAGEN GOLF,-1,-1,0,-1
2024461475864,2024,461475864,1,9,0,-1,19,5,1,-1,0,0,1,11,0,0,1,1,-1,6,2,47,8,1598,2,11,VOLKSWAGEN GOLF,6,E01024062,0,2
2024010489519,2024,010489519,2,9,0,5,5,5,1,0,0,0,0,99,0,0,1,9,6,6,3,-1,-1,1395,1,6,VOLKSWAGEN GOLF,-1,-1,0,-1
2024991470475,2024,991470475,2,9,0,-1,19,3,7,-1,0,0,1,0,1,0,1,1,-1,9,2,72,10,1598,2,10,VOLKSWAGEN GOLF,10,-1,0,4
2024061437250,2024,061437250,4,9,0,-1,2,1,1,-1,-1,0,0,0,0,0,4,1,-1,6,-1,-1,-1,1395,1,11,VOLKSWAGEN GOLF,-1,-1,0,-1
2024411458217,2024,411458217,1,9,0,-1,-1,-1,-1,-1,-1,0,-1,-1,-1,0,-1,1,-1,6,1,26,6,1968,2,15,VOLKSWAGEN GOLF,5,E01023800,0,2
2024141420005,2024,141420005,3,9,0,-1,2,0,0,-1,0,2,0,0,0,0,4,1,-1,6,-1,-1,-1,1968,2,13,VOLKSWAGEN GOLF,-1,-1,0,-1
2024430227257,2024,430227257,2,9,0,17,19,8,4,0,0,0,1,0,7,9,3,1,1,1,2,50,8,1598,2,7,VOLKSWAGEN GOLF,5,E01023288,0,4
2024991508177,2024,991508177,2,9,0,-1,1,7,3,-1,0,1,0,0,0,0,1,1,-1,6,1,50,8,1896,2,16,VOLKSWAGEN GOLF,2,-1,0,1
2024131453921,2024,131453921,2,9,0,-1,2,0,0,-1,0,0,0,0,0,0,4,1,-1,6,-1,-1,-1,1598,2,9,VOLKSWAGEN GOLF,-1,-1,0,-1
2024430239027,2024,430239027,1,9,0,18,19,5,1,0,0,0,0,0,0,0,1,1,6,6,1,40,7,1600,1,18,VOLKSWAGEN GOLF,9,E01033305,0,1
2024010551117,2024,010551117,2,9,0,18,19,3,7,0,0,8,0,0,0,0,3,1,1,1,2,40,7,1984,1,13,VOLKSWAGEN GOLF,-1,-1,0,-1
2024991482046,2024,991482046,1,9,0,-1,19,2,6,-1,0,6,0,0,3,11,4,1,-1,9,1,29,6,1598,2,12,VOLKSWAGEN GOLF,4,-1,0,2
2024010507754,2024,010507754,1,9,0,18,19,7,3,0,0,8,0,0,0,0,1,1,6,6,1,43,7,1395,1,10,VOLKSWAGEN GOLF,9,E01003893,0,1
2024451497106,2024,451497106,1,9,0,-1,15,7,3,-1,0,3,0,0,0,0,4,1,-1,9,1,43,7,1968,2,14,VOLKSWAGEN GOLF,4,E01030400,0,1
2024501445089,2024,501445089,1,9,0,-1,9,3,1,-1,0,5,0,0,0,0,4,1,-1,6,2,29,6,1896,2,20,VOLKSWAGEN GOLF,7,E01018883,0,4
2024041475438,2024,041475438,1,9,0,-1,19,3,7,-1,0,2,1,0,0,0,1,1,-1,6,1,26,6,1968,2,10,VOLKSWAGEN GOLF,2,E01004902,0,4
2024302401740,2024,302401740,2,9,0,3,3,7,3,0,0,0,0,0,0,0,4,1,6,6,1,25,5,1968,2,9,VOLKSWAGEN GOLF,2,E01008101,0,4
2024361441321,2024,361441321,1,9,0,-1,9,8,6,-1,0,1,0,0,0,0,3,1,-1,9,1,42,7,999,1,2,VOLKSWAGEN GOLF,1,E01026868,0,1
2024501476690,2024,501476690,1,9,0,-1,19,5,1,-1,0,1,1,0,0,0,1,2,-1,9,1,35,6,1598,2,5,VOLKSWAGEN GOLF,5,E01015076,0,4
2024201397200,2024,201397200,1,9,0,-1,15,5,1,-1,0,0,0,0,0,0,1,1,-1,6,1,-1,-1,1984,1,9,VOLKSWAGEN GOLF,-1,-1,0,-1
2024010536647,2024,010536647,1,9,9,18,19,1,5,0,0,1,0,0,0,0,1,9,6,6,3,-1,-1,1984,1,8,VOLKSWAGEN GOLF,-1,-1,0,-1
2024161426817,2024,161426817,1,9,0,-1,7,3,6,-1,0,1,1,0,3,9,1,1,-1,9,1,39,7,1968,2,6,VOLKSWAGEN GOLF,7,E01013026,0,1
2024501440399,2024,501440399,3,9,0,-1,19,8,4,-1,0,1,0,0,0,0,1,1,-1,6,1,70,10,1598,2,14,VOLKSWAGEN GOLF,4,E01018919,0,1
2024631488544,2024,631488544,2,9,0,-1,4,3,7,-1,0,0,0,0,0,0,2,1,-1,9,1,40,7,1598,2,10,VOLKSWAGEN GOLF,3,W01000705,0,1
2024131413565,2024,131413565,1,9,0,-1,19,1,5,-1,0,8,0,0,0,0,1,1,-1,6,2,48,8,1498,8,3,VOLKSWAGEN GOLF,8,E01011584,0,3
2024351521565,2024,351521565,1,9,0,-1,19,2,6,-1,0,1,0,0,0,0,1,1,-1,2,1,18,4,1598,1,20,VOLKSWAGEN GOLF,10,E01018283,0,2
2024141480560,2024,141480560,1,9,0,-1,12,7,3,-1,0,0,0,0,0,0,3,1,-1,6,2,38,7,1896,2,16,VOLKSWAGEN GOLF,9,E01007690,0,3
2024221516700,2024,221516700,1,9,0,-1,5,5,1,-1,9,0,0,10,1,0,1,1,-1,6,1,25,5,1598,2,11,VOLKSWAGEN GOLF,3,E01028903,0,1
2024010538821,2024,010538821,1,9,0,16,19,3,7,0,0,0,0,10,7,0,1,1,6,6,1,31,6,1395,1,11,VOLKSWAGEN GOLF,5,E01016566,0,2
2024531507241,2024,531507241,1,9,0,-1,9,8,5,-1,0,8,0,0,0,0,1,1,-1,6,1,29,6,2000,2,18,VOLKSWAGEN GOLF,9,E01022217,0,3
2024031452380,2024,031452380,1,9,0,-1,19,7,3,-1,0,1,0,0,0,0,1,1,-1,6,1,23,5,1984,1,10,VOLKSWAGEN GOLF,-1,-1,0,-1
2024201461080,2024,201461080,2,9,0,-1,19,5,1,-1,0,0,0,0,0,0,3,1,-1,6,1,26,6,1968,2,1,VOLKSWAGEN GOLF,1,E01009329,0,2
2024401401732,2024,401401732,1,9,0,-1,19,5,1,-1,0,3,1,0,0,0,1,9,-1,9,1,20,4,1968,2,1,VOLKSWAGEN GOLF,2,E01033802,0,1
2024351406427,2024,351406427,1,9,-1,-1,-1,-1,-1,-1,-1,-1,-1,-1,-1,0,-1,9,-1,6,1,-1,-1,1595,1,21,VOLKSWAGEN GOLF,-1,-1,0,-1
2024201537088,2024,201537088,1,9,0,-1,13,8,4,-1,0,1,0,0,0,0,1,1,-1,6,3,30,6,1598,1,17,VOLKSWAGEN GOLF,-1,-1,0,-1
2024201412071,2024,201412071,1,9,0,-1,19,8,4,-1,0,0,0,0,0,0,1,1,-1,6,1,30,6,1598,2,12,VOLKSWAGEN GOLF,3,E01008890,0,1
2024131425035,2024,131425035,3,9,0,-1,2,5,5,-1,9,8,0,0,0,0,2,1,-1,6,-1,-1,-1,1598,2,9,VOLKSWAGEN GOLF,-1,-1,0,-1
2024131439420,2024,131439420,1,9,0,-1,19,4,1,-1,0,1,0,0,0,0,1,1,-1,6,-1,-1,-1,1984,1,8,VOLKSWAGEN GOLF,-1,-1,0,-1
2024131511392,2024,131511392,1,9,0,-1,19,2,6,-1,0,0,0,0,0,0,-1,1,-1,6,3,-1,-1,1598,2,13,VOLKSWAGEN GOLF,-1,-1,0,-1
2024461404666,2024,461404666,4,9,0,-1,2,0,0,-1,0,4,0,0,0,0,3,9,-1,9,1,-1,-1,1398,1,13,VOLKSWAGEN GOLF,6,E01024136,0,1
2024010536745,2024,010536745,2,9,0,18,19,2,6,0,0,1,0,0,0,0,1,1,6,6,1,53,8,1380,1,14,VOLKSWAGEN GOLF,-1,-1,0,-1
2024131412137,2024,131412137,2,9,0,-1,19,7,3,-1,0,1,0,0,0,0,1,1,-1,6,1,29,6,1968,2,10,VOLKSWAGEN GOLF,1,E01011483,0,1
2024991419475,2024,991419475,1,9,0,-1,19,2,6,-1,0,0,0,0,0,0,1,1,-1,9,1,58,9,1968,2,7,VOLKSWAGEN GOLF,7,-1,0,2
2024201487442,2024,201487442,2,9,0,-1,2,0,0,-1,0,2,0,0,0,0,2,2,-1,6,1,28,6,1968,2,2,VOLKSWAGEN GOLF,1,E01009372,0,1
2024111494659,2024,111494659,3,9,0,-1,2,0,0,-1,9,0,0,0,0,0,1,1,-1,6,1,20,4,1984,1,6,VOLKSWAGEN GOLF,7,E01008188,0,4
2024201435329,2024,201435329,2,9,0,-1,19,6,2,-1,0,0,0,0,0,0,1,1,-1,9,1,20,4,1984,1,7,VOLKSWAGEN GOLF,-1,-1,0,-1
2024320144136,2024,320144136,1,9,0,-1,-1,2,6,0,0,0,0,0,1,3,1,1,-1,-1,1,22,5,1598,2,5,VOLKSWAGEN GOLF,4,E01026253,0,3
2024411401612,2024,411401612,5,9,0,-1,2,0,0,-1,0,0,0,0,0,0,2,1,-1,6,-1,-1,-1,1598,2,9,VOLKSWAGEN GOLF,-1,-1,0,-1
2024320286679,2024,320286679,2,9,0,-1,-1,6,2,0,0,0,0,0,0,0,3,1,-1,-1,2,42,7,1896,2,21,VOLKSWAGEN GOLF,8,E01026368,0,1