collision_index,collision_year,collision_ref_no,vehicle_reference,vehicle_type,towing_and_articulation,vehicle_manoeuvre_historic,vehicle_manoeuvre,vehicle_direction_from,vehicle_direction_to,vehicle_location_restricted_lane_historic,vehicle_location_restricted_lane,junction_location,skidding_and_overturning,hit_object_in_carriageway,vehicle_leaving_carriageway,hit_object_off_carriageway,first_point_of_impact,vehicle_left_hand_drive,journey_purpose_of_driver_historic,journey_purpose_of_driver,sex_of_driver,age_of_driver,age_band_of_driver,engine_capacity_cc,propulsion_code,age_of_vehicle,generic_make_model,driver_imd_decile,lsoa_of_driver,escooter_flag,driver_distance_banding
2024311500280,2024,311500280,2,9,0,-1,3,3,7,-1,0,3,0,0,0,0,2,1,-1,9,2,58,9,1598,1,18,VOLKSWAGEN GOLF,-1,-1,0,-1
2024131423790,2024,131423790,3,9,0,-1,4,8,4,-1,0,0,0,0,0,0,2,1,-1,2,1,35,6,1598,2,12,VOLKSWAGEN GOLF,9,E01028419,0,4
2024411517820,2024,411517820,1,9,-1,-1,-1,-1,-1,-1,-1,0,-1,-1,-1,0,-1,9,-1,6,1,30,6,1197,1,12,VOLKSWAGEN GOLF,6,E01023858,0,1
2024461465704,2024,461465704,2,9,0,-1,4,7,3,-1,0,0,0,0,0,0,2,9,-1,6,1,20,4,1395,1,11,VOLKSWAGEN GOLF,6,E01024016,0,4
2024010521336,2024,010521336,1,9,0,18,19,3,7,0,0,0,0,0,0,0,1,1,6,6,1,19,4,2000,2,20,VOLKSWAGEN GOLF,2,E01004209,0,1
2024531458960,2024,531458960,1,9,0,-1,5,1,5,-1,0,8,0,0,0,0,1,1,-1,6,2,33,6,1390,1,18,VOLKSWAGEN GOLF,1,E01022291,0,1
2024041454646,2024,041454646,1,9,0,-1,19,8,6,-1,0,0,0,0,0,0,1,1,-1,2,1,25,5,1968,2,9,VOLKSWAGEN GOLF,6,E01025330,0,2
2024340WN0812,2024,340WN0812,2,9,0,-1,8,4,8,-1,0,1,0,0,0,0,4,1,-1,1,1,42,7,1598,2,9,VOLKSWAGEN GOLF,1,E01027153,0,1
2024041476539,2024,041476539,2,9,0,-1,19,3,7,-1,0,0,0,0,0,0,2,1,-1,6,2,29,6,1984,1,4,VOLKSWAGEN GOLF,6,E01025555,0,3
2024991523355,2024,991523355,1,9,0,-1,9,6,3,-1,0,1,1,0,0,0,1,1,-1,2,2,21,5,1395,1,10,VOLKSWAGEN GOLF,3,-1,0,1
2024451471715,2024,451471715,1,9,0,-1,19,7,4,-1,0,0,1,0,2,0,1,2,-1,6,1,28,6,1968,2,1,VOLKSWAGEN GOLF,9,E01030880,0,2
2024631417208,2024,631417208,2,9,0,-1,19,1,5,-1,0,8,0,0,0,0,3,1,-1,6,1,47,8,1598,2,9,VOLKSWAGEN GOLF,4,W01000672,0,4
2024461523446,2024,461523446,3,9,0,-1,12,7,3,-1,0,0,0,4,1,0,1,2,-1,6,1,21,5,1390,1,13,VOLKSWAGEN GOLF,9,E01016145,0,3
2024201533368,2024,201533368,1,9,0,-1,19,2,6,-1,0,8,0,0,0,0,3,1,-1,6,1,31,6,1400,1,18,VOLKSWAGEN GOLF,1,E01009412,0,1
202454A183824,2024,54A183824,1,9,0,9,9,8,4,0,0,6,0,0,0,0,1,1,2,2,2,60,9,1498,1,2,VOLKSWAGEN GOLF,6,E01031876,0,2
2024340NN2322,2024,340NN2322,1,9,0,-1,19,7,3,-1,0,8,0,0,0,0,1,1,-1,9,1,25,5,1395,8,2,VOLKSWAGEN GOLF,8,E01016799,0,4
2024041470527,2024,041470527,1,9,0,-1,19,1,5,-1,0,1,0,0,0,0,1,1,-1,9,1,72,10,1968,2,5,VOLKSWAGEN GOLF,9,E01025533,0,3
2024211418828,2024,211418828,1,9,0,-1,12,5,8,-1,0,0,0,0,0,0,3,9,-1,9,1,30,6,1896,2,16,VOLKSWAGEN GOLF,4,E01016733,0,5
2024991429117,2024,991429117,1,9,0,-1,4,7,3,-1,0,0,0,0,0,0,2,1,-1,9,2,40,7,1968,2,10,VOLKSWAGEN GOLF,1,-1,0,1
202454A057224,2024,54A057224,1,9,0,18,19,2,6,0,0,4,1,0,0,0,1,1,6,6,1,30,6,1968,2,16,VOLKSWAGEN GOLF,1,E01015573,0,1
2024221481664,2024,221481664,1,9,0,-1,7,4,6,-1,9,6,0,0,0,0,1,9,-1,9,1,58,9,1598,2,8,VOLKSWAGEN GOLF,8,E01014112,0,4
2024061455994,2024,061455994,1,9,0,-1,19,3,7,-1,0,0,0,0,0,0,1,9,-1,9,1,19,4,1395,1,7,VOLKSWAGEN GOLF,9,E01005406,0,1
2024311455543,2024,311455543,2,9,-1,-1,7,7,3,-1,0,0,0,0,0,0,4,9,-1,7,1,42,7,1598,2,5,VOLKSWAGEN GOLF,5,E01028291,0,1
2024010541758,2024,010541758,1,9,0,10,10,5,3,0,0,1,0,0,0,0,1,1,6,6,1,33,6,1395,1,6,VOLKSWAGEN GOLF,5,E01003155,0,1
2024201423918,2024,201423918,1,9,0,-1,10,4,2,-1,0,1,0,7,6,0,2,1,-1,9,1,31,6,1600,2,15,VOLKSWAGEN GOLF,8,E01028549,0,4
2024440539505,2024,440539505,3,9,0,18,19,6,2,0,0,0,0,0,0,0,3,1,2,2,1,48,8,1896,2,23,VOLKSWAGEN GOLF,8,E01022695,0,1
2024010511808,2024,010511808,1,9,0,3,3,8,4,0,0,1,0,0,0,0,4,1,6,6,1,35,6,1395,1,8,VOLKSWAGEN GOLF,3,E01003607,0,1
2024131410278,2024,131410278,2,9,0,-1,19,1,2,-1,0,0,0,0,0,0,2,1,-1,6,2,42,7,1395,1,9,VOLKSWAGEN GOLF,10,E01011564,0,2
2024041464541,2024,041464541,1,9,0,-1,4,7,3,-1,0,0,0,0,1,7,1,1,-1,2,1,21,5,1968,2,10,VOLKSWAGEN GOLF,4,E01025187,0,1
2024131418406,2024,131418406,1,9,0,-1,-1,-1,-1,-1,-1,1,-1,-1,-1,-1,-1,1,-1,6,3,-1,-1,1598,2,5,VOLKSWAGEN GOLF,-1,-1,0,-1
2024201422119,2024,201422119,1,9,0,-1,19,7,3,-1,0,8,0,0,0,0,1,1,-1,1,1,41,7,1968,2,6,VOLKSWAGEN GOLF,6,E01027011,0,4
2024141404541,2024,141404541,1,9,0,-1,19,1,1,-1,0,1,0,0,0,0,3,1,-1,9,2,22,5,1598,2,6,VOLKSWAGEN GOLF,2,E01007871,0,1
2024522500377,2024,522500377,1,9,0,9,9,6,5,0,0,5,0,0,0,0,1,1,6,6,1,36,7,1600,1,19,VOLKSWAGEN GOLF,2,E01014568,0,1
2024010498664,2024,010498664,2,9,0,1,1,3,7,0,0,0,0,0,0,0,2,1,6,6,1,21,5,1395,1,6,VOLKSWAGEN GOLF,2,E01003337,0,1
2024471459100,2024,471459100,1,9,0,-1,5,5,1,-1,0,3,0,0,0,0,2,2,-1,1,1,47,8,1390,1,22,VOLKSWAGEN GOLF,5,E01032836,0,2
2024211436873,2024,211436873,1,9,0,-1,19,6,2,-1,0,0,0,0,0,0,1,1,-1,9,1,49,8,1968,2,16,VOLKSWAGEN GOLF,3,E01029808,0,1
2024552400928,2024,552400928,1,9,0,12,12,8,6,0,0,5,0,0,0,0,4,1,6,6,2,38,7,1395,1,10,VOLKSWAGEN GOLF,7,E01020515,0,1
2024471503904,2024,471503904,2,9,0,-1,19,2,8,-1,0,8,0,0,0,0,1,1,-1,2,1,26,6,1598,2,9,VOLKSWAGEN GOLF,4,E01031605,0,2
2024631471821,2024,631471821,2,9,0,-1,12,2,6,-1,0,0,0,0,0,0,1,1,-1,9,1,29,6,1498,1,0,VOLKSWAGEN GOLF,1,W01000511,0,2
2024161528053,2024,161528053,3,9,0,-1,19,2,6,-1,0,0,2,0,1,0,4,1,-1,6,1,76,11,1600,1,25,VOLKSWAGEN GOLF,6,E01013309,0,1
2024131421454,2024,131421454,1,9,0,-1,19,3,7,-1,0,0,0,0,7,0,1,1,-1,9,1,19,4,1390,1,15,VOLKSWAGEN GOLF,3,E01011267,0,2
2024401463031,2024,401463031,2,9,0,-1,3,1,5,-1,0,1,0,0,0,0,2,1,-1,6,1,20,4,1896,2,16,VOLKSWAGEN GOLF,8,E01015695,0,1
2024520401827,2024,520401827,1,9,0,11,11,5,1,0,0,2,0,0,5,6,1,1,6,6,1,42,7,1984,1,10,VOLKSWAGEN GOLF,8,E01029034,0,1
2024411429131,2024,411429131,1,9,0,-1,19,4,8,-1,0,0,1,0,0,0,1,1,-1,6,1,19,4,1390,1,16,VOLKSWAGEN GOLF,7,E01035581,0,1
2024161513205,2024,161513205,2,9,0,-1,19,1,5,-1,0,8,0,0,0,0,1,1,-1,6,2,65,9,1900,2,25,VOLKSWAGEN GOLF,1,E01013141,0,1
2024131440696,2024,131440696,2,9,0,-1,3,5,1,-1,0,1,0,0,0,0,2,1,-1,6,2,57,9,1968,2,8,VOLKSWAGEN GOLF,7,E01010753,0,1
2024131453103,2024,131453103,1,9,0,-1,9,5,7,-1,0,8,0,0,0,0,4,1,-1,9,1,50,8,1598,2,11,VOLKSWAGEN GOLF,2,E01010738,0,3
2024991509721,2024,991509721,2,9,0,-1,8,3,7,-1,0,8,0,0,0,0,1,1,-1,6,2,35,6,999,1,6,VOLKSWAGEN GOLF,4,-1,0,3
2024010542277,2024,010542277,1,9,0,5,5,2,6,0,0,0,0,11,0,0,0,2,3,7,2,47,8,1395,1,7,VOLKSWAGEN GOLF,6,E01000159,0,1
2024211494436,2024,211494436,2,9,0,-1,19,4,8,-1,0,1,5,0,0,0,1,1,-1,6,1,36,7,1896,2,19,VOLKSWAGEN GOLF,-1,-1,0,-1
2024471488469,2024,471488469,2,9,0,-1,19,1,5,-1,0,0,0,0,0,0,1,1,-1,1,2,70,10,2000,2,19,VOLKSWAGEN GOLF,2,E01021119,0,2
2024991415631,2024,991415631,1,9,0,-1,19,7,4,-1,0,8,0,0,0,0,1,1,-1,9,1,67,10,1598,2,7,VOLKSWAGEN GOLF,2,-1,0,1
2024131506494,2024,131506494,2,9,0,-1,2,3,7,-1,0,0,0,0,0,0,3,1,-1,6,1,65,9,1390,1,18,VOLKSWAGEN GOLF,1,E01012761,0,4
2024010498102,2024,010498102,2,9,0,18,19,3,7,0,0,1,0,0,0,0,4,1,2,2,1,53,8,1395,8,1,VOLKSWAGEN GOLF,10,E01030392,0,3
2024010551463,2024,010551463,2,9,0,2,2,0,0,9,9,0,0,0,0,0,3,1,6,6,3,-1,-1,1598,1,17,VOLKSWAGEN GOLF,-1,-1,0,-1
2024520500074,2024,520500074,1,9,0,9,9,8,6,0,0,8,0,0,0,0,1,1,6,6,1,30,6,1598,2,13,VOLKSWAGEN GOLF,4,E01029232,0,1
2024010499767,2024,010499767,1,9,0,18,19,1,5,0,0,8,0,0,0,0,1,1,6,6,2,87,11,1395,1,8,VOLKSWAGEN GOLF,8,E01001994,0,1
2024131425050,2024,131425050,2,9,0,-1,19,7,3,-1,0,0,0,0,0,0,1,1,-1,9,2,40,7,1498,1,4,VOLKSWAGEN GOLF,6,E01010955,0,4
2024041477489,2024,041477489,2,9,0,-1,19,1,3,-1,0,1,0,0,0,0,3,1,-1,6,2,29,6,1600,2,15,VOLKSWAGEN GOLF,1,E01024909,0,1
2024401404798,2024,401404798,2,9,0,-1,19,3,7,-1,0,4,0,0,0,0,1,1,-1,6,1,24,5,1984,1,4,VOLKSWAGEN GOLF,4,E01015784,0,1
2024221450706,2024,221450706,1,9,0,-1,3,1,5,-1,0,0,0,0,0,0,2,1,-1,6,1,47,8,1498,8,0,VOLKSWAGEN GOLF,5,E01010110,0,4
2024010526397,2024,010526397,1,9,0,4,4,5,1,0,0,1,0,0,0,0,2,1,6,6,2,52,8,1395,1,6,VOLKSWAGEN GOLF,2,E01003336,0,1
2024411402938,2024,411402938,2,9,0,-1,3,7,3,-1,0,0,0,0,0,0,3,1,-1,6,2,57,9,1896,2,15,VOLKSWAGEN GOLF,3,E01023866,0,1
2024122400749,2024,122400749,1,9,0,18,19,5,1,0,0,1,0,0,0,0,4,1,1,1,2,37,7,1598,2,12,VOLKSWAGEN GOLF,4,E01025976,0,5
2024332401120,2024,332401120,1,9,0,-1,19,8,4,-1,0,0,5,0,0,0,1,1,-1,6,2,26,6,1600,2,14,VOLKSWAGEN GOLF,6,E01025821,0,1
2024501454822,2024,501454822,1,9,0,-1,19,7,3,-1,0,0,0,0,0,0,1,9,-1,6,2,58,9,1395,1,7,VOLKSWAGEN GOLF,6,-1,0,5
2024522402878,2024,522402878,2,9,0,18,19,1,5,0,0,8,0,0,0,0,3,1,6,6,1,42,7,1968,2,15,VOLKSWAGEN GOLF,3,E01014572,0,1
2024101468002,2024,101468002,1,9,0,-1,19,5,1,-1,0,0,0,0,7,0,1,1,-1,9,1,39,7,1968,2,17,VOLKSWAGEN GOLF,6,E01027428,0,1
2024461465305,2024,461465305,1,9,0,-1,14,5,1,-1,0,0,0,0,0,0,4,9,-1,6,1,36,7,1968,2,10,VOLKSWAGEN GOLF,2,E01024627,0,3
2024211520713,2024,211520713,1,9,0,-1,3,1,5,-1,0,0,0,0,0,0,2,1,-1,6,2,26,6,1984,1,15,VOLKSWAGEN GOLF,3,E01029558,0,1
2024340WN9042,2024,340WN9042,1,9,0,-1,7,7,1,-1,0,6,0,0,0,0,3,1,-1,6,2,65,9,1498,1,4,VOLKSWAGEN GOLF,10,E01027298,0,1
2024010537896,2024,010537896,1,9,0,9,9,1,7,0,0,8,0,0,0,0,1,1,6,6,1,51,8,1498,1,0,VOLKSWAGEN GOLF,4,E01004642,0,1
2024131533120,2024,131533120,1,9,0,-1,19,1,5,-1,0,0,1,10,7,10,1,1,-1,9,1,19,4,1598,2,11,VOLKSWAGEN GOLF,6,E01010969,0,2
2024340NN0132,2024,340NN0132,1,9,0,-1,19,6,2,-1,0,2,0,0,0,0,1,1,-1,6,1,83,11,1968,2,17,VOLKSWAGEN GOLF,7,E01031140,0,4
2024421420028,2024,421420028,1,9,0,-1,19,1,5,-1,0,0,1,11,7,0,3,1,-1,9,1,24,5,1390,1,14,VOLKSWAGEN GOLF,10,E01021246,0,1
2024141495802,2024,141495802,2,9,0,-1,3,1,5,-1,0,1,0,0,0,0,1,1,-1,6,1,-1,-1,999,1,5,VOLKSWAGEN GOLF,-1,-1,0,-1
2024461464441,2024,461464441,1,9,0,-1,19,4,3,-1,0,2,0,0,1,0,4,1,-1,9,1,26,6,1984,1,7,VOLKSWAGEN GOLF,9,E01030580,0,3
2024440294762,2024,440294762,1,9,0,4,4,3,7,0,0,1,0,0,0,0,2,1,6,6,1,61,9,1984,1,5,VOLKSWAGEN GOLF,10,E01022790,0,1
2024440386181,2024,440386181,1,9,0,18,19,6,2,0,0,0,0,4,0,0,1,1,6,6,1,49,8,1600,2,15,VOLKSWAGEN GOLF,8,E01032855,0,1
2024421466287,2024,421466287,1,9,0,-1,19,4,8,-1,0,1,0,0,0,0,1,1,-1,6,1,28,6,1598,1,17,VOLKSWAGEN GOLF,3,E01015907,0,2
2024131505191,2024,131505191,2,9,0,-1,19,1,5,-1,0,1,0,0,0,0,1,1,-1,6,1,19,4,1395,8,8,VOLKSWAGEN GOLF,1,E01010743,0,1
2024061471354,2024,061471354,5,9,0,-1,3,4,8,-1,0,1,0,0,0,0,1,1,-1,9,2,31,6,1598,2,12,VOLKSWAGEN GOLF,1,E01025181,0,4
2024010534466,2024,010534466,1,9,0,18,19,1,5,0,0,0,0,0,0,0,0,1,1,1,1,39,7,1984,1,0,VOLKSWAGEN GOLF,4,E01000472,0,4
2024361508117,2024,361508117,1,9,0,-1,7,7,2,-1,0,8,0,0,0,0,1,1,-1,1,1,43,7,1390,1,20,VOLKSWAGEN GOLF,5,E01026783,0,2
2024531466682,2024,531466682,2,9,0,-1,4,6,2,-1,0,1,0,0,0,0,1,1,-1,9,2,34,6,1598,2,10,VOLKSWAGEN GOLF,5,E01022448,0,1
2024010535847,2024,010535847,2,9,0,99,99,9,9,99,99,6,9,99,9,99,9,9,6,6,3,-1,-1,1395,8,7,VOLKSWAGEN GOLF,-1,-1,0,-1
2024471427692,2024,471427692,2,9,0,-1,9,1,7,-1,0,1,0,0,0,0,4,1,-1,2,1,33,6,1598,2,13,VOLKSWAGEN GOLF,10,E01021234,0,4
2024221522839,2024,221522839,1,9,0,-1,19,8,4,-1,0,0,0,0,0,0,1,1,-1,9,2,20,4,1598,2,11,VOLKSWAGEN GOLF,1,E01010445,0,4
2024451452733,2024,451452733,2,9,0,-1,19,5,1,-1,0,0,0,0,0,0,2,1,-1,9,1,18,4,1498,8,1,VOLKSWAGEN GOLF,9,E01016540,0,3
2024010518934,2024,010518934,2,9,0,2,2,0,0,0,0,2,0,4,0,0,2,1,6,6,3,-1,-1,1984,1,14,VOLKSWAGEN GOLF,-1,-1,0,-1
2024501494955,2024,501494955,2,9,0,-1,3,7,3,-1,0,1,0,0,0,0,2,1,-1,7,2,35,6,1896,2,17,VOLKSWAGEN GOLF,6,E01020006,0,1
2024122401169,2024,122401169,1,9,0,6,6,1,1,0,0,0,0,0,0,0,3,1,2,2,1,23,5,1395,1,8,VOLKSWAGEN GOLF,4,E01034983,0,2
2024010531723,2024,010531723,2,9,9,99,99,9,9,99,99,9,9,99,9,99,9,9,6,6,3,-1,-1,1598,1,23,VOLKSWAGEN GOLF,-1,-1,0,-1
2024131530366,2024,131530366,1,9,0,-1,19,5,1,-1,0,0,0,0,0,0,1,1,-1,6,1,46,8,1968,2,16,VOLKSWAGEN GOLF,8,E01010790,0,1
2024221421844,2024,221421844,2,9,0,-1,19,4,8,-1,0,0,0,0,0,0,4,1,-1,9,1,31,6,1984,1,3,VOLKSWAGEN GOLF,3,E01010361,0,4
2024010540800,2024,010540800,2,9,0,7,7,3,4,0,0,5,0,0,1,11,2,1,6,6,1,20,4,1598,1,17,VOLKSWAGEN GOLF,-1,-1,0,-1
2024544510624,2024,544510624,1,9,0,18,19,6,2,0,0,0,0,0,0,0,1,1,1,1,1,53,8,1598,2,6,VOLKSWAGEN GOLF,7,E01015493,0,1
2024991467011,2024,991467011,1,9,0,-1,19,3,7,-1,0,0,1,0,0,0,1,1,-1,9,1,73,10,1968,2,17,VOLKSWAGEN GOLF,2,-1,0,1
2024031428541,2024,031428541,1,9,0,-1,19,3,7,-1,0,2,2,0,7,4,4,1,-1,6,2,27,6,1900,2,19,VOLKSWAGEN GOLF,-1,-1,0,-1
2024201512661,2024,201512661,2,9,0,-1,19,8,6,-1,0,0,0,10,7,1,1,1,-1,1,2,33,6,1390,1,13,VOLKSWAGEN GOLF,1,E01010414,0,1
2024131399187,2024,131399187,2,9,0,-1,19,1,5,-1,0,0,0,0,0,0,0,1,-1,9,1,39,7,1984,1,6,VOLKSWAGEN GOLF,6,E01011885,0,3
2024991434335,2024,991434335,1,9,0,-1,19,2,6,-1,0,0,0,0,0,0,1,1,-1,2,1,63,9,1390,1,18,VOLKSWAGEN GOLF,7,-1,0,4
2024440186211,2024,440186211,2,9,0,2,2,0,0,0,0,0,0,0,0,0,1,1,6,6,3,-1,-1,1498,1,5,VOLKSWAGEN GOLF,-1,-1,0,-1
2024161501961,2024,161501961,1,9,0,-1,19,5,1,-1,0,0,0,0,0,0,2,9,-1,6,2,25,5,1896,2,16,VOLKSWAGEN GOLF,4,E01012772,0,1
2024501440594,2024,501440594,2,9,0,-1,2,0,0,-1,0,0,0,0,0,0,4,1,-1,6,3,-1,-1,2000,2,19,VOLKSWAGEN GOLF,-1,-1,0,-1
2024131439470,2024,131439470,1,9,0,-1,9,5,6,-1,0,2,0,0,0,0,3,1,-1,6,1,19,4,1390,1,15,VOLKSWAGEN GOLF,2,E01011907,0,1
2024430472328,2024,430472328,3,9,0,18,19,6,2,0,0,0,0,0,0,0,1,1,6,6,2,-1,-1,1968,2,15,VOLKSWAGEN GOLF,-1,-1,0,-1
2024371447020,2024,371447020,2,9,0,-1,4,-1,-1,-1,0,4,0,0,0,0,2,1,-1,9,2,58,9,1600,2,15,VOLKSWAGEN GOLF,8,E01030293,0,1
2024141431935,2024,141431935,1,9,0,-1,19,2,6,-1,0,2,0,0,0,0,1,1,-1,2,1,58,9,1598,2,14,VOLKSWAGEN GOLF,1,E01007730,0,2
2024451483125,2024,451483125,2,9,0,-1,19,3,7,-1,0,0,0,0,0,0,4,1,-1,9,1,20,4,1390,1,15,VOLKSWAGEN GOLF,5,E01030667,0,2
2024501431491,2024,501431491,2,9,0,-1,19,2,5,-1,0,8,0,0,0,0,1,1,-1,9,1,41,7,1968,2,13,VOLKSWAGEN GOLF,5,E01020184,0,1
2024421533044,2024,421533044,2,9,0,-1,19,2,8,-1,0,0,0,0,1,0,2,1,-1,9,1,23,5,2000,2,19,VOLKSWAGEN GOLF,7,E01021978,0,1
2024201509401,2024,201509401,2,9,0,-1,19,4,1,-1,0,0,0,10,0,0,1,1,-1,6,3,-1,-1,1968,2,14,VOLKSWAGEN GOLF,-1,-1,0,-1
2024501427420,2024,501427420,2,9,0,-1,19,1,5,-1,0,1,0,0,0,0,2,9,-1,6,1,37,7,1395,1,9,VOLKSWAGEN GOLF,4,E01018908,0,1
2024061428364,2024,061428364,1,9,0,-1,19,4,8,-1,0,1,0,0,0,0,1,1,-1,6,2,29,6,3200,1,18,VOLKSWAGEN GOLF,1,E01005653,0,1
2024451508659,2024,451508659,2,9,0,-1,19,1,5,-1,99,0,0,0,0,0,1,1,-1,6,1,30,6,1600,1,19,VOLKSWAGEN GOLF,-1,-1,0,-1
2024430212061,2024,430212061,1,9,0,9,9,8,5,0,0,6,0,0,0,0,3,1,2,2,1,56,9,1598,2,11,VOLKSWAGEN GOLF,10,E01016628,0,1
2024131514592,2024,131514592,2,9,0,-1,19,5,5,-1,0,0,0,0,0,0,2,1,-1,1,1,32,6,1968,2,3,VOLKSWAGEN GOLF,8,E01027568,0,4
2024522402599,2024,522402599,1,9,0,17,19,5,3,0,0,0,5,0,0,0,0,1,6,6,1,41,7,1968,2,13,VOLKSWAGEN GOLF,5,E01014886,0,2
2024320489035,2024,320489035,1,9,0,9,9,4,3,0,0,6,0,0,0,0,1,1,-1,-1,1,23,5,1984,1,6,VOLKSWAGEN GOLF,6,E01026391,0,1
2024131457661,2024,131457661,2,9,0,-1,5,1,8,-1,0,2,0,0,0,0,4,1,-1,9,1,63,9,1498,1,3,VOLKSWAGEN GOLF,5,E01011793,0,3
2024041527141,2024,041527141,1,9,0,-1,9,1,3,-1,0,2,0,0,0,0,1,2,-1,6,2,35,6,1598,1,16,VOLKSWAGEN GOLF,3,E01025460,0,4
2024010500079,2024,010500079,1,9,0,99,99,9,9,99,99,2,9,99,9,99,2,9,6,6,1,53,8,1390,1,11,VOLKSWAGEN GOLF,2,E01001877,0,1
2024061490207,2024,061490207,1,9,0,-1,19,2,6,-1,0,8,0,10,0,0,4,1,-1,6,2,-1,-1,1390,1,17,VOLKSWAGEN GOLF,-1,-1,0,-1
2024221462863,2024,221462863,1,9,0,-1,19,4,8,-1,0,0,0,0,0,0,4,1,-1,6,1,21,5,1395,1,6,VOLKSWAGEN GOLF,7,E01035055,0,1
2024122400408,2024,122400408,1,9,0,16,19,1,5,0,0,1,0,0,0,0,3,1,6,6,1,57,9,1968,2,9,VOLKSWAGEN GOLF,9,E01035186,0,4
2024201531626,2024,201531626,2,9,0,-1,19,8,4,-1,0,0,0,0,0,0,3,9,-1,9,1,28,6,1598,2,6,VOLKSWAGEN GOLF,10,E01010152,0,3
2024131562687,2024,131562687,3,9,0,-1,2,0,0,-1,0,8,0,4,0,0,3,1,-1,6,-1,-1,-1,1968,2,12,VOLKSWAGEN GOLF,-1,-1,0,-1
2024131480544,2024,131480544,1,9,0,-1,7,-1,-1,-1,0,2,0,0,0,0,4,1,-1,6,3,-1,-1,1598,2,9,VOLKSWAGEN GOLF,-1,-1,0,-1
2024010501395,2024,010501395,1,9,0,9,9,1,7,0,0,5,0,0,0,0,4,1,6,6,1,26,6,1395,1,9,VOLKSWAGEN GOLF,3,E01003564,0,1
2024421474940,2024,421474940,1,9,0,-1,5,4,7,-1,0,4,0,0,0,0,1,1,-1,2,2,52,8,1390,1,10,VOLKSWAGEN GOLF,6,E01023344,0,1
2024131421730,2024,131421730,2,9,0,-1,19,1,1,-1,0,0,1,1,0,0,2,1,-1,6,1,31,6,1968,2,13,VOLKSWAGEN GOLF,1,E01010700,0,1
2024451448316,2024,451448316,2,9,0,-1,19,1,5,-1,0,0,0,0,0,0,1,9,-1,6,3,30,6,1395,8,3,VOLKSWAGEN GOLF,-1,-1,0,-1
2024041448016,2024,041448016,1,9,0,-1,7,1,3,-1,0,6,0,0,3,0,1,1,-1,9,1,79,11,1984,1,0,VOLKSWAGEN GOLF,5,E01025331,0,3
2024010523730,2024,010523730,1,9,0,1,1,5,1,0,0,5,0,0,0,0,1,1,6,6,1,52,8,1598,1,17,VOLKSWAGEN GOLF,4,E01002030,0,1
2024311505180,2024,311505180,1,9,0,-1,4,1,5,-1,0,0,0,0,0,0,1,1,-1,6,1,26,6,1598,2,11,VOLKSWAGEN GOLF,-1,-1,0,-1
2024531509343,2024,531509343,1,9,0,-1,5,8,4,-1,0,4,0,0,0,0,3,1,-1,2,2,29,6,1984,1,1,VOLKSWAGEN GOLF,8,E01034800,0,1
2024010510986,2024,010510986,1,9,0,99,99,9,9,99,99,9,9,99,9,99,9,9,2,2,1,27,6,1598,1,19,VOLKSWAGEN GOLF,7,E01000517,0,3
2024520403226,2024,520403226,2,9,0,4,4,1,5,0,0,0,0,0,0,0,2,1,6,6,1,59,9,1598,1,19,VOLKSWAGEN GOLF,6,E01029135,0,3
2024010525343,2024,010525343,1,9,0,18,19,7,3,0,0,2,0,0,0,0,1,1,6,6,1,83,11,1390,1,13,VOLKSWAGEN GOLF,5,E01002833,0,1
2024471471682,2024,471471682,1,9,0,-1,5,6,8,-1,0,0,0,0,0,0,4,1,-1,2,2,35,6,1598,2,10,VOLKSWAGEN GOLF,6,E01034825,0,2
2024520401904,2024,520401904,2,9,0,18,19,7,3,0,0,8,0,0,0,0,1,1,6,6,2,46,8,1968,2,16,VOLKSWAGEN GOLF,7,E01029225,0,1
2024361520904,2024,361520904,1,9,0,-1,9,1,6,-1,0,1,0,0,0,0,4,1,-1,9,2,20,4,1395,1,8,VOLKSWAGEN GOLF,5,E01026443,0,2
2024041456250,2024,041456250,2,9,0,-1,19,1,5,-1,9,1,0,0,0,0,4,1,-1,9,2,30,6,1598,2,9,VOLKSWAGEN GOLF,10,E01025426,0,4
2024031497889,2024,031497889,1,9,0,-1,19,7,3,-1,0,1,0,0,0,0,1,1,-1,6,3,25,5,1390,1,22,VOLKSWAGEN GOLF,-1,-1,0,-1
2024411411643,2024,411411643,2,9,0,-1,19,8,4,-1,0,1,0,0,0,0,1,1,-1,6,1,32,6,1598,2,11,VOLKSWAGEN GOLF,4,E01023899,0,1
2024141432868,2024,141432868,2,9,0,-1,19,6,2,-1,0,0,0,0,0,0,1,1,-1,6,1,63,9,1598,2,9,VOLKSWAGEN GOLF,6,E01007830,0,2
2024471424430,2024,471424430,2,9,0,-1,5,3,7,-1,0,0,0,0,0,0,1,1,-1,6,2,47,8,1395,1,11,VOLKSWAGEN GOLF,4,E01031596,0,1
2024320707364,2024,320707364,1,9,0,-1,-1,6,2,0,0,0,0,0,0,0,1,1,6,6,1,25,5,1968,2,8,VOLKSWAGEN GOLF,7,E01034683,0,3
2024501461678,2024,501461678,1,9,0,-1,19,7,3,-1,0,0,0,0,0,0,4,1,-1,6,1,79,11,1498,1,4,VOLKSWAGEN GOLF,9,E01028649,0,5
2024101402083,2024,101402083,1,9,0,-1,19,6,2,-1,0,0,0,0,0,0,4,1,-1,2,1,47,8,1498,1,4,VOLKSWAGEN GOLF,5,E01008196,0,1
202460Q158554,2024,60Q158554,1,9,0,18,19,6,2,0,0,1,1,0,1,10,1,1,6,6,1,45,7,1896,2,16,VOLKSWAGEN GOLF,-1,-1,0,-1
2024061401250,2024,061401250,1,9,0,-1,19,2,6,-1,0,1,0,0,0,0,1,9,-1,6,3,-1,-1,1984,1,7,VOLKSWAGEN GOLF,-1,-1,0,-1
2024131453127,2024,131453127,1,9,0,-1,19,1,5,-1,0,1,0,0,0,0,2,1,-1,9,2,34,6,1600,2,15,VOLKSWAGEN GOLF,3,E01011258,0,1