collision_index,collision_year,collision_ref_no,vehicle_reference,vehicle_type,towing_and_articulation,vehicle_manoeuvre_historic,vehicle_manoeuvre,vehicle_direction_from,vehicle_direction_to,vehicle_location_restricted_lane_historic,vehicle_location_restricted_lane,junction_location,skidding_and_overturning,hit_object_in_carriageway,vehicle_leaving_carriageway,hit_object_off_carriageway,first_point_of_impact,vehicle_left_hand_drive,journey_purpose_of_driver_historic,journey_purpose_of_driver,sex_of_driver,age_of_driver,age_band_of_driver,engine_capacity_cc,propulsion_code,age_of_vehicle,generic_make_model,driver_imd_decile,lsoa_of_driver,escooter_flag,driver_distance_banding
2024531456324,2024,531456324,1,9,0,-1,19,5,1,-1,0,0,0,0,1,11,1,1,-1,9,2,68,10,1598,2,11,VOLKSWAGEN GOLF,10,E01022389,0,1
2024052401504,2024,052401504,2,9,0,4,4,3,7,0,0,1,0,0,0,0,2,1,6,6,2,55,8,1395,1,8,VOLKSWAGEN GOLF,5,E01007152,0,2
2024031443218,2024,031443218,2,9,0,-1,19,7,3,-1,0,0,0,0,0,0,2,1,-1,9,2,81,11,1395,1,8,VOLKSWAGEN GOLF,1,E01005328,0,4
2024010506676,2024,010506676,1,9,0,99,99,9,9,99,99,9,9,99,9,99,9,9,2,2,1,27,6,1498,1,2,VOLKSWAGEN GOLF,5,E01033836,0,4
2024031515488,2024,031515488,2,9,0,-1,2,0,0,-1,9,2,0,0,0,0,3,1,-1,6,-1,-1,-1,1390,1,18,VOLKSWAGEN GOLF,-1,-1,0,-1
2024131438855,2024,131438855,1,9,0,-1,5,1,5,-1,0,8,1,0,0,0,3,1,-1,9,2,28,6,1900,2,26,VOLKSWAGEN GOLF,10,E01013093,0,4
2024211518331,2024,211518331,2,9,0,-1,11,5,1,-1,0,0,0,1,0,0,1,1,-1,6,2,30,6,1498,1,0,VOLKSWAGEN GOLF,10,E01005903,0,4
2024501486105,2024,501486105,1,9,0,-1,19,2,6,-1,0,1,0,0,1,0,1,1,-1,6,2,22,5,1968,2,2,VOLKSWAGEN GOLF,4,E01019036,0,1
2024361417155,2024,361417155,2,9,0,-1,10,4,8,-1,0,1,0,0,0,0,2,1,-1,2,1,18,4,1968,2,11,VOLKSWAGEN GOLF,7,E01033540,0,4
2024340NN0232,2024,340NN0232,2,9,0,-1,19,2,6,-1,0,8,1,0,0,0,4,1,-1,6,1,62,9,1968,2,14,VOLKSWAGEN GOLF,8,E01027332,0,1
2024430186224,2024,430186224,1,9,0,18,19,8,4,0,0,2,0,0,0,0,1,1,6,6,1,25,5,1968,2,3,VOLKSWAGEN GOLF,4,E01016705,0,1
2024332400902,2024,332400902,2,9,0,-1,19,7,3,-1,0,8,0,0,1,0,3,1,-1,9,2,34,6,1598,2,13,VOLKSWAGEN GOLF,7,E01025618,0,2
2024991457771,2024,991457771,1,9,0,-1,19,1,5,-1,0,1,5,0,1,11,3,1,-1,2,1,52,8,1896,2,22,VOLKSWAGEN GOLF,2,-1,0,1
2024461526210,2024,461526210,1,9,0,-1,19,5,5,-1,0,0,0,0,0,0,1,2,-1,9,2,94,11,1395,1,8,VOLKSWAGEN GOLF,5,E01024005,0,1
2024201480239,2024,201480239,1,9,0,-1,19,8,4,-1,0,0,5,0,0,0,1,9,-1,6,1,30,6,1968,2,15,VOLKSWAGEN GOLF,-1,-1,0,-1
2024201455932,2024,201455932,1,9,0,-1,19,7,1,-1,0,1,0,10,7,11,1,1,-1,6,1,20,4,1968,2,15,VOLKSWAGEN GOLF,1,E01009512,0,1
2024440403578,2024,440403578,2,9,0,6,6,3,1,0,0,8,0,0,0,0,4,1,6,6,3,-1,-1,1984,1,4,VOLKSWAGEN GOLF,-1,-1,0,-1
2024401397683,2024,401397683,1,9,0,-1,19,6,2,-1,0,8,0,0,0,0,3,9,-1,6,2,39,7,1984,1,6,VOLKSWAGEN GOLF,4,E01015711,0,1
2024131526330,2024,131526330,1,9,0,-1,11,1,1,-1,0,0,0,0,0,0,1,1,-1,6,2,24,5,1598,2,11,VOLKSWAGEN GOLF,1,E01010663,0,1
2024221396469,2024,221396469,2,9,0,-1,19,1,5,-1,0,0,1,0,0,0,3,1,-1,6,2,77,11,1598,2,10,VOLKSWAGEN GOLF,4,E01014097,0,1
2024461532933,2024,461532933,1,9,0,-1,19,7,3,-1,0,0,2,0,1,4,2,1,-1,6,1,30,6,1896,2,16,VOLKSWAGEN GOLF,9,E01024085,0,3
2024010488811,2024,010488811,2,9,0,18,19,3,7,0,0,0,0,0,0,0,0,1,6,6,2,39,7,1598,2,8,VOLKSWAGEN GOLF,-1,-1,0,-1
2024070511262,2024,070511262,2,9,0,2,2,0,0,0,0,0,0,0,0,0,4,1,6,6,2,-1,-1,1900,2,19,VOLKSWAGEN GOLF,-1,-1,0,-1
2024231528635,2024,231528635,2,9,0,-1,8,3,7,-1,0,1,0,0,0,0,1,9,-1,6,2,35,6,1598,2,7,VOLKSWAGEN GOLF,10,E01031214,0,4
2024010521543,2024,010521543,1,9,0,99,99,9,9,99,99,9,9,99,9,99,2,9,6,6,2,19,4,1395,1,7,VOLKSWAGEN GOLF,6,E01002422,0,4
2024501436450,2024,501436450,3,9,0,-1,4,1,4,-1,0,0,0,0,0,0,2,1,-1,6,1,37,7,1598,2,8,VOLKSWAGEN GOLF,5,E01015092,0,1
2024201434795,2024,201434795,1,9,0,-1,19,7,3,-1,0,0,0,0,0,0,1,9,-1,6,1,-1,-1,1968,2,17,VOLKSWAGEN GOLF,-1,-1,0,-1
2024131523481,2024,131523481,1,9,0,-1,19,5,1,-1,0,8,0,0,0,0,1,1,-1,9,1,38,7,1968,2,13,VOLKSWAGEN GOLF,2,E01010619,0,2
2024141481354,2024,141481354,1,9,0,-1,19,3,7,-1,0,8,0,0,0,0,3,1,-1,9,2,32,6,1498,8,1,VOLKSWAGEN GOLF,6,E01033264,0,1
2024461482852,2024,461482852,2,9,0,-1,2,7,7,-1,0,0,0,0,0,0,4,1,-1,6,-1,-1,-1,1598,2,13,VOLKSWAGEN GOLF,-1,-1,0,-1
2024010505498,2024,010505498,1,9,0,18,19,3,7,0,0,6,0,0,0,0,1,1,6,6,1,34,6,1395,1,11,VOLKSWAGEN GOLF,3,E01003911,0,1
2024141480183,2024,141480183,1,9,0,-1,19,7,3,-1,0,0,0,4,7,0,1,1,-1,9,1,22,5,1600,2,14,VOLKSWAGEN GOLF,5,E01008143,0,3
2024451493094,2024,451493094,1,9,0,-1,19,5,1,-1,0,2,0,0,0,0,1,1,-1,2,1,21,5,1900,2,22,VOLKSWAGEN GOLF,5,E01031519,0,2
2024010511193,2024,010511193,2,9,0,1,1,1,5,4,4,0,0,0,0,0,2,1,6,6,1,57,9,1390,1,17,VOLKSWAGEN GOLF,5,E01002798,0,1
2024531508818,2024,531508818,1,9,0,-1,13,7,3,-1,0,0,2,0,2,10,1,1,-1,2,1,39,7,1984,1,13,VOLKSWAGEN GOLF,5,E01022258,0,1
2024991472251,2024,991472251,1,9,0,-1,19,8,6,-1,0,2,0,0,0,0,1,1,-1,6,1,17,4,999,1,1,VOLKSWAGEN GOLF,-1,-1,0,-1
2024201456472,2024,201456472,2,9,0,-1,19,6,2,-1,0,8,0,10,0,0,1,9,-1,6,1,20,4,1498,1,3,VOLKSWAGEN GOLF,-1,-1,0,-1
2024311514863,2024,311514863,1,9,0,-1,9,3,1,-1,0,6,0,0,0,0,1,9,-1,6,1,21,5,1598,2,13,VOLKSWAGEN GOLF,10,E01025734,0,3
2024041484793,2024,041484793,1,9,0,-1,19,3,7,-1,0,3,0,0,0,0,1,1,-1,9,1,23,5,1598,2,12,VOLKSWAGEN GOLF,5,E01012635,0,1
2024131474328,2024,131474328,1,9,0,-1,19,1,5,-1,0,8,0,0,0,0,4,1,-1,6,2,59,9,1600,2,14,VOLKSWAGEN GOLF,2,E01010792,0,1
2024131406226,2024,131406226,1,9,0,-1,9,3,1,-1,0,8,0,0,0,0,1,1,-1,9,1,31,6,1968,2,11,VOLKSWAGEN GOLF,1,E01011345,0,1
2024101485818,2024,101485818,1,9,0,-1,5,3,7,-1,0,5,0,0,0,0,1,1,-1,6,2,20,4,1598,2,10,VOLKSWAGEN GOLF,7,E01008765,0,1
2024451535318,2024,451535318,1,9,0,-1,19,2,7,-1,0,2,0,0,1,2,1,1,-1,9,1,18,4,999,1,6,VOLKSWAGEN GOLF,8,E01030698,0,1
2024070594891,2024,070594891,2,9,0,8,8,3,7,0,0,1,0,0,0,0,3,1,6,6,2,56,9,1498,1,6,VOLKSWAGEN GOLF,10,E01018475,0,2
2024340NN3832,2024,340NN3832,1,9,0,-1,19,5,1,-1,0,1,0,0,0,0,1,1,-1,6,2,-1,-1,1968,2,10,VOLKSWAGEN GOLF,-1,-1,0,-1
2024010500712,2024,010500712,2,9,0,3,3,7,3,0,0,2,9,0,7,99,1,9,6,6,1,25,5,1395,1,10,VOLKSWAGEN GOLF,3,E01003172,0,1
2024520002281,2024,520002281,2,9,0,2,2,0,0,0,0,0,0,0,0,0,3,1,6,6,2,23,5,1968,2,14,VOLKSWAGEN GOLF,9,E01014374,0,1
2024141454984,2024,141454984,1,9,0,-1,9,5,3,-1,0,2,0,0,0,0,1,1,-1,9,1,23,5,1380,1,14,VOLKSWAGEN GOLF,1,E01008157,0,2
2024131406096,2024,131406096,1,9,0,-1,7,5,1,-1,0,1,0,0,0,0,4,1,-1,2,1,28,6,1498,1,5,VOLKSWAGEN GOLF,7,E01032946,0,1
2024351411429,2024,351411429,1,9,0,-1,19,1,6,-1,0,1,0,0,0,0,4,1,-1,6,3,-1,-1,1984,1,20,VOLKSWAGEN GOLF,-1,-1,0,-1
2024440330940,2024,440330940,1,9,0,18,19,1,5,0,0,0,0,0,0,0,4,1,6,6,1,27,6,1900,2,19,VOLKSWAGEN GOLF,3,E01031483,0,3
2024520500264,2024,520500264,1,9,0,18,19,6,8,0,0,0,0,0,7,4,1,1,6,6,1,51,8,1896,2,22,VOLKSWAGEN GOLF,8,E01035111,0,3
202417M218724,2024,17M218724,1,9,0,-1,19,7,3,-1,0,0,1,0,7,0,1,1,-1,9,1,20,4,1968,2,14,VOLKSWAGEN GOLF,1,E01012060,0,1
2024201413566,2024,201413566,1,9,0,-1,11,8,4,-1,0,0,1,0,0,0,1,9,-1,1,1,26,6,1498,8,1,VOLKSWAGEN GOLF,4,E01009138,0,2
2024010504578,2024,010504578,1,9,0,18,19,1,5,0,0,0,0,0,0,0,4,2,2,2,1,51,8,1598,1,17,VOLKSWAGEN GOLF,5,E01003638,0,3
2024461492760,2024,461492760,1,9,0,-1,19,-1,-1,-1,0,0,0,0,0,0,4,9,-1,6,2,87,11,1390,1,16,VOLKSWAGEN GOLF,10,E01024852,0,1
2024501450111,2024,501450111,1,9,0,-1,5,6,2,-1,0,1,0,0,0,0,1,1,-1,6,1,44,7,3200,1,16,VOLKSWAGEN GOLF,5,E01018849,0,1
2024201481363,2024,201481363,1,9,0,-1,7,6,1,-1,0,6,0,0,0,0,3,1,-1,6,1,25,5,1390,1,17,VOLKSWAGEN GOLF,-1,-1,0,-1
2024010527955,2024,010527955,2,9,9,99,99,9,9,0,0,9,0,0,9,0,9,9,6,6,2,-1,-1,1400,1,14,VOLKSWAGEN GOLF,-1,-1,0,-1
2024061468955,2024,061468955,2,9,0,-1,3,-1,-1,-1,0,4,0,0,0,0,1,1,-1,6,3,-1,-1,1896,2,20,VOLKSWAGEN GOLF,-1,-1,0,-1
2024991486607,2024,991486607,2,9,0,-1,10,8,6,-1,0,8,0,0,1,0,2,1,-1,9,1,54,8,1968,2,16,VOLKSWAGEN GOLF,4,-1,0,1
2024041460709,2024,041460709,1,9,0,-1,19,1,5,-1,0,0,0,0,0,0,1,1,-1,6,3,-1,-1,1968,2,17,VOLKSWAGEN GOLF,-1,-1,0,-1
2024211475448,2024,211475448,2,9,0,-1,19,2,6,-1,0,6,0,0,0,0,3,2,-1,7,1,18,4,1968,2,2,VOLKSWAGEN GOLF,-1,-1,0,-1
2024440058355,2024,440058355,1,9,0,18,19,5,1,0,0,4,0,0,0,0,1,1,6,6,1,35,6,1598,2,12,VOLKSWAGEN GOLF,9,E01023136,0,1
2024010498413,2024,010498413,2,9,0,99,99,9,9,99,99,9,9,99,9,99,9,9,6,6,3,-1,-1,1395,1,6,VOLKSWAGEN GOLF,-1,-1,0,-1
2024552400920,2024,552400920,1,9,0,18,19,5,1,0,0,8,0,0,0,0,3,1,6,6,1,68,10,1598,1,18,VOLKSWAGEN GOLF,5,E01015331,0,2
2024552400543,2024,552400543,1,9,0,18,19,8,4,0,0,0,1,0,0,0,1,1,6,6,2,29,6,1968,2,15,VOLKSWAGEN GOLF,5,E01015417,0,2
2024101497542,2024,101497542,1,9,0,-1,1,7,3,-1,0,0,0,0,1,0,3,2,-1,2,1,18,4,1896,2,21,VOLKSWAGEN GOLF,5,E01014019,0,5
2024010548126,2024,010548126,2,9,0,18,19,5,1,0,0,1,0,4,0,0,4,1,6,6,1,37,7,1598,1,17,VOLKSWAGEN GOLF,5,E01004522,0,2
2024311411728,2024,311411728,1,9,0,-1,19,6,2,-1,0,0,0,0,0,0,1,1,-1,6,1,35,6,1595,1,16,VOLKSWAGEN GOLF,4,E01013936,0,1
2024041403572,2024,041403572,1,9,0,-1,19,1,5,-1,0,0,1,0,4,6,1,1,-1,9,1,20,4,3189,1,18,VOLKSWAGEN GOLF,1,E01034336,0,3
2024111513388,2024,111513388,1,9,0,-1,9,7,5,-1,0,2,0,0,0,0,1,1,-1,9,1,55,8,1968,2,12,VOLKSWAGEN GOLF,1,E01020841,0,1
2024131478917,2024,131478917,1,9,0,-1,5,8,2,-1,0,0,0,0,0,0,4,1,-1,6,1,91,11,1498,1,6,VOLKSWAGEN GOLF,8,E01011893,0,1
2024131484726,2024,131484726,2,9,0,-1,19,1,3,-1,0,1,0,0,0,0,2,1,-1,9,1,28,6,1598,2,10,VOLKSWAGEN GOLF,-1,-1,0,-1
2024361434388,2024,361434388,2,9,0,-1,19,1,5,-1,0,8,0,0,0,0,3,1,-1,9,1,75,10,1968,2,11,VOLKSWAGEN GOLF,6,E01026541,0,1
2024131478498,2024,131478498,1,9,0,-1,19,5,1,-1,0,0,0,0,0,0,2,1,-1,9,2,63,9,1968,2,4,VOLKSWAGEN GOLF,10,W01000196,0,5
2024471405973,2024,471405973,2,9,0,-1,8,2,6,-1,0,1,0,0,0,0,1,1,-1,6,1,-1,-1,1968,2,17,VOLKSWAGEN GOLF,-1,-1,0,-1
2024552400714,2024,552400714,1,9,0,18,19,7,3,0,0,0,0,4,0,0,4,1,2,2,2,45,7,1598,1,17,VOLKSWAGEN GOLF,6,E01032661,0,1
2024471493670,2024,471493670,2,9,0,-1,9,3,1,-1,0,8,0,0,0,0,4,1,-1,1,2,47,8,1390,1,14,VOLKSWAGEN GOLF,9,E01031717,0,1
2024340NN2772,2024,340NN2772,1,9,0,-1,7,5,7,-1,0,6,0,0,0,0,1,1,-1,9,2,82,11,1598,2,14,VOLKSWAGEN GOLF,5,E01027213,0,4
2024991531015,2024,991531015,1,9,0,-1,19,4,8,-1,0,0,0,0,1,2,4,1,-1,6,2,50,8,1390,1,15,VOLKSWAGEN GOLF,4,-1,0,2
2024440165262,2024,440165262,1,9,0,18,19,2,6,0,0,0,0,0,0,0,1,1,6,6,2,21,5,1395,1,11,VOLKSWAGEN GOLF,3,E01013777,0,5
2024061406072,2024,061406072,1,9,0,-1,19,5,1,-1,0,0,1,0,0,0,1,1,-1,6,-1,30,6,1600,2,15,VOLKSWAGEN GOLF,-1,-1,0,-1
2024631512220,2024,631512220,1,9,0,-1,12,6,2,-1,0,0,0,0,7,9,4,1,-1,6,1,29,6,1896,2,19,VOLKSWAGEN GOLF,4,W01000535,0,1
2024061527503,2024,061527503,2,9,0,-1,2,0,0,-1,0,2,1,0,1,0,1,1,-1,6,1,31,6,1968,2,11,VOLKSWAGEN GOLF,1,E01006005,0,1
2024201424681,2024,201424681,1,9,0,-1,15,4,8,-1,0,1,0,0,0,0,3,9,-1,6,3,-1,-1,1968,2,10,VOLKSWAGEN GOLF,-1,-1,0,-1
2024411538184,2024,411538184,3,9,0,-1,2,0,0,-1,0,0,0,0,0,0,2,1,-1,6,-1,-1,-1,1968,2,10,VOLKSWAGEN GOLF,-1,-1,0,-1
2024302401291,2024,302401291,3,9,0,18,19,6,2,0,0,0,0,0,0,0,1,1,6,6,1,26,6,1968,2,17,VOLKSWAGEN GOLF,1,E01013533,0,2
2024501412972,2024,501412972,2,9,0,-1,19,5,2,-1,0,0,0,0,0,0,1,1,-1,9,1,37,7,1395,8,8,VOLKSWAGEN GOLF,10,E01019909,0,1
2024131437169,2024,131437169,2,9,0,-1,2,0,0,-1,0,7,0,0,0,0,1,1,-1,6,-1,-1,-1,1395,8,9,VOLKSWAGEN GOLF,-1,-1,0,-1
2024361527552,2024,361527552,1,9,0,-1,19,1,5,-1,0,0,2,0,0,0,1,1,-1,9,1,25,5,1781,1,22,VOLKSWAGEN GOLF,4,E01030230,0,2
2024231403235,2024,231403235,1,9,0,-1,1,5,1,-1,0,6,0,0,0,0,2,1,-1,6,1,37,7,1598,2,14,VOLKSWAGEN GOLF,5,E01031262,0,1
2024631428062,2024,631428062,2,9,0,-1,19,6,3,-1,0,0,0,0,1,10,1,1,-1,9,2,79,11,1598,2,14,VOLKSWAGEN GOLF,8,E01028729,0,5
2024430600080,2024,430600080,2,9,0,18,19,2,6,0,0,0,0,0,6,6,4,1,1,1,1,48,8,1984,1,3,VOLKSWAGEN GOLF,1,E01002280,0,4
2024010545412,2024,010545412,1,9,0,10,10,3,1,0,0,2,0,0,0,0,1,1,6,6,2,69,10,1598,1,18,VOLKSWAGEN GOLF,3,E01001440,0,1
2024501497837,2024,501497837,2,9,0,-1,19,5,1,-1,0,0,0,0,0,0,1,1,-1,6,1,22,5,1968,2,13,VOLKSWAGEN GOLF,4,E01015269,0,1
2024440165244,2024,440165244,1,9,0,18,19,2,6,0,0,0,0,0,0,0,2,1,6,6,2,29,6,1395,8,8,VOLKSWAGEN GOLF,10,E01022895,0,1
2024010517136,2024,010517136,2,9,0,99,99,9,9,99,99,9,9,99,9,99,9,9,6,6,3,23,5,1598,1,17,VOLKSWAGEN GOLF,5,E01001173,0,3
2024320469703,2024,320469703,2,9,0,9,9,3,1,0,0,6,0,0,0,0,3,1,-1,-1,1,55,8,1598,2,13,VOLKSWAGEN GOLF,1,E01026093,0,1
2024545512324,2024,545512324,1,9,0,9,9,7,5,0,0,6,0,0,0,0,1,1,6,6,1,48,8,1984,1,10,VOLKSWAGEN GOLF,9,E01031863,0,3
2024101425140,2024,101425140,2,9,0,-1,7,7,3,-1,0,0,0,0,0,0,0,1,-1,9,1,18,4,1498,1,2,VOLKSWAGEN GOLF,8,E01008772,0,2
2024201525115,2024,201525115,1,9,0,-1,7,1,5,-1,0,2,0,0,0,0,1,1,-1,9,1,30,6,1598,1,19,VOLKSWAGEN GOLF,2,E01009609,0,1
2024430589749,2024,430589749,1,9,0,9,9,6,4,0,0,5,0,0,0,0,1,1,6,6,2,45,7,1598,2,14,VOLKSWAGEN GOLF,-1,-1,0,-1
2024320588353,2024,320588353,1,9,0,-1,-1,2,4,0,0,8,0,0,0,0,1,1,6,6,1,29,6,1968,2,7,VOLKSWAGEN GOLF,9,E01026139,0,1
2024052400323,2024,052400323,1,9,0,18,19,6,2,0,0,0,0,0,0,0,1,1,6,6,2,46,8,1498,1,2,VOLKSWAGEN GOLF,8,E01007073,0,2
2024411479509,2024,411479509,2,9,-1,-1,-1,-1,-1,-1,-1,0,-1,-1,-1,0,-1,9,-1,2,1,54,8,1598,1,17,VOLKSWAGEN GOLF,8,E01035602,0,3
2024991434123,2024,991434123,1,9,0,-1,19,4,8,-1,0,0,0,0,0,0,1,1,-1,9,1,22,5,1896,2,18,VOLKSWAGEN GOLF,2,-1,0,1
2024111395043,2024,111395043,2,9,0,-1,19,3,7,-1,0,0,0,0,0,0,3,9,-1,6,1,38,7,-1,3,4,VOLKSWAGEN GOLF,7,E01020731,0,1
2024201458546,2024,201458546,1,9,0,-1,19,4,8,-1,0,0,0,0,1,11,1,9,-1,6,1,29,6,1968,2,11,VOLKSWAGEN GOLF,4,E01033994,0,5
2024141441511,2024,141441511,2,9,0,-1,19,8,4,-1,0,2,0,0,0,0,1,1,-1,9,1,19,4,1968,2,9,VOLKSWAGEN GOLF,6,E01007649,0,1
2024421514680,2024,421514680,1,9,0,-1,19,5,8,-1,0,8,0,0,7,0,4,1,-1,9,1,41,7,1598,2,7,VOLKSWAGEN GOLF,6,E01021972,0,1
2024430061024,2024,430061024,1,9,0,9,9,6,4,0,0,6,2,0,0,0,3,1,6,6,1,18,4,1598,1,16,VOLKSWAGEN GOLF,7,E01016402,0,3
2024010545069,2024,010545069,1,9,0,5,5,1,5,0,0,2,0,0,0,0,1,1,6,6,2,49,8,1390,1,12,VOLKSWAGEN GOLF,7,E01003957,0,3
2024545318924,2024,545318924,1,9,0,5,5,5,1,0,0,6,0,0,0,0,3,1,6,6,2,77,11,1598,1,22,VOLKSWAGEN GOLF,6,E01032030,0,1
2024522401866,2024,522401866,1,9,0,5,5,1,5,0,0,8,0,0,0,0,3,1,6,6,2,32,6,1968,2,3,VOLKSWAGEN GOLF,3,E01014809,0,1
2024131486996,2024,131486996,3,9,0,-1,19,5,1,-1,0,0,0,0,0,0,3,1,-1,6,1,40,7,1968,2,10,VOLKSWAGEN GOLF,1,E01010607,0,1
2024631437218,2024,631437218,4,9,0,-1,19,2,5,-1,0,0,0,0,1,10,4,1,-1,6,1,75,10,1968,2,4,VOLKSWAGEN GOLF,7,W01000548,0,2
2024302400537,2024,302400537,2,9,0,17,19,4,2,0,0,8,0,0,0,0,1,1,2,2,1,56,9,1968,2,10,VOLKSWAGEN GOLF,2,E01013499,0,1
2024430532738,2024,430532738,1,9,0,18,19,3,7,0,0,0,0,0,0,0,1,1,2,2,1,20,4,1980,1,13,VOLKSWAGEN GOLF,5,E01031898,0,4
2024430031901,2024,430031901,2,9,0,18,19,1,5,0,0,8,0,0,0,0,1,1,6,6,1,54,8,1984,1,10,VOLKSWAGEN GOLF,8,E01017643,0,3
2024440400153,2024,440400153,2,9,0,4,4,1,5,0,0,1,0,0,0,0,1,1,6,6,1,60,9,1598,1,17,VOLKSWAGEN GOLF,10,E01023248,0,1
2024401497680,2024,401497680,2,9,0,-1,-1,-1,-1,-1,-1,-1,-1,-1,-1,0,1,9,-1,2,2,32,6,1598,2,13,VOLKSWAGEN GOLF,2,E01015705,0,1
2024131520503,2024,131520503,1,9,0,-1,19,5,1,-1,0,8,0,0,0,0,4,1,-1,9,1,31,6,1598,2,9,VOLKSWAGEN GOLF,7,E01011021,0,1
2024430396655,2024,430396655,1,9,0,9,9,6,4,0,0,6,0,0,0,0,3,1,6,6,2,88,11,1600,1,18,VOLKSWAGEN GOLF,10,E01028684,0,1
2024010543304,2024,010543304,1,9,0,13,13,7,3,0,0,1,0,0,0,0,4,1,6,6,1,27,6,1395,1,7,VOLKSWAGEN GOLF,3,E01004283,0,1
2024451406933,2024,451406933,2,9,9,-1,19,1,1,-1,0,1,0,0,0,0,1,1,-1,6,1,24,5,1395,1,11,VOLKSWAGEN GOLF,-1,-1,0,-1
2024010516130,2024,010516130,2,9,9,99,99,9,9,99,99,9,9,99,9,99,1,9,6,6,3,-1,-1,1390,1,14,VOLKSWAGEN GOLF,-1,-1,0,-1
2024421396955,2024,421396955,1,9,0,-1,19,3,7,-1,0,1,0,0,0,0,1,2,-1,2,1,31,6,-1,3,5,VOLKSWAGEN GOLF,-1,-1,0,-1
2024201396225,2024,201396225,2,9,0,-1,9,2,4,-1,0,6,0,0,0,0,2,1,-1,9,1,53,8,1598,2,5,VOLKSWAGEN GOLF,2,E01010535,0,1
2024010542689,2024,010542689,1,9,0,4,4,5,1,0,0,0,0,0,0,0,1,1,2,2,2,70,10,999,1,5,VOLKSWAGEN GOLF,8,E01002436,0,1
2024451432024,2024,451432024,1,9,0,-1,19,5,1,-1,0,0,1,0,5,0,4,1,-1,9,1,30,6,1390,1,17,VOLKSWAGEN GOLF,5,E01000071,0,4
2024461511695,2024,461511695,1,9,0,-1,19,3,7,-1,0,0,0,0,0,0,1,1,-1,6,1,81,11,1896,2,15,VOLKSWAGEN GOLF,8,E01024706,0,1
2024010503183,2024,010503183,1,9,0,99,99,9,9,99,99,9,9,99,9,99,2,9,6,6,1,52,8,-1,3,4,VOLKSWAGEN GOLF,7,E01017818,0,4
2024991487407,2024,991487407,2,9,0,-1,9,7,3,-1,0,8,0,0,0,0,4,1,-1,9,1,41,7,1968,2,12,VOLKSWAGEN GOLF,3,-1,0,1
2024101445818,2024,101445818,1,9,0,-1,19,2,4,-1,0,1,0,0,0,0,1,1,-1,6,2,39,7,1598,2,12,VOLKSWAGEN GOLF,1,E01008540,0,1
2024411529165,2024,411529165,2,9,-1,-1,19,-1,-1,-1,0,-1,0,0,0,0,-1,9,-1,6,2,65,9,1390,1,15,VOLKSWAGEN GOLF,9,E01035567,0,1
2024141513399,2024,141513399,1,9,0,-1,4,7,8,-1,0,1,0,0,0,0,2,1,-1,9,1,22,5,1395,1,6,VOLKSWAGEN GOLF,3,E01007971,0,1
2024631471230,2024,631471230,1,9,0,-1,7,8,2,-1,0,6,0,0,0,0,1,1,-1,6,1,23,5,1968,2,16,VOLKSWAGEN GOLF,4,W01001899,0,1
2024010533727,2024,010533727,1,9,0,17,19,3,7,0,0,1,0,0,0,0,1,1,2,2,2,49,8,1390,1,15,VOLKSWAGEN GOLF,3,E01000556,0,1
2024231493840,2024,231493840,1,9,0,-1,19,4,8,-1,0,0,0,0,0,0,1,1,-1,9,1,29,6,1968,2,13,VOLKSWAGEN GOLF,9,E01031148,0,1
2024010497956,2024,010497956,2,9,0,9,9,1,8,0,0,1,0,0,0,0,4,1,2,2,1,43,7,999,1,2,VOLKSWAGEN GOLF,10,E01021458,0,3
2024141547344,2024,141547344,1,9,0,-1,9,8,7,-1,0,8,0,0,0,0,4,9,-1,6,1,22,5,1598,2,7,VOLKSWAGEN GOLF,2,E01008107,0,1
202454F239024,2024,54F239024,2,9,0,3,3,1,4,0,0,1,0,0,0,0,2,1,6,6,1,30,6,1598,2,5,VOLKSWAGEN GOLF,2,E01032062,0,2
2024131444825,2024,131444825,2,9,0,-1,19,1,1,-1,0,0,0,0,0,0,1,1,-1,9,2,54,8,1598,2,5,VOLKSWAGEN GOLF,5,E01035044,0,1
2024552400962,2024,552400962,1,9,0,9,9,2,7,0,0,5,0,0,0,0,1,1,2,2,2,36,7,2000,2,18,VOLKSWAGEN GOLF,6,E01015286,0,1
2024221452310,2024,221452310,2,9,0,-1,4,3,7,-1,0,0,0,0,0,0,2,1,-1,2,1,25,5,1598,2,8,VOLKSWAGEN GOLF,3,E01009237,0,4
202460Q137731,2024,60Q137731,1,9,0,12,12,3,7,0,0,2,0,0,0,0,3,1,6,6,1,18,4,1896,2,16,VOLKSWAGEN GOLF,-1,-1,0,-1
2024311403299,2024,311403299,1,9,0,-1,5,7,3,-1,0,6,0,0,0,0,2,1,-1,6,1,56,9,1598,2,13,VOLKSWAGEN GOLF,10,E01028363,0,1
2024131425498,2024,131425498,3,9,0,-1,19,8,4,-1,0,8,0,0,0,0,1,1,-1,9,2,27,6,1598,2,12,VOLKSWAGEN GOLF,2,E01033898,0,1
2024501448752,2024,501448752,1,9,0,-1,19,6,4,-1,0,0,0,0,7,11,4,1,-1,9,1,30,6,1896,2,23,VOLKSWAGEN GOLF,4,E01018969,0,1
2024991485600,2024,991485600,1,9,0,-1,19,6,2,-1,0,2,1,0,0,0,1,1,-1,9,1,43,7,1598,2,14,VOLKSWAGEN GOLF,7,-1,0,1
2024031440942,2024,031440942,1,9,0,-1,9,3,1,-1,0,5,0,0,0,0,1,1,-1,6,1,25,5,1968,2,16,VOLKSWAGEN GOLF,3,E01019290,0,1
2024440275942,2024,440275942,3,9,0,18,19,7,3,0,0,1,0,0,0,0,1,1,6,6,1,19,4,1896,2,22,VOLKSWAGEN GOLF,4,E01017312,0,3