collision_index,collision_year,collision_ref_no,vehicle_reference,vehicle_type,towing_and_articulation,vehicle_manoeuvre_historic,vehicle_manoeuvre,vehicle_direction_from,vehicle_direction_to,vehicle_location_restricted_lane_historic,vehicle_location_restricted_lane,junction_location,skidding_and_overturning,hit_object_in_carriageway,vehicle_leaving_carriageway,hit_object_off_carriageway,first_point_of_impact,vehicle_left_hand_drive,journey_purpose_of_driver_historic,journey_purpose_of_driver,sex_of_driver,age_of_driver,age_band_of_driver,engine_capacity_cc,propulsion_code,age_of_vehicle,generic_make_model,driver_imd_decile,lsoa_of_driver,escooter_flag,driver_distance_banding
2024361409002,2024,361409002,2,9,0,-1,19,5,1,-1,0,8,0,0,0,0,1,1,-1,9,2,31,6,1390,1,14,VOLKSWAGEN GOLF,10,E01026915,0,2
2024061395746,2024,061395746,2,9,0,-1,2,0,0,-1,0,0,0,0,0,0,2,1,-1,6,3,-1,-1,1968,2,10,VOLKSWAGEN GOLF,-1,-1,0,-1
2024010499303,2024,010499303,1,9,0,10,10,3,8,0,0,1,0,0,0,0,1,1,6,6,1,64,9,1395,1,7,VOLKSWAGEN GOLF,9,E01004606,0,1
2024991485090,2024,991485090,1,9,0,-1,5,7,3,-1,0,1,0,0,1,0,3,2,-1,6,2,21,5,1598,1,18,VOLKSWAGEN GOLF,7,-1,0,5
2024201520285,2024,201520285,1,9,0,-1,19,1,7,-1,0,0,0,0,0,0,1,1,-1,9,1,37,7,1968,2,7,VOLKSWAGEN GOLF,1,-1,0,5
2024052401920,2024,052401920,1,9,0,18,19,5,1,0,0,1,0,0,1,0,1,1,6,6,1,28,6,1984,1,13,VOLKSWAGEN GOLF,3,E01006431,0,1
2024501504406,2024,501504406,1,9,0,-1,14,1,5,-1,0,0,0,0,0,0,1,1,-1,6,2,67,10,1896,2,17,VOLKSWAGEN GOLF,4,E01018922,0,2
2024141414667,2024,141414667,2,9,0,-1,19,3,7,-1,0,8,0,0,0,0,1,9,-1,6,-1,-1,-1,1984,1,8,VOLKSWAGEN GOLF,-1,-1,0,-1
2024421485703,2024,421485703,1,9,0,-1,19,1,5,-1,0,2,0,0,0,0,1,1,-1,6,1,49,8,1896,2,17,VOLKSWAGEN GOLF,5,E01021432,0,3
2024320213828,2024,320213828,2,9,0,-1,-1,2,6,0,0,0,0,0,0,0,3,1,-1,-1,1,44,7,1900,2,19,VOLKSWAGEN GOLF,3,E01018226,0,5
2024161451811,2024,161451811,1,9,0,-1,19,3,7,-1,0,1,1,0,0,0,4,1,-1,9,1,17,4,1781,1,30,VOLKSWAGEN GOLF,1,E01013218,0,1
2024141467627,2024,141467627,1,9,0,-1,19,5,1,-1,0,0,0,7,0,0,1,1,-1,6,1,32,6,1968,2,11,VOLKSWAGEN GOLF,5,E01019827,0,3
2024070618176,2024,070618176,3,9,0,18,19,1,5,0,0,0,0,0,0,0,2,1,6,6,1,25,5,1968,2,13,VOLKSWAGEN GOLF,1,E01012441,0,1
2024201501049,2024,201501049,1,9,0,-1,19,3,7,-1,0,0,0,0,0,0,2,1,-1,6,3,-1,-1,1984,1,11,VOLKSWAGEN GOLF,-1,-1,0,-1
2024361534117,2024,361534117,2,9,0,-1,12,5,5,-1,0,1,0,0,0,0,2,1,-1,6,2,23,5,1598,2,12,VOLKSWAGEN GOLF,9,E01026708,0,1
2024461469290,2024,461469290,2,9,0,-1,10,7,3,-1,0,8,0,0,0,0,2,1,-1,9,2,40,7,1600,2,14,VOLKSWAGEN GOLF,2,E01016064,0,1
2024430577282,2024,430577282,1,9,0,18,19,7,3,7,6,0,0,0,1,9,1,1,6,6,1,40,7,1968,2,15,VOLKSWAGEN GOLF,4,E01016400,0,4
2024010550956,2024,010550956,2,9,0,9,9,1,7,0,0,8,0,0,0,0,1,1,6,6,1,40,7,1390,1,12,VOLKSWAGEN GOLF,3,E01004489,0,3
2024430165911,2024,430165911,1,9,0,9,9,6,4,0,0,2,0,0,1,4,1,1,6,6,1,19,4,1598,2,13,VOLKSWAGEN GOLF,3,E01028519,0,2
2024052400121,2024,052400121,2,9,0,18,19,5,1,0,0,8,0,0,0,0,1,1,1,1,1,47,8,1598,2,12,VOLKSWAGEN GOLF,3,E01006554,0,1
2024031476194,2024,031476194,2,9,0,-1,19,8,8,-1,0,0,0,0,0,0,1,2,-1,9,2,58,9,1598,2,11,VOLKSWAGEN GOLF,9,E01019326,0,1
2024131448561,2024,131448561,1,9,0,-1,19,5,1,-1,0,0,0,0,0,0,4,1,-1,9,2,24,5,1598,2,11,VOLKSWAGEN GOLF,2,E01011421,0,1
2024440206409,2024,440206409,3,9,0,18,19,4,8,0,0,0,0,0,0,0,1,1,6,6,2,69,10,1395,1,10,VOLKSWAGEN GOLF,7,E01023167,0,2
2024122400526,2024,122400526,2,9,0,2,2,0,0,0,0,2,0,0,0,0,2,1,6,6,3,-1,-1,1598,2,6,VOLKSWAGEN GOLF,-1,-1,0,-1
2024161444918,2024,161444918,2,9,0,-1,3,7,3,-1,0,0,0,0,0,0,2,1,-1,6,1,38,7,1498,1,3,VOLKSWAGEN GOLF,6,E01012765,0,1
2024332400828,2024,332400828,1,9,0,-1,19,7,3,-1,0,0,0,0,0,0,1,1,-1,2,1,53,8,1896,2,16,VOLKSWAGEN GOLF,2,E01013628,0,1
2024141503985,2024,141503985,1,9,0,-1,2,0,0,-1,0,0,0,0,0,0,1,9,-1,6,2,37,7,1968,2,10,VOLKSWAGEN GOLF,7,E01007685,0,1
2024061502424,2024,061502424,2,9,-1,-1,-1,-1,-1,-1,-1,0,-1,-1,-1,0,-1,9,-1,6,3,-1,-1,1968,2,10,VOLKSWAGEN GOLF,-1,-1,0,-1
2024311508677,2024,311508677,1,9,0,-1,19,8,4,-1,0,0,0,0,0,0,1,1,-1,6,2,56,9,1968,2,14,VOLKSWAGEN GOLF,5,E01013889,0,1
2024430589746,2024,430589746,1,9,0,3,3,6,2,0,0,0,0,0,0,0,2,1,3,7,1,35,6,1968,2,8,VOLKSWAGEN GOLF,4,E01016662,0,1
2024461493796,2024,461493796,1,9,0,-1,5,7,3,-1,9,0,0,0,0,0,1,9,-1,6,2,31,6,1598,2,13,VOLKSWAGEN GOLF,2,E01024315,0,1
2024041398756,2024,041398756,1,9,0,-1,19,6,2,-1,0,0,1,0,0,0,1,1,-1,2,1,27,6,1598,2,14,VOLKSWAGEN GOLF,5,E01006346,0,4
2024010523016,2024,010523016,1,9,0,18,19,7,3,0,0,2,0,0,0,0,4,1,6,6,1,26,6,1968,2,6,VOLKSWAGEN GOLF,3,E01034591,0,1
2024471416587,2024,471416587,2,9,0,-1,7,3,1,-1,0,4,0,0,0,0,4,1,-1,9,1,18,4,1390,1,14,VOLKSWAGEN GOLF,4,E01022603,0,4
2024451455505,2024,451455505,2,9,0,-1,7,3,7,-1,99,6,0,0,0,0,1,1,-1,6,1,30,6,2000,2,19,VOLKSWAGEN GOLF,-1,-1,0,-1
2024041492451,2024,041492451,2,9,0,-1,19,5,1,-1,0,4,0,0,0,0,2,1,-1,7,2,37,7,1968,2,7,VOLKSWAGEN GOLF,4,E01012633,0,2
2024991514736,2024,991514736,2,9,0,-1,2,7,3,-1,0,0,0,4,0,0,2,1,-1,6,2,48,8,1968,2,5,VOLKSWAGEN GOLF,8,-1,0,1
2024461428002,2024,461428002,1,9,0,-1,5,7,1,-1,5,0,0,0,0,0,1,9,-1,2,1,38,7,1896,2,17,VOLKSWAGEN GOLF,10,E01024768,0,4
2024522402754,2024,522402754,1,9,0,6,6,1,1,0,0,8,0,0,0,0,4,1,6,6,2,45,7,1896,2,20,VOLKSWAGEN GOLF,10,E01029104,0,4
2024211413087,2024,211413087,1,9,0,-1,19,1,5,-1,0,0,2,0,7,0,3,1,-1,9,1,25,5,1968,2,16,VOLKSWAGEN GOLF,-1,-1,0,-1
2024302401384,2024,302401384,3,9,0,3,3,7,3,0,0,8,0,0,0,0,2,1,6,6,1,-1,-1,1984,1,5,VOLKSWAGEN GOLF,6,E01035324,0,5
2024351500951,2024,351500951,1,9,0,-1,19,1,5,-1,0,2,0,0,0,0,1,9,-1,6,2,-1,-1,1598,2,5,VOLKSWAGEN GOLF,9,E01017450,0,4
2024610049724,2024,610049724,2,9,0,18,19,8,4,0,0,8,0,0,0,0,4,1,6,6,2,46,8,1968,2,9,VOLKSWAGEN GOLF,9,W01001641,0,2
2024430584836,2024,430584836,2,9,0,18,19,4,8,0,0,1,0,0,0,0,1,1,6,6,1,-1,-1,1968,2,15,VOLKSWAGEN GOLF,-1,-1,0,-1
2024231460985,2024,231460985,2,9,0,-1,5,3,7,-1,0,0,0,0,0,0,1,9,-1,6,2,-1,-1,1498,1,3,VOLKSWAGEN GOLF,2,E01032239,0,4
2024010521828,2024,010521828,2,9,9,99,99,9,9,99,99,9,9,99,9,99,9,9,6,6,3,-1,-1,1498,1,5,VOLKSWAGEN GOLF,-1,-1,0,-1
2024131460103,2024,131460103,1,9,0,-1,9,1,5,-1,0,8,0,0,0,0,3,1,-1,2,2,27,6,1598,2,5,VOLKSWAGEN GOLF,2,E01010752,0,1
2024201484135,2024,201484135,2,9,0,-1,2,0,0,-1,0,0,0,0,0,0,4,9,-1,6,1,44,7,1896,2,16,VOLKSWAGEN GOLF,8,E01010134,0,2
2024010500261,2024,010500261,1,9,0,18,19,3,7,3,2,8,0,0,0,0,1,1,6,6,3,-1,-1,1390,1,12,VOLKSWAGEN GOLF,-1,-1,0,-1
2024451507235,2024,451507235,2,9,0,-1,19,8,4,-1,0,8,0,0,0,0,1,1,-1,9,1,21,5,1390,1,16,VOLKSWAGEN GOLF,3,E01003829,0,4
2024131520282,2024,131520282,2,9,0,-1,2,0,0,-1,0,2,0,0,0,0,1,1,-1,6,-1,-1,-1,1498,1,6,VOLKSWAGEN GOLF,-1,-1,0,-1
2024522401234,2024,522401234,2,9,0,18,19,6,2,0,0,8,0,0,0,0,1,1,6,6,1,30,6,1390,1,15,VOLKSWAGEN GOLF,8,E01014894,0,2
2024010500836,2024,010500836,1,8,0,10,10,8,5,0,0,1,0,0,0,0,4,1,6,6,2,34,6,1395,1,10,VOLKSWAGEN GOLF,8,E01003202,0,1
2024311489717,2024,311489717,2,9,0,-1,19,5,1,-1,0,1,0,0,0,0,3,1,-1,2,2,24,5,1395,1,10,VOLKSWAGEN GOLF,6,E01028312,0,3
2024340WN1902,2024,340WN1902,2,9,0,-1,19,3,7,-1,0,8,1,0,7,1,4,1,-1,9,2,53,8,1598,2,10,VOLKSWAGEN GOLF,7,E01031198,0,2
2024440324569,2024,440324569,2,9,0,18,19,7,3,0,0,1,0,0,0,0,1,1,6,6,2,53,8,1598,2,10,VOLKSWAGEN GOLF,10,E01022696,0,2
2024131466822,2024,131466822,2,9,0,-1,19,7,3,-1,0,0,0,0,0,0,3,1,-1,6,1,41,7,1968,2,16,VOLKSWAGEN GOLF,6,E01010765,0,1
2024201501626,2024,201501626,1,9,0,-1,15,7,3,-1,0,8,0,10,1,0,3,9,-1,6,3,-1,-1,1968,2,10,VOLKSWAGEN GOLF,-1,-1,0,-1
2024340WN5472,2024,340WN5472,1,9,0,-1,11,7,3,-1,0,5,5,6,4,9,1,1,-1,9,1,23,5,1395,8,9,VOLKSWAGEN GOLF,7,E01027219,0,2
2024501457694,2024,501457694,2,9,0,-1,19,3,1,-1,0,4,0,0,0,0,1,1,-1,6,1,23,5,1984,1,21,VOLKSWAGEN GOLF,9,E01020270,0,2
2024041462438,2024,041462438,1,9,0,-1,9,3,1,-1,0,8,0,0,0,0,1,1,-1,9,1,22,5,999,8,0,VOLKSWAGEN GOLF,2,E01025313,0,1
2024041441825,2024,041441825,2,9,0,-1,19,5,1,-1,0,1,0,0,1,0,3,1,-1,9,1,23,5,1598,2,12,VOLKSWAGEN GOLF,2,E01025157,0,4
2024311456394,2024,311456394,1,9,0,-1,19,8,4,-1,0,0,0,11,0,0,1,1,-1,6,2,33,6,1598,2,14,VOLKSWAGEN GOLF,-1,-1,0,-1
2024141525026,2024,141525026,1,9,0,-1,19,3,6,-1,0,1,0,0,0,0,1,1,-1,9,1,29,6,1197,1,13,VOLKSWAGEN GOLF,3,E01007854,0,1
2024332400989,2024,332400989,1,9,0,-1,14,2,6,-1,0,0,5,0,0,0,1,1,-1,1,2,33,6,1600,1,18,VOLKSWAGEN GOLF,1,E01013601,0,3
2024440127820,2024,440127820,2,9,0,18,19,2,6,0,0,0,0,0,0,0,1,1,6,6,2,42,7,1968,2,11,VOLKSWAGEN GOLF,10,E01022750,0,2
2024201517973,2024,201517973,2,9,0,-1,19,6,2,-1,0,8,0,0,0,0,1,1,-1,6,1,29,6,1598,2,7,VOLKSWAGEN GOLF,2,E01009090,0,3
2024131407149,2024,131407149,1,9,0,-1,13,6,2,-1,0,1,0,0,0,0,1,1,-1,9,1,20,4,1968,2,14,VOLKSWAGEN GOLF,1,E01010841,0,1
2024010530700,2024,010530700,1,9,0,5,5,9,9,99,99,0,9,99,9,99,9,9,6,6,3,25,5,1395,8,1,VOLKSWAGEN GOLF,6,E01018369,0,5
2024131420858,2024,131420858,3,9,0,-1,19,5,1,-1,0,8,0,0,0,0,0,2,-1,6,-1,25,5,1984,1,12,VOLKSWAGEN GOLF,-1,-1,0,-1
2024311404074,2024,311404074,1,9,0,-1,19,3,7,-1,0,4,0,0,0,0,1,1,-1,6,1,22,5,1984,1,16,VOLKSWAGEN GOLF,-1,-1,0,-1
2024201477933,2024,201477933,1,9,0,-1,19,4,8,-1,0,2,0,10,7,1,1,9,-1,6,1,38,7,1984,1,6,VOLKSWAGEN GOLF,1,E01010283,0,1
2024430181255,2024,430181255,2,9,0,18,19,6,2,0,0,0,1,0,1,0,1,1,6,6,1,65,9,1598,2,10,VOLKSWAGEN GOLF,10,E01017675,0,2
2024131436229,2024,131436229,1,9,0,-1,19,3,7,-1,0,8,0,0,0,0,1,1,-1,7,2,34,6,1968,2,9,VOLKSWAGEN GOLF,8,E01010709,0,1
2024122400837,2024,122400837,2,9,0,17,19,6,2,0,0,0,0,0,0,0,1,1,6,6,1,51,8,1395,8,1,VOLKSWAGEN GOLF,8,E01027634,0,2
2024451466227,2024,451466227,1,9,0,-1,19,1,5,-1,0,0,0,0,7,9,1,1,-1,9,1,60,9,2000,1,17,VOLKSWAGEN GOLF,10,E01024426,0,3
2024131423790,2024,131423790,2,9,0,-1,4,8,4,-1,0,0,0,0,0,0,2,1,-1,9,2,34,6,1984,1,8,VOLKSWAGEN GOLF,8,E01011857,0,1
2024340WN5872,2024,340WN5872,2,9,0,-1,19,3,7,-1,0,0,0,0,0,0,2,1,-1,9,1,37,7,1968,2,9,VOLKSWAGEN GOLF,5,E01035423,0,1
2024131447800,2024,131447800,1,9,0,-1,-1,-1,-1,-1,-1,-1,-1,-1,-1,-1,-1,1,-1,6,3,-1,-1,1984,1,6,VOLKSWAGEN GOLF,-1,-1,0,-1
2024010549299,2024,010549299,1,9,0,9,9,7,4,0,0,2,0,0,0,0,1,1,2,2,1,19,4,1598,1,18,VOLKSWAGEN GOLF,7,E01030707,0,2
2024052401800,2024,052401800,1,9,0,9,9,7,5,0,0,8,0,0,0,0,1,1,6,6,1,18,4,1598,2,11,VOLKSWAGEN GOLF,10,E01007199,0,2
2024311430059,2024,311430059,2,9,0,-1,19,5,1,-1,0,0,1,0,0,0,1,1,-1,1,2,35,6,1598,2,14,VOLKSWAGEN GOLF,9,E01013979,0,3
2024131500829,2024,131500829,2,9,0,-1,2,0,0,-1,0,8,0,0,0,0,1,1,-1,6,-1,-1,-1,1395,1,11,VOLKSWAGEN GOLF,-1,-1,0,-1
202460Q087135,2024,60Q087135,1,9,0,16,19,3,7,0,0,0,0,0,0,0,1,1,2,2,2,39,7,1968,2,18,VOLKSWAGEN GOLF,-1,-1,0,-1
2024141490096,2024,141490096,2,9,0,-1,2,0,0,-1,0,0,0,0,0,0,1,1,-1,6,-1,-1,-1,1968,2,9,VOLKSWAGEN GOLF,-1,-1,0,-1
2024471457689,2024,471457689,2,9,0,-1,5,5,1,-1,0,0,0,0,0,0,4,1,-1,9,1,18,4,1598,2,10,VOLKSWAGEN GOLF,10,E01031739,0,1
2024010548603,2024,010548603,2,9,0,99,99,7,3,99,99,0,9,99,9,99,1,9,6,6,3,-1,-1,1498,8,0,VOLKSWAGEN GOLF,-1,-1,0,-1
2024520403127,2024,520403127,3,9,0,4,4,5,1,0,0,0,0,0,0,0,1,1,6,6,1,43,7,1390,1,18,VOLKSWAGEN GOLF,9,E01029198,0,1
2024111531112,2024,111531112,2,9,0,-1,9,2,8,-1,0,0,0,0,0,0,3,1,-1,6,1,53,8,1896,2,16,VOLKSWAGEN GOLF,2,E01008252,0,3
2024041457144,2024,041457144,2,9,0,-1,19,7,3,-1,0,1,0,0,0,0,1,1,-1,1,1,31,6,1390,1,13,VOLKSWAGEN GOLF,1,E01024856,0,1
2024131480630,2024,131480630,2,9,0,-1,9,8,4,-1,0,1,0,0,0,0,1,1,-1,6,-1,-1,-1,1968,2,11,VOLKSWAGEN GOLF,-1,-1,0,-1
2024520402475,2024,520402475,1,9,0,18,19,3,7,0,0,0,0,0,0,0,1,1,6,6,1,26,6,1896,2,21,VOLKSWAGEN GOLF,5,E01029101,0,2
2024201420380,2024,201420380,1,9,0,-1,5,2,6,-1,1,6,0,0,0,0,3,9,-1,6,1,-1,-1,1598,2,13,VOLKSWAGEN GOLF,-1,-1,0,-1
2024010508475,2024,010508475,1,9,0,18,19,3,7,0,0,1,0,0,0,0,2,1,6,6,1,30,6,1498,8,2,VOLKSWAGEN GOLF,2,E01001760,0,1
2024061417363,2024,061417363,2,9,0,-1,19,7,3,-1,0,8,0,0,0,0,1,1,-1,6,1,55,8,1197,1,11,VOLKSWAGEN GOLF,1,E01005456,0,2
2024361495560,2024,361495560,2,9,0,-1,19,7,3,-1,0,1,0,0,7,9,4,1,-1,2,1,27,6,1390,1,22,VOLKSWAGEN GOLF,6,E01026449,0,3
2024461519671,2024,461519671,1,9,0,-1,19,3,7,-1,0,0,1,0,0,0,1,1,-1,9,1,24,5,1598,1,18,VOLKSWAGEN GOLF,4,E01024566,0,1
2024010524268,2024,010524268,1,9,0,9,9,1,7,0,0,6,0,0,0,0,1,1,6,6,1,50,8,1498,1,7,VOLKSWAGEN GOLF,3,E01001213,0,1
2024501402248,2024,501402248,1,9,0,-1,19,3,8,-1,0,0,1,0,0,0,3,1,-1,9,2,64,9,1598,2,10,VOLKSWAGEN GOLF,3,E01018925,0,1
2024421440951,2024,421440951,2,9,0,-1,10,1,3,-1,0,1,0,0,0,0,2,1,-1,9,2,56,9,1968,2,17,VOLKSWAGEN GOLF,7,E01023771,0,4
2024549482024,2024,549482024,1,9,0,18,19,3,7,0,0,1,0,0,0,0,1,1,6,6,2,27,6,1896,2,15,VOLKSWAGEN GOLF,8,E01031852,0,1
2024010518238,2024,010518238,2,9,0,99,99,9,9,0,0,0,9,99,9,99,2,9,6,6,3,-1,-1,1984,1,3,VOLKSWAGEN GOLF,2,E01015703,0,4
2024547029024,2024,547029024,1,9,0,18,19,6,2,0,0,1,0,0,0,0,1,1,6,6,1,21,5,1968,2,13,VOLKSWAGEN GOLF,1,E01032096,0,2
2024201581467,2024,201581467,1,9,0,-1,19,2,6,-1,0,0,0,0,0,0,1,9,-1,6,-1,-1,-1,1968,2,4,VOLKSWAGEN GOLF,-1,-1,0,-1
2024061480097,2024,061480097,2,9,0,-1,3,3,7,-1,0,0,0,0,0,0,1,1,-1,8,2,40,7,1984,1,4,VOLKSWAGEN GOLF,-1,-1,0,-1
2024332400866,2024,332400866,1,9,0,-1,19,4,1,-1,0,2,0,0,1,4,1,1,-1,9,1,49,8,1968,2,9,VOLKSWAGEN GOLF,10,E01028408,0,2
2024440534229,2024,440534229,1,9,0,18,19,7,3,0,0,0,0,0,0,0,1,1,6,6,2,70,10,1390,1,12,VOLKSWAGEN GOLF,2,E01017265,0,1
2024991500859,2024,991500859,2,9,0,-1,19,8,3,-1,0,0,1,0,0,0,1,1,-1,9,1,21,5,1896,2,21,VOLKSWAGEN GOLF,-1,-1,0,-1
2024052400071,2024,052400071,1,9,0,18,19,7,3,0,0,8,0,0,0,0,1,1,2,2,1,22,5,2000,2,17,VOLKSWAGEN GOLF,2,E01006520,0,1
2024031505555,2024,031505555,1,9,0,-1,19,4,7,-1,0,0,0,0,0,0,1,1,-1,6,1,37,7,1968,2,12,VOLKSWAGEN GOLF,1,E01019245,0,1
2024520402882,2024,520402882,1,9,0,4,4,2,6,0,0,0,0,0,0,0,2,1,6,6,1,42,7,1968,2,15,VOLKSWAGEN GOLF,5,E01029167,0,2
2024131396174,2024,131396174,1,9,0,-1,19,1,5,-1,0,8,0,0,0,0,1,1,-1,1,1,25,5,1968,2,10,VOLKSWAGEN GOLF,6,E01007028,0,4
2024221532831,2024,221532831,2,9,0,-1,3,4,8,-1,0,1,0,0,0,0,2,1,-1,9,2,51,8,1598,2,13,VOLKSWAGEN GOLF,8,E01032439,0,1
2024501493423,2024,501493423,2,9,0,-1,19,5,2,-1,0,0,0,0,0,0,1,1,-1,2,1,44,7,1896,2,16,VOLKSWAGEN GOLF,5,E01020174,0,2
2024471403272,2024,471403272,1,9,0,-1,3,6,2,-1,0,0,0,0,0,0,2,1,-1,2,2,36,7,1896,2,17,VOLKSWAGEN GOLF,9,E01031612,0,1
2024061524706,2024,061524706,1,9,0,-1,15,7,4,-1,0,1,0,0,0,0,3,1,-1,6,2,23,5,1498,1,0,VOLKSWAGEN GOLF,2,E01025284,0,4
2024010520255,2024,010520255,1,9,0,18,19,1,5,0,0,8,0,0,0,0,1,1,6,6,3,23,5,1984,1,3,VOLKSWAGEN GOLF,-1,-1,0,-1
2024430304650,2024,430304650,2,9,0,4,4,8,4,0,0,0,0,0,0,0,2,1,6,6,1,18,4,1498,1,4,VOLKSWAGEN GOLF,9,E01017722,0,1
2024451468202,2024,451468202,1,9,0,-1,19,1,5,-1,0,0,0,0,0,0,1,1,-1,6,2,80,11,1598,1,22,VOLKSWAGEN GOLF,8,E01030954,0,1
2024520403218,2024,520403218,2,9,0,9,9,8,6,0,0,6,0,0,0,0,1,1,6,6,1,25,5,1395,1,7,VOLKSWAGEN GOLF,9,E01029024,0,1
2024461510155,2024,461510155,2,9,0,-1,19,3,7,-1,0,2,0,0,0,0,3,1,-1,9,2,45,7,1896,2,16,VOLKSWAGEN GOLF,4,E01024429,0,4
2024010506279,2024,010506279,1,9,0,18,19,1,5,0,0,6,0,0,0,0,3,1,2,2,2,51,8,999,1,6,VOLKSWAGEN GOLF,3,E01000796,0,2
2024311508265,2024,311508265,1,9,0,-1,7,1,5,-1,0,6,0,0,0,0,1,1,-1,1,1,45,7,1900,2,18,VOLKSWAGEN GOLF,-1,-1,0,-1
2024471486571,2024,471486571,2,9,0,-1,19,7,3,-1,0,1,0,0,1,0,1,1,-1,9,2,36,7,1353,3,4,VOLKSWAGEN GOLF,8,E01022951,0,4
2024010527712,2024,010527712,1,9,0,99,99,9,9,99,99,9,9,99,9,99,9,9,2,2,1,21,5,1190,1,9,VOLKSWAGEN GOLF,2,E01000056,0,4
2024061397397,2024,061397397,1,9,0,-1,19,1,1,-1,0,0,0,0,0,0,1,1,-1,2,1,36,7,1968,2,11,VOLKSWAGEN GOLF,7,E01005530,0,3
2024010520650,2024,010520650,1,9,0,9,9,3,1,0,0,6,0,0,0,0,1,1,6,6,1,26,6,1968,2,10,VOLKSWAGEN GOLF,7,E01024479,0,1
2024010537985,2024,010537985,2,9,0,99,99,9,9,99,99,9,9,99,9,99,1,9,6,6,3,-1,-1,1968,2,3,VOLKSWAGEN GOLF,-1,-1,0,-1
2024430068702,2024,430068702,3,9,0,17,19,8,5,0,0,0,0,0,0,0,1,1,2,2,1,54,8,1984,1,16,VOLKSWAGEN GOLF,9,E01032952,0,3
2024211512102,2024,211512102,2,9,0,-1,19,5,4,-1,0,0,0,0,0,0,1,1,-1,2,2,61,9,1968,2,13,VOLKSWAGEN GOLF,3,E01014344,0,1
2024440036355,2024,440036355,1,9,0,18,19,7,3,0,0,0,1,0,2,1,1,1,6,6,1,39,7,3200,1,17,VOLKSWAGEN GOLF,1,E01017036,0,2
2024991411318,2024,991411318,1,9,0,-1,12,1,5,-1,0,0,0,4,0,0,1,1,-1,2,2,46,8,1598,2,10,VOLKSWAGEN GOLF,-1,-1,0,-1
2024351471584,2024,351471584,1,9,0,-1,5,3,7,-1,0,6,0,0,0,0,3,1,-1,6,2,25,5,1598,2,10,VOLKSWAGEN GOLF,8,E01018257,0,1
2024501442690,2024,501442690,3,9,0,-1,19,8,4,-1,0,0,0,0,7,9,3,1,-1,2,1,26,6,1968,2,10,VOLKSWAGEN GOLF,5,E01018864,0,4
2024131499906,2024,131499906,3,9,0,-1,2,5,1,-1,0,0,0,0,0,0,3,1,-1,6,1,23,5,1968,2,8,VOLKSWAGEN GOLF,3,E01011783,0,4
2024552401068,2024,552401068,1,9,0,18,19,7,3,9,9,0,0,10,1,10,4,1,6,6,1,24,5,1598,2,8,VOLKSWAGEN GOLF,5,E01015358,0,4
2024221502571,2024,221502571,1,9,0,-1,5,2,4,-1,0,6,0,0,3,0,3,1,-1,9,1,76,11,1598,1,22,VOLKSWAGEN GOLF,3,E01028912,0,2
2024351448949,2024,351448949,1,9,-1,-1,-1,-1,-1,-1,-1,-1,-1,-1,-1,0,4,9,-1,6,1,31,6,1598,2,7,VOLKSWAGEN GOLF,6,E01035547,0,3
2024131532491,2024,131532491,2,9,0,-1,19,5,1,-1,0,8,1,4,0,0,3,1,-1,6,1,29,6,1598,2,7,VOLKSWAGEN GOLF,1,E01010626,0,1
2024131499096,2024,131499096,1,9,0,-1,14,3,7,-1,0,0,0,0,0,0,4,1,-1,6,3,-1,-1,1600,2,15,VOLKSWAGEN GOLF,-1,-1,0,-1
2024221529875,2024,221529875,1,9,0,-1,9,7,5,-1,0,5,0,0,0,0,1,9,-1,9,2,54,8,1390,1,15,VOLKSWAGEN GOLF,10,E01032348,0,1
2024991438735,2024,991438735,2,9,0,-1,19,3,7,-1,0,0,0,0,0,0,3,1,-1,9,2,58,9,1598,2,7,VOLKSWAGEN GOLF,8,-1,0,3
2024201491858,2024,201491858,1,9,0,-1,11,3,7,-1,0,0,0,0,0,0,4,1,-1,2,1,30,6,1395,1,7,VOLKSWAGEN GOLF,6,E01013529,0,4
2024070134854,2024,070134854,2,9,0,18,19,3,7,0,0,4,0,0,0,0,1,1,6,6,2,18,4,1598,2,10,VOLKSWAGEN GOLF,8,E01012386,0,1
2024010529666,2024,010529666,1,9,0,9,9,7,5,0,0,2,0,0,0,0,4,1,6,6,1,22,5,999,1,7,VOLKSWAGEN GOLF,9,E01000899,0,1
2024041482811,2024,041482811,1,9,0,-1,19,5,1,-1,0,1,0,0,0,0,1,1,-1,6,1,-1,-1,1598,2,14,VOLKSWAGEN GOLF,-1,-1,0,-1
2024131459299,2024,131459299,2,9,0,-1,14,1,5,-1,0,8,0,0,0,0,1,1,-1,6,3,20,4,1968,2,15,VOLKSWAGEN GOLF,-1,-1,0,-1
2024031452380,2024,031452380,3,9,0,-1,19,3,7,-1,0,1,0,0,0,0,1,1,-1,6,1,22,5,1600,2,15,VOLKSWAGEN GOLF,10,E01019251,0,1
2024440226631,2024,440226631,2,9,0,18,19,2,6,0,0,8,0,0,0,0,4,1,6,6,1,57,9,1598,2,6,VOLKSWAGEN GOLF,7,E01022792,0,1
2024461467708,2024,461467708,1,9,0,-1,13,8,4,-1,0,0,5,11,7,2,3,9,-1,6,1,23,5,1598,2,13,VOLKSWAGEN GOLF,9,E01016081,0,1
2024131428914,2024,131428914,2,9,0,-1,19,1,1,-1,0,0,0,0,0,0,1,1,-1,9,2,26,6,1498,1,2,VOLKSWAGEN GOLF,7,E01010976,0,1
2024552401518,2024,552401518,1,9,0,18,19,4,8,0,0,0,0,0,1,1,1,1,2,2,1,27,6,1598,1,22,VOLKSWAGEN GOLF,7,E01020465,0,1
2024371534204,2024,371534204,1,9,0,-1,19,3,7,-1,0,2,5,0,3,1,3,1,-1,9,2,86,11,1598,2,7,VOLKSWAGEN GOLF,6,E01029945,0,2
2024221538182,2024,221538182,2,9,0,-1,19,2,5,-1,0,0,0,0,0,0,3,1,-1,1,1,30,6,1968,2,15,VOLKSWAGEN GOLF,6,E01022261,0,4