collision_index,collision_year,collision_ref_no,vehicle_reference,vehicle_type,towing_and_articulation,vehicle_manoeuvre_historic,vehicle_manoeuvre,vehicle_direction_from,vehicle_direction_to,vehicle_location_restricted_lane_historic,vehicle_location_restricted_lane,junction_location,skidding_and_overturning,hit_object_in_carriageway,vehicle_leaving_carriageway,hit_object_off_carriageway,first_point_of_impact,vehicle_left_hand_drive,journey_purpose_of_driver_historic,journey_purpose_of_driver,sex_of_driver,age_of_driver,age_band_of_driver,engine_capacity_cc,propulsion_code,age_of_vehicle,generic_make_model,driver_imd_decile,lsoa_of_driver,escooter_flag,driver_distance_banding
2024010515054,2024,010515054,1,9,0,99,99,9,9,99,99,0,9,99,9,99,2,9,6,6,1,27,6,1498,1,6,VOLKSWAGEN GOLF,3,E01003015,0,1
2024421476438,2024,421476438,1,9,-1,-1,9,-1,-1,-1,0,0,0,0,0,0,4,1,-1,6,1,-1,-1,1395,8,9,VOLKSWAGEN GOLF,-1,-1,0,-1
2024141486509,2024,141486509,1,9,0,-1,8,3,6,-1,0,1,0,0,0,0,2,1,-1,6,1,37,7,1984,1,32,VOLKSWAGEN GOLF,4,E01008136,0,2
2024161438867,2024,161438867,1,9,0,-1,19,3,7,-1,0,0,0,4,0,0,1,1,-1,2,1,20,4,1390,1,19,VOLKSWAGEN GOLF,5,E01026390,0,4
2024461443774,2024,461443774,2,9,0,-1,19,4,7,-1,0,6,1,10,0,0,3,9,-1,2,1,52,8,1598,2,11,VOLKSWAGEN GOLF,1,E01024580,0,4
2024010527396,2024,010527396,1,9,0,18,19,7,3,0,0,8,0,0,1,0,2,1,6,6,1,34,6,1598,2,11,VOLKSWAGEN GOLF,2,E01017707,0,4
2024461444945,2024,461444945,2,9,0,-1,3,4,5,-1,0,0,0,0,0,0,2,9,-1,1,1,44,7,1395,8,1,VOLKSWAGEN GOLF,4,E01016120,0,1
2024221435166,2024,221435166,1,9,0,-1,7,6,8,-1,0,3,1,0,7,0,1,1,-1,6,1,23,5,1395,8,1,VOLKSWAGEN GOLF,-1,-1,0,-1
2024231492055,2024,231492055,3,9,0,-1,8,2,4,-1,0,1,0,0,0,0,3,9,-1,9,1,35,6,2000,1,13,VOLKSWAGEN GOLF,3,E01009441,0,1
2024361523068,2024,361523068,1,9,0,-1,5,5,1,-1,0,1,0,0,0,0,2,1,-1,6,2,59,9,1498,1,3,VOLKSWAGEN GOLF,10,E01026812,0,1
2024052400532,2024,052400532,1,9,0,18,19,2,6,0,0,1,0,0,0,0,1,1,6,6,1,50,8,1598,2,13,VOLKSWAGEN GOLF,1,E01006762,0,1
2024161456057,2024,161456057,2,9,0,-1,7,4,8,-1,0,4,0,0,1,0,4,1,-1,6,2,26,6,1968,2,15,VOLKSWAGEN GOLF,1,E01012874,0,1
2024501428992,2024,501428992,2,9,0,-1,19,5,1,-1,0,0,0,0,0,0,2,1,-1,9,1,76,11,1498,1,6,VOLKSWAGEN GOLF,9,E01020260,0,3
2024471490551,2024,471490551,2,9,0,-1,4,1,5,-1,0,0,0,0,0,0,2,1,-1,9,1,43,7,1498,8,1,VOLKSWAGEN GOLF,6,E01031663,0,4
2024201554562,2024,201554562,1,9,0,-1,19,7,3,-1,0,1,0,0,0,0,1,9,-1,6,2,49,8,1600,1,20,VOLKSWAGEN GOLF,3,E01009087,0,1
2024622400777,2024,622400777,1,9,0,5,5,6,2,0,0,0,0,0,0,0,1,1,6,6,1,44,7,1968,2,17,VOLKSWAGEN GOLF,1,W01001361,0,1
2024401409426,2024,401409426,2,9,0,-1,19,4,8,-1,0,0,1,0,0,0,1,1,-1,6,1,26,6,1984,1,22,VOLKSWAGEN GOLF,4,E01033827,0,1
202460Q127659,2024,60Q127659,1,9,0,18,19,2,6,0,0,0,0,0,0,0,4,1,6,6,2,46,8,1598,2,12,VOLKSWAGEN GOLF,-1,-1,0,-1
2024520500001,2024,520500001,1,9,0,3,3,1,5,0,0,2,0,0,0,0,3,1,6,6,1,52,8,1498,1,5,VOLKSWAGEN GOLF,7,E01012365,0,5
2024371409562,2024,371409562,1,9,0,-1,9,3,1,-1,0,6,0,0,0,0,3,9,-1,2,1,48,8,1900,2,18,VOLKSWAGEN GOLF,5,E01029958,0,1
2024501396141,2024,501396141,2,9,0,-1,19,1,6,-1,0,0,0,0,0,0,3,1,-1,7,2,48,8,1598,1,19,VOLKSWAGEN GOLF,8,E01020120,0,1
2024010510453,2024,010510453,2,9,0,9,9,7,5,0,0,8,0,0,0,0,1,1,6,6,3,-1,-1,1600,1,19,VOLKSWAGEN GOLF,-1,-1,0,-1
2024610019624,2024,610019624,1,9,0,18,19,3,7,0,0,0,0,0,0,0,1,1,6,6,1,82,11,1968,2,16,VOLKSWAGEN GOLF,2,W01001614,0,2
2024221475069,2024,221475069,2,9,0,-1,9,3,1,-1,0,5,0,0,0,0,3,1,-1,2,1,19,4,1968,2,14,VOLKSWAGEN GOLF,10,E01022461,0,4
2024201417050,2024,201417050,1,9,0,-1,12,7,3,-1,0,0,0,0,0,0,3,1,-1,6,1,70,10,1498,8,0,VOLKSWAGEN GOLF,-1,-1,0,-1
2024201485212,2024,201485212,1,9,0,-1,6,6,6,-1,0,0,0,0,0,0,3,1,-1,9,1,30,6,1598,2,7,VOLKSWAGEN GOLF,-1,-1,0,-1
2024101421397,2024,101421397,2,9,0,-1,19,1,5,-1,0,8,0,0,0,0,1,1,-1,9,1,33,6,1598,2,6,VOLKSWAGEN GOLF,-1,-1,0,-1
2024201461682,2024,201461682,2,9,0,-1,7,7,1,-1,0,3,0,0,0,0,4,9,-1,6,1,30,6,1968,2,17,VOLKSWAGEN GOLF,1,E01008918,0,1
2024471465024,2024,471465024,1,9,0,-1,6,3,7,-1,0,0,0,0,0,0,1,1,-1,9,2,47,8,1968,2,8,VOLKSWAGEN GOLF,9,E01031751,0,1
2024141514331,2024,141514331,1,9,0,-1,9,1,7,-1,0,1,0,0,0,0,1,1,-1,9,1,25,5,1984,1,17,VOLKSWAGEN GOLF,6,E01007421,0,1
2024211437964,2024,211437964,2,9,0,-1,19,4,8,-1,0,0,0,0,0,0,2,1,-1,6,1,24,5,1598,1,17,VOLKSWAGEN GOLF,3,E01014282,0,1
2024010546611,2024,010546611,1,9,0,99,99,9,9,99,99,9,9,99,9,99,2,9,6,6,1,48,8,1390,1,17,VOLKSWAGEN GOLF,2,E01001482,0,1
2024010549238,2024,010549238,1,9,0,11,11,3,7,0,0,1,1,0,0,0,1,1,6,6,1,18,4,1600,1,19,VOLKSWAGEN GOLF,2,E01003556,0,2
2024440088406,2024,440088406,1,9,0,18,19,5,1,0,0,8,0,0,0,0,1,1,6,6,2,59,9,1395,8,2,VOLKSWAGEN GOLF,5,E01017016,0,1
2024131456633,2024,131456633,1,9,0,-1,19,2,6,-1,0,1,0,0,0,0,1,1,-1,6,1,29,6,-1,3,5,VOLKSWAGEN GOLF,5,E01011147,0,1
2024401507615,2024,401507615,1,9,0,-1,9,5,2,-1,0,1,0,0,0,0,3,1,-1,6,1,44,7,1968,2,16,VOLKSWAGEN GOLF,6,E01015766,0,1
2024411513925,2024,411513925,3,9,0,-1,4,6,2,-1,0,0,0,0,0,0,2,1,-1,9,1,40,7,1984,1,9,VOLKSWAGEN GOLF,7,E01017376,0,2
2024501473550,2024,501473550,2,9,0,-1,19,3,7,-1,0,1,0,0,0,0,1,1,-1,2,1,26,6,1598,1,16,VOLKSWAGEN GOLF,5,E01018921,0,2
2024141497790,2024,141497790,2,9,0,-1,7,1,4,-1,0,2,0,0,1,0,1,1,-1,1,1,37,7,1598,2,11,VOLKSWAGEN GOLF,2,E01007517,0,2
2024131491895,2024,131491895,2,9,0,-1,7,2,4,-1,0,8,0,0,7,0,1,1,-1,2,2,32,6,1598,2,6,VOLKSWAGEN GOLF,1,E01011032,0,1
2024010538997,2024,010538997,1,9,0,18,19,3,7,0,0,1,1,4,8,7,1,1,6,6,1,27,6,1390,1,15,VOLKSWAGEN GOLF,2,E01032787,0,1
2024320544852,2024,320544852,2,9,0,-1,-1,6,2,0,0,8,0,0,0,0,1,1,6,6,1,42,7,1968,2,14,VOLKSWAGEN GOLF,7,E01026251,0,1
2024471439817,2024,471439817,1,9,0,-1,19,3,7,-1,0,0,0,0,0,0,1,1,-1,9,1,17,4,1968,2,17,VOLKSWAGEN GOLF,8,E01024484,0,4
2024131537676,2024,131537676,1,9,0,-1,13,1,1,-1,0,0,0,0,7,0,1,1,-1,6,-1,-1,-1,999,8,2,VOLKSWAGEN GOLF,-1,-1,0,-1
2024010523778,2024,010523778,1,9,0,99,99,9,9,99,99,9,9,99,9,99,9,9,6,6,3,40,7,1498,1,4,VOLKSWAGEN GOLF,5,E01001268,0,1
2024010503009,2024,010503009,4,9,0,18,19,1,5,0,0,1,0,0,0,0,2,1,6,6,3,-1,-1,1395,1,10,VOLKSWAGEN GOLF,-1,-1,0,-1
2024520401200,2024,520401200,1,9,0,18,19,1,5,0,0,0,0,0,0,0,1,1,6,6,1,-1,-1,1598,2,7,VOLKSWAGEN GOLF,-1,-1,0,-1
2024361400612,2024,361400612,2,9,0,-1,-1,-1,-1,-1,-1,0,0,0,0,0,1,9,-1,9,2,31,6,1498,8,1,VOLKSWAGEN GOLF,6,E01026722,0,2
2024631394123,2024,631394123,1,9,0,-1,19,1,5,-1,0,0,1,0,1,11,1,1,-1,9,2,45,7,2000,2,17,VOLKSWAGEN GOLF,2,W01000498,0,3
2024461488799,2024,461488799,2,9,0,-1,19,3,7,-1,0,0,0,0,0,0,3,1,-1,9,1,51,8,1968,2,15,VOLKSWAGEN GOLF,3,E01001529,0,4
2024351424470,2024,351424470,2,9,0,-1,19,6,2,-1,0,1,0,0,0,0,1,1,-1,2,1,23,5,1896,2,21,VOLKSWAGEN GOLF,5,E01017951,0,1
2024471442403,2024,471442403,3,9,0,-1,4,4,8,-1,0,1,0,0,0,0,1,1,-1,6,2,50,8,1968,2,14,VOLKSWAGEN GOLF,6,E01016872,0,1
2024451533037,2024,451533037,2,9,0,-1,19,8,4,-1,0,1,1,0,0,0,1,1,-1,9,2,24,5,2000,1,19,VOLKSWAGEN GOLF,9,E01030781,0,1
2024440097177,2024,440097177,1,9,0,18,19,6,2,0,0,0,0,0,0,0,1,1,2,2,1,20,4,1598,1,21,VOLKSWAGEN GOLF,4,E01022579,0,1
2024401571573,2024,401571573,1,9,0,-1,19,3,7,-1,0,0,0,0,0,0,2,1,-1,6,2,28,6,1598,2,8,VOLKSWAGEN GOLF,2,E01015743,0,2
2024010523742,2024,010523742,2,9,0,18,19,7,3,0,0,1,0,0,0,0,1,1,6,6,3,23,5,1984,1,5,VOLKSWAGEN GOLF,4,E01000974,0,1
2024201513740,2024,201513740,2,9,0,-1,3,5,1,-1,0,1,0,0,0,0,1,1,-1,6,2,42,7,1598,2,8,VOLKSWAGEN GOLF,1,E01008896,0,1
2024010506105,2024,010506105,1,9,0,13,13,1,5,0,0,1,0,0,0,0,1,1,6,6,1,31,6,1984,1,10,VOLKSWAGEN GOLF,2,E01004524,0,1
2024211490187,2024,211490187,2,9,0,-1,19,4,8,-1,0,0,0,0,0,0,1,9,-1,6,1,19,4,1598,2,5,VOLKSWAGEN GOLF,-1,-1,0,-1
2024201535317,2024,201535317,2,9,0,-1,19,5,1,-1,0,0,1,7,1,2,1,1,-1,9,1,22,5,1984,1,5,VOLKSWAGEN GOLF,1,E01009480,0,1
2024501414374,2024,501414374,1,9,0,-1,19,7,3,-1,0,0,2,0,1,10,4,1,-1,9,1,19,4,2000,2,20,VOLKSWAGEN GOLF,9,E01020091,0,1
2024201528429,2024,201528429,1,9,0,-1,9,5,2,-1,0,5,0,0,0,0,1,1,-1,9,1,25,5,999,1,6,VOLKSWAGEN GOLF,8,E01009668,0,1
2024010511848,2024,010511848,1,9,0,17,19,5,1,0,0,0,1,0,0,0,1,1,6,6,1,20,4,1380,1,13,VOLKSWAGEN GOLF,2,E01002686,0,1
2024371497329,2024,371497329,1,9,0,-1,15,7,3,-1,0,0,1,0,2,0,1,1,-1,9,1,24,5,1781,1,22,VOLKSWAGEN GOLF,5,E01022021,0,2
2024141494083,2024,141494083,1,9,0,-1,19,7,3,-1,0,1,0,0,0,0,1,1,-1,6,1,22,5,2000,2,20,VOLKSWAGEN GOLF,4,E01007537,0,2
2024131445301,2024,131445301,1,9,0,-1,15,2,6,-1,0,0,0,0,0,0,1,1,-1,2,2,25,5,1598,2,12,VOLKSWAGEN GOLF,3,E01010834,0,1
2024122401242,2024,122401242,3,9,0,18,19,2,6,0,0,8,0,0,1,0,3,1,1,1,2,48,8,1598,2,5,VOLKSWAGEN GOLF,1,E01011340,0,3
2024311522969,2024,311522969,2,9,0,-1,19,2,6,-1,0,0,0,0,0,0,1,9,-1,9,1,24,5,1984,1,3,VOLKSWAGEN GOLF,-1,-1,0,-1
2024131476705,2024,131476705,1,9,0,-1,19,2,5,-1,0,0,0,4,0,0,1,1,-1,6,1,34,6,1968,2,0,VOLKSWAGEN GOLF,2,E01010776,0,1
202454E610524,2024,54E610524,1,9,0,18,19,1,5,0,0,4,0,9,3,4,1,1,6,6,1,35,6,1598,2,13,VOLKSWAGEN GOLF,3,E01031854,0,3
2024131457170,2024,131457170,2,9,0,-1,3,3,7,-1,0,0,0,0,0,0,2,1,-1,6,1,29,6,1598,2,11,VOLKSWAGEN GOLF,6,E01011646,0,1
2024401429893,2024,401429893,3,9,0,-1,19,1,5,-1,0,0,0,0,0,0,1,1,-1,9,1,24,5,1395,1,7,VOLKSWAGEN GOLF,10,E01003746,0,4
2024501433992,2024,501433992,1,9,0,-1,5,1,7,-1,9,2,0,0,7,0,3,1,-1,9,1,43,7,1968,2,10,VOLKSWAGEN GOLF,6,E01020025,0,1
2024461490352,2024,461490352,1,9,0,-1,7,8,4,-1,0,2,0,0,0,0,3,9,-1,6,1,53,8,1968,2,1,VOLKSWAGEN GOLF,10,E01024731,0,1
2024010540659,2024,010540659,1,9,0,1,1,3,7,0,0,0,0,0,0,0,2,1,1,1,1,39,7,1598,2,4,VOLKSWAGEN GOLF,7,E01001866,0,1
2024131502888,2024,131502888,2,9,0,-1,2,0,0,-1,9,0,0,0,0,0,3,1,-1,6,-1,-1,-1,1968,2,8,VOLKSWAGEN GOLF,-1,-1,0,-1
2024031534527,2024,031534527,1,9,0,-1,13,2,5,-1,0,0,2,0,2,4,4,1,-1,1,1,20,4,1968,2,9,VOLKSWAGEN GOLF,9,E01019163,0,3
2024201471807,2024,201471807,1,9,0,-1,19,1,6,-1,9,1,0,4,0,0,1,9,-1,6,1,19,4,1390,1,16,VOLKSWAGEN GOLF,1,E01009343,0,1
2024010523711,2024,010523711,2,9,9,99,99,9,9,99,99,9,9,99,9,99,9,9,6,6,3,-1,-1,1395,1,7,VOLKSWAGEN GOLF,7,E01004588,0,1
2024991402982,2024,991402982,1,9,0,-1,19,2,6,-1,0,0,0,0,0,0,3,1,-1,2,2,37,7,999,1,6,VOLKSWAGEN GOLF,10,-1,0,1
2024371536155,2024,371536155,1,9,0,-1,4,3,7,-1,0,0,1,0,0,0,2,1,-1,6,2,20,4,1598,2,8,VOLKSWAGEN GOLF,8,E01030042,0,1
2024361462088,2024,361462088,2,9,0,-1,10,3,8,-1,0,0,0,0,0,0,3,1,-1,6,2,53,8,1598,2,5,VOLKSWAGEN GOLF,4,E01026667,0,1
2024141394513,2024,141394513,1,9,0,-1,19,7,3,-1,0,0,0,0,0,0,1,1,-1,6,1,31,6,1968,2,13,VOLKSWAGEN GOLF,2,E01007701,0,1
2024440566555,2024,440566555,1,9,0,18,19,6,2,0,0,1,0,0,0,0,1,1,6,6,1,-1,-1,1598,2,10,VOLKSWAGEN GOLF,-1,-1,0,-1
2024471454796,2024,471454796,2,9,0,-1,19,7,5,-1,0,8,1,0,0,0,3,1,-1,1,2,39,7,1896,2,15,VOLKSWAGEN GOLF,5,E01031477,0,1
2024131435591,2024,131435591,1,9,0,-1,19,1,5,-1,0,0,0,0,0,0,3,1,-1,1,1,18,4,1984,1,8,VOLKSWAGEN GOLF,2,E01010806,0,1
2024201518193,2024,201518193,1,9,0,-1,1,1,5,-1,0,1,0,0,0,0,2,1,-1,6,3,-1,-1,1984,1,7,VOLKSWAGEN GOLF,-1,-1,0,-1
2024010519662,2024,010519662,1,9,0,5,5,1,5,0,0,2,0,0,0,0,1,1,6,6,1,68,10,1395,1,10,VOLKSWAGEN GOLF,5,E01033727,0,1
2024421429731,2024,421429731,1,9,0,-1,4,8,5,-1,0,0,1,0,0,0,1,1,-1,9,2,21,5,1498,1,6,VOLKSWAGEN GOLF,7,E01022058,0,2
2024991464272,2024,991464272,1,9,0,-1,19,2,6,-1,0,0,0,0,0,0,2,1,-1,9,2,25,5,1498,1,5,VOLKSWAGEN GOLF,-1,-1,0,-1
2024451507454,2024,451507454,4,9,0,-1,2,0,0,-1,0,2,0,0,0,0,3,1,-1,6,-1,-1,-1,1968,2,12,VOLKSWAGEN GOLF,-1,-1,0,-1
2024010529539,2024,010529539,2,9,9,11,11,9,9,99,99,0,9,99,9,99,9,9,6,6,3,-1,-1,1984,1,1,VOLKSWAGEN GOLF,-1,-1,0,-1
2024421462661,2024,421462661,2,9,0,-1,19,3,7,-1,0,1,0,0,0,0,4,1,-1,6,1,42,7,1968,2,17,VOLKSWAGEN GOLF,2,E01021711,0,4
2024311527845,2024,311527845,1,9,0,-1,5,3,7,-1,0,1,0,0,0,0,4,1,-1,9,1,68,10,1984,1,6,VOLKSWAGEN GOLF,6,E01028295,0,4
2024010502839,2024,010502839,2,9,0,99,99,9,9,99,99,9,9,99,9,99,9,9,6,6,3,39,7,1498,1,3,VOLKSWAGEN GOLF,4,E01001724,0,1
2024131448242,2024,131448242,2,9,0,-1,19,7,3,-1,0,0,0,0,0,0,2,1,-1,6,2,32,6,1598,2,9,VOLKSWAGEN GOLF,1,E01034842,0,4
2024430543363,2024,430543363,1,9,0,18,19,5,1,0,0,0,2,4,0,0,1,1,6,6,1,26,6,999,1,5,VOLKSWAGEN GOLF,10,E01016619,0,1
2024201484809,2024,201484809,1,9,0,-1,19,8,4,-1,0,0,0,0,0,0,1,1,-1,6,-1,20,4,1984,1,8,VOLKSWAGEN GOLF,-1,-1,0,-1
2024440160271,2024,440160271,1,9,0,5,5,1,5,0,0,8,0,0,0,0,3,1,6,6,1,47,8,1395,1,11,VOLKSWAGEN GOLF,5,E01017279,0,1
2024010523873,2024,010523873,1,9,0,99,99,9,9,99,99,9,9,99,9,99,9,9,6,6,2,33,6,1389,1,12,VOLKSWAGEN GOLF,6,E01033592,0,1
2024161475157,2024,161475157,3,9,0,-1,2,0,0,-1,0,0,0,0,0,0,2,1,-1,6,-1,-1,-1,1900,2,18,VOLKSWAGEN GOLF,-1,-1,0,-1
2024201402675,2024,201402675,2,9,0,-1,3,4,8,-1,0,1,0,0,0,0,2,1,-1,9,1,24,5,1984,1,6,VOLKSWAGEN GOLF,1,E01009358,0,1
2024161467156,2024,161467156,2,9,0,-1,13,5,1,-1,0,1,1,0,7,4,1,1,-1,6,1,18,4,1896,2,16,VOLKSWAGEN GOLF,7,E01013026,0,1
2024211493793,2024,211493793,1,9,0,-1,4,8,4,-1,0,0,0,0,0,0,2,1,-1,2,2,40,7,1896,2,16,VOLKSWAGEN GOLF,8,E01029414,0,1
2024531417389,2024,531417389,1,9,0,-1,19,2,6,-1,0,1,0,0,0,0,1,1,-1,9,1,29,6,1968,2,11,VOLKSWAGEN GOLF,7,E01010876,0,5
2024070823788,2024,070823788,2,9,9,-1,19,7,3,-1,0,1,0,0,0,0,3,9,-1,6,2,27,6,1598,2,10,VOLKSWAGEN GOLF,8,E01029775,0,3
2024131494556,2024,131494556,2,9,0,-1,19,7,3,-1,0,0,0,0,0,0,1,1,-1,6,2,31,6,1968,2,10,VOLKSWAGEN GOLF,1,E01012631,0,4
2024131400420,2024,131400420,1,9,0,-1,19,6,2,-1,0,8,0,0,0,0,1,1,-1,7,2,40,7,1968,2,10,VOLKSWAGEN GOLF,1,E01011163,0,1
2024430265257,2024,430265257,2,9,0,3,3,4,8,0,0,1,0,0,0,0,1,1,6,6,1,-1,-1,1498,8,0,VOLKSWAGEN GOLF,8,E01028547,0,1
2024031491809,2024,031491809,1,9,0,-1,9,2,1,-1,0,6,0,0,0,0,1,1,-1,9,1,52,8,1395,1,7,VOLKSWAGEN GOLF,-1,-1,0,-1
2024471477361,2024,471477361,1,9,0,-1,9,3,1,-1,0,1,0,0,0,0,1,9,-1,6,2,56,9,1896,2,17,VOLKSWAGEN GOLF,3,E01033328,0,1
2024041407326,2024,041407326,1,9,0,-1,4,7,3,-1,0,1,0,0,0,0,1,1,-1,7,2,35,6,1598,2,12,VOLKSWAGEN GOLF,5,E01012645,0,1
2024451462017,2024,451462017,1,9,0,-1,19,5,1,-1,0,0,5,10,8,0,1,1,-1,9,2,45,7,1984,1,8,VOLKSWAGEN GOLF,10,E01030522,0,1
2024010551596,2024,010551596,2,9,0,18,19,7,3,0,0,1,0,0,0,0,1,1,6,6,1,47,8,1390,1,18,VOLKSWAGEN GOLF,-1,-1,0,-1
2024430430741,2024,430430741,2,9,0,8,8,5,7,0,0,4,0,0,0,0,2,1,6,6,2,44,7,1390,1,15,VOLKSWAGEN GOLF,10,E01035756,0,2
2024211505426,2024,211505426,1,9,0,-1,2,3,7,-1,0,1,0,0,0,0,4,1,-1,6,1,33,6,1598,2,9,VOLKSWAGEN GOLF,-1,-1,0,-1
2024131467370,2024,131467370,1,9,0,-1,19,4,8,-1,0,0,0,0,0,0,1,1,-1,6,1,21,5,1968,2,10,VOLKSWAGEN GOLF,1,E01010808,0,1
2024041459533,2024,041459533,1,9,0,-1,19,1,5,-1,0,0,0,4,7,0,1,1,-1,2,2,24,5,1598,2,6,VOLKSWAGEN GOLF,2,E01005470,0,2
2024131452972,2024,131452972,1,9,0,-1,11,5,8,-1,0,0,0,0,0,0,4,1,-1,6,1,-1,-1,1600,2,14,VOLKSWAGEN GOLF,-1,-1,0,-1
2024430627869,2024,430627869,1,9,0,18,19,5,2,0,0,3,0,0,0,0,1,1,6,6,3,-1,-1,1896,2,19,VOLKSWAGEN GOLF,-1,-1,0,-1
2024451419592,2024,451419592,4,9,0,-1,19,6,6,-1,0,0,0,0,0,0,1,1,-1,9,1,51,8,1984,1,23,VOLKSWAGEN GOLF,9,E01030830,0,2
2024010497968,2024,010497968,2,9,0,9,9,7,5,0,0,5,0,0,0,0,1,1,6,6,2,53,8,1781,1,23,VOLKSWAGEN GOLF,3,E01001421,0,2
2024041510887,2024,041510887,2,9,0,-1,19,5,1,-1,0,0,0,0,0,0,2,1,-1,2,2,53,8,1498,8,2,VOLKSWAGEN GOLF,2,E01025051,0,1
2024071000215,2024,071000215,1,9,0,-1,19,7,3,-1,0,0,0,0,0,0,1,1,-1,2,2,26,6,1896,2,17,VOLKSWAGEN GOLF,2,E01012370,0,3
2024411495728,2024,411495728,2,9,0,-1,19,1,5,-1,0,0,0,0,0,0,1,1,-1,2,1,26,6,1598,2,9,VOLKSWAGEN GOLF,5,E01015717,0,4
2024401492756,2024,401492756,2,9,0,-1,19,1,5,-1,0,0,0,0,0,0,3,9,-1,2,2,19,4,1498,1,0,VOLKSWAGEN GOLF,7,E01017593,0,3
2024010527296,2024,010527296,2,9,0,99,99,9,9,99,99,9,9,99,9,99,1,9,6,6,1,-1,-1,1390,1,15,VOLKSWAGEN GOLF,-1,-1,0,-1
2024010547787,2024,010547787,1,9,0,18,19,7,3,0,0,0,1,4,0,0,1,1,6,6,1,17,4,1390,1,15,VOLKSWAGEN GOLF,4,E01001481,0,1
2024545170324,2024,545170324,1,9,0,18,19,0,0,0,0,0,5,0,0,0,1,1,6,6,2,30,6,1968,2,14,VOLKSWAGEN GOLF,10,E01031927,0,1
2024302400950,2024,302400950,2,9,0,17,19,8,6,0,0,2,0,0,0,0,1,1,6,6,1,45,7,1896,2,22,VOLKSWAGEN GOLF,8,E01019874,0,1
2024351504879,2024,351504879,1,9,0,-1,9,5,3,-1,0,2,0,0,0,0,0,1,-1,9,2,72,10,1968,2,16,VOLKSWAGEN GOLF,10,E01018265,0,3
2024501395915,2024,501395915,2,9,0,-1,19,2,6,-1,0,0,0,0,0,0,1,1,-1,6,1,56,9,1968,2,6,VOLKSWAGEN GOLF,3,E01018759,0,1
2024201477569,2024,201477569,2,9,0,-1,19,3,7,-1,0,0,0,0,0,0,1,1,-1,6,1,24,5,1395,1,10,VOLKSWAGEN GOLF,-1,-1,0,-1
2024061534114,2024,061534114,2,9,0,-1,19,2,6,-1,0,2,0,0,0,0,2,1,-1,9,1,21,5,1390,1,15,VOLKSWAGEN GOLF,2,E01033686,0,1
2024010500817,2024,010500817,1,9,0,7,7,1,2,0,0,2,0,0,1,5,1,1,6,6,2,78,11,-1,3,5,VOLKSWAGEN GOLF,8,E01001523,0,1
2024991417383,2024,991417383,2,9,0,-1,19,3,7,-1,0,8,0,0,0,0,1,1,-1,6,2,39,7,1498,1,2,VOLKSWAGEN GOLF,-1,-1,0,-1
2024101531528,2024,101531528,3,9,0,-1,19,1,5,-1,0,0,0,0,0,0,2,1,-1,1,2,25,5,1598,2,12,VOLKSWAGEN GOLF,10,E01027357,0,2
2024010534081,2024,010534081,1,9,0,99,99,9,9,99,99,9,9,99,9,99,9,9,6,6,1,24,5,1390,1,17,VOLKSWAGEN GOLF,2,E01000533,0,1
2024421512457,2024,421512457,1,9,0,-1,19,1,5,-1,0,1,0,0,0,0,1,1,-1,6,3,-1,-1,1390,1,17,VOLKSWAGEN GOLF,-1,-1,0,-1
2024010535459,2024,010535459,1,9,0,7,7,2,5,0,0,8,1,0,0,0,4,1,6,6,1,30,6,1197,1,10,VOLKSWAGEN GOLF,4,E01002402,0,1
2024471488443,2024,471488443,2,9,9,-1,19,5,1,-1,0,1,0,0,0,0,1,1,-1,6,1,22,5,1395,1,7,VOLKSWAGEN GOLF,4,E01031785,0,1
2024302400862,2024,302400862,1,9,0,17,19,4,8,0,0,4,0,0,0,0,3,1,6,6,1,53,8,1900,2,18,VOLKSWAGEN GOLF,6,E01019651,0,3
2024061518712,2024,061518712,1,9,0,-1,19,3,7,-1,0,1,0,0,0,0,1,9,-1,6,3,-1,-1,1896,2,17,VOLKSWAGEN GOLF,-1,-1,0,-1
2024461420578,2024,461420578,3,9,0,-1,19,7,3,-1,0,0,0,0,0,0,2,9,-1,6,2,-1,-1,1498,8,0,VOLKSWAGEN GOLF,10,E01024467,0,4
2024440433837,2024,440433837,1,9,0,18,19,7,3,0,0,6,0,0,0,0,3,1,6,6,1,87,11,1600,1,24,VOLKSWAGEN GOLF,6,E01022561,0,1
2024610035424,2024,610035424,2,9,0,1,1,2,6,0,0,0,0,0,0,0,2,1,6,6,1,82,11,1395,1,11,VOLKSWAGEN GOLF,7,W01001372,0,3
2024052402200,2024,052402200,1,9,0,7,7,5,7,0,0,1,0,0,0,0,3,1,6,6,2,43,7,1598,2,7,VOLKSWAGEN GOLF,3,E01006890,0,1
2024131463736,2024,131463736,1,9,0,-1,12,7,3,-1,0,0,1,10,4,2,1,1,-1,2,1,58,9,1498,1,0,VOLKSWAGEN GOLF,10,E01011576,0,2
2024101462724,2024,101462724,2,9,0,-1,9,7,5,-1,0,8,1,0,0,0,1,1,-1,6,1,18,4,1900,2,19,VOLKSWAGEN GOLF,4,E01008404,0,2
2024471495829,2024,471495829,2,9,0,-1,19,-1,-1,-1,0,0,0,0,1,0,1,1,-1,6,1,35,6,1598,1,18,VOLKSWAGEN GOLF,4,E01017071,0,4
2024131410317,2024,131410317,2,9,0,-1,19,3,5,-1,0,0,0,0,0,0,1,1,-1,9,1,38,7,1968,2,16,VOLKSWAGEN GOLF,1,E01011349,0,3
2024061465344,2024,061465344,2,9,0,-1,19,1,1,-1,0,0,0,0,0,0,0,1,-1,6,-1,31,6,999,1,8,VOLKSWAGEN GOLF,-1,-1,0,-1
2024041503433,2024,041503433,2,9,0,-1,19,4,8,-1,0,1,0,4,0,0,3,1,-1,9,1,68,10,1498,1,4,VOLKSWAGEN GOLF,8,E01025564,0,1
2024010544796,2024,010544796,2,9,0,99,99,9,9,99,99,9,9,99,9,99,1,9,6,6,3,-1,-1,1498,1,4,VOLKSWAGEN GOLF,5,E01002128,0,2