collision_index,collision_year,collision_ref_no,vehicle_reference,vehicle_type,towing_and_articulation,vehicle_manoeuvre_historic,vehicle_manoeuvre,vehicle_direction_from,vehicle_direction_to,vehicle_location_restricted_lane_historic,vehicle_location_restricted_lane,junction_location,skidding_and_overturning,hit_object_in_carriageway,vehicle_leaving_carriageway,hit_object_off_carriageway,first_point_of_impact,vehicle_left_hand_drive,journey_purpose_of_driver_historic,journey_purpose_of_driver,sex_of_driver,age_of_driver,age_band_of_driver,engine_capacity_cc,propulsion_code,age_of_vehicle,generic_make_model,driver_imd_decile,lsoa_of_driver,escooter_flag,driver_distance_banding
2024351526673,2024,351526673,1,9,0,-1,9,2,6,-1,0,6,0,0,0,0,2,1,-1,8,2,35,6,1598,2,15,VOLKSWAGEN GOLF,1,E01015607,0,1
2024221443003,2024,221443003,2,9,0,-1,19,8,4,-1,0,3,0,0,0,0,4,9,-1,6,1,28,6,1984,1,8,VOLKSWAGEN GOLF,4,E01014128,0,1
2024522403210,2024,522403210,2,9,0,18,19,6,4,0,0,8,0,0,0,0,1,1,6,6,1,19,4,1197,1,12,VOLKSWAGEN GOLF,7,E01032669,0,1
2024622400262,2024,622400262,1,9,0,18,19,4,8,0,0,8,0,0,0,0,1,1,6,6,1,60,9,1968,2,13,VOLKSWAGEN GOLF,4,W01001833,0,1
2024501491806,2024,501491806,1,9,0,-1,19,2,6,-1,0,0,1,7,7,9,1,1,-1,9,1,20,4,1896,2,16,VOLKSWAGEN GOLF,4,E01020325,0,2
2024010528566,2024,010528566,1,9,0,3,3,3,7,0,0,1,0,0,0,0,1,1,6,6,1,73,10,1395,1,9,VOLKSWAGEN GOLF,5,E01002169,0,1
202454D887324,2024,54D887324,2,9,0,18,19,1,5,0,0,1,0,0,0,0,1,1,6,6,1,42,7,1598,2,7,VOLKSWAGEN GOLF,8,E01015534,0,1
2024070416818,2024,070416818,4,9,0,18,19,7,3,0,0,0,0,0,0,0,1,1,6,6,2,-1,-1,1598,2,7,VOLKSWAGEN GOLF,8,E01018567,0,3
2024451457331,2024,451457331,1,9,0,-1,19,7,3,-1,5,2,0,0,0,0,1,1,-1,9,1,23,5,1498,8,3,VOLKSWAGEN GOLF,7,E01030420,0,3
2024332400200,2024,332400200,2,9,0,-1,9,1,7,-1,0,5,0,0,0,0,1,1,-1,9,2,40,7,1395,8,1,VOLKSWAGEN GOLF,7,E01025937,0,4
2024991439172,2024,991439172,1,9,0,-1,19,5,1,-1,0,0,1,0,1,0,4,1,-1,6,1,20,4,1968,2,17,VOLKSWAGEN GOLF,-1,-1,0,-1
2024211520373,2024,211520373,2,9,0,-1,-1,-1,-1,-1,-1,0,-1,-1,-1,0,-1,1,-1,6,2,36,7,1968,2,9,VOLKSWAGEN GOLF,-1,-1,0,-1
2024010534136,2024,010534136,2,9,0,9,9,1,6,8,6,1,0,0,0,0,1,1,6,6,2,38,7,1390,1,15,VOLKSWAGEN GOLF,6,E01004109,0,3
2024351429521,2024,351429521,1,9,0,-1,19,3,4,-1,0,0,0,0,7,0,1,1,-1,6,1,28,6,1968,2,2,VOLKSWAGEN GOLF,7,E01017376,0,4
2024421414406,2024,421414406,1,9,0,-1,19,5,1,-1,0,1,0,0,0,0,1,1,-1,6,1,68,10,1498,8,2,VOLKSWAGEN GOLF,4,E01022011,0,1
2024351526648,2024,351526648,4,9,0,-1,-1,0,0,-1,0,1,0,0,0,0,2,1,-1,6,-1,-1,-1,1598,1,17,VOLKSWAGEN GOLF,-1,-1,0,-1
2024501399011,2024,501399011,2,9,0,-1,7,6,8,-1,0,8,0,0,3,11,4,1,-1,6,1,73,10,1896,2,17,VOLKSWAGEN GOLF,10,E01019957,0,1
2024451529002,2024,451529002,2,9,0,-1,19,2,4,-1,0,1,0,0,0,0,1,1,-1,2,2,58,9,1498,8,0,VOLKSWAGEN GOLF,9,E01031622,0,4
2024101433520,2024,101433520,1,9,0,-1,3,8,4,-1,0,1,0,0,0,0,1,1,-1,6,2,56,9,1598,2,11,VOLKSWAGEN GOLF,4,E01008211,0,1
2024552400311,2024,552400311,1,9,0,9,9,6,4,0,0,5,0,0,0,0,4,1,6,6,1,26,6,1968,2,16,VOLKSWAGEN GOLF,-1,-1,0,-1
2024311472101,2024,311472101,2,9,0,-1,19,1,6,-1,0,1,0,0,0,0,1,1,-1,9,2,79,11,1896,2,22,VOLKSWAGEN GOLF,6,E01028289,0,1
2024451429269,2024,451429269,2,9,9,-1,99,4,8,-1,0,4,0,0,0,0,9,1,-1,6,1,35,6,1984,1,18,VOLKSWAGEN GOLF,-1,-1,0,-1
2024131499168,2024,131499168,1,9,0,-1,-1,-1,-1,-1,-1,-1,-1,-1,-1,-1,-1,1,-1,6,3,-1,-1,1984,1,7,VOLKSWAGEN GOLF,-1,-1,0,-1
2024332400038,2024,332400038,2,9,0,-1,5,3,7,-1,0,8,0,0,1,1,1,1,-1,9,1,55,8,1498,1,5,VOLKSWAGEN GOLF,10,E01028148,0,4
2024101497050,2024,101497050,1,9,0,-1,19,3,7,-1,0,0,0,0,0,0,1,1,-1,6,1,28,6,1498,8,0,VOLKSWAGEN GOLF,1,E01008389,0,1
2024010512426,2024,010512426,1,9,0,99,99,9,9,99,99,9,9,99,9,99,1,9,2,2,2,50,8,1598,2,5,VOLKSWAGEN GOLF,2,E01000931,0,2
2024320319663,2024,320319663,2,9,0,-1,-1,4,1,0,0,8,0,0,1,1,1,1,1,1,1,46,8,1598,2,13,VOLKSWAGEN GOLF,6,E01026284,0,3
2024411530782,2024,411530782,1,9,0,-1,-1,-1,-1,-1,-1,2,-1,-1,-1,0,-1,1,-1,6,1,30,6,1968,2,3,VOLKSWAGEN GOLF,-1,-1,0,-1
2024101456054,2024,101456054,1,9,0,-1,19,8,4,-1,0,0,0,0,0,0,1,1,-1,6,1,27,6,1968,2,14,VOLKSWAGEN GOLF,9,E01027482,0,4
2024371500080,2024,371500080,1,9,0,-1,19,6,2,-1,0,0,2,9,1,0,1,9,-1,6,3,35,6,1598,1,19,VOLKSWAGEN GOLF,-1,-1,0,-1
2024451506668,2024,451506668,1,9,0,-1,19,3,7,-1,0,0,1,0,1,0,1,1,-1,2,1,19,4,1984,1,7,VOLKSWAGEN GOLF,10,E01016228,0,3
2024041477546,2024,041477546,1,9,0,-1,19,4,8,-1,0,0,1,0,0,0,4,1,-1,9,1,33,6,1984,1,8,VOLKSWAGEN GOLF,8,E01024971,0,2
2024070945092,2024,070945092,2,9,0,-1,19,6,2,-1,0,1,0,0,1,11,3,1,-1,9,2,44,7,1498,8,2,VOLKSWAGEN GOLF,1,E01018740,0,3
2024010525921,2024,010525921,2,9,0,99,99,9,9,0,0,9,0,99,0,0,9,9,6,6,3,-1,-1,1390,1,16,VOLKSWAGEN GOLF,-1,-1,0,-1
2024501448744,2024,501448744,1,9,0,-1,19,5,1,-1,0,6,1,0,0,0,3,1,-1,6,1,19,4,1600,2,14,VOLKSWAGEN GOLF,4,E01018987,0,3
2024131458203,2024,131458203,1,9,0,-1,19,1,5,-1,9,8,0,10,1,10,1,1,-1,9,2,26,6,1968,2,8,VOLKSWAGEN GOLF,2,E01010740,0,1
2024440529084,2024,440529084,1,9,0,5,5,3,7,0,0,8,0,0,0,0,1,1,6,6,1,-1,-1,1598,2,11,VOLKSWAGEN GOLF,-1,-1,0,-1
2024131505363,2024,131505363,1,9,0,-1,9,2,6,-1,0,8,0,0,0,0,1,1,-1,1,2,22,5,1598,2,11,VOLKSWAGEN GOLF,1,E01010608,0,1
2024411507023,2024,411507023,1,9,-1,-1,-1,-1,-1,-1,-1,0,-1,-1,-1,0,-1,9,-1,6,3,-1,-1,1600,1,20,VOLKSWAGEN GOLF,-1,-1,0,-1
2024501476625,2024,501476625,1,9,0,-1,19,4,8,-1,0,1,0,0,0,0,4,1,-1,6,3,-1,-1,1968,2,16,VOLKSWAGEN GOLF,-1,-1,0,-1
2024061495003,2024,061495003,1,9,0,-1,7,8,2,-1,0,6,1,0,7,0,4,1,-1,6,2,52,8,1498,1,4,VOLKSWAGEN GOLF,1,E01005129,0,1
2024543944424,2024,543944424,1,9,0,18,19,2,6,0,0,0,0,11,1,11,1,1,6,6,2,35,6,1598,2,12,VOLKSWAGEN GOLF,2,E01032023,0,2
202417M108124,2024,17M108124,1,9,0,-1,10,1,7,-1,0,1,0,0,0,0,2,1,-1,9,1,43,7,1968,2,10,VOLKSWAGEN GOLF,-1,-1,0,-1
2024471468877,2024,471468877,3,9,0,-1,19,3,7,-1,0,0,0,0,0,0,2,1,-1,6,2,37,7,1600,1,20,VOLKSWAGEN GOLF,8,E01021075,0,1
2024311412245,2024,311412245,1,9,0,-1,19,8,5,-1,0,0,0,0,0,0,1,1,-1,9,1,23,5,2000,1,19,VOLKSWAGEN GOLF,1,E01027965,0,1
2024010502617,2024,010502617,2,9,0,18,19,1,5,0,0,1,0,0,1,10,1,1,6,6,2,24,5,999,1,2,VOLKSWAGEN GOLF,2,E01004424,0,1
2024141429798,2024,141429798,1,9,0,-1,19,6,2,-1,0,8,5,10,7,11,4,1,-1,9,1,24,5,1598,2,14,VOLKSWAGEN GOLF,2,E01007855,0,1
2024451511189,2024,451511189,1,9,0,-1,9,8,6,-1,0,5,0,0,0,0,3,1,-1,9,1,72,10,1498,1,0,VOLKSWAGEN GOLF,10,E01030906,0,1
202454D514124,2024,54D514124,2,9,0,9,9,5,1,0,0,1,0,0,0,0,3,1,6,6,1,36,7,1896,2,16,VOLKSWAGEN GOLF,7,E01032121,0,1
2024010548171,2024,010548171,3,9,0,18,19,7,3,0,0,1,5,7,0,0,1,1,6,6,1,18,4,1984,1,10,VOLKSWAGEN GOLF,2,E01000040,0,3
2024131422516,2024,131422516,2,9,0,-1,19,3,7,-1,0,2,0,0,0,0,1,1,-1,6,2,35,6,1598,2,9,VOLKSWAGEN GOLF,1,E01011746,0,2
2024141405918,2024,141405918,1,9,0,-1,5,5,1,-1,0,0,0,0,0,0,2,1,-1,9,2,53,8,1968,2,11,VOLKSWAGEN GOLF,1,E01012834,0,4
2024421461659,2024,421461659,2,9,0,-1,19,5,1,-1,0,2,0,0,0,0,4,1,-1,9,1,20,4,1968,2,6,VOLKSWAGEN GOLF,9,E01022074,0,1
2024411407512,2024,411407512,1,9,0,-1,19,5,1,-1,0,0,1,0,2,11,1,2,-1,9,1,24,5,2000,1,18,VOLKSWAGEN GOLF,3,E01033914,0,3
2024070821933,2024,070821933,1,9,0,-1,19,3,7,-1,0,2,0,0,0,0,1,1,-1,6,1,74,10,1598,2,10,VOLKSWAGEN GOLF,8,E01012551,0,1
2024411464870,2024,411464870,2,9,0,-1,19,1,5,-1,0,1,0,0,0,0,1,1,-1,6,2,65,9,1598,2,10,VOLKSWAGEN GOLF,9,E01012998,0,5
2024991453086,2024,991453086,1,9,0,-1,19,3,7,-1,0,0,0,0,0,0,4,1,-1,6,1,51,8,1968,2,8,VOLKSWAGEN GOLF,-1,-1,0,-1
2024221519534,2024,221519534,2,9,0,-1,19,1,5,-1,0,0,0,0,0,0,4,2,-1,6,2,41,7,1598,2,6,VOLKSWAGEN GOLF,4,E01032322,0,1
202460Q033026,2024,60Q033026,2,9,0,5,5,3,7,0,0,8,0,0,0,0,1,1,6,6,2,43,7,1598,2,11,VOLKSWAGEN GOLF,-1,-1,0,-1
2024302401107,2024,302401107,2,9,0,3,3,6,2,0,0,1,0,0,0,0,2,1,1,1,2,54,8,1598,2,11,VOLKSWAGEN GOLF,6,E01019701,0,3
2024111507351,2024,111507351,1,9,0,-1,9,5,3,-1,0,6,0,0,0,0,1,1,-1,6,1,53,8,1598,2,8,VOLKSWAGEN GOLF,6,E01012334,0,1
2024361437338,2024,361437338,2,9,0,-1,19,5,1,-1,0,8,0,0,0,0,1,1,-1,9,1,22,5,1968,2,16,VOLKSWAGEN GOLF,6,E01034770,0,2
2024522402519,2024,522402519,2,9,0,5,5,6,2,0,0,6,0,0,0,0,1,1,6,6,2,45,7,999,1,0,VOLKSWAGEN GOLF,1,E01033369,0,1
2024371479913,2024,371479913,1,9,0,-1,19,5,1,-1,0,4,0,0,0,0,1,1,-1,6,2,35,6,1395,1,10,VOLKSWAGEN GOLF,7,E01030003,0,1
2024041477938,2024,041477938,1,9,0,-1,5,1,5,-1,0,8,0,0,0,0,1,1,-1,9,1,91,11,1395,1,10,VOLKSWAGEN GOLF,6,E01025500,0,1
2024201460700,2024,201460700,2,9,0,-1,19,5,1,-1,0,0,0,0,0,0,3,1,-1,1,1,41,7,1984,1,5,VOLKSWAGEN GOLF,2,E01009809,0,1
2024010528191,2024,010528191,1,9,0,17,19,3,7,0,0,0,1,10,0,0,1,1,6,6,1,23,5,1984,1,7,VOLKSWAGEN GOLF,5,E01003666,0,2
2024131398044,2024,131398044,1,9,0,-1,19,3,7,-1,0,2,0,0,0,0,1,1,-1,9,2,22,5,1390,1,17,VOLKSWAGEN GOLF,9,E01018601,0,4
2024010549575,2024,010549575,2,9,0,-1,-1,1,5,0,0,2,0,0,0,0,2,1,6,6,1,29,6,1395,8,7,VOLKSWAGEN GOLF,2,E01003092,0,1
2024471442337,2024,471442337,1,9,0,-1,5,2,5,-1,0,4,0,0,0,0,1,1,-1,9,1,33,6,1896,2,18,VOLKSWAGEN GOLF,8,E01032835,0,1
2024471417697,2024,471417697,3,9,0,-1,2,0,0,-1,0,0,0,4,0,0,1,1,-1,6,-1,-1,-1,1390,1,17,VOLKSWAGEN GOLF,-1,-1,0,-1
2024010541618,2024,010541618,2,9,0,99,99,9,9,99,99,9,9,99,9,99,9,9,6,6,3,-1,-1,1390,1,14,VOLKSWAGEN GOLF,-1,-1,0,-1
2024201409163,2024,201409163,1,9,0,-1,19,2,6,-1,0,0,0,0,0,0,1,1,-1,6,1,20,4,1598,2,11,VOLKSWAGEN GOLF,2,E01029824,0,4
2024010538921,2024,010538921,2,9,0,99,99,9,9,99,99,0,9,99,9,99,9,9,6,6,1,22,5,1600,1,19,VOLKSWAGEN GOLF,4,E01003448,0,1
2024131395433,2024,131395433,2,9,0,-1,-1,-1,-1,-1,-1,2,-1,-1,-1,0,-1,1,-1,6,3,-1,-1,1968,2,17,VOLKSWAGEN GOLF,-1,-1,0,-1
2024411428345,2024,411428345,2,9,0,-1,19,1,5,-1,0,0,0,0,0,0,1,1,-1,6,1,27,6,1968,2,17,VOLKSWAGEN GOLF,6,E01023598,0,1
2024231460445,2024,231460445,1,9,0,-1,19,4,8,-1,0,8,0,0,0,0,1,1,-1,2,1,24,5,1968,2,11,VOLKSWAGEN GOLF,8,E01031236,0,1
2024461463012,2024,461463012,1,9,0,-1,19,3,7,-1,0,1,0,0,0,0,1,1,-1,6,2,27,6,1984,1,10,VOLKSWAGEN GOLF,8,E01024344,0,1
2024052400404,2024,052400404,1,9,0,17,19,6,2,0,0,0,0,10,0,0,1,1,6,6,1,23,5,1498,1,4,VOLKSWAGEN GOLF,1,E01006600,0,2
2024131494347,2024,131494347,1,9,0,-1,4,3,7,-1,0,1,0,0,0,0,1,1,-1,9,2,18,4,1598,2,13,VOLKSWAGEN GOLF,1,E01011029,0,2
2024221437483,2024,221437483,1,9,0,-1,19,1,4,-1,0,0,0,0,0,0,1,1,-1,6,1,24,5,1984,1,6,VOLKSWAGEN GOLF,2,E01032368,0,2
202417S112724,2024,17S112724,2,9,0,-1,19,2,6,-1,0,8,0,0,0,0,1,1,-1,9,1,37,7,1600,2,14,VOLKSWAGEN GOLF,1,E01035200,0,1
2024010544148,2024,010544148,2,9,0,18,19,1,5,0,0,6,1,0,0,0,1,1,6,6,1,23,5,1968,2,17,VOLKSWAGEN GOLF,-1,-1,0,-1
2024041455034,2024,041455034,2,9,0,-1,19,3,7,-1,0,1,0,0,0,0,1,1,-1,6,2,62,9,1598,2,8,VOLKSWAGEN GOLF,9,E01025477,0,1
2024141474049,2024,141474049,1,9,0,-1,7,8,4,-1,0,1,0,0,0,0,1,1,-1,9,1,21,5,1598,2,10,VOLKSWAGEN GOLF,6,E01007829,0,1
2024041474045,2024,041474045,3,9,0,-1,19,7,3,-1,0,0,0,0,0,0,1,1,-1,9,2,27,6,999,1,5,VOLKSWAGEN GOLF,4,E01025431,0,1
2024231521938,2024,231521938,2,9,0,-1,19,6,2,-1,0,0,0,0,1,0,0,9,-1,9,2,30,6,1968,2,5,VOLKSWAGEN GOLF,2,E01029824,0,3
2024201509436,2024,201509436,1,9,0,-1,7,2,4,-1,0,5,0,7,0,0,4,1,-1,9,1,30,6,1390,1,15,VOLKSWAGEN GOLF,7,E01031099,0,1
2024311490969,2024,311490969,1,9,0,-1,19,1,4,-1,0,0,0,0,0,0,1,9,-1,6,3,-1,-1,1896,2,22,VOLKSWAGEN GOLF,-1,-1,0,-1
2024340WN9072,2024,340WN9072,1,9,0,-1,19,1,5,-1,0,1,0,0,0,0,1,1,-1,9,1,19,4,1984,1,6,VOLKSWAGEN GOLF,10,E01025773,0,4
2024311475229,2024,311475229,1,9,0,-1,19,2,6,-1,0,6,0,0,0,0,4,1,-1,9,2,39,7,1968,2,9,VOLKSWAGEN GOLF,4,E01013929,0,1
2024501445509,2024,501445509,1,9,0,-1,19,7,3,-1,0,0,5,0,8,10,3,1,-1,9,1,31,6,1984,1,9,VOLKSWAGEN GOLF,8,E01015111,0,3
2024520402721,2024,520402721,2,9,0,9,9,2,8,0,0,8,0,0,0,0,4,1,6,6,1,19,4,1598,2,10,VOLKSWAGEN GOLF,7,E01029147,0,3
2024122400382,2024,122400382,1,9,0,18,19,3,7,0,0,0,0,0,1,9,1,1,2,2,1,32,6,1498,1,4,VOLKSWAGEN GOLF,5,E01013003,0,5
2024991473363,2024,991473363,4,9,0,-1,19,3,7,-1,0,1,1,0,0,0,1,1,-1,6,1,60,9,1598,2,9,VOLKSWAGEN GOLF,6,-1,0,3
2024340WN1012,2024,340WN1012,1,9,0,-1,19,1,5,-1,0,0,0,0,1,10,1,1,-1,9,1,18,4,1390,1,13,VOLKSWAGEN GOLF,5,E01027133,0,1
2024201454662,2024,201454662,1,9,0,-1,1,6,2,-1,9,6,0,0,0,0,2,1,-1,6,1,46,8,1968,2,0,VOLKSWAGEN GOLF,1,E01034933,0,2
2024201484977,2024,201484977,1,9,0,-1,19,1,4,-1,0,0,0,0,0,0,1,1,-1,6,1,-1,-1,1984,1,17,VOLKSWAGEN GOLF,1,E01034923,0,3
2024991457332,2024,991457332,2,9,0,-1,11,4,7,-1,0,1,0,0,0,0,1,1,-1,6,2,30,6,1984,1,6,VOLKSWAGEN GOLF,9,-1,0,2
2024501510024,2024,501510024,1,9,0,-1,19,2,6,-1,0,0,0,0,0,0,1,1,-1,9,2,38,7,1498,8,4,VOLKSWAGEN GOLF,5,E01018972,0,1
2024430172736,2024,430172736,2,9,0,18,19,4,8,0,0,0,0,0,0,0,2,1,6,6,1,23,5,1968,2,1,VOLKSWAGEN GOLF,10,E01016653,0,4
2024501416117,2024,501416117,2,9,0,-1,7,2,4,-1,0,0,0,0,0,0,1,9,-1,1,2,20,4,1598,2,14,VOLKSWAGEN GOLF,5,E01020157,0,3
2024461533323,2024,461533323,3,9,0,-1,4,5,1,-1,0,0,0,4,0,0,2,1,-1,2,1,78,11,1598,2,13,VOLKSWAGEN GOLF,6,E01024783,0,1
2024411454798,2024,411454798,3,9,-1,-1,-1,-1,-1,-1,-1,0,-1,-1,-1,0,-1,9,-1,6,3,-1,-1,1390,1,17,VOLKSWAGEN GOLF,-1,-1,0,-1
2024221459367,2024,221459367,2,9,0,-1,19,4,8,-1,0,0,0,0,0,0,3,1,-1,6,1,20,4,1390,1,16,VOLKSWAGEN GOLF,3,E01008890,0,3
2024361512681,2024,361512681,2,9,0,-1,19,4,8,-1,0,0,0,0,0,0,2,1,-1,6,1,65,9,1498,1,6,VOLKSWAGEN GOLF,3,E01026602,0,4
2024302400464,2024,302400464,1,9,0,18,19,1,3,0,0,2,5,4,0,0,1,1,6,6,1,40,7,1600,2,14,VOLKSWAGEN GOLF,1,E01013481,0,1
2024451539657,2024,451539657,3,9,0,-1,19,3,7,-1,0,0,0,0,1,0,1,1,-1,9,1,32,6,1896,2,23,VOLKSWAGEN GOLF,6,E01017810,0,4
2024421438847,2024,421438847,2,9,0,-1,3,7,3,-1,0,0,0,0,0,0,2,1,-1,9,2,56,9,1968,2,13,VOLKSWAGEN GOLF,1,E01021696,0,1
2024041410877,2024,041410877,1,9,0,-1,19,3,7,-1,0,1,0,0,0,0,1,1,-1,6,1,42,7,1896,2,16,VOLKSWAGEN GOLF,1,E01025117,0,1
2024351491101,2024,351491101,2,9,0,-1,5,5,1,-1,0,4,0,0,0,0,1,1,-1,6,2,29,6,1600,1,20,VOLKSWAGEN GOLF,9,E01035516,0,3
2024361445014,2024,361445014,2,9,-1,-1,-1,-1,-1,-1,-1,0,-1,-1,-1,0,-1,9,-1,7,2,35,6,1968,2,15,VOLKSWAGEN GOLF,8,E01026913,0,1
2024501527264,2024,501527264,1,9,0,-1,19,5,1,-1,0,0,5,0,0,0,1,2,-1,9,1,46,8,2000,1,15,VOLKSWAGEN GOLF,5,E01020324,0,2
2024141436418,2024,141436418,2,9,0,-1,2,0,0,-1,0,0,0,0,0,0,4,1,-1,6,2,41,7,1598,2,8,VOLKSWAGEN GOLF,4,E01007746,0,1
2024440504267,2024,440504267,1,9,0,18,19,3,7,0,0,8,0,0,0,0,1,1,6,6,1,31,6,1395,1,8,VOLKSWAGEN GOLF,9,E01022674,0,1
2024201445015,2024,201445015,1,9,0,-1,1,1,5,-1,0,0,5,4,0,0,2,9,-1,9,2,29,6,1395,1,7,VOLKSWAGEN GOLF,1,E01009505,0,1
2024440522521,2024,440522521,1,9,0,18,19,3,7,0,0,0,0,0,0,0,1,1,6,6,1,18,4,999,1,4,VOLKSWAGEN GOLF,5,E01017085,0,1
2024311456270,2024,311456270,1,9,0,-1,19,6,4,-1,0,0,1,10,3,11,4,1,-1,9,1,31,6,1968,2,13,VOLKSWAGEN GOLF,1,E01026129,0,3
2024201499501,2024,201499501,3,9,0,-1,19,7,4,-1,0,0,0,0,0,0,4,1,-1,6,1,31,6,1900,2,18,VOLKSWAGEN GOLF,2,E01010264,0,1
2024461411419,2024,461411419,1,9,0,-1,19,3,7,-1,0,0,0,0,0,0,1,9,-1,6,1,51,8,1968,2,4,VOLKSWAGEN GOLF,9,E01024159,0,3
2024371548747,2024,371548747,1,9,0,-1,9,3,1,-1,0,1,0,0,0,0,1,1,-1,6,1,82,11,1498,1,6,VOLKSWAGEN GOLF,6,E01030154,0,1
2024371408876,2024,371408876,1,9,0,-1,19,7,3,-1,0,0,0,0,0,0,1,1,-1,1,2,35,6,1968,2,17,VOLKSWAGEN GOLF,2,E01029988,0,2
2024041453435,2024,041453435,2,9,0,-1,19,1,5,-1,0,8,0,0,0,0,1,1,-1,2,1,25,5,1968,2,7,VOLKSWAGEN GOLF,1,E01024856,0,1
2024430306062,2024,430306062,2,9,0,4,4,5,1,0,0,1,0,0,0,0,2,1,6,6,1,68,10,1395,1,8,VOLKSWAGEN GOLF,6,E01028575,0,1
2024311504953,2024,311504953,3,9,0,-1,4,5,1,-1,0,3,0,0,0,0,2,1,-1,6,1,38,7,1598,2,13,VOLKSWAGEN GOLF,-1,-1,0,-1
2024411503476,2024,411503476,1,9,0,-1,7,1,5,-1,0,1,0,0,0,0,1,1,-1,6,1,38,7,1984,1,7,VOLKSWAGEN GOLF,10,E01023878,0,1
2024340NN1362,2024,340NN1362,1,9,0,-1,9,1,7,-1,0,6,0,0,0,0,0,1,-1,6,2,24,5,1390,1,18,VOLKSWAGEN GOLF,6,E01027326,0,1
2024010548897,2024,010548897,4,9,0,4,4,1,5,0,0,0,0,0,0,0,1,1,6,6,1,33,6,1390,1,18,VOLKSWAGEN GOLF,-1,-1,0,-1
2024010512551,2024,010512551,2,9,0,99,99,9,9,99,99,9,9,99,9,99,9,9,6,6,3,-1,-1,1395,1,7,VOLKSWAGEN GOLF,-1,-1,0,-1
2024371482591,2024,371482591,1,9,0,-1,9,1,7,-1,0,8,0,0,0,0,4,1,-1,9,2,53,8,1968,2,9,VOLKSWAGEN GOLF,2,E01033122,0,1
2024131458770,2024,131458770,1,9,0,-1,11,3,7,-1,0,0,0,0,0,0,4,1,-1,6,3,-1,-1,1968,2,16,VOLKSWAGEN GOLF,-1,-1,0,-1
2024361413840,2024,361413840,2,9,0,-1,19,5,1,-1,0,1,0,0,0,0,1,1,-1,6,2,36,7,1968,2,7,VOLKSWAGEN GOLF,6,E01026760,0,2
2024131494556,2024,131494556,1,9,0,-1,-1,-1,-1,-1,-1,0,-1,-1,-1,-1,-1,1,-1,6,3,-1,-1,1968,2,3,VOLKSWAGEN GOLF,-1,-1,0,-1
2024471440278,2024,471440278,1,9,0,-1,19,7,3,-1,0,1,0,0,0,0,1,1,-1,6,1,-1,-1,1498,1,3,VOLKSWAGEN GOLF,9,E01031593,0,1
2024351540860,2024,351540860,1,9,0,-1,19,3,7,-1,0,4,0,0,0,0,4,1,-1,6,2,54,8,1598,2,4,VOLKSWAGEN GOLF,3,E01015618,0,1
2024421406201,2024,421406201,1,9,0,-1,19,3,7,-1,0,8,0,0,0,0,1,1,-1,9,1,37,7,2792,1,22,VOLKSWAGEN GOLF,1,E01022045,0,3
2024211520003,2024,211520003,1,9,0,-1,7,5,1,-1,0,0,1,0,0,0,4,1,-1,6,1,19,4,1390,1,15,VOLKSWAGEN GOLF,4,E01013458,0,4
2024010511467,2024,010511467,1,9,0,18,19,7,3,0,0,1,0,0,0,0,1,1,1,1,1,67,10,1498,1,4,VOLKSWAGEN GOLF,6,E01002844,0,1
2024361426795,2024,361426795,1,9,0,-1,19,3,7,-1,0,0,0,0,0,0,1,9,-1,6,1,20,4,1598,2,12,VOLKSWAGEN GOLF,5,E01030066,0,4
2024061487190,2024,061487190,1,9,0,-1,19,2,6,-1,0,1,0,0,0,0,1,9,-1,6,1,-1,-1,1598,2,11,VOLKSWAGEN GOLF,-1,-1,0,-1
2024421485710,2024,421485710,1,9,0,-1,5,5,1,-1,0,8,0,0,0,0,4,1,-1,6,1,31,6,1197,1,8,VOLKSWAGEN GOLF,4,E01021774,0,1
2024131447273,2024,131447273,1,9,0,-1,9,5,1,-1,0,1,0,11,0,0,1,1,-1,6,1,27,6,1598,2,11,VOLKSWAGEN GOLF,-1,-1,0,-1
2024610028524,2024,610028524,1,9,0,18,19,6,2,0,0,1,0,0,0,0,3,1,6,6,1,29,6,1896,2,21,VOLKSWAGEN GOLF,9,W01001555,0,3
2024332400162,2024,332400162,1,9,0,-1,3,5,1,-1,0,1,0,0,0,0,2,1,-1,6,1,21,5,1968,2,8,VOLKSWAGEN GOLF,8,E01025622,0,2
2024010528162,2024,010528162,1,9,0,4,4,3,7,0,0,3,0,0,0,0,2,1,6,6,1,30,6,1984,1,7,VOLKSWAGEN GOLF,5,E01016158,0,4
2024052401714,2024,052401714,3,9,0,3,3,2,6,0,0,0,0,0,0,0,2,1,6,6,2,22,5,1498,8,3,VOLKSWAGEN GOLF,7,E01007245,0,2
2024430066835,2024,430066835,3,9,0,4,4,7,3,0,0,0,0,0,0,0,1,1,6,6,2,22,5,1896,2,15,VOLKSWAGEN GOLF,10,E01022367,0,4
2024471520647,2024,471520647,1,9,0,-1,19,5,1,-1,0,8,0,0,0,0,1,1,-1,2,1,33,6,1598,2,12,VOLKSWAGEN GOLF,8,E01030582,0,2
2024411516237,2024,411516237,2,9,0,-1,19,5,1,-1,0,1,1,11,7,11,1,1,-1,9,2,47,8,1896,2,15,VOLKSWAGEN GOLF,9,E01023318,0,1
2024010500082,2024,010500082,2,9,0,99,99,9,9,99,99,0,9,99,9,99,1,9,6,6,3,-1,-1,1389,1,12,VOLKSWAGEN GOLF,-1,-1,0,-1
2024010509957,2024,010509957,1,9,0,99,99,9,9,99,99,0,9,99,9,99,1,9,6,6,1,19,4,1600,1,20,VOLKSWAGEN GOLF,3,E01003611,0,1
2024631477544,2024,631477544,1,9,0,-1,19,2,6,-1,9,0,1,0,7,11,4,1,-1,9,1,21,5,1896,2,20,VOLKSWAGEN GOLF,9,W01000665,0,4
2024041523797,2024,041523797,2,9,0,-1,19,6,2,-1,0,0,0,0,6,4,1,1,-1,9,1,57,9,1968,2,8,VOLKSWAGEN GOLF,2,E01025481,0,1