collision_index,collision_year,collision_ref_no,vehicle_reference,vehicle_type,towing_and_articulation,vehicle_manoeuvre_historic,vehicle_manoeuvre,vehicle_direction_from,vehicle_direction_to,vehicle_location_restricted_lane_historic,vehicle_location_restricted_lane,junction_location,skidding_and_overturning,hit_object_in_carriageway,vehicle_leaving_carriageway,hit_object_off_carriageway,first_point_of_impact,vehicle_left_hand_drive,journey_purpose_of_driver_historic,journey_purpose_of_driver,sex_of_driver,age_of_driver,age_band_of_driver,engine_capacity_cc,propulsion_code,age_of_vehicle,generic_make_model,driver_imd_decile,lsoa_of_driver,escooter_flag,driver_distance_banding
2024542244324,2024,542244324,1,9,0,18,19,1,5,0,0,0,0,0,0,0,1,1,6,6,3,-1,-1,1390,1,15,VOLKSWAGEN GOLF,-1,-1,0,-1
2024201417960,2024,201417960,1,9,0,-1,19,5,1,-1,0,0,0,4,0,0,1,1,-1,6,1,64,9,1600,2,14,VOLKSWAGEN GOLF,2,E01010500,0,1
2024461504253,2024,461504253,2,9,0,-1,2,0,0,-1,0,0,0,4,0,0,4,1,-1,6,-1,-1,-1,1390,1,10,VOLKSWAGEN GOLF,-1,-1,0,-1
2024141462413,2024,141462413,1,9,0,-1,4,6,2,-1,0,2,0,0,0,0,2,1,-1,9,1,34,6,1968,2,9,VOLKSWAGEN GOLF,2,E01007654,0,1
2024371447880,2024,371447880,1,9,0,-1,19,7,7,-1,0,0,0,0,0,0,1,1,-1,6,1,30,6,1896,2,17,VOLKSWAGEN GOLF,7,E01029964,0,1
2024052401036,2024,052401036,2,9,0,18,19,3,7,0,0,0,0,0,0,0,2,1,6,6,2,31,6,999,1,7,VOLKSWAGEN GOLF,3,E01006671,0,2
2024211528561,2024,211528561,1,9,0,-1,19,8,4,-1,0,4,0,0,0,0,1,1,-1,9,1,50,8,1598,2,9,VOLKSWAGEN GOLF,10,E01034655,0,2
2024531478311,2024,531478311,1,9,0,-1,19,5,1,-1,0,8,0,0,0,0,1,1,-1,9,1,23,5,2000,2,20,VOLKSWAGEN GOLF,6,E01022261,0,3
2024052401147,2024,052401147,1,9,0,18,19,7,3,0,0,0,0,0,0,0,1,1,6,6,1,36,7,1968,2,15,VOLKSWAGEN GOLF,1,E01006678,0,1
2024131478209,2024,131478209,1,9,0,-1,19,2,6,-1,0,8,0,0,0,0,1,1,-1,6,1,28,6,1968,2,8,VOLKSWAGEN GOLF,1,E01010928,0,1
2024201535573,2024,201535573,1,9,0,-1,4,3,1,-1,0,6,0,0,0,0,1,1,-1,6,2,21,5,2000,1,18,VOLKSWAGEN GOLF,10,E01009859,0,1
2024161461749,2024,161461749,2,9,0,-1,13,8,4,-1,0,1,1,10,1,11,1,1,-1,9,1,18,4,999,1,3,VOLKSWAGEN GOLF,7,E01011102,0,4
2024471500274,2024,471500274,1,9,0,-1,12,1,7,-1,0,1,0,0,0,0,0,1,-1,9,1,46,8,1968,2,12,VOLKSWAGEN GOLF,6,E01031601,0,1
2024440093780,2024,440093780,4,9,0,18,19,3,7,0,0,0,0,0,0,0,1,1,2,2,1,59,9,1968,2,8,VOLKSWAGEN GOLF,5,E01017030,0,1
2024131458202,2024,131458202,3,9,0,-1,19,1,5,-1,0,0,0,0,0,0,4,1,-1,2,1,44,7,1598,2,7,VOLKSWAGEN GOLF,8,E01027919,0,4
2024311483496,2024,311483496,1,9,0,-1,19,6,3,-1,0,1,0,0,0,0,1,2,-1,6,2,51,8,1395,1,6,VOLKSWAGEN GOLF,9,E01028360,0,1
2024031397927,2024,031397927,2,9,0,-1,10,7,3,-1,0,5,0,0,0,0,2,1,-1,9,1,40,7,1896,1,33,VOLKSWAGEN GOLF,-1,-1,0,-1
2024361408704,2024,361408704,1,9,0,-1,19,4,8,-1,9,0,1,0,1,0,0,1,-1,9,1,28,6,1968,2,18,VOLKSWAGEN GOLF,6,E01026637,0,1
2024545308224,2024,545308224,1,9,0,17,19,8,4,0,0,0,0,0,0,0,1,1,1,1,1,19,4,1968,2,14,VOLKSWAGEN GOLF,6,E01031848,0,3
202417H104624,2024,17H104624,2,9,0,-1,19,5,1,-1,0,8,0,0,0,0,0,1,-1,6,1,44,7,1598,2,10,VOLKSWAGEN GOLF,1,E01011980,0,1
2024010492672,2024,010492672,2,9,0,5,5,5,1,0,0,1,0,4,8,4,1,1,6,6,1,31,6,1498,8,2,VOLKSWAGEN GOLF,3,E01003302,0,2
2024451412731,2024,451412731,1,9,0,-1,19,5,1,-1,0,0,0,0,0,0,3,1,-1,2,1,23,5,1600,2,15,VOLKSWAGEN GOLF,10,E01031615,0,3
2024131407149,2024,131407149,4,9,0,-1,19,6,2,-1,0,1,0,0,0,0,4,1,-1,9,1,47,8,1968,2,14,VOLKSWAGEN GOLF,1,E01010841,0,1
2024471489148,2024,471489148,2,9,0,-1,5,3,7,-1,0,7,0,0,0,0,2,1,-1,9,2,33,6,1390,1,15,VOLKSWAGEN GOLF,6,E01021148,0,3
2024131425035,2024,131425035,1,9,0,-1,19,5,5,-1,0,8,1,0,2,11,1,1,-1,6,1,26,6,2000,1,17,VOLKSWAGEN GOLF,1,E01011134,0,1
2024061434094,2024,061434094,1,9,0,-1,19,6,1,-1,0,1,0,4,0,0,1,1,-1,6,-1,20,4,1984,1,18,VOLKSWAGEN GOLF,-1,-1,0,-1
2024061479012,2024,061479012,1,9,0,-1,19,1,5,-1,0,2,0,4,0,0,1,1,-1,6,1,67,10,1498,1,0,VOLKSWAGEN GOLF,9,E01005864,0,1
2024221493214,2024,221493214,2,9,0,-1,2,0,0,-1,0,8,0,0,1,0,3,1,-1,9,1,36,7,1498,1,3,VOLKSWAGEN GOLF,1,E01008938,0,3
2024332400432,2024,332400432,2,9,0,-1,12,8,4,-1,0,8,0,0,0,0,1,1,-1,6,2,39,7,1968,2,9,VOLKSWAGEN GOLF,4,E01025988,0,1
2024010546537,2024,010546537,3,9,9,99,99,9,9,99,99,9,9,99,9,99,9,9,6,6,3,-1,-1,1395,1,9,VOLKSWAGEN GOLF,-1,-1,0,-1
2024131488263,2024,131488263,2,9,0,-1,-1,-1,-1,-1,0,1,-1,-1,-1,-1,-1,1,-1,6,3,-1,-1,1984,1,9,VOLKSWAGEN GOLF,-1,-1,0,-1
2024010547913,2024,010547913,1,9,0,18,19,3,7,0,0,6,0,0,0,0,3,1,6,6,1,57,9,1395,1,10,VOLKSWAGEN GOLF,9,E01000205,0,1
2024041509604,2024,041509604,1,9,0,-1,7,3,5,-1,0,0,0,0,0,0,1,9,-1,9,1,33,6,1498,1,4,VOLKSWAGEN GOLF,4,E01024960,0,1
2024010504004,2024,010504004,1,9,0,99,99,9,9,99,99,9,9,99,9,99,9,9,6,6,1,29,6,1390,1,11,VOLKSWAGEN GOLF,7,E01033927,0,3
202417S110424,2024,17S110424,2,9,0,-1,4,5,1,-1,0,1,0,0,0,0,2,1,-1,9,2,30,6,1598,2,6,VOLKSWAGEN GOLF,-1,-1,0,-1
2024320043902,2024,320043902,3,9,0,-1,-1,6,2,0,0,0,0,0,0,0,2,1,6,6,2,57,9,1498,8,3,VOLKSWAGEN GOLF,3,E01026017,0,2
2024010517651,2024,010517651,2,9,0,99,99,9,9,99,99,0,9,99,9,99,1,9,6,6,3,-1,-1,1598,1,21,VOLKSWAGEN GOLF,-1,-1,0,-1
2024031441532,2024,031441532,2,9,0,-1,4,5,1,-1,0,8,0,0,0,0,2,1,-1,9,2,40,7,1598,2,15,VOLKSWAGEN GOLF,9,E01025538,0,4
2024302401064,2024,302401064,2,9,0,9,9,5,2,0,0,6,0,0,0,0,3,1,2,2,2,31,6,1968,2,10,VOLKSWAGEN GOLF,5,E01013551,0,1
2024101513119,2024,101513119,1,9,-1,-1,-1,-1,-1,-1,-1,-1,-1,-1,-1,0,-1,9,-1,9,2,45,7,1498,8,0,VOLKSWAGEN GOLF,2,E01008634,0,3
2024340WN6852,2024,340WN6852,1,9,0,-1,19,3,7,-1,0,1,0,0,0,0,1,1,-1,6,2,20,4,1896,2,16,VOLKSWAGEN GOLF,3,E01027227,0,1
2024131465601,2024,131465601,1,9,0,-1,9,1,3,-1,5,1,0,0,0,0,1,1,-1,9,1,22,5,1968,2,4,VOLKSWAGEN GOLF,9,E01011844,0,4
2024461509266,2024,461509266,1,9,0,-1,9,7,5,-1,0,8,0,0,0,0,1,1,-1,2,1,41,7,1600,1,18,VOLKSWAGEN GOLF,10,E01024819,0,4
2024131419991,2024,131419991,3,9,0,-1,2,0,0,-1,0,1,0,0,0,0,3,1,-1,6,-1,-1,-1,1598,2,11,VOLKSWAGEN GOLF,-1,-1,0,-1
2024451510306,2024,451510306,1,9,0,-1,19,2,6,-1,0,0,0,0,0,0,1,9,-1,2,2,43,7,2000,2,18,VOLKSWAGEN GOLF,10,E01030499,0,1
2024440042415,2024,440042415,1,9,0,9,9,4,2,0,0,8,0,0,0,0,4,1,6,6,1,75,10,1900,2,19,VOLKSWAGEN GOLF,-1,-1,0,-1
2024421451819,2024,421451819,1,9,0,-1,5,1,5,-1,0,2,0,0,7,0,1,1,-1,2,1,51,8,1598,1,18,VOLKSWAGEN GOLF,9,E01003660,0,1
2024461435023,2024,461435023,1,9,0,-1,19,3,7,-1,0,0,0,0,0,0,1,9,-1,6,1,-1,-1,1984,1,13,VOLKSWAGEN GOLF,5,E01016156,0,1
2024010534450,2024,010534450,1,9,0,99,99,9,9,99,99,9,9,99,9,99,9,9,6,6,2,40,7,1395,1,10,VOLKSWAGEN GOLF,5,E01004419,0,2
2024501508924,2024,501508924,1,9,0,-1,9,2,8,-1,0,5,0,0,0,0,4,1,-1,9,1,19,4,1598,2,13,VOLKSWAGEN GOLF,8,E01019976,0,1
2024141528465,2024,141528465,4,9,0,-1,19,1,5,-1,0,0,0,0,0,0,2,1,-1,9,1,36,7,1598,2,14,VOLKSWAGEN GOLF,3,E01007346,0,1
2024010493622,2024,010493622,1,9,0,99,99,9,9,0,0,0,0,0,0,0,9,1,6,6,3,44,7,1390,1,12,VOLKSWAGEN GOLF,2,E01000060,0,1
2024501527282,2024,501527282,1,9,0,-1,19,7,3,-1,0,1,1,0,7,1,1,1,-1,2,1,23,5,1968,2,6,VOLKSWAGEN GOLF,4,E01018952,0,3
2024061486581,2024,061486581,1,9,0,-1,19,7,2,-1,0,2,0,0,0,0,1,1,-1,9,1,19,4,1395,8,3,VOLKSWAGEN GOLF,1,E01007716,0,4
2024451514410,2024,451514410,2,9,0,-1,19,1,3,-1,0,0,0,0,0,0,-1,9,-1,6,3,30,6,1984,1,6,VOLKSWAGEN GOLF,-1,-1,0,-1
2024231516207,2024,231516207,1,9,0,-1,19,8,4,-1,0,8,0,0,3,0,3,1,-1,2,2,30,6,1498,1,4,VOLKSWAGEN GOLF,8,E01031136,0,4
2024131465110,2024,131465110,1,9,0,-1,19,5,1,-1,0,0,5,0,1,4,1,1,-1,2,1,18,4,1598,2,8,VOLKSWAGEN GOLF,4,E01009324,0,5
2024471396491,2024,471396491,2,9,0,-1,19,8,4,-1,0,0,0,0,1,0,2,1,-1,6,2,70,10,1395,1,8,VOLKSWAGEN GOLF,8,E01031698,0,1
2024440517158,2024,440517158,2,9,0,18,19,5,1,0,0,8,0,0,1,0,1,1,6,6,2,82,11,1395,1,8,VOLKSWAGEN GOLF,9,E01034719,0,3
2024471422608,2024,471422608,2,9,0,-1,19,7,3,-1,0,1,0,0,0,0,1,1,-1,6,1,40,7,1598,1,17,VOLKSWAGEN GOLF,2,E01021091,0,2
2024010521680,2024,010521680,1,9,0,5,5,7,3,0,0,2,0,0,0,0,1,1,6,6,1,40,7,1395,1,6,VOLKSWAGEN GOLF,4,E01001995,0,1
2024010526262,2024,010526262,2,9,0,18,19,5,1,2,2,8,0,0,0,0,4,1,6,6,1,47,8,1498,1,6,VOLKSWAGEN GOLF,6,E01001415,0,3
2024421435730,2024,421435730,1,9,0,-1,5,3,3,-1,0,0,0,0,1,0,1,1,-1,6,2,86,11,1390,1,13,VOLKSWAGEN GOLF,10,E01021237,0,1
2024991483638,2024,991483638,1,9,0,-1,7,8,3,-1,0,0,1,0,0,0,1,1,-1,9,1,18,4,1896,2,22,VOLKSWAGEN GOLF,5,-1,0,1
2024141396544,2024,141396544,1,9,0,-1,19,1,5,-1,0,1,0,0,0,0,1,1,-1,9,1,36,7,1395,8,3,VOLKSWAGEN GOLF,8,E01007899,0,2
2024311516531,2024,311516531,1,9,0,-1,7,4,2,-1,0,7,0,0,0,0,1,1,-1,6,2,-1,-1,1968,2,2,VOLKSWAGEN GOLF,7,E01027707,0,5
2024010521524,2024,010521524,2,9,0,5,5,0,5,8,6,0,0,0,0,0,3,1,6,6,1,25,5,1395,1,9,VOLKSWAGEN GOLF,4,E01035670,0,1
2024010540536,2024,010540536,3,9,0,18,19,3,7,0,0,8,0,0,0,0,2,1,6,6,1,41,7,1390,1,17,VOLKSWAGEN GOLF,6,E01034196,0,1
2024371510638,2024,371510638,1,9,0,-1,19,2,6,-1,0,0,0,0,1,4,1,1,-1,9,1,17,4,1390,1,14,VOLKSWAGEN GOLF,7,E01030007,0,3
2024010487867,2024,010487867,2,9,0,18,19,3,7,0,0,8,0,0,0,0,1,1,6,6,1,26,6,1598,2,6,VOLKSWAGEN GOLF,9,E01004115,0,1
2024141424734,2024,141424734,1,9,0,-1,19,6,2,-1,0,2,0,0,0,0,1,1,-1,9,2,19,4,1968,2,14,VOLKSWAGEN GOLF,3,E01011761,0,4
2024201431429,2024,201431429,2,9,0,-1,19,2,6,-1,0,8,0,0,0,0,1,9,-1,6,1,37,7,1968,2,18,VOLKSWAGEN GOLF,2,E01010087,0,3
2024122500249,2024,122500249,1,9,0,4,4,1,5,0,0,1,0,0,0,0,1,1,2,2,2,39,7,1968,2,8,VOLKSWAGEN GOLF,10,E01027639,0,1
2024231402409,2024,231402409,1,9,0,-1,19,5,1,-1,0,0,0,0,0,0,4,9,-1,6,1,60,9,1984,1,1,VOLKSWAGEN GOLF,7,E01031248,0,1
2024461443070,2024,461443070,2,9,0,-1,3,8,4,-1,0,0,0,0,0,0,2,1,-1,9,1,38,7,1598,1,16,VOLKSWAGEN GOLF,3,E01024508,0,3
2024211436498,2024,211436498,3,9,0,-1,3,1,5,-1,0,0,0,0,0,0,2,1,-1,1,1,29,6,1598,2,12,VOLKSWAGEN GOLF,2,E01011926,0,5
2024010510015,2024,010510015,1,9,0,3,3,1,5,0,0,4,0,0,0,0,1,1,6,6,1,36,7,1390,1,12,VOLKSWAGEN GOLF,6,E01000220,0,1
2024201422030,2024,201422030,2,9,0,-1,4,4,8,-1,0,0,0,0,0,0,2,1,-1,6,1,44,7,1598,1,17,VOLKSWAGEN GOLF,1,E01009339,0,1
2024631411181,2024,631411181,1,9,0,-1,19,2,6,-1,0,0,0,0,7,11,1,1,-1,9,1,37,7,1984,1,10,VOLKSWAGEN GOLF,2,W01000707,0,3
2024010512317,2024,010512317,4,9,0,18,19,1,5,0,0,4,0,0,0,0,1,1,6,6,3,-1,-1,1984,1,3,VOLKSWAGEN GOLF,-1,-1,0,-1
2024471455169,2024,471455169,1,9,0,-1,7,4,6,-1,0,1,0,0,0,0,1,1,-1,2,1,25,5,1395,1,10,VOLKSWAGEN GOLF,6,E01031673,0,1
2024010550725,2024,010550725,2,9,0,4,4,1,5,0,0,0,0,0,0,0,2,1,6,6,1,59,9,1598,2,7,VOLKSWAGEN GOLF,3,E01004235,0,4
2024351460283,2024,351460283,2,9,0,-1,19,4,8,-1,0,4,0,0,0,0,1,1,-1,6,1,24,5,1600,2,14,VOLKSWAGEN GOLF,2,E01015612,0,1
2024070463357,2024,070463357,2,9,0,4,4,8,4,0,0,0,1,0,0,0,1,1,2,2,1,-1,-1,1968,2,10,VOLKSWAGEN GOLF,-1,-1,0,-1
2024501470632,2024,501470632,2,9,0,-1,2,0,0,-1,0,0,0,0,0,0,3,9,-1,6,1,54,8,1395,8,7,VOLKSWAGEN GOLF,9,E01032034,0,5
2024552401461,2024,552401461,3,9,0,18,19,4,8,0,0,8,0,0,0,0,1,1,6,6,1,37,7,1984,1,21,VOLKSWAGEN GOLF,6,E01020447,0,1
2024101475276,2024,101475276,1,9,0,-1,19,3,7,-1,0,0,0,0,0,0,1,1,-1,6,1,32,6,1968,2,8,VOLKSWAGEN GOLF,1,E01025049,0,5
2024302401012,2024,302401012,1,9,0,18,19,6,2,0,0,8,0,0,0,0,3,1,6,6,2,43,7,1896,2,17,VOLKSWAGEN GOLF,8,E01019423,0,3
2024211487837,2024,211487837,2,9,0,-1,2,0,0,-1,9,0,0,0,0,0,1,1,-1,6,-1,-1,-1,1598,2,8,VOLKSWAGEN GOLF,-1,-1,0,-1
2024221505081,2024,221505081,2,9,0,-1,9,8,4,-1,0,6,0,0,0,0,3,1,-1,2,1,32,6,1598,2,10,VOLKSWAGEN GOLF,5,E01013991,0,2
2024471406243,2024,471406243,1,9,0,-1,19,7,3,-1,0,0,0,0,1,9,1,1,-1,9,1,48,8,1598,2,13,VOLKSWAGEN GOLF,7,E01031661,0,1
2024061434138,2024,061434138,2,9,0,-1,19,2,6,-1,0,0,0,0,0,0,4,1,-1,9,1,40,7,1900,2,18,VOLKSWAGEN GOLF,1,E01005328,0,1
2024010541168,2024,010541168,1,9,0,18,19,1,5,0,0,0,0,0,0,0,2,1,6,6,2,37,7,1498,8,1,VOLKSWAGEN GOLF,3,E01030711,0,2
2024010551089,2024,010551089,2,9,0,99,99,9,9,99,99,9,9,99,9,99,9,9,6,6,3,-1,-1,1390,1,20,VOLKSWAGEN GOLF,-1,-1,0,-1
2024221517088,2024,221517088,1,9,0,-1,19,6,2,-1,0,0,0,4,0,0,1,2,-1,6,1,42,7,1598,2,10,VOLKSWAGEN GOLF,2,E01010526,0,3
2024070484790,2024,070484790,1,9,0,18,19,1,5,0,0,1,0,0,0,0,1,1,6,6,2,78,11,1598,2,7,VOLKSWAGEN GOLF,10,E01012452,0,4
2024631447970,2024,631447970,5,9,0,-1,2,0,0,-1,0,0,0,4,0,0,2,1,-1,6,-1,-1,-1,1272,1,38,VOLKSWAGEN GOLF,-1,-1,0,-1
2024430165301,2024,430165301,1,9,0,18,19,1,5,0,0,6,0,0,0,0,4,1,6,6,1,73,10,1498,1,4,VOLKSWAGEN GOLF,10,E01031214,0,3
2024340NN0842,2024,340NN0842,2,9,0,-1,19,6,2,-1,0,0,0,0,0,0,4,1,-1,9,1,64,9,1968,2,17,VOLKSWAGEN GOLF,3,E01026967,0,2
2024031439704,2024,031439704,1,9,0,-1,19,5,1,-1,0,8,5,0,1,11,4,1,-1,9,1,22,5,1598,2,12,VOLKSWAGEN GOLF,9,E01019334,0,1
2024131466544,2024,131466544,3,9,0,-1,2,0,0,-1,0,0,0,0,0,0,2,1,-1,6,-1,-1,-1,1598,2,12,VOLKSWAGEN GOLF,-1,-1,0,-1
2024340WN4182,2024,340WN4182,1,9,0,-1,19,2,6,-1,0,0,0,0,1,0,4,1,-1,2,1,65,9,1498,8,0,VOLKSWAGEN GOLF,-1,-1,0,-1
2024010542304,2024,010542304,1,9,0,99,99,9,9,99,99,9,9,99,9,99,3,9,6,6,2,21,5,999,1,5,VOLKSWAGEN GOLF,3,E01023538,0,3
2024421499257,2024,421499257,1,9,0,-1,11,8,4,-1,0,0,0,0,0,0,4,1,-1,1,1,41,7,1968,2,10,VOLKSWAGEN GOLF,2,E01021391,0,2
2024430276071,2024,430276071,1,9,0,13,13,8,4,0,0,0,0,0,0,0,4,1,6,6,1,30,6,1968,2,15,VOLKSWAGEN GOLF,-1,-1,0,-1
2024991443512,2024,991443512,1,9,0,-1,19,7,3,-1,0,1,0,0,0,0,1,1,-1,9,1,22,5,1781,1,24,VOLKSWAGEN GOLF,2,-1,0,3
2024061443883,2024,061443883,1,9,-1,-1,-1,-1,-1,-1,-1,0,-1,-1,-1,0,-1,9,-1,6,1,-1,-1,1968,2,1,VOLKSWAGEN GOLF,-1,-1,0,-1
2024010540976,2024,010540976,4,9,0,18,19,5,1,0,0,6,0,0,0,0,1,1,6,6,2,27,6,1390,1,13,VOLKSWAGEN GOLF,4,E01035670,0,2
2024161423479,2024,161423479,3,9,0,-1,19,7,3,-1,0,2,0,0,0,0,1,9,-1,6,1,-1,-1,1984,1,9,VOLKSWAGEN GOLF,-1,-1,0,-1
2024991424278,2024,991424278,3,9,0,-1,2,0,0,-1,0,1,0,0,0,0,1,1,-1,6,-1,-1,-1,1598,2,7,VOLKSWAGEN GOLF,-1,-1,0,-1
2024201471906,2024,201471906,2,9,0,-1,19,7,3,-1,0,1,0,0,0,0,2,1,-1,6,1,30,6,1600,2,15,VOLKSWAGEN GOLF,2,E01010470,0,1
2024201512018,2024,201512018,2,9,0,-1,19,6,2,-1,0,8,0,0,0,0,2,1,-1,6,1,54,8,1395,1,10,VOLKSWAGEN GOLF,5,E01009179,0,1
2024111412964,2024,111412964,2,9,0,-1,4,4,8,-1,0,0,0,0,0,0,2,9,-1,6,1,23,5,1896,2,22,VOLKSWAGEN GOLF,9,E01027747,0,3
2024440340885,2024,440340885,2,9,0,17,19,5,2,0,0,1,5,0,0,0,3,1,6,6,1,43,7,2000,1,15,VOLKSWAGEN GOLF,10,E01023187,0,4
2024201516325,2024,201516325,1,9,0,-1,19,5,1,-1,0,8,0,0,0,0,3,9,-1,6,1,55,8,1395,1,9,VOLKSWAGEN GOLF,8,E01009464,0,2
2024201563749,2024,201563749,2,9,0,-1,5,3,7,-1,0,2,0,0,0,0,1,1,-1,9,1,34,6,1984,1,5,VOLKSWAGEN GOLF,-1,-1,0,-1
2024320597171,2024,320597171,2,9,0,2,2,0,0,0,0,0,0,0,0,0,4,1,6,6,3,-1,-1,1598,2,13,VOLKSWAGEN GOLF,-1,-1,0,-1
2024041524067,2024,041524067,1,9,0,-1,1,7,3,-1,0,1,0,0,0,0,2,1,-1,9,1,35,6,1968,2,12,VOLKSWAGEN GOLF,2,E01025124,0,2
2024131500024,2024,131500024,1,9,0,-1,19,1,5,-1,0,0,5,0,2,0,1,1,-1,9,1,19,4,1598,2,12,VOLKSWAGEN GOLF,2,E01007806,0,4
2024071008628,2024,071008628,2,9,0,-1,19,1,5,-1,0,0,0,0,0,0,1,1,-1,9,2,25,5,1984,1,14,VOLKSWAGEN GOLF,5,E01009888,0,4
2024010503526,2024,010503526,1,9,0,18,19,1,5,0,0,8,0,0,0,0,0,1,6,6,3,-1,-1,1984,1,3,VOLKSWAGEN GOLF,-1,-1,0,-1
2024010549926,2024,010549926,1,9,0,99,99,9,9,99,99,0,9,99,9,99,2,9,6,6,2,52,8,1197,1,13,VOLKSWAGEN GOLF,2,E01001625,0,2
2024430134998,2024,430134998,1,9,0,18,19,2,6,0,0,0,0,0,0,0,1,1,6,6,1,53,8,1598,1,23,VOLKSWAGEN GOLF,-1,-1,0,-1
2024471521656,2024,471521656,2,9,0,-1,2,0,0,-1,0,2,0,0,0,0,2,1,-1,6,-1,-1,-1,1498,1,6,VOLKSWAGEN GOLF,-1,-1,0,-1
2024531433720,2024,531433720,1,9,0,-1,9,5,1,-1,0,2,0,11,1,1,1,1,-1,6,1,36,7,1968,2,15,VOLKSWAGEN GOLF,7,E01022460,0,3
2024010537816,2024,010537816,2,9,0,18,19,7,3,0,0,1,0,0,0,0,1,1,6,6,1,70,10,-1,3,5,VOLKSWAGEN GOLF,6,E01000587,0,1
2024010530443,2024,010530443,1,9,0,99,99,9,9,99,99,9,9,99,9,99,2,9,2,2,1,35,6,2000,1,16,VOLKSWAGEN GOLF,5,E01000975,0,1
2024440549155,2024,440549155,1,9,0,18,19,1,5,0,0,0,0,0,0,0,1,1,6,6,3,-1,-1,1598,2,13,VOLKSWAGEN GOLF,-1,-1,0,-1
2024471488292,2024,471488292,1,9,0,-1,6,3,7,-1,0,0,0,0,0,0,3,1,-1,9,1,45,7,1598,2,13,VOLKSWAGEN GOLF,6,E01031452,0,3
2024421404780,2024,421404780,1,9,0,-1,5,6,6,-1,0,5,0,0,0,0,1,1,-1,2,1,37,7,1984,1,9,VOLKSWAGEN GOLF,5,E01021432,0,3
2024010522669,2024,010522669,1,9,0,99,99,9,9,0,0,1,0,99,0,0,3,9,6,6,1,21,5,1600,2,15,VOLKSWAGEN GOLF,4,E01012633,0,5
2024340WN2712,2024,340WN2712,1,9,0,-1,19,5,1,-1,0,0,0,0,0,0,1,1,-1,9,1,29,6,1390,1,15,VOLKSWAGEN GOLF,2,E01027155,0,3
2024010507524,2024,010507524,2,9,0,99,99,9,9,99,99,9,9,99,9,99,9,9,6,6,3,-1,-1,1395,1,10,VOLKSWAGEN GOLF,7,E01030851,0,3
2024351538442,2024,351538442,1,9,0,-1,19,4,1,-1,0,4,0,0,0,0,1,9,-1,6,1,18,4,1968,2,16,VOLKSWAGEN GOLF,2,E01015599,0,1
2024430075219,2024,430075219,2,9,0,18,19,7,3,0,0,8,0,0,0,0,1,1,2,2,1,22,5,1968,2,8,VOLKSWAGEN GOLF,8,E01016795,0,1
2024201497491,2024,201497491,1,9,0,-1,19,4,8,-1,0,8,0,10,7,0,1,1,-1,9,1,49,8,1968,2,8,VOLKSWAGEN GOLF,10,E01010197,0,1
2024340NN0812,2024,340NN0812,1,9,0,-1,13,6,2,-1,0,1,0,0,0,0,1,1,-1,9,1,34,6,2000,1,17,VOLKSWAGEN GOLF,6,E01026974,0,2
202460Q011755,2024,60Q011755,2,9,0,3,3,7,3,0,0,4,0,0,0,0,2,1,1,1,1,32,6,1390,1,12,VOLKSWAGEN GOLF,-1,-1,0,-1
2024540882024,2024,540882024,1,9,0,9,9,5,2,0,0,1,0,0,0,0,4,1,6,6,1,74,10,1600,2,15,VOLKSWAGEN GOLF,4,E01031859,0,1
2024440329892,2024,440329892,1,9,0,18,19,8,4,0,0,1,5,0,1,2,1,1,6,6,1,28,6,1598,1,22,VOLKSWAGEN GOLF,3,E01017267,0,1
2024361458301,2024,361458301,2,9,0,-1,2,0,0,-1,0,2,0,7,0,0,2,1,-1,6,2,41,7,1968,2,15,VOLKSWAGEN GOLF,4,E01026864,0,1
2024520401684,2024,520401684,2,9,0,18,19,3,7,0,0,0,0,0,0,0,4,1,6,6,1,19,4,1896,2,21,VOLKSWAGEN GOLF,-1,-1,0,-1
2024041530529,2024,041530529,1,9,0,-1,19,3,7,-1,0,0,0,0,0,0,1,1,-1,6,1,19,4,1968,2,7,VOLKSWAGEN GOLF,1,E01025229,0,1
2024520401236,2024,520401236,1,9,0,18,19,5,1,0,0,8,0,0,1,2,2,1,6,6,2,25,5,1984,1,24,VOLKSWAGEN GOLF,7,E01029028,0,3
2024631493307,2024,631493307,1,9,0,-1,19,7,3,-1,0,0,0,0,0,0,1,1,-1,2,1,25,5,1968,2,9,VOLKSWAGEN GOLF,6,W01000575,0,2
2024061477119,2024,061477119,1,9,0,-1,5,1,2,-1,0,0,0,0,0,0,3,1,-1,6,1,43,7,1984,1,10,VOLKSWAGEN GOLF,5,E01006142,0,1
2024041426974,2024,041426974,2,9,0,-1,9,5,1,-1,0,4,0,0,0,0,1,1,-1,9,1,20,4,1390,1,15,VOLKSWAGEN GOLF,1,E01025224,0,1
2024201513433,2024,201513433,2,9,0,-1,5,1,6,-1,0,0,0,0,0,0,1,9,-1,9,2,31,6,1197,1,11,VOLKSWAGEN GOLF,4,E01031054,0,3
2024131409536,2024,131409536,1,9,0,-1,19,2,4,-1,0,8,0,0,0,0,1,1,-1,9,1,51,8,2000,2,17,VOLKSWAGEN GOLF,1,E01025182,0,4
2024122400388,2024,122400388,3,9,0,18,19,5,1,0,0,1,1,0,1,0,1,1,6,6,1,36,7,1598,2,10,VOLKSWAGEN GOLF,7,E01012241,0,4
2024010507185,2024,010507185,1,9,0,18,19,6,2,0,0,1,0,0,0,0,1,1,6,6,1,35,6,1390,1,15,VOLKSWAGEN GOLF,6,E01001496,0,2
2024501507069,2024,501507069,1,9,0,-1,19,4,5,-1,0,0,0,0,0,0,1,1,-1,2,1,64,9,1896,2,16,VOLKSWAGEN GOLF,4,E01020275,0,1
2024131458098,2024,131458098,1,9,0,-1,19,1,5,-1,0,8,0,0,0,0,1,1,-1,9,2,21,5,1598,2,9,VOLKSWAGEN GOLF,5,E01010857,0,3