collision_index,collision_year,collision_ref_no,vehicle_reference,vehicle_type,towing_and_articulation,vehicle_manoeuvre_historic,vehicle_manoeuvre,vehicle_direction_from,vehicle_direction_to,vehicle_location_restricted_lane_historic,vehicle_location_restricted_lane,junction_location,skidding_and_overturning,hit_object_in_carriageway,vehicle_leaving_carriageway,hit_object_off_carriageway,first_point_of_impact,vehicle_left_hand_drive,journey_purpose_of_driver_historic,journey_purpose_of_driver,sex_of_driver,age_of_driver,age_band_of_driver,engine_capacity_cc,propulsion_code,age_of_vehicle,generic_make_model,driver_imd_decile,lsoa_of_driver,escooter_flag,driver_distance_banding
2024201497947,2024,201497947,1,9,0,-1,19,1,5,-1,0,0,0,0,0,0,1,1,-1,6,-1,-1,-1,1968,2,15,VOLKSWAGEN GOLF,-1,-1,0,-1
2024340WN2222,2024,340WN2222,1,9,0,-1,19,4,8,-1,0,6,0,0,0,1,1,1,-1,6,3,-1,-1,2000,1,19,VOLKSWAGEN GOLF,-1,-1,0,-1
202454F072224,2024,54F072224,2,9,0,18,19,4,1,0,0,8,1,0,7,11,1,1,6,6,1,21,5,1896,2,17,VOLKSWAGEN GOLF,9,E01031959,0,1
2024201553393,2024,201553393,1,9,0,-1,7,1,7,-1,0,2,0,0,0,0,1,9,-1,6,-1,-1,-1,1390,1,12,VOLKSWAGEN GOLF,-1,-1,0,-1
2024061422972,2024,061422972,1,9,0,-1,19,5,5,-1,0,5,0,0,0,0,1,1,-1,6,2,48,8,1598,2,11,VOLKSWAGEN GOLF,1,E01005919,0,2
2024991507851,2024,991507851,2,9,0,-1,19,1,5,-1,-1,0,0,0,1,0,1,1,-1,7,1,21,5,1898,2,20,VOLKSWAGEN GOLF,9,-1,0,4
2024201506906,2024,201506906,2,9,0,-1,5,5,1,-1,0,6,0,0,0,0,1,9,-1,6,3,-1,-1,1896,2,18,VOLKSWAGEN GOLF,-1,-1,0,-1
2024440187701,2024,440187701,1,9,0,18,19,6,2,0,0,0,0,0,0,0,2,1,6,6,1,38,7,1600,2,14,VOLKSWAGEN GOLF,8,E01023048,0,1
2024201458981,2024,201458981,1,9,0,-1,13,5,8,-1,0,1,1,4,1,11,1,1,-1,6,1,24,5,1984,1,3,VOLKSWAGEN GOLF,-1,-1,0,-1
2024122500065,2024,122500065,2,9,0,4,4,8,4,0,0,0,0,0,0,0,2,1,6,6,1,28,6,1498,1,5,VOLKSWAGEN GOLF,9,E01027690,0,1
2024201431727,2024,201431727,1,9,0,-1,19,2,6,-1,0,0,0,0,0,0,1,9,-1,6,1,17,4,1390,1,14,VOLKSWAGEN GOLF,4,E01010159,0,1
2024430292502,2024,430292502,3,9,0,3,3,8,4,0,0,0,0,0,0,0,2,1,6,6,1,49,8,1395,1,10,VOLKSWAGEN GOLF,6,E01002676,0,4
2024061443910,2024,061443910,2,9,-1,-1,19,5,1,-1,0,8,0,0,0,0,1,9,-1,6,1,21,5,1968,2,9,VOLKSWAGEN GOLF,2,E01005145,0,1
2024061407042,2024,061407042,1,9,0,-1,19,3,7,-1,0,0,0,0,0,0,3,1,-1,6,2,46,8,1968,2,9,VOLKSWAGEN GOLF,2,E01006322,0,1
2024010543104,2024,010543104,1,9,0,99,99,9,9,99,99,9,9,99,9,99,1,9,6,6,2,39,7,1390,1,17,VOLKSWAGEN GOLF,3,E01001969,0,2
2024631442888,2024,631442888,2,9,0,-1,4,4,7,-1,0,0,0,0,0,0,1,1,-1,2,2,39,7,1598,2,13,VOLKSWAGEN GOLF,4,W01000438,0,4
2024211512102,2024,211512102,1,9,0,-1,5,5,1,-1,0,0,0,0,0,0,1,1,-1,6,1,31,6,1598,2,11,VOLKSWAGEN GOLF,4,E01029537,0,1
2024332400035,2024,332400035,2,9,0,-1,19,2,6,-1,0,0,0,0,0,0,3,1,-1,9,1,81,11,1598,2,7,VOLKSWAGEN GOLF,10,E01025708,0,1
2024010510997,2024,010510997,2,9,0,99,99,9,9,99,99,9,9,99,9,99,9,9,6,6,3,-1,-1,1968,2,8,VOLKSWAGEN GOLF,-1,-1,0,-1
2024211402735,2024,211402735,1,9,0,-1,6,7,5,-1,0,8,0,0,0,0,1,1,-1,7,1,39,7,1598,2,14,VOLKSWAGEN GOLF,10,E01029684,0,1
2024531509384,2024,531509384,3,9,0,-1,3,3,7,-1,0,1,0,0,0,0,3,1,-1,6,2,33,6,1900,2,18,VOLKSWAGEN GOLF,8,E01034800,0,2
2024131533123,2024,131533123,1,9,0,-1,19,2,4,-1,0,1,0,0,0,0,1,1,-1,6,1,19,4,1598,2,8,VOLKSWAGEN GOLF,-1,-1,0,-1
2024991522061,2024,991522061,2,9,0,-1,9,7,5,-1,0,1,0,1,0,0,3,1,-1,1,1,36,7,1498,1,3,VOLKSWAGEN GOLF,-1,-1,0,-1
2024421462862,2024,421462862,1,9,0,-1,19,3,7,-1,0,1,1,0,1,11,1,1,-1,6,2,30,6,2000,2,19,VOLKSWAGEN GOLF,3,E01015899,0,1
2024311439736,2024,311439736,1,9,0,-1,19,5,1,-1,0,0,0,0,0,0,0,1,-1,9,1,76,11,1395,1,8,VOLKSWAGEN GOLF,-1,-1,0,-1
2024010511976,2024,010511976,2,9,0,5,5,0,3,0,0,0,0,0,0,0,1,1,1,1,2,60,9,1498,1,4,VOLKSWAGEN GOLF,-1,-1,0,-1
2024041434957,2024,041434957,2,9,0,-1,2,0,0,-1,0,0,0,0,0,0,2,1,-1,6,-1,-1,-1,1598,2,12,VOLKSWAGEN GOLF,-1,-1,0,-1
2024070135158,2024,070135158,1,9,0,18,19,4,8,0,0,4,0,9,0,0,3,1,1,1,1,49,8,1390,1,15,VOLKSWAGEN GOLF,3,E01018487,0,1
2024351456775,2024,351456775,2,9,0,-1,19,3,7,-1,0,8,0,0,0,0,1,1,-1,6,1,18,4,1390,1,15,VOLKSWAGEN GOLF,5,E01018142,0,1
2024061502924,2024,061502924,1,9,0,-1,19,1,5,-1,0,0,0,0,0,0,1,1,-1,9,2,23,5,1598,2,11,VOLKSWAGEN GOLF,-1,-1,0,-1
2024061526502,2024,061526502,1,9,0,-1,19,7,3,-1,0,0,0,0,0,0,1,1,-1,2,2,27,6,1900,2,17,VOLKSWAGEN GOLF,2,E01005580,0,1
2024010516655,2024,010516655,2,9,0,99,99,9,9,99,99,9,9,99,9,99,9,9,6,6,3,-1,-1,1598,1,17,VOLKSWAGEN GOLF,-1,-1,0,-1
2024552400260,2024,552400260,3,9,0,18,19,3,7,0,0,0,0,0,0,0,1,1,6,6,2,34,6,1598,2,8,VOLKSWAGEN GOLF,9,E01032651,0,4
2024531518328,2024,531518328,2,9,0,-1,3,1,5,-1,0,0,0,0,0,0,2,1,-1,6,1,25,5,1395,1,9,VOLKSWAGEN GOLF,2,E01022288,0,3
2024010511940,2024,010511940,1,9,0,9,9,5,3,0,0,6,0,0,0,0,1,1,3,7,1,46,8,1984,1,9,VOLKSWAGEN GOLF,4,E01001884,0,1
2024131525548,2024,131525548,1,9,0,-1,19,1,5,-1,0,8,0,0,0,0,1,1,-1,6,1,45,7,1598,2,12,VOLKSWAGEN GOLF,2,E01033899,0,2
2024061450881,2024,061450881,1,9,0,-1,6,7,3,-1,0,0,0,0,0,0,3,1,-1,9,1,25,5,1498,8,4,VOLKSWAGEN GOLF,1,E01005586,0,4
2024340WN7232,2024,340WN7232,1,9,0,-1,19,5,1,-1,0,0,0,0,0,0,1,1,-1,6,2,32,6,1900,2,18,VOLKSWAGEN GOLF,-1,-1,0,-1
2024461494620,2024,461494620,1,9,0,-1,9,7,3,-1,0,0,0,0,0,0,1,1,-1,6,1,26,6,1896,2,18,VOLKSWAGEN GOLF,4,E01035302,0,1
2024411411546,2024,411411546,2,9,-1,-1,-1,-1,-1,-1,-1,0,-1,-1,-1,0,-1,9,-1,6,1,25,5,1781,1,22,VOLKSWAGEN GOLF,5,E01023922,0,2
2024461439159,2024,461439159,1,9,0,-1,19,1,5,-1,0,0,2,0,0,0,1,9,-1,9,1,25,5,1395,1,11,VOLKSWAGEN GOLF,5,E01000401,0,3
2024430474000,2024,430474000,2,9,0,12,12,2,6,0,0,8,0,0,0,0,3,1,6,6,1,-1,-1,1598,2,11,VOLKSWAGEN GOLF,-1,-1,0,-1
2024201481871,2024,201481871,1,9,0,-1,7,7,2,-1,0,8,0,0,0,0,1,1,-1,6,3,-1,-1,1498,1,6,VOLKSWAGEN GOLF,-1,-1,0,-1
2024211444888,2024,211444888,1,9,0,-1,4,8,3,-1,0,0,1,0,0,0,1,1,-1,9,1,20,4,1600,2,14,VOLKSWAGEN GOLF,3,E01014277,0,1
2024361466392,2024,361466392,1,9,0,-1,20,0,0,-1,0,2,0,0,0,0,4,1,-1,6,1,75,10,1395,1,7,VOLKSWAGEN GOLF,4,E01026874,0,2
2024201537455,2024,201537455,2,9,0,-1,19,2,3,-1,0,0,0,0,0,0,2,1,-1,6,2,72,10,1395,1,8,VOLKSWAGEN GOLF,-1,-1,0,-1
2024430276768,2024,430276768,1,9,0,7,7,2,4,0,0,5,0,0,0,0,2,1,1,1,1,32,6,1968,2,11,VOLKSWAGEN GOLF,9,E01017752,0,3
2024991417881,2024,991417881,1,9,0,-1,19,6,2,-1,0,1,0,0,0,0,1,1,-1,9,1,18,4,1968,2,9,VOLKSWAGEN GOLF,10,-1,0,1
2024131477847,2024,131477847,1,9,0,-1,19,7,3,-1,0,8,0,0,0,0,1,1,-1,1,1,20,4,1598,2,12,VOLKSWAGEN GOLF,3,E01010629,0,1
2024122400371,2024,122400371,1,9,0,4,4,6,2,0,0,1,0,0,0,0,2,1,6,6,2,80,11,1968,2,12,VOLKSWAGEN GOLF,5,E01027798,0,4
2024161518632,2024,161518632,1,9,0,-1,19,5,1,-1,0,0,1,0,0,0,1,9,-1,6,1,37,7,1980,1,14,VOLKSWAGEN GOLF,2,E01013291,0,2
2024552400776,2024,552400776,1,9,0,18,19,4,8,0,0,0,0,0,7,11,1,1,6,6,1,38,7,1896,2,22,VOLKSWAGEN GOLF,5,E01020562,0,1
2024201501277,2024,201501277,2,9,0,-1,19,1,4,-1,0,8,0,0,0,0,1,1,-1,9,2,32,6,2000,2,19,VOLKSWAGEN GOLF,3,E01009597,0,4
2024131447723,2024,131447723,2,9,0,-1,10,3,1,-1,2,1,0,0,0,0,1,1,-1,9,1,55,8,1968,2,9,VOLKSWAGEN GOLF,1,E01011467,0,1
2024531453689,2024,531453689,2,9,0,-1,13,2,6,-1,0,0,0,0,7,4,1,1,-1,9,1,78,11,1984,1,3,VOLKSWAGEN GOLF,8,E01022385,0,2
2024311536042,2024,311536042,1,9,0,-1,9,3,7,-1,0,0,0,4,0,0,4,1,-1,6,2,84,11,1390,1,14,VOLKSWAGEN GOLF,-1,-1,0,-1
2024421466033,2024,421466033,1,9,0,-1,5,5,1,-1,0,4,0,0,0,0,3,1,-1,9,2,33,6,1600,1,26,VOLKSWAGEN GOLF,2,E01015896,0,1
2024501402672,2024,501402672,1,9,0,-1,3,3,7,-1,0,0,0,0,0,0,1,1,-1,6,2,59,9,1598,1,18,VOLKSWAGEN GOLF,2,E01018841,0,5
2024351516814,2024,351516814,2,9,0,-1,4,1,4,-1,0,0,0,0,0,0,2,1,-1,6,2,25,5,1968,2,6,VOLKSWAGEN GOLF,10,E01013796,0,4
2024201511580,2024,201511580,1,9,0,-1,5,3,1,-1,0,6,0,0,0,0,1,1,-1,6,1,-1,-1,1984,1,9,VOLKSWAGEN GOLF,-1,-1,0,-1
2024131412660,2024,131412660,1,9,0,-1,7,-1,-1,-1,0,8,0,0,0,0,-1,1,-1,6,3,-1,-1,2000,1,14,VOLKSWAGEN GOLF,-1,-1,0,-1
2024201537064,2024,201537064,1,9,0,-1,19,8,4,-1,0,0,0,0,0,0,3,1,-1,9,1,20,4,1984,1,3,VOLKSWAGEN GOLF,2,E01009098,0,1
2024101406845,2024,101406845,1,9,0,-1,5,1,5,-1,0,0,0,0,0,0,1,9,-1,6,3,-1,-1,1598,2,12,VOLKSWAGEN GOLF,-1,-1,0,-1
2024010530604,2024,010530604,2,9,0,1,1,3,7,6,6,4,0,0,0,0,2,1,6,6,1,25,5,1390,1,14,VOLKSWAGEN GOLF,1,E01004245,0,1
2024010538463,2024,010538463,1,9,0,16,19,1,5,0,0,4,5,0,1,2,1,1,2,2,1,41,7,1390,1,12,VOLKSWAGEN GOLF,5,E01003148,0,1
2024471453123,2024,471453123,2,9,0,-1,19,3,7,-1,0,0,0,0,0,0,1,1,-1,2,2,20,4,1598,1,18,VOLKSWAGEN GOLF,8,E01016901,0,1
2024332400088,2024,332400088,1,9,0,-1,19,7,3,-1,0,0,0,0,0,0,1,1,-1,1,1,63,9,1498,8,1,VOLKSWAGEN GOLF,9,E01013703,0,3
2024401532147,2024,401532147,3,9,0,-1,7,3,5,-1,0,1,0,0,0,0,0,1,-1,6,2,45,7,1498,8,4,VOLKSWAGEN GOLF,9,E01003807,0,4
2024471502030,2024,471502030,1,9,0,-1,19,5,1,-1,0,8,1,0,3,1,3,1,-1,9,1,25,5,1395,1,9,VOLKSWAGEN GOLF,6,E01035330,0,1
2024201455897,2024,201455897,3,9,0,-1,3,8,4,-1,0,0,0,0,0,0,1,1,-1,6,-1,-1,-1,1600,2,15,VOLKSWAGEN GOLF,-1,-1,0,-1
2024991476124,2024,991476124,2,9,0,-1,5,1,6,-1,0,8,0,0,0,0,1,1,-1,9,1,43,7,1598,2,11,VOLKSWAGEN GOLF,2,-1,0,4
2024141434136,2024,141434136,1,9,0,-1,19,7,2,-1,0,3,1,0,1,7,3,1,-1,9,1,36,7,1900,2,17,VOLKSWAGEN GOLF,1,E01007592,0,1
2024010522961,2024,010522961,2,9,0,9,9,3,1,0,0,3,0,0,0,0,3,1,2,2,2,41,7,1598,1,18,VOLKSWAGEN GOLF,10,E01016245,0,4
2024501471931,2024,501471931,1,9,0,-1,19,5,1,-1,0,0,1,0,7,7,1,1,-1,2,1,29,6,1968,2,18,VOLKSWAGEN GOLF,7,E01019920,0,2
2024101516799,2024,101516799,2,9,-1,-1,9,7,4,-1,0,8,0,0,0,0,4,9,-1,6,1,41,7,1968,2,10,VOLKSWAGEN GOLF,1,E01008829,0,1
2024471465580,2024,471465580,2,9,0,-1,19,5,1,-1,0,1,0,0,0,0,0,1,-1,6,-1,-1,-1,1984,1,8,VOLKSWAGEN GOLF,-1,-1,0,-1
2024311527429,2024,311527429,1,9,0,-1,19,1,5,-1,0,0,0,0,0,0,1,1,-1,6,1,24,5,1984,1,10,VOLKSWAGEN GOLF,1,E01013811,0,1
2024010535905,2024,010535905,2,9,0,3,3,6,2,0,0,1,0,0,0,0,2,1,2,2,1,64,9,1598,2,8,VOLKSWAGEN GOLF,4,E01001391,0,1
2024430508863,2024,430508863,2,9,0,18,19,4,8,0,0,0,0,0,4,6,2,1,2,2,1,34,6,1400,1,14,VOLKSWAGEN GOLF,1,E01007320,0,5
2024991458825,2024,991458825,2,9,0,-1,19,6,2,-1,0,1,1,0,0,0,1,1,-1,9,2,34,6,1968,2,14,VOLKSWAGEN GOLF,8,-1,0,3
2024041486552,2024,041486552,1,9,0,-1,19,3,7,-1,0,0,0,0,0,0,1,1,-1,9,1,18,4,1968,2,15,VOLKSWAGEN GOLF,8,E01034346,0,2
2024471439651,2024,471439651,1,9,0,-1,15,8,4,-1,0,0,2,0,7,2,1,1,-1,1,1,33,6,1896,2,18,VOLKSWAGEN GOLF,8,E01030822,0,1
2024061532476,2024,061532476,4,9,0,-1,19,1,5,-1,0,0,0,0,3,0,3,1,-1,2,1,18,4,1968,2,2,VOLKSWAGEN GOLF,10,E01006101,0,1
2024471466715,2024,471466715,1,9,0,-1,19,8,3,-1,0,0,0,0,0,0,1,1,-1,2,1,19,4,1390,1,14,VOLKSWAGEN GOLF,6,E01030546,0,3
2024101429604,2024,101429604,2,9,0,-1,19,7,3,-1,0,1,0,0,0,0,1,1,-1,9,2,24,5,1498,1,5,VOLKSWAGEN GOLF,1,E01008735,0,1
2024531501561,2024,531501561,1,9,0,-1,19,1,5,-1,0,0,0,0,0,0,1,1,-1,2,1,19,4,1598,2,11,VOLKSWAGEN GOLF,9,E01022404,0,2
2024430178932,2024,430178932,2,9,0,18,19,8,4,0,0,8,0,0,0,0,1,1,6,6,1,53,8,1781,1,35,VOLKSWAGEN GOLF,7,E01016836,0,2
2024311397209,2024,311397209,2,9,0,-1,5,4,1,-1,0,1,0,0,0,0,1,1,-1,6,2,50,8,1968,2,8,VOLKSWAGEN GOLF,1,E01013849,0,1
2024991472642,2024,991472642,1,9,0,-1,19,7,4,-1,0,3,0,0,1,2,1,9,-1,9,1,21,5,2000,1,20,VOLKSWAGEN GOLF,5,-1,0,1
2024141433738,2024,141433738,1,9,0,-1,19,4,6,-1,0,0,0,0,1,1,1,1,-1,9,1,19,4,1498,1,4,VOLKSWAGEN GOLF,5,E01007366,0,2
2024061460004,2024,061460004,2,9,0,-1,19,5,1,-1,0,0,0,0,0,0,1,1,-1,9,1,42,7,1498,1,4,VOLKSWAGEN GOLF,1,E01005487,0,1
2024332401106,2024,332401106,2,9,0,-1,19,3,7,-1,0,0,0,0,0,0,1,1,-1,6,3,-1,-1,1896,2,16,VOLKSWAGEN GOLF,-1,-1,0,-1
2024421436390,2024,421436390,1,9,0,-1,19,3,1,-1,0,8,0,0,0,0,1,1,-1,6,1,41,7,1984,1,1,VOLKSWAGEN GOLF,4,E01023921,0,4
2024131452273,2024,131452273,1,9,0,-1,-1,-1,-1,-1,-1,8,-1,-1,-1,0,1,1,-1,6,1,17,4,1984,1,8,VOLKSWAGEN GOLF,1,E01010702,0,3
2024010518983,2024,010518983,2,9,0,99,99,9,9,99,99,9,9,99,9,99,1,9,6,6,3,-1,-1,1498,1,6,VOLKSWAGEN GOLF,-1,-1,0,-1
2024361448848,2024,361448848,1,9,0,-1,19,6,2,-1,0,0,0,0,0,0,1,1,-1,2,2,25,5,1598,2,8,VOLKSWAGEN GOLF,9,E01035135,0,3
2024131541674,2024,131541674,1,9,0,-1,9,6,8,-1,0,0,1,0,7,11,1,1,-1,9,1,21,5,1395,1,8,VOLKSWAGEN GOLF,6,E01010933,0,3
2024351409284,2024,351409284,1,9,0,-1,19,5,1,-1,0,1,0,0,0,0,1,1,-1,6,1,18,4,1968,2,14,VOLKSWAGEN GOLF,9,E01018278,0,2
2024991423776,2024,991423776,1,9,0,-1,9,5,3,-1,0,2,0,0,0,0,1,1,-1,6,1,23,5,1968,2,7,VOLKSWAGEN GOLF,5,-1,0,2
2024201513309,2024,201513309,1,9,0,-1,19,7,2,-1,0,0,0,0,7,4,1,1,-1,9,2,22,5,999,1,0,VOLKSWAGEN GOLF,4,E01031087,0,3
2024221515623,2024,221515623,2,9,0,-1,19,1,7,-1,0,0,0,0,0,0,1,9,-1,6,1,45,7,1984,1,10,VOLKSWAGEN GOLF,1,E01009983,0,4
2024061527503,2024,061527503,1,9,0,-1,2,0,0,-1,0,2,1,0,0,0,3,1,-1,6,1,31,6,1598,2,11,VOLKSWAGEN GOLF,3,E01005546,0,2
2024631417872,2024,631417872,1,9,0,-1,19,7,4,-1,0,0,0,0,1,3,1,1,-1,9,1,24,5,1968,2,9,VOLKSWAGEN GOLF,4,W01001991,0,4
2024031559731,2024,031559731,1,9,0,-1,19,5,1,-1,0,1,0,0,0,0,1,1,-1,9,1,38,7,1968,2,7,VOLKSWAGEN GOLF,1,E01019197,0,1
2024010504199,2024,010504199,1,9,9,99,99,9,9,99,99,9,9,99,9,99,9,9,6,6,1,31,6,1395,8,6,VOLKSWAGEN GOLF,1,E01034920,0,5
2024451449651,2024,451449651,1,9,0,-1,19,7,2,-1,9,5,0,0,8,4,1,1,-1,6,1,42,7,1984,1,11,VOLKSWAGEN GOLF,5,E01030484,0,2
2024010505731,2024,010505731,1,9,0,18,19,7,3,0,0,6,0,0,0,0,1,1,1,1,1,24,5,1984,1,3,VOLKSWAGEN GOLF,4,E01035687,0,1
2024440043849,2024,440043849,1,9,0,4,4,4,8,0,0,0,0,0,0,0,2,1,6,6,1,29,6,1598,1,17,VOLKSWAGEN GOLF,10,E01022847,0,1
2024471523523,2024,471523523,1,9,0,-1,19,4,8,-1,0,0,0,0,7,11,1,1,-1,9,1,18,4,1598,2,13,VOLKSWAGEN GOLF,6,E01031643,0,2
2024411556369,2024,411556369,1,9,0,-1,19,5,1,-1,0,1,0,0,0,0,4,1,-1,6,1,33,6,1968,2,9,VOLKSWAGEN GOLF,8,E01000204,0,2
2024340NN2112,2024,340NN2112,2,9,0,-1,8,6,2,-1,0,0,0,0,0,0,2,1,-1,9,2,35,6,1598,2,9,VOLKSWAGEN GOLF,7,E01027338,0,1
2024131423840,2024,131423840,2,9,0,-1,19,7,3,-1,0,0,0,0,0,0,1,1,-1,6,1,36,7,1984,1,1,VOLKSWAGEN GOLF,7,E01003414,0,5
2024991455228,2024,991455228,1,9,0,-1,15,5,1,-1,0,0,0,0,7,0,1,1,-1,2,1,31,6,2000,2,18,VOLKSWAGEN GOLF,4,-1,0,4
2024991499347,2024,991499347,1,9,0,-1,19,6,2,-1,-1,0,5,0,1,9,1,1,-1,6,1,19,4,1498,8,0,VOLKSWAGEN GOLF,10,-1,0,3
2024991477552,2024,991477552,1,9,0,-1,19,2,6,-1,0,4,0,0,0,0,1,1,-1,6,1,40,7,1968,2,14,VOLKSWAGEN GOLF,4,-1,0,1
2024201494172,2024,201494172,1,9,0,-1,19,6,2,-1,0,6,0,0,3,10,1,1,-1,6,2,30,6,1968,2,13,VOLKSWAGEN GOLF,-1,-1,0,-1
2024010490438,2024,010490438,1,9,0,99,99,9,9,99,99,0,9,99,9,99,1,9,6,6,2,27,6,1498,8,2,VOLKSWAGEN GOLF,4,E01000929,0,1
2024471486965,2024,471486965,2,9,0,-1,19,5,1,-1,0,1,0,0,0,0,2,1,-1,9,1,57,9,1395,1,7,VOLKSWAGEN GOLF,8,E01031707,0,1
2024501476818,2024,501476818,1,9,0,-1,9,2,8,-1,0,6,0,0,0,0,1,1,-1,6,1,84,11,1395,1,6,VOLKSWAGEN GOLF,6,E01018917,0,1
2024631434185,2024,631434185,1,9,0,-1,19,3,7,-1,0,0,0,0,0,0,1,1,-1,9,2,41,7,1968,2,14,VOLKSWAGEN GOLF,8,W01000534,0,3
2024010503376,2024,010503376,2,9,0,99,99,9,9,99,99,9,9,99,9,99,9,9,6,6,3,-1,-1,1498,8,4,VOLKSWAGEN GOLF,-1,-1,0,-1
2024061462685,2024,061462685,2,9,0,-1,19,7,3,-1,0,0,0,0,7,0,1,1,-1,9,2,73,10,1395,1,8,VOLKSWAGEN GOLF,8,E01006204,0,1
2024320712021,2024,320712021,1,9,0,-1,-1,7,3,0,0,0,0,0,0,0,1,1,6,6,1,29,6,1598,2,5,VOLKSWAGEN GOLF,5,E01026241,0,3
2024340WN7122,2024,340WN7122,2,9,0,-1,19,5,1,-1,0,0,0,0,0,0,0,1,-1,9,1,23,5,1598,2,13,VOLKSWAGEN GOLF,3,E01016725,0,4
2024201513983,2024,201513983,2,9,0,-1,19,8,5,-1,0,8,0,0,0,0,4,1,-1,6,1,26,6,1896,2,16,VOLKSWAGEN GOLF,5,E01009798,0,2
2024041453619,2024,041453619,1,9,0,-1,7,1,3,-1,0,2,1,0,7,11,3,1,-1,9,2,69,10,1968,2,10,VOLKSWAGEN GOLF,10,E01025352,0,2
2024411549598,2024,411549598,1,9,0,-1,1,7,3,-1,0,1,0,0,0,0,2,1,-1,9,1,86,11,1395,1,10,VOLKSWAGEN GOLF,10,E01023524,0,1
2024061434220,2024,061434220,1,9,-1,-1,-1,-1,-1,-1,-1,0,-1,-1,-1,0,-1,9,-1,6,3,-1,-1,1968,2,16,VOLKSWAGEN GOLF,-1,-1,0,-1
2024161449129,2024,161449129,1,9,0,-1,19,6,2,-1,0,0,0,0,0,0,1,1,-1,6,3,-1,-1,1968,2,7,VOLKSWAGEN GOLF,-1,-1,0,-1
2024440381573,2024,440381573,1,9,0,18,19,2,6,0,0,3,0,0,0,0,3,1,6,6,2,27,6,1896,2,17,VOLKSWAGEN GOLF,3,E01022487,0,1
2024010494437,2024,010494437,1,9,9,99,99,9,9,99,99,9,9,99,9,99,9,9,6,6,1,-1,-1,1390,1,16,VOLKSWAGEN GOLF,4,E01002130,0,2
2024332400497,2024,332400497,1,9,0,-1,19,1,4,-1,0,1,0,0,0,0,1,1,-1,6,1,24,5,1968,2,10,VOLKSWAGEN GOLF,2,E01013657,0,1
2024430408221,2024,430408221,1,9,0,10,10,6,4,0,0,1,0,0,0,0,3,1,6,6,2,22,5,1395,1,10,VOLKSWAGEN GOLF,6,E01023835,0,3
2024052402128,2024,052402128,1,9,0,7,7,8,2,0,0,5,1,0,0,0,1,2,6,6,1,22,5,1968,2,7,VOLKSWAGEN GOLF,8,E01007154,0,2
2024991488224,2024,991488224,1,9,0,-1,9,2,4,-1,0,5,0,0,0,0,3,1,-1,9,2,78,11,1968,2,15,VOLKSWAGEN GOLF,8,-1,0,2
2024141503963,2024,141503963,1,9,0,-1,3,3,7,-1,0,0,0,0,0,0,2,2,-1,6,2,26,6,1598,2,9,VOLKSWAGEN GOLF,1,E01007509,0,1
2024122400736,2024,122400736,1,9,0,16,19,3,6,0,0,0,5,0,7,10,1,1,6,6,1,42,7,1968,2,5,VOLKSWAGEN GOLF,7,E01027724,0,3
2024520402612,2024,520402612,1,9,0,18,19,8,4,0,0,8,0,0,0,0,1,1,6,6,1,21,5,1395,1,6,VOLKSWAGEN GOLF,6,E01016876,0,5
2024461520125,2024,461520125,2,9,0,-1,3,5,1,-1,0,0,0,0,0,0,2,1,-1,1,1,26,6,1390,1,15,VOLKSWAGEN GOLF,9,E01024044,0,1
2024131419999,2024,131419999,2,9,0,-1,19,5,1,-1,0,8,0,0,0,0,1,1,-1,9,1,83,11,1896,2,20,VOLKSWAGEN GOLF,8,E01011857,0,1
2024201494847,2024,201494847,1,9,0,-1,5,4,8,-1,0,0,0,0,0,0,1,1,-1,6,2,22,5,1968,2,16,VOLKSWAGEN GOLF,2,E01009210,0,2
2024610043424,2024,610043424,2,9,0,18,19,1,5,0,0,0,0,0,0,0,1,1,6,6,2,25,5,1598,2,9,VOLKSWAGEN GOLF,2,W01001332,0,2
2024141413733,2024,141413733,1,9,0,-1,19,3,7,-1,0,0,0,0,1,4,1,1,-1,9,1,20,4,1598,2,9,VOLKSWAGEN GOLF,2,E01007812,0,3
2024501548154,2024,501548154,2,9,0,-1,19,1,6,-1,0,0,0,0,7,0,1,1,-1,6,1,27,6,1498,1,2,VOLKSWAGEN GOLF,2,W01000790,0,5
2024231408591,2024,231408591,1,9,0,-1,13,3,7,-1,0,1,0,0,0,0,1,9,-1,9,1,25,5,1197,1,11,VOLKSWAGEN GOLF,2,E01022284,0,4
2024141449459,2024,141449459,1,9,0,-1,3,5,1,-1,0,0,0,0,0,0,2,1,-1,9,2,18,4,1598,2,10,VOLKSWAGEN GOLF,3,E01008028,0,2
2024141518766,2024,141518766,1,9,0,-1,19,1,5,-1,0,0,0,0,0,0,1,1,-1,9,1,22,5,1968,2,10,VOLKSWAGEN GOLF,1,E01007413,0,3
2024201407222,2024,201407222,2,9,0,-1,2,0,0,-1,0,0,0,0,0,0,2,9,-1,1,1,28,6,1395,8,8,VOLKSWAGEN GOLF,5,E01008974,0,1
2024141435340,2024,141435340,1,9,0,-1,-1,-1,-1,-1,-1,0,-1,-1,-1,0,-1,9,-1,6,3,-1,-1,2000,1,19,VOLKSWAGEN GOLF,-1,-1,0,-1
2024461431214,2024,461431214,4,9,0,-1,4,6,2,-1,0,0,1,0,0,0,2,1,-1,6,2,22,5,1968,2,3,VOLKSWAGEN GOLF,7,E01000442,0,2
2024041464379,2024,041464379,1,9,0,-1,19,7,3,-1,0,0,0,0,0,0,1,1,-1,9,2,19,4,1498,1,4,VOLKSWAGEN GOLF,2,E01025285,0,1
2024131471759,2024,131471759,2,9,0,-1,9,6,8,-1,0,1,0,0,0,0,4,1,-1,9,2,26,6,1896,2,17,VOLKSWAGEN GOLF,1,E01010839,0,1
2024131525965,2024,131525965,1,9,0,-1,19,5,1,-1,0,0,1,0,7,0,1,1,-1,9,1,23,5,1598,2,12,VOLKSWAGEN GOLF,1,E01011729,0,1
2024351416699,2024,351416699,3,9,0,-1,3,-1,-1,-1,0,1,0,0,0,0,2,9,-1,6,2,-1,-1,1395,1,9,VOLKSWAGEN GOLF,9,E01018299,0,2