collision_index,collision_year,collision_ref_no,vehicle_reference,vehicle_type,towing_and_articulation,vehicle_manoeuvre_historic,vehicle_manoeuvre,vehicle_direction_from,vehicle_direction_to,vehicle_location_restricted_lane_historic,vehicle_location_restricted_lane,junction_location,skidding_and_overturning,hit_object_in_carriageway,vehicle_leaving_carriageway,hit_object_off_carriageway,first_point_of_impact,vehicle_left_hand_drive,journey_purpose_of_driver_historic,journey_purpose_of_driver,sex_of_driver,age_of_driver,age_band_of_driver,engine_capacity_cc,propulsion_code,age_of_vehicle,generic_make_model,driver_imd_decile,lsoa_of_driver,escooter_flag,driver_distance_banding
2024552400065,2024,552400065,1,9,0,18,19,8,4,0,0,1,0,0,0,0,1,1,6,6,1,26,6,1197,1,12,VOLKSWAGEN GOLF,3,E01015292,0,1
2024201513409,2024,201513409,1,9,0,-1,19,6,2,-1,0,0,1,10,4,6,1,1,-1,6,1,34,6,1984,1,6,VOLKSWAGEN GOLF,5,E01029637,0,4
2024131419521,2024,131419521,1,9,0,-1,9,7,1,-1,0,6,0,0,0,0,1,1,-1,2,2,45,7,1598,2,3,VOLKSWAGEN GOLF,8,E01019804,0,4
2024061520501,2024,061520501,1,9,0,-1,9,2,8,-1,0,8,0,0,0,0,1,1,-1,6,2,26,6,1896,2,17,VOLKSWAGEN GOLF,4,E01005700,0,3
2024430508909,2024,430508909,1,9,0,18,19,3,7,0,0,0,0,0,0,0,1,1,1,1,1,34,6,1390,1,12,VOLKSWAGEN GOLF,7,E01033959,0,4
2024520402447,2024,520402447,1,9,0,18,19,1,7,0,0,0,0,0,0,0,9,1,6,6,1,87,11,1598,2,9,VOLKSWAGEN GOLF,5,E01029180,0,1
2024461476885,2024,461476885,2,9,0,-1,19,5,1,-1,0,8,0,0,0,0,1,1,-1,9,2,36,7,1390,1,13,VOLKSWAGEN GOLF,10,E01024424,0,1
2024010500565,2024,010500565,4,9,0,2,2,0,0,2,2,1,0,0,0,0,3,1,6,6,3,-1,-1,1984,1,22,VOLKSWAGEN GOLF,-1,-1,0,-1
2024010510682,2024,010510682,1,9,0,17,19,7,3,9,9,1,0,10,7,0,1,1,6,6,1,24,5,1984,1,9,VOLKSWAGEN GOLF,-1,-1,0,-1
2024451399131,2024,451399131,1,9,0,-1,19,5,1,-1,9,1,0,0,2,11,1,1,-1,9,2,74,10,1390,1,14,VOLKSWAGEN GOLF,7,E01030440,0,2
2024320694458,2024,320694458,1,9,0,-1,-1,8,2,0,0,6,0,0,0,0,3,1,6,6,1,70,10,1390,1,15,VOLKSWAGEN GOLF,9,E01026406,0,1
2024010511953,2024,010511953,4,9,0,2,2,0,0,0,0,0,0,0,0,0,2,1,6,6,3,-1,-1,1968,2,14,VOLKSWAGEN GOLF,-1,-1,0,-1
2024411478836,2024,411478836,1,9,0,-1,14,8,4,-1,0,1,1,0,0,0,1,1,-1,6,1,21,5,1900,2,19,VOLKSWAGEN GOLF,6,E01023943,0,1
2024231518139,2024,231518139,1,9,0,-1,4,7,6,-1,0,0,0,0,0,0,1,1,-1,6,1,23,5,1968,2,16,VOLKSWAGEN GOLF,6,E01027029,0,3
202460Q026439,2024,60Q026439,1,9,0,16,19,3,7,0,0,0,0,0,1,11,1,1,6,6,1,18,4,1395,8,6,VOLKSWAGEN GOLF,-1,-1,0,-1
2024061536839,2024,061536839,1,9,0,-1,6,5,5,-1,0,1,0,0,0,0,3,1,-1,9,1,30,6,1968,2,13,VOLKSWAGEN GOLF,1,E01005935,0,2
2024991450788,2024,991450788,1,9,0,-1,19,2,6,-1,0,0,0,0,0,0,1,1,-1,9,1,78,11,1896,2,21,VOLKSWAGEN GOLF,2,-1,0,4
2024010516539,2024,010516539,1,9,0,9,9,7,5,0,0,5,0,0,0,0,1,1,6,6,2,41,7,1390,1,17,VOLKSWAGEN GOLF,10,E01000707,0,3
2024631430255,2024,631430255,1,9,0,-1,9,3,1,-1,0,6,0,0,0,0,0,2,-1,6,1,19,4,1968,2,5,VOLKSWAGEN GOLF,6,E01001641,0,5
2024111487835,2024,111487835,1,9,0,-1,19,1,3,-1,0,0,1,0,7,0,1,1,-1,9,1,17,4,1598,2,8,VOLKSWAGEN GOLF,7,E01020862,0,2
2024451405906,2024,451405906,2,9,0,-1,19,3,7,-1,0,0,0,0,0,0,1,1,-1,1,1,25,5,1390,1,13,VOLKSWAGEN GOLF,6,E01001070,0,1
2024501514094,2024,501514094,1,9,0,-1,19,1,5,-1,0,1,5,0,7,10,1,1,-1,9,2,23,5,1598,2,12,VOLKSWAGEN GOLF,9,E01020316,0,4
2024471410414,2024,471410414,1,9,0,-1,19,2,6,-1,0,0,0,0,0,0,1,1,-1,2,1,33,6,1598,2,11,VOLKSWAGEN GOLF,6,E01031817,0,4
2024361482731,2024,361482731,2,9,0,-1,19,7,3,-1,0,0,1,0,0,0,3,1,-1,6,1,57,9,1896,2,19,VOLKSWAGEN GOLF,10,E01025713,0,5
2024461502614,2024,461502614,1,9,0,-1,9,7,3,-1,0,5,0,0,0,0,1,1,-1,6,1,36,7,1598,1,18,VOLKSWAGEN GOLF,7,E01024333,0,2
2024131461008,2024,131461008,1,9,0,-1,-1,-1,-1,-1,-1,-1,-1,-1,-1,-1,-1,1,-1,6,3,-1,-1,1968,2,19,VOLKSWAGEN GOLF,-1,-1,0,-1
2024401449735,2024,401449735,1,9,0,-1,9,2,8,-1,0,8,0,0,0,0,1,1,-1,9,2,87,11,1498,1,6,VOLKSWAGEN GOLF,9,E01017456,0,1
2024071062138,2024,071062138,1,9,0,-1,19,5,5,-1,0,2,0,0,0,0,1,1,-1,2,1,31,6,1968,2,8,VOLKSWAGEN GOLF,3,E01018401,0,3
2024010536153,2024,010536153,1,9,0,13,13,5,1,0,0,0,0,0,0,0,0,1,6,6,1,36,7,2000,1,19,VOLKSWAGEN GOLF,4,E01003177,0,2
2024340WN3362,2024,340WN3362,1,9,0,-1,13,3,7,-1,0,0,1,0,7,11,1,1,-1,6,1,22,5,1896,2,17,VOLKSWAGEN GOLF,8,E01017465,0,3
2024991416369,2024,991416369,2,9,0,-1,4,8,4,-1,0,0,0,0,0,0,2,1,-1,9,1,33,6,1498,1,5,VOLKSWAGEN GOLF,4,-1,0,2
2024010500809,2024,010500809,2,9,0,99,99,9,9,99,99,6,9,99,9,99,1,9,6,6,3,-1,-1,1598,1,17,VOLKSWAGEN GOLF,-1,-1,0,-1
2024430518805,2024,430518805,1,9,0,9,9,1,7,0,0,5,0,0,0,0,1,1,6,6,2,58,9,1395,1,10,VOLKSWAGEN GOLF,10,E01027265,0,3
2024010551646,2024,010551646,1,9,0,18,19,5,1,0,0,8,0,0,0,0,3,1,6,6,1,33,6,1395,1,6,VOLKSWAGEN GOLF,2,E01004459,0,1
2024201499501,2024,201499501,1,9,0,-1,19,4,8,-1,0,0,0,0,0,0,1,1,-1,6,1,38,7,1598,2,7,VOLKSWAGEN GOLF,-1,-1,0,-1
2024430375862,2024,430375862,3,9,0,18,19,2,6,0,0,0,0,0,0,0,1,1,6,6,1,23,5,1968,2,15,VOLKSWAGEN GOLF,5,E01028446,0,2
2024340NN2322,2024,340NN2322,2,9,0,-1,19,5,1,-1,0,8,0,0,0,0,1,1,-1,9,1,47,8,1395,8,1,VOLKSWAGEN GOLF,10,E01027121,0,1
2024010510901,2024,010510901,2,9,0,18,19,3,7,0,0,2,0,0,0,0,1,1,6,6,1,19,4,2000,1,19,VOLKSWAGEN GOLF,7,E01004275,0,1
2024122400431,2024,122400431,1,9,0,18,19,1,5,0,0,8,0,0,0,0,1,1,6,6,1,48,8,1984,1,10,VOLKSWAGEN GOLF,3,E01011154,0,5
2024131508134,2024,131508134,1,9,0,-1,19,1,5,-1,0,1,0,0,0,0,1,1,-1,1,1,35,6,1498,1,3,VOLKSWAGEN GOLF,1,E01011001,0,1
2024131403242,2024,131403242,1,9,0,-1,-1,-1,-1,-1,-1,-1,-1,-1,-1,-1,-1,1,-1,6,3,-1,-1,1968,2,12,VOLKSWAGEN GOLF,-1,-1,0,-1
2024440449232,2024,440449232,1,9,0,18,19,6,2,0,0,1,0,0,0,0,1,1,6,6,1,82,11,1390,1,12,VOLKSWAGEN GOLF,10,E01023101,0,1
2024401503375,2024,401503375,1,9,0,-1,4,4,8,-1,-1,0,0,0,0,0,1,1,-1,2,2,41,7,1498,1,7,VOLKSWAGEN GOLF,7,E01017423,0,1
2024070080725,2024,070080725,1,9,0,18,19,3,7,0,0,1,0,0,0,0,0,1,6,6,1,-1,-1,1598,2,10,VOLKSWAGEN GOLF,-1,-1,0,-1
2024041536121,2024,041536121,2,9,0,-1,19,1,5,-1,0,1,1,0,0,0,4,1,-1,9,1,18,4,1968,2,11,VOLKSWAGEN GOLF,1,E01025068,0,2
2024451461344,2024,451461344,1,9,0,-1,3,3,7,-1,0,0,0,0,0,0,2,1,-1,1,2,64,9,1395,1,11,VOLKSWAGEN GOLF,8,E01030478,0,1
202454A850024,2024,54A850024,1,9,0,18,19,7,3,0,0,1,0,0,0,0,1,1,2,2,2,36,7,1498,1,5,VOLKSWAGEN GOLF,6,E01034549,0,1
2024351437768,2024,351437768,1,9,0,-1,19,4,8,-1,0,1,0,0,3,0,4,1,-1,6,2,68,10,1390,1,15,VOLKSWAGEN GOLF,10,E01023826,0,4
2024010537146,2024,010537146,1,9,0,11,11,3,7,0,0,0,0,0,0,0,4,1,6,6,1,32,6,1598,1,18,VOLKSWAGEN GOLF,3,E01016014,0,3
2024461502343,2024,461502343,2,9,0,-1,3,8,3,-1,0,1,0,0,0,0,3,9,-1,6,1,31,6,1968,2,17,VOLKSWAGEN GOLF,4,E01024281,0,3
2024010500857,2024,010500857,1,9,0,7,7,1,3,0,0,5,0,0,0,0,4,1,6,6,1,37,7,1984,1,4,VOLKSWAGEN GOLF,2,E01001877,0,1
2024041445297,2024,041445297,2,9,0,-1,19,1,5,-1,0,0,0,0,0,0,2,1,-1,9,1,48,8,1598,1,17,VOLKSWAGEN GOLF,1,E01005754,0,4
2024522402689,2024,522402689,1,9,0,18,19,5,1,0,0,0,5,4,0,0,4,1,6,6,1,24,5,1498,1,3,VOLKSWAGEN GOLF,9,W01000899,0,4
2024430615813,2024,430615813,2,9,0,9,9,8,6,0,0,8,0,0,0,0,1,1,6,6,1,-1,-1,1390,1,19,VOLKSWAGEN GOLF,10,E01017796,0,3
2024430238040,2024,430238040,2,9,0,18,19,6,2,0,0,1,0,0,0,0,1,1,2,2,2,40,7,1395,1,6,VOLKSWAGEN GOLF,10,E01035756,0,3
2024421530386,2024,421530386,2,9,0,-1,19,5,1,-1,0,0,0,0,0,0,1,1,-1,9,1,34,6,1968,2,8,VOLKSWAGEN GOLF,9,E01022076,0,1
2024221488974,2024,221488974,1,9,0,-1,19,7,3,-1,0,0,0,0,0,0,1,1,-1,6,1,22,5,1598,1,21,VOLKSWAGEN GOLF,8,E01028951,0,1
2024421526800,2024,421526800,3,9,0,-1,19,1,5,-1,0,0,0,0,0,0,2,1,-1,6,1,23,5,1598,2,13,VOLKSWAGEN GOLF,10,E01021584,0,2
2024201465482,2024,201465482,1,9,0,-1,4,7,6,-1,0,0,0,0,0,0,1,1,-1,9,1,23,5,1896,2,17,VOLKSWAGEN GOLF,2,E01009757,0,1
2024010512534,2024,010512534,2,9,0,99,99,9,9,99,99,9,9,99,9,99,1,9,6,6,3,29,6,1395,1,11,VOLKSWAGEN GOLF,3,E01004422,0,1
2024430155929,2024,430155929,2,9,0,18,19,2,6,0,0,0,0,0,0,0,1,1,6,6,1,75,10,999,1,6,VOLKSWAGEN GOLF,10,E01022729,0,5
2024061447803,2024,061447803,2,9,0,-1,19,1,5,-1,0,1,0,0,0,0,1,1,-1,6,2,40,7,1600,2,15,VOLKSWAGEN GOLF,2,E01004815,0,3
2024522402830,2024,522402830,1,9,0,18,19,6,2,0,0,1,0,0,0,0,3,1,6,6,1,28,6,1395,1,11,VOLKSWAGEN GOLF,2,E01014575,0,1
2024201497236,2024,201497236,2,9,0,-1,13,5,1,-1,0,0,0,0,0,0,1,1,-1,2,1,19,4,1968,2,6,VOLKSWAGEN GOLF,10,E01009903,0,1
2024440235358,2024,440235358,1,9,0,7,7,7,1,0,0,5,0,0,3,1,1,1,6,6,2,28,6,1984,1,4,VOLKSWAGEN GOLF,5,E01015519,0,4
2024991496351,2024,991496351,2,9,0,-1,19,7,3,-1,0,1,1,0,7,9,3,1,-1,2,1,52,8,1968,2,3,VOLKSWAGEN GOLF,6,-1,0,4
2024010525563,2024,010525563,3,9,0,16,19,6,2,0,0,0,0,0,0,0,1,1,1,1,1,26,6,1498,1,3,VOLKSWAGEN GOLF,8,E01004553,0,3
2024010544268,2024,010544268,1,9,0,18,19,7,3,0,0,0,0,0,0,0,1,1,6,6,1,21,5,1390,1,13,VOLKSWAGEN GOLF,6,E01000069,0,2
2024201523564,2024,201523564,1,9,0,-1,5,2,2,-1,0,1,0,0,0,0,1,9,-1,6,1,30,6,1598,2,14,VOLKSWAGEN GOLF,-1,-1,0,-1
2024471458944,2024,471458944,1,9,0,-1,19,2,6,-1,0,0,0,0,1,4,4,1,-1,6,1,17,4,1400,1,14,VOLKSWAGEN GOLF,8,E01031466,0,1
2024421461920,2024,421461920,1,9,0,-1,9,6,3,-1,0,5,1,0,0,0,4,1,-1,6,1,24,5,1984,1,8,VOLKSWAGEN GOLF,5,E01001301,0,4
2024141430208,2024,141430208,2,9,0,-1,14,6,2,-1,0,1,0,0,0,0,1,1,-1,6,1,22,5,1984,1,5,VOLKSWAGEN GOLF,5,E01008113,0,1
2024461455378,2024,461455378,1,9,0,-1,4,7,3,-1,0,1,0,0,0,0,1,1,-1,9,2,61,9,1900,2,18,VOLKSWAGEN GOLF,4,E01029036,0,5
2024471508980,2024,471508980,1,9,0,-1,7,5,7,-1,0,5,0,0,7,1,1,1,-1,6,1,19,4,1896,2,23,VOLKSWAGEN GOLF,5,E01031529,0,1
2024131418255,2024,131418255,2,9,0,-1,19,1,1,-1,9,1,1,0,1,11,1,1,-1,6,1,44,7,1968,2,15,VOLKSWAGEN GOLF,4,E01010598,0,1
2024991481688,2024,991481688,2,9,0,-1,19,7,3,-1,0,1,0,0,0,0,1,1,-1,2,1,37,7,1781,1,32,VOLKSWAGEN GOLF,3,-1,0,1
2024501514363,2024,501514363,1,9,0,-1,19,1,5,-1,0,1,0,0,0,0,4,1,-1,1,2,28,6,1498,1,4,VOLKSWAGEN GOLF,1,E01015044,0,1
2024010493647,2024,010493647,1,9,0,3,3,8,4,0,0,0,0,0,0,0,1,1,6,6,1,40,7,1600,1,20,VOLKSWAGEN GOLF,8,E01000234,0,2
2024122400529,2024,122400529,1,9,0,16,19,2,6,0,0,0,0,0,7,10,1,1,2,2,2,54,8,1598,2,9,VOLKSWAGEN GOLF,4,E01027813,0,4
2024549445424,2024,549445424,2,9,0,3,3,2,6,0,0,1,0,0,0,0,2,1,1,1,1,20,4,1390,1,15,VOLKSWAGEN GOLF,9,E01031946,0,3
2024131498529,2024,131498529,2,9,0,-1,5,1,5,-1,9,0,0,0,0,0,4,2,-1,2,2,36,7,1395,1,8,VOLKSWAGEN GOLF,3,E01010602,0,1
2024161416031,2024,161416031,2,9,0,-1,19,2,6,-1,0,1,0,0,0,0,1,1,-1,6,3,-1,-1,1968,2,15,VOLKSWAGEN GOLF,-1,-1,0,-1
2024010495177,2024,010495177,2,9,0,99,99,9,9,99,99,6,9,99,9,99,1,9,6,6,2,-1,-1,1498,8,3,VOLKSWAGEN GOLF,-1,-1,0,-1
2024010519945,2024,010519945,2,9,0,4,4,7,3,0,0,0,0,0,0,0,0,2,6,6,1,70,10,1395,1,8,VOLKSWAGEN GOLF,-1,-1,0,-1
2024302400584,2024,302400584,1,9,0,16,19,6,1,0,0,1,0,0,0,0,3,1,6,6,1,26,6,1598,1,17,VOLKSWAGEN GOLF,2,E01007395,0,4
2024461430670,2024,461430670,2,9,0,-1,5,7,3,-1,0,8,0,0,0,0,1,1,-1,2,1,24,5,1598,2,13,VOLKSWAGEN GOLF,6,E01034999,0,2
2024332400331,2024,332400331,1,9,0,-1,3,6,2,-1,0,1,0,0,0,0,2,1,-1,9,2,24,5,1984,1,8,VOLKSWAGEN GOLF,10,E01034004,0,1
2024010545678,2024,010545678,3,9,0,99,99,9,9,99,99,9,9,99,9,99,9,9,6,6,1,43,7,1781,1,23,VOLKSWAGEN GOLF,10,E01004097,0,1
2024401479519,2024,401479519,1,9,0,-1,9,7,5,-1,0,0,1,4,0,0,1,1,-1,9,1,26,6,1598,2,12,VOLKSWAGEN GOLF,7,E01012062,0,5
2024061498357,2024,061498357,1,9,0,-1,19,1,5,-1,0,2,0,0,0,0,1,1,-1,9,1,38,7,1598,2,10,VOLKSWAGEN GOLF,7,E01004933,0,2
2024221400400,2024,221400400,1,9,0,-1,4,3,7,-1,0,8,0,0,0,0,2,9,-1,9,2,28,6,1968,2,8,VOLKSWAGEN GOLF,8,E01032226,0,1
2024401503399,2024,401503399,1,9,0,-1,5,3,1,-1,0,6,0,0,0,0,3,1,-1,6,1,32,6,1968,2,1,VOLKSWAGEN GOLF,4,E01020320,0,5
2024161408641,2024,161408641,1,9,0,-1,19,8,2,-1,0,0,1,0,7,0,1,1,-1,9,1,19,4,1900,2,24,VOLKSWAGEN GOLF,8,E01035472,0,4
2024101400564,2024,101400564,1,9,0,-1,19,8,4,-1,0,8,0,0,0,0,1,1,-1,6,1,20,4,1900,2,17,VOLKSWAGEN GOLF,1,E01008348,0,1
2024101508466,2024,101508466,1,9,0,-1,19,1,5,-1,0,0,0,0,0,0,4,1,-1,6,3,-1,-1,1900,2,18,VOLKSWAGEN GOLF,-1,-1,0,-1
2024061474605,2024,061474605,1,9,0,-1,19,1,5,-1,0,8,0,0,0,0,1,1,-1,6,1,29,6,1498,1,1,VOLKSWAGEN GOLF,1,E01005485,0,1
2024401522684,2024,401522684,2,9,-1,-1,-1,-1,-1,-1,-1,-1,-1,-1,-1,0,3,9,-1,9,2,30,6,1968,2,11,VOLKSWAGEN GOLF,9,E01018133,0,4
2024010511433,2024,010511433,1,9,0,18,19,1,5,0,0,1,0,0,1,11,1,1,6,6,1,21,5,1390,1,15,VOLKSWAGEN GOLF,-1,-1,0,-1
2024332400227,2024,332400227,1,9,0,-1,19,1,5,-1,0,8,0,0,0,0,3,1,-1,6,2,38,7,1390,1,15,VOLKSWAGEN GOLF,6,E01013766,0,1
2024501534398,2024,501534398,1,9,0,-1,11,4,8,-1,0,1,0,0,0,0,4,1,-1,6,1,40,7,1896,2,16,VOLKSWAGEN GOLF,8,E01015098,0,1
2024340WN4052,2024,340WN4052,2,9,0,-1,19,5,1,-1,0,1,0,0,0,0,4,1,-1,9,2,53,8,1968,2,15,VOLKSWAGEN GOLF,8,E01027212,0,2
2024522401955,2024,522401955,2,9,0,9,9,8,4,0,0,2,1,10,7,2,3,1,6,6,1,89,11,1498,1,5,VOLKSWAGEN GOLF,9,E01024462,0,5
2024231510711,2024,231510711,1,9,0,-1,19,5,1,-1,0,0,0,0,7,0,1,1,-1,6,1,32,6,1896,2,23,VOLKSWAGEN GOLF,7,E01031007,0,2
2024520402555,2024,520402555,1,9,0,18,19,3,7,0,0,0,0,0,0,0,1,1,6,6,2,19,4,1598,1,17,VOLKSWAGEN GOLF,5,E01029279,0,3
2024101517107,2024,101517107,1,9,0,-1,19,1,5,-1,0,0,0,0,0,0,1,1,-1,9,2,34,6,1598,2,12,VOLKSWAGEN GOLF,4,E01027373,0,1
2024231534349,2024,231534349,1,9,0,-1,19,8,4,-1,0,8,0,0,0,0,1,1,-1,9,2,27,6,1968,2,13,VOLKSWAGEN GOLF,3,E01031115,0,1
2024991420992,2024,991420992,1,9,0,-1,19,8,5,-1,0,1,0,0,0,0,1,1,-1,6,1,58,9,1395,1,9,VOLKSWAGEN GOLF,2,-1,0,1
2024010519025,2024,010519025,2,9,0,2,2,9,9,99,99,0,9,99,9,99,9,9,6,6,3,59,9,1390,1,17,VOLKSWAGEN GOLF,6,E01003281,0,2
2024122401034,2024,122401034,1,9,0,18,19,3,7,0,0,0,0,0,0,0,3,1,6,6,1,49,8,1900,2,19,VOLKSWAGEN GOLF,7,E01025048,0,4
2024991576318,2024,991576318,1,9,0,-1,19,7,3,-1,9,0,0,0,1,0,1,9,-1,9,1,20,4,1968,2,16,VOLKSWAGEN GOLF,2,-1,0,1
2024552400462,2024,552400462,1,9,0,7,7,8,2,0,0,6,0,0,0,0,4,1,2,2,1,38,7,1598,1,17,VOLKSWAGEN GOLF,5,E01020471,0,3
2024401502007,2024,401502007,1,9,0,-1,14,3,7,-1,0,0,0,4,0,0,1,1,-1,9,2,35,6,1896,2,16,VOLKSWAGEN GOLF,2,E01015703,0,1
2024461511145,2024,461511145,1,9,0,-1,19,5,1,-1,0,0,0,0,0,0,0,9,-1,6,2,39,7,1598,2,13,VOLKSWAGEN GOLF,4,E01024296,0,1
2024411515320,2024,411515320,2,9,-1,-1,-1,-1,-1,-1,-1,0,-1,-1,-1,0,-1,9,-1,9,2,-1,-1,1498,1,5,VOLKSWAGEN GOLF,10,E01023452,0,2
2024010489990,2024,010489990,2,9,9,99,99,9,9,9,9,6,9,99,9,99,9,9,6,6,3,32,6,1598,2,7,VOLKSWAGEN GOLF,5,E01004580,0,1
2024211416660,2024,211416660,2,9,0,-1,19,4,1,-1,0,0,0,0,8,0,1,9,-1,1,1,28,6,1395,1,6,VOLKSWAGEN GOLF,8,E01009904,0,3
2024610035724,2024,610035724,2,9,0,18,19,2,6,0,0,0,0,0,0,0,4,1,6,6,1,59,9,1598,1,18,VOLKSWAGEN GOLF,1,W01001376,0,1
2024320039279,2024,320039279,1,9,0,-1,-1,6,2,0,0,0,0,4,0,0,1,1,6,6,1,51,8,1968,2,20,VOLKSWAGEN GOLF,3,E01026270,0,1
2024411531634,2024,411531634,1,9,0,-1,19,1,4,-1,0,1,0,0,7,4,1,1,-1,9,1,22,5,1984,1,14,VOLKSWAGEN GOLF,10,E01023568,0,2
2024430330644,2024,430330644,2,9,0,18,19,1,5,0,0,0,0,0,0,0,0,1,6,6,2,64,9,1598,2,13,VOLKSWAGEN GOLF,9,E01017672,0,2
2024543893324,2024,543893324,2,9,0,18,19,7,3,0,0,0,0,0,0,0,2,1,6,6,2,26,6,1896,2,17,VOLKSWAGEN GOLF,10,E01016665,0,4
2024052400117,2024,052400117,2,9,0,18,19,3,7,0,0,1,1,0,0,0,4,1,6,6,2,54,8,1598,2,12,VOLKSWAGEN GOLF,3,E01007137,0,2
2024010539186,2024,010539186,1,9,0,18,19,5,1,0,0,0,0,0,0,0,1,1,2,2,1,22,5,1390,1,12,VOLKSWAGEN GOLF,7,E01002222,0,1
2024622400824,2024,622400824,1,9,0,4,4,2,6,0,0,0,0,0,0,0,2,1,6,6,2,47,8,1968,2,2,VOLKSWAGEN GOLF,10,W01000827,0,2
2024522402337,2024,522402337,2,9,0,6,6,1,1,0,0,2,0,0,0,0,3,1,6,6,3,-1,-1,1598,1,23,VOLKSWAGEN GOLF,-1,-1,0,-1
2024991461104,2024,991461104,2,9,0,-1,19,5,1,-1,0,1,1,0,0,0,3,1,-1,9,1,37,7,1968,2,10,VOLKSWAGEN GOLF,9,-1,0,1
2024061532700,2024,061532700,1,9,0,-1,5,0,3,-1,0,8,0,0,3,11,2,1,-1,6,1,31,6,1498,8,0,VOLKSWAGEN GOLF,9,E01005786,0,1
2024320022539,2024,320022539,1,9,0,1,1,7,3,0,0,0,0,0,7,11,2,1,6,6,2,71,10,1598,2,9,VOLKSWAGEN GOLF,7,E01026348,0,1
2024201534959,2024,201534959,1,9,0,-1,19,5,1,-1,0,0,0,0,0,0,1,1,-1,9,2,26,6,1395,1,11,VOLKSWAGEN GOLF,-1,-1,0,-1
2024461527554,2024,461527554,1,9,0,-1,-1,3,7,-1,-1,0,0,10,1,7,1,1,-1,-1,1,29,6,2000,2,20,VOLKSWAGEN GOLF,1,-1,0,5
2024340NN2212,2024,340NN2212,1,9,0,-1,19,5,1,-1,0,1,0,0,0,0,1,1,-1,2,1,24,5,1968,2,8,VOLKSWAGEN GOLF,9,E01027345,0,1
2024010529872,2024,010529872,2,9,0,17,19,3,1,0,0,0,1,0,0,0,1,1,6,6,1,23,5,1598,1,16,VOLKSWAGEN GOLF,3,E01000044,0,2
2024061419564,2024,061419564,1,9,0,-1,19,4,8,-1,0,0,0,0,0,0,3,1,-1,7,2,36,7,1598,2,13,VOLKSWAGEN GOLF,2,E01005460,0,1
202454A732524,2024,54A732524,2,9,0,18,19,7,3,0,0,1,0,0,0,0,1,1,6,6,2,23,5,1896,2,17,VOLKSWAGEN GOLF,8,E01034537,0,4
2024201533617,2024,201533617,1,9,0,-1,4,5,1,-1,0,1,0,0,0,0,2,1,-1,1,2,32,6,1984,1,0,VOLKSWAGEN GOLF,2,E01009239,0,2
2024010536758,2024,010536758,2,9,0,99,99,9,9,99,99,9,9,99,9,99,9,9,6,6,3,24,5,1498,1,6,VOLKSWAGEN GOLF,6,E01010027,0,5
2024440405353,2024,440405353,2,9,0,18,19,8,6,0,0,0,0,0,0,0,1,1,6,6,3,-1,-1,1896,2,20,VOLKSWAGEN GOLF,-1,-1,0,-1
202454B362924,2024,54B362924,1,9,0,1,1,7,3,0,0,0,0,0,0,0,2,1,6,6,1,51,8,-1,3,5,VOLKSWAGEN GOLF,8,E01031957,0,4
2024552400102,2024,552400102,1,9,0,7,7,8,2,0,0,6,0,0,0,0,0,1,2,2,1,56,9,1896,2,22,VOLKSWAGEN GOLF,2,-1,0,5
2024041522406,2024,041522406,1,9,0,-1,19,3,7,-1,0,1,5,11,8,10,3,1,-1,9,1,19,4,1984,1,17,VOLKSWAGEN GOLF,3,E01004834,0,2
2024421407585,2024,421407585,2,9,-1,-1,19,-1,-1,-1,0,0,-1,0,0,0,2,9,-1,6,1,-1,-1,1395,1,9,VOLKSWAGEN GOLF,10,E01021757,0,1
2024211426892,2024,211426892,2,9,0,-1,13,1,5,-1,0,0,0,0,0,0,4,9,-1,6,1,-1,-1,1984,1,10,VOLKSWAGEN GOLF,-1,-1,0,-1
2024010526615,2024,010526615,2,9,0,99,99,9,9,99,99,9,9,99,9,99,9,9,6,6,3,-1,-1,1984,1,8,VOLKSWAGEN GOLF,6,E01004488,0,1
2024471467173,2024,471467173,1,9,0,-1,19,1,5,-1,0,0,5,0,0,0,1,1,-1,9,2,23,5,1390,1,22,VOLKSWAGEN GOLF,7,E01031539,0,1
2024430203130,2024,430203130,1,9,0,18,19,2,6,0,0,8,0,9,3,4,1,1,6,6,1,26,6,1968,2,3,VOLKSWAGEN GOLF,-1,-1,0,-1
2024471430197,2024,471430197,1,9,0,-1,9,2,8,-1,0,8,0,0,0,0,1,1,-1,9,1,24,5,1598,2,12,VOLKSWAGEN GOLF,6,E01031378,0,3
2024010544897,2024,010544897,2,9,0,18,19,5,1,0,0,8,0,0,0,0,1,1,2,2,1,39,7,1598,2,13,VOLKSWAGEN GOLF,4,E01023805,0,2
2024471421059,2024,471421059,2,9,0,-1,19,3,7,-1,0,1,1,0,0,0,3,1,-1,6,1,-1,-1,1896,2,21,VOLKSWAGEN GOLF,7,E01016913,0,1
2024101407663,2024,101407663,3,9,0,-1,19,6,1,-1,0,0,0,0,0,0,2,1,-1,6,1,26,6,1498,1,5,VOLKSWAGEN GOLF,-1,-1,0,-1
2024622400616,2024,622400616,2,9,0,5,5,1,5,0,0,1,0,0,0,0,1,1,6,6,1,24,5,1197,1,10,VOLKSWAGEN GOLF,7,W01001860,0,2
2024101458055,2024,101458055,1,9,0,-1,3,3,7,-1,0,0,0,0,0,0,1,1,-1,9,1,74,10,1498,1,1,VOLKSWAGEN GOLF,-1,-1,0,-1
2024010509537,2024,010509537,1,9,0,9,9,3,1,0,0,8,0,0,0,0,1,1,6,6,1,18,4,999,1,0,VOLKSWAGEN GOLF,3,E01002429,0,2
2024320030330,2024,320030330,1,9,0,-1,-1,8,4,0,0,0,0,0,0,0,1,1,6,6,1,17,4,1395,1,9,VOLKSWAGEN GOLF,7,E01026330,0,2
2024332400447,2024,332400447,1,9,0,-1,11,8,4,-1,0,0,0,0,0,0,4,1,-1,6,3,-1,-1,3200,1,17,VOLKSWAGEN GOLF,-1,-1,0,-1