collision_index,collision_year,collision_ref_no,vehicle_reference,vehicle_type,towing_and_articulation,vehicle_manoeuvre_historic,vehicle_manoeuvre,vehicle_direction_from,vehicle_direction_to,vehicle_location_restricted_lane_historic,vehicle_location_restricted_lane,junction_location,skidding_and_overturning,hit_object_in_carriageway,vehicle_leaving_carriageway,hit_object_off_carriageway,first_point_of_impact,vehicle_left_hand_drive,journey_purpose_of_driver_historic,journey_purpose_of_driver,sex_of_driver,age_of_driver,age_band_of_driver,engine_capacity_cc,propulsion_code,age_of_vehicle,generic_make_model,driver_imd_decile,lsoa_of_driver,escooter_flag,driver_distance_banding
2024201512018,2024,201512018,1,9,0,-1,19,6,2,-1,0,8,0,0,0,0,1,1,-1,6,2,27,6,1390,1,15,VOLKSWAGEN GOLF,1,E01008980,0,2
2024161466479,2024,161466479,1,9,0,-1,19,6,2,-1,0,0,0,11,0,0,1,1,-1,7,2,30,6,1395,1,6,VOLKSWAGEN GOLF,4,E01012883,0,1
2024231518012,2024,231518012,1,9,0,-1,9,5,3,-1,0,6,0,0,0,0,1,9,-1,6,2,25,5,999,1,7,VOLKSWAGEN GOLF,5,E01031309,0,1
2024461414022,2024,461414022,1,9,0,-1,19,3,7,-1,0,0,0,4,0,0,1,1,-1,6,1,36,7,1896,2,23,VOLKSWAGEN GOLF,-1,-1,0,-1
2024451431315,2024,451431315,2,9,0,-1,19,2,6,-1,0,0,0,0,0,0,1,1,-1,9,1,39,7,1395,1,7,VOLKSWAGEN GOLF,6,E01016224,0,4
2024211506462,2024,211506462,1,9,0,-1,19,3,7,-1,0,0,1,0,2,0,1,1,-1,2,1,55,8,1900,2,18,VOLKSWAGEN GOLF,8,E01029865,0,1
2024531462827,2024,531462827,2,9,0,-1,19,5,1,-1,0,0,0,0,0,0,3,1,-1,6,1,40,7,1598,2,8,VOLKSWAGEN GOLF,9,E01022363,0,1
2024440447415,2024,440447415,1,9,0,18,19,7,3,0,0,2,0,0,0,0,1,1,2,2,1,31,6,1598,2,8,VOLKSWAGEN GOLF,9,E01017061,0,1
2024041480191,2024,041480191,1,9,0,-1,19,5,1,-1,0,0,0,0,0,0,1,1,-1,6,2,49,8,1498,1,5,VOLKSWAGEN GOLF,3,E01012585,0,2
2024361432707,2024,361432707,2,9,0,-1,9,5,3,-1,0,5,0,0,0,0,3,1,-1,9,1,19,4,1598,1,16,VOLKSWAGEN GOLF,2,E01035133,0,1
2024501425192,2024,501425192,2,9,0,-1,19,5,1,-1,0,2,0,0,0,0,1,1,-1,6,2,21,5,1896,2,20,VOLKSWAGEN GOLF,5,E01018921,0,1
2024991476129,2024,991476129,1,9,0,-1,5,3,5,-1,0,6,0,0,0,0,4,1,-1,9,2,84,11,1390,1,13,VOLKSWAGEN GOLF,8,-1,0,2
2024361536533,2024,361536533,2,9,0,-1,19,5,1,-1,0,8,0,0,0,0,3,1,-1,6,2,34,6,1968,2,16,VOLKSWAGEN GOLF,5,E01026728,0,3
2024041398094,2024,041398094,1,9,0,-1,7,7,1,-1,0,2,0,0,0,0,1,1,-1,9,1,71,10,1984,1,5,VOLKSWAGEN GOLF,9,E01025354,0,1
2024131421524,2024,131421524,1,9,0,-1,7,3,3,-1,9,8,0,0,1,0,1,1,-1,9,1,25,5,1598,2,13,VOLKSWAGEN GOLF,1,E01011372,0,3
2024211523928,2024,211523928,2,9,0,-1,5,5,7,-1,0,2,0,0,0,0,1,1,-1,6,1,23,5,1984,1,7,VOLKSWAGEN GOLF,4,E01014288,0,1
2024471458734,2024,471458734,1,9,0,-1,5,7,4,-1,0,1,0,0,0,0,1,1,-1,9,2,41,7,1968,2,8,VOLKSWAGEN GOLF,4,E01020924,0,1
2024451510017,2024,451510017,1,9,0,-1,19,7,3,-1,0,0,0,0,0,0,1,1,-1,9,2,44,7,1390,1,15,VOLKSWAGEN GOLF,9,E01035343,0,2
2024421417146,2024,421417146,3,9,0,-1,2,7,7,-1,0,2,1,0,0,0,2,1,-1,6,-1,-1,-1,1900,2,17,VOLKSWAGEN GOLF,-1,-1,0,-1
2024311458172,2024,311458172,1,9,0,-1,14,6,2,-1,-1,0,1,0,7,0,1,1,-1,6,2,32,6,1968,2,10,VOLKSWAGEN GOLF,2,E01028259,0,1
2024010506578,2024,010506578,3,9,0,2,2,0,0,0,0,1,1,0,1,2,1,1,6,6,3,-1,-1,1390,1,11,VOLKSWAGEN GOLF,-1,-1,0,-1
2024211477447,2024,211477447,1,9,-1,-1,-1,3,5,-1,-1,0,-1,-1,-1,0,2,9,-1,6,1,23,5,1390,1,18,VOLKSWAGEN GOLF,1,E01014313,0,1
2024401506860,2024,401506860,2,9,0,-1,4,5,1,-1,0,0,0,0,0,0,2,9,-1,9,1,59,9,1197,1,13,VOLKSWAGEN GOLF,9,E01018154,0,1
2024411425030,2024,411425030,1,9,-1,-1,19,-1,-1,-1,0,0,0,4,0,0,1,9,-1,6,2,-1,-1,1390,1,14,VOLKSWAGEN GOLF,4,E01023631,0,1
2024471452549,2024,471452549,3,9,0,-1,8,1,2,-1,0,1,0,0,0,0,3,9,-1,6,2,52,8,1498,1,6,VOLKSWAGEN GOLF,7,E01021170,0,1
2024131520332,2024,131520332,1,9,0,-1,19,1,5,-1,0,0,5,7,0,0,1,1,-1,6,1,40,7,1984,1,10,VOLKSWAGEN GOLF,1,E01011094,0,2
2024451434829,2024,451434829,1,9,0,-1,19,3,7,-1,0,1,0,0,0,0,1,1,-1,9,1,67,10,1598,2,8,VOLKSWAGEN GOLF,10,E01030348,0,1
2024141520874,2024,141520874,5,9,0,-1,19,3,7,-1,0,0,0,0,0,0,1,1,-1,9,1,21,5,1198,1,14,VOLKSWAGEN GOLF,9,E01007674,0,1
2024141451157,2024,141451157,1,9,0,-1,9,5,3,-1,0,1,0,0,0,0,3,9,-1,6,3,-1,-1,1395,8,0,VOLKSWAGEN GOLF,-1,-1,0,-1
2024501425862,2024,501425862,2,9,0,-1,19,6,2,-1,0,1,1,0,5,6,1,1,-1,9,2,54,8,1968,2,15,VOLKSWAGEN GOLF,7,E01015103,0,2
2024440049103,2024,440049103,1,9,0,16,19,8,2,0,0,8,0,0,0,0,1,1,6,6,1,31,6,1968,2,16,VOLKSWAGEN GOLF,5,E01023140,0,2
2024141534526,2024,141534526,1,9,0,-1,19,4,8,-1,0,1,0,0,0,0,1,9,-1,6,1,23,5,1968,2,10,VOLKSWAGEN GOLF,1,-1,0,5
2024371529745,2024,371529745,2,9,0,-1,4,6,2,-1,0,1,0,0,0,0,2,1,-1,2,1,53,8,1984,1,11,VOLKSWAGEN GOLF,5,E01030001,0,1
2024101499757,2024,101499757,2,9,0,-1,2,5,1,-1,0,1,0,0,0,0,2,1,-1,9,1,71,10,1498,8,0,VOLKSWAGEN GOLF,8,E01008808,0,1
2024991409897,2024,991409897,2,9,0,-1,19,1,6,-1,0,0,0,0,7,10,1,1,-1,9,2,38,7,1598,2,11,VOLKSWAGEN GOLF,4,-1,0,3
2024061511748,2024,061511748,1,9,0,-1,9,7,5,-1,0,1,1,0,0,0,4,9,-1,9,2,30,6,1968,2,12,VOLKSWAGEN GOLF,3,E01005710,0,2
2024461525035,2024,461525035,2,9,0,-1,19,1,5,-1,0,0,0,0,0,0,1,1,-1,9,2,20,4,1498,8,0,VOLKSWAGEN GOLF,7,E01024743,0,1
2024201461656,2024,201461656,1,9,0,-1,19,8,4,-1,0,2,0,0,0,0,4,1,-1,6,2,43,7,1598,1,19,VOLKSWAGEN GOLF,3,E01009296,0,1
2024010505823,2024,010505823,1,9,0,99,99,9,9,99,99,0,9,99,9,99,9,9,6,6,1,38,7,1968,2,6,VOLKSWAGEN GOLF,3,E01004295,0,1
2024010520493,2024,010520493,2,9,0,4,4,5,1,0,0,3,0,0,0,0,1,1,6,6,1,58,9,1984,1,13,VOLKSWAGEN GOLF,6,E01004485,0,2
2024010540015,2024,010540015,3,9,0,2,2,0,0,0,0,0,0,4,0,0,0,1,6,6,3,-1,-1,1598,1,17,VOLKSWAGEN GOLF,-1,-1,0,-1
2024061429650,2024,061429650,1,9,0,-1,19,7,3,-1,0,1,0,4,0,0,1,1,-1,6,1,34,6,1598,2,13,VOLKSWAGEN GOLF,9,E01005022,0,1
2024041527843,2024,041527843,3,9,0,-1,11,1,7,-1,0,3,0,0,3,0,2,1,-1,6,1,45,7,1900,2,18,VOLKSWAGEN GOLF,1,E01012671,0,1
2024991503218,2024,991503218,1,9,0,-1,19,5,1,-1,0,0,5,0,0,0,4,1,-1,9,1,23,5,3200,1,17,VOLKSWAGEN GOLF,4,-1,0,3
2024471456407,2024,471456407,1,9,0,-1,9,1,7,-1,0,6,0,0,0,0,3,1,-1,9,1,19,4,1598,2,7,VOLKSWAGEN GOLF,10,E01031824,0,1
2024320080728,2024,320080728,2,9,0,-1,-1,4,8,0,0,0,0,0,0,0,2,1,-1,-1,1,52,8,1598,2,14,VOLKSWAGEN GOLF,7,E01027129,0,4
2024501441918,2024,501441918,1,9,0,-1,19,1,5,-1,0,1,0,0,0,0,1,1,-1,6,1,32,6,1968,2,14,VOLKSWAGEN GOLF,2,E01018771,0,1
2024461510200,2024,461510200,1,9,0,-1,4,2,6,-1,0,5,0,0,0,0,2,1,-1,9,1,65,9,1598,2,10,VOLKSWAGEN GOLF,5,E01023288,0,5
2024201438143,2024,201438143,1,9,0,-1,19,4,8,-1,0,8,0,0,0,0,4,9,-1,6,1,57,9,1896,2,15,VOLKSWAGEN GOLF,1,E01008940,0,1
2024411461624,2024,411461624,2,9,0,-1,19,1,5,-1,0,1,0,0,0,0,2,1,-1,1,1,50,8,1395,8,1,VOLKSWAGEN GOLF,6,E01023952,0,3
2024201480269,2024,201480269,1,9,0,-1,19,7,4,-1,0,1,0,0,0,0,1,1,-1,6,1,20,4,1984,1,3,VOLKSWAGEN GOLF,5,E01022459,0,4
2024141402719,2024,141402719,1,9,0,-1,19,7,2,-1,0,0,0,0,0,0,3,1,-1,9,1,32,6,1498,1,2,VOLKSWAGEN GOLF,1,E01007946,0,1
2024201405777,2024,201405777,2,9,0,-1,2,0,0,-1,0,1,0,0,0,0,1,9,-1,6,-1,-1,-1,1498,1,3,VOLKSWAGEN GOLF,-1,-1,0,-1
2024061424718,2024,061424718,1,9,0,-1,9,2,7,-1,0,6,0,0,0,0,3,1,-1,6,1,54,8,1390,1,18,VOLKSWAGEN GOLF,3,E01005212,0,2
2024201452907,2024,201452907,2,9,0,-1,19,2,6,-1,0,8,0,0,0,0,1,9,-1,9,1,32,6,1598,2,13,VOLKSWAGEN GOLF,3,E01009232,0,1
2024070851186,2024,070851186,2,9,0,-1,5,5,1,-1,0,1,1,0,0,0,1,1,-1,9,2,40,7,1598,2,10,VOLKSWAGEN GOLF,4,E01029598,0,3
2024010527708,2024,010527708,1,9,0,4,4,1,5,0,0,1,0,0,0,0,3,1,6,6,1,34,6,1395,1,6,VOLKSWAGEN GOLF,3,E01001089,0,1
2024010505812,2024,010505812,1,9,0,18,19,1,5,0,0,0,0,0,0,0,1,1,6,6,1,37,7,1390,1,15,VOLKSWAGEN GOLF,2,E01003592,0,1
2024351457119,2024,351457119,1,9,0,-1,19,1,5,-1,0,0,2,11,7,0,1,1,-1,6,1,21,5,1197,1,9,VOLKSWAGEN GOLF,6,E01013757,0,4
2024471464544,2024,471464544,2,9,0,-1,19,5,1,-1,0,0,0,0,0,0,3,1,-1,9,1,35,6,1395,1,8,VOLKSWAGEN GOLF,6,E01016935,0,4
2024010527093,2024,010527093,1,9,0,9,9,7,5,0,0,3,0,0,7,0,4,1,6,6,1,27,6,1390,1,16,VOLKSWAGEN GOLF,7,E01003957,0,1
2024061528500,2024,061528500,3,9,0,-1,2,0,0,-1,9,2,0,0,0,0,1,1,-1,6,2,24,5,1598,2,11,VOLKSWAGEN GOLF,7,E01005173,0,1
2024201499457,2024,201499457,1,9,0,-1,2,0,0,-1,0,0,0,0,0,0,3,1,-1,6,1,63,9,1598,2,7,VOLKSWAGEN GOLF,2,E01009273,0,1
2024141468946,2024,141468946,2,9,0,-1,7,4,1,-1,0,0,0,0,0,0,1,1,-1,2,1,24,5,1968,2,8,VOLKSWAGEN GOLF,8,E01011773,0,3
2024461495399,2024,461495399,3,9,0,-1,2,0,0,-1,0,2,0,0,0,0,3,1,-1,9,-1,-1,-1,1984,1,5,VOLKSWAGEN GOLF,-1,-1,0,-1
2024221498692,2024,221498692,2,9,0,-1,4,4,8,-1,0,0,0,0,0,0,2,1,-1,6,2,42,7,1598,2,7,VOLKSWAGEN GOLF,6,E01014078,0,1
2024070314728,2024,070314728,2,9,0,3,3,1,5,0,0,0,0,0,0,0,2,1,6,6,1,38,7,1498,1,4,VOLKSWAGEN GOLF,9,E01018494,0,1
2024531464583,2024,531464583,2,9,0,-1,2,0,0,-1,0,0,0,0,0,0,1,1,-1,6,-1,-1,-1,1598,1,17,VOLKSWAGEN GOLF,-1,-1,0,-1
2024010514384,2024,010514384,2,9,0,99,99,9,9,99,99,1,9,99,9,99,1,9,6,6,3,-1,-1,1598,1,17,VOLKSWAGEN GOLF,7,E01001290,0,1
2024411541178,2024,411541178,2,9,0,-1,5,4,8,-1,0,0,0,0,0,0,2,1,-1,6,2,45,7,1390,1,16,VOLKSWAGEN GOLF,4,E01023303,0,1
2024201452135,2024,201452135,1,9,0,-1,11,4,8,-1,0,1,0,0,0,0,3,1,-1,6,1,36,7,1598,2,13,VOLKSWAGEN GOLF,5,E01010306,0,3
2024131568003,2024,131568003,3,9,0,-1,2,0,0,-1,0,8,0,0,0,0,1,1,-1,6,-1,-1,-1,1598,2,11,VOLKSWAGEN GOLF,-1,-1,0,-1
2024531443181,2024,531443181,1,9,0,-1,9,6,2,-1,0,8,0,0,0,0,3,1,-1,6,1,45,7,1900,2,24,VOLKSWAGEN GOLF,2,E01022164,0,1
2024631525053,2024,631525053,1,9,0,-1,19,3,7,-1,0,0,0,0,1,7,1,1,-1,9,1,29,6,1380,1,13,VOLKSWAGEN GOLF,8,E01013988,0,4
2024201458356,2024,201458356,2,9,0,-1,5,5,1,-1,0,4,0,0,0,0,2,1,-1,6,1,27,6,1968,2,15,VOLKSWAGEN GOLF,7,E01029396,0,4
2024211490733,2024,211490733,1,9,0,-1,7,6,2,-1,-1,0,0,0,7,0,1,1,-1,6,1,22,5,1968,2,4,VOLKSWAGEN GOLF,2,E01029388,0,3
2024131434657,2024,131434657,2,9,0,-1,3,3,7,-1,0,0,0,0,0,0,2,1,-1,1,2,36,7,1968,2,9,VOLKSWAGEN GOLF,2,E01011379,0,2
2024010527193,2024,010527193,2,9,0,99,99,9,9,99,99,9,9,99,9,99,9,9,6,6,3,-1,-1,1598,1,18,VOLKSWAGEN GOLF,2,E01001462,0,4
2024031398634,2024,031398634,2,9,0,-1,9,3,7,-1,0,1,0,0,0,0,3,1,-1,9,1,79,11,1968,2,12,VOLKSWAGEN GOLF,9,E01019326,0,1
2024471466462,2024,471466462,1,9,0,-1,19,4,8,-1,0,4,0,0,0,0,3,1,-1,2,1,31,6,1390,1,20,VOLKSWAGEN GOLF,5,E01031570,0,1
2024221434269,2024,221434269,1,9,0,-1,19,4,8,-1,0,8,0,0,0,0,1,9,-1,6,1,60,9,1968,2,14,VOLKSWAGEN GOLF,5,E01029696,0,2
2024010521324,2024,010521324,2,9,0,99,99,9,9,99,99,9,9,99,9,99,1,9,6,6,3,-1,-1,1390,1,19,VOLKSWAGEN GOLF,-1,-1,0,-1
2024141405012,2024,141405012,2,9,0,-1,19,8,4,-1,0,0,0,0,0,0,1,1,-1,2,2,30,6,1395,1,8,VOLKSWAGEN GOLF,3,E01028030,0,2
2024320105208,2024,320105208,1,9,0,2,2,0,0,0,0,0,0,0,0,0,0,1,6,6,1,36,7,1598,2,12,VOLKSWAGEN GOLF,8,E01025323,0,5
2024211467493,2024,211467493,2,9,0,-1,9,6,3,-1,0,0,0,0,0,0,3,1,-1,2,2,30,6,1498,1,5,VOLKSWAGEN GOLF,7,E01014314,0,2
2024440119196,2024,440119196,2,9,0,12,12,1,5,0,0,7,0,0,0,0,3,1,6,6,1,18,4,1498,8,2,VOLKSWAGEN GOLF,8,E01022652,0,3
2024361534117,2024,361534117,3,9,0,-1,19,5,4,-1,0,1,0,0,0,0,3,1,-1,6,1,51,8,1498,1,3,VOLKSWAGEN GOLF,3,E01018087,0,4
2024421421303,2024,421421303,1,9,0,-1,19,7,4,-1,0,0,0,0,0,0,4,1,-1,2,1,32,6,1390,1,14,VOLKSWAGEN GOLF,10,E01021941,0,1
2024411448813,2024,411448813,2,9,-1,-1,19,2,-1,-1,0,4,0,0,0,0,2,9,-1,9,1,46,8,1498,1,3,VOLKSWAGEN GOLF,5,E01023547,0,2
2024131511811,2024,131511811,1,9,0,-1,19,5,1,-1,0,8,0,0,0,0,1,1,-1,6,1,22,5,1968,2,5,VOLKSWAGEN GOLF,2,E01010621,0,1
2024010506880,2024,010506880,2,9,0,18,19,7,3,99,99,9,9,99,9,99,1,1,6,6,3,-1,-1,1598,1,17,VOLKSWAGEN GOLF,-1,-1,0,-1
2024211430194,2024,211430194,1,9,0,-1,19,1,5,-1,0,0,0,0,7,11,1,1,-1,6,1,27,6,1896,2,17,VOLKSWAGEN GOLF,-1,-1,0,-1
2024451505997,2024,451505997,1,9,0,-1,9,5,7,-1,9,0,0,0,7,11,1,1,-1,2,1,31,6,1896,2,22,VOLKSWAGEN GOLF,8,E01030622,0,1
2024451422983,2024,451422983,1,9,0,-1,19,4,8,-1,0,0,0,0,0,0,1,1,-1,9,2,22,5,1598,2,7,VOLKSWAGEN GOLF,8,E01030393,0,1
2024302400494,2024,302400494,1,9,0,4,4,3,7,0,0,8,0,0,0,0,2,1,6,6,2,24,5,1395,8,1,VOLKSWAGEN GOLF,4,E01019864,0,1
2024031402842,2024,031402842,1,9,0,-1,19,3,7,-1,0,0,0,0,0,0,1,1,-1,2,1,27,6,1900,2,18,VOLKSWAGEN GOLF,4,E01012319,0,4
2024010511876,2024,010511876,3,9,0,18,19,5,1,0,0,1,0,0,0,0,2,1,6,6,2,23,5,1498,1,1,VOLKSWAGEN GOLF,-1,-1,0,-1
2024010518450,2024,010518450,1,9,0,6,6,7,7,0,0,2,0,0,0,0,1,1,3,7,1,25,5,1598,1,17,VOLKSWAGEN GOLF,3,E01033100,0,1
2024031491526,2024,031491526,2,9,0,-1,19,5,1,-1,0,0,0,11,0,0,1,1,-1,9,1,38,7,1968,2,15,VOLKSWAGEN GOLF,9,-1,0,5
2024501411825,2024,501411825,1,9,0,-1,7,8,1,-1,0,8,0,0,0,0,2,1,-1,9,1,18,4,1598,2,11,VOLKSWAGEN GOLF,2,E01015186,0,1
2024010498187,2024,010498187,2,9,0,9,9,7,5,0,0,6,0,0,0,0,4,1,6,6,3,-1,-1,1395,1,7,VOLKSWAGEN GOLF,-1,-1,0,-1
2024061473556,2024,061473556,1,9,0,-1,19,8,4,-1,0,1,0,0,0,0,1,1,-1,6,1,39,7,1498,1,6,VOLKSWAGEN GOLF,9,E01006233,0,1
2024010511733,2024,010511733,2,9,0,99,99,9,9,99,99,9,9,99,9,99,9,9,6,6,3,-1,-1,1390,1,13,VOLKSWAGEN GOLF,5,E01032567,0,1
2024552401117,2024,552401117,1,9,0,18,19,8,4,0,0,0,0,0,0,0,1,1,6,6,2,22,5,2000,2,18,VOLKSWAGEN GOLF,6,E01020510,0,1
2024552401217,2024,552401217,1,9,0,18,19,8,4,0,0,0,0,0,0,0,1,1,6,6,3,-1,-1,1598,1,17,VOLKSWAGEN GOLF,-1,-1,0,-1
2024201449228,2024,201449228,1,9,0,-1,19,6,2,-1,0,0,0,0,0,0,1,1,-1,6,3,30,6,1598,2,15,VOLKSWAGEN GOLF,-1,-1,0,-1
2024041476646,2024,041476646,3,9,0,-1,19,5,1,-1,0,0,0,0,0,0,2,1,-1,2,1,57,9,1395,8,3,VOLKSWAGEN GOLF,8,E01034350,0,2
2024421428494,2024,421428494,1,9,0,-1,19,2,6,-1,0,0,0,0,0,0,1,1,-1,9,1,26,6,1968,2,14,VOLKSWAGEN GOLF,10,E01023453,0,1
2024041428153,2024,041428153,1,9,0,-1,13,3,7,-1,0,0,1,10,2,10,1,1,-1,9,2,26,6,1968,2,7,VOLKSWAGEN GOLF,1,E01025042,0,1
2024141527414,2024,141527414,1,9,0,-1,19,-1,-1,-1,0,8,0,0,0,0,1,1,-1,6,3,-1,-1,1968,2,7,VOLKSWAGEN GOLF,-1,-1,0,-1
2024340WN2282,2024,340WN2282,1,9,0,-1,19,1,5,-1,0,0,0,0,7,3,1,1,-1,2,1,46,8,1598,2,5,VOLKSWAGEN GOLF,10,E01027274,0,1
2024351500951,2024,351500951,2,9,0,-1,19,1,5,-1,0,2,0,0,0,0,2,9,-1,6,2,37,7,1390,1,12,VOLKSWAGEN GOLF,9,E01018027,0,3
2024061447595,2024,061447595,1,9,0,-1,-1,-1,-1,-1,-1,0,-1,-1,-1,0,-1,1,-1,6,2,29,6,1395,1,6,VOLKSWAGEN GOLF,8,E01006078,0,3
2024131499967,2024,131499967,1,9,0,-1,14,3,7,-1,0,8,0,0,0,0,1,1,-1,6,-1,-1,-1,1968,2,10,VOLKSWAGEN GOLF,-1,-1,0,-1
2024440157909,2024,440157909,1,9,0,18,19,8,4,0,0,0,0,0,7,4,1,1,6,6,2,74,10,1395,1,8,VOLKSWAGEN GOLF,6,E01022592,0,1
2024520400600,2024,520400600,1,9,0,18,19,9,9,0,0,0,0,0,0,0,9,1,6,6,3,-1,-1,1968,2,18,VOLKSWAGEN GOLF,-1,-1,0,-1
2024421483417,2024,421483417,2,9,0,-1,15,1,5,-1,0,3,0,0,0,0,4,1,-1,9,1,43,7,1896,2,22,VOLKSWAGEN GOLF,2,E01021507,0,4
2024461506357,2024,461506357,2,9,0,-1,3,1,5,-1,0,1,0,0,0,0,3,9,-1,9,1,18,4,2000,1,19,VOLKSWAGEN GOLF,6,E01024478,0,1
2024041513645,2024,041513645,1,9,0,-1,9,8,6,-1,0,8,0,0,0,0,4,1,-1,2,1,21,5,1390,1,15,VOLKSWAGEN GOLF,6,E01025457,0,1
2024010542655,2024,010542655,1,9,0,99,99,9,9,99,99,9,9,99,9,99,1,9,6,6,3,55,8,1598,2,6,VOLKSWAGEN GOLF,6,E01033494,0,3
2024061487753,2024,061487753,1,9,0,-1,19,2,2,-1,0,8,0,0,0,0,1,1,-1,6,2,39,7,1900,2,17,VOLKSWAGEN GOLF,-1,-1,0,-1
2024031498835,2024,031498835,1,9,0,-1,5,4,8,-1,0,0,0,0,0,0,3,1,-1,6,1,72,10,1968,2,17,VOLKSWAGEN GOLF,-1,-1,0,-1
2024311461701,2024,311461701,1,9,0,-1,19,3,7,-1,0,0,0,0,0,0,1,1,-1,9,1,44,7,1598,2,9,VOLKSWAGEN GOLF,2,E01013570,0,4
2024131444607,2024,131444607,3,9,0,-1,19,1,1,-1,0,8,0,0,0,0,2,1,-1,2,2,39,7,1390,1,12,VOLKSWAGEN GOLF,5,E01027892,0,4
2024320256926,2024,320256926,1,9,0,4,4,4,8,0,0,0,0,0,0,0,1,1,6,6,2,34,6,1968,2,12,VOLKSWAGEN GOLF,4,E01026230,0,3
2024141467044,2024,141467044,1,9,0,-1,19,1,5,-1,0,8,0,0,0,0,1,9,-1,6,2,24,5,1968,2,8,VOLKSWAGEN GOLF,2,E01007871,0,3
2024231418040,2024,231418040,2,9,0,-1,19,8,4,-1,0,8,0,0,0,0,1,1,-1,6,1,41,7,1395,8,6,VOLKSWAGEN GOLF,6,E01031244,0,1
2024340WN1872,2024,340WN1872,1,9,0,-1,19,5,1,-1,0,0,0,0,8,0,1,1,-1,6,1,-1,-1,1598,1,17,VOLKSWAGEN GOLF,-1,-1,0,-1
2024010516395,2024,010516395,2,9,0,99,99,9,9,99,99,9,9,99,9,99,2,9,6,6,1,29,6,1498,1,5,VOLKSWAGEN GOLF,3,E01001368,0,2
2024061492576,2024,061492576,1,9,0,-1,19,6,2,-1,0,8,0,0,0,0,1,1,-1,9,2,27,6,1598,2,14,VOLKSWAGEN GOLF,-1,-1,0,-1
2024430121223,2024,430121223,2,9,0,9,9,1,7,0,0,5,0,0,0,0,3,1,2,2,2,62,9,1896,2,16,VOLKSWAGEN GOLF,10,E01016636,0,1
2024211528976,2024,211528976,1,9,0,-1,19,4,8,-1,0,4,0,0,0,0,4,1,-1,9,2,75,10,1498,8,2,VOLKSWAGEN GOLF,2,E01014262,0,1
2024401492796,2024,401492796,1,9,0,-1,19,5,1,-1,0,0,0,0,0,0,1,1,-1,6,2,48,8,1598,2,11,VOLKSWAGEN GOLF,9,E01023653,0,3
2024201436494,2024,201436494,1,9,0,-1,1,3,7,-1,9,0,0,0,0,0,2,9,-1,6,1,54,8,1598,2,14,VOLKSWAGEN GOLF,5,E01008925,0,1
2024010492672,2024,010492672,3,9,0,2,2,0,0,0,0,1,0,0,0,0,0,1,6,6,3,-1,-1,1395,1,10,VOLKSWAGEN GOLF,-1,-1,0,-1
2024991485858,2024,991485858,3,9,0,-1,10,6,3,-1,0,1,0,0,0,0,1,2,-1,6,1,40,7,1984,1,3,VOLKSWAGEN GOLF,7,-1,0,1
2024131527727,2024,131527727,1,9,0,-1,-1,-1,-1,-1,-1,0,-1,-1,-1,-1,-1,1,-1,6,3,-1,-1,1984,1,2,VOLKSWAGEN GOLF,-1,-1,0,-1
2024421492765,2024,421492765,1,9,0,-1,19,8,5,-1,0,0,0,0,0,0,4,1,-1,6,1,45,7,999,1,1,VOLKSWAGEN GOLF,10,E01021459,0,2
2024201461191,2024,201461191,1,9,0,-1,11,7,3,-1,0,0,0,0,0,0,1,1,-1,1,1,26,6,1395,1,10,VOLKSWAGEN GOLF,1,E01009371,0,2
2024131442915,2024,131442915,1,9,0,-1,19,4,8,-1,0,0,1,0,0,0,3,1,-1,6,2,22,5,1598,2,11,VOLKSWAGEN GOLF,2,E01009414,0,5
2024411404325,2024,411404325,1,9,0,-1,19,4,8,-1,0,4,0,9,0,0,3,1,-1,9,1,44,7,1598,2,11,VOLKSWAGEN GOLF,8,E01033028,0,1
2024231398428,2024,231398428,1,9,0,-1,12,2,6,-1,0,7,0,4,1,0,1,9,-1,2,1,20,4,1598,2,6,VOLKSWAGEN GOLF,3,E01031058,0,2
2024371409001,2024,371409001,2,9,0,-1,19,5,1,-1,0,0,0,0,0,0,1,1,-1,6,2,26,6,1900,2,18,VOLKSWAGEN GOLF,1,E01026620,0,2
2024131397972,2024,131397972,1,9,0,-1,9,5,3,-1,0,5,0,0,3,0,1,1,-1,6,2,40,7,1598,2,12,VOLKSWAGEN GOLF,10,E01011452,0,1
2024541249524,2024,541249524,1,9,0,14,14,6,2,0,0,0,0,0,0,0,1,1,6,6,2,72,10,1390,1,16,VOLKSWAGEN GOLF,5,E01031898,0,1
2024531424621,2024,531424621,1,9,0,-1,19,3,7,-1,0,0,5,0,1,4,1,1,-1,2,1,26,6,1598,2,13,VOLKSWAGEN GOLF,5,E01015091,0,5
2024211427719,2024,211427719,1,9,0,-1,19,7,6,-1,0,6,1,0,1,0,1,1,-1,2,1,40,7,1896,2,26,VOLKSWAGEN GOLF,8,E01029742,0,3
2024610055024,2024,610055024,1,9,0,4,4,4,8,0,0,2,0,0,0,0,2,1,6,6,1,27,6,1968,2,12,VOLKSWAGEN GOLF,1,W01001661,0,1
2024131526399,2024,131526399,1,9,0,-1,4,1,1,-1,0,0,0,0,0,0,2,1,-1,2,2,29,6,1598,2,8,VOLKSWAGEN GOLF,3,E01011240,0,1
2024311412570,2024,311412570,1,9,0,-1,9,3,7,-1,0,1,0,0,0,0,4,1,-1,6,2,21,5,1968,2,4,VOLKSWAGEN GOLF,-1,-1,0,-1
2024501488198,2024,501488198,2,9,0,-1,5,2,6,-1,0,4,0,0,0,0,2,1,-1,9,2,54,8,1598,2,10,VOLKSWAGEN GOLF,2,E01034867,0,2
2024471454562,2024,471454562,2,9,0,-1,19,7,3,-1,0,0,0,0,0,0,1,1,-1,9,1,55,8,1395,8,8,VOLKSWAGEN GOLF,4,E01031576,0,1
2024141452520,2024,141452520,2,9,0,-1,19,5,1,-1,0,1,0,0,0,0,1,9,-1,6,2,23,5,1598,2,13,VOLKSWAGEN GOLF,1,E01010833,0,4