collision_index,collision_year,collision_ref_no,vehicle_reference,vehicle_type,towing_and_articulation,vehicle_manoeuvre_historic,vehicle_manoeuvre,vehicle_direction_from,vehicle_direction_to,vehicle_location_restricted_lane_historic,vehicle_location_restricted_lane,junction_location,skidding_and_overturning,hit_object_in_carriageway,vehicle_leaving_carriageway,hit_object_off_carriageway,first_point_of_impact,vehicle_left_hand_drive,journey_purpose_of_driver_historic,journey_purpose_of_driver,sex_of_driver,age_of_driver,age_band_of_driver,engine_capacity_cc,propulsion_code,age_of_vehicle,generic_make_model,driver_imd_decile,lsoa_of_driver,escooter_flag,driver_distance_banding
2024211493793,2024,211493793,2,9,0,-1,4,7,3,-1,0,0,0,0,0,0,1,1,-1,2,2,58,9,1896,2,16,VOLKSWAGEN GOLF,8,E01029440,0,1
2024010529481,2024,010529481,1,9,0,18,19,5,1,0,0,2,0,0,0,0,2,1,6,6,1,25,5,1498,1,0,VOLKSWAGEN GOLF,6,E01004577,0,1
2024311527602,2024,311527602,1,9,0,-1,19,1,5,-1,0,0,0,0,0,0,1,1,-1,6,1,42,7,1968,2,15,VOLKSWAGEN GOLF,-1,-1,0,-1
2024531442839,2024,531442839,3,9,0,-1,3,2,6,-1,0,1,0,0,0,0,2,1,-1,6,1,58,9,1968,2,13,VOLKSWAGEN GOLF,5,W01000996,0,5
2024531524431,2024,531524431,1,9,0,-1,19,1,5,-1,0,0,0,0,0,0,1,1,-1,6,2,27,6,1390,1,22,VOLKSWAGEN GOLF,4,E01022240,0,2
2024501410930,2024,501410930,4,9,0,-1,19,7,3,-1,0,0,0,0,0,0,2,9,-1,6,1,38,7,1598,2,9,VOLKSWAGEN GOLF,3,E01015192,0,1
2024361399556,2024,361399556,1,9,0,-1,19,1,5,-1,0,0,0,0,0,0,1,1,-1,1,1,23,5,1968,2,15,VOLKSWAGEN GOLF,7,E01026904,0,3
2024471420490,2024,471420490,2,9,0,-1,19,7,3,-1,0,8,0,0,0,0,1,1,-1,9,1,33,6,1900,2,24,VOLKSWAGEN GOLF,1,E01031404,0,1
2024131416521,2024,131416521,2,9,0,-1,19,1,6,-1,0,1,0,0,0,0,1,1,-1,6,1,45,7,1984,1,12,VOLKSWAGEN GOLF,10,E01011562,0,2
2024010514342,2024,010514342,1,9,0,18,19,5,1,0,0,2,0,0,0,0,1,1,6,6,2,38,7,1498,1,4,VOLKSWAGEN GOLF,5,E01003116,0,1
2024311446100,2024,311446100,1,9,0,-1,9,4,3,-1,0,0,0,0,0,0,1,9,-1,6,1,17,4,1896,2,17,VOLKSWAGEN GOLF,10,E01025885,0,3
2024221435543,2024,221435543,2,9,0,-1,13,8,4,-1,0,8,0,10,1,0,1,9,-1,6,1,41,7,1984,1,2,VOLKSWAGEN GOLF,3,E01032254,0,1
2024052401133,2024,052401133,2,9,0,18,19,5,1,0,0,0,0,0,0,0,0,1,2,2,2,48,8,1968,2,5,VOLKSWAGEN GOLF,7,E01007282,0,2
2024461418736,2024,461418736,1,9,0,-1,19,5,1,-1,0,0,5,4,0,0,3,1,-1,9,1,19,4,1598,2,14,VOLKSWAGEN GOLF,5,E01024495,0,1
2024547077824,2024,547077824,1,9,0,18,19,7,3,0,0,0,0,0,0,0,1,1,6,6,1,35,6,1896,2,22,VOLKSWAGEN GOLF,7,E01015576,0,1
2024522401882,2024,522401882,1,9,0,18,19,7,3,0,0,2,1,4,7,11,1,1,6,6,2,25,5,2000,1,15,VOLKSWAGEN GOLF,8,E01014918,0,1
2024010495370,2024,010495370,2,9,0,9,9,3,1,0,0,1,0,0,0,0,3,1,6,6,2,18,4,999,8,2,VOLKSWAGEN GOLF,4,E01021853,0,4
2024070641488,2024,070641488,2,9,0,18,19,2,6,0,0,0,0,0,0,0,3,1,6,6,1,80,11,1968,2,0,VOLKSWAGEN GOLF,-1,-1,0,-1
2024061490222,2024,061490222,1,9,0,-1,9,7,4,-1,0,1,0,0,0,0,4,1,-1,6,1,17,4,1598,2,13,VOLKSWAGEN GOLF,8,E01004935,0,2
2024010507434,2024,010507434,1,9,0,18,19,1,5,0,0,3,0,0,0,0,4,1,6,6,1,34,6,1390,1,13,VOLKSWAGEN GOLF,3,E01001421,0,4
2024010550469,2024,010550469,1,9,0,18,19,3,7,0,0,1,0,11,3,1,4,1,6,6,1,23,5,1395,1,8,VOLKSWAGEN GOLF,-1,-1,0,-1
2024332400988,2024,332400988,1,9,0,-1,19,5,1,-1,0,0,1,0,0,0,1,1,-1,2,1,57,9,1968,2,14,VOLKSWAGEN GOLF,2,E01032602,0,1
2024201553744,2024,201553744,3,9,0,-1,2,0,0,-1,0,0,0,0,0,0,4,9,-1,6,-1,-1,-1,1498,1,4,VOLKSWAGEN GOLF,-1,-1,0,-1
2024461523182,2024,461523182,4,9,0,-1,3,8,4,-1,0,0,0,0,0,0,2,1,-1,6,2,30,6,1498,1,0,VOLKSWAGEN GOLF,9,E01024365,0,3
2024041406199,2024,041406199,1,9,0,-1,5,5,1,-1,0,1,0,0,0,0,3,1,-1,9,2,85,11,1390,1,23,VOLKSWAGEN GOLF,9,E01025566,0,1
2024320320839,2024,320320839,1,9,0,-1,-1,8,4,0,0,0,0,0,1,1,4,1,-1,-1,1,21,5,1197,1,11,VOLKSWAGEN GOLF,6,E01029880,0,5
2024061447424,2024,061447424,2,9,0,-1,19,7,3,-1,0,8,0,0,0,0,1,1,-1,9,1,31,6,999,1,7,VOLKSWAGEN GOLF,8,E01032922,0,1
2024061511534,2024,061511534,4,9,0,-1,19,6,2,-1,0,0,0,0,0,0,0,9,-1,6,1,20,4,1390,1,15,VOLKSWAGEN GOLF,-1,-1,0,-1
2024041494701,2024,041494701,1,9,0,-1,5,3,7,-1,0,6,0,0,0,0,3,1,-1,6,3,-1,-1,1984,1,7,VOLKSWAGEN GOLF,-1,-1,0,-1
2024361413346,2024,361413346,2,9,0,-1,19,3,7,-1,0,2,1,0,1,0,3,1,-1,6,2,22,5,1598,2,8,VOLKSWAGEN GOLF,8,E01030288,0,4
2024622400323,2024,622400323,1,9,0,18,19,6,2,0,0,1,0,0,0,0,1,2,6,6,1,54,8,1598,2,12,VOLKSWAGEN GOLF,3,W01001368,0,4
2024061458617,2024,061458617,2,9,0,-1,7,6,4,-1,0,5,0,0,0,0,4,1,-1,2,2,25,5,1598,2,13,VOLKSWAGEN GOLF,2,E01004798,0,1
2024010513892,2024,010513892,1,9,0,18,19,5,1,0,0,2,0,0,0,0,1,1,6,6,1,47,8,1598,2,9,VOLKSWAGEN GOLF,3,E01003545,0,1
2024131461454,2024,131461454,1,9,0,-1,5,7,7,-1,0,0,0,0,0,0,1,1,-1,9,2,23,5,1598,2,10,VOLKSWAGEN GOLF,3,E01011647,0,3
2024052402636,2024,052402636,2,9,0,18,19,8,4,0,0,1,0,0,0,0,1,1,6,6,1,64,9,1395,1,10,VOLKSWAGEN GOLF,6,E01025531,0,4
2024221448937,2024,221448937,2,9,0,-1,9,8,6,-1,0,8,0,0,0,0,4,9,-1,6,2,72,10,1498,1,5,VOLKSWAGEN GOLF,4,E01014154,0,1
2024451490552,2024,451490552,1,9,0,-1,19,3,7,-1,0,0,0,4,0,0,4,1,-1,6,1,42,7,1598,2,10,VOLKSWAGEN GOLF,10,E01030770,0,1
2024201506972,2024,201506972,2,9,0,-1,7,1,3,-1,2,5,0,0,0,0,2,1,-1,6,1,19,4,1498,1,3,VOLKSWAGEN GOLF,10,W01001827,0,5
2024010525179,2024,010525179,1,9,0,9,9,6,4,0,0,6,0,0,0,0,3,1,6,6,1,39,7,1598,1,17,VOLKSWAGEN GOLF,5,E01033727,0,1
2024221500426,2024,221500426,2,9,0,-1,19,4,1,-1,0,6,0,0,0,0,1,1,-1,7,2,47,8,1598,2,5,VOLKSWAGEN GOLF,7,E01032195,0,1
2024440109509,2024,440109509,2,9,0,13,13,4,8,0,0,0,0,0,1,0,1,1,6,6,1,19,4,1968,2,13,VOLKSWAGEN GOLF,8,E01023174,0,3
202454A401124,2024,54A401124,2,9,0,18,19,6,2,0,0,1,0,0,0,0,1,1,1,1,2,72,10,1595,1,17,VOLKSWAGEN GOLF,6,E01031884,0,3
2024010527580,2024,010527580,1,9,0,17,19,5,1,0,0,0,0,0,0,0,1,1,6,6,1,37,7,1498,1,6,VOLKSWAGEN GOLF,-1,-1,0,-1
2024041458877,2024,041458877,2,9,0,-1,19,7,3,-1,0,0,0,0,0,0,2,1,-1,1,1,35,6,1598,2,10,VOLKSWAGEN GOLF,2,E01025037,0,4
2024332400711,2024,332400711,2,9,0,-1,9,4,2,-1,0,5,0,0,0,0,3,1,-1,6,2,31,6,1395,1,11,VOLKSWAGEN GOLF,1,E01013602,0,2
2024010510158,2024,010510158,1,9,0,5,5,1,5,0,0,1,0,0,1,0,2,2,6,6,2,26,6,1395,1,7,VOLKSWAGEN GOLF,5,E01001240,0,1
2024520402121,2024,520402121,1,9,0,9,9,4,3,0,0,8,0,0,0,0,1,1,6,6,1,23,5,2000,2,18,VOLKSWAGEN GOLF,7,E01029055,0,3
2024531464098,2024,531464098,1,9,0,-1,19,7,3,-1,0,1,2,0,1,4,1,1,-1,9,1,25,5,1781,1,23,VOLKSWAGEN GOLF,3,E01022254,0,4
2024440137037,2024,440137037,1,9,0,10,10,6,4,0,0,1,0,0,0,0,2,1,6,6,1,42,7,1968,2,2,VOLKSWAGEN GOLF,10,E01022974,0,1
2024421410836,2024,421410836,2,9,0,-1,19,7,3,-1,0,1,0,0,0,0,1,1,-1,9,1,25,5,1598,2,5,VOLKSWAGEN GOLF,6,E01021875,0,1
2024471451365,2024,471451365,1,9,0,-1,19,1,5,-1,0,2,2,4,0,0,1,1,-1,9,2,46,8,1598,2,9,VOLKSWAGEN GOLF,7,E01031365,0,1
2024010548706,2024,010548706,2,9,0,18,19,5,1,0,0,0,0,0,0,0,2,1,2,2,1,32,6,1498,1,7,VOLKSWAGEN GOLF,4,E01021775,0,2
2024141494149,2024,141494149,1,9,0,-1,19,8,2,-1,0,0,0,0,0,0,1,1,-1,9,1,56,9,1968,2,10,VOLKSWAGEN GOLF,3,E01007900,0,1
2024522402092,2024,522402092,1,9,0,18,19,6,2,0,0,6,0,0,0,0,1,1,6,6,1,28,6,1498,1,6,VOLKSWAGEN GOLF,4,E01014645,0,1
2024302401740,2024,302401740,1,9,0,17,19,7,3,0,0,0,2,4,1,10,1,1,6,6,1,20,4,1598,1,17,VOLKSWAGEN GOLF,4,E01003626,0,5
2024610014724,2024,610014724,3,9,0,4,4,6,2,0,0,0,0,0,0,0,1,1,1,1,1,-1,-1,1598,1,19,VOLKSWAGEN GOLF,7,W01001432,0,1
2024010539892,2024,010539892,2,9,0,99,99,9,9,99,99,9,9,99,9,99,9,9,6,6,3,-1,-1,1968,2,8,VOLKSWAGEN GOLF,-1,-1,0,-1
2024991497455,2024,991497455,1,9,0,-1,14,3,7,-1,0,0,0,0,0,0,1,1,-1,9,1,48,8,1395,8,0,VOLKSWAGEN GOLF,-1,-1,0,-1
202460Q171589,2024,60Q171589,1,9,0,18,19,5,1,0,0,4,0,0,0,0,3,1,6,6,2,27,6,1968,2,13,VOLKSWAGEN GOLF,-1,-1,0,-1
2024540590124,2024,540590124,3,9,0,18,19,3,4,0,0,8,0,0,0,0,1,1,6,6,2,34,6,1600,2,15,VOLKSWAGEN GOLF,4,E01031895,0,4
2024440395430,2024,440395430,1,9,0,18,19,1,5,0,0,0,0,0,0,0,4,1,6,6,2,83,11,1896,2,16,VOLKSWAGEN GOLF,9,E01022601,0,3
2024101439598,2024,101439598,2,9,0,-1,19,7,3,-1,0,0,0,0,0,0,4,9,-1,9,1,36,7,1968,2,14,VOLKSWAGEN GOLF,3,E01008222,0,1
2024631534074,2024,631534074,2,9,0,-1,19,2,6,-1,0,8,0,0,3,10,1,1,-1,9,2,33,6,1896,2,21,VOLKSWAGEN GOLF,2,W01000510,0,4
2024131497876,2024,131497876,2,9,0,-1,5,5,1,-1,0,0,0,0,0,0,4,1,-1,6,1,44,7,1896,2,16,VOLKSWAGEN GOLF,1,E01033693,0,1
2024501514511,2024,501514511,2,9,0,-1,19,5,1,-1,0,0,0,0,0,0,1,1,-1,9,1,18,4,1197,1,10,VOLKSWAGEN GOLF,4,E01020180,0,1
2024440085920,2024,440085920,1,9,0,18,19,4,8,0,0,8,0,0,0,0,1,1,2,2,1,48,8,1598,2,14,VOLKSWAGEN GOLF,9,E01022712,0,1
2024010533357,2024,010533357,4,9,0,18,19,5,1,0,0,1,0,0,0,0,1,1,6,6,1,45,7,1968,2,8,VOLKSWAGEN GOLF,-1,-1,0,-1
2024440299710,2024,440299710,1,9,0,18,19,7,5,0,0,3,0,0,0,0,1,1,6,6,2,25,5,2000,2,20,VOLKSWAGEN GOLF,5,E01022671,0,1
2024320224134,2024,320224134,1,9,0,-1,-1,2,6,0,0,0,0,0,0,0,1,1,6,6,2,44,7,1968,2,18,VOLKSWAGEN GOLF,3,E01026017,0,1
2024061437601,2024,061437601,1,9,0,-1,19,3,7,-1,9,6,0,0,3,0,1,1,-1,9,2,22,5,1968,2,10,VOLKSWAGEN GOLF,4,E01004954,0,1
2024111409422,2024,111409422,2,9,0,-1,2,0,0,-1,0,0,0,0,0,0,4,1,-1,6,2,41,7,1968,2,1,VOLKSWAGEN GOLF,1,E01020749,0,1
2024552401433,2024,552401433,1,9,0,18,19,1,5,0,0,8,1,0,0,0,4,1,6,6,2,24,5,1896,2,17,VOLKSWAGEN GOLF,4,E01015343,0,1
2024161396644,2024,161396644,1,9,0,-1,7,1,3,-1,0,6,0,0,0,0,1,9,-1,6,1,54,8,1390,1,18,VOLKSWAGEN GOLF,2,E01012872,0,1
2024161507321,2024,161507321,1,9,0,-1,19,2,6,-1,0,1,1,0,0,0,1,1,-1,6,1,45,7,1600,1,24,VOLKSWAGEN GOLF,9,E01013194,0,1
2024201414937,2024,201414937,1,9,0,-1,19,4,8,-1,0,2,0,0,0,0,1,1,-1,6,1,40,7,1598,2,10,VOLKSWAGEN GOLF,-1,-1,0,-1
2024351478718,2024,351478718,2,9,0,-1,10,5,2,-1,0,0,0,0,7,0,2,1,-1,2,1,60,9,1600,2,15,VOLKSWAGEN GOLF,10,E01035535,0,1
2024451481614,2024,451481614,1,9,0,-1,19,5,1,-1,0,0,5,0,2,10,4,1,-1,9,1,18,4,1595,1,20,VOLKSWAGEN GOLF,10,E01030855,0,3
2024201453489,2024,201453489,2,9,0,-1,19,8,4,-1,0,8,1,4,0,0,3,1,-1,9,1,33,6,1968,2,7,VOLKSWAGEN GOLF,6,E01009419,0,2
2024141497225,2024,141497225,2,9,0,-1,13,1,5,-1,0,0,0,0,0,0,2,1,-1,6,1,37,7,1498,8,0,VOLKSWAGEN GOLF,1,E01007970,0,3
2024501397376,2024,501397376,1,9,0,-1,19,2,6,-1,0,0,1,0,0,0,4,1,-1,6,1,73,10,1598,2,8,VOLKSWAGEN GOLF,4,E01019007,0,1
2024201531440,2024,201531440,1,9,0,-1,19,4,8,-1,0,0,0,0,0,0,4,1,-1,6,1,48,8,-1,3,4,VOLKSWAGEN GOLF,4,E01010424,0,2
2024501501681,2024,501501681,2,9,0,-1,19,3,7,-1,0,1,1,0,0,0,1,1,-1,6,2,23,5,1968,2,9,VOLKSWAGEN GOLF,5,E01018931,0,4
2024141426454,2024,141426454,3,9,0,-1,19,6,2,-1,0,0,0,0,0,0,1,1,-1,9,2,22,5,1598,2,7,VOLKSWAGEN GOLF,5,E01024982,0,5
2024010511146,2024,010511146,2,9,0,18,19,4,8,0,0,1,0,0,0,0,2,1,6,6,1,50,8,1498,1,4,VOLKSWAGEN GOLF,3,E01000502,0,1
2024201514783,2024,201514783,2,9,0,-1,10,3,7,-1,0,1,0,0,0,0,2,2,-1,6,2,41,7,1598,2,10,VOLKSWAGEN GOLF,7,E01009260,0,1
2024340NN0762,2024,340NN0762,1,9,0,-1,13,5,1,-1,0,0,0,0,7,0,4,1,-1,2,1,34,6,1900,2,18,VOLKSWAGEN GOLF,7,E01032967,0,3
2024461425480,2024,461425480,2,9,0,-1,4,7,3,-1,0,1,0,0,0,0,2,1,-1,6,1,58,9,1968,2,13,VOLKSWAGEN GOLF,1,E01034996,0,1
2024131496904,2024,131496904,1,9,0,-1,-1,-1,-1,-1,-1,8,-1,-1,-1,0,-1,1,-1,6,3,-1,-1,1600,2,15,VOLKSWAGEN GOLF,-1,-1,0,-1
2024461415207,2024,461415207,1,9,0,-1,19,7,3,-1,0,0,0,0,0,0,1,1,-1,6,1,17,4,1498,1,1,VOLKSWAGEN GOLF,9,E01024724,0,1
2024411506846,2024,411506846,2,9,0,-1,19,1,5,-1,0,0,1,0,0,0,1,1,-1,6,2,76,11,1498,1,6,VOLKSWAGEN GOLF,10,E01017393,0,2
202460Q115933,2024,60Q115933,1,9,0,17,19,8,4,0,0,0,0,0,0,0,1,1,6,6,1,25,5,1896,2,20,VOLKSWAGEN GOLF,-1,-1,0,-1
2024131505781,2024,131505781,2,9,0,-1,9,3,5,-1,0,6,0,0,0,0,3,1,-1,2,1,21,5,1900,2,18,VOLKSWAGEN GOLF,1,E01010735,0,1
202454A883824,2024,54A883824,1,9,0,13,13,2,6,0,0,0,0,0,0,0,1,1,6,6,1,59,9,2000,2,18,VOLKSWAGEN GOLF,6,E01031866,0,2
2024131480537,2024,131480537,2,9,0,-1,10,0,7,-1,0,1,0,0,0,0,0,1,-1,6,2,37,7,1968,2,3,VOLKSWAGEN GOLF,2,E01010942,0,1
2024631416304,2024,631416304,1,9,0,-1,19,5,1,-1,0,0,5,0,1,10,4,1,-1,9,1,29,6,1498,1,3,VOLKSWAGEN GOLF,1,W01000511,0,1
2024471540463,2024,471540463,2,9,0,-1,9,3,1,-1,0,2,0,0,0,0,4,1,-1,9,1,35,6,1498,1,1,VOLKSWAGEN GOLF,8,E01021209,0,4
2024340NN1702,2024,340NN1702,1,9,0,-1,19,5,1,-1,0,0,0,0,1,0,1,1,-1,2,1,68,10,1900,2,19,VOLKSWAGEN GOLF,4,E01026952,0,1
2024131482068,2024,131482068,3,9,0,-1,2,0,0,-1,0,8,0,4,0,0,2,1,-1,6,-1,-1,-1,1598,2,14,VOLKSWAGEN GOLF,-1,-1,0,-1
2024201512615,2024,201512615,1,9,0,-1,19,4,8,-1,0,0,0,10,7,2,1,9,-1,6,2,78,11,999,1,6,VOLKSWAGEN GOLF,3,E01010444,0,1
2024520500016,2024,520500016,1,9,0,18,19,6,2,0,0,1,0,0,0,0,1,1,6,6,1,35,6,1968,2,11,VOLKSWAGEN GOLF,7,E01034623,0,4
2024411464926,2024,411464926,2,9,0,-1,9,5,2,-1,0,8,0,0,0,0,4,1,-1,6,2,41,7,1395,8,1,VOLKSWAGEN GOLF,2,E01023844,0,1
2024131452138,2024,131452138,4,9,0,-1,19,3,7,-1,0,0,0,0,0,0,1,1,-1,9,1,20,4,1598,2,14,VOLKSWAGEN GOLF,2,E01011167,0,1
2024461559424,2024,461559424,1,9,0,-1,5,3,7,-1,0,0,0,4,0,0,1,2,-1,9,2,73,10,1968,2,10,VOLKSWAGEN GOLF,8,E01024015,0,1
2024552400494,2024,552400494,1,9,0,18,19,4,8,0,0,1,0,0,0,0,1,1,2,2,1,35,6,1400,1,14,VOLKSWAGEN GOLF,9,E01015412,0,1
2024340WN0312,2024,340WN0312,2,9,0,-1,4,8,4,-1,0,0,0,0,0,0,2,1,-1,2,1,34,6,1498,1,7,VOLKSWAGEN GOLF,-1,-1,0,-1
2024411454266,2024,411454266,1,9,-1,-1,-1,-1,-1,-1,-1,-1,-1,-1,-1,0,-1,9,-1,6,2,-1,-1,1498,8,1,VOLKSWAGEN GOLF,-1,-1,0,-1
2024111410723,2024,111410723,2,9,0,-1,19,7,7,-1,0,0,0,0,0,0,1,1,-1,1,2,21,5,1498,1,3,VOLKSWAGEN GOLF,2,E01020679,0,1
2024131397731,2024,131397731,2,9,0,-1,4,5,1,-1,0,8,0,0,0,0,2,1,-1,9,2,30,6,1598,2,11,VOLKSWAGEN GOLF,5,E01010668,0,1
2024201482978,2024,201482978,2,9,0,-1,19,3,7,-1,0,8,0,0,0,0,3,1,-1,9,2,25,5,1598,2,7,VOLKSWAGEN GOLF,3,E01009184,0,1
2024010511229,2024,010511229,2,9,0,9,9,1,7,0,0,8,1,10,1,11,1,1,6,6,1,20,4,999,1,6,VOLKSWAGEN GOLF,-1,-1,0,-1
2024501483054,2024,501483054,2,9,0,-1,19,5,1,-1,0,1,0,0,0,0,1,1,-1,9,1,60,9,1896,2,19,VOLKSWAGEN GOLF,6,E01020326,0,2
2024471466485,2024,471466485,1,9,0,-1,7,7,3,-1,0,0,0,0,0,0,1,2,-1,9,1,45,7,1498,1,7,VOLKSWAGEN GOLF,4,E01002048,0,4
2024131472601,2024,131472601,2,9,0,-1,9,2,6,-1,0,0,0,0,0,0,3,1,-1,9,1,34,6,1968,2,11,VOLKSWAGEN GOLF,3,E01010662,0,1
2024201432604,2024,201432604,1,9,0,-1,19,4,8,-1,0,2,0,0,0,0,1,9,-1,6,2,23,5,1968,2,7,VOLKSWAGEN GOLF,2,E01009043,0,1
2024440439242,2024,440439242,2,9,0,18,19,1,5,0,0,0,0,0,0,0,1,1,6,6,2,80,11,2000,1,15,VOLKSWAGEN GOLF,10,E01022528,0,1
2024111451662,2024,111451662,1,9,0,-1,19,1,4,-1,0,1,0,0,0,0,1,1,-1,6,1,30,6,1390,1,13,VOLKSWAGEN GOLF,-1,-1,0,-1
2024141424725,2024,141424725,2,9,0,-1,19,5,1,-1,0,0,1,0,0,0,1,1,-1,6,1,-1,-1,1968,2,8,VOLKSWAGEN GOLF,1,E01008065,0,2
2024052401442,2024,052401442,2,9,0,18,19,8,4,0,0,1,0,0,7,11,4,1,6,6,1,30,6,1968,2,8,VOLKSWAGEN GOLF,4,E01006976,0,1
2024451483162,2024,451483162,2,9,0,-1,99,-1,-1,-1,0,4,1,0,0,0,3,1,-1,6,1,22,5,2000,1,19,VOLKSWAGEN GOLF,-1,-1,0,-1
2024421500561,2024,421500561,2,9,0,-1,3,8,3,-1,0,0,0,0,0,0,0,1,-1,1,2,36,7,1598,2,8,VOLKSWAGEN GOLF,6,E01021595,0,2
2024010508973,2024,010508973,2,9,0,99,99,9,9,99,99,9,9,99,9,99,0,9,6,6,3,20,4,1598,1,17,VOLKSWAGEN GOLF,7,E01003395,0,1
2024111495766,2024,111495766,2,9,0,-1,3,3,7,-1,0,0,0,0,0,0,2,1,-1,2,1,25,5,1984,1,7,VOLKSWAGEN GOLF,4,E01020688,0,2
2024201540505,2024,201540505,2,9,0,-1,3,3,3,-1,0,1,0,0,0,0,2,1,-1,6,1,39,7,2000,2,19,VOLKSWAGEN GOLF,3,E01009977,0,3
2024010522323,2024,010522323,2,9,0,1,1,7,3,0,0,0,0,99,0,0,2,1,6,6,3,-1,-1,1600,1,20,VOLKSWAGEN GOLF,-1,-1,0,-1
2024332400074,2024,332400074,2,9,0,-1,19,8,4,-1,0,0,0,0,0,0,1,1,-1,6,1,-1,-1,1598,1,19,VOLKSWAGEN GOLF,-1,-1,0,-1
2024041477083,2024,041477083,3,9,0,-1,2,0,0,-1,0,2,0,0,3,0,2,2,-1,6,-1,-1,-1,1968,2,8,VOLKSWAGEN GOLF,-1,-1,0,-1
2024451483205,2024,451483205,1,9,0,-1,19,7,3,-1,0,1,0,0,0,0,1,1,-1,1,1,21,5,1390,1,21,VOLKSWAGEN GOLF,10,E01030726,0,1
2024221536023,2024,221536023,2,9,0,-1,19,2,6,-1,0,0,1,0,1,0,1,1,-1,6,1,66,10,1968,2,7,VOLKSWAGEN GOLF,10,E01009855,0,2
2024010539388,2024,010539388,2,9,0,18,19,1,5,0,0,7,0,0,0,0,3,1,6,6,1,22,5,1498,1,4,VOLKSWAGEN GOLF,6,E01001573,0,4
2024471441333,2024,471441333,1,9,0,-1,5,6,1,-1,0,2,0,0,0,0,3,1,-1,9,2,33,6,1896,2,17,VOLKSWAGEN GOLF,1,E01016900,0,3
2024201453660,2024,201453660,2,9,0,-1,19,2,6,-1,0,0,0,0,0,0,2,1,-1,9,2,29,6,1598,2,13,VOLKSWAGEN GOLF,1,E01009326,0,1
2024471526700,2024,471526700,1,9,0,-1,19,8,5,-1,0,0,0,0,0,0,4,1,-1,2,1,49,8,1197,1,13,VOLKSWAGEN GOLF,2,E01020910,0,3
2024311467827,2024,311467827,1,9,0,-1,19,8,4,-1,0,0,0,0,1,0,1,1,-1,6,1,23,5,1395,1,11,VOLKSWAGEN GOLF,7,E01028353,0,1
2024122400843,2024,122400843,1,9,0,4,4,5,1,0,0,0,0,0,0,0,2,1,2,2,2,66,10,1498,8,2,VOLKSWAGEN GOLF,10,E01027880,0,3
2024061535641,2024,061535641,1,9,0,-1,19,8,4,-1,0,1,1,0,0,0,1,1,-1,9,1,37,7,1968,2,14,VOLKSWAGEN GOLF,1,E01005101,0,1
2024320762976,2024,320762976,1,9,0,9,9,4,2,0,0,6,0,0,0,0,1,1,6,6,1,33,6,1968,2,16,VOLKSWAGEN GOLF,6,E01026039,0,2
2024131435645,2024,131435645,2,9,0,-1,5,2,6,-1,0,0,0,0,0,0,2,1,-1,9,2,32,6,1968,2,15,VOLKSWAGEN GOLF,2,E01010804,0,1
2024201493531,2024,201493531,1,9,0,-1,19,2,6,-1,0,0,0,0,0,0,1,1,-1,6,2,42,7,999,1,8,VOLKSWAGEN GOLF,9,E01010171,0,1
2024010498428,2024,010498428,2,9,9,99,99,9,9,99,99,9,9,99,9,99,9,9,6,6,3,-1,-1,1395,1,8,VOLKSWAGEN GOLF,-1,-1,0,-1
2024061470133,2024,061470133,1,9,0,-1,19,7,3,-1,0,1,0,0,0,0,1,1,-1,6,1,20,4,1968,2,4,VOLKSWAGEN GOLF,8,E01006024,0,1
2024471400690,2024,471400690,1,9,0,-1,19,5,1,-1,0,1,1,0,0,0,1,1,-1,1,1,25,5,1390,1,15,VOLKSWAGEN GOLF,7,E01021176,0,4
2024401469693,2024,401469693,2,9,0,-1,19,1,7,-1,0,0,0,0,0,0,1,1,-1,2,2,39,7,1598,2,6,VOLKSWAGEN GOLF,9,E01015708,0,1
2024201513582,2024,201513582,1,9,0,-1,7,6,7,-1,0,5,0,0,0,0,1,1,-1,6,2,26,6,1600,1,19,VOLKSWAGEN GOLF,2,E01034745,0,1
2024010546507,2024,010546507,1,9,0,18,19,3,7,0,0,0,0,0,1,0,0,1,6,6,3,-1,-1,1984,1,8,VOLKSWAGEN GOLF,-1,-1,0,-1
2024131491238,2024,131491238,2,9,0,-1,13,-1,-1,-1,-1,1,0,0,0,0,4,1,-1,6,3,-1,-1,1984,1,1,VOLKSWAGEN GOLF,-1,-1,0,-1
2024141415919,2024,141415919,1,9,0,-1,19,1,5,-1,0,0,0,0,0,0,2,1,-1,1,2,65,9,1598,2,13,VOLKSWAGEN GOLF,8,E01019806,0,4
2024361499973,2024,361499973,2,9,0,-1,19,1,5,-1,0,1,0,0,0,0,4,1,-1,9,1,78,11,1395,1,7,VOLKSWAGEN GOLF,7,E01026655,0,3
2024201433713,2024,201433713,1,9,0,-1,19,7,3,-1,0,4,0,0,0,0,1,9,-1,6,2,24,5,1390,1,17,VOLKSWAGEN GOLF,6,E01009041,0,2
2024010515522,2024,010515522,1,9,0,99,99,9,9,99,99,9,9,99,9,99,3,9,1,1,2,31,6,999,8,2,VOLKSWAGEN GOLF,3,E01003374,0,1
2024320366189,2024,320366189,4,9,0,3,3,2,6,0,0,0,0,0,0,0,2,1,-1,-1,1,30,6,1598,2,12,VOLKSWAGEN GOLF,-1,-1,0,-1
2024061396964,2024,061396964,1,9,0,-1,3,2,6,-1,0,0,0,0,0,0,1,1,-1,6,1,71,10,1598,2,11,VOLKSWAGEN GOLF,7,E01010952,0,3
2024061497179,2024,061497179,1,9,0,-1,19,8,4,-1,0,2,0,0,0,0,1,1,-1,9,1,24,5,1968,2,4,VOLKSWAGEN GOLF,8,E01006230,0,2
2024451510612,2024,451510612,3,9,0,-1,2,0,0,-1,0,0,0,0,0,0,2,1,-1,6,-1,-1,-1,1595,1,15,VOLKSWAGEN GOLF,-1,-1,0,-1
2024010544650,2024,010544650,1,9,0,3,3,7,3,0,0,1,0,0,0,0,1,1,6,6,1,32,6,1390,1,18,VOLKSWAGEN GOLF,2,E01003320,0,3