collision_index,collision_year,collision_ref_no,vehicle_reference,vehicle_type,towing_and_articulation,vehicle_manoeuvre_historic,vehicle_manoeuvre,vehicle_direction_from,vehicle_direction_to,vehicle_location_restricted_lane_historic,vehicle_location_restricted_lane,junction_location,skidding_and_overturning,hit_object_in_carriageway,vehicle_leaving_carriageway,hit_object_off_carriageway,first_point_of_impact,vehicle_left_hand_drive,journey_purpose_of_driver_historic,journey_purpose_of_driver,sex_of_driver,age_of_driver,age_band_of_driver,engine_capacity_cc,propulsion_code,age_of_vehicle,generic_make_model,driver_imd_decile,lsoa_of_driver,escooter_flag,driver_distance_banding
2024371494108,2024,371494108,2,9,0,-1,3,4,8,-1,0,1,0,0,0,0,2,1,-1,9,2,43,7,1598,2,13,VOLKSWAGEN GOLF,6,E01030057,0,3
2024041404945,2024,041404945,1,9,0,-1,5,1,5,-1,0,1,0,0,0,0,1,1,-1,6,1,20,4,1598,2,11,VOLKSWAGEN GOLF,3,E01010984,0,3
2024101553880,2024,101553880,1,9,0,-1,15,1,1,-1,0,1,0,0,0,0,1,1,-1,9,1,51,8,1896,2,20,VOLKSWAGEN GOLF,4,E01027387,0,1
2024361424528,2024,361424528,1,9,0,-1,19,5,4,-1,0,0,5,0,1,0,1,9,-1,6,1,52,8,1896,2,22,VOLKSWAGEN GOLF,1,E01026073,0,5
2024471467971,2024,471467971,1,9,0,-1,19,7,3,-1,0,0,0,1,0,0,1,1,-1,6,1,23,5,2000,2,20,VOLKSWAGEN GOLF,4,E01031546,0,1
2024010519480,2024,010519480,1,9,0,14,14,1,5,0,0,2,1,4,0,0,4,1,6,6,1,25,5,1984,1,5,VOLKSWAGEN GOLF,4,E01003532,0,2
2024991441535,2024,991441535,2,9,0,-1,5,8,6,-1,0,2,0,0,0,0,2,2,-1,6,2,35,6,1498,8,2,VOLKSWAGEN GOLF,1,-1,0,1
2024451502315,2024,451502315,2,9,0,-1,19,3,7,-1,0,1,0,0,0,0,3,1,-1,6,2,40,7,1968,2,5,VOLKSWAGEN GOLF,8,E01030683,0,1
2024041491456,2024,041491456,1,9,0,-1,19,5,1,-1,0,4,0,0,0,0,1,1,-1,9,1,28,6,1600,2,15,VOLKSWAGEN GOLF,7,E01012636,0,3
2024501448025,2024,501448025,1,9,0,-1,19,7,3,-1,0,1,0,0,1,0,1,1,-1,9,1,44,7,1968,2,13,VOLKSWAGEN GOLF,4,E01018982,0,3
2024010518914,2024,010518914,1,9,0,99,99,9,9,99,99,9,9,99,9,99,1,9,6,6,1,26,6,1395,8,6,VOLKSWAGEN GOLF,2,E01000053,0,1
2024052402697,2024,052402697,1,9,0,18,19,6,3,0,0,8,0,0,0,0,3,1,2,2,2,29,6,1498,1,5,VOLKSWAGEN GOLF,9,E01018349,0,4
2024421529379,2024,421529379,1,9,0,-1,19,5,1,-1,0,1,0,0,0,0,3,1,-1,6,1,76,11,1968,2,8,VOLKSWAGEN GOLF,9,E01034360,0,3
2024991480895,2024,991480895,1,9,0,-1,9,1,5,-1,0,5,0,0,0,0,3,1,-1,2,1,25,5,1197,1,14,VOLKSWAGEN GOLF,5,-1,0,4
2024501497593,2024,501497593,3,9,0,-1,2,0,0,-1,0,0,0,0,0,0,2,1,-1,6,-1,-1,-1,1968,2,11,VOLKSWAGEN GOLF,-1,-1,0,-1
2024430035364,2024,430035364,1,9,0,17,19,7,3,0,0,8,0,0,0,0,1,1,6,6,1,22,5,1968,2,15,VOLKSWAGEN GOLF,9,E01017450,0,3
2024361404622,2024,361404622,2,9,0,-1,19,3,7,-1,0,1,0,0,0,0,1,9,-1,6,1,30,6,1900,2,18,VOLKSWAGEN GOLF,7,E01026903,0,1
2024201506909,2024,201506909,2,9,0,-1,19,6,2,-1,0,0,0,0,0,0,2,1,-1,6,3,-1,-1,1900,2,18,VOLKSWAGEN GOLF,-1,-1,0,-1
2024421453671,2024,421453671,1,9,0,-1,19,5,8,-1,0,1,0,0,7,3,1,1,-1,9,1,17,4,1390,1,13,VOLKSWAGEN GOLF,9,E01030446,0,4
2024501476603,2024,501476603,1,9,0,-1,19,-1,-1,-1,99,0,0,99,0,0,1,1,-1,9,2,48,8,1968,2,13,VOLKSWAGEN GOLF,3,E01019022,0,4
2024161524049,2024,161524049,4,9,0,-1,9,1,5,-1,0,8,0,0,0,0,0,9,-1,6,-1,-1,-1,1968,2,8,VOLKSWAGEN GOLF,-1,-1,0,-1
2024141445699,2024,141445699,1,9,0,-1,19,1,5,-1,0,1,0,0,0,0,1,1,-1,6,1,27,6,1896,2,17,VOLKSWAGEN GOLF,5,E01007347,0,1
2024471478931,2024,471478931,4,9,0,-1,2,0,0,-1,0,0,0,0,0,0,4,1,-1,6,-1,-1,-1,1498,1,5,VOLKSWAGEN GOLF,-1,-1,0,-1
2024501491573,2024,501491573,1,9,0,-1,19,5,3,-1,0,0,5,0,0,0,1,1,-1,9,1,28,6,1984,1,8,VOLKSWAGEN GOLF,1,E01019029,0,3
2024061469491,2024,061469491,1,9,0,-1,3,4,8,-1,99,1,0,0,0,0,4,1,-1,9,2,30,6,1984,1,6,VOLKSWAGEN GOLF,-1,-1,0,-1
2024440166558,2024,440166558,2,9,0,18,19,6,2,0,0,1,0,0,0,0,1,1,6,6,1,27,6,1598,2,11,VOLKSWAGEN GOLF,-1,-1,0,-1
2024141502256,2024,141502256,1,9,0,-1,19,1,5,-1,0,0,0,0,0,0,1,1,-1,9,2,75,10,1498,1,5,VOLKSWAGEN GOLF,10,E01007958,0,1
2024201404775,2024,201404775,2,9,0,-1,19,3,7,-1,0,8,0,0,0,0,1,1,-1,9,1,26,6,1968,2,15,VOLKSWAGEN GOLF,1,E01009952,0,1
2024131516860,2024,131516860,1,9,0,-1,7,1,5,-1,0,8,0,0,0,0,1,1,-1,6,1,23,5,1984,1,6,VOLKSWAGEN GOLF,1,E01010679,0,1
2024351416699,2024,351416699,2,9,0,-1,4,-1,-1,-1,0,1,0,0,0,0,2,9,-1,7,1,21,5,1498,1,5,VOLKSWAGEN GOLF,9,E01018032,0,3
2024201500368,2024,201500368,1,9,0,-1,19,8,3,-1,0,0,1,10,1,11,1,1,-1,6,1,16,4,1600,1,20,VOLKSWAGEN GOLF,2,E01010313,0,1
2024451498927,2024,451498927,1,9,0,-1,9,3,1,-1,0,6,0,0,0,0,3,1,-1,2,1,42,7,1896,2,16,VOLKSWAGEN GOLF,8,E01035361,0,1
2024451518969,2024,451518969,1,9,0,-1,5,8,4,-1,0,0,0,0,0,0,2,1,-1,2,1,32,6,1598,1,19,VOLKSWAGEN GOLF,3,E01031752,0,4
2024131394444,2024,131394444,2,9,0,-1,19,7,3,-1,0,8,0,0,0,0,4,1,-1,6,1,21,5,2000,2,19,VOLKSWAGEN GOLF,2,E01011763,0,1
2024401495433,2024,401495433,2,9,0,-1,10,-1,-1,-1,0,4,0,0,0,0,2,1,-1,9,1,27,6,1395,1,7,VOLKSWAGEN GOLF,4,E01015752,0,1
2024520402697,2024,520402697,5,9,0,2,2,0,0,0,0,1,0,0,0,0,2,1,6,6,3,-1,-1,1598,1,16,VOLKSWAGEN GOLF,-1,-1,0,-1
2024010533513,2024,010533513,1,9,0,18,19,7,3,0,0,3,0,0,0,0,4,1,6,6,2,36,7,1395,1,9,VOLKSWAGEN GOLF,8,E01001617,0,1
2024411506479,2024,411506479,4,9,0,-1,2,0,0,-1,9,0,0,0,0,0,4,1,-1,6,-1,-1,-1,1498,1,5,VOLKSWAGEN GOLF,-1,-1,0,-1
2024340WN5882,2024,340WN5882,2,9,0,-1,19,7,3,-1,0,8,0,0,0,0,4,1,-1,9,1,25,5,1390,1,20,VOLKSWAGEN GOLF,2,E01027226,0,1
2024471495049,2024,471495049,1,9,0,-1,19,1,5,-1,0,1,0,0,0,0,4,1,-1,9,2,44,7,1390,1,20,VOLKSWAGEN GOLF,1,E01016865,0,1
2024401491908,2024,401491908,1,9,0,-1,19,-1,-1,-1,0,0,0,0,0,0,1,1,-1,6,2,53,8,1395,1,10,VOLKSWAGEN GOLF,5,E01015746,0,1
2024622400644,2024,622400644,3,9,0,2,2,0,0,0,0,0,0,0,0,0,2,1,6,6,3,-1,-1,2000,1,14,VOLKSWAGEN GOLF,-1,-1,0,-1
2024010515655,2024,010515655,1,9,0,13,13,4,8,0,0,0,0,0,1,0,4,1,6,6,1,29,6,1984,1,17,VOLKSWAGEN GOLF,3,E01023573,0,1
202454B533724,2024,54B533724,3,9,0,3,3,8,4,0,0,1,0,0,0,0,2,1,6,6,2,57,9,1598,1,17,VOLKSWAGEN GOLF,7,E01032024,0,3
2024531405490,2024,531405490,2,9,0,-1,19,5,1,-1,0,0,0,0,0,0,1,1,-1,6,2,33,6,1390,1,16,VOLKSWAGEN GOLF,9,E01022357,0,1
2024451424217,2024,451424217,1,9,0,-1,19,1,5,-1,9,1,0,10,0,0,1,1,-1,9,1,52,8,1968,2,2,VOLKSWAGEN GOLF,6,E01030729,0,1
2024061499972,2024,061499972,2,9,0,-1,9,5,3,-1,0,5,0,0,0,0,1,1,-1,2,2,27,6,1390,1,15,VOLKSWAGEN GOLF,2,E01034128,0,4
2024351504361,2024,351504361,1,9,0,-1,13,-1,-1,-1,0,0,0,0,0,0,-1,1,-1,6,1,30,6,1600,2,15,VOLKSWAGEN GOLF,8,E01033429,0,2
2024371497643,2024,371497643,2,9,0,-1,9,7,5,-1,0,6,1,0,0,0,3,1,-1,6,1,85,11,1968,2,10,VOLKSWAGEN GOLF,7,E01018220,0,2
2024201457387,2024,201457387,2,9,0,-1,3,4,8,-1,0,1,0,0,0,0,3,9,-1,9,2,30,6,1984,1,4,VOLKSWAGEN GOLF,1,E01009367,0,1
2024101424743,2024,101424743,1,9,0,-1,2,5,1,-1,9,2,0,0,2,0,3,1,-1,6,2,77,11,1598,2,14,VOLKSWAGEN GOLF,1,E01008340,0,1
2024440468338,2024,440468338,1,9,0,18,19,1,5,0,0,8,0,0,0,0,4,1,6,6,2,59,9,1968,2,12,VOLKSWAGEN GOLF,7,E01023219,0,3
2024010521609,2024,010521609,1,9,0,18,19,3,7,0,0,1,1,11,7,11,1,1,6,6,1,21,5,1984,1,0,VOLKSWAGEN GOLF,7,E01024318,0,3
2024201503196,2024,201503196,1,9,0,-1,19,5,1,-1,0,0,1,10,1,11,1,1,-1,6,1,23,5,1984,1,1,VOLKSWAGEN GOLF,-1,-1,0,-1
2024320409419,2024,320409419,2,9,0,-1,-1,8,4,0,0,8,0,0,0,0,1,1,-1,-1,2,26,6,1968,2,7,VOLKSWAGEN GOLF,7,E01026251,0,4
2024231525394,2024,231525394,2,9,0,-1,19,5,1,-1,0,8,0,0,0,0,1,1,-1,2,1,23,5,1896,2,24,VOLKSWAGEN GOLF,10,E01010156,0,3
2024631531994,2024,631531994,2,9,0,-1,5,5,1,-1,0,6,0,0,0,0,3,1,-1,2,2,41,7,1968,2,8,VOLKSWAGEN GOLF,8,W01000610,0,3
2024340NN2292,2024,340NN2292,1,9,0,-1,19,5,1,-1,0,8,5,0,1,4,1,1,-1,2,1,27,6,1968,2,11,VOLKSWAGEN GOLF,3,E01027081,0,1
2024531532003,2024,531532003,2,9,0,-1,19,1,5,-1,0,0,0,0,0,0,2,1,-1,9,2,60,9,1984,1,5,VOLKSWAGEN GOLF,8,E01026372,0,5
2024451495990,2024,451495990,1,9,0,-1,19,3,7,-1,0,2,1,0,7,3,1,1,-1,6,1,21,5,1984,1,11,VOLKSWAGEN GOLF,9,E01030944,0,1
2024141413745,2024,141413745,1,9,0,-1,13,6,2,-1,0,0,0,0,0,0,4,9,-1,6,3,-1,-1,1984,1,8,VOLKSWAGEN GOLF,-1,-1,0,-1
2024231415099,2024,231415099,2,9,0,-1,19,5,1,-1,0,8,0,0,0,0,3,1,-1,9,2,29,6,1498,1,1,VOLKSWAGEN GOLF,10,E01031214,0,1
2024430526679,2024,430526679,2,9,0,2,2,0,0,0,0,2,0,0,0,0,3,1,6,6,3,-1,-1,1598,2,13,VOLKSWAGEN GOLF,-1,-1,0,-1
2024471395510,2024,471395510,1,9,0,-1,2,0,0,-1,0,0,0,0,0,0,2,1,-1,9,2,29,6,1781,1,23,VOLKSWAGEN GOLF,10,E01031760,0,1
202460Q089558,2024,60Q089558,5,9,0,18,19,1,5,0,0,0,0,0,0,0,0,1,6,6,2,62,9,1968,2,11,VOLKSWAGEN GOLF,-1,-1,0,-1
2024531475469,2024,531475469,1,9,0,-1,19,5,1,-1,0,0,0,0,0,0,3,1,-1,1,1,23,5,1968,2,15,VOLKSWAGEN GOLF,8,E01034781,0,2
2024421445824,2024,421445824,2,9,0,-1,19,2,6,-1,0,0,0,0,0,0,3,9,-1,6,2,46,8,1390,1,14,VOLKSWAGEN GOLF,9,E01033461,0,1
2024131450748,2024,131450748,1,9,0,-1,19,3,7,-1,0,0,0,0,0,0,1,1,-1,9,1,21,5,1598,1,18,VOLKSWAGEN GOLF,3,E01011670,0,1
2024461398407,2024,461398407,3,9,0,-1,4,4,8,-1,0,0,0,0,0,0,2,9,-1,6,3,38,7,1968,2,15,VOLKSWAGEN GOLF,9,E01024256,0,3
2024440546851,2024,440546851,1,9,0,18,19,3,7,0,0,1,0,0,0,0,1,1,6,6,3,-1,-1,1968,2,13,VOLKSWAGEN GOLF,-1,-1,0,-1
2024131482709,2024,131482709,2,9,0,-1,9,2,6,-1,0,8,0,0,0,0,1,1,-1,6,3,-1,-1,1984,1,17,VOLKSWAGEN GOLF,-1,-1,0,-1
2024440503004,2024,440503004,1,9,0,5,5,5,1,0,0,2,0,0,0,0,1,1,6,6,2,60,9,1984,1,8,VOLKSWAGEN GOLF,4,E01022910,0,1
2024201525854,2024,201525854,2,9,0,-1,3,3,7,-1,0,0,0,0,0,0,2,1,-1,9,1,34,6,1968,2,12,VOLKSWAGEN GOLF,3,E01010144,0,2
2024010500181,2024,010500181,1,9,0,5,5,6,2,0,0,1,0,0,0,0,1,1,6,6,1,44,7,1896,2,18,VOLKSWAGEN GOLF,3,E01021300,0,4
2024131478209,2024,131478209,2,9,0,-1,19,8,4,-1,0,8,0,0,0,0,1,1,-1,9,2,37,7,1598,2,10,VOLKSWAGEN GOLF,7,E01013418,0,4
2024131531797,2024,131531797,2,9,0,-1,2,0,0,-1,0,0,0,0,0,0,1,1,-1,6,-1,-1,-1,1968,2,15,VOLKSWAGEN GOLF,-1,-1,0,-1
2024061475935,2024,061475935,1,9,-1,-1,-1,-1,-1,-1,-1,0,-1,-1,-1,0,-1,9,-1,6,3,-1,-1,1984,1,8,VOLKSWAGEN GOLF,-1,-1,0,-1
2024302400803,2024,302400803,1,9,0,18,19,6,2,0,0,0,0,0,0,0,1,1,6,6,1,40,7,1498,8,4,VOLKSWAGEN GOLF,1,E01013590,0,1
2024622400787,2024,622400787,1,9,0,11,11,3,7,0,0,3,0,0,1,3,4,1,2,2,1,25,5,1598,2,13,VOLKSWAGEN GOLF,8,W01001982,0,4
2024461444910,2024,461444910,3,9,0,-1,3,3,7,-1,0,0,0,0,0,0,2,1,-1,6,2,37,7,1896,2,17,VOLKSWAGEN GOLF,6,E01024062,0,1
2024070977940,2024,070977940,1,9,0,-1,5,7,3,-1,5,0,0,0,0,0,4,1,-1,6,2,18,4,1598,2,9,VOLKSWAGEN GOLF,10,E01018690,0,3
2024421452522,2024,421452522,1,9,0,-1,5,5,7,-1,0,6,0,0,0,0,3,1,-1,6,1,93,11,999,1,5,VOLKSWAGEN GOLF,10,E01021570,0,1
2024061532287,2024,061532287,2,9,0,-1,19,7,3,-1,0,8,0,0,0,0,3,1,-1,6,-1,-1,-1,1984,1,0,VOLKSWAGEN GOLF,-1,-1,0,-1
2024101485323,2024,101485323,1,9,0,-1,6,1,7,-1,0,1,0,0,0,0,4,1,-1,6,1,41,7,1598,2,14,VOLKSWAGEN GOLF,1,E01008289,0,1
2024010530936,2024,010530936,3,9,0,18,19,7,3,0,0,1,5,4,0,0,1,1,6,6,1,87,11,1395,1,7,VOLKSWAGEN GOLF,8,E01000319,0,1
2024010528961,2024,010528961,2,9,0,99,99,9,9,99,99,9,9,99,9,99,1,9,6,6,1,19,4,1600,1,19,VOLKSWAGEN GOLF,6,E01004002,0,1
2024131500730,2024,131500730,2,9,0,-1,19,7,3,-1,0,0,0,0,0,0,2,1,-1,6,2,43,7,1598,2,11,VOLKSWAGEN GOLF,1,E01010831,0,1
2024010536671,2024,010536671,2,9,0,99,99,9,9,99,99,0,9,99,9,99,9,9,6,6,3,-1,-1,1390,1,15,VOLKSWAGEN GOLF,3,E01003172,0,3
2024471491216,2024,471491216,1,9,0,-1,13,5,1,-1,0,2,1,0,0,0,1,1,-1,9,1,26,6,2000,1,14,VOLKSWAGEN GOLF,5,E01031554,0,3
2024471480947,2024,471480947,1,9,0,-1,19,1,7,-1,0,2,1,0,1,2,1,1,-1,9,1,19,4,1395,1,8,VOLKSWAGEN GOLF,6,E01035335,0,3
2024010502705,2024,010502705,3,9,0,18,19,3,7,0,0,0,0,0,0,0,1,1,6,6,3,-1,-1,1598,2,5,VOLKSWAGEN GOLF,-1,-1,0,-1
2024010508889,2024,010508889,2,9,0,2,2,0,0,0,0,1,0,0,0,0,2,1,6,6,3,-1,-1,1390,1,12,VOLKSWAGEN GOLF,-1,-1,0,-1
2024451438280,2024,451438280,1,9,0,-1,19,1,3,-1,0,8,0,0,0,0,4,9,-1,6,3,30,6,1984,1,9,VOLKSWAGEN GOLF,-1,-1,0,-1
2024052402559,2024,052402559,2,9,0,4,4,8,4,0,0,2,0,0,0,0,3,1,2,2,1,45,7,1984,1,7,VOLKSWAGEN GOLF,1,E01006542,0,1
2024552400612,2024,552400612,2,9,0,18,19,2,6,0,0,8,0,0,0,0,1,1,2,2,1,43,7,999,1,5,VOLKSWAGEN GOLF,3,E01029248,0,3
2024211488218,2024,211488218,1,9,0,-1,19,7,2,-1,0,4,0,0,3,0,1,1,-1,6,1,18,4,1395,1,7,VOLKSWAGEN GOLF,2,E01010522,0,2
2024542770324,2024,542770324,1,9,0,9,9,2,6,0,0,3,0,0,1,11,1,1,6,6,2,22,5,1600,2,14,VOLKSWAGEN GOLF,8,E01031957,0,4
2024371487085,2024,371487085,3,9,0,-1,4,3,7,-1,0,0,0,0,0,0,1,1,-1,2,2,30,6,1390,1,13,VOLKSWAGEN GOLF,8,E01030043,0,3
2024471471922,2024,471471922,2,9,0,-1,19,7,3,-1,0,0,0,0,0,0,3,1,-1,2,1,31,6,1395,8,0,VOLKSWAGEN GOLF,9,E01031714,0,2
2024201507081,2024,201507081,1,9,0,-1,19,5,1,-1,0,0,0,0,0,0,1,1,-1,6,1,87,11,1984,1,4,VOLKSWAGEN GOLF,7,E01010546,0,1
2024991426966,2024,991426966,1,9,0,-1,19,2,6,-1,0,1,0,0,0,0,1,1,-1,9,2,35,6,1984,1,5,VOLKSWAGEN GOLF,1,-1,0,1
2024221507017,2024,221507017,1,9,0,-1,12,6,2,-1,0,0,0,0,0,0,3,1,-1,9,2,56,9,1498,1,6,VOLKSWAGEN GOLF,-1,-1,0,-1
2024010504151,2024,010504151,1,9,0,3,3,3,7,0,0,2,0,0,0,0,1,2,2,2,1,33,6,1598,1,22,VOLKSWAGEN GOLF,-1,-1,0,-1
2024010506799,2024,010506799,1,9,0,9,9,1,6,0,0,6,0,0,0,0,4,1,6,6,3,21,5,1395,1,6,VOLKSWAGEN GOLF,4,E01001666,0,1
2024010492913,2024,010492913,3,9,0,2,2,0,0,0,0,1,0,0,0,0,1,1,6,6,3,-1,-1,1498,1,6,VOLKSWAGEN GOLF,-1,-1,0,-1
2024141504174,2024,141504174,1,9,0,-1,5,1,5,-1,0,6,0,0,0,0,1,1,-1,6,2,53,8,1400,1,14,VOLKSWAGEN GOLF,1,E01007738,0,1
2024549761424,2024,549761424,2,9,0,18,19,2,6,0,0,1,0,0,0,0,1,1,6,6,1,71,10,2000,2,20,VOLKSWAGEN GOLF,7,E01031872,0,1
2024101423828,2024,101423828,1,9,0,-1,19,7,3,-1,0,0,0,0,0,0,1,1,-1,6,1,36,7,1968,2,10,VOLKSWAGEN GOLF,8,E01008716,0,3
2024041421383,2024,041421383,1,9,0,-1,9,5,7,-1,0,8,0,0,0,0,1,1,-1,9,2,33,6,1968,2,7,VOLKSWAGEN GOLF,2,E01012606,0,2
2024201455466,2024,201455466,1,9,0,-1,19,6,2,-1,0,1,0,0,0,0,1,9,-1,6,1,25,5,1984,1,4,VOLKSWAGEN GOLF,2,E01033642,0,1
2024411482646,2024,411482646,2,9,0,-1,19,1,5,-1,0,1,0,0,0,0,1,1,-1,6,1,76,11,1498,1,3,VOLKSWAGEN GOLF,8,E01023315,0,2
2024371417189,2024,371417189,2,9,0,-1,3,1,4,-1,0,8,0,0,0,0,2,1,-1,9,2,45,7,999,1,2,VOLKSWAGEN GOLF,6,E01021344,0,4
2024622400872,2024,622400872,1,9,0,18,19,1,5,0,0,1,0,0,0,0,1,1,6,6,2,74,10,1390,1,14,VOLKSWAGEN GOLF,7,W01001953,0,1
2024302401353,2024,302401353,2,9,0,13,13,8,4,0,0,0,1,0,0,0,1,1,6,6,1,19,4,1390,1,15,VOLKSWAGEN GOLF,3,E01019506,0,3
2024201439156,2024,201439156,2,9,0,-1,3,1,5,-1,0,0,0,0,0,0,2,1,-1,6,1,21,5,1390,1,14,VOLKSWAGEN GOLF,1,E01009103,0,2
2024461441929,2024,461441929,1,9,0,-1,19,7,3,-1,0,0,1,0,0,0,1,1,-1,9,2,44,7,1395,1,7,VOLKSWAGEN GOLF,8,E01024625,0,2
2024061476280,2024,061476280,2,9,0,-1,10,-1,-1,-1,0,6,0,0,0,0,1,1,-1,6,1,-1,-1,1498,1,1,VOLKSWAGEN GOLF,-1,-1,0,-1
2024421528848,2024,421528848,1,9,0,-1,9,5,3,-1,0,6,9,0,0,0,1,2,-1,6,1,-1,-1,1896,2,22,VOLKSWAGEN GOLF,-1,-1,0,-1
2024552400299,2024,552400299,2,9,0,4,4,5,3,0,0,3,0,0,0,0,2,1,6,6,1,35,6,1968,2,11,VOLKSWAGEN GOLF,4,E01034283,0,2
2024111492274,2024,111492274,1,9,0,-1,7,5,7,-1,0,5,0,0,0,0,1,1,-1,9,1,59,9,1968,2,11,VOLKSWAGEN GOLF,1,E01012359,0,1
2024320517870,2024,320517870,1,9,0,-1,-1,2,6,0,0,2,0,0,0,0,4,1,6,6,1,23,5,1896,2,22,VOLKSWAGEN GOLF,5,E01026243,0,3
2024991447439,2024,991447439,1,9,0,-1,19,7,3,-1,0,1,0,0,0,0,4,1,-1,2,2,56,9,1598,2,7,VOLKSWAGEN GOLF,10,-1,0,1
2024141397232,2024,141397232,1,9,0,-1,19,4,8,-1,0,0,0,0,7,11,1,1,-1,2,2,24,5,1781,1,22,VOLKSWAGEN GOLF,1,E01008013,0,2
2024010505476,2024,010505476,1,9,0,10,10,7,4,0,0,1,0,0,0,0,0,1,6,6,1,41,7,1598,1,17,VOLKSWAGEN GOLF,5,E01002395,0,1
2024991399977,2024,991399977,3,9,0,-1,3,8,4,-1,0,0,0,0,0,0,2,1,-1,6,1,47,8,1598,2,12,VOLKSWAGEN GOLF,9,-1,0,3
2024201504559,2024,201504559,1,9,0,-1,19,4,7,-1,9,0,1,0,0,0,1,1,-1,1,2,41,7,1968,2,3,VOLKSWAGEN GOLF,4,E01009871,0,1
2024371442140,2024,371442140,1,9,0,-1,19,1,5,-1,0,0,0,0,0,0,1,1,-1,2,1,22,5,1197,1,13,VOLKSWAGEN GOLF,5,E01026718,0,4
2024501484814,2024,501484814,2,9,0,-1,19,5,1,-1,0,0,0,0,0,0,4,1,-1,9,2,45,7,1968,2,8,VOLKSWAGEN GOLF,9,E01019939,0,2
2024041470915,2024,041470915,2,9,0,-1,19,3,7,-1,0,0,0,0,0,0,3,1,-1,9,1,39,7,1984,1,9,VOLKSWAGEN GOLF,7,E01019382,0,3
2024430288966,2024,430288966,1,9,0,17,19,6,3,0,0,0,0,0,1,0,1,1,6,6,1,19,4,1984,1,6,VOLKSWAGEN GOLF,7,E01017826,0,1
2024451491779,2024,451491779,2,9,0,-1,19,3,7,-1,0,0,0,0,0,0,3,1,-1,9,2,28,6,1598,1,17,VOLKSWAGEN GOLF,10,E01031639,0,3
2024010515870,2024,010515870,1,9,0,18,19,3,7,99,99,9,9,99,9,99,3,1,6,6,3,37,7,1390,1,12,VOLKSWAGEN GOLF,7,E01003646,0,1
2024411534392,2024,411534392,1,9,-1,-1,3,-1,-1,-1,0,0,0,0,0,0,3,9,-1,6,2,-1,-1,1984,1,5,VOLKSWAGEN GOLF,-1,-1,0,-1
2024010548965,2024,010548965,2,9,0,99,99,9,9,99,99,9,9,99,9,99,1,9,6,6,3,-1,-1,1197,1,11,VOLKSWAGEN GOLF,-1,-1,0,-1
2024430343808,2024,430343808,1,9,0,18,19,8,4,0,0,0,0,0,0,0,1,1,6,6,2,37,7,1968,2,15,VOLKSWAGEN GOLF,3,E01020913,0,5
2024351452016,2024,351452016,2,9,0,-1,9,6,4,-1,0,8,0,0,0,0,3,1,-1,6,1,51,8,1896,2,17,VOLKSWAGEN GOLF,7,E01018225,0,1
2024501421385,2024,501421385,1,9,0,-1,19,7,4,-1,0,1,0,0,0,0,3,1,-1,9,1,26,6,1968,2,11,VOLKSWAGEN GOLF,8,E01015118,0,4
2024522401968,2024,522401968,1,9,0,18,19,4,8,0,0,0,0,0,0,0,1,1,6,6,1,37,7,1390,1,17,VOLKSWAGEN GOLF,10,E01014880,0,1
2024401528729,2024,401528729,1,9,0,-1,19,8,3,-1,0,1,0,0,0,0,1,1,-1,6,2,25,5,1781,1,23,VOLKSWAGEN GOLF,6,E01015721,0,2
2024201549611,2024,201549611,1,9,0,-1,7,2,4,-1,0,1,0,0,0,0,1,1,-1,6,2,20,4,1395,1,10,VOLKSWAGEN GOLF,2,E01010270,0,1
2024010546799,2024,010546799,1,9,0,99,99,9,9,99,99,0,9,99,9,99,1,9,6,6,2,32,6,999,1,5,VOLKSWAGEN GOLF,3,E01029996,0,4
2024061411620,2024,061411620,2,9,0,-1,4,5,1,-1,0,8,0,0,0,0,2,9,-1,6,1,-1,-1,1968,2,9,VOLKSWAGEN GOLF,6,E01006048,0,3
2024501541892,2024,501541892,2,9,0,-1,19,5,1,-1,0,8,0,0,0,0,2,9,-1,6,1,44,7,3200,1,17,VOLKSWAGEN GOLF,4,E01018894,0,2
2024991420874,2024,991420874,1,9,0,-1,4,7,3,-1,0,1,0,4,0,0,1,1,-1,9,1,35,6,1598,2,13,VOLKSWAGEN GOLF,-1,-1,0,-1
2024101442792,2024,101442792,2,9,0,-1,19,8,4,-1,0,0,0,0,0,0,1,1,-1,6,1,37,7,1968,2,16,VOLKSWAGEN GOLF,2,E01008690,0,1
2024131490981,2024,131490981,3,9,0,-1,19,2,6,-1,0,1,0,0,0,0,1,1,-1,9,2,66,10,1896,2,21,VOLKSWAGEN GOLF,5,E01011770,0,2
2024531444850,2024,531444850,1,9,0,-1,19,3,7,-1,0,0,0,0,0,0,1,1,-1,9,2,49,8,1968,2,16,VOLKSWAGEN GOLF,4,E01022156,0,1
2024991520590,2024,991520590,2,9,0,-1,2,0,0,-1,0,6,0,0,0,0,4,2,-1,6,-1,-1,-1,1498,1,2,VOLKSWAGEN GOLF,-1,-1,0,-1
2024440330743,2024,440330743,1,9,0,18,19,7,3,0,0,1,0,0,0,0,4,1,6,6,2,52,8,1968,2,13,VOLKSWAGEN GOLF,-1,-1,0,-1
2024061503490,2024,061503490,2,9,0,-1,4,7,3,-1,0,0,0,0,0,0,2,9,-1,6,2,26,6,1390,1,15,VOLKSWAGEN GOLF,4,E01018396,0,4
2024340WN5602,2024,340WN5602,1,9,0,-1,19,4,8,-1,0,2,0,0,0,0,4,1,-1,6,1,27,6,1900,2,18,VOLKSWAGEN GOLF,1,E01027239,0,1
2024061481936,2024,061481936,2,9,-1,-1,-1,-1,-1,-1,-1,0,-1,-1,-1,0,-1,9,-1,6,2,-1,-1,1968,2,4,VOLKSWAGEN GOLF,-1,-1,0,-1
2024221438177,2024,221438177,2,9,0,-1,19,8,2,-1,0,7,0,0,1,0,4,9,-1,6,2,42,7,1598,2,11,VOLKSWAGEN GOLF,4,E01010489,0,4