collision_index,collision_year,collision_ref_no,vehicle_reference,vehicle_type,towing_and_articulation,vehicle_manoeuvre_historic,vehicle_manoeuvre,vehicle_direction_from,vehicle_direction_to,vehicle_location_restricted_lane_historic,vehicle_location_restricted_lane,junction_location,skidding_and_overturning,hit_object_in_carriageway,vehicle_leaving_carriageway,hit_object_off_carriageway,first_point_of_impact,vehicle_left_hand_drive,journey_purpose_of_driver_historic,journey_purpose_of_driver,sex_of_driver,age_of_driver,age_band_of_driver,engine_capacity_cc,propulsion_code,age_of_vehicle,generic_make_model,driver_imd_decile,lsoa_of_driver,escooter_flag,driver_distance_banding
2024311443713,2024,311443713,1,9,0,-1,19,3,7,-1,0,1,0,0,0,0,1,1,-1,6,2,23,5,1598,2,14,VOLKSWAGEN GOLF,7,E01028080,0,1
2024122400614,2024,122400614,1,9,0,18,19,5,1,0,0,1,0,0,0,0,1,1,1,1,1,44,7,1598,1,17,VOLKSWAGEN GOLF,1,E01012318,0,3
2024131456423,2024,131456423,1,9,0,-1,19,7,3,-1,0,0,0,0,0,0,1,1,-1,9,1,20,4,1598,2,9,VOLKSWAGEN GOLF,3,E01010794,0,2
2024010497969,2024,010497969,1,9,0,99,99,9,9,99,99,0,9,99,9,99,9,9,6,6,1,21,5,1390,1,15,VOLKSWAGEN GOLF,2,E01032787,0,3
2024131529754,2024,131529754,1,9,0,-1,19,1,5,-1,0,0,0,0,0,0,1,1,-1,2,1,66,10,1598,2,13,VOLKSWAGEN GOLF,5,E01011728,0,3
2024061509210,2024,061509210,1,9,0,-1,5,3,7,-1,0,1,0,0,0,0,3,1,-1,9,1,43,7,1968,2,9,VOLKSWAGEN GOLF,1,E01034137,0,1
2024010534975,2024,010534975,2,9,0,2,2,0,0,0,0,0,0,4,0,0,3,1,6,6,3,-1,-1,1598,2,8,VOLKSWAGEN GOLF,-1,-1,0,-1
2024070894097,2024,070894097,1,9,0,-1,9,1,3,-1,0,2,0,0,0,0,1,1,-1,9,1,24,5,1390,1,18,VOLKSWAGEN GOLF,3,E01018746,0,3
2024411519853,2024,411519853,2,9,0,-1,19,-1,-1,-1,0,0,0,0,0,0,2,1,-1,9,1,49,8,1197,1,10,VOLKSWAGEN GOLF,8,E01035601,0,2
2024401432290,2024,401432290,2,9,0,-1,3,8,4,-1,0,1,0,0,0,0,3,1,-1,2,1,35,6,1968,2,10,VOLKSWAGEN GOLF,5,E01015714,0,1
2024461487782,2024,461487782,2,9,0,-1,4,7,3,-1,0,0,0,0,0,0,2,1,-1,9,2,26,6,1896,2,16,VOLKSWAGEN GOLF,5,E01024787,0,3
2024201470332,2024,201470332,2,9,0,-1,3,8,8,-1,0,0,0,0,0,0,2,9,-1,6,1,25,5,1498,8,1,VOLKSWAGEN GOLF,1,E01010102,0,1
2024131503266,2024,131503266,2,9,0,-1,19,5,1,-1,0,2,0,0,0,0,1,1,-1,6,1,44,7,1498,1,3,VOLKSWAGEN GOLF,1,E01011130,0,1
2024471424107,2024,471424107,2,9,0,-1,19,1,5,-1,0,8,0,0,1,2,4,1,-1,9,1,73,10,2000,1,18,VOLKSWAGEN GOLF,4,E01016882,0,1
2024991492476,2024,991492476,2,9,0,-1,12,2,6,-1,0,0,1,0,5,0,4,1,-1,2,1,46,8,2000,2,19,VOLKSWAGEN GOLF,5,-1,0,1
2024131464400,2024,131464400,1,9,0,-1,19,5,1,-1,0,0,0,0,1,0,1,1,-1,6,-1,-1,-1,1968,2,1,VOLKSWAGEN GOLF,-1,-1,0,-1
2024543219524,2024,543219524,1,9,0,13,13,4,8,0,0,0,0,0,0,0,1,1,2,2,1,23,5,999,8,1,VOLKSWAGEN GOLF,5,E01017221,0,4
2024421533337,2024,421533337,2,9,0,-1,4,-1,-1,-1,0,0,9,0,0,0,1,1,-1,6,1,-1,-1,1390,1,12,VOLKSWAGEN GOLF,-1,-1,0,-1
2024501504016,2024,501504016,1,9,0,-1,19,2,6,-1,0,0,2,0,8,10,1,1,-1,6,1,18,4,1390,1,19,VOLKSWAGEN GOLF,9,E01020316,0,2
2024041397767,2024,041397767,2,9,0,-1,19,2,6,-1,0,0,0,0,0,0,1,1,-1,2,1,30,6,1900,2,18,VOLKSWAGEN GOLF,8,E01005574,0,4
2024010519444,2024,010519444,1,9,0,18,19,3,7,0,0,1,0,0,0,0,1,1,6,6,1,45,7,1395,1,11,VOLKSWAGEN GOLF,3,E01000090,0,1
2024061519914,2024,061519914,1,9,0,-1,3,1,5,-1,0,0,0,0,0,0,2,1,-1,6,2,43,7,1390,1,15,VOLKSWAGEN GOLF,-1,-1,0,-1
2024041462736,2024,041462736,1,9,0,-1,19,3,7,-1,0,0,0,4,0,0,1,1,-1,9,2,37,7,1968,2,13,VOLKSWAGEN GOLF,7,E01024995,0,1
2024451480268,2024,451480268,2,9,0,-1,3,7,3,-1,0,1,0,0,0,0,2,1,-1,9,1,79,11,1395,1,8,VOLKSWAGEN GOLF,10,E01030316,0,1
2024311407269,2024,311407269,2,9,0,-1,19,1,5,-1,0,0,0,0,0,0,1,1,-1,6,1,26,6,1896,2,19,VOLKSWAGEN GOLF,-1,-1,0,-1
202460Q185332,2024,60Q185332,2,9,0,16,19,5,1,0,0,0,0,0,0,0,1,1,6,6,2,39,7,1968,2,15,VOLKSWAGEN GOLF,-1,-1,0,-1
2024010494670,2024,010494670,1,9,0,9,9,5,3,0,0,5,0,0,0,0,1,1,6,6,2,67,10,1984,1,7,VOLKSWAGEN GOLF,-1,-1,0,-1
2024991535301,2024,991535301,1,9,0,-1,19,2,6,-1,0,0,2,0,0,0,3,1,-1,6,1,26,6,1984,1,0,VOLKSWAGEN GOLF,9,-1,0,3
2024471487307,2024,471487307,1,9,0,-1,19,1,5,-1,0,1,0,0,0,0,4,1,-1,6,1,84,11,1498,1,3,VOLKSWAGEN GOLF,10,E01035360,0,2
2024622400201,2024,622400201,2,9,0,16,19,2,6,0,0,0,0,0,0,0,1,1,6,6,1,21,5,1984,1,9,VOLKSWAGEN GOLF,10,W01001193,0,1
2024010544934,2024,010544934,2,9,0,99,99,9,9,99,99,9,9,99,9,99,2,9,6,6,3,-1,-1,1390,1,15,VOLKSWAGEN GOLF,-1,-1,0,-1
2024332400237,2024,332400237,1,9,0,-1,9,7,5,-1,0,6,0,0,0,0,1,1,-1,6,1,34,6,1197,1,11,VOLKSWAGEN GOLF,4,E01013717,0,1
2024430516041,2024,430516041,1,9,0,18,19,5,1,0,0,1,0,0,0,0,4,1,2,2,2,32,6,1595,1,24,VOLKSWAGEN GOLF,-1,-1,0,-1
2024010511157,2024,010511157,2,9,0,2,2,0,0,7,6,2,0,0,0,0,0,1,6,6,3,-1,-1,1390,1,14,VOLKSWAGEN GOLF,-1,-1,0,-1
2024440013583,2024,440013583,1,19,0,12,12,2,6,0,0,0,0,0,0,0,0,1,1,1,1,34,6,-1,3,1,VOLKSWAGEN ID BUZZ,2,E01016035,0,5
2024520403054,2024,520403054,1,19,0,18,19,7,3,0,0,0,5,0,1,0,1,1,6,6,1,53,8,-1,3,0,VOLKSWAGEN ID BUZZ,5,E01032090,0,4
2024440463459,2024,440463459,2,9,0,9,9,6,8,0,0,8,0,0,0,0,1,1,6,6,1,-1,-1,-1,3,1,VOLKSWAGEN ID BUZZ,-1,-1,0,-1
2024041502269,2024,041502269,1,9,0,-1,19,1,7,-1,0,8,0,0,0,0,1,1,-1,6,2,39,7,-1,3,0,VOLKSWAGEN ID BUZZ,8,E01025277,0,1
2024061451120,2024,061451120,1,9,0,-1,19,3,7,-1,0,0,0,0,0,0,-1,9,-1,6,1,-1,-1,-1,3,1,VOLKSWAGEN ID BUZZ,-1,-1,0,-1
2024320622954,2024,320622954,1,19,0,4,4,5,1,0,0,0,0,0,0,0,1,1,6,6,1,-1,-1,-1,3,0,VOLKSWAGEN ID BUZZ,-1,-1,0,-1
2024501483523,2024,501483523,1,9,0,-1,9,7,5,-1,0,8,0,0,0,0,3,1,-1,9,1,48,8,-1,3,0,VOLKSWAGEN ID BUZZ,5,E01020068,0,1
2024010525731,2024,010525731,1,19,0,9,9,3,1,0,0,8,0,0,0,0,4,1,2,2,1,61,9,-1,3,1,VOLKSWAGEN ID BUZZ,7,E01032781,0,1
2024552400871,2024,552400871,2,9,0,18,19,4,8,0,0,8,0,0,0,0,1,1,2,2,2,42,7,-1,3,1,VOLKSWAGEN ID BUZZ,7,E01020537,0,1
2024991519489,2024,991519489,2,9,0,-1,2,0,0,-1,0,0,0,0,0,0,3,1,-1,6,-1,-1,-1,-1,3,2,VOLKSWAGEN ID BUZZ,-1,-1,0,-1
2024548951424,2024,548951424,3,19,0,18,19,1,5,0,0,1,0,0,0,0,1,1,2,2,1,34,6,-1,3,0,VOLKSWAGEN ID BUZZ,10,E01020463,0,2
2024320477908,2024,320477908,1,9,0,-1,-1,8,4,0,0,0,0,0,0,0,1,1,6,6,2,24,5,1997,2,16,VOLVO S80,1,E01026010,0,4
2024451418512,2024,451418512,2,9,0,-1,12,1,5,-1,0,0,0,0,0,0,3,1,-1,6,1,60,9,2401,2,17,VOLVO S80,4,E01001171,0,4
2024320022789,2024,320022789,1,9,0,-1,-1,8,4,0,0,7,0,0,0,0,1,1,-1,-1,1,42,7,2401,2,17,VOLVO S80,7,E01025969,0,4
2024471468877,2024,471468877,2,9,0,-1,19,3,7,-1,0,0,0,0,0,0,2,1,-1,6,1,42,7,1984,2,12,VOLVO S80,9,E01021072,0,1
2024161432302,2024,161432302,1,9,0,-1,1,7,3,-1,0,0,0,0,0,0,1,1,-1,9,1,84,11,2521,1,16,VOLVO S80,4,E01013334,0,1
2024061477119,2024,061477119,5,9,0,-1,2,0,0,-1,0,0,0,0,0,0,1,1,-1,6,-1,-1,-1,4414,1,18,VOLVO S80,-1,-1,0,-1
2024141502138,2024,141502138,2,9,0,-1,19,1,5,-1,0,0,0,0,0,0,3,1,-1,9,1,76,11,1969,2,8,VOLVO S80,5,E01007698,0,2
2024311408637,2024,311408637,1,9,0,-1,19,3,7,-1,0,0,0,4,0,0,4,1,-1,6,1,48,8,2400,2,15,VOLVO S80,1,E01013841,0,1
2024320109506,2024,320109506,2,9,0,-1,-1,4,8,0,0,8,0,0,0,0,1,1,-1,-1,2,41,7,2401,2,21,VOLVO S80,8,E01026258,0,1
2024010513518,2024,010513518,2,9,0,99,99,9,9,99,99,9,9,99,9,99,1,9,6,6,2,32,6,2521,1,15,VOLVO S80,6,E01001309,0,1
2024201518948,2024,201518948,2,9,0,-1,5,3,3,-1,0,2,0,0,0,0,4,1,-1,2,2,47,8,1997,2,15,VOLVO S80,1,E01009401,0,2
2024501438670,2024,501438670,1,9,0,-1,20,5,1,-1,9,1,0,0,0,0,1,9,-1,6,3,-1,-1,2401,2,17,VOLVO S80,-1,-1,0,-1
2024101426986,2024,101426986,2,9,0,-1,9,5,3,-1,0,6,0,0,0,0,3,1,-1,2,2,44,7,2435,1,19,VOLVO S80,7,E01008500,0,2
2024371478655,2024,371478655,1,9,0,-1,1,1,5,-1,0,0,0,0,0,0,2,1,-1,9,1,42,7,1984,2,12,VOLVO S80,3,E01029914,0,1
2024430551006,2024,430551006,1,9,0,5,5,1,7,0,0,6,0,0,0,0,-1,-1,6,6,1,68,10,2401,2,18,VOLVO S80,7,E01016820,0,1
2024340WN5112,2024,340WN5112,2,9,0,-1,2,0,0,-1,0,0,0,0,0,0,3,1,-1,6,3,-1,-1,1984,2,13,VOLVO S80,-1,-1,0,-1
2024401517732,2024,401517732,1,9,0,-1,1,5,1,-1,0,0,0,0,0,0,2,1,-1,6,3,-1,-1,2401,2,18,VOLVO S80,-1,-1,0,-1
2024010521636,2024,010521636,1,9,0,18,19,5,1,0,0,0,0,0,0,0,2,1,1,1,1,54,8,1969,2,8,VOLVO S80,7,E01021801,0,3
2024311458054,2024,311458054,1,9,0,-1,19,3,7,-1,0,6,0,0,0,0,1,9,-1,1,1,48,8,2400,2,15,VOLVO S80,-1,-1,0,-1
2024010502259,2024,010502259,1,9,0,3,3,1,5,0,0,1,0,0,0,0,2,1,6,6,1,59,9,2435,1,22,VOLVO S80,5,E01000975,0,1
2024101449013,2024,101449013,1,9,0,-1,19,3,7,-1,0,0,0,0,0,0,4,1,-1,1,1,63,9,2400,2,14,VOLVO S80,2,E01027443,0,4
2024401489491,2024,401489491,2,9,0,-1,-1,-1,-1,-1,-1,0,-1,-1,-1,0,3,9,-1,2,1,49,8,1984,2,14,VOLVO S80,4,E01015804,0,1
2024041441623,2024,041441623,1,9,0,-1,11,3,7,-1,0,0,0,0,1,11,1,1,-1,9,1,65,9,2401,2,20,VOLVO S80,3,E01012714,0,3
2024610041424,2024,610041424,1,9,0,18,19,6,2,0,0,1,1,0,1,9,1,1,6,6,1,55,8,2401,2,15,VOLVO S80,2,W01001964,0,4
2024430077644,2024,430077644,2,9,0,18,19,7,3,0,0,1,0,0,0,0,1,1,6,6,3,-1,-1,2776,2,10,-1,-1,-1,0,-1
2024231420064,2024,231420064,3,9,0,-1,19,3,7,-1,0,0,0,0,0,0,1,1,-1,9,1,57,9,2777,2,13,-1,3,E01018893,0,5
2024010536666,2024,010536666,2,9,0,17,19,7,3,0,0,0,0,0,0,0,3,1,6,6,2,68,10,3301,1,18,-1,3,E01001825,0,1
2024311452142,2024,311452142,2,9,0,-1,3,1,5,-1,0,1,0,0,0,0,2,1,-1,6,2,40,7,2776,2,18,-1,-1,-1,0,-1
2024421421066,2024,421421066,2,9,0,-1,10,3,1,-1,0,1,0,0,0,0,2,1,-1,9,2,48,8,2776,2,18,-1,5,E01021844,0,1
2024461486420,2024,461486420,1,9,0,-1,19,1,5,-1,0,0,0,0,0,0,1,1,-1,9,1,82,11,2776,2,17,-1,8,E01024237,0,2
2024543716524,2024,543716524,2,9,0,18,19,3,7,0,0,1,0,0,0,0,3,1,6,6,2,65,9,1560,2,8,CITROEN C4,6,E01015478,0,1
2024320078699,2024,320078699,1,9,0,-1,-1,2,6,0,0,1,0,0,0,0,1,1,6,6,1,87,11,1560,2,10,CITROEN C4,1,E01026149,0,1
2024991464272,2024,991464272,2,9,0,-1,19,2,6,-1,0,0,0,2,0,0,1,1,-1,6,2,18,4,1200,1,7,CITROEN C4,-1,-1,0,-1
2024351530611,2024,351530611,1,8,0,-1,19,1,5,-1,0,0,0,0,0,0,1,1,-1,1,1,49,8,1560,2,8,CITROEN C4,4,E01018145,0,1
2024131482316,2024,131482316,1,9,0,-1,19,5,1,-1,0,0,0,0,0,0,4,1,-1,6,1,60,9,1560,2,9,CITROEN C4,9,E01011194,0,4
2024041497108,2024,041497108,1,9,0,-1,1,5,1,-1,0,1,0,0,0,0,2,1,-1,9,2,37,7,1997,2,16,CITROEN C4,1,E01025248,0,1
2024221492043,2024,221492043,1,9,0,-1,19,7,3,-1,0,0,0,0,0,0,1,9,-1,6,1,67,10,1200,1,2,CITROEN C4,-1,-1,0,-1
2024070142616,2024,070142616,2,9,0,18,19,5,1,0,0,0,0,0,0,0,3,1,6,6,1,60,9,1560,2,8,CITROEN C4,1,E01007274,0,3
2024302400980,2024,302400980,2,9,0,3,3,8,4,0,0,0,0,0,0,0,4,1,6,6,1,37,7,1199,1,1,CITROEN C4,6,E01019651,0,4
2024440305364,2024,440305364,1,9,0,18,19,4,8,0,0,0,0,0,0,0,1,1,2,2,1,31,6,-1,3,2,CITROEN C4,8,E01023234,0,1
2024501437981,2024,501437981,2,9,0,-1,20,0,0,-1,0,2,0,0,0,0,1,1,-1,6,-1,-1,-1,1199,1,0,CITROEN C4,-1,-1,0,-1
2024351476508,2024,351476508,2,9,0,-1,19,3,7,-1,0,0,0,0,0,0,3,1,-1,7,2,32,6,1560,2,10,CITROEN C4,3,E01030115,0,1
2024041481173,2024,041481173,2,9,0,-1,19,7,3,-1,0,0,0,0,0,0,4,1,-1,9,1,80,11,1499,2,4,CITROEN C4,5,E01024954,0,1
202460Q153178,2024,60Q153178,1,9,0,5,5,5,1,0,0,4,0,0,0,0,1,1,6,6,2,58,9,-1,3,1,CITROEN C4,-1,-1,0,-1
2024371465159,2024,371465159,1,9,0,-1,19,5,1,-1,0,0,0,0,1,0,1,1,-1,9,2,58,9,1200,1,8,CITROEN C4,5,E01021994,0,4
2024061453531,2024,061453531,1,9,0,-1,9,5,3,-1,0,0,0,0,0,0,3,1,-1,6,2,49,8,1560,2,17,CITROEN C4,6,E01005550,0,1
2024221456206,2024,221456206,1,9,0,-1,19,5,8,-1,0,1,0,4,0,0,3,1,-1,9,1,85,11,1499,2,1,CITROEN C4,6,E01032296,0,1
2024302400518,2024,302400518,3,9,0,2,2,0,0,0,0,0,0,0,0,0,3,1,6,6,2,86,11,1560,2,12,CITROEN C4,9,E01019627,0,2
2024111529748,2024,111529748,1,9,0,-1,19,7,3,-1,0,0,2,0,7,0,1,1,-1,6,1,35,6,1997,2,13,CITROEN C4,1,E01012245,0,4
2024340WN4682,2024,340WN4682,2,9,0,-1,3,3,7,-1,0,0,0,0,0,0,2,1,-1,9,1,40,7,1200,1,9,CITROEN C4,6,E01035421,0,1
2024201517561,2024,201517561,4,9,0,-1,3,5,1,-1,0,0,0,0,0,0,2,1,-1,6,1,63,9,1199,1,2,CITROEN C4,10,E01025835,0,4
2024522401561,2024,522401561,1,9,0,16,19,8,3,0,0,8,0,0,0,0,1,1,6,6,1,35,6,1560,2,11,CITROEN C4,2,E01014643,0,1
2024141429714,2024,141429714,1,9,0,-1,19,7,3,-1,0,0,0,0,0,0,1,1,-1,6,2,42,7,1560,2,9,CITROEN C4,5,E01032551,0,1
2024440548593,2024,440548593,1,9,0,4,4,5,1,0,0,0,0,0,0,0,1,1,6,6,2,76,11,1560,2,9,CITROEN C4,5,E01022761,0,1
2024010520798,2024,010520798,2,9,0,9,9,5,2,0,0,1,0,0,0,0,1,1,6,6,1,44,7,1997,2,8,CITROEN C4,5,E01000932,0,1
2024211492763,2024,211492763,2,9,0,-1,19,8,2,-1,0,0,0,0,0,0,1,1,-1,9,2,53,8,1560,2,7,CITROEN C4,-1,-1,0,-1
2024361519852,2024,361519852,3,9,0,-1,2,0,0,-1,0,0,0,0,0,0,0,1,-1,1,1,55,8,1560,2,11,CITROEN C4,6,E01021980,0,5
2024631492571,2024,631492571,1,9,0,-1,9,1,5,-1,9,0,0,0,1,11,1,1,-1,2,1,35,6,1997,2,9,CITROEN C4,2,E01007733,0,5
2024052400187,2024,052400187,1,9,0,9,9,5,3,0,0,1,0,0,0,0,1,1,6,6,1,40,7,1560,2,9,CITROEN C4,1,E01006770,0,1
2024010547997,2024,010547997,2,9,0,2,2,0,0,0,0,0,0,0,0,0,3,1,6,6,3,-1,-1,1560,2,10,CITROEN C4,-1,-1,0,-1
2024451408424,2024,451408424,2,9,0,-1,19,5,1,-1,0,0,0,0,0,0,2,1,-1,9,1,38,7,1997,2,8,CITROEN C4,9,E01001028,0,4
2024101480742,2024,101480742,1,9,0,-1,9,8,5,-1,0,8,0,0,0,0,4,1,-1,9,1,78,11,1560,2,7,CITROEN C4,10,E01027464,0,3
2024440542771,2024,440542771,1,9,0,18,19,4,8,0,0,1,0,0,0,0,1,1,6,6,1,18,4,1587,1,19,CITROEN C4,10,E01023172,0,1
2024311443157,2024,311443157,2,9,0,-1,2,7,3,-1,0,8,0,0,0,0,2,1,-1,2,2,44,7,1997,2,10,CITROEN C4,1,E01028173,0,1
2024141463178,2024,141463178,1,9,0,-1,5,2,4,-1,0,8,0,0,0,0,3,1,-1,9,2,28,6,1560,2,9,CITROEN C4,1,E01007531,0,1
2024010510724,2024,010510724,1,9,0,18,19,7,3,0,0,1,0,0,0,0,1,1,6,6,1,55,8,1997,2,9,CITROEN C4,6,E01035699,0,3
2024461490923,2024,461490923,1,9,0,-1,19,5,1,-1,0,4,0,0,0,0,1,9,-1,6,1,53,8,1560,2,10,CITROEN C4,1,E01035301,0,3
2024401415493,2024,401415493,1,9,0,-1,19,2,5,-1,0,0,2,0,7,0,1,1,-1,9,1,24,5,1499,2,1,CITROEN C4,4,E01000478,0,4
2024302400497,2024,302400497,1,9,0,10,10,8,6,0,0,4,0,0,0,0,2,1,6,6,1,20,4,1560,2,12,CITROEN C4,2,E01013453,0,1
2024010518927,2024,010518927,1,9,0,99,99,9,9,99,99,9,9,99,9,99,2,9,6,6,2,43,7,1560,2,9,CITROEN C4,2,E01001655,0,1
2024501398007,2024,501398007,2,9,0,-1,2,0,0,-1,0,2,0,0,0,0,2,1,-1,6,-1,-1,-1,1997,2,7,CITROEN C4,-1,-1,0,-1
202460Q052439,2024,60Q052439,2,9,0,4,4,3,7,0,0,8,0,0,0,0,2,1,6,6,1,69,10,1560,2,14,CITROEN C4,-1,-1,0,-1
2024430455758,2024,430455758,1,9,0,18,19,2,6,0,0,0,0,0,0,0,3,1,6,6,1,26,6,1560,2,13,CITROEN C4,4,W01001189,0,5
202454E457924,2024,54E457924,2,9,0,2,2,0,0,0,0,0,0,0,0,0,3,1,6,6,3,-1,-1,1200,1,9,CITROEN C4,-1,-1,0,-1
2024141470588,2024,141470588,1,9,0,-1,19,8,4,-1,0,0,0,0,0,0,1,9,-1,6,1,38,7,1560,2,7,CITROEN C4,5,E01007330,0,1
2024361519384,2024,361519384,1,9,0,-1,5,1,5,-1,0,0,0,0,0,0,1,1,-1,9,1,80,11,1560,2,11,CITROEN C4,4,E01026636,0,3
2024010493673,2024,010493673,1,9,0,18,19,3,7,0,0,8,0,0,0,0,3,1,1,1,1,44,7,1560,2,13,CITROEN C4,6,E01000329,0,2
2024302401087,2024,302401087,3,9,0,16,19,8,2,0,0,2,0,0,0,0,2,1,2,2,2,27,6,1200,1,9,CITROEN C4,3,E01013547,0,1
2024320039279,2024,320039279,2,9,0,2,2,0,0,0,0,0,0,0,0,0,1,1,6,6,1,52,8,1560,2,14,CITROEN C4,3,E01026270,0,1
2024361412466,2024,361412466,1,9,0,-1,4,1,5,-1,0,0,0,0,0,0,1,1,-1,9,1,67,10,1560,2,16,CITROEN C4,6,E01026649,0,3
2024421515572,2024,421515572,3,9,0,-1,3,4,7,-1,0,0,0,0,0,0,2,1,-1,6,1,37,7,1587,1,16,CITROEN C4,4,E01022041,0,2
2024522401295,2024,522401295,1,9,0,18,19,6,1,0,0,0,0,0,0,0,1,1,6,6,1,34,6,1199,1,1,CITROEN C4,4,E01015258,0,5
2024401494868,2024,401494868,2,9,0,-1,4,6,2,-1,0,1,0,0,0,0,2,1,-1,6,2,31,6,1560,2,19,CITROEN C4,4,E01017522,0,1
2024421466760,2024,421466760,2,9,0,-1,19,3,7,-1,0,2,1,0,0,0,4,1,-1,9,1,30,6,1200,1,9,CITROEN C4,4,E01021506,0,1
2024440392200,2024,440392200,1,9,0,18,19,3,5,0,0,1,0,0,7,0,1,1,2,2,2,38,7,1560,2,8,CITROEN C4,7,E01023271,0,2
2024131418805,2024,131418805,1,9,0,-1,19,3,7,-1,0,0,0,0,0,0,1,1,-1,9,2,36,7,1560,2,12,CITROEN C4,4,E01011073,0,1
2024010497966,2024,010497966,1,9,0,1,1,5,3,9,9,5,0,4,0,0,1,1,3,7,2,48,8,-1,3,1,CITROEN C4,5,E01002584,0,1
2024411456627,2024,411456627,2,9,0,-1,19,-1,-1,-1,0,3,0,0,0,0,4,9,-1,2,1,46,8,1560,2,8,CITROEN C4,8,E01023481,0,2
2024141467050,2024,141467050,2,9,0,-1,19,5,5,-1,0,1,0,0,0,0,4,1,-1,7,2,42,7,1560,2,9,CITROEN C4,7,E01007712,0,1
2024622400397,2024,622400397,3,9,0,18,19,2,6,0,0,0,0,0,0,0,3,1,6,6,1,45,7,-1,3,2,CITROEN C4,5,W01002040,0,1
2024991426248,2024,991426248,1,9,0,-1,19,2,6,-1,0,0,1,0,7,0,1,1,-1,6,2,72,10,1560,2,9,CITROEN C4,9,-1,0,2
2024320521744,2024,320521744,2,9,0,4,4,6,2,0,0,0,0,0,0,0,2,1,-1,-1,1,35,6,1560,2,7,CITROEN C4,7,E01026297,0,4
2024041485220,2024,041485220,1,9,0,-1,9,3,5,-1,-1,0,0,0,0,0,3,1,-1,9,2,44,7,1199,1,1,CITROEN C4,5,E01025525,0,1
2024070748113,2024,070748113,2,9,9,-1,3,2,7,-1,0,2,0,0,0,0,9,1,-1,2,1,36,7,1560,2,9,CITROEN C4,4,E01033299,0,1
2024522403324,2024,522403324,3,9,0,18,19,5,1,0,0,0,0,0,0,0,1,1,6,6,1,87,11,1560,2,11,CITROEN C4,9,E01022390,0,4
2024010503105,2024,010503105,1,9,0,99,99,9,9,99,99,0,9,99,9,99,9,9,6,6,1,56,9,1200,1,5,CITROEN C4,2,E01004423,0,1
2024430145074,2024,430145074,3,9,0,3,3,2,6,0,0,0,0,0,0,0,2,1,6,6,1,52,8,1560,2,12,CITROEN C4,7,E01017928,0,4
2024631468004,2024,631468004,1,9,4,-1,9,3,8,-1,0,6,0,0,0,0,3,1,-1,9,1,78,11,1560,2,9,CITROEN C4,6,W01000709,0,2
2024161418543,2024,161418543,2,9,0,-1,19,5,1,-1,0,8,1,0,1,0,3,1,-1,6,1,70,10,1200,1,7,CITROEN C4,6,E01013036,0,3
2024131453463,2024,131453463,1,9,0,-1,14,3,7,-1,0,1,0,0,0,0,1,2,-1,9,1,52,8,1199,1,2,CITROEN C4,7,E01011112,0,3
2024010524127,2024,010524127,1,9,0,2,2,0,0,0,0,1,0,0,0,0,4,1,6,6,3,-1,-1,1560,2,16,CITROEN C4,-1,-1,0,-1
2024631454683,2024,631454683,2,9,0,-1,4,2,6,-1,0,1,0,0,0,0,2,1,-1,2,2,30,6,1560,2,9,CITROEN C4,7,W01000690,0,1
2024501514342,2024,501514342,2,9,0,-1,2,0,0,-1,0,0,0,0,0,0,3,1,-1,6,2,29,6,1560,2,8,CITROEN C4,6,E01018915,0,1
2024231460242,2024,231460242,1,9,0,-1,19,4,8,-1,0,8,0,0,0,0,1,1,-1,6,1,44,7,1560,2,15,CITROEN C4,7,E01028474,0,4
2024010533539,2024,010533539,2,9,0,5,5,7,3,0,0,2,0,0,0,0,1,1,2,2,1,38,7,1560,2,6,CITROEN C4,4,E01000912,0,2
2024201461793,2024,201461793,2,9,0,-1,2,0,0,-1,0,0,0,0,0,0,1,1,-1,6,1,28,6,1560,2,6,CITROEN C4,2,E01009014,0,1
2024430412709,2024,430412709,1,9,0,13,13,8,4,0,0,0,2,0,0,1,1,1,1,1,1,27,6,1587,1,16,CITROEN C4,10,E01028624,0,4
2024461453108,2024,461453108,1,9,0,-1,19,3,7,-1,0,1,0,0,0,0,1,1,-1,9,1,61,9,1560,2,12,CITROEN C4,1,E01016031,0,1
2024010524955,2024,010524955,1,9,0,18,19,1,5,9,9,2,0,10,1,1,1,1,6,6,1,63,9,1598,1,15,CITROEN C4,6,E01017451,0,4
2024547762824,2024,547762824,1,9,0,18,19,5,1,0,0,0,0,0,0,0,1,1,6,6,1,26,6,1200,1,6,CITROEN C4,9,E01032105,0,3
2024991406235,2024,991406235,2,9,0,-1,19,6,2,-1,0,0,0,0,0,0,1,1,-1,9,2,42,7,1200,1,3,CITROEN C4,1,-1,0,4
2024361483930,2024,361483930,3,9,-1,-1,-1,-1,-1,-1,-1,0,-1,-1,-1,0,-1,1,-1,6,1,53,8,1499,2,6,CITROEN C4,6,E01026462,0,2
2024141435414,2024,141435414,1,9,0,-1,19,2,6,-1,0,0,0,0,1,4,1,1,-1,9,2,32,6,1560,2,11,CITROEN C4,1,E01007634,0,3
2024311447989,2024,311447989,1,9,0,-1,19,3,7,-1,0,0,0,0,0,0,4,1,-1,6,1,82,11,1560,2,13,CITROEN C4,10,E01028328,0,1
2024141497451,2024,141497451,4,9,0,-1,2,0,0,-1,0,1,0,0,0,0,1,1,-1,6,-1,-1,-1,1560,2,10,CITROEN C4,-1,-1,0,-1