collision_index,collision_year,collision_ref_no,vehicle_reference,vehicle_type,towing_and_articulation,vehicle_manoeuvre_historic,vehicle_manoeuvre,vehicle_direction_from,vehicle_direction_to,vehicle_location_restricted_lane_historic,vehicle_location_restricted_lane,junction_location,skidding_and_overturning,hit_object_in_carriageway,vehicle_leaving_carriageway,hit_object_off_carriageway,first_point_of_impact,vehicle_left_hand_drive,journey_purpose_of_driver_historic,journey_purpose_of_driver,sex_of_driver,age_of_driver,age_band_of_driver,engine_capacity_cc,propulsion_code,age_of_vehicle,generic_make_model,driver_imd_decile,lsoa_of_driver,escooter_flag,driver_distance_banding
2024131421222,2024,131421222,1,9,0,-1,7,1,5,-1,0,1,0,0,0,0,1,1,-1,9,1,30,6,1560,2,11,CITROEN C4,5,E01011058,0,1
2024501528545,2024,501528545,2,9,0,-1,9,3,1,-1,0,5,0,0,0,0,1,1,-1,6,1,60,9,1560,2,9,CITROEN C4,5,E01020036,0,1
2024161440879,2024,161440879,1,9,0,-1,19,6,2,-1,0,0,0,0,0,0,1,1,-1,2,1,55,8,1560,2,14,CITROEN C4,4,E01013076,0,2
2024991507771,2024,991507771,2,9,0,-1,19,1,5,-1,0,0,0,0,0,0,4,2,-1,9,2,53,8,1200,1,9,CITROEN C4,-1,-1,0,-1
2024991458704,2024,991458704,1,9,0,-1,19,6,2,-1,0,0,5,4,0,0,1,1,-1,6,2,33,6,1199,1,1,CITROEN C4,-1,-1,0,-1
2024991467918,2024,991467918,2,9,0,-1,19,1,5,-1,0,0,0,0,0,0,1,1,-1,9,2,35,6,1560,2,12,CITROEN C4,10,-1,0,4
2024131496275,2024,131496275,2,9,0,-1,19,6,2,-1,0,8,0,0,0,0,4,1,-1,6,1,35,6,1560,2,15,CITROEN C4,5,E01011161,0,2
2024161415457,2024,161415457,2,9,0,-1,2,0,0,-1,0,0,0,0,0,0,3,1,-1,6,-1,-1,-1,1560,2,12,CITROEN C4,-1,-1,0,-1
2024991460613,2024,991460613,1,9,0,-1,19,1,5,-1,0,0,1,0,7,0,1,1,-1,9,2,30,6,1560,2,9,CITROEN C4,4,-1,0,4
2024631502995,2024,631502995,1,9,0,-1,19,6,2,-1,0,0,0,0,0,0,1,1,-1,9,2,20,4,1200,1,9,CITROEN C4,10,E01023822,0,5
2024552401189,2024,552401189,1,9,0,1,1,6,5,0,0,5,0,0,0,0,3,1,6,6,1,48,8,1200,1,8,CITROEN C4,6,E01009556,0,5
2024622500017,2024,622500017,1,9,0,9,9,8,6,0,0,1,0,0,0,0,1,1,6,6,1,21,5,1199,1,1,CITROEN C4,10,W01001848,0,1
2024351460354,2024,351460354,4,9,0,-1,19,4,8,-1,0,0,0,0,0,0,2,1,-1,2,2,41,7,1200,1,8,CITROEN C4,9,E01018303,0,1
2024010510030,2024,010510030,1,9,0,5,5,7,3,0,0,1,0,0,0,0,1,1,1,1,1,64,9,1560,2,7,CITROEN C4,2,E01000028,0,3
2024010498216,2024,010498216,1,9,0,99,99,9,9,99,99,9,9,99,9,99,9,9,6,6,2,33,6,1560,2,9,CITROEN C4,5,E01000443,0,1
2024501518324,2024,501518324,1,9,0,-1,7,1,3,-1,0,6,0,0,0,0,3,1,-1,2,2,28,6,1200,1,8,CITROEN C4,2,E01031808,0,5
2024622400318,2024,622400318,1,9,0,9,9,2,1,0,0,6,0,7,0,0,1,1,6,6,1,68,10,1499,2,2,CITROEN C4,2,W01001866,0,1
2024161495012,2024,161495012,2,9,0,-1,5,8,4,-1,0,1,0,0,0,0,1,1,-1,9,1,77,11,1560,2,17,CITROEN C4,2,E01012763,0,1
2024371465231,2024,371465231,1,9,0,-1,19,-1,-1,-1,-1,0,-1,-1,-1,0,-1,9,-1,6,1,39,7,1560,2,16,CITROEN C4,8,E01029901,0,1
2024141414667,2024,141414667,1,9,0,-1,7,5,7,-1,0,8,0,0,0,0,1,9,-1,2,1,34,6,1200,1,6,CITROEN C4,8,E01008038,0,1
2024361528372,2024,361528372,1,9,0,-1,1,1,4,-1,0,1,0,0,7,0,2,1,-1,1,1,45,7,1587,1,16,CITROEN C4,2,E01026865,0,1
2024351479970,2024,351479970,2,9,0,-1,4,4,8,-1,0,5,0,0,0,0,1,1,-1,1,1,35,6,1200,1,8,CITROEN C4,4,E01030110,0,3
2024141474035,2024,141474035,2,9,0,-1,4,7,3,-1,0,0,0,0,0,0,2,1,-1,6,1,74,10,1560,2,11,CITROEN C4,3,E01028025,0,3
2024461398567,2024,461398567,1,9,0,-1,19,6,2,-1,0,0,2,0,0,0,1,9,-1,6,2,47,8,1560,2,9,CITROEN C4,8,E01024419,0,1
2024421521785,2024,421521785,2,9,0,-1,19,7,3,-1,0,0,0,0,0,0,2,1,-1,6,1,46,8,1560,2,11,CITROEN C4,1,E01015852,0,1
2024161449129,2024,161449129,2,9,0,-1,19,6,2,-1,0,0,0,0,1,0,3,1,-1,6,1,37,7,1560,2,7,CITROEN C4,8,E01012955,0,4
2024161452214,2024,161452214,2,9,0,-1,2,0,0,-1,0,0,0,0,0,0,3,1,-1,6,-1,-1,-1,1200,1,4,CITROEN C4,-1,-1,0,-1
2024622400818,2024,622400818,1,9,0,18,19,1,5,0,0,1,1,0,0,0,1,1,6,6,1,26,6,1560,2,16,CITROEN C4,1,W01001299,0,1
2024311494960,2024,311494960,1,9,0,-1,19,4,8,-1,0,0,0,0,0,0,3,1,-1,6,1,66,10,1499,2,2,CITROEN C4,-1,-1,0,-1
2024201512590,2024,201512590,1,9,0,-1,19,4,8,-1,0,0,0,0,0,0,1,9,-1,6,2,48,8,1200,1,3,CITROEN C4,5,E01009798,0,1
2024411460452,2024,411460452,1,9,-1,-1,19,5,1,-1,0,0,0,0,0,0,1,9,-1,6,1,77,11,1560,2,12,CITROEN C4,5,E01023759,0,3
2024061402106,2024,061402106,3,9,0,-1,3,3,7,-1,0,0,0,0,0,0,2,1,-1,6,1,55,8,1499,2,5,CITROEN C4,2,E01005504,0,2
2024031415758,2024,031415758,2,9,0,-1,19,5,1,-1,0,0,0,0,0,0,1,9,-1,9,1,84,11,1560,2,11,CITROEN C4,4,E01019127,0,4
2024440013132,2024,440013132,1,9,0,4,4,7,3,0,0,1,1,0,0,0,1,1,2,2,2,45,7,1997,2,11,CITROEN C4,10,E01020420,0,2
2024010545601,2024,010545601,1,9,0,18,19,5,1,0,0,1,0,0,0,0,1,1,2,2,1,49,8,1587,1,18,CITROEN C4,6,E01002124,0,2
2024622400591,2024,622400591,2,9,0,1,1,2,6,0,0,1,0,0,0,0,2,1,6,6,1,46,8,1560,2,14,CITROEN C4,5,W01001824,0,1
2024430134998,2024,430134998,4,9,0,3,3,2,6,0,0,0,0,0,0,0,2,1,6,6,2,53,8,1560,2,9,CITROEN C4,-1,-1,0,-1
2024041509507,2024,041509507,2,9,0,-1,19,5,1,-1,0,0,0,0,0,0,2,1,-1,9,1,44,7,1560,2,6,CITROEN C4,9,E01019586,0,5
2024501485173,2024,501485173,2,8,0,-1,19,3,7,-1,0,8,0,0,0,0,4,1,-1,9,1,56,9,1560,2,9,CITROEN C4,7,E01020085,0,3
2024061514823,2024,061514823,2,9,0,-1,3,3,8,-1,0,0,0,0,1,0,3,1,-1,9,2,44,7,1560,2,6,CITROEN C4,2,E01005337,0,1
2024421403998,2024,421403998,1,9,0,-1,19,3,6,-1,0,0,0,0,0,0,1,9,-1,6,1,81,11,1200,1,7,CITROEN C4,8,E01021719,0,1
2024010503957,2024,010503957,1,9,0,18,19,4,8,0,0,8,0,0,0,0,1,1,6,6,1,33,6,-1,3,1,CITROEN C4,2,E01001875,0,1
2024440490840,2024,440490840,1,9,0,9,9,3,1,0,0,6,0,0,0,0,1,1,6,6,2,76,11,1560,2,13,CITROEN C4,6,E01032884,0,1
2024501501650,2024,501501650,1,9,0,-1,19,8,4,-1,0,0,0,0,0,0,2,1,-1,9,2,46,8,1560,2,7,CITROEN C4,3,E01015167,0,1
2024531405017,2024,531405017,1,9,0,-1,9,1,7,-1,0,5,0,0,0,0,4,1,-1,9,1,82,11,1560,2,12,CITROEN C4,8,E01022144,0,1
2024361535766,2024,361535766,1,9,0,-1,19,4,8,-1,0,0,0,0,0,0,1,1,-1,1,1,59,9,1199,1,1,CITROEN C4,8,E01002300,0,5
2024101511511,2024,101511511,2,9,0,-1,19,1,5,-1,0,1,0,0,1,0,1,1,-1,6,1,-1,-1,1560,2,9,CITROEN C4,3,E01008748,0,2
2024010535136,2024,010535136,2,9,0,4,4,2,6,0,0,1,1,0,0,0,1,1,6,6,1,40,7,1560,2,7,CITROEN C4,10,E01002354,0,2
2024201521662,2024,201521662,1,9,0,-1,19,3,7,-1,0,8,0,0,0,0,1,1,-1,6,1,-1,-1,1560,2,13,CITROEN C4,-1,-1,0,-1
2024221451439,2024,221451439,1,9,0,-1,5,5,1,-1,0,4,0,0,0,0,1,9,-1,6,1,51,8,1199,1,0,CITROEN C4,10,E01014182,0,2
2024531441793,2024,531441793,1,9,0,-1,19,1,5,-1,0,0,1,0,0,0,3,1,-1,9,2,68,10,1199,1,2,CITROEN C4,9,E01022453,0,2
2024010526819,2024,010526819,1,9,0,18,19,1,5,0,0,0,0,0,0,0,1,1,6,6,1,16,4,1560,2,8,CITROEN C4,3,E01001650,0,1
2024461482894,2024,461482894,2,9,0,-1,3,1,5,-1,0,1,0,0,0,0,4,9,-1,6,2,28,6,1200,1,7,CITROEN C4,7,E01024737,0,1
2024501527628,2024,501527628,1,9,0,-1,9,7,5,-1,0,1,0,0,0,0,3,1,-1,6,1,30,6,1560,2,10,CITROEN C4,7,E01020233,0,1
2024141421648,2024,141421648,1,9,0,-1,19,3,7,-1,0,1,0,0,7,0,1,1,-1,9,1,32,6,1587,1,16,CITROEN C4,3,E01007679,0,1
2024351402798,2024,351402798,3,9,0,-1,19,-1,-1,-1,0,0,0,10,1,1,4,9,-1,6,1,46,8,1560,2,9,CITROEN C4,2,E01015677,0,2
2024161449097,2024,161449097,2,9,3,-1,19,5,1,-1,0,8,5,0,0,0,4,1,-1,6,1,77,11,1997,2,16,CITROEN C4,5,E01013437,0,3
2024430504606,2024,430504606,1,9,0,18,19,8,4,0,0,0,0,0,0,0,1,1,6,6,1,56,9,1199,1,2,CITROEN C4,5,E01016566,0,1
2024141455440,2024,141455440,1,9,0,-1,5,0,5,-1,0,0,0,0,0,0,1,1,-1,9,2,71,10,1560,2,6,CITROEN C4,10,E01019614,0,3
2024221484747,2024,221484747,1,9,0,-1,1,1,5,-1,9,0,0,10,1,10,2,1,-1,9,1,88,11,1997,2,15,CITROEN C4,7,E01032170,0,1
2024010539925,2024,010539925,1,9,0,5,5,5,1,0,0,2,0,0,0,0,1,1,6,6,2,29,6,1199,1,1,CITROEN C4,2,E01001976,0,1
2024471491952,2024,471491952,2,9,0,-1,19,1,5,-1,0,0,1,0,0,0,3,1,-1,2,1,49,8,1560,2,10,CITROEN C4,4,E01031596,0,2
2024411475959,2024,411475959,1,9,0,-1,5,5,1,-1,0,2,0,0,0,0,4,1,-1,6,2,45,7,1560,2,8,CITROEN C4,8,E01034363,0,2
2024122400638,2024,122400638,1,9,0,4,4,5,1,0,0,1,0,0,0,0,1,1,6,6,1,53,8,1560,2,9,CITROEN C4,8,E01027856,0,3
2024041445198,2024,041445198,1,9,0,-1,19,5,1,-1,0,0,0,0,0,0,1,1,-1,9,2,73,10,1200,1,6,CITROEN C4,4,E01025394,0,1
2024430139561,2024,430139561,2,9,0,18,19,8,4,0,0,8,0,0,0,0,1,1,6,6,2,35,6,1200,1,2,CITROEN C4,-1,-1,0,-1
2024522500048,2024,522500048,1,9,0,18,19,8,4,0,0,8,0,0,7,0,1,1,6,6,1,84,11,1997,2,8,CITROEN C4,10,E01016267,0,5
2024131470565,2024,131470565,3,9,0,-1,19,4,8,-1,0,8,0,0,0,0,3,1,-1,9,2,54,8,1500,2,3,CITROEN C4,7,E01011329,0,2
2024311533077,2024,311533077,3,9,0,-1,2,5,1,-1,0,0,5,4,1,0,2,1,-1,6,-1,-1,-1,1560,2,17,CITROEN C4,-1,-1,0,-1
2024471511434,2024,471511434,2,9,0,-1,7,1,2,-1,0,8,0,0,2,0,2,1,-1,6,1,49,8,1560,2,15,CITROEN C4,3,E01031752,0,2
2024471440959,2024,471440959,1,9,0,-1,10,7,3,-1,0,0,0,0,0,0,3,1,-1,6,2,44,7,1200,1,8,CITROEN C4,5,E01021120,0,1
2024122400654,2024,122400654,2,9,0,17,19,4,1,0,0,0,0,0,0,0,1,1,2,2,2,41,7,1560,2,16,CITROEN C4,2,E01027580,0,3
2024461502494,2024,461502494,1,9,0,-1,19,5,1,-1,0,1,0,0,0,0,1,1,-1,9,1,52,8,1560,2,14,CITROEN C4,6,E01024833,0,3
2024361465494,2024,361465494,1,9,0,-1,6,4,2,-1,0,0,0,0,0,0,1,1,-1,6,1,85,11,1560,2,7,CITROEN C4,4,E01026713,0,1
2024531421307,2024,531421307,1,9,0,-1,19,5,1,-1,0,0,0,0,0,0,1,1,-1,9,1,48,8,1560,2,7,CITROEN C4,6,E01034323,0,4
2024010513989,2024,010513989,2,9,0,18,19,5,1,0,0,0,0,0,1,0,1,2,1,1,1,42,7,1200,1,8,CITROEN C4,3,E01021800,0,1
2024131503211,2024,131503211,2,9,0,-1,19,1,5,-1,0,0,0,0,0,0,1,1,-1,9,2,50,8,1560,2,9,CITROEN C4,1,E01011366,0,1
2024471456551,2024,471456551,1,9,0,-1,19,7,3,-1,0,2,0,0,0,0,3,9,-1,6,2,36,7,1560,2,8,CITROEN C4,6,E01031375,0,1
2024010515829,2024,010515829,1,9,0,18,19,1,5,0,0,0,0,0,0,0,0,1,2,2,1,53,8,1587,1,19,CITROEN C4,9,E01004115,0,2
2024010507569,2024,010507569,2,9,0,99,99,9,9,99,99,6,9,99,9,99,9,9,6,6,3,-1,-1,1587,1,16,CITROEN C4,-1,-1,0,-1
2024010531449,2024,010531449,1,9,0,99,99,9,9,99,99,9,9,99,9,99,1,9,6,6,2,72,10,1200,1,4,CITROEN C4,8,E01000886,0,2
2024061528931,2024,061528931,1,9,0,-1,19,-1,-1,-1,0,8,0,0,0,0,4,1,-1,6,2,54,8,1560,2,6,CITROEN C4,5,E01005455,0,1
2024201459610,2024,201459610,2,9,0,-1,19,3,1,-1,0,8,0,7,0,0,4,1,-1,6,1,41,7,1560,2,7,CITROEN C4,2,E01009064,0,1
2024991533093,2024,991533093,1,9,0,-1,9,1,6,-1,0,2,0,0,0,0,1,1,-1,9,1,53,8,1560,2,9,CITROEN C4,7,-1,0,1
2024371432951,2024,371432951,2,9,0,-1,19,5,2,-1,0,8,0,0,0,0,2,1,-1,9,1,18,4,1200,1,3,CITROEN C4,3,E01029998,0,1
2024131423908,2024,131423908,1,9,0,-1,9,5,3,-1,0,6,0,0,0,0,4,1,-1,6,3,-1,-1,1560,2,14,CITROEN C4,-1,-1,0,-1
2024371529530,2024,371529530,5,9,0,-1,19,3,7,-1,0,0,0,0,0,0,1,1,-1,9,2,37,7,1499,2,1,CITROEN C4,7,E01033454,0,3
2024340WN0232,2024,340WN0232,1,9,0,-1,19,8,4,-1,0,1,0,0,0,0,1,1,-1,1,1,47,8,1200,1,3,CITROEN C4,10,E01027298,0,1
2024131482972,2024,131482972,1,9,0,-1,19,6,2,-1,0,0,0,0,0,0,1,1,-1,9,2,32,6,1200,1,6,CITROEN C4,4,E01011634,0,1
2024461401749,2024,461401749,2,9,0,-1,19,3,7,-1,0,0,0,0,0,0,3,9,-1,7,2,47,8,1560,2,8,CITROEN C4,7,E01024260,0,1
2024010498149,2024,010498149,1,9,0,18,19,9,9,99,99,9,9,99,9,99,2,9,1,1,1,46,8,1560,2,8,CITROEN C4,9,E01003896,0,4
2024311411427,2024,311411427,1,9,0,-1,9,1,6,-1,0,2,0,0,0,0,1,1,-1,6,1,47,8,1560,2,13,CITROEN C4,-1,-1,0,-1
2024461470624,2024,461470624,2,9,0,-1,5,2,6,-1,0,2,0,0,0,0,2,9,-1,1,1,36,7,1560,2,9,CITROEN C4,5,E01032823,0,1
2024411440656,2024,411440656,2,9,0,-1,19,3,7,-1,0,0,0,0,0,0,1,1,-1,6,1,35,6,1200,1,5,CITROEN C4,3,E01023348,0,2
2024622400355,2024,622400355,1,9,0,18,19,6,2,0,0,0,0,0,0,0,1,1,6,6,2,56,9,1200,1,9,CITROEN C4,3,W01001869,0,1
2024141422790,2024,141422790,2,9,0,-1,2,2,2,-1,0,0,0,0,0,0,3,1,-1,7,2,40,7,1560,2,9,CITROEN C4,2,E01008056,0,1
2024302400578,2024,302400578,3,9,0,18,19,3,7,0,0,0,0,0,0,0,2,1,6,6,2,55,8,1560,2,12,CITROEN C4,4,E01013938,0,3
2024052400228,2024,052400228,1,9,0,18,19,3,7,0,0,0,0,0,0,0,3,1,3,7,2,39,7,1200,1,7,CITROEN C4,4,E01006590,0,1
2024991501131,2024,991501131,1,9,0,-1,5,3,7,-1,0,4,0,0,0,0,1,1,-1,6,2,68,10,1200,1,3,CITROEN C4,-1,-1,0,-1
2024440273255,2024,440273255,2,9,0,18,19,7,3,0,0,8,0,0,0,0,1,1,6,6,2,37,7,1200,1,5,CITROEN C4,6,E01035456,0,3
2024311530900,2024,311530900,1,9,0,-1,9,3,1,-1,0,6,0,0,0,0,1,1,-1,7,2,45,7,1200,1,8,CITROEN C4,-1,-1,0,-1
2024440325719,2024,440325719,1,9,0,18,19,2,6,0,0,4,0,0,0,0,3,1,6,6,1,40,7,1199,1,2,CITROEN C4,2,E01034061,0,1
2024543042124,2024,543042124,2,9,0,18,19,8,4,0,0,1,0,0,4,0,4,1,6,6,1,64,9,1560,2,9,CITROEN C4,5,E01029222,0,4
2024471476681,2024,471476681,1,9,0,-1,19,7,3,-1,0,0,5,0,0,0,1,1,-1,9,2,37,7,1560,2,9,CITROEN C4,5,E01021109,0,1
2024430407207,2024,430407207,1,9,0,18,19,5,1,0,0,0,-1,0,0,0,1,1,6,6,1,-1,-1,1199,1,2,CITROEN C4,10,E01035425,0,2
2024010512346,2024,010512346,1,9,9,99,99,9,9,99,99,9,9,99,9,99,9,9,6,6,1,85,11,1560,2,8,CITROEN C4,3,E01035650,0,1
2024991506134,2024,991506134,2,9,0,-1,19,3,7,-1,0,8,0,0,0,0,3,1,-1,6,1,50,8,1200,1,8,CITROEN C4,-1,-1,0,-1
2024041477155,2024,041477155,1,9,0,-1,9,5,1,-1,0,1,0,0,0,0,1,1,-1,9,1,44,7,1560,2,8,CITROEN C4,1,E01025042,0,2
2024161445598,2024,161445598,1,9,0,-1,7,7,1,-1,0,3,0,4,0,0,2,9,-1,9,2,29,6,1997,2,17,CITROEN C4,1,E01012855,0,1
2024461402833,2024,461402833,1,9,0,-1,19,5,5,-1,0,0,0,0,0,0,1,9,-1,2,1,40,7,1997,2,15,CITROEN C4,8,E01024004,0,4
2024520001120,2024,520001120,4,9,0,18,19,1,5,0,0,0,0,0,0,0,1,1,6,6,2,25,5,1560,2,12,CITROEN C4,6,E01014372,0,1
2024631464156,2024,631464156,2,9,0,-1,19,2,5,-1,0,0,0,0,0,0,1,1,-1,2,2,50,8,-1,3,3,CITROEN C4,6,W01000471,0,3
2024440129439,2024,440129439,2,9,0,9,9,3,2,0,0,8,0,0,0,0,4,1,6,6,2,39,7,1560,2,9,CITROEN C4,5,E01017016,0,1
2024010516647,2024,010516647,2,9,9,99,99,9,9,99,99,9,9,99,9,99,9,9,6,6,3,-1,-1,1560,2,8,CITROEN C4,-1,-1,0,-1
2024451414812,2024,451414812,1,9,0,-1,4,5,1,-1,0,0,0,0,0,0,2,1,-1,9,2,48,8,1560,2,16,CITROEN C4,10,E01030917,0,1
2024201475749,2024,201475749,2,9,0,-1,2,1,5,-1,0,0,0,0,0,0,2,1,-1,9,1,42,7,1200,1,5,CITROEN C4,2,E01009022,0,1
2024991396554,2024,991396554,1,9,0,-1,9,8,3,-1,0,8,0,0,0,0,3,2,-1,2,2,42,7,1560,2,16,CITROEN C4,6,-1,0,1
2024501405634,2024,501405634,1,9,0,-1,19,6,2,-1,0,0,0,0,0,0,1,1,-1,7,1,38,7,1560,2,8,CITROEN C4,4,E01019071,0,2
2024451467699,2024,451467699,1,9,0,-1,9,3,1,-1,0,8,0,0,0,0,3,1,-1,9,1,59,9,1997,2,10,CITROEN C4,10,E01030966,0,1
2024351475197,2024,351475197,1,9,0,-1,19,5,1,-1,0,3,1,9,1,1,1,1,-1,9,1,46,8,1560,2,11,CITROEN C4,2,E01015643,0,2
2024461416234,2024,461416234,1,9,0,-1,4,3,7,-1,0,0,0,0,0,0,2,1,-1,2,2,45,7,1560,2,11,CITROEN C4,5,E01024181,0,2
2024141442976,2024,141442976,4,9,0,-1,2,0,0,-1,0,0,0,0,0,0,3,1,-1,6,-1,-1,-1,1560,2,16,CITROEN C4,-1,-1,0,-1
2024010543712,2024,010543712,1,9,0,99,99,9,9,99,99,0,9,99,9,99,2,9,6,6,2,36,7,1560,2,9,CITROEN C4,6,E01023663,0,4
2024471510576,2024,471510576,4,9,0,-1,3,8,4,-1,0,2,0,0,0,0,2,1,-1,9,1,62,9,1200,1,7,CITROEN C4,9,E01021123,0,1
2024101484616,2024,101484616,3,9,0,-1,3,7,3,-1,0,1,0,4,0,0,2,9,-1,6,2,30,6,1200,1,7,CITROEN C4,3,E01008576,0,1
2024461456614,2024,461456614,2,9,0,-1,19,7,3,-1,0,1,9,0,0,0,2,9,-1,6,2,56,9,1560,2,16,CITROEN C4,4,E01024120,0,2
2024052401897,2024,052401897,1,9,0,18,19,2,6,0,0,0,0,0,0,0,1,1,6,6,2,31,6,1560,2,12,CITROEN C4,3,E01006855,0,1
2024471520666,2024,471520666,4,9,0,-1,3,2,6,-1,0,0,0,0,0,0,2,1,-1,9,2,63,9,1200,1,2,CITROEN C4,6,E01031352,0,1
2024201485926,2024,201485926,2,9,0,-1,3,6,2,-1,0,0,0,0,0,0,2,1,-1,6,-1,-1,-1,1560,2,9,CITROEN C4,-1,-1,0,-1
2024302400330,2024,302400330,2,9,0,18,19,8,4,0,0,8,0,0,0,0,4,1,2,2,1,47,8,1560,2,17,CITROEN C4,10,E01019462,0,1
2024010500637,2024,010500637,1,9,0,99,99,9,9,99,99,0,9,99,9,99,2,9,2,2,2,35,6,1200,1,4,CITROEN C4,3,E01033945,0,1
2024371457913,2024,371457913,2,9,0,-1,19,2,6,-1,0,0,0,0,0,0,3,2,-1,6,1,28,6,1200,1,6,CITROEN C4,7,E01030143,0,1
2024122400744,2024,122400744,1,9,0,17,19,1,6,0,0,2,1,0,1,3,1,1,1,1,1,36,7,1997,2,9,CITROEN C4,1,E01012085,0,3
2024610010124,2024,610010124,1,9,0,17,19,6,3,0,0,0,1,0,1,0,1,1,6,6,2,70,10,1997,2,9,CITROEN C4,3,W01001429,0,1
2024440331022,2024,440331022,1,9,0,18,19,8,4,0,0,0,0,0,0,0,2,1,6,6,2,20,4,1199,1,9,CITROEN C4,10,E01016227,0,4
2024010543293,2024,010543293,1,9,0,99,99,9,9,99,99,9,9,99,9,99,9,9,6,6,3,-1,-1,1560,2,8,CITROEN C4,-1,-1,0,-1
2024544949824,2024,544949824,1,9,0,7,7,2,6,0,0,5,0,0,1,0,3,1,6,6,1,72,10,1997,2,7,CITROEN C4,6,E01031950,0,3
2024430482628,2024,430482628,1,9,0,18,19,4,8,0,0,8,0,0,0,0,3,1,6,6,2,36,7,1587,1,16,CITROEN C4,8,E01016679,0,1
2024549821824,2024,549821824,2,9,0,4,4,7,2,0,0,1,0,0,0,0,2,1,6,6,2,31,6,1560,2,9,CITROEN C4,3,E01032118,0,2
2024520403018,2024,520403018,3,9,0,18,19,4,8,0,0,0,0,0,0,0,3,1,6,6,2,56,9,1200,1,9,CITROEN C4,4,E01014961,0,4
2024122500096,2024,122500096,1,9,0,3,3,8,3,0,0,1,0,0,0,0,4,1,3,7,1,74,10,1200,1,2,CITROEN C4,6,E01034984,0,1
2024052402733,2024,052402733,2,9,0,18,19,7,3,0,0,8,0,0,0,0,3,1,1,1,1,57,9,1199,1,9,CITROEN C4,7,E01007306,0,1
2024622400271,2024,622400271,2,9,0,18,19,4,8,0,0,0,0,0,0,0,1,1,6,6,2,66,10,1560,2,7,CITROEN C4,3,W01001787,0,2
2024411427191,2024,411427191,2,9,0,-1,3,5,1,-1,0,1,0,0,0,0,4,1,-1,6,2,36,7,1560,2,9,CITROEN C4,7,E01017376,0,1
2024421441572,2024,421441572,2,9,0,-1,15,8,3,-1,0,0,0,0,0,0,1,1,-1,9,2,31,6,1560,2,11,CITROEN C4,6,E01021714,0,1
2024430626328,2024,430626328,1,9,0,3,3,-1,-1,0,0,4,0,0,0,0,2,1,6,6,1,62,9,1499,2,1,CITROEN C4,-1,-1,0,-1
2024461520585,2024,461520585,2,9,0,-1,9,7,3,-1,0,4,0,0,1,0,1,2,-1,2,2,21,5,1598,1,11,CITROEN C4,4,E01024557,0,2
2024311405588,2024,311405588,1,9,0,-1,19,2,6,-1,0,0,0,11,0,0,1,9,-1,6,1,30,6,1560,2,9,CITROEN C4,8,E01028246,0,1
2024161393744,2024,161393744,1,9,0,-1,5,2,8,-1,0,6,0,0,0,0,1,1,-1,6,1,22,5,1560,2,8,CITROEN C4,2,E01013129,0,1
2024010496367,2024,010496367,1,9,0,18,19,5,1,0,0,1,0,0,0,0,3,1,1,1,1,40,7,1560,2,9,CITROEN C4,3,E01001006,0,2
2024010503963,2024,010503963,1,9,0,4,4,8,4,0,0,1,0,0,0,0,4,1,1,1,2,37,7,1560,2,7,CITROEN C4,6,E01001073,0,1
2024991400867,2024,991400867,2,9,0,-1,3,5,1,-1,0,0,0,0,0,0,2,2,-1,9,1,30,6,1560,2,8,CITROEN C4,8,-1,0,1
2024010528650,2024,010528650,1,9,0,9,9,5,3,0,0,2,0,0,0,0,1,2,2,2,2,24,5,1200,1,5,CITROEN C4,6,E01004017,0,1
2024010548856,2024,010548856,2,9,0,99,99,9,9,99,99,0,9,99,9,99,2,9,6,6,3,-1,-1,1587,1,19,CITROEN C4,-1,-1,0,-1
2024010501556,2024,010501556,2,9,0,2,2,0,0,0,0,0,0,0,0,0,1,1,6,6,3,-1,-1,1560,2,8,CITROEN C4,-1,-1,0,-1
2024101503362,2024,101503362,2,9,-1,-1,19,7,3,-1,0,0,0,0,0,0,4,9,-1,6,1,39,7,1560,2,10,CITROEN C4,5,E01008206,0,1
2024421467231,2024,421467231,1,9,0,-1,19,5,3,-1,0,8,0,0,0,0,1,1,-1,6,2,31,6,1587,1,17,CITROEN C4,10,E01033053,0,3
2024401481768,2024,401481768,2,9,0,-1,9,1,5,-1,0,1,0,0,0,0,1,1,-1,9,1,45,7,1598,1,11,CITROEN C4,9,E01033822,0,2
2024991424330,2024,991424330,2,9,0,-1,19,6,2,-1,0,0,0,0,0,0,3,1,-1,9,1,41,7,1560,2,6,CITROEN C4,5,-1,0,5
2024461419078,2024,461419078,2,9,0,-1,19,1,5,-1,0,0,0,0,0,0,1,1,-1,9,1,72,10,1560,2,7,CITROEN C4,7,E01024490,0,1
2024501493456,2024,501493456,2,9,0,-1,19,7,3,-1,0,0,1,0,7,0,1,1,-1,6,2,25,5,1997,2,11,CITROEN C4,4,E01025666,0,5