collision_index,collision_year,collision_ref_no,vehicle_reference,vehicle_type,towing_and_articulation,vehicle_manoeuvre_historic,vehicle_manoeuvre,vehicle_direction_from,vehicle_direction_to,vehicle_location_restricted_lane_historic,vehicle_location_restricted_lane,junction_location,skidding_and_overturning,hit_object_in_carriageway,vehicle_leaving_carriageway,hit_object_off_carriageway,first_point_of_impact,vehicle_left_hand_drive,journey_purpose_of_driver_historic,journey_purpose_of_driver,sex_of_driver,age_of_driver,age_band_of_driver,engine_capacity_cc,propulsion_code,age_of_vehicle,generic_make_model,driver_imd_decile,lsoa_of_driver,escooter_flag,driver_distance_banding
2024461448091,2024,461448091,1,9,0,-1,4,4,7,-1,-1,0,0,0,0,0,1,1,-1,9,1,67,10,1997,1,16,CITROEN C4,5,E01024383,0,4
2024161533018,2024,161533018,4,9,0,-1,2,0,0,-1,0,0,0,0,0,0,3,1,-1,6,-1,-1,-1,1560,2,12,CITROEN C4,-1,-1,0,-1
2024501475284,2024,501475284,2,9,0,-1,19,3,7,-1,0,0,0,0,0,0,2,1,-1,9,2,25,5,1200,1,9,CITROEN C4,3,E01018759,0,2
2024340NN0592,2024,340NN0592,2,9,0,-1,19,2,6,-1,0,8,0,0,0,0,4,1,-1,9,2,41,7,1560,2,7,CITROEN C4,4,E01027069,0,1
2024201521719,2024,201521719,1,9,0,-1,19,5,7,-1,0,0,0,0,0,0,1,1,-1,6,1,37,7,1560,2,9,CITROEN C4,3,E01032587,0,1
2024501529376,2024,501529376,1,9,0,-1,20,5,1,-1,9,0,0,0,0,0,2,1,-1,6,2,53,8,1199,1,2,CITROEN C4,4,E01015037,0,1
2024522403429,2024,522403429,1,9,0,9,9,7,5,0,0,5,0,0,1,2,3,1,6,6,2,30,6,1199,1,1,CITROEN C4,1,E01014655,0,1
2024440487547,2024,440487547,1,9,0,13,13,1,5,0,0,0,0,0,0,0,1,1,6,6,1,36,7,1587,1,18,CITROEN C4,2,E01034060,0,1
2024520401542,2024,520401542,2,9,0,3,3,6,1,0,0,8,0,0,0,0,2,1,6,6,2,40,7,1200,1,7,CITROEN C4,6,E01032631,0,1
2024052400368,2024,052400368,2,8,0,4,4,6,2,0,0,0,0,0,0,0,2,1,1,1,2,-1,-1,1997,2,12,CITROEN C4,2,E01006725,0,1
2024311403664,2024,311403664,1,9,0,-1,-1,-1,-1,-1,0,0,0,0,0,0,-1,1,-1,6,1,38,7,1560,2,11,CITROEN C4,1,E01013584,0,3
2024552400898,2024,552400898,1,9,0,2,2,0,0,0,0,0,0,0,0,0,3,1,6,6,1,72,10,1997,2,15,CITROEN C4,4,E01020518,0,2
2024440102566,2024,440102566,1,9,0,18,19,8,4,0,0,0,0,0,0,0,1,1,6,6,1,34,6,1560,2,10,CITROEN C4,5,E01031860,0,1
2024302400879,2024,302400879,2,9,0,18,19,2,6,0,0,2,0,0,0,0,0,1,6,6,1,30,6,1560,2,9,CITROEN C4,9,E01019790,0,1
2024430180370,2024,430180370,1,9,0,18,19,6,2,0,0,0,0,0,0,0,3,1,6,6,2,58,9,1560,2,12,CITROEN C4,3,E01023157,0,4
2024201466111,2024,201466111,1,9,0,-1,19,4,8,-1,0,0,0,0,0,0,1,9,-1,6,1,42,7,1560,2,8,CITROEN C4,6,E01009681,0,3
2024351516390,2024,351516390,1,9,0,-1,19,3,7,-1,0,0,0,0,0,0,1,1,-1,6,3,-1,-1,1560,2,12,CITROEN C4,-1,-1,0,-1
2024010545564,2024,010545564,1,9,0,99,99,9,9,99,99,9,9,99,9,99,0,9,6,6,1,42,7,1997,2,7,CITROEN C4,4,E01002591,0,1
2024010499917,2024,010499917,1,9,0,99,99,9,9,99,99,9,9,99,9,99,9,9,6,6,1,52,8,1560,2,7,CITROEN C4,6,E01003435,0,1
2024471500023,2024,471500023,2,9,0,-1,2,0,0,-1,0,1,0,0,0,0,4,1,-1,6,-1,-1,-1,1997,2,10,CITROEN C4,-1,-1,0,-1
2024311446316,2024,311446316,1,9,0,-1,10,6,4,-1,0,6,0,0,0,0,1,9,-1,6,2,24,5,1587,1,17,CITROEN C4,-1,-1,0,-1
2024131521660,2024,131521660,4,9,0,-1,2,0,0,-1,0,0,0,0,0,0,1,1,-1,1,1,41,7,1560,2,12,CITROEN C4,2,E01011786,0,1
2024231462164,2024,231462164,1,9,0,-1,4,3,7,-1,0,0,1,0,0,0,2,1,-1,9,1,61,9,1560,2,7,CITROEN C4,8,E01026237,0,5
2024010502596,2024,010502596,1,9,0,12,12,5,1,0,0,0,0,0,0,0,2,1,6,6,1,42,7,1499,2,2,CITROEN C4,2,E01004423,0,2
2024010535359,2024,010535359,1,9,0,9,9,2,8,0,0,1,0,0,0,0,3,1,6,6,1,37,7,1560,2,12,CITROEN C4,3,E01001143,0,1
2024041408925,2024,041408925,1,9,0,-1,9,3,7,-1,0,1,0,0,0,0,3,1,-1,9,2,38,7,1560,2,10,CITROEN C4,6,E01025027,0,1
2024471400449,2024,471400449,2,9,0,-1,19,5,1,-1,0,1,0,0,1,11,1,1,-1,7,1,52,8,1560,2,6,CITROEN C4,2,E01020917,0,1
2024522402790,2024,522402790,1,9,0,18,19,5,1,0,0,0,0,0,1,4,4,1,6,6,1,31,6,1997,2,9,CITROEN C4,1,W01001619,0,4
2024141512342,2024,141512342,2,9,0,-1,19,2,6,-1,0,0,0,0,1,4,2,1,-1,2,1,53,8,1560,2,14,CITROEN C4,3,E01007758,0,1
2024221530051,2024,221530051,1,9,0,-1,19,1,4,-1,0,8,1,0,7,3,1,1,-1,9,2,39,7,1560,2,14,CITROEN C4,2,E01013993,0,1
2024041403297,2024,041403297,1,9,0,-1,19,1,5,-1,0,0,5,0,0,0,1,1,-1,6,1,82,11,1560,2,7,CITROEN C4,6,E01025593,0,2
2024010544130,2024,010544130,1,9,0,99,99,9,9,99,99,9,9,99,9,99,1,9,6,6,2,26,6,1598,1,12,CITROEN C4,3,E01000130,0,1
2024041507180,2024,041507180,2,9,0,-1,19,5,5,-1,0,0,0,0,0,0,2,1,-1,9,1,51,8,1200,1,5,CITROEN C4,4,E01025335,0,1
2024501475868,2024,501475868,1,9,0,-1,19,7,3,-1,0,0,0,0,0,0,1,1,-1,9,2,69,10,1560,2,11,CITROEN C4,9,E01020038,0,2
2024231469172,2024,231469172,1,9,0,-1,10,7,5,-1,0,5,0,0,0,0,2,9,-1,6,1,45,7,1560,2,9,CITROEN C4,4,E01031060,0,1
2024522401505,2024,522401505,3,9,0,18,19,5,1,0,0,0,0,0,0,0,2,1,6,6,1,51,8,1199,1,1,CITROEN C4,7,E01029995,0,5
2024041519831,2024,041519831,2,9,0,-1,3,4,8,-1,0,0,0,0,0,0,2,1,-1,2,2,33,6,1560,2,10,CITROEN C4,7,E01025496,0,3
2024461486087,2024,461486087,1,9,0,-1,10,5,6,-1,0,3,0,0,1,0,4,1,-1,6,1,54,8,1997,2,12,CITROEN C4,4,E01017034,0,5
2024501417320,2024,501417320,3,9,0,-1,4,6,2,-1,0,1,0,0,0,0,2,1,-1,6,2,39,7,1560,2,10,CITROEN C4,5,E01020305,0,3
2024451498659,2024,451498659,2,9,0,-1,11,7,3,-1,0,0,0,0,0,0,4,9,-1,6,1,-1,-1,1560,2,10,CITROEN C4,10,E01035350,0,4
2024471516942,2024,471516942,1,9,0,-1,9,2,7,-1,0,5,0,0,0,0,1,2,-1,9,2,57,9,1200,1,10,CITROEN C4,6,E01031464,0,1
2024411443586,2024,411443586,1,9,0,-1,4,5,1,-1,0,4,0,0,0,0,2,1,-1,6,2,47,8,1560,2,14,CITROEN C4,10,E01023460,0,3
2024471503673,2024,471503673,2,9,0,-1,4,2,6,-1,0,0,0,0,0,0,2,1,-1,9,2,39,7,1200,1,9,CITROEN C4,1,E01016915,0,1
2024461414726,2024,461414726,2,9,0,-1,19,8,4,-1,-1,0,0,0,1,0,2,1,-1,2,1,60,9,1560,2,16,CITROEN C4,3,E01016171,0,1
2024161535050,2024,161535050,3,9,0,-1,2,0,0,-1,0,2,0,0,0,0,2,1,-1,6,-1,-1,-1,1199,1,1,CITROEN C4,-1,-1,0,-1
2024161501377,2024,161501377,2,9,0,-1,19,1,5,-1,0,8,0,0,0,0,1,9,-1,1,1,57,9,1560,2,7,CITROEN C4,6,E01013006,0,2
2024522401597,2024,522401597,2,9,0,18,19,1,6,0,0,8,0,0,0,0,1,1,6,6,2,39,7,1587,1,17,CITROEN C4,7,E01035217,0,1
2024501491689,2024,501491689,1,9,0,-1,19,6,2,-1,0,1,0,0,0,0,1,1,-1,9,1,43,7,1560,2,9,CITROEN C4,1,E01015048,0,2
2024531531066,2024,531531066,1,9,0,-1,4,5,1,-1,0,0,0,4,0,0,1,1,-1,2,1,54,8,1200,1,8,CITROEN C4,10,E01032940,0,1
2024031395434,2024,031395434,1,9,0,-1,9,4,8,-1,0,0,0,0,0,0,3,2,-1,9,1,33,6,1560,2,13,CITROEN C4,3,E01033268,0,5
2024631448513,2024,631448513,1,9,0,-1,6,4,4,-1,0,8,0,0,0,0,1,1,-1,9,1,93,11,1200,1,4,CITROEN C4,4,W01000672,0,1
2024161426982,2024,161426982,1,9,0,-1,19,8,4,-1,0,8,0,0,0,0,1,1,-1,6,1,77,11,1560,2,14,CITROEN C4,5,E01035476,0,1
2024471477570,2024,471477570,1,9,0,-1,4,1,5,-1,0,1,0,0,0,0,1,1,-1,9,2,24,5,1199,1,1,CITROEN C4,10,E01031638,0,2
2024520002458,2024,520002458,1,9,0,18,19,3,7,0,0,0,5,0,7,7,1,1,6,6,1,45,7,1200,1,6,CITROEN C4,10,E01014429,0,1
2024461406257,2024,461406257,2,9,0,-1,2,0,0,-1,0,2,0,0,0,0,2,1,-1,6,2,27,6,1560,2,8,CITROEN C4,8,E01024261,0,1
2024122401051,2024,122401051,1,9,0,18,19,7,3,0,0,6,0,0,0,0,2,1,6,6,2,31,6,1200,1,7,CITROEN C4,7,E01027600,0,3
2024131442831,2024,131442831,1,9,0,-1,19,5,1,-1,0,0,0,0,0,0,3,1,-1,6,2,74,10,1499,2,4,CITROEN C4,4,E01011799,0,1
2024131507874,2024,131507874,2,9,0,-1,5,5,1,-1,0,4,0,0,0,0,1,1,-1,2,1,50,8,1560,2,9,CITROEN C4,1,E01010731,0,1
2024461398372,2024,461398372,2,9,0,-1,4,2,4,-1,0,0,0,0,0,0,2,9,-1,6,1,42,7,1997,2,8,CITROEN C4,2,E01024019,0,1
2024552400350,2024,552400350,1,9,0,7,7,7,1,0,0,5,0,0,0,0,4,1,6,6,2,39,7,1560,2,9,CITROEN C4,7,E01015457,0,1
2024371529530,2024,371529530,2,9,0,-1,19,3,7,-1,0,0,0,0,4,0,3,1,-1,9,1,75,10,1997,2,8,CITROEN C4,7,E01018023,0,4
2024211466459,2024,211466459,2,9,0,-1,3,5,1,-1,0,0,0,4,0,0,2,1,-1,6,1,57,9,1997,2,14,CITROEN C4,6,E01025759,0,4
2024010524089,2024,010524089,1,9,0,18,19,7,3,0,0,2,0,0,0,0,3,1,6,6,1,40,7,1199,1,1,CITROEN C4,6,E01003755,0,2
2024471412531,2024,471412531,1,9,0,-1,10,8,5,-1,0,6,0,0,0,0,1,1,-1,1,2,37,7,1587,1,17,CITROEN C4,6,E01035324,0,2
2024461451768,2024,461451768,1,9,0,-1,19,3,7,-1,0,2,0,0,0,0,4,1,-1,6,2,64,9,1560,2,14,CITROEN C4,4,E01024194,0,1
2024041436990,2024,041436990,2,9,0,-1,19,8,4,-1,0,0,0,0,0,0,1,1,-1,6,2,48,8,1199,1,1,CITROEN C4,8,E01025602,0,4
2024332400064,2024,332400064,2,9,0,-1,19,1,5,-1,0,8,0,0,0,0,1,1,-1,9,1,24,5,1360,1,17,CITROEN C4,9,E01035100,0,3
2024451495138,2024,451495138,1,9,0,-1,3,7,3,-1,99,0,0,0,0,0,2,1,-1,9,1,25,5,1200,1,5,CITROEN C4,9,E01022535,0,4
2024131421483,2024,131421483,2,9,0,-1,19,1,1,-1,0,1,0,0,0,0,1,1,-1,6,2,38,7,1560,2,7,CITROEN C4,1,E01010782,0,1
2024231462297,2024,231462297,2,9,0,-1,3,8,4,-1,0,8,0,0,0,0,3,9,-1,6,1,33,6,1560,2,15,CITROEN C4,2,E01031075,0,1
2024010529849,2024,010529849,2,9,0,18,19,8,4,0,0,8,0,0,0,0,1,1,6,6,2,37,7,1200,1,6,CITROEN C4,2,E01001528,0,1
2024141414618,2024,141414618,2,9,0,-1,13,2,6,-1,0,0,0,0,0,0,1,9,-1,6,1,23,5,1560,2,10,CITROEN C4,1,E01008097,0,2
2024501502265,2024,501502265,2,9,0,-1,4,7,3,-1,0,0,0,0,0,0,2,1,-1,2,1,60,9,1500,2,3,CITROEN C4,6,E01023804,0,5
2024131449585,2024,131449585,1,9,0,-1,19,1,5,-1,0,8,0,0,0,0,3,1,-1,9,2,55,8,1560,2,14,CITROEN C4,3,E01011776,0,1
2024501396981,2024,501396981,1,9,0,-1,7,1,3,-1,0,1,0,0,0,0,1,1,-1,6,1,43,7,1596,1,6,CITROEN C4,6,E01018853,0,1
2024311425991,2024,311425991,1,9,0,-1,19,6,2,-1,0,0,0,0,0,0,1,1,-1,9,1,78,11,1200,1,3,CITROEN C4,9,E01028213,0,1
2024161511218,2024,161511218,1,9,0,-1,19,6,2,-1,0,0,1,0,1,1,1,1,-1,2,1,32,6,1560,2,14,CITROEN C4,2,E01013332,0,3
2024131467610,2024,131467610,1,9,0,-1,-1,-1,-1,-1,-1,8,-1,-1,-1,0,1,1,-1,6,3,-1,-1,1560,2,12,CITROEN C4,-1,-1,0,-1
2024201397989,2024,201397989,2,9,0,-1,4,8,3,-1,0,1,0,0,0,0,2,9,-1,9,2,34,6,1560,2,13,CITROEN C4,3,E01010005,0,1
2024622400654,2024,622400654,2,9,0,2,2,0,0,0,0,1,0,0,0,0,1,1,3,7,2,37,7,1560,2,9,CITROEN C4,1,W01000991,0,1
2024211426917,2024,211426917,1,9,0,-1,19,7,3,-1,0,0,0,0,0,0,1,1,-1,6,2,79,11,1560,2,10,CITROEN C4,8,E01029847,0,1
2024552400478,2024,552400478,2,9,0,18,19,8,4,0,0,8,0,0,0,0,4,1,6,6,2,22,5,1560,2,12,CITROEN C4,1,E01029046,0,4
2024131482218,2024,131482218,1,9,0,-1,19,1,5,-1,0,1,0,0,0,0,1,1,-1,1,1,30,6,1560,2,8,CITROEN C4,5,E01035045,0,2
2024010500766,2024,010500766,2,9,0,99,99,9,9,99,99,9,9,99,9,99,9,9,6,6,3,-1,-1,1560,2,7,CITROEN C4,3,E01000638,0,1
2024501472236,2024,501472236,1,9,0,-1,9,4,3,-1,0,8,0,0,0,0,1,1,-1,9,2,52,8,1199,1,2,CITROEN C4,7,E01015107,0,2
2024311399625,2024,311399625,1,9,0,-1,19,3,7,-1,0,0,0,0,0,0,1,1,-1,2,1,43,7,-1,3,2,CITROEN C4,5,E01013931,0,1
2024061516967,2024,061516967,2,9,0,-1,15,-1,-1,-1,0,1,1,0,1,0,1,1,-1,6,3,-1,-1,1560,2,10,CITROEN C4,-1,-1,0,-1
2024231436936,2024,231436936,1,9,0,-1,1,4,8,-1,9,0,0,0,0,0,2,1,-1,9,1,83,11,1997,2,17,CITROEN C4,4,E01031045,0,1
2024201510071,2024,201510071,2,9,0,-1,2,0,0,-1,0,0,0,0,0,0,4,9,-1,6,1,53,8,1997,2,17,CITROEN C4,1,E01009335,0,1
2024052400588,2024,052400588,1,9,0,18,19,3,7,0,0,1,0,0,0,0,1,1,6,6,2,40,7,1560,2,10,CITROEN C4,1,E01007019,0,1
2024131443775,2024,131443775,1,9,0,-1,11,5,4,-1,0,8,0,0,0,0,4,1,-1,9,2,44,7,1560,2,8,CITROEN C4,9,E01011565,0,1
2024351462245,2024,351462245,1,9,-1,-1,-1,-1,-1,-1,-1,0,-1,-1,-1,0,3,9,-1,6,1,-1,-1,1560,2,13,CITROEN C4,-1,-1,0,-1
2024041544671,2024,041544671,1,9,0,-1,9,5,1,-1,0,8,0,0,0,0,3,1,-1,9,2,26,6,1997,2,8,CITROEN C4,8,E01005768,0,4
2024552400061,2024,552400061,1,9,0,17,19,3,8,0,0,0,1,0,1,4,1,1,2,2,2,18,4,1199,1,1,CITROEN C4,5,E01029165,0,4
2024010504878,2024,010504878,1,9,0,99,99,9,9,99,99,9,9,99,9,99,3,9,6,6,1,47,8,1200,1,5,CITROEN C4,3,E01024608,0,4
2024430066979,2024,430066979,1,9,0,18,19,6,2,0,0,0,0,0,0,0,4,1,6,6,2,59,9,1560,2,7,CITROEN C4,10,E01028428,0,1
2024522403265,2024,522403265,1,9,0,18,19,2,6,0,0,1,0,0,0,0,1,1,6,6,1,78,11,1200,1,7,CITROEN C4,4,E01014645,0,1
2024361436931,2024,361436931,1,9,0,-1,19,3,1,-1,0,2,0,0,0,0,1,1,-1,6,1,44,7,1560,2,13,CITROEN C4,6,E01026580,0,2
2024361512706,2024,361512706,2,9,0,-1,3,3,7,-1,0,0,0,0,0,0,2,1,-1,9,2,26,6,1560,2,8,CITROEN C4,3,E01034768,0,1
2024041451036,2024,041451036,2,9,0,-1,2,0,0,-1,9,0,0,0,1,0,4,1,-1,6,-1,-1,-1,1997,2,17,CITROEN C4,-1,-1,0,-1
2024311500526,2024,311500526,2,9,0,-1,7,3,1,-1,0,8,0,0,0,0,3,2,-1,6,2,40,7,1560,2,9,CITROEN C4,5,E01028369,0,2
2024461451142,2024,461451142,2,9,0,-1,3,3,7,-1,0,0,0,0,0,0,2,9,-1,1,2,46,8,1560,2,7,CITROEN C4,4,E01016116,0,1
2024610008524,2024,610008524,2,9,0,18,19,1,5,0,0,8,0,0,0,0,1,1,6,6,1,51,8,1560,2,8,CITROEN C4,3,W01001336,0,1
2024522400805,2024,522400805,2,9,0,3,3,5,1,0,0,1,0,0,0,0,2,1,6,6,1,31,6,1200,1,9,CITROEN C4,1,E01033366,0,2
2024471487431,2024,471487431,1,9,0,-1,19,3,7,-1,0,0,0,0,0,0,1,1,-1,2,1,57,9,1560,2,13,CITROEN C4,5,E01031801,0,1
2024320697153,2024,320697153,2,8,0,-1,-1,2,6,0,0,4,0,0,0,0,2,1,1,1,1,59,9,1560,2,7,CITROEN C4,1,E01026150,0,1
2024401415688,2024,401415688,4,9,0,-1,11,5,1,-1,0,0,0,0,0,0,2,1,-1,6,1,56,9,1560,2,10,CITROEN C4,10,E01016816,0,4
2024131508651,2024,131508651,1,9,0,-1,19,1,1,-1,0,1,0,0,0,0,3,1,-1,2,2,37,7,1199,1,1,CITROEN C4,7,E01010590,0,1
2024461532739,2024,461532739,1,9,0,-1,1,7,3,-1,9,0,0,0,0,0,2,9,-1,6,2,60,9,1200,1,9,CITROEN C4,3,E01016128,0,1
202417S104724,2024,17S104724,1,9,0,-1,19,6,2,-1,0,0,0,0,0,0,0,1,-1,9,1,45,7,1997,2,10,CITROEN C4,-1,-1,0,-1
2024461498326,2024,461498326,1,9,0,-1,19,4,8,-1,0,1,0,0,0,0,1,1,-1,6,1,59,9,1560,2,10,CITROEN C4,7,E01024712,0,4
2024461519332,2024,461519332,1,9,0,-1,19,5,1,-1,0,1,0,0,0,0,1,9,-1,6,2,33,6,1560,2,10,CITROEN C4,2,E01024670,0,1
2024010525017,2024,010525017,1,9,0,99,99,9,9,99,99,9,9,99,9,99,9,9,2,2,2,42,7,1199,1,1,CITROEN C4,6,E01003702,0,2
2024332400308,2024,332400308,1,9,0,-1,10,1,7,-1,0,1,0,0,0,0,2,1,-1,9,2,43,7,1560,2,9,CITROEN C4,10,E01025649,0,2
2024440393058,2024,440393058,3,9,0,2,2,0,0,0,0,0,0,0,0,0,1,1,6,6,3,-1,-1,1560,2,10,CITROEN C4,-1,-1,0,-1
2024501481700,2024,501481700,2,9,0,-1,19,2,6,-1,0,0,1,0,0,0,1,1,-1,6,2,58,9,1560,2,11,CITROEN C4,6,E01020161,0,1
2024440505314,2024,440505314,2,9,0,4,4,3,7,0,0,4,0,0,0,0,2,1,1,1,1,-1,-1,1199,1,0,CITROEN C4,-1,-1,0,-1
2024111521110,2024,111521110,1,9,0,-1,19,2,6,-1,0,0,0,0,0,0,1,1,-1,6,2,40,7,1560,2,11,CITROEN C4,3,E01020591,0,1
2024332401065,2024,332401065,1,9,0,-1,19,3,7,-1,0,0,0,0,0,0,1,1,-1,6,1,26,6,1200,1,6,CITROEN C4,3,E01025852,0,1
2024320253660,2024,320253660,2,9,0,-1,-1,4,8,0,0,8,0,0,0,0,3,1,-1,-1,1,62,9,1560,2,10,CITROEN C4,4,E01026067,0,4
2024211428722,2024,211428722,1,9,0,-1,7,8,2,-1,0,1,5,0,3,0,1,9,-1,6,1,54,8,1200,1,6,CITROEN C4,6,E01029488,0,1
2024991443345,2024,991443345,1,9,0,-1,19,1,5,-1,0,0,0,0,1,0,1,1,-1,9,2,70,10,1560,2,13,CITROEN C4,-1,-1,0,-1
2024010539608,2024,010539608,2,9,0,99,99,9,9,99,99,9,9,99,9,99,2,9,6,6,3,-1,-1,1200,1,4,CITROEN C4,-1,-1,0,-1
2024552400831,2024,552400831,2,9,0,3,3,2,6,0,0,0,0,0,0,0,2,1,6,6,1,43,7,1560,2,10,CITROEN C4,6,E01034378,0,1
2024531414219,2024,531414219,2,9,0,-1,19,8,4,-1,0,1,0,0,0,0,4,9,-1,6,2,45,7,1560,2,11,CITROEN C4,8,E01022387,0,1
2024010544490,2024,010544490,2,9,9,99,99,9,9,0,0,1,0,99,9,0,9,9,6,6,3,-1,-1,1560,2,8,CITROEN C4,-1,-1,0,-1
2024552400916,2024,552400916,2,9,0,18,19,6,2,0,0,8,0,0,0,0,4,1,6,6,1,34,6,1560,2,9,CITROEN C4,6,E01020510,0,1
2024351407595,2024,351407595,1,9,0,-1,19,4,8,-1,0,0,1,0,1,0,1,1,-1,9,1,55,8,1560,2,9,CITROEN C4,8,E01018203,0,4
2024010508575,2024,010508575,1,9,0,18,19,7,3,0,0,1,1,0,0,0,3,1,1,1,2,56,9,1200,1,3,CITROEN C4,4,E01000066,0,1
2024131395186,2024,131395186,1,9,0,-1,7,3,5,-1,0,5,0,0,0,0,1,1,-1,2,2,59,9,1200,1,7,CITROEN C4,10,E01010580,0,1
2024552401081,2024,552401081,1,9,0,18,19,4,8,0,0,0,0,0,0,0,1,1,6,6,2,42,7,1560,2,15,CITROEN C4,2,E01033200,0,1
2024041410026,2024,041410026,1,9,0,-1,19,1,5,-1,0,0,2,11,0,0,1,1,-1,9,1,38,7,1798,1,17,CITROEN C4,6,E01027572,0,3
2024201478136,2024,201478136,4,9,0,-1,2,0,0,-1,0,0,0,0,0,0,3,9,-1,6,1,54,8,1560,2,6,CITROEN C4,5,E01009688,0,1
2024041420041,2024,041420041,1,9,0,-1,6,3,7,-1,0,8,0,0,1,0,0,1,-1,6,1,63,9,1360,1,14,CITROEN C4,1,E01025482,0,1
2024440431690,2024,440431690,1,9,0,3,3,4,8,0,0,1,0,0,0,0,2,1,6,6,1,46,8,1560,2,10,CITROEN C4,7,E01020468,0,4
2024041531802,2024,041531802,1,9,0,-1,4,7,3,-1,0,2,0,0,0,0,4,1,-1,7,1,46,8,1560,2,8,CITROEN C4,5,E01025085,0,1
2024440218783,2024,440218783,1,9,0,14,14,1,5,0,0,2,0,0,0,0,3,1,2,2,1,32,6,1560,2,9,CITROEN C4,10,E01022741,0,3
2024991493733,2024,991493733,2,9,0,-1,19,5,8,-1,0,1,0,0,0,0,2,1,-1,9,2,41,7,1200,1,3,CITROEN C4,3,-1,0,1
2024543613924,2024,543613924,2,9,0,18,19,5,1,0,0,0,0,0,1,9,1,1,6,6,2,36,7,1560,2,11,CITROEN C4,7,E01015576,0,2
2024520401965,2024,520401965,1,9,0,7,7,6,1,0,0,8,0,0,0,0,1,1,6,6,1,24,5,1360,1,14,CITROEN C4,2,E01029239,0,4
2024440185281,2024,440185281,2,9,0,9,9,8,6,0,0,1,0,0,0,0,3,1,6,6,2,25,5,1560,2,14,CITROEN C4,2,E01022913,0,2
2024461487855,2024,461487855,1,9,0,-1,19,3,7,-1,0,0,0,0,0,0,2,9,-1,6,1,-1,-1,1560,2,14,CITROEN C4,2,E01024263,0,2
2024010512046,2024,010512046,1,9,0,7,7,1,4,0,0,2,0,0,0,0,0,1,6,6,1,59,9,1200,1,8,CITROEN C4,3,E01003263,0,1
2024461417772,2024,461417772,1,9,0,-1,19,1,5,-1,0,0,2,0,1,4,1,1,-1,1,1,52,8,1200,1,4,CITROEN C4,1,E01020985,0,4
2024401519136,2024,401519136,1,9,-1,-1,-1,-1,-1,-1,-1,-1,-1,-1,-1,0,-1,9,-1,6,1,-1,-1,1997,2,9,CITROEN C4,7,E01033817,0,2
2024320723962,2024,320723962,1,9,0,-1,-1,1,5,0,0,2,0,4,0,0,1,1,-1,-1,2,60,9,1560,2,10,CITROEN C4,2,E01026084,0,1
2024501472202,2024,501472202,1,9,0,-1,19,7,3,-1,0,0,0,0,1,10,4,1,-1,9,2,26,6,1560,2,12,CITROEN C4,4,E01020309,0,2
2024010535383,2024,010535383,1,9,0,9,9,2,8,0,0,1,0,0,0,0,3,1,6,6,2,56,9,1560,2,12,CITROEN C4,4,E01004729,0,1
2024201432404,2024,201432404,1,9,0,-1,7,4,6,-1,0,4,0,0,0,0,1,9,-1,6,1,64,9,1560,2,6,CITROEN C4,2,E01008883,0,2
2024302401487,2024,302401487,1,9,0,16,19,3,6,0,0,2,1,0,0,0,3,1,3,7,2,67,10,1560,2,8,CITROEN C4,10,E01019670,0,1
2024010519079,2024,010519079,2,9,0,18,19,9,9,99,99,3,9,99,9,99,2,9,6,6,3,36,7,1199,1,0,CITROEN C4,7,E01001587,0,2
2024501454506,2024,501454506,1,9,0,-1,4,1,5,-1,0,0,0,0,0,0,2,1,-1,9,1,90,11,1560,2,9,CITROEN C4,10,E01019957,0,3
2024361507931,2024,361507931,1,9,0,-1,19,3,7,-1,0,1,1,0,0,0,1,1,-1,9,2,33,6,1560,2,10,CITROEN C4,5,E01026651,0,3
2024522401243,2024,522401243,2,9,0,9,9,5,3,0,0,8,0,0,0,0,4,1,6,6,1,44,7,1200,1,6,CITROEN C4,10,E01014963,0,2
2024552400750,2024,552400750,1,9,0,18,19,7,3,0,0,8,0,0,0,0,1,1,6,6,1,34,6,1587,1,16,CITROEN C4,6,E01015402,0,2
2024311400949,2024,311400949,2,9,0,-1,19,7,3,-1,0,0,0,0,0,0,1,1,-1,6,1,80,11,1560,2,11,CITROEN C4,5,E01019439,0,3
2024440032626,2024,440032626,3,9,0,18,19,2,6,0,0,8,0,0,0,0,3,1,1,1,1,-1,-1,1560,2,11,CITROEN C4,9,E01004687,0,5
2024411469191,2024,411469191,1,9,0,-1,19,2,6,-1,0,0,0,7,1,11,1,1,-1,9,1,65,9,-1,3,2,CITROEN C4,6,E01000459,0,4
2024131511603,2024,131511603,2,9,0,-1,11,3,7,-1,0,1,0,0,0,0,1,1,-1,6,2,36,7,1560,2,10,CITROEN C4,7,E01008149,0,4
2024461448305,2024,461448305,2,9,0,-1,19,2,5,-1,0,1,0,4,0,0,1,1,-1,9,2,46,8,1560,2,7,CITROEN C4,10,E01024074,0,1