collision_index,collision_year,collision_ref_no,vehicle_reference,vehicle_type,towing_and_articulation,vehicle_manoeuvre_historic,vehicle_manoeuvre,vehicle_direction_from,vehicle_direction_to,vehicle_location_restricted_lane_historic,vehicle_location_restricted_lane,junction_location,skidding_and_overturning,hit_object_in_carriageway,vehicle_leaving_carriageway,hit_object_off_carriageway,first_point_of_impact,vehicle_left_hand_drive,journey_purpose_of_driver_historic,journey_purpose_of_driver,sex_of_driver,age_of_driver,age_band_of_driver,engine_capacity_cc,propulsion_code,age_of_vehicle,generic_make_model,driver_imd_decile,lsoa_of_driver,escooter_flag,driver_distance_banding
2024161438156,2024,161438156,1,9,0,-1,19,8,4,-1,0,0,0,0,0,0,1,9,-1,2,2,49,8,1560,2,12,CITROEN C4,1,E01013201,0,1
2024010539163,2024,010539163,2,9,9,99,99,9,9,99,99,5,9,99,9,99,9,9,6,6,3,-1,-1,1560,2,7,CITROEN C4,3,E01003334,0,1
2024122400399,2024,122400399,2,9,0,18,19,3,7,0,0,2,0,0,0,0,1,1,1,1,2,24,5,1560,2,7,CITROEN C4,7,E01027738,0,3
2024552401353,2024,552401353,1,9,0,4,4,5,1,0,0,0,0,0,0,0,1,1,6,6,1,33,6,1560,2,9,CITROEN C4,4,W01001433,0,5
202460Q095504,2024,60Q095504,2,9,0,2,2,0,0,0,0,0,0,0,0,0,4,1,6,6,1,40,7,1560,2,10,CITROEN C4,-1,-1,0,-1
2024161417812,2024,161417812,2,9,0,-1,19,6,2,-1,0,0,0,0,0,0,2,1,-1,9,1,54,8,1997,2,17,CITROEN C4,4,E01013047,0,3
2024440089006,2024,440089006,2,9,0,18,19,8,4,0,0,8,0,0,0,0,1,1,2,2,2,37,7,1560,2,8,CITROEN C4,2,E01017053,0,1
2024141494368,2024,141494368,1,9,0,-1,9,5,5,-1,0,3,0,0,0,0,1,1,-1,9,2,30,6,1200,1,8,CITROEN C4,5,E01008099,0,1
2024411489413,2024,411489413,2,9,0,-1,19,1,5,-1,0,0,0,0,0,0,3,1,-1,6,1,46,8,1560,2,9,CITROEN C4,7,E01025654,0,5
2024991439024,2024,991439024,1,9,0,-1,9,3,1,-1,0,5,0,0,0,0,1,1,-1,6,1,31,6,1499,2,5,CITROEN C4,8,-1,0,1
2024041456617,2024,041456617,2,9,0,-1,12,3,7,-1,1,4,0,0,0,0,4,1,-1,1,2,21,5,1560,2,8,CITROEN C4,9,E01025343,0,2
2024131396065,2024,131396065,2,9,0,-1,19,3,7,-1,0,1,0,0,0,0,1,1,-1,6,2,70,10,1200,1,7,CITROEN C4,8,E01011930,0,2
2024351437871,2024,351437871,2,9,0,-1,4,1,5,-1,0,0,0,0,0,0,2,1,-1,6,1,57,9,1560,2,9,CITROEN C4,9,E01018278,0,3
2024231445577,2024,231445577,2,9,0,-1,4,6,2,-1,0,8,0,0,0,0,1,1,-1,6,1,28,6,1560,2,10,CITROEN C4,3,E01031174,0,1
2024531507425,2024,531507425,3,9,0,-1,2,0,0,-1,0,0,0,0,0,0,1,1,-1,6,-1,-1,-1,1200,1,8,CITROEN C4,-1,-1,0,-1
2024340WN0052,2024,340WN0052,4,9,0,-1,3,0,0,-1,0,1,0,0,0,0,0,1,-1,6,2,-1,-1,1200,1,5,CITROEN C4,-1,-1,0,-1
2024371410914,2024,371410914,2,9,0,-1,19,7,3,-1,0,0,1,0,7,0,1,1,-1,2,1,33,6,1560,2,10,CITROEN C4,4,E01026523,0,4
2024991448485,2024,991448485,1,9,0,-1,19,7,3,-1,0,0,0,0,1,0,1,1,-1,2,1,39,7,1560,2,14,CITROEN C4,5,-1,0,1
2024522401838,2024,522401838,1,9,0,2,2,0,0,0,0,0,0,0,0,0,2,1,6,6,2,55,8,1560,2,8,CITROEN C4,7,E01015009,0,3
2024141533167,2024,141533167,1,9,0,-1,19,3,3,-1,0,3,5,0,0,0,3,1,-1,9,1,22,5,1200,1,9,CITROEN C4,1,E01007883,0,1
2024451448557,2024,451448557,2,9,0,-1,19,5,1,-1,0,1,0,0,0,0,1,1,-1,9,2,42,7,1560,2,8,CITROEN C4,9,E01022587,0,3
2024052401483,2024,052401483,2,9,0,3,3,5,1,0,0,0,1,0,0,0,2,1,6,6,2,37,7,1560,2,15,CITROEN C4,3,E01006587,0,1
2024010504037,2024,010504037,2,9,0,99,99,9,9,99,99,9,9,99,9,99,9,9,6,6,3,-1,-1,1200,1,6,CITROEN C4,-1,-1,0,-1
2024421419069,2024,421419069,3,9,0,-1,19,1,5,-1,0,0,0,0,0,0,1,1,-1,6,1,37,7,1560,2,12,CITROEN C4,-1,-1,0,-1
2024332401060,2024,332401060,1,9,0,-1,19,5,1,-1,0,0,0,0,1,7,1,1,-1,6,1,34,6,1560,2,13,CITROEN C4,9,E01026543,0,5
2024471475319,2024,471475319,1,9,0,-1,9,5,3,-1,0,6,0,0,0,0,1,1,-1,2,2,47,8,1997,1,17,CITROEN C4,7,E01021160,0,1
2024522403426,2024,522403426,1,9,0,9,9,4,2,0,0,5,0,0,0,0,1,1,6,6,1,43,7,1560,2,7,CITROEN C4,3,E01014624,0,2
2024440083461,2024,440083461,1,9,0,18,19,3,7,0,0,3,0,0,0,0,1,1,6,6,1,37,7,1560,2,9,CITROEN C4,3,E01022485,0,1
2024302400767,2024,302400767,2,9,0,18,19,2,6,0,0,8,0,0,0,0,1,1,6,6,2,60,9,1560,2,11,CITROEN C4,6,E01013506,0,2
2024461478268,2024,461478268,1,9,0,-1,19,7,3,-1,0,0,1,0,0,0,1,1,-1,9,1,32,6,1560,2,15,CITROEN C4,9,E01021229,0,2
2024311453015,2024,311453015,1,9,0,-1,8,7,2,-1,0,0,0,0,0,0,1,1,-1,9,1,69,10,1499,2,4,CITROEN C4,10,E01026206,0,4
2024991456308,2024,991456308,1,9,0,-1,19,1,5,-1,0,0,1,0,0,0,3,1,-1,9,1,55,8,1200,1,3,CITROEN C4,4,-1,0,1
2024471416587,2024,471416587,1,9,0,-1,19,5,1,-1,0,4,0,0,0,0,1,1,-1,9,2,44,7,1598,1,11,CITROEN C4,6,E01031782,0,1
2024201514947,2024,201514947,2,9,0,-1,2,0,0,-1,0,0,0,0,0,0,2,1,-1,6,2,41,7,1560,2,9,CITROEN C4,1,E01009570,0,2
2024430462764,2024,430462764,1,9,0,18,19,7,3,0,0,4,0,0,0,0,1,1,6,6,1,63,9,1560,2,10,CITROEN C4,3,E01016336,0,1
2024340NN1762,2024,340NN1762,2,9,0,-1,19,1,3,-1,0,3,0,0,0,0,4,1,-1,6,1,57,9,1560,2,9,CITROEN C4,4,E01027130,0,1
2024991510246,2024,991510246,2,9,0,-1,19,4,8,-1,0,1,0,0,0,0,1,1,-1,9,1,57,9,1560,2,16,CITROEN C4,9,-1,0,1
2024430325655,2024,430325655,2,9,0,18,19,5,1,0,0,0,0,0,0,0,1,1,6,6,1,30,6,-1,3,3,CITROEN C4,4,E01034604,0,2
2024471504153,2024,471504153,2,9,0,-1,19,7,3,-1,0,0,0,0,0,0,2,1,-1,9,1,70,10,1560,2,9,CITROEN C4,5,E01031355,0,1
2024430360973,2024,430360973,1,9,0,9,9,6,4,0,0,6,0,0,0,0,3,1,6,6,2,40,7,1200,1,9,CITROEN C4,3,E01017699,0,1
202454A693324,2024,54A693324,1,9,0,9,9,6,5,0,0,6,0,0,0,0,2,1,2,2,2,49,8,1200,1,7,CITROEN C4,1,E01015541,0,1
2024991524580,2024,991524580,1,9,0,-1,19,3,7,-1,0,0,0,0,0,0,4,1,-1,6,2,39,7,1560,2,9,CITROEN C4,8,-1,0,1
2024010514338,2024,010514338,4,9,0,18,19,3,7,0,0,0,0,0,0,0,2,1,6,6,1,29,6,1560,2,9,CITROEN C4,2,E01000484,0,4
2024052402583,2024,052402583,1,9,0,5,5,3,7,0,0,0,0,0,0,0,1,1,1,1,1,53,8,1997,2,15,CITROEN C4,1,E01035368,0,3
2024401498313,2024,401498313,2,9,0,-1,3,-1,-1,-1,0,4,0,0,0,0,2,1,-1,9,1,26,6,1997,2,9,CITROEN C4,5,E01015718,0,1
2024231486415,2024,231486415,3,9,0,-1,19,2,6,-1,0,0,0,0,0,0,4,9,-1,6,1,52,8,1560,2,12,CITROEN C4,2,E01009943,0,4
2024991452252,2024,991452252,1,9,0,-1,19,3,7,-1,0,0,0,0,0,0,1,1,-1,9,2,46,8,1200,1,7,CITROEN C4,6,-1,0,1
2024461514464,2024,461514464,1,9,0,-1,19,5,7,-1,0,0,0,0,0,0,1,1,-1,9,2,73,10,1200,1,5,CITROEN C4,6,E01034988,0,3
2024131472811,2024,131472811,2,9,0,-1,19,1,1,-1,0,8,0,0,0,0,4,1,-1,6,1,19,4,1200,1,3,CITROEN C4,3,E01010791,0,1
2024141424568,2024,141424568,1,9,0,-1,3,7,3,-1,0,0,0,0,0,0,2,1,-1,9,2,34,6,1560,2,8,CITROEN C4,4,E01019485,0,3
2024501443716,2024,501443716,2,9,0,-1,3,3,7,-1,0,1,0,0,0,0,2,9,-1,6,2,39,7,1560,2,10,CITROEN C4,8,E01019988,0,1
2024101478385,2024,101478385,2,9,0,-1,9,3,1,-1,0,5,0,0,0,0,1,9,-1,9,1,63,9,1560,2,16,CITROEN C4,1,E01008702,0,1
2024461523633,2024,461523633,3,9,0,-1,4,7,3,-1,0,0,0,0,0,0,2,1,-1,9,1,32,6,1199,1,1,CITROEN C4,3,E01034166,0,5
2024010509921,2024,010509921,1,9,0,99,99,9,9,99,99,9,9,99,9,99,9,9,6,6,2,38,7,1200,1,5,CITROEN C4,6,E01004728,0,1
2024231529550,2024,231529550,1,9,0,-1,19,8,4,-1,0,8,0,0,0,0,3,9,-1,6,1,79,11,1560,2,10,CITROEN C4,5,E01031327,0,1
2024440128855,2024,440128855,2,9,0,18,19,7,3,0,0,0,0,0,0,0,1,1,6,6,2,37,7,1587,1,19,CITROEN C4,3,E01023058,0,2
2024131487310,2024,131487310,1,9,0,-1,19,1,5,-1,0,8,0,0,0,0,1,1,-1,9,1,84,11,1560,2,19,CITROEN C4,9,E01011457,0,1
2024141466038,2024,141466038,2,9,0,-1,19,6,2,-1,0,1,0,0,0,0,2,1,-1,9,1,57,9,1560,2,16,CITROEN C4,3,E01007776,0,1
2024070295352,2024,070295352,3,9,0,3,3,4,8,0,0,1,0,0,0,0,2,1,6,6,1,40,7,1560,2,11,CITROEN C4,2,-1,0,5
2024610055324,2024,610055324,2,9,0,3,3,5,1,0,0,0,0,0,0,0,1,1,6,6,2,38,7,1560,2,9,CITROEN C4,4,W01001328,0,1
2024451408430,2024,451408430,2,9,0,-1,19,4,6,-1,0,0,0,0,1,0,2,1,-1,9,1,56,9,1200,1,6,CITROEN C4,6,E01016218,0,4
2024610057924,2024,610057924,2,9,0,18,19,9,9,0,0,1,0,0,0,0,1,1,6,6,2,-1,-1,1560,2,10,CITROEN C4,1,W01001473,0,1
2024010495164,2024,010495164,1,9,0,18,19,1,5,0,0,0,0,0,0,0,2,1,1,1,1,43,7,1560,2,9,CITROEN C4,-1,-1,0,-1
2024471482912,2024,471482912,3,9,0,-1,19,1,5,-1,0,1,0,0,0,0,3,1,-1,9,1,34,6,1560,2,15,CITROEN C4,5,E01021089,0,1
2024361469564,2024,361469564,2,9,-1,-1,2,-1,-1,-1,0,0,0,0,0,0,2,9,-1,6,3,-1,-1,1560,2,12,CITROEN C4,-1,-1,0,-1
2024991528283,2024,991528283,2,9,0,-1,19,4,8,-1,0,8,0,0,0,0,1,1,-1,9,1,65,9,1560,2,8,CITROEN C4,8,-1,0,1
2024461401325,2024,461401325,2,9,0,-1,7,8,5,-1,0,0,0,0,0,0,4,9,-1,6,2,76,11,1587,1,16,CITROEN C4,4,E01024557,0,2
2024221414245,2024,221414245,1,9,0,-1,19,1,4,-1,0,6,1,0,0,0,3,9,-1,6,1,63,9,1560,2,8,CITROEN C4,4,E01002599,0,5
2024461491483,2024,461491483,1,9,0,-1,5,3,7,-1,0,1,0,0,0,0,1,1,-1,9,1,66,10,1560,2,12,CITROEN C4,5,E01024201,0,1
2024070792132,2024,070792132,1,9,0,-1,19,6,2,-1,4,0,0,0,0,0,1,1,-1,6,2,42,7,1560,2,15,CITROEN C4,-1,-1,0,-1
2024010524128,2024,010524128,1,9,0,18,19,7,3,0,0,0,0,0,0,0,4,1,6,6,1,81,11,1560,2,7,CITROEN C4,9,E01002463,0,1
2024332400667,2024,332400667,1,9,0,-1,13,7,3,-1,0,0,0,0,1,0,1,1,-1,6,1,48,8,1997,2,16,CITROEN C4,5,E01028362,0,3
2024221495036,2024,221495036,2,9,0,-1,2,0,0,-1,0,0,0,4,0,0,2,1,-1,6,1,53,8,1560,2,12,CITROEN C4,8,E01032197,0,1
2024231451244,2024,231451244,1,9,0,-1,19,3,7,-1,0,8,0,0,0,0,1,1,-1,1,2,38,7,1560,2,8,CITROEN C4,9,E01027006,0,2
2024440351514,2024,440351514,2,9,0,18,19,1,5,0,0,2,0,0,0,0,3,1,6,6,2,39,7,1200,1,7,CITROEN C4,8,E01022633,0,1
2024010498616,2024,010498616,2,9,9,99,99,9,9,99,99,9,9,99,9,99,9,9,6,6,3,-1,-1,1560,2,8,CITROEN C4,-1,-1,0,-1
2024351539005,2024,351539005,1,9,-1,-1,-1,-1,-1,-1,-1,0,-1,-1,-1,0,-1,9,-1,6,1,43,7,1798,1,16,CITROEN C4,5,E01015675,0,1
2024161436575,2024,161436575,2,9,0,-1,12,1,5,-1,0,0,0,0,0,0,1,1,-1,1,1,44,7,1560,2,9,CITROEN C4,3,E01012907,0,1
2024231477767,2024,231477767,1,9,0,-1,7,4,6,-1,0,5,0,0,0,0,4,1,-1,2,2,43,7,1560,2,15,CITROEN C4,1,E01035016,0,1
2024361444645,2024,361444645,2,9,0,-1,19,8,3,-1,0,1,0,0,0,0,1,1,-1,9,1,65,9,1560,2,10,CITROEN C4,4,E01026744,0,3
2024351502467,2024,351502467,2,9,0,-1,19,3,7,-1,0,0,0,0,0,0,2,1,-1,6,2,30,6,1200,1,5,CITROEN C4,6,-1,0,5
2024471438714,2024,471438714,1,9,-1,-1,19,8,4,-1,0,0,0,0,0,0,3,9,-1,6,1,78,11,1560,2,13,CITROEN C4,6,E01021193,0,1
2024451479513,2024,451479513,2,9,0,-1,19,1,5,-1,0,0,0,0,0,0,1,1,-1,2,2,45,7,-1,3,1,CITROEN C4,8,E01016609,0,2
2024141423708,2024,141423708,1,9,0,-1,19,1,5,-1,0,1,0,0,0,0,3,1,-1,9,2,49,8,1200,1,8,CITROEN C4,7,E01007471,0,1
2024161481395,2024,161481395,1,9,0,-1,19,3,7,-1,0,0,0,0,0,0,2,1,-1,6,1,54,8,1560,2,12,CITROEN C4,1,E01012915,0,1
2024041461748,2024,041461748,2,9,0,-1,9,3,7,-1,0,8,0,0,0,0,1,1,-1,6,1,56,9,1560,2,16,CITROEN C4,6,E01025433,0,1
2024201490027,2024,201490027,1,9,0,-1,1,4,8,-1,0,8,0,0,0,0,3,1,-1,6,1,41,7,-1,3,2,CITROEN C4,2,E01008892,0,1
2024070903093,2024,070903093,2,9,0,-1,4,1,7,-1,0,1,0,0,0,0,2,1,-1,2,1,39,7,1560,2,7,CITROEN C4,3,E01035373,0,2
2024010535748,2024,010535748,2,9,9,99,99,9,9,99,99,9,9,99,9,99,9,9,6,6,3,-1,-1,1598,1,15,CITROEN C4,-1,-1,0,-1
2024010550959,2024,010550959,2,8,0,99,99,9,9,99,99,9,9,99,9,99,2,9,6,6,3,-1,-1,1560,2,7,CITROEN C4,-1,-1,0,-1
2024201448691,2024,201448691,1,9,0,-1,13,3,7,-1,0,0,0,0,0,0,3,1,-1,9,2,30,6,1560,2,9,CITROEN C4,-1,-1,0,-1
2024211400073,2024,211400073,2,9,-1,-1,-1,-1,-1,-1,-1,-1,-1,-1,-1,0,-1,9,-1,9,1,32,6,1560,2,16,CITROEN C4,3,E01010290,0,3
2024141433522,2024,141433522,1,9,0,-1,19,7,3,-1,0,0,0,0,0,0,1,1,-1,6,1,36,7,1997,2,13,CITROEN C4,2,E01007498,0,1
2024622400116,2024,622400116,1,9,0,18,19,8,4,0,0,4,0,0,0,0,1,1,6,6,1,38,7,1360,1,16,CITROEN C4,1,W01000830,0,1
2024122400966,2024,122400966,1,9,0,18,19,1,5,0,0,1,0,0,0,0,1,1,6,6,2,72,10,1560,2,11,CITROEN C4,7,E01027600,0,3
2024440001836,2024,440001836,1,9,0,18,19,2,6,0,0,2,0,0,1,4,1,1,6,6,1,77,11,1200,1,3,CITROEN C4,8,E01022615,0,1
2024461494096,2024,461494096,2,9,0,-1,2,0,0,-1,0,0,0,0,0,0,3,1,-1,6,-1,-1,-1,1200,1,6,CITROEN C4,-1,-1,0,-1
2024451461992,2024,451461992,3,9,0,-1,19,1,5,-1,0,1,0,0,0,0,1,1,-1,9,2,50,8,1200,1,9,CITROEN C4,8,E01004131,0,4
2024320503028,2024,320503028,1,9,0,9,9,7,4,0,0,8,0,0,0,0,1,1,6,6,2,-1,-1,1500,2,3,CITROEN C4,-1,-1,0,-1
2024552401314,2024,552401314,1,9,0,18,19,6,2,0,0,4,0,0,0,0,1,1,6,6,2,58,9,1560,2,15,CITROEN C4,7,E01031993,0,4
2024111430829,2024,111430829,1,9,0,-1,9,2,8,-1,0,6,0,0,0,0,4,1,-1,6,2,30,6,1560,2,13,CITROEN C4,-1,-1,0,-1
2024552400551,2024,552400551,1,9,0,18,19,8,4,0,0,0,0,0,0,0,1,1,2,2,1,35,6,1560,2,6,CITROEN C4,6,E01020453,0,3
2024361442914,2024,361442914,1,9,0,-1,19,6,3,-1,0,0,0,0,0,0,1,1,-1,6,1,20,4,1560,2,10,CITROEN C4,2,E01016458,0,5
2024421452660,2024,421452660,2,9,0,-1,19,7,2,-1,0,0,0,10,0,0,2,1,-1,2,1,51,8,1560,2,9,CITROEN C4,2,E01029969,0,4
2024201516249,2024,201516249,1,9,0,-1,1,5,1,-1,0,0,0,0,0,0,2,9,-1,7,2,20,4,1560,2,9,CITROEN C4,3,E01009857,0,1
2024131522992,2024,131522992,3,9,0,-1,2,0,0,-1,0,0,0,0,0,0,3,1,-1,6,-1,-1,-1,1200,1,4,CITROEN C4,-1,-1,0,-1
2024361397268,2024,361397268,1,9,0,-1,19,1,5,-1,0,2,1,0,0,0,4,1,-1,1,2,51,8,1560,2,11,CITROEN C4,1,E01026620,0,4
2024221437862,2024,221437862,2,9,0,-1,19,2,6,-1,0,8,0,0,0,0,1,1,-1,9,1,79,11,1200,1,8,CITROEN C4,8,E01032184,0,1
2024421528765,2024,421528765,1,9,0,-1,9,6,4,-1,0,5,1,99,0,0,1,1,-1,6,1,63,9,1587,1,16,CITROEN C4,-1,-1,0,-1
2024010541552,2024,010541552,1,9,0,18,19,5,1,0,0,8,0,0,0,0,4,1,6,6,2,48,8,-1,3,3,CITROEN C4,5,E01000467,0,1
2024631404483,2024,631404483,2,9,0,-1,19,3,6,-1,0,0,0,0,0,0,1,1,-1,6,2,31,6,1560,2,16,CITROEN C4,7,W01000453,0,1
2024401449784,2024,401449784,1,9,-1,-1,-1,-1,-1,-1,-1,-1,-1,-1,-1,0,1,9,-1,6,1,-1,-1,1560,2,10,CITROEN C4,-1,-1,0,-1
2024451523404,2024,451523404,1,9,0,-1,19,5,1,-1,0,8,0,0,0,0,3,1,-1,6,1,49,8,1560,2,9,CITROEN C4,-1,-1,0,-1
2024351559719,2024,351559719,3,9,0,-1,3,0,0,-1,0,1,0,0,0,0,1,1,-1,6,2,27,6,1560,2,15,CITROEN C4,7,E01027033,0,3
2024041497911,2024,041497911,2,9,0,-1,19,5,1,-1,0,1,0,0,0,0,2,1,-1,7,2,36,7,1997,2,8,CITROEN C4,6,E01025541,0,1
2024101442447,2024,101442447,1,9,0,-1,9,3,1,-1,0,8,0,0,0,0,4,2,-1,2,2,32,6,1560,2,8,CITROEN C4,9,E01008782,0,1
2024311409608,2024,311409608,2,9,0,-1,5,2,6,-1,0,2,0,0,0,0,3,1,-1,1,1,44,7,1199,1,1,CITROEN C4,-1,-1,0,-1
2024440373816,2024,440373816,2,9,0,7,7,8,1,0,0,6,0,0,0,0,1,1,6,6,1,50,8,1560,2,10,CITROEN C4,2,E01015539,0,4
2024052402027,2024,052402027,2,9,0,4,4,2,7,0,0,1,0,0,0,0,2,1,1,1,3,-1,-1,-1,3,2,CITROEN C4,-1,-1,0,-1
2024461505896,2024,461505896,1,9,0,-1,19,1,5,-1,0,0,0,0,0,0,1,1,-1,1,1,51,8,1200,1,7,CITROEN C4,6,E01024314,0,1
2024461439634,2024,461439634,1,9,0,-1,19,4,7,-1,0,0,1,0,5,6,1,1,-1,2,2,51,8,1560,2,11,CITROEN C4,5,E01016034,0,3
2024461442974,2024,461442974,2,9,0,-1,3,3,7,-1,0,0,0,0,0,0,2,2,-1,9,1,39,7,1200,1,6,CITROEN C4,2,E01024061,0,2
2024010558007,2024,010558007,2,9,0,99,99,9,9,99,99,9,9,99,9,99,1,9,6,6,3,-1,-1,1560,2,8,CITROEN C4,-1,-1,0,-1
2024361452778,2024,361452778,1,9,0,-1,8,5,1,-1,0,3,0,0,0,0,1,1,-1,9,2,42,7,1200,1,6,CITROEN C4,5,E01026279,0,3
2024552400619,2024,552400619,2,9,0,18,19,8,4,0,0,0,0,0,0,0,1,1,6,6,1,36,7,1560,2,7,CITROEN C4,6,E01020447,0,2
2024501448271,2024,501448271,1,9,0,-1,19,3,6,-1,0,0,2,0,1,4,1,2,-1,9,1,18,4,1560,2,11,CITROEN C4,10,E01020200,0,1
2024411453742,2024,411453742,3,9,0,-1,19,5,1,-1,0,0,0,0,0,0,0,1,-1,6,2,35,6,1560,2,12,CITROEN C4,4,E01027313,0,4
2024461403633,2024,461403633,1,9,0,-1,19,6,1,-1,0,0,0,0,0,0,1,9,-1,6,2,41,7,1200,1,8,CITROEN C4,4,E01016143,0,1
2024201568913,2024,201568913,3,9,0,-1,2,0,0,-1,0,2,0,0,0,0,4,9,-1,6,1,-1,-1,1560,2,8,CITROEN C4,-1,-1,0,-1
2024471469001,2024,471469001,1,9,0,-1,19,1,4,-1,0,1,0,0,0,0,2,1,-1,6,1,35,6,1560,2,10,CITROEN C4,7,E01031618,0,2
2024141476758,2024,141476758,1,9,0,-1,3,5,1,-1,0,8,0,0,0,0,2,1,-1,9,1,75,10,1560,2,10,CITROEN C4,8,E01019479,0,2
2024010539792,2024,010539792,2,9,0,99,99,9,9,99,99,9,9,99,9,99,9,9,6,6,1,68,10,1560,2,8,CITROEN C4,4,E01004037,0,1
2024361488343,2024,361488343,2,9,0,-1,12,5,1,-1,0,1,1,0,0,0,3,1,-1,9,2,31,6,1200,1,8,CITROEN C4,7,E01026801,0,2
2024131499030,2024,131499030,2,9,0,-1,8,5,2,-1,0,8,0,0,0,0,2,1,-1,9,1,26,6,1560,2,9,CITROEN C4,1,E01011138,0,2
2024131441328,2024,131441328,1,9,0,-1,9,5,3,-1,0,8,0,0,0,0,1,1,-1,1,2,51,8,1560,2,10,CITROEN C4,3,E01011532,0,2
2024371413953,2024,371413953,2,9,0,-1,19,5,5,-1,0,2,0,0,0,0,4,1,-1,6,2,42,7,1560,2,12,CITROEN C4,8,E01034571,0,4
2024461458138,2024,461458138,2,9,0,-1,19,5,1,-1,0,1,0,0,0,0,3,1,-1,9,2,34,6,1560,2,7,CITROEN C4,3,E01016173,0,3
2024471450482,2024,471450482,3,9,0,-1,2,0,0,-1,0,0,0,4,0,0,2,1,-1,9,1,56,9,1560,2,11,CITROEN C4,2,E01031437,0,1
2024010555469,2024,010555469,1,9,9,99,99,9,9,99,99,9,9,99,9,99,9,9,6,6,2,66,10,1199,1,1,CITROEN C4,-1,-1,0,-1
2024471499256,2024,471499256,1,9,0,-1,19,7,3,-1,0,8,0,0,0,0,1,9,-1,6,2,33,6,1560,2,13,CITROEN C4,4,E01031434,0,2
2024991438437,2024,991438437,3,9,0,-1,19,5,1,-1,0,0,0,0,0,0,4,1,-1,6,1,63,9,1560,2,10,CITROEN C4,3,-1,0,4
2024461440963,2024,461440963,1,9,0,-1,9,7,3,-1,0,6,5,7,0,0,3,9,-1,6,2,27,6,1560,2,15,CITROEN C4,1,E01024663,0,1
2024552400342,2024,552400342,1,9,0,9,9,4,2,0,0,6,0,0,0,0,3,1,6,6,2,42,7,1560,2,10,CITROEN C4,3,E01015439,0,1
2024531519917,2024,531519917,2,9,0,-1,19,3,7,-1,0,1,0,0,0,0,1,1,-1,2,1,68,10,1199,1,0,CITROEN C4,10,E01032348,0,3
2024141469408,2024,141469408,2,9,0,-1,13,6,2,-1,0,1,0,0,0,0,1,1,-1,6,1,31,6,1200,1,9,CITROEN C4,1,E01008116,0,1
2024351452041,2024,351452041,2,9,0,-1,19,2,6,-1,0,1,0,0,0,0,1,1,-1,9,2,64,9,1560,2,12,CITROEN C4,6,E01018052,0,2
2024421411724,2024,421411724,2,9,0,-1,9,3,1,-1,0,6,0,0,0,0,3,1,-1,9,1,65,9,1560,2,9,CITROEN C4,8,E01021424,0,3
2024161465005,2024,161465005,2,9,0,-1,19,4,8,-1,0,1,0,0,0,0,1,1,-1,9,2,75,10,1997,1,16,CITROEN C4,9,E01034755,0,2
2024320487664,2024,320487664,2,9,0,4,4,3,7,0,0,1,0,0,0,0,2,1,-1,-1,1,19,4,1560,2,9,CITROEN C4,4,E01026034,0,2
2024522401624,2024,522401624,2,9,0,18,19,2,6,0,0,0,0,0,0,0,1,1,6,6,3,-1,-1,-1,3,2,CITROEN C4,-1,-1,0,-1
2024221407210,2024,221407210,2,9,0,-1,19,7,3,-1,0,8,0,0,0,0,1,1,-1,6,1,42,7,1560,2,14,CITROEN C4,10,E01014181,0,1
2024010506210,2024,010506210,1,9,0,18,19,7,3,0,0,0,0,0,0,0,1,1,6,6,1,39,7,1587,1,17,CITROEN C4,-1,-1,0,-1
2024201501070,2024,201501070,1,9,0,-1,19,2,6,-1,0,0,0,0,0,0,4,1,-1,6,2,59,9,1560,2,9,CITROEN C4,1,E01009019,0,1
2024421521455,2024,421521455,1,9,0,-1,19,5,1,-1,0,1,0,0,0,0,1,1,-1,6,1,-1,-1,1200,1,3,CITROEN C4,-1,-1,0,-1
202417H101024,2024,17H101024,1,9,0,9,9,2,8,0,0,8,0,0,0,0,1,1,6,6,1,61,9,1560,2,17,CITROEN C4,-1,-1,0,-1
2024302401712,2024,302401712,1,9,0,18,19,1,5,0,0,1,0,0,0,0,4,1,3,7,2,52,8,1560,2,9,CITROEN C4,2,E01013512,0,1
2024440160207,2024,440160207,3,9,0,3,3,2,6,0,0,1,0,0,0,0,2,1,6,6,3,-1,-1,1560,2,15,CITROEN C4,-1,-1,0,-1
2024371431554,2024,371431554,1,9,0,-1,19,0,0,-1,0,0,0,4,0,0,4,1,-1,6,2,39,7,1560,2,7,CITROEN C4,-1,-1,0,-1
2024622400020,2024,622400020,1,9,0,4,4,3,7,0,0,8,0,0,1,7,2,1,6,6,1,87,11,1560,2,15,CITROEN C4,10,W01001134,0,1
2024010533705,2024,010533705,1,9,0,6,6,3,3,0,0,0,0,0,0,0,4,1,1,1,1,55,8,1560,2,9,CITROEN C4,-1,-1,0,-1
2024010521282,2024,010521282,2,9,0,99,99,9,9,99,99,9,9,99,9,99,9,9,6,6,3,-1,-1,1200,1,9,CITROEN C4,2,E01001786,0,1