collision_index,collision_year,collision_ref_no,vehicle_reference,vehicle_type,towing_and_articulation,vehicle_manoeuvre_historic,vehicle_manoeuvre,vehicle_direction_from,vehicle_direction_to,vehicle_location_restricted_lane_historic,vehicle_location_restricted_lane,junction_location,skidding_and_overturning,hit_object_in_carriageway,vehicle_leaving_carriageway,hit_object_off_carriageway,first_point_of_impact,vehicle_left_hand_drive,journey_purpose_of_driver_historic,journey_purpose_of_driver,sex_of_driver,age_of_driver,age_band_of_driver,engine_capacity_cc,propulsion_code,age_of_vehicle,generic_make_model,driver_imd_decile,lsoa_of_driver,escooter_flag,driver_distance_banding
2024010515739,2024,010515739,2,9,0,99,99,9,9,99,99,9,9,99,9,99,2,9,6,6,3,-1,-1,1199,1,2,CITROEN C4,-1,-1,0,-1
2024451450388,2024,451450388,2,9,0,-1,12,1,5,-1,0,0,0,0,0,0,3,1,-1,9,1,60,9,1560,2,8,CITROEN C4,8,E01001119,0,2
2024231524265,2024,231524265,1,9,0,-1,19,4,8,-1,0,0,1,11,1,4,3,1,-1,2,1,68,10,1200,1,7,CITROEN C4,6,E01031061,0,3
2024141423372,2024,141423372,2,9,0,-1,5,7,3,-1,0,0,0,0,0,0,1,1,-1,9,1,23,5,1560,2,10,CITROEN C4,1,E01008097,0,2
2024991542276,2024,991542276,1,9,0,-1,7,8,3,-1,0,1,0,0,0,0,1,1,-1,6,2,36,7,1199,1,2,CITROEN C4,9,-1,0,2
2024461471853,2024,461471853,2,8,0,-1,4,3,7,-1,0,2,0,0,0,0,2,1,-1,1,1,45,7,1560,2,6,CITROEN C4,3,E01024239,0,1
2024061573398,2024,061573398,1,9,0,-1,7,5,7,-1,0,1,0,0,1,0,1,1,-1,9,2,34,6,1200,1,3,CITROEN C4,-1,-1,0,-1
2024061401910,2024,061401910,1,9,-1,-1,-1,-1,-1,-1,-1,-1,-1,-1,-1,0,-1,9,-1,6,1,-1,-1,1200,1,8,CITROEN C4,-1,-1,0,-1
2024522400805,2024,522400805,1,9,0,18,19,5,1,0,0,1,0,0,0,0,1,1,6,6,1,43,7,1560,2,10,CITROEN C4,6,E01029091,0,4
2024311531143,2024,311531143,2,9,0,-1,19,7,3,-1,0,0,0,0,0,0,1,1,-1,6,1,-1,-1,1560,2,11,CITROEN C4,-1,-1,0,-1
2024010501399,2024,010501399,2,8,0,99,99,9,9,99,99,9,9,99,9,99,4,9,6,6,1,57,9,1560,2,9,CITROEN C4,3,E01032584,0,1
2024411462202,2024,411462202,1,9,0,-1,19,2,2,-1,9,0,0,0,0,0,1,9,-1,6,1,34,6,1560,2,12,CITROEN C4,3,E01023650,0,1
2024351509368,2024,351509368,1,9,0,-1,9,5,1,-1,0,1,0,0,0,0,2,1,-1,9,2,43,7,1200,1,7,CITROEN C4,8,E01018050,0,1
2024141494149,2024,141494149,2,9,0,-1,19,2,8,-1,0,0,0,0,0,0,1,1,-1,9,1,29,6,1560,2,9,CITROEN C4,1,E01008085,0,1
2024141471391,2024,141471391,1,9,0,-1,19,7,2,-1,0,0,0,0,0,0,1,1,-1,9,2,36,7,1560,2,12,CITROEN C4,1,E01007532,0,1
2024041535526,2024,041535526,2,9,0,-1,19,2,6,-1,0,0,0,0,2,3,1,1,-1,9,2,62,9,1560,2,10,CITROEN C4,4,E01025001,0,1
2024231417684,2024,231417684,2,9,0,-1,19,8,6,-1,0,8,0,0,0,0,4,9,-1,9,1,35,6,1560,2,10,CITROEN C4,9,E01031331,0,1
2024991430766,2024,991430766,1,9,0,-1,13,2,6,-1,0,0,5,0,7,11,1,1,-1,1,2,51,8,1200,1,3,CITROEN C4,10,-1,0,4
2024552400515,2024,552400515,2,9,0,4,4,5,1,0,0,0,0,0,0,0,2,1,6,6,2,64,9,1587,1,18,CITROEN C4,8,E01020505,0,1
2024201579927,2024,201579927,2,9,0,-1,19,5,1,-1,0,2,0,0,0,0,2,1,-1,9,2,43,7,1560,2,8,CITROEN C4,1,E01009202,0,1
2024320533001,2024,320533001,2,9,0,3,3,4,8,0,0,1,0,0,0,0,2,1,-1,-1,1,72,10,1560,2,13,CITROEN C4,3,E01019552,0,4
2024141526770,2024,141526770,2,9,0,-1,19,5,8,-1,0,2,0,0,0,0,3,9,-1,6,1,30,6,1560,2,8,CITROEN C4,2,E01007914,0,1
2024430604613,2024,430604613,1,9,0,12,12,1,5,0,0,0,0,0,0,0,2,1,6,6,1,33,6,1560,2,9,CITROEN C4,4,E01016518,0,4
2024161507654,2024,161507654,3,9,0,-1,19,2,6,-1,0,0,0,0,0,0,2,1,-1,9,1,45,7,1560,2,13,CITROEN C4,1,E01012787,0,1
2024351495661,2024,351495661,1,9,0,-1,4,5,1,-1,0,0,0,0,0,0,1,1,-1,6,1,89,11,1200,1,8,CITROEN C4,6,E01003206,0,4
2024041446374,2024,041446374,2,9,0,-1,19,5,1,-1,0,8,0,0,1,0,1,1,-1,6,1,21,5,1560,2,15,CITROEN C4,1,E01012657,0,1
2024320495272,2024,320495272,2,8,0,-1,-1,8,4,0,0,1,0,0,0,0,1,1,1,1,2,33,6,1560,2,11,CITROEN C4,1,E01026094,0,1
2024340WN4932,2024,340WN4932,4,9,0,-1,4,1,5,-1,0,0,0,0,0,0,2,1,-1,2,2,49,8,1560,2,8,CITROEN C4,9,E01027284,0,2
2024332401160,2024,332401160,1,9,0,-1,5,9,9,-1,0,6,0,0,0,0,3,1,-1,6,2,-1,-1,1560,2,7,CITROEN C4,-1,-1,0,-1
2024010536140,2024,010536140,1,9,0,18,19,1,5,0,0,1,0,0,0,0,1,1,6,6,2,41,7,1200,1,2,CITROEN C4,3,E01003244,0,1
2024451478528,2024,451478528,2,9,0,-1,19,3,7,-1,0,0,0,0,0,0,2,1,-1,9,2,35,6,1798,1,16,CITROEN C4,10,E01001019,0,4
2024201433826,2024,201433826,1,9,0,-1,19,4,8,-1,0,8,0,0,0,0,1,9,-1,6,2,37,7,1560,2,8,CITROEN C4,4,E01031170,0,3
2024332400971,2024,332400971,1,9,0,-1,9,6,5,-1,0,5,0,0,0,0,4,1,-1,9,1,67,10,1997,2,9,CITROEN C4,8,E01032600,0,1
2024041467334,2024,041467334,3,9,0,-1,2,0,0,-1,0,0,0,0,0,0,2,1,-1,6,-1,-1,-1,1560,2,13,CITROEN C4,-1,-1,0,-1
2024631484201,2024,631484201,2,9,0,-1,3,8,4,-1,0,0,0,0,0,0,4,1,-1,9,1,45,7,1560,2,10,CITROEN C4,4,E01006620,0,4
2024991428565,2024,991428565,1,9,0,-1,19,4,8,-1,0,0,1,0,0,0,1,1,-1,6,1,31,6,1560,2,14,CITROEN C4,6,-1,0,2
2024131404948,2024,131404948,2,9,0,-1,19,1,1,-1,0,8,0,0,0,0,1,1,-1,2,2,48,8,1560,2,6,CITROEN C4,6,E01011068,0,2
2024010525412,2024,010525412,4,9,0,18,19,7,3,0,0,0,0,0,0,0,4,1,6,6,1,30,6,1560,2,8,CITROEN C4,2,E01000051,0,1
2024991442577,2024,991442577,1,9,0,-1,9,5,1,-1,0,2,0,0,0,0,1,1,-1,9,1,43,7,1199,1,1,CITROEN C4,-1,-1,0,-1
2024610048424,2024,610048424,2,9,0,18,19,4,8,0,0,0,1,0,0,0,1,1,6,6,1,30,6,1200,1,8,CITROEN C4,5,W01001430,0,3
2024010537605,2024,010537605,2,9,0,18,19,3,7,0,0,0,0,0,0,0,3,2,6,6,3,-1,-1,1560,2,8,CITROEN C4,-1,-1,0,-1
2024522402663,2024,522402663,2,9,0,4,4,6,2,0,0,0,0,0,0,0,2,1,6,6,1,42,7,1499,2,1,CITROEN C4,5,W01002019,0,4
2024991453434,2024,991453434,2,9,0,-1,9,6,2,-1,9,0,0,0,0,0,1,1,-1,9,1,71,10,1997,1,16,CITROEN C4,-1,-1,0,-1
2024221451456,2024,221451456,3,9,0,-1,19,6,1,-1,0,8,0,0,0,0,1,9,-1,6,1,60,9,1560,2,9,CITROEN C4,5,E01014025,0,1
2024041491201,2024,041491201,1,9,0,-1,11,3,7,-1,0,1,0,0,3,0,1,2,-1,6,1,62,9,1560,2,8,CITROEN C4,4,E01025567,0,1
2024161505520,2024,161505520,1,9,0,-1,5,5,1,-1,0,6,0,0,0,0,3,9,-1,6,1,62,9,1560,2,16,CITROEN C4,4,E01012772,0,1
2024340WN0462,2024,340WN0462,1,9,0,-1,19,5,8,-1,0,5,0,10,7,1,3,1,-1,9,1,70,10,1200,1,4,CITROEN C4,8,E01032985,0,1
2024461492737,2024,461492737,5,9,0,-1,20,0,0,-1,0,2,0,0,0,0,3,1,-1,6,-1,39,7,1560,2,8,CITROEN C4,7,E01035304,0,3
2024531495869,2024,531495869,1,9,0,-1,19,1,5,-1,0,0,0,0,0,0,4,1,-1,7,2,27,6,1200,1,8,CITROEN C4,1,E01034793,0,1
2024010531283,2024,010531283,1,9,0,99,99,9,9,0,0,1,0,4,1,10,1,1,6,6,1,26,6,1199,1,1,CITROEN C4,2,E01002100,0,2
2024461489102,2024,461489102,1,9,0,-1,4,1,5,-1,0,1,0,0,0,0,4,9,-1,6,2,-1,-1,1560,2,7,CITROEN C4,9,E01016086,0,1
2024101445361,2024,101445361,2,9,0,-1,7,3,7,-1,0,1,1,0,7,10,1,1,-1,9,2,38,7,1560,2,8,CITROEN C4,9,E01027509,0,1
2024451471656,2024,451471656,1,9,0,-1,12,3,7,-1,0,0,0,0,0,0,4,1,-1,9,1,70,10,1199,1,0,CITROEN C4,-1,-1,0,-1
202460Q179328,2024,60Q179328,1,9,0,5,5,7,3,0,0,6,0,0,0,0,3,1,2,2,1,40,7,1560,2,9,CITROEN C4,-1,-1,0,-1
2024351516800,2024,351516800,1,9,0,-1,13,5,1,-1,0,0,0,0,0,0,2,1,-1,6,2,41,7,1199,1,0,CITROEN C4,7,E01026240,0,1
2024991441696,2024,991441696,1,9,0,-1,19,5,1,-1,0,0,1,4,0,0,1,1,-1,9,1,35,6,1199,1,1,CITROEN C4,1,-1,0,4
2024101457253,2024,101457253,2,9,0,-1,7,1,4,-1,0,8,0,10,0,0,1,1,-1,6,1,64,9,1560,2,17,CITROEN C4,3,E01008286,0,2
2024010545122,2024,010545122,1,9,9,3,3,1,5,99,99,9,9,99,9,99,2,1,6,6,2,-1,-1,1560,2,6,CITROEN C4,3,E01002408,0,1
2024552400662,2024,552400662,1,9,0,9,9,4,2,0,0,6,0,0,0,0,4,1,2,2,2,34,6,1560,2,12,CITROEN C4,7,E01015454,0,1
2024231531709,2024,231531709,1,9,0,-1,4,1,5,-1,0,0,1,0,0,0,1,1,-1,6,1,36,7,1560,2,8,CITROEN C4,4,E01008891,0,3
2024440154529,2024,440154529,1,9,0,3,3,7,3,0,0,1,0,0,0,0,2,1,6,6,1,62,9,1560,2,13,CITROEN C4,10,E01022624,0,3
2024211530011,2024,211530011,2,9,0,-1,19,5,1,-1,0,0,0,0,5,0,4,1,-1,6,2,65,9,1560,2,9,CITROEN C4,7,E01029683,0,2
2024451426442,2024,451426442,1,9,0,-1,19,4,2,-1,0,0,0,0,0,0,4,1,-1,9,1,41,7,1997,2,9,CITROEN C4,9,E01030821,0,1
2024622400693,2024,622400693,2,8,0,18,19,1,5,0,0,8,0,0,0,0,4,1,6,6,2,65,9,1560,2,17,CITROEN C4,2,W01000976,0,3
2024471397499,2024,471397499,2,9,0,-1,9,8,6,-1,0,6,0,0,0,0,3,1,-1,6,2,34,6,1560,2,6,CITROEN C4,8,E01016929,0,1
2024122400249,2024,122400249,1,9,0,18,19,5,1,0,0,3,0,0,0,0,1,1,6,6,1,76,11,1560,2,8,CITROEN C4,5,E01027916,0,2
2024041478344,2024,041478344,2,9,0,-1,19,1,5,-1,0,8,0,0,0,0,1,1,-1,9,1,32,6,1560,2,16,CITROEN C4,4,E01025030,0,2
2024231415502,2024,231415502,2,9,0,-1,3,1,5,-1,0,0,0,0,0,0,2,9,-1,6,2,38,7,1200,1,7,CITROEN C4,9,E01032243,0,4
2024010539236,2024,010539236,1,9,0,18,19,7,3,9,9,0,0,0,1,0,1,1,6,6,1,34,6,1200,1,3,CITROEN C4,-1,-1,0,-1
2024131428659,2024,131428659,2,9,0,-1,4,3,7,-1,0,8,0,0,0,0,2,1,-1,9,1,37,7,1200,1,5,CITROEN C4,1,E01011130,0,1
2024440222565,2024,440222565,2,9,0,18,19,7,4,0,0,8,0,0,0,0,4,1,6,6,1,59,9,1560,2,16,CITROEN C4,4,E01017339,0,1
2024421402213,2024,421402213,1,5,0,-1,19,1,5,-1,0,8,0,0,0,0,1,1,-1,6,1,44,7,900,1,30,-1,4,E01015819,0,1
2024221491459,2024,221491459,3,21,1,-1,19,4,8,-1,0,8,0,0,0,0,1,1,-1,1,1,66,10,11000,2,22,-1,7,E01032394,0,3
2024421494009,2024,421494009,2,20,0,-1,19,4,8,-1,0,1,0,0,0,0,1,1,-1,2,1,60,9,4580,2,22,-1,5,E01034090,0,2
2024351521819,2024,351521819,2,90,0,-1,3,7,3,-1,0,1,0,0,0,0,2,1,-1,9,2,48,8,1995,2,0,-1,-1,-1,0,-1
2024451504612,2024,451504612,1,5,0,-1,15,-1,-1,-1,0,0,0,0,0,0,3,1,-1,6,1,41,7,1449,1,18,-1,4,E01001165,0,2
2024522403376,2024,522403376,1,9,0,3,3,4,8,0,0,0,0,0,0,0,2,1,6,6,1,38,7,1330,8,13,-1,1,E01032515,0,1
2024201534800,2024,201534800,1,9,0,-1,9,3,8,-1,0,6,0,0,0,0,1,1,-1,6,1,28,6,1330,8,12,-1,1,E01009372,0,1
2024552400751,2024,552400751,1,5,0,18,19,6,2,0,0,0,1,0,0,0,0,1,2,2,1,34,6,625,1,18,-1,4,E01020488,0,2
2024361449867,2024,361449867,1,3,0,-1,4,3,7,-1,0,1,0,0,0,0,3,1,-1,6,1,24,5,125,1,6,-1,7,E01026514,0,3
2024440258634,2024,440258634,1,2,0,18,19,7,3,0,0,1,0,10,0,0,4,1,6,6,2,16,4,49,1,4,-1,4,E01022936,0,1
2024302400997,2024,302400997,2,2,0,18,19,3,7,0,0,8,0,0,0,0,4,1,6,6,1,16,4,49,1,5,-1,6,E01019594,0,1
2024320329208,2024,320329208,1,17,0,-1,-1,3,7,0,0,0,0,0,0,0,1,1,1,1,1,31,6,8419,2,1,MASSEY FERGUSON MODEL MISSING,5,E01018106,0,4
2024461449629,2024,461449629,2,17,5,-1,19,1,5,-1,0,3,0,0,0,0,3,2,-1,1,1,23,5,6600,2,1,MASSEY FERGUSON MODEL MISSING,8,E01024043,0,3
2024302401386,2024,302401386,1,17,0,9,9,3,1,0,0,8,0,0,0,0,3,1,6,6,1,29,6,-1,2,12,MASSEY FERGUSON MODEL MISSING,7,E01019617,0,1
2024991425196,2024,991425196,2,17,0,-1,19,3,7,-1,0,0,0,0,0,0,1,1,-1,1,1,47,8,6600,2,2,MASSEY FERGUSON MODEL MISSING,6,-1,0,2
2024031522860,2024,031522860,2,17,5,-1,19,5,1,-1,0,0,0,0,0,0,1,1,-1,1,1,40,7,-1,2,14,MASSEY FERGUSON MODEL MISSING,8,E01019373,0,1
2024302500183,2024,302500183,2,17,0,18,19,3,7,0,0,0,0,0,0,0,3,1,6,6,1,37,7,-1,2,18,MASSEY FERGUSON MODEL MISSING,9,E01019406,0,3
2024610035624,2024,610035624,1,17,0,5,5,7,3,0,0,0,5,0,1,10,4,1,1,1,1,67,10,-1,2,10,MASSEY FERGUSON MODEL MISSING,7,W01001568,0,1
2024531514350,2024,531514350,2,17,0,-1,9,8,6,-1,0,0,0,0,0,0,2,1,-1,1,1,69,10,-1,2,28,MASSEY FERGUSON MODEL MISSING,6,E01022233,0,1
2024211470205,2024,211470205,2,17,4,-1,9,8,6,-1,0,0,0,0,0,0,3,1,-1,1,1,25,5,-1,2,16,MASSEY FERGUSON MODEL MISSING,-1,-1,0,-1
2024520401758,2024,520401758,3,17,0,18,19,5,1,0,0,0,0,0,0,0,0,1,6,6,1,27,6,4400,2,3,MASSEY FERGUSON MODEL MISSING,8,E01029206,0,3
2024631454983,2024,631454983,2,17,4,-1,1,2,6,-1,0,0,0,0,0,0,0,1,-1,6,1,21,5,6596,2,4,MASSEY FERGUSON MODEL MISSING,5,W01000543,0,4
202460Q007787,2024,60Q007787,2,17,4,18,19,6,2,0,0,0,0,0,0,0,1,1,1,1,1,52,8,-1,2,12,MASSEY FERGUSON MODEL MISSING,-1,-1,0,-1
2024531469934,2024,531469934,2,17,0,-1,9,7,3,-1,0,0,0,0,0,0,1,1,-1,9,1,31,6,-1,2,10,MASSEY FERGUSON MODEL MISSING,6,E01022442,0,1
2024622400578,2024,622400578,2,17,0,18,19,2,6,0,0,0,0,0,0,0,1,1,1,1,1,67,10,-1,2,35,MASSEY FERGUSON MODEL MISSING,9,W01001085,0,1
202460Q084725,2024,60Q084725,1,17,5,1,1,2,6,0,0,0,0,0,0,0,2,1,1,1,1,51,8,4397,2,6,MASSEY FERGUSON MODEL MISSING,-1,-1,0,-1
2024421520271,2024,421520271,2,17,5,-1,19,5,1,-1,0,0,0,0,0,0,1,1,-1,1,1,40,7,-1,2,12,MASSEY FERGUSON MODEL MISSING,5,E01021694,0,1
2024211500363,2024,211500363,1,17,0,-1,9,5,3,-1,0,0,0,0,0,0,0,9,-1,1,1,23,5,8419,2,0,MASSEY FERGUSON MODEL MISSING,6,E01029406,0,3
2024231431375,2024,231431375,1,17,4,-1,19,8,4,-1,0,8,0,0,0,0,1,9,-1,6,1,50,8,-1,2,36,MASSEY FERGUSON MODEL MISSING,-1,-1,0,-1
2024471496941,2024,471496941,2,17,0,-1,9,3,7,-1,0,1,0,0,0,0,3,1,-1,1,1,17,4,-1,2,30,MASSEY FERGUSON MODEL MISSING,4,E01021013,0,1
2024991501256,2024,991501256,1,17,5,-1,19,2,4,-1,0,0,1,0,7,10,1,1,-1,1,1,25,5,-1,2,20,MASSEY FERGUSON MODEL MISSING,6,-1,0,2
2024631441639,2024,631441639,2,17,4,-1,9,8,6,-1,0,6,0,0,0,0,0,1,-1,1,1,30,6,1006,2,25,MASSEY FERGUSON MODEL MISSING,5,W01000650,0,2
2024631495038,2024,631495038,2,17,5,-1,19,1,5,-1,0,0,0,0,0,0,1,1,-1,1,1,21,5,-1,2,12,MASSEY FERGUSON MODEL MISSING,5,W01000461,0,1
2024320505784,2024,320505784,2,17,0,2,2,0,0,0,0,0,0,0,0,0,1,1,6,6,3,-1,-1,-1,2,28,MASSEY FERGUSON MODEL MISSING,-1,-1,0,-1
2024520402719,2024,520402719,2,17,0,18,19,7,3,0,0,0,0,0,0,0,3,1,6,6,1,63,9,6596,2,7,MASSEY FERGUSON MODEL MISSING,4,E01029342,0,1
2024221463403,2024,221463403,1,17,2,-1,9,8,6,-1,0,8,0,0,0,0,1,9,-1,1,1,32,6,4400,2,7,MASSEY FERGUSON MODEL MISSING,-1,-1,0,-1
2024520402408,2024,520402408,2,17,4,18,19,5,1,0,0,8,0,0,0,0,2,1,1,1,1,19,4,-1,2,7,MASSEY FERGUSON MODEL MISSING,8,E01014419,0,2
2024070861923,2024,070861923,2,17,5,-1,5,7,3,-1,0,0,1,0,0,0,1,1,-1,1,1,30,6,-1,2,16,MASSEY FERGUSON MODEL MISSING,4,E01019128,0,5
2024031461034,2024,031461034,1,17,-1,-1,-1,-1,-1,-1,-1,0,-1,-1,-1,0,-1,9,-1,1,3,-1,-1,4910,2,1,MASSEY FERGUSON MODEL MISSING,-1,-1,0,-1
2024461508222,2024,461508222,1,4,0,-1,19,7,3,-1,0,0,0,0,0,0,1,1,-1,9,1,65,9,500,1,63,-1,8,E01024012,0,1
2024141508817,2024,141508817,3,9,0,-1,19,5,1,-1,0,1,0,0,0,0,3,1,-1,6,2,48,8,1598,1,12,MINI FIRST,7,E01008006,0,2
2024361506062,2024,361506062,2,9,-1,-1,3,1,5,-1,0,1,0,0,0,0,2,9,-1,9,2,20,4,1397,1,15,MINI FIRST,4,E01026713,0,3
2024991484740,2024,991484740,1,9,0,-1,9,7,5,-1,0,8,0,0,7,0,1,1,-1,9,1,19,4,1397,1,15,MINI FIRST,-1,-1,0,-1
2024332400240,2024,332400240,2,9,0,-1,3,1,5,-1,0,1,0,0,0,0,3,1,-1,9,1,39,7,1598,1,13,MINI FIRST,9,E01025836,0,1
2024522401510,2024,522401510,5,9,0,2,2,0,0,0,0,0,0,0,0,0,3,1,6,6,3,-1,-1,1598,1,14,MINI FIRST,-1,-1,0,-1
2024201534221,2024,201534221,1,9,0,-1,19,2,6,-1,0,2,0,0,0,0,1,1,-1,9,1,22,5,1397,1,15,MINI FIRST,-1,-1,0,-1
2024122401288,2024,122401288,1,9,0,18,19,7,3,0,0,6,0,0,0,0,1,1,2,2,2,23,5,1598,1,11,MINI FIRST,10,E01027595,0,1
2024320603737,2024,320603737,2,9,0,-1,-1,4,8,0,0,0,0,0,0,0,3,1,-1,-1,2,24,5,1598,1,14,MINI FIRST,9,E01033777,0,2
2024211416872,2024,211416872,1,9,0,-1,9,3,1,-1,0,2,0,0,0,0,3,1,-1,6,2,24,5,1598,1,11,MINI FIRST,-1,-1,0,-1
2024991534464,2024,991534464,2,9,0,-1,19,4,8,-1,0,0,0,0,0,0,1,1,-1,9,2,19,4,1397,1,15,MINI FIRST,10,-1,0,1
2024161492357,2024,161492357,2,9,0,-1,99,1,5,-1,9,1,0,0,0,0,9,9,-1,6,3,-1,-1,1397,1,14,MINI FIRST,-1,-1,0,-1
2024141480414,2024,141480414,2,9,0,-1,1,6,2,-1,0,1,0,0,0,0,2,1,-1,6,1,-1,-1,1397,1,15,MINI FIRST,-1,-1,0,-1
2024501408652,2024,501408652,1,9,0,-1,19,5,1,-1,0,8,0,0,0,0,1,9,-1,6,2,20,4,1397,1,15,MINI FIRST,3,E01018784,0,4
2024122500135,2024,122500135,1,9,0,18,19,4,8,0,0,8,0,0,3,4,1,1,6,6,1,17,4,1598,1,13,MINI FIRST,8,E01027875,0,3
2024131500791,2024,131500791,3,9,0,-1,2,0,0,-1,0,0,0,4,0,0,3,1,-1,6,-1,-1,-1,1598,1,14,MINI FIRST,-1,-1,0,-1
2024471411676,2024,471411676,2,9,0,-1,19,3,7,-1,0,1,0,0,0,0,1,1,-1,1,2,31,6,1397,1,14,MINI FIRST,10,E01030876,0,3
2024010524336,2024,010524336,1,9,0,1,1,7,3,0,0,5,0,0,0,0,2,1,6,6,1,18,4,1598,1,14,MINI FIRST,-1,-1,0,-1
2024010522786,2024,010522786,1,9,0,18,19,1,5,0,0,3,0,0,0,0,1,1,6,6,2,53,8,1397,1,15,MINI FIRST,8,E01030687,0,2
2024440281982,2024,440281982,2,9,0,9,9,7,5,0,0,8,0,0,0,0,4,1,6,6,2,67,10,1598,1,12,MINI FIRST,9,E01023111,0,1
2024332400140,2024,332400140,3,9,0,-1,8,7,1,-1,0,1,0,0,0,0,3,1,-1,6,1,57,9,1397,1,14,MINI FIRST,9,E01013650,0,1
2024141468049,2024,141468049,1,9,0,-1,7,6,1,-1,0,2,0,0,0,0,1,1,-1,6,2,18,4,1397,1,14,MINI FIRST,2,E01007497,0,1
2024010499949,2024,010499949,1,9,0,99,99,9,9,99,99,9,9,99,9,99,9,9,6,6,2,34,6,1990,1,17,-1,3,E01003594,0,1
2024131530990,2024,131530990,1,19,0,-1,9,3,8,-1,0,0,0,0,0,0,1,1,-1,1,1,33,6,1499,2,0,-1,4,E01035502,0,5
2024401429900,2024,401429900,2,2,0,-1,19,5,1,-1,0,8,0,0,0,0,1,1,-1,6,1,21,5,50,1,15,-1,5,E01023386,0,3
2024320497536,2024,320497536,1,3,0,13,13,4,8,0,0,0,2,0,1,0,1,1,6,6,1,17,4,124,1,18,-1,8,E01026212,0,3
2024320449284,2024,320449284,1,3,0,-1,-1,4,8,0,0,8,0,0,0,0,4,1,6,6,1,16,4,124,1,18,-1,8,E01026212,0,1
2024471482445,2024,471482445,2,4,0,-1,19,3,7,-1,1,1,0,0,0,0,1,1,-1,6,1,72,10,278,1,2,-1,6,E01035326,0,1
2024221506642,2024,221506642,1,4,0,-1,19,8,5,-1,0,0,0,0,0,0,4,1,-1,6,1,70,10,278,1,0,-1,8,E01028887,0,2
2024052400902,2024,052400902,1,4,0,18,19,2,6,0,0,0,0,0,0,0,1,1,6,6,1,37,7,125,1,2,SINNIS SHUTTLE,2,E01006966,0,1
2024991493960,2024,991493960,1,3,0,-1,19,2,6,-1,0,8,0,0,0,0,1,1,-1,6,1,27,6,125,1,0,SINNIS SHUTTLE,2,-1,0,2
2024461500676,2024,461500676,2,3,0,-1,19,6,2,-1,0,8,0,0,0,0,1,1,-1,2,1,50,8,125,1,3,SINNIS SHUTTLE,2,E01016140,0,1
2024351419345,2024,351419345,2,3,0,-1,3,-1,-1,-1,-1,0,0,0,0,0,-1,1,-1,2,1,55,8,125,1,1,SINNIS SHUTTLE,9,E01018299,0,2
2024311399846,2024,311399846,1,3,0,-1,7,4,1,-1,0,1,1,0,0,0,0,1,-1,9,1,63,9,125,1,2,SINNIS SHUTTLE,3,E01028147,0,1
2024471449159,2024,471449159,2,3,0,-1,19,1,5,-1,0,1,0,0,0,0,1,1,-1,2,1,56,9,125,1,1,SINNIS SHUTTLE,9,E01021124,0,1
2024211441428,2024,211441428,1,3,0,-1,19,5,1,-1,0,0,0,0,0,0,1,1,-1,6,1,24,5,125,1,1,SINNIS SHUTTLE,8,E01029519,0,3
2024546927224,2024,546927224,3,3,0,18,19,8,4,0,0,0,0,0,0,0,1,1,1,1,1,45,7,125,1,1,SINNIS SHUTTLE,10,E01023187,0,3
2024461454911,2024,461454911,2,2,0,-1,9,3,7,-1,0,4,2,0,0,0,1,1,-1,6,1,49,8,125,1,3,SINNIS SHUTTLE,2,E01016140,0,1
2024211400898,2024,211400898,1,3,0,-1,19,4,8,-1,0,1,1,0,0,0,0,1,-1,6,2,38,7,125,1,3,SINNIS SHUTTLE,-1,-1,0,-1
2024421532721,2024,421532721,1,90,0,-1,5,1,5,-1,0,0,0,0,0,0,1,1,-1,1,1,58,9,-1,-1,-1,-1,7,E01021608,0,4
2024010534030,2024,010534030,2,9,0,99,99,9,9,99,99,9,9,99,9,99,1,9,6,6,3,34,6,1798,1,15,TOYOTA VERSO,-1,-1,0,-1
2024351482924,2024,351482924,1,9,0,-1,19,-1,-1,-1,0,0,0,0,0,0,1,9,-1,6,1,32,6,1598,2,10,TOYOTA VERSO,10,E01018263,0,2
2024991451206,2024,991451206,2,9,0,-1,19,3,7,-1,0,0,1,0,7,11,3,1,-1,6,2,47,8,1596,1,13,TOYOTA VERSO,7,-1,0,1
2024101515037,2024,101515037,1,9,0,-1,1,1,5,-1,0,0,0,0,0,0,1,1,-1,1,1,49,8,1598,2,9,TOYOTA VERSO,-1,-1,0,-1
2024461520673,2024,461520673,1,9,0,-1,19,8,4,-1,0,0,0,0,0,0,3,1,-1,6,1,36,7,1998,2,13,TOYOTA VERSO,7,E01024691,0,1
2024991439608,2024,991439608,2,8,0,-1,19,3,1,-1,0,1,0,0,0,0,2,1,-1,1,1,42,7,1598,2,8,TOYOTA VERSO,3,-1,0,2
2024010517175,2024,010517175,2,9,0,99,99,9,9,99,99,9,9,99,9,99,1,9,6,6,3,50,8,1329,1,13,TOYOTA VERSO,6,E01002556,0,1
2024332400724,2024,332400724,1,9,0,-1,9,5,3,-1,0,5,0,0,0,0,1,1,-1,9,1,47,8,1598,2,8,TOYOTA VERSO,1,E01013600,0,1