collision_index,collision_year,collision_ref_no,vehicle_reference,vehicle_type,towing_and_articulation,vehicle_manoeuvre_historic,vehicle_manoeuvre,vehicle_direction_from,vehicle_direction_to,vehicle_location_restricted_lane_historic,vehicle_location_restricted_lane,junction_location,skidding_and_overturning,hit_object_in_carriageway,vehicle_leaving_carriageway,hit_object_off_carriageway,first_point_of_impact,vehicle_left_hand_drive,journey_purpose_of_driver_historic,journey_purpose_of_driver,sex_of_driver,age_of_driver,age_band_of_driver,engine_capacity_cc,propulsion_code,age_of_vehicle,generic_make_model,driver_imd_decile,lsoa_of_driver,escooter_flag,driver_distance_banding
2024061494672,2024,061494672,1,9,0,-1,7,5,7,-1,0,1,0,0,0,0,1,1,-1,9,2,29,6,1598,2,9,TOYOTA VERSO,1,E01005243,0,1
2024201525395,2024,201525395,1,9,0,-1,19,5,2,-1,0,0,0,0,0,0,1,1,-1,7,2,37,7,1998,2,11,TOYOTA VERSO,2,E01010104,0,1
2024101481919,2024,101481919,1,9,0,-1,9,1,7,-1,0,3,0,0,0,0,1,1,-1,9,1,75,10,1598,2,10,TOYOTA VERSO,8,E01008783,0,1
2024430124197,2024,430124197,1,9,0,7,7,4,8,0,0,3,1,0,0,0,1,1,6,6,1,36,7,1598,2,10,TOYOTA VERSO,4,E01017521,0,4
2024201525388,2024,201525388,1,9,0,-1,5,1,4,-1,0,0,0,0,0,0,1,9,-1,6,1,59,9,1998,2,11,TOYOTA VERSO,1,E01009502,0,1
2024122400508,2024,122400508,2,9,0,7,7,1,3,0,0,5,0,0,0,0,2,1,3,7,1,39,7,1998,2,11,TOYOTA VERSO,7,E01027667,0,1
2024201531946,2024,201531946,2,8,0,-1,10,3,1,-1,0,8,0,0,0,0,4,1,-1,1,1,-1,-1,1798,7,10,TOYOTA VERSO,1,E01009341,0,2
2024471528984,2024,471528984,2,9,0,-1,2,0,0,-1,0,0,0,0,0,0,2,1,-1,6,-1,-1,-1,1598,2,10,TOYOTA VERSO,-1,-1,0,-1
2024991422098,2024,991422098,2,9,0,-1,19,1,6,-1,0,4,0,0,0,0,4,1,-1,2,2,32,6,1598,1,8,TOYOTA VERSO,9,-1,0,3
2024520401960,2024,520401960,2,9,0,18,19,3,7,0,0,0,0,0,0,0,1,1,6,6,2,50,8,1598,1,7,TOYOTA VERSO,7,E01029262,0,1
2024451448138,2024,451448138,1,9,0,-1,19,3,7,-1,0,0,1,4,1,0,1,1,-1,9,1,45,7,1798,1,11,TOYOTA VERSO,7,E01030648,0,1
2024010510767,2024,010510767,2,9,9,99,99,9,9,99,99,9,9,99,9,99,9,9,6,6,3,-1,-1,1797,1,9,TOYOTA VERSO,-1,-1,0,-1
2024041515022,2024,041515022,2,9,0,-1,2,0,0,-1,0,0,0,4,0,0,2,1,-1,6,-1,-1,-1,1596,1,11,TOYOTA VERSO,-1,-1,0,-1
2024010506264,2024,010506264,2,9,9,99,99,9,9,99,99,9,9,99,9,99,9,9,6,6,3,-1,-1,1798,1,13,TOYOTA VERSO,-1,-1,0,-1
2024531521856,2024,531521856,2,9,0,-1,4,1,5,-1,0,1,0,0,0,0,2,1,-1,9,2,43,7,1998,2,14,TOYOTA VERSO,10,E01022113,0,1
2024101486007,2024,101486007,2,9,0,-1,2,2,6,-1,0,0,0,8,0,0,4,1,-1,9,1,49,8,1598,2,8,TOYOTA VERSO,7,E01007282,0,5
2024131400253,2024,131400253,2,9,0,-1,19,1,2,-1,0,1,0,0,0,0,4,1,-1,7,2,49,8,1998,2,13,TOYOTA VERSO,6,E01010636,0,1
2024311547490,2024,311547490,1,9,0,-1,19,5,1,-1,0,0,0,0,0,0,2,1,-1,6,1,35,6,1998,2,14,TOYOTA VERSO,-1,-1,0,-1
2024201508836,2024,201508836,1,9,0,-1,19,6,2,-1,0,1,0,0,0,0,1,1,-1,6,1,66,10,1596,1,13,TOYOTA VERSO,1,E01010342,0,1
2024201505981,2024,201505981,2,9,0,-1,19,5,1,-1,0,8,0,0,0,0,3,1,-1,6,1,51,8,1798,7,13,TOYOTA VERSO,1,E01010269,0,1
2024201425858,2024,201425858,2,9,0,-1,19,8,4,-1,0,2,0,10,7,11,2,9,-1,1,1,43,7,1798,1,12,TOYOTA VERSO,2,E01010362,0,2
2024231505301,2024,231505301,1,8,0,-1,19,1,4,-1,0,8,0,0,0,0,1,9,-1,1,1,36,7,1797,1,8,TOYOTA VERSO,7,E01035029,0,1
2024471517963,2024,471517963,1,9,0,-1,19,5,1,-1,0,0,0,0,0,0,1,1,-1,6,2,39,7,1998,2,11,TOYOTA VERSO,9,E01031384,0,2
2024332400785,2024,332400785,1,8,0,-1,19,8,3,-1,0,2,0,0,0,0,3,1,-1,1,1,47,8,1998,2,12,TOYOTA VERSO,3,E01025705,0,1
2024010520871,2024,010520871,1,9,0,18,19,3,7,0,0,1,0,0,0,0,1,2,2,2,1,74,10,1329,1,13,TOYOTA VERSO,4,E01001723,0,1
2024010511779,2024,010511779,2,9,0,99,99,9,9,99,99,1,9,99,9,99,1,9,6,6,3,-1,-1,1798,1,7,TOYOTA VERSO,10,E01016386,0,4
2024131520992,2024,131520992,1,9,0,-1,19,5,1,-1,0,1,0,0,0,0,1,1,-1,9,2,28,6,1598,2,8,TOYOTA VERSO,1,E01010838,0,1
2024131402686,2024,131402686,1,9,0,-1,14,7,3,-1,0,0,0,0,0,0,1,1,-1,9,1,40,7,1998,2,13,TOYOTA VERSO,3,E01010597,0,1
2024440343716,2024,440343716,2,9,0,18,19,6,2,0,0,0,0,0,0,0,1,1,6,6,1,54,8,1598,2,9,TOYOTA VERSO,4,E01017110,0,4
2024010538783,2024,010538783,1,9,0,5,5,3,7,0,0,2,0,0,0,0,1,1,1,1,1,48,8,1598,2,9,TOYOTA VERSO,2,E01003591,0,1
2024221475070,2024,221475070,3,9,0,-1,8,6,8,-1,0,1,0,0,0,0,3,1,-1,6,1,49,8,1598,2,8,TOYOTA VERSO,2,E01009017,0,3
2024340WN6972,2024,340WN6972,2,9,0,-1,19,1,5,-1,0,8,0,0,0,0,1,1,-1,1,1,48,8,1598,2,7,TOYOTA VERSO,1,E01027244,0,1
2024421510636,2024,421510636,2,9,0,-1,19,6,1,-1,0,0,0,0,0,0,2,1,-1,9,1,50,8,1798,1,12,TOYOTA VERSO,9,E01021349,0,1
2024552400588,2024,552400588,1,9,0,18,19,4,8,0,0,0,0,0,0,0,4,1,6,6,3,-1,-1,1598,2,9,TOYOTA VERSO,-1,-1,0,-1
2024010513931,2024,010513931,2,9,0,18,19,7,3,0,0,0,1,4,0,0,1,1,6,6,1,49,8,1998,2,12,TOYOTA VERSO,5,E01000036,0,1
2024131507515,2024,131507515,1,9,0,-1,2,0,0,-1,9,0,0,0,0,0,0,1,-1,7,1,47,8,1329,1,13,TOYOTA VERSO,2,E01011913,0,1
2024221453900,2024,221453900,1,9,0,-1,19,6,2,-1,0,0,0,0,0,0,1,9,-1,6,2,-1,-1,1596,1,13,TOYOTA VERSO,7,E01028950,0,2
2024201462209,2024,201462209,2,9,0,-1,4,5,1,-1,0,1,0,0,0,0,3,1,-1,9,1,44,7,1998,2,12,TOYOTA VERSO,4,E01009030,0,1
2024351411473,2024,351411473,2,9,0,-1,3,-1,-1,-1,0,3,0,0,0,0,4,9,-1,9,2,49,8,1998,2,15,TOYOTA VERSO,2,E01015656,0,1
2024010521031,2024,010521031,1,9,0,99,99,9,9,99,99,9,9,99,9,99,2,9,6,6,2,72,10,1798,1,14,TOYOTA VERSO,4,E01001321,0,1
2024010541345,2024,010541345,2,9,0,2,2,0,0,0,0,0,0,0,0,0,2,1,6,6,3,-1,-1,1798,1,15,TOYOTA VERSO,-1,-1,0,-1
2024201535333,2024,201535333,2,9,0,-1,19,6,2,-1,0,1,0,0,0,0,1,9,-1,6,2,50,8,1596,1,10,TOYOTA VERSO,1,E01009985,0,1
2024461431369,2024,461431369,3,9,0,-1,2,0,0,-1,9,8,0,0,0,0,2,1,-1,6,1,60,9,1598,2,10,TOYOTA VERSO,8,E01016122,0,1
2024471522446,2024,471522446,3,9,0,-1,19,7,3,-1,0,0,0,0,0,0,2,1,-1,9,2,62,9,1798,1,12,TOYOTA VERSO,3,E01021062,0,2
2024411521949,2024,411521949,1,9,0,-1,19,8,2,-1,0,0,1,0,1,4,1,1,-1,6,1,20,4,1998,2,11,TOYOTA VERSO,6,E01023863,0,1
2024531483130,2024,531483130,3,9,0,-1,4,4,8,-1,0,0,0,0,0,0,2,1,-1,9,1,34,6,1596,1,13,TOYOTA VERSO,5,E01032844,0,4
2024332401241,2024,332401241,2,8,0,-1,19,5,1,-1,0,0,0,0,0,0,1,1,-1,1,1,46,8,1598,2,6,TOYOTA VERSO,6,E01013606,0,1
2024131481575,2024,131481575,2,9,0,-1,9,5,1,-1,0,3,0,0,0,0,1,1,-1,9,2,40,7,1998,2,12,TOYOTA VERSO,1,E01011663,0,1
2024131528841,2024,131528841,1,9,0,-1,19,7,3,-1,0,1,0,0,0,0,1,1,-1,1,1,63,9,1998,2,12,TOYOTA VERSO,2,E01011002,0,1
2024131417490,2024,131417490,1,9,0,-1,19,1,5,-1,0,0,0,0,0,0,1,1,-1,9,1,67,10,1598,2,7,TOYOTA VERSO,1,E01011163,0,1
2024010542554,2024,010542554,2,9,0,9,9,5,3,0,0,1,0,0,0,0,1,1,6,6,2,50,8,1596,1,10,TOYOTA VERSO,2,E01001042,0,1
2024131426026,2024,131426026,2,8,0,-1,19,1,5,-1,0,1,0,0,0,0,3,1,-1,1,1,40,7,1598,2,7,TOYOTA VERSO,1,E01010996,0,3
2024131525538,2024,131525538,1,9,0,-1,-1,-1,-1,-1,-1,-1,-1,-1,-1,-1,-1,1,-1,6,3,-1,-1,1598,2,8,TOYOTA VERSO,-1,-1,0,-1
2024010502365,2024,010502365,1,9,0,3,3,7,3,0,0,1,0,0,0,0,0,1,6,6,1,57,9,1798,1,12,TOYOTA VERSO,-1,-1,0,-1
2024061510516,2024,061510516,2,9,0,-1,19,1,1,-1,0,1,0,0,0,0,2,1,-1,6,1,47,8,1598,1,6,TOYOTA VERSO,2,E01005650,0,1
2024471458028,2024,471458028,2,9,0,-1,2,0,0,-1,0,0,0,0,0,0,2,1,-1,9,2,43,7,1798,1,6,TOYOTA VERSO,1,E01020992,0,1
2024451455329,2024,451455329,1,9,0,-1,10,1,6,-1,0,5,0,0,0,0,3,1,-1,9,1,48,8,1598,2,9,TOYOTA VERSO,10,E01030454,0,1
2024302401597,2024,302401597,3,9,0,11,11,4,8,0,0,0,0,0,0,0,1,1,6,6,1,45,7,1598,2,8,TOYOTA VERSO,6,E01006591,0,4
2024201450652,2024,201450652,2,8,0,-1,19,7,3,-1,0,6,0,0,0,0,2,1,-1,2,1,67,10,1598,2,6,TOYOTA VERSO,3,E01009238,0,2
2024311416014,2024,311416014,2,8,0,-1,2,0,0,-1,0,0,0,0,0,0,2,1,-1,6,1,52,8,1598,2,8,TOYOTA VERSO,1,E01013959,0,1
2024201445120,2024,201445120,2,9,0,-1,7,6,8,-1,0,5,0,0,0,0,2,1,-1,9,1,42,7,1998,2,12,TOYOTA VERSO,1,E01009172,0,1
2024461425960,2024,461425960,2,9,0,-1,5,1,5,-1,0,1,0,0,0,0,3,1,-1,9,1,21,5,1329,1,12,TOYOTA VERSO,5,E01024595,0,1
2024320471176,2024,320471176,2,9,0,-1,-1,2,6,0,0,8,0,0,1,0,4,1,-1,-1,1,61,9,1798,1,11,TOYOTA VERSO,9,E01026164,0,4
2024201515101,2024,201515101,2,9,0,-1,19,8,4,-1,0,8,0,0,0,0,1,1,-1,9,1,55,8,1798,1,8,TOYOTA VERSO,-1,-1,0,-1
2024430136330,2024,430136330,2,9,0,18,19,4,8,0,0,8,0,0,0,0,4,1,6,6,1,36,7,2231,2,13,TOYOTA VERSO,9,E01035268,0,1
2024131485701,2024,131485701,2,9,0,-1,2,0,0,-1,0,0,0,0,0,0,2,1,-1,6,-1,-1,-1,1596,1,12,TOYOTA VERSO,-1,-1,0,-1
2024010534129,2024,010534129,3,9,0,18,19,3,7,0,0,0,0,4,0,0,1,1,3,7,2,40,7,2231,2,12,TOYOTA VERSO,5,E01000170,0,3
2024010528578,2024,010528578,1,9,0,18,19,3,7,0,0,6,0,0,0,0,1,1,2,2,1,55,8,1798,1,11,TOYOTA VERSO,2,E01003553,0,1
2024440174387,2024,440174387,1,9,0,18,19,1,5,0,0,1,0,0,0,0,1,1,6,6,2,45,7,1998,2,13,TOYOTA VERSO,10,E01023230,0,1
2024010498200,2024,010498200,2,9,0,99,99,9,9,99,99,9,9,99,9,99,9,9,6,6,3,-1,-1,1598,1,7,TOYOTA VERSO,-1,-1,0,-1
2024010535579,2024,010535579,1,9,9,99,99,9,9,0,0,0,9,99,9,99,9,9,6,6,1,38,7,1798,1,12,TOYOTA VERSO,7,E01000324,0,4
2024201455270,2024,201455270,1,9,0,-1,19,6,2,-1,0,2,0,0,0,0,3,9,-1,1,1,54,8,1598,2,8,TOYOTA VERSO,7,E01010209,0,3
2024332400134,2024,332400134,1,9,0,-1,7,1,3,-1,0,5,0,0,1,0,1,1,-1,6,1,44,7,1998,2,12,TOYOTA VERSO,4,E01013749,0,1
2024471486035,2024,471486035,3,9,0,-1,19,8,4,-1,0,0,0,0,0,0,1,1,-1,9,1,42,7,1798,1,7,TOYOTA VERSO,7,E01004134,0,4
2024201471330,2024,201471330,2,9,0,-1,19,4,7,-1,0,8,0,0,0,0,1,1,-1,9,2,50,8,1598,2,9,TOYOTA VERSO,10,E01009859,0,1
2024131417956,2024,131417956,1,9,0,-1,19,8,4,-1,0,0,5,0,1,11,1,1,-1,1,1,43,7,1598,7,7,TOYOTA VERSO,1,E01010966,0,1
2024041405197,2024,041405197,1,9,0,-1,9,2,6,-1,0,3,0,0,0,0,1,1,-1,2,1,37,7,1998,2,13,TOYOTA VERSO,1,E01004811,0,3
2024131502587,2024,131502587,1,9,0,-1,19,2,6,-1,0,8,0,0,0,0,1,1,-1,1,1,46,8,1598,2,7,TOYOTA VERSO,1,E01010723,0,1
2024010526928,2024,010526928,2,9,0,11,11,7,3,0,0,0,0,0,0,0,4,1,6,6,1,48,8,1798,1,6,TOYOTA VERSO,4,E01002491,0,2
2024211433911,2024,211433911,1,8,0,-1,12,8,4,-1,0,8,0,0,0,0,2,1,-1,9,1,56,9,1998,2,14,TOYOTA VERSO,3,E01014285,0,1
2024211448715,2024,211448715,2,8,0,-1,19,1,5,-1,0,1,0,0,0,0,1,1,-1,6,1,49,8,1598,1,6,TOYOTA VERSO,4,E01014312,0,1
2024401415076,2024,401415076,2,9,0,-1,5,3,7,-1,0,6,0,0,0,0,1,1,-1,9,1,17,4,1329,1,13,TOYOTA VERSO,2,E01015749,0,1
2024010510264,2024,010510264,1,9,0,-1,-1,8,4,0,0,0,0,0,0,0,2,1,1,1,1,53,8,1598,1,8,TOYOTA VERSO,2,E01001250,0,1
2024522500064,2024,522500064,1,9,0,9,9,5,3,0,0,4,0,0,0,0,1,1,6,6,1,42,7,1596,1,14,TOYOTA VERSO,3,E01014948,0,2
2024501491749,2024,501491749,3,9,0,-1,19,7,3,-1,0,0,1,0,0,0,1,1,-1,6,1,20,4,1598,2,10,TOYOTA VERSO,7,E01020063,0,3
2024440057982,2024,440057982,2,9,0,18,19,8,4,0,0,0,0,0,0,0,1,1,6,6,2,43,7,1798,1,11,TOYOTA VERSO,8,E01030916,0,4
2024631447236,2024,631447236,1,9,0,-1,12,8,4,-1,0,0,1,0,7,10,1,1,-1,6,1,63,9,1596,1,14,TOYOTA VERSO,8,W01000610,0,1
2024141406999,2024,141406999,2,9,0,-1,19,1,5,-1,0,0,0,0,0,0,3,1,-1,9,1,45,7,1598,2,6,TOYOTA VERSO,7,E01007754,0,2
2024101516743,2024,101516743,1,9,-1,-1,9,2,6,-1,0,0,0,0,0,0,3,9,-1,6,1,41,7,1798,1,9,TOYOTA VERSO,1,E01008666,0,1
2024131472188,2024,131472188,1,9,0,-1,5,1,5,-1,0,1,0,0,7,0,1,1,-1,1,2,47,8,1798,1,11,TOYOTA VERSO,1,E01011671,0,1
2024451458161,2024,451458161,2,9,0,-1,19,1,5,-1,0,0,0,0,0,0,3,1,-1,9,2,34,6,1998,2,12,TOYOTA VERSO,5,E01030569,0,1
2024311512026,2024,311512026,2,9,0,-1,19,3,7,-1,0,0,0,0,0,0,2,1,-1,6,1,55,8,1598,1,8,TOYOTA VERSO,6,E01013970,0,1
2024231527358,2024,231527358,2,9,0,-1,3,8,4,-1,0,1,0,0,0,0,2,9,-1,6,2,31,6,1596,1,13,TOYOTA VERSO,10,E01031110,0,1
2024201468440,2024,201468440,2,9,0,-1,19,8,4,-1,0,0,0,0,0,0,3,1,-1,6,2,34,6,1998,2,12,TOYOTA VERSO,1,E01009222,0,1
2024010506007,2024,010506007,2,9,0,99,99,9,9,99,99,5,9,99,9,99,0,9,6,6,2,49,8,1798,1,13,TOYOTA VERSO,4,E01004495,0,1
2024010535595,2024,010535595,2,9,0,99,99,9,9,99,99,9,9,99,9,99,9,9,6,6,3,-1,-1,1798,1,10,TOYOTA VERSO,-1,-1,0,-1
2024010498234,2024,010498234,2,9,0,99,99,9,9,99,99,9,9,99,9,99,9,9,6,6,3,-1,-1,1596,1,10,TOYOTA VERSO,-1,-1,0,-1
2024522401672,2024,522401672,1,9,0,7,7,6,8,0,0,5,0,0,0,0,2,1,6,6,1,53,8,1598,1,7,TOYOTA VERSO,3,E01014976,0,2
2024201527239,2024,201527239,2,9,0,-1,3,8,4,-1,0,0,0,0,0,0,2,1,-1,6,1,45,7,1596,1,13,TOYOTA VERSO,1,E01009353,0,1
2024010530937,2024,010530937,1,9,0,99,99,9,9,99,99,9,9,99,9,99,1,9,6,6,3,53,8,1596,1,14,TOYOTA VERSO,5,E01004076,0,1
2024010533297,2024,010533297,2,9,0,99,99,9,9,99,99,0,9,99,9,99,9,9,6,6,3,63,9,1596,1,11,TOYOTA VERSO,6,E01003311,0,1
2024111487898,2024,111487898,2,9,0,-1,-1,8,4,-1,-1,0,0,0,0,0,2,1,-1,-1,1,54,8,1596,1,13,TOYOTA VERSO,3,E01035610,0,4
2024041445296,2024,041445296,2,9,0,-1,3,7,3,-1,0,4,0,0,0,0,2,1,-1,7,1,43,7,1598,2,9,TOYOTA VERSO,3,E01024926,0,1
2024010518115,2024,010518115,1,9,0,99,99,9,9,99,99,9,9,99,9,99,1,9,6,6,3,-1,-1,1596,1,14,TOYOTA VERSO,3,E01004460,0,1
2024371514133,2024,371514133,2,9,0,-1,19,2,7,-1,0,0,0,0,0,0,3,1,-1,9,1,42,7,1998,2,14,TOYOTA VERSO,1,E01029980,0,1
2024549715324,2024,549715324,2,3,0,18,19,4,8,0,0,4,2,0,0,0,1,1,2,2,1,18,4,124,1,3,-1,4,E01015502,0,1
2024361519173,2024,361519173,1,3,0,-1,19,3,7,-1,0,1,1,0,0,0,3,1,-1,2,1,32,6,124,1,0,-1,4,E01029927,0,2
2024991498834,2024,991498834,2,4,0,-1,19,3,7,-1,0,1,0,0,0,0,1,1,-1,6,1,25,5,124,1,2,-1,9,-1,0,1
2024010514279,2024,010514279,1,9,0,5,5,9,9,99,99,9,9,99,9,99,9,9,6,6,3,-1,-1,1598,1,15,-1,-1,-1,0,-1
2024547762824,2024,547762824,2,9,0,18,19,1,5,0,0,0,5,0,0,0,1,1,6,6,1,60,9,1598,1,23,-1,9,E01031858,0,1
2024361437632,2024,361437632,1,9,0,-1,19,3,7,-1,0,0,1,10,2,0,1,1,-1,9,1,17,4,1598,1,17,-1,2,E01035134,0,4
2024501414740,2024,501414740,2,3,0,-1,19,8,4,-1,0,0,2,0,0,0,1,1,-1,2,2,22,5,49,1,18,-1,5,E01020342,0,1
2024010540903,2024,010540903,2,9,0,18,19,9,9,99,99,0,9,99,9,99,9,9,6,6,3,-1,-1,2967,2,11,AUDI Q7,-1,-1,0,-1
2024411463014,2024,411463014,1,9,-1,-1,-1,3,1,-1,0,0,0,0,0,0,1,9,-1,6,2,33,6,2967,2,5,AUDI Q7,7,E01017376,0,1
2024401526608,2024,401526608,1,9,0,-1,7,1,4,-1,0,8,0,0,0,0,1,1,-1,6,1,39,7,2967,2,14,AUDI Q7,9,E01015811,0,2
202417H100324,2024,17H100324,1,9,0,18,19,6,2,0,0,0,0,0,1,4,1,1,6,6,1,26,6,2967,2,17,AUDI Q7,1,E01011981,0,1
2024471475184,2024,471475184,2,9,0,-1,5,1,5,-1,0,8,0,0,0,0,1,1,-1,1,2,55,8,4163,1,18,AUDI Q7,4,E01020965,0,2
2024211497840,2024,211497840,2,9,0,-1,19,7,3,-1,0,1,0,0,0,0,1,1,-1,9,1,72,10,2967,2,17,AUDI Q7,-1,-1,0,-1
2024471499136,2024,471499136,3,9,0,-1,2,0,0,-1,0,2,0,0,0,0,2,1,-1,6,-1,-1,-1,2967,2,11,AUDI Q7,-1,-1,0,-1
2024501534627,2024,501534627,2,9,0,-1,19,3,7,-1,0,0,0,0,0,0,1,1,-1,6,2,37,7,2967,2,12,AUDI Q7,1,E01015026,0,1
2024131484703,2024,131484703,2,9,0,-1,4,3,7,-1,0,8,0,0,0,0,2,1,-1,6,1,40,7,2967,2,4,AUDI Q7,1,E01011338,0,3
2024231501392,2024,231501392,2,9,0,-1,4,2,6,-1,0,0,1,0,1,0,2,1,-1,9,1,36,7,2967,2,6,AUDI Q7,8,E01031196,0,1
2024461486245,2024,461486245,3,9,-1,-1,-1,-1,-1,-1,-1,0,-1,-1,-1,0,-1,9,-1,6,3,-1,-1,2967,2,12,AUDI Q7,-1,-1,0,-1
2024010521503,2024,010521503,2,9,0,99,99,9,9,99,99,4,9,99,9,99,9,9,6,6,3,44,7,2967,2,5,AUDI Q7,5,E01001301,0,1
2024201440404,2024,201440404,1,9,0,-1,13,1,4,-1,0,3,0,0,0,0,4,1,-1,6,2,56,9,2967,2,5,AUDI Q7,8,E01009668,0,1
2024010536116,2024,010536116,1,9,0,-1,-1,3,7,0,0,8,0,0,0,0,1,1,6,6,1,24,5,2967,2,1,AUDI Q7,3,E01034045,0,1
2024430593761,2024,430593761,2,9,0,18,19,5,1,0,0,1,0,0,0,0,1,1,6,6,1,52,8,2967,2,12,AUDI Q7,5,E01016554,0,1
2024451454518,2024,451454518,2,9,0,-1,19,5,1,-1,0,0,0,0,0,0,0,9,-1,2,2,30,6,2995,1,2,AUDI Q7,-1,-1,0,-1
2024010530894,2024,010530894,2,9,0,18,19,3,7,0,0,4,0,0,0,0,1,1,6,6,1,62,9,2995,1,2,AUDI Q7,8,E01004147,0,1
2024201492474,2024,201492474,2,9,0,-1,19,2,6,-1,0,8,0,0,0,0,4,1,-1,6,1,50,8,2967,2,18,AUDI Q7,2,E01009018,0,1
2024430583909,2024,430583909,1,9,0,16,19,6,2,0,0,4,1,9,3,1,1,1,6,6,1,58,9,2967,2,12,AUDI Q7,7,E01016728,0,1
2024430418849,2024,430418849,2,9,0,18,19,2,6,0,0,0,0,0,0,0,2,1,6,6,2,35,6,2967,2,16,AUDI Q7,9,E01016794,0,3
2024311417880,2024,311417880,1,9,0,-1,19,1,5,-1,0,0,1,0,1,0,1,1,-1,9,1,38,7,2967,2,17,AUDI Q7,-1,-1,0,-1
2024010541607,2024,010541607,1,9,0,9,9,3,8,0,0,1,0,0,0,0,1,1,6,6,1,39,7,2967,2,8,AUDI Q7,6,E01001572,0,1
2024070367497,2024,070367497,2,9,0,18,19,7,5,0,0,1,0,0,0,0,1,1,6,6,1,41,7,2967,2,1,AUDI Q7,6,E01018651,0,2
2024421492420,2024,421492420,1,9,0,-1,9,1,3,-1,0,0,0,0,0,0,1,1,-1,1,2,42,7,2967,2,8,AUDI Q7,10,E01033055,0,4
2024471515366,2024,471515366,2,9,0,-1,19,7,3,-1,0,8,1,0,0,0,3,1,-1,7,2,38,7,2967,2,13,AUDI Q7,10,E01031824,0,1
2024361512647,2024,361512647,2,9,0,-1,2,0,0,-1,0,1,0,0,0,0,3,1,-1,6,3,-1,-1,2967,2,2,AUDI Q7,-1,-1,0,-1
2024440296813,2024,440296813,1,9,0,16,19,1,5,0,0,0,0,0,0,0,1,1,6,6,2,34,6,2967,2,10,AUDI Q7,8,-1,0,5
2024101443613,2024,101443613,2,9,0,-1,4,2,6,-1,0,0,0,0,0,0,2,1,-1,6,2,29,6,2967,2,8,AUDI Q7,5,E01035625,0,1
2024411537271,2024,411537271,1,9,0,-1,4,3,7,-1,0,8,0,0,0,0,2,1,-1,6,1,37,7,2995,8,3,AUDI Q7,6,E01023472,0,1
2024201421382,2024,201421382,1,9,0,-1,14,8,4,-1,0,0,1,4,1,0,1,1,-1,6,1,56,9,2967,2,3,AUDI Q7,7,E01009427,0,1
2024332400167,2024,332400167,1,9,0,-1,3,3,7,-1,0,8,0,0,0,0,4,1,-1,6,1,36,7,2967,2,12,AUDI Q7,3,E01013682,0,1
2024440143496,2024,440143496,2,9,0,13,13,6,2,0,0,1,0,0,0,0,4,1,6,6,1,37,7,2967,2,16,AUDI Q7,6,E01017224,0,1
2024010490728,2024,010490728,1,9,0,99,99,9,9,99,99,9,9,99,9,99,2,9,6,6,2,43,7,2967,2,7,AUDI Q7,9,E01000343,0,1
2024061463684,2024,061463684,2,9,0,-1,4,5,5,-1,0,6,0,0,0,0,2,1,-1,1,2,32,6,2967,2,9,AUDI Q7,6,E01006226,0,1
2024411463025,2024,411463025,1,9,-1,-1,-1,-1,-1,-1,-1,-1,-1,-1,-1,0,-1,9,-1,6,1,28,6,2967,2,17,AUDI Q7,8,E01023893,0,2
2024430545301,2024,430545301,2,9,0,13,13,4,8,0,0,0,0,0,0,0,3,1,6,6,1,39,7,2967,2,6,AUDI Q7,8,E01016337,0,1
2024401499131,2024,401499131,2,9,0,-1,13,1,1,-1,0,0,1,0,0,0,1,1,-1,9,1,40,7,2967,2,9,AUDI Q7,5,E01017430,0,4
2024211413462,2024,211413462,2,9,0,-1,19,5,1,-1,0,1,0,0,0,0,3,9,-1,6,1,56,9,2967,2,1,AUDI Q7,4,E01029353,0,2
2024221400032,2024,221400032,1,9,0,-1,5,8,4,-1,0,0,0,0,0,0,3,1,-1,1,2,48,8,2967,2,5,AUDI Q7,9,E01028985,0,1
2024401442798,2024,401442798,1,9,0,-1,3,8,4,-1,0,0,0,0,0,0,2,1,-1,6,1,56,9,2967,2,8,AUDI Q7,7,E01028499,0,4
2024451495503,2024,451495503,2,9,0,-1,2,0,0,-1,0,0,0,0,0,0,2,1,-1,9,2,50,8,2967,2,9,AUDI Q7,10,E01030296,0,1
202454B979924,2024,54B979924,3,9,0,18,19,4,8,0,0,0,0,0,0,0,2,1,6,6,1,42,7,2967,2,11,AUDI Q7,7,E01033841,0,1
2024471491929,2024,471491929,2,9,0,-1,5,3,7,-1,0,1,0,0,0,0,2,1,-1,1,1,42,7,2967,2,3,AUDI Q7,8,E01031397,0,4
2024101439896,2024,101439896,1,9,0,-1,19,1,5,-1,0,0,0,0,0,0,1,1,-1,9,1,30,6,2967,2,11,AUDI Q7,1,E01008609,0,2
2024070188398,2024,070188398,1,9,0,18,19,5,1,0,0,0,0,0,0,0,1,1,6,6,1,45,7,2967,2,4,AUDI Q7,5,E01006724,0,4
2024351473666,2024,351473666,2,9,0,-1,3,-1,-1,-1,0,1,0,0,0,0,2,1,-1,6,1,44,7,2967,2,7,AUDI Q7,5,E01018196,0,1
2024471519170,2024,471519170,2,9,0,-1,4,7,3,-1,0,0,0,0,0,0,2,1,-1,6,2,31,6,2967,2,9,AUDI Q7,10,E01031696,0,3