collision_index,collision_year,collision_ref_no,vehicle_reference,vehicle_type,towing_and_articulation,vehicle_manoeuvre_historic,vehicle_manoeuvre,vehicle_direction_from,vehicle_direction_to,vehicle_location_restricted_lane_historic,vehicle_location_restricted_lane,junction_location,skidding_and_overturning,hit_object_in_carriageway,vehicle_leaving_carriageway,hit_object_off_carriageway,first_point_of_impact,vehicle_left_hand_drive,journey_purpose_of_driver_historic,journey_purpose_of_driver,sex_of_driver,age_of_driver,age_band_of_driver,engine_capacity_cc,propulsion_code,age_of_vehicle,generic_make_model,driver_imd_decile,lsoa_of_driver,escooter_flag,driver_distance_banding
2024440437670,2024,440437670,2,9,0,9,9,3,1,0,0,6,0,0,0,0,1,1,6,6,1,-1,-1,2967,2,18,AUDI Q7,-1,-1,0,-1
2024991530963,2024,991530963,1,9,0,-1,19,8,4,-1,0,0,0,0,0,0,1,1,-1,9,1,64,9,2967,2,12,AUDI Q7,1,-1,0,2
2024131525316,2024,131525316,1,9,0,-1,15,7,3,-1,0,1,0,0,0,0,1,1,-1,7,1,36,7,2967,2,9,AUDI Q7,1,E01010612,0,1
2024101471221,2024,101471221,1,9,0,-1,19,5,1,-1,0,8,0,0,0,0,1,9,-1,6,2,33,6,2967,2,16,AUDI Q7,8,E01008507,0,1
2024451503406,2024,451503406,2,9,0,-1,15,8,4,-1,0,0,0,0,0,0,1,9,-1,6,3,-1,-1,2967,2,16,AUDI Q7,-1,-1,0,-1
2024122400769,2024,122400769,2,9,0,18,19,6,2,0,0,8,0,0,0,0,1,1,2,2,1,42,7,2967,2,9,AUDI Q7,8,E01013401,0,1
2024421533860,2024,421533860,1,9,0,-1,19,7,3,-1,0,0,0,0,0,0,2,1,-1,6,1,56,9,2995,1,2,AUDI Q7,10,E01002317,0,4
2024351453877,2024,351453877,1,9,0,-1,19,1,5,-1,0,0,0,0,0,0,1,9,-1,6,1,-1,-1,2967,2,17,AUDI Q7,5,E01030141,0,4
2024211450016,2024,211450016,1,9,0,-1,5,7,3,-1,0,2,0,0,0,0,1,1,-1,6,1,46,8,2967,2,11,AUDI Q7,6,E01029722,0,1
2024421460566,2024,421460566,1,9,0,-1,5,8,6,-1,0,8,0,0,0,0,1,1,-1,9,2,65,9,2967,2,8,AUDI Q7,10,E01021633,0,1
2024131453976,2024,131453976,2,9,0,-1,19,4,5,-1,0,0,0,0,1,0,3,1,-1,6,1,44,7,2967,2,1,AUDI Q7,9,E01011708,0,1
2024332400504,2024,332400504,1,9,0,-1,19,7,1,-1,0,3,0,0,0,0,4,1,-1,2,2,45,7,2967,2,7,AUDI Q7,1,E01013640,0,1
2024461406639,2024,461406639,2,9,0,-1,19,2,5,-1,0,2,0,0,0,0,3,9,-1,9,2,42,7,2967,2,7,AUDI Q7,2,E01024263,0,1
2024421509221,2024,421509221,2,9,0,-1,19,1,5,-1,0,0,0,0,0,0,3,1,-1,9,2,41,7,2967,2,5,AUDI Q7,7,E01021902,0,2
2024441536526,2024,441536526,1,9,0,-1,-1,3,7,-1,-1,0,0,0,0,0,1,9,-1,-1,1,35,6,2967,2,17,AUDI Q7,7,E01023123,0,1
2024991529696,2024,991529696,1,9,0,-1,19,5,1,-1,0,1,0,0,0,0,1,9,-1,9,2,22,5,2967,2,16,AUDI Q7,2,-1,0,1
2024471436242,2024,471436242,5,9,0,-1,2,0,0,-1,0,1,0,0,0,0,2,1,-1,6,-1,-1,-1,2967,2,12,AUDI Q7,-1,-1,0,-1
2024520002747,2024,520002747,2,9,0,13,13,3,7,0,0,8,0,0,0,0,4,1,6,6,3,-1,-1,2967,2,3,AUDI Q7,-1,-1,0,-1
2024440543635,2024,440543635,2,9,0,4,4,6,2,0,0,1,0,0,0,0,2,1,6,6,1,40,7,2967,2,7,AUDI Q7,7,E01023165,0,3
2024041524694,2024,041524694,1,9,0,-1,19,6,2,-1,0,0,0,0,8,0,4,9,-1,6,1,29,6,2967,2,16,AUDI Q7,6,E01027559,0,1
2024211406178,2024,211406178,2,9,0,-1,4,3,1,-1,0,0,0,0,0,0,2,1,-1,6,1,49,8,2967,2,3,AUDI Q7,10,E01018439,0,3
2024010516540,2024,010516540,2,9,9,99,99,9,9,99,99,9,9,99,9,99,9,9,6,6,3,-1,-1,2967,2,5,AUDI Q7,-1,-1,0,-1
2024010521864,2024,010521864,2,9,0,18,19,5,1,0,0,2,0,0,0,0,3,2,6,6,1,28,6,2967,2,1,AUDI Q7,2,E01004722,0,1
2024052401885,2024,052401885,2,9,0,9,9,8,4,0,0,5,0,0,0,0,3,1,6,6,2,33,6,2967,2,10,AUDI Q7,1,E01007277,0,1
2024451428733,2024,451428733,4,9,0,-1,2,3,7,-1,0,1,0,0,0,0,4,1,-1,6,-1,-1,-1,2967,2,13,AUDI Q7,-1,-1,0,-1
2024010553416,2024,010553416,2,9,0,99,99,9,9,99,99,9,9,99,9,99,2,9,6,6,3,-1,-1,2967,2,17,AUDI Q7,-1,-1,0,-1
2024401450319,2024,401450319,3,9,0,-1,4,1,5,-1,0,0,0,0,0,0,2,1,-1,6,1,-1,-1,2967,2,8,AUDI Q7,3,E01026969,0,4
2024361426980,2024,361426980,3,9,0,-1,19,5,1,-1,0,0,0,0,0,0,1,1,-1,9,2,36,7,2967,2,3,AUDI Q7,6,E01026549,0,1
2024411465294,2024,411465294,1,9,0,-1,-1,-1,-1,-1,-1,-1,-1,-1,-1,0,-1,9,-1,6,2,56,9,2967,2,1,AUDI Q7,10,E01023374,0,1
2024544225624,2024,544225624,1,9,0,18,19,5,1,2,2,4,0,0,0,0,1,1,6,6,2,30,6,2967,2,9,AUDI Q7,6,E01032691,0,3
2024552400351,2024,552400351,3,9,0,10,10,4,1,0,0,1,0,0,0,0,1,1,6,6,1,35,6,2967,2,14,AUDI Q7,4,E01015374,0,1
2024010499291,2024,010499291,1,9,0,5,5,0,8,0,0,8,0,0,0,0,1,1,6,6,1,46,8,2967,2,8,AUDI Q7,3,E01000011,0,1
2024010521589,2024,010521589,1,9,0,9,9,7,6,0,0,8,0,0,0,0,1,1,6,6,2,43,7,2995,1,3,AUDI Q7,8,E01005574,0,5
2024311478066,2024,311478066,1,9,0,-1,19,5,1,-1,0,0,0,0,0,0,4,1,-1,2,2,40,7,2967,2,10,AUDI Q7,2,E01028319,0,1
2024211455142,2024,211455142,1,9,0,-1,4,8,5,-1,0,0,0,0,0,0,1,1,-1,6,-1,-1,-1,2967,2,16,AUDI Q7,-1,-1,0,-1
2024411423108,2024,411423108,1,9,0,-1,13,3,7,-1,9,8,1,0,8,11,4,1,-1,6,1,28,6,2967,2,12,AUDI Q7,5,E01023611,0,1
2024141525625,2024,141525625,2,9,0,-1,9,2,7,-1,0,8,0,0,0,0,1,9,-1,6,3,-1,-1,2967,2,11,AUDI Q7,-1,-1,0,-1
2024131507515,2024,131507515,2,9,0,-1,19,5,1,-1,0,0,0,0,1,0,1,1,-1,6,1,45,7,2967,2,3,AUDI Q7,4,E01011909,0,1
202460Q017170,2024,60Q017170,2,9,0,16,19,5,1,0,0,0,0,0,0,0,3,1,3,7,2,35,6,2967,2,17,AUDI Q7,-1,-1,0,-1
2024471416027,2024,471416027,8,9,0,-1,19,7,3,-1,0,0,1,0,0,0,2,1,-1,6,1,55,8,2967,2,1,AUDI Q7,10,E01024464,0,4
2024010516513,2024,010516513,2,9,0,99,99,9,9,99,99,9,9,99,9,99,2,9,6,6,3,-1,-1,2967,2,5,AUDI Q7,-1,-1,0,-1
2024522403423,2024,522403423,2,9,0,13,13,4,8,0,0,0,0,0,0,0,4,1,6,6,1,61,9,2967,2,7,AUDI Q7,8,E01014896,0,1
2024131515959,2024,131515959,2,9,0,-1,19,4,8,-1,0,8,0,0,0,0,2,1,-1,6,1,36,7,2967,2,9,AUDI Q7,1,E01010583,0,2
2024991519053,2024,991519053,1,9,0,-1,19,2,6,-1,0,1,5,10,0,0,3,1,-1,6,-1,17,4,2967,2,9,AUDI Q7,-1,-1,0,-1
2024010527657,2024,010527657,1,9,0,4,4,7,3,0,0,0,0,0,0,0,2,1,6,6,1,43,7,2995,1,0,AUDI Q7,7,E01034594,0,1
2024430395310,2024,430395310,1,9,0,1,1,7,3,-1,-1,0,0,0,-1,0,4,1,6,6,1,-1,-1,2967,2,4,AUDI Q7,6,E01034467,0,1
2024010536153,2024,010536153,2,9,0,18,19,1,5,0,0,0,0,0,0,0,2,1,6,6,1,42,7,2967,2,6,AUDI Q7,5,E01035487,0,1
2024411415725,2024,411415725,2,9,0,-1,19,8,4,-1,0,0,0,0,0,0,2,1,-1,2,1,50,8,2967,2,4,AUDI Q7,8,E01023627,0,1
2024430281212,2024,430281212,1,9,0,18,19,2,6,0,0,4,0,0,0,0,1,1,6,6,1,-1,-1,2967,2,12,AUDI Q7,-1,-1,0,-1
2024461525030,2024,461525030,2,9,0,-1,19,5,1,-1,0,0,0,0,0,0,1,1,-1,2,2,53,8,2967,2,10,AUDI Q7,10,E01000688,0,4
2024031476683,2024,031476683,2,9,0,-1,5,7,3,-1,0,8,0,0,0,0,3,1,-1,6,2,27,6,2967,2,9,AUDI Q7,6,E01019235,0,1
2024010527516,2024,010527516,2,9,0,99,99,9,9,99,99,9,9,99,9,99,9,9,6,6,3,-1,-1,2995,8,4,AUDI Q7,-1,-1,0,-1
2024311395165,2024,311395165,1,9,0,-1,5,7,3,-1,9,0,0,0,0,0,1,1,-1,6,1,-1,-1,2967,2,11,AUDI Q7,-1,-1,0,-1
2024010525485,2024,010525485,1,9,0,9,9,5,3,0,0,5,0,0,1,0,1,1,6,6,1,47,8,2967,2,8,AUDI Q7,3,E01034144,0,4
2024451480165,2024,451480165,2,9,0,-1,19,1,5,-1,0,0,0,0,0,0,2,1,-1,9,2,68,10,2967,2,6,AUDI Q7,9,E01003837,0,2
202454D409424,2024,54D409424,1,9,0,18,19,2,6,9,9,0,0,0,0,0,1,1,3,7,1,46,8,2967,2,6,AUDI Q7,6,E01034539,0,1
2024141485386,2024,141485386,2,9,0,-1,19,7,4,-1,0,1,0,0,0,0,1,9,-1,6,3,-1,-1,2967,2,17,AUDI Q7,-1,-1,0,-1
2024461504480,2024,461504480,1,9,0,-1,4,8,4,-1,-1,0,0,0,0,0,1,9,-1,6,1,45,7,2967,2,8,AUDI Q7,6,E01000352,0,1
2024010551358,2024,010551358,2,9,0,99,99,9,9,99,99,9,9,99,9,99,1,9,6,6,3,-1,-1,2967,2,4,AUDI Q7,10,E01030854,0,1
2024311510944,2024,311510944,2,9,0,-1,2,0,0,-1,9,2,0,0,0,0,4,1,-1,2,1,43,7,2967,2,1,AUDI Q7,10,E01028363,0,1
2024010509950,2024,010509950,2,9,0,10,10,5,3,0,0,1,0,0,0,0,4,1,6,6,1,42,7,2995,1,1,AUDI Q7,9,E01003360,0,2
2024451527926,2024,451527926,2,9,0,-1,12,7,3,-1,0,0,0,0,0,0,1,1,-1,9,2,52,8,2995,1,0,AUDI Q7,10,E01030888,0,1
2024010511202,2024,010511202,1,9,0,18,19,1,5,0,0,5,0,0,0,0,0,1,6,6,1,50,8,2967,2,6,AUDI Q7,1,E01002758,0,1
2024520402420,2024,520402420,1,9,0,9,9,6,4,0,0,6,0,0,0,0,1,1,6,6,3,-1,-1,2967,2,14,AUDI Q7,-1,-1,0,-1
2024340WN3832,2024,340WN3832,1,9,0,-1,6,8,8,-1,0,8,0,0,0,0,1,1,-1,9,2,32,6,2967,2,7,AUDI Q7,3,E01027175,0,2
2024471427222,2024,471427222,1,9,0,-1,19,8,5,-1,0,4,0,0,0,0,3,1,-1,6,1,45,7,2967,2,13,AUDI Q7,4,E01031426,0,2
2024201411064,2024,201411064,2,9,0,-1,19,1,5,-1,0,0,0,0,0,0,2,1,-1,6,1,41,7,2967,2,10,AUDI Q7,5,E01028895,0,4
2024461450744,2024,461450744,2,9,0,-1,4,7,3,-1,0,0,0,0,0,0,2,1,-1,9,1,49,8,2967,2,6,AUDI Q7,10,E01024768,0,2
2024201436598,2024,201436598,2,9,0,-1,8,6,8,-1,0,1,0,0,0,0,2,1,-1,6,1,47,8,2967,2,8,AUDI Q7,4,E01010002,0,1
2024520401708,2024,520401708,1,9,0,4,4,2,6,0,0,0,0,0,0,0,2,1,6,6,2,43,7,2967,2,6,AUDI Q7,8,E01029032,0,4
2024411561288,2024,411561288,1,9,0,-1,5,7,3,-1,0,4,0,0,0,0,1,1,-1,6,1,40,7,2967,2,7,AUDI Q7,10,E01023821,0,1
2024631466169,2024,631466169,2,9,0,-1,4,7,3,-1,0,8,0,0,1,10,3,1,-1,6,1,48,8,2967,2,11,AUDI Q7,7,W01000562,0,1
2024991495006,2024,991495006,3,9,0,-1,19,3,6,-1,0,0,0,0,1,0,1,1,-1,9,2,36,7,2967,2,10,AUDI Q7,6,-1,0,1
2024131495230,2024,131495230,1,9,0,-1,5,5,5,-1,0,0,0,0,0,0,2,1,-1,6,1,63,9,2967,2,2,AUDI Q7,1,E01010613,0,1
2024141441400,2024,141441400,3,9,0,-1,2,0,0,-1,0,2,0,0,0,0,3,1,-1,6,-1,-1,-1,2967,2,1,AUDI Q7,-1,-1,0,-1
2024991429910,2024,991429910,2,9,0,-1,19,5,5,-1,0,0,0,0,0,0,1,1,-1,9,1,36,7,2967,2,7,AUDI Q7,1,-1,0,1
2024131523719,2024,131523719,1,9,0,-1,-1,-1,-1,-1,-1,-1,-1,-1,-1,-1,-1,1,-1,6,3,-1,-1,2967,2,6,AUDI Q7,-1,-1,0,-1
2024052402721,2024,052402721,2,9,0,18,19,3,7,0,0,1,0,0,0,0,4,1,6,6,2,34,6,2967,2,17,AUDI Q7,1,E01033228,0,2
2024052400637,2024,052400637,1,9,0,9,9,8,4,0,0,8,0,0,0,0,1,1,6,6,2,32,6,2995,1,2,AUDI Q7,9,E01006796,0,1
2024461535558,2024,461535558,4,9,0,-1,19,7,3,-1,0,0,0,0,0,0,3,1,-1,9,1,43,7,2967,2,0,AUDI Q7,8,E01000390,0,3
2024451493688,2024,451493688,1,9,0,-1,5,7,2,-1,0,6,0,0,0,0,1,1,-1,9,1,69,10,2995,8,3,AUDI Q7,10,E01030387,0,1
2024471406956,2024,471406956,2,9,0,-1,19,1,4,-1,0,0,0,0,0,0,2,1,-1,2,1,40,7,2967,2,6,AUDI Q7,6,E01020956,0,1
2024010543712,2024,010543712,2,9,0,99,99,9,9,99,99,0,9,99,9,99,2,9,6,6,3,43,7,2967,2,6,AUDI Q7,4,E01002402,0,1
2024320286451,2024,320286451,1,9,0,9,9,1,3,0,0,8,0,0,0,0,3,1,6,6,2,-1,-1,2967,2,10,AUDI Q7,-1,-1,0,-1
2024010517604,2024,010517604,1,9,0,2,2,9,9,99,99,0,9,99,9,99,3,9,6,6,1,25,5,2995,1,3,AUDI Q7,4,E01016157,0,4
2024531535500,2024,531535500,2,9,0,-1,19,7,3,-1,0,0,0,0,0,0,1,1,-1,9,1,52,8,2995,1,2,AUDI Q7,10,E01030368,0,5
2024302400522,2024,302400522,2,9,0,18,19,8,4,0,0,1,0,0,0,0,3,1,6,6,1,-1,-1,2967,2,10,AUDI Q7,1,E01013590,0,1
2024201532723,2024,201532723,1,9,0,-1,9,3,2,-1,0,2,0,0,0,0,1,1,-1,6,1,35,6,2967,2,14,AUDI Q7,-1,-1,0,-1
2024430120457,2024,430120457,2,9,0,18,19,1,5,0,0,1,0,0,0,0,1,1,6,6,1,45,7,2967,2,9,AUDI Q7,-1,-1,0,-1
2024302401361,2024,302401361,2,9,0,18,19,5,1,0,0,8,0,0,0,0,1,1,6,6,1,26,6,2967,2,9,AUDI Q7,7,E01019726,0,3
2024320367388,2024,320367388,1,9,0,-1,-1,6,1,0,0,0,0,0,0,0,1,1,-1,-1,1,62,9,5000,1,42,-1,7,E01026179,0,1
2024471514571,2024,471514571,2,9,-1,-1,7,4,6,-1,0,0,0,0,0,0,1,9,-1,1,1,38,7,-1,3,0,-1,8,E01020948,0,1
2024421527122,2024,421527122,1,9,0,-1,19,8,4,-1,0,0,1,0,0,0,1,1,-1,9,2,43,7,998,1,11,FORD GRAND C-MAX,4,E01021845,0,2
202460Q032291,2024,60Q032291,2,9,0,7,7,1,3,0,0,1,0,0,0,0,1,1,6,6,1,34,6,1560,2,11,FORD GRAND C-MAX,-1,-1,0,-1
2024991487726,2024,991487726,1,9,0,-1,19,4,8,-1,0,4,0,0,0,0,1,1,-1,6,2,40,7,1499,2,6,FORD GRAND C-MAX,2,-1,0,2
2024340WN1972,2024,340WN1972,2,9,0,-1,5,1,5,-1,0,1,0,0,0,0,2,1,-1,9,1,46,8,1997,2,9,FORD GRAND C-MAX,7,E01033843,0,4
2024131470366,2024,131470366,2,9,0,-1,19,1,1,-1,0,8,0,0,0,0,3,1,-1,1,2,29,6,1997,2,12,FORD GRAND C-MAX,1,E01010618,0,1
2024340NN2622,2024,340NN2622,2,9,0,-1,19,7,3,-1,0,0,1,0,0,0,2,1,-1,2,2,39,7,999,1,6,FORD GRAND C-MAX,2,E01027226,0,3
2024201468145,2024,201468145,1,9,0,-1,19,6,2,-1,0,8,0,0,0,0,4,1,-1,6,2,42,7,1997,2,9,FORD GRAND C-MAX,4,E01009871,0,1
2024311401413,2024,311401413,1,9,0,-1,19,4,8,-1,0,1,0,0,0,0,1,1,-1,6,2,30,6,1560,2,10,FORD GRAND C-MAX,5,E01028164,0,1
2024461411132,2024,461411132,1,9,0,-1,19,6,2,-1,0,0,0,0,0,0,1,1,-1,9,2,42,7,1997,2,13,FORD GRAND C-MAX,3,E01016022,0,1
2024430468434,2024,430468434,1,9,0,18,19,1,5,0,0,0,0,0,0,0,1,1,6,6,2,33,6,1596,1,14,FORD GRAND C-MAX,7,E01028559,0,1
2024522402019,2024,522402019,2,9,0,5,5,1,5,0,0,6,0,0,0,0,1,1,6,6,1,50,8,1997,2,13,FORD GRAND C-MAX,10,E01023096,0,5
2024411399831,2024,411399831,1,9,0,-1,19,3,7,-1,0,0,0,0,0,0,1,1,-1,6,2,72,10,1997,2,9,FORD GRAND C-MAX,4,E01021808,0,2
2024440526058,2024,440526058,2,9,0,18,19,4,8,0,0,4,0,0,0,0,1,1,2,2,1,50,8,1596,1,13,FORD GRAND C-MAX,-1,-1,0,-1
2024631478179,2024,631478179,2,9,0,-1,2,0,0,-1,0,0,0,0,1,10,2,1,-1,6,-1,-1,-1,1560,2,13,FORD GRAND C-MAX,-1,-1,0,-1
2024052400691,2024,052400691,1,9,0,9,9,1,6,0,0,5,0,0,0,0,1,1,2,2,2,39,7,1997,2,10,FORD GRAND C-MAX,6,E01006955,0,1
2024461485260,2024,461485260,1,9,0,-1,5,2,7,-1,0,4,0,0,0,0,1,1,-1,9,2,59,9,1560,2,11,FORD GRAND C-MAX,10,E01024837,0,1
2024522402295,2024,522402295,3,9,0,2,2,0,0,0,0,0,0,0,0,0,2,1,6,6,3,-1,-1,998,1,9,FORD GRAND C-MAX,-1,-1,0,-1
2024361467253,2024,361467253,2,9,0,-1,19,7,4,-1,0,8,2,0,7,0,4,1,-1,9,1,31,6,1560,2,10,FORD GRAND C-MAX,-1,-1,0,-1
2024231528141,2024,231528141,3,9,0,-1,2,0,0,-1,0,0,0,0,0,0,1,9,-1,6,1,43,7,1560,2,9,FORD GRAND C-MAX,4,E01031096,0,1
2024311421019,2024,311421019,1,9,0,-1,19,3,7,-1,0,0,0,0,0,0,1,1,-1,6,2,30,6,1499,2,5,FORD GRAND C-MAX,4,E01028249,0,1
2024552400803,2024,552400803,2,9,0,18,19,5,1,0,0,0,0,0,0,0,3,1,6,6,2,43,7,1997,2,9,FORD GRAND C-MAX,4,E01020488,0,1
2024010535481,2024,010535481,1,9,0,6,6,7,7,0,0,0,0,4,0,0,1,1,2,2,2,51,8,1596,1,12,FORD GRAND C-MAX,3,E01004389,0,1
2024471400531,2024,471400531,1,9,0,-1,19,1,6,-1,0,8,0,0,0,0,1,1,-1,1,1,59,9,1560,2,10,FORD GRAND C-MAX,6,E01031839,0,1
2024041447927,2024,041447927,2,9,0,-1,7,8,8,-1,0,2,1,0,3,0,4,1,-1,9,1,40,7,999,1,6,FORD GRAND C-MAX,7,E01012614,0,1
2024991512818,2024,991512818,2,9,0,-1,19,8,4,-1,0,0,0,0,0,0,2,1,-1,9,1,37,7,998,1,12,FORD GRAND C-MAX,4,-1,0,3
2024131492001,2024,131492001,1,9,0,-1,5,1,5,-1,0,7,0,0,0,0,2,1,-1,6,1,69,10,1560,2,10,FORD GRAND C-MAX,7,E01011013,0,1
2024231478752,2024,231478752,2,9,0,-1,4,4,8,-1,0,0,0,0,0,0,2,1,-1,6,2,36,7,999,1,7,FORD GRAND C-MAX,2,E01027341,0,4
2024542672624,2024,542672624,1,9,0,9,9,5,1,0,0,1,0,0,7,0,1,1,6,6,1,48,8,1499,2,7,FORD GRAND C-MAX,6,E01022736,0,4
2024421442483,2024,421442483,2,9,0,-1,3,1,5,-1,0,2,0,0,0,0,2,1,-1,9,2,64,9,999,1,8,FORD GRAND C-MAX,8,E01021528,0,1
2024531430659,2024,531430659,1,9,0,-1,19,1,5,-1,0,1,0,0,0,0,1,1,-1,6,1,39,7,1560,2,13,FORD GRAND C-MAX,1,E01022329,0,4
2024430533100,2024,430533100,1,9,0,7,7,4,6,0,0,6,0,0,0,0,3,1,6,6,2,42,7,1997,2,13,FORD GRAND C-MAX,8,E01028547,0,1
2024991428460,2024,991428460,1,9,0,-1,19,1,5,-1,0,0,0,0,0,0,1,1,-1,9,2,43,7,999,1,5,FORD GRAND C-MAX,9,-1,0,1
2024461440884,2024,461440884,1,9,0,-1,7,5,8,-1,0,0,5,4,0,0,1,1,-1,6,1,30,6,1997,2,13,FORD GRAND C-MAX,8,E01016138,0,1
2024411444047,2024,411444047,2,9,0,-1,19,5,1,-1,0,1,0,0,0,0,1,1,-1,7,2,35,6,1499,2,6,FORD GRAND C-MAX,10,E01017413,0,2
2024201516410,2024,201516410,4,9,0,-1,19,1,5,-1,0,0,0,0,0,0,2,9,-1,1,2,46,8,1498,1,5,FORD GRAND C-MAX,3,E01008895,0,2
2024501518899,2024,501518899,1,9,0,-1,19,7,3,-1,0,0,1,0,0,0,1,1,-1,2,1,27,6,1560,2,13,FORD GRAND C-MAX,7,E01018934,0,3
2024201523619,2024,201523619,2,9,0,-1,3,1,1,-1,0,0,0,0,0,0,2,1,-1,9,3,70,10,1560,2,11,FORD GRAND C-MAX,-1,-1,0,-1
2024010551462,2024,010551462,3,9,0,10,10,3,1,0,0,1,0,0,0,0,1,1,6,6,1,73,10,1499,2,6,FORD GRAND C-MAX,4,E01024168,0,3
2024501536111,2024,501536111,2,9,0,-1,7,3,5,-1,0,1,0,10,2,0,1,1,-1,2,1,40,7,1560,2,13,FORD GRAND C-MAX,3,E01015240,0,4
2024440495117,2024,440495117,1,9,0,18,19,3,7,0,0,1,0,0,0,0,4,1,3,7,1,37,7,1560,2,12,FORD GRAND C-MAX,4,E01017042,0,1
2024549476124,2024,549476124,1,9,0,5,5,4,2,0,0,1,0,0,0,0,1,1,6,6,1,75,10,1499,2,6,FORD GRAND C-MAX,8,E01034544,0,1
2024520401947,2024,520401947,3,9,0,2,2,0,0,0,0,0,0,0,0,0,3,1,6,6,3,-1,-1,999,1,9,FORD GRAND C-MAX,-1,-1,0,-1
2024430452473,2024,430452473,2,9,0,18,19,7,3,0,0,8,0,0,0,0,3,1,2,2,2,36,7,1560,2,9,FORD GRAND C-MAX,8,E01017694,0,3
2024520402065,2024,520402065,2,9,0,16,19,1,5,0,0,0,0,0,0,0,1,1,6,6,2,31,6,1560,2,10,FORD GRAND C-MAX,7,E01029151,0,2
2024131506280,2024,131506280,2,9,0,-1,19,7,3,-1,0,1,0,0,7,11,4,1,-1,6,2,60,9,1560,2,10,FORD GRAND C-MAX,3,E01011333,0,1
2024201445128,2024,201445128,2,9,0,-1,3,5,1,-1,0,1,0,0,0,0,2,1,-1,6,2,40,7,1499,2,8,FORD GRAND C-MAX,4,E01008891,0,1
2024430247156,2024,430247156,2,9,0,18,19,3,7,0,0,8,0,0,0,0,4,1,6,6,2,31,6,999,1,5,FORD GRAND C-MAX,8,E01034452,0,1
2024070139701,2024,070139701,2,9,0,18,19,1,5,0,0,8,0,0,0,3,3,1,6,6,2,48,8,1560,2,9,FORD GRAND C-MAX,3,E01018729,0,3
2024131445052,2024,131445052,1,9,0,-1,7,5,7,-1,0,6,0,0,0,0,1,1,-1,2,1,49,8,1560,2,10,FORD GRAND C-MAX,3,E01011940,0,1
2024351458316,2024,351458316,2,9,0,-1,3,8,4,-1,0,0,0,0,0,0,2,1,-1,6,2,36,7,1499,2,7,FORD GRAND C-MAX,5,E01035532,0,3
2024231405572,2024,231405572,2,9,0,-1,19,8,4,-1,0,8,0,0,0,0,1,9,-1,9,2,50,8,1560,2,10,FORD GRAND C-MAX,4,E01031127,0,1
2024430621854,2024,430621854,2,9,0,9,9,6,4,0,0,6,0,0,0,0,3,1,6,6,1,46,8,999,1,6,FORD GRAND C-MAX,-1,-1,0,-1
2024471413604,2024,471413604,1,9,0,-1,4,4,8,-1,0,0,0,0,0,0,1,1,-1,9,2,76,11,1997,2,13,FORD GRAND C-MAX,3,E01031609,0,1
2024440194453,2024,440194453,1,9,0,1,1,3,7,0,0,1,0,0,0,0,2,1,6,6,1,38,7,1560,2,11,FORD GRAND C-MAX,3,E01023144,0,1
2024101451764,2024,101451764,1,9,0,-1,4,5,1,-1,0,1,0,0,0,0,2,1,-1,9,2,68,10,999,1,6,FORD GRAND C-MAX,9,-1,0,5
2024010506355,2024,010506355,1,9,0,99,99,9,9,99,99,9,9,99,9,99,2,9,2,2,2,49,8,1596,1,10,FORD GRAND C-MAX,4,E01001624,0,1
2024221460546,2024,221460546,1,9,0,-1,7,1,2,-1,0,6,0,0,0,0,4,9,-1,2,2,23,5,1560,2,11,FORD GRAND C-MAX,2,E01032202,0,1
2024351499599,2024,351499599,3,9,0,-1,3,5,1,-1,0,0,0,0,0,0,2,1,-1,6,2,35,6,1560,2,13,FORD GRAND C-MAX,3,E01018226,0,1
2024111491824,2024,111491824,2,9,0,-1,2,0,0,-1,0,1,0,0,0,0,3,1,-1,7,2,40,7,1560,2,11,FORD GRAND C-MAX,1,E01008714,0,1
2024320505624,2024,320505624,1,9,0,-1,-1,8,4,0,0,8,0,0,0,0,4,1,-1,-1,2,42,7,999,1,9,FORD GRAND C-MAX,5,E01026201,0,4
2024320513968,2024,320513968,1,9,0,9,9,2,1,0,0,5,0,0,0,0,1,1,1,1,1,44,7,1560,2,10,FORD GRAND C-MAX,1,E01012887,0,4
2024131513076,2024,131513076,1,9,0,-1,3,2,6,-1,0,1,0,0,0,0,1,1,-1,6,3,-1,-1,1560,2,13,FORD GRAND C-MAX,-1,-1,0,-1
2024622400108,2024,622400108,5,9,0,2,2,0,0,0,0,1,0,0,0,0,1,1,6,6,2,38,7,1596,1,12,FORD GRAND C-MAX,8,W01001758,0,1
2024501446275,2024,501446275,1,9,0,-1,19,5,7,-1,0,1,0,0,0,0,1,9,-1,6,2,36,7,1596,1,12,FORD GRAND C-MAX,5,E01019043,0,1
2024332400251,2024,332400251,1,9,0,-1,19,9,9,-1,0,0,0,0,0,0,1,1,-1,6,3,-1,-1,1499,2,8,FORD GRAND C-MAX,-1,-1,0,-1
202460Q059053,2024,60Q059053,2,9,0,17,19,3,7,0,0,0,0,0,0,0,3,1,1,1,2,56,9,1499,2,8,FORD GRAND C-MAX,-1,-1,0,-1
202417L107724,2024,17L107724,3,9,0,-1,19,5,1,-1,0,0,0,0,1,11,4,1,-1,9,2,34,6,1560,2,11,FORD GRAND C-MAX,-1,-1,0,-1
2024340WN2792,2024,340WN2792,1,9,0,-1,19,5,1,-1,0,1,0,0,0,0,1,1,-1,6,1,67,10,1997,2,8,FORD GRAND C-MAX,3,W01000151,0,5
2024332400534,2024,332400534,2,9,0,-1,19,5,1,-1,0,8,0,0,0,0,1,1,-1,1,1,33,6,999,1,7,FORD GRAND C-MAX,2,E01029426,0,4