collision_index,collision_year,collision_ref_no,vehicle_reference,vehicle_type,towing_and_articulation,vehicle_manoeuvre_historic,vehicle_manoeuvre,vehicle_direction_from,vehicle_direction_to,vehicle_location_restricted_lane_historic,vehicle_location_restricted_lane,junction_location,skidding_and_overturning,hit_object_in_carriageway,vehicle_leaving_carriageway,hit_object_off_carriageway,first_point_of_impact,vehicle_left_hand_drive,journey_purpose_of_driver_historic,journey_purpose_of_driver,sex_of_driver,age_of_driver,age_band_of_driver,engine_capacity_cc,propulsion_code,age_of_vehicle,generic_make_model,driver_imd_decile,lsoa_of_driver,escooter_flag,driver_distance_banding
2024122400221,2024,122400221,1,9,0,18,19,5,1,0,0,0,0,0,0,0,1,1,6,6,2,26,6,1560,2,12,FORD GRAND C-MAX,7,E01027788,0,1
2024211492563,2024,211492563,2,9,0,-1,3,1,3,-1,0,0,0,0,0,0,2,9,-1,9,2,36,7,1560,2,9,FORD GRAND C-MAX,7,E01029777,0,2
2024991409103,2024,991409103,1,9,0,-1,9,2,7,-1,0,8,0,0,0,0,4,1,-1,9,2,36,7,1499,2,8,FORD GRAND C-MAX,2,-1,0,1
2024052401038,2024,052401038,2,9,0,5,5,4,8,0,0,8,0,0,0,0,4,1,6,6,2,41,7,999,1,6,FORD GRAND C-MAX,1,E01006542,0,1
2024010544547,2024,010544547,1,9,0,9,9,5,3,0,0,1,0,0,0,0,4,1,6,6,1,46,8,999,1,7,FORD GRAND C-MAX,3,E01001637,0,2
2024131470376,2024,131470376,1,9,0,-1,9,4,1,-1,0,1,0,0,2,0,3,1,-1,9,1,38,7,1560,2,10,FORD GRAND C-MAX,5,E01011774,0,1
2024501459614,2024,501459614,1,9,0,-1,19,4,8,-1,0,0,1,0,5,6,1,1,-1,9,1,26,6,1997,2,12,FORD GRAND C-MAX,2,E01018771,0,1
2024631463992,2024,631463992,2,9,0,-1,19,6,2,-1,0,0,0,0,1,10,3,1,-1,9,2,34,6,1499,2,6,FORD GRAND C-MAX,3,E01029434,0,5
2024631530191,2024,631530191,1,9,0,-1,19,1,5,-1,0,0,0,4,0,0,1,1,-1,9,2,40,7,1560,2,10,FORD GRAND C-MAX,6,W01000803,0,1
2024461508227,2024,461508227,2,9,0,-1,2,0,0,-1,0,0,0,0,0,0,2,1,-1,6,1,-1,-1,1560,2,12,FORD GRAND C-MAX,-1,-1,0,-1
2024501444251,2024,501444251,2,9,0,-1,3,3,7,-1,0,0,0,0,0,0,2,1,-1,6,2,33,6,1560,2,13,FORD GRAND C-MAX,6,E01018798,0,1
2024471472576,2024,471472576,1,9,0,-1,4,3,7,-1,0,0,0,0,0,0,3,2,-1,1,1,33,6,1596,1,12,FORD GRAND C-MAX,1,E01020994,0,1
2024131499649,2024,131499649,1,9,0,-1,19,1,5,-1,0,0,0,0,0,0,1,1,-1,7,1,39,7,1499,2,8,FORD GRAND C-MAX,2,E01011015,0,1
2024141505095,2024,141505095,2,9,0,-1,19,6,2,-1,0,3,0,0,0,0,4,1,-1,2,2,54,8,999,1,8,FORD GRAND C-MAX,10,E01016826,0,5
2024631461230,2024,631461230,2,9,0,-1,14,1,5,-1,0,0,0,0,0,0,1,1,-1,1,2,-1,-1,999,1,7,FORD GRAND C-MAX,8,W01000722,0,1
2024052402659,2024,052402659,2,9,0,18,19,4,8,0,0,1,0,0,0,0,4,1,6,6,2,37,7,998,1,11,FORD GRAND C-MAX,7,E01006689,0,1
2024361449960,2024,361449960,2,9,0,-1,3,-1,-1,-1,0,1,0,0,0,0,2,1,-1,9,1,46,8,1560,2,11,FORD GRAND C-MAX,6,E01026872,0,4
2024440123315,2024,440123315,3,9,0,2,2,0,0,0,0,0,0,0,0,0,4,1,6,6,3,-1,-1,999,1,8,FORD GRAND C-MAX,-1,-1,0,-1
2024161520746,2024,161520746,1,9,0,-1,4,7,3,-1,0,0,0,0,0,0,2,1,-1,6,1,42,7,1560,2,11,FORD GRAND C-MAX,3,E01013207,0,1
2024531513391,2024,531513391,2,9,0,-1,19,7,3,-1,0,3,0,0,1,7,3,1,-1,2,1,61,9,1499,2,7,FORD GRAND C-MAX,10,E01022317,0,2
202417M106124,2024,17M106124,2,9,0,-1,19,2,6,-1,0,0,0,0,0,0,2,1,-1,9,1,34,6,1560,2,11,FORD GRAND C-MAX,1,E01012039,0,1
2024131533678,2024,131533678,2,9,0,-1,19,1,1,-1,0,0,0,0,0,0,2,1,-1,6,1,38,7,1560,2,10,FORD GRAND C-MAX,3,E01011105,0,3
2024052400666,2024,052400666,1,9,0,18,19,5,1,0,0,1,0,0,0,0,1,1,6,6,2,42,7,1499,2,7,FORD GRAND C-MAX,3,E01006671,0,2
2024201399031,2024,201399031,1,9,0,-1,19,3,7,-1,0,0,1,0,0,0,1,1,-1,6,1,39,7,1560,2,10,FORD GRAND C-MAX,2,E01009314,0,1
2024411462182,2024,411462182,1,9,0,-1,3,2,6,-1,0,0,0,0,0,0,2,1,-1,6,2,53,8,1560,2,9,FORD GRAND C-MAX,9,E01023509,0,2
2024371415881,2024,371415881,2,9,0,-1,9,3,2,-1,0,2,0,0,0,0,3,1,-1,6,2,51,8,1499,2,9,FORD GRAND C-MAX,8,E01030121,0,1
2024461397368,2024,461397368,3,9,0,-1,2,0,0,-1,0,0,0,0,0,0,3,9,-1,6,-1,-1,-1,1997,2,13,FORD GRAND C-MAX,-1,-1,0,-1
2024101472964,2024,101472964,1,9,0,-1,1,5,1,-1,0,8,0,0,0,0,2,1,-1,6,2,57,9,1560,2,11,FORD GRAND C-MAX,1,E01027527,0,1
2024991536118,2024,991536118,2,9,0,-1,19,7,3,-1,0,5,0,0,0,0,1,2,-1,9,2,67,10,1560,2,11,FORD GRAND C-MAX,8,-1,0,3
2024351482148,2024,351482148,2,9,0,-1,11,5,1,-1,0,0,0,0,0,0,3,1,-1,9,2,38,7,1560,2,11,FORD GRAND C-MAX,10,E01017442,0,4
2024440234027,2024,440234027,1,9,0,18,19,6,2,0,0,1,0,0,0,0,1,1,3,7,1,43,7,1997,2,12,FORD GRAND C-MAX,6,E01030424,0,1
2024131503064,2024,131503064,2,9,0,-1,3,6,2,-1,0,8,0,0,0,0,2,1,-1,6,2,40,7,1560,2,12,FORD GRAND C-MAX,2,E01011259,0,1
2024161525591,2024,161525591,1,9,0,-1,5,1,5,-1,0,2,0,0,0,0,2,1,-1,9,2,44,7,1560,2,11,FORD GRAND C-MAX,1,E01012931,0,1
2024070857147,2024,070857147,2,9,0,-1,3,1,5,-1,0,1,0,99,0,0,2,1,-1,6,1,38,7,1499,2,7,FORD GRAND C-MAX,2,E01012535,0,1
2024631433020,2024,631433020,1,9,0,-1,5,6,2,-1,0,0,0,0,0,0,0,1,-1,1,2,38,7,1499,2,6,FORD GRAND C-MAX,8,W01000481,0,1
2024101515545,2024,101515545,1,8,0,-1,1,2,3,-1,0,0,0,0,0,0,2,9,-1,6,1,50,8,1499,2,8,FORD GRAND C-MAX,7,E01008585,0,2
2024531475839,2024,531475839,2,9,0,-1,19,5,1,-1,0,0,0,0,0,0,4,1,-1,9,1,55,8,998,1,9,FORD GRAND C-MAX,3,E01032381,0,3
2024211488327,2024,211488327,2,9,0,-1,2,0,0,-1,0,8,0,0,0,0,1,1,-1,6,1,62,9,999,1,6,FORD GRAND C-MAX,2,E01029356,0,1
2024991510846,2024,991510846,6,9,0,-1,19,4,8,-1,0,0,0,0,0,0,2,1,-1,6,2,32,6,1560,2,9,FORD GRAND C-MAX,8,-1,0,1
2024622400384,2024,622400384,1,9,0,18,19,8,4,0,0,2,0,0,0,0,4,1,6,6,2,62,9,1560,2,10,FORD GRAND C-MAX,10,W01001846,0,2
2024061405736,2024,061405736,1,8,0,-1,19,5,1,-1,0,0,0,0,0,0,4,1,-1,1,1,46,8,1499,2,8,FORD GRAND C-MAX,2,E01005222,0,3
2024351481780,2024,351481780,2,9,0,-1,10,7,5,-1,0,1,0,0,0,0,2,1,-1,1,1,60,9,1997,2,12,FORD GRAND C-MAX,7,E01018115,0,3
2024010519626,2024,010519626,1,9,0,18,19,3,7,0,0,8,0,0,0,0,3,1,6,6,2,39,7,999,1,7,FORD GRAND C-MAX,7,E01000288,0,1
2024010526418,2024,010526418,1,9,0,5,5,7,3,0,0,0,0,0,0,0,1,1,6,6,1,54,8,1499,2,8,FORD GRAND C-MAX,6,E01017858,0,4
2024010505279,2024,010505279,2,9,9,18,19,4,8,99,99,9,9,99,9,99,9,9,6,6,3,-1,-1,1590,1,20,-1,-1,-1,0,-1
2024501496756,2024,501496756,3,9,0,-1,2,3,7,-1,0,2,0,0,0,0,2,1,-1,6,-1,-1,-1,1339,8,14,HONDA INSIGHT,-1,-1,0,-1
2024041476974,2024,041476974,2,9,0,-1,19,1,5,-1,0,1,0,0,0,0,1,1,-1,6,1,33,6,1339,8,15,HONDA INSIGHT,2,E01025069,0,2
2024010547934,2024,010547934,1,9,0,11,11,7,3,0,0,0,0,0,0,0,4,1,6,6,3,-1,-1,1339,8,12,HONDA INSIGHT,-1,-1,0,-1
2024010536699,2024,010536699,1,9,0,16,19,5,1,0,0,2,0,0,0,0,1,1,6,6,1,35,6,1339,8,12,HONDA INSIGHT,2,E01035684,0,2
2024010548529,2024,010548529,1,9,0,18,19,1,5,0,0,1,0,0,0,0,1,1,6,6,1,60,9,1339,8,10,HONDA INSIGHT,4,E01000958,0,1
2024471418860,2024,471418860,1,9,0,-1,3,7,3,-1,0,0,1,0,0,0,2,1,-1,2,1,43,7,1339,8,13,HONDA INSIGHT,3,E01021122,0,2
2024461409146,2024,461409146,4,9,0,-1,2,0,0,-1,9,0,0,0,0,0,1,1,-1,6,2,32,6,1339,8,12,HONDA INSIGHT,2,E01024277,0,1
2024361449479,2024,361449479,2,9,0,-1,12,7,3,-1,0,3,0,0,0,0,3,1,-1,6,1,23,5,1339,8,14,HONDA INSIGHT,2,E01026865,0,1
2024010526591,2024,010526591,1,9,0,3,3,1,5,0,0,4,0,0,3,0,1,1,6,6,1,48,8,1339,8,14,HONDA INSIGHT,2,E01002715,0,2
2024010548974,2024,010548974,2,9,0,9,9,3,1,0,0,1,0,0,0,0,1,1,6,6,1,34,6,1339,8,14,HONDA INSIGHT,8,E01002238,0,1
2024010499493,2024,010499493,1,9,0,99,99,9,9,99,99,9,9,99,9,99,9,9,2,2,1,34,6,1339,8,14,HONDA INSIGHT,4,E01003529,0,1
2024520001653,2024,520001653,2,9,0,18,19,9,9,0,0,1,0,0,0,0,1,1,6,6,3,-1,-1,1339,8,15,HONDA INSIGHT,-1,-1,0,-1
2024201501332,2024,201501332,1,9,0,-1,19,4,2,-1,0,0,0,0,0,0,1,1,-1,6,1,29,6,1339,8,14,HONDA INSIGHT,1,E01010527,0,1
2024010541410,2024,010541410,2,9,0,99,99,9,9,99,99,9,9,99,9,99,1,9,6,6,3,29,6,1339,8,11,HONDA INSIGHT,3,E01034205,0,2
2024451488540,2024,451488540,1,9,0,-1,11,5,1,-1,0,1,0,0,1,0,4,1,-1,9,1,20,4,1339,8,12,HONDA INSIGHT,8,E01030384,0,1
2024201506044,2024,201506044,1,9,0,-1,19,8,4,-1,0,6,0,0,0,0,1,9,-1,6,1,40,7,1339,8,13,HONDA INSIGHT,4,E01010254,0,4
2024421431224,2024,421431224,1,9,0,-1,19,8,5,-1,0,0,0,0,0,0,1,1,-1,9,2,55,8,1339,8,14,HONDA INSIGHT,3,E01021508,0,1
2024010527591,2024,010527591,1,9,0,18,19,1,5,0,0,8,0,0,0,0,2,1,6,6,1,56,9,1339,8,15,HONDA INSIGHT,2,E01001430,0,1
2024010512103,2024,010512103,2,9,0,18,19,3,7,0,0,3,0,0,0,0,1,1,6,6,1,-1,-1,1339,8,13,HONDA INSIGHT,2,E01001824,0,1
2024371455782,2024,371455782,1,9,0,-1,1,-1,-1,-1,0,0,0,0,0,0,2,9,-1,6,1,42,7,1339,8,12,HONDA INSIGHT,5,E01030105,0,1
2024471502785,2024,471502785,1,9,0,-1,19,7,3,-1,0,0,0,0,0,0,1,1,-1,6,1,70,10,1339,8,15,HONDA INSIGHT,3,E01016873,0,1
2024010538974,2024,010538974,2,9,0,18,19,4,8,0,0,8,0,0,0,0,1,1,2,2,1,34,6,1339,8,14,HONDA INSIGHT,-1,-1,0,-1
2024231525557,2024,231525557,1,9,0,-1,19,8,4,-1,0,0,0,0,0,0,1,9,-1,7,1,54,8,1339,8,12,HONDA INSIGHT,9,E01031148,0,1
2024131462181,2024,131462181,2,9,0,-1,19,5,1,-1,0,1,0,0,0,0,1,1,-1,9,2,48,8,1339,8,14,HONDA INSIGHT,1,E01033889,0,5
2024430445798,2024,430445798,1,9,0,18,19,2,6,0,0,1,0,0,0,0,1,1,6,6,2,32,6,1339,8,14,HONDA INSIGHT,-1,-1,0,-1
2024991489182,2024,991489182,1,9,0,-1,19,6,1,-1,0,8,1,11,0,0,1,1,-1,6,1,82,11,1339,8,12,HONDA INSIGHT,7,-1,0,1
2024010523348,2024,010523348,1,9,0,18,19,5,1,0,0,2,0,4,0,0,1,1,6,6,2,36,7,1339,8,13,HONDA INSIGHT,3,E01003977,0,2
2024010543119,2024,010543119,2,9,0,99,99,9,9,99,99,9,9,99,9,99,1,9,6,6,3,-1,-1,1339,8,13,HONDA INSIGHT,4,E01002057,0,1
2024421520134,2024,421520134,1,9,0,-1,-1,-1,-1,-1,-1,-1,-1,-1,-1,0,-1,1,-1,6,3,64,9,1339,8,14,HONDA INSIGHT,4,E01015862,0,1
2024010512374,2024,010512374,1,9,0,9,9,3,1,0,0,8,0,0,0,0,3,1,6,6,1,49,8,1339,8,12,HONDA INSIGHT,-1,-1,0,-1
2024461533896,2024,461533896,1,9,0,-1,14,3,7,-1,0,0,0,0,0,0,3,1,-1,9,1,51,8,1339,8,14,HONDA INSIGHT,5,E01003704,0,3
2024201536518,2024,201536518,1,9,0,-1,19,8,4,-1,0,0,0,0,0,0,1,9,-1,6,3,-1,-1,1339,8,13,HONDA INSIGHT,-1,-1,0,-1
2024631512164,2024,631512164,1,9,0,-1,19,2,6,-1,0,0,0,0,7,4,1,1,-1,6,1,52,8,1339,8,15,HONDA INSIGHT,4,E01001087,0,5
2024052400954,2024,052400954,1,9,0,18,19,7,3,0,0,1,0,0,0,0,4,1,6,6,1,44,7,1339,8,15,HONDA INSIGHT,1,E01006692,0,1
2024622500024,2024,622500024,2,9,0,2,2,0,0,0,0,0,0,0,0,0,2,1,6,6,3,-1,-1,995,1,24,HONDA INSIGHT,-1,-1,0,-1
2024201538181,2024,201538181,1,9,0,-1,19,6,2,-1,0,5,0,0,0,0,1,9,-1,6,3,-1,-1,1339,8,15,HONDA INSIGHT,-1,-1,0,-1
2024461516968,2024,461516968,1,9,0,-1,5,8,2,-1,0,6,0,0,0,0,1,1,-1,1,1,39,7,1339,8,13,HONDA INSIGHT,3,E01004283,0,3
2024201522065,2024,201522065,1,9,0,-1,5,7,3,-1,0,8,1,0,0,0,1,1,-1,6,1,-1,-1,1339,8,13,HONDA INSIGHT,3,E01009792,0,1
2024451467385,2024,451467385,3,9,9,-1,99,3,7,-1,99,0,9,99,9,99,9,9,-1,6,3,40,7,1330,8,14,HONDA INSIGHT,-1,-1,0,-1
2024430069001,2024,430069001,1,9,0,3,3,8,4,0,0,8,0,0,0,0,2,1,6,6,1,53,8,1339,8,13,HONDA INSIGHT,2,E01016397,0,1
2024201423327,2024,201423327,3,9,0,-1,2,0,0,-1,0,0,0,0,0,0,2,1,-1,6,-1,-1,-1,1339,8,13,HONDA INSIGHT,-1,-1,0,-1
2024010514252,2024,010514252,1,9,0,99,99,9,9,99,99,9,9,99,9,99,9,9,6,6,3,-1,-1,1339,8,11,HONDA INSIGHT,-1,-1,0,-1
2024440272196,2024,440272196,1,5,0,18,19,4,8,0,0,1,0,7,0,0,1,1,2,2,1,54,8,680,1,15,-1,7,E01017320,0,2
2024501448085,2024,501448085,1,2,0,-1,19,7,3,-1,0,8,0,0,0,0,1,1,-1,6,1,20,4,50,1,4,-1,6,E01020533,0,1
2024501486067,2024,501486067,2,2,0,-1,19,3,7,-1,0,1,0,0,0,0,1,1,-1,6,1,16,4,50,1,3,-1,4,E01018894,0,3
2024302400394,2024,302400394,1,2,0,18,19,6,2,0,0,8,1,0,0,0,0,1,6,6,1,16,4,49,1,12,-1,1,E01013533,0,1
2024211472033,2024,211472033,1,19,0,-1,19,5,5,-1,0,1,0,0,0,0,1,1,-1,9,1,25,5,2298,2,3,RENAULT MASTER,6,E01029708,0,1
2024231528622,2024,231528622,1,19,0,-1,19,8,4,-1,0,0,2,0,1,0,1,1,-1,6,1,54,8,2463,2,19,RENAULT MASTER,5,E01002361,0,5
2024522500078,2024,522500078,1,90,0,18,19,1,5,0,0,8,0,0,0,0,1,1,6,6,1,21,5,2299,2,10,RENAULT MASTER,4,E01014840,0,1
2024070024623,2024,070024623,1,19,0,18,19,3,7,0,0,0,0,0,0,0,1,1,1,1,1,-1,-1,2298,2,6,RENAULT MASTER,7,E01013035,0,5
2024332400304,2024,332400304,2,19,0,-1,9,1,7,-1,0,5,0,0,0,0,3,1,-1,6,1,52,8,2298,2,2,RENAULT MASTER,-1,-1,0,-1
2024991407368,2024,991407368,1,19,0,-1,9,3,7,-1,0,7,0,0,0,0,4,1,-1,1,1,35,6,2298,2,5,RENAULT MASTER,7,-1,0,5
2024010545051,2024,010545051,3,19,0,18,19,7,3,0,0,8,0,0,0,0,1,1,2,2,1,33,6,2298,2,1,RENAULT MASTER,3,E01000522,0,1
2024451480037,2024,451480037,1,19,0,-1,19,5,1,-1,0,0,5,10,1,9,1,1,-1,1,1,38,7,2298,2,1,RENAULT MASTER,4,E01000307,0,4
2024141517322,2024,141517322,2,19,0,-1,5,6,2,-1,0,1,0,0,0,0,1,9,-1,6,1,30,6,2298,2,9,RENAULT MASTER,4,E01007757,0,2
2024471505599,2024,471505599,2,19,0,-1,19,6,2,-1,0,1,0,0,0,0,1,1,-1,1,1,58,9,2298,2,0,RENAULT MASTER,7,E01029019,0,5
2024522403346,2024,522403346,2,10,0,3,3,6,2,0,0,0,0,0,0,0,2,1,6,6,2,54,8,-1,-1,-1,RENAULT MASTER,10,E01014911,0,2
2024010500254,2024,010500254,1,19,0,18,19,3,7,0,0,4,0,0,0,0,1,1,1,1,1,31,6,2298,2,6,RENAULT MASTER,2,E01001558,0,1
2024430014042,2024,430014042,1,19,0,7,7,4,6,0,0,5,0,0,0,0,4,1,1,1,1,57,9,2298,2,8,RENAULT MASTER,9,E01035761,0,3
2024991406840,2024,991406840,2,19,0,-1,19,6,2,-1,0,0,0,0,0,0,1,1,-1,1,1,44,7,2298,2,3,RENAULT MASTER,7,E01034684,0,5
202417S201524,2024,17S201524,1,19,0,18,19,2,6,0,0,1,0,0,0,0,1,1,1,1,1,35,6,2298,2,1,RENAULT MASTER,5,E01012205,0,2
2024531466682,2024,531466682,1,19,0,-1,4,6,2,-1,0,4,0,0,0,0,2,1,-1,1,1,34,6,2298,2,0,RENAULT MASTER,5,E01018158,0,5
2024010508240,2024,010508240,1,19,0,6,6,5,5,0,0,0,0,0,0,0,0,1,1,1,1,22,5,2298,2,6,RENAULT MASTER,6,E01002331,0,1
2024010535235,2024,010535235,2,19,0,3,3,7,3,0,0,1,0,0,0,0,2,1,1,1,1,54,8,2298,2,2,RENAULT MASTER,5,E01001247,0,2
2024320080990,2024,320080990,1,10,0,-1,-1,7,3,0,0,0,0,0,7,9,1,1,1,1,1,57,9,2298,2,12,RENAULT MASTER,4,E01025930,0,4
2024031438004,2024,031438004,1,19,0,-1,5,5,1,-1,0,6,0,0,0,0,3,1,-1,1,1,32,6,2298,2,1,RENAULT MASTER,3,E01019221,0,1
2024311433185,2024,311433185,2,19,0,-1,19,6,2,-1,0,8,0,0,0,0,2,1,-1,2,1,50,8,2298,2,3,RENAULT MASTER,-1,-1,0,-1
2024361502595,2024,361502595,2,19,0,-1,19,3,7,-1,0,0,0,0,1,0,1,1,-1,1,1,32,6,-1,-1,-1,RENAULT MASTER,7,E01026642,0,4
2024471405610,2024,471405610,1,19,0,-1,19,3,7,-1,0,1,0,0,0,0,1,1,-1,9,2,33,6,2463,2,18,RENAULT MASTER,3,E01021017,0,1
2024471472182,2024,471472182,3,19,0,-1,2,0,0,-1,0,2,0,0,0,0,0,1,-1,6,-1,-1,-1,2298,2,9,RENAULT MASTER,-1,-1,0,-1
2024031491708,2024,031491708,2,19,0,-1,19,3,7,-1,0,0,0,0,0,0,1,1,-1,9,1,58,9,-1,-1,-1,RENAULT MASTER,1,E01019143,0,4
2024501443885,2024,501443885,2,19,0,-1,4,0,0,-1,0,6,0,0,0,0,2,1,-1,1,2,30,6,2298,2,2,RENAULT MASTER,3,E01015190,0,1
2024411523163,2024,411523163,1,19,-1,-1,-1,-1,-1,-1,-1,-1,-1,-1,-1,0,1,9,-1,6,1,51,8,2298,2,7,RENAULT MASTER,5,E01023827,0,1
2024221443121,2024,221443121,2,19,0,-1,9,3,8,-1,0,6,0,0,0,0,3,9,-1,1,1,59,9,2464,2,15,RENAULT MASTER,8,E01028883,0,4
2024010514074,2024,010514074,2,20,0,9,9,3,1,4,4,8,0,0,0,0,4,1,1,1,1,38,7,-1,-1,-1,RENAULT MASTER,5,E01000662,0,3
2024302401395,2024,302401395,2,9,0,10,10,6,2,0,0,1,0,0,0,0,1,1,1,1,1,49,8,2298,2,12,RENAULT MASTER,3,E01013548,0,1
2024351539701,2024,351539701,1,19,0,-1,4,3,7,-1,0,0,0,0,0,0,1,1,-1,6,1,50,8,2298,2,5,RENAULT MASTER,3,E01034682,0,4
2024010526612,2024,010526612,3,19,0,2,2,0,0,0,0,1,0,0,0,0,3,1,6,6,3,-1,-1,2298,2,1,RENAULT MASTER,-1,-1,0,-1
2024520401272,2024,520401272,1,90,0,18,19,8,4,0,0,8,0,0,1,10,1,1,1,1,1,26,6,2298,2,5,RENAULT MASTER,8,E01029294,0,3
2024010506126,2024,010506126,1,19,0,9,9,1,7,0,0,8,0,0,0,0,1,1,6,6,1,60,9,2298,2,4,RENAULT MASTER,6,E01002496,0,4
2024010551005,2024,010551005,2,19,0,7,7,4,5,0,0,1,0,0,0,0,0,1,1,1,1,52,8,2298,2,6,RENAULT MASTER,4,E01002583,0,1
2024010530387,2024,010530387,1,19,0,99,99,9,9,99,99,9,9,99,9,99,1,1,6,6,3,46,8,2298,2,4,RENAULT MASTER,6,E01000069,0,1
2024351402994,2024,351402994,2,19,0,-1,3,7,3,-1,0,1,0,0,0,0,2,1,-1,1,1,36,7,2298,2,7,RENAULT MASTER,10,E01035407,0,4
2024501516576,2024,501516576,1,19,0,-1,9,8,6,-1,0,6,0,0,1,0,1,1,-1,1,2,46,8,2298,2,1,RENAULT MASTER,4,E01015062,0,4
2024010544821,2024,010544821,1,3,0,99,99,9,9,99,99,9,9,99,9,99,1,1,6,6,1,28,6,2298,2,1,RENAULT MASTER,4,E01003788,0,1
2024991532065,2024,991532065,1,19,0,-1,1,1,5,-1,0,8,0,0,0,0,2,1,-1,2,1,26,6,2298,2,9,RENAULT MASTER,6,-1,0,1
2024010514682,2024,010514682,2,19,9,99,99,9,9,99,99,9,9,99,9,99,2,9,6,6,3,53,8,2298,2,3,RENAULT MASTER,-1,-1,0,-1
2024010502232,2024,010502232,1,19,0,7,7,5,8,0,0,1,0,0,0,0,1,1,1,1,1,40,7,-1,3,5,RENAULT MASTER,3,E01004287,0,1
2024991534993,2024,991534993,1,19,0,-1,9,3,6,-1,0,1,0,0,0,0,0,1,-1,1,1,36,7,2298,2,6,RENAULT MASTER,3,-1,0,2
2024430086654,2024,430086654,2,19,0,18,19,2,6,0,0,2,0,0,0,0,1,1,1,1,1,33,6,2298,2,10,RENAULT MASTER,2,E01009872,0,4
2024052400073,2024,052400073,3,19,0,3,3,1,5,0,0,0,0,0,0,0,2,1,1,1,1,63,9,2298,2,1,RENAULT MASTER,1,E01006863,0,3
2024461528304,2024,461528304,2,19,0,-1,5,1,5,-1,0,0,0,0,0,0,1,1,-1,2,1,57,9,2298,2,2,RENAULT MASTER,8,E01024060,0,4
2024461517024,2024,461517024,1,19,0,-1,9,5,3,-1,0,1,0,0,0,0,1,1,-1,6,1,33,6,2298,2,7,RENAULT MASTER,2,E01024648,0,1
2024101531360,2024,101531360,1,20,0,-1,19,2,6,-1,0,2,0,0,0,0,0,1,-1,1,1,62,9,-1,-1,-1,RENAULT MASTER,-1,-1,0,-1
2024471487645,2024,471487645,3,19,0,-1,19,5,1,-1,0,1,0,0,0,0,1,1,-1,1,1,37,7,2298,2,2,RENAULT MASTER,5,E01020936,0,4
2024211510545,2024,211510545,2,19,0,-1,19,3,7,-1,0,0,0,0,0,0,1,1,-1,6,1,35,6,2299,2,6,RENAULT MASTER,3,E01009947,0,4
2024111480144,2024,111480144,1,19,0,-1,19,2,6,-1,0,8,0,0,0,0,1,1,-1,1,1,52,8,2298,2,3,RENAULT MASTER,1,E01012341,0,4
2024991499574,2024,991499574,2,19,0,-1,19,1,5,-1,0,0,0,0,1,9,1,1,-1,1,1,40,7,2298,2,1,RENAULT MASTER,1,-1,0,4
2024010504654,2024,010504654,1,19,0,4,4,1,5,0,0,1,0,0,0,0,2,1,6,6,1,28,6,2298,2,8,RENAULT MASTER,2,E01001877,0,1
2024371441012,2024,371441012,1,19,0,-1,5,7,3,-1,0,6,0,0,0,0,1,1,-1,1,1,54,8,2298,2,1,RENAULT MASTER,6,E01032407,0,5
2024451406608,2024,451406608,1,19,0,-1,19,7,3,-1,0,8,0,0,0,0,1,1,-1,2,1,28,6,2464,2,15,RENAULT MASTER,2,E01001340,0,4
2024010548179,2024,010548179,1,90,0,18,19,4,8,0,0,2,1,4,0,0,4,1,1,1,1,61,9,2299,2,1,RENAULT MASTER,5,E01004056,0,2
2024522401602,2024,522401602,2,90,0,18,19,2,6,0,0,0,0,0,0,0,1,1,1,1,2,-1,-1,2299,2,2,RENAULT MASTER,-1,-1,0,-1
2024320334638,2024,320334638,1,19,0,14,14,4,8,0,0,1,0,0,0,0,3,1,1,1,1,36,7,2298,2,12,RENAULT MASTER,9,E01034697,0,3
2024311503679,2024,311503679,1,19,0,-1,9,5,3,-1,0,1,0,0,0,0,4,1,-1,1,1,22,5,2298,2,2,RENAULT MASTER,-1,-1,0,-1
2024061427861,2024,061427861,3,19,0,-1,2,0,0,-1,0,0,0,0,0,0,2,1,-1,6,-1,-1,-1,2298,2,3,RENAULT MASTER,-1,-1,0,-1
2024201530301,2024,201530301,1,19,0,-1,7,4,6,-1,0,0,0,0,0,0,1,1,-1,1,1,63,9,2298,2,4,RENAULT MASTER,4,E01009497,0,2
2024520001133,2024,520001133,1,19,0,18,19,5,1,0,0,1,0,0,0,0,1,1,6,6,3,-1,-1,2298,2,2,RENAULT MASTER,-1,-1,0,-1
2024311404070,2024,311404070,2,10,0,-1,11,5,8,-1,0,1,0,0,0,0,1,1,-1,1,2,53,8,-1,-1,-1,RENAULT MASTER,4,E01027928,0,1
2024061570379,2024,061570379,1,19,0,-1,19,4,8,-1,0,8,0,0,0,0,1,1,-1,1,1,57,9,2298,2,13,RENAULT MASTER,2,E01005890,0,1