collision_index,collision_year,collision_ref_no,vehicle_reference,vehicle_type,towing_and_articulation,vehicle_manoeuvre_historic,vehicle_manoeuvre,vehicle_direction_from,vehicle_direction_to,vehicle_location_restricted_lane_historic,vehicle_location_restricted_lane,junction_location,skidding_and_overturning,hit_object_in_carriageway,vehicle_leaving_carriageway,hit_object_off_carriageway,first_point_of_impact,vehicle_left_hand_drive,journey_purpose_of_driver_historic,journey_purpose_of_driver,sex_of_driver,age_of_driver,age_band_of_driver,engine_capacity_cc,propulsion_code,age_of_vehicle,generic_make_model,driver_imd_decile,lsoa_of_driver,escooter_flag,driver_distance_banding
2024361466047,2024,361466047,2,19,0,-1,19,7,3,-1,0,0,0,0,0,0,0,1,-1,1,1,28,6,2298,2,5,RENAULT MASTER,4,E01026864,0,3
2024221399704,2024,221399704,2,19,0,-1,19,6,2,-1,0,0,0,10,0,0,1,1,-1,2,1,38,7,2298,2,1,RENAULT MASTER,6,E01031048,0,4
2024471425920,2024,471425920,1,19,0,-1,19,6,2,-1,0,0,0,4,0,0,3,2,-1,1,1,33,6,2464,2,15,RENAULT MASTER,10,E01021157,0,3
2024010525035,2024,010525035,4,19,0,18,19,7,3,0,0,0,0,0,0,0,1,1,1,1,1,44,7,-1,-1,-1,RENAULT MASTER,4,E01004270,0,2
2024440238769,2024,440238769,2,19,0,18,19,2,6,0,0,1,0,0,0,0,1,1,1,1,1,30,6,2298,2,8,RENAULT MASTER,3,E01016363,0,4
2024201472618,2024,201472618,2,19,0,-1,9,6,3,-1,0,6,0,0,0,0,2,2,-1,6,-1,30,6,2298,2,9,RENAULT MASTER,-1,-1,0,-1
2024401496606,2024,401496606,2,19,4,-1,19,5,1,-1,0,4,0,0,0,0,2,1,-1,6,1,29,6,2298,2,4,RENAULT MASTER,6,E01027109,0,4
2024010543262,2024,010543262,4,20,0,-1,-1,5,1,0,0,1,0,0,0,0,1,1,6,6,1,58,9,2298,2,0,RENAULT MASTER,3,E01003924,0,3
2024552400695,2024,552400695,2,19,0,18,19,2,6,0,0,8,0,0,0,0,1,1,1,1,1,40,7,2298,2,1,RENAULT MASTER,7,E01015424,0,1
2024991401119,2024,991401119,1,19,0,-1,19,3,7,-1,0,0,0,11,0,0,1,1,-1,1,1,49,8,2298,2,6,RENAULT MASTER,2,-1,0,4
2024361521356,2024,361521356,2,19,0,-1,19,3,7,-1,0,1,0,0,0,0,1,1,-1,6,1,33,6,2298,2,1,RENAULT MASTER,6,W01000246,0,5
2024501490982,2024,501490982,1,19,0,-1,19,1,5,-1,0,0,0,0,7,4,1,1,-1,1,1,56,9,2298,2,3,RENAULT MASTER,8,W01001608,0,4
2024401503767,2024,401503767,1,19,0,-1,-1,-1,-1,-1,-1,0,-1,-1,-1,0,4,1,-1,6,1,61,9,2299,2,12,RENAULT MASTER,9,E01018120,0,4
2024070236936,2024,070236936,1,20,0,9,9,3,1,0,0,1,0,0,0,0,3,1,1,1,1,53,8,-1,-1,-1,RENAULT MASTER,4,E01018733,0,4
2024161522392,2024,161522392,1,19,0,-1,5,5,7,-1,0,0,0,0,0,0,1,1,-1,9,1,59,9,2298,2,10,RENAULT MASTER,9,E01013193,0,1
2024361425210,2024,361425210,1,19,0,-1,19,2,6,-1,0,1,0,0,0,0,1,1,-1,1,1,55,8,2298,2,3,RENAULT MASTER,2,E01026717,0,3
2024052400730,2024,052400730,2,19,0,4,4,2,6,0,0,1,0,0,0,0,2,1,6,6,1,50,8,2298,2,4,RENAULT MASTER,1,E01006495,0,2
2024122401250,2024,122401250,2,10,0,18,19,7,3,0,0,4,0,0,0,0,1,1,1,1,2,50,8,-1,-1,-1,RENAULT MASTER,8,E01035471,0,4
2024421492532,2024,421492532,1,19,0,-1,19,5,1,-1,0,0,0,4,0,0,1,1,-1,1,1,54,8,2298,2,1,RENAULT MASTER,6,E01032407,0,5
2024340WN4542,2024,340WN4542,1,19,0,-1,19,1,5,-1,0,8,0,0,0,0,1,1,-1,2,1,44,7,2299,2,10,RENAULT MASTER,3,E01027319,0,3
2024991464470,2024,991464470,1,19,0,-1,19,2,6,-1,0,0,0,0,0,0,4,2,-1,6,1,40,7,2298,2,2,RENAULT MASTER,-1,-1,0,-1
2024141407192,2024,141407192,2,19,0,-1,19,7,3,-1,0,1,0,0,0,0,3,1,-1,1,1,42,7,2298,2,6,RENAULT MASTER,4,E01027187,0,5
2024010527723,2024,010527723,2,19,0,18,19,9,9,99,99,0,9,99,9,99,2,9,6,6,3,-1,-1,2298,2,4,RENAULT MASTER,4,E01003122,0,1
2024351402994,2024,351402994,1,19,0,-1,3,7,3,-1,0,1,1,0,0,0,1,1,-1,1,1,44,7,2298,2,1,RENAULT MASTER,2,E01009516,0,5
2024552400468,2024,552400468,1,19,0,9,9,3,1,0,0,6,0,0,0,0,1,1,1,1,1,56,9,2298,2,1,RENAULT MASTER,4,E01032714,0,4
2024520403140,2024,520403140,2,19,0,2,2,0,0,0,0,0,0,4,0,0,3,1,1,1,1,28,6,2298,2,4,RENAULT MASTER,1,E01008887,0,5
2024501461652,2024,501461652,1,19,0,-1,19,3,7,-1,0,0,0,0,0,0,4,1,-1,1,1,25,5,2298,2,10,RENAULT MASTER,3,E01018937,0,4
2024471484367,2024,471484367,2,19,0,-1,19,3,7,-1,0,1,5,0,1,11,1,1,-1,1,1,30,6,2298,2,2,RENAULT MASTER,10,E01031644,0,3
2024440233554,2024,440233554,2,19,0,18,19,8,4,0,0,1,0,0,0,0,1,1,6,6,1,61,9,2298,2,14,RENAULT MASTER,7,E01022589,0,4
2024010510526,2024,010510526,1,19,0,9,9,3,1,0,0,8,0,0,0,0,4,1,1,1,1,61,9,2298,2,1,RENAULT MASTER,9,E01025908,0,5
2024991515865,2024,991515865,3,19,0,-1,19,1,5,-1,0,0,0,0,0,0,1,1,-1,1,1,57,9,2298,2,3,RENAULT MASTER,4,-1,0,4
2024440123316,2024,440123316,1,19,0,5,5,3,7,0,0,6,0,0,0,0,3,1,1,1,1,36,7,2298,2,3,RENAULT MASTER,6,E01020467,0,4
2024201517498,2024,201517498,1,19,0,-1,19,2,6,-1,0,0,0,0,0,0,1,9,-1,6,1,-1,-1,2299,2,11,RENAULT MASTER,1,E01008923,0,1
2024541775324,2024,541775324,2,19,0,18,19,3,7,0,0,0,0,0,0,0,1,1,1,1,1,35,6,2299,2,1,RENAULT MASTER,6,E01029945,0,5
2024522403346,2024,522403346,3,19,0,18,19,6,2,0,0,0,0,0,0,0,1,1,6,6,1,37,7,2298,2,5,RENAULT MASTER,4,E01015007,0,3
2024010537127,2024,010537127,1,19,0,18,19,5,1,0,0,2,0,4,0,0,1,1,1,1,1,45,7,2298,2,6,RENAULT MASTER,-1,-1,0,-1
2024471454032,2024,471454032,2,19,0,-1,19,5,1,-1,0,0,0,0,0,0,1,1,-1,1,1,54,8,2298,2,5,RENAULT MASTER,2,E01004428,0,4
2024991519264,2024,991519264,1,19,0,-1,19,8,5,-1,0,0,0,0,1,11,1,1,-1,1,1,43,7,2298,2,5,RENAULT MASTER,3,-1,0,3
2024351451217,2024,351451217,1,19,-1,-1,-1,-1,-1,-1,-1,-1,-1,-1,-1,0,-1,9,-1,6,1,-1,-1,2298,2,2,RENAULT MASTER,-1,-1,0,-1
2024545166324,2024,545166324,1,19,0,18,19,1,5,0,0,0,0,0,0,0,1,1,6,6,3,-1,-1,-1,-1,-1,RENAULT MASTER,-1,-1,0,-1
2024010514047,2024,010514047,1,9,0,9,9,2,7,0,0,1,0,0,0,0,1,1,6,6,1,54,8,2298,2,6,RENAULT MASTER,3,E01003989,0,1
2024451510337,2024,451510337,2,19,0,-1,12,7,3,-1,0,0,0,0,0,0,2,1,-1,1,1,57,9,2298,2,2,RENAULT MASTER,8,E01029383,0,5
2024010531329,2024,010531329,2,19,0,99,99,9,9,99,99,9,9,99,9,99,1,1,6,6,1,-1,-1,2298,2,7,RENAULT MASTER,4,E01003025,0,2
2024061446300,2024,061446300,2,19,0,-1,19,4,8,-1,0,0,0,0,0,0,1,1,-1,1,1,47,8,2298,2,0,RENAULT MASTER,2,E01006298,0,2
2024211544143,2024,211544143,2,19,0,-1,19,5,1,-1,0,1,0,0,0,0,1,1,-1,6,1,-1,-1,2298,2,1,RENAULT MASTER,-1,-1,0,-1
2024010500079,2024,010500079,2,19,9,99,99,9,9,99,99,4,9,99,9,99,1,9,6,6,1,29,6,2298,2,4,RENAULT MASTER,3,E01000510,0,2
2024552400458,2024,552400458,1,19,0,7,7,3,6,0,0,6,0,0,0,0,4,1,6,6,3,-1,-1,2298,2,1,RENAULT MASTER,-1,-1,0,-1
2024052400530,2024,052400530,1,19,0,1,1,5,1,0,0,8,0,0,0,0,2,1,1,1,1,30,6,2464,2,15,RENAULT MASTER,1,E01005313,0,4
2024201446237,2024,201446237,4,9,0,-1,19,8,4,-1,0,2,0,0,0,0,2,9,-1,9,1,47,8,2299,2,3,RENAULT MASTER,2,E01032389,0,4
2024052401011,2024,052401011,2,19,0,18,19,7,3,0,0,1,0,0,0,0,4,1,6,6,1,68,10,2298,2,9,RENAULT MASTER,2,E01007276,0,2
2024520402011,2024,520402011,1,19,0,13,13,5,8,0,0,8,0,0,0,0,4,1,6,6,1,47,8,2298,2,11,RENAULT MASTER,10,E01029115,0,4
202454B904524,2024,54B904524,2,19,0,18,19,1,5,0,0,1,0,0,0,0,1,1,1,1,1,29,6,2463,2,18,RENAULT MASTER,9,E01015525,0,1
2024010515339,2024,010515339,1,90,0,18,19,2,6,0,0,1,0,0,0,0,4,1,1,1,1,52,8,2299,2,2,RENAULT MASTER,2,E01001788,0,1
2024991452964,2024,991452964,1,19,0,-1,19,6,2,-1,0,0,0,0,0,0,1,1,-1,1,1,43,7,2298,2,3,RENAULT MASTER,2,-1,0,4
2024545458624,2024,545458624,2,19,0,18,19,2,6,0,0,0,0,0,0,0,4,1,1,1,2,64,9,2298,2,13,RENAULT MASTER,3,E01027038,0,5
2024461508650,2024,461508650,3,19,0,-1,19,2,6,-1,0,0,0,0,0,0,1,1,-1,1,1,69,10,2298,2,5,RENAULT MASTER,6,E01024536,0,1
2024440184685,2024,440184685,1,19,0,18,19,8,4,0,0,1,0,0,0,0,1,1,1,1,1,38,7,2463,2,18,RENAULT MASTER,4,E01034616,0,4
2024010519272,2024,010519272,1,19,0,18,19,7,3,0,0,1,0,8,0,0,1,1,6,6,3,-1,-1,2298,2,2,RENAULT MASTER,-1,-1,0,-1
2024351528633,2024,351528633,1,19,0,-1,19,4,8,-1,0,0,0,0,0,0,1,1,-1,6,1,53,8,2298,2,1,RENAULT MASTER,5,E01035599,0,4
2024041489956,2024,041489956,2,19,0,-1,19,4,8,-1,0,0,0,0,0,0,1,1,-1,7,1,47,8,2298,2,9,RENAULT MASTER,8,E01024923,0,1
2024471479826,2024,471479826,1,19,0,-1,19,3,7,-1,0,0,0,0,0,0,1,1,-1,1,2,36,7,2298,2,1,RENAULT MASTER,4,E01017217,0,4
2024351443938,2024,351443938,4,19,1,-1,4,5,1,-1,0,0,0,0,0,0,0,1,-1,1,1,30,6,2298,2,7,RENAULT MASTER,6,E01018042,0,3
202460Q195055,2024,60Q195055,1,19,0,1,1,3,7,0,0,1,0,0,0,0,2,1,1,1,1,-1,-1,2298,2,0,RENAULT MASTER,-1,-1,0,-1
2024041459572,2024,041459572,2,19,0,-1,2,0,0,-1,0,0,0,0,0,0,2,1,-1,6,-1,-1,-1,2298,2,8,RENAULT MASTER,-1,-1,0,-1
2024421491002,2024,421491002,1,19,0,-1,19,1,5,-1,0,1,0,0,0,0,1,1,-1,6,1,62,9,2298,2,9,RENAULT MASTER,-1,-1,0,-1
2024421511403,2024,421511403,3,19,0,-1,19,7,1,-1,0,2,0,0,0,0,0,1,-1,1,1,53,8,2298,2,3,RENAULT MASTER,1,E01012787,0,5
2024991399467,2024,991399467,2,19,0,-1,19,8,4,-1,0,0,0,0,0,0,2,1,-1,1,1,47,8,2298,2,1,RENAULT MASTER,5,E01013027,0,5
2024101457253,2024,101457253,3,9,0,-1,3,3,6,-1,0,1,0,0,0,0,3,1,-1,1,1,65,9,2298,2,7,RENAULT MASTER,8,E01008647,0,3
2024991433103,2024,991433103,1,19,0,-1,19,7,3,-1,0,0,0,0,0,0,0,1,-1,1,1,31,6,2298,2,2,RENAULT MASTER,4,-1,0,2
2024131403502,2024,131403502,2,19,0,-1,19,3,7,-1,0,1,0,0,0,0,2,1,-1,1,1,30,6,2298,2,8,RENAULT MASTER,1,E01011434,0,1
2024161529025,2024,161529025,1,19,0,-1,19,3,7,-1,0,0,5,0,7,4,1,1,-1,1,1,36,7,2298,2,6,RENAULT MASTER,5,E01012995,0,3
2024041429383,2024,041429383,1,19,0,-1,19,1,5,-1,0,1,0,0,0,0,1,9,-1,6,3,-1,-1,2298,2,8,RENAULT MASTER,-1,-1,0,-1
2024361409591,2024,361409591,1,20,0,-1,4,7,3,-1,0,0,0,0,0,0,1,9,-1,1,1,36,7,-1,-1,-1,RENAULT MASTER,2,E01026633,0,3
2024010526433,2024,010526433,1,19,0,16,19,5,1,0,0,1,0,0,0,0,4,1,1,1,1,27,6,2298,2,1,RENAULT MASTER,5,E01000067,0,3
2024311461292,2024,311461292,1,19,0,-1,19,2,7,-1,0,4,0,0,1,0,4,1,-1,6,1,44,7,2298,2,3,RENAULT MASTER,-1,-1,0,-1
2024501529450,2024,501529450,1,19,0,-1,4,7,3,-1,0,0,0,0,0,0,1,1,-1,1,1,49,8,2298,2,2,RENAULT MASTER,6,E01019945,0,2
2024320486413,2024,320486413,1,19,0,-1,-1,4,8,0,0,2,0,0,0,0,1,1,6,6,1,34,6,2298,2,8,RENAULT MASTER,9,E01026371,0,2
2024070915745,2024,070915745,1,19,0,-1,20,4,8,-1,0,0,0,0,0,0,4,1,-1,1,1,49,8,2298,2,4,RENAULT MASTER,5,E01018579,0,2
2024010526742,2024,010526742,2,19,0,99,99,9,9,99,99,9,9,99,9,99,1,9,6,6,3,-1,-1,2298,2,7,RENAULT MASTER,-1,-1,0,-1
2024010543086,2024,010543086,2,9,0,18,19,6,2,0,0,2,0,0,3,0,0,1,1,1,1,49,8,2298,2,6,RENAULT MASTER,-1,-1,0,-1
2024361509454,2024,361509454,1,19,0,-1,19,5,1,-1,9,0,0,0,1,0,1,1,-1,1,1,26,6,2298,2,1,RENAULT MASTER,2,E01010047,0,5
2024201511515,2024,201511515,3,19,0,-1,19,6,2,-1,0,0,0,0,0,0,1,1,-1,2,1,24,5,2298,2,1,RENAULT MASTER,1,E01010300,0,2
2024010530342,2024,010530342,1,19,0,1,1,3,7,0,0,0,0,0,0,0,2,1,1,1,1,41,7,2298,2,2,RENAULT MASTER,8,E01021163,0,4
2024041436953,2024,041436953,4,19,0,-1,2,5,1,-1,0,0,0,0,0,0,2,1,-1,1,1,30,6,2298,2,1,RENAULT MASTER,8,E01004953,0,4
2024361429851,2024,361429851,2,19,0,-1,19,6,2,-1,0,0,0,0,0,0,1,1,-1,1,1,53,8,2298,2,1,RENAULT MASTER,2,E01027983,0,5
2024991546508,2024,991546508,2,19,0,-1,19,1,5,-1,0,1,0,0,7,0,1,1,-1,1,1,43,7,2298,2,8,RENAULT MASTER,8,-1,0,3
2024010528340,2024,010528340,1,19,0,11,11,7,3,0,0,8,0,0,0,0,1,1,1,1,1,25,5,2298,2,5,RENAULT MASTER,7,E01004192,0,3
2024351436950,2024,351436950,1,19,0,-1,4,7,3,-1,0,0,0,0,0,0,1,1,-1,1,1,42,7,2299,2,0,RENAULT MASTER,9,E01025668,0,4
2024991553264,2024,991553264,2,19,0,-1,19,2,8,-1,0,0,0,0,0,0,1,1,-1,1,1,56,9,2298,2,0,RENAULT MASTER,-1,-1,0,-1
2024991403056,2024,991403056,2,19,0,-1,19,3,7,-1,0,1,0,0,1,0,1,1,-1,1,1,65,9,2298,2,2,RENAULT MASTER,2,E01011954,0,5
2024461477180,2024,461477180,1,19,0,-1,19,4,5,-1,9,0,0,0,0,0,1,9,-1,6,1,57,9,2298,2,6,RENAULT MASTER,3,E01000367,0,3
2024041476162,2024,041476162,1,19,0,-1,4,3,7,-1,0,1,0,0,0,0,1,1,-1,1,1,55,8,2298,2,0,RENAULT MASTER,1,E01006324,0,4
2024546542124,2024,546542124,2,10,0,18,19,5,1,0,0,0,0,0,0,0,3,1,3,7,2,37,7,2299,2,7,RENAULT MASTER,7,E01034552,0,4
2024061400150,2024,061400150,1,19,0,-1,19,2,6,-1,0,0,0,0,0,0,1,1,-1,6,1,24,5,2953,2,19,RENAULT MASTER,5,E01019733,0,1
2024122500023,2024,122500023,2,19,0,18,19,4,8,0,0,1,0,0,1,10,1,1,1,1,1,59,9,2299,2,11,RENAULT MASTER,8,E01020828,0,4
2024061433777,2024,061433777,3,19,0,-1,19,7,3,-1,0,0,0,0,0,0,3,1,-1,1,1,54,8,2298,2,8,RENAULT MASTER,8,E01006330,0,1
2024421465462,2024,421465462,1,19,0,-1,4,7,2,-1,0,0,1,0,0,0,1,1,-1,9,1,44,7,2463,2,17,RENAULT MASTER,8,E01021881,0,1
2024411469270,2024,411469270,3,19,0,-1,19,1,5,-1,0,0,0,0,0,0,1,1,-1,1,1,43,7,2298,2,3,RENAULT MASTER,4,E01023592,0,3
2024451442294,2024,451442294,1,19,0,-1,7,3,7,-1,0,8,0,0,0,0,1,1,-1,1,1,36,7,2298,2,4,RENAULT MASTER,6,E01035333,0,3
2024522401872,2024,522401872,1,90,0,3,3,8,4,0,0,0,0,0,0,0,2,1,1,1,2,-1,-1,2298,2,10,RENAULT MASTER,-1,-1,0,-1
2024471413196,2024,471413196,1,19,0,-1,2,0,0,-1,0,2,0,0,0,0,0,1,-1,6,3,-1,-1,2298,2,6,RENAULT MASTER,-1,-1,0,-1
2024411556755,2024,411556755,1,19,0,-1,12,1,5,-1,0,0,0,0,0,0,-1,1,-1,6,3,-1,-1,2298,2,5,RENAULT MASTER,-1,-1,0,-1
2024320048893,2024,320048893,1,19,0,17,19,4,8,0,0,0,1,0,1,1,1,1,6,6,1,44,7,2298,2,8,RENAULT MASTER,4,E01026121,0,2
2024122400802,2024,122400802,1,8,0,18,19,1,5,0,0,2,0,0,0,0,4,1,1,1,1,65,9,2299,2,13,RENAULT MASTER,8,E01013428,0,1
2024010509109,2024,010509109,1,19,0,18,19,3,7,0,0,0,0,0,0,0,1,1,1,1,1,46,8,2298,2,3,RENAULT MASTER,7,E01023527,0,3
2024421417602,2024,421417602,1,19,2,-1,3,3,1,-1,0,3,0,0,0,0,-1,1,-1,6,1,17,4,2299,2,11,RENAULT MASTER,4,E01015884,0,4
2024631478179,2024,631478179,1,19,0,-1,19,7,3,-1,0,0,0,0,0,0,1,1,-1,2,1,43,7,2298,2,13,RENAULT MASTER,7,W01000692,0,3
2024052402550,2024,052402550,1,19,0,18,19,3,7,0,0,4,0,0,0,0,1,1,6,6,1,21,5,2298,2,2,RENAULT MASTER,7,E01006683,0,2
2024471430713,2024,471430713,1,19,0,-1,19,8,4,-1,0,2,0,0,0,0,1,1,-1,2,1,26,6,2298,2,13,RENAULT MASTER,1,E01031427,0,3
2024332400660,2024,332400660,2,20,0,-1,19,1,5,-1,0,8,0,0,0,0,1,1,-1,1,1,27,6,2298,2,1,RENAULT MASTER,2,E01013631,0,2
2024440416303,2024,440416303,2,10,0,18,19,1,5,0,0,1,0,0,0,0,1,1,1,1,1,23,5,-1,-1,-1,RENAULT MASTER,5,E01017097,0,3
2024631512291,2024,631512291,1,20,0,-1,1,2,5,-1,0,8,0,0,0,0,2,1,-1,1,1,44,7,-1,-1,-1,RENAULT MASTER,9,W01000911,0,4
2024411536749,2024,411536749,1,19,0,-1,19,1,5,-1,0,0,0,0,0,0,1,1,-1,6,3,-1,-1,2298,2,12,RENAULT MASTER,-1,-1,0,-1
2024631505603,2024,631505603,1,19,0,-1,19,4,8,-1,0,1,0,0,0,0,1,1,-1,1,1,33,6,2298,2,0,RENAULT MASTER,5,W01000980,0,4
2024010488863,2024,010488863,2,19,0,12,12,5,1,0,0,1,0,0,0,0,3,1,1,1,1,51,8,2298,2,8,RENAULT MASTER,5,E01003640,0,4
2024332400568,2024,332400568,2,19,0,-1,19,9,9,-1,0,8,0,0,0,0,2,1,-1,6,1,-1,-1,2298,2,1,RENAULT MASTER,-1,-1,0,-1
2024991485929,2024,991485929,1,19,0,-1,19,4,8,-1,0,1,1,0,1,0,1,1,-1,1,1,37,7,2298,2,0,RENAULT MASTER,-1,-1,0,-1
2024340NN0602,2024,340NN0602,2,19,0,-1,2,0,0,-1,0,0,0,0,0,0,2,1,-1,6,3,-1,-1,2298,2,14,RENAULT MASTER,-1,-1,0,-1
2024401541197,2024,401541197,3,19,0,-1,19,8,4,-1,0,0,0,0,0,0,1,1,-1,6,1,38,7,2298,2,12,RENAULT MASTER,6,E01031084,0,4
202460Q022130,2024,60Q022130,2,19,0,18,19,5,1,0,0,0,0,0,0,0,1,1,6,6,2,40,7,2464,2,17,RENAULT MASTER,-1,-1,0,-1
2024991532448,2024,991532448,1,19,0,-1,9,5,1,-1,0,1,0,0,0,0,3,1,-1,1,1,63,9,2298,2,0,RENAULT MASTER,1,-1,0,4
2024461534466,2024,461534466,1,19,0,-1,5,1,5,-1,0,0,0,0,0,0,1,1,-1,1,1,27,6,2298,2,7,RENAULT MASTER,4,E01024284,0,3
2024471482333,2024,471482333,1,19,0,-1,4,2,6,-1,0,0,0,0,0,0,1,1,-1,1,1,69,10,2298,2,9,RENAULT MASTER,7,E01035328,0,1
2024311432911,2024,311432911,1,19,0,-1,5,3,7,-1,0,0,0,0,0,0,1,1,-1,6,1,45,7,2299,2,11,RENAULT MASTER,-1,-1,0,-1
2024201466565,2024,201466565,1,20,0,-1,19,7,3,-1,0,8,0,0,0,0,1,1,-1,1,1,40,7,-1,-1,-1,RENAULT MASTER,7,E01009424,0,3
2024010544571,2024,010544571,2,19,0,5,5,9,9,99,99,5,9,99,9,99,9,9,6,6,1,-1,-1,2298,2,1,RENAULT MASTER,-1,-1,0,-1
2024131410822,2024,131410822,4,19,0,-1,3,6,2,-1,0,1,0,0,0,0,3,1,-1,6,2,42,7,2463,2,17,RENAULT MASTER,2,E01011103,0,2
2024522402963,2024,522402963,1,19,0,18,19,6,2,0,0,0,0,0,0,0,1,1,6,6,1,29,6,2298,2,1,RENAULT MASTER,4,E01033910,0,2
2024540190324,2024,540190324,2,19,0,18,19,6,2,0,0,0,0,0,0,0,0,1,1,1,1,36,7,2298,2,1,RENAULT MASTER,2,E01002604,0,5
2024471486881,2024,471486881,1,19,0,-1,19,4,7,-1,0,0,0,0,0,0,1,9,-1,6,1,31,6,2298,2,11,RENAULT MASTER,9,E01031589,0,1
2024421529457,2024,421529457,3,19,0,-1,2,0,0,-1,0,0,0,0,0,0,1,1,-1,2,1,53,8,2298,2,6,RENAULT MASTER,9,E01021693,0,3
2024520403068,2024,520403068,2,19,0,16,19,2,6,0,0,0,0,0,0,0,1,1,6,6,1,61,9,2298,2,0,RENAULT MASTER,3,E01014948,0,4
2024010513284,2024,010513284,2,90,0,2,2,0,0,0,0,0,0,0,0,0,9,1,6,6,3,-1,-1,2299,2,3,RENAULT MASTER,-1,-1,0,-1
2024520402942,2024,520402942,1,90,0,18,19,3,7,0,0,0,0,0,0,0,4,1,6,6,3,-1,-1,2463,2,18,RENAULT MASTER,-1,-1,0,-1
2024211486761,2024,211486761,1,19,0,-1,19,7,3,-1,0,0,0,0,0,0,4,1,-1,9,1,29,6,2298,2,7,RENAULT MASTER,-1,-1,0,-1
2024471485225,2024,471485225,1,90,0,-1,19,7,3,-1,0,1,0,0,0,0,1,1,-1,1,1,27,6,2299,2,3,RENAULT MASTER,6,E01020960,0,4
2024471444525,2024,471444525,1,19,0,-1,14,1,5,-1,0,2,0,0,0,0,4,1,-1,6,1,25,5,2298,2,1,RENAULT MASTER,6,E01020943,0,4
2024340WN6242,2024,340WN6242,2,19,0,-1,19,5,1,-1,0,0,0,0,1,0,1,1,-1,1,1,56,9,2298,2,10,RENAULT MASTER,8,E01027160,0,3
2024471435055,2024,471435055,1,19,0,-1,19,7,3,-1,0,1,0,0,0,0,1,1,-1,2,1,28,6,2298,2,7,RENAULT MASTER,10,E01031763,0,2
2024440415566,2024,440415566,2,3,0,18,19,7,3,0,0,8,0,0,0,0,1,1,6,6,1,39,7,125,1,4,-1,10,E01022837,0,2
2024131480518,2024,131480518,2,3,0,-1,5,3,7,-1,0,4,0,0,0,0,4,1,-1,9,1,38,7,124,1,0,-1,6,E01010690,0,1
2024421418126,2024,421418126,3,19,0,-1,2,2,2,-1,0,1,0,0,0,0,3,1,-1,6,-1,-1,-1,-1,-1,-1,-1,-1,-1,0,-1
2024122400058,2024,122400058,2,2,0,18,19,5,1,0,0,1,0,0,0,0,1,1,2,2,2,50,8,-1,3,1,-1,8,E01013391,0,1
2024010542278,2024,010542278,1,17,0,7,7,3,5,0,0,6,0,0,0,0,4,1,1,1,1,43,7,2900,2,5,-1,2,E01034190,0,1
2024411465276,2024,411465276,2,9,0,-1,19,1,5,-1,0,0,0,0,0,0,1,1,-1,9,1,39,7,2985,1,-1,-1,8,E01001521,0,3
2024471443448,2024,471443448,2,5,0,-1,19,8,4,-1,0,8,1,0,7,0,4,1,-1,9,1,69,10,1252,1,2,-1,8,E01021180,0,2
2024061525659,2024,061525659,2,5,0,-1,19,7,4,-1,0,0,0,0,0,0,2,1,-1,9,1,29,6,1252,1,2,-1,3,E01025469,0,4
2024991465392,2024,991465392,1,5,0,-1,5,5,2,-1,0,4,0,0,2,0,3,1,-1,9,1,52,8,1252,1,2,-1,7,-1,0,4
2024371477785,2024,371477785,2,5,0,-1,3,5,8,-1,0,0,5,0,0,0,2,1,-1,9,1,59,9,1250,1,1,-1,7,E01029942,0,4
2024991448923,2024,991448923,1,5,0,-1,19,3,8,-1,0,0,0,0,1,0,1,1,-1,9,1,22,5,1252,1,0,-1,2,-1,0,2
2024010543473,2024,010543473,2,3,0,3,3,1,5,0,0,1,0,0,0,0,2,1,6,6,1,25,5,125,1,9,HONDA ANC,6,E01003843,0,2
2024201444800,2024,201444800,2,3,0,-1,5,4,6,-1,0,6,0,0,0,0,1,1,-1,1,1,28,6,125,1,5,HONDA ANC,1,E01009057,0,2
2024041396088,2024,041396088,2,3,0,-1,2,1,5,-1,0,1,0,0,0,0,2,1,-1,9,2,58,9,125,1,8,HONDA ANC,3,E01025097,0,2
2024010544560,2024,010544560,2,3,0,-1,-1,5,1,0,0,1,0,0,0,0,4,1,6,6,1,30,6,125,1,7,HONDA ANC,2,E01001558,0,1
2024010547339,2024,010547339,1,3,0,99,99,9,9,99,99,9,9,99,9,99,1,1,1,1,1,42,7,125,1,4,HONDA ANC,5,E01000676,0,1
2024010543240,2024,010543240,2,3,0,13,13,5,1,0,0,5,0,0,0,0,1,1,6,6,1,32,6,125,1,7,HONDA ANC,4,E01001297,0,1
2024052402229,2024,052402229,1,3,0,18,19,7,3,0,0,0,0,10,0,0,1,1,6,6,1,-1,-1,125,1,9,HONDA ANC,-1,-1,0,-1