collision_index,collision_year,collision_ref_no,vehicle_reference,vehicle_type,towing_and_articulation,vehicle_manoeuvre_historic,vehicle_manoeuvre,vehicle_direction_from,vehicle_direction_to,vehicle_location_restricted_lane_historic,vehicle_location_restricted_lane,junction_location,skidding_and_overturning,hit_object_in_carriageway,vehicle_leaving_carriageway,hit_object_off_carriageway,first_point_of_impact,vehicle_left_hand_drive,journey_purpose_of_driver_historic,journey_purpose_of_driver,sex_of_driver,age_of_driver,age_band_of_driver,engine_capacity_cc,propulsion_code,age_of_vehicle,generic_make_model,driver_imd_decile,lsoa_of_driver,escooter_flag,driver_distance_banding
2024010542618,2024,010542618,2,3,0,99,99,9,9,99,99,9,9,99,9,99,9,1,6,6,3,31,6,125,1,7,HONDA ANC,4,E01002168,0,3
2024010519770,2024,010519770,1,3,0,99,99,9,9,99,99,9,9,99,9,99,9,1,1,1,3,40,7,125,1,10,HONDA ANC,5,E01000383,0,4
2024501510849,2024,501510849,2,3,0,-1,19,4,8,-1,0,0,5,0,0,0,3,1,-1,9,1,39,7,125,1,5,HONDA ANC,1,E01015155,0,1
2024010510836,2024,010510836,1,3,0,9,9,7,5,0,0,8,0,0,0,0,0,1,2,2,1,55,8,125,1,6,HONDA ANC,6,E01003791,0,1
2024201499457,2024,201499457,2,3,0,-1,19,7,2,-1,0,0,5,8,0,0,1,1,-1,9,1,25,5,125,1,4,HONDA ANC,1,E01009272,0,1
2024010501191,2024,010501191,1,3,0,99,99,9,9,99,99,9,9,99,9,99,1,1,2,2,1,42,7,125,1,7,HONDA ANC,4,E01000171,0,2
2024010538825,2024,010538825,1,3,0,14,14,5,1,0,0,1,0,0,0,0,4,1,2,2,1,39,7,125,1,7,HONDA ANC,5,E01002129,0,1
2024010497645,2024,010497645,1,3,0,99,99,9,9,99,99,9,9,99,9,99,1,1,6,6,1,28,6,125,1,9,HONDA ANC,3,E01003563,0,3
2024010538250,2024,010538250,1,3,0,99,99,9,9,99,99,9,9,99,9,99,1,1,2,2,1,62,9,125,1,4,HONDA ANC,5,E01002652,0,1
2024010499039,2024,010499039,1,3,9,3,3,9,9,99,99,1,9,99,9,99,2,1,1,1,1,48,8,125,1,10,HONDA ANC,1,E01002040,0,3
2024010512606,2024,010512606,1,3,0,99,99,9,9,99,99,9,9,99,9,99,9,1,6,6,1,33,6,125,1,10,HONDA ANC,4,E01001090,0,2
2024010520902,2024,010520902,2,3,0,18,19,8,4,0,0,1,2,0,0,0,3,1,1,1,1,26,6,125,1,6,HONDA ANC,5,E01003645,0,2
2024010510334,2024,010510334,1,3,0,99,99,9,9,99,99,9,9,99,9,99,9,1,6,6,3,30,6,125,1,7,HONDA ANC,3,E01000638,0,2
2024471517141,2024,471517141,1,3,0,-1,-1,-1,-1,-1,-1,-1,-1,-1,-1,0,-1,1,-1,1,2,31,6,125,1,9,HONDA ANC,6,E01016871,0,1
2024010513683,2024,010513683,2,3,0,18,19,5,1,0,0,1,0,0,0,0,1,1,1,1,1,33,6,125,1,8,HONDA ANC,2,E01000087,0,3
2024421409287,2024,421409287,2,3,0,-1,19,1,5,-1,0,2,0,0,0,0,3,1,-1,6,1,27,6,125,1,4,HONDA ANC,2,E01015851,0,1
2024471452103,2024,471452103,2,3,0,-1,19,8,4,-1,0,0,0,0,0,0,2,1,-1,6,1,73,10,125,1,6,HONDA ANC,5,E01032414,0,5
2024010516354,2024,010516354,2,3,0,14,14,1,5,0,0,2,0,0,0,0,3,1,1,1,1,31,6,125,1,8,HONDA ANC,5,E01004612,0,1
2024010499932,2024,010499932,2,3,0,18,19,7,3,0,0,0,1,0,0,0,1,1,1,1,1,25,5,125,1,6,HONDA ANC,2,E01001181,0,1
2024010510720,2024,010510720,1,3,0,99,99,9,9,99,99,9,9,99,9,99,1,1,1,1,1,25,5,125,1,4,HONDA ANC,3,E01000007,0,1
2024010548854,2024,010548854,1,4,0,18,19,1,5,0,0,5,0,0,0,0,1,1,6,6,1,26,6,125,1,7,HONDA ANC,3,E01003624,0,1
2024010548219,2024,010548219,1,3,0,14,14,5,1,0,0,1,0,0,0,0,1,1,1,1,1,33,6,125,1,6,HONDA ANC,3,E01000080,0,3
2024010503463,2024,010503463,1,3,0,99,99,9,9,99,99,1,9,99,9,99,9,1,1,1,3,25,5,125,1,5,HONDA ANC,10,E01030438,0,4
2024010537232,2024,010537232,1,3,0,3,3,7,3,0,0,1,0,0,0,0,1,1,1,1,1,36,7,125,1,5,HONDA ANC,8,E01002291,0,2
2024332400724,2024,332400724,2,2,0,-1,19,1,5,-1,0,8,0,0,0,0,1,1,-1,1,1,33,6,125,1,7,HONDA ANC,3,E01013681,0,1
2024010514194,2024,010514194,1,4,0,7,7,1,2,0,0,8,0,0,0,0,1,1,1,1,1,24,5,125,1,6,HONDA ANC,4,E01003565,0,3
2024440096988,2024,440096988,1,4,0,18,19,2,6,0,0,0,0,7,0,0,1,1,6,6,1,19,4,125,1,5,HONDA ANC,9,E01022881,0,1
2024141443425,2024,141443425,1,3,0,-1,5,7,2,-1,0,1,0,0,0,0,1,1,-1,6,1,28,6,125,1,5,HONDA ANC,2,E01007871,0,1
2024010520289,2024,010520289,1,3,0,4,4,1,5,0,0,1,1,0,0,0,1,1,1,1,1,36,7,125,1,5,HONDA ANC,8,E01002291,0,2
2024430352317,2024,430352317,1,2,0,5,5,7,3,0,0,0,0,0,0,0,1,1,6,6,1,79,11,125,1,4,HONDA ANC,6,E01016734,0,1
2024320053032,2024,320053032,2,3,0,-1,-1,6,8,0,0,8,0,0,0,0,1,1,6,6,1,48,8,125,1,8,HONDA ANC,1,E01026094,0,1
2024010521126,2024,010521126,1,3,0,13,13,1,5,0,0,1,0,0,0,0,4,1,6,6,1,35,6,125,1,9,HONDA ANC,6,E01002544,0,2
2024201452443,2024,201452443,1,3,0,-1,15,5,1,-1,0,8,0,0,0,0,1,1,-1,6,1,43,7,125,1,10,HONDA ANC,4,E01009879,0,1
2024010520752,2024,010520752,1,3,0,99,99,9,9,99,99,9,9,99,9,99,9,1,1,1,3,32,6,125,1,10,HONDA ANC,2,E01001515,0,1
2024010528813,2024,010528813,3,3,0,18,19,5,1,0,0,4,5,0,0,0,1,1,1,1,1,31,6,125,1,8,HONDA ANC,-1,-1,0,-1
2024010518170,2024,010518170,2,3,0,11,11,1,5,0,0,8,0,0,0,0,0,1,6,6,3,38,7,125,1,6,HONDA ANC,7,E01002204,0,1
2024430163001,2024,430163001,2,3,0,18,19,1,5,0,0,4,0,0,0,0,0,1,2,2,1,29,6,125,1,6,HONDA ANC,5,E01017907,0,1
2024061441309,2024,061441309,1,3,0,-1,19,3,7,-1,0,1,1,0,0,0,1,1,-1,6,-1,-1,-1,125,1,4,HONDA ANC,-1,-1,0,-1
2024201509025,2024,201509025,1,4,0,-1,19,1,1,-1,0,1,0,0,0,0,4,1,-1,6,1,19,4,125,1,5,HONDA ANC,1,E01009397,0,1
2024010551594,2024,010551594,2,3,0,7,7,6,8,0,0,1,0,0,0,0,1,1,6,6,2,36,7,125,1,7,HONDA ANC,6,E01002220,0,1
2024010531537,2024,010531537,1,3,0,13,13,6,2,0,0,8,0,0,0,0,1,1,6,6,1,22,5,125,1,6,HONDA ANC,6,E01000705,0,1
2024411501656,2024,411501656,2,3,0,-1,19,1,5,-1,0,8,5,0,0,0,3,1,-1,2,1,30,6,125,1,8,HONDA ANC,2,E01015698,0,3
2024371400727,2024,371400727,2,3,0,-1,19,-1,-1,-1,0,0,0,0,0,0,1,1,-1,1,1,48,8,125,1,7,HONDA ANC,1,E01029980,0,1
2024010503235,2024,010503235,1,3,0,18,19,5,1,0,0,1,0,0,0,0,1,1,1,1,1,40,7,125,1,10,HONDA ANC,5,E01000383,0,1
2024451421848,2024,451421848,1,3,0,-1,13,3,7,-1,0,4,0,0,0,0,4,1,-1,9,1,34,6,125,1,5,HONDA ANC,9,E01030299,0,2
2024451459820,2024,451459820,1,3,0,-1,13,2,6,-1,0,0,2,0,0,0,1,1,-1,6,3,-1,-1,125,1,9,HONDA ANC,-1,-1,0,-1
2024361518347,2024,361518347,2,3,0,-1,4,2,6,-1,0,4,0,0,0,0,2,1,-1,1,1,49,8,125,1,4,HONDA ANC,1,E01026824,0,1
2024471456155,2024,471456155,2,3,0,-1,19,1,5,-1,0,8,5,0,0,0,3,1,-1,6,2,55,8,125,1,8,HONDA ANC,9,E01016962,0,1
2024010532630,2024,010532630,2,19,0,-1,-1,4,8,0,0,8,0,0,0,0,3,1,1,1,1,44,7,125,1,6,HONDA ANC,4,E01003803,0,3
2024010525562,2024,010525562,1,2,0,99,99,9,9,99,99,9,9,99,9,99,1,1,6,6,1,38,7,125,1,4,HONDA ANC,2,E01002553,0,4
2024161439160,2024,161439160,1,3,0,-1,19,7,3,-1,0,0,2,7,1,10,1,1,-1,6,1,37,7,125,1,8,HONDA ANC,1,E01012876,0,2
2024010523564,2024,010523564,2,3,0,99,99,9,9,99,99,9,9,99,9,99,1,1,6,6,3,-1,-1,125,1,5,HONDA ANC,-1,-1,0,-1
2024991487849,2024,991487849,1,2,0,-1,9,5,8,-1,0,1,1,0,3,0,0,1,-1,6,1,24,5,125,1,5,HONDA ANC,4,-1,0,1
2024010544141,2024,010544141,2,3,0,18,19,3,7,0,0,1,2,0,0,0,1,1,6,6,1,23,5,125,1,4,HONDA ANC,5,E01000401,0,2
2024010509875,2024,010509875,2,3,0,18,19,1,5,0,0,0,1,0,0,0,1,1,6,6,1,26,6,125,1,8,HONDA ANC,2,E01001821,0,2
2024461524518,2024,461524518,2,4,0,-1,19,6,2,-1,0,1,5,0,0,0,1,1,-1,1,2,32,6,125,1,10,HONDA ANC,6,E01024084,0,1
2024520002091,2024,520002091,1,3,0,18,19,1,5,0,0,0,0,10,0,0,2,1,6,6,1,65,9,125,1,6,HONDA ANC,4,E01009620,0,5
2024010543309,2024,010543309,1,3,0,99,99,9,9,99,99,9,9,99,9,99,2,1,6,6,1,28,6,125,1,8,HONDA ANC,5,E01000632,0,3
2024201428239,2024,201428239,1,3,0,-1,19,7,3,-1,0,0,2,10,0,0,2,1,-1,9,1,21,5,125,1,10,HONDA ANC,2,E01010061,0,2
2024010522148,2024,010522148,2,3,0,99,99,9,9,99,99,2,9,99,9,99,9,1,6,6,2,40,7,125,1,6,HONDA ANC,7,E01001269,0,1
2024430246142,2024,430246142,1,3,0,13,13,1,5,0,0,0,0,0,0,0,1,1,1,1,1,35,6,125,1,4,HONDA ANC,6,E01035744,0,1
2024010507280,2024,010507280,2,3,0,14,14,1,5,0,0,1,0,0,0,0,1,1,2,2,1,28,6,125,1,9,HONDA ANC,4,E01000644,0,2
2024010515790,2024,010515790,1,3,0,99,99,9,9,99,99,9,9,99,9,99,1,1,6,6,1,25,5,125,1,10,HONDA ANC,2,E01000509,0,2
2024010540328,2024,010540328,2,3,0,18,19,7,3,0,0,1,0,0,0,0,1,1,1,1,1,28,6,-1,3,2,-1,4,E01004458,0,2
2024371407261,2024,371407261,2,11,0,-1,19,3,7,-1,0,0,0,0,0,0,0,1,-1,1,1,63,9,7790,2,16,-1,2,E01030029,0,3
2024440232808,2024,440232808,2,5,0,3,3,5,1,0,0,0,0,0,0,0,1,1,6,6,1,61,9,649,1,1,KAWASAKI ER650,4,E01017260,0,1
2024520403007,2024,520403007,2,5,0,18,19,4,8,0,0,8,0,0,0,0,1,1,6,6,1,20,4,649,1,2,KAWASAKI ER650,7,E01029124,0,3
2024141459602,2024,141459602,2,5,0,-1,19,6,8,-1,0,0,0,0,0,0,3,1,-1,6,1,31,6,649,1,1,KAWASAKI ER650,1,E01008157,0,2
202460Q149566,2024,60Q149566,1,5,0,16,19,8,4,0,0,1,2,0,0,0,2,1,1,1,1,40,7,649,1,2,KAWASAKI ER650,-1,-1,0,-1
2024052401643,2024,052401643,1,5,0,15,15,2,6,0,0,1,0,4,0,0,3,1,6,6,1,57,9,649,1,2,KAWASAKI ER650,3,E01007230,0,1
2024061445748,2024,061445748,1,5,0,-1,19,5,1,-1,0,0,0,0,0,0,4,1,-1,6,1,34,6,649,1,5,KAWASAKI ER650,2,E01004772,0,1
2024052400430,2024,052400430,1,5,0,18,19,7,3,0,0,8,0,0,0,0,3,1,6,6,1,21,5,649,1,4,KAWASAKI ER650,1,E01006872,0,2
2024501439993,2024,501439993,1,5,0,-1,7,3,7,-1,0,1,5,0,0,0,4,1,-1,9,1,60,9,649,1,1,KAWASAKI ER650,9,E01020019,0,4
2024541036124,2024,541036124,2,5,0,9,9,1,7,0,0,3,2,0,0,0,1,1,6,6,1,31,6,649,1,3,KAWASAKI ER650,7,E01034552,0,1
2024061458617,2024,061458617,1,5,0,-1,19,6,2,-1,0,1,2,0,0,0,1,1,-1,9,2,49,8,649,1,4,KAWASAKI ER650,1,E01004801,0,1
2024122401184,2024,122401184,1,5,0,16,19,3,7,0,0,0,0,0,0,0,1,1,6,6,1,24,5,649,1,5,KAWASAKI ER650,1,E01011372,0,3
2024141504000,2024,141504000,1,5,0,-1,7,7,1,-1,0,1,5,0,7,11,2,1,-1,9,2,54,8,649,1,5,KAWASAKI ER650,10,E01011179,0,1
2024302401161,2024,302401161,1,5,0,17,19,6,2,0,0,4,1,9,7,10,1,1,6,6,1,39,7,649,1,0,KAWASAKI ER650,8,E01013558,0,1
2024531512421,2024,531512421,2,5,0,-1,9,2,8,-1,0,1,5,0,0,0,1,1,-1,9,2,55,8,649,1,1,KAWASAKI ER650,5,E01032174,0,4
2024351483009,2024,351483009,1,5,0,-1,5,5,1,-1,0,6,0,0,0,0,3,1,-1,6,2,55,8,649,1,1,KAWASAKI ER650,6,E01035103,0,4
2024061472810,2024,061472810,2,5,0,-1,19,7,3,-1,0,8,0,0,0,0,1,1,-1,9,1,61,9,649,1,4,KAWASAKI ER650,6,E01004925,0,1
2024231460362,2024,231460362,1,5,0,-1,19,6,8,-1,0,0,0,0,7,0,1,1,-1,9,2,26,6,649,1,4,KAWASAKI ER650,9,E01027120,0,4
2024411425366,2024,411425366,2,5,0,-1,4,5,1,-1,0,1,0,0,0,0,1,1,-1,9,1,48,8,649,1,3,KAWASAKI ER650,7,E01023944,0,3
2024411476014,2024,411476014,2,5,0,-1,19,5,1,-1,0,0,1,0,0,0,3,1,-1,6,1,39,7,649,1,2,KAWASAKI ER650,4,E01000239,0,4
2024471534957,2024,471534957,2,5,0,-1,19,7,3,-1,0,1,0,0,0,0,1,1,-1,9,2,22,5,649,1,3,KAWASAKI ER650,2,E01021012,0,2
2024231462613,2024,231462613,1,5,0,-1,19,6,2,-1,0,8,0,0,0,0,1,1,-1,6,1,37,7,649,1,1,KAWASAKI ER650,4,E01025953,0,3
2024552400440,2024,552400440,2,5,0,18,19,2,8,0,0,8,0,0,0,0,3,1,6,6,1,65,9,649,1,1,KAWASAKI ER650,3,E01015310,0,2
2024311529554,2024,311529554,2,5,0,-1,19,1,5,-1,0,2,0,0,0,0,1,1,-1,1,1,61,9,649,1,1,KAWASAKI ER650,-1,-1,0,-1
2024501512710,2024,501512710,1,9,0,-1,19,1,5,-1,0,0,0,0,0,0,1,1,-1,9,1,34,6,2997,2,3,LAND ROVER RANGE ROVER,5,E01000534,0,5
2024320166195,2024,320166195,2,9,0,8,8,2,6,0,0,2,0,0,0,0,2,1,-1,-1,1,43,7,2926,2,19,LAND ROVER RANGE ROVER,4,E01026259,0,4
2024430063389,2024,430063389,2,9,0,18,19,4,8,0,0,8,0,0,0,0,2,1,2,2,2,38,7,1997,8,3,LAND ROVER RANGE ROVER,7,E01002883,0,4
2024552401473,2024,552401473,1,9,0,18,19,6,2,0,0,0,0,0,0,0,1,1,6,6,3,-1,-1,4398,1,20,LAND ROVER RANGE ROVER,-1,-1,0,-1
2024101528393,2024,101528393,2,9,0,-1,19,7,3,-1,0,1,0,0,1,0,1,1,-1,9,1,64,9,4367,2,4,LAND ROVER RANGE ROVER,8,E01017715,0,5
2024631444488,2024,631444488,1,9,0,-1,13,8,4,-1,0,0,0,0,0,0,4,1,-1,6,3,-1,-1,4398,1,20,LAND ROVER RANGE ROVER,-1,-1,0,-1
2024010546861,2024,010546861,1,9,0,18,19,7,3,0,0,4,0,0,0,0,1,1,6,6,1,48,8,2996,8,1,LAND ROVER RANGE ROVER,7,E01001851,0,1
2024010539434,2024,010539434,2,9,9,99,99,9,9,99,99,9,9,99,9,99,9,9,6,6,2,56,9,4999,1,15,LAND ROVER RANGE ROVER,10,E01022094,0,4
2024010489039,2024,010489039,1,9,0,18,19,3,7,0,0,1,0,0,0,0,1,1,6,6,1,-1,-1,2997,2,1,LAND ROVER RANGE ROVER,-1,-1,0,-1
202454A589624,2024,54A589624,1,9,0,5,5,7,3,0,0,6,0,0,0,0,1,1,6,6,2,44,7,4999,1,5,LAND ROVER RANGE ROVER,8,E01031885,0,1
2024471467642,2024,471467642,1,9,0,-1,19,4,8,-1,0,0,5,4,0,0,1,1,-1,6,1,81,11,3628,2,16,LAND ROVER RANGE ROVER,1,E01020979,0,1
2024010519726,2024,010519726,2,9,0,99,99,9,9,99,99,9,9,99,9,99,1,9,6,6,3,-1,-1,4197,1,18,LAND ROVER RANGE ROVER,2,E01003046,0,1
2024010519409,2024,010519409,2,9,0,3,3,3,7,0,0,1,0,0,0,0,0,1,2,2,1,43,7,4367,2,9,LAND ROVER RANGE ROVER,6,E01034181,0,1
2024311465234,2024,311465234,2,9,0,-1,2,4,8,-1,0,0,0,0,0,0,3,1,-1,6,1,58,9,2993,2,4,LAND ROVER RANGE ROVER,10,E01028404,0,2
2024531511663,2024,531511663,1,9,0,-1,19,4,8,-1,0,0,2,0,1,9,4,1,-1,6,1,39,7,2993,2,10,LAND ROVER RANGE ROVER,10,E01029662,0,4
2024131419991,2024,131419991,1,9,0,-1,19,5,1,-1,0,1,0,0,0,0,1,1,-1,6,1,18,4,3628,2,14,LAND ROVER RANGE ROVER,5,E01011269,0,2
2024332401245,2024,332401245,1,9,0,-1,7,3,6,-1,0,4,0,0,0,0,3,1,-1,9,1,40,7,4367,2,8,LAND ROVER RANGE ROVER,2,E01013694,0,1
2024010516583,2024,010516583,1,9,0,18,19,7,3,0,0,1,0,0,0,0,1,1,6,6,1,63,9,4197,1,19,LAND ROVER RANGE ROVER,-1,-1,0,-1
2024411556244,2024,411556244,1,9,-1,-1,-1,-1,-1,-1,-1,2,-1,-1,-1,0,-1,9,-1,6,1,60,9,2993,2,5,LAND ROVER RANGE ROVER,7,E01023886,0,1
2024461475328,2024,461475328,2,9,0,-1,19,5,1,-1,0,0,0,0,0,0,1,1,-1,6,1,25,5,2997,2,1,LAND ROVER RANGE ROVER,8,E01024442,0,1
2024311510896,2024,311510896,1,9,0,-1,4,1,5,-1,0,5,0,0,0,0,1,1,-1,9,1,70,10,3628,2,17,LAND ROVER RANGE ROVER,8,E01031245,0,5
2024522401156,2024,522401156,5,9,0,2,2,0,0,0,0,2,0,0,0,0,3,1,6,6,3,-1,-1,4395,1,1,LAND ROVER RANGE ROVER,-1,-1,0,-1
2024552400571,2024,552400571,1,9,0,1,1,7,3,0,0,0,0,0,0,0,2,1,6,6,1,33,6,2997,2,0,LAND ROVER RANGE ROVER,3,E01032738,0,4
2024451530396,2024,451530396,1,9,0,-1,9,1,5,-1,0,6,0,0,0,0,1,1,-1,2,1,49,8,2997,2,0,LAND ROVER RANGE ROVER,10,E01030296,0,1
2024361408978,2024,361408978,1,9,0,-1,19,3,7,-1,0,0,0,0,7,0,1,1,-1,9,1,36,7,2926,2,21,LAND ROVER RANGE ROVER,4,E01026280,0,4
2024991538017,2024,991538017,2,9,0,-1,9,1,6,-1,0,1,0,0,0,0,3,1,-1,9,1,65,9,3628,2,17,LAND ROVER RANGE ROVER,10,-1,0,2
2024501502143,2024,501502143,1,9,0,-1,19,5,3,-1,0,3,0,0,7,4,3,1,-1,9,1,71,10,2993,2,9,LAND ROVER RANGE ROVER,7,E01015068,0,1
2024010535798,2024,010535798,1,9,0,18,19,3,7,0,0,1,0,0,0,0,1,1,6,6,1,29,6,2996,8,0,LAND ROVER RANGE ROVER,2,E01033587,0,3
2024440153707,2024,440153707,2,9,0,18,19,1,5,0,0,1,0,0,0,0,1,1,6,6,2,48,8,3628,2,17,LAND ROVER RANGE ROVER,-1,-1,0,-1
2024211468457,2024,211468457,2,9,0,-1,19,8,4,-1,0,0,1,0,0,0,0,9,-1,6,1,-1,-1,4367,2,6,LAND ROVER RANGE ROVER,10,E01018724,0,4
2024010537594,2024,010537594,2,9,0,18,19,8,4,0,0,1,0,0,0,0,1,1,6,6,1,47,8,4367,2,9,LAND ROVER RANGE ROVER,-1,-1,0,-1
2024991450576,2024,991450576,1,9,0,-1,19,3,1,-1,0,8,0,0,0,0,3,1,-1,9,1,78,11,3628,2,16,LAND ROVER RANGE ROVER,3,-1,0,1
2024471477368,2024,471477368,2,9,0,-1,19,4,8,-1,0,3,0,0,0,0,3,1,-1,6,2,63,9,2993,2,6,LAND ROVER RANGE ROVER,7,E01030628,0,3
2024471512293,2024,471512293,2,9,0,-1,19,4,8,-1,0,1,0,0,0,0,1,1,-1,9,1,59,9,2997,2,1,LAND ROVER RANGE ROVER,6,E01031658,0,1
2024471461658,2024,471461658,3,9,0,-1,19,7,3,-1,0,0,0,0,0,0,2,1,-1,9,1,53,8,4367,2,12,LAND ROVER RANGE ROVER,2,E01017089,0,4
2024010546277,2024,010546277,2,9,0,3,3,3,7,0,0,0,0,0,0,0,2,1,6,6,1,45,7,2993,2,8,LAND ROVER RANGE ROVER,4,E01004208,0,1
2024031476953,2024,031476953,1,9,0,-1,19,5,1,-1,0,0,0,0,0,0,4,2,-1,9,1,46,8,2993,2,4,LAND ROVER RANGE ROVER,-1,-1,0,-1
2024070297878,2024,070297878,1,9,0,5,5,3,1,0,0,1,0,0,1,0,3,1,6,6,1,-1,-1,4999,1,13,LAND ROVER RANGE ROVER,-1,-1,0,-1
2024010529921,2024,010529921,1,9,0,13,13,1,5,0,0,1,2,0,1,11,1,1,6,6,1,22,5,2997,2,0,LAND ROVER RANGE ROVER,3,E01000062,0,1
2024221524954,2024,221524954,1,9,0,-1,9,7,5,-1,0,6,0,0,0,0,1,9,-1,6,1,68,10,3628,2,17,LAND ROVER RANGE ROVER,6,E01022233,0,1
2024361424690,2024,361424690,1,9,0,-1,19,5,1,-1,0,0,0,0,0,0,1,9,-1,9,1,26,6,2997,2,2,LAND ROVER RANGE ROVER,6,E01030052,0,4
2024401423550,2024,401423550,2,9,0,-1,15,5,1,-1,0,0,0,0,0,0,4,1,-1,2,2,42,7,3628,2,16,LAND ROVER RANGE ROVER,8,E01017670,0,1
2024440149429,2024,440149429,2,9,0,15,15,4,8,0,0,0,1,0,4,6,1,1,6,6,1,43,7,4367,2,13,LAND ROVER RANGE ROVER,-1,-1,0,-1
2024131464764,2024,131464764,2,9,0,-1,19,5,1,-1,0,0,0,0,0,0,1,1,-1,6,1,73,10,2993,2,4,LAND ROVER RANGE ROVER,7,E01011942,0,4
2024430553692,2024,430553692,2,9,0,14,14,8,4,0,0,1,0,0,0,0,4,1,6,6,1,45,7,4197,1,17,LAND ROVER RANGE ROVER,-1,-1,0,-1
2024061470815,2024,061470815,5,9,0,-1,19,5,1,-1,0,1,0,0,0,0,1,1,-1,6,2,51,8,2997,2,2,LAND ROVER RANGE ROVER,1,E01004830,0,1
2024430458569,2024,430458569,1,9,0,18,19,4,8,0,0,2,0,0,0,0,1,1,6,6,2,53,8,1997,8,5,LAND ROVER RANGE ROVER,-1,-1,0,-1
2024161526952,2024,161526952,2,9,0,-1,2,7,3,-1,9,0,0,0,0,0,1,1,-1,6,-1,-1,-1,4367,2,9,LAND ROVER RANGE ROVER,-1,-1,0,-1
2024461467677,2024,461467677,1,9,0,-1,5,5,1,-1,0,0,0,0,0,0,1,1,-1,2,1,26,6,3628,2,15,LAND ROVER RANGE ROVER,3,E01032830,0,1
2024991530391,2024,991530391,2,9,0,-1,2,0,0,-1,0,1,0,0,0,0,2,1,-1,6,-1,-1,-1,2996,8,0,LAND ROVER RANGE ROVER,-1,-1,0,-1
2024311506202,2024,311506202,1,9,0,-1,19,3,7,-1,0,0,0,0,7,4,1,1,-1,9,1,76,11,2997,2,3,LAND ROVER RANGE ROVER,5,-1,0,5
2024131477987,2024,131477987,1,9,0,-1,19,2,3,-1,0,8,0,0,0,0,1,1,-1,6,1,60,9,2926,2,18,LAND ROVER RANGE ROVER,2,E01010665,0,1
2024010517797,2024,010517797,1,9,0,13,13,3,7,0,0,1,0,0,7,1,4,1,6,6,3,24,5,2993,2,10,LAND ROVER RANGE ROVER,-1,-1,0,-1
2024332400220,2024,332400220,1,9,0,-1,19,8,6,-1,0,2,0,0,1,4,1,1,-1,6,1,47,8,3628,2,16,LAND ROVER RANGE ROVER,2,E01013634,0,1
2024461472768,2024,461472768,2,9,0,-1,2,0,0,-1,0,2,0,0,0,0,2,1,-1,6,-1,-1,-1,2926,2,21,LAND ROVER RANGE ROVER,-1,-1,0,-1
2024311412326,2024,311412326,1,9,0,-1,1,-1,-1,-1,0,0,0,0,0,0,2,9,-1,6,1,34,6,2926,2,18,LAND ROVER RANGE ROVER,2,E01013842,0,1
2024461521214,2024,461521214,1,9,0,-1,19,2,4,-1,9,0,0,0,1,4,1,2,-1,6,1,32,6,4999,1,9,LAND ROVER RANGE ROVER,5,E01024345,0,3
2024010519996,2024,010519996,2,9,0,18,19,3,7,0,0,0,0,0,0,0,2,1,6,6,1,35,6,2996,8,0,LAND ROVER RANGE ROVER,9,E01018222,0,4
2024531526667,2024,531526667,2,9,0,-1,19,1,5,-1,0,0,0,0,1,10,3,1,-1,9,2,53,8,2926,2,18,LAND ROVER RANGE ROVER,3,E01022364,0,2
2024010535181,2024,010535181,2,9,0,99,99,9,9,99,99,0,9,99,9,99,1,9,6,6,3,-1,-1,2996,1,2,LAND ROVER RANGE ROVER,-1,-1,0,-1
2024421506291,2024,421506291,1,9,0,-1,9,8,6,-1,0,8,0,0,3,4,1,1,-1,6,1,81,11,3628,2,15,LAND ROVER RANGE ROVER,8,E01034363,0,1
2024610009524,2024,610009524,2,9,0,17,19,8,6,0,0,0,0,0,1,0,1,1,2,2,1,34,6,4367,2,11,LAND ROVER RANGE ROVER,4,W01001598,0,3
2024231436967,2024,231436967,1,9,0,-1,5,3,7,-1,0,6,0,0,0,0,4,9,-1,9,1,59,9,2993,2,9,LAND ROVER RANGE ROVER,8,E01031252,0,1
2024622400681,2024,622400681,1,9,4,4,4,8,4,0,0,0,0,0,0,0,4,1,6,6,1,75,10,2497,2,28,LAND ROVER RANGE ROVER,6,W01000803,0,3
2024430485683,2024,430485683,2,9,0,4,4,4,8,0,0,0,0,0,0,0,2,1,6,6,1,43,7,4367,2,9,LAND ROVER RANGE ROVER,8,E01012138,0,5
2024122400596,2024,122400596,1,9,0,5,5,3,1,0,0,6,0,0,0,0,3,1,6,6,2,44,7,4367,2,12,LAND ROVER RANGE ROVER,8,E01027677,0,1