collision_index,collision_year,collision_ref_no,vehicle_reference,vehicle_type,towing_and_articulation,vehicle_manoeuvre_historic,vehicle_manoeuvre,vehicle_direction_from,vehicle_direction_to,vehicle_location_restricted_lane_historic,vehicle_location_restricted_lane,junction_location,skidding_and_overturning,hit_object_in_carriageway,vehicle_leaving_carriageway,hit_object_off_carriageway,first_point_of_impact,vehicle_left_hand_drive,journey_purpose_of_driver_historic,journey_purpose_of_driver,sex_of_driver,age_of_driver,age_band_of_driver,engine_capacity_cc,propulsion_code,age_of_vehicle,generic_make_model,driver_imd_decile,lsoa_of_driver,escooter_flag,driver_distance_banding
2024430278690,2024,430278690,1,9,0,17,19,7,3,0,0,0,0,0,0,0,1,1,6,6,1,47,8,4367,2,8,LAND ROVER RANGE ROVER,-1,-1,0,-1
2024010506844,2024,010506844,2,9,0,99,99,9,9,99,99,0,9,99,9,99,9,9,6,6,3,-1,-1,2997,2,2,LAND ROVER RANGE ROVER,-1,-1,0,-1
2024201436997,2024,201436997,1,9,0,-1,7,2,4,-1,0,5,0,0,0,0,4,9,-1,1,1,27,6,4367,2,9,LAND ROVER RANGE ROVER,7,E01010246,0,3
2024991531006,2024,991531006,1,9,0,-1,19,1,5,-1,0,0,0,0,0,0,1,1,-1,6,1,27,6,4398,1,20,LAND ROVER RANGE ROVER,8,-1,0,4
2024411408896,2024,411408896,2,9,0,-1,4,1,5,-1,0,0,0,0,0,0,2,1,-1,9,2,43,7,2997,2,1,LAND ROVER RANGE ROVER,9,E01023731,0,1
2024010547233,2024,010547233,2,9,0,18,19,5,1,0,0,0,0,0,0,0,0,1,6,6,1,37,7,2993,2,9,LAND ROVER RANGE ROVER,2,E01000102,0,1
2024302401422,2024,302401422,2,9,0,18,19,6,2,0,0,0,0,0,0,0,2,1,6,6,1,52,8,2997,2,2,LAND ROVER RANGE ROVER,8,E01019603,0,3
2024351482301,2024,351482301,2,9,0,-1,19,1,5,-1,0,0,0,0,0,0,1,1,-1,9,1,69,10,4367,2,13,LAND ROVER RANGE ROVER,9,E01007670,0,4
2024461581342,2024,461581342,1,9,0,-1,19,2,6,-1,0,4,5,0,0,0,1,1,-1,9,1,24,5,3628,2,14,LAND ROVER RANGE ROVER,6,E01028691,0,5
2024061426893,2024,061426893,1,9,0,-1,19,1,5,-1,0,0,0,0,0,0,1,1,-1,6,1,28,6,4367,2,10,LAND ROVER RANGE ROVER,7,E01004892,0,1
2024231515750,2024,231515750,1,9,0,-1,19,4,7,-1,0,0,1,0,7,9,1,1,-1,9,2,54,8,4395,1,1,LAND ROVER RANGE ROVER,2,E01032465,0,4
2024401539751,2024,401539751,2,9,0,-1,19,1,5,-1,0,0,0,0,0,0,4,1,-1,9,1,67,10,4367,2,4,LAND ROVER RANGE ROVER,10,E01027280,0,4
2024461508999,2024,461508999,1,9,0,-1,19,7,5,-1,9,0,2,10,1,11,4,1,-1,6,1,20,4,3950,1,24,LAND ROVER RANGE ROVER,-1,-1,0,-1
2024451456882,2024,451456882,1,9,0,-1,19,1,4,-1,0,0,0,0,0,0,4,9,-1,9,2,45,7,2993,2,5,LAND ROVER RANGE ROVER,7,E01004193,0,1
2024101520960,2024,101520960,2,9,0,-1,19,1,5,-1,0,0,0,0,0,0,0,1,-1,9,1,32,6,2926,2,19,LAND ROVER RANGE ROVER,1,E01027540,0,1
2024461445409,2024,461445409,1,9,4,-1,19,5,5,-1,0,0,0,0,0,0,0,9,-1,6,1,27,6,2926,2,20,LAND ROVER RANGE ROVER,-1,-1,0,-1
2024010544480,2024,010544480,2,9,0,18,19,1,5,0,0,1,0,0,0,0,1,1,6,6,3,-1,-1,2993,2,12,LAND ROVER RANGE ROVER,-1,-1,0,-1
2024421491149,2024,421491149,2,9,0,-1,9,6,8,-1,0,6,0,0,0,0,3,1,-1,6,1,51,8,2993,2,5,LAND ROVER RANGE ROVER,8,E01022060,0,1
2024430458926,2024,430458926,1,9,0,18,19,8,4,0,0,0,0,0,0,0,1,1,6,6,1,-1,-1,4398,1,20,LAND ROVER RANGE ROVER,10,E01028789,0,2
2024221509755,2024,221509755,1,9,0,-1,19,7,3,-1,0,0,2,0,5,6,1,9,-1,6,1,24,5,3628,2,16,LAND ROVER RANGE ROVER,9,E01019595,0,5
2024061412616,2024,061412616,1,9,0,-1,19,1,1,-1,0,1,0,4,0,0,1,9,-1,6,1,34,6,2926,2,20,LAND ROVER RANGE ROVER,3,E01005297,0,1
2024010519758,2024,010519758,1,9,0,9,9,5,3,0,0,6,0,0,0,0,1,1,6,6,1,57,9,2996,1,0,LAND ROVER RANGE ROVER,8,E01002821,0,1
2024461466219,2024,461466219,1,9,0,-1,19,4,2,-1,0,0,0,0,0,0,1,9,-1,6,3,-1,-1,3950,6,26,LAND ROVER RANGE ROVER,-1,-1,0,-1
2024361428610,2024,361428610,2,9,0,-1,13,7,4,-1,0,0,5,0,7,0,4,1,-1,9,1,60,9,2993,2,9,LAND ROVER RANGE ROVER,5,E01026487,0,1
2024311395726,2024,311395726,1,9,0,-1,12,2,5,-1,0,0,0,0,0,0,1,1,-1,1,1,56,9,2926,2,20,LAND ROVER RANGE ROVER,1,E01028263,0,3
2024010508630,2024,010508630,3,9,0,5,5,0,5,0,0,1,0,0,0,0,4,1,1,1,1,34,6,2996,1,2,LAND ROVER RANGE ROVER,8,W01000295,0,5
2024471491699,2024,471491699,2,9,0,-1,19,7,3,-1,0,0,0,0,0,0,3,1,-1,9,1,30,6,1997,8,4,LAND ROVER RANGE ROVER,10,E01031635,0,3
2024201458898,2024,201458898,1,9,0,-1,19,1,6,-1,0,0,0,10,1,4,1,1,-1,2,1,64,9,4367,2,12,LAND ROVER RANGE ROVER,5,E01010167,0,1
2024302400931,2024,302400931,2,9,0,4,4,5,7,0,0,5,0,0,1,0,1,2,6,6,1,37,7,2993,2,11,LAND ROVER RANGE ROVER,6,E01019719,0,2
2024041516426,2024,041516426,6,9,0,-1,4,3,7,-1,0,0,0,0,0,0,2,1,-1,6,2,50,8,2996,8,0,LAND ROVER RANGE ROVER,5,E01005018,0,3
2024501529828,2024,501529828,3,9,0,-1,19,3,7,-1,0,1,0,0,0,0,1,1,-1,9,1,50,8,4367,2,9,LAND ROVER RANGE ROVER,6,E01020179,0,4
2024501482710,2024,501482710,1,9,4,-1,19,7,4,-1,9,1,0,0,1,11,4,1,-1,9,1,51,8,2926,2,21,LAND ROVER RANGE ROVER,7,E01020136,0,4
2024520500006,2024,520500006,2,9,0,4,4,1,2,0,0,4,0,0,0,0,1,1,6,6,3,-1,-1,4999,1,6,LAND ROVER RANGE ROVER,-1,-1,0,-1
2024201435148,2024,201435148,1,9,0,-1,19,2,6,-1,0,1,0,0,0,0,1,1,-1,6,1,22,5,2993,2,7,LAND ROVER RANGE ROVER,1,E01009192,0,1
2024401477278,2024,401477278,2,9,0,-1,19,5,1,-1,0,1,0,0,0,0,2,1,-1,1,1,39,7,3628,2,14,LAND ROVER RANGE ROVER,10,E01033190,0,3
2024231452995,2024,231452995,1,9,0,-1,19,4,8,-1,0,0,0,0,0,0,1,9,-1,6,1,39,7,2993,2,11,LAND ROVER RANGE ROVER,10,E01032895,0,3
2024451441349,2024,451441349,1,9,0,-1,19,8,4,-1,0,0,1,0,0,0,1,1,-1,9,1,47,8,4367,2,7,LAND ROVER RANGE ROVER,5,E01030656,0,1
2024440248789,2024,440248789,2,9,0,12,12,6,2,0,0,0,0,0,0,0,3,1,6,6,1,59,9,2993,2,7,LAND ROVER RANGE ROVER,6,E01023236,0,3
2024430060891,2024,430060891,1,9,0,18,19,8,4,4,4,1,0,0,0,0,1,1,6,6,1,60,9,2993,2,7,LAND ROVER RANGE ROVER,9,E01000001,0,4
2024501411929,2024,501411929,1,9,0,-1,19,5,1,-1,0,0,5,7,0,0,3,9,-1,6,1,40,7,1997,8,4,LAND ROVER RANGE ROVER,-1,-1,0,-1
2024010533426,2024,010533426,2,9,0,99,99,9,9,99,99,9,9,99,9,99,1,9,6,6,3,-1,-1,2993,2,5,LAND ROVER RANGE ROVER,-1,-1,0,-1
2024122400404,2024,122400404,1,9,0,3,3,7,3,0,0,0,0,0,0,0,0,1,6,6,1,-1,-1,2993,2,4,LAND ROVER RANGE ROVER,-1,-1,0,-1
2024010523338,2024,010523338,2,9,0,13,13,7,3,0,0,1,0,0,0,0,3,1,6,6,1,48,8,2997,2,3,LAND ROVER RANGE ROVER,4,E01016143,0,4
2024111532882,2024,111532882,2,9,0,-1,3,1,5,-1,0,0,0,0,0,0,2,1,-1,6,1,-1,-1,2993,2,11,LAND ROVER RANGE ROVER,6,E01020608,0,1
2024211521687,2024,211521687,2,9,0,-1,9,3,5,-1,0,8,0,0,7,0,1,1,-1,2,2,70,10,2996,8,1,LAND ROVER RANGE ROVER,9,E01029687,0,1
2024010522867,2024,010522867,2,9,0,18,19,7,3,0,0,0,0,0,0,0,2,1,6,6,1,28,6,2993,2,9,LAND ROVER RANGE ROVER,4,E01001232,0,1
2024061508652,2024,061508652,1,9,0,-1,5,1,4,-1,0,1,0,0,0,0,1,1,-1,2,1,37,7,2993,2,5,LAND ROVER RANGE ROVER,-1,-1,0,-1
2024471536515,2024,471536515,2,9,0,-1,19,6,2,-1,0,0,5,0,0,0,3,1,-1,9,1,59,9,2996,8,0,LAND ROVER RANGE ROVER,5,E01019394,0,5
2024041470671,2024,041470671,1,9,0,-1,19,3,7,-1,0,0,0,0,0,0,1,1,-1,9,1,53,8,2993,2,8,LAND ROVER RANGE ROVER,7,E01005769,0,4
2024340NN2722,2024,340NN2722,3,9,0,-1,4,3,7,-1,0,0,0,0,0,0,2,1,-1,2,2,56,9,4367,2,8,LAND ROVER RANGE ROVER,5,E01027778,0,5
2024010516171,2024,010516171,2,9,0,99,99,9,9,99,99,0,9,99,9,99,9,9,6,6,3,60,9,4395,1,2,LAND ROVER RANGE ROVER,2,E01002694,0,1
2024010497895,2024,010497895,1,9,0,14,14,1,5,0,0,0,0,0,0,0,1,1,6,6,1,62,9,4395,1,1,LAND ROVER RANGE ROVER,6,E01001086,0,3
2024991404669,2024,991404669,1,9,0,-1,19,6,2,-1,0,0,5,0,1,11,1,1,-1,2,1,52,8,2993,2,10,LAND ROVER RANGE ROVER,1,-1,0,2
2024461487819,2024,461487819,1,9,0,-1,19,7,3,-1,0,0,0,0,0,0,4,1,-1,9,1,43,7,2993,2,5,LAND ROVER RANGE ROVER,-1,-1,0,-1
2024131477793,2024,131477793,2,9,0,-1,19,7,3,-1,0,0,0,0,0,0,4,1,-1,9,1,45,7,2996,8,0,LAND ROVER RANGE ROVER,10,E01013436,0,4
2024320584259,2024,320584259,1,9,0,-1,-1,3,7,0,0,0,0,0,1,4,1,1,-1,-1,2,42,7,2700,2,18,LAND ROVER RANGE ROVER,2,E01026037,0,4
2024010540091,2024,010540091,2,9,0,2,2,0,0,0,0,0,0,0,0,0,4,1,6,6,3,-1,-1,2997,2,2,LAND ROVER RANGE ROVER,-1,-1,0,-1
2024302400886,2024,302400886,1,9,0,4,4,8,4,0,0,0,1,0,0,0,1,1,6,6,1,41,7,2996,8,2,LAND ROVER RANGE ROVER,10,E01025916,0,2
2024622400091,2024,622400091,2,9,0,9,9,4,2,0,0,5,0,0,0,0,1,1,1,1,1,54,8,2997,2,3,LAND ROVER RANGE ROVER,10,W01001072,0,2
2024061528713,2024,061528713,1,9,0,-1,5,7,3,-1,0,6,0,0,0,0,1,1,-1,6,1,70,10,4197,1,16,LAND ROVER RANGE ROVER,7,E01005014,0,1
2024411465677,2024,411465677,2,9,0,-1,19,7,3,-1,0,0,0,0,0,0,3,1,-1,6,2,38,7,2997,2,3,LAND ROVER RANGE ROVER,10,E01023497,0,1
2024991529150,2024,991529150,1,9,0,-1,19,3,7,-1,0,0,0,0,0,0,1,1,-1,6,2,59,9,4367,2,8,LAND ROVER RANGE ROVER,2,-1,0,1
2024010542340,2024,010542340,2,9,0,99,99,9,9,99,99,9,9,99,9,99,9,9,6,6,3,-1,-1,4197,1,17,LAND ROVER RANGE ROVER,7,E01004307,0,1
2024201452283,2024,201452283,1,9,0,-1,19,4,8,-1,0,0,2,10,1,4,1,1,-1,6,1,41,7,4554,1,26,LAND ROVER RANGE ROVER,8,E01022182,0,4
2024631433794,2024,631433794,1,9,4,-1,19,4,8,-1,0,0,0,5,0,0,0,1,-1,6,3,-1,-1,4398,1,19,LAND ROVER RANGE ROVER,-1,-1,0,-1
2024461533828,2024,461533828,1,9,0,-1,19,8,8,-1,0,0,5,0,1,0,3,1,-1,9,1,52,8,2996,1,3,LAND ROVER RANGE ROVER,6,E01023987,0,1
2024010528528,2024,010528528,1,9,0,3,3,5,1,0,0,0,0,0,0,0,1,1,6,6,1,25,5,2997,2,1,LAND ROVER RANGE ROVER,10,E01018574,0,5
2024421482581,2024,421482581,1,9,0,-1,19,1,6,-1,-1,0,5,0,1,0,4,1,-1,6,1,82,11,4293,1,23,-1,4,E01034224,0,4
2024440359715,2024,440359715,2,3,0,18,19,8,4,0,0,0,0,0,0,0,1,1,6,6,1,17,4,124,1,13,-1,10,E01022608,0,1
2024010546604,2024,010546604,1,9,0,99,99,9,9,99,99,9,9,99,9,99,9,9,6,6,3,41,7,3982,1,5,MERCEDES AMG CLASS,6,E01023394,0,4
2024991522829,2024,991522829,1,9,0,-1,19,4,7,-1,0,4,0,0,0,0,1,1,-1,6,1,29,6,2996,1,5,MERCEDES AMG CLASS,3,-1,0,3
2024061437212,2024,061437212,1,9,0,-1,19,7,3,-1,0,1,0,0,0,0,1,1,-1,6,1,35,6,1991,1,5,MERCEDES AMG CLASS,-1,-1,0,-1
2024122400603,2024,122400603,1,9,0,18,19,3,7,0,0,0,0,0,0,0,1,1,2,2,1,47,8,2996,1,5,MERCEDES AMG CLASS,6,E01027774,0,2
2024311421065,2024,311421065,1,9,0,-1,19,7,3,-1,0,1,0,0,0,0,1,1,-1,2,1,32,6,1991,1,4,MERCEDES AMG CLASS,7,E01028293,0,1
2024131478345,2024,131478345,1,9,0,-1,9,1,5,-1,9,1,0,0,3,11,3,1,-1,9,1,37,7,-1,3,0,MERCEDES AMG CLASS,1,E01011032,0,3
2024010526540,2024,010526540,1,9,0,4,4,3,7,0,0,1,0,0,0,0,2,1,6,6,2,42,7,2996,1,2,MERCEDES AMG CLASS,-1,-1,0,-1
2024201458981,2024,201458981,2,9,0,-1,9,5,2,-1,0,2,1,10,1,0,1,1,-1,9,1,28,6,1991,1,4,MERCEDES AMG CLASS,2,E01009090,0,1
2024631480979,2024,631480979,1,9,0,-1,19,5,1,-1,0,0,5,0,1,0,1,1,-1,9,1,37,7,3982,1,7,MERCEDES AMG CLASS,2,E01029727,0,5
2024010537797,2024,010537797,1,9,0,4,4,7,3,0,0,2,0,0,0,0,0,1,6,6,1,52,8,3982,1,7,MERCEDES AMG CLASS,10,E01003008,0,3
2024211488216,2024,211488216,1,9,0,-1,19,7,3,-1,0,0,1,11,0,0,4,1,-1,9,1,36,7,2996,1,8,MERCEDES AMG CLASS,-1,-1,0,-1
2024010546507,2024,010546507,4,9,0,18,19,3,7,0,0,0,0,7,0,0,4,1,6,6,1,19,4,1991,1,2,MERCEDES AMG CLASS,4,E01003785,0,2
2024010529628,2024,010529628,1,9,0,6,6,5,5,0,0,1,0,0,0,0,0,2,6,6,1,35,6,1991,1,5,MERCEDES AMG CLASS,6,E01003223,0,1
2024320209471,2024,320209471,2,9,0,-1,-1,4,8,0,0,8,0,0,0,0,1,1,-1,-1,2,38,7,1991,1,4,MERCEDES AMG CLASS,8,E01028371,0,3
2024991450475,2024,991450475,1,9,0,-1,14,1,5,-1,0,0,0,0,0,0,1,1,-1,6,1,33,6,2996,1,3,MERCEDES AMG CLASS,8,-1,0,1
2024451539165,2024,451539165,1,9,0,-1,19,4,8,-1,0,1,1,11,1,11,1,1,-1,9,1,46,8,3982,1,5,MERCEDES AMG CLASS,10,E01034723,0,2
2024991452771,2024,991452771,2,9,0,-1,19,2,7,-1,0,0,1,0,0,0,1,1,-1,9,1,57,9,2996,1,4,MERCEDES AMG CLASS,10,-1,0,2
2024461407375,2024,461407375,1,9,0,-1,19,5,1,-1,0,2,0,0,0,0,1,1,-1,6,1,26,6,1991,1,6,MERCEDES AMG CLASS,-1,-1,0,-1
2024340WN2162,2024,340WN2162,2,9,0,-1,19,1,5,-1,0,0,0,0,0,0,3,1,-1,2,1,61,9,1991,1,1,MERCEDES AMG CLASS,10,E01027275,0,1
2024010534539,2024,010534539,3,9,0,2,2,0,0,9,9,1,0,0,0,0,2,1,6,6,3,-1,-1,1991,1,2,MERCEDES AMG CLASS,-1,-1,0,-1
2024010543176,2024,010543176,2,9,0,18,19,5,1,0,0,1,0,0,0,0,1,1,6,6,2,24,5,3982,1,4,MERCEDES AMG CLASS,8,E01019890,0,5
2024430174181,2024,430174181,3,9,0,18,19,8,4,0,0,0,0,0,0,0,1,1,6,6,2,49,8,1991,1,5,MERCEDES AMG CLASS,10,E01033969,0,3
2024361523502,2024,361523502,1,9,0,-1,19,7,7,-1,0,0,2,10,7,9,3,1,-1,9,1,45,7,2996,1,8,MERCEDES AMG CLASS,7,E01026514,0,1
2024211470703,2024,211470703,2,9,0,-1,19,7,3,-1,0,0,0,0,0,0,1,1,-1,9,1,20,4,2996,1,6,MERCEDES AMG CLASS,4,E01029373,0,1
2024430505625,2024,430505625,1,9,0,17,19,2,7,0,0,0,2,0,1,9,4,1,6,6,1,22,5,1991,1,1,MERCEDES AMG CLASS,-1,-1,0,-1
2024332400942,2024,332400942,1,9,0,-1,19,8,4,-1,0,0,1,10,6,0,1,1,-1,6,1,24,5,1991,1,2,MERCEDES AMG CLASS,3,E01013763,0,2
2024010503471,2024,010503471,2,9,0,18,19,1,5,0,0,1,0,0,0,0,1,1,6,6,3,-1,-1,2999,8,4,MERCEDES AMG CLASS,-1,-1,0,-1
2024010534177,2024,010534177,2,9,0,2,2,0,0,6,6,1,0,8,0,0,3,1,6,6,3,-1,-1,2996,1,2,MERCEDES AMG CLASS,-1,-1,0,-1
2024481570252,2024,481570252,1,9,0,-1,13,7,3,-1,0,0,0,0,0,0,1,1,-1,9,1,31,6,2996,1,6,MERCEDES AMG CLASS,-1,-1,0,-1
2024440375377,2024,440375377,1,9,0,16,19,6,1,0,0,0,2,0,2,11,1,1,6,6,1,29,6,2996,1,6,MERCEDES AMG CLASS,1,E01017331,0,2
2024010539966,2024,010539966,1,9,0,7,7,2,4,0,0,4,0,9,0,0,1,1,2,2,1,31,6,2996,1,8,MERCEDES AMG CLASS,-1,-1,0,-1
2024631414849,2024,631414849,1,9,0,-1,19,2,6,-1,0,8,0,0,3,4,1,1,-1,9,1,25,5,1991,1,9,MERCEDES AMG CLASS,9,W01000476,0,2
2024501416882,2024,501416882,1,9,0,-1,19,6,1,-1,0,0,0,0,1,0,4,9,-1,9,1,52,8,2996,1,7,MERCEDES AMG CLASS,5,E01034168,0,3
2024332400493,2024,332400493,1,9,0,-1,3,6,2,-1,0,0,0,0,0,0,2,1,-1,2,2,26,6,1991,1,5,MERCEDES AMG CLASS,2,E01026154,0,4
2024131535603,2024,131535603,2,9,0,-1,2,1,1,-1,0,0,0,0,0,0,2,1,-1,6,-1,-1,-1,1991,1,2,MERCEDES AMG CLASS,-1,-1,0,-1
2024302401240,2024,302401240,2,9,0,3,3,3,7,0,0,1,0,0,0,0,2,1,6,6,1,29,6,2996,1,7,MERCEDES AMG CLASS,5,E01019861,0,1
2024201530839,2024,201530839,1,9,0,-1,19,5,1,-1,9,0,1,0,1,0,1,1,-1,9,1,52,8,3982,1,5,MERCEDES AMG CLASS,4,E01008920,0,1
2024302401492,2024,302401492,2,9,0,18,19,2,6,0,0,6,0,0,3,11,1,1,6,6,1,25,5,3982,1,1,MERCEDES AMG CLASS,4,E01033658,0,4
2024141529367,2024,141529367,2,9,0,-1,13,6,2,-1,0,0,0,0,0,0,4,1,-1,6,3,-1,-1,1991,1,2,MERCEDES AMG CLASS,-1,-1,0,-1
2024070741384,2024,070741384,2,9,0,-1,19,7,3,-1,0,8,0,0,0,0,1,1,-1,6,2,31,6,3982,1,7,MERCEDES AMG CLASS,6,E01018481,0,1
2024401433345,2024,401433345,1,9,0,-1,19,8,4,-1,0,0,0,0,0,0,1,1,-1,6,1,37,7,5461,1,9,MERCEDES AMG CLASS,2,E01015779,0,1
2024622400698,2024,622400698,1,9,0,18,19,8,4,0,0,1,0,0,0,0,1,1,6,6,2,37,7,1991,1,6,MERCEDES AMG CLASS,9,W01002018,0,2
2024010528166,2024,010528166,2,9,0,99,99,9,9,0,0,9,0,0,0,0,3,9,6,6,1,23,5,2996,1,1,MERCEDES AMG CLASS,2,E01033000,0,2
2024302400303,2024,302400303,1,9,0,18,19,2,6,0,0,8,0,0,0,0,1,1,2,2,1,40,7,3982,1,2,MERCEDES AMG CLASS,7,E01035507,0,3
2024302400630,2024,302400630,1,9,0,16,19,1,4,0,0,0,1,0,1,4,1,1,6,6,1,26,6,3982,1,7,MERCEDES AMG CLASS,2,E01019579,0,1
2024451480268,2024,451480268,1,9,0,-1,19,7,3,-1,0,1,0,0,0,0,1,1,-1,9,1,76,11,5461,1,9,MERCEDES AMG CLASS,10,E01030349,0,1
2024531465674,2024,531465674,1,9,0,-1,5,1,5,-1,0,0,0,0,0,0,3,1,-1,9,2,51,8,1991,1,3,MERCEDES AMG CLASS,6,E01032222,0,4
2024131472816,2024,131472816,1,9,0,-1,7,8,4,-1,0,1,0,0,0,0,4,1,-1,6,1,23,5,1991,1,4,MERCEDES AMG CLASS,1,E01011001,0,1
2024302401396,2024,302401396,1,9,0,18,19,1,5,0,0,0,0,0,7,11,1,1,6,6,1,30,6,1991,1,4,MERCEDES AMG CLASS,3,E01013930,0,3
2024010535857,2024,010535857,2,9,0,2,2,0,0,9,9,0,0,0,0,0,2,1,6,6,3,-1,-1,1991,8,0,MERCEDES AMG CLASS,-1,-1,0,-1
2024010529852,2024,010529852,2,9,0,8,8,1,3,0,0,2,0,0,1,0,4,1,6,6,2,31,6,1991,1,4,MERCEDES AMG CLASS,-1,-1,0,-1
2024332400110,2024,332400110,1,9,0,-1,19,5,1,-1,0,8,0,0,0,0,1,1,-1,1,1,26,6,1991,1,5,MERCEDES AMG CLASS,7,E01029749,0,4
2024010512186,2024,010512186,1,9,0,18,19,5,1,0,0,4,5,7,6,6,1,1,6,6,1,26,6,2996,1,5,MERCEDES AMG CLASS,5,E01000337,0,2
2024041532008,2024,041532008,1,9,0,-1,5,3,7,-1,0,0,0,4,0,0,4,1,-1,9,2,36,7,1991,1,3,MERCEDES AMG CLASS,4,E01025314,0,1
2024201431625,2024,201431625,1,9,0,-1,19,8,4,-1,0,1,0,10,1,0,1,1,-1,6,1,20,4,2996,1,8,MERCEDES AMG CLASS,-1,-1,0,-1
2024440464871,2024,440464871,1,9,0,18,19,3,7,0,0,0,0,0,0,0,2,1,6,6,3,-1,-1,3982,1,1,MERCEDES AMG CLASS,-1,-1,0,-1
2024320040380,2024,320040380,2,9,0,4,4,8,4,0,0,1,0,0,0,0,2,1,6,6,1,26,6,1991,1,5,MERCEDES AMG CLASS,7,E01034684,0,1
2024141408712,2024,141408712,2,9,0,-1,4,1,5,-1,0,0,0,0,0,0,2,1,-1,6,2,35,6,1991,1,4,MERCEDES AMG CLASS,1,E01009622,0,5
2024430625337,2024,430625337,1,9,0,18,19,4,8,0,0,1,0,0,0,0,1,1,6,6,1,20,4,1991,1,4,MERCEDES AMG CLASS,8,E01034451,0,1
2024052401093,2024,052401093,2,9,0,18,19,3,7,0,0,1,0,0,0,0,1,1,6,6,1,44,7,2996,1,6,MERCEDES AMG CLASS,8,E01025561,0,4
2024520401539,2024,520401539,2,9,0,18,19,5,1,0,0,8,0,0,0,0,1,1,6,6,1,60,9,2996,1,5,MERCEDES AMG CLASS,10,E01020420,0,4
2024991416334,2024,991416334,1,9,0,-1,19,8,4,-1,0,0,0,4,0,0,1,1,-1,2,1,26,6,2996,1,6,MERCEDES AMG CLASS,9,-1,0,3
2024411414497,2024,411414497,1,9,-1,-1,19,3,7,-1,0,0,0,0,0,0,1,9,-1,6,1,27,6,1991,1,2,MERCEDES AMG CLASS,1,E01013722,0,5
2024131492240,2024,131492240,1,9,0,-1,19,-1,-1,-1,0,8,0,0,0,0,-1,1,-1,6,3,-1,-1,1991,1,3,MERCEDES AMG CLASS,-1,-1,0,-1
2024201477680,2024,201477680,1,9,0,-1,7,2,4,-1,2,5,0,10,1,0,1,9,-1,6,3,-1,-1,1991,1,3,MERCEDES AMG CLASS,-1,-1,0,-1
2024451463224,2024,451463224,1,9,0,-1,3,1,7,-1,0,0,0,0,0,0,2,9,-1,9,2,35,6,3982,1,6,MERCEDES AMG CLASS,7,E01030591,0,1
2024421463612,2024,421463612,1,9,0,-1,19,2,6,-1,0,1,0,0,0,0,1,1,-1,6,1,23,5,1991,1,5,MERCEDES AMG CLASS,2,E01021315,0,1
2024461509662,2024,461509662,2,9,0,-1,19,5,1,-1,0,0,2,10,1,0,1,1,-1,6,1,26,6,1991,1,2,MERCEDES AMG CLASS,8,E01024439,0,1
2024010500116,2024,010500116,2,9,0,99,99,9,9,99,99,9,9,99,9,99,9,9,6,6,3,-1,-1,1991,1,2,MERCEDES AMG CLASS,-1,-1,0,-1
2024070870159,2024,070870159,1,9,0,-1,19,3,7,-1,0,8,1,0,0,0,1,1,-1,9,1,26,6,1991,1,4,MERCEDES AMG CLASS,2,E01012388,0,1
2024131423425,2024,131423425,1,9,0,-1,9,8,4,-1,0,8,0,0,0,0,4,1,-1,9,1,19,4,1991,1,5,MERCEDES AMG CLASS,2,E01034947,0,5
2024010513457,2024,010513457,2,9,0,99,99,9,9,99,99,9,9,99,9,99,1,9,6,6,3,-1,-1,3982,1,1,MERCEDES AMG CLASS,-1,-1,0,-1
2024131484748,2024,131484748,1,9,0,-1,9,3,7,-1,0,8,0,0,0,0,3,1,-1,6,3,-1,-1,1991,1,3,MERCEDES AMG CLASS,-1,-1,0,-1
2024471510576,2024,471510576,1,9,0,-1,19,8,4,-1,0,1,0,0,0,0,1,1,-1,2,2,59,9,2996,1,4,MERCEDES AMG CLASS,6,E01021130,0,1
2024401522142,2024,401522142,2,9,0,-1,2,0,0,-1,0,0,0,0,0,0,1,1,-1,6,2,29,6,1991,1,3,MERCEDES AMG CLASS,7,E01015694,0,1
2024361482283,2024,361482283,1,9,0,-1,19,7,3,-1,2,0,0,0,0,0,3,1,-1,6,1,34,6,3982,1,9,MERCEDES AMG CLASS,9,E01035136,0,4
2024421474459,2024,421474459,1,9,0,-1,9,7,2,-1,0,0,0,0,0,0,4,1,-1,6,1,32,6,1991,1,2,MERCEDES AMG CLASS,9,E01021579,0,4
2024010508028,2024,010508028,1,9,0,99,99,9,9,99,99,0,9,99,9,99,9,9,2,2,1,22,5,1991,1,5,MERCEDES AMG CLASS,8,E01030686,0,4
2024311525478,2024,311525478,1,9,0,-1,19,7,3,-1,0,0,2,0,1,10,4,1,-1,2,1,62,9,2999,1,6,MERCEDES AMG CLASS,5,E01028155,0,4
2024010509642,2024,010509642,1,9,0,8,8,4,6,0,0,1,0,0,1,0,1,1,2,2,1,43,7,2996,1,7,MERCEDES AMG CLASS,9,E01001121,0,2