collision_index,collision_year,collision_ref_no,vehicle_reference,vehicle_type,towing_and_articulation,vehicle_manoeuvre_historic,vehicle_manoeuvre,vehicle_direction_from,vehicle_direction_to,vehicle_location_restricted_lane_historic,vehicle_location_restricted_lane,junction_location,skidding_and_overturning,hit_object_in_carriageway,vehicle_leaving_carriageway,hit_object_off_carriageway,first_point_of_impact,vehicle_left_hand_drive,journey_purpose_of_driver_historic,journey_purpose_of_driver,sex_of_driver,age_of_driver,age_band_of_driver,engine_capacity_cc,propulsion_code,age_of_vehicle,generic_make_model,driver_imd_decile,lsoa_of_driver,escooter_flag,driver_distance_banding
2024131483116,2024,131483116,1,9,0,-1,5,1,5,-1,0,8,0,0,0,0,1,1,-1,6,1,27,6,1991,1,5,MERCEDES AMG CLASS,3,E01010762,0,1
2024010515451,2024,010515451,1,9,0,18,19,3,7,0,0,1,0,0,0,0,1,1,6,6,2,42,7,5461,1,6,MERCEDES AMG CLASS,5,E01035486,0,1
2024201441365,2024,201441365,1,9,0,-1,19,2,6,-1,0,0,0,0,0,0,4,9,-1,6,1,24,5,2999,8,1,MERCEDES AMG CLASS,1,E01034924,0,1
2024010508631,2024,010508631,1,9,0,7,7,5,7,0,0,1,0,0,0,0,1,1,6,6,1,27,6,1991,1,7,MERCEDES AMG CLASS,6,E01000487,0,1
2024451467385,2024,451467385,2,9,0,-1,99,3,7,-1,0,0,9,99,0,0,2,1,-1,6,1,60,9,1991,8,1,MERCEDES AMG CLASS,-1,-1,0,-1
2024401398467,2024,401398467,1,9,0,-1,19,-1,-1,-1,0,1,0,0,0,0,1,9,-1,6,1,57,9,3982,1,6,MERCEDES AMG CLASS,9,E01033825,0,1
2024010549635,2024,010549635,2,9,0,9,9,4,2,0,0,1,0,0,0,0,4,1,6,6,1,36,7,3982,1,6,MERCEDES AMG CLASS,2,E01000056,0,2
2024471534239,2024,471534239,1,9,0,-1,19,2,6,-1,0,0,0,0,0,0,1,1,-1,9,2,73,10,1991,1,2,MERCEDES AMG CLASS,8,E01031664,0,4
2024991478626,2024,991478626,1,9,0,-1,19,7,3,-1,0,0,1,0,1,0,1,1,-1,9,1,45,7,2996,1,6,MERCEDES AMG CLASS,8,-1,0,3
2024471499213,2024,471499213,2,9,0,-1,19,4,8,-1,0,0,0,0,0,0,2,1,-1,9,2,34,6,1991,1,3,MERCEDES AMG CLASS,7,E01021170,0,2
2024041494544,2024,041494544,1,9,0,-1,11,7,7,-1,0,1,5,10,0,0,3,1,-1,6,1,39,7,1991,1,2,MERCEDES AMG CLASS,4,E01012700,0,1
2024991535709,2024,991535709,1,9,0,-1,9,5,1,-1,0,8,0,0,7,0,3,1,-1,6,2,34,6,1991,1,5,MERCEDES AMG CLASS,5,-1,0,4
2024471421881,2024,471421881,1,9,0,-1,19,1,5,-1,0,2,0,0,0,0,1,1,-1,9,1,41,7,1991,1,7,MERCEDES AMG CLASS,6,E01034816,0,1
2024430319737,2024,430319737,1,9,0,18,19,8,4,0,0,0,0,6,6,6,3,1,6,6,1,46,8,1991,1,5,MERCEDES AMG CLASS,4,E01033826,0,3
2024201464474,2024,201464474,1,9,0,-1,9,4,1,-1,0,8,0,0,0,0,1,1,-1,9,2,44,7,2996,1,6,MERCEDES AMG CLASS,8,E01034097,0,2
2024010502590,2024,010502590,1,9,0,9,9,3,1,0,0,1,0,0,0,0,4,1,6,6,1,25,5,1991,1,8,MERCEDES AMG CLASS,5,E01016488,0,3
2024421500021,2024,421500021,1,9,0,-1,19,4,8,-1,0,0,0,0,0,0,1,1,-1,6,1,26,6,1991,1,8,MERCEDES AMG CLASS,8,E01021524,0,2
2024010531618,2024,010531618,1,9,0,18,19,1,5,0,0,1,0,0,0,0,0,1,2,2,1,63,9,5461,1,6,MERCEDES AMG CLASS,4,E01003530,0,1
2024471418261,2024,471418261,1,9,0,-1,19,5,1,-1,0,0,0,0,0,0,1,1,-1,9,1,31,6,3982,1,6,MERCEDES AMG CLASS,3,E01030578,0,1
2024010565087,2024,010565087,1,9,0,99,99,9,9,99,99,9,9,99,9,99,2,9,6,6,3,-1,-1,2996,1,7,MERCEDES AMG CLASS,-1,-1,0,-1
2024501535479,2024,501535479,1,9,0,-1,9,7,5,-1,0,8,0,0,0,0,4,1,-1,9,1,82,11,2996,1,4,MERCEDES AMG CLASS,1,E01015267,0,1
2024461399072,2024,461399072,2,9,0,-1,4,7,3,-1,0,0,1,0,0,0,1,9,-1,6,2,59,9,2996,1,6,MERCEDES AMG CLASS,4,E01023986,0,4
2024141456764,2024,141456764,2,9,0,-1,19,5,1,-1,0,1,0,0,0,0,1,1,-1,7,2,35,6,2996,1,6,MERCEDES AMG CLASS,2,E01007642,0,1
2024361524996,2024,361524996,2,9,0,-1,19,5,1,-1,0,8,0,0,0,0,1,1,-1,9,1,32,6,2996,1,5,MERCEDES AMG CLASS,8,E01024175,0,5
2024010532087,2024,010532087,1,9,0,4,4,1,5,0,0,0,0,0,0,0,2,1,6,6,1,66,10,2996,1,7,MERCEDES AMG CLASS,9,E01031004,0,4
2024010504462,2024,010504462,1,9,0,10,10,5,2,0,0,1,0,0,0,0,1,1,6,6,2,22,5,3982,1,1,MERCEDES AMG CLASS,5,E01033208,0,1
2024010520131,2024,010520131,2,9,0,3,3,1,5,0,0,0,0,0,0,0,2,1,2,2,1,32,6,3982,1,1,MERCEDES AMG CLASS,7,E01003750,0,2
2024201491550,2024,201491550,1,9,0,-1,19,2,8,-1,0,8,1,0,0,0,1,1,-1,9,1,22,5,3982,1,1,MERCEDES AMG CLASS,4,E01009394,0,1
2024010525812,2024,010525812,1,9,0,3,3,7,3,2,2,7,0,0,0,0,4,1,6,6,1,35,6,1991,1,6,MERCEDES AMG CLASS,3,E01001834,0,2
2024531417952,2024,531417952,2,9,0,-1,19,3,7,-1,0,1,0,0,0,0,4,1,-1,9,1,34,6,1991,8,1,MERCEDES AMG CLASS,3,E01022286,0,1
2024010513717,2024,010513717,1,9,0,15,15,5,1,0,0,0,1,10,0,0,4,1,6,6,1,30,6,2996,1,7,MERCEDES AMG CLASS,10,E01023451,0,4
2024010544682,2024,010544682,1,9,0,99,99,9,9,99,99,9,9,99,9,99,1,9,6,6,1,46,8,3982,1,2,MERCEDES AMG CLASS,8,E01000241,0,1
2024031435749,2024,031435749,1,9,0,-1,5,7,2,-1,0,0,1,0,7,0,1,1,-1,2,1,27,6,5461,1,9,MERCEDES AMG CLASS,8,E01019330,0,1
2024461463331,2024,461463331,1,9,0,-1,13,6,2,-1,0,1,1,0,0,0,1,1,-1,9,1,28,6,1991,1,5,MERCEDES AMG CLASS,7,W01001028,0,5
2024231492310,2024,231492310,1,9,0,-1,19,6,2,-1,0,0,0,0,0,0,1,9,-1,6,1,59,9,2996,1,6,MERCEDES AMG CLASS,-1,-1,0,-1
2024131490257,2024,131490257,1,9,0,-1,2,7,7,-1,0,0,0,0,0,0,3,1,-1,9,1,27,6,1991,1,3,MERCEDES AMG CLASS,3,E01011249,0,2
2024371405510,2024,371405510,2,9,0,-1,19,2,7,-1,0,8,0,0,0,0,1,1,-1,6,1,30,6,2996,1,8,MERCEDES AMG CLASS,9,E01030004,0,1
2024041471805,2024,041471805,2,9,0,-1,19,5,1,-1,0,0,0,0,0,0,4,1,-1,9,1,25,5,1991,8,1,MERCEDES AMG CLASS,4,E01025282,0,1
2024421403647,2024,421403647,2,9,0,-1,8,3,5,-1,0,0,0,0,0,0,2,1,-1,9,1,50,8,1991,1,5,MERCEDES AMG CLASS,8,E01022060,0,3
2024010506594,2024,010506594,1,9,0,16,19,1,5,0,0,6,2,4,3,0,1,1,6,6,3,23,5,1991,1,5,MERCEDES AMG CLASS,-1,-1,0,-1
2024991518246,2024,991518246,2,9,0,-1,19,2,6,-1,0,1,0,0,0,0,1,1,-1,6,2,53,8,2996,1,5,MERCEDES AMG CLASS,7,-1,0,1
2024201482385,2024,201482385,1,9,0,-1,14,6,6,-1,9,8,0,7,7,0,1,1,-1,6,3,50,8,1991,1,1,MERCEDES AMG CLASS,-1,-1,0,-1
2024010540112,2024,010540112,1,9,0,18,19,7,3,0,0,0,0,0,0,0,1,1,6,6,1,38,7,3982,1,0,MERCEDES AMG CLASS,6,E01003692,0,3
2024471475351,2024,471475351,2,9,0,-1,19,4,1,-1,0,0,0,0,0,0,-1,9,-1,6,2,50,8,2996,1,2,MERCEDES AMG CLASS,7,E01024780,0,4
2024010497992,2024,010497992,2,9,0,18,19,1,5,0,0,0,2,7,3,4,1,1,6,6,1,25,5,1991,1,5,MERCEDES AMG CLASS,4,E01002313,0,2
2024440342241,2024,440342241,1,9,0,16,19,3,6,0,0,0,0,7,0,0,1,1,6,6,1,30,6,3982,1,2,MERCEDES AMG CLASS,7,E01023131,0,2
2024451431021,2024,451431021,1,9,0,-1,19,8,4,-1,0,0,1,10,8,11,4,1,-1,9,1,21,5,1991,1,3,MERCEDES AMG CLASS,10,E01030510,0,1
2024061420516,2024,061420516,1,9,-1,-1,-1,-1,-1,-1,-1,0,-1,-1,-1,0,-1,9,-1,6,3,-1,-1,1991,1,4,MERCEDES AMG CLASS,-1,-1,0,-1
2024421525191,2024,421525191,1,9,0,-1,13,4,1,-1,0,1,0,0,0,0,4,1,-1,6,3,25,5,1991,1,3,MERCEDES AMG CLASS,-1,-1,0,-1
2024101505487,2024,101505487,1,9,0,-1,13,6,2,-1,0,8,0,0,0,0,1,1,-1,6,1,23,5,2999,8,2,MERCEDES AMG CLASS,4,E01029603,0,5
2024430580680,2024,430580680,1,9,0,18,19,8,4,0,0,2,0,0,0,0,1,1,6,6,2,-1,-1,5461,1,9,MERCEDES AMG CLASS,-1,-1,0,-1
2024141407171,2024,141407171,2,9,0,-1,19,8,6,-1,0,0,0,0,0,0,1,1,-1,1,2,35,6,1991,8,1,MERCEDES AMG CLASS,10,E01007617,0,3
2024010520239,2024,010520239,1,9,0,18,19,1,5,0,0,0,0,0,0,0,1,1,6,6,3,-1,-1,2996,1,7,MERCEDES AMG CLASS,-1,-1,0,-1
2024010509862,2024,010509862,1,9,0,17,19,5,1,0,0,0,0,0,0,0,4,1,6,6,1,43,7,3982,1,8,MERCEDES AMG CLASS,4,E01001015,0,3
2024010520872,2024,010520872,1,9,0,1,1,1,5,0,0,1,0,0,0,0,2,1,6,6,1,28,6,2996,1,8,MERCEDES AMG CLASS,7,E01002336,0,3
2024010514338,2024,010514338,3,9,0,18,19,3,7,0,0,0,1,0,0,0,1,1,6,6,1,21,5,2996,1,5,MERCEDES AMG CLASS,1,E01002026,0,2
2024991400658,2024,991400658,1,9,0,-1,4,1,5,-1,0,2,0,0,0,0,1,1,-1,6,1,41,7,2996,1,6,MERCEDES AMG CLASS,8,-1,0,3
2024201518811,2024,201518811,1,9,0,-1,19,1,5,-1,0,0,0,0,0,0,1,9,-1,6,1,31,6,1991,1,5,MERCEDES AMG CLASS,1,E01009013,0,1
2024201513560,2024,201513560,1,9,0,-1,5,2,2,-1,0,0,0,0,0,0,4,1,-1,6,1,40,7,2996,1,5,MERCEDES AMG CLASS,-1,-1,0,-1
2024010501386,2024,010501386,2,9,0,18,19,3,7,0,0,0,0,0,0,0,1,1,6,6,3,-1,-1,1991,1,5,MERCEDES AMG CLASS,-1,-1,0,-1
2024131485465,2024,131485465,2,9,0,-1,2,0,0,-1,0,8,0,0,0,0,1,1,-1,6,-1,-1,-1,2996,1,6,MERCEDES AMG CLASS,-1,-1,0,-1
2024311414931,2024,311414931,1,9,0,-1,4,3,5,-1,0,1,0,0,0,0,1,9,-1,2,2,52,8,2996,1,7,MERCEDES AMG CLASS,2,E01028284,0,1
2024201506919,2024,201506919,1,9,0,-1,5,2,6,-1,0,0,0,0,0,0,3,1,-1,9,2,51,8,-1,3,1,MERCEDES EQA CLASS,-1,-1,0,-1
2024471495680,2024,471495680,2,9,0,-1,19,3,7,-1,0,0,0,0,0,0,1,1,-1,7,2,44,7,-1,3,0,MERCEDES EQA CLASS,5,E01021059,0,1
2024451461727,2024,451461727,1,9,0,-1,19,5,1,-1,0,0,0,0,0,0,1,1,-1,9,1,68,10,-1,3,1,MERCEDES EQA CLASS,10,E01014413,0,5
2024311440381,2024,311440381,1,9,0,-1,12,1,5,-1,0,0,0,0,0,0,2,1,-1,6,2,28,6,-1,3,2,MERCEDES EQA CLASS,-1,-1,0,-1
2024010533468,2024,010533468,1,9,0,5,5,3,7,0,0,1,0,0,0,0,1,1,6,6,1,31,6,-1,3,2,MERCEDES EQA CLASS,5,E01000589,0,1
2024061406868,2024,061406868,2,9,0,-1,19,2,6,-1,0,1,0,0,0,0,1,1,-1,6,2,78,11,-1,3,3,MERCEDES EQA CLASS,9,E01006076,0,1
2024991451563,2024,991451563,2,9,0,-1,9,2,7,-1,0,1,0,0,0,0,2,1,-1,1,1,53,8,-1,3,2,MERCEDES EQA CLASS,3,-1,0,4
2024201524751,2024,201524751,1,9,0,-1,19,6,2,-1,0,1,0,0,0,0,1,1,-1,6,2,56,9,-1,3,2,MERCEDES EQA CLASS,-1,-1,0,-1
2024141402094,2024,141402094,1,9,0,-1,19,7,8,-1,0,0,0,0,0,0,4,1,-1,1,1,27,6,-1,3,3,MERCEDES EQA CLASS,3,E01007538,0,1
2024451464961,2024,451464961,1,9,0,-1,5,5,4,-1,0,0,0,0,0,0,1,1,-1,6,2,35,6,-1,3,1,MERCEDES EQA CLASS,10,E01035359,0,1
2024411535847,2024,411535847,1,9,0,-1,4,2,1,-1,0,0,1,0,0,0,1,1,-1,2,1,47,8,-1,3,2,MERCEDES EQA CLASS,10,E01023965,0,4
2024122400916,2024,122400916,1,9,0,2,2,0,0,0,0,1,0,0,0,0,3,1,2,2,1,41,7,-1,3,0,MERCEDES EQA CLASS,10,E01027660,0,1
2024211431996,2024,211431996,2,9,0,-1,2,0,0,-1,0,0,1,0,0,0,3,1,-1,6,2,35,6,-1,3,3,MERCEDES EQA CLASS,-1,-1,0,-1
2024010538340,2024,010538340,2,9,0,9,9,1,7,0,0,5,0,0,0,0,3,1,6,6,1,34,6,-1,3,3,MERCEDES EQA CLASS,6,E01000145,0,1
2024302401295,2024,302401295,2,9,0,4,4,5,1,0,0,1,0,0,0,0,2,1,6,6,1,34,6,-1,3,0,MERCEDES EQA CLASS,2,E01019644,0,2
2024421531171,2024,421531171,2,9,0,-1,19,6,3,-1,0,1,0,0,0,0,3,1,-1,6,2,22,5,-1,3,0,MERCEDES EQA CLASS,8,E01021760,0,1
2024481563968,2024,481563968,1,9,0,-1,19,3,7,-1,0,0,0,0,0,0,4,1,-1,9,1,59,9,-1,3,3,MERCEDES EQA CLASS,-1,-1,0,-1
2024061430668,2024,061430668,2,9,0,-1,19,5,1,-1,0,8,0,0,1,0,1,1,-1,6,1,27,6,-1,3,2,MERCEDES EQA CLASS,3,E01005309,0,1
2024430589752,2024,430589752,2,9,0,4,4,5,1,0,0,0,0,0,0,0,2,1,2,2,2,53,8,-1,3,0,MERCEDES EQA CLASS,8,E01032972,0,4
2024101525283,2024,101525283,5,9,0,-1,3,7,3,-1,0,1,0,0,0,0,2,1,-1,6,1,47,8,-1,3,0,MERCEDES EQA CLASS,2,E01008377,0,4
2024052402390,2024,052402390,1,9,0,9,9,5,3,0,0,8,0,0,0,0,4,1,6,6,1,26,6,-1,3,3,MERCEDES EQA CLASS,7,E01007098,0,1
2024010551691,2024,010551691,2,9,9,99,99,9,9,99,99,5,9,99,9,99,9,9,1,1,2,35,6,-1,3,1,MERCEDES EQA CLASS,10,E01031713,0,4
2024411409230,2024,411409230,2,9,-1,-1,-1,-1,-1,-1,-1,0,-1,-1,-1,0,3,9,-1,1,2,44,7,-1,3,2,MERCEDES EQA CLASS,8,E01034365,0,4
2024501521889,2024,501521889,1,9,0,-1,2,0,0,-1,0,0,0,0,0,0,3,1,-1,6,1,56,9,-1,3,1,MERCEDES EQA CLASS,8,E01015097,0,2
2024010536946,2024,010536946,2,9,9,99,99,9,9,99,99,9,9,99,9,99,9,9,6,6,3,34,6,-1,3,3,MERCEDES EQA CLASS,-1,-1,0,-1
2024010505745,2024,010505745,1,9,0,13,13,6,2,0,0,0,5,10,0,0,1,1,2,2,2,36,7,-1,3,3,MERCEDES EQA CLASS,5,E01002212,0,1
2024451526223,2024,451526223,1,9,0,-1,19,3,7,-1,0,0,0,0,0,0,2,1,-1,2,2,44,7,-1,3,0,MERCEDES EQA CLASS,6,E01030957,0,2
2024471441563,2024,471441563,3,9,0,-1,4,5,1,-1,0,0,0,0,0,0,2,1,-1,7,2,35,6,-1,3,0,MERCEDES EQA CLASS,7,E01021112,0,1
2024440242940,2024,440242940,2,9,0,3,3,2,6,0,0,1,0,0,0,0,2,1,2,2,1,39,7,-1,3,1,MERCEDES EQA CLASS,6,E01016416,0,3
2024451462387,2024,451462387,2,9,0,-1,7,1,5,-1,0,0,0,0,0,0,1,1,-1,2,1,60,9,-1,3,0,MERCEDES EQA CLASS,8,E01030384,0,3
2024010545681,2024,010545681,1,9,0,9,9,6,4,0,0,8,0,0,0,0,1,1,6,6,1,61,9,-1,3,1,MERCEDES EQA CLASS,3,E01001701,0,1
2024010516878,2024,010516878,2,9,0,6,6,9,9,99,99,9,9,99,9,99,9,9,6,6,3,-1,-1,-1,3,0,MERCEDES EQA CLASS,-1,-1,0,-1
2024421431309,2024,421431309,1,9,0,-1,9,7,6,-1,0,8,0,0,0,0,2,1,-1,6,1,58,9,-1,3,2,MERCEDES EQA CLASS,6,E01023314,0,4
2024161523340,2024,161523340,2,9,0,-1,19,1,5,-1,0,0,0,0,0,0,2,1,-1,9,2,29,6,-1,3,0,MERCEDES EQA CLASS,2,E01012775,0,1
2024471481946,2024,471481946,2,9,0,-1,19,3,7,-1,0,1,0,0,0,0,1,1,-1,9,2,50,8,-1,3,0,MERCEDES EQA CLASS,8,E01021095,0,1
2024430187281,2024,430187281,1,9,0,3,3,2,6,0,0,1,0,0,0,0,2,1,6,6,1,45,7,-1,3,2,MERCEDES EQA CLASS,4,E01002446,0,2
2024010528221,2024,010528221,1,9,0,5,5,3,7,0,0,6,0,0,7,0,1,1,6,6,1,38,7,-1,3,3,MERCEDES EQA CLASS,9,E01002935,0,1
2024131522254,2024,131522254,2,9,0,-1,19,1,1,-1,0,0,0,0,0,0,1,1,-1,6,2,66,10,999,1,2,NISSAN MICRA,2,E01010716,0,1
2024531505715,2024,531505715,1,9,0,-1,19,7,3,-1,0,0,0,0,1,4,1,1,-1,9,1,21,5,1386,1,15,NISSAN MICRA,10,E01023368,0,4
2024471514521,2024,471514521,1,9,0,-1,9,4,2,-1,0,8,0,0,0,0,3,1,-1,9,2,87,11,1198,1,11,NISSAN MICRA,8,E01030544,0,4
2024461528712,2024,461528712,2,9,0,-1,5,1,3,-1,0,0,1,0,0,0,4,9,-1,2,2,23,5,999,1,3,NISSAN MICRA,8,E01002272,0,4
2024991424940,2024,991424940,1,9,0,-1,19,4,8,-1,0,1,0,0,0,0,1,1,-1,6,2,35,6,898,1,6,NISSAN MICRA,7,-1,0,1
2024421504103,2024,421504103,2,9,0,-1,19,1,5,-1,0,8,0,0,0,0,1,1,-1,9,2,28,6,1240,1,16,NISSAN MICRA,3,E01021266,0,1
2024010529002,2024,010529002,2,9,0,2,2,0,0,9,9,0,0,0,0,0,1,1,6,6,3,-1,-1,1198,1,14,NISSAN MICRA,-1,-1,0,-1
2024201444443,2024,201444443,1,9,0,-1,19,3,7,-1,0,8,1,7,2,0,4,1,-1,6,-1,18,4,1240,1,17,NISSAN MICRA,-1,-1,0,-1
2024451466648,2024,451466648,1,9,0,-1,15,6,2,-1,9,0,5,0,1,11,1,1,-1,6,1,45,7,1386,1,16,NISSAN MICRA,8,E01004156,0,4
2024311467169,2024,311467169,3,9,0,-1,2,0,0,-1,0,0,0,0,0,0,2,1,-1,6,-1,-1,-1,1598,1,16,NISSAN MICRA,-1,-1,0,-1
2024010512848,2024,010512848,2,9,0,99,99,9,9,99,99,9,9,99,9,99,1,9,6,6,3,-1,-1,1461,2,7,NISSAN MICRA,-1,-1,0,-1
2024461531829,2024,461531829,1,9,0,-1,19,7,3,-1,0,0,0,0,0,0,4,9,-1,6,2,71,10,1240,1,14,NISSAN MICRA,7,E01024558,0,1
2024201495275,2024,201495275,2,9,0,-1,19,1,2,-1,0,0,0,0,0,0,1,9,-1,9,1,22,5,998,1,23,NISSAN MICRA,2,E01010045,0,1
2024461410076,2024,461410076,1,9,0,-1,19,5,1,-1,0,0,0,0,0,0,4,9,-1,6,1,26,6,1240,1,20,NISSAN MICRA,4,E01034986,0,3
2024302400365,2024,302400365,1,9,0,17,19,6,3,0,0,0,1,0,0,0,4,1,2,2,2,28,6,1386,1,19,NISSAN MICRA,2,E01007843,0,3
2024010489977,2024,010489977,2,9,0,18,19,5,1,0,0,0,1,0,0,0,1,1,6,6,1,24,5,1240,1,16,NISSAN MICRA,2,E01001579,0,1
2024361425686,2024,361425686,1,9,0,-1,4,5,1,-1,0,1,1,0,0,0,1,1,-1,2,1,39,7,1598,1,18,NISSAN MICRA,5,E01026516,0,1
2024351526063,2024,351526063,2,9,0,-1,4,1,5,-1,0,0,0,0,0,0,2,1,-1,2,2,40,7,1461,2,7,NISSAN MICRA,2,E01026966,0,4
202460Q012364,2024,60Q012364,1,9,0,7,7,1,3,0,0,1,0,0,0,0,3,1,6,6,2,48,8,1461,2,6,NISSAN MICRA,-1,-1,0,-1
2024361411410,2024,361411410,3,9,0,-1,19,6,2,-1,0,0,0,0,0,0,1,1,-1,1,2,62,9,898,1,7,NISSAN MICRA,7,E01026919,0,1
2024631467142,2024,631467142,1,9,0,-1,19,6,2,-1,0,0,2,0,7,4,1,1,-1,9,1,20,4,998,1,27,NISSAN MICRA,2,W01001451,0,3
2024471427392,2024,471427392,1,9,0,-1,19,5,1,-1,0,0,0,0,0,0,1,1,-1,1,2,30,6,1240,1,15,NISSAN MICRA,8,E01021167,0,4
2024201443829,2024,201443829,2,9,0,-1,19,4,8,-1,0,8,0,0,0,0,1,1,-1,6,1,76,11,1198,1,13,NISSAN MICRA,2,E01009890,0,1
2024461438052,2024,461438052,2,9,0,-1,2,0,0,-1,0,2,0,4,0,0,1,1,-1,6,-1,-1,-1,999,1,2,NISSAN MICRA,-1,-1,0,-1
2024201442402,2024,201442402,1,9,0,-1,19,2,6,-1,0,0,0,0,0,0,1,9,-1,6,1,46,8,999,1,3,NISSAN MICRA,3,E01009650,0,1
2024141422605,2024,141422605,1,9,0,-1,19,3,7,-1,0,8,1,0,0,0,3,1,-1,9,1,34,6,1240,1,17,NISSAN MICRA,9,E01007866,0,3
2024302401213,2024,302401213,1,9,0,9,9,8,6,0,0,8,0,0,0,0,1,1,6,6,2,36,7,1240,1,16,NISSAN MICRA,4,E01013729,0,4
2024440431146,2024,440431146,1,9,0,5,5,5,1,0,0,8,0,0,0,0,1,1,6,6,2,70,10,1198,1,11,NISSAN MICRA,10,E01022714,0,1
2024201458779,2024,201458779,1,9,0,-1,19,5,1,-1,0,0,0,8,0,0,4,1,-1,9,2,78,11,1240,1,17,NISSAN MICRA,3,E01009792,0,1
2024061406807,2024,061406807,1,9,0,-1,19,3,7,-1,0,0,0,0,0,0,3,1,-1,2,2,48,8,1198,1,10,NISSAN MICRA,1,E01014254,0,4
2024361433617,2024,361433617,1,9,0,-1,5,3,1,-1,9,1,0,0,0,0,4,1,-1,1,1,34,6,1240,1,14,NISSAN MICRA,1,E01026624,0,1
2024010499006,2024,010499006,1,9,0,4,4,7,3,0,0,2,0,0,0,0,1,1,6,6,2,27,6,1240,1,21,NISSAN MICRA,3,E01001629,0,3
2024311535800,2024,311535800,1,9,0,-1,19,3,7,-1,0,1,0,0,0,0,1,1,-1,6,1,45,7,1240,1,18,NISSAN MICRA,-1,-1,0,-1
2024010551304,2024,010551304,1,9,0,2,2,0,0,9,9,8,0,0,0,0,2,1,6,6,3,-1,-1,1386,1,20,NISSAN MICRA,-1,-1,0,-1
2024361441357,2024,361441357,1,9,0,-1,19,5,1,-1,0,1,0,4,0,0,1,1,-1,2,1,46,8,1240,1,19,NISSAN MICRA,3,E01026670,0,1
2024622400639,2024,622400639,1,9,0,16,19,4,8,0,0,0,0,0,0,0,1,1,6,6,1,29,6,1240,1,20,NISSAN MICRA,1,W01001855,0,1
2024201467900,2024,201467900,2,9,0,-1,19,3,7,-1,0,1,0,0,0,0,2,1,-1,9,1,46,8,1198,1,9,NISSAN MICRA,2,E01009018,0,1
2024010512269,2024,010512269,1,9,0,2,2,0,0,0,0,0,0,0,0,0,2,1,6,6,3,-1,-1,1198,1,8,NISSAN MICRA,-1,-1,0,-1
2024201463115,2024,201463115,1,9,0,-1,3,5,1,-1,0,1,0,0,0,0,1,1,-1,2,2,47,8,898,1,5,NISSAN MICRA,-1,-1,0,-1
2024501425861,2024,501425861,2,9,0,-1,8,4,5,-1,0,0,0,0,0,0,1,1,-1,6,2,19,4,1240,1,15,NISSAN MICRA,7,E01015203,0,1
2024430609515,2024,430609515,2,9,0,9,9,3,1,0,0,5,0,0,0,0,3,1,6,6,1,79,11,898,1,5,NISSAN MICRA,7,E01032100,0,4
2024010499638,2024,010499638,1,9,0,17,19,1,5,0,0,1,0,0,0,0,1,1,6,6,2,84,11,1240,1,15,NISSAN MICRA,7,E01000300,0,1
2024545779424,2024,545779424,2,9,0,18,19,2,6,0,0,0,0,0,0,0,1,1,2,2,2,17,4,1240,1,19,NISSAN MICRA,9,E01032102,0,1
2024141415947,2024,141415947,4,9,0,-1,19,5,1,-1,0,0,0,0,0,0,4,1,-1,9,2,34,6,1198,1,11,NISSAN MICRA,1,E01007732,0,1
2024311429725,2024,311429725,1,9,0,-1,4,7,3,-1,0,0,0,0,0,0,4,1,-1,6,2,33,6,1598,1,17,NISSAN MICRA,6,E01033395,0,1
2024361534294,2024,361534294,1,9,0,-1,19,7,3,-1,0,1,0,0,0,0,4,1,-1,6,2,20,4,1240,1,20,NISSAN MICRA,5,E01026745,0,4
2024371410685,2024,371410685,2,9,0,-1,19,1,7,-1,0,0,1,0,7,6,3,1,-1,6,2,24,5,1461,2,20,NISSAN MICRA,9,E01029939,0,3
2024471505140,2024,471505140,1,9,0,-1,5,5,1,-1,0,0,0,0,0,0,4,1,-1,9,2,81,11,998,1,23,NISSAN MICRA,9,E01031625,0,1
2024471417398,2024,471417398,1,9,0,-1,19,7,3,-1,0,0,2,0,1,11,2,1,-1,2,1,24,5,1240,1,15,NISSAN MICRA,6,E01035346,0,3
2024302400840,2024,302400840,1,9,0,18,19,1,5,0,0,6,0,0,1,11,3,1,6,6,1,26,6,1461,2,15,NISSAN MICRA,1,E01013485,0,1
2024451440248,2024,451440248,1,9,0,-1,20,5,1,-1,9,0,0,0,0,0,1,1,-1,6,1,53,8,1240,1,17,NISSAN MICRA,9,E01030315,0,1
2024440509435,2024,440509435,1,9,0,18,19,6,2,0,0,0,0,0,0,0,1,1,2,2,2,65,9,1240,1,14,NISSAN MICRA,7,E01031521,0,2
2024101451764,2024,101451764,2,9,0,-1,19,5,1,-1,0,1,1,0,0,0,1,1,-1,9,2,72,10,1198,1,11,NISSAN MICRA,7,E01030200,0,5
2024041412001,2024,041412001,2,9,0,-1,10,1,5,-1,0,0,0,0,7,4,2,1,-1,9,1,84,11,999,1,2,NISSAN MICRA,8,E01024869,0,4
2024371467878,2024,371467878,1,9,0,-1,19,7,3,-1,0,0,0,0,0,0,4,1,-1,9,2,75,10,999,1,4,NISSAN MICRA,4,E01030022,0,1