collision_index,collision_year,collision_ref_no,vehicle_reference,vehicle_type,towing_and_articulation,vehicle_manoeuvre_historic,vehicle_manoeuvre,vehicle_direction_from,vehicle_direction_to,vehicle_location_restricted_lane_historic,vehicle_location_restricted_lane,junction_location,skidding_and_overturning,hit_object_in_carriageway,vehicle_leaving_carriageway,hit_object_off_carriageway,first_point_of_impact,vehicle_left_hand_drive,journey_purpose_of_driver_historic,journey_purpose_of_driver,sex_of_driver,age_of_driver,age_band_of_driver,engine_capacity_cc,propulsion_code,age_of_vehicle,generic_make_model,driver_imd_decile,lsoa_of_driver,escooter_flag,driver_distance_banding
2024122400820,2024,122400820,1,9,0,5,5,3,1,0,0,1,0,10,1,2,1,1,6,6,1,28,6,1461,2,15,NISSAN MICRA,1,E01027819,0,1
2024522402581,2024,522402581,1,9,0,18,19,2,6,0,0,0,0,0,0,0,1,1,6,6,2,26,6,1240,1,14,NISSAN MICRA,7,E01014677,0,1
2024211493880,2024,211493880,3,9,0,-1,19,1,5,-1,0,1,0,0,0,0,3,1,-1,6,2,29,6,998,1,24,NISSAN MICRA,2,E01014281,0,1
2024070303919,2024,070303919,1,9,0,-1,-1,7,3,0,0,0,1,0,1,11,1,1,6,6,1,27,6,1240,1,18,NISSAN MICRA,4,E01018624,0,1
2024201525975,2024,201525975,2,9,0,-1,9,4,2,-1,0,8,0,0,0,0,3,1,-1,9,2,43,7,1198,1,12,NISSAN MICRA,1,E01009259,0,2
2024161420091,2024,161420091,1,9,0,-1,19,7,3,-1,0,8,0,0,0,0,1,1,-1,2,2,48,8,999,1,4,NISSAN MICRA,1,E01032595,0,1
2024520402767,2024,520402767,1,9,0,18,19,6,2,0,0,2,0,0,0,0,1,1,6,6,1,57,9,998,1,22,NISSAN MICRA,6,E01035107,0,4
2024302400652,2024,302400652,2,9,0,18,19,8,4,0,0,2,0,0,0,0,2,1,6,6,1,48,8,1240,1,21,NISSAN MICRA,1,E01013486,0,1
2024052402403,2024,052402403,1,9,0,18,19,3,7,0,0,1,0,0,0,0,1,1,6,6,1,23,5,1240,1,16,NISSAN MICRA,1,E01006672,0,1
2024010524938,2024,010524938,2,9,0,99,99,9,9,99,99,9,9,99,9,99,1,9,6,6,3,38,7,1240,1,18,NISSAN MICRA,6,E01007565,0,5
2024421458643,2024,421458643,1,9,0,-1,19,6,2,-1,0,0,0,6,0,0,1,1,-1,2,1,54,8,1198,1,10,NISSAN MICRA,5,E01003935,0,4
2024061449130,2024,061449130,2,9,0,-1,19,8,4,-1,0,1,0,0,0,0,1,1,-1,6,2,62,9,1198,1,12,NISSAN MICRA,9,E01006250,0,1
2024041485785,2024,041485785,1,9,0,-1,19,1,5,-1,0,0,0,0,0,0,1,1,-1,9,1,80,11,999,1,6,NISSAN MICRA,7,E01025169,0,4
2024340WN0842,2024,340WN0842,1,9,0,-1,9,8,5,-1,0,5,0,0,0,0,1,1,-1,6,1,50,8,1240,1,20,NISSAN MICRA,3,E01025806,0,4
2024461438890,2024,461438890,1,9,0,-1,19,7,3,-1,0,0,0,0,0,0,1,1,-1,6,2,83,11,1240,1,15,NISSAN MICRA,7,E01024097,0,3
2024991471384,2024,991471384,1,9,0,-1,19,4,8,-1,0,0,0,0,0,0,1,1,-1,9,2,21,5,1198,1,10,NISSAN MICRA,4,-1,0,1
2024451517886,2024,451517886,2,9,0,-1,9,5,3,-1,0,1,0,0,1,0,1,1,-1,7,1,44,7,1198,1,11,NISSAN MICRA,10,E01030437,0,1
2024451408461,2024,451408461,1,9,0,-1,19,6,2,-1,0,0,0,0,0,0,1,1,-1,9,1,88,11,1240,1,14,NISSAN MICRA,6,E01030938,0,1
2024421498036,2024,421498036,2,9,0,-1,10,7,5,-1,0,1,0,0,0,0,2,1,-1,6,1,30,6,1386,1,17,NISSAN MICRA,3,E01015971,0,1
2024520402679,2024,520402679,1,9,0,6,6,3,3,0,0,3,0,0,0,0,3,1,6,6,1,77,11,1198,1,9,NISSAN MICRA,5,E01029322,0,2
2024471409924,2024,471409924,1,9,0,-1,19,3,7,-1,0,8,0,0,7,10,4,1,-1,1,2,48,8,1240,1,18,NISSAN MICRA,10,E01031741,0,4
2024101508435,2024,101508435,1,9,-1,-1,7,3,5,-1,4,1,0,0,0,0,1,9,-1,6,1,41,7,1198,1,13,NISSAN MICRA,7,E01008412,0,1
2024471534399,2024,471534399,2,9,0,-1,19,4,8,-1,0,0,0,0,1,0,3,1,-1,9,2,65,9,1198,1,13,NISSAN MICRA,10,E01021052,0,2
2024991502050,2024,991502050,1,9,0,-1,19,6,2,-1,0,0,0,0,0,0,1,1,-1,9,1,29,6,999,1,3,NISSAN MICRA,-1,-1,0,-1
2024010548318,2024,010548318,1,9,0,9,9,5,4,0,0,1,0,0,0,0,3,1,6,6,2,66,10,1240,1,14,NISSAN MICRA,7,E01003786,0,1
202417M303324,2024,17M303324,2,9,0,18,19,2,6,0,0,8,0,0,0,0,4,1,6,6,2,60,9,999,1,2,NISSAN MICRA,9,E01032593,0,1
2024320663087,2024,320663087,1,9,0,-1,-1,8,4,0,0,0,0,0,1,9,1,1,-1,-1,2,77,11,999,1,3,NISSAN MICRA,8,E01026365,0,1
2024461529958,2024,461529958,1,9,0,-1,19,5,1,-1,0,0,0,0,0,0,1,1,-1,1,2,42,7,1386,1,21,NISSAN MICRA,5,E01024225,0,1
2024010522324,2024,010522324,1,9,0,18,19,6,2,0,0,0,0,4,0,0,1,1,6,6,2,55,8,1240,1,19,NISSAN MICRA,-1,-1,0,-1
2024552401507,2024,552401507,1,9,0,2,2,0,0,8,6,0,0,0,0,0,1,1,6,6,1,18,4,1275,1,27,NISSAN MICRA,3,E01015294,0,2
2024041404562,2024,041404562,1,9,0,-1,7,3,6,-1,0,6,0,0,0,0,3,1,-1,7,2,68,10,1198,1,8,NISSAN MICRA,7,E01012722,0,1
2024501412831,2024,501412831,1,9,0,-1,13,3,7,-1,0,0,0,0,0,0,2,9,-1,6,1,76,11,1240,1,15,NISSAN MICRA,9,E01015126,0,2
2024451481080,2024,451481080,2,9,0,-1,19,5,1,-1,0,0,0,0,0,0,2,1,-1,9,2,37,7,1198,1,11,NISSAN MICRA,10,E01034726,0,2
2024010551528,2024,010551528,2,9,0,5,5,0,5,0,0,0,0,0,0,0,1,1,6,6,1,26,6,1198,1,8,NISSAN MICRA,10,E01000827,0,1
2024010547015,2024,010547015,1,9,0,99,99,9,9,99,99,9,9,99,9,99,1,9,6,6,2,63,9,1598,1,17,NISSAN MICRA,9,E01001531,0,1
2024010540976,2024,010540976,5,9,0,2,2,0,0,0,0,1,0,0,0,0,1,1,6,6,3,-1,-1,1461,2,14,NISSAN MICRA,-1,-1,0,-1
2024991502805,2024,991502805,4,9,0,-1,2,1,1,-1,0,0,0,0,0,0,1,9,-1,6,-1,-1,-1,1198,1,10,NISSAN MICRA,-1,-1,0,-1
2024052400079,2024,052400079,2,9,0,18,19,1,5,0,0,1,0,0,0,0,4,1,6,6,2,62,9,1198,1,7,NISSAN MICRA,4,E01006997,0,1
2024991514016,2024,991514016,1,9,0,-1,19,1,5,-1,0,1,0,0,0,0,3,1,-1,9,2,55,8,999,1,3,NISSAN MICRA,4,-1,0,1
2024440185428,2024,440185428,1,9,0,5,5,0,4,0,0,0,0,4,0,0,1,1,6,6,2,42,7,1240,1,20,NISSAN MICRA,-1,-1,0,-1
2024122400097,2024,122400097,3,9,0,2,2,0,0,0,0,8,0,0,0,0,3,1,6,6,3,-1,-1,1240,1,20,NISSAN MICRA,-1,-1,0,-1
2024010514953,2024,010514953,2,9,0,9,9,1,7,0,0,5,0,0,0,0,1,1,6,6,2,48,8,1240,1,18,NISSAN MICRA,6,E01004049,0,1
2024421516149,2024,421516149,2,9,0,-1,19,-1,-1,-1,0,0,0,0,0,0,4,1,-1,2,1,56,9,1240,1,19,NISSAN MICRA,3,E01023336,0,3
2024440322704,2024,440322704,1,9,0,9,9,3,1,0,0,1,0,0,0,0,3,1,6,6,2,45,7,999,1,3,NISSAN MICRA,-1,-1,0,-1
2024201530485,2024,201530485,2,9,0,-1,10,6,3,-1,0,8,0,0,0,0,1,1,-1,6,1,26,6,1240,1,18,NISSAN MICRA,5,E01009031,0,2
2024520402491,2024,520402491,1,9,0,18,19,4,8,0,0,8,0,0,0,0,1,1,6,6,2,19,4,1386,1,17,NISSAN MICRA,3,E01020543,0,2
2024991400149,2024,991400149,1,9,0,-1,9,1,7,-1,0,6,0,0,0,0,1,1,-1,9,2,22,5,1461,2,7,NISSAN MICRA,3,-1,0,1
2024401482265,2024,401482265,2,9,-1,-1,-1,-1,-1,-1,-1,0,-1,-1,-1,0,-1,9,-1,6,2,25,5,1240,1,20,NISSAN MICRA,2,E01015802,0,2
2024461525873,2024,461525873,1,9,0,-1,19,-1,-1,-1,0,0,0,0,1,0,1,9,-1,6,1,25,5,1240,1,17,NISSAN MICRA,9,E01026839,0,5
2024421453359,2024,421453359,2,9,0,-1,7,7,1,-1,0,1,0,0,0,0,4,1,-1,9,1,23,5,1240,1,20,NISSAN MICRA,10,E01015908,0,1
2024320227099,2024,320227099,1,9,0,-1,-1,3,7,0,0,0,5,0,1,1,4,2,-1,-1,2,22,5,1240,1,16,NISSAN MICRA,2,E01015660,0,3
2024371547388,2024,371547388,1,9,0,-1,19,2,6,-1,0,2,0,0,0,0,1,1,-1,7,2,26,6,998,1,21,NISSAN MICRA,1,E01030250,0,1
2024161455090,2024,161455090,1,9,0,-1,9,5,3,-1,0,8,0,0,0,0,4,1,-1,9,2,56,9,1386,1,16,NISSAN MICRA,1,E01012788,0,1
2024161396423,2024,161396423,1,9,0,-1,19,8,4,-1,0,0,0,0,0,0,1,9,-1,6,1,53,8,999,1,4,NISSAN MICRA,-1,-1,0,-1
2024411517679,2024,411517679,1,9,0,-1,7,8,2,-1,0,6,0,0,0,0,1,1,-1,6,2,79,11,1198,1,9,NISSAN MICRA,9,E01023742,0,1
2024552401204,2024,552401204,1,9,0,18,19,6,2,0,0,1,0,0,0,0,1,1,6,6,1,27,6,1198,1,12,NISSAN MICRA,4,E01033084,0,5
2024430522682,2024,430522682,2,9,0,18,19,4,8,0,0,8,0,0,0,0,1,1,6,6,3,47,8,1198,1,10,NISSAN MICRA,5,W01001863,0,5
2024311402702,2024,311402702,1,9,0,-1,7,7,3,-1,0,1,0,0,0,0,1,1,-1,6,1,35,6,1240,1,14,NISSAN MICRA,-1,-1,0,-1
2024010546668,2024,010546668,1,9,0,18,19,5,1,0,0,1,0,0,1,5,1,1,2,2,2,31,6,999,1,3,NISSAN MICRA,-1,-1,0,-1
2024010542111,2024,010542111,2,9,0,4,4,1,5,0,0,1,0,0,0,0,2,1,6,6,2,49,8,1240,1,17,NISSAN MICRA,1,E01002673,0,1
2024010538664,2024,010538664,1,9,0,6,6,3,3,0,0,2,0,0,0,0,3,1,6,6,1,21,5,1198,1,13,NISSAN MICRA,3,E01003595,0,1
2024371535846,2024,371535846,1,9,0,-1,19,7,3,-1,0,0,0,0,0,0,1,1,-1,6,2,83,11,999,1,5,NISSAN MICRA,4,E01026888,0,2
2024221420667,2024,221420667,1,9,0,-1,19,1,6,-1,0,0,5,0,1,0,1,9,-1,9,2,29,6,1240,1,16,NISSAN MICRA,5,E01014076,0,4
2024471492530,2024,471492530,2,9,0,-1,4,2,7,-1,0,1,0,0,0,0,1,1,-1,2,2,58,9,1198,1,13,NISSAN MICRA,10,E01031340,0,1
2024221525263,2024,221525263,2,9,0,-1,8,3,5,-1,0,1,0,0,0,0,2,9,-1,6,2,35,6,999,1,4,NISSAN MICRA,7,W01001757,0,5
2024131418988,2024,131418988,2,9,0,-1,5,5,1,-1,0,0,0,0,0,0,1,1,-1,9,1,68,10,1240,1,19,NISSAN MICRA,5,E01011392,0,1
2024010519887,2024,010519887,1,9,0,10,10,2,7,0,0,8,0,0,0,0,1,1,6,6,2,25,5,1240,1,18,NISSAN MICRA,3,E01004189,0,1
2024430268419,2024,430268419,1,9,0,9,9,6,4,0,0,5,0,0,0,0,3,1,6,6,2,62,9,1240,1,16,NISSAN MICRA,10,E01023425,0,3
2024010509141,2024,010509141,1,9,0,18,19,5,1,0,0,0,1,0,0,0,0,1,6,6,2,27,6,1240,1,20,NISSAN MICRA,2,E01001513,0,3
2024991473189,2024,991473189,4,9,0,-1,4,7,2,-1,0,0,0,0,0,0,2,1,-1,6,2,25,5,999,1,5,NISSAN MICRA,6,-1,0,4
2024010548867,2024,010548867,1,9,0,10,10,7,6,0,0,8,0,0,0,0,1,1,2,2,1,39,7,1240,1,21,NISSAN MICRA,4,E01002650,0,1
2024131462026,2024,131462026,1,9,0,-1,19,1,5,-1,0,0,1,0,1,11,1,1,-1,6,3,-1,-1,1240,1,15,NISSAN MICRA,-1,-1,0,-1
2024451448320,2024,451448320,1,9,0,-1,19,4,2,-1,0,0,2,0,2,10,4,1,-1,2,2,27,6,1240,1,20,NISSAN MICRA,6,E01030426,0,2
2024211535691,2024,211535691,4,9,0,-1,19,3,7,-1,0,0,0,0,0,0,1,1,-1,6,2,22,5,898,1,6,NISSAN MICRA,10,E01025741,0,4
2024552400683,2024,552400683,1,9,0,9,9,1,8,0,0,3,0,0,0,0,1,1,6,6,2,18,4,1275,1,24,NISSAN MICRA,7,E01035109,0,4
2024211405547,2024,211405547,1,9,0,-1,19,1,5,-1,0,0,0,0,7,0,1,1,-1,9,2,60,9,898,1,7,NISSAN MICRA,-1,-1,0,-1
2024991525231,2024,991525231,2,9,0,-1,19,5,1,-1,0,1,1,0,0,0,1,1,-1,2,2,22,5,1198,1,12,NISSAN MICRA,-1,-1,0,-1
2024122401121,2024,122401121,1,9,0,18,19,1,5,0,0,0,0,0,0,0,1,1,6,6,1,55,8,1198,1,8,NISSAN MICRA,1,E01027805,0,2
2024552500091,2024,552500091,1,9,0,18,19,8,4,0,0,8,0,0,0,0,1,1,6,6,1,20,4,1275,1,29,NISSAN MICRA,7,E01020465,0,3
2024010525043,2024,010525043,1,9,0,99,99,9,9,99,99,0,9,99,9,99,9,9,6,6,3,-1,-1,1240,1,17,NISSAN MICRA,-1,-1,0,-1
2024552401452,2024,552401452,2,9,0,7,7,8,1,7,6,5,0,0,0,0,4,1,6,6,2,82,11,1198,1,13,NISSAN MICRA,-1,-1,0,-1
2024201428414,2024,201428414,2,9,0,-1,-1,6,3,-1,-1,0,0,0,0,0,2,9,-1,-1,2,65,9,1198,1,7,NISSAN MICRA,2,E01010049,0,1
2024440439242,2024,440439242,1,9,0,18,19,5,1,0,0,0,0,0,0,0,1,1,6,6,1,21,5,1198,1,10,NISSAN MICRA,10,E01022510,0,1
2024131520503,2024,131520503,2,9,0,-1,7,7,2,-1,0,8,0,0,0,0,1,1,-1,9,2,47,8,1198,1,7,NISSAN MICRA,4,E01011158,0,2
2024991496961,2024,991496961,2,9,0,-1,19,4,8,-1,0,0,0,0,0,0,1,1,-1,1,2,38,7,998,1,23,NISSAN MICRA,-1,-1,0,-1
2024041499387,2024,041499387,1,9,0,-1,19,7,3,-1,0,0,0,0,0,0,1,1,-1,9,1,57,9,1198,1,9,NISSAN MICRA,2,E01012608,0,3
2024161498334,2024,161498334,3,9,0,-1,4,4,8,-1,0,2,0,0,0,0,2,1,-1,6,1,59,9,898,1,6,NISSAN MICRA,1,E01012858,0,1
2024052401431,2024,052401431,2,9,0,2,2,0,0,0,0,0,0,0,0,0,2,1,6,6,2,22,5,1240,1,19,NISSAN MICRA,5,E01007056,0,1
2024622400880,2024,622400880,2,9,0,18,19,3,7,0,0,0,0,0,0,0,1,1,6,6,1,64,9,1198,1,13,NISSAN MICRA,4,W01001802,0,1
2024061441172,2024,061441172,2,9,9,-1,11,-1,-1,-1,0,1,0,0,0,0,1,1,-1,6,1,-1,-1,1240,1,14,NISSAN MICRA,8,E01005785,0,3
2024010524263,2024,010524263,1,9,0,9,9,1,6,0,0,8,0,0,3,1,1,1,2,2,1,65,9,1240,1,19,NISSAN MICRA,3,E01035499,0,1
2024520403404,2024,520403404,5,9,0,18,19,4,8,0,0,0,0,0,0,0,1,1,6,6,1,55,8,1198,1,11,NISSAN MICRA,4,E01029232,0,1
2024010512348,2024,010512348,1,9,0,9,9,8,5,0,0,8,0,0,0,0,1,1,2,2,1,44,7,1240,1,19,NISSAN MICRA,-1,-1,0,-1
2024302500134,2024,302500134,1,9,0,-1,9,2,1,-1,0,8,0,0,0,0,1,1,-1,6,1,63,9,1198,1,8,NISSAN MICRA,5,E01019438,0,1
2024548677124,2024,548677124,1,9,0,18,19,4,8,0,0,3,5,0,1,0,4,1,1,1,2,30,6,1198,1,12,NISSAN MICRA,5,E01015529,0,1
2024052400135,2024,052400135,1,9,0,9,9,7,5,0,0,6,0,0,0,0,4,1,6,6,2,44,7,1198,1,11,NISSAN MICRA,-1,-1,0,-1
2024010518335,2024,010518335,2,9,0,99,99,9,9,99,99,9,9,99,9,99,9,9,6,6,3,-1,-1,1240,1,14,NISSAN MICRA,2,E01000097,0,3
2024430412094,2024,430412094,1,9,0,18,19,2,6,0,0,8,0,0,0,0,3,1,2,2,2,21,5,1198,1,10,NISSAN MICRA,9,E01016403,0,1
2024061411036,2024,061411036,2,9,0,-1,19,1,5,-1,0,0,0,0,0,0,4,1,-1,6,2,84,11,999,1,3,NISSAN MICRA,6,E01005875,0,2
2024131488611,2024,131488611,3,9,0,-1,2,0,0,-1,0,1,0,4,0,0,1,1,-1,6,-1,-1,-1,1240,1,20,NISSAN MICRA,-1,-1,0,-1
2024111521293,2024,111521293,1,9,0,-1,19,2,6,-1,0,0,1,0,1,4,1,1,-1,9,2,64,9,1198,1,12,NISSAN MICRA,1,E01020762,0,1
2024010518660,2024,010518660,1,9,0,9,9,4,1,0,0,8,0,0,0,0,1,1,6,6,3,-1,-1,1240,1,16,NISSAN MICRA,-1,-1,0,-1
2024061497481,2024,061497481,1,9,0,-1,9,5,2,-1,0,5,0,0,0,0,1,1,-1,9,1,20,4,1198,1,13,NISSAN MICRA,1,E01005342,0,1
2024161533018,2024,161533018,2,9,0,-1,19,7,3,-1,0,0,0,0,0,0,4,1,-1,6,1,53,8,999,1,4,NISSAN MICRA,5,E01012796,0,1
2024501433914,2024,501433914,1,9,0,-1,19,1,5,-1,0,0,1,0,0,0,1,1,-1,9,1,22,5,998,1,22,NISSAN MICRA,5,E01020076,0,4
2024010523137,2024,010523137,1,9,0,7,7,3,5,0,0,5,0,0,1,0,0,1,6,6,2,30,6,1386,1,19,NISSAN MICRA,1,E01004005,0,1
2024131475914,2024,131475914,2,9,0,-1,19,5,1,-1,0,0,0,0,0,0,2,1,-1,6,1,55,8,1240,1,16,NISSAN MICRA,1,E01011372,0,2
2024052401661,2024,052401661,1,9,0,18,19,5,1,0,0,6,0,0,0,0,1,1,6,6,3,-1,-1,1198,1,13,NISSAN MICRA,-1,-1,0,-1
2024010551707,2024,010551707,2,9,0,-1,-1,1,5,0,0,1,0,0,0,0,4,2,6,6,1,69,10,1240,1,19,NISSAN MICRA,8,E01001122,0,1
2024451459841,2024,451459841,1,9,0,-1,19,5,1,-1,0,0,0,0,0,0,1,1,-1,9,1,65,9,1240,1,19,NISSAN MICRA,9,E01003854,0,3
2024141485583,2024,141485583,1,9,0,-1,9,8,6,-1,0,5,0,0,0,0,3,9,-1,6,1,61,9,1240,1,19,NISSAN MICRA,1,E01033279,0,1
2024522403203,2024,522403203,1,9,0,5,5,4,8,0,0,2,0,0,0,0,1,1,6,6,2,81,11,1198,1,9,NISSAN MICRA,10,E01014767,0,2
202417H102724,2024,17H102724,1,9,0,-1,2,0,0,-1,0,0,0,0,0,0,2,1,-1,7,2,31,6,1240,1,15,NISSAN MICRA,1,E01012001,0,1
2024010520567,2024,010520567,1,9,0,18,19,7,3,0,0,0,1,0,0,0,1,1,6,6,1,54,8,1198,1,13,NISSAN MICRA,3,E01003572,0,1
2024101484442,2024,101484442,2,9,0,-1,19,5,1,-1,0,0,0,0,1,0,1,1,-1,9,1,90,11,1198,1,13,NISSAN MICRA,8,E01008239,0,3
2024010538001,2024,010538001,1,9,0,99,99,9,9,99,99,9,9,99,9,99,1,9,6,6,3,79,11,1198,1,10,NISSAN MICRA,7,E01004534,0,1
2024161517752,2024,161517752,1,9,0,-1,19,2,7,-1,0,0,0,4,0,0,4,1,-1,1,2,28,6,1240,1,17,NISSAN MICRA,9,E01012960,0,4
202454A607524,2024,54A607524,1,9,0,4,4,6,2,7,6,0,1,0,1,4,1,1,6,6,2,22,5,1198,1,11,NISSAN MICRA,10,E01023210,0,4
2024061416576,2024,061416576,1,9,0,-1,19,5,1,-1,0,0,0,0,0,0,1,1,-1,6,1,54,8,999,1,2,NISSAN MICRA,7,E01005555,0,1
2024211443378,2024,211443378,1,9,0,-1,19,5,1,-1,0,0,0,0,0,0,1,1,-1,6,1,34,6,1198,1,12,NISSAN MICRA,2,E01014279,0,1
2024041435644,2024,041435644,1,9,0,-1,19,5,1,-1,0,0,1,0,1,4,1,1,-1,2,2,28,6,1598,1,17,NISSAN MICRA,3,E01025442,0,1
2024061466676,2024,061466676,1,9,0,-1,9,7,5,-1,0,2,0,7,7,11,1,1,-1,9,2,40,7,1240,1,16,NISSAN MICRA,1,E01005683,0,1
2024010518473,2024,010518473,2,9,0,99,99,9,9,99,99,9,9,99,9,99,2,9,6,6,3,-1,-1,1198,1,13,NISSAN MICRA,-1,-1,0,-1
2024421523838,2024,421523838,1,9,0,-1,5,1,5,-1,0,0,0,0,7,11,1,1,-1,1,2,31,6,1198,1,13,NISSAN MICRA,3,E01021295,0,3
2024131462395,2024,131462395,1,9,0,-1,19,5,1,-1,0,0,1,0,0,0,1,1,-1,9,2,35,6,1240,1,17,NISSAN MICRA,2,E01032923,0,1
2024311459236,2024,311459236,1,9,0,-1,19,1,5,-1,0,1,0,0,0,0,1,1,-1,2,2,54,8,1198,1,12,NISSAN MICRA,4,E01028260,0,4
2024991419713,2024,991419713,1,9,0,-1,7,4,7,-1,0,3,0,4,7,2,1,1,-1,1,2,23,5,1240,1,17,NISSAN MICRA,-1,-1,0,-1
2024010547396,2024,010547396,1,9,0,18,19,7,3,0,0,2,0,0,0,0,1,1,6,6,1,66,10,1198,1,13,NISSAN MICRA,3,E01000796,0,1
2024522402916,2024,522402916,1,9,0,2,2,0,0,0,0,8,0,0,0,0,9,1,6,6,3,-1,-1,1198,1,7,NISSAN MICRA,-1,-1,0,-1
2024501435987,2024,501435987,3,9,0,-1,19,1,5,-1,0,3,0,0,0,0,2,1,-1,9,1,48,8,1240,1,19,NISSAN MICRA,1,E01015057,0,1
2024010526389,2024,010526389,1,9,0,18,19,3,7,0,0,8,0,0,0,0,1,1,6,6,2,22,5,1386,1,19,NISSAN MICRA,2,E01000072,0,1
2024201464127,2024,201464127,1,9,0,-1,19,8,4,-1,0,2,0,0,0,0,4,1,-1,6,1,54,8,1240,1,17,NISSAN MICRA,1,E01009048,0,1
2024201416643,2024,201416643,1,9,0,-1,12,2,6,-1,0,0,0,0,0,0,1,9,-1,9,2,88,11,1198,1,9,NISSAN MICRA,9,E01029631,0,2
2024010515969,2024,010515969,2,9,0,99,99,9,9,99,99,9,9,99,9,99,9,9,6,6,3,-1,-1,1198,1,12,NISSAN MICRA,-1,-1,0,-1
2024461422851,2024,461422851,3,9,0,-1,3,5,1,-1,0,0,0,0,0,0,2,1,-1,6,1,18,4,1240,1,16,NISSAN MICRA,9,E01024057,0,4
2024451435275,2024,451435275,2,9,0,-1,11,1,5,-1,0,0,0,0,0,0,2,1,-1,9,2,27,6,1240,1,16,NISSAN MICRA,7,E01030300,0,1
2024201488702,2024,201488702,1,9,0,-1,19,3,7,-1,0,0,0,0,0,0,1,1,-1,6,2,-1,-1,1190,1,11,NISSAN MICRA,10,E01029514,0,3
2024070968299,2024,070968299,1,9,0,-1,19,3,7,-1,0,0,0,0,1,3,4,1,-1,9,2,77,11,1386,1,17,NISSAN MICRA,7,E01018372,0,1
2024061411739,2024,061411739,1,9,0,-1,9,3,1,-1,0,0,0,0,0,0,1,1,-1,6,2,79,11,1240,1,16,NISSAN MICRA,4,E01005185,0,1
2024302400386,2024,302400386,1,9,0,18,19,5,1,0,0,1,0,0,0,0,1,1,6,6,1,29,6,1235,1,35,NISSAN MICRA,2,E01019547,0,1
2024610039224,2024,610039224,2,9,0,2,2,0,0,0,0,0,0,0,0,0,2,1,6,6,3,-1,-1,1240,1,18,NISSAN MICRA,-1,-1,0,-1
2024010539470,2024,010539470,1,9,0,5,5,0,7,0,0,2,0,0,0,0,0,1,6,6,1,54,8,1240,1,15,NISSAN MICRA,4,E01004569,0,1
2024010501547,2024,010501547,1,9,0,18,19,6,2,0,0,1,0,0,1,0,1,1,6,6,2,79,11,1198,1,13,NISSAN MICRA,-1,-1,0,-1
2024041444866,2024,041444866,1,9,0,-1,5,7,3,-1,0,0,0,0,0,0,1,1,-1,9,1,62,9,898,1,6,NISSAN MICRA,1,E01012640,0,1
2024010549161,2024,010549161,2,9,0,5,5,1,5,0,0,1,0,0,0,0,1,1,1,1,2,52,8,1240,1,19,NISSAN MICRA,8,E01001046,0,1
2024131433246,2024,131433246,2,9,0,-1,19,7,7,-1,0,1,0,0,3,0,3,1,-1,6,2,56,9,1198,1,12,NISSAN MICRA,1,E01011375,0,3
2024361481020,2024,361481020,1,9,0,-1,19,1,5,-1,0,0,1,0,0,0,1,1,-1,9,2,19,4,998,1,25,NISSAN MICRA,5,E01026940,0,1
2024411525987,2024,411525987,2,9,0,-1,19,3,6,-1,0,0,0,0,0,0,3,1,-1,1,2,26,6,1190,1,11,NISSAN MICRA,7,E01000275,0,3
2024122400379,2024,122400379,1,9,0,7,7,5,7,0,0,8,0,0,0,0,4,1,6,6,1,48,8,898,1,6,NISSAN MICRA,3,E01013410,0,1
2024451406412,2024,451406412,1,9,0,-1,19,1,5,-1,0,0,2,0,0,0,2,1,-1,9,1,32,6,1240,1,18,NISSAN MICRA,10,E01031581,0,4
2024371467360,2024,371467360,3,9,0,-1,19,5,1,-1,0,0,1,0,1,0,1,1,-1,9,1,52,8,998,1,26,NISSAN MICRA,1,E01026641,0,4
2024361463836,2024,361463836,1,9,0,-1,19,-1,-1,-1,0,1,0,0,0,0,4,1,-1,9,2,80,11,1198,1,9,NISSAN MICRA,6,E01026449,0,4
2024161469515,2024,161469515,2,9,0,-1,19,1,5,-1,0,0,0,0,1,0,1,1,-1,6,1,59,9,1198,1,9,NISSAN MICRA,7,E01013333,0,2
2024302401606,2024,302401606,1,9,0,18,19,4,8,0,0,0,0,0,0,0,1,1,6,6,1,55,8,1461,2,15,NISSAN MICRA,7,E01019802,0,1
2024991442752,2024,991442752,1,9,0,-1,19,8,4,-1,0,0,0,0,0,0,1,1,-1,6,1,33,6,1198,1,9,NISSAN MICRA,4,-1,0,1
2024041453300,2024,041453300,1,9,0,-1,19,1,5,-1,0,3,0,0,0,0,1,1,-1,1,2,34,6,1198,1,10,NISSAN MICRA,1,E01012675,0,1
2024361527903,2024,361527903,2,9,0,-1,9,7,4,-1,0,0,0,0,0,0,3,1,-1,1,1,52,8,1198,1,11,NISSAN MICRA,6,E01026437,0,3
2024451477455,2024,451477455,2,9,0,-1,19,7,3,-1,0,0,0,0,0,0,2,1,-1,6,2,77,11,999,1,3,NISSAN MICRA,8,E01018661,0,5