collision_index,collision_year,collision_ref_no,vehicle_reference,vehicle_type,towing_and_articulation,vehicle_manoeuvre_historic,vehicle_manoeuvre,vehicle_direction_from,vehicle_direction_to,vehicle_location_restricted_lane_historic,vehicle_location_restricted_lane,junction_location,skidding_and_overturning,hit_object_in_carriageway,vehicle_leaving_carriageway,hit_object_off_carriageway,first_point_of_impact,vehicle_left_hand_drive,journey_purpose_of_driver_historic,journey_purpose_of_driver,sex_of_driver,age_of_driver,age_band_of_driver,engine_capacity_cc,propulsion_code,age_of_vehicle,generic_make_model,driver_imd_decile,lsoa_of_driver,escooter_flag,driver_distance_banding
2024061521355,2024,061521355,2,9,-1,-1,-1,-1,-1,-1,-1,0,-1,-1,-1,0,-1,9,-1,6,3,-1,-1,1386,1,17,NISSAN MICRA,-1,-1,0,-1
2024141487801,2024,141487801,1,9,0,-1,19,1,5,-1,0,0,0,0,7,0,4,1,-1,1,2,23,5,1240,1,21,NISSAN MICRA,2,E01007849,0,3
2024320654407,2024,320654407,2,9,0,-1,-1,2,6,0,0,8,0,0,0,0,1,1,-1,-1,1,61,9,998,1,28,NISSAN MICRA,-1,-1,0,-1
2024461417071,2024,461417071,2,9,0,-1,19,-1,-1,-1,0,0,0,0,0,0,2,9,-1,6,2,44,7,1198,1,10,NISSAN MICRA,1,E01024196,0,1
2024201484511,2024,201484511,2,9,0,-1,10,6,4,-1,0,8,0,0,0,0,9,9,-1,6,3,30,6,1198,1,11,NISSAN MICRA,6,E01010233,0,2
202417M111724,2024,17M111724,1,9,0,-1,19,2,6,-1,0,8,0,0,0,0,1,1,-1,9,1,25,5,998,1,21,NISSAN MICRA,1,E01035190,0,1
2024622400767,2024,622400767,1,9,0,18,19,3,7,0,0,0,0,0,0,0,3,1,6,6,1,26,6,1461,2,5,NISSAN MICRA,5,W01001720,0,2
2024440282659,2024,440282659,2,9,0,18,19,1,5,0,0,0,0,0,0,0,2,1,6,6,2,21,5,1386,1,18,NISSAN MICRA,8,E01017059,0,1
2024552400443,2024,552400443,1,9,0,12,12,6,2,0,0,0,0,0,0,0,3,1,2,2,2,18,4,1240,1,15,NISSAN MICRA,6,E01015410,0,2
2024430482585,2024,430482585,2,9,0,18,19,1,5,0,0,1,2,0,0,0,4,1,6,6,2,79,11,1275,1,29,NISSAN MICRA,-1,-1,0,-1
2024311520849,2024,311520849,1,9,0,-1,9,3,1,-1,0,6,0,0,0,0,1,1,-1,6,1,34,6,1598,1,18,NISSAN MICRA,-1,-1,0,-1
2024122400732,2024,122400732,1,9,0,18,19,4,1,0,0,0,0,0,0,0,1,1,1,1,1,25,5,1240,1,18,NISSAN MICRA,7,E01010641,0,2
2024010548925,2024,010548925,1,9,0,9,9,9,9,99,99,5,9,99,9,99,1,9,6,6,3,32,6,1198,1,13,NISSAN MICRA,5,E01003666,0,3
2024231519382,2024,231519382,1,9,0,-1,19,6,2,-1,0,0,0,0,0,0,1,9,-1,6,2,21,5,1240,1,20,NISSAN MICRA,10,E01031681,0,5
2024471431211,2024,471431211,2,9,0,-1,2,0,0,-1,0,0,0,0,0,0,3,1,-1,6,-1,-1,-1,998,1,24,NISSAN MICRA,-1,-1,0,-1
2024411422702,2024,411422702,1,9,0,-1,12,1,5,-1,99,2,0,0,9,0,3,9,-1,6,2,44,7,1240,1,21,NISSAN MICRA,3,E01023957,0,3
2024320309874,2024,320309874,2,9,0,13,13,8,4,0,0,1,0,0,0,10,1,1,-1,-1,1,61,9,1240,1,14,NISSAN MICRA,1,E01026384,0,1
2024201448177,2024,201448177,1,9,0,-1,9,7,5,-1,0,5,0,0,0,0,4,1,-1,6,1,52,8,1240,1,19,NISSAN MICRA,1,E01009143,0,3
2024061410736,2024,061410736,2,9,0,-1,19,7,3,-1,0,0,0,0,0,0,1,1,-1,9,2,28,6,1198,1,8,NISSAN MICRA,-1,-1,0,-1
2024461465396,2024,461465396,1,9,0,-1,19,6,2,-1,0,1,0,0,0,0,1,1,-1,6,2,49,8,999,1,4,NISSAN MICRA,4,E01024204,0,1
2024052401174,2024,052401174,1,9,0,18,19,4,8,0,0,0,0,4,0,0,1,1,6,6,1,81,11,999,1,1,NISSAN MICRA,4,E01007229,0,1
2024141466009,2024,141466009,3,9,0,-1,19,3,7,-1,0,0,0,0,0,0,2,1,-1,6,1,40,7,1240,1,18,NISSAN MICRA,1,E01007736,0,1
2024440409156,2024,440409156,2,9,0,18,19,8,4,0,0,0,0,0,0,0,2,1,2,2,2,36,7,1240,1,20,NISSAN MICRA,5,E01035458,0,1
2024520402719,2024,520402719,1,9,0,18,19,3,7,0,0,0,0,0,0,0,3,1,6,6,2,76,11,1198,1,8,NISSAN MICRA,4,E01029343,0,1
2024430375182,2024,430375182,1,9,0,2,2,0,0,0,0,0,0,0,0,0,4,1,6,6,1,44,7,1240,1,16,NISSAN MICRA,10,E01016553,0,1
2024070829374,2024,070829374,1,9,0,-1,19,9,9,-1,99,1,9,99,9,99,9,1,-1,6,1,71,10,999,1,3,NISSAN MICRA,2,E01018716,0,1
2024430439669,2024,430439669,2,9,0,4,4,1,5,0,0,0,0,0,0,0,2,1,1,1,1,43,7,1240,1,16,NISSAN MICRA,8,E01028689,0,2
2024010511555,2024,010511555,1,9,0,18,19,6,2,0,0,2,0,0,0,0,1,1,6,6,2,70,10,1240,1,15,NISSAN MICRA,5,E01001150,0,1
2024231535008,2024,231535008,6,9,0,-1,2,0,0,-1,0,0,0,0,0,0,1,1,-1,6,2,70,10,1240,1,19,NISSAN MICRA,4,E01031030,0,1
2024101432760,2024,101432760,2,9,0,-1,5,7,3,-1,0,6,0,0,2,0,4,2,-1,9,2,23,5,1240,1,14,NISSAN MICRA,-1,-1,0,-1
2024430299050,2024,430299050,1,9,0,9,9,2,7,0,0,8,0,0,0,0,1,1,6,6,2,41,7,1240,1,15,NISSAN MICRA,6,E01017934,0,2
2024351489942,2024,351489942,1,9,0,-1,2,0,0,-1,-1,0,0,0,0,0,2,1,-1,6,2,61,9,1240,1,14,NISSAN MICRA,9,E01018209,0,4
2024131407034,2024,131407034,1,9,0,-1,9,1,3,-1,0,6,0,0,0,0,3,1,-1,9,1,19,4,1240,1,21,NISSAN MICRA,4,E01011858,0,3
2024010534937,2024,010534937,2,9,9,99,99,9,9,99,99,9,9,99,9,99,9,9,6,6,3,-1,-1,998,1,27,NISSAN MICRA,-1,-1,0,-1
2024101453486,2024,101453486,2,9,0,-1,19,5,1,-1,0,0,0,0,0,0,3,1,-1,9,2,24,5,1198,1,10,NISSAN MICRA,1,E01008736,0,4
2024501456563,2024,501456563,3,9,0,-1,4,1,5,-1,0,0,0,0,0,0,0,1,-1,6,2,31,6,1198,1,11,NISSAN MICRA,4,E01020126,0,3
2024221513791,2024,221513791,3,9,0,-1,2,0,0,-1,0,0,0,0,0,0,2,1,-1,2,2,59,9,1240,1,18,NISSAN MICRA,2,E01032202,0,1
2024351463877,2024,351463877,2,9,0,-1,4,7,3,-1,0,0,0,0,0,0,2,1,-1,6,1,50,8,999,1,7,NISSAN MICRA,6,E01026306,0,2
2024461532764,2024,461532764,3,9,0,-1,3,1,1,-1,0,0,0,0,0,0,2,1,-1,9,2,36,7,1240,1,14,NISSAN MICRA,3,E01024090,0,2
2024461469612,2024,461469612,1,9,0,-1,3,4,6,-1,0,8,0,0,0,0,1,9,-1,6,2,45,7,1240,1,18,NISSAN MICRA,6,E01024072,0,1
2024371407080,2024,371407080,2,9,0,-1,8,1,3,-1,0,1,0,0,0,0,4,1,-1,2,2,23,5,1386,1,21,NISSAN MICRA,5,E01030210,0,4
2024010505560,2024,010505560,2,9,0,99,99,9,9,99,99,9,9,99,9,99,9,9,6,6,3,-1,-1,1198,1,11,NISSAN MICRA,-1,-1,0,-1
2024010533010,2024,010533010,2,9,0,99,99,9,9,99,99,6,9,99,9,99,1,9,6,6,3,-1,-1,1198,1,10,NISSAN MICRA,-1,-1,0,-1
2024211467300,2024,211467300,1,9,0,-1,19,7,3,-1,0,1,0,0,0,0,1,1,-1,9,1,38,7,1386,1,18,NISSAN MICRA,7,E01029491,0,1
2024991525239,2024,991525239,1,9,0,-1,19,4,1,-1,0,1,0,0,0,0,1,1,-1,6,1,23,5,1240,1,15,NISSAN MICRA,1,E01007133,0,5
2024631447970,2024,631447970,3,9,0,-1,2,0,0,-1,0,0,0,4,0,0,2,1,-1,6,-1,-1,-1,1240,1,19,NISSAN MICRA,-1,-1,0,-1
2024052402256,2024,052402256,2,9,0,18,19,3,7,0,0,8,0,0,0,0,1,1,6,6,2,33,6,1198,1,10,NISSAN MICRA,1,E01007207,0,2
2024010544772,2024,010544772,5,9,0,18,19,7,3,0,0,1,0,0,0,0,3,1,6,6,2,77,11,1198,1,9,NISSAN MICRA,6,E01001471,0,1
2024311467826,2024,311467826,2,9,0,-1,19,1,7,-1,0,1,0,0,0,0,1,1,-1,9,2,28,6,999,1,2,NISSAN MICRA,6,E01028006,0,2
2024211416739,2024,211416739,1,9,0,-1,19,3,7,-1,0,0,1,0,1,0,0,1,-1,2,2,18,4,1240,1,20,NISSAN MICRA,-1,-1,0,-1
2024471509194,2024,471509194,1,9,0,-1,19,4,8,-1,0,0,0,0,0,0,3,1,-1,2,1,55,8,1348,1,23,NISSAN MICRA,8,E01016897,0,2
2024201506205,2024,201506205,3,9,0,-1,19,4,8,-1,0,0,0,0,0,0,1,1,-1,6,2,20,4,1240,1,18,NISSAN MICRA,1,E01008055,0,5
2024631460621,2024,631460621,3,9,0,-1,4,3,7,-1,0,0,1,0,0,0,1,1,-1,9,2,28,6,998,1,26,NISSAN MICRA,6,W01000598,0,4
2024451453552,2024,451453552,1,9,0,-1,5,2,6,-1,0,4,0,0,0,0,3,9,-1,2,1,45,7,1386,1,18,NISSAN MICRA,4,E01030983,0,1
2024991525589,2024,991525589,2,9,0,-1,19,4,8,-1,0,8,0,0,7,0,1,1,-1,2,2,62,9,1240,1,17,NISSAN MICRA,5,-1,0,1
2024351471563,2024,351471563,2,9,0,-1,19,1,5,-1,0,0,0,0,0,0,1,1,-1,6,2,63,9,1198,1,8,NISSAN MICRA,1,E01021990,0,5
2024461490412,2024,461490412,1,9,0,-1,19,-1,-1,-1,-1,0,-1,-1,-1,0,-1,9,-1,6,2,34,6,1240,1,20,NISSAN MICRA,3,E01024099,0,1
2024201418312,2024,201418312,1,9,0,-1,19,7,3,-1,0,0,0,0,0,0,1,9,-1,9,2,36,7,1386,1,18,NISSAN MICRA,1,E01008931,0,1
2024461446746,2024,461446746,3,9,0,-1,5,4,8,-1,0,0,0,0,0,0,2,2,-1,6,2,18,4,1240,1,16,NISSAN MICRA,6,E01024064,0,1
2024522500393,2024,522500393,1,9,0,3,3,2,6,0,0,0,0,0,0,0,2,1,6,6,2,56,9,1198,1,10,NISSAN MICRA,4,E01014928,0,1
2024552401249,2024,552401249,2,9,0,18,19,8,4,0,0,0,0,0,0,0,1,1,6,6,1,39,7,998,1,21,NISSAN MICRA,3,E01015308,0,1
2024451484558,2024,451484558,2,9,0,-1,19,7,3,-1,0,0,1,0,0,0,1,1,-1,6,2,30,6,1198,1,12,NISSAN MICRA,-1,-1,0,-1
2024501504271,2024,501504271,1,9,0,-1,19,3,7,-1,0,0,0,0,0,0,1,1,-1,9,1,75,10,1348,1,23,NISSAN MICRA,7,E01020267,0,1
2024471495680,2024,471495680,1,9,0,-1,19,7,3,-1,0,0,0,0,8,2,1,1,-1,7,1,44,7,1198,1,13,NISSAN MICRA,1,E01016947,0,3
2024430622684,2024,430622684,3,9,0,18,19,5,1,0,0,1,0,0,0,0,1,1,6,6,1,-1,-1,1240,1,14,NISSAN MICRA,-1,-1,0,-1
2024440513633,2024,440513633,1,9,0,9,9,4,2,0,0,1,0,0,1,0,3,1,6,6,2,81,11,1386,1,16,NISSAN MICRA,9,E01023036,0,1
2024610038024,2024,610038024,1,9,0,18,19,1,5,0,0,0,0,0,0,0,3,1,1,1,1,35,6,1386,1,20,NISSAN MICRA,5,W01001263,0,2
2024351421056,2024,351421056,1,9,0,-1,5,3,7,-1,0,1,0,0,0,0,1,1,-1,6,1,22,5,1240,1,17,NISSAN MICRA,10,E01015399,0,5
2024991396525,2024,991396525,1,9,0,-1,19,4,7,-1,0,0,0,0,0,0,1,1,-1,6,2,77,11,1386,1,17,NISSAN MICRA,5,-1,0,2
2024440480650,2024,440480650,2,9,0,9,9,7,3,0,0,0,0,0,0,0,3,1,6,6,2,20,4,1240,1,17,NISSAN MICRA,5,E01017160,0,1
2024430343845,2024,430343845,1,9,0,18,19,6,2,0,0,0,0,0,0,0,1,1,6,6,2,52,8,1240,1,14,NISSAN MICRA,7,E01035739,0,3
2024041405938,2024,041405938,1,9,0,-1,19,1,5,-1,0,0,0,0,0,0,1,1,-1,6,2,21,5,1198,1,9,NISSAN MICRA,9,E01025553,0,3
2024101491307,2024,101491307,1,9,0,-1,9,7,5,-1,0,8,0,0,0,0,3,9,-1,6,2,23,5,1461,2,6,NISSAN MICRA,2,E01008221,0,3
2024211512424,2024,211512424,2,9,0,-1,19,5,5,-1,0,0,1,0,7,0,1,1,-1,1,2,-1,-1,1240,1,19,NISSAN MICRA,-1,-1,0,-1
2024451522455,2024,451522455,3,9,0,-1,19,5,1,-1,0,0,0,0,0,0,1,1,-1,2,1,22,5,1240,1,20,NISSAN MICRA,9,E01004121,0,4
2024010519317,2024,010519317,2,9,0,18,19,3,7,0,0,8,0,0,0,0,3,1,6,6,2,51,8,898,1,7,NISSAN MICRA,2,E01004204,0,1
2024411489107,2024,411489107,1,9,0,-1,14,1,5,-1,0,0,5,0,0,0,1,1,-1,6,1,76,11,1198,1,9,NISSAN MICRA,5,E01023727,0,1
2024141492869,2024,141492869,2,9,0,-1,19,1,5,-1,0,0,0,0,0,0,4,9,-1,6,2,-1,-1,1240,1,19,NISSAN MICRA,-1,-1,0,-1
2024221447137,2024,221447137,1,9,0,-1,19,8,4,-1,0,0,0,0,0,0,3,9,-1,6,2,69,10,1386,1,15,NISSAN MICRA,8,E01028830,0,2
2024221514864,2024,221514864,1,9,0,-1,1,8,4,-1,9,6,0,0,0,0,0,9,-1,7,2,36,7,1198,1,8,NISSAN MICRA,8,E01014167,0,2
2024302400607,2024,302400607,1,9,0,9,9,1,7,0,0,8,0,0,0,0,3,1,6,6,1,63,9,1240,1,18,NISSAN MICRA,5,E01033387,0,1
2024131472818,2024,131472818,1,9,0,-1,19,3,7,-1,0,8,1,0,0,0,4,1,-1,9,1,46,8,898,1,6,NISSAN MICRA,1,E01010966,0,1
2024401447639,2024,401447639,1,9,0,-1,7,2,6,-1,0,8,0,10,0,0,1,1,-1,9,2,84,11,1240,1,14,NISSAN MICRA,4,E01017596,0,1
2024101404635,2024,101404635,1,9,0,-1,19,5,1,-1,0,0,0,0,0,0,1,1,-1,6,1,66,10,999,1,5,NISSAN MICRA,6,E01035633,0,1
2024471412250,2024,471412250,2,9,0,-1,2,0,0,-1,9,0,0,0,7,0,3,2,-1,6,-1,-1,-1,1240,1,19,NISSAN MICRA,-1,-1,0,-1
2024131410822,2024,131410822,5,9,0,-1,10,6,4,-1,0,1,0,0,0,0,1,1,-1,6,1,70,10,1240,1,18,NISSAN MICRA,7,E01011159,0,1
2024461396123,2024,461396123,4,9,0,-1,19,6,2,-1,0,1,0,0,0,0,1,1,-1,9,2,65,9,1240,1,15,NISSAN MICRA,9,E01024431,0,2
2024421422273,2024,421422273,1,9,0,-1,19,1,5,-1,0,1,0,0,0,0,2,1,-1,6,2,21,5,1240,1,17,NISSAN MICRA,4,E01022036,0,2
2024101457888,2024,101457888,2,9,0,-1,3,7,3,-1,0,0,0,0,0,0,2,1,-1,9,2,37,7,1240,1,14,NISSAN MICRA,7,E01008279,0,1
2024041505669,2024,041505669,3,9,0,-1,19,1,5,-1,0,1,0,0,0,0,0,1,-1,6,2,62,9,999,1,4,NISSAN MICRA,9,E01025553,0,3
2024061431408,2024,061431408,5,9,0,-1,19,2,5,-1,0,1,0,0,0,0,3,1,-1,6,2,20,4,898,1,7,NISSAN MICRA,-1,-1,0,-1
2024461423018,2024,461423018,3,9,0,-1,2,0,0,-1,0,0,0,0,0,0,2,1,-1,6,1,64,9,1198,1,10,NISSAN MICRA,10,E01024150,0,1
2024351405194,2024,351405194,2,9,0,-1,19,3,7,-1,0,1,0,0,0,0,1,9,-1,6,1,27,6,1198,1,8,NISSAN MICRA,9,E01018172,0,3
2024531418987,2024,531418987,1,9,0,-1,9,3,7,-1,0,0,0,0,0,0,1,1,-1,9,2,83,11,1240,1,19,NISSAN MICRA,6,E01022271,0,1
2024131450485,2024,131450485,2,9,0,-1,19,5,1,-1,0,8,0,0,0,0,1,1,-1,9,2,37,7,1240,1,20,NISSAN MICRA,3,E01011449,0,1
2024131510797,2024,131510797,2,9,0,-1,19,1,5,-1,0,1,0,0,0,0,4,1,-1,9,2,51,8,898,1,7,NISSAN MICRA,2,E01019111,0,5
2024131448544,2024,131448544,1,9,0,-1,19,6,2,-1,0,0,0,0,0,0,2,1,-1,6,1,26,6,898,1,6,NISSAN MICRA,2,E01011853,0,4
2024340NN1672,2024,340NN1672,1,9,0,-1,1,6,2,-1,0,2,0,0,0,0,2,1,-1,9,2,61,9,998,1,21,NISSAN MICRA,3,E01015757,0,4
2024471444307,2024,471444307,1,9,0,-1,19,8,4,-1,0,0,0,0,7,4,1,1,-1,1,1,59,9,998,1,22,NISSAN MICRA,1,E01010370,0,5
2024302400912,2024,302400912,2,9,0,18,19,4,8,0,0,8,0,0,2,10,4,1,6,6,2,50,8,898,1,6,NISSAN MICRA,2,E01013597,0,2
2024010519521,2024,010519521,1,9,0,9,9,1,7,0,0,8,0,0,0,0,0,1,2,2,1,40,7,1240,1,20,NISSAN MICRA,6,E01002556,0,1
2024131458861,2024,131458861,1,9,0,-1,15,6,2,-1,0,1,0,0,0,0,1,1,-1,9,1,39,7,998,1,22,NISSAN MICRA,8,E01011169,0,1
2024201535635,2024,201535635,1,9,0,-1,19,8,4,-1,0,6,0,0,0,0,4,1,-1,2,1,55,8,998,1,22,NISSAN MICRA,1,E01009321,0,1
2024211491352,2024,211491352,1,9,0,-1,19,7,7,-1,0,0,0,0,0,0,3,1,-1,6,1,84,11,1386,1,19,NISSAN MICRA,3,E01029437,0,1
2024010542398,2024,010542398,2,9,0,99,99,9,9,99,99,0,9,99,9,99,1,9,6,6,3,60,9,1198,1,13,NISSAN MICRA,3,E01000095,0,1
2024541196824,2024,541196824,2,9,0,3,3,1,3,0,0,3,0,0,0,0,2,1,1,1,2,20,4,1198,1,7,NISSAN MICRA,3,E01031912,0,1
2024451470184,2024,451470184,2,9,0,-1,19,5,1,-1,0,1,0,0,0,0,3,9,-1,2,1,28,6,1240,1,19,NISSAN MICRA,-1,-1,0,-1
2024302400724,2024,302400724,1,9,0,18,19,6,2,0,0,0,0,0,0,0,1,1,6,6,1,63,9,999,1,2,NISSAN MICRA,2,E01020784,0,5
2024361440587,2024,361440587,2,9,0,-1,3,1,5,-1,0,1,0,0,0,0,2,1,-1,7,2,34,6,1461,2,7,NISSAN MICRA,1,E01026622,0,1
2024991522472,2024,991522472,2,9,0,-1,19,7,3,-1,0,0,0,0,0,0,1,1,-1,2,1,53,8,1461,2,15,NISSAN MICRA,-1,-1,0,-1
2024371529225,2024,371529225,1,9,0,-1,19,5,1,-1,0,1,0,0,0,0,1,1,-1,6,1,25,5,1348,1,22,NISSAN MICRA,3,E01030115,0,1
2024010529829,2024,010529829,2,9,0,9,9,3,8,0,0,8,0,0,0,0,1,1,6,6,1,66,10,1198,1,11,NISSAN MICRA,5,E01002083,0,3
2024361479299,2024,361479299,1,9,0,-1,19,1,5,-1,0,1,0,0,0,0,1,1,-1,6,1,48,8,1240,1,18,NISSAN MICRA,8,E01034566,0,4
2024311420777,2024,311420777,2,9,0,-1,10,6,4,-1,0,1,0,0,0,0,2,9,-1,6,2,37,7,1240,1,19,NISSAN MICRA,2,E01028257,0,1
2024221461611,2024,221461611,3,9,0,-1,19,4,8,-1,0,0,0,0,0,0,1,9,-1,6,2,51,8,1240,1,19,NISSAN MICRA,4,E01032415,0,3
2024991534416,2024,991534416,1,9,0,-1,5,7,3,-1,0,0,2,0,2,4,2,1,-1,9,2,20,4,1240,1,20,NISSAN MICRA,5,-1,0,3
2024332401204,2024,332401204,2,9,0,-1,19,1,5,-1,0,8,0,0,0,0,1,1,-1,9,2,32,6,898,1,7,NISSAN MICRA,5,E01028369,0,3
2024440303275,2024,440303275,1,9,0,18,19,6,2,0,0,1,0,0,0,0,4,1,6,6,2,76,11,999,1,2,NISSAN MICRA,5,E01033715,0,5
2024471470201,2024,471470201,2,9,0,-1,19,3,7,-1,0,0,0,0,0,0,1,1,-1,2,2,63,9,1198,1,10,NISSAN MICRA,7,E01020970,0,1
2024010540818,2024,010540818,2,9,0,99,99,9,9,99,99,9,9,99,9,99,9,9,6,6,3,-1,-1,1198,1,8,NISSAN MICRA,-1,-1,0,-1
2024101534712,2024,101534712,1,9,0,-1,9,5,3,-1,0,1,0,0,0,0,1,1,-1,6,1,70,10,898,1,6,NISSAN MICRA,-1,-1,0,-1
2024010534944,2024,010534944,2,9,0,9,9,3,1,0,0,6,0,0,0,0,4,1,6,6,1,52,8,1198,1,13,NISSAN MICRA,10,E01004097,0,1
202454B261724,2024,54B261724,1,9,0,18,19,2,6,0,0,2,0,0,0,0,1,1,6,6,2,32,6,1198,1,10,NISSAN MICRA,6,E01031989,0,1
2024991489334,2024,991489334,2,9,0,-1,19,2,6,-1,0,0,0,0,0,0,3,1,-1,2,2,28,6,898,1,7,NISSAN MICRA,7,-1,0,2
2024061456876,2024,061456876,1,9,0,-1,99,-1,-1,-1,0,0,0,0,0,0,2,1,-1,9,1,38,7,1240,1,17,NISSAN MICRA,1,E01005349,0,1
2024471528977,2024,471528977,2,9,0,-1,4,3,7,-1,0,0,0,0,0,0,2,1,-1,2,2,30,6,1198,1,12,NISSAN MICRA,9,E01017000,0,3
2024041457507,2024,041457507,1,9,0,-1,19,5,1,-1,0,0,0,0,0,0,1,1,-1,9,1,22,5,1240,1,14,NISSAN MICRA,1,E01025295,0,3
2024471402260,2024,471402260,1,9,0,-1,9,4,2,-1,0,8,0,0,0,0,2,1,-1,2,1,42,7,1240,1,19,NISSAN MICRA,1,E01020980,0,1
2024010540670,2024,010540670,1,9,0,99,99,9,9,99,99,9,9,99,9,99,9,9,6,6,1,37,7,1240,1,16,NISSAN MICRA,10,E01003466,0,1
2024201479699,2024,201479699,2,9,0,-1,4,7,3,-1,0,8,0,0,0,0,1,1,-1,6,3,20,4,1240,1,16,NISSAN MICRA,-1,-1,0,-1
2024061451479,2024,061451479,4,9,0,-1,2,7,6,-1,0,2,0,0,0,0,4,1,-1,6,-1,-1,-1,1240,1,15,NISSAN MICRA,-1,-1,0,-1
2024421506399,2024,421506399,1,9,0,-1,19,1,5,-1,0,0,0,0,0,0,1,9,-1,6,3,-1,-1,1598,1,16,NISSAN MICRA,-1,-1,0,-1
2024010532360,2024,010532360,2,9,0,12,12,4,8,0,0,0,0,0,0,0,3,1,3,7,2,41,7,1240,1,14,NISSAN MICRA,5,E01002344,0,1
2024311529438,2024,311529438,1,9,0,-1,19,8,3,-1,0,6,1,0,3,0,3,1,-1,2,2,49,8,1240,1,18,NISSAN MICRA,8,E01028417,0,3
2024320711528,2024,320711528,1,9,0,-1,-1,5,1,0,0,0,1,0,0,0,3,1,-1,-1,1,50,8,1461,2,17,NISSAN MICRA,1,E01026168,0,1
2024010528035,2024,010528035,2,9,0,99,99,9,9,99,99,6,9,99,9,99,1,9,6,6,2,27,6,1198,1,8,NISSAN MICRA,3,E01000523,0,2
2024520403360,2024,520403360,3,9,0,18,19,3,7,0,0,1,0,0,0,0,1,1,6,6,3,51,8,1240,1,20,NISSAN MICRA,2,E01029131,0,1
2024311437786,2024,311437786,1,9,0,-1,2,5,2,-1,0,0,0,0,0,0,2,1,-1,6,2,38,7,999,1,3,NISSAN MICRA,1,E01013879,0,1
2024061437425,2024,061437425,2,9,0,-1,2,-1,-1,-1,99,0,0,0,0,0,3,1,-1,6,1,-1,-1,1240,1,17,NISSAN MICRA,-1,-1,0,-1
2024010525552,2024,010525552,1,9,0,99,99,9,9,99,99,0,9,99,9,99,2,9,6,6,2,54,8,1598,1,15,NISSAN MICRA,6,E01002006,0,2
2024461400776,2024,461400776,1,9,0,-1,19,2,6,-1,0,0,0,0,0,0,1,1,-1,6,2,41,7,998,1,26,NISSAN MICRA,10,E01024324,0,1
2024411470721,2024,411470721,1,9,0,-1,19,4,8,-1,0,0,0,0,0,0,1,1,-1,2,2,19,4,1240,1,18,NISSAN MICRA,6,E01035562,0,3
2024010503806,2024,010503806,2,9,0,99,99,9,9,99,99,0,9,99,9,99,9,9,6,6,3,54,8,1198,1,9,NISSAN MICRA,5,E01003494,0,1
2024010539732,2024,010539732,1,9,0,99,99,9,9,99,99,9,9,99,9,99,9,9,6,6,1,34,6,1240,1,19,NISSAN MICRA,2,E01001505,0,3
2024552401540,2024,552401540,1,9,0,18,19,6,2,0,0,8,0,0,0,0,1,1,6,6,2,19,4,1198,1,12,NISSAN MICRA,7,E01015436,0,1
2024471403418,2024,471403418,1,9,0,-1,19,7,7,-1,0,0,0,0,1,0,1,1,-1,6,2,84,11,999,1,3,NISSAN MICRA,10,E01035348,0,1
2024991459955,2024,991459955,1,9,0,-1,19,8,4,-1,0,1,0,0,0,0,1,1,-1,6,1,63,9,1240,1,17,NISSAN MICRA,3,-1,0,1
2024461426897,2024,461426897,2,9,0,-1,5,1,5,-1,0,4,0,0,0,0,1,1,-1,9,1,51,8,999,1,3,NISSAN MICRA,5,E01035292,0,1
2024451453384,2024,451453384,1,9,0,-1,19,2,6,-1,0,0,0,0,1,0,1,1,-1,6,1,64,9,1198,1,9,NISSAN MICRA,6,E01030516,0,4
2024311462999,2024,311462999,1,9,0,-1,9,1,3,-1,-1,2,0,0,0,0,4,1,-1,6,2,24,5,1198,1,9,NISSAN MICRA,5,E01013937,0,1
2024501454885,2024,501454885,2,9,0,-1,4,1,5,-1,0,4,0,0,0,0,2,1,-1,9,2,46,8,999,1,4,NISSAN MICRA,8,E01020110,0,2
2024041535549,2024,041535549,2,9,0,-1,2,0,0,-1,9,1,0,0,0,0,1,1,-1,6,-1,-1,-1,999,1,5,NISSAN MICRA,-1,-1,0,-1
2024061416736,2024,061416736,1,9,0,-1,19,6,2,-1,0,0,0,0,0,0,1,1,-1,9,1,54,8,1348,1,22,NISSAN MICRA,3,E01006159,0,1
2024052402425,2024,052402425,2,9,0,4,4,5,1,0,0,0,0,0,0,0,2,1,6,6,2,72,10,1240,1,14,NISSAN MICRA,2,E01007038,0,3
2024131453566,2024,131453566,2,9,0,-1,8,5,7,-1,0,1,0,0,0,0,2,1,-1,9,2,28,6,1198,1,10,NISSAN MICRA,3,E01011824,0,3
2024311512026,2024,311512026,1,9,0,-1,19,3,7,-1,0,0,0,0,0,0,2,1,-1,6,2,66,10,1198,1,11,NISSAN MICRA,5,E01013937,0,1
2024421497056,2024,421497056,1,9,0,-1,19,8,4,-1,0,0,0,0,0,0,1,1,-1,6,3,20,4,1461,2,14,NISSAN MICRA,-1,-1,0,-1
2024461514976,2024,461514976,1,9,0,-1,5,2,6,-1,0,1,0,0,0,0,3,1,-1,9,1,77,11,1198,1,11,NISSAN MICRA,7,E01021112,0,4