collision_index,collision_year,collision_ref_no,vehicle_reference,vehicle_type,towing_and_articulation,vehicle_manoeuvre_historic,vehicle_manoeuvre,vehicle_direction_from,vehicle_direction_to,vehicle_location_restricted_lane_historic,vehicle_location_restricted_lane,junction_location,skidding_and_overturning,hit_object_in_carriageway,vehicle_leaving_carriageway,hit_object_off_carriageway,first_point_of_impact,vehicle_left_hand_drive,journey_purpose_of_driver_historic,journey_purpose_of_driver,sex_of_driver,age_of_driver,age_band_of_driver,engine_capacity_cc,propulsion_code,age_of_vehicle,generic_make_model,driver_imd_decile,lsoa_of_driver,escooter_flag,driver_distance_banding
2024010490346,2024,010490346,2,9,0,16,19,7,3,0,0,2,0,0,0,0,2,1,6,6,2,35,6,1240,1,19,NISSAN MICRA,4,E01003249,0,1
2024371478986,2024,371478986,1,9,0,-1,19,1,5,-1,0,0,0,0,0,0,1,9,-1,6,3,-1,-1,998,1,23,NISSAN MICRA,-1,-1,0,-1
2024361477809,2024,361477809,2,9,0,-1,19,5,7,-1,0,0,0,0,0,0,1,1,-1,9,2,59,9,1198,1,12,NISSAN MICRA,2,E01026734,0,3
2024161478404,2024,161478404,1,9,0,-1,19,1,5,-1,0,1,0,4,0,0,1,1,-1,9,2,45,7,998,1,23,NISSAN MICRA,1,E01012833,0,4
2024031458759,2024,031458759,2,9,0,-1,4,6,6,-1,0,0,0,0,0,0,2,1,-1,6,1,69,10,999,1,4,NISSAN MICRA,4,E01019281,0,2
2024061475750,2024,061475750,2,9,0,-1,1,-1,-1,-1,99,0,0,99,0,0,4,1,-1,6,1,-1,-1,1240,1,17,NISSAN MICRA,-1,-1,0,-1
2024522402066,2024,522402066,1,9,0,5,5,1,5,0,0,0,0,0,0,0,1,1,6,6,1,56,9,1240,1,18,NISSAN MICRA,10,E01014713,0,1
2024221534771,2024,221534771,2,9,0,-1,19,2,6,-1,0,0,0,0,0,0,1,1,-1,9,1,63,9,1198,1,8,NISSAN MICRA,4,E01011114,0,5
2024231412268,2024,231412268,3,9,0,-1,19,7,3,-1,0,0,0,0,0,0,4,9,-1,6,2,25,5,1198,1,10,NISSAN MICRA,5,E01032244,0,4
2024161458605,2024,161458605,4,9,0,-1,2,0,0,-1,0,0,0,0,7,11,1,1,-1,6,-1,-1,-1,1198,1,13,NISSAN MICRA,-1,-1,0,-1
2024131456517,2024,131456517,2,9,0,-1,19,3,7,-1,0,6,1,0,0,0,1,1,-1,9,1,51,8,998,1,20,NISSAN MICRA,1,E01011430,0,3
2024361453702,2024,361453702,1,9,0,-1,9,1,4,-1,0,8,0,0,0,0,-1,9,-1,6,2,33,6,998,1,23,NISSAN MICRA,3,E01034767,0,4
2024061443766,2024,061443766,2,9,0,-1,9,-1,-1,-1,0,6,0,0,0,0,1,2,-1,6,1,-1,-1,1240,1,18,NISSAN MICRA,3,E01005853,0,1
2024471479706,2024,471479706,1,9,0,-1,19,1,5,-1,0,2,0,0,0,0,1,1,-1,6,1,24,5,1386,1,18,NISSAN MICRA,4,E01031552,0,1
2024010525034,2024,010525034,2,9,0,99,99,9,9,99,99,9,9,99,9,99,9,9,6,6,1,21,5,1240,1,16,NISSAN MICRA,2,E01016458,0,3
2024052400920,2024,052400920,2,9,0,18,19,2,6,0,0,8,0,0,0,0,3,1,6,6,1,30,6,1240,1,20,NISSAN MICRA,1,E01006416,0,2
2024401434613,2024,401434613,4,9,0,-1,2,0,0,-1,0,2,0,0,0,0,3,1,-1,6,-1,-1,-1,1240,1,20,NISSAN MICRA,-1,-1,0,-1
2024991440390,2024,991440390,3,9,0,-1,3,7,3,-1,0,0,0,0,0,0,2,1,-1,9,1,42,7,1198,1,11,NISSAN MICRA,1,-1,0,2
2024221502859,2024,221502859,1,9,0,-1,13,7,4,-1,0,8,0,0,7,0,1,1,-1,9,2,76,11,1240,1,19,NISSAN MICRA,5,E01014018,0,3
2024531514303,2024,531514303,1,9,0,-1,19,8,4,-1,0,2,0,0,0,0,1,1,-1,6,2,68,10,1240,1,16,NISSAN MICRA,3,E01022254,0,1
2024052402802,2024,052402802,1,9,0,5,5,7,3,0,0,4,0,0,0,0,1,1,6,6,3,-1,-1,998,1,22,NISSAN MICRA,-1,-1,0,-1
2024501435420,2024,501435420,1,9,0,-1,5,2,4,-1,0,8,0,0,0,0,3,1,-1,9,2,41,7,998,1,22,NISSAN MICRA,4,E01020149,0,1
2024010505566,2024,010505566,2,9,0,99,99,9,9,99,99,9,9,99,9,99,1,9,6,6,3,72,10,1240,1,19,NISSAN MICRA,8,E01000216,0,2
2024340WN4842,2024,340WN4842,1,9,0,-1,12,1,5,-1,0,0,0,0,0,0,1,1,-1,9,2,56,9,1240,1,20,NISSAN MICRA,9,E01028423,0,4
2024501444789,2024,501444789,1,9,0,-1,19,3,7,-1,-1,0,0,0,0,0,1,1,-1,6,2,72,10,1198,1,12,NISSAN MICRA,6,E01019003,0,2
2024231492414,2024,231492414,1,9,0,-1,7,8,2,-1,0,6,0,0,0,0,1,1,-1,6,1,33,6,1240,1,16,NISSAN MICRA,6,E01009645,0,3
2024991472446,2024,991472446,1,9,0,-1,19,5,1,-1,0,0,2,0,6,0,1,1,-1,2,2,41,7,1240,1,18,NISSAN MICRA,9,-1,0,1
2024010520193,2024,010520193,1,9,0,18,19,1,5,0,0,0,0,0,0,0,1,1,6,6,1,58,9,1198,1,10,NISSAN MICRA,4,E01004148,0,1
2024421520650,2024,421520650,2,9,0,-1,19,8,6,-1,0,8,0,0,0,0,4,1,-1,9,1,36,7,1240,1,14,NISSAN MICRA,8,E01021504,0,2
2024010498227,2024,010498227,2,9,9,99,99,9,9,99,99,9,9,99,9,99,9,9,6,6,3,-1,-1,1240,1,19,NISSAN MICRA,-1,-1,0,-1
2024010517895,2024,010517895,1,9,0,1,1,3,7,0,0,1,0,0,0,0,2,1,6,6,2,65,9,1240,1,18,NISSAN MICRA,4,E01001087,0,1
2024991429280,2024,991429280,1,9,0,-1,9,6,4,-1,0,6,0,0,0,0,4,1,-1,6,2,50,8,1198,1,13,NISSAN MICRA,1,-1,0,1
2024421432036,2024,421432036,2,9,0,-1,19,1,5,-1,0,0,0,0,0,0,3,9,-1,6,2,61,9,1198,1,9,NISSAN MICRA,10,E01021242,0,2
2024010528496,2024,010528496,1,9,0,10,10,6,4,0,0,4,0,0,0,0,1,1,6,6,2,29,6,1240,1,19,NISSAN MICRA,3,E01000372,0,1
2024340WN3302,2024,340WN3302,1,9,0,-1,4,5,1,-1,0,1,0,0,0,0,1,1,-1,9,1,18,4,1198,1,12,NISSAN MICRA,8,E01027181,0,1
2024430188099,2024,430188099,1,9,0,18,19,5,1,0,0,8,0,0,0,0,1,1,6,6,2,52,8,1348,1,22,NISSAN MICRA,7,E01017818,0,2
2024421441806,2024,421441806,1,9,0,-1,19,7,3,-1,0,8,1,0,7,9,1,1,-1,6,2,38,7,1240,1,16,NISSAN MICRA,2,E01004247,0,4
2024501522895,2024,501522895,1,9,0,-1,19,1,5,-1,0,1,5,0,2,10,3,1,-1,9,2,86,11,1198,1,9,NISSAN MICRA,4,E01018760,0,1
2024631469012,2024,631469012,2,9,0,-1,4,7,3,-1,0,0,0,0,0,0,2,1,-1,6,2,20,4,1240,1,17,NISSAN MICRA,4,E01014128,0,4
2024010519277,2024,010519277,1,9,0,18,19,7,3,0,0,7,0,0,0,0,1,1,6,6,2,62,9,998,1,21,NISSAN MICRA,-1,-1,0,-1
2024351435863,2024,351435863,2,9,0,-1,19,7,3,-1,0,0,0,0,1,0,1,1,-1,9,1,48,8,1240,1,19,NISSAN MICRA,6,E01030151,0,1
2024010503342,2024,010503342,2,9,0,99,99,9,9,99,99,9,9,99,9,99,1,9,6,6,3,37,7,1198,1,10,NISSAN MICRA,4,E01000547,0,1
202417S208024,2024,17S208024,1,9,0,-1,4,3,7,-1,0,1,0,0,0,0,2,1,-1,9,1,39,7,1461,2,18,NISSAN MICRA,1,E01012262,0,2
202454C622324,2024,54C622324,1,9,0,18,19,6,2,0,0,0,0,0,0,0,4,1,6,6,1,-1,-1,1198,1,13,NISSAN MICRA,10,E01002995,0,5
2024031422144,2024,031422144,3,9,0,-1,5,3,1,-1,0,0,0,0,0,0,0,1,-1,1,1,23,5,998,1,22,NISSAN MICRA,3,E01019211,0,4
2024101491235,2024,101491235,1,9,0,-1,9,5,1,-1,0,8,0,0,0,0,1,1,-1,6,1,24,5,1240,1,20,NISSAN MICRA,3,E01008533,0,1
2024131534905,2024,131534905,2,9,0,-1,7,6,2,-1,0,8,0,0,0,0,1,1,-1,9,1,45,7,1240,1,18,NISSAN MICRA,3,E01011597,0,1
2024010520614,2024,010520614,1,9,0,7,7,7,1,0,0,1,0,0,0,0,4,1,6,6,1,34,6,1198,1,12,NISSAN MICRA,2,E01002786,0,1
2024010504006,2024,010504006,2,9,9,99,99,9,9,99,99,9,9,99,9,99,9,9,6,6,3,-1,-1,1386,1,16,NISSAN MICRA,-1,-1,0,-1
2024430049627,2024,430049627,1,9,0,18,19,1,5,0,0,1,0,0,0,0,1,1,6,6,2,25,5,999,1,2,NISSAN MICRA,10,E01016671,0,1
2024010497565,2024,010497565,1,9,0,99,99,9,9,99,99,9,9,99,9,99,1,9,6,6,1,51,8,1240,1,21,NISSAN MICRA,2,E01003943,0,1
2024131487757,2024,131487757,2,9,0,-1,2,0,0,-1,0,0,0,0,0,0,4,1,-1,6,-1,-1,-1,1240,1,14,NISSAN MICRA,-1,-1,0,-1
2024461477603,2024,461477603,1,9,0,-1,-1,-1,-1,-1,9,-1,0,0,1,0,-1,9,-1,6,2,74,10,1198,1,11,NISSAN MICRA,5,E01024231,0,1
2024010544267,2024,010544267,2,9,0,18,19,1,5,9,9,0,0,7,1,0,1,1,2,2,2,65,9,999,1,4,NISSAN MICRA,8,E01002372,0,2
2024501471364,2024,501471364,1,9,0,-1,19,7,3,-1,0,4,0,0,0,0,1,1,-1,2,2,19,4,998,1,22,NISSAN MICRA,4,E01018979,0,2
2024520402768,2024,520402768,2,9,0,18,19,6,2,0,0,1,0,0,0,0,1,1,6,6,2,82,11,1198,1,11,NISSAN MICRA,7,E01029312,0,1
2024361516228,2024,361516228,1,9,0,-1,19,4,8,-1,0,1,0,0,0,0,4,1,-1,6,2,82,11,1240,1,20,NISSAN MICRA,9,E01026537,0,2
2024440344368,2024,440344368,1,9,0,3,3,6,2,0,0,1,0,0,0,0,2,1,6,6,1,34,6,1461,2,14,NISSAN MICRA,3,E01019985,0,5
2024070750822,2024,070750822,1,9,0,-1,9,3,5,-1,0,6,0,0,0,0,1,1,-1,9,1,67,10,999,1,4,NISSAN MICRA,9,E01029536,0,2
2024231439779,2024,231439779,1,9,0,-1,19,1,5,-1,0,1,0,0,0,0,1,1,-1,9,1,19,4,1386,1,15,NISSAN MICRA,6,E01034579,0,5
2024201469945,2024,201469945,2,9,0,-1,19,4,4,-1,0,0,0,0,0,0,1,1,-1,2,2,35,6,1198,1,13,NISSAN MICRA,1,E01035016,0,3
2024461399636,2024,461399636,1,9,0,-1,19,1,5,-1,0,0,1,0,7,9,1,9,-1,6,1,19,4,998,1,23,NISSAN MICRA,6,E01035278,0,2
2024471458594,2024,471458594,1,9,0,-1,19,3,7,-1,0,0,0,0,0,0,4,9,-1,6,2,57,9,1198,1,13,NISSAN MICRA,8,E01031617,0,1
2024501427156,2024,501427156,1,9,0,-1,19,7,3,-1,0,2,0,0,0,0,1,2,-1,9,1,18,4,1240,1,18,NISSAN MICRA,3,E01015192,0,1
2024041461668,2024,041461668,3,9,0,-1,2,1,1,-1,0,1,0,0,0,0,1,1,-1,6,-1,-1,-1,1198,1,11,NISSAN MICRA,-1,-1,0,-1
2024010520111,2024,010520111,2,9,0,4,4,7,3,0,0,0,5,0,0,0,1,2,6,6,1,44,7,1240,1,18,NISSAN MICRA,8,E01002453,0,1
2024311515858,2024,311515858,1,9,0,-1,11,3,7,-1,0,0,0,0,0,0,0,1,-1,6,2,63,9,1240,1,19,NISSAN MICRA,3,E01028310,0,4
2024010518444,2024,010518444,1,9,0,18,19,1,5,0,0,0,0,4,0,0,1,1,6,6,1,53,8,1240,1,15,NISSAN MICRA,2,E01034190,0,1
2024552401388,2024,552401388,1,9,0,9,9,7,5,0,0,8,0,0,0,0,4,1,6,6,1,18,4,1198,1,11,NISSAN MICRA,5,E01015375,0,1
2024440389738,2024,440389738,1,9,0,18,19,1,5,0,0,0,0,0,0,0,1,1,6,6,2,42,7,1198,1,11,NISSAN MICRA,-1,-1,0,-1
2024041417209,2024,041417209,1,9,0,-1,9,5,7,-1,0,8,0,0,0,0,1,1,-1,2,2,17,4,1240,1,16,NISSAN MICRA,7,E01025597,0,1
2024010517258,2024,010517258,1,9,0,99,99,9,9,99,99,9,9,99,9,99,1,9,6,6,2,34,6,1198,1,9,NISSAN MICRA,4,E01000112,0,2
2024622400428,2024,622400428,1,9,0,17,19,7,3,0,0,0,0,0,0,0,1,1,6,6,1,22,5,998,1,22,NISSAN MICRA,5,W01001096,0,1
2024471436798,2024,471436798,4,9,0,-1,2,0,0,-1,0,0,0,0,0,0,1,1,-1,6,-1,-1,-1,1240,1,20,NISSAN MICRA,-1,-1,0,-1
2024501420564,2024,501420564,2,9,0,-1,8,3,7,-1,0,1,0,0,0,0,2,9,-1,9,2,26,6,898,1,7,NISSAN MICRA,5,E01020279,0,1
2024010549613,2024,010549613,1,9,0,99,99,9,9,99,99,9,9,99,9,99,1,9,6,6,3,44,7,1198,1,9,NISSAN MICRA,6,E01001091,0,1
2024052400547,2024,052400547,1,9,0,18,19,3,7,0,0,0,0,0,0,0,1,1,6,6,2,25,5,1240,1,18,NISSAN MICRA,4,E01007231,0,2
2024610023624,2024,610023624,1,9,0,4,4,8,4,0,0,4,0,0,0,0,2,1,6,6,1,52,8,1240,1,18,NISSAN MICRA,8,W01001579,0,4
2024440014657,2024,440014657,2,9,0,18,19,2,6,0,0,1,0,0,0,0,1,1,6,6,1,35,6,1598,1,17,NISSAN MICRA,1,E01017154,0,2
2024010514547,2024,010514547,2,9,0,99,99,9,9,99,99,0,9,99,9,99,1,9,6,6,3,-1,-1,1240,1,20,NISSAN MICRA,1,E01003971,0,3
2024501397240,2024,501397240,1,9,0,-1,19,4,8,-1,0,1,2,0,0,0,4,1,-1,2,1,34,6,998,1,24,NISSAN MICRA,5,E01018921,0,4
2024201416102,2024,201416102,2,9,0,-1,19,3,7,-1,0,2,0,0,0,0,3,1,-1,6,2,41,7,1240,1,17,NISSAN MICRA,1,E01010367,0,1
2024010535032,2024,010535032,1,9,0,99,99,9,9,99,99,9,9,99,9,99,1,9,2,2,1,50,8,898,1,6,NISSAN MICRA,3,E01002730,0,1
2024010526008,2024,010526008,2,9,0,99,99,9,9,99,99,9,9,99,9,99,1,9,6,6,2,33,6,1386,1,17,NISSAN MICRA,4,E01002596,0,1
2024061499976,2024,061499976,1,9,0,-1,9,5,7,-1,0,2,0,0,0,0,1,9,-1,1,2,67,10,1240,1,18,NISSAN MICRA,5,E01005396,0,1
2024141399852,2024,141399852,1,9,0,-1,19,5,1,-1,0,1,0,0,0,0,1,1,-1,2,2,20,4,1240,1,20,NISSAN MICRA,2,E01007967,0,1
2024010509970,2024,010509970,1,9,0,18,19,6,2,0,0,6,0,0,0,0,3,1,6,6,2,39,7,1190,1,14,NISSAN MICRA,8,E01023627,0,4
2024361445243,2024,361445243,1,9,0,-1,19,1,5,-1,0,1,0,0,0,0,1,1,-1,9,2,68,10,1198,1,9,NISSAN MICRA,1,E01026848,0,1
2024211533438,2024,211533438,1,9,0,-1,19,6,2,-1,0,0,0,0,1,0,1,1,-1,6,1,17,4,898,1,6,NISSAN MICRA,4,E01029681,0,2
2024131453448,2024,131453448,1,9,0,-1,19,4,8,-1,0,0,0,0,0,0,1,1,-1,6,1,36,7,1240,1,20,NISSAN MICRA,4,E01011447,0,1
2024411442621,2024,411442621,1,9,0,-1,5,3,7,-1,0,6,0,0,0,0,1,1,-1,6,2,67,10,1198,1,13,NISSAN MICRA,3,E01023757,0,2
2024451454516,2024,451454516,2,9,0,-1,19,1,5,-1,0,8,0,0,3,0,1,1,-1,9,1,38,7,1240,1,17,NISSAN MICRA,6,E01002943,0,1
2024440281482,2024,440281482,1,9,0,16,19,5,1,0,0,0,2,0,0,0,1,1,6,6,1,28,6,1240,1,20,NISSAN MICRA,9,E01017284,0,1
2024461520459,2024,461520459,1,9,0,-1,19,7,5,-1,0,2,0,0,0,0,3,1,-1,2,1,31,6,1240,1,15,NISSAN MICRA,2,E01024775,0,1
2024461431409,2024,461431409,2,9,0,-1,7,6,6,-1,0,1,0,4,0,0,3,1,-1,9,1,71,10,1240,1,15,NISSAN MICRA,9,E01023999,0,4
2024311500052,2024,311500052,1,9,0,-1,7,5,2,-1,-1,0,5,0,1,0,1,1,-1,9,2,23,5,1386,1,18,NISSAN MICRA,5,E01021388,0,5
2024101518336,2024,101518336,1,9,0,-1,5,1,7,-1,0,6,0,0,0,0,1,1,-1,1,2,56,9,1198,1,13,NISSAN MICRA,4,E01027408,0,3
2024451398986,2024,451398986,4,9,0,-1,19,7,3,-1,0,1,0,0,0,0,3,1,-1,1,1,60,9,1348,1,24,NISSAN MICRA,10,E01030506,0,1
2024461530638,2024,461530638,2,9,0,-1,19,8,4,-1,0,0,0,0,0,0,3,1,-1,9,2,42,7,999,1,3,NISSAN MICRA,4,E01024623,0,2
2024991525177,2024,991525177,1,9,0,-1,19,5,1,-1,0,0,0,0,0,0,1,1,-1,9,2,46,8,1198,1,7,NISSAN MICRA,3,-1,0,3
2024010531149,2024,010531149,1,9,0,7,7,7,8,0,0,6,0,0,0,0,3,1,2,2,2,38,7,999,1,4,NISSAN MICRA,3,E01002243,0,1
2024010522937,2024,010522937,2,9,0,3,3,1,5,0,0,0,0,0,0,0,2,2,6,6,1,77,11,999,1,3,NISSAN MICRA,2,E01011582,0,5
2024471416647,2024,471416647,1,9,0,-1,19,6,2,-1,0,0,0,0,0,0,1,1,-1,6,2,22,5,1386,1,18,NISSAN MICRA,10,E01024835,0,1
2024549003224,2024,549003224,2,9,0,4,4,5,1,0,0,1,0,0,0,0,2,1,6,6,2,27,6,1198,1,11,NISSAN MICRA,5,E01014533,0,4
2024010550731,2024,010550731,1,9,0,18,19,6,2,0,0,1,0,0,0,0,1,1,6,6,2,58,9,1240,1,19,NISSAN MICRA,3,E01003587,0,2
2024471413657,2024,471413657,1,9,0,-1,5,3,1,-1,0,6,0,0,0,0,3,1,-1,9,2,80,11,998,1,23,NISSAN MICRA,8,E01016897,0,1
2024010531674,2024,010531674,1,9,0,11,11,7,3,0,0,6,0,0,0,0,1,1,6,6,1,50,8,1240,1,21,NISSAN MICRA,9,E01003890,0,1
2024161431747,2024,161431747,1,9,0,-1,4,6,2,-1,0,1,0,0,0,0,3,9,-1,9,2,17,4,1198,1,11,NISSAN MICRA,1,E01013222,0,1
2024371459870,2024,371459870,2,9,0,-1,2,1,1,-1,0,8,0,0,0,0,1,1,-1,6,-1,-1,-1,999,1,2,NISSAN MICRA,-1,-1,0,-1
2024161530173,2024,161530173,1,9,0,-1,7,3,5,-1,0,0,0,0,0,0,2,1,-1,2,2,29,6,1386,1,18,NISSAN MICRA,9,E01035475,0,1
2024010521187,2024,010521187,1,9,0,18,19,1,5,0,0,1,0,4,0,0,3,1,6,6,2,84,11,999,1,4,NISSAN MICRA,9,E01003895,0,1
2024501505743,2024,501505743,2,9,0,-1,9,2,7,-1,0,1,0,0,0,0,4,9,-1,6,1,18,4,1240,1,21,NISSAN MICRA,4,E01018929,0,3
2024351473292,2024,351473292,2,9,0,-1,4,-1,-1,-1,0,0,0,0,0,0,2,9,-1,9,2,42,7,1198,1,7,NISSAN MICRA,8,E01018148,0,1
2024522402660,2024,522402660,2,9,0,3,3,2,6,0,0,2,0,0,0,0,2,1,6,6,2,32,6,1198,1,12,NISSAN MICRA,4,E01014840,0,4
2024131430185,2024,131430185,2,9,0,-1,19,8,4,-1,0,0,0,0,0,0,1,1,-1,9,1,26,6,1198,1,13,NISSAN MICRA,1,E01025110,0,4
2024471444877,2024,471444877,3,9,0,-1,2,0,0,-1,0,1,0,0,0,0,1,1,-1,6,-1,-1,-1,1240,1,20,NISSAN MICRA,-1,-1,0,-1
2024041411775,2024,041411775,1,9,0,-1,19,1,5,-1,0,0,0,0,0,0,1,1,-1,9,1,79,11,1240,1,21,NISSAN MICRA,10,E01025440,0,2
2024440071530,2024,440071530,1,9,0,18,19,7,3,0,0,8,0,0,0,0,1,1,6,6,1,36,7,1461,2,21,NISSAN MICRA,-1,-1,0,-1
2024371443526,2024,371443526,1,9,0,-1,19,5,1,-1,0,0,0,0,0,0,1,1,-1,6,2,71,10,1198,1,13,NISSAN MICRA,3,E01029912,0,1
2024010499501,2024,010499501,2,9,9,99,99,9,9,99,99,9,9,99,9,99,9,9,6,6,3,-1,-1,1198,1,12,NISSAN MICRA,-1,-1,0,-1
2024131403390,2024,131403390,1,9,0,-1,9,6,2,-1,0,5,0,0,1,0,1,1,-1,6,2,41,7,898,1,6,NISSAN MICRA,1,E01010814,0,1
2024010512521,2024,010512521,2,9,0,99,99,9,9,99,99,9,9,99,9,99,9,9,6,6,2,66,10,1240,1,15,NISSAN MICRA,4,E01000164,0,1
2024141534609,2024,141534609,1,9,0,-1,2,0,0,-1,0,1,0,0,0,0,3,1,-1,9,1,44,7,1198,1,10,NISSAN MICRA,9,E01008043,0,1
2024440173956,2024,440173956,2,9,0,9,9,3,1,0,0,8,0,0,0,0,1,1,6,6,3,-1,-1,1198,1,13,NISSAN MICRA,-1,-1,0,-1
2024421415262,2024,421415262,1,9,0,-1,9,2,8,-1,0,2,0,0,0,0,1,1,-1,1,1,30,6,1240,1,20,NISSAN MICRA,-1,-1,0,-1
2024421468208,2024,421468208,2,9,0,-1,10,-1,-1,-1,0,1,0,0,0,0,4,1,-1,2,1,26,6,1240,1,18,NISSAN MICRA,5,E01033462,0,1
2024520401484,2024,520401484,1,9,0,18,19,6,2,0,0,0,0,0,0,0,3,1,6,6,3,-1,-1,1348,1,23,NISSAN MICRA,-1,-1,0,-1
2024421522821,2024,421522821,1,9,0,-1,19,2,6,-1,0,0,0,0,0,0,1,1,-1,9,2,75,10,1240,1,19,NISSAN MICRA,6,E01021344,0,1
2024440103918,2024,440103918,1,9,0,7,7,2,4,0,0,6,0,0,0,0,1,1,6,6,2,38,7,1386,1,20,NISSAN MICRA,-1,-1,0,-1
2024361509150,2024,361509150,2,9,0,-1,19,7,3,-1,0,0,0,0,1,0,1,1,-1,9,1,74,10,1461,2,15,NISSAN MICRA,5,E01026676,0,1
2024991435466,2024,991435466,2,9,0,-1,8,4,7,-1,0,5,0,0,0,0,2,1,-1,9,2,23,5,1240,1,17,NISSAN MICRA,-1,-1,0,-1
2024201477569,2024,201477569,1,9,0,-1,19,8,4,-1,0,0,1,0,0,0,1,1,-1,6,2,34,6,1386,1,18,NISSAN MICRA,-1,-1,0,-1
2024421402217,2024,421402217,1,9,0,-1,19,1,5,-1,0,6,0,0,0,0,1,1,-1,6,2,41,7,999,1,2,NISSAN MICRA,4,E01015819,0,1
2024546647824,2024,546647824,2,9,0,18,19,3,8,0,0,8,0,0,0,0,4,1,6,6,2,32,6,1461,2,6,NISSAN MICRA,7,E01032079,0,1
2024201421392,2024,201421392,1,9,0,-1,19,2,6,-1,0,8,1,0,0,0,1,9,-1,6,1,27,6,1240,1,18,NISSAN MICRA,3,E01008933,0,1
2024332401011,2024,332401011,2,9,0,-1,19,7,3,-1,0,0,0,0,0,0,1,1,-1,6,2,23,5,1240,1,14,NISSAN MICRA,5,E01025875,0,1
2024201410622,2024,201410622,2,9,0,-1,19,1,3,-1,0,0,0,0,0,0,4,1,-1,2,2,47,8,1198,1,10,NISSAN MICRA,1,E01009026,0,1
2024122500132,2024,122500132,1,9,0,18,19,7,3,0,0,0,0,0,0,0,1,1,6,6,2,60,9,1240,1,18,NISSAN MICRA,8,E01013343,0,1
2024010531673,2024,010531673,1,9,0,99,99,9,9,99,99,9,9,99,9,99,9,9,2,2,2,27,6,1386,1,19,NISSAN MICRA,6,E01026760,0,5
202454C796824,2024,54C796824,1,9,0,18,19,5,1,0,0,1,1,0,3,10,1,1,6,6,2,93,11,1240,1,16,NISSAN MICRA,10,E01031966,0,1
2024340WN6422,2024,340WN6422,3,9,0,-1,2,0,0,-1,0,2,0,0,0,0,3,1,-1,6,3,-1,-1,898,1,6,NISSAN MICRA,-1,-1,0,-1
2024052400500,2024,052400500,1,9,0,9,9,7,3,0,0,6,0,0,0,0,2,1,6,6,2,91,11,998,1,23,NISSAN MICRA,5,E01033796,0,1
2024041552151,2024,041552151,2,9,0,-1,19,5,1,-1,0,0,0,0,0,0,2,1,-1,9,2,49,8,1198,1,13,NISSAN MICRA,6,E01025330,0,4
2024332400084,2024,332400084,1,9,0,-1,7,3,5,-1,0,5,0,0,1,11,4,1,-1,2,1,61,9,1240,1,19,NISSAN MICRA,2,E01034008,0,1
2024010499818,2024,010499818,1,9,0,5,5,4,8,0,0,1,0,0,1,11,1,1,6,6,2,50,8,1240,1,18,NISSAN MICRA,9,E01032576,0,1
2024010546357,2024,010546357,1,9,0,99,99,9,9,99,99,9,9,99,9,99,9,9,6,6,3,81,11,1198,1,8,NISSAN MICRA,6,E01002745,0,1
2024501413809,2024,501413809,2,9,0,-1,19,7,3,-1,0,3,0,0,0,0,4,1,-1,9,1,21,5,998,1,22,NISSAN MICRA,5,E01020117,0,3
2024421429359,2024,421429359,1,9,0,-1,5,7,5,-1,0,1,0,0,0,0,1,1,-1,6,2,83,11,1198,1,11,NISSAN MICRA,4,E01021274,0,1
2024131502251,2024,131502251,1,9,0,-1,19,3,7,-1,0,0,0,0,0,0,1,1,-1,6,2,40,7,1240,1,16,NISSAN MICRA,2,E01011862,0,3
2024010495835,2024,010495835,2,9,0,9,9,3,2,0,0,8,0,0,0,0,4,1,2,2,2,39,7,1240,1,18,NISSAN MICRA,3,E01001547,0,1
2024201495191,2024,201495191,2,9,0,-1,9,1,7,-1,0,5,0,0,0,0,1,9,-1,2,-1,32,6,998,1,22,NISSAN MICRA,2,E01009405,0,1
2024211448275,2024,211448275,1,9,0,-1,19,1,5,-1,0,0,0,0,0,0,1,1,-1,9,1,25,5,1240,1,14,NISSAN MICRA,3,E01005034,0,4
2024010550625,2024,010550625,1,9,0,18,19,5,1,0,0,2,0,10,1,2,1,1,2,2,2,80,11,1386,1,17,NISSAN MICRA,-1,-1,0,-1
2024610044724,2024,610044724,2,9,0,3,3,5,1,0,0,0,0,0,0,0,2,1,1,1,1,39,7,999,1,4,NISSAN MICRA,8,W01001257,0,4
2024131416442,2024,131416442,2,9,0,-1,9,5,2,-1,0,1,0,0,7,0,3,1,-1,1,1,32,6,1240,1,18,NISSAN MICRA,1,E01011428,0,1
2024052402044,2024,052402044,1,9,0,9,9,1,7,0,0,8,0,0,0,0,3,1,6,6,2,65,9,1240,1,15,NISSAN MICRA,9,E01007111,0,1
2024010509799,2024,010509799,1,9,0,5,5,2,6,0,0,4,0,0,0,0,2,1,6,6,2,44,7,898,1,7,NISSAN MICRA,5,E01003632,0,1
2024041397425,2024,041397425,1,9,0,-1,19,4,8,-1,0,0,5,0,1,10,1,1,-1,9,1,17,4,998,1,25,NISSAN MICRA,8,E01034346,0,3