collision_index,collision_year,collision_ref_no,vehicle_reference,vehicle_type,towing_and_articulation,vehicle_manoeuvre_historic,vehicle_manoeuvre,vehicle_direction_from,vehicle_direction_to,vehicle_location_restricted_lane_historic,vehicle_location_restricted_lane,junction_location,skidding_and_overturning,hit_object_in_carriageway,vehicle_leaving_carriageway,hit_object_off_carriageway,first_point_of_impact,vehicle_left_hand_drive,journey_purpose_of_driver_historic,journey_purpose_of_driver,sex_of_driver,age_of_driver,age_band_of_driver,engine_capacity_cc,propulsion_code,age_of_vehicle,generic_make_model,driver_imd_decile,lsoa_of_driver,escooter_flag,driver_distance_banding
2024211531404,2024,211531404,2,9,0,-1,19,5,1,-1,0,0,0,0,0,0,1,1,-1,2,2,32,6,999,1,5,NISSAN MICRA,-1,-1,0,-1
2024141471894,2024,141471894,1,9,0,-1,9,4,1,-1,0,3,1,0,1,11,4,9,-1,6,2,37,7,1240,1,21,NISSAN MICRA,1,E01007530,0,1
2024520403262,2024,520403262,2,9,0,18,19,5,1,0,0,1,1,0,0,0,1,1,6,6,2,19,4,1240,1,14,NISSAN MICRA,9,E01029260,0,2
2024302400946,2024,302400946,2,9,0,4,4,4,8,0,0,1,0,0,0,0,1,1,6,6,2,19,4,1348,1,22,NISSAN MICRA,4,E01013460,0,1
2024520002799,2024,520002799,2,9,0,18,19,8,2,0,0,1,0,0,7,1,1,1,6,6,2,81,11,999,1,5,NISSAN MICRA,10,E01014413,0,1
2024332400929,2024,332400929,2,9,0,-1,4,8,4,-1,0,1,0,0,0,0,2,1,-1,6,2,64,9,1198,1,11,NISSAN MICRA,7,E01025735,0,1
2024421476389,2024,421476389,2,9,0,-1,19,6,2,-1,0,0,0,0,0,0,2,9,-1,6,1,34,6,1240,1,19,NISSAN MICRA,7,E01015943,0,2
2024221417078,2024,221417078,2,9,0,-1,3,8,4,-1,0,1,0,0,0,0,2,9,-1,6,1,39,7,1240,1,16,NISSAN MICRA,7,E01028939,0,1
2024520401858,2024,520401858,1,9,0,18,19,5,2,0,0,0,0,0,0,0,9,1,6,6,2,66,10,1240,1,22,NISSAN MICRA,6,E01029270,0,1
2024131413758,2024,131413758,2,9,0,-1,3,8,4,-1,0,0,0,0,0,0,2,1,-1,6,1,35,6,1240,1,19,NISSAN MICRA,3,E01011229,0,1
2024991448626,2024,991448626,2,9,0,-1,10,4,1,-1,0,1,0,0,0,0,1,1,-1,9,1,78,11,999,1,4,NISSAN MICRA,10,-1,0,1
2024201441570,2024,201441570,1,9,0,-1,19,2,6,-1,0,0,0,0,0,0,1,1,-1,9,1,22,5,1198,1,8,NISSAN MICRA,-1,-1,0,-1
2024411482695,2024,411482695,1,9,0,-1,9,8,4,-1,0,2,0,0,0,0,4,1,-1,2,1,54,8,998,1,22,NISSAN MICRA,4,E01001465,0,3
2024201511237,2024,201511237,1,9,0,-1,19,3,5,-1,0,0,1,4,0,0,3,1,-1,9,1,19,4,1198,1,8,NISSAN MICRA,3,E01001650,0,5
2024461513772,2024,461513772,2,9,0,-1,4,5,1,-1,0,0,0,0,0,0,2,1,-1,9,2,65,9,1198,1,11,NISSAN MICRA,9,E01024256,0,1
2024041426701,2024,041426701,2,9,0,-1,19,7,3,-1,0,1,0,0,0,0,4,1,-1,9,2,36,7,1198,1,10,NISSAN MICRA,2,E01025069,0,1
2024010519222,2024,010519222,1,9,0,18,19,1,5,0,0,2,0,0,0,0,1,1,6,6,1,55,8,1240,1,15,NISSAN MICRA,3,E01002612,0,1
2024471466886,2024,471466886,1,9,0,-1,19,4,7,-1,0,1,0,0,0,0,2,1,-1,6,1,31,6,1240,1,20,NISSAN MICRA,4,E01031585,0,1
2024061499972,2024,061499972,1,9,0,-1,19,2,6,-1,0,8,0,0,0,0,2,1,-1,2,2,23,5,1198,1,12,NISSAN MICRA,7,E01004773,0,1
2024501480621,2024,501480621,1,9,0,-1,19,1,5,-1,0,0,0,0,0,0,1,1,-1,9,1,88,11,1461,2,14,NISSAN MICRA,8,E01019889,0,1
2024991407761,2024,991407761,2,9,0,-1,19,1,4,-1,0,1,0,0,0,0,1,1,-1,9,1,59,9,1240,1,14,NISSAN MICRA,-1,-1,0,-1
2024351422791,2024,351422791,1,9,0,-1,19,7,3,-1,0,0,0,0,0,0,1,1,-1,6,1,-1,-1,998,1,29,NISSAN MICRA,-1,-1,0,-1
2024052400873,2024,052400873,1,9,0,2,2,0,0,0,0,0,0,0,0,0,2,1,6,6,3,-1,-1,1240,1,19,NISSAN MICRA,-1,-1,0,-1
2024421425915,2024,421425915,1,9,0,-1,4,6,1,-1,0,8,0,0,0,0,3,1,-1,2,2,19,4,1240,1,16,NISSAN MICRA,6,E01002371,0,3
2024451475698,2024,451475698,1,9,0,-1,19,1,5,-1,0,0,0,0,0,0,3,1,-1,1,1,57,9,1198,1,10,NISSAN MICRA,9,E01000667,0,2
2024221537317,2024,221537317,2,9,0,-1,2,0,0,-1,0,0,0,0,0,0,3,9,-1,6,1,55,8,1240,1,20,NISSAN MICRA,6,E01028975,0,1
2024320379070,2024,320379070,2,9,0,-1,-1,6,2,0,0,2,0,0,0,0,1,1,2,2,2,54,8,1240,1,14,NISSAN MICRA,10,E01034701,0,1
2024010539328,2024,010539328,1,9,0,5,5,1,5,0,0,5,0,0,1,0,1,1,6,6,2,55,8,1198,1,13,NISSAN MICRA,3,E01000046,0,1
2024451504876,2024,451504876,1,9,0,-1,11,1,5,-1,0,0,0,0,0,0,1,1,-1,2,2,24,5,1240,1,14,NISSAN MICRA,10,E01030641,0,3
2024361399142,2024,361399142,1,9,-1,-1,-1,5,8,-1,-1,8,-1,-1,-1,0,-1,1,-1,6,1,49,8,1240,1,16,NISSAN MICRA,3,E01026465,0,1
2024451400726,2024,451400726,2,9,0,-1,10,7,3,-1,0,5,0,0,0,0,2,1,-1,9,2,58,9,1198,1,13,NISSAN MICRA,9,E01030715,0,1
2024010544046,2024,010544046,1,9,0,18,19,3,7,0,0,1,0,0,0,0,1,1,6,6,1,25,5,1240,1,18,NISSAN MICRA,4,E01004568,0,3
2024010544979,2024,010544979,1,9,0,18,19,5,1,0,0,8,0,0,0,0,4,1,2,2,2,65,9,1240,1,18,NISSAN MICRA,9,E01015982,0,3
2024311503705,2024,311503705,2,9,0,-1,3,5,1,-1,0,1,0,0,0,0,2,9,-1,1,1,48,8,1198,1,11,NISSAN MICRA,4,E01028249,0,1
2024161467438,2024,161467438,1,9,0,-1,19,5,1,-1,0,0,0,0,0,0,4,1,-1,6,1,19,4,1240,1,18,NISSAN MICRA,2,E01013332,0,1
2024401422308,2024,401422308,2,9,0,-1,19,3,7,-1,0,8,0,0,0,0,1,1,-1,6,2,30,6,1240,1,14,NISSAN MICRA,3,E01016834,0,4
2024131514212,2024,131514212,1,9,0,-1,9,2,2,-1,0,6,0,0,0,0,1,1,-1,6,3,-1,-1,998,1,22,NISSAN MICRA,-1,-1,0,-1
2024421401468,2024,421401468,2,9,0,-1,19,5,1,-1,0,0,0,0,0,0,1,9,-1,6,2,54,8,999,1,2,NISSAN MICRA,8,E01021690,0,1
2024543042124,2024,543042124,1,9,0,12,12,8,4,0,0,7,0,0,4,0,3,1,6,6,2,52,8,1198,1,8,NISSAN MICRA,9,E01031887,0,2
2024401417535,2024,401417535,2,9,-1,-1,-1,-1,-1,-1,-1,0,-1,-1,-1,0,-1,9,-1,6,2,26,6,1198,1,9,NISSAN MICRA,5,E01015714,0,1
2024311526851,2024,311526851,1,9,0,-1,5,1,3,-1,0,1,1,0,0,0,1,1,-1,6,1,22,5,1240,1,14,NISSAN MICRA,-1,-1,0,-1
2024471517347,2024,471517347,2,9,0,-1,19,3,7,-1,0,0,0,4,4,0,1,1,-1,6,1,50,8,1240,1,14,NISSAN MICRA,1,E01016908,0,2
2024430456009,2024,430456009,2,9,0,18,19,2,6,0,0,0,0,0,0,0,1,1,6,6,1,45,7,1240,1,20,NISSAN MICRA,5,E01016460,0,1
2024471454032,2024,471454032,1,9,0,-1,19,1,5,-1,0,0,5,0,0,0,3,1,-1,6,1,17,4,998,1,21,NISSAN MICRA,10,E01035337,0,2
2024010514795,2024,010514795,1,9,0,18,19,5,1,0,0,0,0,0,0,0,2,1,6,6,1,64,9,999,1,3,NISSAN MICRA,2,E01002741,0,1
2024161481305,2024,161481305,1,9,0,-1,19,5,1,-1,0,2,0,0,0,0,3,9,-1,1,2,60,9,1386,1,16,NISSAN MICRA,4,E01013227,0,1
2024041404560,2024,041404560,2,9,0,-1,19,4,3,-1,0,0,0,0,0,0,4,1,-1,9,2,25,5,999,1,6,NISSAN MICRA,1,E01024925,0,1
2024010506452,2024,010506452,2,9,0,99,99,9,9,99,99,6,9,99,9,99,1,9,6,6,3,-1,-1,1240,1,21,NISSAN MICRA,-1,-1,0,-1
2024010523472,2024,010523472,2,9,9,99,99,9,9,99,99,9,9,99,9,99,9,9,6,6,3,-1,-1,1198,1,9,NISSAN MICRA,-1,-1,0,-1
2024201448114,2024,201448114,2,9,0,-1,19,5,1,-1,0,0,0,0,0,0,2,1,-1,6,-1,-1,-1,1198,1,13,NISSAN MICRA,-1,-1,0,-1
2024411453905,2024,411453905,2,9,0,-1,3,5,1,-1,0,1,0,0,0,0,2,1,-1,9,2,29,6,1198,1,8,NISSAN MICRA,4,E01004417,0,2
2024010546859,2024,010546859,1,9,0,9,9,7,5,0,0,1,0,0,0,0,4,1,3,7,1,58,9,1240,1,19,NISSAN MICRA,5,E01003341,0,1
2024131486157,2024,131486157,2,9,0,-1,2,7,7,-1,0,8,0,4,1,0,2,1,-1,6,-1,-1,-1,1240,1,15,NISSAN MICRA,-1,-1,0,-1
2024471476833,2024,471476833,1,9,0,-1,19,5,1,-1,0,1,0,0,0,0,3,1,-1,6,2,69,10,1240,1,14,NISSAN MICRA,1,E01016895,0,1
2024361442956,2024,361442956,3,9,0,-1,20,0,0,-1,0,1,0,0,0,0,3,1,-1,6,-1,-1,-1,1198,1,11,NISSAN MICRA,-1,-1,0,-1
2024991524637,2024,991524637,1,9,0,-1,19,3,7,-1,0,1,0,0,0,0,1,1,-1,6,1,63,9,1198,1,8,NISSAN MICRA,10,-1,0,2
2024161504311,2024,161504311,1,9,0,-1,9,1,7,-1,0,8,0,0,0,0,4,1,-1,6,2,57,9,998,1,21,NISSAN MICRA,1,E01035473,0,1
2024131496823,2024,131496823,1,9,0,-1,7,7,3,-1,0,0,0,0,0,0,1,1,-1,9,2,77,11,1240,1,19,NISSAN MICRA,10,E01011266,0,1
2024061513042,2024,061513042,1,9,0,-1,19,5,1,-1,0,8,0,0,0,0,4,1,-1,6,3,-1,-1,1198,1,10,NISSAN MICRA,-1,-1,0,-1
2024041416109,2024,041416109,2,9,0,-1,19,5,1,-1,0,0,0,0,0,0,3,1,-1,6,2,35,6,1198,1,10,NISSAN MICRA,8,E01012583,0,1
2024010506902,2024,010506902,1,9,0,4,4,1,5,0,0,0,0,0,0,0,1,1,3,7,2,36,7,1240,1,18,NISSAN MICRA,3,E01002542,0,1
2024010513608,2024,010513608,1,9,0,18,19,5,1,0,0,1,0,0,0,0,1,1,6,6,1,60,9,998,1,22,NISSAN MICRA,9,E01001025,0,3
2024440168848,2024,440168848,2,9,0,18,19,2,6,0,0,0,0,0,0,0,1,1,6,6,3,-1,-1,1198,1,9,NISSAN MICRA,-1,-1,0,-1
2024471440066,2024,471440066,1,9,0,-1,19,6,2,-1,0,0,1,0,2,11,1,1,-1,6,2,37,7,1275,1,26,NISSAN MICRA,6,E01030550,0,4
2024010524443,2024,010524443,2,9,0,99,99,9,9,99,99,9,9,99,9,99,1,9,6,6,1,-1,-1,1240,1,18,NISSAN MICRA,-1,-1,0,-1
2024101532339,2024,101532339,2,9,0,-1,10,4,8,-1,0,1,0,0,0,0,2,1,-1,6,2,29,6,1240,1,18,NISSAN MICRA,-1,-1,0,-1
2024552400663,2024,552400663,1,9,0,18,19,5,1,0,0,0,0,0,0,0,1,1,6,6,1,32,6,1198,1,11,NISSAN MICRA,5,E01020565,0,1
2024991439223,2024,991439223,1,9,0,-1,19,7,3,-1,0,0,0,0,0,0,1,1,-1,6,1,24,5,1240,1,19,NISSAN MICRA,6,-1,0,1
2024061511495,2024,061511495,1,9,0,-1,19,-1,-1,-1,99,1,0,0,0,0,2,1,-1,2,2,33,6,999,1,5,NISSAN MICRA,3,E01004854,0,1
2024201520660,2024,201520660,1,9,0,-1,19,7,2,-1,0,8,1,0,0,0,1,9,-1,6,1,87,11,1198,1,12,NISSAN MICRA,2,E01009954,0,1
2024522402957,2024,522402957,2,9,0,5,5,5,7,0,0,0,0,0,0,0,3,1,6,6,2,38,7,1240,1,19,NISSAN MICRA,7,E01014950,0,1
2024010509378,2024,010509378,1,9,0,99,99,9,9,99,99,9,9,99,9,99,9,9,6,6,1,34,6,1198,1,9,NISSAN MICRA,3,E01002028,0,1
2024211520126,2024,211520126,1,9,0,-1,19,5,1,-1,0,0,1,0,1,11,3,1,-1,2,2,59,9,1240,1,17,NISSAN MICRA,2,E01029809,0,1
2024461405315,2024,461405315,1,9,0,-1,5,3,7,-1,0,2,0,0,0,0,1,1,-1,9,2,25,5,999,1,3,NISSAN MICRA,2,E01016040,0,1
2024010542979,2024,010542979,1,9,0,4,4,1,5,0,0,0,0,0,0,0,2,1,6,6,2,48,8,1198,1,10,NISSAN MICRA,2,E01002078,0,1
2024061397778,2024,061397778,1,9,0,-1,9,5,7,-1,0,8,0,0,0,0,1,1,-1,6,1,28,6,1198,1,11,NISSAN MICRA,7,E01005170,0,1
2024471450456,2024,471450456,1,9,0,-1,19,1,5,-1,0,0,0,0,3,0,3,1,-1,1,1,57,9,1240,1,18,NISSAN MICRA,1,E01016895,0,2
2024421509338,2024,421509338,1,9,0,-1,-1,-1,-1,-1,-1,-1,-1,-1,-1,0,-1,9,-1,6,2,-1,-1,1240,1,14,NISSAN MICRA,-1,-1,0,-1
2024061447803,2024,061447803,4,9,0,-1,19,5,1,-1,0,1,0,0,0,0,1,1,-1,6,1,54,8,1240,1,19,NISSAN MICRA,1,E01005164,0,1
2024052402708,2024,052402708,1,9,0,4,4,1,6,0,0,0,0,0,0,0,4,1,6,6,2,41,7,999,1,3,NISSAN MICRA,1,E01006663,0,1
2024991451012,2024,991451012,2,9,0,-1,3,3,7,-1,-1,0,0,0,0,0,3,1,-1,7,2,39,7,898,1,6,NISSAN MICRA,2,-1,0,1
2024101512753,2024,101512753,2,9,-1,-1,19,7,3,-1,0,1,0,0,0,0,4,9,-1,6,2,62,9,1198,1,9,NISSAN MICRA,3,E01008700,0,1
2024052400595,2024,052400595,1,9,0,4,4,1,5,0,0,1,0,0,0,0,2,1,1,1,1,-1,-1,1240,1,16,NISSAN MICRA,1,E01006445,0,1
2024010504797,2024,010504797,2,9,0,9,9,5,3,0,0,1,0,0,0,0,1,1,6,6,2,44,7,998,1,21,NISSAN MICRA,2,E01001388,0,1
2024451409572,2024,451409572,2,9,0,-1,19,5,1,-1,0,1,0,0,0,0,1,1,-1,2,2,39,7,1240,1,16,NISSAN MICRA,7,E01030660,0,1
2024332400267,2024,332400267,1,9,0,-1,9,2,8,-1,0,5,0,0,0,0,1,1,-1,9,2,22,5,1198,1,12,NISSAN MICRA,8,E01025684,0,3
2024451463661,2024,451463661,2,9,0,-1,19,7,3,-1,0,0,0,0,0,0,4,1,-1,6,2,55,8,1198,1,9,NISSAN MICRA,7,E01004159,0,3
2024231427136,2024,231427136,1,9,0,-1,19,1,5,-1,0,1,0,0,0,0,4,1,-1,9,2,46,8,1386,1,19,NISSAN MICRA,9,E01033251,0,2
2024440062890,2024,440062890,1,9,0,4,4,8,4,0,0,1,0,0,0,0,2,1,6,6,2,23,5,1198,1,9,NISSAN MICRA,7,E01022589,0,1
2024141499595,2024,141499595,1,9,0,-1,9,8,5,-1,0,6,0,0,0,0,3,1,-1,6,2,41,7,1240,1,21,NISSAN MICRA,2,E01008010,0,4
2024010528449,2024,010528449,2,9,0,11,11,3,7,0,0,1,0,0,0,0,0,2,6,6,1,19,4,1240,1,20,NISSAN MICRA,-1,-1,0,-1
2024440136914,2024,440136914,2,9,0,16,19,2,4,0,0,2,1,0,0,0,1,1,6,6,2,27,6,1386,1,15,NISSAN MICRA,6,E01016416,0,4
2024010511274,2024,010511274,1,9,0,18,19,3,7,0,0,1,5,4,0,0,1,1,6,6,2,76,11,898,1,6,NISSAN MICRA,8,E01000346,0,1
2024471404060,2024,471404060,2,9,0,-1,19,1,5,-1,0,1,0,0,0,0,1,1,-1,2,2,37,7,1386,1,18,NISSAN MICRA,1,E01020912,0,1
2024201436510,2024,201436510,2,9,0,-1,19,1,4,-1,0,0,0,0,0,0,1,1,-1,9,2,49,8,1198,1,12,NISSAN MICRA,1,E01008932,0,1
2024161467292,2024,161467292,1,9,0,-1,9,6,4,-1,0,5,0,0,0,0,3,1,-1,9,2,43,7,999,1,4,NISSAN MICRA,8,E01012814,0,1
2024401445925,2024,401445925,1,9,0,-1,5,3,7,-1,0,0,0,0,0,0,0,1,-1,6,1,44,7,1240,1,14,NISSAN MICRA,9,E01017582,0,1
2024161501205,2024,161501205,3,9,0,-1,19,7,3,-1,0,0,0,0,0,0,1,1,-1,6,1,38,7,1240,1,18,NISSAN MICRA,7,E01013010,0,1
2024101526749,2024,101526749,1,9,0,-1,19,2,6,-1,0,0,0,0,0,0,1,1,-1,1,2,40,7,998,1,24,NISSAN MICRA,1,E01027539,0,3
2024440184190,2024,440184190,2,9,0,9,9,4,2,0,0,1,0,0,0,0,1,1,6,6,2,-1,-1,1386,1,16,NISSAN MICRA,-1,-1,0,-1
2024010548384,2024,010548384,1,9,0,9,9,3,1,0,0,6,0,0,0,0,1,1,2,2,2,41,7,1386,1,17,NISSAN MICRA,3,E01001116,0,1
2024311457382,2024,311457382,1,9,0,-1,4,-1,-1,-1,0,0,0,0,0,0,2,1,-1,7,2,33,6,1240,1,17,NISSAN MICRA,2,E01013963,0,1
2024041395238,2024,041395238,1,9,0,-1,19,6,2,-1,0,0,0,0,0,0,4,1,-1,2,2,63,9,1240,1,16,NISSAN MICRA,2,E01012579,0,1
2024131497427,2024,131497427,1,9,0,-1,19,6,1,-1,0,8,0,0,0,0,2,1,-1,6,1,47,8,1240,1,18,NISSAN MICRA,1,E01011339,0,1
2024451402017,2024,451402017,1,9,0,-1,4,3,7,-1,0,0,0,0,0,0,2,1,-1,9,2,62,9,998,1,22,NISSAN MICRA,5,E01001173,0,3
2024421427887,2024,421427887,1,9,0,-1,5,6,1,-1,0,1,0,0,0,0,4,1,-1,9,1,80,11,1198,1,10,NISSAN MICRA,10,E01021584,0,1
2024531519564,2024,531519564,1,9,0,-1,19,4,8,-1,0,0,0,0,0,0,1,1,-1,6,1,85,11,1240,1,16,NISSAN MICRA,9,E01022115,0,1
2024131422533,2024,131422533,2,9,0,-1,7,1,3,-1,0,1,0,0,0,0,3,1,-1,9,2,70,10,999,1,4,NISSAN MICRA,4,E01027787,0,4
2024201422162,2024,201422162,2,9,0,-1,19,1,5,-1,0,0,0,0,0,0,2,1,-1,9,2,27,6,1198,1,13,NISSAN MICRA,1,E01009059,0,1
2024231440111,2024,231440111,2,9,0,-1,19,5,2,-1,0,0,0,0,0,0,2,1,-1,9,1,27,6,1386,1,16,NISSAN MICRA,6,E01010133,0,2
2024552400665,2024,552400665,1,9,0,18,19,8,4,0,0,0,0,0,0,0,4,1,6,6,3,-1,-1,1240,1,17,NISSAN MICRA,-1,-1,0,-1
2024461456234,2024,461456234,3,9,0,-1,4,8,8,-1,0,0,0,0,0,0,2,1,-1,6,1,57,9,1240,1,15,NISSAN MICRA,5,E01002001,0,4
2024010508988,2024,010508988,2,9,0,99,99,9,9,99,99,9,9,99,9,99,9,9,6,6,3,-1,-1,1198,1,12,NISSAN MICRA,-1,-1,0,-1
2024520403315,2024,520403315,2,9,0,18,19,7,3,0,0,0,0,0,0,0,1,1,6,6,1,42,7,1198,1,13,NISSAN MICRA,8,E01029034,0,2
2024141529638,2024,141529638,2,9,0,-1,19,2,2,-1,0,0,0,0,0,0,3,1,-1,6,2,24,5,1240,1,21,NISSAN MICRA,-1,-1,0,-1
2024542594324,2024,542594324,3,9,0,18,19,6,2,0,0,1,0,0,0,0,1,1,6,6,2,35,6,1198,1,8,NISSAN MICRA,5,W01001831,0,4
2024131409164,2024,131409164,1,9,0,-1,19,3,7,-1,9,8,0,0,1,4,1,1,-1,9,1,33,6,1240,1,19,NISSAN MICRA,2,E01011754,0,1
2024010500777,2024,010500777,2,9,0,5,5,9,9,99,99,9,9,99,9,99,9,9,6,6,3,-1,-1,1198,1,10,NISSAN MICRA,-1,-1,0,-1
2024101519201,2024,101519201,1,9,0,-1,19,6,2,-1,0,8,0,0,0,0,1,1,-1,6,2,87,11,1240,1,15,NISSAN MICRA,9,E01008722,0,1
2024131522820,2024,131522820,1,9,0,-1,5,6,2,-1,0,8,0,0,0,0,3,1,-1,9,2,43,7,1386,1,15,NISSAN MICRA,2,E01033003,0,3
2024361473673,2024,361473673,1,9,0,-1,9,5,3,-1,0,1,5,0,7,1,3,1,-1,9,1,30,6,998,1,23,NISSAN MICRA,1,E01026827,0,1
2024440343369,2024,440343369,2,9,0,18,19,3,7,0,0,0,0,0,0,0,4,1,6,6,1,54,8,1240,1,17,NISSAN MICRA,3,E01034065,0,1
2024201500257,2024,201500257,2,9,0,-1,3,3,6,-1,0,0,0,0,0,0,2,1,-1,9,1,17,4,1240,1,20,NISSAN MICRA,8,E01009559,0,1
2024010504390,2024,010504390,2,9,0,99,99,9,9,99,99,9,9,99,9,99,9,9,6,6,3,-1,-1,999,1,4,NISSAN MICRA,-1,-1,0,-1
2024361479802,2024,361479802,2,9,0,-1,3,3,7,-1,0,1,0,0,0,0,2,1,-1,9,1,23,5,898,1,7,NISSAN MICRA,1,E01026830,0,4
2024401405159,2024,401405159,2,9,0,-1,3,5,1,-1,0,1,0,0,0,0,2,9,-1,2,2,20,4,1240,1,16,NISSAN MICRA,4,E01015734,0,1
2024471402964,2024,471402964,1,9,0,-1,19,2,4,-1,0,0,0,4,0,0,1,1,-1,9,1,51,8,1386,1,16,NISSAN MICRA,4,E01020924,0,1
2024451441376,2024,451441376,1,9,0,-1,19,1,5,-1,0,2,0,0,0,0,3,1,-1,1,1,77,11,998,1,22,NISSAN MICRA,8,E01035362,0,1
2024471406535,2024,471406535,2,9,0,-1,9,3,1,-1,0,6,0,0,0,0,3,1,-1,9,2,78,11,1240,1,15,NISSAN MICRA,10,E01016982,0,1
2024010511420,2024,010511420,1,9,0,99,99,9,9,0,0,9,0,0,0,0,2,9,6,6,3,47,8,1240,1,18,NISSAN MICRA,7,E01001583,0,4
2024010500948,2024,010500948,1,9,0,7,7,4,7,0,0,1,0,0,0,0,0,1,6,6,1,58,9,998,1,25,NISSAN MICRA,6,E01002943,0,2
2024461504254,2024,461504254,1,9,0,-1,19,-1,-1,-1,0,8,0,0,0,0,4,9,-1,6,2,76,11,1198,1,11,NISSAN MICRA,6,E01024152,0,1
202460Q115486,2024,60Q115486,1,9,0,16,19,6,1,0,0,0,0,0,0,0,1,1,6,6,1,22,5,1240,1,15,NISSAN MICRA,-1,-1,0,-1
2024010533624,2024,010533624,3,9,9,99,99,9,9,99,99,9,9,99,9,10,9,1,6,6,2,47,8,1198,1,12,NISSAN MICRA,7,E01004442,0,1
2024201437805,2024,201437805,1,9,0,-1,19,4,8,-1,0,8,0,0,0,0,1,1,-1,6,3,-1,-1,1198,1,9,NISSAN MICRA,-1,-1,0,-1
2024010549987,2024,010549987,2,9,0,5,5,1,5,0,0,7,1,0,0,0,1,2,1,1,2,20,4,1240,1,17,NISSAN MICRA,5,E01030748,0,3
2024440321538,2024,440321538,1,9,0,18,19,3,7,0,0,1,0,0,0,0,3,1,6,6,1,25,5,1240,1,21,NISSAN MICRA,8,E01017190,0,1
2024461543921,2024,461543921,1,9,0,-1,19,5,1,-1,9,0,1,0,7,0,1,1,-1,6,1,34,6,1240,1,20,NISSAN MICRA,1,E01024020,0,1
2024061533537,2024,061533537,1,9,0,-1,19,5,1,-1,0,0,0,0,0,0,1,1,-1,9,2,33,6,1198,1,13,NISSAN MICRA,1,E01004856,0,1
2024320648450,2024,320648450,1,9,0,-1,-1,6,2,0,0,0,0,0,7,0,3,1,-1,-1,1,30,6,1198,1,8,NISSAN MICRA,4,E01026121,0,2
2024231482312,2024,231482312,1,9,0,-1,19,5,1,-1,0,1,0,0,0,0,1,1,-1,9,2,25,5,1386,1,18,NISSAN MICRA,8,E01031182,0,1
2024430557175,2024,430557175,1,9,0,18,19,4,8,0,0,0,0,0,0,0,1,1,2,2,1,27,6,1240,1,16,NISSAN MICRA,4,E01017666,0,1
2024061516740,2024,061516740,2,9,0,-1,2,1,1,-1,0,0,0,0,0,0,2,2,-1,6,2,30,6,1386,1,15,NISSAN MICRA,3,E01005760,0,1
2024010540505,2024,010540505,2,9,0,99,99,9,9,99,99,9,9,99,9,99,9,9,6,6,3,-1,-1,1386,1,19,NISSAN MICRA,-1,-1,0,-1
2024522401685,2024,522401685,1,9,0,3,3,8,4,0,0,1,0,0,0,0,2,1,6,6,3,-1,-1,1348,1,23,NISSAN MICRA,-1,-1,0,-1
2024010523519,2024,010523519,1,9,0,2,2,0,0,9,9,0,0,0,0,0,3,1,6,6,3,-1,-1,1198,1,7,NISSAN MICRA,-1,-1,0,-1
2024221476940,2024,221476940,1,9,5,-1,9,2,7,-1,0,6,0,0,0,0,3,1,-1,6,2,42,7,1240,1,19,NISSAN MICRA,2,E01032389,0,2
2024552400840,2024,552400840,1,9,0,9,9,3,1,0,0,5,0,0,0,0,4,1,6,6,2,55,8,1198,1,11,NISSAN MICRA,2,E01020563,0,2
2024440275424,2024,440275424,1,9,0,18,19,6,2,0,0,0,0,4,0,0,1,1,6,6,1,20,4,1240,1,19,NISSAN MICRA,8,E01030302,0,4
2024440484550,2024,440484550,1,9,0,4,4,5,1,0,0,1,0,0,0,0,2,1,6,6,2,31,6,1386,1,21,NISSAN MICRA,4,E01022567,0,1
2024010522079,2024,010522079,1,9,0,9,9,5,3,0,0,1,0,0,0,0,1,1,6,6,2,49,8,998,1,22,NISSAN MICRA,2,E01000073,0,1
2024010506003,2024,010506003,1,9,0,3,3,8,4,0,0,2,0,0,0,0,2,1,6,6,1,88,11,1198,1,10,NISSAN MICRA,5,E01000146,0,1
2024541609324,2024,541609324,2,9,0,4,4,1,5,0,0,4,0,0,0,0,2,1,6,6,2,34,6,1240,1,14,NISSAN MICRA,6,E01014733,0,4
2024991481558,2024,991481558,2,9,0,-1,9,3,7,-1,0,8,0,0,0,0,1,1,-1,9,2,77,11,1198,1,8,NISSAN MICRA,9,-1,0,1
2024041409553,2024,041409553,1,9,0,-1,5,1,5,-1,0,6,0,0,0,0,3,1,-1,9,1,68,10,1240,1,17,NISSAN MICRA,2,E01012677,0,1
2024302400466,2024,302400466,1,9,0,9,9,7,6,0,0,8,1,0,1,2,3,1,1,1,2,31,6,1240,1,20,NISSAN MICRA,3,E01013547,0,1
2024010502333,2024,010502333,2,9,0,99,99,9,9,99,99,9,9,99,9,99,1,9,6,6,3,-1,-1,1240,1,15,NISSAN MICRA,3,E01002401,0,1