collision_index,collision_year,collision_ref_no,vehicle_reference,vehicle_type,towing_and_articulation,vehicle_manoeuvre_historic,vehicle_manoeuvre,vehicle_direction_from,vehicle_direction_to,vehicle_location_restricted_lane_historic,vehicle_location_restricted_lane,junction_location,skidding_and_overturning,hit_object_in_carriageway,vehicle_leaving_carriageway,hit_object_off_carriageway,first_point_of_impact,vehicle_left_hand_drive,journey_purpose_of_driver_historic,journey_purpose_of_driver,sex_of_driver,age_of_driver,age_band_of_driver,engine_capacity_cc,propulsion_code,age_of_vehicle,generic_make_model,driver_imd_decile,lsoa_of_driver,escooter_flag,driver_distance_banding
2024311499670,2024,311499670,2,9,0,-1,9,8,4,-1,0,0,0,0,0,0,1,1,-1,6,2,24,5,1386,1,15,NISSAN MICRA,-1,-1,0,-1
2024552400564,2024,552400564,1,9,0,18,19,7,3,0,0,0,0,0,0,0,1,1,6,6,1,62,9,1198,1,8,NISSAN MICRA,7,E01020449,0,1
2024411534289,2024,411534289,1,9,0,-1,19,1,5,-1,0,0,0,0,0,0,1,1,-1,6,2,68,10,1198,1,10,NISSAN MICRA,5,E01023830,0,1
2024991428107,2024,991428107,2,9,0,-1,19,6,1,-1,0,0,0,0,0,0,2,1,-1,9,2,45,7,998,1,21,NISSAN MICRA,-1,-1,0,-1
2024010502444,2024,010502444,2,9,0,7,7,3,5,0,0,2,0,0,0,0,1,1,6,6,2,57,9,1386,1,17,NISSAN MICRA,2,E01004535,0,1
2024122400350,2024,122400350,2,9,0,18,19,4,8,0,0,0,0,0,7,0,1,1,6,6,1,31,6,1240,1,19,NISSAN MICRA,1,E01012349,0,2
2024320696014,2024,320696014,1,9,0,-1,-1,1,5,0,0,0,2,0,7,10,3,1,6,6,2,17,4,1461,2,17,NISSAN MICRA,10,E01026364,0,1
2024161457486,2024,161457486,1,9,0,-1,19,4,8,-1,0,4,0,0,0,0,1,1,-1,9,1,18,4,898,1,6,NISSAN MICRA,4,E01013308,0,3
2024361453932,2024,361453932,1,9,0,-1,19,1,5,-1,0,0,0,0,0,0,1,1,-1,6,1,23,5,1348,1,22,NISSAN MICRA,6,E01015659,0,4
2024101531864,2024,101531864,2,9,-1,-1,-1,2,5,-1,-1,-1,-1,-1,-1,0,-1,9,-1,6,2,24,5,998,1,5,NISSAN MICRA,1,E01008450,0,1
2024411398909,2024,411398909,1,9,0,-1,13,2,6,-1,0,0,0,0,0,0,1,9,-1,1,2,25,5,1240,1,18,NISSAN MICRA,7,E01023335,0,3
2024471512064,2024,471512064,2,9,0,-1,19,7,3,-1,0,0,1,0,0,0,1,1,-1,9,1,28,6,1198,1,13,NISSAN MICRA,5,E01031584,0,1
2024440190297,2024,440190297,1,9,0,4,4,1,5,0,0,0,0,0,0,0,2,1,6,6,1,36,7,1198,1,12,NISSAN MICRA,10,E01023092,0,1
2024471473079,2024,471473079,1,9,0,-1,19,1,5,-1,0,0,0,4,0,0,1,1,-1,9,2,83,11,1198,1,13,NISSAN MICRA,10,E01031749,0,1
2024340WN5222,2024,340WN5222,1,9,0,-1,6,5,5,-1,0,0,0,0,0,0,3,1,-1,6,1,-1,-1,1461,2,15,NISSAN MICRA,-1,-1,0,-1
2024010505767,2024,010505767,2,9,0,99,99,9,9,99,99,9,9,99,9,99,1,9,6,6,3,60,9,1198,1,11,NISSAN MICRA,6,E01002353,0,1
2024631396919,2024,631396919,1,9,0,-1,19,2,6,-1,0,0,0,0,1,11,1,1,-1,6,2,73,10,1198,1,12,NISSAN MICRA,8,W01000699,0,1
2024221510909,2024,221510909,1,9,0,-1,5,6,2,-1,0,6,0,0,1,10,1,1,-1,9,2,88,11,1198,1,11,NISSAN MICRA,4,E01014085,0,1
2024371419686,2024,371419686,1,9,0,-1,19,7,3,-1,0,1,0,0,0,0,1,1,-1,9,1,44,7,1240,1,17,NISSAN MICRA,6,E01018051,0,2
2024010550016,2024,010550016,2,9,0,8,8,2,4,0,0,1,0,0,0,0,1,1,6,6,1,26,6,1198,1,10,NISSAN MICRA,2,E01000721,0,1
2024231519160,2024,231519160,1,9,0,-1,19,6,2,-1,0,8,1,0,3,11,1,1,-1,6,1,50,8,999,1,3,NISSAN MICRA,9,E01031143,0,3
2024101405822,2024,101405822,1,9,0,-1,7,2,4,-1,0,8,0,0,0,0,1,1,-1,9,1,36,7,1198,1,9,NISSAN MICRA,4,E01008676,0,1
2024471497916,2024,471497916,2,9,0,-1,10,5,1,-1,0,1,0,0,0,0,2,1,-1,1,2,30,6,1240,1,17,NISSAN MICRA,6,E01001033,0,4
2024311533543,2024,311533543,1,9,0,-1,3,1,5,-1,0,0,0,0,0,0,2,1,-1,9,1,59,9,1240,1,16,NISSAN MICRA,2,E01028011,0,4
2024010496586,2024,010496586,2,9,0,9,9,3,8,0,0,1,0,0,0,0,1,1,6,6,1,25,5,1240,1,15,NISSAN MICRA,9,E01000412,0,2
2024041483729,2024,041483729,1,9,0,-1,9,5,7,-1,0,8,0,0,0,0,1,1,-1,2,2,38,7,1461,2,6,NISSAN MICRA,6,E01025334,0,3
2024451477134,2024,451477134,1,9,0,-1,4,-1,-1,-1,0,0,0,0,0,0,1,9,-1,2,1,61,9,898,1,6,NISSAN MICRA,5,E01030569,0,3
2024201466358,2024,201466358,1,9,0,-1,5,6,2,-1,0,0,0,0,0,0,1,9,-1,6,2,28,6,1386,1,16,NISSAN MICRA,4,E01009009,0,1
2024201469080,2024,201469080,1,9,0,-1,15,3,7,-1,0,0,0,0,0,0,4,9,-1,6,3,75,10,898,1,5,NISSAN MICRA,-1,-1,0,-1
2024101481919,2024,101481919,3,9,0,-1,19,3,7,-1,0,4,0,0,0,0,1,1,-1,9,2,24,5,999,1,2,NISSAN MICRA,4,E01008778,0,1
2024610046824,2024,610046824,1,9,0,18,19,5,1,0,0,1,0,0,1,11,1,1,6,6,1,20,4,999,1,2,NISSAN MICRA,9,W01001543,0,3
2024010510954,2024,010510954,2,9,0,99,99,9,9,99,99,9,9,99,9,99,1,9,6,6,3,-1,-1,1240,1,15,NISSAN MICRA,-1,-1,0,-1
2024041463302,2024,041463302,1,9,0,-1,19,7,3,-1,0,0,0,0,0,0,1,1,-1,9,2,18,4,1461,2,6,NISSAN MICRA,10,E01025350,0,1
2024991522519,2024,991522519,1,9,0,-1,7,7,1,-1,0,8,0,0,0,0,1,1,-1,6,2,34,6,999,1,3,NISSAN MICRA,-1,-1,0,-1
2024131399692,2024,131399692,1,9,0,-1,12,3,7,-1,0,0,0,0,7,0,3,1,-1,9,2,34,6,1198,1,9,NISSAN MICRA,1,E01010606,0,1
2024221530716,2024,221530716,1,9,0,-1,9,3,1,-1,0,6,0,0,0,0,1,1,-1,6,2,47,8,1240,1,19,NISSAN MICRA,1,E01009404,0,4
2024010519575,2024,010519575,2,9,0,18,19,5,1,0,0,1,0,0,0,0,1,1,6,6,2,48,8,1386,1,21,NISSAN MICRA,3,E01001688,0,1
2024311415143,2024,311415143,1,9,0,-1,19,1,2,-1,0,0,0,0,0,0,2,1,-1,1,2,32,6,999,1,7,NISSAN MICRA,6,E01028298,0,2
2024041499861,2024,041499861,1,9,0,-1,19,3,7,-1,0,0,0,0,0,0,4,1,-1,6,2,55,8,1240,1,18,NISSAN MICRA,1,E01012648,0,1
2024010519645,2024,010519645,2,9,0,5,5,7,3,0,0,6,0,0,0,0,1,1,6,6,2,33,6,1240,1,19,NISSAN MICRA,-1,-1,0,-1
2024221472067,2024,221472067,3,9,0,-1,4,7,3,-1,0,0,0,0,0,0,2,1,-1,6,2,68,10,1461,2,15,NISSAN MICRA,3,E01032251,0,4
2024501426028,2024,501426028,1,9,0,-1,19,1,5,-1,0,8,0,0,0,0,4,1,-1,6,1,20,4,998,1,23,NISSAN MICRA,5,E01034642,0,4
2024302400858,2024,302400858,1,9,0,9,9,7,5,0,0,8,0,0,7,11,1,1,6,6,2,81,11,1386,1,17,NISSAN MICRA,7,E01019821,0,1
2024010501666,2024,010501666,1,9,0,11,11,1,5,3,2,2,0,0,0,0,4,1,3,7,1,44,7,1386,1,17,NISSAN MICRA,2,E01001826,0,1
2024101509800,2024,101509800,2,9,0,-1,4,6,2,-1,0,0,0,0,0,0,2,1,-1,9,2,27,6,1461,2,20,NISSAN MICRA,1,E01027393,0,1
2024010508997,2024,010508997,1,9,0,16,19,1,5,9,9,2,0,4,7,1,1,1,6,6,2,69,10,1198,1,8,NISSAN MICRA,2,E01000603,0,2
2024401524296,2024,401524296,1,9,-1,-1,-1,-1,-1,-1,-1,0,-1,-1,-1,0,3,9,-1,6,2,29,6,1240,1,17,NISSAN MICRA,7,E01015764,0,1
2024010498695,2024,010498695,1,9,0,7,7,5,7,0,0,6,0,0,0,0,1,1,6,6,3,-1,-1,1386,1,18,NISSAN MICRA,-1,-1,0,-1
2024461476837,2024,461476837,2,9,0,-1,19,3,7,-1,0,0,0,0,0,0,1,1,-1,6,1,39,7,1198,1,10,NISSAN MICRA,6,E01034987,0,3
2024061463191,2024,061463191,2,9,0,-1,9,-1,-1,-1,0,0,0,0,0,0,1,1,-1,6,3,-1,-1,1240,1,15,NISSAN MICRA,-1,-1,0,-1
2024061454524,2024,061454524,1,9,0,-1,19,1,1,-1,0,8,0,0,7,0,1,1,-1,6,1,28,6,898,1,6,NISSAN MICRA,2,E01005326,0,1
2024520402222,2024,520402222,2,9,0,18,19,2,6,0,0,8,0,0,0,0,3,1,6,6,2,21,5,1240,1,14,NISSAN MICRA,6,E01032632,0,1
2024010526596,2024,010526596,1,9,0,99,99,9,9,99,99,9,9,99,9,99,2,9,6,6,2,29,6,1198,1,8,NISSAN MICRA,5,E01003715,0,1
2024201436560,2024,201436560,1,9,0,-1,14,4,1,-1,0,0,0,0,0,0,1,1,-1,9,2,74,10,898,1,7,NISSAN MICRA,5,E01009923,0,1
2024991406080,2024,991406080,2,9,0,-1,2,0,0,-1,0,1,0,0,0,0,3,1,-1,6,-1,-1,-1,1240,1,18,NISSAN MICRA,-1,-1,0,-1
2024010524431,2024,010524431,1,9,0,18,19,5,1,0,0,0,0,0,0,0,2,1,6,6,1,50,8,1240,1,19,NISSAN MICRA,1,E01021324,0,4
2024052402139,2024,052402139,2,9,0,9,9,7,5,0,0,8,0,0,0,0,1,1,6,6,3,23,5,1198,1,10,NISSAN MICRA,1,E01006675,0,1
2024361416555,2024,361416555,3,9,0,-1,2,0,0,-1,0,0,1,0,0,0,1,9,-1,6,-1,-1,-1,1198,1,8,NISSAN MICRA,-1,-1,0,-1
2024471485186,2024,471485186,2,9,0,-1,19,2,6,-1,0,0,0,99,0,0,1,1,-1,6,3,-1,-1,1240,1,19,NISSAN MICRA,-1,-1,0,-1
2024531431757,2024,531431757,1,9,0,-1,19,8,4,-1,0,0,0,0,0,0,1,1,-1,6,2,45,7,1240,1,21,NISSAN MICRA,7,E01022165,0,1
2024010532190,2024,010532190,2,9,0,9,9,2,7,0,0,8,0,0,0,0,1,1,6,6,1,80,11,1198,1,10,NISSAN MICRA,3,E01003086,0,1
2024070493113,2024,070493113,1,9,0,6,6,6,7,0,0,8,0,0,0,0,3,1,6,6,1,74,10,999,1,4,NISSAN MICRA,9,E01018365,0,1
2024010513472,2024,010513472,2,9,9,99,99,9,9,99,99,9,9,99,9,99,9,9,6,6,3,52,8,1198,1,10,NISSAN MICRA,4,E01004259,0,1
2024430558981,2024,430558981,1,9,0,18,19,1,5,0,0,4,0,0,0,0,1,1,6,6,1,62,9,1198,1,13,NISSAN MICRA,7,E01016493,0,2
2024440091798,2024,440091798,1,9,0,5,5,8,4,0,0,5,0,0,0,0,1,1,2,2,1,52,8,1198,1,12,NISSAN MICRA,4,E01032858,0,1
2024451509509,2024,451509509,1,9,0,-1,9,1,5,-1,0,1,0,0,0,0,2,1,-1,9,2,51,8,1240,1,15,NISSAN MICRA,8,E01030519,0,1
202454B271224,2024,54B271224,3,9,0,3,3,7,4,0,0,1,0,0,0,0,1,1,6,6,2,58,9,1386,1,18,NISSAN MICRA,-1,-1,0,-1
2024131458314,2024,131458314,1,9,0,-1,19,1,5,-1,0,8,0,0,1,3,1,1,-1,2,2,35,6,1240,1,20,NISSAN MICRA,1,E01010612,0,2
2024311522183,2024,311522183,1,9,0,-1,5,3,7,-1,0,2,0,0,0,0,3,1,-1,6,2,24,5,898,1,7,NISSAN MICRA,5,E01013931,0,1
2024461410759,2024,461410759,1,9,0,-1,19,1,5,-1,0,0,0,0,0,0,1,1,-1,9,2,69,10,898,1,7,NISSAN MICRA,7,E01024380,0,1
2024430193600,2024,430193600,2,9,0,18,19,6,2,0,0,0,0,0,0,0,1,1,6,6,2,74,10,1240,1,19,NISSAN MICRA,10,E01016639,0,1
2024061435493,2024,061435493,1,9,0,-1,19,5,1,-1,0,8,0,0,0,0,4,1,-1,1,1,47,8,1198,1,11,NISSAN MICRA,-1,-1,0,-1
2024161489682,2024,161489682,1,9,0,-1,9,7,1,-1,0,0,0,0,0,0,3,1,-1,9,1,36,7,1240,1,19,NISSAN MICRA,3,E01012759,0,1
2024070516759,2024,070516759,2,9,0,17,19,5,1,0,0,0,0,0,0,0,3,1,6,6,2,57,9,999,1,2,NISSAN MICRA,7,E01035380,0,1
2024211433248,2024,211433248,2,9,0,-1,19,3,7,-1,0,0,0,0,0,0,1,1,-1,6,2,48,8,1240,1,19,NISSAN MICRA,2,E01010442,0,3
2024411530684,2024,411530684,2,9,-1,-1,-1,-1,-1,-1,-1,0,-1,-1,-1,0,4,9,-1,9,2,37,7,1198,1,12,NISSAN MICRA,5,E01023900,0,1
2024010541022,2024,010541022,2,9,0,99,99,9,9,99,99,9,9,99,9,99,2,9,6,6,3,-1,-1,1198,1,10,NISSAN MICRA,-1,-1,0,-1
2024461479240,2024,461479240,4,9,0,-1,3,7,3,-1,0,1,0,0,0,0,2,1,-1,6,2,25,5,1240,1,14,NISSAN MICRA,1,E01024666,0,1
2024332400406,2024,332400406,1,9,0,-1,19,4,8,-1,0,0,0,0,0,0,1,1,-1,9,2,69,10,1198,1,11,NISSAN MICRA,6,E01013738,0,3
2024061409744,2024,061409744,1,9,0,-1,-1,-1,-1,-1,-1,-1,-1,-1,-1,0,0,1,-1,6,3,-1,-1,1240,1,19,NISSAN MICRA,-1,-1,0,-1
2024440064282,2024,440064282,2,9,0,18,19,6,2,0,0,0,0,0,0,0,1,1,2,2,2,50,8,999,1,5,NISSAN MICRA,2,E01017363,0,2
2024622400798,2024,622400798,2,9,0,18,19,4,8,0,0,0,0,0,0,0,4,1,6,6,2,69,10,999,1,3,NISSAN MICRA,9,W01001781,0,2
2024052401465,2024,052401465,1,9,0,7,7,4,6,0,0,5,0,0,0,0,4,1,6,6,1,29,6,1240,1,18,NISSAN MICRA,1,E01006562,0,1
2024320085102,2024,320085102,1,9,0,-1,-1,5,1,0,0,8,0,0,0,0,3,1,1,1,1,52,8,998,1,22,NISSAN MICRA,2,E01015632,0,4
2024201421583,2024,201421583,1,9,0,-1,19,2,2,-1,0,1,0,0,0,0,1,9,-1,6,1,-1,-1,1240,1,19,NISSAN MICRA,-1,-1,0,-1
2024461469482,2024,461469482,3,9,0,-1,4,3,7,-1,0,0,0,0,0,0,2,1,-1,9,2,41,7,1240,1,15,NISSAN MICRA,4,E01024134,0,1
2024440559802,2024,440559802,1,9,0,18,19,4,8,0,0,0,0,0,0,0,1,1,6,6,2,88,11,1240,1,15,NISSAN MICRA,10,E01022872,0,1
2024991443018,2024,991443018,2,9,0,-1,3,5,8,-1,0,6,0,0,0,0,2,1,-1,1,1,29,6,1240,1,14,NISSAN MICRA,5,-1,0,1
2024010517653,2024,010517653,1,9,0,99,99,9,9,99,99,0,9,99,9,99,2,9,2,2,1,59,9,1240,1,19,NISSAN MICRA,10,E01004091,0,1
2024201473170,2024,201473170,1,9,0,-1,19,2,6,-1,0,8,0,0,0,0,4,1,-1,9,1,29,6,1240,1,18,NISSAN MICRA,-1,-1,0,-1
2024501498289,2024,501498289,1,9,0,-1,19,6,8,-1,0,1,0,0,0,0,1,1,-1,6,2,31,6,1240,1,18,NISSAN MICRA,1,E01015256,0,1
2024421488096,2024,421488096,1,9,0,-1,2,0,0,-1,9,0,0,0,1,0,1,1,-1,6,1,65,9,1240,1,19,NISSAN MICRA,9,E01021259,0,1
2024471507719,2024,471507719,1,9,0,-1,19,3,7,-1,0,8,0,0,0,0,1,1,-1,6,2,59,9,1386,1,17,NISSAN MICRA,8,E01034821,0,1
2024010545003,2024,010545003,1,9,0,18,19,3,7,0,0,1,0,0,0,0,1,1,2,2,2,40,7,1240,1,14,NISSAN MICRA,7,E01000326,0,1
2024461520663,2024,461520663,1,9,0,-1,19,1,5,-1,0,0,0,0,0,0,1,1,-1,2,2,61,9,999,1,3,NISSAN MICRA,9,E01024256,0,1
2024332401019,2024,332401019,1,9,0,-1,19,8,4,-1,0,8,0,0,0,0,1,1,-1,6,1,46,8,1198,1,13,NISSAN MICRA,4,E01025718,0,1
2024010531035,2024,010531035,2,9,0,99,99,9,9,99,99,9,9,99,9,99,1,9,6,6,3,-1,-1,999,1,3,NISSAN MICRA,8,E01000714,0,1
2024610025624,2024,610025624,1,9,0,18,19,3,7,0,0,0,0,0,0,0,2,1,1,1,1,87,11,1240,1,17,NISSAN MICRA,8,W01001904,0,2
2024010544150,2024,010544150,2,9,0,18,19,5,1,0,0,1,0,0,0,0,1,1,2,2,2,35,6,1198,1,11,NISSAN MICRA,3,E01002909,0,1
2024041507180,2024,041507180,3,9,0,-1,19,5,5,-1,0,0,0,0,0,0,2,9,-1,6,2,-1,-1,898,1,6,NISSAN MICRA,9,E01025342,0,3
2024520001959,2024,520001959,1,9,0,18,19,2,6,0,0,4,0,0,6,11,1,1,6,6,2,72,10,1240,1,18,NISSAN MICRA,8,E01014483,0,1
2024041439001,2024,041439001,3,9,0,-1,2,0,0,-1,0,1,0,0,0,0,3,1,-1,9,1,77,11,1240,1,17,NISSAN MICRA,2,E01025091,0,1
2024440445560,2024,440445560,1,9,0,9,9,1,7,0,0,1,0,0,0,0,1,1,6,6,1,25,5,1240,1,15,NISSAN MICRA,6,E01018187,0,5
2024471484667,2024,471484667,2,9,0,-1,19,3,7,-1,0,8,0,0,0,0,1,1,-1,6,1,71,10,1198,1,10,NISSAN MICRA,8,E01031814,0,1
2024421457516,2024,421457516,1,9,0,-1,19,2,6,-1,0,0,1,0,1,1,2,1,-1,1,1,27,6,1240,1,19,NISSAN MICRA,2,E01003590,0,4
2024552400613,2024,552400613,2,9,0,18,19,7,3,0,0,8,0,0,0,0,4,1,2,2,2,32,6,1386,1,20,NISSAN MICRA,4,E01015327,0,1
2024544084424,2024,544084424,1,9,0,18,19,7,3,0,0,0,0,0,0,0,1,1,6,6,1,83,11,1198,1,9,NISSAN MICRA,6,E01031884,0,3
2024351482973,2024,351482973,2,9,0,-1,19,5,1,-1,0,1,1,0,0,0,1,1,-1,1,2,32,6,1240,1,20,NISSAN MICRA,6,E01034437,0,3
2024471495558,2024,471495558,1,9,0,-1,13,7,3,-1,0,0,1,0,0,0,1,1,-1,6,1,18,4,998,1,22,NISSAN MICRA,8,E01021196,0,4
2024440300097,2024,440300097,1,9,0,16,19,5,1,0,0,0,0,0,1,4,1,1,6,6,2,56,9,999,1,5,NISSAN MICRA,2,E01033237,0,1
2024010525717,2024,010525717,2,9,0,99,99,9,9,99,99,9,9,99,9,99,9,9,6,6,3,-1,-1,1198,1,10,NISSAN MICRA,-1,-1,0,-1
2024421530199,2024,421530199,2,9,0,-1,10,7,5,-1,0,6,1,0,0,0,3,1,-1,6,2,35,6,1198,1,10,NISSAN MICRA,4,E01022012,0,2
2024543666924,2024,543666924,1,9,0,18,19,2,5,0,0,1,0,0,0,0,1,1,6,6,1,79,11,1240,1,16,NISSAN MICRA,7,E01032024,0,3
2024451411153,2024,451411153,2,9,0,-1,4,3,7,-1,0,1,0,0,0,0,4,1,-1,6,1,58,9,1240,1,17,NISSAN MICRA,10,E01030623,0,1
2024101448040,2024,101448040,2,9,0,-1,3,2,6,-1,0,1,0,0,0,0,2,1,-1,6,2,71,10,1240,1,20,NISSAN MICRA,1,E01008665,0,1
2024010513706,2024,010513706,1,9,0,9,9,6,3,0,0,5,0,0,0,0,2,1,6,6,3,-1,-1,1198,1,7,NISSAN MICRA,-1,-1,0,-1
2024991532076,2024,991532076,2,9,0,-1,19,5,8,-1,0,0,0,0,0,0,1,1,-1,6,1,49,8,1240,1,15,NISSAN MICRA,5,-1,0,1
2024131397770,2024,131397770,2,9,0,-1,19,3,7,-1,0,0,0,0,0,0,3,1,-1,6,2,27,6,1240,1,19,NISSAN MICRA,2,E01010869,0,2
2024371535131,2024,371535131,1,9,0,-1,19,8,4,-1,0,0,0,0,0,0,4,1,-1,9,2,49,8,998,1,6,NISSAN MICRA,9,E01030045,0,2
2024540319824,2024,540319824,1,9,0,9,9,5,3,0,0,8,0,0,0,0,1,1,6,6,1,56,9,1240,1,20,NISSAN MICRA,2,E01032023,0,1
2024351500973,2024,351500973,3,9,0,-1,4,3,7,-1,0,0,0,0,0,0,2,1,-1,6,2,22,5,1240,1,19,NISSAN MICRA,5,E01033121,0,1
2024991490049,2024,991490049,2,9,0,-1,5,5,1,-1,0,0,0,0,0,0,2,1,-1,1,1,43,7,1386,1,18,NISSAN MICRA,1,-1,0,3
2024101513118,2024,101513118,2,9,0,-1,19,4,8,-1,0,8,0,0,0,0,1,1,-1,9,1,37,7,998,1,5,NISSAN MICRA,4,E01008406,0,1
2024131503631,2024,131503631,2,9,0,-1,19,1,1,-1,9,0,0,0,1,0,1,1,-1,6,2,43,7,1240,1,17,NISSAN MICRA,2,E01011609,0,2
2024010505063,2024,010505063,1,9,0,14,14,2,6,0,0,1,0,4,0,0,1,1,6,6,2,21,5,1240,1,17,NISSAN MICRA,2,E01001839,0,3
2024061517912,2024,061517912,2,9,0,-1,99,-1,-1,-1,0,0,0,0,0,0,1,1,-1,6,3,-1,-1,1240,1,16,NISSAN MICRA,-1,-1,0,-1
2024302400861,2024,302400861,1,9,0,8,8,8,2,0,0,0,0,0,7,11,1,1,6,6,2,67,10,1198,1,9,NISSAN MICRA,3,E01019492,0,1
2024501448692,2024,501448692,1,9,0,-1,19,3,7,-1,0,0,5,0,7,11,1,1,-1,2,2,48,8,1240,1,16,NISSAN MICRA,5,E01019947,0,1
2024471426485,2024,471426485,1,9,0,-1,19,7,3,-1,0,0,0,0,0,0,1,1,-1,6,1,21,5,1240,1,20,NISSAN MICRA,6,E01034304,0,3
2024471536595,2024,471536595,2,9,0,-1,2,0,0,-1,0,0,0,0,0,0,1,1,-1,6,-1,-1,-1,1598,1,18,NISSAN MICRA,-1,-1,0,-1
202460Q033021,2024,60Q033021,1,9,0,16,19,3,7,0,0,0,2,0,1,4,1,1,6,6,1,21,5,998,1,27,NISSAN MICRA,-1,-1,0,-1
2024401402794,2024,401402794,2,9,0,-1,7,3,1,-1,0,0,0,0,0,0,0,1,-1,6,1,53,8,999,1,4,NISSAN MICRA,10,E01017532,0,1
2024340WN3982,2024,340WN3982,1,9,0,-1,19,4,8,-1,0,0,1,0,2,10,1,1,-1,6,2,53,8,1240,1,21,NISSAN MICRA,3,E01027171,0,3
2024201409689,2024,201409689,1,9,0,-1,10,8,6,-1,0,1,0,0,0,0,1,9,-1,9,1,21,5,1240,1,20,NISSAN MICRA,1,E01009746,0,1
2024231424949,2024,231424949,2,9,0,-1,3,7,3,-1,0,1,0,0,0,0,2,1,-1,6,2,35,6,998,1,20,NISSAN MICRA,3,E01009596,0,2
2024991396554,2024,991396554,2,9,0,-1,19,7,3,-1,0,8,0,0,0,0,1,2,-1,6,2,26,6,998,1,20,NISSAN MICRA,3,-1,0,2
2024201495361,2024,201495361,1,9,0,-1,19,6,2,-1,0,1,0,0,0,0,1,1,-1,6,1,51,8,1198,1,8,NISSAN MICRA,1,E01009131,0,1
2024010512044,2024,010512044,1,9,0,18,19,2,6,0,0,1,0,0,0,0,2,1,6,6,2,49,8,1198,1,13,NISSAN MICRA,4,E01001459,0,2
2024141505186,2024,141505186,1,9,0,-1,19,7,3,-1,0,0,0,0,0,0,1,2,-1,7,2,31,6,1461,2,6,NISSAN MICRA,5,E01007682,0,1
2024340NN3552,2024,340NN3552,1,9,0,-1,19,4,8,-1,0,1,0,0,0,0,1,1,-1,6,3,-1,-1,999,1,4,NISSAN MICRA,-1,-1,0,-1
2024101403693,2024,101403693,1,9,0,-1,19,8,4,-1,0,0,0,0,0,0,1,1,-1,6,2,41,7,999,1,2,NISSAN MICRA,2,E01008512,0,1
2024471502692,2024,471502692,2,9,0,-1,9,1,7,-1,0,8,0,0,0,0,1,1,-1,9,1,36,7,999,1,4,NISSAN MICRA,2,E01016941,0,1
2024461526638,2024,461526638,1,9,0,-1,7,3,7,-1,0,1,0,0,0,0,4,9,-1,2,2,46,8,1240,1,21,NISSAN MICRA,3,E01016044,0,1
2024471416254,2024,471416254,1,9,0,-1,19,7,3,-1,0,1,0,0,0,0,1,1,-1,9,2,87,11,998,1,23,NISSAN MICRA,3,E01020919,0,1
2024332400363,2024,332400363,1,9,0,-1,19,4,8,-1,0,0,0,0,0,0,3,1,-1,2,2,28,6,1240,1,20,NISSAN MICRA,4,E01013715,0,2
2024311407721,2024,311407721,1,9,0,-1,19,5,1,-1,0,1,0,0,0,0,3,1,-1,9,2,22,5,1198,1,12,NISSAN MICRA,6,E01028205,0,1
2024010528767,2024,010528767,1,9,0,18,19,3,7,0,0,1,0,0,0,0,3,1,6,6,1,18,4,1198,1,13,NISSAN MICRA,2,E01001431,0,2
2024211533071,2024,211533071,1,9,0,-1,4,0,0,-1,0,0,2,11,0,0,3,1,-1,6,1,18,4,1240,1,18,NISSAN MICRA,4,E01010304,0,1
2024141506131,2024,141506131,2,9,0,-1,9,5,3,-1,0,5,0,0,0,0,4,1,-1,6,1,63,9,1240,1,16,NISSAN MICRA,8,E01007839,0,3
2024320102790,2024,320102790,1,9,0,13,13,3,7,0,0,1,0,0,0,0,4,1,-1,-1,2,80,11,1198,1,8,NISSAN MICRA,2,E01026165,0,2
2024501512732,2024,501512732,2,9,0,-1,19,3,7,-1,0,1,0,0,0,0,1,1,-1,9,1,81,11,1769,2,32,-1,6,E01020082,0,1
2024501530411,2024,501530411,2,9,0,-1,19,5,1,-1,0,0,1,4,0,0,1,1,-1,9,1,17,4,1360,1,31,-1,8,E01019015,0,1
2024520402109,2024,520402109,1,3,0,16,19,4,8,0,0,0,0,11,0,0,1,1,6,6,1,29,6,125,1,2,SINNIS TERRAIN,5,E01014804,0,4
2024631397736,2024,631397736,2,3,0,-1,19,2,6,-1,0,0,0,0,1,10,3,1,-1,6,1,50,8,125,1,1,SINNIS TERRAIN,5,W01000723,0,1
202417L302924,2024,17L302924,2,3,0,18,19,8,4,0,0,1,0,0,0,0,1,1,2,2,1,55,8,125,1,2,SINNIS TERRAIN,1,E01012102,0,1
2024631497921,2024,631497921,1,3,0,-1,19,8,4,-1,0,0,1,0,1,10,3,1,-1,2,1,39,7,125,1,3,SINNIS TERRAIN,6,W01000709,0,4
2024061457322,2024,061457322,2,3,0,-1,19,7,3,-1,0,1,0,0,0,0,1,1,-1,2,2,24,5,125,1,3,SINNIS TERRAIN,7,E01004891,0,2
2024131474526,2024,131474526,1,3,0,-1,7,6,2,-1,0,1,2,0,0,0,4,1,-1,9,1,44,7,125,1,2,SINNIS TERRAIN,1,E01004794,0,4