collision_index,collision_year,collision_ref_no,vehicle_reference,vehicle_type,towing_and_articulation,vehicle_manoeuvre_historic,vehicle_manoeuvre,vehicle_direction_from,vehicle_direction_to,vehicle_location_restricted_lane_historic,vehicle_location_restricted_lane,junction_location,skidding_and_overturning,hit_object_in_carriageway,vehicle_leaving_carriageway,hit_object_off_carriageway,first_point_of_impact,vehicle_left_hand_drive,journey_purpose_of_driver_historic,journey_purpose_of_driver,sex_of_driver,age_of_driver,age_band_of_driver,engine_capacity_cc,propulsion_code,age_of_vehicle,generic_make_model,driver_imd_decile,lsoa_of_driver,escooter_flag,driver_distance_banding
2024311454481,2024,311454481,1,3,0,-1,19,8,4,-1,0,0,2,7,0,0,4,1,-1,6,1,42,7,125,1,2,SINNIS TERRAIN,6,E01027926,0,1
2024440468753,2024,440468753,1,3,0,17,19,7,4,0,0,0,0,0,0,0,0,1,2,2,1,22,5,125,1,2,SINNIS TERRAIN,4,E01034183,0,4
2024991436416,2024,991436416,1,3,0,-1,19,3,7,-1,0,0,0,0,0,0,1,1,-1,6,2,20,4,125,1,3,SINNIS TERRAIN,1,-1,0,1
2024302401516,2024,302401516,1,3,0,18,19,5,1,0,0,8,0,0,0,0,1,1,6,6,1,37,7,125,1,0,SINNIS TERRAIN,1,E01019646,0,1
2024991432100,2024,991432100,1,3,0,-1,19,7,4,-1,0,0,0,0,0,0,1,1,-1,9,1,19,4,125,1,3,SINNIS TERRAIN,8,-1,0,4
2024141499043,2024,141499043,2,3,0,-1,19,7,3,-1,0,1,1,0,0,0,1,1,-1,9,1,24,5,125,1,3,SINNIS TERRAIN,7,E01033259,0,2
2024361501149,2024,361501149,2,3,0,-1,19,7,7,-1,0,1,0,0,0,0,1,1,-1,9,1,20,4,125,1,1,SINNIS TERRAIN,6,E01026451,0,4
2024010489961,2024,010489961,1,3,0,18,19,7,3,0,0,8,0,0,0,0,1,1,2,2,1,59,9,125,1,2,SINNIS TERRAIN,3,E01003297,0,1
2024361443603,2024,361443603,1,4,0,-1,19,6,2,-1,0,3,1,0,0,0,1,1,-1,9,1,19,4,125,1,1,SINNIS TERRAIN,6,E01026451,0,4
2024332401138,2024,332401138,1,4,0,-1,4,5,1,-1,0,8,1,0,0,0,1,1,-1,9,1,44,7,125,1,2,SINNIS TERRAIN,10,E01025616,0,2
2024501420294,2024,501420294,1,5,0,-1,14,3,7,-1,0,1,5,0,0,0,1,1,-1,2,1,21,5,600,1,23,SUZUKI GSF 600,5,E01018845,0,2
2024451461992,2024,451461992,1,5,0,-1,19,5,1,-1,0,1,0,0,0,0,2,1,-1,9,1,41,7,599,1,26,SUZUKI GSF 600,4,E01030634,0,1
2024471467629,2024,471467629,3,4,0,-1,9,8,3,-1,0,1,0,0,0,0,0,1,-1,9,2,65,9,600,1,24,SUZUKI GSF 600,4,E01016869,0,1
2024610045724,2024,610045724,1,5,0,5,5,7,3,0,0,8,0,0,0,0,2,1,6,6,1,73,10,599,1,28,SUZUKI GSF 600,1,W01001633,0,1
2024332400011,2024,332400011,1,5,0,-1,19,3,7,-1,0,1,0,0,0,0,1,1,-1,2,1,21,5,599,1,28,SUZUKI GSF 600,9,E01025968,0,2
2024302401404,2024,302401404,2,5,0,18,19,1,5,0,0,1,0,0,0,0,3,1,6,6,1,44,7,600,1,22,SUZUKI GSF 600,2,E01019571,0,1
2024440056114,2024,440056114,2,5,0,18,19,6,2,0,0,8,0,0,0,0,1,1,2,2,1,54,8,600,1,23,SUZUKI GSF 600,9,E01022565,0,3
2024361516834,2024,361516834,2,5,0,-1,19,5,1,-1,0,0,0,0,0,0,1,1,-1,9,1,66,10,600,1,23,SUZUKI GSF 600,5,E01026538,0,2
2024411503445,2024,411503445,2,5,0,-1,19,8,3,-1,0,1,0,0,0,0,1,1,-1,6,1,57,9,600,1,24,SUZUKI GSF 600,6,E01023787,0,2
2024201462356,2024,201462356,1,5,0,-1,19,1,5,-1,0,0,0,0,0,0,1,1,-1,6,1,43,7,600,1,21,SUZUKI GSF 600,7,E01009252,0,3
2024991476120,2024,991476120,1,5,0,-1,19,3,1,-1,0,0,1,0,0,0,3,1,-1,6,1,52,8,600,1,24,SUZUKI GSF 600,1,-1,0,4
2024552500122,2024,552500122,1,4,0,13,13,8,4,0,0,0,0,4,0,0,1,1,6,6,1,21,5,599,1,26,SUZUKI GSF 600,3,E01020551,0,3
2024440165566,2024,440165566,1,5,0,18,19,8,4,0,0,3,0,0,0,0,4,1,6,6,1,20,4,600,1,24,SUZUKI GSF 600,5,E01031507,0,2
2024471473372,2024,471473372,2,5,0,-1,19,3,7,-1,0,0,0,0,0,0,4,1,-1,9,1,51,8,599,1,26,SUZUKI GSF 600,1,E01020984,0,1
2024131421175,2024,131421175,1,5,0,-1,4,3,7,-1,0,4,1,0,0,0,1,1,-1,9,1,58,9,600,1,21,SUZUKI GSF 600,1,E01025207,0,3
2024041490395,2024,041490395,1,5,0,-1,19,5,1,-1,0,0,1,0,0,0,4,1,-1,9,1,19,4,600,1,19,SUZUKI GSF 600,6,E01025421,0,2
2024411472007,2024,411472007,1,5,0,-1,19,1,3,-1,0,3,1,10,0,0,4,1,-1,6,1,28,6,600,1,20,SUZUKI GSF 600,6,E01023651,0,2
2024041453386,2024,041453386,1,5,0,-1,13,3,7,-1,0,1,0,0,0,0,1,1,-1,9,1,58,9,600,1,24,SUZUKI GSF 600,4,E01025200,0,2
2024461472469,2024,461472469,2,5,0,-1,19,7,3,-1,0,3,1,0,0,0,2,1,-1,9,1,63,9,600,1,20,SUZUKI GSF 600,3,E01024399,0,4
2024371486675,2024,371486675,1,5,0,-1,19,1,5,-1,0,1,0,0,0,0,1,1,-1,6,1,20,4,599,1,27,SUZUKI GSF 600,2,E01029987,0,3
2024546280624,2024,546280624,2,5,0,18,19,2,6,0,0,1,0,0,0,0,3,1,6,6,1,32,6,600,1,22,SUZUKI GSF 600,3,E01015510,0,1
2024201450072,2024,201450072,1,5,0,-1,19,2,6,-1,0,4,0,0,0,0,1,1,-1,2,1,46,8,599,1,26,SUZUKI GSF 600,1,E01009700,0,2
2024461484811,2024,461484811,2,5,0,-1,19,7,3,-1,0,1,0,0,0,0,1,1,-1,6,1,26,6,600,1,24,SUZUKI GSF 600,3,E01035289,0,1
2024201432002,2024,201432002,2,3,0,-1,19,4,2,-1,0,8,0,0,0,0,3,1,-1,6,3,-1,-1,599,1,25,SUZUKI GSF 600,-1,-1,0,-1
2024221432562,2024,221432562,2,5,0,-1,19,4,8,-1,0,0,1,0,0,0,3,1,-1,6,1,34,6,600,1,23,SUZUKI GSF 600,2,E01032265,0,1
2024546437724,2024,546437724,1,5,0,9,9,5,3,0,0,5,0,0,0,0,1,1,6,6,2,56,9,600,1,20,SUZUKI GSF 600,3,E01031963,0,3
2024041495496,2024,041495496,1,5,0,-1,5,3,7,-1,0,0,0,0,0,0,1,1,-1,2,1,31,6,599,1,27,SUZUKI GSF 600,3,E01025460,0,2
2024520002058,2024,520002058,2,3,0,18,19,6,2,0,0,1,1,0,0,0,1,1,6,6,1,37,7,600,1,21,SUZUKI GSF 600,6,E01014459,0,2
2024440038586,2024,440038586,1,5,0,18,19,7,3,0,0,8,1,0,0,0,4,1,6,6,1,28,6,599,1,26,SUZUKI GSF 600,10,E01022747,0,1
2024351493083,2024,351493083,1,5,0,-1,19,1,5,-1,0,4,1,9,0,0,1,1,-1,6,1,39,7,599,1,28,SUZUKI GSF 600,6,E01018035,0,3
2024371442531,2024,371442531,2,5,0,-1,19,2,8,-1,0,3,0,0,0,0,1,1,-1,6,1,53,8,599,1,25,SUZUKI GSF 600,4,E01030208,0,4
2024552400241,2024,552400241,2,5,0,18,19,1,5,0,0,8,0,0,0,0,1,1,2,2,1,21,5,600,1,21,SUZUKI GSF 600,9,E01020423,0,2
2024610047124,2024,610047124,2,3,0,16,19,2,5,0,0,1,1,0,0,0,1,1,6,6,1,40,7,600,1,24,SUZUKI GSF 600,8,W01001888,0,3
2024543267324,2024,543267324,2,5,0,18,19,4,3,0,0,3,0,0,0,0,1,1,6,6,1,22,5,600,1,22,SUZUKI GSF 600,3,E01015580,0,1
2024471411759,2024,471411759,1,5,0,-1,19,7,2,-1,0,0,0,0,0,0,1,1,-1,9,1,24,5,600,1,21,SUZUKI GSF 600,10,E01031747,0,2
2024991483848,2024,991483848,1,5,0,-1,4,5,2,-1,0,0,1,0,1,0,1,1,-1,6,1,39,7,600,1,23,SUZUKI GSF 600,2,-1,0,4
2024371431492,2024,371431492,1,9,5,-1,19,7,3,-1,0,0,0,0,0,0,0,1,-1,9,1,45,7,1794,1,22,TOYOTA CELICA,10,E01030104,0,2
2024221449280,2024,221449280,1,9,0,-1,19,1,5,-1,0,4,0,0,0,0,1,9,-1,6,1,22,5,1794,1,22,TOYOTA CELICA,4,E01028546,0,4
2024461442415,2024,461442415,2,9,0,-1,19,3,8,-1,0,0,2,0,2,9,1,9,-1,9,1,57,9,1794,1,19,TOYOTA CELICA,1,E01035316,0,4
2024440156514,2024,440156514,1,9,0,18,19,2,6,0,0,0,2,0,1,4,3,1,6,6,1,21,5,1800,1,23,TOYOTA CELICA,10,E01022661,0,1
2024052401045,2024,052401045,2,9,0,18,19,1,5,0,0,0,0,0,0,0,4,1,6,6,1,61,9,1794,1,20,TOYOTA CELICA,4,E01014122,0,4
2024041503769,2024,041503769,2,9,0,-1,19,5,1,-1,0,1,0,0,0,0,1,1,-1,9,1,49,8,1998,1,27,TOYOTA CELICA,2,E01006945,0,4
2024991536110,2024,991536110,1,9,0,-1,19,6,1,-1,0,0,1,12,0,0,3,1,-1,9,2,22,5,1794,1,21,TOYOTA CELICA,7,-1,0,4
2024421407161,2024,421407161,3,9,0,-1,4,6,2,-1,0,0,0,0,0,0,2,9,-1,9,2,31,6,1794,1,19,TOYOTA CELICA,7,E01021505,0,3
2024231536210,2024,231536210,2,9,0,-1,13,8,4,-1,0,0,0,0,7,0,4,9,-1,6,1,34,6,1796,1,23,TOYOTA CELICA,7,E01028559,0,4
2024451441661,2024,451441661,1,9,0,-1,1,6,8,-1,0,1,0,0,7,11,2,1,-1,9,2,89,11,1790,1,25,TOYOTA CELICA,8,E01030822,0,1
2024221497801,2024,221497801,1,9,0,-1,19,2,8,-1,0,0,0,0,0,0,1,1,-1,2,1,52,8,1796,1,22,TOYOTA CELICA,8,E01013988,0,2
2024320385803,2024,320385803,3,9,0,-1,-1,1,5,0,0,1,0,0,0,0,1,1,-1,-1,1,58,9,1794,1,22,TOYOTA CELICA,6,E01026411,0,1
2024451488076,2024,451488076,2,9,0,-1,19,5,1,-1,0,8,0,0,0,0,4,1,-1,6,1,35,6,1794,1,23,TOYOTA CELICA,-1,-1,0,-1
2024543048524,2024,543048524,1,9,0,17,19,2,6,0,0,0,0,0,1,9,1,1,6,6,1,55,8,1998,1,25,TOYOTA CELICA,9,E01031968,0,3
2024471490409,2024,471490409,1,9,0,-1,2,0,0,-1,0,1,0,0,0,0,3,1,-1,6,1,30,6,1794,1,18,TOYOTA CELICA,3,E01016975,0,2
2024421507213,2024,421507213,1,9,0,-1,19,3,7,-1,1,0,0,0,7,0,1,1,-1,6,1,20,4,1794,1,18,TOYOTA CELICA,2,E01000102,0,2
2024451408755,2024,451408755,1,9,0,-1,19,8,4,-1,0,0,0,0,0,0,1,1,-1,1,1,60,9,1794,1,21,TOYOTA CELICA,9,E01002450,0,3
2024311457361,2024,311457361,1,9,0,-1,19,3,7,-1,0,0,1,0,1,0,1,1,-1,9,1,20,4,1794,1,20,TOYOTA CELICA,9,E01028047,0,2
2024501399205,2024,501399205,1,9,0,-1,19,7,3,-1,0,0,0,0,0,0,1,9,-1,6,1,38,7,1796,1,21,TOYOTA CELICA,5,E01018900,0,3
2024161533721,2024,161533721,1,9,0,-1,9,7,5,-1,0,1,0,0,0,0,1,1,-1,6,1,30,6,1794,1,20,TOYOTA CELICA,10,E01012958,0,1
2024201517257,2024,201517257,1,9,0,-1,19,1,5,-1,0,1,0,0,0,0,1,9,-1,6,3,-1,-1,1794,1,18,TOYOTA CELICA,-1,-1,0,-1
2024311422511,2024,311422511,1,9,0,-1,9,5,2,-1,0,2,0,0,7,0,2,1,-1,9,1,46,8,1984,1,2,VOLKSWAGEN ARTEON,4,E01026323,0,4
2024311420026,2024,311420026,1,9,0,-1,3,5,1,-1,0,0,0,11,0,0,1,1,-1,6,1,51,8,1395,8,2,VOLKSWAGEN ARTEON,-1,-1,0,-1
2024201408638,2024,201408638,2,9,0,-1,19,1,5,-1,0,8,0,0,0,0,1,1,-1,6,1,33,6,1968,2,5,VOLKSWAGEN ARTEON,-1,-1,0,-1
2024010532613,2024,010532613,2,9,0,3,3,5,1,0,0,1,0,0,0,0,2,1,1,1,1,47,8,1984,1,3,VOLKSWAGEN ARTEON,2,E01004008,0,2
2024501414830,2024,501414830,3,9,0,-1,3,8,4,-1,0,0,0,0,0,0,0,1,-1,6,1,73,10,1984,1,4,VOLKSWAGEN ARTEON,5,E01034169,0,2
2024201431157,2024,201431157,1,9,0,-1,11,8,4,-1,0,0,0,0,0,0,1,1,-1,2,1,38,7,1968,2,6,VOLKSWAGEN ARTEON,4,E01010337,0,1
2024361398101,2024,361398101,1,9,0,-1,19,5,1,-1,0,8,0,0,0,0,4,1,-1,6,1,39,7,1984,1,6,VOLKSWAGEN ARTEON,1,E01026800,0,1
202454E247624,2024,54E247624,2,9,0,4,4,4,8,0,0,1,0,0,0,0,2,1,1,1,1,23,5,1968,2,2,VOLKSWAGEN ARTEON,9,E01032102,0,3
2024141501734,2024,141501734,2,9,0,-1,19,8,4,-1,0,1,0,0,0,0,1,1,-1,9,1,32,6,1968,2,6,VOLKSWAGEN ARTEON,1,E01007547,0,1
2024430610315,2024,430610315,3,9,0,18,19,4,8,0,0,0,0,0,0,0,2,1,6,6,1,34,6,1498,1,6,VOLKSWAGEN ARTEON,4,E01002130,0,4
2024101536104,2024,101536104,1,9,0,-1,99,-1,-1,-1,0,0,0,0,0,0,1,1,-1,6,1,37,7,1984,1,5,VOLKSWAGEN ARTEON,7,E01011938,0,5
2024010527445,2024,010527445,1,9,0,1,1,5,1,0,0,0,0,0,0,0,2,1,6,6,1,30,6,1984,1,2,VOLKSWAGEN ARTEON,-1,-1,0,-1
2024052400124,2024,052400124,1,9,0,5,5,2,4,0,0,2,0,0,0,0,1,1,3,7,1,35,6,1498,1,5,VOLKSWAGEN ARTEON,2,E01006656,0,1
2024201467333,2024,201467333,3,9,0,-1,2,0,0,-1,0,2,0,0,0,0,2,9,-1,6,-1,-1,-1,1498,1,6,VOLKSWAGEN ARTEON,-1,-1,0,-1
2024010506212,2024,010506212,1,9,0,99,99,9,9,99,99,9,9,99,9,99,2,9,6,6,1,44,7,1968,2,5,VOLKSWAGEN ARTEON,4,E01000406,0,1
2024052401607,2024,052401607,1,9,0,3,3,5,1,0,0,1,0,0,0,0,1,1,3,7,2,33,6,1968,2,6,VOLKSWAGEN ARTEON,1,E01006919,0,1
2024201469078,2024,201469078,2,9,0,-1,19,2,6,-1,0,0,1,10,1,0,1,1,-1,6,3,-1,-1,1984,1,1,VOLKSWAGEN ARTEON,-1,-1,0,-1
2024991401859,2024,991401859,2,9,0,-1,19,6,2,-1,0,1,0,0,0,0,1,1,-1,9,1,21,5,1984,1,2,VOLKSWAGEN ARTEON,9,-1,0,1
2024010541504,2024,010541504,2,9,0,18,19,1,5,0,0,6,0,10,1,0,4,1,6,6,1,29,6,1984,1,6,VOLKSWAGEN ARTEON,3,E01001006,0,1
2024471467362,2024,471467362,1,9,0,-1,9,1,7,-1,0,6,0,0,0,0,1,1,-1,9,2,35,6,1395,8,1,VOLKSWAGEN ARTEON,4,E01021096,0,3
2024430446002,2024,430446002,1,9,0,13,13,2,8,0,0,0,0,0,0,0,1,1,6,6,1,40,7,1984,1,5,VOLKSWAGEN ARTEON,-1,-1,0,-1
2024991493269,2024,991493269,1,9,0,-1,19,2,6,-1,0,0,0,0,0,0,2,1,-1,9,1,77,11,1968,2,4,VOLKSWAGEN ARTEON,-1,-1,0,-1
2024131428166,2024,131428166,2,9,0,-1,19,7,3,-1,0,0,1,0,5,7,2,1,-1,2,1,51,8,1968,2,3,VOLKSWAGEN ARTEON,4,E01010978,0,3
2024461440713,2024,461440713,3,9,0,-1,3,5,1,-1,0,0,0,0,0,0,2,1,-1,2,1,23,5,1984,1,5,VOLKSWAGEN ARTEON,9,E01032655,0,2
2024501415586,2024,501415586,1,8,0,-1,19,7,3,-1,2,1,0,0,0,0,1,9,-1,6,1,40,7,1498,1,3,VOLKSWAGEN ARTEON,5,E01020083,0,3
2024401443173,2024,401443173,2,9,-1,-1,2,-1,-1,-1,-1,0,0,0,0,0,1,9,-1,1,2,40,7,1968,2,1,VOLKSWAGEN ARTEON,9,E01034426,0,2
2024161493584,2024,161493584,4,9,0,-1,2,0,0,-1,0,2,0,0,0,0,2,1,-1,6,-1,-1,-1,1498,1,5,VOLKSWAGEN ARTEON,-1,-1,0,-1
2024231496311,2024,231496311,2,9,0,-1,19,8,4,-1,0,0,0,0,0,0,2,1,-1,6,1,62,9,1968,2,2,VOLKSWAGEN ARTEON,4,E01026807,0,5
2024010510945,2024,010510945,2,9,0,4,4,7,3,0,0,1,0,0,0,0,2,1,6,6,1,56,9,1984,1,5,VOLKSWAGEN ARTEON,8,E01002436,0,3
2024311524256,2024,311524256,2,9,0,-1,19,3,7,-1,0,0,0,0,0,0,1,1,-1,6,1,39,7,1969,2,6,VOLVO XC40,-1,-1,0,-1
2024340WN0362,2024,340WN0362,2,9,0,-1,19,5,2,-1,0,0,0,0,0,0,2,1,-1,9,1,42,7,1477,8,3,VOLVO XC40,8,E01019685,0,4
2024221538197,2024,221538197,2,9,0,-1,19,5,1,-1,0,1,0,0,0,0,1,1,-1,6,2,59,9,1969,8,0,VOLVO XC40,6,E01031846,0,5
2024010499674,2024,010499674,2,9,0,99,99,9,9,99,99,9,9,99,9,99,2,9,6,6,3,-1,-1,1477,8,2,VOLVO XC40,-1,-1,0,-1
2024421471437,2024,421471437,1,9,0,-1,9,7,6,-1,0,1,0,0,0,0,1,1,-1,9,2,51,8,1477,1,5,VOLVO XC40,8,E01021788,0,1
2024421486481,2024,421486481,2,9,0,-1,5,7,2,-1,0,4,0,0,0,0,2,1,-1,1,2,52,8,-1,3,1,VOLVO XC40,7,E01021544,0,3
2024010548257,2024,010548257,1,9,0,99,99,9,9,99,99,9,9,99,9,99,1,9,6,6,3,-1,-1,-1,3,0,VOLVO XC40,-1,-1,0,-1
2024371525708,2024,371525708,2,9,0,-1,19,3,7,-1,0,1,0,0,0,0,1,1,-1,9,2,68,10,1969,1,5,VOLVO XC40,7,E01029899,0,1
2024070548502,2024,070548502,2,9,0,4,4,5,1,0,0,0,0,0,0,0,2,1,6,6,1,46,8,1477,8,3,VOLVO XC40,8,E01012435,0,3
2024610030924,2024,610030924,1,9,0,18,19,7,3,0,0,0,0,0,0,0,3,1,6,6,1,47,8,1969,2,6,VOLVO XC40,3,W01001449,0,1
2024440351330,2024,440351330,2,9,0,3,3,2,6,0,0,0,0,0,0,0,2,1,6,6,1,54,8,-1,3,1,VOLVO XC40,3,E01016444,0,4
2024351422028,2024,351422028,2,9,0,-1,19,8,5,-1,0,8,0,0,0,0,4,1,-1,6,2,-1,-1,1969,2,5,VOLVO XC40,6,E01030153,0,5
2024010535225,2024,010535225,2,9,0,99,99,9,9,99,99,9,9,99,9,99,1,9,6,6,3,61,9,1969,1,4,VOLVO XC40,9,E01003847,0,1
2024531475717,2024,531475717,1,9,0,-1,19,7,3,-1,0,0,0,0,1,11,1,1,-1,9,2,40,7,1969,1,5,VOLVO XC40,9,E01030933,0,5
2024351430342,2024,351430342,2,9,0,-1,19,1,5,-1,0,0,0,0,0,0,0,1,-1,6,1,62,9,1477,8,1,VOLVO XC40,6,E01026797,0,5
2024161439188,2024,161439188,1,9,0,-1,19,3,7,-1,0,0,0,0,0,0,1,1,-1,9,1,75,10,1477,1,3,VOLVO XC40,4,E01011753,0,4
2024131431277,2024,131431277,1,9,0,-1,19,1,1,-1,0,0,0,0,0,0,3,1,-1,9,2,52,8,1969,8,1,VOLVO XC40,5,E01011065,0,1
2024411465263,2024,411465263,1,9,0,-1,19,-1,-1,-1,0,0,0,0,0,0,1,9,-1,9,2,30,6,1969,8,4,VOLVO XC40,8,E01023627,0,1
2024131475748,2024,131475748,2,9,0,-1,19,1,5,-1,0,0,0,0,0,0,0,1,-1,9,1,36,7,1969,2,6,VOLVO XC40,7,E01011938,0,2
2024440486786,2024,440486786,1,9,0,18,19,3,7,0,0,0,0,0,0,0,4,1,6,6,1,51,8,1477,8,2,VOLVO XC40,9,E01034372,0,4
2024351441141,2024,351441141,2,9,0,-1,19,3,7,-1,0,0,0,0,0,0,1,1,-1,6,1,77,11,1969,8,3,VOLVO XC40,8,E01018153,0,3
2024461492739,2024,461492739,2,9,0,-1,3,3,7,-1,0,8,0,0,0,0,2,9,-1,9,1,60,9,1477,1,2,VOLVO XC40,9,E01024300,0,3
2024041445822,2024,041445822,2,9,0,-1,2,0,0,-1,9,2,0,0,0,0,1,1,-1,6,-1,-1,-1,1969,1,6,VOLVO XC40,-1,-1,0,-1
2024552400537,2024,552400537,2,9,0,18,19,7,3,0,0,0,0,0,0,0,1,1,6,6,2,51,8,1477,8,3,VOLVO XC40,5,E01020529,0,3
2024545670424,2024,545670424,1,9,0,18,19,4,8,0,0,0,1,0,0,0,1,1,6,6,2,23,5,1969,8,0,VOLVO XC40,-1,-1,0,-1
2024031499227,2024,031499227,2,9,0,-1,19,2,6,-1,0,0,0,11,0,0,1,1,-1,9,2,54,8,1969,8,0,VOLVO XC40,8,E01019154,0,1
2024520402999,2024,520402999,1,9,0,18,19,1,3,0,0,0,0,0,0,0,1,1,6,6,1,59,9,1969,8,0,VOLVO XC40,10,E01035123,0,1
2024070570200,2024,070570200,2,9,0,18,19,6,2,0,0,0,1,0,0,0,1,1,6,6,2,30,6,1969,2,5,VOLVO XC40,10,E01005815,0,1
2024451521783,2024,451521783,3,9,0,-1,2,0,0,-1,0,2,0,0,0,0,2,1,-1,6,3,-1,-1,1969,8,0,VOLVO XC40,-1,-1,0,-1
2024010542826,2024,010542826,2,9,0,99,99,9,9,99,99,9,9,99,9,99,1,9,6,6,3,-1,-1,1477,1,3,VOLVO XC40,-1,-1,0,-1
2024522403346,2024,522403346,1,9,0,3,3,6,2,0,0,0,0,0,0,0,2,1,6,6,1,46,8,1477,1,4,VOLVO XC40,7,E01015022,0,3
2024010508588,2024,010508588,2,9,0,3,3,7,3,0,0,1,0,0,0,0,0,1,6,6,1,48,8,-1,3,2,VOLVO XC40,-1,-1,0,-1
2024131577097,2024,131577097,2,9,0,-1,19,4,6,-1,0,1,0,0,0,0,3,1,-1,9,2,41,7,1969,8,1,VOLVO XC40,7,E01010641,0,3
2024461513716,2024,461513716,1,9,0,-1,19,5,1,-1,0,0,5,0,0,0,1,1,-1,9,1,58,9,1477,1,6,VOLVO XC40,8,E01024451,0,1
2024622400425,2024,622400425,1,9,0,18,19,8,4,0,0,2,0,0,0,0,3,1,6,6,3,-1,-1,1969,8,2,VOLVO XC40,-1,-1,0,-1
2024991455020,2024,991455020,2,9,0,-1,19,2,6,-1,0,0,0,0,0,0,1,1,-1,9,2,67,10,1969,1,4,VOLVO XC40,7,-1,0,3
2024131490257,2024,131490257,2,9,0,-1,19,8,8,-1,0,0,0,0,0,0,4,1,-1,9,1,20,4,1969,8,2,VOLVO XC40,1,E01010841,0,1
2024411464866,2024,411464866,2,9,0,-1,19,5,1,-1,0,0,0,0,0,0,2,1,-1,1,2,56,9,1969,2,5,VOLVO XC40,6,E01017173,0,5
2024461508650,2024,461508650,2,9,0,-1,19,2,6,-1,0,0,0,0,0,0,1,1,-1,9,1,43,7,1477,1,5,VOLVO XC40,6,E01024536,0,1
2024131455454,2024,131455454,2,9,0,-1,19,5,1,-1,0,8,0,0,0,0,1,1,-1,6,1,44,7,-1,3,0,VOLVO XC40,1,E01011911,0,1
2024010549252,2024,010549252,1,9,0,18,19,1,5,0,0,0,0,0,0,0,2,1,6,6,2,37,7,1969,8,1,VOLVO XC40,4,E01000719,0,1
2024010522814,2024,010522814,1,9,0,99,99,9,9,99,99,9,9,99,9,99,2,9,6,6,1,33,6,1969,8,2,VOLVO XC40,8,E01000314,0,1
2024302400526,2024,302400526,2,9,0,18,19,8,4,0,0,0,0,0,4,6,4,1,6,6,1,29,6,1477,1,5,VOLVO XC40,6,E01019608,0,3
2024201450220,2024,201450220,2,9,0,-1,19,6,2,-1,0,0,0,0,0,0,4,9,-1,2,2,41,7,-1,3,1,VOLVO XC40,1,E01009136,0,1
2024010501855,2024,010501855,1,9,0,99,99,9,9,99,99,9,9,99,9,99,9,9,1,1,1,52,8,1477,8,3,VOLVO XC40,1,E01001790,0,1
2024320429187,2024,320429187,1,9,0,12,12,5,1,0,0,1,0,0,0,0,3,1,-1,-1,1,39,7,1969,8,0,VOLVO XC40,9,E01026211,0,4
2024010505188,2024,010505188,1,9,0,7,7,1,3,0,0,8,0,0,0,0,1,1,2,2,1,84,11,1969,1,5,VOLVO XC40,9,E01001992,0,2
2024520002218,2024,520002218,1,9,0,18,19,3,7,0,0,0,0,0,0,0,3,1,6,6,2,35,6,1477,8,4,VOLVO XC40,3,E01014445,0,1
2024010503332,2024,010503332,2,9,0,99,99,9,9,99,99,9,9,99,9,99,0,9,6,6,3,-1,-1,1477,1,4,VOLVO XC40,-1,-1,0,-1
2024411414133,2024,411414133,2,9,0,-1,4,1,5,-1,0,0,0,0,0,0,2,9,-1,9,1,51,8,1477,1,4,VOLVO XC40,9,E01002478,0,3
2024201488283,2024,201488283,1,9,0,-1,19,2,6,-1,0,1,0,0,0,0,1,1,-1,9,2,44,7,1477,1,3,VOLVO XC40,2,E01008958,0,1
2024552401322,2024,552401322,2,9,0,18,19,8,4,0,0,0,0,0,1,0,1,1,6,6,1,78,11,1969,8,2,VOLVO XC40,6,E01029217,0,3
2024430221043,2024,430221043,2,9,0,3,3,6,2,0,0,0,0,0,0,0,2,1,1,1,2,57,9,1477,8,4,VOLVO XC40,6,E01032677,0,5
2024010513687,2024,010513687,2,9,0,99,99,9,9,99,99,9,9,99,9,99,1,9,6,6,3,-1,-1,1969,8,0,VOLVO XC40,-1,-1,0,-1
2024201534492,2024,201534492,2,9,0,-1,3,3,7,-1,0,0,0,0,0,0,2,1,-1,9,2,61,9,1969,8,0,VOLVO XC40,3,E01009112,0,2
2024421470888,2024,421470888,1,9,0,-1,19,1,3,-1,0,0,0,0,0,0,0,1,-1,6,1,54,8,1969,8,1,VOLVO XC40,8,E01023880,0,4
2024311536292,2024,311536292,1,9,0,-1,3,1,5,-1,0,0,0,0,0,0,4,1,-1,1,1,62,9,1477,1,4,VOLVO XC40,-1,-1,0,-1
2024471400532,2024,471400532,1,9,0,-1,7,7,1,-1,0,2,0,0,0,0,3,1,-1,6,1,48,8,-1,3,2,VOLVO XC40,3,E01020973,0,1
2024991491331,2024,991491331,1,9,0,-1,2,3,6,-1,0,0,0,0,0,0,3,1,-1,6,2,62,9,1969,1,5,VOLVO XC40,10,-1,0,1
2024461535311,2024,461535311,1,9,0,-1,9,5,3,-1,0,6,0,0,0,0,3,1,-1,9,2,77,11,1969,8,3,VOLVO XC40,10,E01024326,0,2
2024440382743,2024,440382743,1,9,0,18,19,3,7,0,0,0,0,4,0,0,1,1,6,6,1,81,11,1969,8,1,VOLVO XC40,8,E01025786,0,5