collision_index,collision_year,collision_ref_no,vehicle_reference,vehicle_type,towing_and_articulation,vehicle_manoeuvre_historic,vehicle_manoeuvre,vehicle_direction_from,vehicle_direction_to,vehicle_location_restricted_lane_historic,vehicle_location_restricted_lane,junction_location,skidding_and_overturning,hit_object_in_carriageway,vehicle_leaving_carriageway,hit_object_off_carriageway,first_point_of_impact,vehicle_left_hand_drive,journey_purpose_of_driver_historic,journey_purpose_of_driver,sex_of_driver,age_of_driver,age_band_of_driver,engine_capacity_cc,propulsion_code,age_of_vehicle,generic_make_model,driver_imd_decile,lsoa_of_driver,escooter_flag,driver_distance_banding
2024332400231,2024,332400231,1,9,0,-1,19,5,1,-1,0,0,0,0,0,0,1,1,-1,9,2,36,7,1969,8,4,VOLVO XC40,10,E01025973,0,1
2024991410334,2024,991410334,3,9,0,-1,15,3,7,-1,0,1,1,0,8,1,1,1,-1,9,1,38,7,1477,1,3,VOLVO XC40,6,-1,0,5
2024501517026,2024,501517026,2,9,0,-1,5,7,3,-1,0,1,0,0,0,0,4,1,-1,9,2,37,7,1969,8,4,VOLVO XC40,4,E01019006,0,2
2024010525853,2024,010525853,2,9,0,99,99,9,9,99,99,9,9,99,9,99,9,9,6,6,3,-1,-1,1969,1,5,VOLVO XC40,-1,-1,0,-1
2024471403418,2024,471403418,2,9,0,-1,19,7,7,-1,0,0,0,0,1,0,2,1,-1,6,1,47,8,-1,3,2,VOLVO XC40,9,E01032837,0,1
2024122400925,2024,122400925,1,9,0,14,14,3,7,0,0,0,0,4,0,0,1,1,6,6,1,63,9,1969,8,1,VOLVO XC40,10,E01013114,0,4
2024311462999,2024,311462999,3,9,0,-1,3,3,7,-1,0,1,0,0,0,0,1,1,-1,6,2,66,10,1969,8,2,VOLVO XC40,5,E01013937,0,1
2024351489636,2024,351489636,2,9,0,-1,4,1,5,-1,0,0,0,0,0,0,2,1,-1,2,1,33,6,1969,8,1,VOLVO XC40,7,E01005715,0,5
2024061513536,2024,061513536,2,9,0,-1,19,7,3,-1,0,0,0,0,0,0,3,1,-1,6,1,51,8,1477,1,2,VOLVO XC40,1,E01005513,0,3
2024010533419,2024,010533419,2,9,0,4,4,7,3,0,0,2,0,0,0,0,2,1,6,6,1,52,8,1477,8,1,VOLVO XC40,3,E01035157,0,4
2024991485895,2024,991485895,1,9,0,-1,1,5,1,-1,0,0,0,0,0,0,4,1,-1,9,2,38,7,1477,8,2,VOLVO XC40,8,-1,0,1
2024991478918,2024,991478918,1,9,0,-1,19,5,1,-1,0,0,0,0,0,0,1,1,-1,9,1,67,10,1969,8,1,VOLVO XC40,7,-1,0,3
2024131413431,2024,131413431,2,9,0,-1,19,1,5,-1,0,1,0,0,0,0,4,1,-1,9,1,80,11,1477,1,2,VOLVO XC40,10,E01011947,0,1
202417L103524,2024,17L103524,1,9,0,-1,19,7,3,-1,0,1,0,0,0,0,1,1,-1,9,1,57,9,1969,8,0,VOLVO XC40,3,E01012119,0,1
2024461533265,2024,461533265,2,9,0,-1,19,5,1,-1,0,0,0,11,0,0,1,1,-1,9,2,37,7,1477,1,4,VOLVO XC40,8,E01024760,0,1
2024451520928,2024,451520928,1,9,0,-1,9,3,2,-1,0,6,0,0,0,0,1,1,-1,9,1,48,8,-1,3,0,VOLVO XC40,9,E01030809,0,1
2024340WN4332,2024,340WN4332,6,9,0,-1,19,3,7,-1,0,0,0,0,0,0,0,1,-1,9,1,71,10,1969,8,0,VOLVO XC40,9,E01027284,0,3
2024070898731,2024,070898731,2,9,0,-1,13,5,1,-1,0,0,0,0,0,0,4,1,-1,6,1,66,10,1969,8,1,VOLVO XC40,-1,-1,0,-1
2024471461075,2024,471461075,1,9,0,-1,4,5,1,-1,0,0,0,0,0,0,2,1,-1,9,1,33,6,1477,1,4,VOLVO XC40,10,E01016998,0,1
2024010530443,2024,010530443,2,9,0,99,99,9,9,99,99,9,9,99,9,99,1,9,6,6,3,-1,-1,1477,8,2,VOLVO XC40,4,E01032568,0,1
2024231466004,2024,231466004,1,9,0,-1,19,8,4,-1,0,8,0,0,0,0,1,9,-1,7,2,44,7,-1,3,0,VOLVO XC40,6,E01031108,0,1
2024311533432,2024,311533432,3,9,0,-1,19,1,5,-1,0,0,0,0,0,0,1,1,-1,6,1,72,10,1969,8,1,VOLVO XC40,-1,-1,0,-1
2024451529399,2024,451529399,2,9,0,-1,3,5,1,-1,0,1,0,0,0,0,2,1,-1,9,2,45,7,1477,1,2,VOLVO XC40,9,E01030595,0,1
2024991512968,2024,991512968,2,9,0,-1,19,4,1,-1,0,4,0,0,0,0,1,1,-1,9,1,59,9,1477,1,2,VOLVO XC40,-1,-1,0,-1
2024501452965,2024,501452965,1,9,0,-1,5,5,1,-1,0,0,0,0,0,0,0,1,-1,9,1,64,9,1969,2,5,VOLVO XC40,10,E01003805,0,5
2024131477821,2024,131477821,2,9,0,-1,2,5,1,-1,0,0,0,0,0,0,2,1,-1,9,1,44,7,1969,8,0,VOLVO XC40,1,E01006461,0,4
2024161522602,2024,161522602,1,9,0,-1,4,5,1,-1,0,0,0,0,0,0,2,1,-1,2,2,31,6,1969,1,5,VOLVO XC40,9,E01035477,0,1
2024010541557,2024,010541557,1,9,0,99,99,9,9,99,99,0,9,99,9,99,4,9,1,1,1,42,7,-1,3,1,VOLVO XC40,8,E01000671,0,3
2024371405294,2024,371405294,2,9,0,-1,9,2,8,-1,0,5,0,0,0,0,1,9,-1,1,2,33,6,-1,3,1,VOLVO XC40,4,E01026884,0,4
2024451447064,2024,451447064,1,9,0,-1,9,2,6,-1,0,6,0,0,0,0,4,1,-1,7,2,38,7,-1,3,1,VOLVO XC40,6,E01030649,0,1
2024010549987,2024,010549987,1,9,0,-1,-1,1,5,0,0,8,0,0,0,0,2,1,6,6,1,59,9,1477,8,1,VOLVO XC40,10,E01030338,0,3
2024421524549,2024,421524549,2,9,0,-1,4,-1,-1,-1,0,0,0,0,0,0,2,1,-1,6,1,77,11,1969,8,0,VOLVO XC40,3,E01021800,0,4
2024411470731,2024,411470731,2,9,0,-1,-1,-1,-1,-1,-1,0,-1,-1,-1,0,2,9,-1,2,2,40,7,-1,3,1,VOLVO XC40,6,E01034441,0,4
2024010511119,2024,010511119,1,9,0,18,19,1,5,0,0,1,0,0,1,11,1,1,6,6,3,-1,-1,1969,8,0,VOLVO XC40,-1,-1,0,-1
2024421418558,2024,421418558,3,9,0,-1,2,0,0,-1,9,0,0,0,0,0,2,1,-1,6,-1,-1,-1,1969,8,4,VOLVO XC40,-1,-1,0,-1
2024471461097,2024,471461097,2,9,0,-1,9,1,5,-1,0,0,0,0,0,0,4,1,-1,9,1,31,6,1969,1,4,VOLVO XC40,9,E01022610,0,3
2024141500798,2024,141500798,1,9,0,-1,19,2,6,-1,0,1,0,0,0,0,1,1,-1,9,2,42,7,1477,1,4,VOLVO XC40,1,E01011864,0,2
2024010564276,2024,010564276,1,9,0,18,19,3,7,0,0,2,0,0,0,0,3,1,6,6,2,34,6,1969,8,0,VOLVO XC40,6,E01004021,0,1
2024010527871,2024,010527871,1,9,0,15,15,7,3,0,0,1,0,0,0,0,2,1,6,6,1,34,6,1969,8,0,VOLVO XC40,-1,-1,0,-1
2024122400564,2024,122400564,2,9,0,18,19,6,2,0,0,1,1,0,0,0,1,1,1,1,2,45,7,1969,8,1,VOLVO XC40,7,E01027814,0,4
2024421435189,2024,421435189,2,9,0,-1,19,4,7,-1,0,0,0,0,0,0,1,1,-1,9,1,62,9,1969,8,1,VOLVO XC40,10,E01023423,0,4
2024522401656,2024,522401656,2,9,0,18,19,2,6,0,0,1,0,0,0,0,1,1,6,6,2,71,10,1477,1,4,VOLVO XC40,2,E01014661,0,1
2024461436296,2024,461436296,2,9,0,-1,19,1,5,-1,0,0,0,0,0,0,1,1,-1,9,2,50,8,-1,3,1,VOLVO XC40,7,E01024375,0,1
2024041480060,2024,041480060,2,9,0,-1,19,3,7,-1,0,0,0,0,0,0,2,1,-1,9,2,33,6,1969,1,5,VOLVO XC40,1,E01024885,0,1
2024131490737,2024,131490737,1,9,0,-1,4,1,2,-1,0,1,0,0,0,0,3,1,-1,6,1,59,9,1969,8,0,VOLVO XC40,4,E01011858,0,1
2024201529090,2024,201529090,1,9,0,-1,19,4,8,-1,0,0,0,0,0,0,1,1,-1,6,2,50,8,1969,8,0,VOLVO XC40,1,E01009333,0,1
2024010550571,2024,010550571,1,9,0,99,99,9,9,99,99,9,9,99,9,99,2,9,6,6,2,37,7,1969,8,4,VOLVO XC40,6,E01003945,0,1
2024501470700,2024,501470700,2,9,0,-1,19,7,3,-1,0,0,0,0,0,0,1,1,-1,7,2,44,7,1969,2,6,VOLVO XC40,6,E01020326,0,1
2024991535763,2024,991535763,1,9,0,-1,19,6,6,-1,0,0,0,0,0,0,0,1,-1,9,1,43,7,-1,3,1,VOLVO XC40,10,-1,0,3
2024131403551,2024,131403551,3,9,0,-1,2,0,0,-1,0,0,0,0,0,0,3,1,-1,6,-1,-1,-1,1969,8,2,VOLVO XC40,-1,-1,0,-1
2024451523772,2024,451523772,1,9,0,-1,19,3,7,-1,0,0,0,0,1,7,2,1,-1,6,2,34,6,-1,3,1,VOLVO XC40,10,E01030500,0,3
2024010533327,2024,010533327,1,9,0,5,5,3,7,0,0,2,0,0,1,2,1,1,6,6,1,61,9,1477,1,4,VOLVO XC40,-1,-1,0,-1
2024031467404,2024,031467404,1,9,0,-1,19,5,1,-1,0,0,0,0,0,0,3,1,-1,9,2,63,9,1477,1,3,VOLVO XC40,5,E01019094,0,4
2024471412612,2024,471412612,3,9,0,-1,2,0,0,-1,0,0,0,0,0,0,3,1,-1,6,-1,-1,-1,1969,8,2,VOLVO XC40,-1,-1,0,-1
2024440174478,2024,440174478,2,9,0,18,19,6,2,0,0,2,0,0,0,0,4,1,6,6,1,47,8,1969,1,4,VOLVO XC40,5,E01034734,0,1
2024161447665,2024,161447665,2,9,0,-1,19,3,7,-1,0,0,5,0,1,11,2,1,-1,2,2,50,8,1477,1,3,VOLVO XC40,10,E01012970,0,3
2024440280314,2024,440280314,2,9,0,18,19,5,1,0,0,1,0,0,0,0,1,1,6,6,2,55,8,1477,1,4,VOLVO XC40,-1,-1,0,-1
2024010512069,2024,010512069,2,9,0,18,19,3,7,0,0,1,0,0,0,0,4,1,6,6,1,57,9,1969,2,6,VOLVO XC40,7,E01002009,0,1
2024070543694,2024,070543694,3,9,0,18,19,2,6,0,0,0,0,0,0,0,1,1,2,2,2,35,6,1969,8,1,VOLVO XC40,6,E01018654,0,2
2024501465209,2024,501465209,1,9,0,-1,1,2,4,-1,0,6,0,0,0,0,2,1,-1,2,2,45,7,1477,8,1,VOLVO XC40,7,E01018827,0,1
2024010531650,2024,010531650,2,9,0,3,3,1,5,0,0,0,0,0,0,0,1,1,6,6,1,64,9,-1,3,1,VOLVO XC40,6,E01003951,0,1
2024320273353,2024,320273353,2,9,0,10,10,8,6,0,0,1,0,0,0,0,2,1,-1,-1,2,39,7,1969,2,4,VOLVO XC40,10,E01026302,0,2
2024411422718,2024,411422718,1,9,0,-1,9,5,7,-1,0,5,0,0,0,0,3,1,-1,9,1,30,6,1969,2,4,VOLVO XC40,8,E01033026,0,3
2024010499630,2024,010499630,1,9,0,5,5,5,1,0,0,1,0,0,0,0,4,1,3,7,2,61,9,1969,1,4,VOLVO XC40,3,E01000889,0,1
2024451413365,2024,451413365,1,9,0,-1,13,5,1,-1,0,0,0,0,0,0,1,1,-1,2,1,71,10,1477,1,4,VOLVO XC40,9,E01030331,0,1
2024361401642,2024,361401642,2,9,0,-1,8,3,3,-1,0,1,0,0,0,0,1,1,-1,9,1,63,9,1969,2,4,VOLVO XC40,9,-1,0,5
2024010531532,2024,010531532,2,9,0,9,9,1,8,0,0,1,0,0,0,0,1,1,6,6,2,20,4,1969,8,0,VOLVO XC40,-1,-1,0,-1
2024552400861,2024,552400861,2,9,0,18,19,8,4,0,0,8,0,0,0,0,1,1,6,6,1,72,10,1477,1,5,VOLVO XC40,5,E01031991,0,1
2024221449280,2024,221449280,2,9,0,-1,3,1,5,-1,0,1,0,0,0,0,2,9,-1,6,2,32,6,1477,8,3,VOLVO XC40,8,E01032585,0,5
2024421409109,2024,421409109,2,9,0,-1,19,5,1,-1,0,0,0,0,0,0,0,1,-1,9,1,52,8,1969,8,4,VOLVO XC40,5,E01023304,0,2
2024471483467,2024,471483467,2,9,0,-1,4,6,2,-1,0,0,0,0,0,0,2,1,-1,9,1,58,9,1969,8,3,VOLVO XC40,8,E01021107,0,2
2024531450087,2024,531450087,2,9,0,-1,19,1,5,-1,0,2,0,11,0,0,1,1,-1,9,1,66,10,-1,3,0,VOLVO XC40,3,E01022403,0,1
2024332400998,2024,332400998,2,9,0,-1,19,8,4,-1,0,8,1,0,1,9,3,1,-1,9,2,60,9,1969,8,0,VOLVO XC40,7,E01027262,0,4
2024340WN0842,2024,340WN0842,2,9,0,-1,19,4,8,-1,0,1,0,0,0,0,1,1,-1,6,1,31,6,1477,8,3,VOLVO XC40,8,E01027285,0,2
2024101495067,2024,101495067,1,9,0,-1,19,1,5,-1,0,0,0,0,0,0,1,1,-1,6,1,24,5,1477,8,3,VOLVO XC40,1,E01014330,0,5
2024010545721,2024,010545721,1,9,0,18,19,5,1,2,2,0,0,0,0,0,1,1,3,7,1,42,7,-1,3,1,VOLVO XC40,4,E01003405,0,4
2024461461526,2024,461461526,1,9,0,-1,9,3,5,-1,0,0,0,0,7,0,3,1,-1,9,1,81,11,1477,1,4,VOLVO XC40,6,E01024540,0,3
2024501506089,2024,501506089,2,9,0,-1,19,5,2,-1,0,8,0,0,0,0,3,1,-1,9,2,68,10,1477,1,6,VOLVO XC40,6,E01018853,0,1
2024311427253,2024,311427253,1,9,0,-1,7,1,7,-1,0,0,0,0,0,0,2,1,-1,9,2,61,9,1969,8,0,VOLVO XC40,7,E01033818,0,5
2024461517652,2024,461517652,2,9,0,-1,19,7,3,-1,0,1,0,0,0,0,2,9,-1,6,2,30,6,1477,1,4,VOLVO XC40,8,E01016121,0,1
2024421460804,2024,421460804,1,9,0,-1,19,7,2,-1,0,2,0,0,0,0,4,1,-1,6,2,-1,-1,1969,2,6,VOLVO XC40,-1,-1,0,-1
2024991464417,2024,991464417,3,9,0,-1,10,7,5,-1,0,1,0,0,0,0,2,1,-1,9,2,32,6,1969,8,0,VOLVO XC40,-1,-1,0,-1
2024010546169,2024,010546169,1,9,0,99,99,9,9,99,99,9,9,99,9,99,9,9,6,6,2,-1,-1,1969,1,6,VOLVO XC40,5,E01003640,0,3
202454D500124,2024,54D500124,2,9,0,11,11,2,6,0,0,0,0,0,0,0,1,1,1,1,1,22,5,1477,8,2,VOLVO XC40,10,E01015499,0,1
2024411471564,2024,411471564,1,9,0,-1,5,8,1,-1,0,1,0,0,0,0,1,1,-1,6,2,62,9,1477,1,4,VOLVO XC40,3,E01000510,0,3
2024320551700,2024,320551700,1,9,0,9,9,6,4,0,0,6,0,0,0,0,3,1,6,6,2,72,10,1477,8,3,VOLVO XC40,6,E01034687,0,1
2024010530401,2024,010530401,2,9,0,3,3,5,1,0,0,2,0,0,0,0,3,1,6,6,1,30,6,1477,1,3,VOLVO XC40,3,E01003160,0,1
2024010514985,2024,010514985,1,9,0,99,99,9,9,99,99,9,9,99,9,99,1,9,6,6,2,49,8,1969,8,3,VOLVO XC40,6,E01001033,0,1
2024010509170,2024,010509170,2,9,9,9,9,9,9,99,99,9,9,99,9,99,9,9,6,6,3,-1,-1,1969,1,6,VOLVO XC40,9,E01000202,0,1
2024010522617,2024,010522617,1,9,0,18,19,1,5,0,0,1,0,0,0,0,1,1,6,6,1,52,8,1969,8,1,VOLVO XC40,8,E01004627,0,3
2024131531317,2024,131531317,2,9,0,-1,2,0,0,-1,0,0,0,0,0,0,4,1,-1,6,-1,-1,-1,-1,3,0,VOLVO XC40,-1,-1,0,-1
2024451456204,2024,451456204,2,9,0,-1,19,3,7,-1,0,1,0,0,0,0,1,2,-1,9,1,34,6,1969,8,1,VOLVO XC40,9,E01030306,0,1
2024991434569,2024,991434569,3,9,0,-1,2,7,3,-1,0,0,0,0,0,0,2,1,-1,6,2,39,7,1477,1,3,VOLVO XC40,4,-1,0,1
2024122400562,2024,122400562,1,9,0,18,19,3,7,0,0,0,0,0,0,0,1,1,6,6,1,79,11,1969,8,0,VOLVO XC40,8,E01019353,0,4
2024201419083,2024,201419083,2,9,0,-1,9,8,6,-1,0,5,0,0,0,0,1,1,-1,9,1,29,6,1969,8,0,VOLVO XC40,-1,-1,0,-1
2024991412160,2024,991412160,1,9,0,-1,9,5,2,-1,0,2,0,0,0,0,1,1,-1,2,1,54,8,1477,1,3,VOLVO XC40,8,-1,0,1
2024471498378,2024,471498378,1,9,0,-1,19,3,7,-1,0,0,0,0,0,0,3,1,-1,6,1,52,8,-1,3,2,VOLVO XC40,3,E01031787,0,3
2024522402014,2024,522402014,2,9,0,2,2,0,0,0,0,0,0,0,0,0,4,1,6,6,3,-1,-1,1477,1,3,VOLVO XC40,-1,-1,0,-1
2024131529792,2024,131529792,3,9,0,-1,4,7,3,-1,0,0,0,0,0,0,2,1,-1,2,1,57,9,1969,2,4,VOLVO XC40,9,E01027904,0,4
2024201458672,2024,201458672,1,9,0,-1,19,2,6,-1,0,2,0,0,0,0,4,9,-1,6,1,80,11,1969,8,3,VOLVO XC40,9,E01009430,0,1
2024991438739,2024,991438739,2,9,0,-1,19,3,7,-1,0,0,0,0,0,0,2,1,-1,2,2,41,7,-1,3,2,VOLVO XC40,10,-1,0,4
2024471513176,2024,471513176,2,9,0,-1,19,3,7,-1,0,0,0,0,0,0,1,1,-1,9,1,80,11,1477,1,3,VOLVO XC40,5,E01030862,0,4
2024541897424,2024,541897424,3,9,0,3,3,7,3,0,0,0,0,0,0,0,2,1,6,6,2,39,7,-1,3,1,VOLVO XC40,3,E01032730,0,4
2024421438689,2024,421438689,1,9,0,-1,19,7,3,-1,0,1,0,0,0,0,1,1,-1,6,2,30,6,1477,1,3,VOLVO XC40,6,E01021525,0,1
2024010544598,2024,010544598,1,9,0,3,3,3,7,0,0,1,0,0,0,0,1,1,6,6,2,29,6,1969,8,0,VOLVO XC40,8,E01000347,0,3
2024320571663,2024,320571663,1,9,0,-1,-1,2,6,0,0,8,0,0,0,0,4,1,-1,-1,1,62,9,-1,3,3,VOLVO XC40,7,E01026330,0,1
2024451525546,2024,451525546,2,9,0,-1,4,5,1,-1,0,1,0,0,0,0,1,1,-1,9,2,55,8,1969,1,5,VOLVO XC40,10,E01030839,0,1
202454C624524,2024,54C624524,2,9,0,18,19,8,4,0,0,0,0,0,0,0,1,1,1,1,1,71,10,1477,1,4,VOLVO XC40,5,E01032090,0,1
2024111511485,2024,111511485,1,9,0,-1,19,3,7,-1,9,1,0,0,1,10,1,2,-1,6,1,36,7,1969,8,0,VOLVO XC40,2,E01012017,0,4
2024991521393,2024,991521393,2,9,0,-1,19,3,8,-1,0,0,1,0,0,0,4,1,-1,9,1,41,7,-1,3,0,VOLVO XC40,4,-1,0,1
2024451461052,2024,451461052,1,9,0,-1,19,4,8,-1,9,0,0,0,0,0,4,1,-1,6,2,60,9,1969,1,5,VOLVO XC40,-1,-1,0,-1
2024201461528,2024,201461528,1,9,0,-1,7,1,7,-1,0,1,0,0,0,0,3,9,-1,9,2,70,10,1477,1,3,VOLVO XC40,7,E01010505,0,1
2024461455563,2024,461455563,1,9,0,-1,19,7,3,-1,0,0,0,0,0,0,3,9,-1,6,2,35,6,-1,3,1,VOLVO XC40,6,E01031770,0,4
2024991484987,2024,991484987,2,9,0,-1,19,2,6,-1,0,0,0,0,0,0,1,1,-1,1,1,46,8,1969,8,0,VOLVO XC40,-1,-1,0,-1
2024411556405,2024,411556405,1,9,0,-1,13,6,2,-1,0,0,0,0,1,4,1,1,-1,2,2,27,6,1969,8,2,VOLVO XC40,5,E01000290,0,1
2024041578748,2024,041578748,1,9,0,-1,5,1,5,-1,0,8,0,0,0,0,1,1,-1,9,2,62,9,1969,8,3,VOLVO XC40,4,E01024975,0,2
2024531450375,2024,531450375,1,9,0,-1,5,1,5,-1,0,4,0,0,0,0,1,1,-1,6,2,27,6,1477,1,2,VOLVO XC40,8,E01022313,0,2
2024351539772,2024,351539772,1,9,-1,-1,9,5,3,-1,0,8,0,0,0,0,-1,9,-1,6,3,-1,-1,1969,8,0,VOLVO XC40,-1,-1,0,-1
2024351432690,2024,351432690,1,9,0,-1,14,1,5,-1,0,0,0,4,0,0,1,1,-1,9,2,84,11,1477,1,5,VOLVO XC40,10,E01018295,0,1
2024991497940,2024,991497940,2,9,0,-1,19,5,1,-1,0,1,0,0,0,0,1,1,-1,9,1,32,6,1969,8,0,VOLVO XC40,3,-1,0,3
2024991524078,2024,991524078,2,9,0,-1,19,1,5,-1,0,1,0,0,0,0,1,1,-1,1,1,63,9,1477,8,3,VOLVO XC40,6,-1,0,5
2024101526678,2024,101526678,2,9,0,-1,19,1,5,-1,0,8,0,0,0,0,4,9,-1,6,2,37,7,1969,8,0,VOLVO XC40,3,E01034513,0,1
2024010517769,2024,010517769,1,9,0,5,5,5,1,0,0,6,0,0,0,0,1,1,6,6,3,-1,-1,1969,8,1,VOLVO XC40,-1,-1,0,-1
2024991487403,2024,991487403,1,9,0,-1,12,6,2,-1,0,1,0,0,0,0,3,1,-1,9,1,65,9,1969,8,0,VOLVO XC40,-1,-1,0,-1
2024411421005,2024,411421005,1,9,0,-1,19,3,8,-1,0,0,0,0,0,0,3,1,-1,6,1,68,10,1477,1,3,VOLVO XC40,10,E01023453,0,3
2024131499230,2024,131499230,2,9,0,-1,2,0,0,-1,0,8,0,0,0,0,4,1,-1,6,3,-1,-1,1477,8,3,VOLVO XC40,-1,-1,0,-1
2024101533933,2024,101533933,1,9,-1,-1,5,-1,-1,-1,0,4,0,0,0,0,-1,9,-1,6,1,-1,-1,1969,8,0,VOLVO XC40,-1,-1,0,-1
2024010506364,2024,010506364,1,9,0,7,7,3,6,0,0,1,0,0,0,0,4,1,6,6,1,45,7,1969,8,1,VOLVO XC40,3,E01003315,0,1
2024010537665,2024,010537665,1,9,0,99,99,9,9,99,99,9,0,99,9,99,9,9,6,6,1,-1,-1,1477,1,3,VOLVO XC40,6,E01004715,0,3
2024461463136,2024,461463136,2,9,0,-1,19,2,6,-1,0,1,0,0,0,0,1,1,-1,6,1,56,9,1477,1,3,VOLVO XC40,9,E01024791,0,1
2024471428882,2024,471428882,1,9,0,-1,19,6,2,-1,0,3,1,0,0,0,4,1,-1,9,2,39,7,1969,8,3,VOLVO XC40,10,E01031691,0,3
2024101496729,2024,101496729,1,9,0,-1,19,3,7,-1,0,0,1,0,1,0,1,1,-1,6,1,62,9,1477,1,4,VOLVO XC40,6,E01020657,0,3
2024547955524,2024,547955524,2,9,0,18,19,1,5,0,0,8,0,0,0,0,2,1,6,6,2,60,9,1969,8,0,VOLVO XC40,-1,-1,0,-1
2024010530422,2024,010530422,2,9,0,99,99,9,9,99,99,9,9,99,9,99,3,9,6,6,3,49,8,1969,8,4,VOLVO XC40,2,E01003330,0,1
2024211530696,2024,211530696,1,9,0,-1,19,6,2,-1,0,0,0,0,0,0,3,1,-1,6,2,32,6,1969,1,6,VOLVO XC40,-1,-1,0,-1
2024010525390,2024,010525390,3,9,0,18,19,1,5,0,0,0,0,0,0,0,2,1,6,6,1,40,7,1969,8,3,VOLVO XC40,8,E01001526,0,2
2024451400706,2024,451400706,2,9,0,-1,19,1,5,-1,0,0,0,0,1,0,1,1,-1,9,1,37,7,1969,2,6,VOLVO XC40,5,E01030658,0,3
2024361515191,2024,361515191,2,9,0,-1,19,8,4,-1,0,8,0,0,0,0,1,1,-1,6,2,56,9,1477,1,2,VOLVO XC40,6,E01026462,0,1
2024451463149,2024,451463149,2,9,0,-1,19,4,8,-1,0,0,0,0,0,0,1,1,-1,9,2,45,7,-1,3,3,VOLVO XC40,4,E01030827,0,1
2024061471354,2024,061471354,4,9,0,-1,3,5,8,-1,0,1,0,0,0,0,1,1,-1,9,1,51,8,-1,3,3,VOLVO XC40,8,E01005017,0,3
2024440472190,2024,440472190,1,9,0,11,11,3,7,0,0,8,0,0,0,0,2,1,6,6,2,47,8,1969,8,0,VOLVO XC40,4,E01017260,0,1
2024471429183,2024,471429183,1,9,0,-1,19,3,7,-1,0,3,0,0,0,0,1,1,-1,2,2,52,8,1477,1,4,VOLVO XC40,7,E01020970,0,4
2024531483065,2024,531483065,2,9,0,-1,19,7,3,-1,0,1,1,0,1,0,1,1,-1,9,2,46,8,1477,8,2,VOLVO XC40,8,E01035255,0,3
2024451479819,2024,451479819,2,9,0,-1,19,7,3,-1,0,8,0,0,0,0,1,1,-1,9,1,47,8,-1,3,1,VOLVO XC40,10,E01030807,0,1
202454D130324,2024,54D130324,1,9,0,4,4,3,7,0,0,0,0,0,0,0,1,1,6,6,1,40,7,1969,1,4,VOLVO XC40,10,E01031997,0,1
2024010518900,2024,010518900,2,9,0,10,10,1,7,0,0,2,0,0,0,0,1,1,6,6,2,48,8,1477,8,2,VOLVO XC40,3,E01002697,0,1
2024302401443,2024,302401443,1,9,0,18,19,6,2,0,0,0,0,0,0,0,4,1,6,6,1,78,11,1477,8,3,VOLVO XC40,4,E01019455,0,3
2024131524875,2024,131524875,2,9,0,-1,9,1,5,-1,0,6,0,0,1,0,3,1,-1,6,2,40,7,1477,1,4,VOLVO XC40,-1,-1,0,-1
2024052401121,2024,052401121,2,9,0,9,9,1,7,0,0,1,0,0,0,0,3,1,6,6,2,38,7,-1,3,3,VOLVO XC40,3,E01006960,0,1
2024010547071,2024,010547071,2,9,0,18,19,8,4,0,0,4,0,0,0,0,1,1,6,6,2,74,10,1969,8,1,VOLVO XC40,8,E01000837,0,1
2024401437081,2024,401437081,1,9,0,-1,19,4,8,-1,0,0,0,0,0,0,1,1,-1,6,1,48,8,-1,3,2,VOLVO XC40,10,E01017563,0,3
2024131404491,2024,131404491,1,9,0,-1,19,3,7,-1,0,0,0,0,0,0,1,1,-1,1,1,54,8,1477,8,3,VOLVO XC40,4,E01025605,0,4
2024311492611,2024,311492611,1,9,0,-1,9,3,1,-1,0,8,0,0,0,0,1,1,-1,6,1,59,9,-1,3,1,VOLVO XC40,-1,-1,0,-1
2024311422645,2024,311422645,1,9,0,-1,9,8,5,-1,0,3,0,0,0,0,3,1,-1,6,1,77,11,1969,8,3,VOLVO XC40,10,E01028359,0,3
2024010535592,2024,010535592,3,9,0,2,2,0,0,0,0,0,0,0,0,0,2,1,6,6,3,-1,-1,1969,1,5,VOLVO XC40,-1,-1,0,-1
2024010499597,2024,010499597,1,9,0,99,99,9,9,99,99,9,9,99,9,99,9,9,2,2,1,33,6,1477,1,4,VOLVO XC40,3,E01001112,0,2
2024101492995,2024,101492995,2,9,0,-1,19,4,8,-1,0,3,0,0,0,0,3,1,-1,6,2,48,8,1477,1,2,VOLVO XC40,9,E01008248,0,2
2024421440101,2024,421440101,1,9,0,-1,4,1,5,-1,4,0,0,0,0,0,2,1,-1,6,2,60,9,1969,8,1,VOLVO XC40,5,E01021769,0,3
2024461469555,2024,461469555,2,9,0,-1,19,8,4,-1,0,0,0,0,0,0,3,9,-1,6,2,29,6,1477,8,2,VOLVO XC40,7,E01032814,0,1
2024451520151,2024,451520151,2,9,0,-1,19,5,1,-1,0,0,0,0,0,0,3,1,-1,9,2,53,8,1969,8,3,VOLVO XC40,10,E01030894,0,1
2024332400150,2024,332400150,2,9,0,-1,19,8,4,-1,0,2,0,0,0,0,2,1,-1,6,1,39,7,1477,1,4,VOLVO XC40,10,E01025648,0,1
2024320330503,2024,320330503,2,9,0,13,13,1,5,0,0,1,0,0,0,0,4,1,1,1,1,45,7,1477,8,4,VOLVO XC40,4,E01026034,0,3
2024320236915,2024,320236915,2,9,0,-1,-1,7,3,0,0,2,0,0,0,0,1,1,1,1,2,39,7,1969,2,6,VOLVO XC40,9,E01026289,0,1