collision_index,collision_year,collision_ref_no,vehicle_reference,vehicle_type,towing_and_articulation,vehicle_manoeuvre_historic,vehicle_manoeuvre,vehicle_direction_from,vehicle_direction_to,vehicle_location_restricted_lane_historic,vehicle_location_restricted_lane,junction_location,skidding_and_overturning,hit_object_in_carriageway,vehicle_leaving_carriageway,hit_object_off_carriageway,first_point_of_impact,vehicle_left_hand_drive,journey_purpose_of_driver_historic,journey_purpose_of_driver,sex_of_driver,age_of_driver,age_band_of_driver,engine_capacity_cc,propulsion_code,age_of_vehicle,generic_make_model,driver_imd_decile,lsoa_of_driver,escooter_flag,driver_distance_banding
2024531499393,2024,531499393,2,9,0,-1,4,7,3,-1,0,1,0,0,0,0,4,9,-1,6,2,49,8,1969,8,4,VOLVO XC40,6,E01034796,0,3
2024461518919,2024,461518919,1,9,0,-1,19,4,7,-1,0,0,1,0,0,0,1,1,-1,9,1,19,4,1969,8,0,VOLVO XC40,6,E01024719,0,2
2024332400585,2024,332400585,1,9,0,-1,19,6,2,-1,0,0,0,0,0,0,1,1,-1,2,1,46,8,1477,8,3,VOLVO XC40,6,E01010636,0,5
2024010524862,2024,010524862,2,9,9,99,99,9,9,99,99,9,9,99,9,99,9,9,6,6,3,-1,-1,1477,1,3,VOLVO XC40,-1,-1,0,-1
2024221464871,2024,221464871,1,9,0,-1,10,4,2,-1,0,8,0,0,0,0,2,9,-1,6,2,63,9,1477,8,1,VOLVO XC40,4,E01032370,0,2
2024010515686,2024,010515686,1,9,0,18,19,1,5,0,0,1,0,0,0,0,1,1,1,1,2,61,9,1969,1,5,VOLVO XC40,4,E01002738,0,1
2024010511323,2024,010511323,2,9,0,3,3,1,5,0,0,8,0,0,1,0,2,1,6,6,1,26,6,1969,8,3,VOLVO XC40,-1,-1,0,-1
2024010512376,2024,010512376,1,9,0,15,15,5,1,0,0,1,0,0,0,0,1,1,6,6,1,29,6,1969,2,5,VOLVO XC40,3,E01001930,0,3
2024122400498,2024,122400498,1,9,0,9,9,7,3,0,0,6,0,0,0,0,3,1,6,6,2,63,9,1477,1,4,VOLVO XC40,10,E01027697,0,2
2024010517493,2024,010517493,3,9,0,2,2,0,0,0,0,0,0,0,0,0,1,1,6,6,3,-1,-1,1969,8,0,VOLVO XC40,-1,-1,0,-1
2024141408701,2024,141408701,2,9,0,-1,19,6,2,-1,0,0,1,0,0,0,4,1,-1,9,1,65,9,1969,1,5,VOLVO XC40,9,E01011199,0,4
2024010501874,2024,010501874,1,9,0,7,7,1,4,0,0,6,0,0,1,0,4,1,6,6,1,39,7,1477,8,2,VOLVO XC40,2,E01003063,0,2
2024552401186,2024,552401186,1,9,0,18,19,5,1,0,0,6,0,0,0,0,1,1,6,6,1,90,11,1477,1,3,VOLVO XC40,6,E01020531,0,2
2024010514246,2024,010514246,1,5,0,17,19,3,1,0,0,2,0,0,0,0,4,1,2,2,1,34,6,798,1,11,-1,8,E01035603,0,3
2024010511081,2024,010511081,2,5,0,18,19,3,7,0,0,8,0,0,0,0,4,1,1,1,1,44,7,798,1,7,-1,4,E01000915,0,1
2024010517524,2024,010517524,1,5,0,15,15,2,6,0,0,1,0,0,3,0,3,1,6,6,1,27,6,800,1,12,-1,2,E01017500,0,4
2024101399695,2024,101399695,2,5,0,-1,7,5,1,-1,0,3,0,10,1,0,2,1,-1,2,1,42,7,800,1,11,-1,1,E01027518,0,2
2024010502055,2024,010502055,1,5,0,17,19,5,1,0,0,0,0,0,0,0,1,1,1,1,1,33,6,798,1,7,-1,4,E01000915,0,1
2024302400576,2024,302400576,1,5,0,16,19,5,8,0,0,0,0,0,0,0,1,1,6,6,1,34,6,1203,1,18,-1,4,E01027991,0,2
2024461463553,2024,461463553,1,5,0,-1,19,3,7,-1,0,0,2,0,0,0,1,1,-1,2,1,41,7,693,1,1,-1,5,E01016065,0,3
2024440455380,2024,440455380,2,19,0,13,13,8,4,0,0,0,0,0,0,0,2,1,6,6,1,-1,-1,1499,2,1,CITROEN DISPATCH,-1,-1,0,-1
2024070548502,2024,070548502,3,19,0,18,19,1,5,0,0,0,0,0,0,0,1,1,1,1,1,46,8,2000,2,3,CITROEN DISPATCH,10,E01018694,0,1
2024302401088,2024,302401088,1,19,0,18,19,2,6,0,0,0,0,0,0,0,1,1,1,1,1,39,7,1499,2,1,CITROEN DISPATCH,2,E01019549,0,3
2024070260240,2024,070260240,1,19,0,17,19,8,4,0,0,0,0,0,2,1,4,1,6,6,1,20,4,1500,2,5,CITROEN DISPATCH,6,E01018421,0,2
2024520402071,2024,520402071,2,19,0,7,7,7,2,0,0,5,0,0,0,0,1,1,6,6,1,30,6,1499,2,1,CITROEN DISPATCH,4,E01029286,0,1
2024010510238,2024,010510238,1,19,0,99,99,9,9,99,99,9,9,99,9,99,2,9,2,2,1,58,9,1560,2,8,CITROEN DISPATCH,10,E01021919,0,4
2024541251524,2024,541251524,1,19,0,18,19,5,1,0,0,0,0,0,0,0,1,1,6,6,1,69,10,1560,2,6,CITROEN DISPATCH,3,E01031956,0,4
2024061474621,2024,061474621,1,19,0,-1,2,-1,-1,-1,0,0,0,0,0,0,3,1,-1,2,1,56,9,1997,2,1,CITROEN DISPATCH,3,E01005360,0,2
2024471447151,2024,471447151,1,19,0,-1,19,7,3,-1,0,2,0,0,0,0,1,1,-1,1,1,58,9,1500,2,4,CITROEN DISPATCH,6,E01031817,0,2
2024332400322,2024,332400322,3,19,0,-1,10,6,4,-1,0,8,0,0,0,0,1,1,-1,2,1,24,5,1997,2,2,CITROEN DISPATCH,10,E01025632,0,1
2024522500147,2024,522500147,2,19,0,1,1,1,5,0,0,0,0,0,0,0,2,1,1,1,3,-1,-1,1997,2,1,CITROEN DISPATCH,-1,-1,0,-1
2024161417540,2024,161417540,2,19,0,-1,19,5,8,-1,0,8,0,0,0,0,1,1,-1,9,1,56,9,1500,2,3,CITROEN DISPATCH,5,E01012773,0,3
2024041513208,2024,041513208,1,19,0,-1,9,5,1,-1,0,6,0,0,0,0,1,1,-1,9,1,22,5,1500,2,4,CITROEN DISPATCH,1,-1,0,5
2024231478752,2024,231478752,3,19,0,-1,4,4,8,-1,0,0,0,0,0,0,2,1,-1,1,1,32,6,1500,2,3,CITROEN DISPATCH,7,E01009652,0,2
2024351503467,2024,351503467,1,19,0,-1,19,1,5,-1,0,0,0,0,0,0,1,1,-1,1,1,56,9,1500,2,2,CITROEN DISPATCH,7,E01026251,0,4
2024010549705,2024,010549705,1,19,0,9,9,2,1,9,9,7,0,0,0,0,4,1,1,1,1,36,7,1500,2,4,CITROEN DISPATCH,10,E01031966,0,5
2024211506004,2024,211506004,1,8,0,-1,9,1,4,-1,0,3,0,0,0,0,3,1,-1,1,1,51,8,1997,2,11,CITROEN DISPATCH,1,E01014273,0,1
2024522500171,2024,522500171,2,19,0,9,9,6,5,0,0,5,0,0,0,0,1,1,6,6,1,41,7,1560,2,8,CITROEN DISPATCH,4,E01014622,0,1
2024991521896,2024,991521896,1,19,0,-1,2,0,0,-1,0,1,0,8,0,0,3,1,-1,1,2,47,8,1997,2,5,CITROEN DISPATCH,-1,-1,0,-1
2024471406358,2024,471406358,1,20,0,-1,1,6,2,-1,0,6,0,0,0,0,2,9,-1,6,1,40,7,-1,-1,-1,CITROEN DISPATCH,9,E01031722,0,4
2024010534521,2024,010534521,1,19,0,18,19,2,6,0,0,1,0,0,1,10,1,1,1,1,1,34,6,1499,2,2,CITROEN DISPATCH,3,E01003068,0,1
2024010540307,2024,010540307,1,19,0,6,6,9,9,99,99,9,9,99,9,99,1,9,6,6,1,32,6,1997,2,0,CITROEN DISPATCH,5,E01021449,0,4
2024010526694,2024,010526694,1,19,0,18,19,7,3,0,0,0,0,0,0,0,1,1,1,1,1,31,6,-1,3,2,CITROEN DISPATCH,10,E01023457,0,4
2024010546227,2024,010546227,2,19,0,99,99,9,9,99,99,9,9,99,9,99,1,9,6,6,3,-1,-1,1560,2,6,CITROEN DISPATCH,7,E01030851,0,3
2024010548651,2024,010548651,2,19,0,10,10,2,8,0,0,5,0,0,0,0,3,1,1,1,1,50,8,1997,2,0,CITROEN DISPATCH,6,E01023556,0,3
2024201431271,2024,201431271,2,8,0,-1,3,4,8,-1,0,0,0,0,0,0,0,1,-1,1,1,63,9,1997,2,8,CITROEN DISPATCH,2,E01009022,0,3
2024201493439,2024,201493439,2,19,0,-1,2,0,0,-1,0,0,0,0,0,0,1,1,-1,6,1,31,6,1997,2,5,CITROEN DISPATCH,5,E01008974,0,1
2024101528133,2024,101528133,2,21,0,-1,5,5,1,-1,0,0,0,0,0,0,1,1,-1,1,1,33,6,-1,-1,-1,CITROEN DISPATCH,-1,-1,0,-1
2024052402839,2024,052402839,1,19,0,18,19,1,5,0,0,1,0,0,0,0,3,1,6,6,1,58,9,1560,2,11,CITROEN DISPATCH,6,E01007033,0,1
2024041433853,2024,041433853,2,19,0,-1,19,7,3,-1,0,8,0,0,0,0,1,1,-1,1,1,36,7,1500,2,3,CITROEN DISPATCH,4,E01025276,0,1
2024010515931,2024,010515931,2,19,0,18,19,7,3,0,0,1,0,0,0,0,4,1,1,1,1,26,6,1997,2,7,CITROEN DISPATCH,4,E01002596,0,3
2024411553344,2024,411553344,1,19,0,-1,19,7,3,-1,0,0,0,0,0,0,1,2,-1,6,1,22,5,1560,2,7,CITROEN DISPATCH,-1,-1,0,-1
2024221440934,2024,221440934,1,19,0,-1,19,4,8,-1,0,6,0,0,1,1,1,1,-1,2,1,49,8,1997,2,15,CITROEN DISPATCH,5,E01032397,0,1
2024010535441,2024,010535441,1,19,0,18,19,4,8,0,0,2,0,0,0,0,1,1,2,2,1,61,9,1560,2,6,CITROEN DISPATCH,8,E01004144,0,1
2024622400827,2024,622400827,3,19,0,18,19,8,4,0,0,0,0,0,0,0,2,1,1,1,1,44,7,1560,2,7,CITROEN DISPATCH,10,W01001846,0,2
2024010541709,2024,010541709,2,19,0,-1,-1,3,7,0,0,1,0,0,0,0,3,1,1,1,1,36,7,1499,2,1,CITROEN DISPATCH,2,E01003184,0,2
2024221493713,2024,221493713,1,19,0,-1,19,1,4,-1,0,0,5,0,3,0,1,1,-1,6,1,38,7,1868,2,18,CITROEN DISPATCH,-1,-1,0,-1
2024010533894,2024,010533894,2,19,0,18,19,5,1,0,0,0,0,0,0,0,3,1,6,6,1,37,7,1500,2,5,CITROEN DISPATCH,2,E01001193,0,1
2024520403367,2024,520403367,2,19,0,18,19,7,3,0,0,8,0,0,0,0,1,1,6,6,1,33,6,1499,2,2,CITROEN DISPATCH,5,E01029163,0,1
2024052401562,2024,052401562,1,19,0,1,1,1,7,0,0,0,0,0,0,0,3,1,1,1,1,43,7,1560,2,16,CITROEN DISPATCH,2,E01012535,0,2
2024440016460,2024,440016460,1,19,0,18,19,5,1,0,0,0,5,0,1,0,0,1,2,2,1,49,8,1499,2,1,CITROEN DISPATCH,6,E01027946,0,5
2024440099780,2024,440099780,1,19,0,4,4,3,7,0,0,0,0,0,0,0,1,1,6,6,1,47,8,1560,2,10,CITROEN DISPATCH,6,E01023135,0,1
2024501455778,2024,501455778,2,19,0,-1,9,3,1,-1,0,5,0,0,0,0,1,1,-1,6,2,64,9,1560,2,12,CITROEN DISPATCH,6,E01019903,0,1
2024451427844,2024,451427844,2,19,0,-1,19,7,3,-1,0,0,0,0,0,0,1,1,-1,2,1,51,8,1997,2,2,CITROEN DISPATCH,9,E01030477,0,1
2024010520800,2024,010520800,1,19,0,18,19,3,7,0,0,1,0,0,0,0,0,1,6,6,1,47,8,1997,2,5,CITROEN DISPATCH,10,E01032624,0,3
2024430323096,2024,430323096,1,19,0,18,19,7,3,0,0,2,0,0,0,0,1,1,1,1,1,32,6,1500,2,3,CITROEN DISPATCH,7,E01017577,0,3
2024440024169,2024,440024169,1,19,0,18,19,1,5,0,0,2,0,0,0,0,4,1,1,1,1,36,7,1997,2,5,CITROEN DISPATCH,3,E01017076,0,1
2024010523213,2024,010523213,4,19,0,2,2,0,0,0,0,0,0,0,0,0,0,1,6,6,3,-1,-1,1997,2,8,CITROEN DISPATCH,-1,-1,0,-1
2024421480385,2024,421480385,1,19,0,-1,19,7,3,-1,0,0,0,0,0,0,1,1,-1,1,1,31,6,1499,2,1,CITROEN DISPATCH,5,E01021922,0,4
2024041414836,2024,041414836,1,19,0,-1,19,5,1,-1,0,0,1,0,5,6,3,1,-1,9,1,65,9,1560,2,11,CITROEN DISPATCH,1,E01019122,0,5
2024401430396,2024,401430396,1,19,0,-1,4,2,6,-1,0,1,1,0,0,0,1,1,-1,1,1,40,7,1997,2,5,CITROEN DISPATCH,1,E01025584,0,5
2024041527094,2024,041527094,1,19,0,-1,19,5,1,-1,0,0,0,0,1,4,2,1,-1,6,1,41,7,1500,2,5,CITROEN DISPATCH,6,E01025483,0,3
2024161450515,2024,161450515,2,19,0,-1,3,1,5,-1,0,4,0,0,0,0,1,1,-1,6,1,25,5,1560,2,5,CITROEN DISPATCH,1,E01035468,0,2
2024351454707,2024,351454707,1,19,0,-1,19,1,5,-1,0,0,0,0,1,0,1,1,-1,6,1,45,7,1997,2,8,CITROEN DISPATCH,10,E01026307,0,1
2024311454264,2024,311454264,5,19,0,-1,19,6,2,-1,0,0,0,0,0,0,1,1,-1,6,1,60,9,1560,2,10,CITROEN DISPATCH,2,E01028269,0,1
2024440117288,2024,440117288,2,19,0,18,19,2,6,0,0,8,0,0,4,6,4,1,1,1,1,38,7,1997,2,1,CITROEN DISPATCH,8,E01030890,0,2
2024451516583,2024,451516583,1,19,0,-1,9,4,8,-1,0,8,0,0,0,0,1,1,-1,1,1,33,6,1500,2,5,CITROEN DISPATCH,10,E01004097,0,2
2024010547861,2024,010547861,1,19,0,99,99,9,9,99,99,9,9,99,9,99,9,9,6,6,2,44,7,1997,2,7,CITROEN DISPATCH,4,E01021849,0,4
2024501418271,2024,501418271,1,19,0,-1,5,7,6,-1,0,8,0,0,0,0,4,9,-1,1,1,30,6,1560,2,6,CITROEN DISPATCH,7,E01018889,0,1
2024131417916,2024,131417916,1,19,0,-1,19,7,3,-1,0,8,0,0,0,0,1,1,-1,1,1,32,6,1997,2,9,CITROEN DISPATCH,1,E01011471,0,1
2024421451804,2024,421451804,2,19,0,-1,19,6,1,-1,0,0,0,0,0,0,3,9,-1,2,1,34,6,1560,2,6,CITROEN DISPATCH,5,E01021880,0,1
2024411492086,2024,411492086,1,19,0,-1,20,-1,-1,-1,-1,0,0,0,0,0,4,1,-1,1,1,56,9,1560,2,7,CITROEN DISPATCH,5,E01024428,0,4
2024320516013,2024,320516013,3,19,0,3,3,0,0,0,0,1,0,0,0,0,3,1,1,1,1,28,6,1997,2,2,CITROEN DISPATCH,9,E01026226,0,3
2024302400243,2024,302400243,2,8,0,4,4,5,1,0,0,0,0,11,0,0,4,1,1,1,1,23,5,1997,2,14,CITROEN DISPATCH,2,E01019563,0,3
2024501449921,2024,501449921,1,19,0,-1,1,7,3,-1,0,0,0,0,0,0,2,9,-1,6,1,39,7,1997,2,5,CITROEN DISPATCH,3,E01018759,0,1
2024340WN3022,2024,340WN3022,2,19,0,-1,19,5,1,-1,0,8,0,0,0,0,3,1,-1,2,1,52,8,1560,2,6,CITROEN DISPATCH,3,E01027184,0,1
2024010508091,2024,010508091,1,19,0,18,19,1,5,0,0,0,0,0,0,0,3,1,6,6,1,52,8,1500,2,3,CITROEN DISPATCH,6,E01002544,0,1
2024401509409,2024,401509409,2,19,0,-1,9,4,2,-1,0,6,0,0,0,0,1,1,-1,1,1,50,8,1560,2,11,CITROEN DISPATCH,8,E01034448,0,3
2024520401856,2024,520401856,2,19,0,18,19,3,7,0,0,0,0,0,0,0,1,1,6,6,1,21,5,1560,2,6,CITROEN DISPATCH,8,E01014443,0,2
2024461459552,2024,461459552,3,19,0,-1,3,1,2,-1,0,0,0,0,0,0,3,1,-1,2,1,62,9,1500,2,2,CITROEN DISPATCH,4,E01035318,0,1
2024041468418,2024,041468418,2,19,0,-1,2,0,0,-1,0,0,0,0,0,0,3,1,-1,1,1,53,8,1997,2,2,CITROEN DISPATCH,1,E01025423,0,1
2024471493814,2024,471493814,1,19,0,-1,9,6,3,-1,0,1,0,0,0,0,1,1,-1,1,1,36,7,1997,2,2,CITROEN DISPATCH,3,E01021127,0,2
2024201407651,2024,201407651,2,19,0,-1,19,5,1,-1,0,1,0,10,1,10,1,9,-1,1,1,49,8,1997,2,5,CITROEN DISPATCH,6,E01009446,0,1
2024010493244,2024,010493244,1,19,0,18,19,3,7,0,0,8,0,0,0,0,1,1,2,2,1,58,9,-1,3,2,CITROEN DISPATCH,1,E01022043,0,5
2024371541191,2024,371541191,1,19,0,-1,5,1,7,-1,0,2,0,0,0,0,1,1,-1,1,1,39,7,1997,2,4,CITROEN DISPATCH,6,E01030194,0,4
2024411498746,2024,411498746,1,19,0,-1,2,0,0,-1,0,0,0,0,0,0,2,1,-1,9,1,26,6,1500,2,2,CITROEN DISPATCH,4,E01017712,0,3
2024501473154,2024,501473154,1,19,0,-1,13,1,5,-1,0,0,0,0,0,0,1,1,-1,1,1,28,6,1499,2,2,CITROEN DISPATCH,1,E01015144,0,4
2024351537240,2024,351537240,1,19,0,-1,19,2,6,-1,0,0,0,0,0,0,1,1,-1,1,1,64,9,1500,2,3,CITROEN DISPATCH,2,E01015633,0,1
2024471511042,2024,471511042,1,19,0,-1,19,8,4,-1,0,0,5,0,0,0,1,1,-1,1,1,41,7,1560,2,6,CITROEN DISPATCH,5,E01024179,0,4
2024010540598,2024,010540598,1,19,0,18,19,3,7,0,0,8,0,0,0,0,1,1,6,6,1,32,6,1997,2,7,CITROEN DISPATCH,8,E01026577,0,5
2024421523006,2024,421523006,1,8,0,-1,19,2,7,-1,2,2,0,0,0,0,1,1,-1,1,1,31,6,1997,2,10,CITROEN DISPATCH,9,E01021632,0,1
2024451454589,2024,451454589,1,19,0,-1,4,6,1,-1,0,0,0,0,0,0,1,1,-1,9,1,33,6,1499,2,2,CITROEN DISPATCH,8,E01004156,0,2
2024520402769,2024,520402769,1,19,0,9,9,3,1,0,0,5,0,10,0,0,4,1,6,6,1,33,6,1560,2,14,CITROEN DISPATCH,1,E01029247,0,1
2024201464041,2024,201464041,1,19,0,-1,4,2,6,-1,0,1,0,4,0,0,1,1,-1,1,1,21,5,1560,2,5,CITROEN DISPATCH,-1,-1,0,-1
2024421426687,2024,421426687,2,19,0,-1,19,1,5,-1,0,2,0,0,0,0,3,1,-1,9,1,58,9,1560,2,5,CITROEN DISPATCH,6,E01021770,0,1
2024311548121,2024,311548121,1,19,0,-1,19,1,5,-1,0,0,0,0,0,0,4,1,-1,1,1,53,8,1560,2,9,CITROEN DISPATCH,-1,-1,0,-1
2024421431069,2024,421431069,2,19,0,-1,9,6,4,-1,0,8,0,0,0,0,4,1,-1,6,1,46,8,-1,3,1,CITROEN DISPATCH,5,E01021814,0,2
2024131494570,2024,131494570,1,19,0,-1,19,1,1,-1,0,3,0,0,0,0,3,1,-1,1,1,39,7,1499,2,1,CITROEN DISPATCH,2,E01010682,0,1
2024531405539,2024,531405539,3,19,0,-1,3,5,1,-1,0,0,0,0,0,0,2,1,-1,1,1,22,5,1560,2,8,CITROEN DISPATCH,4,E01022241,0,3
2024010503302,2024,010503302,1,19,0,7,7,7,8,0,0,2,0,0,0,0,1,1,2,2,1,30,6,1560,2,5,CITROEN DISPATCH,1,E01001838,0,1
2024161414479,2024,161414479,2,19,0,-1,2,0,0,-1,0,0,0,0,0,0,1,1,-1,6,-1,-1,-1,1500,2,4,CITROEN DISPATCH,-1,-1,0,-1
2024991459965,2024,991459965,2,19,0,-1,2,0,0,-1,0,0,0,0,0,0,2,1,-1,6,-1,-1,-1,1500,2,4,CITROEN DISPATCH,-1,-1,0,-1
2024010502865,2024,010502865,2,19,0,18,19,3,7,0,0,8,0,0,0,0,1,1,1,1,1,43,7,1499,2,2,CITROEN DISPATCH,5,E01021841,0,4
2024010522585,2024,010522585,1,19,0,18,19,5,1,0,0,2,0,0,0,0,3,1,1,1,1,44,7,1560,2,7,CITROEN DISPATCH,5,E01002179,0,2
2024131526912,2024,131526912,2,20,0,-1,19,5,1,-1,1,1,0,0,0,0,1,1,-1,6,1,27,6,-1,-1,-1,CITROEN DISPATCH,6,E01010918,0,1
2024221509191,2024,221509191,2,19,0,-1,19,3,7,-1,0,8,2,0,0,0,4,1,-1,9,1,53,8,1868,2,18,CITROEN DISPATCH,8,E01014061,0,2
2024991467172,2024,991467172,2,19,0,-1,19,4,7,-1,0,0,0,0,0,0,2,1,-1,9,2,25,5,1560,2,6,CITROEN DISPATCH,-1,-1,0,-1
2024201471107,2024,201471107,1,19,0,-1,3,3,7,-1,0,4,0,0,0,0,2,1,-1,1,1,42,7,1560,2,7,CITROEN DISPATCH,9,E01010494,0,1
2024471509668,2024,471509668,2,19,0,-1,19,3,7,-1,0,0,0,0,1,0,1,1,-1,2,1,61,9,2000,2,2,CITROEN DISPATCH,5,E01031523,0,4
2024320699324,2024,320699324,1,19,0,-1,-1,8,4,0,0,1,0,0,0,0,1,1,-1,-1,2,32,6,1560,2,5,CITROEN DISPATCH,6,E01026282,0,1
2024052401493,2024,052401493,1,19,0,9,9,3,1,0,0,8,0,0,0,0,4,1,1,1,1,35,6,2000,2,2,CITROEN DISPATCH,2,E01006866,0,4
2024010504172,2024,010504172,2,19,0,99,99,9,9,99,99,9,9,99,9,99,9,9,6,6,3,-1,-1,1997,2,1,CITROEN DISPATCH,6,E01002142,0,3
2024461530972,2024,461530972,2,19,0,-1,10,3,3,-1,0,0,0,0,0,0,2,2,-1,1,1,43,7,1499,2,1,CITROEN DISPATCH,7,E01024094,0,3
2024991516414,2024,991516414,1,19,0,-1,15,6,2,-1,0,1,0,0,0,0,4,1,-1,1,1,33,6,1997,2,8,CITROEN DISPATCH,10,-1,0,3
2024340NN3732,2024,340NN3732,1,19,0,-1,19,3,7,-1,0,2,5,0,1,4,0,1,-1,9,1,31,6,1868,2,20,CITROEN DISPATCH,2,E01027105,0,1
2024371504344,2024,371504344,1,19,0,-1,7,5,7,-1,0,8,0,0,0,0,3,1,-1,1,1,56,9,1997,2,0,CITROEN DISPATCH,5,E01030141,0,1
2024061494663,2024,061494663,2,19,9,-1,99,-1,-1,-1,99,9,9,99,9,99,9,9,-1,6,3,-1,-1,1560,2,17,CITROEN DISPATCH,-1,-1,0,-1
2024991409095,2024,991409095,2,19,0,-1,19,7,3,-1,0,0,1,0,1,0,1,1,-1,1,1,37,7,1560,2,6,CITROEN DISPATCH,7,-1,0,5
2024501484234,2024,501484234,1,19,0,-1,5,3,7,-1,0,4,0,0,0,0,1,1,-1,1,1,50,8,1868,2,19,CITROEN DISPATCH,5,E01019923,0,2
2024010543305,2024,010543305,1,19,0,7,7,1,3,0,0,1,0,0,0,0,4,1,2,2,1,26,6,1997,2,1,CITROEN DISPATCH,7,E01004275,0,1
2024070597543,2024,070597543,1,19,0,18,19,3,7,0,0,0,0,0,0,0,1,1,6,6,1,-1,-1,1560,2,9,CITROEN DISPATCH,-1,-1,0,-1
2024010502190,2024,010502190,1,19,0,7,7,3,5,0,0,1,0,0,0,0,1,1,6,6,1,34,6,1560,2,6,CITROEN DISPATCH,5,E01003718,0,4
2024010533727,2024,010533727,2,19,0,16,19,1,5,0,0,1,0,0,0,0,4,1,1,1,2,33,6,1499,2,1,CITROEN DISPATCH,4,E01002393,0,3
2024041455349,2024,041455349,1,19,0,-1,19,1,3,-1,0,8,0,0,0,0,1,1,-1,1,1,64,9,1500,2,4,CITROEN DISPATCH,8,E01025018,0,4
2024010511341,2024,010511341,1,19,0,9,9,5,3,0,0,5,0,0,0,0,1,1,1,1,1,58,9,1499,2,0,CITROEN DISPATCH,8,E01034606,0,2
2024320379070,2024,320379070,1,19,0,11,11,6,2,0,0,2,0,0,0,0,2,1,6,6,3,-1,-1,1500,2,2,CITROEN DISPATCH,-1,-1,0,-1
2024010519790,2024,010519790,1,19,0,11,11,1,5,0,0,0,0,0,0,0,1,1,2,2,1,52,8,1560,2,7,CITROEN DISPATCH,5,E01000450,0,2
2024201438844,2024,201438844,2,19,0,-1,19,3,2,-1,0,8,0,0,0,0,1,9,-1,1,1,36,7,-1,3,2,CITROEN DISPATCH,2,E01033887,0,2
2024991420668,2024,991420668,2,19,0,-1,7,3,5,-1,0,8,0,0,0,0,2,1,-1,1,1,53,8,1997,2,6,CITROEN DISPATCH,2,-1,0,2
2024070034980,2024,070034980,1,19,0,18,19,3,7,0,0,4,0,0,0,0,1,1,6,6,2,37,7,1997,2,10,CITROEN DISPATCH,7,E01018345,0,1
2024052402625,2024,052402625,1,19,0,6,6,7,7,0,0,0,0,0,0,0,2,1,1,1,1,34,6,1560,2,8,CITROEN DISPATCH,2,E01007244,0,1
2024201482534,2024,201482534,1,19,0,-1,19,5,1,-1,0,1,0,0,0,0,1,1,-1,1,1,40,7,1560,2,8,CITROEN DISPATCH,-1,-1,0,-1
2024440119631,2024,440119631,2,19,0,7,7,5,7,0,0,0,0,0,0,0,4,1,6,6,1,36,7,1997,2,8,CITROEN DISPATCH,2,E01022900,0,1
2024010505108,2024,010505108,2,19,0,99,99,9,9,99,99,9,9,99,9,99,9,9,6,6,3,-1,-1,1560,2,7,CITROEN DISPATCH,-1,-1,0,-1
2024471515346,2024,471515346,2,19,0,-1,19,1,5,-1,0,4,0,0,0,0,2,1,-1,9,1,34,6,1499,2,1,CITROEN DISPATCH,5,E01015554,0,5
2024311518004,2024,311518004,2,19,-1,-1,19,4,7,-1,0,3,0,0,0,0,3,9,-1,9,3,-1,-1,1560,2,7,CITROEN DISPATCH,-1,-1,0,-1
2024010500562,2024,010500562,1,19,0,99,99,9,9,99,99,0,9,99,9,99,9,9,1,1,1,52,8,1499,2,1,CITROEN DISPATCH,7,E01000683,0,1
2024461431214,2024,461431214,2,19,0,-1,4,6,2,-1,0,0,1,0,0,0,2,1,-1,1,1,41,7,1500,2,4,CITROEN DISPATCH,2,E01032799,0,2
2024351524870,2024,351524870,2,19,0,-1,19,7,3,-1,0,0,0,0,0,0,2,1,-1,2,1,43,7,1499,2,0,CITROEN DISPATCH,4,E01023790,0,4
2024201415129,2024,201415129,2,8,0,-1,19,1,5,-1,0,0,0,0,0,0,3,1,-1,1,1,54,8,1997,2,10,CITROEN DISPATCH,2,E01008915,0,3
2024311433185,2024,311433185,1,19,0,-1,19,6,2,-1,0,8,0,0,0,0,1,1,-1,2,1,67,10,1500,2,2,CITROEN DISPATCH,1,E01013879,0,1
2024471397228,2024,471397228,1,19,0,-1,7,2,5,-1,0,6,0,0,0,0,1,1,-1,2,1,36,7,-1,3,3,CITROEN DISPATCH,6,E01021204,0,2
2024010525553,2024,010525553,2,19,0,5,5,3,7,0,0,2,0,0,0,0,2,1,6,6,1,52,8,1499,2,1,CITROEN DISPATCH,5,E01018005,0,4