collision_index,collision_year,collision_ref_no,vehicle_reference,vehicle_type,towing_and_articulation,vehicle_manoeuvre_historic,vehicle_manoeuvre,vehicle_direction_from,vehicle_direction_to,vehicle_location_restricted_lane_historic,vehicle_location_restricted_lane,junction_location,skidding_and_overturning,hit_object_in_carriageway,vehicle_leaving_carriageway,hit_object_off_carriageway,first_point_of_impact,vehicle_left_hand_drive,journey_purpose_of_driver_historic,journey_purpose_of_driver,sex_of_driver,age_of_driver,age_band_of_driver,engine_capacity_cc,propulsion_code,age_of_vehicle,generic_make_model,driver_imd_decile,lsoa_of_driver,escooter_flag,driver_distance_banding
2024411486336,2024,411486336,2,19,0,-1,3,7,3,-1,0,1,0,0,0,0,2,1,-1,9,2,27,6,1499,2,1,CITROEN DISPATCH,3,E01000385,0,4
2024501414740,2024,501414740,1,19,0,-1,3,8,4,-1,0,0,0,0,0,0,2,1,-1,1,1,67,10,1997,2,4,CITROEN DISPATCH,5,E01018940,0,4
2024430476618,2024,430476618,5,19,0,18,19,1,5,0,0,0,0,0,0,0,2,1,1,1,1,43,7,1499,2,0,CITROEN DISPATCH,8,E01017838,0,1
2024552400545,2024,552400545,2,19,0,18,19,4,8,0,0,8,0,0,0,0,1,1,1,1,1,23,5,1500,2,3,CITROEN DISPATCH,5,E01015296,0,3
2024631473507,2024,631473507,2,19,0,-1,13,5,1,-1,0,0,0,0,0,0,2,1,-1,1,1,21,5,1499,2,1,CITROEN DISPATCH,2,W01000961,0,4
2024010511580,2024,010511580,4,19,0,3,3,3,7,0,0,1,0,0,0,0,0,1,6,6,1,42,7,1500,2,3,CITROEN DISPATCH,2,E01000052,0,1
2024501529384,2024,501529384,1,19,0,-1,1,4,8,-1,0,0,0,0,0,0,2,1,-1,2,2,62,9,1997,2,1,CITROEN DISPATCH,2,E01020015,0,1
2024552400335,2024,552400335,1,19,0,18,19,1,5,0,0,6,0,0,0,0,1,1,2,2,1,57,9,2000,2,2,CITROEN DISPATCH,4,E01015346,0,1
2024401412253,2024,401412253,2,19,0,-1,2,0,0,-1,0,0,0,0,0,0,1,1,-1,6,1,67,10,1560,2,6,CITROEN DISPATCH,6,E01023663,0,2
2024991400059,2024,991400059,1,19,0,-1,19,4,8,-1,0,6,0,4,0,0,1,1,-1,1,1,26,6,1997,2,4,CITROEN DISPATCH,-1,-1,0,-1
202454E457924,2024,54E457924,3,19,0,2,2,0,0,0,0,0,0,0,0,0,2,1,6,6,3,-1,-1,1560,2,7,CITROEN DISPATCH,-1,-1,0,-1
2024461439143,2024,461439143,2,19,0,-1,7,3,4,-1,0,0,0,0,0,0,1,1,-1,1,1,19,4,1997,2,5,CITROEN DISPATCH,6,E01024457,0,1
2024231527358,2024,231527358,1,19,0,-1,5,2,6,-1,0,1,0,0,0,0,1,9,-1,6,1,60,9,1560,2,16,CITROEN DISPATCH,-1,-1,0,-1
2024131512395,2024,131512395,2,19,0,-1,2,0,0,-1,9,0,0,0,0,0,1,1,-1,6,-1,-1,-1,1997,2,16,CITROEN DISPATCH,-1,-1,0,-1
2024451457483,2024,451457483,2,19,0,-1,8,5,7,-1,0,1,0,0,0,0,4,1,-1,2,1,41,7,1997,2,3,CITROEN DISPATCH,10,E01030682,0,2
2024461521866,2024,461521866,2,19,0,-1,19,1,5,-1,0,1,0,0,0,0,2,1,-1,1,1,56,9,1500,2,5,CITROEN DISPATCH,5,E01016088,0,3
2024061404010,2024,061404010,1,19,0,-1,19,1,5,-1,0,0,0,0,0,0,1,1,-1,1,1,69,10,1560,2,5,CITROEN DISPATCH,1,E01005706,0,3
2024451440933,2024,451440933,1,19,0,-1,19,6,2,-1,0,1,0,0,0,0,1,1,-1,9,1,34,6,1997,2,6,CITROEN DISPATCH,9,E01030331,0,1
2024371515901,2024,371515901,1,19,0,-1,2,0,0,-1,0,1,0,0,0,0,4,1,-1,6,1,59,9,1560,2,11,CITROEN DISPATCH,7,E01021718,0,3
2024332400452,2024,332400452,2,19,0,-1,7,8,2,-1,0,5,5,0,0,2,2,1,-1,1,1,44,7,1997,2,9,CITROEN DISPATCH,4,E01025766,0,1
2024461497544,2024,461497544,1,19,0,-1,19,3,7,-1,0,0,0,0,0,0,1,9,-1,6,1,26,6,1997,2,5,CITROEN DISPATCH,3,E01001690,0,3
2024131415417,2024,131415417,1,19,0,-1,-1,-1,-1,-1,-1,-1,-1,-1,-1,-1,-1,1,-1,6,3,-1,-1,1868,2,17,CITROEN DISPATCH,-1,-1,0,-1
2024531458648,2024,531458648,2,19,0,-1,19,7,3,-1,0,8,0,0,0,0,4,1,-1,9,1,23,5,1500,2,4,CITROEN DISPATCH,8,E01022423,0,1
2024010518383,2024,010518383,1,19,0,9,9,5,3,0,0,5,0,0,0,0,1,1,6,6,1,50,8,1499,2,2,CITROEN DISPATCH,6,E01002161,0,1
2024070049933,2024,070049933,1,19,0,11,11,4,8,0,0,0,0,0,0,0,4,1,1,1,1,50,8,1500,2,5,CITROEN DISPATCH,1,E01007055,0,4
2024522402219,2024,522402219,2,19,0,18,19,2,6,0,0,6,0,0,0,0,0,1,6,6,1,20,4,1997,2,7,CITROEN DISPATCH,10,E01014849,0,2
2024201519017,2024,201519017,1,19,0,-1,19,6,2,-1,0,4,0,0,0,0,1,1,-1,1,1,31,6,1560,2,11,CITROEN DISPATCH,1,E01009493,0,2
2024440219417,2024,440219417,4,19,0,2,2,0,0,0,0,2,0,0,0,0,2,1,1,1,1,38,7,1560,2,9,CITROEN DISPATCH,3,E01017350,0,2
2024031443447,2024,031443447,1,19,-1,-1,19,5,1,-1,0,1,0,11,0,0,4,1,-1,6,3,-1,-1,1560,2,11,CITROEN DISPATCH,-1,-1,0,-1
2024231418404,2024,231418404,2,19,0,-1,3,3,7,-1,0,0,0,0,0,0,2,9,-1,2,1,42,7,1560,2,13,CITROEN DISPATCH,2,E01009584,0,1
2024451493097,2024,451493097,1,19,0,-1,11,1,5,-1,0,8,1,0,1,0,2,1,-1,1,1,58,9,1560,2,12,CITROEN DISPATCH,10,E01030435,0,3
2024440258541,2024,440258541,2,19,0,18,19,8,4,0,0,0,0,0,0,0,1,1,2,2,1,37,7,1997,2,7,CITROEN DISPATCH,5,E01017209,0,1
2024548788324,2024,548788324,2,19,0,10,10,8,5,0,0,1,0,0,0,0,2,1,1,1,1,42,7,1997,2,22,CITROEN DISPATCH,6,E01031871,0,3
2024340WN0502,2024,340WN0502,1,19,0,-1,19,6,2,-1,0,0,0,0,0,0,4,1,-1,1,1,27,6,1997,2,4,CITROEN DISPATCH,3,E01027137,0,3
2024061474046,2024,061474046,1,5,0,-1,19,1,1,-1,0,0,0,0,0,0,1,1,-1,9,1,55,8,1312,1,12,-1,8,E01005775,0,3
2024421469212,2024,421469212,3,4,0,-1,19,3,7,-1,0,1,0,0,0,0,1,1,-1,2,1,51,8,125,1,3,-1,9,E01021944,0,3
2024361431882,2024,361431882,1,4,0,-1,4,5,1,-1,0,0,1,0,0,0,4,1,-1,6,1,33,6,125,1,3,-1,1,E01026619,0,1
2024430439546,2024,430439546,2,4,0,18,19,2,6,0,0,0,0,0,0,0,3,1,6,6,1,38,7,125,1,2,-1,3,E01033857,0,2
2024010535510,2024,010535510,2,9,0,18,19,3,7,0,0,8,0,7,4,11,3,1,1,1,1,59,9,2488,8,1,MAZDA CX-60,-1,-1,0,-1
2024010525710,2024,010525710,2,9,0,99,99,9,9,99,99,9,9,99,9,99,9,9,6,6,3,-1,-1,2488,8,0,MAZDA CX-60,9,E01000205,0,2
2024010523903,2024,010523903,1,9,0,11,11,1,5,0,0,8,0,0,0,0,4,1,1,1,1,24,5,2488,8,1,MAZDA CX-60,9,E01021156,0,4
2024010517348,2024,010517348,2,9,0,99,99,9,9,99,99,9,9,99,9,99,1,9,6,6,3,-1,-1,2488,8,0,MAZDA CX-60,-1,-1,0,-1
2024071073197,2024,071073197,2,9,0,-1,19,1,5,-1,0,0,0,0,0,0,2,1,-1,9,2,49,8,2488,8,1,MAZDA CX-60,7,E01016401,0,5
2024052401539,2024,052401539,2,9,0,18,19,7,3,0,0,0,0,0,0,0,1,1,6,6,1,69,10,2488,8,1,MAZDA CX-60,9,E01007182,0,2
2024221441371,2024,221441371,3,9,0,-1,19,8,4,-1,0,8,0,0,0,0,3,1,-1,1,1,46,8,2488,8,1,MAZDA CX-60,8,E01027973,0,5
2024131512689,2024,131512689,2,9,0,-1,19,2,6,-1,0,0,0,0,0,0,3,1,-1,9,1,30,6,2488,8,1,MAZDA CX-60,3,E01008631,0,5
2024471450676,2024,471450676,1,9,0,-1,7,1,3,-1,0,0,0,0,0,0,1,1,-1,9,1,33,6,2488,8,2,MAZDA CX-60,6,E01031782,0,1
2024070585312,2024,070585312,1,9,0,4,4,3,7,0,0,1,0,0,0,0,4,1,6,6,1,79,11,3283,2,1,MAZDA CX-60,8,E01012473,0,1
2024440224925,2024,440224925,2,9,0,18,19,4,8,0,0,1,0,0,1,0,1,1,6,6,2,46,8,2488,8,0,MAZDA CX-60,6,E01017214,0,1
2024531504493,2024,531504493,3,9,0,-1,19,5,1,-1,0,4,0,0,0,0,0,1,-1,6,1,59,9,2488,8,0,MAZDA CX-60,8,E01022280,0,1
2024631448157,2024,631448157,1,9,0,-1,9,6,4,-1,0,5,0,0,0,0,1,1,-1,9,2,54,8,2989,12,0,-1,9,W01001423,0,5
2024522402766,2024,522402766,2,9,0,18,19,2,6,0,0,1,0,0,0,0,1,1,6,6,3,-1,-1,2987,2,6,-1,-1,-1,0,-1
2024451403256,2024,451403256,1,9,0,-1,9,6,5,-1,0,0,0,0,0,0,2,2,-1,2,2,40,7,2925,2,4,-1,9,E01030309,0,1
2024461487152,2024,461487152,1,9,0,-1,19,3,7,-1,0,0,0,0,0,0,1,1,-1,9,2,45,7,2987,2,7,-1,1,E01012857,0,5
2024010513821,2024,010513821,1,9,0,18,19,5,1,0,0,8,0,0,0,0,4,1,6,6,2,34,6,2925,2,1,-1,4,E01001883,0,1
2024052401349,2024,052401349,2,3,0,18,19,6,2,0,0,0,0,0,0,0,1,1,6,6,1,43,7,125,1,0,-1,1,E01006768,0,2
2024131440249,2024,131440249,2,3,0,-1,19,4,8,-1,0,0,0,0,0,0,1,1,-1,9,1,51,8,125,1,1,-1,4,E01011462,0,2
2024131451359,2024,131451359,1,4,0,-1,13,3,7,-1,0,8,5,0,0,0,1,1,-1,9,1,15,3,125,1,1,-1,2,E01011552,0,1
2024211426927,2024,211426927,1,11,0,-1,9,6,4,-1,0,3,0,0,0,0,1,1,-1,1,1,63,9,8268,2,20,-1,6,E01025562,0,5
2024201464042,2024,201464042,2,11,0,-1,2,0,0,-1,0,0,0,0,0,0,0,9,-1,1,1,-1,-1,8268,2,20,-1,3,E01008945,0,1
2024122500169,2024,122500169,2,11,0,5,5,7,3,0,0,8,0,0,0,0,0,1,1,1,1,30,6,8268,2,20,-1,8,E01027801,0,4
2024010499270,2024,010499270,2,9,0,99,99,9,9,99,99,9,9,99,9,99,1,9,6,6,3,-1,-1,1969,2,6,VOLVO XC60,-1,-1,0,-1
2024201484913,2024,201484913,1,9,0,-1,19,6,2,-1,0,8,0,0,0,0,4,1,-1,9,1,51,8,1969,2,8,VOLVO XC60,2,E01009123,0,1
2024010540210,2024,010540210,1,9,0,11,11,5,1,0,0,1,0,0,0,0,4,1,6,6,1,33,6,1969,1,7,VOLVO XC60,9,E01004604,0,1
2024231450287,2024,231450287,2,9,0,-1,3,2,4,-1,0,1,0,0,0,0,2,9,-1,6,1,37,7,2400,2,11,VOLVO XC60,5,E01032342,0,2
2024531519507,2024,531519507,1,9,0,-1,14,3,7,-1,0,0,0,0,0,0,4,9,-1,6,2,43,7,2400,2,11,VOLVO XC60,10,E01022350,0,1
2024411526489,2024,411526489,1,9,0,-1,9,5,7,-1,0,2,0,0,0,0,1,1,-1,6,1,63,9,1969,8,1,VOLVO XC60,5,E01017440,0,2
2024101528281,2024,101528281,2,9,0,-1,19,5,1,-1,0,8,0,0,0,0,1,1,-1,6,1,44,7,1969,8,5,VOLVO XC60,9,E01027497,0,1
2024320652277,2024,320652277,1,9,0,7,7,1,3,0,0,6,0,0,0,0,1,2,-1,-1,1,41,7,1969,12,0,VOLVO XC60,8,E01031161,0,5
2024332400287,2024,332400287,2,9,0,-1,19,6,2,-1,0,6,1,10,1,0,1,1,-1,9,1,55,8,1969,8,0,VOLVO XC60,-1,-1,0,-1
2024991475308,2024,991475308,1,9,0,-1,19,6,2,-1,0,0,0,0,0,0,1,1,-1,6,2,36,7,1969,12,1,VOLVO XC60,5,-1,0,1
2024332400760,2024,332400760,4,9,0,-1,19,5,1,-1,0,0,0,0,0,0,1,1,-1,9,2,45,7,1969,2,9,VOLVO XC60,10,E01025709,0,2
2024531519564,2024,531519564,4,9,0,-1,2,0,0,-1,0,0,0,0,0,0,2,1,-1,6,-1,-1,-1,2400,2,10,VOLVO XC60,-1,-1,0,-1
2024101418238,2024,101418238,1,9,0,-1,19,7,3,-1,0,1,0,0,0,0,1,1,-1,9,1,44,7,2400,2,12,VOLVO XC60,7,E01008585,0,2
2024101408085,2024,101408085,1,9,0,-1,12,8,4,-1,0,0,0,0,0,0,3,1,-1,9,2,38,7,2400,2,10,VOLVO XC60,1,E01027519,0,3
2024610056724,2024,610056724,2,9,0,16,19,3,6,0,0,0,0,0,0,0,1,1,3,7,1,76,11,1969,12,3,VOLVO XC60,9,W01000015,0,5
2024302400742,2024,302400742,1,9,0,18,19,3,7,0,0,2,0,0,0,0,4,1,6,6,1,39,7,1969,8,2,VOLVO XC60,8,E01034254,0,1
2024070644770,2024,070644770,2,9,0,5,5,4,8,0,0,0,0,0,0,0,4,1,6,6,1,63,9,1969,2,7,VOLVO XC60,3,E01018747,0,1
2024061432385,2024,061432385,1,9,0,-1,19,5,8,-1,0,0,0,0,7,11,1,1,-1,6,1,41,7,2400,2,15,VOLVO XC60,2,E01024942,0,2
2024161416639,2024,161416639,2,9,0,-1,5,5,1,-1,0,1,0,0,0,0,4,9,-1,6,2,30,6,1984,2,13,VOLVO XC60,5,E01013003,0,1
2024141403559,2024,141403559,2,9,0,-1,19,4,8,-1,0,0,0,0,0,0,3,1,-1,9,2,36,7,1969,2,10,VOLVO XC60,1,E01007377,0,3
2024411499198,2024,411499198,1,9,0,-1,3,5,1,-1,0,8,9,99,0,0,3,9,-1,6,1,28,6,1969,8,6,VOLVO XC60,3,E01002056,0,3
2024552500061,2024,552500061,1,9,0,18,19,8,4,0,0,0,0,0,0,0,1,1,6,6,2,65,9,1969,8,0,VOLVO XC60,4,E01020460,0,1
2024052401153,2024,052401153,1,9,0,18,19,7,3,0,0,1,0,0,0,0,0,1,1,1,1,45,7,1969,2,5,VOLVO XC60,-1,-1,0,-1
2024061453049,2024,061453049,1,9,0,-1,5,8,4,-1,0,2,0,0,0,0,1,1,-1,2,2,50,8,1969,2,8,VOLVO XC60,9,E01005413,0,1
2024991448655,2024,991448655,1,9,0,-1,13,4,8,-1,0,0,0,0,7,0,1,1,-1,9,1,37,7,1969,8,0,VOLVO XC60,-1,-1,0,-1
2024991406067,2024,991406067,2,9,0,-1,2,0,0,-1,9,2,0,0,0,0,1,1,-1,6,-1,-1,-1,1969,8,3,VOLVO XC60,-1,-1,0,-1
2024451421161,2024,451421161,2,9,0,-1,19,7,3,-1,0,8,0,0,0,0,3,1,-1,9,2,43,7,2400,2,8,VOLVO XC60,10,E01030461,0,1
2024161408636,2024,161408636,1,9,0,-1,19,7,3,-1,0,8,0,0,0,0,1,1,-1,9,1,75,10,1969,8,3,VOLVO XC60,9,E01034755,0,2
2024122500091,2024,122500091,2,9,0,10,10,3,1,0,0,6,0,0,0,0,1,1,6,6,2,42,7,2400,2,15,VOLVO XC60,2,E01027850,0,1
2024440240946,2024,440240946,3,9,0,18,19,2,6,0,0,0,0,0,0,0,0,1,6,6,3,-1,-1,1969,2,9,VOLVO XC60,-1,-1,0,-1
2024991526918,2024,991526918,1,9,0,-1,13,6,2,-1,0,1,0,0,0,0,1,1,-1,6,1,24,5,1969,8,0,VOLVO XC60,-1,-1,0,-1
2024440508261,2024,440508261,3,9,0,2,2,0,0,0,0,0,0,0,0,0,1,1,6,6,3,-1,-1,2400,2,8,VOLVO XC60,-1,-1,0,-1
2024421440388,2024,421440388,3,9,0,-1,19,1,5,-1,0,0,0,0,0,0,2,1,-1,6,1,33,6,1969,12,1,VOLVO XC60,6,E01034579,0,4
2024201419671,2024,201419671,1,9,0,-1,19,4,8,-1,0,8,0,0,0,0,1,9,-1,6,2,28,6,2400,2,8,VOLVO XC60,2,E01027243,0,4
2024141511950,2024,141511950,4,9,0,-1,5,4,8,-1,0,0,0,0,0,0,2,1,-1,9,2,44,7,1969,8,2,VOLVO XC60,8,E01013148,0,4
2024161399141,2024,161399141,1,9,0,-1,5,1,5,-1,0,6,0,0,1,0,1,1,-1,9,1,91,11,2400,2,9,VOLVO XC60,10,E01013088,0,2
2024010520490,2024,010520490,1,9,9,99,99,9,9,99,99,9,9,99,9,99,9,9,6,6,3,-1,-1,2400,2,8,VOLVO XC60,-1,-1,0,-1
2024052402429,2024,052402429,2,9,0,1,1,8,4,0,0,0,0,0,0,0,2,1,6,6,1,33,6,2400,2,10,VOLVO XC60,1,E01006416,0,1
2024552400418,2024,552400418,2,9,0,18,19,8,4,0,0,0,0,0,0,0,1,1,6,6,2,49,8,1969,8,2,VOLVO XC60,7,E01020359,0,1
2024501470437,2024,501470437,1,9,0,-1,9,7,5,-1,0,4,0,0,0,0,1,1,-1,6,1,59,9,1969,8,1,VOLVO XC60,4,E01018782,0,3
2024101489627,2024,101489627,1,9,0,-1,11,1,5,-1,0,0,0,0,0,0,4,1,-1,9,1,69,10,1969,12,3,VOLVO XC60,-1,-1,0,-1
2024622400568,2024,622400568,1,9,0,18,19,7,3,0,0,0,0,0,0,0,1,1,6,6,2,38,7,2400,2,13,VOLVO XC60,4,W01001290,0,1
2024131397014,2024,131397014,2,9,0,-1,19,7,7,-1,0,8,0,0,0,0,1,1,-1,1,2,55,8,1969,2,7,VOLVO XC60,1,E01010616,0,2
2024351525919,2024,351525919,2,9,0,-1,19,1,5,-1,0,0,1,1,0,0,1,1,-1,6,1,55,8,1969,8,0,VOLVO XC60,7,E01026885,0,4
2024631475972,2024,631475972,1,9,0,-1,12,4,8,-1,0,0,0,0,0,0,1,1,-1,6,1,66,10,1969,8,0,VOLVO XC60,-1,-1,0,-1
2024471400089,2024,471400089,2,9,0,-1,19,1,5,-1,0,0,0,0,1,0,1,1,-1,9,2,53,8,1969,2,6,VOLVO XC60,9,E01021203,0,2
2024122500229,2024,122500229,2,9,0,18,19,7,3,0,0,1,0,0,0,0,2,1,6,6,1,76,11,1969,2,7,VOLVO XC60,5,E01019259,0,5
2024061471286,2024,061471286,2,9,0,-1,19,7,3,-1,0,0,0,0,0,0,1,1,-1,6,3,-1,-1,1984,2,14,VOLVO XC60,-1,-1,0,-1
2024430408442,2024,430408442,1,9,0,9,9,1,7,0,0,6,0,0,0,0,1,1,6,6,1,78,11,1969,8,4,VOLVO XC60,-1,-1,0,-1
2024010501073,2024,010501073,4,9,0,18,19,5,1,0,0,1,0,0,0,0,4,1,3,7,2,45,7,1969,2,10,VOLVO XC60,10,E01000283,0,1
2024211517268,2024,211517268,2,9,0,-1,19,1,5,-1,0,1,0,0,0,0,4,1,-1,6,2,-1,-1,1969,2,9,VOLVO XC60,-1,-1,0,-1
2024311524987,2024,311524987,1,9,0,-1,7,5,3,-1,0,1,0,0,0,0,1,9,-1,6,1,36,7,2400,2,8,VOLVO XC60,10,E01028215,0,1
2024361462725,2024,361462725,1,9,0,-1,5,1,5,-1,0,8,0,0,0,0,3,1,-1,9,2,61,9,2400,2,14,VOLVO XC60,5,E01026727,0,3
2024351463822,2024,351463822,2,9,0,-1,19,8,3,-1,0,1,0,0,0,0,4,1,-1,6,1,56,9,1984,2,13,VOLVO XC60,2,E01035541,0,1
2024501483242,2024,501483242,2,9,0,-1,2,0,0,-1,0,0,0,4,0,0,3,2,-1,6,1,62,9,2953,1,12,VOLVO XC60,4,E01020116,0,1
2024131395449,2024,131395449,1,9,0,-1,19,5,1,-1,0,1,0,0,0,0,1,1,-1,6,1,59,9,2400,2,8,VOLVO XC60,1,E01011745,0,2
2024522401950,2024,522401950,2,9,0,4,4,6,2,0,0,0,0,0,0,0,2,1,6,6,2,37,7,1969,2,6,VOLVO XC60,9,E01031888,0,2
2024010541608,2024,010541608,2,9,0,2,2,0,0,9,9,1,0,0,0,0,4,1,6,6,3,-1,-1,1969,2,4,VOLVO XC60,-1,-1,0,-1
2024430430429,2024,430430429,2,9,0,4,4,1,5,2,2,1,0,0,0,0,2,1,6,6,1,-1,-1,1969,8,3,VOLVO XC60,7,E01028728,0,4
2024430595752,2024,430595752,2,9,0,3,3,6,2,0,0,0,0,0,0,0,2,1,6,6,1,30,6,1969,1,6,VOLVO XC60,10,E01016575,0,4
2024041457302,2024,041457302,2,9,0,-1,2,0,0,-1,0,1,0,0,0,0,2,1,-1,6,-1,-1,-1,1969,2,7,VOLVO XC60,-1,-1,0,-1
2024471509524,2024,471509524,2,9,0,-1,4,8,4,-1,0,0,0,0,0,0,2,1,-1,1,1,59,9,2400,2,9,VOLVO XC60,5,E01031628,0,4
2024010509109,2024,010509109,2,9,0,18,19,3,7,0,0,0,0,0,0,0,2,1,6,6,1,41,7,2400,2,7,VOLVO XC60,3,E01030276,0,5
2024451502906,2024,451502906,1,9,0,-1,19,1,5,-1,9,1,0,0,7,10,1,1,-1,9,1,74,10,1969,8,0,VOLVO XC60,10,E01022581,0,2
2024052400198,2024,052400198,2,9,0,9,9,3,7,0,0,8,0,0,0,0,1,1,2,2,1,62,9,1969,2,8,VOLVO XC60,6,E01006596,0,1
2024320725981,2024,320725981,2,9,0,-1,-1,1,5,0,0,8,0,0,0,0,1,1,-1,-1,1,44,7,1969,2,9,VOLVO XC60,9,E01026063,0,1
2024351399084,2024,351399084,2,9,0,-1,9,1,5,-1,0,1,0,0,0,0,3,1,-1,9,2,54,8,1969,2,6,VOLVO XC60,5,E01018304,0,1
2024552400699,2024,552400699,1,9,0,7,7,1,2,0,0,6,0,0,0,0,1,1,6,6,1,60,9,2400,2,10,VOLVO XC60,5,E01029221,0,3
2024211481152,2024,211481152,3,9,0,-1,19,3,6,-1,0,8,0,0,0,0,4,1,-1,6,1,55,8,1969,2,7,VOLVO XC60,8,E01029515,0,1
2024461439204,2024,461439204,1,9,0,-1,5,5,1,-1,0,6,0,0,0,0,1,1,-1,9,2,34,6,1969,2,6,VOLVO XC60,7,E01024355,0,1
2024451480967,2024,451480967,2,9,0,-1,15,1,5,-1,0,0,0,0,0,0,1,2,-1,9,1,31,6,1969,12,0,VOLVO XC60,6,E01000946,0,4
2024622400373,2024,622400373,1,9,0,9,9,4,2,0,0,5,0,0,0,0,4,1,6,6,2,33,6,1969,2,10,VOLVO XC60,10,W01001853,0,1
2024010513051,2024,010513051,2,9,0,99,99,9,9,99,99,9,9,99,9,99,9,9,6,6,3,55,8,1969,1,5,VOLVO XC60,10,E01003805,0,1
2024461526833,2024,461526833,1,9,0,-1,19,1,4,-1,0,0,0,0,0,0,1,1,-1,9,1,78,11,1969,8,0,VOLVO XC60,7,E01024519,0,4
2024631442498,2024,631442498,2,9,0,-1,10,8,5,-1,0,8,0,0,0,0,2,1,-1,9,1,59,9,1969,8,3,VOLVO XC60,6,W01000433,0,1
2024542381924,2024,542381924,2,9,0,9,9,1,7,0,0,1,0,0,0,0,1,1,6,6,2,39,7,2400,2,12,VOLVO XC60,6,E01031950,0,2
2024031453799,2024,031453799,1,9,0,-1,19,1,5,-1,0,0,5,0,0,0,4,1,-1,9,2,53,8,2400,2,9,VOLVO XC60,-1,-1,0,-1
2024010550443,2024,010550443,1,9,0,11,11,1,5,0,0,1,2,0,1,2,2,1,6,6,2,56,9,1969,2,8,VOLVO XC60,-1,-1,0,-1
2024371403173,2024,371403173,2,9,0,-1,4,7,1,-1,0,1,0,0,0,0,2,1,-1,6,2,34,6,2400,2,10,VOLVO XC60,2,E01030032,0,1
2024440394710,2024,440394710,1,9,0,3,3,1,5,0,0,1,0,0,0,0,2,1,6,6,2,73,10,1969,1,5,VOLVO XC60,9,E01022882,0,1
2024010534631,2024,010534631,1,9,0,99,99,9,9,99,99,1,9,99,9,99,9,9,6,6,1,59,9,1969,2,8,VOLVO XC60,3,E01002278,0,3
2024622400499,2024,622400499,2,9,0,18,19,1,5,0,0,2,0,0,0,0,1,1,6,6,1,57,9,1969,2,10,VOLVO XC60,4,W01000882,0,1
2024320368401,2024,320368401,2,9,0,3,3,8,4,0,0,0,0,0,0,0,1,1,-1,-1,1,80,11,2400,2,8,VOLVO XC60,5,E01027800,0,5
2024010515244,2024,010515244,1,9,0,9,9,3,2,0,0,5,0,0,0,0,1,1,6,6,1,61,9,1969,1,6,VOLVO XC60,5,E01001931,0,1
2024010494437,2024,010494437,2,9,9,99,99,9,9,99,99,9,9,99,9,99,9,9,6,6,3,-1,-1,1969,2,8,VOLVO XC60,-1,-1,0,-1
2024430026893,2024,430026893,1,9,0,18,19,5,1,0,0,4,0,0,0,0,1,1,6,6,1,28,6,1969,2,7,VOLVO XC60,-1,-1,0,-1
2024302401392,2024,302401392,1,9,0,18,19,3,7,0,0,0,0,0,1,11,1,1,6,6,2,35,6,2400,2,8,VOLVO XC60,8,E01019414,0,1
2024061445652,2024,061445652,1,9,0,-1,99,2,6,-1,99,0,9,99,9,99,1,1,-1,6,2,-1,-1,1969,2,9,VOLVO XC60,2,E01006344,0,1
2024131408093,2024,131408093,2,9,0,-1,19,1,5,-1,0,0,0,0,0,0,1,1,-1,6,1,54,8,2400,2,15,VOLVO XC60,2,E01011918,0,3
2024010520218,2024,010520218,1,9,0,1,1,5,7,0,0,2,0,0,0,0,2,1,6,6,1,32,6,1969,2,9,VOLVO XC60,3,E01004211,0,1
2024421473174,2024,421473174,3,9,0,-1,4,3,7,-1,0,0,0,0,0,0,2,1,-1,9,1,71,10,1969,2,8,VOLVO XC60,5,E01021388,0,2
2024501486031,2024,501486031,1,9,0,-1,4,2,7,-1,0,0,2,0,8,10,3,1,-1,9,1,36,7,1969,2,5,VOLVO XC60,6,E01020160,0,2
2024052402515,2024,052402515,2,9,0,18,19,7,3,0,0,8,0,0,0,0,1,1,2,2,2,43,7,1969,8,0,VOLVO XC60,1,E01006863,0,4
2024531479770,2024,531479770,1,9,0,-1,19,7,3,-1,0,1,0,0,3,0,3,1,-1,9,2,43,7,1969,8,1,VOLVO XC60,-1,-1,0,-1
2024302401747,2024,302401747,2,9,0,-1,19,5,2,-1,0,0,0,0,0,0,1,1,-1,9,1,40,7,1969,1,5,VOLVO XC60,10,E01019599,0,3
2024430535788,2024,430535788,4,9,0,3,3,4,8,0,0,8,0,0,0,0,2,1,6,6,3,32,6,1969,1,8,VOLVO XC60,10,E01016548,0,3
2024052401746,2024,052401746,6,9,0,18,19,1,5,0,0,0,0,0,0,0,1,1,1,1,1,-1,-1,1969,2,5,VOLVO XC60,1,E01006437,0,2
2024461526183,2024,461526183,1,9,0,-1,4,8,5,-1,0,1,0,0,0,0,1,9,-1,6,1,60,9,2400,2,8,VOLVO XC60,5,E01024749,0,3
2024440287439,2024,440287439,1,9,0,18,19,6,3,0,0,0,0,0,0,0,0,1,6,6,3,-1,-1,1969,8,4,VOLVO XC60,-1,-1,0,-1
2024451488276,2024,451488276,2,9,0,-1,19,1,7,-1,0,4,0,0,0,0,0,1,-1,1,1,35,6,1969,12,2,VOLVO XC60,4,E01031575,0,3