collision_index,collision_year,collision_ref_no,vehicle_reference,vehicle_type,towing_and_articulation,vehicle_manoeuvre_historic,vehicle_manoeuvre,vehicle_direction_from,vehicle_direction_to,vehicle_location_restricted_lane_historic,vehicle_location_restricted_lane,junction_location,skidding_and_overturning,hit_object_in_carriageway,vehicle_leaving_carriageway,hit_object_off_carriageway,first_point_of_impact,vehicle_left_hand_drive,journey_purpose_of_driver_historic,journey_purpose_of_driver,sex_of_driver,age_of_driver,age_band_of_driver,engine_capacity_cc,propulsion_code,age_of_vehicle,generic_make_model,driver_imd_decile,lsoa_of_driver,escooter_flag,driver_distance_banding
2024991484838,2024,991484838,1,9,0,-1,19,5,1,-1,0,1,1,0,1,0,1,1,-1,8,1,46,8,1969,12,1,VOLVO XC60,-1,-1,0,-1
2024631414840,2024,631414840,2,9,0,-1,19,8,4,-1,0,0,0,0,0,0,1,1,-1,1,1,55,8,1969,8,3,VOLVO XC60,8,W01000597,0,4
2024440000662,2024,440000662,1,9,0,18,19,2,6,0,0,0,5,0,1,4,4,1,6,6,1,48,8,1969,2,6,VOLVO XC60,7,E01023223,0,2
2024221412110,2024,221412110,2,9,0,-1,7,6,2,-1,0,5,0,0,0,0,2,1,-1,6,2,37,7,1969,2,6,VOLVO XC60,10,E01014091,0,1
2024461493632,2024,461493632,2,9,0,-1,19,7,5,-1,0,8,0,0,0,0,1,1,-1,9,1,54,8,2400,2,7,VOLVO XC60,8,E01024328,0,1
2024231518510,2024,231518510,3,9,0,-1,19,8,4,-1,0,1,0,0,1,9,4,9,-1,9,2,39,7,2400,2,8,VOLVO XC60,6,E01031194,0,1
2024522500285,2024,522500285,2,9,0,5,5,1,5,0,0,6,0,0,0,0,3,1,6,6,2,33,6,1969,8,4,VOLVO XC60,7,E01014491,0,1
2024141440154,2024,141440154,1,9,0,-1,19,3,1,-1,0,4,0,0,0,0,2,1,-1,1,2,53,8,1984,2,14,VOLVO XC60,10,E01013114,0,4
2024501470649,2024,501470649,1,9,0,-1,19,3,1,-1,0,0,0,0,0,0,1,9,-1,6,1,47,8,1969,2,8,VOLVO XC60,7,E01018795,0,1
2024221479683,2024,221479683,3,9,0,-1,10,8,7,-1,0,8,0,0,0,0,2,1,-1,6,2,42,7,1969,2,8,VOLVO XC60,5,E01014017,0,4
2024141520748,2024,141520748,2,9,0,-1,5,5,1,-1,0,0,0,0,0,0,2,1,-1,9,1,41,7,2400,2,9,VOLVO XC60,6,E01013072,0,4
2024201503640,2024,201503640,1,9,0,-1,9,5,3,-1,0,5,0,0,0,0,1,1,-1,6,1,25,5,1969,8,0,VOLVO XC60,2,E01008944,0,2
2024552400516,2024,552400516,2,9,0,18,19,5,1,0,0,8,0,0,0,0,1,1,6,6,1,27,6,1969,8,4,VOLVO XC60,3,E01020574,0,1
2024471488286,2024,471488286,3,9,0,-1,4,3,7,-1,0,0,0,0,0,0,2,1,-1,2,1,55,8,1969,2,7,VOLVO XC60,8,E01016931,0,3
2024430258918,2024,430258918,1,9,0,3,3,6,2,0,0,0,0,0,0,0,2,1,6,6,2,34,6,1969,8,2,VOLVO XC60,7,E01030361,0,4
2024440350250,2024,440350250,1,9,0,1,1,5,1,0,0,0,0,0,0,0,2,1,6,6,1,-1,-1,1969,2,10,VOLVO XC60,-1,-1,0,-1
2024340WN4332,2024,340WN4332,3,9,0,-1,19,3,7,-1,0,0,0,0,0,0,1,1,-1,1,2,49,8,1969,8,1,VOLVO XC60,7,E01027162,0,1
2024052402257,2024,052402257,2,9,0,18,19,2,6,0,0,1,0,0,0,0,4,1,6,6,1,64,9,1969,2,9,VOLVO XC60,7,E01006792,0,1
2024201444633,2024,201444633,1,9,0,-1,19,5,1,-1,0,0,0,0,0,0,1,1,-1,6,1,49,8,2400,2,10,VOLVO XC60,-1,-1,0,-1
2024161402741,2024,161402741,2,9,0,-1,19,2,6,-1,0,2,0,0,0,0,1,1,-1,9,1,29,6,1969,8,2,VOLVO XC60,1,E01012833,0,2
2024061525037,2024,061525037,2,9,0,-1,19,4,8,-1,0,0,1,0,0,0,1,9,-1,6,1,68,10,1969,2,6,VOLVO XC60,2,E01005704,0,1
2024332400563,2024,332400563,1,9,0,-1,3,1,5,-1,0,0,0,0,0,0,1,1,-1,1,1,36,7,2400,2,9,VOLVO XC60,1,E01027819,0,5
2024549444424,2024,549444424,1,9,0,9,9,8,5,0,0,5,0,0,0,0,1,1,6,6,2,53,8,1969,2,8,VOLVO XC60,9,E01032034,0,1
2024451408430,2024,451408430,3,9,0,-1,19,5,1,-1,0,0,0,0,0,0,2,1,-1,9,1,41,7,2400,2,12,VOLVO XC60,5,E01030862,0,3
2024131461888,2024,131461888,2,9,0,-1,19,7,3,-1,0,8,0,0,0,0,0,1,-1,9,1,62,9,2400,2,13,VOLVO XC60,1,E01010674,0,1
2024631446578,2024,631446578,1,9,0,-1,19,7,4,-1,0,0,0,0,2,2,4,1,-1,9,1,58,9,2400,2,12,VOLVO XC60,8,W01002013,0,1
2024440119196,2024,440119196,1,9,0,18,19,1,5,0,0,8,0,0,0,0,4,1,6,6,2,63,9,1969,8,3,VOLVO XC60,5,W01000496,0,5
202454A857124,2024,54A857124,1,9,0,7,7,5,1,0,0,6,0,0,0,0,3,1,6,6,1,53,8,1969,8,0,VOLVO XC60,-1,-1,0,-1
2024430165682,2024,430165682,2,9,0,4,4,3,7,0,0,0,0,0,0,0,2,1,6,6,1,73,10,1969,2,5,VOLVO XC60,3,E01016501,0,3
2024471418776,2024,471418776,2,9,0,-1,4,6,2,-1,0,0,0,0,0,0,2,1,-1,9,2,52,8,1969,2,7,VOLVO XC60,3,E01031598,0,1
2024010549711,2024,010549711,1,9,0,4,4,1,5,0,0,1,0,0,0,0,1,1,6,6,1,36,7,1969,8,2,VOLVO XC60,9,E01003812,0,1
2024010529421,2024,010529421,1,9,9,99,99,9,9,99,99,6,9,99,9,99,9,9,6,6,3,43,7,1969,2,8,VOLVO XC60,10,E01004117,0,2
2024311458878,2024,311458878,2,9,0,-1,9,3,1,-1,0,8,0,0,0,0,1,1,-1,2,1,61,9,1969,2,7,VOLVO XC60,10,E01028199,0,3
202454A401124,2024,54A401124,1,9,0,5,5,7,2,0,0,6,0,0,0,0,3,1,6,6,1,54,8,1969,2,8,VOLVO XC60,9,E01015535,0,2
2024010535764,2024,010535764,2,9,0,18,19,2,6,0,0,8,0,0,0,0,1,1,6,6,1,33,6,2400,2,9,VOLVO XC60,5,E01000589,0,1
2024501454563,2024,501454563,1,9,0,-1,19,3,7,-1,0,1,0,0,0,0,4,1,-1,6,1,83,11,1969,2,9,VOLVO XC60,5,E01018955,0,2
2024332400823,2024,332400823,2,9,0,-1,9,3,4,-1,0,5,0,0,0,0,3,1,-1,9,1,41,7,1969,8,1,VOLVO XC60,5,E01013671,0,1
2024471455486,2024,471455486,2,9,0,-1,19,1,5,-1,0,0,0,0,0,0,3,1,-1,2,1,51,8,1969,8,1,VOLVO XC60,8,E01034821,0,1
2024421429784,2024,421429784,2,9,0,-1,19,2,6,-1,0,0,1,0,0,0,1,1,-1,9,2,51,8,1969,8,3,VOLVO XC60,7,E01021978,0,2
2024401435592,2024,401435592,1,9,-1,-1,-1,-1,-1,-1,-1,0,-1,-1,-1,0,-1,9,-1,6,3,-1,-1,1969,8,1,VOLVO XC60,-1,-1,0,-1
2024221451616,2024,221451616,1,9,0,-1,5,1,5,-1,0,0,0,10,0,0,1,9,-1,9,2,80,11,1969,12,2,VOLVO XC60,9,E01029009,0,1
2024052401737,2024,052401737,3,9,0,18,19,1,5,0,0,1,0,0,0,0,0,1,1,1,1,-1,-1,1969,2,5,VOLVO XC60,-1,-1,0,-1
2024451467655,2024,451467655,2,9,0,-1,19,1,5,-1,0,2,0,0,0,0,3,1,-1,6,1,69,10,1969,2,6,VOLVO XC60,8,E01030865,0,1
2024440269666,2024,440269666,2,9,0,9,9,6,4,0,0,8,0,0,0,0,4,1,6,6,1,41,7,2400,2,11,VOLVO XC60,8,E01017215,0,1
2024231462083,2024,231462083,1,9,0,-1,9,1,2,-1,0,6,0,0,0,0,1,9,-1,6,1,78,11,1969,2,9,VOLVO XC60,7,E01031038,0,1
2024101528114,2024,101528114,1,9,0,-1,2,0,0,-1,0,8,0,0,0,0,1,1,-1,7,1,37,7,1969,8,2,VOLVO XC60,8,E01035628,0,2
2024131435764,2024,131435764,2,9,0,-1,5,5,1,-1,0,4,0,0,0,0,1,1,-1,9,2,29,6,1969,1,5,VOLVO XC60,1,E01011739,0,1
2024991482252,2024,991482252,1,9,0,-1,19,4,7,-1,0,8,0,0,0,0,3,1,-1,9,1,39,7,1969,8,5,VOLVO XC60,7,-1,0,1
2024991449635,2024,991449635,1,9,0,-1,19,1,5,-1,0,0,1,0,1,4,1,1,-1,6,2,38,7,1969,12,3,VOLVO XC60,10,-1,0,1
2024411503346,2024,411503346,1,9,0,-1,19,8,4,-1,0,1,0,0,0,0,4,1,-1,9,1,58,9,1984,2,13,VOLVO XC60,2,-1,0,5
2024371471734,2024,371471734,2,9,0,-1,19,1,5,-1,0,8,0,0,0,0,1,1,-1,9,1,64,9,2400,2,8,VOLVO XC60,9,E01030045,0,3
2024302401611,2024,302401611,1,9,0,5,5,5,4,0,0,6,0,0,1,0,1,1,6,6,1,39,7,2400,2,10,VOLVO XC60,4,E01006047,0,1
2024061508246,2024,061508246,1,9,0,-1,19,6,1,-1,0,1,0,0,0,0,1,1,-1,2,1,60,9,2400,2,10,VOLVO XC60,10,E01018569,0,4
2024461526896,2024,461526896,2,9,0,-1,2,0,0,-1,0,0,0,0,0,0,1,1,-1,6,-1,-1,-1,1969,8,0,VOLVO XC60,-1,-1,0,-1
2024201534784,2024,201534784,2,9,0,-1,3,4,8,-1,0,0,0,0,0,0,2,1,-1,6,2,41,7,2400,2,8,VOLVO XC60,-1,-1,0,-1
2024501414374,2024,501414374,2,9,0,-1,19,3,7,-1,0,0,0,0,0,0,3,1,-1,6,2,-1,-1,2400,2,11,VOLVO XC60,9,E01020090,0,1
2024122400913,2024,122400913,2,9,0,17,19,1,5,0,0,0,0,0,0,0,2,1,6,6,2,65,9,1969,2,4,VOLVO XC60,9,E01027900,0,1
2024451534467,2024,451534467,1,9,0,-1,19,8,2,-1,0,0,0,0,0,0,1,1,-1,9,1,57,9,1969,2,10,VOLVO XC60,4,E01030805,0,1
2024522500216,2024,522500216,2,9,0,9,9,3,1,0,0,5,0,0,0,0,4,1,6,6,3,-1,-1,2400,2,7,VOLVO XC60,-1,-1,0,-1
2024520402335,2024,520402335,1,9,0,18,19,1,6,0,0,8,0,0,1,2,1,1,6,6,2,26,6,1984,2,13,VOLVO XC60,1,E01029292,0,2
2024201476179,2024,201476179,1,9,0,-1,7,2,4,-1,0,6,0,10,1,0,4,1,-1,6,2,48,8,1969,8,0,VOLVO XC60,9,E01032533,0,1
2024351408859,2024,351408859,1,9,0,-1,5,3,7,-1,9,6,0,0,0,0,-1,9,-1,9,1,64,9,1969,8,1,VOLVO XC60,-1,-1,0,-1
2024361493842,2024,361493842,2,9,0,-1,4,4,8,-1,0,0,0,0,0,0,2,1,-1,6,2,40,7,1969,2,8,VOLVO XC60,3,E01026782,0,4
2024010539885,2024,010539885,3,9,0,9,9,8,5,0,0,6,0,0,0,0,1,1,6,6,2,41,7,1969,2,10,VOLVO XC60,3,E01002605,0,1
2024991526437,2024,991526437,1,9,0,-1,1,5,2,-1,0,0,0,0,0,0,2,1,-1,6,1,21,5,2400,2,14,VOLVO XC60,4,-1,0,3
2024111449298,2024,111449298,2,9,0,-1,4,8,4,-1,0,0,0,0,0,0,2,1,-1,6,1,72,10,1969,-1,2,VOLVO XC60,3,E01020801,0,1
2024631432522,2024,631432522,2,9,0,-1,19,1,5,-1,0,0,0,0,0,0,3,1,-1,2,2,59,9,1969,2,6,VOLVO XC60,7,W01000577,0,5
2024211464297,2024,211464297,2,9,0,-1,19,5,1,-1,0,1,0,0,0,0,1,1,-1,2,2,28,6,2400,2,11,VOLVO XC60,5,E01014319,0,3
2024010509196,2024,010509196,1,9,0,2,2,0,0,9,9,0,0,0,0,0,3,1,6,6,3,-1,-1,1969,8,6,VOLVO XC60,-1,-1,0,-1
2024440497234,2024,440497234,2,9,0,18,19,6,2,0,0,8,1,0,1,0,2,1,6,6,1,74,10,2400,2,7,VOLVO XC60,7,E01022620,0,1
2024549527124,2024,549527124,2,9,0,18,19,6,2,0,0,1,0,0,0,0,1,1,2,2,1,64,9,1969,2,8,VOLVO XC60,-1,-1,0,-1
2024520402630,2024,520402630,1,9,0,1,1,5,8,0,0,0,5,0,0,0,1,1,6,6,1,59,9,2400,2,7,VOLVO XC60,6,E01029270,0,1
2024122400635,2024,122400635,1,9,0,18,19,7,3,0,0,1,0,0,1,0,1,1,6,6,1,81,11,2400,2,8,VOLVO XC60,10,E01026413,0,4
2024010510302,2024,010510302,2,9,0,2,2,0,0,0,0,2,0,0,0,0,2,1,6,6,3,-1,-1,1969,1,5,VOLVO XC60,-1,-1,0,-1
2024131422176,2024,131422176,1,9,0,-1,19,3,7,-1,0,0,0,0,0,0,1,1,-1,9,1,24,5,1969,2,5,VOLVO XC60,1,E01011003,0,1
2024471530999,2024,471530999,1,9,0,-1,9,2,8,-1,0,6,0,0,0,0,1,1,-1,9,1,67,10,1969,2,6,VOLVO XC60,6,E01021205,0,3
2024010524176,2024,010524176,1,9,0,99,99,9,9,99,99,9,9,99,9,99,1,9,6,6,1,44,7,1969,8,3,VOLVO XC60,4,E01004643,0,1
2024131418649,2024,131418649,1,9,0,-1,19,1,5,-1,0,4,0,0,0,0,1,1,-1,9,2,28,6,1969,2,10,VOLVO XC60,1,E01011789,0,4
2024631508174,2024,631508174,2,9,0,-1,19,6,2,-1,0,0,0,0,0,0,1,1,-1,6,1,54,8,1969,2,8,VOLVO XC60,6,W01000701,0,1
2024141516642,2024,141516642,2,9,0,-1,19,7,4,-1,0,3,0,0,0,0,1,1,-1,2,1,62,9,1969,8,0,VOLVO XC60,10,E01007617,0,2
2024471477369,2024,471477369,1,9,0,-1,19,8,4,-1,0,0,0,0,0,0,1,1,-1,9,2,64,9,2400,2,7,VOLVO XC60,8,E01030928,0,3
2024211519656,2024,211519656,2,9,0,-1,19,1,5,-1,0,0,0,11,0,0,1,1,-1,9,2,32,6,1969,2,6,VOLVO XC60,4,E01019309,0,5
2024131501358,2024,131501358,5,9,0,-1,19,1,5,-1,0,0,0,0,0,0,4,1,-1,9,1,58,9,1969,2,8,VOLVO XC60,9,-1,0,5
2024061507211,2024,061507211,1,9,0,-1,8,-1,-1,-1,0,1,0,0,0,0,1,1,-1,6,1,-1,-1,2400,2,8,VOLVO XC60,-1,-1,0,-1
2024161418914,2024,161418914,2,9,0,-1,19,2,6,-1,0,0,0,1,0,0,3,1,-1,9,1,85,11,1969,2,6,VOLVO XC60,6,E01012922,0,1
2024440038828,2024,440038828,1,9,0,18,19,7,3,0,0,1,0,10,0,0,4,1,6,6,2,44,7,1969,2,5,VOLVO XC60,-1,-1,0,-1
2024451471647,2024,451471647,2,9,0,-1,5,5,1,-1,0,8,0,0,0,0,3,1,-1,9,1,60,9,1969,2,7,VOLVO XC60,8,E01030915,0,1
202417L406024,2024,17L406024,2,9,0,-1,19,7,3,-1,0,8,0,0,0,0,1,1,-1,9,2,41,7,1969,8,2,VOLVO XC60,2,E01012159,0,1
2024421487398,2024,421487398,1,9,0,-1,19,5,1,-1,0,0,0,0,0,0,1,9,-1,6,3,-1,-1,1969,2,9,VOLVO XC60,-1,-1,0,-1
2024401434234,2024,401434234,2,9,0,-1,19,1,5,-1,0,0,0,0,0,0,2,1,-1,6,2,49,8,1969,12,3,VOLVO XC60,10,E01023372,0,4
2024141534526,2024,141534526,2,9,0,-1,10,4,2,-1,0,1,0,0,0,0,2,1,-1,9,2,55,8,1969,2,9,VOLVO XC60,4,E01007675,0,1
2024010507818,2024,010507818,1,9,0,7,7,1,3,0,0,1,0,0,0,0,1,1,1,1,1,49,8,1969,1,5,VOLVO XC60,6,E01001829,0,1
2024340NN0212,2024,340NN0212,1,9,0,-1,9,7,5,-1,0,6,0,0,0,0,3,1,-1,6,1,35,6,2400,2,9,VOLVO XC60,8,E01035415,0,1
2024421449957,2024,421449957,1,9,0,-1,9,3,1,-1,0,1,0,0,0,0,4,1,-1,6,1,79,11,1969,2,8,VOLVO XC60,-1,-1,0,-1
2024430291878,2024,430291878,2,9,0,9,9,8,7,0,0,6,0,0,0,0,1,1,2,2,1,55,8,1969,2,7,VOLVO XC60,7,E01017673,0,3
2024401428251,2024,401428251,2,9,0,-1,3,4,8,-1,0,0,0,0,0,0,2,1,-1,9,2,34,6,1969,2,7,VOLVO XC60,3,E01017518,0,1
2024411529194,2024,411529194,1,9,-1,-1,-1,-1,-1,-1,-1,-1,-1,-1,-1,0,1,9,-1,6,1,-1,-1,1969,8,1,VOLVO XC60,9,E01023674,0,1
2024211473951,2024,211473951,1,9,0,-1,19,3,7,-1,0,2,0,0,0,0,1,1,-1,9,2,27,6,2400,2,12,VOLVO XC60,8,E01029794,0,1
2024061489377,2024,061489377,2,9,-1,-1,-1,-1,-1,-1,-1,-1,-1,-1,-1,0,-1,9,-1,6,3,-1,-1,1969,1,7,VOLVO XC60,-1,-1,0,-1
2024010509698,2024,010509698,1,9,0,99,99,9,9,99,99,9,9,99,9,99,2,9,6,6,1,35,6,1969,8,1,VOLVO XC60,7,E01033911,0,1
2024461459560,2024,461459560,2,9,0,-1,2,0,0,-1,0,0,0,0,0,0,4,1,-1,6,-1,-1,-1,2400,2,13,VOLVO XC60,-1,-1,0,-1
2024361449376,2024,361449376,1,9,0,-1,5,5,1,-1,0,8,0,0,0,0,4,1,-1,6,2,61,9,2400,2,8,VOLVO XC60,3,E01026694,0,1
2024440226440,2024,440226440,1,9,0,13,13,2,6,0,0,2,0,0,0,0,1,1,6,6,1,62,9,1969,2,7,VOLVO XC60,9,E01032615,0,1
2024052401294,2024,052401294,1,9,0,18,19,5,1,0,0,1,0,0,0,0,1,1,1,1,1,-1,-1,1969,2,5,VOLVO XC60,-1,-1,0,-1
2024991527872,2024,991527872,1,9,0,-1,9,2,7,-1,0,0,0,0,0,0,1,1,-1,1,2,55,8,1969,8,5,VOLVO XC60,10,-1,0,1
2024311400229,2024,311400229,1,9,0,-1,9,7,5,-1,0,4,0,0,0,0,1,1,-1,2,1,60,9,2400,2,8,VOLVO XC60,8,E01028204,0,1
2024501410760,2024,501410760,1,9,0,-1,19,8,4,-1,0,1,0,0,0,0,1,9,-1,9,1,47,8,1969,2,8,VOLVO XC60,4,E01018924,0,3
2024471396760,2024,471396760,1,9,0,-1,19,8,4,-1,0,0,0,0,0,0,1,1,-1,9,2,59,9,1984,2,13,VOLVO XC60,6,E01031770,0,1
2024010536920,2024,010536920,2,9,0,18,19,2,6,0,0,4,0,0,0,0,1,1,2,2,1,39,7,1969,2,8,VOLVO XC60,-1,-1,0,-1
2024311518412,2024,311518412,1,9,0,-1,19,2,2,-1,0,1,0,0,0,0,1,1,-1,9,1,77,11,1969,8,2,VOLVO XC60,10,E01028089,0,2
2024991424203,2024,991424203,2,9,0,-1,7,3,7,-1,0,1,0,0,0,0,2,1,-1,9,1,61,9,2400,2,10,VOLVO XC60,9,-1,0,5
2024461534955,2024,461534955,2,9,0,-1,9,1,4,-1,0,1,0,0,0,0,3,1,-1,6,2,59,9,2400,2,8,VOLVO XC60,3,E01024195,0,1
2024010548950,2024,010548950,2,9,0,5,5,1,5,0,0,0,0,0,0,0,1,1,6,6,1,42,7,1969,12,2,VOLVO XC60,6,E01000069,0,1
2024332401134,2024,332401134,2,9,0,-1,12,5,1,-1,0,0,0,2,5,0,1,1,-1,9,2,34,6,2400,2,9,VOLVO XC60,10,E01017935,0,5
2024052401141,2024,052401141,2,9,0,7,7,3,7,0,0,6,0,0,0,0,1,1,6,6,1,53,8,2400,2,14,VOLVO XC60,4,E01006641,0,2
2024302400843,2024,302400843,1,9,0,9,9,6,5,0,0,8,0,0,0,0,4,1,1,1,2,57,9,1969,8,1,VOLVO XC60,4,E01019750,0,4
2024340NN4652,2024,340NN4652,2,9,0,-1,19,3,7,-1,0,0,0,0,0,0,0,1,-1,6,1,-1,-1,1969,8,1,VOLVO XC60,6,E01027090,0,1
2024201567108,2024,201567108,1,9,0,-1,9,1,5,-1,0,0,0,0,0,0,4,9,-1,6,1,-1,-1,1969,8,2,VOLVO XC60,-1,-1,0,-1
202454F131524,2024,54F131524,1,9,0,18,19,8,4,0,0,0,0,0,0,0,1,1,6,6,2,44,7,1984,2,11,VOLVO XC60,6,W01001593,0,4
2024041445822,2024,041445822,3,9,0,-1,2,0,0,-1,9,2,0,0,0,0,1,1,-1,6,-1,-1,-1,1984,2,11,VOLVO XC60,-1,-1,0,-1
2024122401055,2024,122401055,1,9,0,7,7,5,7,0,0,8,0,0,1,1,4,1,6,6,1,55,8,1969,2,5,VOLVO XC60,2,E01020744,0,4
2024361523090,2024,361523090,2,9,0,-1,3,4,8,-1,0,0,0,0,0,0,2,1,-1,9,2,33,6,1969,1,6,VOLVO XC60,5,E01026878,0,3
2024471431129,2024,471431129,1,9,0,-1,19,1,5,-1,0,0,0,0,0,0,4,1,-1,6,1,73,10,2400,2,14,VOLVO XC60,8,E01031617,0,1
2024010489093,2024,010489093,1,9,0,2,2,0,0,0,0,1,0,0,0,0,2,1,6,6,3,-1,-1,1969,1,7,VOLVO XC60,-1,-1,0,-1
2024031491708,2024,031491708,1,9,0,-1,19,7,3,-1,0,0,0,0,0,0,1,1,-1,9,1,46,8,2400,2,7,VOLVO XC60,8,-1,0,5
2024421471814,2024,421471814,1,9,0,-1,9,1,7,-1,0,8,0,0,0,0,1,1,-1,9,1,64,9,1969,2,6,VOLVO XC60,7,E01022071,0,1
2024061530031,2024,061530031,2,9,0,-1,9,4,1,-1,0,8,0,0,0,0,1,1,-1,2,2,57,9,1969,2,8,VOLVO XC60,9,E01025343,0,4
2024320698913,2024,320698913,1,9,0,-1,-1,1,4,0,0,0,0,0,0,0,1,1,-1,-1,1,66,10,2400,2,7,VOLVO XC60,3,E01034686,0,4
2024461508640,2024,461508640,3,9,0,-1,19,7,1,-1,0,0,0,0,0,0,3,1,-1,9,1,38,7,1969,8,0,VOLVO XC60,8,E01016095,0,1
2024451448289,2024,451448289,1,9,0,-1,19,7,3,-1,0,0,0,0,0,0,1,1,-1,9,2,44,7,1969,8,4,VOLVO XC60,10,E01022661,0,4
202460Q171961,2024,60Q171961,2,9,0,18,19,5,1,0,0,7,0,0,0,0,4,1,6,6,2,45,7,1969,2,6,VOLVO XC60,-1,-1,0,-1
2024430277314,2024,430277314,1,9,0,2,2,0,0,0,0,2,0,0,0,0,3,1,3,7,2,32,6,1969,2,5,VOLVO XC60,-1,-1,0,-1
2024302400034,2024,302400034,1,9,0,3,3,8,4,0,0,0,0,0,0,0,2,1,1,1,1,25,5,1969,8,3,VOLVO XC60,10,E01007824,0,2
2024631416205,2024,631416205,1,9,0,-1,19,8,4,-1,0,0,0,0,1,11,4,1,-1,6,1,83,11,1969,2,6,VOLVO XC60,6,W01000524,0,1
2024302401187,2024,302401187,2,9,0,18,19,5,1,0,0,0,0,0,0,0,4,1,6,6,1,46,8,1969,2,7,VOLVO XC60,10,E01033103,0,3
2024161423579,2024,161423579,1,9,0,-1,3,4,8,-1,0,0,0,0,0,0,3,9,-1,6,2,56,9,2400,2,11,VOLVO XC60,4,E01026367,0,2
2024991473518,2024,991473518,2,9,0,-1,19,5,1,-1,0,0,1,0,7,0,2,1,-1,9,1,61,9,1969,8,0,VOLVO XC60,-1,-1,0,-1
2024991395453,2024,991395453,1,9,0,-1,10,2,6,-1,0,6,0,0,0,0,1,1,-1,6,1,69,10,1969,12,3,VOLVO XC60,8,-1,0,1
2024421453488,2024,421453488,2,9,0,-1,19,2,7,-1,0,0,0,0,0,0,3,1,-1,9,1,56,9,1969,-1,1,VOLVO XC60,6,E01022096,0,1
2024501509836,2024,501509836,3,9,0,-1,2,0,0,-1,0,0,0,0,0,0,2,1,-1,6,1,-1,-1,2400,2,10,VOLVO XC60,9,E01020089,0,1
2024061417342,2024,061417342,2,9,0,-1,19,1,5,-1,0,8,0,0,0,0,1,1,-1,9,2,54,8,1969,12,1,VOLVO XC60,-1,-1,0,-1
2024231476455,2024,231476455,2,9,0,-1,19,4,8,-1,0,1,0,0,0,0,1,1,-1,6,2,64,9,2400,2,11,VOLVO XC60,7,E01035029,0,3
2024430174208,2024,430174208,1,9,0,18,19,3,7,0,0,0,0,0,0,0,1,1,2,2,1,51,8,1969,2,10,VOLVO XC60,9,E01028723,0,3
2024201504104,2024,201504104,1,9,0,-1,4,3,7,-1,0,1,0,0,0,0,2,1,-1,6,1,52,8,1969,8,2,VOLVO XC60,8,E01029519,0,2
2024430386401,2024,430386401,1,9,0,13,13,1,4,0,0,0,0,0,0,0,1,1,6,6,1,70,10,2400,2,7,VOLVO XC60,-1,-1,0,-1
2024440311631,2024,440311631,3,9,0,18,19,1,5,0,0,2,0,0,0,0,1,1,6,6,1,-1,-1,1969,1,5,VOLVO XC60,-1,-1,0,-1
2024070782036,2024,070782036,1,9,0,-1,9,5,1,-1,0,1,0,0,0,0,4,1,-1,9,2,33,6,1969,2,7,VOLVO XC60,6,E01012501,0,1
2024461467141,2024,461467141,1,9,0,-1,12,2,6,-1,9,0,1,11,1,0,1,1,-1,9,1,46,8,2400,2,12,VOLVO XC60,5,E01033089,0,1
2024351521565,2024,351521565,2,9,0,-1,9,8,6,-1,0,6,0,0,0,0,1,1,-1,2,1,46,8,1969,2,10,VOLVO XC60,10,E01018267,0,2
2024401420569,2024,401420569,2,9,0,-1,19,3,1,-1,0,4,0,0,0,0,4,1,-1,6,1,73,10,1969,2,9,VOLVO XC60,9,E01017372,0,1
2024991501294,2024,991501294,1,9,0,-1,19,1,5,-1,0,0,0,0,0,0,1,1,-1,6,2,47,8,1969,2,7,VOLVO XC60,10,-1,0,3
2024131438248,2024,131438248,2,9,0,-1,2,0,0,-1,0,0,0,0,0,0,3,1,-1,6,3,-1,-1,2400,2,10,VOLVO XC60,-1,-1,0,-1
2024061433650,2024,061433650,2,9,0,-1,19,7,3,-1,0,0,0,0,0,0,2,9,-1,6,2,50,8,1969,2,7,VOLVO XC60,10,E01005787,0,1
2024411512591,2024,411512591,1,9,-1,-1,-1,-1,-1,-1,-1,0,-1,-1,-1,0,-1,9,-1,6,1,54,8,1969,2,8,VOLVO XC60,8,E01000233,0,3
2024991477532,2024,991477532,3,9,0,-1,2,0,0,-1,-1,0,0,0,0,0,2,1,-1,6,1,35,6,1969,8,0,VOLVO XC60,5,-1,0,4
202417S212824,2024,17S212824,3,9,0,-1,8,0,0,-1,0,0,0,0,0,0,3,1,-1,2,2,48,8,2400,2,13,VOLVO XC60,7,E01020796,0,3
2024010547599,2024,010547599,1,9,0,99,99,9,9,99,99,9,9,99,9,99,1,9,6,6,1,57,9,1969,8,0,VOLVO XC60,10,E01000772,0,1
2024361484655,2024,361484655,2,9,0,-1,10,4,2,-1,0,8,0,0,0,0,2,9,-1,9,1,61,9,1969,8,5,VOLVO XC60,1,E01033437,0,1
2024010532124,2024,010532124,1,9,0,99,99,9,9,99,99,9,9,99,9,99,2,9,6,6,3,-1,-1,1969,2,7,VOLVO XC60,-1,-1,0,-1
2024010536945,2024,010536945,2,9,9,99,99,9,9,99,99,9,9,99,9,99,1,9,6,6,3,-1,-1,1969,8,2,VOLVO XC60,-1,-1,0,-1
2024411441089,2024,411441089,1,9,0,-1,19,1,5,-1,0,0,0,0,0,0,1,1,-1,9,1,66,10,1969,8,4,VOLVO XC60,9,E01023597,0,1