collision_index,collision_year,collision_ref_no,vehicle_reference,vehicle_type,towing_and_articulation,vehicle_manoeuvre_historic,vehicle_manoeuvre,vehicle_direction_from,vehicle_direction_to,vehicle_location_restricted_lane_historic,vehicle_location_restricted_lane,junction_location,skidding_and_overturning,hit_object_in_carriageway,vehicle_leaving_carriageway,hit_object_off_carriageway,first_point_of_impact,vehicle_left_hand_drive,journey_purpose_of_driver_historic,journey_purpose_of_driver,sex_of_driver,age_of_driver,age_band_of_driver,engine_capacity_cc,propulsion_code,age_of_vehicle,generic_make_model,driver_imd_decile,lsoa_of_driver,escooter_flag,driver_distance_banding
2024010519724,2024,010519724,2,9,0,9,9,1,7,0,0,8,0,0,0,0,1,1,6,6,1,53,8,1969,2,10,VOLVO XC60,9,E01000966,0,1
2024421526438,2024,421526438,1,9,0,-1,5,6,4,-1,0,2,0,0,0,0,1,1,-1,7,2,35,6,2400,2,11,VOLVO XC60,6,E01021348,0,1
2024141447952,2024,141447952,1,9,0,-1,9,1,7,-1,0,0,0,0,0,0,2,1,-1,9,1,39,7,2400,2,9,VOLVO XC60,3,E01007490,0,1
2024451425174,2024,451425174,1,9,0,-1,5,5,1,-1,0,4,0,0,0,0,1,1,-1,9,1,59,9,1969,8,4,VOLVO XC60,7,E01031516,0,4
2024131396146,2024,131396146,1,9,0,-1,19,6,2,-1,0,2,0,0,0,0,1,1,-1,2,2,42,7,2400,2,11,VOLVO XC60,3,E01011940,0,2
2024340WN2952,2024,340WN2952,1,9,0,-1,-1,1,5,-1,0,1,0,0,0,0,1,1,-1,8,1,-1,-1,1969,8,1,VOLVO XC60,-1,-1,0,-1
2024010497515,2024,010497515,1,9,0,99,99,9,9,99,99,9,9,99,9,99,9,9,6,6,2,37,7,1969,2,6,VOLVO XC60,9,E01004543,0,1
2024041509284,2024,041509284,4,9,0,-1,19,5,1,-1,0,0,0,0,0,0,1,1,-1,9,1,68,10,1969,8,1,VOLVO XC60,8,E01019383,0,4
2024211507793,2024,211507793,1,9,0,-1,19,3,7,-1,0,0,0,0,1,0,1,1,-1,1,1,38,7,1969,12,1,VOLVO XC60,5,E01029627,0,3
2024201526038,2024,201526038,1,9,0,-1,7,1,3,-1,0,6,0,0,0,0,1,2,-1,6,1,40,7,2400,2,14,VOLVO XC60,-1,-1,0,-1
2024231429456,2024,231429456,1,9,0,-1,9,7,4,-1,0,6,0,0,0,0,1,1,-1,9,1,67,10,1969,1,4,VOLVO XC60,7,E01031188,0,2
2024201523636,2024,201523636,1,8,0,-1,7,7,1,-1,0,3,0,0,0,0,3,9,-1,6,1,30,6,2400,2,9,VOLVO XC60,5,E01018139,0,5
2024070437180,2024,070437180,2,9,0,-1,-1,6,2,0,0,0,0,0,0,0,1,1,6,6,1,79,11,1969,1,4,VOLVO XC60,9,E01006076,0,3
2024471461902,2024,471461902,2,9,0,-1,19,3,7,-1,0,0,0,0,0,0,1,1,-1,9,2,60,9,2400,2,10,VOLVO XC60,4,E01031426,0,1
2024991524085,2024,991524085,1,9,0,-1,9,5,2,-1,0,6,0,0,0,0,3,1,-1,6,1,51,8,2400,2,8,VOLVO XC60,4,-1,0,2
2024631483587,2024,631483587,3,9,0,-1,2,0,0,-1,0,0,0,4,0,0,2,1,-1,6,-1,-1,-1,1969,8,0,VOLVO XC60,-1,-1,0,-1
202454C869224,2024,54C869224,1,9,0,17,19,1,6,0,0,1,0,0,0,0,1,1,6,6,2,44,7,2400,2,12,VOLVO XC60,6,E01031849,0,4
2024440065265,2024,440065265,2,9,0,2,2,0,0,0,0,0,0,0,0,0,3,1,6,6,3,-1,-1,1969,2,6,VOLVO XC60,-1,-1,0,-1
2024361462669,2024,361462669,1,9,0,-1,19,1,5,-1,0,8,0,0,0,0,1,1,-1,6,1,74,10,2400,2,7,VOLVO XC60,6,E01026842,0,2
2024320576012,2024,320576012,3,9,0,-1,-1,4,8,0,0,1,1,0,1,10,3,1,6,6,2,74,10,1969,2,10,VOLVO XC60,7,E01026329,0,1
2024501474802,2024,501474802,1,9,0,-1,12,3,1,-1,0,0,0,0,0,0,1,1,-1,9,1,31,6,2400,2,15,VOLVO XC60,4,E01019005,0,1
2024010545403,2024,010545403,1,9,0,99,99,9,9,0,0,1,0,0,0,0,2,9,6,6,1,28,6,1969,1,6,VOLVO XC60,4,E01000257,0,1
2024501513203,2024,501513203,3,9,0,-1,19,6,2,-1,0,1,0,0,0,0,1,1,-1,6,2,35,6,1969,12,3,VOLVO XC60,4,E01018843,0,1
2024501506258,2024,501506258,2,9,0,-1,3,6,2,-1,0,0,0,0,0,0,2,1,-1,9,2,34,6,1984,2,12,VOLVO XC60,3,E01020264,0,2
2024131501428,2024,131501428,1,9,0,-1,9,3,8,-1,0,8,0,0,0,0,1,1,-1,7,2,38,7,1969,2,9,VOLVO XC60,9,E01011685,0,1
2024461415942,2024,461415942,1,9,0,-1,9,3,1,-1,0,6,0,0,0,0,3,1,-1,9,1,79,11,1969,8,4,VOLVO XC60,10,E01024852,0,1
2024302401063,2024,302401063,1,5,0,18,19,3,7,0,0,8,0,0,0,0,4,1,6,6,3,54,8,535,1,24,-1,2,E01026975,0,4
2024340NN1422,2024,340NN1422,1,5,0,-1,9,6,4,-1,0,6,0,0,0,0,1,1,-1,6,1,82,11,535,1,22,-1,9,E01027052,0,3
2024471514302,2024,471514302,2,5,0,-1,19,5,1,-1,0,0,0,0,0,0,1,1,-1,9,1,33,6,535,1,23,-1,4,E01020921,0,4
2024201456586,2024,201456586,1,2,0,-1,19,8,2,-1,0,0,0,0,0,0,1,1,-1,9,1,73,10,535,1,26,-1,8,E01009440,0,1
2024430556436,2024,430556436,2,5,0,18,19,4,8,0,0,0,0,0,0,0,4,1,6,6,1,43,7,1854,1,15,-1,1,E01022967,0,4
2024320747741,2024,320747741,2,2,0,-1,-1,6,2,0,0,8,5,0,0,0,2,1,6,6,1,26,6,124,1,23,-1,3,E01026033,0,4
2024010532421,2024,010532421,2,3,0,18,19,7,3,0,0,8,0,0,0,0,4,1,2,2,1,30,6,124,1,26,-1,5,E01001074,0,2
2024421437691,2024,421437691,2,5,0,-1,5,1,5,-1,0,0,2,0,0,0,1,1,-1,6,1,36,7,535,1,31,-1,4,E01021853,0,2
2024041492211,2024,041492211,1,3,0,-1,19,7,7,-1,0,1,0,0,0,0,1,1,-1,9,1,63,9,125,1,5,-1,2,E01012692,0,1
2024451482002,2024,451482002,2,3,0,-1,19,1,5,-1,0,1,0,0,0,0,1,1,-1,2,1,21,5,125,1,4,-1,5,E01030459,0,2
2024421491596,2024,421491596,2,3,0,-1,19,4,1,-1,0,1,1,0,0,0,1,1,-1,9,2,18,4,125,1,4,-1,4,E01021956,0,1
2024421423719,2024,421423719,2,3,0,-1,19,4,8,-1,0,1,0,0,0,0,1,1,-1,6,1,36,7,125,1,1,APRILIA SR GT,-1,-1,0,-1
2024440273686,2024,440273686,1,4,0,13,13,1,5,0,0,1,0,0,9,0,4,1,6,6,1,36,7,174,1,0,APRILIA SR GT,4,E01017121,0,2
2024522403372,2024,522403372,2,3,0,18,19,2,6,0,0,8,0,0,0,0,1,1,6,6,1,39,7,125,1,1,APRILIA SR GT,3,E01014736,0,2
2024010500594,2024,010500594,1,3,0,99,99,9,9,99,99,9,9,99,9,99,9,1,2,2,1,43,7,125,1,2,APRILIA SR GT,6,E01001245,0,1
2024141435753,2024,141435753,1,3,0,-1,19,2,5,-1,0,2,0,11,1,2,1,1,-1,2,1,51,8,125,1,2,APRILIA SR GT,1,E01008122,0,2
2024520000221,2024,520000221,1,4,0,18,19,8,4,0,0,0,0,0,0,0,1,1,6,6,1,33,6,125,1,1,APRILIA SR GT,-1,-1,0,-1
2024531527575,2024,531527575,2,3,0,-1,19,4,8,-1,0,1,0,0,0,0,1,1,-1,6,2,29,6,125,1,1,APRILIA SR GT,2,E01022458,0,1
2024430252183,2024,430252183,2,3,0,18,19,8,4,0,0,8,0,0,0,0,1,1,6,6,1,33,6,125,1,0,APRILIA SR GT,6,E01017812,0,1
2024411442656,2024,411442656,2,3,0,-1,5,7,3,-1,0,1,1,0,0,0,1,1,-1,2,1,38,7,125,1,2,APRILIA SR GT,7,E01023760,0,1
2024010511526,2024,010511526,2,3,0,18,19,3,7,0,0,8,0,0,0,0,1,1,6,6,1,39,7,125,1,1,APRILIA SR GT,3,E01004679,0,1
2024010530868,2024,010530868,1,3,0,99,99,9,9,99,99,9,9,99,9,99,2,1,6,6,1,26,6,125,1,1,APRILIA SR GT,3,E01000558,0,2
2024010503409,2024,010503409,1,3,9,18,19,9,9,99,99,9,9,99,9,99,1,1,1,1,1,46,8,125,1,1,APRILIA SR GT,3,E01001180,0,1
2024411396054,2024,411396054,2,3,0,-1,19,7,3,-1,0,8,5,0,0,0,1,1,-1,6,1,41,7,125,1,2,APRILIA SR GT,8,E01033027,0,2
2024010537954,2024,010537954,1,3,0,-1,-1,7,3,2,2,1,0,0,0,0,1,1,2,2,1,31,6,125,1,1,APRILIA SR GT,5,E01000505,0,3
2024141512768,2024,141512768,1,3,0,-1,19,4,8,-1,0,0,1,0,0,0,1,1,-1,2,1,19,4,125,1,2,APRILIA SR GT,2,E01007895,0,1
2024010507934,2024,010507934,1,3,9,99,99,9,9,99,99,9,9,99,9,99,9,1,1,1,1,43,7,125,1,2,APRILIA SR GT,6,E01001245,0,1
2024311464026,2024,311464026,1,3,0,-1,19,4,8,-1,0,0,1,10,0,0,1,1,-1,1,1,25,5,125,1,0,APRILIA SR GT,2,E01013910,0,1
2024430188656,2024,430188656,1,3,0,18,19,8,4,0,0,1,0,0,0,0,1,1,6,6,1,26,6,125,1,1,APRILIA SR GT,3,E01003373,0,4
2024010512040,2024,010512040,1,3,0,18,19,3,7,0,0,2,0,0,0,0,1,1,6,6,1,39,7,125,1,0,APRILIA SR GT,4,E01002808,0,3
2024010517493,2024,010517493,1,3,0,15,15,5,1,0,0,0,0,0,0,0,4,1,6,6,1,19,4,125,1,1,APRILIA SR GT,8,E01000237,0,3
2024010519848,2024,010519848,2,3,0,18,19,1,5,4,4,1,0,0,0,0,3,1,6,6,1,46,8,125,1,1,APRILIA SR GT,3,E01003538,0,1
2024311399721,2024,311399721,2,3,0,-1,19,4,8,-1,0,1,1,0,0,0,4,1,-1,9,1,43,7,125,1,2,APRILIA SR GT,-1,-1,0,-1
2024010534189,2024,010534189,2,9,0,5,5,6,2,0,0,1,0,0,0,0,3,1,6,6,1,45,7,6752,1,12,-1,6,E01015985,0,4
2024061516260,2024,061516260,1,9,0,-1,3,-1,-1,-1,0,0,0,0,0,0,2,1,-1,9,1,25,5,-1,3,0,-1,1,E01004957,0,3
2024010519409,2024,010519409,1,8,0,3,3,3,7,0,0,1,0,0,0,0,1,2,1,1,1,53,8,-1,3,0,-1,8,E01003649,0,3
2024010493212,2024,010493212,1,9,0,18,19,7,3,0,0,8,0,0,0,0,1,1,6,6,1,61,9,-1,3,1,-1,7,E01000572,0,3
2024302400938,2024,302400938,1,9,0,9,9,7,5,0,0,8,0,0,0,0,1,1,3,7,1,46,8,-1,3,0,-1,10,E01019830,0,1
2024411490008,2024,411490008,1,9,0,-1,19,5,1,-1,0,0,0,0,0,0,1,1,-1,6,2,32,6,-1,3,0,-1,5,E01023533,0,1
2024231440174,2024,231440174,1,9,0,-1,19,2,6,-1,0,1,0,0,0,0,2,9,-1,6,2,49,8,-1,3,0,-1,10,E01031259,0,1
2024010501854,2024,010501854,2,9,0,9,9,5,3,0,0,8,1,0,0,0,1,1,6,6,2,47,8,2993,3,1,-1,-1,-1,0,-1
2024111492504,2024,111492504,1,9,0,-1,5,6,4,-1,0,8,0,0,0,0,1,1,-1,6,1,64,9,999,1,3,DACIA DUSTER,5,E01020665,0,1
2024461451339,2024,461451339,2,9,0,-1,19,2,6,-1,0,1,0,0,0,0,1,1,-1,6,2,35,6,1461,2,9,DACIA DUSTER,2,E01023990,0,1
2024461449190,2024,461449190,1,9,0,-1,19,4,8,-1,0,8,0,0,0,0,4,1,-1,9,2,78,11,1461,2,9,DACIA DUSTER,6,E01023988,0,2
2024361506409,2024,361506409,1,9,0,-1,7,3,7,-1,0,4,0,0,0,0,3,1,-1,9,1,53,8,1598,1,5,DACIA DUSTER,6,E01026837,0,4
2024501518364,2024,501518364,1,9,0,-1,12,7,3,-1,0,0,0,0,0,0,3,1,-1,9,2,49,8,999,1,0,DACIA DUSTER,7,E01032628,0,2
2024421519516,2024,421519516,1,9,0,-1,5,1,1,-1,99,0,0,0,0,0,4,1,-1,2,2,57,9,1333,1,3,DACIA DUSTER,7,E01021573,0,1
2024041445267,2024,041445267,6,9,0,-1,4,3,7,-1,0,0,0,0,0,0,2,1,-1,6,2,33,6,1461,2,8,DACIA DUSTER,3,E01025391,0,3
2024010537285,2024,010537285,1,9,0,99,99,9,9,99,99,9,9,99,9,99,2,9,6,6,2,39,7,999,7,3,DACIA DUSTER,2,E01001110,0,1
2024031411748,2024,031411748,1,9,0,-1,5,3,7,-1,0,0,0,7,0,0,1,1,-1,9,2,84,11,999,1,3,DACIA DUSTER,7,E01019203,0,2
2024552401544,2024,552401544,2,9,0,18,19,6,2,0,0,8,0,0,0,0,4,1,6,6,2,58,9,1333,1,3,DACIA DUSTER,3,E01015429,0,1
2024010506470,2024,010506470,2,9,0,18,19,5,1,0,0,2,2,4,0,0,4,1,6,6,1,38,7,999,1,1,DACIA DUSTER,5,E01021778,0,2
2024411489410,2024,411489410,2,9,0,-1,2,0,0,-1,-1,0,0,0,0,0,2,1,-1,6,-1,-1,-1,1333,1,5,DACIA DUSTER,-1,-1,0,-1
2024101472963,2024,101472963,2,9,0,-1,3,-1,-1,-1,-1,0,0,0,0,0,2,9,-1,6,2,-1,-1,1461,2,8,DACIA DUSTER,-1,-1,0,-1
2024161524064,2024,161524064,1,9,0,-1,4,3,7,-1,0,4,0,0,0,0,2,1,-1,9,2,38,7,1461,2,5,DACIA DUSTER,6,E01013119,0,2
2024340WN5662,2024,340WN5662,1,9,0,-1,19,5,1,-1,0,8,0,0,0,0,1,1,-1,9,2,64,9,1461,2,10,DACIA DUSTER,7,E01027262,0,1
2024131507822,2024,131507822,1,9,0,-1,9,2,3,-1,0,1,0,0,0,0,1,1,-1,6,1,51,8,1461,2,2,DACIA DUSTER,3,E01011175,0,2
2024161508208,2024,161508208,1,9,0,-1,19,3,7,-1,0,4,0,0,0,0,1,1,-1,9,1,68,10,1332,1,0,DACIA DUSTER,1,E01028173,0,5
2024031516916,2024,031516916,1,9,0,-1,19,1,5,-1,0,0,0,0,0,0,1,1,-1,2,1,59,9,1332,1,0,DACIA DUSTER,1,E01019295,0,1
2024991519952,2024,991519952,1,9,0,-1,19,8,4,-1,0,4,0,0,0,0,1,1,-1,6,2,52,8,1598,1,6,DACIA DUSTER,3,-1,0,1
2024440050092,2024,440050092,1,9,0,18,19,1,5,0,0,1,0,0,0,0,1,1,6,6,2,61,9,1598,1,5,DACIA DUSTER,7,E01023164,0,2
2024501445700,2024,501445700,1,9,0,-1,5,1,5,-1,0,8,0,0,0,0,3,1,-1,2,1,49,8,999,1,3,DACIA DUSTER,10,E01020026,0,1
2024991528044,2024,991528044,2,9,0,-1,19,2,6,-1,0,1,0,0,0,0,3,1,-1,9,1,26,6,999,1,0,DACIA DUSTER,-1,-1,0,-1
2024052400422,2024,052400422,2,9,0,18,19,1,5,0,0,1,0,0,0,0,3,1,2,2,1,54,8,1598,1,8,DACIA DUSTER,5,E01006804,0,1
2024991457819,2024,991457819,1,9,0,-1,19,3,7,-1,0,2,0,0,0,0,3,1,-1,6,2,74,10,1598,1,8,DACIA DUSTER,7,-1,0,3
2024141499352,2024,141499352,1,9,0,-1,1,7,3,-1,9,0,0,0,0,0,2,1,-1,6,2,44,7,1598,1,8,DACIA DUSTER,8,E01007891,0,1
2024440220047,2024,440220047,2,9,0,8,8,6,2,0,0,1,0,0,0,0,2,1,6,6,1,47,8,999,7,3,DACIA DUSTER,10,E01016343,0,4
2024201495284,2024,201495284,2,9,0,-1,19,6,2,-1,0,8,0,0,0,0,3,1,-1,9,2,63,9,1333,1,3,DACIA DUSTER,4,E01008961,0,1
2024631459144,2024,631459144,2,9,0,-1,19,8,4,-1,0,0,0,0,0,0,1,1,-1,9,2,74,10,1461,2,8,DACIA DUSTER,5,W01000650,0,3
2024070555120,2024,070555120,1,9,0,12,12,7,1,0,0,8,0,0,0,0,3,1,6,6,2,49,8,999,7,2,DACIA DUSTER,4,E01007112,0,3
2024231501620,2024,231501620,2,9,0,-1,4,4,8,-1,0,0,0,0,0,0,2,1,-1,6,2,60,9,999,1,5,DACIA DUSTER,9,E01027006,0,2
2024340WN3092,2024,340WN3092,1,9,0,-1,19,7,3,-1,0,0,5,0,0,0,1,1,-1,9,1,45,7,1332,1,0,DACIA DUSTER,8,E01027000,0,2
2024501438330,2024,501438330,1,9,0,-1,19,3,7,-1,0,1,0,0,1,0,1,1,-1,9,2,41,7,1461,2,6,DACIA DUSTER,4,E01017666,0,5
2024211444780,2024,211444780,2,9,0,-1,19,6,3,-1,0,1,0,0,0,0,1,1,-1,6,2,36,7,1333,1,4,DACIA DUSTER,1,E01014210,0,1
2024201476222,2024,201476222,1,9,0,-1,19,1,5,-1,0,1,0,0,0,0,1,1,-1,6,2,32,6,1461,2,7,DACIA DUSTER,6,E01009450,0,1
2024991411939,2024,991411939,2,9,0,-1,19,3,7,-1,0,8,0,0,0,0,1,1,-1,2,1,52,8,999,1,1,DACIA DUSTER,-1,-1,0,-1
2024131506994,2024,131506994,2,9,0,-1,2,0,0,-1,0,0,0,0,1,0,2,1,-1,6,-1,-1,-1,1333,1,2,DACIA DUSTER,-1,-1,0,-1
2024201456032,2024,201456032,1,9,0,-1,19,1,6,-1,0,8,0,7,1,0,3,9,-1,2,2,47,8,1461,2,9,DACIA DUSTER,7,E01014525,0,5
2024101456952,2024,101456952,1,9,0,-1,19,7,3,-1,0,3,0,0,0,0,1,9,-1,6,1,32,6,1598,1,5,DACIA DUSTER,3,E01008639,0,1
2024161459945,2024,161459945,1,9,0,-1,19,6,2,-1,0,0,0,4,0,0,1,9,-1,6,2,33,6,1461,2,11,DACIA DUSTER,1,E01012888,0,1
2024631535459,2024,631535459,2,9,0,-1,2,0,0,-1,0,0,0,4,0,0,1,1,-1,6,-1,-1,-1,1330,1,5,DACIA DUSTER,-1,-1,0,-1
2024440402710,2024,440402710,2,9,0,18,19,5,1,0,0,4,0,0,0,0,1,1,6,6,1,78,11,1332,1,1,DACIA DUSTER,3,E01017104,0,1
2024451448677,2024,451448677,2,9,0,-1,19,4,8,-1,0,1,0,0,0,0,2,1,-1,9,2,34,6,1198,1,6,DACIA DUSTER,8,E01030390,0,1
2024631480241,2024,631480241,2,9,0,-1,3,1,4,-1,0,1,0,0,0,0,2,1,-1,2,2,53,8,999,7,3,DACIA DUSTER,3,W01000652,0,2
2024010526794,2024,010526794,1,9,0,1,1,1,5,9,9,6,0,0,0,0,2,1,6,6,1,67,10,1461,2,9,DACIA DUSTER,2,E01001147,0,1
2024340NN4662,2024,340NN4662,2,9,0,-1,19,1,5,-1,0,1,1,0,5,0,1,1,-1,9,1,64,9,1598,1,10,DACIA DUSTER,5,E01026970,0,1
2024622500009,2024,622500009,4,9,0,3,3,4,8,0,0,4,0,0,0,0,2,1,6,6,1,38,7,1598,1,6,DACIA DUSTER,8,W01001775,0,1
2024101505466,2024,101505466,1,9,0,-1,1,8,4,-1,9,0,0,0,0,0,2,1,-1,6,2,66,10,999,1,3,DACIA DUSTER,1,E01027424,0,1
2024421429833,2024,421429833,2,9,0,-1,19,6,2,-1,0,1,0,0,0,0,3,1,-1,9,1,64,9,1332,1,1,DACIA DUSTER,2,E01015861,0,1
2024070903093,2024,070903093,1,9,0,-1,4,1,7,-1,0,1,1,0,0,0,1,1,-1,6,1,33,6,1461,2,9,DACIA DUSTER,3,E01006335,0,4
2024161474444,2024,161474444,1,9,0,-1,1,5,1,-1,0,2,0,0,0,0,2,1,-1,1,1,43,7,999,1,0,DACIA DUSTER,3,E01013164,0,1
2024501517148,2024,501517148,2,9,0,-1,19,3,7,-1,0,1,0,0,0,0,4,1,-1,6,1,64,9,999,1,4,DACIA DUSTER,1,E01015030,0,1
2024471454462,2024,471454462,3,9,0,-1,3,6,2,-1,0,0,0,0,0,0,3,1,-1,6,2,47,8,1461,2,8,DACIA DUSTER,3,E01016919,0,1
2024320652277,2024,320652277,2,9,0,13,13,3,7,0,0,1,0,0,0,0,1,1,-1,-1,1,49,8,1332,1,1,DACIA DUSTER,5,E01029774,0,5
2024311510957,2024,311510957,2,9,0,-1,19,1,5,-1,0,0,0,4,0,0,2,1,-1,9,1,75,10,1333,1,5,DACIA DUSTER,-1,-1,0,-1
2024052400192,2024,052400192,2,9,0,18,19,1,5,0,0,8,0,0,0,0,1,1,6,6,2,48,8,1598,1,5,DACIA DUSTER,2,E01006784,0,1
2024991419525,2024,991419525,2,9,0,-1,19,3,7,-1,0,8,0,0,0,0,3,1,-1,1,1,28,6,1332,1,1,DACIA DUSTER,6,-1,0,3
2024052401280,2024,052401280,1,9,0,5,5,7,3,0,0,1,0,0,0,0,1,1,6,6,1,-1,-1,1461,2,8,DACIA DUSTER,1,E01006615,0,2
2024991515865,2024,991515865,2,9,0,-1,19,1,5,-1,0,0,5,0,0,0,1,1,-1,9,1,63,9,1461,2,7,DACIA DUSTER,5,E01019310,0,4
2024520403080,2024,520403080,1,9,0,18,19,1,5,0,0,0,0,0,0,0,1,1,6,6,2,35,6,999,7,1,DACIA DUSTER,6,E01028913,0,5
2024991443645,2024,991443645,4,9,0,-1,19,4,8,-1,0,0,0,0,0,0,2,1,-1,2,2,58,9,1461,2,2,DACIA DUSTER,2,-1,0,3
2024451524444,2024,451524444,2,9,0,-1,9,1,5,-1,0,0,0,0,0,0,1,1,-1,1,2,29,6,1461,2,11,DACIA DUSTER,5,E01030557,0,2
2024141512471,2024,141512471,1,9,0,-1,3,4,8,-1,0,0,0,0,0,0,2,1,-1,2,2,41,7,1598,1,5,DACIA DUSTER,1,E01007547,0,2
2024371510347,2024,371510347,1,9,0,-1,9,4,2,-1,0,2,0,0,0,0,0,2,-1,9,1,70,10,1332,1,1,DACIA DUSTER,6,E01021398,0,2
2024311534157,2024,311534157,2,9,0,-1,9,1,3,-1,0,1,0,0,0,0,3,1,-1,9,1,71,10,1461,2,10,DACIA DUSTER,2,E01027954,0,1
2024991489072,2024,991489072,2,9,0,-1,19,8,4,-1,0,3,0,0,0,0,4,1,-1,9,2,32,6,1333,1,3,DACIA DUSTER,3,-1,0,3
2024421427380,2024,421427380,1,9,0,-1,9,1,5,-1,0,1,0,0,0,0,3,9,-1,6,3,-1,-1,1198,1,6,DACIA DUSTER,-1,-1,0,-1
2024221400135,2024,221400135,2,9,0,-1,4,3,7,-1,0,0,1,0,0,0,1,1,-1,9,2,33,6,1598,1,10,DACIA DUSTER,7,E01032425,0,3
2024101528114,2024,101528114,2,9,0,-1,2,0,0,-1,0,8,1,0,0,0,1,1,-1,7,1,44,7,999,1,2,DACIA DUSTER,5,E01008643,0,1
2024131490053,2024,131490053,1,9,0,-1,19,5,1,-1,0,0,0,0,0,0,1,1,-1,6,1,25,5,1461,2,9,DACIA DUSTER,3,E01028025,0,4
2024010531804,2024,010531804,2,9,0,99,99,9,9,99,99,9,9,99,9,99,9,9,6,6,3,-1,-1,1598,1,5,DACIA DUSTER,-1,-1,0,-1
2024461530178,2024,461530178,1,9,0,-1,5,4,8,-1,0,6,0,0,0,0,3,1,-1,6,1,63,9,1461,2,10,DACIA DUSTER,4,E01035315,0,1
2024101512410,2024,101512410,1,9,0,-1,19,3,1,-1,0,6,0,0,0,0,2,1,-1,9,1,62,9,1330,1,5,DACIA DUSTER,9,E01008580,0,2
2024010544872,2024,010544872,1,9,0,18,19,5,1,0,0,8,0,0,0,0,1,1,6,6,1,70,10,1333,1,2,DACIA DUSTER,3,E01001548,0,1
2024991485164,2024,991485164,1,9,0,-1,19,7,2,-1,0,0,0,0,0,0,1,1,-1,9,1,60,9,1461,2,7,DACIA DUSTER,6,-1,0,3
2024501533227,2024,501533227,1,9,0,-1,19,1,5,-1,0,8,0,0,0,0,1,1,-1,9,1,65,9,1461,2,6,DACIA DUSTER,5,E01020097,0,1
2024231532140,2024,231532140,1,9,0,-1,19,6,2,-1,0,0,0,0,4,6,1,1,-1,6,1,80,11,1461,2,7,DACIA DUSTER,2,E01032389,0,1
2024440293629,2024,440293629,2,9,0,18,19,3,7,0,0,0,0,0,1,0,3,1,6,6,2,77,11,1332,1,1,DACIA DUSTER,10,E01022865,0,4
2024221455840,2024,221455840,2,9,0,-1,19,5,1,-1,0,8,0,0,0,0,1,1,-1,9,1,65,9,999,7,2,DACIA DUSTER,5,E01014059,0,3
2024991473363,2024,991473363,3,9,0,-1,3,7,3,-1,0,1,0,0,0,0,2,1,-1,6,2,37,7,1461,2,7,DACIA DUSTER,6,-1,0,3
2024401510349,2024,401510349,2,9,0,-1,19,1,5,-1,0,0,0,11,4,0,3,1,-1,6,1,36,7,1461,2,8,DACIA DUSTER,4,E01018179,0,1
2024361469561,2024,361469561,2,9,0,-1,5,3,4,-1,0,0,0,0,0,0,1,1,-1,9,2,49,8,1332,1,1,DACIA DUSTER,3,E01026786,0,1
2024231501378,2024,231501378,2,9,0,-1,9,3,1,-1,0,5,0,0,0,0,3,1,-1,9,1,35,6,1198,1,7,DACIA DUSTER,8,E01031162,0,1
2024061442016,2024,061442016,1,9,0,-1,15,5,1,-1,0,0,0,0,0,0,4,1,-1,6,3,-1,-1,999,1,2,DACIA DUSTER,-1,-1,0,-1
2024991468902,2024,991468902,1,9,0,-1,14,7,4,-1,0,0,0,0,0,0,2,1,-1,6,2,61,9,999,1,3,DACIA DUSTER,4,-1,0,1
202454D795324,2024,54D795324,1,9,0,18,19,1,5,0,0,0,0,0,0,0,1,1,1,1,1,28,6,1461,2,7,DACIA DUSTER,4,E01032036,0,4
2024161502049,2024,161502049,1,9,0,-1,8,1,3,-1,0,8,0,0,0,0,2,1,-1,2,1,52,8,1461,2,10,DACIA DUSTER,1,E01013181,0,1
2024501490633,2024,501490633,1,9,0,-1,19,1,5,-1,0,0,5,0,0,0,1,1,-1,6,2,38,7,1598,1,8,DACIA DUSTER,2,E01015262,0,2
2024991396978,2024,991396978,1,9,0,-1,19,6,2,-1,0,0,0,4,0,0,3,1,-1,6,1,75,10,999,1,2,DACIA DUSTER,9,-1,0,4
2024311441676,2024,311441676,1,9,0,-1,3,5,6,-1,0,3,0,0,1,0,1,1,-1,6,2,41,7,1461,2,9,DACIA DUSTER,3,E01008222,0,5
2024430625220,2024,430625220,2,9,0,4,4,5,1,0,0,0,0,0,0,0,2,1,6,6,1,50,8,1333,1,2,DACIA DUSTER,6,E01034062,0,4
2024340WN1322,2024,340WN1322,1,9,0,-1,19,2,6,-1,0,4,0,0,7,1,1,1,-1,6,1,77,11,1461,2,9,DACIA DUSTER,7,E01027219,0,1
2024371508519,2024,371508519,2,9,0,-1,19,2,6,-1,0,0,0,0,0,0,2,1,-1,9,2,47,8,1333,1,2,DACIA DUSTER,5,E01024366,0,5
2024302500088,2024,302500088,1,9,0,-1,19,1,5,-1,0,2,0,0,0,0,1,1,-1,6,1,30,6,1332,1,0,DACIA DUSTER,1,E01013456,0,1
2024991531006,2024,991531006,2,9,0,-1,19,5,1,-1,0,0,0,0,7,0,1,1,-1,6,1,58,9,1461,2,9,DACIA DUSTER,9,-1,0,3