collision_index,collision_year,collision_ref_no,vehicle_reference,vehicle_type,towing_and_articulation,vehicle_manoeuvre_historic,vehicle_manoeuvre,vehicle_direction_from,vehicle_direction_to,vehicle_location_restricted_lane_historic,vehicle_location_restricted_lane,junction_location,skidding_and_overturning,hit_object_in_carriageway,vehicle_leaving_carriageway,hit_object_off_carriageway,first_point_of_impact,vehicle_left_hand_drive,journey_purpose_of_driver_historic,journey_purpose_of_driver,sex_of_driver,age_of_driver,age_band_of_driver,engine_capacity_cc,propulsion_code,age_of_vehicle,generic_make_model,driver_imd_decile,lsoa_of_driver,escooter_flag,driver_distance_banding
202460Q116387,2024,60Q116387,3,9,0,2,2,0,0,9,9,0,0,4,0,0,2,1,6,6,2,59,9,1598,1,5,DACIA DUSTER,-1,-1,0,-1
2024552400948,2024,552400948,1,9,0,9,9,2,8,0,0,8,0,0,0,0,3,1,6,6,2,45,7,1333,1,3,DACIA DUSTER,6,E01032073,0,4
2024461517178,2024,461517178,2,9,0,-1,19,5,1,-1,0,0,0,0,0,0,2,1,-1,9,1,67,10,1332,1,1,DACIA DUSTER,3,E01024535,0,4
2024201444027,2024,201444027,1,9,0,-1,5,6,2,-1,0,6,0,0,0,0,4,9,-1,9,1,48,8,1461,2,7,DACIA DUSTER,3,E01008930,0,1
2024101421322,2024,101421322,2,9,-1,-1,19,1,5,-1,0,0,0,0,0,0,2,9,-1,9,2,43,7,1461,2,11,DACIA DUSTER,1,E01008189,0,1
2024141409410,2024,141409410,1,9,0,-1,9,1,3,-1,0,8,0,0,0,0,1,1,-1,9,1,57,9,1461,2,10,DACIA DUSTER,1,E01008062,0,1
2024471500781,2024,471500781,1,9,0,-1,19,2,4,-1,0,0,1,0,1,11,1,1,-1,9,2,60,9,1598,1,6,DACIA DUSTER,9,E01010171,0,5
2024520402686,2024,520402686,1,9,0,18,19,3,7,0,0,8,0,0,0,0,1,1,6,6,2,32,6,1333,1,5,DACIA DUSTER,5,E01029167,0,1
2024552400415,2024,552400415,1,9,0,18,19,2,6,0,0,1,0,0,0,0,1,1,6,6,2,33,6,1461,2,6,DACIA DUSTER,5,E01020452,0,3
2024302400265,2024,302400265,1,9,0,17,19,2,7,0,0,8,0,0,0,0,1,1,6,6,1,88,11,1598,1,5,DACIA DUSTER,10,E01019604,0,3
2024101520401,2024,101520401,1,9,0,-1,19,7,3,-1,0,0,1,0,0,0,1,1,-1,9,1,70,10,1332,1,0,DACIA DUSTER,-1,-1,0,-1
2024542747224,2024,542747224,3,9,0,3,3,3,7,0,0,0,0,0,0,0,2,1,6,6,2,51,8,1598,1,6,DACIA DUSTER,6,E01031867,0,2
2024991425163,2024,991425163,4,9,0,-1,19,2,6,-1,0,0,0,0,0,0,2,1,-1,1,1,69,10,1598,1,6,DACIA DUSTER,5,-1,0,4
2024991514388,2024,991514388,1,9,0,-1,19,7,3,-1,0,0,5,0,0,0,1,2,-1,2,1,60,9,1333,1,2,DACIA DUSTER,2,-1,0,1
2024440502213,2024,440502213,2,9,0,4,4,2,6,0,0,0,0,0,0,0,2,1,6,6,2,42,7,999,7,1,DACIA DUSTER,9,E01022594,0,1
2024320114769,2024,320114769,2,9,0,9,9,8,6,0,0,8,0,0,0,0,3,1,6,6,2,28,6,1198,1,7,DACIA DUSTER,2,E01026277,0,1
2024311438166,2024,311438166,1,9,0,-1,19,1,5,-1,0,1,0,0,0,0,1,9,-1,6,1,-1,-1,1461,2,7,DACIA DUSTER,-1,-1,0,-1
2024430628451,2024,430628451,1,9,0,18,19,4,8,0,0,0,0,0,0,0,4,1,6,6,2,72,10,999,1,4,DACIA DUSTER,3,E01017709,0,1
2024131456505,2024,131456505,1,9,0,-1,9,6,2,-1,0,5,0,0,0,0,3,1,-1,6,2,72,10,1330,1,4,DACIA DUSTER,8,E01011583,0,3
2024371394294,2024,371394294,1,9,0,-1,9,2,5,-1,0,0,0,0,0,0,1,1,-1,9,1,76,11,1461,2,11,DACIA DUSTER,9,E01034560,0,2
2024421410890,2024,421410890,1,8,0,-1,19,8,3,-1,0,0,1,0,7,0,1,1,-1,9,1,63,9,1461,2,8,DACIA DUSTER,5,E01021880,0,1
2024991499160,2024,991499160,2,9,0,-1,19,6,2,-1,0,1,0,0,2,0,3,1,-1,6,1,67,10,1461,2,7,DACIA DUSTER,6,-1,0,2
2024141465002,2024,141465002,1,9,0,-1,9,8,6,-1,0,6,0,0,0,0,1,1,-1,2,1,68,10,1330,1,5,DACIA DUSTER,1,E01007856,0,2
2024471534909,2024,471534909,2,9,0,-1,19,6,2,-1,0,8,0,0,7,4,3,1,-1,9,2,43,7,1461,2,9,DACIA DUSTER,8,E01021088,0,1
2024052401300,2024,052401300,1,9,0,4,4,3,7,0,0,6,0,0,1,4,1,1,6,6,1,52,8,1598,1,5,DACIA DUSTER,9,E01012531,0,2
2024161458882,2024,161458882,1,9,0,-1,9,4,2,-1,0,1,0,0,0,0,1,1,-1,9,2,60,9,1461,2,11,DACIA DUSTER,9,E01012988,0,2
2024340NN3702,2024,340NN3702,1,9,0,-1,13,5,1,-1,0,1,0,0,0,0,3,1,-1,2,2,64,9,1332,1,0,DACIA DUSTER,3,E01026967,0,2
2024122400252,2024,122400252,2,9,0,3,3,5,1,0,0,0,0,0,7,0,2,1,1,1,1,27,6,999,7,3,DACIA DUSTER,2,E01034974,0,3
2024501486053,2024,501486053,1,9,0,-1,4,-1,-1,-1,0,0,0,0,0,0,3,1,-1,9,2,64,9,1598,1,5,DACIA DUSTER,2,E01019034,0,1
2024501395793,2024,501395793,1,9,0,-1,19,3,7,-1,0,0,0,0,0,0,1,1,-1,6,2,39,7,1598,1,6,DACIA DUSTER,7,E01015116,0,1
2024231482718,2024,231482718,2,9,0,-1,2,0,0,-1,0,0,0,0,0,0,1,9,-1,6,2,42,7,1461,2,11,DACIA DUSTER,6,E01031193,0,1
2024991397421,2024,991397421,1,9,0,-1,19,1,5,-1,0,8,0,0,0,0,1,2,-1,6,2,57,9,1198,1,7,DACIA DUSTER,4,-1,0,1
202460Q144700,2024,60Q144700,1,9,0,5,5,3,7,0,0,6,0,0,0,0,1,1,6,6,1,54,8,1332,1,0,DACIA DUSTER,-1,-1,0,-1
2024231462226,2024,231462226,1,9,0,-1,19,5,8,-1,0,0,0,0,7,0,1,1,-1,9,1,58,9,1461,2,5,DACIA DUSTER,7,E01022880,0,5
2024141527148,2024,141527148,1,9,0,-1,9,3,1,-1,0,1,0,0,0,0,1,1,-1,6,2,68,10,1461,2,10,DACIA DUSTER,1,E01008117,0,1
2024461505488,2024,461505488,1,9,0,-1,19,5,2,-1,0,4,0,0,0,0,1,1,-1,6,1,70,10,1598,1,6,DACIA DUSTER,3,E01024392,0,1
2024351439869,2024,351439869,2,9,-1,-1,3,6,2,-1,0,1,0,0,0,0,2,9,-1,6,1,41,7,1461,2,0,DACIA DUSTER,10,E01033114,0,1
2024010522032,2024,010522032,1,9,0,99,99,9,9,99,99,9,9,99,9,99,1,9,6,6,3,-1,-1,1333,1,2,DACIA DUSTER,-1,-1,0,-1
2024061486137,2024,061486137,2,9,0,-1,19,7,4,-1,0,0,0,0,0,0,2,1,-1,6,1,68,10,999,1,4,DACIA DUSTER,1,E01005187,0,1
2024031499695,2024,031499695,1,9,0,-1,19,1,5,-1,0,0,0,0,0,0,1,1,-1,6,1,30,6,999,1,4,DACIA DUSTER,-1,-1,0,-1
2024401502419,2024,401502419,1,9,0,-1,19,4,8,-1,0,0,0,0,0,0,1,1,-1,2,1,18,4,999,1,0,DACIA DUSTER,7,E01016825,0,3
2024991408827,2024,991408827,2,9,0,-1,19,5,1,-1,0,3,5,0,0,0,4,1,-1,6,1,57,9,1461,2,6,DACIA DUSTER,9,-1,0,2
2024340NN1812,2024,340NN1812,2,9,0,-1,19,1,5,-1,0,2,0,0,0,0,1,1,-1,9,2,62,9,1598,1,7,DACIA DUSTER,7,E01027031,0,3
2024131404941,2024,131404941,1,9,0,-1,19,3,7,-1,0,0,5,4,0,0,1,1,-1,6,1,71,10,1461,2,11,DACIA DUSTER,9,E01010954,0,1
2024520003188,2024,520003188,2,9,0,9,9,5,3,0,0,8,0,0,0,0,4,1,6,6,2,40,7,1332,1,0,DACIA DUSTER,7,E01014446,0,1
2024010545234,2024,010545234,2,9,0,2,2,0,0,0,0,1,0,0,0,0,1,1,6,6,3,-1,-1,1598,1,5,DACIA DUSTER,-1,-1,0,-1
2024320038571,2024,320038571,3,9,0,-1,-1,0,0,0,0,0,0,0,0,0,2,1,6,6,2,50,8,1461,2,10,DACIA DUSTER,5,E01025887,0,1
2024101481029,2024,101481029,1,9,0,-1,19,4,8,-1,0,8,0,0,0,0,1,1,-1,6,2,39,7,1461,2,11,DACIA DUSTER,2,E01008699,0,1
2024631517454,2024,631517454,2,9,0,-1,19,8,4,-1,0,0,0,0,0,0,1,1,-1,9,2,43,7,1461,2,9,DACIA DUSTER,5,W01000673,0,3
2024311488097,2024,311488097,1,9,0,-1,19,1,5,-1,0,8,0,0,0,0,1,1,-1,6,1,20,4,1333,1,3,DACIA DUSTER,-1,-1,0,-1
2024010543032,2024,010543032,1,9,0,99,99,9,9,99,99,9,9,99,9,99,2,9,2,2,1,34,6,1333,1,3,DACIA DUSTER,8,E01023880,0,3
2024501414788,2024,501414788,2,9,0,-1,2,0,0,-1,0,0,0,0,0,0,2,1,-1,6,1,31,6,1461,2,11,DACIA DUSTER,4,E01020135,0,3
2024991507794,2024,991507794,2,9,0,-1,5,5,1,-1,0,0,0,0,0,0,1,1,-1,9,1,37,7,999,7,2,DACIA DUSTER,-1,-1,0,-1
2024101405971,2024,101405971,1,9,0,-1,19,1,5,-1,0,0,0,0,0,0,3,1,-1,6,1,56,9,1461,2,6,DACIA DUSTER,4,E01027445,0,3
2024371493257,2024,371493257,1,9,0,-1,19,3,7,-1,0,0,0,4,0,0,1,1,-1,9,1,64,9,999,1,2,DACIA DUSTER,7,E01025969,0,5
2024231416167,2024,231416167,2,9,0,-1,19,4,8,-1,0,8,0,0,0,0,3,9,-1,6,1,25,5,1461,2,11,DACIA DUSTER,8,E01031083,0,2
2024430236586,2024,430236586,2,9,0,18,19,2,6,0,0,8,0,0,0,0,2,1,6,6,2,41,7,1598,1,5,DACIA DUSTER,9,E01035733,0,1
2024111484126,2024,111484126,3,9,0,-1,9,5,1,-1,0,1,0,0,0,0,1,1,-1,6,1,50,8,1461,2,9,DACIA DUSTER,3,E01020591,0,2
2024320597183,2024,320597183,1,9,0,-1,-1,3,6,0,0,1,0,0,0,0,1,1,-1,-1,1,75,10,1461,2,9,DACIA DUSTER,4,E01026416,0,1
2024221491678,2024,221491678,1,9,0,-1,6,8,8,-1,0,8,0,0,0,0,3,1,-1,9,1,50,8,1333,1,5,DACIA DUSTER,10,E01029628,0,3
2024122401314,2024,122401314,3,9,0,18,19,1,5,0,0,0,0,0,0,0,1,1,6,6,1,60,9,1330,1,4,DACIA DUSTER,9,E01027589,0,4
2024451469054,2024,451469054,1,9,0,-1,19,6,2,-1,0,0,0,0,0,0,4,1,-1,1,1,51,8,-1,-1,-1,DACIA DUSTER,6,E01030681,0,1
2024631521981,2024,631521981,1,9,0,-1,19,4,8,-1,0,0,1,0,1,10,1,1,-1,2,1,36,7,1598,1,5,DACIA DUSTER,1,W01000606,0,2
2024010530912,2024,010530912,2,9,0,1,1,1,5,0,0,1,0,0,0,0,2,1,6,6,1,58,9,1198,1,8,DACIA DUSTER,2,E01004090,0,1
2024061407019,2024,061407019,1,9,0,-1,7,1,7,-1,9,0,0,0,7,0,1,1,-1,6,1,16,4,1330,1,2,DACIA DUSTER,2,E01006214,0,2
2024161510153,2024,161510153,1,9,0,-1,5,7,8,-1,0,4,0,0,0,0,2,1,-1,9,1,45,7,1198,1,6,DACIA DUSTER,5,E01012764,0,1
2024052402302,2024,052402302,1,9,0,18,19,8,4,0,0,1,0,0,1,1,1,1,6,6,1,46,8,1332,1,1,DACIA DUSTER,4,E01006896,0,3
2024531469407,2024,531469407,1,9,0,-1,12,7,3,-1,0,8,0,0,0,0,2,1,-1,9,1,51,8,999,7,0,DACIA DUSTER,5,E01022448,0,1
2024211514725,2024,211514725,2,9,0,-1,19,1,5,-1,0,2,0,0,0,0,1,1,-1,6,2,53,8,1461,2,7,DACIA DUSTER,4,E01029535,0,2
2024340WN6362,2024,340WN6362,1,9,0,-1,19,8,4,-1,0,0,1,0,1,9,1,1,-1,9,1,70,10,1461,2,6,DACIA DUSTER,7,E01027305,0,2
2024141434929,2024,141434929,1,9,0,-1,19,2,6,-1,0,1,0,0,0,0,4,1,-1,9,1,64,9,1461,2,7,DACIA DUSTER,1,E01008124,0,1
2024991538786,2024,991538786,2,9,0,-1,19,8,5,-1,1,8,0,0,0,0,1,1,-1,6,1,19,4,1461,2,6,DACIA DUSTER,-1,-1,0,-1
2024131460859,2024,131460859,2,9,0,-1,4,5,1,-1,0,1,0,0,0,0,1,1,-1,9,2,71,10,1198,1,6,DACIA DUSTER,6,E01010644,0,1
2024221469346,2024,221469346,1,9,0,-1,9,5,3,-1,0,5,0,0,0,0,1,1,-1,6,2,59,9,1461,2,9,DACIA DUSTER,8,E01028883,0,3
2024371405287,2024,371405287,1,9,0,-1,9,7,8,-1,0,8,0,0,0,0,1,1,-1,9,1,79,11,1461,2,10,DACIA DUSTER,1,E01030021,0,1
2024371425562,2024,371425562,2,9,0,-1,19,7,7,-1,0,1,0,0,0,0,1,1,-1,9,1,68,10,1461,2,9,DACIA DUSTER,6,E01030020,0,2
2024411477689,2024,411477689,1,9,0,-1,19,8,2,-1,0,1,0,0,0,0,1,1,-1,2,1,57,9,999,1,4,DACIA DUSTER,9,E01030654,0,4
2024221455289,2024,221455289,1,9,0,-1,9,7,4,-1,0,6,0,0,0,0,1,9,-1,6,2,83,11,1333,1,4,DACIA DUSTER,4,E01014003,0,1
2024991483618,2024,991483618,3,9,0,-1,19,8,4,-1,0,0,0,0,0,0,2,1,-1,9,1,59,9,1333,1,3,DACIA DUSTER,7,-1,0,3
2024440250930,2024,440250930,2,9,0,3,3,7,3,0,0,1,0,0,0,0,2,1,6,6,1,26,6,1461,2,9,DACIA DUSTER,1,E01017032,0,2
2024041526734,2024,041526734,2,9,0,-1,10,7,5,-1,0,1,1,0,0,0,4,1,-1,9,2,42,7,1598,1,5,DACIA DUSTER,8,E01025513,0,1
202454A226624,2024,54A226624,2,9,0,4,4,7,3,0,0,0,0,0,0,0,2,1,6,6,1,53,8,1330,1,5,DACIA DUSTER,3,E01020095,0,5
2024052402642,2024,052402642,2,9,0,18,19,7,3,0,0,0,0,0,0,0,1,1,1,1,1,53,8,999,1,0,DACIA DUSTER,2,E01007088,0,2
2024010531290,2024,010531290,2,9,0,2,2,0,0,0,0,0,0,0,0,0,1,1,6,6,3,-1,-1,1461,2,2,DACIA DUSTER,-1,-1,0,-1
2024401539307,2024,401539307,1,9,0,-1,19,7,3,-1,0,0,0,4,0,0,4,1,-1,6,1,63,9,1332,1,1,DACIA DUSTER,8,E01017428,0,2
2024522402053,2024,522402053,4,9,0,2,2,0,0,0,0,0,0,0,0,0,1,1,6,6,1,-1,-1,1198,1,8,DACIA DUSTER,7,W01000612,0,5
2024201429367,2024,201429367,2,9,0,-1,4,6,2,-1,0,2,0,0,0,0,1,1,-1,2,1,59,9,1461,2,10,DACIA DUSTER,2,E01008897,0,1
2024041527334,2024,041527334,1,9,0,-1,5,3,7,-1,0,1,0,0,0,0,1,1,-1,6,1,67,10,999,1,1,DACIA DUSTER,6,E01012747,0,1
2024320523548,2024,320523548,1,9,0,-1,-1,6,8,0,0,6,0,0,7,10,2,1,-1,-1,2,77,11,1598,1,6,DACIA DUSTER,7,E01011878,0,4
2024991491810,2024,991491810,2,9,0,-1,19,5,1,-1,0,0,0,0,0,0,1,1,-1,9,2,41,7,999,1,3,DACIA DUSTER,6,-1,0,1
2024131431525,2024,131431525,2,9,0,-1,4,8,4,-1,0,0,0,0,0,0,2,1,-1,6,2,46,8,1198,1,7,DACIA DUSTER,9,-1,0,5
2024542967424,2024,542967424,2,9,0,18,19,5,1,0,0,1,0,0,0,0,2,1,6,6,1,76,11,1332,1,1,DACIA DUSTER,9,E01031909,0,2
2024010551309,2024,010551309,3,9,0,18,19,2,6,0,0,8,0,4,0,0,3,1,6,6,2,44,7,1332,1,1,DACIA DUSTER,7,E01013666,0,5
2024041499584,2024,041499584,1,9,0,-1,19,5,5,-1,0,0,0,0,0,0,1,1,-1,1,1,30,6,1461,2,7,DACIA DUSTER,10,E01005021,0,3
2024501420564,2024,501420564,1,9,0,-1,19,3,7,-1,0,1,0,0,0,0,1,9,-1,6,2,62,9,999,7,0,DACIA DUSTER,4,E01020134,0,3
2024371430349,2024,371430349,2,9,0,-1,19,7,3,-1,0,0,5,0,0,0,3,1,-1,6,2,35,6,1461,2,6,DACIA DUSTER,7,E01030243,0,4
2024991511608,2024,991511608,1,9,0,-1,19,2,6,-1,0,0,0,0,0,0,1,1,-1,9,2,32,6,999,7,4,DACIA DUSTER,3,-1,0,3
2024622400408,2024,622400408,2,9,0,4,4,7,3,0,0,1,0,0,0,0,2,1,6,6,2,37,7,999,1,4,DACIA DUSTER,10,W01000860,0,1
2024991406235,2024,991406235,1,9,0,-1,19,2,6,-1,0,0,0,0,7,0,1,1,-1,6,1,34,6,1461,2,8,DACIA DUSTER,3,E01033388,0,5
2024361458690,2024,361458690,1,9,0,-1,19,3,7,-1,0,2,0,4,7,0,1,1,-1,1,1,61,9,1598,1,11,DACIA DUSTER,1,E01012809,0,5
2024061427629,2024,061427629,2,9,-1,-1,-1,-1,-1,-1,-1,0,-1,-1,-1,0,-1,9,-1,6,3,-1,-1,999,1,2,DACIA DUSTER,-1,-1,0,-1
2024221522156,2024,221522156,2,9,0,-1,2,0,0,-1,0,0,0,0,0,0,2,1,-1,9,1,78,11,999,7,0,DACIA DUSTER,-1,-1,0,-1
2024501498651,2024,501498651,1,9,0,-1,19,8,4,-1,0,0,5,4,0,0,1,1,-1,7,2,39,7,1461,2,11,DACIA DUSTER,1,E01015145,0,1
2024440273255,2024,440273255,1,9,0,9,9,1,7,0,0,6,0,0,0,0,3,1,6,6,1,74,10,1461,2,8,DACIA DUSTER,9,E01023197,0,4
2024440436654,2024,440436654,1,9,0,5,5,3,7,0,0,2,0,0,0,0,1,1,3,7,2,53,8,1461,2,7,DACIA DUSTER,9,E01023130,0,1
202417S208024,2024,17S208024,2,9,0,-1,19,3,7,-1,0,1,0,0,0,0,1,1,-1,9,1,74,10,1461,2,3,DACIA DUSTER,2,E01012248,0,1
2024430177318,2024,430177318,2,9,0,18,19,6,2,0,0,8,0,0,3,0,4,1,6,6,1,72,10,1330,1,5,DACIA DUSTER,8,E01016252,0,1
2024991483235,2024,991483235,4,9,0,-1,19,2,7,-1,0,0,0,0,7,0,1,1,-1,9,2,53,8,1461,2,11,DACIA DUSTER,6,-1,0,1
2024231443725,2024,231443725,1,9,0,-1,19,6,3,-1,0,0,0,0,0,0,1,1,-1,6,2,62,9,1461,2,8,DACIA DUSTER,9,E01031302,0,1
2024991443706,2024,991443706,1,9,0,-1,19,6,2,-1,0,0,0,0,1,9,1,1,-1,9,2,73,10,1461,2,6,DACIA DUSTER,9,-1,0,4
2024501498474,2024,501498474,1,9,0,-1,10,7,3,-1,0,0,0,0,0,0,2,1,-1,9,1,48,8,1598,1,5,DACIA DUSTER,6,E01032085,0,5
2024430028431,2024,430028431,2,9,0,18,19,1,4,0,0,3,0,0,0,0,3,1,6,6,2,60,9,1333,1,4,DACIA DUSTER,3,E01028452,0,1
2024320223103,2024,320223103,1,9,0,4,4,2,6,0,0,0,0,0,0,0,1,1,-1,-1,2,18,4,1461,2,11,DACIA DUSTER,6,E01026306,0,2
2024010537310,2024,010537310,2,8,0,18,19,1,5,0,0,1,0,0,0,0,2,1,6,6,1,24,5,1461,2,6,DACIA DUSTER,4,E01001459,0,1
2024122500541,2024,122500541,1,9,0,13,13,4,8,0,0,0,0,0,0,0,1,1,6,6,2,37,7,1332,1,0,DACIA DUSTER,6,-1,0,5
2024010533458,2024,010533458,1,9,0,99,99,9,9,99,99,9,9,99,9,99,2,9,6,6,3,-1,-1,1461,2,11,DACIA DUSTER,-1,-1,0,-1
2024522402695,2024,522402695,2,9,0,18,19,5,1,0,0,3,0,0,0,0,4,1,6,6,2,53,8,1598,1,6,DACIA DUSTER,4,E01014495,0,1
2024052400452,2024,052400452,2,9,0,4,4,2,6,0,0,8,0,0,0,0,2,1,6,6,1,46,8,1461,2,1,DACIA DUSTER,1,E01006779,0,1
2024471470941,2024,471470941,2,9,0,-1,19,4,8,-1,0,0,0,0,1,0,1,1,-1,6,2,42,7,1461,2,9,DACIA DUSTER,7,E01031560,0,1
2024141518766,2024,141518766,3,9,0,-1,19,1,5,-1,0,0,0,0,0,0,3,1,-1,9,1,45,7,999,1,1,DACIA DUSTER,1,E01011899,0,4
2024451439131,2024,451439131,2,9,0,-1,19,5,1,-1,0,0,0,0,0,0,3,1,-1,9,2,74,10,1330,1,4,DACIA DUSTER,9,E01031721,0,4
2024041408391,2024,041408391,2,9,0,-1,19,7,3,-1,0,0,0,0,0,0,3,1,-1,9,2,35,6,999,1,4,DACIA DUSTER,3,E01025192,0,2
2024061463361,2024,061463361,2,9,0,-1,2,0,0,-1,0,0,0,0,0,0,2,1,-1,6,-1,-1,-1,1332,1,0,DACIA DUSTER,-1,-1,0,-1
2024451527507,2024,451527507,1,9,0,-1,19,7,3,-1,0,0,0,0,0,0,4,1,-1,2,1,35,6,999,7,4,DACIA DUSTER,7,E01034722,0,4
2024531439118,2024,531439118,2,9,0,-1,19,6,2,-1,0,0,1,0,1,0,3,1,-1,9,2,38,7,1461,2,10,DACIA DUSTER,7,E01034801,0,4
2024501428923,2024,501428923,2,9,0,-1,3,4,8,-1,0,1,0,0,0,0,2,1,-1,6,1,68,10,1598,1,6,DACIA DUSTER,-1,-1,0,-1
2024211488422,2024,211488422,2,9,0,-1,3,6,2,-1,0,0,0,0,0,0,2,9,-1,6,2,24,5,999,1,1,DACIA DUSTER,1,E01034053,0,2
2024451427844,2024,451427844,1,9,0,-1,9,1,7,-1,0,0,1,0,0,0,3,1,-1,9,1,72,10,999,7,3,DACIA DUSTER,10,E01030986,0,1
2024061435820,2024,061435820,1,9,0,-1,9,3,8,-1,0,0,0,0,0,0,1,1,-1,2,1,30,6,1598,1,6,DACIA DUSTER,10,E01006343,0,1
2024131456522,2024,131456522,1,9,0,-1,11,1,5,-1,0,0,0,0,0,0,4,1,-1,6,-1,-1,-1,999,1,0,DACIA DUSTER,-1,-1,0,-1
2024421492484,2024,421492484,1,9,0,-1,19,5,1,-1,0,0,0,0,0,0,1,1,-1,6,2,24,5,1598,1,6,DACIA DUSTER,4,E01016003,0,2
2024010507997,2024,010507997,1,9,0,99,99,9,9,99,99,9,9,99,9,99,1,9,2,2,2,40,7,1461,2,8,DACIA DUSTER,2,E01001477,0,2
2024451455128,2024,451455128,2,9,0,-1,4,4,1,-1,0,0,0,0,0,0,1,1,-1,1,1,64,9,1598,1,8,DACIA DUSTER,4,E01003372,0,3
2024461521902,2024,461521902,3,9,0,-1,3,1,1,-1,0,1,0,0,0,0,1,1,-1,9,2,55,8,1199,1,0,DACIA DUSTER,9,E01021203,0,3
2024991449346,2024,991449346,1,9,0,-1,9,7,4,-1,0,1,0,0,0,0,4,1,-1,9,1,61,9,1461,2,10,DACIA DUSTER,-1,-1,0,-1
2024010511266,2024,010511266,2,9,0,18,19,2,6,99,99,9,0,0,9,99,9,1,6,6,3,-1,-1,1461,2,7,DACIA DUSTER,-1,-1,0,-1
2024070354164,2024,070354164,1,8,0,4,4,7,3,0,0,1,0,0,0,0,1,1,1,1,1,43,7,1598,1,5,DACIA DUSTER,6,E01012378,0,1
2024131514594,2024,131514594,1,9,0,-1,19,1,5,-1,0,8,5,4,0,0,1,1,-1,9,1,38,7,999,1,2,DACIA DUSTER,4,E01011238,0,3
2024451520740,2024,451520740,2,9,0,-1,2,0,0,-1,0,0,0,0,0,0,2,1,-1,6,-1,-1,-1,1333,1,5,DACIA DUSTER,-1,-1,0,-1
2024131507083,2024,131507083,1,9,0,-1,19,3,7,-1,0,8,0,0,0,0,1,1,-1,9,1,72,10,1332,1,0,DACIA DUSTER,4,E01011073,0,2
2024071008628,2024,071008628,1,9,0,-1,19,1,5,-1,0,0,0,0,0,0,2,1,-1,9,2,41,7,1332,1,2,DACIA DUSTER,9,E01006062,0,4
2024221515215,2024,221515215,1,9,0,-1,19,1,5,-1,0,8,0,0,7,10,4,9,-1,6,2,41,7,1333,1,2,DACIA DUSTER,4,E01032415,0,1
2024451400965,2024,451400965,1,9,0,-1,9,5,1,-1,0,4,0,0,0,0,1,1,-1,1,1,46,8,999,7,2,DACIA DUSTER,8,E01016979,0,4
2024421411839,2024,421411839,1,9,0,-1,4,1,5,-1,0,4,0,0,0,0,1,1,-1,2,1,56,9,1461,2,10,DACIA DUSTER,2,E01021327,0,4
2024340NN1852,2024,340NN1852,1,9,0,-1,19,5,1,-1,0,0,5,0,0,0,1,1,-1,2,1,45,7,1461,2,7,DACIA DUSTER,3,E01027319,0,4
2024201460186,2024,201460186,3,9,0,-1,2,0,0,-1,0,0,0,0,0,0,0,1,-1,6,2,60,9,1461,2,4,DACIA DUSTER,6,E01031031,0,3
2024991451507,2024,991451507,1,9,0,-1,19,4,1,-1,0,2,0,0,0,0,1,1,-1,9,1,67,10,1333,1,2,DACIA DUSTER,-1,-1,0,-1
2024131442369,2024,131442369,1,9,0,-1,19,4,8,-1,0,0,0,0,0,0,1,1,-1,9,1,44,7,1461,2,10,DACIA DUSTER,5,E01011264,0,2
2024471432016,2024,471432016,1,9,0,-1,9,5,3,-1,0,8,5,0,0,0,4,1,-1,2,2,43,7,1598,1,6,DACIA DUSTER,9,E01031625,0,3
2024371471252,2024,371471252,2,9,0,-1,10,3,7,-1,0,0,0,0,0,0,3,1,-1,2,1,38,7,1598,1,8,DACIA DUSTER,4,E01029892,0,4
2024351512294,2024,351512294,2,9,0,-1,3,6,2,-1,0,0,0,0,0,0,2,1,-1,6,1,52,8,1330,1,5,DACIA DUSTER,3,E01017971,0,2
2024991480034,2024,991480034,1,9,0,-1,13,6,2,-1,0,0,0,0,0,0,2,1,-1,6,1,35,6,1461,2,11,DACIA DUSTER,8,-1,0,2
2024991442993,2024,991442993,1,9,0,-1,5,2,6,-1,0,8,0,0,0,0,2,1,-1,9,1,50,8,1461,2,10,DACIA DUSTER,3,-1,0,1
2024122401116,2024,122401116,1,9,0,18,19,8,4,0,0,6,1,0,0,0,4,1,6,6,2,33,6,999,7,4,DACIA DUSTER,6,E01012979,0,4
2024231409748,2024,231409748,2,9,0,-1,19,2,6,-1,0,0,0,0,0,0,3,1,-1,9,1,46,8,1461,2,10,DACIA DUSTER,6,E01031207,0,3
2024430240958,2024,430240958,1,9,0,9,9,5,3,0,0,6,0,0,0,0,3,1,6,6,2,61,9,1598,1,5,DACIA DUSTER,8,E01017713,0,2
2024131439568,2024,131439568,2,9,0,-1,19,5,1,-1,0,0,5,0,0,0,3,1,-1,9,1,64,9,1598,1,5,DACIA DUSTER,2,E01019565,0,4
2024631441330,2024,631441330,1,9,0,-1,14,2,6,-1,0,0,5,4,0,0,1,1,-1,9,1,62,9,1198,1,6,DACIA DUSTER,7,W01000731,0,1
2024101457393,2024,101457393,2,9,0,-1,7,7,3,-1,0,8,0,0,0,0,2,1,-1,9,2,35,6,1461,2,11,DACIA DUSTER,2,E01008719,0,1