collision_index,collision_year,collision_ref_no,vehicle_reference,vehicle_type,towing_and_articulation,vehicle_manoeuvre_historic,vehicle_manoeuvre,vehicle_direction_from,vehicle_direction_to,vehicle_location_restricted_lane_historic,vehicle_location_restricted_lane,junction_location,skidding_and_overturning,hit_object_in_carriageway,vehicle_leaving_carriageway,hit_object_off_carriageway,first_point_of_impact,vehicle_left_hand_drive,journey_purpose_of_driver_historic,journey_purpose_of_driver,sex_of_driver,age_of_driver,age_band_of_driver,engine_capacity_cc,propulsion_code,age_of_vehicle,generic_make_model,driver_imd_decile,lsoa_of_driver,escooter_flag,driver_distance_banding
2024211490199,2024,211490199,1,9,0,-1,19,3,7,-1,0,0,0,0,0,0,4,1,-1,6,2,41,7,1598,1,11,DACIA DUSTER,6,E01029778,0,1
2024331465642,2024,331465642,1,5,0,-1,11,8,4,-1,0,4,1,0,0,0,4,1,-1,2,1,43,7,803,1,12,-1,6,E01013668,0,4
2024131457772,2024,131457772,1,5,0,-1,19,7,3,-1,0,1,1,0,0,0,1,1,-1,6,1,24,5,803,1,12,-1,8,E01010698,0,1
2024361455223,2024,361455223,2,3,0,-1,19,-1,-1,-1,0,4,1,0,0,0,0,1,-1,6,2,43,7,124,1,0,-1,4,E01026898,0,1
2024131460058,2024,131460058,1,3,0,-1,19,1,1,-1,0,1,0,0,0,0,1,1,-1,9,1,20,4,125,1,16,-1,3,E01011601,0,1
2024631531403,2024,631531403,1,3,0,-1,19,7,3,-1,9,0,1,0,1,10,4,1,-1,9,1,74,10,125,1,17,-1,7,W01000448,0,1
2024111507089,2024,111507089,2,3,0,-1,19,2,6,-1,0,8,0,0,0,0,2,1,-1,2,1,63,9,124,1,21,-1,4,E01020651,0,1
2024471449583,2024,471449583,1,3,0,-1,19,1,5,-1,0,0,0,7,1,0,1,1,-1,9,1,60,9,89,1,38,-1,9,E01031517,0,3
2024122500039,2024,122500039,2,3,0,18,19,5,1,0,0,1,0,0,0,0,1,1,6,6,1,24,5,85,1,23,-1,7,E01027601,0,2
2024351505055,2024,351505055,2,5,0,-1,5,5,2,-1,0,6,0,0,0,0,3,1,-1,6,1,60,9,1261,1,7,-1,5,E01018096,0,1
2024010505794,2024,010505794,1,3,0,99,99,9,9,99,99,9,9,99,9,99,9,1,2,2,1,31,6,125,1,14,HONDA XL125V,3,E01004333,0,1
2024221439859,2024,221439859,2,2,0,-1,19,4,8,-1,0,8,0,0,0,0,1,1,-1,6,1,17,4,125,1,16,HONDA XL125V,7,E01032352,0,1
2024340NN0722,2024,340NN0722,2,3,0,-1,19,6,2,-1,0,8,5,0,0,0,1,1,-1,2,1,54,8,125,1,7,HONDA XL125V,4,E01027320,0,3
2024041491605,2024,041491605,2,3,0,-1,19,8,3,-1,0,8,5,0,0,0,1,1,-1,2,1,17,4,125,1,16,HONDA XL125V,5,E01025031,0,1
2024461471887,2024,461471887,1,3,0,-1,19,1,5,-1,0,0,2,0,0,0,1,1,-1,2,1,19,4,125,1,13,HONDA XL125V,4,E01023998,0,3
2024320402117,2024,320402117,1,3,0,15,15,7,5,0,0,3,0,0,1,0,2,1,-1,-1,1,66,10,125,1,14,HONDA XL125V,4,E01027142,0,5
2024440552632,2024,440552632,1,4,0,18,19,1,5,0,0,0,0,11,0,0,0,1,1,1,1,33,6,125,1,18,HONDA XL125V,9,E01022643,0,1
202460Q045056,2024,60Q045056,1,3,0,18,19,4,8,0,0,1,1,0,1,0,1,1,6,6,1,33,6,125,1,17,HONDA XL125V,-1,-1,0,-1
2024451401521,2024,451401521,2,3,0,-1,15,1,5,-1,0,0,2,0,0,0,1,1,-1,2,1,19,4,125,1,22,HONDA XL125V,4,E01030788,0,1
2024351419658,2024,351419658,2,4,-1,-1,-1,-1,-1,-1,0,0,1,0,0,0,-1,1,-1,6,2,25,5,125,1,18,HONDA XL125V,10,E01018265,0,2
2024411499447,2024,411499447,2,3,0,-1,5,8,4,-1,0,1,0,0,0,0,2,1,-1,6,1,60,9,125,1,22,HONDA XL125V,6,E01023761,0,1
2024471503245,2024,471503245,2,3,0,-1,19,1,5,-1,0,1,0,0,0,0,1,1,-1,2,1,44,7,125,1,22,HONDA XL125V,2,E01020955,0,3
2024131417757,2024,131417757,1,3,0,-1,19,2,6,-1,0,0,1,0,0,0,0,1,-1,2,1,17,4,125,1,12,HONDA XL125V,2,E01011815,0,1
2024302400990,2024,302400990,1,4,0,16,19,6,1,0,0,0,0,0,0,0,1,1,6,6,1,27,6,124,1,23,HONDA XL125V,4,E01019538,0,1
2024141409141,2024,141409141,1,3,0,-1,9,3,1,-1,0,4,2,0,0,0,3,1,-1,6,2,34,6,125,1,14,HONDA XL125V,2,E01007579,0,1
2024461405321,2024,461405321,1,3,0,-1,13,1,5,-1,0,1,0,0,0,0,1,1,-1,1,1,24,5,124,1,23,HONDA XL125V,1,E01024240,0,1
2024070417986,2024,070417986,2,3,0,18,19,3,7,0,0,1,0,0,7,0,4,1,6,6,1,27,6,125,1,17,HONDA XL125V,2,E01012402,0,2
2024501529283,2024,501529283,2,4,0,-1,19,3,7,-1,0,1,0,0,0,0,1,1,-1,6,1,39,7,125,1,8,HONDA XL125V,5,E01020331,0,1
2024440092647,2024,440092647,1,3,0,18,19,4,8,0,0,0,1,0,0,0,3,1,6,6,1,61,9,125,1,18,HONDA XL125V,5,E01023027,0,1
2024440081022,2024,440081022,2,3,0,18,19,6,2,0,0,0,0,0,0,0,1,1,6,6,1,19,4,125,1,16,HONDA XL125V,4,E01022976,0,1
2024430444362,2024,430444362,1,9,0,18,19,4,6,0,0,1,0,0,0,0,2,1,6,6,1,45,7,2993,2,12,-1,4,E01016822,0,1
2024221500289,2024,221500289,1,9,0,-1,19,5,1,-1,0,0,0,6,1,10,4,1,-1,9,2,42,7,3696,1,14,-1,1,E01032313,0,3
2024501497097,2024,501497097,2,17,0,-1,2,1,5,-1,0,0,0,0,0,0,2,1,-1,1,1,58,9,4800,2,3,-1,6,E01019903,0,3
2024421460129,2024,421460129,1,17,0,-1,5,7,4,-1,0,6,0,0,0,0,3,1,-1,1,1,31,6,4800,2,1,-1,7,E01022057,0,1
2024991421246,2024,991421246,2,90,0,-1,2,0,0,-1,0,5,0,0,1,10,4,1,-1,6,-1,-1,-1,854,2,10,-1,-1,-1,0,-1
2024131512840,2024,131512840,1,17,0,-1,12,8,5,-1,0,1,0,0,3,0,3,1,-1,9,1,23,5,854,2,3,-1,7,E01010952,0,1
2024010525964,2024,010525964,1,5,0,99,99,9,9,99,99,0,9,99,9,99,9,1,6,6,2,61,9,649,1,6,-1,9,E01003382,0,1
2024440159317,2024,440159317,1,5,0,16,19,3,6,0,0,0,1,0,0,0,1,1,6,6,1,65,9,649,1,6,-1,10,E01022731,0,2
2024401522015,2024,401522015,2,5,0,-1,13,1,5,-1,0,0,5,0,0,0,3,1,-1,6,1,32,6,649,1,6,-1,9,E01017624,0,1
2024471491538,2024,471491538,1,5,0,-1,19,2,6,-1,0,0,0,0,0,0,4,1,-1,9,1,29,6,649,1,7,-1,4,E01031552,0,1
2024031479606,2024,031479606,1,5,0,-1,7,1,7,-1,0,2,0,0,0,0,0,1,-1,9,1,80,11,649,1,7,-1,-1,-1,0,-1
2024501482857,2024,501482857,1,2,0,-1,19,5,1,-1,9,1,0,0,1,11,4,1,-1,6,1,18,4,49,1,4,LEXMOTO ECHO,-1,-1,0,-1
2024361412431,2024,361412431,1,2,0,-1,19,-1,-1,-1,0,0,0,0,0,0,-1,1,-1,9,1,16,4,50,1,3,LEXMOTO ECHO,5,E01026505,0,1
2024131511307,2024,131511307,1,2,0,-1,19,1,5,-1,0,0,0,0,0,0,1,1,-1,9,1,16,4,50,1,0,LEXMOTO ECHO,4,E01011810,0,1
2024211529757,2024,211529757,2,2,0,-1,19,4,8,-1,0,1,0,0,0,0,1,1,-1,6,1,17,4,50,1,2,LEXMOTO ECHO,1,E01014275,0,1
2024440050522,2024,440050522,1,2,0,18,19,6,2,0,0,0,0,10,0,0,3,1,6,6,1,16,4,50,1,1,LEXMOTO ECHO,7,E01023132,0,1
2024501411766,2024,501411766,1,2,0,-1,5,3,7,-1,0,4,2,0,0,0,0,1,-1,1,1,16,4,49,1,1,LEXMOTO ECHO,8,E01015118,0,1
2024201511456,2024,201511456,2,3,0,-1,9,7,1,-1,0,6,0,0,0,0,1,1,-1,9,1,50,8,-1,-1,-1,LEXMOTO ECHO,1,E01009637,0,1
2024371507056,2024,371507056,1,2,0,-1,-1,1,-1,-1,0,1,1,0,0,0,3,1,-1,6,1,16,4,50,1,0,LEXMOTO ECHO,6,E01030235,0,1
202417M113924,2024,17M113924,1,2,0,-1,3,8,2,-1,0,1,0,0,0,0,2,1,-1,9,1,19,4,50,1,1,LEXMOTO ECHO,1,E01012013,0,1
2024010535828,2024,010535828,2,2,0,18,19,3,7,0,0,1,0,0,0,0,1,1,2,2,1,52,8,49,1,2,LEXMOTO ECHO,3,E01004283,0,1
2024440400512,2024,440400512,1,2,0,18,19,2,6,0,0,4,0,0,0,0,3,1,6,6,1,63,9,50,1,0,LEXMOTO ECHO,10,E01022705,0,2
2024010524786,2024,010524786,1,2,0,99,99,9,9,99,99,9,9,99,9,99,1,1,2,2,1,38,7,49,1,4,LEXMOTO ECHO,5,E01004071,0,3
2024501522433,2024,501522433,1,2,0,-1,19,8,4,-1,0,0,1,0,0,0,0,1,-1,1,2,16,4,50,1,1,LEXMOTO ECHO,2,E01020015,0,1
2024610056424,2024,610056424,1,3,0,17,19,8,5,0,0,8,0,0,0,0,0,1,6,6,1,16,4,-1,-1,-1,LEXMOTO ECHO,2,W01001485,0,1
2024031398024,2024,031398024,2,2,0,-1,19,4,4,-1,0,3,0,0,0,0,4,1,-1,2,1,16,4,50,1,4,LEXMOTO ECHO,1,E01019143,0,1
2024451511788,2024,451511788,3,2,0,-1,2,5,1,-1,0,0,0,0,0,0,1,1,-1,6,1,16,4,50,1,0,LEXMOTO ECHO,9,E01030784,0,2
2024211397354,2024,211397354,1,3,0,-1,7,7,6,-1,0,8,0,0,0,0,1,1,-1,6,1,58,9,-1,-1,-1,LEXMOTO ECHO,2,E01019877,0,2
2024302401004,2024,302401004,2,3,0,14,14,5,1,0,0,8,0,0,0,0,1,1,6,6,1,16,4,-1,-1,-1,LEXMOTO ECHO,10,E01019708,0,1
2024501439796,2024,501439796,2,3,0,-1,19,6,2,-1,0,2,0,0,0,0,1,1,-1,2,1,16,4,-1,-1,-1,LEXMOTO ECHO,6,E01020220,0,3
2024131491648,2024,131491648,1,2,0,-1,19,3,7,-1,0,1,1,0,0,0,0,1,-1,2,2,23,5,50,1,2,LEXMOTO ECHO,6,E01011273,0,1
2024440071941,2024,440071941,1,2,0,9,9,5,3,0,0,8,1,0,0,0,4,1,6,6,2,16,4,50,1,3,LEXMOTO ECHO,10,E01023220,0,3
2024540814824,2024,540814824,1,2,0,18,19,1,6,0,0,0,0,4,0,0,1,1,2,2,1,16,4,49,1,4,LEXMOTO ECHO,5,E01032068,0,1
2024302401089,2024,302401089,1,3,0,4,4,8,4,0,0,1,1,0,0,0,3,1,6,6,2,16,4,-1,-1,-1,LEXMOTO ECHO,5,E01013498,0,3
2024131499181,2024,131499181,2,2,0,-1,19,1,5,-1,0,1,5,0,0,0,0,1,-1,6,1,16,4,50,1,0,LEXMOTO ECHO,5,E01011818,0,1
2024041477155,2024,041477155,2,2,0,-1,19,1,5,-1,0,2,0,0,0,0,1,1,-1,9,1,16,4,50,1,5,LEXMOTO ECHO,2,E01025366,0,1
2024440383420,2024,440383420,1,2,0,18,19,8,4,0,0,0,0,10,0,0,1,1,2,2,1,17,4,50,1,5,LEXMOTO ECHO,2,E01017165,0,1
2024320676858,2024,320676858,2,2,0,-1,-1,8,4,0,0,4,5,0,0,0,2,1,6,6,1,17,4,50,1,1,LEXMOTO ECHO,-1,-1,0,-1
2024221419633,2024,221419633,1,2,0,-1,19,6,4,-1,0,0,0,0,1,11,1,1,-1,1,1,16,4,49,1,0,LEXMOTO ECHO,4,E01028993,0,3
2024501519307,2024,501519307,2,2,0,-1,19,3,1,-1,0,3,9,0,0,0,1,1,-1,2,1,18,4,49,1,1,LEXMOTO ECHO,5,E01015049,0,1
2024201520991,2024,201520991,1,4,0,-1,19,7,3,-1,0,1,0,0,0,0,1,1,-1,1,1,17,4,124,1,6,-1,2,E01009740,0,1
2024421473642,2024,421473642,2,3,0,-1,19,2,6,-1,0,0,5,0,0,0,1,1,-1,2,1,18,4,124,1,1,-1,2,E01021703,0,1
2024430129011,2024,430129011,1,5,0,17,19,1,5,0,0,0,1,0,0,0,1,1,6,6,1,60,9,124,1,2,-1,-1,-1,0,-1
2024430289985,2024,430289985,2,3,0,14,14,6,2,0,0,1,0,0,0,0,1,1,6,6,1,21,5,124,1,0,-1,7,E01028431,0,1
2024201456664,2024,201456664,1,2,0,-1,19,2,6,-1,0,8,0,0,0,0,1,1,-1,9,1,18,4,124,1,0,-1,3,E01010290,0,1
2024471465441,2024,471465441,1,3,0,-1,19,7,3,-1,0,4,1,0,0,0,3,1,-1,9,2,17,4,124,1,1,-1,8,E01031416,0,1
2024231516862,2024,231516862,1,3,0,-1,19,4,8,-1,0,8,0,0,0,0,1,1,-1,9,1,23,5,124,1,0,-1,6,E01031107,0,1
2024501434106,2024,501434106,2,3,-1,-1,19,-1,-1,-1,0,0,-1,-1,-1,0,3,1,-1,6,1,30,6,124,1,2,-1,2,E01015168,0,1
2024302400267,2024,302400267,2,3,0,18,19,5,1,0,0,1,0,0,0,0,1,1,6,6,1,28,6,124,1,6,-1,2,E01019777,0,1
2024211512088,2024,211512088,1,9,0,-1,7,6,8,-1,0,6,0,0,0,0,1,1,-1,6,1,42,7,1791,8,13,LEXUS CT 200,2,E01014355,0,1
2024010521675,2024,010521675,1,9,0,99,99,9,9,99,99,9,9,99,9,99,4,9,6,6,2,56,9,1798,8,7,LEXUS CT 200,6,E01000487,0,1
2024440240424,2024,440240424,1,9,0,18,19,2,6,0,0,0,0,0,5,7,1,1,2,2,1,45,7,1798,8,5,LEXUS CT 200,2,E01017523,0,5
2024010513831,2024,010513831,2,9,0,18,19,3,7,0,0,0,0,0,0,0,3,1,6,6,1,35,6,1798,8,10,LEXUS CT 200,2,E01002356,0,1
2024451512738,2024,451512738,1,9,0,-1,1,7,3,-1,9,0,0,0,0,0,2,1,-1,9,2,41,7,1798,8,9,LEXUS CT 200,10,E01030641,0,2
2024461473213,2024,461473213,2,9,0,-1,2,0,0,-1,0,0,0,0,0,0,1,1,-1,6,-1,-1,-1,1791,8,13,LEXUS CT 200,-1,-1,0,-1
2024522403144,2024,522403144,2,9,0,18,19,3,7,0,0,8,0,0,0,0,4,1,6,6,1,63,9,1798,8,6,LEXUS CT 200,9,E01014784,0,1
2024540311324,2024,540311324,1,9,0,18,19,2,6,0,0,0,2,0,1,11,1,1,6,6,1,72,10,1798,8,8,LEXUS CT 200,10,E01015533,0,3
2024991455471,2024,991455471,2,9,0,-1,19,3,7,-1,0,0,0,0,0,0,2,1,-1,2,2,23,5,1798,8,7,LEXUS CT 200,5,-1,0,1
2024010508193,2024,010508193,1,9,0,99,99,9,9,99,99,9,9,99,9,99,9,9,6,6,1,23,5,1798,8,12,LEXUS CT 200,5,E01004439,0,1
2024141514484,2024,141514484,2,9,0,-1,9,8,2,-1,0,0,0,0,0,0,1,1,-1,1,2,36,7,1791,8,13,LEXUS CT 200,1,E01007943,0,2
2024010520474,2024,010520474,2,9,0,99,99,9,9,99,99,9,9,99,9,99,9,9,6,6,3,-1,-1,1791,8,13,LEXUS CT 200,6,E01001095,0,1
2024371416312,2024,371416312,1,9,0,-1,19,7,3,-1,0,0,0,11,1,10,1,9,-1,2,1,20,4,1798,8,9,LEXUS CT 200,6,E01018281,0,3
2024311486890,2024,311486890,1,9,0,-1,9,1,6,-1,0,2,0,0,0,0,4,1,-1,9,2,36,7,1798,8,11,LEXUS CT 200,1,E01013954,0,1
2024440063249,2024,440063249,1,9,0,9,9,3,1,0,0,8,0,0,0,0,4,1,6,6,2,21,5,1791,8,13,LEXUS CT 200,10,E01030810,0,4
2024131477002,2024,131477002,2,9,0,-1,6,5,3,-1,0,6,0,0,0,0,1,1,-1,6,1,56,9,1798,8,8,LEXUS CT 200,3,E01010675,0,4
2024010525586,2024,010525586,2,9,0,18,19,5,1,0,0,8,0,0,0,0,1,1,6,6,3,34,6,1791,8,12,LEXUS CT 200,3,E01004283,0,1
2024010534937,2024,010534937,1,9,0,99,99,9,9,99,99,9,9,99,9,99,2,9,6,6,1,35,6,1798,8,6,LEXUS CT 200,10,E01003870,0,2
2024010518865,2024,010518865,2,9,0,18,19,5,1,0,0,1,0,0,0,0,1,1,6,6,1,23,5,1798,8,7,LEXUS CT 200,-1,-1,0,-1
2024411409230,2024,411409230,1,9,-1,-1,-1,-1,-1,-1,-1,0,-1,-1,-1,0,1,9,-1,6,2,-1,-1,1798,8,10,LEXUS CT 200,9,E01023676,0,2
2024201478466,2024,201478466,1,9,0,-1,-1,5,2,-1,-1,8,0,0,0,0,1,1,-1,-1,1,47,8,1798,8,8,LEXUS CT 200,1,E01009612,0,4
2024440371308,2024,440371308,1,9,0,18,19,5,1,0,0,8,0,0,0,0,1,1,2,2,1,38,7,1798,8,5,LEXUS CT 200,3,E01023205,0,1
2024311476116,2024,311476116,2,8,0,-1,4,3,7,-1,0,0,0,0,0,0,2,1,-1,6,1,45,7,1791,8,12,LEXUS CT 200,4,E01013967,0,1
2024411482205,2024,411482205,2,9,-1,-1,-1,-1,-1,-1,-1,0,-1,-1,-1,0,2,9,-1,6,2,47,8,1798,8,10,LEXUS CT 200,7,E01001255,0,4
2024010511371,2024,010511371,2,9,0,99,99,9,9,99,99,9,9,99,9,99,1,9,6,6,3,-1,-1,1798,8,5,LEXUS CT 200,5,E01000219,0,2
2024010545250,2024,010545250,5,9,0,3,3,7,3,0,0,2,0,0,0,0,2,1,6,6,3,-1,-1,1798,8,6,LEXUS CT 200,-1,-1,0,-1
2024010524892,2024,010524892,1,9,0,99,99,9,9,99,99,9,9,99,9,99,1,9,1,1,1,30,6,1798,8,10,LEXUS CT 200,2,E01002615,0,2
2024052402266,2024,052402266,1,9,0,9,9,4,2,0,0,8,0,0,0,0,1,1,1,1,1,44,7,1798,8,5,LEXUS CT 200,1,E01011144,0,4
2024131430944,2024,131430944,2,9,0,-1,19,3,7,-1,0,0,0,0,0,0,2,1,-1,6,1,35,6,1798,8,7,LEXUS CT 200,1,E01010623,0,1
2024201448637,2024,201448637,2,9,0,-1,5,5,1,-1,0,1,0,10,1,0,3,9,-1,6,1,48,8,1791,8,12,LEXUS CT 200,1,E01009060,0,1
2024122500109,2024,122500109,2,8,0,18,19,7,3,0,0,1,0,0,0,0,1,1,1,1,1,50,8,1798,8,11,LEXUS CT 200,2,E01010864,0,4
2024010527752,2024,010527752,1,9,0,18,19,3,7,2,2,8,0,4,0,0,1,1,6,6,1,31,6,1791,8,13,LEXUS CT 200,3,E01003490,0,1
2024430312889,2024,430312889,1,9,0,10,10,7,5,0,0,8,0,0,0,0,3,1,6,6,2,37,7,1791,8,13,LEXUS CT 200,5,E01016731,0,1
2024010543131,2024,010543131,2,9,0,99,99,9,9,99,99,9,9,99,9,99,9,9,6,6,3,-1,-1,1798,8,6,LEXUS CT 200,-1,-1,0,-1
2024211523608,2024,211523608,1,8,0,-1,1,-1,-1,-1,0,1,9,0,0,0,2,1,-1,1,1,33,6,1798,8,11,LEXUS CT 200,2,E01010268,0,2
2024010540101,2024,010540101,1,8,0,18,19,7,3,0,0,0,0,0,0,0,1,1,1,1,1,57,9,1798,8,9,LEXUS CT 200,3,E01000553,0,1
2024421459850,2024,421459850,2,9,0,-1,9,3,1,-1,0,0,0,0,0,0,3,9,-1,9,1,20,4,1791,8,13,LEXUS CT 200,2,E01004256,0,4
2024010518549,2024,010518549,1,9,0,9,9,3,1,0,0,8,0,0,0,0,3,1,1,1,2,45,7,1798,8,8,LEXUS CT 200,4,E01003249,0,1
2024010514016,2024,010514016,1,9,0,7,7,7,1,0,0,5,0,99,0,0,4,9,6,6,2,72,10,1798,8,7,LEXUS CT 200,8,E01003421,0,1
2024010506303,2024,010506303,2,9,0,99,99,9,9,99,99,9,9,99,9,99,1,9,6,6,1,28,6,1798,8,11,LEXUS CT 200,5,E01001150,0,3
2024421497927,2024,421497927,3,9,0,-1,2,0,0,-1,0,0,0,0,0,0,1,1,-1,6,-1,-1,-1,1798,8,12,LEXUS CT 200,-1,-1,0,-1
2024010507283,2024,010507283,2,9,0,12,12,5,1,6,6,0,0,0,0,0,3,1,6,6,1,60,9,1798,8,12,LEXUS CT 200,2,E01002804,0,2
2024401484546,2024,401484546,1,9,0,-1,19,-1,-1,-1,0,4,0,0,0,0,1,9,-1,6,1,-1,-1,1791,8,13,LEXUS CT 200,3,E01017539,0,3
2024302401629,2024,302401629,1,9,0,9,9,6,5,0,0,8,0,0,1,0,3,1,6,6,2,46,8,1791,8,13,LEXUS CT 200,7,E01019460,0,1
2024010500810,2024,010500810,2,8,0,18,19,3,7,0,0,0,0,0,0,0,1,1,1,1,1,46,8,1798,8,10,LEXUS CT 200,3,E01004322,0,2
2024010542759,2024,010542759,2,9,0,99,99,9,9,99,99,9,9,99,9,99,1,9,6,6,3,-1,-1,1791,8,13,LEXUS CT 200,2,E01004321,0,1
2024010508820,2024,010508820,1,9,0,7,7,3,5,0,0,1,0,0,1,0,1,2,6,6,1,63,9,1791,8,13,LEXUS CT 200,9,E01004638,0,1
2024010521507,2024,010521507,1,9,0,15,15,5,1,0,0,0,0,4,0,0,1,1,2,2,1,44,7,1798,8,10,LEXUS CT 200,2,E01002310,0,2
2024131427729,2024,131427729,1,9,0,-1,19,1,5,-1,0,0,0,0,0,0,2,1,-1,1,1,50,8,1798,8,12,LEXUS CT 200,3,E01011125,0,3
2024501409617,2024,501409617,1,8,0,-1,19,1,5,-1,0,0,0,0,0,0,1,1,-1,1,1,36,7,1791,8,13,LEXUS CT 200,1,E01015180,0,1
2024010531112,2024,010531112,1,9,0,18,19,1,5,0,0,1,0,11,1,0,1,1,3,7,1,70,10,1791,8,13,LEXUS CT 200,9,E01001126,0,1
2024430629871,2024,430629871,2,9,0,18,19,3,7,0,0,8,0,0,0,0,4,1,6,6,2,49,8,1791,8,13,LEXUS CT 200,10,E01016660,0,1
2024061516854,2024,061516854,1,9,0,-1,9,1,7,-1,0,8,0,0,0,0,1,1,-1,2,1,52,8,1791,8,13,LEXUS CT 200,5,E01033987,0,2
2024010551286,2024,010551286,1,9,0,9,9,4,2,0,0,1,0,0,0,0,4,1,6,6,2,62,9,1798,8,5,LEXUS CT 200,3,E01000127,0,1
2024201421481,2024,201421481,1,9,0,-1,5,0,1,-1,0,0,0,0,0,0,4,9,-1,6,1,30,6,1791,8,13,LEXUS CT 200,-1,-1,0,-1
2024311429797,2024,311429797,1,9,0,-1,19,3,7,-1,0,0,5,4,0,0,4,1,-1,6,1,33,6,1798,8,12,LEXUS CT 200,6,E01013837,0,3
2024101393686,2024,101393686,1,9,0,-1,19,1,5,-1,0,1,0,0,0,0,1,1,-1,2,1,27,6,1798,8,8,LEXUS CT 200,6,E01020821,0,4
2024520001460,2024,520001460,1,9,0,3,3,7,3,0,0,8,0,0,0,0,2,1,6,6,2,25,5,1798,8,7,LEXUS CT 200,9,E01014387,0,1
2024010535759,2024,010535759,2,9,9,99,99,9,9,99,99,9,9,99,9,99,9,9,6,6,3,-1,-1,1791,8,13,LEXUS CT 200,-1,-1,0,-1
2024231412268,2024,231412268,2,9,0,-1,4,7,3,-1,0,0,0,0,0,0,2,1,-1,1,1,31,6,1798,8,8,LEXUS CT 200,1,E01034735,0,3
2024211424683,2024,211424683,3,9,0,-1,19,6,2,-1,0,0,0,0,0,0,2,1,-1,2,2,26,6,1798,8,11,LEXUS CT 200,2,E01029426,0,3
2024311463974,2024,311463974,2,9,0,-1,19,4,8,-1,0,0,0,0,0,0,2,1,-1,9,2,36,7,1798,8,11,LEXUS CT 200,-1,-1,0,-1
2024010539161,2024,010539161,2,9,0,18,19,1,5,0,0,0,0,0,0,0,0,1,6,6,1,22,5,1798,8,11,LEXUS CT 200,5,E01004601,0,1
2024010527012,2024,010527012,2,9,0,18,19,7,3,0,0,1,9,0,0,0,1,1,6,6,2,59,9,1798,8,10,LEXUS CT 200,4,E01003716,0,1
2024401487905,2024,401487905,1,9,0,-1,9,7,3,-1,0,8,0,0,0,0,3,1,-1,6,1,35,6,1798,8,4,LEXUS CT 200,3,E01017552,0,1
2024010506942,2024,010506942,1,9,0,99,99,9,9,0,0,0,0,0,0,0,9,9,6,6,2,36,7,1798,8,5,LEXUS CT 200,3,E01000082,0,1
2024421452147,2024,421452147,1,9,0,-1,7,5,7,-1,0,0,0,0,0,0,4,1,-1,9,1,39,7,1791,8,13,LEXUS CT 200,7,E01015827,0,1
2024231515564,2024,231515564,2,9,0,-1,19,4,1,-1,0,8,1,0,7,0,1,1,-1,1,1,52,8,1798,8,11,LEXUS CT 200,6,E01010200,0,3
2024201520298,2024,201520298,1,8,0,-1,19,6,2,-1,0,0,0,0,0,0,1,1,-1,6,3,45,7,1798,8,11,LEXUS CT 200,4,E01009065,0,3
2024451534677,2024,451534677,1,9,0,-1,19,6,2,-1,0,0,5,0,1,0,1,1,-1,9,1,21,5,1791,8,13,LEXUS CT 200,7,E01031813,0,4
2024010541327,2024,010541327,1,9,0,9,9,1,6,0,0,6,0,0,0,0,3,1,6,6,1,39,7,1798,8,8,LEXUS CT 200,7,E01003414,0,1
2024010506354,2024,010506354,1,9,0,5,5,1,5,0,0,1,0,0,0,0,1,1,6,6,1,40,7,1798,8,8,LEXUS CT 200,3,E01004403,0,1
2024010540125,2024,010540125,1,9,0,17,19,3,1,0,0,2,0,0,0,0,1,1,6,6,1,42,7,1798,8,10,LEXUS CT 200,3,E01003594,0,2
2024010544955,2024,010544955,1,9,0,18,19,1,5,0,0,0,0,0,0,0,1,1,3,7,2,50,8,1791,8,13,LEXUS CT 200,5,E01000928,0,1
2024461405090,2024,461405090,1,9,0,-1,19,5,1,-1,0,0,0,0,0,0,1,9,-1,6,1,51,8,1798,8,11,LEXUS CT 200,2,E01024295,0,2
2024010503361,2024,010503361,1,9,0,9,9,6,3,0,0,1,0,0,0,0,4,1,6,6,1,28,6,1798,8,11,LEXUS CT 200,5,E01033885,0,1
2024010506552,2024,010506552,1,9,0,99,99,9,9,99,99,9,9,99,9,99,1,9,6,6,3,-1,-1,1798,8,11,LEXUS CT 200,-1,-1,0,-1
2024010502213,2024,010502213,2,9,0,5,5,5,1,0,0,4,0,0,0,0,1,1,6,6,2,53,8,1798,8,7,LEXUS CT 200,10,E01000325,0,1
2024501454506,2024,501454506,2,9,0,-1,19,1,5,-1,0,0,0,0,0,0,1,1,-1,6,2,39,7,1798,8,10,LEXUS CT 200,9,E01019964,0,2
2024070627864,2024,070627864,2,9,0,3,3,7,6,0,0,1,0,0,0,0,0,1,6,6,2,54,8,1798,8,4,LEXUS CT 200,8,E01005277,0,3
2024141450046,2024,141450046,2,9,0,-1,9,6,4,-1,0,2,0,0,0,0,1,1,-1,9,1,38,7,1798,8,11,LEXUS CT 200,3,E01004365,0,5