collision_index,collision_year,collision_ref_no,vehicle_reference,vehicle_type,towing_and_articulation,vehicle_manoeuvre_historic,vehicle_manoeuvre,vehicle_direction_from,vehicle_direction_to,vehicle_location_restricted_lane_historic,vehicle_location_restricted_lane,junction_location,skidding_and_overturning,hit_object_in_carriageway,vehicle_leaving_carriageway,hit_object_off_carriageway,first_point_of_impact,vehicle_left_hand_drive,journey_purpose_of_driver_historic,journey_purpose_of_driver,sex_of_driver,age_of_driver,age_band_of_driver,engine_capacity_cc,propulsion_code,age_of_vehicle,generic_make_model,driver_imd_decile,lsoa_of_driver,escooter_flag,driver_distance_banding
2024451520876,2024,451520876,2,9,0,-1,19,7,3,-1,0,0,0,0,0,0,2,1,-1,9,1,29,6,1798,8,9,LEXUS CT 200,10,E01024349,0,4
2024340NN3362,2024,340NN3362,1,9,0,-1,5,5,1,-1,0,0,0,0,0,0,1,1,-1,6,1,-1,-1,1798,8,11,LEXUS CT 200,-1,-1,0,-1
2024131409793,2024,131409793,2,9,0,-1,2,1,5,-1,0,2,0,0,0,0,1,1,-1,9,1,43,7,1798,8,8,LEXUS CT 200,3,E01011261,0,1
2024010516460,2024,010516460,2,9,0,99,99,9,9,99,99,0,9,99,9,99,9,9,6,6,3,-1,-1,1798,8,9,LEXUS CT 200,-1,-1,0,-1
2024010507251,2024,010507251,2,9,0,99,99,9,9,99,99,9,9,99,9,99,9,9,6,6,3,-1,-1,1798,8,11,LEXUS CT 200,-1,-1,0,-1
2024991413247,2024,991413247,1,9,0,-1,19,4,7,-1,0,2,0,0,0,0,1,1,-1,6,1,27,6,1791,8,13,LEXUS CT 200,5,-1,0,4
2024061481210,2024,061481210,3,9,0,-1,9,7,5,-1,0,8,0,0,0,0,3,1,-1,9,1,40,7,1791,8,12,LEXUS CT 200,8,E01004970,0,1
2024401519788,2024,401519788,1,9,0,-1,19,5,1,-1,0,0,0,0,0,0,4,1,-1,6,1,56,9,1798,8,11,LEXUS CT 200,6,E01016838,0,4
2024411525987,2024,411525987,3,9,0,-1,19,3,6,-1,0,0,0,0,0,0,3,1,-1,1,1,37,7,1791,8,12,LEXUS CT 200,3,E01004063,0,4
2024010521152,2024,010521152,2,9,9,99,99,9,9,99,99,9,9,99,9,99,9,9,6,6,3,-1,-1,1798,8,6,LEXUS CT 200,-1,-1,0,-1
2024010516054,2024,010516054,1,9,0,9,9,1,7,0,0,1,0,0,0,0,4,1,6,6,1,32,6,1791,8,13,LEXUS CT 200,3,E01002264,0,1
2024461395423,2024,461395423,2,9,0,-1,9,1,7,-1,0,1,0,0,0,0,3,1,-1,9,2,53,8,1798,8,5,LEXUS CT 200,8,E01024625,0,1
2024010500301,2024,010500301,1,8,0,9,9,7,4,0,0,8,0,0,0,0,4,1,2,2,1,63,9,1798,8,9,LEXUS CT 200,2,E01000626,0,2
2024010513725,2024,010513725,1,9,0,18,19,5,1,0,0,1,0,0,0,0,2,1,6,6,1,67,10,1791,8,12,LEXUS CT 200,5,E01001035,0,1
2024501491609,2024,501491609,1,9,0,-1,19,3,8,-1,0,1,0,0,1,11,1,1,-1,9,2,83,11,1791,8,13,LEXUS CT 200,3,E01018991,0,1
2024070298800,2024,070298800,2,9,0,4,4,5,1,0,0,1,0,0,0,0,1,1,2,2,2,40,7,1798,8,10,LEXUS CT 200,7,E01029545,0,2
2024421415950,2024,421415950,1,9,0,-1,19,1,5,-1,0,8,0,0,0,0,1,1,-1,6,1,26,6,1791,8,12,LEXUS CT 200,2,E01015875,0,1
2024451523421,2024,451523421,2,9,0,-1,4,7,3,-1,0,0,0,0,0,0,1,1,-1,9,1,82,11,1798,8,11,LEXUS CT 200,5,E01030984,0,1
202454C365124,2024,54C365124,1,9,0,18,19,5,1,0,0,1,0,0,0,0,1,1,6,6,1,36,7,1798,8,12,LEXUS CT 200,7,E01033844,0,1
2024010549414,2024,010549414,1,9,0,18,19,1,5,0,0,0,0,4,0,0,1,1,6,6,1,42,7,1798,8,10,LEXUS CT 200,-1,-1,0,-1
2024010502275,2024,010502275,2,9,0,18,19,3,7,0,0,1,0,0,0,0,1,1,6,6,1,20,4,1798,8,5,LEXUS CT 200,9,E01002509,0,1
2024010517713,2024,010517713,1,9,0,10,10,1,7,0,0,6,0,0,0,0,4,1,6,6,1,45,7,1798,8,12,LEXUS CT 200,-1,-1,0,-1
2024010533097,2024,010533097,1,9,0,4,4,3,7,0,0,0,0,0,0,0,2,1,6,6,1,47,8,1798,8,10,LEXUS CT 200,5,E01002590,0,1
2024010498673,2024,010498673,2,9,0,18,19,7,3,0,0,8,0,0,0,0,1,1,6,6,1,49,8,1791,8,13,LEXUS CT 200,7,E01015968,0,3
2024340WN5862,2024,340WN5862,1,9,0,-1,19,6,2,-1,0,0,0,0,0,0,1,1,-1,6,1,-1,-1,1791,8,12,LEXUS CT 200,-1,-1,0,-1
2024522401639,2024,522401639,1,9,0,3,3,7,3,0,0,1,0,0,0,0,2,1,6,6,1,64,9,1791,8,13,LEXUS CT 200,10,E01035220,0,2
2024010489249,2024,010489249,1,9,0,18,19,4,8,0,0,0,0,0,0,0,1,1,2,2,1,47,8,1791,8,13,LEXUS CT 200,5,E01000067,0,1
2024131461695,2024,131461695,1,9,0,-1,19,1,3,-1,0,0,0,0,0,0,1,1,-1,9,2,48,8,1798,8,10,LEXUS CT 200,1,E01010843,0,1
2024549556924,2024,549556924,1,9,0,18,19,3,7,0,0,1,0,0,0,0,1,1,6,6,2,44,7,1798,8,9,LEXUS CT 200,7,E01014890,0,3
2024430519834,2024,430519834,1,9,0,18,19,8,4,0,0,0,0,0,0,0,1,1,6,6,3,-1,-1,1798,8,10,LEXUS CT 200,-1,-1,0,-1
2024522403285,2024,522403285,1,9,0,18,19,2,6,0,0,0,0,0,0,0,1,1,6,6,2,24,5,1798,8,6,LEXUS CT 200,4,E01022331,0,4
2024991446685,2024,991446685,1,9,0,-1,19,3,7,-1,9,6,0,0,0,0,4,2,-1,6,1,34,6,1798,8,11,LEXUS CT 200,1,-1,0,1
2024201431081,2024,201431081,2,8,0,-1,19,2,6,-1,0,0,1,0,0,0,1,1,-1,6,1,31,6,1798,8,8,LEXUS CT 200,1,E01013811,0,4
2024122401123,2024,122401123,1,9,0,18,19,2,7,0,0,1,0,0,0,0,1,1,6,6,1,71,10,1798,8,9,LEXUS CT 200,4,E01012300,0,3
2024010546600,2024,010546600,2,9,0,99,99,9,9,99,99,9,9,99,9,99,1,9,6,6,3,39,7,1798,8,10,LEXUS CT 200,6,E01035702,0,1
2024010538526,2024,010538526,3,9,0,10,10,6,3,0,0,8,0,0,0,0,1,1,1,1,1,75,10,1798,8,8,LEXUS CT 200,3,E01002276,0,1
2024010528033,2024,010528033,2,9,0,99,99,9,9,99,99,9,9,99,9,99,1,9,6,6,2,32,6,1791,8,12,LEXUS CT 200,7,E01004442,0,1
2024332400895,2024,332400895,1,9,0,-1,19,2,6,-1,0,8,0,0,0,0,4,1,-1,6,2,28,6,1798,8,12,LEXUS CT 200,4,E01013749,0,1
2024010545251,2024,010545251,2,9,0,18,19,3,7,0,0,2,0,0,0,0,3,1,1,1,1,33,6,1798,8,5,LEXUS CT 200,4,E01000875,0,2
2024332400302,2024,332400302,1,9,0,-1,19,7,3,-1,0,6,0,0,0,0,3,1,-1,6,2,82,11,1798,8,5,LEXUS CT 200,9,E01025738,0,2
2024131532286,2024,131532286,1,9,0,-1,19,1,5,-1,0,1,0,0,0,0,1,1,-1,6,3,-1,-1,1798,8,8,LEXUS CT 200,-1,-1,0,-1
2024332400455,2024,332400455,1,9,0,-1,19,2,6,-1,0,0,0,0,0,0,4,1,-1,9,1,36,7,1791,8,13,LEXUS CT 200,7,E01025702,0,3
2024552500118,2024,552500118,1,9,0,18,19,6,2,0,0,0,0,0,0,0,3,1,6,6,2,36,7,1798,8,12,LEXUS CT 200,9,E01020367,0,1
2024010546242,2024,010546242,1,9,0,18,19,5,1,0,0,3,0,0,0,0,1,1,3,7,2,42,7,1798,8,9,LEXUS CT 200,9,E01003849,0,1
2024211476399,2024,211476399,2,9,0,-1,3,5,5,-1,0,1,0,0,0,0,2,1,-1,6,2,45,7,1798,8,9,LEXUS CT 200,8,E01034105,0,1
2024010499392,2024,010499392,1,9,0,9,9,3,1,0,0,1,0,0,0,0,3,1,6,6,2,48,8,1791,8,12,LEXUS CT 200,4,E01004415,0,1
2024311526265,2024,311526265,1,9,0,-1,5,3,7,-1,0,0,0,0,0,0,2,2,-1,1,1,27,6,1798,8,7,LEXUS CT 200,-1,-1,0,-1
2024501404523,2024,501404523,1,9,0,-1,9,1,7,-1,0,0,0,0,0,0,1,9,-1,2,1,51,8,1798,8,9,LEXUS CT 200,6,E01018981,0,3
2024401462313,2024,401462313,2,9,0,-1,9,6,4,-1,0,6,0,0,0,0,4,1,-1,6,2,32,6,1791,8,13,LEXUS CT 200,3,E01015765,0,4
2024052400127,2024,052400127,2,8,0,18,19,7,3,0,0,1,0,0,0,0,3,1,1,1,1,35,6,1798,8,10,LEXUS CT 200,1,E01006702,0,1
2024451478976,2024,451478976,3,9,0,-1,19,1,5,-1,0,0,0,0,0,0,1,9,-1,6,2,35,6,1798,8,9,LEXUS CT 200,-1,-1,0,-1
2024010514044,2024,010514044,2,9,0,99,99,9,9,99,99,9,9,99,9,99,9,9,6,6,3,-1,-1,1791,8,13,LEXUS CT 200,-1,-1,0,-1
2024411502119,2024,411502119,1,9,0,-1,9,7,4,-1,0,6,0,0,0,0,3,1,-1,6,1,51,8,1798,8,10,LEXUS CT 200,2,E01015698,0,3
2024340WN1522,2024,340WN1522,2,9,0,-1,5,6,2,-1,0,1,0,0,0,0,2,1,-1,9,2,75,10,1798,8,7,LEXUS CT 200,8,E01027141,0,1
2024332400132,2024,332400132,1,9,0,-1,3,1,5,-1,0,2,0,0,0,0,2,1,-1,6,2,35,6,1791,8,13,LEXUS CT 200,3,E01013772,0,1
2024061466665,2024,061466665,1,9,0,-1,19,5,1,-1,0,0,0,0,0,0,1,1,-1,6,2,25,5,1798,8,11,LEXUS CT 200,1,E01034234,0,1
2024340WN5912,2024,340WN5912,1,9,0,-1,19,3,7,-1,0,0,0,0,0,0,1,1,-1,6,2,-1,-1,1798,8,7,LEXUS CT 200,-1,-1,0,-1
2024010526607,2024,010526607,1,9,0,18,19,3,7,0,0,8,0,0,0,0,1,1,1,1,1,38,7,1798,8,11,LEXUS CT 200,-1,-1,0,-1
2024010510901,2024,010510901,3,9,0,2,2,0,0,0,0,2,0,0,0,0,0,1,6,6,3,-1,-1,1798,8,12,LEXUS CT 200,-1,-1,0,-1
2024311506503,2024,311506503,1,8,0,-1,19,3,7,-1,0,4,0,0,0,0,1,1,-1,1,1,48,8,1798,8,9,LEXUS CT 200,-1,-1,0,-1
2024010508321,2024,010508321,2,9,9,99,99,9,9,99,99,9,9,99,9,99,9,9,6,6,3,-1,-1,1798,8,10,LEXUS CT 200,-1,-1,0,-1
2024440502716,2024,440502716,1,9,0,18,19,7,5,0,0,6,0,0,0,0,4,1,6,6,1,34,6,1798,8,10,LEXUS CT 200,6,E01017025,0,1
2024311493818,2024,311493818,1,9,0,-1,1,1,5,-1,0,0,0,0,0,0,2,1,-1,9,1,74,10,1798,8,11,LEXUS CT 200,9,E01028375,0,1
2024451475632,2024,451475632,1,9,0,-1,19,4,7,-1,0,4,0,0,0,0,1,1,-1,9,1,76,11,2231,2,14,LEXUS IS 220,3,E01030676,0,1
2024361461252,2024,361461252,1,9,0,-1,12,7,5,-1,0,0,0,0,0,0,3,1,-1,9,1,72,10,2231,2,18,LEXUS IS 220,1,E01026704,0,1
2024430319771,2024,430319771,1,9,0,18,19,1,5,0,0,1,0,0,0,0,1,1,2,2,1,22,5,2231,2,15,LEXUS IS 220,10,E01028645,0,4
2024522402602,2024,522402602,1,9,0,18,19,8,4,0,0,8,0,0,0,0,4,1,6,6,1,39,7,2231,2,14,LEXUS IS 220,7,E01014890,0,2
2024141524488,2024,141524488,1,9,0,-1,19,5,8,-1,0,1,0,0,0,0,1,1,-1,6,2,65,9,2231,2,14,LEXUS IS 220,2,E01007636,0,2
2024041401786,2024,041401786,1,9,0,-1,19,5,3,-1,0,0,0,0,0,0,1,1,-1,9,1,29,6,2231,2,16,LEXUS IS 220,1,E01025574,0,1
2024161482788,2024,161482788,2,9,0,-1,19,5,1,-1,0,1,0,0,0,0,1,1,-1,9,1,36,7,2231,2,18,LEXUS IS 220,1,E01013165,0,1
2024991424940,2024,991424940,2,9,0,-1,4,5,8,-1,0,1,0,0,0,0,2,1,-1,6,1,37,7,2231,2,18,LEXUS IS 220,7,-1,0,1
2024041507122,2024,041507122,1,9,0,-1,19,1,5,-1,0,0,0,0,0,0,1,1,-1,6,-1,-1,-1,2231,2,14,LEXUS IS 220,-1,-1,0,-1
2024131499694,2024,131499694,1,9,0,-1,10,4,1,-1,0,8,0,0,0,0,1,1,-1,9,1,49,8,2231,2,16,LEXUS IS 220,3,E01011489,0,1
2024610011624,2024,610011624,1,9,0,7,7,1,3,0,0,8,0,0,0,0,4,1,2,2,1,48,8,2231,2,14,LEXUS IS 220,5,W01001612,0,1
2024471439230,2024,471439230,1,9,0,-1,9,7,5,-1,0,4,0,0,0,0,1,1,-1,2,1,36,7,2231,2,14,LEXUS IS 220,8,E01022607,0,3
2024041467432,2024,041467432,2,9,0,-1,2,0,0,-1,0,0,0,0,0,0,2,1,-1,6,-1,-1,-1,2231,2,15,LEXUS IS 220,-1,-1,0,-1
2024211512860,2024,211512860,2,9,0,-1,19,6,2,-1,0,6,0,0,0,0,2,1,-1,6,1,58,9,2231,2,17,LEXUS IS 220,2,E01010061,0,4
2024211501073,2024,211501073,2,9,0,-1,14,7,3,-1,0,0,0,0,0,0,4,1,-1,6,1,28,6,2231,2,17,LEXUS IS 220,6,E01029524,0,1
2024531525934,2024,531525934,1,9,0,-1,9,1,7,-1,0,6,0,0,0,0,0,9,-1,6,1,-1,-1,2231,2,16,LEXUS IS 220,-1,-1,0,-1
2024351543925,2024,351543925,3,9,0,-1,19,2,6,-1,0,0,1,0,1,4,1,1,-1,6,1,28,6,2231,2,17,LEXUS IS 220,-1,-1,0,-1
2024070424642,2024,070424642,3,9,0,2,2,0,0,0,0,0,0,0,0,0,2,1,6,6,3,-1,-1,2231,2,16,LEXUS IS 220,-1,-1,0,-1
2024302400798,2024,302400798,1,9,0,9,9,5,3,0,0,8,0,0,0,0,1,1,6,6,1,55,8,2231,2,16,LEXUS IS 220,6,E01013518,0,1
2024440482419,2024,440482419,2,9,0,18,19,7,3,0,0,0,0,2,1,1,1,1,6,6,1,66,10,2231,2,15,LEXUS IS 220,10,E01023052,0,1
2024131429207,2024,131429207,1,9,0,-1,-1,-1,-1,-1,-1,8,-1,-1,-1,0,-1,1,-1,6,3,-1,-1,-1,3,0,-1,-1,-1,0,-1
2024361449866,2024,361449866,2,3,0,-1,19,5,1,-1,0,8,0,0,0,0,2,1,-1,2,1,20,4,125,1,2,-1,8,E01026530,0,1
2024531442328,2024,531442328,1,3,0,-1,19,5,1,-1,0,0,5,10,1,10,3,1,-1,9,1,57,9,125,1,0,-1,3,E01022159,0,3
2024311472053,2024,311472053,1,3,0,-1,19,5,1,-1,2,0,0,0,1,0,3,1,-1,6,1,25,5,125,1,1,-1,-1,-1,0,-1
2024552401427,2024,552401427,1,3,0,18,19,4,6,0,0,8,0,7,0,0,1,1,6,6,1,25,5,125,1,2,-1,5,E01015380,0,1
2024991452163,2024,991452163,1,3,0,-1,19,7,3,-1,0,0,5,0,0,0,1,1,-1,2,1,62,9,125,1,4,-1,10,-1,0,1
2024501412620,2024,501412620,1,2,0,-1,14,3,1,-1,0,1,0,0,0,0,1,1,-1,9,1,17,4,125,1,2,-1,6,E01020187,0,2
2024552400746,2024,552400746,1,3,0,14,14,1,5,0,0,1,0,0,0,0,1,1,6,6,1,20,4,125,1,1,-1,6,E01020566,0,2
2024010552586,2024,010552586,1,8,0,99,99,9,9,99,99,9,9,99,9,99,9,9,1,1,1,59,9,-1,3,7,NISSAN LEAF,3,E01002768,0,1
2024010506922,2024,010506922,2,9,0,99,99,9,9,99,99,9,9,99,9,99,9,9,6,6,1,65,9,-1,3,6,NISSAN LEAF,8,E01003361,0,2
2024070694932,2024,070694932,2,9,0,3,3,2,6,0,0,1,0,0,0,0,2,2,6,6,1,44,7,-1,3,5,NISSAN LEAF,8,E01012538,0,1
2024531495490,2024,531495490,1,9,0,-1,19,8,4,-1,0,0,0,2,4,1,1,1,-1,2,1,52,8,-1,3,5,NISSAN LEAF,8,E01032701,0,4
2024010536958,2024,010536958,2,9,0,99,99,9,9,99,99,6,9,99,9,99,9,9,6,6,1,57,9,-1,3,7,NISSAN LEAF,3,E01000977,0,1
2024421428040,2024,421428040,4,9,0,-1,3,7,4,-1,0,0,0,0,0,0,1,1,-1,9,2,51,8,-1,3,10,NISSAN LEAF,7,E01022088,0,3
2024311469364,2024,311469364,1,9,0,-1,19,3,7,-1,0,0,0,0,0,0,4,1,-1,1,1,39,7,-1,3,8,NISSAN LEAF,5,E01028162,0,1
2024201495649,2024,201495649,1,9,0,-1,19,5,1,-1,0,0,0,0,0,0,2,1,-1,2,2,53,8,-1,3,4,NISSAN LEAF,4,E01010072,0,2
2024010550822,2024,010550822,2,9,0,99,99,9,9,99,99,9,9,99,9,99,9,9,6,6,3,-1,-1,-1,3,8,NISSAN LEAF,-1,-1,0,-1
2024010517593,2024,010517593,1,9,0,18,19,1,5,0,0,6,0,0,0,0,4,1,6,6,2,36,7,-1,3,3,NISSAN LEAF,2,E01001428,0,1
2024070855345,2024,070855345,1,9,0,-1,3,1,1,-1,0,0,0,0,0,0,1,1,-1,6,2,53,8,-1,3,3,NISSAN LEAF,10,E01018366,0,1
2024361414043,2024,361414043,2,9,0,-1,19,1,5,-1,0,8,0,0,0,0,1,1,-1,9,1,71,10,-1,3,7,NISSAN LEAF,-1,-1,0,-1
2024302401264,2024,302401264,1,9,0,18,19,5,1,0,0,1,0,99,9,99,1,1,6,6,1,-1,-1,-1,3,7,NISSAN LEAF,2,E01019581,0,1
2024461486044,2024,461486044,2,9,0,-1,19,3,7,-1,0,0,0,0,0,0,1,1,-1,9,1,53,8,-1,3,5,NISSAN LEAF,1,E01024687,0,1
2024440564554,2024,440564554,1,9,0,7,7,7,3,0,0,0,0,0,0,0,3,1,6,6,2,83,11,-1,3,6,NISSAN LEAF,-1,-1,0,-1
2024471530474,2024,471530474,1,9,0,-1,19,1,5,-1,0,2,0,0,3,0,1,1,-1,9,1,55,8,-1,3,0,NISSAN LEAF,1,E01020920,0,1
2024010532086,2024,010532086,2,9,0,5,5,5,1,0,0,1,0,0,0,0,1,1,6,6,1,29,6,-1,3,3,NISSAN LEAF,4,E01034612,0,3
2024531554993,2024,531554993,1,9,0,-1,19,1,5,-1,0,0,0,0,0,0,1,1,-1,9,2,30,6,-1,3,4,NISSAN LEAF,5,E01022334,0,3
2024421517003,2024,421517003,1,9,0,-1,19,5,1,-1,0,8,0,0,0,0,4,1,-1,9,1,60,9,-1,3,9,NISSAN LEAF,4,E01021799,0,2
2024501501180,2024,501501180,1,9,0,-1,9,7,4,-1,0,6,0,0,0,0,1,1,-1,6,1,33,6,-1,3,3,NISSAN LEAF,2,E01034160,0,1
2024501437476,2024,501437476,2,9,0,-1,9,6,4,-1,0,3,0,0,0,0,4,1,-1,9,2,29,6,-1,3,3,NISSAN LEAF,1,E01018933,0,1
2024122400984,2024,122400984,1,9,0,18,19,4,8,0,0,0,1,0,1,10,3,1,6,6,1,61,9,-1,3,9,NISSAN LEAF,5,E01027884,0,2
2024451434975,2024,451434975,2,9,0,-1,19,3,7,-1,0,0,1,0,0,0,3,1,-1,9,1,48,8,-1,3,7,NISSAN LEAF,9,E01030602,0,1
2024010527601,2024,010527601,1,9,0,18,19,1,5,0,0,1,0,0,0,0,1,1,1,1,1,51,8,-1,3,2,NISSAN LEAF,3,E01001672,0,3
2024201420638,2024,201420638,1,9,0,-1,5,8,4,-1,0,4,0,0,0,0,3,1,-1,2,1,37,7,-1,3,8,NISSAN LEAF,1,E01035017,0,3
2024221523994,2024,221523994,2,9,0,-1,19,1,6,-1,0,0,0,0,0,0,1,1,-1,9,2,45,7,-1,3,9,NISSAN LEAF,5,E01032181,0,2
2024440130789,2024,440130789,1,9,0,9,9,8,6,0,0,8,0,0,0,0,1,1,6,6,2,66,10,-1,3,2,NISSAN LEAF,9,E01022766,0,2
2024991399749,2024,991399749,2,9,0,-1,19,1,7,-1,0,6,0,0,0,0,1,2,-1,6,1,40,7,-1,3,7,NISSAN LEAF,7,-1,0,1
2024010501191,2024,010501191,2,9,0,99,99,9,9,99,99,9,9,99,9,99,9,9,6,6,3,-1,-1,-1,3,2,NISSAN LEAF,-1,-1,0,-1
2024461445804,2024,461445804,3,9,0,-1,2,0,0,-1,0,0,0,0,0,0,1,1,-1,6,-1,-1,-1,-1,3,2,NISSAN LEAF,-1,-1,0,-1
2024010543107,2024,010543107,1,9,0,99,99,9,9,99,99,9,9,99,9,99,2,9,2,2,1,36,7,-1,3,9,NISSAN LEAF,5,E01033741,0,3
2024991533799,2024,991533799,4,9,0,-1,19,7,3,-1,0,0,0,0,0,0,2,1,-1,6,2,45,7,-1,3,2,NISSAN LEAF,9,-1,0,2
2024010546955,2024,010546955,1,8,0,99,99,9,9,99,99,9,9,99,9,99,9,9,6,6,1,72,10,-1,3,5,NISSAN LEAF,1,-1,0,5
2024161486416,2024,161486416,1,9,0,-1,1,8,4,-1,0,0,0,0,0,0,2,1,-1,6,1,29,6,-1,3,2,NISSAN LEAF,5,E01013132,0,1
2024501478890,2024,501478890,1,9,0,-1,14,8,4,-1,0,0,0,0,0,0,4,9,-1,6,1,63,9,-1,3,4,NISSAN LEAF,5,E01015207,0,1
2024991466636,2024,991466636,1,8,0,-1,1,7,3,-1,0,0,0,0,0,0,2,1,-1,1,1,40,7,-1,3,4,NISSAN LEAF,1,-1,0,1
2024041443847,2024,041443847,1,9,0,-1,19,7,3,-1,0,0,5,0,7,11,1,1,-1,9,1,24,5,-1,3,2,NISSAN LEAF,4,E01006997,0,2
2024061500827,2024,061500827,1,9,0,-1,5,6,8,-1,0,1,0,0,0,0,1,1,-1,9,1,31,6,-1,3,2,NISSAN LEAF,3,E01034841,0,4
2024010548450,2024,010548450,1,9,0,99,99,9,9,99,99,9,9,99,9,99,2,9,2,2,1,-1,-1,-1,3,7,NISSAN LEAF,3,E01003240,0,2
2024010529272,2024,010529272,1,9,0,18,19,3,7,0,0,1,0,0,0,0,4,1,6,6,1,62,9,-1,3,5,NISSAN LEAF,3,E01003579,0,1
2024351493854,2024,351493854,1,9,0,-1,14,-1,-1,-1,0,0,0,0,0,0,4,1,-1,6,1,48,8,-1,3,3,NISSAN LEAF,9,E01022063,0,4
2024010509638,2024,010509638,1,9,0,18,19,1,5,0,0,8,0,0,0,0,1,2,3,7,1,24,5,-1,3,4,NISSAN LEAF,5,E01000504,0,1
2024010549305,2024,010549305,1,8,0,3,3,1,5,0,0,1,0,0,0,0,2,1,1,1,1,57,9,-1,3,6,NISSAN LEAF,6,E01000332,0,2
2024520000417,2024,520000417,2,9,0,18,19,9,9,0,0,8,0,0,0,0,1,1,6,6,2,58,9,-1,3,1,NISSAN LEAF,1,E01014703,0,1
2024501412801,2024,501412801,2,9,0,-1,4,6,1,-1,0,8,0,0,0,0,2,9,-1,6,2,63,9,-1,3,4,NISSAN LEAF,8,E01018970,0,3
2024052402886,2024,052402886,1,9,0,7,7,1,3,0,0,1,0,0,0,0,1,1,6,6,1,57,9,-1,3,0,NISSAN LEAF,4,E01007074,0,1
2024991431852,2024,991431852,4,9,0,-1,19,5,1,-1,0,0,0,0,0,0,1,1,-1,9,2,58,9,-1,3,8,NISSAN LEAF,3,-1,0,3
2024010520770,2024,010520770,2,9,0,99,99,9,9,99,99,9,9,99,9,99,9,9,6,6,3,-1,-1,-1,3,9,NISSAN LEAF,-1,-1,0,-1
2024010543129,2024,010543129,2,9,0,3,3,5,1,0,0,0,0,0,0,0,3,1,1,1,1,34,6,-1,3,2,NISSAN LEAF,2,E01003197,0,4
2024010509003,2024,010509003,2,9,0,10,10,2,1,0,0,1,0,0,0,0,2,1,1,1,1,41,7,-1,3,3,NISSAN LEAF,2,E01003052,0,2
2024430448477,2024,430448477,1,9,0,5,5,4,8,0,0,4,0,0,0,0,1,1,6,6,1,43,7,-1,3,4,NISSAN LEAF,10,E01017691,0,1
2024041485184,2024,041485184,2,9,0,-1,19,5,1,-1,0,1,0,0,0,0,1,1,-1,9,1,49,8,-1,3,8,NISSAN LEAF,7,E01025609,0,3
2024010508456,2024,010508456,1,9,0,9,9,3,1,0,0,1,0,0,0,0,3,1,6,6,1,46,8,-1,3,4,NISSAN LEAF,3,E01002550,0,2
2024070184688,2024,070184688,1,9,0,9,9,7,5,0,0,5,0,0,0,0,4,1,2,2,2,30,6,-1,3,7,NISSAN LEAF,8,E01012386,0,2
2024141439284,2024,141439284,2,9,0,-1,2,0,0,-1,0,0,0,0,1,0,2,1,-1,6,-1,-1,-1,-1,3,9,NISSAN LEAF,-1,-1,0,-1
2024041491041,2024,041491041,1,9,0,-1,9,7,5,-1,0,0,0,0,0,0,4,1,-1,1,1,46,8,-1,3,4,NISSAN LEAF,1,E01025574,0,1
2024010538010,2024,010538010,1,9,0,5,5,1,5,0,0,2,0,0,0,0,1,1,2,2,1,54,8,-1,3,6,NISSAN LEAF,3,E01001725,0,1
2024010542557,2024,010542557,1,9,0,1,1,2,6,0,0,1,0,0,0,0,2,1,6,6,1,40,7,-1,3,2,NISSAN LEAF,5,E01004579,0,1
2024520403254,2024,520403254,3,9,0,3,3,4,8,0,0,0,0,0,0,0,2,1,6,6,1,48,8,-1,3,8,NISSAN LEAF,7,E01029070,0,3
2024471426924,2024,471426924,1,9,0,-1,9,2,8,-1,0,1,0,0,0,0,1,1,-1,6,2,39,7,-1,3,5,NISSAN LEAF,8,E01021098,0,4
2024451514492,2024,451514492,1,9,0,-1,9,5,1,-1,0,5,0,0,0,0,1,1,-1,1,1,44,7,-1,3,4,NISSAN LEAF,8,E01022586,0,2
2024061430909,2024,061430909,2,9,0,-1,19,-1,-1,-1,0,3,0,0,0,0,1,1,-1,6,2,-1,-1,-1,3,10,NISSAN LEAF,-1,-1,0,-1
2024430108399,2024,430108399,2,9,0,9,9,2,8,0,0,2,0,0,0,0,1,1,6,6,1,-1,-1,-1,3,5,NISSAN LEAF,-1,-1,0,-1
2024302500225,2024,302500225,1,9,0,-1,1,5,1,-1,9,8,0,0,0,0,2,1,-1,6,2,30,6,-1,3,4,NISSAN LEAF,3,E01019661,0,1
2024451418920,2024,451418920,1,9,0,-1,19,6,2,-1,0,0,0,0,0,0,1,1,-1,9,1,39,7,-1,3,5,NISSAN LEAF,8,E01030479,0,1
2024010514937,2024,010514937,1,9,0,4,4,5,1,0,0,0,0,0,0,0,2,1,6,6,1,49,8,-1,3,3,NISSAN LEAF,3,E01003950,0,2
2024501491294,2024,501491294,1,9,0,-1,19,4,8,-1,0,0,0,0,0,0,3,1,-1,2,1,43,7,-1,3,3,NISSAN LEAF,5,E01019073,0,3
2024231399299,2024,231399299,2,9,0,-1,7,2,8,-1,0,5,0,0,0,0,3,1,-1,6,1,32,6,-1,3,3,NISSAN LEAF,7,E01035028,0,1
2024311412961,2024,311412961,1,9,0,-1,19,3,7,-1,0,2,0,0,0,0,4,1,-1,6,1,62,9,-1,3,4,NISSAN LEAF,4,E01026323,0,4
2024010504869,2024,010504869,2,9,0,18,19,5,1,0,0,0,0,0,0,0,0,1,6,6,3,-1,-1,-1,3,2,NISSAN LEAF,-1,-1,0,-1
2024440229894,2024,440229894,2,9,0,9,9,2,8,0,0,8,0,0,0,0,3,1,6,6,2,63,9,-1,3,1,NISSAN LEAF,3,E01034065,0,4