collision_index,collision_year,collision_ref_no,vehicle_reference,vehicle_type,towing_and_articulation,vehicle_manoeuvre_historic,vehicle_manoeuvre,vehicle_direction_from,vehicle_direction_to,vehicle_location_restricted_lane_historic,vehicle_location_restricted_lane,junction_location,skidding_and_overturning,hit_object_in_carriageway,vehicle_leaving_carriageway,hit_object_off_carriageway,first_point_of_impact,vehicle_left_hand_drive,journey_purpose_of_driver_historic,journey_purpose_of_driver,sex_of_driver,age_of_driver,age_band_of_driver,engine_capacity_cc,propulsion_code,age_of_vehicle,generic_make_model,driver_imd_decile,lsoa_of_driver,escooter_flag,driver_distance_banding
2024340NN4362,2024,340NN4362,2,9,0,-1,19,5,1,-1,0,2,1,0,1,9,1,1,-1,2,1,51,8,-1,3,4,NISSAN LEAF,7,E01035396,0,4
2024011505622,2024,011505622,1,9,0,-1,-1,2,6,-1,-1,8,0,0,0,0,1,1,-1,-1,-1,-1,-1,-1,3,10,NISSAN LEAF,-1,-1,0,-1
2024522403089,2024,522403089,2,9,0,17,19,1,6,0,0,8,0,0,0,0,1,1,6,6,1,40,7,-1,3,8,NISSAN LEAF,3,E01014644,0,1
2024610006624,2024,610006624,2,9,0,3,3,5,1,0,0,4,0,0,0,0,1,1,6,6,1,-1,-1,-1,3,2,NISSAN LEAF,8,E01002230,0,5
2024010508408,2024,010508408,2,9,0,99,99,9,9,99,99,9,9,99,9,99,1,9,6,6,3,-1,-1,-1,3,6,NISSAN LEAF,-1,-1,0,-1
2024010526668,2024,010526668,1,9,0,4,4,1,5,0,0,1,0,0,4,0,2,1,6,6,1,58,9,-1,3,2,NISSAN LEAF,5,E01000242,0,1
2024122400572,2024,122400572,2,9,0,5,5,5,7,0,0,4,0,0,0,0,1,1,6,6,1,72,10,-1,3,1,NISSAN LEAF,6,E01013441,0,1
2024131508638,2024,131508638,1,9,0,-1,19,7,3,-1,0,1,0,0,0,0,1,1,-1,9,1,50,8,-1,3,3,NISSAN LEAF,7,E01011652,0,1
2024010549108,2024,010549108,1,9,0,7,7,3,5,0,0,5,0,0,0,0,1,1,6,6,1,51,8,-1,3,2,NISSAN LEAF,3,E01003387,0,1
2024211477640,2024,211477640,4,9,0,-1,10,3,3,-1,0,0,0,0,0,0,4,1,-1,6,1,50,8,-1,3,10,NISSAN LEAF,-1,-1,0,-1
2024010498442,2024,010498442,1,9,0,99,99,9,9,99,99,0,9,99,9,99,3,9,6,6,1,58,9,-1,3,6,NISSAN LEAF,7,E01001937,0,2
2024010534744,2024,010534744,1,9,0,16,19,3,7,0,0,0,0,0,0,0,4,1,6,6,1,60,9,-1,3,5,NISSAN LEAF,-1,-1,0,-1
2024161423457,2024,161423457,1,9,0,-1,5,-1,-1,-1,0,4,0,0,0,0,3,9,-1,9,2,44,7,-1,3,3,NISSAN LEAF,6,E01013276,0,1
2024010510698,2024,010510698,1,9,0,17,19,1,5,0,0,1,0,0,0,0,3,1,6,6,1,79,11,-1,3,3,NISSAN LEAF,3,E01003491,0,1
2024311509475,2024,311509475,1,9,0,-1,19,4,8,-1,1,0,0,0,0,0,1,1,-1,9,2,49,8,-1,3,3,NISSAN LEAF,3,E01013972,0,1
2024010513830,2024,010513830,1,9,0,5,5,3,7,0,0,1,0,0,0,0,1,1,6,6,1,49,8,-1,3,4,NISSAN LEAF,3,E01004184,0,1
2024041490848,2024,041490848,1,9,0,-1,5,1,7,-1,0,0,0,9,0,0,1,1,-1,6,1,67,10,-1,3,1,NISSAN LEAF,10,E01025534,0,1
2024010503895,2024,010503895,2,9,0,99,99,9,9,99,99,9,9,99,9,99,1,9,6,6,3,-1,-1,-1,3,3,NISSAN LEAF,3,E01023555,0,3
2024991531835,2024,991531835,1,9,0,-1,19,8,4,-1,0,8,0,11,0,0,1,1,-1,6,2,83,11,-1,3,2,NISSAN LEAF,-1,-1,0,-1
2024311499940,2024,311499940,1,9,0,-1,5,1,1,-1,0,3,0,0,0,0,1,1,-1,1,1,52,8,-1,3,8,NISSAN LEAF,-1,-1,0,-1
2024201428202,2024,201428202,2,9,0,-1,9,4,2,-1,0,5,0,0,0,0,3,9,-1,2,1,26,6,-1,3,2,NISSAN LEAF,2,E01010001,0,2
2024010536597,2024,010536597,2,9,0,99,99,9,9,99,99,9,9,99,9,99,9,9,6,6,3,-1,-1,-1,3,5,NISSAN LEAF,-1,-1,0,-1
2024361479191,2024,361479191,2,9,0,-1,19,3,7,-1,0,8,0,0,0,0,2,1,-1,2,2,52,8,-1,3,7,NISSAN LEAF,3,E01026659,0,4
2024041532591,2024,041532591,2,9,0,-1,4,5,1,-1,0,0,0,0,0,0,2,1,-1,9,1,26,6,-1,3,3,NISSAN LEAF,3,E01033302,0,4
2024552401222,2024,552401222,1,9,0,9,9,7,4,0,0,6,0,0,0,0,3,1,6,6,1,64,9,-1,3,9,NISSAN LEAF,5,E01020469,0,1
2024631484991,2024,631484991,2,9,0,-1,3,4,3,-1,0,0,0,0,0,0,2,1,-1,9,2,36,7,-1,3,0,NISSAN LEAF,7,W01001432,0,5
2024122400372,2024,122400372,2,9,0,4,4,2,6,0,0,0,0,0,0,0,1,1,6,6,1,69,10,-1,3,5,NISSAN LEAF,10,E01013436,0,2
2024010547598,2024,010547598,1,9,0,-1,-1,3,7,0,0,2,0,0,0,0,1,1,6,6,1,66,10,-1,3,3,NISSAN LEAF,5,E01000567,0,1
2024421437674,2024,421437674,2,9,0,-1,3,3,1,-1,0,4,0,0,0,0,1,1,-1,6,1,44,7,-1,3,6,NISSAN LEAF,5,E01021769,0,3
2024010551186,2024,010551186,2,9,0,-1,-1,1,5,0,0,8,0,0,7,11,1,1,6,6,1,52,8,-1,3,3,NISSAN LEAF,2,E01001081,0,2
2024201526557,2024,201526557,2,9,0,-1,5,5,1,-1,0,4,0,0,0,0,1,9,-1,2,1,52,8,-1,3,2,NISSAN LEAF,10,E01029663,0,2
2024010524619,2024,010524619,2,9,0,1,1,9,9,99,99,9,9,99,9,99,2,9,6,6,3,-1,-1,-1,3,1,NISSAN LEAF,-1,-1,0,-1
2024991455471,2024,991455471,3,9,0,-1,19,3,7,-1,0,0,0,0,0,0,2,1,-1,9,2,40,7,-1,3,3,NISSAN LEAF,5,-1,0,2
2024421411014,2024,421411014,1,9,0,-1,19,6,2,-1,0,0,0,0,0,0,1,1,-1,9,2,44,7,-1,3,3,NISSAN LEAF,7,E01029875,0,3
2024061516536,2024,061516536,1,9,0,-1,-1,-1,-1,-1,-1,0,-1,-1,-1,0,-1,1,-1,6,2,42,7,-1,3,8,NISSAN LEAF,6,E01006276,0,2
2024552401390,2024,552401390,1,9,0,18,19,2,6,0,0,8,0,0,0,0,1,1,6,6,2,77,11,-1,3,8,NISSAN LEAF,7,E01020588,0,1
2024061471706,2024,061471706,2,9,0,-1,19,8,4,-1,0,1,0,0,0,0,3,1,-1,6,1,44,7,-1,3,6,NISSAN LEAF,5,E01004864,0,1
2024211431002,2024,211431002,2,9,0,-1,19,8,4,-1,0,1,0,0,0,0,1,9,-1,6,1,-1,-1,-1,3,4,NISSAN LEAF,3,E01018423,0,4
2024471474498,2024,471474498,2,9,0,-1,9,8,6,-1,0,8,0,0,0,0,2,1,-1,9,1,64,9,-1,3,5,NISSAN LEAF,10,E01031621,0,1
2024522401426,2024,522401426,2,9,0,18,19,6,2,0,0,8,0,0,0,0,1,1,6,6,1,34,6,-1,3,2,NISSAN LEAF,3,E01033352,0,3
2024052400961,2024,052400961,1,9,0,9,9,1,7,0,0,1,0,0,0,0,4,1,1,1,2,42,7,-1,3,0,NISSAN LEAF,1,E01006964,0,2
2024231429684,2024,231429684,1,9,0,-1,7,7,2,-1,0,6,0,0,0,0,1,1,-1,6,2,45,7,-1,3,2,NISSAN LEAF,9,E01031288,0,1
2024010520194,2024,010520194,2,9,0,18,19,5,1,0,0,1,0,0,0,0,0,1,6,6,1,45,7,-1,3,2,NISSAN LEAF,5,E01001741,0,2
2024010546433,2024,010546433,2,9,9,99,99,9,9,99,99,9,9,99,9,99,9,9,6,6,3,-1,-1,-1,3,9,NISSAN LEAF,-1,-1,0,-1
2024010549669,2024,010549669,2,9,0,99,99,9,9,99,99,9,9,99,9,99,1,9,6,6,3,-1,-1,-1,3,8,NISSAN LEAF,-1,-1,0,-1
2024311418609,2024,311418609,1,8,0,-1,4,5,1,-1,0,2,0,0,0,0,-1,1,-1,1,1,-1,-1,-1,3,3,NISSAN LEAF,-1,-1,0,-1
2024010515988,2024,010515988,1,9,0,99,99,9,9,99,99,9,9,99,9,99,9,9,6,6,2,51,8,-1,3,2,NISSAN LEAF,6,E01002788,0,1
2024991418058,2024,991418058,1,8,0,-1,19,3,7,-1,0,1,0,0,0,0,1,1,-1,1,1,45,7,-1,3,7,NISSAN LEAF,1,-1,0,1
2024010548442,2024,010548442,1,9,0,18,19,5,1,0,0,0,0,0,0,0,4,1,2,2,2,45,7,-1,3,1,NISSAN LEAF,10,E01023443,0,4
2024010521500,2024,010521500,2,9,0,99,99,9,9,99,99,9,9,99,9,99,1,9,6,6,3,-1,-1,-1,3,1,NISSAN LEAF,-1,-1,0,-1
2024010514201,2024,010514201,1,9,0,9,9,5,3,0,0,6,0,0,0,0,1,1,6,6,2,58,9,-1,3,1,NISSAN LEAF,4,E01002559,0,1
2024430413251,2024,430413251,1,9,0,1,1,2,6,0,0,0,0,0,0,0,2,1,6,6,2,-1,-1,-1,3,4,NISSAN LEAF,-1,-1,0,-1
2024340WN3762,2024,340WN3762,2,9,0,-1,19,1,5,-1,0,8,0,0,0,0,4,1,-1,9,2,51,8,-1,3,6,NISSAN LEAF,8,E01032985,0,2
2024010513351,2024,010513351,2,9,0,11,11,9,9,99,99,0,9,99,9,99,9,9,6,6,1,27,6,-1,3,10,NISSAN LEAF,4,E01001369,0,3
2024010547989,2024,010547989,2,9,0,99,99,9,9,99,99,9,9,99,9,99,1,9,6,6,3,-1,-1,-1,3,8,NISSAN LEAF,8,E01004110,0,1
2024010545239,2024,010545239,2,9,0,9,9,7,5,0,0,3,0,0,0,0,1,1,6,6,2,34,6,-1,3,3,NISSAN LEAF,4,E01000719,0,1
2024010499970,2024,010499970,1,8,0,10,10,7,4,0,0,8,0,0,0,0,3,1,6,6,1,59,9,-1,3,5,NISSAN LEAF,5,E01000590,0,2
2024010519891,2024,010519891,1,9,0,99,99,9,9,99,99,9,9,99,9,99,4,9,6,6,1,67,10,-1,3,2,NISSAN LEAF,6,E01001997,0,1
2024221403743,2024,221403743,1,9,0,-1,7,8,2,-1,9,6,0,0,0,0,1,9,-1,6,2,77,11,-1,3,7,NISSAN LEAF,6,E01034323,0,1
2024010510683,2024,010510683,1,9,0,99,99,9,9,99,99,9,9,99,9,99,1,9,6,6,1,50,8,-1,3,11,NISSAN LEAF,6,E01000746,0,3
2024430426689,2024,430426689,1,9,0,1,1,2,6,0,0,6,0,0,0,0,2,1,6,6,2,45,7,-1,3,2,NISSAN LEAF,9,E01017841,0,1
2024471433734,2024,471433734,2,9,0,-1,19,2,6,-1,0,0,0,0,0,0,1,1,-1,9,2,48,8,-1,3,2,NISSAN LEAF,8,E01031764,0,3
2024101428566,2024,101428566,1,9,0,-1,19,7,3,-1,0,0,0,0,0,0,1,1,-1,9,2,81,11,-1,3,2,NISSAN LEAF,3,E01027381,0,3
2024131486895,2024,131486895,1,9,0,-1,9,7,1,-1,0,8,1,0,1,11,3,1,-1,9,1,68,10,-1,3,4,NISSAN LEAF,1,E01010943,0,1
2024010531959,2024,010531959,1,9,0,15,15,3,7,0,0,1,0,0,0,0,1,1,6,6,1,50,8,-1,3,4,NISSAN LEAF,3,E01001789,0,1
2024111535617,2024,111535617,4,9,0,-1,19,4,8,-1,0,0,0,0,0,0,1,1,-1,6,1,36,7,-1,3,4,NISSAN LEAF,5,E01012323,0,2
2024131474542,2024,131474542,1,9,0,-1,19,8,4,-1,0,8,2,0,7,11,1,1,-1,9,1,45,7,-1,3,3,NISSAN LEAF,3,E01010595,0,1
2024552400309,2024,552400309,2,9,0,9,9,7,5,0,0,8,0,0,0,0,4,1,6,6,2,38,7,-1,3,2,NISSAN LEAF,7,E01015438,0,4
2024010541643,2024,010541643,1,9,0,18,19,5,1,0,0,8,0,0,0,0,1,1,1,1,1,50,8,-1,3,7,NISSAN LEAF,5,E01000516,0,2
2024451506106,2024,451506106,1,9,0,-1,19,1,3,-1,0,0,0,0,0,0,2,1,-1,6,2,79,11,-1,3,1,NISSAN LEAF,8,E01030703,0,1
2024991511758,2024,991511758,1,9,0,-1,12,3,7,-1,0,0,0,0,0,0,1,1,-1,9,1,43,7,-1,3,3,NISSAN LEAF,10,-1,0,4
2024451457140,2024,451457140,2,9,0,-1,19,8,4,-1,0,1,0,0,0,0,4,1,-1,1,1,62,9,-1,3,6,NISSAN LEAF,3,E01034142,0,3
2024131464586,2024,131464586,2,9,0,-1,19,8,4,-1,0,0,0,0,0,0,3,1,-1,6,1,42,7,-1,3,3,NISSAN LEAF,9,E01011353,0,2
2024010501787,2024,010501787,1,9,0,5,5,7,3,0,0,6,0,0,0,0,1,2,1,1,2,49,8,-1,3,2,NISSAN LEAF,3,E01003263,0,2
2024991492660,2024,991492660,1,9,0,-1,9,5,1,-1,0,5,0,0,7,0,4,1,-1,9,1,33,6,-1,3,1,NISSAN LEAF,1,-1,0,5
2024010499194,2024,010499194,2,9,0,99,99,9,9,99,99,9,9,99,9,99,9,9,6,6,1,58,9,-1,3,4,NISSAN LEAF,6,E01003273,0,2
2024010524411,2024,010524411,1,9,0,99,99,9,9,99,99,9,9,99,9,99,2,9,6,6,1,26,6,-1,3,3,NISSAN LEAF,4,E01000608,0,3
2024411418366,2024,411418366,1,9,-1,-1,9,4,6,-1,0,6,0,0,0,0,1,9,-1,7,1,56,9,-1,3,11,NISSAN LEAF,8,E01023391,0,3
2024101481914,2024,101481914,2,9,0,-1,19,7,3,-1,0,1,0,0,0,0,4,1,-1,2,1,51,8,-1,3,4,NISSAN LEAF,2,E01008825,0,2
2024010544533,2024,010544533,1,9,9,99,99,9,9,99,99,9,9,99,9,99,9,9,6,6,3,-1,-1,-1,3,5,NISSAN LEAF,-1,-1,0,-1
2024451439098,2024,451439098,2,9,0,-1,4,5,1,-1,0,0,0,0,0,0,2,1,-1,9,2,37,7,-1,3,9,NISSAN LEAF,8,E01030869,0,1
2024552401273,2024,552401273,2,9,0,4,4,4,8,0,0,0,0,0,0,0,2,1,6,6,1,58,9,-1,3,1,NISSAN LEAF,5,E01020472,0,1
2024522402770,2024,522402770,2,9,0,17,19,1,7,0,0,8,0,0,0,0,1,1,6,6,1,41,7,-1,3,7,NISSAN LEAF,7,E01014491,0,3
2024461403590,2024,461403590,1,9,0,-1,7,3,4,-1,0,7,1,0,3,4,1,2,-1,7,1,17,4,-1,3,7,NISSAN LEAF,4,E01024208,0,1
2024010522038,2024,010522038,1,9,0,9,9,1,7,0,0,2,0,0,1,0,1,1,6,6,1,51,8,-1,3,2,NISSAN LEAF,4,E01003916,0,1
2024440399482,2024,440399482,2,9,0,5,5,5,1,0,0,6,0,0,0,0,1,1,6,6,3,-1,-1,-1,3,3,NISSAN LEAF,-1,-1,0,-1
2024010541212,2024,010541212,1,9,0,5,5,3,7,0,0,2,0,0,0,0,1,1,6,6,1,62,9,-1,3,0,NISSAN LEAF,7,E01003285,0,2
2024520402896,2024,520402896,1,9,0,4,4,7,3,0,0,1,1,0,7,11,1,1,6,6,2,61,9,-1,3,5,NISSAN LEAF,7,E01029166,0,2
2024201484538,2024,201484538,2,9,0,-1,19,3,7,-1,0,8,0,0,0,0,1,1,-1,6,-1,50,8,-1,3,2,NISSAN LEAF,-1,-1,0,-1
2024332400226,2024,332400226,1,9,0,-1,19,1,5,-1,0,0,1,0,1,9,1,1,-1,9,2,25,5,-1,3,2,NISSAN LEAF,3,E01031059,0,3
2024440387590,2024,440387590,1,9,0,9,9,7,5,0,0,2,0,0,0,0,1,1,6,6,1,51,8,-1,3,8,NISSAN LEAF,-1,-1,0,-1
2024041425182,2024,041425182,1,9,0,-1,9,7,3,-1,0,6,0,0,0,0,3,1,-1,9,2,61,9,-1,3,2,NISSAN LEAF,3,E01012708,0,1
2024421501058,2024,421501058,2,9,0,-1,9,6,1,-1,0,2,0,0,0,0,1,1,-1,1,1,35,6,-1,3,5,NISSAN LEAF,2,E01003783,0,2
2024010498647,2024,010498647,2,9,0,18,19,7,3,0,0,1,0,0,0,0,2,1,2,2,2,41,7,-1,3,4,NISSAN LEAF,4,E01024162,0,2
2024010532302,2024,010532302,1,9,0,99,99,9,9,99,99,9,9,99,9,99,2,9,6,6,1,52,8,-1,3,1,NISSAN LEAF,2,E01002686,0,3
2024320221676,2024,320221676,1,9,0,-1,-1,4,8,0,0,0,5,0,1,0,1,1,-1,-1,1,58,9,-1,3,6,NISSAN LEAF,5,E01026414,0,3
2024101485940,2024,101485940,2,9,0,-1,19,5,1,-1,0,2,0,0,0,0,1,1,-1,9,2,49,8,-1,3,6,NISSAN LEAF,4,E01027362,0,1
2024010524797,2024,010524797,4,9,0,2,2,0,0,0,0,0,0,0,0,0,1,1,6,6,3,-1,-1,-1,3,2,NISSAN LEAF,-1,-1,0,-1
2024351495250,2024,351495250,1,9,0,-1,19,3,7,-1,0,2,0,0,0,0,4,1,-1,1,1,56,9,-1,3,6,NISSAN LEAF,5,E01017953,0,1
2024010522188,2024,010522188,1,9,0,18,19,5,1,0,0,1,0,0,0,0,1,1,1,1,2,52,8,-1,3,3,NISSAN LEAF,-1,-1,0,-1
2024440085575,2024,440085575,2,9,0,9,9,8,6,0,0,6,0,0,7,11,4,1,6,6,1,71,10,-1,3,6,NISSAN LEAF,7,E01022481,0,1
2024501483906,2024,501483906,2,9,0,-1,19,5,1,-1,0,0,1,0,0,0,4,1,-1,9,1,36,7,-1,3,5,NISSAN LEAF,8,E01020169,0,2
2024461416662,2024,461416662,1,9,0,-1,3,3,7,-1,0,0,0,0,0,0,1,9,-1,9,2,49,8,-1,3,8,NISSAN LEAF,10,E01024467,0,1
2024340NN3152,2024,340NN3152,2,9,0,-1,9,6,2,-1,0,0,0,0,0,0,4,1,-1,6,1,54,8,-1,3,2,NISSAN LEAF,3,E01027173,0,3
2024010492668,2024,010492668,3,9,0,2,2,0,0,0,0,1,0,0,0,0,3,1,6,6,3,-1,-1,-1,3,1,NISSAN LEAF,-1,-1,0,-1
2024371447629,2024,371447629,2,9,0,-1,19,8,3,-1,0,3,0,0,0,0,4,1,-1,9,2,59,9,-1,3,3,NISSAN LEAF,6,E01029983,0,1
2024010500276,2024,010500276,1,9,0,18,19,1,5,99,99,9,9,0,0,0,9,9,6,6,3,-1,-1,-1,3,6,NISSAN LEAF,-1,-1,0,-1
2024501424192,2024,501424192,1,9,0,-1,4,0,8,-1,0,0,0,11,0,0,1,1,-1,9,1,79,11,-1,3,4,NISSAN LEAF,4,E01020309,0,1
2024440125871,2024,440125871,1,9,0,5,5,4,8,0,0,6,0,0,3,4,1,1,6,6,1,81,11,-1,3,6,NISSAN LEAF,10,E01022709,0,1
2024052401474,2024,052401474,1,9,0,18,19,7,3,0,0,8,0,0,3,11,1,1,3,7,2,36,7,-1,3,5,NISSAN LEAF,1,E01007292,0,1
2024010515739,2024,010515739,1,8,0,99,99,9,9,99,99,9,9,99,9,99,9,9,6,6,1,35,6,-1,3,6,NISSAN LEAF,3,E01001722,0,1
202454D594524,2024,54D594524,2,9,0,9,9,6,2,0,0,1,0,0,0,0,2,1,6,6,1,62,9,-1,3,1,NISSAN LEAF,3,E01015503,0,1
2024010511080,2024,010511080,1,9,0,99,99,9,9,0,0,9,0,0,0,0,9,9,1,1,1,28,6,-1,3,2,NISSAN LEAF,-1,-1,0,-1
2024991426722,2024,991426722,1,9,0,-1,1,3,7,-1,0,5,0,0,0,0,2,1,-1,6,1,86,11,-1,3,4,NISSAN LEAF,6,-1,0,1
2024401501506,2024,401501506,1,9,0,-1,4,1,5,-1,0,0,0,0,0,0,2,1,-1,9,1,42,7,-1,3,0,NISSAN LEAF,5,E01017412,0,1
2024421406679,2024,421406679,1,9,0,-1,2,0,0,-1,0,0,0,0,0,0,2,9,-1,6,3,-1,-1,-1,3,7,NISSAN LEAF,-1,-1,0,-1
2024010530730,2024,010530730,1,9,0,18,19,3,7,0,0,1,0,0,0,0,4,2,6,6,3,-1,-1,-1,3,4,NISSAN LEAF,-1,-1,0,-1
2024361482739,2024,361482739,1,9,0,-1,19,5,6,-1,0,4,5,0,0,0,1,1,-1,6,2,39,7,-1,3,0,NISSAN LEAF,9,E01035148,0,1
2024010523240,2024,010523240,2,9,0,99,99,9,9,99,99,9,9,99,9,99,1,9,6,6,3,43,7,-1,3,2,NISSAN LEAF,9,E01003861,0,1
2024010524796,2024,010524796,3,9,0,2,2,0,0,0,0,1,1,0,0,0,3,1,6,6,3,-1,-1,-1,3,5,NISSAN LEAF,-1,-1,0,-1
2024430071187,2024,430071187,1,9,0,9,9,4,3,0,0,6,0,0,0,0,1,1,6,6,1,-1,-1,-1,3,7,NISSAN LEAF,-1,-1,0,-1
2024631402642,2024,631402642,2,9,0,-1,19,3,8,-1,0,0,0,0,0,0,4,1,-1,9,2,50,8,-1,3,11,NISSAN LEAF,7,W01000579,0,2
2024991461901,2024,991461901,2,9,0,-1,13,7,3,-1,0,0,0,0,0,0,4,1,-1,1,1,62,9,-1,3,5,NISSAN LEAF,7,-1,0,4
2024010538764,2024,010538764,2,9,0,99,99,9,9,99,99,0,9,99,9,99,1,9,6,6,3,24,5,-1,3,6,NISSAN LEAF,-1,-1,0,-1
2024041406042,2024,041406042,1,9,0,-1,19,7,3,-1,0,0,0,0,0,0,4,1,-1,1,1,62,9,-1,3,7,NISSAN LEAF,2,E01012711,0,1
2024010538197,2024,010538197,1,9,0,9,9,7,5,0,0,5,0,0,0,0,0,1,6,6,1,58,9,-1,3,5,NISSAN LEAF,10,E01021751,0,2
2024991513293,2024,991513293,1,9,0,-1,6,3,2,-1,0,0,0,0,0,0,1,1,-1,1,1,46,8,-1,3,3,NISSAN LEAF,6,-1,0,1
2024401479132,2024,401479132,1,9,0,-1,5,2,6,-1,0,0,0,10,1,4,1,1,-1,2,1,46,8,-1,3,2,NISSAN LEAF,3,E01017618,0,1
2024351422642,2024,351422642,1,8,0,-1,19,6,1,-1,0,4,0,0,0,0,1,9,-1,6,1,64,9,-1,3,6,NISSAN LEAF,6,E01017962,0,1
2024451402415,2024,451402415,2,9,0,-1,19,1,5,-1,0,0,0,0,0,0,2,9,-1,6,2,41,7,-1,3,1,NISSAN LEAF,-1,-1,0,-1
2024201502809,2024,201502809,1,9,0,-1,6,2,2,-1,0,1,1,0,0,0,2,9,-1,9,1,49,8,-1,3,1,NISSAN LEAF,1,E01009841,0,1
2024371487915,2024,371487915,1,9,0,-1,9,4,8,-1,0,8,0,0,0,0,1,1,-1,9,1,38,7,-1,3,6,NISSAN LEAF,2,E01030032,0,1
2024471489658,2024,471489658,1,9,0,-1,10,1,7,-1,0,2,0,0,0,0,1,1,-1,7,1,58,9,-1,3,1,NISSAN LEAF,8,E01017008,0,1
2024201505916,2024,201505916,2,9,0,-1,19,7,3,-1,0,6,0,0,0,0,1,1,-1,9,1,23,5,-1,3,0,NISSAN LEAF,2,E01034947,0,1
2024522402429,2024,522402429,1,9,0,18,19,6,2,0,0,4,0,0,0,0,1,1,6,6,2,38,7,-1,3,8,NISSAN LEAF,1,E01014605,0,1
2024440504852,2024,440504852,3,9,0,18,19,4,8,0,0,0,0,0,0,0,1,1,6,6,1,52,8,-1,3,9,NISSAN LEAF,10,E01022977,0,2
2024141504289,2024,141504289,1,9,0,-1,10,6,4,-1,0,5,0,0,0,0,2,1,-1,2,2,36,7,-1,3,3,NISSAN LEAF,2,E01007910,0,1
2024320684233,2024,320684233,2,9,0,-1,-1,2,6,0,0,0,0,0,0,0,2,1,-1,-1,1,37,7,-1,3,0,-1,5,E01026409,0,3
2024031522318,2024,031522318,2,19,0,-1,19,7,3,-1,0,2,0,0,0,0,3,1,-1,1,1,51,8,1300,1,17,-1,-1,-1,0,-1
2024131441599,2024,131441599,1,5,0,-1,8,7,1,-1,0,8,0,0,0,0,2,1,-1,9,1,73,10,648,1,0,-1,8,E01007379,0,4
2024221442650,2024,221442650,1,9,0,-1,9,4,1,-1,0,6,0,0,0,0,1,9,-1,6,1,46,8,1395,1,7,SEAT LEON,3,E01033526,0,2
2024302401302,2024,302401302,2,9,0,3,3,1,5,0,0,0,0,0,0,0,2,1,2,2,2,27,6,1968,2,8,SEAT LEON,9,E01013514,0,2
2024041426488,2024,041426488,1,9,0,-1,13,7,3,-1,0,8,5,0,0,0,4,1,-1,2,1,22,5,1598,2,12,SEAT LEON,8,E01010709,0,4
2024461486311,2024,461486311,2,9,0,-1,19,7,3,-1,0,0,0,0,0,0,1,1,-1,6,2,61,9,1498,1,2,SEAT LEON,4,E01024373,0,1
2024451400785,2024,451400785,1,9,0,-1,19,1,5,-1,0,8,0,0,0,0,1,1,-1,2,1,27,6,1984,1,13,SEAT LEON,8,E01030479,0,1
2024302400521,2024,302400521,2,9,0,10,10,7,5,0,0,6,0,0,0,0,1,1,6,6,1,20,4,1968,2,11,SEAT LEON,2,E01019487,0,3
2024101437916,2024,101437916,1,9,0,-1,7,6,7,-1,0,6,0,0,0,0,1,9,-1,6,3,25,5,1968,2,9,SEAT LEON,-1,-1,0,-1
2024052402137,2024,052402137,1,8,0,18,19,5,1,0,0,0,0,0,0,0,3,1,1,1,1,53,8,1598,2,8,SEAT LEON,5,E01006934,0,1
2024070411784,2024,070411784,1,9,0,4,4,2,6,9,9,6,0,0,0,0,4,1,6,6,2,77,11,1984,1,5,SEAT LEON,8,E01018703,0,1
2024201448551,2024,201448551,1,9,0,-1,19,5,1,-1,0,8,0,0,0,0,1,1,-1,6,1,20,4,1395,1,7,SEAT LEON,4,E01005632,0,5
2024061434717,2024,061434717,1,9,-1,-1,19,6,2,-1,0,-1,0,0,0,0,1,9,-1,6,1,25,5,1598,2,11,SEAT LEON,1,E01005287,0,1
2024552401119,2024,552401119,2,9,0,18,19,2,6,0,0,8,0,0,0,0,1,1,6,6,2,45,7,1595,1,17,SEAT LEON,1,E01015384,0,3
2024471418659,2024,471418659,1,9,0,-1,19,3,7,-1,0,0,5,0,7,0,1,1,-1,6,1,19,4,1197,1,13,SEAT LEON,6,E01031770,0,1
2024531488526,2024,531488526,1,9,0,-1,19,1,5,-1,0,0,0,0,1,4,4,1,-1,9,1,27,6,1395,1,6,SEAT LEON,6,E01034796,0,1
2024361493231,2024,361493231,1,9,0,-1,19,7,3,-1,0,8,1,0,7,1,1,1,-1,6,1,28,6,1781,1,21,SEAT LEON,8,E01026577,0,1
2024010543849,2024,010543849,2,9,0,7,7,2,5,0,0,0,0,0,1,0,1,1,6,6,1,41,7,1197,1,10,SEAT LEON,7,E01028427,0,5
2024610006024,2024,610006024,2,9,0,2,2,0,0,9,9,0,0,0,0,0,4,1,6,6,2,35,6,1598,2,14,SEAT LEON,1,W01001457,0,1
2024201494553,2024,201494553,2,9,0,-1,5,6,8,-1,0,8,0,0,0,0,3,1,-1,2,1,46,8,1984,1,5,SEAT LEON,2,E01009022,0,2
2024991545385,2024,991545385,1,9,0,-1,19,6,1,-1,0,1,0,0,0,0,1,1,-1,9,1,34,6,1968,2,7,SEAT LEON,9,-1,0,1
2024332400339,2024,332400339,1,9,0,-1,19,1,5,-1,0,8,0,0,0,0,1,1,-1,6,1,25,5,1968,2,11,SEAT LEON,9,E01025972,0,1
2024332400758,2024,332400758,2,9,0,-1,19,2,6,-1,0,8,0,0,0,0,1,1,-1,2,1,23,5,1395,1,10,SEAT LEON,5,E01009319,0,4
2024131412977,2024,131412977,2,9,0,-1,3,6,4,-1,0,0,5,0,0,0,1,1,-1,7,2,31,6,1968,2,15,SEAT LEON,1,E01011667,0,1
2024201453138,2024,201453138,1,9,0,-1,19,8,4,-1,0,0,0,4,0,0,1,1,-1,6,1,19,4,1197,1,11,SEAT LEON,-1,-1,0,-1