collision_index,collision_year,collision_ref_no,vehicle_reference,vehicle_type,towing_and_articulation,vehicle_manoeuvre_historic,vehicle_manoeuvre,vehicle_direction_from,vehicle_direction_to,vehicle_location_restricted_lane_historic,vehicle_location_restricted_lane,junction_location,skidding_and_overturning,hit_object_in_carriageway,vehicle_leaving_carriageway,hit_object_off_carriageway,first_point_of_impact,vehicle_left_hand_drive,journey_purpose_of_driver_historic,journey_purpose_of_driver,sex_of_driver,age_of_driver,age_band_of_driver,engine_capacity_cc,propulsion_code,age_of_vehicle,generic_make_model,driver_imd_decile,lsoa_of_driver,escooter_flag,driver_distance_banding
2024610055124,2024,610055124,2,9,0,2,2,0,0,0,0,0,0,0,0,0,2,1,6,6,1,-1,-1,1896,2,14,SEAT LEON,4,W01001337,0,1
2024131418255,2024,131418255,3,9,0,-1,19,1,1,-1,0,1,0,0,0,0,0,1,-1,6,-1,-1,-1,1984,1,10,SEAT LEON,-1,-1,0,-1
2024131438019,2024,131438019,1,9,0,-1,19,1,5,-1,0,1,0,0,0,0,1,1,-1,2,1,45,7,1798,1,6,SEAT LEON,5,E01011264,0,1
2024141396961,2024,141396961,1,9,0,-1,19,2,6,-1,0,2,0,0,0,0,1,1,-1,9,1,52,8,1598,2,10,SEAT LEON,5,E01007828,0,2
2024421527103,2024,421527103,1,9,0,-1,19,1,5,-1,0,0,5,0,2,10,1,1,-1,2,1,31,6,1896,2,19,SEAT LEON,5,E01022078,0,3
2024201455222,2024,201455222,1,9,0,-1,9,7,5,-1,0,1,0,0,0,0,3,9,-1,1,1,41,7,1395,1,9,SEAT LEON,-1,-1,0,-1
2024041465180,2024,041465180,2,9,0,-1,19,8,6,-1,0,0,0,0,0,0,1,1,-1,6,2,34,6,1968,2,8,SEAT LEON,3,E01012644,0,1
2024440198688,2024,440198688,2,9,0,18,19,3,7,0,0,2,0,0,0,0,1,1,6,6,1,-1,-1,1598,2,10,SEAT LEON,-1,-1,0,-1
2024122400672,2024,122400672,3,9,0,4,4,1,5,0,0,0,0,0,0,0,1,1,2,2,2,49,8,1968,2,6,SEAT LEON,8,E01027682,0,2
2024991495457,2024,991495457,1,9,0,-1,19,1,5,-1,0,0,0,0,0,0,1,1,-1,9,1,26,6,1395,1,7,SEAT LEON,9,-1,0,1
2024401439810,2024,401439810,1,9,0,-1,-1,8,6,-1,-1,-1,-1,-1,-1,0,3,9,-1,6,2,46,8,1498,1,5,SEAT LEON,7,E01017577,0,1
2024371469352,2024,371469352,1,9,0,-1,19,8,2,-1,0,0,0,0,0,0,1,1,-1,6,1,52,8,1595,1,17,SEAT LEON,4,E01029929,0,3
2024131502909,2024,131502909,2,9,0,-1,19,7,4,-1,0,0,0,0,0,0,2,1,-1,9,1,28,6,1395,1,8,SEAT LEON,3,E01011035,0,1
2024041466637,2024,041466637,1,9,0,-1,9,5,1,-1,0,6,0,0,0,0,1,1,-1,6,1,42,7,1598,2,14,SEAT LEON,7,E01025417,0,1
2024302400629,2024,302400629,2,9,0,18,19,1,5,0,0,0,0,0,0,0,1,1,6,6,2,29,6,1598,2,9,SEAT LEON,1,E01009475,0,4
2024451494116,2024,451494116,3,9,0,-1,2,0,0,-1,0,0,0,0,0,0,2,1,-1,6,-1,-1,-1,1498,1,2,SEAT LEON,-1,-1,0,-1
2024501498376,2024,501498376,2,9,0,-1,19,2,6,-1,0,4,0,0,0,0,1,1,-1,6,1,20,4,1896,2,17,SEAT LEON,1,E01018878,0,1
2024010524306,2024,010524306,1,9,0,5,5,0,5,0,0,1,0,4,0,0,3,1,6,6,3,-1,-1,999,1,3,SEAT LEON,-1,-1,0,-1
2024361400513,2024,361400513,1,9,0,-1,9,1,7,-1,0,6,0,0,0,0,1,1,-1,1,1,70,10,1498,1,4,SEAT LEON,9,E01012996,0,5
2024231455190,2024,231455190,1,9,0,-1,19,8,4,-1,0,0,1,0,1,4,1,1,-1,9,1,18,4,1197,1,6,SEAT LEON,3,E01025866,0,2
2024440176267,2024,440176267,1,9,0,18,19,8,4,0,0,0,0,0,0,0,1,1,6,6,1,41,7,1498,1,5,SEAT LEON,8,E01022787,0,1
2024332400228,2024,332400228,2,9,0,-1,1,7,3,-1,0,0,0,0,0,0,2,1,-1,6,1,31,6,1598,2,8,SEAT LEON,5,E01025842,0,3
2024461474564,2024,461474564,2,9,0,-1,4,5,1,-1,0,8,0,0,0,0,4,9,-1,6,2,66,10,1598,2,10,SEAT LEON,5,E01024198,0,1
2024552400844,2024,552400844,1,9,0,18,19,7,3,0,0,0,1,0,0,0,1,1,6,6,1,34,6,1968,2,18,SEAT LEON,4,E01020411,0,4
2024041402405,2024,041402405,3,9,0,-1,19,1,5,-1,0,0,0,0,0,0,1,1,-1,1,2,19,4,1197,1,12,SEAT LEON,7,E01019382,0,3
2024131473746,2024,131473746,1,9,0,-1,19,5,1,-1,0,1,0,0,0,0,1,1,-1,6,3,-1,-1,1598,2,11,SEAT LEON,-1,-1,0,-1
2024041419146,2024,041419146,2,9,0,-1,19,1,5,-1,0,0,0,0,0,0,3,1,-1,2,1,58,9,1598,2,5,SEAT LEON,8,E01025214,0,3
2024061524646,2024,061524646,1,9,0,-1,9,3,7,-1,0,8,0,0,0,0,4,1,-1,9,1,57,9,1498,1,4,SEAT LEON,7,E01005691,0,1
2024201517184,2024,201517184,1,9,0,-1,19,8,4,-1,0,0,0,0,0,0,1,9,-1,6,1,31,6,1984,1,5,SEAT LEON,5,E01009267,0,1
2024131413092,2024,131413092,1,9,0,-1,7,2,6,-1,0,8,1,0,0,0,2,1,-1,6,1,26,6,1968,2,14,SEAT LEON,8,E01011207,0,1
2024131510485,2024,131510485,1,9,0,-1,-1,-1,-1,-1,-1,0,-1,-1,-1,0,-1,1,-1,6,3,-1,-1,1968,2,15,SEAT LEON,-1,-1,0,-1
2024070453236,2024,070453236,1,9,0,9,9,6,1,0,0,0,0,0,0,0,2,1,6,6,1,34,6,1968,2,10,SEAT LEON,5,E01010230,0,5
2024440128984,2024,440128984,2,9,0,18,19,2,6,0,0,1,0,0,0,0,1,1,6,6,2,72,10,1598,1,20,SEAT LEON,7,E01022880,0,1
2024501509132,2024,501509132,1,9,0,-1,19,3,7,-1,0,8,0,0,0,0,1,1,-1,9,2,40,7,1395,1,6,SEAT LEON,8,E01022889,0,5
2024461499705,2024,461499705,2,9,0,-1,19,7,3,-1,0,8,0,0,0,0,1,1,-1,9,2,30,6,1395,1,6,SEAT LEON,10,E01024632,0,1
2024131501358,2024,131501358,4,9,0,-1,19,1,5,-1,0,0,0,0,0,0,0,1,-1,9,2,63,9,1968,2,7,SEAT LEON,6,E01027769,0,4
2024010525190,2024,010525190,2,9,0,99,99,9,9,99,99,5,9,99,9,99,9,9,6,6,3,-1,-1,1798,1,11,SEAT LEON,-1,-1,0,-1
2024122500003,2024,122500003,1,9,0,18,19,7,1,0,0,4,0,0,0,0,3,1,6,6,1,83,11,1498,1,3,SEAT LEON,10,E01013358,0,1
2024131521694,2024,131521694,1,9,0,-1,19,3,7,-1,0,0,0,0,0,0,1,1,-1,9,2,25,5,1598,2,12,SEAT LEON,2,E01010805,0,1
2024201441716,2024,201441716,1,9,0,-1,19,6,2,-1,9,0,0,10,1,5,1,1,-1,6,2,33,6,1598,2,9,SEAT LEON,2,E01010104,0,2
2024440046619,2024,440046619,2,9,0,5,5,5,1,0,0,1,0,0,0,0,1,1,6,6,1,74,10,1390,1,14,SEAT LEON,3,E01017105,0,1
2024131523418,2024,131523418,1,9,0,-1,5,1,5,-1,0,0,0,0,0,0,3,1,-1,6,2,30,6,1598,2,11,SEAT LEON,1,E01011434,0,1
2024010514839,2024,010514839,2,9,0,18,19,5,1,0,0,0,0,0,0,0,1,1,6,6,2,49,8,1498,8,3,SEAT LEON,5,E01002234,0,2
202454F017924,2024,54F017924,1,9,0,18,19,7,3,0,0,1,0,0,0,0,1,1,6,6,1,25,5,1395,1,6,SEAT LEON,7,E01034541,0,3
2024201491254,2024,201491254,1,9,0,-1,19,7,3,-1,0,8,0,0,0,0,1,1,-1,6,1,30,6,1984,1,13,SEAT LEON,5,E01010109,0,3
2024141447819,2024,141447819,1,9,0,-1,19,1,5,-1,0,0,0,0,0,0,1,1,-1,9,1,38,7,1968,2,18,SEAT LEON,1,E01007885,0,1
2024101444438,2024,101444438,2,9,0,-1,19,1,5,-1,0,0,0,0,0,0,4,1,-1,6,1,28,6,1896,2,19,SEAT LEON,5,E01027553,0,3
2024010508742,2024,010508742,2,9,0,18,19,5,1,0,0,0,0,0,0,0,2,1,6,6,1,38,7,1395,1,11,SEAT LEON,6,E01035493,0,2
2024440089722,2024,440089722,1,9,0,18,19,1,5,0,0,1,1,10,7,0,3,1,2,2,1,21,5,1595,1,18,SEAT LEON,10,E01022876,0,1
2024201552041,2024,201552041,1,9,0,-1,19,8,4,-1,0,0,0,0,0,0,1,9,-1,6,1,55,8,1984,1,10,SEAT LEON,2,E01010064,0,1
2024061487732,2024,061487732,2,9,0,-1,99,5,1,-1,0,6,9,0,0,0,1,1,-1,6,3,-1,-1,1598,2,10,SEAT LEON,-1,-1,0,-1
2024061450822,2024,061450822,1,9,0,-1,9,6,4,-1,1,1,0,0,0,0,3,1,-1,9,1,24,5,999,1,2,SEAT LEON,1,E01010433,0,5
2024122400253,2024,122400253,3,9,0,2,2,0,0,0,0,2,0,0,0,0,1,1,6,6,2,44,7,1390,1,14,SEAT LEON,10,E01027718,0,1
2024052400246,2024,052400246,1,9,0,13,13,6,2,0,0,1,0,0,0,0,4,1,6,6,1,30,6,1781,1,19,SEAT LEON,3,E01006743,0,1
2024211434308,2024,211434308,1,9,0,-1,19,4,1,-1,0,4,0,0,0,0,1,1,-1,6,1,32,6,1968,2,16,SEAT LEON,4,E01029638,0,1
2024311452264,2024,311452264,2,9,0,-1,5,5,1,-1,0,0,0,4,0,0,1,1,-1,6,1,-1,-1,1598,2,13,SEAT LEON,-1,-1,0,-1
2024122400263,2024,122400263,1,9,0,18,19,7,3,0,0,0,1,0,1,11,1,1,6,6,1,35,6,1598,2,10,SEAT LEON,8,E01034967,0,1
2024552400931,2024,552400931,1,9,0,18,19,2,6,0,0,8,5,7,3,1,1,1,6,6,1,54,8,1968,2,7,SEAT LEON,10,E01020407,0,1
2024031468478,2024,031468478,1,9,0,-1,9,1,7,-1,0,0,0,0,0,0,3,1,-1,9,2,46,8,1390,1,19,SEAT LEON,6,E01019385,0,1
2024031418067,2024,031418067,2,9,0,-1,19,1,5,-1,0,1,0,0,0,0,1,1,-1,6,1,33,6,1968,2,7,SEAT LEON,-1,-1,0,-1
2024461530602,2024,461530602,1,9,0,-1,19,1,5,-1,0,0,0,0,0,0,1,1,-1,6,1,26,6,1968,2,12,SEAT LEON,8,E01024542,0,1
2024991420850,2024,991420850,3,9,0,-1,3,4,8,-1,0,0,0,0,0,0,2,1,-1,6,2,50,8,1390,1,16,SEAT LEON,10,-1,0,1
2024131413461,2024,131413461,1,9,0,-1,5,1,5,-1,0,1,0,0,0,0,2,1,-1,6,1,20,4,1598,2,10,SEAT LEON,2,E01011020,0,1
2024201450250,2024,201450250,2,9,0,-1,19,4,8,-1,0,0,0,0,0,0,1,1,-1,9,1,36,7,1598,2,12,SEAT LEON,2,E01009018,0,1
2024311428865,2024,311428865,2,9,0,-1,19,3,7,-1,0,5,0,0,0,0,1,2,-1,6,1,22,5,999,1,6,SEAT LEON,-1,-1,0,-1
2024461532653,2024,461532653,1,9,0,-1,4,-1,-1,-1,0,3,0,0,0,0,1,9,-1,6,1,22,5,1197,1,9,SEAT LEON,5,E01001677,0,2
2024522402154,2024,522402154,2,9,0,9,9,3,1,0,0,8,0,0,0,0,3,1,6,6,3,-1,-1,1984,1,9,SEAT LEON,-1,-1,0,-1
2024061488223,2024,061488223,3,9,0,-1,4,6,1,-1,0,0,0,0,0,0,1,1,-1,6,1,46,8,1968,2,7,SEAT LEON,8,E01004778,0,3
2024131462867,2024,131462867,1,9,0,-1,19,5,1,-1,0,8,0,0,0,0,1,1,-1,6,1,22,5,1197,1,12,SEAT LEON,1,E01010964,0,2
2024101513631,2024,101513631,1,9,0,-1,19,3,7,-1,0,3,0,0,0,0,3,1,-1,6,1,68,10,1395,1,8,SEAT LEON,10,E01008517,0,1
2024071083778,2024,071083778,2,9,0,-1,4,5,1,-1,0,0,0,0,0,0,2,1,-1,9,1,34,6,1968,2,13,SEAT LEON,6,E01035057,0,4
2024061493727,2024,061493727,2,8,0,-1,10,5,7,-1,0,8,-1,0,0,0,2,1,-1,1,1,32,6,1598,2,6,SEAT LEON,1,E01005164,0,2
2024311428532,2024,311428532,1,9,0,-1,19,4,4,-1,0,0,0,0,0,0,1,1,-1,9,1,58,9,1968,2,9,SEAT LEON,-1,-1,0,-1
2024131452411,2024,131452411,2,9,0,-1,19,1,5,-1,0,0,0,0,0,0,2,1,-1,6,2,42,7,1598,2,10,SEAT LEON,1,E01011032,0,1
2024361444146,2024,361444146,1,9,0,-1,4,-1,-1,-1,0,1,0,0,0,0,1,1,-1,6,2,-1,-1,1968,2,5,SEAT LEON,6,E01026774,0,1
2024991448260,2024,991448260,1,8,0,-1,19,7,3,-1,0,8,0,0,0,0,4,1,-1,1,1,34,6,1598,2,5,SEAT LEON,1,-1,0,3
2024101495699,2024,101495699,2,9,0,-1,19,5,8,-1,0,8,0,0,0,0,1,9,-1,6,1,27,6,1498,1,5,SEAT LEON,3,E01008533,0,1
2024131396989,2024,131396989,1,9,0,-1,19,3,7,-1,0,8,0,0,0,0,1,1,-1,9,1,41,7,1968,2,11,SEAT LEON,1,E01011667,0,1
2024501474791,2024,501474791,2,9,0,-1,3,4,8,-1,0,0,0,0,0,0,2,1,-1,9,1,36,7,1498,1,5,SEAT LEON,7,E01020273,0,2
2024061492642,2024,061492642,2,9,0,-1,19,-1,-1,-1,99,6,9,0,0,0,1,2,-1,6,3,-1,-1,1598,2,10,SEAT LEON,-1,-1,0,-1
2024531488955,2024,531488955,1,9,0,-1,19,1,5,-1,0,0,0,0,1,0,1,1,-1,9,1,36,7,1896,2,22,SEAT LEON,6,E01031884,0,4
2024471463795,2024,471463795,1,9,0,-1,14,2,6,-1,0,8,0,0,0,0,1,1,-1,9,2,54,8,1197,1,11,SEAT LEON,8,E01016931,0,1
2024010533361,2024,010533361,2,9,0,99,99,9,9,99,99,9,9,99,9,99,9,9,6,6,3,35,6,1598,2,12,SEAT LEON,3,E01028466,0,4
2024471400455,2024,471400455,2,9,0,-1,19,3,7,-1,0,0,0,0,0,0,2,1,-1,2,2,46,8,1598,2,12,SEAT LEON,3,E01031372,0,2
2024131394900,2024,131394900,2,9,0,-1,19,7,3,-1,0,0,0,0,0,0,2,1,-1,6,2,31,6,1598,2,12,SEAT LEON,6,E01011600,0,1
2024461513809,2024,461513809,2,9,0,-1,19,1,5,-1,0,0,0,0,0,0,2,9,-1,2,2,20,4,1197,1,12,SEAT LEON,7,E01031543,0,5
2024211530272,2024,211530272,1,8,0,-1,10,3,7,-1,0,1,0,0,0,0,1,1,-1,1,1,44,7,1598,2,6,SEAT LEON,-1,-1,0,-1
2024320496680,2024,320496680,1,9,0,9,9,6,3,0,0,6,0,0,0,0,3,1,1,1,1,55,8,999,1,0,SEAT LEON,8,E01026200,0,2
2024131402780,2024,131402780,2,9,0,-1,19,1,5,-1,0,1,0,0,0,0,1,1,-1,2,1,58,9,1395,1,10,SEAT LEON,5,E01011587,0,2
2024531518358,2024,531518358,1,9,0,-1,9,8,4,-1,0,2,1,0,0,0,1,1,-1,9,2,47,8,1598,2,11,SEAT LEON,10,E01023169,0,4
2024141455472,2024,141455472,1,9,0,-1,11,8,7,-1,0,1,0,0,0,0,1,1,-1,6,1,21,5,1598,2,11,SEAT LEON,1,E01034842,0,1
2024071005965,2024,071005965,1,9,0,-1,9,7,3,-1,0,6,0,0,0,0,4,1,-1,1,1,46,8,1197,1,10,SEAT LEON,5,E01012398,0,1
2024061407961,2024,061407961,2,9,0,-1,19,1,1,-1,0,1,0,0,0,0,1,2,-1,6,2,29,6,999,1,6,SEAT LEON,7,E01004891,0,2
2024371526392,2024,371526392,1,9,0,-1,9,1,7,-1,0,6,0,0,0,0,1,1,-1,6,1,48,8,1197,1,9,SEAT LEON,1,E01033129,0,1
2024211520448,2024,211520448,5,9,0,-1,2,5,1,-1,-1,0,2,4,1,0,2,1,-1,9,1,48,8,1395,8,3,SEAT LEON,-1,-1,0,-1
2024302401083,2024,302401083,1,9,0,18,19,2,6,0,0,2,0,0,0,0,1,1,2,2,1,22,5,1395,1,7,SEAT LEON,10,E01019640,0,1
2024141417742,2024,141417742,1,9,0,-1,5,5,1,-1,0,2,0,0,0,0,3,1,-1,6,1,18,4,1598,2,11,SEAT LEON,1,E01007715,0,1
2024991475327,2024,991475327,1,9,0,-1,19,3,7,-1,0,0,1,0,1,0,1,1,-1,9,1,59,9,1968,2,15,SEAT LEON,8,-1,0,4
2024231447659,2024,231447659,2,9,0,-1,19,7,3,-1,0,8,0,0,0,0,4,9,-1,6,1,24,5,1498,1,4,SEAT LEON,9,E01029854,0,2
2024361473060,2024,361473060,2,9,0,-1,10,8,7,-1,0,1,0,0,0,0,1,1,-1,9,2,37,7,1984,1,17,SEAT LEON,5,E01026790,0,1
2024041436666,2024,041436666,2,9,0,-1,19,1,5,-1,0,0,0,0,0,0,1,1,-1,9,1,29,6,1395,1,11,SEAT LEON,9,E01025461,0,1
2024101533329,2024,101533329,1,9,0,-1,19,1,5,-1,0,0,1,0,0,0,1,1,-1,6,1,29,6,1498,1,4,SEAT LEON,-1,-1,0,-1
2024440206405,2024,440206405,2,9,0,18,19,2,6,0,0,0,0,0,0,0,1,1,6,6,2,-1,-1,1498,1,5,SEAT LEON,-1,-1,0,-1
2024141497262,2024,141497262,1,9,0,-1,19,7,3,-1,0,6,0,0,1,11,1,1,-1,9,1,27,6,1395,1,10,SEAT LEON,5,E01008143,0,3
2024201471834,2024,201471834,1,9,0,-1,9,2,7,-1,0,5,0,0,0,0,1,1,-1,6,-1,-1,-1,1197,1,13,SEAT LEON,-1,-1,0,-1
2024122400713,2024,122400713,1,9,0,16,19,7,3,0,0,0,0,0,0,0,1,1,6,6,1,35,6,1896,2,19,SEAT LEON,-1,-1,0,-1
2024201505275,2024,201505275,2,9,0,-1,19,4,7,-1,0,8,0,0,0,0,4,9,-1,9,2,27,6,1197,1,14,SEAT LEON,1,E01009483,0,1
2024371518711,2024,371518711,2,9,0,-1,19,2,1,-1,0,0,0,0,0,0,1,1,-1,6,1,30,6,1498,1,1,SEAT LEON,5,E01035532,0,4
2024131404340,2024,131404340,2,9,0,-1,9,1,5,-1,0,0,0,0,0,0,3,1,-1,1,2,41,7,1968,2,10,SEAT LEON,10,E01010766,0,2
2024991453143,2024,991453143,1,9,0,-1,19,5,1,-1,0,0,0,0,0,0,1,1,-1,1,1,22,5,1598,2,5,SEAT LEON,-1,-1,0,-1
2024131530047,2024,131530047,1,9,0,-1,19,3,7,-1,0,0,0,0,0,0,1,1,-1,6,3,-1,-1,1598,2,5,SEAT LEON,-1,-1,0,-1
2024141405493,2024,141405493,2,9,0,-1,5,8,2,-1,0,8,0,0,0,0,4,1,-1,9,1,61,9,1896,2,18,SEAT LEON,1,E01007411,0,1
2024440120799,2024,440120799,4,9,0,18,19,3,7,0,0,1,0,0,0,0,3,1,6,6,1,41,7,1984,1,5,SEAT LEON,10,E01022752,0,3
2024320261975,2024,320261975,1,9,0,-1,-1,1,5,0,0,8,0,0,0,10,1,1,-1,-1,1,21,5,1968,2,6,SEAT LEON,8,E01032991,0,1
2024371547388,2024,371547388,2,9,0,-1,19,2,6,-1,0,2,0,0,0,0,2,1,-1,6,2,32,6,1197,1,7,SEAT LEON,3,E01030253,0,2
2024061474976,2024,061474976,1,9,0,-1,19,5,1,-1,0,1,1,0,7,0,1,1,-1,6,-1,-1,-1,1896,2,15,SEAT LEON,-1,-1,0,-1
2024531396534,2024,531396534,1,9,0,-1,19,3,7,-1,0,0,1,0,0,0,1,1,-1,9,1,33,6,1498,1,4,SEAT LEON,6,E01022260,0,1
2024141488714,2024,141488714,1,9,0,-1,19,7,3,-1,0,6,0,0,0,0,2,1,-1,2,1,31,6,999,1,3,SEAT LEON,1,E01007714,0,1
2024141493035,2024,141493035,1,9,0,-1,19,2,6,-1,0,0,5,4,0,0,1,1,-1,7,2,30,6,1598,2,11,SEAT LEON,8,E01007921,0,3
2024991427528,2024,991427528,2,9,0,-1,3,2,8,-1,0,8,0,0,0,0,2,1,-1,9,1,23,5,1968,2,6,SEAT LEON,5,-1,0,1
2024631424617,2024,631424617,1,9,0,-1,19,1,4,-1,0,1,1,0,0,0,1,1,-1,6,2,78,11,1598,2,12,SEAT LEON,4,W01000637,0,3
2024552400242,2024,552400242,1,9,0,5,5,2,6,0,0,0,0,0,0,0,1,1,6,6,2,51,8,1968,2,9,SEAT LEON,8,E01020435,0,3
2024131482537,2024,131482537,1,9,0,-1,5,4,8,-1,0,8,0,4,0,0,1,1,-1,2,1,28,6,1968,2,18,SEAT LEON,1,E01010616,0,1
2024161530227,2024,161530227,1,9,0,-1,19,1,5,-1,0,0,0,0,2,11,1,1,-1,6,2,27,6,1896,2,19,SEAT LEON,8,E01013242,0,1
2024461518474,2024,461518474,1,9,0,-1,4,3,7,-1,0,4,0,0,0,0,1,1,-1,9,1,21,5,1595,1,17,SEAT LEON,1,E01016019,0,1
2024361476291,2024,361476291,1,9,0,-1,19,2,4,-1,0,0,0,0,7,0,1,9,-1,9,1,18,4,1781,1,19,SEAT LEON,5,E01026419,0,2
2024332400196,2024,332400196,1,9,0,-1,4,6,2,-1,0,0,0,0,0,0,3,1,-1,9,2,51,8,1968,2,7,SEAT LEON,8,E01025685,0,1
2024440288762,2024,440288762,1,9,0,18,19,3,7,0,0,0,0,0,0,0,1,1,6,6,1,59,9,1598,2,7,SEAT LEON,10,E01022731,0,1
2024552400182,2024,552400182,1,9,0,7,7,7,2,0,0,6,0,0,0,0,1,1,6,6,1,22,5,1598,2,13,SEAT LEON,10,E01015455,0,1
2024501512731,2024,501512731,2,9,0,-1,9,3,1,-1,0,8,0,0,0,0,3,1,-1,2,1,29,6,1968,2,12,SEAT LEON,4,E01019980,0,1
2024131463067,2024,131463067,2,9,0,-1,3,8,4,-1,0,2,0,0,0,0,2,1,-1,9,2,24,5,1197,1,11,SEAT LEON,1,E01010737,0,1
2024311415754,2024,311415754,1,9,0,-1,19,2,6,-1,0,6,0,0,0,0,1,1,-1,6,2,62,9,1968,2,17,SEAT LEON,5,E01028012,0,1
2024440060631,2024,440060631,1,9,0,18,19,6,2,0,0,0,0,0,0,0,1,1,6,6,1,81,11,1197,1,8,SEAT LEON,9,E01022699,0,1
2024061488223,2024,061488223,2,9,0,-1,4,6,1,-1,0,0,0,0,0,0,1,1,-1,6,1,30,6,1598,2,11,SEAT LEON,1,E01012844,0,5
2024622400856,2024,622400856,1,9,0,9,9,4,2,0,0,5,0,0,0,0,3,1,6,6,3,-1,-1,1395,1,7,SEAT LEON,-1,-1,0,-1
2024440284822,2024,440284822,1,9,0,9,9,5,1,0,0,2,0,0,0,0,3,1,6,6,3,-1,-1,1598,2,6,SEAT LEON,-1,-1,0,-1
2024201417527,2024,201417527,1,9,0,-1,19,4,8,-1,0,0,0,0,0,0,1,9,-1,6,1,30,6,1984,1,16,SEAT LEON,-1,-1,0,-1
2024061412616,2024,061412616,2,9,0,-1,4,1,1,-1,0,1,0,0,0,0,2,9,-1,6,1,70,10,1395,1,7,SEAT LEON,-1,-1,0,-1
2024302401054,2024,302401054,3,9,0,18,19,8,4,0,0,8,1,0,0,0,1,1,6,6,1,22,5,1498,1,1,SEAT LEON,10,E01019793,0,3
2024501413488,2024,501413488,1,9,0,-1,19,8,5,-1,0,0,0,0,0,0,1,1,-1,9,2,28,6,1598,2,14,SEAT LEON,4,E01019042,0,1
2024211462422,2024,211462422,1,9,0,-1,19,4,8,-1,0,0,0,4,0,0,2,1,-1,9,2,53,8,1598,2,9,SEAT LEON,2,E01012615,0,5
2024221462686,2024,221462686,2,9,0,-1,19,1,5,-1,0,8,0,0,0,0,1,1,-1,9,1,30,6,1395,1,8,SEAT LEON,5,E01001268,0,5
2024141459346,2024,141459346,1,9,0,-1,5,8,4,-1,0,2,0,7,0,0,1,1,-1,9,1,33,6,1968,2,15,SEAT LEON,1,E01007529,0,1
2024201553053,2024,201553053,1,9,0,-1,19,3,6,-1,0,0,0,0,0,0,1,9,-1,6,-1,-1,-1,1598,2,11,SEAT LEON,-1,-1,0,-1
2024361471141,2024,361471141,1,9,0,-1,19,1,3,-1,0,7,1,0,1,0,3,1,-1,9,2,18,4,1595,1,17,SEAT LEON,8,E01026551,0,2
2024131478978,2024,131478978,1,9,0,-1,19,5,5,-1,0,1,0,0,0,0,4,1,-1,6,2,29,6,1968,2,7,SEAT LEON,9,E01010875,0,1
2024041434957,2024,041434957,1,9,0,-1,19,3,3,-1,0,0,0,0,0,0,1,1,-1,9,1,20,4,1598,2,11,SEAT LEON,1,E01025224,0,1
2024320084103,2024,320084103,1,9,0,-1,-1,4,8,0,0,8,0,0,0,0,3,1,6,6,1,28,6,1968,2,8,SEAT LEON,8,E01013170,0,3
2024401527712,2024,401527712,1,9,0,-1,4,3,7,-1,0,0,0,0,0,0,2,1,-1,6,2,66,10,1395,8,0,SEAT LEON,9,E01023470,0,4
202460Q043482,2024,60Q043482,2,9,0,10,10,6,4,0,0,1,0,0,0,0,1,1,6,6,1,28,6,1968,2,6,SEAT LEON,-1,-1,0,-1
2024610024724,2024,610024724,2,9,0,18,19,5,1,0,0,0,0,0,7,2,4,1,6,6,1,34,6,1968,2,16,SEAT LEON,7,W01001515,0,1
2024430408221,2024,430408221,2,9,0,18,19,4,8,0,0,8,0,0,0,0,1,1,6,6,1,20,4,1395,1,8,SEAT LEON,6,E01017852,0,2
2024141517217,2024,141517217,1,9,0,-1,19,2,6,-1,0,1,0,0,0,0,4,1,-1,6,2,21,5,1896,2,14,SEAT LEON,3,E01007820,0,1
2024070954493,2024,070954493,1,9,0,-1,19,2,6,-1,0,0,0,0,0,0,1,1,-1,6,1,65,9,1395,1,6,SEAT LEON,6,E01012371,0,2
2024201494633,2024,201494633,1,9,0,-1,9,5,3,-1,0,5,5,7,0,0,3,1,-1,6,1,24,5,1598,2,9,SEAT LEON,1,E01034924,0,2
2024052401920,2024,052401920,3,9,0,18,19,5,1,0,0,1,0,0,0,0,1,1,1,1,1,37,7,1984,1,4,SEAT LEON,1,E01006739,0,1
2024552401015,2024,552401015,1,9,0,18,19,4,8,0,0,0,0,0,0,0,1,1,6,6,1,23,5,1968,2,16,SEAT LEON,7,E01020449,0,1
2024320417687,2024,320417687,1,9,0,-1,-1,8,4,0,0,1,0,2,0,10,1,1,-1,-1,1,51,8,1968,2,17,SEAT LEON,2,E01026172,0,1
2024411524952,2024,411524952,1,9,-1,-1,-1,-1,-1,-1,-1,-1,-1,-1,-1,0,-1,9,-1,6,1,-1,-1,1598,2,13,SEAT LEON,-1,-1,0,-1
2024071042345,2024,071042345,2,9,0,-1,3,1,5,-1,0,0,0,0,0,0,2,1,-1,9,2,35,6,1498,1,5,SEAT LEON,2,E01018701,0,1
2024010537227,2024,010537227,2,9,0,99,99,9,9,99,99,9,9,99,9,99,1,9,6,6,1,-1,-1,1197,1,10,SEAT LEON,-1,-1,0,-1
2024361532559,2024,361532559,1,9,0,-1,19,4,8,-1,0,0,0,0,0,0,1,1,-1,9,2,50,8,1197,1,9,SEAT LEON,4,E01026850,0,1
2024131416800,2024,131416800,1,9,0,-1,11,7,3,-1,0,0,1,10,5,6,1,1,-1,6,1,36,7,1968,2,15,SEAT LEON,1,E01011360,0,1