collision_index,collision_year,collision_ref_no,vehicle_reference,vehicle_type,towing_and_articulation,vehicle_manoeuvre_historic,vehicle_manoeuvre,vehicle_direction_from,vehicle_direction_to,vehicle_location_restricted_lane_historic,vehicle_location_restricted_lane,junction_location,skidding_and_overturning,hit_object_in_carriageway,vehicle_leaving_carriageway,hit_object_off_carriageway,first_point_of_impact,vehicle_left_hand_drive,journey_purpose_of_driver_historic,journey_purpose_of_driver,sex_of_driver,age_of_driver,age_band_of_driver,engine_capacity_cc,propulsion_code,age_of_vehicle,generic_make_model,driver_imd_decile,lsoa_of_driver,escooter_flag,driver_distance_banding
2024161433490,2024,161433490,2,9,0,-1,-1,3,7,-1,0,6,0,0,0,0,4,1,-1,6,1,31,6,1395,1,9,SEAT LEON,3,E01002502,0,5
2024461443261,2024,461443261,1,9,0,-1,19,1,5,-1,0,1,0,0,0,0,1,1,-1,2,1,31,6,1395,1,6,SEAT LEON,7,E01024805,0,2
2024041421750,2024,041421750,2,9,0,-1,19,1,5,-1,0,0,0,10,4,1,1,1,-1,9,1,30,6,1498,1,4,SEAT LEON,8,E01025272,0,1
2024010529893,2024,010529893,2,9,0,-1,-1,1,5,0,0,8,0,0,0,0,3,1,6,6,1,43,7,1968,2,8,SEAT LEON,3,E01001338,0,2
2024351460772,2024,351460772,1,9,0,-1,19,-1,-1,-1,0,0,0,0,0,0,1,9,-1,6,3,-1,-1,1395,1,7,SEAT LEON,-1,-1,0,-1
2024211507737,2024,211507737,1,9,0,-1,15,1,6,-1,0,1,0,0,7,0,4,1,-1,2,1,23,5,1984,1,5,SEAT LEON,8,E01029458,0,4
2024522401180,2024,522401180,1,9,0,12,12,4,8,0,0,0,0,0,0,0,1,1,6,6,2,20,4,1595,1,17,SEAT LEON,2,E01014522,0,2
2024131458980,2024,131458980,1,9,0,-1,19,6,2,-1,0,8,0,0,0,0,1,1,-1,6,2,38,7,1968,2,9,SEAT LEON,1,E01011373,0,1
202417S404624,2024,17S404624,1,9,0,-1,19,5,1,-1,0,2,0,0,0,0,1,1,-1,9,1,19,4,1395,1,11,SEAT LEON,1,E01032542,0,2
2024201507971,2024,201507971,1,9,0,-1,19,4,8,-1,0,0,1,4,1,3,3,9,-1,6,1,36,7,1390,1,13,SEAT LEON,1,E01034927,0,1
2024440470329,2024,440470329,1,9,0,6,6,5,5,0,0,5,0,0,0,0,3,1,2,2,1,27,6,1781,1,23,SEAT LEON,8,E01023245,0,1
2024010520849,2024,010520849,1,9,0,3,3,9,9,99,99,0,9,99,9,99,2,9,6,6,1,36,7,1968,2,9,SEAT LEON,9,E01003872,0,1
2024451509186,2024,451509186,1,9,0,-1,4,5,1,-1,0,0,0,0,0,0,2,1,-1,9,1,40,7,1197,1,8,SEAT LEON,10,E01014713,0,5
2024131456633,2024,131456633,2,9,0,-1,3,2,6,-1,0,8,0,0,0,0,2,1,-1,6,1,33,6,1395,1,8,SEAT LEON,2,E01011104,0,2
2024311480783,2024,311480783,1,9,0,-1,9,6,2,-1,0,6,0,0,0,0,3,1,-1,6,2,33,6,1395,1,8,SEAT LEON,9,E01028104,0,1
2024440451307,2024,440451307,1,9,0,18,19,6,2,0,0,2,0,0,0,0,1,1,2,2,1,60,9,1395,1,9,SEAT LEON,2,E01015305,0,4
2024201479510,2024,201479510,1,9,0,-1,13,5,1,-1,0,0,0,0,0,0,3,1,-1,6,1,57,9,1968,2,9,SEAT LEON,3,E01009458,0,1
2024061394124,2024,061394124,1,9,0,-1,19,7,3,-1,0,8,5,7,0,0,1,1,-1,6,1,36,7,1595,1,17,SEAT LEON,3,E01005997,0,1
2024131496714,2024,131496714,2,9,0,-1,19,3,7,-1,0,0,0,0,0,0,3,1,-1,6,1,44,7,1968,2,1,SEAT LEON,6,E01006038,0,4
2024311398589,2024,311398589,2,9,0,-1,9,5,1,-1,0,1,0,0,0,0,1,1,-1,2,1,40,7,1598,2,10,SEAT LEON,9,E01028104,0,3
2024201484685,2024,201484685,1,9,0,-1,19,4,8,-1,0,0,0,0,0,0,1,9,-1,6,3,16,4,1781,1,20,SEAT LEON,-1,-1,0,-1
2024131450999,2024,131450999,1,9,0,-1,19,4,8,-1,0,8,0,0,0,0,1,1,-1,9,1,31,6,1395,1,6,SEAT LEON,3,E01010597,0,3
2024461479182,2024,461479182,2,9,0,-1,2,0,0,-1,0,0,1,0,7,10,2,1,-1,6,3,-1,-1,999,1,3,SEAT LEON,-1,-1,0,-1
2024201411272,2024,201411272,1,9,0,-1,5,5,1,-1,0,2,0,0,0,0,1,9,-1,6,1,23,5,1595,1,18,SEAT LEON,1,E01009359,0,1
2024302400146,2024,302400146,2,9,0,2,2,0,0,0,0,0,0,0,0,0,3,1,6,6,3,-1,-1,1798,1,6,SEAT LEON,-1,-1,0,-1
2024991459600,2024,991459600,1,9,0,-1,9,3,1,-1,0,0,0,0,0,0,3,1,-1,2,1,30,6,1984,1,7,SEAT LEON,4,-1,0,1
2024131519956,2024,131519956,1,9,0,-1,19,3,1,-1,0,8,0,0,0,0,4,1,-1,6,3,-1,-1,1598,2,10,SEAT LEON,-1,-1,0,-1
2024471449276,2024,471449276,2,9,0,-1,19,4,1,-1,0,1,0,0,0,0,4,1,-1,9,2,62,9,1498,1,5,SEAT LEON,7,E01020988,0,1
2024451449570,2024,451449570,2,9,0,-1,19,7,3,-1,0,1,0,0,0,0,1,1,-1,6,1,49,8,1395,1,9,SEAT LEON,3,E01004012,0,3
2024010539849,2024,010539849,1,9,0,16,19,7,3,0,0,0,0,0,0,0,1,1,2,2,1,50,8,1197,1,13,SEAT LEON,-1,-1,0,-1
2024520402111,2024,520402111,1,9,0,18,19,5,1,0,0,8,0,0,0,0,1,1,6,6,1,56,9,1598,2,8,SEAT LEON,9,E01014441,0,3
2024631526460,2024,631526460,2,9,0,-1,9,3,2,-1,0,6,0,0,0,0,1,1,-1,9,2,29,6,1598,2,10,SEAT LEON,9,W01000609,0,1
2024131437921,2024,131437921,1,9,0,-1,-1,-1,-1,-1,-1,-1,-1,-1,-1,-1,-1,1,-1,6,3,-1,-1,1968,2,16,SEAT LEON,-1,-1,0,-1
2024522401963,2024,522401963,1,9,0,9,9,3,1,0,0,5,0,0,0,0,4,1,6,6,2,52,8,1896,2,16,SEAT LEON,9,E01014933,0,2
2024501442518,2024,501442518,1,9,0,-1,19,8,4,-1,0,0,1,0,0,0,1,1,-1,2,1,24,5,1781,1,21,SEAT LEON,4,E01018760,0,3
2024131483621,2024,131483621,1,9,0,-1,19,3,7,-1,0,8,0,0,0,0,3,1,-1,6,1,24,5,1968,2,9,SEAT LEON,1,E01010809,0,2
2024111425019,2024,111425019,2,9,0,-1,19,8,4,-1,0,0,0,0,0,0,2,1,-1,6,2,27,6,1984,1,5,SEAT LEON,3,E01020677,0,2
2024302400757,2024,302400757,1,9,0,9,9,8,6,0,0,0,0,0,0,0,4,1,6,6,1,37,7,1197,1,10,SEAT LEON,7,E01027995,0,3
2024141557303,2024,141557303,5,9,0,-1,4,1,5,-1,0,0,0,0,0,0,2,1,-1,6,2,-1,-1,1498,1,4,SEAT LEON,9,E01008023,0,3
2024371474172,2024,371474172,1,9,0,-1,19,3,7,-1,0,0,0,0,0,0,1,1,-1,9,2,29,6,1896,2,17,SEAT LEON,6,E01015651,0,4
2024302401210,2024,302401210,1,9,0,18,19,8,4,0,0,0,0,0,0,0,3,1,6,6,1,30,6,1598,2,12,SEAT LEON,2,E01013571,0,1
2024061435117,2024,061435117,1,9,0,-1,19,1,5,-1,0,8,0,0,0,0,1,1,-1,6,-1,29,6,1968,2,12,SEAT LEON,1,E01005338,0,2
2024061453382,2024,061453382,1,9,0,-1,7,8,4,-1,4,8,0,0,0,0,4,1,-1,9,1,18,4,1498,1,2,SEAT LEON,1,E01034834,0,4
2024031476671,2024,031476671,1,9,0,-1,19,3,7,-1,0,0,0,0,0,0,1,1,-1,1,1,39,7,1896,2,15,SEAT LEON,6,E01019196,0,1
2024411513337,2024,411513337,1,9,0,-1,15,1,5,-1,0,3,0,0,0,0,1,1,-1,9,1,39,7,1984,1,16,SEAT LEON,1,E01001483,0,2
2024231516872,2024,231516872,2,9,0,-1,7,2,4,-1,0,6,0,0,0,0,2,9,-1,6,2,51,8,1598,2,14,SEAT LEON,8,E01016801,0,4
2024010555087,2024,010555087,2,9,0,2,2,0,0,0,0,2,0,0,0,0,2,1,6,6,3,-1,-1,1595,1,17,SEAT LEON,-1,-1,0,-1
2024471419374,2024,471419374,2,9,0,-1,19,8,2,-1,0,1,1,0,0,0,4,1,-1,9,1,36,7,1598,2,6,SEAT LEON,4,E01031608,0,1
2024471432121,2024,471432121,1,9,0,-1,19,1,7,-1,0,0,0,0,0,0,2,1,-1,1,1,31,6,1498,1,2,SEAT LEON,10,E01031763,0,1
2024201526559,2024,201526559,2,9,0,-1,5,4,8,-1,0,0,0,0,0,0,4,1,-1,6,1,30,6,1598,2,13,SEAT LEON,1,E01009338,0,1
2024440013118,2024,440013118,2,9,0,18,19,4,8,0,0,4,0,0,0,0,1,1,6,6,2,-1,-1,1598,2,12,SEAT LEON,-1,-1,0,-1
2024991454733,2024,991454733,1,9,0,-1,9,2,1,-1,0,8,0,0,0,0,1,1,-1,9,1,29,6,1595,1,15,SEAT LEON,3,-1,0,2
202417H101724,2024,17H101724,1,9,0,-1,19,6,2,-1,0,8,0,0,0,0,2,1,-1,9,1,23,5,1984,1,5,SEAT LEON,1,E01011953,0,1
2024440164043,2024,440164043,1,9,0,3,3,5,1,0,0,1,0,0,0,0,2,1,6,6,2,54,8,1598,2,8,SEAT LEON,10,E01022921,0,1
2024061414398,2024,061414398,1,9,0,-1,-1,-1,-1,-1,-1,-1,-1,-1,-1,0,-1,1,-1,6,3,-1,-1,1598,2,11,SEAT LEON,-1,-1,0,-1
2024361416900,2024,361416900,2,9,-1,-1,2,0,0,-1,-1,0,-1,-1,-1,0,-1,1,-1,6,3,31,6,1498,1,4,SEAT LEON,-1,-1,0,-1
2024461514338,2024,461514338,1,9,0,-1,3,5,5,-1,0,0,1,11,0,0,1,1,-1,6,1,23,5,1896,2,19,SEAT LEON,1,E01033211,0,3
2024041459540,2024,041459540,1,9,0,-1,9,7,5,-1,0,0,0,0,0,0,1,1,-1,9,1,28,6,1984,1,6,SEAT LEON,8,E01025254,0,2
2024201502532,2024,201502532,1,9,0,-1,19,5,1,-1,0,0,0,4,0,0,1,1,-1,6,1,25,5,1598,2,9,SEAT LEON,-1,-1,0,-1
2024122400034,2024,122400034,1,9,0,18,19,2,6,0,0,4,0,0,0,0,1,1,6,6,2,72,10,1598,2,12,SEAT LEON,9,E01027887,0,1
2024201468100,2024,201468100,1,9,0,-1,9,6,3,-1,0,6,0,0,0,0,3,1,-1,6,1,38,7,1968,2,16,SEAT LEON,3,E01010070,0,2
2024201393906,2024,201393906,2,9,0,-1,1,6,2,-1,0,1,0,0,0,0,2,1,-1,6,1,-1,-1,1984,1,16,SEAT LEON,-1,-1,0,-1
2024501487097,2024,501487097,1,9,0,-1,19,7,3,-1,0,2,0,0,0,0,1,1,-1,1,1,49,8,1390,1,22,SEAT LEON,5,E01020117,0,1
2024201463357,2024,201463357,1,9,0,-1,19,1,5,-1,0,0,0,0,0,0,1,9,-1,6,1,22,5,1968,2,17,SEAT LEON,1,E01009233,0,2
2024131419991,2024,131419991,10,9,0,-1,19,3,7,-1,0,1,0,0,0,0,1,1,-1,6,1,36,7,1968,2,17,SEAT LEON,1,E01010609,0,1
2024221431055,2024,221431055,1,9,0,-1,7,7,1,-1,0,6,0,0,0,0,3,1,-1,2,1,43,7,1498,1,4,SEAT LEON,9,E01032347,0,2
2024061484246,2024,061484246,1,9,0,-1,19,2,6,-1,0,0,0,0,0,0,2,1,-1,9,2,27,6,1598,2,11,SEAT LEON,4,E01006110,0,1
2024201467915,2024,201467915,2,9,0,-1,7,7,1,-1,0,6,0,0,0,0,1,1,-1,6,1,20,4,1197,1,10,SEAT LEON,-1,-1,0,-1
2024231454103,2024,231454103,3,9,0,-1,-1,3,7,-1,-1,0,0,0,0,0,0,1,-1,-1,1,-1,-1,1984,1,5,SEAT LEON,6,E01025627,0,4
2024041426082,2024,041426082,1,9,0,-1,7,3,5,-1,0,2,0,0,0,0,1,1,-1,9,1,32,6,1598,2,10,SEAT LEON,7,E01025096,0,1
2024041506286,2024,041506286,2,9,0,-1,19,5,1,-1,0,3,0,0,0,0,4,1,-1,6,1,58,9,1498,1,3,SEAT LEON,1,E01005680,0,4
2024991413043,2024,991413043,2,9,0,-1,3,7,3,-1,0,1,0,0,0,0,2,1,-1,9,2,47,8,1197,1,12,SEAT LEON,6,-1,0,1
2024421436025,2024,421436025,1,9,0,-1,19,6,8,-1,9,6,0,0,0,0,1,1,-1,6,1,33,6,1598,2,8,SEAT LEON,8,E01022983,0,5
2024201485481,2024,201485481,1,9,0,-1,19,4,8,-1,0,1,0,0,0,0,1,1,-1,6,1,20,4,1395,1,7,SEAT LEON,4,E01009168,0,1
2024201469988,2024,201469988,1,9,0,-1,19,3,7,-1,0,0,0,0,0,0,1,1,-1,6,1,22,5,1197,1,12,SEAT LEON,-1,-1,0,-1
2024131421731,2024,131421731,1,9,0,-1,19,7,3,-1,0,0,0,0,0,0,1,1,-1,9,1,29,6,1598,2,12,SEAT LEON,3,E01034585,0,1
2024201400864,2024,201400864,2,9,0,-1,19,2,6,-1,0,8,0,0,0,0,1,9,-1,6,1,25,5,1598,2,10,SEAT LEON,2,E01009887,0,3
2024610048824,2024,610048824,1,9,0,18,19,1,5,0,0,0,0,0,0,0,1,1,6,6,1,32,6,1968,2,15,SEAT LEON,1,W01001457,0,3
2024361514114,2024,361514114,2,9,0,-1,9,4,1,-1,0,2,0,0,0,0,1,1,-1,9,1,60,9,1968,2,11,SEAT LEON,7,E01026584,0,1
2024311422581,2024,311422581,1,9,0,-1,7,3,6,-1,0,8,0,0,0,0,3,1,-1,9,1,17,4,1395,1,10,SEAT LEON,7,E01027984,0,1
2024201425001,2024,201425001,1,9,0,-1,1,6,2,-1,0,2,0,0,0,0,2,9,-1,6,3,-1,-1,1968,2,9,SEAT LEON,-1,-1,0,-1
2024351493402,2024,351493402,1,9,0,-1,19,1,5,-1,0,0,0,0,0,0,3,1,-1,6,1,20,4,1395,1,7,SEAT LEON,5,E01015655,0,1
2024501424931,2024,501424931,1,9,0,-1,19,6,2,-1,0,1,0,0,0,0,4,1,-1,6,1,58,9,1395,1,8,SEAT LEON,6,E01018853,0,1
2024991495033,2024,991495033,2,9,0,-1,19,7,3,-1,0,0,0,0,0,0,0,9,-1,9,2,48,8,1598,2,11,SEAT LEON,9,-1,0,1
2024201418909,2024,201418909,1,9,0,-1,19,8,5,-1,0,2,0,0,0,0,1,9,-1,1,1,28,6,1598,2,7,SEAT LEON,3,E01010070,0,1
2024131436775,2024,131436775,2,9,0,-1,19,3,1,-1,0,1,0,0,0,0,4,1,-1,9,1,28,6,1896,2,15,SEAT LEON,1,E01010843,0,3
2024201414912,2024,201414912,4,9,0,-1,2,0,0,-1,0,0,0,0,0,0,2,9,-1,9,2,26,6,1197,1,13,SEAT LEON,1,E01009406,0,1
2024991479768,2024,991479768,2,9,0,-1,5,4,8,-1,0,6,0,0,0,0,1,1,-1,9,2,39,7,1498,1,5,SEAT LEON,-1,-1,0,-1
2024131401764,2024,131401764,1,9,0,-1,19,5,1,-1,0,0,0,0,0,0,1,1,-1,1,2,26,6,1598,2,10,SEAT LEON,3,E01010791,0,1
2024351445534,2024,351445534,1,9,0,-1,19,7,3,-1,0,0,0,0,1,9,1,1,-1,6,1,-1,-1,1598,2,9,SEAT LEON,-1,-1,0,-1
2024041441604,2024,041441604,1,9,0,-1,19,7,3,-1,0,0,0,7,0,0,1,1,-1,6,1,22,5,1598,2,12,SEAT LEON,1,E01025224,0,1
2024141452267,2024,141452267,2,9,0,-1,15,2,6,-1,0,1,0,0,0,0,1,1,-1,9,1,17,4,1968,2,14,SEAT LEON,2,E01007767,0,2
2024991446310,2024,991446310,1,9,0,-1,4,3,7,-1,0,0,0,0,0,0,1,1,-1,6,2,27,6,1968,2,10,SEAT LEON,-1,-1,0,-1
2024311410506,2024,311410506,2,9,0,-1,5,8,6,-1,0,2,0,0,0,0,2,1,-1,2,2,29,6,1968,2,9,SEAT LEON,2,E01013845,0,1
2024131510095,2024,131510095,2,9,0,-1,19,5,1,-1,0,1,0,0,0,0,1,1,-1,6,1,28,6,1197,1,12,SEAT LEON,1,E01010996,0,1
2024546642024,2024,546642024,1,9,0,18,19,1,5,0,0,0,0,0,0,0,1,1,6,6,1,20,4,1984,1,17,SEAT LEON,6,E01032109,0,1
2024161422283,2024,161422283,2,9,0,-1,3,1,5,-1,0,0,0,0,0,0,3,9,-1,6,1,21,5,1968,2,5,SEAT LEON,6,E01013007,0,1
2024131520691,2024,131520691,1,9,0,-1,-1,-1,-1,-1,-1,-1,-1,-1,-1,-1,-1,1,-1,6,3,-1,-1,1968,2,7,SEAT LEON,-1,-1,0,-1
2024501396948,2024,501396948,1,9,0,-1,19,7,3,-1,0,0,1,0,0,0,1,9,-1,6,1,24,5,1984,1,14,SEAT LEON,4,E01015062,0,1
2024070683442,2024,070683442,1,9,0,-1,-1,6,2,0,0,0,0,0,0,0,1,1,6,6,1,38,7,1395,1,9,SEAT LEON,2,E01012431,0,1
2024131427315,2024,131427315,1,9,0,-1,9,3,7,-1,0,6,0,0,0,0,1,1,-1,6,2,44,7,1598,2,10,SEAT LEON,1,E01010832,0,1
2024010542413,2024,010542413,2,9,0,2,2,0,0,6,6,0,0,0,0,0,2,1,6,6,3,-1,-1,1498,1,5,SEAT LEON,-1,-1,0,-1
2024201497114,2024,201497114,2,9,0,-1,10,7,5,-1,0,8,0,0,0,0,1,1,-1,6,2,47,8,1598,2,13,SEAT LEON,1,E01010111,0,1
2024141397890,2024,141397890,2,9,0,-1,19,1,1,-1,0,0,0,0,0,0,4,1,-1,6,1,46,8,1598,2,12,SEAT LEON,2,E01007680,0,1
2024131472931,2024,131472931,1,9,0,-1,19,1,5,-1,0,8,0,0,0,0,1,1,-1,6,-1,-1,-1,1968,2,12,SEAT LEON,-1,-1,0,-1
2024101448362,2024,101448362,1,9,0,-1,19,4,7,-1,0,0,0,10,0,0,3,1,-1,6,1,24,5,1781,1,21,SEAT LEON,3,E01008182,0,1
2024201434153,2024,201434153,1,9,0,-1,19,8,4,-1,0,0,0,0,0,0,4,1,-1,6,2,51,8,1197,1,13,SEAT LEON,1,E01009307,0,2
2024131486013,2024,131486013,3,9,0,-1,2,0,0,-1,0,8,0,0,0,0,2,1,-1,9,1,29,6,1896,2,16,SEAT LEON,7,E01011768,0,1
2024440433696,2024,440433696,2,9,0,18,19,5,1,0,0,0,0,0,0,0,1,1,6,6,1,28,6,1197,1,10,SEAT LEON,4,E01032745,0,4
2024351430006,2024,351430006,2,9,0,-1,4,7,3,-1,0,1,0,0,0,0,4,1,-1,1,1,66,10,1598,2,7,SEAT LEON,6,E01018052,0,2
2024010513408,2024,010513408,2,9,0,99,99,9,9,99,99,9,9,99,9,99,9,9,6,6,1,-1,-1,1968,2,12,SEAT LEON,-1,-1,0,-1
2024010533045,2024,010533045,2,9,0,3,3,7,3,0,0,1,0,0,0,0,1,1,6,6,2,26,6,1395,8,3,SEAT LEON,3,E01003533,0,2
2024201526513,2024,201526513,2,9,0,-1,3,4,2,-1,0,0,0,0,0,0,2,1,-1,9,1,34,6,1598,2,8,SEAT LEON,1,E01008923,0,3
2024411429284,2024,411429284,2,9,0,-1,19,6,2,-1,0,4,0,0,3,0,1,1,-1,6,3,-1,-1,1968,2,9,SEAT LEON,-1,-1,0,-1
2024161482491,2024,161482491,4,9,0,-1,4,8,4,-1,0,0,0,0,0,0,2,1,-1,9,1,49,8,1197,1,7,SEAT LEON,8,E01020003,0,5
2024440290636,2024,440290636,1,9,0,9,9,5,3,0,0,5,1,0,7,10,4,1,6,6,1,23,5,1598,2,10,SEAT LEON,8,E01032843,0,1
2024991477543,2024,991477543,1,9,0,-1,5,3,7,-1,0,0,0,0,0,0,1,1,-1,9,1,67,10,1598,2,9,SEAT LEON,-1,-1,0,-1
2024201413500,2024,201413500,1,9,0,-1,19,6,2,-1,0,0,0,0,0,0,1,9,-1,6,1,21,5,1968,2,6,SEAT LEON,8,E01009728,0,1
2024052402252,2024,052402252,2,9,0,18,19,1,5,0,0,0,1,0,0,0,1,1,6,6,1,42,7,1598,2,10,SEAT LEON,4,E01007161,0,1
2024991413232,2024,991413232,2,9,0,-1,9,4,8,-1,0,0,0,0,0,0,2,1,-1,9,1,23,5,1968,2,12,SEAT LEON,-1,-1,0,-1
2024131430376,2024,131430376,2,9,0,-1,19,6,2,-1,0,2,0,0,0,0,1,1,-1,6,1,31,6,1984,1,5,SEAT LEON,6,E01011305,0,3
2024131408200,2024,131408200,1,9,0,-1,9,5,1,-1,0,8,0,0,3,0,1,1,-1,9,1,35,6,1968,2,10,SEAT LEON,8,E01010709,0,1
2024141489509,2024,141489509,1,9,0,-1,-1,-1,-1,-1,-1,0,-1,-1,-1,0,-1,9,-1,6,3,-1,-1,1968,2,9,SEAT LEON,-1,-1,0,-1
2024131433852,2024,131433852,1,9,0,-1,19,3,7,-1,0,0,0,4,0,0,1,1,-1,6,1,53,8,1498,8,0,SEAT LEON,1,E01010941,0,2
2024501523334,2024,501523334,2,9,0,-1,19,1,6,-1,0,8,0,0,0,0,3,1,-1,7,1,20,4,1968,2,18,SEAT LEON,6,E01020045,0,4
2024131518405,2024,131518405,1,9,0,-1,19,2,6,-1,0,8,0,0,0,0,1,1,-1,9,1,26,6,1598,2,9,SEAT LEON,1,E01011422,0,1
2024501492328,2024,501492328,2,9,0,-1,9,1,7,-1,0,8,0,0,0,0,1,1,-1,6,2,78,11,1498,1,5,SEAT LEON,8,E01020107,0,1
2024522402735,2024,522402735,2,9,0,1,1,3,7,0,0,0,0,0,0,0,2,1,6,6,1,20,4,1197,1,11,SEAT LEON,1,E01014585,0,1
2024201478923,2024,201478923,2,9,0,-1,19,1,5,-1,0,8,0,0,0,0,3,1,-1,6,1,30,6,1968,2,13,SEAT LEON,1,E01009299,0,1
2024141523720,2024,141523720,1,9,0,-1,19,3,7,-1,0,8,0,0,0,0,1,1,-1,6,1,37,7,1595,1,14,SEAT LEON,1,E01007532,0,1
2024111433203,2024,111433203,1,8,0,-1,19,3,7,-1,0,8,0,0,0,0,1,1,-1,1,1,60,9,1598,2,7,SEAT LEON,-1,-1,0,-1
2024201398176,2024,201398176,1,9,0,-1,19,3,7,-1,0,0,0,0,0,0,1,9,-1,6,1,-1,-1,999,1,4,SEAT LEON,-1,-1,0,-1
2024461442114,2024,461442114,2,9,0,-1,4,7,3,-1,0,0,0,0,0,0,2,1,-1,9,2,26,6,1598,2,12,SEAT LEON,7,E01024245,0,2
2024041517930,2024,041517930,2,9,0,-1,2,0,0,-1,0,1,0,0,0,0,2,1,-1,6,-1,-1,-1,1595,1,15,SEAT LEON,-1,-1,0,-1
2024991472211,2024,991472211,1,9,0,-1,19,7,1,-1,0,4,0,0,0,0,1,1,-1,9,2,33,6,1395,1,8,SEAT LEON,7,-1,0,1
2024451480624,2024,451480624,1,9,0,-1,7,6,1,-1,0,0,0,0,0,0,3,1,-1,1,1,51,8,1598,2,13,SEAT LEON,5,E01030494,0,1
2024332401128,2024,332401128,1,9,0,-1,19,4,8,-1,0,8,0,0,0,0,4,1,-1,1,2,20,4,1595,1,15,SEAT LEON,3,E01013658,0,1
2024332400500,2024,332400500,1,9,0,-1,19,8,4,-1,0,0,2,0,8,9,1,1,-1,6,1,-1,-1,1781,1,20,SEAT LEON,-1,-1,0,-1
2024131420710,2024,131420710,2,9,0,-1,19,5,1,-1,0,2,0,0,0,0,1,1,-1,6,2,30,6,1395,1,7,SEAT LEON,5,E01011586,0,1
2024201524102,2024,201524102,2,9,0,-1,6,8,4,-1,0,0,0,0,0,0,4,1,-1,6,2,29,6,1798,1,11,SEAT LEON,3,E01010144,0,1
2024201491767,2024,201491767,2,9,0,-1,9,7,5,-1,0,5,0,0,0,0,4,1,-1,9,2,53,8,1197,1,12,SEAT LEON,1,E01009000,0,1
2024061534866,2024,061534866,2,9,0,-1,19,1,3,-1,0,8,0,0,3,11,4,1,-1,6,3,-1,-1,1968,2,16,SEAT LEON,-1,-1,0,-1
2024031459172,2024,031459172,1,9,0,-1,19,2,7,-1,0,0,0,0,0,0,1,1,-1,9,1,23,5,1968,2,13,SEAT LEON,5,E01019259,0,2
2024440017962,2024,440017962,2,9,0,4,4,2,6,0,0,0,0,0,0,0,1,1,6,6,1,54,8,1395,1,7,SEAT LEON,4,E01017296,0,2
2024631464463,2024,631464463,2,9,0,-1,19,3,7,-1,0,8,0,0,0,0,2,1,-1,2,2,43,7,1598,2,8,SEAT LEON,9,W01001252,0,4
2024440537805,2024,440537805,1,9,0,18,19,2,6,0,0,0,0,0,0,0,3,1,6,6,3,-1,-1,1968,2,5,SEAT LEON,-1,-1,0,-1
2024991467681,2024,991467681,1,9,0,-1,19,7,3,-1,0,0,1,0,7,4,2,1,-1,6,1,18,4,1896,2,18,SEAT LEON,7,-1,0,2
2024010523892,2024,010523892,1,9,0,7,7,1,3,0,0,1,0,0,1,0,3,1,2,2,2,56,9,1395,1,8,SEAT LEON,6,E01001619,0,1
2024061407961,2024,061407961,1,9,0,-1,19,1,1,-1,0,1,0,0,0,0,1,2,-1,6,1,30,6,1896,2,18,SEAT LEON,-1,-1,0,-1
2024501528010,2024,501528010,2,9,0,-1,2,0,0,-1,9,0,0,0,0,0,0,1,-1,6,-1,-1,-1,1968,2,10,SEAT LEON,-1,-1,0,-1
2024061450618,2024,061450618,1,9,0,-1,19,4,8,-1,0,0,0,0,0,0,1,1,-1,9,1,20,4,1395,1,7,SEAT LEON,2,E01013483,0,4
2024141426535,2024,141426535,1,9,0,-1,19,3,7,-1,0,1,0,0,0,0,1,1,-1,9,1,69,10,1197,1,13,SEAT LEON,1,E01007977,0,1
2024010517359,2024,010517359,1,9,0,99,99,9,9,99,99,9,9,99,9,99,2,9,2,2,1,29,6,1395,1,7,SEAT LEON,10,E01035261,0,4
2024131403192,2024,131403192,1,9,0,-1,19,7,3,-1,0,0,0,0,1,11,3,1,-1,6,1,23,5,1896,2,15,SEAT LEON,4,E01010637,0,1
2024320246072,2024,320246072,2,9,0,4,4,4,8,0,0,1,0,0,0,0,2,1,-1,-1,1,23,5,1896,2,19,SEAT LEON,-1,-1,0,-1
2024311429766,2024,311429766,2,9,0,-1,19,3,7,-1,0,1,0,0,0,0,1,2,-1,6,2,35,6,1498,1,2,SEAT LEON,2,E01028257,0,2
2024311427359,2024,311427359,1,9,0,-1,19,7,3,-1,0,1,0,0,0,0,1,1,-1,2,1,34,6,1968,2,6,SEAT LEON,9,E01027938,0,3
2024131582083,2024,131582083,3,9,0,-1,2,0,0,-1,0,8,0,0,0,0,2,1,-1,6,-1,-1,-1,1896,2,16,SEAT LEON,-1,-1,0,-1
2024061448412,2024,061448412,4,9,0,-1,2,0,0,-1,9,0,0,0,0,0,3,1,-1,6,-1,-1,-1,1395,1,7,SEAT LEON,-1,-1,0,-1
2024131421725,2024,131421725,1,9,0,-1,19,1,5,-1,0,8,0,0,0,0,1,1,-1,9,2,37,7,1395,1,7,SEAT LEON,6,E01011517,0,1
2024131528774,2024,131528774,2,9,0,-1,19,3,7,-1,0,0,0,0,0,0,3,1,-1,6,2,33,6,1798,1,11,SEAT LEON,2,E01011041,0,1
2024061493168,2024,061493168,1,9,0,-1,99,1,5,-1,0,8,0,0,0,0,1,1,-1,6,1,-1,-1,1598,2,11,SEAT LEON,-1,-1,0,-1