collision_index,collision_year,collision_ref_no,vehicle_reference,vehicle_type,towing_and_articulation,vehicle_manoeuvre_historic,vehicle_manoeuvre,vehicle_direction_from,vehicle_direction_to,vehicle_location_restricted_lane_historic,vehicle_location_restricted_lane,junction_location,skidding_and_overturning,hit_object_in_carriageway,vehicle_leaving_carriageway,hit_object_off_carriageway,first_point_of_impact,vehicle_left_hand_drive,journey_purpose_of_driver_historic,journey_purpose_of_driver,sex_of_driver,age_of_driver,age_band_of_driver,engine_capacity_cc,propulsion_code,age_of_vehicle,generic_make_model,driver_imd_decile,lsoa_of_driver,escooter_flag,driver_distance_banding
2024031480864,2024,031480864,1,9,0,-1,19,5,1,-1,0,0,0,0,0,0,1,1,-1,6,2,52,8,1498,1,2,SEAT LEON,2,E01019111,0,1
2024031433629,2024,031433629,1,9,0,-1,5,6,6,-1,-1,0,0,0,0,0,2,1,-1,6,2,58,9,1896,2,19,SEAT LEON,-1,-1,0,-1
2024141442976,2024,141442976,2,9,0,-1,2,0,0,-1,0,0,0,0,0,0,3,1,-1,6,-1,-1,-1,1598,2,9,SEAT LEON,-1,-1,0,-1
2024041532523,2024,041532523,1,9,0,-1,9,3,5,-1,0,0,0,0,0,0,3,1,-1,7,2,28,6,1598,2,9,SEAT LEON,3,E01025149,0,1
2024221423466,2024,221423466,1,9,0,-1,7,5,6,-1,0,3,0,0,0,0,3,1,-1,6,1,27,6,1395,1,7,SEAT LEON,5,E01013986,0,3
2024041433560,2024,041433560,2,9,0,-1,19,2,6,-1,0,1,0,0,1,1,1,1,-1,9,1,37,7,1598,2,12,SEAT LEON,2,E01025285,0,1
2024401489830,2024,401489830,1,9,0,-1,12,1,5,-1,-1,0,0,0,0,0,1,1,-1,6,1,36,7,1968,2,13,SEAT LEON,3,E01017601,0,1
2024131435302,2024,131435302,1,9,0,-1,19,7,3,-1,0,0,0,0,0,0,1,1,-1,9,2,38,7,1498,1,4,SEAT LEON,1,E01011735,0,1
2024201475694,2024,201475694,1,9,0,-1,19,7,4,-1,0,0,0,0,0,0,1,1,-1,9,1,20,4,1498,1,4,SEAT LEON,3,E01010007,0,1
2024141421673,2024,141421673,1,9,0,-1,7,1,3,-1,0,1,0,0,0,0,1,1,-1,9,1,25,5,1197,1,7,SEAT LEON,3,E01007966,0,1
2024141518961,2024,141518961,2,9,0,-1,19,7,3,-1,0,0,0,0,0,0,1,1,-1,6,2,26,6,999,1,5,SEAT LEON,1,E01008118,0,2
2024401427466,2024,401427466,2,9,0,-1,10,7,5,-1,0,1,1,0,0,0,2,1,-1,1,1,44,7,1598,2,10,SEAT LEON,1,E01015736,0,4
2024101395563,2024,101395563,2,9,0,-1,19,5,1,-1,0,2,0,0,0,0,3,1,-1,6,1,34,6,1197,1,9,SEAT LEON,4,E01008683,0,1
2024201491479,2024,201491479,1,9,0,-1,9,2,8,-1,0,5,0,0,0,0,1,1,-1,6,1,52,8,1896,2,17,SEAT LEON,2,E01009348,0,2
2024131506634,2024,131506634,1,9,0,-1,19,1,5,-1,0,8,0,0,0,0,2,1,-1,6,1,41,7,1896,2,16,SEAT LEON,2,E01034974,0,4
2024201445743,2024,201445743,1,9,0,-1,9,6,4,-1,0,5,0,0,0,0,2,1,-1,2,1,37,7,1498,1,5,SEAT LEON,2,E01010038,0,1
2024061499156,2024,061499156,1,9,0,-1,4,-1,-1,-1,99,1,0,0,0,0,2,1,-1,2,1,50,8,1598,2,14,SEAT LEON,1,E01004877,0,1
2024161501623,2024,161501623,1,9,0,-1,9,1,7,-1,0,8,0,0,0,0,4,1,-1,6,2,31,6,1197,1,6,SEAT LEON,7,E01013022,0,3
2024010551294,2024,010551294,1,9,0,9,9,1,7,0,0,8,0,0,0,0,4,1,6,6,1,22,5,1498,1,4,SEAT LEON,5,E01017845,0,4
2024131458768,2024,131458768,2,9,0,-1,12,7,3,-1,1,0,0,0,1,2,3,1,-1,6,1,18,4,1197,1,12,SEAT LEON,5,E01011248,0,2
2024451509371,2024,451509371,2,9,0,-1,19,5,1,-1,0,0,0,0,0,0,0,1,-1,6,1,22,5,1984,1,13,SEAT LEON,6,E01030502,0,1
2024522402770,2024,522402770,1,9,0,16,19,7,1,0,0,8,0,0,0,0,1,1,6,6,1,32,6,1595,1,16,SEAT LEON,5,E01035225,0,3
2024041535456,2024,041535456,1,9,0,-1,6,5,1,-1,0,0,0,0,0,0,1,1,-1,9,1,53,8,1896,2,14,SEAT LEON,1,E01025084,0,4
2024052402187,2024,052402187,2,9,0,18,19,2,6,0,0,8,0,0,1,0,1,1,2,2,2,23,5,1598,2,6,SEAT LEON,2,E01006956,0,2
2024161495156,2024,161495156,2,9,0,-1,19,3,7,-1,0,1,0,0,0,0,4,1,-1,9,2,69,10,1598,2,7,SEAT LEON,9,E01012924,0,1
2024201478893,2024,201478893,1,9,0,-1,19,2,6,-1,0,0,5,4,0,0,4,1,-1,9,1,22,5,1395,1,9,SEAT LEON,10,E01022438,0,4
2024101406061,2024,101406061,1,9,0,-1,19,7,3,-1,0,2,0,4,0,0,1,1,-1,6,1,30,6,1598,2,10,SEAT LEON,6,E01008574,0,1
2024010504755,2024,010504755,1,9,0,18,19,1,5,0,0,1,0,4,0,0,4,1,6,6,2,65,9,1197,1,9,SEAT LEON,7,E01000778,0,1
2024201452625,2024,201452625,2,9,0,-1,3,1,5,-1,0,8,0,0,0,0,3,9,-1,1,1,42,7,1595,1,15,SEAT LEON,1,E01034934,0,1
2024122400850,2024,122400850,1,9,0,18,19,5,1,0,0,5,1,0,0,0,4,1,6,6,1,24,5,1498,1,4,SEAT LEON,8,E01027563,0,4
2024451497494,2024,451497494,1,9,0,-1,8,4,8,-1,0,8,0,0,0,0,1,1,-1,9,1,59,9,1595,1,15,SEAT LEON,6,E01030678,0,1
2024440455882,2024,440455882,1,9,0,7,7,1,3,0,0,6,0,0,0,0,3,1,6,6,2,30,6,1896,2,15,SEAT LEON,4,E01022568,0,1
2024122500199,2024,122500199,1,9,0,18,19,7,3,0,0,2,0,0,0,0,1,1,6,6,1,28,6,1896,2,17,SEAT LEON,1,E01011357,0,4
2024302401616,2024,302401616,1,9,0,18,19,2,6,0,0,2,5,0,1,0,1,1,1,1,1,34,6,1984,1,16,SEAT LEON,10,E01013560,0,1
2024061411831,2024,061411831,1,9,-1,-1,-1,-1,-1,-1,-1,0,-1,-1,-1,0,-1,9,-1,6,1,-1,-1,999,1,4,SEAT LEON,-1,-1,0,-1
2024501474949,2024,501474949,1,9,0,-1,19,5,2,-1,0,0,1,0,1,11,1,1,-1,9,1,53,8,1968,2,8,SEAT LEON,2,E01029095,0,5
2024131469567,2024,131469567,1,9,0,-1,19,4,8,-1,0,0,5,4,0,0,1,1,-1,6,1,17,4,1197,1,13,SEAT LEON,1,E01011901,0,1
2024211475810,2024,211475810,2,9,0,-1,6,8,8,-1,0,0,0,0,0,0,3,1,-1,6,2,-1,-1,1197,1,10,SEAT LEON,-1,-1,0,-1
2024622400127,2024,622400127,1,9,0,17,19,6,2,0,0,0,1,0,2,4,1,1,6,6,1,25,5,1984,1,6,SEAT LEON,6,W01001814,0,4
2024131450065,2024,131450065,1,9,0,-1,19,7,3,-1,0,1,0,0,0,0,1,1,-1,6,1,33,6,1595,1,17,SEAT LEON,1,E01010928,0,1
2024010516165,2024,010516165,2,9,0,18,19,3,7,0,0,4,0,0,0,0,1,1,6,6,1,81,11,1197,1,10,SEAT LEON,9,E01000687,0,1
2024061425308,2024,061425308,1,9,0,-1,9,1,7,-1,0,8,0,0,1,0,1,1,-1,2,2,26,6,1395,1,9,SEAT LEON,7,E01005393,0,1
2024201520831,2024,201520831,2,9,0,-1,2,0,0,-1,0,2,0,0,0,0,2,1,-1,6,-1,-1,-1,1197,1,12,SEAT LEON,-1,-1,0,-1
2024320595392,2024,320595392,2,9,0,2,2,0,0,0,0,2,0,0,0,0,2,1,6,6,3,-1,-1,1598,2,11,SEAT LEON,-1,-1,0,-1
2024471416351,2024,471416351,1,9,0,-1,19,7,2,-1,0,1,0,9,7,2,3,1,-1,6,1,35,6,1984,1,17,SEAT LEON,4,E01031386,0,1
2024201434934,2024,201434934,1,9,0,-1,15,3,7,-1,0,0,0,0,0,0,4,1,-1,6,3,30,6,1968,2,12,SEAT LEON,-1,-1,0,-1
2024070615056,2024,070615056,1,9,0,18,19,2,6,0,0,1,0,0,0,0,1,1,6,6,1,25,5,1968,2,11,SEAT LEON,-1,-1,0,-1
2024461530353,2024,461530353,1,9,0,-1,15,1,1,-1,0,0,0,0,1,0,1,1,-1,6,1,22,5,1781,1,21,SEAT LEON,1,E01024682,0,4
2024131512754,2024,131512754,2,9,0,-1,19,3,3,-1,0,1,0,0,0,0,1,1,-1,9,1,32,6,1968,2,7,SEAT LEON,6,E01027923,0,1
2024131420805,2024,131420805,2,9,0,-1,19,8,4,-1,0,1,0,0,0,0,1,1,-1,6,1,36,7,1598,2,12,SEAT LEON,2,E01011128,0,1
2024340WN5322,2024,340WN5322,2,9,0,-1,2,0,0,-1,0,0,0,0,0,0,3,1,-1,6,3,-1,-1,1984,1,16,SEAT LEON,-1,-1,0,-1
2024201467879,2024,201467879,1,9,0,-1,19,3,7,-1,0,1,0,0,0,0,3,1,-1,6,1,-1,-1,1968,2,7,SEAT LEON,1,E01008898,0,1
2024131529055,2024,131529055,2,9,0,-1,19,8,4,-1,0,8,0,0,0,0,1,1,-1,9,2,32,6,1968,2,9,SEAT LEON,7,E01011162,0,2
2024141455495,2024,141455495,1,9,0,-1,19,8,4,-1,0,0,0,0,0,0,1,1,-1,9,2,24,5,1598,2,12,SEAT LEON,1,E01007902,0,1
2024440143787,2024,440143787,1,9,0,18,19,5,1,0,0,0,0,0,0,0,1,1,6,6,1,28,6,1498,1,4,SEAT LEON,7,E01030429,0,4
2024061534279,2024,061534279,1,9,0,-1,19,1,5,-1,0,1,0,10,8,11,1,1,-1,9,1,28,6,1598,2,10,SEAT LEON,2,E01005580,0,1
2024161453418,2024,161453418,1,9,0,-1,19,6,2,-1,0,0,5,0,0,0,1,1,-1,9,2,50,8,1798,1,6,SEAT LEON,7,E01020970,0,5
2024991466680,2024,991466680,1,9,0,-1,19,7,3,-1,0,0,0,0,0,0,3,1,-1,9,1,70,10,1498,1,5,SEAT LEON,7,E01028976,0,5
2024451405362,2024,451405362,2,9,0,-1,19,7,3,-1,0,2,0,0,0,0,1,1,-1,9,1,55,8,1197,1,7,SEAT LEON,8,E01030718,0,1
2024552400711,2024,552400711,1,9,0,5,5,5,1,0,0,8,0,0,0,0,1,1,2,2,1,31,6,1197,1,11,SEAT LEON,4,E01015390,0,1
2024501395454,2024,501395454,1,9,0,-1,1,3,5,-1,0,1,0,0,0,0,2,1,-1,6,1,33,6,1968,2,17,SEAT LEON,2,E01019053,0,4
2024311407773,2024,311407773,1,9,0,-1,4,1,5,-1,0,2,0,0,0,0,2,1,-1,9,1,35,6,1968,2,15,SEAT LEON,1,E01028301,0,3
2024141430104,2024,141430104,1,9,0,-1,6,3,1,-1,0,0,0,0,0,0,1,9,-1,6,3,-1,-1,1968,2,16,SEAT LEON,-1,-1,0,-1
2024471452945,2024,471452945,4,9,0,-1,2,0,0,-1,0,0,0,0,0,0,4,1,-1,6,-1,-1,-1,1984,1,5,SEAT LEON,-1,-1,0,-1
2024201483228,2024,201483228,2,9,0,-1,19,6,2,-1,0,1,0,0,0,0,2,1,-1,9,1,63,9,1968,2,16,SEAT LEON,2,E01009955,0,1
2024161400486,2024,161400486,1,9,0,-1,19,1,5,-1,0,1,0,0,0,0,3,1,-1,1,2,50,8,1598,2,5,SEAT LEON,9,E01012969,0,4
2024070154197,2024,070154197,2,9,0,18,19,2,6,0,0,0,0,0,0,0,1,1,2,2,1,27,6,1968,2,16,SEAT LEON,1,W01000336,0,4
2024991410427,2024,991410427,2,9,0,-1,4,5,8,-1,0,1,0,0,0,0,2,1,-1,6,2,40,7,1968,2,7,SEAT LEON,8,-1,0,1
2024201534448,2024,201534448,1,9,0,-1,6,4,8,-1,0,0,0,0,0,0,1,1,-1,6,2,40,7,1598,2,13,SEAT LEON,1,E01009483,0,1
2024131458846,2024,131458846,2,9,0,-1,5,5,7,-1,0,2,0,0,0,0,1,1,-1,6,2,22,5,1197,1,13,SEAT LEON,5,E01010668,0,1
2024471453484,2024,471453484,1,9,0,-1,19,7,3,-1,0,0,0,0,0,0,1,1,-1,9,1,73,10,1197,1,10,SEAT LEON,9,E01021042,0,1
2024461485908,2024,461485908,2,9,0,-1,19,7,3,-1,0,0,5,0,0,0,3,1,-1,6,2,30,6,1968,2,8,SEAT LEON,6,E01024346,0,3
2024010505612,2024,010505612,2,9,0,99,99,9,9,99,99,9,9,99,9,99,1,9,6,6,3,-1,-1,1395,8,1,SEAT LEON,-1,-1,0,-1
2024131408093,2024,131408093,1,9,0,-1,19,5,1,-1,0,0,0,0,0,0,1,1,-1,9,1,36,7,999,8,1,SEAT LEON,3,E01011286,0,1
2024520403066,2024,520403066,3,9,0,18,19,7,3,0,0,8,0,0,0,0,1,1,6,6,1,36,7,1598,2,9,SEAT LEON,9,E01029573,0,5
2024991438524,2024,991438524,4,9,0,-1,19,2,6,-1,0,0,0,0,0,0,1,1,-1,6,1,17,4,1598,2,12,SEAT LEON,-1,-1,0,-1
2024131472926,2024,131472926,1,9,0,-1,19,1,1,-1,0,0,5,11,0,0,4,1,-1,6,1,18,4,1197,1,12,SEAT LEON,2,E01010717,0,1
2024401489118,2024,401489118,1,9,0,-1,-1,-1,-1,-1,-1,-1,-1,-1,-1,0,2,9,-1,6,3,-1,-1,999,8,0,SEAT LEON,-1,-1,0,-1
2024440406400,2024,440406400,1,9,0,13,13,7,3,0,0,1,0,0,0,0,2,1,6,6,1,20,4,1781,1,20,SEAT LEON,1,E01017332,0,3
2024451533892,2024,451533892,3,9,0,-1,19,2,6,-1,0,1,0,0,0,0,1,1,-1,2,1,26,6,1498,1,5,SEAT LEON,9,E01021168,0,3
2024221504991,2024,221504991,1,9,0,-1,9,8,5,-1,0,5,0,0,0,0,1,9,-1,6,1,77,11,1598,2,9,SEAT LEON,3,E01032157,0,1
2024141419124,2024,141419124,1,9,0,-1,19,5,2,-1,0,0,1,0,1,4,1,1,-1,6,1,22,5,1197,1,10,SEAT LEON,1,E01007970,0,1
2024201467232,2024,201467232,2,9,0,-1,19,4,8,-1,0,8,0,0,0,0,1,1,-1,6,-1,-1,-1,1984,1,17,SEAT LEON,-1,-1,0,-1
2024010555138,2024,010555138,1,9,0,6,6,9,9,99,99,5,9,99,9,99,9,9,6,6,1,-1,-1,1598,2,11,SEAT LEON,5,E01010754,0,5
2024201500492,2024,201500492,1,9,0,-1,19,8,5,-1,0,4,0,0,0,0,1,1,-1,9,1,29,6,1984,1,5,SEAT LEON,3,E01009176,0,1
2024451469518,2024,451469518,2,9,0,-1,13,7,3,-1,0,0,0,0,0,0,0,1,-1,2,1,18,4,1498,1,4,SEAT LEON,10,E01030726,0,1
2024991482577,2024,991482577,2,8,0,-1,3,5,1,-1,0,1,0,0,0,0,2,1,-1,1,1,32,6,1598,2,5,SEAT LEON,-1,-1,0,-1
2024440527666,2024,440527666,1,9,0,4,4,7,2,0,0,0,0,0,0,0,2,1,1,1,2,48,8,1395,1,8,SEAT LEON,7,E01022589,0,3
2024531436789,2024,531436789,1,9,0,-1,9,2,7,-1,0,8,0,0,0,0,3,1,-1,1,1,22,5,1197,1,12,SEAT LEON,4,E01009324,0,4
2024122500330,2024,122500330,2,9,0,17,19,4,1,0,0,0,0,0,0,0,4,1,6,6,2,22,5,1197,1,7,SEAT LEON,7,E01027788,0,1
2024461532677,2024,461532677,2,9,0,-1,19,-1,-1,-1,0,-1,0,0,0,0,4,9,-1,6,1,45,7,1598,2,10,SEAT LEON,6,E01034999,0,1
2024010520016,2024,010520016,2,9,0,99,99,9,9,99,99,9,9,99,9,99,2,9,2,2,1,32,6,1498,8,2,SEAT LEON,3,E01001712,0,1
2024141394492,2024,141394492,1,9,0,-1,19,1,5,-1,0,0,1,0,0,0,3,9,-1,1,1,28,6,1598,2,7,SEAT LEON,5,E01007882,0,1
2024010550779,2024,010550779,1,9,0,4,4,5,1,0,0,1,0,0,0,0,2,1,6,6,1,22,5,1395,1,10,SEAT LEON,2,E01001118,0,2
2024471421183,2024,471421183,1,9,0,-1,19,3,7,-1,0,1,0,0,0,0,1,1,-1,1,2,47,8,1395,1,7,SEAT LEON,5,E01021074,0,1
2024131525002,2024,131525002,2,9,0,-1,19,8,4,-1,0,0,0,0,0,0,1,1,-1,6,1,26,6,1395,1,10,SEAT LEON,1,E01011472,0,1
2024131489265,2024,131489265,1,9,0,-1,5,5,1,-1,0,1,0,0,0,0,3,1,-1,9,1,21,5,1395,1,11,SEAT LEON,1,E01011803,0,2
2024131452691,2024,131452691,2,9,0,-1,19,1,1,-1,0,8,0,0,0,0,1,1,-1,9,1,27,6,1968,2,10,SEAT LEON,1,E01010702,0,1
2024320310473,2024,320310473,2,9,0,-1,-1,5,1,0,0,8,0,0,0,0,1,1,-1,-1,1,29,6,1598,2,9,SEAT LEON,1,E01026126,0,4
2024421486676,2024,421486676,1,9,0,-1,19,5,1,-1,0,0,0,0,0,0,1,9,-1,6,1,-1,-1,1984,1,9,SEAT LEON,2,E01003622,0,3
2024332401006,2024,332401006,1,9,0,-1,19,5,1,-1,0,2,1,0,1,0,2,1,-1,8,1,36,7,1984,1,5,SEAT LEON,-1,-1,0,-1
2024041551085,2024,041551085,2,9,0,-1,19,4,8,-1,0,0,0,0,0,0,4,1,-1,6,1,30,6,999,1,3,SEAT LEON,4,E01012593,0,4
2024201404463,2024,201404463,1,9,0,-1,19,5,1,-1,0,6,0,0,0,0,1,1,-1,6,1,24,5,1968,2,15,SEAT LEON,-1,-1,0,-1
2024332400080,2024,332400080,1,9,0,-1,19,2,6,-1,0,0,0,0,0,0,1,1,-1,9,1,26,6,1968,2,15,SEAT LEON,3,E01013656,0,1
2024631467452,2024,631467452,1,9,0,-1,19,4,1,-1,0,8,1,0,3,11,1,1,-1,6,1,38,7,1968,2,10,SEAT LEON,7,W01000205,0,4
2024141510201,2024,141510201,1,9,0,-1,19,2,6,-1,0,0,5,0,1,11,1,1,-1,9,1,20,4,1197,1,9,SEAT LEON,2,E01011024,0,3
2024141405381,2024,141405381,2,9,0,-1,19,1,5,-1,0,1,1,7,7,2,1,9,-1,6,1,-1,-1,1968,2,17,SEAT LEON,1,E01007948,0,1
2024311426059,2024,311426059,2,9,0,-1,19,5,2,-1,0,8,0,0,0,0,1,2,-1,6,1,22,5,1896,2,19,SEAT LEON,2,E01013835,0,1
2024522403065,2024,522403065,2,9,0,18,19,1,5,0,0,8,0,0,0,0,1,1,6,6,1,20,4,1197,1,11,SEAT LEON,1,E01014585,0,1
2024101416245,2024,101416245,2,9,0,-1,3,6,2,-1,0,0,0,0,0,0,2,1,-1,6,1,19,4,1395,1,6,SEAT LEON,2,E01027397,0,1
2024332400709,2024,332400709,2,9,0,-1,19,9,9,-1,0,8,0,0,0,0,1,1,-1,6,2,-1,-1,1598,2,11,SEAT LEON,-1,-1,0,-1
2024010524590,2024,010524590,3,9,0,18,19,5,1,0,0,1,0,0,0,0,1,1,6,6,1,62,9,999,1,3,SEAT LEON,3,E01001894,0,3
2024332400029,2024,332400029,1,9,0,-1,2,0,0,-1,0,0,0,0,0,0,2,1,-1,1,1,41,7,999,1,3,SEAT LEON,4,E01035076,0,4
2024332400075,2024,332400075,1,9,0,-1,1,9,9,-1,0,5,0,0,0,0,3,1,-1,6,1,-1,-1,1598,2,11,SEAT LEON,-1,-1,0,-1
2024471526401,2024,471526401,1,9,0,-1,9,4,2,-1,0,1,0,0,0,0,4,1,-1,9,2,35,6,1598,2,12,SEAT LEON,7,E01020970,0,1
2024131486996,2024,131486996,1,9,0,-1,19,5,1,-1,0,0,0,0,0,0,1,1,-1,6,1,22,5,1968,2,9,SEAT LEON,3,E01010848,0,1
2024101425140,2024,101425140,1,9,0,-1,19,7,3,-1,0,0,1,10,1,4,1,1,-1,9,1,17,4,1395,1,7,SEAT LEON,3,E01008842,0,2
2024061513213,2024,061513213,1,9,0,-1,9,5,1,-1,0,8,0,0,0,0,1,1,-1,9,2,34,6,1598,2,10,SEAT LEON,3,E01006061,0,1
2024332400682,2024,332400682,2,9,0,-1,13,2,6,-1,0,8,0,0,0,0,1,1,-1,9,1,34,6,1984,1,16,SEAT LEON,4,E01025936,0,1
2024131450006,2024,131450006,1,9,0,-1,19,1,5,-1,0,0,1,0,1,0,1,1,-1,6,1,37,7,1968,2,14,SEAT LEON,2,E01011837,0,4
2024201413563,2024,201413563,1,9,0,-1,19,2,6,-1,0,8,0,0,0,0,1,9,-1,7,1,19,4,1197,1,13,SEAT LEON,1,E01009503,0,1
202454E985524,2024,54E985524,2,9,0,18,19,2,6,0,0,0,0,0,0,0,2,1,6,6,2,25,5,1968,2,13,SEAT LEON,5,E01015587,0,2
2024531497024,2024,531497024,2,9,0,-1,19,5,1,-1,0,1,0,0,0,0,2,1,-1,2,2,62,9,1395,1,11,SEAT LEON,5,E01019339,0,5
2024131466822,2024,131466822,1,9,0,-1,-1,-1,-1,-1,-1,0,-1,-1,-1,-1,4,1,-1,6,3,-1,-1,1598,2,12,SEAT LEON,-1,-1,0,-1
2024522402204,2024,522402204,2,9,0,5,5,3,5,0,0,1,0,0,0,0,1,1,6,6,1,-1,-1,1197,1,7,SEAT LEON,-1,-1,0,-1
2024501507796,2024,501507796,1,9,0,-1,19,5,1,-1,0,1,0,4,7,11,1,1,-1,6,1,43,7,1968,2,12,SEAT LEON,8,E01015111,0,2
2024131446337,2024,131446337,2,9,0,-1,9,8,4,-1,0,0,0,0,0,0,4,1,-1,6,3,-1,-1,1968,2,16,SEAT LEON,-1,-1,0,-1
2024131488901,2024,131488901,1,9,0,-1,19,7,3,-1,0,8,2,0,8,11,1,1,-1,9,1,22,5,1498,1,5,SEAT LEON,3,E01010669,0,1
2024010497328,2024,010497328,1,9,0,9,9,3,8,0,0,1,0,0,0,0,1,1,6,6,1,31,6,999,1,3,SEAT LEON,5,E01001928,0,1
2024451491620,2024,451491620,2,9,0,-1,1,3,7,-1,0,0,0,99,0,0,2,1,-1,6,1,40,7,1598,2,10,SEAT LEON,-1,-1,0,-1
2024041512869,2024,041512869,2,9,0,-1,19,2,6,-1,0,8,0,0,0,0,1,1,-1,9,1,19,4,1968,2,13,SEAT LEON,1,E01025042,0,1
2024061505770,2024,061505770,1,9,0,-1,19,6,3,-1,0,0,1,0,2,0,4,1,-1,6,1,21,5,1197,1,6,SEAT LEON,9,E01005333,0,2
2024131477023,2024,131477023,1,9,0,-1,9,2,6,-1,0,1,0,0,0,0,0,1,-1,2,1,32,6,1968,2,14,SEAT LEON,7,E01011162,0,1
2024302400892,2024,302400892,1,9,0,9,9,3,1,0,0,8,0,0,0,0,3,1,6,6,2,32,6,1595,1,19,SEAT LEON,1,E01019668,0,1
2024061524360,2024,061524360,1,9,0,-1,-1,-1,-1,-1,-1,0,-1,-1,-1,0,-1,1,-1,6,3,-1,-1,1395,1,6,SEAT LEON,-1,-1,0,-1
2024052400205,2024,052400205,1,9,0,18,19,4,8,0,0,4,0,0,1,10,1,1,6,6,1,35,6,1598,2,10,SEAT LEON,1,E01006880,0,1
2024991513294,2024,991513294,1,9,0,-1,19,2,6,-1,0,0,5,0,2,0,4,1,-1,9,1,18,4,1781,1,19,SEAT LEON,6,-1,0,3
2024361492782,2024,361492782,1,9,-1,-1,8,-1,-1,-1,0,1,0,0,0,0,1,9,-1,6,2,-1,-1,1598,2,7,SEAT LEON,4,E01026925,0,1
2024041491120,2024,041491120,1,9,0,-1,9,2,6,-1,0,1,0,0,0,0,1,1,-1,9,1,23,5,1968,2,10,SEAT LEON,3,E01025065,0,1
2024302400471,2024,302400471,2,9,0,17,19,2,7,0,0,0,0,0,0,0,1,1,6,6,1,28,6,1968,2,10,SEAT LEON,2,E01033300,0,4
2024201441570,2024,201441570,2,9,0,-1,19,2,6,-1,0,0,0,0,0,0,2,1,-1,6,3,-1,-1,1968,2,14,SEAT LEON,-1,-1,0,-1
2024201434678,2024,201434678,2,9,0,-1,19,7,3,-1,0,0,0,0,0,0,1,9,-1,6,2,-1,-1,1395,1,6,SEAT LEON,1,E01010367,0,1
2024302401724,2024,302401724,1,9,0,18,19,7,3,0,0,1,0,0,0,0,1,1,6,6,1,24,5,1390,1,13,SEAT LEON,2,E01013571,0,1
2024041408691,2024,041408691,2,9,0,-1,19,1,4,-1,0,1,0,0,0,0,1,1,-1,9,1,25,5,1598,2,14,SEAT LEON,1,E01025188,0,1
2024201400864,2024,201400864,1,9,0,-1,7,8,4,-1,0,5,0,0,0,0,4,9,-1,6,1,30,6,1598,2,10,SEAT LEON,-1,-1,0,-1
2024530005624,2024,530005624,2,9,0,18,19,8,4,0,0,0,0,0,0,0,2,1,6,6,1,38,7,1598,2,9,SEAT LEON,8,E01022275,0,1
2024302401710,2024,302401710,1,9,0,10,10,4,2,0,0,1,0,0,0,0,2,1,6,6,1,23,5,1598,2,9,SEAT LEON,5,E01019865,0,1
2024201444690,2024,201444690,2,9,0,-1,2,0,0,-1,0,0,0,0,0,0,1,1,-1,6,-1,-1,-1,1498,8,4,SEAT LEON,-1,-1,0,-1
202417M118524,2024,17M118524,1,9,0,-1,19,7,3,-1,0,0,0,0,0,0,1,1,-1,1,1,53,8,1598,2,5,SEAT LEON,1,E01012011,0,1
202454F053324,2024,54F053324,1,9,0,18,19,2,6,0,0,0,0,12,0,0,1,1,6,6,1,44,7,1896,2,18,SEAT LEON,8,E01034524,0,1
2024010528280,2024,010528280,1,9,0,99,99,9,9,99,99,9,9,99,9,99,1,1,6,6,3,-1,-1,1984,1,17,SEAT LEON,-1,-1,0,-1
2024311461988,2024,311461988,2,9,0,-1,19,4,8,-1,0,0,0,0,0,0,4,1,-1,6,1,23,5,1595,1,17,SEAT LEON,8,E01026291,0,4
2024122400796,2024,122400796,1,9,0,18,19,2,6,0,0,0,0,0,0,0,1,1,6,6,1,56,9,1896,2,17,SEAT LEON,1,E01012848,0,5
2024201472031,2024,201472031,1,9,0,-1,19,6,2,-1,0,0,0,0,0,0,1,9,-1,6,1,19,4,1598,2,11,SEAT LEON,5,E01009731,0,2
2024101436709,2024,101436709,3,9,0,-1,19,1,5,-1,0,0,0,0,0,0,0,1,-1,2,1,59,9,1984,1,5,SEAT LEON,8,E01020611,0,4
2024991467696,2024,991467696,1,9,0,-1,7,3,5,-1,0,1,0,0,0,0,3,1,-1,6,1,38,7,1984,1,18,SEAT LEON,10,-1,0,1
2024371494148,2024,371494148,1,9,0,-1,19,-1,-1,-1,0,0,0,0,0,0,1,1,-1,6,1,50,8,1197,1,13,SEAT LEON,8,E01030237,0,1
2024061536477,2024,061536477,2,9,0,-1,19,3,7,-1,0,1,0,7,1,0,1,1,-1,6,1,36,7,1197,1,10,SEAT LEON,2,E01005548,0,3
2024211458091,2024,211458091,1,9,0,-1,19,5,1,-1,0,0,0,0,0,0,1,1,-1,6,1,47,8,1968,2,8,SEAT LEON,9,E01029631,0,1
2024622400142,2024,622400142,3,9,0,2,2,0,0,0,0,0,0,0,0,0,3,1,6,6,3,-1,-1,999,1,3,SEAT LEON,-1,-1,0,-1
2024471446090,2024,471446090,1,9,0,-1,19,2,6,-1,0,8,0,0,0,0,1,1,-1,6,1,42,7,1984,1,6,SEAT LEON,2,E01020922,0,1
2024101408814,2024,101408814,1,9,0,-1,5,1,5,-1,0,4,0,0,0,0,1,9,-1,6,1,30,6,1968,2,7,SEAT LEON,-1,-1,0,-1