collision_index,collision_year,collision_ref_no,vehicle_reference,vehicle_type,towing_and_articulation,vehicle_manoeuvre_historic,vehicle_manoeuvre,vehicle_direction_from,vehicle_direction_to,vehicle_location_restricted_lane_historic,vehicle_location_restricted_lane,junction_location,skidding_and_overturning,hit_object_in_carriageway,vehicle_leaving_carriageway,hit_object_off_carriageway,first_point_of_impact,vehicle_left_hand_drive,journey_purpose_of_driver_historic,journey_purpose_of_driver,sex_of_driver,age_of_driver,age_band_of_driver,engine_capacity_cc,propulsion_code,age_of_vehicle,generic_make_model,driver_imd_decile,lsoa_of_driver,escooter_flag,driver_distance_banding
2024991425574,2024,991425574,2,9,0,-1,19,3,8,-1,0,0,0,0,0,0,2,1,-1,9,2,38,7,1498,1,5,SEAT LEON,-1,-1,0,-1
2024131428386,2024,131428386,1,9,0,-1,19,2,6,-1,0,6,0,0,0,0,1,1,-1,6,3,-1,-1,1968,2,7,SEAT LEON,-1,-1,0,-1
2024320056452,2024,320056452,2,9,0,-1,-1,7,2,0,0,0,1,0,7,9,3,2,-1,-1,1,24,5,1598,2,8,SEAT LEON,9,E01025991,0,5
2024371422807,2024,371422807,2,9,0,-1,19,3,7,-1,0,8,0,0,0,0,1,1,-1,9,2,36,7,1390,1,14,SEAT LEON,2,E01033125,0,1
2024451469375,2024,451469375,1,9,0,-1,19,3,5,-1,0,0,0,0,0,0,2,9,-1,9,2,47,8,1984,1,16,SEAT LEON,10,E01030607,0,1
2024471417438,2024,471417438,3,9,0,-1,3,5,1,-1,0,1,0,0,0,0,2,1,-1,9,2,29,6,1968,2,10,SEAT LEON,10,E01021228,0,1
2024201449791,2024,201449791,2,8,0,-1,19,7,3,-1,0,3,0,0,0,0,1,1,-1,1,1,41,7,1197,1,10,SEAT LEON,3,E01009105,0,1
2024361512999,2024,361512999,1,9,0,-1,15,3,6,-1,0,3,0,0,0,0,4,1,-1,6,1,31,6,1984,1,18,SEAT LEON,1,E01026635,0,1
202454A674624,2024,54A674624,1,9,0,5,5,5,3,0,0,6,0,0,0,0,3,1,6,6,2,20,4,1598,2,13,SEAT LEON,6,E01034539,0,2
2024221492745,2024,221492745,1,9,0,-1,19,8,6,-1,0,8,1,0,7,10,1,1,-1,9,1,18,4,1781,1,21,SEAT LEON,4,E01028992,0,1
2024201417449,2024,201417449,1,9,0,-1,19,1,5,-1,0,0,0,0,0,0,3,9,-1,6,1,-1,-1,1968,2,10,SEAT LEON,-1,-1,0,-1
2024070493499,2024,070493499,1,9,0,6,6,6,1,0,0,6,0,0,0,0,0,1,2,2,2,72,10,1968,2,16,SEAT LEON,5,E01018426,0,3
2024531413778,2024,531413778,2,9,0,-1,19,7,3,-1,0,1,0,0,0,0,1,1,-1,9,2,49,8,1598,2,10,SEAT LEON,7,E01034784,0,3
2024131416300,2024,131416300,2,9,0,-1,19,1,5,-1,0,0,0,0,0,0,2,1,-1,9,1,23,5,1968,2,14,SEAT LEON,1,E01010813,0,2
2024131495775,2024,131495775,2,9,0,-1,19,5,1,-1,0,3,0,0,0,0,2,1,-1,9,1,33,6,1598,2,9,SEAT LEON,7,E01011561,0,3
2024041462736,2024,041462736,2,9,0,-1,19,7,3,-1,0,0,0,0,0,0,1,1,-1,9,1,27,6,1896,2,15,SEAT LEON,6,E01034763,0,4
2024201536395,2024,201536395,1,9,0,-1,19,4,8,-1,0,0,0,0,0,0,3,1,-1,6,1,27,6,1498,1,5,SEAT LEON,7,E01031233,0,4
2024610020924,2024,610020924,1,9,0,18,19,6,2,0,0,8,0,9,7,7,1,1,6,6,1,68,10,1498,8,1,SEAT LEON,3,W01001408,0,2
2024201517045,2024,201517045,2,9,0,-1,19,3,7,-1,0,8,0,0,0,0,1,1,-1,6,1,27,6,1197,1,13,SEAT LEON,2,E01010088,0,1
2024201399335,2024,201399335,2,9,0,-1,19,1,5,-1,0,8,0,0,0,0,1,1,-1,6,1,29,6,1595,1,16,SEAT LEON,2,E01010056,0,1
2024991484494,2024,991484494,1,9,0,-1,19,6,2,-1,0,0,0,0,0,0,1,1,-1,9,1,24,5,1968,2,13,SEAT LEON,-1,-1,0,-1
2024141426266,2024,141426266,2,9,0,-1,19,3,7,-1,0,8,0,0,0,0,1,1,-1,6,1,26,6,1598,2,7,SEAT LEON,1,E01007338,0,1
2024141423818,2024,141423818,2,9,0,-1,5,5,2,-1,0,1,0,4,0,0,1,1,-1,6,3,-1,-1,1395,1,7,SEAT LEON,-1,-1,0,-1
2024141426009,2024,141426009,2,9,0,-1,15,6,1,-1,0,0,0,0,0,0,1,9,-1,6,1,20,4,1598,2,12,SEAT LEON,1,E01034842,0,1
2024440556386,2024,440556386,2,9,0,9,9,7,4,0,0,8,0,0,0,0,1,1,2,2,1,73,10,999,1,4,SEAT LEON,1,E01017118,0,1
2024010530047,2024,010530047,1,9,0,99,99,9,9,99,99,9,9,99,9,99,2,9,6,6,1,59,9,1968,2,7,SEAT LEON,7,E01001346,0,2
2024131502909,2024,131502909,3,9,0,-1,19,7,4,-1,0,0,0,0,0,0,1,1,-1,9,1,27,6,1984,1,12,SEAT LEON,3,E01010810,0,3
2024131454820,2024,131454820,2,9,0,-1,19,1,5,-1,0,8,0,0,0,0,4,1,-1,9,1,23,5,1395,1,7,SEAT LEON,3,E01011717,0,1
2024122400300,2024,122400300,2,9,0,18,19,5,1,0,0,1,1,0,0,0,1,1,6,6,2,52,8,1968,2,6,SEAT LEON,9,E01027575,0,1
2024332400931,2024,332400931,1,9,0,-1,19,7,3,-1,0,4,0,0,0,0,0,1,-1,1,1,39,7,1984,1,5,SEAT LEON,-1,-1,0,-1
2024622400242,2024,622400242,2,9,0,9,9,1,7,0,0,5,0,0,0,0,1,1,6,6,1,24,5,1395,1,6,SEAT LEON,1,W01001738,0,1
2024122400885,2024,122400885,1,9,0,16,19,1,5,0,0,0,0,0,7,10,1,1,6,6,2,24,5,1968,2,7,SEAT LEON,5,E01027884,0,4
2024451528998,2024,451528998,2,9,0,-1,19,7,3,-1,0,0,0,0,0,0,3,1,-1,9,1,19,4,1968,2,9,SEAT LEON,9,E01030488,0,1
2024501503899,2024,501503899,1,9,0,-1,3,2,6,-1,0,0,0,0,0,0,3,1,-1,7,2,29,6,1598,2,11,SEAT LEON,4,E01018914,0,1
2024131400438,2024,131400438,2,9,0,-1,19,4,7,-1,0,8,0,0,0,0,1,1,-1,1,1,52,8,1896,2,16,SEAT LEON,1,E01011344,0,2
2024101531393,2024,101531393,4,9,0,-1,3,1,5,-1,0,0,0,0,0,0,3,1,-1,9,2,36,7,1395,1,9,SEAT LEON,9,E01027482,0,4
2024501494437,2024,501494437,1,9,0,-1,19,1,5,-1,0,1,0,0,0,0,3,1,-1,7,2,32,6,1598,2,12,SEAT LEON,10,E01020167,0,3
2024461442935,2024,461442935,2,9,0,-1,19,8,5,-1,0,0,0,0,0,0,4,1,-1,6,1,39,7,1984,1,5,SEAT LEON,4,E01024510,0,1
2024311451671,2024,311451671,1,9,0,-1,19,7,3,-1,0,8,0,0,0,0,2,1,-1,9,2,23,5,1598,2,11,SEAT LEON,3,E01028254,0,2
2024101447954,2024,101447954,1,9,0,-1,19,3,7,-1,0,0,2,0,1,0,1,1,-1,9,1,32,6,1984,1,6,SEAT LEON,8,E01008312,0,1
2024542787624,2024,542787624,2,9,0,18,19,4,8,0,0,0,0,0,7,0,1,1,6,6,1,46,8,1984,1,4,SEAT LEON,9,E01028747,0,4
2024111420505,2024,111420505,2,9,0,-1,19,4,8,-1,0,0,0,0,0,0,2,1,-1,6,1,31,6,1598,2,10,SEAT LEON,10,E01020732,0,1
2024141513792,2024,141513792,3,9,0,-1,19,5,1,-1,0,0,0,0,0,0,3,9,-1,6,1,43,7,1598,2,7,SEAT LEON,2,E01011872,0,3
2024211467444,2024,211467444,1,9,0,-1,7,5,1,-1,0,0,5,10,1,0,1,1,-1,9,1,32,6,1984,1,5,SEAT LEON,3,E01029810,0,3
2024340WN5552,2024,340WN5552,1,9,0,-1,-1,5,1,-1,0,1,0,0,0,0,1,1,-1,6,3,-1,-1,1984,1,17,SEAT LEON,-1,-1,0,-1
2024471424637,2024,471424637,2,9,0,-1,19,7,3,-1,0,0,0,0,0,0,1,1,-1,1,1,42,7,1498,1,5,SEAT LEON,10,E01035347,0,3
2024201492093,2024,201492093,3,9,0,-1,19,6,2,-1,0,0,0,0,0,0,2,1,-1,6,1,34,6,1798,1,11,SEAT LEON,4,E01010488,0,2
2024101437356,2024,101437356,2,9,0,-1,19,6,2,-1,0,0,0,0,0,0,2,9,-1,1,1,32,6,1598,2,10,SEAT LEON,1,E01008665,0,2
2024332400784,2024,332400784,1,9,0,-1,9,5,3,-1,0,5,5,0,7,11,1,1,-1,9,1,19,4,1598,2,9,SEAT LEON,4,E01013630,0,1
2024311448967,2024,311448967,2,9,0,-1,9,8,6,-1,0,6,0,0,0,0,0,1,-1,6,1,24,5,1968,2,9,SEAT LEON,-1,-1,0,-1
202460Q070581,2024,60Q070581,1,9,0,10,10,3,1,0,0,1,0,0,0,0,2,1,6,6,2,49,8,1968,2,8,SEAT LEON,-1,-1,0,-1
2024131477821,2024,131477821,1,9,0,-1,5,3,1,-1,0,0,0,0,0,0,1,1,-1,6,3,-1,-1,1896,2,16,SEAT LEON,-1,-1,0,-1
2024010542154,2024,010542154,3,9,0,18,19,5,1,0,0,1,0,4,0,0,1,1,6,6,2,85,11,1984,1,13,SEAT LEON,10,E01000263,0,1
2024061470225,2024,061470225,2,9,-1,-1,2,-1,-1,-1,-1,0,-1,-1,-1,0,4,9,-1,7,1,37,7,1498,1,3,SEAT LEON,1,E01033984,0,1
2024631434558,2024,631434558,1,9,0,-1,19,5,1,-1,0,0,1,0,0,0,1,1,-1,6,1,47,8,1984,1,15,SEAT LEON,5,W01000582,0,1
2024991441044,2024,991441044,2,9,0,-1,19,1,5,-1,0,0,0,0,1,9,1,1,-1,2,1,44,7,1498,1,5,SEAT LEON,-1,-1,0,-1
2024320030907,2024,320030907,2,9,0,-1,-1,2,6,0,0,0,0,0,0,0,3,1,1,1,1,25,5,1968,2,7,SEAT LEON,4,E01026327,0,4
2024421411985,2024,421411985,3,9,0,-1,5,6,8,-1,0,4,0,0,0,0,3,1,-1,2,1,33,6,1197,1,13,SEAT LEON,6,E01021378,0,3
2024201525894,2024,201525894,2,9,0,-1,5,4,8,-1,0,8,0,0,0,0,1,9,-1,2,1,32,6,1968,2,5,SEAT LEON,6,E01009548,0,1
2024010508139,2024,010508139,2,9,9,99,99,9,9,99,99,9,9,99,9,99,9,9,6,6,1,-1,-1,1598,2,12,SEAT LEON,-1,-1,0,-1
2024061403339,2024,061403339,2,8,0,-1,19,5,1,-1,0,8,0,0,0,0,4,1,-1,9,1,48,8,1598,2,5,SEAT LEON,1,E01005129,0,1
2024361447937,2024,361447937,1,9,0,-1,7,3,1,-1,0,1,0,0,0,0,1,1,-1,6,1,36,7,1984,1,17,SEAT LEON,4,E01026756,0,3
2024991534801,2024,991534801,1,9,0,-1,19,7,3,-1,0,1,0,0,3,0,3,1,-1,9,1,22,5,1598,2,11,SEAT LEON,1,-1,0,1
2024332400228,2024,332400228,1,9,0,-1,4,3,7,-1,0,0,0,0,0,0,1,1,-1,1,1,38,7,1984,1,13,SEAT LEON,-1,-1,0,-1
2024421523396,2024,421523396,2,9,0,-1,19,3,7,-1,0,2,0,0,0,0,2,1,-1,9,1,22,5,1197,1,13,SEAT LEON,8,E01021347,0,4
2024041449595,2024,041449595,1,9,0,-1,19,5,1,-1,0,3,0,0,0,0,1,1,-1,9,1,28,6,1598,2,10,SEAT LEON,3,E01025249,0,3
2024061475750,2024,061475750,1,9,0,-1,7,-1,-1,-1,0,0,0,0,0,0,3,1,-1,9,1,49,8,1498,8,3,SEAT LEON,9,E01005835,0,1
2024131533672,2024,131533672,2,9,0,-1,9,1,7,-1,0,8,0,0,0,0,3,1,-1,6,1,22,5,1968,2,16,SEAT LEON,4,E01011668,0,1
2024522401625,2024,522401625,2,9,0,18,19,9,9,0,0,4,0,0,0,0,3,1,6,6,3,-1,-1,1598,2,10,SEAT LEON,-1,-1,0,-1
2024221532750,2024,221532750,2,9,0,-1,19,4,8,-1,0,4,0,0,0,0,1,9,-1,6,2,20,4,1395,1,6,SEAT LEON,6,E01010174,0,1
2024221451512,2024,221451512,1,9,0,-1,19,5,1,-1,0,8,1,0,1,9,4,9,-1,9,1,43,7,1968,2,15,SEAT LEON,7,E01028889,0,3
2024141475307,2024,141475307,2,9,0,-1,19,6,3,-1,0,1,0,0,0,0,2,1,-1,6,1,25,5,1498,1,5,SEAT LEON,3,E01007966,0,1
2024010515626,2024,010515626,2,9,0,18,19,1,5,1,1,3,0,10,7,11,2,1,6,6,1,41,7,1598,2,4,SEAT LEON,2,E01034476,0,2
2024451498658,2024,451498658,5,9,0,-1,4,5,1,-1,0,0,0,0,0,0,2,1,-1,9,1,34,6,1968,2,10,SEAT LEON,10,E01022891,0,3
2024041440092,2024,041440092,1,9,0,-1,19,8,4,-1,0,0,0,0,1,4,1,1,-1,6,1,21,5,1984,1,4,SEAT LEON,-1,-1,0,-1
2024061458502,2024,061458502,1,9,0,-1,13,1,5,-1,0,0,0,0,7,0,1,1,-1,6,1,19,4,1598,2,10,SEAT LEON,2,E01005326,0,1
2024201505062,2024,201505062,2,9,0,-1,19,7,3,-1,0,8,5,0,0,0,3,1,-1,6,1,18,4,1197,1,9,SEAT LEON,1,E01009093,0,2
2024122400113,2024,122400113,4,9,0,10,10,5,1,0,0,1,0,0,0,0,2,1,6,6,1,24,5,1498,1,2,SEAT LEON,3,E01027612,0,3
2024991439274,2024,991439274,1,8,0,-1,19,4,8,-1,0,0,0,0,7,0,1,1,-1,1,1,41,7,1598,2,5,SEAT LEON,4,-1,0,1
2024991414001,2024,991414001,1,9,0,-1,19,8,4,-1,0,3,0,0,7,1,1,1,-1,9,1,36,7,1984,1,16,SEAT LEON,1,-1,0,1
2024421424174,2024,421424174,1,9,0,-1,9,6,4,-1,0,0,0,0,0,0,3,1,-1,9,1,30,6,1968,2,7,SEAT LEON,9,E01021564,0,2
2024320321860,2024,320321860,1,9,0,-1,-1,1,5,0,0,1,0,0,0,0,1,1,6,6,1,24,5,1896,2,20,SEAT LEON,6,E01028037,0,3
2024141406107,2024,141406107,1,9,0,-1,7,7,1,-1,0,0,0,0,0,0,3,1,-1,9,2,31,6,1968,2,16,SEAT LEON,8,E01034242,0,1
2024010527802,2024,010527802,1,9,0,18,19,1,5,0,0,1,1,7,0,0,1,1,1,1,1,20,4,1395,8,4,SEAT LEON,8,E01027261,0,4
2024451474516,2024,451474516,1,9,0,-1,19,1,5,-1,0,0,0,0,0,0,1,1,-1,2,1,51,8,1395,1,8,SEAT LEON,4,E01022575,0,3
2024201437648,2024,201437648,1,9,0,-1,7,3,4,-1,0,5,0,10,1,11,1,9,-1,6,2,24,5,1197,1,11,SEAT LEON,1,E01010490,0,1
2024061531437,2024,061531437,2,9,0,-1,3,3,6,-1,0,1,0,0,0,0,2,1,-1,9,1,22,5,1395,1,5,SEAT LEON,7,E01005492,0,2
2024531429777,2024,531429777,1,9,0,-1,19,1,5,-1,0,0,2,0,0,0,1,1,-1,9,1,21,5,1595,1,17,SEAT LEON,8,E01022356,0,2
2024332400931,2024,332400931,3,9,0,-1,19,7,3,-1,0,4,0,0,0,0,0,1,-1,1,1,43,7,1984,1,4,SEAT LEON,-1,-1,0,-1
2024101417775,2024,101417775,1,9,0,-1,15,1,5,-1,0,1,0,0,0,0,1,1,-1,9,1,34,6,1968,2,9,SEAT LEON,1,E01008215,0,1
2024421433260,2024,421433260,2,9,0,-1,19,5,1,-1,0,0,0,0,1,0,1,1,-1,6,1,86,11,1595,1,18,SEAT LEON,6,E01022096,0,2
2024201484023,2024,201484023,1,9,0,-1,19,4,8,-1,0,0,0,0,0,0,1,9,-1,6,1,-1,-1,1968,2,14,SEAT LEON,1,E01009483,0,1
2024211440607,2024,211440607,1,9,0,-1,19,4,8,-1,0,0,0,0,0,0,1,1,-1,6,1,23,5,1498,1,6,SEAT LEON,3,E01014321,0,1
2024131404941,2024,131404941,2,9,0,-1,2,0,0,-1,0,0,0,0,0,0,2,1,-1,6,-1,-1,-1,1598,2,11,SEAT LEON,-1,-1,0,-1
2024201496660,2024,201496660,1,9,0,-1,19,5,1,-1,0,2,0,0,0,0,1,1,-1,6,1,21,5,1781,1,20,SEAT LEON,3,E01009856,0,2
2024311444812,2024,311444812,2,9,0,-1,10,4,2,-1,0,1,0,0,0,0,3,1,-1,6,1,35,6,1498,1,5,SEAT LEON,7,E01028086,0,1
2024101448993,2024,101448993,3,9,0,-1,3,6,2,-1,0,4,0,0,0,0,2,1,-1,6,1,21,5,1984,1,7,SEAT LEON,1,E01008591,0,1
2024131396989,2024,131396989,2,9,0,-1,19,7,3,-1,0,8,0,0,0,0,1,1,-1,9,1,30,6,1395,8,4,SEAT LEON,1,E01011663,0,1
2024131470318,2024,131470318,1,9,0,-1,19,6,2,-1,0,1,0,0,1,11,1,1,-1,9,1,22,5,1598,2,5,SEAT LEON,10,E01011549,0,4
2024041431540,2024,041431540,1,9,0,-1,19,7,3,-1,0,8,0,0,0,0,1,1,-1,6,1,32,6,1395,1,7,SEAT LEON,2,E01024902,0,3
2024201464041,2024,201464041,4,9,0,-1,4,2,4,-1,0,1,0,4,0,0,2,1,-1,9,1,26,6,1984,1,9,SEAT LEON,-1,-1,0,-1
2024401432266,2024,401432266,1,9,0,-1,19,7,3,-1,0,0,0,0,0,0,1,1,-1,6,1,18,4,1968,2,16,SEAT LEON,2,E01015704,0,1
2024101439154,2024,101439154,1,8,0,-1,9,1,5,-1,5,5,0,0,7,0,1,1,-1,1,1,42,7,1598,2,6,SEAT LEON,1,E01008438,0,2
2024221457650,2024,221457650,3,9,0,-1,4,2,6,-1,0,0,0,0,0,0,2,1,-1,6,2,38,7,1395,1,9,SEAT LEON,10,E01032367,0,3
2024131419233,2024,131419233,2,9,0,-1,4,1,5,-1,0,8,0,0,0,0,2,1,-1,2,1,22,5,1598,2,11,SEAT LEON,1,E01010800,0,2
2024991400125,2024,991400125,1,9,0,-1,19,2,5,-1,0,0,1,11,0,0,4,1,-1,9,1,27,6,1984,1,6,SEAT LEON,5,-1,0,1
2024141461786,2024,141461786,1,9,0,-1,19,5,1,-1,0,1,0,7,3,1,1,1,-1,9,1,22,5,1968,2,17,SEAT LEON,3,E01007971,0,1
2024131480270,2024,131480270,2,9,0,-1,19,3,7,-1,0,8,0,0,0,0,1,1,-1,9,1,29,6,1968,2,16,SEAT LEON,4,E01011921,0,1
2024411456627,2024,411456627,1,9,0,-1,12,-1,-1,-1,0,3,0,0,0,0,3,9,-1,6,1,27,6,1395,1,8,SEAT LEON,3,E01021806,0,1
202454E580024,2024,54E580024,1,9,0,7,7,1,3,0,0,6,0,0,0,0,1,1,2,2,2,43,7,1498,1,4,SEAT LEON,3,E01031963,0,1
2024201450072,2024,201450072,2,9,0,-1,19,2,4,-1,0,3,0,0,0,0,1,9,-1,2,1,52,8,1896,2,19,SEAT LEON,-1,-1,0,-1
2024440091241,2024,440091241,1,9,0,9,9,6,4,0,0,6,0,0,0,0,1,1,6,6,1,-1,-1,1968,2,7,SEAT LEON,9,E01033443,0,5
2024131422209,2024,131422209,1,9,0,-1,11,5,1,-1,0,0,0,0,0,0,1,1,-1,1,2,63,9,1598,2,9,SEAT LEON,2,E01010804,0,3
2024421470269,2024,421470269,1,9,0,-1,9,8,6,-1,0,6,0,0,0,0,3,1,-1,9,1,17,4,1984,1,6,SEAT LEON,4,E01021842,0,2
2024501426848,2024,501426848,2,9,0,-1,4,5,1,-1,0,1,0,0,0,0,2,1,-1,9,1,42,7,1968,2,10,SEAT LEON,9,E01010248,0,5
2024061498822,2024,061498822,1,9,0,-1,19,7,3,-1,0,0,0,0,0,0,1,1,-1,6,1,32,6,1896,2,16,SEAT LEON,4,E01005724,0,1
2024141487736,2024,141487736,2,9,0,-1,19,2,6,-1,0,1,0,0,0,0,1,9,-1,6,3,18,4,1968,2,7,SEAT LEON,-1,-1,0,-1
2024131490244,2024,131490244,2,9,0,-1,1,5,1,-1,0,1,0,0,0,0,2,1,-1,9,1,21,5,1390,1,15,SEAT LEON,3,E01011608,0,1
2024421467494,2024,421467494,1,9,0,-1,4,3,7,-1,0,0,0,0,0,0,1,9,-1,6,1,27,6,1395,1,6,SEAT LEON,5,E01021664,0,1
2024531505823,2024,531505823,2,9,0,-1,3,5,1,-1,0,0,0,0,0,0,2,1,-1,1,1,34,6,1984,1,17,SEAT LEON,8,E01022447,0,3
2024201527423,2024,201527423,2,9,0,-1,19,8,2,-1,0,0,0,0,0,0,2,1,-1,6,1,52,8,1968,2,9,SEAT LEON,2,E01008936,0,1
2024010512229,2024,010512229,1,9,0,3,3,1,5,0,0,8,0,0,0,0,3,1,6,6,2,23,5,1968,2,7,SEAT LEON,7,E01011652,0,5
2024461517028,2024,461517028,3,9,0,-1,2,0,0,-1,0,0,0,0,0,0,4,1,-1,6,2,51,8,1395,1,9,SEAT LEON,1,E01024240,0,1
2024351405551,2024,351405551,2,9,0,-1,4,1,5,-1,0,0,0,0,0,0,2,1,-1,9,1,22,5,1498,1,5,SEAT LEON,2,E01015654,0,1
2024461524503,2024,461524503,1,9,0,-1,19,7,8,-1,0,0,0,4,0,0,4,1,-1,6,1,37,7,1197,1,9,SEAT LEON,5,E01024537,0,2
2024231416167,2024,231416167,1,9,0,-1,9,8,6,-1,0,5,0,0,0,0,1,9,-1,6,1,19,4,1598,2,11,SEAT LEON,3,E01031012,0,2
2024430234146,2024,430234146,1,9,0,18,19,6,2,0,0,0,0,0,0,0,1,1,6,6,1,30,6,1598,2,7,SEAT LEON,2,E01016463,0,2
2024531478369,2024,531478369,1,9,0,-1,19,7,3,-1,0,1,1,10,0,0,1,1,-1,6,1,24,5,1968,2,8,SEAT LEON,8,E01022387,0,1
2024201517595,2024,201517595,1,9,0,-1,19,6,2,-1,0,0,0,10,1,5,1,1,-1,9,1,42,7,1968,2,9,SEAT LEON,2,E01010051,0,1
2024201488576,2024,201488576,2,9,0,-1,9,7,5,-1,0,3,0,0,0,0,3,1,-1,9,2,30,6,1395,1,7,SEAT LEON,1,E01009021,0,1
2024041521891,2024,041521891,2,9,0,-1,19,1,5,-1,0,0,0,0,0,0,2,1,-1,2,1,26,6,1395,1,10,SEAT LEON,9,E01025437,0,3
2024421407112,2024,421407112,2,9,0,-1,19,7,3,-1,0,1,0,0,0,0,1,9,-1,9,1,27,6,1395,1,6,SEAT LEON,5,E01021664,0,1
2024131488764,2024,131488764,2,9,0,-1,19,1,1,-1,0,2,0,0,0,0,1,1,-1,9,1,26,6,1595,1,16,SEAT LEON,3,E01010789,0,1
2024461406885,2024,461406885,2,9,0,-1,2,0,0,-1,9,0,0,0,1,11,2,1,-1,7,1,23,5,999,8,3,SEAT LEON,7,E01024407,0,2
2024351509897,2024,351509897,1,9,0,-1,19,3,7,-1,0,1,0,0,0,0,1,1,-1,6,2,22,5,1498,8,4,SEAT LEON,9,E01033175,0,3
2024061454145,2024,061454145,2,9,0,-1,19,7,3,-1,0,8,0,0,0,0,4,1,-1,9,1,47,8,1968,2,6,SEAT LEON,4,E01004913,0,1
2024161518705,2024,161518705,1,9,0,-1,19,1,5,-1,9,0,0,4,0,0,1,1,-1,2,2,29,6,1197,1,13,SEAT LEON,5,E01013268,0,1
2024070229186,2024,070229186,2,9,0,3,3,3,7,0,0,0,0,0,0,0,2,1,6,6,1,36,7,1598,2,9,SEAT LEON,4,E01012454,0,1
2024522403304,2024,522403304,1,9,0,18,19,6,2,0,0,0,0,0,0,0,1,1,6,6,3,-1,-1,1968,2,17,SEAT LEON,-1,-1,0,-1
2024430214289,2024,430214289,2,9,0,9,9,1,7,0,0,5,0,0,0,0,4,1,6,6,1,30,6,1798,1,10,SEAT LEON,5,E01016359,0,2
2024131513586,2024,131513586,2,9,0,-1,2,0,0,-1,0,0,0,0,0,0,3,1,-1,6,2,27,6,1595,1,17,SEAT LEON,4,E01011839,0,1
2024131439601,2024,131439601,1,9,0,-1,5,3,3,-1,0,8,0,0,0,0,3,1,-1,9,1,18,4,1598,2,14,SEAT LEON,3,E01011085,0,1
2024622400617,2024,622400617,3,9,0,2,2,0,0,0,0,0,0,0,0,0,0,1,6,6,3,-1,-1,1598,2,9,SEAT LEON,-1,-1,0,-1
2024201531285,2024,201531285,1,9,0,-1,9,1,7,-1,0,5,0,0,0,0,4,1,-1,1,1,33,6,1984,1,15,SEAT LEON,2,E01009022,0,1
2024520402849,2024,520402849,1,9,0,3,3,3,7,0,0,1,0,0,0,0,2,1,6,6,2,52,8,1395,1,7,SEAT LEON,6,E01029052,0,1
2024052402636,2024,052402636,1,9,0,9,9,2,8,0,0,8,0,0,0,0,1,1,6,6,1,38,7,1598,2,11,SEAT LEON,1,E01006574,0,1
2024141523070,2024,141523070,2,9,0,-1,2,0,0,-1,0,8,0,4,1,0,2,1,-1,6,-1,-1,-1,1197,1,9,SEAT LEON,-1,-1,0,-1
2024061478433,2024,061478433,2,9,0,-1,7,7,3,-1,0,8,0,0,0,0,4,1,-1,6,1,36,7,1968,2,11,SEAT LEON,-1,-1,0,-1
2024371524791,2024,371524791,1,9,0,-1,19,5,1,-1,0,0,0,0,0,0,1,1,-1,9,1,22,5,1798,1,6,SEAT LEON,6,E01026863,0,4
2024411539711,2024,411539711,2,9,0,-1,3,8,4,-1,0,0,0,0,0,0,2,1,-1,6,1,27,6,1984,1,13,SEAT LEON,5,E01023869,0,1
2024610032824,2024,610032824,1,9,0,5,5,8,4,0,0,0,0,0,0,0,2,1,6,6,2,65,9,1968,2,11,SEAT LEON,2,W01001525,0,1
2024531460238,2024,531460238,3,9,0,-1,2,0,0,-1,0,2,0,0,0,0,3,1,-1,6,-1,-1,-1,1498,1,4,SEAT LEON,-1,-1,0,-1
2024991483096,2024,991483096,1,9,0,-1,9,8,7,-1,0,1,0,0,0,0,4,1,-1,6,1,39,7,1968,2,5,SEAT LEON,2,-1,0,2
2024041484314,2024,041484314,3,9,0,-1,2,0,0,-1,0,0,0,4,0,0,2,1,-1,6,-1,-1,-1,1395,8,3,SEAT LEON,-1,-1,0,-1
2024201527433,2024,201527433,2,9,0,-1,9,3,7,-1,0,0,0,0,0,0,2,1,-1,6,1,35,6,1968,2,11,SEAT LEON,1,E01009952,0,2
2024201475749,2024,201475749,1,9,0,-1,19,1,5,-1,0,0,0,0,0,0,1,1,-1,6,1,22,5,1598,2,13,SEAT LEON,5,E01032589,0,1
2024141536419,2024,141536419,1,9,0,-1,9,7,3,-1,0,0,0,0,0,0,4,1,-1,9,1,22,5,1598,2,11,SEAT LEON,8,E01027924,0,3
2024161516965,2024,161516965,1,9,0,-1,19,2,6,-1,0,0,0,0,0,0,1,1,-1,1,1,21,5,1395,1,9,SEAT LEON,3,E01013143,0,4
2024471456377,2024,471456377,3,9,0,-1,19,2,6,-1,0,0,0,0,0,0,2,1,-1,9,1,39,7,1498,1,3,SEAT LEON,4,E01031572,0,1
2024221472355,2024,221472355,1,9,0,-1,19,4,1,-1,0,0,5,0,1,11,1,1,-1,6,2,17,4,1197,1,14,SEAT LEON,3,E01032423,0,1
2024131503266,2024,131503266,1,9,0,-1,9,1,5,-1,0,1,0,0,0,0,1,1,-1,2,1,24,5,1598,2,11,SEAT LEON,2,E01011259,0,1
2024340WN7162,2024,340WN7162,1,9,0,-1,19,7,3,-1,0,2,0,0,0,0,1,1,-1,6,1,40,7,999,1,6,SEAT LEON,7,E01027219,0,1