collision_index,collision_year,collision_ref_no,vehicle_reference,vehicle_type,towing_and_articulation,vehicle_manoeuvre_historic,vehicle_manoeuvre,vehicle_direction_from,vehicle_direction_to,vehicle_location_restricted_lane_historic,vehicle_location_restricted_lane,junction_location,skidding_and_overturning,hit_object_in_carriageway,vehicle_leaving_carriageway,hit_object_off_carriageway,first_point_of_impact,vehicle_left_hand_drive,journey_purpose_of_driver_historic,journey_purpose_of_driver,sex_of_driver,age_of_driver,age_band_of_driver,engine_capacity_cc,propulsion_code,age_of_vehicle,generic_make_model,driver_imd_decile,lsoa_of_driver,escooter_flag,driver_distance_banding
2024201425368,2024,201425368,2,9,0,-1,19,1,5,-1,0,0,0,0,0,0,4,1,-1,6,2,22,5,1390,1,16,SEAT LEON,1,E01008905,0,2
2024201454258,2024,201454258,1,9,0,-1,7,2,4,-1,0,2,0,0,0,0,1,9,-1,6,1,25,5,1968,2,10,SEAT LEON,-1,-1,0,-1
2024991464632,2024,991464632,2,9,0,-1,19,3,7,-1,0,8,0,0,7,10,1,1,-1,6,1,22,5,1498,1,4,SEAT LEON,1,-1,0,1
2024221536804,2024,221536804,3,9,0,-1,2,0,0,-1,0,0,0,0,0,0,2,9,-1,6,1,31,6,1968,2,10,SEAT LEON,7,E01035244,0,5
2024302401441,2024,302401441,1,9,0,4,4,8,4,0,0,0,0,0,0,0,2,1,2,2,2,44,7,999,1,5,SEAT LEON,7,E01019513,0,4
2024141515187,2024,141515187,2,9,0,-1,19,1,5,-1,0,1,0,0,0,0,1,1,-1,6,2,57,9,1968,2,12,SEAT LEON,4,E01011753,0,4
2024041484729,2024,041484729,2,9,0,-1,19,7,3,-1,0,0,0,0,0,0,1,1,-1,2,2,40,7,1598,2,13,SEAT LEON,1,E01025183,0,3
2024010545471,2024,010545471,1,9,9,99,99,9,9,99,99,9,9,99,9,99,9,9,2,2,2,51,8,1598,2,7,SEAT LEON,8,E01003774,0,2
2024451528708,2024,451528708,2,9,0,-1,9,5,1,-1,0,1,0,0,0,0,1,1,-1,6,2,48,8,999,1,3,SEAT LEON,9,E01030356,0,1
2024320769506,2024,320769506,1,9,0,-1,-1,6,2,0,0,0,0,0,7,0,1,1,-1,-1,1,21,5,1968,2,9,SEAT LEON,8,E01032991,0,2
2024131459075,2024,131459075,1,9,0,-1,19,4,8,-1,0,1,0,0,0,0,1,1,-1,9,1,21,5,1598,2,10,SEAT LEON,1,E01010802,0,3
2024061419822,2024,061419822,1,9,0,-1,-1,-1,-1,-1,-1,-1,-1,-1,-1,0,-1,1,-1,6,3,-1,-1,999,1,2,SEAT LEON,-1,-1,0,-1
2024471406953,2024,471406953,3,9,0,-1,19,6,2,-1,0,0,0,0,0,0,2,1,-1,1,1,23,5,1390,1,16,SEAT LEON,6,E01016990,0,1
2024131470752,2024,131470752,1,9,0,-1,19,5,1,-1,0,1,0,0,0,0,1,1,-1,9,2,51,8,999,1,4,SEAT LEON,1,E01010802,0,3
2024461526029,2024,461526029,1,9,0,-1,13,5,1,-1,0,0,1,0,0,0,1,9,-1,6,3,-1,-1,1396,2,23,SEAT LEON,-1,-1,0,-1
2024061395674,2024,061395674,1,9,0,-1,19,7,3,-1,0,0,0,0,0,0,1,1,-1,6,2,46,8,1395,1,10,SEAT LEON,-1,-1,0,-1
2024201486331,2024,201486331,1,9,0,-1,6,1,1,-1,0,0,0,0,0,0,1,9,-1,6,1,-1,-1,1968,2,5,SEAT LEON,-1,-1,0,-1
2024041441630,2024,041441630,3,9,0,-1,19,1,5,-1,0,0,0,0,0,0,0,1,-1,9,1,21,5,1968,2,18,SEAT LEON,5,E01006022,0,4
2024141480606,2024,141480606,1,9,0,-1,19,4,8,-1,0,1,2,7,1,0,1,1,-1,6,1,58,9,1598,2,11,SEAT LEON,3,E01008148,0,3
2024332400551,2024,332400551,2,9,0,-1,19,1,5,-1,0,8,0,0,0,0,4,1,-1,6,1,33,6,1968,2,14,SEAT LEON,2,E01013631,0,1
2024522401936,2024,522401936,1,9,0,12,12,6,2,0,0,1,0,0,0,0,1,1,6,6,1,40,7,1498,1,3,SEAT LEON,6,E01014642,0,1
2024991416767,2024,991416767,1,8,0,-1,1,2,6,-1,0,0,0,0,0,0,2,1,-1,1,1,67,10,1598,2,5,SEAT LEON,1,-1,0,1
2024131453400,2024,131453400,1,9,0,-1,13,3,3,-1,0,1,0,0,8,11,1,1,-1,6,-1,30,6,1984,1,8,SEAT LEON,-1,-1,0,-1
2024991493174,2024,991493174,2,9,0,-1,19,7,4,-1,0,1,0,0,0,0,3,1,-1,9,1,47,8,1595,1,15,SEAT LEON,4,-1,0,1
2024991418578,2024,991418578,1,9,0,-1,7,3,5,-1,0,1,0,0,0,0,1,1,-1,9,2,49,8,1598,2,11,SEAT LEON,7,E01009452,0,5
2024302400419,2024,302400419,2,9,0,17,19,4,8,0,0,0,0,0,0,0,1,1,6,6,1,49,8,1598,2,9,SEAT LEON,5,E01007163,0,4
2024430580423,2024,430580423,1,9,0,16,19,2,5,0,0,0,0,0,0,0,1,1,6,6,1,18,4,1598,2,12,SEAT LEON,9,E01017734,0,2
2024340WN2922,2024,340WN2922,1,9,0,-1,5,1,5,-1,0,6,0,0,0,0,2,1,-1,9,2,32,6,1197,1,10,SEAT LEON,1,E01011143,0,5
2024340NN1552,2024,340NN1552,2,9,0,-1,3,8,4,-1,0,4,0,0,0,0,2,1,-1,6,1,27,6,1968,2,17,SEAT LEON,9,E01027084,0,2
2024010530431,2024,010530431,2,9,0,3,3,5,1,0,0,1,0,0,0,0,1,1,6,6,2,49,8,1798,1,8,SEAT LEON,8,E01000204,0,3
2024070643218,2024,070643218,1,9,0,16,19,5,1,0,0,0,0,0,0,0,0,1,6,6,3,-1,-1,999,8,3,SEAT LEON,-1,-1,0,-1
2024351489636,2024,351489636,1,9,0,-1,4,1,5,-1,0,0,0,0,0,0,1,1,-1,6,1,28,6,1798,1,10,SEAT LEON,7,E01023704,0,4
2024221421705,2024,221421705,1,9,0,-1,19,4,8,-1,0,0,0,0,1,0,1,9,-1,9,1,19,4,1781,1,21,SEAT LEON,8,E01014040,0,1
2024161522861,2024,161522861,1,9,0,-1,1,1,5,-1,0,2,0,0,0,0,2,1,-1,9,2,59,9,1984,1,5,SEAT LEON,9,E01012998,0,1
2024122400468,2024,122400468,1,9,0,18,19,6,4,0,0,0,5,0,2,11,1,1,1,1,1,36,7,1498,1,5,SEAT LEON,6,E01027883,0,2
2024061452983,2024,061452983,3,9,0,-1,19,7,2,-1,0,1,0,0,0,0,3,1,-1,9,2,32,6,1598,2,10,SEAT LEON,1,E01005475,0,1
2024320164391,2024,320164391,1,9,0,4,4,8,4,0,0,0,0,0,0,0,2,1,-1,-1,1,44,7,1598,2,8,SEAT LEON,8,E01026372,0,3
2024122400635,2024,122400635,2,9,0,18,19,7,3,0,0,1,0,0,7,2,3,1,6,6,1,30,6,1598,2,8,SEAT LEON,5,E01027884,0,1
2024201491027,2024,201491027,2,9,0,-1,9,8,6,-1,0,5,0,0,0,0,1,1,-1,6,-1,18,4,1968,2,12,SEAT LEON,-1,-1,0,-1
2024501436261,2024,501436261,1,9,0,-1,19,5,3,-1,0,8,0,0,1,0,1,1,-1,6,1,25,5,1984,1,14,SEAT LEON,5,E01018768,0,4
2024302400435,2024,302400435,1,9,0,18,19,6,2,0,0,0,0,0,0,0,1,1,1,1,2,36,7,1598,2,11,SEAT LEON,10,E01028128,0,3
2024471518422,2024,471518422,1,9,0,-1,9,3,1,-1,0,6,0,0,0,0,1,1,-1,9,1,72,10,1395,1,6,SEAT LEON,9,E01016875,0,1
2024401462676,2024,401462676,1,9,0,-1,4,6,2,-1,0,1,0,0,0,0,1,1,-1,6,1,-1,-1,1968,2,14,SEAT LEON,6,E01015778,0,1
2024320286451,2024,320286451,2,9,0,9,9,3,1,0,0,8,0,0,0,0,3,1,-1,-1,2,37,7,1896,2,15,SEAT LEON,-1,-1,0,-1
2024161506843,2024,161506843,2,9,0,-1,19,4,8,-1,0,1,0,0,0,0,1,1,-1,9,2,65,9,1197,1,10,SEAT LEON,7,E01013269,0,3
2024302400454,2024,302400454,2,9,0,4,4,5,1,0,0,1,0,0,0,0,1,1,6,6,2,23,5,1968,2,17,SEAT LEON,2,E01019471,0,1
2024010503442,2024,010503442,1,9,0,99,99,9,9,99,99,9,9,99,9,99,1,9,6,6,1,40,7,1595,1,18,SEAT LEON,5,E01000636,0,1
2024141499974,2024,141499974,5,9,0,-1,2,0,0,-1,9,2,0,0,0,0,2,2,-1,6,1,-1,-1,1896,2,15,SEAT LEON,-1,-1,0,-1
2024361447784,2024,361447784,4,9,0,-1,4,8,4,-1,0,0,0,0,0,0,1,1,-1,6,1,37,7,1968,2,10,SEAT LEON,5,E01026727,0,4
2024041407786,2024,041407786,1,9,0,-1,13,5,1,-1,0,0,2,0,8,0,1,1,-1,9,2,42,7,1498,1,6,SEAT LEON,2,E01012591,0,1
2024010542775,2024,010542775,1,9,0,99,99,9,9,99,99,9,9,99,9,99,9,9,6,6,3,-1,-1,1598,2,9,SEAT LEON,-1,-1,0,-1
2024010541852,2024,010541852,1,9,0,18,19,7,3,0,0,0,0,0,0,0,3,1,6,6,1,26,6,1395,1,6,SEAT LEON,2,E01034475,0,1
2024401469693,2024,401469693,1,9,0,-1,19,7,1,-1,0,0,1,0,0,0,1,1,-1,9,1,25,5,1781,1,21,SEAT LEON,5,E01015714,0,2
2024430353406,2024,430353406,2,9,0,3,3,2,6,0,0,1,0,0,0,0,2,1,6,6,2,58,9,1395,8,3,SEAT LEON,8,E01016805,0,2
2024201529659,2024,201529659,1,9,0,-1,19,1,5,-1,0,8,1,0,0,0,1,9,-1,6,1,60,9,1395,1,7,SEAT LEON,9,E01032246,0,4
2024131500038,2024,131500038,1,9,0,-1,19,1,3,-1,0,0,0,0,0,0,1,1,-1,6,1,24,5,1598,2,9,SEAT LEON,1,E01011339,0,1
2024231510302,2024,231510302,2,9,0,-1,19,5,1,-1,0,8,0,0,0,0,4,9,-1,6,1,24,5,1197,1,11,SEAT LEON,4,E01013503,0,4
2024010502078,2024,010502078,2,9,0,12,12,7,3,0,0,0,1,0,0,0,4,1,6,6,3,34,6,1395,1,7,SEAT LEON,-1,-1,0,-1
2024041535453,2024,041535453,2,9,0,-1,19,5,1,-1,0,0,0,0,0,0,4,1,-1,6,2,26,6,1984,1,8,SEAT LEON,6,E01025002,0,1
2024131458809,2024,131458809,1,9,0,-1,-1,-1,-1,-1,-1,0,-1,-1,-1,-1,-1,1,-1,6,3,-1,-1,1968,2,13,SEAT LEON,-1,-1,0,-1
2024161429575,2024,161429575,1,9,0,-1,10,3,1,-1,0,1,0,0,0,0,2,9,-1,9,1,22,5,1968,2,10,SEAT LEON,9,E01013293,0,2
2024430188414,2024,430188414,1,9,0,18,19,8,4,0,0,0,0,0,1,0,1,1,6,6,1,23,5,1896,2,15,SEAT LEON,-1,-1,0,-1
2024201444989,2024,201444989,1,9,0,-1,19,7,3,-1,0,0,0,0,0,0,1,9,-1,6,1,25,5,1197,1,9,SEAT LEON,-1,-1,0,-1
2024010526234,2024,010526234,2,9,0,99,99,9,9,99,99,9,9,99,9,99,9,9,6,6,3,-1,-1,1798,1,9,TOYOTA AVENSIS,-1,-1,0,-1
2024451480276,2024,451480276,1,9,0,-1,19,3,7,-1,0,1,1,0,1,0,1,1,-1,9,1,46,8,1995,2,12,TOYOTA AVENSIS,8,E01030991,0,1
2024211420037,2024,211420037,1,8,0,-1,19,1,5,-1,-1,0,0,0,1,0,1,9,-1,1,1,22,5,2231,2,12,TOYOTA AVENSIS,1,E01009062,0,4
2024201464703,2024,201464703,2,9,0,-1,19,5,1,-1,0,8,0,0,0,0,1,9,-1,1,1,55,8,1798,1,12,TOYOTA AVENSIS,-1,-1,0,-1
2024141516649,2024,141516649,2,9,0,-1,19,6,2,-1,0,1,0,0,0,0,1,1,-1,1,1,37,7,1998,2,9,TOYOTA AVENSIS,1,E01007783,0,2
2024141470199,2024,141470199,1,9,0,-1,19,4,8,-1,0,1,0,0,7,11,1,1,-1,9,1,41,7,1794,1,19,TOYOTA AVENSIS,1,E01007729,0,1
2024371471220,2024,371471220,1,9,0,-1,19,3,7,-1,0,0,0,11,0,0,1,1,-1,6,1,76,11,1794,1,19,TOYOTA AVENSIS,10,E01018293,0,4
2024201534217,2024,201534217,1,9,0,-1,19,6,2,-1,0,0,0,0,0,0,3,2,-1,9,1,56,9,1798,1,13,TOYOTA AVENSIS,1,E01009152,0,1
2024052402544,2024,052402544,1,9,0,10,10,5,3,0,0,1,0,0,0,0,4,1,1,1,2,40,7,1798,1,10,TOYOTA AVENSIS,3,E01007050,0,1
2024461498089,2024,461498089,1,9,0,-1,19,3,7,-1,0,0,0,0,0,0,1,9,-1,6,1,38,7,1794,1,19,TOYOTA AVENSIS,9,E01024143,0,1
2024010519735,2024,010519735,2,9,0,18,19,5,1,0,0,0,0,0,0,0,2,1,2,2,1,49,8,1798,1,8,TOYOTA AVENSIS,-1,-1,0,-1
2024332400902,2024,332400902,1,9,0,-1,5,5,1,-1,0,6,0,0,0,0,1,1,-1,9,1,46,8,1798,1,7,TOYOTA AVENSIS,8,E01032600,0,2
2024061522316,2024,061522316,1,9,-1,-1,-1,-1,-1,-1,-1,0,-1,-1,-1,0,-1,9,-1,6,3,-1,-1,1995,2,14,TOYOTA AVENSIS,-1,-1,0,-1
2024010521447,2024,010521447,2,9,0,1,1,7,3,0,0,5,0,0,0,0,2,1,6,6,1,58,9,1598,2,8,TOYOTA AVENSIS,2,E01034176,0,1
2024010510239,2024,010510239,1,9,0,18,19,6,2,0,0,8,0,0,0,0,4,1,1,1,1,71,10,1598,2,8,TOYOTA AVENSIS,2,E01004398,0,3
2024311494354,2024,311494354,1,8,0,-1,19,1,5,-1,0,0,0,0,0,0,2,1,-1,1,1,33,6,1998,2,10,TOYOTA AVENSIS,-1,-1,0,-1
2024010522810,2024,010522810,2,9,0,2,2,0,0,0,0,0,0,0,0,0,3,1,6,6,3,-1,-1,1798,1,13,TOYOTA AVENSIS,-1,-1,0,-1
202454A581324,2024,54A581324,2,9,0,2,2,0,0,0,0,1,0,0,0,0,2,1,6,6,3,-1,-1,1995,2,19,TOYOTA AVENSIS,-1,-1,0,-1
2024351562157,2024,351562157,1,9,0,-1,9,1,7,-1,0,8,0,0,0,0,1,1,-1,6,1,47,8,1995,2,9,TOYOTA AVENSIS,4,E01015623,0,4
2024451496429,2024,451496429,2,9,0,-1,5,5,1,-1,0,1,0,0,0,0,-1,9,-1,6,3,50,8,1995,2,12,TOYOTA AVENSIS,-1,-1,0,-1
2024340NN3282,2024,340NN3282,2,8,0,-1,19,7,3,-1,0,0,0,0,0,0,1,1,-1,1,1,30,6,1995,2,11,TOYOTA AVENSIS,3,E01027224,0,3
2024522401359,2024,522401359,2,9,0,3,3,6,2,0,0,2,0,0,0,0,4,1,6,6,1,54,8,1598,2,6,TOYOTA AVENSIS,2,E01014568,0,1
2024430498333,2024,430498333,1,9,0,18,19,7,5,0,0,6,0,0,0,0,4,1,6,6,2,81,11,1762,1,24,TOYOTA AVENSIS,9,E01028492,0,1
2024302400526,2024,302400526,3,9,0,4,4,8,4,0,0,0,0,0,0,0,0,1,6,6,1,-1,-1,1794,1,18,TOYOTA AVENSIS,1,E01008083,0,3
2024010508183,2024,010508183,3,9,0,3,3,7,3,0,0,1,0,0,0,0,1,1,6,6,1,54,8,1794,1,19,TOYOTA AVENSIS,3,E01001239,0,1
2024131411783,2024,131411783,1,9,0,-1,14,5,1,-1,0,2,0,0,0,0,4,1,-1,9,1,32,6,1798,1,15,TOYOTA AVENSIS,1,E01011374,0,1
2024231504841,2024,231504841,1,9,0,-1,19,4,8,-1,0,8,0,0,0,0,1,1,-1,6,1,64,9,2231,2,17,TOYOTA AVENSIS,6,E01031257,0,2
2024411519853,2024,411519853,1,9,0,-1,19,-1,-1,-1,0,0,0,0,0,0,1,1,-1,6,3,-1,-1,1794,1,20,TOYOTA AVENSIS,-1,-1,0,-1
2024221452707,2024,221452707,1,9,0,-1,19,7,3,-1,0,0,2,0,1,0,1,1,-1,6,1,25,5,1995,2,17,TOYOTA AVENSIS,1,E01009397,0,3
2024361473816,2024,361473816,1,9,0,-1,19,5,1,-1,0,0,0,0,0,0,1,1,-1,1,1,46,8,1598,2,7,TOYOTA AVENSIS,5,E01026466,0,4
2024211398345,2024,211398345,2,9,0,-1,19,4,8,-1,0,0,0,0,0,0,1,1,-1,9,1,50,8,1798,1,12,TOYOTA AVENSIS,2,E01010270,0,3
2024340NN3422,2024,340NN3422,1,9,0,-1,19,8,4,-1,0,1,0,4,0,0,1,1,-1,9,1,77,11,2231,2,19,TOYOTA AVENSIS,6,E01027078,0,1
2024131479953,2024,131479953,3,9,0,-1,10,7,1,-1,0,1,0,0,0,0,1,1,-1,9,1,56,9,1995,2,13,TOYOTA AVENSIS,1,E01011504,0,1
2024201472173,2024,201472173,2,9,0,-1,19,4,8,-1,0,0,0,0,0,0,4,9,-1,6,1,42,7,1798,7,13,TOYOTA AVENSIS,3,E01009922,0,1
2024501400514,2024,501400514,1,9,0,-1,19,6,2,-1,0,0,1,0,0,0,1,1,-1,6,2,62,9,1995,2,18,TOYOTA AVENSIS,5,E01018992,0,2
2024101513260,2024,101513260,1,9,0,-1,19,7,3,-1,0,6,0,0,0,0,1,1,-1,9,2,51,8,1794,1,19,TOYOTA AVENSIS,3,E01035610,0,1
2024440466684,2024,440466684,1,9,0,18,19,2,6,0,0,0,0,0,0,0,1,1,6,6,1,78,11,1995,2,12,TOYOTA AVENSIS,10,E01020366,0,2
2024211469073,2024,211469073,1,9,0,-1,19,1,5,-1,0,0,1,0,0,0,1,1,-1,1,1,45,7,2231,2,17,TOYOTA AVENSIS,6,E01029746,0,2
2024440343302,2024,440343302,1,9,0,18,19,2,6,0,0,6,0,0,0,0,1,1,6,6,1,55,8,1794,1,17,TOYOTA AVENSIS,4,E01023330,0,5
2024610005224,2024,610005224,1,9,0,4,4,5,1,0,0,0,0,0,0,0,2,1,6,6,1,55,8,1798,1,13,TOYOTA AVENSIS,8,E01014863,0,4
2024430533856,2024,430533856,1,9,0,18,19,5,1,0,0,0,0,0,0,0,1,1,6,6,1,55,8,1598,1,21,TOYOTA AVENSIS,6,E01028437,0,1
2024141514092,2024,141514092,1,9,0,-1,19,5,1,-1,0,8,0,0,0,0,4,1,-1,9,1,43,7,2231,2,16,TOYOTA AVENSIS,2,E01007535,0,1
2024010546040,2024,010546040,2,9,0,18,19,1,5,0,0,1,0,0,0,0,1,1,1,1,1,23,5,1598,2,9,TOYOTA AVENSIS,4,E01021126,0,4
2024361534021,2024,361534021,1,9,0,-1,19,3,7,-1,0,0,5,0,0,0,1,1,-1,6,1,43,7,1998,2,16,TOYOTA AVENSIS,8,E01026470,0,3
2024131494082,2024,131494082,2,9,0,-1,9,2,2,-1,0,8,0,0,0,0,4,1,-1,6,1,72,10,1998,2,10,TOYOTA AVENSIS,2,E01010628,0,1
2024061487209,2024,061487209,1,9,0,-1,1,2,6,-1,0,1,0,0,0,0,2,1,-1,9,1,69,10,1794,1,16,TOYOTA AVENSIS,1,E01009836,0,5
2024061513810,2024,061513810,1,9,-1,-1,-1,-1,-1,-1,-1,-1,-1,-1,-1,0,-1,9,-1,6,3,-1,-1,2231,2,16,TOYOTA AVENSIS,-1,-1,0,-1
2024302401325,2024,302401325,2,9,0,9,9,3,1,0,0,8,0,0,0,0,1,1,6,6,2,30,6,1794,1,18,TOYOTA AVENSIS,6,E01019882,0,1
2024440432839,2024,440432839,2,9,0,7,7,1,3,0,0,2,0,0,0,0,1,1,3,7,1,50,8,1794,1,16,TOYOTA AVENSIS,2,E01023156,0,1
2024101436581,2024,101436581,2,9,0,-1,3,7,3,-1,0,0,0,0,0,0,2,9,-1,6,1,49,8,2231,2,17,TOYOTA AVENSIS,1,E01008291,0,2
2024010535961,2024,010535961,1,9,0,7,7,1,3,9,9,4,0,0,1,0,1,1,2,2,2,61,9,1794,1,18,TOYOTA AVENSIS,6,E01001295,0,1
2024631512733,2024,631512733,1,9,0,-1,19,5,1,-1,0,8,0,0,1,6,1,1,-1,6,1,90,11,1794,1,22,TOYOTA AVENSIS,2,W01000655,0,3
2024211481479,2024,211481479,2,9,0,-1,10,6,2,-1,0,0,0,0,0,0,2,1,-1,9,1,80,11,1995,2,17,TOYOTA AVENSIS,1,E01010286,0,2
2024320182981,2024,320182981,2,9,0,4,4,6,2,0,0,1,0,0,0,0,2,1,-1,-1,2,57,9,1998,1,17,TOYOTA AVENSIS,3,E01026325,0,1
2024010538479,2024,010538479,1,9,0,99,99,9,9,99,99,9,9,99,9,99,1,9,6,6,3,72,10,1798,1,12,TOYOTA AVENSIS,8,E01003815,0,1
2024471415237,2024,471415237,1,8,0,-1,19,1,5,-1,0,8,0,0,0,0,1,1,-1,1,1,55,8,1995,2,7,TOYOTA AVENSIS,5,E01016884,0,1
2024531458501,2024,531458501,1,9,0,-1,19,7,3,-1,0,1,5,4,0,0,1,1,-1,1,1,55,8,1995,2,13,TOYOTA AVENSIS,3,E01022294,0,3
2024340WN4982,2024,340WN4982,2,9,0,-1,3,5,1,-1,0,1,0,0,1,10,2,1,-1,1,1,40,7,1998,1,20,TOYOTA AVENSIS,9,E01035402,0,1
2024361500665,2024,361500665,1,9,0,-1,2,0,0,-1,0,1,0,0,0,0,3,1,-1,6,3,-1,-1,1798,1,13,TOYOTA AVENSIS,-1,-1,0,-1
2024440368888,2024,440368888,1,9,0,9,9,3,6,0,0,3,0,0,0,0,3,1,2,2,1,52,8,1794,1,17,TOYOTA AVENSIS,2,E01001509,0,4
202460Q170102,2024,60Q170102,2,9,0,17,19,6,2,0,0,0,0,0,1,0,1,1,6,6,1,72,10,1995,2,11,TOYOTA AVENSIS,-1,-1,0,-1
2024201458717,2024,201458717,1,9,0,-1,3,6,1,-1,0,0,0,0,0,0,2,9,-1,2,1,35,6,1995,2,13,TOYOTA AVENSIS,2,E01010477,0,1
2024061422418,2024,061422418,1,9,0,-1,10,-1,-1,-1,0,0,0,0,0,0,2,9,-1,6,3,-1,-1,1998,1,20,TOYOTA AVENSIS,-1,-1,0,-1
2024361569488,2024,361569488,2,9,0,-1,19,3,7,-1,0,0,0,0,0,0,3,1,-1,9,1,76,11,1998,2,15,TOYOTA AVENSIS,7,E01026897,0,1
2024041483940,2024,041483940,1,9,0,-1,12,1,5,-1,0,1,0,0,0,0,3,1,-1,9,1,22,5,1995,2,12,TOYOTA AVENSIS,3,W01000328,0,4
2024201526252,2024,201526252,1,9,0,-1,2,0,0,-1,0,2,0,0,0,0,4,1,-1,6,1,29,6,1598,2,8,TOYOTA AVENSIS,1,E01009270,0,1
2024211457699,2024,211457699,1,8,0,-1,5,3,7,-1,0,0,0,0,0,0,1,1,-1,1,1,20,4,1798,1,14,TOYOTA AVENSIS,1,E01014307,0,1
2024010513481,2024,010513481,2,9,0,99,99,9,9,99,99,9,9,99,9,99,9,9,6,6,3,-1,-1,1798,1,14,TOYOTA AVENSIS,-1,-1,0,-1
2024311491488,2024,311491488,2,9,0,-1,19,8,4,-1,0,8,1,0,0,0,1,1,-1,6,1,44,7,1798,1,15,TOYOTA AVENSIS,3,E01033398,0,1
2024131497871,2024,131497871,2,9,0,-1,19,1,5,-1,9,1,0,0,0,0,3,1,-1,1,1,53,8,1995,2,11,TOYOTA AVENSIS,2,E01011313,0,1
2024201501853,2024,201501853,1,8,0,-1,5,5,1,-1,0,6,0,0,0,0,1,1,-1,6,1,48,8,1798,1,7,TOYOTA AVENSIS,1,E01009482,0,1
2024041408686,2024,041408686,1,9,0,-1,9,7,3,-1,0,1,0,0,0,0,1,1,-1,9,1,40,7,1794,1,17,TOYOTA AVENSIS,3,E01012587,0,1
2024401497680,2024,401497680,1,9,0,-1,-1,-1,-1,-1,-1,-1,-1,-1,-1,0,2,9,-1,6,1,-1,-1,1995,2,18,TOYOTA AVENSIS,-1,-1,0,-1
2024451395320,2024,451395320,2,9,0,-1,2,0,0,-1,0,0,0,0,0,0,2,1,-1,6,-1,-1,-1,1794,1,21,TOYOTA AVENSIS,-1,-1,0,-1
2024302400920,2024,302400920,2,9,0,17,19,5,3,0,0,0,0,0,0,0,1,1,6,6,1,63,9,1995,2,8,TOYOTA AVENSIS,8,E01019812,0,1
2024430622684,2024,430622684,1,9,0,18,19,1,5,0,0,4,0,0,0,0,1,1,6,6,1,62,9,1794,1,21,TOYOTA AVENSIS,10,E01014424,0,4
2024520000255,2024,520000255,1,9,0,18,19,8,4,0,0,0,0,0,0,0,9,1,6,6,3,-1,-1,1995,2,7,TOYOTA AVENSIS,-1,-1,0,-1
2024531473512,2024,531473512,2,9,0,-1,4,8,4,-1,0,1,0,0,0,0,2,1,-1,9,1,30,6,2231,2,17,TOYOTA AVENSIS,10,E01031689,0,5
2024010496841,2024,010496841,2,9,0,99,99,9,9,0,0,8,0,0,9,0,9,9,6,6,3,-1,-1,1794,1,16,TOYOTA AVENSIS,-1,-1,0,-1
2024401411931,2024,401411931,2,9,0,-1,6,7,2,-1,0,0,0,0,0,0,3,1,-1,9,1,54,8,2231,2,17,TOYOTA AVENSIS,2,E01015738,0,1
202454C923024,2024,54C923024,3,9,0,8,8,8,2,0,0,1,0,0,0,0,1,1,1,1,1,55,8,1598,2,8,TOYOTA AVENSIS,5,E01035462,0,4
2024302401081,2024,302401081,2,9,0,18,19,1,5,0,0,1,0,0,0,0,1,1,6,6,3,-1,-1,1998,2,14,TOYOTA AVENSIS,5,E01019456,0,4
2024070599713,2024,070599713,1,8,0,9,9,3,5,0,0,8,0,0,0,0,4,1,1,1,1,65,9,1995,2,8,TOYOTA AVENSIS,10,E01018641,0,4
2024440099264,2024,440099264,1,9,0,9,9,6,4,0,0,6,0,0,0,0,3,1,6,6,1,76,11,2231,2,17,TOYOTA AVENSIS,9,E01032615,0,1
2024351493406,2024,351493406,1,9,0,-1,3,1,5,-1,0,1,0,0,0,0,1,9,-1,6,2,-1,-1,2231,2,14,TOYOTA AVENSIS,3,E01017944,0,2
2024201517126,2024,201517126,3,9,0,-1,2,0,0,-1,0,0,0,4,0,0,3,1,-1,6,-1,-1,-1,1798,1,15,TOYOTA AVENSIS,-1,-1,0,-1
2024201439676,2024,201439676,2,9,0,-1,10,6,3,-1,0,6,1,0,0,0,1,1,-1,9,2,31,6,1995,2,11,TOYOTA AVENSIS,-1,-1,0,-1
2024201400374,2024,201400374,1,9,0,-1,19,2,6,-1,0,1,0,0,0,0,1,1,-1,6,1,16,4,1798,7,7,TOYOTA AVENSIS,-1,-1,0,-1
2024010498459,2024,010498459,2,9,0,18,19,1,5,0,0,0,0,4,0,0,1,1,3,7,1,71,10,1794,1,20,TOYOTA AVENSIS,7,E01002972,0,1
2024010517714,2024,010517714,1,9,0,4,4,3,7,0,0,0,0,0,0,0,2,1,2,2,1,46,8,1995,2,7,TOYOTA AVENSIS,3,E01034614,0,4
2024131497370,2024,131497370,2,9,0,-1,4,5,1,-1,0,0,0,0,0,0,1,1,-1,6,1,58,9,1998,2,17,TOYOTA AVENSIS,1,E01010702,0,1
2024201457680,2024,201457680,1,9,0,-1,1,4,6,-1,0,0,0,4,0,0,2,1,-1,6,1,55,8,2231,2,13,TOYOTA AVENSIS,-1,-1,0,-1
2024010512784,2024,010512784,2,9,0,99,99,9,9,99,99,9,9,99,9,99,1,9,6,6,3,40,7,1798,1,13,TOYOTA AVENSIS,7,E01002747,0,1
2024141402235,2024,141402235,2,9,0,-1,19,2,6,-1,0,0,0,0,0,0,1,9,-1,6,3,-1,-1,1762,1,24,TOYOTA AVENSIS,-1,-1,0,-1
2024061433662,2024,061433662,1,8,0,-1,9,1,5,-1,0,2,0,0,0,0,3,1,-1,1,1,34,6,1995,2,12,TOYOTA AVENSIS,2,E01004814,0,1