collision_index,collision_year,collision_ref_no,vehicle_reference,vehicle_type,towing_and_articulation,vehicle_manoeuvre_historic,vehicle_manoeuvre,vehicle_direction_from,vehicle_direction_to,vehicle_location_restricted_lane_historic,vehicle_location_restricted_lane,junction_location,skidding_and_overturning,hit_object_in_carriageway,vehicle_leaving_carriageway,hit_object_off_carriageway,first_point_of_impact,vehicle_left_hand_drive,journey_purpose_of_driver_historic,journey_purpose_of_driver,sex_of_driver,age_of_driver,age_band_of_driver,engine_capacity_cc,propulsion_code,age_of_vehicle,generic_make_model,driver_imd_decile,lsoa_of_driver,escooter_flag,driver_distance_banding
2024471467047,2024,471467047,3,9,0,-1,2,3,3,-1,0,1,0,0,0,0,3,1,-1,6,-1,-1,-1,2231,2,17,TOYOTA AVENSIS,-1,-1,0,-1
2024201481101,2024,201481101,2,8,0,-1,19,6,2,-1,0,8,0,0,0,0,4,1,-1,1,1,33,6,1598,2,8,TOYOTA AVENSIS,3,E01009655,0,1
2024061464757,2024,061464757,3,9,0,-1,4,-1,-1,-1,0,1,0,0,0,0,2,1,-1,6,1,-1,-1,1798,1,14,TOYOTA AVENSIS,-1,-1,0,-1
2024302401555,2024,302401555,1,8,0,9,9,2,8,0,0,8,0,0,0,0,3,1,1,1,1,45,7,1995,2,9,TOYOTA AVENSIS,2,E01013845,0,4
2024522402036,2024,522402036,1,9,0,18,19,4,8,0,0,0,0,0,0,0,4,1,6,6,1,38,7,1794,1,16,TOYOTA AVENSIS,9,E01014908,0,1
2024201460638,2024,201460638,2,9,0,-1,19,1,5,-1,0,6,0,10,1,0,2,1,-1,9,1,50,8,1598,2,8,TOYOTA AVENSIS,2,E01009481,0,1
2024131431682,2024,131431682,1,9,0,-1,4,5,1,-1,0,8,0,0,1,10,1,1,-1,6,1,36,7,1798,1,13,TOYOTA AVENSIS,6,E01011704,0,3
202454B134124,2024,54B134124,2,9,0,2,2,0,0,0,0,0,0,0,1,0,2,1,6,6,1,46,8,1995,2,10,TOYOTA AVENSIS,6,E01032114,0,1
2024010510295,2024,010510295,1,9,0,5,5,0,2,0,0,0,0,0,0,0,3,1,6,6,1,29,6,1998,1,17,TOYOTA AVENSIS,6,E01000220,0,1
2024440201418,2024,440201418,2,9,0,9,9,8,5,0,0,8,0,0,0,0,1,1,6,6,1,75,10,1798,1,13,TOYOTA AVENSIS,9,E01035441,0,2
2024201527028,2024,201527028,2,8,0,-1,19,6,2,-1,0,8,0,0,0,0,1,1,-1,6,1,34,6,1798,1,14,TOYOTA AVENSIS,3,E01009835,0,1
2024141445817,2024,141445817,2,9,0,-1,19,5,1,-1,0,0,0,0,0,0,2,1,-1,1,1,50,8,2231,2,11,TOYOTA AVENSIS,-1,-1,0,-1
2024201525809,2024,201525809,1,8,0,-1,9,7,5,-1,0,5,0,0,0,0,1,1,-1,1,1,44,7,1794,1,16,TOYOTA AVENSIS,1,E01009408,0,2
2024451474503,2024,451474503,1,9,0,-1,4,5,1,-1,0,1,0,0,0,0,3,1,-1,9,2,29,6,1798,1,6,TOYOTA AVENSIS,9,E01030976,0,1
2024061420880,2024,061420880,1,9,0,-1,1,4,4,-1,0,0,0,0,0,0,2,1,-1,6,1,45,7,1995,2,12,TOYOTA AVENSIS,-1,-1,0,-1
2024141476109,2024,141476109,3,9,0,-1,2,0,0,-1,0,0,0,0,0,0,4,1,-1,6,-1,-1,-1,1998,2,14,TOYOTA AVENSIS,-1,-1,0,-1
2024440525314,2024,440525314,3,9,0,18,19,6,2,0,0,0,0,0,0,0,1,1,6,6,3,-1,-1,1995,2,12,TOYOTA AVENSIS,-1,-1,0,-1
2024451535142,2024,451535142,1,9,0,-1,19,0,0,-1,0,0,0,1,0,0,1,1,-1,9,2,39,7,1794,1,16,TOYOTA AVENSIS,8,E01030823,0,3
2024430009957,2024,430009957,2,9,0,4,4,5,1,0,0,1,0,0,0,0,2,1,6,6,2,50,8,1995,2,12,TOYOTA AVENSIS,6,E01028503,0,4
2024201477208,2024,201477208,1,9,0,-1,19,3,5,-1,0,6,0,0,0,0,1,1,-1,9,1,68,10,1998,2,16,TOYOTA AVENSIS,1,E01009889,0,3
2024552401341,2024,552401341,2,9,0,3,3,2,6,0,0,1,0,0,0,0,2,1,6,6,2,59,9,1995,2,19,TOYOTA AVENSIS,7,E01015436,0,1
2024411419729,2024,411419729,2,9,-1,-1,5,-1,-1,-1,0,1,0,0,0,0,1,9,-1,9,1,52,8,1794,1,19,TOYOTA AVENSIS,4,E01023899,0,1
2024991436675,2024,991436675,2,9,0,-1,19,6,2,-1,0,0,0,0,0,0,2,1,-1,9,1,66,10,1995,2,9,TOYOTA AVENSIS,3,-1,0,1
2024332400319,2024,332400319,1,9,0,-1,7,4,6,-1,0,6,0,0,0,0,1,1,-1,6,2,51,8,1598,2,8,TOYOTA AVENSIS,1,E01025725,0,1
2024041418197,2024,041418197,1,9,0,-1,19,1,5,-1,0,8,0,0,0,0,1,1,-1,1,1,54,8,1995,2,8,TOYOTA AVENSIS,1,E01012650,0,3
2024471476574,2024,471476574,2,9,0,-1,19,6,2,-1,0,8,0,0,0,0,4,1,-1,9,2,65,9,2231,2,9,TOYOTA AVENSIS,9,E01021158,0,1
2024010533802,2024,010533802,2,9,0,11,11,9,9,99,99,5,9,99,9,99,9,9,6,6,3,-1,-1,1798,1,9,TOYOTA AVENSIS,-1,-1,0,-1
2024131480046,2024,131480046,1,9,0,-1,4,7,3,-1,4,8,0,0,0,0,2,1,-1,6,3,-1,-1,1995,2,19,TOYOTA AVENSIS,-1,-1,0,-1
2024231425301,2024,231425301,1,9,0,-1,19,7,3,-1,0,1,0,0,0,0,1,1,-1,6,1,37,7,1598,2,6,TOYOTA AVENSIS,2,E01032265,0,3
2024451422952,2024,451422952,2,9,0,-1,9,1,5,-1,0,8,0,0,0,0,1,1,-1,2,1,67,10,1995,2,18,TOYOTA AVENSIS,6,E01030665,0,2
2024201423327,2024,201423327,5,9,0,-1,2,0,0,-1,0,0,0,0,0,0,2,1,-1,6,-1,-1,-1,1794,1,18,TOYOTA AVENSIS,-1,-1,0,-1
2024131411696,2024,131411696,1,9,0,-1,19,4,8,-1,0,8,0,0,0,0,1,1,-1,6,1,44,7,1995,2,10,TOYOTA AVENSIS,7,E01010587,0,2
2024070473262,2024,070473262,1,9,0,13,13,1,5,0,0,0,0,0,0,0,1,1,6,6,1,32,6,1798,1,15,TOYOTA AVENSIS,5,E01008352,0,5
2024540415124,2024,540415124,1,9,0,3,3,4,8,0,0,1,0,0,0,0,1,1,6,6,1,-1,-1,1798,1,15,TOYOTA AVENSIS,2,E01033846,0,1
2024101522467,2024,101522467,2,9,0,-1,5,4,2,-1,0,2,0,0,0,0,3,1,-1,9,1,52,8,1995,2,10,TOYOTA AVENSIS,9,E01008322,0,2
2024451480459,2024,451480459,3,9,0,-1,19,1,3,-1,0,0,0,0,0,0,1,9,-1,6,1,30,6,1998,1,19,TOYOTA AVENSIS,-1,-1,0,-1
2024221488974,2024,221488974,2,8,0,-1,19,3,7,-1,0,0,0,0,8,0,1,1,-1,1,1,57,9,1995,2,10,TOYOTA AVENSIS,9,E01035059,0,1
2024010528016,2024,010528016,2,9,9,99,99,9,9,99,99,9,9,99,9,99,9,9,6,6,3,-1,-1,1998,1,22,TOYOTA AVENSIS,-1,-1,0,-1
2024451529766,2024,451529766,1,9,0,-1,19,2,4,-1,0,1,0,0,7,0,4,2,-1,9,1,64,9,1998,1,19,TOYOTA AVENSIS,6,E01030842,0,2
2024610020324,2024,610020324,1,9,0,8,8,4,8,0,0,7,0,0,0,0,2,1,1,1,1,43,7,1995,2,11,TOYOTA AVENSIS,1,W01001687,0,1
2024010503791,2024,010503791,1,9,0,99,99,9,9,99,99,9,9,99,9,99,2,9,6,6,2,52,8,1794,1,20,TOYOTA AVENSIS,2,E01003046,0,1
2024311523755,2024,311523755,1,9,0,-1,20,5,1,-1,0,0,0,0,0,0,1,1,-1,6,1,69,10,1762,1,26,TOYOTA AVENSIS,4,E01035502,0,1
2024320385926,2024,320385926,2,9,0,-1,-1,5,1,0,0,0,0,0,0,0,1,1,-1,-1,1,66,10,1598,2,8,TOYOTA AVENSIS,3,E01007702,0,4
2024411534316,2024,411534316,2,9,0,-1,13,7,3,-1,0,2,0,0,0,0,1,1,-1,2,1,24,5,1998,1,18,TOYOTA AVENSIS,6,E01023320,0,2
2024361501804,2024,361501804,1,9,0,-1,19,6,2,-1,0,0,0,12,0,0,1,1,-1,6,1,62,9,1995,2,11,TOYOTA AVENSIS,9,E01026550,0,3
2024201457084,2024,201457084,1,9,0,-1,19,2,6,-1,0,8,0,0,0,0,4,1,-1,1,1,29,6,1995,2,8,TOYOTA AVENSIS,1,E01009192,0,1
2024061467472,2024,061467472,2,8,0,-1,19,2,4,-1,0,1,0,0,0,0,1,1,-1,1,1,56,9,1798,1,7,TOYOTA AVENSIS,6,E01005857,0,2
2024211438376,2024,211438376,1,8,-1,-1,5,2,6,-1,-1,-1,-1,-1,-1,0,-1,9,-1,1,1,40,7,1798,1,10,TOYOTA AVENSIS,3,E01010322,0,3
2024010532116,2024,010532116,3,9,0,99,99,9,9,99,99,9,9,99,9,99,1,9,6,6,1,80,11,1794,1,16,TOYOTA AVENSIS,10,E01002437,0,2
2024211483977,2024,211483977,2,9,0,-1,19,5,1,-1,0,0,0,0,0,0,1,1,-1,6,2,37,7,1995,2,8,TOYOTA AVENSIS,-1,-1,0,-1
2024201520901,2024,201520901,1,8,0,-1,19,3,7,-1,0,1,0,0,0,0,4,1,-1,1,1,44,7,1798,1,11,TOYOTA AVENSIS,3,E01010327,0,2
2024010498673,2024,010498673,1,9,0,4,4,7,3,0,0,8,0,0,0,0,2,1,6,6,1,47,8,1598,1,15,TOYOTA AVENSIS,6,E01004330,0,3
2024041426041,2024,041426041,1,9,0,-1,19,3,7,-1,0,1,0,0,0,0,1,1,-1,7,2,45,7,1995,2,17,TOYOTA AVENSIS,2,E01012630,0,3
2024471402038,2024,471402038,1,9,0,-1,9,7,3,-1,0,0,0,0,1,0,1,1,-1,6,1,63,9,1798,1,13,TOYOTA AVENSIS,9,E01017002,0,1
2024061441347,2024,061441347,1,9,0,-1,9,4,1,-1,0,1,0,0,0,0,1,1,-1,6,1,24,5,1998,1,21,TOYOTA AVENSIS,4,E01005730,0,1
2024361454954,2024,361454954,2,9,0,-1,4,7,4,-1,0,1,0,0,0,0,2,1,-1,6,1,54,8,2231,2,12,TOYOTA AVENSIS,4,E01030231,0,4
2024061427062,2024,061427062,1,9,0,-1,19,7,3,-1,0,8,0,0,0,0,1,1,-1,1,1,54,8,1598,2,8,TOYOTA AVENSIS,1,E01005376,0,1
2024991472035,2024,991472035,2,9,0,-1,9,1,7,-1,0,8,0,0,0,0,1,1,-1,6,1,44,7,1798,1,15,TOYOTA AVENSIS,3,-1,0,1
2024041430556,2024,041430556,1,9,0,-1,19,5,1,-1,0,0,0,0,0,0,3,1,-1,9,1,-1,-1,1794,1,19,TOYOTA AVENSIS,9,E01024937,0,1
2024461487782,2024,461487782,3,9,0,-1,5,7,3,-1,0,0,0,0,0,0,2,1,-1,9,2,44,7,1794,1,16,TOYOTA AVENSIS,8,E01024730,0,2
2024302400370,2024,302400370,1,9,0,18,19,6,2,0,0,8,0,0,0,0,4,1,6,6,1,29,6,1995,2,13,TOYOTA AVENSIS,3,E01019665,0,3
2024430439311,2024,430439311,1,9,0,2,2,0,0,0,0,0,0,0,0,0,1,1,6,6,2,17,4,1794,1,23,TOYOTA AVENSIS,10,E01017797,0,1
2024302401069,2024,302401069,2,9,0,16,19,6,2,0,0,0,0,0,0,0,1,1,1,1,1,40,7,1794,1,16,TOYOTA AVENSIS,1,E01013487,0,1
2024211472938,2024,211472938,2,8,0,-1,19,4,8,-1,0,2,1,0,0,0,4,1,-1,1,1,65,9,1995,2,9,TOYOTA AVENSIS,1,E01014273,0,1
2024010516124,2024,010516124,1,9,0,1,1,7,3,0,0,2,0,0,0,0,1,1,6,6,1,67,10,1794,1,19,TOYOTA AVENSIS,5,E01001247,0,1
2024041461918,2024,041461918,1,9,0,-1,19,1,5,-1,0,2,0,0,3,0,1,1,-1,9,1,35,6,1995,2,10,TOYOTA AVENSIS,2,E01005238,0,4
2024430302023,2024,430302023,2,9,0,2,2,0,0,0,0,2,0,0,0,0,3,1,3,7,2,38,7,1995,2,11,TOYOTA AVENSIS,6,E01035731,0,1
2024531520664,2024,531520664,2,9,0,-1,19,4,8,-1,0,8,0,0,0,0,4,1,-1,1,1,60,9,1995,2,9,TOYOTA AVENSIS,4,E01022149,0,1
2024041478030,2024,041478030,1,9,0,-1,9,7,5,-1,0,8,0,0,0,0,1,1,-1,9,1,66,10,2231,2,16,TOYOTA AVENSIS,3,E01025294,0,1
2024320030065,2024,320030065,2,9,0,-1,-1,8,4,0,0,0,0,0,0,0,1,1,-1,-1,2,58,9,1998,2,10,TOYOTA AVENSIS,6,E01026031,0,1
2024201460726,2024,201460726,1,8,0,-1,19,3,7,-1,0,2,0,0,0,0,1,1,-1,1,1,43,7,1798,1,13,TOYOTA AVENSIS,3,E01010327,0,1
2024122401263,2024,122401263,1,9,0,10,10,1,3,0,0,1,0,0,0,0,1,1,1,1,1,38,7,1798,7,13,TOYOTA AVENSIS,2,E01033899,0,4
2024010511695,2024,010511695,2,9,0,99,99,9,9,99,99,9,9,99,9,99,9,9,6,6,3,34,6,1998,1,19,TOYOTA AVENSIS,3,E01001825,0,1
2024411539388,2024,411539388,1,9,0,-1,19,4,8,-1,0,1,5,0,0,0,1,1,-1,7,2,27,6,1794,1,18,TOYOTA AVENSIS,7,E01023531,0,1
2024361469859,2024,361469859,2,9,0,-1,19,7,3,-1,0,0,0,0,0,0,1,1,-1,6,1,54,8,2231,2,12,TOYOTA AVENSIS,4,E01030231,0,2
2024061470042,2024,061470042,4,9,0,-1,3,7,3,-1,0,2,0,0,0,0,3,1,-1,9,1,56,9,1995,2,10,TOYOTA AVENSIS,-1,-1,0,-1
2024421467377,2024,421467377,1,9,0,-1,19,7,3,-1,0,8,0,0,7,0,1,1,-1,9,1,28,6,1798,1,15,TOYOTA AVENSIS,2,E01000604,0,4
2024201524126,2024,201524126,1,9,0,-1,19,7,3,-1,9,0,0,0,1,0,1,1,-1,6,1,50,8,1798,1,12,TOYOTA AVENSIS,-1,-1,0,-1
2024131472170,2024,131472170,1,9,0,-1,19,7,3,-1,0,0,1,0,0,0,1,1,-1,2,1,30,6,1794,1,15,TOYOTA AVENSIS,4,E01011870,0,4
2024010501232,2024,010501232,2,9,0,18,19,7,3,0,0,1,0,0,0,0,1,1,6,6,1,24,5,2231,2,15,TOYOTA AVENSIS,2,E01004129,0,1
2024211504769,2024,211504769,1,9,0,-1,9,1,5,-1,0,6,0,0,0,0,1,1,-1,6,1,41,7,1794,1,21,TOYOTA AVENSIS,3,E01014283,0,1
2024061407948,2024,061407948,2,9,0,-1,19,1,1,-1,0,1,0,0,0,0,2,2,-1,6,1,53,8,1998,1,16,TOYOTA AVENSIS,1,E01005377,0,1
2024041420474,2024,041420474,2,9,0,-1,2,0,0,-1,0,0,0,0,0,0,1,1,-1,6,3,-1,-1,2231,2,14,TOYOTA AVENSIS,-1,-1,0,-1
2024302401183,2024,302401183,1,9,0,18,19,5,1,0,0,1,0,0,0,0,1,1,6,6,1,51,8,1998,2,9,TOYOTA AVENSIS,5,E01013937,0,3
2024141479807,2024,141479807,1,9,0,-1,19,5,1,-1,0,0,0,0,0,0,4,1,-1,9,2,77,11,1995,2,19,TOYOTA AVENSIS,9,E01027263,0,5
2024201527206,2024,201527206,2,8,0,-1,19,2,8,-1,0,8,0,0,0,0,3,1,-1,1,1,52,8,1798,1,7,TOYOTA AVENSIS,1,E01009059,0,1
2024201496783,2024,201496783,1,9,0,-1,19,5,1,-1,0,0,0,0,0,0,1,1,-1,6,1,43,7,1798,1,14,TOYOTA AVENSIS,6,E01009586,0,2
2024520002234,2024,520002234,3,9,0,18,19,7,3,0,0,0,0,0,0,0,4,1,6,6,2,46,8,1598,2,9,TOYOTA AVENSIS,6,E01032075,0,4
2024471411285,2024,471411285,4,9,0,-1,2,0,0,-1,0,0,0,4,0,0,1,1,-1,6,-1,-1,-1,1794,1,19,TOYOTA AVENSIS,-1,-1,0,-1
2024041511486,2024,041511486,2,9,0,-1,19,5,1,-1,0,0,0,1,0,0,1,1,-1,6,1,43,7,1995,2,8,TOYOTA AVENSIS,1,E01005698,0,4
2024340NN9012,2024,340NN9012,1,9,0,-1,19,5,1,-1,0,1,0,0,0,0,1,1,-1,2,1,34,6,1995,2,12,TOYOTA AVENSIS,3,E01027233,0,4
2024010498917,2024,010498917,1,9,0,18,19,5,1,0,0,0,0,0,0,0,2,1,6,6,1,52,8,1794,1,19,TOYOTA AVENSIS,4,E01004421,0,1
2024311565098,2024,311565098,3,9,0,-1,5,7,3,-1,0,2,0,0,0,0,1,1,-1,6,1,36,7,1598,2,8,TOYOTA AVENSIS,-1,-1,0,-1
2024361438840,2024,361438840,1,9,0,-1,8,7,1,-1,0,1,0,0,0,0,3,1,-1,6,1,33,6,1794,1,19,TOYOTA AVENSIS,8,E01018159,0,5
2024010518581,2024,010518581,1,9,0,3,3,1,5,0,0,8,0,0,0,0,3,1,6,6,1,26,6,1794,1,16,TOYOTA AVENSIS,6,E01002410,0,4
2024010539683,2024,010539683,2,8,0,18,19,7,3,0,0,8,0,0,0,0,1,1,1,1,1,56,9,1798,1,6,TOYOTA AVENSIS,2,E01016041,0,4
2024520402792,2024,520402792,1,9,0,18,19,1,5,0,0,0,5,10,0,0,1,1,6,6,1,70,10,1995,2,12,TOYOTA AVENSIS,3,E01029170,0,1
2024211473442,2024,211473442,2,9,0,-1,7,7,3,-1,0,8,0,0,0,0,1,1,-1,1,1,40,7,1995,2,11,TOYOTA AVENSIS,1,E01014305,0,1
2024041481723,2024,041481723,1,9,0,-1,19,3,7,-1,0,0,0,0,0,0,4,1,-1,9,2,19,4,1998,2,14,TOYOTA AVENSIS,1,E01020849,0,5
2024461405431,2024,461405431,2,9,0,-1,19,6,2,-1,0,1,0,0,0,0,1,9,-1,6,1,53,8,1794,1,16,TOYOTA AVENSIS,3,E01001188,0,4
2024041508936,2024,041508936,2,9,0,-1,19,2,6,-1,0,1,0,0,0,0,1,1,-1,6,2,58,9,1995,2,12,TOYOTA AVENSIS,2,E01010312,0,5
2024531501561,2024,531501561,6,9,0,-1,19,1,5,-1,0,0,0,0,0,0,2,1,-1,1,1,25,5,1995,2,13,TOYOTA AVENSIS,5,E01022321,0,2
2024631440954,2024,631440954,1,9,0,-1,19,4,8,-1,0,2,0,4,0,0,1,1,-1,9,2,38,7,2231,2,15,TOYOTA AVENSIS,5,W01000455,0,1
2024201526376,2024,201526376,1,8,0,-1,19,1,5,-1,0,0,1,0,0,0,3,1,-1,1,1,52,8,1995,2,9,TOYOTA AVENSIS,1,E01014580,0,5
2024430319479,2024,430319479,1,9,0,17,19,2,7,0,0,0,0,0,1,4,1,1,6,6,1,44,7,2231,2,18,TOYOTA AVENSIS,-1,-1,0,-1
2024041501301,2024,041501301,3,9,0,-1,2,0,0,-1,0,1,0,4,0,0,3,1,-1,6,-1,-1,-1,1995,2,13,TOYOTA AVENSIS,-1,-1,0,-1
2024311453724,2024,311453724,2,9,0,-1,19,7,3,-1,0,0,0,0,0,0,1,9,-1,6,3,60,9,2231,2,17,TOYOTA AVENSIS,-1,-1,0,-1
2024461467401,2024,461467401,2,9,0,-1,2,8,4,-1,0,0,0,10,0,0,4,1,-1,6,1,51,8,1998,1,20,TOYOTA AVENSIS,4,E01024200,0,3
2024211536128,2024,211536128,2,8,0,-1,19,1,5,-1,0,0,0,0,1,0,1,1,-1,1,1,74,10,1998,2,14,TOYOTA AVENSIS,7,E01019726,0,3
2024340WN3692,2024,340WN3692,1,9,0,-1,19,1,5,-1,0,0,0,0,0,0,1,1,-1,6,1,86,11,1998,1,25,TOYOTA AVENSIS,2,E01027248,0,1
2024211535302,2024,211535302,1,9,0,-1,19,5,5,-1,0,5,0,10,0,0,3,1,-1,6,1,85,11,1995,2,14,TOYOTA AVENSIS,5,E01014295,0,1
2024522401553,2024,522401553,2,9,0,18,19,9,9,0,0,4,0,0,0,0,1,1,6,6,3,-1,-1,1798,1,13,TOYOTA AVENSIS,-1,-1,0,-1
2024061487629,2024,061487629,2,9,0,-1,19,-1,-1,-1,0,9,1,0,0,0,2,1,-1,6,3,-1,-1,1995,2,19,TOYOTA AVENSIS,-1,-1,0,-1
2024010528352,2024,010528352,2,9,0,18,19,5,1,0,0,0,0,0,0,0,1,2,6,6,1,45,7,1798,1,12,TOYOTA AVENSIS,8,E01002534,0,1
2024451523966,2024,451523966,1,9,0,-1,19,3,7,-1,0,0,0,0,0,0,1,1,-1,6,1,64,9,1598,2,8,TOYOTA AVENSIS,9,E01030932,0,1
2024501411337,2024,501411337,1,9,0,-1,19,4,8,-1,0,0,0,0,7,4,3,9,-1,9,1,51,8,1998,2,15,TOYOTA AVENSIS,4,E01018942,0,3
2024351427507,2024,351427507,1,9,0,-1,19,3,7,-1,0,4,0,0,0,0,1,1,-1,6,1,-1,-1,1794,1,18,TOYOTA AVENSIS,-1,-1,0,-1
2024231417048,2024,231417048,2,9,0,-1,7,6,8,-1,0,5,0,0,0,0,3,2,-1,1,1,47,8,1995,2,6,TOYOTA AVENSIS,10,E01030948,0,5
2024440469711,2024,440469711,2,9,0,18,19,6,4,0,0,6,0,0,0,0,3,1,6,6,1,-1,-1,1798,1,14,TOYOTA AVENSIS,-1,-1,0,-1
2024991420112,2024,991420112,1,9,0,-1,9,8,4,-1,0,5,0,0,0,0,0,1,-1,9,1,49,8,1998,2,16,TOYOTA AVENSIS,10,-1,0,2
2024351490897,2024,351490897,2,9,0,-1,19,-1,-1,-1,0,1,0,-1,-1,0,2,1,-1,9,2,31,6,1995,2,19,TOYOTA AVENSIS,1,E01015593,0,2
2024201425361,2024,201425361,1,8,0,-1,19,2,6,-1,0,4,0,0,0,0,3,1,-1,2,1,39,7,1794,7,16,TOYOTA AVENSIS,1,E01008884,0,1
2024141443747,2024,141443747,2,9,0,-1,5,5,1,-1,0,6,0,0,0,0,1,9,-1,6,1,-1,-1,1995,2,9,TOYOTA AVENSIS,-1,-1,0,-1
2024101533229,2024,101533229,2,8,0,-1,2,0,0,-1,0,0,0,0,0,0,1,1,-1,1,1,40,7,1598,2,6,TOYOTA AVENSIS,1,E01008836,0,1
2024451473142,2024,451473142,1,9,0,-1,19,1,3,-1,0,1,0,0,0,0,2,2,-1,6,1,75,10,1995,2,20,TOYOTA AVENSIS,4,E01030981,0,1
2024421436429,2024,421436429,2,9,0,-1,19,5,1,-1,0,0,0,0,7,0,2,1,-1,9,1,32,6,1998,2,14,TOYOTA AVENSIS,1,E01008333,0,5
2024010532057,2024,010532057,3,9,0,2,2,0,0,0,0,8,0,0,3,0,1,1,6,6,3,-1,-1,1798,1,14,TOYOTA AVENSIS,-1,-1,0,-1
2024361461181,2024,361461181,1,9,0,-1,19,6,2,-1,0,0,0,0,0,0,1,1,-1,2,1,67,10,1794,1,16,TOYOTA AVENSIS,5,E01026433,0,1
2024131410886,2024,131410886,1,8,0,-1,19,1,5,-1,0,0,0,0,0,0,2,1,-1,2,1,52,8,1798,7,13,TOYOTA AVENSIS,1,E01010701,0,1
2024622400049,2024,622400049,1,9,0,18,19,2,6,0,0,4,0,0,0,0,1,1,6,6,1,53,8,1995,2,12,TOYOTA AVENSIS,3,W01000893,0,2
2024131438855,2024,131438855,2,9,0,-1,-1,-1,-1,-1,-1,8,-1,-1,-1,-1,1,1,-1,6,3,-1,-1,1998,2,9,TOYOTA AVENSIS,-1,-1,0,-1
2024031443817,2024,031443817,4,9,0,-1,4,5,1,-1,0,0,0,0,0,0,2,1,-1,2,1,65,9,1995,2,12,TOYOTA AVENSIS,2,-1,0,5
2024361491794,2024,361491794,2,9,0,-1,19,3,7,-1,0,0,0,0,0,0,1,1,-1,9,1,54,8,1995,2,19,TOYOTA AVENSIS,1,E01026869,0,3
2024010524253,2024,010524253,1,9,0,18,19,7,3,0,0,1,0,0,0,0,4,1,6,6,1,60,9,1798,1,14,TOYOTA AVENSIS,-1,-1,0,-1
2024401465274,2024,401465274,2,9,0,-1,3,3,7,-1,0,0,0,0,0,0,0,1,-1,1,1,50,8,1998,2,16,TOYOTA AVENSIS,3,E01017453,0,1
2024991432657,2024,991432657,1,9,0,-1,19,7,3,-1,0,8,0,0,0,0,1,1,-1,2,2,54,8,1798,1,7,TOYOTA AVENSIS,8,-1,0,3
2024302401030,2024,302401030,2,9,0,17,19,6,3,0,0,0,0,0,7,10,2,1,6,6,1,81,11,2231,2,18,TOYOTA AVENSIS,10,E01019848,0,1
2024010524225,2024,010524225,1,9,0,2,2,0,0,0,0,0,0,0,0,0,0,1,6,6,3,-1,-1,1794,1,18,TOYOTA AVENSIS,-1,-1,0,-1
2024461527211,2024,461527211,1,9,0,-1,19,3,3,-1,0,8,0,0,0,0,1,1,-1,1,1,38,7,2231,2,15,TOYOTA AVENSIS,4,E01024694,0,1
2024311426341,2024,311426341,1,9,0,-1,19,2,2,-1,0,1,0,0,0,0,1,1,-1,6,1,52,8,1798,1,9,TOYOTA AVENSIS,8,E01028246,0,1
2024311488579,2024,311488579,1,9,0,-1,19,6,2,-1,0,1,0,0,0,0,1,1,-1,6,1,31,6,1794,1,18,TOYOTA AVENSIS,3,E01033409,0,1
2024332400318,2024,332400318,1,9,0,-1,19,4,8,-1,0,4,0,0,7,4,1,1,-1,9,1,47,8,1794,1,18,TOYOTA AVENSIS,3,E01025697,0,1
2024471466485,2024,471466485,2,9,0,-1,19,3,7,-1,0,0,0,0,0,0,4,2,-1,9,1,64,9,1998,1,16,TOYOTA AVENSIS,2,E01021049,0,1
2024201521118,2024,201521118,1,9,0,-1,19,8,4,-1,0,0,0,10,0,0,4,1,-1,1,1,-1,-1,1995,2,9,TOYOTA AVENSIS,3,E01010055,0,3
2024440247792,2024,440247792,4,9,0,2,2,0,0,0,0,0,0,0,0,0,2,1,6,6,3,-1,-1,1998,2,16,TOYOTA AVENSIS,-1,-1,0,-1
2024522403067,2024,522403067,1,9,0,18,19,1,5,0,0,2,0,7,0,0,1,1,6,6,1,80,11,1794,1,21,TOYOTA AVENSIS,7,E01014648,0,1
2024010536391,2024,010536391,1,9,0,99,99,9,9,99,99,9,9,99,9,99,9,9,6,6,2,47,8,1798,1,13,TOYOTA AVENSIS,9,E01003652,0,1
2024211534516,2024,211534516,1,8,0,-1,6,5,1,-1,0,1,0,0,0,0,1,1,-1,6,1,55,8,1995,2,10,TOYOTA AVENSIS,2,E01014235,0,3
2024451493663,2024,451493663,2,9,0,-1,19,1,7,-1,0,4,0,0,2,0,1,2,-1,2,1,30,6,2231,2,16,TOYOTA AVENSIS,2,E01024904,0,5
2024122500239,2024,122500239,1,8,0,1,1,7,3,0,0,1,1,0,1,4,1,1,1,1,1,32,6,1995,2,7,TOYOTA AVENSIS,2,E01027580,0,3
2024421453236,2024,421453236,1,9,0,-1,11,1,5,-1,0,0,1,0,0,0,4,2,-1,9,1,62,9,1998,2,15,TOYOTA AVENSIS,4,E01026784,0,5
2024332400889,2024,332400889,1,9,0,-1,4,5,1,-1,0,1,0,0,0,0,2,1,-1,2,2,45,7,1794,1,17,TOYOTA AVENSIS,3,E01013732,0,1
2024141419119,2024,141419119,2,9,0,-1,19,4,6,-1,0,8,0,0,0,0,4,1,-1,9,1,50,8,1995,2,12,TOYOTA AVENSIS,2,E01010740,0,4
2024052401180,2024,052401180,2,8,0,18,19,5,1,0,0,1,1,0,0,0,1,2,1,1,1,49,8,1598,2,8,TOYOTA AVENSIS,1,E01006616,0,1