collision_index,collision_year,collision_ref_no,vehicle_reference,vehicle_type,towing_and_articulation,vehicle_manoeuvre_historic,vehicle_manoeuvre,vehicle_direction_from,vehicle_direction_to,vehicle_location_restricted_lane_historic,vehicle_location_restricted_lane,junction_location,skidding_and_overturning,hit_object_in_carriageway,vehicle_leaving_carriageway,hit_object_off_carriageway,first_point_of_impact,vehicle_left_hand_drive,journey_purpose_of_driver_historic,journey_purpose_of_driver,sex_of_driver,age_of_driver,age_band_of_driver,engine_capacity_cc,propulsion_code,age_of_vehicle,generic_make_model,driver_imd_decile,lsoa_of_driver,escooter_flag,driver_distance_banding
2024451458952,2024,451458952,2,9,0,-1,19,5,1,-1,0,8,0,0,0,0,1,1,-1,1,1,58,9,1598,2,6,TOYOTA AVENSIS,5,E01031577,0,2
2024201465122,2024,201465122,3,9,0,-1,19,5,1,-1,0,1,0,0,0,0,2,1,-1,6,1,41,7,1995,2,13,TOYOTA AVENSIS,-1,-1,0,-1
2024622400167,2024,622400167,2,9,0,16,19,4,8,0,0,3,0,0,0,0,1,1,6,6,2,68,10,1798,1,12,TOYOTA AVENSIS,6,W01001754,0,1
2024201505318,2024,201505318,2,9,0,-1,19,4,8,-1,0,8,0,0,0,0,1,9,-1,1,1,30,6,1798,1,12,TOYOTA AVENSIS,1,E01009007,0,1
2024351429233,2024,351429233,1,9,0,-1,19,1,5,-1,0,0,0,0,0,0,4,1,-1,6,2,75,10,1798,1,7,TOYOTA AVENSIS,6,E01018110,0,1
2024201455309,2024,201455309,2,9,0,-1,19,5,1,-1,0,8,0,0,0,0,1,9,-1,6,2,51,8,1995,2,17,TOYOTA AVENSIS,2,E01010335,0,3
2024031497985,2024,031497985,2,9,0,-1,19,7,3,-1,0,1,0,0,0,0,1,1,-1,6,2,43,7,1798,1,14,TOYOTA AVENSIS,10,E01019368,0,1
2024501513150,2024,501513150,2,9,0,-1,4,3,7,-1,0,4,0,0,0,0,1,1,-1,9,1,55,8,1995,2,11,TOYOTA AVENSIS,6,E01019048,0,4
2024141536068,2024,141536068,2,9,0,-1,5,5,6,-1,-1,6,0,0,0,0,1,1,-1,1,1,58,9,1598,2,6,TOYOTA AVENSIS,9,E01032926,0,2
2024471455333,2024,471455333,1,3,0,-1,19,8,4,-1,0,2,0,0,0,0,1,1,-1,6,1,25,5,124,1,1,YAMAHA MT,5,E01021047,0,3
2024340WN0862,2024,340WN0862,1,3,0,-1,13,8,4,-1,0,0,0,0,0,0,1,1,-1,9,1,17,4,124,1,8,YAMAHA MT,10,E01027307,0,1
2024461450891,2024,461450891,1,5,0,-1,13,7,6,-1,0,0,0,0,0,0,1,1,-1,9,1,61,9,998,1,6,YAMAHA MT,8,E01024442,0,4
2024461425960,2024,461425960,1,3,0,-1,19,7,3,-1,0,1,0,0,0,0,4,1,-1,9,1,22,5,124,1,7,YAMAHA MT,6,E01016167,0,3
2024501534559,2024,501534559,1,3,0,-1,19,3,5,-1,0,0,5,10,2,10,3,1,-1,9,1,20,4,124,1,7,YAMAHA MT,7,E01020267,0,2
2024461485572,2024,461485572,1,3,0,-1,19,1,5,-1,0,1,0,0,0,0,1,1,-1,9,1,18,4,124,1,3,YAMAHA MT,4,E01024429,0,2
2024211490716,2024,211490716,1,4,0,-1,13,7,3,-1,0,8,2,0,0,0,3,1,-1,2,1,19,4,124,1,6,YAMAHA MT,-1,-1,0,-1
2024010503342,2024,010503342,1,5,0,99,99,9,9,99,99,9,9,99,9,99,2,1,1,1,1,33,6,890,1,2,YAMAHA MT,3,E01000641,0,1
2024371496060,2024,371496060,2,3,0,-1,19,3,7,-1,0,0,5,0,0,0,1,1,-1,9,1,17,4,124,1,1,YAMAHA MT,3,E01029978,0,1
2024041448916,2024,041448916,1,5,0,-1,19,1,5,-1,0,1,0,0,0,0,0,1,-1,6,1,25,5,847,1,11,YAMAHA MT,2,E01012711,0,1
2024010547100,2024,010547100,1,3,0,18,19,3,7,0,0,0,0,0,0,0,3,1,6,6,1,20,4,124,1,3,YAMAHA MT,5,E01004348,0,2
2024631481710,2024,631481710,1,3,0,-1,12,4,8,-1,0,0,0,0,7,10,4,1,-1,6,2,42,7,124,1,6,YAMAHA MT,5,W01000528,0,2
2024010500292,2024,010500292,1,5,0,13,13,1,5,0,0,2,1,10,7,0,2,1,6,6,1,22,5,689,1,9,YAMAHA MT,4,E01001873,0,2
2024501485610,2024,501485610,2,4,0,-1,4,5,1,-1,0,0,5,0,0,0,1,1,-1,9,1,65,9,321,1,3,YAMAHA MT,5,E01018849,0,3
2024311503679,2024,311503679,2,3,0,-1,7,3,5,-1,0,1,0,0,0,0,1,1,-1,6,1,27,6,124,1,2,YAMAHA MT,-1,-1,0,-1
2024010500671,2024,010500671,1,5,0,18,19,7,3,0,0,0,0,0,0,0,1,1,2,2,1,49,8,689,1,5,YAMAHA MT,5,E01003527,0,2
2024361400481,2024,361400481,1,5,0,-1,8,7,1,-1,0,1,0,0,0,0,2,1,-1,6,1,49,8,689,1,4,YAMAHA MT,6,E01026896,0,2
2024070898290,2024,070898290,2,5,-1,-1,19,5,1,-1,0,8,5,0,0,0,1,1,-1,6,1,36,7,689,1,8,YAMAHA MT,5,E01018319,0,1
2024421467499,2024,421467499,2,3,0,-1,19,1,3,-1,0,0,0,0,0,0,4,1,-1,9,1,18,4,124,1,8,YAMAHA MT,10,E01021586,0,3
2024010541042,2024,010541042,1,3,0,18,19,5,1,0,0,2,1,10,0,0,1,1,6,6,1,25,5,124,1,8,YAMAHA MT,4,E01000406,0,1
2024440313299,2024,440313299,1,5,0,18,19,6,2,0,0,1,0,0,0,0,1,1,2,2,1,23,5,689,1,7,YAMAHA MT,3,E01017228,0,1
2024221483258,2024,221483258,2,5,0,-1,19,4,8,-1,0,0,0,0,0,0,1,1,-1,9,1,52,8,847,1,9,YAMAHA MT,4,E01032415,0,4
202460Q149039,2024,60Q149039,1,3,0,15,15,5,1,0,0,1,0,0,0,0,1,1,6,6,1,18,4,124,1,3,YAMAHA MT,-1,-1,0,-1
2024471505550,2024,471505550,1,4,0,-1,14,6,2,-1,0,0,5,0,0,0,1,1,-1,9,1,18,4,124,1,1,YAMAHA MT,4,E01031652,0,1
2024610033124,2024,610033124,1,5,0,18,19,7,3,0,0,0,1,0,1,11,1,1,6,6,1,64,9,1700,1,18,YAMAHA MT,10,E01014759,0,4
2024622400309,2024,622400309,2,5,0,18,19,4,7,0,0,1,0,0,0,0,1,1,6,6,1,50,8,998,1,5,YAMAHA MT,10,W01001106,0,2
2024221466248,2024,221466248,2,3,0,-1,19,8,5,-1,0,0,0,0,0,0,1,1,-1,6,1,17,4,125,1,7,YAMAHA MT,6,E01014117,0,2
2024161423707,2024,161423707,1,5,0,-1,19,7,3,-1,0,1,0,0,2,11,1,1,-1,6,1,22,5,689,1,8,YAMAHA MT,1,E01012891,0,2
2024401472397,2024,401472397,1,5,0,-1,19,6,2,-1,0,2,0,4,1,0,1,1,-1,6,1,21,5,689,1,2,YAMAHA MT,9,E01017398,0,1
2024471505567,2024,471505567,2,3,0,-1,19,5,1,-1,0,0,0,0,0,0,1,1,-1,6,1,18,4,124,1,0,YAMAHA MT,4,E01020947,0,4
2024332400122,2024,332400122,1,3,0,-1,19,7,3,-1,0,1,0,0,0,0,1,1,-1,6,1,34,6,124,1,2,YAMAHA MT,1,E01013621,0,1
2024451499283,2024,451499283,1,5,0,-1,19,4,8,-1,0,0,0,0,0,0,3,1,-1,2,1,36,7,689,1,0,YAMAHA MT,6,E01002921,0,3
2024501492658,2024,501492658,4,5,0,-1,13,5,1,-1,0,1,0,0,0,0,0,1,-1,9,1,26,6,689,1,3,YAMAHA MT,4,E01019032,0,4
2024070615406,2024,070615406,1,5,0,18,19,8,6,0,0,8,5,0,0,0,4,1,6,6,2,59,9,847,1,9,YAMAHA MT,-1,-1,0,-1
2024010501681,2024,010501681,1,5,0,99,99,9,9,99,99,9,9,99,9,99,2,1,6,6,1,30,6,890,1,0,YAMAHA MT,3,E01000222,0,1
2024122400435,2024,122400435,2,5,0,18,19,3,7,0,0,1,0,0,0,0,1,1,2,2,1,55,8,689,1,9,YAMAHA MT,6,E01027809,0,1
2024041535772,2024,041535772,2,3,0,-1,19,8,4,-1,0,1,0,0,0,0,1,1,-1,9,1,18,4,124,1,6,YAMAHA MT,6,E01025607,0,1
2024070740155,2024,070740155,1,3,0,-1,4,3,7,-1,0,4,0,0,0,0,1,1,-1,6,1,22,5,124,1,10,YAMAHA MT,-1,-1,0,-1
2024211443384,2024,211443384,2,3,0,-1,19,7,3,-1,0,4,0,0,0,0,1,1,-1,6,1,19,4,124,1,7,YAMAHA MT,-1,-1,0,-1
2024531470957,2024,531470957,1,5,0,-1,19,3,7,-1,0,1,1,0,0,0,1,1,-1,9,1,42,7,1700,1,17,YAMAHA MT,2,W01001642,0,4
2024010513957,2024,010513957,2,4,0,18,19,7,3,0,0,1,0,0,0,0,1,1,6,6,1,22,5,321,1,1,YAMAHA MT,5,E01002449,0,3
2024070851084,2024,070851084,1,5,0,-1,19,8,4,-1,0,1,1,0,0,0,4,1,-1,9,1,20,4,689,1,9,YAMAHA MT,8,E01018681,0,3
2024122401098,2024,122401098,1,5,0,13,13,6,2,0,0,0,0,0,0,0,0,1,6,6,1,31,6,998,1,7,YAMAHA MT,3,E01011502,0,3
2024622400401,2024,622400401,1,5,0,13,13,6,2,0,0,0,0,0,7,0,4,1,6,6,1,25,5,689,1,2,YAMAHA MT,9,W01000710,0,4
2024471483771,2024,471483771,1,5,0,-1,19,8,4,-1,0,4,5,9,0,0,1,1,-1,9,1,25,5,689,1,0,YAMAHA MT,7,E01021010,0,2
2024991528036,2024,991528036,2,5,0,-1,19,3,6,-1,0,2,5,0,0,0,1,1,-1,9,1,23,5,689,1,8,YAMAHA MT,7,-1,0,2
2024010539574,2024,010539574,2,5,0,18,19,3,7,0,0,0,5,0,0,0,4,1,2,2,1,36,7,890,1,3,YAMAHA MT,8,E01016132,0,4
2024461556431,2024,461556431,2,5,0,-1,19,1,2,-1,0,2,0,0,0,0,1,1,-1,6,1,39,7,847,1,10,YAMAHA MT,5,E01023980,0,1
2024070762728,2024,070762728,1,3,0,-1,13,8,4,-1,0,0,0,0,0,0,3,1,-1,9,1,18,4,124,1,9,YAMAHA MT,6,E01012451,0,2
2024401402886,2024,401402886,2,3,0,-1,4,3,7,-1,0,0,0,0,0,0,4,1,-1,9,1,19,4,124,1,7,YAMAHA MT,8,E01017480,0,2
2024461531251,2024,461531251,2,3,0,-1,99,1,5,-1,0,0,0,0,0,0,0,1,-1,6,1,31,6,124,1,9,YAMAHA MT,6,E01024136,0,2
2024610034024,2024,610034024,1,5,0,18,19,5,1,0,0,8,0,0,0,0,1,1,6,6,3,-1,-1,890,1,2,YAMAHA MT,-1,-1,0,-1
2024622400477,2024,622400477,2,4,0,18,19,6,3,0,0,8,0,0,0,0,1,1,6,6,1,62,9,847,1,9,YAMAHA MT,9,W01001967,0,1
2024010507268,2024,010507268,1,5,0,9,9,5,2,0,0,6,0,0,0,0,1,1,6,6,1,23,5,689,1,6,YAMAHA MT,5,E01000943,0,1
2024122401017,2024,122401017,1,3,0,14,14,6,1,0,0,1,0,0,7,0,1,1,6,6,1,17,4,124,1,7,YAMAHA MT,7,E01013373,0,2
2024211462690,2024,211462690,1,3,0,-1,4,1,5,-1,0,1,1,0,0,0,1,1,-1,6,1,23,5,124,1,9,YAMAHA MT,4,E01029433,0,1
2024421437117,2024,421437117,2,5,0,-1,19,3,7,-1,0,0,0,0,0,0,1,1,-1,1,1,59,9,998,1,6,YAMAHA MT,-1,-1,0,-1
2024010505556,2024,010505556,1,5,0,18,19,7,3,0,0,0,0,0,0,0,1,1,2,2,1,40,7,847,1,8,YAMAHA MT,10,E01017816,0,3
2024010551630,2024,010551630,1,5,0,18,19,1,5,0,0,2,0,0,0,0,1,1,6,6,1,19,4,689,1,5,YAMAHA MT,-1,-1,0,-1
2024401435121,2024,401435121,1,3,0,-1,13,5,1,-1,0,1,0,0,0,0,1,1,-1,6,1,19,4,124,1,9,YAMAHA MT,10,E01017459,0,1
2024430368669,2024,430368669,2,3,0,18,19,2,6,0,0,1,0,0,0,0,1,1,6,6,1,20,4,124,1,5,YAMAHA MT,6,E01017698,0,1
2024010511409,2024,010511409,1,4,0,15,15,3,7,0,0,1,0,0,0,0,4,1,6,6,1,37,7,321,1,6,YAMAHA MT,8,E01000393,0,1
2024430072789,2024,430072789,1,3,0,3,3,2,6,0,0,0,0,0,0,0,2,1,2,2,1,25,5,124,1,1,YAMAHA MT,3,E01016373,0,1
2024101458193,2024,101458193,1,3,0,-1,19,7,3,-1,0,0,0,0,0,0,1,1,-1,9,1,21,5,124,1,1,YAMAHA MT,9,E01027369,0,2
2024010507050,2024,010507050,2,3,0,18,19,3,7,0,0,8,0,0,0,0,1,1,6,6,1,23,5,124,1,0,YAMAHA MT,4,E01003389,0,1
2024411549601,2024,411549601,1,5,0,-1,19,3,7,-1,0,0,2,0,0,0,2,1,-1,6,1,56,9,890,1,3,YAMAHA MT,10,E01033025,0,2
2024010503181,2024,010503181,2,5,0,18,19,2,6,0,0,1,0,0,0,0,1,1,6,6,1,32,6,847,1,6,YAMAHA MT,2,E01033702,0,1
2024141428313,2024,141428313,1,3,0,-1,19,8,4,-1,0,1,5,0,1,7,4,1,-1,6,1,16,4,124,1,9,YAMAHA MT,3,E01007488,0,2
2024010540350,2024,010540350,1,5,0,18,19,5,1,0,0,0,1,0,7,0,0,1,6,6,1,29,6,689,1,4,YAMAHA MT,4,E01004355,0,1
2024010504222,2024,010504222,2,3,9,99,99,9,9,99,99,1,9,99,9,99,1,1,1,1,1,33,6,847,1,9,YAMAHA MT,3,E01002068,0,2
2024161448194,2024,161448194,1,3,0,-1,13,2,8,-1,0,1,2,0,0,0,4,1,-1,6,1,19,4,124,1,8,YAMAHA MT,9,E01012988,0,1
2024522402565,2024,522402565,2,3,0,18,19,2,6,0,0,0,0,0,1,9,1,1,6,6,1,18,4,124,1,6,YAMAHA MT,4,E01032673,0,1
2024010499927,2024,010499927,1,3,0,99,99,9,9,99,99,9,9,99,9,99,1,1,1,1,1,41,7,689,1,6,YAMAHA MT,10,E01024469,0,4
2024141470253,2024,141470253,1,5,0,-1,13,3,7,-1,0,0,2,0,0,0,3,1,-1,9,1,25,5,689,1,9,YAMAHA MT,2,E01028026,0,2
2024010539963,2024,010539963,3,5,0,18,19,5,1,0,0,8,2,0,1,1,1,1,6,6,1,22,5,689,1,9,YAMAHA MT,-1,-1,0,-1
2024302401456,2024,302401456,2,5,0,9,9,4,1,0,0,8,0,0,0,0,3,1,6,6,1,46,8,998,1,6,YAMAHA MT,1,E01007783,0,4
2024010518161,2024,010518161,1,5,0,18,19,5,1,0,0,8,0,0,0,0,1,1,6,6,1,22,5,689,1,7,YAMAHA MT,2,E01003190,0,1
2024610020824,2024,610020824,2,3,0,3,3,5,1,0,0,4,0,0,0,0,2,1,6,6,1,29,6,124,1,6,YAMAHA MT,3,W01001402,0,1
2024552401312,2024,552401312,1,5,0,17,19,6,3,0,0,8,1,10,0,0,0,1,6,6,1,20,4,689,1,4,YAMAHA MT,8,E01015378,0,1
2024421451348,2024,421451348,1,3,0,-1,13,5,1,-1,0,0,0,0,0,0,1,1,-1,9,2,19,4,124,1,1,YAMAHA MT,7,E01002373,0,2
2024552401311,2024,552401311,1,4,0,7,7,1,4,0,0,3,1,9,0,0,1,1,6,6,1,20,4,321,1,2,YAMAHA MT,7,E01015448,0,2
2024010547714,2024,010547714,1,5,0,99,99,9,9,99,99,9,9,99,9,99,0,1,2,2,1,28,6,890,1,3,YAMAHA MT,3,E01003545,0,1
2024361407215,2024,361407215,1,5,0,-1,19,6,2,-1,0,8,1,0,0,0,4,1,-1,9,1,24,5,689,1,6,YAMAHA MT,7,E01026536,0,2
2024070488627,2024,070488627,2,4,0,18,19,4,8,0,0,0,0,0,0,0,2,1,6,6,1,19,4,124,1,5,YAMAHA MT,8,E01018424,0,2
2024471499717,2024,471499717,2,3,0,-1,19,5,1,-1,0,1,0,0,0,0,4,1,-1,9,1,18,4,124,1,1,YAMAHA MT,3,E01031366,0,2
2024451414772,2024,451414772,1,3,0,-1,19,4,8,-1,0,0,0,11,7,6,1,1,-1,2,1,19,4,124,1,1,YAMAHA MT,2,E01016397,0,4
2024332400920,2024,332400920,1,3,0,-1,19,7,3,-1,0,8,0,0,0,0,1,1,-1,9,1,21,5,124,1,6,YAMAHA MT,8,E01025621,0,3
2024211433692,2024,211433692,2,3,0,-1,4,7,3,-1,0,8,0,0,0,0,1,1,-1,2,1,23,5,124,1,9,YAMAHA MT,6,E01014363,0,1
2024471487709,2024,471487709,2,3,0,-1,19,5,1,-1,0,1,1,0,0,0,1,1,-1,6,1,-1,-1,124,1,0,YAMAHA MT,9,E01031353,0,1
2024010508519,2024,010508519,1,5,0,99,99,9,9,99,99,0,9,99,9,99,9,1,2,2,1,41,7,689,1,6,YAMAHA MT,8,E01000236,0,1
2024211483151,2024,211483151,1,5,0,-1,19,5,1,-1,0,1,0,0,0,0,1,1,-1,9,1,24,5,689,1,8,YAMAHA MT,-1,-1,0,-1
2024302400901,2024,302400901,2,5,0,13,13,2,6,0,0,1,0,0,0,0,4,1,6,6,1,29,6,847,1,10,YAMAHA MT,3,E01019569,0,1
2024451466266,2024,451466266,1,3,0,-1,19,1,5,-1,0,0,1,12,1,0,1,1,-1,9,2,46,8,124,1,0,YAMAHA MT,7,E01035328,0,2
2024440457604,2024,440457604,1,4,0,13,13,5,1,0,0,1,0,0,7,0,1,1,6,6,1,28,6,321,1,5,YAMAHA MT,2,E01017238,0,1
2024311523073,2024,311523073,1,5,0,-1,19,4,8,-1,0,8,0,0,0,0,1,1,-1,2,1,28,6,689,1,9,YAMAHA MT,2,E01013814,0,1
2024061512853,2024,061512853,1,3,0,-1,5,3,5,-1,0,2,0,0,0,0,4,1,-1,6,1,21,5,124,1,3,YAMAHA MT,1,E01004787,0,1
2024052400680,2024,052400680,2,5,0,18,19,5,1,0,0,1,1,0,0,0,1,1,2,2,1,20,4,689,1,5,YAMAHA MT,1,E01006950,0,1
2024461428819,2024,461428819,1,5,0,-1,19,1,5,-1,0,0,0,0,0,0,1,1,-1,6,1,17,4,890,1,2,YAMAHA MT,1,E01016161,0,1
2024052400509,2024,052400509,1,3,0,18,19,2,6,0,0,0,0,0,0,0,1,1,6,6,1,34,6,124,1,4,YAMAHA MT,8,E01006622,0,2
2024451507693,2024,451507693,2,5,0,-1,19,5,1,-1,0,0,0,0,0,0,1,1,-1,9,1,19,4,689,1,3,YAMAHA MT,9,E01030568,0,1
2024311490589,2024,311490589,1,5,0,-1,19,7,3,-1,0,0,0,0,0,0,1,1,-1,6,1,21,5,689,1,7,YAMAHA MT,-1,-1,0,-1
2024401465366,2024,401465366,1,3,0,-1,9,5,1,-1,0,0,0,0,1,2,1,1,-1,6,1,18,4,124,1,9,YAMAHA MT,9,E01017450,0,2
2024161484825,2024,161484825,2,5,0,-1,12,4,8,-1,0,0,5,0,0,0,3,1,-1,6,1,21,5,847,1,10,YAMAHA MT,5,E01013285,0,2
2024010543153,2024,010543153,2,5,0,18,19,7,3,0,0,1,0,0,0,0,3,1,2,2,1,61,9,998,1,1,YAMAHA MT,3,E01033933,0,2
2024122401043,2024,122401043,2,3,0,14,14,7,3,0,0,8,0,0,0,0,1,1,6,6,1,32,6,124,1,4,YAMAHA MT,9,E01013357,0,2
2024411470661,2024,411470661,2,3,-1,-1,19,1,5,-1,0,8,0,0,0,0,1,1,-1,2,1,42,7,689,1,0,YAMAHA MT,4,E01002101,0,3
2024451472656,2024,451472656,1,5,0,-1,19,1,5,-1,0,0,5,0,1,1,4,1,-1,9,1,28,6,847,1,6,YAMAHA MT,8,E01022864,0,3
2024471430953,2024,471430953,1,3,0,-1,19,4,8,-1,9,0,0,0,0,0,1,1,-1,9,1,18,4,124,1,5,YAMAHA MT,7,E01016961,0,1
2024430215154,2024,430215154,1,3,0,18,19,7,3,0,0,1,0,0,0,0,0,1,6,6,2,17,4,124,1,1,YAMAHA MT,8,E01034448,0,1
2024211480713,2024,211480713,2,5,0,-1,19,3,7,-1,0,0,0,0,0,0,2,1,-1,6,1,49,8,689,1,2,YAMAHA MT,1,E01014367,0,2
2024440528855,2024,440528855,1,5,0,18,19,3,7,0,0,0,1,0,0,0,0,1,1,1,1,39,7,890,1,2,YAMAHA MT,10,E01022608,0,3
2024991444880,2024,991444880,1,5,0,-1,7,2,5,-1,0,0,2,0,7,0,1,1,-1,9,1,25,5,847,1,4,YAMAHA MT,8,E01027549,0,4
2024501494376,2024,501494376,1,3,0,-1,19,3,7,-1,0,0,0,4,0,0,1,1,-1,9,1,17,4,124,1,0,YAMAHA MT,3,E01015161,0,1
2024131467961,2024,131467961,2,3,0,-1,19,7,3,-1,0,8,0,0,0,0,1,1,-1,2,1,57,9,124,1,6,YAMAHA MT,7,E01011145,0,1
2024010509717,2024,010509717,1,3,0,5,5,7,3,0,0,1,0,0,0,0,1,1,2,2,1,25,5,124,1,7,YAMAHA MT,-1,-1,0,-1
2024461481218,2024,461481218,1,5,0,-1,19,6,2,-1,0,0,0,0,0,0,1,1,-1,9,1,32,6,998,1,8,YAMAHA MT,1,E01016069,0,1
2024501485622,2024,501485622,1,5,0,-1,19,6,1,-1,0,0,1,0,1,7,1,1,-1,9,1,19,4,689,1,2,YAMAHA MT,8,E01015090,0,2
2024461397837,2024,461397837,1,3,0,-1,19,1,3,-1,9,8,0,0,2,0,1,1,-1,9,1,27,6,321,1,3,YAMAHA MT,6,E01024250,0,1
2024371516158,2024,371516158,2,3,0,-1,19,3,7,-1,0,0,5,0,0,0,1,1,-1,9,1,18,4,125,1,7,YAMAHA MT,5,E01030189,0,4
2024010549526,2024,010549526,1,5,0,15,15,3,7,0,0,1,0,0,1,0,1,1,6,6,1,24,5,847,1,4,YAMAHA MT,3,E01002185,0,1
2024332400247,2024,332400247,1,5,0,-1,19,5,1,-1,0,2,0,0,1,2,1,1,-1,9,1,39,7,998,1,5,YAMAHA MT,10,E01025695,0,1
2024010518163,2024,010518163,1,5,0,99,99,9,9,99,99,9,9,99,9,99,9,1,6,6,1,23,5,689,1,9,YAMAHA MT,2,E01003128,0,3
2024010515860,2024,010515860,1,4,0,14,14,8,4,0,0,1,0,0,0,0,3,1,6,6,1,24,5,689,1,9,YAMAHA MT,9,E01024450,0,3
2024340NN2012,2024,340NN2012,1,4,0,-1,12,1,5,-1,0,0,2,0,0,6,3,1,-1,9,1,18,4,124,1,9,YAMAHA MT,3,E01027035,0,1
2024421514899,2024,421514899,2,3,0,-1,4,6,2,-1,0,0,0,0,0,0,2,1,-1,9,1,37,7,124,1,1,YAMAHA MT,6,E01004353,0,2
2024010538523,2024,010538523,1,2,0,99,99,9,9,99,99,9,9,99,9,99,1,1,1,1,3,23,5,847,1,4,YAMAHA MT,8,E01000204,0,3
2024311509456,2024,311509456,2,4,0,-1,13,1,5,-1,0,1,0,0,7,11,1,1,-1,6,3,23,5,124,1,8,YAMAHA MT,7,E01028285,0,2
2024440098824,2024,440098824,1,2,0,18,19,7,3,0,0,0,1,0,0,0,4,1,6,6,1,14,3,124,1,10,YAMAHA MT,1,E01017112,0,2
2024340NN4142,2024,340NN4142,2,3,0,-1,19,3,7,-1,9,8,2,0,7,11,1,1,-1,9,1,24,5,125,1,7,YAMAHA MT,3,E01027319,0,1
2024122400381,2024,122400381,2,3,0,18,19,1,5,0,0,1,0,0,0,0,1,1,6,6,2,18,4,124,1,5,YAMAHA MT,6,E01027703,0,3
2024070930279,2024,070930279,1,3,0,-1,19,3,7,-1,0,0,1,0,0,0,3,1,-1,6,1,19,4,124,1,2,YAMAHA MT,2,E01018478,0,1
2024552400979,2024,552400979,1,5,0,16,19,8,2,0,0,0,0,0,0,0,1,1,6,6,1,68,10,890,1,0,YAMAHA MT,5,E01023192,0,4
2024461477612,2024,461477612,1,5,0,-1,13,3,7,-1,0,2,0,10,0,0,3,1,-1,9,1,73,10,998,1,5,YAMAHA MT,4,E01024673,0,4
2024010494263,2024,010494263,1,4,0,18,19,3,7,0,0,2,0,0,0,0,4,1,6,6,1,23,5,689,1,5,YAMAHA MT,9,E01028822,0,5
2024211522055,2024,211522055,1,5,0,-1,19,3,7,-1,0,0,0,4,0,0,1,1,-1,2,1,24,5,689,1,0,YAMAHA MT,5,E01029627,0,2
2024010545906,2024,010545906,2,5,0,18,19,4,8,0,0,8,1,0,0,0,1,1,2,2,1,56,9,689,1,6,YAMAHA MT,6,E01001059,0,2
2024010528271,2024,010528271,1,3,0,18,19,1,5,0,0,1,0,0,0,0,1,1,1,1,1,23,5,124,1,9,YAMAHA MT,4,E01003257,0,1
2024361430672,2024,361430672,1,5,0,-1,13,5,1,-1,0,1,0,0,0,0,3,1,-1,2,1,20,4,689,1,9,YAMAHA MT,4,E01026628,0,2
2024991485934,2024,991485934,1,5,0,-1,15,5,1,-1,0,0,2,0,0,0,3,1,-1,9,1,40,7,847,1,6,YAMAHA MT,10,-1,0,4
2024430218532,2024,430218532,1,5,0,18,19,1,5,0,0,1,1,0,0,0,1,1,6,6,1,47,8,998,1,8,YAMAHA MT,8,E01016344,0,1
2024471532049,2024,471532049,1,3,0,-1,19,7,3,-1,0,8,5,0,0,0,1,1,-1,6,1,17,4,124,1,8,YAMAHA MT,2,E01016906,0,1
2024141405881,2024,141405881,1,5,0,-1,19,3,2,-1,0,2,0,0,0,0,3,1,-1,9,1,41,7,847,1,11,YAMAHA MT,9,E01007601,0,1
2024552400770,2024,552400770,1,4,0,18,19,8,4,0,0,0,0,0,0,0,0,1,6,6,1,17,4,124,1,9,YAMAHA MT,9,E01015431,0,1
2024430399022,2024,430399022,1,3,0,13,13,7,3,0,0,8,2,0,0,0,0,1,6,6,1,29,6,124,1,9,YAMAHA MT,-1,-1,0,-1
2024332400302,2024,332400302,2,3,0,-1,19,5,1,-1,0,8,0,0,0,0,1,1,-1,6,1,17,4,124,1,9,YAMAHA MT,7,E01025939,0,2
2024211514893,2024,211514893,2,5,0,-1,19,3,7,-1,0,1,2,0,0,0,1,1,-1,6,1,31,6,847,1,10,YAMAHA MT,-1,-1,0,-1
2024231482526,2024,231482526,1,5,0,-1,19,7,2,-1,0,0,0,0,0,0,1,1,-1,9,1,38,7,689,1,9,YAMAHA MT,6,E01031107,0,1
2024440243967,2024,440243967,1,5,0,18,19,2,6,0,0,2,0,0,0,0,4,1,6,6,2,22,5,689,1,9,YAMAHA MT,9,E01022754,0,3
2024010502315,2024,010502315,1,3,0,-1,-1,7,3,0,0,1,5,11,0,0,1,1,6,6,1,17,4,124,1,9,YAMAHA MT,7,E01001231,0,1
2024520001444,2024,520001444,2,3,0,16,19,-1,-1,0,0,0,0,0,0,0,1,1,6,6,1,35,6,847,1,10,YAMAHA MT,6,E01032114,0,3
2024421430994,2024,421430994,2,3,0,-1,4,7,2,-1,0,1,0,0,0,0,3,1,-1,9,1,51,8,689,1,1,YAMAHA MT,7,E01021660,0,2
2024471529391,2024,471529391,2,3,0,-1,19,2,7,-1,0,1,0,0,0,0,1,1,-1,9,1,25,5,689,1,1,YAMAHA MT,9,E01031623,0,3
2024010531658,2024,010531658,1,3,0,5,5,1,5,0,0,1,0,0,0,0,1,1,6,6,2,26,6,124,1,3,YAMAHA MT,-1,-1,0,-1
2024411503517,2024,411503517,2,5,0,-1,13,3,7,-1,0,1,1,0,0,0,1,1,-1,1,1,31,6,847,1,10,YAMAHA MT,4,E01021808,0,1
2024471464358,2024,471464358,1,3,0,-1,19,7,3,-1,0,0,0,0,0,0,1,1,-1,9,1,19,4,124,1,7,YAMAHA MT,3,E01020974,0,2