collision_index,collision_year,collision_ref_no,vehicle_reference,vehicle_type,towing_and_articulation,vehicle_manoeuvre_historic,vehicle_manoeuvre,vehicle_direction_from,vehicle_direction_to,vehicle_location_restricted_lane_historic,vehicle_location_restricted_lane,junction_location,skidding_and_overturning,hit_object_in_carriageway,vehicle_leaving_carriageway,hit_object_off_carriageway,first_point_of_impact,vehicle_left_hand_drive,journey_purpose_of_driver_historic,journey_purpose_of_driver,sex_of_driver,age_of_driver,age_band_of_driver,engine_capacity_cc,propulsion_code,age_of_vehicle,generic_make_model,driver_imd_decile,lsoa_of_driver,escooter_flag,driver_distance_banding
2024071048388,2024,071048388,2,4,0,-1,19,1,5,-1,0,1,0,0,0,0,1,1,-1,9,1,23,5,689,1,2,YAMAHA MT,1,E01012408,0,1
2024552400312,2024,552400312,1,5,0,18,19,3,7,0,0,0,0,12,0,0,1,1,2,2,2,36,7,689,1,5,YAMAHA MT,8,E01014373,0,4
2024010505166,2024,010505166,1,5,0,13,13,2,6,0,0,0,0,0,0,0,1,1,2,2,1,28,6,689,1,0,YAMAHA MT,7,E01030848,0,2
2024010505265,2024,010505265,2,5,0,18,19,3,7,0,0,1,0,0,0,0,1,1,2,2,1,32,6,847,1,8,YAMAHA MT,2,E01001477,0,1
2024351448805,2024,351448805,1,3,0,-1,19,7,3,-1,0,0,0,4,0,0,4,1,-1,9,1,19,4,124,1,1,YAMAHA MT,6,E01017962,0,1
2024010542149,2024,010542149,1,3,0,14,14,7,3,0,0,1,0,0,0,0,4,1,6,6,1,18,4,124,1,3,YAMAHA MT,5,E01002307,0,1
2024010515777,2024,010515777,2,5,0,15,15,3,7,2,2,1,0,0,3,0,3,1,6,6,1,21,5,689,1,6,YAMAHA MT,-1,-1,0,-1
2024522402739,2024,522402739,2,3,0,18,19,5,1,2,2,8,0,0,0,0,1,1,6,6,1,19,4,124,1,1,YAMAHA MT,1,E01014726,0,1
2024991429276,2024,991429276,1,5,0,-1,13,5,1,-1,0,0,5,0,1,0,1,1,-1,9,2,41,7,890,1,1,YAMAHA MT,6,-1,0,2
2024471396776,2024,471396776,1,3,0,-1,9,1,5,-1,0,6,1,0,0,0,3,1,-1,6,1,25,5,124,1,1,YAMAHA MT,6,E01035327,0,1
2024501508634,2024,501508634,2,4,0,-1,19,7,3,-1,0,3,0,0,0,0,1,1,-1,6,1,39,7,689,1,9,YAMAHA MT,2,E01015181,0,1
2024122400537,2024,122400537,1,5,0,16,19,8,4,0,0,0,0,0,1,0,1,1,6,6,1,43,7,998,1,6,YAMAHA MT,1,E01011953,0,4
2024211475810,2024,211475810,1,5,0,-1,13,8,4,-1,0,0,0,0,0,0,1,1,-1,6,1,-1,-1,890,1,2,YAMAHA MT,-1,-1,0,-1
2024052402063,2024,052402063,2,5,0,18,19,1,5,0,0,8,0,0,0,0,4,1,2,2,1,55,8,998,1,8,YAMAHA MT,5,E01006930,0,3
2024302400778,2024,302400778,2,5,0,18,19,6,1,0,0,8,1,0,0,0,1,1,6,6,1,20,4,689,1,4,YAMAHA MT,3,E01019690,0,3
2024520401781,2024,520401781,2,3,0,18,19,2,6,0,0,8,0,0,1,10,1,1,6,6,1,19,4,124,1,8,YAMAHA MT,5,E01020057,0,3
2024471423387,2024,471423387,2,5,0,-1,19,5,1,-1,0,0,0,1,0,0,1,1,-1,9,1,19,4,689,1,0,YAMAHA MT,4,E01031569,0,2
2024361422171,2024,361422171,2,5,0,-1,19,2,6,-1,0,8,0,0,0,0,1,1,-1,6,1,35,6,847,1,7,YAMAHA MT,4,E01034774,0,2
2024451519949,2024,451519949,1,5,0,-1,19,1,1,-1,0,1,1,0,0,0,1,1,-1,6,1,60,9,847,1,10,YAMAHA MT,6,E01002602,0,1
2024010505015,2024,010505015,1,5,0,99,99,9,9,99,99,0,9,99,9,99,9,1,6,6,1,39,7,847,1,5,YAMAHA MT,8,E01001062,0,3
2024421479422,2024,421479422,2,3,0,-1,19,3,7,-1,0,1,0,0,0,0,1,1,-1,6,2,17,4,124,1,0,YAMAHA MT,5,E01015918,0,1
2024451476800,2024,451476800,1,3,0,-1,7,1,3,-1,0,5,2,0,0,0,0,1,-1,6,1,18,4,124,1,2,YAMAHA MT,6,E01030721,0,1
2024302400550,2024,302400550,1,5,0,18,19,4,8,0,0,1,0,0,4,6,1,1,6,6,1,35,6,998,1,8,YAMAHA MT,3,E01013828,0,4
2024991452162,2024,991452162,2,5,0,-1,19,3,7,-1,0,0,0,0,0,0,3,1,-1,9,1,27,6,689,1,8,YAMAHA MT,10,-1,0,4
2024161463279,2024,161463279,2,23,0,-1,19,5,1,-1,0,0,0,0,7,0,1,1,-1,2,1,33,6,124,1,0,YAMAHA MT,1,E01035468,0,1
2024161481287,2024,161481287,1,3,0,-1,4,1,5,-1,0,4,0,0,0,0,1,1,-1,6,1,22,5,689,1,2,YAMAHA MT,2,E01035482,0,1
2024161445340,2024,161445340,2,3,0,-1,19,2,6,-1,0,4,0,0,0,0,1,1,-1,6,1,22,5,124,1,1,YAMAHA MT,1,E01013278,0,4
2024131472597,2024,131472597,2,5,0,-1,13,1,8,-1,0,1,0,0,0,0,1,1,-1,6,1,69,10,847,1,6,YAMAHA MT,5,E01005521,0,4
2024610008324,2024,610008324,2,3,0,18,19,2,6,0,0,8,0,0,0,0,1,1,6,6,1,26,6,124,1,5,YAMAHA MT,1,W01001617,0,1
2024101436374,2024,101436374,1,5,0,-1,19,2,6,-1,0,0,2,10,1,11,1,1,-1,6,1,37,7,847,1,8,YAMAHA MT,1,E01008746,0,1
202460Q047691,2024,60Q047691,1,5,0,16,19,4,8,0,0,0,0,0,7,0,1,1,6,6,1,66,10,998,1,7,YAMAHA MT,-1,-1,0,-1
2024211526138,2024,211526138,1,5,0,-1,19,2,6,-1,0,1,0,0,0,0,1,1,-1,9,1,43,7,998,1,5,YAMAHA MT,1,E01010291,0,3
2024010501203,2024,010501203,1,5,0,4,4,1,5,0,0,0,0,0,0,0,0,1,6,6,1,21,5,689,1,6,YAMAHA MT,3,E01000016,0,1
2024010542198,2024,010542198,1,3,0,14,14,3,7,0,0,2,2,0,0,0,1,1,6,6,1,29,6,124,1,2,YAMAHA MT,7,E01030972,0,4
2024440332376,2024,440332376,1,5,0,18,19,6,2,0,0,0,1,0,0,0,1,1,6,6,2,58,9,998,1,1,YAMAHA MT,10,E01022714,0,3
202454C112024,2024,54C112024,2,3,0,18,19,2,6,0,0,0,0,0,0,0,2,1,2,2,1,16,4,124,1,0,YAMAHA MT,6,E01032119,0,2
2024430453737,2024,430453737,1,5,0,16,19,5,8,0,0,0,1,0,1,0,1,1,1,1,1,18,4,689,1,10,YAMAHA MT,6,E01028795,0,1
2024141411650,2024,141411650,1,3,0,-1,9,5,1,-1,0,8,5,0,0,0,4,1,-1,9,1,22,5,124,1,1,YAMAHA MT,5,E01007838,0,2
2024520500018,2024,520500018,1,4,0,16,19,6,8,0,0,2,0,0,0,0,4,1,6,6,1,26,6,124,1,8,YAMAHA MT,3,E01032635,0,3
2024161444622,2024,161444622,1,5,0,-1,19,3,7,-1,0,5,0,4,0,0,1,1,-1,6,-1,-1,-1,847,1,5,YAMAHA MT,-1,-1,0,-1
2024361473485,2024,361473485,1,5,0,-1,19,6,2,-1,0,1,1,0,0,0,4,1,-1,9,1,23,5,689,1,7,YAMAHA MT,1,E01026800,0,1
2024221408110,2024,221408110,1,3,0,-1,19,2,6,-1,0,0,1,10,1,10,1,1,-1,6,1,23,5,124,1,8,YAMAHA MT,3,E01027185,0,5
2024332400635,2024,332400635,1,5,0,-1,9,4,2,-1,0,8,0,0,0,0,3,1,-1,9,1,33,6,689,1,7,YAMAHA MT,7,E01025939,0,3
2024461509818,2024,461509818,2,3,0,-1,19,7,3,-1,0,0,0,0,0,0,1,1,-1,2,1,25,5,124,1,0,YAMAHA MT,4,E01021498,0,4
2024070825179,2024,070825179,1,3,0,-1,19,5,1,-1,0,0,0,10,0,10,3,1,-1,2,2,22,5,124,1,8,YAMAHA MT,-1,-1,0,-1
2024361440172,2024,361440172,2,5,0,-1,19,1,5,-1,0,8,0,0,0,0,4,1,-1,9,1,32,6,890,1,2,YAMAHA MT,6,E01018042,0,2
2024451441539,2024,451441539,1,5,0,-1,15,5,1,-1,0,0,0,0,7,9,1,1,-1,9,1,40,7,847,1,7,YAMAHA MT,10,E01024150,0,4
2024451471665,2024,451471665,1,3,0,-1,19,3,7,-1,0,1,1,0,0,0,1,1,-1,1,1,21,5,124,1,1,YAMAHA MT,9,E01030911,0,1
2024411409704,2024,411409704,2,4,0,-1,19,1,5,-1,0,0,0,0,0,0,1,1,-1,2,1,57,9,689,1,10,YAMAHA MT,9,E01023706,0,2
2024061462869,2024,061462869,2,3,0,-1,19,7,3,-1,0,0,0,0,1,0,1,1,-1,9,1,18,4,124,1,4,YAMAHA MT,7,E01006059,0,2
2024501475904,2024,501475904,1,4,0,-1,9,5,1,-1,0,1,0,0,0,0,2,1,-1,6,1,33,6,124,1,3,YAMAHA MT,2,E01019990,0,3
2024101434074,2024,101434074,1,5,0,-1,19,5,1,-1,4,0,0,0,7,0,1,1,-1,9,1,34,6,890,1,3,YAMAHA MT,-1,-1,0,-1
2024401526227,2024,401526227,1,4,0,-1,13,1,5,-1,0,8,0,0,0,0,1,1,-1,6,1,17,4,124,1,0,YAMAHA MT,9,E01017582,0,4
2024411428486,2024,411428486,1,5,0,-1,19,5,1,-1,0,0,0,0,1,0,1,1,-1,6,1,23,5,689,1,3,YAMAHA MT,9,E01023946,0,1
2024421472905,2024,421472905,2,5,0,-1,19,7,3,-1,0,0,0,0,0,0,1,1,-1,6,1,40,7,847,1,7,YAMAHA MT,4,E01015933,0,3
2024541864424,2024,541864424,2,5,0,4,4,7,3,0,0,4,0,0,0,0,2,1,6,6,1,19,4,689,1,2,YAMAHA MT,2,E01014390,0,4
2024991467737,2024,991467737,1,5,0,-1,19,3,6,-1,0,2,0,0,0,0,1,1,-1,9,1,52,8,847,1,8,YAMAHA MT,8,-1,0,5
2024430450753,2024,430450753,1,5,0,18,19,5,1,0,0,0,0,0,0,0,1,1,6,6,1,-1,-1,689,1,9,YAMAHA MT,-1,-1,0,-1
2024451432291,2024,451432291,3,4,0,-1,19,1,5,-1,0,0,0,0,0,0,3,1,-1,9,1,19,4,321,1,5,YAMAHA MT,10,E01030394,0,2
2024440343994,2024,440343994,1,5,0,18,19,4,2,0,0,1,1,0,1,1,4,1,6,6,1,24,5,689,1,9,YAMAHA MT,5,E01017310,0,2
2024471486530,2024,471486530,2,5,0,-1,14,3,7,-1,0,0,0,0,1,0,1,1,-1,6,1,30,6,890,1,2,YAMAHA MT,7,E01021025,0,3
2024552400032,2024,552400032,1,3,0,4,4,4,8,0,0,0,1,0,0,0,0,1,6,6,1,23,5,124,1,1,YAMAHA MT,5,E01020454,0,1
2024101481072,2024,101481072,3,4,0,-1,19,3,7,-1,0,2,0,0,0,0,0,1,-1,9,1,53,8,890,1,3,YAMAHA MT,-1,-1,0,-1
2024010534058,2024,010534058,2,3,0,15,15,4,8,0,0,1,5,4,0,0,1,1,2,2,1,25,5,125,1,7,YAMAHA MT,5,E01002236,0,4
2024320217910,2024,320217910,2,5,0,8,8,6,2,0,0,8,5,0,0,0,3,1,6,6,1,42,7,998,1,8,YAMAHA MT,5,E01028291,0,3
2024311543127,2024,311543127,1,3,0,-1,4,6,2,-1,0,6,1,0,0,0,0,1,-1,6,1,28,6,124,1,10,YAMAHA MT,-1,-1,0,-1
2024451430877,2024,451430877,2,5,0,-1,14,7,3,-1,0,0,0,0,0,0,4,1,-1,9,1,59,9,998,1,7,YAMAHA MT,4,E01030824,0,1
2024122400929,2024,122400929,2,3,0,18,19,7,3,0,0,4,0,0,0,0,4,1,6,6,1,40,7,125,1,6,YAMAHA MT,3,E01013447,0,1
2024451467577,2024,451467577,1,5,0,-1,3,7,3,-1,0,0,0,0,0,0,1,1,-1,6,2,61,9,689,1,0,YAMAHA MT,5,E01030677,0,2
2024552400546,2024,552400546,1,4,0,18,19,5,1,0,0,0,0,0,1,4,0,1,6,6,1,19,4,689,1,3,YAMAHA MT,6,E01020440,0,2
2024991452936,2024,991452936,1,3,0,-1,6,6,2,-1,0,0,0,0,0,0,2,1,-1,6,1,45,7,124,1,7,YAMAHA MT,-1,-1,0,-1
2024461479398,2024,461479398,1,5,0,-1,19,3,7,-1,0,0,0,0,0,0,1,1,-1,6,1,21,5,689,1,10,YAMAHA MT,10,E01024644,0,1
2024991480558,2024,991480558,1,3,0,-1,19,5,1,-1,9,0,1,0,1,0,4,1,-1,9,1,37,7,124,1,1,YAMAHA MT,1,-1,0,4
2024010525730,2024,010525730,2,3,0,18,19,3,7,0,0,1,2,0,1,0,1,1,6,6,1,31,6,124,1,9,YAMAHA MT,3,E01000441,0,3
2024010520318,2024,010520318,2,3,0,18,19,1,5,0,0,8,5,0,0,0,1,1,6,6,2,26,6,124,1,1,YAMAHA MT,5,E01002885,0,3
2024320469397,2024,320469397,2,3,0,-1,-1,5,1,0,0,8,5,0,0,0,4,1,6,6,1,78,11,689,1,0,YAMAHA MT,1,E01026094,0,1
2024031447303,2024,031447303,1,5,0,-1,19,5,1,-1,0,0,0,0,1,0,3,1,-1,9,2,54,8,689,1,5,YAMAHA MT,6,-1,0,5
2024041470186,2024,041470186,2,5,0,-1,13,5,1,-1,0,0,5,0,7,0,1,1,-1,9,1,25,5,847,1,11,YAMAHA MT,2,E01012711,0,1
2024332400177,2024,332400177,1,5,0,-1,19,4,1,-1,0,0,0,0,0,0,4,1,-1,6,1,23,5,689,1,6,YAMAHA MT,1,E01013688,0,3
2024531480561,2024,531480561,2,5,0,-1,19,3,7,-1,0,0,1,0,1,0,1,1,-1,9,1,76,11,689,1,4,YAMAHA MT,9,E01022466,0,1
2024041470492,2024,041470492,1,3,0,-1,19,1,5,-1,0,0,1,0,1,0,0,1,-1,9,1,21,5,124,1,5,YAMAHA MT,8,E01005000,0,3
2024371510728,2024,371510728,1,3,0,-1,19,3,7,-1,0,0,1,0,0,0,1,1,-1,6,1,26,6,124,1,6,YAMAHA MT,4,E01026474,0,2
2024340NN3502,2024,340NN3502,1,4,0,-1,19,5,1,-1,0,0,0,0,0,0,0,1,-1,9,1,35,6,689,1,4,YAMAHA MT,2,E01035431,0,1
2024351506527,2024,351506527,2,3,0,-1,3,3,7,-1,0,2,0,0,0,0,2,1,-1,6,1,20,4,124,1,3,YAMAHA MT,7,E01035526,0,1
2024211504769,2024,211504769,2,5,0,-1,19,5,1,-1,0,1,0,0,0,0,1,1,-1,6,1,28,6,847,1,10,YAMAHA MT,1,E01014212,0,1
2024201558844,2024,201558844,2,2,0,-1,5,7,4,-1,0,0,0,0,0,0,1,1,-1,9,1,17,4,124,1,5,YAMAHA MT,2,E01009960,0,1
2024421477815,2024,421477815,2,5,0,-1,7,5,7,-1,0,4,0,0,0,0,4,1,-1,6,1,30,6,998,1,4,YAMAHA MT,2,E01021703,0,3
2024340NN4552,2024,340NN4552,1,5,0,-1,19,7,3,-1,0,0,0,0,0,1,1,1,-1,6,1,19,4,689,1,0,YAMAHA MT,10,E01025794,0,2
2024010515123,2024,010515123,1,5,0,18,19,1,5,2,2,2,0,0,0,0,1,1,6,6,1,37,7,890,1,1,YAMAHA MT,2,E01002720,0,2
2024440111873,2024,440111873,1,3,0,13,13,8,4,0,0,1,0,0,0,0,1,1,2,2,1,27,6,124,1,9,YAMAHA MT,7,E01017247,0,1
2024440397660,2024,440397660,1,3,0,7,7,7,3,0,0,1,0,0,0,0,1,1,6,6,1,37,7,124,1,8,YAMAHA MT,2,E01033237,0,1
2024461497397,2024,461497397,1,5,0,-1,19,3,5,-1,0,0,2,0,7,9,1,1,-1,9,1,46,8,998,1,1,YAMAHA MT,8,E01032825,0,4
2024302400557,2024,302400557,1,3,0,17,19,2,7,0,0,2,1,0,1,3,3,1,6,6,1,21,5,124,1,3,YAMAHA MT,8,E01034254,0,1
2024531450809,2024,531450809,1,4,0,-1,19,1,5,-1,0,0,0,0,0,0,2,1,-1,9,1,19,4,321,1,3,YAMAHA MT,10,E01031934,0,2
2024991419618,2024,991419618,1,4,0,-1,19,8,5,-1,0,0,0,0,1,0,1,1,-1,6,1,49,8,321,1,6,YAMAHA MT,5,-1,0,2
2024461465132,2024,461465132,2,5,0,-1,19,1,5,-1,0,1,0,0,0,0,1,1,-1,9,1,21,5,689,1,1,YAMAHA MT,2,E01024311,0,1
2024531432074,2024,531432074,1,5,0,-1,5,4,6,-1,0,2,1,0,0,0,3,1,-1,2,1,25,5,689,1,8,YAMAHA MT,7,E01022445,0,1
2024622500012,2024,622500012,1,4,0,16,19,6,2,0,0,1,0,0,7,2,1,1,6,6,1,36,7,890,1,3,YAMAHA MT,7,W01001988,0,1
2024010516713,2024,010516713,2,3,0,4,4,5,1,0,0,2,0,0,0,0,3,1,6,6,1,17,4,125,1,7,YAMAHA MT,2,E01001559,0,1
2024451508591,2024,451508591,1,5,0,-1,19,1,5,-1,0,0,0,0,0,0,1,1,-1,9,1,48,8,689,1,7,YAMAHA MT,2,E01001320,0,4
2024501460520,2024,501460520,1,5,0,-1,15,5,1,-1,0,0,0,0,7,0,4,1,-1,9,1,65,9,998,1,2,YAMAHA MT,8,E01019921,0,2
2024451450064,2024,451450064,2,5,0,-1,19,3,7,-1,0,1,0,0,0,0,1,1,-1,9,1,20,4,689,1,0,YAMAHA MT,6,E01032462,0,5
2024351471258,2024,351471258,1,5,0,-1,19,7,3,-1,0,0,2,0,1,0,1,1,-1,9,1,25,5,847,1,4,YAMAHA MT,5,E01029956,0,1
2024471421687,2024,471421687,1,4,0,-1,19,7,2,-1,0,0,0,0,0,0,4,1,-1,9,1,21,5,124,1,9,YAMAHA MT,4,E01003441,0,4
2024552401147,2024,552401147,2,5,0,18,19,8,4,0,0,8,0,0,0,0,1,1,6,6,1,21,5,847,1,6,YAMAHA MT,7,E01015324,0,3
2024552400755,2024,552400755,1,3,0,18,19,4,8,0,0,0,0,0,0,0,0,1,6,6,1,18,4,124,1,1,YAMAHA MT,7,E01020509,0,3
2024440397933,2024,440397933,1,5,0,5,5,7,3,0,0,8,0,0,0,0,0,1,6,6,1,31,6,689,1,0,YAMAHA MT,6,E01034728,0,1
2024010507612,2024,010507612,2,5,0,13,13,3,7,0,0,1,0,0,7,10,1,1,6,6,1,23,5,689,1,2,YAMAHA MT,4,E01004337,0,3
2024010540759,2024,010540759,2,5,0,14,14,1,5,0,0,0,0,0,0,0,1,1,2,2,1,25,5,689,1,0,YAMAHA MT,10,E01030726,0,3
2024010527347,2024,010527347,1,3,0,99,99,9,9,99,99,9,9,99,9,99,9,1,6,6,1,24,5,847,1,9,YAMAHA MT,5,E01003080,0,1
2024010510891,2024,010510891,1,3,0,17,19,1,5,0,0,3,0,0,0,0,1,1,2,2,1,31,6,124,1,8,YAMAHA MT,5,E01001150,0,2
2024010503994,2024,010503994,2,5,0,18,19,2,6,0,0,1,0,0,0,0,1,1,6,6,1,42,7,660,1,17,YAMAHA MT,4,E01002592,0,1
2024010516202,2024,010516202,2,5,0,18,19,5,1,0,0,1,0,0,6,1,2,1,6,6,1,32,6,689,1,5,YAMAHA MT,8,E01003655,0,1
2024991441950,2024,991441950,1,5,0,-1,19,4,8,-1,0,0,0,0,1,0,1,1,-1,9,1,61,9,847,1,8,YAMAHA MT,6,-1,0,1
2024421447654,2024,421447654,2,3,0,-1,13,7,3,-1,0,0,1,4,0,0,3,1,-1,6,1,17,4,124,1,1,YAMAHA MT,4,E01021955,0,1
2024201445028,2024,201445028,2,5,0,-1,19,6,2,-1,0,8,0,0,0,0,4,1,-1,2,1,25,5,847,1,6,YAMAHA MT,3,E01010070,0,1
2024010504275,2024,010504275,1,5,0,99,99,9,9,99,99,1,9,99,9,99,1,1,6,6,1,26,6,689,1,6,YAMAHA MT,2,E01003059,0,2
2024211471802,2024,211471802,2,5,0,-1,19,5,2,-1,0,1,0,0,0,0,1,1,-1,6,1,40,7,689,1,6,YAMAHA MT,7,E01029772,0,2
2024440235174,2024,440235174,1,5,0,14,14,4,8,0,0,1,0,0,0,0,1,1,2,2,1,21,5,689,1,8,YAMAHA MT,-1,-1,0,-1
2024101481143,2024,101481143,1,3,0,-1,13,4,8,-1,0,1,2,0,0,0,1,1,-1,1,1,31,6,124,1,1,YAMAHA MT,7,E01027364,0,2
2024440490840,2024,440490840,2,3,0,18,19,1,5,0,0,1,0,0,0,0,1,1,2,2,1,26,6,124,1,5,YAMAHA MT,9,E01015586,0,4
2024461462912,2024,461462912,1,3,0,-1,7,3,5,-1,0,1,0,0,0,0,1,1,-1,9,1,19,4,125,1,7,YAMAHA MT,7,E01024448,0,1
2024471453323,2024,471453323,2,3,0,-1,19,7,3,-1,0,1,0,0,0,0,1,1,-1,9,1,19,4,125,1,7,YAMAHA MT,8,E01031778,0,1
2024552400608,2024,552400608,1,5,0,18,19,4,8,0,0,0,1,0,0,0,0,1,6,6,1,33,6,998,1,1,YAMAHA MT,6,E01023056,0,3
2024010525042,2024,010525042,1,5,0,18,19,3,7,0,0,0,0,10,0,0,1,1,2,2,1,32,6,998,1,3,YAMAHA MT,7,E01017446,0,4
2024401406731,2024,401406731,1,5,0,-1,19,8,4,-1,0,0,0,0,0,0,1,1,-1,6,1,27,6,689,1,9,YAMAHA MT,4,E01015785,0,2
2024421464454,2024,421464454,1,3,0,-1,13,8,4,-1,0,0,1,0,0,0,4,1,-1,2,1,20,4,124,1,8,YAMAHA MT,9,E01021945,0,1
2024461538242,2024,461538242,1,4,0,-1,19,7,3,-1,0,0,0,4,0,0,1,1,-1,6,1,34,6,847,1,6,YAMAHA MT,3,E01016098,0,1
2024451454560,2024,451454560,1,3,0,-1,19,5,1,-1,0,0,0,0,7,0,1,1,-1,9,1,19,4,124,1,10,YAMAHA MT,7,E01030972,0,1
2024421410847,2024,421410847,1,3,0,-1,19,5,1,-1,0,0,1,0,0,0,3,1,-1,6,1,37,7,124,1,8,YAMAHA MT,7,E01021978,0,1
2024361402797,2024,361402797,2,5,0,-1,19,3,7,-1,0,7,0,0,0,0,1,1,-1,2,1,24,5,998,1,7,YAMAHA MT,6,E01026498,0,1
2024211475784,2024,211475784,1,5,0,-1,2,0,0,-1,0,6,0,0,0,0,1,1,-1,6,1,57,9,998,1,7,YAMAHA MT,1,E01010413,0,2
2024481507841,2024,481507841,1,5,0,-1,19,3,7,-1,0,0,0,0,0,0,1,1,-1,9,1,30,6,847,1,11,YAMAHA MT,-1,-1,0,-1
2024010501385,2024,010501385,1,5,0,10,10,5,3,0,0,1,0,0,0,0,3,1,6,6,1,39,7,847,1,9,YAMAHA MT,3,E01001676,0,1
2024302401628,2024,302401628,1,3,0,18,19,7,3,0,0,1,0,0,0,0,1,1,6,6,1,24,5,124,1,4,YAMAHA MT,2,E01013538,0,3
2024070407071,2024,070407071,1,3,0,15,15,2,6,0,0,0,0,0,0,0,3,1,6,6,1,18,4,124,1,7,YAMAHA MT,2,E01018400,0,1
2024451483602,2024,451483602,1,3,0,-1,4,6,2,-1,-1,1,1,0,0,0,1,1,-1,9,1,18,4,124,1,4,YAMAHA MT,6,E01030767,0,4
2024010544656,2024,010544656,2,3,0,15,15,5,1,0,0,1,0,0,0,0,1,1,4,7,1,18,4,124,1,9,YAMAHA MT,-1,-1,0,-1
2024531469407,2024,531469407,2,5,0,-1,19,7,3,-1,0,8,0,0,0,0,1,1,-1,9,1,40,7,689,1,7,YAMAHA MT,6,E01022264,0,4
2024430272195,2024,430272195,1,5,0,16,19,4,7,0,0,0,0,0,7,0,1,1,6,6,1,21,5,689,1,5,YAMAHA MT,8,E01028472,0,3
2024061518402,2024,061518402,1,3,0,-1,4,-1,-1,-1,0,1,0,0,0,0,1,1,-1,7,1,19,4,124,1,10,YAMAHA MT,6,E01034128,0,1
2024010507624,2024,010507624,1,5,0,9,9,7,4,0,0,1,0,0,0,0,1,1,6,6,1,21,5,689,1,5,YAMAHA MT,3,E01002235,0,1
2024052400096,2024,052400096,2,3,0,18,19,8,4,0,0,8,0,0,0,0,1,1,6,6,1,19,4,124,1,9,YAMAHA MT,7,-1,0,4
2024161493052,2024,161493052,1,3,0,-1,19,5,1,-1,0,0,1,4,0,0,4,1,-1,6,1,17,4,124,1,3,YAMAHA MT,8,E01012955,0,1
2024440554550,2024,440554550,1,3,0,18,19,6,2,0,0,0,0,0,0,0,4,1,2,2,1,43,7,124,1,7,YAMAHA MT,5,E01017136,0,1
2024451519159,2024,451519159,1,3,0,-1,19,7,3,-1,0,0,0,0,0,0,4,1,-1,2,1,34,6,124,1,10,YAMAHA MT,8,E01030647,0,1
2024610023024,2024,610023024,1,5,0,18,19,6,2,0,0,0,1,0,1,0,0,1,6,6,1,31,6,689,1,9,YAMAHA MT,8,W01001984,0,4
2024320535101,2024,320535101,1,4,0,-1,-1,4,6,0,0,0,5,0,7,9,1,1,-1,-1,1,35,6,998,1,4,YAMAHA MT,2,E01035482,0,4
2024340NN1642,2024,340NN1642,1,5,0,-1,19,5,8,-1,0,0,0,10,4,0,1,1,-1,9,1,33,6,998,1,7,YAMAHA MT,6,E01026974,0,1
2024010529431,2024,010529431,1,3,0,4,4,8,4,0,0,2,2,0,0,0,0,1,6,6,1,20,4,124,1,8,YAMAHA MT,7,E01000764,0,2
2024010544841,2024,010544841,2,3,0,18,19,3,7,0,0,8,0,0,0,0,4,1,6,6,1,50,8,124,1,4,YAMAHA MT,8,E01002321,0,1
2024522402436,2024,522402436,1,5,0,3,3,1,5,0,0,8,0,0,0,0,1,1,6,6,1,39,7,689,1,1,YAMAHA MT,1,W01001643,0,4
2024610035324,2024,610035324,1,4,0,18,19,7,3,0,0,0,0,0,0,0,1,1,6,6,3,-1,-1,689,1,9,YAMAHA MT,-1,-1,0,-1
2024451435075,2024,451435075,1,3,0,-1,15,1,5,-1,0,0,1,0,0,0,3,1,-1,1,1,24,5,124,1,1,YAMAHA MT,4,E01030640,0,1
2024451469568,2024,451469568,2,3,0,-1,19,7,3,-1,0,3,5,0,0,0,3,1,-1,9,1,37,7,124,1,1,YAMAHA MT,5,E01030787,0,3
2024631443408,2024,631443408,1,5,0,-1,19,1,4,-1,0,0,0,0,1,10,1,1,-1,9,1,41,7,998,1,6,YAMAHA MT,7,W01000556,0,4
2024061480342,2024,061480342,2,5,0,-1,19,5,1,-1,0,0,5,0,0,0,4,1,-1,2,1,22,5,689,1,7,YAMAHA MT,8,E01005417,0,3
2024010538321,2024,010538321,1,3,0,18,19,2,6,0,0,0,0,0,0,0,1,1,6,6,1,23,5,124,1,5,YAMAHA MT,5,E01000619,0,1
2024010527569,2024,010527569,1,5,0,9,9,1,7,0,0,4,0,0,0,0,1,1,6,6,1,25,5,689,1,4,YAMAHA MT,10,E01017745,0,4
2024221481660,2024,221481660,1,5,0,-1,19,1,6,-1,0,0,0,0,7,10,1,1,-1,6,1,19,4,689,1,5,YAMAHA MT,3,E01032251,0,1
2024440093106,2024,440093106,2,5,0,18,19,7,3,0,0,1,0,0,0,0,1,1,6,6,1,36,7,847,1,5,YAMAHA MT,2,E01017117,0,1
2024361487349,2024,361487349,2,3,0,-1,19,2,6,-1,0,0,0,0,0,0,2,1,-1,9,1,18,4,124,1,0,YAMAHA MT,10,E01026568,0,1
2024221521717,2024,221521717,2,3,0,-1,19,8,5,-1,0,0,0,0,1,0,4,1,-1,2,1,28,6,124,1,9,YAMAHA MT,1,E01009115,0,2
2024211439376,2024,211439376,2,5,0,-1,19,4,8,-1,0,1,0,0,0,0,3,1,-1,6,-1,-1,-1,689,1,10,YAMAHA MT,-1,-1,0,-1