collision_index,collision_year,collision_ref_no,vehicle_reference,vehicle_type,towing_and_articulation,vehicle_manoeuvre_historic,vehicle_manoeuvre,vehicle_direction_from,vehicle_direction_to,vehicle_location_restricted_lane_historic,vehicle_location_restricted_lane,junction_location,skidding_and_overturning,hit_object_in_carriageway,vehicle_leaving_carriageway,hit_object_off_carriageway,first_point_of_impact,vehicle_left_hand_drive,journey_purpose_of_driver_historic,journey_purpose_of_driver,sex_of_driver,age_of_driver,age_band_of_driver,engine_capacity_cc,propulsion_code,age_of_vehicle,generic_make_model,driver_imd_decile,lsoa_of_driver,escooter_flag,driver_distance_banding
2024010543652,2024,010543652,1,5,0,18,19,4,8,0,0,8,0,0,0,0,1,1,6,6,1,25,5,689,1,2,YAMAHA MT,1,E01002855,0,1
2024052400879,2024,052400879,2,4,0,14,14,3,8,0,0,0,0,0,0,0,1,1,6,6,1,48,8,890,1,2,YAMAHA MT,2,E01007219,0,2
2024010522461,2024,010522461,2,3,0,18,19,3,7,0,0,1,0,0,0,0,1,1,2,2,1,30,6,124,1,7,YAMAHA MT,6,E01001350,0,1
2024440499982,2024,440499982,1,5,0,18,19,2,6,0,0,0,0,11,0,0,1,1,6,6,1,59,9,998,1,0,YAMAHA MT,9,E01022798,0,3
2024471464508,2024,471464508,1,3,0,-1,13,3,7,-1,0,0,9,0,0,0,4,1,-1,2,1,19,4,124,1,4,YAMAHA MT,10,E01016983,0,1
2024471475318,2024,471475318,1,5,0,-1,19,4,8,-1,0,0,1,0,7,0,1,1,-1,6,1,20,4,689,1,6,YAMAHA MT,6,E01021070,0,3
2024440209712,2024,440209712,2,3,0,18,19,4,8,0,0,1,0,0,0,0,1,1,6,6,1,20,4,124,1,7,YAMAHA MT,2,E01016438,0,2
2024231486398,2024,231486398,1,5,0,-1,13,4,8,-1,0,8,0,0,0,0,1,1,-1,6,1,18,4,689,1,7,YAMAHA MT,1,E01031057,0,1
2024010509642,2024,010509642,2,4,0,18,19,2,6,0,0,1,0,0,0,0,1,1,6,6,1,21,5,124,1,4,YAMAHA MT,2,E01000990,0,1
2024010545793,2024,010545793,1,5,0,9,9,7,5,0,0,0,2,0,0,0,0,1,2,2,1,24,5,847,1,7,YAMAHA MT,2,E01001959,0,1
2024010509526,2024,010509526,1,3,0,3,3,3,7,0,0,1,0,0,0,0,2,1,2,2,1,38,7,847,1,7,YAMAHA MT,4,E01002647,0,3
2024552401007,2024,552401007,2,5,0,9,9,2,1,0,0,8,0,0,0,0,3,1,6,6,1,28,6,689,1,10,YAMAHA MT,5,E01020363,0,1
2024430478765,2024,430478765,1,5,0,12,12,8,4,0,0,0,0,0,0,0,0,1,2,2,1,30,6,998,1,8,YAMAHA MT,8,E01028806,0,3
2024440395596,2024,440395596,1,5,0,13,13,7,1,0,0,8,0,0,0,0,4,1,6,6,2,26,6,689,1,5,YAMAHA MT,1,E01017205,0,1
2024411419418,2024,411419418,2,5,0,-1,19,2,6,-1,0,1,0,0,0,0,3,1,-1,6,1,56,9,847,1,9,YAMAHA MT,6,E01002533,0,2
2024311475657,2024,311475657,1,5,0,-1,5,6,2,-1,0,4,1,0,0,0,3,1,-1,9,1,61,9,998,1,1,YAMAHA MT,6,E01028322,0,3
2024211436245,2024,211436245,1,3,0,-1,19,1,5,-1,0,1,0,0,0,0,1,1,-1,6,1,19,4,124,1,3,YAMAHA MT,3,E01029716,0,1
2024041424314,2024,041424314,1,3,0,-1,19,6,2,-1,0,0,1,0,1,0,3,1,-1,9,2,35,6,124,1,1,YAMAHA MT,10,E01025534,0,3
2024010506323,2024,010506323,1,4,0,14,14,1,5,0,0,1,0,0,0,0,1,1,6,6,1,24,5,124,1,5,YAMAHA MT,6,E01003703,0,1
2024101494932,2024,101494932,2,3,0,-1,19,6,2,-1,0,1,0,0,0,0,1,1,-1,7,1,16,4,124,1,1,YAMAHA MT,5,E01035631,0,1
2024451455329,2024,451455329,3,3,0,-1,19,1,5,-1,0,1,2,0,7,0,1,1,-1,9,1,22,5,124,1,6,YAMAHA MT,10,E01030541,0,3
2024010522896,2024,010522896,1,3,0,18,19,7,3,0,0,0,0,10,7,11,1,1,6,6,1,20,4,124,1,6,YAMAHA MT,5,E01002743,0,4
2024622400618,2024,622400618,1,5,0,16,19,2,6,0,0,3,0,0,0,0,0,1,6,6,1,32,6,689,1,4,YAMAHA MT,2,W01000940,0,1
2024010529675,2024,010529675,2,3,0,4,4,3,7,0,0,8,0,0,0,0,2,1,6,6,1,40,7,124,1,8,YAMAHA MT,6,E01024172,0,4
2024131478639,2024,131478639,2,4,0,-1,7,3,7,-1,0,1,5,0,1,0,1,1,-1,6,1,16,4,689,1,2,YAMAHA MT,2,E01010961,0,1
2024501498353,2024,501498353,2,3,0,-1,14,7,3,-1,0,1,0,0,0,0,4,1,-1,2,1,19,4,124,1,6,YAMAHA MT,3,E01019975,0,1
2024010511662,2024,010511662,1,5,0,10,10,1,6,0,0,1,9,99,0,0,9,1,6,6,1,29,6,689,1,2,YAMAHA MT,2,E01003128,0,1
2024461424877,2024,461424877,1,3,0,-1,13,1,5,-1,0,0,0,0,0,0,1,1,-1,6,1,17,4,124,1,3,YAMAHA MT,1,E01016111,0,1
2024010499095,2024,010499095,2,5,0,18,19,7,3,0,0,8,1,0,0,0,1,1,1,1,1,20,4,847,1,9,YAMAHA MT,1,E01001115,0,2
2024010503649,2024,010503649,2,3,0,99,99,9,9,99,99,9,9,99,9,99,9,1,6,6,3,-1,-1,124,1,4,YAMAHA MT,-1,-1,0,-1
2024501471403,2024,501471403,1,5,0,-1,19,4,8,-1,0,0,1,11,1,10,1,1,-1,9,1,21,5,689,1,9,YAMAHA MT,6,E01015200,0,1
2024401411931,2024,401411931,1,3,0,-1,14,7,2,-1,0,0,0,0,0,0,4,1,-1,9,2,18,4,124,1,2,YAMAHA MT,10,E01023587,0,4
2024302400773,2024,302400773,2,5,0,18,19,5,8,0,0,3,1,0,0,0,0,1,6,6,1,58,9,689,1,2,YAMAHA MT,2,E01019549,0,2
2024211456439,2024,211456439,1,3,0,-1,19,6,2,-1,0,0,0,0,0,0,1,1,-1,6,1,19,4,124,1,6,YAMAHA MT,-1,-1,0,-1
2024471432772,2024,471432772,1,3,0,-1,19,1,5,-1,0,0,0,0,0,0,1,1,-1,6,1,56,9,124,1,0,YAMAHA MT,7,E01016916,0,4
2024631535767,2024,631535767,1,5,0,-1,19,8,5,-1,0,0,1,0,1,10,1,1,-1,9,1,27,6,847,1,9,YAMAHA MT,1,W01001022,0,4
2024010506618,2024,010506618,1,3,0,14,14,1,5,0,0,1,5,0,0,0,4,1,6,6,1,34,6,124,1,2,YAMAHA MT,4,E01002704,0,3
2024010502386,2024,010502386,2,4,0,18,19,5,1,0,0,1,0,0,0,0,4,1,6,6,1,54,8,689,1,3,YAMAHA MT,5,E01003654,0,2
2024451479677,2024,451479677,2,3,0,-1,19,3,7,-1,0,8,0,0,0,0,4,1,-1,1,1,20,4,124,1,9,YAMAHA MT,10,E01030404,0,3
2024421527605,2024,421527605,1,2,0,-1,15,1,5,-1,0,0,0,0,0,0,1,1,-1,2,1,27,6,124,1,7,YAMAHA MT,-1,-1,0,-1
2024010504965,2024,010504965,2,5,0,14,14,1,5,0,0,1,0,0,0,0,1,1,1,1,1,32,6,847,1,6,YAMAHA MT,7,E01015588,0,4
2024311498559,2024,311498559,2,5,0,-1,13,5,1,-1,0,1,0,0,0,0,3,1,-1,6,1,45,7,847,1,8,YAMAHA MT,-1,-1,0,-1
202460Q110098,2024,60Q110098,1,3,0,17,19,4,8,0,0,0,1,11,0,0,0,1,6,6,1,18,4,124,1,3,YAMAHA MT,-1,-1,0,-1
2024522401364,2024,522401364,2,5,0,14,14,2,6,0,0,8,0,0,0,0,1,1,6,6,1,61,9,998,1,1,YAMAHA MT,3,E01014523,0,3
2024401526030,2024,401526030,2,3,0,-1,13,6,2,-1,0,2,1,0,0,0,4,1,-1,2,1,19,4,124,1,3,YAMAHA MT,3,E01017562,0,1
2024451424667,2024,451424667,2,5,0,-1,19,7,3,-1,0,0,5,0,0,0,1,1,-1,9,1,22,5,689,1,6,YAMAHA MT,6,E01004152,0,4
2024010543702,2024,010543702,1,5,0,18,19,3,7,0,0,1,5,0,0,0,1,1,1,1,1,44,7,689,1,6,YAMAHA MT,-1,-1,0,-1
2024070631808,2024,070631808,2,3,0,16,19,8,7,0,0,0,2,0,1,0,0,1,6,6,2,25,5,124,1,3,YAMAHA MT,-1,-1,0,-1
2024010520292,2024,010520292,1,5,0,99,99,9,9,99,99,9,9,99,9,99,1,1,6,6,1,27,6,689,1,5,YAMAHA MT,2,E01003338,0,3
2024302400719,2024,302400719,1,5,0,18,19,1,5,0,0,0,0,0,7,0,2,1,6,6,1,44,7,847,1,10,YAMAHA MT,5,E01019534,0,4
2024501412640,2024,501412640,1,5,0,-1,19,1,5,-1,0,0,2,0,8,10,1,1,-1,9,1,21,5,689,1,3,YAMAHA MT,3,E01034166,0,2
2024131432346,2024,131432346,2,5,0,-1,13,1,1,-1,9,8,0,0,0,0,4,1,-1,2,1,62,9,847,1,10,YAMAHA MT,2,E01011943,0,4
2024552401090,2024,552401090,1,5,0,18,19,2,6,0,0,8,0,0,0,0,3,1,2,2,1,62,9,847,1,9,YAMAHA MT,9,E01015431,0,1
2024440162997,2024,440162997,2,3,0,13,13,7,3,0,0,1,0,0,0,0,1,1,6,6,1,18,4,124,1,10,YAMAHA MT,4,E01032858,0,1
2024052401187,2024,052401187,1,3,0,18,19,5,1,0,0,0,0,0,0,0,1,1,6,6,1,20,4,125,1,9,YAMAHA MT,1,E01006763,0,3
2024010513537,2024,010513537,1,5,0,18,19,5,1,0,0,1,0,0,0,0,1,1,6,6,1,28,6,890,1,1,YAMAHA MT,6,E01002138,0,1
2024211397274,2024,211397274,1,4,0,-1,19,5,1,-1,0,6,0,0,0,0,4,1,-1,6,2,34,6,689,1,2,YAMAHA MT,-1,-1,0,-1
2024141461878,2024,141461878,1,3,0,-1,19,2,6,-1,0,0,0,0,0,0,1,1,-1,9,1,58,9,124,1,3,YAMAHA MT,9,E01007442,0,1
2024010527226,2024,010527226,2,5,0,18,19,7,3,0,0,1,0,0,0,0,1,1,6,6,1,28,6,847,1,9,YAMAHA MT,9,E01000446,0,3
2024010524978,2024,010524978,3,5,0,13,13,4,8,0,0,1,0,0,0,0,2,1,6,6,1,28,6,847,1,6,YAMAHA MT,2,E01002067,0,1
2024221531571,2024,221531571,3,5,0,-1,14,5,1,-1,0,8,0,0,0,0,1,1,-1,6,1,55,8,890,1,1,YAMAHA MT,8,E01032175,0,1
2024010517430,2024,010517430,2,3,0,15,15,8,4,0,0,1,0,0,0,0,1,1,6,6,1,32,6,124,1,4,YAMAHA MT,-1,-1,0,-1
2024061511132,2024,061511132,2,3,0,-1,19,1,5,-1,0,8,0,0,0,0,1,1,-1,6,1,18,4,125,1,7,YAMAHA MT,3,E01004889,0,3
2024320371514,2024,320371514,1,5,0,-1,-1,8,4,0,0,5,0,10,0,10,1,1,1,1,1,21,5,689,1,6,YAMAHA MT,10,E01020683,0,5
2024631473996,2024,631473996,1,5,0,-1,12,4,7,-1,0,2,1,0,0,0,1,1,-1,9,1,37,7,890,1,2,YAMAHA MT,8,E01014077,0,4
2024320433752,2024,320433752,1,5,0,-1,-1,1,5,0,0,0,2,12,0,0,3,1,-1,-1,1,64,9,998,1,0,YAMAHA MT,8,E01026200,0,3
2024991462398,2024,991462398,1,5,0,-1,19,2,6,-1,0,8,0,0,0,0,1,1,-1,6,1,20,4,689,1,5,YAMAHA MT,10,-1,0,2
2024302401707,2024,302401707,1,5,0,-1,19,7,3,-1,0,0,1,0,1,9,1,1,-1,6,3,-1,-1,847,1,7,YAMAHA MT,5,E01019456,0,4
2024451461630,2024,451461630,2,5,0,-1,13,1,5,-1,0,1,0,0,0,0,1,1,-1,6,1,42,7,998,1,5,YAMAHA MT,4,E01002591,0,3
2024211428462,2024,211428462,1,3,0,-1,19,6,1,-1,0,1,0,0,0,0,1,1,-1,9,1,19,4,124,1,2,YAMAHA MT,5,E01034103,0,2
2024440511062,2024,440511062,1,3,0,18,19,8,4,0,0,8,0,0,0,0,1,1,6,6,1,18,4,124,1,1,YAMAHA MT,8,E01023245,0,2
2024520402908,2024,520402908,1,3,0,18,19,3,7,0,0,0,0,12,0,0,1,1,6,6,2,19,4,124,1,5,YAMAHA MT,2,E01035216,0,3
2024471509310,2024,471509310,2,3,0,-1,19,7,3,-1,0,0,0,0,0,0,0,1,-1,6,1,26,6,124,1,1,YAMAHA MT,4,E01022910,0,1
2024451429710,2024,451429710,1,5,0,-1,19,1,5,-1,0,1,1,0,0,0,1,1,-1,6,1,21,5,689,1,2,YAMAHA MT,8,E01000536,0,4
2024430212061,2024,430212061,2,5,0,14,14,5,1,0,0,8,0,0,0,0,1,1,6,6,1,-1,-1,689,1,5,YAMAHA MT,-1,-1,0,-1
2024131499414,2024,131499414,1,3,0,-1,19,5,1,-1,0,8,0,0,0,0,1,1,-1,6,1,35,6,124,1,0,YAMAHA MT,1,E01011038,0,1
2024501444771,2024,501444771,1,5,0,-1,7,6,2,-1,0,0,5,0,0,0,3,1,-1,9,1,61,9,689,1,6,YAMAHA MT,-1,-1,0,-1
2024430623797,2024,430623797,1,4,0,17,19,8,5,0,0,0,0,0,0,0,1,1,6,6,1,17,4,124,1,8,YAMAHA MT,5,E01016594,0,1
2024361493222,2024,361493222,1,5,0,-1,19,1,5,-1,0,0,1,0,0,0,4,1,-1,9,1,19,4,660,1,15,YAMAHA MT,5,E01026443,0,2
2024010532360,2024,010532360,1,5,0,13,13,4,8,0,0,0,0,0,0,0,4,1,2,2,1,53,8,847,1,8,YAMAHA MT,7,E01000790,0,3
2024501482214,2024,501482214,1,3,0,-1,13,5,1,-1,0,0,1,11,1,10,3,1,-1,6,2,17,4,124,1,1,YAMAHA MT,2,E01015248,0,3
2024101481072,2024,101481072,2,3,0,-1,19,3,7,-1,0,2,0,0,0,0,1,1,-1,9,1,74,10,890,1,0,YAMAHA MT,3,E01027550,0,4
2024311441501,2024,311441501,1,5,0,-1,19,7,3,-1,0,8,5,0,0,0,1,1,-1,6,1,67,10,998,1,4,YAMAHA MT,1,E01013861,0,1
2024461452927,2024,461452927,2,5,0,-1,19,3,7,-1,0,1,0,0,0,0,1,1,-1,9,1,45,7,847,1,8,YAMAHA MT,4,E01016143,0,3
2024010549554,2024,010549554,1,5,0,5,5,1,5,0,0,1,0,0,0,0,1,1,6,6,1,34,6,847,1,6,YAMAHA MT,1,E01002713,0,1
2024010509468,2024,010509468,1,4,0,15,15,1,5,0,0,1,5,0,0,0,1,1,2,2,2,22,5,321,1,5,YAMAHA MT,8,E01003426,0,2
2024010533926,2024,010533926,1,5,0,18,19,3,7,0,0,1,1,0,0,0,1,1,6,6,1,32,6,689,1,7,YAMAHA MT,3,E01002139,0,4
2024031433913,2024,031433913,1,5,0,-1,19,3,7,-1,0,0,1,0,0,0,3,1,-1,9,1,27,6,689,1,8,YAMAHA MT,-1,-1,0,-1
2024361484655,2024,361484655,1,4,0,-1,19,4,8,-1,0,1,0,0,0,0,1,1,-1,9,1,20,4,124,1,2,YAMAHA MT,6,E01026541,0,1
2024481558130,2024,481558130,2,3,0,-1,19,1,5,-1,0,1,0,0,0,0,2,1,-1,2,1,20,4,124,1,8,YAMAHA MT,-1,-1,0,-1
2024371474547,2024,371474547,1,2,0,-1,19,5,1,-1,0,0,0,0,7,11,1,1,-1,6,1,19,4,124,1,3,YAMAHA MT,4,E01029960,0,1
2024430100987,2024,430100987,2,3,0,18,19,2,6,0,0,0,0,0,0,0,1,1,2,2,1,33,6,124,1,1,YAMAHA MT,6,E01023624,0,3
2024131472703,2024,131472703,1,3,0,-1,19,3,3,-1,0,8,5,0,0,0,1,1,-1,6,1,22,5,124,1,3,YAMAHA MT,2,E01033899,0,3
2024161508205,2024,161508205,2,3,0,-1,19,7,3,-1,0,8,0,0,0,0,1,1,-1,2,2,24,5,124,1,7,YAMAHA MT,1,E01012891,0,1
2024041475414,2024,041475414,1,4,0,-1,13,5,1,-1,0,1,5,0,0,0,1,1,-1,2,1,43,7,124,1,0,YAMAHA MT,1,E01012679,0,1
2024361460554,2024,361460554,1,5,0,-1,19,7,7,-1,0,4,0,0,0,0,1,1,-1,2,1,22,5,689,1,10,YAMAHA MT,6,E01026922,0,1
2024548530124,2024,548530124,1,4,0,16,19,3,7,0,0,0,0,0,7,0,3,1,6,6,2,49,8,124,1,3,YAMAHA MT,6,E01031849,0,1
2024010501213,2024,010501213,1,5,0,99,99,9,9,99,99,9,9,99,9,99,9,1,2,2,1,39,7,689,1,3,YAMAHA MT,3,E01003263,0,3
2024010540782,2024,010540782,1,5,0,18,19,1,5,0,0,1,0,0,0,0,4,1,1,1,1,37,7,689,1,2,YAMAHA MT,4,E01001023,0,2
2024451456311,2024,451456311,2,3,0,-1,19,5,1,-1,0,8,5,0,0,0,1,1,-1,9,1,17,4,124,1,8,YAMAHA MT,6,E01002602,0,1
2024471448140,2024,471448140,1,3,0,-1,19,7,3,-1,0,0,0,0,0,0,1,1,-1,9,1,19,4,124,1,0,YAMAHA MT,1,E01020912,0,2
2024221399594,2024,221399594,2,5,0,-1,19,5,1,-1,0,8,0,0,0,0,1,1,-1,6,1,29,6,847,1,9,YAMAHA MT,4,E01032301,0,1
2024631434972,2024,631434972,1,3,0,-1,19,6,2,-1,0,0,1,0,0,0,0,1,-1,9,2,20,4,124,1,4,YAMAHA MT,6,W01000519,0,4
2024440314938,2024,440314938,1,3,0,18,19,2,6,0,0,0,0,0,0,0,1,1,6,6,1,28,6,125,1,7,YAMAHA MT,9,E01022828,0,2
202460Q137160,2024,60Q137160,2,5,0,18,19,2,6,0,0,1,5,0,0,0,1,1,6,6,1,33,6,890,1,0,YAMAHA MT,-1,-1,0,-1
2024520402618,2024,520402618,2,3,0,18,19,5,1,0,0,8,0,0,0,0,1,1,6,6,1,58,9,124,1,8,YAMAHA MT,3,E01029170,0,4
2024451463978,2024,451463978,1,5,0,-1,99,4,5,-1,99,8,0,0,0,0,3,1,-1,9,1,20,4,689,1,8,YAMAHA MT,6,E01001345,0,3
2024221506577,2024,221506577,1,3,0,-1,19,2,5,-1,0,0,0,10,1,0,1,1,-1,2,1,26,6,124,1,3,YAMAHA MT,9,E01032189,0,4
2024041402275,2024,041402275,1,5,0,-1,19,3,7,-1,0,0,1,0,0,0,1,1,-1,9,1,32,6,998,1,2,YAMAHA MT,8,E01024948,0,1
2024211531531,2024,211531531,2,5,0,-1,19,7,3,-1,0,0,0,0,0,0,-1,1,-1,6,3,-1,-1,689,1,6,YAMAHA MT,-1,-1,0,-1
2024010542946,2024,010542946,2,9,0,3,3,4,8,0,0,0,0,0,0,0,2,1,6,6,2,39,7,2993,2,6,BMW X6,8,E01000669,0,1
2024010525789,2024,010525789,3,9,0,18,19,3,7,0,0,1,0,0,0,0,4,1,6,6,1,37,7,2993,2,7,BMW X6,4,E01003534,0,2
2024631407338,2024,631407338,1,9,4,-1,13,6,2,-1,0,0,4,0,8,10,4,1,-1,6,1,58,9,4395,1,6,BMW X6,9,W01002001,0,4
2024320755443,2024,320755443,4,9,0,2,2,0,0,9,9,0,0,0,0,0,1,1,6,6,3,-1,-1,2993,12,0,BMW X6,-1,-1,0,-1
2024061411691,2024,061411691,4,9,0,-1,3,7,2,-1,0,1,0,0,0,0,2,1,-1,6,1,40,7,2993,2,10,BMW X6,3,E01006335,0,1
2024340NN2862,2024,340NN2862,2,9,0,-1,3,5,1,-1,0,1,0,0,0,0,2,1,-1,6,1,58,9,2993,2,10,BMW X6,9,E01032965,0,1
2024010525582,2024,010525582,1,9,0,99,99,9,9,99,99,9,9,99,9,99,1,9,6,6,1,34,6,2993,2,6,BMW X6,2,E01002075,0,3
2024010500945,2024,010500945,1,9,0,99,99,9,9,99,99,0,9,99,9,99,2,9,6,6,1,25,5,2998,8,0,BMW X6,10,E01021751,0,2
2024010503518,2024,010503518,2,9,0,4,4,5,1,0,0,0,0,0,0,0,2,1,6,6,1,24,5,2993,2,12,BMW X6,4,E01020129,0,5
2024010504862,2024,010504862,2,9,9,99,99,9,9,99,99,9,9,99,9,99,9,9,6,6,3,-1,-1,2993,12,2,BMW X6,-1,-1,0,-1
2024010541434,2024,010541434,1,9,0,9,9,3,1,0,0,8,0,0,0,0,1,1,6,6,3,-1,-1,2993,2,5,BMW X6,-1,-1,0,-1
2024010505776,2024,010505776,1,9,0,99,99,9,9,99,99,9,9,99,9,99,9,9,6,6,3,65,9,2993,2,9,BMW X6,2,E01001773,0,1
2024340WN6522,2024,340WN6522,3,9,0,-1,5,1,5,-1,0,1,0,0,0,0,2,1,-1,9,2,35,6,2993,2,7,BMW X6,4,E01027245,0,1
2024421481973,2024,421481973,1,9,0,-1,19,5,8,-1,9,0,0,0,7,10,1,1,-1,6,1,66,10,2993,2,9,BMW X6,1,E01015880,0,1
2024461404614,2024,461404614,2,9,0,-1,19,3,7,-1,0,0,0,0,0,0,2,9,-1,2,1,39,7,2998,8,1,BMW X6,2,E01023975,0,1
2024010528859,2024,010528859,2,9,0,99,99,9,9,99,99,9,9,99,9,99,4,9,6,6,3,-1,-1,2993,2,8,BMW X6,-1,-1,0,-1
2024351567910,2024,351567910,2,9,0,-1,4,5,1,-1,0,0,0,0,4,6,2,1,-1,2,1,34,6,2993,2,12,BMW X6,2,E01026957,0,4
2024421450569,2024,421450569,1,9,0,-1,1,3,7,-1,0,0,0,0,0,0,3,1,-1,1,1,27,6,2993,2,4,BMW X6,9,E01023466,0,4
2024010519388,2024,010519388,2,9,0,18,19,1,5,0,0,1,0,0,0,0,1,1,6,6,1,25,5,2993,2,6,BMW X6,2,E01001426,0,1
2024351428333,2024,351428333,1,9,0,-1,9,7,4,-1,0,8,0,0,0,0,-1,1,-1,6,1,33,6,2993,2,12,BMW X6,3,E01015652,0,1
2024401521704,2024,401521704,2,9,-1,-1,-1,-1,-1,-1,-1,0,-1,-1,-1,0,2,9,-1,2,2,38,7,2993,2,10,BMW X6,8,E01033514,0,3
2024052402135,2024,052402135,1,9,0,18,19,3,7,0,0,8,2,0,1,11,1,1,6,6,1,38,7,2993,2,5,BMW X6,6,E01033748,0,3
2024010531186,2024,010531186,1,9,0,99,99,9,9,99,99,9,9,99,9,99,1,9,1,1,1,33,6,2993,2,6,BMW X6,5,E01035736,0,4
2024320001592,2024,320001592,1,9,0,18,19,8,4,0,0,0,1,0,2,7,1,1,6,6,1,56,9,2993,-1,2,BMW X6,4,E01026952,0,4
2024320339195,2024,320339195,1,9,0,-1,-1,4,8,0,0,0,2,0,1,6,1,1,-1,-1,1,58,9,2993,2,6,BMW X6,7,E01011995,0,5
2024010504375,2024,010504375,2,9,0,99,99,9,9,99,99,0,9,99,9,99,1,9,6,6,3,-1,-1,2998,1,4,BMW X6,10,E01002146,0,1
2024471406978,2024,471406978,2,9,0,-1,19,6,2,-1,0,0,0,0,0,0,2,1,-1,6,1,56,9,2993,2,6,BMW X6,7,E01002360,0,4
2024471417015,2024,471417015,2,9,0,-1,19,2,4,-1,0,0,0,0,0,0,2,1,-1,6,2,47,8,2993,-1,2,BMW X6,6,E01021118,0,3
2024622400217,2024,622400217,1,9,0,18,19,6,2,0,0,1,0,0,0,0,1,1,6,6,1,36,7,2993,2,16,BMW X6,4,W01001829,0,1
2024010515814,2024,010515814,2,9,0,5,5,3,7,0,0,6,0,0,0,0,1,1,6,6,1,44,7,2998,1,4,BMW X6,9,E01002451,0,1
2024430220757,2024,430220757,1,9,0,7,7,7,1,0,0,5,0,0,0,0,1,1,6,6,1,35,6,2993,2,12,BMW X6,7,E01016613,0,1
2024010508918,2024,010508918,1,9,0,18,19,5,1,0,0,0,5,4,0,0,1,1,6,6,2,30,6,2993,2,9,BMW X6,3,E01003629,0,1
2024010520356,2024,010520356,3,9,0,18,19,7,3,0,0,2,0,0,0,0,1,1,6,6,1,33,6,2993,2,8,BMW X6,3,E01003533,0,1
2024061394898,2024,061394898,3,9,0,-1,19,2,6,-1,0,0,0,0,0,0,3,1,-1,6,1,62,9,2993,2,4,BMW X6,9,E01018386,0,4
2024311404070,2024,311404070,1,9,0,-1,5,6,4,-1,0,6,0,0,0,0,3,1,-1,2,2,45,7,2993,2,8,BMW X6,8,E01028146,0,1
2024101487671,2024,101487671,2,9,0,-1,19,5,1,-1,9,0,0,0,1,0,1,1,-1,6,2,30,6,2993,2,15,BMW X6,2,E01027530,0,1
2024320589207,2024,320589207,1,9,0,-1,-1,4,8,0,0,0,0,0,0,0,3,1,6,6,1,61,9,2993,2,13,BMW X6,8,E01026053,0,1
2024061506946,2024,061506946,2,9,0,-1,19,3,7,-1,0,1,0,0,0,0,1,1,-1,6,-1,-1,-1,2993,2,10,BMW X6,-1,-1,0,-1
2024041465531,2024,041465531,1,9,0,-1,6,7,3,-1,0,0,0,0,0,0,3,1,-1,9,1,48,8,2993,2,11,BMW X6,5,E01006971,0,3
2024061434614,2024,061434614,1,9,0,-1,19,7,3,-1,0,1,0,0,0,0,1,9,-1,6,3,-1,-1,2993,2,9,BMW X6,-1,-1,0,-1
2024531438792,2024,531438792,1,9,0,-1,5,1,5,-1,0,8,0,0,0,0,1,1,-1,6,2,35,6,2993,12,4,BMW X6,8,E01022139,0,1
2024332401080,2024,332401080,1,9,0,-1,19,8,4,-1,0,0,0,0,0,0,1,1,-1,1,1,30,6,2993,2,7,BMW X6,10,E01016583,0,5
2024010524784,2024,010524784,4,9,0,18,19,4,8,0,0,1,0,0,0,0,1,1,6,6,1,-1,-1,2993,2,4,BMW X6,-1,-1,0,-1
2024401468276,2024,401468276,1,9,0,-1,2,0,0,-1,0,0,0,0,0,0,1,1,-1,6,1,47,8,2993,2,6,BMW X6,3,E01017580,0,1
2024332400547,2024,332400547,2,9,0,-1,2,0,0,-1,0,2,0,0,0,0,1,1,-1,6,3,-1,-1,2993,2,13,BMW X6,-1,-1,0,-1
2024010505348,2024,010505348,1,9,0,18,19,3,7,0,0,7,0,0,0,0,2,1,1,1,1,43,7,2993,2,7,BMW X6,4,E01004425,0,2
2024531496368,2024,531496368,1,9,0,-1,19,1,5,-1,0,2,0,0,0,0,1,1,-1,6,1,73,10,2993,12,3,BMW X6,10,E01022354,0,2
2024010541017,2024,010541017,1,9,0,99,99,9,9,99,99,9,9,99,9,99,3,9,2,2,2,38,7,2993,2,9,BMW X6,2,E01033587,0,1
2024201535222,2024,201535222,1,9,0,-1,15,7,8,-1,0,0,0,0,0,0,1,1,-1,6,1,40,7,2993,2,8,BMW X6,1,E01010375,0,1
2024311421477,2024,311421477,1,9,0,-1,4,2,6,-1,9,0,0,0,0,0,1,1,-1,6,1,68,10,2993,2,13,BMW X6,6,E01013978,0,1
2024552400524,2024,552400524,1,9,0,17,19,3,8,0,0,6,1,10,7,1,1,1,6,6,1,52,8,2993,2,13,BMW X6,9,E01015322,0,1
2024101505035,2024,101505035,1,9,0,-1,15,3,7,-1,0,1,0,0,0,0,1,1,-1,2,1,56,9,2993,2,8,BMW X6,6,E01020608,0,4
2024141455888,2024,141455888,2,9,0,-1,2,5,5,-1,9,0,0,0,0,0,3,1,-1,6,-1,-1,-1,2993,2,6,BMW X6,-1,-1,0,-1
2024101405077,2024,101405077,2,9,0,-1,19,3,7,-1,0,1,0,0,7,0,1,1,-1,6,1,56,9,4400,1,15,BMW X6,-1,-1,0,-1
2024010537303,2024,010537303,1,9,0,18,19,3,7,0,0,2,0,0,0,0,3,1,6,6,1,29,6,2993,2,11,BMW X6,2,E01034487,0,3