collision_index,collision_year,collision_ref_no,vehicle_reference,vehicle_type,towing_and_articulation,vehicle_manoeuvre_historic,vehicle_manoeuvre,vehicle_direction_from,vehicle_direction_to,vehicle_location_restricted_lane_historic,vehicle_location_restricted_lane,junction_location,skidding_and_overturning,hit_object_in_carriageway,vehicle_leaving_carriageway,hit_object_off_carriageway,first_point_of_impact,vehicle_left_hand_drive,journey_purpose_of_driver_historic,journey_purpose_of_driver,sex_of_driver,age_of_driver,age_band_of_driver,engine_capacity_cc,propulsion_code,age_of_vehicle,generic_make_model,driver_imd_decile,lsoa_of_driver,escooter_flag,driver_distance_banding
2024010550339,2024,010550339,2,9,0,18,19,7,3,0,0,1,0,0,0,0,4,1,6,6,2,35,6,2993,2,9,BMW X6,3,E01000059,0,1
2024141506141,2024,141506141,1,9,0,-1,19,7,3,-1,0,0,2,0,1,9,4,1,-1,9,2,33,6,2993,2,15,BMW X6,7,E01007658,0,1
2024070851713,2024,070851713,1,9,0,-1,5,6,7,-1,9,4,0,0,0,0,1,1,-1,6,1,38,7,2993,2,7,BMW X6,2,E01018478,0,1
2024332400820,2024,332400820,1,11,0,-1,7,1,3,-1,0,6,0,0,1,10,4,1,-1,1,1,36,7,12580,2,22,-1,3,E01032528,0,4
2024361477629,2024,361477629,2,11,0,-1,9,1,7,-1,0,1,0,0,0,0,0,1,-1,1,1,54,8,11630,2,23,-1,2,E01026798,0,1
2024501418245,2024,501418245,3,11,0,-1,2,0,0,-1,0,0,0,0,0,0,3,1,-1,6,1,65,9,8661,2,25,-1,3,E01020114,0,2
2024361420249,2024,361420249,1,11,0,-1,19,5,7,-1,0,0,1,0,0,0,3,9,-1,1,1,46,8,12600,2,21,-1,1,E01026597,0,4
2024010511911,2024,010511911,2,5,0,18,19,7,3,0,0,8,1,0,0,0,1,1,2,2,1,47,8,849,1,10,-1,5,E01001863,0,1
2024141405055,2024,141405055,3,9,0,-1,2,0,0,-1,9,0,0,0,0,0,1,1,-1,6,-1,-1,-1,1560,2,9,FORD MONDEO,-1,-1,0,-1
2024622400811,2024,622400811,2,9,0,18,19,4,8,0,0,1,0,0,7,2,1,1,6,6,1,52,8,1997,2,8,FORD MONDEO,1,W01000833,0,3
2024501531016,2024,501531016,1,9,0,-1,19,1,5,-1,0,0,0,0,0,0,1,1,-1,2,1,37,7,1997,2,14,FORD MONDEO,6,E01020172,0,1
2024201473183,2024,201473183,1,9,0,-1,19,6,2,-1,0,0,0,0,0,0,1,1,-1,6,-1,-1,-1,1998,2,19,FORD MONDEO,-1,-1,0,-1
202460Q097173,2024,60Q097173,1,9,0,10,10,8,6,0,0,1,0,0,0,0,1,1,6,6,3,-1,-1,1995,2,5,FORD MONDEO,-1,-1,0,-1
2024461407212,2024,461407212,2,9,0,-1,4,8,2,-1,0,0,0,0,0,0,2,1,-1,9,1,68,10,1596,1,17,FORD MONDEO,6,E01024234,0,4
2024351469725,2024,351469725,1,9,0,-1,19,5,1,-1,0,8,0,0,0,0,1,1,-1,6,1,47,8,1997,2,16,FORD MONDEO,4,E01015591,0,1
2024061408749,2024,061408749,5,9,0,-1,19,1,5,-1,0,2,0,0,0,0,4,1,-1,9,1,33,6,1997,2,9,FORD MONDEO,5,E01024859,0,4
2024991533938,2024,991533938,2,9,0,-1,19,3,7,-1,0,1,0,4,0,0,1,1,-1,6,1,64,9,1997,2,15,FORD MONDEO,2,-1,0,1
2024991440915,2024,991440915,1,9,0,-1,19,1,5,-1,0,3,0,0,0,0,4,1,-1,9,1,58,9,1753,2,16,FORD MONDEO,10,-1,0,1
202417L207924,2024,17L207924,2,9,0,-1,4,8,4,-1,0,1,0,0,0,0,1,1,-1,2,1,-1,-1,1999,1,12,FORD MONDEO,-1,-1,0,-1
2024501437825,2024,501437825,2,9,0,-1,19,4,8,-1,0,1,0,0,0,0,1,1,-1,2,1,57,9,1998,2,21,FORD MONDEO,6,E01019974,0,1
2024440098219,2024,440098219,2,9,0,13,13,7,3,0,0,0,0,0,0,0,4,1,6,6,1,-1,-1,1997,2,7,FORD MONDEO,-1,-1,0,-1
2024552401536,2024,552401536,2,9,0,18,19,7,3,0,0,8,0,0,0,0,4,1,6,6,1,38,7,1997,2,14,FORD MONDEO,3,E01020574,0,1
2024440049877,2024,440049877,1,9,0,14,14,4,8,0,0,1,0,0,0,0,1,1,6,6,3,-1,-1,2261,1,15,FORD MONDEO,-1,-1,0,-1
2024131399230,2024,131399230,2,9,0,-1,19,3,7,-1,0,0,0,0,0,0,0,1,-1,1,1,39,7,1997,2,7,FORD MONDEO,6,E01011885,0,2
2024631475261,2024,631475261,1,9,0,-1,12,5,1,-1,0,0,0,0,0,0,3,1,-1,9,2,45,7,1997,2,15,FORD MONDEO,6,E01027947,0,5
2024320496041,2024,320496041,1,9,0,-1,-1,4,8,0,0,8,0,0,0,0,1,1,6,6,1,45,7,1995,2,5,FORD MONDEO,10,E01026294,0,1
2024010495235,2024,010495235,1,9,0,9,9,1,7,0,0,5,0,0,0,0,4,1,2,2,1,58,9,1997,2,15,FORD MONDEO,6,E01035706,0,1
2024522403157,2024,522403157,1,9,0,18,19,4,8,0,0,8,0,0,0,0,3,1,6,6,1,57,9,1997,2,14,FORD MONDEO,7,E01014598,0,2
2024461512940,2024,461512940,4,9,0,-1,3,1,5,-1,0,0,0,0,0,0,2,2,-1,6,2,41,7,1753,2,13,FORD MONDEO,5,E01016158,0,1
2024351518689,2024,351518689,2,9,0,-1,9,5,4,-1,0,2,0,0,0,0,3,1,-1,6,1,64,9,1753,2,16,FORD MONDEO,4,E01015622,0,1
2024141408701,2024,141408701,3,9,0,-1,19,6,2,-1,0,0,0,0,0,0,1,1,-1,9,1,53,8,1997,2,8,FORD MONDEO,3,E01008016,0,1
2024451442429,2024,451442429,1,9,0,-1,19,3,1,-1,0,0,0,0,0,0,1,9,-1,6,1,69,10,1997,2,17,FORD MONDEO,9,E01030947,0,3
2024361500899,2024,361500899,2,9,0,-1,15,4,8,-1,0,1,1,0,1,0,1,1,-1,1,1,18,4,2198,2,18,FORD MONDEO,6,E01033036,0,2
2024471442742,2024,471442742,2,9,0,-1,2,0,0,-1,-1,0,0,0,0,0,3,1,-1,6,-1,-1,-1,1997,2,12,FORD MONDEO,-1,-1,0,-1
2024041448116,2024,041448116,2,9,0,-1,19,2,1,-1,0,1,0,0,1,0,3,1,-1,6,2,31,6,1997,2,8,FORD MONDEO,4,E01004961,0,2
2024201444369,2024,201444369,1,9,0,-1,19,4,8,-1,0,8,0,0,0,0,4,1,-1,6,1,72,10,2000,2,17,FORD MONDEO,1,E01032888,0,1
2024461427247,2024,461427247,2,9,0,-1,19,1,5,-1,0,1,0,0,0,0,1,1,-1,2,1,56,9,1499,2,9,FORD MONDEO,3,E01016037,0,1
2024010514948,2024,010514948,5,9,0,18,19,8,4,0,0,1,0,0,0,0,0,1,6,6,1,36,7,1999,8,2,FORD MONDEO,3,E01001830,0,1
2024211523388,2024,211523388,1,9,0,-1,19,8,6,-1,0,0,0,0,0,0,1,1,-1,6,1,44,7,1999,1,16,FORD MONDEO,1,E01009019,0,4
2024161479860,2024,161479860,1,9,0,-1,9,6,4,-1,0,8,0,0,0,0,4,1,-1,9,1,51,8,1753,2,17,FORD MONDEO,2,E01013131,0,1
2024440512820,2024,440512820,3,9,0,2,2,0,0,0,0,1,0,0,0,0,3,1,6,6,1,63,9,2198,2,17,FORD MONDEO,-1,-1,0,-1
2024010550908,2024,010550908,1,9,0,99,99,9,9,99,99,0,9,99,9,99,2,9,6,6,1,44,7,1499,2,7,FORD MONDEO,3,E01001468,0,1
2024201441123,2024,201441123,1,9,0,-1,19,3,7,-1,0,8,0,0,0,0,1,9,-1,9,1,67,10,1997,2,15,FORD MONDEO,3,E01010422,0,1
2024440028522,2024,440028522,2,9,0,4,4,8,4,0,0,1,0,0,0,0,1,1,6,6,1,46,8,1997,2,14,FORD MONDEO,2,E01017218,0,1
2024371433618,2024,371433618,1,9,0,-1,19,3,7,-1,0,1,0,0,0,0,1,1,-1,6,1,58,9,1997,2,11,FORD MONDEO,8,E01007612,0,5
2024531514606,2024,531514606,2,9,0,-1,19,6,2,-1,0,0,0,0,0,0,1,1,-1,9,2,25,5,1998,2,18,FORD MONDEO,5,E01022250,0,1
2024461394501,2024,461394501,1,9,0,-1,19,7,3,-1,0,2,0,0,0,0,1,1,-1,2,1,36,7,2198,2,18,FORD MONDEO,2,E01024165,0,1
202460Q011755,2024,60Q011755,1,9,0,18,19,7,3,0,0,4,0,0,0,0,1,1,6,6,1,36,7,1499,2,9,FORD MONDEO,-1,-1,0,-1
2024311413164,2024,311413164,1,9,0,-1,5,5,1,-1,0,6,0,0,0,0,1,9,-1,6,1,-1,-1,1997,2,16,FORD MONDEO,3,E01028306,0,1
2024070642685,2024,070642685,2,8,0,18,19,2,6,0,0,0,0,0,0,0,4,1,1,1,1,58,9,1560,2,10,FORD MONDEO,3,E01018482,0,1
2024070678601,2024,070678601,1,9,0,-1,-1,1,5,0,0,0,0,4,0,0,1,1,6,6,2,35,6,1997,2,16,FORD MONDEO,7,E01018360,0,1
2024141434201,2024,141434201,3,9,0,-1,2,0,0,-1,0,0,0,0,0,0,2,1,-1,6,-1,-1,-1,1997,2,9,FORD MONDEO,-1,-1,0,-1
2024440014571,2024,440014571,1,9,0,9,9,5,3,0,0,8,0,0,0,0,1,1,6,6,1,37,7,1999,1,20,FORD MONDEO,8,E01017215,0,1
2024311480591,2024,311480591,3,9,0,-1,19,7,7,-1,0,0,0,0,0,0,1,1,-1,6,1,-1,-1,1997,2,10,FORD MONDEO,-1,-1,0,-1
2024461456550,2024,461456550,2,9,0,-1,10,7,3,-1,0,0,0,0,0,0,2,9,-1,9,1,28,6,1997,2,13,FORD MONDEO,4,E01016116,0,1
202417L205624,2024,17L205624,1,9,0,-1,19,6,2,-1,0,8,0,0,0,0,1,1,-1,9,1,49,8,2179,2,12,FORD MONDEO,4,E01027840,0,4
2024201417449,2024,201417449,2,9,0,-1,2,0,0,-1,0,0,0,0,0,0,2,9,-1,6,2,52,8,2198,2,19,FORD MONDEO,3,E01010144,0,1
2024201463476,2024,201463476,1,9,0,-1,19,5,2,-1,0,1,1,0,0,0,1,9,-1,6,1,35,6,1997,2,17,FORD MONDEO,1,E01010416,0,1
2024201510454,2024,201510454,2,9,0,-1,19,6,2,-1,0,0,0,0,0,0,4,1,-1,9,1,37,7,1798,1,18,FORD MONDEO,8,E01009456,0,1
2024302401046,2024,302401046,1,9,0,17,19,3,8,0,0,0,0,0,7,9,1,1,6,6,2,51,8,1999,8,5,FORD MONDEO,3,E01033388,0,3
2024547891324,2024,547891324,3,9,0,18,19,2,6,0,0,1,0,0,0,0,1,1,6,6,1,42,7,1997,2,9,FORD MONDEO,9,E01031946,0,1
2024122500169,2024,122500169,1,8,0,18,19,7,3,0,0,4,0,0,0,0,0,1,1,1,1,29,6,1997,2,7,FORD MONDEO,2,E01027812,0,1
2024010499549,2024,010499549,1,9,0,99,99,9,9,0,0,0,9,99,9,99,2,9,6,6,2,61,9,1997,2,14,FORD MONDEO,8,E01023312,0,1
2024201510165,2024,201510165,1,9,4,-1,15,3,6,-1,0,0,1,0,0,0,1,1,-1,9,1,37,7,1997,2,15,FORD MONDEO,3,E01009242,0,1
2024340NN3122,2024,340NN3122,2,9,0,-1,3,5,1,-1,0,0,0,0,0,0,2,1,-1,9,1,41,7,1997,2,14,FORD MONDEO,9,E01016800,0,3
2024302500176,2024,302500176,2,9,0,-1,19,1,5,-1,0,0,0,0,1,0,3,1,-1,9,1,70,10,1753,2,15,FORD MONDEO,3,E01019506,0,1
2024231496181,2024,231496181,1,9,0,-1,12,5,1,-1,0,0,0,0,0,0,3,1,-1,6,1,31,6,1997,2,15,FORD MONDEO,6,E01028220,0,4
202454F136324,2024,54F136324,1,9,0,18,19,8,4,0,0,0,0,0,0,0,1,1,6,6,1,58,9,1560,2,12,FORD MONDEO,8,E01015481,0,1
2024311453125,2024,311453125,1,9,0,-1,19,7,3,-1,0,0,0,0,0,0,1,1,-1,9,1,39,7,1997,2,14,FORD MONDEO,6,E01007974,0,4
2024101437766,2024,101437766,2,9,0,-1,19,3,7,-1,0,8,1,0,0,0,4,1,-1,2,1,30,6,1997,2,11,FORD MONDEO,2,E01008661,0,2
2024430318869,2024,430318869,2,9,0,18,19,7,3,0,0,0,1,0,0,6,1,1,6,6,2,22,5,1997,2,15,FORD MONDEO,2,W01001210,0,5
2024471427694,2024,471427694,2,9,0,-1,1,1,5,-1,0,0,0,0,0,0,2,1,-1,6,1,56,9,1997,2,8,FORD MONDEO,5,E01031370,0,2
2024311426276,2024,311426276,4,9,0,-1,2,0,0,-1,0,0,0,0,0,0,2,1,-1,9,2,42,7,1997,2,9,FORD MONDEO,6,E01028125,0,1
2024430277641,2024,430277641,1,9,0,18,19,1,5,0,0,4,0,0,0,0,1,1,6,6,1,55,8,1499,2,7,FORD MONDEO,8,E01022951,0,4
2024311524044,2024,311524044,1,9,0,-1,19,6,2,-1,0,0,0,0,0,0,4,1,-1,9,1,42,7,1997,2,10,FORD MONDEO,7,E01026340,0,4
2024161440201,2024,161440201,1,9,0,-1,4,4,1,-1,0,1,0,0,0,0,2,9,-1,6,1,35,6,1498,1,5,FORD MONDEO,9,E01026061,0,2
2024320366189,2024,320366189,3,9,0,3,3,2,6,0,0,0,0,0,0,0,2,1,6,6,1,45,7,1997,2,12,FORD MONDEO,4,E01019283,0,5
2024340NN3972,2024,340NN3972,3,9,0,-1,2,0,0,-1,0,1,0,4,0,0,2,1,-1,6,1,68,10,1596,1,12,FORD MONDEO,6,E01027078,0,3
2024361413971,2024,361413971,1,9,0,-1,19,7,3,-1,0,3,0,0,0,0,1,9,-1,9,1,47,8,1999,1,15,FORD MONDEO,1,E01026833,0,2
2024340WN4242,2024,340WN4242,1,9,0,-1,9,6,4,-1,0,6,0,0,0,0,2,1,-1,9,1,27,6,2179,2,15,FORD MONDEO,8,E01034461,0,3
2024101398741,2024,101398741,2,9,0,-1,3,1,5,-1,0,4,0,0,0,0,2,1,-1,6,1,44,7,1997,2,8,FORD MONDEO,8,E01008612,0,2
2024451464936,2024,451464936,1,9,0,-1,19,5,1,-1,0,1,0,0,0,0,1,1,-1,9,2,35,6,1997,2,10,FORD MONDEO,6,E01030767,0,2
2024131410809,2024,131410809,3,9,0,-1,19,5,1,-1,0,0,0,0,0,0,2,1,-1,2,1,58,9,1560,2,12,FORD MONDEO,10,E01027595,0,4
2024320636806,2024,320636806,1,9,0,-1,-1,6,2,0,0,0,0,0,0,0,1,1,6,6,1,35,6,1560,2,11,FORD MONDEO,-1,-1,0,-1
2024141397519,2024,141397519,1,9,0,-1,9,2,8,-1,0,2,0,0,0,0,3,1,-1,2,1,31,6,1596,1,13,FORD MONDEO,1,E01008065,0,1
2024320056118,2024,320056118,1,9,0,6,6,3,3,0,0,0,0,0,0,0,1,1,-1,-1,1,38,7,2179,2,13,FORD MONDEO,9,E01026293,0,4
2024061485841,2024,061485841,1,9,0,-1,7,7,3,-1,0,0,0,7,0,0,1,1,-1,9,1,55,8,1997,2,5,FORD MONDEO,-1,-1,0,-1
2024501528867,2024,501528867,2,9,0,-1,19,1,5,-1,0,0,1,0,0,0,1,2,-1,6,-1,-1,-1,1997,2,14,FORD MONDEO,-1,-1,0,-1
2024351510755,2024,351510755,2,9,0,-1,19,7,3,-1,0,0,0,1,0,0,1,1,-1,6,1,64,9,1997,2,9,FORD MONDEO,9,E01018133,0,4
2024141487382,2024,141487382,3,9,0,-1,5,8,4,-1,0,1,0,0,0,0,3,1,-1,6,1,60,9,1997,2,11,FORD MONDEO,5,E01007518,0,2
2024451433664,2024,451433664,2,9,0,-1,19,8,4,-1,0,1,0,0,0,0,1,1,-1,9,1,53,8,1997,2,16,FORD MONDEO,9,E01030602,0,3
2024201452482,2024,201452482,1,9,0,-1,13,8,4,-1,0,1,0,0,0,0,1,9,-1,6,3,-1,-1,1798,1,19,FORD MONDEO,-1,-1,0,-1
2024361501533,2024,361501533,2,9,0,-1,15,5,7,-1,0,0,0,0,0,0,1,1,-1,9,1,42,7,1997,2,12,FORD MONDEO,4,E01026638,0,3
2024501521153,2024,501521153,2,9,0,-1,19,6,8,-1,0,4,0,0,0,0,2,1,-1,6,1,50,8,1997,2,15,FORD MONDEO,3,E01015240,0,1
2024991453790,2024,991453790,2,9,0,-1,2,0,0,-1,0,0,0,4,7,0,1,1,-1,6,-1,-1,-1,1560,2,12,FORD MONDEO,-1,-1,0,-1
2024052400313,2024,052400313,1,9,0,9,9,1,7,0,0,8,0,0,0,0,1,1,6,6,3,-1,-1,1997,2,11,FORD MONDEO,-1,-1,0,-1
2024041404507,2024,041404507,2,9,0,-1,19,5,1,-1,0,0,0,0,0,0,3,1,-1,9,1,77,11,1997,2,16,FORD MONDEO,1,E01012749,0,4
2024052402504,2024,052402504,1,9,0,18,19,3,7,0,0,0,1,7,0,0,1,1,6,6,2,45,7,1753,2,14,FORD MONDEO,3,E01006890,0,2
2024311485859,2024,311485859,2,9,0,-1,19,3,7,-1,0,1,0,0,0,0,1,1,-1,9,1,70,10,1997,2,16,FORD MONDEO,1,E01007708,0,4
2024311408581,2024,311408581,1,9,0,-1,9,5,3,-1,0,5,0,0,0,0,1,1,-1,6,1,34,6,1997,2,15,FORD MONDEO,5,E01014665,0,5
2024141536027,2024,141536027,2,9,0,-1,19,1,1,-1,0,1,0,0,0,0,1,1,-1,9,1,34,6,1998,2,19,FORD MONDEO,4,E01007757,0,1
2024371470803,2024,371470803,2,9,0,-1,4,1,5,-1,0,0,0,0,0,0,2,1,-1,6,1,54,8,1997,2,12,FORD MONDEO,10,E01030292,0,1
2024361495520,2024,361495520,2,9,0,-1,4,1,5,-1,0,1,1,0,0,0,2,1,-1,6,1,72,10,1997,2,13,FORD MONDEO,3,E01026621,0,1
202460Q070178,2024,60Q070178,2,9,0,18,19,4,8,0,0,1,0,0,0,0,1,1,6,6,1,34,6,2967,1,18,FORD MONDEO,-1,-1,0,-1
2024461473513,2024,461473513,1,9,0,-1,19,6,4,-1,0,1,0,0,3,1,1,1,-1,9,1,20,4,1999,1,13,FORD MONDEO,4,E01024387,0,1
2024430197959,2024,430197959,1,9,0,9,9,8,6,0,0,5,0,0,0,0,1,1,6,6,1,49,8,1997,2,15,FORD MONDEO,9,E01016790,0,4
2024101394514,2024,101394514,2,9,0,-1,9,3,7,-1,0,1,0,0,0,0,1,1,-1,6,1,57,9,1997,2,10,FORD MONDEO,-1,-1,0,-1
2024161514089,2024,161514089,1,9,0,-1,19,8,4,-1,0,0,0,0,0,0,1,1,-1,9,1,76,11,1997,2,7,FORD MONDEO,8,E01012791,0,1
2024041551937,2024,041551937,1,9,0,-1,19,1,5,-1,0,0,1,0,5,6,1,1,-1,9,1,38,7,2198,2,18,FORD MONDEO,3,E01019150,0,4
2024631460061,2024,631460061,3,9,0,-1,19,7,4,-1,0,2,0,0,1,0,1,1,-1,9,1,66,10,1997,2,14,FORD MONDEO,1,E01010421,0,4
2024421437963,2024,421437963,2,9,0,-1,9,1,7,-1,0,8,0,0,0,0,1,2,-1,6,1,30,6,1798,1,18,FORD MONDEO,6,E01015816,0,1
2024221494742,2024,221494742,2,9,0,-1,19,2,6,-1,0,0,0,0,0,0,1,1,-1,6,1,43,7,1997,2,15,FORD MONDEO,1,E01032471,0,1
2024430477604,2024,430477604,1,9,0,2,2,0,0,0,0,0,0,0,0,0,4,1,6,6,2,35,6,1999,8,4,FORD MONDEO,-1,-1,0,-1
2024320381540,2024,320381540,1,9,0,18,19,3,7,0,0,4,0,0,0,0,1,1,-1,-1,1,76,11,1560,2,11,FORD MONDEO,2,E01026050,0,2
202454B387124,2024,54B387124,1,9,0,16,19,2,4,0,0,1,0,0,1,0,1,1,2,2,1,41,7,1997,2,12,FORD MONDEO,9,E01032712,0,2
2024211469853,2024,211469853,1,9,0,-1,19,5,1,-1,0,2,0,0,0,0,3,1,-1,6,2,49,8,1997,2,8,FORD MONDEO,6,E01029832,0,1
2024421444745,2024,421444745,3,9,0,-1,19,5,1,-1,0,0,0,0,0,0,3,1,-1,6,2,45,7,1999,1,19,FORD MONDEO,8,E01022093,0,1
2024122400088,2024,122400088,2,8,0,18,19,5,1,0,0,2,0,0,0,0,1,1,1,1,1,63,9,1499,2,7,FORD MONDEO,4,E01027866,0,1
202417S105324,2024,17S105324,2,9,0,-1,19,8,4,-1,0,8,0,0,0,0,1,1,-1,9,1,45,7,1997,2,10,FORD MONDEO,-1,-1,0,-1
2024161495118,2024,161495118,1,9,0,-1,9,5,3,-1,0,6,0,0,0,0,3,9,-1,6,1,26,6,1997,2,16,FORD MONDEO,1,E01013165,0,1
2024211516963,2024,211516963,3,9,0,-1,2,4,3,-1,0,0,0,0,0,0,2,1,-1,6,1,30,6,1997,2,10,FORD MONDEO,1,E01029427,0,1
2024501457304,2024,501457304,2,9,0,-1,19,3,7,-1,0,1,0,0,0,0,1,1,-1,6,1,31,6,1997,2,16,FORD MONDEO,5,E01015070,0,1
2024501484035,2024,501484035,1,9,0,-1,19,7,3,-1,0,2,0,0,0,0,3,1,-1,9,1,44,7,1997,2,6,FORD MONDEO,9,E01028426,0,5
2024010506642,2024,010506642,2,9,0,18,19,5,1,99,99,9,9,99,9,99,1,1,6,6,3,-1,-1,1997,2,10,FORD MONDEO,-1,-1,0,-1
2024340NN2442,2024,340NN2442,2,9,0,-1,5,5,1,-1,0,1,0,0,0,0,2,1,-1,9,1,45,7,1499,2,9,FORD MONDEO,3,E01026967,0,2
2024010519115,2024,010519115,2,9,0,99,99,9,9,99,99,9,9,99,9,99,1,9,6,6,3,-1,-1,1976,1,14,FORD MONDEO,6,E01001040,0,1
2024052401739,2024,052401739,1,8,0,6,6,1,1,0,0,1,0,0,0,0,1,1,1,1,1,54,8,1997,2,8,FORD MONDEO,5,E01006942,0,1
2024141408511,2024,141408511,1,9,0,-1,3,3,7,-1,0,1,0,0,0,0,2,1,-1,6,1,72,10,1997,2,15,FORD MONDEO,3,E01007479,0,1
2024501434143,2024,501434143,3,9,0,-1,19,1,5,-1,0,1,0,0,0,0,1,1,-1,9,1,63,9,1997,2,11,FORD MONDEO,7,E01020178,0,3
2024141557274,2024,141557274,1,9,0,-1,5,4,8,-1,0,0,0,0,0,0,4,1,-1,9,1,44,7,1999,8,5,FORD MONDEO,2,E01007806,0,1
2024302401396,2024,302401396,2,9,0,4,4,5,1,0,0,0,0,0,0,0,1,1,6,6,1,-1,-1,1997,2,8,FORD MONDEO,5,E01019456,0,3
2024302401706,2024,302401706,1,9,0,-1,13,4,8,-1,0,1,0,0,0,0,1,1,-1,6,1,23,5,1798,1,23,FORD MONDEO,1,-1,0,5
2024131499443,2024,131499443,2,9,0,-1,10,7,3,-1,0,6,0,0,0,0,1,1,-1,6,1,-1,-1,1997,2,14,FORD MONDEO,-1,-1,0,-1
2024547240524,2024,547240524,2,9,0,3,3,7,3,0,0,0,0,0,0,0,2,1,1,1,1,49,8,2179,2,16,FORD MONDEO,7,E01032078,0,2
2024041464294,2024,041464294,1,9,0,-1,19,3,7,-1,0,1,0,0,0,0,4,1,-1,1,1,38,7,1997,2,15,FORD MONDEO,1,E01012681,0,1
2024421478536,2024,421478536,1,8,0,-1,19,3,7,-1,0,8,0,0,0,0,1,9,-1,1,1,51,8,1999,8,4,FORD MONDEO,3,E01021279,0,1
2024544163624,2024,544163624,2,9,0,18,19,7,3,0,0,0,0,0,0,0,2,1,6,6,1,67,10,1999,1,17,FORD MONDEO,8,E01030813,0,5
2024471458675,2024,471458675,1,9,0,-1,19,3,7,-1,0,1,0,0,0,0,1,1,-1,9,1,25,5,1997,2,11,FORD MONDEO,2,E01031451,0,1
2024421449183,2024,421449183,2,9,0,-1,2,3,7,-1,0,0,1,0,0,0,2,1,-1,1,2,25,5,1997,2,6,FORD MONDEO,-1,-1,0,-1
2024201466380,2024,201466380,2,9,0,-1,5,2,6,-1,0,8,0,0,0,0,4,9,-1,9,1,41,7,1499,2,9,FORD MONDEO,1,E01009718,0,1
2024010498215,2024,010498215,2,9,0,99,99,9,9,99,99,9,9,99,9,99,9,9,6,6,3,-1,-1,1999,8,8,FORD MONDEO,-1,-1,0,-1
2024010510274,2024,010510274,2,9,0,18,19,5,1,0,0,1,0,0,7,0,3,1,6,6,1,63,9,1596,1,16,FORD MONDEO,6,E01003167,0,3
2024311526338,2024,311526338,2,9,0,-1,2,0,0,-1,-1,0,0,0,0,0,1,1,-1,6,-1,-1,-1,1997,2,15,FORD MONDEO,-1,-1,0,-1
2024991519002,2024,991519002,2,9,0,-1,19,1,5,-1,0,0,0,0,0,0,2,1,-1,1,2,57,9,1997,2,8,FORD MONDEO,-1,-1,0,-1
2024041414847,2024,041414847,3,9,0,-1,19,5,1,-1,0,0,0,0,0,0,0,1,-1,1,1,51,8,2179,2,15,FORD MONDEO,1,E01025579,0,2
202417H107024,2024,17H107024,1,9,0,-1,19,2,6,-1,0,0,0,0,1,9,4,1,-1,9,1,21,5,1997,2,12,FORD MONDEO,1,E01011953,0,1
2024041479050,2024,041479050,1,9,0,-1,7,3,7,-1,0,1,0,0,0,0,1,1,-1,6,3,-1,-1,1997,2,16,FORD MONDEO,-1,-1,0,-1
202417M107724,2024,17M107724,1,9,0,-1,12,2,6,-1,0,0,0,0,0,0,3,1,-1,9,1,65,9,1997,2,15,FORD MONDEO,4,E01012319,0,3
2024540165424,2024,540165424,3,9,0,3,3,5,1,0,0,0,0,0,0,0,2,1,6,6,1,63,9,1499,2,6,FORD MONDEO,8,E01031843,0,3
2024411518673,2024,411518673,1,9,0,-1,19,5,1,-1,0,1,0,0,0,0,4,1,-1,6,1,26,6,-1,3,9,FORD MONDEO,9,E01023837,0,3
2024221510894,2024,221510894,1,9,0,-1,9,6,3,-1,0,5,0,0,0,0,4,9,-1,2,1,62,9,1997,2,13,FORD MONDEO,1,E01032318,0,3
2024122500145,2024,122500145,3,9,0,18,19,6,2,0,0,2,0,1,0,0,1,1,6,6,1,57,9,2198,2,18,FORD MONDEO,3,E01013410,0,2
2024052402425,2024,052402425,1,9,0,18,19,5,1,0,0,0,0,0,0,0,1,1,1,1,1,62,9,1499,2,8,FORD MONDEO,1,E01006700,0,1
2024320571500,2024,320571500,1,9,0,7,7,8,2,0,0,6,0,0,0,0,3,1,-1,-1,1,54,8,1997,2,11,FORD MONDEO,2,E01013965,0,4
2024201494315,2024,201494315,1,9,0,-1,19,2,6,-1,0,8,0,0,0,0,1,1,-1,6,1,28,6,1997,2,9,FORD MONDEO,1,E01009345,0,2
2024471435247,2024,471435247,1,9,0,-1,6,1,5,-1,0,1,0,0,0,0,1,1,-1,6,2,43,7,1997,2,15,FORD MONDEO,1,E01020992,0,1
2024141453337,2024,141453337,2,9,0,-1,19,7,3,-1,0,0,0,0,0,0,3,1,-1,9,2,30,6,1997,2,9,FORD MONDEO,2,E01007843,0,1
2024320589080,2024,320589080,1,9,0,13,13,5,1,0,0,8,0,0,0,0,4,1,6,6,3,-1,-1,2179,2,16,FORD MONDEO,-1,-1,0,-1
2024061469560,2024,061469560,1,9,0,-1,19,4,8,-1,0,0,0,0,0,0,1,9,-1,6,1,-1,-1,1560,2,11,FORD MONDEO,-1,-1,0,-1
2024052402226,2024,052402226,1,9,0,9,9,6,4,0,0,6,0,0,0,0,1,1,1,1,1,-1,-1,1499,2,7,FORD MONDEO,1,E01007008,0,2