collision_index,collision_year,collision_ref_no,vehicle_reference,vehicle_type,towing_and_articulation,vehicle_manoeuvre_historic,vehicle_manoeuvre,vehicle_direction_from,vehicle_direction_to,vehicle_location_restricted_lane_historic,vehicle_location_restricted_lane,junction_location,skidding_and_overturning,hit_object_in_carriageway,vehicle_leaving_carriageway,hit_object_off_carriageway,first_point_of_impact,vehicle_left_hand_drive,journey_purpose_of_driver_historic,journey_purpose_of_driver,sex_of_driver,age_of_driver,age_band_of_driver,engine_capacity_cc,propulsion_code,age_of_vehicle,generic_make_model,driver_imd_decile,lsoa_of_driver,escooter_flag,driver_distance_banding
2024201436721,2024,201436721,3,9,0,-1,19,1,5,-1,0,0,0,0,0,0,2,1,-1,1,1,42,7,1997,2,12,FORD MONDEO,1,E01010291,0,2
2024411403975,2024,411403975,2,9,0,-1,19,1,5,-1,0,0,1,0,0,0,1,1,-1,2,2,63,9,1560,2,12,FORD MONDEO,6,E01023663,0,3
2024221413018,2024,221413018,2,8,0,-1,9,1,7,-1,0,6,0,0,0,0,3,1,-1,1,2,26,6,1997,2,10,FORD MONDEO,2,E01032303,0,1
2024471536585,2024,471536585,2,9,0,-1,9,7,5,-1,0,8,0,0,0,0,4,1,-1,2,1,24,5,1997,2,17,FORD MONDEO,7,E01031398,0,1
2024610022424,2024,610022424,2,9,0,18,19,3,7,0,0,1,0,0,0,0,1,1,6,6,1,43,7,1997,2,17,FORD MONDEO,2,W01001352,0,1
2024340WN1342,2024,340WN1342,2,9,0,-1,19,4,8,-1,0,2,0,10,0,0,3,1,-1,9,1,25,5,1997,2,17,FORD MONDEO,2,E01027151,0,1
2024991471758,2024,991471758,1,9,0,-1,9,8,7,-1,0,6,0,0,0,0,1,1,-1,9,1,79,11,1995,2,4,FORD MONDEO,-1,-1,0,-1
2024351538870,2024,351538870,2,9,0,-1,5,2,5,-1,0,0,0,0,0,0,4,1,-1,9,1,64,9,1997,2,12,FORD MONDEO,6,E01035546,0,1
2024991430657,2024,991430657,1,9,0,-1,5,1,5,-1,0,3,0,4,0,0,1,1,-1,6,1,27,6,1997,2,13,FORD MONDEO,5,-1,0,1
2024052401310,2024,052401310,1,8,0,13,13,8,4,0,0,1,0,0,0,0,2,1,1,1,1,-1,-1,1997,2,9,FORD MONDEO,-1,-1,0,-1
2024010539818,2024,010539818,2,9,0,99,99,9,9,99,99,9,9,99,9,99,1,9,6,6,1,46,8,1798,1,18,FORD MONDEO,7,E01035027,0,5
2024371516819,2024,371516819,2,9,0,-1,19,3,7,-1,0,1,0,0,0,0,1,1,-1,6,2,34,6,1997,2,11,FORD MONDEO,6,E01030090,0,4
2024531509904,2024,531509904,2,9,0,-1,12,3,7,-1,0,7,0,0,0,0,4,1,-1,9,2,38,7,1560,2,12,FORD MONDEO,7,E01022252,0,4
2024141476640,2024,141476640,1,9,0,-1,9,7,3,-1,0,0,0,0,0,0,1,1,-1,9,1,79,11,1596,1,16,FORD MONDEO,1,E01007732,0,2
2024161499944,2024,161499944,1,9,0,-1,9,3,1,-1,0,0,0,0,0,0,1,1,-1,2,2,40,7,1997,2,8,FORD MONDEO,10,E01012926,0,3
2024461402752,2024,461402752,3,9,0,-1,19,4,8,-1,0,1,0,0,0,0,0,9,-1,8,1,35,6,1995,2,4,FORD MONDEO,-1,-1,0,-1
2024061452679,2024,061452679,1,9,0,-1,2,8,8,-1,0,0,0,0,0,0,2,9,-1,6,1,29,6,1997,2,15,FORD MONDEO,7,E01012554,0,3
2024991535147,2024,991535147,1,9,0,-1,5,3,7,-1,0,0,1,0,0,0,2,1,-1,6,3,41,7,1997,2,11,FORD MONDEO,-1,-1,0,-1
2024041461082,2024,041461082,1,9,0,-1,1,-1,-1,-1,0,1,0,0,0,0,-1,9,-1,6,3,25,5,1997,2,15,FORD MONDEO,-1,-1,0,-1
2024201533178,2024,201533178,3,9,0,-1,2,7,6,-1,9,0,0,0,0,0,1,1,-1,6,1,46,8,1999,1,22,FORD MONDEO,-1,-1,0,-1
2024052402710,2024,052402710,2,9,0,18,19,1,5,0,0,1,0,0,0,0,3,1,1,1,1,55,8,1499,2,7,FORD MONDEO,1,E01007269,0,1
2024610052724,2024,610052724,1,9,0,18,19,1,5,0,0,0,0,0,0,0,1,1,2,2,1,60,9,1999,1,20,FORD MONDEO,8,W01001903,0,3
2024141471753,2024,141471753,2,9,0,-1,19,3,7,-1,0,0,0,0,0,0,1,1,-1,9,1,72,10,1997,2,9,FORD MONDEO,3,E01007374,0,1
2024320530139,2024,320530139,1,9,0,9,9,2,8,0,0,2,0,0,0,0,1,1,-1,-1,1,84,11,1997,2,8,FORD MONDEO,2,E01026113,0,3
2024440147453,2024,440147453,1,9,0,18,19,2,6,0,0,0,0,0,0,0,1,1,2,2,2,38,7,1997,2,7,FORD MONDEO,6,E01023179,0,1
2024440301929,2024,440301929,2,9,0,18,19,1,5,0,0,8,0,0,0,0,3,1,6,6,2,40,7,1997,2,13,FORD MONDEO,8,E01022733,0,3
2024311472532,2024,311472532,1,9,0,-1,19,8,1,-1,0,0,1,0,0,0,1,1,-1,6,1,76,11,1499,2,8,FORD MONDEO,5,E01028333,0,1
2024552401406,2024,552401406,2,9,0,7,7,2,5,0,0,5,0,0,0,0,2,1,6,6,1,32,6,1560,2,10,FORD MONDEO,6,E01016890,0,5
2024522402914,2024,522402914,1,9,0,7,7,4,6,0,0,8,0,0,0,0,2,1,6,6,1,42,7,1997,2,10,FORD MONDEO,6,E01014813,0,1
2024421486724,2024,421486724,2,9,0,-1,6,7,7,-1,0,8,0,0,0,0,1,1,-1,9,1,85,11,1997,2,6,FORD MONDEO,9,E01015815,0,1
2024501456297,2024,501456297,1,9,0,-1,19,6,2,-1,0,0,0,0,0,0,1,1,-1,6,1,21,5,1997,2,17,FORD MONDEO,2,E01018949,0,4
2024501423815,2024,501423815,2,9,0,-1,2,0,0,-1,0,1,0,0,0,0,4,1,-1,6,-1,-1,-1,1999,1,20,FORD MONDEO,-1,-1,0,-1
2024320461901,2024,320461901,1,9,0,-1,-1,6,2,0,0,0,0,0,0,0,1,1,-1,-1,1,45,7,1997,2,15,FORD MONDEO,6,E01031130,0,5
2024201529993,2024,201529993,1,9,0,-1,19,1,5,-1,0,0,0,0,0,0,1,9,-1,6,3,20,4,1753,2,15,FORD MONDEO,-1,-1,0,-1
2024311441855,2024,311441855,1,9,0,-1,19,6,2,-1,0,0,0,0,0,0,2,2,-1,6,1,26,6,1997,2,10,FORD MONDEO,1,E01028247,0,1
2024991396764,2024,991396764,1,9,0,-1,19,1,5,-1,0,0,0,0,0,0,1,1,-1,9,1,60,9,1499,2,8,FORD MONDEO,9,-1,0,2
2024111455231,2024,111455231,2,8,0,-1,10,8,6,-1,0,1,0,0,0,0,2,1,-1,1,1,60,9,1560,2,10,FORD MONDEO,4,E01034489,0,4
2024122401083,2024,122401083,2,9,0,9,9,1,7,0,0,2,0,0,0,0,1,1,1,1,1,30,6,1997,2,6,FORD MONDEO,6,E01027790,0,4
2024501475361,2024,501475361,1,9,0,-1,5,5,1,-1,0,0,0,4,0,0,2,1,-1,6,1,93,11,1997,2,8,FORD MONDEO,3,E01019985,0,1
2024471415437,2024,471415437,1,9,0,-1,19,3,7,-1,0,0,0,0,0,0,1,1,-1,1,1,51,8,1997,2,8,FORD MONDEO,8,E01020948,0,2
2024320704702,2024,320704702,2,9,0,-1,-1,6,2,0,0,0,0,0,0,0,1,1,-1,-1,2,42,7,1997,2,15,FORD MONDEO,6,E01026264,0,1
2024421519625,2024,421519625,2,9,0,-1,3,1,5,-1,0,1,0,0,0,0,1,1,-1,6,1,47,8,1753,2,15,FORD MONDEO,2,E01015851,0,1
2024421403015,2024,421403015,1,9,0,-1,4,2,6,-1,0,0,0,0,1,4,1,1,-1,6,1,77,11,1498,1,8,FORD MONDEO,10,E01021438,0,2
2024451487947,2024,451487947,2,9,0,-1,19,-1,-1,-1,0,0,0,0,0,0,1,1,-1,6,3,-1,-1,1997,2,14,FORD MONDEO,-1,-1,0,-1
2024211434887,2024,211434887,2,9,0,-1,5,6,3,-1,0,4,0,0,0,0,1,1,-1,9,1,66,10,1999,1,20,FORD MONDEO,-1,-1,0,-1
2024520402132,2024,520402132,2,9,0,10,10,1,7,0,0,8,0,0,0,0,3,1,6,6,2,54,8,1560,2,11,FORD MONDEO,6,E01029077,0,1
2024440160207,2024,440160207,2,9,0,4,4,2,6,0,0,1,0,0,0,0,1,1,6,6,3,-1,-1,1997,2,9,FORD MONDEO,-1,-1,0,-1
2024320041943,2024,320041943,2,9,0,-1,-1,2,6,0,0,0,0,4,0,0,1,1,-1,-1,1,81,11,1997,2,13,FORD MONDEO,9,E01026269,0,3
2024052401319,2024,052401319,2,9,0,18,19,4,8,0,0,8,0,0,0,0,3,1,1,1,1,56,9,1997,2,6,FORD MONDEO,2,E01006786,0,2
2024311409541,2024,311409541,1,9,0,-1,1,3,7,-1,0,0,0,4,0,0,2,1,-1,6,1,78,11,1798,1,20,FORD MONDEO,1,E01013821,0,1
2024461502257,2024,461502257,1,9,0,-1,19,7,3,-1,0,0,1,0,0,0,1,1,-1,1,1,41,7,1798,1,19,FORD MONDEO,2,E01024295,0,4
2024411536848,2024,411536848,1,9,0,-1,19,3,7,-1,0,3,0,0,0,0,1,1,-1,6,1,-1,-1,1499,2,8,FORD MONDEO,-1,-1,0,-1
2024430585238,2024,430585238,1,9,0,18,19,8,4,0,0,2,0,0,0,0,1,1,6,6,1,-1,-1,1999,1,17,FORD MONDEO,-1,-1,0,-1
2024501440966,2024,501440966,1,8,0,-1,5,2,3,-1,0,0,0,0,0,0,0,1,-1,1,1,76,11,1997,2,8,FORD MONDEO,1,E01015152,0,1
2024501513232,2024,501513232,1,9,0,-1,3,3,7,-1,0,0,0,0,0,0,2,2,-1,6,1,32,6,1997,2,11,FORD MONDEO,9,E01015140,0,2
2024501467679,2024,501467679,2,9,0,-1,11,7,3,-1,0,0,0,0,0,0,2,1,-1,6,1,46,8,2179,2,11,FORD MONDEO,4,E01015031,0,2
2024340NN4172,2024,340NN4172,1,9,0,-1,19,1,5,-1,0,0,1,0,0,0,1,1,-1,6,1,41,7,2179,2,14,FORD MONDEO,9,E01027167,0,4
2024131535079,2024,131535079,1,9,0,-1,5,3,3,-1,0,0,0,0,0,0,1,1,-1,6,3,-1,-1,1753,2,14,FORD MONDEO,-1,-1,0,-1
2024361525196,2024,361525196,2,9,0,-1,19,7,3,-1,0,1,0,0,0,0,2,1,-1,6,1,45,7,1997,2,12,FORD MONDEO,7,E01026883,0,1
2024010498436,2024,010498436,1,9,0,4,4,5,1,0,0,0,0,0,0,0,3,1,6,6,1,23,5,1498,1,8,FORD MONDEO,-1,-1,0,-1
2024542244324,2024,542244324,2,9,0,18,19,1,5,0,0,0,0,0,0,0,2,1,6,6,1,41,7,1997,2,10,FORD MONDEO,8,E01034751,0,4
2024061507200,2024,061507200,2,9,0,-1,2,6,4,-1,0,0,0,0,0,0,2,9,-1,6,-1,-1,-1,1997,2,11,FORD MONDEO,-1,-1,0,-1
2024010527431,2024,010527431,1,9,0,10,10,5,2,0,0,1,0,0,0,0,0,1,6,6,1,43,7,1999,1,13,FORD MONDEO,3,E01002243,0,1
2024010519945,2024,010519945,9,9,0,4,4,7,3,0,0,0,0,0,0,0,4,1,6,6,1,68,10,1999,1,12,FORD MONDEO,10,E01021217,0,4
2024101535855,2024,101535855,2,8,0,-1,19,1,5,-1,0,0,0,0,0,0,1,1,-1,1,1,32,6,1997,2,6,FORD MONDEO,2,E01033716,0,1
2024361528043,2024,361528043,1,9,0,-1,19,2,6,-1,0,0,0,0,1,0,0,1,-1,6,2,38,7,1997,2,11,FORD MONDEO,6,E01030097,0,1
2024141400505,2024,141400505,2,9,0,-1,19,5,1,-1,0,8,0,0,0,0,1,1,-1,9,2,50,8,1499,2,8,FORD MONDEO,7,E01007616,0,1
2024471527989,2024,471527989,1,9,0,-1,19,8,4,-1,0,8,0,0,0,0,4,1,-1,9,2,65,9,1997,2,14,FORD MONDEO,10,E01031678,0,2
2024052400261,2024,052400261,1,9,0,9,9,2,1,0,0,8,0,0,0,0,4,1,6,6,1,64,9,1997,2,14,FORD MONDEO,6,E01007265,0,1
2024052402647,2024,052402647,2,9,0,18,19,3,7,0,0,1,0,0,0,0,1,1,6,6,1,80,11,1596,1,13,FORD MONDEO,9,E01006857,0,2
2024631512796,2024,631512796,1,9,0,-1,9,6,4,-1,0,5,0,0,0,0,4,1,-1,2,1,55,8,2521,1,16,FORD MONDEO,5,W01000582,0,3
2024461491018,2024,461491018,3,9,0,-1,19,1,5,-1,0,0,1,0,0,0,1,1,-1,6,1,45,7,1997,2,16,FORD MONDEO,4,E01024702,0,3
2024010498990,2024,010498990,3,9,0,18,19,1,5,0,0,0,0,0,0,0,4,1,6,6,1,31,6,1498,1,6,FORD MONDEO,-1,-1,0,-1
2024552400514,2024,552400514,3,9,0,2,2,0,0,6,6,0,0,0,0,0,3,1,6,6,3,-1,-1,1798,1,18,FORD MONDEO,-1,-1,0,-1
2024991506154,2024,991506154,2,8,0,-1,9,5,7,-1,0,2,0,0,0,0,4,1,-1,1,1,63,9,1499,2,7,FORD MONDEO,-1,-1,0,-1
2024201433557,2024,201433557,2,9,0,-1,19,1,5,-1,0,1,0,0,0,0,4,1,-1,6,1,44,7,1997,2,11,FORD MONDEO,3,E01009655,0,1
2024052401418,2024,052401418,1,9,0,9,9,1,7,0,0,8,0,0,0,0,4,1,6,6,1,52,8,1560,2,10,FORD MONDEO,2,E01006523,0,1
2024131471846,2024,131471846,1,9,0,-1,9,7,3,-1,0,8,0,2,0,0,3,1,-1,6,1,19,4,1997,2,15,FORD MONDEO,5,E01011390,0,1
2024440279834,2024,440279834,2,9,0,7,7,4,7,0,0,6,0,0,0,0,3,1,6,6,1,53,8,1997,2,15,FORD MONDEO,2,E01032750,0,4
2024421447848,2024,421447848,1,9,0,-1,6,8,4,-1,0,0,0,0,0,0,3,1,-1,9,1,58,9,1997,2,14,FORD MONDEO,8,E01021389,0,2
2024070069597,2024,070069597,1,9,0,2,2,2,2,0,0,1,0,0,0,0,2,1,6,6,1,34,6,1997,2,10,FORD MONDEO,2,E01012391,0,1
2024461432662,2024,461432662,2,9,0,-1,19,4,8,-1,0,8,0,0,0,0,4,9,-1,9,1,55,8,1997,2,14,FORD MONDEO,5,E01021097,0,4
2024131425646,2024,131425646,2,9,0,-1,19,5,1,-1,0,0,0,0,0,0,2,1,-1,9,1,72,10,1997,2,11,FORD MONDEO,1,E01011038,0,4
2024430433645,2024,430433645,1,9,0,17,19,1,6,0,0,2,0,10,1,2,1,1,6,6,1,81,11,1798,1,19,FORD MONDEO,10,E01016429,0,1
2024201477341,2024,201477341,2,9,0,-1,19,2,6,-1,0,2,0,0,0,0,1,9,-1,6,1,48,8,1997,2,9,FORD MONDEO,1,E01009051,0,3
2024211473915,2024,211473915,2,9,0,-1,5,3,7,-1,0,2,0,0,0,0,4,1,-1,9,2,65,9,1560,2,13,FORD MONDEO,2,E01029356,0,1
2024010499840,2024,010499840,2,9,0,18,19,5,1,0,0,0,0,0,0,0,0,1,6,6,1,40,7,1995,2,3,FORD MONDEO,-1,-1,0,-1
2024451539909,2024,451539909,1,9,0,-1,19,7,3,-1,0,0,0,0,0,0,1,1,-1,9,1,68,10,1999,8,5,FORD MONDEO,8,E01035358,0,1
2024471440496,2024,471440496,1,9,0,-1,9,1,7,-1,0,6,0,0,0,0,1,1,-1,6,1,63,9,1997,2,11,FORD MONDEO,6,E01031770,0,2
2024161441406,2024,161441406,1,9,0,-1,19,6,2,-1,0,0,0,0,0,0,4,1,-1,9,1,44,7,1560,2,12,FORD MONDEO,2,E01013187,0,1
2024401507369,2024,401507369,2,9,-1,-1,-1,-1,-1,-1,-1,0,-1,-1,-1,0,2,9,-1,9,2,52,8,1997,2,11,FORD MONDEO,3,E01026684,0,4
2024461516712,2024,461516712,1,8,0,-1,19,1,5,-1,0,0,0,0,0,0,1,9,-1,6,1,59,9,1997,2,6,FORD MONDEO,4,E01034985,0,1
2024010499224,2024,010499224,2,9,0,99,99,9,9,99,99,9,9,99,9,99,1,9,6,6,3,22,5,1999,1,15,FORD MONDEO,-1,-1,0,-1
2024351559719,2024,351559719,2,9,0,-1,3,0,0,-1,0,1,0,0,0,0,2,1,-1,6,1,51,8,1998,2,18,FORD MONDEO,1,E01015658,0,1
2024221489521,2024,221489521,1,9,0,-1,19,4,7,-1,0,0,0,0,0,0,1,9,-1,6,1,58,9,1997,2,14,FORD MONDEO,7,E01009116,0,4
2024161397840,2024,161397840,2,9,0,-1,19,3,7,-1,0,4,0,0,0,0,2,1,-1,6,2,34,6,1997,2,10,FORD MONDEO,4,E01013334,0,1
2024052400816,2024,052400816,2,9,0,4,4,4,2,0,0,0,0,0,0,0,2,1,6,6,1,44,7,1997,2,8,FORD MONDEO,8,E01006827,0,2
2024010531517,2024,010531517,1,9,0,99,99,9,9,99,99,9,9,99,9,99,2,9,6,6,1,47,8,1498,1,9,FORD MONDEO,8,E01003679,0,1
2024101506800,2024,101506800,1,9,0,-1,7,6,6,-1,0,8,1,10,0,0,4,1,-1,6,1,26,6,1997,2,16,FORD MONDEO,1,E01008867,0,2
2024361475583,2024,361475583,2,9,0,-1,2,0,0,-1,-1,0,0,0,1,0,2,1,-1,6,-1,-1,-1,1997,2,13,FORD MONDEO,-1,-1,0,-1
2024101459343,2024,101459343,1,9,0,-1,9,8,6,-1,0,8,0,0,0,0,3,1,-1,6,1,41,7,1997,2,14,FORD MONDEO,1,E01008484,0,1
2024461520484,2024,461520484,1,9,0,-1,19,7,3,-1,9,0,1,0,1,10,1,1,-1,2,1,44,7,1997,2,12,FORD MONDEO,4,E01024287,0,2
2024061439360,2024,061439360,1,9,0,-1,19,1,5,-1,0,8,0,0,0,0,1,1,-1,9,1,40,7,1753,2,15,FORD MONDEO,3,E01006325,0,1
2024052500006,2024,052500006,1,8,0,13,13,3,7,0,0,1,0,0,0,0,1,1,1,1,1,29,6,1997,2,8,FORD MONDEO,2,E01007026,0,2
2024421481193,2024,421481193,2,9,0,-1,19,5,1,-1,0,0,0,0,0,0,1,1,-1,2,1,41,7,1498,1,8,FORD MONDEO,4,E01021775,0,3
2024440410785,2024,440410785,2,9,0,18,19,3,7,0,0,8,0,0,0,0,3,1,6,6,1,33,6,1997,2,15,FORD MONDEO,10,E01022505,0,1
2024061409809,2024,061409809,1,9,0,-1,4,1,1,-1,0,0,0,0,0,0,0,2,-1,9,1,55,8,1999,8,4,FORD MONDEO,1,E01006213,0,1
2024201436309,2024,201436309,1,9,0,-1,9,1,7,-1,0,6,0,0,0,0,1,1,-1,6,1,25,5,1753,2,15,FORD MONDEO,5,E01010418,0,3
2024201407071,2024,201407071,1,9,0,-1,1,2,6,-1,9,0,0,0,0,0,2,9,-1,9,2,88,11,1976,1,14,FORD MONDEO,5,E01009939,0,1
2024131519109,2024,131519109,2,9,0,-1,19,7,3,-1,0,8,0,0,0,0,4,1,-1,6,1,32,6,1997,2,14,FORD MONDEO,3,E01011920,0,2
2024070594401,2024,070594401,1,9,0,18,19,6,2,0,0,1,0,0,0,0,1,1,6,6,1,-1,-1,1999,1,16,FORD MONDEO,-1,-1,0,-1
2024041501878,2024,041501878,1,9,0,-1,19,7,3,-1,0,0,0,4,1,0,3,1,-1,9,2,37,7,1560,2,11,FORD MONDEO,9,E01024980,0,3
2024991425196,2024,991425196,1,9,0,-1,19,7,3,-1,0,0,1,0,0,0,1,1,-1,2,1,23,5,1997,2,17,FORD MONDEO,5,-1,0,4
2024052401090,2024,052401090,2,9,0,18,19,8,4,0,0,8,1,0,0,0,1,1,6,6,1,52,8,1997,2,15,FORD MONDEO,1,E01034396,0,1
2024351473892,2024,351473892,2,9,0,-1,19,1,6,-1,0,8,0,0,0,0,4,1,-1,1,1,69,10,1997,2,9,FORD MONDEO,3,E01017971,0,4
2024010548742,2024,010548742,1,9,0,4,4,3,7,0,0,2,0,0,0,0,2,1,2,2,1,38,7,1997,2,8,FORD MONDEO,2,E01002074,0,1
2024041410240,2024,041410240,2,9,0,-1,19,7,3,-1,0,1,0,11,4,2,3,1,-1,2,2,25,5,1999,8,3,FORD MONDEO,1,E01034397,0,4
2024371529818,2024,371529818,1,9,0,-1,5,4,2,-1,0,2,0,0,0,0,1,1,-1,2,1,54,8,2179,2,10,FORD MONDEO,7,E01030207,0,1
202417M213224,2024,17M213224,1,9,0,-1,4,8,4,-1,0,0,0,0,0,0,2,1,-1,2,1,57,9,1997,2,17,FORD MONDEO,-1,-1,0,-1
2024010539951,2024,010539951,2,9,0,4,4,7,3,9,9,0,0,0,0,0,3,1,1,1,1,22,5,1498,1,6,FORD MONDEO,4,E01000472,0,3
2024311522969,2024,311522969,1,9,0,-1,19,2,6,-1,0,0,0,0,0,0,2,1,-1,9,1,32,6,1997,2,11,FORD MONDEO,-1,-1,0,-1
2024351531155,2024,351531155,1,9,-1,-1,-1,-1,-1,-1,-1,-1,-1,-1,-1,0,-1,9,-1,6,3,-1,-1,1997,2,16,FORD MONDEO,-1,-1,0,-1
2024430577449,2024,430577449,1,9,0,9,9,3,1,0,0,6,0,0,0,0,3,1,6,6,2,51,8,1560,2,10,FORD MONDEO,8,E01016190,0,2
2024201408057,2024,201408057,2,9,0,-1,9,5,3,-1,0,5,0,0,0,0,4,9,-1,9,1,80,11,1999,1,13,FORD MONDEO,7,E01010345,0,4
2024221496202,2024,221496202,2,9,0,-1,13,5,1,-1,0,0,0,0,0,0,4,9,-1,9,1,60,9,1997,2,14,FORD MONDEO,2,E01032453,0,3
2024361479589,2024,361479589,2,9,0,-1,19,5,7,-1,0,8,0,0,0,0,1,1,-1,9,1,40,7,1997,2,12,FORD MONDEO,1,E01026867,0,1
2024421496807,2024,421496807,3,9,0,-1,19,2,6,-1,0,0,0,0,0,0,0,1,-1,1,1,30,6,1995,2,3,FORD MONDEO,7,E01021544,0,4
2024531474070,2024,531474070,1,9,0,-1,19,5,1,-1,0,0,0,0,0,0,1,1,-1,2,1,31,6,1798,1,20,FORD MONDEO,6,E01032211,0,3
2024471420497,2024,471420497,1,9,0,-1,19,7,3,-1,-1,0,5,4,0,0,4,1,-1,6,2,35,6,1999,1,16,FORD MONDEO,4,E01031836,0,1
2024041504107,2024,041504107,2,9,0,-1,7,5,3,-1,0,1,0,0,0,0,3,1,-1,6,1,40,7,1997,2,9,FORD MONDEO,1,E01012603,0,3
2024052400634,2024,052400634,2,9,0,18,19,5,1,0,0,8,0,0,0,0,1,1,2,2,1,46,8,1499,2,9,FORD MONDEO,1,E01006618,0,1
2024061517623,2024,061517623,5,9,0,-1,19,1,5,-1,0,0,0,0,0,0,1,1,-1,2,1,55,8,1995,2,5,FORD MONDEO,10,E01025259,0,4
2024231465306,2024,231465306,1,9,0,-1,19,5,8,-1,0,8,0,0,0,0,0,9,-1,6,3,30,6,1997,2,14,FORD MONDEO,-1,-1,0,-1
2024201432230,2024,201432230,1,9,0,-1,9,6,4,-1,0,6,0,0,0,0,1,9,-1,6,1,-1,-1,1997,2,15,FORD MONDEO,-1,-1,0,-1
2024320136496,2024,320136496,2,9,0,-1,-1,8,4,0,0,8,0,0,0,0,2,1,-1,-1,1,24,5,1997,2,14,FORD MONDEO,5,E01026232,0,3
2024451483872,2024,451483872,2,9,0,-1,14,4,8,-1,0,0,0,0,0,0,2,1,-1,9,1,45,7,1798,1,18,FORD MONDEO,3,E01030657,0,1
2024052402637,2024,052402637,3,9,0,18,19,7,3,0,0,8,0,0,0,0,1,1,2,2,1,56,9,1997,2,9,FORD MONDEO,1,E01006518,0,1
2024052401193,2024,052401193,1,8,0,5,5,7,8,0,0,4,0,0,0,0,1,1,6,6,3,-1,-1,1997,2,8,FORD MONDEO,-1,-1,0,-1
2024461529431,2024,461529431,2,9,0,-1,2,4,3,-1,0,0,0,0,0,0,3,1,-1,9,1,62,9,1997,2,17,FORD MONDEO,1,E01024658,0,1
2024411559728,2024,411559728,2,9,0,-1,-1,-1,-1,-1,-1,0,-1,-1,-1,0,-1,1,-1,6,1,64,9,1999,8,3,FORD MONDEO,6,E01023761,0,4
2024101489867,2024,101489867,2,9,0,-1,19,5,1,-1,0,1,0,0,0,0,3,1,-1,7,2,29,6,1997,2,7,FORD MONDEO,-1,-1,0,-1
2024052401512,2024,052401512,2,8,0,18,19,7,3,0,0,8,0,0,7,11,1,1,1,1,1,59,9,1499,2,7,FORD MONDEO,6,E01007246,0,1
2024461514948,2024,461514948,2,9,0,-1,19,4,8,-1,0,8,0,0,0,0,3,1,-1,2,1,27,6,1997,2,5,FORD MONDEO,1,E01024612,0,1
2024451431755,2024,451431755,1,9,0,-1,9,1,5,-1,0,0,0,0,0,0,1,1,-1,6,3,-1,-1,1997,2,15,FORD MONDEO,-1,-1,0,-1
2024041482018,2024,041482018,2,9,0,-1,19,1,5,-1,0,1,1,0,0,0,3,1,-1,9,1,34,6,2198,2,19,FORD MONDEO,6,E01025541,0,1
2024201495465,2024,201495465,3,9,0,-1,19,4,2,-1,0,0,0,0,0,0,4,1,-1,6,1,59,9,1999,1,16,FORD MONDEO,3,E01008988,0,2
2024221412589,2024,221412589,1,9,0,-1,19,4,8,-1,0,0,0,0,0,0,1,1,-1,9,1,51,8,1798,1,18,FORD MONDEO,9,E01014022,0,1
2024031416655,2024,031416655,1,9,0,-1,19,5,3,-1,0,0,2,0,1,0,1,1,-1,7,1,45,7,1999,1,18,FORD MONDEO,-1,-1,0,-1
2024451540900,2024,451540900,1,9,0,-1,7,5,1,-1,0,5,0,0,1,0,4,1,-1,2,1,72,10,1997,2,8,FORD MONDEO,10,E01030695,0,1
2024522401983,2024,522401983,1,9,0,4,4,4,8,0,0,0,0,0,0,0,2,1,6,6,1,67,10,1997,2,13,FORD MONDEO,2,E01014643,0,1
2024010542405,2024,010542405,1,9,0,99,99,9,9,99,99,9,9,99,9,99,9,9,6,6,2,37,7,1499,2,8,FORD MONDEO,3,E01002634,0,1
2024332400144,2024,332400144,2,9,0,-1,19,5,1,-1,0,6,0,0,0,0,1,1,-1,9,1,64,9,1560,2,11,FORD MONDEO,5,E01011586,0,5
2024211489378,2024,211489378,2,9,0,-1,3,4,8,-1,0,4,0,0,0,0,1,1,-1,1,2,46,8,1995,2,3,FORD MONDEO,8,E01019839,0,4
2024501414192,2024,501414192,1,9,0,-1,1,0,5,-1,0,0,0,11,0,0,2,9,-1,1,1,63,9,1997,2,9,FORD MONDEO,7,E01033294,0,1
2024101518336,2024,101518336,2,9,0,-1,9,3,1,-1,0,5,0,0,0,0,3,1,-1,9,1,43,7,1997,2,6,FORD MONDEO,1,E01008300,0,1
2024411580857,2024,411580857,1,9,0,-1,19,5,1,-1,0,0,0,0,0,0,1,1,-1,1,1,28,6,1997,2,16,FORD MONDEO,5,E01034420,0,4
2024501429840,2024,501429840,2,9,0,-1,19,7,3,-1,0,0,1,0,2,10,1,1,-1,9,1,42,7,1997,2,16,FORD MONDEO,6,E01032661,0,5
2024041530416,2024,041530416,1,9,0,-1,19,3,5,-1,9,0,0,0,1,11,1,1,-1,6,1,48,8,1798,1,18,FORD MONDEO,4,E01012700,0,1
2024141497774,2024,141497774,1,9,0,-1,19,1,5,-1,0,1,0,0,7,1,1,1,-1,2,1,36,7,1997,2,16,FORD MONDEO,-1,-1,0,-1