collision_index,collision_year,collision_ref_no,vehicle_reference,vehicle_type,towing_and_articulation,vehicle_manoeuvre_historic,vehicle_manoeuvre,vehicle_direction_from,vehicle_direction_to,vehicle_location_restricted_lane_historic,vehicle_location_restricted_lane,junction_location,skidding_and_overturning,hit_object_in_carriageway,vehicle_leaving_carriageway,hit_object_off_carriageway,first_point_of_impact,vehicle_left_hand_drive,journey_purpose_of_driver_historic,journey_purpose_of_driver,sex_of_driver,age_of_driver,age_band_of_driver,engine_capacity_cc,propulsion_code,age_of_vehicle,generic_make_model,driver_imd_decile,lsoa_of_driver,escooter_flag,driver_distance_banding
2024421453356,2024,421453356,2,9,0,-1,4,8,4,-1,0,0,0,0,1,0,2,1,-1,9,2,50,8,1997,2,9,FORD MONDEO,5,E01018304,0,4
2024101460059,2024,101460059,1,9,0,-1,4,8,4,-1,0,0,0,0,0,0,4,1,-1,1,1,51,8,1997,2,7,FORD MONDEO,3,E01008694,0,2
2024501426848,2024,501426848,1,9,0,-1,19,5,1,-1,0,1,0,0,0,0,1,1,-1,6,1,50,8,2198,2,18,FORD MONDEO,7,E01018983,0,2
2024311420622,2024,311420622,2,9,0,-1,3,6,2,-1,0,1,0,0,0,0,2,1,-1,2,1,35,6,1560,2,12,FORD MONDEO,-1,-1,0,-1
2024141439358,2024,141439358,2,9,0,-1,19,3,1,-1,0,1,0,0,0,0,1,1,-1,6,2,53,8,1997,2,9,FORD MONDEO,2,E01007579,0,1
2024122400718,2024,122400718,1,9,0,18,19,5,1,0,0,8,1,0,0,0,1,1,6,6,1,47,8,2521,1,17,FORD MONDEO,9,E01013025,0,4
2024471456457,2024,471456457,1,9,0,-1,19,7,3,-1,0,0,0,0,0,0,1,1,-1,9,2,41,7,2198,2,17,FORD MONDEO,3,E01016881,0,4
2024340NN3442,2024,340NN3442,1,8,0,-1,19,8,4,-1,0,0,0,0,0,0,4,1,-1,1,1,59,9,1997,2,10,FORD MONDEO,3,E01027038,0,2
2024421463614,2024,421463614,2,9,0,-1,2,0,0,-1,0,2,0,0,0,0,2,1,-1,6,1,55,8,1997,2,15,FORD MONDEO,8,E01021528,0,1
2024461465647,2024,461465647,2,9,0,-1,19,5,1,-1,0,0,0,0,0,0,4,9,-1,6,1,38,7,1999,1,14,FORD MONDEO,4,E01024566,0,2
2024430325655,2024,430325655,1,9,0,3,3,5,1,0,0,0,0,0,0,0,2,1,2,2,2,37,7,1999,1,8,FORD MONDEO,7,E01031850,0,5
2024141500440,2024,141500440,1,9,0,-1,19,7,3,-1,0,1,0,0,0,0,3,2,-1,9,1,23,5,1997,2,15,FORD MONDEO,1,E01008096,0,2
2024010543978,2024,010543978,2,9,0,5,5,7,3,0,0,8,0,0,0,0,4,1,6,6,3,-1,-1,1997,2,15,FORD MONDEO,-1,-1,0,-1
2024522403111,2024,522403111,2,9,0,18,19,3,6,0,0,0,0,0,0,0,0,1,6,6,1,-1,-1,1997,2,5,FORD MONDEO,10,E01014793,0,2
2024440080685,2024,440080685,1,9,0,18,19,4,8,0,0,1,1,0,7,4,3,1,6,6,1,29,6,1798,1,20,FORD MONDEO,3,E01022840,0,1
2024531502615,2024,531502615,2,9,0,-1,2,1,5,-1,0,0,0,0,0,0,4,1,-1,6,1,43,7,1995,2,5,FORD MONDEO,3,E01022294,0,1
2024471517523,2024,471517523,2,9,0,-1,9,1,6,-1,0,6,0,0,0,0,1,1,-1,6,1,28,6,1997,2,8,FORD MONDEO,5,E01016974,0,2
2024141528051,2024,141528051,3,9,0,-1,2,0,0,-1,0,0,0,0,0,0,1,1,-1,6,-1,-1,-1,1997,2,7,FORD MONDEO,-1,-1,0,-1
2024531437342,2024,531437342,2,9,0,-1,9,5,3,-1,0,0,0,0,0,0,2,1,-1,1,1,32,6,1999,1,16,FORD MONDEO,7,E01022407,0,1
2024101455818,2024,101455818,1,9,0,-1,5,4,8,-1,0,0,0,0,0,0,2,1,-1,9,1,31,6,1997,2,13,FORD MONDEO,2,E01008338,0,2
2024231456598,2024,231456598,1,9,0,-1,19,3,7,-1,0,8,0,0,0,0,3,9,-1,6,1,67,10,1997,2,13,FORD MONDEO,6,E01031085,0,1
2024311525751,2024,311525751,1,9,0,-1,19,7,3,-1,0,0,1,0,0,0,1,1,-1,6,1,30,6,1997,2,14,FORD MONDEO,1,E01026173,0,4
2024440016148,2024,440016148,2,9,0,18,19,8,4,0,0,1,0,0,0,0,1,1,6,6,3,-1,-1,1798,1,20,FORD MONDEO,-1,-1,0,-1
2024461535707,2024,461535707,2,9,0,-1,19,6,2,-1,0,1,0,0,0,0,0,1,-1,1,1,30,6,1995,2,4,FORD MONDEO,6,E01034997,0,3
2024520403286,2024,520403286,1,9,0,1,1,3,1,0,0,8,0,0,0,0,2,1,6,6,1,32,6,1997,2,9,FORD MONDEO,5,E01035121,0,1
2024141396476,2024,141396476,1,9,0,-1,19,2,1,-1,0,0,0,0,0,0,4,1,-1,1,1,30,6,1997,2,8,FORD MONDEO,6,E01007565,0,1
2024141526956,2024,141526956,2,9,0,-1,19,8,4,-1,0,0,0,0,0,0,1,1,-1,6,1,45,7,1753,2,15,FORD MONDEO,1,E01011869,0,3
2024531421679,2024,531421679,1,9,0,-1,19,5,1,-1,0,1,0,0,0,0,1,1,-1,6,1,49,8,1997,2,9,FORD MONDEO,8,E01022411,0,1
2024061464636,2024,061464636,2,9,0,-1,19,5,1,-1,0,1,0,0,0,0,4,1,-1,9,1,45,7,1499,2,8,FORD MONDEO,6,E01004973,0,1
2024111482644,2024,111482644,2,9,0,-1,3,2,4,-1,0,1,0,0,0,0,2,1,-1,9,1,63,9,1997,2,14,FORD MONDEO,9,E01035186,0,2
2024031491526,2024,031491526,3,9,0,-1,19,5,1,-1,0,0,0,11,0,0,1,1,-1,9,1,63,9,1997,2,11,FORD MONDEO,4,-1,0,5
2024430333466,2024,430333466,1,9,0,18,19,6,2,0,0,1,0,0,4,0,3,1,6,6,1,43,7,1997,2,10,FORD MONDEO,4,E01028546,0,3
2024991491362,2024,991491362,1,9,0,-1,19,1,5,-1,0,1,0,0,0,0,3,1,-1,6,1,73,10,1560,2,13,FORD MONDEO,5,-1,0,1
2024201466695,2024,201466695,1,9,0,-1,9,4,2,-1,0,5,0,0,0,0,4,1,-1,9,1,32,6,1560,2,13,FORD MONDEO,1,E01010142,0,2
2024440291150,2024,440291150,2,9,0,7,7,8,2,0,0,6,0,0,0,0,1,1,6,6,1,46,8,1997,2,7,FORD MONDEO,5,E01022548,0,1
2024440224936,2024,440224936,1,9,0,18,19,1,5,0,0,0,0,0,0,0,1,1,6,6,1,49,8,1498,1,6,FORD MONDEO,8,E01022622,0,3
2024010542859,2024,010542859,1,9,0,99,99,9,9,99,99,9,9,99,9,99,2,9,2,2,1,47,8,-1,3,8,FORD MONDEO,9,E01001532,0,3
2024070547935,2024,070547935,1,9,0,18,19,6,2,0,0,1,0,0,0,0,1,1,6,6,1,-1,-1,1997,2,14,FORD MONDEO,10,E01018468,0,2
2024131508958,2024,131508958,1,9,0,-1,19,3,7,-1,0,8,0,0,0,0,1,1,-1,6,2,61,9,1997,2,12,FORD MONDEO,5,E01010651,0,1
2024440562744,2024,440562744,2,9,0,18,19,3,7,0,0,0,0,0,0,0,3,1,6,6,2,35,6,1997,2,12,FORD MONDEO,3,E01017099,0,1
2024302401489,2024,302401489,1,9,0,7,7,5,6,0,0,8,0,0,0,0,1,1,6,6,3,-1,-1,1997,2,16,FORD MONDEO,5,E01019456,0,3
2024052401284,2024,052401284,3,9,0,18,19,3,7,0,0,0,0,0,0,0,1,1,1,1,1,53,8,1997,2,6,FORD MONDEO,8,E01006827,0,2
2024052402735,2024,052402735,2,9,0,18,19,8,4,0,0,1,0,0,0,0,1,1,6,6,1,59,9,1499,2,7,FORD MONDEO,1,E01006447,0,1
2024361407764,2024,361407764,2,9,0,-1,4,7,3,-1,0,0,0,0,0,0,2,1,-1,6,1,45,7,2198,2,17,FORD MONDEO,6,E01026424,0,3
2024631486865,2024,631486865,2,9,0,-1,3,4,7,-1,0,0,0,0,0,0,2,1,-1,6,1,38,7,1997,2,10,FORD MONDEO,3,W01000703,0,4
2024131500510,2024,131500510,1,9,0,-1,19,3,7,-1,0,8,0,0,0,0,1,1,-1,9,2,47,8,1999,1,23,FORD MONDEO,8,E01010645,0,2
2024461449163,2024,461449163,1,9,0,-1,19,7,5,-1,0,0,0,0,7,4,1,1,-1,6,1,47,8,1798,1,20,FORD MONDEO,5,E01024512,0,3
2024552400941,2024,552400941,1,9,0,5,5,2,6,0,0,0,0,0,0,0,0,1,2,2,3,-1,-1,1997,2,10,FORD MONDEO,-1,-1,0,-1
2024461406125,2024,461406125,1,9,0,-1,10,1,3,-1,0,2,0,0,0,0,1,1,-1,9,2,33,6,1596,1,17,FORD MONDEO,10,E01024153,0,3
2024010549991,2024,010549991,1,9,0,14,14,4,8,0,0,1,0,0,7,0,1,1,6,6,1,67,10,1999,1,19,FORD MONDEO,4,E01001015,0,1
2024991515561,2024,991515561,1,9,0,-1,4,7,3,-1,0,4,0,0,0,0,2,1,-1,6,2,31,6,1997,2,8,FORD MONDEO,6,-1,0,1
2024531471500,2024,531471500,1,9,0,-1,19,2,6,-1,0,0,0,0,0,0,3,9,-1,6,1,51,8,1997,2,16,FORD MONDEO,4,E01022240,0,1
2024421485780,2024,421485780,1,9,0,-1,19,7,3,-1,0,0,0,0,0,0,1,1,-1,9,1,39,7,1999,1,15,FORD MONDEO,10,E01023502,0,4
2024201460852,2024,201460852,1,9,0,-1,19,6,2,-1,0,1,1,0,0,0,1,1,-1,6,3,30,6,1999,1,19,FORD MONDEO,-1,-1,0,-1
2024070540057,2024,070540057,2,9,0,10,10,7,3,0,0,1,0,0,0,0,1,1,6,6,1,20,4,1997,2,10,FORD MONDEO,10,E01018385,0,2
202460Q161608,2024,60Q161608,2,9,0,18,19,5,1,0,0,0,0,0,0,0,2,1,6,6,2,40,7,2198,2,18,FORD MONDEO,-1,-1,0,-1
2024131405571,2024,131405571,2,9,0,-1,2,1,1,-1,0,0,0,0,0,0,2,1,-1,1,1,57,9,1995,2,5,FORD MONDEO,7,E01007493,0,4
2024311409523,2024,311409523,1,9,0,-1,19,5,1,-1,0,0,0,0,1,0,1,1,-1,1,1,30,6,1997,2,10,FORD MONDEO,3,E01029408,0,4
2024141434492,2024,141434492,2,9,0,-1,19,1,5,-1,0,0,0,0,0,0,2,1,-1,9,1,67,10,1997,2,12,FORD MONDEO,1,E01007325,0,1
2024440482390,2024,440482390,2,9,0,4,4,3,7,0,0,1,0,0,0,0,1,1,2,2,1,49,8,1560,2,12,FORD MONDEO,5,E01031860,0,2
2024041449655,2024,041449655,1,9,0,-1,9,5,1,-1,0,5,0,0,7,0,3,1,-1,1,1,34,6,1997,2,7,FORD MONDEO,1,E01024987,0,2
2024052402687,2024,052402687,1,9,0,18,19,1,5,0,0,1,0,0,0,0,4,1,6,6,1,65,9,1997,2,12,FORD MONDEO,4,E01007157,0,1
2024421454834,2024,421454834,2,9,0,-1,4,3,7,-1,0,0,0,0,0,0,4,1,-1,6,1,43,7,1596,1,17,FORD MONDEO,3,E01021977,0,3
2024231417200,2024,231417200,1,9,0,-1,9,6,4,-1,0,6,0,0,0,0,1,9,-1,6,3,38,7,1998,2,19,FORD MONDEO,-1,-1,0,-1
2024201441714,2024,201441714,1,9,0,-1,19,6,2,-1,0,1,0,0,0,0,1,1,-1,6,2,42,7,1997,2,12,FORD MONDEO,2,E01009872,0,1
2024461452293,2024,461452293,2,9,0,-1,19,2,4,-1,0,0,0,0,0,0,3,1,-1,9,1,64,9,2967,1,17,FORD MONDEO,6,E01035009,0,1
2024061516681,2024,061516681,1,9,-1,-1,-1,-1,-1,-1,-1,0,-1,-1,-1,0,-1,9,-1,6,3,-1,-1,1997,2,14,FORD MONDEO,-1,-1,0,-1
2024311417781,2024,311417781,2,9,0,-1,19,1,5,-1,0,2,0,0,0,0,1,9,-1,6,1,39,7,1560,2,11,FORD MONDEO,-1,-1,0,-1
2024141473203,2024,141473203,1,9,0,-1,19,5,1,-1,0,1,0,0,0,0,1,1,-1,9,2,33,6,1997,2,16,FORD MONDEO,1,E01008082,0,1
2024522401519,2024,522401519,1,9,0,1,1,8,4,0,0,2,0,0,0,0,2,1,6,6,1,57,9,2179,2,13,FORD MONDEO,5,E01014915,0,1
2024221489540,2024,221489540,2,9,0,-1,19,6,2,-1,0,8,0,0,0,0,4,1,-1,6,1,-1,-1,1753,2,15,FORD MONDEO,8,E01032938,0,2
2024501469936,2024,501469936,1,9,0,-1,19,4,8,-1,0,0,1,0,0,0,1,1,-1,9,1,24,5,1999,1,19,FORD MONDEO,3,E01019975,0,1
2024311429334,2024,311429334,3,9,0,-1,4,3,8,-1,0,0,0,0,0,0,1,1,-1,2,1,46,8,1997,2,9,FORD MONDEO,4,E01027996,0,1
2024201451269,2024,201451269,1,9,0,-1,19,6,2,-1,0,0,0,0,0,0,0,1,-1,6,1,-1,-1,1997,2,16,FORD MONDEO,9,E01002478,0,5
2024131476781,2024,131476781,1,9,0,-1,9,7,5,-1,0,7,0,0,1,0,4,1,-1,2,1,56,9,1560,2,11,FORD MONDEO,1,E01010824,0,3
2024430082455,2024,430082455,2,9,0,6,6,2,2,0,0,0,0,0,0,0,3,1,2,2,1,59,9,1997,2,14,FORD MONDEO,9,E01028459,0,1
2024371530457,2024,371530457,2,9,0,-1,9,-1,-1,-1,0,8,0,0,0,0,3,1,-1,2,1,50,8,1997,2,15,FORD MONDEO,4,E01026468,0,3
2024351463558,2024,351463558,1,9,0,-1,4,4,8,-1,0,1,0,0,0,0,1,1,-1,1,1,39,7,1997,2,9,FORD MONDEO,2,E01018143,0,1
2024542753424,2024,542753424,1,9,0,9,9,7,2,0,0,4,0,0,0,0,1,1,1,1,1,37,7,1997,2,10,FORD MONDEO,7,E01015550,0,1
2024141406637,2024,141406637,1,9,0,-1,11,2,6,-1,0,3,0,0,0,0,1,1,-1,2,1,60,9,1997,2,14,FORD MONDEO,5,E01007330,0,2
2024071066249,2024,071066249,2,9,0,-1,19,5,5,-1,0,1,0,0,0,0,3,1,-1,2,1,55,8,1997,2,9,FORD MONDEO,4,E01007212,0,3
2024311496541,2024,311496541,2,9,-1,-1,3,5,1,-1,0,0,0,0,0,0,2,9,-1,2,2,24,5,1753,2,15,FORD MONDEO,8,E01028116,0,2
2024311405135,2024,311405135,1,8,0,-1,19,1,5,-1,0,1,0,0,0,0,1,1,-1,1,1,35,6,1997,2,11,FORD MONDEO,1,E01028276,0,3
2024131436252,2024,131436252,1,9,0,-1,19,4,8,-1,0,0,1,0,7,0,-1,1,-1,6,1,23,5,2198,2,17,FORD MONDEO,6,E01011068,0,1
2024991458584,2024,991458584,1,9,0,-1,19,6,1,-1,0,1,0,4,1,0,1,1,-1,9,1,30,6,1997,2,12,FORD MONDEO,7,E01007084,0,5
2024141525080,2024,141525080,1,9,0,-1,19,1,7,-1,0,4,0,0,0,0,1,1,-1,2,1,48,8,1999,1,13,FORD MONDEO,5,E01007366,0,2
2024010498880,2024,010498880,1,9,0,18,19,5,1,0,0,0,0,0,0,0,1,1,6,6,3,24,5,1997,2,9,FORD MONDEO,-1,-1,0,-1
2024451526894,2024,451526894,1,9,0,-1,9,3,2,-1,0,6,0,0,0,0,3,1,-1,6,1,33,6,1997,2,15,FORD MONDEO,9,E01030942,0,2
2024440137686,2024,440137686,2,9,0,18,19,7,3,0,0,0,0,0,0,0,1,1,6,6,1,57,9,1997,2,17,FORD MONDEO,6,E01022715,0,1
2024302401636,2024,302401636,1,9,0,18,19,5,1,0,0,0,0,0,0,0,1,1,2,2,1,60,9,1596,1,17,FORD MONDEO,9,E01019683,0,4
2024440023739,2024,440023739,1,9,0,1,1,5,1,0,0,0,0,0,0,0,2,1,6,6,1,31,6,1997,2,12,FORD MONDEO,9,E01022950,0,1
2024141520748,2024,141520748,1,9,0,-1,5,5,1,-1,0,0,0,0,0,0,1,1,-1,9,1,19,4,1753,2,13,FORD MONDEO,3,E01007528,0,4
2024010546699,2024,010546699,2,9,0,9,9,7,4,0,0,1,0,0,0,0,2,1,6,6,1,45,7,2521,1,17,FORD MONDEO,8,E01003421,0,2
2024411443606,2024,411443606,1,9,-1,-1,-1,-1,-1,-1,-1,-1,-1,-1,-1,0,-1,9,-1,6,1,64,9,1997,2,6,FORD MONDEO,5,E01021865,0,2
2024201456179,2024,201456179,2,9,-1,-1,-1,-1,-1,-1,-1,0,-1,-1,-1,0,-1,9,-1,6,3,-1,-1,1997,2,15,FORD MONDEO,-1,-1,0,-1
2024311395195,2024,311395195,1,8,0,-1,19,8,5,-1,0,2,0,0,0,0,3,1,-1,1,1,33,6,1997,2,11,FORD MONDEO,1,E01027930,0,4
2024622400100,2024,622400100,2,9,0,18,19,8,4,0,0,0,0,0,0,0,1,1,6,6,1,23,5,2198,2,18,FORD MONDEO,6,W01000803,0,1
2024231502129,2024,231502129,1,9,0,-1,9,2,4,-1,0,6,0,0,2,4,4,1,-1,6,1,85,11,1997,2,13,FORD MONDEO,7,E01031140,0,2
2024430367638,2024,430367638,2,9,0,3,3,5,7,0,0,2,0,0,0,0,3,1,6,6,1,22,5,2967,1,20,FORD MONDEO,9,E01028778,0,4
2024351401587,2024,351401587,2,9,-1,-1,3,7,3,-1,0,0,0,0,0,0,3,1,-1,9,1,47,8,2179,2,15,FORD MONDEO,2,E01035539,0,1
2024131506494,2024,131506494,1,9,0,-1,-1,-1,-1,-1,-1,0,-1,-1,-1,-1,-1,1,-1,2,1,39,7,1998,2,18,FORD MONDEO,1,E01011750,0,1
2024141439944,2024,141439944,1,9,0,-1,5,1,5,-1,0,3,0,7,6,7,1,1,-1,9,2,74,10,1999,1,14,FORD MONDEO,7,E01007552,0,2
2024041411466,2024,041411466,2,9,0,-1,19,1,5,-1,0,0,0,0,0,0,2,1,-1,2,1,30,6,1997,2,13,FORD MONDEO,1,E01024882,0,3
2024041411356,2024,041411356,2,9,0,-1,19,3,7,-1,0,1,0,0,0,0,1,1,-1,9,1,66,10,1498,1,8,FORD MONDEO,9,E01024964,0,2
2024201467459,2024,201467459,1,9,0,-1,19,2,6,-1,0,3,0,10,1,10,1,1,-1,6,1,38,7,1997,2,7,FORD MONDEO,-1,-1,0,-1
2024461439228,2024,461439228,1,9,0,-1,4,1,1,-1,0,0,0,0,0,0,1,1,-1,9,1,43,7,1798,1,20,FORD MONDEO,7,E01035306,0,1
2024201573067,2024,201573067,1,9,0,-1,6,8,4,-1,0,0,0,0,0,0,1,9,-1,1,1,39,7,1997,2,7,FORD MONDEO,3,E01010327,0,2
2024991496847,2024,991496847,2,9,0,-1,2,0,0,-1,0,2,0,0,0,0,2,1,-1,6,-1,-1,-1,2179,2,12,FORD MONDEO,-1,-1,0,-1
2024161421770,2024,161421770,1,9,0,-1,19,5,1,-1,0,1,0,0,0,0,4,1,-1,9,1,22,5,1998,2,18,FORD MONDEO,4,E01027376,0,5
2024141531463,2024,141531463,1,9,0,-1,19,1,5,-1,0,2,0,0,0,0,1,1,-1,6,1,56,9,1997,2,8,FORD MONDEO,8,E01007888,0,1
2024471486143,2024,471486143,2,9,0,-1,19,8,4,-1,0,0,0,0,0,0,-1,9,-1,6,3,-1,-1,1997,2,15,FORD MONDEO,-1,-1,0,-1
2024302401294,2024,302401294,1,9,0,18,19,5,1,0,0,0,0,0,0,0,2,1,6,6,1,41,7,1560,2,9,FORD MONDEO,3,E01013471,0,4
2024010521076,2024,010521076,2,9,0,6,6,3,3,0,0,1,0,0,0,0,0,1,1,1,1,26,6,1498,1,6,FORD MONDEO,-1,-1,0,-1
2024010506723,2024,010506723,2,9,0,99,99,9,9,99,99,9,9,99,9,99,1,9,6,6,3,-1,-1,1499,2,8,FORD MONDEO,-1,-1,0,-1
2024101483753,2024,101483753,1,9,0,-1,19,2,6,-1,0,0,0,0,0,0,1,1,-1,9,1,66,10,1753,2,14,FORD MONDEO,10,E01008422,0,1
2024461500344,2024,461500344,1,8,0,-1,13,6,1,-1,0,0,0,0,0,0,1,1,-1,1,1,74,10,1995,2,4,FORD MONDEO,7,E01032811,0,1
2024052402043,2024,052402043,1,9,0,9,9,1,5,0,0,1,0,0,0,0,4,1,6,6,1,33,6,1997,2,17,FORD MONDEO,1,E01007122,0,1
2024052402750,2024,052402750,2,9,0,3,3,3,7,0,0,0,0,0,0,0,1,1,2,2,1,52,8,1560,2,11,FORD MONDEO,1,E01006435,0,2
2024101491320,2024,101491320,2,9,0,-1,3,5,1,-1,0,1,0,0,0,0,2,9,-1,2,2,42,7,1997,2,12,FORD MONDEO,3,E01008636,0,2
2024552401020,2024,552401020,1,9,0,18,19,7,3,0,0,0,2,0,2,11,4,1,6,6,1,20,4,1997,2,12,FORD MONDEO,5,E01020562,0,3
2024010527277,2024,010527277,2,9,0,99,99,9,9,99,99,9,9,99,9,99,1,9,6,6,1,42,7,1999,1,17,FORD MONDEO,3,E01003302,0,1
2024440270405,2024,440270405,3,9,0,18,19,2,6,0,0,1,0,0,0,0,1,1,2,2,1,35,6,1798,1,20,FORD MONDEO,6,E01035326,0,3
2024991439251,2024,991439251,1,9,0,-1,19,7,2,-1,0,0,1,4,0,0,4,1,-1,9,1,29,6,1999,8,5,FORD MONDEO,-1,-1,0,-1
2024041506867,2024,041506867,1,9,0,-1,19,5,1,-1,0,4,0,0,0,0,1,1,-1,9,1,35,6,1997,2,16,FORD MONDEO,2,E01025075,0,1
2024061394923,2024,061394923,1,9,0,-1,9,3,7,-1,0,1,0,0,0,0,1,1,-1,6,1,63,9,1560,2,11,FORD MONDEO,1,E01005905,0,1
2024161447298,2024,161447298,2,8,0,-1,3,1,6,-1,0,0,0,0,0,0,2,1,-1,1,1,46,8,1997,2,10,FORD MONDEO,3,E01013198,0,1
2024461393694,2024,461393694,16,9,0,-1,19,4,8,-1,0,0,0,0,0,0,3,1,-1,1,1,50,8,1995,2,4,FORD MONDEO,2,E01024717,0,3
2024131446323,2024,131446323,2,9,0,-1,19,5,3,-1,0,1,0,0,0,0,4,1,-1,2,1,57,9,1997,2,16,FORD MONDEO,1,E01011673,0,1
2024332400580,2024,332400580,2,9,0,-1,19,6,3,-1,0,8,0,0,0,0,1,1,-1,6,1,-1,-1,2198,2,18,FORD MONDEO,-1,-1,0,-1
2024361463869,2024,361463869,2,9,0,-1,3,-1,-1,-1,0,1,0,0,0,0,2,1,-1,2,1,39,7,1999,8,6,FORD MONDEO,9,E01026558,0,1
2024141513691,2024,141513691,1,9,0,-1,7,3,1,-1,0,0,0,0,5,9,1,1,-1,2,1,63,9,1997,2,9,FORD MONDEO,10,E01007600,0,1
2024010541655,2024,010541655,3,9,0,18,19,3,7,0,0,1,0,0,0,0,0,1,6,6,3,-1,-1,1997,2,9,FORD MONDEO,-1,-1,0,-1
2024340NN0072,2024,340NN0072,1,9,0,-1,5,8,4,-1,0,6,0,0,0,0,1,1,-1,6,1,32,6,1997,2,16,FORD MONDEO,6,E01027073,0,1
2024161411143,2024,161411143,1,9,0,-1,19,5,1,-1,0,0,1,0,7,11,1,1,-1,9,1,18,4,1998,2,17,FORD MONDEO,6,E01012923,0,1
2024401495268,2024,401495268,1,9,-1,-1,-1,-1,-1,-1,-1,-1,-1,-1,-1,0,-1,9,-1,6,1,-1,-1,1997,2,14,FORD MONDEO,-1,-1,0,-1
2024311480580,2024,311480580,1,9,0,-1,5,1,1,-1,0,6,0,0,0,0,1,1,-1,2,2,39,7,1499,2,8,FORD MONDEO,-1,-1,0,-1
2024041528449,2024,041528449,1,9,0,-1,9,1,5,-1,0,5,0,0,0,0,1,2,-1,9,1,61,9,1997,2,16,FORD MONDEO,4,E01006261,0,3
2024440211389,2024,440211389,2,9,0,18,19,5,1,0,0,1,0,0,0,0,1,1,6,6,2,45,7,2179,2,10,FORD MONDEO,6,E01022962,0,2
2024061417363,2024,061417363,3,9,0,-1,19,3,7,-1,0,1,0,0,0,0,0,1,-1,1,1,22,5,1498,1,5,FORD MONDEO,-1,-1,0,-1
2024421405066,2024,421405066,1,9,0,-1,19,1,5,-1,0,0,0,0,0,0,4,1,-1,1,1,37,7,1997,2,7,FORD MONDEO,-1,-1,0,-1
2024111536632,2024,111536632,1,9,0,-1,19,7,3,-1,0,0,1,0,0,0,1,9,-1,6,3,30,6,1998,2,19,FORD MONDEO,-1,-1,0,-1
2024340WN7092,2024,340WN7092,2,9,0,-1,2,0,0,-1,-1,0,0,0,0,0,2,1,-1,6,1,46,8,1999,1,18,FORD MONDEO,3,E01027173,0,1
2024421450971,2024,421450971,1,9,0,-1,19,7,3,-1,0,8,0,10,8,0,4,1,-1,9,1,59,9,1753,2,15,FORD MONDEO,7,E01021882,0,2
2024451418176,2024,451418176,2,9,0,-1,19,7,3,-1,0,0,0,0,0,0,2,1,-1,9,1,43,7,1997,2,15,FORD MONDEO,2,E01022934,0,4
2024549826924,2024,549826924,1,9,0,18,19,2,6,0,0,0,0,0,0,0,1,1,6,6,1,-1,-1,1999,1,16,FORD MONDEO,-1,-1,0,-1
2024010531563,2024,010531563,1,9,0,18,19,7,3,0,0,2,0,4,0,0,1,1,6,6,1,80,11,1999,1,18,FORD MONDEO,8,E01000413,0,1
2024041421488,2024,041421488,1,9,0,-1,19,7,3,-1,0,0,0,0,0,0,1,1,-1,9,1,67,10,1997,2,6,FORD MONDEO,8,E01027558,0,2
2024332400815,2024,332400815,1,9,0,-1,19,4,8,-1,0,0,1,0,1,10,1,1,-1,9,2,63,9,1798,1,19,FORD MONDEO,7,E01025952,0,1
2024101478849,2024,101478849,1,9,0,-1,19,1,5,-1,0,0,0,0,0,0,1,1,-1,1,1,25,5,1999,8,6,FORD MONDEO,9,E01020817,0,4
2024161434577,2024,161434577,2,9,0,-1,19,3,7,-1,0,8,0,0,0,0,4,1,-1,9,1,30,6,1753,2,15,FORD MONDEO,10,E01013012,0,1
2024302401642,2024,302401642,1,9,0,18,19,5,8,0,0,8,1,0,0,0,1,1,6,6,1,39,7,1997,2,11,FORD MONDEO,4,E01028278,0,3
2024520402192,2024,520402192,2,9,0,9,9,3,1,0,0,6,0,0,0,0,1,1,6,6,3,-1,-1,2198,2,19,FORD MONDEO,-1,-1,0,-1
2024401454329,2024,401454329,1,9,0,-1,5,1,3,-1,0,8,0,0,0,0,1,9,-1,6,1,80,11,1997,2,15,FORD MONDEO,10,E01017483,0,1
2024031505942,2024,031505942,2,8,0,-1,19,5,1,-1,0,1,0,0,0,0,1,1,-1,1,2,36,7,1997,2,15,FORD MONDEO,2,E01019173,0,1
2024161450984,2024,161450984,2,9,0,-1,19,7,1,-1,0,2,0,0,0,0,4,2,-1,9,1,67,10,1997,2,16,FORD MONDEO,6,E01012982,0,1
2024440556914,2024,440556914,2,9,0,18,19,7,3,0,0,1,0,0,0,0,4,1,6,6,2,39,7,1997,2,10,FORD MONDEO,3,E01022807,0,2
2024544541024,2024,544541024,2,9,0,18,19,5,1,0,0,8,0,0,0,0,3,1,6,6,2,27,6,1753,2,16,FORD MONDEO,-1,-1,0,-1
2024991545385,2024,991545385,2,9,0,-1,7,1,4,-1,0,1,0,0,0,0,4,1,-1,1,1,28,6,1499,2,8,FORD MONDEO,7,-1,0,1
2024311455941,2024,311455941,2,9,0,-1,19,5,1,-1,0,0,0,0,0,0,1,1,-1,6,1,36,7,1997,2,9,FORD MONDEO,3,E01028338,0,2