collision_index,collision_year,collision_ref_no,vehicle_reference,vehicle_type,towing_and_articulation,vehicle_manoeuvre_historic,vehicle_manoeuvre,vehicle_direction_from,vehicle_direction_to,vehicle_location_restricted_lane_historic,vehicle_location_restricted_lane,junction_location,skidding_and_overturning,hit_object_in_carriageway,vehicle_leaving_carriageway,hit_object_off_carriageway,first_point_of_impact,vehicle_left_hand_drive,journey_purpose_of_driver_historic,journey_purpose_of_driver,sex_of_driver,age_of_driver,age_band_of_driver,engine_capacity_cc,propulsion_code,age_of_vehicle,generic_make_model,driver_imd_decile,lsoa_of_driver,escooter_flag,driver_distance_banding
2024161454573,2024,161454573,1,9,0,-1,19,4,8,-1,0,1,0,0,0,0,1,1,-1,1,1,41,7,1997,2,5,FORD MONDEO,8,E01012962,0,4
2024471505064,2024,471505064,2,9,0,-1,19,7,3,-1,0,8,0,0,0,0,1,1,-1,9,1,75,10,1999,1,22,FORD MONDEO,10,E01031828,0,4
2024161523451,2024,161523451,2,9,0,-1,19,3,7,-1,0,1,0,0,0,0,3,1,-1,2,1,30,6,1999,1,14,FORD MONDEO,9,E01033297,0,1
2024010527417,2024,010527417,1,9,0,9,9,5,2,0,0,5,0,0,0,0,2,1,2,2,1,26,6,1997,2,6,FORD MONDEO,3,E01002768,0,3
2024440193568,2024,440193568,1,9,0,18,19,7,3,0,0,0,0,0,0,0,3,1,3,7,1,32,6,1753,2,14,FORD MONDEO,3,E01017242,0,2
2024122400980,2024,122400980,1,9,0,5,5,8,6,0,0,6,0,0,0,0,1,1,6,6,2,63,9,1995,2,4,FORD MONDEO,3,E01013385,0,1
2024031442256,2024,031442256,1,9,0,-1,19,5,1,-1,0,8,0,0,0,0,1,9,-1,9,1,43,7,1997,2,10,FORD MONDEO,5,E01019090,0,1
2024041459229,2024,041459229,2,9,0,-1,4,3,7,-1,0,0,0,0,0,0,2,1,-1,9,1,39,7,1997,2,6,FORD MONDEO,10,E01025016,0,4
2024461432265,2024,461432265,1,9,0,-1,19,3,7,-1,0,1,0,0,0,0,1,9,-1,6,3,-1,-1,1997,2,17,FORD MONDEO,-1,-1,0,-1
2024311468204,2024,311468204,1,9,0,-1,3,2,6,-1,0,0,0,0,0,0,2,1,-1,9,1,32,6,1997,2,13,FORD MONDEO,8,E01028116,0,3
2024311453124,2024,311453124,2,9,0,-1,2,0,0,-1,0,0,0,0,0,0,3,1,-1,6,-1,-1,-1,1997,2,15,FORD MONDEO,-1,-1,0,-1
2024221476391,2024,221476391,4,9,0,-1,2,0,0,-1,0,2,0,0,0,0,1,9,-1,6,2,52,8,1997,2,14,FORD MONDEO,3,E01032423,0,1
2024451488260,2024,451488260,2,9,0,-1,6,3,7,-1,0,0,0,0,0,0,3,1,-1,1,1,71,10,1498,1,8,FORD MONDEO,4,E01023106,0,2
2024991443857,2024,991443857,2,9,0,-1,10,4,2,-1,0,8,0,0,0,0,4,1,-1,9,2,44,7,1997,2,11,FORD MONDEO,4,-1,0,3
2024161394484,2024,161394484,2,9,0,-1,19,5,1,-1,0,0,0,0,1,0,1,1,-1,9,2,42,7,1997,2,15,FORD MONDEO,9,E01034760,0,3
2024141517084,2024,141517084,2,9,0,-1,2,0,0,-1,0,0,0,0,0,0,4,1,-1,6,-1,-1,-1,1997,2,16,FORD MONDEO,-1,-1,0,-1
2024201440236,2024,201440236,1,9,0,-1,19,8,4,-1,0,8,0,0,0,0,1,1,-1,6,3,-1,-1,1997,2,13,FORD MONDEO,-1,-1,0,-1
2024221443640,2024,221443640,1,9,0,-1,19,5,1,-1,0,8,0,0,0,0,1,9,-1,6,1,54,8,1997,2,15,FORD MONDEO,1,E01009214,0,1
2024340NN0512,2024,340NN0512,2,9,0,-1,4,2,6,-1,0,0,0,0,0,0,2,1,-1,2,1,41,7,1499,2,8,FORD MONDEO,2,E01026957,0,2
2024101480017,2024,101480017,1,9,0,-1,19,3,7,-1,0,4,0,0,0,0,1,1,-1,6,1,56,9,1997,2,11,FORD MONDEO,2,E01033716,0,1
2024421529457,2024,421529457,2,9,0,-1,19,4,8,-1,0,0,0,0,0,0,1,1,-1,9,1,41,7,1998,2,18,FORD MONDEO,2,E01021391,0,2
2024430220823,2024,430220823,1,9,0,18,19,5,1,0,0,0,5,0,2,4,1,1,6,6,1,22,5,2179,2,16,FORD MONDEO,9,E01028723,0,3
2024471416366,2024,471416366,1,9,0,-1,19,5,1,-1,0,4,1,9,1,1,1,9,-1,6,1,70,10,1997,2,8,FORD MONDEO,5,E01031771,0,1
2024371413776,2024,371413776,1,9,0,-1,19,3,7,-1,0,4,0,0,0,0,1,9,-1,9,2,18,4,1596,1,16,FORD MONDEO,4,E01030113,0,1
2024061418778,2024,061418778,1,9,0,-1,19,6,2,-1,0,2,0,0,0,0,1,1,-1,6,1,40,7,1997,2,14,FORD MONDEO,-1,-1,0,-1
2024201454030,2024,201454030,1,9,0,-1,5,7,3,-1,0,6,0,0,0,0,1,1,-1,1,1,55,8,1995,2,5,FORD MONDEO,8,E01027028,0,4
2024231506478,2024,231506478,1,9,0,-1,4,4,8,-1,0,0,0,0,0,0,2,1,-1,9,1,78,11,1998,2,17,FORD MONDEO,8,E01029458,0,4
2024122500444,2024,122500444,1,9,0,9,9,5,3,0,0,8,0,0,0,0,3,1,2,2,1,45,7,1999,1,13,FORD MONDEO,8,E01013055,0,3
2024141473717,2024,141473717,1,9,0,-1,19,5,1,-1,0,0,5,0,7,3,4,9,-1,6,1,19,4,2179,2,13,FORD MONDEO,3,E01007528,0,1
2024421419042,2024,421419042,1,9,0,-1,19,1,5,-1,0,0,0,0,0,0,1,1,-1,9,2,75,10,2521,1,16,FORD MONDEO,7,E01015827,0,1
2024340WN2762,2024,340WN2762,2,9,0,-1,1,0,0,-1,0,0,0,0,0,0,2,1,-1,6,3,-1,-1,1997,2,11,FORD MONDEO,-1,-1,0,-1
2024361485618,2024,361485618,1,9,0,-1,1,8,6,-1,0,0,0,0,0,0,1,2,-1,9,1,37,7,1997,2,8,FORD MONDEO,3,E01026740,0,3
2024991431977,2024,991431977,3,9,0,-1,2,3,2,-1,0,0,0,0,0,0,2,1,-1,6,-1,-1,-1,2179,2,15,FORD MONDEO,-1,-1,0,-1
2024221451839,2024,221451839,2,9,0,-1,19,3,7,-1,0,0,0,0,0,0,1,9,-1,6,1,45,7,1997,2,8,FORD MONDEO,10,E01014182,0,1
2024052400991,2024,052400991,2,8,0,1,1,8,4,0,0,1,0,0,0,0,4,1,1,1,1,54,8,1997,2,10,FORD MONDEO,1,E01006585,0,1
2024451510070,2024,451510070,1,9,0,-1,19,8,6,-1,0,0,0,0,0,0,4,1,-1,9,2,82,11,2198,2,19,FORD MONDEO,7,E01030850,0,1
2024131525965,2024,131525965,2,9,0,-1,4,7,3,-1,0,0,0,0,0,0,4,1,-1,6,1,30,6,2179,2,13,FORD MONDEO,1,E01011366,0,1
2024440522671,2024,440522671,1,9,0,1,1,4,7,0,0,0,0,0,0,0,0,1,6,6,1,42,7,1998,2,22,FORD MONDEO,3,E01017337,0,3
2024471417663,2024,471417663,2,9,0,-1,19,1,5,-1,0,1,0,0,0,0,1,1,-1,2,1,77,11,1999,1,19,FORD MONDEO,7,E01031539,0,2
2024211468128,2024,211468128,1,9,0,-1,7,8,1,-1,0,1,0,0,0,0,1,1,-1,6,1,34,6,1997,2,8,FORD MONDEO,5,E01029750,0,4
2024421479791,2024,421479791,3,9,0,-1,2,3,3,-1,9,2,0,0,0,0,2,1,-1,6,-1,-1,-1,1997,2,14,FORD MONDEO,-1,-1,0,-1
2024421493661,2024,421493661,2,9,0,-1,9,3,1,-1,0,3,0,0,0,0,4,1,-1,2,1,57,9,1995,2,4,FORD MONDEO,5,E01021263,0,1
2024010520389,2024,010520389,3,9,0,4,4,7,3,0,0,3,0,0,0,0,2,1,6,6,1,59,9,1498,1,5,FORD MONDEO,6,E01004614,0,2
2024351539218,2024,351539218,2,9,0,-1,5,1,5,-1,0,8,0,0,0,0,2,1,-1,6,1,74,10,1798,1,21,FORD MONDEO,3,E01018073,0,1
2024501444385,2024,501444385,1,9,0,-1,-1,-1,-1,-1,0,-1,0,0,0,0,-1,9,-1,6,3,-1,-1,2179,2,15,FORD MONDEO,-1,-1,0,-1
2024070131911,2024,070131911,3,9,0,18,19,5,1,0,0,0,0,0,0,0,1,1,6,6,1,50,8,1753,2,16,FORD MONDEO,6,E01018570,0,1
2024421408402,2024,421408402,2,9,0,-1,3,6,2,-1,0,1,0,0,0,0,2,1,-1,9,2,48,8,1997,2,7,FORD MONDEO,9,E01021727,0,1
2024302401146,2024,302401146,2,9,0,18,19,6,2,0,0,8,0,0,0,0,1,1,2,2,1,44,7,1997,2,10,FORD MONDEO,5,E01013530,0,1
2024451486189,2024,451486189,2,8,0,-1,3,5,1,-1,0,0,0,0,0,0,-1,1,-1,6,3,40,7,1499,2,8,FORD MONDEO,-1,-1,0,-1
202460Q114738,2024,60Q114738,1,9,0,18,19,7,3,0,0,0,0,0,1,0,1,1,6,6,1,50,8,1995,2,4,FORD MONDEO,-1,-1,0,-1
2024231476497,2024,231476497,2,9,0,-1,4,2,6,-1,0,8,0,0,0,0,2,1,-1,9,1,29,6,1999,1,15,FORD MONDEO,3,E01031176,0,1
2024451414538,2024,451414538,1,9,0,-1,19,1,5,-1,0,1,0,0,0,0,1,1,-1,2,2,37,7,1997,2,9,FORD MONDEO,5,E01034037,0,4
2024471469163,2024,471469163,2,9,0,-1,7,6,5,-1,0,5,0,0,0,0,4,9,-1,6,2,34,6,1997,2,8,FORD MONDEO,10,E01031741,0,1
2024461403147,2024,461403147,2,9,0,-1,19,5,1,-1,0,8,0,0,0,0,1,1,-1,2,1,36,7,1798,1,20,FORD MONDEO,1,E01034996,0,2
2024552400847,2024,552400847,1,9,0,18,19,4,8,0,0,1,0,0,0,0,1,1,6,6,3,-1,-1,1997,2,16,FORD MONDEO,-1,-1,0,-1
2024547577524,2024,547577524,2,9,0,17,19,3,7,0,0,0,0,0,0,0,3,1,6,6,2,63,9,1597,1,24,FORD MONDEO,10,E01022860,0,4
2024320268677,2024,320268677,2,9,0,-1,-1,4,8,6,6,0,0,0,0,0,4,1,-1,-1,2,42,7,1997,2,13,FORD MONDEO,4,E01018095,0,3
2024430559188,2024,430559188,3,9,0,4,4,7,3,0,0,0,0,0,0,0,3,1,1,1,1,29,6,1995,2,4,FORD MONDEO,-1,-1,0,-1
2024041529515,2024,041529515,2,9,0,-1,7,8,4,-1,0,1,0,0,0,0,1,1,-1,2,1,31,6,1596,1,13,FORD MONDEO,1,E01034336,0,1
2024549545524,2024,549545524,3,9,0,2,2,0,0,0,0,0,0,0,0,0,2,1,6,6,3,-1,-1,1997,2,9,FORD MONDEO,-1,-1,0,-1
2024131450437,2024,131450437,2,9,0,-1,19,7,3,-1,0,8,0,0,0,0,1,1,-1,6,1,61,9,1997,2,14,FORD MONDEO,2,E01011313,0,2
2024440444437,2024,440444437,1,9,0,5,5,4,8,0,0,8,0,0,0,0,3,1,6,6,1,51,8,1997,2,11,FORD MONDEO,1,E01017208,0,1
2024302401742,2024,302401742,1,9,0,-1,19,1,5,-1,0,8,0,0,0,0,4,1,-1,1,1,27,6,1997,2,6,FORD MONDEO,6,E01019608,0,4
2024201451895,2024,201451895,4,9,0,-1,2,0,0,-1,0,2,0,0,0,0,1,9,-1,6,-1,-1,-1,1499,2,9,FORD MONDEO,-1,-1,0,-1
2024010536163,2024,010536163,1,9,0,18,19,3,7,0,0,0,0,0,0,0,1,1,6,6,1,62,9,1999,1,21,FORD MONDEO,-1,-1,0,-1
2024221418827,2024,221418827,1,9,0,-1,19,2,6,-1,0,0,1,0,7,4,3,1,-1,6,1,16,4,1998,2,21,FORD MONDEO,6,E01032360,0,2
2024421498445,2024,421498445,1,9,0,-1,1,-1,-1,-1,0,0,0,0,0,0,2,1,-1,6,1,-1,-1,1997,2,13,FORD MONDEO,-1,-1,0,-1
2024340WN5542,2024,340WN5542,5,9,0,-1,19,7,3,-1,0,0,0,0,0,0,0,1,-1,1,1,42,7,1997,2,6,FORD MONDEO,7,E01027162,0,2
2024161440632,2024,161440632,2,8,9,-1,19,4,8,-1,0,1,9,0,9,0,9,9,-1,6,3,-1,-1,1997,2,10,FORD MONDEO,-1,-1,0,-1
2024461417023,2024,461417023,1,9,0,-1,19,5,1,-1,0,3,0,0,0,0,3,1,-1,1,1,29,6,1995,2,5,FORD MONDEO,2,E01024717,0,2
2024471461479,2024,471461479,2,9,0,-1,19,1,5,-1,0,0,0,0,1,0,2,1,-1,9,1,45,7,1997,2,15,FORD MONDEO,5,E01031604,0,1
2024302401255,2024,302401255,1,9,0,18,19,4,8,0,0,1,0,0,7,11,1,1,6,6,1,42,7,1997,2,15,FORD MONDEO,1,E01019728,0,4
2024010526535,2024,010526535,2,9,0,18,19,7,3,0,0,0,0,0,0,0,0,1,1,1,1,36,7,1999,8,2,FORD MONDEO,-1,-1,0,-1
2024052400182,2024,052400182,1,8,0,6,6,1,1,0,0,0,0,0,0,0,1,1,1,1,1,50,8,1560,2,10,FORD MONDEO,7,E01007084,0,1
2024430198401,2024,430198401,1,9,0,9,9,8,6,0,0,1,0,0,0,0,1,1,6,6,2,39,7,1753,2,15,FORD MONDEO,8,E01016713,0,1
2024061525710,2024,061525710,1,9,0,-1,9,1,6,-1,0,6,0,0,0,0,1,1,-1,9,1,40,7,2179,2,13,FORD MONDEO,1,E01005689,0,1
2024320069309,2024,320069309,2,9,0,-1,-1,3,7,0,0,0,0,0,0,0,2,1,6,6,1,45,7,1796,1,24,FORD MONDEO,9,E01034698,0,4
2024401525243,2024,401525243,1,9,0,-1,19,5,1,-1,0,0,0,0,0,0,1,1,-1,9,1,36,7,1997,2,9,FORD MONDEO,2,E01015754,0,1
2024070213940,2024,070213940,2,9,0,16,19,7,3,0,0,8,0,0,0,0,2,1,6,6,1,53,8,1753,2,14,FORD MONDEO,3,E01018715,0,2
2024010515608,2024,010515608,1,9,0,9,9,3,1,0,0,8,0,0,0,0,4,1,3,7,1,32,6,1999,1,14,FORD MONDEO,2,E01003191,0,1
2024211479391,2024,211479391,1,9,0,-1,3,2,5,-1,0,0,0,0,0,0,2,1,-1,6,1,54,8,1997,2,12,FORD MONDEO,3,E01029408,0,1
2024430449829,2024,430449829,1,9,0,16,19,2,5,0,0,0,0,0,0,0,1,1,6,6,2,88,11,1999,1,19,FORD MONDEO,6,E01027011,0,4
2024131405517,2024,131405517,1,9,0,-1,9,3,1,-1,0,0,0,0,0,0,1,1,-1,2,1,59,9,1997,2,14,FORD MONDEO,5,E01010888,0,2
2024451494922,2024,451494922,2,9,0,-1,5,3,5,-1,0,6,0,0,0,0,1,1,-1,6,1,48,8,1998,2,17,FORD MONDEO,8,E01035013,0,3
2024010507831,2024,010507831,1,9,0,99,99,9,9,99,99,9,9,99,9,99,2,9,6,6,1,38,7,1997,2,8,FORD MONDEO,2,E01001687,0,2
2024531464006,2024,531464006,1,9,0,-1,4,7,3,-1,0,0,0,0,0,0,1,1,-1,6,2,37,7,1997,2,16,FORD MONDEO,10,E01022439,0,3
2024371505383,2024,371505383,1,9,0,-1,19,5,1,-1,0,1,0,0,0,0,4,1,-1,9,2,36,7,2179,2,16,FORD MONDEO,4,E01026898,0,1
2024501408763,2024,501408763,1,9,0,-1,19,2,6,-1,0,0,0,0,0,0,1,9,-1,6,1,72,10,2198,2,18,FORD MONDEO,4,E01018892,0,1
2024471463285,2024,471463285,2,9,0,-1,15,6,2,-1,0,1,0,4,0,0,3,1,-1,9,1,50,8,1999,1,16,FORD MONDEO,2,E01031783,0,1
2024991483435,2024,991483435,2,9,0,-1,19,5,1,-1,0,0,0,0,0,0,1,1,-1,6,1,65,9,1560,2,9,FORD MONDEO,4,-1,0,3
2024421527494,2024,421527494,1,9,0,-1,14,-1,-1,-1,0,0,0,0,0,0,3,1,-1,6,1,77,11,2261,1,16,FORD MONDEO,8,E01021514,0,1
2024440023162,2024,440023162,2,9,0,3,3,5,1,0,0,1,0,0,0,0,2,1,6,6,1,72,10,1998,2,18,FORD MONDEO,7,E01015450,0,4
2024371441021,2024,371441021,2,9,0,-1,19,-1,-1,-1,0,0,0,0,0,0,1,1,-1,2,1,52,8,1798,1,20,FORD MONDEO,7,E01029991,0,1
2024340NN3482,2024,340NN3482,1,9,0,-1,19,2,6,-1,0,0,0,0,0,0,1,1,-1,2,1,45,7,1997,2,10,FORD MONDEO,3,E01026959,0,2
2024991512436,2024,991512436,1,9,0,-1,15,4,8,-1,0,0,0,0,7,0,1,1,-1,6,1,75,10,1997,2,7,FORD MONDEO,-1,-1,0,-1
2024031493561,2024,031493561,1,9,0,-1,19,7,3,-1,0,8,0,0,7,0,1,1,-1,6,1,68,10,1976,1,14,FORD MONDEO,8,E01019352,0,2
2024430277252,2024,430277252,2,9,0,-1,-1,2,6,0,0,0,0,0,0,0,0,1,6,6,1,45,7,1999,1,17,FORD MONDEO,-1,-1,0,-1
2024211517489,2024,211517489,2,9,0,-1,9,1,5,-1,0,1,0,0,0,0,1,1,-1,6,1,40,7,1999,1,17,FORD MONDEO,-1,-1,0,-1
2024052400910,2024,052400910,1,9,0,9,9,5,3,0,0,8,0,0,0,0,1,1,1,1,1,70,10,1997,2,10,FORD MONDEO,4,E01007001,0,1
2024161535907,2024,161535907,2,9,0,-1,19,8,4,-1,0,0,0,0,0,0,1,9,-1,6,1,-1,-1,1997,2,10,FORD MONDEO,3,E01012784,0,4
2024430127259,2024,430127259,1,9,0,18,19,6,2,0,0,0,0,0,0,0,1,1,6,6,1,68,10,1560,2,12,FORD MONDEO,9,E01016272,0,1
2024991534464,2024,991534464,1,9,0,-1,19,8,4,-1,0,0,0,0,0,0,1,1,-1,6,1,53,8,1798,1,21,FORD MONDEO,10,-1,0,1
2024461461224,2024,461461224,3,9,0,-1,19,4,8,-1,0,8,0,0,0,0,2,1,-1,9,1,39,7,2179,2,15,FORD MONDEO,5,E01016029,0,1
2024501502148,2024,501502148,2,9,0,-1,19,1,5,-1,0,0,0,0,0,0,1,1,-1,2,1,21,5,1997,2,13,FORD MONDEO,5,E01018785,0,1
2024010559641,2024,010559641,1,9,0,99,99,9,9,99,99,9,9,99,9,99,1,9,6,6,3,-1,-1,1596,1,13,FORD MONDEO,4,E01000532,0,1
2024161462364,2024,161462364,3,9,0,-1,4,1,5,-1,0,1,0,0,0,0,0,1,-1,9,1,41,7,1997,2,9,FORD MONDEO,8,E01026671,0,5
2024522401140,2024,522401140,2,9,0,4,4,6,2,0,0,0,0,0,0,0,2,1,6,6,1,67,10,1997,2,14,FORD MONDEO,9,E01022353,0,4
2024201521522,2024,201521522,1,9,0,-1,19,4,8,-1,0,0,0,0,0,0,1,9,-1,9,2,64,9,1499,2,7,FORD MONDEO,1,E01009753,0,1
2024052401103,2024,052401103,2,8,0,4,4,3,7,0,0,3,0,0,0,0,2,1,1,1,1,57,9,1997,2,7,FORD MONDEO,5,E01006670,0,2
2024991409543,2024,991409543,1,9,0,-1,9,1,7,-1,0,2,0,0,0,0,1,9,-1,6,1,60,9,1499,2,8,FORD MONDEO,2,-1,0,4
2024141499351,2024,141499351,2,9,0,-1,9,6,4,-1,0,1,0,0,0,0,3,1,-1,1,1,69,10,1596,1,13,FORD MONDEO,1,E01007327,0,1
2024461506358,2024,461506358,1,9,0,-1,3,1,6,-1,0,4,0,0,0,0,1,1,-1,6,1,57,9,1998,2,20,FORD MONDEO,2,E01024534,0,4
2024311521720,2024,311521720,1,9,0,-1,7,8,3,-1,0,2,0,0,0,0,1,1,-1,6,1,62,9,1999,8,5,FORD MONDEO,-1,-1,0,-1
2024010511910,2024,010511910,4,9,0,18,19,7,3,0,0,8,0,0,0,0,0,1,1,1,1,26,6,1498,1,6,FORD MONDEO,7,E01003456,0,2
2024131400825,2024,131400825,3,9,0,-1,19,3,7,-1,0,8,0,0,0,0,1,1,-1,9,2,32,6,1753,2,14,FORD MONDEO,1,E01011657,0,2
2024471465040,2024,471465040,1,9,0,-1,19,7,4,-1,0,2,0,0,7,0,1,1,-1,9,1,27,6,1997,2,14,FORD MONDEO,4,E01031716,0,1
2024351538911,2024,351538911,2,9,0,-1,4,4,8,-1,0,5,0,0,0,0,2,1,-1,9,1,49,8,1995,2,5,FORD MONDEO,5,E01029953,0,3
2024411489113,2024,411489113,4,9,-1,-1,-1,-1,-1,-1,-1,1,-1,-1,-1,0,-1,1,-1,6,1,26,6,1999,1,13,FORD MONDEO,7,E01023832,0,2
2024131412417,2024,131412417,1,9,0,-1,-1,-1,-1,-1,-1,-1,-1,-1,-1,-1,1,1,-1,6,3,-1,-1,1998,2,23,FORD MONDEO,-1,-1,0,-1
2024471452196,2024,471452196,1,9,0,-1,19,7,3,-1,0,8,0,0,1,2,1,1,-1,9,1,38,7,1753,2,17,FORD MONDEO,3,E01031444,0,4
2024061418528,2024,061418528,1,9,0,-1,1,6,2,-1,0,0,0,0,0,0,2,9,-1,6,1,41,7,1997,2,17,FORD MONDEO,1,E01005941,0,1
2024451472508,2024,451472508,2,9,0,-1,19,4,5,-1,0,0,0,0,0,0,1,9,-1,6,3,50,8,1499,2,7,FORD MONDEO,-1,-1,0,-1
2024131408223,2024,131408223,2,9,0,-1,19,7,7,-1,0,8,0,0,0,0,1,1,-1,6,1,37,7,1999,8,6,FORD MONDEO,1,E01011346,0,1
2024340WN1192,2024,340WN1192,1,9,0,-1,19,6,2,-1,0,6,0,0,0,0,1,1,-1,6,1,42,7,1997,2,12,FORD MONDEO,9,E01035406,0,1
2024320678943,2024,320678943,2,9,0,9,9,4,2,0,0,8,0,0,1,1,4,1,6,6,1,48,8,1997,2,11,FORD MONDEO,10,E01026233,0,4
2024101507803,2024,101507803,1,8,0,-1,9,1,5,-1,0,5,0,0,0,0,1,1,-1,1,1,41,7,1499,2,8,FORD MONDEO,1,E01008331,0,1
2024141409059,2024,141409059,1,9,0,-1,2,0,0,-1,0,1,0,0,0,0,4,9,-1,6,3,-1,-1,1999,8,5,FORD MONDEO,-1,-1,0,-1
2024451458952,2024,451458952,1,9,0,-1,19,7,3,-1,0,8,0,0,0,0,3,1,-1,9,1,35,6,1596,1,13,FORD MONDEO,6,E01031697,0,4
2024041483123,2024,041483123,1,9,0,-1,13,1,5,-1,0,2,0,0,0,0,0,1,-1,9,1,34,6,1997,2,16,FORD MONDEO,3,E01012699,0,1
2024471409622,2024,471409622,2,9,0,-1,19,2,5,-1,0,0,0,0,1,0,1,1,-1,6,1,44,7,1997,2,10,FORD MONDEO,3,E01031360,0,1
2024461432852,2024,461432852,2,9,0,-1,19,8,4,-1,0,0,0,0,0,0,0,1,-1,1,1,32,6,1995,2,4,FORD MONDEO,3,E01024608,0,1
2024351432236,2024,351432236,2,9,0,-1,19,3,7,-1,0,0,0,0,0,0,2,1,-1,2,1,27,6,1997,2,15,FORD MONDEO,10,E01018175,0,4
2024201461962,2024,201461962,2,9,0,-1,9,2,8,-1,0,6,0,0,0,0,1,1,-1,6,1,60,9,1997,2,9,FORD MONDEO,4,E01009218,0,1
2024440189125,2024,440189125,1,9,0,18,19,7,3,9,9,6,0,0,0,0,1,1,6,6,3,22,5,1997,2,9,FORD MONDEO,4,E01017073,0,1
2024501529498,2024,501529498,1,9,0,-1,19,6,2,-1,0,0,0,0,1,11,1,1,-1,6,3,-1,-1,1997,2,9,FORD MONDEO,-1,-1,0,-1
2024471400948,2024,471400948,3,9,0,-1,3,5,1,-1,0,1,0,0,0,0,0,1,-1,9,1,77,11,1997,2,8,FORD MONDEO,8,E01014705,0,5
2024520401951,2024,520401951,1,9,0,18,19,1,5,0,0,8,0,0,0,0,1,1,6,6,1,68,10,1997,2,8,FORD MONDEO,-1,-1,0,-1
2024041426490,2024,041426490,1,9,0,-1,19,6,2,-1,0,8,0,0,0,0,1,1,-1,2,1,41,7,1997,2,10,FORD MONDEO,9,E01025256,0,1
2024141511950,2024,141511950,3,9,0,-1,5,4,8,-1,0,0,0,0,0,0,2,1,-1,9,1,60,9,1997,2,10,FORD MONDEO,1,E01007522,0,4
2024101395273,2024,101395273,2,9,0,-1,2,7,3,-1,0,0,0,0,0,0,0,1,-1,6,2,49,8,1560,2,12,FORD MONDEO,-1,-1,0,-1
2024332400112,2024,332400112,1,9,0,-1,19,1,4,-1,0,8,0,0,0,0,1,1,-1,6,2,38,7,1997,2,8,FORD MONDEO,2,E01019842,0,2
2024440045533,2024,440045533,1,9,0,9,9,4,8,0,0,5,0,0,0,0,0,1,6,6,1,25,5,1753,2,15,FORD MONDEO,3,E01017194,0,1
2024991450048,2024,991450048,2,8,0,-1,19,3,7,-1,0,1,0,0,0,0,1,1,-1,1,1,64,9,1999,8,5,FORD MONDEO,8,-1,0,2
2024141420761,2024,141420761,2,9,0,-1,19,6,2,-1,0,0,0,0,0,0,1,1,-1,9,1,49,8,1753,2,16,FORD MONDEO,8,E01034242,0,2
2024991521646,2024,991521646,1,9,0,-1,9,1,7,-1,0,2,0,0,0,0,3,1,-1,9,1,73,10,1997,2,14,FORD MONDEO,1,-1,0,1
2024440561684,2024,440561684,2,9,0,3,3,2,6,0,0,0,0,0,0,0,2,1,6,6,1,51,8,1997,2,7,FORD MONDEO,9,E01022281,0,5
2024631454627,2024,631454627,2,9,0,-1,19,7,3,-1,0,0,0,0,0,0,3,1,-1,9,1,63,9,1997,2,15,FORD MONDEO,7,W01000561,0,4
2024161486132,2024,161486132,2,9,0,-1,19,3,5,-1,0,1,0,0,0,0,1,1,-1,6,1,69,10,1997,2,15,FORD MONDEO,-1,-1,0,-1
2024320356252,2024,320356252,2,9,0,-1,-1,6,2,0,0,0,0,0,1,0,3,1,-1,-1,1,31,6,2261,1,16,FORD MONDEO,4,E01026081,0,3
2024351547127,2024,351547127,1,9,0,-1,19,5,1,-1,0,0,0,0,0,0,2,1,-1,6,1,48,8,1997,2,6,FORD MONDEO,2,E01015608,0,2
2024141424730,2024,141424730,1,9,0,-1,9,6,2,-1,0,8,0,0,0,0,3,1,-1,1,1,50,8,1997,2,10,FORD MONDEO,1,E01007338,0,1
2024622500002,2024,622500002,3,9,0,2,2,0,0,0,0,0,0,0,0,0,1,1,6,6,3,-1,-1,1560,2,8,FORD MONDEO,-1,-1,0,-1
2024471397408,2024,471397408,1,9,0,-1,19,8,4,-1,0,0,0,0,0,0,0,9,-1,6,3,-1,-1,1997,2,14,FORD MONDEO,-1,-1,0,-1
2024131458082,2024,131458082,2,9,0,-1,19,6,2,-1,0,2,0,0,3,0,2,1,-1,1,2,35,6,1560,2,12,FORD MONDEO,2,E01011918,0,1
2024340WN2042,2024,340WN2042,2,9,0,-1,19,2,6,-1,0,1,0,0,0,0,1,1,-1,1,1,51,8,1997,2,7,FORD MONDEO,5,E01027145,0,3
2024010525235,2024,010525235,2,9,0,99,99,9,9,99,99,9,9,99,9,99,1,9,6,6,1,45,7,1997,2,6,FORD MONDEO,3,E01035661,0,1
2024991503240,2024,991503240,1,8,0,-1,19,7,3,-1,0,1,0,0,0,0,3,1,-1,1,1,59,9,1997,2,6,FORD MONDEO,4,-1,0,1
2024351410613,2024,351410613,2,9,0,-1,4,4,8,-1,0,0,0,0,0,0,2,1,-1,6,1,63,9,1997,2,13,FORD MONDEO,5,E01018096,0,1
2024031420463,2024,031420463,1,9,0,-1,19,7,3,-1,0,0,1,0,4,0,3,1,-1,9,1,47,8,1997,2,8,FORD MONDEO,-1,-1,0,-1