collision_index,collision_year,collision_ref_no,vehicle_reference,vehicle_type,towing_and_articulation,vehicle_manoeuvre_historic,vehicle_manoeuvre,vehicle_direction_from,vehicle_direction_to,vehicle_location_restricted_lane_historic,vehicle_location_restricted_lane,junction_location,skidding_and_overturning,hit_object_in_carriageway,vehicle_leaving_carriageway,hit_object_off_carriageway,first_point_of_impact,vehicle_left_hand_drive,journey_purpose_of_driver_historic,journey_purpose_of_driver,sex_of_driver,age_of_driver,age_band_of_driver,engine_capacity_cc,propulsion_code,age_of_vehicle,generic_make_model,driver_imd_decile,lsoa_of_driver,escooter_flag,driver_distance_banding
2024231524232,2024,231524232,2,9,0,-1,9,5,3,-1,0,8,0,0,0,0,2,9,-1,6,2,26,6,1997,2,15,FORD MONDEO,8,E01035014,0,1
2024451524444,2024,451524444,1,9,0,-1,7,5,1,-1,0,0,1,0,0,0,4,1,-1,1,1,42,7,1997,2,17,FORD MONDEO,8,E01030534,0,1
2024041441591,2024,041441591,1,9,0,-1,19,5,1,-1,0,0,0,0,0,0,4,1,-1,6,1,49,8,1997,2,7,FORD MONDEO,2,E01025366,0,1
2024991438412,2024,991438412,2,9,0,-1,19,6,2,-1,0,0,0,0,4,0,1,1,-1,9,1,54,8,1997,2,15,FORD MONDEO,2,-1,0,3
2024351462137,2024,351462137,1,9,0,-1,9,2,8,-1,0,6,0,0,0,0,3,1,-1,6,1,80,11,1999,1,19,FORD MONDEO,5,E01018142,0,1
2024522500414,2024,522500414,1,9,0,7,7,6,1,0,0,5,0,0,0,0,1,1,6,6,1,25,5,1997,2,13,FORD MONDEO,7,E01035218,0,2
2024548471024,2024,548471024,2,9,0,2,2,0,0,0,0,0,0,0,0,0,3,1,6,6,1,-1,-1,1997,2,9,FORD MONDEO,-1,-1,0,-1
2024501537556,2024,501537556,1,9,0,-1,19,7,5,-1,0,8,5,10,7,0,4,1,-1,9,1,48,8,1997,2,14,FORD MONDEO,2,E01020280,0,3
2024471407851,2024,471407851,1,9,0,-1,1,4,8,-1,0,2,0,0,0,0,2,1,-1,6,1,32,6,1999,1,19,FORD MONDEO,2,E01020922,0,1
2024351422720,2024,351422720,1,9,0,-1,1,-1,-1,-1,0,0,0,0,0,0,2,9,-1,6,1,-1,-1,1997,2,16,FORD MONDEO,-1,-1,0,-1
2024221405243,2024,221405243,2,9,0,-1,19,5,1,-1,0,0,0,0,0,0,1,1,-1,2,1,37,7,1997,2,12,FORD MONDEO,6,E01032216,0,1
2024545170324,2024,545170324,2,9,0,2,2,0,0,0,0,0,0,0,0,0,2,1,6,6,1,-1,-1,1498,1,6,FORD MONDEO,-1,-1,0,-1
2024421423679,2024,421423679,1,9,0,-1,7,4,7,-1,0,2,0,0,0,0,1,1,-1,9,1,86,11,1753,2,14,FORD MONDEO,7,E01021695,0,2
2024010504399,2024,010504399,1,9,0,18,19,1,5,0,0,0,0,0,0,0,0,1,1,1,1,36,7,1999,8,2,FORD MONDEO,3,E01001830,0,1
2024522402348,2024,522402348,2,9,0,9,9,1,7,5,5,5,0,0,0,0,1,1,6,6,1,52,8,1997,2,9,FORD MONDEO,1,E01014597,0,1
2024161411252,2024,161411252,1,9,0,-1,19,5,1,-1,0,8,0,0,0,0,4,1,-1,6,2,36,7,1560,2,9,FORD MONDEO,8,E01030155,0,5
2024231492845,2024,231492845,2,9,0,-1,2,0,0,-1,0,0,0,0,1,7,2,1,-1,6,1,80,11,1999,1,16,FORD MONDEO,8,E01031210,0,3
2024101444843,2024,101444843,1,9,0,-1,19,8,4,-1,0,4,0,0,0,0,1,1,-1,6,1,23,5,1560,2,12,FORD MONDEO,1,E01027426,0,1
2024501499725,2024,501499725,2,9,0,-1,19,5,1,-1,0,0,0,0,0,0,3,1,-1,1,1,67,10,1997,2,7,FORD MONDEO,3,E01018927,0,2
2024631480609,2024,631480609,2,9,0,-1,19,6,2,-1,0,0,0,0,0,0,3,1,-1,9,1,71,10,1997,2,14,FORD MONDEO,10,W01001853,0,5
2024201485996,2024,201485996,1,9,0,-1,9,1,5,-1,0,8,0,0,0,0,1,1,-1,6,1,46,8,1997,2,17,FORD MONDEO,2,E01010529,0,1
2024461433086,2024,461433086,3,9,0,-1,2,0,0,-1,0,2,1,4,0,0,3,9,-1,6,-1,-1,-1,1997,2,13,FORD MONDEO,-1,-1,0,-1
2024041426134,2024,041426134,1,9,0,-1,19,5,1,-1,0,8,0,0,0,0,1,1,-1,9,1,57,9,1997,2,17,FORD MONDEO,1,E01006000,0,4
2024501542793,2024,501542793,1,9,0,-1,9,5,3,-1,0,8,0,0,7,11,1,1,-1,6,1,22,5,2967,1,20,FORD MONDEO,5,E01018921,0,2
2024010536295,2024,010536295,1,9,0,99,99,9,9,99,99,9,9,99,9,99,2,9,6,6,1,40,7,1999,1,17,FORD MONDEO,6,E01003345,0,1
2024552401221,2024,552401221,2,9,0,18,19,1,5,0,0,0,0,0,0,0,3,1,6,6,1,63,9,1997,2,12,FORD MONDEO,5,E01020530,0,1
2024122500090,2024,122500090,1,9,0,5,5,5,7,0,0,1,0,0,0,0,3,1,6,6,2,84,11,1997,2,4,FORD MONDEO,9,E01027583,0,1
2024201495275,2024,201495275,1,9,0,-1,19,1,2,-1,0,0,0,0,0,0,1,1,-1,9,1,38,7,1997,2,9,FORD MONDEO,2,E01009941,0,1
2024332400759,2024,332400759,3,9,0,-1,3,1,5,-1,0,0,0,0,0,0,2,1,-1,9,1,-1,-1,1997,2,15,FORD MONDEO,7,E01012581,0,5
2024122400993,2024,122400993,1,9,0,18,19,5,1,0,0,1,0,0,0,0,3,1,6,6,1,46,8,1997,2,10,FORD MONDEO,2,E01027827,0,1
2024451511098,2024,451511098,1,9,0,-1,19,7,3,-1,0,0,1,0,1,0,1,1,-1,6,1,70,10,1997,2,14,FORD MONDEO,7,E01016191,0,2
2024070453433,2024,070453433,2,9,0,4,4,7,3,0,0,1,0,0,0,0,4,1,6,6,1,24,5,1997,2,15,FORD MONDEO,7,E01018335,0,1
2024131428262,2024,131428262,1,9,0,-1,19,3,7,-1,0,0,0,0,0,0,1,1,-1,6,3,-1,-1,1997,2,11,FORD MONDEO,-1,-1,0,-1
2024411479126,2024,411479126,1,17,0,-1,19,1,5,-1,0,0,0,0,0,0,3,9,-1,6,1,-1,-1,4400,2,6,-1,-1,-1,0,-1
2024161512394,2024,161512394,2,2,0,-1,13,7,3,-1,0,0,0,0,0,0,1,1,-1,9,1,38,7,125,1,8,-1,10,E01013089,0,1
2024451506253,2024,451506253,2,3,0,-1,19,5,1,-1,0,1,0,0,0,0,1,1,-1,9,1,17,4,125,1,6,-1,9,E01030947,0,1
2024201461962,2024,201461962,1,2,0,-1,5,2,6,-1,0,8,0,0,0,0,3,1,-1,6,1,20,4,125,1,9,-1,1,E01009174,0,1
2024501430362,2024,501430362,1,3,0,-1,19,3,7,-1,0,0,1,0,0,0,1,1,-1,6,1,19,4,125,1,3,-1,3,E01015063,0,1
2024552400789,2024,552400789,1,4,0,18,19,8,4,0,0,0,0,0,0,0,0,1,6,6,1,39,7,125,1,4,-1,5,E01015377,0,1
2024991511551,2024,991511551,1,9,0,-1,19,4,8,-1,0,0,2,0,0,0,1,1,-1,2,1,40,7,1582,2,11,KIA PRO CEED,-1,-1,0,-1
2024131512329,2024,131512329,1,9,0,-1,19,3,3,-1,0,1,0,0,0,0,1,1,-1,1,2,21,5,1482,1,1,KIA PRO CEED,6,E01027734,0,3
2024010530762,2024,010530762,1,9,0,18,19,1,5,0,0,8,0,0,7,0,0,1,6,6,1,19,4,1591,1,12,KIA PRO CEED,2,E01001509,0,4
2024552400223,2024,552400223,2,9,0,9,9,8,5,0,0,1,0,0,0,0,2,1,6,6,1,44,7,1482,1,1,KIA PRO CEED,10,E01015398,0,1
2024411538486,2024,411538486,2,9,0,-1,10,1,7,-1,0,1,0,0,0,0,2,1,-1,6,2,31,6,1582,2,10,KIA PRO CEED,6,E01033813,0,3
2024440295555,2024,440295555,2,9,0,4,4,2,6,0,0,0,0,0,0,0,2,1,6,6,1,57,9,1591,1,1,KIA PRO CEED,3,E01017195,0,3
2024041486566,2024,041486566,1,9,0,-1,9,7,4,-1,0,2,0,0,7,0,1,2,-1,6,1,44,7,1591,1,15,KIA PRO CEED,1,E01004850,0,4
2024411407564,2024,411407564,1,9,0,-1,4,8,4,-1,0,0,0,0,0,0,1,1,-1,1,1,36,7,1353,1,5,KIA PRO CEED,10,E01023803,0,3
2024141524590,2024,141524590,3,9,0,-1,19,1,4,-1,0,1,0,0,0,0,1,9,-1,6,1,78,11,1396,1,8,KIA PRO CEED,7,E01007334,0,1
2024991547528,2024,991547528,1,9,0,-1,1,5,7,-1,0,1,0,0,0,0,1,9,-1,6,1,57,9,1396,1,10,KIA PRO CEED,9,-1,0,1
2024522402141,2024,522402141,3,9,0,18,19,8,4,0,0,0,0,0,0,0,2,1,6,6,2,21,5,1396,1,10,KIA PRO CEED,8,E01022887,0,5
2024361408901,2024,361408901,1,9,0,-1,19,8,4,-1,0,2,0,0,1,0,4,1,-1,9,1,29,6,1396,1,14,KIA PRO CEED,4,E01018109,0,1
2024991476187,2024,991476187,2,9,0,-1,19,8,5,-1,0,0,0,0,0,0,1,1,-1,9,1,38,7,1396,1,9,KIA PRO CEED,3,-1,0,2
2024610022024,2024,610022024,2,9,0,3,3,7,3,0,0,0,0,0,0,0,2,1,6,6,1,49,8,1582,2,13,KIA PRO CEED,2,W01001332,0,1
2024201424928,2024,201424928,2,9,0,-1,19,6,2,-1,0,8,0,0,0,0,4,1,-1,6,1,30,6,1591,1,11,KIA PRO CEED,-1,-1,0,-1
2024061443325,2024,061443325,2,9,0,-1,3,1,5,-1,0,1,0,0,0,0,2,2,-1,1,1,60,9,1598,2,5,KIA PRO CEED,9,E01018664,0,3
2024010536352,2024,010536352,1,9,0,7,7,6,8,2,2,5,5,0,0,0,2,1,6,6,2,70,10,1482,1,3,KIA PRO CEED,-1,-1,0,-1
2024421509261,2024,421509261,2,9,0,-1,19,3,7,-1,0,8,0,0,0,0,1,1,-1,9,1,50,8,1591,1,3,KIA PRO CEED,9,E01021643,0,1
2024991456371,2024,991456371,2,9,0,-1,19,3,7,-1,0,1,0,0,0,0,1,1,-1,6,1,29,6,1582,2,8,KIA PRO CEED,7,-1,0,1
2024010502947,2024,010502947,1,9,0,99,99,9,9,99,99,9,9,99,9,99,9,1,6,6,3,-1,-1,1591,1,5,KIA PRO CEED,4,E01024134,0,2
2024311499941,2024,311499941,3,9,0,-1,9,1,7,-1,0,6,0,0,0,0,3,1,-1,9,2,32,6,1598,2,5,KIA PRO CEED,3,E01028019,0,4
2024320060844,2024,320060844,1,9,0,9,9,2,1,0,0,1,0,0,0,0,1,1,-1,-1,1,42,7,1482,1,1,KIA PRO CEED,1,E01009056,0,5
2024010490292,2024,010490292,1,9,0,99,99,9,9,99,99,9,9,99,9,99,2,9,6,6,1,27,6,1591,1,11,KIA PRO CEED,7,E01001269,0,1
2024991412132,2024,991412132,2,9,0,-1,19,2,6,-1,0,0,0,0,0,0,2,1,-1,6,1,33,6,1591,1,9,KIA PRO CEED,5,-1,0,5
2024041508789,2024,041508789,2,9,0,-1,19,3,7,-1,0,0,0,0,0,0,2,1,-1,1,2,42,7,1482,1,2,KIA PRO CEED,10,E01025355,0,1
2024141457999,2024,141457999,1,9,0,-1,19,4,8,-1,0,8,0,0,0,0,1,1,-1,2,1,38,7,1591,1,13,KIA PRO CEED,1,E01008090,0,1
2024211515905,2024,211515905,2,9,0,-1,19,8,4,-1,0,0,0,0,0,0,3,1,-1,6,2,39,7,1482,1,3,KIA PRO CEED,8,E01029743,0,3
2024501457677,2024,501457677,3,9,0,-1,19,7,3,-1,0,0,0,0,0,0,1,1,-1,9,2,24,5,1582,2,9,KIA PRO CEED,2,E01019053,0,3
2024061531611,2024,061531611,1,9,0,-1,19,5,1,-1,0,0,0,0,0,0,0,1,-1,1,1,26,6,1482,1,0,KIA PRO CEED,4,E01006278,0,3
2024302401344,2024,302401344,2,9,0,16,19,1,3,0,0,8,0,0,0,0,2,1,6,6,1,37,7,1582,2,13,KIA PRO CEED,3,E01029408,0,1
2024991525709,2024,991525709,1,9,0,-1,9,5,2,-1,0,0,0,0,0,0,1,1,-1,6,1,61,9,1582,2,14,KIA PRO CEED,7,-1,0,3
2024522401948,2024,522401948,1,9,0,18,19,5,1,0,0,0,0,0,5,6,2,1,6,6,1,65,9,1591,1,8,KIA PRO CEED,6,E01031221,0,5
2024361512474,2024,361512474,1,9,0,-1,5,7,5,-1,0,1,0,0,0,0,3,1,-1,1,2,23,5,1582,2,7,KIA PRO CEED,3,E01026685,0,1
2024211496468,2024,211496468,2,9,0,-1,19,5,1,-1,0,0,0,0,0,0,2,1,-1,6,2,33,6,1353,1,5,KIA PRO CEED,7,E01029721,0,3
2024320569205,2024,320569205,1,9,0,9,9,1,6,0,0,6,0,0,1,0,1,1,-1,-1,1,55,8,1582,2,12,KIA PRO CEED,4,E01026323,0,1
2024131482381,2024,131482381,2,9,0,-1,19,1,5,-1,0,8,0,0,0,0,2,1,-1,6,-1,-1,-1,1482,1,0,KIA PRO CEED,-1,-1,0,-1
2024471454310,2024,471454310,3,9,0,-1,19,4,1,-1,0,0,0,0,0,0,1,1,-1,6,2,44,7,1482,1,1,KIA PRO CEED,3,E01021050,0,1
2024461432852,2024,461432852,3,9,0,-1,2,0,0,-1,0,0,0,0,0,0,2,1,-1,6,1,-1,-1,1482,1,1,KIA PRO CEED,-1,-1,0,-1
2024991446248,2024,991446248,2,9,0,-1,19,1,5,-1,0,1,0,0,0,0,1,1,-1,2,1,44,7,1396,1,9,KIA PRO CEED,7,-1,0,3
2024221410107,2024,221410107,2,9,0,-1,5,6,4,-1,0,4,0,0,0,0,3,1,-1,6,2,40,7,1353,1,5,KIA PRO CEED,8,E01032452,0,1
2024052400164,2024,052400164,1,9,0,18,19,5,1,0,0,0,0,0,0,0,1,1,6,6,1,50,8,1482,1,1,KIA PRO CEED,1,E01007175,0,1
2024991527855,2024,991527855,1,9,0,-1,19,2,6,-1,0,0,0,0,0,0,1,1,-1,6,2,79,11,1582,2,12,KIA PRO CEED,5,-1,0,3
2024231523075,2024,231523075,2,9,0,-1,4,6,2,-1,0,0,0,0,0,0,2,9,-1,6,1,27,6,1598,2,5,KIA PRO CEED,1,E01010130,0,4
2024631424657,2024,631424657,1,9,0,-1,12,2,6,-1,0,0,0,0,0,0,3,1,-1,9,2,50,8,1482,1,3,KIA PRO CEED,6,W01000643,0,1
2024010498576,2024,010498576,2,9,0,99,99,9,9,99,99,9,9,99,9,99,9,9,6,6,1,25,5,1598,2,5,KIA PRO CEED,2,E01002790,0,1
2024302500213,2024,302500213,2,9,0,-1,4,8,4,-1,0,0,0,0,0,0,2,1,-1,6,1,45,7,1591,1,11,KIA PRO CEED,2,E01019777,0,2
2024501441589,2024,501441589,2,9,0,-1,7,4,8,-1,0,6,0,0,0,0,3,1,-1,6,1,19,4,1582,2,13,KIA PRO CEED,5,E01034847,0,1
2024010503061,2024,010503061,2,9,0,99,99,9,9,99,99,9,9,99,9,99,1,9,6,6,3,-1,-1,1353,1,5,KIA PRO CEED,-1,-1,0,-1
2024361500751,2024,361500751,3,9,0,-1,4,8,4,-1,0,0,0,0,0,0,2,1,-1,2,1,42,7,1582,2,14,KIA PRO CEED,2,E01026477,0,4
2024122400336,2024,122400336,1,17,0,7,7,5,7,0,0,8,0,0,0,0,0,1,1,1,1,62,9,6124,2,2,-1,3,E01027749,0,1
2024320237020,2024,320237020,2,9,0,-1,-1,2,6,0,0,8,1,0,0,0,3,1,-1,-1,1,58,9,2987,2,12,-1,9,E01034697,0,1
2024461487039,2024,461487039,2,9,0,-1,4,7,3,-1,0,0,0,4,1,0,2,1,-1,6,1,61,9,2987,2,14,-1,4,E01024694,0,3
2024201447568,2024,201447568,1,9,0,-1,2,0,0,-1,0,0,0,0,0,0,3,9,-1,6,1,30,6,2987,2,18,-1,-1,-1,0,-1
2024451497208,2024,451497208,1,9,0,-1,19,3,7,-1,0,0,5,0,0,0,1,1,-1,6,1,-1,-1,2987,2,13,-1,-1,-1,0,-1
2024041453677,2024,041453677,1,9,0,-1,19,-1,-1,-1,0,0,0,0,0,0,-1,9,-1,6,3,-1,-1,2987,2,18,-1,-1,-1,0,-1
2024101457817,2024,101457817,2,9,0,-1,19,5,1,-1,0,0,0,0,0,0,4,1,-1,6,1,50,8,2987,2,14,-1,3,E01027461,0,3
2024501434485,2024,501434485,1,3,0,-1,13,1,5,-1,0,0,2,4,0,0,1,1,-1,6,1,35,6,125,1,2,-1,3,E01015166,0,1
2024552400355,2024,552400355,2,9,0,18,19,3,7,0,0,8,0,0,0,0,4,1,6,6,1,62,9,1998,1,4,MINI JOHN COOPER WORKS,5,E01029231,0,2
2024411535847,2024,411535847,5,9,0,-1,19,1,5,-1,0,0,0,0,0,0,1,1,-1,6,1,-1,-1,1998,1,4,MINI JOHN COOPER WORKS,-1,-1,0,-1
2024070603885,2024,070603885,1,9,0,18,19,1,5,0,0,1,0,0,0,0,4,1,6,6,2,44,7,1998,1,1,MINI JOHN COOPER WORKS,10,E01018411,0,1
2024201525183,2024,201525183,2,9,0,-1,19,7,3,-1,0,8,0,0,0,0,1,1,-1,6,1,29,6,1998,1,1,MINI JOHN COOPER WORKS,2,E01010021,0,1
2024461514356,2024,461514356,3,9,0,-1,19,1,5,-1,0,0,0,0,0,0,2,1,-1,9,1,61,9,1998,1,0,MINI JOHN COOPER WORKS,8,E01024744,0,2
2024991507626,2024,991507626,2,9,0,-1,19,3,7,-1,0,1,0,0,0,0,1,1,-1,6,2,45,7,1998,1,5,MINI JOHN COOPER WORKS,5,-1,0,3
2024451506920,2024,451506920,5,9,0,-1,19,7,3,-1,0,0,0,0,0,0,1,1,-1,6,-1,-1,-1,1998,1,3,MINI JOHN COOPER WORKS,10,E01030775,0,1
2024451457762,2024,451457762,1,9,0,-1,10,6,3,-1,0,6,0,0,0,0,2,1,-1,9,1,57,9,1998,1,9,MINI JOHN COOPER WORKS,9,E01030309,0,1
2024141432448,2024,141432448,1,9,0,-1,5,8,4,-1,0,1,0,0,0,0,4,1,-1,9,1,41,7,1998,1,2,MINI JOHN COOPER WORKS,4,E01007393,0,2
2024010515134,2024,010515134,4,9,0,2,2,0,0,0,0,0,0,0,0,0,1,1,6,6,3,-1,-1,1998,1,1,MINI JOHN COOPER WORKS,-1,-1,0,-1
2024201495361,2024,201495361,2,9,0,-1,3,6,2,-1,0,1,0,0,0,0,2,1,-1,9,2,60,9,1998,1,4,MINI JOHN COOPER WORKS,10,E01022386,0,4
2024991469565,2024,991469565,2,9,0,-1,19,1,6,-1,0,1,0,0,0,0,4,1,-1,9,2,30,6,1998,1,5,MINI JOHN COOPER WORKS,5,-1,0,2
2024361535494,2024,361535494,1,9,0,-1,13,6,3,-1,0,0,0,0,0,0,3,1,-1,9,1,54,8,1998,1,2,MINI JOHN COOPER WORKS,5,E01026783,0,2
2024451504652,2024,451504652,2,9,0,-1,19,1,6,-1,0,1,0,0,0,0,1,1,-1,9,2,58,9,1998,1,2,MINI JOHN COOPER WORKS,10,E01030508,0,1
2024440337590,2024,440337590,2,9,0,17,19,4,1,0,0,0,0,0,0,0,1,1,6,6,2,27,6,1998,1,2,MINI JOHN COOPER WORKS,10,E01030468,0,4
2024991539384,2024,991539384,1,9,0,-1,9,7,5,-1,0,8,0,0,0,0,1,1,-1,6,2,39,7,1998,1,1,MINI JOHN COOPER WORKS,4,-1,0,1
2024430468434,2024,430468434,2,9,0,18,19,5,1,0,0,0,0,0,0,0,1,1,6,6,2,25,5,1998,1,8,MINI JOHN COOPER WORKS,10,E01028698,0,3
2024010508121,2024,010508121,1,9,0,18,19,1,5,0,0,2,0,0,1,0,1,1,6,6,2,63,9,1998,1,4,MINI JOHN COOPER WORKS,9,E01015684,0,5
2024101471327,2024,101471327,3,9,0,-1,2,1,5,-1,0,2,0,0,0,0,1,1,-1,6,1,52,8,1998,1,7,MINI JOHN COOPER WORKS,8,E01008527,0,1
2024201464170,2024,201464170,2,9,0,-1,10,6,4,-1,0,1,0,0,0,0,2,1,-1,1,1,51,8,1998,1,7,MINI JOHN COOPER WORKS,2,E01009317,0,1
2024421406858,2024,421406858,2,9,0,-1,3,2,6,-1,0,2,0,0,0,0,2,1,-1,7,2,42,7,1998,1,1,MINI JOHN COOPER WORKS,10,E01021458,0,1
2024010530238,2024,010530238,2,9,9,2,2,9,9,99,99,9,9,99,9,99,9,9,6,6,3,-1,-1,1998,1,6,MINI JOHN COOPER WORKS,-1,-1,0,-1
2024991414058,2024,991414058,2,9,0,-1,19,8,4,-1,0,1,0,0,0,0,2,1,-1,6,2,59,9,1998,1,5,MINI JOHN COOPER WORKS,7,-1,0,1
2024520403141,2024,520403141,2,9,0,18,19,5,1,0,0,0,0,0,0,0,2,1,6,6,1,43,7,1998,1,2,MINI JOHN COOPER WORKS,6,E01029020,0,1
2024522401818,2024,522401818,1,9,0,9,9,2,8,0,0,6,0,0,0,0,3,1,6,6,2,46,8,1998,1,5,MINI JOHN COOPER WORKS,10,E01014749,0,3
2024010510527,2024,010510527,1,9,0,9,9,1,6,0,0,0,0,0,0,0,4,1,6,6,1,58,9,1598,1,9,MINI JOHN COOPER WORKS,10,E01016607,0,4
2024501402251,2024,501402251,1,9,0,-1,19,5,1,-1,0,2,0,0,0,0,2,9,-1,9,1,55,8,1998,1,4,MINI JOHN COOPER WORKS,6,E01019011,0,4
2024231417929,2024,231417929,1,9,0,-1,19,2,6,-1,0,0,1,0,7,11,2,9,-1,2,1,44,7,1998,1,1,MINI JOHN COOPER WORKS,4,E01031005,0,1
2024991430603,2024,991430603,1,9,0,-1,19,2,6,-1,0,0,0,0,0,0,1,1,-1,9,2,49,8,1998,1,1,MINI JOHN COOPER WORKS,9,-1,0,1
2024131526220,2024,131526220,1,9,0,-1,19,2,6,-1,0,0,0,0,0,0,1,1,-1,6,3,-1,-1,1998,1,3,MINI JOHN COOPER WORKS,-1,-1,0,-1
2024451434254,2024,451434254,1,9,0,-1,4,-1,-1,-1,0,0,0,0,0,0,2,1,-1,7,1,48,8,1998,1,3,MINI JOHN COOPER WORKS,10,E01030372,0,2
2024010533167,2024,010533167,1,9,0,18,19,3,7,0,0,8,0,0,0,0,1,2,6,6,1,51,8,1998,1,8,MINI JOHN COOPER WORKS,3,E01004563,0,1
2024211477431,2024,211477431,1,9,0,-1,11,1,5,-1,0,0,0,0,0,0,3,1,-1,6,2,42,7,1998,1,3,MINI JOHN COOPER WORKS,5,E01029400,0,3
2024050534467,2024,050534467,2,9,0,4,4,2,6,0,0,0,0,0,0,0,2,1,1,1,1,30,6,1998,1,1,MINI JOHN COOPER WORKS,-1,-1,0,-1
2024320569205,2024,320569205,2,9,0,-1,-1,6,4,0,0,8,0,0,0,0,1,1,-1,-1,1,40,7,1998,1,9,MINI JOHN COOPER WORKS,9,E01026293,0,1
2024440178866,2024,440178866,1,9,0,18,19,4,8,0,0,0,0,0,0,0,1,1,6,6,1,54,8,1598,1,18,MINI JOHN COOPER WORKS,10,E01022748,0,1
2024061490857,2024,061490857,1,9,0,-1,19,3,7,-1,0,0,0,0,0,0,1,1,-1,2,1,21,5,1998,1,6,MINI JOHN COOPER WORKS,7,E01004892,0,2
2024010557854,2024,010557854,1,9,0,99,99,9,9,99,99,9,9,99,9,99,1,9,6,6,2,30,6,1598,1,14,MINI JOHN COOPER WORKS,9,E01002464,0,1
2024461530097,2024,461530097,1,9,0,-1,5,6,4,-1,0,1,0,0,0,0,3,1,-1,9,1,47,8,1998,1,6,MINI JOHN COOPER WORKS,6,E01024783,0,3
2024131427891,2024,131427891,1,9,0,-1,19,-1,-1,-1,0,0,-1,-1,-1,-1,-1,1,-1,6,3,-1,-1,1998,1,9,MINI JOHN COOPER WORKS,-1,-1,0,-1
2024430312543,2024,430312543,1,8,0,18,19,6,2,0,0,0,0,0,0,0,1,1,3,7,1,64,9,1560,2,9,PEUGEOT PREMIER,6,E01016223,0,2
2024471441282,2024,471441282,2,9,0,-1,2,0,0,-1,0,2,0,0,1,0,3,1,-1,1,1,54,8,1560,2,8,PEUGEOT PREMIER,5,E01031577,0,3
2024622400178,2024,622400178,2,8,0,2,2,0,0,0,0,0,0,0,0,0,2,1,1,1,1,56,9,1560,2,10,PEUGEOT PREMIER,1,W01000967,0,2
2024101527940,2024,101527940,2,8,0,-1,19,7,2,-1,0,8,0,0,0,0,4,1,-1,1,1,45,7,1560,2,12,PEUGEOT PREMIER,3,E01008833,0,1
2024131478183,2024,131478183,1,8,0,-1,19,1,1,-1,0,4,0,0,0,0,3,1,-1,1,1,64,9,1560,2,6,PEUGEOT PREMIER,3,E01011647,0,1
2024101433699,2024,101433699,2,8,0,-1,19,1,5,-1,0,1,0,0,0,0,1,1,-1,1,1,33,6,1560,2,6,PEUGEOT PREMIER,-1,-1,0,-1
2024471529295,2024,471529295,1,9,0,-1,3,4,8,-1,0,0,0,0,0,0,2,1,-1,1,3,-1,-1,-1,-1,-1,PEUGEOT PREMIER,-1,-1,0,-1
2024332401129,2024,332401129,2,8,0,-1,19,2,6,-1,0,8,0,0,0,0,1,1,-1,1,1,76,11,1560,2,8,PEUGEOT PREMIER,3,E01031064,0,4
2024440184685,2024,440184685,2,8,0,9,9,2,8,0,0,6,0,0,0,0,3,1,1,1,1,57,9,1560,2,6,PEUGEOT PREMIER,2,E01017139,0,2
2024471517173,2024,471517173,1,9,0,-1,19,5,3,-1,0,0,0,0,0,0,1,9,-1,1,1,50,8,1560,2,9,PEUGEOT PREMIER,4,E01031599,0,1
2024131438271,2024,131438271,1,8,0,-1,4,-1,-1,-1,9,1,0,0,-1,-1,-1,1,-1,6,3,-1,-1,1560,2,7,PEUGEOT PREMIER,-1,-1,0,-1
2024010498241,2024,010498241,1,2,0,99,99,9,9,99,99,9,9,99,9,99,9,1,6,6,1,16,4,49,1,14,PIAGGIO TYPHOON,4,E01003406,0,2
2024231467997,2024,231467997,2,3,0,-1,6,5,5,-1,0,0,0,0,0,0,0,1,-1,9,1,17,4,124,1,13,PIAGGIO TYPHOON,6,E01031085,0,1
2024440045628,2024,440045628,2,2,0,18,19,7,3,0,0,8,0,0,0,0,1,1,6,6,1,16,4,49,1,25,PIAGGIO TYPHOON,2,E01017356,0,1
2024302400670,2024,302400670,2,3,0,18,19,5,1,0,0,1,1,0,0,0,1,1,2,2,1,19,4,124,1,11,PIAGGIO TYPHOON,3,E01013471,0,1
2024552400703,2024,552400703,1,2,0,18,19,8,4,0,0,0,1,0,0,0,0,1,6,6,2,17,4,49,1,13,PIAGGIO TYPHOON,5,E01015375,0,1
2024131504262,2024,131504262,1,3,0,-1,19,3,7,-1,0,4,1,0,0,0,0,1,-1,2,1,57,9,-1,-1,-1,PIAGGIO TYPHOON,3,E01011824,0,1
2024061530994,2024,061530994,1,4,0,-1,5,8,8,-1,9,1,1,0,0,0,0,1,-1,6,1,17,4,124,1,12,PIAGGIO TYPHOON,1,E01005563,0,3
2024161534900,2024,161534900,2,2,0,-1,19,1,5,-1,0,1,2,0,0,0,1,1,-1,9,1,16,4,49,1,6,PIAGGIO TYPHOON,1,E01012790,0,1
2024501459612,2024,501459612,1,3,0,-1,19,4,8,-1,0,0,5,0,1,0,4,1,-1,9,1,79,11,124,1,10,PIAGGIO TYPHOON,4,E01018914,0,3