collision_index,collision_year,collision_ref_no,vehicle_reference,vehicle_type,towing_and_articulation,vehicle_manoeuvre_historic,vehicle_manoeuvre,vehicle_direction_from,vehicle_direction_to,vehicle_location_restricted_lane_historic,vehicle_location_restricted_lane,junction_location,skidding_and_overturning,hit_object_in_carriageway,vehicle_leaving_carriageway,hit_object_off_carriageway,first_point_of_impact,vehicle_left_hand_drive,journey_purpose_of_driver_historic,journey_purpose_of_driver,sex_of_driver,age_of_driver,age_band_of_driver,engine_capacity_cc,propulsion_code,age_of_vehicle,generic_make_model,driver_imd_decile,lsoa_of_driver,escooter_flag,driver_distance_banding
2024131490717,2024,131490717,2,2,0,-1,14,3,7,-1,0,0,0,0,0,0,4,1,-1,2,1,17,4,49,1,8,PIAGGIO TYPHOON,7,E01011556,0,1
2024451474523,2024,451474523,1,3,0,-1,19,3,7,-1,0,2,0,0,0,0,1,1,-1,2,1,26,6,124,1,27,PIAGGIO TYPHOON,7,E01030300,0,2
2024010526908,2024,010526908,2,2,0,7,7,7,1,0,0,2,0,0,0,0,3,1,6,6,1,16,4,49,1,12,PIAGGIO TYPHOON,5,E01003842,0,1
2024471459128,2024,471459128,2,9,0,-1,19,4,1,-1,0,2,0,0,0,0,3,1,-1,9,1,38,7,1461,2,8,RENAULT CAPTUR,5,E01020968,0,2
2024052401956,2024,052401956,1,9,0,18,19,2,6,0,0,0,0,0,0,0,1,1,2,2,2,43,7,898,1,6,RENAULT CAPTUR,5,E01006527,0,1
2024401529007,2024,401529007,1,9,0,-1,5,1,5,-1,0,0,0,0,0,0,0,1,-1,9,2,46,8,1461,2,7,RENAULT CAPTUR,5,E01015793,0,1
2024101512131,2024,101512131,1,9,0,-1,19,4,8,-1,0,1,0,0,0,0,1,1,-1,6,2,71,10,1461,2,7,RENAULT CAPTUR,5,E01027368,0,1
2024161419030,2024,161419030,2,9,0,-1,19,7,3,-1,0,0,0,0,0,0,1,1,-1,9,1,34,6,999,1,2,RENAULT CAPTUR,3,E01012901,0,1
2024991499193,2024,991499193,2,9,0,-1,19,4,8,-1,0,0,2,0,1,0,4,1,-1,6,1,82,11,1461,2,4,RENAULT CAPTUR,4,-1,0,1
2024061409744,2024,061409744,2,9,0,-1,-1,-1,-1,-1,-1,-1,-1,-1,-1,0,1,1,-1,6,2,60,9,1461,2,8,RENAULT CAPTUR,4,E01006332,0,2
2024052400490,2024,052400490,2,9,0,18,19,8,4,0,0,1,0,0,0,0,1,1,6,6,1,-1,-1,1598,8,1,RENAULT CAPTUR,-1,-1,0,-1
2024622400572,2024,622400572,2,9,0,18,19,4,8,0,0,0,0,0,0,0,2,1,6,6,1,48,8,1598,8,1,RENAULT CAPTUR,8,W01001108,0,3
2024131399230,2024,131399230,4,9,0,-1,2,0,0,-1,0,0,0,0,0,0,2,1,-1,6,-1,-1,-1,1461,2,10,RENAULT CAPTUR,-1,-1,0,-1
2024161412135,2024,161412135,3,9,0,-1,3,4,8,-1,0,0,0,0,0,0,2,1,-1,6,1,76,11,898,1,6,RENAULT CAPTUR,7,E01026080,0,3
2024311426052,2024,311426052,2,9,0,-1,4,7,3,-1,0,4,0,0,0,0,2,2,-1,6,2,33,6,1461,2,9,RENAULT CAPTUR,-1,-1,0,-1
2024471513654,2024,471513654,2,9,0,-1,19,5,1,-1,0,0,0,0,0,0,3,1,-1,1,1,38,7,898,1,7,RENAULT CAPTUR,10,E01021067,0,3
2024320087663,2024,320087663,1,9,0,9,9,8,6,0,0,8,0,0,0,0,1,1,-1,-1,1,70,10,1461,2,9,RENAULT CAPTUR,9,E01026355,0,2
2024221427399,2024,221427399,2,9,0,-1,19,3,7,-1,0,1,0,0,0,0,1,9,-1,6,2,35,6,1461,2,11,RENAULT CAPTUR,4,E01028958,0,1
2024371528324,2024,371528324,1,9,0,-1,19,5,1,-1,0,0,0,9,1,0,1,1,-1,9,1,55,8,1461,2,7,RENAULT CAPTUR,5,E01030252,0,1
2024221471851,2024,221471851,1,9,0,-1,19,8,3,-1,0,4,0,0,1,0,3,1,-1,9,2,76,11,1461,2,7,RENAULT CAPTUR,8,E01013988,0,1
2024070700359,2024,070700359,1,9,0,17,19,6,2,0,0,2,0,0,1,10,1,1,6,6,2,61,9,1598,8,1,RENAULT CAPTUR,5,E01018426,0,1
2024061494733,2024,061494733,1,9,0,-1,3,-1,-1,-1,0,0,0,0,0,0,4,1,-1,6,1,-1,-1,898,1,8,RENAULT CAPTUR,-1,-1,0,-1
2024101446546,2024,101446546,2,9,0,-1,3,7,3,-1,0,4,0,0,0,0,2,9,-1,6,2,44,7,1461,2,10,RENAULT CAPTUR,9,E01027463,0,2
2024501478300,2024,501478300,1,9,0,-1,19,3,7,-1,0,0,0,4,0,0,1,1,-1,9,1,77,11,1461,2,6,RENAULT CAPTUR,5,E01018757,0,1
2024340WN2752,2024,340WN2752,1,9,0,-1,7,7,2,-1,0,6,0,0,0,0,1,1,-1,9,1,82,11,1197,1,10,RENAULT CAPTUR,9,E01027267,0,1
2024451476677,2024,451476677,1,9,0,-1,19,3,7,-1,0,8,0,0,0,0,1,1,-1,9,1,79,11,1333,1,2,RENAULT CAPTUR,3,E01030619,0,1
2024061411682,2024,061411682,1,9,0,-1,9,6,4,-1,0,8,0,0,0,0,1,1,-1,6,2,53,8,999,1,2,RENAULT CAPTUR,3,E01004777,0,1
2024010536646,2024,010536646,1,9,0,99,99,9,9,99,99,0,9,99,9,99,2,9,6,6,2,30,6,1197,1,7,RENAULT CAPTUR,4,E01001023,0,1
2024371487188,2024,371487188,2,9,0,-1,5,4,2,-1,0,4,0,0,0,0,2,1,-1,6,1,65,9,1598,8,0,RENAULT CAPTUR,9,E01008621,0,5
2024471425759,2024,471425759,1,9,0,-1,19,1,5,-1,0,0,0,0,0,0,1,1,-1,6,1,49,8,1598,8,1,RENAULT CAPTUR,7,E01021033,0,2
2024161462266,2024,161462266,1,9,0,-1,19,1,3,-1,0,8,0,0,0,0,2,9,-1,6,1,34,6,1598,8,1,RENAULT CAPTUR,3,E01012963,0,2
2024101414560,2024,101414560,1,9,0,-1,5,7,3,-1,0,6,0,0,0,0,3,1,-1,2,2,45,7,898,1,5,RENAULT CAPTUR,3,E01008462,0,1
2024131516401,2024,131516401,1,9,0,-1,19,7,3,-1,0,1,0,11,1,1,4,1,-1,2,2,55,8,999,1,3,RENAULT CAPTUR,3,E01011783,0,1
2024052402785,2024,052402785,6,9,0,2,2,0,0,0,0,1,0,0,0,0,2,1,6,6,3,-1,-1,898,1,11,RENAULT CAPTUR,-1,-1,0,-1
2024991491571,2024,991491571,2,9,0,-1,19,6,2,-1,0,1,1,0,1,0,3,1,-1,6,2,64,9,1461,2,10,RENAULT CAPTUR,1,-1,0,1
2024070213048,2024,070213048,2,9,0,4,4,8,4,0,0,0,0,0,0,0,0,1,6,6,1,66,10,1461,2,8,RENAULT CAPTUR,10,E01018468,0,2
2024101499214,2024,101499214,2,9,0,-1,19,2,7,-1,0,2,0,0,2,11,1,1,-1,9,1,74,10,1461,2,8,RENAULT CAPTUR,-1,-1,0,-1
2024201498756,2024,201498756,2,9,0,-1,19,5,1,-1,0,0,0,0,0,0,2,1,-1,9,1,38,7,1461,2,10,RENAULT CAPTUR,2,E01009955,0,1
2024161502558,2024,161502558,1,9,0,-1,19,4,8,-1,0,0,5,0,7,9,1,1,-1,2,1,54,8,898,1,5,RENAULT CAPTUR,2,E01013238,0,3
202417L110024,2024,17L110024,2,9,0,-1,14,4,8,-1,0,0,0,0,0,0,1,1,-1,9,2,53,8,1461,2,6,RENAULT CAPTUR,2,E01012136,0,1
2024131442369,2024,131442369,2,9,0,-1,19,8,4,-1,0,0,0,0,0,0,1,1,-1,9,1,70,10,1598,8,1,RENAULT CAPTUR,7,E01011265,0,2
2024161444685,2024,161444685,1,9,0,-1,19,8,4,-1,0,3,0,0,0,0,1,1,-1,6,2,29,6,1461,2,8,RENAULT CAPTUR,7,E01013234,0,4
2024411528660,2024,411528660,1,9,0,-1,19,7,3,-1,0,1,0,0,0,0,1,1,-1,9,2,78,11,1598,8,2,RENAULT CAPTUR,10,E01023824,0,1
2024451434091,2024,451434091,1,9,0,-1,2,0,0,-1,0,1,0,0,0,0,0,9,-1,6,2,49,8,898,1,5,RENAULT CAPTUR,9,E01035356,0,1
2024471411091,2024,471411091,1,9,0,-1,9,7,4,-1,0,8,5,0,0,0,4,1,-1,9,1,30,6,1461,2,8,RENAULT CAPTUR,5,E01031554,0,1
2024101446165,2024,101446165,1,9,0,-1,19,7,3,-1,9,0,0,0,0,0,4,1,-1,6,2,53,8,1461,2,7,RENAULT CAPTUR,4,E01008513,0,1
2024991416449,2024,991416449,1,9,0,-1,9,4,8,-1,0,6,0,0,0,0,1,1,-1,1,2,42,7,1461,2,8,RENAULT CAPTUR,7,-1,0,2
2024991469440,2024,991469440,2,9,0,-1,19,5,1,-1,0,1,0,0,0,0,1,1,-1,9,1,79,11,1598,8,1,RENAULT CAPTUR,1,-1,0,1
2024302401093,2024,302401093,2,9,0,5,5,6,2,0,0,8,0,0,0,0,1,1,6,6,2,69,10,1461,2,8,RENAULT CAPTUR,-1,-1,0,-1
2024201501757,2024,201501757,2,9,0,-1,2,0,0,-1,0,1,0,0,0,0,2,1,-1,6,1,38,7,1461,2,7,RENAULT CAPTUR,-1,-1,0,-1
2024610003124,2024,610003124,2,9,0,14,14,4,8,0,0,0,0,0,0,0,1,1,6,6,2,55,8,1461,2,5,RENAULT CAPTUR,3,W01001460,0,1
2024421469018,2024,421469018,1,9,0,-1,19,7,3,-1,0,8,0,0,1,2,1,1,-1,6,1,66,10,1461,2,9,RENAULT CAPTUR,7,E01022088,0,4
2024547891524,2024,547891524,1,9,0,13,13,4,8,0,0,0,0,0,1,0,1,1,6,6,2,62,9,1461,2,9,RENAULT CAPTUR,8,E01031940,0,1
2024070295352,2024,070295352,1,9,0,3,3,4,8,0,0,1,0,0,0,0,1,1,6,6,2,33,6,999,1,4,RENAULT CAPTUR,3,E01018347,0,1
2024061532221,2024,061532221,1,9,0,-1,19,-1,-1,-1,0,0,0,0,0,0,4,1,-1,6,2,42,7,898,1,5,RENAULT CAPTUR,10,E01006395,0,1
2024520403354,2024,520403354,2,9,0,17,19,5,6,0,0,8,0,0,0,0,1,1,6,6,1,60,9,1598,8,0,RENAULT CAPTUR,4,E01029038,0,3
2024401404440,2024,401404440,2,9,0,-1,19,5,1,-1,0,1,0,0,0,0,1,1,-1,6,2,31,6,898,1,9,RENAULT CAPTUR,8,E01015707,0,2
2024421400289,2024,421400289,2,9,0,-1,2,0,0,-1,0,0,0,0,0,0,2,1,-1,6,3,-1,-1,1461,2,6,RENAULT CAPTUR,-1,-1,0,-1
2024141507784,2024,141507784,1,9,0,-1,19,3,7,-1,0,0,0,0,0,0,4,1,-1,9,1,32,6,1461,2,9,RENAULT CAPTUR,4,E01008115,0,1
2024451479892,2024,451479892,2,9,0,-1,19,1,5,-1,0,4,0,0,0,0,1,2,-1,6,1,37,7,1461,2,9,RENAULT CAPTUR,5,E01030946,0,1
2024101453468,2024,101453468,2,9,0,-1,2,0,0,-1,0,0,0,0,0,0,2,1,-1,6,3,-1,-1,898,1,5,RENAULT CAPTUR,-1,-1,0,-1
2024010505547,2024,010505547,2,9,0,2,2,0,0,0,0,2,0,0,0,0,2,1,6,6,2,-1,-1,898,1,5,RENAULT CAPTUR,-1,-1,0,-1
2024101515229,2024,101515229,1,9,0,-1,19,6,2,-1,0,8,0,0,0,0,4,9,-1,6,3,35,6,1461,2,8,RENAULT CAPTUR,-1,-1,0,-1
2024201414882,2024,201414882,1,9,0,-1,13,6,2,-1,0,0,0,0,0,0,1,9,-1,9,1,46,8,898,1,7,RENAULT CAPTUR,1,E01010274,0,1
2024991464044,2024,991464044,1,9,0,-1,19,6,2,-1,0,8,0,0,0,0,1,1,-1,2,1,39,7,1461,2,9,RENAULT CAPTUR,4,-1,0,4
2024351511206,2024,351511206,1,9,0,-1,7,-1,-1,-1,0,0,0,0,0,0,3,9,-1,6,2,75,10,1461,2,7,RENAULT CAPTUR,3,E01018090,0,2
2024161487387,2024,161487387,1,9,0,-1,19,3,7,-1,0,2,0,0,0,0,1,1,-1,9,2,62,9,999,1,1,RENAULT CAPTUR,5,E01013107,0,1
2024122400810,2024,122400810,1,9,0,18,19,4,8,0,0,1,0,0,0,0,1,1,6,6,1,74,10,898,1,4,RENAULT CAPTUR,5,E01027842,0,1
2024010495163,2024,010495163,1,9,0,10,10,5,2,0,0,0,0,0,0,0,3,1,2,2,2,48,8,898,1,8,RENAULT CAPTUR,7,E01004216,0,1
2024540792824,2024,540792824,1,9,0,18,19,3,7,0,0,0,0,10,7,4,1,1,6,6,1,71,10,898,1,10,RENAULT CAPTUR,9,E01031883,0,3
2024141402235,2024,141402235,1,9,0,-1,19,2,6,-1,0,0,0,0,0,0,4,1,-1,6,2,21,5,898,1,5,RENAULT CAPTUR,1,E01007737,0,2
202454E928924,2024,54E928924,2,9,0,3,3,1,5,0,0,1,0,0,0,0,2,1,6,6,2,34,6,898,1,6,RENAULT CAPTUR,5,E01032066,0,3
2024052400944,2024,052400944,2,9,0,18,19,4,8,0,0,8,0,0,0,0,3,1,6,6,2,32,6,898,1,6,RENAULT CAPTUR,7,E01006589,0,1
2024061441140,2024,061441140,1,9,0,-1,20,5,0,-1,0,0,0,4,0,0,3,1,-1,9,2,59,9,1598,8,1,RENAULT CAPTUR,1,E01005721,0,1
2024430317755,2024,430317755,1,9,0,18,19,2,5,0,0,0,0,0,0,0,3,1,6,6,1,41,7,1461,2,8,RENAULT CAPTUR,7,E01028429,0,2
2024061403926,2024,061403926,2,9,0,-1,2,0,0,-1,0,8,0,0,0,0,2,9,-1,6,2,47,8,1461,2,9,RENAULT CAPTUR,8,-1,0,5
2024991499859,2024,991499859,2,9,0,-1,9,7,5,-1,0,6,0,0,0,0,3,1,-1,9,1,73,10,898,1,5,RENAULT CAPTUR,2,-1,0,1
2024501500350,2024,501500350,1,9,0,-1,19,7,1,-1,0,2,0,10,0,0,1,1,-1,9,1,44,7,1461,2,11,RENAULT CAPTUR,4,E01018844,0,1
2024141505147,2024,141505147,1,9,0,-1,14,2,6,-1,0,0,0,0,0,0,1,1,-1,9,2,24,5,898,1,11,RENAULT CAPTUR,8,E01008038,0,3
2024461532074,2024,461532074,1,9,0,-1,11,8,2,-1,0,0,1,0,0,0,4,1,-1,9,2,67,10,1197,1,7,RENAULT CAPTUR,8,E01027329,0,5
2024541208024,2024,541208024,2,9,0,18,19,7,3,0,0,0,1,0,0,0,1,1,6,6,1,45,7,1461,2,11,RENAULT CAPTUR,2,E01034315,0,5
2024010495149,2024,010495149,2,9,0,99,99,9,9,99,99,9,9,99,9,99,9,9,6,6,3,-1,-1,898,1,8,RENAULT CAPTUR,-1,-1,0,-1
2024991448655,2024,991448655,2,9,0,-1,19,8,4,-1,0,0,0,0,0,0,1,1,-1,9,1,39,7,1598,8,0,RENAULT CAPTUR,3,E01035496,0,5
2024320217344,2024,320217344,1,9,0,-1,-1,4,8,0,0,8,0,0,0,0,4,1,-1,-1,1,60,9,1461,2,7,RENAULT CAPTUR,1,E01012880,0,4
2024141486421,2024,141486421,2,9,0,-1,9,2,8,-1,0,2,0,0,0,0,1,1,-1,9,1,83,11,1461,2,9,RENAULT CAPTUR,1,E01007768,0,1
2024161423200,2024,161423200,1,9,0,-1,13,3,7,-1,0,0,0,0,0,0,3,1,-1,6,1,79,11,1461,2,9,RENAULT CAPTUR,1,E01011863,0,4
2024401416680,2024,401416680,2,9,-1,-1,-1,-1,-1,-1,-1,8,-1,-1,-1,0,-1,9,-1,9,1,25,5,1461,2,7,RENAULT CAPTUR,3,E01001547,0,4
2024211424249,2024,211424249,1,9,0,-1,5,8,4,-1,0,0,0,0,0,0,4,1,-1,9,2,27,6,1461,2,11,RENAULT CAPTUR,-1,-1,0,-1
2024991412732,2024,991412732,2,9,0,-1,19,4,8,-1,0,1,0,0,0,0,1,1,-1,9,2,57,9,1461,2,9,RENAULT CAPTUR,2,-1,0,1
2024471460038,2024,471460038,3,9,0,-1,7,3,5,-1,0,1,0,0,0,0,2,1,-1,9,2,63,9,1333,1,5,RENAULT CAPTUR,9,E01031590,0,1
2024991504695,2024,991504695,1,9,0,-1,9,3,8,-1,0,1,0,0,0,0,4,1,-1,6,1,41,7,1461,2,6,RENAULT CAPTUR,3,-1,0,1
2024631507006,2024,631507006,1,9,0,-1,19,2,5,-1,0,0,0,0,0,0,1,1,-1,9,2,29,6,1461,2,9,RENAULT CAPTUR,6,W01002002,0,1
2024122401213,2024,122401213,2,9,0,18,19,6,2,0,0,8,2,0,0,0,4,1,2,2,1,33,6,999,1,0,RENAULT CAPTUR,-1,-1,0,-1
2024440434921,2024,440434921,1,9,0,18,19,7,3,0,0,7,0,0,0,0,2,1,6,6,1,57,9,1197,1,8,RENAULT CAPTUR,9,E01022782,0,4
2024221431509,2024,221431509,1,9,0,-1,5,7,6,-1,0,4,0,0,0,0,1,1,-1,9,2,26,6,898,1,11,RENAULT CAPTUR,4,E01010015,0,4
2024201491071,2024,201491071,2,9,0,-1,3,7,3,-1,0,1,0,0,0,0,2,9,-1,9,1,58,9,1461,2,6,RENAULT CAPTUR,1,E01008884,0,1
2024522500239,2024,522500239,4,9,0,18,19,3,7,0,0,0,0,0,0,0,1,1,6,6,1,45,7,1197,1,7,RENAULT CAPTUR,2,E01014497,0,1
2024201423958,2024,201423958,1,9,0,-1,19,8,4,-1,0,0,5,4,0,0,1,9,-1,6,1,81,11,898,1,9,RENAULT CAPTUR,3,E01010020,0,1
2024161481110,2024,161481110,2,9,0,-1,9,2,8,-1,0,8,0,0,0,0,3,1,-1,9,2,44,7,898,1,10,RENAULT CAPTUR,8,E01013033,0,3
2024231401098,2024,231401098,1,9,0,-1,19,5,1,-1,0,0,0,0,0,0,1,1,-1,6,2,40,7,898,1,5,RENAULT CAPTUR,5,E01031190,0,2
2024141402308,2024,141402308,1,9,0,-1,19,7,3,-1,0,0,0,0,0,0,1,1,-1,9,1,78,11,1197,1,7,RENAULT CAPTUR,3,E01007817,0,1
2024991461996,2024,991461996,2,9,0,-1,4,3,6,-1,0,0,0,0,0,0,2,1,-1,9,1,40,7,1598,8,0,RENAULT CAPTUR,-1,-1,0,-1
2024010545888,2024,010545888,2,9,0,18,19,5,1,0,0,2,2,0,0,0,1,1,1,1,1,61,9,1598,8,1,RENAULT CAPTUR,7,E01022057,0,4
2024141469403,2024,141469403,1,9,0,-1,5,6,2,-1,0,8,0,0,0,0,1,1,-1,9,2,67,10,1197,1,6,RENAULT CAPTUR,4,E01007647,0,1
2024010533700,2024,010533700,2,9,0,18,19,3,7,0,0,8,5,0,0,0,1,2,6,6,1,29,6,1333,1,4,RENAULT CAPTUR,3,E01000506,0,3
2024302401622,2024,302401622,3,9,0,3,3,2,6,0,0,0,0,0,0,0,1,1,1,1,1,37,7,1333,1,3,RENAULT CAPTUR,3,E01027967,0,2
2024141415947,2024,141415947,3,9,0,-1,19,5,1,-1,0,0,0,0,0,0,4,1,-1,6,-1,-1,-1,1461,2,8,RENAULT CAPTUR,-1,-1,0,-1
2024010513702,2024,010513702,3,9,0,2,2,0,0,0,0,1,0,4,0,0,2,1,6,6,3,-1,-1,1197,1,8,RENAULT CAPTUR,-1,-1,0,-1
2024052402165,2024,052402165,1,9,0,18,19,8,4,0,0,8,0,0,0,0,1,1,2,2,2,64,9,1461,2,9,RENAULT CAPTUR,10,E01006943,0,2
2024430558978,2024,430558978,3,9,0,17,19,2,6,0,0,0,0,0,0,0,1,1,6,6,2,55,8,1461,2,10,RENAULT CAPTUR,7,E01033511,0,1
2024201535922,2024,201535922,1,9,0,-1,7,5,3,-1,0,0,0,7,1,0,1,1,-1,9,1,79,11,1598,8,2,RENAULT CAPTUR,10,E01022350,0,4
2024010500951,2024,010500951,1,9,0,9,9,5,3,0,0,5,0,0,0,0,3,1,6,6,2,59,9,898,1,5,RENAULT CAPTUR,2,E01003535,0,1
2024052402556,2024,052402556,1,9,0,18,19,5,1,0,0,0,0,4,7,2,1,1,6,6,1,71,10,1598,8,1,RENAULT CAPTUR,1,E01033794,0,1
2024501488208,2024,501488208,2,9,0,-1,3,4,8,-1,0,4,0,0,0,0,3,1,-1,9,2,82,11,1333,1,5,RENAULT CAPTUR,4,E01018891,0,3
2024471518096,2024,471518096,2,9,0,-1,19,3,7,-1,0,0,0,0,0,0,1,1,-1,7,1,83,11,1197,1,7,RENAULT CAPTUR,6,E01021145,0,1
2024451399191,2024,451399191,2,9,0,-1,19,2,7,-1,0,0,0,0,0,0,1,9,-1,6,3,30,6,898,1,6,RENAULT CAPTUR,-1,-1,0,-1
2024010503025,2024,010503025,2,9,0,99,99,9,9,99,99,9,9,99,9,99,1,9,6,6,3,31,6,1461,2,9,RENAULT CAPTUR,8,E01002238,0,1
2024211509550,2024,211509550,2,9,0,-1,19,3,7,-1,0,1,0,0,0,0,3,1,-1,9,1,65,9,1461,2,6,RENAULT CAPTUR,9,E01029779,0,2
2024311525400,2024,311525400,2,9,0,-1,19,5,1,-1,0,0,0,11,0,0,1,1,-1,9,1,78,11,1461,2,7,RENAULT CAPTUR,2,E01026049,0,4
2024201527970,2024,201527970,1,9,0,-1,9,7,4,-1,0,8,1,0,0,0,4,1,-1,9,1,56,9,898,1,9,RENAULT CAPTUR,1,E01009844,0,1
2024122401103,2024,122401103,1,9,0,18,19,7,3,0,0,6,0,0,7,0,1,1,6,6,2,57,9,1333,1,3,RENAULT CAPTUR,5,E01027796,0,4
2024052402028,2024,052402028,2,9,0,18,19,5,1,0,0,8,0,0,0,0,1,1,6,6,1,73,10,1333,1,3,RENAULT CAPTUR,1,E01034836,0,1
2024501463176,2024,501463176,1,9,0,-1,19,3,7,-1,0,0,5,0,0,0,3,1,-1,9,2,83,11,1333,1,3,RENAULT CAPTUR,3,E01020294,0,4
2024471433637,2024,471433637,2,9,0,-1,19,8,4,-1,0,1,0,0,0,0,3,1,-1,6,2,59,9,1333,1,4,RENAULT CAPTUR,6,E01031660,0,1
2024141550219,2024,141550219,1,9,0,-1,19,1,6,-1,0,0,0,0,0,0,0,9,-1,6,1,-1,-1,1461,2,3,RENAULT CAPTUR,-1,-1,0,-1
2024552400801,2024,552400801,2,9,0,9,9,3,1,0,0,5,0,0,0,0,3,1,6,6,2,56,9,898,1,7,RENAULT CAPTUR,1,E01015281,0,1
2024520403384,2024,520403384,3,9,0,4,4,7,3,0,0,0,0,0,0,0,2,1,6,6,2,49,8,999,1,2,RENAULT CAPTUR,9,E01029159,0,1
2024052400109,2024,052400109,1,9,0,9,9,5,3,0,0,8,0,0,0,0,1,1,6,6,1,52,8,1598,8,0,RENAULT CAPTUR,9,E01007172,0,1
2024201452220,2024,201452220,2,9,0,-1,19,1,5,-1,0,0,0,0,0,0,1,9,-1,9,2,39,7,898,1,11,RENAULT CAPTUR,2,E01009966,0,1
2024440201227,2024,440201227,2,9,0,18,19,4,8,0,0,0,0,0,0,0,2,1,2,2,2,26,6,898,1,10,RENAULT CAPTUR,10,E01030460,0,4
2024070503849,2024,070503849,1,9,0,5,5,8,4,0,0,1,0,0,0,0,1,1,2,2,1,72,10,898,1,6,RENAULT CAPTUR,5,E01018313,0,1
2024211526884,2024,211526884,2,9,0,-1,19,8,1,-1,0,0,0,0,0,0,2,1,-1,9,2,38,7,898,1,8,RENAULT CAPTUR,-1,-1,0,-1
2024991517494,2024,991517494,1,9,0,-1,19,5,1,-1,0,2,0,0,0,0,4,1,-1,9,1,60,9,999,1,1,RENAULT CAPTUR,9,-1,0,1
2024302400715,2024,302400715,1,9,0,14,14,7,3,0,0,8,5,0,0,0,4,1,2,2,2,55,8,1461,2,10,RENAULT CAPTUR,6,E01027962,0,2
2024631408253,2024,631408253,1,9,0,-1,13,7,4,-1,0,0,1,0,0,0,3,1,-1,9,2,51,8,1333,1,2,RENAULT CAPTUR,7,W01000558,0,4
2024430494196,2024,430494196,1,9,0,9,9,2,1,0,0,6,0,0,0,0,1,1,6,6,2,23,5,1333,1,5,RENAULT CAPTUR,4,E01022524,0,4
2024211521521,2024,211521521,1,9,0,-1,19,8,4,-1,0,1,0,0,0,0,1,1,-1,9,2,64,9,999,1,2,RENAULT CAPTUR,8,E01029650,0,1
2024052402634,2024,052402634,1,9,0,9,9,3,8,0,0,6,0,0,0,0,1,1,1,1,2,46,8,1461,2,9,RENAULT CAPTUR,1,E01006957,0,1
2024041486606,2024,041486606,1,9,0,-1,19,5,1,-1,9,0,0,0,1,2,1,2,-1,9,2,44,7,898,1,6,RENAULT CAPTUR,10,E01025468,0,1
202460Q181578,2024,60Q181578,1,9,0,12,12,7,3,0,0,6,1,0,1,1,1,1,2,2,2,27,6,999,1,3,RENAULT CAPTUR,-1,-1,0,-1
2024221479039,2024,221479039,1,9,0,-1,9,7,4,-1,0,6,0,0,0,0,3,1,-1,9,1,71,10,1461,2,9,RENAULT CAPTUR,6,E01014119,0,2
2024361410077,2024,361410077,1,9,0,-1,5,7,2,-1,0,0,0,0,0,0,1,1,-1,1,1,60,9,1461,2,8,RENAULT CAPTUR,10,E01026915,0,1
2024131582997,2024,131582997,1,9,0,-1,19,6,2,-1,0,1,0,0,0,0,1,1,-1,6,2,35,6,1461,2,8,RENAULT CAPTUR,7,E01011188,0,2
2024052400555,2024,052400555,1,9,0,18,19,4,8,0,0,0,0,0,0,0,1,1,3,7,2,32,6,1598,8,1,RENAULT CAPTUR,1,E01006919,0,1
2024161481123,2024,161481123,1,9,0,-1,19,1,5,-1,0,8,0,0,0,0,1,1,-1,6,1,85,11,1461,2,10,RENAULT CAPTUR,1,E01012858,0,1
2024440549636,2024,440549636,1,9,0,18,19,6,3,0,0,4,0,0,0,0,1,1,6,6,2,39,7,1461,2,7,RENAULT CAPTUR,10,E01022596,0,2
2024201516471,2024,201516471,1,9,0,-1,5,6,4,-1,0,4,0,0,0,0,1,1,-1,6,1,39,7,1461,2,9,RENAULT CAPTUR,6,E01009290,0,2
2024421461617,2024,421461617,1,9,0,-1,19,7,3,-1,0,0,0,0,0,0,1,1,-1,9,1,66,10,999,1,4,RENAULT CAPTUR,8,E01030107,0,4
2024461411725,2024,461411725,2,9,0,-1,2,0,0,-1,0,1,0,0,0,0,1,1,-1,6,-1,-1,-1,1461,2,8,RENAULT CAPTUR,-1,-1,0,-1
2024471484617,2024,471484617,1,9,0,-1,19,3,7,-1,0,1,0,0,0,0,1,1,-1,9,1,84,11,1461,2,5,RENAULT CAPTUR,9,E01030526,0,4
2024461420637,2024,461420637,2,9,0,-1,2,0,0,-1,0,1,0,0,0,0,0,9,-1,9,2,59,9,898,1,9,RENAULT CAPTUR,3,E01024539,0,1
2024141400787,2024,141400787,1,9,0,-1,5,3,7,-1,0,1,0,0,0,0,1,1,-1,1,1,44,7,1333,1,3,RENAULT CAPTUR,2,E01007680,0,2
2024361457192,2024,361457192,2,9,0,-1,8,3,7,-1,0,1,0,0,0,0,2,1,-1,2,1,24,5,1461,2,10,RENAULT CAPTUR,5,E01026279,0,3
2024141511377,2024,141511377,2,9,0,-1,19,4,8,-1,0,1,0,0,2,0,1,1,-1,9,2,68,10,898,1,5,RENAULT CAPTUR,2,E01007546,0,2
2024052401415,2024,052401415,2,9,0,2,2,0,0,0,0,1,0,0,0,0,0,1,6,6,2,63,9,1333,1,4,RENAULT CAPTUR,6,E01007194,0,1
2024141505211,2024,141505211,1,9,0,-1,9,5,3,-1,0,8,0,0,0,0,1,1,-1,9,1,33,6,1461,2,7,RENAULT CAPTUR,6,E01013253,0,4