collision_index,collision_year,collision_ref_no,vehicle_reference,vehicle_type,towing_and_articulation,vehicle_manoeuvre_historic,vehicle_manoeuvre,vehicle_direction_from,vehicle_direction_to,vehicle_location_restricted_lane_historic,vehicle_location_restricted_lane,junction_location,skidding_and_overturning,hit_object_in_carriageway,vehicle_leaving_carriageway,hit_object_off_carriageway,first_point_of_impact,vehicle_left_hand_drive,journey_purpose_of_driver_historic,journey_purpose_of_driver,sex_of_driver,age_of_driver,age_band_of_driver,engine_capacity_cc,propulsion_code,age_of_vehicle,generic_make_model,driver_imd_decile,lsoa_of_driver,escooter_flag,driver_distance_banding
2024440305079,2024,440305079,1,9,0,9,9,7,5,0,0,8,0,0,0,0,3,1,6,6,2,45,7,1461,2,8,RENAULT CAPTUR,9,E01022743,0,1
2024061411121,2024,061411121,3,9,0,-1,19,1,4,-1,0,8,0,0,0,0,3,1,-1,2,2,31,6,898,1,10,RENAULT CAPTUR,1,E01005082,0,1
2024440503665,2024,440503665,1,9,0,3,3,3,7,0,0,0,0,0,0,0,2,1,6,6,1,49,8,1598,8,1,RENAULT CAPTUR,4,E01017125,0,2
2024052400465,2024,052400465,2,9,0,9,9,8,6,0,0,1,0,0,0,0,4,1,2,2,2,27,6,1461,2,7,RENAULT CAPTUR,1,E01018519,0,3
2024161496517,2024,161496517,1,9,0,-1,10,1,7,-1,0,6,0,0,0,0,4,1,-1,9,1,25,5,999,1,2,RENAULT CAPTUR,2,E01012872,0,2
2024991529707,2024,991529707,2,9,0,-1,19,4,7,-1,0,1,0,0,7,11,1,1,-1,6,2,60,9,1197,1,6,RENAULT CAPTUR,-1,-1,0,-1
2024052402251,2024,052402251,2,9,0,5,5,7,3,0,0,0,0,0,0,0,3,1,6,6,2,26,6,1461,2,10,RENAULT CAPTUR,9,W01000388,0,4
2024311409378,2024,311409378,1,9,0,-1,9,7,5,-1,9,5,0,0,0,0,4,1,-1,6,1,76,11,1598,8,1,RENAULT CAPTUR,8,E01028262,0,1
2024440150180,2024,440150180,2,9,0,18,19,3,7,0,0,1,0,0,0,0,1,1,6,6,1,89,11,898,1,10,RENAULT CAPTUR,6,E01033239,0,1
2024052400811,2024,052400811,1,9,0,5,5,8,2,0,0,6,0,0,0,0,1,1,2,2,2,30,6,1461,2,7,RENAULT CAPTUR,2,E01006765,0,1
2024131416329,2024,131416329,1,9,0,-1,19,7,3,-1,0,1,0,0,0,0,1,1,-1,9,1,83,11,1598,8,1,RENAULT CAPTUR,2,E01011079,0,1
2024320581307,2024,320581307,1,9,0,-1,-1,8,4,0,0,1,0,0,0,0,1,1,-1,-1,2,79,11,1461,2,9,RENAULT CAPTUR,4,E01026071,0,3
2024161527607,2024,161527607,1,9,0,-1,19,5,1,-1,0,0,0,0,0,0,1,1,-1,6,1,78,11,1461,2,5,RENAULT CAPTUR,6,E01012916,0,1
2024461460053,2024,461460053,2,9,0,-1,19,7,3,-1,0,0,0,0,5,6,4,1,-1,9,1,49,8,1598,8,1,RENAULT CAPTUR,4,E01000406,0,2
2024361445137,2024,361445137,2,9,0,-1,19,1,5,-1,0,0,0,0,0,0,2,1,-1,9,2,47,8,898,1,6,RENAULT CAPTUR,6,E01029876,0,4
2024991528036,2024,991528036,1,9,0,-1,5,8,6,-1,0,6,0,0,0,0,1,1,-1,9,2,53,8,898,1,11,RENAULT CAPTUR,8,-1,0,1
2024471465254,2024,471465254,2,9,0,-1,2,0,0,-1,0,0,0,0,0,0,3,1,-1,6,1,26,6,898,1,10,RENAULT CAPTUR,6,E01031407,0,3
2024371494148,2024,371494148,2,9,0,-1,4,-1,-1,-1,0,0,0,0,0,0,2,1,-1,9,1,44,7,1461,2,10,RENAULT CAPTUR,4,E01030263,0,1
2024010500345,2024,010500345,2,9,0,99,99,9,9,99,99,9,9,99,9,99,9,9,6,6,3,70,10,1333,1,5,RENAULT CAPTUR,4,E01001153,0,1
2024430267031,2024,430267031,1,9,0,9,9,7,5,0,0,0,0,0,0,0,1,1,6,6,1,43,7,1461,2,9,RENAULT CAPTUR,10,E01028591,0,1
2024622400739,2024,622400739,5,9,0,2,2,0,0,0,0,1,0,0,0,0,2,1,6,6,3,-1,-1,898,1,8,RENAULT CAPTUR,-1,-1,0,-1
2024631460621,2024,631460621,2,9,0,-1,4,3,7,-1,0,0,0,0,0,0,2,1,-1,9,2,27,6,1461,2,10,RENAULT CAPTUR,6,W01000517,0,4
2024141516795,2024,141516795,2,9,0,-1,4,8,4,-1,0,0,0,4,0,0,2,1,-1,2,2,37,7,1197,1,7,RENAULT CAPTUR,9,E01019787,0,2
2024070289572,2024,070289572,1,9,0,18,19,1,5,0,0,1,0,0,0,0,1,1,1,1,2,33,6,898,1,6,RENAULT CAPTUR,1,E01012444,0,2
2024421459278,2024,421459278,1,9,0,-1,19,6,2,-1,0,0,0,0,0,0,0,1,-1,6,1,86,11,1461,2,3,RENAULT CAPTUR,5,E01003654,0,4
2024041531448,2024,041531448,2,9,0,-1,19,5,1,-1,0,1,0,0,0,0,1,1,-1,9,1,80,11,898,1,8,RENAULT CAPTUR,9,E01025461,0,1
2024141400397,2024,141400397,1,9,0,-1,19,4,8,-1,0,0,0,4,0,0,4,1,-1,9,2,69,10,1461,2,6,RENAULT CAPTUR,1,E01007508,0,1
2024622500046,2024,622500046,1,9,0,18,19,5,2,0,0,3,0,0,0,0,1,1,6,6,3,-1,-1,1461,2,10,RENAULT CAPTUR,-1,-1,0,-1
2024401479272,2024,401479272,1,9,0,-1,19,3,7,-1,0,1,1,4,1,0,1,1,-1,6,1,-1,-1,1461,2,6,RENAULT CAPTUR,-1,-1,0,-1
2024131504025,2024,131504025,2,9,0,-1,9,3,7,-1,0,2,0,0,0,0,1,1,-1,1,2,41,7,1333,1,4,RENAULT CAPTUR,3,E01011761,0,3
2024411502065,2024,411502065,1,9,0,-1,9,-1,-1,-1,0,1,0,0,0,0,3,9,-1,6,2,53,8,898,1,6,RENAULT CAPTUR,6,E01022095,0,3
2024320586944,2024,320586944,2,9,0,10,10,6,2,0,0,1,0,0,0,0,2,1,-1,-1,2,59,9,1461,2,10,RENAULT CAPTUR,1,E01026152,0,1
2024631421584,2024,631421584,1,9,0,-1,12,8,4,-1,0,0,0,0,7,10,1,1,-1,9,1,84,11,999,1,1,RENAULT CAPTUR,9,W01000969,0,4
2024401442546,2024,401442546,1,9,0,-1,12,3,5,-1,0,3,0,0,1,0,3,9,-1,6,1,59,9,898,1,5,RENAULT CAPTUR,9,E01017372,0,3
2024401498578,2024,401498578,1,9,0,-1,4,5,1,-1,0,0,0,0,0,0,1,1,-1,9,1,32,6,898,1,6,RENAULT CAPTUR,7,E01002159,0,4
2024501428698,2024,501428698,1,9,0,-1,7,6,8,-1,0,0,0,0,0,0,1,1,-1,6,1,49,8,1461,2,11,RENAULT CAPTUR,8,E01015098,0,1
2024131400796,2024,131400796,1,9,0,-1,9,1,2,-1,0,1,0,0,0,0,1,1,-1,9,2,74,10,1461,2,6,RENAULT CAPTUR,3,E01010825,0,4
2024421402421,2024,421402421,1,9,0,-1,12,2,5,-1,0,0,0,0,0,0,3,1,-1,6,3,-1,-1,898,1,4,RENAULT CAPTUR,-1,-1,0,-1
2024101482887,2024,101482887,1,9,0,-1,9,5,3,-1,0,6,0,0,0,0,1,1,-1,6,1,47,8,1461,2,8,RENAULT CAPTUR,-1,-1,0,-1
2024451517415,2024,451517415,1,9,0,-1,19,2,6,-1,0,0,0,0,0,0,1,1,-1,9,1,78,11,1197,1,6,RENAULT CAPTUR,10,E01030366,0,1
2024010532955,2024,010532955,1,9,0,99,99,9,9,99,99,9,9,99,9,99,2,9,6,6,2,62,9,1598,8,1,RENAULT CAPTUR,5,E01001185,0,2
2024501526854,2024,501526854,1,9,0,-1,4,3,6,-1,0,1,0,0,0,0,3,1,-1,6,2,51,8,1461,2,11,RENAULT CAPTUR,4,E01018754,0,1
2024361495488,2024,361495488,1,9,0,-1,9,2,8,-1,0,6,0,0,0,0,1,1,-1,9,1,57,9,898,1,5,RENAULT CAPTUR,1,E01026666,0,3
2024161411896,2024,161411896,1,9,0,-1,19,5,1,-1,0,0,0,0,0,0,2,9,-1,1,1,33,6,1461,2,9,RENAULT CAPTUR,3,E01026123,0,4
2024010499780,2024,010499780,2,9,0,99,99,9,9,99,99,9,9,99,9,99,9,9,6,6,3,-1,-1,1197,1,10,RENAULT CAPTUR,-1,-1,0,-1
2024421526711,2024,421526711,1,9,0,-1,19,8,3,-1,0,3,0,0,0,0,1,1,-1,9,2,65,9,1598,8,0,RENAULT CAPTUR,3,E01021641,0,1
2024221527367,2024,221527367,2,9,0,-1,4,4,8,-1,0,1,0,0,0,0,1,1,-1,6,1,60,9,1598,8,0,RENAULT CAPTUR,3,E01009119,0,2
2024211401570,2024,211401570,1,9,0,-1,19,4,8,-1,0,4,0,0,0,0,1,1,-1,6,2,40,7,999,1,3,RENAULT CAPTUR,6,E01014215,0,2
2024451450312,2024,451450312,1,9,0,-1,7,5,5,-1,0,0,1,0,0,0,3,1,-1,9,1,50,8,1461,2,7,RENAULT CAPTUR,9,E01030605,0,2
2024991533262,2024,991533262,2,9,0,-1,19,2,6,-1,0,0,0,0,0,0,1,1,-1,9,1,29,6,999,1,1,RENAULT CAPTUR,6,-1,0,3
2024010498326,2024,010498326,2,9,0,18,19,5,1,0,0,0,5,4,0,0,1,1,6,6,1,50,8,1598,8,1,RENAULT CAPTUR,2,E01000739,0,1
2024991497249,2024,991497249,1,9,0,-1,4,3,7,-1,0,0,0,0,0,0,2,1,-1,9,2,37,7,999,1,4,RENAULT CAPTUR,4,-1,0,1
2024052401692,2024,052401692,2,9,0,18,19,7,3,0,0,0,0,0,0,0,1,1,6,6,2,51,8,898,1,8,RENAULT CAPTUR,1,E01006478,0,1
2024010547086,2024,010547086,1,9,0,99,99,9,9,99,99,0,9,99,9,99,9,9,6,6,2,40,7,1461,2,8,RENAULT CAPTUR,10,E01030345,0,2
2024622400606,2024,622400606,2,9,0,5,5,2,6,0,0,8,0,0,0,0,1,1,6,6,2,34,6,1333,1,5,RENAULT CAPTUR,10,W01001948,0,3
2024320533278,2024,320533278,1,9,0,-1,-1,2,7,0,0,0,0,0,0,0,3,1,-1,-1,1,44,7,1598,8,0,RENAULT CAPTUR,1,E01009094,0,4
2024471428427,2024,471428427,2,9,0,-1,3,6,2,-1,0,0,0,0,0,0,2,1,-1,6,2,35,6,898,1,10,RENAULT CAPTUR,3,E01016975,0,2
2024041499219,2024,041499219,1,9,0,-1,19,7,3,-1,0,0,5,0,1,9,3,1,-1,1,1,37,7,1333,1,3,RENAULT CAPTUR,3,E01033072,0,3
2024010530073,2024,010530073,1,9,0,99,99,9,9,99,99,9,9,99,9,99,1,9,6,6,1,-1,-1,1461,2,9,RENAULT CAPTUR,4,E01000976,0,1
2024421484788,2024,421484788,1,9,0,-1,6,1,5,-1,0,1,0,0,0,0,3,1,-1,6,2,44,7,1461,2,6,RENAULT CAPTUR,2,E01021703,0,1
2024221536280,2024,221536280,2,9,0,-1,3,5,1,-1,0,1,0,0,0,0,0,9,-1,6,2,38,7,1461,2,10,RENAULT CAPTUR,8,W01000486,0,4
2024451462464,2024,451462464,1,9,0,-1,19,8,4,-1,0,1,0,11,0,0,1,1,-1,6,1,14,3,1461,2,7,RENAULT CAPTUR,4,E01030747,0,2
2024552401179,2024,552401179,2,9,0,17,19,6,4,0,0,8,0,0,0,0,1,1,6,6,2,33,6,898,1,7,RENAULT CAPTUR,4,E01015382,0,1
2024141463503,2024,141463503,1,9,0,-1,19,3,7,-1,0,1,0,0,0,0,1,1,-1,9,2,77,11,1598,8,1,RENAULT CAPTUR,1,E01007509,0,1
2024631488944,2024,631488944,2,9,0,-1,19,1,1,-1,0,4,0,0,0,0,2,1,-1,9,2,51,8,1461,2,4,RENAULT CAPTUR,5,W01000846,0,1
2024061453668,2024,061453668,1,9,0,-1,19,8,4,-1,0,0,0,0,1,0,3,1,-1,6,2,30,6,1461,2,10,RENAULT CAPTUR,-1,-1,0,-1
2024201507204,2024,201507204,1,9,0,-1,2,0,0,-1,0,0,0,0,0,0,1,1,-1,6,2,30,6,1461,2,10,RENAULT CAPTUR,1,E01009579,0,1
2024991486254,2024,991486254,3,9,0,-1,2,0,0,-1,0,0,0,0,0,0,3,1,-1,6,-1,-1,-1,898,1,6,RENAULT CAPTUR,-1,-1,0,-1
2024061484333,2024,061484333,1,9,0,-1,2,2,2,-1,9,2,0,10,0,0,1,1,-1,9,2,80,11,1598,8,2,RENAULT CAPTUR,5,E01006129,0,1
2024501451366,2024,501451366,1,9,0,-1,19,2,6,-1,0,0,5,0,2,0,1,1,-1,9,2,21,5,1461,2,8,RENAULT CAPTUR,6,W01001587,0,5
2024131523700,2024,131523700,1,9,0,-1,4,1,5,-1,0,1,0,0,0,0,1,1,-1,9,2,38,7,1461,2,9,RENAULT CAPTUR,-1,-1,0,-1
2024141428057,2024,141428057,2,9,0,-1,2,0,0,-1,0,0,0,0,0,0,2,1,-1,6,-1,-1,-1,1461,2,7,RENAULT CAPTUR,-1,-1,0,-1
2024031491188,2024,031491188,1,9,0,-1,19,7,3,-1,0,0,0,0,0,0,2,1,-1,9,2,64,9,1598,8,1,RENAULT CAPTUR,1,E01008385,0,4
2024141430632,2024,141430632,1,9,0,-1,19,1,6,-1,0,0,0,0,0,0,1,1,-1,2,2,51,8,1461,2,8,RENAULT CAPTUR,3,E01008028,0,4
2024221454422,2024,221454422,1,9,0,-1,19,3,6,-1,0,0,0,0,0,0,1,1,-1,6,2,50,8,1461,2,5,RENAULT CAPTUR,8,E01010487,0,2
2024451505104,2024,451505104,2,9,0,-1,9,2,6,-1,0,0,0,0,0,0,1,1,-1,7,1,54,8,898,1,7,RENAULT CAPTUR,9,E01002947,0,1
2024010551594,2024,010551594,1,9,0,8,8,6,8,0,0,1,0,0,0,0,0,1,6,6,1,73,10,1333,1,4,RENAULT CAPTUR,7,E01002127,0,1
2024411490643,2024,411490643,2,9,0,-1,19,1,5,-1,0,0,0,0,0,0,2,1,-1,6,1,25,5,1598,8,0,RENAULT CAPTUR,2,E01001249,0,3
2024141444854,2024,141444854,1,9,0,-1,12,1,5,-1,0,8,0,0,0,0,3,2,-1,9,2,64,9,1461,2,11,RENAULT CAPTUR,1,E01007719,0,1
2024501513203,2024,501513203,1,9,0,-1,9,8,4,-1,0,6,0,0,0,0,4,1,-1,9,1,70,10,1461,2,9,RENAULT CAPTUR,4,E01018844,0,2
2024122400852,2024,122400852,3,9,0,4,4,5,1,0,0,0,0,0,0,0,2,1,6,6,3,37,7,1461,2,8,RENAULT CAPTUR,9,E01012073,0,4
2024991513129,2024,991513129,1,9,0,-1,19,7,3,-1,0,8,0,0,0,0,4,1,-1,6,3,-1,-1,1333,1,5,RENAULT CAPTUR,-1,-1,0,-1
2024451474479,2024,451474479,1,9,0,-1,19,1,5,-1,0,8,1,0,0,0,1,1,-1,1,1,49,8,1461,2,8,RENAULT CAPTUR,3,E01030578,0,1
2024371516658,2024,371516658,3,9,0,-1,19,5,1,-1,0,0,0,0,0,0,1,1,-1,6,2,65,9,1461,2,8,RENAULT CAPTUR,4,E01030263,0,3
2024440010020,2024,440010020,2,9,0,18,19,1,5,0,0,0,0,0,0,0,1,1,6,6,1,22,5,898,1,9,RENAULT CAPTUR,4,E01017187,0,1
2024501432705,2024,501432705,2,9,0,-1,19,1,5,-1,0,0,0,0,0,0,1,2,-1,9,1,88,11,1461,2,9,RENAULT CAPTUR,3,E01020502,0,4
2024061524742,2024,061524742,1,9,-1,-1,-1,-1,-1,-1,-1,-1,-1,-1,-1,0,-1,9,-1,6,3,-1,-1,1461,2,4,RENAULT CAPTUR,-1,-1,0,-1
2024010524459,2024,010524459,2,9,0,99,99,9,9,99,99,9,9,99,9,99,1,9,6,6,2,32,6,898,1,9,RENAULT CAPTUR,2,E01001560,0,1
2024211473442,2024,211473442,1,9,0,-1,5,1,8,-1,0,5,0,0,0,0,1,1,-1,9,2,60,9,999,1,1,RENAULT CAPTUR,1,E01014213,0,2
2024010545902,2024,010545902,2,9,0,99,99,9,9,99,99,9,9,99,9,99,2,9,6,6,1,-1,-1,1333,1,2,RENAULT CAPTUR,3,E01003237,0,1
2024061491174,2024,061491174,2,9,0,-1,5,-1,-1,-1,0,0,1,0,0,0,1,1,-1,6,2,-1,-1,1461,2,10,RENAULT CAPTUR,4,E01005871,0,1
2024070559665,2024,070559665,2,9,0,4,4,1,4,0,0,0,5,0,0,0,2,1,6,6,2,71,10,898,1,5,RENAULT CAPTUR,8,E01012385,0,1
2024010539239,2024,010539239,1,9,0,9,9,3,1,0,0,5,0,0,0,0,1,1,2,2,2,63,9,898,1,6,RENAULT CAPTUR,3,E01001440,0,1
2024010523561,2024,010523561,2,9,0,99,99,9,9,99,99,9,9,99,9,99,1,9,6,6,3,-1,-1,1461,2,7,RENAULT CAPTUR,-1,-1,0,-1
2024622400099,2024,622400099,2,9,0,18,19,8,4,0,0,8,0,0,0,0,3,1,6,6,2,38,7,1598,8,1,RENAULT CAPTUR,2,W01000895,0,1
2024111515111,2024,111515111,2,9,0,-1,2,1,2,-1,0,8,0,0,0,0,4,1,-1,2,2,38,7,1461,2,8,RENAULT CAPTUR,9,E01012346,0,1
2024440302222,2024,440302222,3,9,0,2,2,3,7,0,0,0,0,0,0,0,2,1,6,6,3,-1,-1,898,1,8,RENAULT CAPTUR,-1,-1,0,-1
2024991395957,2024,991395957,1,9,0,-1,4,4,8,-1,0,1,0,0,0,0,1,1,-1,2,2,55,8,1461,2,10,RENAULT CAPTUR,6,-1,0,4
2024041468608,2024,041468608,2,9,0,-1,3,3,7,-1,0,0,0,0,0,0,2,1,-1,9,1,71,10,999,1,0,RENAULT CAPTUR,4,-1,0,5
2024451394568,2024,451394568,1,9,0,-1,2,0,0,-1,0,8,0,0,0,0,3,1,-1,7,2,38,7,999,1,1,RENAULT CAPTUR,7,E01030848,0,2
2024031442678,2024,031442678,1,9,0,-1,9,1,7,-1,0,6,0,0,0,0,1,1,-1,6,2,55,8,1461,2,9,RENAULT CAPTUR,1,E01019160,0,1
2024340WN3452,2024,340WN3452,2,9,0,-1,19,3,7,-1,0,0,0,0,0,0,2,1,-1,9,1,53,8,999,1,0,RENAULT CAPTUR,3,E01026843,0,5
2024161516917,2024,161516917,1,9,0,-1,9,3,1,-1,0,8,0,0,0,0,1,1,-1,2,1,34,6,898,1,6,RENAULT CAPTUR,1,E01012857,0,1
2024501492525,2024,501492525,2,9,0,-1,19,7,3,-1,0,0,0,0,0,0,3,1,-1,6,2,27,6,1333,1,4,RENAULT CAPTUR,4,E01019054,0,1
2024361418658,2024,361418658,3,9,0,-1,2,5,1,-1,0,0,0,0,0,0,2,1,-1,6,-1,-1,-1,1461,2,7,RENAULT CAPTUR,-1,-1,0,-1
2024461476520,2024,461476520,1,9,0,-1,5,4,8,-1,0,1,0,0,0,0,1,2,-1,9,1,71,10,1598,8,0,RENAULT CAPTUR,5,E01024619,0,4
2024440219417,2024,440219417,2,9,0,18,19,3,7,0,0,8,0,0,0,0,3,1,6,6,1,82,11,1461,2,8,RENAULT CAPTUR,9,E01019951,0,5
2024451499667,2024,451499667,1,9,0,-1,19,1,5,-1,0,0,0,0,0,0,1,1,-1,6,2,71,10,1197,1,8,RENAULT CAPTUR,7,E01030851,0,1
2024411543323,2024,411543323,1,9,-1,-1,-1,-1,-1,-1,-1,0,-1,-1,-1,0,-1,9,-1,6,3,-1,-1,898,1,6,RENAULT CAPTUR,-1,-1,0,-1
2024451512709,2024,451512709,3,9,0,-1,19,5,1,-1,0,0,0,0,0,0,1,1,-1,2,2,32,6,1461,2,10,RENAULT CAPTUR,1,E01016885,0,4
2024061462383,2024,061462383,2,9,0,-1,19,-1,-1,-1,0,0,0,0,0,0,1,1,-1,6,2,-1,-1,898,1,6,RENAULT CAPTUR,-1,-1,0,-1
2024461464375,2024,461464375,2,9,0,-1,19,3,7,-1,0,0,0,0,0,0,2,1,-1,6,1,37,7,1461,2,10,RENAULT CAPTUR,10,E01030604,0,4
2024610023124,2024,610023124,1,9,0,18,19,5,1,0,0,0,0,0,0,0,1,1,6,6,2,59,9,1461,2,7,RENAULT CAPTUR,3,W01001460,0,1
2024351521119,2024,351521119,1,9,0,-1,14,5,1,-1,0,0,1,4,7,0,1,1,-1,6,1,28,6,1461,2,8,RENAULT CAPTUR,5,E01018069,0,1
2024010547116,2024,010547116,2,9,0,18,19,5,1,0,0,1,0,0,0,0,1,1,6,6,1,48,8,1598,8,0,RENAULT CAPTUR,5,E01001142,0,2
2024320708282,2024,320708282,1,9,0,-1,-1,5,1,0,0,8,0,0,0,0,4,1,-1,-1,2,60,9,1333,1,5,RENAULT CAPTUR,1,E01015664,0,3
2024430225917,2024,430225917,2,9,0,9,9,8,6,0,0,6,0,0,0,0,4,1,6,6,2,67,10,1333,1,2,RENAULT CAPTUR,7,E01017668,0,1
2024461399805,2024,461399805,1,9,0,-1,19,5,1,-1,0,0,0,0,0,0,1,9,-1,6,1,41,7,999,1,3,RENAULT CAPTUR,2,W01001371,0,5
2024122400535,2024,122400535,2,9,0,18,19,2,6,0,0,1,0,0,0,0,1,1,6,6,2,66,10,1461,2,7,RENAULT CAPTUR,6,E01027570,0,3
2024501413658,2024,501413658,2,9,0,-1,19,1,5,-1,0,1,0,0,0,0,4,1,-1,6,1,85,11,1598,8,3,RENAULT CAPTUR,7,E01020233,0,1
2024991496092,2024,991496092,1,9,0,-1,19,7,4,-1,9,0,0,7,3,0,1,1,-1,6,1,35,6,1598,8,1,RENAULT CAPTUR,-1,-1,0,-1
2024052401655,2024,052401655,2,9,0,2,2,0,0,0,0,0,0,0,9,0,1,1,6,6,1,71,10,1598,8,1,RENAULT CAPTUR,6,E01007286,0,2
2024221443023,2024,221443023,1,9,0,-1,19,2,6,-1,0,2,0,0,4,6,1,1,-1,6,2,79,11,898,1,7,RENAULT CAPTUR,4,W01001405,0,4
2024201414912,2024,201414912,3,9,0,-1,2,0,0,-1,0,0,0,4,1,0,3,9,-1,9,1,54,8,1461,2,6,RENAULT CAPTUR,1,E01009406,0,1
2024361416811,2024,361416811,1,9,0,-1,19,5,1,-1,0,0,0,0,0,0,1,1,-1,9,1,29,6,999,1,4,RENAULT CAPTUR,7,E01026434,0,4
2024421456271,2024,421456271,1,9,0,-1,19,3,7,-1,0,0,0,0,0,0,4,1,-1,9,2,63,9,1333,1,5,RENAULT CAPTUR,6,E01021464,0,1
2024340NN4752,2024,340NN4752,2,9,0,-1,19,7,3,-1,0,0,0,0,2,0,3,1,-1,9,1,54,8,1461,2,9,RENAULT CAPTUR,-1,-1,0,-1
2024302400381,2024,302400381,3,9,0,2,2,0,0,0,0,0,0,0,0,0,3,1,6,6,3,-1,-1,898,1,11,RENAULT CAPTUR,-1,-1,0,-1
2024041431146,2024,041431146,2,9,0,-1,19,3,7,-1,0,1,0,0,0,0,4,1,-1,9,2,34,6,1461,2,9,RENAULT CAPTUR,1,E01012745,0,2
2024401510701,2024,401510701,2,9,0,-1,3,1,5,-1,0,1,0,0,0,0,2,9,-1,9,2,51,8,898,1,5,RENAULT CAPTUR,5,E01017579,0,1
2024052401109,2024,052401109,1,9,0,9,9,6,4,0,0,8,0,0,0,0,1,1,6,6,2,37,7,1461,2,8,RENAULT CAPTUR,3,E01034841,0,1
2024010507816,2024,010507816,1,9,0,9,9,5,3,0,0,5,0,0,0,0,1,1,6,6,1,83,11,898,1,9,RENAULT CAPTUR,8,E01001543,0,1
2024991461533,2024,991461533,1,9,0,-1,19,1,5,-1,0,0,0,0,0,0,3,1,-1,9,1,79,11,898,1,10,RENAULT CAPTUR,-1,-1,0,-1
2024501436007,2024,501436007,1,9,0,-1,19,4,6,-1,0,4,0,0,0,0,1,1,-1,1,2,36,7,1461,2,10,RENAULT CAPTUR,4,E01019922,0,1
2024131461090,2024,131461090,1,9,0,-1,5,5,1,-1,0,1,0,0,0,0,2,1,-1,9,1,34,6,1461,2,8,RENAULT CAPTUR,2,E01010804,0,1
2024361485191,2024,361485191,2,9,0,-1,19,7,3,-1,0,0,0,0,0,0,1,1,-1,9,2,38,7,1461,2,6,RENAULT CAPTUR,2,E01030248,0,3
2024101484208,2024,101484208,2,9,0,-1,4,7,3,-1,0,0,0,7,1,0,2,1,-1,6,1,70,10,1461,2,8,RENAULT CAPTUR,2,E01027530,0,3
2024041532482,2024,041532482,1,9,0,-1,1,3,7,-1,0,2,0,0,0,0,2,1,-1,9,2,34,6,1461,2,8,RENAULT CAPTUR,8,E01034338,0,2
2024141434250,2024,141434250,1,9,0,-1,9,1,5,-1,0,0,0,0,0,0,1,1,-1,2,2,36,7,1461,2,9,RENAULT CAPTUR,1,E01007634,0,1
2024351477711,2024,351477711,1,9,0,-1,5,4,8,-1,0,0,0,0,0,0,1,1,-1,2,2,38,7,1461,2,9,RENAULT CAPTUR,6,E01018051,0,1
2024010507521,2024,010507521,1,9,0,16,19,5,1,9,9,8,0,7,7,10,1,1,6,6,1,67,10,1333,1,5,RENAULT CAPTUR,7,E01002265,0,1
2024522402505,2024,522402505,1,9,0,1,1,9,9,0,0,0,0,0,0,0,2,1,1,1,1,53,8,898,1,5,RENAULT CAPTUR,10,E01014880,0,2
2024041542035,2024,041542035,1,9,0,-1,19,7,1,-1,0,0,0,0,0,0,1,1,-1,6,2,66,10,1333,1,2,RENAULT CAPTUR,7,E01025130,0,2
2024522403161,2024,522403161,2,9,0,4,4,3,7,0,0,0,0,0,0,0,2,1,6,6,2,55,8,999,1,4,RENAULT CAPTUR,6,E01014023,0,4
2024520001205,2024,520001205,3,9,0,18,19,5,1,0,0,0,0,0,0,0,1,1,6,6,2,24,5,898,1,8,RENAULT CAPTUR,1,E01014594,0,2
2024010511384,2024,010511384,2,9,0,99,99,9,9,99,99,9,9,99,9,99,9,9,6,6,3,-1,-1,1598,8,0,RENAULT CAPTUR,-1,-1,0,-1
2024471523721,2024,471523721,2,9,0,-1,19,1,5,-1,0,8,0,0,0,0,4,1,-1,9,2,60,9,1333,1,4,RENAULT CAPTUR,7,E01031837,0,1
2024622400829,2024,622400829,1,9,0,18,19,4,8,0,0,0,0,0,0,0,1,1,6,6,1,17,4,1461,2,9,RENAULT CAPTUR,5,W01001273,0,1
2024451535670,2024,451535670,2,9,0,-1,9,7,3,-1,0,8,0,0,0,0,1,1,-1,6,1,19,4,898,1,7,RENAULT CAPTUR,3,E01004125,0,2
2024461430647,2024,461430647,1,9,0,-1,19,1,3,-1,0,0,0,0,0,0,1,1,-1,9,2,51,8,898,1,5,RENAULT CAPTUR,-1,-1,0,-1
2024041466603,2024,041466603,2,9,0,-1,8,3,7,-1,0,1,0,0,0,0,2,1,-1,6,2,54,8,898,1,8,RENAULT CAPTUR,4,E01012729,0,1
2024071066249,2024,071066249,1,9,0,-1,9,1,3,-1,0,6,0,0,0,0,1,1,-1,2,1,63,9,1461,2,9,RENAULT CAPTUR,7,W01000224,0,4
2024543280724,2024,543280724,2,9,0,4,4,3,7,0,0,1,0,0,0,0,2,1,6,6,2,38,7,1461,2,9,RENAULT CAPTUR,4,E01015502,0,1
2024461429562,2024,461429562,4,9,0,-1,3,7,3,-1,0,0,0,0,0,0,4,2,-1,6,1,53,8,1461,2,8,RENAULT CAPTUR,7,E01016028,0,2
2024061482410,2024,061482410,1,9,0,-1,9,4,1,-1,0,0,0,0,0,0,1,1,-1,9,2,85,11,1461,2,6,RENAULT CAPTUR,-1,-1,0,-1
2024101486236,2024,101486236,1,9,0,-1,19,1,5,-1,0,0,0,0,0,0,4,1,-1,9,2,34,6,1461,2,9,RENAULT CAPTUR,1,E01008606,0,1