collision_index,collision_year,collision_ref_no,vehicle_reference,vehicle_type,towing_and_articulation,vehicle_manoeuvre_historic,vehicle_manoeuvre,vehicle_direction_from,vehicle_direction_to,vehicle_location_restricted_lane_historic,vehicle_location_restricted_lane,junction_location,skidding_and_overturning,hit_object_in_carriageway,vehicle_leaving_carriageway,hit_object_off_carriageway,first_point_of_impact,vehicle_left_hand_drive,journey_purpose_of_driver_historic,journey_purpose_of_driver,sex_of_driver,age_of_driver,age_band_of_driver,engine_capacity_cc,propulsion_code,age_of_vehicle,generic_make_model,driver_imd_decile,lsoa_of_driver,escooter_flag,driver_distance_banding
2024351501920,2024,351501920,1,9,0,-1,19,1,5,-1,0,1,0,0,0,0,4,1,-1,2,2,79,11,898,1,9,RENAULT CAPTUR,7,E01018023,0,1
2024201421583,2024,201421583,2,9,0,-1,19,2,6,-1,0,1,0,0,0,0,2,1,-1,9,2,47,8,1461,2,7,RENAULT CAPTUR,1,E01010364,0,1
2024211443800,2024,211443800,1,9,0,-1,19,8,3,-1,0,0,0,0,0,0,1,1,-1,6,1,40,7,898,1,7,RENAULT CAPTUR,-1,-1,0,-1
2024061489779,2024,061489779,2,9,0,-1,10,2,7,-1,0,1,0,0,0,0,2,1,-1,6,1,74,10,898,1,10,RENAULT CAPTUR,2,E01005028,0,1
2024522403077,2024,522403077,1,9,0,18,19,4,8,0,0,8,0,0,0,0,1,1,6,6,2,29,6,898,1,9,RENAULT CAPTUR,6,E01014865,0,1
2024131488755,2024,131488755,1,9,0,-1,19,7,3,-1,0,1,0,0,1,0,3,2,-1,9,1,73,10,999,1,4,RENAULT CAPTUR,1,E01010829,0,1
2024010539498,2024,010539498,1,9,0,9,9,4,1,0,0,5,0,0,0,0,3,1,6,6,1,44,7,1333,1,5,RENAULT CAPTUR,-1,-1,0,-1
2024471496437,2024,471496437,1,9,0,-1,9,2,7,-1,0,1,0,0,0,0,1,1,-1,7,2,56,9,1461,2,7,RENAULT CAPTUR,4,E01031569,0,4
2024991532526,2024,991532526,1,9,0,-1,7,7,3,-1,0,0,0,0,0,0,4,1,-1,9,1,81,11,1461,2,4,RENAULT CAPTUR,-1,-1,0,-1
2024041439134,2024,041439134,2,9,0,-1,19,3,7,-1,0,0,0,0,0,0,1,1,-1,6,2,34,6,1461,2,9,RENAULT CAPTUR,4,E01025567,0,1
2024041463186,2024,041463186,2,9,0,-1,19,5,1,-1,0,0,0,0,0,0,1,1,-1,9,2,46,8,898,1,8,RENAULT CAPTUR,9,W01000266,0,4
2024991419139,2024,991419139,3,9,0,-1,2,0,0,-1,0,0,0,0,0,0,2,1,-1,6,-1,-1,-1,1461,2,6,RENAULT CAPTUR,-1,-1,0,-1
2024320166255,2024,320166255,1,9,0,-1,-1,3,7,0,0,0,0,0,0,0,1,1,-1,-1,2,44,7,898,1,9,RENAULT CAPTUR,4,E01026318,0,3
2024340NN2282,2024,340NN2282,1,9,0,-1,19,3,7,-1,0,5,0,0,0,0,4,1,-1,2,2,48,8,1333,1,5,RENAULT CAPTUR,3,E01027314,0,1
2024010543154,2024,010543154,1,9,0,18,19,3,7,0,0,4,0,0,0,0,1,1,6,6,2,64,9,1461,2,8,RENAULT CAPTUR,3,E01001690,0,1
2024010545911,2024,010545911,1,9,0,99,99,9,9,99,99,9,9,99,9,99,2,9,6,6,2,37,7,1461,2,7,RENAULT CAPTUR,3,E01034608,0,2
2024221397392,2024,221397392,1,9,0,-1,14,1,5,-1,0,0,2,4,0,0,1,1,-1,9,1,22,5,1197,1,7,RENAULT CAPTUR,8,E01014036,0,2
2024071015703,2024,071015703,1,9,0,-1,9,8,4,-1,0,1,0,0,0,0,1,1,-1,6,2,78,11,1461,2,8,RENAULT CAPTUR,6,E01018654,0,1
2024161433217,2024,161433217,2,9,0,-1,19,8,4,-1,0,8,0,0,0,0,1,1,-1,9,2,61,9,1461,2,11,RENAULT CAPTUR,1,E01007491,0,4
2024351534065,2024,351534065,1,9,0,-1,19,5,1,-1,0,0,0,4,0,0,4,1,-1,9,1,40,7,898,1,8,RENAULT CAPTUR,9,E01015648,0,2
2024421494873,2024,421494873,2,9,0,-1,19,3,7,-1,0,0,0,0,0,0,0,1,-1,9,1,74,10,898,1,4,RENAULT CAPTUR,4,E01022022,0,1
202460Q118454,2024,60Q118454,1,9,0,18,19,1,5,0,0,0,2,0,1,4,4,1,6,6,1,87,11,1461,2,10,RENAULT CAPTUR,-1,-1,0,-1
2024522500012,2024,522500012,1,9,0,18,19,1,5,0,0,2,0,0,0,0,4,1,6,6,1,34,6,898,1,9,RENAULT CAPTUR,1,E01014536,0,2
2024052401345,2024,052401345,1,9,0,18,19,6,2,0,0,3,0,0,0,0,4,1,6,6,1,39,7,1461,2,9,RENAULT CAPTUR,1,E01006757,0,3
2024010543914,2024,010543914,1,9,0,99,99,9,9,99,99,9,9,99,9,99,1,1,6,6,3,35,6,898,1,9,RENAULT CAPTUR,4,E01001137,0,2
2024161527713,2024,161527713,1,9,0,-1,4,2,6,-1,0,0,0,0,0,0,2,9,-1,6,2,24,5,898,1,6,RENAULT CAPTUR,2,E01012777,0,1
2024010502197,2024,010502197,2,9,0,18,19,7,3,0,0,8,0,0,0,0,3,1,6,6,2,71,10,1333,1,5,RENAULT CAPTUR,8,E01002178,0,1
2024101448693,2024,101448693,2,9,0,-1,19,3,7,-1,0,1,0,0,0,0,3,1,-1,6,2,38,7,1461,2,8,RENAULT CAPTUR,-1,-1,0,-1
2024991477413,2024,991477413,1,9,0,-1,19,5,1,-1,0,1,0,0,0,0,1,1,-1,2,1,47,8,1461,2,6,RENAULT CAPTUR,9,-1,0,2
2024430459990,2024,430459990,4,9,0,3,3,6,2,0,0,1,0,0,0,0,2,1,6,6,1,43,7,898,1,5,RENAULT CAPTUR,10,E01016270,0,1
2024131520265,2024,131520265,1,9,0,-1,19,6,2,-1,9,1,0,0,7,11,1,1,-1,6,1,34,6,1461,2,8,RENAULT CAPTUR,2,E01010804,0,1
2024101401090,2024,101401090,1,9,0,-1,19,3,7,-1,0,8,0,0,0,0,3,1,-1,6,1,76,11,898,1,8,RENAULT CAPTUR,7,E01008781,0,1
2024010518637,2024,010518637,1,9,0,18,19,5,1,0,0,8,0,0,0,0,1,1,6,6,2,35,6,1461,2,8,RENAULT CAPTUR,8,E01000679,0,1
2024052401484,2024,052401484,1,9,0,18,19,3,7,0,0,0,0,0,0,0,1,1,6,6,2,59,9,898,1,6,RENAULT CAPTUR,4,E01006454,0,1
2024440222007,2024,440222007,1,9,0,18,19,3,7,0,0,2,0,0,0,0,1,1,6,6,1,80,11,1333,1,3,RENAULT CAPTUR,5,E01023192,0,1
2024071042345,2024,071042345,1,9,0,-1,19,1,5,-1,0,0,0,0,0,0,1,1,-1,1,1,38,7,1461,2,8,RENAULT CAPTUR,2,E01018714,0,1
2024201444650,2024,201444650,1,9,0,-1,19,1,1,-1,0,1,0,0,0,0,1,1,-1,9,2,52,8,898,1,7,RENAULT CAPTUR,1,E01010272,0,1
2024231531193,2024,231531193,1,9,0,-1,19,8,4,-1,0,6,0,0,0,0,1,1,-1,6,2,67,10,1333,1,2,RENAULT CAPTUR,8,E01009697,0,4
2024991460893,2024,991460893,2,9,0,-1,4,5,1,-1,0,0,0,0,1,2,2,1,-1,6,2,37,7,1598,8,2,RENAULT CAPTUR,4,-1,0,1
2024221421844,2024,221421844,3,9,0,-1,19,4,8,-1,0,0,0,0,0,0,2,1,-1,9,1,50,8,898,1,9,RENAULT CAPTUR,1,E01009141,0,3
2024131530183,2024,131530183,2,9,0,-1,19,1,5,-1,0,1,0,0,0,0,1,1,-1,9,1,53,8,1461,2,6,RENAULT CAPTUR,1,E01010755,0,1
2024522500105,2024,522500105,1,9,0,18,19,3,7,0,0,8,0,0,0,0,3,1,6,6,1,52,8,1333,1,3,RENAULT CAPTUR,7,E01014744,0,1
2024302400222,2024,302400222,2,9,0,18,19,7,3,0,0,8,0,0,0,0,3,1,6,6,2,44,7,898,1,9,RENAULT CAPTUR,1,E01008022,0,1
2024631462434,2024,631462434,1,9,0,-1,19,5,1,-1,0,0,0,0,0,0,4,1,-1,2,2,63,9,898,1,6,RENAULT CAPTUR,9,W01000549,0,4
2024131507012,2024,131507012,2,9,0,-1,19,5,1,-1,0,3,0,0,0,0,4,1,-1,6,2,40,7,1461,2,6,RENAULT CAPTUR,5,E01011733,0,1
2024430613923,2024,430613923,1,9,0,9,9,7,5,0,0,5,0,0,0,0,1,1,6,6,2,70,10,1197,1,7,RENAULT CAPTUR,10,E01028816,0,1
2024010503215,2024,010503215,2,9,0,99,99,9,9,99,99,9,9,99,9,99,3,9,6,6,3,-1,-1,1333,1,4,RENAULT CAPTUR,-1,-1,0,-1
2024161469746,2024,161469746,1,9,0,-1,1,1,5,-1,0,1,0,0,0,0,2,9,-1,6,1,-1,-1,1461,2,5,RENAULT CAPTUR,-1,-1,0,-1
2024161410619,2024,161410619,1,9,0,-1,19,2,6,-1,0,0,0,0,0,0,1,9,-1,6,2,26,6,1333,1,4,RENAULT CAPTUR,5,E01013132,0,1
2024320459435,2024,320459435,1,9,0,-1,-1,6,2,0,0,8,1,0,3,0,4,1,-1,-1,1,27,6,1461,2,10,RENAULT CAPTUR,1,E01028066,0,4
2024311457927,2024,311457927,1,9,0,-1,1,5,1,-1,9,2,0,0,0,0,2,1,-1,6,2,62,9,1598,8,1,RENAULT CAPTUR,-1,-1,0,-1
2024501511807,2024,501511807,1,9,0,-1,19,2,6,-1,0,0,5,0,2,11,4,1,-1,6,2,23,5,1461,2,9,RENAULT CAPTUR,7,E01020043,0,2
2024221516476,2024,221516476,1,9,0,-1,19,8,3,-1,0,0,0,0,0,0,3,1,-1,9,1,78,11,898,1,9,RENAULT CAPTUR,9,E01010183,0,1
2024101422166,2024,101422166,2,9,0,-1,4,7,3,-1,0,0,0,0,0,0,0,1,-1,6,2,50,8,1461,2,9,RENAULT CAPTUR,2,E01027443,0,4
2024101527749,2024,101527749,2,9,0,-1,19,5,2,-1,0,8,0,0,0,0,4,1,-1,6,2,65,9,898,1,9,RENAULT CAPTUR,2,E01008825,0,1
2024070653781,2024,070653781,1,9,0,5,5,2,6,0,0,6,0,0,2,0,1,1,6,6,2,63,9,1333,1,5,RENAULT CAPTUR,9,E01018581,0,2
2024221534897,2024,221534897,2,9,0,-1,19,4,8,-1,0,4,0,0,0,0,3,1,-1,6,2,34,6,999,1,1,RENAULT CAPTUR,1,E01009081,0,3
2024991455471,2024,991455471,4,9,0,-1,19,3,7,-1,0,0,0,0,0,0,2,1,-1,9,1,66,10,999,1,0,RENAULT CAPTUR,10,E01019943,0,5
2024421464048,2024,421464048,1,9,0,-1,19,1,5,-1,0,0,0,0,0,0,2,1,-1,6,2,33,6,1461,2,8,RENAULT CAPTUR,9,E01012224,0,5
2024211466633,2024,211466633,1,9,0,-1,12,3,7,-1,0,0,0,7,5,6,3,1,-1,9,2,18,4,1461,2,5,RENAULT CAPTUR,-1,-1,0,-1
2024031456266,2024,031456266,1,9,0,-1,19,2,6,-1,0,0,0,0,8,11,1,1,-1,9,1,46,8,1461,2,10,RENAULT CAPTUR,2,E01019277,0,1
2024010515338,2024,010515338,1,9,0,10,10,2,8,0,0,0,0,0,0,0,0,1,6,6,1,27,6,1598,8,1,RENAULT CAPTUR,6,E01034291,0,1
2024991459559,2024,991459559,1,9,0,-1,19,6,2,-1,0,0,0,0,0,0,1,1,-1,2,2,60,9,898,1,9,RENAULT CAPTUR,5,-1,0,1
2024070709574,2024,070709574,1,9,0,-1,19,1,5,-1,0,0,5,0,0,0,4,1,-1,9,1,59,9,999,1,2,RENAULT CAPTUR,1,E01012533,0,1
2024501403388,2024,501403388,2,9,0,-1,19,4,8,-1,0,8,0,0,0,0,3,1,-1,9,1,32,6,1461,2,11,RENAULT CAPTUR,5,E01015215,0,1
2024991493777,2024,991493777,1,9,0,-1,5,7,3,-1,0,1,0,0,0,0,3,1,-1,7,1,20,4,1461,2,7,RENAULT CAPTUR,3,-1,0,1
2024131422970,2024,131422970,2,9,0,-1,9,3,7,-1,0,8,0,0,0,0,4,1,-1,9,2,35,6,999,1,4,RENAULT CAPTUR,3,E01034585,0,3
2024061492165,2024,061492165,2,9,0,-1,12,-1,-1,-1,0,0,9,0,0,0,3,1,-1,6,1,-1,-1,1598,8,2,RENAULT CAPTUR,3,E01005015,0,4
2024010537214,2024,010537214,1,9,0,18,19,7,3,0,0,1,0,0,0,0,1,1,6,6,2,92,11,1197,1,7,RENAULT CAPTUR,7,E01002381,0,1
2024991426223,2024,991426223,1,9,0,-1,19,3,7,-1,0,0,0,0,0,0,1,1,-1,9,2,66,10,898,1,7,RENAULT CAPTUR,2,-1,0,1
2024451507718,2024,451507718,2,9,0,-1,9,5,3,-1,0,8,0,0,0,0,1,1,-1,9,1,84,11,898,1,4,RENAULT CAPTUR,8,E01030875,0,2
2024340NN3712,2024,340NN3712,1,9,0,-1,19,7,3,-1,0,8,5,0,0,0,4,1,-1,9,1,70,10,1333,1,3,RENAULT CAPTUR,8,E01027097,0,1
2024340NN0662,2024,340NN0662,2,9,0,-1,4,7,3,-1,0,0,0,0,0,0,2,1,-1,9,1,55,8,898,1,10,RENAULT CAPTUR,5,E01015675,0,3
2024501533079,2024,501533079,2,9,0,-1,19,7,3,-1,0,1,0,0,7,0,4,1,-1,2,2,42,7,898,1,9,RENAULT CAPTUR,3,E01015159,0,2
2024991513136,2024,991513136,1,9,0,-1,19,6,1,-1,0,3,0,0,0,0,1,1,-1,9,1,66,10,898,1,6,RENAULT CAPTUR,7,-1,0,1
2024461417198,2024,461417198,2,9,0,-1,9,5,1,-1,0,0,0,0,0,0,2,9,-1,9,2,24,5,1461,2,9,RENAULT CAPTUR,2,E01024398,0,1
2024141432367,2024,141432367,1,9,0,-1,19,5,1,-1,0,0,0,0,0,0,1,1,-1,9,1,62,9,999,1,0,RENAULT CAPTUR,1,E01007406,0,2
2024411407139,2024,411407139,1,9,-1,-1,-1,-1,-1,-1,-1,0,-1,-1,-1,0,-1,9,-1,6,2,64,9,1598,8,3,RENAULT CAPTUR,4,E01023387,0,1
2024302400549,2024,302400549,2,9,0,18,19,3,7,0,0,8,1,0,0,0,3,1,6,6,2,25,5,898,1,9,RENAULT CAPTUR,3,E01028185,0,4
2024122400433,2024,122400433,2,9,0,18,19,5,1,0,0,1,0,0,0,0,1,1,6,6,1,31,6,999,1,1,RENAULT CAPTUR,9,E01027737,0,1
2024111426045,2024,111426045,2,9,0,-1,19,6,2,-1,0,0,0,0,0,0,1,1,-1,6,2,35,6,1461,2,8,RENAULT CAPTUR,4,E01020887,0,2
2024052401714,2024,052401714,2,9,0,18,19,2,6,0,0,0,0,0,0,0,2,1,6,6,1,30,6,1461,2,9,RENAULT CAPTUR,2,E01006765,0,1
2024101395578,2024,101395578,1,9,0,-1,9,2,7,-1,0,2,0,0,0,0,1,9,-1,6,1,40,7,1333,1,5,RENAULT CAPTUR,1,E01008837,0,1
2024631411289,2024,631411289,1,9,0,-1,5,5,1,-1,0,6,0,0,0,0,3,1,-1,9,1,62,9,1598,8,1,RENAULT CAPTUR,1,W01001924,0,1
2024031442561,2024,031442561,1,9,0,-1,19,7,7,-1,0,0,0,0,0,0,4,1,-1,6,1,85,11,1461,2,10,RENAULT CAPTUR,-1,-1,0,-1
2024610042624,2024,610042624,1,9,0,9,9,2,8,0,0,8,0,0,0,0,1,1,6,6,1,82,11,1598,8,0,RENAULT CAPTUR,2,W01001483,0,1
2024052401747,2024,052401747,1,9,0,1,1,3,7,0,0,0,0,0,0,0,2,1,6,6,2,49,8,1598,8,1,RENAULT CAPTUR,1,E01006432,0,1
2024122400443,2024,122400443,1,9,0,18,19,1,5,0,0,0,0,0,1,0,3,1,6,6,1,72,10,898,1,6,RENAULT CAPTUR,6,E01011408,0,4
2024451501797,2024,451501797,2,9,0,-1,2,0,0,-1,9,0,0,0,0,0,1,1,-1,6,-1,-1,-1,898,1,9,RENAULT CAPTUR,-1,-1,0,-1
2024041527594,2024,041527594,1,9,0,-1,19,7,3,-1,0,1,0,0,0,0,4,1,-1,1,2,54,8,1333,1,4,RENAULT CAPTUR,7,E01025462,0,4
2024161496806,2024,161496806,1,9,0,-1,19,1,5,-1,0,0,0,0,0,0,4,1,-1,9,2,62,9,898,1,6,RENAULT CAPTUR,9,E01013193,0,1
2024221399827,2024,221399827,1,9,0,-1,19,1,6,-1,0,0,0,0,0,0,1,1,-1,1,2,30,6,1461,2,10,RENAULT CAPTUR,6,E01032480,0,2
2024610039124,2024,610039124,2,9,0,18,19,3,7,0,0,1,0,0,0,0,4,1,6,6,1,65,9,1461,2,8,RENAULT CAPTUR,1,W01001364,0,1
2024361526747,2024,361526747,2,9,0,-1,3,-1,-1,-1,0,1,0,0,0,0,2,1,-1,6,2,36,7,898,1,6,RENAULT CAPTUR,10,E01026906,0,1
2024211536426,2024,211536426,2,9,0,-1,5,7,3,-1,0,0,1,0,0,0,3,1,-1,6,1,44,7,1461,2,10,RENAULT CAPTUR,2,E01010287,0,1
2024010527571,2024,010527571,1,9,0,16,19,2,5,0,0,1,0,0,7,0,1,1,6,6,1,30,6,1598,8,1,RENAULT CAPTUR,8,E01004742,0,4
2024610005824,2024,610005824,1,9,0,9,9,8,6,0,0,6,0,0,0,0,1,1,2,2,2,51,8,1333,1,5,RENAULT CAPTUR,2,W01001525,0,2
2024471530509,2024,471530509,1,9,0,-1,19,8,4,-1,0,0,0,0,8,11,1,1,-1,6,2,66,10,1461,2,10,RENAULT CAPTUR,1,E01020995,0,1
2024010544463,2024,010544463,2,9,0,10,10,1,7,0,0,8,0,0,0,0,3,1,6,6,2,44,7,898,1,9,RENAULT CAPTUR,3,E01003911,0,1
2024131457352,2024,131457352,2,9,0,-1,19,5,5,-1,0,1,0,0,0,0,1,1,-1,9,1,70,10,1598,8,0,RENAULT CAPTUR,6,E01011308,0,2
2024302400361,2024,302400361,1,9,0,9,9,2,8,0,0,8,0,0,0,0,3,1,2,2,2,55,8,898,1,6,RENAULT CAPTUR,6,E01019815,0,1
2024101404624,2024,101404624,1,9,0,-1,4,1,5,-1,0,0,0,0,0,0,1,1,-1,2,1,26,6,898,1,8,RENAULT CAPTUR,-1,-1,0,-1
2024101450013,2024,101450013,1,9,0,-1,5,7,1,-1,0,8,0,0,0,0,1,1,-1,6,2,60,9,1461,2,9,RENAULT CAPTUR,3,E01008451,0,2
2024610050624,2024,610050624,1,9,0,5,5,1,5,0,0,4,0,0,0,0,1,1,6,6,2,53,8,1461,2,11,RENAULT CAPTUR,1,W01001643,0,1
2024201461607,2024,201461607,1,9,0,-1,9,2,8,-1,0,5,0,0,0,0,1,1,-1,2,2,32,6,1333,1,4,RENAULT CAPTUR,5,E01009802,0,1
2024161396662,2024,161396662,1,9,0,-1,19,5,1,-1,0,4,0,0,0,0,1,1,-1,9,2,33,6,1461,2,6,RENAULT CAPTUR,10,E01013108,0,1
2024631438148,2024,631438148,2,9,0,-1,19,3,7,-1,0,0,0,0,8,10,1,1,-1,6,2,27,6,898,1,8,RENAULT CAPTUR,8,W01000573,0,2
2024131529972,2024,131529972,2,9,0,-1,2,0,0,-1,0,0,0,0,0,0,2,1,-1,6,-1,-1,-1,1461,2,9,RENAULT CAPTUR,-1,-1,0,-1
2024201526610,2024,201526610,1,9,0,-1,19,6,2,-1,0,0,0,0,0,0,1,1,-1,6,1,38,7,1598,8,0,RENAULT CAPTUR,2,E01010481,0,1
2024501404539,2024,501404539,1,9,0,-1,19,8,4,-1,0,0,0,0,0,0,3,9,-1,7,2,45,7,1461,2,8,RENAULT CAPTUR,8,E01034862,0,1
2024548045924,2024,548045924,1,9,0,18,19,1,5,0,0,0,0,0,0,0,1,1,6,6,2,36,7,898,1,11,RENAULT CAPTUR,7,E01015585,0,1
2024010538158,2024,010538158,1,9,0,99,99,9,9,99,99,9,9,99,9,99,2,9,2,2,2,28,6,1461,2,8,RENAULT CAPTUR,2,E01033937,0,1
2024401420596,2024,401420596,1,9,0,-1,5,1,3,-1,0,4,0,0,0,0,4,9,-1,9,2,35,6,898,1,6,RENAULT CAPTUR,7,E01015709,0,1
202454B619624,2024,54B619624,1,9,0,18,19,1,5,0,0,0,0,0,0,0,1,1,6,6,2,49,8,999,1,0,RENAULT CAPTUR,3,E01032118,0,1
2024631467956,2024,631467956,2,9,0,-1,10,7,5,-1,0,8,0,0,0,0,2,1,-1,9,2,37,7,1598,8,0,RENAULT CAPTUR,9,W01000665,0,1
2024052402664,2024,052402664,1,9,0,18,19,8,4,0,0,1,0,0,0,0,1,1,6,6,3,-1,-1,898,1,8,RENAULT CAPTUR,-1,-1,0,-1
2024070956233,2024,070956233,1,9,0,-1,19,3,7,-1,0,0,0,0,0,0,1,1,-1,9,1,-1,-1,898,1,5,RENAULT CAPTUR,-1,-1,0,-1
2024320207255,2024,320207255,1,9,0,-1,-1,6,2,0,0,1,0,0,0,0,1,1,-1,-1,2,72,10,1333,1,2,RENAULT CAPTUR,7,E01026297,0,1
2024061498166,2024,061498166,1,9,0,-1,19,5,1,-1,0,8,0,0,0,0,1,1,-1,6,1,44,7,1461,2,9,RENAULT CAPTUR,10,E01006082,0,2
2024041475414,2024,041475414,2,9,0,-1,9,5,1,-1,0,2,0,0,0,0,3,1,-1,9,2,32,6,1461,2,9,RENAULT CAPTUR,7,E01024993,0,2
2024991434052,2024,991434052,2,9,0,-1,19,6,2,-1,0,3,0,0,0,0,1,1,-1,9,2,81,11,999,1,2,RENAULT CAPTUR,8,-1,0,1
2024061515610,2024,061515610,1,9,0,-1,1,1,2,-1,0,0,0,0,0,0,2,2,-1,1,1,30,6,1598,8,1,RENAULT CAPTUR,-1,-1,0,-1
2024070360213,2024,070360213,2,9,0,18,19,4,7,0,0,0,0,0,0,0,2,1,6,6,1,-1,-1,1333,1,5,RENAULT CAPTUR,7,E01012475,0,1
2024631504697,2024,631504697,1,9,0,-1,19,6,2,-1,0,8,0,0,0,0,1,1,-1,6,1,26,6,1461,2,10,RENAULT CAPTUR,9,W01000493,0,2
2024131503618,2024,131503618,1,9,0,-1,6,6,6,-1,0,2,0,0,0,0,3,1,-1,6,1,62,9,1461,2,7,RENAULT CAPTUR,2,E01011759,0,2
2024010524768,2024,010524768,1,9,0,18,19,5,1,0,0,1,0,4,0,0,1,1,6,6,1,91,11,898,1,8,RENAULT CAPTUR,-1,-1,0,-1
2024522403008,2024,522403008,1,9,0,7,7,5,7,0,0,1,0,0,0,0,1,1,6,6,2,28,6,1598,8,2,RENAULT CAPTUR,1,E01032514,0,1
2024501473154,2024,501473154,2,9,0,-1,19,5,1,-1,0,0,1,0,0,0,1,1,-1,9,2,29,6,1461,2,8,RENAULT CAPTUR,5,E01020342,0,3
2024311468313,2024,311468313,1,9,0,-1,5,6,2,-1,0,4,0,0,0,0,3,1,-1,6,2,34,6,1598,8,0,RENAULT CAPTUR,4,E01027933,0,2
2024041463209,2024,041463209,2,9,0,-1,19,8,4,-1,0,0,1,0,0,0,1,1,-1,9,2,24,5,1598,8,3,RENAULT CAPTUR,4,E01006887,0,3
2024631536616,2024,631536616,1,9,0,-1,19,2,6,-1,0,0,1,0,4,6,4,1,-1,9,2,26,6,1461,2,8,RENAULT CAPTUR,7,W01000682,0,3
2024440320366,2024,440320366,1,9,0,18,19,8,4,0,0,0,2,0,7,4,1,1,6,6,1,43,7,1461,2,9,RENAULT CAPTUR,8,E01021040,0,5
2024131513281,2024,131513281,6,9,0,-1,2,5,5,-1,0,1,0,0,0,0,2,1,-1,6,-1,-1,-1,898,1,7,RENAULT CAPTUR,-1,-1,0,-1
2024010531259,2024,010531259,1,9,0,9,9,3,1,0,0,8,0,0,0,0,3,1,2,2,2,36,7,898,1,5,RENAULT CAPTUR,2,E01001076,0,3
2024010518069,2024,010518069,2,9,0,99,99,9,9,99,99,9,9,99,9,99,2,9,6,6,3,-1,-1,1197,1,9,RENAULT CAPTUR,3,E01000089,0,1
2024101444723,2024,101444723,1,9,0,-1,4,8,4,-1,0,0,1,0,0,0,3,1,-1,9,2,69,10,1461,2,9,RENAULT CAPTUR,7,-1,0,3
2024010516334,2024,010516334,1,9,0,18,19,5,1,0,0,0,0,0,0,0,1,1,6,6,3,-1,-1,1461,2,8,RENAULT CAPTUR,-1,-1,0,-1
2024161426802,2024,161426802,1,9,0,-1,19,7,3,-1,0,0,0,0,0,0,1,1,-1,9,1,36,7,1461,2,9,RENAULT CAPTUR,7,E01013307,0,1
2024332400303,2024,332400303,1,9,0,-1,4,7,3,-1,0,0,0,0,1,10,1,1,-1,9,2,77,11,1461,2,6,RENAULT CAPTUR,5,E01025842,0,1
2024111487347,2024,111487347,1,9,0,-1,11,4,8,-1,0,0,2,0,1,0,4,1,-1,2,1,59,9,1461,2,9,RENAULT CAPTUR,5,E01020848,0,1
2024070320175,2024,070320175,1,8,0,18,19,5,1,0,0,1,1,0,0,0,4,1,1,1,1,46,8,1461,2,8,RENAULT CAPTUR,1,E01034055,0,3
2024221410931,2024,221410931,1,9,0,-1,9,4,3,-1,0,5,0,0,7,0,3,1,-1,9,2,67,10,999,1,4,RENAULT CAPTUR,6,E01032417,0,1
2024991512818,2024,991512818,1,9,0,-1,19,8,4,-1,0,0,0,0,0,0,1,1,-1,2,2,41,7,898,1,8,RENAULT CAPTUR,9,-1,0,3
2024501529409,2024,501529409,1,9,0,-1,19,1,5,-1,0,0,5,0,0,0,1,1,-1,9,2,69,10,1333,1,5,RENAULT CAPTUR,4,E01028879,0,5
2024622400496,2024,622400496,1,9,0,18,19,3,7,0,0,1,1,0,0,0,1,1,2,2,1,56,9,1461,2,6,RENAULT CAPTUR,1,W01001785,0,2
2024544163624,2024,544163624,1,9,0,18,19,7,3,0,0,0,0,0,0,0,1,1,6,6,1,39,7,1333,1,2,RENAULT CAPTUR,6,E01019902,0,4
2024111539686,2024,111539686,2,9,0,-1,10,2,6,-1,0,0,0,0,0,0,2,1,-1,6,1,67,10,1333,1,3,RENAULT CAPTUR,8,E01020756,0,1
2024361454673,2024,361454673,3,9,0,-1,4,5,1,-1,0,0,0,0,0,0,2,1,-1,6,1,23,5,1461,2,9,RENAULT CAPTUR,5,E01016226,0,5
2024010535643,2024,010535643,2,9,0,99,99,9,9,99,99,9,9,99,9,99,1,9,6,6,3,-1,-1,1333,1,3,RENAULT CAPTUR,-1,-1,0,-1
2024451453898,2024,451453898,2,9,0,-1,19,1,3,-1,0,8,0,0,0,0,1,9,-1,6,2,34,6,1461,2,4,RENAULT CAPTUR,9,E01030644,0,1
2024552400479,2024,552400479,2,9,0,18,19,8,4,0,0,8,0,0,0,0,3,1,6,6,1,63,9,898,1,6,RENAULT CAPTUR,8,E01030900,0,5
2024201480140,2024,201480140,1,9,0,-1,4,6,2,-1,0,1,0,0,0,0,4,1,-1,2,2,51,8,898,1,5,RENAULT CAPTUR,1,E01010527,0,1
2024041475298,2024,041475298,1,9,0,-1,19,2,6,-1,0,8,5,0,7,1,1,1,-1,9,1,22,5,898,1,6,RENAULT CAPTUR,3,E01012644,0,1
2024041395193,2024,041395193,1,9,0,-1,19,1,5,-1,0,0,0,0,0,0,1,1,-1,1,1,60,9,1461,2,8,RENAULT CAPTUR,4,E01012725,0,3
2024010523725,2024,010523725,1,9,0,8,8,7,2,0,0,1,0,0,0,0,1,1,6,6,1,64,9,1598,8,0,RENAULT CAPTUR,9,E01000708,0,3
2024541036124,2024,541036124,1,9,0,5,5,3,7,0,0,4,0,0,0,0,1,1,6,6,2,78,11,999,1,3,RENAULT CAPTUR,9,E01032092,0,1