collision_index,collision_year,collision_ref_no,vehicle_reference,vehicle_type,towing_and_articulation,vehicle_manoeuvre_historic,vehicle_manoeuvre,vehicle_direction_from,vehicle_direction_to,vehicle_location_restricted_lane_historic,vehicle_location_restricted_lane,junction_location,skidding_and_overturning,hit_object_in_carriageway,vehicle_leaving_carriageway,hit_object_off_carriageway,first_point_of_impact,vehicle_left_hand_drive,journey_purpose_of_driver_historic,journey_purpose_of_driver,sex_of_driver,age_of_driver,age_band_of_driver,engine_capacity_cc,propulsion_code,age_of_vehicle,generic_make_model,driver_imd_decile,lsoa_of_driver,escooter_flag,driver_distance_banding
2024991536036,2024,991536036,1,9,0,-1,14,2,6,-1,0,0,5,4,0,0,4,1,-1,9,2,64,9,1333,1,5,RENAULT CAPTUR,6,-1,0,1
2024061454556,2024,061454556,2,9,0,-1,19,6,2,-1,0,8,0,0,0,0,1,2,-1,9,2,60,9,1461,2,7,RENAULT CAPTUR,-1,-1,0,-1
2024991431247,2024,991431247,2,9,0,-1,11,8,3,-1,0,0,0,0,0,0,3,1,-1,9,2,56,9,1333,1,3,RENAULT CAPTUR,4,-1,0,2
2024122400825,2024,122400825,1,9,0,7,7,3,5,0,0,6,0,0,0,0,1,1,2,2,1,36,7,999,1,8,SKODA CITIGO,8,E01013018,0,4
2024421448415,2024,421448415,2,9,0,-1,19,5,3,-1,0,2,0,0,0,0,1,1,-1,6,1,30,6,999,1,5,SKODA CITIGO,6,E01004451,0,2
2024461471156,2024,461471156,1,9,0,-1,99,1,5,-1,0,0,0,0,0,0,1,9,-1,6,2,57,9,999,1,6,SKODA CITIGO,8,E01033210,0,3
2024371525708,2024,371525708,1,9,0,-1,19,5,8,-1,0,8,1,0,0,0,3,1,-1,9,1,23,5,999,1,6,SKODA CITIGO,7,E01021671,0,3
2024122400738,2024,122400738,1,9,0,4,4,6,2,0,0,0,0,0,0,0,1,1,2,2,2,58,9,999,1,9,SKODA CITIGO,6,E01027570,0,1
2024471449852,2024,471449852,1,9,0,-1,19,3,7,-1,0,3,0,0,0,0,3,1,-1,9,2,26,6,999,1,10,SKODA CITIGO,6,E01031402,0,1
2024061520182,2024,061520182,1,9,0,-1,9,4,2,-1,9,2,0,0,3,11,1,1,-1,9,1,19,4,999,1,6,SKODA CITIGO,8,E01005642,0,1
2024041528760,2024,041528760,3,9,0,-1,19,3,7,-1,0,8,0,0,0,0,3,1,-1,6,1,82,11,999,1,11,SKODA CITIGO,3,E01025300,0,1
2024430177424,2024,430177424,1,9,0,18,19,6,2,0,0,0,0,0,0,0,4,1,6,6,2,74,10,999,1,6,SKODA CITIGO,10,E01016621,0,1
2024141472551,2024,141472551,1,9,0,-1,4,5,1,-1,0,0,0,0,0,0,2,1,-1,9,2,30,6,999,1,9,SKODA CITIGO,2,E01007965,0,2
2024031432665,2024,031432665,2,9,0,-1,19,2,7,-1,0,1,0,0,0,0,1,1,-1,6,2,41,7,999,1,7,SKODA CITIGO,1,E01019122,0,1
2024401432663,2024,401432663,2,9,0,-1,9,1,3,-1,0,0,0,0,1,0,3,1,-1,2,1,26,6,999,1,10,SKODA CITIGO,7,E01033828,0,1
2024401414501,2024,401414501,1,9,0,-1,19,1,5,-1,0,0,0,0,0,0,1,1,-1,1,1,24,5,999,1,10,SKODA CITIGO,4,E01017536,0,1
2024991423926,2024,991423926,1,9,0,-1,1,6,2,-1,5,0,0,0,0,0,2,1,-1,9,1,48,8,999,1,11,SKODA CITIGO,1,-1,0,1
2024471485494,2024,471485494,2,9,0,-1,19,2,6,-1,0,8,0,0,0,0,1,1,-1,6,1,49,8,999,1,6,SKODA CITIGO,7,E01021220,0,3
2024131485170,2024,131485170,1,9,0,-1,19,2,6,-1,0,0,0,0,0,0,1,1,-1,9,2,38,7,999,1,11,SKODA CITIGO,-1,-1,0,-1
2024010515170,2024,010515170,1,9,0,99,99,9,9,99,99,9,9,99,9,99,0,9,6,6,2,22,5,999,1,10,SKODA CITIGO,9,E01002417,0,1
2024351518630,2024,351518630,1,9,0,-1,4,2,6,-1,0,0,0,0,0,0,3,1,-1,6,2,32,6,999,1,11,SKODA CITIGO,10,E01035555,0,4
2024010513797,2024,010513797,2,9,0,99,99,9,9,99,99,0,9,99,9,99,9,9,6,6,3,71,10,999,1,8,SKODA CITIGO,3,E01003629,0,1
2024461478140,2024,461478140,2,9,0,-1,19,5,1,-1,0,1,0,0,0,0,4,1,-1,9,2,33,6,999,1,11,SKODA CITIGO,3,E01024508,0,1
2024302401071,2024,302401071,2,9,0,18,19,2,6,0,0,0,0,4,0,0,4,1,6,6,2,76,11,999,1,11,SKODA CITIGO,5,E01019439,0,1
2024332400865,2024,332400865,2,9,0,-1,19,4,8,-1,0,0,0,0,0,0,1,1,-1,9,2,76,11,999,1,8,SKODA CITIGO,9,E01031180,0,3
2024141492811,2024,141492811,2,9,0,-1,11,8,4,-1,0,0,0,0,0,0,1,9,-1,6,2,-1,-1,999,1,7,SKODA CITIGO,-1,-1,0,-1
2024430460550,2024,430460550,2,9,0,18,19,4,8,0,0,8,-1,0,0,0,4,1,6,6,2,61,9,999,1,11,SKODA CITIGO,7,E01016836,0,1
2024552400975,2024,552400975,1,9,0,9,9,3,1,0,0,8,0,0,0,0,0,1,6,6,1,80,11,999,1,8,SKODA CITIGO,6,E01020507,0,1
2024061410021,2024,061410021,1,9,0,-1,19,5,1,-1,0,8,0,0,0,0,1,1,-1,6,1,44,7,999,1,9,SKODA CITIGO,1,E01005430,0,1
2024111412382,2024,111412382,2,9,0,-1,19,1,5,-1,0,1,1,0,1,0,3,1,-1,2,2,20,4,999,1,5,SKODA CITIGO,3,E01020831,0,1
2024061427415,2024,061427415,1,9,0,-1,19,7,3,-1,0,4,0,11,0,0,1,1,-1,2,1,60,9,999,1,11,SKODA CITIGO,-1,-1,0,-1
2024545625724,2024,545625724,2,9,0,18,19,3,7,0,0,8,0,0,0,0,1,1,6,6,2,40,7,999,1,6,SKODA CITIGO,5,E01032063,0,2
2024471500754,2024,471500754,1,9,0,-1,19,8,4,-1,0,0,0,0,0,0,1,1,-1,6,1,62,9,999,1,10,SKODA CITIGO,2,E01020990,0,2
2024471439042,2024,471439042,2,9,0,-1,19,6,2,-1,0,4,0,0,0,0,1,1,-1,6,2,82,11,999,1,9,SKODA CITIGO,8,E01031634,0,2
2024101414694,2024,101414694,2,9,0,-1,3,1,7,-1,0,1,0,0,0,0,1,1,-1,6,2,65,9,999,1,8,SKODA CITIGO,3,E01008251,0,1
2024401427547,2024,401427547,5,9,0,-1,19,8,4,-1,0,1,0,0,0,0,1,1,-1,6,2,45,7,999,1,5,SKODA CITIGO,5,E01015700,0,1
2024161501555,2024,161501555,3,9,0,-1,2,0,0,-1,0,8,0,0,0,0,2,1,-1,6,-1,-1,-1,999,1,10,SKODA CITIGO,-1,-1,0,-1
2024332400712,2024,332400712,1,9,0,-1,19,4,8,-1,0,8,0,0,0,0,1,1,-1,9,1,28,6,999,1,12,SKODA CITIGO,7,E01013666,0,1
2024361458925,2024,361458925,1,9,0,-1,9,5,5,-1,0,5,0,0,0,0,1,1,-1,9,2,89,11,999,1,9,SKODA CITIGO,7,E01026910,0,1
2024320543205,2024,320543205,2,9,0,-1,-1,3,7,0,0,8,0,0,0,0,3,1,-1,-1,2,55,8,999,1,7,SKODA CITIGO,7,E01032989,0,3
2024421489533,2024,421489533,1,9,0,-1,15,7,3,-1,0,0,0,4,0,0,1,1,-1,9,2,94,11,999,1,10,SKODA CITIGO,9,E01015894,0,1
2024622400835,2024,622400835,1,9,0,9,9,6,4,0,0,8,0,0,0,0,4,1,2,2,2,47,8,999,1,5,SKODA CITIGO,3,W01001767,0,1
2024430578540,2024,430578540,1,9,0,18,19,3,7,0,0,0,0,0,0,0,1,1,6,6,2,70,10,999,1,9,SKODA CITIGO,8,E01017770,0,1
2024010522092,2024,010522092,1,9,9,99,99,9,9,99,99,0,9,99,9,99,3,1,2,2,1,22,5,999,1,11,SKODA CITIGO,6,E01000284,0,2
2024122400301,2024,122400301,1,9,0,9,9,1,7,0,0,1,0,0,0,0,1,1,6,6,2,62,9,999,1,6,SKODA CITIGO,9,E01027882,0,1
2024041421764,2024,041421764,2,9,0,-1,19,1,5,-1,0,0,0,0,0,0,1,1,-1,9,1,81,11,999,1,10,SKODA CITIGO,1,E01025184,0,1
2024101437156,2024,101437156,1,9,0,-1,5,7,3,-1,0,1,0,0,0,0,1,1,-1,9,2,69,10,999,1,6,SKODA CITIGO,10,E01027410,0,1
2024471514119,2024,471514119,3,9,0,-1,19,1,5,-1,0,0,0,0,1,1,1,1,-1,6,2,55,8,999,1,9,SKODA CITIGO,6,E01031464,0,4
2024031453068,2024,031453068,1,9,0,-1,1,0,0,-1,0,0,0,0,0,0,0,1,-1,9,2,79,11,999,1,11,SKODA CITIGO,-1,-1,0,-1
2024531505013,2024,531505013,2,9,0,-1,19,5,1,-1,0,8,0,0,0,0,1,1,-1,9,2,75,10,999,1,9,SKODA CITIGO,6,E01022410,0,2
2024451488724,2024,451488724,1,9,0,-1,9,1,7,-1,0,6,0,0,0,0,4,1,-1,9,2,68,10,999,1,5,SKODA CITIGO,5,E01030814,0,1
2024461479441,2024,461479441,2,9,0,-1,19,1,5,-1,0,3,0,0,0,0,3,1,-1,9,1,20,4,999,1,8,SKODA CITIGO,3,E01035289,0,1
2024622400367,2024,622400367,1,9,0,18,19,4,8,0,0,0,0,0,0,0,1,1,6,6,2,70,10,999,1,10,SKODA CITIGO,1,W01001202,0,1
2024010526998,2024,010526998,1,9,0,18,19,5,1,0,0,8,0,0,1,0,1,1,2,2,2,27,6,999,1,8,SKODA CITIGO,8,E01017627,0,4
2024320489035,2024,320489035,2,9,0,-1,-1,2,6,0,0,8,2,0,0,0,4,1,-1,-1,1,66,10,999,1,9,SKODA CITIGO,7,E01026145,0,4
2024201518811,2024,201518811,3,9,0,-1,2,0,0,-1,0,0,0,0,0,0,3,9,-1,6,-1,-1,-1,999,1,11,SKODA CITIGO,-1,-1,0,-1
2024401435145,2024,401435145,1,9,0,-1,19,8,4,-1,0,1,2,0,3,9,1,1,-1,6,1,18,4,999,1,8,SKODA CITIGO,9,E01023748,0,4
2024430580178,2024,430580178,1,9,0,18,19,4,8,0,0,0,0,0,0,0,1,1,6,6,1,27,6,999,1,10,SKODA CITIGO,-1,-1,0,-1
2024411439797,2024,411439797,2,9,0,-1,4,-1,-1,-1,0,4,0,0,0,0,2,9,-1,2,1,21,5,999,1,11,SKODA CITIGO,4,E01023738,0,3
2024052402234,2024,052402234,4,9,0,18,19,6,2,0,0,1,0,0,0,0,1,1,6,6,2,64,9,999,1,9,SKODA CITIGO,3,E01006534,0,1
2024991522485,2024,991522485,1,9,0,-1,5,8,3,-1,0,4,0,0,0,0,2,1,-1,2,1,37,7,999,1,8,SKODA CITIGO,8,-1,0,2
2024010507389,2024,010507389,1,9,0,5,5,0,7,0,0,0,0,0,0,0,0,1,6,6,1,59,9,999,1,9,SKODA CITIGO,5,E01004641,0,1
2024351404772,2024,351404772,1,9,0,-1,19,5,1,-1,0,0,0,0,1,0,1,9,-1,9,1,62,9,999,1,7,SKODA CITIGO,6,E01018036,0,2
2024411540843,2024,411540843,1,9,-1,-1,-1,-1,-1,-1,0,-1,0,0,0,0,1,1,-1,6,2,21,5,999,1,10,SKODA CITIGO,8,E01023383,0,1
2024010532941,2024,010532941,1,9,0,18,19,9,9,99,99,9,9,99,9,99,4,9,6,6,1,52,8,999,1,11,SKODA CITIGO,9,E01002450,0,1
2024061461463,2024,061461463,1,9,0,-1,3,-1,-1,-1,99,0,0,0,0,0,2,1,-1,9,2,20,4,999,1,6,SKODA CITIGO,2,E01006439,0,3
2024070499270,2024,070499270,2,9,0,18,19,3,3,0,0,1,0,0,0,0,1,1,6,6,2,31,6,999,1,7,SKODA CITIGO,-1,-1,0,-1
2024201524482,2024,201524482,2,9,0,-1,3,1,1,-1,0,0,0,0,0,0,2,1,-1,9,2,59,9,999,1,8,SKODA CITIGO,2,E01008953,0,1
2024991478636,2024,991478636,5,9,0,-1,2,2,6,-1,0,1,0,4,0,0,2,1,-1,6,-1,-1,-1,999,1,12,SKODA CITIGO,-1,-1,0,-1
2024501443295,2024,501443295,3,9,0,-1,2,0,0,-1,0,0,0,0,0,0,2,1,-1,6,-1,-1,-1,999,1,9,SKODA CITIGO,-1,-1,0,-1
2024430209206,2024,430209206,1,9,0,4,4,5,1,0,0,0,0,0,0,0,1,1,2,2,2,56,9,999,1,11,SKODA CITIGO,7,E01027262,0,4
2024520403271,2024,520403271,2,9,0,18,19,4,8,0,0,1,0,0,0,0,3,1,6,6,2,20,4,999,1,5,SKODA CITIGO,7,E01029063,0,1
2024070475770,2024,070475770,1,9,0,18,19,8,4,0,0,1,0,0,0,0,1,2,6,6,2,67,10,999,1,8,SKODA CITIGO,9,E01012392,0,1
2024421473215,2024,421473215,1,9,0,-1,19,6,2,-1,0,0,0,0,0,0,1,1,-1,9,2,20,4,999,1,9,SKODA CITIGO,10,E01021615,0,4
2024101520653,2024,101520653,1,9,0,-1,7,8,6,-1,0,8,0,0,0,0,3,1,-1,1,1,63,9,999,1,11,SKODA CITIGO,-1,-1,0,-1
2024471549714,2024,471549714,3,9,0,-1,2,0,0,-1,0,0,0,0,0,0,3,1,-1,6,-1,-1,-1,999,1,7,SKODA CITIGO,-1,-1,0,-1
2024340WN3212,2024,340WN3212,2,9,0,-1,5,5,1,-1,0,6,0,0,0,0,3,1,-1,9,1,24,5,999,1,8,SKODA CITIGO,8,E01027160,0,1
2024010542604,2024,010542604,1,9,0,9,9,6,4,0,0,2,0,0,1,0,1,1,6,6,1,41,7,999,1,9,SKODA CITIGO,2,E01000289,0,1
2024061493642,2024,061493642,2,9,0,-1,9,8,6,-1,0,4,0,0,0,0,4,1,-1,7,2,47,8,999,1,6,SKODA CITIGO,1,E01004987,0,1
2024201466686,2024,201466686,1,9,0,-1,19,4,8,-1,0,0,0,0,0,0,1,9,-1,6,2,17,4,999,1,6,SKODA CITIGO,8,E01031324,0,3
2024361468413,2024,361468413,1,9,0,-1,19,6,2,-1,0,0,0,0,0,0,4,1,-1,1,2,37,7,999,1,8,SKODA CITIGO,3,E01026861,0,1
2024302401706,2024,302401706,4,9,0,-1,19,8,4,-1,0,1,0,0,0,0,1,1,-1,6,2,56,9,999,1,12,SKODA CITIGO,1,E01007919,0,3
2024070314728,2024,070314728,1,9,0,4,4,1,5,0,0,0,0,0,0,0,1,1,6,6,2,-1,-1,999,1,6,SKODA CITIGO,3,E01018461,0,1
2024231465211,2024,231465211,2,9,0,-1,19,5,1,-1,0,8,0,0,7,0,4,9,-1,9,2,78,11,999,1,10,SKODA CITIGO,10,E01031298,0,1
2024411440705,2024,411440705,1,9,-1,-1,-1,-1,-1,-1,-1,0,-1,-1,-1,0,-1,9,-1,9,2,-1,-1,999,1,9,SKODA CITIGO,6,E01023913,0,3
2024231421894,2024,231421894,2,9,0,-1,19,3,7,-1,0,8,0,0,0,0,1,1,-1,6,1,64,9,999,1,5,SKODA CITIGO,9,E01031328,0,1
2024141432908,2024,141432908,1,9,0,-1,12,7,3,-1,0,0,0,0,0,0,2,1,-1,9,1,25,5,999,1,7,SKODA CITIGO,1,E01008103,0,1
2024161528343,2024,161528343,2,9,0,-1,19,2,6,-1,0,1,0,0,0,0,2,1,-1,6,2,63,9,999,1,12,SKODA CITIGO,8,E01013154,0,2
2024221463511,2024,221463511,1,9,0,-1,19,4,8,-1,0,0,1,0,1,10,3,9,-1,6,1,83,11,999,1,8,SKODA CITIGO,4,E01028836,0,1
2024451502687,2024,451502687,2,9,0,-1,19,3,7,-1,0,0,0,0,0,0,1,1,-1,2,1,48,8,999,1,5,SKODA CITIGO,8,E01031766,0,3
2024440145643,2024,440145643,2,9,0,4,4,6,2,0,0,0,0,0,0,0,2,1,6,6,2,18,4,999,1,6,SKODA CITIGO,10,E01022688,0,1
2024991436508,2024,991436508,2,9,0,-1,10,1,7,-1,0,1,0,0,0,0,2,1,-1,9,1,26,6,999,1,11,SKODA CITIGO,2,-1,0,2
2024461461107,2024,461461107,1,9,0,-1,19,5,1,-1,0,0,0,0,0,0,4,1,-1,9,1,69,10,999,1,8,SKODA CITIGO,8,E01016106,0,1
2024451492320,2024,451492320,2,9,0,-1,19,5,1,-1,0,0,0,0,0,0,1,1,-1,2,2,18,4,999,1,6,SKODA CITIGO,8,E01030909,0,3
2024430198864,2024,430198864,3,9,0,2,2,0,0,0,0,2,0,0,0,0,3,1,6,6,2,-1,-1,999,1,12,SKODA CITIGO,10,E01028606,0,1
2024631448538,2024,631448538,1,9,0,-1,4,5,1,-1,0,0,0,0,0,0,1,1,-1,6,2,61,9,999,1,8,SKODA CITIGO,5,W01000728,0,3
2024351477752,2024,351477752,1,9,0,-1,19,5,1,-1,0,0,0,0,0,0,1,1,-1,6,1,33,6,999,1,5,SKODA CITIGO,10,E01035405,0,4
2024440363672,2024,440363672,1,9,0,14,14,1,5,0,0,0,0,0,0,0,3,1,6,6,1,21,5,999,1,6,SKODA CITIGO,-1,-1,0,-1
2024320305746,2024,320305746,6,9,0,2,2,0,0,0,0,0,0,0,0,0,2,1,6,6,3,-1,-1,999,1,7,SKODA CITIGO,-1,-1,0,-1
2024010549454,2024,010549454,1,9,0,12,12,3,7,0,0,0,0,0,0,0,1,1,2,2,1,28,6,999,1,8,SKODA CITIGO,7,E01004354,0,3
2024320494126,2024,320494126,1,9,0,-1,-1,4,8,0,0,1,0,0,0,0,1,1,-1,-1,1,18,4,999,1,5,SKODA CITIGO,7,E01026051,0,4
202417L402324,2024,17L402324,1,9,0,18,19,2,6,0,0,1,0,0,0,0,1,1,6,6,2,26,6,999,1,9,SKODA CITIGO,5,E01012164,0,1
2024501510970,2024,501510970,2,9,0,-1,5,1,5,-1,0,6,2,0,3,10,3,1,-1,1,1,69,10,999,1,12,SKODA CITIGO,4,E01018760,0,2
2024201437124,2024,201437124,1,9,0,-1,19,8,4,-1,0,1,0,0,0,0,0,1,-1,6,2,50,8,999,1,8,SKODA CITIGO,-1,-1,0,-1
2024141510562,2024,141510562,1,9,0,-1,19,6,2,-1,0,0,0,0,0,0,1,1,-1,9,1,23,5,999,1,7,SKODA CITIGO,9,E01007419,0,1
2024991495602,2024,991495602,2,9,0,-1,2,0,0,-1,9,0,0,0,0,0,2,1,-1,6,-1,-1,-1,999,1,10,SKODA CITIGO,-1,-1,0,-1
2024101454405,2024,101454405,1,9,0,-1,19,2,6,-1,0,4,0,0,0,0,1,1,-1,6,1,71,10,999,1,7,SKODA CITIGO,3,E01008318,0,1
2024440209535,2024,440209535,1,9,0,9,9,7,5,0,0,8,0,0,0,0,3,1,6,6,1,56,9,999,1,11,SKODA CITIGO,6,E01017354,0,2
2024311447989,2024,311447989,2,9,0,-1,2,0,0,-1,0,0,0,0,0,0,4,1,-1,9,1,34,6,999,1,11,SKODA CITIGO,2,E01028299,0,1
2024101429660,2024,101429660,1,9,0,-1,19,1,5,-1,0,0,0,0,0,0,1,1,-1,6,1,18,4,999,1,11,SKODA CITIGO,1,E01008302,0,1
2024010525228,2024,010525228,1,9,0,17,19,8,4,0,0,1,0,10,2,2,1,1,6,6,2,85,11,999,1,11,SKODA CITIGO,9,E01004606,0,1
2024052401349,2024,052401349,1,9,0,1,1,7,3,0,0,0,0,0,0,0,2,1,6,6,1,52,8,999,1,9,SKODA CITIGO,1,E01006678,0,1
2024122500076,2024,122500076,1,9,0,14,14,6,8,0,0,2,0,4,0,0,4,1,6,6,2,36,7,999,1,8,SKODA CITIGO,7,E01013345,0,1
2024501437486,2024,501437486,2,9,0,-1,2,0,0,-1,0,1,0,10,0,0,2,1,-1,6,-1,-1,-1,999,1,8,SKODA CITIGO,-1,-1,0,-1
2024111446122,2024,111446122,2,9,0,-1,9,2,8,-1,0,3,0,0,0,0,3,9,-1,2,1,62,9,999,1,9,SKODA CITIGO,5,E01020676,0,3
2024052402311,2024,052402311,1,9,0,18,19,7,3,0,0,8,0,0,0,0,1,1,6,6,1,30,6,999,1,12,SKODA CITIGO,5,E01006576,0,1
2024520401603,2024,520401603,1,9,0,9,9,6,4,0,0,8,0,0,0,0,1,1,2,2,2,35,6,999,1,11,SKODA CITIGO,7,E01029056,0,1
2024131533039,2024,131533039,2,9,0,-1,19,7,7,-1,0,8,0,0,0,0,1,1,-1,9,1,42,7,999,1,7,SKODA CITIGO,6,E01035048,0,1
2024221397587,2024,221397587,1,9,0,-1,4,4,2,-1,0,1,0,0,0,0,1,1,-1,6,2,28,6,999,1,8,SKODA CITIGO,2,E01032235,0,1
2024070657239,2024,070657239,1,9,0,9,9,5,3,0,0,1,0,0,0,0,1,1,6,6,2,30,6,999,1,6,SKODA CITIGO,1,E01005088,0,4
2024131470487,2024,131470487,1,9,0,-1,19,5,1,-1,0,0,0,0,0,0,1,1,-1,9,1,81,11,999,1,6,SKODA CITIGO,10,E01011196,0,1
2024531458834,2024,531458834,2,9,0,-1,19,5,1,-1,0,1,0,0,0,0,1,1,-1,6,2,77,11,999,1,9,SKODA CITIGO,9,E01028822,0,3
2024622400201,2024,622400201,1,9,0,17,19,5,2,0,0,0,0,0,0,0,4,1,6,6,1,54,8,999,1,7,SKODA CITIGO,6,W01001195,0,1
2024361424189,2024,361424189,2,9,0,-1,3,5,1,-1,0,8,0,0,0,0,2,9,-1,9,1,48,8,999,1,9,SKODA CITIGO,1,E01026635,0,1
2024501465058,2024,501465058,1,9,0,-1,9,3,1,-1,0,2,1,0,0,0,1,1,-1,9,2,70,10,-1,3,4,SKODA CITIGO,6,E01019026,0,3
2024451396142,2024,451396142,2,9,0,-1,19,1,5,-1,0,1,0,0,0,0,1,1,-1,9,1,68,10,999,1,11,SKODA CITIGO,6,E01030896,0,1
2024131424347,2024,131424347,1,9,0,-1,19,1,5,-1,0,8,0,0,0,0,1,1,-1,2,2,62,9,999,1,8,SKODA CITIGO,9,E01010681,0,1
2024311527845,2024,311527845,2,9,0,-1,5,8,4,-1,0,1,0,0,0,0,1,1,-1,9,1,45,7,999,1,10,SKODA CITIGO,9,E01028398,0,1
2024522402565,2024,522402565,1,9,0,13,13,6,2,0,0,0,5,0,0,0,3,1,6,6,1,18,4,999,1,11,SKODA CITIGO,9,E01014765,0,1
202454F218324,2024,54F218324,2,9,0,7,7,2,4,0,0,8,0,0,0,0,3,1,6,6,2,21,5,999,1,10,SKODA CITIGO,6,E01034539,0,1
2024302400689,2024,302400689,2,9,0,18,19,3,7,0,0,0,0,0,0,0,3,1,2,2,1,21,5,999,1,8,SKODA CITIGO,10,E01029757,0,4
2024010499619,2024,010499619,2,9,0,18,19,1,5,0,0,1,0,0,0,0,1,1,6,6,3,-1,-1,999,1,11,SKODA CITIGO,-1,-1,0,-1
2024010554019,2024,010554019,1,9,0,18,19,6,2,0,0,1,0,0,0,0,1,1,2,2,1,26,6,999,1,11,SKODA CITIGO,-1,-1,0,-1
2024461422316,2024,461422316,1,9,0,-1,19,1,5,-1,0,0,0,0,0,0,1,9,-1,6,1,47,8,999,1,6,SKODA CITIGO,6,E01035281,0,1
2024101486007,2024,101486007,1,9,0,-1,19,6,2,-1,0,0,0,0,0,0,4,1,-1,9,2,85,11,999,1,12,SKODA CITIGO,9,E01008493,0,4
2024052401037,2024,052401037,1,9,0,18,19,2,6,0,0,1,0,0,0,0,1,1,6,6,2,41,7,999,1,8,SKODA CITIGO,3,E01012523,0,4
2024430264801,2024,430264801,2,9,0,18,19,6,2,0,0,3,0,0,0,0,1,1,6,6,1,-1,-1,999,1,5,SKODA CITIGO,-1,-1,0,-1
2024010511610,2024,010511610,1,11,0,9,9,5,3,0,0,1,0,0,0,0,3,1,6,6,1,60,9,-1,3,1,-1,7,E01034153,0,2
2024010538913,2024,010538913,1,11,0,4,4,7,3,0,0,4,0,0,0,0,1,1,1,1,1,69,10,-1,3,0,-1,3,E01003623,0,2
2024010533542,2024,010533542,1,11,0,18,19,5,1,0,0,2,0,0,0,0,1,1,1,1,1,25,5,-1,3,2,-1,3,E01002243,0,4
2024010545019,2024,010545019,2,11,0,2,2,0,0,0,0,0,0,0,0,0,3,1,6,6,3,-1,-1,-1,3,2,-1,-1,-1,0,-1
2024010518246,2024,010518246,1,11,0,4,4,1,5,0,0,1,0,0,0,0,2,1,1,1,1,72,10,-1,3,0,-1,10,E01003780,0,1
2024501491416,2024,501491416,2,9,0,-1,19,6,2,-1,0,1,0,0,0,0,1,1,-1,6,2,52,8,1798,8,7,TOYOTA C-HR,9,E01029310,0,3
2024131400788,2024,131400788,1,9,0,-1,19,5,5,-1,0,8,0,0,0,0,3,1,-1,9,2,51,8,1798,8,6,TOYOTA C-HR,6,E01010644,0,4
2024010531114,2024,010531114,1,9,0,4,4,1,5,0,0,0,0,0,0,0,2,1,6,6,1,43,7,1197,1,5,TOYOTA C-HR,2,E01001849,0,1
2024010499550,2024,010499550,1,9,0,3,3,4,8,0,0,0,0,0,0,0,2,1,2,2,2,43,7,1798,8,5,TOYOTA C-HR,2,E01004570,0,1
2024991410042,2024,991410042,1,8,0,-1,5,6,3,-1,0,0,0,0,1,0,3,1,-1,9,1,41,7,1798,8,1,TOYOTA C-HR,-1,-1,0,-1
2024221491560,2024,221491560,1,9,0,-1,19,6,2,-1,0,0,0,0,0,0,1,9,-1,6,1,23,5,1798,8,5,TOYOTA C-HR,2,E01032435,0,1
2024010527721,2024,010527721,2,9,0,99,99,9,9,99,99,9,9,99,9,99,1,9,6,6,3,-1,-1,1798,8,5,TOYOTA C-HR,-1,-1,0,-1
2024010538275,2024,010538275,1,9,0,99,99,9,9,99,99,0,9,99,9,99,9,9,6,6,1,41,7,1798,8,2,TOYOTA C-HR,3,E01002370,0,1
2024411517799,2024,411517799,2,9,0,-1,9,6,4,-1,0,6,5,0,0,0,2,1,-1,6,1,19,4,1798,8,7,TOYOTA C-HR,5,E01023806,0,1
2024010519313,2024,010519313,1,9,0,18,19,3,7,0,0,0,0,0,0,0,3,1,6,6,3,-1,-1,1987,8,1,TOYOTA C-HR,-1,-1,0,-1
2024201467278,2024,201467278,1,8,0,-1,5,5,1,-1,0,0,0,0,0,0,1,1,-1,1,1,35,6,1798,8,7,TOYOTA C-HR,1,E01025215,0,5
2024010527234,2024,010527234,2,9,0,18,19,7,3,0,0,0,0,0,0,0,1,1,1,1,1,61,9,1798,8,4,TOYOTA C-HR,2,E01004321,0,1
2024451538159,2024,451538159,1,9,0,-1,19,1,5,-1,9,0,1,0,1,4,1,1,-1,6,1,34,6,1798,8,2,TOYOTA C-HR,5,E01030814,0,1
2024101453480,2024,101453480,2,9,0,-1,3,2,6,-1,0,1,0,0,0,0,2,1,-1,9,1,41,7,1197,1,6,TOYOTA C-HR,8,E01008531,0,2
2024201527386,2024,201527386,2,9,0,-1,19,8,4,-1,0,0,0,0,0,0,1,1,-1,6,2,37,7,1798,8,3,TOYOTA C-HR,1,E01009347,0,1
2024010533417,2024,010533417,1,9,0,18,19,5,1,0,0,6,0,0,0,0,1,1,6,6,1,45,7,1798,8,2,TOYOTA C-HR,3,E01031559,0,4
2024522402366,2024,522402366,1,9,0,3,3,8,4,0,0,0,0,0,0,0,2,1,6,6,2,38,7,1798,8,3,TOYOTA C-HR,2,E01009890,0,5
2024010551450,2024,010551450,1,9,0,6,6,3,3,8,6,6,0,0,0,0,1,1,6,6,1,23,5,1798,8,4,TOYOTA C-HR,3,E01034003,0,5