collision_index,collision_year,collision_ref_no,vehicle_reference,vehicle_type,towing_and_articulation,vehicle_manoeuvre_historic,vehicle_manoeuvre,vehicle_direction_from,vehicle_direction_to,vehicle_location_restricted_lane_historic,vehicle_location_restricted_lane,junction_location,skidding_and_overturning,hit_object_in_carriageway,vehicle_leaving_carriageway,hit_object_off_carriageway,first_point_of_impact,vehicle_left_hand_drive,journey_purpose_of_driver_historic,journey_purpose_of_driver,sex_of_driver,age_of_driver,age_band_of_driver,engine_capacity_cc,propulsion_code,age_of_vehicle,generic_make_model,driver_imd_decile,lsoa_of_driver,escooter_flag,driver_distance_banding
2024010531848,2024,010531848,1,9,0,2,2,1,5,0,0,2,0,0,0,0,3,1,3,7,2,59,9,1197,1,6,TOYOTA C-HR,6,E01000847,0,1
2024991491818,2024,991491818,2,9,0,-1,9,3,1,-1,0,8,0,0,0,0,0,1,-1,6,2,43,7,1798,8,6,TOYOTA C-HR,5,-1,0,1
2024991537070,2024,991537070,2,9,0,-1,19,5,1,-1,0,1,0,0,0,0,3,1,-1,9,2,46,8,1798,8,1,TOYOTA C-HR,6,-1,0,1
2024302400453,2024,302400453,1,9,0,9,9,2,8,0,0,8,0,0,0,0,4,1,2,2,2,46,8,1798,8,4,TOYOTA C-HR,2,E01007812,0,3
2024461501326,2024,461501326,1,9,0,-1,19,6,2,-1,0,0,0,0,7,0,1,1,-1,2,1,44,7,1798,8,6,TOYOTA C-HR,5,E01024164,0,4
2024201537455,2024,201537455,1,9,0,-1,19,3,7,-1,0,0,0,10,1,0,1,1,-1,6,2,60,9,1197,1,5,TOYOTA C-HR,5,E01029670,0,4
2024101479277,2024,101479277,1,9,0,-1,19,1,5,-1,0,0,0,0,0,0,1,1,-1,9,2,74,10,1798,8,1,TOYOTA C-HR,1,E01008590,0,1
2024451495231,2024,451495231,2,9,0,-1,3,6,2,-1,0,1,0,0,0,0,2,1,-1,2,1,53,8,1798,8,4,TOYOTA C-HR,9,E01030313,0,2
2024211448866,2024,211448866,1,9,0,-1,19,4,8,-1,0,1,0,0,0,0,4,1,-1,2,2,29,6,1987,8,1,TOYOTA C-HR,5,E01029802,0,1
2024610001524,2024,610001524,1,9,0,3,3,8,4,0,0,0,0,0,0,0,2,1,1,1,2,42,7,1197,1,6,TOYOTA C-HR,3,W01001408,0,1
2024061530994,2024,061530994,5,9,0,-1,4,8,4,-1,0,4,0,0,0,0,4,1,-1,9,2,70,10,1798,8,2,TOYOTA C-HR,7,E01005983,0,1
2024010541325,2024,010541325,1,9,0,1,1,5,1,0,0,2,0,0,0,0,3,1,1,1,2,61,9,1798,8,0,TOYOTA C-HR,4,E01003603,0,2
2024411492356,2024,411492356,1,9,0,-1,4,1,5,-1,0,2,0,0,0,0,4,1,-1,6,1,45,7,1798,8,5,TOYOTA C-HR,3,E01023573,0,1
2024010550601,2024,010550601,2,9,0,18,19,3,7,0,0,3,0,0,0,0,9,1,6,6,3,-1,-1,1987,8,1,TOYOTA C-HR,-1,-1,0,-1
2024010493512,2024,010493512,2,9,0,9,9,1,7,0,0,6,0,0,0,0,1,2,6,6,1,29,6,1798,8,5,TOYOTA C-HR,2,E01000052,0,3
2024161485778,2024,161485778,1,9,0,-1,19,3,3,-1,9,0,0,0,0,0,1,1,-1,9,2,67,10,1798,8,1,TOYOTA C-HR,3,E01034752,0,1
2024991491051,2024,991491051,1,9,0,-1,19,8,4,-1,0,1,0,0,0,0,1,1,-1,2,2,55,8,1798,8,4,TOYOTA C-HR,4,-1,0,1
2024401539669,2024,401539669,2,9,0,-1,19,3,7,-1,0,0,0,0,0,0,2,1,-1,6,2,42,7,1798,8,2,TOYOTA C-HR,7,E01015709,0,3
2024501456297,2024,501456297,4,9,0,-1,2,0,0,-1,1,0,0,0,0,0,2,1,-1,6,-1,-1,-1,1798,8,6,TOYOTA C-HR,-1,-1,0,-1
2024421420871,2024,421420871,1,9,0,-1,9,0,1,-1,0,6,0,0,0,0,1,1,-1,9,2,38,7,1798,8,7,TOYOTA C-HR,7,E01021553,0,1
2024101470391,2024,101470391,2,9,0,-1,19,5,7,-1,0,0,0,0,0,0,3,1,-1,9,2,57,9,1197,1,7,TOYOTA C-HR,10,E01027520,0,1
2024201533178,2024,201533178,1,9,0,-1,19,3,7,-1,0,0,0,4,0,0,1,1,-1,9,1,53,8,1798,8,7,TOYOTA C-HR,1,E01009412,0,2
2024351536932,2024,351536932,2,9,0,-1,4,7,3,-1,0,0,0,0,0,0,2,1,-1,6,2,24,5,1798,8,1,TOYOTA C-HR,3,E01035551,0,2
2024471511756,2024,471511756,1,9,0,-1,19,3,7,-1,0,0,0,0,1,0,3,1,-1,9,1,91,11,1798,8,1,TOYOTA C-HR,9,E01021175,0,1
2024010514859,2024,010514859,1,9,0,99,99,9,9,99,99,9,9,99,9,99,1,9,6,6,2,29,6,1798,8,7,TOYOTA C-HR,6,E01001184,0,1
2024231414900,2024,231414900,1,9,0,-1,19,3,7,-1,0,0,0,0,0,0,3,1,-1,6,2,51,8,1798,8,6,TOYOTA C-HR,3,E01010178,0,4
2024010549077,2024,010549077,1,9,0,18,19,5,1,0,0,1,0,10,0,0,1,1,1,1,1,46,8,1798,8,2,TOYOTA C-HR,2,E01000042,0,1
2024401486294,2024,401486294,1,9,0,-1,2,3,7,-1,0,1,0,0,0,0,2,1,-1,9,2,59,9,1798,8,1,TOYOTA C-HR,3,E01015781,0,1
2024010540099,2024,010540099,1,9,0,17,19,2,1,0,0,5,0,4,0,0,1,1,6,6,1,23,5,1798,8,4,TOYOTA C-HR,-1,-1,0,-1
2024010542400,2024,010542400,1,9,0,9,9,3,1,0,0,8,0,0,0,0,1,1,6,6,1,56,9,1798,8,7,TOYOTA C-HR,6,E01001525,0,1
2024061529419,2024,061529419,1,9,0,-1,19,7,3,-1,0,0,0,0,4,6,4,1,-1,9,2,37,7,1798,8,4,TOYOTA C-HR,1,E01005703,0,1
2024141463631,2024,141463631,2,9,0,-1,7,3,5,-1,0,1,0,0,0,0,4,9,-1,6,1,-1,-1,1798,8,4,TOYOTA C-HR,3,E01007907,0,1
2024332401027,2024,332401027,2,9,0,-1,9,3,1,-1,0,6,0,0,0,0,1,1,-1,6,3,-1,-1,1798,8,4,TOYOTA C-HR,-1,-1,0,-1
2024101455487,2024,101455487,2,9,0,-1,19,1,5,-1,0,0,1,0,0,0,3,1,-1,6,2,51,8,1798,8,4,TOYOTA C-HR,4,E01027498,0,2
2024451483187,2024,451483187,3,9,0,-1,4,4,8,-1,0,1,0,0,0,0,2,1,-1,2,1,50,8,1798,8,1,TOYOTA C-HR,9,E01030712,0,1
2024010541453,2024,010541453,1,9,3,99,99,9,9,99,99,9,9,99,9,99,9,9,6,6,3,-1,-1,1798,8,6,TOYOTA C-HR,9,E01017582,0,4
2024211417853,2024,211417853,2,9,4,-1,19,2,6,-1,0,0,0,0,0,0,1,1,-1,1,2,57,9,1798,8,5,TOYOTA C-HR,7,E01029396,0,2
2024340NN1502,2024,340NN1502,2,9,0,-1,19,3,7,-1,0,3,0,0,4,1,4,1,-1,9,2,56,9,1798,8,2,TOYOTA C-HR,7,E01035395,0,1
2024201456929,2024,201456929,1,9,0,-1,19,4,8,-1,0,0,0,4,0,0,4,2,-1,9,2,21,5,1197,1,6,TOYOTA C-HR,2,E01010474,0,1
2024061414467,2024,061414467,2,9,-1,-1,-1,-1,-1,-1,-1,0,-1,-1,-1,0,-1,9,-1,6,2,31,6,1798,8,2,TOYOTA C-HR,5,E01005268,0,1
2024010513775,2024,010513775,2,9,0,18,19,4,8,0,0,1,0,0,0,0,1,1,6,6,3,24,5,1987,8,3,TOYOTA C-HR,5,E01034427,0,4
2024010524294,2024,010524294,2,9,0,3,3,1,5,0,0,0,0,0,0,0,2,1,6,6,1,41,7,1798,8,7,TOYOTA C-HR,-1,-1,0,-1
202417S108224,2024,17S108224,2,9,0,-1,19,8,4,-1,0,0,0,0,0,0,2,1,-1,9,1,72,10,1798,8,3,TOYOTA C-HR,2,E01012248,0,1
2024010543248,2024,010543248,1,9,0,9,9,3,1,0,0,1,0,0,0,0,1,1,1,1,2,48,8,1798,8,5,TOYOTA C-HR,4,E01034369,0,4
2024221524231,2024,221524231,2,9,0,-1,4,1,5,-1,0,0,0,0,0,0,2,9,-1,6,2,56,9,1798,8,6,TOYOTA C-HR,8,E01028883,0,4
2024061487703,2024,061487703,2,9,0,-1,19,-1,-1,-1,0,9,0,0,0,0,1,1,-1,6,3,-1,-1,1798,8,3,TOYOTA C-HR,-1,-1,0,-1
2024010520285,2024,010520285,2,9,0,9,9,2,8,0,0,2,0,0,0,0,1,1,6,6,2,51,8,1798,8,6,TOYOTA C-HR,3,E01003237,0,1
2024122500086,2024,122500086,1,9,0,5,5,8,6,0,0,8,0,0,0,0,3,1,2,2,1,31,6,1798,8,5,TOYOTA C-HR,8,E01013024,0,4
2024010530093,2024,010530093,3,9,0,2,2,0,0,0,0,2,0,0,0,0,1,1,6,6,3,-1,-1,1798,8,7,TOYOTA C-HR,-1,-1,0,-1
2024201427210,2024,201427210,2,9,0,-1,9,5,3,-1,0,6,0,0,0,0,3,1,-1,2,1,42,7,1197,1,7,TOYOTA C-HR,2,E01010412,0,3
2024010532526,2024,010532526,1,9,0,18,19,5,1,0,0,0,0,0,7,0,1,1,6,6,1,47,8,1798,8,7,TOYOTA C-HR,3,E01003580,0,1
2024311532664,2024,311532664,1,9,0,-1,19,1,5,-1,0,0,0,0,0,0,1,1,-1,6,1,35,6,1798,8,5,TOYOTA C-HR,-1,-1,0,-1
2024401507140,2024,401507140,1,9,0,-1,4,4,8,-1,0,0,1,10,0,0,2,1,-1,6,2,41,7,1798,8,3,TOYOTA C-HR,4,E01015804,0,1
2024340NN4482,2024,340NN4482,1,9,0,-1,5,7,5,-1,0,4,0,0,0,0,1,1,-1,6,2,39,7,1197,1,6,TOYOTA C-HR,9,E01027116,0,1
2024010524784,2024,010524784,3,9,0,3,3,4,8,0,0,1,0,0,0,0,2,1,6,6,1,40,7,1798,8,2,TOYOTA C-HR,1,E01033649,0,5
2024401476045,2024,401476045,1,9,0,-1,19,5,1,-1,0,0,0,0,2,0,1,1,-1,6,2,76,11,1798,8,5,TOYOTA C-HR,5,E01015775,0,1
2024010541916,2024,010541916,1,9,0,18,19,5,1,0,0,1,0,0,0,0,1,1,6,6,2,55,8,1987,8,1,TOYOTA C-HR,2,E01000721,0,1
2024010528153,2024,010528153,3,9,0,18,19,7,3,0,0,0,0,0,0,0,4,1,6,6,1,60,9,1798,8,3,TOYOTA C-HR,3,E01003723,0,3
2024010525511,2024,010525511,2,9,0,99,99,9,9,99,99,0,9,99,9,99,1,9,6,6,2,41,7,1798,8,5,TOYOTA C-HR,6,E01002353,0,1
2024010541050,2024,010541050,2,9,0,5,5,8,4,0,0,1,0,0,0,0,1,1,6,6,1,66,10,1798,8,0,TOYOTA C-HR,3,E01004445,0,1
2024122400651,2024,122400651,1,9,0,1,1,7,3,0,0,0,0,0,0,0,2,1,6,6,2,71,10,1798,8,5,TOYOTA C-HR,5,E01013382,0,2
2024201423327,2024,201423327,4,9,0,-1,2,0,0,-1,0,0,0,0,0,0,2,1,-1,6,-1,-1,-1,1798,8,5,TOYOTA C-HR,-1,-1,0,-1
2024131508128,2024,131508128,2,9,0,-1,19,3,7,-1,0,0,0,0,0,0,1,1,-1,6,1,64,9,1798,8,0,TOYOTA C-HR,10,E01027893,0,4
2024010536988,2024,010536988,3,9,0,2,2,0,0,9,9,0,0,0,0,0,1,1,6,6,3,-1,-1,1798,8,2,TOYOTA C-HR,-1,-1,0,-1
2024231492840,2024,231492840,1,9,0,-1,19,3,7,-1,0,8,0,0,0,0,3,1,-1,6,2,40,7,1798,8,6,TOYOTA C-HR,-1,-1,0,-1
2024061516666,2024,061516666,1,9,0,-1,19,2,2,-1,0,0,0,0,0,0,3,1,-1,2,1,41,7,1798,8,6,TOYOTA C-HR,4,E01005971,0,1
2024010537616,2024,010537616,2,9,0,18,19,3,7,0,0,8,0,0,0,0,3,2,6,6,1,36,7,1798,8,3,TOYOTA C-HR,7,E01033927,0,1
2024401533930,2024,401533930,2,8,0,-1,19,7,3,-1,0,0,1,10,0,0,3,1,-1,1,1,43,7,1798,8,6,TOYOTA C-HR,4,E01017538,0,1
2024320024834,2024,320024834,1,9,0,-1,-1,4,8,0,0,4,0,0,0,0,3,1,6,6,1,21,5,1798,8,3,TOYOTA C-HR,1,E01026704,0,4
2024010499006,2024,010499006,3,9,0,3,3,7,3,0,0,2,0,0,0,0,2,1,6,6,1,61,9,1798,8,2,TOYOTA C-HR,5,E01003166,0,1
2024501503874,2024,501503874,1,9,0,-1,19,6,2,-1,0,0,5,0,0,0,4,1,-1,6,1,20,4,1798,8,1,TOYOTA C-HR,7,E01020080,0,1
2024070720297,2024,070720297,2,9,0,-1,19,7,3,-1,0,4,0,0,0,0,2,1,-1,9,1,34,6,1987,8,1,TOYOTA C-HR,7,E01004904,0,4
2024010501718,2024,010501718,1,9,0,9,9,5,3,0,0,6,0,0,0,0,1,1,6,6,3,-1,-1,1798,8,3,TOYOTA C-HR,-1,-1,0,-1
2024371531561,2024,371531561,1,9,0,-1,19,5,1,-1,0,1,0,0,1,0,1,1,-1,6,1,78,11,1798,8,4,TOYOTA C-HR,9,E01033450,0,1
2024010549465,2024,010549465,1,9,0,7,7,5,8,0,0,7,0,0,0,0,2,1,2,2,2,55,8,1987,8,1,TOYOTA C-HR,-1,-1,0,-1
2024010515363,2024,010515363,1,9,0,3,3,1,5,0,0,1,1,4,0,0,2,1,6,6,2,41,7,1798,8,5,TOYOTA C-HR,6,E01002662,0,1
2024471504888,2024,471504888,2,9,0,-1,19,7,3,-1,0,0,0,0,0,0,4,9,-1,6,1,44,7,1798,8,2,TOYOTA C-HR,4,E01031608,0,1
2024061505812,2024,061505812,1,9,0,-1,9,7,1,-1,0,0,0,2,0,0,1,1,-1,9,1,80,11,1798,8,3,TOYOTA C-HR,-1,-1,0,-1
2024010510777,2024,010510777,2,9,9,99,99,9,9,99,99,9,9,99,9,99,9,9,6,6,3,-1,-1,1798,8,5,TOYOTA C-HR,-1,-1,0,-1
2024991421246,2024,991421246,1,9,0,-1,19,8,4,-1,0,5,0,4,0,0,1,1,-1,9,2,69,10,1798,8,1,TOYOTA C-HR,7,-1,0,1
2024010490056,2024,010490056,1,9,0,18,19,5,1,0,0,0,0,0,0,0,1,1,6,6,1,21,5,1798,8,3,TOYOTA C-HR,4,E01001243,0,1
2024421465162,2024,421465162,1,9,0,-1,19,7,3,-1,0,4,0,0,0,0,1,9,-1,6,1,70,10,1798,8,1,TOYOTA C-HR,8,E01021916,0,2
2024101519286,2024,101519286,1,9,0,-1,19,2,6,-1,0,8,0,0,0,0,1,1,-1,6,2,-1,-1,1798,8,3,TOYOTA C-HR,4,E01033553,0,3
2024451526809,2024,451526809,2,9,0,-1,19,7,3,-1,0,0,2,0,1,0,3,1,-1,1,2,48,8,1798,8,3,TOYOTA C-HR,8,E01030979,0,1
2024471477125,2024,471477125,2,9,0,-1,9,1,7,-1,0,8,0,0,0,0,4,1,-1,9,2,46,8,1798,8,6,TOYOTA C-HR,10,E01022741,0,4
2024010511580,2024,010511580,3,9,0,3,3,3,7,0,0,1,0,7,0,0,1,1,6,6,2,53,8,1798,8,7,TOYOTA C-HR,5,E01021790,0,2
2024211534575,2024,211534575,2,9,0,-1,3,4,4,-1,0,1,0,0,0,0,0,1,-1,9,2,46,8,1798,8,3,TOYOTA C-HR,1,E01034054,0,1
2024161461749,2024,161461749,1,9,0,-1,9,8,5,-1,0,8,0,0,0,0,3,1,-1,9,2,37,7,1798,8,2,TOYOTA C-HR,3,E01012784,0,1
2024401516640,2024,401516640,2,9,0,-1,5,1,5,-1,0,1,0,0,0,0,4,1,-1,1,1,62,9,1798,8,7,TOYOTA C-HR,4,E01015724,0,1
2024340WN1612,2024,340WN1612,1,9,0,-1,19,7,3,-1,0,0,0,0,0,0,4,1,-1,6,1,30,6,1798,8,3,TOYOTA C-HR,6,E01027182,0,1
2024061492007,2024,061492007,2,8,0,-1,10,-1,-1,-1,0,8,0,0,0,0,3,1,-1,6,1,-1,-1,1798,8,7,TOYOTA C-HR,-1,-1,0,-1
2024421492484,2024,421492484,2,9,0,-1,4,1,5,-1,0,0,0,0,0,0,2,1,-1,6,2,31,6,1798,8,5,TOYOTA C-HR,6,E01015950,0,2
2024131425437,2024,131425437,2,9,0,-1,19,5,1,-1,0,0,0,0,0,0,2,1,-1,9,2,40,7,1798,8,2,TOYOTA C-HR,5,E01011390,0,2
2024320219278,2024,320219278,1,9,0,-1,-1,2,6,0,0,1,0,0,0,0,1,1,6,6,2,28,6,1798,8,3,TOYOTA C-HR,-1,-1,0,-1
2024041423208,2024,041423208,2,9,0,-1,19,3,7,-1,0,1,0,0,0,0,3,1,-1,7,1,38,7,1798,8,4,TOYOTA C-HR,1,E01025084,0,1
2024411515133,2024,411515133,1,9,0,-1,19,2,5,-1,0,8,0,10,0,0,1,1,-1,6,1,47,8,1798,8,5,TOYOTA C-HR,3,E01001516,0,3
2024461443369,2024,461443369,2,9,0,-1,19,7,3,-1,0,0,0,0,0,0,4,1,-1,6,2,24,5,1197,1,5,TOYOTA C-HR,7,E01024573,0,3
2024010549820,2024,010549820,1,9,0,4,4,1,5,0,0,1,0,0,0,0,1,1,6,6,1,47,8,1798,8,6,TOYOTA C-HR,5,E01004439,0,1
2024010503773,2024,010503773,2,9,0,18,19,7,3,0,0,3,0,0,0,0,1,1,6,6,3,-1,-1,1197,1,7,TOYOTA C-HR,-1,-1,0,-1
2024351493591,2024,351493591,4,9,0,-1,4,5,1,-1,0,0,0,0,0,0,4,1,-1,6,1,55,8,1798,8,4,TOYOTA C-HR,8,E01018164,0,3
2024461504480,2024,461504480,2,9,0,-1,4,8,5,-1,-1,0,0,0,0,0,2,9,-1,2,2,54,8,1798,8,2,TOYOTA C-HR,8,E01024175,0,2
2024991495335,2024,991495335,2,8,0,-1,2,1,4,-1,0,1,0,0,0,0,2,1,-1,6,1,39,7,1798,8,7,TOYOTA C-HR,9,-1,0,1
2024421496507,2024,421496507,1,9,0,-1,2,5,1,-1,0,0,0,0,0,0,3,1,-1,9,2,34,6,1798,8,7,TOYOTA C-HR,-1,-1,0,-1
2024302401355,2024,302401355,2,9,0,17,19,6,3,0,0,2,0,0,0,0,3,1,6,6,1,70,10,1798,8,5,TOYOTA C-HR,7,E01027961,0,1
2024010536375,2024,010536375,2,9,0,99,99,9,9,99,99,9,9,99,9,99,1,9,6,6,2,-1,-1,1798,8,3,TOYOTA C-HR,-1,-1,0,-1
2024461462925,2024,461462925,1,9,0,-1,6,1,5,-1,0,0,0,0,0,0,1,9,-1,6,1,-1,-1,1798,8,6,TOYOTA C-HR,4,E01016163,0,3
2024010533255,2024,010533255,3,9,0,2,2,0,0,0,0,1,0,4,0,0,4,1,6,6,3,-1,-1,1798,8,1,TOYOTA C-HR,-1,-1,0,-1
2024221439255,2024,221439255,1,9,0,-1,19,6,2,-1,0,0,1,0,1,0,1,1,-1,6,1,56,9,1798,8,6,TOYOTA C-HR,9,E01032337,0,3
2024131509288,2024,131509288,1,9,0,-1,9,3,7,-1,0,8,0,0,0,0,1,1,-1,9,1,85,11,1798,8,1,TOYOTA C-HR,-1,-1,0,-1
2024461488004,2024,461488004,1,9,0,-1,19,1,3,-1,0,0,1,7,3,0,1,1,-1,2,1,52,8,1798,8,5,TOYOTA C-HR,4,E01031552,0,4
2024131434279,2024,131434279,1,9,0,-1,7,8,4,-1,0,0,0,0,0,0,4,1,-1,2,2,43,7,1798,8,6,TOYOTA C-HR,2,E01011781,0,3
2024061421661,2024,061421661,1,9,5,-1,9,3,1,-1,0,1,0,0,0,0,3,1,-1,9,1,57,9,1798,8,4,TOYOTA C-HR,3,E01005437,0,1
2024041455943,2024,041455943,1,9,0,-1,19,1,5,-1,0,0,0,0,0,0,1,1,-1,7,1,72,10,1798,8,3,TOYOTA C-HR,-1,-1,0,-1
2024201491924,2024,201491924,2,9,0,-1,9,5,3,-1,0,5,0,10,7,0,1,1,-1,9,2,57,9,1987,8,4,TOYOTA C-HR,2,E01009392,0,1
2024061436076,2024,061436076,1,9,0,-1,-1,-1,-1,-1,-1,0,0,0,0,0,1,9,-1,6,1,42,7,1798,8,5,TOYOTA C-HR,8,E01005574,0,1
2024440014085,2024,440014085,1,9,0,3,3,2,6,0,0,0,0,0,0,0,2,1,2,2,1,54,8,1798,8,2,TOYOTA C-HR,10,E01022697,0,1
2024010538846,2024,010538846,1,9,0,18,19,6,2,0,0,0,5,4,0,0,1,1,6,6,2,34,6,1798,8,5,TOYOTA C-HR,-1,-1,0,-1
2024622400820,2024,622400820,1,9,0,9,9,3,1,0,0,1,0,0,0,0,1,1,6,6,1,40,7,1798,8,4,TOYOTA C-HR,1,W01001856,0,4
2024430143199,2024,430143199,2,9,0,18,19,6,2,0,0,8,0,0,0,0,1,1,6,6,1,50,8,1798,8,5,TOYOTA C-HR,-1,-1,0,-1
2024231510786,2024,231510786,2,8,0,-1,4,6,2,-1,0,1,0,0,0,0,2,9,-1,1,1,45,7,1798,8,2,TOYOTA C-HR,5,E01031025,0,3
2024010527991,2024,010527991,1,9,0,11,11,1,5,0,0,0,0,0,0,0,3,1,1,1,2,33,6,1197,1,5,TOYOTA C-HR,5,E01003084,0,1
2024421408353,2024,421408353,2,9,0,-1,2,0,0,-1,0,0,0,0,0,0,1,1,-1,6,-1,-1,-1,1798,8,6,TOYOTA C-HR,-1,-1,0,-1
2024141503380,2024,141503380,1,9,0,-1,19,6,2,-1,0,0,0,0,0,0,3,1,-1,9,1,63,9,1987,8,2,TOYOTA C-HR,7,E01007399,0,1
2024010529570,2024,010529570,2,9,0,18,19,7,3,0,0,1,0,0,0,0,3,1,6,6,2,36,7,1798,8,7,TOYOTA C-HR,7,E01003407,0,1
2024010498990,2024,010498990,2,9,0,18,19,5,1,0,0,0,0,0,0,0,4,1,6,6,3,-1,-1,1798,8,6,TOYOTA C-HR,-1,-1,0,-1
2024231418361,2024,231418361,1,9,0,-1,19,7,3,-1,0,0,0,4,0,0,4,1,-1,6,2,80,11,1798,8,1,TOYOTA C-HR,10,E01031232,0,1
2024211475519,2024,211475519,2,9,0,-1,19,4,8,-1,0,1,0,0,0,0,1,1,-1,9,1,43,7,1798,8,4,TOYOTA C-HR,7,E01009771,0,3
2024010548366,2024,010548366,1,9,0,18,19,5,1,0,0,8,0,0,0,0,1,1,3,7,2,50,8,1987,8,1,TOYOTA C-HR,3,E01000876,0,1
2024010505316,2024,010505316,3,9,0,3,3,6,2,0,0,1,0,0,0,0,1,1,6,6,1,48,8,1197,1,6,TOYOTA C-HR,3,E01015854,0,4
2024201461191,2024,201461191,2,9,0,-1,19,7,3,-1,0,0,0,0,0,0,3,1,-1,2,2,53,8,1798,8,1,TOYOTA C-HR,1,E01009983,0,2
2024552401102,2024,552401102,1,9,0,18,19,8,4,0,0,8,0,0,0,0,1,1,6,6,1,40,7,1798,8,4,TOYOTA C-HR,9,E01022926,0,4
2024131426561,2024,131426561,1,9,0,-1,4,6,2,-1,0,1,0,0,0,0,1,1,-1,6,1,44,7,1798,8,2,TOYOTA C-HR,3,E01011328,0,1
2024302401551,2024,302401551,1,9,0,9,9,5,4,0,0,1,0,0,0,0,1,1,6,6,1,38,7,1798,8,4,TOYOTA C-HR,6,E01019654,0,1
2024010527415,2024,010527415,3,9,0,2,2,0,0,0,0,0,0,0,0,0,0,1,6,6,3,-1,-1,1197,1,5,TOYOTA C-HR,-1,-1,0,-1
2024141406224,2024,141406224,1,9,0,-1,9,4,2,-1,0,6,0,0,0,0,1,1,-1,1,1,44,7,1798,8,5,TOYOTA C-HR,1,E01007904,0,1
2024131512407,2024,131512407,1,9,0,-1,19,1,5,-1,0,0,5,11,0,0,1,1,-1,9,1,51,8,1798,8,4,TOYOTA C-HR,1,E01007411,0,2
2024161436679,2024,161436679,1,9,0,-1,9,3,1,-1,0,8,0,0,0,0,1,1,-1,6,1,47,8,1798,8,7,TOYOTA C-HR,1,E01012891,0,1
2024061493623,2024,061493623,2,9,0,-1,-1,-1,-1,-1,-1,-1,-1,-1,-1,0,-1,1,-1,6,1,68,10,1798,8,5,TOYOTA C-HR,1,E01005230,0,1
2024461451396,2024,461451396,2,9,0,-1,3,3,7,-1,0,0,0,0,0,0,2,1,-1,6,2,52,8,1798,8,3,TOYOTA C-HR,9,E01024814,0,3
2024010525403,2024,010525403,1,9,0,99,99,9,9,99,99,9,9,99,9,99,1,9,6,6,2,-1,-1,1798,8,0,TOYOTA C-HR,6,E01004652,0,2
2024471529461,2024,471529461,2,9,0,-1,10,5,1,-1,0,5,0,0,0,0,2,1,-1,9,1,59,9,1798,8,3,TOYOTA C-HR,8,E01031664,0,1
2024010518527,2024,010518527,1,9,0,18,19,2,6,0,0,1,1,7,0,0,3,1,6,6,1,30,6,1798,8,6,TOYOTA C-HR,-1,-1,0,-1
2024332400510,2024,332400510,2,9,0,-1,19,5,1,-1,0,8,0,0,0,0,1,1,-1,6,2,43,7,1798,8,2,TOYOTA C-HR,4,E01013747,0,1
2024201488043,2024,201488043,1,9,0,-1,19,1,5,-1,0,0,0,7,1,4,0,1,-1,6,2,65,9,1798,8,3,TOYOTA C-HR,2,E01010057,0,1
2024141447842,2024,141447842,2,9,0,-1,4,3,7,-1,0,1,0,0,0,0,1,1,-1,9,1,72,10,1798,8,7,TOYOTA C-HR,1,E01007941,0,1
2024010507555,2024,010507555,1,9,0,4,4,5,1,0,0,2,0,0,0,0,2,1,6,6,1,44,7,1798,8,4,TOYOTA C-HR,8,E01033028,0,4
2024061465321,2024,061465321,1,8,0,-1,3,5,7,-1,0,0,0,0,0,0,2,1,-1,1,1,48,8,1798,8,5,TOYOTA C-HR,7,E01005033,0,1
2024201456607,2024,201456607,2,9,0,-1,2,0,0,-1,0,0,0,0,0,0,0,9,-1,9,1,45,7,1798,8,1,TOYOTA C-HR,1,E01034748,0,1
2024311436355,2024,311436355,1,9,0,-1,3,8,4,-1,0,0,0,0,0,0,2,1,-1,1,2,56,9,1798,8,1,TOYOTA C-HR,2,E01017165,0,5
2024041482383,2024,041482383,1,9,0,-1,19,7,3,-1,0,1,0,0,0,0,1,1,-1,9,2,23,5,1798,8,4,TOYOTA C-HR,4,E01025190,0,1
2024411463759,2024,411463759,1,9,0,-1,-1,-1,-1,-1,-1,0,-1,-1,-1,0,1,9,-1,6,2,-1,-1,1798,8,6,TOYOTA C-HR,2,E01033699,0,4
2024451429710,2024,451429710,2,9,0,-1,19,5,1,-1,0,3,0,0,0,0,1,1,-1,9,2,36,7,1798,8,6,TOYOTA C-HR,5,E01030311,0,1
2024141454528,2024,141454528,2,9,0,-1,19,4,8,-1,0,1,0,0,0,0,4,1,-1,9,1,73,10,1987,8,0,TOYOTA C-HR,1,E01007794,0,1
2024351507960,2024,351507960,1,9,0,-1,19,8,4,-1,0,1,0,0,0,0,1,1,-1,9,2,30,6,1798,8,6,TOYOTA C-HR,3,E01014327,0,5
2024010522055,2024,010522055,1,9,0,18,19,3,7,0,0,1,0,0,0,0,1,1,6,6,2,46,8,1798,8,5,TOYOTA C-HR,6,E01003394,0,1
2024361495094,2024,361495094,2,9,0,-1,3,3,1,-1,0,8,0,0,0,0,3,1,-1,9,1,62,9,1798,8,3,TOYOTA C-HR,7,E01026655,0,3
2024471447920,2024,471447920,1,9,0,-1,9,3,1,-1,0,6,1,0,7,0,3,1,-1,2,2,19,4,1798,8,1,TOYOTA C-HR,5,E01031687,0,1
2024411455263,2024,411455263,2,9,0,-1,19,1,5,-1,0,8,0,0,3,0,4,1,-1,2,2,55,8,1798,8,0,TOYOTA C-HR,5,E01015714,0,3
2024052400149,2024,052400149,2,9,0,18,19,6,8,0,0,1,0,0,0,0,1,1,6,6,2,53,8,1798,8,4,TOYOTA C-HR,1,E01006648,0,1
2024451427320,2024,451427320,1,9,0,-1,12,3,7,-1,0,7,0,0,0,0,1,1,-1,9,1,77,11,1987,8,4,TOYOTA C-HR,10,E01024453,0,3
2024010504274,2024,010504274,1,9,0,2,2,9,9,99,99,9,9,99,0,0,4,9,6,6,2,49,8,1798,8,3,TOYOTA C-HR,2,E01003046,0,1