collision_index,collision_year,collision_ref_no,vehicle_reference,vehicle_type,towing_and_articulation,vehicle_manoeuvre_historic,vehicle_manoeuvre,vehicle_direction_from,vehicle_direction_to,vehicle_location_restricted_lane_historic,vehicle_location_restricted_lane,junction_location,skidding_and_overturning,hit_object_in_carriageway,vehicle_leaving_carriageway,hit_object_off_carriageway,first_point_of_impact,vehicle_left_hand_drive,journey_purpose_of_driver_historic,journey_purpose_of_driver,sex_of_driver,age_of_driver,age_band_of_driver,engine_capacity_cc,propulsion_code,age_of_vehicle,generic_make_model,driver_imd_decile,lsoa_of_driver,escooter_flag,driver_distance_banding
2024061413775,2024,061413775,2,9,0,-1,19,1,5,-1,0,0,0,0,0,0,2,1,-1,6,2,47,8,1798,8,3,TOYOTA C-HR,5,E01004833,0,2
2024010499398,2024,010499398,1,9,3,18,19,5,1,0,0,2,0,0,0,0,0,1,6,6,1,24,5,1798,8,1,TOYOTA C-HR,4,E01000869,0,2
2024201458957,2024,201458957,1,9,0,-1,5,1,1,-1,9,5,0,0,0,0,2,1,-1,7,2,41,7,1798,8,2,TOYOTA C-HR,-1,-1,0,-1
2024991475776,2024,991475776,1,9,0,-1,19,6,2,-1,0,2,0,0,0,0,3,9,-1,6,1,32,6,1798,8,2,TOYOTA C-HR,-1,-1,0,-1
2024011513158,2024,011513158,2,9,0,-1,5,2,6,-1,0,4,0,0,0,0,1,1,-1,9,1,51,8,1798,8,7,TOYOTA C-HR,9,E01015857,0,4
2024061499580,2024,061499580,2,8,0,-1,5,-1,-1,-1,0,1,0,0,0,0,3,1,-1,6,3,-1,-1,1798,8,4,TOYOTA C-HR,-1,-1,0,-1
2024010543433,2024,010543433,2,9,0,99,99,9,9,99,99,9,9,99,9,99,1,9,6,6,3,-1,-1,1798,8,6,TOYOTA C-HR,8,E01002494,0,2
2024122500244,2024,122500244,1,9,0,3,3,5,1,0,0,0,0,0,0,0,4,1,3,7,3,-1,-1,1798,8,3,TOYOTA C-HR,-1,-1,0,-1
2024010504177,2024,010504177,2,9,9,99,99,9,9,99,99,6,9,99,9,99,9,9,6,6,3,-1,-1,1798,8,1,TOYOTA C-HR,-1,-1,0,-1
2024010524291,2024,010524291,1,9,0,18,19,1,5,0,0,0,0,0,0,0,1,1,2,2,1,46,8,1798,8,4,TOYOTA C-HR,6,E01000369,0,3
2024340WN5302,2024,340WN5302,1,9,0,-1,7,7,5,-1,0,6,0,0,0,0,1,1,-1,2,1,46,8,1798,8,6,TOYOTA C-HR,5,E01027158,0,1
2024041505231,2024,041505231,1,9,0,-1,19,4,8,-1,0,4,0,0,0,0,1,1,-1,9,1,20,4,1798,8,2,TOYOTA C-HR,5,E01025098,0,2
2024440536064,2024,440536064,1,9,0,7,7,3,5,0,0,6,0,0,0,0,3,1,2,2,1,46,8,1798,8,7,TOYOTA C-HR,8,E01017215,0,1
2024522401307,2024,522401307,2,9,0,18,19,7,3,0,0,0,0,0,0,0,3,1,6,6,2,68,10,1798,8,2,TOYOTA C-HR,1,E01014831,0,1
2024101453298,2024,101453298,1,9,0,-1,19,1,5,-1,0,0,0,0,0,0,1,1,-1,6,1,70,10,1798,8,7,TOYOTA C-HR,2,E01008489,0,1
2024201519767,2024,201519767,2,9,0,-1,8,4,6,-1,0,2,0,0,0,0,4,1,-1,9,2,62,9,1798,8,3,TOYOTA C-HR,1,E01009752,0,1
2024010505239,2024,010505239,2,9,0,9,9,8,6,0,0,8,0,0,0,0,4,1,6,6,1,48,8,1798,8,6,TOYOTA C-HR,3,E01003607,0,1
2024052401247,2024,052401247,2,9,0,2,2,0,0,0,0,0,0,0,0,0,2,1,6,6,3,-1,-1,1798,8,2,TOYOTA C-HR,-1,-1,0,-1
2024041509284,2024,041509284,1,9,0,-1,19,5,1,-1,0,0,0,0,0,0,1,1,-1,9,2,54,8,1197,1,7,TOYOTA C-HR,9,E01028063,0,5
2024302401270,2024,302401270,1,8,0,5,5,5,8,0,0,0,0,0,0,0,0,1,1,1,1,44,7,1798,8,6,TOYOTA C-HR,1,E01013871,0,4
2024522500184,2024,522500184,2,9,0,18,19,2,6,0,0,2,0,0,0,0,2,1,6,6,1,24,5,1798,8,0,TOYOTA C-HR,10,E01020386,0,4
2024061416175,2024,061416175,1,9,0,-1,19,2,6,-1,0,0,1,10,7,0,1,1,-1,6,1,70,10,1798,8,6,TOYOTA C-HR,5,E01024917,0,2
2024461521876,2024,461521876,2,9,0,-1,19,7,3,-1,0,0,0,0,0,0,2,1,-1,9,1,64,9,1197,1,6,TOYOTA C-HR,8,E01024642,0,3
2024010521741,2024,010521741,2,9,0,99,99,9,9,99,99,9,9,99,9,99,1,9,6,6,3,38,7,1798,8,4,TOYOTA C-HR,4,E01001023,0,1
2024010520389,2024,010520389,1,9,0,4,4,7,3,0,0,3,0,0,0,0,2,1,1,1,1,48,8,1798,8,6,TOYOTA C-HR,6,E01035702,0,3
2024991447058,2024,991447058,2,9,0,-1,9,7,5,-1,0,8,0,0,0,0,3,1,-1,9,2,57,9,1798,8,3,TOYOTA C-HR,4,-1,0,1
2024332401210,2024,332401210,2,9,0,-1,19,7,3,-1,0,1,0,0,0,0,1,1,-1,6,3,-1,-1,1798,8,6,TOYOTA C-HR,-1,-1,0,-1
2024161414352,2024,161414352,1,9,0,-1,7,3,5,-1,0,4,0,0,0,0,1,1,-1,9,1,67,10,1798,8,3,TOYOTA C-HR,3,E01013245,0,2
2024122500340,2024,122500340,2,9,0,4,4,3,7,0,0,0,0,0,0,0,2,1,6,6,1,35,6,1798,8,5,TOYOTA C-HR,9,E01012179,0,4
2024041407028,2024,041407028,1,9,0,-1,19,3,7,-1,0,3,0,0,0,0,4,1,-1,2,1,44,7,1798,8,6,TOYOTA C-HR,1,E01012655,0,2
2024201411028,2024,201411028,1,9,0,-1,19,7,4,-1,0,8,0,0,0,0,1,1,-1,6,1,24,5,1798,8,4,TOYOTA C-HR,4,E01009863,0,1
2024052400928,2024,052400928,2,9,0,18,19,5,1,0,0,4,0,0,0,0,3,1,6,6,2,60,9,1798,8,3,TOYOTA C-HR,2,E01006953,0,1
2024201424917,2024,201424917,2,9,0,-1,19,7,3,-1,0,8,5,7,0,0,1,9,-1,6,2,47,8,1798,8,4,TOYOTA C-HR,1,E01008913,0,1
2024522500239,2024,522500239,2,9,0,3,3,3,7,0,0,0,0,0,0,0,2,1,6,6,2,39,7,1798,8,6,TOYOTA C-HR,5,E01014836,0,4
2024201517228,2024,201517228,1,8,0,-1,9,1,7,-1,0,8,0,0,0,0,4,1,-1,2,1,37,7,1798,8,3,TOYOTA C-HR,1,E01009412,0,1
2024131529270,2024,131529270,2,9,0,-1,7,3,7,-1,0,1,0,0,0,0,1,1,-1,6,2,34,6,1197,1,7,TOYOTA C-HR,2,E01011220,0,2
2024010535327,2024,010535327,1,9,0,2,2,0,0,0,0,1,0,0,0,0,3,1,6,6,3,-1,-1,1798,8,6,TOYOTA C-HR,-1,-1,0,-1
2024010515870,2024,010515870,2,9,0,6,6,3,3,99,99,9,9,99,9,99,2,1,6,6,3,32,6,1798,8,4,TOYOTA C-HR,4,E01035686,0,3
2024501532293,2024,501532293,2,9,0,-1,5,6,2,-1,0,4,0,0,0,0,2,1,-1,2,1,35,6,1798,8,4,TOYOTA C-HR,7,E01034624,0,1
2024010501561,2024,010501561,1,9,0,5,5,0,1,0,0,0,0,0,0,0,4,1,6,6,1,53,8,1798,8,1,TOYOTA C-HR,5,E01000260,0,1
2024061502974,2024,061502974,1,9,0,-1,99,-1,-1,-1,99,9,9,99,9,99,1,1,-1,6,2,31,6,1798,8,7,TOYOTA C-HR,-1,-1,0,-1
2024141501711,2024,141501711,3,9,0,-1,10,0,0,-1,0,1,0,0,0,0,2,1,-1,6,2,32,6,1798,8,2,TOYOTA C-HR,6,E01007516,0,1
2024401406740,2024,401406740,2,9,0,-1,2,0,0,-1,0,0,0,0,0,0,2,1,-1,6,1,45,7,1798,8,3,TOYOTA C-HR,2,E01015754,0,1
2024061494531,2024,061494531,2,8,0,-1,3,-1,-1,-1,5,0,0,8,0,0,2,2,-1,6,3,-1,-1,1798,8,6,TOYOTA C-HR,-1,-1,0,-1
2024010528951,2024,010528951,2,9,0,15,15,4,8,0,0,1,0,0,0,0,3,1,6,6,3,-1,-1,1798,8,6,TOYOTA C-HR,-1,-1,0,-1
2024010506749,2024,010506749,1,9,0,99,99,9,9,99,99,9,9,99,9,99,9,9,6,6,1,48,8,1798,8,5,TOYOTA C-HR,5,E01000519,0,1
2024101509067,2024,101509067,3,9,-1,-1,3,6,2,-1,0,0,0,0,0,0,2,9,-1,6,1,50,8,1798,8,3,TOYOTA C-HR,1,E01020727,0,2
2024371403161,2024,371403161,2,9,0,-1,4,-1,-1,-1,0,1,0,0,0,0,2,1,-1,9,2,30,6,1798,8,5,TOYOTA C-HR,6,E01030081,0,3
2024991464588,2024,991464588,1,9,0,-1,19,6,2,-1,0,2,0,0,7,10,1,1,-1,6,2,35,6,1798,8,3,TOYOTA C-HR,1,-1,0,1
2024010521409,2024,010521409,1,9,0,18,19,1,5,0,0,8,0,0,1,11,1,1,6,6,1,-1,-1,1798,8,7,TOYOTA C-HR,-1,-1,0,-1
2024311481970,2024,311481970,2,9,0,-1,9,3,1,-1,0,8,0,0,0,0,1,1,-1,9,2,46,8,1197,1,6,TOYOTA C-HR,5,E01028162,0,1
2024052400796,2024,052400796,2,9,0,11,11,8,4,0,0,0,0,0,0,0,4,1,6,6,2,28,6,1798,8,3,TOYOTA C-HR,3,E01014942,0,5
2024010499088,2024,010499088,2,9,0,99,99,9,9,99,99,9,9,99,9,99,9,9,6,6,3,-1,-1,1798,8,7,TOYOTA C-HR,-1,-1,0,-1
2024622400335,2024,622400335,2,9,0,9,9,3,8,0,0,7,0,0,0,0,2,1,6,6,1,62,9,1798,8,0,TOYOTA C-HR,3,W01001317,0,4
2024401479272,2024,401479272,3,9,0,-1,2,0,0,-1,0,1,0,0,0,0,4,1,-1,6,-1,-1,-1,1987,8,4,TOYOTA C-HR,-1,-1,0,-1
2024010520050,2024,010520050,1,9,0,3,3,5,1,0,0,1,0,0,0,0,2,1,6,6,2,47,8,1798,8,4,TOYOTA C-HR,4,E01001518,0,1
2024010535242,2024,010535242,3,9,0,4,4,1,5,0,0,1,0,0,0,0,2,1,2,2,1,39,7,1798,8,5,TOYOTA C-HR,5,E01002613,0,1
2024070919419,2024,070919419,3,9,0,-1,19,4,8,-1,0,0,0,0,0,0,1,1,-1,2,2,66,10,1798,8,1,TOYOTA C-HR,3,E01018731,0,1
2024471503698,2024,471503698,3,9,0,-1,4,1,5,-1,0,0,0,0,0,0,2,1,-1,1,1,40,7,1798,8,3,TOYOTA C-HR,4,E01031552,0,2
2024010527576,2024,010527576,1,9,0,18,19,1,5,0,0,0,0,0,0,0,1,1,6,6,1,75,10,1798,8,5,TOYOTA C-HR,5,E01001681,0,1
2024010493852,2024,010493852,2,9,0,18,19,7,3,0,0,0,0,0,0,0,1,1,6,6,1,51,8,1798,8,4,TOYOTA C-HR,6,E01000430,0,2
2024010543090,2024,010543090,1,9,0,18,19,5,1,0,0,8,0,11,0,0,1,1,6,6,1,41,7,1798,8,5,TOYOTA C-HR,8,E01002132,0,1
2024052400872,2024,052400872,2,9,0,4,4,3,7,0,0,1,0,0,0,0,2,1,6,6,2,66,10,1798,8,3,TOYOTA C-HR,1,E01006333,0,3
2024201472173,2024,201472173,3,9,0,-1,19,4,8,-1,0,0,0,0,0,0,1,9,-1,6,2,58,9,1798,8,4,TOYOTA C-HR,8,E01009736,0,2
2024010511953,2024,010511953,2,9,0,18,19,3,7,0,0,0,0,0,0,0,1,1,6,6,1,24,5,1798,8,2,TOYOTA C-HR,2,E01000959,0,1
2024471465069,2024,471465069,2,9,0,-1,7,4,6,-1,0,2,0,0,0,0,1,1,-1,9,1,76,11,1798,8,0,TOYOTA C-HR,7,E01021165,0,1
2024421433907,2024,421433907,1,9,0,-1,19,5,1,-1,0,0,2,0,0,0,3,1,-1,6,2,35,6,1798,8,5,TOYOTA C-HR,5,E01000467,0,3
202417S303424,2024,17S303424,1,9,0,18,19,1,5,0,0,0,0,0,0,0,1,1,6,6,2,48,8,1798,8,5,TOYOTA C-HR,7,E01012324,0,3
2024141501941,2024,141501941,1,9,0,-1,7,2,5,-1,0,2,0,0,0,0,1,1,-1,2,2,55,8,1798,8,5,TOYOTA C-HR,10,E01007826,0,1
2024211496434,2024,211496434,1,9,0,-1,19,7,3,-1,0,0,0,0,1,7,1,1,-1,9,1,22,5,1197,1,5,TOYOTA C-HR,4,E01029598,0,1
2024010511392,2024,010511392,1,9,0,99,99,9,9,99,99,9,9,99,9,99,2,9,2,2,1,22,5,1197,1,7,TOYOTA C-HR,2,E01003932,0,2
2024440329604,2024,440329604,2,9,0,18,19,3,7,0,0,8,0,0,0,0,1,1,6,6,1,83,11,1798,8,7,TOYOTA C-HR,4,E01017068,0,1
2024122400557,2024,122400557,1,9,0,18,19,6,2,0,0,0,0,12,0,0,1,1,6,6,1,32,6,1798,8,0,TOYOTA C-HR,6,E01027784,0,4
2024052401113,2024,052401113,2,9,0,2,2,0,0,0,0,1,0,0,0,0,3,1,6,6,3,-1,-1,1197,1,5,TOYOTA C-HR,-1,-1,0,-1
2024010496548,2024,010496548,1,9,0,14,14,2,6,0,0,8,0,0,0,0,1,1,1,1,2,43,7,1798,8,3,TOYOTA C-HR,7,E01021578,0,4
2024231505378,2024,231505378,1,9,0,-1,5,8,4,-1,0,6,0,0,0,0,1,1,-1,6,1,40,7,1798,8,5,TOYOTA C-HR,3,E01031238,0,1
2024332400385,2024,332400385,1,9,0,-1,9,5,3,-1,0,5,0,0,0,0,4,1,-1,6,1,48,8,1798,8,6,TOYOTA C-HR,1,E01013748,0,1
2024131483006,2024,131483006,2,9,0,-1,19,6,2,-1,0,1,0,0,0,0,1,1,-1,9,1,35,6,1798,8,5,TOYOTA C-HR,3,E01033690,0,1
2024010549973,2024,010549973,1,9,0,18,19,7,3,0,0,5,0,0,0,0,0,1,1,1,1,36,7,1798,8,7,TOYOTA C-HR,2,E01024305,0,4
2024461441449,2024,461441449,1,9,0,-1,7,3,7,-1,0,6,0,0,0,0,1,1,-1,7,1,33,6,1798,8,5,TOYOTA C-HR,1,E01016019,0,1
2024052401729,2024,052401729,3,9,0,18,19,4,8,0,0,0,0,0,0,0,2,1,6,6,2,23,5,1798,8,4,TOYOTA C-HR,1,E01006643,0,2
2024991533635,2024,991533635,2,9,0,-1,19,5,1,-1,0,1,0,0,0,0,3,1,-1,9,2,61,9,1197,1,6,TOYOTA C-HR,8,-1,0,4
2024010498513,2024,010498513,1,9,0,99,99,9,9,99,99,9,9,99,9,99,2,9,2,2,1,48,8,1798,8,4,TOYOTA C-HR,4,E01001294,0,1
2024201431640,2024,201431640,1,9,0,-1,9,-1,-1,-1,0,5,0,0,0,0,3,9,-1,9,1,57,9,1798,8,5,TOYOTA C-HR,1,E01010416,0,1
2024010524424,2024,010524424,2,9,0,18,19,1,5,0,0,1,0,0,0,0,1,1,2,2,1,34,6,1798,8,0,TOYOTA C-HR,2,E01002831,0,1
2024101398940,2024,101398940,2,9,0,-1,5,5,1,-1,0,8,0,0,0,0,1,1,-1,2,2,66,10,1798,8,3,TOYOTA C-HR,3,E01008247,0,2
2024991484723,2024,991484723,1,9,0,-1,19,3,7,-1,-1,0,0,0,1,7,4,1,-1,9,1,56,9,1798,8,0,TOYOTA C-HR,-1,-1,0,-1
2024010503920,2024,010503920,2,9,0,99,99,9,9,99,99,9,9,99,9,99,9,9,6,6,3,-1,-1,1197,1,7,TOYOTA C-HR,-1,-1,0,-1
2024311451853,2024,311451853,2,9,0,-1,3,1,2,-1,0,1,0,0,0,0,2,1,-1,6,2,54,8,1798,8,5,TOYOTA C-HR,6,E01025912,0,4
2024501534880,2024,501534880,1,9,0,-1,9,3,5,-1,0,8,0,0,0,0,4,1,-1,9,1,75,10,1798,8,7,TOYOTA C-HR,10,E01015131,0,1
2024461443369,2024,461443369,1,9,0,-1,12,7,3,-1,0,0,0,0,0,0,3,1,-1,6,1,42,7,1798,8,6,TOYOTA C-HR,2,E01016020,0,1
2024161506370,2024,161506370,2,9,0,-1,9,5,3,-1,0,6,0,0,0,0,3,1,-1,6,1,24,5,1798,8,5,TOYOTA C-HR,7,E01013021,0,1
2024052401683,2024,052401683,1,8,0,18,19,1,5,0,0,8,0,0,0,0,1,1,1,1,1,34,6,1798,8,6,TOYOTA C-HR,1,E01006761,0,1
2024461396429,2024,461396429,3,9,0,-1,19,5,1,-1,0,0,0,0,0,0,2,9,-1,6,1,24,5,1798,8,7,TOYOTA C-HR,4,E01024002,0,1
2024211528275,2024,211528275,1,9,0,-1,5,1,5,-1,0,4,0,0,0,0,1,2,-1,9,2,62,9,1798,8,2,TOYOTA C-HR,9,E01029605,0,1
2024320037756,2024,320037756,2,9,0,4,4,8,4,0,0,0,0,0,1,0,2,1,1,1,2,52,8,1798,8,1,TOYOTA C-HR,3,E01026033,0,2
2024401411547,2024,401411547,1,9,0,-1,19,4,8,-1,0,0,5,2,0,0,1,1,-1,2,2,28,6,1798,8,7,TOYOTA C-HR,6,E01023413,0,4
2024010528083,2024,010528083,3,9,0,18,19,4,8,0,0,8,0,0,0,0,2,2,6,6,1,53,8,1798,8,6,TOYOTA C-HR,4,E01000312,0,1
2024552401089,2024,552401089,2,9,0,17,19,8,6,0,0,0,0,0,0,0,3,1,6,6,1,46,8,1798,8,3,TOYOTA C-HR,10,E01000793,0,5
2024421457186,2024,421457186,1,9,0,-1,5,5,3,-1,0,6,0,0,0,0,1,1,-1,6,1,-1,-1,1798,8,5,TOYOTA C-HR,-1,-1,0,-1
2024041408686,2024,041408686,2,9,0,-1,19,3,7,-1,0,1,0,0,0,0,4,1,-1,9,2,56,9,1798,8,5,TOYOTA C-HR,8,E01012583,0,1
2024141405705,2024,141405705,1,9,0,-1,19,3,8,-1,0,1,0,0,0,0,1,9,-1,6,2,53,8,1798,8,3,TOYOTA C-HR,4,E01007699,0,2
2024340NN0572,2024,340NN0572,2,9,0,-1,19,6,2,-1,0,8,0,0,0,0,3,1,-1,2,2,27,6,1798,8,6,TOYOTA C-HR,7,E01035396,0,3
2024471428912,2024,471428912,1,9,0,-1,19,3,7,-1,0,0,0,0,1,11,1,1,-1,2,2,53,8,1798,8,6,TOYOTA C-HR,5,E01021117,0,2
2024451405592,2024,451405592,2,9,0,-1,19,5,1,-1,0,8,0,0,0,0,1,1,-1,2,1,52,8,1987,8,1,TOYOTA C-HR,10,E01031689,0,4
2024010519007,2024,010519007,1,9,0,18,19,2,6,0,0,1,0,0,0,0,2,1,6,6,1,25,5,1798,8,3,TOYOTA C-HR,4,E01000124,0,1
2024522401089,2024,522401089,1,9,0,9,9,1,7,0,0,5,0,0,0,0,4,1,6,6,2,41,7,1798,8,4,TOYOTA C-HR,1,E01033356,0,1
2024122400208,2024,122400208,2,9,0,5,5,5,1,0,0,0,0,0,0,0,1,1,6,6,1,49,8,1798,8,4,TOYOTA C-HR,7,E01011969,0,4
2024010532099,2024,010532099,2,9,0,9,9,5,3,0,0,5,0,0,0,0,3,1,6,6,2,22,5,1798,8,1,TOYOTA C-HR,3,E01000133,0,1
2024131455131,2024,131455131,1,9,0,-1,19,5,1,-1,0,0,0,0,0,0,1,1,-1,2,2,60,9,1987,8,3,TOYOTA C-HR,9,E01010681,0,1
2024221481788,2024,221481788,1,9,0,-1,19,2,6,-1,0,0,0,0,0,0,1,1,-1,6,1,75,10,1798,8,4,TOYOTA C-HR,7,E01028862,0,3
2024141493105,2024,141493105,1,9,0,-1,19,6,2,-1,0,8,0,0,0,0,1,1,-1,1,1,56,9,1798,8,5,TOYOTA C-HR,1,E01034842,0,1
2024010511051,2024,010511051,2,9,9,99,99,9,9,99,99,9,9,99,9,99,9,9,6,6,3,-1,-1,1798,8,1,TOYOTA C-HR,-1,-1,0,-1
2024522401846,2024,522401846,1,9,0,3,3,4,8,0,0,0,0,0,0,0,2,1,6,6,1,59,9,1987,8,1,TOYOTA C-HR,8,E01014896,0,2
2024201525451,2024,201525451,3,9,0,-1,7,2,4,-1,0,0,0,0,0,0,0,1,-1,9,2,62,9,1798,8,6,TOYOTA C-HR,6,E01009523,0,1
2024141403273,2024,141403273,1,9,0,-1,5,4,7,-1,0,6,0,0,0,0,3,1,-1,9,1,41,7,1798,8,5,TOYOTA C-HR,2,E01007968,0,2
2024201441996,2024,201441996,3,9,0,-1,2,0,0,-1,-1,0,0,0,0,0,2,9,-1,9,2,60,9,1798,8,7,TOYOTA C-HR,3,E01010137,0,1
2024052400541,2024,052400541,1,9,0,18,19,1,5,0,0,8,0,0,0,0,1,1,2,2,1,38,7,1798,8,3,TOYOTA C-HR,4,E01004923,0,4
2024501484432,2024,501484432,1,9,0,-1,7,2,4,-1,0,0,0,0,0,0,4,1,-1,9,2,62,9,1798,8,0,TOYOTA C-HR,3,E01015245,0,1
2024461401298,2024,461401298,2,9,0,-1,2,0,0,-1,0,0,0,0,0,0,2,9,-1,6,1,37,7,1798,8,1,TOYOTA C-HR,9,E01028115,0,5
2024010531351,2024,010531351,1,9,0,7,7,3,5,0,0,2,0,0,0,0,1,1,6,6,2,32,6,1798,8,6,TOYOTA C-HR,-1,-1,0,-1
2024351454731,2024,351454731,1,9,0,-1,4,7,3,-1,0,4,0,0,0,0,1,9,-1,6,2,28,6,1798,8,4,TOYOTA C-HR,1,E01015600,0,1
2024010506071,2024,010506071,1,9,0,5,5,0,1,0,0,5,0,0,0,0,0,1,6,6,1,46,8,1798,8,5,TOYOTA C-HR,2,E01001130,0,2
2024421523440,2024,421523440,1,9,0,-1,19,4,8,-1,0,1,0,0,7,0,3,1,-1,9,1,73,10,1798,8,2,TOYOTA C-HR,8,E01021885,0,1
2024010518888,2024,010518888,1,9,0,7,7,7,2,0,0,8,0,0,0,0,4,1,1,1,1,51,8,1798,8,6,TOYOTA C-HR,2,E01003489,0,2
2024542680724,2024,542680724,2,9,0,18,19,5,1,0,0,3,0,0,0,0,4,1,2,2,1,49,8,1798,8,6,TOYOTA C-HR,4,E01015511,0,1
2024461414330,2024,461414330,1,9,0,-1,19,3,7,-1,0,0,0,0,0,0,1,1,-1,6,1,43,7,1798,8,6,TOYOTA C-HR,-1,-1,0,-1
2024471538839,2024,471538839,1,9,0,-1,19,7,3,-1,0,0,0,0,0,0,1,1,-1,6,2,54,8,1798,8,7,TOYOTA C-HR,2,E01031454,0,1
202460Q129263,2024,60Q129263,2,9,0,4,4,3,7,0,0,4,0,0,0,0,2,1,6,6,1,40,7,1798,8,0,TOYOTA C-HR,-1,-1,0,-1
2024201443038,2024,201443038,2,9,0,-1,9,4,2,-1,0,6,0,0,0,0,1,1,-1,6,2,39,7,1798,8,3,TOYOTA C-HR,-1,-1,0,-1
2024461494236,2024,461494236,1,9,0,-1,9,5,2,-1,0,6,0,0,0,0,3,1,-1,6,2,56,9,1798,8,3,TOYOTA C-HR,8,E01016175,0,2
2024471534447,2024,471534447,1,9,0,-1,4,2,7,-1,0,0,0,0,0,0,4,9,-1,6,1,74,10,1798,8,4,TOYOTA C-HR,9,E01021191,0,1
2024010503018,2024,010503018,1,9,0,5,5,1,5,0,0,1,0,0,0,0,1,1,6,6,1,81,11,1798,8,3,TOYOTA C-HR,3,E01033100,0,1
2024201530080,2024,201530080,1,9,0,-1,3,1,5,-1,0,0,1,0,0,0,2,9,-1,6,2,45,7,1197,1,5,TOYOTA C-HR,1,E01009107,0,3
2024010522224,2024,010522224,1,9,0,5,5,1,5,0,0,8,0,0,0,0,1,1,6,6,3,-1,-1,1798,8,3,TOYOTA C-HR,-1,-1,0,-1
202454A316324,2024,54A316324,2,9,0,18,19,6,2,0,0,0,0,0,7,11,3,1,6,6,2,63,9,1798,8,2,TOYOTA C-HR,10,E01031948,0,2
2024031481217,2024,031481217,2,9,0,-1,19,1,5,-1,0,1,1,0,1,9,1,1,-1,9,1,73,10,1798,8,5,TOYOTA C-HR,9,E01019303,0,1
2024010540242,2024,010540242,1,9,0,18,19,5,1,9,9,1,0,0,0,0,1,1,6,6,3,-1,-1,1798,8,4,TOYOTA C-HR,-1,-1,0,-1
202460Q092612,2024,60Q092612,1,9,0,7,7,3,7,0,0,8,0,0,0,0,3,1,6,6,2,59,9,1798,8,5,TOYOTA C-HR,-1,-1,0,-1
2024201527517,2024,201527517,2,9,0,-1,19,8,3,-1,0,6,0,0,0,0,1,1,-1,6,2,41,7,1798,8,7,TOYOTA C-HR,2,E01010419,0,1
2024010540238,2024,010540238,1,9,0,3,3,5,1,0,0,1,0,0,1,0,4,1,6,6,3,-1,-1,1798,8,5,TOYOTA C-HR,1,E01016847,0,4
2024010528038,2024,010528038,1,9,0,18,19,5,1,0,0,8,0,0,0,0,2,1,6,6,1,32,6,1798,8,5,TOYOTA C-HR,10,E01016338,0,4
2024161515732,2024,161515732,1,9,0,-1,9,1,6,-1,0,1,0,0,0,0,1,1,-1,1,3,28,6,1798,8,0,TOYOTA C-HR,4,E01012820,0,1
2024631511415,2024,631511415,1,9,0,-1,12,6,2,-1,0,3,0,0,0,0,3,1,-1,6,1,73,10,1798,8,7,TOYOTA C-HR,4,W01000605,0,4
2024061527729,2024,061527729,1,8,0,-1,19,8,4,-1,0,8,0,0,0,0,1,1,-1,1,1,48,8,1798,8,3,TOYOTA C-HR,1,E01005061,0,2
2024522500142,2024,522500142,2,9,0,18,19,1,5,0,0,0,0,0,0,0,2,1,6,6,2,38,7,1798,8,1,TOYOTA C-HR,7,E01035218,0,1
2024010501155,2024,010501155,1,9,0,99,99,9,9,99,99,9,9,99,9,99,9,9,1,1,1,34,6,1987,8,4,TOYOTA C-HR,10,E01003889,0,2
2024411586823,2024,411586823,1,9,0,-1,19,5,1,-1,0,0,1,0,1,0,1,1,-1,6,1,18,4,1798,8,5,TOYOTA C-HR,10,E01023471,0,2
2024122401093,2024,122401093,1,9,0,10,10,1,5,0,0,2,0,0,0,0,3,1,6,6,1,61,9,1798,8,2,TOYOTA C-HR,4,E01013353,0,1
2024052400486,2024,052400486,1,9,0,18,19,7,3,0,0,1,0,0,0,0,1,1,6,6,2,67,10,1798,8,1,TOYOTA C-HR,6,E01007225,0,1
2024010519485,2024,010519485,2,9,0,17,19,1,5,9,9,1,5,0,1,4,1,1,6,6,1,24,5,1798,8,5,TOYOTA C-HR,-1,-1,0,-1
2024010530091,2024,010530091,2,9,0,18,19,7,3,0,0,1,0,0,0,0,0,1,6,6,2,46,8,1798,8,4,TOYOTA C-HR,7,E01001341,0,1
2024010526365,2024,010526365,2,9,0,11,11,9,9,99,99,5,9,99,9,99,9,9,6,6,1,25,5,1798,8,5,TOYOTA C-HR,1,E01015736,0,4
2024201525636,2024,201525636,2,8,0,-1,2,0,0,-1,0,0,0,0,0,0,3,1,-1,1,1,61,9,1798,8,4,TOYOTA C-HR,1,E01010462,0,1
2024991397463,2024,991397463,1,9,0,-1,19,7,4,-1,0,4,0,0,0,0,3,1,-1,9,1,79,11,1798,8,3,TOYOTA C-HR,2,-1,0,1
2024061477174,2024,061477174,1,9,0,-1,19,5,1,-1,0,8,0,0,0,0,4,1,-1,6,3,-1,-1,1798,8,4,TOYOTA C-HR,-1,-1,0,-1
2024010498989,2024,010498989,3,9,0,18,19,5,1,0,0,8,1,0,0,0,0,1,6,6,1,24,5,1798,8,7,TOYOTA C-HR,2,E01001693,0,3
2024010547856,2024,010547856,1,9,0,99,99,9,9,99,99,9,9,99,9,99,9,9,6,6,3,-1,-1,1798,8,3,TOYOTA C-HR,8,E01001039,0,1
2024201438874,2024,201438874,2,9,0,-1,19,4,8,-1,0,0,0,0,0,0,2,1,-1,6,1,71,10,1798,8,1,TOYOTA C-HR,-1,-1,0,-1
2024061472775,2024,061472775,2,8,9,-1,9,-1,-1,-1,0,5,0,0,0,0,1,1,-1,6,3,-1,-1,1798,8,6,TOYOTA C-HR,-1,-1,0,-1