collision_index,collision_year,collision_ref_no,vehicle_reference,vehicle_type,towing_and_articulation,vehicle_manoeuvre_historic,vehicle_manoeuvre,vehicle_direction_from,vehicle_direction_to,vehicle_location_restricted_lane_historic,vehicle_location_restricted_lane,junction_location,skidding_and_overturning,hit_object_in_carriageway,vehicle_leaving_carriageway,hit_object_off_carriageway,first_point_of_impact,vehicle_left_hand_drive,journey_purpose_of_driver_historic,journey_purpose_of_driver,sex_of_driver,age_of_driver,age_band_of_driver,engine_capacity_cc,propulsion_code,age_of_vehicle,generic_make_model,driver_imd_decile,lsoa_of_driver,escooter_flag,driver_distance_banding
2024131485851,2024,131485851,1,9,0,-1,1,1,1,-1,9,6,0,0,0,0,2,1,-1,6,2,52,8,1798,8,6,TOYOTA C-HR,4,E01010656,0,1
2024141458063,2024,141458063,2,9,0,-1,19,5,1,-1,0,2,0,0,0,0,0,9,-1,6,2,30,6,1798,8,5,TOYOTA C-HR,1,E01005350,0,4
2024010527055,2024,010527055,1,9,0,18,19,6,2,0,0,1,0,0,0,0,1,1,6,6,2,45,7,1798,8,3,TOYOTA C-HR,7,E01001269,0,1
2024211493844,2024,211493844,1,9,0,-1,3,5,1,-1,0,4,0,0,0,0,1,1,-1,6,2,59,9,1798,8,3,TOYOTA C-HR,-1,-1,0,-1
2024421483459,2024,421483459,2,9,0,-1,3,3,7,-1,0,1,0,0,0,0,2,1,-1,9,1,66,10,1798,8,0,TOYOTA C-HR,3,E01002243,0,4
2024010509565,2024,010509565,1,9,0,18,19,1,5,0,0,2,0,0,1,11,1,1,6,6,3,-1,-1,1798,8,4,TOYOTA C-HR,-1,-1,0,-1
2024430017405,2024,430017405,2,9,0,18,19,4,8,0,0,8,0,0,4,1,3,1,6,6,1,71,10,1798,8,6,TOYOTA C-HR,4,E01016715,0,1
2024401451982,2024,401451982,2,9,-1,-1,-1,-1,-1,-1,-1,0,-1,-1,-1,0,-1,9,-1,1,1,34,6,1798,8,4,TOYOTA C-HR,5,E01015753,0,1
2024010538392,2024,010538392,1,9,0,9,9,7,5,0,0,1,0,0,0,0,1,1,6,6,2,40,7,1798,8,1,TOYOTA C-HR,9,E01002155,0,4
2024010533624,2024,010533624,2,9,9,99,99,9,9,99,99,9,9,99,9,99,9,1,6,6,1,-1,-1,1798,8,3,TOYOTA C-HR,-1,-1,0,-1
2024061548583,2024,061548583,1,9,0,-1,9,1,1,-1,0,8,0,7,0,0,1,1,-1,9,1,30,6,1798,8,5,TOYOTA C-HR,2,E01005238,0,1
2024070849945,2024,070849945,3,9,0,-1,19,1,1,-1,0,0,0,0,0,0,2,1,-1,6,2,47,8,1987,8,1,TOYOTA C-HR,10,E01018503,0,1
2024351405215,2024,351405215,1,9,0,-1,19,1,5,-1,0,0,0,0,0,0,1,1,-1,2,2,43,7,1798,8,8,TOYOTA C-HR,2,E01015640,0,1
2024320043902,2024,320043902,2,9,0,-1,-1,6,2,0,0,0,0,0,0,0,2,1,1,1,2,47,8,1798,8,1,TOYOTA C-HR,2,E01011121,0,5
2024440176568,2024,440176568,1,9,0,9,9,1,7,0,0,8,0,0,0,0,1,1,1,1,1,60,9,1798,8,6,TOYOTA C-HR,8,E01023232,0,2
2024010501088,2024,010501088,1,9,0,99,99,9,9,99,99,9,9,99,9,99,9,1,6,6,3,-1,-1,1798,8,4,TOYOTA C-HR,-1,-1,0,-1
2024311517593,2024,311517593,1,9,0,-1,19,1,5,-1,0,0,0,0,0,0,1,1,-1,6,1,19,4,1987,8,0,TOYOTA C-HR,-1,-1,0,-1
2024010510134,2024,010510134,1,9,0,5,5,7,3,9,9,0,0,0,0,0,2,1,2,2,1,43,7,1197,1,7,TOYOTA C-HR,2,E01001130,0,3
2024201494847,2024,201494847,2,9,0,-1,3,4,4,-1,0,0,0,0,0,0,2,1,-1,6,1,42,7,1798,8,0,TOYOTA C-HR,8,E01016703,0,5
2024061468955,2024,061468955,1,9,0,-1,3,-1,-1,-1,0,4,0,0,0,0,2,1,-1,9,2,58,9,1798,8,3,TOYOTA C-HR,7,E01004904,0,1
2024440561684,2024,440561684,3,9,0,3,3,2,6,0,0,0,0,0,0,0,2,1,2,2,1,49,8,1798,8,5,TOYOTA C-HR,8,E01023084,0,3
2024010504372,2024,010504372,1,9,0,9,9,4,1,0,0,2,0,0,0,0,0,1,6,6,1,43,7,1798,8,6,TOYOTA C-HR,3,E01003544,0,3
2024340WN4812,2024,340WN4812,2,9,0,-1,4,7,3,-1,0,0,0,0,0,0,2,1,-1,9,1,42,7,1798,8,5,TOYOTA C-HR,1,E01027231,0,1
2024421527193,2024,421527193,2,9,0,-1,19,3,7,-1,0,4,0,0,0,0,1,1,-1,6,1,69,10,1798,8,0,TOYOTA C-HR,6,E01023491,0,1
2024531463385,2024,531463385,1,9,0,-1,19,1,5,-1,0,0,0,0,0,0,4,1,-1,9,2,51,8,1798,8,7,TOYOTA C-HR,8,E01034802,0,1
2024131513972,2024,131513972,2,9,0,-1,10,2,6,-1,0,1,0,0,0,0,2,1,-1,6,2,39,7,1798,8,5,TOYOTA C-HR,1,E01011899,0,1
2024131487310,2024,131487310,2,9,0,-1,4,1,5,-1,0,8,0,0,0,0,2,1,-1,9,1,42,7,1798,8,6,TOYOTA C-HR,1,E01010607,0,2
2024311534397,2024,311534397,2,9,0,-1,9,3,7,-1,0,5,0,0,0,0,3,1,-1,6,2,28,6,1798,8,0,TOYOTA C-HR,-1,-1,0,-1
2024061478358,2024,061478358,3,9,0,-1,19,7,3,-1,0,1,0,0,0,0,3,1,-1,9,2,43,7,1798,8,3,TOYOTA C-HR,9,E01006091,0,1
2024421425874,2024,421425874,2,9,0,-1,19,5,1,-1,0,0,0,0,0,0,1,1,-1,9,1,71,10,1987,8,2,TOYOTA C-HR,9,E01021824,0,1
2024451519099,2024,451519099,1,9,0,-1,2,7,3,-1,0,0,0,0,0,0,3,1,-1,2,1,32,6,1197,1,6,TOYOTA C-HR,6,E01034292,0,1
2024471432379,2024,471432379,1,9,0,-1,-1,-1,-1,-1,-1,0,-1,-1,-1,0,-1,1,-1,7,2,47,8,1798,8,5,TOYOTA C-HR,6,E01031705,0,1
2024421512186,2024,421512186,1,9,0,-1,10,5,1,-1,0,1,0,0,7,0,4,1,-1,2,2,63,9,1798,8,2,TOYOTA C-HR,-1,-1,0,-1
2024231411504,2024,231411504,2,9,0,-1,19,7,3,-1,0,8,0,0,0,0,1,9,-1,9,1,82,11,1798,8,5,TOYOTA C-HR,2,E01031097,0,1
2024010545343,2024,010545343,1,9,0,11,11,5,1,0,0,1,0,0,0,0,4,1,6,6,1,43,7,1798,8,5,TOYOTA C-HR,-1,-1,0,-1
2024451528642,2024,451528642,1,9,0,-1,3,-1,-1,-1,0,3,9,0,0,0,2,1,-1,2,2,34,6,1798,8,5,TOYOTA C-HR,10,E01030604,0,1
2024302400385,2024,302400385,1,9,0,16,19,2,5,0,0,0,1,0,0,0,3,1,6,6,1,61,9,1798,8,3,TOYOTA C-HR,5,E01013530,0,2
2024411394644,2024,411394644,1,8,0,-1,6,-1,-1,-1,0,0,0,0,0,0,1,9,-1,6,1,56,9,1798,8,6,TOYOTA C-HR,10,E01033190,0,2
2024231409845,2024,231409845,1,9,0,-1,9,2,4,-1,0,6,0,0,0,0,3,1,-1,6,1,31,6,1798,8,5,TOYOTA C-HR,6,E01031234,0,3
2024061454052,2024,061454052,1,8,0,-1,9,5,3,-1,0,8,0,0,0,0,4,1,-1,1,2,54,8,1798,8,1,TOYOTA C-HR,8,E01006889,0,3
2024451421553,2024,451421553,3,9,0,-1,2,0,0,-1,0,0,0,0,0,0,3,1,-1,6,-1,-1,-1,1798,8,7,TOYOTA C-HR,-1,-1,0,-1
2024231530682,2024,231530682,2,8,0,-1,2,0,0,-1,0,8,0,0,0,0,3,1,-1,9,1,50,8,1798,8,4,TOYOTA C-HR,4,E01032534,0,3
2024052401341,2024,052401341,1,8,0,1,1,4,8,0,0,0,0,0,0,0,2,1,1,1,1,46,8,1798,8,3,TOYOTA C-HR,1,E01033767,0,2
2024010525183,2024,010525183,1,9,0,99,99,9,9,99,99,9,9,99,9,99,9,9,6,6,3,-1,-1,1798,8,6,TOYOTA C-HR,4,E01003578,0,3
2024461513486,2024,461513486,1,9,0,-1,19,3,7,-1,0,0,0,0,0,0,1,9,-1,1,2,31,6,1798,8,7,TOYOTA C-HR,7,E01024350,0,2
2024501517814,2024,501517814,1,9,0,-1,19,3,7,-1,0,0,0,0,0,0,1,1,-1,2,1,31,6,1798,8,0,TOYOTA C-HR,1,E01015196,0,1
2024461514649,2024,461514649,1,9,0,-1,9,7,5,-1,0,2,0,0,0,0,1,9,-1,6,1,-1,-1,1798,8,7,TOYOTA C-HR,6,E01024530,0,2
2024302400688,2024,302400688,2,9,0,18,19,6,4,0,0,0,0,0,0,0,3,1,2,2,2,41,7,1798,8,7,TOYOTA C-HR,9,E01028120,0,2
2024010547729,2024,010547729,1,9,0,99,99,9,9,99,99,9,9,99,9,99,1,9,6,6,2,43,7,1798,8,1,TOYOTA C-HR,9,E01033957,0,4
2024401506429,2024,401506429,1,9,-1,-1,-1,-1,-1,-1,-1,-1,-1,-1,-1,0,-1,9,-1,1,1,51,8,1798,8,4,TOYOTA C-HR,3,E01015702,0,1
2024461507072,2024,461507072,1,9,0,-1,19,3,7,-1,0,0,0,0,1,11,1,1,-1,1,1,57,9,1987,8,4,TOYOTA C-HR,7,E01024798,0,2
2024401444092,2024,401444092,1,9,-1,-1,-1,-1,-1,-1,-1,0,-1,-1,-1,0,-1,9,-1,6,1,43,7,1798,8,2,TOYOTA C-HR,5,E01034429,0,1
2024131431016,2024,131431016,1,9,0,-1,5,7,3,-1,0,0,0,0,0,0,1,1,-1,9,1,76,11,1798,8,3,TOYOTA C-HR,5,E01010991,0,1
2024131474415,2024,131474415,1,9,0,-1,19,6,2,-1,0,2,0,0,0,0,3,1,-1,6,2,56,9,1798,8,4,TOYOTA C-HR,4,E01010798,0,1
2024201470321,2024,201470321,2,9,0,-1,19,6,2,-1,0,0,1,0,0,0,4,1,-1,9,2,38,7,1197,1,6,TOYOTA C-HR,2,E01009995,0,1
2024141525171,2024,141525171,1,9,0,-1,19,7,3,-1,0,1,0,0,0,0,1,1,-1,1,1,40,7,1798,8,4,TOYOTA C-HR,1,E01007874,0,2
2024501410834,2024,501410834,1,9,0,-1,19,1,6,-1,0,1,1,0,0,0,4,1,-1,1,2,27,6,1798,8,1,TOYOTA C-HR,2,E01015171,0,1
2024991452235,2024,991452235,1,9,0,-1,5,5,8,-1,0,1,0,0,0,0,3,1,-1,6,1,74,10,1798,8,4,TOYOTA C-HR,-1,-1,0,-1
2024991456774,2024,991456774,1,9,0,-1,19,2,5,-1,0,0,0,0,0,0,3,1,-1,9,1,78,11,1987,8,0,TOYOTA C-HR,4,-1,0,4
2024010537727,2024,010537727,1,8,0,9,9,1,7,0,0,8,0,0,0,0,0,1,1,1,2,56,9,1197,1,7,TOYOTA C-HR,3,E01001629,0,2
2024461497168,2024,461497168,1,9,0,-1,4,5,1,-1,0,0,0,0,0,0,1,1,-1,9,2,36,7,1798,8,5,TOYOTA C-HR,4,E01001023,0,4
2024041455040,2024,041455040,2,9,0,-1,4,7,3,-1,0,1,0,0,0,0,2,1,-1,9,2,31,6,1798,8,5,TOYOTA C-HR,2,E01025268,0,3
2024061496299,2024,061496299,1,9,0,-1,19,7,3,-1,0,0,0,0,0,0,1,1,-1,9,1,77,11,1798,8,2,TOYOTA C-HR,1,E01005370,0,1
2024543057524,2024,543057524,1,9,0,7,7,8,2,9,9,6,0,0,0,0,1,1,1,1,2,52,8,1987,8,1,TOYOTA C-HR,6,E01032692,0,3
2024302400436,2024,302400436,1,9,0,4,4,6,2,0,0,0,0,0,0,0,2,1,6,6,1,57,9,1197,1,5,TOYOTA C-HR,4,E01012802,0,5
2024361462937,2024,361462937,2,9,0,-1,19,1,5,-1,0,0,0,0,0,0,1,1,-1,1,1,42,7,1798,8,1,TOYOTA C-HR,-1,-1,0,-1
2024440020531,2024,440020531,2,9,0,14,14,2,6,0,0,0,0,0,0,0,1,1,6,6,2,-1,-1,1798,8,2,TOYOTA C-HR,-1,-1,0,-1
2024010515145,2024,010515145,1,9,0,9,9,8,5,0,0,8,0,0,0,0,3,1,1,1,1,42,7,1798,8,7,TOYOTA C-HR,4,E01004462,0,2
2024430581673,2024,430581673,1,9,0,2,2,0,0,0,0,0,0,0,0,0,3,1,6,6,1,42,7,1798,8,6,TOYOTA C-HR,8,E01016703,0,2
2024141533254,2024,141533254,2,9,0,-1,19,4,8,-1,0,1,0,0,0,0,1,1,-1,9,1,55,8,1798,8,4,TOYOTA C-HR,1,E01008082,0,2
2024991401658,2024,991401658,1,9,0,-1,6,6,2,-1,0,0,0,0,0,0,3,1,-1,1,1,59,9,1798,8,7,TOYOTA C-HR,10,-1,0,1
2024302400961,2024,302400961,1,9,0,18,19,3,7,0,0,0,0,0,0,0,2,1,2,2,1,74,10,1197,1,5,TOYOTA C-HR,10,E01028084,0,2
2024010499346,2024,010499346,1,9,0,99,99,9,9,99,99,9,9,99,9,99,2,9,6,6,2,31,6,1798,8,5,TOYOTA C-HR,4,E01004408,0,1
2024131510095,2024,131510095,1,9,0,-1,-1,-1,-1,-1,-1,-1,-1,-1,-1,-1,-1,1,-1,6,3,-1,-1,1798,8,3,TOYOTA C-HR,-1,-1,0,-1
2024340NN4682,2024,340NN4682,2,8,0,-1,9,5,3,-1,0,8,0,0,0,0,3,1,-1,1,1,21,5,1798,8,7,TOYOTA C-HR,2,E01027226,0,2
2024991526716,2024,991526716,1,8,0,-1,4,3,7,-1,0,0,0,0,0,0,4,1,-1,1,1,56,9,1798,8,3,TOYOTA C-HR,3,-1,0,2
2024010521108,2024,010521108,1,9,0,99,99,9,9,99,99,9,9,99,9,99,9,9,6,6,2,67,10,1798,8,4,TOYOTA C-HR,2,E01035585,0,3
2024010518646,2024,010518646,1,9,9,99,99,9,9,99,99,9,5,99,0,0,9,9,6,6,3,-1,-1,1798,8,7,TOYOTA C-HR,-1,-1,0,-1
2024061527062,2024,061527062,1,9,0,-1,2,-1,-1,-1,99,0,0,0,3,0,2,1,-1,6,1,25,5,1798,8,4,TOYOTA C-HR,7,E01005847,0,3
2024991444657,2024,991444657,2,9,0,-1,19,3,8,-1,0,0,0,0,0,0,1,1,-1,9,1,50,8,1798,8,4,TOYOTA C-HR,-1,-1,0,-1
2024010542249,2024,010542249,2,9,0,18,19,9,9,99,99,9,9,99,9,99,1,9,6,6,1,36,7,1798,8,6,TOYOTA C-HR,5,E01004564,0,1
2024991534683,2024,991534683,2,9,0,-1,5,6,3,-1,0,0,0,0,0,0,0,1,-1,2,1,38,7,1798,8,3,TOYOTA C-HR,7,-1,0,2
2024501527236,2024,501527236,2,9,0,-1,19,4,8,-1,0,1,0,0,0,0,4,1,-1,9,1,57,9,1197,1,7,TOYOTA C-HR,3,E01020297,0,1
2024201443115,2024,201443115,1,9,0,-1,13,4,8,-1,0,8,0,0,0,0,1,1,-1,6,1,20,4,1797,8,6,TOYOTA C-HR,-1,-1,0,-1
2024320058666,2024,320058666,2,9,0,2,2,0,0,0,0,2,0,0,0,0,4,1,-1,-1,2,38,7,1197,1,7,TOYOTA C-HR,6,E01026199,0,3
2024141456167,2024,141456167,1,9,0,-1,19,5,1,-1,0,1,0,0,1,11,2,1,-1,9,2,46,8,1798,8,1,TOYOTA C-HR,6,E01008087,0,1
2024010521441,2024,010521441,2,9,0,18,19,3,7,0,0,0,0,0,0,0,2,1,6,6,1,28,6,1798,8,3,TOYOTA C-HR,3,E01034207,0,1
2024010500446,2024,010500446,1,9,0,99,99,9,9,99,99,9,9,99,9,99,2,9,6,6,2,51,8,1987,8,4,TOYOTA C-HR,3,E01001650,0,3
2024471459389,2024,471459389,1,9,0,-1,19,7,3,-1,0,1,2,0,7,9,1,1,-1,9,1,20,4,1364,1,18,VAUXHALL TIGRA,5,E01034302,0,2
2024461403657,2024,461403657,1,9,0,-1,19,7,3,-1,0,0,0,0,0,0,1,9,-1,6,2,-1,-1,1796,1,16,VAUXHALL TIGRA,-1,-1,0,-1
2024010527256,2024,010527256,3,9,0,99,99,9,9,99,99,9,9,99,9,99,9,9,6,6,3,-1,-1,1364,1,17,VAUXHALL TIGRA,-1,-1,0,-1
2024052400112,2024,052400112,2,9,0,9,9,7,3,0,0,6,0,0,0,0,3,1,6,6,3,-1,-1,1364,1,17,VAUXHALL TIGRA,-1,-1,0,-1
2024041400070,2024,041400070,1,9,0,-1,19,3,1,-1,0,1,0,0,0,0,4,1,-1,9,1,22,5,1364,1,17,VAUXHALL TIGRA,4,E01025093,0,1
2024461523832,2024,461523832,1,9,0,-1,14,8,3,-1,0,8,0,0,7,0,1,1,-1,6,1,35,6,1364,1,18,VAUXHALL TIGRA,-1,-1,0,-1
2024411526654,2024,411526654,2,9,0,-1,-1,-1,-1,-1,-1,8,-1,-1,-1,0,4,1,-1,6,1,54,8,1364,1,18,VAUXHALL TIGRA,2,E01035570,0,1
2024052400158,2024,052400158,1,9,0,9,9,7,4,0,0,1,0,0,0,0,1,1,6,6,1,53,8,1364,1,16,VAUXHALL TIGRA,-1,-1,0,-1
2024421414672,2024,421414672,1,9,0,-1,19,3,7,-1,0,1,0,0,0,0,1,9,-1,6,2,-1,-1,1796,1,16,VAUXHALL TIGRA,-1,-1,0,-1
2024211451784,2024,211451784,1,9,0,-1,19,1,5,-1,0,0,1,0,7,0,4,1,-1,9,2,83,11,1364,1,20,VAUXHALL TIGRA,-1,-1,0,-1
2024010519339,2024,010519339,1,9,9,18,19,5,1,99,99,9,9,99,9,99,9,9,6,6,2,62,9,1364,1,15,VAUXHALL TIGRA,5,E01003375,0,1
2024440257184,2024,440257184,1,9,0,18,19,4,8,0,0,2,0,0,0,0,1,1,2,2,2,32,6,1364,1,18,VAUXHALL TIGRA,-1,-1,0,-1
2024440489315,2024,440489315,1,9,0,16,19,5,1,0,0,0,5,0,7,1,3,1,6,6,2,58,9,1364,1,16,VAUXHALL TIGRA,7,E01023235,0,3
2024010497324,2024,010497324,1,9,0,18,19,7,3,0,0,0,0,0,0,0,1,1,6,6,1,-1,-1,1364,1,16,VAUXHALL TIGRA,-1,-1,0,-1
2024122401063,2024,122401063,1,9,0,5,5,3,8,0,0,4,0,0,1,0,1,1,2,2,2,57,9,1364,1,16,VAUXHALL TIGRA,1,E01012096,0,3
2024231459296,2024,231459296,1,9,0,-1,19,6,8,-1,0,8,5,10,7,4,1,1,-1,9,1,19,4,1796,1,20,VAUXHALL TIGRA,2,E01009409,0,3
2024161440692,2024,161440692,1,9,0,-1,14,5,1,-1,0,2,0,0,0,0,1,1,-1,6,2,48,8,1796,1,16,VAUXHALL TIGRA,5,E01012829,0,1
2024411541256,2024,411541256,3,9,0,-1,2,0,0,-1,0,1,0,0,0,0,4,1,-1,6,-1,-1,-1,1364,1,16,VAUXHALL TIGRA,-1,-1,0,-1
2024052402187,2024,052402187,1,9,0,9,9,4,2,0,0,8,0,0,1,0,4,1,6,6,2,47,8,1198,3,0,-1,1,E01007139,0,2
2024010541099,2024,010541099,3,9,0,18,19,7,3,0,0,0,0,0,0,0,2,1,2,2,1,56,9,-1,3,0,-1,6,E01024152,0,1
2024201447199,2024,201447199,2,9,0,-1,5,2,6,-1,0,6,0,0,0,0,4,1,-1,9,1,40,7,-1,3,0,-1,-1,-1,0,-1
2024131396888,2024,131396888,1,9,0,-1,19,3,7,-1,0,8,0,0,0,0,1,1,-1,6,1,56,9,2316,1,37,-1,9,E01005410,0,2
202454E374624,2024,54E374624,2,11,0,18,19,1,5,0,0,0,0,0,0,0,3,1,1,1,1,31,6,6700,2,8,ALEXANDER DENNIS MODEL MISSING,10,E01014411,0,3
2024010497364,2024,010497364,1,11,0,18,19,5,1,2,2,1,0,0,0,0,0,1,1,1,1,47,8,6700,2,5,ALEXANDER DENNIS MODEL MISSING,3,E01003121,0,3
2024101414870,2024,101414870,1,11,0,-1,1,1,5,-1,2,0,0,0,0,0,0,1,-1,1,1,57,9,6696,2,9,ALEXANDER DENNIS MODEL MISSING,-1,-1,0,-1
2024501449967,2024,501449967,2,11,0,-1,19,2,6,-1,0,0,1,0,0,0,1,1,-1,1,1,25,5,4500,2,4,ALEXANDER DENNIS MODEL MISSING,2,E01018797,0,4
2024332400804,2024,332400804,1,11,0,-1,6,7,7,-1,0,0,0,0,0,0,3,1,-1,1,1,51,8,4500,2,12,ALEXANDER DENNIS MODEL MISSING,7,E01026333,0,4
2024201470246,2024,201470246,2,11,0,-1,4,6,2,-1,0,0,0,0,0,0,2,9,-1,1,1,59,9,6700,2,5,ALEXANDER DENNIS MODEL MISSING,1,E01009322,0,1
2024010548478,2024,010548478,1,11,0,5,5,7,3,0,0,0,0,11,0,0,0,1,1,1,1,55,8,4500,2,1,ALEXANDER DENNIS MODEL MISSING,4,E01002411,0,3
2024501471457,2024,501471457,1,11,0,-1,4,6,2,-1,2,0,0,0,0,0,4,1,-1,9,1,49,8,6700,2,16,ALEXANDER DENNIS MODEL MISSING,10,E01029172,0,3
2024991469386,2024,991469386,1,11,0,-1,19,3,7,-1,0,2,0,0,0,0,1,1,-1,1,1,53,8,4500,2,9,ALEXANDER DENNIS MODEL MISSING,6,-1,0,1
2024010531760,2024,010531760,2,11,0,18,19,1,5,0,0,2,0,0,0,0,2,1,1,1,1,37,7,6700,2,13,ALEXANDER DENNIS MODEL MISSING,2,E01000034,0,2
2024101509364,2024,101509364,1,11,0,-1,4,2,6,-1,0,0,0,0,0,0,0,9,-1,1,1,50,8,6700,2,8,ALEXANDER DENNIS MODEL MISSING,1,E01008299,0,1
2024041507130,2024,041507130,1,11,0,-1,19,7,3,-1,0,0,0,0,0,0,1,1,-1,1,1,44,7,6696,2,9,ALEXANDER DENNIS MODEL MISSING,2,E01025232,0,1
2024010509427,2024,010509427,1,11,0,18,19,5,1,0,0,1,0,0,0,0,0,1,1,1,1,58,9,6700,2,12,ALEXANDER DENNIS MODEL MISSING,2,E01002003,0,1
2024052400793,2024,052400793,1,11,0,18,19,5,1,0,0,0,0,0,0,0,4,1,1,1,1,63,9,6696,2,9,ALEXANDER DENNIS MODEL MISSING,2,E01006656,0,1
2024211443663,2024,211443663,1,11,0,-1,3,3,6,-1,0,0,0,0,0,0,0,1,-1,1,1,51,8,4461,2,6,ALEXANDER DENNIS MODEL MISSING,2,E01029717,0,4
2024501503529,2024,501503529,2,11,0,-1,19,3,7,-1,0,0,0,0,0,0,0,1,-1,7,1,64,9,6700,2,4,ALEXANDER DENNIS MODEL MISSING,6,E01018853,0,4
2024991472039,2024,991472039,1,11,0,-1,19,4,8,-1,0,0,0,0,0,0,1,1,-1,1,1,53,8,6700,2,6,ALEXANDER DENNIS MODEL MISSING,-1,-1,0,-1
2024031454875,2024,031454875,1,11,0,-1,19,1,5,-1,2,2,0,0,0,0,1,1,-1,1,2,31,6,4461,2,10,ALEXANDER DENNIS MODEL MISSING,4,E01019217,0,1
2024531475862,2024,531475862,1,11,0,-1,9,6,2,-1,0,2,0,0,0,0,4,1,-1,1,1,52,8,6700,2,13,ALEXANDER DENNIS MODEL MISSING,6,E01034798,0,2
2024451478899,2024,451478899,3,11,0,-1,3,1,3,-1,0,0,0,0,0,0,0,1,-1,1,1,54,8,4500,2,12,ALEXANDER DENNIS MODEL MISSING,6,E01034290,0,4
2024010487439,2024,010487439,1,11,0,18,19,7,3,0,0,0,1,0,0,0,1,1,1,1,1,58,9,4500,2,7,ALEXANDER DENNIS MODEL MISSING,1,E01001761,0,1
2024010512371,2024,010512371,1,11,0,4,4,1,5,2,2,0,0,0,0,0,0,1,1,1,1,48,8,6700,2,12,ALEXANDER DENNIS MODEL MISSING,1,E01000521,0,1
2024991457255,2024,991457255,2,11,0,-1,9,3,1,-1,0,8,0,0,0,0,0,1,-1,1,1,45,7,4500,2,9,ALEXANDER DENNIS MODEL MISSING,2,-1,0,3
2024101522181,2024,101522181,2,11,0,-1,19,4,8,-1,0,0,0,0,0,0,-1,9,-1,1,1,38,7,6696,2,10,ALEXANDER DENNIS MODEL MISSING,2,E01008377,0,1
2024471418563,2024,471418563,1,11,0,-1,3,4,8,-1,0,0,0,0,0,0,0,1,-1,1,1,56,9,4500,2,4,ALEXANDER DENNIS MODEL MISSING,5,E01021064,0,2
2024332400467,2024,332400467,1,11,0,-1,19,1,5,-1,0,0,0,0,0,0,1,1,-1,1,1,59,9,4500,2,2,ALEXANDER DENNIS MODEL MISSING,7,E01025757,0,2
2024010524046,2024,010524046,1,11,0,99,99,9,9,99,99,9,9,99,9,99,0,9,6,6,1,31,6,4500,2,13,ALEXANDER DENNIS MODEL MISSING,8,E01001132,0,2
2024010541695,2024,010541695,1,11,0,18,19,1,5,0,0,2,0,0,0,0,1,1,1,1,1,45,7,6700,2,12,ALEXANDER DENNIS MODEL MISSING,2,E01002090,0,1
2024010534336,2024,010534336,1,11,0,3,3,7,3,2,2,2,0,0,0,0,0,1,6,6,1,54,8,4500,2,7,ALEXANDER DENNIS MODEL MISSING,9,E01003812,0,2
2024531459174,2024,531459174,1,11,0,-1,19,3,7,-1,0,2,1,0,0,0,1,1,-1,1,1,42,7,6700,2,13,ALEXANDER DENNIS MODEL MISSING,5,E01022321,0,1
202454D543524,2024,54D543524,1,11,0,4,4,4,8,0,0,1,0,0,0,0,1,1,6,6,1,36,7,6696,2,11,ALEXANDER DENNIS MODEL MISSING,4,E01031980,0,1
2024451513058,2024,451513058,1,11,0,-1,5,3,7,-1,2,0,0,0,0,0,0,1,-1,1,2,54,8,6700,2,13,ALEXANDER DENNIS MODEL MISSING,2,E01001055,0,2
2024361420907,2024,361420907,1,11,0,-1,19,5,1,-1,0,8,0,0,0,0,3,1,-1,1,1,37,7,6700,2,14,ALEXANDER DENNIS MODEL MISSING,6,E01026498,0,3
2024010545047,2024,010545047,1,11,0,18,19,1,5,2,2,1,0,0,0,0,0,1,2,2,1,43,7,6700,2,13,ALEXANDER DENNIS MODEL MISSING,3,E01003299,0,1
2024010543254,2024,010543254,1,11,0,4,4,5,1,0,0,0,0,0,0,0,0,1,1,1,1,36,7,4500,2,6,ALEXANDER DENNIS MODEL MISSING,3,E01003980,0,1
2024010545095,2024,010545095,1,11,0,17,19,5,1,0,0,0,0,0,0,0,1,1,2,2,1,40,7,4500,2,8,ALEXANDER DENNIS MODEL MISSING,2,E01003511,0,1
2024552400818,2024,552400818,2,11,0,18,19,8,4,0,0,8,0,0,0,0,4,1,1,1,1,31,6,6700,2,0,ALEXANDER DENNIS MODEL MISSING,7,E01015324,0,1
2024471490515,2024,471490515,2,11,0,-1,19,1,5,-1,0,0,0,0,0,0,4,1,-1,1,1,52,8,4500,2,15,ALEXANDER DENNIS MODEL MISSING,3,E01031400,0,3
2024010502379,2024,010502379,1,11,0,2,2,0,0,0,0,2,0,0,0,0,2,1,6,6,3,-1,-1,4500,2,4,ALEXANDER DENNIS MODEL MISSING,-1,-1,0,-1
2024010526499,2024,010526499,1,11,0,18,19,1,5,0,0,1,0,0,0,0,0,1,1,1,1,35,6,6700,2,12,ALEXANDER DENNIS MODEL MISSING,3,E01003689,0,1
2024501415297,2024,501415297,1,11,0,-1,19,2,6,-1,0,0,0,0,0,0,3,9,-1,1,1,65,9,4461,2,10,ALEXANDER DENNIS MODEL MISSING,3,E01020037,0,1
2024430230223,2024,430230223,2,11,0,18,19,3,7,0,0,1,0,0,0,0,1,1,1,1,1,56,9,6696,2,9,ALEXANDER DENNIS MODEL MISSING,4,E01028529,0,1