collision_index,collision_year,collision_ref_no,vehicle_reference,vehicle_type,towing_and_articulation,vehicle_manoeuvre_historic,vehicle_manoeuvre,vehicle_direction_from,vehicle_direction_to,vehicle_location_restricted_lane_historic,vehicle_location_restricted_lane,junction_location,skidding_and_overturning,hit_object_in_carriageway,vehicle_leaving_carriageway,hit_object_off_carriageway,first_point_of_impact,vehicle_left_hand_drive,journey_purpose_of_driver_historic,journey_purpose_of_driver,sex_of_driver,age_of_driver,age_band_of_driver,engine_capacity_cc,propulsion_code,age_of_vehicle,generic_make_model,driver_imd_decile,lsoa_of_driver,escooter_flag,driver_distance_banding
2024461467751,2024,461467751,1,11,0,-1,19,1,5,-1,0,8,0,0,0,0,1,9,-1,2,1,-1,-1,6700,2,8,ALEXANDER DENNIS MODEL MISSING,7,E01024455,0,4
202454D009724,2024,54D009724,2,11,0,5,5,8,4,2,2,6,0,0,0,0,1,1,1,1,1,44,7,6700,2,7,ALEXANDER DENNIS MODEL MISSING,1,E01015542,0,1
2024010504879,2024,010504879,1,11,0,17,19,1,5,0,0,1,0,0,1,0,3,1,1,1,1,52,8,4500,2,7,ALEXANDER DENNIS MODEL MISSING,4,E01003919,0,3
2024010551146,2024,010551146,1,11,0,18,19,5,1,0,0,8,0,0,0,0,0,1,1,1,1,57,9,4500,2,7,ALEXANDER DENNIS MODEL MISSING,3,E01002403,0,1
2024520003069,2024,520003069,1,11,0,11,11,3,7,2,2,2,0,0,0,0,4,1,6,6,1,32,6,6700,2,8,ALEXANDER DENNIS MODEL MISSING,6,E01031926,0,3
2024201435193,2024,201435193,1,11,0,-1,19,6,2,-1,0,1,0,0,0,0,1,9,-1,1,2,53,8,4461,2,9,ALEXANDER DENNIS MODEL MISSING,1,E01010400,0,2
2024010523000,2024,010523000,1,11,0,4,4,4,8,0,0,0,0,0,0,0,1,1,6,6,1,45,7,4500,2,7,ALEXANDER DENNIS MODEL MISSING,6,E01003279,0,1
2024010517512,2024,010517512,2,11,0,8,8,1,3,0,0,1,0,0,0,0,1,1,1,1,1,43,7,4500,2,10,ALEXANDER DENNIS MODEL MISSING,7,E01033742,0,1
2024302401433,2024,302401433,1,11,0,5,5,4,8,0,0,0,0,0,0,0,0,1,6,6,1,22,5,6696,2,10,ALEXANDER DENNIS MODEL MISSING,2,E01027977,0,2
2024010551394,2024,010551394,1,11,0,9,9,1,7,0,0,2,0,0,0,0,4,1,1,1,1,37,7,6700,2,6,ALEXANDER DENNIS MODEL MISSING,2,E01004301,0,1
2024010506413,2024,010506413,1,11,0,18,19,2,6,0,0,8,0,0,0,0,1,1,1,1,1,61,9,4461,2,11,ALEXANDER DENNIS MODEL MISSING,-1,-1,0,-1
2024161440692,2024,161440692,2,11,0,-1,2,5,1,-1,0,2,0,0,0,0,0,1,-1,1,1,58,9,6700,2,5,ALEXANDER DENNIS MODEL MISSING,1,E01012834,0,2
2024070632619,2024,070632619,1,11,0,9,9,1,3,9,9,1,0,0,0,0,1,1,1,1,1,68,10,6700,2,15,ALEXANDER DENNIS MODEL MISSING,1,E01018310,0,1
2024010488486,2024,010488486,1,11,2,4,4,1,5,2,2,0,0,0,0,0,0,1,1,1,1,55,8,4500,2,12,ALEXANDER DENNIS MODEL MISSING,6,E01001091,0,2
2024061505812,2024,061505812,2,11,0,-1,19,5,5,-1,0,0,0,0,0,0,1,1,-1,1,1,47,8,4500,2,0,ALEXANDER DENNIS MODEL MISSING,7,E01005597,0,4
2024010519104,2024,010519104,2,11,0,9,9,5,2,0,0,8,0,0,0,0,4,1,1,1,1,59,9,4500,2,7,ALEXANDER DENNIS MODEL MISSING,1,E01035639,0,1
2024010500075,2024,010500075,1,11,0,18,19,5,1,2,2,0,0,0,0,0,0,1,1,1,2,37,7,4500,2,8,ALEXANDER DENNIS MODEL MISSING,4,E01002559,0,1
2024161495974,2024,161495974,2,11,0,-1,19,2,6,-1,0,1,0,0,0,0,3,9,-1,1,2,27,6,6700,2,1,ALEXANDER DENNIS MODEL MISSING,1,E01012805,0,1
2024101516492,2024,101516492,1,11,0,-1,5,7,3,-1,0,2,0,0,0,0,0,1,-1,1,1,48,8,6700,2,13,ALEXANDER DENNIS MODEL MISSING,8,E01008558,0,2
2024010548191,2024,010548191,1,11,0,99,99,9,9,99,99,9,9,99,9,99,1,1,6,6,3,-1,-1,4500,2,12,ALEXANDER DENNIS MODEL MISSING,4,E01003969,0,1
2024440043455,2024,440043455,1,11,0,18,19,8,4,0,0,1,0,0,0,0,4,1,1,1,3,-1,-1,6700,2,8,ALEXANDER DENNIS MODEL MISSING,-1,-1,0,-1
2024471453585,2024,471453585,3,11,0,-1,19,7,3,-1,0,0,0,0,1,11,1,1,-1,2,1,50,8,4500,2,12,ALEXANDER DENNIS MODEL MISSING,5,E01031470,0,3
2024430277252,2024,430277252,1,11,0,5,5,2,6,0,0,0,-1,0,0,0,0,1,1,1,1,45,7,4500,2,7,ALEXANDER DENNIS MODEL MISSING,-1,-1,0,-1
2024010532298,2024,010532298,1,11,0,5,5,6,2,0,0,1,0,0,0,0,1,1,1,1,1,61,9,4500,2,10,ALEXANDER DENNIS MODEL MISSING,-1,-1,0,-1
2024421528400,2024,421528400,1,11,0,-1,19,2,6,-1,0,0,0,0,0,0,4,9,-1,6,1,-1,-1,6700,2,12,ALEXANDER DENNIS MODEL MISSING,-1,-1,0,-1
2024461412503,2024,461412503,1,11,0,-1,19,7,2,-1,0,8,0,0,0,0,0,9,-1,1,2,49,8,6700,2,5,ALEXANDER DENNIS MODEL MISSING,3,E01024695,0,1
2024061530648,2024,061530648,1,11,-1,-1,-1,-1,-1,-1,-1,-1,-1,-1,-1,0,-1,9,-1,1,3,-1,-1,6700,2,4,ALEXANDER DENNIS MODEL MISSING,-1,-1,0,-1
2024201456493,2024,201456493,1,11,0,-1,19,1,5,-1,0,0,0,0,0,0,1,1,-1,1,1,50,8,6700,2,15,ALEXANDER DENNIS MODEL MISSING,2,E01009403,0,1
2024010522270,2024,010522270,1,11,0,18,19,5,1,0,0,1,0,0,0,0,2,1,1,1,3,59,9,4500,2,8,ALEXANDER DENNIS MODEL MISSING,7,E01000326,0,3
2024052401210,2024,052401210,2,11,0,18,19,6,2,0,0,1,0,0,0,0,0,1,1,1,1,48,8,6696,2,10,ALEXANDER DENNIS MODEL MISSING,-1,-1,0,-1
2024010515796,2024,010515796,1,11,9,18,19,7,3,0,0,0,0,0,0,0,3,1,1,1,3,24,5,6700,2,15,ALEXANDER DENNIS MODEL MISSING,4,E01002098,0,4
2024071060212,2024,071060212,1,11,0,-1,19,7,3,-1,0,0,0,4,0,0,1,1,-1,1,1,73,10,4461,2,10,ALEXANDER DENNIS MODEL MISSING,2,E01012545,0,2
2024010498859,2024,010498859,1,11,0,18,19,7,3,0,0,8,0,0,0,0,1,1,1,1,2,49,8,6700,2,8,ALEXANDER DENNIS MODEL MISSING,3,E01000082,0,2
2024440460227,2024,440460227,2,11,0,18,19,1,0,0,0,8,0,0,0,0,1,1,1,1,2,54,8,4500,2,16,ALEXANDER DENNIS MODEL MISSING,6,E01022486,0,2
2024440298113,2024,440298113,1,11,0,9,9,7,5,0,0,1,0,0,0,0,2,1,1,1,1,43,7,6700,2,6,ALEXANDER DENNIS MODEL MISSING,1,E01017155,0,1
2024010538733,2024,010538733,2,11,0,9,9,5,3,0,0,4,0,0,0,0,1,1,1,1,1,54,8,6700,2,5,ALEXANDER DENNIS MODEL MISSING,5,E01021518,0,4
2024010539453,2024,010539453,1,11,0,18,19,7,3,0,0,2,0,0,0,0,0,1,1,1,1,24,5,4500,2,5,ALEXANDER DENNIS MODEL MISSING,3,E01034615,0,3
2024211518564,2024,211518564,2,11,0,-1,5,3,7,-1,0,0,0,0,0,0,1,1,-1,1,1,29,6,4500,2,2,ALEXANDER DENNIS MODEL MISSING,-1,-1,0,-1
2024991442921,2024,991442921,1,11,0,-1,19,3,7,-1,0,8,0,0,0,0,1,1,-1,6,1,31,6,6700,2,7,ALEXANDER DENNIS MODEL MISSING,4,-1,0,4
2024010522455,2024,010522455,1,11,0,99,99,9,9,99,99,0,9,99,9,99,0,9,1,1,1,46,8,6700,2,9,ALEXANDER DENNIS MODEL MISSING,4,E01002350,0,2
2024231531574,2024,231531574,2,11,0,-1,19,5,1,-1,0,6,0,0,0,0,1,1,-1,1,1,58,9,4461,2,10,ALEXANDER DENNIS MODEL MISSING,1,E01009495,0,4
2024991403257,2024,991403257,1,11,0,-1,19,4,8,-1,0,1,0,0,0,0,1,1,-1,1,1,55,8,6696,2,11,ALEXANDER DENNIS MODEL MISSING,1,-1,0,1
2024010523022,2024,010523022,1,11,0,18,19,1,5,2,2,0,0,0,0,0,1,1,1,1,1,23,5,4500,2,9,ALEXANDER DENNIS MODEL MISSING,2,E01001110,0,1
2024052402825,2024,052402825,2,11,0,18,19,4,8,0,0,1,0,0,0,0,0,1,1,1,1,53,8,6700,2,15,ALEXANDER DENNIS MODEL MISSING,2,E01006962,0,2
2024101494202,2024,101494202,1,11,0,-1,5,2,7,-1,0,0,0,0,0,0,0,2,-1,1,1,36,7,6700,2,13,ALEXANDER DENNIS MODEL MISSING,3,E01008576,0,2
2024991410005,2024,991410005,1,11,0,-1,19,3,7,-1,0,1,0,0,0,0,1,1,-1,1,1,49,8,6700,2,13,ALEXANDER DENNIS MODEL MISSING,1,-1,0,1
2024501487477,2024,501487477,1,11,0,-1,13,7,3,-1,0,2,0,0,0,0,2,1,-1,9,2,49,8,8300,2,18,ALEXANDER DENNIS MODEL MISSING,6,E01015102,0,1
2024010523482,2024,010523482,2,11,0,99,99,9,9,99,99,9,9,99,9,99,9,9,6,6,1,72,10,4500,2,10,ALEXANDER DENNIS MODEL MISSING,4,E01033745,0,1
2024101481683,2024,101481683,1,11,0,-1,19,2,6,-1,0,0,0,11,0,0,1,2,-1,1,1,32,6,6696,2,10,ALEXANDER DENNIS MODEL MISSING,9,E01008775,0,4
2024010540936,2024,010540936,1,11,0,3,3,1,5,0,0,4,0,0,0,0,0,1,1,1,2,33,6,4500,2,7,ALEXANDER DENNIS MODEL MISSING,6,E01001277,0,2
2024471535602,2024,471535602,1,11,0,-1,19,7,3,-1,0,2,0,0,0,0,0,1,-1,1,1,63,9,6700,2,0,ALEXANDER DENNIS MODEL MISSING,8,E01021082,0,2
2024141515217,2024,141515217,1,11,0,-1,19,1,6,-1,2,8,0,0,0,0,0,9,-1,1,1,59,9,6700,2,8,ALEXANDER DENNIS MODEL MISSING,3,E01007340,0,1
2024411531800,2024,411531800,2,11,0,-1,19,1,5,-1,0,0,0,0,0,0,1,1,-1,1,1,35,6,4500,2,17,ALEXANDER DENNIS MODEL MISSING,3,E01004455,0,4
2024052401651,2024,052401651,2,11,0,18,19,7,3,0,0,0,0,0,0,0,3,1,1,1,1,48,8,6696,2,9,ALEXANDER DENNIS MODEL MISSING,1,E01006648,0,2
2024010503806,2024,010503806,1,11,0,99,99,9,9,99,99,0,9,99,9,99,9,9,1,1,1,66,10,6700,2,8,ALEXANDER DENNIS MODEL MISSING,1,E01001545,0,3
2024010518962,2024,010518962,1,11,0,4,4,3,7,3,2,0,0,0,0,0,2,1,1,1,1,56,9,4500,2,9,ALEXANDER DENNIS MODEL MISSING,6,E01003398,0,1
2024052400171,2024,052400171,1,11,0,18,19,5,1,0,0,0,0,0,0,0,2,1,1,1,3,-1,-1,6696,2,9,ALEXANDER DENNIS MODEL MISSING,-1,-1,0,-1
2024141527515,2024,141527515,3,11,0,-1,4,5,1,-1,0,1,0,0,0,0,1,1,-1,1,1,57,9,4461,2,10,ALEXANDER DENNIS MODEL MISSING,2,E01007800,0,1
2024010497051,2024,010497051,1,11,0,9,9,1,7,0,0,8,0,0,0,0,1,1,1,1,1,27,6,6700,2,13,ALEXANDER DENNIS MODEL MISSING,4,E01003530,0,2
2024010515656,2024,010515656,1,11,0,99,99,9,9,99,99,9,9,99,9,99,0,9,6,6,3,-1,-1,6700,2,13,ALEXANDER DENNIS MODEL MISSING,-1,-1,0,-1
2024010528933,2024,010528933,1,11,0,9,9,5,3,0,0,4,0,0,0,0,0,1,1,1,1,57,9,4500,2,5,ALEXANDER DENNIS MODEL MISSING,7,E01000685,0,3
2024501420895,2024,501420895,1,11,0,-1,5,7,2,-1,0,1,0,0,0,0,4,1,-1,1,1,52,8,6696,2,11,ALEXANDER DENNIS MODEL MISSING,7,E01019058,0,1
2024010534301,2024,010534301,1,11,0,99,99,9,9,99,99,9,9,99,9,99,9,9,6,6,3,-1,-1,4500,2,12,ALEXANDER DENNIS MODEL MISSING,-1,-1,0,-1
2024440432681,2024,440432681,2,11,0,18,19,2,6,0,0,1,0,0,0,0,1,1,1,1,1,44,7,6700,2,1,ALEXANDER DENNIS MODEL MISSING,7,E01017026,0,1
2024010516224,2024,010516224,2,11,0,99,99,9,9,99,99,9,9,99,9,99,1,9,6,6,3,27,6,4500,2,8,ALEXANDER DENNIS MODEL MISSING,3,E01002649,0,3
2024010506511,2024,010506511,1,11,0,4,4,5,1,0,0,1,0,0,0,0,0,1,1,1,1,54,8,6700,2,13,ALEXANDER DENNIS MODEL MISSING,3,E01003299,0,1
2024411432070,2024,411432070,2,11,0,-1,19,3,7,-1,0,8,0,0,0,0,3,1,-1,6,1,64,9,4461,2,9,ALEXANDER DENNIS MODEL MISSING,3,E01023756,0,2
2024401509587,2024,401509587,2,11,0,-1,5,7,5,-1,0,1,0,0,0,0,3,1,-1,6,2,57,9,4461,2,6,ALEXANDER DENNIS MODEL MISSING,5,E01017520,0,1
2024010530386,2024,010530386,1,11,0,4,4,5,1,2,2,0,0,0,0,0,0,1,1,1,1,45,7,4500,2,13,ALEXANDER DENNIS MODEL MISSING,3,E01003302,0,1
2024471511083,2024,471511083,1,11,0,-1,5,4,8,-1,0,2,0,0,0,0,3,1,-1,1,1,60,9,4500,2,5,ALEXANDER DENNIS MODEL MISSING,7,E01031349,0,2
2024010523104,2024,010523104,1,11,0,18,19,1,5,0,0,8,0,0,0,0,0,1,1,1,1,57,9,4500,2,15,ALEXANDER DENNIS MODEL MISSING,6,E01000732,0,1
2024531406169,2024,531406169,1,11,0,-1,19,5,1,-1,0,0,0,0,0,0,1,9,-1,6,3,-1,-1,4500,2,14,ALEXANDER DENNIS MODEL MISSING,-1,-1,0,-1
2024201427093,2024,201427093,1,11,0,-1,19,4,8,-1,0,0,0,0,0,0,1,9,-1,1,1,60,9,6700,2,5,ALEXANDER DENNIS MODEL MISSING,6,E01010079,0,1
2024010520243,2024,010520243,1,11,0,11,11,7,3,2,2,1,0,0,0,0,4,1,1,1,1,74,10,4500,2,8,ALEXANDER DENNIS MODEL MISSING,2,E01016066,0,4
2024481570179,2024,481570179,1,11,0,-1,9,1,7,-1,0,8,0,0,0,0,4,1,-1,1,1,46,8,6700,2,4,ALEXANDER DENNIS MODEL MISSING,-1,-1,0,-1
2024461430686,2024,461430686,1,11,0,-1,7,3,1,-1,0,0,0,0,0,0,1,1,-1,1,1,40,7,6700,2,5,ALEXANDER DENNIS MODEL MISSING,1,E01024658,0,1
2024010545957,2024,010545957,2,11,0,18,19,5,1,0,0,1,0,0,0,0,4,1,1,1,1,60,9,6700,2,9,ALEXANDER DENNIS MODEL MISSING,4,E01021277,0,3
2024440324307,2024,440324307,1,11,0,18,19,8,4,0,0,0,0,0,0,0,4,1,1,1,1,21,5,6696,2,11,ALEXANDER DENNIS MODEL MISSING,6,E01023007,0,2
2024010516716,2024,010516716,1,11,0,4,4,7,3,0,0,1,0,0,0,0,0,2,1,1,1,50,8,4500,2,9,ALEXANDER DENNIS MODEL MISSING,4,E01024364,0,4
2024010487758,2024,010487758,1,11,0,5,5,0,6,2,2,0,0,0,0,0,0,1,1,1,1,60,9,4500,2,4,ALEXANDER DENNIS MODEL MISSING,8,E01030335,0,1
2024010505681,2024,010505681,1,11,0,99,99,9,9,99,99,9,9,99,9,99,2,9,1,1,1,62,9,4500,2,13,ALEXANDER DENNIS MODEL MISSING,2,E01000789,0,1
2024440103175,2024,440103175,1,11,0,18,19,8,4,0,0,1,0,0,0,0,1,1,1,1,1,50,8,4461,2,11,ALEXANDER DENNIS MODEL MISSING,7,E01022628,0,1
2024201438896,2024,201438896,2,11,0,-1,3,2,6,-1,0,0,0,0,0,0,1,1,-1,1,1,30,6,6700,2,6,ALEXANDER DENNIS MODEL MISSING,5,E01009888,0,2
2024552400469,2024,552400469,1,11,0,2,2,0,0,3,2,8,0,0,0,0,0,1,1,1,1,33,6,6700,2,1,ALEXANDER DENNIS MODEL MISSING,9,E01015325,0,1
2024421462238,2024,421462238,1,11,0,-1,19,-1,-1,-1,2,0,0,0,0,0,-1,9,-1,6,1,38,7,6700,2,14,ALEXANDER DENNIS MODEL MISSING,9,E01015817,0,2
2024131528927,2024,131528927,1,11,0,-1,19,5,1,-1,0,1,0,0,0,0,1,1,-1,1,1,35,6,6696,2,9,ALEXANDER DENNIS MODEL MISSING,6,E01011548,0,2
2024010508446,2024,010508446,1,11,0,18,19,5,1,0,0,8,0,0,0,0,4,1,1,1,2,58,9,4500,2,14,ALEXANDER DENNIS MODEL MISSING,-1,-1,0,-1
2024010528449,2024,010528449,1,11,0,18,19,8,4,2,2,1,0,0,0,0,0,1,1,1,1,51,8,4500,2,9,ALEXANDER DENNIS MODEL MISSING,-1,-1,0,-1
2024010504912,2024,010504912,1,11,0,18,19,5,1,0,0,1,0,0,0,0,0,1,1,1,1,31,6,6700,2,6,ALEXANDER DENNIS MODEL MISSING,3,E01001141,0,1
2024010535233,2024,010535233,1,11,0,18,19,5,1,0,0,0,0,0,0,0,1,1,6,6,1,22,5,4500,2,8,ALEXANDER DENNIS MODEL MISSING,4,E01003146,0,3
2024010505283,2024,010505283,1,11,0,10,10,3,8,0,0,1,0,0,0,0,0,1,1,1,1,36,7,4500,2,15,ALEXANDER DENNIS MODEL MISSING,1,E01002071,0,1
2024010503042,2024,010503042,1,11,0,4,4,7,3,0,0,0,0,0,0,0,0,1,1,1,1,47,8,6700,2,12,ALEXANDER DENNIS MODEL MISSING,7,E01003753,0,1
2024141435781,2024,141435781,5,11,0,-1,19,6,2,-1,0,0,0,0,0,0,3,1,-1,1,1,66,10,4500,2,13,ALEXANDER DENNIS MODEL MISSING,1,E01007729,0,3
2024610022824,2024,610022824,1,11,0,4,4,5,1,0,0,1,0,0,0,0,1,1,1,1,1,34,6,6700,2,14,ALEXANDER DENNIS MODEL MISSING,9,W01001653,0,2
2024010543746,2024,010543746,1,11,0,9,9,3,1,0,0,6,0,0,0,0,1,1,1,1,1,40,7,4500,2,6,ALEXANDER DENNIS MODEL MISSING,1,E01009080,0,5
2024161469562,2024,161469562,1,11,0,-1,19,8,4,-1,0,8,0,0,0,0,0,9,-1,6,3,-1,-1,6700,2,5,ALEXANDER DENNIS MODEL MISSING,-1,-1,0,-1
2024471481130,2024,471481130,1,11,0,-1,5,5,3,-1,0,8,0,0,0,0,0,1,-1,1,2,55,8,4500,2,4,ALEXANDER DENNIS MODEL MISSING,3,E01016873,0,1
2024421488815,2024,421488815,1,11,0,-1,19,1,5,-1,0,1,0,0,0,0,1,1,-1,1,1,35,6,6700,2,12,ALEXANDER DENNIS MODEL MISSING,10,E01021559,0,1
2024010532983,2024,010532983,2,11,9,99,99,9,9,99,99,9,9,99,9,99,9,1,6,6,3,-1,-1,4500,2,15,ALEXANDER DENNIS MODEL MISSING,-1,-1,0,-1
2024451534601,2024,451534601,2,11,0,-1,19,3,7,-1,0,0,0,0,0,0,1,2,-1,1,3,30,6,4500,2,0,ALEXANDER DENNIS MODEL MISSING,-1,-1,0,-1
2024010499981,2024,010499981,1,11,0,18,19,7,3,0,0,3,0,0,0,0,0,1,1,1,1,56,9,6700,2,12,ALEXANDER DENNIS MODEL MISSING,3,E01002403,0,1
2024311408542,2024,311408542,1,11,0,-1,19,1,5,-1,0,0,0,0,0,0,0,1,-1,1,2,41,7,6700,2,1,ALEXANDER DENNIS MODEL MISSING,-1,-1,0,-1
2024201435080,2024,201435080,1,11,0,-1,4,4,8,-1,2,0,0,0,0,0,3,1,-1,1,1,65,9,4461,2,10,ALEXANDER DENNIS MODEL MISSING,3,E01010444,0,1
2024552400095,2024,552400095,1,11,0,18,19,2,8,3,2,0,0,0,0,0,1,1,1,1,1,55,8,6700,2,2,ALEXANDER DENNIS MODEL MISSING,1,E01015307,0,1
2024010502500,2024,010502500,1,11,0,18,19,5,1,0,0,8,0,0,0,0,4,1,1,1,1,57,9,4500,2,7,ALEXANDER DENNIS MODEL MISSING,-1,-1,0,-1
2024302400553,2024,302400553,1,11,0,2,2,0,0,0,0,0,0,0,0,0,0,1,1,1,1,28,6,4500,2,8,ALEXANDER DENNIS MODEL MISSING,5,E01019434,0,2
2024131488092,2024,131488092,2,11,0,-1,2,7,3,-1,0,8,0,0,0,0,0,1,-1,1,1,47,8,4500,2,2,ALEXANDER DENNIS MODEL MISSING,1,E01007318,0,3
2024010541064,2024,010541064,2,11,0,18,19,1,5,0,0,8,0,0,0,0,1,1,1,1,1,43,7,6700,2,15,ALEXANDER DENNIS MODEL MISSING,5,E01030569,0,2
2024471491074,2024,471491074,1,11,0,-1,19,1,5,-1,0,8,0,0,0,0,0,1,-1,1,1,57,9,4500,2,4,ALEXANDER DENNIS MODEL MISSING,1,E01016865,0,2
2024070163117,2024,070163117,1,11,0,18,19,8,4,0,0,0,0,0,0,0,1,1,1,1,1,-1,-1,4500,2,17,ALEXANDER DENNIS MODEL MISSING,-1,-1,0,-1
2024302401192,2024,302401192,2,11,0,18,19,6,2,0,0,8,0,0,0,0,4,1,1,1,1,32,6,6700,2,8,ALEXANDER DENNIS MODEL MISSING,1,E01013536,0,1
2024010499005,2024,010499005,1,11,0,14,14,5,1,0,0,1,0,0,0,0,1,1,1,1,1,73,10,6700,2,12,ALEXANDER DENNIS MODEL MISSING,4,E01000112,0,2
2024010528560,2024,010528560,2,11,0,9,9,1,6,0,0,8,0,0,0,0,3,1,1,1,1,23,5,4500,2,9,ALEXANDER DENNIS MODEL MISSING,2,E01000084,0,2
2024061512222,2024,061512222,1,11,-1,-1,-1,-1,-1,-1,-1,-1,-1,-1,-1,0,-1,9,-1,1,3,-1,-1,6700,2,0,ALEXANDER DENNIS MODEL MISSING,-1,-1,0,-1
2024311461830,2024,311461830,2,11,0,-1,19,3,7,-1,0,1,0,0,0,0,0,9,-1,1,1,57,9,4500,2,6,ALEXANDER DENNIS MODEL MISSING,1,E01013920,0,1
2024010517215,2024,010517215,1,11,0,14,14,7,3,0,0,1,0,0,0,0,1,1,1,1,1,51,8,4500,2,6,ALEXANDER DENNIS MODEL MISSING,5,E01004523,0,2
2024010538051,2024,010538051,1,11,0,4,4,5,1,0,0,0,0,0,0,0,1,1,1,1,1,39,7,6700,2,6,ALEXANDER DENNIS MODEL MISSING,3,E01004322,0,1
2024010533054,2024,010533054,1,11,0,4,4,7,3,0,0,0,0,0,0,0,2,1,1,1,1,59,9,4500,2,14,ALEXANDER DENNIS MODEL MISSING,2,E01002227,0,3
2024010539776,2024,010539776,1,11,0,18,19,7,3,0,0,1,0,0,0,0,0,1,1,1,1,59,9,4500,2,7,ALEXANDER DENNIS MODEL MISSING,5,E01003494,0,2
2024010504796,2024,010504796,1,11,0,18,19,1,5,0,0,2,0,0,0,0,0,1,1,1,1,37,7,6700,2,12,ALEXANDER DENNIS MODEL MISSING,5,E01000554,0,1
2024010548058,2024,010548058,1,11,0,4,4,7,3,2,2,1,0,0,0,0,0,1,1,1,1,33,6,4500,2,5,ALEXANDER DENNIS MODEL MISSING,3,E01003240,0,1
2024010504346,2024,010504346,1,11,0,18,19,1,5,0,0,1,0,0,0,0,1,1,1,1,1,49,8,4500,2,9,ALEXANDER DENNIS MODEL MISSING,6,E01000487,0,2
2024161479939,2024,161479939,1,11,0,-1,7,2,4,-1,0,0,0,0,0,0,1,9,-1,1,1,23,5,6700,2,5,ALEXANDER DENNIS MODEL MISSING,7,E01013226,0,4
2024991406838,2024,991406838,1,11,0,-1,19,4,8,-1,0,2,0,0,0,0,1,1,-1,1,1,63,9,6696,2,11,ALEXANDER DENNIS MODEL MISSING,3,-1,0,1
2024010513045,2024,010513045,1,11,0,99,99,9,9,99,99,0,9,99,9,99,3,9,6,6,2,48,8,4500,2,13,ALEXANDER DENNIS MODEL MISSING,6,E01000726,0,2
2024010549206,2024,010549206,2,11,0,18,19,5,1,0,0,1,0,0,3,0,1,1,1,1,1,55,8,6700,2,14,ALEXANDER DENNIS MODEL MISSING,3,E01001175,0,2
2024440281482,2024,440281482,3,11,0,3,3,5,1,0,0,0,0,0,0,0,2,1,1,1,1,-1,-1,6700,2,6,ALEXANDER DENNIS MODEL MISSING,7,E01017285,0,1
2024440314239,2024,440314239,1,11,0,4,4,4,8,0,0,2,0,0,0,0,1,1,1,1,1,44,7,6700,2,6,ALEXANDER DENNIS MODEL MISSING,1,E01017205,0,2
2024461397764,2024,461397764,2,11,0,-1,19,2,6,-1,0,0,0,0,0,0,1,9,-1,2,1,59,9,6700,2,17,ALEXANDER DENNIS MODEL MISSING,8,E01024845,0,3
2024061499046,2024,061499046,1,11,0,-1,5,1,5,-1,2,8,0,0,0,0,0,9,-1,1,1,40,7,6700,2,16,ALEXANDER DENNIS MODEL MISSING,2,E01006033,0,2
2024010537282,2024,010537282,1,11,0,18,19,7,3,2,2,2,0,0,0,0,3,2,1,1,1,61,9,4500,2,13,ALEXANDER DENNIS MODEL MISSING,6,E01002220,0,3
2024010525880,2024,010525880,2,11,0,18,19,1,5,0,0,0,0,0,0,0,2,1,1,1,1,60,9,4500,2,6,ALEXANDER DENNIS MODEL MISSING,1,E01000605,0,2
2024440162997,2024,440162997,1,11,0,9,9,7,5,0,0,5,0,0,0,0,3,1,1,1,1,59,9,6700,2,8,ALEXANDER DENNIS MODEL MISSING,4,E01030805,0,2
2024401465390,2024,401465390,1,11,0,-1,19,8,4,-1,0,0,0,0,0,0,1,1,-1,1,1,33,6,4461,2,10,ALEXANDER DENNIS MODEL MISSING,4,E01015785,0,4
2024010519926,2024,010519926,1,11,0,9,9,5,4,3,2,6,0,0,0,0,0,1,1,1,1,44,7,6700,2,6,ALEXANDER DENNIS MODEL MISSING,5,E01035689,0,1
2024061423199,2024,061423199,2,11,0,-1,5,-1,-1,-1,0,6,0,0,0,0,1,1,-1,1,1,-1,-1,4461,2,7,ALEXANDER DENNIS MODEL MISSING,1,E01004850,0,1