collision_index,collision_year,collision_ref_no,vehicle_reference,vehicle_type,towing_and_articulation,vehicle_manoeuvre_historic,vehicle_manoeuvre,vehicle_direction_from,vehicle_direction_to,vehicle_location_restricted_lane_historic,vehicle_location_restricted_lane,junction_location,skidding_and_overturning,hit_object_in_carriageway,vehicle_leaving_carriageway,hit_object_off_carriageway,first_point_of_impact,vehicle_left_hand_drive,journey_purpose_of_driver_historic,journey_purpose_of_driver,sex_of_driver,age_of_driver,age_band_of_driver,engine_capacity_cc,propulsion_code,age_of_vehicle,generic_make_model,driver_imd_decile,lsoa_of_driver,escooter_flag,driver_distance_banding
2024101520936,2024,101520936,2,11,0,-1,5,7,3,-1,0,6,0,0,0,0,0,9,-1,1,1,40,7,6700,2,1,ALEXANDER DENNIS MODEL MISSING,2,E01008571,0,2
2024311460314,2024,311460314,1,11,0,-1,19,-1,-1,-1,0,-1,0,0,0,0,0,9,-1,1,1,56,9,6700,2,1,ALEXANDER DENNIS MODEL MISSING,2,E01033392,0,1
2024010521758,2024,010521758,1,11,0,5,5,1,5,0,0,0,0,0,0,0,4,1,1,1,1,27,6,4500,2,4,ALEXANDER DENNIS MODEL MISSING,5,E01004076,0,2
2024991496854,2024,991496854,1,11,0,-1,5,1,4,-1,0,0,0,0,0,0,4,1,-1,9,1,43,7,4500,2,12,ALEXANDER DENNIS MODEL MISSING,2,-1,0,4
2024010519380,2024,010519380,1,11,0,5,5,7,3,0,0,1,0,0,0,0,4,1,1,1,2,45,7,4500,2,13,ALEXANDER DENNIS MODEL MISSING,6,E01002380,0,3
2024421456176,2024,421456176,1,11,0,-1,2,0,0,-1,0,0,0,0,0,0,1,1,-1,1,1,51,8,6700,2,9,ALEXANDER DENNIS MODEL MISSING,3,E01002056,0,4
2024430555735,2024,430555735,2,11,0,18,19,1,5,0,0,8,0,0,0,0,1,1,1,1,1,50,8,6700,2,8,ALEXANDER DENNIS MODEL MISSING,10,E01017640,0,4
2024231527782,2024,231527782,1,11,0,-1,7,5,7,-1,0,1,0,0,0,0,4,9,-1,1,3,40,7,4500,2,12,ALEXANDER DENNIS MODEL MISSING,5,E01027158,0,4
2024311459648,2024,311459648,2,11,0,-1,19,5,1,-1,0,0,0,0,0,0,0,9,-1,1,1,42,7,6700,2,6,ALEXANDER DENNIS MODEL MISSING,8,E01033412,0,1
2024010498753,2024,010498753,1,11,0,4,4,5,1,0,0,0,0,0,0,0,4,1,1,1,1,43,7,6700,2,13,ALEXANDER DENNIS MODEL MISSING,2,E01004209,0,2
2024311477822,2024,311477822,1,11,0,-1,19,7,3,-1,0,1,0,0,0,0,0,1,-1,1,1,26,6,4500,2,5,ALEXANDER DENNIS MODEL MISSING,-1,-1,0,-1
2024041447419,2024,041447419,2,11,0,-1,19,3,7,-1,0,8,0,0,0,0,1,1,-1,1,1,51,8,4500,2,6,ALEXANDER DENNIS MODEL MISSING,7,E01025594,0,2
2024991487329,2024,991487329,2,11,0,-1,19,3,7,-1,0,8,0,0,0,0,1,1,-1,1,1,60,9,6696,2,11,ALEXANDER DENNIS MODEL MISSING,2,-1,0,3
2024311420911,2024,311420911,1,11,0,-1,19,6,2,-1,0,8,0,0,0,0,1,1,-1,1,1,39,7,4500,2,8,ALEXANDER DENNIS MODEL MISSING,1,E01028268,0,1
2024991417813,2024,991417813,1,11,0,-1,9,5,2,-1,0,6,0,0,0,0,1,1,-1,1,1,42,7,4461,2,9,ALEXANDER DENNIS MODEL MISSING,3,-1,0,3
2024010509031,2024,010509031,2,11,0,17,19,6,2,0,0,2,0,0,0,0,3,1,1,1,2,37,7,6700,2,12,ALEXANDER DENNIS MODEL MISSING,1,E01002089,0,1
2024010509704,2024,010509704,1,11,0,4,4,5,1,0,0,0,0,0,0,0,0,1,6,6,1,44,7,6700,2,15,ALEXANDER DENNIS MODEL MISSING,5,E01000995,0,1
2024010511055,2024,010511055,1,11,0,5,5,8,4,0,0,1,0,0,0,0,0,1,1,1,1,25,5,6700,2,12,ALEXANDER DENNIS MODEL MISSING,4,E01002098,0,1
2024010502797,2024,010502797,1,11,0,4,4,5,1,0,0,1,0,0,0,0,0,1,6,6,1,41,7,4500,2,13,ALEXANDER DENNIS MODEL MISSING,2,E01004140,0,2
2024101416395,2024,101416395,2,11,0,-1,4,7,3,-1,0,0,0,0,0,0,0,1,-1,1,1,40,7,6700,2,1,ALEXANDER DENNIS MODEL MISSING,1,E01008575,0,2
2024010507124,2024,010507124,1,11,0,9,9,1,8,0,0,5,0,0,0,0,4,1,1,1,1,45,7,4500,2,4,ALEXANDER DENNIS MODEL MISSING,3,E01034140,0,3
2024010498599,2024,010498599,1,11,0,4,4,5,1,0,0,0,0,0,0,0,4,1,6,6,2,61,9,6700,2,14,ALEXANDER DENNIS MODEL MISSING,4,E01001183,0,1
2024061439416,2024,061439416,1,11,0,-1,5,8,4,-1,0,0,0,0,0,0,1,1,-1,1,1,30,6,4461,2,11,ALEXANDER DENNIS MODEL MISSING,1,E01005266,0,2
2024010526847,2024,010526847,1,11,0,4,4,5,1,3,2,0,0,0,0,0,0,1,1,1,1,36,7,4500,2,8,ALEXANDER DENNIS MODEL MISSING,8,E01000569,0,1
2024161434902,2024,161434902,1,11,0,-1,9,5,3,-1,0,4,0,0,0,0,4,1,-1,1,1,23,5,6700,2,5,ALEXANDER DENNIS MODEL MISSING,4,E01013179,0,2
2024311515858,2024,311515858,2,11,0,-1,19,3,7,-1,0,0,0,0,0,0,0,1,-1,1,1,57,9,6700,2,4,ALEXANDER DENNIS MODEL MISSING,3,E01033400,0,1
2024451434584,2024,451434584,1,11,0,-1,2,5,1,-1,0,2,0,0,0,0,2,1,-1,1,1,46,8,4500,2,7,ALEXANDER DENNIS MODEL MISSING,5,E01030995,0,3
2024061532875,2024,061532875,1,11,0,-1,19,1,5,-1,0,0,0,4,0,0,1,1,-1,1,1,52,8,4500,2,14,ALEXANDER DENNIS MODEL MISSING,1,E01024925,0,4
2024010500934,2024,010500934,1,11,0,18,19,3,7,0,0,4,0,0,0,0,1,1,1,1,1,52,8,4500,2,5,ALEXANDER DENNIS MODEL MISSING,3,E01003526,0,2
2024010499697,2024,010499697,1,11,0,3,3,7,3,0,0,1,0,0,0,0,0,1,1,1,2,40,7,6700,2,12,ALEXANDER DENNIS MODEL MISSING,4,E01002425,0,2
2024451452682,2024,451452682,2,11,0,-1,5,8,8,-1,0,4,0,0,0,0,1,1,-1,1,1,33,6,6700,2,14,ALEXANDER DENNIS MODEL MISSING,6,E01034728,0,1
2024010548438,2024,010548438,1,11,0,5,5,5,1,0,0,1,0,0,0,0,1,1,1,1,1,54,8,6700,2,8,ALEXANDER DENNIS MODEL MISSING,6,E01024180,0,2
2024010512243,2024,010512243,1,11,0,5,5,7,3,0,0,2,0,0,0,0,0,1,1,1,2,57,9,4500,2,9,ALEXANDER DENNIS MODEL MISSING,2,E01000028,0,2
2024421463924,2024,421463924,2,11,0,-1,19,5,1,-1,0,8,0,0,0,0,4,1,-1,1,1,39,7,6700,2,12,ALEXANDER DENNIS MODEL MISSING,2,E01021975,0,3
2024010531665,2024,010531665,1,11,0,17,19,4,8,0,0,8,0,0,0,0,1,1,1,1,1,46,8,4461,2,11,ALEXANDER DENNIS MODEL MISSING,5,E01000676,0,2
2024010516282,2024,010516282,1,11,0,5,5,7,3,0,0,2,0,0,0,0,0,1,1,1,1,39,7,4500,2,7,ALEXANDER DENNIS MODEL MISSING,7,E01002514,0,2
2024010498840,2024,010498840,1,11,0,18,19,5,1,0,0,4,0,0,0,0,0,1,6,6,1,46,8,4461,2,11,ALEXANDER DENNIS MODEL MISSING,4,E01002559,0,1
2024520500082,2024,520500082,1,11,0,18,19,1,5,0,0,0,0,11,0,0,1,1,1,1,1,53,8,6700,2,12,ALEXANDER DENNIS MODEL MISSING,8,E01029210,0,3
2024461479042,2024,461479042,1,11,0,-1,5,4,8,-1,2,0,0,0,0,0,4,9,-1,6,1,66,10,4500,2,15,ALEXANDER DENNIS MODEL MISSING,7,E01024405,0,3
2024010499594,2024,010499594,1,11,0,3,3,1,5,0,0,4,0,0,0,0,0,1,1,1,1,35,6,4500,2,14,ALEXANDER DENNIS MODEL MISSING,6,E01004682,0,2
2024440512791,2024,440512791,2,11,0,18,19,6,2,0,0,1,0,0,0,0,1,1,1,1,1,21,5,4500,2,9,ALEXANDER DENNIS MODEL MISSING,10,E01023287,0,2
2024010522324,2024,010522324,2,11,0,3,3,6,2,2,2,0,0,0,0,0,2,1,1,1,1,55,8,4500,2,7,ALEXANDER DENNIS MODEL MISSING,-1,-1,0,-1
2024010528544,2024,010528544,2,11,0,18,19,5,1,0,0,1,0,0,0,0,1,1,1,1,1,41,7,4500,2,7,ALEXANDER DENNIS MODEL MISSING,5,E01003683,0,1
2024010507784,2024,010507784,1,11,0,18,19,1,5,0,0,0,0,0,0,0,0,1,1,1,1,58,9,4500,2,13,ALEXANDER DENNIS MODEL MISSING,7,E01016217,0,4
2024131529619,2024,131529619,1,11,0,-1,2,7,3,-1,0,0,0,0,0,0,0,1,-1,1,1,58,9,6700,2,12,ALEXANDER DENNIS MODEL MISSING,2,E01010929,0,1
2024332400100,2024,332400100,1,11,0,-1,4,5,1,-1,0,0,0,0,0,0,0,1,-1,1,1,36,7,6700,2,4,ALEXANDER DENNIS MODEL MISSING,10,E01028389,0,3
2024141499595,2024,141499595,2,11,0,-1,19,5,2,-1,0,1,0,0,0,0,1,1,-1,7,2,30,6,6700,2,8,ALEXANDER DENNIS MODEL MISSING,3,E01011871,0,2
202417H105224,2024,17H105224,1,11,0,-1,19,4,8,-1,0,1,0,0,0,0,0,1,-1,1,1,45,7,4461,2,9,ALEXANDER DENNIS MODEL MISSING,1,E01011950,0,1
2024070602659,2024,070602659,2,11,0,9,9,5,1,0,0,6,0,0,0,0,4,1,1,1,1,65,9,4461,2,10,ALEXANDER DENNIS MODEL MISSING,6,E01012465,0,3
2024141499324,2024,141499324,3,11,0,-1,19,5,1,-1,0,4,0,0,7,0,4,1,-1,1,1,49,8,6700,2,1,ALEXANDER DENNIS MODEL MISSING,2,E01008010,0,2
2024011563928,2024,011563928,2,11,0,-1,2,0,0,-1,0,0,0,0,0,0,2,1,-1,1,1,27,6,4500,2,8,ALEXANDER DENNIS MODEL MISSING,-1,-1,0,-1
2024471422934,2024,471422934,2,11,0,-1,5,7,3,-1,0,0,0,0,0,0,4,1,-1,1,1,39,7,4500,2,6,ALEXANDER DENNIS MODEL MISSING,5,E01016989,0,2
2024101439912,2024,101439912,1,11,0,-1,7,7,1,-1,0,0,0,0,1,11,4,1,-1,1,1,32,6,6700,2,14,ALEXANDER DENNIS MODEL MISSING,7,E01008465,0,2
2024061505573,2024,061505573,1,11,0,-1,7,5,7,-1,1,0,0,0,0,0,1,1,-1,1,1,62,9,4461,2,10,ALEXANDER DENNIS MODEL MISSING,8,E01005988,0,2
2024010494507,2024,010494507,2,11,0,18,19,5,1,0,0,8,0,0,0,0,1,1,1,1,1,35,6,6700,2,13,ALEXANDER DENNIS MODEL MISSING,-1,-1,0,-1
2024991478565,2024,991478565,2,11,0,-1,19,3,7,-1,0,0,0,0,0,0,1,1,-1,6,-1,49,8,6700,2,15,ALEXANDER DENNIS MODEL MISSING,8,-1,0,4
2024101452455,2024,101452455,1,11,0,-1,19,2,6,-1,0,8,0,0,0,0,1,1,-1,1,3,-1,-1,6700,2,1,ALEXANDER DENNIS MODEL MISSING,-1,-1,0,-1
2024061463198,2024,061463198,1,11,0,-1,9,2,8,-1,0,0,0,0,0,0,1,1,-1,1,1,33,6,6700,2,8,ALEXANDER DENNIS MODEL MISSING,-1,-1,0,-1
2024552400066,2024,552400066,2,11,0,2,2,0,0,0,0,0,0,0,0,0,2,1,1,1,1,52,8,6700,2,1,ALEXANDER DENNIS MODEL MISSING,1,E01015288,0,1
2024010525117,2024,010525117,1,11,0,4,4,5,1,2,2,6,0,0,0,0,0,1,1,1,1,48,8,6700,2,12,ALEXANDER DENNIS MODEL MISSING,5,E01000375,0,2
2024101490148,2024,101490148,1,11,0,-1,20,3,7,-1,0,0,0,0,0,0,1,1,-1,1,1,58,9,6700,2,1,ALEXANDER DENNIS MODEL MISSING,3,E01008461,0,2
2024010549615,2024,010549615,2,11,1,5,5,5,1,0,0,1,0,0,0,0,1,1,1,1,2,48,8,4461,2,11,ALEXANDER DENNIS MODEL MISSING,5,E01000330,0,1
2024421490355,2024,421490355,1,11,0,-1,9,7,4,-1,0,8,0,0,0,0,1,1,-1,1,1,45,7,6700,2,7,ALEXANDER DENNIS MODEL MISSING,3,E01015869,0,4
2024471500005,2024,471500005,2,11,0,-1,5,4,3,-1,0,2,0,0,0,0,1,1,-1,1,1,64,9,4500,2,4,ALEXANDER DENNIS MODEL MISSING,3,E01031348,0,1
2024522403364,2024,522403364,2,11,0,12,12,6,2,0,0,8,0,0,0,0,1,1,1,1,1,59,9,6700,2,1,ALEXANDER DENNIS MODEL MISSING,6,E01014642,0,2
2024211501570,2024,211501570,1,11,0,-1,19,5,1,-1,0,0,0,0,0,0,4,1,-1,1,3,20,4,6700,2,8,ALEXANDER DENNIS MODEL MISSING,-1,-1,0,-1
2024061466620,2024,061466620,1,11,0,-1,19,4,8,-1,0,2,0,0,0,0,1,1,-1,6,1,58,9,6700,2,0,ALEXANDER DENNIS MODEL MISSING,1,E01006239,0,3
2024010523293,2024,010523293,2,11,0,18,19,3,7,0,0,2,0,0,0,0,1,2,1,1,1,43,7,4500,2,12,ALEXANDER DENNIS MODEL MISSING,4,E01004760,0,1
2024010531940,2024,010531940,1,11,0,18,19,1,5,0,0,2,0,0,0,0,0,1,1,1,1,31,6,6700,2,6,ALEXANDER DENNIS MODEL MISSING,3,E01001675,0,3
2024010498190,2024,010498190,1,11,0,5,5,7,3,0,0,6,0,0,0,0,0,1,1,1,2,23,5,4500,2,9,ALEXANDER DENNIS MODEL MISSING,3,E01001360,0,3
2024411521114,2024,411521114,2,11,0,-1,19,4,8,-1,0,0,0,0,7,0,1,1,-1,1,1,44,7,4500,2,13,ALEXANDER DENNIS MODEL MISSING,7,E01016757,0,4
2024201460121,2024,201460121,1,11,0,-1,5,5,1,-1,0,2,0,0,0,0,3,1,-1,1,1,49,8,6700,2,5,ALEXANDER DENNIS MODEL MISSING,1,E01009107,0,1
2024201444674,2024,201444674,2,11,0,-1,2,3,7,-1,0,0,0,0,0,0,1,1,-1,1,1,27,6,6700,2,16,ALEXANDER DENNIS MODEL MISSING,2,E01010047,0,1
2024501396490,2024,501396490,1,11,0,-1,4,1,5,-1,0,0,0,0,0,0,1,1,-1,1,1,55,8,6700,2,7,ALEXANDER DENNIS MODEL MISSING,2,E01015053,0,1
2024430315656,2024,430315656,1,11,0,18,19,2,6,0,0,0,0,0,0,0,1,1,1,1,1,54,8,4500,2,10,ALEXANDER DENNIS MODEL MISSING,6,E01016477,0,3
2024461430428,2024,461430428,1,11,0,-1,3,4,8,-1,0,1,0,0,0,0,4,1,-1,1,1,65,9,4500,2,16,ALEXANDER DENNIS MODEL MISSING,-1,-1,0,-1
2024010537920,2024,010537920,1,11,0,4,4,1,5,0,0,0,0,0,0,0,0,1,1,1,1,53,8,4500,2,5,ALEXANDER DENNIS MODEL MISSING,8,E01000671,0,1
2024471488504,2024,471488504,1,11,0,-1,5,1,5,-1,2,1,0,0,0,0,1,1,-1,1,1,57,9,4500,2,5,ALEXANDER DENNIS MODEL MISSING,9,E01016888,0,1
2024010537603,2024,010537603,1,11,0,18,19,8,4,0,0,2,0,0,0,0,4,1,1,1,1,34,6,4500,2,15,ALEXANDER DENNIS MODEL MISSING,3,E01003598,0,2
2024111395110,2024,111395110,1,11,0,-1,5,2,4,-1,0,8,0,0,0,0,1,1,-1,1,1,63,9,4461,2,9,ALEXANDER DENNIS MODEL MISSING,3,E01012340,0,4
2024101489545,2024,101489545,2,11,0,-1,19,4,8,-1,0,0,0,0,0,0,0,1,-1,1,1,38,7,3900,2,18,ALEXANDER DENNIS MODEL MISSING,5,E01008643,0,2
2024501433999,2024,501433999,1,11,0,-1,19,6,2,-1,0,0,0,0,0,0,1,1,-1,1,1,43,7,4500,2,4,ALEXANDER DENNIS MODEL MISSING,4,E01018861,0,3
2024430472850,2024,430472850,1,11,0,4,4,6,2,0,0,1,0,0,0,0,3,1,1,1,2,46,8,4500,2,13,ALEXANDER DENNIS MODEL MISSING,4,E01033415,0,1
2024161476037,2024,161476037,1,11,0,-1,4,4,8,-1,0,0,0,0,0,0,0,9,-1,1,1,56,9,6700,2,5,ALEXANDER DENNIS MODEL MISSING,3,E01013198,0,1
2024622400807,2024,622400807,1,11,0,18,19,3,8,0,0,0,0,0,0,0,1,1,1,1,3,-1,-1,6700,2,8,ALEXANDER DENNIS MODEL MISSING,-1,-1,0,-1
2024010522585,2024,010522585,2,11,0,9,9,5,2,0,0,1,0,0,0,0,1,1,1,1,1,52,8,4500,2,7,ALEXANDER DENNIS MODEL MISSING,5,E01003019,0,3
2024010508161,2024,010508161,1,11,0,9,9,6,3,0,0,6,0,0,0,0,0,2,1,1,1,40,7,6696,2,11,ALEXANDER DENNIS MODEL MISSING,8,E01000399,0,1
2024122500138,2024,122500138,1,11,0,4,4,3,7,0,0,1,0,0,0,0,1,1,1,1,1,56,9,4500,2,5,ALEXANDER DENNIS MODEL MISSING,9,E01013357,0,1
2024401454769,2024,401454769,2,11,0,-1,19,4,8,-1,0,0,0,10,1,0,4,9,-1,1,2,52,8,4500,2,1,ALEXANDER DENNIS MODEL MISSING,3,E01017609,0,1
2024010526967,2024,010526967,1,11,0,5,5,7,3,2,2,9,9,0,9,0,0,1,6,6,3,-1,-1,6700,2,6,ALEXANDER DENNIS MODEL MISSING,-1,-1,0,-1
2024010504541,2024,010504541,2,11,0,3,3,2,6,0,0,0,0,0,0,0,0,1,1,1,1,37,7,6700,2,8,ALEXANDER DENNIS MODEL MISSING,5,E01000450,0,1
2024991502241,2024,991502241,2,11,0,-1,19,3,7,-1,0,1,0,0,0,0,2,1,-1,1,1,34,6,4500,2,0,ALEXANDER DENNIS MODEL MISSING,4,-1,0,3
2024010509753,2024,010509753,1,11,0,18,19,7,3,2,2,1,0,0,0,0,0,1,1,1,1,45,7,4500,2,10,ALEXANDER DENNIS MODEL MISSING,5,E01000995,0,3
2024122400874,2024,122400874,3,11,0,18,19,6,2,0,0,0,0,0,0,0,1,1,1,1,2,50,8,6700,2,7,ALEXANDER DENNIS MODEL MISSING,1,E01011865,0,3
2024101502866,2024,101502866,2,11,0,-1,19,5,1,-1,2,0,0,0,0,0,3,1,-1,1,1,24,5,6700,2,17,ALEXANDER DENNIS MODEL MISSING,1,E01027546,0,2
2024101424145,2024,101424145,2,11,0,-1,19,7,3,-1,0,0,0,0,0,0,1,1,-1,1,1,41,7,6700,2,2,ALEXANDER DENNIS MODEL MISSING,9,E01008775,0,4
2024161423139,2024,161423139,1,11,0,-1,19,3,7,-1,0,0,0,0,0,0,2,1,-1,1,1,52,8,6700,2,15,ALEXANDER DENNIS MODEL MISSING,-1,-1,0,-1
2024010506320,2024,010506320,1,11,0,18,19,5,1,0,0,2,0,0,0,0,3,1,1,1,1,47,8,6696,2,10,ALEXANDER DENNIS MODEL MISSING,8,E01003470,0,2
2024010516741,2024,010516741,1,11,0,18,19,6,2,0,0,2,0,0,0,0,3,1,1,1,1,48,8,4500,2,8,ALEXANDER DENNIS MODEL MISSING,3,E01003126,0,1
2024501405621,2024,501405621,2,11,0,-1,19,4,8,-1,0,0,0,0,0,0,3,1,-1,1,1,62,9,4500,2,13,ALEXANDER DENNIS MODEL MISSING,3,E01034171,0,1
2024010527057,2024,010527057,1,11,0,4,4,5,1,2,2,8,0,0,0,0,1,1,1,1,1,51,8,4461,2,11,ALEXANDER DENNIS MODEL MISSING,4,E01003529,0,3
2024010523850,2024,010523850,1,11,0,7,7,3,5,0,0,8,0,0,0,0,4,1,1,1,1,42,7,6696,2,11,ALEXANDER DENNIS MODEL MISSING,2,E01001577,0,1
2024061533189,2024,061533189,1,11,0,-1,19,4,8,-1,2,5,0,0,0,0,1,1,-1,1,1,58,9,6700,2,0,ALEXANDER DENNIS MODEL MISSING,-1,-1,0,-1
2024052400392,2024,052400392,2,11,0,18,19,5,1,0,0,6,0,0,0,0,1,1,1,1,1,37,7,6696,2,9,ALEXANDER DENNIS MODEL MISSING,2,E01006786,0,1
2024991488743,2024,991488743,1,11,0,-1,19,4,8,-1,0,1,0,0,0,0,4,1,-1,1,1,24,5,6700,2,9,ALEXANDER DENNIS MODEL MISSING,6,-1,0,2
2024161472062,2024,161472062,1,11,-1,-1,19,3,7,-1,0,1,0,0,0,0,0,9,-1,1,1,23,5,4461,2,9,ALEXANDER DENNIS MODEL MISSING,1,E01012855,0,1
2024311533992,2024,311533992,1,11,0,-1,19,1,5,-1,0,0,0,0,0,0,1,1,-1,1,1,49,8,8268,2,18,ALEXANDER DENNIS MODEL MISSING,7,E01026388,0,3
2024010550975,2024,010550975,2,11,0,18,19,7,3,0,0,0,0,0,0,0,3,1,1,1,1,42,7,4500,2,4,ALEXANDER DENNIS MODEL MISSING,9,E01004121,0,2
2024421431728,2024,421431728,2,11,0,-1,14,1,3,-1,0,0,0,0,0,0,3,1,-1,1,2,54,8,4461,2,8,ALEXANDER DENNIS MODEL MISSING,4,E01021984,0,4
2024061401818,2024,061401818,2,11,0,-1,19,8,4,-1,2,0,0,0,0,0,1,1,-1,1,1,46,8,6700,2,4,ALEXANDER DENNIS MODEL MISSING,5,E01012541,0,4
2024010535618,2024,010535618,1,11,0,18,19,5,1,0,0,1,0,0,0,0,1,1,1,1,1,60,9,4500,2,6,ALEXANDER DENNIS MODEL MISSING,5,E01003684,0,2
2024010525253,2024,010525253,1,11,0,4,4,7,3,0,0,0,0,0,0,0,0,1,1,1,2,41,7,6700,2,12,ALEXANDER DENNIS MODEL MISSING,8,E01000347,0,2
2024231482564,2024,231482564,2,11,0,-1,19,8,4,-1,0,0,0,0,0,0,1,1,-1,1,1,21,5,6700,2,6,ALEXANDER DENNIS MODEL MISSING,3,E01031094,0,2
202417M107024,2024,17M107024,2,11,0,-1,19,2,6,-1,0,8,0,0,0,0,3,1,-1,1,1,54,8,6696,2,10,ALEXANDER DENNIS MODEL MISSING,2,E01020838,0,4
2024010531991,2024,010531991,1,11,0,4,4,1,5,2,2,1,0,0,0,0,1,1,1,1,1,25,5,6700,2,6,ALEXANDER DENNIS MODEL MISSING,3,E01004004,0,2
2024201459261,2024,201459261,1,11,0,-1,15,2,6,-1,1,0,0,0,0,0,1,9,-1,1,1,40,7,6700,2,8,ALEXANDER DENNIS MODEL MISSING,1,E01009486,0,2
2024201428075,2024,201428075,1,11,0,-1,19,2,6,-1,0,4,0,0,0,0,1,9,-1,1,1,27,6,6700,2,5,ALEXANDER DENNIS MODEL MISSING,-1,-1,0,-1
2024440394710,2024,440394710,2,11,0,4,4,1,5,0,0,1,0,0,0,0,1,1,1,1,2,-1,-1,6700,2,1,ALEXANDER DENNIS MODEL MISSING,-1,-1,0,-1
2024010536854,2024,010536854,1,11,0,4,4,1,5,0,0,8,0,0,0,0,0,1,1,1,1,66,10,4500,2,6,ALEXANDER DENNIS MODEL MISSING,2,E01001687,0,1
2024201532829,2024,201532829,1,11,0,-1,5,5,1,-1,0,0,0,0,0,0,1,1,-1,1,1,51,8,6700,2,5,ALEXANDER DENNIS MODEL MISSING,3,E01010137,0,1
2024311487119,2024,311487119,1,11,0,-1,2,3,7,-1,0,0,0,0,0,0,0,1,-1,1,1,56,9,4500,2,12,ALEXANDER DENNIS MODEL MISSING,5,E01028250,0,1
2024010503164,2024,010503164,1,11,0,5,5,7,3,0,0,2,0,0,0,0,0,1,1,1,1,64,9,4500,2,8,ALEXANDER DENNIS MODEL MISSING,5,E01000995,0,1
2024302400342,2024,302400342,1,11,0,4,4,5,1,0,0,0,0,0,0,0,0,1,1,1,1,64,9,4500,2,8,ALEXANDER DENNIS MODEL MISSING,5,E01027998,0,4
2024010529057,2024,010529057,2,11,0,4,4,3,7,0,0,0,0,0,0,0,2,1,1,1,1,31,6,6700,2,5,ALEXANDER DENNIS MODEL MISSING,5,E01002344,0,2
2024010542995,2024,010542995,1,11,0,18,19,7,3,0,0,0,0,0,0,0,1,1,1,1,1,48,8,4500,2,7,ALEXANDER DENNIS MODEL MISSING,6,E01002639,0,1
2024111486619,2024,111486619,1,11,0,-1,19,1,5,-1,0,0,0,0,0,0,0,1,-1,1,1,43,7,6700,2,5,ALEXANDER DENNIS MODEL MISSING,4,E01034490,0,1
2024440480779,2024,440480779,2,11,0,18,19,5,7,0,0,8,0,0,0,0,4,1,1,1,1,60,9,6700,2,1,ALEXANDER DENNIS MODEL MISSING,4,E01017370,0,3
2024010500394,2024,010500394,1,11,9,99,99,9,9,99,99,9,9,99,9,99,9,1,6,6,3,-1,-1,4500,2,7,ALEXANDER DENNIS MODEL MISSING,-1,-1,0,-1
2024311450518,2024,311450518,1,11,0,-1,4,5,1,-1,0,0,0,0,0,0,1,1,-1,1,1,62,9,6700,2,1,ALEXANDER DENNIS MODEL MISSING,-1,-1,0,-1
2024311437866,2024,311437866,1,11,0,-1,5,4,8,-1,0,1,0,0,0,0,0,9,-1,1,1,29,6,6700,2,1,ALEXANDER DENNIS MODEL MISSING,8,E01028246,0,1
2024552401078,2024,552401078,2,11,0,7,7,8,2,0,0,8,0,0,0,0,0,1,1,1,1,24,5,6700,2,12,ALEXANDER DENNIS MODEL MISSING,7,E01020538,0,3
2024010530230,2024,010530230,1,11,0,5,5,2,6,0,0,2,0,0,1,0,1,1,1,1,1,37,7,6696,2,11,ALEXANDER DENNIS MODEL MISSING,2,E01034476,0,1
2024010532638,2024,010532638,1,11,0,4,4,1,5,0,0,1,0,0,0,0,9,1,1,1,1,56,9,6700,2,9,ALEXANDER DENNIS MODEL MISSING,5,E01003645,0,3
2024010512295,2024,010512295,1,11,0,5,5,0,3,0,0,1,0,0,0,0,0,1,1,1,1,33,6,4500,2,5,ALEXANDER DENNIS MODEL MISSING,6,E01003359,0,2
2024061474901,2024,061474901,1,11,0,-1,2,-1,-1,-1,99,0,0,0,0,0,0,1,-1,1,2,39,7,6700,2,0,ALEXANDER DENNIS MODEL MISSING,4,E01005436,0,2
2024010503278,2024,010503278,1,11,0,18,19,7,3,2,2,1,0,0,0,0,0,1,1,1,2,27,6,4500,2,6,ALEXANDER DENNIS MODEL MISSING,9,E01003158,0,1
2024311434606,2024,311434606,2,11,0,-1,14,4,8,-1,0,0,0,0,0,0,1,1,-1,1,1,33,6,6700,2,1,ALEXANDER DENNIS MODEL MISSING,-1,-1,0,-1