collision_index,collision_year,collision_ref_no,vehicle_reference,vehicle_type,towing_and_articulation,vehicle_manoeuvre_historic,vehicle_manoeuvre,vehicle_direction_from,vehicle_direction_to,vehicle_location_restricted_lane_historic,vehicle_location_restricted_lane,junction_location,skidding_and_overturning,hit_object_in_carriageway,vehicle_leaving_carriageway,hit_object_off_carriageway,first_point_of_impact,vehicle_left_hand_drive,journey_purpose_of_driver_historic,journey_purpose_of_driver,sex_of_driver,age_of_driver,age_band_of_driver,engine_capacity_cc,propulsion_code,age_of_vehicle,generic_make_model,driver_imd_decile,lsoa_of_driver,escooter_flag,driver_distance_banding
2024141450353,2024,141450353,1,11,0,-1,19,8,4,-1,0,0,0,0,0,0,1,1,-1,1,1,50,8,4500,2,2,ALEXANDER DENNIS MODEL MISSING,4,E01011876,0,4
2024991404916,2024,991404916,1,11,0,-1,3,5,1,-1,0,1,0,0,0,0,0,1,-1,1,1,46,8,6700,2,5,ALEXANDER DENNIS MODEL MISSING,7,-1,0,4
2024161494722,2024,161494722,1,11,0,-1,3,7,3,-1,2,1,0,0,0,0,0,9,-1,1,1,28,6,4500,2,13,ALEXANDER DENNIS MODEL MISSING,5,E01012829,0,2
2024010516117,2024,010516117,2,11,0,3,3,4,8,0,0,0,0,0,0,0,0,1,1,1,1,53,8,4500,2,4,ALEXANDER DENNIS MODEL MISSING,3,E01002649,0,1
2024010546003,2024,010546003,1,11,0,9,9,4,3,0,0,6,0,0,0,0,3,1,1,1,1,52,8,4500,2,10,ALEXANDER DENNIS MODEL MISSING,8,E01004500,0,1
2024461464262,2024,461464262,1,11,0,-1,4,6,2,-1,0,1,0,0,0,0,1,1,-1,6,2,50,8,4500,2,3,ALEXANDER DENNIS MODEL MISSING,8,E01024098,0,2
2024501395678,2024,501395678,1,11,0,-1,19,2,5,-1,0,8,0,0,0,0,1,1,-1,1,1,53,8,4461,2,8,ALEXANDER DENNIS MODEL MISSING,2,E01015176,0,1
2024041536335,2024,041536335,1,11,0,-1,19,3,7,-1,0,1,0,0,0,0,2,1,-1,1,1,42,7,4461,2,11,ALEXANDER DENNIS MODEL MISSING,1,E01025156,0,1
2024010547596,2024,010547596,1,11,0,7,7,6,1,0,0,2,0,0,0,0,3,1,1,1,1,37,7,4500,2,10,ALEXANDER DENNIS MODEL MISSING,5,E01000467,0,1
2024010524671,2024,010524671,2,11,0,5,5,5,1,0,0,8,0,0,0,0,1,1,6,6,3,-1,-1,4500,2,8,ALEXANDER DENNIS MODEL MISSING,-1,-1,0,-1
2024010523040,2024,010523040,2,11,0,-1,-1,7,3,0,0,0,0,0,0,0,2,1,1,1,1,39,7,4500,2,9,ALEXANDER DENNIS MODEL MISSING,4,E01034613,0,3
2024010530480,2024,010530480,1,11,0,5,5,5,1,0,0,0,0,0,0,0,0,1,1,1,3,46,8,6700,2,13,ALEXANDER DENNIS MODEL MISSING,6,E01001149,0,2
2024101411859,2024,101411859,1,11,0,-1,19,7,3,-1,0,0,0,0,0,0,0,1,-1,1,1,-1,-1,4500,2,5,ALEXANDER DENNIS MODEL MISSING,-1,-1,0,-1
2024141455623,2024,141455623,1,11,0,-1,19,6,1,-1,0,0,0,0,0,0,0,1,-1,1,1,24,5,4500,2,7,ALEXANDER DENNIS MODEL MISSING,2,E01011859,0,3
2024010520604,2024,010520604,1,11,0,99,99,9,9,99,99,9,0,99,9,99,1,1,1,1,2,31,6,4500,2,7,ALEXANDER DENNIS MODEL MISSING,1,E01003515,0,1
2024010500810,2024,010500810,1,11,0,4,4,3,7,0,0,0,0,0,0,0,2,1,1,1,1,54,8,4500,2,14,ALEXANDER DENNIS MODEL MISSING,6,E01003223,0,1
2024010523785,2024,010523785,1,11,0,18,19,4,8,0,0,2,0,4,0,0,1,1,1,1,1,53,8,4500,2,8,ALEXANDER DENNIS MODEL MISSING,6,E01003411,0,2
2024010536140,2024,010536140,2,11,0,4,4,1,5,0,0,1,0,0,0,0,0,1,1,1,1,52,8,4500,2,7,ALEXANDER DENNIS MODEL MISSING,2,E01035692,0,1
2024010503017,2024,010503017,1,11,0,18,19,1,5,2,2,0,0,0,0,0,1,1,1,1,1,47,8,4500,2,9,ALEXANDER DENNIS MODEL MISSING,4,E01003090,0,1
2024421438470,2024,421438470,2,11,0,-1,2,7,3,-1,0,0,0,0,0,0,3,1,-1,1,1,64,9,6700,2,12,ALEXANDER DENNIS MODEL MISSING,4,E01021636,0,4
2024010541567,2024,010541567,2,11,0,5,5,1,5,0,0,1,0,0,0,0,1,1,1,1,1,58,9,6700,2,5,ALEXANDER DENNIS MODEL MISSING,2,E01033883,0,1
2024461396171,2024,461396171,2,11,0,-1,19,5,1,-1,2,1,0,0,0,0,0,9,-1,1,1,59,9,6700,2,8,ALEXANDER DENNIS MODEL MISSING,5,E01024095,0,3
2024010525615,2024,010525615,1,11,0,9,9,7,5,0,0,4,0,0,0,0,0,1,1,1,1,27,6,4500,2,6,ALEXANDER DENNIS MODEL MISSING,5,E01000636,0,2
2024010545768,2024,010545768,1,11,0,18,19,8,4,0,0,8,0,0,0,0,1,1,1,1,1,37,7,4500,2,5,ALEXANDER DENNIS MODEL MISSING,4,E01004328,0,2
2024010526277,2024,010526277,1,11,0,2,2,0,0,0,0,6,0,0,0,0,2,1,6,6,3,-1,-1,6700,2,5,ALEXANDER DENNIS MODEL MISSING,-1,-1,0,-1
2024070715576,2024,070715576,1,11,0,-1,19,8,4,-1,0,3,0,0,0,0,1,1,-1,1,1,31,6,4461,2,11,ALEXANDER DENNIS MODEL MISSING,2,E01018523,0,2
2024010520413,2024,010520413,1,11,0,18,19,6,2,0,0,1,0,0,0,0,0,1,1,1,1,45,7,4461,2,11,ALEXANDER DENNIS MODEL MISSING,7,E01003152,0,3
2024010514999,2024,010514999,1,11,0,18,19,1,5,0,0,0,0,0,0,0,0,1,1,1,1,58,9,6700,2,12,ALEXANDER DENNIS MODEL MISSING,2,E01001625,0,1
2024311468313,2024,311468313,2,11,0,-1,5,4,8,-1,0,4,0,0,0,0,1,1,-1,1,2,41,7,6700,2,4,ALEXANDER DENNIS MODEL MISSING,-1,-1,0,-1
2024991485612,2024,991485612,1,11,0,-1,19,2,6,-1,0,0,0,0,0,0,4,1,-1,1,1,31,6,4500,2,13,ALEXANDER DENNIS MODEL MISSING,-1,-1,0,-1
2024522401224,2024,522401224,1,11,0,5,5,2,6,0,0,1,0,0,0,0,3,1,1,1,1,58,9,6700,2,8,ALEXANDER DENNIS MODEL MISSING,2,E01014977,0,1
2024061414819,2024,061414819,1,11,0,-1,19,8,4,-1,0,1,0,0,0,0,0,1,-1,1,1,32,6,4461,2,11,ALEXANDER DENNIS MODEL MISSING,-1,-1,0,-1
2024010532238,2024,010532238,2,11,0,99,99,9,9,99,99,9,9,99,9,99,1,9,6,6,3,-1,-1,6696,2,11,ALEXANDER DENNIS MODEL MISSING,3,E01016456,0,2
2024010520125,2024,010520125,1,11,0,5,5,7,3,2,2,0,0,0,0,0,0,1,1,1,1,20,4,4500,2,10,ALEXANDER DENNIS MODEL MISSING,6,E01003755,0,3
2024010526853,2024,010526853,1,11,0,3,3,5,1,0,0,1,0,0,0,0,2,1,1,1,1,53,8,6700,2,13,ALEXANDER DENNIS MODEL MISSING,8,E01000702,0,2
2024547962524,2024,547962524,2,11,0,18,19,4,8,0,0,1,0,0,0,0,4,1,1,1,1,20,4,6700,2,4,ALEXANDER DENNIS MODEL MISSING,7,E01015487,0,1
2024010546240,2024,010546240,2,11,0,99,99,9,9,99,99,9,9,99,9,99,9,9,6,6,1,64,9,4500,2,10,ALEXANDER DENNIS MODEL MISSING,9,E01024299,0,3
2024010509632,2024,010509632,1,11,0,14,14,3,7,0,0,1,0,4,0,0,1,1,1,1,1,54,8,6700,2,15,ALEXANDER DENNIS MODEL MISSING,-1,-1,0,-1
2024122400664,2024,122400664,2,11,0,18,19,3,7,0,0,0,0,0,0,0,1,1,1,1,1,65,9,4461,2,10,ALEXANDER DENNIS MODEL MISSING,9,E01027589,0,4
2024010529279,2024,010529279,1,11,0,11,11,8,4,2,2,0,0,0,0,0,1,1,1,1,1,35,6,4500,2,8,ALEXANDER DENNIS MODEL MISSING,5,E01024304,0,4
2024010535354,2024,010535354,1,11,0,99,99,9,9,99,99,9,9,99,9,99,2,9,1,1,1,58,9,4500,2,6,ALEXANDER DENNIS MODEL MISSING,5,E01015951,0,3
2024440275123,2024,440275123,1,11,0,4,4,2,6,0,0,1,0,0,0,0,0,1,1,1,1,40,7,6700,2,15,ALEXANDER DENNIS MODEL MISSING,-1,-1,0,-1
2024231414874,2024,231414874,2,11,0,-1,19,4,8,-1,0,1,0,0,0,0,4,9,-1,1,1,30,6,4500,2,13,ALEXANDER DENNIS MODEL MISSING,4,E01031170,0,1
2024201504864,2024,201504864,2,11,0,-1,19,4,8,-1,0,8,0,0,0,0,1,1,-1,1,1,59,9,6700,2,5,ALEXANDER DENNIS MODEL MISSING,4,E01010015,0,2
2024471401854,2024,471401854,2,11,0,-1,19,7,7,-1,0,2,0,0,0,0,1,1,-1,1,1,33,6,6700,2,6,ALEXANDER DENNIS MODEL MISSING,5,E01031835,0,1
2024061405693,2024,061405693,1,11,0,-1,4,3,7,-1,0,0,0,11,0,0,1,1,-1,1,1,33,6,6700,2,16,ALEXANDER DENNIS MODEL MISSING,1,E01033947,0,2
202417M103524,2024,17M103524,1,11,0,18,19,6,2,0,0,0,0,0,0,0,0,1,1,1,1,44,7,6700,2,12,ALEXANDER DENNIS MODEL MISSING,1,E01012284,0,1
2024061509598,2024,061509598,2,11,0,-1,19,4,7,-1,0,1,0,0,0,0,0,1,-1,1,2,49,8,6700,2,1,ALEXANDER DENNIS MODEL MISSING,-1,-1,0,-1
2024501485611,2024,501485611,1,11,0,-1,19,6,2,-1,0,1,0,0,0,0,1,1,-1,1,1,37,7,6700,2,6,ALEXANDER DENNIS MODEL MISSING,5,E01018831,0,3
2024010544488,2024,010544488,1,11,0,7,7,3,6,0,0,2,5,0,0,0,1,1,1,1,1,56,9,4500,2,14,ALEXANDER DENNIS MODEL MISSING,9,E01030846,0,3
2024311450166,2024,311450166,1,11,0,-1,19,8,4,-1,0,0,0,0,0,0,0,1,-1,1,2,40,7,6700,2,7,ALEXANDER DENNIS MODEL MISSING,2,E01013835,0,2
2024361458606,2024,361458606,2,11,0,-1,9,3,1,-1,0,6,0,0,0,0,1,1,-1,1,1,19,4,4500,2,12,ALEXANDER DENNIS MODEL MISSING,6,E01033036,0,4
2024010549564,2024,010549564,2,11,0,12,12,3,7,0,0,1,0,0,0,0,3,1,6,6,1,26,6,4500,2,7,ALEXANDER DENNIS MODEL MISSING,3,E01004322,0,1
2024061478793,2024,061478793,2,11,0,-1,9,7,3,-1,0,1,0,0,0,0,1,1,-1,1,1,24,5,6700,2,8,ALEXANDER DENNIS MODEL MISSING,1,E01006005,0,1
2024010519782,2024,010519782,1,11,5,5,5,3,7,2,2,0,0,0,0,0,0,2,1,1,1,51,8,4500,2,12,ALEXANDER DENNIS MODEL MISSING,2,E01000526,0,2
2024201466540,2024,201466540,1,11,0,-1,19,7,8,-1,0,0,0,0,0,0,4,9,-1,6,2,61,9,6696,2,10,ALEXANDER DENNIS MODEL MISSING,-1,-1,0,-1
2024010547980,2024,010547980,1,11,0,12,12,1,5,2,2,6,0,0,0,0,1,1,6,6,1,67,10,4500,2,5,ALEXANDER DENNIS MODEL MISSING,2,E01024311,0,4
2024010537224,2024,010537224,2,11,0,4,4,5,1,0,0,0,0,0,0,0,4,1,1,1,1,19,4,6700,2,13,ALEXANDER DENNIS MODEL MISSING,6,E01015985,0,3
2024471455403,2024,471455403,2,11,0,-1,19,3,7,-1,0,8,0,0,0,0,4,1,-1,1,1,32,6,6700,2,1,ALEXANDER DENNIS MODEL MISSING,8,E01031815,0,3
2024622400642,2024,622400642,2,11,0,18,19,2,6,0,0,3,0,0,0,0,4,1,1,1,1,22,5,6700,2,8,ALEXANDER DENNIS MODEL MISSING,3,W01001271,0,3
2024471449547,2024,471449547,1,11,0,-1,19,7,3,-1,2,2,0,0,0,0,3,1,-1,1,1,52,8,4500,2,4,ALEXANDER DENNIS MODEL MISSING,5,E01021064,0,2
202460Q112995,2024,60Q112995,1,11,0,4,4,7,3,0,0,1,0,0,0,0,3,1,1,1,1,61,9,4461,2,9,ALEXANDER DENNIS MODEL MISSING,-1,-1,0,-1
2024061432385,2024,061432385,2,11,0,-1,19,8,5,-1,2,0,0,0,1,4,2,1,-1,1,2,45,7,4500,2,14,ALEXANDER DENNIS MODEL MISSING,2,E01025269,0,4
2024371485556,2024,371485556,2,11,0,-1,19,8,4,-1,0,0,0,0,0,0,1,1,-1,1,1,45,7,4461,2,8,ALEXANDER DENNIS MODEL MISSING,2,E01030013,0,1
2024201471006,2024,201471006,1,11,0,-1,19,8,4,-1,0,1,0,0,0,0,1,1,-1,6,1,53,8,4500,2,5,ALEXANDER DENNIS MODEL MISSING,1,E01008972,0,2
2024332400579,2024,332400579,1,11,0,-1,19,2,6,-1,2,8,0,0,0,0,1,1,-1,1,1,25,5,6700,2,2,ALEXANDER DENNIS MODEL MISSING,5,E01025655,0,2
2024542198124,2024,542198124,2,11,0,2,2,0,0,0,0,2,0,0,0,0,2,1,1,1,1,54,8,6700,2,4,ALEXANDER DENNIS MODEL MISSING,1,E01015573,0,1
2024010537501,2024,010537501,1,11,0,18,19,1,5,0,0,2,0,0,0,0,3,1,1,1,1,54,8,4500,2,6,ALEXANDER DENNIS MODEL MISSING,5,E01000995,0,2
2024451493585,2024,451493585,1,11,0,-1,19,1,5,-1,0,0,0,0,0,0,1,1,-1,1,1,27,6,4500,2,4,ALEXANDER DENNIS MODEL MISSING,6,E01016472,0,3
2024161472098,2024,161472098,1,11,0,-1,2,3,7,-1,0,0,0,0,0,0,0,9,-1,1,1,47,8,4461,2,11,ALEXANDER DENNIS MODEL MISSING,1,E01012855,0,1
2024371407443,2024,371407443,1,11,0,-1,19,2,6,-1,0,0,0,0,0,0,1,1,-1,1,1,37,7,4461,2,11,ALEXANDER DENNIS MODEL MISSING,1,E01030021,0,1
2024010511223,2024,010511223,1,11,5,4,4,3,7,2,2,5,0,11,3,5,1,1,1,1,1,28,6,4500,2,8,ALEXANDER DENNIS MODEL MISSING,5,E01002449,0,2
2024161450119,2024,161450119,1,11,0,-1,4,2,6,-1,0,0,0,0,0,0,0,1,-1,1,1,42,7,6700,2,5,ALEXANDER DENNIS MODEL MISSING,-1,-1,0,-1
2024430128329,2024,430128329,2,11,0,2,2,0,0,0,0,0,0,0,0,0,2,1,1,1,2,54,8,4500,2,7,ALEXANDER DENNIS MODEL MISSING,1,E01016845,0,1
2024421495570,2024,421495570,1,11,0,-1,4,1,5,-1,0,0,0,0,0,0,4,1,-1,1,1,44,7,4500,2,15,ALEXANDER DENNIS MODEL MISSING,4,E01021984,0,1
2024332400474,2024,332400474,1,11,0,-1,4,6,2,-1,0,0,0,0,0,0,0,1,-1,1,1,49,8,6700,2,7,ALEXANDER DENNIS MODEL MISSING,5,E01028132,0,3
2024010551715,2024,010551715,2,11,0,-1,-1,5,1,0,0,2,0,4,0,0,3,1,1,1,1,46,8,4500,2,7,ALEXANDER DENNIS MODEL MISSING,4,E01002044,0,1
2024991553337,2024,991553337,1,11,0,-1,15,6,2,-1,0,0,0,4,0,0,1,1,-1,1,1,49,8,4500,2,16,ALEXANDER DENNIS MODEL MISSING,5,-1,0,2
2024010544932,2024,010544932,1,11,0,99,99,9,9,99,99,9,9,99,9,99,9,9,6,6,3,40,7,6700,2,9,ALEXANDER DENNIS MODEL MISSING,3,E01001700,0,2
2024010551131,2024,010551131,1,11,0,5,5,0,5,0,0,1,0,0,0,0,1,1,1,1,1,52,8,6700,2,15,ALEXANDER DENNIS MODEL MISSING,-1,-1,0,-1
2024440026602,2024,440026602,2,11,0,18,19,2,6,0,0,8,0,0,0,0,3,1,1,1,1,49,8,6696,2,11,ALEXANDER DENNIS MODEL MISSING,5,E01017136,0,1
2024010551511,2024,010551511,1,11,0,9,9,1,6,0,0,5,0,0,0,0,1,1,1,1,1,52,8,4461,2,11,ALEXANDER DENNIS MODEL MISSING,6,E01002122,0,1
2024480551958,2024,480551958,2,11,0,99,99,9,9,99,99,9,9,99,9,99,1,9,6,6,3,-1,-1,6700,2,4,ALEXANDER DENNIS MODEL MISSING,-1,-1,0,-1
2024010505489,2024,010505489,2,11,0,99,99,9,9,99,99,9,9,99,9,99,2,9,6,6,3,-1,-1,4500,2,6,ALEXANDER DENNIS MODEL MISSING,3,E01003310,0,1
2024010546436,2024,010546436,1,11,0,4,4,5,1,0,0,1,0,0,0,0,0,1,1,1,2,29,6,4500,2,5,ALEXANDER DENNIS MODEL MISSING,3,E01004004,0,1
2024010527824,2024,010527824,2,11,0,10,10,5,2,0,0,1,0,0,0,0,1,1,1,1,1,37,7,6700,2,5,ALEXANDER DENNIS MODEL MISSING,3,E01000032,0,2
2024010538020,2024,010538020,1,11,0,18,19,4,8,0,0,2,0,0,0,0,4,1,6,6,1,57,9,4500,2,8,ALEXANDER DENNIS MODEL MISSING,3,E01000062,0,3
2024311426910,2024,311426910,1,11,0,-1,19,1,5,-1,0,0,0,0,0,0,0,1,-1,1,2,40,7,6700,2,7,ALEXANDER DENNIS MODEL MISSING,-1,-1,0,-1
2024010497915,2024,010497915,1,11,0,4,4,1,5,0,0,1,0,0,0,0,0,1,1,1,2,41,7,4500,2,6,ALEXANDER DENNIS MODEL MISSING,3,E01003125,0,1
2024552401294,2024,552401294,1,11,0,18,19,2,6,0,0,0,0,0,0,0,1,1,1,1,2,25,5,6700,2,8,ALEXANDER DENNIS MODEL MISSING,3,E01015415,0,2
2024451405563,2024,451405563,2,11,0,-1,19,7,3,-1,0,4,0,0,0,0,3,1,-1,1,1,67,10,8268,2,18,ALEXANDER DENNIS MODEL MISSING,9,E01030802,0,1
2024010529402,2024,010529402,1,11,0,4,4,7,3,0,0,4,0,0,0,0,2,1,1,1,1,45,7,6700,2,8,ALEXANDER DENNIS MODEL MISSING,1,E01035275,0,1
2024131418596,2024,131418596,1,11,0,-1,19,1,5,-1,0,1,0,0,0,0,1,1,-1,1,1,45,7,6700,2,7,ALEXANDER DENNIS MODEL MISSING,1,E01011750,0,1
2024010514192,2024,010514192,1,11,0,4,4,5,1,0,0,1,0,0,1,0,1,1,1,1,2,54,8,4500,2,6,ALEXANDER DENNIS MODEL MISSING,6,E01000193,0,1
2024461417089,2024,461417089,2,11,0,-1,19,7,3,-1,0,0,0,0,0,0,3,9,-1,1,1,25,5,4461,2,11,ALEXANDER DENNIS MODEL MISSING,4,E01034986,0,4
2024010536310,2024,010536310,2,11,0,99,99,9,9,99,99,9,9,99,9,99,1,9,6,6,3,-1,-1,6700,2,13,ALEXANDER DENNIS MODEL MISSING,-1,-1,0,-1
2024010499785,2024,010499785,1,11,0,18,19,1,5,2,2,4,0,0,0,0,0,1,1,1,1,55,8,4500,2,8,ALEXANDER DENNIS MODEL MISSING,3,E01000465,0,3
2024010498838,2024,010498838,1,11,0,4,4,5,1,2,2,1,0,0,0,0,0,1,1,1,1,47,8,6700,2,5,ALEXANDER DENNIS MODEL MISSING,8,E01000420,0,3
2024010513264,2024,010513264,2,11,0,99,99,9,9,99,99,9,9,99,9,99,9,9,6,6,3,-1,-1,4500,2,12,ALEXANDER DENNIS MODEL MISSING,-1,-1,0,-1
2024440208795,2024,440208795,1,11,0,18,19,8,4,0,0,0,0,0,0,0,1,1,6,6,1,24,5,6700,2,5,ALEXANDER DENNIS MODEL MISSING,2,E01022901,0,1
2024501485898,2024,501485898,3,11,0,-1,19,2,4,-1,0,0,0,0,0,0,3,1,-1,1,1,56,9,4461,2,10,ALEXANDER DENNIS MODEL MISSING,5,E01020279,0,2
2024010544849,2024,010544849,1,11,0,17,19,3,7,0,0,4,0,0,0,0,4,1,1,1,2,35,6,4500,2,13,ALEXANDER DENNIS MODEL MISSING,2,E01001130,0,1
2024010507622,2024,010507622,1,11,0,18,19,3,7,0,0,1,0,0,0,0,4,1,3,7,1,52,8,4461,2,11,ALEXANDER DENNIS MODEL MISSING,1,E01021305,0,4
2024061502945,2024,061502945,1,11,0,-1,19,4,8,-1,0,0,0,0,0,0,1,1,-1,1,1,22,5,6700,2,16,ALEXANDER DENNIS MODEL MISSING,3,E01005536,0,1
2024991469372,2024,991469372,2,11,0,-1,19,7,3,-1,0,0,0,0,0,0,1,1,-1,1,1,65,9,4461,2,9,ALEXANDER DENNIS MODEL MISSING,4,-1,0,1
2024101454446,2024,101454446,1,11,0,-1,19,8,4,-1,0,2,0,0,0,0,3,1,-1,1,1,60,9,4461,2,11,ALEXANDER DENNIS MODEL MISSING,-1,-1,0,-1
202454A420224,2024,54A420224,2,11,0,18,19,5,1,0,0,0,0,0,0,0,1,1,6,6,1,52,8,6700,2,8,ALEXANDER DENNIS MODEL MISSING,8,E01014425,0,3
2024501442518,2024,501442518,2,11,0,-1,19,4,8,-1,0,0,0,0,0,0,1,1,-1,7,2,61,9,6700,2,6,ALEXANDER DENNIS MODEL MISSING,3,E01020286,0,4
2024010532720,2024,010532720,1,11,0,4,4,1,5,0,0,1,0,0,0,0,0,1,6,6,1,48,8,4500,2,6,ALEXANDER DENNIS MODEL MISSING,8,E01032775,0,1
2024010514568,2024,010514568,1,11,0,18,19,4,8,0,0,0,0,0,0,0,0,1,1,1,1,44,7,4500,2,13,ALEXANDER DENNIS MODEL MISSING,6,E01001419,0,1
2024010536068,2024,010536068,2,11,0,18,19,7,3,0,0,1,0,0,0,0,0,1,1,1,1,31,6,4500,2,14,ALEXANDER DENNIS MODEL MISSING,7,E01001075,0,2
2024311507485,2024,311507485,1,11,0,-1,19,1,5,-1,0,1,0,0,0,0,0,1,-1,1,1,54,8,6700,2,12,ALEXANDER DENNIS MODEL MISSING,2,E01026662,0,5
2024461472995,2024,461472995,1,11,0,-1,10,0,2,-1,2,1,0,0,0,0,1,9,-1,1,1,29,6,6700,2,15,ALEXANDER DENNIS MODEL MISSING,5,E01016165,0,1
2024010514840,2024,010514840,1,11,0,9,9,7,4,0,0,4,0,0,0,0,0,1,1,1,1,31,6,4500,2,6,ALEXANDER DENNIS MODEL MISSING,2,E01001337,0,3
2024501473732,2024,501473732,1,11,0,-1,5,6,2,-1,2,2,0,0,0,0,1,9,-1,1,1,61,9,4461,2,11,ALEXANDER DENNIS MODEL MISSING,2,E01019990,0,1
2024471441664,2024,471441664,1,11,0,-1,7,2,3,-1,0,5,0,0,0,0,4,1,-1,1,1,25,5,4461,2,9,ALEXANDER DENNIS MODEL MISSING,5,E01031410,0,4
2024311501699,2024,311501699,1,11,0,-1,2,7,3,-1,0,1,0,0,0,0,0,1,-1,1,1,37,7,6700,2,1,ALEXANDER DENNIS MODEL MISSING,4,E01027996,0,2
2024201512362,2024,201512362,1,11,0,-1,9,4,2,-1,2,2,0,0,0,0,2,1,-1,1,2,43,7,6700,2,8,ALEXANDER DENNIS MODEL MISSING,1,E01034948,0,1
2024411434665,2024,411434665,1,11,0,-1,19,7,3,-1,0,1,0,11,1,1,1,1,-1,6,1,65,9,6700,2,15,ALEXANDER DENNIS MODEL MISSING,3,E01023348,0,3
202454D830424,2024,54D830424,2,11,0,16,19,5,1,0,0,2,0,0,0,0,1,1,1,1,1,21,5,4461,2,7,ALEXANDER DENNIS MODEL MISSING,4,E01031851,0,2
2024201486891,2024,201486891,1,11,0,-1,5,5,1,-1,0,1,0,0,0,0,4,1,-1,1,1,63,9,4500,2,13,ALEXANDER DENNIS MODEL MISSING,6,E01010469,0,1
2024501457533,2024,501457533,3,11,0,-1,19,1,5,-1,0,0,0,0,0,0,1,1,-1,1,1,63,9,6700,2,8,ALEXANDER DENNIS MODEL MISSING,9,E01019970,0,1
2024111503713,2024,111503713,1,11,0,-1,19,7,3,-1,0,1,0,0,0,0,1,1,-1,1,1,52,8,4500,2,7,ALEXANDER DENNIS MODEL MISSING,-1,-1,0,-1
2024061447911,2024,061447911,2,11,0,-1,19,4,8,-1,0,8,0,0,0,0,1,1,-1,1,1,24,5,6700,2,0,ALEXANDER DENNIS MODEL MISSING,1,E01005147,0,1
2024071090147,2024,071090147,1,11,0,-1,19,5,1,-1,0,0,0,0,0,0,1,1,-1,1,1,65,9,4500,2,3,ALEXANDER DENNIS MODEL MISSING,2,E01007244,0,3
2024430490595,2024,430490595,2,11,0,18,19,3,7,0,0,1,0,0,0,0,1,1,1,1,1,44,7,6700,2,0,ALEXANDER DENNIS MODEL MISSING,3,E01016381,0,1
2024122400748,2024,122400748,1,11,0,4,4,3,7,0,0,0,0,0,0,0,0,1,1,1,1,28,6,4500,2,7,ALEXANDER DENNIS MODEL MISSING,2,E01027825,0,1
2024471454164,2024,471454164,2,11,0,-1,19,8,6,-1,0,1,0,0,0,0,3,1,-1,1,2,27,6,6700,2,13,ALEXANDER DENNIS MODEL MISSING,5,E01031403,0,2
2024010538444,2024,010538444,1,11,0,5,5,4,8,0,0,0,0,0,0,0,0,1,1,1,1,49,8,4500,2,6,ALEXANDER DENNIS MODEL MISSING,3,E01000129,0,2
2024010505217,2024,010505217,1,11,0,5,5,0,1,0,0,0,0,0,0,0,3,1,1,1,1,51,8,6700,2,6,ALEXANDER DENNIS MODEL MISSING,2,E01003189,0,2
2024552500043,2024,552500043,1,11,0,4,4,4,8,0,0,0,0,0,0,0,0,1,1,1,1,48,8,6700,2,5,ALEXANDER DENNIS MODEL MISSING,6,E01015286,0,2
2024371537105,2024,371537105,1,11,0,-1,19,5,1,-1,0,0,0,0,0,0,4,1,-1,1,1,29,6,6696,2,11,ALEXANDER DENNIS MODEL MISSING,2,E01030032,0,1
2024311456192,2024,311456192,1,11,0,-1,19,4,8,-1,0,2,1,0,0,0,2,1,-1,1,1,40,7,6700,2,17,ALEXANDER DENNIS MODEL MISSING,10,E01026189,0,4
2024471470010,2024,471470010,3,11,0,-1,19,3,6,-1,0,0,0,0,0,0,1,1,-1,1,1,55,8,4461,2,8,ALEXANDER DENNIS MODEL MISSING,10,E01031668,0,3
2024061480207,2024,061480207,2,11,0,-1,19,4,8,-1,0,8,0,0,0,0,1,1,-1,1,1,66,10,6700,2,16,ALEXANDER DENNIS MODEL MISSING,1,E01005822,0,1