collision_index,collision_year,collision_ref_no,vehicle_reference,vehicle_type,towing_and_articulation,vehicle_manoeuvre_historic,vehicle_manoeuvre,vehicle_direction_from,vehicle_direction_to,vehicle_location_restricted_lane_historic,vehicle_location_restricted_lane,junction_location,skidding_and_overturning,hit_object_in_carriageway,vehicle_leaving_carriageway,hit_object_off_carriageway,first_point_of_impact,vehicle_left_hand_drive,journey_purpose_of_driver_historic,journey_purpose_of_driver,sex_of_driver,age_of_driver,age_band_of_driver,engine_capacity_cc,propulsion_code,age_of_vehicle,generic_make_model,driver_imd_decile,lsoa_of_driver,escooter_flag,driver_distance_banding
2024010538803,2024,010538803,1,11,0,18,19,7,3,0,0,0,0,0,0,0,0,1,1,1,2,49,8,4461,2,11,ALEXANDER DENNIS MODEL MISSING,2,E01032565,0,4
2024548050724,2024,548050724,1,11,0,4,4,8,4,0,0,0,0,0,0,0,1,1,1,1,1,60,9,4461,2,10,ALEXANDER DENNIS MODEL MISSING,4,E01031851,0,1
2024991508658,2024,991508658,1,11,0,-1,4,3,7,-1,0,2,0,0,0,0,1,1,-1,1,1,63,9,6700,2,12,ALEXANDER DENNIS MODEL MISSING,5,-1,0,3
2024991458401,2024,991458401,1,11,0,-1,4,2,6,-1,0,0,0,0,0,0,0,1,-1,1,1,37,7,4500,2,5,ALEXANDER DENNIS MODEL MISSING,2,-1,0,4
2024311437832,2024,311437832,1,11,0,-1,3,5,1,-1,0,0,0,0,0,0,1,1,-1,1,2,59,9,6700,2,1,ALEXANDER DENNIS MODEL MISSING,-1,-1,0,-1
2024010531336,2024,010531336,6,11,0,3,3,4,8,0,0,0,0,0,0,0,2,1,6,6,1,44,7,4500,2,15,ALEXANDER DENNIS MODEL MISSING,4,E01000497,0,1
2024010516908,2024,010516908,2,11,0,18,19,5,1,0,0,2,0,0,0,0,1,1,6,6,1,57,9,4500,2,5,ALEXANDER DENNIS MODEL MISSING,8,E01000883,0,3
2024010536075,2024,010536075,1,11,0,4,4,1,5,2,2,0,0,0,0,0,0,1,1,1,2,48,8,4500,2,4,ALEXANDER DENNIS MODEL MISSING,3,E01004012,0,2
2024451402059,2024,451402059,2,11,0,-1,19,1,3,-1,0,8,0,0,0,0,1,9,-1,1,1,55,8,4500,2,1,ALEXANDER DENNIS MODEL MISSING,7,E01016728,0,4
2024010509048,2024,010509048,1,11,0,16,19,5,1,0,0,3,0,0,0,0,0,1,1,1,1,49,8,4500,2,7,ALEXANDER DENNIS MODEL MISSING,8,E01000281,0,2
2024010530146,2024,010530146,1,11,0,18,19,5,1,0,0,1,0,0,0,0,1,2,1,1,1,57,9,4500,2,7,ALEXANDER DENNIS MODEL MISSING,3,E01000800,0,1
2024010493842,2024,010493842,1,11,0,99,99,9,9,99,99,9,9,99,9,99,9,9,1,1,1,58,9,4500,2,14,ALEXANDER DENNIS MODEL MISSING,2,E01000008,0,1
2024010547754,2024,010547754,1,11,0,18,19,1,5,0,0,6,0,0,0,0,1,1,1,1,1,52,8,4500,2,10,ALEXANDER DENNIS MODEL MISSING,3,E01003237,0,3
2024332400777,2024,332400777,1,11,0,-1,14,1,5,-1,0,0,0,0,0,0,3,1,-1,1,1,43,7,6700,2,15,ALEXANDER DENNIS MODEL MISSING,-1,-1,0,-1
2024451464139,2024,451464139,2,11,0,-1,19,3,7,-1,0,1,0,0,7,11,1,1,-1,1,1,58,9,4500,2,2,ALEXANDER DENNIS MODEL MISSING,4,E01000616,0,4
2024440163760,2024,440163760,1,11,0,18,19,5,1,0,0,1,0,0,0,0,4,1,1,1,1,43,7,6700,2,8,ALEXANDER DENNIS MODEL MISSING,7,E01017050,0,1
2024421488889,2024,421488889,1,11,0,-1,19,7,3,-1,0,0,0,4,0,0,1,1,-1,1,1,29,6,6700,2,7,ALEXANDER DENNIS MODEL MISSING,1,E01021998,0,4
2024471534287,2024,471534287,5,11,0,-1,19,8,4,-1,0,0,0,0,0,0,3,1,-1,9,1,-1,-1,6700,2,1,ALEXANDER DENNIS MODEL MISSING,-1,-1,0,-1
2024461432097,2024,461432097,1,11,0,-1,19,3,7,-1,0,0,0,0,0,0,4,9,-1,1,1,24,5,4461,2,11,ALEXANDER DENNIS MODEL MISSING,5,E01024225,0,4
2024141422885,2024,141422885,1,11,0,-1,5,5,1,-1,2,8,0,0,0,0,3,1,-1,9,1,65,9,8268,2,18,ALEXANDER DENNIS MODEL MISSING,7,E01034252,0,3
2024101468683,2024,101468683,1,11,0,-1,5,3,7,-1,0,0,0,0,0,0,4,1,-1,1,1,24,5,6700,2,5,ALEXANDER DENNIS MODEL MISSING,-1,-1,0,-1
2024010499504,2024,010499504,2,11,0,10,10,1,7,0,0,1,0,0,0,0,1,1,1,1,1,24,5,4500,2,9,ALEXANDER DENNIS MODEL MISSING,2,E01035677,0,3
2024041491424,2024,041491424,1,11,0,-1,2,7,3,-1,0,0,0,0,0,0,0,1,-1,1,1,75,10,6700,2,6,ALEXANDER DENNIS MODEL MISSING,1,E01025156,0,1
2024010519656,2024,010519656,2,11,0,18,19,4,8,0,0,0,0,0,0,0,3,1,2,2,1,49,8,4500,2,6,ALEXANDER DENNIS MODEL MISSING,5,E01003259,0,2
2024161425092,2024,161425092,1,11,0,-1,19,3,7,-1,0,2,0,0,0,0,4,1,-1,1,2,28,6,4500,2,13,ALEXANDER DENNIS MODEL MISSING,1,E01012874,0,2
2024311425792,2024,311425792,1,11,0,-1,5,1,4,-1,0,0,0,0,0,0,1,1,-1,1,1,61,9,4461,2,9,ALEXANDER DENNIS MODEL MISSING,-1,-1,0,-1
2024010533133,2024,010533133,1,11,0,18,19,1,5,0,0,1,0,0,0,0,1,1,1,1,1,41,7,4500,2,13,ALEXANDER DENNIS MODEL MISSING,3,E01003629,0,1
2024440502034,2024,440502034,1,11,0,18,19,7,3,0,0,0,0,0,0,0,3,1,1,1,1,63,9,8300,2,17,ALEXANDER DENNIS MODEL MISSING,4,E01023154,0,2
2024061432396,2024,061432396,2,11,0,-1,19,1,5,-1,0,1,0,0,0,0,1,1,-1,1,2,53,8,6700,2,16,ALEXANDER DENNIS MODEL MISSING,-1,-1,0,-1
2024010549520,2024,010549520,1,11,0,-1,-1,3,7,0,0,1,0,0,0,0,1,1,1,1,1,38,7,6700,2,13,ALEXANDER DENNIS MODEL MISSING,2,E01021322,0,4
2024461399748,2024,461399748,1,11,0,-1,19,4,8,-1,0,8,0,0,0,0,4,9,-1,1,1,-1,-1,4500,2,3,ALEXANDER DENNIS MODEL MISSING,5,E01024703,0,3
2024101535369,2024,101535369,1,11,0,-1,19,3,7,-1,0,8,0,0,0,0,1,1,-1,1,1,55,8,6700,2,1,ALEXANDER DENNIS MODEL MISSING,3,E01027537,0,4
2024131421116,2024,131421116,1,11,0,-1,19,1,5,-1,0,1,0,0,0,0,1,1,-1,1,1,55,8,6700,2,7,ALEXANDER DENNIS MODEL MISSING,4,E01034262,0,3
2024010527615,2024,010527615,2,11,0,18,19,4,8,0,0,1,0,0,0,0,1,1,1,1,2,40,7,4500,2,12,ALEXANDER DENNIS MODEL MISSING,2,E01004007,0,1
2024010487413,2024,010487413,1,11,0,18,19,5,1,2,2,1,0,0,0,0,0,1,1,1,2,23,5,6700,2,6,ALEXANDER DENNIS MODEL MISSING,4,E01003054,0,2
2024311436759,2024,311436759,3,11,0,-1,19,8,4,-1,0,2,0,0,0,0,2,1,-1,1,1,48,8,6700,2,4,ALEXANDER DENNIS MODEL MISSING,7,E01027993,0,3
2024101426470,2024,101426470,2,11,0,-1,14,5,1,-1,0,0,0,0,0,0,0,1,-1,1,1,64,9,6700,2,8,ALEXANDER DENNIS MODEL MISSING,-1,-1,0,-1
2024010534869,2024,010534869,1,11,0,18,19,1,5,0,0,1,0,0,0,0,0,1,1,1,1,-1,-1,6696,2,11,ALEXANDER DENNIS MODEL MISSING,2,E01000781,0,1
2024451478899,2024,451478899,2,11,0,-1,3,3,1,-1,0,0,0,0,0,0,1,1,-1,1,1,36,7,4500,2,13,ALEXANDER DENNIS MODEL MISSING,6,E01034729,0,2
2024161502009,2024,161502009,1,11,0,-1,4,3,7,-1,0,0,0,0,0,0,1,9,-1,1,1,23,5,4500,2,13,ALEXANDER DENNIS MODEL MISSING,2,E01035463,0,2
2024010519306,2024,010519306,1,11,0,18,19,5,1,0,0,0,0,0,0,0,1,1,1,1,1,51,8,4500,2,8,ALEXANDER DENNIS MODEL MISSING,2,E01003044,0,1
2024010522505,2024,010522505,1,11,0,18,19,5,1,0,0,0,0,0,0,0,4,1,6,6,1,42,7,6700,2,12,ALEXANDER DENNIS MODEL MISSING,3,E01035665,0,1
2024332400340,2024,332400340,2,11,0,-1,19,6,2,-1,0,1,0,0,0,0,1,1,-1,1,1,45,7,6700,2,15,ALEXANDER DENNIS MODEL MISSING,3,E01025997,0,2
2024131463845,2024,131463845,1,11,0,-1,19,5,1,-1,0,0,0,0,0,0,1,1,-1,1,1,26,6,6696,2,9,ALEXANDER DENNIS MODEL MISSING,3,E01010791,0,3
2024311490418,2024,311490418,1,11,0,-1,2,0,0,-1,2,2,0,0,0,0,0,1,-1,1,1,38,7,6700,2,7,ALEXANDER DENNIS MODEL MISSING,5,E01019439,0,4
2024010515208,2024,010515208,2,11,0,99,99,9,9,99,99,9,9,99,9,99,0,9,6,6,3,-1,-1,6700,2,13,ALEXANDER DENNIS MODEL MISSING,-1,-1,0,-1
2024991513698,2024,991513698,1,11,0,-1,19,6,2,-1,0,0,0,0,0,0,1,1,-1,1,1,66,10,4500,2,1,ALEXANDER DENNIS MODEL MISSING,6,-1,0,1
2024010538630,2024,010538630,1,11,0,3,3,6,2,0,0,1,0,0,0,0,2,1,1,1,1,54,8,4500,2,7,ALEXANDER DENNIS MODEL MISSING,4,E01002641,0,1
2024010530549,2024,010530549,2,11,0,18,19,2,6,0,0,0,0,0,0,0,1,1,1,1,1,62,9,4500,2,6,ALEXANDER DENNIS MODEL MISSING,4,E01001623,0,1
2024201499772,2024,201499772,1,11,0,-1,19,6,2,-1,0,0,0,0,0,0,1,1,-1,6,1,38,7,6700,2,7,ALEXANDER DENNIS MODEL MISSING,2,E01009346,0,1
2024061405149,2024,061405149,1,11,0,-1,19,6,2,-1,0,1,0,0,0,0,1,1,-1,1,1,39,7,4461,2,11,ALEXANDER DENNIS MODEL MISSING,1,E01005292,0,3
2024010542167,2024,010542167,1,11,0,18,19,3,7,0,0,0,0,0,0,0,0,1,1,1,2,43,7,4500,2,6,ALEXANDER DENNIS MODEL MISSING,5,E01003344,0,3
2024010522118,2024,010522118,1,11,0,18,19,5,1,0,0,1,0,0,0,0,1,1,1,1,1,62,9,4500,2,6,ALEXANDER DENNIS MODEL MISSING,8,E01000361,0,4
2024231516830,2024,231516830,1,11,0,-1,14,6,2,-1,0,0,0,0,0,0,1,1,-1,1,2,54,8,6700,2,9,ALEXANDER DENNIS MODEL MISSING,2,E01031118,0,3
2024471454453,2024,471454453,1,11,0,-1,19,-1,-1,-1,0,0,0,0,0,0,-1,9,-1,1,1,62,9,6700,2,0,ALEXANDER DENNIS MODEL MISSING,5,E01021059,0,3
2024340WN9032,2024,340WN9032,1,11,0,-1,19,1,5,-1,0,0,0,0,0,0,3,1,-1,1,1,54,8,6700,2,14,ALEXANDER DENNIS MODEL MISSING,6,E01027176,0,2
2024141506125,2024,141506125,1,11,0,-1,19,3,7,-1,0,1,0,0,0,0,1,1,-1,1,1,63,9,4461,2,11,ALEXANDER DENNIS MODEL MISSING,4,-1,0,5
2024010516423,2024,010516423,1,11,0,18,19,7,3,0,0,1,0,0,0,0,4,1,1,1,1,27,6,4500,2,12,ALEXANDER DENNIS MODEL MISSING,4,E01004201,0,1
2024010531532,2024,010531532,1,11,0,18,19,1,5,0,0,1,0,0,0,0,1,1,1,1,1,61,9,4500,2,6,ALEXANDER DENNIS MODEL MISSING,4,E01023891,0,3
2024131427611,2024,131427611,2,11,0,-1,19,8,4,-1,0,1,0,0,0,0,3,1,-1,9,1,50,8,6700,2,7,ALEXANDER DENNIS MODEL MISSING,1,E01011746,0,3
2024010527922,2024,010527922,1,11,0,18,19,3,7,0,0,1,0,0,0,0,1,1,1,1,1,62,9,4500,2,7,ALEXANDER DENNIS MODEL MISSING,3,E01015921,0,3
2024471459204,2024,471459204,2,11,0,-1,19,1,5,-1,0,0,0,0,0,0,1,1,-1,1,2,55,8,6700,2,13,ALEXANDER DENNIS MODEL MISSING,6,E01035324,0,3
2024311406566,2024,311406566,1,11,0,-1,4,7,3,-1,0,0,0,0,0,0,0,1,-1,1,1,48,8,6700,2,1,ALEXANDER DENNIS MODEL MISSING,2,E01019469,0,2
2024311430214,2024,311430214,1,11,0,-1,19,3,7,-1,0,8,0,0,0,0,1,1,-1,1,1,74,10,6700,2,1,ALEXANDER DENNIS MODEL MISSING,2,E01027954,0,3
2024302400488,2024,302400488,1,11,0,17,19,5,2,0,0,2,0,0,0,0,0,1,1,1,2,42,7,4500,2,8,ALEXANDER DENNIS MODEL MISSING,1,E01027951,0,3
2024401420561,2024,401420561,1,11,0,-1,9,1,7,-1,0,8,0,0,0,0,3,1,-1,1,1,62,9,6700,2,2,ALEXANDER DENNIS MODEL MISSING,6,E01016719,0,4
2024501431520,2024,501431520,2,11,0,-1,19,8,3,-1,0,0,0,0,0,0,3,1,-1,1,1,38,7,6700,2,5,ALEXANDER DENNIS MODEL MISSING,7,E01033294,0,2
2024052401628,2024,052401628,1,11,0,18,19,5,1,0,0,1,0,0,0,0,1,1,1,1,1,46,8,6696,2,9,ALEXANDER DENNIS MODEL MISSING,2,E01006588,0,1
2024010544622,2024,010544622,2,11,0,99,99,9,9,99,99,9,9,99,9,99,9,9,6,6,3,65,9,6700,2,15,ALEXANDER DENNIS MODEL MISSING,3,E01016005,0,4
2024311450416,2024,311450416,2,11,0,-1,19,4,8,-1,0,0,0,0,0,0,0,9,-1,1,1,61,9,6700,2,4,ALEXANDER DENNIS MODEL MISSING,-1,-1,0,-1
2024010530789,2024,010530789,3,11,0,14,14,5,1,0,0,0,0,0,0,0,4,1,1,1,1,38,7,4500,2,6,ALEXANDER DENNIS MODEL MISSING,9,E01023895,0,4
2024010534507,2024,010534507,2,11,0,18,19,3,7,0,0,5,0,0,0,0,1,1,1,1,1,26,6,4500,2,13,ALEXANDER DENNIS MODEL MISSING,3,E01003193,0,1
2024201527274,2024,201527274,1,11,0,-1,19,2,5,-1,0,4,0,0,0,0,2,1,-1,1,1,35,6,6700,2,13,ALEXANDER DENNIS MODEL MISSING,8,E01010487,0,3
2024501501638,2024,501501638,1,11,0,-1,19,3,7,-1,0,2,0,0,0,0,4,1,-1,1,1,50,8,6700,2,6,ALEXANDER DENNIS MODEL MISSING,4,E01018987,0,2
2024201439174,2024,201439174,1,11,0,-1,4,6,2,-1,0,2,0,0,0,0,3,1,-1,1,1,38,7,6700,2,8,ALEXANDER DENNIS MODEL MISSING,1,E01008916,0,2
2024320048312,2024,320048312,2,11,0,-1,-1,7,3,0,0,8,0,0,0,0,1,1,1,1,1,67,10,3900,2,19,ALEXANDER DENNIS MODEL MISSING,3,E01026353,0,1
2024991532470,2024,991532470,1,11,0,-1,19,2,6,-1,0,0,0,5,0,0,1,1,-1,1,1,34,6,6700,2,7,ALEXANDER DENNIS MODEL MISSING,4,-1,0,3
2024141415936,2024,141415936,1,11,0,-1,4,6,2,-1,0,0,0,0,0,0,0,1,-1,1,1,54,8,4500,2,15,ALEXANDER DENNIS MODEL MISSING,3,E01007451,0,2
2024440009811,2024,440009811,1,11,0,18,19,2,6,0,0,2,0,0,0,0,1,1,1,1,1,64,9,6696,2,11,ALEXANDER DENNIS MODEL MISSING,3,E01017189,0,1
202454A572624,2024,54A572624,1,11,0,18,19,4,8,0,0,0,0,11,0,0,1,1,1,1,1,39,7,6696,2,10,ALEXANDER DENNIS MODEL MISSING,2,E01031981,0,2
2024311536363,2024,311536363,1,11,0,-1,19,7,3,-1,0,0,0,0,0,0,0,1,-1,1,1,23,5,6700,2,6,ALEXANDER DENNIS MODEL MISSING,-1,-1,0,-1
2024311489898,2024,311489898,1,11,0,-1,19,3,7,-1,0,0,0,0,0,0,0,1,-1,1,1,37,7,6700,2,6,ALEXANDER DENNIS MODEL MISSING,-1,-1,0,-1
2024161440773,2024,161440773,1,11,0,-1,19,7,3,-1,0,0,0,0,0,0,9,9,-1,1,3,-1,-1,6700,2,5,ALEXANDER DENNIS MODEL MISSING,-1,-1,0,-1
2024010508349,2024,010508349,2,11,0,12,12,1,5,2,2,6,0,0,0,0,3,1,1,1,1,46,8,4500,2,8,ALEXANDER DENNIS MODEL MISSING,6,E01003223,0,1
2024451522337,2024,451522337,4,11,0,-1,19,1,5,-1,0,1,0,4,0,0,4,1,-1,9,1,39,7,4500,2,4,ALEXANDER DENNIS MODEL MISSING,5,E01030493,0,4
2024010505535,2024,010505535,2,11,0,18,19,5,1,0,0,8,0,0,0,0,4,1,1,1,1,56,9,6700,2,4,ALEXANDER DENNIS MODEL MISSING,3,E01034199,0,1
2024101485364,2024,101485364,1,11,0,-1,19,5,1,-1,0,0,0,0,0,0,1,1,-1,1,1,45,7,6700,2,8,ALEXANDER DENNIS MODEL MISSING,10,E01008321,0,1
2024010495951,2024,010495951,2,11,0,9,9,5,3,0,0,8,0,0,0,0,4,1,1,1,1,61,9,4500,2,8,ALEXANDER DENNIS MODEL MISSING,6,E01003368,0,3
2024010541989,2024,010541989,1,11,0,18,19,6,2,0,0,0,0,0,0,0,1,1,1,1,2,43,7,4500,2,14,ALEXANDER DENNIS MODEL MISSING,9,E01000451,0,1
2024421492818,2024,421492818,2,11,0,-1,19,3,7,-1,2,8,0,0,0,0,0,1,-1,1,1,23,5,4500,2,7,ALEXANDER DENNIS MODEL MISSING,5,E01021865,0,1
2024302401188,2024,302401188,1,11,0,4,4,3,7,0,0,1,0,0,0,0,0,1,1,1,1,18,4,6696,2,9,ALEXANDER DENNIS MODEL MISSING,5,E01019611,0,4
2024041480841,2024,041480841,2,11,0,-1,19,3,7,-1,0,8,1,0,0,0,1,1,-1,1,2,28,6,6700,2,7,ALEXANDER DENNIS MODEL MISSING,2,E01012692,0,3
2024010539596,2024,010539596,1,11,0,18,19,7,3,0,0,1,0,0,0,0,0,1,1,1,1,45,7,4500,2,8,ALEXANDER DENNIS MODEL MISSING,7,E01000700,0,1
2024481510838,2024,481510838,1,11,0,-1,5,1,5,-1,0,1,0,0,0,0,4,1,-1,1,2,43,7,4500,2,8,ALEXANDER DENNIS MODEL MISSING,-1,-1,0,-1
2024010521471,2024,010521471,1,11,0,4,4,5,1,2,2,0,0,0,0,0,2,1,1,1,1,45,7,4500,2,5,ALEXANDER DENNIS MODEL MISSING,4,E01002738,0,1
2024430003793,2024,430003793,1,11,0,18,19,2,6,0,0,0,0,0,0,0,1,1,1,1,1,65,9,4500,2,12,ALEXANDER DENNIS MODEL MISSING,4,E01017712,0,4
2024201412052,2024,201412052,1,11,0,-1,3,4,8,-1,0,1,0,0,0,0,1,1,-1,1,1,21,5,6700,2,8,ALEXANDER DENNIS MODEL MISSING,6,E01010502,0,3
2024471489711,2024,471489711,1,11,0,-1,3,3,8,-1,0,0,0,0,0,0,1,9,-1,6,1,49,8,4500,2,4,ALEXANDER DENNIS MODEL MISSING,1,E01016868,0,1
2024010500012,2024,010500012,1,11,0,18,19,7,3,0,0,1,0,0,0,0,1,1,1,1,1,31,6,4500,2,15,ALEXANDER DENNIS MODEL MISSING,3,E01003377,0,1
2024101434913,2024,101434913,1,11,0,-1,19,1,5,-1,0,1,0,0,0,0,1,1,-1,1,1,59,9,6700,2,13,ALEXANDER DENNIS MODEL MISSING,7,E01008467,0,2
2024010523695,2024,010523695,2,11,0,18,19,3,7,0,0,0,0,0,0,0,1,1,1,1,1,49,8,4500,2,4,ALEXANDER DENNIS MODEL MISSING,-1,-1,0,-1
2024311456051,2024,311456051,2,11,0,-1,19,7,3,-1,0,0,0,0,0,0,1,1,-1,1,1,44,7,4500,2,14,ALEXANDER DENNIS MODEL MISSING,4,-1,0,5
2024010520913,2024,010520913,1,11,0,18,19,7,3,9,9,0,0,10,2,10,1,1,1,1,1,54,8,4500,2,7,ALEXANDER DENNIS MODEL MISSING,4,E01003129,0,1
2024991525706,2024,991525706,1,11,0,-1,7,7,1,-1,0,0,0,0,0,0,1,1,-1,1,1,45,7,6700,2,13,ALEXANDER DENNIS MODEL MISSING,-1,-1,0,-1
2024010544415,2024,010544415,1,11,0,99,99,9,9,99,99,0,9,99,9,99,9,9,1,1,1,56,9,6700,2,9,ALEXANDER DENNIS MODEL MISSING,3,E01002303,0,1
2024991433677,2024,991433677,2,11,0,-1,19,6,2,-1,0,8,0,0,0,0,4,2,-1,1,1,58,9,4500,2,6,ALEXANDER DENNIS MODEL MISSING,-1,-1,0,-1
2024010516998,2024,010516998,1,11,0,18,19,1,5,0,0,1,0,0,0,0,3,1,1,1,1,42,7,6700,2,12,ALEXANDER DENNIS MODEL MISSING,2,E01001509,0,1
2024010525929,2024,010525929,1,11,0,4,4,3,7,2,2,1,0,0,0,0,1,1,1,1,1,51,8,4500,2,8,ALEXANDER DENNIS MODEL MISSING,3,E01003922,0,1
2024010493665,2024,010493665,1,11,0,18,19,7,3,0,0,0,0,0,0,0,1,1,1,1,2,55,8,6700,2,12,ALEXANDER DENNIS MODEL MISSING,4,E01002308,0,1
2024010515720,2024,010515720,1,11,0,7,7,1,4,0,0,5,0,0,0,0,1,1,1,1,1,43,7,4500,2,8,ALEXANDER DENNIS MODEL MISSING,2,E01001487,0,2
2024041505989,2024,041505989,2,11,0,-1,19,5,1,-1,0,1,0,0,0,0,3,1,-1,1,2,52,8,6700,2,7,ALEXANDER DENNIS MODEL MISSING,1,E01012745,0,1
2024991463105,2024,991463105,1,11,0,-1,19,3,7,-1,0,8,0,0,0,0,1,1,-1,1,1,34,6,6700,2,12,ALEXANDER DENNIS MODEL MISSING,6,-1,0,4
2024161484094,2024,161484094,1,11,0,-1,7,2,4,-1,0,8,0,0,0,0,4,9,-1,1,1,-1,-1,4500,2,7,ALEXANDER DENNIS MODEL MISSING,-1,-1,0,-1
2024320365656,2024,320365656,1,11,0,-1,-1,2,8,0,0,4,0,0,0,0,1,1,1,1,1,40,7,6700,2,17,ALEXANDER DENNIS MODEL MISSING,8,E01026238,0,2
2024311517162,2024,311517162,1,11,0,-1,2,0,0,-1,2,0,0,0,0,0,3,1,-1,1,1,33,6,6700,2,6,ALEXANDER DENNIS MODEL MISSING,2,E01028271,0,1
2024991496019,2024,991496019,1,11,0,-1,19,4,8,-1,0,0,0,0,0,0,1,1,-1,1,1,50,8,6700,2,5,ALEXANDER DENNIS MODEL MISSING,10,-1,0,3
2024161462523,2024,161462523,1,11,0,-1,19,2,6,-1,0,0,0,0,0,0,0,9,-1,1,1,53,8,4461,2,10,ALEXANDER DENNIS MODEL MISSING,6,E01012940,0,1
2024371420062,2024,371420062,1,11,0,-1,4,8,3,-1,0,1,0,0,0,0,4,1,-1,1,1,56,9,4461,2,8,ALEXANDER DENNIS MODEL MISSING,3,E01030026,0,1
2024361432062,2024,361432062,1,11,0,-1,9,2,7,-1,0,8,0,0,0,0,-1,9,-1,1,1,55,8,6700,2,1,ALEXANDER DENNIS MODEL MISSING,1,E01026680,0,1
2024010546434,2024,010546434,1,11,0,18,19,3,7,0,0,1,0,0,0,0,0,1,1,1,1,58,9,6700,2,13,ALEXANDER DENNIS MODEL MISSING,2,E01000015,0,2
2024440313399,2024,440313399,1,11,0,18,19,5,1,0,0,0,0,0,0,0,1,1,1,1,1,65,9,6700,2,8,ALEXANDER DENNIS MODEL MISSING,8,E01022871,0,2
2024010547527,2024,010547527,1,11,0,18,19,7,3,0,0,0,0,0,0,0,0,1,1,1,1,41,7,4500,2,5,ALEXANDER DENNIS MODEL MISSING,3,E01016014,0,3
2024552400654,2024,552400654,1,11,0,7,7,4,6,0,0,8,0,0,0,0,0,1,1,1,1,59,9,6700,2,1,ALEXANDER DENNIS MODEL MISSING,7,E01015413,0,1
2024010528476,2024,010528476,1,11,0,4,4,3,7,2,2,0,0,0,0,0,0,1,6,6,2,42,7,4500,2,14,ALEXANDER DENNIS MODEL MISSING,9,E01000451,0,1
2024061470188,2024,061470188,2,11,0,-1,19,5,1,-1,0,1,0,0,0,0,1,1,-1,1,1,35,6,6700,2,4,ALEXANDER DENNIS MODEL MISSING,-1,-1,0,-1
2024010549295,2024,010549295,1,11,0,18,19,6,2,0,0,1,0,5,0,0,1,1,1,1,1,46,8,4500,2,5,ALEXANDER DENNIS MODEL MISSING,-1,-1,0,-1
2024302401415,2024,302401415,2,11,0,2,2,0,0,0,0,2,0,0,0,0,2,1,1,1,1,26,6,6700,2,4,ALEXANDER DENNIS MODEL MISSING,1,E01013486,0,2
2024201473355,2024,201473355,1,11,0,-1,7,6,8,-1,0,5,0,0,0,0,3,9,-1,1,1,40,7,6700,2,5,ALEXANDER DENNIS MODEL MISSING,-1,-1,0,-1
2024552401456,2024,552401456,1,11,0,4,4,3,7,0,0,1,0,0,0,0,0,1,1,1,1,50,8,6700,2,6,ALEXANDER DENNIS MODEL MISSING,2,E01015367,0,1
2024471461412,2024,471461412,1,11,0,-1,19,1,5,-1,2,8,0,0,0,0,3,1,-1,1,1,51,8,4500,2,15,ALEXANDER DENNIS MODEL MISSING,8,E01031677,0,3
2024440182351,2024,440182351,1,11,0,4,4,6,2,0,0,0,0,0,0,0,0,1,1,1,1,-1,-1,6700,2,8,ALEXANDER DENNIS MODEL MISSING,-1,-1,0,-1
2024351421870,2024,351421870,1,11,0,-1,5,3,7,-1,0,0,0,0,0,0,4,1,-1,1,1,28,6,6700,2,13,ALEXANDER DENNIS MODEL MISSING,2,E01015673,0,2
2024311495671,2024,311495671,1,11,-1,-1,19,1,5,-1,0,1,0,0,0,0,0,9,-1,1,2,36,7,6700,2,5,ALEXANDER DENNIS MODEL MISSING,-1,-1,0,-1
2024101532427,2024,101532427,1,11,-1,-1,2,7,3,-1,0,0,0,0,0,0,-1,9,-1,1,1,51,8,6696,2,12,ALEXANDER DENNIS MODEL MISSING,2,E01008791,0,3
2024421497193,2024,421497193,2,11,0,-1,19,2,6,-1,0,0,0,0,0,0,3,1,-1,1,1,48,8,4461,2,11,ALEXANDER DENNIS MODEL MISSING,10,E01034083,0,2
2024991435742,2024,991435742,1,11,0,-1,20,1,5,-1,0,0,0,0,0,0,4,1,-1,1,1,56,9,6700,2,6,ALEXANDER DENNIS MODEL MISSING,6,-1,0,3
2024010506881,2024,010506881,1,11,0,4,4,1,5,0,0,1,0,0,0,0,0,1,1,1,2,48,8,4500,2,4,ALEXANDER DENNIS MODEL MISSING,3,E01003081,0,1