collision_index,collision_year,collision_ref_no,vehicle_reference,vehicle_type,towing_and_articulation,vehicle_manoeuvre_historic,vehicle_manoeuvre,vehicle_direction_from,vehicle_direction_to,vehicle_location_restricted_lane_historic,vehicle_location_restricted_lane,junction_location,skidding_and_overturning,hit_object_in_carriageway,vehicle_leaving_carriageway,hit_object_off_carriageway,first_point_of_impact,vehicle_left_hand_drive,journey_purpose_of_driver_historic,journey_purpose_of_driver,sex_of_driver,age_of_driver,age_band_of_driver,engine_capacity_cc,propulsion_code,age_of_vehicle,generic_make_model,driver_imd_decile,lsoa_of_driver,escooter_flag,driver_distance_banding
2024010514325,2024,010514325,1,11,0,18,19,8,4,0,0,0,0,0,0,0,0,1,1,1,1,58,9,4500,2,6,ALEXANDER DENNIS MODEL MISSING,5,E01003307,0,1
2024010524133,2024,010524133,1,11,0,99,99,9,9,0,0,8,0,0,0,0,1,9,1,1,1,27,6,4500,2,5,ALEXANDER DENNIS MODEL MISSING,3,E01003086,0,1
2024311447846,2024,311447846,1,11,0,-1,19,4,1,-1,2,0,0,0,0,0,0,1,-1,1,1,62,9,6700,2,1,ALEXANDER DENNIS MODEL MISSING,6,E01027947,0,3
2024302400959,2024,302400959,1,11,0,4,4,2,8,0,0,8,0,0,0,0,0,1,1,1,1,33,6,4461,2,11,ALEXANDER DENNIS MODEL MISSING,-1,-1,0,-1
2024010519052,2024,010519052,1,11,0,4,4,5,1,0,0,1,0,0,0,0,0,1,1,1,1,34,6,6700,2,13,ALEXANDER DENNIS MODEL MISSING,2,E01001821,0,1
2024991530101,2024,991530101,1,11,0,-1,19,2,6,-1,2,2,0,0,0,0,4,1,-1,1,1,53,8,6696,2,11,ALEXANDER DENNIS MODEL MISSING,6,-1,0,3
2024010492281,2024,010492281,1,11,0,5,5,3,7,0,0,8,0,0,0,0,3,1,1,1,1,56,9,6700,2,13,ALEXANDER DENNIS MODEL MISSING,6,E01002353,0,2
2024311453303,2024,311453303,1,11,0,-1,19,7,3,-1,0,0,0,0,0,0,3,1,-1,1,1,46,8,6700,2,4,ALEXANDER DENNIS MODEL MISSING,5,E01019434,0,2
2024430367366,2024,430367366,2,11,0,2,2,0,0,3,2,0,0,0,0,0,2,1,1,1,1,64,9,6700,2,1,ALEXANDER DENNIS MODEL MISSING,10,E01028815,0,3
2024010532183,2024,010532183,1,11,0,3,3,3,7,2,2,0,0,0,0,0,2,1,1,1,1,45,7,4500,2,8,ALEXANDER DENNIS MODEL MISSING,4,E01004571,0,2
2024161487817,2024,161487817,1,11,0,-1,19,3,7,-1,0,1,0,0,0,0,1,1,-1,1,1,36,7,6700,2,7,ALEXANDER DENNIS MODEL MISSING,6,E01026387,0,4
2024052401030,2024,052401030,1,11,0,5,5,2,6,0,0,0,0,0,0,0,1,1,1,1,1,54,8,6696,2,10,ALEXANDER DENNIS MODEL MISSING,1,E01006880,0,3
2024031502092,2024,031502092,1,11,0,-1,7,2,5,-1,2,1,0,0,0,0,1,1,-1,1,2,26,6,6700,2,12,ALEXANDER DENNIS MODEL MISSING,4,-1,0,5
2024010501688,2024,010501688,1,11,9,99,99,9,9,99,99,9,9,99,9,99,9,1,6,6,3,-1,-1,6700,2,13,ALEXANDER DENNIS MODEL MISSING,-1,-1,0,-1
2024010525038,2024,010525038,1,11,0,5,5,3,7,0,0,1,0,0,0,0,0,1,1,1,2,50,8,6700,2,12,ALEXANDER DENNIS MODEL MISSING,3,E01003299,0,2
2024010537182,2024,010537182,1,11,9,4,4,1,5,99,99,9,9,99,9,99,9,1,1,1,1,56,9,4500,2,6,ALEXANDER DENNIS MODEL MISSING,5,E01003645,0,3
2024471414258,2024,471414258,2,11,0,-1,19,5,1,-1,0,0,0,0,0,0,1,1,-1,1,1,55,8,4461,2,11,ALEXANDER DENNIS MODEL MISSING,9,E01031670,0,1
2024010512300,2024,010512300,1,11,0,16,19,7,3,0,0,8,0,4,0,0,1,1,1,1,1,23,5,4500,2,6,ALEXANDER DENNIS MODEL MISSING,2,E01003176,0,1
2024010538342,2024,010538342,1,11,0,5,5,0,4,2,2,1,0,0,0,0,0,1,1,1,1,61,9,4500,2,8,ALEXANDER DENNIS MODEL MISSING,6,E01001266,0,2
2024311403078,2024,311403078,1,11,0,-1,19,7,3,-1,0,0,0,0,0,0,1,1,-1,1,1,61,9,6700,2,4,ALEXANDER DENNIS MODEL MISSING,-1,-1,0,-1
2024520001833,2024,520001833,1,11,0,18,19,4,8,0,0,0,0,11,0,0,4,1,1,1,1,57,9,6700,2,8,ALEXANDER DENNIS MODEL MISSING,4,E01014478,0,1
2024031437606,2024,031437606,1,11,0,-1,5,4,7,-1,0,8,0,4,0,0,1,9,-1,1,1,62,9,6700,2,9,ALEXANDER DENNIS MODEL MISSING,8,E01019253,0,1
2024471396457,2024,471396457,2,11,0,-1,19,1,5,-1,0,8,0,0,0,0,1,1,-1,1,1,51,8,4500,2,12,ALEXANDER DENNIS MODEL MISSING,6,E01021205,0,2
2024041431921,2024,041431921,1,11,0,-1,9,3,5,-1,0,5,0,0,0,0,0,1,-1,1,1,43,7,4500,2,3,ALEXANDER DENNIS MODEL MISSING,5,E01004840,0,4
2024010509292,2024,010509292,1,11,0,3,3,1,5,2,2,1,0,0,0,0,3,1,1,1,1,67,10,4500,2,7,ALEXANDER DENNIS MODEL MISSING,6,E01003741,0,1
2024010504942,2024,010504942,2,11,0,18,19,3,7,0,0,1,0,0,0,0,1,1,6,6,1,60,9,4500,2,14,ALEXANDER DENNIS MODEL MISSING,6,E01001312,0,2
2024010551297,2024,010551297,1,11,0,18,19,5,1,0,0,1,0,0,0,0,0,1,1,1,2,23,5,4500,2,7,ALEXANDER DENNIS MODEL MISSING,2,E01001460,0,1
2024010517630,2024,010517630,3,11,0,18,19,5,1,0,0,0,0,0,0,0,2,1,1,1,1,60,9,4500,2,12,ALEXANDER DENNIS MODEL MISSING,-1,-1,0,-1
2024311415574,2024,311415574,1,11,0,-1,5,3,7,-1,2,0,0,0,0,0,1,1,-1,1,3,-1,-1,6700,2,1,ALEXANDER DENNIS MODEL MISSING,-1,-1,0,-1
2024010547365,2024,010547365,1,11,0,99,99,9,9,0,0,1,0,0,0,0,1,1,1,1,3,64,9,4500,2,4,ALEXANDER DENNIS MODEL MISSING,7,E01003001,0,1
2024061520743,2024,061520743,1,11,0,-1,19,6,2,-1,0,0,0,0,0,0,1,1,-1,1,1,40,7,6700,2,15,ALEXANDER DENNIS MODEL MISSING,-1,-1,0,-1
2024311533188,2024,311533188,1,11,0,-1,2,1,5,-1,2,1,0,0,0,0,0,1,-1,1,1,16,4,6696,2,10,ALEXANDER DENNIS MODEL MISSING,-1,-1,0,-1
2024991422460,2024,991422460,1,11,0,-1,9,7,4,-1,0,8,0,0,0,0,1,1,-1,1,1,60,9,6700,2,15,ALEXANDER DENNIS MODEL MISSING,3,-1,0,1
2024471406163,2024,471406163,2,11,0,-1,19,7,3,-1,0,1,0,0,0,0,4,1,-1,1,1,50,8,6700,2,14,ALEXANDER DENNIS MODEL MISSING,5,E01031810,0,3
2024010537224,2024,010537224,1,11,0,5,5,7,3,3,2,0,0,0,0,0,3,1,6,6,1,21,5,6700,2,13,ALEXANDER DENNIS MODEL MISSING,2,E01003489,0,3
2024101486851,2024,101486851,1,11,0,-1,5,7,3,-1,-1,2,0,0,0,0,2,9,-1,1,3,70,10,6700,2,13,ALEXANDER DENNIS MODEL MISSING,-1,-1,0,-1
2024010528776,2024,010528776,1,11,0,18,19,1,5,0,0,1,0,0,0,0,0,1,1,1,1,19,4,4500,2,8,ALEXANDER DENNIS MODEL MISSING,1,E01000528,0,2
2024010506693,2024,010506693,1,11,0,4,4,5,1,0,0,8,0,0,0,0,0,1,1,1,2,33,6,6700,2,12,ALEXANDER DENNIS MODEL MISSING,3,E01003299,0,1
2024340NN3052,2024,340NN3052,1,11,0,-1,13,7,3,-1,0,8,0,0,0,0,4,1,-1,1,1,52,8,6700,2,6,ALEXANDER DENNIS MODEL MISSING,7,E01027055,0,3
2024332400063,2024,332400063,1,11,0,-1,9,5,3,-1,0,5,0,0,0,0,1,1,-1,1,1,48,8,6700,2,8,ALEXANDER DENNIS MODEL MISSING,1,E01013640,0,1
2024440377735,2024,440377735,2,11,0,3,3,7,3,0,0,1,0,0,0,0,1,1,1,1,1,58,9,6700,2,12,ALEXANDER DENNIS MODEL MISSING,4,E01017312,0,3
2024440049445,2024,440049445,2,11,0,7,7,5,7,0,0,5,0,0,0,0,1,1,1,1,1,-1,-1,4500,2,5,ALEXANDER DENNIS MODEL MISSING,-1,-1,0,-1
2024010538293,2024,010538293,1,11,0,9,9,5,2,0,0,1,0,0,0,0,1,1,1,1,1,54,8,4500,2,12,ALEXANDER DENNIS MODEL MISSING,4,E01004536,0,2
2024010523649,2024,010523649,1,11,0,4,4,1,5,0,0,1,0,0,0,0,0,1,1,1,1,61,9,4500,2,15,ALEXANDER DENNIS MODEL MISSING,6,E01000486,0,1
2024010520697,2024,010520697,1,11,0,4,4,5,1,0,0,1,0,0,0,0,0,1,1,1,1,38,7,4500,2,15,ALEXANDER DENNIS MODEL MISSING,8,E01002193,0,3
2024010532314,2024,010532314,1,11,0,4,4,5,1,0,0,1,0,0,0,0,0,1,1,1,1,59,9,4500,2,13,ALEXANDER DENNIS MODEL MISSING,4,E01003146,0,2
2024010540487,2024,010540487,3,11,0,18,19,1,5,0,0,0,0,0,0,0,0,1,1,1,1,25,5,6700,2,13,ALEXANDER DENNIS MODEL MISSING,-1,-1,0,-1
2024101507323,2024,101507323,2,11,0,-1,19,1,5,-1,0,0,0,0,0,0,3,2,-1,1,1,50,8,4461,2,11,ALEXANDER DENNIS MODEL MISSING,4,E01008711,0,1
2024010513904,2024,010513904,1,11,0,18,19,4,8,0,0,0,0,0,0,0,4,1,1,1,1,66,10,4500,2,7,ALEXANDER DENNIS MODEL MISSING,3,E01002519,0,3
2024010521365,2024,010521365,1,11,0,4,4,8,4,2,2,0,0,0,0,0,0,1,1,1,2,36,7,4500,2,6,ALEXANDER DENNIS MODEL MISSING,2,E01003984,0,1
2024010536063,2024,010536063,1,11,0,5,5,7,3,0,0,0,0,0,0,0,0,1,1,1,1,60,9,4500,2,12,ALEXANDER DENNIS MODEL MISSING,3,E01003240,0,1
2024311504394,2024,311504394,1,11,0,-1,2,1,5,-1,0,0,0,0,0,0,0,1,-1,1,1,43,7,4500,2,12,ALEXANDER DENNIS MODEL MISSING,1,E01028065,0,1
2024010506935,2024,010506935,2,11,0,15,15,3,7,0,0,0,0,0,0,0,1,1,1,1,1,40,7,6700,2,12,ALEXANDER DENNIS MODEL MISSING,3,E01003575,0,2
2024461468159,2024,461468159,2,11,0,-1,19,1,5,-1,0,0,0,0,0,0,3,9,-1,6,1,60,9,4500,2,15,ALEXANDER DENNIS MODEL MISSING,1,E01016032,0,1
2024010542946,2024,010542946,1,11,0,18,19,4,8,0,0,0,0,0,0,0,1,1,1,1,1,55,8,4500,2,13,ALEXANDER DENNIS MODEL MISSING,5,E01024164,0,3
2024010527245,2024,010527245,1,11,0,18,19,3,7,0,0,0,0,0,0,0,0,1,1,1,1,19,4,6700,2,8,ALEXANDER DENNIS MODEL MISSING,-1,-1,0,-1
2024501527143,2024,501527143,1,11,0,-1,19,3,7,-1,0,0,0,0,0,0,1,1,-1,1,1,62,9,4461,2,8,ALEXANDER DENNIS MODEL MISSING,3,E01019047,0,2
2024010531799,2024,010531799,1,11,0,3,3,5,1,2,2,0,0,0,0,0,0,1,1,1,1,43,7,4500,2,6,ALEXANDER DENNIS MODEL MISSING,6,E01003359,0,3
2024010540500,2024,010540500,1,11,0,4,4,7,3,0,0,1,0,0,0,0,0,1,1,1,1,26,6,4461,2,11,ALEXANDER DENNIS MODEL MISSING,2,E01000012,0,1
2024010519752,2024,010519752,1,11,0,18,19,6,2,0,0,1,0,0,0,0,0,1,1,1,1,51,8,6700,2,12,ALEXANDER DENNIS MODEL MISSING,4,E01001323,0,2
2024440492034,2024,440492034,2,11,0,18,19,8,4,0,0,1,0,0,0,0,4,1,1,1,1,56,9,4500,2,9,ALEXANDER DENNIS MODEL MISSING,7,E01023255,0,4
2024201477921,2024,201477921,1,11,0,-1,19,2,6,-1,0,8,0,0,0,0,1,9,-1,1,1,51,8,4500,2,9,ALEXANDER DENNIS MODEL MISSING,1,E01009382,0,2
2024041511969,2024,041511969,2,11,0,-1,2,0,0,-1,0,8,0,0,0,0,0,1,-1,6,-1,-1,-1,6700,2,5,ALEXANDER DENNIS MODEL MISSING,2,E01019206,0,4
2024411495620,2024,411495620,1,11,0,-1,5,3,1,-1,0,1,0,0,0,0,1,1,-1,1,1,43,7,6700,2,15,ALEXANDER DENNIS MODEL MISSING,8,E01033028,0,1
2024010519386,2024,010519386,1,11,0,99,99,9,9,99,99,9,9,99,9,99,1,9,6,6,1,27,6,4500,2,12,ALEXANDER DENNIS MODEL MISSING,2,E01001320,0,1
2024010501179,2024,010501179,1,11,0,16,19,7,3,0,0,3,0,0,0,0,0,1,1,1,1,36,7,6700,2,4,ALEXANDER DENNIS MODEL MISSING,5,E01002492,0,1
2024031512304,2024,031512304,1,11,0,-1,19,3,8,-1,0,0,0,0,0,0,1,1,-1,1,1,52,8,6700,2,13,ALEXANDER DENNIS MODEL MISSING,2,E01019206,0,1
2024010528281,2024,010528281,2,11,0,3,3,1,5,2,2,0,0,0,1,0,3,1,1,1,1,34,6,4500,2,7,ALEXANDER DENNIS MODEL MISSING,3,E01001722,0,2
2024371470846,2024,371470846,1,11,0,-1,19,5,1,-1,0,0,0,0,1,0,1,1,-1,1,1,65,9,6700,2,2,ALEXANDER DENNIS MODEL MISSING,6,E01026437,0,4
2024041414030,2024,041414030,1,11,0,-1,4,7,3,-1,2,1,0,0,0,0,1,1,-1,9,1,62,9,6696,2,10,ALEXANDER DENNIS MODEL MISSING,2,E01033223,0,1
2024010515327,2024,010515327,1,11,0,9,9,3,1,0,0,6,0,0,0,0,4,1,6,6,1,57,9,6700,2,12,ALEXANDER DENNIS MODEL MISSING,4,E01021779,0,3
2024481472421,2024,481472421,1,11,0,-1,19,3,7,-1,0,0,0,0,0,0,4,1,-1,1,1,56,9,4500,2,8,ALEXANDER DENNIS MODEL MISSING,-1,-1,0,-1
2024311431422,2024,311431422,1,11,0,-1,19,1,5,-1,0,4,0,0,0,0,0,1,-1,1,1,29,6,4500,2,8,ALEXANDER DENNIS MODEL MISSING,5,E01019456,0,3
2024122401297,2024,122401297,1,11,0,18,19,7,3,0,0,8,0,0,0,0,0,1,1,1,1,49,8,4500,2,3,ALEXANDER DENNIS MODEL MISSING,3,E01012999,0,4
2024010525989,2024,010525989,1,11,0,18,19,1,5,0,0,0,0,0,0,0,1,1,1,1,1,22,5,6700,2,12,ALEXANDER DENNIS MODEL MISSING,5,E01016241,0,4
2024010505466,2024,010505466,1,11,0,5,5,7,3,2,2,1,0,0,0,0,0,1,1,1,2,23,5,4500,2,8,ALEXANDER DENNIS MODEL MISSING,3,E01003920,0,1
2024161451454,2024,161451454,1,11,0,-1,4,2,6,-1,2,0,0,0,0,0,0,9,-1,1,1,42,7,4500,2,13,ALEXANDER DENNIS MODEL MISSING,1,E01012778,0,1
2024201427571,2024,201427571,2,11,0,-1,5,4,8,-1,0,8,0,0,0,0,1,9,-1,1,1,57,9,6700,2,5,ALEXANDER DENNIS MODEL MISSING,1,E01009987,0,2
2024010504304,2024,010504304,2,11,0,99,99,9,9,99,99,9,9,99,9,99,2,9,6,6,3,30,6,4500,2,12,ALEXANDER DENNIS MODEL MISSING,6,E01003459,0,1
2024471486776,2024,471486776,1,11,0,-1,5,1,5,-1,0,0,0,0,0,0,0,1,-1,9,1,42,7,4500,2,4,ALEXANDER DENNIS MODEL MISSING,1,E01016865,0,2
2024010547937,2024,010547937,1,11,0,4,4,1,5,0,0,2,0,0,0,0,0,1,1,1,2,29,6,4500,2,8,ALEXANDER DENNIS MODEL MISSING,3,E01004004,0,1
2024471517850,2024,471517850,1,11,0,-1,19,7,5,-1,2,1,0,0,0,0,1,1,-1,1,2,63,9,6700,2,0,ALEXANDER DENNIS MODEL MISSING,6,E01016994,0,4
2024010531663,2024,010531663,1,11,0,18,19,5,1,0,0,1,0,0,0,0,1,1,1,1,1,42,7,4500,2,9,ALEXANDER DENNIS MODEL MISSING,6,E01000847,0,1
2024471411678,2024,471411678,1,11,0,-1,5,7,3,-1,0,0,0,0,0,0,0,1,-1,1,1,-1,-1,4500,2,5,ALEXANDER DENNIS MODEL MISSING,3,E01031348,0,1
2024010505004,2024,010505004,1,11,0,4,4,3,7,0,0,1,0,0,0,0,0,1,1,1,1,47,8,4500,2,14,ALEXANDER DENNIS MODEL MISSING,6,E01024432,0,3
2024041510673,2024,041510673,1,11,0,-1,19,6,2,-1,0,0,0,0,0,0,4,1,-1,1,2,65,9,4500,2,3,ALEXANDER DENNIS MODEL MISSING,1,E01025382,0,3
2024010547127,2024,010547127,1,11,0,18,19,1,5,0,0,1,0,0,0,0,0,1,1,1,2,50,8,6700,2,12,ALEXANDER DENNIS MODEL MISSING,1,E01001545,0,2
2024340NN0142,2024,340NN0142,2,11,0,-1,19,8,4,-1,0,8,0,0,0,0,4,1,-1,1,1,46,8,4500,2,16,ALEXANDER DENNIS MODEL MISSING,8,E01035397,0,3
2024010537370,2024,010537370,1,11,0,18,19,5,1,0,0,1,0,0,0,0,0,1,1,1,1,51,8,4500,2,6,ALEXANDER DENNIS MODEL MISSING,5,E01002565,0,1
2024211468982,2024,211468982,2,11,-1,-1,19,7,3,-1,0,8,0,0,0,0,3,9,-1,1,1,52,8,6696,2,10,ALEXANDER DENNIS MODEL MISSING,4,E01010008,0,3
2024131481521,2024,131481521,1,11,0,-1,19,1,5,-1,0,8,0,0,0,0,1,1,-1,1,1,60,9,4500,2,4,ALEXANDER DENNIS MODEL MISSING,1,E01007402,0,3
2024141491477,2024,141491477,1,11,0,-1,19,1,5,-1,0,1,0,0,1,0,0,1,-1,1,1,64,9,6700,2,16,ALEXANDER DENNIS MODEL MISSING,1,E01007492,0,4
2024311430952,2024,311430952,1,11,0,-1,3,8,4,-1,2,0,0,0,0,0,0,1,-1,1,1,28,6,6700,2,4,ALEXANDER DENNIS MODEL MISSING,4,E01028165,0,2
2024052401550,2024,052401550,1,11,0,18,19,2,5,0,0,0,0,0,0,0,4,1,1,1,1,62,9,6700,2,8,ALEXANDER DENNIS MODEL MISSING,1,E01006541,0,1
2024010548805,2024,010548805,1,11,0,18,19,5,1,0,0,9,9,99,9,99,9,1,1,1,1,41,7,6700,2,6,ALEXANDER DENNIS MODEL MISSING,2,E01003335,0,1
2024010529287,2024,010529287,3,11,0,5,5,7,3,0,0,4,0,0,0,0,2,1,1,1,1,56,9,4500,2,12,ALEXANDER DENNIS MODEL MISSING,-1,-1,0,-1
2024010522644,2024,010522644,2,11,0,3,3,1,5,0,0,2,0,0,0,0,2,1,1,1,1,55,8,4500,2,5,ALEXANDER DENNIS MODEL MISSING,6,E01003261,0,2
2024010508641,2024,010508641,1,11,0,5,5,1,5,2,2,1,0,0,0,0,0,1,1,1,1,63,9,4500,2,7,ALEXANDER DENNIS MODEL MISSING,4,E01001153,0,1
2024501504157,2024,501504157,1,11,0,-1,19,1,5,-1,0,0,0,0,0,0,1,1,-1,1,1,63,9,4500,2,4,ALEXANDER DENNIS MODEL MISSING,1,E01015057,0,2
2024131413632,2024,131413632,1,11,0,-1,19,1,5,-1,0,1,0,0,0,0,1,1,-1,1,1,25,5,4500,2,15,ALEXANDER DENNIS MODEL MISSING,4,E01011839,0,3
2024010504707,2024,010504707,1,11,9,99,99,9,9,99,99,9,9,99,9,99,9,1,6,6,3,-1,-1,4500,2,10,ALEXANDER DENNIS MODEL MISSING,-1,-1,0,-1
2024010541089,2024,010541089,1,11,0,5,5,3,7,2,2,1,0,0,0,0,0,1,1,1,1,56,9,4500,2,6,ALEXANDER DENNIS MODEL MISSING,5,E01035273,0,3
2024010540853,2024,010540853,1,11,0,4,4,7,3,0,0,0,0,0,0,0,1,1,1,1,1,53,8,4500,2,10,ALEXANDER DENNIS MODEL MISSING,3,E01001675,0,2
2024471428455,2024,471428455,3,11,0,-1,3,1,5,-1,0,1,0,0,0,0,0,1,-1,1,1,54,8,6696,2,11,ALEXANDER DENNIS MODEL MISSING,6,E01035322,0,2
2024010509623,2024,010509623,1,11,0,4,4,5,1,0,0,0,0,0,0,0,0,1,1,1,1,36,7,4500,2,7,ALEXANDER DENNIS MODEL MISSING,10,E01002967,0,1
2024461517310,2024,461517310,1,11,0,-1,19,2,2,-1,0,0,0,0,0,0,1,1,-1,1,1,22,5,6700,2,0,ALEXANDER DENNIS MODEL MISSING,7,E01016179,0,1
2024010533235,2024,010533235,1,11,0,16,19,3,7,0,0,8,0,0,0,0,1,1,1,1,1,43,7,6700,2,4,ALEXANDER DENNIS MODEL MISSING,2,E01003591,0,2
2024311485443,2024,311485443,1,11,0,-1,19,5,1,-1,0,0,0,0,0,0,0,9,-1,1,2,-1,-1,6700,2,1,ALEXANDER DENNIS MODEL MISSING,-1,-1,0,-1
2024010502436,2024,010502436,1,11,0,4,4,5,1,0,0,2,0,0,0,0,1,1,1,1,1,57,9,4500,2,9,ALEXANDER DENNIS MODEL MISSING,5,E01002344,0,2
2024101455722,2024,101455722,2,11,0,-1,19,4,1,-1,0,8,0,0,0,0,1,1,-1,1,1,27,6,4500,2,4,ALEXANDER DENNIS MODEL MISSING,3,E01008871,0,3
2024010507248,2024,010507248,1,11,0,4,4,3,7,0,0,1,0,0,0,0,0,1,1,1,1,24,5,4500,2,8,ALEXANDER DENNIS MODEL MISSING,-1,-1,0,-1
2024010531181,2024,010531181,2,11,0,5,5,3,7,0,0,8,0,0,0,0,1,2,1,1,1,36,7,4500,2,8,ALEXANDER DENNIS MODEL MISSING,6,E01003359,0,4
2024451407798,2024,451407798,1,11,0,-1,19,6,2,-1,0,0,0,0,0,0,1,1,-1,1,1,50,8,5883,2,18,ALEXANDER DENNIS MODEL MISSING,8,E01021209,0,4
2024351528248,2024,351528248,1,11,-1,-1,-1,-1,-1,-1,-1,-1,-1,-1,-1,0,-1,9,-1,1,3,-1,-1,4500,2,1,ALEXANDER DENNIS MODEL MISSING,-1,-1,0,-1
2024010502621,2024,010502621,1,11,0,18,19,1,5,0,0,0,0,0,0,0,0,1,6,6,1,23,5,4500,2,5,ALEXANDER DENNIS MODEL MISSING,2,E01024170,0,3
2024041500765,2024,041500765,4,11,0,-1,19,5,1,-1,0,0,0,0,0,0,2,1,-1,2,1,49,8,6700,2,7,ALEXANDER DENNIS MODEL MISSING,1,E01012737,0,2
2024340NN4062,2024,340NN4062,3,11,0,-1,19,1,5,-1,0,0,0,0,0,0,3,1,-1,6,1,24,5,6700,2,6,ALEXANDER DENNIS MODEL MISSING,7,E01000881,0,5
2024161503361,2024,161503361,2,11,0,-1,19,5,1,-1,0,0,0,4,0,0,4,9,-1,1,1,-1,-1,6700,2,8,ALEXANDER DENNIS MODEL MISSING,-1,-1,0,-1
2024461423021,2024,461423021,1,11,0,-1,19,4,6,-1,0,8,0,0,0,0,1,1,-1,1,1,50,8,6700,2,8,ALEXANDER DENNIS MODEL MISSING,7,E01016139,0,3
2024010535679,2024,010535679,1,11,0,18,19,1,5,2,2,1,0,0,0,0,0,2,1,1,1,43,7,6700,2,4,ALEXANDER DENNIS MODEL MISSING,4,E01004373,0,1
2024552400694,2024,552400694,3,11,0,18,19,6,2,0,0,8,0,0,0,0,1,1,1,1,2,59,9,6700,2,12,ALEXANDER DENNIS MODEL MISSING,7,E01020542,0,4
2024471503228,2024,471503228,2,11,0,-1,19,7,3,-1,0,0,0,0,0,0,1,1,-1,1,1,58,9,4500,2,5,ALEXANDER DENNIS MODEL MISSING,3,E01016922,0,1
2024010529908,2024,010529908,1,11,0,5,5,0,1,0,0,0,0,0,0,0,0,1,1,1,2,23,5,4500,2,9,ALEXANDER DENNIS MODEL MISSING,2,E01001051,0,2
2024461440137,2024,461440137,2,11,0,-1,19,1,5,-1,0,0,0,0,0,0,1,9,-1,1,1,21,5,6700,2,8,ALEXANDER DENNIS MODEL MISSING,9,E01024814,0,1
2024010515928,2024,010515928,1,11,0,18,19,1,5,0,0,1,0,0,0,0,1,1,1,1,1,36,7,4500,2,8,ALEXANDER DENNIS MODEL MISSING,-1,-1,0,-1
2024302400925,2024,302400925,1,11,0,17,19,2,6,0,0,1,0,0,0,0,0,1,1,1,1,30,6,4500,2,7,ALEXANDER DENNIS MODEL MISSING,2,E01013538,0,1
2024010506453,2024,010506453,1,11,0,18,19,1,5,0,0,1,0,0,0,0,0,1,1,1,1,49,8,6700,2,13,ALEXANDER DENNIS MODEL MISSING,7,E01004566,0,3
2024131493603,2024,131493603,2,11,0,-1,3,7,3,-1,0,0,0,0,0,0,1,1,-1,1,1,56,9,6696,2,10,ALEXANDER DENNIS MODEL MISSING,1,E01034583,0,1
2024371471662,2024,371471662,1,11,0,-1,15,5,1,-1,0,1,0,0,0,0,1,1,-1,1,1,26,6,4500,2,17,ALEXANDER DENNIS MODEL MISSING,1,E01030279,0,4
2024010530576,2024,010530576,1,11,0,14,14,1,5,0,0,0,0,0,0,0,1,1,1,1,1,64,9,4500,2,7,ALEXANDER DENNIS MODEL MISSING,2,E01003194,0,1
2024010510069,2024,010510069,2,11,0,18,19,3,7,0,0,2,0,0,0,0,4,1,1,1,1,61,9,6700,2,14,ALEXANDER DENNIS MODEL MISSING,6,E01001059,0,1
2024311489340,2024,311489340,1,11,-1,-1,-1,-1,-1,-1,-1,0,-1,-1,-1,0,-1,9,-1,1,1,26,6,6700,2,12,ALEXANDER DENNIS MODEL MISSING,-1,-1,0,-1
2024430071903,2024,430071903,1,11,0,18,19,5,1,0,0,8,0,0,0,0,4,1,1,1,1,38,7,6700,2,8,ALEXANDER DENNIS MODEL MISSING,10,E01028791,0,3
2024010512247,2024,010512247,1,11,0,7,7,3,5,0,0,8,0,0,0,0,1,1,6,6,1,63,9,4500,2,12,ALEXANDER DENNIS MODEL MISSING,3,E01000737,0,1
2024161458916,2024,161458916,1,11,0,-1,19,5,1,-1,0,1,0,0,0,0,1,1,-1,1,1,41,7,6700,2,5,ALEXANDER DENNIS MODEL MISSING,5,E01012796,0,1
2024430189605,2024,430189605,2,11,0,18,19,1,5,0,0,1,0,0,0,0,1,1,1,1,1,43,7,6700,2,1,ALEXANDER DENNIS MODEL MISSING,9,E01028817,0,2