collision_index,collision_year,collision_ref_no,vehicle_reference,vehicle_type,towing_and_articulation,vehicle_manoeuvre_historic,vehicle_manoeuvre,vehicle_direction_from,vehicle_direction_to,vehicle_location_restricted_lane_historic,vehicle_location_restricted_lane,junction_location,skidding_and_overturning,hit_object_in_carriageway,vehicle_leaving_carriageway,hit_object_off_carriageway,first_point_of_impact,vehicle_left_hand_drive,journey_purpose_of_driver_historic,journey_purpose_of_driver,sex_of_driver,age_of_driver,age_band_of_driver,engine_capacity_cc,propulsion_code,age_of_vehicle,generic_make_model,driver_imd_decile,lsoa_of_driver,escooter_flag,driver_distance_banding
2024201530226,2024,201530226,2,11,0,-1,19,3,7,-1,0,8,0,0,0,0,3,1,-1,1,1,36,7,6700,2,9,ALEXANDER DENNIS MODEL MISSING,1,E01009127,0,2
2024010544601,2024,010544601,1,11,0,-1,-1,3,7,0,0,1,0,11,0,0,1,1,1,1,1,66,10,6696,2,11,ALEXANDER DENNIS MODEL MISSING,-1,-1,0,-1
2024010518882,2024,010518882,1,11,0,5,5,0,4,0,0,1,0,0,0,0,0,1,1,1,2,37,7,4500,2,6,ALEXANDER DENNIS MODEL MISSING,5,E01003340,0,1
2024041501136,2024,041501136,1,11,0,-1,19,5,1,-1,0,0,0,0,0,0,1,1,-1,1,1,42,7,6700,2,1,ALEXANDER DENNIS MODEL MISSING,2,E01024942,0,2
2024010525394,2024,010525394,1,11,0,9,9,5,3,0,0,0,0,0,0,0,0,1,1,1,1,55,8,6700,2,12,ALEXANDER DENNIS MODEL MISSING,4,E01004536,0,2
2024451522791,2024,451522791,1,11,0,-1,4,3,7,-1,0,0,0,0,0,0,4,1,-1,1,1,40,7,4500,2,6,ALEXANDER DENNIS MODEL MISSING,4,E01002593,0,1
2024311443300,2024,311443300,1,11,0,-1,19,6,2,-1,2,1,0,0,0,0,0,1,-1,1,1,56,9,4500,2,6,ALEXANDER DENNIS MODEL MISSING,3,E01019647,0,2
2024010500933,2024,010500933,1,11,0,8,8,3,5,0,0,4,0,0,0,0,0,1,1,1,1,56,9,6700,2,13,ALEXANDER DENNIS MODEL MISSING,7,E01002260,0,1
2024311491942,2024,311491942,1,11,0,-1,4,5,1,-1,0,0,0,0,0,0,0,9,-1,1,1,60,9,6696,2,9,ALEXANDER DENNIS MODEL MISSING,-1,-1,0,-1
2024010496548,2024,010496548,2,11,0,3,3,2,6,0,0,8,0,0,0,0,2,1,1,1,1,60,9,6700,2,13,ALEXANDER DENNIS MODEL MISSING,4,E01002308,0,1
2024010499296,2024,010499296,1,11,0,4,4,7,3,0,0,1,0,0,0,0,0,1,1,1,2,46,8,4461,2,11,ALEXANDER DENNIS MODEL MISSING,2,E01000789,0,1
2024501401808,2024,501401808,3,11,0,-1,2,0,0,-1,0,1,0,0,0,0,3,1,-1,1,1,51,8,4500,2,4,ALEXANDER DENNIS MODEL MISSING,4,E01034852,0,4
2024061430644,2024,061430644,1,11,0,-1,19,7,3,-1,0,1,0,0,0,0,0,1,-1,1,1,53,8,4461,2,7,ALEXANDER DENNIS MODEL MISSING,1,E01004823,0,3
2024010521717,2024,010521717,1,11,0,99,99,9,9,99,99,0,9,99,9,99,1,9,6,6,1,44,7,6700,2,15,ALEXANDER DENNIS MODEL MISSING,6,E01001040,0,3
2024010507479,2024,010507479,1,11,0,4,4,5,1,0,0,1,0,0,0,0,1,1,1,1,1,30,6,4500,2,8,ALEXANDER DENNIS MODEL MISSING,4,E01004526,0,1
2024010545594,2024,010545594,1,11,0,9,9,8,6,0,0,2,0,0,0,0,0,1,1,1,1,59,9,6700,2,6,ALEXANDER DENNIS MODEL MISSING,2,E01003488,0,2
2024010525213,2024,010525213,1,11,0,18,19,3,7,0,0,0,0,10,7,0,1,1,1,1,1,23,5,6700,2,9,ALEXANDER DENNIS MODEL MISSING,2,E01004067,0,3
2024101419848,2024,101419848,1,11,0,-1,5,1,1,-1,0,1,0,0,0,0,3,1,-1,1,1,46,8,6700,2,8,ALEXANDER DENNIS MODEL MISSING,-1,-1,0,-1
2024010542067,2024,010542067,2,11,0,3,3,8,4,2,2,0,0,0,0,0,0,1,1,1,1,45,7,4500,2,5,ALEXANDER DENNIS MODEL MISSING,3,E01000889,0,1
2024101432858,2024,101432858,1,11,0,-1,19,3,7,-1,0,1,0,0,0,0,1,1,-1,1,1,42,7,6696,2,9,ALEXANDER DENNIS MODEL MISSING,3,E01008379,0,1
2024041526881,2024,041526881,1,11,0,-1,19,7,3,-1,0,1,0,0,0,0,1,1,-1,1,1,39,7,6696,2,9,ALEXANDER DENNIS MODEL MISSING,8,E01025436,0,3
2024361417698,2024,361417698,1,11,0,-1,19,4,1,-1,0,1,0,0,0,0,1,1,-1,1,2,61,9,6700,2,12,ALEXANDER DENNIS MODEL MISSING,4,E01026495,0,4
2024061490207,2024,061490207,2,11,0,-1,19,4,8,-1,0,8,0,0,0,0,1,1,-1,1,1,58,9,4500,2,14,ALEXANDER DENNIS MODEL MISSING,1,E01005190,0,1
2024440370129,2024,440370129,2,11,0,18,19,5,1,0,0,0,0,0,0,0,1,1,1,1,1,64,9,6700,2,6,ALEXANDER DENNIS MODEL MISSING,6,E01017300,0,3
2024340NN3742,2024,340NN3742,1,11,0,-1,4,1,5,-1,0,0,0,0,0,0,1,1,-1,1,3,-1,-1,8300,2,18,ALEXANDER DENNIS MODEL MISSING,-1,-1,0,-1
2024010511791,2024,010511791,1,11,0,4,4,2,6,0,0,1,0,0,0,0,0,1,1,1,1,66,10,4500,2,12,ALEXANDER DENNIS MODEL MISSING,2,E01035710,0,1
2024010516956,2024,010516956,1,11,0,18,19,3,7,0,0,1,0,0,0,0,0,1,1,1,1,53,8,4500,2,10,ALEXANDER DENNIS MODEL MISSING,5,E01024161,0,3
2024101498987,2024,101498987,2,11,0,-1,7,6,1,-1,0,8,0,0,0,0,4,1,-1,1,1,39,7,6696,2,10,ALEXANDER DENNIS MODEL MISSING,2,E01008584,0,2
2024010514544,2024,010514544,2,11,0,13,13,9,9,99,99,9,9,99,9,99,9,9,6,6,3,63,9,4500,2,10,ALEXANDER DENNIS MODEL MISSING,8,E01001596,0,2
2024010532161,2024,010532161,1,11,0,4,4,3,7,0,0,0,0,0,0,0,0,1,1,1,1,30,6,4500,2,8,ALEXANDER DENNIS MODEL MISSING,5,E01001041,0,2
2024440302564,2024,440302564,2,11,0,18,19,2,6,0,0,0,0,0,0,0,1,1,1,1,1,64,9,6700,2,8,ALEXANDER DENNIS MODEL MISSING,4,E01017258,0,4
2024421521455,2024,421521455,2,11,0,-1,19,1,5,-1,0,1,0,0,0,0,2,1,-1,1,1,-1,-1,6700,2,8,ALEXANDER DENNIS MODEL MISSING,-1,-1,0,-1
2024201450143,2024,201450143,1,11,0,-1,19,6,2,-1,0,2,0,0,0,0,2,9,-1,1,1,59,9,6700,2,5,ALEXANDER DENNIS MODEL MISSING,7,E01009870,0,2
2024122400504,2024,122400504,1,11,0,2,2,0,0,0,0,0,0,0,0,0,0,1,6,6,1,54,8,4500,2,12,ALEXANDER DENNIS MODEL MISSING,2,E01034974,0,4
2024161451752,2024,161451752,2,11,0,-1,5,2,6,-1,2,0,0,0,0,0,1,1,-1,6,1,26,6,4500,2,13,ALEXANDER DENNIS MODEL MISSING,1,E01035468,0,1
2024010529240,2024,010529240,1,11,0,18,19,1,5,0,0,1,0,0,0,0,4,1,1,1,1,61,9,4500,2,9,ALEXANDER DENNIS MODEL MISSING,7,E01000197,0,3
2024991472496,2024,991472496,2,11,0,-1,19,8,4,-1,0,8,0,0,0,0,1,1,-1,9,1,55,8,4461,2,11,ALEXANDER DENNIS MODEL MISSING,5,-1,0,4
2024471526430,2024,471526430,2,11,0,-1,9,8,8,-1,0,8,0,0,0,0,3,1,-1,1,1,57,9,6700,2,0,ALEXANDER DENNIS MODEL MISSING,8,E01021029,0,2
2024991433691,2024,991433691,3,11,0,-1,19,7,3,-1,0,0,0,0,0,0,3,1,-1,1,2,39,7,6696,2,10,ALEXANDER DENNIS MODEL MISSING,5,-1,0,3
2024010550501,2024,010550501,1,11,0,99,99,9,9,99,99,0,9,99,9,99,0,1,1,1,1,62,9,4500,2,8,ALEXANDER DENNIS MODEL MISSING,3,E01000081,0,1
2024141505885,2024,141505885,2,11,0,-1,19,2,6,-1,0,8,0,0,0,0,1,1,-1,1,1,24,5,4500,2,13,ALEXANDER DENNIS MODEL MISSING,4,-1,0,5
2024010490230,2024,010490230,1,11,0,14,14,3,7,2,2,1,0,0,0,0,3,1,1,1,1,50,8,6700,2,6,ALEXANDER DENNIS MODEL MISSING,2,E01000721,0,3
2024311437560,2024,311437560,1,11,0,-1,4,5,1,-1,0,0,0,0,0,0,0,1,-1,1,1,28,6,6700,2,1,ALEXANDER DENNIS MODEL MISSING,1,E01027965,0,3
2024131456703,2024,131456703,2,11,0,-1,19,1,5,-1,0,8,0,0,0,0,1,1,-1,1,1,60,9,6696,2,9,ALEXANDER DENNIS MODEL MISSING,2,E01011027,0,2
2024501400310,2024,501400310,1,11,0,-1,19,5,5,-1,0,0,0,0,0,0,4,1,-1,1,1,60,9,6700,2,8,ALEXANDER DENNIS MODEL MISSING,2,E01015082,0,1
2024501396490,2024,501396490,2,11,0,-1,2,1,5,-1,0,0,0,0,0,0,2,1,-1,1,2,30,6,6700,2,7,ALEXANDER DENNIS MODEL MISSING,6,E01015174,0,1
2024010515112,2024,010515112,1,11,0,18,19,1,5,0,0,2,0,0,0,0,1,1,6,6,3,24,5,4500,2,12,ALEXANDER DENNIS MODEL MISSING,2,E01003497,0,1
2024302400293,2024,302400293,1,11,0,4,4,2,6,0,0,2,0,0,0,0,0,1,1,1,1,27,6,4500,2,8,ALEXANDER DENNIS MODEL MISSING,5,E01019434,0,2
2024010527440,2024,010527440,1,11,0,3,3,7,3,0,0,1,0,0,0,0,2,1,6,6,1,49,8,4500,2,12,ALEXANDER DENNIS MODEL MISSING,3,E01004755,0,1
2024010510968,2024,010510968,1,11,0,4,4,5,1,2,2,0,0,0,0,0,0,1,1,1,2,36,7,4500,2,8,ALEXANDER DENNIS MODEL MISSING,3,E01000796,0,1
2024201471938,2024,201471938,2,11,0,-1,19,4,8,-1,0,8,0,0,0,0,3,9,-1,1,1,32,6,4500,2,13,ALEXANDER DENNIS MODEL MISSING,2,E01010452,0,1
2024461433086,2024,461433086,2,11,0,-1,19,5,1,-1,0,2,1,4,0,0,3,1,-1,1,1,51,8,4500,2,8,ALEXANDER DENNIS MODEL MISSING,8,E01024473,0,2
2024010508387,2024,010508387,2,11,0,18,19,1,5,0,0,9,0,99,0,0,9,1,6,6,3,-1,-1,4500,2,8,ALEXANDER DENNIS MODEL MISSING,-1,-1,0,-1
2024421489530,2024,421489530,1,11,0,-1,1,1,5,-1,0,0,0,0,0,0,4,9,-1,1,1,63,9,4500,2,16,ALEXANDER DENNIS MODEL MISSING,3,E01022049,0,4
2024010522522,2024,010522522,2,11,0,18,19,5,1,0,0,0,0,0,0,0,1,2,1,1,1,26,6,6696,2,11,ALEXANDER DENNIS MODEL MISSING,4,E01001674,0,1
2024201479027,2024,201479027,1,11,0,-1,19,5,1,-1,0,1,0,0,0,0,1,9,-1,6,1,59,9,6700,2,9,ALEXANDER DENNIS MODEL MISSING,1,E01010370,0,3
2024991535723,2024,991535723,1,11,0,-1,5,1,5,-1,-1,0,0,0,1,0,4,1,-1,1,1,59,9,6700,2,5,ALEXANDER DENNIS MODEL MISSING,4,-1,0,1
2024440518531,2024,440518531,1,11,0,9,9,1,5,0,0,1,0,0,0,0,3,1,1,1,1,57,9,6700,2,6,ALEXANDER DENNIS MODEL MISSING,4,E01022711,0,2
2024010531127,2024,010531127,1,11,0,9,9,5,3,0,0,6,0,0,0,0,1,1,6,6,2,47,8,4500,2,13,ALEXANDER DENNIS MODEL MISSING,1,E01001442,0,3
2024421489908,2024,421489908,1,11,0,-1,19,3,7,-1,0,0,0,0,0,0,1,1,-1,1,1,56,9,4500,2,2,ALEXANDER DENNIS MODEL MISSING,5,E01021890,0,3
2024010538775,2024,010538775,1,11,0,4,4,5,1,0,0,2,0,0,0,0,0,1,6,6,1,59,9,4500,2,6,ALEXANDER DENNIS MODEL MISSING,7,E01001593,0,2
2024010519123,2024,010519123,1,11,0,5,5,1,5,0,0,0,0,0,0,0,4,1,1,1,1,66,10,6700,2,5,ALEXANDER DENNIS MODEL MISSING,4,E01003348,0,2
2024010505245,2024,010505245,1,11,0,18,19,1,5,0,0,0,0,0,0,0,2,1,1,1,2,37,7,6700,2,12,ALEXANDER DENNIS MODEL MISSING,5,E01003344,0,2
2024311471646,2024,311471646,1,11,0,-1,19,2,6,-1,0,0,1,0,0,0,3,1,-1,1,1,30,6,4500,2,5,ALEXANDER DENNIS MODEL MISSING,-1,-1,0,-1
2024311527306,2024,311527306,1,11,0,-1,4,1,3,-1,0,0,0,0,0,0,0,1,-1,1,2,44,7,6700,2,5,ALEXANDER DENNIS MODEL MISSING,5,E01027158,0,5
2024010527557,2024,010527557,1,11,0,2,2,0,0,3,2,2,0,0,0,0,2,1,6,6,3,-1,-1,4500,2,13,ALEXANDER DENNIS MODEL MISSING,-1,-1,0,-1
2024010509210,2024,010509210,1,11,0,18,19,3,7,0,0,1,0,0,0,0,0,1,1,1,2,66,10,4500,2,6,ALEXANDER DENNIS MODEL MISSING,2,E01003350,0,1
2024052400631,2024,052400631,2,11,0,2,2,0,0,0,0,0,0,0,0,0,2,1,1,1,1,66,10,6700,2,7,ALEXANDER DENNIS MODEL MISSING,-1,-1,0,-1
2024010531935,2024,010531935,1,11,0,4,4,1,5,2,2,1,0,0,0,0,0,1,1,1,1,65,9,4500,2,6,ALEXANDER DENNIS MODEL MISSING,3,E01030362,0,2
2024131503618,2024,131503618,2,11,0,-1,19,6,8,-1,0,2,0,0,0,0,0,1,-1,1,1,32,6,4500,2,17,ALEXANDER DENNIS MODEL MISSING,5,E01011765,0,2
2024010516567,2024,010516567,1,11,0,18,19,5,1,0,0,0,0,0,0,0,1,1,1,1,1,34,6,6700,2,5,ALEXANDER DENNIS MODEL MISSING,4,E01001148,0,2
2024501443186,2024,501443186,1,11,0,-1,3,5,2,-1,0,0,0,0,0,0,3,9,-1,1,2,58,9,4500,2,4,ALEXANDER DENNIS MODEL MISSING,7,E01018934,0,4
2024010535895,2024,010535895,1,11,0,99,99,9,9,99,99,9,9,99,9,99,9,9,6,6,3,52,8,4461,2,11,ALEXANDER DENNIS MODEL MISSING,2,E01000990,0,3
2024010506744,2024,010506744,2,11,0,99,99,9,9,99,99,9,9,99,9,99,1,9,6,6,3,-1,-1,4500,2,6,ALEXANDER DENNIS MODEL MISSING,-1,-1,0,-1
2024101521029,2024,101521029,2,11,-1,-1,-1,3,7,-1,-1,-1,-1,-1,-1,0,-1,9,-1,1,1,48,8,6700,2,13,ALEXANDER DENNIS MODEL MISSING,8,E01008558,0,3
2024010526740,2024,010526740,1,11,0,5,5,1,5,3,2,0,0,0,0,0,2,1,1,1,1,59,9,4500,2,8,ALEXANDER DENNIS MODEL MISSING,7,E01016170,0,4
2024041496677,2024,041496677,1,11,0,-1,19,1,5,-1,0,0,0,0,0,0,1,1,-1,1,1,46,8,6700,2,4,ALEXANDER DENNIS MODEL MISSING,3,E01025368,0,2
2024991472649,2024,991472649,3,11,0,-1,10,1,7,-1,0,1,0,0,0,0,1,1,-1,1,1,55,8,6700,2,1,ALEXANDER DENNIS MODEL MISSING,7,-1,0,4
2024010512353,2024,010512353,1,11,0,18,19,5,1,2,2,1,0,0,0,0,1,1,6,6,1,22,5,6700,2,14,ALEXANDER DENNIS MODEL MISSING,4,E01003113,0,1
2024471530314,2024,471530314,1,11,0,-1,9,4,1,-1,0,0,0,0,0,0,4,1,-1,1,1,33,6,4461,2,11,ALEXANDER DENNIS MODEL MISSING,3,E01020973,0,2
2024010510487,2024,010510487,2,11,0,5,5,5,1,5,5,2,0,0,0,0,1,1,1,1,1,51,8,4500,2,6,ALEXANDER DENNIS MODEL MISSING,2,E01002784,0,3
2024131480270,2024,131480270,1,11,0,-1,2,0,0,-1,0,8,0,0,0,0,0,1,-1,1,1,31,6,4500,2,15,ALEXANDER DENNIS MODEL MISSING,1,E01010735,0,3
2024010539561,2024,010539561,2,11,1,18,19,3,7,0,0,3,0,0,0,0,0,1,1,1,1,44,7,4500,2,10,ALEXANDER DENNIS MODEL MISSING,3,E01001669,0,1
2024010527311,2024,010527311,1,11,0,18,19,1,5,0,0,0,0,0,0,0,0,1,1,1,2,54,8,6696,2,11,ALEXANDER DENNIS MODEL MISSING,3,E01023573,0,2
2024010505411,2024,010505411,1,11,0,18,19,1,5,0,0,2,0,0,0,0,0,1,1,1,1,41,7,4500,2,7,ALEXANDER DENNIS MODEL MISSING,2,E01000091,0,3
2024041414751,2024,041414751,1,11,0,-1,19,1,5,-1,2,1,0,0,0,0,1,1,-1,9,1,40,7,6700,2,4,ALEXANDER DENNIS MODEL MISSING,4,E01012633,0,1
2024332400055,2024,332400055,1,11,0,-1,19,5,1,-1,0,1,0,0,0,0,1,1,-1,1,1,55,8,6700,2,7,ALEXANDER DENNIS MODEL MISSING,8,E01025684,0,2
2024041396517,2024,041396517,2,11,0,-1,19,3,7,-1,0,0,0,0,0,0,4,1,-1,1,1,58,9,6700,2,4,ALEXANDER DENNIS MODEL MISSING,6,E01025608,0,2
2024211417874,2024,211417874,1,11,0,-1,14,5,1,-1,0,0,0,0,0,0,1,1,-1,1,1,62,9,4461,2,11,ALEXANDER DENNIS MODEL MISSING,-1,-1,0,-1
202417L503124,2024,17L503124,1,11,0,17,19,3,7,0,0,0,0,0,0,0,3,1,1,1,1,65,9,6700,2,5,ALEXANDER DENNIS MODEL MISSING,-1,-1,0,-1
2024010527961,2024,010527961,1,11,0,18,19,3,7,0,0,0,0,0,0,0,1,1,1,1,1,56,9,6700,2,6,ALEXANDER DENNIS MODEL MISSING,3,E01024309,0,4
2024461416965,2024,461416965,1,11,0,-1,19,1,5,-1,0,0,0,0,0,0,0,1,-1,1,1,42,7,8300,2,18,ALEXANDER DENNIS MODEL MISSING,-1,-1,0,-1
2024201414912,2024,201414912,2,11,0,-1,12,5,1,-1,0,0,0,4,0,0,4,9,-1,1,1,33,6,6700,2,8,ALEXANDER DENNIS MODEL MISSING,4,E01009223,0,1
2024010522639,2024,010522639,3,11,0,4,4,7,3,3,2,0,0,0,0,0,2,1,1,1,2,59,9,6700,2,15,ALEXANDER DENNIS MODEL MISSING,-1,-1,0,-1
2024201415716,2024,201415716,1,11,0,-1,5,4,8,-1,0,1,0,0,0,0,1,9,-1,1,1,-1,-1,6700,2,8,ALEXANDER DENNIS MODEL MISSING,-1,-1,0,-1
2024231479158,2024,231479158,1,11,0,-1,19,2,6,-1,0,8,0,0,0,0,0,9,-1,1,1,56,9,4461,2,11,ALEXANDER DENNIS MODEL MISSING,1,E01031057,0,1
2024061435367,2024,061435367,2,11,0,-1,19,4,8,-1,2,0,0,0,0,0,0,1,-1,1,1,31,6,6696,2,11,ALEXANDER DENNIS MODEL MISSING,1,E01033330,0,1
2024010536804,2024,010536804,1,11,0,16,19,5,1,0,0,3,0,0,0,0,4,1,6,6,2,24,5,6700,2,13,ALEXANDER DENNIS MODEL MISSING,5,E01000330,0,2
2024481563491,2024,481563491,1,11,0,-1,19,1,5,-1,2,0,0,0,0,0,4,1,-1,1,1,45,7,4500,2,8,ALEXANDER DENNIS MODEL MISSING,-1,-1,0,-1
2024010551477,2024,010551477,2,11,0,3,3,5,1,0,0,1,0,0,0,0,2,1,6,6,1,28,6,4500,2,6,ALEXANDER DENNIS MODEL MISSING,3,E01001143,0,1
2024201449221,2024,201449221,2,11,0,-1,19,7,3,-1,0,8,0,0,0,0,1,9,-1,1,1,44,7,6700,2,15,ALEXANDER DENNIS MODEL MISSING,2,E01033630,0,1
2024471534239,2024,471534239,2,11,0,-1,2,3,7,-1,0,0,0,0,0,0,2,1,-1,1,1,63,9,4461,2,11,ALEXANDER DENNIS MODEL MISSING,9,E01021191,0,1
2024991482426,2024,991482426,1,11,0,-1,7,7,1,-1,0,0,0,0,0,0,1,1,-1,9,1,36,7,6700,2,12,ALEXANDER DENNIS MODEL MISSING,6,-1,0,4
2024010539530,2024,010539530,1,11,0,18,19,3,7,0,0,1,0,0,0,0,1,1,1,1,1,53,8,4500,2,4,ALEXANDER DENNIS MODEL MISSING,5,E01000799,0,1
2024010517362,2024,010517362,1,11,0,18,19,3,7,0,0,2,0,0,0,0,1,1,1,1,1,52,8,4500,2,7,ALEXANDER DENNIS MODEL MISSING,3,E01004011,0,2
2024211400582,2024,211400582,2,11,0,-1,19,8,5,-1,0,0,0,0,0,0,2,1,-1,9,1,31,6,4500,2,8,ALEXANDER DENNIS MODEL MISSING,9,E01029546,0,1
2024010530153,2024,010530153,1,11,0,18,19,5,1,0,0,2,0,0,0,0,0,1,1,1,1,70,10,6700,2,12,ALEXANDER DENNIS MODEL MISSING,5,E01002004,0,1
2024010531351,2024,010531351,2,11,0,10,10,5,3,0,0,1,0,0,0,0,1,1,1,1,1,58,9,4500,2,6,ALEXANDER DENNIS MODEL MISSING,3,E01003015,0,1
2024061426556,2024,061426556,1,11,0,-1,19,5,1,-1,0,1,0,0,0,0,3,1,-1,1,1,25,5,6700,2,1,ALEXANDER DENNIS MODEL MISSING,-1,-1,0,-1
2024010525501,2024,010525501,1,11,0,18,19,7,3,0,0,8,0,0,0,0,4,1,1,1,1,31,6,4500,2,8,ALEXANDER DENNIS MODEL MISSING,9,E01001916,0,2
2024010539922,2024,010539922,1,11,0,9,9,3,2,0,0,8,0,0,0,0,3,1,1,1,1,56,9,4500,2,14,ALEXANDER DENNIS MODEL MISSING,2,E01001052,0,2
2024141534598,2024,141534598,1,11,0,-1,19,1,5,-1,2,0,0,0,0,0,3,1,-1,1,1,54,8,6700,2,15,ALEXANDER DENNIS MODEL MISSING,5,E01008139,0,2
2024141475293,2024,141475293,2,11,0,-1,19,1,5,-1,0,8,0,0,0,0,1,1,-1,1,1,41,7,4500,2,5,ALEXANDER DENNIS MODEL MISSING,4,E01008019,0,3
2024010527387,2024,010527387,1,11,0,5,5,1,5,0,0,0,0,0,0,0,0,1,1,1,1,38,7,4500,2,10,ALEXANDER DENNIS MODEL MISSING,3,E01000336,0,3
2024010507619,2024,010507619,1,11,0,5,5,3,7,0,0,6,0,0,0,0,0,1,1,1,1,34,6,4500,2,9,ALEXANDER DENNIS MODEL MISSING,3,E01002550,0,3
2024421449006,2024,421449006,2,11,0,-1,19,1,5,-1,0,1,0,0,0,0,1,1,-1,1,1,44,7,3900,2,19,ALEXANDER DENNIS MODEL MISSING,-1,-1,0,-1
2024010509774,2024,010509774,1,11,0,18,19,1,5,0,0,0,0,0,0,0,0,1,1,1,1,39,7,6700,2,13,ALEXANDER DENNIS MODEL MISSING,2,E01000097,0,1
2024010489415,2024,010489415,1,11,0,14,14,5,1,2,2,6,0,0,0,0,1,1,1,1,1,54,8,4500,2,8,ALEXANDER DENNIS MODEL MISSING,5,E01032567,0,2
2024052402604,2024,052402604,1,11,0,18,19,6,2,0,0,0,0,0,0,0,1,1,1,1,1,75,10,6700,2,7,ALEXANDER DENNIS MODEL MISSING,2,E01006667,0,2
2024451438947,2024,451438947,2,11,0,-1,7,8,4,-1,0,3,0,0,0,0,3,1,-1,1,1,33,6,4500,2,4,ALEXANDER DENNIS MODEL MISSING,6,E01001040,0,3
2024451507693,2024,451507693,3,11,0,-1,3,5,1,-1,0,0,0,0,0,0,0,1,-1,1,1,60,9,4500,2,13,ALEXANDER DENNIS MODEL MISSING,4,E01024296,0,4
2024010546655,2024,010546655,1,11,9,99,99,9,9,99,99,9,9,99,9,99,9,1,6,6,3,-1,-1,4500,2,6,ALEXANDER DENNIS MODEL MISSING,-1,-1,0,-1
2024221530582,2024,221530582,1,11,0,-1,4,6,2,-1,9,0,0,10,1,10,1,9,-1,1,1,62,9,4500,2,12,ALEXANDER DENNIS MODEL MISSING,1,E01010003,0,4
2024061438345,2024,061438345,1,11,0,-1,19,6,2,-1,0,1,0,0,0,0,4,1,-1,1,1,51,8,6700,2,1,ALEXANDER DENNIS MODEL MISSING,-1,-1,0,-1
2024010514868,2024,010514868,1,11,0,18,19,3,7,0,0,1,0,0,0,0,1,1,1,1,1,53,8,4500,2,6,ALEXANDER DENNIS MODEL MISSING,2,E01003335,0,1
2024161519217,2024,161519217,1,11,0,-1,19,6,2,-1,0,1,0,0,0,0,0,9,-1,1,1,25,5,8300,2,18,ALEXANDER DENNIS MODEL MISSING,1,E01013162,0,1
2024010523114,2024,010523114,1,11,0,4,4,1,5,2,2,0,0,0,0,0,0,1,1,1,1,70,10,4500,2,6,ALEXANDER DENNIS MODEL MISSING,5,E01003340,0,1
2024401518127,2024,401518127,1,11,0,-1,19,8,4,-1,0,2,0,0,0,0,1,1,-1,1,1,43,7,4461,2,9,ALEXANDER DENNIS MODEL MISSING,3,E01017568,0,2
2024622400739,2024,622400739,1,11,0,16,19,8,5,0,0,3,0,4,7,9,1,1,1,1,1,65,9,4461,2,11,ALEXANDER DENNIS MODEL MISSING,5,W01001759,0,1
2024361493323,2024,361493323,2,11,-1,-1,19,-1,-1,-1,0,1,0,0,0,0,4,9,-1,1,1,63,9,6696,2,11,ALEXANDER DENNIS MODEL MISSING,3,E01026639,0,1
2024061531924,2024,061531924,1,11,0,-1,19,4,8,-1,0,2,0,0,0,0,1,1,-1,1,1,65,9,4461,2,11,ALEXANDER DENNIS MODEL MISSING,1,E01005132,0,1
2024451420575,2024,451420575,1,11,0,-1,19,7,3,-1,0,0,0,0,0,0,0,9,-1,1,1,51,8,4500,2,16,ALEXANDER DENNIS MODEL MISSING,3,E01023107,0,2
2024010544566,2024,010544566,1,11,0,4,4,5,1,0,0,1,0,0,1,0,0,1,1,1,1,58,9,6700,2,12,ALEXANDER DENNIS MODEL MISSING,2,E01000030,0,1
2024010520233,2024,010520233,1,11,0,18,19,5,1,0,0,2,0,0,0,0,1,1,1,1,2,45,7,4500,2,6,ALEXANDER DENNIS MODEL MISSING,7,E01033912,0,1
2024361551084,2024,361551084,1,11,0,-1,19,7,3,-1,0,0,0,0,0,0,1,1,-1,1,1,54,8,6700,2,12,ALEXANDER DENNIS MODEL MISSING,5,E01026727,0,4
2024010502496,2024,010502496,1,11,0,14,14,3,7,0,0,0,0,0,0,0,0,1,1,1,1,37,7,4500,2,12,ALEXANDER DENNIS MODEL MISSING,3,E01002603,0,1