collision_index,collision_year,collision_ref_no,vehicle_reference,vehicle_type,towing_and_articulation,vehicle_manoeuvre_historic,vehicle_manoeuvre,vehicle_direction_from,vehicle_direction_to,vehicle_location_restricted_lane_historic,vehicle_location_restricted_lane,junction_location,skidding_and_overturning,hit_object_in_carriageway,vehicle_leaving_carriageway,hit_object_off_carriageway,first_point_of_impact,vehicle_left_hand_drive,journey_purpose_of_driver_historic,journey_purpose_of_driver,sex_of_driver,age_of_driver,age_band_of_driver,engine_capacity_cc,propulsion_code,age_of_vehicle,generic_make_model,driver_imd_decile,lsoa_of_driver,escooter_flag,driver_distance_banding
2024471514571,2024,471514571,1,11,0,-1,19,2,6,-1,0,0,0,0,0,0,-1,1,-1,6,2,60,9,6700,2,0,ALEXANDER DENNIS MODEL MISSING,4,E01021071,0,2
2024311530764,2024,311530764,1,11,0,-1,19,1,5,-1,0,0,1,0,1,0,1,1,-1,1,1,20,4,6700,2,6,ALEXANDER DENNIS MODEL MISSING,3,E01027967,0,3
2024010550267,2024,010550267,2,11,0,18,19,8,4,0,0,0,0,0,0,0,1,1,6,6,1,-1,-1,4500,2,6,ALEXANDER DENNIS MODEL MISSING,2,E01000223,0,3
2024311484498,2024,311484498,1,11,0,-1,5,1,5,-1,0,8,0,0,0,0,0,1,-1,1,1,32,6,6700,2,6,ALEXANDER DENNIS MODEL MISSING,6,E01028273,0,3
2024010511140,2024,010511140,2,11,0,18,19,1,5,0,0,0,0,0,0,0,1,1,1,1,1,30,6,6696,2,11,ALEXANDER DENNIS MODEL MISSING,7,E01016179,0,4
2024471482293,2024,471482293,1,11,0,-1,2,1,5,-1,2,0,0,0,0,0,0,2,-1,1,1,63,9,6700,2,6,ALEXANDER DENNIS MODEL MISSING,7,E01031423,0,1
2024311491933,2024,311491933,1,11,0,-1,19,1,5,-1,0,1,0,0,0,0,1,1,-1,1,1,33,6,6700,2,5,ALEXANDER DENNIS MODEL MISSING,2,E01028271,0,3
2024010505083,2024,010505083,1,11,0,5,5,3,7,0,0,8,0,0,0,0,0,1,1,1,1,56,9,4500,2,8,ALEXANDER DENNIS MODEL MISSING,5,E01001658,0,1
2024061425421,2024,061425421,2,11,0,-1,19,3,7,-1,0,0,0,0,0,0,1,1,-1,1,1,59,9,4461,2,11,ALEXANDER DENNIS MODEL MISSING,-1,-1,0,-1
2024101503057,2024,101503057,1,11,0,-1,5,5,8,-1,0,8,0,0,0,0,0,1,-1,1,1,34,6,6700,2,14,ALEXANDER DENNIS MODEL MISSING,3,E01008805,0,2
2024131415970,2024,131415970,2,11,0,-1,2,0,0,-1,0,0,0,0,0,0,2,1,-1,1,1,35,6,4461,2,10,ALEXANDER DENNIS MODEL MISSING,2,E01011900,0,1
2024552400836,2024,552400836,2,11,0,9,9,8,6,0,0,3,0,0,0,0,3,1,1,1,1,27,6,6700,2,5,ALEXANDER DENNIS MODEL MISSING,7,E01015352,0,1
2024552401297,2024,552401297,1,11,0,18,19,3,7,0,0,0,0,0,0,0,1,1,1,1,1,63,9,6700,2,1,ALEXANDER DENNIS MODEL MISSING,8,E01015335,0,1
2024131451666,2024,131451666,2,11,0,-1,4,1,5,-1,0,0,0,0,0,0,0,1,-1,1,1,32,6,6700,2,16,ALEXANDER DENNIS MODEL MISSING,2,E01011814,0,1
2024010535737,2024,010535737,1,11,0,4,4,4,8,0,0,5,0,0,0,0,1,1,1,1,1,45,7,4461,2,11,ALEXANDER DENNIS MODEL MISSING,5,E01003272,0,2
2024010535224,2024,010535224,2,11,0,99,99,9,9,99,99,9,9,99,9,99,9,9,6,6,1,37,7,6700,2,12,ALEXANDER DENNIS MODEL MISSING,2,E01001219,0,2
2024010500660,2024,010500660,1,11,0,18,19,5,1,0,0,0,0,0,0,0,0,1,1,1,1,44,7,6700,2,12,ALEXANDER DENNIS MODEL MISSING,3,E01001476,0,1
2024010550203,2024,010550203,1,11,0,5,5,1,5,2,2,1,0,0,0,0,1,1,1,1,1,51,8,4500,2,12,ALEXANDER DENNIS MODEL MISSING,9,E01000695,0,1
2024010497489,2024,010497489,2,11,0,18,19,5,1,0,0,0,0,0,0,0,3,1,1,1,1,36,7,4500,2,15,ALEXANDER DENNIS MODEL MISSING,3,E01001844,0,1
2024311395427,2024,311395427,1,11,0,-1,5,7,3,-1,0,0,0,0,0,0,0,1,-1,1,2,22,5,4500,2,5,ALEXANDER DENNIS MODEL MISSING,9,E01013901,0,1
2024010511842,2024,010511842,1,11,0,18,19,3,7,2,2,1,0,0,0,0,3,1,1,1,1,62,9,4500,2,6,ALEXANDER DENNIS MODEL MISSING,4,E01003353,0,2
2024451458499,2024,451458499,2,11,0,-1,12,1,5,-1,0,1,0,0,0,0,3,1,-1,6,-1,53,8,4500,2,14,ALEXANDER DENNIS MODEL MISSING,10,E01022062,0,4
2024440191765,2024,440191765,2,11,0,18,19,7,3,0,0,8,0,0,0,0,1,1,1,1,1,36,7,6700,2,6,ALEXANDER DENNIS MODEL MISSING,5,E01017221,0,1
2024010503888,2024,010503888,2,11,0,3,3,3,7,2,2,1,0,0,0,0,2,1,1,1,1,54,8,4500,2,12,ALEXANDER DENNIS MODEL MISSING,5,E01004419,0,3
2024201436750,2024,201436750,1,11,0,-1,19,8,4,-1,0,0,0,4,0,0,4,1,-1,1,1,47,8,6700,2,5,ALEXANDER DENNIS MODEL MISSING,1,E01008941,0,1
2024052402433,2024,052402433,2,11,0,17,19,7,5,0,0,1,0,0,0,0,1,1,1,1,1,52,8,6696,2,9,ALEXANDER DENNIS MODEL MISSING,4,E01012394,0,3
2024010521053,2024,010521053,2,11,0,18,19,1,5,0,0,1,0,0,0,0,4,1,6,6,1,60,9,4500,2,14,ALEXANDER DENNIS MODEL MISSING,4,E01001148,0,1
2024991403116,2024,991403116,1,11,0,-1,19,1,5,-1,0,2,0,0,0,0,1,1,-1,1,1,63,9,4461,2,9,ALEXANDER DENNIS MODEL MISSING,3,-1,0,3
2024311483374,2024,311483374,1,11,0,-1,19,3,7,-1,0,1,0,0,0,0,0,1,-1,1,2,40,7,6696,2,9,ALEXANDER DENNIS MODEL MISSING,4,-1,0,5
2024010506931,2024,010506931,1,11,0,18,19,5,1,0,0,1,0,0,0,0,0,1,1,1,1,41,7,4500,2,15,ALEXANDER DENNIS MODEL MISSING,3,E01034608,0,2
2024061398654,2024,061398654,1,11,0,-1,4,4,8,-1,0,0,0,0,0,0,1,1,-1,1,1,47,8,6700,2,4,ALEXANDER DENNIS MODEL MISSING,2,E01005652,0,3
2024010536097,2024,010536097,1,11,0,4,4,3,7,0,0,0,0,0,0,0,0,1,1,1,2,53,8,4500,2,10,ALEXANDER DENNIS MODEL MISSING,-1,-1,0,-1
2024101401479,2024,101401479,2,11,0,-1,4,4,8,-1,0,0,0,0,0,0,0,1,-1,1,1,34,6,6700,2,8,ALEXANDER DENNIS MODEL MISSING,4,E01008384,0,1
2024031493511,2024,031493511,2,11,0,-1,19,4,8,-1,0,1,0,0,7,11,4,1,-1,1,1,59,9,6700,2,12,ALEXANDER DENNIS MODEL MISSING,9,E01019334,0,4
2024010551804,2024,010551804,1,11,0,18,19,8,4,0,0,2,0,0,0,0,0,1,1,1,1,45,7,6700,2,15,ALEXANDER DENNIS MODEL MISSING,4,E01000497,0,1
2024010535970,2024,010535970,1,11,0,5,5,7,3,0,0,2,0,0,0,0,0,1,6,6,1,59,9,4500,2,9,ALEXANDER DENNIS MODEL MISSING,6,E01000369,0,3
2024440437749,2024,440437749,2,11,0,18,19,8,4,0,0,1,0,0,0,0,1,1,1,1,1,64,9,6700,2,8,ALEXANDER DENNIS MODEL MISSING,9,E01023265,0,1
2024010517086,2024,010517086,1,11,0,18,19,5,1,0,0,3,0,0,0,0,0,1,1,1,1,45,7,6696,2,11,ALEXANDER DENNIS MODEL MISSING,6,E01003741,0,2
2024440498384,2024,440498384,1,11,0,18,19,1,5,0,0,2,0,0,0,0,0,1,1,1,3,-1,-1,6700,2,0,ALEXANDER DENNIS MODEL MISSING,-1,-1,0,-1
2024201489070,2024,201489070,1,11,0,-1,19,4,8,-1,0,0,0,0,0,0,1,1,-1,9,1,70,10,4500,2,9,ALEXANDER DENNIS MODEL MISSING,2,E01009043,0,1
2024010532094,2024,010532094,2,11,0,18,19,8,4,0,0,8,0,0,0,0,4,1,6,6,1,39,7,4500,2,13,ALEXANDER DENNIS MODEL MISSING,3,E01003917,0,1
2024010504618,2024,010504618,3,11,0,3,3,7,3,0,0,2,0,0,0,0,2,1,6,6,1,44,7,4500,2,6,ALEXANDER DENNIS MODEL MISSING,2,E01001218,0,1
2024010541745,2024,010541745,1,11,0,18,19,1,5,0,0,0,0,0,0,0,0,1,1,1,1,24,5,4500,2,5,ALEXANDER DENNIS MODEL MISSING,5,E01034600,0,3
2024010549553,2024,010549553,1,11,0,18,19,7,3,0,0,1,0,0,0,0,1,1,6,6,1,24,5,6700,2,4,ALEXANDER DENNIS MODEL MISSING,3,E01004435,0,1
2024010524313,2024,010524313,1,11,0,99,99,9,9,99,99,9,9,99,9,99,9,9,1,1,1,28,6,4500,2,6,ALEXANDER DENNIS MODEL MISSING,2,E01004524,0,1
2024010521688,2024,010521688,1,11,0,18,19,7,3,0,0,8,0,0,0,0,1,1,1,1,1,57,9,4500,2,5,ALEXANDER DENNIS MODEL MISSING,6,E01001345,0,2
2024101440528,2024,101440528,1,11,0,-1,19,7,3,-1,0,1,0,0,0,0,1,1,-1,1,1,25,5,6700,2,1,ALEXANDER DENNIS MODEL MISSING,4,E01027433,0,3
2024010515067,2024,010515067,2,11,0,99,99,9,9,99,99,9,9,99,9,99,9,9,6,6,3,38,7,4500,2,6,ALEXANDER DENNIS MODEL MISSING,3,E01001722,0,2
2024111404597,2024,111404597,1,11,0,-1,4,7,3,-1,0,2,0,0,0,0,0,1,-1,1,1,26,6,4500,2,2,ALEXANDER DENNIS MODEL MISSING,5,E01012323,0,1
2024421502574,2024,421502574,1,11,0,-1,5,2,5,-1,0,1,0,0,0,0,1,1,-1,1,1,60,9,6700,2,14,ALEXANDER DENNIS MODEL MISSING,1,E01015886,0,3
2024111429070,2024,111429070,3,11,0,-1,10,3,7,-1,0,1,0,0,0,0,4,1,-1,6,-1,35,6,4500,2,2,ALEXANDER DENNIS MODEL MISSING,1,E01020880,0,3
2024440078471,2024,440078471,2,11,0,18,19,2,6,0,0,1,0,0,0,0,1,1,1,1,1,19,4,6696,2,11,ALEXANDER DENNIS MODEL MISSING,2,E01017218,0,2
2024010520354,2024,010520354,4,11,0,2,2,0,0,0,0,0,0,0,0,0,2,2,6,6,3,-1,-1,4500,2,8,ALEXANDER DENNIS MODEL MISSING,-1,-1,0,-1
2024302400976,2024,302400976,1,11,0,4,4,8,4,0,0,2,0,0,0,0,0,1,1,1,1,38,7,6700,2,8,ALEXANDER DENNIS MODEL MISSING,5,E01019456,0,4
2024010541663,2024,010541663,1,11,0,18,19,7,3,0,0,0,0,0,0,0,0,1,1,1,1,55,8,4500,2,13,ALEXANDER DENNIS MODEL MISSING,3,E01003631,0,1
2024471457234,2024,471457234,1,11,0,-1,-1,-1,-1,-1,-1,-1,-1,-1,-1,0,-1,1,-1,1,1,78,11,4500,2,12,ALEXANDER DENNIS MODEL MISSING,1,E01021136,0,2
2024010488245,2024,010488245,1,11,0,18,19,5,1,0,0,2,0,0,0,0,1,1,1,1,1,34,6,4500,2,9,ALEXANDER DENNIS MODEL MISSING,4,E01002598,0,2
2024201516460,2024,201516460,2,11,0,-1,3,5,1,-1,0,1,0,0,0,0,2,1,-1,1,1,53,8,6700,2,16,ALEXANDER DENNIS MODEL MISSING,5,E01009905,0,2
2024010533999,2024,010533999,2,11,0,14,14,5,1,0,0,1,0,0,0,0,3,1,1,1,1,40,7,6700,2,6,ALEXANDER DENNIS MODEL MISSING,3,E01001188,0,2
2024471418341,2024,471418341,1,11,0,-1,5,3,7,-1,-1,1,0,0,0,0,0,1,-1,9,1,48,8,4500,2,4,ALEXANDER DENNIS MODEL MISSING,9,E01016959,0,3
2024440410994,2024,440410994,2,11,0,18,19,8,4,0,0,1,0,0,0,0,0,1,1,1,1,41,7,4500,2,13,ALEXANDER DENNIS MODEL MISSING,3,E01022959,0,3
2024440286358,2024,440286358,1,11,0,18,19,7,3,0,0,2,0,0,0,0,4,1,1,1,1,61,9,6700,2,9,ALEXANDER DENNIS MODEL MISSING,3,E01022485,0,1
2024531425130,2024,531425130,1,11,0,-1,19,3,7,-1,0,0,0,0,0,0,1,1,-1,1,1,51,8,6700,2,8,ALEXANDER DENNIS MODEL MISSING,3,E01022121,0,1
2024543659624,2024,543659624,1,11,0,4,4,7,3,0,0,1,0,0,3,10,1,1,1,1,1,58,9,3900,2,18,ALEXANDER DENNIS MODEL MISSING,8,E01015498,0,1
2024010532930,2024,010532930,1,11,0,18,19,5,1,0,0,0,0,0,0,0,0,1,1,1,1,61,9,6700,2,14,ALEXANDER DENNIS MODEL MISSING,4,E01001183,0,1
2024010509458,2024,010509458,1,11,0,18,19,5,1,0,0,0,0,0,0,0,4,1,1,1,1,20,4,6700,2,12,ALEXANDER DENNIS MODEL MISSING,4,E01000235,0,3
2024471453949,2024,471453949,1,11,0,-1,4,1,5,-1,0,0,0,0,0,0,0,1,-1,1,1,65,9,6700,2,0,ALEXANDER DENNIS MODEL MISSING,9,E01021083,0,2
2024231509535,2024,231509535,2,11,0,-1,19,7,3,-1,0,0,0,0,0,0,1,1,-1,1,1,51,8,4461,2,11,ALEXANDER DENNIS MODEL MISSING,9,E01031328,0,2
2024302400713,2024,302400713,2,11,0,4,4,8,4,0,0,8,0,0,1,0,4,1,6,6,1,44,7,4461,2,11,ALEXANDER DENNIS MODEL MISSING,6,E01019719,0,3
2024010518853,2024,010518853,1,11,0,5,5,1,5,2,2,1,0,0,0,0,0,1,1,1,1,31,6,4500,2,9,ALEXANDER DENNIS MODEL MISSING,7,E01004173,0,2
2024991420397,2024,991420397,1,11,0,-1,4,7,3,-1,9,2,0,0,3,11,1,1,-1,1,1,45,7,4500,2,14,ALEXANDER DENNIS MODEL MISSING,3,-1,0,3
2024520401645,2024,520401645,1,11,0,18,19,6,2,0,0,0,0,0,0,0,4,1,1,1,2,33,6,6700,2,12,ALEXANDER DENNIS MODEL MISSING,2,E01029291,0,3
2024010537736,2024,010537736,1,11,0,5,5,1,5,0,0,0,0,0,0,0,0,1,1,1,1,57,9,4500,2,5,ALEXANDER DENNIS MODEL MISSING,5,E01000468,0,3
2024031501655,2024,031501655,2,11,0,-1,5,1,5,-1,0,0,0,0,1,0,1,1,-1,1,1,45,7,6700,2,9,ALEXANDER DENNIS MODEL MISSING,3,E01019236,0,3
2024052400540,2024,052400540,1,11,0,4,4,1,5,0,0,1,0,0,0,0,0,1,1,1,1,34,6,6696,2,11,ALEXANDER DENNIS MODEL MISSING,1,E01007289,0,1
2024010510156,2024,010510156,1,11,0,3,3,1,5,2,2,2,0,0,0,0,2,1,1,1,1,55,8,4500,2,12,ALEXANDER DENNIS MODEL MISSING,5,E01004076,0,1
2024311412307,2024,311412307,1,11,0,-1,19,8,4,-1,0,8,0,0,0,0,1,1,-1,1,1,-1,-1,4500,2,14,ALEXANDER DENNIS MODEL MISSING,-1,-1,0,-1
2024201490566,2024,201490566,1,11,0,-1,4,6,2,-1,2,0,0,10,1,5,2,1,-1,1,1,58,9,6700,2,8,ALEXANDER DENNIS MODEL MISSING,-1,-1,0,-1
2024010518336,2024,010518336,1,11,0,18,19,1,5,0,0,2,0,0,0,0,0,1,1,1,1,66,10,6700,2,12,ALEXANDER DENNIS MODEL MISSING,3,E01000435,0,1
2024061464333,2024,061464333,1,11,0,-1,19,4,1,-1,4,0,0,0,0,0,1,1,-1,1,1,40,7,4461,2,11,ALEXANDER DENNIS MODEL MISSING,-1,-1,0,-1
2024531521237,2024,531521237,3,11,0,-1,19,7,3,-1,0,0,0,0,0,0,0,1,-1,1,1,54,8,4461,2,9,ALEXANDER DENNIS MODEL MISSING,2,E01022285,0,4
2024010538182,2024,010538182,1,11,0,4,4,1,5,0,0,1,0,0,0,0,0,1,1,1,1,64,9,4500,2,6,ALEXANDER DENNIS MODEL MISSING,6,E01003681,0,3
2024010522135,2024,010522135,1,11,0,5,5,3,7,0,0,1,0,0,0,0,1,1,6,6,1,53,8,6700,2,14,ALEXANDER DENNIS MODEL MISSING,6,E01003751,0,1
2024010499806,2024,010499806,1,11,0,4,4,7,3,0,0,0,0,0,0,0,4,1,1,1,2,63,9,6700,2,14,ALEXANDER DENNIS MODEL MISSING,2,E01001144,0,2
2024010503023,2024,010503023,2,11,0,99,99,9,9,99,99,9,9,99,9,99,1,1,6,6,3,66,10,6700,2,14,ALEXANDER DENNIS MODEL MISSING,4,E01001090,0,1
2024440219965,2024,440219965,2,11,0,18,19,6,2,0,0,8,0,0,0,0,3,1,1,1,1,55,8,6700,2,8,ALEXANDER DENNIS MODEL MISSING,6,E01022875,0,2
2024010493182,2024,010493182,2,11,0,2,2,0,0,2,2,0,0,0,0,0,2,1,6,6,3,-1,-1,4500,2,16,ALEXANDER DENNIS MODEL MISSING,-1,-1,0,-1
2024101513569,2024,101513569,1,11,0,-1,19,5,1,-1,0,1,0,0,0,0,1,1,-1,1,1,55,8,4461,2,11,ALEXANDER DENNIS MODEL MISSING,1,E01008609,0,1
2024131410350,2024,131410350,2,11,0,-1,3,3,4,-1,0,0,0,0,0,0,2,1,-1,1,1,56,9,4500,2,3,ALEXANDER DENNIS MODEL MISSING,2,E01011726,0,2
2024440325383,2024,440325383,2,11,0,18,19,5,3,0,0,1,0,0,0,0,1,1,1,1,3,-1,-1,6700,2,0,ALEXANDER DENNIS MODEL MISSING,-1,-1,0,-1
2024010498352,2024,010498352,1,11,0,5,5,3,7,2,2,1,0,0,0,0,0,1,1,1,1,62,9,4500,2,6,ALEXANDER DENNIS MODEL MISSING,3,E01003319,0,2
2024461471469,2024,461471469,4,11,0,-1,19,4,6,-1,0,0,0,0,0,0,0,9,-1,1,1,-1,-1,6700,2,8,ALEXANDER DENNIS MODEL MISSING,-1,-1,0,-1
2024501497943,2024,501497943,1,11,0,-1,19,5,1,-1,1,0,0,0,1,11,1,1,-1,9,2,44,7,3900,2,18,ALEXANDER DENNIS MODEL MISSING,4,E01020123,0,1
2024131423386,2024,131423386,2,11,0,-1,19,3,7,-1,0,0,0,0,0,0,3,1,-1,1,2,52,8,4461,2,10,ALEXANDER DENNIS MODEL MISSING,4,E01011787,0,4
2024010500139,2024,010500139,1,11,0,3,3,5,1,0,0,1,0,0,0,0,1,2,1,1,1,45,7,4500,2,7,ALEXANDER DENNIS MODEL MISSING,3,E01003106,0,1
2024010519126,2024,010519126,1,11,0,9,9,1,6,0,0,1,0,0,0,0,3,1,1,1,1,28,6,4500,2,7,ALEXANDER DENNIS MODEL MISSING,3,E01003960,0,1
2024440535683,2024,440535683,1,11,0,18,19,1,5,0,0,0,0,0,0,0,1,1,1,1,1,28,6,6700,2,1,ALEXANDER DENNIS MODEL MISSING,2,E01033237,0,2
2024010498122,2024,010498122,1,11,0,7,7,2,4,0,0,5,0,0,1,0,4,1,1,1,1,60,9,4500,2,7,ALEXANDER DENNIS MODEL MISSING,6,E01023554,0,3
2024440417251,2024,440417251,1,11,0,18,19,3,7,0,0,0,0,0,0,0,0,1,1,1,1,54,8,4500,2,9,ALEXANDER DENNIS MODEL MISSING,5,E01023192,0,2
2024010504547,2024,010504547,2,11,0,18,19,3,7,0,0,8,0,0,0,0,1,1,1,1,1,21,5,4500,2,7,ALEXANDER DENNIS MODEL MISSING,5,E01016241,0,4
2024991419935,2024,991419935,2,11,0,-1,19,7,4,-1,0,0,0,0,0,0,1,1,-1,1,1,58,9,6700,2,12,ALEXANDER DENNIS MODEL MISSING,2,-1,0,1
2024010546359,2024,010546359,1,11,0,14,14,1,5,9,9,0,0,11,1,5,1,1,1,1,1,30,6,4500,2,9,ALEXANDER DENNIS MODEL MISSING,2,E01004398,0,2
2024010498208,2024,010498208,2,11,0,3,3,3,7,0,0,1,0,4,0,0,1,1,6,6,2,63,9,4500,2,6,ALEXANDER DENNIS MODEL MISSING,5,E01002565,0,2
2024010516139,2024,010516139,1,11,0,5,5,3,7,0,0,1,0,0,0,0,0,1,1,1,1,64,9,4500,2,7,ALEXANDER DENNIS MODEL MISSING,2,E01002669,0,1
2024010511864,2024,010511864,1,11,0,18,19,1,5,0,0,2,0,0,0,0,1,1,1,1,1,62,9,6700,2,7,ALEXANDER DENNIS MODEL MISSING,5,E01002167,0,3
2024501478855,2024,501478855,1,11,0,-1,3,7,3,-1,0,8,0,0,0,0,2,9,-1,6,1,-1,-1,4500,2,4,ALEXANDER DENNIS MODEL MISSING,-1,-1,0,-1
2024010489787,2024,010489787,1,11,0,18,19,3,7,0,0,1,0,0,0,0,1,1,2,2,1,62,9,6700,2,13,ALEXANDER DENNIS MODEL MISSING,2,E01000075,0,1
2024311456192,2024,311456192,2,11,0,-1,19,4,7,-1,0,2,0,0,0,0,1,1,-1,1,1,19,4,8300,2,18,ALEXANDER DENNIS MODEL MISSING,5,E01026414,0,4
2024010551610,2024,010551610,1,11,0,9,9,4,3,0,0,5,0,0,0,0,1,1,1,1,1,46,8,4500,2,15,ALEXANDER DENNIS MODEL MISSING,2,E01001202,0,2
2024311489219,2024,311489219,1,11,-1,-1,19,5,1,-1,0,0,0,0,0,0,1,9,-1,1,2,-1,-1,4500,2,8,ALEXANDER DENNIS MODEL MISSING,-1,-1,0,-1
2024991465980,2024,991465980,1,11,0,-1,5,7,3,-1,0,1,0,0,0,0,1,9,-1,1,1,26,6,6700,2,5,ALEXANDER DENNIS MODEL MISSING,1,-1,0,2
2024010532016,2024,010532016,1,11,0,18,19,7,3,2,2,1,0,0,0,0,1,1,1,1,1,60,9,4500,2,10,ALEXANDER DENNIS MODEL MISSING,2,E01004040,0,1
2024111470237,2024,111470237,1,11,0,-1,19,1,5,-1,0,1,0,0,0,0,1,1,-1,1,1,63,9,4500,2,6,ALEXANDER DENNIS MODEL MISSING,3,E01012340,0,3
2024541874624,2024,541874624,2,11,0,18,19,2,6,0,0,8,0,0,0,0,1,1,1,1,1,36,7,6700,2,12,ALEXANDER DENNIS MODEL MISSING,6,E01023183,0,4
2024010533745,2024,010533745,2,11,0,18,19,1,5,2,2,1,0,0,0,0,1,1,1,1,1,51,8,6700,2,14,ALEXANDER DENNIS MODEL MISSING,3,E01000080,0,2
2024052401628,2024,052401628,2,11,0,3,3,5,1,0,0,1,0,0,0,0,2,1,1,1,1,58,9,6700,2,7,ALEXANDER DENNIS MODEL MISSING,2,E01006962,0,2
2024010498837,2024,010498837,1,11,0,17,19,1,5,0,0,8,0,0,0,0,1,1,1,1,1,38,7,6700,2,13,ALEXANDER DENNIS MODEL MISSING,3,E01003567,0,1
2024010533974,2024,010533974,1,11,0,17,19,5,2,0,0,8,0,0,0,0,3,1,1,1,1,65,9,6700,2,12,ALEXANDER DENNIS MODEL MISSING,6,E01002246,0,1
2024010533726,2024,010533726,1,11,0,9,9,5,3,0,0,4,0,0,0,0,4,1,6,6,1,49,8,6700,2,12,ALEXANDER DENNIS MODEL MISSING,5,E01000468,0,2
2024061514182,2024,061514182,1,11,0,-1,19,2,6,-1,0,0,0,0,0,0,1,1,-1,1,1,28,6,6700,2,16,ALEXANDER DENNIS MODEL MISSING,1,E01005132,0,1
2024010532922,2024,010532922,1,11,0,18,19,5,1,0,0,1,0,0,0,0,1,1,6,6,3,-1,-1,6700,2,8,ALEXANDER DENNIS MODEL MISSING,3,E01000465,0,1
2024010523692,2024,010523692,1,11,0,5,5,6,2,3,2,0,0,0,0,0,0,1,1,1,2,49,8,4500,2,10,ALEXANDER DENNIS MODEL MISSING,4,E01004536,0,1
2024010515112,2024,010515112,2,11,0,18,19,1,5,0,0,2,0,0,0,0,1,1,6,6,3,24,5,4500,2,14,ALEXANDER DENNIS MODEL MISSING,-1,-1,0,-1
202417S312124,2024,17S312124,1,11,0,-1,19,2,6,-1,0,0,0,0,0,0,4,1,-1,1,1,-1,-1,6696,2,10,ALEXANDER DENNIS MODEL MISSING,-1,-1,0,-1
2024061514182,2024,061514182,2,11,0,-1,2,2,6,-1,0,0,0,0,1,0,2,1,-1,1,1,42,7,6700,2,4,ALEXANDER DENNIS MODEL MISSING,3,E01005481,0,3
2024010497279,2024,010497279,1,11,0,5,5,3,7,0,0,8,0,0,0,0,4,1,6,6,3,-1,-1,6700,2,14,ALEXANDER DENNIS MODEL MISSING,-1,-1,0,-1
2024010538271,2024,010538271,2,11,0,18,19,4,8,0,0,1,0,0,0,0,1,1,6,6,1,39,7,4500,2,5,ALEXANDER DENNIS MODEL MISSING,4,E01004038,0,2
2024010528254,2024,010528254,1,11,0,16,19,2,6,0,0,1,0,0,0,0,0,1,1,1,1,59,9,4461,2,11,ALEXANDER DENNIS MODEL MISSING,3,E01000731,0,2
2024471492052,2024,471492052,1,11,0,-1,5,4,2,-1,0,3,0,0,0,0,1,1,-1,9,-1,40,7,4500,2,6,ALEXANDER DENNIS MODEL MISSING,6,E01031586,0,1
2024010509788,2024,010509788,1,11,0,18,19,1,5,0,0,1,0,0,0,0,4,1,1,1,1,55,8,4500,2,9,ALEXANDER DENNIS MODEL MISSING,-1,-1,0,-1
2024201457774,2024,201457774,1,11,0,-1,19,5,6,-1,0,1,0,0,0,0,1,1,-1,1,1,50,8,6700,2,5,ALEXANDER DENNIS MODEL MISSING,3,E01009970,0,2
2024440167981,2024,440167981,2,11,0,18,19,1,5,0,0,8,0,0,0,0,4,1,1,1,1,-1,-1,6696,2,8,ALEXANDER DENNIS MODEL MISSING,-1,-1,0,-1
2024141517207,2024,141517207,1,11,0,-1,5,3,7,-1,0,1,0,0,0,0,0,1,-1,1,1,60,9,8300,2,17,ALEXANDER DENNIS MODEL MISSING,3,E01007337,0,2
2024010505228,2024,010505228,1,11,0,18,19,5,1,0,0,1,0,0,0,0,0,1,6,6,1,32,6,4500,2,10,ALEXANDER DENNIS MODEL MISSING,3,E01001082,0,3
2024010514638,2024,010514638,1,11,0,18,19,3,7,0,0,2,0,0,0,0,0,1,1,1,1,56,9,4500,2,10,ALEXANDER DENNIS MODEL MISSING,6,E01003398,0,2
2024501503529,2024,501503529,3,11,0,-1,19,3,7,-1,0,0,0,0,0,0,1,1,-1,7,1,30,6,6700,2,4,ALEXANDER DENNIS MODEL MISSING,2,E01034868,0,4