collision_index,collision_year,collision_ref_no,vehicle_reference,vehicle_type,towing_and_articulation,vehicle_manoeuvre_historic,vehicle_manoeuvre,vehicle_direction_from,vehicle_direction_to,vehicle_location_restricted_lane_historic,vehicle_location_restricted_lane,junction_location,skidding_and_overturning,hit_object_in_carriageway,vehicle_leaving_carriageway,hit_object_off_carriageway,first_point_of_impact,vehicle_left_hand_drive,journey_purpose_of_driver_historic,journey_purpose_of_driver,sex_of_driver,age_of_driver,age_band_of_driver,engine_capacity_cc,propulsion_code,age_of_vehicle,generic_make_model,driver_imd_decile,lsoa_of_driver,escooter_flag,driver_distance_banding
2024351405174,2024,351405174,3,11,0,-1,19,5,1,-1,0,0,0,0,0,0,1,1,-1,1,1,55,8,6700,2,12,ALEXANDER DENNIS MODEL MISSING,2,E01033182,0,1
2024471499090,2024,471499090,1,11,0,-1,19,7,3,-1,0,0,0,0,0,0,1,1,-1,1,1,61,9,6700,2,0,ALEXANDER DENNIS MODEL MISSING,6,E01021080,0,1
2024111479068,2024,111479068,2,11,0,-1,19,4,8,-1,0,8,0,0,0,0,4,1,-1,1,1,57,9,4500,2,2,ALEXANDER DENNIS MODEL MISSING,3,E01020667,0,3
2024201513036,2024,201513036,2,11,0,-1,7,2,4,-1,0,6,0,0,0,0,3,1,-1,6,1,61,9,4500,2,9,ALEXANDER DENNIS MODEL MISSING,1,E01009363,0,1
2024340WN6962,2024,340WN6962,3,11,0,-1,19,5,1,-1,0,0,0,0,0,0,2,1,-1,6,1,49,8,6700,2,8,ALEXANDER DENNIS MODEL MISSING,8,E01032966,0,4
2024411415339,2024,411415339,1,11,0,-1,2,0,0,-1,0,1,0,0,0,0,2,1,-1,1,1,61,9,4500,2,14,ALEXANDER DENNIS MODEL MISSING,4,E01033834,0,3
2024622400430,2024,622400430,1,11,0,4,4,6,2,0,0,0,0,0,0,0,0,1,1,1,1,40,7,6700,2,8,ALEXANDER DENNIS MODEL MISSING,3,W01001235,0,2
2024461393694,2024,461393694,8,9,0,-1,4,4,8,-1,0,0,0,0,0,0,3,1,-1,9,1,50,8,1991,2,13,CHEVROLET CAPTIVA,3,E01021864,0,4
2024131400420,2024,131400420,2,9,0,-1,5,4,8,-1,0,8,0,0,0,0,4,1,-1,9,1,35,6,2231,2,12,CHEVROLET CAPTIVA,2,E01011028,0,1
2024451399940,2024,451399940,2,9,0,-1,5,6,2,-1,0,0,0,0,0,0,3,1,-1,6,1,45,7,1991,2,17,CHEVROLET CAPTIVA,-1,-1,0,-1
2024221419302,2024,221419302,2,9,0,-1,3,5,1,-1,0,8,0,0,0,0,1,9,-1,6,2,32,6,1991,2,13,CHEVROLET CAPTIVA,4,E01014015,0,3
2024430089288,2024,430089288,1,9,0,18,19,7,3,0,0,8,0,0,0,0,3,1,6,6,2,36,7,2231,2,11,CHEVROLET CAPTIVA,4,E01016455,0,1
2024131398306,2024,131398306,1,9,0,-1,19,5,1,-1,0,8,1,0,1,0,3,1,-1,6,1,45,7,2231,2,11,CHEVROLET CAPTIVA,3,E01011783,0,1
2024371487188,2024,371487188,1,9,0,-1,5,8,4,-1,0,4,0,0,0,0,0,9,-1,6,2,34,6,1991,2,14,CHEVROLET CAPTIVA,-1,-1,0,-1
2024211421008,2024,211421008,1,9,0,-1,-1,6,2,-1,-1,0,0,0,0,0,1,9,-1,-1,-1,-1,-1,2231,2,11,CHEVROLET CAPTIVA,-1,-1,0,-1
2024061398596,2024,061398596,1,9,-1,-1,-1,-1,-1,-1,-1,0,-1,-1,-1,0,-1,9,-1,6,3,-1,-1,1991,2,13,CHEVROLET CAPTIVA,-1,-1,0,-1
2024471493702,2024,471493702,1,9,0,-1,19,1,5,-1,0,2,0,0,0,0,1,1,-1,6,1,31,6,1991,2,14,CHEVROLET CAPTIVA,5,E01031403,0,1
2024302400426,2024,302400426,1,9,0,7,7,5,8,0,0,2,2,0,7,9,1,2,6,6,1,56,9,1991,2,13,CHEVROLET CAPTIVA,7,E01019718,0,1
2024461487975,2024,461487975,2,9,0,-1,19,3,7,-1,0,1,0,0,0,0,2,1,-1,9,2,37,7,1991,2,14,CHEVROLET CAPTIVA,3,E01032830,0,1
2024461411535,2024,461411535,1,9,0,-1,19,4,8,-1,0,2,2,0,0,0,4,1,-1,7,2,68,10,1991,2,15,CHEVROLET CAPTIVA,1,E01024563,0,1
2024221412045,2024,221412045,1,9,0,-1,19,3,7,-1,0,8,0,0,0,0,1,9,-1,6,2,42,7,2231,2,11,CHEVROLET CAPTIVA,5,E01028999,0,1
2024101411723,2024,101411723,2,9,0,-1,19,1,5,-1,0,8,0,0,0,0,1,1,-1,9,2,44,7,1991,2,15,CHEVROLET CAPTIVA,1,E01008596,0,1
2024201436022,2024,201436022,1,9,0,-1,19,6,2,-1,0,0,0,4,0,0,9,9,-1,6,1,-1,-1,2231,2,13,CHEVROLET CAPTIVA,-1,-1,0,-1
2024101467318,2024,101467318,2,9,0,-1,-1,-1,-1,-1,-1,0,-1,-1,-1,0,0,9,-1,9,1,63,9,2231,2,11,CHEVROLET CAPTIVA,6,E01008179,0,1
2024991579213,2024,991579213,1,9,0,-1,19,2,6,-1,0,1,0,0,0,0,1,1,-1,2,1,42,7,2231,2,10,CHEVROLET CAPTIVA,10,-1,0,1
2024031427676,2024,031427676,1,9,0,-1,15,5,2,-1,0,0,2,0,0,0,4,1,-1,9,2,44,7,1991,2,13,CHEVROLET CAPTIVA,6,E01025121,0,4
2024131439110,2024,131439110,1,9,0,-1,19,1,5,-1,0,1,1,0,0,0,4,1,-1,6,3,-1,-1,1991,2,14,CHEVROLET CAPTIVA,-1,-1,0,-1
2024522402267,2024,522402267,2,9,0,18,19,2,4,0,0,4,0,0,0,0,1,1,6,6,1,35,6,2231,2,12,CHEVROLET CAPTIVA,1,E01014834,0,1
2024201427530,2024,201427530,1,9,0,-1,12,4,8,-1,0,0,0,0,0,0,4,9,-1,1,1,27,6,1991,2,14,CHEVROLET CAPTIVA,2,E01009623,0,1
2024622400078,2024,622400078,1,9,0,18,19,2,6,0,0,0,0,0,0,0,1,1,2,2,1,36,7,2231,2,12,CHEVROLET CAPTIVA,1,W01000812,0,1
2024522402685,2024,522402685,2,9,0,18,19,1,5,0,0,8,0,0,0,0,1,1,6,6,2,32,6,1991,2,14,CHEVROLET CAPTIVA,6,E01014929,0,1
2024440318524,2024,440318524,2,90,0,9,9,7,3,0,0,8,0,0,0,0,2,1,6,6,1,56,9,2500,2,31,-1,5,E01020490,0,4
2024061502191,2024,061502191,1,9,0,-1,19,3,7,-1,0,0,0,0,0,0,1,1,-1,2,2,37,7,1598,1,10,CITROEN DS3,1,E01006207,0,1
2024332400772,2024,332400772,2,9,0,-1,19,7,3,-1,0,2,0,0,0,0,3,1,-1,6,3,-1,-1,1598,1,11,CITROEN DS3,-1,-1,0,-1
2024061515163,2024,061515163,1,9,0,-1,19,-1,-1,-1,0,0,0,0,0,0,3,1,-1,9,2,56,9,1598,1,11,CITROEN DS3,9,E01006314,0,1
2024031404414,2024,031404414,1,9,0,-1,19,8,4,-1,0,1,0,0,1,0,1,1,-1,9,2,40,7,1560,2,13,CITROEN DS3,3,E01019135,0,1
2024461399006,2024,461399006,1,9,0,-1,19,3,7,-1,0,0,0,0,1,7,4,9,-1,6,2,16,4,1598,1,12,CITROEN DS3,8,E01024761,0,1
2024041499584,2024,041499584,2,9,0,-1,2,5,5,-1,9,0,0,0,0,0,2,1,-1,6,-1,-1,-1,1598,1,11,CITROEN DS3,-1,-1,0,-1
2024401398425,2024,401398425,2,9,0,-1,19,5,1,-1,0,8,0,0,0,0,4,9,-1,2,2,57,9,1598,1,9,CITROEN DS3,3,E01015781,0,1
2024631518177,2024,631518177,2,9,0,-1,4,6,2,-1,0,1,0,0,0,0,2,1,-1,9,2,41,7,1560,2,12,CITROEN DS3,4,W01000656,0,1
2024430181683,2024,430181683,1,9,0,18,19,1,5,0,0,6,0,0,0,0,1,1,6,6,1,46,8,1598,1,11,CITROEN DS3,10,E01016624,0,1
2024430214386,2024,430214386,1,9,0,9,9,5,3,0,0,1,0,0,0,0,1,1,6,6,1,20,4,1560,2,11,CITROEN DS3,5,E01016771,0,1
2024122400742,2024,122400742,2,9,0,9,9,3,8,0,0,1,0,0,0,0,2,1,2,2,1,55,8,1560,2,12,CITROEN DS3,6,E01027628,0,1
2024421423651,2024,421423651,2,9,0,-1,19,3,7,-1,0,3,0,0,0,0,3,9,-1,6,2,44,7,1598,1,13,CITROEN DS3,7,E01015978,0,1
2024061501756,2024,061501756,1,9,0,-1,10,-1,-1,-1,0,8,1,0,0,0,4,1,-1,9,2,21,5,1598,1,10,CITROEN DS3,7,E01006302,0,1
2024041533742,2024,041533742,1,9,0,-1,19,5,1,-1,0,0,0,0,0,0,1,1,-1,9,1,22,5,1560,2,12,CITROEN DS3,1,E01025423,0,2
2024531487903,2024,531487903,1,9,0,-1,19,7,3,-1,0,0,1,0,7,0,1,1,-1,9,2,20,4,1598,1,14,CITROEN DS3,9,E01022429,0,4
2024401503888,2024,401503888,1,9,-1,-1,-1,-1,-1,-1,-1,-1,-1,-1,-1,0,-1,9,-1,6,1,58,9,1560,2,13,CITROEN DS3,2,E01033802,0,4
2024161456556,2024,161456556,2,9,0,-1,19,5,1,-1,0,0,0,0,0,0,2,1,-1,9,2,21,5,1199,1,11,CITROEN DS3,3,E01013231,0,1
2024440467232,2024,440467232,1,9,0,18,19,1,5,0,0,0,0,0,0,0,1,1,6,6,1,37,7,1560,2,12,CITROEN DS3,8,E01023089,0,4
2024332401257,2024,332401257,2,9,0,-1,11,1,5,-1,0,0,0,0,0,0,2,1,-1,9,1,22,5,1200,1,9,CITROEN DS3,9,E01025698,0,2
2024501510080,2024,501510080,1,9,0,-1,19,2,6,-1,0,1,0,0,0,0,1,1,-1,9,1,72,10,1598,1,10,CITROEN DS3,10,E01016601,0,5
2024302400629,2024,302400629,3,9,0,18,19,1,5,0,0,0,0,0,0,0,2,1,6,6,1,52,8,1560,2,10,CITROEN DS3,7,E01009646,0,4
2024141507658,2024,141507658,3,9,0,-1,2,0,0,-1,0,0,0,0,0,0,2,1,-1,6,-1,-1,-1,1560,2,10,CITROEN DS3,-1,-1,0,-1
2024131412889,2024,131412889,1,9,0,-1,9,1,3,-1,0,1,0,0,0,0,1,1,-1,6,2,29,6,1560,2,9,CITROEN DS3,2,E01011754,0,1
2024371407091,2024,371407091,2,9,0,-1,3,2,4,-1,0,0,0,0,0,0,2,1,-1,6,2,28,6,1598,1,13,CITROEN DS3,8,E01029890,0,1
2024041518834,2024,041518834,1,9,0,-1,4,5,1,-1,0,1,0,0,0,0,1,1,-1,2,2,52,8,1560,2,11,CITROEN DS3,2,E01006311,0,3
2024320495552,2024,320495552,1,9,0,-1,-1,4,8,0,0,2,5,0,7,0,3,1,6,6,1,17,4,1560,2,11,CITROEN DS3,9,E01034695,0,3
2024201479607,2024,201479607,1,9,0,-1,3,3,7,-1,0,0,0,0,0,0,1,9,-1,6,2,35,6,1598,1,11,CITROEN DS3,-1,-1,0,-1
2024041407421,2024,041407421,3,9,0,-1,2,0,0,-1,0,0,0,0,0,0,1,1,-1,6,-1,-1,-1,1598,1,12,CITROEN DS3,-1,-1,0,-1
2024311517102,2024,311517102,1,9,0,-1,19,5,7,-1,0,1,0,0,0,0,4,1,-1,2,1,31,6,1560,2,13,CITROEN DS3,1,E01028275,0,1
2024332400908,2024,332400908,2,9,0,-1,9,2,8,-1,0,6,0,0,0,0,3,1,-1,9,2,27,6,1598,1,11,CITROEN DS3,6,E01031178,0,3
2024131399568,2024,131399568,1,9,0,-1,19,5,1,-1,0,8,0,0,0,0,1,1,-1,2,2,32,6,1560,2,11,CITROEN DS3,1,E01010743,0,3
2024631430255,2024,631430255,2,9,0,-1,12,1,5,-1,0,8,0,0,0,0,1,2,-1,9,1,54,8,1560,2,14,CITROEN DS3,6,W01000598,0,1
202454C159424,2024,54C159424,2,9,0,18,19,5,2,0,0,1,0,0,7,11,4,1,6,6,1,21,5,1598,1,11,CITROEN DS3,9,E01032058,0,1
2024041422474,2024,041422474,1,9,0,-1,19,1,5,-1,0,0,0,0,0,0,1,9,-1,7,2,68,10,1560,2,13,CITROEN DS3,8,E01025277,0,1
2024451408300,2024,451408300,1,9,0,-1,19,2,6,-1,0,0,0,0,1,4,1,1,-1,2,1,22,5,1598,1,12,CITROEN DS3,8,E01030867,0,2
2024201421396,2024,201421396,1,9,0,-1,7,4,7,-1,0,5,0,10,1,0,4,9,-1,6,2,-1,-1,1560,2,13,CITROEN DS3,-1,-1,0,-1
2024522402763,2024,522402763,2,9,0,18,19,7,3,0,0,1,0,0,0,0,1,1,6,6,1,23,5,1598,1,10,CITROEN DS3,2,E01033347,0,1
2024101443946,2024,101443946,1,9,0,-1,19,3,7,-1,0,1,0,0,0,0,4,1,-1,9,1,45,7,1560,2,12,CITROEN DS3,-1,-1,0,-1
2024320669545,2024,320669545,1,9,0,-1,-1,2,6,0,0,2,0,0,0,7,1,1,-1,-1,1,39,7,1598,1,11,CITROEN DS3,6,E01015620,0,3
2024010537962,2024,010537962,2,9,0,99,99,9,9,99,99,9,9,99,9,99,2,9,6,6,3,-1,-1,1598,1,10,CITROEN DS3,-1,-1,0,-1
2024201454951,2024,201454951,1,9,0,-1,19,8,4,-1,0,0,0,0,0,0,0,1,-1,6,1,42,7,1560,2,11,CITROEN DS3,-1,-1,0,-1
2024340WN5992,2024,340WN5992,2,9,0,-1,10,5,2,-1,0,1,0,0,0,0,2,1,-1,9,2,22,5,1598,1,14,CITROEN DS3,10,E01035405,0,2
2024501405725,2024,501405725,3,9,0,-1,19,7,3,-1,0,0,1,0,1,9,4,1,-1,9,1,23,5,1560,2,11,CITROEN DS3,6,E01019942,0,1
2024552401350,2024,552401350,3,9,0,5,5,5,1,0,0,8,0,0,0,0,1,1,6,6,1,69,10,1200,1,9,CITROEN DS3,7,E01015418,0,2
2024031522836,2024,031522836,1,9,0,-1,19,8,2,-1,0,1,0,0,0,0,1,1,-1,6,1,89,11,1560,2,11,CITROEN DS3,-1,-1,0,-1
2024070633607,2024,070633607,1,9,0,5,5,7,3,0,0,2,0,0,0,0,1,1,2,2,2,50,8,1598,1,11,CITROEN DS3,3,E01012505,0,1
2024010532724,2024,010532724,1,9,0,7,7,6,7,0,0,5,0,0,0,0,1,1,6,6,3,-1,-1,1598,1,12,CITROEN DS3,-1,-1,0,-1
2024461532135,2024,461532135,1,9,0,-1,15,6,2,-1,0,0,0,0,0,0,3,1,-1,6,1,60,9,1600,1,9,CITROEN DS3,6,E01024052,0,3
2024461504476,2024,461504476,2,9,0,-1,4,7,1,-1,0,1,0,0,0,0,1,1,-1,9,2,60,9,1560,2,12,CITROEN DS3,5,E01024065,0,1
2024361404094,2024,361404094,2,9,0,-1,19,7,3,-1,0,8,0,11,0,0,1,9,-1,9,2,18,4,1560,2,11,CITROEN DS3,6,E01026615,0,2
2024010518064,2024,010518064,1,9,0,99,99,9,9,99,99,9,9,99,9,99,9,9,6,6,2,40,7,1598,1,10,CITROEN DS3,3,E01000088,0,1
2024461447915,2024,461447915,2,9,0,-1,19,5,1,-1,0,0,0,0,0,0,1,1,-1,2,1,29,6,1598,1,10,CITROEN DS3,2,E01024128,0,3
2024201488624,2024,201488624,1,9,0,-1,19,6,2,-1,0,0,1,10,1,1,1,1,-1,9,2,19,4,1598,1,11,CITROEN DS3,1,E01009128,0,2
2024311418732,2024,311418732,1,9,0,-1,10,1,3,-1,0,1,0,0,0,0,1,9,-1,9,2,35,6,1560,2,12,CITROEN DS3,-1,-1,0,-1
2024311410955,2024,311410955,2,9,0,-1,11,8,4,-1,0,3,0,0,0,0,0,9,-1,6,2,39,7,1598,1,12,CITROEN DS3,2,E01013858,0,1
2024211479771,2024,211479771,1,9,0,-1,19,3,2,-1,0,0,0,0,0,0,1,1,-1,9,1,23,5,1560,2,10,CITROEN DS3,5,E01029852,0,1
2024320414000,2024,320414000,2,9,0,2,2,0,0,0,0,0,0,0,0,0,2,1,6,6,2,60,9,1598,1,12,CITROEN DS3,-1,-1,0,-1
2024131424054,2024,131424054,1,9,0,-1,19,5,1,-1,0,8,0,0,0,0,1,1,-1,9,2,46,8,1598,1,10,CITROEN DS3,2,E01011061,0,1
202417M216724,2024,17M216724,1,9,0,-1,19,6,2,-1,0,0,0,0,0,0,1,1,-1,2,2,42,7,1560,2,10,CITROEN DS3,1,E01012090,0,1
2024351449983,2024,351449983,2,9,0,-1,19,5,1,-1,0,1,0,0,0,0,1,1,-1,6,2,48,8,1560,2,11,CITROEN DS3,9,E01022081,0,3
2024461445759,2024,461445759,1,9,0,-1,19,6,2,-1,0,8,0,0,0,0,1,1,-1,6,2,19,4,1560,2,11,CITROEN DS3,10,E01024326,0,1
2024010529494,2024,010529494,1,9,0,99,99,9,9,0,0,9,9,99,9,99,2,9,6,6,2,23,5,1598,1,13,CITROEN DS3,6,E01030260,0,5
2024471474890,2024,471474890,2,9,0,-1,4,5,1,-1,0,0,0,0,0,0,3,1,-1,6,2,61,9,1598,1,10,CITROEN DS3,5,E01031501,0,1
2024061478358,2024,061478358,2,9,0,-1,2,7,3,-1,0,1,0,0,0,0,4,1,-1,6,-1,-1,-1,1598,1,10,CITROEN DS3,-1,-1,0,-1
2024440525187,2024,440525187,2,9,0,18,19,8,4,0,0,0,0,0,0,0,1,1,6,6,2,25,5,1560,2,10,CITROEN DS3,7,E01034716,0,1
2024461481125,2024,461481125,2,9,0,-1,4,5,1,-1,0,1,0,0,0,0,2,1,-1,9,2,64,9,1560,2,13,CITROEN DS3,3,E01024715,0,1
2024311458558,2024,311458558,1,9,0,-1,19,7,3,-1,-1,0,0,0,1,0,1,1,-1,6,2,23,5,1560,2,9,CITROEN DS3,3,E01028258,0,3
2024320277966,2024,320277966,2,9,0,-1,-1,3,7,0,0,8,0,0,1,10,3,1,6,6,1,25,5,1598,1,12,CITROEN DS3,6,E01026247,0,1
2024332400007,2024,332400007,2,9,0,-1,2,0,0,-1,0,0,0,0,0,0,2,1,-1,6,1,19,4,1560,2,13,CITROEN DS3,5,E01032603,0,1
2024052401499,2024,052401499,1,9,0,18,19,6,2,0,0,4,0,0,0,0,1,1,6,6,1,18,4,1598,1,12,CITROEN DS3,10,E01018653,0,4
2024211488763,2024,211488763,2,9,0,-1,19,3,7,-1,0,1,0,0,0,0,1,1,-1,6,2,22,5,1598,1,12,CITROEN DS3,-1,-1,0,-1
2024351530589,2024,351530589,2,9,0,-1,-1,-1,-1,-1,-1,-1,-1,-1,-1,0,4,1,-1,6,2,33,6,1560,2,11,CITROEN DS3,5,E01018082,0,1
2024101424830,2024,101424830,1,9,0,-1,5,1,1,-1,0,0,0,0,0,0,1,9,-1,6,1,45,7,1560,2,13,CITROEN DS3,-1,-1,0,-1
2024471521996,2024,471521996,2,9,0,-1,19,3,7,-1,0,1,0,0,0,0,3,1,-1,6,2,49,8,1560,2,11,CITROEN DS3,4,E01031548,0,1
2024501461669,2024,501461669,2,9,0,-1,3,3,7,-1,0,1,0,0,0,0,2,9,-1,9,1,33,6,1560,2,13,CITROEN DS3,1,E01018868,0,2
2024430608173,2024,430608173,1,9,0,9,9,6,4,0,0,5,0,0,0,0,4,1,6,6,2,39,7,1598,1,10,CITROEN DS3,7,E01034465,0,1
2024440543427,2024,440543427,2,9,0,18,19,3,7,0,0,3,0,0,0,0,1,1,6,6,2,-1,-1,1560,2,12,CITROEN DS3,-1,-1,0,-1
2024122500087,2024,122500087,1,9,0,4,4,7,3,0,0,1,0,0,0,0,1,1,6,6,1,37,7,1560,2,10,CITROEN DS3,3,E01027810,0,1
2024461412223,2024,461412223,1,9,0,-1,19,1,5,-1,0,1,0,0,0,0,1,1,-1,1,1,37,7,1560,2,12,CITROEN DS3,1,E01024496,0,3
2024411447107,2024,411447107,2,9,0,-1,3,1,5,-1,0,1,9,99,0,0,2,9,-1,6,2,24,5,1598,1,13,CITROEN DS3,5,E01023827,0,2
2024351539880,2024,351539880,2,9,0,-1,2,0,0,-1,0,0,0,0,0,0,2,1,-1,6,-1,-1,-1,1560,2,10,CITROEN DS3,-1,-1,0,-1
202417S206924,2024,17S206924,1,9,0,-1,19,2,5,-1,0,5,0,0,0,0,3,1,-1,2,1,27,6,1598,1,12,CITROEN DS3,3,E01012292,0,2
2024031430630,2024,031430630,1,9,0,-1,19,5,1,-1,0,0,1,0,0,0,1,1,-1,9,1,27,6,1598,1,14,CITROEN DS3,3,E01019171,0,1
2024221406703,2024,221406703,1,9,0,-1,19,4,1,-1,0,0,1,0,8,4,1,1,-1,2,2,21,5,1598,1,12,CITROEN DS3,4,E01028876,0,1
2024531512157,2024,531512157,1,9,0,-1,9,1,7,-1,0,1,0,0,0,0,4,1,-1,2,1,35,6,1560,2,10,CITROEN DS3,9,E01025669,0,4
2024302401739,2024,302401739,1,9,0,4,4,1,5,0,0,0,0,0,0,0,2,1,6,6,2,60,9,1560,2,11,CITROEN DS3,8,E01025959,0,3
2024622400591,2024,622400591,1,9,0,2,2,0,0,0,0,2,0,0,0,0,1,1,6,6,1,22,5,1598,1,11,CITROEN DS3,1,W01001876,0,1
2024302401366,2024,302401366,1,9,0,18,19,7,3,0,0,0,0,0,1,4,4,1,6,6,2,30,6,1560,2,12,CITROEN DS3,8,E01029458,0,1
2024440352741,2024,440352741,2,9,0,18,19,1,5,0,0,1,0,0,0,0,1,1,6,6,3,-1,-1,1598,1,12,CITROEN DS3,-1,-1,0,-1
2024131521394,2024,131521394,1,9,0,-1,19,1,3,-1,0,0,0,0,1,0,1,1,-1,6,2,20,4,1598,1,13,CITROEN DS3,4,E01034262,0,1
2024071050489,2024,071050489,2,9,0,-1,9,1,7,-1,0,5,0,0,0,0,3,1,-1,6,2,33,6,1200,1,9,CITROEN DS3,3,E01007297,0,3
2024201442886,2024,201442886,2,9,0,-1,5,4,8,-1,0,8,0,0,0,0,1,1,-1,1,1,46,8,1598,1,13,CITROEN DS3,4,E01025907,0,4
2024041527431,2024,041527431,1,9,0,-1,9,6,2,-1,0,1,0,0,0,0,1,1,-1,9,1,61,9,1598,1,10,CITROEN DS3,2,E01012694,0,1
2024461469999,2024,461469999,1,9,0,-1,6,4,4,-1,0,0,0,0,0,0,1,1,-1,6,3,24,5,1598,1,14,CITROEN DS3,-1,-1,0,-1
2024122401059,2024,122401059,2,9,0,3,3,1,5,0,0,1,0,0,1,9,2,1,6,6,1,22,5,1200,1,9,CITROEN DS3,6,E01027636,0,2
2024010512545,2024,010512545,2,9,0,99,99,9,9,99,99,9,9,99,9,99,9,9,6,6,3,-1,-1,1598,1,10,CITROEN DS3,-1,-1,0,-1
2024522401767,2024,522401767,1,9,0,9,9,8,6,0,0,5,0,0,0,0,4,1,6,6,2,35,6,1598,1,14,CITROEN DS3,1,E01014517,0,2
2024131467639,2024,131467639,1,9,0,-1,9,1,5,-1,0,8,0,0,0,0,1,1,-1,9,2,26,6,1598,1,13,CITROEN DS3,7,E01011329,0,1
2024340WN0912,2024,340WN0912,1,9,0,-1,19,6,2,-1,0,1,0,0,0,0,1,1,-1,9,2,40,7,1560,2,13,CITROEN DS3,6,E01027029,0,3
2024131517476,2024,131517476,1,9,0,-1,-1,-1,-1,-1,-1,0,-1,-1,-1,-1,-1,1,-1,9,1,41,7,1560,2,11,CITROEN DS3,5,E01010668,0,1
2024061513302,2024,061513302,1,9,0,-1,5,6,3,-1,0,1,0,0,0,0,1,1,-1,6,2,51,8,1560,2,11,CITROEN DS3,2,E01005678,0,2
2024052400729,2024,052400729,1,9,0,18,19,7,3,0,0,1,0,0,0,0,1,1,6,6,2,38,7,1199,1,9,CITROEN DS3,1,E01007271,0,1
2024231468907,2024,231468907,2,9,0,-1,19,3,7,-1,0,0,1,0,0,0,1,1,-1,9,1,18,4,1560,2,11,CITROEN DS3,1,E01010845,0,5
2024631469952,2024,631469952,2,9,0,-1,19,1,5,-1,0,8,0,0,0,0,1,1,-1,9,2,40,7,1560,2,10,CITROEN DS3,3,W01000705,0,1
2024211489788,2024,211489788,1,9,0,-1,1,6,5,-1,-1,0,0,0,0,0,0,1,-1,9,1,77,11,1598,1,11,CITROEN DS3,-1,-1,0,-1
2024010533141,2024,010533141,4,9,0,18,19,5,1,0,0,8,0,0,0,0,1,1,6,6,1,29,6,1598,1,11,CITROEN DS3,4,E01003180,0,1
2024161456249,2024,161456249,1,9,0,-1,19,7,3,-1,0,0,0,0,1,11,1,1,-1,6,2,26,6,1560,2,14,CITROEN DS3,6,E01013270,0,3
202417M111624,2024,17M111624,1,9,0,-1,19,7,3,-1,0,0,0,0,0,0,2,1,-1,2,1,45,7,1560,2,11,CITROEN DS3,4,E01012157,0,3
2024111539686,2024,111539686,1,9,0,-1,19,2,6,-1,0,0,0,0,0,0,1,1,-1,6,1,22,5,1199,1,9,CITROEN DS3,8,E01008783,0,3
2024302401543,2024,302401543,2,9,0,5,5,5,8,0,0,1,0,0,0,0,1,1,2,2,1,25,5,1598,1,10,CITROEN DS3,9,E01019671,0,1
2024471481149,2024,471481149,2,9,0,-1,19,7,3,-1,0,8,0,0,0,0,1,1,-1,9,1,31,6,1598,1,11,CITROEN DS3,2,E01021049,0,3
2024430577685,2024,430577685,1,9,0,18,19,5,1,0,0,0,0,0,2,4,1,1,6,6,1,35,6,1560,2,9,CITROEN DS3,4,E01032013,0,4
2024141441651,2024,141441651,1,9,0,-1,19,1,5,-1,0,2,0,0,0,0,1,1,-1,9,2,57,9,1560,2,13,CITROEN DS3,1,E01007730,0,1
2024332400375,2024,332400375,2,9,0,-1,19,1,5,-1,0,6,0,0,1,9,3,1,-1,9,2,54,8,1560,2,13,CITROEN DS3,5,E01025875,0,3
2024451420715,2024,451420715,1,9,0,-1,19,2,6,-1,0,0,0,0,0,0,4,1,-1,7,1,17,4,1560,2,12,CITROEN DS3,10,E01030394,0,1
2024501397379,2024,501397379,3,9,0,-1,3,5,1,-1,0,0,0,0,0,0,2,1,-1,9,2,45,7,1560,2,12,CITROEN DS3,1,E01015026,0,1
2024311413857,2024,311413857,2,9,0,-1,7,4,6,-1,0,0,0,0,0,0,1,1,-1,2,2,38,7,1598,1,12,CITROEN DS3,-1,-1,0,-1
2024320130471,2024,320130471,1,9,0,-1,-1,6,2,0,0,1,0,0,0,0,1,1,-1,-1,1,57,9,1560,2,11,CITROEN DS3,8,E01026291,0,1
2024221430288,2024,221430288,1,9,0,-1,19,7,2,-1,0,0,1,0,0,0,1,1,-1,1,1,34,6,1598,1,10,CITROEN DS3,10,E01028972,0,4
2024461457384,2024,461457384,2,9,0,-1,3,2,4,-1,0,0,1,0,0,0,2,9,-1,9,2,41,7,1200,1,9,CITROEN DS3,5,E01024546,0,1
2024440090791,2024,440090791,3,9,0,18,19,8,4,0,0,0,0,0,0,0,1,1,2,2,2,24,5,1598,1,13,CITROEN DS3,6,E01023081,0,4
2024041438361,2024,041438361,1,9,0,-1,19,8,4,-1,0,0,1,0,2,11,1,1,-1,6,1,85,11,1200,1,9,CITROEN DS3,4,E01025605,0,1
2024361485344,2024,361485344,3,9,0,-1,3,7,3,-1,0,0,0,4,0,0,2,1,-1,1,2,57,9,1560,2,11,CITROEN DS3,7,E01026536,0,1