collision_index,collision_year,collision_ref_no,vehicle_reference,vehicle_type,towing_and_articulation,vehicle_manoeuvre_historic,vehicle_manoeuvre,vehicle_direction_from,vehicle_direction_to,vehicle_location_restricted_lane_historic,vehicle_location_restricted_lane,junction_location,skidding_and_overturning,hit_object_in_carriageway,vehicle_leaving_carriageway,hit_object_off_carriageway,first_point_of_impact,vehicle_left_hand_drive,journey_purpose_of_driver_historic,journey_purpose_of_driver,sex_of_driver,age_of_driver,age_band_of_driver,engine_capacity_cc,propulsion_code,age_of_vehicle,generic_make_model,driver_imd_decile,lsoa_of_driver,escooter_flag,driver_distance_banding
2024451480071,2024,451480071,1,9,0,-1,19,7,3,-1,0,1,1,0,2,7,1,1,-1,6,1,32,6,1598,1,14,CITROEN DS3,7,E01030968,0,1
2024211407320,2024,211407320,1,9,0,-1,19,5,1,-1,0,0,0,0,0,0,1,1,-1,6,1,25,5,1598,1,11,CITROEN DS3,9,E01029565,0,4
2024610006624,2024,610006624,1,9,0,3,3,5,1,0,0,4,0,0,0,0,2,1,6,6,1,36,7,1560,2,11,CITROEN DS3,2,E01032062,0,4
2024141432335,2024,141432335,2,9,0,-1,19,7,3,-1,0,2,0,0,0,0,2,1,-1,9,1,33,6,1598,1,12,CITROEN DS3,4,E01007964,0,1
2024201537900,2024,201537900,2,9,0,-1,19,5,1,-1,0,0,0,0,0,0,1,1,-1,6,2,28,6,1560,2,9,CITROEN DS3,2,E01010406,0,1
2024320211568,2024,320211568,2,9,0,-1,-1,4,8,6,6,8,0,0,0,0,4,1,-1,-1,1,60,9,1560,2,11,CITROEN DS3,8,E01026200,0,1
2024552401300,2024,552401300,2,9,0,4,4,2,6,0,0,0,0,0,0,0,2,1,6,6,2,31,6,1598,1,11,CITROEN DS3,5,E01015274,0,1
2024311478391,2024,311478391,1,9,0,-1,-1,-1,-1,-1,-1,-1,-1,-1,-1,0,-1,1,-1,6,1,53,8,1560,2,12,CITROEN DS3,-1,-1,0,-1
2024520500397,2024,520500397,1,9,0,18,19,2,6,0,0,0,0,0,0,0,1,1,6,6,2,20,4,1560,2,11,CITROEN DS3,8,E01029129,0,3
2024311441478,2024,311441478,1,9,0,-1,3,5,1,-1,0,1,0,0,0,0,4,1,-1,6,2,40,7,1560,2,11,CITROEN DS3,-1,-1,0,-1
2024430437896,2024,430437896,1,9,-1,18,19,5,1,0,0,0,0,0,0,0,2,-1,2,2,2,51,8,1598,1,13,CITROEN DS3,8,E01034450,0,2
202460Q052339,2024,60Q052339,2,9,0,3,3,1,5,0,0,0,0,0,0,0,2,1,1,1,2,38,7,1560,2,12,CITROEN DS3,-1,-1,0,-1
2024161462379,2024,161462379,1,9,0,-1,19,1,5,-1,0,1,1,10,0,0,4,1,-1,2,1,28,6,1598,1,11,CITROEN DS3,2,E01013315,0,1
2024991422098,2024,991422098,1,9,0,-1,7,8,6,-1,0,4,0,0,0,0,1,1,-1,6,2,53,8,1560,2,9,CITROEN DS3,3,-1,0,3
202460Q171821,2024,60Q171821,4,9,0,18,19,8,3,0,0,0,0,0,0,0,0,1,6,6,2,20,4,1598,1,10,CITROEN DS3,-1,-1,0,-1
2024201463967,2024,201463967,1,9,0,-1,5,7,5,-1,0,6,0,0,0,0,4,1,-1,9,2,35,6,1598,1,11,CITROEN DS3,5,E01009561,0,1
2024010496505,2024,010496505,1,9,0,18,19,3,7,0,0,8,0,0,0,0,4,1,6,6,1,22,5,1598,1,13,CITROEN DS3,6,E01034485,0,3
2024131483856,2024,131483856,1,9,0,-1,19,3,7,-1,9,1,0,0,7,4,1,1,-1,2,1,29,6,1560,2,12,CITROEN DS3,5,E01011226,0,1
2024471440496,2024,471440496,2,9,0,-1,19,3,7,-1,0,8,0,0,0,0,3,1,-1,6,2,31,6,1598,1,14,CITROEN DS3,5,E01031806,0,4
2024501524409,2024,501524409,2,9,0,-1,19,6,2,-1,0,0,0,0,0,0,1,2,-1,6,1,51,8,1199,1,10,CITROEN DS3,4,E01018962,0,3
2024041496561,2024,041496561,2,9,0,-1,4,3,7,-1,0,0,0,0,0,0,2,1,-1,6,2,-1,-1,1560,2,12,CITROEN DS3,8,E01024901,0,1
2024361443473,2024,361443473,1,9,0,-1,9,7,7,-1,0,0,0,0,0,0,1,1,-1,9,1,32,6,1598,1,12,CITROEN DS3,2,E01033040,0,2
2024991489264,2024,991489264,1,9,0,-1,19,8,4,-1,0,0,0,0,0,0,3,1,-1,9,2,42,7,1598,1,10,CITROEN DS3,5,-1,0,1
2024311525768,2024,311525768,3,9,0,-1,3,1,5,-1,0,0,0,0,0,0,2,1,-1,2,2,53,8,1560,2,10,CITROEN DS3,8,E01010161,0,4
2024411545684,2024,411545684,1,9,0,-1,19,4,1,-1,0,3,0,0,0,0,4,1,-1,2,1,27,6,1598,1,11,CITROEN DS3,7,E01023888,0,3
2024201417332,2024,201417332,1,9,0,-1,5,8,6,-1,0,6,0,0,0,0,1,1,-1,2,2,30,6,1598,1,10,CITROEN DS3,7,E01009170,0,1
2024141534786,2024,141534786,1,9,0,-1,9,1,4,-1,0,0,0,0,0,0,1,1,-1,9,2,41,7,1598,1,10,CITROEN DS3,1,E01007531,0,1
2024411508016,2024,411508016,1,9,0,-1,1,2,6,-1,-1,0,0,0,0,0,2,9,-1,9,1,32,6,1598,1,10,CITROEN DS3,4,E01023387,0,1
2024411468885,2024,411468885,1,9,0,-1,5,5,1,-1,0,0,0,0,0,0,1,1,-1,6,1,19,4,1598,1,10,CITROEN DS3,7,E01023960,0,2
2024451400107,2024,451400107,2,9,0,-1,2,0,0,-1,0,2,0,0,0,0,2,1,-1,6,-1,-1,-1,1598,1,12,CITROEN DS3,-1,-1,0,-1
2024131425501,2024,131425501,1,9,0,-1,19,4,8,-1,0,8,0,0,7,0,1,1,-1,9,1,45,7,1560,2,11,CITROEN DS3,2,E01011594,0,2
2024231429932,2024,231429932,1,9,0,-1,19,3,8,-1,0,0,0,0,7,4,1,1,-1,9,2,29,6,1560,2,13,CITROEN DS3,9,E01031184,0,2
2024201473335,2024,201473335,2,9,0,-1,4,8,4,-1,0,0,0,0,0,0,2,1,-1,6,2,20,4,1560,2,13,CITROEN DS3,-1,-1,0,-1
2024061518996,2024,061518996,1,9,0,-1,7,1,4,-1,0,0,0,0,0,0,1,1,-1,6,2,26,6,1560,2,12,CITROEN DS3,-1,-1,0,-1
2024440398241,2024,440398241,1,9,0,18,19,2,6,0,0,0,0,0,0,0,1,1,6,6,2,51,8,1598,1,11,CITROEN DS3,7,E01034722,0,1
2024201413537,2024,201413537,1,9,0,-1,19,4,6,-1,0,8,0,10,7,10,4,9,-1,2,1,27,6,1560,2,11,CITROEN DS3,3,E01009268,0,2
2024340NN2412,2024,340NN2412,2,9,0,-1,19,5,1,-1,0,1,0,0,0,0,1,1,-1,6,2,38,7,1598,1,11,CITROEN DS3,6,E01032970,0,2
2024211536336,2024,211536336,1,9,0,-1,19,5,1,-1,0,0,5,10,1,0,3,1,-1,6,2,81,11,1598,1,12,CITROEN DS3,9,E01029718,0,1
2024522402493,2024,522402493,2,9,0,18,19,1,5,0,0,0,0,0,0,0,3,1,6,6,3,-1,-1,1598,1,13,CITROEN DS3,-1,-1,0,-1
2024101397456,2024,101397456,2,9,0,-1,19,1,5,-1,0,8,0,0,0,0,1,2,-1,1,2,35,6,1200,1,9,CITROEN DS3,2,E01008217,0,1
2024320679114,2024,320679114,1,9,0,-1,-1,2,6,0,0,0,0,0,0,0,1,1,6,6,2,22,5,1598,1,13,CITROEN DS3,4,E01026317,0,4
2024546866424,2024,546866424,2,9,0,18,19,3,7,0,0,3,0,0,0,0,1,1,1,1,2,27,6,1598,1,11,CITROEN DS3,10,E01031907,0,1
2024131477793,2024,131477793,1,9,0,-1,19,3,7,-1,0,0,0,0,0,0,1,1,-1,9,2,30,6,1560,2,12,CITROEN DS3,3,E01010825,0,2
2024631528955,2024,631528955,2,9,0,-1,19,2,6,-1,0,0,0,0,0,0,1,1,-1,2,2,22,5,1598,1,14,CITROEN DS3,1,W01001301,0,3
2024401465206,2024,401465206,1,9,0,-1,9,-1,-1,-1,0,1,0,0,0,0,4,9,-1,6,2,39,7,1560,2,11,CITROEN DS3,4,E01015711,0,1
2024041511486,2024,041511486,1,9,0,-1,19,5,1,-1,0,0,1,0,5,6,1,1,-1,9,2,23,5,1560,2,14,CITROEN DS3,6,E01006216,0,3
2024201494309,2024,201494309,1,9,0,-1,19,8,4,-1,0,0,1,10,1,2,1,1,-1,9,2,34,6,1598,1,12,CITROEN DS3,1,E01010443,0,1
2024161522229,2024,161522229,1,9,0,-1,14,2,6,-1,0,0,0,0,0,0,1,1,-1,9,2,74,10,1598,1,13,CITROEN DS3,8,E01013055,0,1
2024131459055,2024,131459055,1,9,0,-1,19,1,1,-1,0,8,0,0,8,0,1,1,-1,9,1,30,6,1397,1,12,CITROEN DS3,1,E01010623,0,2
2024201440975,2024,201440975,1,9,0,-1,-1,1,5,-1,-1,0,0,2,0,0,1,1,-1,-1,2,34,6,1560,2,12,CITROEN DS3,10,E01029662,0,3
2024471457789,2024,471457789,2,9,0,-1,19,3,7,-1,0,1,0,0,1,0,4,1,-1,6,2,26,6,1598,1,12,CITROEN DS3,8,E01020987,0,4
2024201532015,2024,201532015,1,9,0,-1,19,8,4,-1,0,0,0,0,0,0,3,1,-1,2,2,20,4,1397,1,13,CITROEN DS3,6,E01010013,0,1
2024543151424,2024,543151424,1,9,0,18,19,2,6,0,0,1,0,0,8,2,1,1,6,6,1,19,4,1560,2,13,CITROEN DS3,10,E01032707,0,1
2024501519246,2024,501519246,1,9,0,-1,19,7,3,-1,0,0,0,0,0,0,1,1,-1,2,1,37,7,1598,1,14,CITROEN DS3,-1,-1,0,-1
2024991441044,2024,991441044,1,9,0,-1,19,5,1,-1,0,0,1,0,7,9,4,1,-1,1,1,40,7,1560,2,12,CITROEN DS3,-1,-1,0,-1
2024201519284,2024,201519284,1,9,0,-1,19,1,5,-1,0,0,0,0,0,0,1,9,-1,6,1,28,6,1560,2,10,CITROEN DS3,4,E01009245,0,1
2024520403048,2024,520403048,1,9,0,13,13,6,2,0,0,0,0,0,0,0,1,1,6,6,1,38,7,1598,1,10,CITROEN DS3,2,E01017156,0,4
2024201440983,2024,201440983,2,9,0,-1,19,1,5,-1,0,8,0,10,7,0,4,1,-1,2,2,61,9,1200,1,9,CITROEN DS3,7,E01010034,0,2
2024991408234,2024,991408234,1,9,0,-1,19,7,4,-1,0,0,0,0,0,0,1,1,-1,9,1,41,7,1598,1,13,CITROEN DS3,3,-1,0,3
2024201403158,2024,201403158,3,9,0,-1,4,3,7,-1,0,0,0,0,0,0,2,1,-1,2,1,46,8,1560,2,14,CITROEN DS3,4,E01009235,0,2
2024131531208,2024,131531208,1,9,0,-1,9,3,1,-1,0,1,0,0,0,0,4,1,-1,6,2,38,7,1598,1,12,CITROEN DS3,7,E01011630,0,1
2024440388174,2024,440388174,1,9,0,18,19,1,5,0,0,0,5,0,1,10,0,1,2,2,1,42,7,1598,1,10,CITROEN DS3,4,W01000603,0,5
2024311427084,2024,311427084,2,9,0,-1,9,7,7,-1,0,0,0,0,1,0,2,1,-1,1,2,42,7,1560,2,11,CITROEN DS3,7,E01028048,0,1
2024010492668,2024,010492668,1,9,0,18,19,5,1,0,0,2,5,4,0,0,1,1,6,6,2,50,8,1598,1,11,CITROEN DS3,3,E01001892,0,1
2024332401092,2024,332401092,2,9,0,-1,19,2,6,-1,0,0,0,0,0,0,1,1,-1,6,1,25,5,1598,1,14,CITROEN DS3,4,E01013714,0,1
2024122500425,2024,122500425,2,9,0,18,19,3,8,0,0,8,0,0,0,0,1,1,6,6,1,76,11,1560,2,12,CITROEN DS3,5,E01027599,0,1
2024010509483,2024,010509483,2,9,9,99,99,9,9,99,99,9,9,99,9,99,9,9,6,6,3,-1,-1,1560,2,10,CITROEN DS3,-1,-1,0,-1
2024302401428,2024,302401428,2,9,0,7,7,7,1,0,0,2,1,0,0,0,1,1,2,2,2,30,6,1598,1,12,CITROEN DS3,-1,-1,0,-1
2024361451864,2024,361451864,1,9,0,-1,10,3,7,-1,0,1,0,0,0,0,3,1,-1,6,1,50,8,1200,1,9,CITROEN DS3,6,E01026486,0,1
2024061515335,2024,061515335,3,9,0,-1,19,3,7,-1,0,1,0,11,0,0,1,1,-1,6,-1,-1,-1,1199,1,10,CITROEN DS3,-1,-1,0,-1
2024541546424,2024,541546424,2,9,0,4,4,7,3,0,0,0,0,0,0,0,2,1,6,6,2,53,8,1598,1,10,CITROEN DS3,9,E01015501,0,1
2024340NN0692,2024,340NN0692,2,11,0,-1,19,8,4,-1,0,2,0,0,0,0,1,1,-1,6,1,32,6,8400,2,59,-1,2,E01027128,0,1
2024471407001,2024,471407001,1,9,0,-1,19,2,6,-1,0,0,0,0,0,0,0,1,-1,6,1,34,6,2179,2,14,FORD S-MAX,6,E01031407,0,3
2024131520970,2024,131520970,1,9,0,-1,19,6,2,-1,0,8,0,0,0,0,1,1,-1,6,1,18,4,1997,2,15,FORD S-MAX,1,E01011432,0,1
2024041419622,2024,041419622,1,9,0,-1,19,3,7,-1,0,0,0,0,0,0,1,1,-1,9,1,31,6,1997,2,17,FORD S-MAX,7,E01025081,0,1
202417M114924,2024,17M114924,2,9,0,-1,19,1,6,-1,0,8,0,0,0,0,1,1,-1,6,1,-1,-1,1997,2,16,FORD S-MAX,-1,-1,0,-1
2024201422075,2024,201422075,2,9,0,-1,19,6,2,-1,0,0,0,10,1,0,3,1,-1,9,1,49,8,1997,2,15,FORD S-MAX,10,E01009470,0,1
2024351539687,2024,351539687,1,9,0,-1,19,7,3,-1,0,3,0,0,0,0,4,1,-1,6,1,28,6,1997,2,6,FORD S-MAX,2,E01015634,0,1
2024451477962,2024,451477962,2,9,0,-1,4,5,1,-1,0,0,0,0,0,0,1,1,-1,9,2,49,8,1997,2,14,FORD S-MAX,3,E01031562,0,4
2024440417870,2024,440417870,1,9,0,9,9,7,3,0,0,8,0,0,0,0,4,1,6,6,1,39,7,1498,1,5,FORD S-MAX,9,E01022894,0,1
2024010529975,2024,010529975,1,9,0,99,99,9,9,99,99,5,9,99,9,99,9,9,6,6,3,47,8,1997,2,12,FORD S-MAX,6,E01001350,0,1
2024351521052,2024,351521052,1,9,0,-1,3,3,7,-1,0,0,0,0,0,0,2,1,-1,6,1,-1,-1,2179,2,13,FORD S-MAX,6,E01026678,0,4
2024520402961,2024,520402961,1,9,0,18,19,4,8,0,0,0,0,0,0,0,1,1,6,6,1,31,6,1997,2,8,FORD S-MAX,6,E01029195,0,2
2024161485522,2024,161485522,2,9,0,-1,19,6,2,-1,0,0,0,0,0,0,1,1,-1,6,2,33,6,1997,2,15,FORD S-MAX,7,E01006046,0,5
2024340WN6042,2024,340WN6042,1,9,0,-1,19,3,7,-1,0,0,0,0,0,0,1,1,-1,9,1,27,6,1997,2,17,FORD S-MAX,2,E01031173,0,3
2024361400481,2024,361400481,2,9,0,-1,3,7,1,-1,0,1,0,0,0,0,1,1,-1,6,2,46,8,1997,2,10,FORD S-MAX,5,E01026745,0,4
2024552500055,2024,552500055,3,9,0,3,3,2,6,0,0,1,0,0,0,0,2,1,6,6,2,43,7,1997,2,16,FORD S-MAX,7,E01020513,0,2
2024501484698,2024,501484698,2,9,0,-1,19,8,4,-1,0,0,0,0,0,0,2,9,-1,6,1,40,7,1560,2,12,FORD S-MAX,3,E01015204,0,2
2024131429855,2024,131429855,1,9,0,-1,19,5,1,-1,0,2,0,0,0,0,1,1,-1,2,1,27,6,2521,1,17,FORD S-MAX,1,E01007403,0,4
2024471523568,2024,471523568,2,9,0,-1,19,8,4,-1,0,8,0,0,0,0,1,1,-1,9,1,35,6,1997,2,13,FORD S-MAX,6,E01031574,0,1
2024461479433,2024,461479433,1,9,0,-1,9,1,7,-1,0,7,0,0,0,0,1,1,-1,6,1,77,11,1997,2,14,FORD S-MAX,4,E01024312,0,3
2024411443586,2024,411443586,2,9,0,-1,4,5,1,-1,0,4,0,0,0,0,1,1,-1,6,1,30,6,1997,2,13,FORD S-MAX,4,E01021863,0,3
2024411434665,2024,411434665,5,9,0,-1,19,3,7,-1,0,1,0,0,1,11,1,1,-1,6,2,45,7,1997,2,13,FORD S-MAX,10,E01023675,0,1
2024201395061,2024,201395061,1,8,0,-1,19,2,6,-1,0,4,0,0,0,0,1,1,-1,6,1,40,7,2488,8,2,FORD S-MAX,-1,-1,0,-1
2024052401637,2024,052401637,3,9,0,18,19,1,5,0,0,3,0,0,0,0,2,1,1,1,2,34,6,1997,2,12,FORD S-MAX,4,E01006851,0,1
2024010521300,2024,010521300,2,9,0,2,2,0,0,0,0,1,0,0,0,0,1,1,6,6,3,-1,-1,1997,2,6,FORD S-MAX,-1,-1,0,-1
2024631434200,2024,631434200,2,9,0,-1,19,2,6,-1,0,0,0,0,2,10,3,1,-1,9,2,46,8,1997,2,10,FORD S-MAX,6,W01000501,0,2
2024141506095,2024,141506095,1,9,0,-1,4,3,7,-1,0,1,0,0,0,0,2,1,-1,9,2,38,7,2488,8,2,FORD S-MAX,4,E01007607,0,2
2024411422024,2024,411422024,2,9,-1,-1,-1,-1,-1,-1,-1,-1,-1,-1,-1,0,-1,9,-1,9,1,51,8,2179,2,10,FORD S-MAX,10,E01023668,0,1
2024421535734,2024,421535734,2,9,0,-1,2,0,0,-1,-1,0,0,4,0,0,4,1,-1,2,2,39,7,1997,2,8,FORD S-MAX,-1,-1,0,-1
2024411434665,2024,411434665,2,9,0,-1,19,3,7,-1,0,1,0,0,0,0,1,1,-1,6,2,40,7,1997,2,14,FORD S-MAX,9,E01023674,0,1
2024471454964,2024,471454964,1,9,0,-1,10,7,5,-1,0,5,0,0,0,0,2,1,-1,9,1,35,6,1995,2,6,FORD S-MAX,8,E01030813,0,4
2024440203555,2024,440203555,2,9,0,18,19,3,7,0,0,1,0,0,0,0,1,1,6,6,1,59,9,1997,2,8,FORD S-MAX,4,E01017164,0,1
2024122400463,2024,122400463,1,9,0,9,9,5,3,0,0,8,0,0,0,0,1,1,6,6,2,34,6,1997,2,10,FORD S-MAX,6,E01027701,0,3
2024052400988,2024,052400988,2,9,0,18,19,3,7,0,0,8,0,0,0,0,4,1,6,6,2,33,6,1997,2,11,FORD S-MAX,7,E01007061,0,1
2024201440476,2024,201440476,2,9,0,-1,15,6,2,-1,0,0,0,0,0,0,1,1,-1,6,1,35,6,1997,2,8,FORD S-MAX,2,E01009786,0,1
2024201491649,2024,201491649,2,9,0,-1,2,0,0,-1,0,0,0,4,0,0,2,1,-1,6,-1,-1,-1,1997,2,17,FORD S-MAX,-1,-1,0,-1
2024340WN3372,2024,340WN3372,1,9,0,-1,19,1,5,-1,0,1,0,0,0,0,1,1,-1,6,1,52,8,1997,2,7,FORD S-MAX,9,E01027201,0,1
2024351522121,2024,351522121,2,9,0,-1,-1,-1,-1,-1,-1,-1,-1,-1,-1,0,-1,9,-1,6,2,35,6,1997,2,14,FORD S-MAX,8,E01018206,0,1
2024351512947,2024,351512947,1,9,0,-1,19,-1,-1,-1,0,1,0,0,0,0,2,9,-1,6,3,-1,-1,1997,2,15,FORD S-MAX,-1,-1,0,-1
2024010519318,2024,010519318,1,9,0,18,19,3,7,0,0,1,0,0,0,0,1,1,6,6,1,44,7,1999,1,13,FORD S-MAX,4,E01002267,0,1
2024440007836,2024,440007836,1,9,0,18,19,7,3,0,0,0,0,0,0,0,3,1,6,6,1,28,6,1997,2,8,FORD S-MAX,3,E01034066,0,1
2024041513936,2024,041513936,1,9,0,-1,4,5,1,-1,9,2,0,0,0,0,1,1,-1,6,1,38,7,1997,2,13,FORD S-MAX,5,E01012635,0,1
2024302401435,2024,302401435,1,9,0,18,19,8,4,0,0,8,0,0,0,0,4,1,6,6,2,45,7,1997,2,16,FORD S-MAX,2,E01019487,0,1
2024520402657,2024,520402657,2,9,0,18,19,6,2,0,0,0,0,0,0,0,3,1,6,6,1,58,9,2179,2,15,FORD S-MAX,4,E01029179,0,2
2024991446602,2024,991446602,2,9,0,-1,3,1,5,-1,0,0,0,0,0,0,2,1,-1,9,1,41,7,1997,2,17,FORD S-MAX,1,-1,0,1
2024061404183,2024,061404183,2,9,-1,-1,-1,-1,-1,-1,-1,0,-1,-1,-1,0,-1,9,-1,6,3,45,7,1997,2,12,FORD S-MAX,9,E01006319,0,1
2024010501254,2024,010501254,1,9,0,99,99,9,9,99,99,9,9,99,9,99,1,9,6,6,1,59,9,2488,8,1,FORD S-MAX,2,E01001773,0,1
2024340WN9052,2024,340WN9052,2,9,0,-1,19,7,3,-1,0,0,0,0,0,0,1,1,-1,1,1,50,8,1997,2,8,FORD S-MAX,5,E01027133,0,3
2024351424573,2024,351424573,1,9,0,-1,4,7,3,-1,0,4,0,0,0,0,2,1,-1,6,1,40,7,1997,2,14,FORD S-MAX,2,E01018075,0,2
2024552400152,2024,552400152,1,9,0,6,6,6,6,0,0,8,0,0,0,0,1,1,6,6,1,52,8,1997,2,14,FORD S-MAX,8,E01015297,0,3
2024131413965,2024,131413965,3,9,0,-1,2,1,1,-1,0,2,0,0,0,0,3,1,-1,6,-1,-1,-1,1560,2,12,FORD S-MAX,-1,-1,0,-1
2024221449596,2024,221449596,4,9,0,-1,19,5,1,-1,0,0,0,0,1,10,1,1,-1,6,2,41,7,1997,2,10,FORD S-MAX,8,E01014077,0,1
2024361445725,2024,361445725,2,9,0,-1,19,5,2,-1,0,1,0,0,0,0,1,1,-1,9,2,35,6,1997,2,14,FORD S-MAX,7,E01026939,0,1
2024211522852,2024,211522852,1,9,0,-1,3,2,8,-1,0,0,0,0,0,0,3,1,-1,6,1,40,7,1999,1,12,FORD S-MAX,3,E01029679,0,1
202417M102324,2024,17M102324,2,9,0,18,19,5,1,0,0,1,0,0,0,0,1,1,6,6,1,43,7,1995,2,6,FORD S-MAX,1,E01012038,0,1
2024522401777,2024,522401777,1,9,0,3,3,7,3,0,0,2,0,0,0,0,3,1,6,6,2,36,7,1997,2,15,FORD S-MAX,10,E01035221,0,1
2024552401095,2024,552401095,1,9,0,5,5,1,5,0,0,8,0,0,0,0,1,1,3,7,2,48,8,1997,2,10,FORD S-MAX,9,E01015316,0,1
2024540288824,2024,540288824,1,9,0,4,4,5,1,0,0,0,0,0,0,0,1,1,1,1,1,41,7,1560,2,10,FORD S-MAX,9,E01034543,0,2
2024122401190,2024,122401190,1,9,0,1,1,4,8,0,0,6,0,0,0,0,3,1,6,6,2,35,6,2179,2,12,FORD S-MAX,5,E01027630,0,1
2024430336774,2024,430336774,1,9,0,18,19,7,3,0,0,0,1,0,0,0,3,1,1,1,1,33,6,1997,2,12,FORD S-MAX,1,E01022291,0,4
2024361516773,2024,361516773,1,9,0,-1,19,1,5,-1,0,0,0,0,0,0,1,1,-1,2,1,52,8,1997,2,15,FORD S-MAX,8,E01034570,0,2
2024421401837,2024,421401837,2,9,0,-1,19,5,1,-1,0,1,0,0,0,0,1,1,-1,6,1,44,7,1997,2,16,FORD S-MAX,7,E01021542,0,3
2024010492132,2024,010492132,2,9,0,18,19,1,5,0,0,2,0,7,0,0,2,1,6,6,1,51,8,1999,1,13,FORD S-MAX,1,E01001730,0,1
2024351420104,2024,351420104,2,9,0,-1,4,5,1,-1,0,0,0,0,0,0,2,1,-1,9,1,38,7,1997,2,13,FORD S-MAX,6,E01015688,0,4
2024461449063,2024,461449063,1,9,0,-1,19,6,2,-1,0,2,0,0,0,0,1,1,-1,6,2,35,6,1999,1,14,FORD S-MAX,2,E01024241,0,1
2024340WN5022,2024,340WN5022,2,9,0,-1,19,7,3,-1,0,2,0,0,0,0,3,1,-1,9,1,-1,-1,1560,2,11,FORD S-MAX,5,E01027183,0,1
2024430599790,2024,430599790,1,9,0,18,19,4,8,0,0,0,5,7,0,0,1,1,6,6,1,39,7,1997,2,14,FORD S-MAX,6,E01017687,0,3
2024430466504,2024,430466504,2,9,0,2,2,0,0,0,0,0,-1,0,0,0,3,1,6,6,1,23,5,1997,2,16,FORD S-MAX,1,E01010613,0,5
2024501463850,2024,501463850,2,9,0,-1,19,3,7,-1,0,8,0,0,0,0,4,1,-1,6,2,31,6,1997,2,11,FORD S-MAX,4,E01019024,0,4
2024010498235,2024,010498235,2,9,0,99,99,9,9,99,99,9,9,99,9,99,1,9,6,6,3,-1,-1,1999,1,17,FORD S-MAX,-1,-1,0,-1
2024421515705,2024,421515705,4,9,0,-1,19,5,1,-1,0,0,0,0,0,0,2,1,-1,9,2,34,6,1997,2,14,FORD S-MAX,10,E01021345,0,3
2024501457769,2024,501457769,3,9,0,-1,4,5,1,-1,0,0,0,0,0,0,2,1,-1,9,2,35,6,1997,2,12,FORD S-MAX,7,E01034624,0,2
2024430598162,2024,430598162,1,9,0,18,19,2,6,0,0,8,0,0,0,0,3,1,6,6,2,31,6,1997,2,16,FORD S-MAX,6,E01016212,0,1
2024351490897,2024,351490897,1,9,0,-1,19,-1,-1,-1,0,-1,0,0,0,0,1,1,-1,6,3,-1,-1,1997,2,15,FORD S-MAX,-1,-1,0,-1
2024421505948,2024,421505948,2,9,0,-1,19,4,8,-1,0,8,0,0,0,0,3,1,-1,9,1,65,9,1596,1,10,FORD S-MAX,8,E01002372,0,4
2024401539766,2024,401539766,1,9,-1,-1,-1,-1,-1,-1,-1,-1,-1,-1,-1,0,-1,9,-1,6,1,78,11,1997,2,13,FORD S-MAX,9,E01017624,0,1
202417S101024,2024,17S101024,1,9,0,7,7,1,3,0,0,8,0,0,0,0,4,1,6,6,1,32,6,1997,2,12,FORD S-MAX,1,E01012249,0,1
2024371476770,2024,371476770,1,9,0,-1,19,3,7,-1,0,8,0,0,0,0,4,1,-1,9,1,79,11,1997,2,10,FORD S-MAX,4,E01030251,0,1
2024440455875,2024,440455875,1,9,0,2,2,0,0,0,0,0,0,0,0,0,0,1,6,6,1,60,9,1997,2,13,FORD S-MAX,6,E01023042,0,1
2024052402337,2024,052402337,2,9,0,3,3,4,8,0,0,1,0,0,0,0,4,1,6,6,1,71,10,1997,2,7,FORD S-MAX,4,E01032507,0,1
2024311523554,2024,311523554,2,9,0,-1,3,2,5,-1,0,0,0,0,0,0,2,1,-1,6,2,46,8,1753,2,14,FORD S-MAX,-1,-1,0,-1
2024131502850,2024,131502850,1,9,0,-1,12,1,5,-1,0,0,0,0,0,0,1,1,-1,9,1,44,7,1997,2,15,FORD S-MAX,1,E01011422,0,1
2024421478081,2024,421478081,1,9,0,-1,19,1,5,-1,0,8,0,0,7,11,4,1,-1,9,1,44,7,1997,2,14,FORD S-MAX,7,E01021993,0,3
2024201434301,2024,201434301,2,9,0,-1,3,3,7,-1,0,1,0,0,0,0,1,1,-1,6,1,54,8,1997,2,13,FORD S-MAX,9,E01029661,0,3
2024311398749,2024,311398749,1,9,0,-1,12,1,2,-1,0,0,0,0,0,0,2,1,-1,9,2,33,6,1560,2,11,FORD S-MAX,-1,-1,0,-1
2024201441668,2024,201441668,1,9,0,-1,19,2,6,-1,0,8,0,0,0,0,1,1,-1,6,-1,-1,-1,1997,2,10,FORD S-MAX,-1,-1,0,-1
2024440486031,2024,440486031,2,9,0,4,4,5,1,0,0,1,0,0,0,0,2,1,2,2,1,-1,-1,1753,2,16,FORD S-MAX,-1,-1,0,-1
2024430080997,2024,430080997,2,9,0,18,19,0,0,0,0,0,0,0,0,0,4,1,6,6,1,69,10,2488,8,1,FORD S-MAX,5,E01016487,0,1
2024361458038,2024,361458038,3,9,0,-1,20,0,0,-1,0,0,0,0,0,0,1,1,-1,6,-1,-1,-1,2179,2,16,FORD S-MAX,-1,-1,0,-1