collision_index,collision_year,collision_ref_no,vehicle_reference,vehicle_type,towing_and_articulation,vehicle_manoeuvre_historic,vehicle_manoeuvre,vehicle_direction_from,vehicle_direction_to,vehicle_location_restricted_lane_historic,vehicle_location_restricted_lane,junction_location,skidding_and_overturning,hit_object_in_carriageway,vehicle_leaving_carriageway,hit_object_off_carriageway,first_point_of_impact,vehicle_left_hand_drive,journey_purpose_of_driver_historic,journey_purpose_of_driver,sex_of_driver,age_of_driver,age_band_of_driver,engine_capacity_cc,propulsion_code,age_of_vehicle,generic_make_model,driver_imd_decile,lsoa_of_driver,escooter_flag,driver_distance_banding
2024440285970,2024,440285970,1,9,0,18,19,8,4,0,0,1,0,0,0,0,3,1,6,6,1,36,7,1560,2,11,FORD S-MAX,3,E01017184,0,1
2024211426927,2024,211426927,2,9,0,-1,9,6,4,-1,0,3,2,10,1,1,4,1,-1,9,1,52,8,1997,2,8,FORD S-MAX,3,E01013828,0,4
2024070049933,2024,070049933,3,9,0,18,19,4,8,0,0,0,0,0,0,0,2,1,2,2,1,53,8,1999,1,8,FORD S-MAX,10,E01006943,0,4
2024041405308,2024,041405308,1,9,0,-1,5,2,6,-1,0,8,0,0,0,0,1,1,-1,7,1,44,7,1997,2,15,FORD S-MAX,3,E01025246,0,1
2024351463814,2024,351463814,2,9,0,-1,19,8,3,-1,0,0,0,0,0,0,2,1,-1,6,1,39,7,2179,2,15,FORD S-MAX,5,E01018096,0,1
2024552401066,2024,552401066,2,9,0,2,2,0,0,0,0,0,0,0,0,0,3,1,6,6,2,43,7,1997,2,13,FORD S-MAX,10,E01020387,0,1
2024010499046,2024,010499046,2,9,0,99,99,9,9,99,99,0,9,99,9,99,3,1,6,6,3,-1,-1,1498,1,6,FORD S-MAX,-1,-1,0,-1
2024421408804,2024,421408804,1,9,0,-1,19,5,1,-1,0,0,0,0,0,0,1,1,-1,6,2,41,7,1997,2,8,FORD S-MAX,9,E01021240,0,1
2024622400774,2024,622400774,1,9,0,18,19,8,4,0,0,0,0,0,0,0,4,1,6,6,1,47,8,2488,8,1,FORD S-MAX,1,W01001704,0,2
2024471426432,2024,471426432,2,9,0,-1,19,2,6,-1,0,8,0,0,0,0,4,1,-1,6,2,-1,-1,1997,2,13,FORD S-MAX,3,E01031559,0,1
2024461485544,2024,461485544,1,9,0,-1,19,1,5,-1,0,0,0,6,0,0,1,1,-1,9,2,31,6,1997,2,10,FORD S-MAX,8,E01024779,0,1
2024471458056,2024,471458056,1,9,0,-1,19,3,7,-1,0,0,0,0,0,0,1,1,-1,9,1,80,11,1997,2,11,FORD S-MAX,10,E01031615,0,1
2024451442387,2024,451442387,4,9,0,-1,19,1,5,-1,0,0,0,0,0,0,4,1,-1,9,2,40,7,1999,1,13,FORD S-MAX,8,E01003420,0,2
2024451489773,2024,451489773,1,9,0,-1,5,6,3,-1,0,6,0,0,0,0,1,1,-1,1,1,62,9,1997,2,8,FORD S-MAX,10,E01030443,0,2
2024471402883,2024,471402883,1,9,0,-1,19,3,7,-1,0,0,0,0,0,0,1,9,-1,6,1,28,6,1997,2,12,FORD S-MAX,10,E01031699,0,1
2024131440735,2024,131440735,1,9,0,-1,-1,-1,-1,-1,-1,0,-1,-1,-1,0,-1,1,-1,6,3,-1,-1,1997,2,17,FORD S-MAX,-1,-1,0,-1
2024451468716,2024,451468716,2,9,0,-1,19,1,5,-1,0,1,0,0,0,0,1,1,-1,9,1,36,7,1560,2,11,FORD S-MAX,8,E01030951,0,2
2024061404059,2024,061404059,1,9,0,-1,9,8,6,-1,0,5,0,0,0,0,1,1,-1,9,1,37,7,1997,2,6,FORD S-MAX,8,E01004984,0,1
2024991509289,2024,991509289,2,9,0,-1,19,8,4,-1,0,4,0,0,0,0,1,1,-1,9,2,55,8,1997,2,15,FORD S-MAX,6,-1,0,4
2024332400011,2024,332400011,2,9,0,-1,9,5,3,-1,0,2,0,0,0,0,2,1,-1,2,1,62,9,1997,2,14,FORD S-MAX,1,E01025725,0,3
2024231427444,2024,231427444,2,9,0,-1,4,4,8,-1,0,0,0,0,0,0,2,1,-1,9,1,36,7,1997,2,7,FORD S-MAX,1,E01033889,0,4
2024201424127,2024,201424127,2,9,0,-1,4,6,2,-1,0,0,0,0,0,0,2,1,-1,2,2,46,8,1596,1,12,FORD S-MAX,10,E01010152,0,1
2024332400311,2024,332400311,2,9,0,-1,19,6,2,-1,0,6,0,0,0,0,1,1,-1,6,1,-1,-1,1997,2,18,FORD S-MAX,-1,-1,0,-1
2024351473739,2024,351473739,1,9,0,-1,19,3,7,-1,0,1,0,0,7,2,3,1,-1,9,1,34,6,1997,2,17,FORD S-MAX,7,E01018023,0,3
2024010543566,2024,010543566,1,9,0,99,99,9,9,99,99,9,9,99,9,99,1,1,6,6,3,-1,-1,2488,8,1,FORD S-MAX,-1,-1,0,-1
2024440453808,2024,440453808,2,9,0,18,19,1,5,0,0,4,0,0,0,0,1,1,6,6,1,50,8,1997,2,12,FORD S-MAX,2,E01034061,0,1
2024201464887,2024,201464887,2,9,0,-1,19,6,2,-1,0,0,0,0,0,0,2,1,-1,9,1,50,8,1999,1,16,FORD S-MAX,3,E01009947,0,2
2024221436044,2024,221436044,1,9,0,-1,19,2,5,-1,0,0,0,0,0,0,4,9,-1,7,1,47,8,1997,2,14,FORD S-MAX,4,E01028982,0,1
2024041436282,2024,041436282,1,9,0,-1,19,5,1,-1,0,0,0,0,0,0,4,1,-1,9,1,39,7,1997,2,15,FORD S-MAX,2,E01012623,0,1
2024010546714,2024,010546714,1,9,0,18,19,5,1,0,0,8,0,0,0,0,4,1,6,6,2,41,7,1997,2,8,FORD S-MAX,2,E01003499,0,1
2024461451556,2024,461451556,2,9,0,-1,19,7,3,-1,0,6,0,0,0,0,1,1,-1,2,2,34,6,1997,2,15,FORD S-MAX,3,E01024396,0,3
2024070365422,2024,070365422,1,9,0,1,1,2,6,0,0,0,0,0,0,0,2,1,6,6,2,30,6,1997,2,12,FORD S-MAX,4,E01018535,0,3
2024221507966,2024,221507966,1,9,0,-1,8,7,1,-1,0,1,0,0,0,0,4,9,-1,7,1,40,7,1976,1,14,FORD S-MAX,6,E01032459,0,1
2024991473969,2024,991473969,2,9,0,-1,19,4,7,-1,0,0,0,0,0,0,1,1,-1,6,1,42,7,1997,2,8,FORD S-MAX,3,E01010249,0,5
2024552400521,2024,552400521,1,9,0,11,11,6,2,0,0,3,0,0,0,0,4,1,3,7,2,27,6,1560,2,13,FORD S-MAX,5,E01015274,0,1
2024061493706,2024,061493706,2,9,0,-1,19,7,3,-1,0,8,0,0,0,0,2,1,-1,6,1,31,6,1995,2,6,FORD S-MAX,1,E01005433,0,3
2024010506010,2024,010506010,1,9,0,17,19,1,5,0,0,0,0,0,7,0,1,1,6,6,1,38,7,1997,2,7,FORD S-MAX,5,E01003632,0,1
2024421444588,2024,421444588,1,9,0,-1,19,5,1,-1,0,0,0,0,0,0,4,1,-1,9,1,33,6,1997,2,6,FORD S-MAX,7,E01021544,0,1
2024421461068,2024,421461068,1,9,0,-1,19,4,8,-1,0,0,0,0,0,0,1,1,-1,1,1,54,8,1999,1,8,FORD S-MAX,4,E01021425,0,1
2024070806293,2024,070806293,2,9,0,-1,19,5,1,-1,0,2,0,0,0,0,1,1,-1,6,2,36,7,2179,2,15,FORD S-MAX,2,E01018477,0,1
2024461465025,2024,461465025,2,9,0,-1,9,6,3,-1,0,8,0,0,0,0,3,1,-1,9,1,42,7,1999,1,14,FORD S-MAX,4,E01024372,0,1
2024320200691,2024,320200691,2,9,0,9,9,6,4,0,0,8,0,0,0,0,4,1,-1,-1,2,36,7,1997,2,12,FORD S-MAX,8,E01025890,0,3
2024351417194,2024,351417194,2,9,0,-1,4,8,4,-1,0,0,0,0,0,0,2,1,-1,6,1,65,9,1997,2,14,FORD S-MAX,9,E01018037,0,3
2024471432129,2024,471432129,2,9,0,-1,19,2,6,-1,0,0,0,0,1,99,1,1,-1,6,3,-1,-1,1995,2,5,FORD S-MAX,-1,-1,0,-1
2024430121265,2024,430121265,3,9,0,18,19,5,1,0,0,0,0,0,0,0,2,1,6,6,1,42,7,1997,2,10,FORD S-MAX,10,E01017861,0,4
2024010503842,2024,010503842,2,9,0,99,99,9,9,99,99,9,9,99,9,99,1,9,6,6,3,-1,-1,1976,1,14,FORD S-MAX,-1,-1,0,-1
2024991422032,2024,991422032,1,8,0,-1,9,7,5,-1,0,6,0,0,0,0,1,1,-1,1,1,27,6,1997,2,18,FORD S-MAX,8,-1,0,4
2024430204180,2024,430204180,1,9,0,13,13,4,8,0,0,0,0,0,0,0,4,1,6,6,1,42,7,1997,2,10,FORD S-MAX,-1,-1,0,-1
2024061451236,2024,061451236,1,9,0,-1,19,1,5,-1,0,1,0,0,0,0,0,1,-1,6,3,-1,-1,1997,2,8,FORD S-MAX,-1,-1,0,-1
2024311437225,2024,311437225,1,9,0,-1,19,1,5,-1,0,1,0,0,0,0,3,1,-1,6,2,49,8,2179,2,12,FORD S-MAX,-1,-1,0,-1
2024461429369,2024,461429369,1,9,0,-1,4,5,1,-1,0,0,0,0,0,0,1,1,-1,6,2,56,9,1997,2,14,FORD S-MAX,3,E01021092,0,4
2024371506537,2024,371506537,1,9,0,-1,10,1,7,-1,0,0,0,0,0,0,1,9,-1,6,2,37,7,1997,2,16,FORD S-MAX,4,E01030110,0,1
2024361536250,2024,361536250,1,9,0,-1,19,3,7,-1,0,0,0,11,7,11,1,1,-1,6,1,28,6,2179,2,10,FORD S-MAX,2,E01035133,0,1
2024531404085,2024,531404085,2,9,0,-1,19,6,2,-1,0,0,0,0,0,0,3,1,-1,2,2,44,7,1997,2,11,FORD S-MAX,8,E01032938,0,2
2024471410876,2024,471410876,1,9,0,-1,19,7,3,-1,0,0,0,0,0,0,2,2,-1,9,1,29,6,1995,2,5,FORD S-MAX,2,E01035139,0,5
2024061506223,2024,061506223,2,9,0,-1,19,4,8,-1,0,1,0,0,0,0,3,1,-1,9,1,53,8,1995,2,5,FORD S-MAX,7,E01006087,0,2
2024332400278,2024,332400278,1,9,0,-1,19,5,1,-1,0,8,0,0,0,0,1,1,-1,2,1,65,9,1997,2,16,FORD S-MAX,8,E01025637,0,3
2024141419047,2024,141419047,4,9,0,-1,19,1,5,-1,0,1,0,0,0,0,1,9,-1,6,1,38,7,1997,2,13,FORD S-MAX,4,E01007329,0,1
2024052401420,2024,052401420,2,9,0,2,2,0,0,0,0,0,0,0,0,0,1,1,6,6,3,-1,-1,1560,2,12,FORD S-MAX,-1,-1,0,-1
2024471443843,2024,471443843,1,9,0,-1,19,7,3,-1,0,1,0,0,0,0,1,1,-1,9,1,25,5,1997,2,10,FORD S-MAX,5,E01021120,0,1
2024451398105,2024,451398105,4,9,0,-1,2,0,0,-1,0,0,0,4,0,0,1,1,-1,6,-1,-1,-1,1997,2,14,FORD S-MAX,-1,-1,0,-1
2024440509938,2024,440509938,2,9,0,9,9,5,7,0,0,6,0,0,0,0,1,1,6,6,1,27,6,1997,2,11,FORD S-MAX,10,E01020358,0,1
2024010542924,2024,010542924,2,9,0,18,19,8,4,0,0,1,0,0,0,0,4,1,6,6,1,77,11,1976,1,14,FORD S-MAX,7,E01000215,0,1
2024010500175,2024,010500175,2,9,0,5,5,3,7,0,0,6,0,0,0,0,4,1,6,6,1,50,8,1997,2,7,FORD S-MAX,3,E01001448,0,3
2024320452392,2024,320452392,2,9,0,2,2,0,0,0,0,2,0,0,0,0,2,1,6,6,3,-1,-1,1997,2,8,FORD S-MAX,-1,-1,0,-1
2024471530533,2024,471530533,3,9,0,-1,19,2,6,-1,0,0,0,0,0,0,1,1,-1,9,1,43,7,1995,2,5,FORD S-MAX,7,E01016883,0,1
2024141395498,2024,141395498,2,9,0,-1,19,3,7,-1,0,2,0,0,0,0,2,1,-1,6,1,-1,-1,1997,2,16,FORD S-MAX,6,E01007321,0,1
2024061415066,2024,061415066,2,9,-1,-1,-1,-1,-1,-1,-1,0,-1,-1,-1,0,-1,9,-1,6,2,31,6,1997,2,16,FORD S-MAX,4,E01005888,0,1
2024451418948,2024,451418948,1,9,0,-1,19,1,1,-1,0,0,0,0,0,0,4,9,-1,6,2,50,8,1498,1,5,FORD S-MAX,10,E01030297,0,1
2024501475382,2024,501475382,1,9,0,-1,9,3,1,-1,0,8,0,0,0,0,4,1,-1,2,1,55,8,1997,2,7,FORD S-MAX,1,E01015152,0,1
2024421460804,2024,421460804,2,9,0,-1,19,1,5,-1,0,2,0,0,0,0,1,1,-1,9,1,56,9,1995,2,4,FORD S-MAX,4,E01021437,0,1
2024430169056,2024,430169056,1,9,0,9,9,4,2,0,0,6,0,0,0,0,3,1,6,6,1,60,9,1997,2,12,FORD S-MAX,10,E01016596,0,3
2024351468393,2024,351468393,1,9,0,-1,4,3,7,-1,0,0,0,0,0,0,1,1,-1,6,2,40,7,1997,2,18,FORD S-MAX,5,E01029953,0,1
2024461498051,2024,461498051,1,9,0,-1,19,3,7,-1,0,8,0,0,0,0,4,9,-1,9,2,-1,-1,1997,2,14,FORD S-MAX,2,E01016159,0,1
2024201534441,2024,201534441,1,9,0,-1,9,7,5,-1,0,8,0,0,0,0,3,1,-1,6,1,46,8,1999,1,8,FORD S-MAX,5,E01001092,0,5
2024351430101,2024,351430101,2,9,0,-1,19,-1,-1,-1,0,1,0,0,0,0,2,9,-1,6,1,74,10,1997,2,7,FORD S-MAX,6,E01015679,0,1
202417M109924,2024,17M109924,1,9,0,-1,19,5,1,-1,0,8,0,0,0,0,1,1,-1,9,2,36,7,1997,2,7,FORD S-MAX,7,E01012008,0,1
2024320712021,2024,320712021,2,9,0,-1,-1,3,7,0,0,0,0,0,1,9,1,1,6,6,1,30,6,1997,2,14,FORD S-MAX,9,E01026263,0,3
2024031431362,2024,031431362,1,9,0,-1,19,5,8,-1,0,0,0,0,5,0,3,1,-1,9,1,40,7,1997,2,17,FORD S-MAX,1,E01010824,0,5
2024421516546,2024,421516546,3,9,0,-1,2,0,0,-1,0,0,0,0,0,0,3,1,-1,6,-1,-1,-1,1997,2,8,FORD S-MAX,-1,-1,0,-1
2024451441435,2024,451441435,2,9,0,-1,19,1,5,-1,0,2,0,0,0,0,1,1,-1,2,1,44,7,1999,1,12,FORD S-MAX,3,E01030952,0,1
2024361507577,2024,361507577,2,9,0,-1,19,1,5,-1,0,0,0,0,0,0,3,1,-1,2,1,47,8,1997,2,16,FORD S-MAX,5,E01026428,0,2
2024440202900,2024,440202900,2,9,0,6,6,7,7,0,0,2,0,0,0,0,1,1,2,2,1,48,8,1997,2,10,FORD S-MAX,8,E01022722,0,1
2024131500006,2024,131500006,2,9,0,-1,-1,-1,-1,-1,-1,0,-1,-1,-1,0,-1,1,-1,6,1,35,6,1997,2,15,FORD S-MAX,1,E01010739,0,1
2024522402176,2024,522402176,3,9,0,18,19,3,7,0,0,1,0,0,0,0,1,1,6,6,2,42,7,1997,2,12,FORD S-MAX,6,E01014870,0,1
2024010536647,2024,010536647,2,9,0,99,99,9,9,99,99,9,9,99,9,99,2,9,6,6,1,36,7,1997,2,8,FORD S-MAX,5,E01003415,0,1
2024991488859,2024,991488859,3,9,0,-1,2,0,0,-1,0,1,0,0,0,0,2,1,-1,6,-1,-1,-1,1560,2,10,FORD S-MAX,-1,-1,0,-1
2024351514841,2024,351514841,5,9,0,-1,19,5,1,-1,0,0,0,0,0,0,2,1,-1,6,2,36,7,1997,2,14,FORD S-MAX,4,E01021367,0,4
2024501444182,2024,501444182,1,9,0,-1,14,3,7,-1,0,8,0,0,0,0,1,1,-1,2,1,37,7,1997,2,12,FORD S-MAX,4,E01034849,0,1
2024201436719,2024,201436719,2,9,0,-1,19,6,2,-1,0,0,0,0,0,0,3,9,-1,9,1,27,6,1997,2,16,FORD S-MAX,6,E01010469,0,1
2024451472495,2024,451472495,1,9,0,-1,19,7,5,-1,0,1,0,11,0,0,4,1,-1,2,1,46,8,1999,1,16,FORD S-MAX,6,E01001065,0,1
2024371468717,2024,371468717,2,9,0,-1,3,7,3,-1,0,1,0,0,0,0,2,1,-1,2,1,58,9,1997,2,12,FORD S-MAX,9,E01030181,0,1
2024201527731,2024,201527731,2,9,0,-1,19,5,8,-1,0,1,0,0,0,0,2,1,-1,6,1,-1,-1,1560,2,13,FORD S-MAX,-1,-1,0,-1
2024201416634,2024,201416634,1,9,0,-1,9,6,4,-1,0,6,0,0,0,0,1,1,-1,6,1,-1,-1,1997,2,13,FORD S-MAX,-1,-1,0,-1
2024371457478,2024,371457478,1,9,0,-1,19,3,7,-1,0,0,0,0,0,0,3,1,-1,2,1,44,7,1999,1,18,FORD S-MAX,5,E01030106,0,1
2024440517234,2024,440517234,3,9,0,18,19,6,2,0,0,8,0,0,0,0,1,1,2,2,1,48,8,1997,2,7,FORD S-MAX,5,E01023129,0,1
2024401457125,2024,401457125,1,9,0,-1,3,1,5,-1,0,4,0,0,0,0,1,1,-1,6,1,69,10,1997,2,11,FORD S-MAX,3,E01017618,0,1
2024070050720,2024,070050720,1,9,0,13,13,2,6,0,0,0,0,0,0,0,1,1,1,1,1,44,7,1997,2,17,FORD S-MAX,-1,-1,0,-1
2024101403474,2024,101403474,2,9,0,-1,4,7,3,-1,0,0,0,0,0,0,1,1,-1,6,1,36,7,2179,2,13,FORD S-MAX,7,E01027486,0,4
2024451522451,2024,451522451,1,9,0,-1,8,3,5,-1,0,4,0,0,1,0,3,1,-1,2,1,57,9,1997,2,10,FORD S-MAX,2,E01023976,0,4
2024221402134,2024,221402134,2,9,0,-1,19,1,6,-1,0,0,1,0,0,0,1,9,-1,6,1,55,8,2179,2,15,FORD S-MAX,4,E01028838,0,1
2024010507655,2024,010507655,1,9,0,5,5,8,4,0,0,6,0,0,0,0,1,1,6,6,2,34,6,1498,1,5,FORD S-MAX,6,E01004086,0,1
2024461510706,2024,461510706,1,9,0,-1,13,8,4,-1,0,0,0,0,0,0,0,9,-1,6,1,40,7,1997,2,15,FORD S-MAX,4,E01016048,0,3
2024201433901,2024,201433901,2,9,0,-1,19,1,5,-1,0,8,0,0,0,0,1,9,-1,9,1,35,6,1997,2,14,FORD S-MAX,1,E01009841,0,1
2024302400515,2024,302400515,2,9,0,18,19,7,3,0,0,8,0,0,0,0,1,1,6,6,1,34,6,1997,2,10,FORD S-MAX,8,E01013489,0,1
2024010543850,2024,010543850,1,9,0,18,19,3,7,0,0,2,0,0,0,0,1,2,6,6,1,70,10,1498,1,8,FORD S-MAX,6,E01001496,0,1
2024421418132,2024,421418132,1,9,0,-1,19,1,5,-1,0,0,0,0,0,0,4,1,-1,2,1,42,7,1997,2,14,FORD S-MAX,-1,-1,0,-1
2024991434552,2024,991434552,7,9,0,-1,2,7,3,-1,0,0,0,0,0,0,3,1,-1,6,-1,-1,-1,1997,2,13,FORD S-MAX,-1,-1,0,-1
2024522500169,2024,522500169,2,9,0,18,19,4,8,0,0,0,0,0,0,0,1,1,6,6,1,49,8,1560,2,10,FORD S-MAX,10,E01014413,0,3
2024201453637,2024,201453637,3,9,0,-1,2,0,0,-1,0,0,0,0,0,0,1,1,-1,6,1,41,7,1997,2,14,FORD S-MAX,4,E01009245,0,1
2024471520905,2024,471520905,2,9,0,-1,2,0,0,-1,0,0,0,0,0,0,1,1,-1,6,-1,-1,-1,1997,2,8,FORD S-MAX,-1,-1,0,-1
202454E377024,2024,54E377024,1,9,0,9,9,6,4,0,0,6,0,0,0,0,3,1,6,6,2,44,7,1997,2,11,FORD S-MAX,9,E01034787,0,3
2024471532238,2024,471532238,1,9,0,-1,-1,-1,-1,-1,-1,-1,-1,-1,-1,0,-1,1,-1,6,2,33,6,1997,2,15,FORD S-MAX,6,E01034824,0,1
202454C134924,2024,54C134924,2,8,0,4,4,7,3,0,0,0,0,0,0,0,2,1,6,6,1,42,7,1997,2,9,FORD S-MAX,9,E01015504,0,1
2024421482832,2024,421482832,2,9,0,-1,19,1,5,-1,0,8,0,0,0,0,1,1,-1,2,1,53,8,1995,2,4,FORD S-MAX,6,E01021733,0,2
2024041422234,2024,041422234,1,9,0,-1,5,5,1,-1,0,1,0,0,0,0,4,1,-1,6,1,51,8,2179,2,16,FORD S-MAX,1,E01024898,0,1
2024501513687,2024,501513687,2,9,0,-1,19,4,8,-1,0,0,0,0,0,0,1,1,-1,6,1,51,8,1997,2,14,FORD S-MAX,9,E01023616,0,5
2024501497536,2024,501497536,2,9,0,-1,4,2,6,-1,0,0,0,0,0,0,2,1,-1,2,1,53,8,1997,2,15,FORD S-MAX,4,E01020140,0,1
2024061437250,2024,061437250,2,9,0,-1,2,1,1,-1,-1,0,0,0,0,0,3,1,-1,6,-1,-1,-1,1997,2,16,FORD S-MAX,-1,-1,0,-1
2024010497908,2024,010497908,3,9,0,2,2,0,0,0,0,2,0,0,0,0,1,1,6,6,3,-1,-1,1999,1,13,FORD S-MAX,-1,-1,0,-1
2024531400511,2024,531400511,1,9,0,-1,9,3,1,-1,0,2,0,0,0,0,1,1,-1,7,1,36,7,2488,8,2,FORD S-MAX,6,E01034791,0,1
2024231549696,2024,231549696,2,9,0,-1,4,2,6,-1,0,0,0,0,0,0,1,9,-1,9,2,35,6,1753,2,16,FORD S-MAX,9,E01031330,0,1
2024201527480,2024,201527480,2,9,0,-1,19,3,7,-1,0,8,0,0,0,0,1,1,-1,9,1,47,8,1997,2,13,FORD S-MAX,1,E01010095,0,1
2024211530388,2024,211530388,1,9,0,-1,13,2,6,-1,0,0,5,0,0,0,3,1,-1,6,2,33,6,1997,2,14,FORD S-MAX,-1,-1,0,-1
2024471446904,2024,471446904,2,9,0,-1,5,6,1,-1,0,8,0,0,0,0,3,1,-1,6,2,45,7,1997,2,11,FORD S-MAX,10,E01016983,0,1
2024041396098,2024,041396098,2,9,0,-1,19,3,7,-1,0,0,0,0,1,11,4,1,-1,9,1,62,9,2179,2,11,FORD S-MAX,8,E01025105,0,2
2024552400282,2024,552400282,2,9,0,3,3,8,4,0,0,0,0,0,0,0,2,1,2,2,1,39,7,1997,2,6,FORD S-MAX,4,E01020483,0,4
2024010534466,2024,010534466,4,9,0,18,19,1,5,0,0,0,0,0,0,0,2,1,6,6,2,44,7,1997,2,14,FORD S-MAX,2,E01000730,0,1
2024531424758,2024,531424758,2,9,0,-1,2,0,0,-1,0,0,0,0,0,0,2,1,-1,6,-1,-1,-1,1997,2,10,FORD S-MAX,-1,-1,0,-1
2024411495736,2024,411495736,2,9,0,-1,-1,-1,-1,-1,-1,0,-1,-1,-1,0,2,9,-1,9,1,55,8,1976,1,14,FORD S-MAX,9,E01034456,0,4
2024031525602,2024,031525602,1,9,0,-1,19,4,8,-1,0,0,0,0,0,0,1,1,-1,9,2,31,6,1997,2,14,FORD S-MAX,9,E01019347,0,1
2024471418374,2024,471418374,3,9,0,-1,19,6,2,-1,0,0,0,0,0,0,1,1,-1,6,2,23,5,1997,2,13,FORD S-MAX,6,E01031402,0,4
2024440258094,2024,440258094,2,9,0,12,12,5,1,0,0,8,0,0,0,0,3,1,6,6,2,-1,-1,2488,8,2,FORD S-MAX,-1,-1,0,-1
2024440050130,2024,440050130,1,9,0,3,3,2,6,0,0,2,0,0,0,0,2,1,6,6,2,36,7,1997,2,9,FORD S-MAX,2,E01017201,0,1
2024031453798,2024,031453798,1,9,0,-1,20,1,1,-1,0,0,0,0,0,0,1,9,-1,6,1,73,10,1498,1,7,FORD S-MAX,-1,-1,0,-1
2024161438773,2024,161438773,1,9,0,-1,19,2,6,-1,0,0,0,0,0,0,1,1,-1,7,2,44,7,2488,8,1,FORD S-MAX,1,E01013284,0,1
202460Q037788,2024,60Q037788,1,9,0,11,11,7,3,0,0,7,2,0,4,7,1,1,6,6,1,65,9,1997,2,14,FORD S-MAX,-1,-1,0,-1
2024351482060,2024,351482060,2,9,0,-1,19,5,1,-1,0,0,0,0,0,0,2,1,-1,1,1,58,9,1997,2,14,FORD S-MAX,2,E01009043,0,5
2024501426358,2024,501426358,1,9,0,-1,19,3,6,-1,0,1,0,0,0,0,1,1,-1,6,1,29,6,1997,2,11,FORD S-MAX,4,E01018793,0,1
2024421414505,2024,421414505,1,9,0,-1,19,4,8,-1,0,2,0,0,0,0,1,1,-1,6,1,45,7,1997,2,13,FORD S-MAX,9,E01022082,0,1
2024361415984,2024,361415984,1,9,0,-1,5,7,2,-1,0,0,0,0,0,0,1,1,-1,6,1,48,8,1997,2,16,FORD S-MAX,1,E01026808,0,2
2024411539424,2024,411539424,2,9,0,-1,5,1,5,-1,0,3,0,0,0,0,1,1,-1,6,1,-1,-1,1997,2,7,FORD S-MAX,4,E01000257,0,4
2024552400664,2024,552400664,1,9,0,4,4,2,6,0,0,0,0,0,0,0,1,1,6,6,2,27,6,1997,2,17,FORD S-MAX,8,E01015422,0,1
2024320541502,2024,320541502,1,9,0,9,9,5,2,0,0,6,0,0,0,0,1,1,-1,-1,1,23,5,1997,2,17,FORD S-MAX,-1,-1,0,-1
2024201581467,2024,201581467,2,9,0,-1,19,6,2,-1,0,0,0,0,0,0,1,9,-1,6,2,39,7,1997,2,16,FORD S-MAX,4,E01013630,0,4
2024471532247,2024,471532247,1,9,0,-1,9,7,5,-1,0,5,0,0,0,0,1,1,-1,9,2,37,7,1997,2,7,FORD S-MAX,3,E01031830,0,1
2024141527042,2024,141527042,2,9,0,-1,19,5,1,-1,0,1,0,0,0,0,1,1,-1,9,2,38,7,1560,2,11,FORD S-MAX,4,E01007810,0,2
2024131430187,2024,131430187,2,9,0,-1,5,2,6,-1,0,0,0,0,0,0,3,1,-1,9,2,49,8,1999,1,17,FORD S-MAX,1,E01011140,0,1
2024461499602,2024,461499602,1,9,0,-1,5,4,8,-1,0,1,0,0,0,0,1,1,-1,1,2,38,7,1997,2,7,FORD S-MAX,4,E01034986,0,4
2024070154266,2024,070154266,1,9,0,15,15,1,5,0,0,0,0,0,0,0,1,1,3,7,2,42,7,1560,2,11,FORD S-MAX,1,E01018738,0,2
2024201563749,2024,201563749,1,9,0,-1,19,1,5,-1,0,1,0,0,0,0,4,1,-1,9,2,32,6,1997,2,15,FORD S-MAX,2,E01010560,0,1
2024531502646,2024,531502646,1,9,0,-1,4,3,7,-1,0,0,0,0,0,0,1,1,-1,9,1,49,8,1997,2,14,FORD S-MAX,1,E01022323,0,1
2024401462696,2024,401462696,2,9,0,-1,19,1,5,-1,0,0,0,0,0,0,1,1,-1,6,2,44,7,1560,2,9,FORD S-MAX,10,E01017373,0,2
2024421481534,2024,421481534,2,9,0,-1,19,8,4,-1,0,1,0,0,0,0,1,1,-1,9,2,56,9,1997,2,13,FORD S-MAX,5,E01021388,0,3
2024543395024,2024,543395024,7,9,0,18,19,4,8,0,0,0,1,0,1,10,1,1,6,6,2,30,6,1995,2,6,FORD S-MAX,5,E01016242,0,4
2024211425248,2024,211425248,1,9,0,-1,19,5,1,-1,0,0,0,0,0,0,1,9,-1,2,2,38,7,1997,2,10,FORD S-MAX,9,E01029848,0,1
2024010534562,2024,010534562,2,5,0,13,13,7,3,0,0,1,2,0,0,0,1,1,6,6,1,28,6,782,1,16,-1,4,E01009683,0,5
2024520401352,2024,520401352,1,5,0,18,19,3,7,0,0,0,1,0,0,0,1,1,6,6,1,59,9,782,1,21,-1,5,E01029322,0,3
2024501514308,2024,501514308,1,5,0,-1,19,3,7,-1,0,8,2,0,0,0,1,1,-1,9,1,35,6,782,1,21,-1,1,E01015058,0,1
2024421492317,2024,421492317,1,5,0,-1,4,1,5,-1,0,0,0,0,0,0,1,1,-1,9,1,54,8,781,1,21,-1,2,E01022019,0,3