collision_index,collision_year,collision_ref_no,vehicle_reference,vehicle_type,towing_and_articulation,vehicle_manoeuvre_historic,vehicle_manoeuvre,vehicle_direction_from,vehicle_direction_to,vehicle_location_restricted_lane_historic,vehicle_location_restricted_lane,junction_location,skidding_and_overturning,hit_object_in_carriageway,vehicle_leaving_carriageway,hit_object_off_carriageway,first_point_of_impact,vehicle_left_hand_drive,journey_purpose_of_driver_historic,journey_purpose_of_driver,sex_of_driver,age_of_driver,age_band_of_driver,engine_capacity_cc,propulsion_code,age_of_vehicle,generic_make_model,driver_imd_decile,lsoa_of_driver,escooter_flag,driver_distance_banding
2024320341252,2024,320341252,1,9,0,-1,-1,6,2,0,0,3,0,0,0,0,1,1,-1,-1,1,22,5,1597,1,19,MAZDA MX-5,9,E01034696,0,4
2024991502860,2024,991502860,1,9,0,-1,9,8,5,-1,0,5,0,0,0,0,4,1,-1,2,2,30,6,1798,1,10,MAZDA MX-5,-1,-1,0,-1
202460Q072071,2024,60Q072071,1,9,0,15,15,7,3,0,0,2,0,0,0,0,1,1,6,6,1,62,9,1999,1,17,MAZDA MX-5,-1,-1,0,-1
2024501490459,2024,501490459,1,9,0,-1,19,1,5,-1,0,0,0,0,1,0,1,1,-1,6,1,18,4,1598,1,25,MAZDA MX-5,4,E01018926,0,2
2024471424738,2024,471424738,1,9,0,-1,-1,-1,-1,-1,-1,0,-1,-1,-1,0,1,9,-1,6,1,-1,-1,1590,1,35,MAZDA MX-5,-1,-1,0,-1
2024440423745,2024,440423745,2,9,0,18,19,4,8,0,0,1,1,0,0,0,1,1,2,2,1,20,4,1840,1,26,MAZDA MX-5,4,E01022805,0,2
2024501439615,2024,501439615,1,9,0,-1,19,1,5,-1,0,0,1,0,2,7,3,1,-1,9,1,18,4,1840,1,24,MAZDA MX-5,4,E01020271,0,2
202460Q050393,2024,60Q050393,1,9,0,18,19,5,1,0,0,1,0,0,0,0,1,1,6,6,1,18,4,1840,1,25,MAZDA MX-5,-1,-1,0,-1
2024440133533,2024,440133533,1,9,0,18,19,8,4,0,0,0,0,0,0,0,1,1,6,6,1,19,4,1597,1,20,MAZDA MX-5,10,E01023222,0,2
2024501396154,2024,501396154,1,9,0,-1,19,3,7,-1,0,0,1,0,0,0,3,9,-1,2,1,41,7,1840,1,26,MAZDA MX-5,5,E01020084,0,3
2024991497940,2024,991497940,1,9,0,-1,13,5,1,-1,0,1,0,0,0,0,1,9,-1,6,1,57,9,1999,1,10,MAZDA MX-5,3,-1,0,3
2024501495979,2024,501495979,1,9,0,-1,19,5,1,-1,0,0,1,0,8,6,3,1,-1,9,2,44,7,1998,1,5,MAZDA MX-5,10,E01029104,0,4
2024122500235,2024,122500235,2,9,0,18,19,3,7,0,0,8,0,0,0,0,4,1,6,6,1,21,5,1999,1,15,MAZDA MX-5,6,E01027736,0,4
2024221435640,2024,221435640,1,9,0,-1,19,2,6,-1,0,0,2,0,7,9,1,9,-1,6,1,27,6,1840,1,28,MAZDA MX-5,-1,-1,0,-1
2024221492751,2024,221492751,2,9,0,-1,8,2,4,-1,0,1,0,0,0,0,2,9,-1,6,1,23,5,1597,1,33,MAZDA MX-5,7,E01014030,0,3
2024131506689,2024,131506689,1,9,0,-1,19,7,3,-1,0,0,0,0,0,0,1,1,-1,6,1,56,9,1999,1,16,MAZDA MX-5,9,E01027894,0,3
2024421483884,2024,421483884,1,9,0,-1,13,5,1,-1,0,8,0,0,0,0,1,1,-1,6,1,38,7,1999,1,18,MAZDA MX-5,7,E01021608,0,1
2024430152172,2024,430152172,1,9,0,17,19,4,1,0,0,8,0,0,0,0,1,1,6,6,1,19,4,1798,1,14,MAZDA MX-5,8,E01010179,0,5
2024991535242,2024,991535242,2,9,0,-1,19,4,8,-1,0,1,0,0,7,1,1,1,-1,9,1,24,5,1998,1,6,MAZDA MX-5,10,-1,0,4
2024411492345,2024,411492345,2,9,0,-1,19,1,1,-1,0,1,5,11,1,2,3,1,-1,9,1,19,4,1598,1,33,MAZDA MX-5,10,E01023608,0,2
2024451441933,2024,451441933,1,9,0,-1,5,1,5,-1,0,1,0,0,0,0,2,1,-1,9,1,23,5,1840,1,27,MAZDA MX-5,5,E01030748,0,2
2024552400225,2024,552400225,1,9,0,18,19,8,4,0,0,0,2,0,7,10,1,1,6,6,1,55,8,1597,1,31,MAZDA MX-5,8,E01020458,0,1
2024991416614,2024,991416614,1,9,0,-1,19,5,2,-1,0,0,5,0,1,0,1,1,-1,9,1,69,10,1840,1,22,MAZDA MX-5,6,E01025026,0,5
2024010510800,2024,010510800,2,9,0,17,19,5,2,0,0,1,0,0,0,0,1,1,6,6,1,35,6,1998,1,7,MAZDA MX-5,6,E01000339,0,1
2024461433529,2024,461433529,2,9,0,-1,19,1,5,-1,0,0,0,0,0,0,4,9,-1,6,2,52,8,1999,1,17,MAZDA MX-5,8,E01033210,0,4
2024010549610,2024,010549610,2,9,0,99,99,9,9,99,99,9,9,99,9,99,1,9,6,6,1,92,11,1496,1,1,MAZDA MX-5,10,E01030369,0,1
2024531427389,2024,531427389,1,9,0,-1,9,5,3,-1,0,8,0,0,0,0,3,1,-1,9,2,25,5,1798,1,17,MAZDA MX-5,9,E01022434,0,1
2024041508895,2024,041508895,1,9,0,-1,19,3,7,-1,0,0,1,0,1,2,3,1,-1,9,1,46,8,1999,1,16,MAZDA MX-5,2,E01025044,0,3
202454B884824,2024,54B884824,1,9,0,18,19,2,6,0,0,0,2,0,1,11,1,1,6,6,1,79,11,1798,1,13,MAZDA MX-5,7,E01020202,0,5
2024471472709,2024,471472709,2,9,0,-1,9,5,1,-1,0,0,0,0,0,0,4,1,-1,6,1,25,5,1998,1,9,MAZDA MX-5,8,E01021088,0,1
2024031448098,2024,031448098,1,9,0,-1,3,7,3,-1,0,0,0,0,0,0,1,1,-1,9,1,56,9,1999,1,14,MAZDA MX-5,4,E01026385,0,5
2024440081881,2024,440081881,2,9,0,18,19,8,4,0,0,8,0,0,7,4,1,1,6,6,1,26,6,1598,1,25,MAZDA MX-5,8,E01022718,0,1
2024010533121,2024,010533121,1,9,0,4,4,7,3,0,0,2,0,0,0,0,3,1,6,6,2,77,11,1998,1,3,MAZDA MX-5,7,E01002871,0,1
2024351491101,2024,351491101,1,9,0,-1,5,5,1,-1,0,4,0,0,0,0,2,1,-1,6,1,84,11,1999,1,17,MAZDA MX-5,8,E01018302,0,1
2024440096668,2024,440096668,2,9,0,3,3,6,2,0,0,0,0,0,0,0,2,1,2,2,2,42,7,1496,1,6,MAZDA MX-5,7,E01023257,0,1
2024548481224,2024,548481224,1,9,0,18,19,3,7,0,0,3,0,0,1,2,1,1,6,6,1,19,4,1839,1,21,MAZDA MX-5,1,E01015558,0,1
2024320102717,2024,320102717,1,9,0,13,13,6,2,0,0,1,1,0,1,9,1,1,-1,-1,2,68,10,1999,1,17,MAZDA MX-5,6,E01026047,0,3
2024548041824,2024,548041824,1,9,0,18,19,1,5,0,0,1,0,0,0,0,1,1,2,2,1,33,6,1600,1,33,MAZDA MX-5,6,E01031985,0,1
2024201530116,2024,201530116,1,9,0,-1,19,4,8,-1,0,2,0,0,0,0,1,1,-1,6,2,63,9,1993,12,0,-1,6,E01009586,0,1
2024302401784,2024,302401784,1,19,0,-1,4,6,8,-1,0,0,0,0,0,0,4,1,-1,2,3,-1,-1,-1,3,3,MERCEDES VITO,-1,-1,0,-1
2024461469999,2024,461469999,2,8,0,-1,19,8,4,-1,0,0,0,0,0,0,3,1,-1,1,1,37,7,2143,2,7,MERCEDES VITO,5,E01033087,0,1
2024351420175,2024,351420175,2,9,0,-1,2,0,0,-1,0,0,0,0,0,0,2,1,-1,6,-1,-1,-1,1950,2,3,MERCEDES VITO,-1,-1,0,-1
2024471406849,2024,471406849,2,20,0,-1,5,7,3,-1,0,6,0,0,0,0,-1,1,-1,6,3,38,7,-1,-1,-1,MERCEDES VITO,3,E01031453,0,2
2024201463418,2024,201463418,1,19,0,-1,19,6,2,-1,0,4,0,0,0,0,1,1,-1,2,1,58,9,2143,2,12,MERCEDES VITO,5,E01010418,0,1
2024302400935,2024,302400935,3,19,0,2,2,0,0,0,0,0,0,0,0,0,1,1,6,6,3,-1,-1,2148,2,19,MERCEDES VITO,-1,-1,0,-1
2024461459205,2024,461459205,1,9,0,-1,1,2,4,-1,0,1,0,0,0,0,2,9,-1,6,1,22,5,-1,3,3,MERCEDES VITO,1,E01016441,0,4
2024371497079,2024,371497079,1,9,0,-1,9,1,6,-1,0,8,0,0,0,0,4,1,-1,6,2,44,7,2148,2,14,MERCEDES VITO,3,E01029968,0,4
2024010520906,2024,010520906,4,9,0,3,3,5,1,0,0,1,0,0,0,0,4,1,6,6,1,43,7,2143,2,5,MERCEDES VITO,6,E01023320,0,3
2024010523213,2024,010523213,1,9,0,18,19,5,1,0,0,0,0,0,0,0,1,1,6,6,1,14,3,2143,2,5,MERCEDES VITO,3,E01003582,0,1
2024041511803,2024,041511803,1,9,0,-1,5,0,0,-1,0,0,0,0,0,0,0,1,-1,1,2,39,7,-1,-1,-1,MERCEDES VITO,1,E01012687,0,1
2024131466962,2024,131466962,2,19,0,-1,4,7,3,-1,0,0,0,0,0,0,1,1,-1,1,1,37,7,1950,2,0,MERCEDES VITO,4,E01010746,0,3
2024201425515,2024,201425515,1,19,0,-1,19,1,5,-1,0,0,0,0,0,0,2,1,-1,6,-1,-1,-1,1950,2,2,MERCEDES VITO,-1,-1,0,-1
2024211514371,2024,211514371,1,9,0,-1,19,7,2,-1,0,8,0,0,0,0,1,1,-1,9,2,59,9,1950,2,1,MERCEDES VITO,8,E01029579,0,1
2024010519781,2024,010519781,2,8,0,99,99,9,9,99,99,9,9,99,9,99,1,9,6,6,3,-1,-1,2143,2,7,MERCEDES VITO,-1,-1,0,-1
2024411469195,2024,411469195,2,19,0,-1,19,8,4,-1,0,0,0,0,1,0,1,1,-1,1,1,56,9,2143,2,7,MERCEDES VITO,5,E01002212,0,3
2024461463775,2024,461463775,1,9,0,-1,1,3,7,-1,0,1,0,0,0,0,2,9,-1,6,1,-1,-1,-1,-1,-1,MERCEDES VITO,3,E01000925,0,5
2024010511727,2024,010511727,2,19,0,18,19,5,1,0,0,8,0,0,0,0,1,1,6,6,1,42,7,2143,2,5,MERCEDES VITO,7,E01001495,0,2
2024501416919,2024,501416919,1,8,0,-1,4,1,5,-1,0,1,0,0,0,0,0,1,-1,1,1,37,7,2143,2,8,MERCEDES VITO,3,E01019991,0,1
2024101451664,2024,101451664,1,19,0,-1,12,3,3,-1,0,3,0,0,0,0,0,1,-1,1,2,53,8,1950,2,3,MERCEDES VITO,6,E01012366,0,4
2024010528495,2024,010528495,3,19,0,18,19,5,1,0,0,1,0,0,0,0,1,1,6,6,1,41,7,2143,2,6,MERCEDES VITO,10,E01023563,0,4
2024440248709,2024,440248709,2,19,4,18,19,8,4,0,0,0,0,0,0,0,1,1,2,2,1,75,10,2143,2,9,MERCEDES VITO,9,E01019900,0,5
2024461459560,2024,461459560,1,19,0,-1,19,2,6,-1,0,0,0,4,0,0,4,1,-1,1,1,37,7,2143,2,12,MERCEDES VITO,-1,-1,0,-1
2024010518518,2024,010518518,2,8,0,18,19,5,1,0,0,1,0,0,0,0,3,1,6,6,3,-1,-1,1950,2,3,MERCEDES VITO,-1,-1,0,-1
2024161475636,2024,161475636,2,19,0,-1,19,3,7,-1,0,1,0,0,0,0,-1,1,-1,1,1,59,9,2143,2,8,MERCEDES VITO,-1,-1,0,-1
2024031419593,2024,031419593,2,19,0,-1,19,1,5,-1,0,1,0,0,0,0,1,1,-1,2,1,53,8,2143,2,11,MERCEDES VITO,6,E01019100,0,1
2024411504309,2024,411504309,1,19,0,-1,19,6,2,-1,0,0,0,0,0,0,1,1,-1,1,1,54,8,2143,2,6,MERCEDES VITO,7,E01023531,0,2
2024461418868,2024,461418868,1,8,0,-1,9,8,5,-1,0,1,0,0,1,0,4,1,-1,1,1,63,9,2143,2,7,MERCEDES VITO,1,E01034996,0,1
2024061480188,2024,061480188,1,8,0,-1,9,7,5,-1,0,0,0,0,0,0,4,1,-1,6,-1,-1,-1,2143,2,6,MERCEDES VITO,-1,-1,0,-1
2024501405729,2024,501405729,2,8,0,-1,19,6,3,-1,0,8,0,0,0,0,1,1,-1,6,1,50,8,2143,2,8,MERCEDES VITO,3,E01020005,0,1
2024131403892,2024,131403892,2,19,0,-1,19,7,3,-1,0,1,0,0,0,0,4,1,-1,2,1,33,6,1598,2,5,MERCEDES VITO,7,E01010859,0,2
2024061477446,2024,061477446,2,10,0,-1,19,-1,-1,-1,0,6,0,1,0,0,1,1,-1,6,3,-1,-1,-1,-1,-1,MERCEDES VITO,-1,-1,0,-1
2024201491434,2024,201491434,1,19,0,-1,19,2,6,-1,0,0,0,0,0,0,1,1,-1,2,1,51,8,1598,2,7,MERCEDES VITO,-1,-1,0,-1
2024311472532,2024,311472532,2,19,0,-1,19,1,5,-1,0,0,0,0,0,0,1,1,-1,1,1,36,7,1750,2,4,MERCEDES VITO,1,E01011617,0,4
2024991452294,2024,991452294,1,8,0,-1,5,1,5,-1,0,8,0,0,1,0,3,1,-1,1,1,59,9,2143,2,12,MERCEDES VITO,10,-1,0,2
2024010518474,2024,010518474,1,8,0,18,19,7,3,0,0,0,0,0,0,0,3,1,1,1,1,67,10,2143,2,11,MERCEDES VITO,7,E01030049,0,5
2024201498058,2024,201498058,1,8,0,-1,19,2,6,-1,0,8,0,0,0,0,1,1,-1,6,1,48,8,2148,2,14,MERCEDES VITO,-1,-1,0,-1
2024991415860,2024,991415860,1,9,0,-1,19,5,1,-1,0,3,0,0,0,0,3,1,-1,9,2,30,6,1950,2,1,MERCEDES VITO,2,-1,0,3
2024201470246,2024,201470246,1,8,0,-1,19,6,2,-1,0,0,0,0,0,0,1,1,-1,1,1,53,8,2143,2,6,MERCEDES VITO,1,E01009328,0,2
2024101468591,2024,101468591,1,19,0,-1,1,4,8,-1,0,0,0,0,0,0,2,9,-1,6,1,40,7,1750,2,3,MERCEDES VITO,3,E01008455,0,1
2024991436513,2024,991436513,2,8,0,-1,19,7,3,-1,0,1,0,0,0,0,1,1,-1,1,1,43,7,1950,2,2,MERCEDES VITO,7,-1,0,4
2024411542246,2024,411542246,1,9,0,-1,19,3,7,-1,0,0,0,0,0,0,1,1,-1,6,1,61,9,1950,2,3,MERCEDES VITO,1,E01021990,0,5
2024010501038,2024,010501038,1,8,0,3,3,6,2,0,0,0,0,0,0,0,3,1,1,1,1,29,6,2143,2,7,MERCEDES VITO,3,E01003588,0,3
2024421464051,2024,421464051,2,19,0,-1,19,7,3,-1,0,0,1,0,4,0,4,1,-1,2,1,43,7,2987,2,10,MERCEDES VITO,2,E01022056,0,4
2024010531357,2024,010531357,1,8,9,18,19,7,3,0,0,9,0,11,0,0,3,1,6,6,1,42,7,2143,2,7,MERCEDES VITO,6,E01001451,0,3
2024440330855,2024,440330855,2,19,0,5,5,8,4,0,0,8,0,0,0,0,2,1,6,6,1,47,8,-1,3,2,MERCEDES VITO,9,E01023229,0,1
2024991437737,2024,991437737,1,19,0,-1,19,2,6,-1,0,1,0,10,0,0,1,1,-1,1,1,29,6,1950,2,0,MERCEDES VITO,-1,-1,0,-1
2024440404207,2024,440404207,1,19,0,4,4,1,5,0,0,1,0,0,0,0,1,1,1,1,1,-1,-1,1598,2,5,MERCEDES VITO,3,E01017149,0,1
2024010508597,2024,010508597,1,9,0,9,9,5,3,0,0,8,0,0,0,0,1,1,1,1,1,42,7,2143,2,8,MERCEDES VITO,1,E01002854,0,3
2024231462951,2024,231462951,2,19,0,-1,-1,7,3,-1,-1,0,0,0,0,0,3,9,-1,-1,-1,42,7,1950,2,3,MERCEDES VITO,4,E01007757,0,5
2024061428840,2024,061428840,2,9,0,-1,2,3,7,-1,0,0,0,0,0,0,1,1,-1,1,1,66,10,2143,2,7,MERCEDES VITO,1,E01010748,0,4
2024440341811,2024,440341811,2,19,0,3,3,1,5,0,0,0,0,0,0,0,2,1,6,6,1,46,8,2148,2,17,MERCEDES VITO,7,E01017344,0,2
2024061424718,2024,061424718,2,8,0,-1,19,7,4,-1,0,8,0,0,0,0,1,1,-1,1,1,41,7,2143,2,6,MERCEDES VITO,4,E01005029,0,2
2024010540233,2024,010540233,1,9,0,4,4,3,7,0,0,5,0,0,0,0,2,1,1,1,1,53,8,2143,2,5,MERCEDES VITO,3,E01035673,0,2
2024221451468,2024,221451468,1,19,0,-1,6,3,3,-1,0,0,0,0,0,0,3,1,-1,9,1,29,6,1750,2,3,MERCEDES VITO,8,E01032455,0,1
2024401471550,2024,401471550,2,9,0,-1,19,4,8,-1,0,0,0,0,0,0,3,1,-1,1,1,46,8,-1,-1,-1,MERCEDES VITO,2,E01015699,0,2
2024351412398,2024,351412398,1,19,-1,-1,-1,-1,-1,-1,-1,-1,-1,-1,-1,0,-1,9,-1,6,1,57,9,2148,2,18,MERCEDES VITO,6,E01018297,0,2
2024010544780,2024,010544780,1,19,0,99,99,9,9,99,99,9,9,99,9,99,2,9,2,2,1,45,7,2143,2,5,MERCEDES VITO,6,E01002246,0,2
2024010507948,2024,010507948,1,19,0,99,99,9,9,99,99,9,9,99,9,99,9,9,6,6,1,73,10,-1,3,4,MERCEDES VITO,3,E01003160,0,2
2024461505501,2024,461505501,1,20,0,-1,19,6,1,-1,0,8,0,0,0,0,1,9,-1,6,1,-1,-1,-1,-1,-1,MERCEDES VITO,7,E01024743,0,3
2024041509284,2024,041509284,3,19,0,-1,19,5,1,-1,0,0,0,0,0,0,1,1,-1,9,1,27,6,-1,3,1,MERCEDES VITO,1,-1,0,5
2024010512344,2024,010512344,2,9,0,18,19,1,5,0,0,0,0,4,0,0,2,1,1,1,1,27,6,1950,2,3,MERCEDES VITO,7,E01031603,0,4
2024010532519,2024,010532519,2,19,0,4,4,2,6,0,0,0,0,0,0,0,1,1,6,6,1,43,7,1598,2,8,MERCEDES VITO,4,E01000625,0,1
2024440091771,2024,440091771,1,19,0,13,13,6,2,0,0,1,0,0,4,6,4,1,6,6,1,33,6,2148,2,19,MERCEDES VITO,10,E01020358,0,4
2024041397414,2024,041397414,1,9,0,-1,3,7,3,-1,0,4,0,0,0,0,-1,9,-1,6,1,54,8,2143,2,12,MERCEDES VITO,1,E01012578,0,3
2024201463322,2024,201463322,1,8,0,-1,1,4,5,-1,9,0,0,10,1,0,2,1,-1,1,1,40,7,2143,2,10,MERCEDES VITO,-1,-1,0,-1
2024201400937,2024,201400937,1,19,0,-1,12,2,6,-1,0,0,0,0,0,0,3,9,-1,6,1,57,9,1950,2,3,MERCEDES VITO,1,E01009571,0,1
2024320737074,2024,320737074,4,19,0,3,3,6,2,0,0,0,0,0,0,0,2,1,6,6,1,39,7,1950,2,3,MERCEDES VITO,7,E01026272,0,1
2024411503411,2024,411503411,1,9,0,-1,99,4,8,-1,0,0,9,99,0,0,1,1,-1,6,1,49,8,2143,2,6,MERCEDES VITO,3,E01015702,0,2
2024010524430,2024,010524430,1,19,0,1,1,7,3,5,5,1,0,0,0,0,2,1,1,1,1,43,7,1598,2,7,MERCEDES VITO,4,E01001756,0,1
2024131522169,2024,131522169,1,19,0,-1,2,3,7,-1,0,0,0,0,0,0,2,1,-1,2,1,43,7,2148,2,15,MERCEDES VITO,2,E01034108,0,4
2024471508597,2024,471508597,1,9,0,-1,19,0,0,-1,0,0,0,0,0,0,4,1,-1,1,1,31,6,2143,2,5,MERCEDES VITO,5,E01016966,0,1
2024201422880,2024,201422880,1,19,0,-1,9,1,3,-1,0,5,0,0,0,0,1,9,-1,6,1,30,6,2148,2,16,MERCEDES VITO,-1,-1,0,-1
2024411525970,2024,411525970,2,9,0,-1,19,5,1,-1,0,0,0,0,0,0,1,1,-1,9,1,58,9,1950,2,3,MERCEDES VITO,7,E01027622,0,5
2024440510598,2024,440510598,1,19,0,18,19,3,7,0,0,0,0,0,0,0,1,1,6,6,1,47,8,2143,2,5,MERCEDES VITO,3,E01017098,0,1
2024131516906,2024,131516906,1,9,0,-1,19,3,7,-1,0,0,0,0,0,0,1,1,-1,9,1,40,7,1950,2,4,MERCEDES VITO,6,E01021502,0,5
2024010549896,2024,010549896,1,19,0,7,7,3,5,0,0,2,0,11,0,0,1,1,2,2,1,36,7,-1,3,3,MERCEDES VITO,4,E01002707,0,1
2024471449517,2024,471449517,1,19,0,-1,1,3,7,-1,0,0,0,0,0,0,4,1,-1,2,1,30,6,1950,2,3,MERCEDES VITO,2,E01016910,0,1
2024010494454,2024,010494454,1,19,0,6,6,5,5,0,0,2,0,0,0,0,3,1,6,6,3,-1,-1,-1,3,1,MERCEDES VITO,-1,-1,0,-1
2024622400730,2024,622400730,2,19,0,4,4,8,4,0,0,0,0,0,0,0,1,1,2,2,1,35,6,2148,2,13,MERCEDES VITO,3,W01001605,0,3
2024430201303,2024,430201303,2,10,0,18,19,8,4,0,0,1,0,0,0,0,1,1,6,6,1,-1,-1,-1,-1,-1,MERCEDES VITO,-1,-1,0,-1
2024010503431,2024,010503431,2,19,0,18,19,5,1,0,0,1,0,0,0,0,1,1,6,6,1,58,9,2143,2,5,MERCEDES VITO,2,E01001971,0,1
2024041500765,2024,041500765,1,19,0,-1,19,1,5,-1,0,0,0,0,0,0,1,1,-1,2,1,23,5,1598,2,6,MERCEDES VITO,5,E01025604,0,2
2024010507025,2024,010507025,1,8,0,18,19,1,5,0,0,4,0,0,0,0,1,1,2,2,1,65,9,2143,2,8,MERCEDES VITO,3,E01002595,0,1
2024052400281,2024,052400281,3,8,0,3,3,5,1,0,0,0,0,0,0,0,2,1,1,1,1,65,9,2143,2,7,MERCEDES VITO,1,E01006440,0,1
2024061414860,2024,061414860,2,8,0,-1,7,-1,-1,-1,0,3,0,7,1,0,1,1,-1,1,1,44,7,2148,2,15,MERCEDES VITO,1,E01034138,0,1
2024010503148,2024,010503148,1,19,0,3,3,7,3,0,0,0,0,0,0,0,2,1,1,1,1,59,9,1950,2,0,MERCEDES VITO,8,E01023311,0,3
2024221529721,2024,221529721,1,19,0,-1,9,3,1,-1,0,5,0,0,0,0,4,1,-1,6,1,31,6,2148,2,17,MERCEDES VITO,6,E01014290,0,4
2024010529362,2024,010529362,1,9,0,18,19,3,7,0,0,0,0,0,0,0,3,1,6,6,1,55,8,2148,2,14,MERCEDES VITO,2,E01033605,0,1
2024010545693,2024,010545693,2,19,0,99,99,9,9,99,99,9,9,99,9,99,9,9,6,6,3,-1,-1,1598,2,5,MERCEDES VITO,3,E01035604,0,4
2024440078471,2024,440078471,1,8,0,3,3,2,6,0,0,1,0,0,0,0,2,1,1,1,1,42,7,2143,2,5,MERCEDES VITO,2,E01017244,0,1
2024371414180,2024,371414180,2,19,0,-1,4,5,1,-1,0,1,0,0,0,0,1,1,-1,2,1,30,6,1950,2,1,MERCEDES VITO,-1,-1,0,-1
2024201481138,2024,201481138,2,19,0,-1,3,4,8,-1,0,1,0,0,0,0,2,1,-1,6,1,22,5,2143,2,4,MERCEDES VITO,2,E01010315,0,1
2024041416034,2024,041416034,4,19,0,-1,19,3,7,-1,0,0,0,0,0,0,2,1,-1,6,1,63,9,2143,2,5,MERCEDES VITO,2,E01012608,0,2
2024101521551,2024,101521551,1,19,0,-1,9,3,1,-1,0,8,0,0,0,0,1,1,-1,6,1,56,9,1598,2,9,MERCEDES VITO,8,E01008278,0,1
2024010527306,2024,010527306,1,19,0,11,11,7,3,0,0,1,0,0,0,0,4,1,1,1,1,27,6,-1,3,2,MERCEDES VITO,2,E01033584,0,3
2024010525569,2024,010525569,1,8,9,99,99,9,9,0,0,9,9,99,9,99,9,1,6,6,1,34,6,2143,2,7,MERCEDES VITO,6,E01002901,0,1
2024131444117,2024,131444117,1,9,0,-1,7,7,1,-1,0,5,0,0,0,0,1,1,-1,6,2,-1,-1,2143,2,9,MERCEDES VITO,-1,-1,0,-1
2024131436382,2024,131436382,2,19,0,-1,19,7,3,-1,0,0,0,0,0,0,4,1,-1,1,1,29,6,2143,2,4,MERCEDES VITO,8,E01028116,0,4
2024061403878,2024,061403878,1,9,0,-1,19,7,3,-1,0,0,0,0,0,0,1,1,-1,1,1,54,8,-1,-1,-1,MERCEDES VITO,8,E01005770,0,1
2024221522534,2024,221522534,2,8,0,-1,2,0,0,-1,0,0,0,0,0,0,3,1,-1,6,1,42,7,2148,2,16,MERCEDES VITO,5,E01012323,0,5
2024131450373,2024,131450373,1,9,0,-1,19,1,5,-1,0,2,0,0,0,0,2,1,-1,2,1,51,8,2143,2,8,MERCEDES VITO,1,E01010739,0,1
2024052401811,2024,052401811,2,19,0,18,19,5,1,0,0,8,0,0,0,0,4,1,6,6,1,54,8,1598,2,7,MERCEDES VITO,7,E01006856,0,1
2024070714901,2024,070714901,1,19,0,-1,19,1,1,-1,0,0,0,0,0,0,0,1,-1,6,1,39,7,2143,2,6,MERCEDES VITO,9,E01034665,0,2
2024461470273,2024,461470273,3,19,0,-1,2,0,0,-1,0,2,0,0,0,0,3,1,-1,6,-1,-1,-1,1598,2,8,MERCEDES VITO,-1,-1,0,-1
2024052402526,2024,052402526,2,19,5,2,2,0,0,0,0,0,0,0,0,0,2,1,1,1,3,-1,-1,2148,2,15,MERCEDES VITO,-1,-1,0,-1
2024221463420,2024,221463420,2,19,0,-1,19,8,4,-1,0,0,0,0,0,0,3,9,-1,2,1,46,8,2148,2,16,MERCEDES VITO,4,E01014169,0,3
2024440143709,2024,440143709,1,8,0,9,9,6,5,0,0,8,0,0,0,0,4,1,1,1,1,51,8,2148,2,14,MERCEDES VITO,3,E01017227,0,1
2024070052020,2024,070052020,2,19,0,17,19,1,5,0,0,0,0,0,0,0,4,1,2,2,1,52,8,-1,3,2,MERCEDES VITO,10,E01006135,0,2
2024440343900,2024,440343900,1,8,0,9,9,3,1,0,0,8,0,0,0,0,1,1,1,1,1,57,9,2143,2,8,MERCEDES VITO,5,E01022548,0,1
2024010501997,2024,010501997,2,19,0,99,99,9,9,99,99,5,9,99,9,99,9,9,6,6,1,36,7,-1,3,2,MERCEDES VITO,10,E01030366,0,3
2024440466425,2024,440466425,1,9,0,18,19,5,1,0,0,0,0,0,0,0,1,1,6,6,1,45,7,2143,2,5,MERCEDES VITO,5,E01015475,0,4
2024010518588,2024,010518588,1,8,0,18,19,3,7,0,0,2,0,0,0,0,3,1,1,1,1,54,8,2143,2,7,MERCEDES VITO,8,E01002273,0,4
2024010528753,2024,010528753,2,8,0,18,19,7,3,0,0,0,0,0,0,0,1,1,1,1,1,42,7,2143,2,7,MERCEDES VITO,5,E01003757,0,1
202417M116924,2024,17M116924,2,8,0,-1,19,6,2,-1,0,8,0,0,0,0,1,1,-1,1,1,33,6,2143,2,7,MERCEDES VITO,-1,-1,0,-1
2024501511210,2024,501511210,3,19,0,-1,19,5,1,-1,0,0,0,0,0,0,1,1,-1,2,1,50,8,2143,2,14,MERCEDES VITO,1,E01015196,0,2
2024451466553,2024,451466553,1,9,0,-1,-1,-1,-1,-1,-1,0,-1,-1,-1,0,1,1,-1,1,1,54,8,2143,2,5,MERCEDES VITO,9,E01023115,0,4
2024010535250,2024,010535250,1,8,0,18,19,1,5,0,0,1,0,0,0,0,1,1,1,1,1,54,8,2143,2,7,MERCEDES VITO,5,E01004418,0,3
2024371398663,2024,371398663,1,8,0,-1,4,-1,-1,-1,-1,0,-1,-1,-1,0,-1,9,-1,1,1,53,8,2143,2,11,MERCEDES VITO,2,E01030029,0,1