collision_index,collision_year,collision_ref_no,vehicle_reference,vehicle_type,towing_and_articulation,vehicle_manoeuvre_historic,vehicle_manoeuvre,vehicle_direction_from,vehicle_direction_to,vehicle_location_restricted_lane_historic,vehicle_location_restricted_lane,junction_location,skidding_and_overturning,hit_object_in_carriageway,vehicle_leaving_carriageway,hit_object_off_carriageway,first_point_of_impact,vehicle_left_hand_drive,journey_purpose_of_driver_historic,journey_purpose_of_driver,sex_of_driver,age_of_driver,age_band_of_driver,engine_capacity_cc,propulsion_code,age_of_vehicle,generic_make_model,driver_imd_decile,lsoa_of_driver,escooter_flag,driver_distance_banding
2024010511808,2024,010511808,3,9,0,3,3,8,4,0,0,1,0,0,0,0,2,1,6,6,3,49,8,1950,2,5,MERCEDES VITO,3,E01001548,0,3
2024141399542,2024,141399542,1,9,0,-1,9,2,8,-1,0,6,0,0,0,0,3,1,-1,1,1,63,9,2148,2,14,MERCEDES VITO,6,E01007565,0,1
2024122400200,2024,122400200,2,19,0,18,19,5,1,0,0,1,0,0,0,0,1,1,1,1,2,52,8,1598,2,7,MERCEDES VITO,6,E01013364,0,1
2024549392624,2024,549392624,2,9,0,3,3,6,2,0,0,1,0,0,0,0,2,1,6,6,1,55,8,1950,2,3,MERCEDES VITO,-1,-1,0,-1
2024430108959,2024,430108959,2,19,0,18,19,8,4,0,0,8,0,0,0,0,1,1,1,1,1,49,8,2148,2,13,MERCEDES VITO,4,E01017666,0,4
2024371452173,2024,371452173,2,19,0,-1,9,6,3,-1,0,0,0,0,0,0,0,1,-1,6,1,44,7,2148,2,14,MERCEDES VITO,-1,-1,0,-1
2024440291595,2024,440291595,2,19,0,9,9,5,4,0,0,8,0,0,0,0,4,1,1,1,1,41,7,2143,2,10,MERCEDES VITO,7,E01022795,0,1
2024991517371,2024,991517371,2,8,0,-1,9,4,1,-1,0,8,0,0,0,0,4,1,-1,1,1,45,7,1950,2,3,MERCEDES VITO,1,-1,0,1
2024010498941,2024,010498941,1,8,0,18,19,7,3,0,0,2,0,0,0,0,1,1,1,1,1,57,9,2143,2,11,MERCEDES VITO,10,E01024151,0,3
2024010524930,2024,010524930,2,19,0,99,99,9,9,99,99,9,9,99,9,99,9,9,6,6,1,58,9,2143,2,6,MERCEDES VITO,4,E01002015,0,2
2024421433732,2024,421433732,1,8,0,-1,6,7,7,-1,0,0,0,0,0,0,3,1,-1,1,1,52,8,2143,2,7,MERCEDES VITO,3,E01003588,0,4
2024351493485,2024,351493485,1,19,0,-1,19,8,4,-1,0,0,0,0,0,0,2,1,-1,1,1,44,7,2143,2,11,MERCEDES VITO,4,E01026606,0,5
2024131461908,2024,131461908,1,9,0,-1,19,2,6,-1,0,1,0,0,0,0,-1,1,-1,6,3,-1,-1,2143,2,10,MERCEDES VITO,-1,-1,0,-1
2024461451148,2024,461451148,1,19,0,-1,4,5,5,-1,0,0,1,0,0,0,1,9,-1,2,1,23,5,1750,2,4,MERCEDES VITO,4,E01024566,0,1
2024211576036,2024,211576036,1,10,0,-1,19,3,7,-1,0,0,0,0,0,0,2,1,-1,9,1,20,4,-1,-1,-1,MERCEDES VITO,-1,-1,0,-1
2024311418489,2024,311418489,1,8,0,-1,5,3,7,-1,0,0,0,0,0,0,2,1,-1,1,1,40,7,2143,2,5,MERCEDES VITO,2,E01028267,0,1
2024231504362,2024,231504362,3,8,0,-1,19,6,2,-1,0,0,0,1,7,6,1,9,-1,6,1,52,8,2143,2,3,MERCEDES VITO,8,E01035036,0,4
2024010538125,2024,010538125,1,19,0,1,1,5,1,0,0,0,0,0,0,0,2,1,1,1,1,35,6,1598,2,6,MERCEDES VITO,-1,-1,0,-1
2024311523231,2024,311523231,2,19,0,-1,19,3,7,-1,0,0,1,0,0,0,1,1,-1,6,1,44,7,2148,2,14,MERCEDES VITO,-1,-1,0,-1
2024440501501,2024,440501501,1,19,0,5,5,7,1,0,0,6,0,0,0,0,1,1,6,6,1,37,7,2151,2,23,MERCEDES VITO,2,E01022904,0,1
2024010525283,2024,010525283,1,19,0,18,19,1,5,0,0,1,0,0,0,0,2,1,6,6,3,-1,-1,1598,2,5,MERCEDES VITO,-1,-1,0,-1
2024320753169,2024,320753169,1,19,0,-1,-1,8,3,0,0,3,0,0,1,0,1,1,-1,-1,1,33,6,1598,2,6,MERCEDES VITO,3,E01026134,0,1
2024010532383,2024,010532383,2,9,0,99,99,9,9,99,99,5,9,99,9,99,9,9,6,6,1,72,10,2143,2,5,MERCEDES VITO,6,E01003713,0,1
2024461477222,2024,461477222,1,8,0,-1,1,7,3,-1,0,1,0,0,0,0,2,1,-1,6,1,52,8,2143,2,7,MERCEDES VITO,2,E01024246,0,1
2024411425311,2024,411425311,1,19,-1,-1,-1,-1,-1,-1,-1,0,-1,-1,-1,0,-1,9,-1,6,3,-1,-1,2143,2,8,MERCEDES VITO,-1,-1,0,-1
2024010503434,2024,010503434,1,9,0,3,3,3,7,0,0,8,0,0,0,0,1,1,1,1,1,47,8,1950,2,3,MERCEDES VITO,3,E01002649,0,2
2024430406907,2024,430406907,2,8,0,18,19,1,5,0,0,0,0,0,0,0,1,1,2,2,1,36,7,2143,2,10,MERCEDES VITO,3,E01016422,0,1
202460Q002283,2024,60Q002283,1,19,0,18,19,7,3,0,0,0,0,0,1,4,1,1,6,6,1,34,6,1950,2,2,MERCEDES VITO,-1,-1,0,-1
2024070345844,2024,070345844,1,19,0,5,5,5,1,0,0,1,0,0,0,0,1,1,1,1,1,58,9,1750,2,4,MERCEDES VITO,2,E01005125,0,3
2024311480818,2024,311480818,1,9,0,-1,19,7,3,-1,1,8,0,0,0,0,4,1,-1,9,1,41,7,2987,2,12,MERCEDES VITO,7,E01028182,0,2
2024141477833,2024,141477833,1,19,0,-1,19,5,1,-1,0,0,0,0,0,0,1,1,-1,1,1,31,6,2143,2,11,MERCEDES VITO,3,E01007479,0,1
2024332401124,2024,332401124,2,19,0,-1,4,2,6,-1,0,0,0,0,1,0,2,1,-1,9,1,65,9,2987,2,11,MERCEDES VITO,8,E01027026,0,4
2024461518919,2024,461518919,2,8,0,-1,19,7,4,-1,0,0,0,0,0,0,1,1,-1,1,1,45,7,2143,2,5,MERCEDES VITO,8,E01024351,0,1
2024061520100,2024,061520100,2,9,-1,-1,-1,-1,-1,-1,-1,-1,-1,-1,-1,0,-1,9,-1,6,3,-1,-1,-1,-1,-1,MERCEDES VITO,-1,-1,0,-1
2024440552645,2024,440552645,1,19,0,3,3,2,7,0,0,0,0,0,0,0,2,1,1,1,1,62,9,2148,2,17,MERCEDES VITO,7,E01022946,0,2
2024041420496,2024,041420496,1,9,0,-1,19,3,7,-1,0,1,0,0,0,0,3,1,-1,1,1,53,8,-1,-1,-1,MERCEDES VITO,7,E01025251,0,1
2024052402596,2024,052402596,1,8,0,18,19,6,1,0,0,2,0,0,0,0,1,1,1,1,1,42,7,2143,2,11,MERCEDES VITO,1,E01006563,0,1
2024471481590,2024,471481590,1,9,0,-1,19,2,6,-1,0,1,0,0,0,0,1,1,-1,9,1,37,7,1950,2,3,MERCEDES VITO,4,E01035251,0,4
2024010506212,2024,010506212,2,19,9,18,19,1,5,99,99,9,9,0,9,99,1,9,6,6,3,-1,-1,-1,3,1,MERCEDES VITO,-1,-1,0,-1
2024631514462,2024,631514462,1,19,0,-1,19,5,1,-1,0,0,0,0,0,0,1,1,-1,1,1,-1,-1,1598,2,5,MERCEDES VITO,2,E01028908,0,4
2024552400819,2024,552400819,1,19,0,18,19,3,7,0,0,0,0,0,0,0,1,1,2,2,1,26,6,2143,2,9,MERCEDES VITO,7,E01020479,0,1
2024991446656,2024,991446656,1,19,0,-1,12,4,8,-1,0,0,0,0,0,0,1,1,-1,6,1,37,7,2148,2,17,MERCEDES VITO,8,-1,0,2
2024041442753,2024,041442753,1,19,0,-1,19,2,5,-1,0,8,0,0,0,0,1,1,-1,9,1,31,6,1950,2,3,MERCEDES VITO,4,E01024969,0,3
2024332400316,2024,332400316,1,19,0,-1,19,1,5,-1,0,2,0,0,7,5,3,1,-1,6,1,54,8,2148,2,15,MERCEDES VITO,9,E01025758,0,2
2024991512995,2024,991512995,1,8,0,-1,19,7,3,-1,0,0,0,0,0,0,1,1,-1,6,1,58,9,2143,2,2,MERCEDES VITO,1,-1,0,3
2024361498133,2024,361498133,2,8,0,-1,19,1,5,-1,0,0,0,0,0,0,1,1,-1,1,1,38,7,2143,2,5,MERCEDES VITO,4,E01026925,0,1
2024052400723,2024,052400723,2,19,0,3,3,7,3,0,0,2,0,0,0,0,2,1,1,1,1,59,9,1950,2,3,MERCEDES VITO,-1,-1,0,-1
2024010497798,2024,010497798,1,8,0,18,19,5,1,0,0,1,0,0,0,0,1,2,1,1,1,60,9,2143,2,9,MERCEDES VITO,2,E01003243,0,3
2024531519917,2024,531519917,1,19,0,-1,9,5,3,-1,0,6,0,0,0,0,3,1,-1,1,1,52,8,1950,2,2,MERCEDES VITO,8,E01022462,0,3
2024010524750,2024,010524750,3,8,0,4,4,7,3,0,0,2,0,0,0,0,2,1,1,1,1,43,7,2143,2,7,MERCEDES VITO,-1,-1,0,-1
2024010549648,2024,010549648,2,19,0,9,9,1,7,0,0,8,0,0,0,0,1,1,2,2,1,47,8,2143,2,7,MERCEDES VITO,7,E01002198,0,1
2024010534578,2024,010534578,1,9,0,11,11,7,3,0,0,3,0,0,0,0,4,1,6,6,1,67,10,2143,2,8,MERCEDES VITO,8,E01001384,0,2
2024041498272,2024,041498272,2,19,0,-1,19,1,5,-1,0,8,0,0,0,0,3,1,-1,1,1,44,7,2143,2,8,MERCEDES VITO,5,E01012706,0,1
2024991483435,2024,991483435,3,9,0,-1,19,5,1,-1,0,0,0,0,0,0,1,1,-1,6,1,57,9,2143,2,6,MERCEDES VITO,-1,-1,0,-1
2024010550488,2024,010550488,1,8,9,5,5,7,3,99,99,0,9,99,9,99,9,9,6,6,3,-1,-1,2143,2,7,MERCEDES VITO,-1,-1,0,-1
2024461516600,2024,461516600,3,19,0,-1,19,1,5,-1,0,1,0,0,0,0,1,1,-1,9,1,36,7,1598,2,6,MERCEDES VITO,7,E01024465,0,1
2024361513041,2024,361513041,1,8,0,-1,1,3,7,-1,0,0,0,0,0,0,2,9,-1,1,1,28,6,1950,2,4,MERCEDES VITO,2,E01026818,0,2
2024010507281,2024,010507281,2,19,0,99,99,9,9,99,99,9,9,99,9,99,9,9,6,6,3,-1,-1,2143,2,9,MERCEDES VITO,-1,-1,0,-1
2024421475539,2024,421475539,4,19,0,-1,3,1,5,-1,0,0,0,0,0,0,2,9,-1,1,1,52,8,2143,2,5,MERCEDES VITO,3,E01023613,0,4
2024501428480,2024,501428480,1,19,0,-1,19,1,5,-1,0,0,0,0,0,0,1,1,-1,2,1,58,9,1598,2,6,MERCEDES VITO,4,E01020126,0,3
2024052401536,2024,052401536,2,8,0,2,2,0,0,0,0,0,0,0,0,0,0,1,6,6,3,-1,-1,2143,2,12,MERCEDES VITO,-1,-1,0,-1
2024411473774,2024,411473774,2,9,0,-1,3,0,0,-1,0,2,0,0,0,0,2,1,-1,6,1,49,8,2143,2,13,MERCEDES VITO,6,E01033308,0,2
2024991469045,2024,991469045,3,8,0,-1,3,7,3,-1,0,0,0,0,0,0,4,1,-1,1,1,44,7,2143,2,5,MERCEDES VITO,1,-1,0,1
2024991406115,2024,991406115,1,8,0,-1,1,8,2,-1,0,1,0,0,0,0,2,1,-1,1,1,54,8,2143,2,3,MERCEDES VITO,10,-1,0,1
2024421443487,2024,421443487,1,19,0,-1,5,7,3,-1,0,8,0,0,0,0,4,1,-1,6,3,-1,-1,2143,2,9,MERCEDES VITO,-1,-1,0,-1
2024231457066,2024,231457066,2,19,0,-1,19,1,3,-1,0,0,0,10,5,6,3,9,-1,2,1,30,6,2143,2,9,MERCEDES VITO,7,E01010461,0,4
2024010498597,2024,010498597,3,8,0,2,2,0,0,9,9,0,0,0,0,0,1,1,6,6,3,-1,-1,1950,2,5,MERCEDES VITO,-1,-1,0,-1
2024010529898,2024,010529898,2,9,0,9,9,1,7,0,0,8,0,0,0,0,3,1,1,1,1,57,9,2143,2,8,MERCEDES VITO,3,E01000404,0,4
2024411449831,2024,411449831,1,19,-1,-1,-1,-1,-1,-1,-1,-1,-1,-1,-1,0,-1,9,-1,6,1,30,6,1598,2,7,MERCEDES VITO,4,E01023781,0,3
2024061459741,2024,061459741,1,8,0,-1,19,5,1,-1,0,0,0,0,0,0,0,9,-1,1,1,-1,-1,2143,2,13,MERCEDES VITO,-1,-1,0,-1
2024610021924,2024,610021924,1,19,0,17,19,5,2,0,0,8,1,0,0,0,1,1,1,1,1,55,8,2143,2,6,MERCEDES VITO,6,E01018853,0,5
2024010511136,2024,010511136,1,19,0,18,19,5,1,0,0,7,0,0,0,0,1,1,1,1,1,41,7,-1,3,1,MERCEDES VITO,3,E01001246,0,1
2024031480465,2024,031480465,2,19,0,-1,19,7,3,-1,0,0,0,0,0,0,1,1,-1,1,1,33,6,1750,2,3,MERCEDES VITO,-1,-1,0,-1
2024010542239,2024,010542239,2,8,0,99,99,9,9,99,99,9,9,99,9,99,1,9,6,6,1,44,7,2143,2,7,MERCEDES VITO,3,E01003106,0,1
2024141492214,2024,141492214,3,9,0,-1,19,8,3,-1,0,0,0,0,7,11,1,1,-1,1,1,50,8,-1,-1,-1,MERCEDES VITO,1,E01005235,0,4
2024141441622,2024,141441622,2,19,0,-1,9,6,4,-1,0,8,0,0,0,0,-1,9,-1,6,3,-1,-1,2143,2,7,MERCEDES VITO,-1,-1,0,-1
2024991467478,2024,991467478,3,8,0,-1,19,6,2,-1,0,8,0,0,0,0,1,1,-1,1,1,69,10,2143,2,6,MERCEDES VITO,7,-1,0,2
2024631499269,2024,631499269,1,19,0,-1,7,6,1,-1,0,8,0,0,0,0,4,1,-1,1,1,56,9,1950,2,3,MERCEDES VITO,10,E01001456,0,5
2024991477277,2024,991477277,1,8,0,-1,19,6,2,-1,0,0,0,0,0,0,1,1,-1,1,1,38,7,1950,2,5,MERCEDES VITO,3,-1,0,5
2024991405533,2024,991405533,1,8,0,-1,4,7,3,-1,0,0,0,0,0,0,0,1,-1,1,1,62,9,2143,2,5,MERCEDES VITO,-1,-1,0,-1
2024010508270,2024,010508270,1,9,0,99,99,9,9,99,99,9,9,99,9,99,2,9,6,6,3,63,9,-1,3,3,MERCEDES VITO,9,E01024299,0,4
2024041455956,2024,041455956,1,19,0,-1,19,2,6,-1,0,0,0,0,0,0,3,1,-1,1,1,46,8,1950,2,3,MERCEDES VITO,1,E01012571,0,2
2024131531930,2024,131531930,1,19,0,-1,19,5,5,-1,0,1,0,0,0,0,1,1,-1,2,1,56,9,1950,2,1,MERCEDES VITO,5,E01011417,0,2
2024010529448,2024,010529448,1,8,0,3,3,3,7,0,0,1,0,0,0,0,3,1,6,6,1,43,7,2143,2,7,MERCEDES VITO,2,E01002588,0,1
2024461407850,2024,461407850,2,8,0,-1,9,5,3,-1,0,8,0,0,0,0,3,1,-1,1,1,63,9,1950,2,2,MERCEDES VITO,3,E01024239,0,3
2024010509516,2024,010509516,1,8,0,4,4,1,5,0,0,0,0,0,0,0,2,1,1,1,1,60,9,2143,2,12,MERCEDES VITO,9,E01030315,0,4
2024520003130,2024,520003130,1,19,5,18,19,-1,-1,0,0,0,0,0,0,0,1,1,1,1,1,56,9,1950,2,1,MERCEDES VITO,6,E01014439,0,1
2024991427153,2024,991427153,1,8,0,-1,5,2,4,-1,0,2,0,0,0,0,1,1,-1,1,1,65,9,2143,2,5,MERCEDES VITO,10,-1,0,1
2024010540543,2024,010540543,1,8,0,7,7,3,5,0,0,8,0,0,0,0,4,1,6,6,1,53,8,2143,2,7,MERCEDES VITO,6,E01016943,0,4
2024471410310,2024,471410310,2,19,0,-1,19,5,1,-1,0,0,0,0,1,0,2,1,-1,9,1,24,5,2151,2,21,MERCEDES VITO,2,E01020911,0,2
2024131430573,2024,131430573,3,19,0,-1,3,1,8,-1,0,1,0,0,0,0,4,1,-1,6,1,25,5,1598,2,5,MERCEDES VITO,4,E01008019,0,4
2024991520860,2024,991520860,1,10,0,-1,13,6,2,-1,0,0,0,0,0,0,1,2,-1,6,1,27,6,-1,-1,-1,MERCEDES VITO,6,-1,0,5
2024361433026,2024,361433026,1,19,0,-1,10,4,6,-1,0,1,0,0,0,0,1,1,-1,6,1,53,8,2143,2,8,MERCEDES VITO,2,E01030023,0,4
2024010523474,2024,010523474,2,9,0,99,99,9,9,99,99,9,9,99,9,99,9,9,6,6,3,41,7,2143,2,5,MERCEDES VITO,7,E01033463,0,3
2024010539146,2024,010539146,2,19,0,99,99,9,9,99,99,9,9,99,9,99,1,9,6,6,1,39,7,1950,2,1,MERCEDES VITO,9,E01000396,0,3
2024052400617,2024,052400617,1,9,0,18,19,7,3,0,0,3,0,0,0,0,3,1,1,1,1,66,10,-1,-1,-1,MERCEDES VITO,8,E01007097,0,3
2024471519741,2024,471519741,1,19,0,-1,19,3,7,-1,0,0,0,0,1,0,3,1,-1,6,1,41,7,1598,2,5,MERCEDES VITO,5,E01031835,0,3
2024430044598,2024,430044598,2,19,0,18,19,6,2,0,0,0,0,11,0,0,1,1,1,1,1,34,6,-1,-1,-1,MERCEDES VITO,8,E01000791,0,4
2024421460398,2024,421460398,2,19,0,-1,9,7,4,-1,0,8,0,0,0,0,1,1,-1,1,1,31,6,1950,2,3,MERCEDES VITO,4,E01021720,0,1
2024010515732,2024,010515732,2,19,0,13,13,3,7,0,0,1,0,0,0,0,0,1,6,6,1,52,8,1750,2,4,MERCEDES VITO,4,E01001294,0,2
2024351418060,2024,351418060,1,19,0,-1,19,4,8,-1,0,0,0,0,0,0,1,1,-1,1,1,63,9,2148,2,16,MERCEDES VITO,4,E01018044,0,3
2024471494534,2024,471494534,2,19,0,-1,19,3,7,-1,0,0,0,0,0,0,3,1,-1,1,1,29,6,1950,2,2,MERCEDES VITO,7,E01031535,0,3
2024231509501,2024,231509501,1,19,0,-1,13,8,4,-1,0,0,0,0,0,0,0,9,-1,6,1,45,7,2143,2,11,MERCEDES VITO,6,E01027025,0,3
2024522401215,2024,522401215,1,10,0,1,1,1,5,0,0,0,0,0,0,0,1,1,6,6,2,63,9,-1,-1,-1,MERCEDES VITO,1,E01014594,0,1
2024201492463,2024,201492463,1,19,0,-1,9,7,5,-1,0,6,0,0,0,0,1,1,-1,6,1,59,9,2143,2,12,MERCEDES VITO,2,E01009409,0,1
2024131397889,2024,131397889,1,9,0,-1,1,1,5,-1,-1,8,0,0,0,0,2,1,-1,6,3,-1,-1,2143,2,8,MERCEDES VITO,-1,-1,0,-1
2024010516554,2024,010516554,2,9,0,8,8,5,7,0,0,1,0,0,0,0,4,2,6,6,3,-1,-1,-1,-1,-1,MERCEDES VITO,-1,-1,0,-1
2024411531722,2024,411531722,2,19,0,-1,10,2,7,-1,0,0,0,0,0,0,4,1,-1,1,1,36,7,-1,3,3,MERCEDES VITO,9,E01017377,0,3
2024461456710,2024,461456710,3,8,0,-1,19,2,3,-1,0,0,0,0,0,0,4,9,-1,1,1,61,9,2143,2,7,MERCEDES VITO,8,E01004118,0,4
2024440043849,2024,440043849,3,19,0,4,4,4,8,0,0,0,0,0,0,0,2,1,6,6,1,44,7,2148,2,16,MERCEDES VITO,6,E01033418,0,4
2024421413920,2024,421413920,2,9,0,-1,4,3,7,-1,0,0,0,0,0,0,2,1,-1,6,1,56,9,-1,-1,-1,MERCEDES VITO,4,E01021839,0,1
2024361416811,2024,361416811,3,19,0,-1,19,1,5,-1,0,0,0,0,0,0,1,1,-1,1,1,60,9,1950,2,1,MERCEDES VITO,6,E01026534,0,3
2024340WN4442,2024,340WN4442,1,9,0,-1,19,5,1,-1,0,8,0,7,0,0,1,1,-1,9,1,27,6,1950,2,3,MERCEDES VITO,5,E01013914,0,4
2024311415323,2024,311415323,1,19,0,-1,19,5,8,-1,0,8,0,0,0,0,1,1,-1,1,1,53,8,2143,2,8,MERCEDES VITO,10,E01028400,0,2
2024481558130,2024,481558130,1,19,0,-1,19,1,5,-1,0,1,0,0,0,0,1,1,-1,1,1,40,7,-1,3,3,MERCEDES VITO,-1,-1,0,-1
2024302400052,2024,302400052,2,19,0,3,3,8,4,0,0,0,0,0,0,0,4,1,1,1,1,33,6,1750,2,4,MERCEDES VITO,1,E01013485,0,3
2024501485610,2024,501485610,1,19,0,-1,1,1,5,-1,0,0,0,0,0,0,2,1,-1,9,1,78,11,1598,2,5,MERCEDES VITO,4,E01018850,0,2
2024430415125,2024,430415125,2,19,0,18,19,8,4,0,0,8,0,0,0,0,1,1,6,6,1,52,8,1950,2,1,MERCEDES VITO,7,E01016728,0,4
2024531496644,2024,531496644,2,19,0,-1,19,1,1,-1,0,8,0,0,0,0,4,1,-1,1,1,27,6,1950,2,3,MERCEDES VITO,2,E01032093,0,4
2024332400206,2024,332400206,1,8,0,-1,2,0,0,-1,0,0,0,0,0,0,1,1,-1,6,1,46,8,2143,2,6,MERCEDES VITO,10,E01019848,0,3
2024010550216,2024,010550216,1,19,0,6,6,7,7,0,0,0,0,0,0,0,1,1,1,1,1,25,5,-1,3,2,MERCEDES VITO,3,E01004679,0,2
2024461485807,2024,461485807,1,9,0,-1,15,7,3,-1,0,3,0,0,0,0,1,1,-1,9,1,66,10,-1,-1,-1,MERCEDES VITO,1,E01001761,0,4
2024520500437,2024,520500437,1,19,0,13,13,4,8,0,0,0,0,0,0,0,3,1,6,6,1,61,9,2143,2,4,MERCEDES VITO,6,E01029020,0,2
2024010519720,2024,010519720,1,9,0,9,9,5,2,0,0,6,0,0,0,0,1,1,2,2,1,51,8,2143,2,7,MERCEDES VITO,8,E01000828,0,1
2024552400423,2024,552400423,2,19,0,3,3,6,2,0,0,0,0,0,0,0,2,1,1,1,1,38,7,1598,2,6,MERCEDES VITO,1,E01015281,0,3
2024430605605,2024,430605605,2,8,0,2,2,0,0,0,0,0,0,0,0,0,2,1,1,1,1,44,7,1950,2,2,MERCEDES VITO,2,E01028520,0,2
2024531500700,2024,531500700,3,19,0,-1,19,1,5,-1,0,8,0,0,0,0,0,1,-1,1,1,34,6,2148,2,16,MERCEDES VITO,4,E01022331,0,1
2024011448306,2024,011448306,3,9,0,-1,19,1,5,-1,0,0,0,0,0,0,1,1,-1,9,1,54,8,2143,2,7,MERCEDES VITO,7,E01002204,0,3
2024010543108,2024,010543108,1,19,0,2,2,0,0,0,0,1,0,0,0,0,4,1,6,6,3,-1,-1,-1,3,1,MERCEDES VITO,-1,-1,0,-1
2024552401137,2024,552401137,1,19,0,18,19,4,8,0,0,8,0,0,0,0,1,1,6,6,1,24,5,2148,2,19,MERCEDES VITO,4,E01034277,0,2
2024061520264,2024,061520264,1,8,0,-1,19,4,8,-1,0,1,0,0,0,0,1,1,-1,1,1,51,8,2143,2,10,MERCEDES VITO,2,E01005222,0,1
2024010527260,2024,010527260,1,8,0,17,19,5,1,0,0,0,0,0,0,0,1,1,1,1,1,34,6,2143,2,10,MERCEDES VITO,-1,-1,0,-1
2024052401461,2024,052401461,1,19,0,5,5,3,7,0,0,8,0,0,0,0,4,1,6,6,1,43,7,2148,2,17,MERCEDES VITO,1,E01007087,0,2
2024010541099,2024,010541099,1,19,0,18,19,7,3,0,0,0,0,0,0,0,1,1,2,2,1,36,7,2143,2,9,MERCEDES VITO,2,E01033151,0,4
202417M100524,2024,17M100524,1,10,0,18,19,3,7,0,0,8,0,0,0,0,3,1,1,1,1,54,8,-1,-1,-1,MERCEDES VITO,1,E01035190,0,1
2024061421257,2024,061421257,1,19,0,-1,19,5,1,-1,0,0,0,0,0,0,1,9,-1,6,1,26,6,1950,2,2,MERCEDES VITO,8,E01005955,0,1
2024351562157,2024,351562157,2,9,0,-1,19,5,1,-1,0,8,0,0,0,0,1,1,-1,6,1,45,7,2143,2,6,MERCEDES VITO,9,E01035520,0,1
2024461517165,2024,461517165,3,8,0,-1,19,1,5,-1,0,8,0,0,0,0,3,1,-1,1,1,50,8,2143,2,5,MERCEDES VITO,4,E01024494,0,1
2024131410362,2024,131410362,1,8,0,-1,19,5,1,-1,0,0,0,0,0,0,1,1,-1,1,1,45,7,2143,2,5,MERCEDES VITO,1,E01010712,0,3
2024161500957,2024,161500957,2,19,0,-1,99,2,6,-1,0,0,0,0,0,0,2,9,-1,6,1,-1,-1,2143,2,8,MERCEDES VITO,-1,-1,0,-1
2024302400977,2024,302400977,2,19,0,4,4,5,1,0,0,0,0,0,0,0,1,1,2,2,1,41,7,1598,2,5,MERCEDES VITO,3,E01013532,0,4
2024351537230,2024,351537230,1,8,0,-1,19,4,6,-1,0,2,0,0,0,0,1,1,-1,1,1,49,8,1950,2,5,MERCEDES VITO,5,E01017961,0,1
2024010521873,2024,010521873,1,19,0,18,19,9,9,99,99,9,9,99,9,99,1,9,6,6,3,-1,-1,2148,2,17,MERCEDES VITO,-1,-1,0,-1
2024041492049,2024,041492049,1,19,0,-1,19,5,1,-1,0,8,0,0,0,0,4,1,-1,9,1,59,9,2148,2,20,MERCEDES VITO,1,E01024872,0,4
2024131448010,2024,131448010,1,19,0,-1,19,1,1,-1,0,6,0,0,0,0,1,1,-1,2,1,32,6,2148,2,14,MERCEDES VITO,6,E01010915,0,1
2024161497725,2024,161497725,1,19,0,-1,19,8,4,-1,0,8,0,0,0,0,4,1,-1,9,1,30,6,2143,2,5,MERCEDES VITO,2,E01012884,0,2
2024010518996,2024,010518996,2,9,0,4,4,3,7,0,0,0,0,0,0,0,2,1,6,6,1,49,8,1950,2,5,MERCEDES VITO,3,E01003942,0,2
2024010540090,2024,010540090,2,19,0,18,19,1,5,0,0,7,0,0,0,0,3,1,6,6,1,52,8,1598,2,7,MERCEDES VITO,2,E01002553,0,4
2024010519621,2024,010519621,1,19,0,9,9,8,5,9,9,0,0,0,1,0,1,1,1,1,1,26,6,1750,2,5,MERCEDES VITO,2,E01024699,0,5
2024061458812,2024,061458812,2,19,0,-1,2,1,5,-1,0,1,0,0,0,0,1,1,-1,6,-1,66,10,2143,2,13,MERCEDES VITO,3,E01005015,0,1
2024010503324,2024,010503324,1,8,0,18,19,3,7,0,0,0,0,0,0,0,4,1,1,1,1,57,9,2143,2,5,MERCEDES VITO,2,E01002840,0,1
2024052400787,2024,052400787,2,8,0,4,4,1,5,0,0,1,0,0,0,0,2,1,1,1,1,36,7,2143,2,10,MERCEDES VITO,2,E01006718,0,1
2024471442331,2024,471442331,2,9,0,-1,19,1,5,-1,0,1,1,0,0,0,4,1,-1,1,1,45,7,2143,2,7,MERCEDES VITO,4,E01016869,0,1
2024320586363,2024,320586363,1,19,0,-1,-1,2,6,0,0,4,0,0,0,0,1,1,1,1,1,51,8,1598,2,5,MERCEDES VITO,3,E01013932,0,4
2024351423155,2024,351423155,2,19,0,-1,2,0,0,-1,0,0,0,0,0,0,1,1,-1,1,1,32,6,2143,2,5,MERCEDES VITO,2,E01014247,0,5
2024041479817,2024,041479817,1,9,0,-1,11,1,5,-1,0,0,0,0,0,0,4,1,-1,9,1,50,8,-1,-1,-1,MERCEDES VITO,2,E01026963,0,5
2024010524750,2024,010524750,1,9,0,18,19,7,3,0,0,2,0,0,0,0,1,1,1,1,1,49,8,2143,2,5,MERCEDES VITO,2,E01000552,0,1