collision_index,collision_year,collision_ref_no,vehicle_reference,vehicle_type,towing_and_articulation,vehicle_manoeuvre_historic,vehicle_manoeuvre,vehicle_direction_from,vehicle_direction_to,vehicle_location_restricted_lane_historic,vehicle_location_restricted_lane,junction_location,skidding_and_overturning,hit_object_in_carriageway,vehicle_leaving_carriageway,hit_object_off_carriageway,first_point_of_impact,vehicle_left_hand_drive,journey_purpose_of_driver_historic,journey_purpose_of_driver,sex_of_driver,age_of_driver,age_band_of_driver,engine_capacity_cc,propulsion_code,age_of_vehicle,generic_make_model,driver_imd_decile,lsoa_of_driver,escooter_flag,driver_distance_banding
2024440386181,2024,440386181,2,19,0,2,2,0,0,0,0,0,0,0,0,0,1,1,6,6,1,63,9,1950,2,0,MERCEDES VITO,-1,-1,0,-1
2024411504313,2024,411504313,1,9,0,-1,2,0,0,-1,9,0,0,0,0,0,1,1,-1,6,-1,-1,-1,2148,2,14,MERCEDES VITO,-1,-1,0,-1
2024010527586,2024,010527586,2,19,0,2,2,9,9,99,99,0,9,99,9,99,9,9,6,6,3,-1,-1,1750,2,3,MERCEDES VITO,-1,-1,0,-1
2024010543548,2024,010543548,1,19,0,1,1,1,5,0,0,2,0,0,0,0,2,1,1,1,1,23,5,2143,2,11,MERCEDES VITO,10,E01024323,0,4
2024010547636,2024,010547636,2,8,0,9,9,2,8,0,0,6,0,0,0,0,4,1,6,6,3,-1,-1,2143,2,7,MERCEDES VITO,-1,-1,0,-1
2024531420837,2024,531420837,1,19,0,-1,9,8,6,-1,0,5,0,0,0,0,1,1,-1,6,1,33,6,2148,2,16,MERCEDES VITO,10,E01022439,0,1
2024010498893,2024,010498893,1,8,0,7,7,3,5,0,0,2,0,0,0,0,3,1,1,1,1,43,7,2143,2,11,MERCEDES VITO,7,E01000723,0,4
2024010509049,2024,010509049,2,19,0,18,19,1,5,0,0,6,0,0,0,0,1,1,6,6,3,-1,-1,2143,2,5,MERCEDES VITO,-1,-1,0,-1
2024631477936,2024,631477936,2,19,0,-1,19,6,2,-1,0,8,0,0,0,0,3,1,-1,1,1,36,7,2148,2,14,MERCEDES VITO,4,W01000646,0,4
2024010529161,2024,010529161,2,19,0,99,99,9,9,99,99,9,9,99,9,99,2,9,6,6,3,-1,-1,1950,2,3,MERCEDES VITO,-1,-1,0,-1
2024201466681,2024,201466681,1,19,0,-1,19,5,1,-1,0,8,0,0,0,0,1,9,-1,1,1,38,7,2143,2,4,MERCEDES VITO,6,E01009041,0,2
2024010531276,2024,010531276,2,8,0,99,99,9,9,99,99,9,9,99,9,99,9,9,6,6,1,-1,-1,2143,2,5,MERCEDES VITO,8,E01000236,0,3
2024010500565,2024,010500565,5,19,0,2,2,0,0,2,2,1,0,0,0,0,3,1,6,6,3,-1,-1,1950,2,4,MERCEDES VITO,-1,-1,0,-1
2024361484495,2024,361484495,1,19,0,-1,19,7,3,-1,0,0,0,0,0,0,4,1,-1,6,1,54,8,2143,2,12,MERCEDES VITO,8,E01026432,0,1
2024010493673,2024,010493673,2,8,0,2,2,0,0,0,0,8,0,0,0,0,4,1,6,6,3,-1,-1,2143,2,7,MERCEDES VITO,-1,-1,0,-1
2024010526332,2024,010526332,2,9,0,18,19,3,7,0,0,4,0,0,0,0,1,1,1,1,1,50,8,-1,3,0,MERCEDES VITO,2,E01001331,0,2
2024010526539,2024,010526539,1,19,0,2,2,0,0,6,6,2,0,0,0,0,2,1,6,6,3,-1,-1,-1,3,1,MERCEDES VITO,-1,-1,0,-1
2024010546253,2024,010546253,1,8,0,99,99,9,9,0,0,9,9,99,9,99,2,9,6,6,2,49,8,2143,2,8,MERCEDES VITO,6,E01002630,0,2
2024461490789,2024,461490789,2,19,0,-1,19,7,3,-1,0,0,0,0,0,0,2,1,-1,9,1,62,9,2143,2,11,MERCEDES VITO,3,E01024090,0,4
2024010507457,2024,010507457,2,19,0,9,9,5,3,0,0,6,0,0,0,0,1,1,6,6,1,53,8,2143,2,9,MERCEDES VITO,5,E01000277,0,1
2024141528899,2024,141528899,2,9,0,-1,19,8,4,-1,0,0,0,0,0,0,1,1,-1,1,1,47,8,-1,-1,-1,MERCEDES VITO,2,E01007906,0,2
2024061515244,2024,061515244,1,19,0,-1,11,3,7,-1,0,0,0,0,0,0,1,1,-1,2,1,37,7,2143,2,5,MERCEDES VITO,10,E01024968,0,4
2024201434516,2024,201434516,2,9,0,-1,7,4,5,-1,0,3,0,0,0,0,4,1,-1,6,1,40,7,-1,-1,-1,MERCEDES VITO,-1,-1,0,-1
2024311425952,2024,311425952,2,8,0,-1,19,7,3,-1,0,1,0,0,0,0,4,9,-1,1,1,45,7,2143,2,7,MERCEDES VITO,-1,-1,0,-1
2024010499550,2024,010499550,2,19,0,7,7,5,8,0,0,0,0,0,0,0,1,1,6,6,3,-1,-1,1598,2,7,MERCEDES VITO,-1,-1,0,-1
2024010545433,2024,010545433,1,9,0,9,9,5,2,0,0,8,0,0,0,0,3,1,6,6,1,43,7,2143,2,7,MERCEDES VITO,5,E01004076,0,1
2024010509474,2024,010509474,1,8,0,99,99,9,9,99,99,9,9,99,9,99,1,9,6,6,1,45,7,2143,2,10,MERCEDES VITO,5,E01035697,0,1
2024501499343,2024,501499343,1,19,0,-1,19,3,7,-1,0,0,0,0,0,0,1,1,-1,9,1,58,9,1598,2,7,MERCEDES VITO,4,E01018943,0,3
2024430401402,2024,430401402,1,19,0,18,19,6,2,0,0,0,0,0,0,0,1,1,1,1,1,35,6,1750,2,4,MERCEDES VITO,7,E01016491,0,1
2024471526862,2024,471526862,1,19,0,-1,19,3,7,-1,0,3,0,0,0,0,1,1,-1,9,1,39,7,2143,2,7,MERCEDES VITO,7,E01031387,0,2
2024631521873,2024,631521873,1,9,0,-1,19,8,4,-1,0,0,2,0,1,1,4,1,-1,9,1,54,8,2143,2,12,MERCEDES VITO,1,W01001687,0,4
2024991401545,2024,991401545,1,19,0,-1,9,8,5,-1,0,0,0,0,0,0,1,1,-1,1,1,64,9,-1,3,3,MERCEDES VITO,5,-1,0,1
2024332400961,2024,332400961,1,8,0,-1,9,7,5,-1,0,5,0,0,0,0,1,1,-1,1,1,51,8,2143,2,12,MERCEDES VITO,6,E01025704,0,1
2024161525389,2024,161525389,2,19,0,-1,2,0,0,-1,0,1,0,0,0,0,3,9,-1,6,2,-1,-1,2148,2,16,MERCEDES VITO,1,E01012892,0,1
2024991467478,2024,991467478,2,8,0,-1,19,6,2,-1,0,8,0,0,0,0,4,1,-1,1,1,59,9,2143,2,6,MERCEDES VITO,1,-1,0,1
2024481569319,2024,481569319,1,19,0,-1,19,5,1,-1,0,1,0,0,0,0,1,1,-1,1,1,39,7,-1,3,0,MERCEDES VITO,-1,-1,0,-1
2024302500011,2024,302500011,2,20,0,18,19,1,5,0,0,0,0,0,0,0,2,1,6,6,1,29,6,-1,-1,-1,MERCEDES VITO,9,E01029518,0,4
2024010541066,2024,010541066,2,19,0,99,99,9,9,99,99,9,9,99,9,99,0,9,6,6,3,-1,-1,1950,2,1,MERCEDES VITO,2,E01003236,0,2
2024010515003,2024,010515003,2,19,0,18,19,1,5,0,0,2,0,0,0,0,0,1,1,1,1,60,9,2143,2,5,MERCEDES VITO,10,E01030407,0,1
2024471445233,2024,471445233,1,19,0,-1,5,1,5,-1,0,4,0,0,0,0,4,1,-1,9,1,62,9,2143,2,8,MERCEDES VITO,4,E01021207,0,2
2024501413005,2024,501413005,1,19,0,-1,1,5,5,-1,0,1,0,0,0,0,2,1,-1,9,1,46,8,2143,2,12,MERCEDES VITO,7,E01019960,0,4
2024311507915,2024,311507915,1,19,0,-1,7,5,7,-1,0,5,0,0,7,0,0,1,-1,6,1,-1,-1,2143,2,9,MERCEDES VITO,-1,-1,0,-1
2024302401183,2024,302401183,2,19,0,3,3,5,1,0,0,1,0,0,0,0,2,1,6,6,1,34,6,1750,2,3,MERCEDES VITO,2,E01019662,0,2
2024451534735,2024,451534735,1,9,0,-1,19,8,4,-1,0,4,0,0,0,0,3,1,-1,9,1,49,8,1950,2,5,MERCEDES VITO,5,E01003147,0,4
2024471396767,2024,471396767,2,19,0,-1,19,7,3,-1,0,2,0,0,0,0,1,1,-1,6,1,34,6,2148,2,15,MERCEDES VITO,6,E01021193,0,1
2024010551596,2024,010551596,1,19,0,18,19,5,1,0,0,5,5,0,0,0,1,1,1,1,1,35,6,-1,3,1,MERCEDES VITO,-1,-1,0,-1
2024010513433,2024,010513433,2,19,0,99,99,9,9,99,99,9,9,99,9,99,1,9,6,6,3,-1,-1,1598,2,7,MERCEDES VITO,-1,-1,0,-1
2024061510400,2024,061510400,1,19,0,-1,19,-1,-1,-1,99,0,0,99,0,0,1,1,-1,6,1,-1,-1,1598,2,8,MERCEDES VITO,-1,-1,0,-1
2024430580168,2024,430580168,1,8,0,6,6,3,7,0,0,2,0,0,0,0,1,1,1,1,1,47,8,1950,2,2,MERCEDES VITO,-1,-1,0,-1
2024332400222,2024,332400222,1,19,0,-1,9,7,5,-1,0,4,0,0,0,0,1,1,-1,2,1,55,8,1950,2,3,MERCEDES VITO,2,E01013678,0,1
2024332401002,2024,332401002,1,19,0,-1,9,3,1,-1,0,6,0,0,0,0,1,1,-1,1,1,23,5,-1,3,1,MERCEDES VITO,2,E01009573,0,4
2024481563915,2024,481563915,2,8,0,-1,4,5,1,-1,0,1,0,0,0,0,2,1,-1,1,1,59,9,2143,2,7,MERCEDES VITO,-1,-1,0,-1
2024010535615,2024,010535615,1,19,0,4,4,7,3,0,0,8,0,0,0,0,3,1,2,2,1,38,7,1598,2,5,MERCEDES VITO,3,E01000511,0,2
2024010514549,2024,010514549,2,19,0,18,19,6,2,0,0,4,0,0,0,0,0,1,6,6,3,-1,-1,-1,3,2,MERCEDES VITO,-1,-1,0,-1
2024010523689,2024,010523689,1,8,0,1,1,7,3,0,0,1,0,0,0,0,2,1,1,1,1,43,7,2143,2,6,MERCEDES VITO,7,E01002216,0,3
2024231459865,2024,231459865,1,19,0,-1,19,8,4,-1,0,8,0,0,0,0,1,1,-1,9,1,20,4,1248,2,11,PEUGEOT BIPPER,9,E01029375,0,4
2024101417277,2024,101417277,1,19,0,-1,19,3,7,-1,0,8,0,0,0,0,1,9,-1,2,2,50,8,1248,2,9,PEUGEOT BIPPER,-1,-1,0,-1
2024371449968,2024,371449968,1,9,0,-1,19,-1,-1,-1,0,0,0,0,0,0,3,9,-1,6,1,84,11,1399,2,15,PEUGEOT BIPPER,5,E01030053,0,1
2024141399032,2024,141399032,2,19,0,-1,19,3,7,-1,0,1,0,0,0,0,1,9,-1,6,3,-1,-1,1399,2,13,PEUGEOT BIPPER,-1,-1,0,-1
2024071066481,2024,071066481,2,19,0,-1,19,4,2,-1,0,1,0,0,0,0,3,1,-1,1,2,47,8,1248,2,11,PEUGEOT BIPPER,1,E01007179,0,3
2024520002540,2024,520002540,1,19,0,9,9,4,2,0,0,8,0,0,0,0,1,1,6,6,1,35,6,1399,2,13,PEUGEOT BIPPER,8,E01014425,0,1
2024421485676,2024,421485676,1,19,0,-1,19,7,3,-1,0,0,0,4,0,0,1,1,-1,6,1,48,8,1399,2,14,PEUGEOT BIPPER,7,E01015966,0,4
2024201455844,2024,201455844,1,19,0,-1,19,8,4,-1,0,0,0,0,0,0,1,1,-1,6,1,54,8,1248,2,7,PEUGEOT BIPPER,4,E01008969,0,1
2024311418771,2024,311418771,1,19,0,-1,14,3,7,-1,0,0,0,0,0,0,1,2,-1,9,1,35,6,1248,2,9,PEUGEOT BIPPER,9,E01028352,0,4
2024430595629,2024,430595629,1,9,0,9,9,1,7,0,0,5,0,0,0,0,1,1,6,6,2,80,11,1248,2,13,PEUGEOT BIPPER,7,E01016264,0,1
2024320442429,2024,320442429,2,19,0,2,2,0,0,0,0,0,0,0,0,0,2,1,-1,-1,1,42,7,1248,2,9,PEUGEOT BIPPER,2,E01023976,0,5
2024161492160,2024,161492160,1,19,0,-1,9,1,7,-1,0,2,0,0,0,0,1,1,-1,6,1,41,7,1248,2,10,PEUGEOT BIPPER,9,E01012956,0,1
2024041500765,2024,041500765,3,9,0,-1,9,1,5,-1,0,0,0,0,0,0,2,1,-1,9,2,67,10,1248,2,13,PEUGEOT BIPPER,4,E01020832,0,5
2024622400145,2024,622400145,3,19,0,2,2,0,0,0,0,1,0,0,0,0,4,1,6,6,3,-1,-1,1399,2,13,PEUGEOT BIPPER,-1,-1,0,-1
2024421523415,2024,421523415,1,19,0,-1,19,7,3,-1,0,0,0,0,1,1,1,1,-1,1,1,41,7,1399,2,13,PEUGEOT BIPPER,2,E01001427,0,4
2024211444888,2024,211444888,2,19,0,-1,4,7,3,-1,0,0,0,0,0,0,2,1,-1,9,1,50,8,1399,2,14,PEUGEOT BIPPER,1,E01014254,0,1
2024221409255,2024,221409255,3,19,0,-1,3,2,6,-1,0,0,0,0,0,0,2,9,-1,1,1,45,7,1248,2,9,PEUGEOT BIPPER,3,E01032422,0,1
2024501516033,2024,501516033,1,19,0,-1,19,8,4,-1,0,0,0,0,1,11,1,1,-1,6,1,68,10,1248,2,13,PEUGEOT BIPPER,5,E01020334,0,1
2024991483244,2024,991483244,1,19,0,-1,1,5,1,-1,0,1,0,0,0,0,2,1,-1,2,1,48,8,1248,2,11,PEUGEOT BIPPER,-1,-1,0,-1
2024141453024,2024,141453024,2,19,0,-1,19,1,5,-1,0,0,0,0,0,0,2,1,-1,6,1,35,6,1248,2,9,PEUGEOT BIPPER,8,E01007428,0,4
2024361455155,2024,361455155,2,19,0,-1,10,5,3,-1,0,1,0,0,0,0,3,1,-1,1,1,38,7,1399,2,13,PEUGEOT BIPPER,5,E01026777,0,4
2024991472865,2024,991472865,1,9,0,-1,19,4,8,-1,0,0,0,0,0,0,1,1,-1,9,2,50,8,1399,2,14,PEUGEOT BIPPER,2,-1,0,1
2024141405386,2024,141405386,1,9,0,-1,19,3,7,-1,0,2,0,0,0,0,1,1,-1,2,1,69,10,1399,2,14,PEUGEOT BIPPER,-1,-1,0,-1
2024361413691,2024,361413691,1,19,0,-1,19,5,8,-1,0,0,0,0,7,0,1,9,-1,2,1,58,9,1399,2,14,PEUGEOT BIPPER,5,E01026729,0,3
2024201434542,2024,201434542,1,19,0,-1,19,4,8,-1,0,0,1,0,0,0,1,1,-1,2,1,29,6,1248,2,10,PEUGEOT BIPPER,2,E01009989,0,1
2024201491660,2024,201491660,2,19,0,-1,8,6,8,-1,0,1,0,0,0,0,2,1,-1,1,1,58,9,1248,2,7,PEUGEOT BIPPER,3,E01009316,0,2
2024421401527,2024,421401527,2,9,0,-1,3,5,1,-1,0,0,0,0,0,0,3,9,-1,6,2,21,5,1399,2,15,PEUGEOT BIPPER,10,E01021939,0,3
2024361400428,2024,361400428,3,19,0,-1,4,3,7,-1,0,1,0,0,0,0,1,1,-1,1,1,67,10,1399,2,15,PEUGEOT BIPPER,6,E01026669,0,1
2024421440345,2024,421440345,2,19,0,-1,4,1,4,-1,0,0,0,0,0,0,1,1,-1,1,1,36,7,1399,2,14,PEUGEOT BIPPER,2,E01034366,0,1
2024522401602,2024,522401602,1,9,0,18,19,2,6,0,0,0,0,0,0,0,2,1,6,6,1,59,9,1248,2,12,PEUGEOT BIPPER,7,E01014808,0,1
2024501484682,2024,501484682,1,9,0,-1,4,1,5,-1,0,2,0,0,0,0,2,1,-1,9,2,49,8,1248,2,12,PEUGEOT BIPPER,-1,-1,0,-1
2024041506621,2024,041506621,1,9,0,-1,19,1,5,-1,0,0,0,7,0,0,1,1,-1,9,1,71,10,1248,2,11,PEUGEOT BIPPER,1,E01012748,0,1
2024101409405,2024,101409405,1,20,0,-1,19,3,7,-1,0,2,0,0,0,0,1,9,-1,6,1,45,7,-1,-1,-1,PEUGEOT BIPPER,5,E01027517,0,1
2024471479702,2024,471479702,1,19,0,-1,7,3,5,-1,0,1,0,0,0,0,1,2,-1,6,1,52,8,1399,2,13,PEUGEOT BIPPER,2,E01024548,0,4
2024421416219,2024,421416219,1,19,0,-1,9,4,1,-1,0,6,0,0,0,0,3,9,-1,9,2,32,6,1248,2,8,PEUGEOT BIPPER,1,E01016010,0,1
2024552400961,2024,552400961,1,19,0,18,19,3,6,0,0,8,0,0,0,0,3,1,2,2,1,62,9,1399,2,13,PEUGEOT BIPPER,3,E01015357,0,1
2024320202518,2024,320202518,1,9,0,9,9,4,2,0,0,5,5,0,0,0,4,1,-1,-1,2,78,11,1360,1,15,PEUGEOT BIPPER,9,E01026211,0,1
2024320576012,2024,320576012,2,19,0,10,10,8,5,0,0,1,1,0,0,0,3,1,1,1,1,53,8,1399,2,14,PEUGEOT BIPPER,-1,-1,0,-1
2024401479586,2024,401479586,1,19,0,-1,19,3,7,-1,0,0,2,0,1,4,1,1,-1,9,1,18,4,1399,2,15,PEUGEOT BIPPER,6,E01017424,0,2
2024371471182,2024,371471182,2,2,0,-1,19,5,1,-1,0,8,0,0,0,0,1,1,-1,2,1,32,6,49,1,13,-1,7,E01030207,0,1
2024231434256,2024,231434256,2,2,0,-1,19,2,6,-1,0,8,0,0,0,0,1,1,-1,6,1,17,4,49,1,12,-1,2,E01031092,0,1
2024501484496,2024,501484496,2,2,0,-1,5,1,1,-1,0,3,5,0,0,0,1,1,-1,2,1,16,4,49,1,12,-1,3,E01015150,0,1
2024430471700,2024,430471700,1,2,0,18,19,4,8,0,0,8,0,0,0,0,3,1,6,6,2,22,5,49,1,15,-1,9,E01016678,0,2
2024061433650,2024,061433650,1,2,0,-1,3,7,3,-1,0,0,0,0,0,0,1,1,-1,6,1,17,4,49,1,11,-1,5,E01005777,0,1
2024010508072,2024,010508072,1,3,0,17,19,6,2,0,0,0,0,10,1,11,1,1,6,6,1,16,4,125,1,13,-1,6,E01000339,0,1
2024010508876,2024,010508876,1,9,0,18,19,1,5,0,0,1,0,0,0,0,1,1,6,6,1,-1,-1,1781,1,24,-1,7,E01001411,0,2
2024010548829,2024,010548829,1,5,0,99,99,9,9,0,0,9,9,99,9,99,9,1,2,2,1,34,6,750,1,25,-1,7,E01033144,0,4
2024440289142,2024,440289142,1,5,0,18,19,3,7,0,0,0,0,0,0,0,1,1,6,6,1,56,9,750,1,24,-1,2,E01023119,0,1
2024302401274,2024,302401274,2,5,0,5,5,5,8,0,0,4,0,0,0,0,2,1,2,2,1,55,8,750,1,24,-1,6,E01019521,0,4
2024501444651,2024,501444651,1,5,0,-1,19,2,7,-1,0,0,0,0,1,0,3,1,-1,2,1,57,9,750,1,21,-1,7,E01019960,0,2
2024071063515,2024,071063515,2,4,0,-1,13,1,5,-1,0,0,0,0,0,0,3,1,-1,2,1,29,6,750,1,23,-1,2,E01029763,0,3
2024421442981,2024,421442981,1,5,0,-1,19,7,3,-1,0,0,2,0,5,0,3,1,-1,2,1,32,6,749,1,25,-1,5,E01021572,0,2
2024501416438,2024,501416438,1,5,0,-1,19,3,7,-1,0,1,0,0,0,0,1,1,-1,6,1,27,6,750,1,22,-1,5,E01018938,0,3
2024440161514,2024,440161514,1,5,0,18,19,3,7,0,0,1,0,0,0,0,1,1,6,6,1,36,7,996,1,23,-1,-1,-1,0,-1
2024430422779,2024,430422779,1,9,0,17,19,7,4,0,0,1,0,0,0,0,3,1,6,6,1,60,9,2362,1,18,TOYOTA PREVIA,6,E01002439,0,2
2024010500965,2024,010500965,2,9,0,99,99,9,9,99,99,9,9,99,9,99,2,9,6,6,3,33,6,2362,1,20,TOYOTA PREVIA,3,E01001812,0,1
2024010549445,2024,010549445,1,9,0,1,1,7,3,0,0,1,0,4,0,0,2,1,6,6,1,60,9,2362,1,20,TOYOTA PREVIA,3,E01034198,0,2
2024010536260,2024,010536260,3,9,0,-1,-1,1,5,0,0,1,0,0,0,0,3,1,6,6,1,67,10,2362,1,20,TOYOTA PREVIA,2,E01002032,0,1
2024010547988,2024,010547988,2,9,0,99,99,9,9,99,99,9,9,99,9,99,9,9,6,6,3,-1,-1,2362,1,20,TOYOTA PREVIA,3,E01001809,0,1
2024010539717,2024,010539717,1,9,0,5,5,7,3,0,0,8,0,0,0,0,1,1,6,6,2,47,8,2362,1,19,TOYOTA PREVIA,3,E01003073,0,1
2024471491988,2024,471491988,2,9,0,-1,4,5,1,-1,0,1,0,0,0,0,2,1,-1,1,1,48,8,1995,2,18,TOYOTA PREVIA,3,E01034830,0,3
2024201501410,2024,201501410,2,9,0,-1,19,6,2,-1,0,0,0,0,0,0,1,1,-1,2,1,41,7,2362,1,22,TOYOTA PREVIA,2,E01010263,0,1
2024010499741,2024,010499741,1,9,0,5,5,0,1,0,0,2,0,0,0,0,1,1,6,6,1,39,7,2362,1,20,TOYOTA PREVIA,2,E01003558,0,1
2024201421713,2024,201421713,1,9,0,-1,9,7,5,-1,0,6,0,0,0,0,1,1,-1,6,1,58,9,1995,2,20,TOYOTA PREVIA,2,E01009509,0,1
2024401432464,2024,401432464,2,9,0,-1,9,1,5,-1,0,0,0,0,0,0,4,1,-1,6,1,48,8,2362,1,18,TOYOTA PREVIA,3,E01015701,0,1
2024440287391,2024,440287391,2,9,0,18,19,5,1,0,0,0,0,0,0,0,1,1,6,6,1,67,10,1995,2,21,TOYOTA PREVIA,-1,-1,0,-1
2024552401534,2024,552401534,1,9,0,18,19,5,1,0,0,0,0,10,1,1,1,1,6,6,1,39,7,2362,1,22,TOYOTA PREVIA,5,E01020528,0,3
2024010510958,2024,010510958,2,9,0,99,99,9,9,99,99,9,9,99,9,99,1,9,6,6,3,50,8,1398,1,19,VOLKSWAGEN BEETLE,8,E01002993,0,1
2024010527070,2024,010527070,2,9,0,8,8,5,7,0,0,6,0,0,0,0,2,1,6,6,2,66,10,1595,1,20,VOLKSWAGEN BEETLE,5,E01000383,0,1
2024440514712,2024,440514712,2,9,0,18,19,3,7,0,0,4,0,0,0,0,1,1,6,6,1,-1,-1,1896,2,18,VOLKSWAGEN BEETLE,8,E01022622,0,1
2024451495532,2024,451495532,2,9,0,-1,11,5,1,-1,0,0,0,0,0,0,2,1,-1,2,2,47,8,1598,2,10,VOLKSWAGEN BEETLE,6,E01030857,0,1
2024430369265,2024,430369265,1,9,0,9,9,1,7,0,0,5,0,0,0,0,3,1,6,6,1,58,9,1197,1,8,VOLKSWAGEN BEETLE,10,E01016246,0,3
2024552401403,2024,552401403,2,9,0,18,19,3,7,0,0,0,0,0,0,0,1,1,6,6,2,59,9,1596,1,16,VOLKSWAGEN BEETLE,9,E01031582,0,5
2024010533284,2024,010533284,1,9,0,5,5,0,6,9,9,9,0,0,1,99,1,1,3,7,2,72,10,1984,1,17,VOLKSWAGEN BEETLE,2,E01000433,0,1
2024010501384,2024,010501384,1,9,0,18,19,9,9,99,99,0,9,99,9,99,9,9,6,6,2,35,6,1968,2,12,VOLKSWAGEN BEETLE,7,E01004029,0,1
2024211524424,2024,211524424,1,9,0,-1,10,6,3,-1,0,1,0,0,0,0,3,1,-1,6,2,52,8,1984,1,21,VOLKSWAGEN BEETLE,2,E01029824,0,1
2024141474794,2024,141474794,1,9,0,-1,19,3,7,-1,0,1,0,0,0,0,2,1,-1,6,2,41,7,1595,1,16,VOLKSWAGEN BEETLE,4,E01007540,0,1
2024520402629,2024,520402629,1,9,0,18,19,4,8,0,0,8,0,0,1,10,9,1,6,6,2,36,7,1596,1,18,VOLKSWAGEN BEETLE,8,E01029282,0,1
2024101521510,2024,101521510,2,9,0,-1,19,5,1,-1,0,6,0,0,0,0,4,9,-1,9,2,43,7,1984,1,21,VOLKSWAGEN BEETLE,6,E01008687,0,2
2024440329056,2024,440329056,1,9,0,3,3,3,7,0,0,0,0,0,0,0,2,1,6,6,2,56,9,1595,1,14,VOLKSWAGEN BEETLE,8,E01021923,0,5
2024531467394,2024,531467394,1,9,0,-1,19,8,4,-1,0,4,0,0,0,0,1,1,-1,2,2,32,6,1984,1,19,VOLKSWAGEN BEETLE,6,E01022261,0,2
2024991514590,2024,991514590,1,9,0,-1,19,1,5,-1,0,0,0,0,1,9,1,1,-1,6,2,20,4,1390,1,18,VOLKSWAGEN BEETLE,5,-1,0,1
2024451459756,2024,451459756,1,9,0,-1,2,0,0,-1,0,0,0,0,0,0,3,1,-1,9,2,58,9,1984,1,20,VOLKSWAGEN BEETLE,10,E01030839,0,3
2024991434552,2024,991434552,6,9,0,-1,2,7,3,-1,0,0,0,0,0,0,3,1,-1,6,-1,-1,-1,1968,2,6,VOLKSWAGEN BEETLE,-1,-1,0,-1
2024010539130,2024,010539130,2,9,0,99,99,9,9,99,99,9,9,99,9,99,1,9,6,6,3,-1,-1,1596,1,18,VOLKSWAGEN BEETLE,-1,-1,0,-1
2024010533734,2024,010533734,2,9,0,18,19,5,1,0,0,2,0,0,0,0,1,1,6,6,2,24,5,1968,2,8,VOLKSWAGEN BEETLE,10,E01022725,0,4
2024010498994,2024,010498994,1,9,0,18,19,2,6,0,0,1,0,10,7,11,1,1,6,6,2,59,9,1596,1,18,VOLKSWAGEN BEETLE,4,E01000788,0,1
2024430286364,2024,430286364,2,9,0,18,19,8,4,0,0,0,0,0,0,0,1,1,6,6,1,30,6,1596,1,18,VOLKSWAGEN BEETLE,6,E01016212,0,1
2024320402697,2024,320402697,1,9,0,-1,-1,5,1,0,0,0,0,12,1,4,4,1,-1,-1,1,26,6,1596,1,18,VOLKSWAGEN BEETLE,8,E01026222,0,2
2024101534477,2024,101534477,1,9,0,-1,19,1,7,-1,0,0,0,0,0,0,0,1,-1,6,2,55,8,1596,1,14,VOLKSWAGEN BEETLE,10,E01008422,0,1
2024010501483,2024,010501483,1,9,0,99,99,9,9,99,99,9,9,99,9,99,2,9,6,6,2,-1,-1,1984,1,23,VOLKSWAGEN BEETLE,4,E01001376,0,1
2024161513049,2024,161513049,3,9,0,-1,2,0,0,-1,0,0,0,0,0,0,2,1,-1,6,3,-1,-1,1968,2,11,VOLKSWAGEN BEETLE,-1,-1,0,-1
2024031450421,2024,031450421,1,9,0,-1,19,3,7,-1,0,0,0,7,6,0,4,1,-1,6,2,69,10,1598,2,11,VOLKSWAGEN BEETLE,-1,-1,0,-1
2024461457311,2024,461457311,2,9,0,-1,19,6,2,-1,0,0,0,0,0,0,1,1,-1,9,2,25,5,1596,1,16,VOLKSWAGEN BEETLE,5,E01024048,0,1
2024010544827,2024,010544827,1,9,0,99,99,9,9,99,99,9,9,99,9,99,2,9,6,6,2,47,8,1596,1,20,VOLKSWAGEN BEETLE,6,E01001599,0,1
2024421520780,2024,421520780,3,9,0,-1,5,2,7,-1,0,2,0,0,0,0,4,2,-1,6,2,34,6,1197,1,7,VOLKSWAGEN BEETLE,-1,-1,0,-1
2024311475264,2024,311475264,1,9,0,-1,5,8,4,-1,0,8,0,0,0,0,4,1,-1,1,1,57,9,1596,1,20,VOLKSWAGEN BEETLE,9,E01028292,0,1
2024340NN4272,2024,340NN4272,1,9,0,-1,9,7,4,-1,0,6,1,0,0,0,1,1,-1,6,2,47,8,1598,2,11,VOLKSWAGEN BEETLE,-1,-1,0,-1
2024351451621,2024,351451621,1,9,0,-1,9,8,4,-1,0,1,0,0,7,0,1,9,-1,9,1,47,8,1390,1,11,VOLKSWAGEN BEETLE,9,E01035559,0,1
2024351481758,2024,351481758,2,9,0,-1,19,1,5,-1,0,1,0,0,0,0,1,1,-1,6,2,22,5,1197,1,12,VOLKSWAGEN BEETLE,8,E01018113,0,1
2024010536978,2024,010536978,1,9,0,99,99,9,9,99,99,9,9,99,9,99,2,9,2,2,1,50,8,1398,1,20,VOLKSWAGEN BEETLE,2,E01001826,0,1
202454F063124,2024,54F063124,2,9,0,9,9,1,6,0,0,6,0,0,0,0,1,1,6,6,2,33,6,1984,1,19,VOLKSWAGEN BEETLE,8,E01032704,0,1