collision_index,collision_year,collision_ref_no,vehicle_reference,vehicle_type,towing_and_articulation,vehicle_manoeuvre_historic,vehicle_manoeuvre,vehicle_direction_from,vehicle_direction_to,vehicle_location_restricted_lane_historic,vehicle_location_restricted_lane,junction_location,skidding_and_overturning,hit_object_in_carriageway,vehicle_leaving_carriageway,hit_object_off_carriageway,first_point_of_impact,vehicle_left_hand_drive,journey_purpose_of_driver_historic,journey_purpose_of_driver,sex_of_driver,age_of_driver,age_band_of_driver,engine_capacity_cc,propulsion_code,age_of_vehicle,generic_make_model,driver_imd_decile,lsoa_of_driver,escooter_flag,driver_distance_banding
2024610056224,2024,610056224,1,9,0,17,19,6,4,0,0,8,0,0,0,0,1,1,6,6,1,71,10,1968,2,10,VOLKSWAGEN BEETLE,3,W01000893,0,4
2024010497573,2024,010497573,1,9,0,18,19,3,7,0,0,8,0,0,0,0,1,2,2,2,2,45,7,1984,1,23,VOLKSWAGEN BEETLE,8,E01002579,0,1
2024631412967,2024,631412967,1,9,0,-1,19,5,8,-1,0,0,0,0,0,0,0,1,-1,2,2,30,6,1197,1,7,VOLKSWAGEN BEETLE,3,W01001923,0,1
2024991526810,2024,991526810,2,9,0,-1,19,8,4,-1,0,0,0,0,0,0,1,1,-1,9,2,57,9,1896,2,17,VOLKSWAGEN BEETLE,5,-1,0,2
2024302400618,2024,302400618,1,9,0,18,19,3,7,0,0,0,5,4,0,0,3,1,6,6,2,38,7,1398,1,19,VOLKSWAGEN BEETLE,2,E01013552,0,1
2024211482405,2024,211482405,1,9,0,-1,12,5,5,-1,0,0,0,0,0,0,4,1,-1,6,2,75,10,1596,1,20,VOLKSWAGEN BEETLE,7,E01029644,0,1
2024211517460,2024,211517460,2,9,0,-1,4,4,8,-1,0,0,0,0,0,0,2,9,-1,6,1,39,7,1968,2,10,VOLKSWAGEN BEETLE,8,E01029579,0,1
2024461492874,2024,461492874,2,9,0,-1,19,5,2,-1,0,0,0,0,0,0,3,9,-1,9,2,29,6,1984,1,19,VOLKSWAGEN BEETLE,3,E01016164,0,2
2024552400097,2024,552400097,1,9,0,18,19,6,2,0,0,8,0,0,0,0,1,1,6,6,2,45,7,1596,1,15,VOLKSWAGEN BEETLE,7,E01015428,0,2
2024052400050,2024,052400050,1,9,0,18,19,1,5,0,0,1,0,0,0,0,3,1,2,2,2,34,6,1197,1,9,VOLKSWAGEN BEETLE,9,E01006974,0,1
2024531410402,2024,531410402,1,9,0,-1,19,7,3,-1,0,4,0,0,0,0,3,1,-1,6,2,18,4,1595,1,14,VOLKSWAGEN BEETLE,6,E01022388,0,2
2024421453311,2024,421453311,1,9,0,-1,19,8,7,-1,0,0,1,0,7,0,1,1,-1,9,1,57,9,1896,2,15,VOLKSWAGEN BEETLE,-1,-1,0,-1
2024052401683,2024,052401683,2,9,0,18,19,3,7,0,0,1,0,0,0,0,1,1,6,6,2,49,8,1598,2,11,VOLKSWAGEN BEETLE,1,E01006729,0,1
2024440355154,2024,440355154,2,9,0,18,19,7,3,0,0,8,0,0,0,0,1,1,6,6,1,49,8,1781,1,15,VOLKSWAGEN BEETLE,7,E01023166,0,3
2024552400795,2024,552400795,2,9,0,2,2,0,0,0,0,1,0,0,0,0,1,1,3,7,2,43,7,1598,2,10,VOLKSWAGEN BEETLE,7,E01015425,0,2
2024471431322,2024,471431322,1,9,0,-1,19,4,2,-1,0,8,0,0,0,0,1,1,-1,1,1,32,6,1896,2,20,VOLKSWAGEN BEETLE,3,E01031444,0,2
2024041444539,2024,041444539,1,9,0,-1,19,1,1,-1,0,0,0,0,0,0,1,1,-1,6,1,32,6,1596,1,17,VOLKSWAGEN BEETLE,4,E01006001,0,4
2024332401185,2024,332401185,1,9,0,-1,19,5,1,-1,0,1,0,0,0,0,1,1,-1,1,2,24,5,1398,1,18,VOLKSWAGEN BEETLE,9,E01030772,0,5
2024061400498,2024,061400498,1,9,0,-1,19,5,1,-1,0,1,0,0,0,0,1,1,-1,9,2,22,5,1596,1,20,VOLKSWAGEN BEETLE,-1,-1,0,-1
2024052402196,2024,052402196,2,9,0,12,12,2,5,0,0,4,0,0,0,0,3,1,2,2,2,53,8,1390,1,12,VOLKSWAGEN BEETLE,9,E01006917,0,1
2024501415349,2024,501415349,1,9,0,-1,19,5,1,-1,9,0,0,0,7,10,1,9,-1,6,2,-1,-1,1596,1,22,VOLKSWAGEN BEETLE,-1,-1,0,-1
2024010533408,2024,010533408,2,9,0,99,99,9,9,99,99,9,9,99,9,99,2,9,6,6,2,60,9,1197,1,12,VOLKSWAGEN BEETLE,2,E01001893,0,1
2024371442800,2024,371442800,1,9,0,-1,10,1,5,-1,0,1,0,0,0,0,1,2,-1,6,2,31,6,1596,1,20,VOLKSWAGEN BEETLE,8,E01034566,0,2
2024311509038,2024,311509038,2,9,0,-1,2,5,5,-1,0,0,0,0,0,0,2,1,-1,6,2,62,9,1598,2,11,VOLKSWAGEN BEETLE,9,E01027936,0,1
2024501543260,2024,501543260,1,9,0,-1,4,8,4,-1,0,0,0,0,0,0,2,1,-1,6,2,59,9,1968,2,11,VOLKSWAGEN BEETLE,1,E01019029,0,1
2024311398135,2024,311398135,1,9,0,-1,19,5,1,-1,0,0,0,0,0,0,1,1,-1,6,2,52,8,1197,1,11,VOLKSWAGEN BEETLE,10,E01025944,0,2
2024211499892,2024,211499892,2,9,0,-1,12,7,3,-1,0,0,0,0,5,0,3,1,-1,9,2,42,7,1197,1,6,VOLKSWAGEN BEETLE,3,E01028965,0,4
2024010551577,2024,010551577,1,9,0,18,19,1,5,0,0,2,0,0,0,0,2,1,6,6,1,55,8,1984,1,20,VOLKSWAGEN BEETLE,3,E01023538,0,3
2024131509437,2024,131509437,2,9,0,-1,19,7,3,-1,0,1,0,0,0,0,4,1,-1,2,2,23,5,1197,1,12,VOLKSWAGEN BEETLE,10,W01000154,0,5
2024430451552,2024,430451552,2,9,0,5,5,3,7,0,0,0,0,0,0,0,4,1,6,6,2,-1,-1,1395,1,8,VOLKSWAGEN BEETLE,-1,-1,0,-1
2024371436391,2024,371436391,1,9,0,-1,19,4,8,-1,0,1,0,0,0,0,1,1,-1,6,1,46,8,1190,1,12,VOLKSWAGEN BEETLE,4,E01030113,0,1
2024430543541,2024,430543541,1,9,0,18,19,3,7,0,0,8,5,0,6,6,4,1,6,6,1,40,7,1984,1,24,VOLKSWAGEN BEETLE,4,E01032714,0,4
2024031464980,2024,031464980,2,9,0,-1,4,2,6,-1,0,0,0,0,0,0,2,1,-1,9,1,70,10,1595,1,13,VOLKSWAGEN BEETLE,-1,-1,0,-1
2024371480570,2024,371480570,1,9,0,-1,19,3,5,-1,0,1,0,0,0,0,1,1,-1,6,2,73,10,1596,1,18,VOLKSWAGEN BEETLE,4,E01021602,0,4
2024131412672,2024,131412672,1,9,0,-1,19,2,6,-1,0,0,1,0,0,0,1,1,-1,6,2,45,7,1984,1,18,VOLKSWAGEN BEETLE,1,E01010739,0,1
2024010534695,2024,010534695,1,9,0,18,19,1,5,0,0,0,0,0,0,0,1,1,6,6,2,48,8,1390,1,19,VOLKSWAGEN BEETLE,2,E01002790,0,2
2024440326173,2024,440326173,1,9,0,9,9,7,3,0,0,8,0,0,0,0,1,1,6,6,2,47,8,1896,2,17,VOLKSWAGEN BEETLE,10,E01022476,0,1
2024141399218,2024,141399218,1,9,0,-1,9,5,3,-1,0,5,0,0,0,0,4,1,-1,9,1,51,8,1390,1,17,VOLKSWAGEN BEETLE,1,E01034842,0,1
2024141529298,2024,141529298,1,9,0,-1,5,2,6,-1,0,3,0,0,0,0,1,1,-1,2,2,33,6,1968,2,9,VOLKSWAGEN BEETLE,3,E01028028,0,4
2024061517912,2024,061517912,1,9,0,-1,3,-1,-1,-1,0,0,0,0,0,0,2,1,-1,2,2,47,8,1197,1,8,VOLKSWAGEN BEETLE,7,E01005414,0,2
2024451461731,2024,451461731,1,9,0,-1,9,1,7,-1,0,0,0,0,0,0,1,1,-1,9,1,41,7,1596,1,18,VOLKSWAGEN BEETLE,-1,-1,0,-1
2024531478980,2024,531478980,1,9,0,-1,19,6,2,-1,0,0,2,4,7,0,1,1,-1,1,2,17,4,1984,1,20,VOLKSWAGEN BEETLE,9,E01022369,0,1
2024501443702,2024,501443702,2,9,0,-1,4,7,3,-1,0,0,0,0,0,0,2,1,-1,2,2,49,8,1968,2,12,VOLKSWAGEN BEETLE,3,E01020272,0,1
2024070126341,2024,070126341,1,9,0,9,9,5,3,0,0,5,0,0,0,0,1,1,6,6,2,23,5,1598,2,10,VOLKSWAGEN BEETLE,9,E01018494,0,2
2024501433611,2024,501433611,2,9,0,-1,19,7,3,-1,0,0,0,0,1,0,3,1,-1,6,2,54,8,1896,2,20,VOLKSWAGEN BEETLE,5,E01020137,0,3
2024221467796,2024,221467796,1,9,0,-1,19,6,2,-1,0,0,0,0,0,0,4,9,-1,6,2,28,6,1398,1,20,VOLKSWAGEN BEETLE,4,E01035072,0,1
2024211475747,2024,211475747,1,9,0,-1,19,3,7,-1,0,0,0,0,0,0,1,1,-1,6,2,54,8,1896,2,21,VOLKSWAGEN BEETLE,4,E01029831,0,1
2024161534873,2024,161534873,1,9,0,-1,4,6,1,-1,0,3,0,0,0,0,2,1,-1,6,2,54,8,1896,2,16,VOLKSWAGEN BEETLE,1,E01012862,0,1
2024471511273,2024,471511273,2,9,0,-1,8,8,2,-1,0,1,0,0,1,0,2,1,-1,2,2,55,8,1598,2,11,VOLKSWAGEN BEETLE,6,E01021148,0,1
2024501437102,2024,501437102,1,9,9,-1,19,3,7,-1,0,4,9,0,0,0,1,9,-1,6,1,19,4,1596,1,20,VOLKSWAGEN BEETLE,6,E01020093,0,2
2024461524578,2024,461524578,1,9,0,-1,19,4,6,-1,0,1,0,0,0,0,1,1,-1,6,3,18,4,1596,1,17,VOLKSWAGEN BEETLE,-1,-1,0,-1
2024461528426,2024,461528426,2,9,0,-1,19,3,7,-1,0,0,0,0,0,0,1,1,-1,6,2,61,9,1390,1,11,VOLKSWAGEN BEETLE,9,E01024825,0,3
2024471493670,2024,471493670,1,9,0,-1,19,7,3,-1,0,8,0,0,0,0,1,1,-1,6,2,55,8,1984,1,21,VOLKSWAGEN BEETLE,10,E01031774,0,2
2024371506895,2024,371506895,1,9,0,-1,19,3,7,-1,0,0,0,0,0,0,3,1,-1,2,1,61,9,1896,2,17,VOLKSWAGEN BEETLE,10,E01030078,0,4
2024520402412,2024,520402412,1,90,0,18,19,2,7,0,0,2,2,10,0,0,4,1,6,6,1,20,4,650,1,4,-1,5,E01029121,0,1
2024010514230,2024,010514230,4,9,0,3,3,1,5,0,0,1,0,0,0,0,2,1,6,6,2,64,9,2429,1,18,-1,1,E01004199,0,1
2024010500522,2024,010500522,2,9,0,99,99,9,9,99,99,0,9,99,9,99,1,9,6,6,3,-1,-1,2429,1,18,-1,-1,-1,0,-1
2024371502425,2024,371502425,1,9,-1,-1,-1,-1,-1,-1,-1,-1,-1,-1,-1,0,-1,9,-1,6,1,68,10,1996,1,22,-1,7,E01029898,0,1
2024070356922,2024,070356922,1,9,0,17,19,1,5,0,0,0,2,11,0,11,4,1,6,6,1,24,5,2148,2,22,-1,3,E01005316,0,3
2024451409455,2024,451409455,2,9,0,-1,10,5,1,-1,0,1,0,0,0,0,2,1,-1,9,2,66,10,1499,2,5,CITROEN MODEL MISSING,8,E01030867,0,1
2024501438919,2024,501438919,2,9,0,-1,19,7,3,-1,0,1,0,0,0,0,4,1,-1,9,1,22,5,1499,2,4,CITROEN MODEL MISSING,6,E01015123,0,1
2024201490050,2024,201490050,1,9,0,-1,9,5,2,-1,0,5,0,0,0,0,1,1,-1,6,1,24,5,1560,2,10,CITROEN MODEL MISSING,-1,-1,0,-1
2024361398549,2024,361398549,2,9,0,-1,19,5,8,-1,0,0,0,0,0,0,1,1,-1,6,2,34,6,1560,2,11,CITROEN MODEL MISSING,4,E01026864,0,1
2024231539756,2024,231539756,2,9,0,-1,2,0,0,-1,0,0,0,0,0,0,2,1,-1,9,2,62,9,1124,1,22,CITROEN MODEL MISSING,6,E01031049,0,1
2024131501916,2024,131501916,1,19,0,-1,7,4,8,-1,0,0,0,0,0,0,1,1,-1,1,1,38,7,2198,2,9,CITROEN MODEL MISSING,1,E01010722,0,3
2024552400959,2024,552400959,2,9,0,4,4,1,5,0,0,0,0,4,0,0,2,1,6,6,2,48,8,1560,2,19,CITROEN MODEL MISSING,7,E01020436,0,1
2024041401131,2024,041401131,1,19,0,-1,1,1,5,-1,0,1,0,0,0,0,2,1,-1,6,1,66,10,1997,2,8,CITROEN MODEL MISSING,5,E01024873,0,3
2024010502511,2024,010502511,1,9,0,99,99,9,9,99,99,9,9,99,9,99,2,9,1,1,1,37,7,1200,1,2,CITROEN MODEL MISSING,6,E01004621,0,1
2024302400489,2024,302400489,1,9,0,18,19,8,4,0,0,4,0,0,0,0,1,1,1,1,1,51,8,1560,2,8,CITROEN MODEL MISSING,2,E01029447,0,2
2024471416561,2024,471416561,1,19,0,-1,4,7,3,-1,9,1,0,0,0,0,1,2,-1,2,1,67,10,1975,1,57,CITROEN MODEL MISSING,6,E01016953,0,1
2024201519313,2024,201519313,2,9,0,-1,19,5,1,-1,0,8,0,0,0,0,3,9,-1,1,1,63,9,1560,2,8,CITROEN MODEL MISSING,2,E01008984,0,1
2024991495001,2024,991495001,1,5,0,-1,5,1,5,-1,0,1,0,0,0,0,2,1,-1,9,1,56,9,1868,1,3,-1,8,-1,0,1
2024010496553,2024,010496553,2,3,0,18,19,3,7,0,0,0,0,0,0,0,1,1,6,6,2,36,7,125,1,11,HONDA MSX125,-1,-1,0,-1
2024401452386,2024,401452386,2,3,0,-1,13,5,1,-1,0,1,0,0,0,0,1,1,-1,6,1,18,4,125,1,10,HONDA MSX125,8,E01017480,0,1
2024361396585,2024,361396585,1,3,0,-1,19,6,2,-1,0,0,1,10,0,0,1,1,-1,9,1,46,8,125,1,8,HONDA MSX125,2,E01026488,0,2
2024361484542,2024,361484542,1,3,0,-1,19,7,3,-1,0,0,0,0,0,0,1,1,-1,9,1,47,8,125,1,8,HONDA MSX125,2,E01026488,0,3
2024010515309,2024,010515309,1,3,0,99,99,9,9,99,99,0,9,99,9,99,9,1,6,6,1,23,5,125,1,4,HONDA MSX125,2,E01003059,0,1
2024631530494,2024,631530494,1,3,0,-1,19,1,6,-1,0,0,1,0,2,1,1,1,-1,6,1,21,5,124,1,2,HONDA MSX125,9,W01000444,0,1
2024520500455,2024,520500455,1,4,0,18,19,1,4,0,0,0,0,0,0,0,1,1,2,2,1,23,5,125,1,6,HONDA MSX125,6,E01029199,0,1
2024461408923,2024,461408923,2,3,0,-1,19,3,7,-1,0,1,0,0,0,0,1,1,-1,6,1,-1,-1,124,1,1,HONDA MSX125,2,E01024170,0,1
2024421409250,2024,421409250,2,3,0,-1,19,8,4,-1,0,8,5,0,0,0,1,1,-1,2,1,28,6,125,1,4,HONDA MSX125,6,E01002266,0,3
2024522401657,2024,522401657,1,3,0,4,4,7,2,0,0,8,0,0,0,0,2,1,6,6,1,20,4,125,1,6,HONDA MSX125,3,E01014564,0,1
2024010503348,2024,010503348,2,3,0,18,19,7,3,0,0,0,0,0,0,0,1,1,6,6,2,20,4,125,1,5,HONDA MSX125,6,E01002670,0,1
2024610028124,2024,610028124,1,3,0,18,19,4,8,0,0,1,0,0,0,0,1,1,6,6,1,17,4,125,1,5,HONDA MSX125,7,W01001407,0,1
2024332400742,2024,332400742,2,3,0,-1,19,3,7,-1,0,8,0,0,0,0,3,1,-1,9,2,20,4,125,1,4,HONDA MSX125,2,E01013721,0,1
2024311481236,2024,311481236,1,3,0,-1,19,1,5,-1,0,0,0,0,0,0,1,1,-1,6,1,37,7,124,1,1,HONDA MSX125,2,E01013853,0,1
2024461431461,2024,461431461,1,3,0,-1,5,8,4,-1,0,8,0,0,0,0,1,1,-1,9,1,19,4,125,1,7,HONDA MSX125,7,E01024456,0,4
2024440378326,2024,440378326,2,3,0,18,19,7,3,0,0,1,0,0,0,0,1,1,6,6,2,33,6,124,1,1,HONDA MSX125,6,E01022802,0,1
2024451510022,2024,451510022,1,3,0,-1,19,5,1,-1,0,0,5,0,0,0,1,1,-1,6,1,54,8,125,1,6,HONDA MSX125,6,E01034290,0,1
2024311508720,2024,311508720,1,4,0,-1,19,7,3,-1,0,1,5,0,7,0,1,1,-1,6,1,20,4,125,1,9,HONDA MSX125,7,E01028015,0,1
2024131440011,2024,131440011,2,3,0,-1,19,5,1,-1,0,1,0,0,0,0,1,1,-1,9,2,28,6,125,1,8,HONDA MSX125,1,E01007406,0,2
2024010513598,2024,010513598,1,3,0,18,19,5,1,0,0,1,0,0,0,0,3,1,6,6,1,30,6,125,1,4,HONDA MSX125,3,E01000167,0,2
2024451455874,2024,451455874,1,3,0,-1,14,3,7,-1,0,1,0,0,0,0,1,1,-1,2,2,18,4,125,1,10,HONDA MSX125,6,E01031591,0,3
2024546677824,2024,546677824,1,3,0,18,19,1,5,0,0,0,0,0,0,0,1,1,6,6,1,17,4,125,1,6,HONDA MSX125,1,E01015546,0,3
2024332400536,2024,332400536,2,3,0,-1,19,4,8,-1,0,8,0,0,0,0,1,1,-1,2,1,18,4,125,1,6,HONDA MSX125,1,E01013640,0,1
2024501501650,2024,501501650,2,5,0,-1,19,8,4,-1,0,0,0,0,0,0,2,1,-1,6,2,20,4,124,1,1,HONDA MSX125,2,E01015072,0,1
2024221440328,2024,221440328,1,3,0,-1,19,1,3,-1,0,0,1,0,0,0,1,1,-1,6,1,17,4,125,1,7,HONDA MSX125,4,E01035071,0,2
2024522403000,2024,522403000,2,3,0,18,19,2,6,2,2,8,0,0,0,0,1,1,6,6,2,19,4,124,1,3,HONDA MSX125,6,E01014591,0,1
2024440552616,2024,440552616,1,3,0,4,4,1,5,0,0,2,1,0,8,10,1,1,6,6,2,18,4,125,1,10,HONDA MSX125,4,E01022805,0,1
2024041521793,2024,041521793,1,3,0,-1,19,5,1,-1,0,1,0,0,0,0,1,1,-1,9,1,17,4,125,1,8,HONDA MSX125,1,E01012744,0,1
2024010515467,2024,010515467,1,4,0,18,19,5,1,0,0,1,0,10,0,0,1,1,6,6,1,46,8,125,1,5,HONDA MSX125,3,E01003132,0,1
2024451502642,2024,451502642,1,3,0,-1,9,5,7,-1,0,1,1,0,0,0,3,1,-1,2,1,23,5,125,1,9,HONDA MSX125,9,E01030539,0,2
2024010510654,2024,010510654,1,3,0,11,11,3,7,0,0,1,0,0,0,0,3,1,6,6,2,22,5,124,1,0,HONDA MSX125,3,E01032743,0,2
2024531490280,2024,531490280,2,3,0,-1,19,5,1,-1,0,0,0,0,0,0,1,1,-1,6,1,17,4,125,1,5,HONDA MSX125,6,E01022444,0,1
2024430182625,2024,430182625,2,3,0,18,19,1,5,0,0,8,0,0,0,0,1,1,6,6,1,23,5,125,1,6,HONDA MSX125,8,E01016801,0,1
2024332400106,2024,332400106,1,3,0,-1,19,8,4,-1,0,0,0,0,0,0,1,1,-1,7,1,18,4,125,1,6,HONDA MSX125,5,E01025927,0,3
2024531460799,2024,531460799,2,3,0,-1,19,6,2,-1,0,1,0,0,0,0,1,1,-1,2,2,23,5,124,1,1,HONDA MSX125,4,E01022161,0,1
2024440456744,2024,440456744,1,3,0,4,4,1,4,0,0,8,1,0,0,0,1,1,2,2,1,22,5,125,1,7,HONDA MSX125,-1,-1,0,-1
2024031534716,2024,031534716,1,3,0,-1,19,5,1,-1,0,0,1,0,0,0,3,1,-1,6,1,48,8,124,1,3,HONDA MSX125,3,E01008510,0,5
2024401465308,2024,401465308,2,3,0,-1,3,1,5,-1,99,0,1,0,0,0,4,1,-1,9,2,29,6,125,1,4,HONDA MSX125,7,E01033817,0,1
202460Q084725,2024,60Q084725,2,3,0,4,4,6,2,0,0,0,0,0,0,0,1,1,6,6,2,28,6,124,1,3,HONDA MSX125,-1,-1,0,-1
2024201531946,2024,201531946,1,3,0,-1,19,3,7,-1,0,8,5,0,0,0,1,1,-1,2,1,27,6,124,1,2,HONDA MSX125,2,E01009944,0,1
2024010502990,2024,010502990,2,3,0,13,13,1,5,0,0,1,0,0,0,0,4,1,6,6,1,20,4,125,1,6,HONDA MSX125,3,E01003925,0,3
2024010541801,2024,010541801,2,3,0,18,19,7,3,0,0,0,0,0,0,0,3,1,6,6,1,27,6,124,1,3,HONDA MSX125,4,E01000029,0,3
2024010541887,2024,010541887,2,3,0,13,13,5,1,0,0,1,0,0,0,0,4,1,2,2,1,38,7,124,1,1,HONDA MSX125,4,E01003264,0,1
2024471522252,2024,471522252,1,3,0,-1,19,7,4,-1,0,0,1,0,1,0,3,1,-1,9,1,69,10,125,1,9,HONDA MSX125,7,E01021222,0,4
2024340NN1992,2024,340NN1992,1,3,0,-1,19,7,5,-1,0,1,0,0,0,0,1,1,-1,9,1,23,5,124,1,1,HONDA MSX125,9,E01027053,0,3
2024451522965,2024,451522965,1,3,0,-1,19,5,1,-1,0,1,1,0,1,0,1,1,-1,2,2,27,6,125,1,11,HONDA MSX125,7,E01030949,0,3
2024401472340,2024,401472340,2,3,0,-1,19,1,5,-1,0,4,2,0,0,0,2,1,-1,6,2,37,7,125,1,10,HONDA MSX125,5,E01015753,0,1
2024461481339,2024,461481339,2,3,0,-1,19,4,8,-1,0,1,0,0,0,0,4,1,-1,2,1,46,8,125,1,5,HONDA MSX125,1,E01024240,0,2
2024501395205,2024,501395205,2,3,0,-1,19,4,8,-1,0,1,0,0,0,0,4,1,-1,1,1,59,9,124,1,3,HONDA MSX125,6,E01018853,0,1
2024461505458,2024,461505458,1,3,0,-1,14,3,7,-1,0,0,0,0,0,0,1,1,-1,6,1,26,6,125,1,10,HONDA MSX125,2,E01016046,0,1
2024501490220,2024,501490220,2,3,0,-1,4,1,4,-1,0,1,2,0,0,0,1,1,-1,9,1,21,5,125,1,8,HONDA MSX125,1,E01015149,0,1
2024201434440,2024,201434440,2,3,0,-1,19,7,3,-1,0,0,0,0,0,0,1,1,-1,1,1,-1,-1,125,1,6,HONDA MSX125,8,E01010565,0,1
2024430062604,2024,430062604,1,3,0,18,19,1,5,0,0,0,0,0,0,0,4,1,6,6,1,19,4,125,1,9,HONDA MSX125,8,E01016690,0,1
2024471443385,2024,471443385,2,3,0,-1,19,8,4,-1,0,0,0,0,0,0,4,1,-1,9,2,39,7,125,1,8,HONDA MSX125,4,E01020976,0,3
2024552400339,2024,552400339,1,3,0,13,13,1,3,0,0,6,0,0,0,0,1,1,2,2,1,30,6,125,1,5,HONDA MSX125,6,E01020586,0,3
2024552400235,2024,552400235,1,4,0,18,19,2,6,0,0,3,0,10,1,0,1,1,6,6,1,30,6,124,1,3,HONDA MSX125,6,E01023017,0,3
2024501507776,2024,501507776,1,3,0,-1,7,1,4,-1,0,8,0,0,0,0,1,1,-1,6,1,29,6,124,1,1,HONDA MSX125,4,E01018894,0,4
2024041474057,2024,041474057,1,3,0,-1,15,5,1,-1,0,1,1,0,0,0,1,1,-1,6,1,17,4,125,1,6,HONDA MSX125,3,E01025097,0,1
2024461498450,2024,461498450,2,3,0,-1,19,1,5,-1,0,0,2,0,0,0,1,1,-1,6,2,20,4,124,1,0,HONDA MSX125,1,E01024683,0,1
2024361496267,2024,361496267,2,3,0,-1,19,3,7,-1,0,8,0,0,0,0,3,1,-1,9,1,53,8,124,1,3,HONDA MSX125,8,E01026840,0,1
2024010518870,2024,010518870,1,3,0,18,19,7,3,0,0,2,0,0,0,0,1,1,6,6,2,48,8,125,1,5,HONDA MSX125,2,E01000626,0,2
2024361430549,2024,361430549,2,3,0,-1,-1,-1,-1,-1,0,0,0,0,0,0,-1,1,-1,9,1,18,4,125,1,5,HONDA MSX125,6,E01030232,0,4
2024461509648,2024,461509648,1,3,0,-1,19,6,4,-1,0,3,1,0,0,0,3,1,-1,2,1,20,4,125,1,10,HONDA MSX125,5,E01024227,0,3
2024501490220,2024,501490220,1,3,0,-1,4,1,4,-1,0,1,0,0,0,0,2,1,-1,9,1,20,4,125,1,10,HONDA MSX125,3,E01015150,0,1
2024201421427,2024,201421427,1,3,0,-1,5,5,1,-1,0,4,0,0,0,0,1,1,-1,1,1,18,4,124,1,3,HONDA MSX125,1,E01010239,0,1
2024010536728,2024,010536728,2,3,0,18,19,7,3,0,0,8,2,0,0,0,1,1,6,6,1,24,5,125,1,5,HONDA MSX125,5,E01033791,0,1
2024320220841,2024,320220841,1,3,0,4,4,6,2,0,0,0,5,0,1,0,4,1,-1,-1,2,31,6,125,1,8,HONDA MSX125,6,E01026100,0,4
2024501527289,2024,501527289,1,3,0,-1,19,2,6,-1,0,8,0,0,0,0,1,1,-1,2,2,31,6,125,1,10,HONDA MSX125,3,E01015060,0,1
2024122401016,2024,122401016,1,3,0,6,6,6,6,0,0,0,0,0,0,0,0,1,6,6,1,18,4,124,1,1,HONDA MSX125,7,E01013419,0,4
2024061517514,2024,061517514,1,4,0,-1,13,2,6,-1,0,8,0,4,0,0,1,1,-1,6,1,22,5,249,1,8,-1,1,E01004841,0,1
2024122400874,2024,122400874,1,4,0,10,10,2,6,0,0,0,1,0,7,0,4,1,6,6,1,51,8,249,1,8,-1,8,E01011181,0,4
2024070846280,2024,070846280,1,5,0,-1,19,5,1,-1,0,0,0,0,0,0,3,1,-1,9,1,61,9,947,1,0,-1,5,E01006488,0,3
2024122400728,2024,122400728,1,5,0,16,19,5,3,0,0,0,0,0,0,0,3,1,6,6,1,29,6,947,1,0,-1,-1,-1,0,-1
2024991481047,2024,991481047,2,5,0,-1,19,3,7,-1,0,0,2,0,0,0,2,1,-1,9,1,32,6,947,1,0,-1,2,-1,0,4
2024061465456,2024,061465456,1,4,0,-1,9,1,3,-1,0,1,0,0,0,0,1,1,-1,6,1,17,4,249,1,-1,-1,7,E01005691,0,1
2024141476746,2024,141476746,1,5,0,-1,19,3,7,-1,0,1,5,0,0,0,4,1,-1,9,1,30,6,654,1,21,-1,4,E01007489,0,1
2024361460467,2024,361460467,1,5,0,-1,14,6,2,-1,0,1,0,0,0,0,4,1,-1,1,1,43,7,625,1,23,-1,-1,-1,0,-1
2024421512737,2024,421512737,1,4,0,-1,19,5,1,-1,0,0,1,0,0,0,4,1,-1,9,1,27,6,498,1,-1,-1,8,E01022093,0,2
2024421475341,2024,421475341,1,3,0,-1,5,1,5,-1,0,1,0,0,0,0,1,1,-1,6,1,26,6,125,1,7,-1,3,E01021307,0,1
2024610047024,2024,610047024,1,4,0,18,19,7,3,0,0,0,0,4,0,0,1,1,1,1,1,35,6,449,1,13,-1,2,W01001334,0,2
2024522403178,2024,522403178,1,5,0,18,19,4,8,0,0,8,0,0,0,0,1,1,6,6,1,25,5,640,1,22,-1,3,E01014588,0,1
2024010506495,2024,010506495,1,4,0,4,4,5,1,0,0,1,0,0,0,0,3,1,2,2,1,33,6,609,1,26,-1,2,E01001603,0,2
2024440190046,2024,440190046,2,17,0,4,4,8,4,0,0,1,0,0,0,0,1,1,1,1,1,-1,-1,2434,2,3,-1,-1,-1,0,-1
202454D912724,2024,54D912724,2,17,0,9,9,1,5,0,0,0,0,0,7,0,0,1,1,1,1,63,9,3769,2,7,-1,1,E01015572,0,2