collision_index,collision_year,collision_ref_no,vehicle_reference,vehicle_type,towing_and_articulation,vehicle_manoeuvre_historic,vehicle_manoeuvre,vehicle_direction_from,vehicle_direction_to,vehicle_location_restricted_lane_historic,vehicle_location_restricted_lane,junction_location,skidding_and_overturning,hit_object_in_carriageway,vehicle_leaving_carriageway,hit_object_off_carriageway,first_point_of_impact,vehicle_left_hand_drive,journey_purpose_of_driver_historic,journey_purpose_of_driver,sex_of_driver,age_of_driver,age_band_of_driver,engine_capacity_cc,propulsion_code,age_of_vehicle,generic_make_model,driver_imd_decile,lsoa_of_driver,escooter_flag,driver_distance_banding
2024052402704,2024,052402704,1,9,0,9,9,4,2,0,0,8,0,0,0,0,4,1,6,6,2,45,7,2487,8,0,LEXUS NX 450,5,E01006487,0,2
2024041396094,2024,041396094,2,9,0,-1,9,2,6,-1,0,0,0,0,6,11,3,1,-1,9,2,61,9,2487,8,2,LEXUS NX 450,8,E01025358,0,1
2024320310543,2024,320310543,2,9,0,4,4,8,4,0,0,0,0,0,0,0,2,1,-1,-1,1,38,7,2487,8,1,LEXUS NX 450,9,E01008047,0,4
2024010528301,2024,010528301,2,9,0,99,99,9,9,99,99,9,9,99,9,99,9,9,6,6,3,-1,-1,2487,8,2,LEXUS NX 450,-1,-1,0,-1
2024141531047,2024,141531047,2,9,0,-1,19,1,5,-1,0,1,0,0,0,0,1,1,-1,2,2,66,10,2487,8,2,LEXUS NX 450,9,E01008036,0,1
2024320459435,2024,320459435,2,9,0,-1,-1,8,4,0,0,8,0,0,3,0,3,1,-1,-1,2,66,10,2487,8,0,LEXUS NX 450,5,E01026213,0,2
2024010519930,2024,010519930,2,9,0,18,19,7,3,0,0,8,0,0,0,0,2,1,6,6,1,74,10,2487,8,0,LEXUS NX 450,6,E01034598,0,1
2024421467750,2024,421467750,3,9,0,-1,3,8,4,-1,0,0,0,0,0,0,2,1,-1,6,1,77,11,2487,8,0,LEXUS NX 450,10,E01023468,0,2
2024471461210,2024,471461210,2,9,0,-1,10,7,5,-1,0,1,0,0,0,0,2,1,-1,2,1,59,9,2487,8,1,LEXUS NX 450,2,E01021137,0,2
2024010542850,2024,010542850,2,9,0,2,2,0,0,9,9,2,0,0,0,0,1,1,6,6,3,-1,-1,2487,8,0,LEXUS NX 450,-1,-1,0,-1
2024070397596,2024,070397596,2,9,0,2,2,0,0,6,6,1,0,0,0,0,3,1,6,6,2,-1,-1,2487,8,0,LEXUS NX 450,-1,-1,0,-1
2024010548270,2024,010548270,1,3,0,99,99,9,9,99,99,9,9,99,9,99,1,1,2,2,1,49,8,125,1,8,-1,6,E01003952,0,1
202460Q128690,2024,60Q128690,1,9,0,9,9,6,3,0,0,6,0,0,0,0,3,1,6,6,1,63,9,1461,2,7,NISSAN QASHQAI,-1,-1,0,-1
2024622400721,2024,622400721,1,9,0,18,19,2,6,0,0,0,0,0,0,0,3,1,3,7,2,46,8,1461,2,14,NISSAN QASHQAI,1,W01001961,0,1
2024501470935,2024,501470935,1,9,0,-1,5,7,3,-1,0,6,0,0,0,0,1,1,-1,6,1,86,11,1332,1,4,NISSAN QASHQAI,9,W01000609,0,5
2024041476183,2024,041476183,1,9,0,-1,1,5,1,-1,0,1,0,0,0,0,2,1,-1,6,3,-1,-1,1461,2,5,NISSAN QASHQAI,-1,-1,0,-1
2024501481979,2024,501481979,1,9,0,-1,19,1,4,-1,0,0,0,0,0,0,3,1,-1,6,1,59,9,1461,2,14,NISSAN QASHQAI,2,E01018949,0,1
2024471523277,2024,471523277,2,9,0,-1,19,1,5,-1,0,0,1,0,0,0,1,1,-1,6,2,44,7,1332,8,3,NISSAN QASHQAI,4,E01020947,0,3
202417S300124,2024,17S300124,1,9,0,7,7,2,4,0,0,8,0,0,0,0,1,1,6,6,1,72,10,1598,1,11,NISSAN QASHQAI,7,E01012024,0,1
202460Q107440,2024,60Q107440,2,9,0,3,3,3,7,0,0,0,0,0,0,0,2,1,1,1,2,51,8,1598,1,11,NISSAN QASHQAI,-1,-1,0,-1
2024461402772,2024,461402772,1,9,0,-1,7,1,3,-1,0,0,0,0,2,1,4,9,-1,1,1,48,8,1997,1,16,NISSAN QASHQAI,6,E01035278,0,1
2024010504745,2024,010504745,1,9,0,5,5,7,3,0,0,1,0,0,0,0,2,1,6,6,1,66,10,1332,1,3,NISSAN QASHQAI,2,E01001773,0,1
2024131487400,2024,131487400,2,9,0,-1,19,1,5,-1,0,0,0,0,0,0,2,1,-1,2,1,29,6,1461,2,7,NISSAN QASHQAI,2,E01011321,0,2
2024131421552,2024,131421552,1,9,0,-1,19,5,1,-1,0,3,0,0,0,0,1,1,-1,9,1,55,8,1332,8,2,NISSAN QASHQAI,3,E01010856,0,2
2024101473755,2024,101473755,1,9,0,-1,19,5,1,-1,0,1,-1,-1,-1,0,-1,9,-1,6,1,-1,-1,1332,8,1,NISSAN QASHQAI,-1,-1,0,-1
2024430218465,2024,430218465,2,9,0,9,9,8,6,0,0,5,0,0,0,0,3,1,6,6,2,35,6,1598,1,12,NISSAN QASHQAI,-1,-1,0,-1
2024221440130,2024,221440130,2,9,0,-1,19,3,7,-1,0,8,1,0,1,11,1,1,-1,6,1,60,9,1598,2,12,NISSAN QASHQAI,8,E01032223,0,2
2024201449760,2024,201449760,2,9,0,-1,3,2,6,-1,0,1,0,0,0,0,2,1,-1,6,2,38,7,1332,8,2,NISSAN QASHQAI,-1,-1,0,-1
2024141477833,2024,141477833,2,9,0,-1,19,5,1,-1,0,0,0,0,0,0,2,1,-1,9,2,49,8,1461,2,8,NISSAN QASHQAI,3,E01007639,0,3
2024451415236,2024,451415236,2,9,0,-1,19,6,2,-1,0,0,5,0,0,0,1,1,-1,2,1,39,7,1332,1,4,NISSAN QASHQAI,8,E01030474,0,2
2024421528433,2024,421528433,3,9,0,-1,4,8,4,-1,0,0,0,0,0,0,2,1,-1,9,2,56,9,1461,2,6,NISSAN QASHQAI,9,E01021937,0,1
2024361526289,2024,361526289,1,9,0,-1,5,7,3,-1,0,0,0,0,0,0,1,1,-1,6,1,45,7,1497,8,1,NISSAN QASHQAI,8,E01026913,0,2
2024201437843,2024,201437843,3,9,0,-1,19,2,6,-1,0,0,0,7,4,7,1,9,-1,1,1,43,7,1461,2,8,NISSAN QASHQAI,8,E01019374,0,5
2024451438923,2024,451438923,2,9,0,-1,19,1,3,-1,0,0,0,0,0,0,4,1,-1,6,3,30,6,1197,1,6,NISSAN QASHQAI,-1,-1,0,-1
2024010513559,2024,010513559,1,9,0,18,19,7,3,0,0,1,0,0,0,0,4,1,1,1,2,66,10,1332,1,3,NISSAN QASHQAI,-1,-1,0,-1
2024302401614,2024,302401614,1,9,0,5,5,1,3,0,0,8,0,0,0,0,1,1,6,6,1,38,7,1995,2,12,NISSAN QASHQAI,1,E01019796,0,1
2024101537282,2024,101537282,2,9,-1,-1,-1,7,2,-1,-1,0,-1,-1,-1,0,-1,9,-1,6,1,-1,-1,1197,1,7,NISSAN QASHQAI,1,E01035619,0,1
2024411415458,2024,411415458,1,9,0,-1,19,4,8,-1,0,1,0,0,0,0,1,1,-1,9,2,37,7,1461,2,14,NISSAN QASHQAI,2,E01033804,0,2
2024010548907,2024,010548907,1,9,0,5,5,3,7,2,2,6,0,0,0,0,3,1,6,6,1,34,6,1997,1,17,NISSAN QASHQAI,2,E01002073,0,3
2024461475690,2024,461475690,1,9,0,-1,5,7,3,-1,-1,0,0,0,7,0,1,1,-1,6,1,40,7,1997,1,17,NISSAN QASHQAI,2,E01016160,0,4
2024010546475,2024,010546475,2,9,0,4,4,1,5,0,0,1,0,0,0,0,2,2,6,6,1,56,9,1598,1,16,NISSAN QASHQAI,5,E01001146,0,1
2024041535625,2024,041535625,1,9,0,-1,19,1,5,-1,0,0,0,0,0,0,3,1,-1,9,2,54,8,1461,2,10,NISSAN QASHQAI,4,E01025170,0,1
2024010537993,2024,010537993,1,9,0,99,99,9,9,0,0,4,0,99,9,99,9,9,6,6,2,40,7,1197,1,8,NISSAN QASHQAI,4,E01004416,0,1
2024010545353,2024,010545353,1,9,0,99,99,9,9,99,99,9,9,99,9,99,2,9,6,6,1,43,7,1197,1,8,NISSAN QASHQAI,3,E01033862,0,1
2024101488697,2024,101488697,1,9,0,-1,9,4,2,-1,0,8,0,0,0,0,1,1,-1,2,1,45,7,1497,8,0,NISSAN QASHQAI,4,E01008796,0,2
2024451481589,2024,451481589,1,9,0,-1,19,7,3,-1,0,1,0,0,0,0,1,1,-1,2,1,53,8,1598,1,11,NISSAN QASHQAI,7,E01030414,0,2
2024010503891,2024,010503891,1,9,0,99,99,9,9,99,99,0,9,99,9,99,9,9,6,6,1,52,8,1197,1,9,NISSAN QASHQAI,4,E01023891,0,4
2024131534961,2024,131534961,1,9,0,-1,19,1,5,-1,0,1,0,0,0,0,1,2,-1,6,1,46,8,1461,2,7,NISSAN QASHQAI,3,E01010669,0,2
2024201444112,2024,201444112,1,9,0,-1,19,1,6,-1,0,2,5,0,0,0,3,9,-1,9,2,44,7,1461,2,15,NISSAN QASHQAI,3,E01009938,0,1
2024101401171,2024,101401171,2,9,0,-1,8,6,2,-1,0,1,0,0,0,0,2,1,-1,9,1,48,8,1461,2,9,NISSAN QASHQAI,7,E01008320,0,2
2024552500144,2024,552500144,4,9,0,18,19,4,8,0,0,0,0,0,0,0,0,1,6,6,2,29,6,1461,2,13,NISSAN QASHQAI,9,E01020457,0,1
2024161428966,2024,161428966,1,9,0,-1,19,4,8,-1,0,8,0,0,0,0,1,1,-1,9,2,32,6,1461,2,13,NISSAN QASHQAI,4,E01012799,0,1
2024010508848,2024,010508848,2,9,0,16,19,3,7,0,0,2,0,0,0,0,1,1,6,6,1,64,9,1332,8,2,NISSAN QASHQAI,4,E01003695,0,1
2024501492896,2024,501492896,2,9,0,-1,4,6,2,-1,0,0,0,0,0,0,2,1,-1,6,2,45,7,1994,2,15,NISSAN QASHQAI,2,E01019990,0,1
2024141457012,2024,141457012,1,9,0,-1,19,7,3,-1,0,0,0,0,0,0,1,1,-1,1,2,49,8,1598,1,11,NISSAN QASHQAI,3,E01007788,0,1
2024471519786,2024,471519786,1,9,0,-1,19,5,1,-1,0,0,1,0,1,9,4,1,-1,6,2,37,7,1461,2,10,NISSAN QASHQAI,5,E01034300,0,2
2024201513090,2024,201513090,1,9,0,-1,19,2,3,-1,0,8,0,0,0,0,1,9,-1,1,1,34,6,1995,2,13,NISSAN QASHQAI,6,E01009278,0,1
2024010501495,2024,010501495,1,9,0,9,9,1,7,0,0,1,0,0,0,0,1,1,6,6,1,30,6,1197,1,9,NISSAN QASHQAI,5,E01034480,0,1
2024010505950,2024,010505950,1,9,0,5,5,3,7,0,0,8,0,0,0,0,1,1,6,6,2,43,7,1497,8,0,NISSAN QASHQAI,3,E01004467,0,1
2024622400098,2024,622400098,2,9,0,9,9,6,4,0,0,8,2,0,0,0,4,1,2,2,1,44,7,1598,2,10,NISSAN QASHQAI,2,W01000659,0,3
2024531452351,2024,531452351,2,9,0,-1,19,5,1,-1,0,0,5,0,0,0,1,1,-1,9,2,51,8,1198,1,10,NISSAN QASHQAI,9,E01022381,0,2
2024320429171,2024,320429171,1,9,0,9,9,3,8,0,0,8,0,0,0,0,3,1,-1,-1,2,46,8,1197,1,7,NISSAN QASHQAI,7,E01027999,0,1
2024201500713,2024,201500713,1,9,0,-1,19,1,5,-1,0,2,0,0,0,0,1,1,-1,7,1,25,5,1461,2,5,NISSAN QASHQAI,3,E01009626,0,1
2024461461664,2024,461461664,3,9,0,-1,19,6,2,-1,0,0,0,0,0,0,2,1,-1,1,1,46,8,1332,1,6,NISSAN QASHQAI,10,E01002388,0,3
2024010509962,2024,010509962,2,9,0,9,9,4,1,99,99,9,9,99,9,99,4,1,6,6,1,37,7,1332,8,2,NISSAN QASHQAI,1,E01005183,0,5
2024302401507,2024,302401507,1,9,0,9,9,7,5,0,0,8,0,0,0,0,1,1,1,1,2,46,8,1598,1,12,NISSAN QASHQAI,5,E01019740,0,1
2024010540654,2024,010540654,2,9,0,18,19,2,6,0,0,1,0,0,0,0,1,1,6,6,1,62,9,1332,1,4,NISSAN QASHQAI,5,E01004391,0,1
2024320355576,2024,320355576,1,9,0,-1,-1,4,8,0,0,2,0,0,0,0,1,1,6,6,1,76,11,1497,8,1,NISSAN QASHQAI,10,E01034702,0,1
2024010520423,2024,010520423,2,9,0,6,6,7,7,0,0,0,0,0,7,10,2,1,6,6,1,64,9,1598,1,16,NISSAN QASHQAI,5,E01002212,0,1
2024010492348,2024,010492348,2,9,0,3,3,5,1,0,0,0,0,0,0,0,1,1,2,2,2,37,7,1461,2,5,NISSAN QASHQAI,4,E01000722,0,2
2024622500011,2024,622500011,2,9,0,11,11,8,4,0,0,0,0,0,0,0,2,1,6,6,1,64,9,1197,1,7,NISSAN QASHQAI,9,W01002024,0,1
2024010515968,2024,010515968,2,9,0,11,11,7,3,0,0,1,0,0,0,0,4,1,6,6,1,74,10,1197,1,6,NISSAN QASHQAI,-1,-1,0,-1
2024101508274,2024,101508274,1,9,0,-1,5,3,7,-1,9,0,0,0,1,0,1,1,-1,9,1,80,11,1332,1,5,NISSAN QASHQAI,9,E01027509,0,3
2024311510542,2024,311510542,2,9,0,-1,19,4,8,-1,0,0,0,0,0,0,3,1,-1,6,1,27,6,1461,2,12,NISSAN QASHQAI,-1,-1,0,-1
2024451403136,2024,451403136,1,9,0,-1,19,7,3,-1,0,0,0,0,5,6,1,1,-1,9,2,33,6,1598,1,16,NISSAN QASHQAI,10,E01030352,0,1
2024010502528,2024,010502528,2,9,0,7,7,5,7,0,0,3,0,0,0,0,1,1,6,6,2,24,5,1598,1,14,NISSAN QASHQAI,5,E01000110,0,1
2024131416327,2024,131416327,1,9,0,-1,19,1,1,-1,0,0,5,7,1,1,1,1,-1,6,1,50,8,1598,2,11,NISSAN QASHQAI,1,E01011133,0,3
2024440144116,2024,440144116,1,9,0,18,19,5,1,0,0,1,0,0,0,0,4,1,6,6,2,31,6,1197,1,6,NISSAN QASHQAI,3,E01017295,0,1
2024010512188,2024,010512188,4,9,0,2,2,0,0,0,0,1,0,4,0,0,3,1,6,6,3,-1,-1,1997,1,12,NISSAN QASHQAI,-1,-1,0,-1
2024061469513,2024,061469513,3,9,0,-1,3,4,8,-1,0,0,0,0,0,0,2,1,-1,6,1,30,6,1598,1,13,NISSAN QASHQAI,3,E01033680,0,1
2024541981624,2024,541981624,1,9,0,18,19,3,7,0,0,0,0,0,0,0,1,1,1,1,2,50,8,1997,1,17,NISSAN QASHQAI,-1,-1,0,-1
2024041453228,2024,041453228,2,9,0,-1,19,7,3,-1,0,8,0,0,7,0,1,1,-1,2,1,61,9,1618,1,6,NISSAN QASHQAI,1,E01025287,0,2
2024010519100,2024,010519100,1,9,0,99,99,9,9,99,99,9,9,99,9,99,1,9,6,6,3,-1,-1,1332,8,2,NISSAN QASHQAI,7,E01002827,0,1
2024991477483,2024,991477483,1,9,0,-1,4,1,5,-1,0,0,0,0,0,0,4,1,-1,9,2,43,7,1461,2,8,NISSAN QASHQAI,10,-1,0,1
2024471497223,2024,471497223,3,9,0,-1,2,0,0,-1,0,0,0,0,0,0,4,1,-1,6,-1,-1,-1,1461,2,9,NISSAN QASHQAI,-1,-1,0,-1
2024430439088,2024,430439088,1,9,0,9,9,2,8,0,0,5,0,0,0,0,4,1,6,6,1,56,9,1598,2,8,NISSAN QASHQAI,8,E01033971,0,2
2024041510157,2024,041510157,3,9,0,-1,19,1,1,-1,0,0,0,0,0,0,2,1,-1,2,2,65,9,1332,8,1,NISSAN QASHQAI,9,E01025553,0,3
2024052400764,2024,052400764,2,9,0,18,19,1,5,0,0,1,0,0,0,0,1,1,6,6,2,34,6,1995,2,11,NISSAN QASHQAI,1,E01006645,0,1
2024430245848,2024,430245848,2,9,0,18,19,6,2,0,0,0,0,0,0,0,1,1,6,6,1,-1,-1,1461,2,11,NISSAN QASHQAI,-1,-1,0,-1
2024231410218,2024,231410218,1,9,0,-1,5,1,5,-1,0,6,0,0,0,0,4,9,-1,6,1,56,9,1994,2,14,NISSAN QASHQAI,7,E01031334,0,1
2024501505939,2024,501505939,3,9,0,-1,2,0,0,-1,0,0,0,0,0,0,1,1,-1,6,-1,-1,-1,1332,1,5,NISSAN QASHQAI,-1,-1,0,-1
2024131451824,2024,131451824,1,9,0,-1,-1,-1,-1,-1,-1,0,-1,-1,-1,-1,-1,1,-1,6,2,32,6,1497,8,1,NISSAN QASHQAI,3,E01010597,0,1
2024430540222,2024,430540222,2,9,0,18,19,3,7,0,0,1,0,0,0,0,1,1,6,6,3,-1,-1,1461,2,13,NISSAN QASHQAI,-1,-1,0,-1
2024361431592,2024,361431592,1,9,0,-1,9,1,8,-1,0,0,0,0,0,0,3,1,-1,9,1,25,5,1461,2,13,NISSAN QASHQAI,2,E01026829,0,1
202417S413724,2024,17S413724,3,9,0,-1,19,8,4,-1,0,0,0,0,1,0,1,1,-1,9,2,49,8,1461,2,9,NISSAN QASHQAI,10,E01012303,0,1
2024041422154,2024,041422154,1,9,0,-1,13,8,4,-1,0,0,0,0,0,0,1,1,-1,6,1,76,11,1332,8,2,NISSAN QASHQAI,8,E01027568,0,4
2024131498661,2024,131498661,1,9,0,-1,5,7,3,-1,0,2,0,0,1,0,3,1,-1,2,2,41,7,1461,2,11,NISSAN QASHQAI,1,E01010832,0,1
2024131452197,2024,131452197,1,9,0,-1,9,5,3,-1,9,0,0,0,0,0,4,1,-1,9,1,79,11,1461,2,15,NISSAN QASHQAI,10,E01011932,0,1
2024501428996,2024,501428996,2,9,0,-1,19,3,7,-1,0,1,0,0,0,0,3,1,-1,7,2,23,5,1461,2,14,NISSAN QASHQAI,5,E01015070,0,1
2024421525924,2024,421525924,1,9,0,-1,5,1,6,-1,0,6,0,0,0,0,1,1,-1,6,2,43,7,1197,1,8,NISSAN QASHQAI,6,E01021355,0,2
2024361503243,2024,361503243,1,9,0,-1,19,7,3,-1,0,0,0,0,1,11,1,1,-1,9,1,21,5,1994,2,15,NISSAN QASHQAI,4,E01026794,0,2
2024351478718,2024,351478718,1,9,0,-1,19,5,2,-1,0,0,0,0,0,0,1,1,-1,9,1,57,9,1598,1,11,NISSAN QASHQAI,9,E01035534,0,1
2024010505339,2024,010505339,2,9,9,99,99,9,9,99,99,0,9,99,9,99,9,9,6,6,1,48,8,1598,1,11,NISSAN QASHQAI,4,E01003626,0,1
2024061533786,2024,061533786,1,9,0,-1,19,5,4,-1,0,8,0,0,0,0,1,1,-1,6,1,38,7,1461,2,10,NISSAN QASHQAI,-1,-1,0,-1
2024301394344,2024,301394344,2,9,0,-1,-1,1,3,-1,-1,0,0,0,0,0,1,1,-1,-1,1,-1,-1,1598,2,10,NISSAN QASHQAI,3,E01019506,0,2
2024991450068,2024,991450068,1,9,0,-1,19,2,6,-1,9,2,0,0,1,11,1,1,-1,6,2,23,5,1461,2,14,NISSAN QASHQAI,5,-1,0,1
2024421473543,2024,421473543,1,9,0,-1,19,1,5,-1,0,8,0,0,0,0,4,1,-1,9,2,46,8,1995,2,13,NISSAN QASHQAI,3,E01015868,0,1
2024340NN3932,2024,340NN3932,2,9,0,-1,19,1,5,-1,0,2,0,0,0,0,3,1,-1,9,1,34,6,1598,2,9,NISSAN QASHQAI,7,E01035393,0,1
2024010523873,2024,010523873,2,9,0,99,99,9,9,99,99,9,9,99,9,99,9,9,6,6,3,52,8,1197,1,8,NISSAN QASHQAI,2,E01000098,0,1
2024141505018,2024,141505018,1,9,0,-1,8,4,6,-1,0,1,0,0,0,0,4,1,-1,9,2,37,7,1461,2,8,NISSAN QASHQAI,3,E01007451,0,1
2024320393007,2024,320393007,2,9,0,9,9,6,5,0,0,5,0,0,0,0,4,1,-1,-1,2,32,6,1461,2,11,NISSAN QASHQAI,9,E01026334,0,1
2024101553548,2024,101553548,2,9,0,-1,19,1,5,-1,0,0,0,0,0,0,2,1,-1,9,2,24,5,1332,8,1,NISSAN QASHQAI,9,E01008863,0,3
2024201452696,2024,201452696,3,9,0,-1,19,8,4,-1,0,3,0,0,0,0,2,1,-1,6,2,54,8,1461,2,6,NISSAN QASHQAI,4,E01009861,0,3
2024131533470,2024,131533470,2,9,0,-1,9,5,1,-1,0,1,0,0,0,0,1,1,-1,6,2,46,8,1461,2,5,NISSAN QASHQAI,2,E01033899,0,2
2024111423215,2024,111423215,2,9,0,-1,4,5,1,-1,0,0,0,0,0,0,2,1,-1,6,1,43,7,1618,1,8,NISSAN QASHQAI,4,E01020832,0,1
2024221534384,2024,221534384,1,9,0,-1,13,3,7,-1,0,8,0,10,7,11,1,9,-1,6,1,30,6,1197,1,9,NISSAN QASHQAI,-1,-1,0,-1
2024302500087,2024,302500087,2,9,0,-1,5,5,1,-1,0,8,0,0,0,0,3,1,-1,2,1,41,7,1332,8,1,NISSAN QASHQAI,2,E01028112,0,3
2024010542611,2024,010542611,1,9,0,18,19,3,7,0,0,5,0,0,0,0,1,1,6,6,1,25,5,1332,8,2,NISSAN QASHQAI,6,E01000486,0,1
2024010525863,2024,010525863,1,9,0,99,99,9,9,99,99,9,9,99,9,99,3,9,6,6,1,37,7,1332,1,4,NISSAN QASHQAI,6,E01004381,0,1
2024141470860,2024,141470860,1,9,0,-1,19,1,5,-1,0,0,0,0,0,0,4,1,-1,9,1,50,8,1461,2,12,NISSAN QASHQAI,1,E01008009,0,2
2024631452269,2024,631452269,2,9,0,-1,2,0,0,-1,0,2,0,0,0,0,1,1,-1,9,1,36,7,1461,2,9,NISSAN QASHQAI,9,W01000432,0,1
2024131468807,2024,131468807,2,9,0,-1,19,3,7,-1,0,1,0,0,0,0,3,1,-1,9,1,61,9,1598,1,16,NISSAN QASHQAI,3,E01011717,0,1
2024010538260,2024,010538260,1,9,0,18,19,7,3,0,0,0,0,0,0,0,1,1,6,6,1,53,8,1198,1,10,NISSAN QASHQAI,6,E01002523,0,1
2024340WN0802,2024,340WN0802,1,9,0,-1,19,6,8,-1,0,1,0,0,0,0,3,1,-1,6,2,42,7,1332,8,1,NISSAN QASHQAI,1,E01027153,0,1
2024211494583,2024,211494583,1,9,0,-1,19,4,1,-1,9,0,0,0,0,0,4,1,-1,9,1,86,11,1197,1,8,NISSAN QASHQAI,6,E01029778,0,1
2024201470166,2024,201470166,2,9,0,-1,19,3,8,-1,0,6,0,0,0,0,1,9,-1,6,2,39,7,1197,1,9,NISSAN QASHQAI,2,E01010039,0,1
2024131436795,2024,131436795,2,9,0,-1,19,7,3,-1,0,8,0,0,0,0,4,1,-1,6,2,35,6,1598,2,12,NISSAN QASHQAI,3,E01010571,0,1
2024010525069,2024,010525069,1,9,0,18,19,3,7,0,0,0,0,7,0,0,4,1,2,2,2,39,7,1332,1,5,NISSAN QASHQAI,9,E01001614,0,3
2024201526171,2024,201526171,1,9,0,-1,19,5,6,-1,0,0,0,0,0,0,1,1,-1,6,2,34,6,1461,2,10,NISSAN QASHQAI,1,E01009363,0,1
2024351539880,2024,351539880,1,9,0,-1,19,7,3,-1,0,0,0,0,0,0,1,1,-1,1,2,37,7,1197,1,7,NISSAN QASHQAI,3,E01030114,0,2
2024401452981,2024,401452981,2,9,0,-1,19,2,5,-1,0,0,0,0,0,0,1,1,-1,6,1,31,6,1598,1,12,NISSAN QASHQAI,7,E01017622,0,2
2024201431794,2024,201431794,1,9,0,-1,9,2,5,-1,0,0,0,0,0,0,4,9,-1,6,3,-1,-1,1461,2,13,NISSAN QASHQAI,-1,-1,0,-1
2024131439147,2024,131439147,1,9,0,-1,-1,-1,-1,-1,-1,8,-1,-1,-1,0,-1,1,-1,6,3,-1,-1,1598,2,10,NISSAN QASHQAI,-1,-1,0,-1
2024061403714,2024,061403714,1,9,0,-1,9,4,1,-1,0,5,0,0,0,0,1,1,-1,6,2,38,7,1461,2,13,NISSAN QASHQAI,-1,-1,0,-1
2024052401354,2024,052401354,1,9,0,9,9,1,7,0,0,1,0,0,0,0,3,1,3,7,2,32,6,1598,1,15,NISSAN QASHQAI,1,E01007055,0,1
2024010522176,2024,010522176,1,9,0,18,19,3,7,0,0,1,0,0,0,0,1,1,3,7,2,42,7,1197,1,8,NISSAN QASHQAI,9,E01000412,0,1
2024501453282,2024,501453282,2,9,0,-1,19,1,5,-1,0,1,0,0,0,0,1,1,-1,7,2,37,7,1461,2,5,NISSAN QASHQAI,10,E01020167,0,1
2024421437358,2024,421437358,2,9,0,-1,4,2,6,-1,0,0,0,0,0,0,2,1,-1,9,2,28,6,1332,1,5,NISSAN QASHQAI,10,E01022085,0,1
2024010500999,2024,010500999,1,9,0,18,19,8,4,0,0,1,5,0,1,0,3,1,2,2,1,62,9,1197,1,7,NISSAN QASHQAI,3,E01002064,0,2
2024010515959,2024,010515959,2,9,0,99,99,9,9,99,99,9,9,99,9,99,9,9,6,6,3,-1,-1,1332,8,2,NISSAN QASHQAI,6,E01003218,0,1
2024440137686,2024,440137686,1,9,0,3,3,7,3,0,0,0,0,0,0,0,2,1,6,6,2,48,8,1461,2,11,NISSAN QASHQAI,1,E01017163,0,1
2024031479727,2024,031479727,1,9,0,-1,5,1,7,-1,0,8,0,0,0,0,2,1,-1,9,2,51,8,1497,8,1,NISSAN QASHQAI,-1,-1,0,-1
2024070493113,2024,070493113,2,9,0,18,19,2,6,0,0,8,0,0,0,0,1,1,6,6,1,42,7,1461,2,9,NISSAN QASHQAI,2,E01018364,0,1
2024451436556,2024,451436556,1,9,0,-1,19,3,7,-1,0,4,0,9,7,1,1,1,-1,6,1,66,10,1332,8,1,NISSAN QASHQAI,4,E01030364,0,1
2024010537536,2024,010537536,1,9,0,18,19,3,7,0,0,1,0,0,0,0,1,1,6,6,1,38,7,1598,1,14,NISSAN QASHQAI,5,E01000006,0,1
2024131475457,2024,131475457,1,9,0,-1,9,6,4,-1,0,8,0,0,0,0,1,1,-1,9,2,73,10,1197,1,9,NISSAN QASHQAI,6,E01010932,0,2
2024451448464,2024,451448464,1,9,0,-1,19,1,3,-1,0,0,0,0,0,0,1,9,-1,6,1,74,10,1332,1,4,NISSAN QASHQAI,4,E01030709,0,1
2024340WN2912,2024,340WN2912,3,9,0,-1,4,1,5,-1,0,1,0,0,0,0,2,1,-1,6,2,-1,-1,1598,1,15,NISSAN QASHQAI,-1,-1,0,-1
2024010546096,2024,010546096,2,9,0,4,4,1,5,0,0,1,0,0,0,0,2,1,6,6,2,37,7,1598,1,12,NISSAN QASHQAI,4,E01002650,0,1
2024141513195,2024,141513195,2,9,0,-1,2,2,6,-1,0,0,0,0,0,0,3,1,-1,6,1,39,7,1332,1,3,NISSAN QASHQAI,5,E01002611,0,5
2024991516579,2024,991516579,2,9,0,-1,19,7,2,-1,0,2,0,0,0,0,4,1,-1,6,2,58,9,1198,1,10,NISSAN QASHQAI,10,-1,0,1
2024010517626,2024,010517626,1,9,0,7,7,5,7,2,2,5,0,0,0,0,1,1,6,6,2,62,9,1197,1,8,NISSAN QASHQAI,2,E01003075,0,1
2024010498612,2024,010498612,2,9,9,99,99,9,9,99,99,9,9,99,9,99,9,9,6,6,3,-1,-1,1197,1,8,NISSAN QASHQAI,-1,-1,0,-1
2024041488599,2024,041488599,2,9,0,-1,19,1,5,-1,0,0,0,0,0,0,2,1,-1,9,1,42,7,1497,8,0,NISSAN QASHQAI,1,E01007327,0,4
2024501398151,2024,501398151,1,9,0,-1,19,1,5,-1,0,0,0,0,0,0,1,9,-1,6,1,41,7,1461,2,10,NISSAN QASHQAI,4,E01020323,0,3
2024522401162,2024,522401162,2,9,0,7,7,8,2,0,0,5,0,0,0,0,1,1,6,6,2,24,5,1197,1,6,NISSAN QASHQAI,3,E01014572,0,1