collision_index,collision_year,collision_ref_no,vehicle_reference,vehicle_type,towing_and_articulation,vehicle_manoeuvre_historic,vehicle_manoeuvre,vehicle_direction_from,vehicle_direction_to,vehicle_location_restricted_lane_historic,vehicle_location_restricted_lane,junction_location,skidding_and_overturning,hit_object_in_carriageway,vehicle_leaving_carriageway,hit_object_off_carriageway,first_point_of_impact,vehicle_left_hand_drive,journey_purpose_of_driver_historic,journey_purpose_of_driver,sex_of_driver,age_of_driver,age_band_of_driver,engine_capacity_cc,propulsion_code,age_of_vehicle,generic_make_model,driver_imd_decile,lsoa_of_driver,escooter_flag,driver_distance_banding
2024461561756,2024,461561756,1,9,0,-1,19,3,7,-1,0,0,0,0,0,0,1,9,-1,6,1,-1,-1,1497,8,2,NISSAN QASHQAI,-1,-1,0,-1
2024010515101,2024,010515101,3,9,0,2,2,0,0,6,6,1,0,0,0,0,4,1,6,6,3,-1,-1,1618,1,6,NISSAN QASHQAI,-1,-1,0,-1
2024010491151,2024,010491151,3,9,0,2,2,0,0,0,0,2,0,0,0,0,1,1,6,6,3,-1,-1,1997,1,17,NISSAN QASHQAI,-1,-1,0,-1
2024201437700,2024,201437700,1,9,0,-1,7,6,8,-1,0,6,0,0,0,0,1,9,-1,6,1,29,6,1332,8,1,NISSAN QASHQAI,1,E01009376,0,2
2024201448441,2024,201448441,1,9,0,-1,5,1,7,-1,0,0,0,0,0,0,1,1,-1,6,1,30,6,1461,2,8,NISSAN QASHQAI,-1,-1,0,-1
2024041496415,2024,041496415,2,9,0,-1,19,7,3,-1,0,8,0,0,0,0,4,1,-1,2,2,27,6,1461,2,8,NISSAN QASHQAI,7,E01025568,0,1
2024411439857,2024,411439857,1,9,0,-1,11,7,3,-1,0,0,0,0,0,0,1,1,-1,6,1,29,6,1332,8,2,NISSAN QASHQAI,7,E01003644,0,4
2024340NN4072,2024,340NN4072,2,9,0,-1,7,8,4,-1,0,4,0,0,0,0,3,1,-1,2,1,41,7,1461,2,10,NISSAN QASHQAI,4,E01026956,0,1
2024070314559,2024,070314559,1,9,0,18,19,8,4,0,0,0,0,0,0,0,1,1,1,1,2,62,9,1198,1,10,NISSAN QASHQAI,6,E01018654,0,2
2024052400588,2024,052400588,2,9,0,18,19,3,7,0,0,1,0,0,0,0,2,1,6,6,1,64,9,1497,8,1,NISSAN QASHQAI,7,E01007098,0,1
2024201423327,2024,201423327,2,9,0,-1,2,0,0,-1,0,0,0,10,1,0,2,1,-1,6,-1,-1,-1,1997,1,16,NISSAN QASHQAI,-1,-1,0,-1
2024052400596,2024,052400596,2,9,0,16,19,5,1,0,0,1,0,0,0,0,1,1,3,7,2,45,7,1461,2,12,NISSAN QASHQAI,6,E01006884,0,1
2024522403091,2024,522403091,2,9,0,18,19,6,2,0,0,8,0,0,0,0,1,1,6,6,1,-1,-1,1598,1,15,NISSAN QASHQAI,7,E01014505,0,1
2024010547996,2024,010547996,1,9,0,9,9,1,7,0,0,2,0,0,0,0,1,1,6,6,1,44,7,1197,1,8,NISSAN QASHQAI,3,E01002043,0,1
2024041412569,2024,041412569,2,9,0,-1,9,1,7,-1,0,0,0,0,0,0,4,1,-1,9,2,32,6,1197,1,7,NISSAN QASHQAI,4,E01025572,0,1
2024061469113,2024,061469113,1,9,0,-1,19,1,1,-1,0,0,0,0,0,0,1,2,-1,1,3,30,6,1197,1,8,NISSAN QASHQAI,-1,-1,0,-1
2024320293126,2024,320293126,2,9,0,-1,-1,8,4,0,0,8,0,0,0,0,1,1,-1,-1,2,35,6,1198,1,9,NISSAN QASHQAI,3,E01026123,0,4
2024201516887,2024,201516887,1,9,0,-1,5,5,1,-1,0,1,0,0,0,0,1,9,-1,6,2,48,8,1332,8,1,NISSAN QASHQAI,8,E01009464,0,2
2024010548543,2024,010548543,2,9,0,99,99,9,9,99,99,9,0,99,9,99,9,1,6,6,3,-1,-1,1997,1,11,NISSAN QASHQAI,-1,-1,0,-1
2024211457711,2024,211457711,1,9,0,-1,2,0,0,-1,0,0,0,0,0,0,4,1,-1,9,2,35,6,1598,2,8,NISSAN QASHQAI,-1,-1,0,-1
2024421454469,2024,421454469,1,9,0,-1,9,3,1,-1,0,0,0,0,0,0,1,1,-1,6,2,34,6,1332,1,4,NISSAN QASHQAI,2,E01015976,0,1
2024451404943,2024,451404943,1,9,0,-1,2,0,0,-1,0,0,0,0,0,0,2,1,-1,6,-1,-1,-1,1598,2,11,NISSAN QASHQAI,-1,-1,0,-1
202454A560424,2024,54A560424,1,9,0,5,5,4,8,0,0,6,0,0,0,0,4,1,6,6,2,35,6,1598,1,11,NISSAN QASHQAI,6,E01032037,0,3
2024061503150,2024,061503150,2,9,0,-1,19,5,8,-1,0,1,0,0,0,0,2,1,-1,9,2,35,6,1332,1,5,NISSAN QASHQAI,3,E01006159,0,1
2024991499883,2024,991499883,2,9,0,-1,4,3,7,-1,0,0,0,0,0,0,1,1,-1,1,1,48,8,1197,1,8,NISSAN QASHQAI,5,-1,0,1
2024061531978,2024,061531978,1,9,0,-1,10,5,2,-1,0,1,0,0,0,0,3,1,-1,2,2,50,8,1598,2,9,NISSAN QASHQAI,-1,-1,0,-1
2024221453796,2024,221453796,2,9,0,-1,7,3,6,-1,0,3,0,0,0,0,1,9,-1,9,2,35,6,1461,2,5,NISSAN QASHQAI,4,E01028984,0,1
2024141501843,2024,141501843,2,9,0,-1,5,8,4,-1,0,6,0,0,0,0,1,1,-1,9,1,60,9,1461,2,9,NISSAN QASHQAI,6,E01007649,0,1
2024421518275,2024,421518275,1,9,0,-1,5,6,1,-1,0,0,0,0,0,0,1,1,-1,6,2,-1,-1,1332,8,1,NISSAN QASHQAI,-1,-1,0,-1
2024991408515,2024,991408515,3,9,0,-1,19,6,2,-1,0,0,0,0,0,0,1,1,-1,9,1,29,6,1197,1,8,NISSAN QASHQAI,2,-1,0,1
2024010510781,2024,010510781,1,9,0,18,19,7,3,0,0,3,0,0,0,0,4,1,6,6,1,45,7,1598,1,13,NISSAN QASHQAI,2,E01003514,0,1
2024351564084,2024,351564084,2,9,0,-1,19,1,5,-1,0,6,5,0,0,0,3,1,-1,6,1,35,6,1598,1,12,NISSAN QASHQAI,8,E01017983,0,2
2024501495009,2024,501495009,1,9,0,-1,5,1,5,-1,0,0,0,0,0,0,2,1,-1,6,1,38,7,1198,1,9,NISSAN QASHQAI,6,E01020231,0,1
2024131407903,2024,131407903,1,9,0,-1,19,4,8,-1,0,0,0,0,0,0,1,1,-1,2,2,66,10,1461,2,12,NISSAN QASHQAI,3,E01011597,0,2
2024471492915,2024,471492915,2,9,0,-1,19,8,4,-1,0,0,0,0,0,0,4,1,-1,6,1,37,7,1461,2,12,NISSAN QASHQAI,2,E01020910,0,1
2024522403244,2024,522403244,1,9,0,3,3,6,2,0,0,1,0,0,0,0,2,1,6,6,2,43,7,1598,1,11,NISSAN QASHQAI,9,E01014908,0,1
2024010499109,2024,010499109,2,9,0,99,99,9,9,99,99,0,9,99,9,99,9,9,6,6,1,-1,-1,1997,1,14,NISSAN QASHQAI,-1,-1,0,-1
2024501423762,2024,501423762,2,9,0,-1,9,7,3,-1,0,4,0,0,0,0,1,1,-1,6,1,34,6,1461,2,6,NISSAN QASHQAI,5,E01034168,0,1
2024542747224,2024,542747224,2,9,0,3,3,3,7,0,0,0,0,0,0,0,2,1,6,6,1,41,7,1332,8,1,NISSAN QASHQAI,8,E01015111,0,5
2024501490744,2024,501490744,2,9,0,-1,19,2,6,-1,0,0,0,0,0,0,1,1,-1,9,1,31,6,1461,2,11,NISSAN QASHQAI,2,E01015234,0,1
2024991520526,2024,991520526,2,9,0,-1,19,1,5,-1,0,0,0,0,0,0,2,1,-1,9,2,45,7,1461,2,9,NISSAN QASHQAI,3,-1,0,3
202417L203824,2024,17L203824,1,9,0,-1,3,5,1,-1,0,0,0,0,0,0,2,1,-1,2,2,39,7,1461,2,8,NISSAN QASHQAI,-1,-1,0,-1
2024430021083,2024,430021083,1,9,0,18,19,8,4,0,0,0,0,0,0,0,1,1,6,6,2,39,7,1461,2,15,NISSAN QASHQAI,6,W01000471,0,5
2024351479645,2024,351479645,2,9,0,-1,9,3,1,-1,0,5,0,0,0,0,4,1,-1,6,2,42,7,1995,2,13,NISSAN QASHQAI,7,E01018286,0,1
2024131432842,2024,131432842,2,9,0,-1,19,5,1,-1,0,0,0,0,0,0,2,1,-1,2,2,32,6,1461,2,7,NISSAN QASHQAI,10,E01013405,0,4
2024201436309,2024,201436309,2,9,0,-1,19,3,7,-1,0,8,0,0,0,0,3,1,-1,2,2,54,8,1332,8,2,NISSAN QASHQAI,1,E01009350,0,1
2024501396842,2024,501396842,1,9,0,-1,19,7,3,-1,0,8,0,0,0,0,1,1,-1,6,2,44,7,1198,1,9,NISSAN QASHQAI,6,E01020161,0,3
2024010521636,2024,010521636,2,9,0,18,19,5,1,0,0,0,0,0,0,0,1,1,6,6,2,39,7,1598,1,14,NISSAN QASHQAI,3,E01023343,0,3
2024552400835,2024,552400835,1,9,0,12,12,2,7,0,0,6,0,0,0,0,1,1,6,6,1,60,9,1461,2,11,NISSAN QASHQAI,4,E01020572,0,3
2024221479571,2024,221479571,1,9,0,-1,19,6,2,-1,0,0,2,0,2,0,1,9,-1,9,1,27,6,1461,2,14,NISSAN QASHQAI,-1,-1,0,-1
2024131452222,2024,131452222,2,9,0,-1,19,1,1,-1,0,8,0,0,0,0,1,1,-1,6,1,54,8,1598,2,10,NISSAN QASHQAI,4,E01010898,0,3
2024052400721,2024,052400721,1,9,0,18,19,6,2,0,0,8,5,0,0,0,1,1,6,6,1,43,7,1332,8,1,NISSAN QASHQAI,2,E01007088,0,2
2024340WN3682,2024,340WN3682,2,9,0,-1,19,2,6,-1,0,1,0,0,0,0,2,1,-1,1,2,45,7,1598,2,10,NISSAN QASHQAI,9,E01027021,0,1
2024631478719,2024,631478719,3,9,0,-1,2,0,0,-1,0,0,0,0,0,0,2,1,-1,6,-1,-1,-1,1461,2,11,NISSAN QASHQAI,-1,-1,0,-1
2024071089609,2024,071089609,2,9,0,-1,19,3,7,-1,0,8,0,0,0,0,1,1,-1,6,2,69,10,1461,2,11,NISSAN QASHQAI,1,E01012533,0,1
2024401523179,2024,401523179,2,9,0,-1,19,3,6,-1,0,0,0,0,0,0,1,1,-1,6,2,61,9,1332,8,1,NISSAN QASHQAI,10,E01017397,0,1
2024010514009,2024,010514009,2,9,9,99,99,9,9,99,99,9,9,99,9,99,9,9,6,6,3,-1,-1,1598,1,11,NISSAN QASHQAI,-1,-1,0,-1
2024461455584,2024,461455584,1,9,0,-1,7,5,7,-1,0,8,0,0,0,0,1,1,-1,2,2,38,7,1461,2,13,NISSAN QASHQAI,2,E01024263,0,1
2024122500148,2024,122500148,1,9,0,7,7,3,5,4,4,8,0,0,0,0,1,1,2,2,1,47,8,1461,2,11,NISSAN QASHQAI,2,E01013444,0,1
2024332401164,2024,332401164,2,9,0,-1,19,6,2,-1,0,8,0,0,0,0,1,1,-1,6,1,77,11,1461,2,6,NISSAN QASHQAI,10,E01028389,0,2
2024010536111,2024,010536111,1,9,0,7,7,5,7,0,0,5,0,10,1,10,1,1,6,6,1,47,8,1598,1,12,NISSAN QASHQAI,8,E01002534,0,1
2024161398951,2024,161398951,3,9,0,-1,19,8,3,-1,0,1,0,0,0,0,1,1,-1,2,2,45,7,1461,2,10,NISSAN QASHQAI,9,E01007601,0,4
2024501442820,2024,501442820,2,9,0,-1,5,2,6,-1,0,0,0,0,0,0,0,1,-1,9,2,38,7,1197,1,7,NISSAN QASHQAI,3,E01029339,0,5
2024371432287,2024,371432287,2,9,0,-1,19,2,6,-1,0,0,1,0,0,0,1,1,-1,9,2,29,6,1497,8,1,NISSAN QASHQAI,7,E01030228,0,1
2024061405181,2024,061405181,1,9,0,-1,10,1,3,-1,0,1,0,0,0,0,3,1,-1,1,1,47,8,1461,2,7,NISSAN QASHQAI,1,E01005189,0,1
2024201437060,2024,201437060,2,9,0,-1,2,0,0,-1,0,1,0,10,0,0,3,1,-1,6,-1,-1,-1,1461,2,5,NISSAN QASHQAI,-1,-1,0,-1
2024461432805,2024,461432805,1,9,0,-1,19,7,3,-1,0,1,0,0,0,0,1,1,-1,9,2,56,9,1461,2,13,NISSAN QASHQAI,5,E01021001,0,4
2024221452468,2024,221452468,2,9,0,-1,3,3,7,-1,0,1,0,0,0,0,2,9,-1,6,1,30,6,1461,2,10,NISSAN QASHQAI,6,E01028874,0,4
2024041442277,2024,041442277,2,9,0,-1,19,3,7,-1,0,0,0,0,0,0,2,1,-1,6,1,51,8,1598,2,10,NISSAN QASHQAI,2,E01025072,0,1
2024311508690,2024,311508690,1,9,0,-1,19,5,8,-1,0,1,0,0,0,0,1,1,-1,2,1,33,6,1598,2,10,NISSAN QASHQAI,1,E01027939,0,1
2024351570068,2024,351570068,1,9,0,-1,19,1,5,-1,0,0,5,0,7,0,1,1,-1,6,2,65,9,1497,8,0,NISSAN QASHQAI,10,E01006367,0,5
2024361485540,2024,361485540,1,9,0,-1,9,5,4,-1,0,1,0,0,0,0,1,1,-1,9,1,35,6,1461,2,9,NISSAN QASHQAI,7,E01026420,0,2
2024451437071,2024,451437071,1,9,0,-1,9,3,1,-1,0,6,0,0,0,0,1,1,-1,2,2,31,6,1598,2,8,NISSAN QASHQAI,9,E01030846,0,1
2024421522930,2024,421522930,1,9,0,-1,19,1,5,-1,0,0,0,0,0,0,1,1,-1,9,1,55,8,1461,2,13,NISSAN QASHQAI,1,E01015842,0,1
2024501484808,2024,501484808,1,9,0,-1,19,7,3,-1,0,6,0,0,0,0,2,1,-1,9,1,42,7,1598,1,13,NISSAN QASHQAI,2,E01029109,0,5
2024421412130,2024,421412130,1,9,0,-1,19,4,8,-1,0,1,0,0,0,0,4,1,-1,9,2,29,6,1461,2,8,NISSAN QASHQAI,2,E01022039,0,4
2024201470333,2024,201470333,1,9,0,-1,7,5,1,-1,0,6,0,0,0,0,1,9,-1,9,2,57,9,1461,2,15,NISSAN QASHQAI,1,E01010471,0,1
2024440127820,2024,440127820,1,9,0,18,19,6,2,0,0,0,0,0,6,0,1,1,6,6,1,89,11,1997,1,14,NISSAN QASHQAI,6,E01022911,0,3
2024010522913,2024,010522913,1,9,0,2,2,0,0,0,0,0,0,0,0,0,3,1,6,6,3,-1,-1,1598,1,15,NISSAN QASHQAI,-1,-1,0,-1
2024010538023,2024,010538023,1,9,0,9,9,1,6,0,0,1,0,0,0,0,1,1,6,6,2,43,7,1997,1,14,NISSAN QASHQAI,3,E01000404,0,2
2024201553284,2024,201553284,1,9,0,-1,19,5,1,-1,0,1,0,0,0,0,1,9,-1,6,1,47,8,1598,2,9,NISSAN QASHQAI,3,E01009411,0,1
2024161482961,2024,161482961,1,9,0,-1,9,1,5,-1,0,0,1,0,0,0,4,1,-1,1,1,42,7,1994,2,16,NISSAN QASHQAI,1,E01012948,0,3
2024351492911,2024,351492911,2,9,0,-1,-1,-1,-1,-1,-1,-1,-1,-1,-1,0,2,9,-1,9,1,35,6,1461,2,11,NISSAN QASHQAI,1,E01015658,0,1
2024010536058,2024,010536058,1,9,0,4,4,3,7,0,0,2,0,0,0,0,1,2,6,6,2,45,7,1598,1,11,NISSAN QASHQAI,4,E01001683,0,1
2024201504487,2024,201504487,1,9,0,-1,5,2,6,-1,0,8,0,0,0,0,1,9,-1,9,2,31,6,1461,2,14,NISSAN QASHQAI,10,E01010181,0,2
2024421494057,2024,421494057,3,9,0,-1,19,2,5,-1,0,8,0,0,0,0,2,1,-1,6,1,30,6,1997,1,14,NISSAN QASHQAI,-1,-1,0,-1
2024010503841,2024,010503841,2,9,0,99,99,9,9,99,99,0,9,99,9,99,9,9,6,6,3,-1,-1,1497,8,1,NISSAN QASHQAI,-1,-1,0,-1
2024010518508,2024,010518508,2,9,0,7,7,9,9,99,99,5,9,99,9,99,9,9,6,6,3,56,9,1598,1,15,NISSAN QASHQAI,5,E01003076,0,1
2024201453404,2024,201453404,2,9,0,-1,19,2,6,-1,0,0,0,0,0,0,3,1,-1,1,2,55,8,1997,1,17,NISSAN QASHQAI,4,E01009030,0,1
2024010535384,2024,010535384,2,9,0,5,5,7,3,0,0,2,0,0,0,0,1,1,6,6,1,-1,-1,1598,1,12,NISSAN QASHQAI,3,E01000502,0,3
2024991499293,2024,991499293,1,9,0,-1,9,3,1,-1,0,8,0,0,3,0,1,1,-1,9,1,44,7,1461,2,9,NISSAN QASHQAI,7,-1,0,3
2024302400889,2024,302400889,1,9,0,14,14,8,4,0,0,0,0,0,0,0,1,1,3,7,2,42,7,1332,1,4,NISSAN QASHQAI,1,E01019808,0,1
2024141445285,2024,141445285,1,9,0,-1,3,8,4,-1,0,1,0,0,0,0,2,1,-1,9,1,48,8,1332,8,0,NISSAN QASHQAI,1,E01007949,0,1
2024531484230,2024,531484230,2,9,0,-1,19,6,2,-1,0,1,0,0,0,0,1,1,-1,1,1,36,7,1332,8,0,NISSAN QASHQAI,3,E01031914,0,4
2024061459126,2024,061459126,1,9,0,-1,5,1,5,-1,0,1,0,0,0,0,1,1,-1,9,2,39,7,1598,2,11,NISSAN QASHQAI,5,E01005993,0,2
2024421496857,2024,421496857,2,9,0,-1,2,0,0,-1,0,0,0,0,0,0,0,1,-1,6,-1,-1,-1,1461,2,15,NISSAN QASHQAI,-1,-1,0,-1
2024991448436,2024,991448436,2,9,0,-1,19,2,6,-1,0,0,0,0,0,0,1,1,-1,9,2,62,9,1332,8,2,NISSAN QASHQAI,9,-1,0,1
2024461511168,2024,461511168,1,9,0,-1,19,4,8,-1,0,0,1,1,0,0,1,1,-1,6,2,45,7,1197,1,8,NISSAN QASHQAI,1,E01021271,0,4
2024010518029,2024,010518029,1,9,0,99,99,9,9,99,99,9,9,99,9,99,9,9,6,6,2,62,9,1332,8,0,NISSAN QASHQAI,6,E01001086,0,1
2024010530680,2024,010530680,1,9,0,3,3,3,7,0,0,1,0,0,0,0,2,1,6,6,1,51,8,1598,1,12,NISSAN QASHQAI,2,E01001911,0,1
202460Q137867,2024,60Q137867,1,9,0,9,9,6,3,0,0,5,0,0,0,0,4,1,6,6,1,30,6,1461,2,14,NISSAN QASHQAI,-1,-1,0,-1
2024101507898,2024,101507898,2,9,0,-1,2,5,3,-1,-1,0,0,0,0,0,2,1,-1,9,2,36,7,1332,1,5,NISSAN QASHQAI,4,E01008402,0,1
2024010521336,2024,010521336,3,9,0,2,2,0,0,0,0,0,0,0,0,0,1,1,6,6,3,-1,-1,1598,1,12,NISSAN QASHQAI,-1,-1,0,-1
2024501417816,2024,501417816,1,9,0,-1,19,4,8,-1,0,0,0,0,0,0,1,1,-1,6,1,78,11,1332,8,1,NISSAN QASHQAI,3,E01020297,0,1
2024010538587,2024,010538587,1,9,0,16,19,1,5,0,0,8,0,0,0,0,1,1,6,6,2,45,7,1197,1,8,NISSAN QASHQAI,2,E01001257,0,1
2024631471974,2024,631471974,2,9,0,-1,19,3,8,-1,0,0,0,0,1,10,1,1,-1,6,2,42,7,1332,8,2,NISSAN QASHQAI,7,W01000450,0,4
2024101515830,2024,101515830,1,9,0,-1,19,1,5,-1,0,0,0,0,0,0,3,1,-1,9,2,70,10,1497,8,0,NISSAN QASHQAI,10,E01027401,0,1
2024440514712,2024,440514712,1,9,0,18,19,1,5,0,0,8,0,0,0,0,4,1,3,7,2,71,10,1598,2,12,NISSAN QASHQAI,3,E01017080,0,4
2024052402212,2024,052402212,1,9,0,18,19,8,4,0,0,0,0,4,0,0,1,1,2,2,2,40,7,1461,2,7,NISSAN QASHQAI,5,E01033799,0,1
2024340WN6922,2024,340WN6922,1,9,0,-1,19,5,1,-1,0,8,0,0,0,0,3,1,-1,9,1,43,7,1197,1,8,NISSAN QASHQAI,3,E01027154,0,1
202454D991124,2024,54D991124,2,9,0,18,19,1,5,0,0,1,0,0,0,0,1,1,6,6,2,59,9,1197,1,6,NISSAN QASHQAI,6,E01034538,0,4
2024201530404,2024,201530404,2,9,0,-1,9,7,5,-1,0,5,0,0,0,0,2,1,-1,2,2,38,7,1197,1,7,NISSAN QASHQAI,6,E01029667,0,2
2024991415899,2024,991415899,1,9,0,-1,19,8,4,-1,0,8,0,0,0,0,4,1,-1,6,2,36,7,1332,8,2,NISSAN QASHQAI,4,-1,0,1
2024421417518,2024,421417518,2,9,0,-1,9,5,2,-1,0,8,0,0,0,0,4,9,-1,9,1,64,9,1332,1,4,NISSAN QASHQAI,4,E01021777,0,1
2024991473813,2024,991473813,4,9,0,-1,2,0,0,-1,0,2,0,0,0,0,2,1,-1,6,-1,-1,-1,1332,8,1,NISSAN QASHQAI,-1,-1,0,-1
2024061478358,2024,061478358,1,9,0,-1,19,3,7,-1,0,1,0,0,0,0,4,1,-1,9,1,83,11,1332,8,2,NISSAN QASHQAI,6,E01006227,0,4
2024991456007,2024,991456007,1,8,0,-1,19,4,8,-1,0,0,5,7,0,0,1,1,-1,1,1,46,8,1332,8,3,NISSAN QASHQAI,2,-1,0,4
2024010494898,2024,010494898,1,9,0,1,1,3,7,0,0,1,0,0,0,0,2,1,6,6,1,59,9,1598,1,12,NISSAN QASHQAI,2,E01002151,0,1
2024522500150,2024,522500150,2,9,0,11,11,6,4,0,0,8,0,0,0,0,1,1,6,6,3,-1,-1,1197,1,9,NISSAN QASHQAI,-1,-1,0,-1
2024430491423,2024,430491423,1,9,0,18,19,8,4,0,0,0,0,0,1,4,1,1,6,6,2,72,10,1497,8,1,NISSAN QASHQAI,10,E01016343,0,1
2024111457791,2024,111457791,2,9,0,-1,19,5,1,-1,0,8,5,7,1,0,3,1,-1,1,1,39,7,1461,2,14,NISSAN QASHQAI,2,E01020599,0,3
2024221410037,2024,221410037,1,9,0,-1,13,7,3,-1,0,8,0,0,0,0,3,1,-1,6,2,66,10,1332,8,2,NISSAN QASHQAI,5,E01010351,0,4
2024041516218,2024,041516218,2,9,0,-1,19,7,3,-1,0,1,0,0,0,0,2,1,-1,9,1,46,8,1198,1,10,NISSAN QASHQAI,9,E01025552,0,2
2024440423868,2024,440423868,1,9,0,18,19,1,5,0,0,8,0,0,0,0,1,1,6,6,1,47,8,1461,2,15,NISSAN QASHQAI,8,E01022639,0,1
2024211403991,2024,211403991,1,9,0,-1,11,6,2,-1,0,0,1,0,0,0,2,1,-1,9,1,27,6,1461,2,5,NISSAN QASHQAI,5,E01003495,0,5
2024371506318,2024,371506318,1,9,0,-1,19,1,5,-1,0,2,0,0,0,0,1,1,-1,1,1,39,7,1994,2,17,NISSAN QASHQAI,5,E01030272,0,1
2024501509836,2024,501509836,1,9,0,-1,19,5,1,-1,0,0,0,4,0,0,1,1,-1,7,2,46,8,1461,2,7,NISSAN QASHQAI,5,E01020115,0,3
2024311396543,2024,311396543,1,9,0,-1,19,1,5,-1,0,8,0,0,0,0,1,1,-1,2,1,43,7,1461,2,8,NISSAN QASHQAI,7,E01013953,0,1
2024131505670,2024,131505670,2,9,0,-1,19,8,7,-1,0,0,0,0,0,0,3,1,-1,9,2,41,7,1461,2,8,NISSAN QASHQAI,1,E01011756,0,1
2024552401139,2024,552401139,2,9,0,3,3,2,6,0,0,0,0,0,0,0,2,1,6,6,1,45,7,1598,1,11,NISSAN QASHQAI,7,E01015354,0,1
2024010530973,2024,010530973,5,9,0,18,19,1,5,0,0,0,0,0,0,0,0,1,6,6,1,67,10,1332,8,1,NISSAN QASHQAI,3,E01003315,0,4
2024421456805,2024,421456805,1,9,0,-1,19,8,4,-1,0,0,2,0,8,4,1,1,-1,6,2,26,6,1598,2,7,NISSAN QASHQAI,6,E01021981,0,1
2024010534417,2024,010534417,2,9,0,3,3,2,6,0,0,1,0,0,0,0,4,1,6,6,2,65,9,1332,1,5,NISSAN QASHQAI,-1,-1,0,-1
2024101418942,2024,101418942,1,9,0,-1,19,1,5,-1,0,0,0,0,0,0,4,9,-1,6,2,86,11,1598,2,12,NISSAN QASHQAI,8,E01008843,0,1
2024991404595,2024,991404595,2,9,0,-1,7,6,1,-1,0,2,0,0,0,0,2,1,-1,6,1,47,8,1461,2,6,NISSAN QASHQAI,7,-1,0,4
2024041536358,2024,041536358,1,9,0,-1,9,1,6,-1,0,8,0,0,0,0,1,1,-1,9,1,47,8,1461,2,12,NISSAN QASHQAI,3,E01012685,0,1
2024451422296,2024,451422296,2,9,0,-1,19,1,3,-1,0,8,0,0,0,0,4,1,-1,6,2,40,7,1332,1,5,NISSAN QASHQAI,-1,-1,0,-1
2024161441627,2024,161441627,1,9,0,-1,19,5,1,-1,0,1,0,0,0,0,1,1,-1,6,2,51,8,1598,2,7,NISSAN QASHQAI,9,E01012919,0,2
2024201394408,2024,201394408,1,9,0,-1,9,2,8,-1,0,5,0,0,0,0,1,1,-1,6,2,-1,-1,1332,8,3,NISSAN QASHQAI,-1,-1,0,-1
2024010542543,2024,010542543,2,9,0,3,3,5,1,0,0,0,0,0,7,0,4,1,6,6,1,37,7,1461,2,8,NISSAN QASHQAI,10,E01000758,0,3
2024411474627,2024,411474627,1,9,0,-1,19,8,4,-1,0,1,0,0,0,0,0,1,-1,6,2,47,8,1461,2,14,NISSAN QASHQAI,3,E01023613,0,1
2024010520446,2024,010520446,2,9,0,99,99,9,9,99,99,9,9,99,9,99,1,9,6,6,3,-1,-1,1997,1,14,NISSAN QASHQAI,-1,-1,0,-1
2024061419954,2024,061419954,1,8,0,-1,9,3,1,-1,1,5,0,0,0,0,3,1,-1,6,1,51,8,1461,2,6,NISSAN QASHQAI,2,E01005200,0,2
2024201479888,2024,201479888,1,9,0,-1,19,7,3,-1,0,0,0,0,0,0,1,1,-1,6,1,52,8,1332,8,3,NISSAN QASHQAI,1,E01009501,0,3
2024430477417,2024,430477417,1,9,0,18,19,8,4,0,0,0,0,0,0,0,1,1,6,6,3,-1,-1,1332,1,5,NISSAN QASHQAI,-1,-1,0,-1
2024201487528,2024,201487528,2,9,0,-1,19,6,2,-1,0,0,0,0,0,0,2,9,-1,9,2,33,6,1995,2,13,NISSAN QASHQAI,1,E01008998,0,1
2024101485918,2024,101485918,1,9,0,-1,19,1,5,-1,0,0,0,0,0,0,2,1,-1,6,1,50,8,1461,2,11,NISSAN QASHQAI,7,E01008518,0,1
2024061405390,2024,061405390,2,9,0,-1,19,5,1,-1,0,0,0,0,0,0,2,1,-1,6,1,26,6,1461,2,9,NISSAN QASHQAI,7,E01025362,0,3
2024440101739,2024,440101739,2,9,0,18,19,4,8,0,0,1,0,0,0,0,1,1,6,6,3,-1,-1,1461,2,14,NISSAN QASHQAI,-1,-1,0,-1
2024101468591,2024,101468591,2,9,0,-1,3,8,4,-1,0,0,0,0,0,0,1,1,-1,6,2,36,7,1461,2,14,NISSAN QASHQAI,1,E01008450,0,1
2024010528276,2024,010528276,1,9,0,18,19,7,3,0,0,8,0,0,0,0,3,1,6,6,1,49,8,1997,1,15,NISSAN QASHQAI,2,E01000087,0,1
2024041481173,2024,041481173,1,9,0,-1,9,1,6,-1,0,0,0,0,0,0,1,1,-1,6,1,26,6,1461,2,11,NISSAN QASHQAI,1,E01025295,0,1
2024010535112,2024,010535112,1,9,0,9,9,6,4,0,0,5,0,0,0,0,1,1,2,2,1,50,8,1197,1,7,NISSAN QASHQAI,8,E01033569,0,3
2024440309506,2024,440309506,2,9,0,4,4,8,4,0,0,1,0,0,0,0,2,1,6,6,2,55,8,1461,2,14,NISSAN QASHQAI,10,E01023209,0,1
2024131501688,2024,131501688,1,9,0,-1,19,1,5,-1,0,0,1,0,1,0,2,1,-1,6,2,44,7,1598,1,17,NISSAN QASHQAI,10,E01010773,0,1
2024461578391,2024,461578391,1,9,0,-1,19,5,1,-1,0,0,0,4,0,0,1,1,-1,6,1,29,6,1461,2,16,NISSAN QASHQAI,1,E01024667,0,2