collision_index,collision_year,collision_ref_no,vehicle_reference,vehicle_type,towing_and_articulation,vehicle_manoeuvre_historic,vehicle_manoeuvre,vehicle_direction_from,vehicle_direction_to,vehicle_location_restricted_lane_historic,vehicle_location_restricted_lane,junction_location,skidding_and_overturning,hit_object_in_carriageway,vehicle_leaving_carriageway,hit_object_off_carriageway,first_point_of_impact,vehicle_left_hand_drive,journey_purpose_of_driver_historic,journey_purpose_of_driver,sex_of_driver,age_of_driver,age_band_of_driver,engine_capacity_cc,propulsion_code,age_of_vehicle,generic_make_model,driver_imd_decile,lsoa_of_driver,escooter_flag,driver_distance_banding
2024332400372,2024,332400372,2,9,0,-1,19,2,6,-1,0,6,0,0,7,1,1,1,-1,6,1,48,8,1994,2,17,NISSAN QASHQAI,7,E01013669,0,1
2024061423132,2024,061423132,1,9,0,-1,-1,-1,-1,-1,-1,-1,-1,-1,-1,0,-1,1,-1,6,3,-1,-1,1461,2,11,NISSAN QASHQAI,-1,-1,0,-1
2024201534240,2024,201534240,2,9,0,-1,5,2,8,-1,0,6,0,0,0,0,3,1,-1,6,1,54,8,1332,8,2,NISSAN QASHQAI,4,E01009030,0,1
2024041514336,2024,041514336,1,9,0,-1,19,1,5,-1,0,0,5,0,1,0,4,1,-1,9,1,72,10,1461,2,10,NISSAN QASHQAI,5,E01004934,0,3
2024320252122,2024,320252122,1,9,0,7,7,6,8,0,0,6,0,0,0,0,1,1,-1,-1,1,42,7,1497,8,0,NISSAN QASHQAI,1,E01007327,0,5
2024302400707,2024,302400707,2,9,0,17,19,8,5,0,0,0,0,0,7,10,1,1,6,6,2,40,7,1461,2,11,NISSAN QASHQAI,10,E01028137,0,4
2024531513938,2024,531513938,1,9,0,-1,9,1,5,-1,0,8,0,0,0,0,1,2,-1,9,2,75,10,1598,2,9,NISSAN QASHQAI,10,E01022170,0,2
2024332400357,2024,332400357,1,9,0,-1,1,3,7,-1,0,6,0,0,0,0,2,1,-1,6,2,42,7,1461,2,15,NISSAN QASHQAI,8,E01025684,0,1
2024552401374,2024,552401374,1,9,0,18,19,8,6,0,0,8,0,0,0,0,1,1,2,2,2,49,8,1461,2,9,NISSAN QASHQAI,6,E01020434,0,3
2024010549606,2024,010549606,2,9,0,99,99,9,9,99,99,9,9,99,9,99,9,9,6,6,3,-1,-1,1598,1,10,NISSAN QASHQAI,3,E01000992,0,3
2024010492920,2024,010492920,1,9,5,18,19,5,1,0,0,2,0,0,0,0,2,1,6,6,1,71,10,1461,2,5,NISSAN QASHQAI,-1,-1,0,-1
2024201484685,2024,201484685,2,9,0,-1,19,8,4,-1,0,0,0,0,0,0,1,1,-1,6,1,31,6,1461,2,8,NISSAN QASHQAI,1,E01009364,0,1
2024991525709,2024,991525709,3,9,0,-1,19,3,7,-1,0,0,0,0,0,0,1,1,-1,6,1,59,9,1332,8,2,NISSAN QASHQAI,5,-1,0,1
2024320269388,2024,320269388,2,9,0,9,9,1,2,0,0,5,0,0,0,0,3,1,-1,-1,2,37,7,1994,2,15,NISSAN QASHQAI,2,E01026050,0,2
2024522403012,2024,522403012,2,9,0,17,19,7,4,0,0,8,0,0,0,0,4,1,6,6,1,79,11,1197,1,7,NISSAN QASHQAI,9,E01014871,0,1
2024061408217,2024,061408217,2,9,0,-1,19,8,3,-1,0,2,0,0,0,0,1,1,-1,6,1,61,9,1497,8,0,NISSAN QASHQAI,6,E01005863,0,1
2024351431726,2024,351431726,2,9,0,-1,3,6,2,-1,0,0,0,0,0,0,2,1,-1,6,2,51,8,1461,2,11,NISSAN QASHQAI,5,E01015617,0,2
2024401472074,2024,401472074,2,9,0,-1,4,-1,-1,-1,0,4,1,0,0,0,3,9,-1,9,2,55,8,1598,2,11,NISSAN QASHQAI,4,E01015784,0,1
2024201436919,2024,201436919,2,9,0,-1,3,6,2,-1,0,0,0,0,0,0,2,1,-1,6,1,44,7,1197,1,8,NISSAN QASHQAI,6,E01010232,0,1
2024461407882,2024,461407882,2,9,0,-1,19,1,5,-1,0,1,0,0,1,0,3,1,-1,1,2,62,9,1197,1,8,NISSAN QASHQAI,4,E01024364,0,2
2024991490772,2024,991490772,2,9,0,-1,9,6,4,-1,0,8,0,0,0,0,3,1,-1,9,2,41,7,1598,2,11,NISSAN QASHQAI,5,-1,0,1
2024411430695,2024,411430695,2,9,0,-1,19,8,4,-1,0,0,0,0,0,0,1,1,-1,9,2,43,7,1461,2,11,NISSAN QASHQAI,6,E01023564,0,1
2024061481158,2024,061481158,1,9,0,-1,4,3,7,-1,0,3,0,0,0,0,2,1,-1,9,2,40,7,1598,1,11,NISSAN QASHQAI,1,E01005753,0,1
2024411495567,2024,411495567,2,9,0,-1,2,0,0,-1,0,1,0,0,0,0,1,1,-1,6,-1,-1,-1,1461,2,9,NISSAN QASHQAI,-1,-1,0,-1
2024010517151,2024,010517151,2,9,0,9,9,1,7,0,0,8,0,0,0,0,1,1,6,6,2,37,7,1997,1,16,NISSAN QASHQAI,2,E01003509,0,1
2024351428006,2024,351428006,2,9,0,-1,19,4,1,-1,0,1,0,0,0,0,4,1,-1,9,2,26,6,1461,2,7,NISSAN QASHQAI,5,E01018213,0,2
2024461455586,2024,461455586,1,9,0,-1,3,4,3,-1,0,1,0,0,0,0,1,9,-1,6,1,50,8,1598,1,15,NISSAN QASHQAI,2,E01024305,0,1
2024332400046,2024,332400046,1,9,0,-1,19,3,7,-1,0,1,1,0,0,0,1,1,-1,1,2,41,7,1461,2,8,NISSAN QASHQAI,1,E01013725,0,1
2024201430588,2024,201430588,1,9,0,-1,19,8,2,-1,0,8,0,0,0,0,3,1,-1,9,1,43,7,1197,1,6,NISSAN QASHQAI,2,E01008936,0,1
2024010531889,2024,010531889,2,9,9,99,99,9,9,99,99,9,9,99,9,99,9,9,6,6,3,-1,-1,1598,1,12,NISSAN QASHQAI,-1,-1,0,-1
2024041534095,2024,041534095,1,9,0,-1,5,7,3,-1,0,0,0,0,0,0,0,2,-1,9,1,44,7,1995,2,13,NISSAN QASHQAI,9,E01025569,0,1
2024311532179,2024,311532179,1,9,0,-1,7,2,1,-1,0,2,0,0,1,1,1,1,-1,9,2,74,10,1618,1,9,NISSAN QASHQAI,-1,-1,0,-1
2024311414190,2024,311414190,2,9,0,-1,19,7,3,-1,0,3,0,0,7,0,4,1,-1,9,1,41,7,1598,2,12,NISSAN QASHQAI,4,E01035507,0,1
2024052402673,2024,052402673,1,9,0,9,9,1,7,0,0,5,0,0,0,0,1,1,6,6,1,61,9,1197,1,7,NISSAN QASHQAI,8,E01007107,0,1
2024052400290,2024,052400290,2,9,0,2,2,0,0,0,0,0,0,0,0,0,4,1,6,6,3,-1,-1,1461,2,9,NISSAN QASHQAI,-1,-1,0,-1
2024421480212,2024,421480212,2,9,0,-1,19,3,7,-1,0,0,0,0,0,0,2,1,-1,6,1,18,4,1332,1,6,NISSAN QASHQAI,7,E01015864,0,1
2024041409649,2024,041409649,2,9,0,-1,9,3,7,-1,0,8,0,0,0,0,2,1,-1,9,2,21,5,1461,2,9,NISSAN QASHQAI,1,E01024907,0,1
2024111519356,2024,111519356,1,9,0,-1,19,8,4,-1,0,3,0,0,0,0,1,1,-1,6,1,56,9,1461,2,10,NISSAN QASHQAI,6,E01008750,0,2
2024101429667,2024,101429667,2,9,0,-1,19,7,3,-1,0,8,0,0,0,0,1,1,-1,6,2,33,6,1332,8,0,NISSAN QASHQAI,9,E01008248,0,2
2024351449271,2024,351449271,3,9,0,-1,2,0,0,-1,0,0,0,0,0,0,3,1,-1,6,2,54,8,1332,1,3,NISSAN QASHQAI,6,E01018052,0,1
2024371504264,2024,371504264,2,9,0,-1,4,1,5,-1,0,1,0,0,0,0,2,1,-1,2,2,34,6,1461,2,9,NISSAN QASHQAI,10,E01033444,0,4
2024451438947,2024,451438947,1,9,0,-1,7,0,4,-1,0,3,0,0,0,0,4,1,-1,6,-1,-1,-1,1461,2,13,NISSAN QASHQAI,-1,-1,0,-1
2024552400991,2024,552400991,2,9,0,18,19,6,2,0,0,0,0,0,0,0,1,1,6,6,1,69,10,1332,8,3,NISSAN QASHQAI,7,E01020477,0,1
2024991434990,2024,991434990,2,9,0,-1,19,5,2,-1,0,0,5,0,0,0,4,2,-1,6,2,58,9,1332,8,2,NISSAN QASHQAI,-1,-1,0,-1
2024332400925,2024,332400925,1,9,0,-1,5,7,3,-1,0,4,0,0,0,0,3,1,-1,9,2,70,10,1461,2,10,NISSAN QASHQAI,8,E01013799,0,1
2024520403052,2024,520403052,1,9,0,16,19,1,5,0,0,0,5,0,0,0,1,1,6,6,1,43,7,1598,1,13,NISSAN QASHQAI,9,E01014765,0,4
2024471416254,2024,471416254,2,9,0,-1,2,0,0,-1,0,1,0,0,0,0,4,1,-1,6,-1,-1,-1,1197,1,9,NISSAN QASHQAI,-1,-1,0,-1
2024231474588,2024,231474588,1,9,0,-1,19,5,8,-1,0,6,0,0,0,0,4,1,-1,9,1,73,10,1461,2,5,NISSAN QASHQAI,9,E01025948,0,3
2024311503203,2024,311503203,1,9,0,-1,19,5,1,-1,0,2,0,0,0,0,1,1,-1,9,1,52,8,1461,2,9,NISSAN QASHQAI,-1,-1,0,-1
2024041421220,2024,041421220,1,9,0,-1,19,3,7,-1,0,2,0,0,0,0,1,1,-1,9,1,20,4,1598,1,13,NISSAN QASHQAI,2,E01012689,0,1
2024471457368,2024,471457368,2,9,0,-1,7,6,2,-1,0,0,0,0,0,0,2,1,-1,9,1,73,10,1461,2,14,NISSAN QASHQAI,2,E01016911,0,1
2024131503588,2024,131503588,1,9,0,-1,-1,-1,-1,-1,-1,8,-1,-1,-1,0,-1,1,-1,6,3,-1,-1,1598,2,7,NISSAN QASHQAI,-1,-1,0,-1
2024302400979,2024,302400979,2,9,0,18,19,6,2,0,0,8,0,0,1,1,3,1,3,7,1,55,8,1461,2,10,NISSAN QASHQAI,3,E01028232,0,3
2024421451804,2024,421451804,1,9,5,-1,19,1,5,-1,0,0,0,0,1,0,3,9,-1,6,2,30,6,1198,1,9,NISSAN QASHQAI,7,E01034094,0,1
2024311491356,2024,311491356,2,9,0,-1,19,2,3,-1,0,5,0,0,0,0,1,1,-1,6,1,23,5,1461,2,11,NISSAN QASHQAI,6,E01028175,0,3
2024131397014,2024,131397014,1,9,0,-1,19,5,5,-1,9,8,0,0,0,0,3,1,-1,1,1,50,8,1197,1,8,NISSAN QASHQAI,3,E01010704,0,2
2024221431775,2024,221431775,1,9,0,-1,19,8,4,-1,0,0,5,0,0,0,3,9,-1,6,1,31,6,1332,8,0,NISSAN QASHQAI,4,E01008885,0,4
2024010510828,2024,010510828,2,9,0,99,99,9,9,99,99,0,9,99,9,99,0,9,6,6,3,-1,-1,1332,8,2,NISSAN QASHQAI,-1,-1,0,-1
2024061439086,2024,061439086,2,9,0,-1,19,-1,-1,-1,0,1,0,0,0,0,1,1,-1,6,3,-1,-1,1598,1,10,NISSAN QASHQAI,-1,-1,0,-1
2024061479796,2024,061479796,2,9,0,-1,14,1,5,-1,0,0,0,0,1,0,1,1,-1,6,2,40,7,1332,8,2,NISSAN QASHQAI,1,E01005239,0,1
2024061557617,2024,061557617,2,9,0,-1,19,6,1,-1,0,0,0,0,0,0,3,1,-1,6,2,38,7,1332,1,4,NISSAN QASHQAI,7,E01007098,0,3
2024131396073,2024,131396073,2,9,0,-1,4,7,7,-1,0,4,0,0,7,10,4,1,-1,9,2,32,6,1461,2,7,NISSAN QASHQAI,2,E01011343,0,1
2024131495199,2024,131495199,1,9,0,-1,7,1,1,-1,0,6,0,0,0,0,1,1,-1,6,2,41,7,1197,1,8,NISSAN QASHQAI,2,E01033031,0,1
2024010518476,2024,010518476,2,9,0,18,19,5,1,0,0,8,0,0,0,0,1,1,6,6,2,69,10,1332,8,2,NISSAN QASHQAI,5,E01000468,0,1
2024991438201,2024,991438201,1,9,0,-1,19,4,7,-1,0,8,0,0,0,0,1,1,-1,9,1,88,11,1332,8,3,NISSAN QASHQAI,7,-1,0,3
2024010545903,2024,010545903,1,9,0,18,19,5,1,0,0,0,0,0,0,0,1,1,1,1,2,51,8,1497,8,1,NISSAN QASHQAI,-1,-1,0,-1
2024111486946,2024,111486946,1,9,0,-1,19,8,3,-1,0,4,5,10,3,0,1,1,-1,6,2,56,9,1598,1,11,NISSAN QASHQAI,6,E01020714,0,1
2024010549183,2024,010549183,1,9,0,-1,-1,5,1,0,0,0,0,0,0,0,1,1,6,6,1,44,7,1332,1,4,NISSAN QASHQAI,6,E01004181,0,1
2024421411734,2024,421411734,3,9,0,-1,3,1,5,-1,0,8,0,0,0,0,2,1,-1,6,1,59,9,1461,2,5,NISSAN QASHQAI,8,E01021867,0,1
2024041483951,2024,041483951,1,9,0,-1,9,5,7,-1,0,2,0,0,0,0,1,1,-1,9,2,45,7,1461,2,8,NISSAN QASHQAI,3,E01025071,0,1
2024010515363,2024,010515363,3,9,0,3,3,1,5,0,0,1,0,4,0,0,1,1,6,6,1,60,9,1598,1,15,NISSAN QASHQAI,6,E01030700,0,2
2024451451147,2024,451451147,1,9,0,-1,4,5,1,-1,0,0,0,0,0,0,2,1,-1,2,1,52,8,1197,1,9,NISSAN QASHQAI,10,E01031735,0,1
2024010498999,2024,010498999,2,9,0,3,3,7,3,0,0,1,0,0,0,0,2,2,2,2,1,50,8,1332,8,2,NISSAN QASHQAI,4,-1,0,5
2024010546854,2024,010546854,2,9,0,18,19,1,5,0,0,1,0,0,0,0,3,1,3,7,1,40,7,1997,1,12,NISSAN QASHQAI,2,E01000064,0,1
2024302400348,2024,302400348,1,9,0,18,19,4,1,0,0,2,0,0,0,0,4,1,2,2,2,64,9,1332,8,2,NISSAN QASHQAI,-1,-1,0,-1
2024221498256,2024,221498256,2,9,0,-1,19,1,5,-1,0,0,0,0,5,6,2,1,-1,6,1,57,9,1197,1,8,NISSAN QASHQAI,7,E01010373,0,4
2024221518267,2024,221518267,1,9,0,-1,19,3,7,-1,0,1,0,0,0,0,3,9,-1,6,2,44,7,1197,1,6,NISSAN QASHQAI,6,E01029667,0,2
2024041506977,2024,041506977,2,9,0,-1,19,5,1,-1,0,2,0,0,0,0,1,1,-1,7,2,42,7,1197,1,7,NISSAN QASHQAI,3,E01025065,0,1
2024010520627,2024,010520627,6,9,0,2,2,0,0,0,0,0,0,4,0,0,1,1,6,6,3,-1,-1,1598,1,11,NISSAN QASHQAI,-1,-1,0,-1
2024991481119,2024,991481119,1,9,0,-1,19,6,2,-1,0,0,0,0,8,11,3,1,-1,9,1,57,9,1332,8,2,NISSAN QASHQAI,8,-1,0,4
2024991541114,2024,991541114,2,9,0,-1,5,8,4,-1,0,8,0,0,0,0,1,1,-1,9,2,50,8,1332,8,2,NISSAN QASHQAI,8,-1,0,1
2024061401697,2024,061401697,1,9,-1,-1,-1,-1,-1,-1,-1,0,-1,-1,-1,0,-1,1,-1,6,3,-1,-1,1461,2,12,NISSAN QASHQAI,-1,-1,0,-1
2024610054124,2024,610054124,1,9,0,7,7,1,3,0,0,3,0,0,1,0,3,1,6,6,2,49,8,1461,2,9,NISSAN QASHQAI,2,W01001532,0,1
2024010501194,2024,010501194,1,9,0,8,8,1,3,0,0,1,0,0,0,0,1,1,3,7,2,32,6,1198,1,10,NISSAN QASHQAI,4,E01000571,0,1
2024201397986,2024,201397986,2,9,0,-1,19,4,8,-1,0,0,0,0,0,0,2,1,-1,2,2,51,8,1598,1,11,NISSAN QASHQAI,-1,-1,0,-1
2024440271647,2024,440271647,1,9,0,4,4,3,7,0,0,1,0,0,0,0,3,1,6,6,1,37,7,1461,2,10,NISSAN QASHQAI,4,E01015275,0,4
2024041418006,2024,041418006,1,9,0,-1,7,7,5,-1,0,3,0,0,0,0,1,1,-1,9,2,43,7,1461,2,9,NISSAN QASHQAI,1,E01012655,0,1
2024302400967,2024,302400967,1,9,0,17,19,6,1,0,0,0,0,0,0,0,1,1,6,6,1,38,7,1332,1,4,NISSAN QASHQAI,4,E01019730,0,3
2024010508083,2024,010508083,1,9,0,18,19,5,1,0,0,0,0,0,0,0,1,1,3,7,2,39,7,1598,1,11,NISSAN QASHQAI,4,E01000402,0,1
2024311533242,2024,311533242,1,9,0,-1,19,5,1,-1,0,0,0,0,0,0,1,1,-1,9,1,42,7,1598,1,12,NISSAN QASHQAI,-1,-1,0,-1
2024010509780,2024,010509780,2,9,0,12,12,3,7,0,0,6,1,0,0,0,0,1,6,6,2,44,7,1598,1,14,NISSAN QASHQAI,5,E01002143,0,2
2024991521847,2024,991521847,2,9,0,-1,19,4,8,-1,0,0,0,0,0,0,2,1,-1,9,1,48,8,1332,8,2,NISSAN QASHQAI,7,-1,0,2
2024010519115,2024,010519115,1,9,0,99,99,9,9,99,99,9,9,99,9,99,9,9,6,6,1,46,8,1598,1,13,NISSAN QASHQAI,4,E01003409,0,2
2024010537596,2024,010537596,1,9,0,5,5,5,1,0,0,0,0,0,0,0,3,1,6,6,2,46,8,1332,8,3,NISSAN QASHQAI,3,E01035681,0,2
2024421462501,2024,421462501,2,9,0,-1,19,-1,-1,-1,0,0,0,0,0,0,1,1,-1,9,1,35,6,1197,1,6,NISSAN QASHQAI,2,E01015875,0,1
2024052402509,2024,052402509,3,9,0,3,3,2,6,0,0,0,0,0,0,0,2,1,2,2,1,73,10,1332,8,1,NISSAN QASHQAI,9,E01006828,0,1
2024052400367,2024,052400367,1,9,0,9,9,5,3,0,0,8,0,0,0,0,1,1,6,6,1,52,8,1461,2,14,NISSAN QASHQAI,2,E01033751,0,1
2024451461373,2024,451461373,2,9,0,-1,9,1,5,-1,0,8,0,0,0,0,1,1,-1,6,2,25,5,1997,1,12,NISSAN QASHQAI,-1,-1,0,-1
2024101433520,2024,101433520,2,9,0,-1,8,2,4,-1,0,6,0,0,0,0,1,1,-1,6,1,62,9,1461,2,6,NISSAN QASHQAI,1,E01008457,0,2
2024101429620,2024,101429620,2,9,0,-1,19,7,3,-1,0,1,0,0,0,0,1,1,-1,6,2,30,6,1332,1,3,NISSAN QASHQAI,-1,-1,0,-1
2024430445286,2024,430445286,2,9,0,18,19,5,1,0,0,0,0,0,0,0,1,1,6,6,1,85,11,1332,1,4,NISSAN QASHQAI,9,E01032231,0,4
2024041466232,2024,041466232,2,9,0,-1,19,7,3,-1,0,0,0,0,0,0,1,1,-1,6,2,26,6,1461,2,13,NISSAN QASHQAI,1,E01012748,0,1
2024010494652,2024,010494652,1,9,0,18,19,1,5,0,0,0,0,0,0,0,4,1,6,6,1,48,8,1598,1,16,NISSAN QASHQAI,4,E01016453,0,4
2024141511731,2024,141511731,2,9,0,-1,19,3,7,-1,0,1,0,0,0,0,1,9,-1,6,2,38,7,1461,2,12,NISSAN QASHQAI,9,E01027897,0,4
2024010504094,2024,010504094,1,9,0,18,19,7,3,0,0,3,0,0,0,0,1,1,6,6,2,31,6,1197,1,7,NISSAN QASHQAI,4,E01033745,0,1
2024991420356,2024,991420356,1,9,0,-1,9,1,7,-1,0,1,0,0,1,0,1,1,-1,9,1,52,8,1332,8,2,NISSAN QASHQAI,-1,-1,0,-1
2024131402835,2024,131402835,1,9,0,-1,9,2,6,-1,4,6,0,0,0,0,1,1,-1,2,2,30,6,1598,2,6,NISSAN QASHQAI,5,E01011480,0,1
2024440242200,2024,440242200,1,9,0,9,9,8,6,0,0,6,0,0,0,0,3,1,6,6,1,32,6,1598,1,11,NISSAN QASHQAI,10,E01022977,0,1
2024010536397,2024,010536397,1,9,0,99,99,9,9,99,99,9,9,99,9,99,2,9,6,6,1,33,6,1332,8,1,NISSAN QASHQAI,7,E01023347,0,4
2024010515808,2024,010515808,2,9,0,99,99,9,9,99,99,9,9,99,9,99,1,9,6,6,3,29,6,1598,2,7,NISSAN QASHQAI,7,E01002177,0,1
2024211405885,2024,211405885,2,9,0,-1,19,6,2,-1,0,0,0,0,0,0,2,1,-1,9,2,44,7,1461,2,11,NISSAN QASHQAI,9,E01014265,0,1
2024311510104,2024,311510104,2,9,0,-1,4,3,7,-1,0,1,0,0,0,0,2,1,-1,6,1,36,7,1332,1,4,NISSAN QASHQAI,-1,-1,0,-1
2024141490243,2024,141490243,1,9,0,-1,19,1,5,-1,0,0,0,0,0,0,1,9,-1,9,1,43,7,1197,1,8,NISSAN QASHQAI,3,E01007903,0,1
2024131525756,2024,131525756,1,9,0,-1,4,1,5,-1,0,0,0,0,0,0,2,1,-1,2,1,28,6,1332,8,2,NISSAN QASHQAI,1,E01011292,0,1
2024101520615,2024,101520615,2,9,0,-1,19,4,8,-1,0,0,0,0,1,11,1,1,-1,6,1,85,11,1461,2,9,NISSAN QASHQAI,6,E01027447,0,1
2024401408811,2024,401408811,1,9,0,-1,19,-1,-1,-1,0,0,0,0,0,0,3,9,-1,6,1,68,10,1598,1,13,NISSAN QASHQAI,4,E01015810,0,1
2024211472558,2024,211472558,1,9,0,-1,5,4,8,-1,0,1,0,0,0,0,1,9,-1,6,1,78,11,1461,2,5,NISSAN QASHQAI,2,E01014262,0,1
2024451498344,2024,451498344,2,9,0,-1,5,2,6,-1,0,0,0,0,0,0,2,1,-1,6,2,34,6,1598,2,8,NISSAN QASHQAI,10,E01034725,0,2
2024371546842,2024,371546842,2,9,0,-1,19,6,2,-1,0,0,0,0,0,0,2,1,-1,9,1,72,10,1332,1,4,NISSAN QASHQAI,8,E01030269,0,2
2024010532182,2024,010532182,1,9,0,7,7,8,2,0,0,1,0,0,0,0,1,1,2,2,1,35,6,1598,1,12,NISSAN QASHQAI,2,E01021270,0,4
2024401449423,2024,401449423,1,9,-1,-1,-1,-1,-1,-1,-1,0,-1,-1,-1,0,-1,9,-1,1,2,37,7,1461,2,8,NISSAN QASHQAI,8,E01017583,0,2
2024041515470,2024,041515470,1,9,0,-1,19,1,1,-1,0,1,0,0,0,0,1,1,-1,9,2,51,8,1332,1,3,NISSAN QASHQAI,2,E01025072,0,1
2024311469057,2024,311469057,1,9,0,-1,19,3,7,-1,0,0,2,0,2,4,4,1,-1,2,1,32,6,1461,2,8,NISSAN QASHQAI,3,E01019508,0,2
2024421492158,2024,421492158,1,9,0,-1,19,3,7,-1,0,8,0,0,0,0,1,1,-1,9,2,35,6,1598,2,9,NISSAN QASHQAI,2,E01027241,0,4
2024010529010,2024,010529010,2,9,0,99,99,9,9,99,99,9,9,99,9,99,9,9,6,6,3,-1,-1,1461,2,5,NISSAN QASHQAI,-1,-1,0,-1
2024320600017,2024,320600017,1,9,0,-1,-1,4,8,0,0,1,0,0,0,0,1,1,6,6,1,36,7,1995,2,13,NISSAN QASHQAI,9,E01026321,0,1
2024430458923,2024,430458923,2,9,0,9,9,2,8,0,0,5,0,0,0,0,1,1,6,6,2,30,6,1994,2,14,NISSAN QASHQAI,-1,-1,0,-1
2024461445016,2024,461445016,1,9,0,-1,5,3,7,-1,0,2,0,0,0,0,1,9,-1,6,2,35,6,1197,1,6,NISSAN QASHQAI,4,E01016151,0,1
202460Q087704,2024,60Q087704,1,9,0,10,10,1,5,0,0,1,0,0,1,0,1,1,6,6,2,34,6,1598,1,14,NISSAN QASHQAI,-1,-1,0,-1
2024421504839,2024,421504839,2,9,0,-1,11,2,6,-1,0,8,0,0,0,0,4,1,-1,2,2,33,6,1332,8,3,NISSAN QASHQAI,8,E01021830,0,3
2024231470771,2024,231470771,1,9,0,-1,19,2,6,-1,0,0,1,0,0,0,1,9,-1,9,1,36,7,1461,2,7,NISSAN QASHQAI,8,E01031324,0,2
2024622500063,2024,622500063,2,9,0,2,2,0,0,0,0,2,0,0,0,0,1,1,6,6,3,-1,-1,1994,2,16,NISSAN QASHQAI,-1,-1,0,-1
2024440014657,2024,440014657,1,9,0,7,7,7,2,0,0,6,0,0,0,0,1,1,6,6,1,47,8,1598,1,13,NISSAN QASHQAI,10,E01023173,0,1
2024531476726,2024,531476726,2,9,0,-1,8,1,5,-1,0,7,0,0,0,0,2,1,-1,1,1,38,7,1598,2,12,NISSAN QASHQAI,6,E01034797,0,2
202460Q171821,2024,60Q171821,6,9,0,18,19,8,4,0,0,0,0,0,0,0,1,1,6,6,1,52,8,1749,2,5,NISSAN QASHQAI,-1,-1,0,-1
2024351417335,2024,351417335,2,9,0,-1,19,5,1,-1,0,0,0,0,0,0,3,1,-1,6,2,35,6,1461,2,12,NISSAN QASHQAI,5,E01018096,0,2
2024332400629,2024,332400629,1,9,0,-1,3,8,4,-1,0,8,0,0,0,0,3,1,-1,2,2,62,9,1332,1,5,NISSAN QASHQAI,1,E01013727,0,1
2024471473619,2024,471473619,1,9,0,-1,19,2,6,-1,0,2,0,0,0,0,1,1,-1,9,2,37,7,1198,1,10,NISSAN QASHQAI,10,E01021023,0,1
2024221431721,2024,221431721,1,9,0,-1,9,6,5,-1,0,5,0,0,0,0,4,9,-1,6,1,26,6,1461,2,6,NISSAN QASHQAI,7,E01014157,0,2
2024340WN1572,2024,340WN1572,2,9,0,-1,5,6,2,-1,0,8,0,0,0,0,3,1,-1,6,2,56,9,1332,1,5,NISSAN QASHQAI,8,E01027218,0,1
2024440280231,2024,440280231,1,9,0,9,9,4,1,0,0,3,5,0,0,0,4,1,2,2,2,43,7,1461,2,12,NISSAN QASHQAI,6,E01035450,0,3
2024522500109,2024,522500109,1,9,0,9,9,2,1,0,0,5,0,0,0,0,1,1,6,6,1,48,8,1332,8,2,NISSAN QASHQAI,7,E01014975,0,1
2024010498029,2024,010498029,2,9,9,99,99,9,9,99,99,9,9,99,9,99,9,9,6,6,1,32,6,1197,1,9,NISSAN QASHQAI,-1,-1,0,-1
2024461479240,2024,461479240,2,9,0,-1,4,7,3,-1,0,1,0,0,0,0,2,1,-1,9,1,33,6,1598,2,12,NISSAN QASHQAI,4,E01024681,0,1
2024010505432,2024,010505432,1,9,0,99,99,9,9,99,99,9,9,99,9,99,2,9,6,6,2,39,7,1598,2,6,NISSAN QASHQAI,4,E01002486,0,1
2024351452470,2024,351452470,2,9,-1,-1,-1,-1,-1,-1,-1,-1,-1,-1,-1,0,1,9,-1,9,2,42,7,1332,8,3,NISSAN QASHQAI,5,E01002001,0,4
2024451458423,2024,451458423,1,9,0,-1,2,0,0,-1,0,1,0,0,0,0,4,9,-1,6,3,-1,-1,1598,1,17,NISSAN QASHQAI,-1,-1,0,-1
2024111429070,2024,111429070,2,9,0,-1,19,8,4,-1,0,1,0,0,0,0,0,1,-1,6,2,48,8,1332,8,2,NISSAN QASHQAI,7,E01033482,0,1
2024041427179,2024,041427179,1,9,0,-1,19,7,3,-1,0,2,0,0,0,0,3,1,-1,9,1,37,7,1461,2,10,NISSAN QASHQAI,1,E01025070,0,1
2024371406904,2024,371406904,1,9,0,-1,19,5,1,-1,0,0,0,0,0,0,1,1,-1,2,2,29,6,1461,2,7,NISSAN QASHQAI,3,E01029996,0,3
2024010504862,2024,010504862,1,9,9,99,99,9,9,99,99,9,9,99,9,99,9,9,6,6,2,44,7,1461,2,7,NISSAN QASHQAI,6,E01014781,0,5
2024320717900,2024,320717900,2,9,0,9,9,6,3,0,0,5,0,0,0,0,1,1,-1,-1,1,58,9,1461,2,6,NISSAN QASHQAI,9,E01026182,0,3
2024501451778,2024,501451778,1,9,0,-1,4,7,3,-1,0,1,0,0,0,0,1,1,-1,2,1,47,8,1598,1,15,NISSAN QASHQAI,3,E01031914,0,5
2024501522808,2024,501522808,1,9,0,-1,7,6,8,-1,0,8,0,0,0,0,1,1,-1,6,2,38,7,1332,8,1,NISSAN QASHQAI,7,E01020105,0,2
2024010540340,2024,010540340,2,9,0,99,99,9,9,99,99,8,0,99,9,0,9,1,6,6,3,-1,-1,1197,1,8,NISSAN QASHQAI,-1,-1,0,-1