collision_index,collision_year,collision_ref_no,vehicle_reference,vehicle_type,towing_and_articulation,vehicle_manoeuvre_historic,vehicle_manoeuvre,vehicle_direction_from,vehicle_direction_to,vehicle_location_restricted_lane_historic,vehicle_location_restricted_lane,junction_location,skidding_and_overturning,hit_object_in_carriageway,vehicle_leaving_carriageway,hit_object_off_carriageway,first_point_of_impact,vehicle_left_hand_drive,journey_purpose_of_driver_historic,journey_purpose_of_driver,sex_of_driver,age_of_driver,age_band_of_driver,engine_capacity_cc,propulsion_code,age_of_vehicle,generic_make_model,driver_imd_decile,lsoa_of_driver,escooter_flag,driver_distance_banding
2024010522281,2024,010522281,1,9,0,7,7,8,1,0,0,5,0,0,0,0,4,1,6,6,2,51,8,1598,1,13,NISSAN QASHQAI,5,E01003034,0,1
202417S304824,2024,17S304824,1,9,0,-1,4,5,1,-1,0,0,0,0,0,0,2,1,-1,9,2,59,9,1332,8,0,NISSAN QASHQAI,3,E01032544,0,2
2024161431236,2024,161431236,2,9,0,-1,2,0,0,-1,0,0,0,0,0,0,1,1,-1,6,-1,-1,-1,1332,8,2,NISSAN QASHQAI,-1,-1,0,-1
2024101517651,2024,101517651,2,9,0,-1,3,6,2,-1,0,0,1,0,0,0,2,1,-1,6,2,33,6,1461,2,6,NISSAN QASHQAI,5,E01008686,0,2
2024461427337,2024,461427337,1,9,0,-1,9,8,6,-1,0,8,0,0,0,0,3,1,-1,9,1,83,11,1197,1,7,NISSAN QASHQAI,10,E01024751,0,1
2024010497911,2024,010497911,2,9,0,99,99,9,9,99,99,9,9,99,9,99,4,9,6,6,2,-1,-1,1497,8,1,NISSAN QASHQAI,3,E01002638,0,1
2024401484539,2024,401484539,1,9,-1,-1,-1,-1,-1,-1,0,5,-1,-1,-1,0,-1,9,-1,6,1,50,8,1598,1,10,NISSAN QASHQAI,5,E01015762,0,1
2024201483713,2024,201483713,1,9,0,-1,13,5,1,-1,0,1,0,0,0,0,1,1,-1,6,1,-1,-1,1332,8,1,NISSAN QASHQAI,-1,-1,0,-1
2024201454212,2024,201454212,2,9,0,-1,19,7,3,-1,0,8,0,0,0,0,4,1,-1,6,2,41,7,1332,1,5,NISSAN QASHQAI,1,E01033891,0,1
2024361524539,2024,361524539,2,9,0,-1,19,7,3,-1,0,8,0,0,0,0,1,1,-1,6,2,39,7,1332,1,5,NISSAN QASHQAI,5,E01026739,0,1
2024522403148,2024,522403148,2,9,0,16,19,7,2,0,0,8,0,0,0,0,1,1,6,6,2,39,7,1598,1,14,NISSAN QASHQAI,1,E01032515,0,1
2024010543633,2024,010543633,2,9,0,5,5,5,1,0,0,2,0,0,0,0,1,1,6,6,2,79,11,1598,1,11,NISSAN QASHQAI,10,E01003870,0,1
2024301495328,2024,301495328,1,9,0,-1,-1,1,2,-1,-1,0,0,0,0,0,3,1,-1,-1,1,42,7,1461,2,14,NISSAN QASHQAI,7,E01013977,0,2
2024421408219,2024,421408219,1,9,-1,-1,-1,-1,-1,-1,-1,0,-1,-1,-1,0,-1,9,-1,6,2,-1,-1,1994,2,15,NISSAN QASHQAI,-1,-1,0,-1
2024471510480,2024,471510480,2,9,0,-1,19,3,7,-1,0,0,0,0,0,0,3,1,-1,9,2,50,8,1461,2,7,NISSAN QASHQAI,2,E01024840,0,2
2024430585176,2024,430585176,1,9,0,9,9,4,2,0,0,5,0,0,0,0,1,1,6,6,2,64,9,1332,1,3,NISSAN QASHQAI,5,E01016580,0,1
2024440433071,2024,440433071,2,9,0,4,4,1,5,0,0,8,0,0,0,0,1,1,6,6,2,57,9,1461,2,7,NISSAN QASHQAI,7,E01020424,0,4
2024141434119,2024,141434119,1,9,0,-1,12,5,1,-1,0,0,0,0,0,0,3,1,-1,2,2,46,8,1598,2,11,NISSAN QASHQAI,2,E01008014,0,1
2024201482769,2024,201482769,2,9,0,-1,19,5,1,-1,0,8,0,0,0,0,1,1,-1,9,1,50,8,1461,2,15,NISSAN QASHQAI,-1,-1,0,-1
2024010509535,2024,010509535,1,9,0,6,6,1,1,0,0,0,0,0,0,0,3,1,6,6,1,49,8,1618,1,9,NISSAN QASHQAI,2,E01001955,0,1
2024161432359,2024,161432359,1,9,0,-1,11,7,3,-1,0,8,0,0,0,0,4,1,-1,1,1,58,9,1332,1,3,NISSAN QASHQAI,5,E01035095,0,5
2024010499395,2024,010499395,1,9,0,18,19,7,3,0,0,2,0,0,0,0,4,1,6,6,1,39,7,1332,8,2,NISSAN QASHQAI,4,E01004378,0,1
2024430387258,2024,430387258,2,9,0,10,10,4,1,0,0,5,0,0,0,0,3,1,1,1,2,26,6,1598,2,13,NISSAN QASHQAI,10,E01017866,0,3
2024552400503,2024,552400503,1,9,0,18,19,7,3,0,0,8,0,0,0,0,3,1,6,6,2,55,8,1461,2,9,NISSAN QASHQAI,5,E01014466,0,4
2024430415852,2024,430415852,2,9,0,9,9,7,5,0,0,8,0,0,0,0,4,1,6,6,1,-1,-1,1598,1,16,NISSAN QASHQAI,-1,-1,0,-1
2024201451521,2024,201451521,1,9,0,-1,3,8,4,-1,0,1,0,0,0,0,1,1,-1,2,1,34,6,1332,8,0,NISSAN QASHQAI,10,E01031235,0,4
2024041462075,2024,041462075,1,9,0,-1,9,5,7,-1,0,6,0,0,0,0,3,1,-1,7,2,47,8,1461,2,9,NISSAN QASHQAI,3,E01025246,0,1
2024522401140,2024,522401140,3,9,0,4,4,6,2,0,0,0,0,0,0,0,1,1,6,6,2,35,6,1461,2,14,NISSAN QASHQAI,1,E01014605,0,1
2024332400165,2024,332400165,2,9,0,-1,19,1,5,-1,0,0,0,0,0,0,2,1,-1,6,1,31,6,1332,8,1,NISSAN QASHQAI,7,E01025735,0,2
2024161427824,2024,161427824,1,9,0,-1,4,7,3,-1,0,1,0,0,0,0,2,9,-1,6,2,-1,-1,1197,1,7,NISSAN QASHQAI,-1,-1,0,-1
2024010539378,2024,010539378,1,9,0,18,19,5,1,0,0,1,1,0,0,0,1,1,6,6,1,24,5,1332,1,4,NISSAN QASHQAI,7,E01001313,0,1
2024010537717,2024,010537717,2,9,9,99,99,9,9,99,99,9,9,99,9,99,9,9,6,6,3,-1,-1,1332,1,3,NISSAN QASHQAI,-1,-1,0,-1
2024451415604,2024,451415604,2,9,0,-1,19,7,2,-1,0,8,0,0,0,0,4,1,-1,6,2,30,6,1197,1,8,NISSAN QASHQAI,-1,-1,0,-1
2024101449040,2024,101449040,1,9,0,-1,5,7,3,-1,0,1,0,0,0,0,-1,1,-1,9,1,77,11,1598,1,11,NISSAN QASHQAI,4,E01008711,0,1
2024471504888,2024,471504888,1,9,0,-1,19,7,3,-1,0,0,0,0,0,0,1,9,-1,6,1,67,10,1598,1,14,NISSAN QASHQAI,5,E01031577,0,1
2024501454885,2024,501454885,1,9,0,-1,4,1,5,-1,0,4,0,0,0,0,2,1,-1,9,1,79,11,1332,8,2,NISSAN QASHQAI,4,E01020140,0,1
2024201491840,2024,201491840,3,9,0,-1,19,1,5,-1,0,0,0,0,0,0,2,1,-1,6,1,55,8,1332,8,0,NISSAN QASHQAI,3,E01010458,0,4
2024320476217,2024,320476217,2,9,0,-1,-1,2,6,0,0,0,0,0,0,0,1,1,-1,-1,1,23,5,1461,2,11,NISSAN QASHQAI,6,E01028175,0,4
2024461428622,2024,461428622,1,9,0,-1,19,4,1,-1,0,1,0,0,0,0,3,1,-1,1,1,22,5,1332,1,4,NISSAN QASHQAI,-1,-1,0,-1
2024430362699,2024,430362699,3,9,0,4,4,8,4,0,0,1,0,0,0,0,2,1,6,6,2,55,8,1461,2,7,NISSAN QASHQAI,6,E01023855,0,4
2024010516451,2024,010516451,1,9,0,4,4,3,7,0,0,0,0,0,0,0,2,2,1,1,2,33,6,1497,8,1,NISSAN QASHQAI,-1,-1,0,-1
2024991412580,2024,991412580,1,9,0,-1,19,8,4,-1,0,0,0,0,0,0,1,1,-1,2,2,61,9,1461,2,9,NISSAN QASHQAI,6,-1,0,1
2024131510473,2024,131510473,2,9,0,-1,19,6,2,-1,0,0,0,0,0,0,3,1,-1,2,2,32,6,1461,2,9,NISSAN QASHQAI,5,E01033695,0,2
2024010499080,2024,010499080,2,9,0,99,99,9,9,99,99,9,9,99,9,99,9,9,6,6,3,-1,-1,1332,1,5,NISSAN QASHQAI,-1,-1,0,-1
2024430377586,2024,430377586,2,9,0,18,19,1,5,0,0,0,0,0,7,0,1,1,6,6,1,61,9,1598,1,16,NISSAN QASHQAI,8,E01017817,0,4
2024461532763,2024,461532763,1,9,0,-1,19,7,3,-1,0,8,0,0,0,0,1,9,-1,6,1,46,8,1332,8,1,NISSAN QASHQAI,10,E01032827,0,1
2024351476530,2024,351476530,2,9,0,-1,19,5,1,-1,0,0,0,0,0,0,1,1,-1,9,1,68,10,1332,1,5,NISSAN QASHQAI,3,E01016038,0,5
2024440339093,2024,440339093,1,9,0,7,7,6,2,0,0,5,0,0,0,0,1,1,6,6,1,78,11,1461,2,13,NISSAN QASHQAI,8,E01022721,0,3
2024010534281,2024,010534281,1,9,0,7,7,1,3,0,0,5,0,0,0,0,1,2,6,6,1,59,9,1997,1,17,NISSAN QASHQAI,5,E01001404,0,1
202454D609624,2024,54D609624,1,9,0,18,19,2,6,0,0,0,0,0,1,10,1,1,2,2,2,27,6,1598,2,11,NISSAN QASHQAI,4,E01032104,0,4
2024302401353,2024,302401353,1,9,0,18,19,4,8,0,0,0,0,0,0,0,1,1,6,6,1,40,7,1332,1,5,NISSAN QASHQAI,9,E01019790,0,1
2024211401972,2024,211401972,2,9,0,-1,5,3,7,-1,0,1,-1,0,0,0,1,1,-1,6,2,44,7,1332,1,5,NISSAN QASHQAI,5,E01029352,0,1
2024201483963,2024,201483963,2,9,0,-1,2,0,0,-1,0,1,0,0,0,0,4,1,-1,9,2,39,7,1598,1,11,NISSAN QASHQAI,1,E01008907,0,1
2024070522357,2024,070522357,5,9,0,4,4,2,6,0,0,0,0,0,0,0,2,1,2,2,1,61,9,1197,1,8,NISSAN QASHQAI,-1,-1,0,-1
2024991499270,2024,991499270,1,9,0,-1,4,3,8,-1,0,2,0,0,0,0,1,2,-1,9,2,31,6,1461,2,13,NISSAN QASHQAI,-1,-1,0,-1
2024221424033,2024,221424033,1,9,0,-1,7,5,7,-1,0,6,0,0,0,0,1,1,-1,6,2,45,7,1995,2,13,NISSAN QASHQAI,9,E01032189,0,1
2024461442062,2024,461442062,2,9,0,-1,4,8,3,-1,0,0,0,0,0,0,2,9,-1,2,2,35,6,1598,2,10,NISSAN QASHQAI,7,E01024405,0,1
2024421518425,2024,421518425,2,9,0,-1,2,0,0,-1,0,0,0,4,7,0,1,1,-1,6,-1,-1,-1,1461,2,15,NISSAN QASHQAI,-1,-1,0,-1
2024421409316,2024,421409316,1,9,0,-1,8,3,7,-1,0,4,0,0,0,0,3,1,-1,6,2,-1,-1,1461,2,10,NISSAN QASHQAI,9,E01015858,0,1
2024622500021,2024,622500021,1,9,0,9,9,4,2,0,0,8,0,0,0,0,1,1,6,6,2,40,7,1461,2,17,NISSAN QASHQAI,4,W01001748,0,1
2024201435143,2024,201435143,2,9,0,-1,2,0,0,-1,0,0,0,10,1,2,4,9,-1,6,2,47,8,1332,8,2,NISSAN QASHQAI,1,E01009326,0,1
2024041518372,2024,041518372,2,9,0,-1,19,1,5,-1,0,8,0,0,0,0,4,1,-1,1,1,56,9,1332,8,1,NISSAN QASHQAI,4,E01024936,0,1
2024010518319,2024,010518319,2,9,0,5,5,1,5,0,0,1,0,0,0,0,0,1,2,2,2,51,8,1598,1,12,NISSAN QASHQAI,3,E01001629,0,1
2024401528729,2024,401528729,2,9,0,-1,3,8,3,-1,0,6,0,0,0,0,2,1,-1,2,2,32,6,1598,2,9,NISSAN QASHQAI,10,E01017625,0,1
2024010494163,2024,010494163,1,9,0,9,9,2,8,0,0,1,0,0,0,0,1,1,6,6,1,-1,-1,1598,1,11,NISSAN QASHQAI,-1,-1,0,-1
2024552400292,2024,552400292,1,9,0,18,19,8,4,0,0,0,0,0,0,0,3,1,3,7,2,30,6,1598,2,8,NISSAN QASHQAI,7,E01015428,0,1
2024201556281,2024,201556281,2,9,0,-1,5,1,5,-1,0,1,0,0,0,0,3,9,-1,6,2,40,7,1461,2,7,NISSAN QASHQAI,1,E01009517,0,2
2024010526754,2024,010526754,2,9,0,99,99,9,9,99,99,9,9,99,9,99,1,9,6,6,3,-1,-1,1598,2,7,NISSAN QASHQAI,-1,-1,0,-1
2024440438254,2024,440438254,1,9,0,18,19,4,8,0,0,0,0,0,0,0,4,1,6,6,2,41,7,1598,1,11,NISSAN QASHQAI,6,E01022858,0,2
2024141508817,2024,141508817,2,9,0,-1,19,5,1,-1,0,1,0,0,0,0,1,1,-1,9,1,30,6,1332,1,5,NISSAN QASHQAI,3,E01007907,0,1
2024430330764,2024,430330764,1,9,0,18,19,2,6,0,0,8,5,0,0,0,4,1,6,6,1,31,6,1332,8,2,NISSAN QASHQAI,10,E01017751,0,3
2024991525569,2024,991525569,1,9,0,-1,19,5,1,-1,0,0,0,0,0,0,4,1,-1,9,1,53,8,1461,2,10,NISSAN QASHQAI,3,-1,0,1
2024471457141,2024,471457141,2,9,0,-1,19,4,8,-1,0,8,0,0,0,0,4,1,-1,2,2,29,6,1332,8,2,NISSAN QASHQAI,2,E01020925,0,1
2024430550738,2024,430550738,1,9,0,5,5,5,1,0,0,2,0,0,0,0,3,1,1,1,1,61,9,1332,8,0,NISSAN QASHQAI,7,E01028548,0,3
2024311471717,2024,311471717,1,9,0,-1,19,2,6,-1,0,0,0,0,0,0,1,1,-1,6,2,41,7,1332,1,5,NISSAN QASHQAI,-1,-1,0,-1
2024471418802,2024,471418802,2,9,0,-1,4,5,1,-1,0,0,0,0,0,0,2,1,-1,9,1,41,7,1332,8,0,NISSAN QASHQAI,10,E01031768,0,1
2024320121456,2024,320121456,2,9,0,-1,-1,4,1,0,0,8,0,0,0,0,4,1,-1,-1,2,39,7,1461,2,10,NISSAN QASHQAI,6,E01026260,0,1
2024461461154,2024,461461154,1,9,0,-1,19,3,5,-1,0,1,0,0,0,0,1,9,-1,6,1,51,8,1598,1,11,NISSAN QASHQAI,5,E01024202,0,3
2024070460690,2024,070460690,2,9,0,18,19,6,2,0,0,8,0,0,0,0,2,1,6,6,2,47,8,1332,1,4,NISSAN QASHQAI,4,E01012454,0,1
2024201494379,2024,201494379,2,9,0,-1,2,0,0,-1,0,0,0,0,0,0,2,1,-1,6,1,53,8,1332,8,1,NISSAN QASHQAI,1,E01009329,0,1
2024461506174,2024,461506174,2,9,0,-1,5,7,3,-1,0,0,0,0,0,0,4,1,-1,9,2,44,7,1198,1,9,NISSAN QASHQAI,5,E01035292,0,1
2024471524301,2024,471524301,1,9,0,-1,5,5,1,-1,0,1,0,0,0,0,1,1,-1,9,2,70,10,1332,1,4,NISSAN QASHQAI,8,E01031422,0,1
2024471475702,2024,471475702,2,9,0,-1,19,8,4,-1,0,0,0,0,0,0,1,1,-1,2,1,58,9,1598,1,11,NISSAN QASHQAI,1,E01020992,0,1
2024471463861,2024,471463861,1,9,0,-1,19,5,1,-1,0,6,0,0,0,0,3,1,-1,6,1,32,6,1461,2,11,NISSAN QASHQAI,7,E01034829,0,1
2024070259500,2024,070259500,1,9,0,12,12,8,4,0,0,7,0,0,0,0,0,1,6,6,3,-1,-1,1461,2,9,NISSAN QASHQAI,-1,-1,0,-1
2024552400860,2024,552400860,1,9,0,3,3,6,2,0,0,1,0,0,0,0,2,1,6,6,1,78,11,1332,8,1,NISSAN QASHQAI,8,E01015356,0,4
2024201501818,2024,201501818,1,9,0,-1,9,4,2,-1,0,5,0,0,0,0,1,9,-1,6,3,-1,-1,1497,8,0,NISSAN QASHQAI,9,E01016544,0,5
2024351509927,2024,351509927,1,9,0,-1,-1,-1,-1,-1,-1,-1,-1,-1,-1,0,-1,1,-1,6,1,-1,-1,1461,2,5,NISSAN QASHQAI,-1,-1,0,-1
2024052402827,2024,052402827,3,9,0,2,2,0,0,0,0,0,0,0,0,0,3,1,6,6,3,-1,-1,1332,8,0,NISSAN QASHQAI,-1,-1,0,-1
2024401457246,2024,401457246,2,9,0,-1,4,6,2,-1,0,0,0,0,0,0,2,1,-1,2,2,45,7,1461,2,15,NISSAN QASHQAI,6,E01017508,0,1
2024010504030,2024,010504030,1,9,0,9,9,1,7,0,0,6,0,0,0,0,1,1,2,2,2,45,7,1332,1,3,NISSAN QASHQAI,3,E01035495,0,2
2024131455616,2024,131455616,2,9,0,-1,19,3,7,-1,0,0,1,0,7,0,4,1,-1,6,2,63,9,1497,8,0,NISSAN QASHQAI,4,E01006058,0,2
2024010546256,2024,010546256,2,9,0,99,99,9,9,99,99,0,9,99,9,99,1,9,6,6,3,-1,-1,1598,1,12,NISSAN QASHQAI,-1,-1,0,-1
2024070635955,2024,070635955,2,9,0,18,19,8,4,9,9,2,5,10,1,10,4,1,6,6,1,66,10,1332,8,3,NISSAN QASHQAI,8,E01006684,0,4
2024631505693,2024,631505693,2,9,0,-1,19,2,6,-1,0,0,0,0,0,0,3,1,-1,9,1,50,8,1461,2,9,NISSAN QASHQAI,4,E01032445,0,4
2024461403068,2024,461403068,3,9,0,-1,5,1,5,-1,0,6,0,0,0,0,3,1,-1,9,2,38,7,1197,1,6,NISSAN QASHQAI,4,E01016168,0,1
2024010535913,2024,010535913,1,9,0,3,3,1,5,0,0,8,0,0,0,0,4,1,6,6,2,38,7,1198,1,9,NISSAN QASHQAI,3,E01002550,0,3
2024122400408,2024,122400408,2,9,0,17,19,3,1,0,0,2,0,0,0,0,4,1,6,6,2,44,7,1332,8,1,NISSAN QASHQAI,9,E01027782,0,2
2024101415650,2024,101415650,1,9,0,-1,19,5,8,-1,0,1,0,0,0,0,3,1,-1,6,2,48,8,1332,1,5,NISSAN QASHQAI,1,E01008652,0,1
2024361502731,2024,361502731,1,9,0,-1,9,5,2,-1,0,1,0,0,0,0,1,1,-1,6,2,26,6,1198,1,10,NISSAN QASHQAI,1,E01026597,0,1
2024010552516,2024,010552516,1,9,0,18,19,5,1,9,9,0,0,0,7,11,1,1,6,6,2,56,9,1332,1,4,NISSAN QASHQAI,3,E01002375,0,2
2024010528438,2024,010528438,1,9,0,9,9,7,5,0,0,5,0,0,0,0,1,1,6,6,2,45,7,1598,2,7,NISSAN QASHQAI,10,E01030638,0,4
2024010532923,2024,010532923,1,9,0,7,7,1,4,0,0,6,0,0,0,0,4,1,6,6,1,40,7,1197,1,6,NISSAN QASHQAI,8,E01024024,0,4
2024421503882,2024,421503882,1,9,0,-1,7,5,7,-1,0,3,0,0,0,0,1,1,-1,6,2,66,10,1598,2,8,NISSAN QASHQAI,9,E01021787,0,1
2024411406723,2024,411406723,1,9,0,-1,19,5,1,-1,0,0,0,0,0,0,1,1,-1,6,1,53,8,1197,1,6,NISSAN QASHQAI,5,E01023722,0,1
2024351421916,2024,351421916,1,9,0,-1,19,4,8,-1,0,1,1,0,0,0,0,1,-1,6,1,50,8,1598,1,14,NISSAN QASHQAI,10,E01018234,0,2
2024010503149,2024,010503149,2,9,0,11,11,1,5,0,0,8,0,0,0,0,2,1,6,6,1,35,6,1598,1,13,NISSAN QASHQAI,5,E01016460,0,3
2024302400375,2024,302400375,3,9,0,18,19,4,8,0,0,0,0,0,0,0,1,1,6,6,1,53,8,1197,1,7,NISSAN QASHQAI,6,E01019598,0,2
2024351441141,2024,351441141,1,9,0,-1,5,3,7,-1,0,0,0,0,0,0,3,1,-1,6,2,43,7,1332,8,2,NISSAN QASHQAI,8,E01018137,0,2
2024010511847,2024,010511847,3,9,0,2,2,0,0,0,0,1,0,0,0,0,0,1,6,6,3,-1,-1,1197,1,7,NISSAN QASHQAI,-1,-1,0,-1
2024101419829,2024,101419829,2,9,0,-1,19,5,1,-1,0,8,0,0,0,0,4,1,-1,9,1,64,9,1461,2,9,NISSAN QASHQAI,2,E01008692,0,1
2024991396377,2024,991396377,2,9,0,-1,19,4,8,-1,0,0,0,0,0,0,3,1,-1,2,1,66,10,1197,1,6,NISSAN QASHQAI,1,-1,0,2
2024332400552,2024,332400552,2,9,0,-1,19,4,8,-1,0,8,0,0,1,2,1,1,-1,9,2,64,9,1461,2,10,NISSAN QASHQAI,4,E01025742,0,2
2024201532611,2024,201532611,4,9,0,-1,2,0,0,-1,0,8,0,0,0,0,3,1,-1,6,-1,-1,-1,1461,2,9,NISSAN QASHQAI,-1,-1,0,-1
2024471412250,2024,471412250,1,9,0,-1,19,8,4,-1,0,0,5,5,7,0,1,1,-1,6,1,26,6,1461,2,5,NISSAN QASHQAI,9,E01031384,0,1
2024101437385,2024,101437385,1,9,0,-1,19,3,7,-1,0,0,0,0,0,0,4,1,-1,6,2,32,6,1461,2,7,NISSAN QASHQAI,-1,-1,0,-1
2024544511524,2024,544511524,3,9,0,18,19,4,8,0,0,0,0,0,0,0,1,1,6,6,1,42,7,1598,2,10,NISSAN QASHQAI,9,E01033848,0,3
2024131533244,2024,131533244,2,9,0,-1,19,1,1,-1,0,1,0,0,0,0,2,1,-1,6,1,22,5,1461,2,12,NISSAN QASHQAI,2,E01011250,0,1
2024041403613,2024,041403613,2,9,0,-1,19,3,7,-1,0,1,0,0,0,0,1,1,-1,6,2,44,7,1461,2,14,NISSAN QASHQAI,1,E01012625,0,1
2024221463511,2024,221463511,2,9,0,-1,19,8,4,-1,0,0,1,10,1,0,3,9,-1,6,1,81,11,1598,2,7,NISSAN QASHQAI,9,E01028837,0,1
2024332400852,2024,332400852,2,9,0,-1,19,3,7,-1,0,6,0,0,0,0,3,1,-1,6,1,53,8,1598,1,12,NISSAN QASHQAI,6,E01013735,0,1
2024471428762,2024,471428762,1,9,0,-1,19,5,1,-1,0,2,5,4,0,0,1,1,-1,6,2,48,8,1461,2,13,NISSAN QASHQAI,5,E01016988,0,1
2024471415572,2024,471415572,2,9,0,-1,1,3,8,-1,0,1,0,0,0,0,2,1,-1,6,1,55,8,1461,2,14,NISSAN QASHQAI,5,E01016973,0,2
2024411493068,2024,411493068,1,9,0,-1,12,7,3,-1,0,4,0,0,0,0,3,1,-1,6,2,32,6,1461,2,10,NISSAN QASHQAI,10,E01017638,0,4
2024332400248,2024,332400248,2,9,0,-1,6,5,5,-1,0,8,0,0,0,0,1,1,-1,6,1,30,6,1461,2,6,NISSAN QASHQAI,1,E01013726,0,1
2024471441619,2024,471441619,1,9,0,-1,19,7,3,-1,0,0,0,0,0,0,1,1,-1,9,1,85,11,1197,1,9,NISSAN QASHQAI,8,E01030847,0,3
2024361538952,2024,361538952,2,9,0,-1,19,3,1,-1,0,8,0,0,0,0,4,1,-1,2,2,61,9,1461,2,14,NISSAN QASHQAI,9,E01026513,0,2
2024010498034,2024,010498034,2,9,0,99,99,9,9,99,99,9,9,99,9,99,9,9,6,6,3,-1,-1,1598,1,11,NISSAN QASHQAI,-1,-1,0,-1
2024501459223,2024,501459223,1,9,0,-1,5,8,6,-1,0,6,0,0,0,0,1,1,-1,9,1,48,8,1461,2,5,NISSAN QASHQAI,5,E01019073,0,1
2024161465698,2024,161465698,1,9,0,-1,19,8,4,-1,0,0,0,0,0,0,4,9,-1,6,2,35,6,1332,1,5,NISSAN QASHQAI,5,E01012796,0,1
2024101408732,2024,101408732,2,9,0,-1,8,3,5,-1,0,6,0,0,0,0,4,9,-1,9,2,62,9,1461,2,8,NISSAN QASHQAI,6,E01008434,0,1
2024430205895,2024,430205895,2,9,0,18,19,7,3,0,0,8,0,0,0,0,1,1,6,6,2,35,6,1332,8,3,NISSAN QASHQAI,8,E01016319,0,1
2024010508757,2024,010508757,1,9,0,13,13,1,5,0,0,1,0,0,0,0,2,1,6,6,3,-1,-1,1497,8,2,NISSAN QASHQAI,-1,-1,0,-1
2024010538654,2024,010538654,2,9,9,99,99,9,9,99,99,9,9,99,9,99,9,9,6,6,1,60,9,1997,1,16,NISSAN QASHQAI,9,E01004587,0,1
2024461438813,2024,461438813,2,9,0,-1,19,5,1,-1,0,8,0,0,0,0,3,9,-1,6,1,49,8,1598,1,11,NISSAN QASHQAI,6,E01035278,0,1
2024131501103,2024,131501103,1,9,0,-1,-1,-1,-1,-1,-1,-1,-1,-1,-1,-1,-1,1,-1,6,3,-1,-1,1598,2,10,NISSAN QASHQAI,-1,-1,0,-1
2024361484317,2024,361484317,2,9,0,-1,9,8,5,-1,0,5,0,0,0,0,1,1,-1,9,2,32,6,1461,2,6,NISSAN QASHQAI,9,E01035145,0,2
2024545633824,2024,545633824,1,9,0,18,19,2,6,0,0,1,0,0,0,0,1,1,6,6,2,31,6,1332,8,2,NISSAN QASHQAI,9,E01032695,0,1
2024471449269,2024,471449269,4,9,0,-1,20,3,3,-1,0,0,0,0,0,0,0,1,-1,2,2,45,7,1598,2,10,NISSAN QASHQAI,1,E01031429,0,3
2024041516110,2024,041516110,3,9,0,-1,9,3,7,-1,0,5,0,0,0,0,3,1,-1,9,2,32,6,1461,2,7,NISSAN QASHQAI,9,E01025211,0,1
2024041464312,2024,041464312,1,9,0,-1,9,4,8,-1,0,1,0,0,0,0,3,1,-1,1,2,54,8,1461,2,13,NISSAN QASHQAI,9,E01025532,0,3
2024461451090,2024,461451090,1,9,0,-1,-1,-1,-1,-1,0,6,0,0,0,0,1,9,-1,6,1,37,7,1598,1,16,NISSAN QASHQAI,2,E01024840,0,1
2024070957180,2024,070957180,2,9,0,-1,3,1,5,-1,0,0,0,0,0,0,2,1,-1,6,2,30,6,1332,8,1,NISSAN QASHQAI,8,E01018677,0,1
2024461468689,2024,461468689,2,9,0,-1,19,2,4,-1,0,1,0,0,0,0,1,9,-1,1,2,54,8,1598,1,13,NISSAN QASHQAI,8,E01024708,0,1
2024991457994,2024,991457994,2,9,0,-1,3,7,3,-1,0,4,0,0,0,0,2,1,-1,9,2,32,6,1461,2,10,NISSAN QASHQAI,2,-1,0,3
2024421522760,2024,421522760,1,9,0,-1,4,5,1,-1,0,4,0,0,0,0,1,9,-1,6,1,62,9,1461,2,5,NISSAN QASHQAI,9,E01021349,0,1
202454D954824,2024,54D954824,2,9,0,5,5,8,5,0,0,1,0,0,0,0,1,1,1,1,2,45,7,1461,2,5,NISSAN QASHQAI,3,E01015491,0,1
2024430571305,2024,430571305,1,9,0,3,3,1,5,0,0,0,0,0,0,0,2,1,6,6,2,50,8,1332,8,2,NISSAN QASHQAI,4,E01016448,0,1
2024471448334,2024,471448334,2,9,0,-1,19,8,3,-1,0,1,0,0,0,0,3,9,-1,6,2,49,8,1497,8,1,NISSAN QASHQAI,5,E01031577,0,1
2024440254071,2024,440254071,2,9,0,13,13,4,8,0,0,0,0,0,0,0,0,1,6,6,3,-1,-1,1598,2,12,NISSAN QASHQAI,-1,-1,0,-1
2024991535680,2024,991535680,1,9,0,-1,19,4,8,-1,0,0,0,0,0,0,1,1,-1,9,1,72,10,1332,1,4,NISSAN QASHQAI,7,-1,0,3
2024041537535,2024,041537535,2,9,0,-1,19,5,1,-1,0,0,0,0,0,0,3,1,-1,6,2,49,8,1497,8,0,NISSAN QASHQAI,5,E01005688,0,4
2024101478176,2024,101478176,2,9,0,-1,19,7,3,-1,0,1,0,0,0,0,4,1,-1,9,1,39,7,1332,1,3,NISSAN QASHQAI,-1,-1,0,-1
2024131478729,2024,131478729,2,9,0,-1,19,4,8,-1,0,0,0,0,0,0,2,1,-1,9,1,51,8,1618,1,9,NISSAN QASHQAI,1,E01010712,0,3
2024311427084,2024,311427084,1,9,0,-1,19,7,7,-1,0,0,0,0,0,0,1,1,-1,6,1,33,6,1598,2,11,NISSAN QASHQAI,1,E01011780,0,4
2024010509268,2024,010509268,1,9,0,9,9,7,4,0,0,1,0,0,0,0,0,1,6,6,2,38,7,1332,1,3,NISSAN QASHQAI,7,E01003395,0,1