collision_index,collision_year,collision_ref_no,vehicle_reference,vehicle_type,towing_and_articulation,vehicle_manoeuvre_historic,vehicle_manoeuvre,vehicle_direction_from,vehicle_direction_to,vehicle_location_restricted_lane_historic,vehicle_location_restricted_lane,junction_location,skidding_and_overturning,hit_object_in_carriageway,vehicle_leaving_carriageway,hit_object_off_carriageway,first_point_of_impact,vehicle_left_hand_drive,journey_purpose_of_driver_historic,journey_purpose_of_driver,sex_of_driver,age_of_driver,age_band_of_driver,engine_capacity_cc,propulsion_code,age_of_vehicle,generic_make_model,driver_imd_decile,lsoa_of_driver,escooter_flag,driver_distance_banding
2024131448155,2024,131448155,3,9,0,-1,19,1,5,-1,0,0,0,0,0,0,0,1,-1,9,2,28,6,1197,1,6,NISSAN QASHQAI,8,E01010861,0,2
2024101480777,2024,101480777,2,9,0,-1,19,5,1,-1,0,8,0,0,1,0,3,1,-1,6,1,42,7,1598,1,16,NISSAN QASHQAI,3,E01008831,0,1
2024010517545,2024,010517545,1,9,0,17,19,7,3,0,0,8,0,0,0,0,1,1,6,6,3,-1,-1,1461,2,10,NISSAN QASHQAI,-1,-1,0,-1
2024201480304,2024,201480304,1,9,4,-1,12,3,7,-1,0,0,0,7,0,0,1,1,-1,2,1,37,7,1461,2,14,NISSAN QASHQAI,1,E01010363,0,1
2024131454953,2024,131454953,1,9,0,-1,9,5,1,-1,0,0,0,0,0,0,4,1,-1,6,3,-1,-1,1461,2,13,NISSAN QASHQAI,-1,-1,0,-1
2024041475071,2024,041475071,1,9,0,-1,19,8,4,-1,0,8,0,4,0,0,1,1,-1,1,1,52,8,1332,1,4,NISSAN QASHQAI,3,E01025065,0,1
2024010529607,2024,010529607,2,9,0,18,19,3,7,0,0,0,0,0,0,0,1,1,6,6,1,42,7,1461,2,8,NISSAN QASHQAI,3,E01003574,0,1
2024010546840,2024,010546840,1,9,0,18,19,1,5,0,0,1,1,0,0,0,1,1,6,6,1,35,6,1461,2,5,NISSAN QASHQAI,9,E01002256,0,1
2024122401110,2024,122401110,2,9,0,18,19,2,6,0,0,1,0,0,0,0,1,1,6,6,2,42,7,1598,1,11,NISSAN QASHQAI,7,E01013346,0,2
2024351539080,2024,351539080,1,9,0,-1,19,5,1,-1,0,0,1,0,1,0,4,1,-1,6,2,46,8,1461,2,13,NISSAN QASHQAI,1,E01015600,0,2
2024211485125,2024,211485125,1,9,0,-1,19,2,6,-1,0,0,0,0,1,0,1,1,-1,9,1,76,11,1598,2,7,NISSAN QASHQAI,-1,-1,0,-1
2024131436531,2024,131436531,2,9,0,-1,12,5,1,-1,0,0,0,0,0,0,3,1,-1,2,1,45,7,1461,2,14,NISSAN QASHQAI,1,E01011729,0,2
2024131426693,2024,131426693,2,9,0,-1,19,5,1,-1,0,8,0,0,0,0,3,1,-1,9,1,41,7,1332,8,1,NISSAN QASHQAI,1,E01011474,0,1
2024440004394,2024,440004394,1,9,0,9,9,4,2,0,0,6,0,0,0,0,3,1,2,2,1,63,9,1598,1,14,NISSAN QASHQAI,8,E01022710,0,2
2024543881024,2024,543881024,1,9,0,17,19,6,2,0,0,1,0,0,0,0,1,1,6,6,2,48,8,1461,2,11,NISSAN QASHQAI,5,E01015555,0,1
2024401508454,2024,401508454,1,9,0,-1,19,-1,-1,-1,0,6,0,0,0,0,9,9,-1,6,2,42,7,1461,2,9,NISSAN QASHQAI,4,E01015784,0,1
2024421528884,2024,421528884,2,9,0,-1,9,5,1,-1,0,1,1,0,0,0,1,1,-1,9,2,41,7,1598,1,13,NISSAN QASHQAI,9,E01021259,0,2
2024141470573,2024,141470573,1,9,0,-1,19,2,8,-1,0,0,0,0,1,2,1,1,-1,9,1,19,4,1598,2,11,NISSAN QASHQAI,2,E01007881,0,1
2024471405637,2024,471405637,2,9,0,-1,19,2,6,-1,0,1,0,0,0,0,1,1,-1,7,2,37,7,1461,2,12,NISSAN QASHQAI,1,E01020972,0,1
2024371427848,2024,371427848,1,9,0,-1,19,7,3,-1,0,0,0,0,0,0,1,1,-1,9,2,25,5,1461,2,13,NISSAN QASHQAI,3,E01030114,0,1
2024430396389,2024,430396389,2,9,0,3,3,2,6,0,0,1,0,0,0,0,2,1,6,6,1,55,8,1332,8,2,NISSAN QASHQAI,4,E01016724,0,1
2024610037424,2024,610037424,1,9,0,9,9,4,2,0,0,1,0,0,0,0,1,1,6,6,2,37,7,1197,1,9,NISSAN QASHQAI,10,W01001948,0,2
2024371520895,2024,371520895,1,9,0,-1,19,3,7,-1,0,0,1,0,1,0,3,1,-1,9,1,55,8,1461,2,11,NISSAN QASHQAI,6,E01026887,0,4
2024401463809,2024,401463809,2,9,0,-1,19,5,1,-1,0,1,0,0,7,0,1,1,-1,6,1,53,8,1461,2,9,NISSAN QASHQAI,6,E01018187,0,4
2024131423710,2024,131423710,1,9,0,-1,7,1,5,-1,0,8,0,0,0,0,3,1,-1,9,2,53,8,1497,8,1,NISSAN QASHQAI,3,E01027444,0,5
2024520403085,2024,520403085,1,9,0,7,7,4,7,0,0,5,0,0,0,0,4,1,6,6,1,74,10,1461,2,9,NISSAN QASHQAI,6,E01029214,0,4
2024010517092,2024,010517092,1,9,0,17,19,7,3,0,0,0,1,0,0,0,3,2,6,6,2,38,7,1197,1,6,NISSAN QASHQAI,3,E01001372,0,1
2024010505322,2024,010505322,2,9,0,99,99,9,9,99,99,9,9,99,9,99,1,9,6,6,2,48,8,1598,1,15,NISSAN QASHQAI,5,E01003941,0,1
2024041405167,2024,041405167,2,9,0,-1,3,5,1,-1,0,2,0,0,0,0,2,1,-1,2,2,36,7,1197,1,8,NISSAN QASHQAI,9,E01025299,0,1
2024411437109,2024,411437109,2,9,0,-1,3,2,6,-1,0,1,0,0,0,0,4,1,-1,1,1,69,10,1332,8,1,NISSAN QASHQAI,9,E01023968,0,3
2024461413119,2024,461413119,2,9,0,-1,7,1,4,-1,0,8,0,0,0,0,1,9,-1,6,2,40,7,1461,2,8,NISSAN QASHQAI,5,E01030843,0,2
2024010520382,2024,010520382,1,9,0,4,4,1,5,0,0,1,0,0,0,0,2,1,6,6,2,59,9,1198,1,9,NISSAN QASHQAI,-1,-1,0,-1
2024552400733,2024,552400733,1,9,0,9,9,4,2,0,0,6,0,0,0,0,1,1,6,6,3,-1,-1,1598,2,11,NISSAN QASHQAI,-1,-1,0,-1
202454C979724,2024,54C979724,2,9,0,18,19,3,5,0,0,6,0,0,0,0,1,1,6,6,2,50,8,1332,8,1,NISSAN QASHQAI,5,E01033350,0,4
2024201476205,2024,201476205,1,9,0,-1,9,1,7,-1,0,6,0,0,0,0,1,1,-1,6,1,39,7,1332,8,2,NISSAN QASHQAI,9,E01009706,0,2
2024421468518,2024,421468518,2,9,0,-1,19,5,1,-1,0,8,0,0,0,0,1,1,-1,6,1,72,10,1197,1,9,NISSAN QASHQAI,10,E01015914,0,1
2024141522919,2024,141522919,1,9,0,-1,3,1,5,-1,0,0,0,0,0,0,2,1,-1,9,2,35,6,1598,2,12,NISSAN QASHQAI,1,E01007566,0,2
2024131513997,2024,131513997,1,9,0,-1,5,5,1,-1,0,1,0,0,0,0,1,1,-1,6,2,41,7,1332,8,1,NISSAN QASHQAI,1,E01011332,0,1
2024231489435,2024,231489435,2,9,0,-1,19,8,2,-1,0,4,0,0,1,0,3,1,-1,6,1,45,7,1461,2,11,NISSAN QASHQAI,2,E01009610,0,1
2024522401656,2024,522401656,1,9,0,3,3,2,6,0,0,1,0,0,0,0,2,1,6,6,2,27,6,1598,1,15,NISSAN QASHQAI,4,E01014603,0,1
2024201526280,2024,201526280,1,9,0,-1,19,2,6,-1,0,6,0,0,0,0,1,1,-1,6,1,36,7,1461,2,6,NISSAN QASHQAI,8,E01014957,0,5
2024411471674,2024,411471674,2,9,0,-1,2,0,0,-1,0,0,0,0,0,0,2,1,-1,6,-1,-1,-1,1618,1,6,NISSAN QASHQAI,-1,-1,0,-1
2024522400852,2024,522400852,2,9,0,18,19,2,6,0,0,6,0,0,0,0,1,1,6,6,3,-1,-1,1332,8,1,NISSAN QASHQAI,-1,-1,0,-1
202460Q089107,2024,60Q089107,1,9,0,18,19,3,7,0,0,0,0,0,0,0,1,1,6,6,2,32,6,1598,1,16,NISSAN QASHQAI,-1,-1,0,-1
202454C507024,2024,54C507024,2,9,0,5,5,5,2,0,0,4,0,0,0,0,1,1,6,6,1,58,9,1332,1,3,NISSAN QASHQAI,10,E01031855,0,1
2024231531811,2024,231531811,1,9,0,-1,19,4,8,-1,0,0,0,0,7,3,1,1,-1,6,1,62,9,1598,2,9,NISSAN QASHQAI,10,E01031101,0,1
2024211512396,2024,211512396,1,9,0,-1,19,5,1,-1,0,1,0,0,0,0,1,1,-1,6,1,67,10,1598,2,10,NISSAN QASHQAI,3,E01029434,0,1
2024311440253,2024,311440253,1,9,0,-1,5,7,3,-1,0,0,0,0,0,0,1,1,-1,6,2,25,5,1332,1,5,NISSAN QASHQAI,4,E01028343,0,1
2024010508009,2024,010508009,1,9,0,9,9,3,8,0,0,2,0,0,0,0,1,1,6,6,2,38,7,1598,1,13,NISSAN QASHQAI,2,E01001357,0,1
2024010546685,2024,010546685,1,9,0,10,10,5,3,0,0,8,0,0,0,0,1,1,6,6,1,48,8,1997,1,16,NISSAN QASHQAI,3,E01004126,0,1
2024351440596,2024,351440596,1,9,-1,-1,-1,-1,-1,-1,-1,0,-1,-1,-1,0,-1,9,-1,6,2,72,10,1332,1,4,NISSAN QASHQAI,7,E01018011,0,1
2024201493125,2024,201493125,3,9,0,-1,2,0,0,-1,0,0,0,0,0,0,3,1,-1,6,-1,30,6,1997,1,11,NISSAN QASHQAI,-1,-1,0,-1
2024361400513,2024,361400513,2,9,0,-1,19,7,3,-1,0,1,0,0,0,0,4,1,-1,6,2,33,6,1598,1,12,NISSAN QASHQAI,5,E01026481,0,1
2024010517177,2024,010517177,2,9,0,99,99,9,9,99,99,9,9,99,9,99,1,9,6,6,3,-1,-1,1197,1,6,NISSAN QASHQAI,2,E01001155,0,1
2024411433019,2024,411433019,3,9,0,-1,2,0,0,-1,9,2,0,0,0,0,2,1,-1,6,-1,-1,-1,1197,1,6,NISSAN QASHQAI,-1,-1,0,-1
2024010536731,2024,010536731,2,9,9,99,99,9,9,99,99,0,9,99,9,99,9,9,6,6,3,-1,-1,1997,1,12,NISSAN QASHQAI,4,E01000999,0,1
2024991447801,2024,991447801,1,9,0,-1,19,3,7,-1,0,0,0,0,0,0,1,1,-1,2,2,32,6,1461,2,9,NISSAN QASHQAI,3,-1,0,1
2024010510791,2024,010510791,2,9,0,99,99,9,9,99,99,9,9,99,9,99,1,9,6,6,2,43,7,1197,1,9,NISSAN QASHQAI,7,E01034577,0,1
2024501487657,2024,501487657,1,9,0,-1,19,5,1,-1,0,0,0,0,0,0,1,9,-1,6,2,33,6,1198,1,9,NISSAN QASHQAI,2,E01015262,0,1
2024461450294,2024,461450294,1,9,0,-1,5,8,2,-1,0,4,0,0,0,0,0,9,-1,6,2,68,10,1197,1,9,NISSAN QASHQAI,10,E01024471,0,3
2024010502443,2024,010502443,4,9,0,18,19,7,3,0,0,6,0,0,0,0,1,1,6,6,2,23,5,1332,8,2,NISSAN QASHQAI,2,E01000098,0,1
2024991474652,2024,991474652,2,9,0,-1,19,7,3,-1,0,0,0,0,0,0,1,1,-1,6,1,56,9,1461,2,7,NISSAN QASHQAI,5,-1,0,1
202460Q072030,2024,60Q072030,1,9,0,14,14,3,7,0,0,0,5,0,1,4,1,1,6,6,1,40,7,1461,2,11,NISSAN QASHQAI,-1,-1,0,-1
2024131505841,2024,131505841,3,9,0,-1,19,2,6,-1,0,4,0,0,0,0,1,1,-1,9,1,48,8,1461,2,11,NISSAN QASHQAI,2,E01010649,0,1
2024010544851,2024,010544851,2,9,0,6,6,1,1,99,99,9,0,12,9,99,3,1,6,6,3,-1,-1,1598,1,13,NISSAN QASHQAI,-1,-1,0,-1
2024010498685,2024,010498685,1,9,0,5,5,5,1,0,0,8,0,0,0,0,1,1,6,6,1,30,6,1997,1,12,NISSAN QASHQAI,4,E01000806,0,2
2024501483547,2024,501483547,2,9,0,-1,4,3,7,-1,0,0,0,0,0,0,2,1,-1,6,1,73,10,1332,8,2,NISSAN QASHQAI,8,E01033280,0,5
2024052402559,2024,052402559,3,9,0,4,4,4,8,0,0,8,0,0,0,0,3,1,2,2,2,41,7,1598,1,14,NISSAN QASHQAI,1,E01006542,0,1
2024401515697,2024,401515697,2,9,-1,-1,-1,-1,-1,-1,-1,1,-1,-1,-1,0,-1,1,-1,2,1,61,9,1461,2,8,NISSAN QASHQAI,7,E01015719,0,1
2024421487146,2024,421487146,1,9,0,-1,19,6,2,-1,0,0,2,7,7,7,3,1,-1,2,1,35,6,1497,8,1,NISSAN QASHQAI,9,E01015836,0,2
2024010533720,2024,010533720,2,9,0,5,5,5,1,0,0,1,0,0,1,0,4,1,2,2,1,53,8,1598,1,12,NISSAN QASHQAI,3,E01001712,0,1
2024401486383,2024,401486383,3,9,0,-1,3,7,3,-1,0,0,0,0,0,0,2,1,-1,6,1,39,7,1461,2,7,NISSAN QASHQAI,3,E01015761,0,1
2024421499957,2024,421499957,1,9,0,-1,13,3,7,-1,0,0,2,0,7,0,3,1,-1,6,1,43,7,1461,2,8,NISSAN QASHQAI,6,E01023506,0,4
2024201418949,2024,201418949,1,9,0,-1,19,1,5,-1,0,0,0,0,0,0,3,1,-1,6,1,73,10,1497,8,2,NISSAN QASHQAI,8,E01010255,0,1
2024302400442,2024,302400442,2,9,0,18,19,1,5,0,0,0,0,0,0,0,1,1,1,1,1,22,5,1461,2,8,NISSAN QASHQAI,5,E01019669,0,1
2024010541146,2024,010541146,1,9,0,99,99,9,9,99,99,0,9,99,9,99,2,9,2,2,2,61,9,1332,8,3,NISSAN QASHQAI,8,E01002340,0,1
2024010504964,2024,010504964,1,9,0,5,5,3,7,0,0,4,0,0,0,0,1,1,6,6,1,34,6,1197,1,7,NISSAN QASHQAI,2,E01001196,0,2
2024501430356,2024,501430356,1,9,0,-1,19,7,3,-1,0,0,0,0,0,0,1,9,-1,6,2,28,6,1598,1,15,NISSAN QASHQAI,3,E01019070,0,3
2024010522903,2024,010522903,1,9,0,18,19,1,5,0,0,1,0,10,7,5,1,1,6,6,1,34,6,1198,1,9,NISSAN QASHQAI,7,E01001131,0,2
2024211522333,2024,211522333,3,9,0,-1,19,5,1,-1,0,0,0,0,0,0,1,1,-1,9,1,71,10,1461,2,8,NISSAN QASHQAI,8,E01029590,0,1
2024371511622,2024,371511622,2,9,0,-1,3,7,2,-1,0,0,0,0,0,0,2,1,-1,9,1,47,8,1332,8,1,NISSAN QASHQAI,7,E01029955,0,1
2024231451930,2024,231451930,1,9,0,-1,9,4,2,-1,0,6,5,0,0,0,1,9,-1,9,1,71,10,1197,1,6,NISSAN QASHQAI,3,E01031261,0,1
2024451398986,2024,451398986,2,9,0,-1,19,3,7,-1,0,2,0,0,0,0,4,1,-1,1,2,41,7,1618,1,9,NISSAN QASHQAI,10,E01004196,0,2
2024041422563,2024,041422563,1,9,0,-1,5,7,3,-1,0,2,0,0,0,0,1,1,-1,7,1,70,10,1198,1,10,NISSAN QASHQAI,1,E01012684,0,1
2024010509071,2024,010509071,2,9,0,99,99,9,9,99,99,0,9,99,0,0,9,9,6,6,3,39,7,1461,2,8,NISSAN QASHQAI,3,E01004036,0,1
2024631509689,2024,631509689,2,9,0,-1,9,2,1,-1,0,5,0,0,3,10,3,1,-1,6,2,51,8,1461,2,13,NISSAN QASHQAI,6,W01000674,0,3
2024070360458,2024,070360458,2,9,0,18,19,1,5,0,0,8,0,0,0,0,1,1,6,6,2,68,10,1332,1,6,NISSAN QASHQAI,9,E01018684,0,3
2024010523693,2024,010523693,1,9,0,6,6,7,7,0,0,3,0,0,0,0,1,1,6,6,2,68,10,1598,2,9,NISSAN QASHQAI,6,E01026440,0,5
2024201464872,2024,201464872,1,9,0,-1,19,7,3,-1,0,1,0,4,0,0,4,1,-1,9,1,42,7,1332,8,1,NISSAN QASHQAI,2,E01010041,0,1
2024440460683,2024,440460683,1,9,0,18,19,1,5,0,0,8,0,0,0,0,0,1,6,6,1,28,6,1997,1,14,NISSAN QASHQAI,4,E01022540,0,1
2024010504794,2024,010504794,1,9,0,16,19,5,1,0,0,0,0,0,0,0,1,1,6,6,2,33,6,1332,8,3,NISSAN QASHQAI,8,E01000653,0,1
2024440125792,2024,440125792,1,9,0,18,19,1,5,0,0,0,0,0,0,0,1,1,6,6,1,79,11,1197,1,7,NISSAN QASHQAI,6,E01022941,0,1
2024501526213,2024,501526213,2,9,0,-1,19,1,5,-1,0,0,0,0,0,0,3,1,-1,6,1,36,7,1461,2,10,NISSAN QASHQAI,9,E01019911,0,2
2024610045624,2024,610045624,2,9,0,18,19,1,6,0,0,8,0,0,0,0,4,1,2,2,1,27,6,1598,1,12,NISSAN QASHQAI,10,W01001842,0,4
2024361454667,2024,361454667,2,9,0,-1,19,7,3,-1,0,0,0,0,0,0,3,1,-1,6,2,62,9,1332,8,1,NISSAN QASHQAI,3,E01026614,0,1
2024061478529,2024,061478529,2,9,0,-1,19,3,7,-1,0,0,0,0,0,0,1,1,-1,9,2,32,6,1461,2,7,NISSAN QASHQAI,8,E01006243,0,1
2024010540666,2024,010540666,1,9,0,8,8,1,4,0,0,1,0,0,0,0,4,1,6,6,3,-1,-1,1197,1,8,NISSAN QASHQAI,-1,-1,0,-1
2024471460673,2024,471460673,2,9,0,-1,19,1,5,-1,0,1,0,0,7,9,1,1,-1,6,1,46,8,1618,1,7,NISSAN QASHQAI,4,E01031435,0,1
2024131504110,2024,131504110,1,9,0,-1,9,7,5,-1,0,1,0,0,0,0,3,1,-1,9,2,36,7,1461,2,11,NISSAN QASHQAI,1,E01010745,0,1
2024430120544,2024,430120544,3,9,0,18,19,1,5,0,0,0,0,0,1,0,1,1,6,6,2,-1,-1,1598,2,10,NISSAN QASHQAI,7,E01028731,0,2
2024041451014,2024,041451014,2,9,0,-1,19,8,4,-1,0,2,0,0,0,0,1,1,-1,9,1,62,9,1332,1,5,NISSAN QASHQAI,7,E01012582,0,1
2024302400653,2024,302400653,1,9,0,7,7,1,3,0,0,5,0,0,0,0,3,1,6,6,1,59,9,1332,8,2,NISSAN QASHQAI,1,E01019663,0,3
2024340NN2812,2024,340NN2812,1,9,0,-1,19,5,1,-1,0,0,0,0,7,11,1,1,-1,6,2,21,5,1995,2,13,NISSAN QASHQAI,3,E01027082,0,1
2024131508996,2024,131508996,1,9,0,-1,19,1,5,-1,0,1,1,0,0,0,1,1,-1,1,1,40,7,1598,1,11,NISSAN QASHQAI,6,E01033033,0,1
2024010547567,2024,010547567,2,9,0,1,1,9,9,99,99,0,9,99,9,99,2,9,6,6,2,-1,-1,1598,1,12,NISSAN QASHQAI,-1,-1,0,-1
2024320707950,2024,320707950,1,9,0,9,9,6,4,0,0,6,0,0,0,0,1,1,-1,-1,2,27,6,1461,2,17,NISSAN QASHQAI,3,E01034685,0,1
2024451458615,2024,451458615,2,9,0,-1,19,7,3,-1,0,1,0,0,0,0,1,1,-1,6,1,53,8,1461,2,17,NISSAN QASHQAI,10,E01030510,0,3
2024111464556,2024,111464556,1,9,0,-1,19,6,2,-1,0,0,0,0,8,3,1,1,-1,6,1,77,11,1332,1,4,NISSAN QASHQAI,5,E01020660,0,2
2024041480524,2024,041480524,2,9,0,-1,2,0,0,-1,0,0,0,0,0,0,2,1,-1,9,1,62,9,1198,1,10,NISSAN QASHQAI,4,E01006747,0,3
2024052402151,2024,052402151,1,9,0,5,5,4,8,0,0,1,0,0,0,0,0,1,6,6,3,-1,-1,1197,1,7,NISSAN QASHQAI,-1,-1,0,-1
2024131502959,2024,131502959,1,9,0,-1,8,6,2,-1,0,6,0,0,0,0,4,1,-1,9,1,35,6,1497,8,0,NISSAN QASHQAI,3,E01034585,0,1
2024010541270,2024,010541270,2,9,0,99,99,9,9,99,99,9,9,99,9,99,9,9,6,6,1,45,7,1997,1,14,NISSAN QASHQAI,2,E01001147,0,1
2024522401789,2024,522401789,2,9,0,3,3,3,7,0,0,0,0,0,0,0,2,1,6,6,1,64,9,1461,2,12,NISSAN QASHQAI,9,E01014933,0,2
2024010535411,2024,010535411,1,9,0,99,99,9,9,99,99,9,9,99,9,99,9,9,6,6,1,60,9,1332,8,1,NISSAN QASHQAI,4,E01003937,0,1
2024411541256,2024,411541256,2,9,0,-1,19,4,8,-1,0,1,0,0,0,0,1,1,-1,6,1,40,7,1332,1,4,NISSAN QASHQAI,9,E01023706,0,1
2024010521625,2024,010521625,1,9,0,18,19,5,1,0,0,0,5,4,2,10,4,1,6,6,1,42,7,1197,1,8,NISSAN QASHQAI,3,E01004123,0,1
2024131469960,2024,131469960,2,9,0,-1,19,2,6,-1,0,3,5,0,0,0,3,1,-1,9,2,34,6,1197,1,8,NISSAN QASHQAI,9,E01011397,0,1
2024451494643,2024,451494643,2,9,0,-1,19,3,7,-1,0,0,0,0,0,0,2,1,-1,9,1,58,9,1598,1,13,NISSAN QASHQAI,5,E01000468,0,4
2024041509729,2024,041509729,2,9,0,-1,15,7,3,-1,0,0,0,0,0,0,4,1,-1,9,1,42,7,1461,2,14,NISSAN QASHQAI,1,E01012680,0,1
2024471447917,2024,471447917,1,9,0,-1,19,2,6,-1,0,0,1,0,1,4,1,1,-1,2,1,40,7,1461,2,11,NISSAN QASHQAI,8,E01035341,0,2
2024221504825,2024,221504825,2,9,0,-1,19,3,7,-1,0,8,0,0,0,0,3,1,-1,6,2,53,8,1461,2,10,NISSAN QASHQAI,2,E01032437,0,2
2024340WN7022,2024,340WN7022,2,9,0,-1,-1,5,1,-1,0,3,0,0,0,0,3,1,-1,9,2,35,6,1332,8,0,NISSAN QASHQAI,3,E01013888,0,5
2024622400276,2024,622400276,2,9,0,4,4,8,4,0,0,0,0,0,0,0,2,1,6,6,2,36,7,1461,2,14,NISSAN QASHQAI,10,W01001041,0,3
2024471399674,2024,471399674,2,9,0,-1,19,7,3,-1,0,1,0,0,0,0,1,1,-1,7,1,78,11,1598,1,15,NISSAN QASHQAI,5,E01031818,0,1
2024471451346,2024,471451346,1,9,0,-1,19,5,1,-1,0,0,0,0,0,0,2,1,-1,9,1,43,7,1198,1,10,NISSAN QASHQAI,5,E01020968,0,4
2024010541144,2024,010541144,2,9,0,5,5,8,4,0,0,8,0,0,0,0,1,1,6,6,1,23,5,1598,1,12,NISSAN QASHQAI,-1,-1,0,-1
2024010516798,2024,010516798,1,9,0,18,19,3,7,0,0,0,0,0,0,0,3,1,6,6,1,44,7,1618,1,9,NISSAN QASHQAI,-1,-1,0,-1
2024311474814,2024,311474814,1,9,0,-1,9,7,5,-1,0,0,0,0,0,0,1,1,-1,9,1,41,7,1198,1,9,NISSAN QASHQAI,1,E01013824,0,1
2024010504294,2024,010504294,2,9,0,18,19,3,7,0,0,8,0,0,0,0,1,1,6,6,1,76,11,1332,1,5,NISSAN QASHQAI,6,E01002674,0,2
2024101445568,2024,101445568,1,9,0,-1,12,6,2,-1,0,8,0,0,0,0,3,1,-1,6,1,60,9,1461,2,11,NISSAN QASHQAI,3,E01008208,0,1
2024141420432,2024,141420432,2,9,0,-1,19,8,4,-1,0,8,1,0,1,11,3,1,-1,6,1,59,9,1461,2,8,NISSAN QASHQAI,10,E01008126,0,1
2024010503183,2024,010503183,2,9,0,99,99,9,9,99,99,9,9,99,9,99,1,9,6,6,3,-1,-1,1997,1,11,NISSAN QASHQAI,2,E01000106,0,4
2024471509982,2024,471509982,2,9,0,-1,19,5,1,-1,0,0,0,0,0,0,3,1,-1,6,1,60,9,1332,1,5,NISSAN QASHQAI,5,E01032836,0,1
2024361538389,2024,361538389,1,9,0,-1,19,7,3,-1,0,1,0,0,0,0,1,1,-1,2,2,39,7,1461,2,10,NISSAN QASHQAI,5,E01026505,0,1
2024501440288,2024,501440288,1,9,0,-1,19,3,7,-1,0,2,0,4,0,0,1,1,-1,9,1,73,10,1332,1,3,NISSAN QASHQAI,8,E01019983,0,1
2024101448351,2024,101448351,1,9,0,-1,9,1,6,-1,0,2,0,0,0,0,4,1,-1,6,1,60,9,1332,1,4,NISSAN QASHQAI,10,E01027460,0,1
2024552500055,2024,552500055,1,9,0,18,19,2,6,0,0,1,0,0,0,0,1,1,6,6,2,79,11,1598,2,10,NISSAN QASHQAI,9,E01020558,0,2
2024010521968,2024,010521968,2,9,0,7,7,3,6,0,0,6,0,0,0,0,3,1,6,6,2,39,7,1598,1,11,NISSAN QASHQAI,7,E01003199,0,1
2024061514964,2024,061514964,1,9,0,-1,9,5,3,-1,0,6,0,0,0,0,1,1,-1,6,1,34,6,1332,8,2,NISSAN QASHQAI,4,E01005025,0,1
2024052402358,2024,052402358,1,9,0,14,14,5,1,0,0,1,0,0,0,0,4,1,6,6,2,39,7,1461,2,9,NISSAN QASHQAI,8,E01007285,0,1
2024522401341,2024,522401341,2,9,0,6,6,5,3,0,0,6,0,0,0,0,1,1,6,6,2,83,11,1598,1,11,NISSAN QASHQAI,9,E01014748,0,1
2024041478780,2024,041478780,1,9,0,-1,19,5,1,-1,0,0,0,0,1,2,1,1,-1,2,2,50,8,1461,2,14,NISSAN QASHQAI,3,E01025379,0,1
2024461526927,2024,461526927,4,9,0,-1,5,4,8,-1,0,1,0,0,0,0,3,1,-1,6,2,36,7,1332,1,4,NISSAN QASHQAI,5,E01024531,0,4
2024471507747,2024,471507747,2,9,0,-1,2,0,0,-1,0,0,0,0,0,0,3,1,-1,6,-1,-1,-1,1332,8,1,NISSAN QASHQAI,-1,-1,0,-1
2024501460762,2024,501460762,2,9,0,-1,19,7,3,-1,0,0,0,0,0,0,1,1,-1,9,2,41,7,1994,2,15,NISSAN QASHQAI,5,E01019938,0,1
2024010525610,2024,010525610,3,9,0,3,3,3,7,0,0,1,0,0,0,0,0,1,2,2,1,50,8,1197,1,7,NISSAN QASHQAI,3,E01001703,0,1
2024440187999,2024,440187999,1,9,0,4,4,6,2,0,0,0,0,0,0,0,2,1,6,6,2,26,6,1332,8,1,NISSAN QASHQAI,2,E01017202,0,4
2024061463780,2024,061463780,1,9,0,-1,19,5,1,-1,0,0,0,0,0,0,0,9,-1,6,3,-1,-1,1332,8,2,NISSAN QASHQAI,-1,-1,0,-1
2024201539888,2024,201539888,1,9,0,-1,19,4,8,-1,0,0,0,0,0,0,1,9,-1,6,1,71,10,1461,2,5,NISSAN QASHQAI,10,E01015515,0,5
2024061407749,2024,061407749,1,9,0,-1,9,4,3,-1,0,6,0,0,0,0,1,1,-1,9,2,30,6,1461,2,11,NISSAN QASHQAI,2,E01004959,0,3
2024161488156,2024,161488156,2,9,0,-1,2,0,0,-1,0,0,0,0,0,0,3,1,-1,9,2,28,6,1461,2,17,NISSAN QASHQAI,2,E01026379,0,3
2024332401093,2024,332401093,1,9,0,-1,19,4,8,-1,0,0,0,0,0,0,1,1,-1,6,2,36,7,1461,2,5,NISSAN QASHQAI,5,E01025655,0,1
2024461463136,2024,461463136,1,9,0,-1,9,6,2,-1,0,1,0,0,0,0,4,1,-1,6,2,40,7,1461,2,14,NISSAN QASHQAI,6,E01024790,0,1
2024010536862,2024,010536862,2,9,0,2,2,0,0,0,0,9,0,99,0,0,9,1,6,6,3,-1,-1,1332,8,3,NISSAN QASHQAI,-1,-1,0,-1
2024161475885,2024,161475885,1,9,0,-1,19,4,8,-1,0,1,0,0,1,11,4,1,-1,6,1,63,9,1461,2,14,NISSAN QASHQAI,3,E01013272,0,2