collision_index,collision_year,collision_ref_no,vehicle_reference,vehicle_type,towing_and_articulation,vehicle_manoeuvre_historic,vehicle_manoeuvre,vehicle_direction_from,vehicle_direction_to,vehicle_location_restricted_lane_historic,vehicle_location_restricted_lane,junction_location,skidding_and_overturning,hit_object_in_carriageway,vehicle_leaving_carriageway,hit_object_off_carriageway,first_point_of_impact,vehicle_left_hand_drive,journey_purpose_of_driver_historic,journey_purpose_of_driver,sex_of_driver,age_of_driver,age_band_of_driver,engine_capacity_cc,propulsion_code,age_of_vehicle,generic_make_model,driver_imd_decile,lsoa_of_driver,escooter_flag,driver_distance_banding
2024520402403,2024,520402403,1,9,0,10,10,5,3,0,0,5,0,0,0,0,3,1,6,6,1,41,7,1332,1,5,NISSAN QASHQAI,2,E01029105,0,1
2024201510165,2024,201510165,2,9,4,-1,19,6,3,-1,0,0,0,0,0,0,2,1,-1,9,1,33,6,1197,1,7,NISSAN QASHQAI,9,E01029375,0,3
2024052401687,2024,052401687,1,9,0,5,5,7,3,0,0,1,0,0,0,0,1,1,6,6,1,32,6,1197,1,7,NISSAN QASHQAI,1,E01006480,0,1
2024351458316,2024,351458316,4,9,0,-1,3,8,4,-1,0,0,0,0,0,0,2,1,-1,6,1,31,6,1598,2,9,NISSAN QASHQAI,5,E01018079,0,3
2024501397246,2024,501397246,2,9,0,-1,2,5,5,-1,0,0,0,0,0,0,4,1,-1,7,2,27,6,1461,2,9,NISSAN QASHQAI,3,E01015041,0,1
2024010501025,2024,010501025,2,9,9,99,99,9,9,99,99,9,9,99,9,99,9,9,6,6,1,55,8,1598,1,15,NISSAN QASHQAI,7,E01002918,0,1
2024031459527,2024,031459527,1,9,0,-1,-1,-1,-1,-1,-1,-1,-1,-1,-1,0,3,9,-1,2,1,37,7,1461,2,11,NISSAN QASHQAI,-1,-1,0,-1
2024111524528,2024,111524528,2,9,0,-1,19,5,1,-1,0,0,0,0,0,0,1,1,-1,6,2,49,8,1461,2,5,NISSAN QASHQAI,8,E01008843,0,3
2024010515491,2024,010515491,2,9,0,18,19,7,3,0,0,1,0,0,0,0,1,1,6,6,1,38,7,1197,1,6,NISSAN QASHQAI,3,E01003631,0,1
2024010510327,2024,010510327,1,9,0,18,19,8,4,0,0,8,0,0,0,0,3,1,6,6,2,30,6,1997,1,12,NISSAN QASHQAI,9,E01004116,0,1
2024041439027,2024,041439027,1,9,0,-1,7,1,3,-1,0,0,0,0,0,0,1,1,-1,2,1,60,9,1197,1,7,NISSAN QASHQAI,8,E01034349,0,3
2024440318229,2024,440318229,1,9,0,9,9,3,1,0,0,2,0,0,0,0,1,1,6,6,1,77,11,1598,1,16,NISSAN QASHQAI,10,E01022720,0,1
2024501525697,2024,501525697,2,9,0,-1,19,4,8,-1,0,0,5,0,2,10,3,1,-1,2,2,43,7,1198,1,10,NISSAN QASHQAI,4,E01015175,0,3
2024991482634,2024,991482634,1,9,0,-1,19,7,3,-1,0,0,0,0,0,0,1,1,-1,6,1,52,8,1461,2,5,NISSAN QASHQAI,4,-1,0,1
2024010549261,2024,010549261,2,9,0,18,19,9,9,99,99,0,9,99,9,99,1,9,6,6,1,66,10,1461,2,5,NISSAN QASHQAI,2,E01000078,0,1
2024111431818,2024,111431818,1,9,0,-1,9,1,5,-1,0,4,0,0,0,0,4,1,-1,6,3,30,6,1332,8,2,NISSAN QASHQAI,-1,-1,0,-1
2024131489680,2024,131489680,1,9,0,-1,9,1,5,-1,0,8,0,0,0,0,1,1,-1,6,2,30,6,1461,2,14,NISSAN QASHQAI,7,E01011578,0,1
2024010526823,2024,010526823,2,9,0,99,99,9,9,99,99,9,9,99,9,99,1,9,6,6,3,-1,-1,1197,1,9,NISSAN QASHQAI,-1,-1,0,-1
2024302401114,2024,302401114,1,9,0,4,4,5,1,0,0,1,0,0,0,0,1,1,6,6,2,28,6,1994,2,16,NISSAN QASHQAI,3,E01019530,0,1
2024211494264,2024,211494264,1,9,0,-1,19,1,5,-1,0,2,0,0,0,0,4,1,-1,6,1,45,7,1332,8,1,NISSAN QASHQAI,-1,-1,0,-1
2024471437602,2024,471437602,1,9,0,-1,19,5,1,-1,0,0,0,0,1,4,1,1,-1,9,1,45,7,1995,2,13,NISSAN QASHQAI,10,E01031650,0,1
2024440224369,2024,440224369,1,9,0,2,2,0,0,0,0,0,0,0,0,0,3,1,6,6,2,34,6,1461,2,12,NISSAN QASHQAI,7,E01017026,0,1
2024430296285,2024,430296285,2,9,0,4,4,8,4,0,0,1,0,0,0,0,1,1,2,2,2,42,7,1197,1,7,NISSAN QASHQAI,4,E01017667,0,1
2024351537260,2024,351537260,2,9,0,-1,3,7,3,-1,0,0,0,0,0,0,2,1,-1,6,2,66,10,1497,8,1,NISSAN QASHQAI,6,E01003663,0,4
2024440096525,2024,440096525,1,9,0,9,9,2,8,0,0,6,0,0,0,0,3,1,2,2,2,31,6,1598,1,12,NISSAN QASHQAI,9,E01022950,0,2
2024010509510,2024,010509510,2,9,0,99,99,9,9,99,99,9,9,99,9,99,9,9,6,6,3,-1,-1,1598,1,17,NISSAN QASHQAI,2,E01016009,0,3
2024231451958,2024,231451958,5,9,0,-1,2,0,0,-1,0,0,0,0,0,0,3,9,-1,6,2,37,7,1461,2,13,NISSAN QASHQAI,3,E01031073,0,1
2024061523946,2024,061523946,1,9,0,-1,19,3,7,-1,0,0,0,0,0,0,1,1,-1,9,1,86,11,1332,1,3,NISSAN QASHQAI,-1,-1,0,-1
2024010534395,2024,010534395,1,9,9,3,3,7,3,99,99,9,9,99,9,99,9,9,6,6,2,61,9,1198,1,10,NISSAN QASHQAI,4,E01003102,0,1
2024010525275,2024,010525275,3,9,0,18,19,7,3,0,0,8,0,0,0,0,1,1,6,6,1,30,6,1461,2,5,NISSAN QASHQAI,4,E01001674,0,2
2024111517736,2024,111517736,1,9,0,-1,14,3,7,-1,0,1,0,0,0,0,1,1,-1,9,1,79,11,1461,2,10,NISSAN QASHQAI,6,E01020632,0,1
2024552400899,2024,552400899,1,9,3,18,19,6,2,0,0,0,1,0,0,0,0,1,6,6,1,72,10,1749,2,4,NISSAN QASHQAI,9,E01025870,0,5
2024010543541,2024,010543541,2,9,0,18,19,3,7,0,0,1,0,0,0,0,4,1,2,2,2,62,9,1197,1,7,NISSAN QASHQAI,-1,-1,0,-1
2024061513213,2024,061513213,2,9,0,-1,19,1,5,-1,0,8,0,0,0,0,3,1,-1,9,1,27,6,1461,2,7,NISSAN QASHQAI,2,E01006073,0,1
2024010520922,2024,010520922,1,9,0,5,5,4,8,0,0,1,0,0,0,0,1,1,6,6,2,45,7,1197,1,8,NISSAN QASHQAI,2,E01001257,0,1
2024991479378,2024,991479378,1,9,5,-1,9,6,4,-1,0,8,0,0,0,0,1,1,-1,1,1,37,7,1332,8,1,NISSAN QASHQAI,4,-1,0,4
2024332400004,2024,332400004,1,9,0,-1,19,6,2,-1,0,1,0,0,0,0,1,1,-1,9,1,55,8,1332,8,1,NISSAN QASHQAI,3,E01013776,0,1
2024320594722,2024,320594722,1,9,0,4,4,6,8,0,0,1,0,0,0,0,1,1,-1,-1,2,40,7,1461,2,10,NISSAN QASHQAI,7,E01032989,0,3
2024430512338,2024,430512338,1,9,0,18,19,8,4,0,0,0,0,0,0,0,1,1,6,6,1,43,7,1461,2,8,NISSAN QASHQAI,-1,-1,0,-1
2024201470595,2024,201470595,1,9,0,-1,19,7,3,-1,0,1,0,0,0,0,1,1,-1,6,3,-1,-1,1197,1,9,NISSAN QASHQAI,-1,-1,0,-1
2024411539477,2024,411539477,2,9,0,-1,19,5,1,-1,0,8,0,0,0,0,3,9,-1,6,2,28,6,1598,2,7,NISSAN QASHQAI,5,E01023350,0,3
2024552401001,2024,552401001,1,9,0,9,9,2,8,0,0,6,0,0,0,0,2,1,6,6,1,37,7,1618,1,9,NISSAN QASHQAI,9,E01001385,0,5
2024320210416,2024,320210416,2,9,0,-1,-1,1,5,0,0,0,0,0,0,0,2,1,-1,-1,1,34,6,1332,8,0,NISSAN QASHQAI,3,E01034681,0,1
2024010499297,2024,010499297,2,9,0,99,99,9,9,99,99,9,9,99,9,99,1,9,6,6,1,34,6,1332,1,3,NISSAN QASHQAI,2,E01002090,0,1
2024520402984,2024,520402984,2,9,0,18,19,8,4,0,0,8,0,0,0,0,1,1,6,6,2,37,7,1461,2,13,NISSAN QASHQAI,5,E01029259,0,1
2024041446764,2024,041446764,1,9,0,-1,5,1,5,-1,0,1,0,0,0,0,1,1,-1,9,1,47,8,1332,8,1,NISSAN QASHQAI,6,E01025383,0,3
2024141509230,2024,141509230,1,9,0,-1,19,3,7,-1,0,0,2,0,0,0,1,1,-1,9,2,33,6,1461,2,10,NISSAN QASHQAI,6,E01007452,0,1
2024501428983,2024,501428983,2,9,0,-1,9,5,3,-1,0,6,0,0,0,0,3,1,-1,9,2,59,9,1461,2,5,NISSAN QASHQAI,9,E01019894,0,2
2024471453283,2024,471453283,2,9,0,-1,9,3,1,-1,0,5,0,0,0,0,2,1,-1,9,2,57,9,1598,1,13,NISSAN QASHQAI,7,E01030848,0,3
2024311472053,2024,311472053,2,9,0,-1,7,5,1,-1,0,0,0,0,0,0,4,9,-1,6,2,27,6,1994,2,17,NISSAN QASHQAI,1,E01013882,0,1
2024131411705,2024,131411705,1,9,0,-1,5,5,1,-1,0,2,0,0,0,0,3,1,-1,7,2,37,7,1332,8,0,NISSAN QASHQAI,3,E01010591,0,1
202454C875124,2024,54C875124,1,9,0,7,7,7,1,0,0,6,0,0,0,0,3,1,6,6,2,35,6,1332,1,4,NISSAN QASHQAI,1,E01015507,0,1
2024201450241,2024,201450241,2,9,0,-1,19,2,4,-1,0,0,0,0,0,0,1,9,-1,9,1,67,10,1332,8,1,NISSAN QASHQAI,2,E01010279,0,1
2024141396238,2024,141396238,1,9,0,-1,-1,1,5,-1,-1,0,2,0,1,0,1,1,-1,-1,2,36,7,1461,2,4,NISSAN QASHQAI,6,E01011861,0,1
2024010536336,2024,010536336,1,9,0,9,9,7,5,0,0,8,0,0,0,0,1,1,3,7,2,41,7,1598,1,11,NISSAN QASHQAI,2,E01003313,0,1
2024052400789,2024,052400789,1,9,0,18,19,8,4,0,0,1,0,0,0,0,4,1,6,6,2,42,7,1497,8,1,NISSAN QASHQAI,1,E01006440,0,1
2024501514242,2024,501514242,1,9,0,-1,9,5,3,-1,0,1,0,0,0,0,2,1,-1,9,2,42,7,1461,2,14,NISSAN QASHQAI,8,E01020156,0,1
2024010548108,2024,010548108,1,9,0,99,99,9,9,99,99,9,9,99,9,99,9,9,6,6,1,57,9,1618,1,6,NISSAN QASHQAI,2,E01001128,0,2
2024371483708,2024,371483708,2,9,0,-1,19,2,6,-1,0,0,0,0,0,0,1,1,-1,6,2,50,8,1598,1,17,NISSAN QASHQAI,2,E01015938,0,4
202417H102924,2024,17H102924,1,9,0,-1,7,1,3,-1,0,2,0,0,0,0,1,1,-1,9,2,22,5,1598,1,16,NISSAN QASHQAI,5,E01034508,0,4
2024371456651,2024,371456651,1,9,0,-1,19,4,2,-1,0,0,2,0,1,1,1,1,-1,6,1,27,6,1461,2,17,NISSAN QASHQAI,9,E01034559,0,2
2024061491893,2024,061491893,1,9,0,-1,9,4,1,-1,0,8,0,0,0,0,1,1,-1,9,2,40,7,1598,1,14,NISSAN QASHQAI,1,E01005142,0,1
2024471513435,2024,471513435,1,9,0,-1,19,1,5,-1,0,2,0,0,0,0,1,1,-1,2,2,33,6,1598,1,12,NISSAN QASHQAI,8,E01031815,0,1
2024451513448,2024,451513448,1,9,0,-1,19,7,3,-1,0,0,0,0,0,0,1,1,-1,2,2,46,8,1332,1,5,NISSAN QASHQAI,10,E01030624,0,4
2024471480934,2024,471480934,2,9,0,-1,2,0,0,-1,0,0,0,0,0,0,2,1,-1,6,-1,-1,-1,1332,1,5,NISSAN QASHQAI,-1,-1,0,-1
2024351507960,2024,351507960,2,9,0,-1,3,8,4,-1,0,1,0,0,0,0,2,1,-1,9,2,30,6,1332,1,6,NISSAN QASHQAI,9,E01035597,0,4
2024010508417,2024,010508417,2,9,0,99,99,9,9,99,99,9,9,99,9,99,9,9,6,6,2,47,8,1598,1,14,NISSAN QASHQAI,5,E01003276,0,1
2024201502879,2024,201502879,1,9,0,-1,5,5,3,-1,0,8,0,0,0,0,1,1,-1,9,2,45,7,1598,2,9,NISSAN QASHQAI,2,E01009014,0,2
2024340WN1082,2024,340WN1082,1,9,0,-1,19,2,6,-1,0,2,0,0,0,0,1,1,-1,6,1,46,8,1197,1,8,NISSAN QASHQAI,10,E01027015,0,1
2024351525919,2024,351525919,5,9,0,-1,19,1,5,-1,0,0,0,0,0,0,0,1,-1,6,-1,-1,-1,1332,8,0,NISSAN QASHQAI,-1,-1,0,-1
2024361456372,2024,361456372,2,9,0,-1,19,1,5,-1,0,0,0,0,0,0,1,1,-1,2,1,54,8,1461,2,10,NISSAN QASHQAI,7,E01026427,0,4
2024991401669,2024,991401669,2,9,0,-1,19,5,1,-1,0,3,0,0,0,0,1,1,-1,1,2,59,9,1332,1,3,NISSAN QASHQAI,2,-1,0,1
2024201407307,2024,201407307,2,9,0,-1,5,2,6,-1,0,0,0,0,0,0,1,1,-1,6,2,39,7,1197,1,9,NISSAN QASHQAI,1,E01009349,0,1
2024010530194,2024,010530194,2,9,0,99,99,9,9,99,99,9,9,99,9,99,2,9,6,6,3,-1,-1,1618,1,8,NISSAN QASHQAI,-1,-1,0,-1
2024421467499,2024,421467499,1,9,0,-1,19,1,3,-1,0,0,0,0,0,0,0,9,-1,6,1,-1,-1,1332,8,1,NISSAN QASHQAI,-1,-1,0,-1
2024361472261,2024,361472261,2,9,0,-1,19,1,5,-1,0,8,0,0,0,0,3,1,-1,9,1,45,7,1598,1,14,NISSAN QASHQAI,7,E01026937,0,1
2024010548590,2024,010548590,1,9,0,5,5,1,5,0,0,3,0,0,0,0,2,1,3,7,2,40,7,1197,1,8,NISSAN QASHQAI,2,E01002227,0,1
2024552401410,2024,552401410,2,9,0,18,19,2,6,0,0,0,0,0,0,0,3,1,6,6,2,45,7,1332,8,3,NISSAN QASHQAI,9,E01019958,0,4
2024461499715,2024,461499715,1,9,0,-1,19,5,1,-1,0,0,0,4,1,0,1,1,-1,9,2,58,9,1332,8,2,NISSAN QASHQAI,3,E01024559,0,1
2024010544710,2024,010544710,2,9,0,99,99,9,9,99,99,9,9,99,9,99,9,9,6,6,3,68,10,1598,1,13,NISSAN QASHQAI,5,E01003329,0,2
2024201527789,2024,201527789,2,9,0,-1,7,4,7,-1,0,0,0,0,0,0,1,1,-1,6,3,30,6,1332,8,0,NISSAN QASHQAI,-1,-1,0,-1
2024421448803,2024,421448803,1,9,0,-1,15,1,5,-1,0,0,0,0,0,0,3,1,-1,1,1,34,6,1332,8,2,NISSAN QASHQAI,3,E01029968,0,3
2024471441916,2024,471441916,2,9,0,-1,3,5,1,-1,0,1,0,0,0,0,2,1,-1,9,2,49,8,1461,2,11,NISSAN QASHQAI,5,E01016977,0,4
2024401482654,2024,401482654,3,9,0,-1,19,2,6,-1,0,0,0,0,1,0,1,1,-1,6,2,33,6,1461,2,8,NISSAN QASHQAI,7,E01024185,0,4
2024101433357,2024,101433357,2,9,0,-1,8,7,5,-1,0,1,0,0,0,0,3,1,-1,6,2,37,7,1461,2,7,NISSAN QASHQAI,2,E01008460,0,1
2024421528578,2024,421528578,1,9,0,-1,19,1,5,-1,0,1,0,0,0,0,4,1,-1,6,1,-1,-1,1461,2,9,NISSAN QASHQAI,-1,-1,0,-1
2024041468511,2024,041468511,1,9,0,-1,5,8,4,-1,9,6,0,0,0,0,3,9,-1,6,2,75,10,1994,2,14,NISSAN QASHQAI,6,E01025608,0,3
2024131438021,2024,131438021,1,9,0,-1,19,5,1,-1,0,8,0,0,0,0,1,1,-1,9,1,52,8,1461,2,10,NISSAN QASHQAI,8,E01027694,0,4
2024421410979,2024,421410979,1,9,0,-1,19,2,6,-1,0,1,2,0,1,4,1,1,-1,6,1,31,6,1598,1,11,NISSAN QASHQAI,6,E01034728,0,5
2024221476158,2024,221476158,1,9,0,-1,19,6,1,-1,0,4,0,0,0,0,1,9,-1,6,1,57,9,1461,2,12,NISSAN QASHQAI,1,E01014120,0,1
2024552400078,2024,552400078,1,9,0,18,19,8,4,0,0,0,0,0,0,0,1,1,2,2,2,26,6,1461,2,17,NISSAN QASHQAI,10,E01020383,0,3
2024201508327,2024,201508327,1,9,0,-1,9,2,4,-1,0,5,0,0,0,0,1,1,-1,6,1,59,9,1332,1,6,NISSAN QASHQAI,6,E01032590,0,1
2024320330349,2024,320330349,1,9,0,-1,-1,6,2,0,0,0,0,4,1,0,1,1,-1,-1,1,48,8,1461,2,8,NISSAN QASHQAI,5,E01026232,0,1
2024522403363,2024,522403363,1,9,0,3,3,3,7,0,0,1,0,0,0,0,2,1,6,6,1,64,9,1598,2,7,NISSAN QASHQAI,9,E01031909,0,4
2024361462088,2024,361462088,3,9,0,-1,10,3,8,-1,0,0,0,0,0,0,1,1,-1,6,1,45,7,1461,2,11,NISSAN QASHQAI,2,E01026700,0,1
2024991482859,2024,991482859,1,9,0,-1,19,4,8,-1,0,4,1,9,3,0,1,1,-1,9,1,31,6,1461,2,16,NISSAN QASHQAI,3,-1,0,4
2024991409488,2024,991409488,3,9,0,-1,19,7,3,-1,0,0,0,0,0,0,1,1,-1,2,2,41,7,1461,2,9,NISSAN QASHQAI,8,-1,0,4
2024010528259,2024,010528259,2,9,9,99,99,9,9,99,99,9,9,99,9,99,9,9,6,6,3,-1,-1,1598,1,15,NISSAN QASHQAI,-1,-1,0,-1
2024231515115,2024,231515115,2,9,0,-1,3,5,1,-1,0,8,0,0,0,0,1,1,-1,9,1,73,10,1332,8,0,NISSAN QASHQAI,1,E01034748,0,3
2024061443142,2024,061443142,1,9,0,-1,19,6,2,-1,0,0,0,0,1,0,1,1,-1,6,1,77,11,1497,8,1,NISSAN QASHQAI,1,E01006025,0,1
2024201522179,2024,201522179,2,9,0,-1,12,2,6,-1,0,8,0,0,0,0,1,1,-1,2,2,68,10,1332,8,2,NISSAN QASHQAI,1,E01010235,0,1
2024161412535,2024,161412535,2,9,0,-1,19,5,1,-1,0,0,0,0,0,0,3,1,-1,6,1,32,6,1598,2,9,NISSAN QASHQAI,8,E01035470,0,1
2024161484733,2024,161484733,1,9,0,-1,5,3,7,-1,0,8,5,0,0,0,3,1,-1,6,2,25,5,1461,2,17,NISSAN QASHQAI,1,E01013311,0,1
2024471413664,2024,471413664,1,9,0,-1,4,2,6,-1,0,0,0,0,0,0,1,1,-1,1,1,38,7,1598,1,14,NISSAN QASHQAI,5,E01034299,0,2
2024991467500,2024,991467500,2,9,0,-1,19,6,2,-1,0,1,0,0,0,0,4,1,-1,6,1,33,6,1461,2,11,NISSAN QASHQAI,7,-1,0,3
2024311411855,2024,311411855,1,9,0,-1,19,5,1,-1,0,0,0,0,0,0,-1,1,-1,6,2,25,5,1461,2,15,NISSAN QASHQAI,3,E01013874,0,1
2024461527452,2024,461527452,1,9,0,-1,15,6,3,-1,0,0,1,0,1,0,1,2,-1,9,2,33,6,1598,1,12,NISSAN QASHQAI,9,E01024778,0,3
2024010509025,2024,010509025,1,9,0,4,4,3,7,0,0,4,0,0,0,0,3,2,6,6,1,45,7,1332,8,2,NISSAN QASHQAI,6,E01021394,0,4
2024991417890,2024,991417890,1,9,0,-1,19,5,1,-1,0,0,0,0,0,0,1,1,-1,9,2,46,8,1461,2,13,NISSAN QASHQAI,7,-1,0,4
2024421416307,2024,421416307,1,9,0,-1,19,3,7,-1,0,0,0,0,0,0,1,1,-1,9,1,74,10,1598,1,13,NISSAN QASHQAI,3,E01015923,0,4
2024141405378,2024,141405378,1,9,0,-1,4,3,7,-1,0,0,0,0,0,0,2,1,-1,9,1,30,6,1332,8,3,NISSAN QASHQAI,4,E01007536,0,2
2024501468711,2024,501468711,2,9,0,-1,4,-1,-1,-1,0,0,0,0,0,0,4,1,-1,9,2,33,6,1461,2,6,NISSAN QASHQAI,6,E01015244,0,2
2024401432507,2024,401432507,2,9,0,-1,2,0,0,-1,0,0,0,0,0,0,1,1,-1,6,2,26,6,1461,2,6,NISSAN QASHQAI,7,E01017420,0,3
2024440475684,2024,440475684,1,9,0,4,4,7,3,0,0,8,0,0,0,0,1,1,6,6,1,65,9,1461,2,12,NISSAN QASHQAI,8,E01028578,0,5
2024501450541,2024,501450541,1,9,0,-1,19,7,3,-1,0,2,0,0,0,0,1,1,-1,6,1,62,9,1198,1,10,NISSAN QASHQAI,1,E01015266,0,1
2024991439699,2024,991439699,1,9,0,-1,9,6,2,-1,0,8,0,0,0,0,4,1,-1,9,1,27,6,1332,8,2,NISSAN QASHQAI,-1,-1,0,-1
2024991482013,2024,991482013,1,9,0,-1,13,4,5,-1,0,1,0,0,1,0,1,1,-1,2,2,35,6,1197,1,6,NISSAN QASHQAI,3,-1,0,2
2024461470415,2024,461470415,1,9,0,-1,19,1,5,-1,0,0,0,0,0,0,4,1,-1,6,1,56,9,1497,8,1,NISSAN QASHQAI,4,E01024673,0,1
2024111414154,2024,111414154,1,9,0,-1,7,6,8,-1,0,1,0,0,0,0,3,1,-1,6,1,69,10,1497,8,1,NISSAN QASHQAI,3,E01020677,0,3
2024401455671,2024,401455671,1,9,0,-1,19,2,6,-1,0,2,5,0,0,0,1,1,-1,6,1,27,6,1332,8,1,NISSAN QASHQAI,3,E01000577,0,4
2024351445049,2024,351445049,1,9,0,-1,19,1,3,-1,0,3,0,0,0,0,2,1,-1,6,2,32,6,1332,1,5,NISSAN QASHQAI,2,E01035538,0,1
2024361467015,2024,361467015,1,9,0,-1,19,7,3,-1,0,0,2,0,0,0,1,1,-1,6,1,77,11,1332,1,5,NISSAN QASHQAI,6,E01026612,0,3
2024122400312,2024,122400312,1,9,0,9,9,5,3,9,9,5,0,0,0,0,1,1,6,6,1,41,7,1197,1,6,NISSAN QASHQAI,7,E01013406,0,1
2024010520685,2024,010520685,1,9,0,99,99,9,9,99,99,9,9,99,9,99,2,9,2,2,2,36,7,1598,1,15,NISSAN QASHQAI,4,E01000741,0,2
2024440165406,2024,440165406,1,9,0,7,7,3,5,0,0,5,0,0,0,0,4,1,6,6,2,35,6,1461,2,13,NISSAN QASHQAI,2,E01032878,0,1
2024201533368,2024,201533368,2,9,0,-1,10,5,2,-1,0,1,0,0,0,0,3,1,-1,6,2,36,7,1598,1,11,NISSAN QASHQAI,-1,-1,0,-1
2024131499906,2024,131499906,2,9,0,-1,2,1,5,-1,0,0,0,0,0,0,4,1,-1,6,2,44,7,1197,1,9,NISSAN QASHQAI,7,E01011512,0,3
2024401451530,2024,401451530,2,9,0,-1,5,6,3,-1,0,1,0,0,0,0,1,1,-1,6,1,79,11,1461,2,15,NISSAN QASHQAI,4,E01015755,0,1
2024421433192,2024,421433192,2,9,0,-1,9,4,1,-1,0,8,0,0,0,0,1,1,-1,9,2,42,7,1598,1,14,NISSAN QASHQAI,8,E01021405,0,1
2024340NN2062,2024,340NN2062,1,9,0,-1,19,3,7,-1,0,0,1,7,5,6,1,1,-1,2,1,36,7,1461,2,10,NISSAN QASHQAI,5,E01027113,0,3
2024361439330,2024,361439330,2,9,0,-1,19,5,1,-1,0,1,0,0,0,0,2,1,-1,9,2,42,7,1598,2,10,NISSAN QASHQAI,5,E01026505,0,4
2024111509779,2024,111509779,2,9,0,-1,19,5,1,-1,0,8,0,0,0,0,3,1,-1,6,2,62,9,1332,8,1,NISSAN QASHQAI,3,E01012306,0,1
2024041503225,2024,041503225,2,9,0,-1,9,1,5,-1,0,2,0,0,0,0,1,1,-1,9,1,42,7,1461,2,5,NISSAN QASHQAI,10,-1,0,5
2024440079886,2024,440079886,1,9,0,9,9,3,1,0,0,8,0,0,0,0,1,1,6,6,2,55,8,1461,2,6,NISSAN QASHQAI,10,E01022974,0,1
2024010525784,2024,010525784,2,9,0,5,5,5,1,0,0,1,0,0,0,0,1,1,6,6,3,-1,-1,1197,1,6,NISSAN QASHQAI,-1,-1,0,-1
2024430349943,2024,430349943,2,9,0,18,19,5,1,0,0,1,0,0,0,0,3,1,6,6,2,49,8,1598,2,9,NISSAN QASHQAI,7,E01028474,0,1
2024010526874,2024,010526874,2,9,0,99,99,9,9,99,99,9,9,99,9,99,9,9,6,6,1,30,6,1197,1,8,NISSAN QASHQAI,3,E01002105,0,1
2024010546507,2024,010546507,3,9,0,18,19,3,7,0,0,0,0,0,0,0,3,1,6,6,1,27,6,1332,8,0,NISSAN QASHQAI,9,E01017695,0,4
2024421412186,2024,421412186,3,9,0,-1,19,3,6,-1,0,8,0,0,0,0,1,1,-1,9,1,54,8,1332,1,5,NISSAN QASHQAI,4,E01022028,0,2
2024131404315,2024,131404315,1,9,0,-1,-1,-1,-1,-1,-1,-1,-1,-1,-1,0,-1,1,-1,6,3,-1,-1,1598,2,12,NISSAN QASHQAI,-1,-1,0,-1
2024010518989,2024,010518989,1,9,0,18,19,5,1,0,0,0,0,0,1,0,3,1,6,6,3,23,5,1332,1,4,NISSAN QASHQAI,5,E01035663,0,1
2024411499341,2024,411499341,2,9,0,-1,4,7,3,-1,0,1,0,0,0,0,2,1,-1,9,1,25,5,1332,8,1,NISSAN QASHQAI,8,E01023872,0,1
2024552400372,2024,552400372,1,9,0,18,19,3,7,0,0,8,0,0,0,0,3,1,6,6,1,36,7,1197,1,6,NISSAN QASHQAI,10,E01020383,0,2
2024302400052,2024,302400052,1,9,0,11,11,8,4,0,0,0,0,0,0,0,3,1,6,6,1,25,5,1461,2,7,NISSAN QASHQAI,10,E01019848,0,3
2024522402398,2024,522402398,1,9,0,18,19,6,2,0,0,1,0,0,0,0,2,1,6,6,1,66,10,1598,1,13,NISSAN QASHQAI,1,E01033366,0,1
2024320113799,2024,320113799,1,9,0,-1,-1,5,1,0,0,0,1,7,1,9,1,1,-1,-1,1,53,8,1461,2,6,NISSAN QASHQAI,7,E01026338,0,2
2024161502941,2024,161502941,3,9,0,-1,2,0,0,-1,0,1,0,0,0,0,1,1,-1,6,-1,-1,-1,1598,2,11,NISSAN QASHQAI,-1,-1,0,-1
2024010541675,2024,010541675,1,9,0,9,9,3,8,0,0,6,0,0,0,0,3,1,6,6,1,40,7,1997,1,15,NISSAN QASHQAI,5,E01001611,0,1
2024501501408,2024,501501408,1,9,0,-1,19,2,6,-1,0,0,0,0,0,0,2,1,-1,2,1,46,8,1461,2,12,NISSAN QASHQAI,6,E01015127,0,4
2024010533152,2024,010533152,1,9,0,9,9,3,1,0,0,3,0,0,0,0,2,1,6,6,2,71,10,1332,1,4,NISSAN QASHQAI,-1,-1,0,-1
2024320301130,2024,320301130,2,9,0,-1,-1,2,6,0,0,1,0,0,0,0,3,1,-1,-1,1,67,10,1332,8,1,NISSAN QASHQAI,4,E01026245,0,3
2024141507641,2024,141507641,1,9,0,-1,1,3,3,-1,0,0,0,0,0,0,2,1,-1,9,1,62,9,1461,2,5,NISSAN QASHQAI,1,E01007886,0,1
2024351421015,2024,351421015,2,9,0,-1,19,1,5,-1,0,0,0,0,0,0,2,1,-1,6,1,25,5,1332,1,3,NISSAN QASHQAI,10,E01015909,0,5
2024070898507,2024,070898507,2,9,0,-1,4,2,6,-1,0,1,0,0,0,0,2,1,-1,6,2,64,9,1598,1,12,NISSAN QASHQAI,10,E01018690,0,2
2024522402758,2024,522402758,2,9,0,18,19,4,8,0,0,0,0,0,0,0,1,1,6,6,2,-1,-1,1461,2,15,NISSAN QASHQAI,6,E01023570,0,5