collision_index,collision_year,collision_ref_no,vehicle_reference,vehicle_type,towing_and_articulation,vehicle_manoeuvre_historic,vehicle_manoeuvre,vehicle_direction_from,vehicle_direction_to,vehicle_location_restricted_lane_historic,vehicle_location_restricted_lane,junction_location,skidding_and_overturning,hit_object_in_carriageway,vehicle_leaving_carriageway,hit_object_off_carriageway,first_point_of_impact,vehicle_left_hand_drive,journey_purpose_of_driver_historic,journey_purpose_of_driver,sex_of_driver,age_of_driver,age_band_of_driver,engine_capacity_cc,propulsion_code,age_of_vehicle,generic_make_model,driver_imd_decile,lsoa_of_driver,escooter_flag,driver_distance_banding
2024471461676,2024,471461676,1,9,0,-1,19,5,1,-1,0,1,0,0,0,0,4,1,-1,6,1,47,8,1461,2,7,NISSAN QASHQAI,6,E01021022,0,3
2024161508905,2024,161508905,1,9,0,-1,19,5,8,-1,0,1,0,0,0,0,1,1,-1,9,1,53,8,1332,8,0,NISSAN QASHQAI,1,E01012862,0,1
2024010535758,2024,010535758,1,9,0,18,19,5,1,0,0,0,0,0,0,0,4,1,6,6,2,64,9,1332,1,4,NISSAN QASHQAI,9,E01000648,0,1
2024010492267,2024,010492267,1,9,0,11,11,7,3,0,0,1,1,7,0,0,4,1,6,6,1,84,11,1497,8,1,NISSAN QASHQAI,9,E01017403,0,4
2024211491644,2024,211491644,1,9,0,-1,2,0,0,-1,0,1,0,0,0,0,4,1,-1,6,1,59,9,1461,2,12,NISSAN QASHQAI,6,E01029789,0,3
2024131414832,2024,131414832,1,9,0,-1,19,1,5,-1,0,0,0,0,0,0,1,1,-1,2,1,47,8,1461,2,14,NISSAN QASHQAI,1,E01011625,0,3
2024991423898,2024,991423898,1,9,0,-1,13,1,5,-1,0,0,0,0,0,0,3,1,-1,9,1,33,6,1461,2,15,NISSAN QASHQAI,6,-1,0,2
2024221503265,2024,221503265,1,9,0,-1,9,6,4,-1,0,5,0,0,0,0,1,9,-1,6,2,51,8,1461,2,7,NISSAN QASHQAI,7,E01028940,0,1
2024211516434,2024,211516434,1,9,0,-1,9,8,1,-1,0,8,0,0,0,0,1,1,-1,6,2,48,8,1598,1,16,NISSAN QASHQAI,1,E01033217,0,4
2024061465684,2024,061465684,1,9,0,-1,19,4,8,-1,0,2,0,0,0,0,1,9,-1,6,3,-1,-1,1197,1,6,NISSAN QASHQAI,-1,-1,0,-1
2024010512142,2024,010512142,1,9,0,18,19,7,3,0,0,0,5,12,1,2,1,1,6,6,2,21,5,1598,1,12,NISSAN QASHQAI,2,E01024646,0,4
2024221529763,2024,221529763,1,9,0,-1,19,1,5,-1,0,1,0,0,0,0,1,1,-1,6,1,65,9,1461,2,9,NISSAN QASHQAI,6,E01032196,0,1
2024471531931,2024,471531931,1,9,0,-1,-1,-1,-1,-1,-1,-1,-1,-1,-1,0,-1,2,-1,6,1,29,6,1598,1,11,NISSAN QASHQAI,1,E01016904,0,1
2024010549928,2024,010549928,1,9,0,5,5,3,7,0,0,5,0,0,0,0,0,1,3,7,2,28,6,1997,1,12,NISSAN QASHQAI,3,E01003331,0,1
2024041460217,2024,041460217,1,9,0,-1,13,8,2,-1,0,1,0,0,1,0,1,1,-1,9,1,52,8,1997,1,16,NISSAN QASHQAI,1,E01025382,0,2
2024231532389,2024,231532389,1,9,0,-1,19,4,7,-1,0,0,0,0,7,4,1,1,-1,9,2,68,10,1997,1,16,NISSAN QASHQAI,3,E01032536,0,2
2024010516511,2024,010516511,1,9,0,99,99,9,9,99,99,9,9,99,9,99,9,9,6,6,1,76,11,1461,2,5,NISSAN QASHQAI,2,E01000433,0,1
2024211526281,2024,211526281,2,9,0,-1,19,1,5,-1,0,0,0,0,0,0,1,1,-1,6,2,84,11,1197,1,7,NISSAN QASHQAI,-1,-1,0,-1
2024010503357,2024,010503357,1,9,0,9,9,5,3,0,0,6,0,0,0,0,1,1,6,6,1,25,5,1997,1,15,NISSAN QASHQAI,3,E01001116,0,1
2024471420490,2024,471420490,1,9,0,-1,6,3,3,-1,0,8,0,0,0,0,4,1,-1,6,1,55,8,1332,8,1,NISSAN QASHQAI,2,E01027248,0,5
2024010537502,2024,010537502,1,9,0,9,9,3,1,0,0,8,0,0,0,0,3,1,1,1,1,44,7,1997,1,17,NISSAN QASHQAI,2,E01032564,0,1
2024622400586,2024,622400586,2,9,0,9,9,1,7,0,0,6,0,0,0,0,2,1,6,6,1,45,7,1332,8,1,NISSAN QASHQAI,9,W01001729,0,1
2024411488898,2024,411488898,2,9,0,-1,2,0,0,-1,0,1,0,0,0,0,3,1,-1,6,1,60,9,1332,1,4,NISSAN QASHQAI,10,E01023468,0,1
2024141500606,2024,141500606,2,9,0,-1,19,2,6,-1,0,8,0,0,0,0,1,1,-1,9,2,56,9,1497,8,0,NISSAN QASHQAI,8,E01007379,0,3
2024340WN6442,2024,340WN6442,1,9,0,-1,19,7,3,-1,0,1,0,0,0,0,3,1,-1,2,1,42,7,1461,2,15,NISSAN QASHQAI,4,E01032976,0,1
2024010512704,2024,010512704,2,9,0,99,99,9,9,99,99,9,9,99,9,99,9,9,6,6,3,-1,-1,1461,2,8,NISSAN QASHQAI,-1,-1,0,-1
2024071073219,2024,071073219,1,9,0,-1,19,1,5,-1,0,0,0,0,0,0,1,1,-1,9,1,62,9,1461,2,5,NISSAN QASHQAI,7,E01018357,0,3
2024052401232,2024,052401232,2,9,0,17,19,7,3,0,0,1,0,0,0,0,2,1,6,6,1,42,7,1598,2,10,NISSAN QASHQAI,1,E01033794,0,2
2024631467569,2024,631467569,2,9,0,-1,19,5,2,-1,0,0,0,0,0,0,1,1,-1,9,1,53,8,1332,8,2,NISSAN QASHQAI,5,E01032472,0,4
2024031463196,2024,031463196,1,9,0,-1,4,5,1,-1,0,0,0,0,0,0,1,1,-1,9,2,70,10,1497,8,0,NISSAN QASHQAI,6,E01025121,0,4
2024231462277,2024,231462277,1,9,0,-1,19,7,3,-1,0,8,0,0,0,0,1,1,-1,9,1,17,4,1598,1,12,NISSAN QASHQAI,6,E01031049,0,2
2024131536399,2024,131536399,1,9,0,-1,19,1,1,-1,0,0,0,0,0,0,1,1,-1,9,2,33,6,1332,8,1,NISSAN QASHQAI,2,E01010894,0,1
2024131417391,2024,131417391,1,9,0,-1,9,7,3,-1,0,8,0,0,0,0,3,1,-1,7,2,43,7,1461,2,8,NISSAN QASHQAI,5,E01011009,0,1
2024141475724,2024,141475724,3,9,0,-1,3,5,1,-1,0,8,0,0,0,0,4,1,-1,9,2,32,6,1332,1,3,NISSAN QASHQAI,3,E01026131,0,4
2024211427719,2024,211427719,2,9,0,-1,19,8,2,-1,0,1,0,0,1,0,1,9,-1,6,2,34,6,1618,1,9,NISSAN QASHQAI,5,E01009895,0,3
2024471489333,2024,471489333,4,9,0,-1,4,4,8,-1,0,0,0,0,0,0,1,1,-1,9,2,57,9,1598,2,9,NISSAN QASHQAI,2,E01016911,0,2
2024010541971,2024,010541971,1,9,0,7,7,3,5,0,0,1,0,0,0,0,1,1,6,6,1,68,10,1598,1,17,NISSAN QASHQAI,3,E01000089,0,4
2024201447178,2024,201447178,1,9,0,-1,19,8,4,-1,0,6,0,0,0,0,1,9,-1,6,1,-1,-1,1598,1,13,NISSAN QASHQAI,-1,-1,0,-1
2024320190711,2024,320190711,1,9,0,-1,-1,8,4,0,0,2,0,0,0,0,1,1,6,6,2,57,9,1332,1,5,NISSAN QASHQAI,7,E01026340,0,1
2024052402731,2024,052402731,2,9,0,18,19,4,1,0,0,8,0,0,0,0,4,1,6,6,2,60,9,1497,8,1,NISSAN QASHQAI,10,E01006991,0,2
2024010522823,2024,010522823,1,9,0,18,19,5,1,0,0,1,0,0,0,0,1,1,6,6,1,31,6,1598,1,16,NISSAN QASHQAI,4,E01023574,0,4
2024332400273,2024,332400273,1,9,0,-1,19,4,8,-1,0,0,0,0,0,0,4,1,-1,6,1,22,5,1995,2,13,NISSAN QASHQAI,-1,-1,0,-1
2024221427471,2024,221427471,3,9,0,-1,19,5,1,-1,0,0,0,0,0,0,3,9,-1,6,1,42,7,1598,1,12,NISSAN QASHQAI,5,E01031933,0,4
2024440533284,2024,440533284,1,9,0,18,19,3,7,0,0,1,0,0,0,0,4,1,6,6,2,60,9,1997,1,14,NISSAN QASHQAI,4,E01017312,0,3
2024351508366,2024,351508366,1,9,0,-1,19,7,3,-1,0,0,0,0,0,0,2,1,-1,6,1,43,7,1197,1,8,NISSAN QASHQAI,1,E01015596,0,2
2024411469165,2024,411469165,1,9,0,-1,19,2,6,-1,0,1,0,0,0,0,3,1,-1,7,2,34,6,1598,1,13,NISSAN QASHQAI,5,E01023635,0,1
2024061404186,2024,061404186,1,9,-1,-1,-1,-1,-1,-1,-1,0,-1,-1,-1,0,-1,9,-1,6,2,-1,-1,1598,1,12,NISSAN QASHQAI,-1,-1,0,-1
2024440282981,2024,440282981,2,9,0,10,10,5,3,0,0,1,0,0,0,0,1,1,6,6,1,42,7,1598,2,11,NISSAN QASHQAI,7,E01022673,0,1
2024421485430,2024,421485430,2,9,0,-1,10,3,7,-1,0,1,0,0,0,0,2,1,-1,9,1,69,10,1197,1,6,NISSAN QASHQAI,5,E01035298,0,4
2024010510446,2024,010510446,2,9,0,5,5,0,5,0,0,1,0,0,0,0,1,1,1,1,2,44,7,1197,1,7,NISSAN QASHQAI,8,E01003649,0,1
2024340NN0692,2024,340NN0692,1,9,0,-1,19,4,8,-1,0,1,0,0,0,0,1,1,-1,6,1,38,7,1332,8,2,NISSAN QASHQAI,5,E01027126,0,2
2024211402942,2024,211402942,1,9,0,-1,9,8,6,-1,0,6,0,0,0,0,1,1,-1,9,2,54,8,1332,8,1,NISSAN QASHQAI,2,E01014230,0,1
2024010514781,2024,010514781,2,9,9,99,99,9,9,99,99,9,9,99,0,0,9,9,6,6,3,-1,-1,1197,1,7,NISSAN QASHQAI,-1,-1,0,-1
2024031422175,2024,031422175,1,9,0,-1,9,1,1,-1,0,6,0,0,0,0,1,1,-1,6,1,72,10,1332,1,5,NISSAN QASHQAI,4,E01006897,0,5
2024041482811,2024,041482811,3,9,0,-1,19,7,3,-1,0,2,0,0,0,0,3,1,-1,9,1,36,7,1461,2,14,NISSAN QASHQAI,1,E01012578,0,1
2024201444112,2024,201444112,2,9,0,-1,2,0,0,-1,9,2,0,0,0,0,1,9,-1,9,1,56,9,1461,2,14,NISSAN QASHQAI,3,E01009967,0,2
2024501402625,2024,501402625,2,9,0,-1,19,8,4,-1,0,0,0,0,0,0,4,9,-1,6,2,36,7,1461,2,11,NISSAN QASHQAI,10,E01020163,0,3
2024061451479,2024,061451479,6,9,0,-1,2,3,7,-1,0,2,0,0,0,0,2,1,-1,6,-1,-1,-1,1598,1,12,NISSAN QASHQAI,-1,-1,0,-1
2024010523594,2024,010523594,1,9,0,4,4,1,5,0,0,1,0,0,0,0,1,1,6,6,2,75,10,1997,1,14,NISSAN QASHQAI,6,E01002266,0,1
2024991421519,2024,991421519,2,9,0,-1,19,7,3,-1,0,1,0,0,0,0,1,1,-1,9,1,30,6,1598,2,8,NISSAN QASHQAI,8,-1,0,1
2024161516965,2024,161516965,2,9,0,-1,19,2,6,-1,0,0,0,0,0,0,2,1,-1,1,1,40,7,1198,1,10,NISSAN QASHQAI,1,E01013220,0,4
2024010513702,2024,010513702,1,9,0,18,19,2,6,0,0,1,0,4,0,0,1,1,6,6,2,72,10,1997,1,11,NISSAN QASHQAI,4,E01001153,0,1
2024531500450,2024,531500450,2,9,0,-1,19,3,7,-1,0,0,0,0,0,0,2,1,-1,9,2,52,8,1461,2,5,NISSAN QASHQAI,6,E01022454,0,1
2024451505361,2024,451505361,1,9,0,-1,3,1,3,-1,0,0,0,0,0,0,3,1,-1,7,2,62,9,1461,2,7,NISSAN QASHQAI,4,E01030743,0,1
2024332400185,2024,332400185,2,9,0,-1,11,5,1,-1,0,0,0,0,0,0,4,1,-1,6,3,-1,-1,1332,8,2,NISSAN QASHQAI,-1,-1,0,-1
2024010497949,2024,010497949,1,9,0,7,7,5,6,0,0,1,0,0,0,0,1,1,6,6,2,37,7,1332,1,4,NISSAN QASHQAI,5,E01032741,0,1
2024101457000,2024,101457000,1,9,0,-1,2,3,7,-1,-1,0,0,0,0,0,3,1,-1,7,1,50,8,1497,8,1,NISSAN QASHQAI,8,E01034515,0,1
2024010533118,2024,010533118,3,9,0,4,4,7,3,0,0,2,0,0,0,0,3,1,6,6,1,35,6,1598,1,12,NISSAN QASHQAI,1,E01002034,0,1
2024332400258,2024,332400258,2,9,0,-1,-1,5,1,-1,0,1,0,0,0,0,1,1,-1,6,1,-1,-1,1598,2,9,NISSAN QASHQAI,-1,-1,0,-1
2024141470253,2024,141470253,2,9,0,-1,19,7,3,-1,0,0,0,0,0,0,3,1,-1,9,2,42,7,1461,2,10,NISSAN QASHQAI,1,E01008060,0,4
2024311403280,2024,311403280,1,9,0,-1,19,7,3,-1,0,4,0,0,0,0,1,1,-1,6,1,40,7,1461,2,15,NISSAN QASHQAI,4,E01028049,0,1
2024131440020,2024,131440020,1,9,0,-1,19,8,4,-1,0,0,0,0,0,0,0,1,-1,6,3,-1,-1,1461,2,7,NISSAN QASHQAI,-1,-1,0,-1
2024501413892,2024,501413892,1,9,0,-1,7,1,4,-1,0,8,0,0,0,0,9,9,-1,6,1,53,8,1461,2,12,NISSAN QASHQAI,1,E01015086,0,1
2024041515625,2024,041515625,2,9,0,-1,7,3,6,-1,0,1,0,0,0,0,4,1,-1,6,1,29,6,1461,2,15,NISSAN QASHQAI,4,E01025170,0,1
2024543244324,2024,543244324,1,9,0,18,19,5,1,0,0,5,1,0,7,2,1,1,6,6,2,43,7,1461,2,15,NISSAN QASHQAI,7,E01033841,0,1
2024332400602,2024,332400602,2,9,0,-1,19,1,5,-1,0,8,0,0,0,0,1,1,-1,6,2,29,6,1461,2,14,NISSAN QASHQAI,7,E01025751,0,3
2024031458526,2024,031458526,1,9,0,-1,5,8,5,-1,0,6,0,0,0,0,1,1,-1,6,2,36,7,1332,8,3,NISSAN QASHQAI,-1,-1,0,-1
2024471491452,2024,471491452,1,9,0,-1,9,8,3,-1,0,6,0,0,0,0,3,1,-1,9,1,82,11,1197,1,8,NISSAN QASHQAI,9,E01020942,0,1
2024302401654,2024,302401654,2,9,0,-1,19,2,7,-1,0,8,0,0,0,0,3,1,-1,9,1,42,7,1332,1,5,NISSAN QASHQAI,5,E01019873,0,2
2024010491151,2024,010491151,4,9,0,2,2,0,0,0,0,1,0,0,0,0,2,1,6,6,3,-1,-1,1598,1,11,NISSAN QASHQAI,-1,-1,0,-1
2024161525204,2024,161525204,1,9,0,-1,9,6,4,-1,0,6,0,0,0,0,1,1,-1,9,2,54,8,1197,1,6,NISSAN QASHQAI,5,E01013200,0,1
2024161409535,2024,161409535,2,9,0,-1,19,8,4,-1,0,0,0,0,0,0,1,1,-1,1,1,42,7,1497,8,1,NISSAN QASHQAI,8,E01035469,0,3
2024991451039,2024,991451039,3,9,0,-1,19,3,7,-1,0,1,0,0,0,0,3,1,-1,6,1,55,8,1497,8,1,NISSAN QASHQAI,7,-1,0,1
2024010531760,2024,010531760,1,9,0,9,9,3,1,0,0,6,0,0,0,0,3,1,6,6,1,43,7,1197,1,9,NISSAN QASHQAI,3,E01003607,0,1
2024451400213,2024,451400213,1,9,0,-1,19,3,7,-1,0,0,0,0,0,0,3,1,-1,2,1,42,7,1598,1,11,NISSAN QASHQAI,7,E01030858,0,1
2024010544309,2024,010544309,2,9,0,99,99,9,9,99,99,9,9,99,9,0,9,9,6,6,1,54,8,1599,1,17,NISSAN QASHQAI,3,E01003926,0,1
2024201509436,2024,201509436,2,9,0,-1,2,0,0,-1,0,2,0,4,1,11,1,1,-1,6,1,59,9,1598,1,13,NISSAN QASHQAI,2,E01009566,0,1
2024340WN0762,2024,340WN0762,1,9,0,-1,5,1,5,-1,0,1,0,4,0,0,1,1,-1,6,3,-1,-1,1332,8,0,NISSAN QASHQAI,-1,-1,0,-1
2024201475942,2024,201475942,3,9,0,-1,2,0,0,-1,0,7,0,0,0,0,1,1,-1,6,-1,-1,-1,1461,2,8,NISSAN QASHQAI,-1,-1,0,-1
2024461511160,2024,461511160,2,9,0,-1,5,3,7,-1,0,4,0,0,0,0,2,9,-1,6,2,33,6,1598,2,7,NISSAN QASHQAI,6,E01024812,0,2
2024421526031,2024,421526031,3,9,0,-1,19,6,1,-1,0,1,0,0,0,0,1,1,-1,2,1,67,10,1332,8,2,NISSAN QASHQAI,3,E01001436,0,1
2024552400572,2024,552400572,1,9,0,18,19,6,2,0,0,0,0,0,7,9,1,1,6,6,1,71,10,1598,2,13,NISSAN QASHQAI,7,E01020570,0,2
2024041436421,2024,041436421,1,9,0,-1,19,3,7,-1,0,0,0,0,6,0,3,1,-1,9,2,54,8,1332,1,4,NISSAN QASHQAI,1,E01025590,0,2
2024131431308,2024,131431308,3,9,0,-1,19,5,1,-1,0,0,0,0,0,0,1,1,-1,9,1,51,8,1461,2,9,NISSAN QASHQAI,9,E01027791,0,4
2024061454288,2024,061454288,1,9,0,-1,19,8,4,-1,0,0,0,0,0,0,1,1,-1,9,2,24,5,1461,2,15,NISSAN QASHQAI,3,E01005469,0,1
2024131493565,2024,131493565,2,9,0,-1,7,1,1,-1,0,0,0,0,0,0,1,1,-1,1,2,39,7,1598,1,12,NISSAN QASHQAI,3,E01010662,0,1
2024461509316,2024,461509316,4,9,0,-1,19,3,7,-1,0,0,0,0,0,0,2,1,-1,9,2,47,8,1998,1,13,NISSAN QASHQAI,-1,-1,0,-1
2024501408892,2024,501408892,1,9,0,-1,19,3,7,-1,0,1,0,0,0,0,4,9,-1,6,1,85,11,1461,2,12,NISSAN QASHQAI,5,E01018960,0,1
2024010514767,2024,010514767,1,9,0,18,19,3,7,0,0,2,1,10,0,0,1,1,6,6,2,55,8,1461,2,8,NISSAN QASHQAI,1,E01021317,0,4
2024340NN2582,2024,340NN2582,2,9,0,-1,19,5,1,-1,0,1,0,0,0,0,1,1,-1,6,1,35,6,1598,2,10,NISSAN QASHQAI,9,E01027108,0,3
2024061531646,2024,061531646,1,9,0,-1,7,5,7,-1,0,8,0,0,0,0,1,1,-1,6,2,48,8,1598,1,15,NISSAN QASHQAI,1,E01005226,0,1
2024332400252,2024,332400252,1,9,0,-1,19,1,5,-1,0,0,0,0,0,0,1,1,-1,1,1,29,6,1461,2,8,NISSAN QASHQAI,8,E01025873,0,1
2024101498662,2024,101498662,2,9,0,-1,19,6,2,-1,0,0,0,0,0,0,4,1,-1,2,2,38,7,1461,2,8,NISSAN QASHQAI,3,E01032483,0,1
2024131497657,2024,131497657,1,9,0,-1,9,7,3,-1,0,8,0,0,0,0,1,1,-1,9,1,33,6,1598,1,12,NISSAN QASHQAI,2,E01011639,0,2
2024052401315,2024,052401315,1,9,0,9,9,8,6,0,0,1,0,0,0,0,1,1,6,6,2,46,8,1197,1,6,NISSAN QASHQAI,6,E01005801,0,4
2024041522004,2024,041522004,1,9,0,-1,9,7,3,-1,0,5,0,0,0,0,1,1,-1,2,1,38,7,1461,2,9,NISSAN QASHQAI,2,E01012711,0,1
2024061445342,2024,061445342,1,9,0,-1,9,6,5,-1,0,1,0,0,0,0,4,9,-1,6,3,-1,-1,1461,2,9,NISSAN QASHQAI,-1,-1,0,-1
2024231512231,2024,231512231,1,9,0,-1,19,8,4,-1,0,8,0,0,7,0,4,1,-1,9,2,53,8,1461,2,6,NISSAN QASHQAI,1,E01031015,0,2
2024361428063,2024,361428063,1,9,0,-1,19,3,7,-1,0,1,0,0,0,0,1,1,-1,6,1,58,9,1598,2,8,NISSAN QASHQAI,3,E01026694,0,1
2024010539885,2024,010539885,1,9,0,18,19,7,3,0,0,8,0,0,0,0,1,1,6,6,2,63,9,1461,2,8,NISSAN QASHQAI,10,E01002995,0,2
2024221417187,2024,221417187,2,9,0,-1,3,8,4,-1,0,0,0,0,0,0,2,9,-1,7,2,46,8,1332,8,2,NISSAN QASHQAI,5,E01028980,0,3
2024131418854,2024,131418854,1,9,0,-1,5,7,1,-1,0,6,0,0,0,0,1,1,-1,9,2,58,9,1461,2,9,NISSAN QASHQAI,4,E01011777,0,1
2024070709574,2024,070709574,2,9,0,-1,2,0,0,-1,9,0,0,0,0,4,3,1,-1,9,1,45,7,1461,2,8,NISSAN QASHQAI,2,E01012522,0,1
2024161526766,2024,161526766,3,9,0,-1,4,5,1,-1,0,0,0,0,0,0,2,1,-1,6,2,34,6,1598,1,13,NISSAN QASHQAI,1,E01012874,0,1
2024421467727,2024,421467727,1,9,0,-1,5,4,1,-1,0,0,0,0,0,0,1,1,-1,9,2,66,10,1198,1,10,NISSAN QASHQAI,4,E01021905,0,3
2024010536538,2024,010536538,2,9,0,12,12,6,2,0,0,0,0,0,0,0,1,1,2,2,2,52,8,1497,8,2,NISSAN QASHQAI,1,E01003517,0,3
2024010550366,2024,010550366,2,9,0,99,99,9,9,99,99,9,9,99,9,99,1,9,2,2,2,51,8,1197,1,7,NISSAN QASHQAI,7,E01000981,0,1
2024010533124,2024,010533124,1,9,0,18,19,7,3,0,0,2,0,0,0,0,1,1,6,6,2,52,8,1332,8,0,NISSAN QASHQAI,3,E01034217,0,1
2024461452631,2024,461452631,1,9,0,-1,19,6,2,-1,0,0,5,0,0,0,1,1,-1,2,1,31,6,1461,2,15,NISSAN QASHQAI,4,E01024190,0,1
2024371411459,2024,371411459,2,9,0,-1,19,1,7,-1,0,1,0,0,0,0,3,1,-1,9,1,50,8,1461,2,10,NISSAN QASHQAI,2,E01030023,0,2
2024211514069,2024,211514069,2,9,0,-1,2,0,0,-1,0,0,0,0,0,0,1,1,-1,6,2,-1,-1,1461,2,7,NISSAN QASHQAI,9,E01019841,0,2
2024471426876,2024,471426876,1,9,0,-1,19,2,6,-1,0,2,0,0,0,0,1,1,-1,6,2,26,6,1598,2,12,NISSAN QASHQAI,8,E01021225,0,3
2024421492891,2024,421492891,2,9,0,-1,4,1,5,-1,0,0,0,0,0,0,0,1,-1,2,2,31,6,1332,8,3,NISSAN QASHQAI,6,E01021722,0,4
2024061457188,2024,061457188,6,9,0,-1,8,3,5,-1,0,0,0,0,0,0,3,1,-1,6,2,25,5,1598,1,11,NISSAN QASHQAI,6,E01005041,0,2
2024122400821,2024,122400821,1,9,0,18,19,3,5,0,0,0,0,0,0,0,1,1,1,1,2,38,7,1461,2,10,NISSAN QASHQAI,8,E01027896,0,3
2024061477838,2024,061477838,2,9,0,-1,-1,-1,-1,-1,-1,0,-1,-1,-1,0,-1,1,-1,6,2,39,7,1618,1,8,NISSAN QASHQAI,-1,-1,0,-1
2024471490255,2024,471490255,1,9,0,-1,19,5,4,-1,0,8,5,11,1,3,1,1,-1,9,2,38,7,1461,2,15,NISSAN QASHQAI,6,E01021236,0,4
2024041444654,2024,041444654,2,9,0,-1,7,3,7,-1,0,6,0,0,0,0,1,1,-1,2,1,43,7,1197,1,6,NISSAN QASHQAI,5,E01025573,0,1
2024031500096,2024,031500096,1,9,0,-1,6,1,5,-1,0,0,0,0,0,0,3,1,-1,9,2,55,8,1197,1,7,NISSAN QASHQAI,7,E01007310,0,5
2024061482864,2024,061482864,1,9,0,-1,1,5,1,-1,0,0,0,0,0,0,1,9,-1,6,2,-1,-1,1332,8,1,NISSAN QASHQAI,1,E01006050,0,2
2024461487422,2024,461487422,1,9,-1,-1,-1,-1,-1,-1,-1,0,-1,-1,-1,0,-1,9,-1,6,1,43,7,1197,1,8,NISSAN QASHQAI,2,E01000470,0,3
2024041479478,2024,041479478,1,9,0,-1,19,5,1,-1,0,0,0,0,0,0,1,1,-1,2,2,42,7,1461,2,13,NISSAN QASHQAI,5,E01024958,0,1
2024351436030,2024,351436030,2,9,0,-1,4,1,5,-1,0,0,0,0,0,0,2,1,-1,9,2,39,7,1197,1,6,NISSAN QASHQAI,10,E01018284,0,3
2024010549099,2024,010549099,2,9,0,99,99,9,9,99,99,9,9,99,9,99,2,9,6,6,3,-1,-1,1997,1,11,NISSAN QASHQAI,5,E01002913,0,1
2024471397177,2024,471397177,2,9,0,-1,3,7,3,-1,0,1,0,0,0,0,2,9,-1,6,1,42,7,1598,2,8,NISSAN QASHQAI,3,E01031787,0,1
2024010523257,2024,010523257,1,9,0,7,7,7,1,0,0,5,0,0,0,0,1,1,2,2,1,71,10,1598,1,11,NISSAN QASHQAI,7,E01000986,0,1
2024010502748,2024,010502748,2,9,0,5,5,9,9,99,99,0,9,99,9,99,1,9,6,6,2,33,6,1997,1,17,NISSAN QASHQAI,7,E01000674,0,2
2024461451339,2024,461451339,1,9,0,-1,19,6,1,-1,0,1,0,0,0,0,1,1,-1,6,2,58,9,1332,8,0,NISSAN QASHQAI,3,E01024001,0,2
2024010524074,2024,010524074,1,9,0,5,5,1,5,0,0,4,0,11,0,0,1,1,6,6,1,92,11,1497,8,0,NISSAN QASHQAI,8,E01001039,0,1
2024010541552,2024,010541552,2,9,0,18,19,7,3,0,0,8,0,0,0,0,1,1,6,6,2,47,8,1997,1,12,NISSAN QASHQAI,-1,-1,0,-1
2024451445499,2024,451445499,1,9,0,-1,11,1,5,-1,0,3,0,0,0,0,4,1,-1,2,2,38,7,1598,2,7,NISSAN QASHQAI,5,E01030667,0,2
2024010510098,2024,010510098,2,9,0,99,99,9,9,99,99,9,9,99,9,99,9,9,6,6,3,-1,-1,1197,1,9,NISSAN QASHQAI,-1,-1,0,-1
2024201469445,2024,201469445,1,9,0,-1,5,8,4,-1,0,6,0,0,0,0,1,1,-1,6,1,43,7,1997,1,16,NISSAN QASHQAI,1,E01008913,0,1
2024201414743,2024,201414743,2,9,0,-1,7,7,1,-1,0,1,0,0,0,0,2,9,-1,9,1,21,5,1332,8,1,NISSAN QASHQAI,1,E01010401,0,2
2024010541674,2024,010541674,1,9,0,18,19,7,3,0,0,0,0,0,0,0,1,1,6,6,1,38,7,1497,8,1,NISSAN QASHQAI,2,E01000533,0,1
2024461484350,2024,461484350,1,9,0,-1,19,6,2,-1,9,0,0,0,3,0,1,1,-1,9,2,27,6,1332,8,2,NISSAN QASHQAI,-1,-1,0,-1
2024010530005,2024,010530005,3,9,0,99,99,9,9,99,99,9,9,99,9,99,2,9,6,6,3,64,9,1997,1,17,NISSAN QASHQAI,7,E01002423,0,1
2024010509353,2024,010509353,1,9,0,8,8,4,5,0,0,1,0,0,0,0,1,1,3,7,2,25,5,1997,1,15,NISSAN QASHQAI,-1,-1,0,-1
2024421456698,2024,421456698,1,9,0,-1,19,5,1,-1,0,0,5,4,0,0,1,1,-1,9,1,88,11,1997,1,17,NISSAN QASHQAI,5,E01021854,0,1
2024201449721,2024,201449721,2,9,0,-1,19,4,8,-1,0,8,1,0,0,0,1,1,-1,9,2,41,7,1197,1,8,NISSAN QASHQAI,2,E01005200,0,5
2024461485269,2024,461485269,2,9,0,-1,14,2,4,-1,0,3,1,0,0,0,3,9,-1,6,1,43,7,1997,1,12,NISSAN QASHQAI,3,E01024176,0,1
202460Q156276,2024,60Q156276,2,9,0,18,19,4,8,0,0,0,0,0,0,0,3,1,6,6,2,32,6,1461,2,13,NISSAN QASHQAI,-1,-1,0,-1
2024340WN3892,2024,340WN3892,2,9,0,-1,2,0,0,-1,0,0,0,0,0,0,2,1,-1,9,2,42,7,1197,1,7,NISSAN QASHQAI,7,E01027323,0,3
2024531427355,2024,531427355,1,9,0,-1,19,1,5,-1,0,1,0,0,0,0,1,1,-1,6,1,25,5,1461,2,10,NISSAN QASHQAI,5,W01001551,0,4
2024061509893,2024,061509893,4,9,0,-1,19,1,5,-1,0,1,0,0,0,0,1,1,-1,6,-1,-1,-1,1497,8,1,NISSAN QASHQAI,-1,-1,0,-1