collision_index,collision_year,collision_ref_no,vehicle_reference,vehicle_type,towing_and_articulation,vehicle_manoeuvre_historic,vehicle_manoeuvre,vehicle_direction_from,vehicle_direction_to,vehicle_location_restricted_lane_historic,vehicle_location_restricted_lane,junction_location,skidding_and_overturning,hit_object_in_carriageway,vehicle_leaving_carriageway,hit_object_off_carriageway,first_point_of_impact,vehicle_left_hand_drive,journey_purpose_of_driver_historic,journey_purpose_of_driver,sex_of_driver,age_of_driver,age_band_of_driver,engine_capacity_cc,propulsion_code,age_of_vehicle,generic_make_model,driver_imd_decile,lsoa_of_driver,escooter_flag,driver_distance_banding
2024131475620,2024,131475620,4,9,0,-1,4,1,1,-1,0,0,0,0,0,0,3,1,-1,9,2,55,8,1461,2,12,NISSAN QASHQAI,1,E01010995,0,1
2024461400148,2024,461400148,1,9,0,-1,3,2,6,-1,0,0,0,0,0,0,1,1,-1,1,1,38,7,1461,2,17,NISSAN QASHQAI,8,E01032816,0,1
2024461416951,2024,461416951,1,9,0,-1,9,4,5,-1,0,5,0,0,0,0,1,1,-1,7,2,41,7,1197,1,8,NISSAN QASHQAI,2,E01024306,0,1
2024371496584,2024,371496584,1,9,0,-1,5,7,5,-1,0,2,0,0,0,0,1,1,-1,6,2,32,6,1198,1,9,NISSAN QASHQAI,9,E01030173,0,1
2024010521692,2024,010521692,2,9,0,18,19,3,7,0,0,1,0,0,0,0,1,1,2,2,1,40,7,1598,1,11,NISSAN QASHQAI,3,E01003240,0,1
2024332401067,2024,332401067,1,9,0,-1,19,7,3,-1,0,8,0,0,0,0,1,1,-1,6,2,46,8,1197,1,6,NISSAN QASHQAI,9,E01031158,0,4
2024061499572,2024,061499572,2,9,0,-1,7,1,3,-1,0,0,0,0,7,0,3,1,-1,6,2,76,11,1332,8,2,NISSAN QASHQAI,1,E01005502,0,1
2024010540924,2024,010540924,1,9,0,99,99,9,9,99,99,0,9,99,9,99,2,9,2,2,2,-1,-1,1197,1,8,NISSAN QASHQAI,10,E01003835,0,1
2024161519181,2024,161519181,1,9,0,-1,9,1,7,-1,0,4,0,0,0,0,1,9,-1,9,1,41,7,1598,1,17,NISSAN QASHQAI,6,E01013290,0,1
2024430048616,2024,430048616,2,9,0,3,3,6,2,0,0,1,0,0,0,0,2,1,6,6,2,37,7,1598,2,9,NISSAN QASHQAI,6,E01016737,0,1
2024161528556,2024,161528556,1,9,0,-1,19,3,7,-1,0,4,0,0,0,0,1,1,-1,6,2,78,11,1461,2,6,NISSAN QASHQAI,6,E01013276,0,2
2024542126524,2024,542126524,1,9,0,18,19,7,3,0,0,0,0,0,0,0,1,1,6,6,2,36,7,1461,2,16,NISSAN QASHQAI,1,E01015541,0,1
2024440502955,2024,440502955,1,9,0,3,3,1,5,0,0,0,0,4,0,0,3,1,6,6,1,27,6,1332,8,3,NISSAN QASHQAI,9,E01022862,0,1
2024122400514,2024,122400514,1,9,0,17,19,3,7,0,0,0,0,0,0,0,1,1,6,6,1,76,11,1598,1,13,NISSAN QASHQAI,9,E01027792,0,1
2024361520157,2024,361520157,2,9,0,-1,10,3,1,-1,0,2,0,0,0,0,2,1,-1,6,1,32,6,1461,2,17,NISSAN QASHQAI,6,E01026755,0,1
2024411427191,2024,411427191,1,9,0,-1,4,5,1,-1,0,1,0,0,0,0,1,1,-1,6,1,45,7,1332,8,2,NISSAN QASHQAI,7,E01017376,0,1
2024421416472,2024,421416472,1,9,0,-1,5,5,7,-1,0,4,0,0,0,0,1,1,-1,9,2,40,7,1598,1,14,NISSAN QASHQAI,4,E01015926,0,1
2024161479224,2024,161479224,2,9,0,-1,2,0,0,-1,-1,0,0,0,0,0,0,9,-1,6,1,31,6,1461,2,12,NISSAN QASHQAI,-1,-1,0,-1
2024332400445,2024,332400445,1,9,0,-1,19,8,4,-1,0,8,0,0,0,0,3,1,-1,1,1,29,6,1497,8,1,NISSAN QASHQAI,4,E01013758,0,1
2024451418833,2024,451418833,1,9,0,-1,19,5,1,-1,0,0,0,0,0,0,1,1,-1,2,1,56,9,1598,1,11,NISSAN QASHQAI,9,E01002463,0,4
2024471398141,2024,471398141,1,9,0,-1,-1,-1,-1,-1,0,1,0,0,0,0,1,9,-1,6,1,76,11,1461,2,15,NISSAN QASHQAI,8,E01021181,0,1
2024991413063,2024,991413063,1,9,0,-1,19,1,5,-1,0,0,1,0,1,7,1,1,-1,6,1,60,9,1598,2,7,NISSAN QASHQAI,5,-1,0,3
2024501403745,2024,501403745,1,9,0,-1,7,3,4,-1,9,8,0,0,0,0,4,9,-1,6,2,53,8,1332,1,2,NISSAN QASHQAI,1,E01015146,0,1
2024520500199,2024,520500199,1,9,0,18,19,5,1,0,0,8,0,0,0,0,1,1,6,6,2,68,10,1461,2,9,NISSAN QASHQAI,5,E01029183,0,1
2024461462503,2024,461462503,2,9,0,-1,4,6,6,-1,0,0,0,0,0,0,2,1,-1,6,1,45,7,1461,2,15,NISSAN QASHQAI,-1,-1,0,-1
2024211537592,2024,211537592,1,9,0,-1,19,1,5,-1,0,1,0,0,0,0,1,1,-1,6,2,35,6,1461,2,5,NISSAN QASHQAI,2,E01029734,0,1
2024010528217,2024,010528217,1,9,0,9,9,3,8,0,0,5,1,0,1,10,4,1,1,1,1,40,7,1198,1,10,NISSAN QASHQAI,4,E01002088,0,4
2024440337803,2024,440337803,1,9,0,18,19,3,7,0,0,1,0,0,0,0,1,1,6,6,2,31,6,1461,2,6,NISSAN QASHQAI,1,E01017163,0,1
2024421468101,2024,421468101,1,9,0,-1,5,5,3,-1,0,2,0,0,0,0,1,1,-1,9,2,31,6,1197,1,7,NISSAN QASHQAI,9,E01021618,0,2
2024430189605,2024,430189605,1,9,0,7,7,7,1,0,0,2,0,0,0,0,1,1,2,2,2,29,6,1461,2,10,NISSAN QASHQAI,6,E01028771,0,1
2024451458304,2024,451458304,1,9,0,-1,19,1,5,-1,0,3,0,0,7,0,1,1,-1,2,1,71,10,1997,1,15,NISSAN QASHQAI,7,E01030921,0,1
2024421517314,2024,421517314,2,9,0,-1,19,5,1,-1,0,0,0,0,0,0,1,1,-1,2,2,44,7,1332,8,3,NISSAN QASHQAI,10,E01023454,0,3
2024522401293,2024,522401293,2,9,0,18,19,2,6,0,0,1,0,0,0,0,1,1,6,6,3,-1,-1,1598,1,14,NISSAN QASHQAI,-1,-1,0,-1
2024201412624,2024,201412624,1,9,0,-1,19,4,8,-1,0,8,0,0,0,0,3,1,-1,6,2,29,6,1461,2,12,NISSAN QASHQAI,1,E01009762,0,1
2024411530560,2024,411530560,1,9,0,-1,19,6,2,-1,0,8,0,0,0,0,1,1,-1,6,1,20,4,1997,1,15,NISSAN QASHQAI,6,E01003033,0,4
2024991405710,2024,991405710,1,9,0,-1,4,2,6,-1,0,1,0,0,0,0,1,1,-1,9,2,53,8,1197,1,6,NISSAN QASHQAI,4,-1,0,4
2024201418891,2024,201418891,2,9,0,-1,19,2,6,-1,0,8,0,0,0,0,1,9,-1,6,-1,-1,-1,1197,1,9,NISSAN QASHQAI,-1,-1,0,-1
2024010528482,2024,010528482,1,9,0,9,9,5,2,6,6,1,0,0,0,0,1,1,6,6,2,40,7,1332,8,2,NISSAN QASHQAI,2,E01001447,0,1
2024231522113,2024,231522113,2,9,0,-1,9,6,4,-1,0,3,0,0,0,0,4,1,-1,2,1,41,7,1197,1,7,NISSAN QASHQAI,1,E01034747,0,2
2024471500568,2024,471500568,1,9,0,-1,19,3,7,-1,0,0,0,0,0,0,4,1,-1,1,1,54,8,1461,2,10,NISSAN QASHQAI,1,E01016880,0,1
2024461491268,2024,461491268,2,9,0,-1,19,7,3,-1,0,0,0,0,0,0,3,1,-1,6,1,57,9,1332,1,4,NISSAN QASHQAI,2,E01024686,0,1
2024041449499,2024,041449499,2,9,0,-1,4,1,5,-1,0,0,0,0,0,0,2,1,-1,2,1,47,8,1461,2,9,NISSAN QASHQAI,1,E01025218,0,2
2024411506846,2024,411506846,1,9,0,-1,19,5,1,-1,0,0,1,0,0,0,1,1,-1,7,2,39,7,1332,8,3,NISSAN QASHQAI,7,E01023594,0,1
2024131401004,2024,131401004,1,9,0,-1,19,1,5,-1,0,0,0,0,0,0,1,1,-1,9,1,68,10,1332,1,5,NISSAN QASHQAI,9,E01010687,0,2
2024631478719,2024,631478719,2,9,0,-1,2,0,0,-1,0,0,0,0,0,0,4,1,-1,6,-1,-1,-1,1461,2,8,NISSAN QASHQAI,-1,-1,0,-1
2024401415688,2024,401415688,1,9,0,-1,19,5,1,-1,0,0,0,0,0,0,1,1,-1,6,2,61,9,1332,1,5,NISSAN QASHQAI,8,E01019714,0,5
2024430029712,2024,430029712,1,9,0,18,19,2,6,0,0,4,2,0,3,4,1,1,6,6,1,24,5,1497,8,1,NISSAN QASHQAI,1,E01027199,0,4
2024161511354,2024,161511354,1,9,0,-1,19,5,1,-1,0,4,0,0,0,0,1,9,-1,6,2,53,8,1461,2,10,NISSAN QASHQAI,3,E01012784,0,1
2024010522509,2024,010522509,1,9,0,5,5,3,7,0,0,8,0,0,0,0,1,1,6,6,1,35,6,1197,1,7,NISSAN QASHQAI,5,E01001139,0,1
2024631489778,2024,631489778,1,9,0,-1,9,8,6,-1,0,2,0,0,0,0,3,1,-1,9,2,44,7,1461,2,9,NISSAN QASHQAI,7,W01000682,0,1
2024231448633,2024,231448633,1,9,0,-1,1,3,7,-1,0,0,0,0,0,0,2,9,-1,9,3,40,7,1332,8,0,NISSAN QASHQAI,-1,-1,0,-1
2024010525979,2024,010525979,1,9,0,18,19,1,5,0,0,4,0,10,0,0,1,1,6,6,2,39,7,1461,2,8,NISSAN QASHQAI,4,E01000464,0,1
2024141533152,2024,141533152,2,9,0,-1,19,2,6,-1,0,0,0,0,0,0,2,1,-1,9,1,74,10,1332,1,4,NISSAN QASHQAI,8,E01032585,0,3
2024052402573,2024,052402573,1,9,0,18,19,6,2,0,0,0,0,0,0,0,4,1,3,7,1,40,7,1598,2,10,NISSAN QASHQAI,1,E01006556,0,1
2024061532324,2024,061532324,1,9,0,-1,3,-1,-1,-1,0,0,0,0,0,0,2,1,-1,6,1,37,7,1461,2,8,NISSAN QASHQAI,3,E01006855,0,4
2024201425362,2024,201425362,1,9,0,-1,5,4,4,-1,0,1,0,0,0,0,1,1,-1,6,2,35,6,1197,1,8,NISSAN QASHQAI,-1,-1,0,-1
2024421477424,2024,421477424,1,9,0,-1,5,3,5,-1,0,1,0,0,0,0,3,1,-1,9,1,51,8,1332,8,2,NISSAN QASHQAI,8,E01022072,0,4
2024461504963,2024,461504963,2,9,0,-1,19,3,7,-1,0,0,0,0,0,0,4,9,-1,9,1,56,9,1461,2,15,NISSAN QASHQAI,2,E01024534,0,1
2024141529925,2024,141529925,2,9,0,-1,19,3,7,-1,0,4,0,0,0,0,1,1,-1,6,3,-1,-1,1461,2,10,NISSAN QASHQAI,-1,-1,0,-1
2024031394877,2024,031394877,1,9,0,-1,19,6,2,-1,0,0,1,11,2,2,1,1,-1,9,2,67,10,1461,2,10,NISSAN QASHQAI,8,E01019378,0,1
2024371458524,2024,371458524,1,9,0,-1,19,7,3,-1,0,0,1,0,7,11,1,1,-1,9,2,40,7,1461,2,10,NISSAN QASHQAI,9,E01030122,0,2
2024141464128,2024,141464128,1,9,0,-1,19,2,6,-1,0,1,0,0,0,0,1,1,-1,6,2,40,7,1197,1,6,NISSAN QASHQAI,8,E01007898,0,2
2024061486618,2024,061486618,1,9,0,-1,8,5,1,-1,0,6,0,0,0,0,1,1,-1,9,1,27,6,1598,1,11,NISSAN QASHQAI,-1,-1,0,-1
2024440466812,2024,440466812,1,9,0,5,5,0,7,0,0,0,0,0,0,0,3,1,6,6,1,28,6,1198,1,10,NISSAN QASHQAI,7,E01032746,0,1
2024010514977,2024,010514977,4,8,0,2,2,0,0,0,0,0,0,0,0,0,1,1,6,6,3,-1,-1,1198,1,10,NISSAN QASHQAI,-1,-1,0,-1
2024010512195,2024,010512195,1,9,0,3,3,1,5,0,0,4,0,0,0,0,2,1,6,6,1,39,7,1461,2,7,NISSAN QASHQAI,6,E01015620,0,5
2024332401127,2024,332401127,1,9,0,-1,9,5,3,-1,0,6,5,0,0,0,4,1,-1,9,1,44,7,1461,2,8,NISSAN QASHQAI,9,E01025998,0,1
2024201515064,2024,201515064,2,9,0,-1,3,6,2,-1,0,2,0,0,0,0,2,9,-1,1,2,33,6,1461,2,7,NISSAN QASHQAI,8,E01025685,0,4
2024340WN1372,2024,340WN1372,2,9,0,-1,3,5,1,-1,0,1,0,0,0,0,2,1,-1,6,2,30,6,1332,1,3,NISSAN QASHQAI,7,E01026991,0,1
2024211518564,2024,211518564,1,9,0,-1,13,3,7,-1,0,0,1,0,7,0,4,1,-1,1,1,23,5,1332,8,0,NISSAN QASHQAI,8,E01029378,0,2
2024201456472,2024,201456472,1,9,0,-1,7,2,4,-1,0,6,0,10,1,0,3,1,-1,6,1,49,8,1461,2,9,NISSAN QASHQAI,7,E01034937,0,1
2024161397852,2024,161397852,1,9,0,-1,7,7,1,-1,0,0,0,0,0,0,1,1,-1,2,1,37,7,1461,2,12,NISSAN QASHQAI,3,E01012997,0,1
2024471416027,2024,471416027,1,9,0,-1,19,7,3,-1,0,0,1,0,0,0,2,1,-1,6,1,52,8,1332,8,2,NISSAN QASHQAI,9,E01035344,0,3
2024211483764,2024,211483764,2,9,0,-1,7,1,4,-1,0,3,0,0,0,0,1,1,-1,6,1,40,7,1332,1,5,NISSAN QASHQAI,3,E01028224,0,4
2024041453237,2024,041453237,2,9,0,-1,10,6,2,-1,0,5,0,0,0,0,2,1,-1,1,2,42,7,1461,2,5,NISSAN QASHQAI,8,E01012613,0,1
2024440237524,2024,440237524,1,9,0,18,19,6,2,0,0,0,0,0,0,0,1,1,6,6,2,42,7,1598,1,16,NISSAN QASHQAI,1,E01022968,0,1
2024010498230,2024,010498230,1,9,9,18,19,1,5,0,0,9,0,0,9,0,1,9,6,6,2,61,9,1197,1,9,NISSAN QASHQAI,2,E01000508,0,1
2024041497797,2024,041497797,3,9,0,-1,19,1,5,-1,0,1,0,0,0,0,4,1,-1,1,2,60,9,1997,1,16,NISSAN QASHQAI,7,E01025004,0,1
202417S103524,2024,17S103524,2,9,0,4,4,8,4,0,0,1,0,0,0,0,2,1,2,2,2,49,8,1461,2,6,NISSAN QASHQAI,10,E01035204,0,3
2024361427059,2024,361427059,4,9,0,-1,4,3,7,-1,0,0,0,0,0,0,2,1,-1,6,1,76,11,1598,2,8,NISSAN QASHQAI,7,E01010356,0,5
2024401488953,2024,401488953,1,9,0,-1,19,2,2,-1,0,0,0,0,0,0,1,1,-1,9,2,21,5,1461,2,10,NISSAN QASHQAI,2,E01027242,0,4
2024111471910,2024,111471910,2,9,0,-1,9,7,5,-1,0,8,0,0,0,0,4,1,-1,6,2,34,6,1332,8,1,NISSAN QASHQAI,2,E01020639,0,2
2024461506392,2024,461506392,2,9,0,-1,3,3,7,-1,0,1,0,0,0,0,2,9,-1,6,2,30,6,1598,1,11,NISSAN QASHQAI,3,E01024291,0,1
2024991411345,2024,991411345,1,9,0,-1,19,5,1,-1,0,1,0,0,0,0,1,1,-1,9,1,53,8,1994,2,14,NISSAN QASHQAI,-1,-1,0,-1
2024430563495,2024,430563495,2,9,0,18,19,7,3,0,0,8,0,0,1,11,4,1,6,6,2,54,8,1332,8,1,NISSAN QASHQAI,9,E01028444,0,2
2024311420694,2024,311420694,2,9,0,-1,10,2,6,-1,0,0,0,0,0,0,2,1,-1,6,2,33,6,1332,1,4,NISSAN QASHQAI,7,E01028240,0,1
2024131471346,2024,131471346,1,9,0,-1,12,7,5,-1,0,1,0,0,7,0,1,1,-1,6,2,63,9,1332,8,2,NISSAN QASHQAI,6,E01011551,0,2
202454D332824,2024,54D332824,1,9,0,18,19,1,5,0,0,0,0,0,0,0,1,1,1,1,1,37,7,1598,1,16,NISSAN QASHQAI,4,E01032013,0,1
2024161472045,2024,161472045,3,9,0,-1,2,0,0,-1,0,1,0,0,0,0,2,1,-1,6,-1,-1,-1,1598,2,7,NISSAN QASHQAI,-1,-1,0,-1
2024010548897,2024,010548897,2,9,0,4,4,1,5,0,0,0,0,0,0,0,1,1,6,6,2,26,6,1997,1,15,NISSAN QASHQAI,-1,-1,0,-1
2024010533347,2024,010533347,1,9,0,7,7,2,4,0,0,6,0,0,0,0,3,1,6,6,2,36,7,1332,1,5,NISSAN QASHQAI,-1,-1,0,-1
2024991471402,2024,991471402,1,9,0,-1,19,8,4,-1,0,2,0,0,1,0,1,1,-1,9,1,27,6,1461,2,7,NISSAN QASHQAI,6,E01035724,0,5
2024531478926,2024,531478926,3,9,0,-1,12,5,5,-1,0,0,0,0,0,0,2,1,-1,6,2,39,7,1598,1,13,NISSAN QASHQAI,10,E01028746,0,3
2024332400882,2024,332400882,2,9,0,-1,19,7,3,-1,0,0,0,0,0,0,1,1,-1,9,2,43,7,1461,2,14,NISSAN QASHQAI,-1,-1,0,-1
2024991470497,2024,991470497,2,9,0,-1,19,8,3,-1,0,8,0,0,0,0,1,1,-1,6,1,26,6,1332,1,5,NISSAN QASHQAI,7,-1,0,2
2024131463739,2024,131463739,2,9,0,-1,19,1,1,-1,0,0,0,0,0,0,3,1,-1,2,2,45,7,1598,2,8,NISSAN QASHQAI,9,E01011046,0,1
2024131415962,2024,131415962,1,9,0,-1,19,7,3,-1,0,1,0,0,0,0,3,1,-1,6,1,47,8,1461,2,13,NISSAN QASHQAI,1,E01010824,0,1
2024052402582,2024,052402582,4,9,0,2,2,0,0,0,0,1,0,0,0,0,1,1,6,6,3,-1,-1,1461,2,10,NISSAN QASHQAI,-1,-1,0,-1
2024991534790,2024,991534790,2,9,0,-1,10,6,2,-1,0,1,0,0,0,0,2,1,-1,9,1,71,10,1461,2,8,NISSAN QASHQAI,7,-1,0,1
2024141435504,2024,141435504,2,9,0,-1,9,3,1,-1,0,8,0,0,0,0,2,1,-1,6,3,-1,-1,1598,2,8,NISSAN QASHQAI,-1,-1,0,-1
2024430379016,2024,430379016,2,9,0,18,19,5,1,0,0,2,0,0,0,0,1,1,6,6,2,63,9,1598,2,7,NISSAN QASHQAI,-1,-1,0,-1
2024010545642,2024,010545642,2,9,0,3,3,7,3,0,0,1,0,0,0,0,1,1,6,6,1,39,7,1332,8,3,NISSAN QASHQAI,7,E01003644,0,1
2024421455548,2024,421455548,1,9,0,-1,19,7,3,-1,0,0,0,0,0,0,1,1,-1,9,2,31,6,1461,2,9,NISSAN QASHQAI,9,E01021610,0,4
2024010543501,2024,010543501,1,9,0,9,9,3,1,0,0,5,0,0,0,0,1,1,2,2,2,39,7,1997,1,15,NISSAN QASHQAI,7,E01021140,0,4
2024531394844,2024,531394844,1,9,0,-1,2,0,0,-1,0,0,0,0,0,0,3,1,-1,7,1,46,8,1461,2,15,NISSAN QASHQAI,1,E01022319,0,1
2024302401001,2024,302401001,2,9,0,4,4,2,6,0,0,0,0,0,0,0,2,1,3,7,2,36,7,1497,8,2,NISSAN QASHQAI,4,E01019844,0,1
2024231496523,2024,231496523,2,9,0,-1,19,4,8,-1,0,1,0,0,0,0,1,1,-1,9,1,62,9,1461,2,14,NISSAN QASHQAI,9,E01031143,0,4
2024451455329,2024,451455329,2,9,0,-1,19,1,5,-1,0,1,1,7,1,0,1,1,-1,9,2,42,7,1197,1,6,NISSAN QASHQAI,5,E01030974,0,3
2024211514056,2024,211514056,1,9,0,-1,19,5,7,-1,0,0,0,0,0,0,1,1,-1,6,1,43,7,1332,1,5,NISSAN QASHQAI,1,E01014246,0,1
2024010527012,2024,010527012,1,9,0,9,9,1,7,0,0,1,9,0,0,0,1,9,6,6,3,-1,-1,1332,1,5,NISSAN QASHQAI,4,E01004201,0,3
2024010517357,2024,010517357,1,9,0,18,19,7,3,0,0,1,0,0,0,0,1,1,6,6,1,28,6,1332,8,1,NISSAN QASHQAI,4,E01004128,0,1
2024041395208,2024,041395208,1,9,0,-1,19,7,3,-1,0,6,0,0,0,0,1,1,-1,9,2,55,8,1332,8,1,NISSAN QASHQAI,3,E01025429,0,2
2024010544120,2024,010544120,1,9,0,99,99,9,9,99,99,9,9,99,9,99,9,9,6,6,2,34,6,1197,1,8,NISSAN QASHQAI,5,E01001099,0,1
2024010507265,2024,010507265,2,9,0,99,99,9,9,99,99,9,9,99,9,99,9,9,6,6,3,-1,-1,1598,1,15,NISSAN QASHQAI,-1,-1,0,-1
2024201547790,2024,201547790,2,9,0,-1,9,2,8,-1,0,6,0,0,0,0,1,9,-1,2,1,43,7,1197,1,6,NISSAN QASHQAI,10,E01032145,0,2
2024302500281,2024,302500281,1,9,0,-1,19,5,8,-1,0,0,2,0,1,10,4,1,-1,2,2,46,8,1461,2,9,NISSAN QASHQAI,2,E01019579,0,1
2024501501728,2024,501501728,3,9,0,-1,19,6,2,-1,0,0,0,0,0,0,3,1,-1,9,1,60,9,1618,1,6,NISSAN QASHQAI,5,E01033289,0,3
2024061438202,2024,061438202,2,9,0,-1,10,4,2,-1,0,1,0,0,0,0,2,1,-1,9,2,29,6,1332,1,4,NISSAN QASHQAI,10,E01004951,0,3
2024010550666,2024,010550666,2,9,0,9,9,6,3,0,0,5,0,0,9,99,4,1,6,6,2,33,6,1197,1,8,NISSAN QASHQAI,4,E01002591,0,1
2024201506308,2024,201506308,2,9,0,-1,19,4,8,-1,0,4,0,0,0,0,1,1,-1,6,2,54,8,1197,1,6,NISSAN QASHQAI,5,E01009473,0,2
2024010550673,2024,010550673,2,9,9,99,99,9,9,99,99,9,9,99,9,99,9,9,6,6,3,-1,-1,1197,1,8,NISSAN QASHQAI,-1,-1,0,-1
2024522402469,2024,522402469,1,9,0,17,19,1,7,0,0,0,0,0,7,10,1,1,6,6,1,45,7,1598,1,12,NISSAN QASHQAI,1,E01014727,0,1
2024161430811,2024,161430811,1,9,0,-1,9,8,4,-1,0,8,0,0,0,0,1,9,-1,9,2,76,11,1997,1,15,NISSAN QASHQAI,1,E01013201,0,1
2024201481363,2024,201481363,2,9,0,-1,4,6,2,-1,0,8,0,0,0,0,4,1,-1,9,1,48,8,1198,1,9,NISSAN QASHQAI,9,E01010332,0,1
2024430413284,2024,430413284,1,9,0,9,9,2,8,0,0,6,0,0,0,0,3,1,6,6,1,31,6,1332,8,1,NISSAN QASHQAI,-1,-1,0,-1
2024061503486,2024,061503486,1,9,0,-1,19,1,5,-1,0,2,1,0,0,0,1,1,-1,9,1,27,6,1332,1,4,NISSAN QASHQAI,4,E01006110,0,2
2024141527042,2024,141527042,3,9,0,-1,8,7,1,-1,0,1,0,0,0,0,1,1,-1,9,1,32,6,1598,1,11,NISSAN QASHQAI,7,E01007754,0,1
2024161426810,2024,161426810,2,9,0,-1,5,3,7,-1,0,0,0,0,0,0,4,1,-1,9,2,56,9,1598,1,16,NISSAN QASHQAI,1,E01013229,0,1
2024131532961,2024,131532961,1,9,0,-1,7,1,7,-1,0,2,0,4,0,0,3,1,-1,6,1,25,5,1461,2,15,NISSAN QASHQAI,1,E01011360,0,1
2024231517975,2024,231517975,1,9,0,-1,19,5,1,-1,0,0,0,0,0,0,1,1,-1,6,2,38,7,1332,8,1,NISSAN QASHQAI,8,E01034974,0,5
2024201527158,2024,201527158,1,9,0,-1,19,6,2,-1,0,0,0,11,0,0,4,1,-1,2,1,55,8,1332,8,1,NISSAN QASHQAI,1,E01034920,0,1
2024061436212,2024,061436212,1,9,0,-1,19,7,1,-1,0,1,0,0,0,0,0,2,-1,6,2,60,9,1197,1,8,NISSAN QASHQAI,6,E01006216,0,1
2024010541437,2024,010541437,1,9,0,18,19,1,5,0,0,8,0,0,0,0,1,1,6,6,3,-1,-1,1461,2,6,NISSAN QASHQAI,6,E01024436,0,4
2024131417490,2024,131417490,3,9,0,-1,2,0,0,-1,0,0,0,4,0,0,2,1,-1,6,-1,-1,-1,1461,2,7,NISSAN QASHQAI,-1,-1,0,-1
2024552401003,2024,552401003,1,9,0,9,9,5,2,9,9,6,0,0,0,0,4,1,6,6,1,76,11,1497,8,1,NISSAN QASHQAI,10,E01015396,0,1
2024131417847,2024,131417847,1,9,0,-1,4,3,7,-1,0,1,0,0,0,0,1,1,-1,2,2,30,6,1332,1,3,NISSAN QASHQAI,-1,-1,0,-1
2024471469041,2024,471469041,1,9,0,-1,19,4,8,-1,0,2,0,0,0,0,4,1,-1,1,1,42,7,1598,2,12,NISSAN QASHQAI,6,E01021118,0,3
2024451480602,2024,451480602,1,9,0,-1,14,1,5,-1,0,0,2,0,1,6,1,1,-1,1,1,22,5,1332,8,1,NISSAN QASHQAI,7,E01031837,0,4
2024991401434,2024,991401434,3,9,0,-1,19,3,7,-1,0,0,0,0,0,0,3,1,-1,9,2,41,7,1332,8,2,NISSAN QASHQAI,3,-1,0,4
2024141516924,2024,141516924,1,9,0,-1,19,7,3,-1,0,0,0,0,0,0,1,1,-1,7,2,38,7,1598,2,7,NISSAN QASHQAI,9,E01007425,0,3
2024161472045,2024,161472045,2,9,0,-1,19,3,7,-1,0,1,0,0,0,0,1,1,-1,9,2,61,9,1332,1,5,NISSAN QASHQAI,10,E01013108,0,1
2024421467010,2024,421467010,3,9,0,-1,4,3,7,-1,0,0,0,0,0,0,2,2,-1,6,1,84,11,1598,2,12,NISSAN QASHQAI,7,E01033720,0,4
2024041505666,2024,041505666,1,9,0,-1,19,1,5,-1,0,6,0,0,0,0,4,1,-1,9,1,47,8,1598,1,13,NISSAN QASHQAI,2,E01005337,0,4
2024010510604,2024,010510604,1,9,0,18,19,8,4,0,0,1,0,0,0,0,1,1,2,2,1,31,6,1598,2,6,NISSAN QASHQAI,8,E01004080,0,1
2024010545588,2024,010545588,2,9,0,99,99,9,9,99,99,9,9,99,9,99,1,9,6,6,3,75,10,1598,1,14,NISSAN QASHQAI,4,E01003249,0,1
2024052400283,2024,052400283,2,9,0,9,9,2,1,0,0,5,0,0,0,0,4,1,2,2,1,74,10,1461,2,9,NISSAN QASHQAI,8,E01007067,0,1
2024371509488,2024,371509488,2,9,0,-1,4,3,7,-1,0,1,0,0,0,0,2,1,-1,9,2,44,7,1497,8,1,NISSAN QASHQAI,3,E01026426,0,4
2024010507283,2024,010507283,1,9,0,18,19,5,1,0,0,0,0,0,0,0,1,1,6,6,2,23,5,1332,1,5,NISSAN QASHQAI,2,E01004014,0,3
2024141547801,2024,141547801,1,9,0,-1,3,3,7,-1,0,8,0,0,0,0,2,1,-1,9,1,54,8,1461,2,10,NISSAN QASHQAI,2,E01019567,0,3
2024461499715,2024,461499715,3,9,0,-1,2,0,0,-1,0,0,0,0,0,0,2,1,-1,6,-1,-1,-1,1198,1,10,NISSAN QASHQAI,-1,-1,0,-1
2024421521088,2024,421521088,1,9,0,-1,4,1,5,-1,0,1,0,0,0,0,1,1,-1,2,1,37,7,1197,1,6,NISSAN QASHQAI,8,E01021916,0,4
2024302401483,2024,302401483,2,9,0,18,19,2,6,0,0,0,0,0,0,0,1,1,2,2,2,35,6,1461,2,8,NISSAN QASHQAI,5,E01019440,0,1
2024131457317,2024,131457317,1,9,0,-1,19,7,3,-1,0,0,0,0,1,6,3,1,-1,6,1,30,6,1598,1,15,NISSAN QASHQAI,1,E01010734,0,1
2024522401804,2024,522401804,1,9,0,18,19,3,7,0,0,0,0,0,0,0,1,1,6,6,2,73,10,1497,8,1,NISSAN QASHQAI,4,E01015007,0,1
2024010517686,2024,010517686,1,9,0,5,5,7,3,0,0,8,0,0,0,0,1,1,6,6,1,32,6,1598,1,15,NISSAN QASHQAI,6,E01000159,0,2