collision_index,collision_year,collision_ref_no,vehicle_reference,vehicle_type,towing_and_articulation,vehicle_manoeuvre_historic,vehicle_manoeuvre,vehicle_direction_from,vehicle_direction_to,vehicle_location_restricted_lane_historic,vehicle_location_restricted_lane,junction_location,skidding_and_overturning,hit_object_in_carriageway,vehicle_leaving_carriageway,hit_object_off_carriageway,first_point_of_impact,vehicle_left_hand_drive,journey_purpose_of_driver_historic,journey_purpose_of_driver,sex_of_driver,age_of_driver,age_band_of_driver,engine_capacity_cc,propulsion_code,age_of_vehicle,generic_make_model,driver_imd_decile,lsoa_of_driver,escooter_flag,driver_distance_banding
2024361429040,2024,361429040,1,9,0,-1,19,4,8,-1,0,0,0,0,7,4,1,1,-1,9,1,72,10,1598,1,13,NISSAN QASHQAI,5,E01026729,0,1
2024501478485,2024,501478485,2,9,0,-1,2,0,0,-1,0,0,0,0,0,0,3,1,-1,6,2,33,6,1461,2,13,NISSAN QASHQAI,2,E01020111,0,1
2024311533432,2024,311533432,1,9,0,-1,19,5,1,-1,0,0,5,0,0,0,1,1,-1,6,2,40,7,1461,2,14,NISSAN QASHQAI,-1,-1,0,-1
2024451472632,2024,451472632,1,9,0,-1,19,4,5,-1,99,0,0,0,0,0,1,1,-1,9,2,54,8,1598,1,13,NISSAN QASHQAI,4,E01030640,0,1
202454B651924,2024,54B651924,1,9,0,14,14,4,8,0,0,0,0,0,0,0,4,1,6,6,2,39,7,1197,1,6,NISSAN QASHQAI,8,E01032049,0,1
2024430535788,2024,430535788,2,9,0,3,3,4,8,0,0,8,0,0,0,0,2,1,1,1,3,38,7,1461,2,8,NISSAN QASHQAI,5,E01028604,0,4
2024552401314,2024,552401314,2,9,0,3,3,6,2,0,0,4,0,0,0,0,2,1,6,6,2,77,11,1598,2,9,NISSAN QASHQAI,10,E01020407,0,2
2024010546079,2024,010546079,2,9,9,99,99,9,9,99,99,9,9,99,9,99,1,9,6,6,3,-1,-1,1198,1,10,NISSAN QASHQAI,-1,-1,0,-1
2024201450616,2024,201450616,1,9,0,-1,5,6,2,-1,0,6,0,0,0,0,4,1,-1,2,1,35,6,1598,2,6,NISSAN QASHQAI,-1,-1,0,-1
2024991505449,2024,991505449,1,9,0,-1,19,1,5,-1,0,0,5,0,2,4,1,1,-1,9,1,70,10,1332,1,5,NISSAN QASHQAI,7,E01014864,0,5
2024440262873,2024,440262873,2,9,0,2,2,0,0,0,0,2,0,0,0,0,2,1,6,6,1,52,8,1497,8,1,NISSAN QASHQAI,-1,-1,0,-1
2024522402822,2024,522402822,1,9,0,10,10,3,1,0,0,1,0,0,0,0,2,1,6,6,2,35,6,1197,1,9,NISSAN QASHQAI,10,E01014876,0,1
2024430383068,2024,430383068,2,9,0,4,4,3,7,0,0,0,0,0,0,0,2,1,6,6,1,43,7,1197,1,7,NISSAN QASHQAI,9,E01032947,0,2
2024161540848,2024,161540848,1,9,0,-1,5,5,1,-1,0,2,0,0,0,0,1,1,-1,7,2,41,7,1332,1,3,NISSAN QASHQAI,4,E01012964,0,1
2024332400686,2024,332400686,1,9,0,-1,19,4,1,-1,0,0,5,0,1,0,4,1,-1,6,1,86,11,1197,1,6,NISSAN QASHQAI,10,E01025787,0,2
2024320607693,2024,320607693,2,9,0,3,3,6,2,0,0,1,0,0,1,0,2,1,-1,-1,2,29,6,1461,2,9,NISSAN QASHQAI,8,E01026065,0,4
2024010532859,2024,010532859,2,9,9,99,99,9,9,0,0,9,0,99,9,99,9,9,6,6,3,-1,-1,1197,1,9,NISSAN QASHQAI,2,E01003159,0,1
2024010550593,2024,010550593,1,9,0,18,19,4,8,0,0,1,0,0,0,0,3,1,1,1,1,48,8,1332,8,2,NISSAN QASHQAI,8,E01004111,0,2
2024361480671,2024,361480671,1,9,0,-1,19,1,5,-1,0,0,0,4,0,0,1,1,-1,9,1,67,10,1461,2,15,NISSAN QASHQAI,4,E01026888,0,2
2024041473069,2024,041473069,2,9,0,-1,2,0,0,-1,9,0,0,0,0,0,1,1,-1,6,-1,-1,-1,1598,1,11,NISSAN QASHQAI,-1,-1,0,-1
2024320487118,2024,320487118,1,9,0,13,13,8,4,0,0,1,0,0,0,0,1,1,-1,-1,1,35,6,1332,8,2,NISSAN QASHQAI,3,E01026059,0,2
2024131493181,2024,131493181,1,9,0,-1,-1,-1,-1,-1,-1,8,-1,-1,-1,0,-1,1,-1,9,1,76,11,1598,1,12,NISSAN QASHQAI,2,E01032608,0,1
2024141469181,2024,141469181,3,9,0,-1,3,7,3,-1,0,0,0,0,0,0,2,9,-1,6,1,39,7,1994,2,15,NISSAN QASHQAI,5,E01007390,0,4
2024070790370,2024,070790370,1,9,0,-1,19,1,2,-1,0,6,0,0,0,0,1,9,-1,6,2,43,7,1461,2,6,NISSAN QASHQAI,2,E01033300,0,1
2024332400981,2024,332400981,1,9,0,-1,5,3,7,-1,0,4,0,0,0,0,3,1,-1,9,1,57,9,1497,8,1,NISSAN QASHQAI,7,E01025626,0,2
2024371477613,2024,371477613,3,9,0,-1,10,1,3,-1,0,1,0,0,0,0,2,1,-1,6,2,37,7,1461,2,13,NISSAN QASHQAI,5,E01030281,0,1
2024430219100,2024,430219100,1,9,0,16,19,3,7,0,0,3,0,0,0,0,1,1,6,6,2,49,8,1598,1,12,NISSAN QASHQAI,10,E01022203,0,4
2024052402578,2024,052402578,1,9,0,18,19,7,3,0,0,0,0,0,0,0,1,1,6,6,3,-1,-1,1332,8,0,NISSAN QASHQAI,-1,-1,0,-1
2024221498862,2024,221498862,3,9,0,-1,19,2,6,-1,0,0,0,4,0,0,1,1,-1,1,2,61,9,1332,1,3,NISSAN QASHQAI,-1,-1,0,-1
2024461502961,2024,461502961,1,9,0,-1,19,1,5,-1,0,0,0,0,0,0,1,1,-1,2,2,28,6,1197,1,9,NISSAN QASHQAI,2,E01024686,0,4
2024010517972,2024,010517972,2,9,0,99,99,9,9,99,99,9,9,99,9,99,9,9,6,6,3,-1,-1,1598,1,15,NISSAN QASHQAI,-1,-1,0,-1
2024401471157,2024,401471157,1,9,0,-1,19,-1,-1,-1,0,0,0,0,0,0,3,9,-1,6,3,-1,-1,1461,2,14,NISSAN QASHQAI,-1,-1,0,-1
2024340WN6322,2024,340WN6322,2,9,0,-1,19,3,7,-1,0,0,0,0,0,0,1,1,-1,9,2,29,6,1598,2,11,NISSAN QASHQAI,9,E01020416,0,5
2024311450029,2024,311450029,1,9,0,-1,19,4,8,-1,0,2,0,0,0,0,2,1,-1,9,1,65,9,1598,2,11,NISSAN QASHQAI,2,E01028110,0,1
2024031499950,2024,031499950,2,9,0,-1,19,4,8,-1,0,0,1,0,0,0,3,1,-1,9,1,34,6,1461,2,7,NISSAN QASHQAI,3,E01025697,0,5
2024361463415,2024,361463415,2,9,0,-1,4,3,7,-1,0,0,0,0,0,0,2,1,-1,6,2,55,8,1332,8,3,NISSAN QASHQAI,4,E01026794,0,2
2024461405964,2024,461405964,1,9,0,-1,5,3,7,-1,0,0,0,0,0,0,1,1,-1,1,2,38,7,1461,2,9,NISSAN QASHQAI,1,E01024621,0,1
2024371469352,2024,371469352,2,9,0,-1,19,4,2,-1,0,0,0,0,0,0,1,1,-1,6,2,72,10,1332,8,2,NISSAN QASHQAI,5,E01030130,0,2
2024461509311,2024,461509311,1,9,0,-1,19,5,1,-1,0,0,0,0,0,0,3,9,-1,6,3,-1,-1,1332,8,1,NISSAN QASHQAI,5,E01000330,0,1
2024991408515,2024,991408515,1,9,0,-1,1,2,6,-1,0,0,2,0,0,0,2,1,-1,9,1,52,8,1332,1,3,NISSAN QASHQAI,8,-1,0,1
2024501408471,2024,501408471,2,9,0,-1,4,7,3,-1,0,1,0,0,0,0,2,1,-1,9,2,63,9,1332,8,1,NISSAN QASHQAI,5,E01020177,0,3
2024440034525,2024,440034525,2,9,0,18,19,5,1,0,0,1,0,0,0,0,1,1,6,6,2,58,9,1332,8,2,NISSAN QASHQAI,2,E01017340,0,1
2024010517478,2024,010517478,1,9,0,99,99,9,9,99,99,9,9,99,9,99,9,9,6,6,3,-1,-1,1198,1,9,NISSAN QASHQAI,-1,-1,0,-1
2024010501775,2024,010501775,1,9,0,5,5,5,1,0,0,0,0,7,0,0,3,1,3,7,2,50,8,1497,8,1,NISSAN QASHQAI,4,E01032784,0,1
2024010546219,2024,010546219,2,9,0,99,99,9,9,99,99,9,9,99,9,99,9,9,6,6,3,35,6,1598,1,13,NISSAN QASHQAI,7,E01003270,0,3
2024451437553,2024,451437553,1,9,0,-1,4,1,5,-1,0,0,0,0,0,0,2,1,-1,9,2,35,6,1461,2,6,NISSAN QASHQAI,8,E01030390,0,1
2024991466105,2024,991466105,1,9,0,-1,19,5,1,-1,0,8,1,0,0,0,1,1,-1,6,1,56,9,1598,1,15,NISSAN QASHQAI,1,-1,0,1
2024061510140,2024,061510140,1,9,0,-1,19,-1,-1,-1,99,0,9,99,7,99,3,1,-1,9,1,41,7,1461,2,7,NISSAN QASHQAI,2,E01005262,0,1
2024122400280,2024,122400280,1,9,0,18,19,5,1,0,0,0,5,0,7,11,3,1,6,6,1,74,10,1497,8,2,NISSAN QASHQAI,7,E01027667,0,1
2024461440428,2024,461440428,2,9,0,-1,14,5,3,-1,0,6,0,0,0,0,3,9,-1,2,2,36,7,1461,2,8,NISSAN QASHQAI,1,E01024193,0,1
2024622500023,2024,622500023,2,9,0,16,19,8,5,0,0,0,0,0,0,0,4,1,6,6,2,31,6,1197,1,7,NISSAN QASHQAI,2,W01001138,0,3
2024201457739,2024,201457739,4,9,0,-1,19,6,8,-1,0,2,0,0,0,0,2,1,-1,6,2,58,9,1461,2,6,NISSAN QASHQAI,4,E01010556,0,1
2024320751165,2024,320751165,3,9,0,-1,-1,6,2,0,0,0,2,0,1,0,1,1,6,6,2,47,8,1461,2,12,NISSAN QASHQAI,8,E01026065,0,3
2024361482022,2024,361482022,1,9,0,-1,9,7,5,-1,0,5,0,0,1,9,4,1,-1,2,1,26,6,1598,2,11,NISSAN QASHQAI,2,E01026753,0,2
2024041425589,2024,041425589,2,9,0,-1,9,5,3,-1,0,0,0,0,0,0,4,1,-1,9,1,25,5,1332,8,2,NISSAN QASHQAI,6,E01025541,0,1
2024131522310,2024,131522310,1,9,0,-1,19,1,5,-1,0,0,0,0,1,0,0,1,-1,6,1,86,11,1332,8,1,NISSAN QASHQAI,3,E01005518,0,2
2024201421926,2024,201421926,1,9,0,-1,7,7,8,-1,0,5,0,0,0,0,1,1,-1,6,1,50,8,1598,2,9,NISSAN QASHQAI,-1,-1,0,-1
2024010502653,2024,010502653,2,9,0,99,99,9,9,99,99,9,9,99,9,99,1,9,6,6,3,21,5,1598,2,8,NISSAN QASHQAI,3,E01000485,0,1
2024461505904,2024,461505904,2,9,0,-1,10,0,0,-1,0,1,0,0,0,0,2,1,-1,9,2,54,8,1332,8,2,NISSAN QASHQAI,4,E01024042,0,1
202417H104424,2024,17H104424,2,9,0,-1,19,2,6,-1,0,8,0,0,0,0,1,1,-1,2,2,27,6,1461,2,11,NISSAN QASHQAI,-1,-1,0,-1
2024010511228,2024,010511228,1,9,0,16,19,7,3,0,0,4,0,0,0,0,4,1,6,6,1,40,7,1461,2,8,NISSAN QASHQAI,-1,-1,0,-1
2024461439580,2024,461439580,1,9,0,-1,10,8,2,-1,0,8,0,0,0,0,2,1,-1,6,1,52,8,1598,1,11,NISSAN QASHQAI,-1,-1,0,-1
2024010540821,2024,010540821,1,9,0,99,99,9,9,99,99,9,9,99,9,99,2,9,6,6,1,42,7,1598,1,16,NISSAN QASHQAI,7,E01002160,0,1
2024201427652,2024,201427652,2,9,0,-1,7,7,2,-1,0,3,0,0,0,0,4,1,-1,9,2,49,8,1332,1,5,NISSAN QASHQAI,-1,-1,0,-1
2024421471929,2024,421471929,2,9,0,-1,19,7,3,-1,0,0,0,0,0,0,2,1,-1,6,1,39,7,1997,1,15,NISSAN QASHQAI,8,E01034089,0,3
2024010518836,2024,010518836,1,9,0,18,19,7,3,0,0,0,0,0,0,0,1,1,2,2,2,45,7,1332,1,3,NISSAN QASHQAI,2,E01003511,0,1
2024201421710,2024,201421710,2,9,0,-1,19,8,4,-1,0,0,0,0,0,0,3,9,-1,7,2,26,6,1598,1,14,NISSAN QASHQAI,2,E01010417,0,1
2024201407181,2024,201407181,1,9,0,-1,19,2,6,-1,0,0,0,0,0,0,1,9,-1,9,2,50,8,1598,1,11,NISSAN QASHQAI,6,E01009446,0,1
2024221417996,2024,221417996,2,9,0,-1,19,4,7,-1,0,8,0,0,0,0,1,1,-1,6,1,32,6,1461,2,7,NISSAN QASHQAI,6,E01021362,0,5
2024201460291,2024,201460291,2,9,0,-1,13,2,6,-1,0,1,0,0,0,0,4,1,-1,7,2,43,7,1598,1,13,NISSAN QASHQAI,2,E01010038,0,1
2024440306308,2024,440306308,1,9,0,9,9,8,6,0,0,5,0,0,0,0,3,1,6,6,2,23,5,1461,2,14,NISSAN QASHQAI,-1,-1,0,-1
2024552401281,2024,552401281,2,9,0,18,19,6,2,0,0,0,0,0,0,0,0,1,3,7,2,34,6,1997,1,12,NISSAN QASHQAI,4,E01015327,0,1
2024440267434,2024,440267434,1,9,0,5,5,1,5,0,0,4,0,0,0,0,1,1,6,6,2,32,6,1332,1,4,NISSAN QASHQAI,7,E01022532,0,1
2024041533605,2024,041533605,2,9,0,-1,5,7,3,-1,0,0,0,0,0,0,1,1,-1,9,1,52,8,1332,1,4,NISSAN QASHQAI,6,E01025329,0,3
2024552401267,2024,552401267,2,9,0,2,2,0,0,0,0,0,0,0,0,0,2,1,6,6,3,-1,-1,1461,2,11,NISSAN QASHQAI,-1,-1,0,-1
2024471397312,2024,471397312,2,9,0,-1,19,2,6,-1,0,1,0,0,1,10,1,1,-1,9,2,17,4,1332,8,2,NISSAN QASHQAI,9,E01031563,0,1
2024471513959,2024,471513959,1,9,0,-1,19,3,7,-1,0,1,0,0,0,0,4,1,-1,2,2,44,7,1497,8,1,NISSAN QASHQAI,2,E01031450,0,4
2024361416173,2024,361416173,1,9,0,-1,19,5,1,-1,0,0,5,0,0,0,1,9,-1,9,1,36,7,1461,2,12,NISSAN QASHQAI,4,E01026523,0,1
2024010505138,2024,010505138,2,9,0,99,99,9,9,99,99,6,9,99,9,99,9,9,6,6,3,-1,-1,1598,1,12,NISSAN QASHQAI,-1,-1,0,-1
2024061443583,2024,061443583,1,9,0,-1,-1,-1,-1,-1,-1,-1,-1,-1,-1,0,-1,1,-1,6,3,-1,-1,1461,2,13,NISSAN QASHQAI,-1,-1,0,-1
2024461404619,2024,461404619,2,9,0,-1,4,5,1,-1,0,1,0,0,0,0,4,9,-1,6,2,42,7,1461,2,14,NISSAN QASHQAI,6,E01024716,0,1
2024010527488,2024,010527488,1,9,0,3,3,3,7,0,0,0,0,0,0,0,2,1,6,6,1,46,8,1461,2,8,NISSAN QASHQAI,4,W01001424,0,5
2024461498020,2024,461498020,2,9,0,-1,4,5,1,-1,0,0,0,0,0,0,2,9,-1,6,2,-1,-1,1461,2,14,NISSAN QASHQAI,1,E01024581,0,2
2024010518356,2024,010518356,2,9,0,99,99,9,9,99,99,9,9,99,9,99,1,9,6,6,1,56,9,1332,1,5,NISSAN QASHQAI,3,E01003983,0,1
2024231445371,2024,231445371,2,9,0,-1,4,4,8,-1,0,0,0,0,0,0,2,1,-1,6,1,72,10,1332,1,4,NISSAN QASHQAI,10,E01025802,0,4
2024141513588,2024,141513588,2,9,0,-1,19,3,7,-1,0,0,0,0,0,0,1,1,-1,6,2,42,7,1461,2,9,NISSAN QASHQAI,1,E01008123,0,1
2024161423385,2024,161423385,1,9,0,-1,19,7,3,-1,0,8,0,0,0,0,1,1,-1,9,1,30,6,1197,1,8,NISSAN QASHQAI,7,E01012993,0,1
2024010533173,2024,010533173,2,9,0,2,2,0,0,9,9,0,0,10,1,0,2,1,6,6,3,-1,-1,1332,8,2,NISSAN QASHQAI,-1,-1,0,-1
2024101488783,2024,101488783,2,9,0,-1,19,5,1,-1,0,0,0,0,1,0,3,1,-1,6,2,60,9,1332,8,2,NISSAN QASHQAI,5,E01035637,0,2
2024991432069,2024,991432069,1,9,0,-1,19,7,3,-1,0,0,0,0,0,0,1,2,-1,6,2,48,8,1461,2,13,NISSAN QASHQAI,7,-1,0,1
2024531432587,2024,531432587,2,9,0,-1,19,5,1,-1,0,1,0,0,0,0,1,1,-1,6,1,58,9,1598,2,6,NISSAN QASHQAI,10,E01026189,0,5
2024010515176,2024,010515176,2,9,0,99,99,9,9,99,99,9,9,99,9,99,4,9,6,6,1,40,7,1598,2,8,NISSAN QASHQAI,4,E01003734,0,1
2024010505216,2024,010505216,1,9,0,18,19,7,3,0,0,0,0,0,0,0,1,1,6,6,1,64,9,1598,1,12,NISSAN QASHQAI,2,E01004089,0,1
2024320383719,2024,320383719,1,9,0,18,19,4,8,0,0,7,0,4,0,0,1,1,6,6,2,43,7,1461,2,15,NISSAN QASHQAI,8,E01018296,0,5
2024451439098,2024,451439098,1,9,0,-1,19,5,1,-1,0,0,0,0,0,0,1,1,-1,9,1,73,10,1994,2,16,NISSAN QASHQAI,10,E01030937,0,2
2024520402276,2024,520402276,3,9,0,2,2,0,0,0,0,0,0,0,1,0,3,1,6,6,2,33,6,1618,1,6,NISSAN QASHQAI,7,E01014611,0,4
2024440015281,2024,440015281,2,9,0,2,2,0,0,0,0,0,0,0,0,0,3,1,3,7,1,49,8,1332,8,1,NISSAN QASHQAI,6,E01017300,0,2
2024161507596,2024,161507596,2,9,0,-1,8,2,5,-1,0,2,0,0,0,0,1,1,-1,6,2,-1,-1,1332,1,3,NISSAN QASHQAI,3,E01013071,0,1
2024471486957,2024,471486957,1,9,0,-1,19,1,5,-1,0,1,0,0,0,0,3,1,-1,6,1,38,7,1618,1,10,NISSAN QASHQAI,4,E01016948,0,1
2024122401097,2024,122401097,1,9,0,9,9,6,2,0,0,1,0,0,0,0,1,1,6,6,2,35,6,1461,2,13,NISSAN QASHQAI,8,E01027771,0,1
2024440341829,2024,440341829,1,9,0,7,7,2,4,0,0,5,0,0,0,0,4,1,6,6,2,36,7,1995,2,13,NISSAN QASHQAI,2,E01022970,0,1
2024991499315,2024,991499315,2,9,0,-1,19,7,3,-1,0,0,0,0,0,0,3,1,-1,6,1,53,8,1461,2,7,NISSAN QASHQAI,5,-1,0,1
2024361411431,2024,361411431,1,9,0,-1,9,4,1,-1,0,8,0,0,0,0,3,1,-1,2,1,37,7,1598,2,10,NISSAN QASHQAI,2,E01026829,0,1
2024320480208,2024,320480208,1,9,0,-1,-1,8,2,0,0,0,5,0,7,0,4,1,-1,-1,1,49,8,1332,8,1,NISSAN QASHQAI,-1,-1,0,-1
2024201523349,2024,201523349,1,9,0,-1,19,3,5,-1,0,0,0,0,0,0,1,1,-1,6,-1,-1,-1,1598,2,10,NISSAN QASHQAI,-1,-1,0,-1
2024302401622,2024,302401622,1,9,0,3,3,6,2,0,0,0,0,0,0,0,3,1,1,1,2,47,8,1461,2,15,NISSAN QASHQAI,4,E01027996,0,2
2024522403255,2024,522403255,2,9,0,9,9,6,5,0,0,6,0,0,0,0,3,1,6,6,1,45,7,1198,1,9,NISSAN QASHQAI,5,E01014861,0,2
2024010500360,2024,010500360,2,9,0,99,99,9,9,99,99,9,9,99,9,99,9,9,6,6,3,-1,-1,1332,8,1,NISSAN QASHQAI,-1,-1,0,-1
2024471483670,2024,471483670,2,9,0,-1,19,3,7,-1,0,0,0,4,0,0,1,1,-1,9,1,60,9,1332,8,3,NISSAN QASHQAI,9,E01017003,0,4
2024311443742,2024,311443742,1,9,0,-1,9,1,7,-1,0,0,0,0,0,0,1,1,-1,6,2,31,6,1461,2,6,NISSAN QASHQAI,3,E01013888,0,1
2024010521792,2024,010521792,1,9,0,99,99,9,9,99,99,0,9,99,9,99,9,9,6,6,1,23,5,1598,2,6,NISSAN QASHQAI,3,E01001362,0,4
2024061484269,2024,061484269,2,9,0,-1,19,7,3,-1,0,1,0,0,0,0,3,1,-1,2,2,55,8,1461,2,11,NISSAN QASHQAI,3,E01004947,0,1
2024461481115,2024,461481115,1,9,0,-1,5,4,6,-1,0,0,0,0,0,0,1,1,-1,9,1,82,11,1197,1,6,NISSAN QASHQAI,3,E01000718,0,4
2024520403280,2024,520403280,1,9,0,18,19,1,5,0,0,1,0,0,0,0,3,1,6,6,2,28,6,1994,2,13,NISSAN QASHQAI,6,E01020448,0,4
2024371471988,2024,371471988,1,9,0,-1,1,1,5,-1,0,2,0,0,0,0,2,1,-1,9,2,69,10,1332,1,5,NISSAN QASHQAI,10,E01030129,0,1
2024211435316,2024,211435316,2,9,0,-1,2,0,0,-1,-1,2,0,0,0,0,4,1,-1,6,-1,-1,-1,1598,2,10,NISSAN QASHQAI,-1,-1,0,-1
2024440543990,2024,440543990,1,9,0,18,19,5,1,0,0,0,5,0,1,9,0,1,6,6,1,85,11,1598,2,10,NISSAN QASHQAI,9,E01034719,0,1
2024221406435,2024,221406435,2,9,0,-1,3,5,1,-1,0,1,0,0,0,0,2,9,-1,6,2,32,6,1198,1,10,NISSAN QASHQAI,8,E01032184,0,2
2024440221034,2024,440221034,2,9,0,18,19,8,4,0,0,8,0,0,0,0,4,1,6,6,2,33,6,1461,2,6,NISSAN QASHQAI,4,E01022479,0,1
2024361483155,2024,361483155,2,9,0,-1,5,1,6,-1,0,2,0,0,0,0,3,1,-1,9,2,29,6,1332,1,5,NISSAN QASHQAI,1,E01013480,0,5
2024101468001,2024,101468001,2,9,0,-1,-1,3,1,-1,-1,0,-1,-1,-1,0,-1,1,-1,6,1,46,8,1598,2,9,NISSAN QASHQAI,-1,-1,0,-1
2024122400316,2024,122400316,2,9,0,10,10,1,5,0,0,1,0,0,0,0,2,1,6,6,1,64,9,1332,8,2,NISSAN QASHQAI,7,E01027647,0,1
2024161438692,2024,161438692,2,9,0,-1,19,7,3,-1,0,0,0,0,0,0,1,9,-1,6,2,-1,-1,1461,2,10,NISSAN QASHQAI,-1,-1,0,-1
2024010546221,2024,010546221,1,9,0,9,9,1,7,0,0,5,0,0,0,0,3,1,1,1,1,35,6,1618,1,7,NISSAN QASHQAI,2,E01024170,0,4
2024622400416,2024,622400416,2,9,0,18,19,7,3,0,0,4,0,0,0,0,1,1,6,6,2,66,10,1332,8,3,NISSAN QASHQAI,4,W01001234,0,4
2024531463837,2024,531463837,2,9,0,-1,2,0,0,-1,0,0,0,0,0,0,3,9,-1,6,-1,-1,-1,1461,2,16,NISSAN QASHQAI,-1,-1,0,-1
2024010531015,2024,010531015,1,9,0,5,5,7,3,0,0,6,0,0,0,0,1,1,6,6,2,40,7,1332,8,2,NISSAN QASHQAI,10,E01002951,0,1
2024320304818,2024,320304818,1,9,0,-1,-1,4,8,0,0,1,0,0,0,0,1,1,-1,-1,1,28,6,1332,1,3,NISSAN QASHQAI,8,E01026314,0,3
2024351406344,2024,351406344,1,9,0,-1,9,6,4,-1,0,8,0,0,0,0,3,1,-1,2,2,64,9,1461,2,13,NISSAN QASHQAI,-1,-1,0,-1
2024010517126,2024,010517126,2,9,0,99,99,9,9,99,99,9,9,99,9,99,2,9,6,6,1,79,11,1598,1,13,NISSAN QASHQAI,7,E01003429,0,1
2024070196003,2024,070196003,2,9,0,10,10,8,4,0,0,1,0,0,0,0,2,1,6,6,1,60,9,1598,2,9,NISSAN QASHQAI,9,E01012563,0,1
2024311506020,2024,311506020,1,9,0,-1,19,7,3,-1,0,0,1,0,1,0,1,1,-1,9,1,55,8,1197,1,7,NISSAN QASHQAI,9,E01028332,0,2
2024010519375,2024,010519375,1,9,0,1,1,3,7,0,0,6,0,0,0,0,2,9,6,6,3,40,7,1198,1,10,NISSAN QASHQAI,6,E01001201,0,1
2024010504759,2024,010504759,2,9,0,7,7,5,8,0,0,4,0,0,0,0,1,1,6,6,1,52,8,1332,8,2,NISSAN QASHQAI,2,E01001461,0,1
2024010547578,2024,010547578,1,9,0,10,10,7,5,0,0,6,0,0,0,0,1,1,6,6,1,26,6,1197,1,8,NISSAN QASHQAI,3,E01004041,0,1
2024471472079,2024,471472079,1,9,0,-1,19,5,1,-1,0,0,0,0,0,0,1,1,-1,9,2,37,7,1332,1,6,NISSAN QASHQAI,7,E01035329,0,1
2024010515797,2024,010515797,2,9,0,16,19,4,8,0,0,8,0,0,0,0,1,1,6,6,1,72,10,1197,1,8,NISSAN QASHQAI,9,E01004171,0,1
2024531458960,2024,531458960,2,9,0,-1,19,7,3,-1,0,8,0,0,0,0,4,1,-1,6,1,46,8,1332,8,3,NISSAN QASHQAI,2,E01022332,0,1
2024141457977,2024,141457977,1,9,0,-1,10,6,4,-1,0,1,0,0,0,0,1,1,-1,9,1,33,6,1598,1,15,NISSAN QASHQAI,2,E01007333,0,2
2024471457689,2024,471457689,1,9,0,-1,19,6,2,-1,0,0,5,0,1,0,4,1,-1,9,1,72,10,1197,1,9,NISSAN QASHQAI,10,E01001019,0,4
2024302400588,2024,302400588,1,9,0,9,9,1,6,0,0,8,0,0,0,0,1,1,6,6,1,60,9,1461,2,7,NISSAN QASHQAI,6,E01013505,0,1
2024131439578,2024,131439578,2,9,0,-1,3,0,0,-1,0,0,0,0,0,0,2,1,-1,6,2,43,7,1197,1,7,NISSAN QASHQAI,8,E01011873,0,3
2024522401345,2024,522401345,1,9,0,5,5,3,7,0,0,0,0,0,7,11,1,1,6,6,2,47,8,1198,1,10,NISSAN QASHQAI,7,E01014839,0,1
2024010533637,2024,010533637,1,9,9,99,99,9,9,0,0,9,9,99,9,99,9,1,6,6,1,27,6,1461,2,11,NISSAN QASHQAI,4,E01024132,0,4
2024061493268,2024,061493268,1,9,0,-1,19,2,5,-1,0,0,0,0,0,0,1,1,-1,6,2,-1,-1,1598,1,12,NISSAN QASHQAI,-1,-1,0,-1
2024010546342,2024,010546342,1,9,0,7,7,2,5,0,0,1,0,0,0,0,1,1,6,6,2,37,7,1332,1,4,NISSAN QASHQAI,2,E01004721,0,1
2024461413543,2024,461413543,3,9,0,-1,2,0,0,-1,0,0,0,0,0,0,2,1,-1,6,-1,-1,-1,1461,2,12,NISSAN QASHQAI,-1,-1,0,-1
2024631504697,2024,631504697,2,9,0,-1,5,8,4,-1,0,6,0,0,0,0,3,1,-1,6,1,33,6,1461,2,14,NISSAN QASHQAI,4,W01001311,0,3
2024041451063,2024,041451063,2,9,0,-1,19,1,5,-1,0,0,0,0,0,0,4,1,-1,1,2,36,7,1461,2,7,NISSAN QASHQAI,4,E01025288,0,1
2024010536728,2024,010536728,1,9,0,9,9,1,7,0,0,8,0,0,0,0,0,1,2,2,2,61,9,1197,1,7,NISSAN QASHQAI,9,E01024186,0,1
2024010525350,2024,010525350,2,9,9,99,99,9,9,99,99,9,9,99,9,99,9,9,6,6,3,-1,-1,1461,2,5,NISSAN QASHQAI,-1,-1,0,-1
2024010496442,2024,010496442,1,9,0,99,99,9,9,99,99,9,9,99,9,99,3,9,6,6,1,51,8,1598,1,11,NISSAN QASHQAI,8,E01001392,0,1
2024010514952,2024,010514952,1,9,0,18,19,3,7,0,0,1,1,4,0,0,1,1,6,6,1,24,5,1461,2,14,NISSAN QASHQAI,4,E01004326,0,1
2024430343322,2024,430343322,2,9,0,4,4,5,1,0,0,0,0,0,0,0,2,1,6,6,2,66,10,1332,8,1,NISSAN QASHQAI,10,E01025259,0,5
2024501506041,2024,501506041,1,9,0,-1,13,4,8,-1,0,8,5,0,0,0,1,1,-1,6,2,45,7,1461,2,12,NISSAN QASHQAI,5,E01018959,0,3
2024430018661,2024,430018661,1,9,0,18,19,3,7,0,0,0,0,0,0,0,1,1,6,6,1,71,10,1461,2,13,NISSAN QASHQAI,2,E01016806,0,1