collision_index,collision_year,collision_ref_no,vehicle_reference,vehicle_type,towing_and_articulation,vehicle_manoeuvre_historic,vehicle_manoeuvre,vehicle_direction_from,vehicle_direction_to,vehicle_location_restricted_lane_historic,vehicle_location_restricted_lane,junction_location,skidding_and_overturning,hit_object_in_carriageway,vehicle_leaving_carriageway,hit_object_off_carriageway,first_point_of_impact,vehicle_left_hand_drive,journey_purpose_of_driver_historic,journey_purpose_of_driver,sex_of_driver,age_of_driver,age_band_of_driver,engine_capacity_cc,propulsion_code,age_of_vehicle,generic_make_model,driver_imd_decile,lsoa_of_driver,escooter_flag,driver_distance_banding
2024471415565,2024,471415565,2,9,0,-1,19,1,5,-1,0,0,1,0,7,0,3,1,-1,2,1,34,6,1332,1,5,NISSAN QASHQAI,4,E01033329,0,2
2024041456820,2024,041456820,1,9,0,-1,19,3,7,-1,0,8,0,0,0,0,3,1,-1,1,2,41,7,1461,2,10,NISSAN QASHQAI,8,E01010709,0,4
2024201499441,2024,201499441,1,9,0,-1,19,2,6,-1,0,0,0,0,0,0,3,9,-1,9,1,47,8,1598,1,13,NISSAN QASHQAI,7,E01008967,0,1
2024052402540,2024,052402540,1,9,0,18,19,4,8,0,0,0,0,0,0,0,1,1,6,6,1,34,6,1461,2,7,NISSAN QASHQAI,1,E01006728,0,1
2024010535574,2024,010535574,2,9,0,3,3,5,1,0,0,0,0,0,0,0,2,1,6,6,2,49,8,1197,1,7,NISSAN QASHQAI,8,E01000704,0,1
2024332400344,2024,332400344,1,9,0,-1,9,3,1,-1,0,5,0,0,0,0,1,1,-1,2,2,45,7,1461,2,13,NISSAN QASHQAI,7,E01025647,0,1
2024332400753,2024,332400753,2,9,0,-1,10,5,3,-1,0,8,0,0,0,0,2,1,-1,6,2,45,7,1461,2,10,NISSAN QASHQAI,2,E01013604,0,1
2024041492241,2024,041492241,1,9,0,-1,19,5,1,-1,0,0,0,0,0,0,1,1,-1,6,1,30,6,1598,1,15,NISSAN QASHQAI,-1,-1,0,-1
2024311409648,2024,311409648,1,9,0,-1,19,5,1,-1,0,1,0,0,0,0,1,1,-1,6,2,34,6,1598,1,11,NISSAN QASHQAI,-1,-1,0,-1
2024520000245,2024,520000245,1,9,0,4,4,3,7,0,0,1,0,0,0,0,2,1,6,6,1,43,7,1461,2,14,NISSAN QASHQAI,4,E01014401,0,1
2024041460576,2024,041460576,2,9,0,-1,9,8,4,-1,0,0,0,0,0,0,4,1,-1,9,2,27,6,1332,1,4,NISSAN QASHQAI,8,E01024862,0,3
2024351516814,2024,351516814,1,9,0,-1,4,1,4,-1,0,0,0,0,0,0,1,1,-1,2,1,57,9,1598,2,10,NISSAN QASHQAI,2,E01035538,0,3
2024440293927,2024,440293927,1,9,0,9,9,1,7,0,0,8,0,0,0,0,3,1,6,6,2,44,7,1197,1,8,NISSAN QASHQAI,4,E01017110,0,1
2024501484764,2024,501484764,1,9,0,-1,19,6,2,-1,0,0,0,0,0,0,4,1,-1,9,1,53,8,1197,1,6,NISSAN QASHQAI,2,E01004469,0,5
2024131519996,2024,131519996,1,9,0,-1,19,1,3,-1,0,1,1,0,0,0,1,1,-1,7,2,29,6,1332,8,0,NISSAN QASHQAI,5,E01010934,0,1
2024302400510,2024,302400510,2,9,0,9,9,6,4,0,0,8,0,0,0,0,0,1,6,6,1,27,6,1598,2,7,NISSAN QASHQAI,3,E01029804,0,3
2024201434678,2024,201434678,3,9,0,-1,19,7,3,-1,0,0,0,0,0,0,1,9,-1,6,1,32,6,1598,2,11,NISSAN QASHQAI,10,E01022181,0,4
2024440186612,2024,440186612,1,9,0,9,9,6,4,0,0,1,0,0,0,0,1,1,6,6,2,53,8,1598,1,12,NISSAN QASHQAI,3,E01022959,0,1
2024052401868,2024,052401868,1,9,0,18,19,1,5,0,0,0,0,0,0,0,3,1,6,6,2,40,7,1995,2,13,NISSAN QASHQAI,2,E01007181,0,1
2024552401549,2024,552401549,2,9,0,18,19,5,1,0,0,8,0,0,0,0,1,1,6,6,1,38,7,1332,8,3,NISSAN QASHQAI,6,E01016994,0,5
2024010547241,2024,010547241,1,9,0,1,1,7,3,0,0,6,0,0,0,0,2,1,6,6,1,67,10,1461,2,7,NISSAN QASHQAI,-1,-1,0,-1
2024031469856,2024,031469856,1,9,0,-1,4,7,3,-1,0,0,0,0,0,0,0,1,-1,6,2,36,7,1461,2,12,NISSAN QASHQAI,-1,-1,0,-1
2024111535617,2024,111535617,1,9,0,-1,19,8,4,-1,0,0,0,0,0,0,0,9,-1,6,3,30,6,1461,2,7,NISSAN QASHQAI,-1,-1,0,-1
2024421416186,2024,421416186,2,9,0,-1,19,2,6,-1,0,0,0,0,0,0,2,1,-1,9,1,33,6,1332,1,3,NISSAN QASHQAI,2,E01022055,0,4
2024141487727,2024,141487727,1,9,0,-1,4,1,5,-1,0,1,0,0,0,0,1,1,-1,6,1,44,7,1461,2,12,NISSAN QASHQAI,1,E01007760,0,1
2024501439663,2024,501439663,1,9,0,-1,19,8,4,-1,0,0,5,6,0,0,1,1,-1,9,1,61,9,1332,1,4,NISSAN QASHQAI,6,E01019945,0,4
2024440073695,2024,440073695,2,9,0,17,19,1,6,0,0,0,0,0,0,0,1,1,6,6,2,72,10,1461,2,10,NISSAN QASHQAI,2,E01017363,0,2
2024010503394,2024,010503394,2,9,9,99,99,9,9,99,99,9,9,99,9,99,9,9,6,6,3,-1,-1,1197,1,6,NISSAN QASHQAI,-1,-1,0,-1
2024430293178,2024,430293178,2,9,0,18,19,7,3,0,0,1,0,0,0,0,1,1,6,6,1,-1,-1,1461,2,15,NISSAN QASHQAI,-1,-1,0,-1
2024111428918,2024,111428918,1,9,0,-1,19,8,4,-1,0,0,0,0,0,0,3,1,-1,9,1,38,7,1461,2,8,NISSAN QASHQAI,6,E01020822,0,1
2024501514349,2024,501514349,2,9,0,-1,9,4,2,-1,0,4,0,0,0,0,4,1,-1,9,1,47,8,1598,2,9,NISSAN QASHQAI,2,E01015074,0,1
2024371442511,2024,371442511,2,9,0,-1,2,0,0,-1,0,2,0,0,0,0,2,1,-1,6,-1,-1,-1,1461,2,14,NISSAN QASHQAI,-1,-1,0,-1
2024141515816,2024,141515816,1,9,0,-1,3,4,7,-1,0,0,0,0,0,0,2,1,-1,9,1,35,6,1461,2,14,NISSAN QASHQAI,3,E01033769,0,3
2024320549036,2024,320549036,1,9,0,-1,-1,1,5,0,0,1,0,0,0,0,1,1,-1,-1,1,29,6,1461,2,16,NISSAN QASHQAI,6,E01026199,0,3
2024430358248,2024,430358248,2,9,0,6,6,5,5,0,0,8,0,0,0,0,1,1,6,6,2,-1,-1,1197,1,9,NISSAN QASHQAI,-1,-1,0,-1
2024010545616,2024,010545616,1,9,0,99,99,9,9,0,0,9,9,99,9,99,9,9,2,2,2,52,8,1461,2,8,NISSAN QASHQAI,4,E01002557,0,2
2024302401465,2024,302401465,1,9,0,18,19,7,3,0,0,0,0,0,0,0,1,1,6,6,2,41,7,1461,2,10,NISSAN QASHQAI,2,E01019487,0,2
2024061408655,2024,061408655,1,9,0,-1,9,7,4,-1,0,0,0,0,0,0,1,1,-1,9,2,48,8,1461,2,13,NISSAN QASHQAI,8,E01019722,0,3
2024010526148,2024,010526148,2,9,0,1,1,5,1,0,0,0,0,0,0,0,2,1,6,6,2,27,6,1598,1,16,NISSAN QASHQAI,5,E01001570,0,1
2024440376471,2024,440376471,1,9,0,18,19,2,6,0,0,1,0,0,0,0,1,1,6,6,1,28,6,1995,2,13,NISSAN QASHQAI,4,E01022657,0,3
2024161458117,2024,161458117,2,9,0,-1,7,1,4,-1,0,1,0,0,0,0,4,1,-1,7,2,35,6,1461,2,13,NISSAN QASHQAI,6,E01012765,0,1
2024061458941,2024,061458941,1,9,0,-1,19,6,2,-1,0,0,1,0,1,0,1,1,-1,6,1,72,10,1332,1,4,NISSAN QASHQAI,-1,-1,0,-1
2024122401131,2024,122401131,1,9,0,7,7,3,5,0,0,6,0,0,0,0,1,1,6,6,2,-1,-1,1497,8,2,NISSAN QASHQAI,-1,-1,0,-1
2024430480101,2024,430480101,1,9,0,18,19,7,3,0,0,0,0,0,0,0,1,1,2,2,1,34,6,1197,1,9,NISSAN QASHQAI,2,E01015528,0,3
2024201502369,2024,201502369,3,9,0,-1,2,0,0,-1,0,8,0,0,0,0,2,9,-1,1,1,37,7,1461,2,15,NISSAN QASHQAI,3,E01010094,0,1
2024131472229,2024,131472229,2,9,0,-1,19,8,4,-1,0,0,0,0,0,0,4,1,-1,9,1,44,7,1332,8,0,NISSAN QASHQAI,1,E01010719,0,1
2024041395516,2024,041395516,2,9,0,-1,19,7,3,-1,0,2,0,0,0,0,1,1,-1,1,1,35,6,1598,2,11,NISSAN QASHQAI,1,E01025042,0,2
2024201468054,2024,201468054,1,9,0,-1,19,8,4,-1,0,0,0,0,0,0,4,1,-1,9,2,65,9,1997,1,17,NISSAN QASHQAI,4,E01009030,0,1
2024520402000,2024,520402000,1,9,0,18,19,5,1,0,0,2,0,0,0,0,1,1,6,6,1,71,10,1332,8,1,NISSAN QASHQAI,3,E01029175,0,3
2024991493469,2024,991493469,1,9,0,-1,19,8,4,-1,0,3,5,0,0,0,4,1,-1,6,1,86,11,1332,8,0,NISSAN QASHQAI,-1,-1,0,-1
2024991509205,2024,991509205,2,9,4,-1,19,4,8,-1,0,0,2,0,1,0,3,1,-1,1,1,36,7,1461,2,7,NISSAN QASHQAI,7,-1,0,3
2024131414291,2024,131414291,2,9,0,-1,7,7,1,-1,0,3,0,0,0,0,1,1,-1,9,1,33,6,1994,2,15,NISSAN QASHQAI,1,E01011375,0,2
2024211412599,2024,211412599,2,9,0,-1,9,1,5,-1,0,0,1,10,1,0,3,1,-1,2,2,69,10,1332,1,4,NISSAN QASHQAI,3,E01014152,0,3
2024320472133,2024,320472133,1,9,0,-1,-1,8,4,0,0,0,0,4,0,0,1,1,6,6,1,59,9,1461,2,11,NISSAN QASHQAI,3,E01026183,0,1
2024991486246,2024,991486246,2,9,0,-1,19,7,3,-1,0,1,0,0,0,0,2,1,-1,6,2,58,9,1461,2,7,NISSAN QASHQAI,-1,-1,0,-1
2024061451917,2024,061451917,2,9,0,-1,19,7,3,-1,0,1,0,0,0,0,1,1,-1,6,2,70,10,1598,2,10,NISSAN QASHQAI,1,E01033669,0,1
2024041395641,2024,041395641,2,9,0,-1,19,5,1,-1,0,0,0,0,0,0,4,1,-1,9,1,62,9,1332,1,3,NISSAN QASHQAI,9,E01007034,0,4
2024201457295,2024,201457295,1,9,0,-1,12,3,5,-1,9,1,0,10,0,0,1,9,-1,6,2,32,6,1332,8,2,NISSAN QASHQAI,2,E01009487,0,2
2024201453476,2024,201453476,2,9,0,-1,19,5,1,-1,0,6,0,0,0,0,3,1,-1,9,1,53,8,1598,1,16,NISSAN QASHQAI,1,E01034935,0,1
2024061520501,2024,061520501,2,9,0,-1,19,6,2,-1,0,8,0,0,0,0,3,1,-1,9,2,30,6,1461,2,7,NISSAN QASHQAI,1,E01006241,0,1
2024141535689,2024,141535689,1,9,0,-1,19,7,3,-1,0,1,0,0,0,0,1,1,-1,9,1,55,8,1461,2,5,NISSAN QASHQAI,2,E01007906,0,1
2024531529191,2024,531529191,2,9,0,-1,19,5,1,-1,0,8,0,0,0,0,4,1,-1,9,2,66,10,1197,1,7,NISSAN QASHQAI,9,E01022432,0,1
2024010506185,2024,010506185,2,9,0,99,99,9,9,99,99,0,9,99,9,99,1,9,6,6,3,-1,-1,1332,1,3,NISSAN QASHQAI,-1,-1,0,-1
2024451470477,2024,451470477,2,9,0,-1,19,8,4,-1,0,0,0,0,0,0,2,1,-1,9,1,24,5,1497,8,0,NISSAN QASHQAI,5,E01024383,0,4
2024311502452,2024,311502452,1,9,0,-1,4,6,2,-1,0,8,0,0,0,0,1,1,-1,6,1,55,8,1461,2,14,NISSAN QASHQAI,-1,-1,0,-1
2024131516398,2024,131516398,1,9,0,-1,19,5,1,-1,0,8,0,0,0,0,4,1,-1,6,2,78,11,1461,2,12,NISSAN QASHQAI,8,E01011767,0,1
2024122400197,2024,122400197,1,9,0,9,9,5,3,0,0,0,0,0,1,0,4,1,2,2,1,58,9,1332,8,2,NISSAN QASHQAI,10,E01027733,0,1
2024010497774,2024,010497774,1,9,0,5,5,5,1,0,0,2,0,0,0,0,3,1,2,2,2,20,4,1332,8,2,NISSAN QASHQAI,7,E01035490,0,1
2024201448630,2024,201448630,2,9,0,-1,3,3,7,-1,0,1,0,0,0,0,0,1,-1,6,1,40,7,1461,2,9,NISSAN QASHQAI,2,E01009981,0,1
2024430010054,2024,430010054,2,9,0,17,19,6,3,0,0,0,0,0,0,0,1,1,6,6,1,44,7,1461,2,9,NISSAN QASHQAI,9,E01016292,0,2
2024401406826,2024,401406826,2,9,0,-1,5,8,4,-1,0,8,0,0,0,0,1,1,-1,6,2,45,7,1461,2,14,NISSAN QASHQAI,2,E01015749,0,1
2024361483208,2024,361483208,1,9,0,-1,19,7,3,-1,0,1,1,11,0,0,-1,1,-1,9,1,37,7,1994,2,16,NISSAN QASHQAI,-1,-1,0,-1
2024332400648,2024,332400648,1,9,0,-1,9,8,6,-1,0,6,0,0,0,0,4,1,-1,9,1,46,8,1332,8,1,NISSAN QASHQAI,6,E01013680,0,1
2024471490966,2024,471490966,2,9,0,-1,5,7,3,-1,0,1,0,0,0,0,1,1,-1,6,2,60,9,1997,1,16,NISSAN QASHQAI,7,E01016912,0,1
2024201415407,2024,201415407,2,9,0,-1,3,7,3,-1,0,1,0,0,0,0,2,1,-1,1,2,46,8,1461,2,9,NISSAN QASHQAI,-1,-1,0,-1
2024061494931,2024,061494931,2,9,0,-1,19,-1,-1,-1,0,0,0,0,0,0,3,1,-1,9,2,40,7,1332,8,1,NISSAN QASHQAI,7,E01005800,0,1
2024332400982,2024,332400982,1,9,0,-1,9,1,7,-1,0,5,0,0,0,0,4,1,-1,6,1,75,10,1332,1,4,NISSAN QASHQAI,10,E01025737,0,1
2024010514247,2024,010514247,2,9,0,99,99,9,9,99,99,9,9,99,9,99,9,9,6,6,3,-1,-1,1197,1,6,NISSAN QASHQAI,-1,-1,0,-1
2024131462203,2024,131462203,1,9,0,-1,9,1,7,-1,0,0,0,0,0,0,2,1,-1,9,2,61,9,1197,1,7,NISSAN QASHQAI,8,E01027556,0,2
2024101415705,2024,101415705,1,9,0,-1,9,3,1,-1,0,8,0,0,0,0,0,1,-1,6,2,-1,-1,1332,8,1,NISSAN QASHQAI,-1,-1,0,-1
2024061460611,2024,061460611,2,9,0,-1,9,3,7,-1,0,1,0,0,0,0,4,1,-1,6,2,35,6,1598,1,11,NISSAN QASHQAI,3,E01006217,0,1
2024131490641,2024,131490641,1,9,0,-1,19,1,3,-1,0,0,5,0,0,0,1,1,-1,6,1,65,9,1332,1,5,NISSAN QASHQAI,3,E01011585,0,1
2024201503187,2024,201503187,1,9,0,-1,9,8,6,-1,0,4,0,9,3,1,3,2,-1,9,2,45,7,1332,8,1,NISSAN QASHQAI,1,E01010401,0,1
2024010530093,2024,010530093,2,9,0,18,19,7,3,0,0,1,0,4,0,0,1,1,6,6,1,39,7,1332,8,2,NISSAN QASHQAI,4,E01001646,0,2
2024061463116,2024,061463116,1,9,0,-1,7,7,1,-1,0,1,0,0,0,0,4,1,-1,6,1,60,9,1598,1,15,NISSAN QASHQAI,4,E01005217,0,1
2024411474169,2024,411474169,2,9,0,-1,4,7,3,-1,0,7,0,0,0,0,2,1,-1,6,2,37,7,1618,1,9,NISSAN QASHQAI,8,E01023486,0,2
2024991481077,2024,991481077,1,9,0,-1,20,1,7,-1,0,1,0,0,0,0,1,2,-1,9,1,58,9,1197,1,7,NISSAN QASHQAI,3,-1,0,1
2024211439365,2024,211439365,2,9,0,-1,9,8,4,-1,0,6,0,0,0,0,4,1,-1,7,1,37,7,1332,1,4,NISSAN QASHQAI,1,E01014255,0,1
2024610038424,2024,610038424,2,9,0,18,19,1,5,0,0,0,0,0,0,0,4,1,2,2,2,-1,-1,1461,2,8,NISSAN QASHQAI,2,W01001973,0,1
2024201564568,2024,201564568,1,9,0,-1,19,2,6,-1,0,0,0,0,0,0,1,1,-1,7,2,35,6,1461,2,7,NISSAN QASHQAI,1,E01008940,0,2
2024302400946,2024,302400946,1,9,0,9,9,6,4,0,0,1,0,0,0,0,2,1,6,6,2,32,6,1332,8,0,NISSAN QASHQAI,2,E01013510,0,1
2024041529472,2024,041529472,1,9,0,-1,19,1,6,-1,0,4,0,0,0,0,1,1,-1,6,2,61,9,1497,8,0,NISSAN QASHQAI,8,E01034337,0,1
2024101479065,2024,101479065,1,9,0,-1,19,4,8,-1,0,3,0,7,0,0,1,1,-1,6,1,37,7,1332,1,5,NISSAN QASHQAI,3,E01035612,0,2
2024622400294,2024,622400294,1,9,0,18,19,4,8,0,0,1,0,0,0,0,3,1,6,6,2,32,6,1461,2,9,NISSAN QASHQAI,4,W01001802,0,1
2024631474083,2024,631474083,3,9,0,-1,19,8,4,-1,0,0,0,0,0,0,1,1,-1,9,1,39,7,1198,1,10,NISSAN QASHQAI,2,E01000628,0,5
2024421436429,2024,421436429,4,9,0,-1,19,5,1,-1,0,0,0,0,0,0,1,1,-1,9,2,45,7,1598,1,14,NISSAN QASHQAI,6,E01002740,0,4
2024201463507,2024,201463507,1,9,0,-1,19,2,6,-1,0,4,0,0,0,0,1,9,-1,6,2,63,9,1332,1,5,NISSAN QASHQAI,4,E01008969,0,2
2024991439386,2024,991439386,1,9,0,-1,9,2,7,-1,0,1,0,0,0,0,4,1,-1,9,1,79,11,1332,8,1,NISSAN QASHQAI,-1,-1,0,-1
2024430502207,2024,430502207,1,9,0,18,19,3,7,0,0,2,0,0,0,0,1,1,6,6,2,62,9,1997,1,11,NISSAN QASHQAI,4,E01016361,0,1
2024440126806,2024,440126806,1,9,0,15,15,3,7,0,0,0,0,0,0,0,3,1,6,6,1,38,7,1332,8,2,NISSAN QASHQAI,10,E01020380,0,4
2024010522171,2024,010522171,1,9,0,5,5,0,1,0,0,6,0,0,0,0,1,1,2,2,1,62,9,1598,1,12,NISSAN QASHQAI,5,E01034480,0,1
2024010547787,2024,010547787,3,9,0,2,2,0,0,9,9,0,0,0,0,0,3,1,6,6,3,-1,-1,1198,1,10,NISSAN QASHQAI,-1,-1,0,-1
2024201457084,2024,201457084,2,9,0,-1,19,8,4,-1,0,5,0,0,0,0,3,1,-1,9,1,43,7,1197,1,7,NISSAN QASHQAI,7,E01010228,0,2
2024061468534,2024,061468534,1,9,0,-1,13,1,5,-1,0,0,1,10,7,11,1,1,-1,9,1,26,6,1461,2,13,NISSAN QASHQAI,1,E01005124,0,1
2024361433967,2024,361433967,2,9,0,-1,2,0,0,-1,0,1,0,0,0,0,2,1,-1,6,1,34,6,1197,1,6,NISSAN QASHQAI,1,E01026848,0,1
2024371474042,2024,371474042,2,9,0,-1,19,4,8,-1,0,1,0,0,0,0,3,1,-1,6,2,28,6,1197,1,7,NISSAN QASHQAI,10,E01030084,0,1
2024070697152,2024,070697152,3,9,0,3,3,5,1,0,0,2,0,0,0,0,2,1,6,6,2,41,7,1332,1,4,NISSAN QASHQAI,10,E01018632,0,1
2024010539502,2024,010539502,1,9,0,18,19,1,5,0,0,1,0,6,0,0,1,1,6,6,1,35,6,1332,8,1,NISSAN QASHQAI,3,E01004000,0,1
2024991451748,2024,991451748,3,9,0,-1,19,8,4,-1,0,0,0,6,0,0,2,1,-1,9,1,39,7,1332,8,0,NISSAN QASHQAI,-1,-1,0,-1
2024461514976,2024,461514976,2,9,0,-1,19,8,6,-1,0,1,0,0,0,0,1,1,-1,7,2,36,7,1461,2,14,NISSAN QASHQAI,2,E01024534,0,2
2024101495652,2024,101495652,1,9,0,-1,19,6,2,-1,0,1,0,0,0,0,-1,9,-1,6,2,29,6,1461,2,10,NISSAN QASHQAI,-1,-1,0,-1
2024041470312,2024,041470312,1,9,0,-1,19,6,2,-1,0,1,5,0,1,0,4,1,-1,9,1,26,6,1997,1,14,NISSAN QASHQAI,3,E01014571,0,5
2024010522480,2024,010522480,1,9,0,13,13,5,1,0,0,1,0,0,0,0,4,1,6,6,1,33,6,1332,1,4,NISSAN QASHQAI,2,E01002029,0,1
2024052402579,2024,052402579,2,9,0,18,19,3,7,0,0,1,0,0,0,0,4,1,6,6,2,52,8,1332,8,2,NISSAN QASHQAI,8,E01006827,0,1
2024122401298,2024,122401298,1,9,0,18,19,7,3,0,0,2,0,0,0,0,1,1,6,6,1,28,6,1461,2,11,NISSAN QASHQAI,6,E01027780,0,1
2024201472542,2024,201472542,1,9,0,-1,7,7,1,-1,0,0,0,0,0,0,4,1,-1,9,2,25,5,1461,2,7,NISSAN QASHQAI,4,E01009497,0,1
2024131397951,2024,131397951,1,9,0,-1,4,6,2,-1,0,0,0,0,0,0,2,1,-1,9,2,28,6,1332,1,5,NISSAN QASHQAI,5,E01011026,0,1
2024411515613,2024,411515613,1,9,0,-1,19,3,7,-1,0,0,0,7,0,0,1,1,-1,6,1,56,9,1461,2,9,NISSAN QASHQAI,4,E01023401,0,3
2024522402593,2024,522402593,1,9,0,3,3,1,5,0,0,1,0,0,0,0,2,1,6,6,1,59,9,1598,2,8,NISSAN QASHQAI,7,E01014803,0,1
2024991500622,2024,991500622,1,9,0,-1,19,1,5,-1,0,0,5,0,1,11,1,1,-1,6,1,73,10,1197,1,7,NISSAN QASHQAI,4,E01034776,0,5
2024010508329,2024,010508329,1,9,0,99,99,9,9,99,99,5,9,99,9,99,9,9,6,6,2,61,9,1497,8,1,NISSAN QASHQAI,2,E01003947,0,1
2024332400361,2024,332400361,1,9,0,-1,19,8,4,-1,0,1,0,0,0,0,1,1,-1,9,1,70,10,1598,1,11,NISSAN QASHQAI,-1,-1,0,-1
2024311519358,2024,311519358,1,9,0,-1,7,8,4,-1,0,0,0,0,0,0,1,9,-1,6,3,-1,-1,1461,2,13,NISSAN QASHQAI,-1,-1,0,-1
2024010530773,2024,010530773,1,9,0,99,99,9,9,99,99,9,9,99,9,99,2,9,6,6,1,27,6,1997,1,16,NISSAN QASHQAI,2,E01000013,0,1
2024010497885,2024,010497885,1,9,0,9,9,5,3,0,0,1,0,0,0,0,1,1,3,7,1,50,8,1497,8,1,NISSAN QASHQAI,6,E01003435,0,1
2024010508738,2024,010508738,2,9,0,18,19,6,2,0,0,2,0,0,0,0,4,1,6,6,3,-1,-1,1197,1,8,NISSAN QASHQAI,-1,-1,0,-1
2024041435875,2024,041435875,3,9,0,-1,19,5,1,-1,0,1,0,0,0,0,2,9,-1,6,2,36,7,1598,1,16,NISSAN QASHQAI,2,E01025237,0,1
2024131487764,2024,131487764,2,9,0,-1,19,8,4,-1,0,0,0,0,0,0,1,1,-1,9,1,24,5,1461,2,14,NISSAN QASHQAI,4,E01011201,0,2
2024631424087,2024,631424087,2,9,0,-1,4,2,6,-1,0,0,0,0,1,10,2,1,-1,9,1,40,7,1461,2,11,NISSAN QASHQAI,5,W01000427,0,4
2024461459979,2024,461459979,4,9,0,-1,3,8,4,-1,0,0,0,0,0,0,3,2,-1,6,1,74,10,1332,1,5,NISSAN QASHQAI,-1,-1,0,-1
2024201514442,2024,201514442,1,9,0,-1,19,6,2,-1,0,8,0,0,3,0,1,1,-1,6,2,-1,-1,1197,1,7,NISSAN QASHQAI,1,E01008935,0,1
2024010515710,2024,010515710,2,9,9,13,13,7,3,99,99,0,9,99,9,99,1,9,6,6,3,35,6,1197,1,8,NISSAN QASHQAI,4,E01003548,0,1
2024340WN5432,2024,340WN5432,2,9,0,-1,19,1,5,-1,0,0,1,0,5,6,4,1,-1,6,1,53,8,1497,8,0,NISSAN QASHQAI,1,E01005569,0,5
2024122400502,2024,122400502,1,9,0,5,5,3,7,0,0,8,0,0,0,0,1,1,1,1,2,39,7,1461,2,13,NISSAN QASHQAI,7,E01013345,0,1
2024440225061,2024,440225061,1,9,0,18,19,6,2,0,0,0,0,0,0,0,1,1,6,6,1,77,11,1461,2,11,NISSAN QASHQAI,-1,-1,0,-1
2024552401045,2024,552401045,2,9,0,3,3,1,5,0,0,8,0,0,0,0,2,1,6,6,1,33,6,1332,8,1,NISSAN QASHQAI,4,E01015343,0,1
2024371537209,2024,371537209,1,9,0,-1,19,7,3,-1,0,0,0,0,0,0,0,1,-1,6,1,34,6,1598,2,12,NISSAN QASHQAI,1,E01030277,0,1
2024430491233,2024,430491233,2,9,0,18,19,5,1,0,0,4,0,0,0,0,2,1,6,6,2,44,7,1332,8,0,NISSAN QASHQAI,10,E01035756,0,1
2024471448277,2024,471448277,1,9,0,-1,6,3,7,-1,0,1,0,0,0,0,3,1,-1,1,1,37,7,1598,2,8,NISSAN QASHQAI,1,E01016900,0,1
2024221457848,2024,221457848,2,9,0,-1,19,7,3,-1,0,0,0,0,0,0,3,9,-1,6,2,64,9,1461,2,17,NISSAN QASHQAI,6,E01028850,0,3
2024544824624,2024,544824624,2,9,0,18,19,7,5,0,0,1,1,0,0,0,1,1,1,1,1,37,7,1198,1,10,NISSAN QASHQAI,8,E01015549,0,1
2024451447414,2024,451447414,2,9,0,-1,19,5,1,-1,0,1,0,0,0,0,1,1,-1,9,2,34,6,1197,1,9,NISSAN QASHQAI,7,E01030755,0,4
2024221412110,2024,221412110,1,9,0,-1,19,6,3,-1,0,8,0,0,0,0,1,1,-1,6,2,29,6,1461,2,6,NISSAN QASHQAI,6,E01014023,0,1
2024531473593,2024,531473593,1,9,0,-1,19,6,2,-1,0,0,0,0,7,4,1,9,-1,6,1,35,6,1461,2,8,NISSAN QASHQAI,10,E01022426,0,1
2024010525481,2024,010525481,2,9,0,99,99,9,9,99,99,9,9,99,9,99,9,9,6,6,3,-1,-1,1618,1,8,NISSAN QASHQAI,-1,-1,0,-1
2024461405728,2024,461405728,1,9,0,-1,9,8,5,-1,0,2,0,0,0,0,1,1,-1,6,2,28,6,1461,2,9,NISSAN QASHQAI,6,E01016134,0,1
2024031424478,2024,031424478,3,9,0,-1,10,5,1,-1,0,0,0,0,0,0,2,1,-1,9,2,57,9,1461,2,5,NISSAN QASHQAI,10,E01019241,0,1
2024231404195,2024,231404195,1,9,0,-1,19,3,7,-1,0,0,0,0,0,0,1,9,-1,2,1,44,7,1332,1,4,NISSAN QASHQAI,2,E01031065,0,1
2024131497581,2024,131497581,1,9,0,-1,19,5,1,-1,0,8,0,0,0,0,1,1,-1,9,1,27,6,1598,1,16,NISSAN QASHQAI,5,E01034647,0,4
2024440071112,2024,440071112,2,9,0,18,19,5,1,0,0,8,0,0,0,0,3,1,6,6,1,29,6,1332,1,3,NISSAN QASHQAI,3,E01031372,0,4
202417M118024,2024,17M118024,1,9,0,-1,7,7,8,-1,0,8,0,0,0,0,1,1,-1,2,2,39,7,1461,2,7,NISSAN QASHQAI,7,E01012008,0,1
2024522401609,2024,522401609,2,9,0,18,19,6,2,0,0,1,0,0,0,0,1,1,6,6,3,-1,-1,1197,1,7,NISSAN QASHQAI,-1,-1,0,-1
2024061533931,2024,061533931,1,9,0,-1,19,-1,-1,-1,0,3,1,0,1,3,3,1,-1,6,2,38,7,1598,1,17,NISSAN QASHQAI,2,E01005008,0,2
2024010527493,2024,010527493,1,9,0,10,10,3,1,0,0,1,0,0,0,0,2,1,6,6,2,56,9,1197,1,7,NISSAN QASHQAI,4,E01002591,0,1
2024361442023,2024,361442023,1,9,0,-1,19,6,2,-1,0,0,0,0,0,0,1,1,-1,6,1,30,6,1461,2,6,NISSAN QASHQAI,5,E01018082,0,3