collision_index,collision_year,collision_ref_no,vehicle_reference,vehicle_type,towing_and_articulation,vehicle_manoeuvre_historic,vehicle_manoeuvre,vehicle_direction_from,vehicle_direction_to,vehicle_location_restricted_lane_historic,vehicle_location_restricted_lane,junction_location,skidding_and_overturning,hit_object_in_carriageway,vehicle_leaving_carriageway,hit_object_off_carriageway,first_point_of_impact,vehicle_left_hand_drive,journey_purpose_of_driver_historic,journey_purpose_of_driver,sex_of_driver,age_of_driver,age_band_of_driver,engine_capacity_cc,propulsion_code,age_of_vehicle,generic_make_model,driver_imd_decile,lsoa_of_driver,escooter_flag,driver_distance_banding
2024631442869,2024,631442869,2,9,0,-1,19,1,5,-1,0,0,0,0,0,0,3,1,-1,1,2,34,6,1461,2,5,NISSAN QASHQAI,9,W01000444,0,2
2024201527386,2024,201527386,1,9,0,-1,19,8,4,-1,0,0,0,0,0,0,1,9,-1,6,3,-1,-1,1197,1,8,NISSAN QASHQAI,-1,-1,0,-1
2024501492985,2024,501492985,2,9,0,-1,9,3,1,-1,0,6,0,0,0,0,3,1,-1,9,2,77,11,1332,1,4,NISSAN QASHQAI,8,E01015128,0,1
2024522402131,2024,522402131,2,9,0,9,9,4,2,0,0,8,0,0,0,0,4,1,6,6,2,30,6,1332,8,2,NISSAN QASHQAI,8,E01032672,0,3
2024221501938,2024,221501938,1,9,0,-1,5,6,2,-1,0,4,0,0,0,0,1,1,-1,9,1,79,11,1332,1,5,NISSAN QASHQAI,9,E01028947,0,1
2024010526685,2024,010526685,1,9,0,99,99,9,9,99,99,9,9,99,9,99,2,9,6,6,2,54,8,1598,1,12,NISSAN QASHQAI,4,E01002016,0,2
2024440252454,2024,440252454,1,9,0,18,19,8,4,0,0,0,0,12,0,0,1,1,6,6,2,45,7,1332,1,5,NISSAN QASHQAI,2,E01022904,0,1
2024131508575,2024,131508575,1,9,0,-1,19,1,5,-1,0,1,0,0,0,0,1,1,-1,9,1,25,5,1995,2,13,NISSAN QASHQAI,1,E01010674,0,1
2024552401469,2024,552401469,2,9,0,18,19,2,6,0,0,0,5,0,0,0,1,1,6,6,1,38,7,1332,8,2,NISSAN QASHQAI,5,E01020389,0,2
2024141460577,2024,141460577,1,9,0,-1,19,1,5,-1,0,4,0,0,0,0,3,1,-1,1,1,59,9,1461,2,14,NISSAN QASHQAI,1,E01007736,0,1
2024302401727,2024,302401727,2,9,0,-1,19,4,8,-1,0,8,0,0,0,0,3,1,-1,9,2,53,8,1598,1,12,NISSAN QASHQAI,8,E01034255,0,2
2024010535281,2024,010535281,2,9,0,99,99,9,9,99,99,9,9,99,9,99,1,9,6,6,3,-1,-1,1598,1,12,NISSAN QASHQAI,-1,-1,0,-1
2024622400238,2024,622400238,1,9,0,18,19,8,4,0,0,0,1,0,1,4,1,1,6,6,1,29,6,1332,8,2,NISSAN QASHQAI,1,W01000742,0,2
2024320642844,2024,320642844,2,9,0,-1,-1,4,8,0,0,8,2,0,2,0,3,1,6,6,2,41,7,1461,2,5,NISSAN QASHQAI,1,E01026375,0,3
2024332400716,2024,332400716,1,9,0,-1,9,1,7,-1,0,5,0,0,7,4,1,1,-1,9,1,24,5,1598,2,9,NISSAN QASHQAI,10,E01025680,0,1
2024061489194,2024,061489194,2,9,0,-1,3,6,1,-1,0,0,0,0,0,0,2,1,-1,9,1,68,10,1332,1,4,NISSAN QASHQAI,3,E01006282,0,1
2024411422629,2024,411422629,1,9,-1,-1,-1,2,6,-1,-1,-1,-1,-1,-1,0,-1,1,-1,6,1,26,6,1497,8,1,NISSAN QASHQAI,10,E01023673,0,1
2024061485411,2024,061485411,2,9,0,-1,5,-1,-1,-1,0,0,0,0,0,0,1,1,-1,6,1,-1,-1,1461,2,8,NISSAN QASHQAI,-1,-1,0,-1
2024461486212,2024,461486212,2,9,0,-1,19,1,5,-1,0,0,0,0,0,0,4,9,-1,9,2,28,6,1994,2,17,NISSAN QASHQAI,6,E01034987,0,1
2024361421262,2024,361421262,1,9,0,-1,9,8,5,-1,0,8,0,0,0,0,3,1,-1,6,2,61,9,1332,8,2,NISSAN QASHQAI,8,E01026921,0,1
2024440521757,2024,440521757,2,9,0,11,11,2,6,0,0,8,0,0,0,0,1,1,6,6,3,-1,-1,1461,2,5,NISSAN QASHQAI,-1,-1,0,-1
2024440465006,2024,440465006,2,9,0,3,3,5,1,0,0,1,0,0,0,0,2,1,6,6,1,71,10,1197,1,9,NISSAN QASHQAI,6,E01023065,0,4
2024010525346,2024,010525346,1,9,0,3,3,2,6,0,0,8,0,10,0,0,1,1,6,6,1,58,9,1332,8,1,NISSAN QASHQAI,6,E01002141,0,1
2024501424186,2024,501424186,1,9,0,-1,19,1,7,-1,0,1,0,0,0,0,1,1,-1,6,2,74,10,1332,1,3,NISSAN QASHQAI,3,E01015096,0,2
2024061525187,2024,061525187,1,9,0,-1,19,-1,-1,-1,9,0,9,10,1,0,3,1,-1,2,2,52,8,1461,2,9,NISSAN QASHQAI,3,E01005332,0,3
2024010532418,2024,010532418,2,9,0,99,99,9,9,99,99,9,9,99,9,99,9,9,6,6,3,-1,-1,1497,8,2,NISSAN QASHQAI,-1,-1,0,-1
2024351452515,2024,351452515,1,9,0,-1,4,5,1,-1,0,0,0,0,0,0,1,1,-1,6,2,55,8,1332,1,5,NISSAN QASHQAI,3,E01017515,0,4
2024471434115,2024,471434115,1,9,0,-1,19,2,6,-1,0,1,1,0,0,0,1,1,-1,2,1,57,9,1461,2,13,NISSAN QASHQAI,6,E01021145,0,3
2024411498316,2024,411498316,2,9,0,-1,9,4,2,-1,0,5,0,0,0,0,4,1,-1,6,1,77,11,1997,1,12,NISSAN QASHQAI,4,E01023781,0,1
2024451473086,2024,451473086,1,9,0,-1,19,1,5,-1,0,0,0,0,7,4,1,1,-1,9,1,37,7,1995,2,12,NISSAN QASHQAI,9,E01031988,0,4
2024131435335,2024,131435335,1,9,0,-1,19,1,5,-1,0,0,0,0,0,0,1,1,-1,9,1,77,11,1197,1,7,NISSAN QASHQAI,1,E01011326,0,1
2024010523467,2024,010523467,1,9,0,5,5,7,3,0,0,3,0,0,0,0,4,1,6,6,2,43,7,1497,8,1,NISSAN QASHQAI,8,E01000679,0,1
2024211493594,2024,211493594,2,9,0,-1,19,8,4,-1,0,0,0,0,0,0,1,1,-1,6,2,27,6,1461,2,8,NISSAN QASHQAI,6,E01029737,0,1
2024010534176,2024,010534176,2,9,0,18,19,1,5,0,0,8,0,0,0,0,3,1,6,6,1,49,8,1197,1,6,NISSAN QASHQAI,6,E01000576,0,1
2024991421130,2024,991421130,2,9,0,-1,19,3,8,-1,0,5,2,10,7,0,4,1,-1,6,2,65,9,1598,1,11,NISSAN QASHQAI,8,-1,0,2
2024421411096,2024,421411096,1,9,0,-1,19,5,1,-1,0,0,0,0,0,0,1,1,-1,9,1,38,7,1332,8,1,NISSAN QASHQAI,7,E01035167,0,4
2024421436139,2024,421436139,2,9,0,-1,2,0,0,-1,0,2,0,0,0,0,4,1,-1,6,-1,-1,-1,1332,8,1,NISSAN QASHQAI,-1,-1,0,-1
2024010520602,2024,010520602,2,9,0,99,99,9,9,99,99,0,9,99,9,99,9,9,6,6,3,-1,-1,1197,1,7,NISSAN QASHQAI,6,E01034595,0,1
2024411492345,2024,411492345,1,9,0,-1,19,1,1,-1,0,1,0,0,0,0,0,1,-1,9,1,60,9,1598,2,11,NISSAN QASHQAI,3,E01023778,0,2
2024070879861,2024,070879861,1,9,0,-1,19,2,4,-1,0,0,0,0,0,0,1,1,-1,6,2,60,9,1461,2,15,NISSAN QASHQAI,1,E01012466,0,1
2024311523236,2024,311523236,1,9,0,-1,15,1,5,-1,0,0,0,0,0,0,2,1,-1,6,2,38,7,1598,2,7,NISSAN QASHQAI,10,E01019653,0,2
2024010501388,2024,010501388,1,9,0,2,2,0,0,0,0,0,0,0,0,0,3,1,6,6,3,-1,-1,1332,1,5,NISSAN QASHQAI,-1,-1,0,-1
2024451459762,2024,451459762,1,9,0,-1,19,1,5,-1,0,0,0,0,7,2,1,1,-1,9,1,49,8,1997,1,12,NISSAN QASHQAI,7,E01030618,0,1
2024010531871,2024,010531871,1,9,0,99,99,9,9,99,99,9,9,99,9,99,1,9,2,2,1,56,9,1598,1,14,NISSAN QASHQAI,3,E01002408,0,1
2024010521533,2024,010521533,2,9,0,5,5,9,9,99,99,1,9,99,9,99,1,9,6,6,3,-1,-1,1598,1,11,NISSAN QASHQAI,2,E01000052,0,1
2024440258094,2024,440258094,3,9,0,18,19,5,1,0,0,8,0,0,0,0,4,1,6,6,2,42,7,1598,2,7,NISSAN QASHQAI,3,E01017149,0,1
2024201518769,2024,201518769,2,9,0,-1,4,1,5,-1,0,0,0,0,0,0,2,1,-1,9,1,63,9,1332,8,0,NISSAN QASHQAI,10,E01019393,0,5
2024010510294,2024,010510294,1,9,0,5,5,3,7,0,0,1,0,0,0,0,1,1,6,6,1,23,5,1198,1,9,NISSAN QASHQAI,3,E01001368,0,1
2024547724824,2024,547724824,2,9,0,18,19,5,1,0,0,1,1,0,0,0,1,1,1,1,2,45,7,1618,1,8,NISSAN QASHQAI,6,E01031848,0,1
2024451466317,2024,451466317,2,9,0,-1,9,7,4,-1,0,0,0,0,0,0,1,1,-1,1,2,37,7,1197,1,7,NISSAN QASHQAI,10,E01030958,0,2
2024340WN1652,2024,340WN1652,1,9,0,-1,9,3,1,-1,0,6,0,0,0,0,4,1,-1,6,1,29,6,1197,1,8,NISSAN QASHQAI,1,E01027153,0,1
2024070434264,2024,070434264,1,9,0,18,19,2,6,0,0,2,0,0,0,0,1,1,6,6,2,-1,-1,1197,1,6,NISSAN QASHQAI,-1,-1,0,-1
2024471490224,2024,471490224,2,9,0,-1,9,7,3,-1,0,2,0,0,0,0,1,1,-1,9,2,39,7,1332,8,0,NISSAN QASHQAI,6,E01031359,0,1
2024311512973,2024,311512973,2,9,0,-1,7,5,1,-1,0,0,0,0,0,0,1,1,-1,9,2,26,6,1461,2,14,NISSAN QASHQAI,4,E01028249,0,1
2024010539184,2024,010539184,1,9,0,9,9,1,8,2,2,2,0,0,0,0,0,1,2,2,1,39,7,1598,2,7,NISSAN QASHQAI,6,E01000555,0,1
2024461487001,2024,461487001,1,9,0,-1,19,8,3,-1,0,0,5,0,0,0,4,1,-1,6,2,55,8,1332,8,0,NISSAN QASHQAI,7,E01024798,0,4
2024631477878,2024,631477878,2,9,0,-1,19,4,1,-1,0,0,0,0,0,0,1,1,-1,9,1,33,6,1461,2,9,NISSAN QASHQAI,9,W01000465,0,3
2024451407974,2024,451407974,2,9,0,-1,12,1,5,-1,0,0,0,0,1,0,1,1,-1,2,2,57,9,1997,1,12,NISSAN QASHQAI,4,E01031610,0,4
2024371472485,2024,371472485,2,9,0,-1,19,7,4,-1,0,0,0,0,0,0,4,1,-1,9,1,68,10,1332,1,5,NISSAN QASHQAI,10,E01017373,0,4
2024520001646,2024,520001646,2,9,0,18,19,2,6,0,0,0,0,0,0,0,1,1,6,6,2,-1,-1,1598,2,9,NISSAN QASHQAI,4,E01032087,0,3
2024501432322,2024,501432322,1,9,0,-1,5,2,4,-1,0,1,0,0,0,0,1,9,-1,6,2,43,7,1332,8,1,NISSAN QASHQAI,1,E01015046,0,1
2024010512130,2024,010512130,1,9,0,4,4,3,7,0,0,1,0,0,0,0,1,1,6,6,2,38,7,1198,1,10,NISSAN QASHQAI,3,E01023866,0,4
2024061494789,2024,061494789,1,9,0,-1,19,7,3,-1,0,1,0,0,0,0,1,1,-1,6,1,27,6,1461,2,8,NISSAN QASHQAI,9,E01006233,0,3
2024471530139,2024,471530139,2,9,0,-1,19,6,2,-1,0,0,0,0,2,9,1,1,-1,9,2,34,6,1332,1,4,NISSAN QASHQAI,8,E01031393,0,4
2024552400111,2024,552400111,2,9,0,18,19,8,4,0,0,8,0,0,0,0,3,1,6,6,2,41,7,1461,2,14,NISSAN QASHQAI,10,E01020407,0,1
2024471448759,2024,471448759,2,9,0,-1,19,1,5,-1,0,0,0,0,0,0,1,1,-1,9,1,43,7,1461,2,14,NISSAN QASHQAI,3,E01031453,0,2
2024131408639,2024,131408639,2,9,0,-1,5,5,3,-1,0,6,0,0,0,0,4,1,-1,6,1,44,7,1332,8,0,NISSAN QASHQAI,2,E01010815,0,1
2024041529109,2024,041529109,2,9,0,-1,19,5,1,-1,0,1,5,0,0,0,3,1,-1,1,1,56,9,1332,8,0,NISSAN QASHQAI,4,E01012664,0,1
2024520402401,2024,520402401,1,9,0,18,19,1,5,0,0,0,0,0,0,0,2,1,6,6,1,42,7,1461,2,12,NISSAN QASHQAI,4,E01029152,0,4
2024010505465,2024,010505465,3,9,0,18,19,5,1,0,0,1,0,0,0,0,1,1,6,6,1,71,10,1497,8,0,NISSAN QASHQAI,3,E01001169,0,2
2024332401207,2024,332401207,2,9,0,-1,19,4,8,-1,0,2,0,0,0,0,1,1,-1,6,1,53,8,1461,2,5,NISSAN QASHQAI,9,E01025693,0,1
2024451399509,2024,451399509,1,9,0,-1,19,1,5,-1,0,1,0,0,0,0,4,1,-1,2,2,43,7,1198,1,10,NISSAN QASHQAI,10,E01030366,0,1
2024991439720,2024,991439720,1,9,0,-1,19,8,4,-1,0,0,0,0,0,0,1,1,-1,9,1,71,10,1332,8,2,NISSAN QASHQAI,-1,-1,0,-1
2024361406037,2024,361406037,1,9,0,-1,19,1,7,-1,0,8,0,0,0,0,1,1,-1,6,1,34,6,1461,2,8,NISSAN QASHQAI,1,E01026626,0,1
2024622400250,2024,622400250,1,9,0,18,19,2,6,0,0,0,0,0,0,0,1,1,6,6,1,60,9,1332,1,5,NISSAN QASHQAI,7,W01000740,0,1
2024522401713,2024,522401713,1,9,0,4,4,3,7,0,0,0,0,0,0,0,2,1,6,6,2,49,8,1332,1,3,NISSAN QASHQAI,10,E01014913,0,1
2024010544900,2024,010544900,2,9,0,18,19,3,7,0,0,0,0,4,0,0,1,1,6,6,1,73,10,1332,8,2,NISSAN QASHQAI,2,E01000056,0,3
2024631523307,2024,631523307,2,9,0,-1,19,2,6,-1,0,8,0,0,0,0,1,1,-1,7,2,35,6,1598,1,14,NISSAN QASHQAI,7,W01000690,0,1
2024531443093,2024,531443093,1,9,0,-1,9,2,6,-1,0,5,0,0,0,0,3,1,-1,9,1,52,8,1618,1,9,NISSAN QASHQAI,-1,-1,0,-1
2024010515563,2024,010515563,1,9,0,1,1,7,3,0,0,0,0,0,0,0,2,1,2,2,1,47,8,1598,2,8,NISSAN QASHQAI,2,E01003189,0,1
2024010512267,2024,010512267,1,9,0,7,7,3,5,0,0,5,0,0,0,0,4,1,6,6,1,49,8,1197,1,8,NISSAN QASHQAI,2,E01001328,0,1
2024421424797,2024,421424797,2,9,0,-1,19,7,3,-1,0,4,0,0,0,0,2,1,-1,6,2,33,6,1197,1,7,NISSAN QASHQAI,9,E01015941,0,1
2024320667231,2024,320667231,1,9,0,7,7,2,4,0,0,6,0,0,0,0,1,1,-1,-1,1,33,6,1198,1,9,NISSAN QASHQAI,4,E01026227,0,1
2024201396225,2024,201396225,1,9,0,-1,7,2,8,-1,0,5,0,0,0,0,1,9,-1,6,1,-1,-1,1332,1,5,NISSAN QASHQAI,-1,-1,0,-1
2024440543635,2024,440543635,1,9,0,18,19,6,2,0,0,1,0,0,0,0,1,1,6,6,2,27,6,1332,1,4,NISSAN QASHQAI,4,E01031980,0,3
2024311409541,2024,311409541,2,9,0,-1,2,0,0,-1,0,0,0,0,0,0,1,1,-1,6,3,-1,-1,1461,2,14,NISSAN QASHQAI,-1,-1,0,-1
2024461431214,2024,461431214,1,9,0,-1,4,6,2,-1,0,0,1,0,1,0,1,1,-1,6,1,42,7,1332,8,3,NISSAN QASHQAI,4,E01016074,0,4
2024010512193,2024,010512193,1,9,0,18,19,5,1,0,0,4,5,9,0,0,1,1,2,2,1,55,8,1497,8,1,NISSAN QASHQAI,4,E01002309,0,2
2024430336774,2024,430336774,2,9,0,18,19,3,7,0,0,0,0,0,0,0,3,1,6,6,2,43,7,1497,8,2,NISSAN QASHQAI,10,E01028815,0,1
2024411529008,2024,411529008,1,9,0,-1,19,5,1,-1,0,0,0,0,0,0,1,1,-1,6,1,43,7,1197,1,7,NISSAN QASHQAI,9,E01023674,0,1
2024471518368,2024,471518368,3,9,0,-1,3,4,8,-1,0,0,0,0,0,0,0,1,-1,1,1,46,8,1332,8,0,NISSAN QASHQAI,6,E01022561,0,5
2024501485611,2024,501485611,2,9,0,-1,7,3,6,-1,0,8,0,0,0,0,1,1,-1,6,1,49,8,1461,2,17,NISSAN QASHQAI,8,E01018810,0,1
2024010546017,2024,010546017,1,9,0,9,9,3,1,0,0,1,0,0,0,0,1,1,6,6,2,42,7,1598,1,15,NISSAN QASHQAI,2,E01000021,0,1
2024991523018,2024,991523018,1,9,0,-1,19,2,6,-1,0,1,0,0,0,0,1,1,-1,9,1,48,8,1198,1,10,NISSAN QASHQAI,2,-1,0,4
2024501409886,2024,501409886,1,9,0,-1,9,5,3,-1,0,8,0,0,0,0,3,1,-1,9,1,37,7,1461,2,15,NISSAN QASHQAI,6,E01015174,0,1
2024531512157,2024,531512157,2,9,0,-1,19,1,1,-1,0,1,0,0,0,0,1,1,-1,2,1,32,6,1598,2,13,NISSAN QASHQAI,10,E01034779,0,2
2024361413691,2024,361413691,2,9,0,-1,19,8,4,-1,0,0,0,0,2,0,3,9,-1,9,1,61,9,1197,1,7,NISSAN QASHQAI,5,E01026501,0,2
2024010540103,2024,010540103,1,9,0,99,99,9,9,99,99,0,9,99,9,99,2,9,6,6,3,-1,-1,1598,1,15,NISSAN QASHQAI,-1,-1,0,-1
2024010532517,2024,010532517,2,9,0,99,99,9,9,99,99,0,9,99,9,99,2,9,6,6,2,45,7,1197,1,7,NISSAN QASHQAI,9,E01003669,0,1
2024320489283,2024,320489283,1,9,0,13,13,8,4,0,0,0,0,0,0,0,1,1,-1,-1,1,79,11,1461,2,11,NISSAN QASHQAI,8,E01019781,0,4
2024231498708,2024,231498708,1,9,0,-1,19,2,6,-1,0,1,0,0,0,0,1,9,-1,6,1,43,7,1461,2,6,NISSAN QASHQAI,5,E01031249,0,3
2024111454157,2024,111454157,1,9,0,-1,19,5,1,-1,0,2,0,0,0,0,1,1,-1,6,1,30,6,1461,2,14,NISSAN QASHQAI,2,E01012291,0,3
2024041503840,2024,041503840,1,9,0,-1,5,1,5,-1,0,2,0,0,0,0,1,1,-1,7,2,41,7,1461,2,6,NISSAN QASHQAI,7,E01025576,0,1
2024552400250,2024,552400250,2,9,0,3,3,4,8,0,0,0,0,0,0,0,2,1,6,6,2,52,8,1197,1,9,NISSAN QASHQAI,8,E01020388,0,1
2024440186211,2024,440186211,3,9,0,2,2,0,0,0,0,0,0,4,0,0,1,1,6,6,3,-1,-1,1461,2,13,NISSAN QASHQAI,-1,-1,0,-1
2024991478022,2024,991478022,2,9,0,-1,19,3,7,-1,0,0,1,0,0,0,1,1,-1,9,2,41,7,1332,8,2,NISSAN QASHQAI,9,-1,0,4
2024421454159,2024,421454159,2,9,0,-1,19,7,3,-1,0,8,0,0,1,0,4,1,-1,9,2,48,8,1332,8,1,NISSAN QASHQAI,3,E01021291,0,2
2024471507712,2024,471507712,1,9,0,-1,19,5,1,-1,0,0,0,0,0,0,1,1,-1,1,1,23,5,1332,8,0,NISSAN QASHQAI,8,E01024077,0,5
2024101401479,2024,101401479,1,9,0,-1,11,4,8,-1,0,0,0,0,0,0,0,9,-1,6,2,45,7,1332,1,3,NISSAN QASHQAI,2,E01008405,0,2
2024302401705,2024,302401705,1,9,0,-1,19,5,1,-1,0,0,0,0,0,0,3,1,-1,6,1,60,9,1497,8,0,NISSAN QASHQAI,9,E01019853,0,1
2024430194708,2024,430194708,1,9,0,18,19,1,5,0,0,0,1,0,0,0,1,1,6,6,1,50,8,1598,1,13,NISSAN QASHQAI,7,E01022163,0,4
2024010549827,2024,010549827,1,9,0,18,19,3,7,9,9,5,0,10,3,10,1,1,6,6,1,31,6,1497,8,0,NISSAN QASHQAI,1,E01002093,0,1
2024010548931,2024,010548931,5,9,0,2,2,0,0,0,0,1,0,0,0,0,3,1,6,6,3,-1,-1,1197,1,6,NISSAN QASHQAI,-1,-1,0,-1
2024552401172,2024,552401172,2,9,0,18,19,3,7,0,0,8,0,0,0,0,1,1,6,6,1,42,7,1598,1,11,NISSAN QASHQAI,6,E01020493,0,2
2024411518450,2024,411518450,2,9,0,-1,4,1,5,-1,0,0,0,0,0,0,2,1,-1,1,1,40,7,1598,2,11,NISSAN QASHQAI,5,E01015739,0,2
2024101502795,2024,101502795,2,9,0,-1,3,7,3,-1,0,1,0,0,0,0,2,1,-1,9,2,37,7,1461,2,13,NISSAN QASHQAI,6,E01027466,0,1
2024061493168,2024,061493168,2,9,0,-1,19,3,7,-1,0,8,0,0,0,0,3,1,-1,9,1,56,9,1198,1,10,NISSAN QASHQAI,5,E01005301,0,1
202417M104724,2024,17M104724,1,9,0,18,19,7,3,0,0,1,0,0,0,0,1,1,6,6,1,31,6,1461,2,8,NISSAN QASHQAI,5,E01012110,0,2
2024161463272,2024,161463272,1,9,0,-1,19,3,7,-1,0,1,0,0,0,0,4,1,-1,9,2,46,8,1598,2,7,NISSAN QASHQAI,8,E01013256,0,1
2024010542187,2024,010542187,1,9,0,5,5,3,7,0,0,1,0,0,0,0,3,1,3,7,2,34,6,1598,1,12,NISSAN QASHQAI,1,E01002037,0,1
2024010524034,2024,010524034,1,9,0,18,19,5,1,0,0,4,0,0,0,0,4,1,6,6,1,39,7,1598,1,11,NISSAN QASHQAI,7,E01000683,0,1
2024340NN3892,2024,340NN3892,2,9,0,-1,3,5,1,-1,0,0,0,0,0,0,2,1,-1,9,1,66,10,1197,1,7,NISSAN QASHQAI,10,E01027355,0,1
2024010535994,2024,010535994,1,9,0,99,99,9,9,99,99,9,9,99,9,99,9,9,6,6,1,44,7,1197,1,8,NISSAN QASHQAI,2,E01001333,0,1
2024461464136,2024,461464136,2,9,0,-1,19,7,3,-1,0,0,0,0,0,0,1,1,-1,6,2,62,9,1461,2,5,NISSAN QASHQAI,4,E01024481,0,1
2024071015172,2024,071015172,2,9,0,-1,19,8,8,-1,0,0,0,0,0,0,2,1,-1,6,2,38,7,1598,1,13,NISSAN QASHQAI,4,E01012454,0,1
2024010513647,2024,010513647,4,9,0,18,19,7,3,0,0,0,0,0,0,0,0,1,6,6,3,24,5,1332,8,2,NISSAN QASHQAI,-1,-1,0,-1
2024461508867,2024,461508867,2,9,0,-1,5,6,2,-1,0,1,0,0,0,0,2,1,-1,9,1,35,6,1461,2,5,NISSAN QASHQAI,5,E01024400,0,3
2024041394770,2024,041394770,1,9,0,-1,3,1,5,-1,0,0,0,0,0,0,1,1,-1,9,2,41,7,1461,2,5,NISSAN QASHQAI,2,E01025481,0,1
2024471422927,2024,471422927,1,9,0,-1,19,8,5,-1,0,1,0,0,0,0,1,1,-1,7,2,49,8,1461,2,10,NISSAN QASHQAI,2,E01020910,0,1
2024052401309,2024,052401309,2,9,0,4,4,1,5,0,0,0,0,0,0,0,2,1,6,6,2,34,6,1197,1,8,NISSAN QASHQAI,1,E01006739,0,1
2024430260125,2024,430260125,1,9,0,9,9,1,7,0,0,6,0,0,0,0,3,1,6,6,2,32,6,1461,2,15,NISSAN QASHQAI,9,E01035245,0,1
2024201439510,2024,201439510,1,9,0,-1,4,4,8,-1,0,0,0,0,0,0,9,9,-1,6,2,35,6,1332,1,5,NISSAN QASHQAI,8,E01029676,0,3
2024101505487,2024,101505487,2,9,0,-1,9,6,4,-1,0,8,0,0,0,0,1,1,-1,6,2,44,7,1461,2,11,NISSAN QASHQAI,1,E01008688,0,1
2024010504223,2024,010504223,2,9,0,3,3,7,3,0,0,8,0,4,0,0,2,1,6,6,1,65,9,1598,1,14,NISSAN QASHQAI,5,E01002248,0,1
2024052400464,2024,052400464,2,9,0,18,19,2,6,0,0,8,0,0,0,0,1,1,6,6,3,-1,-1,1598,1,14,NISSAN QASHQAI,-1,-1,0,-1
2024131417867,2024,131417867,2,9,0,-1,2,0,0,-1,9,1,0,0,0,0,4,1,-1,6,-1,-1,-1,1198,1,9,NISSAN QASHQAI,-1,-1,0,-1
2024302401416,2024,302401416,1,9,0,7,7,1,4,0,0,8,0,0,0,0,2,1,6,6,2,74,10,1461,2,7,NISSAN QASHQAI,8,E01019834,0,1
2024610049024,2024,610049024,3,9,0,2,2,0,0,0,0,0,0,0,0,0,4,1,6,6,3,-1,-1,1461,2,5,NISSAN QASHQAI,-1,-1,0,-1
2024340NN3142,2024,340NN3142,2,9,0,-1,19,5,1,-1,0,2,0,0,0,0,4,1,-1,6,2,51,8,1461,2,9,NISSAN QASHQAI,-1,-1,0,-1
2024101496397,2024,101496397,2,9,0,-1,19,7,3,-1,0,0,0,0,0,0,3,1,-1,9,1,84,11,1197,1,8,NISSAN QASHQAI,8,E01008199,0,3
2024430616140,2024,430616140,1,9,0,18,19,2,6,0,0,0,0,0,0,0,1,1,6,6,1,42,7,1332,1,5,NISSAN QASHQAI,10,E01028709,0,2
2024010521416,2024,010521416,1,9,0,9,9,5,3,0,0,1,0,0,0,0,3,1,6,6,3,-1,-1,1332,8,1,NISSAN QASHQAI,-1,-1,0,-1
2024302400826,2024,302400826,3,9,0,18,19,3,7,0,0,8,0,0,1,0,1,1,6,6,1,60,9,1598,1,11,NISSAN QASHQAI,5,E01005876,0,4
2024010525546,2024,010525546,1,9,0,18,19,1,5,0,0,1,0,0,7,9,1,1,2,2,1,36,7,1598,1,15,NISSAN QASHQAI,8,E01002291,0,1
2024201455740,2024,201455740,1,9,0,-1,19,5,1,-1,0,0,0,0,0,0,1,1,-1,6,1,-1,-1,1332,1,5,NISSAN QASHQAI,-1,-1,0,-1
2024440262873,2024,440262873,1,9,0,18,19,8,4,0,0,2,5,4,0,0,1,1,3,7,1,33,6,1332,8,2,NISSAN QASHQAI,5,E01022842,0,1
2024461464748,2024,461464748,2,9,0,-1,19,7,3,-1,0,0,0,0,0,0,1,2,-1,9,1,61,9,1332,1,5,NISSAN QASHQAI,4,E01024587,0,1
2024451520286,2024,451520286,1,9,0,-1,19,5,1,-1,0,0,5,0,0,0,1,1,-1,6,2,31,6,1598,1,12,NISSAN QASHQAI,7,E01031545,0,3
2024131508996,2024,131508996,2,9,0,-1,19,1,5,-1,0,1,1,0,0,0,1,1,-1,6,-1,-1,-1,1598,1,11,NISSAN QASHQAI,-1,-1,0,-1
2024131417466,2024,131417466,2,9,0,-1,14,7,1,-1,0,1,0,0,0,0,1,1,-1,2,2,37,7,1997,1,16,NISSAN QASHQAI,1,E01007373,0,3
2024501409165,2024,501409165,2,9,0,-1,2,0,0,-1,0,0,0,0,1,0,2,1,-1,6,-1,-1,-1,1332,8,2,NISSAN QASHQAI,-1,-1,0,-1
2024430504522,2024,430504522,2,9,0,9,9,7,5,0,0,6,0,0,0,0,9,1,6,6,2,30,6,1332,1,3,NISSAN QASHQAI,-1,-1,0,-1
2024461467829,2024,461467829,1,9,0,-1,19,4,2,-1,0,0,0,0,0,0,3,9,-1,6,2,-1,-1,1497,8,1,NISSAN QASHQAI,3,E01001705,0,3
2024041512191,2024,041512191,2,9,0,-1,19,1,5,-1,0,0,0,0,0,0,1,1,-1,2,2,39,7,1461,2,7,NISSAN QASHQAI,3,E01012651,0,1
2024501521348,2024,501521348,1,9,0,-1,19,7,3,-1,0,0,5,0,2,4,1,2,-1,6,1,61,9,1461,2,7,NISSAN QASHQAI,5,E01015029,0,4
2024052401645,2024,052401645,2,9,0,18,19,8,4,0,0,1,0,0,0,0,1,1,6,6,1,45,7,1461,2,15,NISSAN QASHQAI,5,E01007056,0,1