collision_index,collision_year,collision_ref_no,vehicle_reference,vehicle_type,towing_and_articulation,vehicle_manoeuvre_historic,vehicle_manoeuvre,vehicle_direction_from,vehicle_direction_to,vehicle_location_restricted_lane_historic,vehicle_location_restricted_lane,junction_location,skidding_and_overturning,hit_object_in_carriageway,vehicle_leaving_carriageway,hit_object_off_carriageway,first_point_of_impact,vehicle_left_hand_drive,journey_purpose_of_driver_historic,journey_purpose_of_driver,sex_of_driver,age_of_driver,age_band_of_driver,engine_capacity_cc,propulsion_code,age_of_vehicle,generic_make_model,driver_imd_decile,lsoa_of_driver,escooter_flag,driver_distance_banding
2024332401138,2024,332401138,2,9,0,-1,4,1,5,-1,0,8,0,0,0,0,1,1,-1,9,1,50,8,1461,2,11,NISSAN QASHQAI,10,E01025776,0,2
2024421437988,2024,421437988,3,9,0,-1,4,7,7,-1,0,0,0,0,0,0,3,1,-1,9,2,31,6,1461,2,13,NISSAN QASHQAI,2,E01015929,0,1
2024451497607,2024,451497607,1,9,0,-1,2,0,0,-1,0,1,0,0,0,0,4,1,-1,9,1,35,6,1197,1,7,NISSAN QASHQAI,8,E01030720,0,1
2024320636572,2024,320636572,1,9,0,-1,-1,8,6,0,0,2,0,6,1,1,1,1,-1,-1,1,66,10,1497,8,1,NISSAN QASHQAI,2,E01026966,0,4
2024451523642,2024,451523642,2,9,0,-1,19,3,7,-1,0,0,0,0,0,0,2,1,-1,9,1,62,9,1461,2,6,NISSAN QASHQAI,9,E01020419,0,4
2024461493632,2024,461493632,1,9,0,-1,9,3,8,-1,0,6,0,0,7,0,1,1,-1,9,2,30,6,1997,1,11,NISSAN QASHQAI,8,E01032825,0,2
2024451419708,2024,451419708,2,9,0,-1,19,1,5,-1,0,0,0,0,0,0,2,1,-1,2,1,29,6,1332,8,2,NISSAN QASHQAI,10,E01023694,0,4
2024531462539,2024,531462539,1,9,0,-1,19,6,2,-1,0,0,0,0,0,0,1,1,-1,2,1,30,6,1497,8,1,NISSAN QASHQAI,4,E01022200,0,3
2024430343783,2024,430343783,1,9,0,18,19,8,4,0,0,1,0,0,0,0,2,1,6,6,2,47,8,1461,2,5,NISSAN QASHQAI,-1,-1,0,-1
2024070988515,2024,070988515,1,9,0,-1,13,5,1,-1,0,8,1,0,0,0,4,1,-1,9,1,67,10,1497,8,1,NISSAN QASHQAI,1,E01018519,0,1
2024010509031,2024,010509031,1,9,0,16,19,2,6,0,0,1,0,0,0,0,1,1,6,6,2,26,6,1332,8,0,NISSAN QASHQAI,5,E01001974,0,1
2024451459751,2024,451459751,1,9,0,-1,3,3,7,-1,0,1,0,0,0,0,3,1,-1,9,2,32,6,1598,1,17,NISSAN QASHQAI,4,E01030609,0,1
2024440114021,2024,440114021,1,9,0,18,19,8,4,0,0,1,0,0,0,0,1,1,6,6,2,54,8,1198,1,10,NISSAN QASHQAI,7,E01017048,0,1
2024471400417,2024,471400417,1,9,0,-1,19,3,7,-1,0,8,5,0,0,0,3,1,-1,9,2,31,6,1461,2,17,NISSAN QASHQAI,2,E01021179,0,3
2024461407835,2024,461407835,1,9,0,-1,19,6,2,-1,-1,0,0,0,0,0,1,9,-1,9,1,28,6,1332,8,2,NISSAN QASHQAI,2,E01016159,0,2
2024622400454,2024,622400454,1,9,0,18,19,6,2,0,0,0,0,0,0,0,1,1,6,6,3,-1,-1,1461,2,14,NISSAN QASHQAI,-1,-1,0,-1
2024161510002,2024,161510002,3,9,0,-1,2,0,0,-1,0,0,0,0,0,0,2,9,-1,6,-1,-1,-1,1197,1,7,NISSAN QASHQAI,-1,-1,0,-1
2024010515156,2024,010515156,5,9,0,2,2,0,0,0,0,1,0,0,0,0,0,1,6,6,3,-1,-1,1332,8,1,NISSAN QASHQAI,-1,-1,0,-1
2024211483764,2024,211483764,1,9,0,-1,6,4,4,-1,0,4,0,0,3,0,1,1,-1,6,2,59,9,1332,1,5,NISSAN QASHQAI,10,E01029589,0,3
2024131477601,2024,131477601,1,9,0,-1,9,7,1,-1,0,1,0,0,0,0,3,1,-1,2,1,39,7,1995,2,14,NISSAN QASHQAI,1,E01005581,0,4
2024471534274,2024,471534274,2,9,0,-1,19,3,7,-1,0,0,0,0,0,0,3,1,-1,6,2,31,6,1332,8,1,NISSAN QASHQAI,4,E01033329,0,1
2024010520116,2024,010520116,1,9,0,9,9,1,8,0,0,8,0,0,0,0,0,1,6,6,1,45,7,1997,1,16,NISSAN QASHQAI,6,E01001572,0,1
2024161399822,2024,161399822,1,9,0,-1,4,2,1,-1,0,4,0,0,0,0,2,9,-1,7,2,34,6,1461,2,6,NISSAN QASHQAI,4,E01013079,0,1
2024041536124,2024,041536124,2,9,0,-1,19,5,1,-1,0,2,0,0,0,0,3,1,-1,9,2,58,9,1461,2,8,NISSAN QASHQAI,2,E01025037,0,2
2024351455298,2024,351455298,1,9,0,-1,19,5,1,-1,0,8,0,4,3,10,1,1,-1,1,2,52,8,1332,1,5,NISSAN QASHQAI,6,E01018190,0,1
2024052400579,2024,052400579,1,9,0,5,5,6,2,0,0,1,0,0,0,0,1,1,1,1,1,-1,-1,1598,1,15,NISSAN QASHQAI,-1,-1,0,-1
2024052402676,2024,052402676,1,9,0,18,19,7,3,0,0,0,0,0,0,0,1,1,6,6,2,45,7,1598,1,15,NISSAN QASHQAI,1,E01007227,0,1
2024031522540,2024,031522540,2,9,0,-1,19,7,3,-1,0,0,0,0,0,0,1,1,-1,6,2,44,7,1197,1,7,NISSAN QASHQAI,4,E01019389,0,1
2024010530190,2024,010530190,2,9,0,4,4,7,3,9,9,1,0,0,0,0,1,1,6,6,1,24,5,1197,1,6,NISSAN QASHQAI,4,E01001090,0,1
2024010550902,2024,010550902,2,9,0,99,99,9,9,99,99,9,9,99,9,99,9,9,6,6,3,-1,-1,1618,1,9,NISSAN QASHQAI,5,E01000632,0,1
2024340WN5812,2024,340WN5812,1,9,0,-1,19,4,1,-1,0,8,0,0,0,0,1,1,-1,6,2,-1,-1,1332,1,5,NISSAN QASHQAI,-1,-1,0,-1
2024010536289,2024,010536289,3,9,0,2,2,0,0,9,9,1,0,4,0,0,1,1,6,6,3,-1,-1,1332,8,0,NISSAN QASHQAI,-1,-1,0,-1
2024320092601,2024,320092601,1,9,0,13,13,7,3,0,0,1,0,0,0,0,4,1,6,6,1,32,6,1461,2,8,NISSAN QASHQAI,9,E01034694,0,3
2024311501712,2024,311501712,1,9,0,-1,19,7,7,-1,0,4,1,0,0,0,2,1,-1,6,1,48,8,1598,2,8,NISSAN QASHQAI,5,E01025762,0,4
2024010551279,2024,010551279,1,9,0,18,19,3,7,1,1,0,5,7,0,0,1,1,6,6,2,48,8,1598,1,14,NISSAN QASHQAI,3,E01001650,0,1
2024131477027,2024,131477027,1,9,0,-1,-1,-1,-1,-1,-1,0,-1,-1,-1,-1,-1,1,-1,6,3,-1,-1,1332,1,5,NISSAN QASHQAI,-1,-1,0,-1
2024211440448,2024,211440448,1,9,0,-1,4,3,4,-1,0,1,0,0,0,0,1,1,-1,9,2,30,6,1461,2,6,NISSAN QASHQAI,-1,-1,0,-1
2024010522383,2024,010522383,2,9,0,18,19,7,3,0,0,1,1,0,1,11,4,1,2,2,1,50,8,1332,8,2,NISSAN QASHQAI,4,E01003722,0,1
2024461530576,2024,461530576,1,9,0,-1,19,1,5,-1,0,0,0,0,0,0,1,9,-1,6,2,49,8,1598,1,11,NISSAN QASHQAI,5,E01016127,0,1
2024302400739,2024,302400739,1,9,0,4,4,7,3,0,0,0,0,0,0,0,1,1,6,6,1,66,10,1598,1,11,NISSAN QASHQAI,6,E01019815,0,1
2024010517661,2024,010517661,1,9,0,18,19,5,1,0,0,1,0,0,0,0,4,1,6,6,1,55,8,1198,1,9,NISSAN QASHQAI,4,E01000565,0,3
2024010494553,2024,010494553,1,9,0,9,9,5,3,0,0,8,0,0,3,0,4,1,6,6,1,48,8,1598,1,15,NISSAN QASHQAI,2,E01003243,0,2
2024461450273,2024,461450273,1,9,0,-1,10,3,5,-1,0,8,0,0,0,0,1,1,-1,9,2,53,8,1332,1,4,NISSAN QASHQAI,8,E01016126,0,1
2024010505251,2024,010505251,2,9,0,99,99,9,9,99,99,0,9,99,9,99,1,9,6,6,3,45,7,1598,1,15,NISSAN QASHQAI,5,E01004016,0,3
2024070635205,2024,070635205,1,9,0,5,5,8,4,0,0,6,0,0,0,0,1,1,6,6,1,69,10,1461,2,11,NISSAN QASHQAI,3,E01018378,0,1
2024101421649,2024,101421649,1,9,0,-1,7,5,7,-1,0,8,0,0,0,0,4,1,-1,6,3,40,7,1461,2,12,NISSAN QASHQAI,-1,-1,0,-1
2024311496959,2024,311496959,1,9,0,-1,19,1,5,-1,0,8,0,0,0,0,1,9,-1,6,1,34,6,1497,8,1,NISSAN QASHQAI,-1,-1,0,-1
2024010545985,2024,010545985,1,9,0,99,99,9,9,99,99,9,9,99,9,99,9,9,6,6,3,-1,-1,1461,2,8,NISSAN QASHQAI,-1,-1,0,-1
2024010504945,2024,010504945,1,9,0,99,99,9,9,99,99,9,9,99,9,99,9,9,6,6,1,44,7,1197,1,9,NISSAN QASHQAI,3,E01000046,0,1
2024622400162,2024,622400162,1,9,0,18,19,4,8,0,0,5,0,10,3,0,1,1,6,6,1,32,6,1332,8,1,NISSAN QASHQAI,8,W01001981,0,4
2024471398277,2024,471398277,1,9,0,-1,19,5,1,-1,0,0,0,0,1,9,0,1,-1,2,2,45,7,1332,1,5,NISSAN QASHQAI,6,E01035324,0,2
2024421454961,2024,421454961,1,9,0,-1,19,6,1,-1,0,0,0,0,7,9,3,1,-1,9,2,70,10,1461,2,6,NISSAN QASHQAI,8,E01020300,0,5
2024010522996,2024,010522996,1,9,0,99,99,9,9,99,99,9,9,99,9,99,2,9,6,6,2,38,7,1197,1,7,NISSAN QASHQAI,3,E01001801,0,1
2024010505770,2024,010505770,1,9,0,5,5,0,1,0,0,0,0,0,0,0,1,1,6,6,1,88,11,1332,8,3,NISSAN QASHQAI,8,E01002949,0,2
2024440550138,2024,440550138,1,9,0,5,5,6,2,0,0,1,0,0,0,0,4,1,6,6,1,69,10,1197,1,7,NISSAN QASHQAI,9,E01022978,0,2
2024161535694,2024,161535694,2,9,0,-1,19,5,1,-1,0,1,0,0,0,0,2,1,-1,6,2,33,6,1461,2,6,NISSAN QASHQAI,1,E01012862,0,1
2024332400575,2024,332400575,1,9,0,-1,12,4,8,-1,0,0,0,0,0,0,1,1,-1,6,2,45,7,1332,8,2,NISSAN QASHQAI,6,E01033386,0,2
2024411452456,2024,411452456,2,9,0,-1,9,3,1,-1,0,8,0,0,0,0,3,1,-1,6,1,83,11,1461,2,12,NISSAN QASHQAI,4,E01023296,0,1
2024351468217,2024,351468217,1,9,0,-1,19,3,7,-1,0,6,0,0,0,0,1,1,-1,6,2,-1,-1,1461,2,7,NISSAN QASHQAI,-1,-1,0,-1
2024122400740,2024,122400740,2,9,0,2,2,0,0,0,0,0,0,0,0,0,4,1,6,6,2,34,6,1461,2,6,NISSAN QASHQAI,4,E01027866,0,1
2024141519969,2024,141519969,2,9,0,-1,5,7,3,-1,0,0,0,0,0,0,1,1,-1,9,2,84,11,1598,1,11,NISSAN QASHQAI,7,E01007439,0,1
2024552400609,2024,552400609,3,9,0,3,3,2,6,0,0,0,0,0,0,0,2,1,6,6,1,41,7,1598,1,13,NISSAN QASHQAI,4,E01014786,0,4
2024461417822,2024,461417822,2,9,0,-1,19,1,5,-1,0,6,0,0,0,0,1,1,-1,6,2,46,8,1197,1,7,NISSAN QASHQAI,7,E01024726,0,1
2024061493824,2024,061493824,2,9,0,-1,10,4,2,-1,0,1,0,0,1,0,2,1,-1,6,2,40,7,1332,8,0,NISSAN QASHQAI,1,E01005612,0,1
2024010528152,2024,010528152,2,9,0,99,99,9,9,99,99,9,9,99,9,99,9,9,6,6,2,45,7,1332,1,4,NISSAN QASHQAI,9,E01001072,0,2
2024010539196,2024,010539196,1,9,0,9,9,5,3,0,0,6,0,0,0,0,1,1,6,6,1,48,8,1197,1,8,NISSAN QASHQAI,2,E01004001,0,2
2024131436383,2024,131436383,1,9,0,-1,19,3,7,-1,0,1,0,0,0,0,1,1,-1,9,2,44,7,1598,1,11,NISSAN QASHQAI,8,E01011694,0,1
2024201506599,2024,201506599,2,9,0,-1,5,2,6,-1,0,4,0,0,0,0,1,1,-1,2,2,35,6,1197,1,8,NISSAN QASHQAI,1,E01009157,0,1
2024052402773,2024,052402773,1,9,0,4,4,8,4,0,0,0,0,0,0,0,4,1,6,6,3,-1,-1,1461,2,9,NISSAN QASHQAI,-1,-1,0,-1
2024041496892,2024,041496892,2,9,0,-1,19,7,3,-1,0,8,0,0,0,0,1,1,-1,2,2,34,6,1461,2,9,NISSAN QASHQAI,9,E01025281,0,1
2024052400334,2024,052400334,4,9,0,18,19,5,1,0,0,0,0,0,0,0,2,1,6,6,1,32,6,1332,8,2,NISSAN QASHQAI,1,E01006679,0,3
2024010522925,2024,010522925,4,9,0,2,2,0,0,0,0,1,0,4,0,0,1,1,6,6,3,-1,-1,1997,1,11,NISSAN QASHQAI,-1,-1,0,-1
2024010509259,2024,010509259,3,9,0,3,3,1,5,0,0,1,0,0,0,0,3,1,2,2,1,48,8,1997,1,14,NISSAN QASHQAI,6,E01003772,0,1
2024010511224,2024,010511224,2,9,0,99,99,9,9,99,99,9,9,99,9,99,9,9,6,6,3,36,7,1997,1,17,NISSAN QASHQAI,3,E01000640,0,1
2024401399354,2024,401399354,1,9,0,-1,19,1,5,-1,0,0,0,0,0,0,1,9,-1,6,1,72,10,1461,2,15,NISSAN QASHQAI,8,E01033820,0,1
2024341409940,2024,341409940,2,9,0,-1,19,5,1,-1,0,8,0,0,0,0,3,1,-1,6,1,22,5,1461,2,14,NISSAN QASHQAI,3,E01009596,0,4
2024991462471,2024,991462471,1,9,0,-1,7,2,5,-1,0,2,0,0,0,0,3,1,-1,9,2,59,9,1332,8,1,NISSAN QASHQAI,-1,-1,0,-1
2024411515213,2024,411515213,1,9,-1,-1,-1,-1,-1,-1,-1,-1,-1,-1,-1,0,-1,9,-1,6,2,35,6,1197,1,7,NISSAN QASHQAI,5,E01023542,0,2
2024070682970,2024,070682970,1,9,0,18,19,3,7,0,0,0,0,0,0,0,4,1,6,6,2,54,8,1461,2,13,NISSAN QASHQAI,6,E01018722,0,1
2024010532205,2024,010532205,1,9,0,18,19,7,3,0,0,5,0,4,0,0,1,1,6,6,2,25,5,1598,1,17,NISSAN QASHQAI,8,E01002966,0,1
2024991403029,2024,991403029,1,9,0,-1,9,1,7,-1,0,6,0,0,0,0,1,1,-1,6,1,44,7,1461,2,7,NISSAN QASHQAI,4,-1,0,1
2024371468868,2024,371468868,2,9,0,-1,19,7,3,-1,0,0,0,0,0,0,1,1,-1,9,2,33,6,1197,1,6,NISSAN QASHQAI,10,E01030179,0,1
2024991505831,2024,991505831,2,9,0,-1,7,8,3,-1,0,8,0,0,0,0,4,1,-1,9,2,41,7,1197,1,8,NISSAN QASHQAI,9,-1,0,1
2024302400289,2024,302400289,2,9,0,18,19,6,2,0,0,0,0,0,0,0,1,1,6,6,2,42,7,1332,8,1,NISSAN QASHQAI,7,-1,0,5
2024501533266,2024,501533266,1,9,0,-1,5,8,4,-1,0,8,0,0,0,0,1,1,-1,6,2,58,9,1995,2,12,NISSAN QASHQAI,4,E01015077,0,3
2024351428006,2024,351428006,1,9,0,-1,5,5,4,-1,0,6,0,0,0,0,-1,1,-1,9,1,46,8,1461,2,15,NISSAN QASHQAI,4,E01015613,0,2
2024061457205,2024,061457205,1,9,0,-1,2,-1,-1,-1,0,0,9,4,0,0,2,1,-1,9,2,29,6,1332,8,1,NISSAN QASHQAI,3,E01005495,0,1
2024061496909,2024,061496909,2,9,0,-1,19,4,8,-1,0,1,0,0,0,0,1,1,-1,2,1,41,7,1461,2,9,NISSAN QASHQAI,7,E01005367,0,1
2024010524797,2024,010524797,3,9,0,2,2,0,0,0,0,0,0,0,7,1,1,1,6,6,3,-1,-1,1332,8,1,NISSAN QASHQAI,-1,-1,0,-1
2024101397878,2024,101397878,2,9,0,-1,2,0,0,-1,0,0,0,0,0,0,1,1,-1,6,-1,-1,-1,1197,1,7,NISSAN QASHQAI,-1,-1,0,-1
2024471419374,2024,471419374,1,9,0,-1,12,7,8,-1,0,1,1,0,0,0,1,1,-1,7,2,44,7,1332,8,1,NISSAN QASHQAI,4,E01031569,0,1
2024010551304,2024,010551304,3,9,0,3,3,1,5,0,0,8,0,0,0,0,2,1,1,1,1,65,9,1497,8,1,NISSAN QASHQAI,10,E01003811,0,1
2024440268713,2024,440268713,1,9,0,5,5,5,1,0,0,6,0,0,0,0,1,1,6,6,1,52,8,1994,2,15,NISSAN QASHQAI,3,E01017133,0,1
2024440378637,2024,440378637,2,9,0,18,19,0,0,0,0,0,0,0,0,0,4,1,6,6,3,-1,-1,1461,2,9,NISSAN QASHQAI,-1,-1,0,-1
2024201407296,2024,201407296,1,9,0,-1,19,2,6,-1,0,8,0,0,0,0,1,1,-1,6,1,-1,-1,1461,2,9,NISSAN QASHQAI,-1,-1,0,-1
2024411417113,2024,411417113,2,9,-1,-1,-1,-1,-1,-1,-1,0,-1,-1,-1,0,-1,9,-1,6,1,44,7,1332,8,3,NISSAN QASHQAI,9,E01035573,0,2
2024221476494,2024,221476494,2,9,0,-1,9,8,6,-1,0,6,0,0,0,0,1,9,-1,2,2,27,6,1197,1,7,NISSAN QASHQAI,5,E01028960,0,2
2024361404243,2024,361404243,1,9,0,-1,19,5,1,-1,0,0,0,0,0,0,1,1,-1,6,1,55,8,1497,8,1,NISSAN QASHQAI,9,E01026582,0,1
2024531455917,2024,531455917,2,9,0,-1,19,1,1,-1,0,1,0,0,0,0,1,1,-1,9,1,46,8,1461,2,8,NISSAN QASHQAI,9,E01022104,0,1
2024361416656,2024,361416656,1,9,0,-1,9,1,6,-1,0,8,0,0,0,0,1,9,-1,9,1,79,11,1332,1,6,NISSAN QASHQAI,6,E01026462,0,2
2024010499818,2024,010499818,2,9,0,5,5,6,2,0,0,2,0,0,0,0,1,1,6,6,2,54,8,1598,1,11,NISSAN QASHQAI,7,E01034593,0,1
2024201504931,2024,201504931,1,9,0,-1,19,1,5,-1,0,0,0,10,7,3,3,1,-1,6,2,67,10,1598,2,12,NISSAN QASHQAI,3,E01010396,0,1
2024552401198,2024,552401198,2,9,0,7,7,6,8,0,0,8,0,0,0,0,3,1,6,6,2,23,5,1461,2,14,NISSAN QASHQAI,7,E01020390,0,1
2024471468035,2024,471468035,2,9,0,-1,20,3,7,-1,0,2,0,0,0,0,2,1,-1,6,2,52,8,1461,2,14,NISSAN QASHQAI,4,E01031548,0,2
2024411475003,2024,411475003,2,9,0,-1,4,5,1,-1,0,0,0,0,0,0,2,1,-1,9,1,46,8,1995,2,12,NISSAN QASHQAI,7,E01024839,0,4
2024211535249,2024,211535249,1,9,0,-1,9,3,8,-1,0,0,0,0,0,0,1,1,-1,9,1,53,8,1332,1,4,NISSAN QASHQAI,4,E01029807,0,1
2024552400582,2024,552400582,2,9,0,4,4,6,2,0,0,0,0,0,0,0,1,1,2,2,1,75,10,1332,1,5,NISSAN QASHQAI,7,E01020487,0,1
2024430599612,2024,430599612,2,9,0,14,14,3,7,0,0,0,0,0,0,0,3,1,6,6,1,45,7,1332,8,0,NISSAN QASHQAI,-1,-1,0,-1
2024010534907,2024,010534907,2,9,0,2,2,0,0,0,0,0,0,0,0,0,1,1,6,6,3,-1,-1,1461,2,9,NISSAN QASHQAI,-1,-1,0,-1
2024221460413,2024,221460413,2,9,0,-1,19,8,4,-1,0,8,0,0,0,0,1,1,-1,2,2,27,6,1461,2,11,NISSAN QASHQAI,2,E01028962,0,1
2024161435697,2024,161435697,2,9,0,-1,19,8,4,-1,0,0,0,0,0,0,1,1,-1,6,1,48,8,1332,1,5,NISSAN QASHQAI,4,E01012756,0,1
2024401419445,2024,401419445,1,9,0,-1,19,4,8,-1,0,0,0,4,0,0,1,1,-1,6,1,-1,-1,1197,1,7,NISSAN QASHQAI,-1,-1,0,-1
2024320348337,2024,320348337,1,9,0,-1,-1,8,4,0,0,0,0,0,0,0,1,1,-1,-1,2,58,9,1332,1,3,NISSAN QASHQAI,4,E01026190,0,2
2024451486958,2024,451486958,1,9,0,-1,3,7,3,-1,0,0,0,0,0,0,2,1,-1,2,1,42,7,1598,1,14,NISSAN QASHQAI,8,E01030859,0,2
2024211420165,2024,211420165,1,9,0,-1,19,7,3,-1,0,0,0,0,0,0,4,1,-1,6,1,78,11,1461,2,12,NISSAN QASHQAI,-1,-1,0,-1
2024010533779,2024,010533779,1,9,0,5,5,1,5,0,0,2,2,4,0,0,1,1,6,6,1,68,10,1197,1,7,NISSAN QASHQAI,9,E01000761,0,1
2024461455972,2024,461455972,2,9,0,-1,19,1,5,-1,0,0,0,0,0,0,0,1,-1,9,1,39,7,1461,2,13,NISSAN QASHQAI,6,E01024267,0,3
2024052401364,2024,052401364,2,9,0,18,19,3,7,0,0,0,0,0,0,0,1,1,6,6,2,32,6,1332,1,5,NISSAN QASHQAI,1,E01006493,0,1
2024991511470,2024,991511470,1,9,0,-1,19,6,2,-1,0,1,0,0,0,0,4,1,-1,9,1,38,7,1461,2,9,NISSAN QASHQAI,1,-1,0,1
2024201504414,2024,201504414,1,9,0,-1,19,2,6,-1,0,0,0,0,0,0,1,9,-1,9,2,26,6,1997,1,15,NISSAN QASHQAI,3,E01010048,0,1
2024010513036,2024,010513036,2,9,0,99,99,9,9,99,99,9,9,99,9,99,1,9,6,6,3,-1,-1,1598,1,11,NISSAN QASHQAI,-1,-1,0,-1
2024440468338,2024,440468338,2,9,0,18,19,4,8,0,0,8,0,0,0,0,1,1,2,2,2,62,9,1461,2,7,NISSAN QASHQAI,-1,-1,0,-1
2024131431054,2024,131431054,1,9,0,-1,7,7,1,-1,0,5,0,0,0,0,1,1,-1,6,2,64,9,1332,8,2,NISSAN QASHQAI,5,E01011384,0,2
2024421465272,2024,421465272,2,9,0,-1,3,4,8,-1,0,0,0,0,0,0,3,1,-1,9,2,55,8,1598,1,15,NISSAN QASHQAI,2,E01002277,0,3
2024201535914,2024,201535914,1,9,0,-1,-1,5,1,-1,-1,8,0,0,7,11,1,1,-1,-1,1,41,7,1461,2,15,NISSAN QASHQAI,1,E01008931,0,2
2024451487739,2024,451487739,1,9,0,-1,3,1,5,-1,0,0,0,0,0,0,2,1,-1,9,2,36,7,1598,2,6,NISSAN QASHQAI,10,E01030926,0,4
2024430589382,2024,430589382,1,9,0,18,19,1,5,0,0,8,0,0,0,0,1,1,6,6,1,26,6,1598,1,11,NISSAN QASHQAI,3,E01004123,0,4
2024201463357,2024,201463357,2,9,0,-1,2,0,0,-1,0,0,0,0,0,0,2,9,-1,6,-1,-1,-1,1598,1,12,NISSAN QASHQAI,-1,-1,0,-1
2024010521174,2024,010521174,1,9,0,99,99,9,9,99,99,0,9,99,9,99,2,9,2,2,1,44,7,1598,1,17,NISSAN QASHQAI,2,E01001603,0,2
2024061442060,2024,061442060,1,9,-1,-1,-1,-1,-1,-1,0,0,0,0,0,0,-1,9,-1,6,3,-1,-1,1461,2,13,NISSAN QASHQAI,-1,-1,0,-1
2024361412439,2024,361412439,2,9,0,-1,19,5,1,-1,0,0,0,0,0,0,1,1,-1,2,2,63,9,1598,2,9,NISSAN QASHQAI,4,E01026522,0,1
2024041499663,2024,041499663,3,9,0,-1,2,0,0,-1,0,0,0,0,0,0,2,1,-1,6,-1,-1,-1,1197,1,7,NISSAN QASHQAI,-1,-1,0,-1
2024631410251,2024,631410251,1,9,0,-1,19,7,4,-1,0,0,1,0,1,4,3,1,-1,6,2,35,6,1461,2,14,NISSAN QASHQAI,6,W01000477,0,1
2024010492452,2024,010492452,1,9,0,9,9,1,6,0,0,5,0,0,0,0,4,1,6,6,2,60,9,1332,8,1,NISSAN QASHQAI,10,E01030447,0,4
2024401531534,2024,401531534,1,9,0,-1,19,5,1,-1,0,0,0,0,0,0,1,1,-1,6,1,50,8,1997,2,15,NISSAN QASHQAI,7,E01015803,0,1
2024052402847,2024,052402847,1,9,0,9,9,6,5,0,0,8,0,0,0,0,4,1,6,6,2,44,7,1461,2,12,NISSAN QASHQAI,1,E01032508,0,1
2024041434825,2024,041434825,2,9,0,-1,9,3,1,-1,0,4,0,0,0,0,1,1,-1,6,1,75,10,1332,1,5,NISSAN QASHQAI,6,E01025066,0,1
2024010529113,2024,010529113,1,9,0,99,99,9,9,99,99,9,9,99,9,99,9,9,6,6,1,40,7,1198,1,9,NISSAN QASHQAI,8,E01000784,0,4
2024471466555,2024,471466555,2,9,0,-1,5,1,5,-1,4,0,0,0,0,0,1,1,-1,6,1,50,8,1497,8,0,NISSAN QASHQAI,7,E01015977,0,4
2024451394241,2024,451394241,1,9,0,-1,19,1,5,-1,0,0,0,11,0,0,1,9,-1,6,2,74,10,1598,1,11,NISSAN QASHQAI,10,E01030353,0,1
2024122400875,2024,122400875,3,9,0,4,4,1,5,0,0,0,0,0,0,0,2,1,6,6,2,81,11,1461,2,5,NISSAN QASHQAI,7,E01013074,0,3
2024010522083,2024,010522083,1,9,0,18,19,5,1,0,0,0,0,0,1,11,3,1,3,7,2,49,8,1997,1,15,NISSAN QASHQAI,5,E01003842,0,1
2024010539136,2024,010539136,1,9,0,99,99,9,9,99,99,9,9,99,9,99,9,9,6,6,2,34,6,1197,1,7,NISSAN QASHQAI,5,E01024383,0,4
2024201516410,2024,201516410,2,9,0,-1,19,1,5,-1,0,0,0,0,0,0,1,1,-1,6,2,46,8,1598,2,7,NISSAN QASHQAI,2,E01009090,0,1
2024311423032,2024,311423032,1,9,0,-1,7,3,8,-1,0,1,0,0,1,0,4,1,-1,1,2,45,7,1332,8,2,NISSAN QASHQAI,9,E01033776,0,1
2024421501001,2024,421501001,1,9,0,-1,19,4,8,-1,0,0,0,0,0,0,1,9,-1,6,2,51,8,1197,1,8,NISSAN QASHQAI,3,E01002370,0,1
2024340WN6432,2024,340WN6432,1,9,0,-1,19,8,6,-1,0,0,0,0,0,0,1,1,-1,9,2,32,6,1598,2,12,NISSAN QASHQAI,5,E01027215,0,1
2024010517514,2024,010517514,1,9,0,10,10,2,7,0,0,1,0,0,0,0,2,1,2,2,2,49,8,1497,8,1,NISSAN QASHQAI,9,E01000421,0,1
2024991523272,2024,991523272,1,9,0,-1,13,6,2,-1,9,8,0,0,1,10,4,1,-1,9,1,35,6,1598,2,9,NISSAN QASHQAI,-1,-1,0,-1
2024461401096,2024,461401096,7,9,0,-1,19,5,1,-1,0,0,1,0,0,0,1,9,-1,9,2,57,9,1332,1,5,NISSAN QASHQAI,5,E01033727,0,4
2024010502709,2024,010502709,1,9,0,9,9,3,1,0,0,1,0,0,0,0,1,1,2,2,1,29,6,1197,1,8,NISSAN QASHQAI,5,E01000454,0,3
2024471483148,2024,471483148,2,9,0,-1,10,7,3,-1,0,0,0,0,0,0,2,1,-1,6,1,23,5,1461,2,11,NISSAN QASHQAI,5,E01031771,0,3
2024010515230,2024,010515230,2,9,9,99,99,9,9,99,99,9,9,99,9,99,9,9,6,6,3,-1,-1,1997,1,15,NISSAN QASHQAI,-1,-1,0,-1
2024070960510,2024,070960510,1,9,0,-1,19,2,6,-1,0,1,0,0,0,0,1,1,-1,6,2,28,6,1994,2,16,NISSAN QASHQAI,7,E01018335,0,1
2024320261076,2024,320261076,1,9,0,-1,-1,2,6,0,0,0,0,0,7,0,1,1,-1,-1,2,28,6,1197,1,6,NISSAN QASHQAI,6,E01026380,0,2