collision_index,collision_year,collision_ref_no,vehicle_reference,vehicle_type,towing_and_articulation,vehicle_manoeuvre_historic,vehicle_manoeuvre,vehicle_direction_from,vehicle_direction_to,vehicle_location_restricted_lane_historic,vehicle_location_restricted_lane,junction_location,skidding_and_overturning,hit_object_in_carriageway,vehicle_leaving_carriageway,hit_object_off_carriageway,first_point_of_impact,vehicle_left_hand_drive,journey_purpose_of_driver_historic,journey_purpose_of_driver,sex_of_driver,age_of_driver,age_band_of_driver,engine_capacity_cc,propulsion_code,age_of_vehicle,generic_make_model,driver_imd_decile,lsoa_of_driver,escooter_flag,driver_distance_banding
2024010511900,2024,010511900,1,9,0,18,19,3,7,0,0,8,0,0,0,0,1,1,6,6,1,50,8,1598,1,13,NISSAN QASHQAI,5,E01001348,0,2
2024061403339,2024,061403339,1,9,0,-1,19,7,3,-1,0,1,0,0,1,0,1,1,-1,6,3,-1,-1,1332,1,3,NISSAN QASHQAI,-1,-1,0,-1
2024461426738,2024,461426738,2,9,0,-1,3,3,7,-1,0,0,0,0,0,0,2,1,-1,9,1,28,6,1332,8,2,NISSAN QASHQAI,5,E01024571,0,1
2024070873513,2024,070873513,1,9,0,-1,19,8,4,-1,0,8,0,0,0,0,3,1,-1,9,1,69,10,1598,1,13,NISSAN QASHQAI,1,E01034401,0,4
2024010516785,2024,010516785,2,9,0,18,19,9,9,99,99,9,9,99,9,99,2,9,6,6,3,-1,-1,1598,2,9,NISSAN QASHQAI,-1,-1,0,-1
2024010551029,2024,010551029,1,9,0,6,6,4,4,0,0,2,0,0,7,0,1,1,6,6,1,39,7,1461,2,8,NISSAN QASHQAI,3,E01003235,0,1
202417S105524,2024,17S105524,1,9,0,-1,10,8,5,-1,0,1,0,0,0,0,4,1,-1,9,1,54,8,1497,8,1,NISSAN QASHQAI,8,E01012227,0,2
2024211515894,2024,211515894,2,9,0,-1,19,1,1,-1,0,2,0,0,0,0,4,1,-1,6,1,52,8,1461,2,14,NISSAN QASHQAI,1,E01014212,0,1
2024041446575,2024,041446575,1,9,0,-1,19,3,7,-1,0,0,2,0,1,4,4,2,-1,9,1,43,7,1461,2,8,NISSAN QASHQAI,1,E01025188,0,1
2024010535494,2024,010535494,1,9,0,18,19,1,5,0,0,2,0,0,0,0,1,1,3,7,2,36,7,1332,1,5,NISSAN QASHQAI,4,E01004038,0,1
2024131470299,2024,131470299,1,9,0,-1,9,4,6,-1,0,2,0,0,0,0,3,1,-1,2,2,35,6,1332,8,0,NISSAN QASHQAI,1,E01011816,0,3
202454F133624,2024,54F133624,2,9,0,18,19,6,4,0,0,8,0,0,0,0,4,1,2,2,2,40,7,1461,2,14,NISSAN QASHQAI,7,E01032121,0,1
2024991433995,2024,991433995,2,9,0,-1,2,4,7,-1,0,0,0,0,0,0,2,1,-1,9,1,28,6,1618,1,7,NISSAN QASHQAI,-1,-1,0,-1
2024101527243,2024,101527243,2,8,0,-1,19,1,5,-1,0,0,0,0,0,0,4,1,-1,1,1,53,8,1497,8,1,NISSAN QASHQAI,1,E01008259,0,1
2024010551303,2024,010551303,2,9,0,18,19,1,5,0,0,4,0,0,0,0,1,1,6,6,1,74,10,1332,8,2,NISSAN QASHQAI,7,E01002343,0,1
2024231468169,2024,231468169,2,9,0,-1,4,4,8,-1,0,1,0,0,0,0,0,9,-1,6,2,52,8,1598,1,11,NISSAN QASHQAI,9,E01035024,0,1
2024010520443,2024,010520443,1,9,0,18,19,6,2,0,0,1,0,0,0,0,2,1,6,6,1,59,9,1598,1,17,NISSAN QASHQAI,3,E01002605,0,3
2024010543939,2024,010543939,1,9,0,99,99,9,9,99,99,9,9,99,9,99,9,9,6,6,1,49,8,1461,2,8,NISSAN QASHQAI,3,E01031609,0,4
2024430284197,2024,430284197,2,9,0,3,3,5,1,0,0,1,0,0,0,0,2,1,6,6,2,43,7,1198,1,10,NISSAN QASHQAI,4,E01016765,0,2
2024010521665,2024,010521665,2,9,0,9,9,1,6,0,0,1,0,0,0,0,3,1,6,6,1,76,11,1197,1,8,NISSAN QASHQAI,3,E01002045,0,1
2024411471492,2024,411471492,2,9,0,-1,19,5,1,-1,0,1,0,0,0,0,1,1,-1,9,1,45,7,1461,2,6,NISSAN QASHQAI,6,E01023624,0,1
2024201527716,2024,201527716,1,9,0,-1,2,5,1,-1,0,1,0,0,0,0,3,1,-1,6,2,48,8,1461,2,14,NISSAN QASHQAI,3,E01009792,0,1
2024010531403,2024,010531403,1,9,0,3,3,9,9,99,99,0,9,99,9,99,2,9,1,1,1,30,6,1461,2,14,NISSAN QASHQAI,6,E01016963,0,4
2024520402077,2024,520402077,2,9,0,2,2,0,0,0,0,0,0,0,0,0,2,1,6,6,3,-1,-1,1598,1,15,NISSAN QASHQAI,-1,-1,0,-1
2024141409030,2024,141409030,1,9,0,-1,19,1,5,-1,0,0,0,0,0,0,1,1,-1,7,2,32,6,1598,1,13,NISSAN QASHQAI,9,E01032926,0,1
2024010497934,2024,010497934,1,9,0,99,99,9,9,99,99,9,9,99,9,99,9,9,6,6,1,32,6,1461,2,5,NISSAN QASHQAI,-1,-1,0,-1
2024371464175,2024,371464175,3,9,0,-1,2,0,0,-1,0,0,0,0,0,0,1,1,-1,6,1,-1,-1,1461,2,10,NISSAN QASHQAI,6,E01030044,0,1
2024421429831,2024,421429831,1,9,0,-1,4,8,4,-1,0,6,0,0,0,0,1,1,-1,6,1,41,7,1332,8,1,NISSAN QASHQAI,3,E01021596,0,3
2024991535763,2024,991535763,2,9,0,-1,19,6,6,-1,0,0,0,11,0,0,1,1,-1,9,2,42,7,1332,1,3,NISSAN QASHQAI,8,-1,0,4
2024010531107,2024,010531107,1,9,0,9,9,5,3,0,0,6,0,0,0,0,1,1,2,2,1,54,8,1497,8,1,NISSAN QASHQAI,4,E01001002,0,1
2024320496680,2024,320496680,2,9,0,-1,-1,3,7,0,0,8,0,0,0,0,1,1,-1,-1,1,70,10,1598,1,13,NISSAN QASHQAI,9,E01026223,0,1
2024131464973,2024,131464973,1,9,0,-1,19,5,1,-1,0,1,0,0,7,0,1,1,-1,9,2,50,8,1598,1,16,NISSAN QASHQAI,1,E01011080,0,4
2024010551270,2024,010551270,1,9,0,9,9,2,8,0,0,8,0,0,0,0,1,1,6,6,1,37,7,1598,1,15,NISSAN QASHQAI,5,E01023929,0,4
2024010527910,2024,010527910,2,9,0,9,9,1,6,0,0,8,0,0,0,0,1,1,6,6,2,37,7,1332,1,6,NISSAN QASHQAI,2,E01003330,0,1
2024161533171,2024,161533171,5,9,0,-1,2,0,0,-1,0,0,0,0,0,0,1,1,-1,6,3,-1,-1,1197,1,6,NISSAN QASHQAI,-1,-1,0,-1
2024320593066,2024,320593066,3,9,0,4,4,5,1,0,0,0,0,1,0,0,1,1,-1,-1,1,76,11,1497,8,0,NISSAN QASHQAI,1,E01019231,0,5
2024421474693,2024,421474693,2,9,0,-1,19,1,5,-1,0,8,0,0,0,0,1,1,-1,6,1,66,10,1461,2,10,NISSAN QASHQAI,8,E01015826,0,1
2024010518755,2024,010518755,1,9,0,2,2,0,0,2,2,1,0,0,0,0,2,1,6,6,3,-1,-1,1197,1,7,NISSAN QASHQAI,-1,-1,0,-1
2024440504116,2024,440504116,2,9,0,18,19,1,5,0,0,0,0,0,1,10,3,1,6,6,2,41,7,1198,1,9,NISSAN QASHQAI,5,E01023285,0,4
2024531525360,2024,531525360,4,9,0,-1,4,7,3,-1,0,0,0,0,0,0,2,1,-1,2,1,49,8,1461,2,6,NISSAN QASHQAI,10,E01022220,0,4
2024031493051,2024,031493051,2,9,0,-1,4,5,1,-1,0,0,0,0,0,0,2,1,-1,6,1,34,6,1497,8,1,NISSAN QASHQAI,-1,-1,0,-1
2024451520559,2024,451520559,2,9,0,-1,4,7,3,-1,0,0,0,0,0,0,2,1,-1,6,1,33,6,1598,1,13,NISSAN QASHQAI,9,E01001067,0,1
2024161455868,2024,161455868,1,9,0,-1,19,8,4,-1,0,0,1,0,0,0,1,1,-1,6,2,28,6,1598,1,15,NISSAN QASHQAI,1,E01013196,0,4
2024461535123,2024,461535123,2,9,0,-1,4,5,1,-1,0,0,0,0,0,0,2,1,-1,9,2,43,7,1197,1,7,NISSAN QASHQAI,5,E01000450,0,3
2024010543571,2024,010543571,2,9,0,99,99,9,9,99,99,9,9,99,9,99,9,9,6,6,3,-1,-1,1197,1,6,NISSAN QASHQAI,-1,-1,0,-1
2024010496308,2024,010496308,1,9,0,9,9,5,2,0,0,8,0,0,0,0,1,1,6,6,2,71,10,1197,1,8,NISSAN QASHQAI,8,E01000319,0,1
2024991473707,2024,991473707,1,9,0,-1,11,3,7,-1,0,0,5,0,0,0,2,1,-1,9,2,22,5,1332,8,1,NISSAN QASHQAI,5,-1,0,4
2024411396673,2024,411396673,1,9,0,-1,3,3,7,-1,0,0,0,0,0,0,1,1,-1,6,2,42,7,1332,8,3,NISSAN QASHQAI,4,E01023296,0,1
2024552401318,2024,552401318,2,9,0,18,19,4,8,0,0,0,0,0,0,0,1,1,6,6,1,69,10,1332,8,1,NISSAN QASHQAI,10,E01022987,0,3
2024361469357,2024,361469357,1,9,0,-1,19,5,1,-1,0,4,1,0,3,0,4,1,-1,6,1,80,11,1332,8,2,NISSAN QASHQAI,4,E01026841,0,4
2024311428478,2024,311428478,3,9,0,-1,19,5,1,-1,0,1,0,0,0,0,1,1,-1,6,2,35,6,1197,1,8,NISSAN QASHQAI,10,E01028091,0,1
2024991453165,2024,991453165,1,9,0,-1,5,1,5,-1,0,4,0,0,0,0,1,1,-1,9,1,52,8,1497,8,1,NISSAN QASHQAI,4,-1,0,1
2024361514901,2024,361514901,1,9,0,-1,19,3,6,-1,0,1,0,4,0,0,1,1,-1,9,1,81,11,1461,2,9,NISSAN QASHQAI,7,E01026746,0,1
2024010544055,2024,010544055,2,9,0,9,9,7,4,0,0,1,1,0,7,10,1,1,6,6,1,23,5,1598,2,8,NISSAN QASHQAI,2,E01035682,0,1
2024122400410,2024,122400410,1,9,0,18,19,3,7,0,0,0,0,0,0,0,1,1,6,6,2,60,9,1598,1,16,NISSAN QASHQAI,6,E01025334,0,3
202454D711224,2024,54D711224,1,9,0,18,19,8,4,0,0,1,0,0,0,0,1,1,6,6,2,80,11,1461,2,14,NISSAN QASHQAI,9,E01032072,0,2
2024201453171,2024,201453171,2,9,0,-1,3,1,5,-1,0,1,0,0,0,0,2,1,-1,9,1,59,9,1461,2,12,NISSAN QASHQAI,-1,-1,0,-1
2024131441662,2024,131441662,2,9,0,-1,2,0,0,-1,0,8,0,0,0,0,2,1,-1,6,-1,-1,-1,1332,1,3,NISSAN QASHQAI,-1,-1,0,-1
2024201406805,2024,201406805,2,9,0,-1,19,6,2,-1,0,0,0,0,0,0,2,1,-1,6,1,40,7,1598,2,12,NISSAN QASHQAI,-1,-1,0,-1
2024421422655,2024,421422655,1,9,0,-1,9,7,3,-1,0,8,0,0,0,0,1,1,-1,2,1,43,7,1598,1,11,NISSAN QASHQAI,9,E01033461,0,2
2024141454484,2024,141454484,3,9,0,-1,2,0,0,-1,0,1,0,0,0,0,2,1,-1,6,2,46,8,1598,1,17,NISSAN QASHQAI,2,E01007397,0,1
2024010511960,2024,010511960,1,9,0,9,9,8,6,0,0,8,0,0,0,0,4,1,3,7,2,44,7,1197,1,6,NISSAN QASHQAI,3,E01000465,0,1
2024411488936,2024,411488936,2,9,0,-1,2,0,0,-1,0,0,0,0,0,0,3,1,-1,6,1,52,8,1197,1,8,NISSAN QASHQAI,10,E01023686,0,1
2024411487526,2024,411487526,1,9,-1,-1,-1,-1,-1,-1,-1,-1,-1,-1,-1,0,3,9,-1,6,2,-1,-1,1598,2,9,NISSAN QASHQAI,9,E01023748,0,2
2024361410610,2024,361410610,2,9,0,-1,5,6,2,-1,0,8,0,0,0,0,1,1,-1,6,2,35,6,1461,2,6,NISSAN QASHQAI,8,E01026938,0,3
2024631510019,2024,631510019,2,9,0,-1,3,4,7,-1,0,8,0,0,0,0,2,1,-1,6,2,36,7,1461,2,7,NISSAN QASHQAI,7,W01000595,0,2
2024131498536,2024,131498536,2,9,0,-1,19,1,5,-1,0,1,0,0,0,0,4,1,-1,2,1,42,7,1461,2,10,NISSAN QASHQAI,8,E01011584,0,3
2024031426469,2024,031426469,1,9,0,-1,4,7,3,-1,0,1,0,0,0,0,2,1,-1,9,1,51,8,1461,2,6,NISSAN QASHQAI,-1,-1,0,-1
2024010528542,2024,010528542,2,9,0,18,19,1,5,0,0,8,0,10,0,0,1,1,2,2,1,65,9,1598,1,14,NISSAN QASHQAI,7,E01002423,0,1
2024340WN5572,2024,340WN5572,2,9,0,-1,19,6,2,-1,0,0,0,0,0,0,2,1,-1,9,2,59,9,1332,8,1,NISSAN QASHQAI,6,E01027237,0,1
2024320645326,2024,320645326,2,9,0,4,4,2,6,0,0,0,0,0,0,0,2,1,-1,-1,2,30,6,1332,8,0,NISSAN QASHQAI,1,E01026173,0,1
2024211505426,2024,211505426,2,2,0,-1,19,7,3,-1,0,1,0,0,0,0,1,1,-1,6,1,16,4,49,1,0,-1,-1,-1,0,-1
2024361494118,2024,361494118,2,4,0,-1,14,-1,-1,-1,0,1,0,0,0,0,3,1,-1,2,1,49,8,349,1,2,-1,4,E01026474,0,1
2024361502804,2024,361502804,1,4,0,-1,19,7,3,-1,0,0,0,0,1,0,1,1,-1,9,1,77,11,349,1,0,-1,1,E01026622,0,2
2024361439136,2024,361439136,2,4,0,-1,8,1,3,-1,0,6,0,0,0,0,2,1,-1,9,1,64,9,349,1,1,-1,6,E01026773,0,4
2024421482142,2024,421482142,2,5,0,-1,3,1,5,-1,0,4,0,0,0,0,2,1,-1,9,1,61,9,349,1,0,-1,3,E01000032,0,3
2024041427273,2024,041427273,1,4,0,-1,19,3,7,-1,0,0,0,0,0,0,1,1,-1,9,1,82,11,249,1,27,-1,9,E01025484,0,3
2024031529887,2024,031529887,1,3,0,-1,19,1,1,-1,1,8,0,0,0,0,1,1,-1,9,1,64,9,125,1,3,SYM FIDDLE,6,E01019180,0,1
2024440070441,2024,440070441,1,2,0,4,4,8,4,0,0,1,1,0,0,0,4,1,6,6,2,16,4,49,1,1,SYM FIDDLE,8,E01020352,0,3
2024421495105,2024,421495105,2,3,0,-1,-1,-1,-1,-1,-1,-1,-1,-1,-1,0,-1,1,-1,2,1,24,5,125,1,2,SYM FIDDLE,10,E01034084,0,1
2024461467825,2024,461467825,1,3,0,-1,19,7,3,-1,0,1,0,0,9,0,1,1,-1,6,3,-1,-1,125,1,3,SYM FIDDLE,-1,-1,0,-1
2024371455843,2024,371455843,2,3,0,-1,19,1,5,-1,0,1,0,0,0,0,1,1,-1,6,1,28,6,125,1,7,SYM FIDDLE,5,E01030053,0,1
2024052400748,2024,052400748,2,2,0,18,19,5,1,0,0,2,0,0,0,0,3,1,2,2,1,27,6,125,1,1,SYM FIDDLE,1,E01006692,0,2
2024461517695,2024,461517695,1,3,0,-1,4,1,3,-1,0,8,5,0,0,0,0,1,-1,6,2,20,4,125,1,2,SYM FIDDLE,5,E01024588,0,1
2024440484326,2024,440484326,1,3,0,18,19,1,5,0,0,1,1,0,0,0,4,1,1,1,1,36,7,125,1,3,SYM FIDDLE,-1,-1,0,-1
2024101480816,2024,101480816,1,3,0,-1,4,7,3,-1,0,1,0,0,0,0,3,1,-1,9,1,69,10,125,1,3,SYM FIDDLE,8,E01008235,0,1
2024332400906,2024,332400906,1,3,0,-1,19,3,7,-1,0,6,1,0,0,0,1,1,-1,1,1,34,6,125,1,13,SYM FIDDLE,8,E01032599,0,1
2024122400313,2024,122400313,1,3,0,18,19,1,5,0,0,0,0,0,1,9,0,1,6,6,1,27,6,125,1,11,SYM FIDDLE,7,E01013022,0,2
2024501489764,2024,501489764,1,3,0,-1,7,5,1,-1,0,3,1,0,0,0,3,1,-1,9,1,19,4,125,1,10,SYM FIDDLE,7,E01018789,0,2
2024131400734,2024,131400734,1,3,0,-1,4,8,4,-1,0,1,0,0,0,0,1,1,-1,2,1,20,4,125,1,10,SYM FIDDLE,2,E01032492,0,1
2024501491303,2024,501491303,1,3,0,-1,19,5,1,-1,99,0,9,99,7,99,3,1,-1,2,1,17,4,125,1,3,SYM FIDDLE,2,E01018854,0,2
2024440375005,2024,440375005,1,3,0,18,19,6,2,0,0,8,0,0,0,0,4,1,6,6,1,18,4,125,1,10,SYM FIDDLE,2,E01017116,0,2
2024461442966,2024,461442966,2,4,0,-1,9,5,2,-1,0,8,0,0,0,0,4,1,-1,6,2,58,9,125,1,6,SYM FIDDLE,4,E01024776,0,1
2024361427500,2024,361427500,1,3,0,-1,4,4,8,-1,0,0,1,0,0,0,0,1,-1,1,2,27,6,125,1,3,SYM FIDDLE,5,E01026442,0,1
2024010550581,2024,010550581,2,5,0,18,19,5,1,0,0,1,5,0,0,0,1,1,6,6,1,53,8,1050,1,7,TRIUMPH SPEED TRIPLE,-1,-1,0,-1
2024531404887,2024,531404887,2,5,0,-1,19,6,2,-1,0,1,0,0,2,0,1,1,-1,2,1,40,7,1050,1,12,TRIUMPH SPEED TRIPLE,4,E01022326,0,1
2024461457749,2024,461457749,1,5,0,-1,19,5,1,-1,0,0,2,0,0,0,1,1,-1,6,1,40,7,1050,1,14,TRIUMPH SPEED TRIPLE,2,E01016136,0,3
2024430109193,2024,430109193,1,5,0,18,19,5,1,0,0,0,0,0,0,0,3,1,2,2,1,44,7,1050,1,14,TRIUMPH SPEED TRIPLE,7,E01033853,0,1
2024991448772,2024,991448772,2,5,0,-1,19,2,6,-1,0,1,0,0,1,9,1,1,-1,9,1,39,7,1050,1,14,TRIUMPH SPEED TRIPLE,4,-1,0,1
2024552400772,2024,552400772,1,5,0,18,19,3,7,0,0,0,1,0,0,0,0,1,6,6,1,34,6,1050,1,17,TRIUMPH SPEED TRIPLE,7,E01020475,0,1
2024010547803,2024,010547803,2,5,0,18,19,1,5,0,0,1,0,0,0,0,1,1,6,6,1,47,8,1050,1,4,TRIUMPH SPEED TRIPLE,7,E01001598,0,2
2024231431092,2024,231431092,2,5,0,-1,3,8,4,-1,0,1,1,0,0,0,2,1,-1,6,1,41,7,1160,1,1,TRIUMPH SPEED TRIPLE,6,E01009523,0,3
2024461464753,2024,461464753,2,5,0,-1,19,2,6,-1,0,1,0,0,0,0,1,1,-1,1,1,28,6,1050,1,15,TRIUMPH SPEED TRIPLE,7,E01024798,0,1
2024122400393,2024,122400393,1,5,0,18,19,1,5,0,0,0,1,0,0,0,1,1,6,6,1,60,9,955,1,21,TRIUMPH SPEED TRIPLE,8,E01013348,0,1
2024461449673,2024,461449673,2,5,0,-1,19,1,3,-1,0,0,0,0,0,0,1,1,-1,2,1,47,8,1050,1,13,TRIUMPH SPEED TRIPLE,8,E01024434,0,1
2024461423807,2024,461423807,1,5,0,-1,19,6,5,-1,0,1,0,0,1,0,1,1,-1,6,1,27,6,1050,1,8,TRIUMPH SPEED TRIPLE,8,E01024542,0,4
2024122401219,2024,122401219,1,5,0,17,19,7,3,0,0,0,0,0,0,0,4,1,6,6,1,65,9,1050,1,13,TRIUMPH SPEED TRIPLE,3,E01012119,0,4
2024361500100,2024,361500100,2,5,0,-1,19,5,1,-1,0,1,1,0,0,0,1,1,-1,6,1,65,9,1160,1,0,TRIUMPH SPEED TRIPLE,6,E01034771,0,2
2024361538565,2024,361538565,1,5,0,-1,19,7,3,-1,0,1,0,0,0,0,1,1,-1,9,1,62,9,1050,1,14,TRIUMPH SPEED TRIPLE,10,E01035149,0,3
2024320326035,2024,320326035,1,5,0,-1,-1,2,6,0,0,1,2,0,1,4,1,1,6,6,1,64,9,1050,1,19,TRIUMPH SPEED TRIPLE,-1,-1,0,-1
2024361452001,2024,361452001,2,5,0,-1,4,7,3,-1,0,0,0,0,0,0,2,1,-1,9,1,57,9,955,1,25,TRIUMPH SPEED TRIPLE,5,E01026419,0,2
2024461520967,2024,461520967,2,5,0,-1,19,5,1,-1,0,0,0,11,0,0,1,1,-1,6,1,24,5,1050,1,16,TRIUMPH SPEED TRIPLE,3,E01024384,0,2
2024430219181,2024,430219181,1,5,0,16,19,5,8,0,0,0,1,0,0,0,0,1,6,6,1,36,7,1050,1,14,TRIUMPH SPEED TRIPLE,10,E01032956,0,4
2024501452263,2024,501452263,1,5,0,-1,19,8,6,-1,0,0,1,0,0,0,1,1,-1,9,1,37,7,1160,1,2,TRIUMPH SPEED TRIPLE,8,E01016549,0,5
2024501440063,2024,501440063,2,5,0,-1,19,1,5,-1,0,0,0,0,0,0,1,1,-1,2,1,25,5,1050,1,14,TRIUMPH SPEED TRIPLE,6,E01015200,0,2
2024161470145,2024,161470145,1,5,0,-1,19,3,7,-1,0,0,0,0,0,0,1,1,-1,9,1,64,9,1050,1,15,TRIUMPH SPEED TRIPLE,8,E01011848,0,4
2024161453699,2024,161453699,1,5,0,-1,19,1,5,-1,0,0,2,0,7,0,1,1,-1,2,1,43,7,1050,1,6,TRIUMPH SPEED TRIPLE,10,E01013111,0,2
2024010537852,2024,010537852,1,5,0,-1,-1,5,1,0,0,1,0,0,0,0,1,1,2,2,1,41,7,1050,1,8,TRIUMPH SPEED TRIPLE,-1,-1,0,-1
2024351427577,2024,351427577,2,5,0,-1,13,3,7,-1,0,1,0,0,7,0,1,1,-1,6,1,38,7,1160,1,1,TRIUMPH SPEED TRIPLE,7,E01018065,0,3
2024432406215,2024,432406215,2,4,0,18,19,-1,-1,0,0,3,-1,0,0,0,0,1,6,6,1,36,7,955,1,20,TRIUMPH SPEED TRIPLE,4,E01016772,0,1
2024221437548,2024,221437548,1,5,0,-1,19,3,7,-1,0,1,0,0,0,0,1,1,-1,9,1,52,8,1050,1,10,TRIUMPH SPEED TRIPLE,3,E01009772,0,3
2024122500193,2024,122500193,2,4,0,4,4,5,1,0,0,0,0,0,0,0,4,1,6,6,1,39,7,1160,1,1,TRIUMPH SPEED TRIPLE,10,E01013436,0,1
2024302400769,2024,302400769,1,5,0,18,19,6,2,0,0,8,0,0,0,0,1,1,6,6,1,33,6,1160,1,3,TRIUMPH SPEED TRIPLE,1,E01005252,0,4
2024461470057,2024,461470057,2,5,0,-1,19,3,7,-1,0,1,5,0,0,0,1,1,-1,9,1,58,9,1050,1,6,TRIUMPH SPEED TRIPLE,5,E01024110,0,2
2024440266283,2024,440266283,2,5,0,13,13,8,4,0,0,1,0,0,0,0,1,1,6,6,1,57,9,1050,1,11,TRIUMPH SPEED TRIPLE,7,E01017316,0,3
2024061450507,2024,061450507,1,5,0,-1,19,3,1,-1,0,1,0,0,0,0,1,1,-1,9,1,49,8,1050,1,8,TRIUMPH SPEED TRIPLE,8,E01019748,0,2
2024010518238,2024,010518238,1,5,0,99,99,9,9,0,0,0,9,99,9,99,1,1,6,6,1,35,6,1050,1,12,TRIUMPH SPEED TRIPLE,2,E01033146,0,4
2024122400535,2024,122400535,1,5,0,18,19,6,2,0,0,1,0,0,0,0,1,1,6,6,1,54,8,1050,1,17,TRIUMPH SPEED TRIPLE,10,E01013355,0,4
2024631458802,2024,631458802,1,5,0,-1,19,1,5,-1,0,0,1,12,0,0,1,1,-1,9,1,35,6,1160,1,3,TRIUMPH SPEED TRIPLE,3,W01001004,0,4
2024411524226,2024,411524226,2,5,0,-1,19,2,6,-1,0,2,0,0,0,0,4,1,-1,6,1,62,9,1160,1,1,TRIUMPH SPEED TRIPLE,10,E01023693,0,1
2024052402529,2024,052402529,1,5,0,18,19,3,7,0,0,8,0,0,0,0,1,1,6,6,1,27,6,1050,1,19,TRIUMPH SPEED TRIPLE,1,E01006478,0,2
2024302401137,2024,302401137,2,5,0,18,19,1,5,0,0,8,0,0,0,0,1,1,6,6,1,56,9,1160,1,1,TRIUMPH SPEED TRIPLE,6,E01019585,0,3
2024461448638,2024,461448638,2,5,0,-1,5,5,2,-1,0,3,0,0,0,0,2,1,-1,6,1,45,7,1050,1,13,TRIUMPH SPEED TRIPLE,3,E01034139,0,4
2024010533419,2024,010533419,1,3,0,12,12,5,1,0,0,1,0,0,0,0,1,1,6,6,1,26,6,1050,1,15,TRIUMPH SPEED TRIPLE,2,E01001263,0,2
2024041451380,2024,041451380,1,5,0,-1,19,3,7,-1,0,0,0,0,7,0,1,1,-1,6,1,48,8,1050,1,19,TRIUMPH SPEED TRIPLE,3,W01000199,0,4
2024122400642,2024,122400642,2,5,0,18,19,8,4,0,0,8,1,0,7,0,4,1,6,6,1,71,10,1050,1,4,TRIUMPH SPEED TRIPLE,8,W01002038,0,5
2024101511983,2024,101511983,1,5,0,-1,4,7,3,-1,0,0,0,0,0,0,3,1,-1,9,1,51,8,1050,1,5,TRIUMPH SPEED TRIPLE,2,E01020689,0,4
2024122400298,2024,122400298,1,5,0,9,9,7,3,0,0,2,0,0,0,0,0,1,6,6,1,32,6,1050,1,13,TRIUMPH SPEED TRIPLE,1,E01032543,0,4
2024320492970,2024,320492970,1,5,0,-1,-1,6,4,0,0,8,1,0,1,9,1,1,-1,-1,1,55,8,1050,1,6,TRIUMPH SPEED TRIPLE,3,E01026248,0,4
2024201517228,2024,201517228,2,5,0,-1,19,5,1,-1,0,8,0,0,0,0,1,1,-1,6,1,47,8,1050,1,3,TRIUMPH SPEED TRIPLE,8,E01019872,0,4
2024161471763,2024,161471763,1,5,0,-1,19,2,6,-1,0,1,0,0,0,0,1,1,-1,2,1,62,9,1050,1,15,TRIUMPH SPEED TRIPLE,7,E01013185,0,3
2024520401954,2024,520401954,2,9,0,5,5,3,7,0,0,8,0,0,0,0,3,1,6,6,1,54,8,1248,2,9,VAUXHALL CORSA,6,E01032117,0,1
2024201476764,2024,201476764,1,9,9,-1,19,6,2,-1,0,0,0,0,0,0,9,9,-1,6,3,-1,-1,1199,1,2,VAUXHALL CORSA,-1,-1,0,-1
2024131532514,2024,131532514,2,9,0,-1,2,0,0,-1,-1,0,0,0,0,0,1,1,-1,9,2,50,8,1199,1,4,VAUXHALL CORSA,7,E01011383,0,3
2024201488475,2024,201488475,3,9,0,-1,2,0,0,-1,0,0,0,4,0,0,1,1,-1,6,-1,-1,-1,1229,1,10,VAUXHALL CORSA,-1,-1,0,-1
2024320544852,2024,320544852,1,9,0,7,7,1,2,0,0,6,0,0,0,0,3,1,6,6,1,43,7,1398,1,9,VAUXHALL CORSA,9,E01034698,0,3
2024451411025,2024,451411025,2,9,0,-1,9,4,8,-1,0,6,0,0,0,0,1,9,-1,6,1,-1,-1,1398,1,7,VAUXHALL CORSA,-1,-1,0,-1
2024461406053,2024,461406053,1,9,0,-1,19,5,1,-1,0,0,0,10,0,0,1,1,-1,2,1,18,4,1364,1,14,VAUXHALL CORSA,3,E01024695,0,1
2024361497132,2024,361497132,2,9,0,-1,19,1,5,-1,0,1,0,0,0,0,4,1,-1,9,1,54,8,1364,1,17,VAUXHALL CORSA,1,E01026598,0,1
2024320118649,2024,320118649,2,9,0,-1,-1,1,5,0,0,1,0,0,1,0,1,1,6,6,1,-1,-1,1199,1,1,VAUXHALL CORSA,2,E01013129,0,4
2024161426515,2024,161426515,3,9,0,-1,2,0,0,-1,0,0,0,0,0,0,4,1,-1,6,-1,-1,-1,1398,1,9,VAUXHALL CORSA,-1,-1,0,-1
2024991409605,2024,991409605,2,9,0,-1,9,4,2,-1,0,1,0,0,8,0,1,1,-1,2,1,57,9,1248,2,12,VAUXHALL CORSA,3,-1,0,3
2024471535559,2024,471535559,2,9,0,-1,19,1,5,-1,0,1,0,0,0,0,1,1,-1,6,2,18,4,1229,1,16,VAUXHALL CORSA,8,E01021181,0,1
2024361487968,2024,361487968,4,9,0,-1,2,0,0,-1,0,0,0,0,0,0,1,1,-1,6,-1,-1,-1,1229,1,12,VAUXHALL CORSA,-1,-1,0,-1