collision_index,collision_year,collision_ref_no,vehicle_reference,vehicle_type,towing_and_articulation,vehicle_manoeuvre_historic,vehicle_manoeuvre,vehicle_direction_from,vehicle_direction_to,vehicle_location_restricted_lane_historic,vehicle_location_restricted_lane,junction_location,skidding_and_overturning,hit_object_in_carriageway,vehicle_leaving_carriageway,hit_object_off_carriageway,first_point_of_impact,vehicle_left_hand_drive,journey_purpose_of_driver_historic,journey_purpose_of_driver,sex_of_driver,age_of_driver,age_band_of_driver,engine_capacity_cc,propulsion_code,age_of_vehicle,generic_make_model,driver_imd_decile,lsoa_of_driver,escooter_flag,driver_distance_banding
2024131433859,2024,131433859,1,9,0,-1,19,1,5,-1,0,0,0,0,0,0,1,1,-1,9,1,23,5,1248,2,15,VAUXHALL CORSA,3,E01011240,0,4
2024401538532,2024,401538532,1,19,0,-1,13,6,2,-1,0,0,0,0,0,0,1,9,-1,1,1,32,6,1248,2,7,VAUXHALL CORSA,6,E01023320,0,4
2024010531988,2024,010531988,2,9,0,99,99,9,9,99,99,0,9,99,9,99,1,9,6,6,3,-1,-1,1229,1,16,VAUXHALL CORSA,5,E01002488,0,1
2024141535839,2024,141535839,1,9,0,-1,19,6,2,-1,0,0,0,0,0,0,1,1,-1,9,1,70,10,1229,1,17,VAUXHALL CORSA,9,E01007865,0,1
2024010505812,2024,010505812,2,9,0,18,19,1,5,0,0,0,0,0,0,0,1,1,6,6,3,-1,-1,-1,3,2,VAUXHALL CORSA,-1,-1,0,-1
2024440541634,2024,440541634,1,9,0,18,19,2,6,0,0,2,1,7,7,11,1,1,6,6,1,41,7,1229,1,13,VAUXHALL CORSA,8,E01023034,0,2
2024311469829,2024,311469829,1,9,0,-1,9,7,4,-1,0,8,0,0,0,0,1,1,-1,9,2,31,6,1398,1,8,VAUXHALL CORSA,1,E01013921,0,1
2024111481487,2024,111481487,1,9,0,-1,19,3,7,-1,0,1,0,0,0,0,1,1,-1,6,2,32,6,1229,1,11,VAUXHALL CORSA,2,E01012350,0,1
2024070045666,2024,070045666,1,9,0,2,2,4,8,9,9,0,0,0,1,11,2,1,6,6,2,33,6,1248,2,14,VAUXHALL CORSA,3,E01018710,0,1
2024451422251,2024,451422251,1,9,0,-1,7,3,7,-1,0,8,1,0,4,0,4,1,-1,1,2,50,8,1229,1,19,VAUXHALL CORSA,5,E01016494,0,4
2024061529300,2024,061529300,1,9,0,-1,7,-1,-1,-1,0,3,0,0,0,0,1,1,-1,6,1,23,5,1398,1,6,VAUXHALL CORSA,7,E01005530,0,1
2024010532437,2024,010532437,1,9,0,7,7,2,4,0,0,4,0,0,0,0,1,1,6,6,1,34,6,1364,1,8,VAUXHALL CORSA,4,E01002650,0,1
2024351499545,2024,351499545,1,9,0,-1,19,5,1,-1,0,0,0,0,1,4,1,1,-1,9,2,19,4,998,1,11,VAUXHALL CORSA,5,E01017951,0,3
2024101401105,2024,101401105,2,9,0,-1,4,3,3,-1,0,0,0,0,0,0,0,1,-1,2,2,35,6,1398,1,10,VAUXHALL CORSA,1,E01008712,0,2
2024071084505,2024,071084505,1,9,0,-1,19,1,5,-1,0,2,1,0,3,4,1,1,-1,9,1,20,4,1199,1,4,VAUXHALL CORSA,3,E01018464,0,2
2024471451194,2024,471451194,2,9,0,-1,3,1,5,-1,0,1,0,0,0,0,2,1,-1,6,2,44,7,1398,1,5,VAUXHALL CORSA,7,E01032831,0,1
2024131515097,2024,131515097,2,9,0,-1,9,7,5,-1,0,8,0,0,0,0,1,1,-1,7,1,30,6,1398,1,14,VAUXHALL CORSA,5,E01010939,0,1
2024440090825,2024,440090825,1,9,0,13,13,7,3,0,0,4,0,0,0,0,4,1,6,6,1,36,7,1229,1,19,VAUXHALL CORSA,3,E01031371,0,4
2024991397933,2024,991397933,1,9,0,-1,19,8,5,-1,0,0,0,0,0,0,1,1,-1,6,1,19,4,1398,1,5,VAUXHALL CORSA,-1,-1,0,-1
2024231531617,2024,231531617,1,9,0,-1,19,2,6,-1,0,0,0,0,0,0,1,9,-1,6,1,44,7,1364,1,6,VAUXHALL CORSA,10,E01031135,0,1
2024010537507,2024,010537507,1,9,0,18,19,7,3,0,0,8,0,0,0,0,1,1,2,2,1,44,7,998,1,11,VAUXHALL CORSA,6,E01004330,0,1
2024340NN2822,2024,340NN2822,1,9,0,-1,19,5,1,-1,0,0,0,0,0,0,1,1,-1,1,1,39,7,1248,2,9,VAUXHALL CORSA,1,E01035413,0,1
2024221506340,2024,221506340,1,9,0,-1,19,2,6,-1,0,0,0,0,0,0,4,9,-1,6,2,59,9,1398,1,12,VAUXHALL CORSA,4,E01028920,0,1
2024010541738,2024,010541738,1,9,0,1,1,1,5,0,0,8,0,0,0,0,2,1,6,6,3,-1,-1,1229,1,18,VAUXHALL CORSA,-1,-1,0,-1
2024101469606,2024,101469606,2,9,0,-1,2,3,7,-1,0,0,0,0,0,0,1,1,-1,7,2,30,6,1199,1,2,VAUXHALL CORSA,3,E01008375,0,1
2024501408059,2024,501408059,3,9,0,-1,2,0,0,-1,0,0,0,0,0,0,1,9,-1,6,3,-1,-1,1598,1,11,VAUXHALL CORSA,-1,-1,0,-1
2024321454864,2024,321454864,2,9,0,-1,19,7,3,-1,0,1,0,0,0,0,1,1,-1,2,2,71,10,1398,1,6,VAUXHALL CORSA,4,E01028294,0,2
2024052400734,2024,052400734,1,9,0,18,19,1,5,0,0,6,0,0,0,0,1,1,6,6,1,18,4,1398,1,6,VAUXHALL CORSA,1,E01007121,0,1
2024010511409,2024,010511409,2,9,0,9,9,1,6,0,0,8,0,0,0,0,1,1,6,6,1,32,6,1398,1,5,VAUXHALL CORSA,-1,-1,0,-1
2024471440423,2024,471440423,1,9,0,-1,4,3,7,-1,0,0,2,0,2,0,1,1,-1,2,1,18,4,1398,1,11,VAUXHALL CORSA,6,E01024807,0,2
2024201474553,2024,201474553,1,9,0,-1,19,1,2,-1,0,0,0,0,0,0,1,2,-1,9,1,29,6,1398,1,13,VAUXHALL CORSA,3,E01010055,0,1
2024141477161,2024,141477161,1,9,0,-1,13,1,5,-1,0,0,0,0,1,0,4,1,-1,6,3,-1,-1,1364,1,17,VAUXHALL CORSA,-1,-1,0,-1
2024552400605,2024,552400605,1,9,0,18,19,4,8,0,0,0,0,0,0,0,1,1,1,1,2,23,5,1598,1,8,VAUXHALL CORSA,3,E01015429,0,1
2024161467138,2024,161467138,2,9,0,-1,19,7,3,-1,0,1,0,0,7,0,1,1,-1,2,1,39,7,1199,1,21,VAUXHALL CORSA,1,E01013196,0,1
2024131480670,2024,131480670,2,9,0,-1,19,1,5,-1,0,0,0,0,0,0,1,1,-1,6,1,24,5,1364,1,15,VAUXHALL CORSA,3,E01034584,0,1
2024461528417,2024,461528417,2,9,0,-1,19,5,1,-1,0,0,0,0,0,0,4,1,-1,1,1,47,8,1248,2,6,VAUXHALL CORSA,6,E01034997,0,4
2024991428460,2024,991428460,2,9,0,-1,19,1,5,-1,0,0,0,0,0,0,2,1,-1,9,2,26,6,1199,1,3,VAUXHALL CORSA,5,-1,0,3
2024471399936,2024,471399936,2,9,0,-1,4,2,6,-1,0,8,0,0,0,0,2,2,-1,1,1,40,7,-1,3,1,VAUXHALL CORSA,4,E01020951,0,1
2024440470000,2024,440470000,1,9,0,18,19,5,1,0,0,1,0,0,0,0,1,1,6,6,1,47,8,1229,1,10,VAUXHALL CORSA,-1,-1,0,-1
2024221457752,2024,221457752,2,9,0,-1,9,3,1,-1,0,6,0,0,0,0,1,1,-1,6,2,19,4,1398,1,13,VAUXHALL CORSA,10,E01032300,0,2
2024451419070,2024,451419070,1,9,0,-1,19,1,4,-1,99,0,9,99,9,99,4,1,-1,6,1,19,4,1398,1,13,VAUXHALL CORSA,10,E01022847,0,2
2024061475193,2024,061475193,2,9,0,-1,19,8,4,-1,0,8,0,0,0,0,1,2,-1,6,1,20,4,1229,1,17,VAUXHALL CORSA,4,E01006026,0,1
2024501491013,2024,501491013,1,9,0,-1,12,1,5,-1,0,7,1,0,0,0,1,1,-1,6,1,72,10,1229,1,15,VAUXHALL CORSA,2,E01034160,0,4
2024440529800,2024,440529800,1,9,0,18,19,1,5,0,0,8,0,0,0,0,1,1,6,6,2,18,4,1364,1,16,VAUXHALL CORSA,2,E01017253,0,1
2024461465412,2024,461465412,1,9,0,-1,7,5,3,-1,0,6,0,0,0,0,1,1,-1,1,2,28,6,1398,1,5,VAUXHALL CORSA,5,E01032800,0,2
2024371397857,2024,371397857,2,9,-1,-1,-1,-1,-1,-1,-1,0,-1,-1,-1,0,-1,9,-1,9,2,23,5,1229,1,12,VAUXHALL CORSA,6,E01021394,0,4
2024052401377,2024,052401377,2,9,0,3,3,1,5,0,0,0,0,0,0,0,1,1,6,6,1,47,8,1229,1,16,VAUXHALL CORSA,8,E01018556,0,4
2024622400868,2024,622400868,1,9,0,18,19,4,8,0,0,1,0,0,0,0,3,1,6,6,2,66,10,1199,1,1,VAUXHALL CORSA,5,W01000898,0,1
2024122401227,2024,122401227,1,9,0,17,19,5,1,0,0,0,2,0,1,0,1,1,6,6,1,18,4,1364,1,16,VAUXHALL CORSA,6,E01027705,0,2
202417L203224,2024,17L203224,2,9,0,18,19,0,0,0,0,0,0,0,0,0,3,1,6,6,3,-1,-1,1199,1,0,VAUXHALL CORSA,-1,-1,0,-1
2024052402624,2024,052402624,1,9,0,18,19,1,5,0,0,1,0,0,0,0,1,1,6,6,2,21,5,1398,1,6,VAUXHALL CORSA,3,E01007169,0,1
2024201447555,2024,201447555,2,9,0,-1,9,5,1,-1,0,8,0,0,0,0,4,1,-1,2,2,34,6,1398,1,9,VAUXHALL CORSA,2,E01009265,0,2
2024141511213,2024,141511213,1,9,0,-1,19,3,7,-1,0,3,0,0,3,0,2,1,-1,1,2,63,9,1398,1,9,VAUXHALL CORSA,1,E01007563,0,2
2024010532494,2024,010532494,1,9,0,3,3,1,5,0,0,2,0,0,0,0,1,1,1,1,1,23,5,1229,1,11,VAUXHALL CORSA,7,E01002349,0,1
2024221516176,2024,221516176,1,9,0,-1,19,1,5,-1,0,2,0,0,0,0,3,9,-1,7,2,40,7,1229,1,18,VAUXHALL CORSA,3,E01032224,0,1
202417M113324,2024,17M113324,1,9,0,-1,7,5,7,-1,0,2,0,0,0,0,2,1,-1,6,1,45,7,1229,1,15,VAUXHALL CORSA,4,E01012052,0,1
2024430181290,2024,430181290,1,9,0,14,14,6,2,0,0,0,0,0,0,0,1,1,6,6,2,46,8,1398,1,10,VAUXHALL CORSA,8,E01033514,0,4
2024010541359,2024,010541359,1,9,0,18,19,1,5,0,0,8,0,0,0,0,1,1,6,6,2,38,7,1229,1,11,VAUXHALL CORSA,4,E01001435,0,1
2024501514342,2024,501514342,1,9,0,-1,19,7,3,-1,0,0,0,0,0,0,4,1,-1,7,2,51,8,1398,1,8,VAUXHALL CORSA,6,E01018917,0,1
2024531508024,2024,531508024,1,9,0,-1,19,3,7,-1,0,0,5,0,2,0,1,1,-1,2,2,20,4,998,1,13,VAUXHALL CORSA,8,E01015498,0,4
2024211466597,2024,211466597,1,9,0,-1,19,8,4,-1,0,0,1,0,0,0,1,1,-1,9,1,24,5,1229,1,14,VAUXHALL CORSA,4,E01029567,0,2
2024401435121,2024,401435121,2,8,0,-1,10,5,3,-1,0,1,0,0,0,0,3,1,-1,6,2,27,6,1398,1,12,VAUXHALL CORSA,8,E01017488,0,1
2024430452814,2024,430452814,2,9,0,3,3,8,4,0,0,0,0,0,0,0,2,1,6,6,2,25,5,1398,1,8,VAUXHALL CORSA,4,E01029134,0,5
2024340WN6392,2024,340WN6392,1,9,0,-1,9,5,3,-1,0,8,0,0,0,0,1,1,-1,6,3,-1,-1,1229,1,13,VAUXHALL CORSA,-1,-1,0,-1
2024161442867,2024,161442867,1,9,0,-1,19,5,1,-1,0,3,0,0,0,0,1,1,-1,6,2,31,6,1229,1,14,VAUXHALL CORSA,1,E01012892,0,1
2024111393690,2024,111393690,1,9,0,-1,19,7,3,-1,9,2,0,0,0,0,1,1,-1,9,1,18,4,1398,1,12,VAUXHALL CORSA,5,E01033161,0,1
2024471452743,2024,471452743,1,9,0,-1,19,5,1,-1,0,1,0,0,1,1,1,1,-1,9,1,19,4,1229,1,17,VAUXHALL CORSA,2,E01031555,0,1
2024231479059,2024,231479059,2,9,0,-1,9,2,8,-1,0,5,0,0,0,0,3,1,-1,9,2,19,4,1229,1,16,VAUXHALL CORSA,3,E01009621,0,2
2024221457869,2024,221457869,1,9,0,-1,19,8,5,-1,0,0,5,0,1,0,4,1,-1,9,1,18,4,1364,1,15,VAUXHALL CORSA,2,E01028962,0,1
2024201523549,2024,201523549,1,9,0,-1,7,1,5,-1,0,1,0,0,0,0,1,1,-1,6,2,30,6,1248,2,8,VAUXHALL CORSA,-1,-1,0,-1
2024440071112,2024,440071112,1,9,0,9,9,1,7,0,0,8,0,0,0,0,1,1,6,6,1,18,4,1229,1,17,VAUXHALL CORSA,5,E01017043,0,1
2024041441934,2024,041441934,2,9,0,-1,19,3,7,-1,0,0,0,0,0,0,3,1,-1,9,1,17,4,1398,1,10,VAUXHALL CORSA,4,E01025035,0,2
2024430359968,2024,430359968,1,9,0,9,9,6,4,0,0,8,0,0,0,0,4,1,6,6,2,80,11,1398,1,11,VAUXHALL CORSA,4,E01021831,0,4
2024421535742,2024,421535742,2,9,0,-1,9,1,7,-1,0,8,0,0,0,0,3,1,-1,9,2,25,5,1398,1,12,VAUXHALL CORSA,2,E01021354,0,1
2024522401161,2024,522401161,1,9,0,18,19,4,8,9,9,0,0,10,7,2,1,1,6,6,1,51,8,1398,1,6,VAUXHALL CORSA,9,E01014899,0,1
2024401464924,2024,401464924,1,9,0,-1,9,5,1,-1,0,1,2,0,0,0,1,1,-1,6,1,20,4,998,1,12,VAUXHALL CORSA,9,E01033823,0,1
2024991476102,2024,991476102,2,9,0,-1,19,3,7,-1,0,2,0,0,0,0,1,1,-1,9,1,35,6,1229,1,15,VAUXHALL CORSA,3,-1,0,2
2024451439538,2024,451439538,1,9,0,-1,9,1,7,-1,0,8,0,0,0,0,1,1,-1,9,2,18,4,998,1,10,VAUXHALL CORSA,6,E01030738,0,2
2024302401352,2024,302401352,1,9,0,3,3,4,8,0,0,1,0,0,0,0,2,1,2,2,2,21,5,1398,1,8,VAUXHALL CORSA,9,E01019589,0,1
2024010530098,2024,010530098,1,9,0,16,19,3,7,0,0,1,0,0,0,0,4,1,6,6,1,26,6,1398,1,8,VAUXHALL CORSA,6,E01003435,0,1
2024201413573,2024,201413573,2,9,0,-1,2,0,0,-1,0,0,0,4,0,0,2,9,-1,6,1,48,8,1229,1,9,VAUXHALL CORSA,2,E01010106,0,1
2024991461637,2024,991461637,2,9,0,-1,19,6,2,-1,0,1,0,0,0,0,1,1,-1,9,1,19,4,1229,1,16,VAUXHALL CORSA,2,-1,0,5
2024052401266,2024,052401266,1,9,0,9,9,2,8,0,0,8,0,0,0,0,4,1,6,6,2,25,5,1199,1,1,VAUXHALL CORSA,1,E01006546,0,1
2024991419426,2024,991419426,2,9,0,-1,19,7,3,-1,0,0,0,0,0,0,1,1,-1,6,1,60,9,1199,1,2,VAUXHALL CORSA,7,-1,0,2
2024451396355,2024,451396355,2,9,0,-1,19,5,5,-1,0,2,0,0,1,5,3,1,-1,2,1,28,6,1248,2,12,VAUXHALL CORSA,8,E01030574,0,1
2024440539330,2024,440539330,1,9,0,18,19,7,3,0,0,0,0,4,0,0,1,1,6,6,1,70,10,1199,1,1,VAUXHALL CORSA,5,E01017127,0,1
2024211517004,2024,211517004,3,9,0,-1,19,2,6,-1,0,0,0,0,0,0,1,1,-1,6,1,71,10,1398,1,6,VAUXHALL CORSA,3,E01029360,0,2
2024061489759,2024,061489759,1,9,0,-1,19,-1,-1,-1,0,9,0,0,0,0,2,1,-1,2,2,20,4,1248,2,12,VAUXHALL CORSA,2,E01004847,0,1
2024361448050,2024,361448050,1,9,0,-1,7,6,1,-1,0,3,0,0,0,0,3,1,-1,6,1,36,7,1199,1,1,VAUXHALL CORSA,4,E01026628,0,3
2024010513505,2024,010513505,2,9,0,99,99,9,9,99,99,5,9,99,9,99,9,9,6,6,1,19,4,1229,1,16,VAUXHALL CORSA,6,E01016507,0,3
2024010537440,2024,010537440,2,9,0,3,3,7,3,0,0,8,0,0,0,0,3,1,6,6,2,35,6,1199,1,4,VAUXHALL CORSA,6,E01001837,0,1
2024201454307,2024,201454307,1,9,0,-1,19,8,3,-1,0,0,0,0,0,0,0,1,-1,6,1,22,5,1229,1,8,VAUXHALL CORSA,7,E01003651,0,5
2024141396535,2024,141396535,2,9,0,-1,9,5,3,-1,0,1,0,0,0,0,3,1,-1,6,-1,34,6,-1,-1,-1,VAUXHALL CORSA,-1,-1,0,-1
2024522401992,2024,522401992,3,9,0,4,4,6,2,0,0,1,0,0,0,0,2,1,6,6,2,38,7,1364,1,17,VAUXHALL CORSA,1,E01033358,0,1
2024501410760,2024,501410760,2,9,0,-1,10,8,6,-1,0,5,0,0,0,0,2,9,-1,9,1,17,4,998,1,10,VAUXHALL CORSA,3,E01018761,0,3
2024361521446,2024,361521446,1,9,0,-1,10,3,1,-1,0,6,0,0,3,0,3,1,-1,2,1,18,4,1229,1,12,VAUXHALL CORSA,9,E01035136,0,2
2024531521674,2024,531521674,2,9,0,-1,11,1,3,-1,0,0,0,0,0,0,1,1,-1,9,2,22,5,1229,1,10,VAUXHALL CORSA,10,E01022339,0,1
2024440293273,2024,440293273,2,9,0,18,19,2,4,0,0,1,0,0,0,0,2,1,6,6,3,-1,-1,998,1,17,VAUXHALL CORSA,-1,-1,0,-1
2024141493184,2024,141493184,2,9,0,-1,19,5,1,-1,0,1,0,0,0,0,4,1,-1,9,2,59,9,1229,1,9,VAUXHALL CORSA,3,E01007449,0,2
2024010545277,2024,010545277,2,9,0,18,19,5,1,0,0,1,0,0,0,0,1,1,6,6,1,38,7,1229,1,12,VAUXHALL CORSA,4,E01002015,0,1
2024430436109,2024,430436109,1,9,0,9,9,7,5,0,0,5,0,0,0,0,4,1,2,2,2,19,4,1248,2,7,VAUXHALL CORSA,10,E01016621,0,2
2024061399320,2024,061399320,3,9,0,-1,19,3,7,-1,0,0,0,0,0,0,1,1,-1,2,1,43,7,1199,1,1,VAUXHALL CORSA,7,E01011299,0,4
2024010514604,2024,010514604,1,9,9,99,99,9,9,0,0,4,9,99,9,99,2,9,6,6,2,24,5,1229,1,15,VAUXHALL CORSA,10,E01024445,0,1
2024522401440,2024,522401440,1,9,0,9,9,5,3,0,0,6,0,0,0,0,1,1,6,6,2,35,6,-1,3,4,VAUXHALL CORSA,1,E01014727,0,2
2024101447383,2024,101447383,1,9,0,-1,19,3,7,-1,0,0,2,10,8,0,2,1,-1,9,1,19,4,1229,1,12,VAUXHALL CORSA,2,E01034501,0,4
2024131503699,2024,131503699,2,9,0,-1,9,7,5,-1,0,6,0,0,0,0,3,1,-1,6,-1,-1,-1,1398,1,6,VAUXHALL CORSA,-1,-1,0,-1
2024161537930,2024,161537930,1,9,0,-1,14,3,7,-1,0,1,0,4,0,0,4,1,-1,9,2,19,4,1229,1,14,VAUXHALL CORSA,3,E01013319,0,3
2024061435488,2024,061435488,1,9,0,-1,19,8,4,-1,0,1,0,0,1,0,1,1,-1,9,1,44,7,1199,1,2,VAUXHALL CORSA,3,E01004939,0,2
2024161489967,2024,161489967,2,9,0,-1,19,8,4,-1,0,0,0,0,0,0,1,9,-1,6,1,-1,-1,1248,2,16,VAUXHALL CORSA,-1,-1,0,-1
2024991437231,2024,991437231,1,9,0,-1,9,3,1,-1,0,8,0,0,0,0,1,1,-1,2,1,26,6,998,1,14,VAUXHALL CORSA,1,-1,0,1
2024401434234,2024,401434234,3,9,0,-1,19,5,1,-1,0,0,0,0,0,0,2,1,-1,6,2,35,6,1229,1,11,VAUXHALL CORSA,8,E01034434,0,1
2024052402461,2024,052402461,2,9,0,4,4,1,5,0,0,0,0,0,0,0,2,1,6,6,1,22,5,1229,1,11,VAUXHALL CORSA,8,E01006362,0,2
2024201480265,2024,201480265,1,9,0,-1,19,7,3,-1,0,1,1,0,0,0,1,1,-1,6,1,20,4,-1,-1,-1,VAUXHALL CORSA,2,E01009346,0,1
2024131410718,2024,131410718,1,9,0,-1,9,3,5,-1,0,0,0,0,0,0,4,1,-1,9,2,21,5,1199,1,3,VAUXHALL CORSA,3,E01011647,0,1
2024010509896,2024,010509896,1,9,0,17,19,5,1,0,0,2,1,0,0,0,1,1,6,6,1,20,4,1199,1,4,VAUXHALL CORSA,3,E01004389,0,1
2024461481877,2024,461481877,1,9,0,-1,19,7,3,-1,0,1,0,0,0,0,1,1,-1,6,1,32,6,1229,1,14,VAUXHALL CORSA,1,E01024498,0,1
2024010537132,2024,010537132,2,9,0,16,19,4,8,0,0,1,0,0,0,0,1,1,1,1,1,59,9,1229,1,15,VAUXHALL CORSA,6,E01001563,0,1
2024320644202,2024,320644202,1,9,0,-1,-1,6,4,0,0,0,0,0,1,9,1,1,6,6,2,58,9,1229,1,13,VAUXHALL CORSA,-1,-1,0,-1
2024311435709,2024,311435709,2,9,0,-1,19,3,7,-1,0,0,0,0,0,0,1,1,-1,2,1,20,4,1398,1,14,VAUXHALL CORSA,6,E01033772,0,1
2024451433005,2024,451433005,1,9,0,-1,19,1,5,-1,0,0,0,0,0,0,1,1,-1,9,1,30,6,1248,2,14,VAUXHALL CORSA,6,E01016416,0,4
2024461503019,2024,461503019,2,9,0,-1,19,5,6,-1,0,1,0,0,0,0,4,1,-1,6,2,20,4,1229,1,13,VAUXHALL CORSA,3,E01024395,0,1
2024461442990,2024,461442990,2,9,0,-1,2,0,0,-1,0,1,0,0,0,0,2,1,-1,9,1,38,7,1229,1,17,VAUXHALL CORSA,2,E01023975,0,1
2024070081529,2024,070081529,2,9,0,3,3,4,8,0,0,1,0,0,0,0,2,1,6,6,2,31,6,1398,1,7,VAUXHALL CORSA,4,E01018712,0,1
2024351424920,2024,351424920,1,9,0,-1,-1,-1,-1,-1,-1,-1,-1,-1,-1,0,-1,9,-1,6,1,-1,-1,1398,1,5,VAUXHALL CORSA,10,E01033114,0,3
2024610032924,2024,610032924,1,9,0,4,4,1,5,0,0,0,0,0,0,0,2,1,2,2,1,22,5,1398,1,11,VAUXHALL CORSA,6,W01001437,0,2
2024122400932,2024,122400932,2,9,0,18,19,5,1,0,0,1,0,0,0,0,1,1,2,2,2,38,7,1229,1,9,VAUXHALL CORSA,5,E01027594,0,2
2024461526536,2024,461526536,2,9,0,-1,3,0,0,-1,0,1,0,0,0,0,2,1,-1,1,1,22,5,-1,3,0,VAUXHALL CORSA,5,E01035292,0,1
2024221521699,2024,221521699,1,9,0,-1,19,1,5,-1,0,0,0,0,0,0,1,1,-1,9,2,17,4,1229,1,13,VAUXHALL CORSA,7,E01035055,0,1
2024552400606,2024,552400606,3,9,0,2,2,0,0,6,6,8,0,0,0,0,2,1,6,6,3,-1,-1,1398,1,9,VAUXHALL CORSA,-1,-1,0,-1
2024211475177,2024,211475177,1,9,0,-1,3,1,5,-1,0,0,0,0,0,0,2,1,-1,6,2,80,11,1199,1,1,VAUXHALL CORSA,4,E01014369,0,1
2024501438026,2024,501438026,2,9,0,-1,12,8,4,-1,0,1,0,0,0,0,0,1,-1,9,1,32,6,1199,1,1,VAUXHALL CORSA,5,E01018864,0,3
2024340WN5832,2024,340WN5832,2,9,0,-1,3,6,2,-1,0,8,0,0,0,0,2,1,-1,6,2,44,7,1398,1,6,VAUXHALL CORSA,2,E01027170,0,1
2024522401621,2024,522401621,2,9,0,5,5,0,4,0,0,8,0,0,0,0,4,1,6,6,1,54,8,1199,1,3,VAUXHALL CORSA,4,E01014958,0,1
2024501445721,2024,501445721,1,9,0,-1,1,2,6,-1,0,1,0,4,0,0,1,1,-1,9,1,76,11,1199,1,1,VAUXHALL CORSA,4,E01015178,0,1
2024461408742,2024,461408742,2,9,0,-1,19,2,6,-1,0,2,1,0,1,10,4,9,-1,6,1,19,4,998,1,15,VAUXHALL CORSA,8,E01016169,0,1
2024351529015,2024,351529015,1,9,0,-1,19,1,5,-1,0,0,2,0,7,0,1,1,-1,9,2,18,4,1364,1,17,VAUXHALL CORSA,1,E01015637,0,2
2024111427533,2024,111427533,1,9,0,-1,14,6,2,-1,0,0,0,0,0,0,4,1,-1,6,2,18,4,1398,1,6,VAUXHALL CORSA,8,E01020680,0,1
2024041487737,2024,041487737,1,9,0,-1,19,1,5,-1,0,0,2,0,0,0,3,1,-1,9,2,28,6,1398,1,5,VAUXHALL CORSA,3,E01025192,0,1
2024440156112,2024,440156112,2,9,0,9,9,6,4,0,0,5,0,0,0,0,4,1,6,6,3,-1,-1,1229,1,11,VAUXHALL CORSA,-1,-1,0,-1
2024201413419,2024,201413419,2,9,0,-1,2,0,0,-1,0,0,0,10,7,0,1,1,-1,6,-1,-1,-1,1398,1,7,VAUXHALL CORSA,-1,-1,0,-1
2024061529059,2024,061529059,1,9,0,-1,9,3,1,-1,0,1,0,0,0,0,4,1,-1,6,1,35,6,1229,1,12,VAUXHALL CORSA,5,E01006201,0,1
2024332401208,2024,332401208,1,9,0,-1,19,5,2,-1,0,6,0,0,0,0,1,1,-1,9,1,25,5,1248,2,16,VAUXHALL CORSA,3,E01013762,0,1
2024010537370,2024,010537370,2,9,0,18,19,5,1,0,0,8,0,0,0,0,0,1,6,6,3,-1,-1,1199,1,22,VAUXHALL CORSA,-1,-1,0,-1
2024440239218,2024,440239218,2,9,0,18,19,4,8,0,0,2,0,0,0,0,1,1,6,6,2,22,5,998,1,11,VAUXHALL CORSA,6,E01034062,0,1
2024041468874,2024,041468874,1,9,0,-1,19,3,7,-1,0,1,0,0,0,0,4,1,-1,9,2,18,4,998,1,10,VAUXHALL CORSA,7,E01012602,0,1
2024031536096,2024,031536096,1,9,0,-1,5,1,6,-1,0,6,1,0,7,11,3,1,-1,2,2,23,5,998,1,11,VAUXHALL CORSA,9,E01019343,0,1
2024052402824,2024,052402824,1,9,0,18,19,2,6,0,0,0,0,0,0,0,1,1,6,6,3,-1,-1,1398,1,7,VAUXHALL CORSA,-1,-1,0,-1
2024430291657,2024,430291657,2,9,0,11,11,8,4,0,0,0,0,0,0,0,4,1,6,6,1,45,7,1229,1,10,VAUXHALL CORSA,-1,-1,0,-1
2024401525838,2024,401525838,2,9,0,-1,19,5,1,-1,0,0,0,0,0,0,1,1,-1,9,2,86,11,1398,1,9,VAUXHALL CORSA,8,E01018227,0,2
2024440493626,2024,440493626,2,9,0,18,19,2,6,0,0,2,0,0,0,0,2,1,6,6,1,28,6,1398,1,11,VAUXHALL CORSA,9,E01022985,0,3
2024010508190,2024,010508190,1,9,0,9,9,1,7,0,0,5,0,0,0,0,1,1,1,1,2,31,6,1389,1,18,VAUXHALL CORSA,4,E01002663,0,1
2024542672624,2024,542672624,2,9,0,18,19,1,5,0,0,1,0,0,7,0,4,1,6,6,2,32,6,1364,1,16,VAUXHALL CORSA,6,E01034547,0,1
2024401506325,2024,401506325,2,9,0,-1,19,7,4,-1,0,6,0,0,0,0,1,1,-1,9,2,27,6,1398,1,9,VAUXHALL CORSA,4,E01015711,0,1
2024052402333,2024,052402333,2,9,0,18,19,8,4,0,0,0,0,0,0,0,1,1,6,6,3,-1,-1,1199,1,20,VAUXHALL CORSA,-1,-1,0,-1
2024010533749,2024,010533749,2,9,0,99,99,9,9,99,99,9,9,99,9,99,2,9,6,6,1,79,11,998,1,20,VAUXHALL CORSA,5,E01001085,0,2
2024010527529,2024,010527529,3,9,0,18,19,5,1,9,9,1,0,4,0,0,1,1,6,6,1,29,6,-1,3,3,VAUXHALL CORSA,4,E01035721,0,3