collision_index,collision_year,collision_ref_no,vehicle_reference,vehicle_type,towing_and_articulation,vehicle_manoeuvre_historic,vehicle_manoeuvre,vehicle_direction_from,vehicle_direction_to,vehicle_location_restricted_lane_historic,vehicle_location_restricted_lane,junction_location,skidding_and_overturning,hit_object_in_carriageway,vehicle_leaving_carriageway,hit_object_off_carriageway,first_point_of_impact,vehicle_left_hand_drive,journey_purpose_of_driver_historic,journey_purpose_of_driver,sex_of_driver,age_of_driver,age_band_of_driver,engine_capacity_cc,propulsion_code,age_of_vehicle,generic_make_model,driver_imd_decile,lsoa_of_driver,escooter_flag,driver_distance_banding
2024991464398,2024,991464398,1,9,0,-1,5,1,3,-1,0,2,0,0,0,0,1,1,-1,2,1,27,6,1398,1,9,VAUXHALL CORSA,1,-1,0,1
2024552400555,2024,552400555,3,9,0,2,2,0,0,0,0,0,0,0,0,0,2,1,6,6,3,-1,-1,1229,1,14,VAUXHALL CORSA,-1,-1,0,-1
202417M109624,2024,17M109624,1,9,0,-1,19,3,7,-1,0,8,0,0,0,0,4,1,-1,9,2,50,8,1199,1,0,VAUXHALL CORSA,1,E01012027,0,1
2024131396174,2024,131396174,2,9,0,-1,19,3,7,-1,0,8,0,0,0,0,3,1,-1,1,2,28,6,1199,1,1,VAUXHALL CORSA,10,E01011266,0,3
2024221411926,2024,221411926,1,9,0,-1,19,6,2,-1,0,0,5,0,1,3,1,9,-1,6,2,19,4,1229,1,10,VAUXHALL CORSA,4,E01028992,0,2
2024440373753,2024,440373753,1,9,0,18,19,7,1,0,0,0,0,0,0,0,1,1,6,6,2,19,4,1229,1,12,VAUXHALL CORSA,3,E01022803,0,1
2024302401346,2024,302401346,1,9,0,4,4,1,5,0,0,0,0,0,0,0,1,1,6,6,1,24,5,1199,1,4,VAUXHALL CORSA,7,E01029463,0,3
2024991457647,2024,991457647,1,9,0,-1,19,7,3,-1,0,0,0,0,0,0,1,1,-1,9,1,34,6,1398,1,7,VAUXHALL CORSA,-1,-1,0,-1
2024010524194,2024,010524194,1,9,0,12,12,3,7,0,0,0,0,0,0,0,3,1,6,6,1,53,8,1229,1,11,VAUXHALL CORSA,6,E01002541,0,1
2024131509704,2024,131509704,3,9,0,-1,6,1,1,-1,0,1,0,0,0,0,4,1,-1,6,1,71,10,1199,1,2,VAUXHALL CORSA,5,E01011356,0,3
2024041426974,2024,041426974,1,9,0,-1,7,1,5,-1,0,4,0,0,0,0,1,1,-1,9,1,33,6,1248,2,12,VAUXHALL CORSA,1,E01025217,0,1
2024131510045,2024,131510045,3,9,0,-1,19,7,3,-1,0,1,0,0,0,0,1,1,-1,9,2,35,6,1199,1,21,VAUXHALL CORSA,1,E01010811,0,2
2024401414650,2024,401414650,1,9,0,-1,2,0,0,-1,0,1,0,0,0,0,2,1,-1,6,2,34,6,1364,1,16,VAUXHALL CORSA,4,E01015711,0,1
2024622400816,2024,622400816,1,9,0,16,19,8,4,0,0,0,1,0,2,4,1,1,6,6,1,19,4,1199,1,20,VAUXHALL CORSA,3,W01001145,0,3
2024010512107,2024,010512107,1,9,0,4,4,5,1,0,0,1,0,0,0,0,3,1,2,2,2,64,9,1398,1,11,VAUXHALL CORSA,3,E01033935,0,1
2024421460963,2024,421460963,1,9,0,-1,9,7,5,-1,0,0,0,0,0,0,1,1,-1,9,2,32,6,1398,1,5,VAUXHALL CORSA,10,E01023448,0,3
2024522401406,2024,522401406,1,9,0,18,19,1,5,0,0,8,0,0,0,0,1,1,6,6,2,31,6,1199,1,2,VAUXHALL CORSA,5,E01020055,0,4
2024311405364,2024,311405364,1,9,0,-1,7,6,2,-1,0,1,0,0,0,0,3,1,-1,6,2,81,11,1229,1,16,VAUXHALL CORSA,6,E01028273,0,1
2024221441615,2024,221441615,3,9,0,-1,19,8,4,-1,0,8,0,0,0,0,1,1,-1,6,2,42,7,1398,1,7,VAUXHALL CORSA,9,E01028929,0,4
2024161434324,2024,161434324,2,9,0,-1,19,5,1,-1,0,8,0,0,0,0,1,1,-1,2,2,31,6,-1,-1,-1,VAUXHALL CORSA,3,E01028210,0,4
2024010542314,2024,010542314,1,9,0,7,7,3,5,0,0,2,0,0,0,0,3,1,2,2,2,63,9,1364,1,16,VAUXHALL CORSA,4,E01002279,0,1
2024010535200,2024,010535200,2,9,0,99,99,9,9,99,99,9,9,99,9,99,4,9,6,6,3,-1,-1,1229,1,10,VAUXHALL CORSA,5,E01003276,0,3
2024231482061,2024,231482061,1,9,0,-1,9,8,6,-1,0,5,0,0,0,0,1,9,-1,2,1,27,6,998,1,14,VAUXHALL CORSA,4,E01025849,0,1
2024041410175,2024,041410175,1,9,0,-1,19,1,5,-1,0,4,0,0,0,0,2,1,-1,9,2,75,10,1398,1,14,VAUXHALL CORSA,1,E01025579,0,1
2024430530733,2024,430530733,2,9,0,18,19,1,5,0,0,8,0,0,0,0,3,1,6,6,1,22,5,1229,1,11,VAUXHALL CORSA,10,E01016387,0,1
2024522401825,2024,522401825,2,9,0,18,19,8,4,0,0,6,0,0,0,0,4,1,6,6,2,53,8,1248,2,12,VAUXHALL CORSA,8,E01014957,0,2
2024010521705,2024,010521705,2,9,0,99,99,9,9,99,99,9,9,99,9,99,1,9,6,6,3,-1,-1,1199,1,2,VAUXHALL CORSA,2,E01004570,0,1
2024010522581,2024,010522581,1,9,0,10,10,4,2,0,0,1,0,0,0,0,2,1,6,6,1,31,6,1229,1,15,VAUXHALL CORSA,8,E01000342,0,1
2024340WN5912,2024,340WN5912,2,9,0,-1,19,3,7,-1,0,0,0,0,0,0,2,1,-1,2,1,30,6,1398,1,9,VAUXHALL CORSA,9,E01031200,0,4
2024201511776,2024,201511776,3,9,0,-1,19,6,2,-1,0,0,0,0,0,0,1,1,-1,6,1,39,7,1229,1,14,VAUXHALL CORSA,1,E01009343,0,1
2024531441423,2024,531441423,1,9,0,-1,19,3,7,-1,0,0,5,0,0,0,1,1,-1,6,1,19,4,1229,1,10,VAUXHALL CORSA,4,E01022331,0,3
2024401438696,2024,401438696,1,9,0,-1,4,8,4,-1,0,0,1,0,0,0,1,1,-1,2,1,36,7,1398,1,14,VAUXHALL CORSA,8,E01015747,0,1
2024010500454,2024,010500454,1,9,0,18,19,1,5,0,0,1,2,4,0,0,1,1,6,6,1,44,7,1199,1,2,VAUXHALL CORSA,-1,-1,0,-1
2024991527910,2024,991527910,2,9,0,-1,3,6,2,-1,0,4,0,0,0,0,2,1,-1,1,2,38,7,1199,1,1,VAUXHALL CORSA,-1,-1,0,-1
2024131514245,2024,131514245,1,9,0,-1,9,7,3,-1,0,4,0,0,0,0,3,1,-1,9,2,62,9,1398,1,5,VAUXHALL CORSA,1,E01010650,0,1
2024122400581,2024,122400581,1,9,0,18,19,3,7,0,0,6,0,0,0,0,4,1,6,6,1,45,7,1398,1,7,VAUXHALL CORSA,6,E01006146,0,4
2024141475307,2024,141475307,1,9,0,-1,19,6,3,-1,0,1,5,10,1,2,1,1,-1,6,2,27,6,1199,1,4,VAUXHALL CORSA,6,E01007908,0,1
2024201481522,2024,201481522,2,9,0,-1,9,4,2,-1,0,6,0,0,0,0,3,1,-1,1,2,26,6,1199,1,3,VAUXHALL CORSA,2,E01009874,0,1
2024131576033,2024,131576033,1,9,0,-1,-1,-1,-1,-1,-1,8,-1,-1,-1,0,-1,1,-1,6,3,-1,-1,1229,1,12,VAUXHALL CORSA,-1,-1,0,-1
2024211479767,2024,211479767,2,9,0,-1,5,3,7,-1,0,2,0,0,0,0,4,1,-1,9,1,22,5,1199,1,4,VAUXHALL CORSA,9,E01019879,0,1
2024440164735,2024,440164735,2,9,0,9,9,2,8,0,0,5,0,0,0,0,4,1,6,6,1,21,5,1398,1,5,VAUXHALL CORSA,6,E01017100,0,1
2024111420750,2024,111420750,3,9,0,-1,19,4,8,-1,0,0,0,0,1,0,2,1,-1,6,2,33,6,1398,1,8,VAUXHALL CORSA,4,E01020810,0,3
2024351486937,2024,351486937,1,9,0,-1,-1,3,6,-1,-1,0,1,0,1,0,1,9,-1,-1,2,21,5,998,1,13,VAUXHALL CORSA,8,E01029957,0,1
2024041499369,2024,041499369,1,9,0,-1,5,7,3,-1,0,3,0,0,0,0,1,1,-1,9,2,79,11,1199,1,3,VAUXHALL CORSA,3,E01012691,0,1
2024052400456,2024,052400456,2,9,0,18,19,7,3,0,0,0,5,0,5,6,3,1,6,6,1,31,6,1398,1,5,VAUXHALL CORSA,5,E01033796,0,3
2024211474064,2024,211474064,1,9,0,-1,19,3,7,-1,0,0,0,0,3,0,1,1,-1,6,1,17,4,1398,1,5,VAUXHALL CORSA,2,E01010562,0,3
2024010500066,2024,010500066,1,9,0,5,5,7,3,0,0,5,0,0,7,0,1,1,6,6,3,-1,-1,1199,1,1,VAUXHALL CORSA,-1,-1,0,-1
2024531472359,2024,531472359,1,9,0,-1,7,7,1,-1,0,8,0,0,0,0,2,9,-1,6,2,58,9,1398,1,6,VAUXHALL CORSA,10,E01014979,0,4
2024451491578,2024,451491578,2,9,0,-1,19,1,5,-1,0,0,1,0,1,4,3,1,-1,9,2,30,6,1398,1,7,VAUXHALL CORSA,8,E01030954,0,3
2024141433251,2024,141433251,1,9,0,-1,19,1,5,-1,0,0,0,0,0,0,1,1,-1,9,2,55,8,1248,2,13,VAUXHALL CORSA,2,E01007782,0,1
2024440177959,2024,440177959,2,9,0,4,4,2,6,0,0,2,1,0,0,0,2,1,6,6,1,35,6,998,1,17,VAUXHALL CORSA,8,E01031466,0,4
2024461526927,2024,461526927,3,9,0,-1,2,0,0,-1,0,2,0,0,0,0,2,1,-1,6,-1,-1,-1,1229,1,13,VAUXHALL CORSA,-1,-1,0,-1
2024991425931,2024,991425931,1,9,0,-1,19,3,7,-1,0,0,0,0,0,0,1,1,-1,6,1,63,9,1199,1,4,VAUXHALL CORSA,8,-1,0,4
2024440219580,2024,440219580,2,9,0,9,9,5,3,0,0,8,0,0,0,0,1,1,6,6,2,-1,-1,1398,1,13,VAUXHALL CORSA,3,E01017364,0,1
2024141441404,2024,141441404,6,9,0,-1,2,0,0,-1,0,0,0,0,0,0,2,1,-1,6,-1,-1,-1,1248,2,14,VAUXHALL CORSA,-1,-1,0,-1
2024201529108,2024,201529108,2,9,0,-1,19,7,3,-1,0,1,0,0,0,0,1,1,-1,6,1,47,8,1248,2,14,VAUXHALL CORSA,5,E01009888,0,1
2024991409373,2024,991409373,2,9,0,-1,19,6,2,-1,0,0,0,0,1,0,1,1,-1,2,2,56,9,1229,1,10,VAUXHALL CORSA,2,-1,0,1
2024440174923,2024,440174923,1,9,0,18,19,8,4,0,0,0,0,0,0,0,2,1,6,6,2,37,7,998,1,16,VAUXHALL CORSA,7,E01022831,0,1
2024461530361,2024,461530361,1,9,0,-1,9,7,1,-1,0,8,1,0,0,0,4,1,-1,6,1,18,4,1229,1,18,VAUXHALL CORSA,5,E01024728,0,3
2024552400856,2024,552400856,1,9,0,9,9,8,5,0,0,8,0,0,0,0,3,1,6,6,2,20,4,1229,1,11,VAUXHALL CORSA,8,E01020497,0,4
2024631420860,2024,631420860,3,9,0,-1,19,3,7,-1,0,0,0,0,0,0,1,1,-1,6,1,23,5,1229,1,11,VAUXHALL CORSA,1,E01009758,0,5
2024461401116,2024,461401116,2,9,0,-1,4,3,7,-1,0,1,0,0,0,0,2,1,-1,9,1,40,7,1248,2,10,VAUXHALL CORSA,1,E01024580,0,2
2024010486958,2024,010486958,1,9,0,13,13,5,1,0,0,0,0,0,0,0,1,1,6,6,1,22,5,1229,1,16,VAUXHALL CORSA,2,E01001673,0,1
2024061414632,2024,061414632,1,9,-1,-1,-1,-1,-1,-1,-1,0,-1,-1,-1,0,-1,9,-1,6,3,-1,-1,1686,2,17,VAUXHALL CORSA,-1,-1,0,-1
2024010509142,2024,010509142,1,9,0,18,19,1,5,0,0,1,0,0,0,0,3,1,6,6,2,38,7,1398,1,5,VAUXHALL CORSA,2,E01001181,0,2
2024430258918,2024,430258918,2,9,0,18,19,6,2,0,0,0,0,0,0,0,1,1,6,6,1,-1,-1,1398,1,6,VAUXHALL CORSA,-1,-1,0,-1
2024451532571,2024,451532571,2,9,0,-1,11,3,7,-1,0,0,0,0,0,0,1,1,-1,2,2,22,5,1229,1,10,VAUXHALL CORSA,7,E01024726,0,4
2024461412606,2024,461412606,1,9,0,-1,15,1,1,-1,0,1,0,0,0,0,3,1,-1,6,2,55,8,973,1,22,VAUXHALL CORSA,3,E01024482,0,1
2024131534184,2024,131534184,1,9,0,-1,-1,-1,-1,-1,-1,0,-1,-1,-1,-1,-1,1,-1,6,3,-1,-1,1199,1,20,VAUXHALL CORSA,-1,-1,0,-1
2024101502375,2024,101502375,1,9,0,-1,19,4,1,-1,0,8,0,0,0,0,1,1,-1,9,1,35,6,1199,1,3,VAUXHALL CORSA,8,E01008287,0,2
2024340NN4132,2024,340NN4132,1,9,0,-1,9,7,5,-1,0,0,0,0,0,0,1,1,-1,2,2,43,7,1398,1,9,VAUXHALL CORSA,7,E01032963,0,2
2024520402756,2024,520402756,1,9,0,5,5,2,1,0,0,6,0,0,0,0,1,1,6,6,1,23,5,1598,1,14,VAUXHALL CORSA,2,E01014799,0,4
2024201479780,2024,201479780,3,9,0,-1,19,2,6,-1,0,6,0,0,0,0,1,9,-1,6,1,19,4,1362,1,10,VAUXHALL CORSA,1,E01034308,0,1
2024111480315,2024,111480315,1,9,0,-1,19,7,3,-1,0,0,0,0,7,0,1,9,-1,6,1,30,6,-1,-1,-1,VAUXHALL CORSA,-1,-1,0,-1
2024010520050,2024,010520050,3,9,0,18,19,5,1,0,0,1,0,4,0,0,1,1,6,6,1,50,8,1364,1,16,VAUXHALL CORSA,4,E01001518,0,1
2024610006224,2024,610006224,1,9,0,9,9,2,8,0,0,6,0,0,0,0,3,1,6,6,1,83,11,1398,1,6,VAUXHALL CORSA,4,W01001384,0,1
2024141487382,2024,141487382,1,9,0,-1,9,5,3,-1,0,2,1,0,0,0,3,1,-1,9,1,19,4,1229,1,11,VAUXHALL CORSA,8,E01034243,0,1
2024010511589,2024,010511589,1,9,0,9,9,5,3,0,0,6,0,0,0,0,1,1,6,6,1,29,6,998,1,14,VAUXHALL CORSA,7,E01004164,0,1
2024501425583,2024,501425583,1,9,0,-1,19,3,7,-1,-1,0,1,0,0,0,1,1,-1,6,1,51,8,1199,1,4,VAUXHALL CORSA,6,E01015102,0,2
2024332400807,2024,332400807,1,9,0,-1,19,1,5,-1,0,0,0,0,0,0,1,1,-1,6,3,-1,-1,1398,1,9,VAUXHALL CORSA,-1,-1,0,-1
202454C881624,2024,54C881624,1,9,0,4,4,6,3,0,0,2,2,0,1,10,1,1,6,6,1,18,4,1229,1,11,VAUXHALL CORSA,8,E01031904,0,2
2024440216078,2024,440216078,1,9,0,18,19,5,1,0,0,0,0,0,0,0,3,1,6,6,1,48,8,-1,-1,-1,VAUXHALL CORSA,6,E01023023,0,1
2024201482189,2024,201482189,1,9,0,-1,19,3,7,-1,0,4,0,0,0,0,1,1,-1,6,1,63,9,1398,1,8,VAUXHALL CORSA,4,E01009552,0,1
202417H108424,2024,17H108424,2,9,0,-1,19,3,7,-1,0,1,0,0,0,0,1,1,-1,9,1,23,5,1229,1,13,VAUXHALL CORSA,-1,-1,0,-1
2024411410154,2024,411410154,1,9,0,-1,9,7,5,-1,0,8,0,0,0,0,4,1,-1,2,2,63,9,1229,1,14,VAUXHALL CORSA,9,E01023309,0,1
2024201524454,2024,201524454,2,9,0,-1,3,7,7,-1,0,0,0,4,0,0,2,1,-1,1,2,31,6,1229,1,12,VAUXHALL CORSA,-1,-1,0,-1
2024991467265,2024,991467265,1,9,0,-1,9,4,2,-1,0,5,0,0,0,0,4,1,-1,1,2,58,9,1199,1,3,VAUXHALL CORSA,6,-1,0,4
2024631499803,2024,631499803,1,9,0,-1,19,3,7,-1,9,1,0,0,0,0,1,1,-1,6,1,27,6,1248,2,16,VAUXHALL CORSA,5,W01000427,0,2
2024461478140,2024,461478140,1,9,0,-1,19,7,3,-1,0,1,0,0,0,0,1,1,-1,9,1,53,8,1398,1,7,VAUXHALL CORSA,8,E01024511,0,1
2024122400427,2024,122400427,1,9,0,18,19,1,5,0,0,4,0,0,0,0,1,1,6,6,1,18,4,1229,1,11,VAUXHALL CORSA,10,E01013061,0,3
2024131463792,2024,131463792,1,9,0,-1,19,1,5,-1,0,8,0,0,0,0,1,1,-1,1,2,20,4,1389,1,22,VAUXHALL CORSA,4,E01011876,0,1
2024122400524,2024,122400524,1,9,0,16,19,7,3,0,0,0,2,0,1,7,1,1,6,6,1,29,6,1199,1,21,VAUXHALL CORSA,2,E01007642,0,4
2024320529538,2024,320529538,2,9,0,-1,-1,2,6,0,0,0,0,0,0,0,1,1,-1,-1,2,20,4,1229,1,13,VAUXHALL CORSA,6,E01026257,0,2
2024302400765,2024,302400765,1,9,0,5,5,7,1,0,0,8,0,0,0,0,1,1,6,6,1,83,11,1229,1,17,VAUXHALL CORSA,5,E01009008,0,4
2024141398067,2024,141398067,1,9,0,-1,19,7,4,-1,0,2,0,0,0,0,1,1,-1,9,2,29,6,999,1,8,VAUXHALL CORSA,3,E01008095,0,1
2024351472314,2024,351472314,1,9,0,-1,5,1,5,-1,0,1,0,0,0,0,4,1,-1,6,2,24,5,1364,1,9,VAUXHALL CORSA,5,E01018067,0,2
2024111505326,2024,111505326,1,9,0,-1,19,2,6,-1,0,0,0,0,1,4,4,1,-1,9,1,84,11,1199,1,3,VAUXHALL CORSA,2,E01020705,0,2
2024311482627,2024,311482627,1,9,0,-1,19,2,6,-1,0,1,0,0,0,0,1,1,-1,9,1,21,5,1398,1,5,VAUXHALL CORSA,5,E01013889,0,4
2024041437673,2024,041437673,1,9,0,-1,19,7,3,-1,0,0,2,0,7,11,1,1,-1,9,1,19,4,1229,1,16,VAUXHALL CORSA,1,E01025041,0,1
2024411450354,2024,411450354,2,9,0,-1,4,2,6,-1,0,0,0,0,0,0,2,1,-1,2,2,53,8,1229,1,15,VAUXHALL CORSA,5,E01023542,0,2
2024411518782,2024,411518782,2,9,-1,-1,-1,-1,-1,-1,-1,0,-1,-1,-1,0,1,9,-1,6,1,23,5,1199,1,2,VAUXHALL CORSA,2,E01000508,0,4
2024161520384,2024,161520384,2,9,0,-1,19,3,7,-1,0,4,0,0,0,0,1,1,-1,9,2,32,6,999,1,8,VAUXHALL CORSA,6,E01013270,0,1
2024552400656,2024,552400656,1,9,0,18,19,2,6,0,0,0,0,0,0,0,1,1,4,7,2,17,4,1398,1,14,VAUXHALL CORSA,4,E01015276,0,1
2024411498663,2024,411498663,1,9,0,-1,4,1,5,-1,0,2,0,0,0,0,1,9,-1,6,1,26,6,1398,1,14,VAUXHALL CORSA,9,E01021825,0,2
2024010521047,2024,010521047,1,9,0,18,19,1,5,0,0,5,0,0,0,0,1,1,1,1,1,21,5,998,1,14,VAUXHALL CORSA,2,E01001460,0,1
2024141437147,2024,141437147,1,9,0,-1,19,5,8,-1,0,0,0,0,2,1,1,1,-1,6,2,20,4,1229,1,14,VAUXHALL CORSA,2,E01007789,0,2
2024010527248,2024,010527248,1,9,0,18,19,3,7,0,0,2,0,0,0,0,1,1,6,6,1,21,5,1364,1,18,VAUXHALL CORSA,2,E01017946,0,4
2024411459784,2024,411459784,1,9,0,-1,19,4,8,-1,0,0,0,0,0,0,1,1,-1,6,1,28,6,1229,1,17,VAUXHALL CORSA,3,E01000184,0,3
2024010529334,2024,010529334,2,9,0,7,7,4,7,0,0,1,0,0,0,0,4,1,2,2,1,57,9,1389,1,20,VAUXHALL CORSA,2,E01033737,0,2
2024421436491,2024,421436491,1,9,0,-1,19,7,2,-1,0,0,1,0,7,4,1,1,-1,9,1,26,6,1364,1,16,VAUXHALL CORSA,6,E01021399,0,1
2024340NN1302,2024,340NN1302,2,9,0,-1,19,5,1,-1,0,0,0,0,0,0,2,1,-1,2,1,32,6,1199,1,3,VAUXHALL CORSA,9,E01027347,0,2
2024010508145,2024,010508145,2,9,0,4,4,1,5,0,0,0,0,10,0,0,2,1,6,6,1,42,7,1398,1,9,VAUXHALL CORSA,7,E01003001,0,1
202460Q030896,2024,60Q030896,2,9,0,4,4,3,7,0,0,1,0,0,0,0,3,1,6,6,1,56,9,998,1,20,VAUXHALL CORSA,-1,-1,0,-1
2024991446730,2024,991446730,2,9,0,-1,4,7,3,-1,0,8,0,0,0,0,2,1,-1,9,2,17,4,1229,1,9,VAUXHALL CORSA,-1,-1,0,-1
2024131400717,2024,131400717,1,9,0,-1,4,1,5,-1,0,8,0,0,0,0,2,1,-1,6,2,59,9,1398,1,6,VAUXHALL CORSA,1,E01010824,0,1
2024211441054,2024,211441054,2,9,0,-1,19,4,1,-1,-1,-1,-1,-1,-1,0,-1,9,-1,2,1,38,7,1199,1,4,VAUXHALL CORSA,-1,-1,0,-1
2024010548133,2024,010548133,1,9,0,99,99,9,9,99,99,9,9,99,9,99,2,9,6,6,1,33,6,1199,1,3,VAUXHALL CORSA,7,E01000300,0,1
2024010521133,2024,010521133,1,9,0,5,5,4,8,0,0,8,0,0,0,0,4,1,6,6,1,24,5,1229,1,16,VAUXHALL CORSA,-1,-1,0,-1
2024361438043,2024,361438043,1,9,0,-1,19,4,8,-1,0,0,0,0,7,4,1,1,-1,6,1,17,4,1229,1,14,VAUXHALL CORSA,1,E01026635,0,1
2024201505635,2024,201505635,2,9,0,-1,19,1,3,-1,0,8,0,0,0,0,2,1,-1,6,1,29,6,1398,1,9,VAUXHALL CORSA,3,E01009089,0,1
2024411498301,2024,411498301,1,9,0,-1,10,-1,-1,-1,0,6,0,0,0,0,-1,1,-1,6,2,36,7,1229,1,14,VAUXHALL CORSA,2,E01023860,0,2
2024201450614,2024,201450614,2,9,0,-1,7,2,4,-1,0,6,0,0,1,0,3,1,-1,6,1,27,6,1398,1,13,VAUXHALL CORSA,-1,-1,0,-1
2024302401787,2024,302401787,1,9,0,-1,9,8,5,-1,0,8,0,0,0,0,1,1,-1,6,1,40,7,1229,1,16,VAUXHALL CORSA,8,E01013594,0,2
2024201467379,2024,201467379,1,9,0,-1,19,6,2,-1,0,0,0,0,0,0,1,1,-1,6,1,41,7,1248,2,17,VAUXHALL CORSA,2,E01009391,0,1
2024471450818,2024,471450818,1,9,0,-1,7,7,2,-1,0,0,2,7,7,4,1,1,-1,6,-1,-1,-1,1398,1,5,VAUXHALL CORSA,-1,-1,0,-1
2024991527824,2024,991527824,1,9,0,-1,19,4,8,-1,0,0,2,0,1,0,1,1,-1,9,1,21,5,1199,1,1,VAUXHALL CORSA,-1,-1,0,-1
2024201456103,2024,201456103,1,9,0,-1,7,5,7,-1,0,6,0,0,0,0,3,1,-1,6,1,45,7,998,1,13,VAUXHALL CORSA,-1,-1,0,-1
2024131463699,2024,131463699,4,9,0,-1,4,7,3,-1,0,0,0,0,0,0,3,1,-1,6,2,56,9,1398,1,12,VAUXHALL CORSA,6,E01011042,0,1
2024501428524,2024,501428524,1,9,0,-1,4,7,3,-1,0,0,0,0,0,0,1,2,-1,9,1,53,8,1398,1,10,VAUXHALL CORSA,5,E01014335,0,5
2024201534782,2024,201534782,1,9,0,-1,19,1,5,-1,0,2,0,0,0,0,1,1,-1,6,2,70,10,999,1,9,VAUXHALL CORSA,2,E01010097,0,2
2024622400805,2024,622400805,1,9,0,9,9,4,2,0,0,8,0,0,0,0,1,1,3,7,2,37,7,1229,1,14,VAUXHALL CORSA,8,W01001752,0,1
2024351452789,2024,351452789,1,9,0,-1,19,3,6,-1,0,0,0,0,7,0,4,1,-1,6,1,19,4,998,1,11,VAUXHALL CORSA,3,E01015624,0,2
2024430213617,2024,430213617,2,9,0,3,3,8,4,0,0,1,0,0,0,0,2,1,6,6,2,44,7,1229,1,11,VAUXHALL CORSA,10,E01028465,0,1
2024211479208,2024,211479208,2,9,0,-1,13,3,7,-1,0,0,0,0,0,0,4,1,-1,6,1,17,4,998,1,14,VAUXHALL CORSA,3,E01029568,0,1
2024161434537,2024,161434537,1,9,0,-1,9,3,5,-1,0,6,0,0,0,0,1,1,-1,9,1,31,6,1248,2,11,VAUXHALL CORSA,1,E01012903,0,1
2024610026024,2024,610026024,1,9,0,16,19,3,6,0,0,0,1,0,7,9,1,1,6,6,1,17,4,1229,1,11,VAUXHALL CORSA,9,W01001573,0,3
2024520500455,2024,520500455,2,9,0,18,19,1,4,0,0,0,0,0,0,0,2,1,2,2,2,32,6,1248,2,15,VAUXHALL CORSA,5,E01029173,0,4
2024010507374,2024,010507374,1,9,0,18,19,1,5,0,0,8,0,0,1,2,4,2,6,6,1,24,5,1364,1,17,VAUXHALL CORSA,5,E01001060,0,1
2024411412962,2024,411412962,1,9,-1,-1,-1,-1,-1,-1,-1,-1,-1,-1,-1,0,-1,9,-1,6,1,87,11,1199,1,4,VAUXHALL CORSA,8,E01015696,0,3
2024141397382,2024,141397382,1,9,0,-1,9,1,7,-1,0,8,0,0,0,0,3,1,-1,9,1,55,8,1398,1,5,VAUXHALL CORSA,1,E01007714,0,1
2024991460511,2024,991460511,1,9,0,-1,19,8,4,-1,0,0,1,0,8,4,1,1,-1,6,2,20,4,1229,1,11,VAUXHALL CORSA,9,-1,0,1
2024122400377,2024,122400377,1,9,0,11,11,5,1,0,0,0,5,0,1,4,1,1,6,6,2,17,4,1229,1,11,VAUXHALL CORSA,8,E01034959,0,3
2024501423294,2024,501423294,2,9,0,-1,2,0,0,-1,0,0,0,0,0,0,2,1,-1,6,1,69,10,-1,-1,-1,VAUXHALL CORSA,7,E01018795,0,1
2024010522212,2024,010522212,1,9,0,99,99,9,9,99,99,9,9,99,9,99,2,9,6,6,2,60,9,1229,1,17,VAUXHALL CORSA,7,E01002296,0,1
2024440520519,2024,440520519,1,9,0,18,19,1,5,0,0,3,0,0,0,0,1,1,6,6,2,46,8,1364,1,15,VAUXHALL CORSA,7,E01022673,0,1
2024401428205,2024,401428205,2,9,0,-1,9,-1,-1,-1,0,5,1,0,0,0,3,1,-1,2,2,46,8,1229,1,14,VAUXHALL CORSA,7,E01017420,0,1
2024431474016,2024,431474016,3,9,0,-1,19,5,1,-1,0,0,0,0,0,0,1,1,-1,1,1,39,7,1199,1,1,VAUXHALL CORSA,10,E01030624,0,4
2024041409409,2024,041409409,1,9,0,-1,19,5,1,-1,0,2,0,0,0,0,1,1,-1,9,2,66,10,998,1,11,VAUXHALL CORSA,7,E01025004,0,1
2024522401395,2024,522401395,2,9,0,9,9,6,5,0,0,5,0,0,0,0,1,1,6,6,2,39,7,998,1,11,VAUXHALL CORSA,9,E01014862,0,2
2024010519222,2024,010519222,2,9,0,18,19,5,1,0,0,2,0,0,0,0,1,1,2,2,1,19,4,1398,1,14,VAUXHALL CORSA,6,E01002489,0,1
202460Q167340,2024,60Q167340,2,9,0,4,4,3,7,0,0,8,0,0,0,0,2,1,6,6,2,55,8,1229,1,14,VAUXHALL CORSA,-1,-1,0,-1
2024461403628,2024,461403628,1,9,0,-1,19,8,4,-1,0,1,0,0,0,0,3,9,-1,6,1,22,5,1199,1,1,VAUXHALL CORSA,5,E01016135,0,1
2024201518242,2024,201518242,1,9,0,-1,19,4,8,-1,0,8,0,0,0,0,1,1,-1,6,1,-1,-1,1229,1,12,VAUXHALL CORSA,-1,-1,0,-1
2024340NN2442,2024,340NN2442,1,9,0,-1,19,5,1,-1,0,1,0,0,0,0,1,1,-1,6,1,75,10,1229,1,16,VAUXHALL CORSA,3,E01027081,0,1
2024070899825,2024,070899825,1,9,0,-1,19,3,7,-1,0,0,0,0,0,0,1,1,-1,6,3,-1,-1,1229,1,9,VAUXHALL CORSA,-1,-1,0,-1