collision_index,collision_year,collision_ref_no,vehicle_reference,vehicle_type,towing_and_articulation,vehicle_manoeuvre_historic,vehicle_manoeuvre,vehicle_direction_from,vehicle_direction_to,vehicle_location_restricted_lane_historic,vehicle_location_restricted_lane,junction_location,skidding_and_overturning,hit_object_in_carriageway,vehicle_leaving_carriageway,hit_object_off_carriageway,first_point_of_impact,vehicle_left_hand_drive,journey_purpose_of_driver_historic,journey_purpose_of_driver,sex_of_driver,age_of_driver,age_band_of_driver,engine_capacity_cc,propulsion_code,age_of_vehicle,generic_make_model,driver_imd_decile,lsoa_of_driver,escooter_flag,driver_distance_banding
2024041416034,2024,041416034,1,9,0,-1,19,3,7,-1,0,0,0,0,0,0,1,1,-1,2,1,19,4,1248,2,9,VAUXHALL CORSA,1,E01025230,0,4
2024070248403,2024,070248403,1,9,0,18,19,5,1,0,0,0,0,0,0,0,1,1,6,6,1,47,8,1199,1,4,VAUXHALL CORSA,8,E01012435,0,1
2024991409142,2024,991409142,1,9,0,-1,19,1,5,-1,0,8,0,0,0,0,4,1,-1,6,1,35,6,1398,1,5,VAUXHALL CORSA,5,-1,0,1
2024302400660,2024,302400660,2,9,0,18,19,4,8,0,0,0,1,0,0,0,1,1,2,2,1,22,5,1398,1,8,VAUXHALL CORSA,-1,-1,0,-1
2024411421872,2024,411421872,2,9,-1,-1,-1,-1,-1,-1,-1,0,0,-1,-1,0,2,9,-1,1,2,35,6,1229,1,12,VAUXHALL CORSA,5,E01023535,0,1
2024411492986,2024,411492986,1,9,0,-1,3,5,1,-1,0,0,0,0,0,0,2,1,-1,6,2,25,5,1199,1,3,VAUXHALL CORSA,5,E01033836,0,3
2024010496407,2024,010496407,1,9,0,4,4,3,7,0,0,8,0,0,0,0,2,1,6,6,2,37,7,1398,1,12,VAUXHALL CORSA,5,E01004076,0,1
2024440106518,2024,440106518,2,9,0,18,19,6,2,0,0,0,0,0,0,0,3,1,3,7,2,32,6,1248,2,11,VAUXHALL CORSA,7,E01022831,0,1
2024531505823,2024,531505823,1,9,0,-1,19,5,1,-1,0,0,0,0,0,0,1,1,-1,6,1,17,4,1229,1,14,VAUXHALL CORSA,3,E01031956,0,4
2024221438272,2024,221438272,1,9,0,-1,10,6,4,-1,0,8,0,0,0,0,2,1,-1,2,1,28,6,1398,1,12,VAUXHALL CORSA,9,E01032183,0,3
2024131435969,2024,131435969,2,9,0,-1,19,2,6,-1,0,0,0,0,0,0,3,1,-1,6,2,34,6,1398,1,5,VAUXHALL CORSA,4,E01011629,0,2
2024991473541,2024,991473541,2,9,0,-1,19,2,6,-1,0,0,0,0,0,0,2,1,-1,9,2,48,8,1229,1,15,VAUXHALL CORSA,1,-1,0,3
2024991419610,2024,991419610,1,9,0,-1,19,7,3,-1,0,8,0,0,0,0,3,1,-1,6,2,36,7,1229,1,14,VAUXHALL CORSA,1,-1,0,1
2024131402718,2024,131402718,1,9,0,-1,19,1,5,-1,0,1,0,0,0,0,1,1,-1,2,1,28,6,1229,1,16,VAUXHALL CORSA,3,E01011776,0,1
2024991427086,2024,991427086,1,9,0,-1,19,6,2,-1,0,0,1,0,8,0,1,1,-1,6,2,26,6,1229,1,12,VAUXHALL CORSA,5,-1,0,3
202417H103124,2024,17H103124,2,9,0,-1,19,6,2,-1,0,8,0,0,0,0,1,1,-1,9,1,87,11,1398,1,12,VAUXHALL CORSA,7,E01011995,0,1
2024131488427,2024,131488427,2,9,0,-1,-1,-1,-1,-1,-1,0,-1,-1,-1,-1,-1,1,-1,6,2,24,5,1398,1,8,VAUXHALL CORSA,-1,-1,0,-1
2024161398414,2024,161398414,1,9,0,-1,9,1,7,-1,0,4,0,0,0,0,1,9,-1,9,2,27,6,1398,1,7,VAUXHALL CORSA,1,E01012906,0,2
2024211415016,2024,211415016,3,9,0,-1,7,1,4,-1,0,1,0,0,0,0,0,1,-1,6,2,-1,-1,1199,1,4,VAUXHALL CORSA,8,E01029805,0,1
2024311415338,2024,311415338,1,9,0,-1,19,3,7,-1,0,0,0,0,7,0,1,1,-1,1,2,38,7,1398,1,6,VAUXHALL CORSA,8,E01028035,0,1
2024991400170,2024,991400170,1,9,0,-1,19,2,6,-1,0,0,0,0,0,0,1,1,-1,6,1,64,9,1199,1,2,VAUXHALL CORSA,2,-1,0,2
2024340WN4082,2024,340WN4082,2,9,0,-1,2,0,0,-1,0,8,0,0,0,0,3,1,-1,6,3,-1,-1,-1,-1,-1,VAUXHALL CORSA,-1,-1,0,-1
2024430522838,2024,430522838,1,9,0,16,19,3,6,0,0,0,0,0,1,11,1,1,6,6,1,21,5,1364,1,16,VAUXHALL CORSA,5,E01017903,0,1
2024010530843,2024,010530843,1,9,0,9,9,3,1,0,0,6,0,0,0,0,1,1,6,6,1,26,6,1364,1,15,VAUXHALL CORSA,6,E01002200,0,2
2024201456329,2024,201456329,1,9,0,-1,7,5,8,-1,0,6,0,0,0,0,3,9,-1,6,1,44,7,1248,2,13,VAUXHALL CORSA,-1,-1,0,-1
2024141486482,2024,141486482,1,9,0,-1,19,1,5,-1,0,2,0,0,0,0,3,1,-1,9,1,74,10,1229,1,9,VAUXHALL CORSA,2,E01007395,0,1
2024440399336,2024,440399336,2,9,0,2,2,0,0,0,0,2,0,8,0,0,4,1,6,6,1,75,10,1199,1,0,VAUXHALL CORSA,3,E01017220,0,1
2024371516801,2024,371516801,1,9,0,-1,19,1,5,-1,0,2,5,0,0,0,1,1,-1,6,2,36,7,1364,1,16,VAUXHALL CORSA,2,E01026477,0,2
2024041431007,2024,041431007,1,9,0,-1,19,1,5,-1,0,1,1,0,7,11,2,1,-1,9,1,82,11,-1,3,2,VAUXHALL CORSA,5,E01025031,0,4
2024451526263,2024,451526263,2,9,0,-1,7,4,6,-1,0,1,0,0,0,0,4,1,-1,2,1,25,5,1229,1,13,VAUXHALL CORSA,10,E01030810,0,3
2024101406290,2024,101406290,1,9,0,-1,19,2,6,-1,0,6,0,0,0,0,1,9,-1,6,1,89,11,1398,1,9,VAUXHALL CORSA,-1,-1,0,-1
2024471479587,2024,471479587,1,9,0,-1,9,6,2,-1,0,1,0,0,0,0,1,1,-1,9,1,20,4,1398,1,8,VAUXHALL CORSA,8,E01030836,0,4
2024041436199,2024,041436199,1,9,0,-1,4,1,5,-1,0,4,0,0,0,0,1,1,-1,2,1,19,4,1229,1,14,VAUXHALL CORSA,3,E01025460,0,1
2024061458370,2024,061458370,2,9,-1,-1,-1,-1,-1,-1,-1,-1,-1,-1,-1,0,1,9,-1,6,3,-1,-1,1398,1,12,VAUXHALL CORSA,-1,-1,0,-1
2024411509432,2024,411509432,2,9,0,-1,19,6,2,-1,0,0,0,0,4,6,1,1,-1,9,2,36,7,1364,1,18,VAUXHALL CORSA,8,E01023590,0,3
2024622400620,2024,622400620,1,9,0,18,19,2,6,0,0,0,0,0,0,0,1,1,6,6,2,36,7,-1,3,1,VAUXHALL CORSA,2,W01000865,0,1
2024131467121,2024,131467121,3,9,0,-1,2,0,0,-1,0,2,0,0,0,0,2,1,-1,6,2,37,7,1398,1,7,VAUXHALL CORSA,-1,-1,0,-1
2024451533840,2024,451533840,1,9,0,-1,19,1,5,-1,0,0,1,0,1,4,4,1,-1,6,1,19,4,1229,1,11,VAUXHALL CORSA,8,E01022871,0,2
2024221495887,2024,221495887,1,9,0,-1,13,3,7,-1,0,8,0,0,7,4,4,1,-1,9,1,47,8,1229,1,13,VAUXHALL CORSA,5,E01031242,0,2
2024131413562,2024,131413562,1,9,0,-1,9,1,5,-1,0,1,0,0,0,0,1,1,-1,9,1,60,9,1398,1,6,VAUXHALL CORSA,2,E01011014,0,1
2024010547844,2024,010547844,1,9,0,99,99,9,9,99,99,9,9,99,9,99,1,9,6,6,1,21,5,1398,1,12,VAUXHALL CORSA,6,E01002523,0,1
2024991485210,2024,991485210,2,9,0,-1,2,3,7,-1,0,0,0,0,0,0,2,1,-1,2,2,23,5,1199,1,3,VAUXHALL CORSA,8,-1,0,2
2024531417389,2024,531417389,2,9,0,-1,4,2,6,-1,0,1,0,0,0,0,2,1,-1,9,2,25,5,1199,1,4,VAUXHALL CORSA,9,E01022340,0,1
2024131409707,2024,131409707,2,9,0,-1,19,1,1,-1,0,0,0,0,0,0,3,1,-1,2,1,30,6,1364,1,17,VAUXHALL CORSA,1,E01011094,0,1
2024010549784,2024,010549784,1,9,0,18,19,3,7,0,0,2,0,0,0,0,1,1,6,6,2,37,7,1398,1,12,VAUXHALL CORSA,6,E01004532,0,1
2024451475808,2024,451475808,2,9,0,-1,19,3,7,-1,0,0,0,0,0,0,1,1,-1,6,1,26,6,1398,1,9,VAUXHALL CORSA,9,E01035343,0,1
2024141528465,2024,141528465,1,9,0,-1,13,1,5,-1,0,0,0,0,0,0,1,1,-1,9,1,26,6,1229,1,14,VAUXHALL CORSA,1,E01011863,0,2
2024010516270,2024,010516270,1,9,0,18,19,1,5,0,0,4,0,0,3,2,1,1,6,6,1,35,6,1229,1,16,VAUXHALL CORSA,-1,-1,0,-1
2024201507912,2024,201507912,1,9,0,-1,3,2,2,-1,0,4,0,0,0,0,2,1,-1,9,1,52,8,1248,2,14,VAUXHALL CORSA,1,E01010316,0,1
2024340NN0702,2024,340NN0702,1,9,0,-1,19,8,4,-1,0,1,0,0,0,0,1,1,-1,6,1,20,4,1398,1,10,VAUXHALL CORSA,2,E01027072,0,1
2024061524643,2024,061524643,2,9,0,-1,19,4,4,-1,0,0,0,0,0,0,4,1,-1,6,1,82,11,1398,1,5,VAUXHALL CORSA,6,E01006304,0,1
2024010529893,2024,010529893,1,9,0,-1,-1,7,3,0,0,8,0,0,0,0,1,1,6,6,1,17,4,1229,1,8,VAUXHALL CORSA,6,E01002422,0,1
2024991461905,2024,991461905,1,9,0,-1,19,7,4,-1,0,0,2,0,1,11,1,1,-1,9,2,19,4,1362,1,12,VAUXHALL CORSA,4,-1,0,2
2024471513939,2024,471513939,1,9,0,-1,9,7,5,-1,0,0,0,0,0,0,4,1,-1,2,1,30,6,-1,-1,-1,VAUXHALL CORSA,10,E01031689,0,4
2024311431538,2024,311431538,1,9,0,-1,19,7,3,-1,0,0,0,0,0,0,3,1,-1,6,1,20,4,1229,1,17,VAUXHALL CORSA,1,E01028065,0,1
2024401425259,2024,401425259,2,9,0,-1,19,6,2,-1,0,1,1,0,0,0,1,1,-1,6,2,26,6,1398,1,8,VAUXHALL CORSA,3,E01015757,0,1
2024010511903,2024,010511903,1,9,0,18,19,5,1,0,0,0,0,0,0,0,1,1,3,7,2,36,7,1229,1,13,VAUXHALL CORSA,-1,-1,0,-1
2024461529079,2024,461529079,2,9,0,-1,-1,-1,-1,-1,-1,-1,-1,-1,-1,0,-1,9,-1,6,2,-1,-1,1398,1,7,VAUXHALL CORSA,3,E01004041,0,4
2024010507876,2024,010507876,2,9,0,99,99,9,9,99,99,0,9,99,9,99,9,9,6,6,1,52,8,1398,1,8,VAUXHALL CORSA,8,E01000269,0,2
2024461450752,2024,461450752,2,9,0,-1,9,1,7,-1,0,8,0,0,0,0,3,1,-1,9,1,37,7,1229,1,13,VAUXHALL CORSA,6,E01004021,0,4
2024351482330,2024,351482330,1,9,0,-1,19,5,1,-1,0,1,0,0,0,0,3,1,-1,6,1,62,9,1199,1,20,VAUXHALL CORSA,6,E01018169,0,1
2024991420431,2024,991420431,2,9,0,-1,7,2,8,-1,0,6,0,0,0,0,1,1,-1,6,1,30,6,1229,1,11,VAUXHALL CORSA,4,-1,0,2
2024201407579,2024,201407579,2,9,-1,-1,3,5,1,-1,0,1,0,0,0,0,1,9,-1,9,2,40,7,1229,1,15,VAUXHALL CORSA,2,E01010449,0,1
2024351421912,2024,351421912,1,9,0,-1,19,1,7,-1,0,2,0,0,0,0,1,1,-1,9,1,45,7,1398,1,13,VAUXHALL CORSA,2,E01015656,0,2
2024340NN0522,2024,340NN0522,2,9,0,-1,19,2,6,-1,0,8,1,0,0,0,4,1,-1,1,2,24,5,1199,1,24,VAUXHALL CORSA,8,E01015805,0,4
2024211451364,2024,211451364,1,9,0,-1,9,1,5,-1,0,3,1,10,1,9,4,1,-1,9,2,30,6,1229,1,17,VAUXHALL CORSA,3,E01029408,0,3
2024622400330,2024,622400330,1,9,0,1,1,4,8,0,0,0,0,4,0,0,2,1,6,6,2,79,11,1398,1,7,VAUXHALL CORSA,2,W01000960,0,1
2024622400608,2024,622400608,1,9,0,18,19,8,4,0,0,0,0,0,0,0,1,1,6,6,1,20,4,1199,1,2,VAUXHALL CORSA,1,W01001202,0,2
2024361484143,2024,361484143,1,9,0,-1,9,3,1,-1,0,1,0,0,0,0,1,1,-1,9,2,82,11,1229,1,13,VAUXHALL CORSA,7,E01026436,0,3
2024440039226,2024,440039226,2,9,0,4,4,8,4,0,0,1,0,0,0,0,2,1,6,6,1,21,5,1229,1,9,VAUXHALL CORSA,-1,-1,0,-1
2024201396736,2024,201396736,1,9,0,-1,19,8,2,-1,0,4,0,0,0,0,1,1,-1,6,1,47,8,1229,1,8,VAUXHALL CORSA,3,E01008945,0,1
2024451442311,2024,451442311,1,9,0,-1,19,6,8,-1,0,0,0,0,0,0,1,1,-1,2,1,28,6,1398,1,12,VAUXHALL CORSA,6,E01030957,0,2
2024991431987,2024,991431987,1,9,0,-1,19,5,2,-1,0,6,0,0,0,0,1,1,-1,6,2,21,5,1229,1,14,VAUXHALL CORSA,1,-1,0,1
2024520403187,2024,520403187,1,9,0,18,19,6,2,0,0,1,5,10,7,10,1,1,6,6,1,26,6,1598,1,15,VAUXHALL CORSA,4,E01035130,0,1
2024061490857,2024,061490857,2,9,0,-1,19,7,3,-1,0,0,0,0,0,0,1,1,-1,2,1,74,10,1398,1,6,VAUXHALL CORSA,10,E01004901,0,1
2024351515792,2024,351515792,1,9,0,-1,19,7,3,-1,0,2,0,0,0,0,4,1,-1,2,2,64,9,1398,1,7,VAUXHALL CORSA,10,E01018055,0,1
2024061489224,2024,061489224,2,9,0,-1,4,3,7,-1,0,1,0,0,0,0,2,1,-1,9,2,63,9,1398,1,10,VAUXHALL CORSA,-1,-1,0,-1
2024411487217,2024,411487217,1,9,0,-1,10,3,7,-1,0,0,0,0,0,0,1,1,-1,6,1,29,6,1398,1,11,VAUXHALL CORSA,8,E01023311,0,1
2024131474063,2024,131474063,1,9,0,-1,19,1,5,-1,0,0,0,0,0,0,1,1,-1,6,1,47,8,1199,1,4,VAUXHALL CORSA,6,E01010957,0,2
2024411445083,2024,411445083,1,9,0,-1,4,5,1,-1,0,0,0,0,1,0,1,1,-1,6,2,30,6,1229,1,15,VAUXHALL CORSA,6,E01023409,0,3
2024520402199,2024,520402199,2,9,0,18,19,5,8,0,0,8,0,0,0,0,1,1,6,6,1,17,4,1229,1,19,VAUXHALL CORSA,10,E01029168,0,3
2024451496805,2024,451496805,3,9,0,-1,19,4,8,-1,0,0,0,4,0,0,1,1,-1,7,1,18,4,1364,1,17,VAUXHALL CORSA,9,E01030893,0,3
2024451399823,2024,451399823,2,9,0,-1,9,1,1,-1,0,3,0,0,1,0,1,1,-1,2,2,61,9,1398,1,7,VAUXHALL CORSA,5,E01030531,0,3
2024991497015,2024,991497015,1,9,0,-1,19,6,2,-1,0,1,0,0,0,0,1,1,-1,6,2,37,7,1398,1,8,VAUXHALL CORSA,-1,-1,0,-1
2024451447415,2024,451447415,1,9,0,-1,19,4,8,-1,0,0,0,0,0,0,1,1,-1,9,2,18,4,1229,1,13,VAUXHALL CORSA,10,E01030804,0,1
2024201472912,2024,201472912,2,9,0,-1,19,6,2,-1,0,8,0,0,0,0,1,1,-1,6,1,24,5,1398,1,8,VAUXHALL CORSA,-1,-1,0,-1
2024061511047,2024,061511047,2,9,0,-1,3,6,2,-1,0,0,0,0,0,0,2,1,-1,6,2,22,5,1199,1,4,VAUXHALL CORSA,1,E01006567,0,4
2024471444244,2024,471444244,1,9,0,-1,19,2,6,-1,0,0,0,0,0,0,1,1,-1,6,2,21,5,1229,1,14,VAUXHALL CORSA,8,E01023253,0,4
2024141446777,2024,141446777,1,9,0,-1,19,4,8,-1,0,8,0,0,0,0,1,1,-1,9,1,55,8,1229,1,12,VAUXHALL CORSA,2,E01008112,0,1
2024201530818,2024,201530818,2,9,0,-1,2,0,0,-1,0,0,0,0,0,0,1,1,-1,6,2,37,7,1389,1,18,VAUXHALL CORSA,7,E01009870,0,1
2024302401720,2024,302401720,2,9,0,18,19,7,4,0,0,0,0,0,0,0,4,1,6,6,1,28,6,1229,1,15,VAUXHALL CORSA,-1,-1,0,-1
2024522402261,2024,522402261,1,9,0,18,19,2,6,0,0,3,0,0,0,0,1,1,6,6,3,-1,-1,1398,1,5,VAUXHALL CORSA,-1,-1,0,-1
2024461439735,2024,461439735,1,9,0,-1,19,2,4,-1,0,0,0,4,0,0,4,1,-1,2,2,64,9,1199,1,4,VAUXHALL CORSA,7,E01032737,0,1
2024531455811,2024,531455811,2,9,0,-1,19,3,7,-1,0,1,0,0,0,0,4,1,-1,9,1,17,4,1398,1,13,VAUXHALL CORSA,10,E01022203,0,3
2024141519580,2024,141519580,1,9,0,-1,19,5,7,-1,0,1,0,0,3,0,3,2,-1,9,2,24,5,999,1,6,VAUXHALL CORSA,3,E01007747,0,3
2024552401506,2024,552401506,1,9,0,9,9,8,6,0,0,5,0,0,0,0,4,1,6,6,1,34,6,-1,-1,-1,VAUXHALL CORSA,5,E01020562,0,2
2024631472115,2024,631472115,1,9,0,-1,19,5,2,-1,0,0,1,0,7,10,1,1,-1,9,1,27,6,1248,2,19,VAUXHALL CORSA,2,W01000660,0,2
2024320012525,2024,320012525,2,9,0,18,19,8,4,0,0,8,0,0,1,4,4,1,6,6,1,47,8,1229,1,19,VAUXHALL CORSA,4,E01026057,0,2
2024340NN0052,2024,340NN0052,3,9,0,-1,3,1,5,-1,0,0,0,0,0,0,2,1,-1,9,2,20,4,1398,1,7,VAUXHALL CORSA,5,E01026973,0,2
2024501536038,2024,501536038,2,9,0,-1,19,4,1,-1,0,8,0,0,0,0,1,1,-1,6,2,54,8,1398,1,8,VAUXHALL CORSA,1,E01015026,0,1
2024411538605,2024,411538605,1,9,0,-1,7,3,6,-1,0,6,0,0,0,0,1,1,-1,9,2,25,5,1398,1,8,VAUXHALL CORSA,9,E01022063,0,4
2024221439991,2024,221439991,3,9,0,-1,19,6,2,-1,0,1,0,4,0,0,4,9,-1,6,1,31,6,1199,1,4,VAUXHALL CORSA,6,E01032216,0,4
2024111468029,2024,111468029,1,9,0,-1,13,6,3,-1,0,1,0,0,0,0,1,1,-1,6,2,20,4,1199,1,4,VAUXHALL CORSA,6,E01020778,0,1
2024461517368,2024,461517368,1,9,0,-1,19,3,5,-1,0,0,1,0,0,0,3,1,-1,6,1,18,4,1229,1,15,VAUXHALL CORSA,5,E01024551,0,2
2024211457113,2024,211457113,1,9,0,-1,19,8,4,-1,0,0,0,0,0,0,1,1,-1,6,1,20,4,1229,1,18,VAUXHALL CORSA,-1,-1,0,-1
2024332400976,2024,332400976,1,9,0,-1,9,5,3,-1,0,6,0,0,0,0,3,1,-1,6,1,46,8,-1,3,2,VAUXHALL CORSA,1,E01015593,0,3
2024471457735,2024,471457735,1,9,0,-1,19,1,5,-1,0,0,0,0,0,0,1,1,-1,6,2,59,9,1229,1,10,VAUXHALL CORSA,5,E01034817,0,1
2024461418220,2024,461418220,1,9,0,-1,5,8,1,-1,0,2,0,0,0,0,1,1,-1,6,2,19,4,1229,1,9,VAUXHALL CORSA,4,E01024714,0,3
2024201465711,2024,201465711,1,9,0,-1,19,4,8,-1,0,1,0,0,0,0,4,9,-1,9,1,35,6,1199,1,2,VAUXHALL CORSA,3,E01031073,0,3
2024311523455,2024,311523455,1,9,0,-1,6,4,2,-1,0,1,0,0,0,0,3,1,-1,6,1,33,6,1199,1,1,VAUXHALL CORSA,1,E01013865,0,1
2024010524219,2024,010524219,1,9,0,99,99,9,9,99,99,0,9,99,9,99,2,9,6,6,1,22,5,1398,1,6,VAUXHALL CORSA,3,E01003387,0,1
2024201437101,2024,201437101,1,9,0,-1,4,2,6,-1,0,1,0,0,0,0,1,9,-1,9,1,29,6,1229,1,10,VAUXHALL CORSA,4,E01009236,0,1
2024221431459,2024,221431459,2,9,0,-1,4,1,5,-1,0,1,0,0,0,0,1,1,-1,9,1,41,7,1364,1,9,VAUXHALL CORSA,3,E01002370,0,5
2024101394233,2024,101394233,2,9,0,-1,2,0,0,-1,0,2,1,0,7,11,2,1,-1,6,-1,-1,-1,1199,1,4,VAUXHALL CORSA,-1,-1,0,-1
2024340WN6252,2024,340WN6252,1,9,0,-1,19,5,1,-1,0,0,0,4,0,0,3,1,-1,9,2,24,5,1199,1,4,VAUXHALL CORSA,6,E01035422,0,1
2024411493459,2024,411493459,2,9,0,-1,19,5,3,-1,0,8,0,0,0,0,3,1,-1,2,2,19,4,1398,1,9,VAUXHALL CORSA,10,E01017563,0,1
2024201461999,2024,201461999,1,9,0,-1,19,7,3,-1,0,0,0,0,0,0,1,9,-1,6,1,23,5,1229,1,12,VAUXHALL CORSA,2,E01009980,0,1
2024548603724,2024,548603724,1,9,0,18,19,5,6,0,0,3,0,0,1,11,1,1,6,6,2,36,7,1389,1,21,VAUXHALL CORSA,-1,-1,0,-1
2024122500445,2024,122500445,2,9,0,9,9,5,3,0,0,1,0,0,0,0,1,1,6,6,1,33,6,1248,2,9,VAUXHALL CORSA,4,E01010854,0,2
2024161472045,2024,161472045,1,9,0,-1,15,7,3,-1,0,1,1,4,0,0,4,1,-1,9,2,25,5,1398,1,5,VAUXHALL CORSA,10,E01013114,0,1
2024131517576,2024,131517576,1,9,0,-1,9,1,3,-1,0,8,0,0,0,0,1,1,-1,2,2,48,8,1248,2,12,VAUXHALL CORSA,1,E01010730,0,1
2024552401038,2024,552401038,1,9,0,18,19,8,4,0,0,0,0,0,0,0,1,1,6,6,2,33,6,1398,1,6,VAUXHALL CORSA,-1,-1,0,-1
2024991467689,2024,991467689,2,9,0,-1,19,8,4,-1,0,0,0,0,0,0,2,1,-1,9,2,27,6,1398,1,8,VAUXHALL CORSA,6,-1,0,1
2024501493239,2024,501493239,1,9,0,-1,19,2,6,-1,0,0,0,0,1,10,1,1,-1,1,2,20,4,1229,1,13,VAUXHALL CORSA,3,E01020067,0,2
2024010510227,2024,010510227,1,9,0,18,19,7,3,0,0,1,0,0,0,0,1,1,6,6,1,62,9,1229,1,16,VAUXHALL CORSA,8,E01001120,0,2
2024631406612,2024,631406612,1,9,0,-1,19,4,8,-1,0,0,1,0,2,10,1,1,-1,9,2,30,6,1229,1,18,VAUXHALL CORSA,2,W01000483,0,2
2024522402139,2024,522402139,2,9,0,17,19,1,7,0,0,8,0,0,0,0,1,1,6,6,1,26,6,1229,1,18,VAUXHALL CORSA,8,E01014373,0,2
2024041521891,2024,041521891,3,9,0,-1,19,1,5,-1,0,0,0,0,0,0,2,1,-1,2,2,55,8,1248,2,9,VAUXHALL CORSA,4,E01025459,0,3
2024471403108,2024,471403108,2,9,0,-1,2,0,0,-1,0,0,0,0,0,0,3,1,-1,6,-1,-1,-1,1229,1,12,VAUXHALL CORSA,-1,-1,0,-1
2024161456808,2024,161456808,1,9,0,-1,9,3,1,-1,0,8,0,0,2,0,4,1,-1,9,1,18,4,998,1,11,VAUXHALL CORSA,10,E01013275,0,1
2024131456245,2024,131456245,1,9,0,-1,7,3,3,-1,0,6,0,0,0,0,1,1,-1,9,2,28,6,1199,1,4,VAUXHALL CORSA,5,E01010970,0,1
2024141429798,2024,141429798,2,9,0,-1,7,8,4,-1,0,6,0,0,0,0,1,1,-1,9,1,19,4,1398,1,14,VAUXHALL CORSA,1,E01007874,0,1
2024451524250,2024,451524250,1,9,0,-1,19,5,1,-1,0,1,0,0,0,0,1,1,-1,9,2,90,11,1398,1,12,VAUXHALL CORSA,8,E01030822,0,1
2024201540664,2024,201540664,2,9,0,-1,5,7,4,-1,0,2,0,0,0,0,4,1,-1,9,2,57,9,1398,1,8,VAUXHALL CORSA,-1,-1,0,-1
2024451535670,2024,451535670,1,9,0,-1,19,3,7,-1,0,1,0,0,1,0,1,1,-1,9,2,21,5,1229,1,15,VAUXHALL CORSA,6,E01004086,0,2
2024351484497,2024,351484497,2,9,0,-1,19,5,1,-1,0,0,0,0,0,0,1,1,-1,9,2,46,8,1398,1,13,VAUXHALL CORSA,8,E01015646,0,1
2024161403357,2024,161403357,1,9,0,-1,19,1,5,-1,0,2,0,0,0,0,1,1,-1,9,2,47,8,973,1,21,VAUXHALL CORSA,-1,-1,0,-1
2024401408746,2024,401408746,2,9,-1,-1,-1,-1,-1,-1,-1,-1,-1,-1,-1,0,4,9,-1,9,1,33,6,1398,1,9,VAUXHALL CORSA,5,E01015768,0,1
2024131499916,2024,131499916,2,9,0,-1,19,7,3,-1,0,2,0,0,0,0,3,1,-1,9,2,54,8,1199,1,1,VAUXHALL CORSA,6,E01011505,0,1
2024340WN2012,2024,340WN2012,2,9,0,-1,19,1,5,-1,0,8,0,0,0,0,2,1,-1,9,1,28,6,1248,2,14,VAUXHALL CORSA,-1,-1,0,-1
2024041503225,2024,041503225,1,9,0,-1,9,5,1,-1,0,2,0,0,0,0,1,1,-1,9,1,22,5,998,1,10,VAUXHALL CORSA,9,E01024918,0,4
2024991492125,2024,991492125,2,9,0,-1,19,3,7,-1,0,0,0,0,0,0,2,1,-1,1,1,62,9,1229,1,13,VAUXHALL CORSA,1,-1,0,2
2024302400570,2024,302400570,1,9,0,14,14,7,3,0,0,0,0,0,0,0,1,1,6,6,2,37,7,1229,1,14,VAUXHALL CORSA,1,E01019444,0,1
2024052401216,2024,052401216,1,9,0,16,19,3,7,0,0,0,0,0,0,0,1,1,6,6,3,-1,-1,1398,1,13,VAUXHALL CORSA,-1,-1,0,-1
2024351492577,2024,351492577,1,9,0,-1,4,2,6,-1,0,4,0,0,0,0,1,1,-1,6,1,55,8,1398,1,5,VAUXHALL CORSA,6,E01015653,0,1
2024361531134,2024,361531134,2,9,0,-1,4,3,3,-1,0,0,0,0,0,0,2,1,-1,1,2,35,6,1398,1,7,VAUXHALL CORSA,6,E01026924,0,4
2024622400060,2024,622400060,1,9,0,18,19,6,2,0,0,1,0,0,0,0,1,1,6,6,2,17,4,1398,1,6,VAUXHALL CORSA,10,W01001112,0,1
2024461483807,2024,461483807,2,9,0,-1,19,2,6,-1,0,0,0,0,0,0,3,1,-1,6,1,23,5,1229,1,13,VAUXHALL CORSA,2,E01016059,0,1
2024161425133,2024,161425133,3,9,0,-1,19,1,5,-1,0,0,0,0,0,0,3,1,-1,6,2,18,4,1398,1,5,VAUXHALL CORSA,1,E01012862,0,1
2024471442947,2024,471442947,3,9,0,-1,19,7,3,-1,0,0,0,0,0,0,2,1,-1,2,1,53,8,1398,1,5,VAUXHALL CORSA,7,E01031382,0,2
2024070821184,2024,070821184,2,9,0,-1,19,1,5,-1,0,0,0,0,0,0,4,1,-1,9,2,30,6,1199,1,0,VAUXHALL CORSA,6,E01033748,0,3
2024320409446,2024,320409446,1,9,0,-1,-1,4,2,0,0,8,0,0,0,0,1,1,1,1,2,25,5,1248,2,12,VAUXHALL CORSA,1,E01026094,0,1
2024131517469,2024,131517469,1,9,0,-1,19,1,5,-1,0,8,0,0,0,0,2,1,-1,9,1,24,5,1248,2,12,VAUXHALL CORSA,1,E01007715,0,4
2024061406756,2024,061406756,1,9,-1,-1,19,5,1,-1,0,-1,0,0,0,0,1,9,-1,6,3,-1,-1,1364,1,17,VAUXHALL CORSA,-1,-1,0,-1
2024131440348,2024,131440348,2,9,0,-1,19,1,5,-1,0,8,0,0,0,0,1,1,-1,9,1,53,8,1248,2,15,VAUXHALL CORSA,1,E01012857,0,4