collision_index,collision_year,collision_ref_no,vehicle_reference,vehicle_type,towing_and_articulation,vehicle_manoeuvre_historic,vehicle_manoeuvre,vehicle_direction_from,vehicle_direction_to,vehicle_location_restricted_lane_historic,vehicle_location_restricted_lane,junction_location,skidding_and_overturning,hit_object_in_carriageway,vehicle_leaving_carriageway,hit_object_off_carriageway,first_point_of_impact,vehicle_left_hand_drive,journey_purpose_of_driver_historic,journey_purpose_of_driver,sex_of_driver,age_of_driver,age_band_of_driver,engine_capacity_cc,propulsion_code,age_of_vehicle,generic_make_model,driver_imd_decile,lsoa_of_driver,escooter_flag,driver_distance_banding
2024471425708,2024,471425708,1,9,0,-1,8,7,1,-1,0,1,0,0,0,0,1,1,-1,6,2,36,7,1362,1,10,VAUXHALL CORSA,6,E01031402,0,1
2024320105231,2024,320105231,1,9,0,-1,-1,6,2,0,0,8,0,0,0,3,4,1,-1,-1,2,21,5,999,1,9,VAUXHALL CORSA,10,E01018118,0,5
2024201451772,2024,201451772,2,9,0,-1,7,7,2,-1,0,0,0,0,0,0,2,1,-1,6,2,51,8,1229,1,11,VAUXHALL CORSA,1,E01013600,0,4
2024461574084,2024,461574084,2,9,0,-1,19,7,3,-1,0,0,0,0,0,0,3,1,-1,6,1,74,10,1229,1,12,VAUXHALL CORSA,2,E01034190,0,3
2024451435116,2024,451435116,2,9,0,-1,19,5,4,-1,0,0,0,0,0,0,1,9,-1,6,2,23,5,1398,1,8,VAUXHALL CORSA,9,E01031772,0,4
2024161409407,2024,161409407,1,9,0,-1,19,3,7,-1,0,0,0,0,2,7,1,1,-1,2,1,36,7,1229,1,13,VAUXHALL CORSA,6,E01013001,0,3
2024471452146,2024,471452146,1,9,0,-1,19,-1,-1,-1,99,3,1,99,0,0,2,2,-1,9,2,20,4,1398,1,6,VAUXHALL CORSA,3,E01016907,0,4
2024031493066,2024,031493066,1,9,0,-1,19,1,5,-1,0,0,2,10,0,0,3,1,-1,6,2,19,4,1229,1,15,VAUXHALL CORSA,-1,-1,0,-1
2024061452950,2024,061452950,1,9,0,-1,19,4,8,-1,0,0,0,0,0,0,1,1,-1,1,1,25,5,1229,1,15,VAUXHALL CORSA,1,E01006494,0,4
2024311501565,2024,311501565,2,9,0,-1,10,3,1,-1,0,0,0,0,0,0,2,1,-1,6,2,24,5,1229,1,11,VAUXHALL CORSA,-1,-1,0,-1
2024440476598,2024,440476598,1,9,0,18,19,7,3,0,0,0,5,0,7,9,0,1,6,6,1,18,4,1364,1,19,VAUXHALL CORSA,-1,-1,0,-1
2024010534279,2024,010534279,2,9,0,9,9,7,5,0,0,1,0,0,0,0,1,1,6,6,2,21,5,1364,1,15,VAUXHALL CORSA,7,E01002424,0,2
2024161438359,2024,161438359,1,9,0,-1,19,1,5,-1,0,0,0,0,0,0,2,9,-1,6,2,67,10,1229,1,10,VAUXHALL CORSA,9,E01012813,0,1
2024371505479,2024,371505479,1,9,0,-1,19,1,5,-1,0,0,1,0,1,4,2,1,-1,9,1,23,5,998,1,17,VAUXHALL CORSA,8,E01033452,0,4
2024010513389,2024,010513389,2,9,0,99,99,9,9,99,99,9,9,99,9,99,9,9,6,6,3,-1,-1,1398,1,5,VAUXHALL CORSA,-1,-1,0,-1
2024451512130,2024,451512130,1,9,0,-1,5,5,1,-1,0,0,0,0,0,0,2,1,-1,1,2,28,6,999,1,9,VAUXHALL CORSA,7,E01030851,0,4
2024070941260,2024,070941260,2,9,0,-1,3,7,3,-1,0,8,0,0,0,0,1,1,-1,9,2,17,4,1398,1,7,VAUXHALL CORSA,9,E01018386,0,2
2024231541897,2024,231541897,1,9,0,-1,7,7,1,-1,0,5,0,0,0,0,4,1,-1,9,1,17,4,1398,1,9,VAUXHALL CORSA,10,E01009704,0,3
2024991539384,2024,991539384,2,9,0,-1,19,5,1,-1,0,4,0,0,0,0,1,1,-1,6,1,19,4,1199,1,5,VAUXHALL CORSA,1,-1,0,1
202454D733224,2024,54D733224,2,9,0,18,19,8,4,0,0,1,0,10,1,0,4,1,6,6,2,48,8,1229,1,12,VAUXHALL CORSA,8,E01032709,0,2
2024311505527,2024,311505527,4,9,0,-1,2,0,0,-1,0,0,1,0,0,0,4,1,-1,6,2,-1,-1,1229,1,12,VAUXHALL CORSA,6,E01014267,0,4
2024010531633,2024,010531633,2,9,0,5,5,5,1,0,0,0,0,0,0,0,2,1,2,2,1,23,5,1229,1,12,VAUXHALL CORSA,7,E01002418,0,1
2024052400920,2024,052400920,1,9,0,9,9,6,3,0,0,8,0,0,1,0,1,1,6,6,1,84,11,1199,1,1,VAUXHALL CORSA,1,E01006558,0,1
2024991536554,2024,991536554,1,9,0,-1,19,1,5,-1,0,1,0,0,0,0,1,1,-1,6,1,37,7,1199,1,2,VAUXHALL CORSA,1,-1,0,1
2024351518605,2024,351518605,1,9,0,-1,19,5,1,-1,0,0,0,0,0,0,1,1,-1,6,1,23,5,1248,2,13,VAUXHALL CORSA,6,E01015691,0,1
2024471519806,2024,471519806,1,9,0,-1,19,3,7,-1,0,0,2,10,7,3,1,1,-1,2,1,25,5,1229,1,13,VAUXHALL CORSA,8,E01021147,0,2
2024010510108,2024,010510108,1,9,0,9,9,7,5,0,0,8,0,0,0,0,1,1,6,6,1,45,7,1364,1,17,VAUXHALL CORSA,8,E01021347,0,4
2024052400569,2024,052400569,1,9,0,18,19,4,8,0,0,8,0,0,0,0,1,1,2,2,1,22,5,1229,1,17,VAUXHALL CORSA,1,E01012455,0,4
2024320323210,2024,320323210,3,9,0,-1,-1,2,7,0,0,0,0,0,0,0,0,-1,1,1,2,80,11,1229,1,11,VAUXHALL CORSA,-1,-1,0,-1
2024991482577,2024,991482577,1,9,0,-1,3,5,1,-1,0,1,1,0,0,0,1,1,-1,6,1,23,5,1229,1,12,VAUXHALL CORSA,9,-1,0,1
2024131421614,2024,131421614,1,9,0,-1,19,3,7,-1,0,0,0,0,0,0,0,1,-1,6,1,31,6,1229,1,16,VAUXHALL CORSA,4,E01000929,0,5
2024041439027,2024,041439027,2,9,0,-1,7,1,3,-1,0,0,0,0,0,0,2,1,-1,2,1,25,5,1398,1,8,VAUXHALL CORSA,7,E01025326,0,3
2024371460449,2024,371460449,1,9,0,-1,5,8,6,-1,0,1,0,0,0,0,1,1,-1,9,2,17,4,1398,1,10,VAUXHALL CORSA,9,E01033316,0,3
2024061494523,2024,061494523,1,9,0,-1,7,5,8,-1,0,1,0,0,0,0,1,1,-1,6,1,19,4,1364,1,16,VAUXHALL CORSA,9,E01005810,0,1
2024440203283,2024,440203283,1,9,0,18,19,1,5,0,0,1,0,0,0,0,1,1,6,6,1,77,11,1229,1,19,VAUXHALL CORSA,10,E01023222,0,2
2024010513422,2024,010513422,2,9,0,99,99,9,9,99,99,9,9,99,9,99,9,9,6,6,3,-1,-1,1199,1,4,VAUXHALL CORSA,-1,-1,0,-1
2024351505469,2024,351505469,1,9,0,-1,19,7,3,-1,0,0,0,0,0,0,1,1,-1,6,2,35,6,1229,1,12,VAUXHALL CORSA,8,E01030098,0,4
2024061477174,2024,061477174,2,9,0,-1,9,5,3,-1,0,8,0,0,0,0,3,9,-1,9,2,27,6,-1,3,1,VAUXHALL CORSA,5,E01005591,0,1
2024122400822,2024,122400822,2,9,0,18,19,7,3,0,0,0,0,0,0,0,1,1,6,6,1,20,4,1229,1,9,VAUXHALL CORSA,2,E01008769,0,4
2024461418872,2024,461418872,1,9,0,-1,5,1,5,-1,9,0,1,0,7,0,1,1,-1,6,2,78,11,1398,1,12,VAUXHALL CORSA,9,E01024259,0,1
2024421405020,2024,421405020,1,9,0,-1,19,1,5,-1,0,0,1,0,7,0,1,1,-1,9,1,18,4,1229,1,17,VAUXHALL CORSA,7,E01021807,0,4
2024371397580,2024,371397580,2,9,0,-1,4,7,3,-1,0,0,0,0,0,0,3,1,-1,2,2,30,6,1199,1,4,VAUXHALL CORSA,8,E01029909,0,1
2024332400160,2024,332400160,1,9,0,-1,19,8,3,-1,0,0,1,0,1,0,1,1,-1,6,2,41,7,1229,1,14,VAUXHALL CORSA,9,E01013559,0,4
2024052402084,2024,052402084,3,9,0,2,2,0,0,0,0,0,0,0,0,0,4,1,6,6,3,-1,-1,1199,1,1,VAUXHALL CORSA,-1,-1,0,-1
2024131442051,2024,131442051,1,9,0,-1,19,5,1,-1,0,8,0,0,0,0,3,1,-1,2,2,17,4,1199,1,4,VAUXHALL CORSA,8,E01011414,0,1
2024351395845,2024,351395845,1,9,0,-1,19,1,5,-1,0,8,0,0,0,0,1,9,-1,6,1,46,8,1598,1,15,VAUXHALL CORSA,2,E01015677,0,1
2024052400595,2024,052400595,2,9,0,5,5,1,5,0,0,1,0,0,0,0,1,1,6,6,1,-1,-1,1229,1,15,VAUXHALL CORSA,1,E01006483,0,1
2024311423952,2024,311423952,2,9,0,-1,9,3,1,-1,0,1,0,0,0,0,1,1,-1,9,2,24,5,1229,1,10,VAUXHALL CORSA,-1,-1,0,-1
2024471417003,2024,471417003,4,9,0,-1,19,1,5,-1,0,1,0,0,0,0,0,1,-1,6,-1,-1,-1,1229,1,19,VAUXHALL CORSA,-1,-1,0,-1
2024411515223,2024,411515223,2,9,0,-1,4,7,3,-1,0,0,0,0,0,0,4,1,-1,6,2,26,6,1199,1,0,VAUXHALL CORSA,10,E01023512,0,1
2024131477769,2024,131477769,2,9,0,-1,10,6,5,-1,0,0,0,0,0,0,1,1,-1,6,1,51,8,1389,1,19,VAUXHALL CORSA,5,E01035047,0,1
2024461501934,2024,461501934,1,9,0,-1,19,1,5,-1,0,0,0,0,0,0,1,9,-1,9,2,27,6,-1,3,3,VAUXHALL CORSA,8,E01024105,0,2
2024231480389,2024,231480389,2,9,0,-1,19,6,2,-1,0,0,0,0,0,0,1,1,-1,9,2,27,6,1248,2,14,VAUXHALL CORSA,8,E01011210,0,5
2024201455643,2024,201455643,2,9,0,-1,19,2,6,-1,0,3,0,0,0,0,3,1,-1,6,1,35,6,1229,1,11,VAUXHALL CORSA,-1,-1,0,-1
2024542435724,2024,542435724,1,9,0,5,5,8,4,0,0,4,0,0,0,0,1,1,2,2,1,63,9,1199,1,5,VAUXHALL CORSA,10,E01032700,0,1
2024161438948,2024,161438948,1,9,0,-1,19,7,3,-1,0,0,1,0,0,0,1,1,-1,9,2,34,6,1398,1,10,VAUXHALL CORSA,1,E01012858,0,1
2024201497575,2024,201497575,1,9,0,-1,5,4,7,-1,0,5,0,0,0,0,1,1,-1,9,2,78,11,1229,1,13,VAUXHALL CORSA,-1,-1,0,-1
2024061468400,2024,061468400,1,9,0,-1,9,1,6,-1,0,6,0,0,0,0,1,1,-1,6,2,21,5,1229,1,12,VAUXHALL CORSA,1,E01005202,0,1
2024552400887,2024,552400887,2,9,0,4,4,8,4,0,0,0,0,0,0,0,2,1,6,6,2,55,8,1199,1,1,VAUXHALL CORSA,3,E01015294,0,1
2024421463946,2024,421463946,1,9,0,-1,19,3,7,-1,0,0,0,0,1,0,1,1,-1,6,2,86,11,1199,1,3,VAUXHALL CORSA,8,E01021830,0,1
2024371514675,2024,371514675,2,9,0,-1,5,8,3,-1,0,1,0,0,0,0,1,1,-1,6,2,72,10,1229,1,13,VAUXHALL CORSA,8,E01022015,0,3
2024332400707,2024,332400707,2,9,0,-1,2,0,0,-1,0,0,0,0,0,0,1,1,-1,6,3,-1,-1,1364,1,9,VAUXHALL CORSA,-1,-1,0,-1
2024461464451,2024,461464451,1,9,0,-1,19,3,3,-1,0,0,0,4,0,0,1,1,-1,6,1,33,6,1398,1,5,VAUXHALL CORSA,4,E01024296,0,1
2024141420005,2024,141420005,4,9,0,-1,2,0,0,-1,0,2,0,0,0,0,2,1,-1,6,-1,-1,-1,1229,1,17,VAUXHALL CORSA,-1,-1,0,-1
2024552401368,2024,552401368,1,9,0,7,7,3,6,0,0,6,0,0,0,0,3,1,6,6,2,22,5,1199,1,3,VAUXHALL CORSA,7,E01015391,0,1
2024991438524,2024,991438524,2,9,0,-1,19,6,2,-1,0,0,0,0,0,0,1,1,-1,9,2,25,5,1229,1,12,VAUXHALL CORSA,6,-1,0,4
2024131477645,2024,131477645,2,9,0,-1,2,5,1,-1,0,0,0,0,0,0,2,1,-1,1,2,33,6,1199,1,2,VAUXHALL CORSA,7,E01010860,0,1
2024520002485,2024,520002485,1,9,0,14,14,3,7,0,0,1,0,0,0,0,1,1,6,6,1,21,5,1398,1,14,VAUXHALL CORSA,5,E01014431,0,3
2024361404528,2024,361404528,2,9,0,-1,10,6,3,-1,0,1,0,0,0,0,2,1,-1,6,2,18,4,998,1,19,VAUXHALL CORSA,4,E01026780,0,1
2024010505986,2024,010505986,1,9,0,99,99,9,9,99,99,9,9,99,9,99,3,9,6,6,2,58,9,1229,1,16,VAUXHALL CORSA,3,E01001368,0,1
2024461444623,2024,461444623,1,9,0,-1,19,5,1,-1,0,0,5,4,7,0,4,1,-1,6,2,18,4,1229,1,10,VAUXHALL CORSA,-1,-1,0,-1
2024201483056,2024,201483056,2,9,0,-1,19,1,5,-1,0,0,0,0,0,0,3,1,-1,9,2,32,6,1199,1,4,VAUXHALL CORSA,6,E01010394,0,3
2024622400850,2024,622400850,2,9,0,17,19,6,2,0,0,0,0,0,0,0,1,1,6,6,2,75,10,1398,1,5,VAUXHALL CORSA,7,W01001246,0,4
2024061417948,2024,061417948,2,9,0,-1,19,1,1,-1,0,1,0,0,0,0,1,2,-1,6,1,30,6,1398,1,14,VAUXHALL CORSA,1,E01005213,0,3
2024461427481,2024,461427481,1,9,0,-1,5,5,1,-1,0,1,0,0,0,0,3,9,-1,6,1,27,6,1398,1,8,VAUXHALL CORSA,2,E01023975,0,1
2024201491991,2024,201491991,2,9,0,-1,13,3,5,-1,0,0,0,0,0,0,4,1,-1,6,1,44,7,998,1,10,VAUXHALL CORSA,4,E01009175,0,2
2024991435484,2024,991435484,2,9,0,-1,2,0,0,-1,0,0,0,0,0,0,3,1,-1,9,1,43,7,998,1,11,VAUXHALL CORSA,6,-1,0,1
2024440079619,2024,440079619,2,9,0,5,5,8,4,0,0,6,0,0,0,0,1,1,6,6,2,84,11,1229,1,12,VAUXHALL CORSA,9,E01022699,0,1
202454B024824,2024,54B024824,2,9,0,18,19,4,8,0,0,1,0,0,1,4,4,1,6,6,2,45,7,1398,1,12,VAUXHALL CORSA,2,E01015539,0,2
2024111421221,2024,111421221,1,9,0,-1,9,4,2,-1,0,5,0,0,0,0,4,1,-1,6,2,18,4,1248,2,9,VAUXHALL CORSA,7,E01020659,0,3
202460Q107238,2024,60Q107238,1,9,0,17,19,7,3,0,0,0,0,0,1,10,1,1,6,6,1,40,7,1248,2,15,VAUXHALL CORSA,-1,-1,0,-1
2024010504116,2024,010504116,1,9,0,9,9,7,4,0,0,8,0,0,0,0,1,1,6,6,2,67,10,1364,1,17,VAUXHALL CORSA,8,E01002474,0,1
2024520403233,2024,520403233,2,9,0,18,19,2,6,0,0,0,0,0,0,0,2,1,6,6,2,83,11,-1,3,4,VAUXHALL CORSA,1,E01029046,0,1
2024461517346,2024,461517346,3,9,0,-1,2,0,0,-1,0,1,0,4,0,0,1,1,-1,9,1,32,6,1398,1,11,VAUXHALL CORSA,5,E01016088,0,1
2024546258624,2024,546258624,7,9,0,2,2,0,0,0,0,2,0,0,0,0,1,1,6,6,3,-1,-1,1398,1,14,VAUXHALL CORSA,-1,-1,0,-1
2024052401625,2024,052401625,1,9,0,18,19,3,7,0,0,1,2,10,1,2,1,1,6,6,1,25,5,1248,2,11,VAUXHALL CORSA,1,E01012422,0,1
2024461474316,2024,461474316,1,9,0,-1,19,3,7,-1,0,1,0,0,0,0,1,9,-1,6,3,-1,-1,-1,-1,-1,VAUXHALL CORSA,-1,-1,0,-1
2024041419760,2024,041419760,1,9,0,-1,19,3,7,-1,0,1,0,0,0,0,1,1,-1,9,1,54,8,1364,1,16,VAUXHALL CORSA,1,E01025186,0,1
2024201501489,2024,201501489,4,9,0,-1,3,7,3,-1,0,1,0,0,0,0,2,9,-1,1,1,32,6,1398,1,5,VAUXHALL CORSA,-1,-1,0,-1
2024320609073,2024,320609073,1,9,0,-1,-1,5,8,0,0,0,0,0,1,4,4,1,6,6,1,33,6,998,1,10,VAUXHALL CORSA,-1,-1,0,-1
2024461517565,2024,461517565,1,9,0,-1,2,0,0,-1,0,2,0,0,0,0,3,1,-1,6,1,27,6,1398,1,5,VAUXHALL CORSA,4,E01024694,0,1
2024451432753,2024,451432753,1,9,0,-1,1,5,1,-1,0,0,0,0,0,0,2,1,-1,9,2,67,10,1398,1,9,VAUXHALL CORSA,9,E01030809,0,2
2024061438906,2024,061438906,1,9,0,-1,19,-1,-1,-1,0,9,1,0,0,0,3,1,-1,9,2,27,6,1199,1,2,VAUXHALL CORSA,1,E01006350,0,1
2024231459340,2024,231459340,2,9,0,-1,19,2,5,-1,0,0,1,0,0,0,3,1,-1,6,1,17,4,1398,1,9,VAUXHALL CORSA,8,E01031323,0,1
2024631441424,2024,631441424,2,9,0,-1,2,0,0,-1,0,0,0,0,1,11,1,1,-1,6,-1,-1,-1,1398,1,7,VAUXHALL CORSA,-1,-1,0,-1
2024201467638,2024,201467638,2,9,0,-1,2,0,0,-1,0,0,0,0,0,0,1,9,-1,6,-1,-1,-1,1398,1,12,VAUXHALL CORSA,-1,-1,0,-1
2024010549736,2024,010549736,1,9,0,1,1,3,7,0,0,6,0,0,0,0,2,1,6,6,1,93,11,1364,1,16,VAUXHALL CORSA,6,E01003755,0,1
2024440218967,2024,440218967,2,9,0,18,19,7,3,0,0,1,0,0,0,0,1,1,6,6,1,31,6,1229,1,14,VAUXHALL CORSA,2,E01022904,0,1
2024101428611,2024,101428611,2,9,0,-1,19,4,8,-1,0,0,0,0,0,0,2,1,-1,9,2,27,6,1398,1,9,VAUXHALL CORSA,5,E01027517,0,1
2024211516173,2024,211516173,1,9,0,-1,11,4,3,-1,0,0,5,10,1,0,4,1,-1,6,1,49,8,1398,1,6,VAUXHALL CORSA,-1,-1,0,-1
2024302400075,2024,302400075,3,9,0,3,3,2,6,0,0,1,0,0,0,0,2,2,6,6,1,19,4,1398,1,9,VAUXHALL CORSA,8,E01019454,0,1
2024161424493,2024,161424493,2,9,0,-1,7,5,7,-1,0,0,0,0,0,0,3,9,-1,6,1,-1,-1,1229,1,16,VAUXHALL CORSA,-1,-1,0,-1
2024461450602,2024,461450602,1,9,0,-1,19,1,6,-1,0,0,5,0,2,9,1,2,-1,6,1,22,5,1229,1,12,VAUXHALL CORSA,3,E01000783,0,4
2024061511047,2024,061511047,1,9,0,-1,4,6,2,-1,0,0,0,0,0,0,1,1,-1,6,1,17,4,998,1,11,VAUXHALL CORSA,9,E01006316,0,4
2024010518200,2024,010518200,1,9,0,6,6,6,6,0,0,0,0,0,1,0,4,1,2,2,2,38,7,1229,1,13,VAUXHALL CORSA,6,E01033570,0,1
202460Q153726,2024,60Q153726,1,9,0,5,5,4,1,0,0,4,0,0,0,0,1,1,6,6,1,21,5,1199,1,2,VAUXHALL CORSA,-1,-1,0,-1
2024501507787,2024,501507787,1,9,0,-1,13,4,8,-1,0,0,5,0,0,0,1,1,-1,6,1,21,5,1364,1,15,VAUXHALL CORSA,1,E01015257,0,1
2024421462968,2024,421462968,2,9,0,-1,19,8,1,-1,0,0,0,0,0,0,2,1,-1,9,2,31,6,1248,2,11,VAUXHALL CORSA,6,E01021597,0,1
2024052401841,2024,052401841,1,9,0,17,19,1,5,0,0,1,0,0,1,2,1,1,6,6,1,35,6,1199,1,0,VAUXHALL CORSA,2,E01006842,0,1
2024501413400,2024,501413400,1,9,0,-1,19,8,4,-1,0,0,1,4,0,0,1,9,-1,6,2,63,9,1248,2,16,VAUXHALL CORSA,4,E01020291,0,1
2024141478696,2024,141478696,1,9,0,-1,19,1,5,-1,0,2,0,0,0,0,3,1,-1,9,1,51,8,1389,1,18,VAUXHALL CORSA,1,E01007904,0,3
2024231491863,2024,231491863,2,9,0,-1,7,7,5,-1,0,5,1,0,0,0,0,9,-1,6,2,24,5,1199,1,3,VAUXHALL CORSA,10,E01009670,0,3
2024070914310,2024,070914310,2,9,0,-1,3,3,7,-1,0,0,1,7,2,6,1,1,-1,6,2,31,6,1229,1,19,VAUXHALL CORSA,-1,-1,0,-1
2024041494630,2024,041494630,2,9,0,-1,19,3,7,-1,0,1,1,4,0,0,1,1,-1,9,1,37,7,998,1,16,VAUXHALL CORSA,1,E01012720,0,1
2024430552578,2024,430552578,1,9,0,18,19,3,7,0,0,0,0,0,0,0,1,1,6,6,3,-1,-1,999,1,7,VAUXHALL CORSA,-1,-1,0,-1
2024010547783,2024,010547783,1,9,0,18,19,5,1,0,0,0,0,0,0,0,1,1,6,6,2,28,6,1364,1,15,VAUXHALL CORSA,3,E01000143,0,1
2024991509400,2024,991509400,1,9,0,-1,5,7,5,-1,0,8,1,0,0,0,3,1,-1,9,1,18,4,1229,1,18,VAUXHALL CORSA,7,-1,0,2
2024141495942,2024,141495942,1,9,0,-1,7,5,8,-1,0,8,0,0,0,0,1,1,-1,9,2,41,7,1398,1,6,VAUXHALL CORSA,3,E01007368,0,1
2024471470010,2024,471470010,1,9,0,-1,19,6,2,-1,0,0,0,0,0,0,1,1,-1,6,1,55,8,1248,2,13,VAUXHALL CORSA,4,E01031573,0,1
2024401504018,2024,401504018,2,9,0,-1,19,6,2,-1,0,8,0,0,0,0,1,1,-1,1,1,28,6,998,1,16,VAUXHALL CORSA,4,E01015776,0,1
2024211516927,2024,211516927,2,9,0,-1,19,5,5,-1,0,0,0,0,0,0,3,1,-1,6,2,24,5,999,1,8,VAUXHALL CORSA,4,E01032897,0,1
2024401424527,2024,401424527,1,9,0,-1,19,5,1,-1,0,0,0,0,0,0,4,9,-1,7,2,26,6,1199,1,4,VAUXHALL CORSA,10,E01017373,0,1
2024061517544,2024,061517544,1,9,0,-1,19,4,7,-1,0,8,0,0,0,0,1,1,-1,6,-1,-1,-1,1398,1,14,VAUXHALL CORSA,-1,-1,0,-1
2024201533113,2024,201533113,1,9,0,-1,19,7,3,-1,0,2,0,0,0,0,1,1,-1,2,1,33,6,1398,1,5,VAUXHALL CORSA,1,E01010076,0,1
2024010510035,2024,010510035,2,9,0,99,99,9,9,99,99,9,9,99,9,99,1,9,6,6,1,17,4,1229,1,15,VAUXHALL CORSA,7,E01000764,0,2
2024201432002,2024,201432002,1,9,0,-1,19,1,5,-1,0,1,0,0,0,0,3,1,-1,6,1,45,7,1229,1,17,VAUXHALL CORSA,1,E01009155,0,1
2024101439522,2024,101439522,1,9,0,-1,19,5,1,-1,0,1,5,0,0,0,4,1,-1,9,1,37,7,1199,1,1,VAUXHALL CORSA,1,E01034514,0,1
2024201400912,2024,201400912,1,9,0,-1,11,4,8,-1,0,8,0,0,0,0,1,1,-1,6,1,-1,-1,1598,1,10,VAUXHALL CORSA,-1,-1,0,-1
2024451400213,2024,451400213,2,9,0,-1,19,7,3,-1,0,0,0,0,0,0,1,1,-1,9,1,18,4,998,1,13,VAUXHALL CORSA,10,E01030855,0,1
2024320725856,2024,320725856,1,9,0,9,9,2,4,0,0,2,0,0,0,0,1,1,-1,-1,1,48,8,1229,1,11,VAUXHALL CORSA,-1,-1,0,-1
2024221462681,2024,221462681,2,9,0,-1,9,7,5,-1,0,5,0,0,0,0,3,1,-1,9,2,75,10,1199,1,0,VAUXHALL CORSA,8,E01013990,0,2
2024520403322,2024,520403322,1,9,0,18,19,2,6,0,0,0,0,0,0,0,3,1,6,6,1,63,9,998,1,10,VAUXHALL CORSA,7,E01029223,0,1
2024070245331,2024,070245331,1,9,0,7,7,2,4,0,0,0,5,0,0,9,0,1,4,7,1,18,4,1248,2,15,VAUXHALL CORSA,9,E01018494,0,2
2024622400134,2024,622400134,1,9,0,17,19,4,8,0,0,0,0,0,1,4,1,1,6,6,1,20,4,1248,2,15,VAUXHALL CORSA,1,W01001266,0,3
2024461458275,2024,461458275,1,9,0,-1,10,4,3,-1,0,1,0,0,0,0,1,9,-1,6,1,17,4,1199,1,2,VAUXHALL CORSA,10,E01024461,0,2
2024052400255,2024,052400255,2,9,0,3,3,1,5,0,0,1,0,0,0,0,2,1,6,6,2,41,7,1229,1,10,VAUXHALL CORSA,2,E01006786,0,1
2024101491769,2024,101491769,2,9,0,-1,9,4,8,-1,0,5,0,0,7,0,3,1,-1,6,1,67,10,1229,1,11,VAUXHALL CORSA,3,E01008219,0,1
2024010511288,2024,010511288,2,9,0,9,9,1,6,0,0,3,1,0,0,0,3,1,6,6,2,26,6,1398,1,10,VAUXHALL CORSA,1,E01011283,0,5
2024522500151,2024,522500151,2,9,0,18,19,2,6,0,0,0,0,0,0,0,1,1,6,6,1,-1,-1,1398,1,14,VAUXHALL CORSA,-1,-1,0,-1
2024471496597,2024,471496597,1,9,0,-1,9,5,3,-1,0,6,0,0,0,0,3,1,-1,1,2,21,5,1199,1,3,VAUXHALL CORSA,5,E01021211,0,3
2024522402305,2024,522402305,2,9,0,18,19,4,8,0,0,1,0,0,0,0,1,1,6,6,2,20,4,1199,1,20,VAUXHALL CORSA,10,E01015563,0,4
2024052400764,2024,052400764,1,9,0,9,9,5,3,0,0,5,0,0,1,1,4,1,6,6,1,85,11,1398,1,9,VAUXHALL CORSA,3,E01006719,0,1
2024522401219,2024,522401219,1,9,0,9,9,2,1,0,0,5,0,0,0,0,4,1,6,6,2,43,7,1364,1,17,VAUXHALL CORSA,4,E01014570,0,1
2024991504706,2024,991504706,1,9,0,-1,19,5,1,-1,9,0,1,0,7,11,1,1,-1,6,2,21,5,1229,1,11,VAUXHALL CORSA,6,-1,0,3
2024211456445,2024,211456445,1,9,0,-1,19,2,6,-1,0,1,0,0,0,0,1,1,-1,6,1,33,6,1248,2,13,VAUXHALL CORSA,4,E01014268,0,1
2024411412296,2024,411412296,1,9,0,-1,19,1,5,-1,0,8,0,10,0,0,4,1,-1,9,1,17,4,1398,1,9,VAUXHALL CORSA,10,E01023482,0,1
2024070505499,2024,070505499,1,9,0,10,10,6,2,0,0,1,0,0,0,0,3,1,6,6,1,18,4,1229,1,11,VAUXHALL CORSA,9,E01012374,0,1
2024010544044,2024,010544044,1,9,0,18,19,1,5,0,0,1,0,0,0,0,1,1,6,6,1,21,5,1229,1,13,VAUXHALL CORSA,7,E01001452,0,1
2024440162471,2024,440162471,1,9,0,18,19,1,5,0,0,1,0,0,1,2,1,1,6,6,1,77,11,1248,2,17,VAUXHALL CORSA,8,E01022623,0,1
2024010545390,2024,010545390,2,19,0,4,4,5,1,0,0,1,0,0,0,0,1,1,6,6,3,-1,-1,1364,1,15,VAUXHALL CORSA,-1,-1,0,-1
2024991492351,2024,991492351,1,9,0,-1,1,8,4,-1,0,0,0,0,0,0,2,1,-1,9,2,38,7,1398,1,8,VAUXHALL CORSA,6,-1,0,1
2024101491289,2024,101491289,1,9,0,-1,19,6,2,-1,0,0,0,0,0,0,1,9,-1,6,1,25,5,1229,1,12,VAUXHALL CORSA,3,E01032649,0,1
2024201401079,2024,201401079,1,9,0,-1,19,2,6,-1,0,0,0,0,0,0,1,9,-1,9,1,29,6,1248,2,8,VAUXHALL CORSA,1,E01009410,0,1
2024361397278,2024,361397278,1,9,0,-1,19,1,5,-1,0,0,0,0,0,0,4,1,-1,9,2,50,8,1248,2,15,VAUXHALL CORSA,3,E01026665,0,2
2024320611195,2024,320611195,2,9,0,-1,-1,2,8,0,0,3,1,0,0,0,4,1,-1,-1,2,32,6,1248,2,16,VAUXHALL CORSA,1,E01013196,0,4
2024430136688,2024,430136688,2,9,0,10,10,5,3,0,0,1,0,0,0,0,2,1,6,6,2,30,6,1229,1,17,VAUXHALL CORSA,5,E01028430,0,1