collision_index,collision_year,collision_ref_no,vehicle_reference,vehicle_type,towing_and_articulation,vehicle_manoeuvre_historic,vehicle_manoeuvre,vehicle_direction_from,vehicle_direction_to,vehicle_location_restricted_lane_historic,vehicle_location_restricted_lane,junction_location,skidding_and_overturning,hit_object_in_carriageway,vehicle_leaving_carriageway,hit_object_off_carriageway,first_point_of_impact,vehicle_left_hand_drive,journey_purpose_of_driver_historic,journey_purpose_of_driver,sex_of_driver,age_of_driver,age_band_of_driver,engine_capacity_cc,propulsion_code,age_of_vehicle,generic_make_model,driver_imd_decile,lsoa_of_driver,escooter_flag,driver_distance_banding
2024351465752,2024,351465752,1,9,0,-1,19,8,4,-1,0,0,1,11,1,0,1,1,-1,7,1,26,6,1248,2,14,VAUXHALL CORSA,2,E01015673,0,1
2024101410062,2024,101410062,2,9,0,-1,19,8,4,-1,0,1,0,0,0,0,1,9,-1,1,2,21,5,998,1,14,VAUXHALL CORSA,1,E01008829,0,1
2024401518127,2024,401518127,2,9,0,-1,19,4,8,-1,0,1,0,0,1,0,1,1,-1,1,1,59,9,1199,1,1,VAUXHALL CORSA,1,E01015771,0,1
2024211493056,2024,211493056,1,9,0,-1,19,6,8,-1,0,0,0,0,0,0,3,1,-1,9,1,43,7,1398,1,10,VAUXHALL CORSA,-1,-1,0,-1
2024131499843,2024,131499843,2,9,0,-1,3,1,1,-1,0,0,0,0,0,0,2,1,-1,9,1,40,7,1229,1,11,VAUXHALL CORSA,3,E01014404,0,5
2024501455076,2024,501455076,1,9,0,-1,19,4,8,-1,0,0,0,4,0,0,1,1,-1,6,1,22,5,1398,1,8,VAUXHALL CORSA,3,E01015204,0,2
2024631444907,2024,631444907,1,9,0,-1,19,6,1,-1,0,1,5,0,7,10,1,1,-1,6,1,23,5,-1,3,1,VAUXHALL CORSA,6,W01000709,0,2
2024440158641,2024,440158641,1,9,0,9,9,4,2,0,0,6,0,0,0,0,3,1,3,7,1,22,5,1229,1,17,VAUXHALL CORSA,1,E01017280,0,1
2024221452442,2024,221452442,2,9,0,-1,2,0,0,-1,0,0,0,4,0,0,2,9,-1,6,2,18,4,1364,1,15,VAUXHALL CORSA,7,E01032153,0,1
2024451523500,2024,451523500,1,9,0,-1,19,2,2,-1,0,1,5,4,1,0,1,1,-1,9,2,52,8,1229,1,16,VAUXHALL CORSA,3,E01030362,0,1
2024401529198,2024,401529198,2,9,0,-1,19,5,1,-1,0,8,0,0,0,0,1,1,-1,1,2,33,6,1229,1,10,VAUXHALL CORSA,2,E01015738,0,4
2024440023492,2024,440023492,1,9,0,17,19,1,6,0,0,1,0,0,0,0,1,1,6,6,1,21,5,1364,1,18,VAUXHALL CORSA,1,E01017466,0,5
2024211494729,2024,211494729,1,9,0,-1,8,3,8,-1,0,6,0,0,0,0,3,1,-1,6,2,74,10,-1,3,2,VAUXHALL CORSA,9,E01029712,0,2
2024610019524,2024,610019524,2,9,0,18,19,3,7,0,0,0,0,0,0,0,2,1,6,6,1,33,6,1398,1,9,VAUXHALL CORSA,6,W01001680,0,1
2024010532789,2024,010532789,1,9,0,99,99,9,9,99,99,9,9,99,9,99,2,9,1,1,2,34,6,1398,1,8,VAUXHALL CORSA,4,E01002313,0,1
2024201459221,2024,201459221,1,9,0,-1,19,8,4,-1,0,1,0,0,0,0,1,9,-1,6,1,28,6,1398,1,8,VAUXHALL CORSA,1,E01034913,0,1
2024070134548,2024,070134548,1,9,0,18,19,5,1,0,0,0,0,0,0,0,0,1,2,2,2,17,4,1199,1,2,VAUXHALL CORSA,-1,-1,0,-1
2024430085144,2024,430085144,1,9,0,17,19,3,8,0,0,0,5,0,1,11,4,1,6,6,1,56,9,1364,1,17,VAUXHALL CORSA,-1,-1,0,-1
2024371443631,2024,371443631,1,9,0,-1,1,3,7,-1,0,0,0,0,0,0,2,1,-1,9,2,63,9,1398,1,6,VAUXHALL CORSA,9,E01033450,0,1
2024361418324,2024,361418324,2,9,0,-1,4,1,5,-1,0,0,0,0,0,0,2,1,-1,6,2,39,7,998,1,17,VAUXHALL CORSA,-1,-1,0,-1
2024201450606,2024,201450606,2,9,0,-1,9,5,2,-1,0,5,0,0,0,0,3,1,-1,1,1,48,8,1229,1,16,VAUXHALL CORSA,4,E01009159,0,1
2024471480888,2024,471480888,2,9,0,-1,19,5,1,-1,0,0,0,0,0,0,1,1,-1,2,1,30,6,1248,2,15,VAUXHALL CORSA,10,E01031759,0,2
2024631421584,2024,631421584,2,9,0,-1,19,4,8,-1,0,0,0,0,0,0,1,1,-1,9,2,36,7,1229,1,13,VAUXHALL CORSA,5,W01000687,0,1
2024311485794,2024,311485794,2,9,0,-1,9,5,1,-1,0,1,0,0,0,0,3,1,-1,6,1,27,6,1398,1,9,VAUXHALL CORSA,1,E01013948,0,1
2024411423094,2024,411423094,1,9,0,-1,19,1,6,-1,0,5,0,0,0,0,4,2,-1,6,2,77,11,998,1,11,VAUXHALL CORSA,5,E01015753,0,3
2024161405349,2024,161405349,1,9,0,-1,19,2,6,-1,0,0,0,0,0,0,3,1,-1,9,1,64,9,1398,1,5,VAUXHALL CORSA,1,E01034236,0,4
2024522402423,2024,522402423,1,9,0,4,4,5,1,0,0,1,0,0,0,0,9,1,6,6,1,23,5,1398,1,11,VAUXHALL CORSA,10,E01015016,0,1
2024471520900,2024,471520900,1,9,0,-1,19,8,4,-1,0,0,0,0,0,0,1,1,-1,9,1,50,8,-1,3,0,VAUXHALL CORSA,7,E01031564,0,1
2024471412230,2024,471412230,1,9,0,-1,19,5,1,-1,0,0,5,10,0,0,1,1,-1,9,1,23,5,1199,1,4,VAUXHALL CORSA,6,E01035335,0,3
2024010513914,2024,010513914,2,9,0,18,19,3,7,0,0,0,0,0,0,0,1,1,6,6,2,27,6,1398,1,14,VAUXHALL CORSA,-1,-1,0,-1
2024201502369,2024,201502369,4,9,0,-1,2,0,0,-1,0,1,0,0,0,0,2,9,-1,1,1,64,9,1364,1,17,VAUXHALL CORSA,3,E01010094,0,1
2024610038124,2024,610038124,1,9,0,18,19,1,5,0,0,0,5,11,0,0,0,1,1,1,1,73,10,1398,1,12,VAUXHALL CORSA,4,W01001440,0,2
2024991425542,2024,991425542,2,9,0,-1,19,7,3,-1,0,0,0,0,0,0,1,1,-1,9,1,21,5,1229,1,11,VAUXHALL CORSA,2,-1,0,4
2024141521609,2024,141521609,1,9,0,-1,19,1,5,-1,0,0,0,0,0,0,1,1,-1,9,2,37,7,1362,1,12,VAUXHALL CORSA,10,E01007826,0,3
2024161412298,2024,161412298,1,9,0,-1,19,6,2,-1,0,1,0,0,0,0,1,1,-1,6,2,30,6,1398,1,6,VAUXHALL CORSA,1,E01012876,0,1
2024070572109,2024,070572109,1,9,0,5,5,2,6,0,0,4,0,0,0,0,1,1,6,6,1,-1,-1,998,1,14,VAUXHALL CORSA,7,E01018711,0,2
2024440143787,2024,440143787,2,9,0,2,2,0,0,0,0,0,0,0,0,0,2,1,6,6,1,-1,-1,1229,1,14,VAUXHALL CORSA,10,E01032850,0,4
2024440164674,2024,440164674,1,9,0,5,5,5,1,0,0,1,0,0,0,0,1,1,6,6,2,26,6,1398,1,7,VAUXHALL CORSA,2,E01017109,0,1
2024471433715,2024,471433715,1,9,0,-1,19,1,5,-1,0,2,0,0,0,0,1,9,-1,6,1,17,4,1229,1,10,VAUXHALL CORSA,9,E01031721,0,4
2024991500189,2024,991500189,1,9,0,-1,19,3,3,-1,0,1,0,0,0,0,1,1,-1,6,3,20,4,1229,1,15,VAUXHALL CORSA,-1,-1,0,-1
2024061436243,2024,061436243,1,9,0,-1,9,6,7,-1,0,8,0,0,0,0,4,1,-1,9,2,52,8,1398,1,12,VAUXHALL CORSA,1,E01006361,0,1
2024052402809,2024,052402809,1,9,0,18,19,8,4,0,0,0,0,0,0,0,4,1,6,6,1,39,7,1199,1,4,VAUXHALL CORSA,3,E01006619,0,1
2024461399537,2024,461399537,1,9,0,-1,19,5,1,-1,0,0,5,4,0,0,2,9,-1,6,1,34,6,1364,1,17,VAUXHALL CORSA,6,E01024022,0,2
2024501531533,2024,501531533,1,9,0,-1,19,1,5,-1,9,0,0,0,7,0,1,1,-1,6,2,17,4,1229,1,14,VAUXHALL CORSA,-1,-1,0,-1
2024340NN1102,2024,340NN1102,1,9,0,-1,19,4,8,-1,0,0,0,4,0,0,1,1,-1,6,2,39,7,1199,1,1,VAUXHALL CORSA,3,E01026958,0,1
2024302400497,2024,302400497,2,9,0,18,19,8,3,0,0,1,0,0,0,0,1,1,6,6,2,18,4,1229,1,17,VAUXHALL CORSA,2,E01013538,0,1
2024111484126,2024,111484126,2,9,0,-1,19,1,5,-1,0,1,0,0,0,0,4,1,-1,6,2,65,9,1199,1,1,VAUXHALL CORSA,4,E01020620,0,1
2024131486013,2024,131486013,1,9,0,-1,19,6,2,-1,0,8,1,0,1,11,4,1,-1,9,1,19,4,1598,1,15,VAUXHALL CORSA,2,E01011781,0,1
2024101445623,2024,101445623,2,9,0,-1,2,0,0,-1,9,0,0,0,0,0,2,1,-1,6,1,-1,-1,1229,1,9,VAUXHALL CORSA,2,E01008699,0,1
2024141485811,2024,141485811,2,9,0,-1,5,5,1,-1,0,6,0,0,0,0,1,1,-1,6,2,-1,-1,1229,1,18,VAUXHALL CORSA,-1,-1,0,-1
2024520403215,2024,520403215,1,9,0,18,19,8,4,0,0,0,5,0,1,10,1,1,6,6,1,26,6,1229,1,11,VAUXHALL CORSA,6,E01020434,0,3
2024161511395,2024,161511395,2,9,0,-1,3,1,5,-1,0,0,0,0,0,0,3,1,-1,9,2,33,6,1398,1,8,VAUXHALL CORSA,10,E01013066,0,1
2024991531469,2024,991531469,2,9,0,-1,4,5,1,-1,0,0,1,0,0,0,1,1,-1,9,1,19,4,1229,1,11,VAUXHALL CORSA,6,-1,0,1
2024471463518,2024,471463518,1,9,0,-1,19,1,5,-1,0,0,5,0,2,0,0,1,-1,9,2,34,6,1248,2,12,VAUXHALL CORSA,4,E01019217,0,5
2024161399883,2024,161399883,1,9,0,-1,19,1,5,-1,0,0,0,0,0,0,3,9,-1,9,2,21,5,1364,1,9,VAUXHALL CORSA,10,E01013064,0,1
2024421517725,2024,421517725,2,9,0,-1,-1,-1,-1,-1,-1,0,-1,-1,-1,0,-1,9,-1,6,1,30,6,1199,1,3,VAUXHALL CORSA,8,E01021627,0,1
2024010519699,2024,010519699,1,9,0,10,10,5,3,0,0,1,0,0,0,0,2,1,6,6,1,46,8,1364,1,16,VAUXHALL CORSA,3,E01001833,0,1
2024131483691,2024,131483691,3,9,0,-1,2,0,0,-1,0,0,0,0,0,0,2,1,-1,9,2,80,11,1364,1,15,VAUXHALL CORSA,7,E01011162,0,2
2024131528774,2024,131528774,1,9,0,-1,-1,-1,-1,-1,-1,0,-1,-1,-1,-1,-1,1,-1,6,3,-1,-1,1229,1,15,VAUXHALL CORSA,-1,-1,0,-1
2024501431038,2024,501431038,1,9,0,-1,19,6,2,-1,0,2,2,0,1,10,1,1,-1,6,-1,-1,-1,1229,1,17,VAUXHALL CORSA,-1,-1,0,-1
2024211487103,2024,211487103,2,9,0,-1,9,1,5,-1,0,1,1,0,0,0,4,1,-1,1,1,24,5,1229,1,16,VAUXHALL CORSA,8,E01034105,0,2
2024461533322,2024,461533322,1,9,0,-1,10,5,3,-1,0,1,0,0,1,0,1,1,-1,9,1,35,6,1398,1,6,VAUXHALL CORSA,8,E01024730,0,1
2024991442622,2024,991442622,1,9,0,-1,5,1,3,-1,0,1,0,0,0,0,2,1,-1,6,3,60,9,1398,1,9,VAUXHALL CORSA,-1,-1,0,-1
2024451499295,2024,451499295,2,9,0,-1,14,1,5,-1,0,0,0,0,7,11,4,1,-1,9,1,22,5,1398,1,7,VAUXHALL CORSA,4,E01030913,0,2
2024421521059,2024,421521059,2,9,0,-1,4,3,7,-1,0,0,0,0,0,0,2,1,-1,9,2,57,9,1229,1,19,VAUXHALL CORSA,10,E01021728,0,1
2024371481928,2024,371481928,1,9,0,-1,19,2,4,-1,0,0,0,0,0,0,1,1,-1,6,2,41,7,1199,1,0,VAUXHALL CORSA,1,E01029986,0,1
2024401526628,2024,401526628,3,9,0,-1,2,0,0,-1,0,2,0,0,0,0,4,1,-1,6,-1,-1,-1,1229,1,14,VAUXHALL CORSA,-1,-1,0,-1
2024221498921,2024,221498921,1,9,0,-1,9,1,7,-1,0,5,0,0,7,0,2,1,-1,1,1,24,5,1229,1,18,VAUXHALL CORSA,8,E01028875,0,2
2024461474550,2024,461474550,2,9,0,-1,3,4,2,-1,0,1,0,0,0,0,2,1,-1,2,1,33,6,1389,1,18,VAUXHALL CORSA,1,E01024278,0,1
2024421492819,2024,421492819,2,9,0,-1,4,1,5,-1,0,0,0,0,0,0,2,1,-1,9,1,29,6,1229,1,16,VAUXHALL CORSA,9,E01024765,0,4
2024201480999,2024,201480999,1,9,0,-1,7,5,8,-1,0,6,0,0,0,0,1,1,-1,9,2,33,6,1398,1,8,VAUXHALL CORSA,1,E01009399,0,1
2024421473643,2024,421473643,1,9,0,-1,9,1,5,-1,0,0,0,0,0,0,1,1,-1,9,2,51,8,1199,1,3,VAUXHALL CORSA,5,E01021890,0,1
2024991535567,2024,991535567,1,9,0,-1,19,8,4,-1,0,8,0,0,0,0,3,1,-1,6,1,29,6,1199,1,1,VAUXHALL CORSA,1,-1,0,1
2024340WN4592,2024,340WN4592,1,9,0,-1,19,5,1,-1,0,4,0,0,0,0,1,1,-1,2,1,17,4,1199,1,2,VAUXHALL CORSA,-1,-1,0,-1
2024010511359,2024,010511359,1,9,0,5,5,3,7,0,0,4,0,0,0,0,1,1,6,6,2,35,6,1199,1,3,VAUXHALL CORSA,-1,-1,0,-1
2024101427186,2024,101427186,1,9,0,-1,9,5,3,-1,0,6,0,0,0,0,4,1,-1,9,1,18,4,1398,1,5,VAUXHALL CORSA,7,E01008197,0,2
2024522402856,2024,522402856,2,9,0,18,19,1,5,0,0,8,0,0,0,0,1,1,6,6,2,63,9,1199,1,1,VAUXHALL CORSA,2,E01014630,0,1
2024991529484,2024,991529484,2,9,0,-1,19,3,7,-1,0,2,0,0,0,0,1,1,-1,6,1,18,4,1229,1,12,VAUXHALL CORSA,5,-1,0,1
2024201479955,2024,201479955,1,9,0,-1,19,7,3,-1,0,0,1,10,2,2,1,1,-1,1,1,36,7,1229,1,17,VAUXHALL CORSA,-1,-1,0,-1
2024302400762,2024,302400762,1,9,0,18,19,1,5,0,0,8,0,0,0,0,1,1,6,6,2,-1,-1,1364,1,15,VAUXHALL CORSA,10,E01019653,0,1
202460Q102059,2024,60Q102059,2,9,0,2,2,0,0,0,0,1,0,0,0,0,0,1,6,6,1,80,11,-1,3,2,VAUXHALL CORSA,-1,-1,0,-1
202454E457924,2024,54E457924,1,9,0,18,19,2,6,0,0,0,0,4,0,0,4,1,6,6,2,30,6,1229,1,10,VAUXHALL CORSA,5,E01031933,0,1
2024461457849,2024,461457849,2,9,0,-1,19,4,5,-1,0,0,0,0,0,0,2,9,-1,6,2,23,5,1229,1,10,VAUXHALL CORSA,8,E01028887,0,5
2024101531527,2024,101531527,1,9,0,-1,19,5,1,-1,0,0,0,0,0,0,2,1,-1,6,1,70,10,998,1,11,VAUXHALL CORSA,1,E01027416,0,4
2024622400634,2024,622400634,1,9,0,16,19,6,4,0,0,8,0,0,1,11,1,1,6,6,1,18,4,1398,1,9,VAUXHALL CORSA,5,W01001172,0,2
2024622400125,2024,622400125,1,9,0,18,19,6,2,0,0,1,0,0,0,0,1,1,6,6,1,37,7,1598,1,15,VAUXHALL CORSA,9,W01000877,0,3
2024161412601,2024,161412601,1,9,0,-1,19,1,5,-1,0,0,0,4,0,0,1,1,-1,9,2,62,9,1364,1,15,VAUXHALL CORSA,1,E01012781,0,1
2024430417191,2024,430417191,1,9,0,18,19,4,8,0,0,0,0,0,0,0,1,1,6,6,1,38,7,1364,1,16,VAUXHALL CORSA,1,E01006607,0,5
2024421451950,2024,421451950,1,9,0,-1,19,2,6,-1,0,1,0,0,0,0,2,1,-1,6,1,72,10,1199,1,2,VAUXHALL CORSA,9,E01021825,0,1
2024101447909,2024,101447909,1,9,0,-1,19,3,7,-1,0,0,0,0,7,0,1,1,-1,9,1,18,4,1398,1,11,VAUXHALL CORSA,4,E01027445,0,4
2024010501321,2024,010501321,2,9,0,99,99,9,9,99,99,9,9,99,9,99,1,9,6,6,3,-1,-1,1199,1,4,VAUXHALL CORSA,-1,-1,0,-1
2024430323783,2024,430323783,1,9,0,17,19,3,7,0,0,0,2,0,7,4,1,1,6,6,1,-1,-1,1248,2,15,VAUXHALL CORSA,5,E01028635,0,1
2024010538575,2024,010538575,2,9,0,99,99,9,9,99,99,9,9,99,9,99,9,9,6,6,3,-1,-1,1398,1,12,VAUXHALL CORSA,-1,-1,0,-1
2024531416030,2024,531416030,1,9,0,-1,9,7,3,-1,0,8,0,0,0,0,1,1,-1,9,1,24,5,-1,-1,-1,VAUXHALL CORSA,1,E01022329,0,1
2024010524335,2024,010524335,2,9,0,99,99,9,9,99,99,9,9,99,9,99,1,9,6,6,2,28,6,1398,1,6,VAUXHALL CORSA,-1,-1,0,-1
2024141530646,2024,141530646,2,9,0,-1,19,6,1,-1,0,0,0,0,0,0,1,9,-1,6,-1,-1,-1,1248,2,13,VAUXHALL CORSA,-1,-1,0,-1
2024211515737,2024,211515737,1,9,0,-1,19,2,6,-1,0,0,0,0,0,0,1,1,-1,6,1,63,9,1229,1,10,VAUXHALL CORSA,-1,-1,0,-1
2024010542211,2024,010542211,2,9,0,18,19,1,5,0,0,1,9,0,0,0,1,1,6,6,1,29,6,1398,1,10,VAUXHALL CORSA,3,E01002542,0,1
2024010535552,2024,010535552,1,9,0,99,99,9,9,0,0,0,9,99,9,99,4,9,6,6,2,35,6,1398,1,13,VAUXHALL CORSA,4,E01023301,0,3
2024052402057,2024,052402057,2,9,0,18,19,4,8,0,0,0,0,0,0,0,1,1,2,2,2,59,9,1398,1,14,VAUXHALL CORSA,5,E01006670,0,1
2024340WN3422,2024,340WN3422,1,9,0,-1,7,5,1,-1,0,0,0,0,7,4,1,1,-1,6,2,52,8,1398,1,8,VAUXHALL CORSA,10,E01027027,0,1
2024141469103,2024,141469103,1,9,0,-1,3,7,3,-1,0,1,0,0,0,0,2,1,-1,6,2,44,7,1229,1,10,VAUXHALL CORSA,2,E01007767,0,1
2024010519536,2024,010519536,2,9,0,18,19,3,7,0,0,1,0,0,0,0,1,1,6,6,2,34,6,1398,1,12,VAUXHALL CORSA,5,E01004016,0,2
2024041435320,2024,041435320,2,9,0,-1,19,5,1,-1,0,0,0,0,0,0,1,1,-1,1,1,30,6,1229,1,17,VAUXHALL CORSA,5,E01025320,0,2
202460Q066866,2024,60Q066866,1,9,0,9,9,6,2,0,0,6,0,0,0,0,1,1,6,6,1,32,6,1389,1,19,VAUXHALL CORSA,-1,-1,0,-1
2024010520354,2024,010520354,2,9,0,18,19,7,3,0,0,0,0,4,0,0,4,1,6,6,2,35,6,1364,1,15,VAUXHALL CORSA,4,E01003216,0,2
2024440359790,2024,440359790,2,9,0,18,19,1,5,0,0,1,0,0,0,0,1,1,6,6,1,56,9,1398,1,5,VAUXHALL CORSA,10,E01022895,0,1
2024161409503,2024,161409503,1,9,0,-1,19,7,3,-1,0,8,1,0,7,1,4,1,-1,9,1,17,4,1398,1,11,VAUXHALL CORSA,6,E01013325,0,1
2024991482421,2024,991482421,1,9,0,-1,19,5,7,-1,0,0,1,0,7,9,4,1,-1,9,2,24,5,1398,1,5,VAUXHALL CORSA,7,-1,0,1
2024101509800,2024,101509800,1,9,0,-1,19,6,2,-1,0,0,0,0,0,0,1,1,-1,6,1,-1,-1,1229,1,16,VAUXHALL CORSA,-1,-1,0,-1
2024541928224,2024,541928224,1,9,0,9,9,8,4,0,0,6,0,0,7,0,1,1,6,6,2,19,4,1199,1,20,VAUXHALL CORSA,1,E01015575,0,2
2024461420729,2024,461420729,2,9,0,-1,19,3,7,-1,0,8,0,0,0,0,1,9,-1,6,2,18,4,1229,1,16,VAUXHALL CORSA,2,E01024534,0,1
2024440163487,2024,440163487,1,9,0,18,19,6,2,0,0,0,2,4,0,0,1,1,6,6,1,20,4,1229,1,9,VAUXHALL CORSA,1,E01017037,0,1
2024161451752,2024,161451752,1,9,0,-1,19,2,6,-1,0,0,0,0,0,0,2,1,-1,6,1,79,11,1199,1,4,VAUXHALL CORSA,6,E01012810,0,1
2024361489802,2024,361489802,1,9,0,-1,19,7,3,-1,0,0,0,0,0,0,1,1,-1,6,2,80,11,1398,1,10,VAUXHALL CORSA,5,E01026985,0,5
2024501456363,2024,501456363,1,9,0,-1,19,3,7,-1,0,1,0,0,0,0,1,1,-1,9,2,26,6,1398,1,8,VAUXHALL CORSA,4,E01018778,0,1
2024201407579,2024,201407579,3,9,-1,-1,3,5,1,-1,0,1,0,0,0,0,1,9,-1,9,2,60,9,1229,1,14,VAUXHALL CORSA,2,E01010449,0,1
2024411477203,2024,411477203,2,9,0,-1,3,7,3,-1,0,0,0,0,0,0,2,1,-1,2,2,62,9,1229,1,11,VAUXHALL CORSA,7,E01023754,0,4
2024332400329,2024,332400329,1,9,0,-1,6,6,6,-1,0,0,0,0,0,0,1,1,-1,9,1,37,7,1199,1,1,VAUXHALL CORSA,4,E01025894,0,1
2024211530545,2024,211530545,1,9,0,-1,9,4,1,-1,0,1,0,0,1,0,1,1,-1,6,2,-1,-1,1229,1,16,VAUXHALL CORSA,-1,-1,0,-1
2024332400636,2024,332400636,1,9,0,-1,13,6,3,-1,0,0,1,0,1,9,1,1,-1,7,1,22,5,-1,-1,-1,VAUXHALL CORSA,10,E01025782,0,1
2024332400685,2024,332400685,2,9,0,-1,4,1,5,-1,0,8,0,0,0,0,1,1,-1,9,1,54,8,1229,1,17,VAUXHALL CORSA,1,E01013673,0,1
2024520402706,2024,520402706,1,9,0,18,19,3,7,0,0,0,0,0,0,0,1,1,6,6,2,27,6,1364,1,17,VAUXHALL CORSA,8,E01029129,0,1
2024332400462,2024,332400462,2,9,0,-1,7,5,7,-1,9,5,0,0,0,0,3,1,-1,6,2,-1,-1,1398,1,7,VAUXHALL CORSA,-1,-1,0,-1
2024061475172,2024,061475172,2,9,0,-1,9,1,3,-1,0,5,0,0,0,0,4,1,-1,9,2,36,7,1398,1,8,VAUXHALL CORSA,-1,-1,0,-1
2024411420543,2024,411420543,1,9,0,-1,10,7,3,-1,0,0,0,0,0,0,2,1,-1,1,2,19,4,1398,1,8,VAUXHALL CORSA,8,E01015797,0,2
2024461467099,2024,461467099,1,9,0,-1,5,5,1,-1,0,0,0,0,0,0,1,1,-1,6,1,30,6,1229,1,10,VAUXHALL CORSA,-1,-1,0,-1
2024991455286,2024,991455286,2,9,0,-1,19,7,2,-1,0,1,0,0,0,0,1,1,-1,6,2,33,6,1248,2,11,VAUXHALL CORSA,9,-1,0,1
2024061487389,2024,061487389,1,9,0,-1,9,6,4,-1,0,6,1,0,0,0,1,1,-1,6,1,25,5,1364,1,16,VAUXHALL CORSA,3,E01005149,0,1
2024451529917,2024,451529917,4,9,0,-1,4,5,1,-1,0,0,0,0,0,0,1,1,-1,9,2,42,7,1398,1,6,VAUXHALL CORSA,10,E01023093,0,3
2024522402417,2024,522402417,1,9,0,9,9,8,6,0,0,6,0,0,0,0,1,1,6,6,1,54,8,1229,1,14,VAUXHALL CORSA,4,E01014991,0,2
2024311455837,2024,311455837,1,9,0,-1,5,1,5,-1,0,4,0,0,0,0,1,1,-1,6,2,31,6,1398,1,5,VAUXHALL CORSA,10,E01028412,0,3
202460Q114182,2024,60Q114182,2,9,0,18,19,3,7,0,0,0,0,0,0,0,2,1,6,6,2,68,10,998,1,13,VAUXHALL CORSA,-1,-1,0,-1
2024991497387,2024,991497387,2,9,0,-1,19,3,7,-1,0,1,1,0,0,0,1,1,-1,9,2,31,6,1398,1,6,VAUXHALL CORSA,5,-1,0,2
2024340NN3622,2024,340NN3622,1,9,0,-1,9,3,1,-1,0,8,1,0,0,0,1,1,-1,2,1,29,6,1398,1,7,VAUXHALL CORSA,3,E01027060,0,2
2024111501589,2024,111501589,1,9,0,-1,9,6,4,-1,0,0,0,0,0,0,1,1,-1,6,2,46,8,1229,1,15,VAUXHALL CORSA,2,E01020686,0,2
2024141408697,2024,141408697,1,9,0,-1,19,1,5,-1,0,1,0,0,0,0,4,1,-1,9,1,19,4,1229,1,11,VAUXHALL CORSA,5,E01019782,0,3
2024010524135,2024,010524135,2,9,0,3,3,1,5,0,0,1,0,0,0,0,2,1,6,6,1,68,10,1229,1,19,VAUXHALL CORSA,4,E01004421,0,1
2024211515457,2024,211515457,1,9,0,-1,14,3,7,-1,0,0,0,0,0,0,1,1,-1,6,1,17,4,1362,1,12,VAUXHALL CORSA,-1,-1,0,-1
2024201533692,2024,201533692,2,9,0,-1,3,4,8,-1,0,0,0,0,0,0,2,9,-1,6,1,26,6,1229,1,16,VAUXHALL CORSA,1,E01009963,0,1
2024010499224,2024,010499224,1,9,0,99,99,9,9,99,99,9,9,99,9,99,4,9,2,2,1,41,7,1229,1,17,VAUXHALL CORSA,10,E01024115,0,4
2024211492962,2024,211492962,3,9,0,-1,2,0,0,-1,0,0,0,0,0,0,3,1,-1,6,1,55,8,1199,1,1,VAUXHALL CORSA,-1,-1,0,-1
2024430629154,2024,430629154,1,9,0,18,19,8,4,0,0,0,5,0,1,11,1,1,6,6,2,59,9,1364,1,16,VAUXHALL CORSA,4,E01016514,0,4
2024471449647,2024,471449647,1,9,0,-1,19,2,8,-1,0,0,5,7,0,0,3,1,-1,9,1,17,4,1229,1,13,VAUXHALL CORSA,9,E01021208,0,2
2024471473372,2024,471473372,1,9,0,-1,19,7,3,-1,0,0,0,0,0,0,1,9,-1,6,1,30,6,1229,1,16,VAUXHALL CORSA,1,E01020985,0,1
2024320340183,2024,320340183,2,9,0,10,10,8,6,0,0,8,0,0,0,0,2,1,-1,-1,1,18,4,1229,1,10,VAUXHALL CORSA,6,E01026210,0,2
2024430424009,2024,430424009,2,9,0,18,19,5,1,0,0,8,0,0,0,0,1,1,6,6,2,84,11,1398,1,14,VAUXHALL CORSA,10,E01017847,0,2
2024010537368,2024,010537368,2,9,0,18,19,1,5,0,0,1,0,0,0,0,1,1,6,6,2,24,5,1229,1,15,VAUXHALL CORSA,3,E01015839,0,4
2024351417311,2024,351417311,1,9,0,-1,4,1,3,-1,0,2,0,0,0,0,2,1,-1,6,-1,-1,-1,1229,1,17,VAUXHALL CORSA,-1,-1,0,-1
2024461421346,2024,461421346,3,9,0,-1,2,0,0,-1,0,0,0,0,0,0,2,1,-1,6,-1,-1,-1,1199,1,2,VAUXHALL CORSA,-1,-1,0,-1
2024542633524,2024,542633524,1,9,0,18,19,5,1,0,0,4,0,9,3,1,1,1,6,6,2,17,4,1229,1,14,VAUXHALL CORSA,6,E01032091,0,1
2024461512942,2024,461512942,1,9,0,-1,19,5,5,-1,0,0,0,0,7,4,1,1,-1,2,2,22,5,998,1,10,VAUXHALL CORSA,5,E01024746,0,3
2024461538460,2024,461538460,2,9,0,-1,4,2,6,-1,0,0,0,0,0,0,2,9,-1,6,2,23,5,1398,1,8,VAUXHALL CORSA,9,E01024008,0,4
2024221404469,2024,221404469,1,9,0,-1,19,8,4,-1,0,8,0,0,0,0,1,1,-1,9,2,39,7,1398,1,9,VAUXHALL CORSA,6,E01028902,0,4
2024101509852,2024,101509852,2,9,0,-1,19,5,1,-1,0,8,0,0,0,0,3,1,-1,6,2,25,5,1598,1,10,VAUXHALL CORSA,2,E01027397,0,1