collision_index,collision_year,collision_ref_no,vehicle_reference,vehicle_type,towing_and_articulation,vehicle_manoeuvre_historic,vehicle_manoeuvre,vehicle_direction_from,vehicle_direction_to,vehicle_location_restricted_lane_historic,vehicle_location_restricted_lane,junction_location,skidding_and_overturning,hit_object_in_carriageway,vehicle_leaving_carriageway,hit_object_off_carriageway,first_point_of_impact,vehicle_left_hand_drive,journey_purpose_of_driver_historic,journey_purpose_of_driver,sex_of_driver,age_of_driver,age_band_of_driver,engine_capacity_cc,propulsion_code,age_of_vehicle,generic_make_model,driver_imd_decile,lsoa_of_driver,escooter_flag,driver_distance_banding
2024371539507,2024,371539507,2,9,0,-1,3,5,7,-1,0,1,0,0,0,0,2,1,-1,9,1,27,6,1229,1,12,VAUXHALL CORSA,6,E01033719,0,3
2024361517780,2024,361517780,1,9,-1,-1,19,-1,-1,-1,0,1,0,0,0,0,1,9,-1,6,2,23,5,1229,1,16,VAUXHALL CORSA,9,E01030233,0,4
2024471406762,2024,471406762,2,9,0,-1,19,7,3,-1,0,0,0,0,0,0,2,1,-1,6,2,45,7,1199,1,2,VAUXHALL CORSA,10,E01016930,0,1
2024320683184,2024,320683184,1,9,0,-1,-1,5,1,0,0,0,0,10,1,10,1,1,6,6,1,36,7,1398,1,8,VAUXHALL CORSA,3,E01034682,0,1
2024520402613,2024,520402613,1,9,0,18,19,6,2,0,0,0,0,10,0,0,1,1,6,6,1,35,6,1229,1,10,VAUXHALL CORSA,4,E01029249,0,1
2024201499989,2024,201499989,3,9,0,-1,19,1,5,-1,0,0,5,0,0,0,2,1,-1,2,2,38,7,1398,1,7,VAUXHALL CORSA,2,E01009832,0,1
2024101409700,2024,101409700,1,9,0,-1,9,1,5,-1,0,5,0,0,0,0,4,9,-1,6,2,44,7,1229,1,9,VAUXHALL CORSA,2,E01020596,0,3
2024041412621,2024,041412621,1,9,0,-1,19,4,8,-1,0,8,0,0,0,0,4,1,-1,2,1,42,7,-1,3,2,VAUXHALL CORSA,6,E01025329,0,1
2024131491379,2024,131491379,1,9,0,-1,9,6,2,-1,0,8,0,0,0,0,3,1,-1,6,3,-1,-1,1199,1,2,VAUXHALL CORSA,-1,-1,0,-1
2024991407802,2024,991407802,1,9,0,-1,19,3,7,-1,0,0,0,0,0,0,4,1,-1,9,1,22,5,1229,1,9,VAUXHALL CORSA,3,-1,0,1
2024131522971,2024,131522971,2,9,0,-1,5,5,1,-1,0,5,0,0,0,0,0,1,-1,6,2,37,7,998,1,15,VAUXHALL CORSA,7,E01011687,0,1
2024991487417,2024,991487417,1,9,0,-1,3,5,1,-1,0,1,0,0,0,0,2,1,-1,9,2,51,8,-1,-1,-1,VAUXHALL CORSA,2,-1,0,1
2024201451229,2024,201451229,2,9,0,-1,4,4,8,-1,0,0,0,0,0,0,2,1,-1,6,1,55,8,1199,1,4,VAUXHALL CORSA,-1,-1,0,-1
2024540173424,2024,540173424,1,9,0,18,19,4,8,0,0,0,0,0,1,4,3,1,6,6,1,62,9,1229,1,13,VAUXHALL CORSA,5,E01031908,0,3
2024371423444,2024,371423444,1,9,0,-1,5,2,6,-1,0,4,0,0,0,0,3,9,-1,2,2,45,7,1398,1,7,VAUXHALL CORSA,7,E01030051,0,3
2024131463596,2024,131463596,1,9,0,-1,19,7,3,-1,0,0,0,0,0,0,1,1,-1,6,3,-1,-1,1229,1,10,VAUXHALL CORSA,-1,-1,0,-1
202460Q015507,2024,60Q015507,1,9,0,5,5,4,8,0,0,2,0,0,0,0,1,1,6,6,1,66,10,999,1,9,VAUXHALL CORSA,-1,-1,0,-1
2024991450772,2024,991450772,2,9,0,-1,19,6,2,-1,0,1,0,0,0,0,1,1,-1,9,1,68,10,1229,1,10,VAUXHALL CORSA,7,-1,0,1
2024201521681,2024,201521681,1,9,0,-1,19,1,5,-1,0,1,0,0,0,0,4,1,-1,2,2,57,9,1398,1,10,VAUXHALL CORSA,4,E01010254,0,2
2024131472818,2024,131472818,2,9,0,-1,19,5,1,-1,0,8,0,0,0,0,1,1,-1,2,1,57,9,1398,1,7,VAUXHALL CORSA,1,E01010938,0,1
2024461506853,2024,461506853,2,9,0,-1,19,6,2,-1,0,2,0,0,0,0,3,9,-1,9,1,21,5,1364,1,8,VAUXHALL CORSA,2,E01016020,0,1
2024041414847,2024,041414847,4,9,0,-1,19,5,1,-1,0,0,0,0,0,0,0,1,-1,2,1,36,7,1398,1,12,VAUXHALL CORSA,1,E01025592,0,2
2024201517040,2024,201517040,1,9,0,-1,19,8,4,-1,0,0,0,0,0,0,1,1,-1,9,1,23,5,1199,1,0,VAUXHALL CORSA,2,E01009022,0,1
2024201456929,2024,201456929,2,9,0,-1,2,0,0,-1,0,0,0,0,0,0,4,1,-1,6,-1,-1,-1,1229,1,13,VAUXHALL CORSA,-1,-1,0,-1
2024351481839,2024,351481839,2,9,0,-1,19,7,3,-1,0,0,0,0,7,0,4,1,-1,2,2,18,4,998,1,11,VAUXHALL CORSA,7,E01018085,0,3
2024010550919,2024,010550919,2,9,0,18,19,1,5,0,0,8,5,4,0,0,1,1,6,6,1,20,4,1199,1,3,VAUXHALL CORSA,6,E01004181,0,1
2024111400563,2024,111400563,1,9,0,-1,19,4,8,-1,0,0,0,0,7,11,1,1,-1,2,1,19,4,998,1,12,VAUXHALL CORSA,9,E01012336,0,2
2024061495945,2024,061495945,1,9,0,-1,19,8,5,-1,0,1,0,0,0,0,1,1,-1,9,1,29,6,1199,1,3,VAUXHALL CORSA,1,E01005585,0,3
2024070514569,2024,070514569,2,9,0,3,3,1,5,0,0,4,0,0,0,0,2,1,6,6,2,52,8,1229,1,9,VAUXHALL CORSA,3,E01018552,0,2
2024401457613,2024,401457613,2,9,0,-1,19,7,3,-1,0,4,0,0,0,0,1,1,-1,6,1,22,5,1229,1,11,VAUXHALL CORSA,4,E01023857,0,4
2024430119980,2024,430119980,1,9,0,18,19,1,7,0,0,4,0,0,0,0,1,1,2,2,1,35,6,1364,1,17,VAUXHALL CORSA,10,E01016253,0,2
2024546236524,2024,546236524,2,9,0,18,19,8,4,0,0,1,0,0,0,0,1,1,6,6,2,36,7,1229,1,18,VAUXHALL CORSA,4,E01032715,0,1
2024471418998,2024,471418998,2,9,0,-1,9,2,8,-1,0,6,0,0,0,0,1,1,-1,9,1,32,6,1199,1,1,VAUXHALL CORSA,7,E01031813,0,1
2024041417209,2024,041417209,2,9,0,-1,19,7,3,-1,0,1,0,0,0,0,3,1,-1,2,2,56,9,1398,1,5,VAUXHALL CORSA,3,E01025577,0,1
2024332400624,2024,332400624,1,9,0,-1,19,5,1,-1,0,0,0,0,0,0,1,1,-1,1,1,44,7,1229,1,18,VAUXHALL CORSA,3,E01034020,0,1
2024430467032,2024,430467032,1,9,0,3,3,2,6,0,0,1,0,0,0,0,4,1,6,6,2,18,4,1398,1,7,VAUXHALL CORSA,10,E01017849,0,2
2024070647554,2024,070647554,2,9,0,4,4,8,3,0,0,1,0,0,0,0,2,1,6,6,2,35,6,1398,1,6,VAUXHALL CORSA,1,E01006861,0,4
2024201474471,2024,201474471,1,9,0,-1,9,2,8,-1,0,6,1,0,0,0,4,1,-1,9,2,31,6,1398,1,9,VAUXHALL CORSA,1,E01009270,0,1
2024010497526,2024,010497526,2,9,0,6,6,1,1,0,0,1,0,0,0,0,4,1,6,6,1,34,6,1199,1,4,VAUXHALL CORSA,-1,-1,0,-1
2024041484329,2024,041484329,2,9,0,-1,19,3,7,-1,0,0,0,0,0,0,3,1,-1,9,2,22,5,1229,1,14,VAUXHALL CORSA,3,E01025213,0,1
2024461413073,2024,461413073,1,9,0,-1,19,4,2,-1,0,0,0,0,0,0,1,1,-1,9,1,39,7,973,1,21,VAUXHALL CORSA,9,E01024365,0,1
2024010521118,2024,010521118,2,9,0,18,19,3,7,0,0,0,0,0,0,0,1,1,6,6,2,37,7,1398,1,6,VAUXHALL CORSA,8,E01000774,0,1
2024991498859,2024,991498859,1,9,0,-1,19,5,1,-1,0,0,0,0,0,0,1,1,-1,6,2,27,6,1398,1,8,VAUXHALL CORSA,9,-1,0,1
2024010507477,2024,010507477,1,9,0,18,19,3,7,0,0,0,0,0,0,0,1,1,6,6,1,40,7,999,1,9,VAUXHALL CORSA,5,E01021497,0,4
2024451434270,2024,451434270,1,9,0,-1,99,1,1,-1,99,8,9,99,9,99,3,1,-1,6,2,40,7,1398,1,6,VAUXHALL CORSA,-1,-1,0,-1
2024371477868,2024,371477868,1,9,0,-1,19,2,5,-1,0,0,0,0,7,1,3,1,-1,9,1,47,8,1229,1,17,VAUXHALL CORSA,5,E01021417,0,4
202417S110524,2024,17S110524,2,9,0,-1,19,5,1,-1,0,1,0,0,0,0,1,1,-1,9,1,-1,-1,1364,1,17,VAUXHALL CORSA,-1,-1,0,-1
2024371529271,2024,371529271,1,9,0,-1,19,2,6,-1,0,4,0,0,0,0,1,1,-1,6,1,54,8,1389,1,20,VAUXHALL CORSA,9,E01030045,0,1
2024401449232,2024,401449232,2,9,0,-1,19,1,3,-1,0,0,0,0,0,0,3,1,-1,1,2,54,8,1248,2,11,VAUXHALL CORSA,5,E01015775,0,1
2024351415743,2024,351415743,3,9,0,-1,19,6,7,-1,0,7,0,0,0,0,3,1,-1,6,2,29,6,1398,1,7,VAUXHALL CORSA,5,E01018059,0,2
2024501492021,2024,501492021,2,9,0,-1,19,7,3,-1,0,4,0,0,0,0,1,1,-1,9,1,42,7,1199,1,1,VAUXHALL CORSA,5,E01020191,0,2
2024548254424,2024,548254424,1,9,0,18,19,1,5,0,0,8,0,0,0,0,1,1,6,6,1,17,4,1229,1,10,VAUXHALL CORSA,6,E01032025,0,1
2024991400108,2024,991400108,2,9,0,-1,10,7,4,-1,0,1,0,0,0,0,2,2,-1,6,1,35,6,1199,1,20,VAUXHALL CORSA,2,-1,0,2
2024332400058,2024,332400058,1,9,0,-1,9,3,1,-1,0,5,0,0,2,11,1,1,-1,9,2,24,5,1364,1,18,VAUXHALL CORSA,7,E01025618,0,1
2024201571523,2024,201571523,1,9,0,-1,19,1,4,-1,0,0,2,10,7,11,1,1,-1,9,2,29,6,1364,1,17,VAUXHALL CORSA,3,E01009910,0,1
2024351428175,2024,351428175,3,9,0,-1,2,0,0,-1,9,0,0,0,0,0,1,1,-1,6,-1,-1,-1,1398,1,9,VAUXHALL CORSA,-1,-1,0,-1
2024461484360,2024,461484360,2,9,0,-1,4,1,5,-1,0,0,0,0,0,0,2,1,-1,6,2,18,4,1389,1,19,VAUXHALL CORSA,1,E01024649,0,4
2024101509354,2024,101509354,1,9,0,-1,19,1,5,-1,0,8,0,0,0,0,1,1,-1,1,1,49,8,-1,3,3,VAUXHALL CORSA,4,E01008483,0,2
2024501474448,2024,501474448,2,9,0,-1,19,5,1,-1,0,4,0,0,0,0,1,1,-1,6,2,72,10,1199,1,2,VAUXHALL CORSA,4,E01020053,0,3
2024471487890,2024,471487890,3,9,0,-1,3,5,1,-1,0,1,0,0,0,0,3,1,-1,6,2,51,8,1499,2,4,VAUXHALL CORSA,2,E01031790,0,1
2024501437545,2024,501437545,1,9,0,-1,19,2,5,-1,0,0,0,0,0,0,1,1,-1,9,2,46,8,1398,1,6,VAUXHALL CORSA,4,E01019071,0,3
2024221409452,2024,221409452,2,9,0,-1,10,5,3,-1,0,8,0,0,0,0,2,9,-1,2,2,27,6,1398,1,9,VAUXHALL CORSA,8,E01032338,0,1
2024070177807,2024,070177807,2,9,0,18,19,7,3,0,0,8,0,0,0,0,4,1,6,6,1,39,7,1398,1,8,VAUXHALL CORSA,9,E01018344,0,1
2024041408691,2024,041408691,1,9,0,-1,19,3,7,-1,0,8,5,9,0,0,1,1,-1,9,2,40,7,1229,1,10,VAUXHALL CORSA,1,E01025224,0,1
2024061532912,2024,061532912,2,9,0,-1,19,5,1,-1,0,1,0,0,0,0,1,1,-1,9,2,54,8,1398,1,8,VAUXHALL CORSA,2,E01005605,0,1
2024371478710,2024,371478710,1,9,0,-1,19,3,7,-1,0,0,0,0,0,0,1,1,-1,9,1,30,6,1229,1,12,VAUXHALL CORSA,2,E01027105,0,5
2024211523928,2024,211523928,4,9,0,-1,2,3,3,-1,0,1,0,4,0,0,2,1,-1,6,1,-1,-1,1229,1,12,VAUXHALL CORSA,-1,-1,0,-1
2024041484291,2024,041484291,1,9,0,-1,19,7,3,-1,0,0,2,0,1,9,1,1,-1,9,2,33,6,1398,1,12,VAUXHALL CORSA,1,E01007006,0,3
2024371483604,2024,371483604,2,9,0,-1,9,-1,-1,-1,0,0,0,0,0,0,1,1,-1,9,2,59,9,1398,1,9,VAUXHALL CORSA,4,E01029940,0,1
2024101462715,2024,101462715,2,9,0,-1,4,1,2,-1,0,0,0,0,0,0,1,2,-1,9,1,77,11,1229,1,16,VAUXHALL CORSA,1,E01027422,0,1
2024161448204,2024,161448204,1,9,0,-1,19,5,1,-1,0,0,0,0,0,0,4,1,-1,6,2,53,8,1229,1,13,VAUXHALL CORSA,3,E01013184,0,1
2024471483361,2024,471483361,1,9,0,-1,9,7,5,-1,0,6,0,0,0,0,1,1,-1,9,2,39,7,1229,1,10,VAUXHALL CORSA,6,E01021204,0,1
2024010499513,2024,010499513,2,9,0,3,3,5,1,0,0,1,0,0,0,0,1,1,6,6,3,27,6,1229,1,16,VAUXHALL CORSA,3,E01003073,0,1
2024471487645,2024,471487645,1,9,0,-1,9,3,1,-1,0,6,0,0,0,0,1,1,-1,6,2,17,4,1398,1,10,VAUXHALL CORSA,7,E01031343,0,1
2024052401864,2024,052401864,1,9,0,7,7,7,1,0,0,1,0,0,0,0,4,1,6,6,1,29,6,1398,1,7,VAUXHALL CORSA,2,E01006451,0,3
2024061570379,2024,061570379,2,9,0,-1,9,6,4,-1,0,6,0,0,7,0,3,1,-1,9,2,51,8,1398,1,7,VAUXHALL CORSA,3,E01034126,0,1
2024451436681,2024,451436681,1,9,0,-1,9,1,7,-1,0,1,0,0,0,0,2,1,-1,9,1,40,7,1229,1,15,VAUXHALL CORSA,4,E01030634,0,1
2024411563296,2024,411563296,2,9,0,-1,19,4,8,-1,0,0,0,0,0,0,3,1,-1,2,2,37,7,1364,1,17,VAUXHALL CORSA,1,E01023536,0,1
2024631436204,2024,631436204,2,9,0,-1,19,1,6,-1,0,1,0,0,0,0,0,1,-1,9,1,18,4,1598,1,16,VAUXHALL CORSA,7,W01000451,0,2
2024501510450,2024,501510450,2,9,0,-1,19,7,3,-1,0,0,0,0,0,0,1,1,-1,9,2,18,4,1229,1,17,VAUXHALL CORSA,9,E01019944,0,1
2024371509488,2024,371509488,1,9,0,-1,19,3,7,-1,0,1,0,0,0,0,1,1,-1,6,1,21,5,1248,2,17,VAUXHALL CORSA,4,E01026610,0,2
2024302401594,2024,302401594,1,9,0,16,19,8,4,0,0,8,0,0,0,0,1,1,6,6,2,32,6,1364,1,17,VAUXHALL CORSA,4,E01019560,0,1
2024201476752,2024,201476752,1,9,0,-1,9,4,2,-1,0,6,0,0,0,0,9,9,-1,6,3,-1,-1,1199,1,5,VAUXHALL CORSA,-1,-1,0,-1
2024332400899,2024,332400899,2,9,0,-1,19,5,1,-1,0,0,0,0,0,0,4,1,-1,6,3,-1,-1,1199,1,20,VAUXHALL CORSA,-1,-1,0,-1
2024010533166,2024,010533166,1,9,0,18,19,6,2,0,0,1,0,0,0,0,3,1,6,6,1,82,11,1398,1,12,VAUXHALL CORSA,5,E01004612,0,1
2024131500906,2024,131500906,2,9,0,-1,10,3,3,-1,0,0,0,0,1,0,1,1,-1,2,2,57,9,1229,1,14,VAUXHALL CORSA,5,E01010939,0,1
2024101532725,2024,101532725,2,9,0,-1,19,5,2,-1,0,0,0,0,0,0,3,1,-1,6,2,49,8,1229,1,16,VAUXHALL CORSA,1,E01008333,0,1
2024522500226,2024,522500226,2,9,0,18,19,8,4,0,0,0,0,0,0,0,1,1,6,6,1,55,8,1398,1,7,VAUXHALL CORSA,9,E01014872,0,1
2024131487895,2024,131487895,2,9,0,-1,19,5,1,-1,0,8,5,0,0,0,1,1,-1,2,1,30,6,1229,1,9,VAUXHALL CORSA,7,E01010859,0,1
2024501410332,2024,501410332,1,9,0,-1,9,5,3,-1,0,8,0,0,0,0,1,1,-1,2,2,23,5,1398,1,9,VAUXHALL CORSA,5,E01020068,0,1
2024430383187,2024,430383187,1,9,0,17,19,6,3,0,0,0,0,0,0,0,3,1,6,6,2,19,4,1229,1,10,VAUXHALL CORSA,8,E01017738,0,1
2024161432006,2024,161432006,1,9,0,-1,5,5,3,-1,0,6,0,0,0,0,3,1,-1,9,1,18,4,1398,1,10,VAUXHALL CORSA,9,E01013025,0,1
2024061402764,2024,061402764,1,9,0,-1,2,6,7,-1,0,0,0,0,0,0,3,1,-1,6,2,72,10,1398,1,9,VAUXHALL CORSA,7,E01005995,0,1
202417S103824,2024,17S103824,1,9,0,18,19,4,8,0,0,0,0,0,0,0,1,1,6,6,2,-1,-1,1398,1,6,VAUXHALL CORSA,5,E01012205,0,1
2024451534467,2024,451534467,3,9,0,-1,19,4,8,-1,0,0,0,0,2,0,1,1,-1,9,2,17,4,998,1,10,VAUXHALL CORSA,3,E01030432,0,2
2024122401108,2024,122401108,1,9,0,13,13,8,4,0,0,0,0,0,0,0,4,1,6,6,1,19,4,1229,1,14,VAUXHALL CORSA,6,E01012930,0,1
2024052400080,2024,052400080,2,9,0,4,4,4,8,0,0,1,0,0,0,0,2,1,6,6,1,62,9,1199,1,0,VAUXHALL CORSA,-1,-1,0,-1
2024010522404,2024,010522404,1,9,0,99,99,9,9,0,0,9,0,0,0,0,9,9,6,6,2,32,6,1398,1,9,VAUXHALL CORSA,-1,-1,0,-1
2024501471780,2024,501471780,2,9,0,-1,9,2,6,-1,0,6,0,0,0,0,3,1,-1,6,1,37,7,998,1,19,VAUXHALL CORSA,3,E01015209,0,1
2024631444179,2024,631444179,3,9,0,-1,19,2,6,-1,0,0,0,0,0,0,1,1,-1,6,1,55,8,1398,1,8,VAUXHALL CORSA,5,E01035068,0,4
2024041498435,2024,041498435,1,9,0,-1,4,5,1,-1,0,0,1,0,1,9,3,1,-1,9,1,22,5,998,1,10,VAUXHALL CORSA,1,E01025389,0,2
2024622400861,2024,622400861,1,9,0,18,19,2,6,0,0,0,0,0,0,0,1,1,6,6,1,36,7,1398,1,9,VAUXHALL CORSA,10,W01001072,0,2
2024052401939,2024,052401939,2,9,0,9,9,5,3,0,0,1,0,0,0,0,1,1,6,6,2,32,6,1229,1,12,VAUXHALL CORSA,1,E01012650,0,4
2024010501881,2024,010501881,2,9,0,99,99,9,9,99,99,0,9,99,9,99,1,9,6,6,3,-1,-1,1364,1,16,VAUXHALL CORSA,-1,-1,0,-1
2024201491537,2024,201491537,1,9,0,-1,19,6,2,-1,0,8,0,0,0,0,1,1,-1,9,1,23,5,1229,1,9,VAUXHALL CORSA,1,E01009408,0,1
2024320211423,2024,320211423,1,9,0,-1,-1,8,4,0,0,0,0,0,0,0,1,1,-1,-1,1,70,10,1398,1,6,VAUXHALL CORSA,5,E01013612,0,4
2024061393715,2024,061393715,1,9,0,-1,19,8,4,-1,0,0,0,0,0,0,1,1,-1,6,1,81,11,1398,1,8,VAUXHALL CORSA,4,E01006026,0,2
2024010519269,2024,010519269,1,9,0,18,19,5,1,0,0,2,0,4,0,0,1,1,6,6,1,37,7,1398,1,9,VAUXHALL CORSA,4,E01004401,0,1
2024221415827,2024,221415827,1,9,0,-1,7,4,6,-1,0,5,5,10,8,2,1,1,-1,6,1,18,4,998,1,17,VAUXHALL CORSA,2,E01032265,0,2
2024991447188,2024,991447188,1,9,0,-1,19,1,5,-1,0,0,2,0,1,4,1,1,-1,6,2,20,4,1398,1,14,VAUXHALL CORSA,8,-1,0,4
2024010491325,2024,010491325,1,9,0,7,7,7,1,0,0,5,0,0,0,0,4,1,6,6,1,32,6,-1,3,3,VAUXHALL CORSA,8,E01003670,0,1
2024401476068,2024,401476068,2,9,0,-1,5,-1,-1,-1,0,0,0,0,0,0,2,9,-1,9,1,56,9,1398,1,5,VAUXHALL CORSA,9,E01017403,0,3
2024311533161,2024,311533161,1,9,0,-1,7,5,4,-1,0,1,0,0,7,0,1,1,-1,6,1,30,6,-1,3,0,VAUXHALL CORSA,1,E01028065,0,1
2024340WN3182,2024,340WN3182,1,9,0,-1,5,7,3,-1,0,1,0,0,7,2,1,1,-1,9,2,87,11,1199,1,4,VAUXHALL CORSA,8,E01027296,0,1
2024401462735,2024,401462735,1,9,0,-1,19,5,2,-1,0,6,0,0,0,0,1,1,-1,6,1,19,4,1248,2,12,VAUXHALL CORSA,4,E01015724,0,2
2024201512752,2024,201512752,1,9,0,-1,19,3,7,-1,0,0,0,0,0,0,1,1,-1,2,1,59,9,1248,2,16,VAUXHALL CORSA,9,E01010328,0,1
2024351455788,2024,351455788,2,9,0,-1,2,0,0,-1,5,0,0,0,0,0,3,1,-1,6,-1,-1,-1,1398,1,6,VAUXHALL CORSA,-1,-1,0,-1
2024010507315,2024,010507315,3,9,0,12,12,1,5,0,0,0,0,0,0,0,0,1,6,6,1,32,6,1229,1,11,VAUXHALL CORSA,3,E01002542,0,1
2024522401178,2024,522401178,1,9,0,18,19,5,1,0,0,8,0,0,0,0,1,1,6,6,2,19,4,1229,1,10,VAUXHALL CORSA,10,E01014903,0,1
2024520401923,2024,520401923,1,9,0,9,9,7,5,0,0,8,0,0,1,2,4,1,6,6,1,18,4,1229,1,18,VAUXHALL CORSA,6,E01029317,0,1
2024161419966,2024,161419966,2,9,0,-1,19,1,5,-1,0,0,0,0,0,0,1,1,-1,6,1,28,6,1398,1,9,VAUXHALL CORSA,7,E01012993,0,1
2024471416595,2024,471416595,1,9,0,-1,19,2,5,-1,0,0,1,0,0,0,4,1,-1,9,1,18,4,973,1,22,VAUXHALL CORSA,4,E01021096,0,1
2024041485184,2024,041485184,1,9,0,-1,19,1,5,-1,0,1,0,0,0,0,1,1,-1,9,2,28,6,998,1,13,VAUXHALL CORSA,4,E01025030,0,3
2024211468171,2024,211468171,2,9,0,-1,19,2,4,-1,0,0,0,0,4,2,3,1,-1,6,2,39,7,1398,1,7,VAUXHALL CORSA,5,E01028895,0,4
2024552401279,2024,552401279,1,9,0,13,13,2,6,0,0,0,0,0,7,4,3,1,6,6,1,21,5,1398,1,8,VAUXHALL CORSA,7,E01020468,0,3
2024010519463,2024,010519463,1,9,0,18,19,7,3,0,0,1,0,0,0,0,4,1,1,1,1,30,6,1199,1,1,VAUXHALL CORSA,5,E01002361,0,2
2024522402653,2024,522402653,1,9,0,18,19,1,5,0,0,8,5,0,0,0,1,1,6,6,1,71,10,1199,1,0,VAUXHALL CORSA,6,E01019798,0,5
2024451496091,2024,451496091,1,9,0,-1,-1,-1,-1,-1,0,0,0,0,0,0,-1,1,-1,6,1,52,8,1229,1,14,VAUXHALL CORSA,8,E01030521,0,3
2024461456234,2024,461456234,4,9,0,-1,3,8,8,-1,0,0,0,0,0,0,2,1,-1,6,1,44,7,1229,1,14,VAUXHALL CORSA,5,E01009689,0,5
2024440540085,2024,440540085,1,9,0,4,4,4,8,0,0,4,0,0,0,0,2,1,6,6,1,21,5,1398,1,8,VAUXHALL CORSA,8,E01023048,0,1
2024010505847,2024,010505847,2,9,0,99,99,9,9,99,99,9,9,99,9,99,3,9,6,6,3,-1,-1,1199,1,21,VAUXHALL CORSA,-1,-1,0,-1
2024430391903,2024,430391903,6,9,0,18,19,5,1,0,0,0,5,0,0,0,1,1,6,6,2,88,11,1229,1,9,VAUXHALL CORSA,-1,-1,0,-1
2024061510808,2024,061510808,1,9,0,-1,19,2,6,-1,0,8,0,0,0,0,1,1,-1,2,2,21,5,1398,1,12,VAUXHALL CORSA,2,E01034000,0,1
2024311478549,2024,311478549,1,9,0,-1,19,7,3,-1,0,0,0,11,1,0,1,1,-1,1,1,23,5,1398,1,9,VAUXHALL CORSA,6,E01028108,0,2
2024421441264,2024,421441264,2,9,0,-1,4,7,3,-1,0,1,0,0,0,0,1,2,-1,6,1,70,10,1364,1,16,VAUXHALL CORSA,1,E01021970,0,1
2024111481510,2024,111481510,1,9,0,-1,5,2,4,-1,0,0,0,0,0,0,4,1,-1,6,2,37,7,1229,1,13,VAUXHALL CORSA,-1,-1,0,-1
2024221494725,2024,221494725,1,9,0,-1,4,7,3,-1,0,8,0,0,0,0,2,9,-1,6,1,80,11,1364,1,17,VAUXHALL CORSA,9,E01032316,0,1
2024471408651,2024,471408651,1,9,0,-1,19,3,8,-1,0,0,1,0,7,11,1,1,-1,1,1,39,7,1229,1,18,VAUXHALL CORSA,7,E01021220,0,1
2024411495125,2024,411495125,2,9,0,-1,19,2,7,-1,0,8,1,0,0,0,1,1,-1,2,2,21,5,1229,1,16,VAUXHALL CORSA,6,E01023472,0,1
2024221522556,2024,221522556,2,9,0,-1,19,6,2,-1,0,1,0,0,0,0,1,1,-1,6,2,20,4,1199,1,19,VAUXHALL CORSA,7,E01028998,0,3
2024401482622,2024,401482622,1,9,0,-1,19,1,5,-1,0,0,5,0,0,0,4,1,-1,9,1,18,4,1229,1,10,VAUXHALL CORSA,8,E01015797,0,1
2024991448097,2024,991448097,1,9,0,-1,19,8,4,-1,0,1,0,0,0,0,4,1,-1,9,1,35,6,1199,1,1,VAUXHALL CORSA,-1,-1,0,-1
2024201523619,2024,201523619,1,9,0,-1,4,1,1,-1,0,0,0,0,0,0,1,1,-1,2,1,18,4,1229,1,11,VAUXHALL CORSA,3,E01010491,0,2
2024340WN1032,2024,340WN1032,3,9,0,-1,3,2,6,-1,0,0,0,0,0,0,2,1,-1,6,1,23,5,1398,1,8,VAUXHALL CORSA,10,E01027258,0,1
2024010542976,2024,010542976,1,9,0,99,99,9,9,99,99,9,9,99,9,99,1,9,6,6,2,34,6,1199,1,1,VAUXHALL CORSA,7,E01001566,0,1
2024302400610,2024,302400610,1,9,0,18,19,6,2,0,0,0,0,0,0,0,1,1,2,2,2,52,8,1398,1,8,VAUXHALL CORSA,5,E01019428,0,1
2024520403163,2024,520403163,2,9,0,18,19,5,1,0,0,0,0,0,0,0,1,1,6,6,3,-1,-1,1248,2,13,VAUXHALL CORSA,-1,-1,0,-1
2024421514973,2024,421514973,1,9,0,-1,19,7,3,-1,0,2,1,10,2,0,1,1,-1,9,1,32,6,1229,1,9,VAUXHALL CORSA,4,E01008614,0,5
2024101525275,2024,101525275,2,9,0,-1,19,7,3,-1,0,8,0,0,1,0,1,1,-1,9,1,18,4,1229,1,9,VAUXHALL CORSA,-1,-1,0,-1
2024010510081,2024,010510081,1,9,0,18,19,4,8,0,0,0,1,0,0,0,1,1,6,6,2,21,5,1398,1,8,VAUXHALL CORSA,8,E01000828,0,2
2024991486127,2024,991486127,1,9,0,-1,12,4,8,-1,0,0,1,0,0,0,1,1,-1,9,1,23,5,1229,1,9,VAUXHALL CORSA,3,-1,0,3
2024010549242,2024,010549242,1,9,0,18,19,7,3,0,0,0,0,0,0,0,4,1,6,6,2,81,11,1398,1,9,VAUXHALL CORSA,4,E01000039,0,1
2024010546376,2024,010546376,2,9,0,99,99,9,9,99,99,9,9,99,9,99,2,9,6,6,3,-1,-1,1199,8,0,VAUXHALL CORSA,-1,-1,0,-1
2024041400521,2024,041400521,3,9,0,-1,19,1,3,-1,0,0,0,0,0,0,2,1,-1,9,1,39,7,1229,1,12,VAUXHALL CORSA,2,E01025037,0,4
2024201491224,2024,201491224,1,9,0,-1,9,8,5,-1,0,5,0,0,0,0,1,1,-1,2,2,34,6,1248,2,13,VAUXHALL CORSA,4,E01010517,0,1
2024141398159,2024,141398159,1,9,0,-1,19,3,1,-1,0,4,1,0,0,0,3,9,-1,6,2,33,6,1199,1,2,VAUXHALL CORSA,4,E01007746,0,1