collision_index,collision_year,collision_ref_no,vehicle_reference,vehicle_type,towing_and_articulation,vehicle_manoeuvre_historic,vehicle_manoeuvre,vehicle_direction_from,vehicle_direction_to,vehicle_location_restricted_lane_historic,vehicle_location_restricted_lane,junction_location,skidding_and_overturning,hit_object_in_carriageway,vehicle_leaving_carriageway,hit_object_off_carriageway,first_point_of_impact,vehicle_left_hand_drive,journey_purpose_of_driver_historic,journey_purpose_of_driver,sex_of_driver,age_of_driver,age_band_of_driver,engine_capacity_cc,propulsion_code,age_of_vehicle,generic_make_model,driver_imd_decile,lsoa_of_driver,escooter_flag,driver_distance_banding
2024501495338,2024,501495338,1,9,0,-1,19,5,1,-1,0,0,1,12,0,0,1,1,-1,6,2,26,6,1364,1,17,VAUXHALL CORSA,3,E01015159,0,2
2024141466036,2024,141466036,1,9,0,-1,9,1,6,-1,0,2,0,0,0,0,2,1,-1,6,2,41,7,1248,2,11,VAUXHALL CORSA,1,E01007736,0,1
2024320757009,2024,320757009,1,9,0,14,14,1,5,0,0,0,0,0,1,10,4,1,6,6,1,88,11,1398,1,5,VAUXHALL CORSA,5,E01026407,0,2
2024201494167,2024,201494167,1,9,0,-1,19,8,5,-1,0,0,0,0,0,0,1,9,-1,6,1,-1,-1,1398,1,5,VAUXHALL CORSA,-1,-1,0,-1
2024552401208,2024,552401208,1,9,0,9,9,5,4,0,0,6,0,0,0,0,1,1,6,6,1,75,10,1398,1,5,VAUXHALL CORSA,6,E01033288,0,1
2024161404930,2024,161404930,2,9,0,-1,19,8,4,-1,0,0,5,0,0,0,1,1,-1,2,2,35,6,1364,1,9,VAUXHALL CORSA,8,E01013102,0,1
2024430566400,2024,430566400,2,9,0,18,19,4,8,0,0,0,0,0,0,0,1,1,6,6,2,40,7,1229,1,10,VAUXHALL CORSA,-1,-1,0,-1
2024440395596,2024,440395596,2,9,0,9,9,5,1,0,0,8,0,0,0,0,3,1,6,6,1,68,10,1229,1,14,VAUXHALL CORSA,2,E01017165,0,2
2024501441818,2024,501441818,1,9,0,-1,19,6,2,-1,0,1,0,0,0,0,1,9,-1,2,1,22,5,1229,1,14,VAUXHALL CORSA,7,E01018830,0,4
2024411465690,2024,411465690,1,9,-1,-1,19,7,3,-1,0,0,0,0,0,0,4,1,-1,6,2,69,10,1398,1,9,VAUXHALL CORSA,7,E01023618,0,1
2024351447669,2024,351447669,2,9,0,-1,9,2,8,-1,0,6,0,0,0,0,2,1,-1,9,2,34,6,1248,2,10,VAUXHALL CORSA,10,E01030050,0,4
2024371539066,2024,371539066,2,9,0,-1,4,7,3,-1,0,1,0,0,0,0,2,1,-1,2,1,46,8,998,1,11,VAUXHALL CORSA,8,E01029890,0,2
2024010502354,2024,010502354,2,9,0,4,4,7,3,0,0,1,0,0,0,0,1,1,6,6,2,33,6,1398,1,12,VAUXHALL CORSA,2,E01004309,0,2
2024061460690,2024,061460690,2,9,0,-1,5,5,1,-1,0,1,0,0,0,0,1,1,-1,6,2,54,8,1199,1,4,VAUXHALL CORSA,8,E01006368,0,2
2024991429350,2024,991429350,1,9,0,-1,9,4,2,-1,0,1,0,0,0,0,1,1,-1,9,2,22,5,1398,1,5,VAUXHALL CORSA,2,-1,0,1
2024351481730,2024,351481730,1,9,0,-1,19,7,3,-1,0,0,0,0,0,0,1,1,-1,6,2,49,8,1598,1,8,VAUXHALL CORSA,6,E01018036,0,2
2024332400341,2024,332400341,1,9,0,-1,9,7,4,-1,0,5,0,0,0,0,1,1,-1,6,1,18,4,1229,1,18,VAUXHALL CORSA,5,E01025957,0,1
2024311501565,2024,311501565,1,9,0,-1,19,4,2,-1,0,0,0,0,0,0,1,1,-1,6,1,18,4,1248,2,10,VAUXHALL CORSA,2,E01028101,0,1
2024461526398,2024,461526398,1,9,0,-1,19,3,7,-1,0,0,0,0,0,0,1,1,-1,6,2,21,5,998,1,11,VAUXHALL CORSA,5,E01016034,0,1
2024131433222,2024,131433222,1,9,0,-1,9,5,1,-1,0,1,1,0,0,0,1,1,-1,2,1,25,5,1199,1,3,VAUXHALL CORSA,8,E01011191,0,1
2024421408353,2024,421408353,1,9,0,-1,19,1,5,-1,0,0,0,0,0,0,1,1,-1,6,1,33,6,1364,1,15,VAUXHALL CORSA,5,E01015859,0,1
2024211533917,2024,211533917,1,9,0,-1,4,3,7,-1,0,0,0,0,0,0,1,1,-1,9,2,85,11,1229,1,18,VAUXHALL CORSA,6,E01029395,0,1
2024531466512,2024,531466512,1,9,0,-1,5,1,5,-1,0,6,0,0,0,0,3,1,-1,6,1,80,11,1199,1,2,VAUXHALL CORSA,8,E01022255,0,4
2024440064982,2024,440064982,1,9,0,18,19,6,2,0,0,1,0,0,0,0,1,1,6,6,2,78,11,1199,1,4,VAUXHALL CORSA,9,E01022982,0,1
2024010503998,2024,010503998,1,9,0,18,19,5,1,0,0,0,0,4,0,0,1,1,6,6,1,42,7,1229,1,10,VAUXHALL CORSA,7,E01000334,0,1
2024010548063,2024,010548063,1,9,0,18,19,5,1,0,0,2,0,0,0,0,1,1,1,1,2,31,6,1398,1,6,VAUXHALL CORSA,6,E01035280,0,4
2024010537407,2024,010537407,2,9,0,13,13,9,9,0,0,5,0,0,0,0,1,1,6,6,3,43,7,1398,1,11,VAUXHALL CORSA,2,E01034488,0,1
202417M212324,2024,17M212324,2,9,0,-1,9,2,8,-1,0,8,0,0,0,0,1,1,-1,6,1,-1,-1,1398,1,5,VAUXHALL CORSA,-1,-1,0,-1
2024010551703,2024,010551703,2,9,0,5,5,5,1,0,0,2,0,0,0,0,1,2,1,1,2,59,9,1398,1,13,VAUXHALL CORSA,2,E01000744,0,2
2024010539428,2024,010539428,1,9,0,2,2,0,0,0,0,0,0,0,0,0,2,1,6,6,3,-1,-1,1398,1,8,VAUXHALL CORSA,-1,-1,0,-1
2024010519341,2024,010519341,1,9,0,99,99,9,9,99,99,9,9,99,9,99,9,9,1,1,1,46,8,1199,1,4,VAUXHALL CORSA,9,E01002516,0,1
2024052400546,2024,052400546,2,9,0,18,19,8,4,0,0,1,0,0,0,0,1,1,2,2,1,41,7,1229,1,13,VAUXHALL CORSA,3,E01007058,0,1
2024411443679,2024,411443679,1,9,0,-1,2,1,5,-1,0,2,0,0,0,0,2,1,-1,6,-1,-1,-1,1248,2,16,VAUXHALL CORSA,-1,-1,0,-1
2024501535822,2024,501535822,2,9,0,-1,9,7,3,-1,0,8,0,0,0,0,3,1,-1,2,2,44,7,1364,1,14,VAUXHALL CORSA,6,E01020246,0,3
2024411487242,2024,411487242,1,9,0,-1,7,5,1,-1,0,5,0,0,0,0,1,1,-1,6,2,-1,-1,1364,1,16,VAUXHALL CORSA,10,E01023657,0,1
2024010511542,2024,010511542,1,9,0,99,99,9,9,99,99,9,9,99,9,99,9,1,6,6,3,39,7,1229,1,9,VAUXHALL CORSA,6,E01004611,0,1
2024361481486,2024,361481486,2,9,0,-1,3,3,7,-1,0,0,0,0,0,0,2,1,-1,9,1,17,4,1398,1,5,VAUXHALL CORSA,7,E01026919,0,3
2024411526454,2024,411526454,2,9,0,-1,2,0,0,-1,0,0,0,0,0,0,3,1,-1,6,-1,-1,-1,1398,1,14,VAUXHALL CORSA,-1,-1,0,-1
2024010511224,2024,010511224,1,9,0,99,99,9,9,99,99,9,9,99,9,99,9,9,2,2,1,27,6,1199,1,1,VAUXHALL CORSA,5,E01033917,0,3
2024461439431,2024,461439431,1,9,0,-1,19,6,2,-1,0,6,2,0,0,0,1,9,-1,6,1,18,4,1199,1,3,VAUXHALL CORSA,-1,-1,0,-1
2024320472133,2024,320472133,3,9,0,2,2,0,0,0,0,0,0,0,0,0,3,2,6,6,2,38,7,1199,1,4,VAUXHALL CORSA,3,E01026183,0,1
2024010533056,2024,010533056,2,9,9,99,99,9,9,99,99,9,9,99,9,99,9,9,6,6,1,22,5,1229,1,11,VAUXHALL CORSA,2,E01023844,0,2
2024041398687,2024,041398687,2,9,0,-1,19,5,1,-1,0,8,1,0,7,0,4,1,-1,9,2,18,4,1229,1,10,VAUXHALL CORSA,6,E01025555,0,3
2024131405670,2024,131405670,1,9,0,-1,9,1,3,-1,0,6,0,0,0,0,3,1,-1,6,2,41,7,1398,1,11,VAUXHALL CORSA,3,E01035042,0,1
202460Q189260,2024,60Q189260,1,9,0,18,19,6,4,0,0,6,0,0,0,0,1,1,6,6,1,84,11,1199,1,4,VAUXHALL CORSA,-1,-1,0,-1
2024332400473,2024,332400473,2,9,0,-1,19,4,1,-1,0,8,0,0,0,0,1,1,-1,9,2,79,11,1364,1,17,VAUXHALL CORSA,6,E01025874,0,1
2024101493353,2024,101493353,2,9,0,-1,9,2,7,-1,0,8,0,0,0,0,4,9,-1,9,1,23,5,1398,1,12,VAUXHALL CORSA,2,E01027423,0,1
2024991523460,2024,991523460,2,9,0,-1,9,7,5,-1,0,0,0,0,0,0,1,1,-1,9,2,24,5,1199,1,0,VAUXHALL CORSA,3,-1,0,1
2024141517043,2024,141517043,1,9,0,-1,19,7,3,-1,0,0,0,0,0,0,1,1,-1,9,1,18,4,1364,1,17,VAUXHALL CORSA,6,E01007570,0,3
2024161512327,2024,161512327,1,9,0,-1,2,0,0,-1,0,0,1,0,1,0,2,1,-1,6,1,49,8,1398,1,7,VAUXHALL CORSA,1,E01013204,0,1
2024302400947,2024,302400947,1,9,0,17,19,1,7,0,0,0,0,0,0,0,1,1,6,6,1,51,8,1229,1,13,VAUXHALL CORSA,8,E01019454,0,1
2024361425686,2024,361425686,3,9,0,-1,10,5,2,-1,0,1,0,0,0,0,2,1,-1,2,1,63,9,1364,1,14,VAUXHALL CORSA,5,E01026790,0,1
2024421420973,2024,421420973,2,9,0,-1,2,0,0,-1,0,0,0,0,1,0,2,1,-1,2,1,24,5,1398,1,10,VAUXHALL CORSA,8,E01021528,0,2
2024122500129,2024,122500129,1,9,0,18,19,3,7,0,0,4,0,0,0,0,1,1,6,6,2,26,6,1229,1,16,VAUXHALL CORSA,4,E01027803,0,2
2024430204026,2024,430204026,2,9,0,9,9,6,8,0,0,5,1,0,0,0,1,1,6,6,3,-1,-1,1229,1,15,VAUXHALL CORSA,-1,-1,0,-1
2024131481912,2024,131481912,1,9,0,-1,19,2,4,-1,0,1,0,0,0,0,1,1,-1,9,2,36,7,1398,1,7,VAUXHALL CORSA,3,E01011314,0,1
2024141522420,2024,141522420,2,9,0,-1,19,1,5,-1,0,6,0,1,0,0,4,1,-1,9,1,22,5,1398,1,7,VAUXHALL CORSA,3,E01034259,0,1
2024101417557,2024,101417557,1,9,0,-1,19,3,7,-1,0,1,0,0,0,0,1,1,-1,6,2,41,7,1398,1,8,VAUXHALL CORSA,1,E01008214,0,1
2024010551254,2024,010551254,2,9,0,18,19,7,3,0,0,4,0,0,3,0,1,1,6,6,2,-1,-1,1398,1,5,VAUXHALL CORSA,10,E01000884,0,1
2024991463162,2024,991463162,1,9,0,-1,19,3,7,-1,0,0,0,0,0,0,3,1,-1,6,1,18,4,1199,1,1,VAUXHALL CORSA,8,-1,0,1
2024041491761,2024,041491761,1,9,0,-1,19,5,1,-1,0,0,0,0,1,4,1,1,-1,6,1,18,4,1229,1,13,VAUXHALL CORSA,8,E01025547,0,3
2024161509626,2024,161509626,2,9,0,-1,19,1,5,-1,0,1,0,0,0,0,1,1,-1,6,1,71,10,1248,2,12,VAUXHALL CORSA,7,E01013288,0,1
2024461466148,2024,461466148,2,9,0,-1,3,5,1,-1,0,0,0,0,0,0,1,1,-1,6,2,62,9,1398,1,5,VAUXHALL CORSA,5,E01024643,0,1
2024991450529,2024,991450529,1,9,0,-1,6,7,7,-1,0,0,0,4,0,0,1,1,-1,6,3,16,4,1199,1,3,VAUXHALL CORSA,-1,-1,0,-1
2024471429482,2024,471429482,1,9,0,-1,4,3,7,-1,0,0,0,0,0,0,1,1,-1,9,1,25,5,1398,1,13,VAUXHALL CORSA,3,E01031830,0,1
2024101463466,2024,101463466,2,9,0,-1,19,3,7,-1,0,1,0,0,0,0,3,1,-1,6,2,19,4,1248,2,15,VAUXHALL CORSA,2,E01008253,0,1
2024161496759,2024,161496759,1,9,0,-1,3,5,1,-1,0,1,0,0,0,0,2,1,-1,9,1,22,5,1229,1,18,VAUXHALL CORSA,1,E01012787,0,1
2024161412663,2024,161412663,1,9,0,-1,19,3,8,-1,0,0,0,0,1,4,1,1,-1,9,1,27,6,1229,1,13,VAUXHALL CORSA,10,E01012967,0,1
2024631428761,2024,631428761,2,9,0,-1,19,8,4,-1,0,0,0,0,0,0,1,1,-1,9,2,18,4,1364,1,9,VAUXHALL CORSA,5,W01000452,0,1
2024211471842,2024,211471842,2,9,0,-1,9,7,3,-1,0,2,1,0,0,0,1,1,-1,9,2,18,4,1229,1,11,VAUXHALL CORSA,-1,-1,0,-1
2024041517616,2024,041517616,1,9,0,-1,5,7,5,-1,0,1,0,0,0,0,3,1,-1,2,1,65,9,1199,1,4,VAUXHALL CORSA,2,E01025173,0,1
202417S111424,2024,17S111424,1,9,0,-1,8,8,4,-1,0,1,0,0,0,0,2,1,-1,9,2,27,6,1398,1,5,VAUXHALL CORSA,1,E01012195,0,1
2024411493959,2024,411493959,1,9,0,-1,4,5,1,-1,0,0,0,0,0,0,1,1,-1,6,2,-1,-1,1598,1,10,VAUXHALL CORSA,-1,-1,0,-1
2024332400417,2024,332400417,1,9,0,-1,5,6,2,-1,0,6,0,0,0,0,3,1,-1,9,1,29,6,1229,1,15,VAUXHALL CORSA,3,E01013641,0,1
2024010495104,2024,010495104,2,9,0,5,5,7,3,0,0,8,0,0,0,0,3,1,6,6,1,50,8,1229,1,17,VAUXHALL CORSA,9,E01001606,0,1
2024471435540,2024,471435540,1,9,0,-1,7,5,7,-1,0,4,0,0,0,0,3,1,-1,6,1,84,11,1364,1,17,VAUXHALL CORSA,1,E01016880,0,1
2024122400733,2024,122400733,1,9,0,5,5,3,7,0,0,0,0,0,0,0,3,1,6,6,2,61,9,1199,1,4,VAUXHALL CORSA,10,E01027576,0,1
2024131505949,2024,131505949,1,9,0,-1,19,1,5,-1,0,0,5,0,7,0,1,1,-1,9,1,18,4,1229,1,19,VAUXHALL CORSA,2,E01011926,0,1
2024161425171,2024,161425171,2,9,0,-1,19,3,7,-1,0,1,0,0,0,0,4,1,-1,6,1,20,4,1229,1,12,VAUXHALL CORSA,8,E01013154,0,1
2024461451396,2024,461451396,1,9,0,-1,19,3,7,-1,0,0,0,0,0,0,1,1,-1,6,2,47,8,998,1,9,VAUXHALL CORSA,4,E01024373,0,1
2024221519227,2024,221519227,1,9,0,-1,19,8,4,-1,0,4,0,0,0,0,1,9,-1,6,2,62,9,1398,1,12,VAUXHALL CORSA,-1,-1,0,-1
2024010524984,2024,010524984,2,9,0,5,5,5,1,0,0,0,0,0,0,0,3,1,6,6,1,47,8,1364,1,15,VAUXHALL CORSA,-1,-1,0,-1
2024070790861,2024,070790861,3,9,0,-1,2,0,0,-1,-1,1,0,0,0,0,0,1,-1,6,2,-1,-1,1248,2,9,VAUXHALL CORSA,-1,-1,0,-1
2024421479918,2024,421479918,2,9,0,-1,3,3,7,-1,0,0,0,0,0,0,2,1,-1,2,2,45,7,1199,1,4,VAUXHALL CORSA,4,E01022018,0,3
2024010521589,2024,010521589,2,9,0,18,19,3,7,0,0,8,0,0,0,0,1,1,6,6,2,39,7,1398,1,5,VAUXHALL CORSA,9,E01016543,0,4
2024991517905,2024,991517905,2,9,0,-1,10,1,3,-1,0,1,0,0,0,0,2,1,-1,9,2,38,7,1248,2,10,VAUXHALL CORSA,4,-1,0,1
2024041455626,2024,041455626,7,9,0,-1,19,3,7,-1,0,0,0,0,0,0,2,1,-1,2,2,25,5,1199,1,4,VAUXHALL CORSA,7,E01006947,0,4
2024201439430,2024,201439430,2,9,0,-1,15,7,8,-1,0,8,0,0,0,0,1,1,-1,2,1,21,5,1229,1,13,VAUXHALL CORSA,3,E01010005,0,1
2024622400742,2024,622400742,2,9,0,18,19,4,8,0,0,1,1,0,0,0,1,1,2,2,2,19,4,1398,1,5,VAUXHALL CORSA,3,W01001232,0,3
2024201482280,2024,201482280,1,9,0,-1,19,3,7,-1,0,1,0,0,0,0,4,9,-1,6,1,49,8,998,1,14,VAUXHALL CORSA,1,E01010404,0,3
2024221490833,2024,221490833,1,9,0,-1,19,2,6,-1,0,0,2,0,7,0,1,1,-1,9,1,21,5,1229,1,11,VAUXHALL CORSA,4,E01014015,0,1
2024010511335,2024,010511335,1,9,0,7,7,5,8,0,0,1,0,0,0,0,4,1,6,6,1,27,6,1199,1,2,VAUXHALL CORSA,3,E01035498,0,1
2024031397927,2024,031397927,1,9,0,-1,19,5,1,-1,0,1,0,0,0,0,1,1,-1,6,1,22,5,1199,1,3,VAUXHALL CORSA,-1,-1,0,-1
2024320097335,2024,320097335,1,9,0,9,9,2,7,0,0,5,0,0,0,0,1,1,-1,-1,2,60,9,1229,1,14,VAUXHALL CORSA,4,E01026140,0,4
2024131461735,2024,131461735,1,9,0,-1,19,1,5,-1,0,0,1,0,7,3,4,1,-1,6,-1,-1,-1,1248,2,11,VAUXHALL CORSA,-1,-1,0,-1
2024631460061,2024,631460061,1,9,0,-1,19,4,7,-1,0,1,0,0,7,10,1,1,-1,1,1,35,6,999,1,9,VAUXHALL CORSA,7,W01000470,0,2
2024141479957,2024,141479957,1,9,0,-1,19,7,3,-1,0,1,0,0,0,0,1,1,-1,6,2,21,5,1229,1,11,VAUXHALL CORSA,3,E01007374,0,1
2024311408332,2024,311408332,1,9,0,-1,5,5,2,-1,0,6,0,0,0,0,1,1,-1,1,2,41,7,998,1,10,VAUXHALL CORSA,2,E01028267,0,2
2024041468345,2024,041468345,2,9,0,-1,9,3,1,-1,0,0,0,0,0,0,2,1,-1,2,1,24,5,1398,1,7,VAUXHALL CORSA,4,E01025567,0,2
2024421394944,2024,421394944,1,9,0,-1,19,3,7,-1,0,0,2,0,1,4,2,1,-1,6,1,29,6,1364,1,18,VAUXHALL CORSA,2,E01015938,0,4
2024440303090,2024,440303090,2,9,0,18,19,2,6,0,0,8,0,0,0,0,4,1,6,6,2,46,8,1229,1,17,VAUXHALL CORSA,7,E01023223,0,1
2024041412067,2024,041412067,1,9,0,-1,19,7,3,-1,0,0,0,0,0,0,4,1,-1,9,1,18,4,1229,1,16,VAUXHALL CORSA,1,E01025041,0,1
2024430518803,2024,430518803,1,9,0,18,19,6,2,0,0,4,0,0,0,0,1,1,6,6,1,20,4,1229,1,16,VAUXHALL CORSA,9,E01016413,0,1
2024010518008,2024,010518008,1,9,0,99,99,9,9,99,99,9,9,99,9,99,9,9,2,2,2,24,5,1229,1,9,VAUXHALL CORSA,6,E01017827,0,2
2024340WN6022,2024,340WN6022,1,9,0,-1,14,2,6,-1,0,0,0,0,0,0,1,1,-1,9,2,70,10,1398,1,6,VAUXHALL CORSA,8,E01027008,0,1
2024211398345,2024,211398345,1,9,0,-1,19,8,4,-1,0,0,0,0,0,0,1,1,-1,6,1,22,5,1229,1,16,VAUXHALL CORSA,7,E01029644,0,2
2024501532021,2024,501532021,2,9,0,-1,19,5,2,-1,0,1,0,0,0,0,4,1,-1,9,1,59,9,1398,1,10,VAUXHALL CORSA,8,E01015120,0,1
2024501510796,2024,501510796,2,9,0,-1,10,4,1,-1,0,1,0,0,0,0,2,1,-1,2,1,46,8,1364,1,17,VAUXHALL CORSA,7,E01020206,0,4
2024471395062,2024,471395062,2,9,0,-1,19,5,1,-1,0,0,0,0,0,0,2,1,-1,9,2,17,4,1199,1,2,VAUXHALL CORSA,4,E01031569,0,1
2024451468716,2024,451468716,3,9,0,-1,4,1,5,-1,0,1,0,0,0,0,2,1,-1,9,2,40,7,1229,1,10,VAUXHALL CORSA,6,E01030451,0,1
2024430600270,2024,430600270,1,9,0,18,19,4,8,0,0,8,0,0,0,0,1,1,6,6,1,24,5,1398,1,7,VAUXHALL CORSA,7,E01016399,0,1
2024010527267,2024,010527267,3,9,0,18,19,3,7,0,0,1,0,0,0,0,1,1,6,6,1,19,4,1229,1,12,VAUXHALL CORSA,8,E01003676,0,2
2024552401142,2024,552401142,1,9,0,9,9,5,3,0,0,6,0,0,0,0,1,1,6,6,2,18,4,1229,1,12,VAUXHALL CORSA,7,E01023057,0,2
2024131485725,2024,131485725,1,9,0,-1,7,1,3,-1,4,0,0,0,0,0,4,1,-1,9,2,59,9,-1,3,2,VAUXHALL CORSA,5,E01011728,0,1
2024231477718,2024,231477718,1,9,0,-1,19,8,4,-1,0,0,0,0,1,2,1,1,-1,1,2,26,6,1364,1,6,VAUXHALL CORSA,10,E01025832,0,1
2024131484665,2024,131484665,1,9,0,-1,19,7,3,-1,0,2,0,0,0,0,4,1,-1,6,2,51,8,1199,1,4,VAUXHALL CORSA,4,E01010708,0,3
2024440440242,2024,440440242,1,9,0,18,19,5,1,0,0,1,0,0,0,0,1,1,6,6,2,45,7,1398,1,8,VAUXHALL CORSA,6,E01022736,0,1
2024061526025,2024,061526025,1,9,0,-1,19,6,2,-1,0,0,0,0,0,0,1,9,-1,6,3,-1,-1,1229,1,13,VAUXHALL CORSA,-1,-1,0,-1
2024522402773,2024,522402773,2,9,0,9,9,1,7,0,0,6,0,0,0,0,3,1,6,6,2,19,4,1229,1,12,VAUXHALL CORSA,10,E01015021,0,1
2024371480063,2024,371480063,2,9,0,-1,19,3,7,-1,0,1,0,0,0,0,1,1,-1,1,2,-1,-1,1398,1,5,VAUXHALL CORSA,1,E01030247,0,3
2024010533414,2024,010533414,2,9,0,99,99,9,9,99,99,9,9,99,9,99,9,9,6,6,3,-1,-1,1229,1,10,VAUXHALL CORSA,-1,-1,0,-1
2024361537518,2024,361537518,2,9,0,-1,2,0,0,-1,0,0,0,0,0,0,2,1,-1,9,2,26,6,1364,1,15,VAUXHALL CORSA,6,E01033039,0,1
2024351531668,2024,351531668,1,9,0,-1,-1,-1,-1,-1,-1,0,-1,-1,-1,0,1,1,-1,6,1,-1,-1,973,1,23,VAUXHALL CORSA,-1,-1,0,-1
2024501418664,2024,501418664,1,9,0,-1,19,8,4,-1,0,0,1,0,2,3,4,1,-1,2,1,33,6,1229,1,10,VAUXHALL CORSA,5,E01020050,0,1
2024451509186,2024,451509186,2,9,0,-1,4,5,1,-1,0,0,0,0,0,0,1,1,-1,6,1,29,6,1229,1,9,VAUXHALL CORSA,9,E01030784,0,2
2024141511644,2024,141511644,4,9,0,-1,2,1,1,-1,9,0,0,0,0,0,4,1,-1,6,-1,-1,-1,1229,1,15,VAUXHALL CORSA,-1,-1,0,-1
2024041431558,2024,041431558,7,9,0,-1,2,7,3,-1,0,2,0,0,0,0,1,1,-1,6,-1,-1,-1,-1,3,3,VAUXHALL CORSA,-1,-1,0,-1
2024991500413,2024,991500413,2,9,0,-1,19,2,6,-1,0,0,0,0,0,0,3,1,-1,9,2,41,7,1398,1,10,VAUXHALL CORSA,3,-1,0,3
2024320263021,2024,320263021,2,9,0,7,7,3,5,0,0,6,0,0,0,0,2,1,6,6,2,47,8,1229,1,11,VAUXHALL CORSA,8,E01026188,0,1
2024201427096,2024,201427096,1,9,0,-1,9,4,6,-1,0,1,0,0,0,0,1,1,-1,6,2,23,5,1398,1,12,VAUXHALL CORSA,9,E01011557,0,5
2024501464257,2024,501464257,1,9,0,-1,9,3,1,-1,9,0,0,0,0,0,1,1,-1,9,1,44,7,-1,-1,-1,VAUXHALL CORSA,3,E01015166,0,1
2024461445554,2024,461445554,1,9,0,-1,19,4,8,-1,0,4,0,0,0,0,1,1,-1,6,2,52,8,1229,1,18,VAUXHALL CORSA,8,E01024045,0,1
2024131416280,2024,131416280,1,9,0,-1,7,3,7,-1,0,2,0,0,0,0,1,1,-1,2,2,46,8,1199,1,2,VAUXHALL CORSA,7,E01011410,0,1
2024471523240,2024,471523240,6,9,0,-1,2,0,0,-1,0,0,0,0,0,0,2,1,-1,6,-1,-1,-1,1199,1,0,VAUXHALL CORSA,-1,-1,0,-1
2024991421567,2024,991421567,2,9,0,-1,19,3,7,-1,0,1,0,0,0,0,1,1,-1,9,2,59,9,1199,1,3,VAUXHALL CORSA,2,-1,0,1
2024351405584,2024,351405584,3,9,0,-1,12,3,7,-1,0,0,0,0,0,0,2,1,-1,2,2,42,7,1199,1,3,VAUXHALL CORSA,10,E01017995,0,2
2024610025424,2024,610025424,2,9,0,18,19,5,1,0,0,4,0,0,0,0,2,1,6,6,2,40,7,1229,1,12,VAUXHALL CORSA,1,W01001386,0,2
2024421417627,2024,421417627,1,9,0,-1,9,5,3,-1,0,0,0,0,0,0,4,1,-1,9,2,29,6,1364,1,17,VAUXHALL CORSA,4,E01022041,0,1
2024501526772,2024,501526772,2,9,0,-1,3,7,3,-1,0,0,0,0,0,0,2,1,-1,9,1,18,4,1398,1,9,VAUXHALL CORSA,8,E01015134,0,1
2024451467104,2024,451467104,2,9,0,-1,19,7,3,-1,0,1,0,0,0,0,1,1,-1,2,1,25,5,1398,1,5,VAUXHALL CORSA,8,E01030785,0,1
2024461495844,2024,461495844,1,9,0,-1,5,7,5,-1,0,5,0,0,3,0,1,1,-1,6,1,43,7,1364,1,6,VAUXHALL CORSA,8,E01024209,0,2
2024201443765,2024,201443765,1,9,0,-1,2,0,0,-1,0,0,0,0,0,0,1,1,-1,6,2,22,5,1229,1,14,VAUXHALL CORSA,1,E01009061,0,1
2024010525761,2024,010525761,1,9,0,99,99,9,9,99,99,9,9,99,9,99,2,9,6,6,2,31,6,1199,1,3,VAUXHALL CORSA,5,E01001185,0,1
2024461539656,2024,461539656,2,9,0,-1,9,3,1,-1,0,6,0,0,0,0,2,2,-1,2,2,35,6,1229,1,17,VAUXHALL CORSA,9,E01024773,0,1
2024010501046,2024,010501046,1,9,0,7,7,7,1,0,0,6,0,0,0,0,1,1,6,6,3,-1,-1,1398,1,8,VAUXHALL CORSA,-1,-1,0,-1
2024522401506,2024,522401506,2,9,0,9,9,2,7,0,0,6,0,0,0,0,1,1,6,6,1,60,9,1398,1,6,VAUXHALL CORSA,1,E01014647,0,1
2024440058900,2024,440058900,2,9,0,18,19,6,2,0,0,0,0,0,0,0,1,1,1,1,1,32,6,1398,1,8,VAUXHALL CORSA,10,E01022497,0,3
2024991466880,2024,991466880,1,9,0,-1,11,8,4,-1,0,0,2,0,1,0,2,1,-1,9,1,27,6,1248,2,14,VAUXHALL CORSA,-1,-1,0,-1
2024471534369,2024,471534369,2,9,0,-1,12,3,7,-1,0,0,0,0,0,0,3,1,-1,6,1,20,4,1199,1,5,VAUXHALL CORSA,3,E01020996,0,4
2024461398907,2024,461398907,2,9,0,-1,19,3,7,-1,0,8,0,0,0,0,3,9,-1,6,2,18,4,1229,1,10,VAUXHALL CORSA,1,E01024616,0,1
2024010512378,2024,010512378,1,9,0,18,19,1,5,0,0,0,0,0,0,0,2,1,6,6,1,21,5,1229,1,13,VAUXHALL CORSA,1,E01002089,0,1
2024010521293,2024,010521293,2,9,0,18,19,5,1,0,0,8,0,0,0,0,1,1,1,1,2,33,6,1364,1,17,VAUXHALL CORSA,2,E01001505,0,1
2024451468550,2024,451468550,1,9,0,-1,19,8,4,-1,0,0,0,0,1,4,1,1,-1,9,1,40,7,1398,1,5,VAUXHALL CORSA,4,E01002441,0,4
2024161531954,2024,161531954,1,9,0,-1,3,8,4,-1,0,1,0,0,0,0,2,1,-1,2,1,31,6,1398,1,9,VAUXHALL CORSA,6,E01013095,0,2
2024311408409,2024,311408409,1,9,0,-1,19,7,3,-1,0,1,0,0,0,0,1,1,-1,6,1,19,4,1248,2,8,VAUXHALL CORSA,4,E01027933,0,1