collision_index,collision_year,collision_ref_no,vehicle_reference,vehicle_type,towing_and_articulation,vehicle_manoeuvre_historic,vehicle_manoeuvre,vehicle_direction_from,vehicle_direction_to,vehicle_location_restricted_lane_historic,vehicle_location_restricted_lane,junction_location,skidding_and_overturning,hit_object_in_carriageway,vehicle_leaving_carriageway,hit_object_off_carriageway,first_point_of_impact,vehicle_left_hand_drive,journey_purpose_of_driver_historic,journey_purpose_of_driver,sex_of_driver,age_of_driver,age_band_of_driver,engine_capacity_cc,propulsion_code,age_of_vehicle,generic_make_model,driver_imd_decile,lsoa_of_driver,escooter_flag,driver_distance_banding
2024320711287,2024,320711287,1,9,0,9,9,2,6,0,0,5,0,0,0,0,1,1,6,6,1,62,9,-1,-1,-1,VAUXHALL CORSA,2,E01026113,0,1
2024041432857,2024,041432857,2,9,0,-1,9,3,1,-1,0,8,0,0,0,0,1,1,-1,9,1,61,9,1398,1,7,VAUXHALL CORSA,4,E01025252,0,1
2024552400774,2024,552400774,2,9,0,4,4,2,6,0,0,0,0,0,0,0,2,1,6,6,2,57,9,1229,1,12,VAUXHALL CORSA,8,E01021098,0,5
2024991481654,2024,991481654,1,9,0,-1,19,6,2,-1,0,0,0,0,0,0,1,1,-1,9,2,31,6,1229,1,10,VAUXHALL CORSA,4,-1,0,1
2024010551661,2024,010551661,1,9,0,4,4,3,7,0,0,1,0,0,0,0,2,1,2,2,1,27,6,1398,1,6,VAUXHALL CORSA,2,E01033703,0,2
2024401418097,2024,401418097,1,9,0,-1,19,1,5,-1,0,1,0,11,0,0,1,1,-1,6,2,22,5,1398,1,7,VAUXHALL CORSA,3,E01017568,0,1
202417M115624,2024,17M115624,1,9,0,-1,19,5,1,-1,0,0,0,0,0,0,1,1,-1,9,1,26,6,1229,1,10,VAUXHALL CORSA,8,E01012228,0,1
2024471499145,2024,471499145,1,9,0,-1,19,5,1,-1,0,0,1,0,1,6,1,1,-1,6,1,31,6,1398,1,9,VAUXHALL CORSA,7,E01021294,0,4
2024340NN2682,2024,340NN2682,2,9,0,-1,19,1,3,-1,0,8,0,0,0,0,2,1,-1,2,2,19,4,1229,1,12,VAUXHALL CORSA,5,E01026981,0,1
2024461416496,2024,461416496,2,9,0,-1,3,6,2,-1,0,0,0,0,0,0,2,1,-1,6,2,30,6,1199,1,2,VAUXHALL CORSA,1,E01024663,0,1
2024991496879,2024,991496879,2,9,0,-1,19,6,2,-1,0,0,0,0,0,0,3,2,-1,9,2,67,10,1229,1,9,VAUXHALL CORSA,3,-1,0,1
2024010498593,2024,010498593,2,9,9,99,99,9,9,99,99,9,9,99,9,99,9,9,6,6,3,-1,-1,1398,1,8,VAUXHALL CORSA,-1,-1,0,-1
2024302500194,2024,302500194,1,9,0,-1,19,5,1,-1,0,8,0,0,0,0,3,1,-1,2,2,29,6,1229,1,11,VAUXHALL CORSA,1,E01010017,0,4
2024522401696,2024,522401696,2,9,0,11,11,6,2,0,0,1,0,0,0,0,4,1,6,6,2,-1,-1,1199,1,1,VAUXHALL CORSA,-1,-1,0,-1
2024546319624,2024,546319624,1,9,0,18,19,6,2,0,0,0,0,0,0,0,1,1,6,6,1,85,11,1364,1,16,VAUXHALL CORSA,7,E01015524,0,4
2024041490732,2024,041490732,2,9,0,-1,7,1,5,-1,0,3,0,0,0,0,4,1,-1,9,2,29,6,1199,1,4,VAUXHALL CORSA,3,E01012390,0,4
2024302401404,2024,302401404,1,9,0,6,6,5,5,0,0,6,0,0,0,0,1,1,6,6,1,52,8,1248,2,12,VAUXHALL CORSA,8,E01019533,0,1
2024052400692,2024,052400692,2,9,0,3,3,5,1,0,0,0,0,0,0,0,2,1,6,6,2,25,5,1199,1,2,VAUXHALL CORSA,1,E01007087,0,1
2024122400091,2024,122400091,1,9,0,18,19,5,1,0,0,0,1,0,0,0,1,1,2,2,1,22,5,998,1,17,VAUXHALL CORSA,9,E01013430,0,1
2024211514367,2024,211514367,2,9,0,-1,5,5,1,-1,0,0,0,0,0,0,1,1,-1,6,1,67,10,998,1,12,VAUXHALL CORSA,9,E01029551,0,2
2024302500146,2024,302500146,1,9,0,-1,7,5,7,-1,0,8,0,0,0,0,3,1,-1,1,2,24,5,998,1,12,VAUXHALL CORSA,7,E01013490,0,1
2024041455048,2024,041455048,1,9,0,-1,7,5,1,-1,0,6,0,0,0,0,4,1,-1,9,1,71,10,1398,1,11,VAUXHALL CORSA,1,E01012743,0,1
2024122401187,2024,122401187,2,9,0,7,7,7,1,0,0,1,0,0,0,0,1,1,6,6,1,22,5,1248,2,12,VAUXHALL CORSA,10,E01034984,0,2
2024122500066,2024,122500066,2,9,0,3,3,4,8,0,0,4,0,0,0,0,2,1,6,6,2,41,7,1398,1,6,VAUXHALL CORSA,3,E01027629,0,1
2024610039424,2024,610039424,1,9,0,18,19,4,8,0,0,0,1,0,7,11,1,1,6,6,2,22,5,1364,1,14,VAUXHALL CORSA,2,W01001546,0,2
2024131394450,2024,131394450,3,9,0,-1,19,5,1,-1,0,0,0,0,0,0,2,1,-1,6,1,25,5,1398,1,8,VAUXHALL CORSA,1,E01010610,0,1
2024543395024,2024,543395024,16,9,0,18,19,4,8,0,0,0,1,0,1,0,1,1,6,6,2,21,5,1229,1,11,VAUXHALL CORSA,9,E01031939,0,4
2024501474014,2024,501474014,1,9,0,-1,5,6,2,-1,0,0,0,0,0,0,1,1,-1,6,1,32,6,1398,1,8,VAUXHALL CORSA,3,E01015249,0,1
2024201473784,2024,201473784,2,9,0,-1,3,2,6,-1,0,2,0,0,0,0,2,1,-1,6,1,34,6,1229,1,17,VAUXHALL CORSA,1,E01034307,0,1
2024061538082,2024,061538082,1,9,0,-1,1,8,4,-1,0,2,0,0,0,0,2,9,-1,6,3,-1,-1,1248,2,17,VAUXHALL CORSA,-1,-1,0,-1
2024052402440,2024,052402440,2,9,0,18,19,8,4,0,0,0,0,0,0,0,2,1,1,1,2,-1,-1,1199,1,1,VAUXHALL CORSA,-1,-1,0,-1
2024141400165,2024,141400165,1,9,0,-1,9,2,8,-1,0,1,0,0,0,0,3,1,-1,1,2,60,9,1248,2,12,VAUXHALL CORSA,-1,-1,0,-1
2024430238581,2024,430238581,1,9,0,18,19,3,7,0,0,6,0,0,0,0,3,1,1,1,1,54,8,1398,1,8,VAUXHALL CORSA,9,E01031841,0,2
2024052401536,2024,052401536,1,9,0,17,19,6,4,0,0,0,0,0,0,0,1,1,6,6,2,25,5,1229,1,15,VAUXHALL CORSA,4,E01006502,0,1
2024401404855,2024,401404855,1,9,0,-1,9,8,4,-1,0,6,0,0,0,0,1,9,-1,6,1,-1,-1,1229,1,14,VAUXHALL CORSA,6,E01015800,0,3
2024010547684,2024,010547684,2,9,0,18,19,7,3,0,0,1,0,0,0,0,1,1,6,6,2,26,6,1199,1,4,VAUXHALL CORSA,1,E01023536,0,4
2024531460574,2024,531460574,1,9,0,-1,9,5,2,-1,0,6,0,0,0,0,3,1,-1,9,1,18,4,1229,1,16,VAUXHALL CORSA,5,E01022188,0,1
2024340WN1982,2024,340WN1982,1,9,0,-1,9,7,5,-1,0,6,0,0,0,0,1,1,-1,9,2,18,4,1364,1,15,VAUXHALL CORSA,2,E01027156,0,1
2024010534450,2024,010534450,2,9,9,99,99,9,9,99,99,9,9,99,9,99,9,9,6,6,3,-1,-1,1229,1,17,VAUXHALL CORSA,-1,-1,0,-1
2024101407890,2024,101407890,1,9,0,-1,9,4,2,-1,0,8,0,0,0,0,1,9,-1,6,1,34,6,1248,2,7,VAUXHALL CORSA,5,E01008206,0,1
2024061434780,2024,061434780,3,9,0,-1,2,0,0,-1,9,1,0,0,0,0,2,1,-1,6,2,30,6,1398,1,7,VAUXHALL CORSA,-1,-1,0,-1
2024451493521,2024,451493521,1,9,0,-1,19,5,1,-1,0,0,1,0,0,0,1,1,-1,9,1,18,4,1229,1,13,VAUXHALL CORSA,2,E01003238,0,3
2024501431535,2024,501431535,1,9,0,-1,19,3,7,-1,0,1,0,0,0,0,1,1,-1,1,1,24,5,1229,1,13,VAUXHALL CORSA,6,E01018835,0,3
2024061457188,2024,061457188,2,9,0,-1,19,7,3,-1,0,0,0,0,0,0,4,1,-1,9,2,20,4,1229,1,10,VAUXHALL CORSA,9,E01005645,0,2
2024131410303,2024,131410303,1,9,0,-1,-1,7,3,-1,-1,-1,-1,-1,-1,-1,-1,1,-1,6,3,-1,-1,998,1,12,VAUXHALL CORSA,-1,-1,0,-1
2024991437335,2024,991437335,2,9,0,-1,19,1,5,-1,0,1,0,0,0,0,4,1,-1,2,2,20,4,1229,1,14,VAUXHALL CORSA,2,-1,0,1
2024501440810,2024,501440810,2,9,0,-1,4,2,6,-1,0,1,0,0,0,0,2,1,-1,6,2,24,5,1364,1,17,VAUXHALL CORSA,9,E01033235,0,2
2024461496624,2024,461496624,2,9,0,-1,19,7,3,-1,0,1,0,0,0,0,3,9,-1,6,2,33,6,1229,1,9,VAUXHALL CORSA,2,E01016068,0,1
2024302401245,2024,302401245,2,9,0,17,19,1,6,0,0,8,0,0,0,0,4,1,6,6,1,32,6,1398,1,9,VAUXHALL CORSA,2,E01019877,0,1
2024401409011,2024,401409011,1,9,0,-1,19,1,5,-1,0,1,0,0,0,0,1,1,-1,6,1,-1,-1,1199,1,4,VAUXHALL CORSA,-1,-1,0,-1
2024461520430,2024,461520430,3,9,0,-1,19,7,3,-1,0,0,0,0,0,0,3,1,-1,6,2,62,9,1398,1,14,VAUXHALL CORSA,9,E01016073,0,4
2024010498406,2024,010498406,1,9,0,99,99,9,9,99,99,9,9,99,9,99,1,9,6,6,1,78,11,1229,1,13,VAUXHALL CORSA,3,E01003656,0,1
2024361486099,2024,361486099,2,9,0,-1,19,4,8,-1,0,0,1,0,1,0,1,1,-1,6,2,29,6,999,1,8,VAUXHALL CORSA,8,E01026840,0,2
2024231456704,2024,231456704,1,9,0,-1,19,5,1,-1,0,0,0,0,0,0,1,9,-1,9,1,23,5,1229,1,18,VAUXHALL CORSA,6,E01002984,0,5
2024061475874,2024,061475874,1,9,0,-1,19,1,5,-1,0,1,0,0,0,0,1,1,-1,9,2,32,6,998,1,13,VAUXHALL CORSA,1,E01005190,0,1
2024421408467,2024,421408467,2,9,0,-1,19,5,5,-1,0,4,0,0,0,0,3,9,-1,9,1,17,4,1398,1,5,VAUXHALL CORSA,8,E01022068,0,4
2024991504060,2024,991504060,1,9,0,-1,19,2,6,-1,0,1,0,0,0,0,1,1,-1,6,1,18,4,998,1,12,VAUXHALL CORSA,5,-1,0,1
2024211441288,2024,211441288,1,9,0,-1,19,6,2,-1,0,1,0,0,0,0,1,1,-1,6,1,25,5,1398,1,14,VAUXHALL CORSA,7,E01025939,0,4
2024311424286,2024,311424286,1,9,0,-1,19,2,6,-1,0,2,1,0,2,0,1,1,-1,9,1,21,5,1229,1,15,VAUXHALL CORSA,3,E01013863,0,1
2024461496010,2024,461496010,2,9,0,-1,19,7,7,-1,0,0,0,0,0,0,4,1,-1,9,1,20,4,1199,1,1,VAUXHALL CORSA,3,E01016021,0,4
202454E618424,2024,54E618424,1,9,0,18,19,3,7,0,0,1,0,0,1,0,1,1,6,6,1,18,4,1229,1,16,VAUXHALL CORSA,9,E01032058,0,3
2024201488864,2024,201488864,2,9,0,-1,5,4,8,-1,0,6,0,0,0,0,4,1,-1,6,-1,-1,-1,1248,2,7,VAUXHALL CORSA,-1,-1,0,-1
2024351488005,2024,351488005,1,9,0,-1,19,7,3,-1,0,0,2,11,1,9,1,1,-1,9,1,21,5,1598,1,11,VAUXHALL CORSA,6,E01018210,0,4
2024111521145,2024,111521145,2,9,0,-1,19,1,5,-1,0,0,1,0,0,0,0,1,-1,6,2,75,10,1199,1,0,VAUXHALL CORSA,8,E01035628,0,4
2024440170821,2024,440170821,3,9,0,18,19,6,2,0,0,1,0,0,0,0,1,1,6,6,1,27,6,1364,1,15,VAUXHALL CORSA,6,E01017212,0,1
2024991414915,2024,991414915,1,9,0,-1,19,3,7,-1,0,4,0,0,0,0,1,1,-1,7,1,50,8,1199,1,3,VAUXHALL CORSA,8,-1,0,2
2024201434213,2024,201434213,2,9,0,-1,19,5,1,-1,0,0,0,10,1,0,2,1,-1,9,2,50,8,1229,1,9,VAUXHALL CORSA,7,E01009722,0,1
2024991433514,2024,991433514,2,9,0,-1,19,4,8,-1,0,1,0,0,2,9,1,1,-1,9,1,73,10,1398,1,8,VAUXHALL CORSA,-1,-1,0,-1
2024531539921,2024,531539921,2,9,0,-1,19,1,5,-1,0,0,0,0,0,0,2,1,-1,9,2,59,9,1364,1,7,VAUXHALL CORSA,9,E01022390,0,1
2024131466571,2024,131466571,2,9,0,-1,19,3,7,-1,0,1,0,0,0,0,1,1,-1,9,1,35,6,1199,1,2,VAUXHALL CORSA,7,E01011193,0,2
2024070231118,2024,070231118,1,9,0,18,19,1,5,0,0,1,0,0,0,0,3,1,6,6,2,51,8,1389,1,18,VAUXHALL CORSA,3,E01018489,0,3
2024041432856,2024,041432856,1,9,0,-1,19,1,5,-1,0,0,5,0,7,9,4,1,-1,9,2,18,4,998,1,16,VAUXHALL CORSA,9,E01024992,0,1
2024552400171,2024,552400171,1,9,0,4,4,8,4,0,0,0,0,0,0,0,1,1,6,6,2,19,4,1229,1,10,VAUXHALL CORSA,10,E01020355,0,3
2024302400749,2024,302400749,1,9,0,18,19,1,5,0,0,2,0,0,0,0,1,1,3,7,2,40,7,1398,1,6,VAUXHALL CORSA,4,E01013534,0,1
2024311439730,2024,311439730,2,9,0,-1,4,2,2,-1,0,0,0,0,0,0,1,9,-1,6,1,-1,-1,1398,1,14,VAUXHALL CORSA,-1,-1,0,-1
2024631399672,2024,631399672,3,9,0,-1,19,4,8,-1,0,0,0,0,0,0,1,1,-1,2,2,22,5,1199,1,4,VAUXHALL CORSA,7,W01000623,0,3
2024421395489,2024,421395489,1,9,0,-1,19,3,8,-1,0,0,1,0,0,0,1,9,-1,9,1,29,6,1229,1,14,VAUXHALL CORSA,-1,-1,0,-1
2024340WN1262,2024,340WN1262,1,9,0,-1,19,8,4,-1,0,0,0,0,0,0,1,1,-1,1,1,19,4,973,1,21,VAUXHALL CORSA,4,E01027007,0,2
2024201413500,2024,201413500,2,9,0,-1,1,2,6,-1,0,0,0,0,0,0,3,9,-1,6,1,18,4,1248,2,11,VAUXHALL CORSA,4,E01009729,0,1
2024201490479,2024,201490479,1,9,0,-1,3,0,0,-1,0,2,0,0,0,0,2,1,-1,1,2,25,5,1199,1,2,VAUXHALL CORSA,2,E01009239,0,1
2024451536436,2024,451536436,3,9,0,-1,2,0,0,-1,0,0,0,0,0,0,3,1,-1,6,-1,-1,-1,1199,1,3,VAUXHALL CORSA,-1,-1,0,-1
2024461413456,2024,461413456,2,9,0,-1,19,5,2,-1,0,1,0,0,0,0,1,1,-1,6,2,61,9,1398,1,10,VAUXHALL CORSA,8,E01024409,0,1
2024302401257,2024,302401257,1,9,0,18,19,6,2,0,0,1,0,0,0,0,1,1,6,6,2,52,8,1199,1,1,VAUXHALL CORSA,8,E01019854,0,1
2024332401118,2024,332401118,1,9,0,-1,9,3,1,-1,0,6,0,0,0,0,1,1,-1,2,2,45,7,1364,1,15,VAUXHALL CORSA,4,E01013715,0,1
2024520001371,2024,520001371,2,9,0,18,19,1,5,0,0,0,0,0,0,0,1,1,6,6,1,28,6,1229,1,9,VAUXHALL CORSA,3,E01014461,0,2
2024201489397,2024,201489397,2,9,0,-1,19,6,2,-1,0,0,0,0,0,0,3,1,-1,9,2,43,7,1229,1,13,VAUXHALL CORSA,2,E01010479,0,1
2024991439860,2024,991439860,1,9,0,-1,19,2,6,-1,9,1,0,0,7,11,1,1,-1,6,2,26,6,1248,2,12,VAUXHALL CORSA,1,-1,0,1
2024010528050,2024,010528050,1,9,0,4,4,3,7,0,0,8,0,0,0,0,0,1,1,1,1,24,5,1229,1,10,VAUXHALL CORSA,5,E01002492,0,1
2024440368631,2024,440368631,3,9,0,4,4,5,1,0,0,1,0,0,0,0,2,1,6,6,1,24,5,1229,1,9,VAUXHALL CORSA,9,E01022950,0,2
2024010507136,2024,010507136,1,9,0,99,99,9,9,99,99,0,9,99,9,99,2,9,6,6,2,26,6,1398,1,14,VAUXHALL CORSA,3,E01002027,0,2
2024461534049,2024,461534049,1,9,0,-1,19,6,6,-1,0,8,5,0,2,0,4,1,-1,9,1,18,4,1398,1,13,VAUXHALL CORSA,7,E01024465,0,2
2024101403199,2024,101403199,2,9,0,-1,19,1,5,-1,0,3,0,0,0,0,4,1,-1,6,2,23,5,1229,1,9,VAUXHALL CORSA,3,E01027531,0,1
2024461415638,2024,461415638,1,9,0,-1,9,2,8,-1,0,2,0,0,0,0,1,2,-1,9,2,18,4,1229,1,17,VAUXHALL CORSA,5,E01024207,0,1
2024471488759,2024,471488759,1,9,0,-1,3,2,4,-1,-1,1,9,0,0,0,2,2,-1,2,2,39,7,1364,1,15,VAUXHALL CORSA,9,E01031588,0,1
2024440207392,2024,440207392,1,9,0,18,19,7,3,0,0,0,0,0,0,0,1,1,2,2,2,62,9,1398,1,7,VAUXHALL CORSA,7,E01022823,0,1
2024991440866,2024,991440866,1,9,0,-1,19,8,4,-1,0,1,0,0,0,0,1,1,-1,9,1,80,11,1398,1,9,VAUXHALL CORSA,-1,-1,0,-1
2024010521079,2024,010521079,2,9,0,99,99,9,9,99,99,9,9,99,9,99,1,9,6,6,3,-1,-1,1398,1,14,VAUXHALL CORSA,-1,-1,0,-1
2024010533646,2024,010533646,1,9,0,9,9,7,5,5,5,6,0,0,0,0,1,1,6,6,1,58,9,1398,1,9,VAUXHALL CORSA,2,E01001485,0,1
2024311428432,2024,311428432,2,9,0,-1,5,3,1,-1,0,6,0,0,0,0,3,1,-1,9,2,21,5,1229,1,15,VAUXHALL CORSA,9,E01033780,0,1
2024010512151,2024,010512151,1,9,0,9,9,7,5,0,0,6,0,0,0,0,1,1,6,6,2,18,4,1229,1,11,VAUXHALL CORSA,8,E01000393,0,1
2024471480802,2024,471480802,1,9,0,-1,4,6,2,-1,0,0,0,0,0,0,2,1,-1,9,2,43,7,1248,2,10,VAUXHALL CORSA,10,E01031718,0,2
2024211522333,2024,211522333,2,9,0,-1,19,5,1,-1,0,0,1,0,0,0,2,1,-1,2,1,26,6,999,1,8,VAUXHALL CORSA,2,E01029604,0,1
2024201488648,2024,201488648,2,9,0,-1,1,3,7,-1,0,0,0,0,0,0,2,1,-1,6,3,-1,-1,1398,1,12,VAUXHALL CORSA,-1,-1,0,-1
2024544289224,2024,544289224,3,9,0,18,19,1,5,0,0,1,0,0,0,0,1,1,6,6,1,42,7,1248,2,15,VAUXHALL CORSA,4,E01031851,0,3
2024361398549,2024,361398549,1,9,0,-1,19,8,4,-1,0,0,0,0,0,0,1,1,-1,2,1,30,6,1248,2,14,VAUXHALL CORSA,8,E01026564,0,1
2024010504680,2024,010504680,1,9,0,18,19,7,3,0,0,1,2,10,7,4,4,1,6,6,2,19,4,1229,1,12,VAUXHALL CORSA,2,E01002310,0,1
2024131459973,2024,131459973,1,9,0,-1,19,1,5,-1,0,0,0,0,0,0,1,1,-1,6,1,84,11,1398,1,10,VAUXHALL CORSA,1,E01011838,0,1
2024471526430,2024,471526430,1,9,0,-1,13,6,2,-1,0,8,0,0,0,0,4,1,-1,9,2,19,4,1229,1,14,VAUXHALL CORSA,7,E01021063,0,1
2024201447239,2024,201447239,1,9,0,-1,5,1,2,-1,9,6,0,0,0,0,1,1,-1,7,1,22,5,1229,1,12,VAUXHALL CORSA,2,E01009151,0,1
2024311426192,2024,311426192,2,9,0,-1,19,5,1,-1,0,1,0,0,0,0,1,1,-1,6,2,21,5,1199,1,3,VAUXHALL CORSA,5,E01013931,0,1
2024340NN2892,2024,340NN2892,2,9,0,-1,19,6,1,-1,0,8,0,0,0,0,4,1,-1,1,1,60,9,1199,1,4,VAUXHALL CORSA,5,E01032428,0,5
2024201482871,2024,201482871,2,9,0,-1,7,2,5,-1,0,3,0,0,0,0,2,9,-1,9,1,51,8,1398,1,8,VAUXHALL CORSA,2,E01009385,0,1
2024401403731,2024,401403731,1,9,0,-1,19,1,5,-1,0,0,0,0,1,9,1,9,-1,2,2,30,6,1229,1,12,VAUXHALL CORSA,2,E01017537,0,3
2024161397637,2024,161397637,1,9,0,-1,3,3,7,-1,0,1,0,0,0,0,3,9,-1,9,1,53,8,1364,1,6,VAUXHALL CORSA,10,E01012978,0,4
2024451408491,2024,451408491,2,9,0,-1,19,1,5,-1,0,0,0,10,0,0,3,1,-1,9,1,18,4,1229,1,16,VAUXHALL CORSA,8,E01030384,0,1
2024131403170,2024,131403170,2,9,0,-1,5,8,4,-1,9,0,0,0,0,0,1,1,-1,2,1,23,5,998,1,11,VAUXHALL CORSA,3,E01011225,0,1
2024501403515,2024,501403515,1,9,0,-1,5,5,1,-1,0,6,0,0,0,0,1,1,-1,9,1,74,10,1398,1,5,VAUXHALL CORSA,3,E01020285,0,1
2024320603015,2024,320603015,1,9,0,-1,-1,2,6,0,0,0,0,0,1,2,1,1,-1,-1,1,26,6,1398,1,11,VAUXHALL CORSA,6,E01026316,0,1
2024991437689,2024,991437689,1,9,0,-1,9,5,3,-1,0,1,0,0,1,0,3,1,-1,2,1,26,6,1398,1,8,VAUXHALL CORSA,7,-1,0,3
2024141426230,2024,141426230,4,9,0,-1,19,7,7,-1,0,0,0,0,0,0,1,1,-1,6,2,-1,-1,1199,1,2,VAUXHALL CORSA,-1,-1,0,-1
2024201482807,2024,201482807,2,9,0,-1,19,2,6,-1,0,8,0,10,1,11,1,9,-1,6,2,27,6,1199,1,1,VAUXHALL CORSA,1,E01009607,0,1
2024552400890,2024,552400890,2,9,0,10,10,4,1,0,0,5,0,0,0,0,2,1,6,6,1,58,9,1364,1,15,VAUXHALL CORSA,8,E01020478,0,1
2024471406762,2024,471406762,1,9,0,-1,12,7,3,-1,0,0,0,0,0,0,1,1,-1,6,1,31,6,1199,1,20,VAUXHALL CORSA,6,E01016856,0,1
2024161504813,2024,161504813,2,9,0,-1,19,3,7,-1,0,1,1,10,0,0,4,1,-1,9,2,38,7,1398,1,14,VAUXHALL CORSA,6,E01012961,0,2
2024122400495,2024,122400495,1,9,0,17,19,5,3,0,0,0,1,0,1,11,1,1,6,6,1,17,4,1229,1,14,VAUXHALL CORSA,-1,-1,0,-1
2024440370718,2024,440370718,1,9,0,18,19,7,3,0,0,0,2,0,1,4,4,1,6,6,2,19,4,1398,1,12,VAUXHALL CORSA,9,E01020423,0,4
2024311409024,2024,311409024,1,9,0,-1,19,5,3,-1,0,1,1,0,0,0,1,1,-1,6,2,49,8,1199,1,3,VAUXHALL CORSA,-1,-1,0,-1
2024340WN2142,2024,340WN2142,1,9,0,-1,19,5,1,-1,0,1,0,0,0,0,1,1,-1,6,1,29,6,1229,1,12,VAUXHALL CORSA,1,E01027013,0,1
2024411463886,2024,411463886,4,9,0,-1,2,0,0,-1,0,1,0,0,0,0,1,1,-1,6,1,30,6,1229,1,12,VAUXHALL CORSA,-1,-1,0,-1
2024531436532,2024,531436532,2,9,0,-1,13,1,5,-1,0,0,5,0,7,4,4,1,-1,2,2,77,11,1229,1,11,VAUXHALL CORSA,9,E01022217,0,4
2024061496302,2024,061496302,1,9,-1,-1,-1,-1,-1,-1,-1,0,-1,-1,-1,0,2,9,-1,6,3,-1,-1,1199,1,0,VAUXHALL CORSA,-1,-1,0,-1
2024501534233,2024,501534233,1,9,0,-1,19,2,6,-1,0,0,0,0,0,0,1,9,-1,6,1,39,7,-1,3,3,VAUXHALL CORSA,7,E01018901,0,2
202417S306224,2024,17S306224,2,9,0,-1,19,1,5,-1,0,0,0,0,0,0,1,1,-1,9,1,52,8,1398,1,6,VAUXHALL CORSA,9,E01012233,0,1
2024371522996,2024,371522996,2,9,0,-1,19,7,3,-1,0,1,1,0,0,0,1,1,-1,6,1,17,4,1248,2,11,VAUXHALL CORSA,6,E01030150,0,2
2024131519688,2024,131519688,1,9,0,-1,-1,-1,-1,-1,-1,8,-1,-1,-1,0,-1,1,-1,6,3,-1,-1,1229,1,11,VAUXHALL CORSA,-1,-1,0,-1
2024631405901,2024,631405901,1,9,0,-1,19,5,8,-1,0,0,5,0,0,0,1,1,-1,6,2,34,6,1398,1,12,VAUXHALL CORSA,8,W01000649,0,1
2024471420834,2024,471420834,1,9,0,-1,9,1,6,-1,0,8,0,0,0,0,1,1,-1,9,2,22,5,1398,1,13,VAUXHALL CORSA,4,E01031522,0,2
2024302401297,2024,302401297,1,9,0,9,9,3,2,0,0,8,0,0,0,0,3,1,6,6,2,77,11,1229,1,18,VAUXHALL CORSA,9,E01019464,0,1
2024010519797,2024,010519797,1,9,0,9,9,1,6,0,0,6,0,0,0,0,1,1,6,6,1,30,6,1229,1,16,VAUXHALL CORSA,2,E01002784,0,1
2024461441269,2024,461441269,1,9,0,-1,6,5,1,-1,0,0,0,0,0,0,3,1,-1,9,1,64,9,1229,1,16,VAUXHALL CORSA,1,E01003290,0,4
2024371510468,2024,371510468,1,9,0,-1,19,6,2,-1,0,8,0,0,0,0,1,1,-1,9,2,78,11,1398,1,7,VAUXHALL CORSA,5,E01030138,0,2
2024501443547,2024,501443547,2,9,0,-1,19,5,1,-1,0,0,0,0,0,0,3,9,-1,6,2,19,4,1229,1,12,VAUXHALL CORSA,10,E01015160,0,1
2024122401009,2024,122401009,1,9,0,18,19,8,4,0,0,0,1,0,7,9,1,1,6,6,1,43,7,1398,1,7,VAUXHALL CORSA,4,E01012144,0,4
2024340NN0432,2024,340NN0432,1,9,0,-1,7,1,3,-1,0,6,0,0,0,0,1,1,-1,9,2,20,4,1229,1,16,VAUXHALL CORSA,7,E01027129,0,1
2024631484991,2024,631484991,1,9,0,-1,19,4,3,-1,0,0,0,0,0,0,1,1,-1,1,1,18,4,1229,1,17,VAUXHALL CORSA,8,W01002013,0,1
2024161457275,2024,161457275,1,9,0,-1,19,8,3,-1,0,0,0,0,0,0,1,1,-1,9,1,65,9,1199,1,1,VAUXHALL CORSA,4,E01013183,0,1
2024201488112,2024,201488112,1,9,0,-1,19,2,6,-1,0,0,5,4,0,0,1,1,-1,6,1,54,8,1398,1,6,VAUXHALL CORSA,-1,-1,0,-1
2024010522759,2024,010522759,1,9,0,15,15,1,5,0,0,1,0,0,0,0,3,1,6,6,2,59,9,998,1,17,VAUXHALL CORSA,3,E01000222,0,1
2024010531365,2024,010531365,1,9,0,99,99,9,9,99,99,9,9,99,9,99,9,9,6,6,2,24,5,998,1,15,VAUXHALL CORSA,3,E01004240,0,1
2024430563449,2024,430563449,1,9,-1,-1,-1,1,5,0,0,1,0,0,0,0,2,-1,6,6,1,46,8,1398,1,14,VAUXHALL CORSA,4,E01016716,0,1
2024131516463,2024,131516463,2,9,0,-1,19,2,1,-1,0,0,0,0,0,0,3,1,-1,6,2,19,4,1248,2,11,VAUXHALL CORSA,10,E01011411,0,1
2024471480567,2024,471480567,1,9,0,-1,9,2,4,-1,0,8,0,0,0,0,1,1,-1,9,2,18,4,1229,1,15,VAUXHALL CORSA,7,E01021009,0,1
2024340NN0532,2024,340NN0532,1,9,0,-1,9,2,8,-1,0,5,0,0,0,0,1,1,-1,9,2,58,9,1248,2,15,VAUXHALL CORSA,3,E01027082,0,1
2024101505795,2024,101505795,1,9,-1,-1,-1,-1,-1,-1,-1,-1,-1,-1,-1,0,4,9,-1,6,1,33,6,1229,1,14,VAUXHALL CORSA,-1,-1,0,-1
2024440337779,2024,440337779,2,9,0,18,19,4,8,0,0,8,0,0,0,0,3,1,6,6,1,45,7,1229,1,14,VAUXHALL CORSA,9,E01022565,0,1