collision_index,collision_year,collision_ref_no,vehicle_reference,vehicle_type,towing_and_articulation,vehicle_manoeuvre_historic,vehicle_manoeuvre,vehicle_direction_from,vehicle_direction_to,vehicle_location_restricted_lane_historic,vehicle_location_restricted_lane,junction_location,skidding_and_overturning,hit_object_in_carriageway,vehicle_leaving_carriageway,hit_object_off_carriageway,first_point_of_impact,vehicle_left_hand_drive,journey_purpose_of_driver_historic,journey_purpose_of_driver,sex_of_driver,age_of_driver,age_band_of_driver,engine_capacity_cc,propulsion_code,age_of_vehicle,generic_make_model,driver_imd_decile,lsoa_of_driver,escooter_flag,driver_distance_banding
2024010514542,2024,010514542,2,9,0,18,19,2,6,0,0,1,0,0,0,0,1,1,2,2,1,27,6,1229,1,13,VAUXHALL CORSA,6,E01004530,0,2
2024010537002,2024,010537002,3,9,0,99,99,9,9,99,99,9,9,99,9,99,2,9,6,6,2,39,7,1229,1,10,VAUXHALL CORSA,2,E01033703,0,1
2024991517692,2024,991517692,1,9,0,-1,1,4,8,-1,0,4,0,0,0,0,2,1,-1,6,1,40,7,1398,1,6,VAUXHALL CORSA,5,-1,0,5
2024211400322,2024,211400322,4,9,0,-1,14,1,5,-1,0,0,1,0,0,0,1,9,-1,9,2,35,6,1398,1,9,VAUXHALL CORSA,10,E01008589,0,5
2024991464642,2024,991464642,1,9,0,-1,19,6,2,-1,0,1,2,0,1,0,1,1,-1,9,2,18,4,1229,1,12,VAUXHALL CORSA,6,-1,0,1
2024302400829,2024,302400829,1,9,0,18,19,4,8,0,0,2,0,0,0,0,1,1,6,6,1,19,4,1248,2,16,VAUXHALL CORSA,10,E01013599,0,2
2024991513554,2024,991513554,1,9,0,-1,19,7,3,-1,0,0,0,0,0,0,1,1,-1,6,1,53,8,1398,1,7,VAUXHALL CORSA,2,-1,0,2
2024351460001,2024,351460001,2,9,0,-1,19,1,5,-1,0,8,0,4,0,0,4,1,-1,9,1,22,5,1229,1,13,VAUXHALL CORSA,2,E01015599,0,1
2024101527864,2024,101527864,1,9,0,-1,19,6,2,-1,0,0,0,0,0,0,1,9,-1,6,2,51,8,998,1,10,VAUXHALL CORSA,7,E01008726,0,1
2024430248791,2024,430248791,2,9,0,3,3,2,6,0,0,1,0,0,0,0,2,1,6,6,1,67,10,998,1,13,VAUXHALL CORSA,9,E01017853,0,3
2024332401176,2024,332401176,1,9,0,-1,19,6,1,-1,0,0,0,0,0,0,1,1,-1,9,1,72,10,1398,1,10,VAUXHALL CORSA,10,E01017630,0,4
2024010508689,2024,010508689,1,9,0,9,9,7,5,0,0,5,0,0,0,0,1,1,6,6,2,25,5,1199,1,3,VAUXHALL CORSA,3,E01001365,0,2
2024031443817,2024,031443817,3,9,0,-1,4,5,1,-1,0,0,0,0,0,0,2,1,-1,2,1,18,4,1398,1,10,VAUXHALL CORSA,-1,-1,0,-1
2024320016086,2024,320016086,1,9,0,18,19,6,2,0,0,1,0,0,0,0,1,1,2,2,1,63,9,1364,1,17,VAUXHALL CORSA,1,E01026094,0,4
2024302401480,2024,302401480,1,9,0,18,19,8,4,0,0,0,0,0,0,0,3,1,2,2,2,44,7,1199,1,23,VAUXHALL CORSA,10,E01019684,0,2
2024520003188,2024,520003188,1,9,0,9,9,3,1,0,0,8,0,0,0,0,1,1,6,6,2,67,10,1398,1,6,VAUXHALL CORSA,7,E01014945,0,2
2024101407221,2024,101407221,1,9,0,-1,19,6,5,-1,0,0,0,0,0,0,1,1,-1,6,2,31,6,1398,1,6,VAUXHALL CORSA,7,E01008249,0,1
2024201427545,2024,201427545,1,9,0,-1,7,8,2,-1,0,5,0,0,0,0,1,9,-1,6,1,29,6,1398,1,7,VAUXHALL CORSA,1,E01009371,0,1
2024361527909,2024,361527909,2,9,0,-1,10,7,5,-1,0,8,0,0,0,0,2,1,-1,6,2,24,5,1398,1,5,VAUXHALL CORSA,8,E01026653,0,4
2024070607164,2024,070607164,1,9,0,18,19,5,1,0,0,0,2,0,8,4,1,1,6,6,2,17,4,998,1,15,VAUXHALL CORSA,7,E01018371,0,1
2024111513760,2024,111513760,1,9,0,-1,19,2,6,-1,0,2,1,0,0,0,1,1,-1,6,1,30,6,998,1,10,VAUXHALL CORSA,-1,-1,0,-1
2024231427229,2024,231427229,3,9,0,-1,19,6,2,-1,0,0,0,0,0,0,1,1,-1,6,2,43,7,1398,1,12,VAUXHALL CORSA,5,E01033559,0,3
2024061428121,2024,061428121,1,9,0,-1,19,1,5,-1,0,8,0,0,0,0,1,1,-1,6,2,24,5,1199,1,4,VAUXHALL CORSA,1,E01005243,0,1
2024411405221,2024,411405221,4,9,0,-1,19,1,5,-1,0,0,0,0,0,0,1,1,-1,9,2,42,7,1199,1,1,VAUXHALL CORSA,10,E01033189,0,4
2024361502264,2024,361502264,1,9,0,-1,19,2,6,-1,0,0,2,0,8,0,2,1,-1,9,1,29,6,1199,1,24,VAUXHALL CORSA,4,E01026429,0,2
2024461419997,2024,461419997,2,9,0,-1,5,8,1,-1,0,6,0,0,0,0,1,9,-1,2,2,20,4,1364,1,15,VAUXHALL CORSA,4,E01001321,0,5
2024552401177,2024,552401177,2,9,0,18,19,6,2,0,0,8,0,0,0,0,4,1,2,2,1,19,4,1248,2,13,VAUXHALL CORSA,5,E01015334,0,2
2024340NN0772,2024,340NN0772,1,9,0,-1,19,5,1,-1,0,0,0,0,0,0,1,1,-1,9,2,23,5,1398,1,7,VAUXHALL CORSA,6,E01027062,0,2
2024221530549,2024,221530549,2,9,0,-1,19,6,2,-1,0,0,0,0,1,0,1,1,-1,9,1,18,4,1398,1,8,VAUXHALL CORSA,-1,-1,0,-1
2024201496660,2024,201496660,3,9,0,-1,3,5,1,-1,0,2,0,0,0,0,4,1,-1,6,1,30,6,1398,1,8,VAUXHALL CORSA,4,E01009873,0,2
2024201488918,2024,201488918,2,9,0,-1,13,1,5,-1,0,8,0,10,1,4,1,9,-1,6,1,47,8,1248,2,13,VAUXHALL CORSA,1,E01009490,0,1
2024010537591,2024,010537591,1,9,0,18,19,7,3,0,0,2,0,0,0,0,1,1,6,6,1,58,9,1199,1,1,VAUXHALL CORSA,2,E01001505,0,1
2024501394918,2024,501394918,1,9,0,-1,3,4,7,-1,0,4,0,0,0,0,1,9,-1,6,1,54,8,1229,1,16,VAUXHALL CORSA,5,E01020060,0,1
2024440331901,2024,440331901,2,9,0,18,19,2,6,0,0,1,0,0,0,0,1,1,6,6,1,17,4,1229,1,11,VAUXHALL CORSA,7,E01023271,0,2
2024351486735,2024,351486735,1,9,0,-1,19,1,5,-1,0,0,0,0,3,0,1,1,-1,6,1,19,4,998,1,11,VAUXHALL CORSA,10,E01026359,0,3
2024031425125,2024,031425125,2,9,0,-1,19,5,1,-1,0,0,0,0,0,0,1,1,-1,2,1,60,9,1398,1,8,VAUXHALL CORSA,2,E01019227,0,1
2024991421775,2024,991421775,1,9,0,-1,19,7,3,-1,0,0,0,0,8,7,2,1,-1,6,1,17,4,1229,1,18,VAUXHALL CORSA,6,-1,0,1
2024351507907,2024,351507907,1,9,0,-1,19,1,5,-1,0,0,2,7,5,0,1,1,-1,9,1,19,4,1364,1,15,VAUXHALL CORSA,7,E01018125,0,2
2024131435628,2024,131435628,1,9,0,-1,19,7,3,-1,0,0,0,0,0,0,4,1,-1,6,1,73,10,1398,1,7,VAUXHALL CORSA,5,E01011793,0,1
2024221449490,2024,221449490,2,9,0,-1,19,8,4,-1,0,8,0,10,7,0,4,9,-1,9,2,24,5,1398,1,8,VAUXHALL CORSA,5,E01028896,0,1
2024041513706,2024,041513706,2,9,0,-1,19,1,5,-1,9,1,5,0,1,11,1,1,-1,9,1,21,5,1398,1,5,VAUXHALL CORSA,1,E01025382,0,2
2024122401270,2024,122401270,1,9,0,18,19,5,1,0,0,0,2,0,1,11,1,1,6,6,1,20,4,1229,1,18,VAUXHALL CORSA,8,E01012329,0,3
2024141437495,2024,141437495,2,9,0,-1,19,7,3,-1,0,1,0,0,0,0,4,1,-1,6,2,44,7,1248,2,15,VAUXHALL CORSA,2,E01007395,0,1
2024010528858,2024,010528858,2,9,0,4,4,2,6,0,0,0,0,0,0,0,2,1,6,6,1,77,11,-1,3,3,VAUXHALL CORSA,6,E01003085,0,2
2024010529968,2024,010529968,1,9,0,4,4,1,5,0,0,1,0,0,0,0,1,1,2,2,2,52,8,1199,1,3,VAUXHALL CORSA,-1,-1,0,-1
2024302401585,2024,302401585,1,9,0,17,19,7,3,0,0,0,0,0,0,0,1,1,2,2,1,18,4,1229,1,14,VAUXHALL CORSA,9,E01019602,0,1
2024501498187,2024,501498187,1,9,0,-1,19,3,7,-1,0,0,0,0,0,0,1,1,-1,6,2,42,7,1398,1,8,VAUXHALL CORSA,7,E01018816,0,3
2024440497726,2024,440497726,1,9,0,18,19,2,6,0,0,0,5,0,1,4,4,1,2,2,1,37,7,1398,1,10,VAUXHALL CORSA,10,E01030436,0,4
2024231447659,2024,231447659,1,9,0,-1,7,8,3,-1,0,6,0,0,0,0,1,1,-1,6,1,17,4,998,1,10,VAUXHALL CORSA,1,E01031090,0,3
2024070997091,2024,070997091,2,9,0,-1,12,1,1,-1,0,0,5,0,4,6,2,1,-1,9,2,51,8,1199,1,3,VAUXHALL CORSA,1,E01006735,0,4
2024010502998,2024,010502998,1,9,0,1,1,1,5,9,9,1,0,0,0,0,2,1,6,6,2,64,9,1199,1,3,VAUXHALL CORSA,5,E01035583,0,2
2024522401949,2024,522401949,2,9,0,2,2,0,0,0,0,0,0,0,0,0,1,1,6,6,3,-1,-1,1199,1,2,VAUXHALL CORSA,-1,-1,0,-1
2024991472919,2024,991472919,1,9,0,-1,5,1,6,-1,0,6,0,0,0,0,1,1,-1,9,1,61,9,1398,1,11,VAUXHALL CORSA,-1,-1,0,-1
2024201520983,2024,201520983,2,9,0,-1,19,4,8,-1,0,0,0,0,0,0,2,1,-1,6,2,-1,-1,1199,1,1,VAUXHALL CORSA,-1,-1,0,-1
2024010533533,2024,010533533,1,9,0,9,9,5,3,0,0,8,0,0,0,0,1,1,6,6,1,19,4,1229,1,15,VAUXHALL CORSA,-1,-1,0,-1
2024101447972,2024,101447972,1,9,0,-1,19,5,1,-1,0,4,5,9,0,0,1,1,-1,9,2,31,6,1248,2,15,VAUXHALL CORSA,-1,-1,0,-1
2024010529019,2024,010529019,1,9,0,9,9,7,5,0,0,8,0,0,0,0,1,1,6,6,1,32,6,1199,1,4,VAUXHALL CORSA,2,E01000798,0,1
2024302401153,2024,302401153,1,9,0,17,19,8,4,0,0,2,2,0,8,11,1,1,6,6,1,19,4,1248,2,15,VAUXHALL CORSA,7,E01027984,0,2
2024340NN2562,2024,340NN2562,2,9,0,-1,19,1,5,-1,0,8,0,0,7,1,4,1,-1,9,2,60,9,1398,1,5,VAUXHALL CORSA,7,E01015590,0,3
2024622400800,2024,622400800,1,9,0,9,9,6,4,0,0,8,0,0,0,0,4,1,6,6,2,17,4,1229,1,11,VAUXHALL CORSA,3,W01000881,0,2
2024311480591,2024,311480591,1,9,0,-1,4,7,7,-1,0,0,0,0,0,0,2,1,-1,6,2,26,6,1229,1,10,VAUXHALL CORSA,5,E01019658,0,1
2024401481358,2024,401481358,1,9,0,-1,9,8,6,-1,0,0,0,0,0,0,3,1,-1,2,1,60,9,1398,1,5,VAUXHALL CORSA,9,E01017566,0,2
2024430596283,2024,430596283,1,9,0,3,3,5,1,0,0,0,0,0,0,0,2,1,2,2,2,31,6,1199,1,3,VAUXHALL CORSA,6,E01031614,0,4
2024201513739,2024,201513739,2,9,0,-1,19,1,5,-1,0,0,0,0,7,0,3,9,-1,9,1,27,6,1686,2,12,VAUXHALL CORSA,2,E01010086,0,1
2024010529273,2024,010529273,2,9,0,99,99,9,9,99,99,5,9,99,9,99,1,9,6,6,3,-1,-1,1199,1,2,VAUXHALL CORSA,3,E01004567,0,1
2024201501771,2024,201501771,1,9,0,-1,9,4,2,-1,0,5,0,10,0,0,1,1,-1,6,2,25,5,1199,1,21,VAUXHALL CORSA,4,E01009226,0,2
2024421423348,2024,421423348,2,9,0,-1,10,6,2,-1,0,8,0,0,0,0,2,1,-1,6,2,29,6,1229,1,11,VAUXHALL CORSA,2,E01015820,0,1
2024211460636,2024,211460636,2,9,0,-1,19,8,4,-1,0,1,0,0,0,0,4,1,-1,9,1,55,8,1199,1,1,VAUXHALL CORSA,5,E01029756,0,1
2024440122811,2024,440122811,1,9,0,18,19,2,6,0,0,8,0,0,0,0,1,1,6,6,1,94,11,998,1,14,VAUXHALL CORSA,5,E01030433,0,1
2024052402883,2024,052402883,3,9,0,9,9,5,3,0,0,8,0,0,0,0,3,1,6,6,1,20,4,1398,1,14,VAUXHALL CORSA,1,E01006696,0,1
2024010538986,2024,010538986,1,9,0,7,7,3,6,0,0,6,0,0,0,0,1,1,6,6,2,20,4,1199,1,4,VAUXHALL CORSA,5,E01000534,0,1
2024991434154,2024,991434154,2,9,0,-1,2,0,0,-1,0,0,0,0,2,11,1,1,-1,6,-1,-1,-1,1398,1,12,VAUXHALL CORSA,-1,-1,0,-1
2024411495585,2024,411495585,2,9,0,-1,19,5,1,-1,0,1,0,0,0,0,1,1,-1,6,2,30,6,1229,1,16,VAUXHALL CORSA,7,E01023605,0,1
2024371539066,2024,371539066,1,9,0,-1,19,7,3,-1,0,1,0,0,0,0,1,1,-1,2,1,20,4,-1,-1,-1,VAUXHALL CORSA,1,E01029986,0,4
2024430012263,2024,430012263,2,9,0,18,19,2,6,0,0,2,0,0,0,0,1,1,6,6,2,81,11,1229,1,9,VAUXHALL CORSA,10,E01016628,0,1
2024311525332,2024,311525332,3,9,0,-1,19,1,5,-1,0,0,0,0,0,0,2,1,-1,9,1,17,4,1229,1,12,VAUXHALL CORSA,-1,-1,0,-1
2024041450764,2024,041450764,2,9,0,-1,4,3,7,-1,0,0,0,0,0,0,2,1,-1,9,2,29,6,1398,1,9,VAUXHALL CORSA,3,E01025234,0,1
2024010548778,2024,010548778,2,9,0,10,10,7,5,0,0,6,0,0,0,0,3,1,2,2,2,23,5,1229,1,14,VAUXHALL CORSA,4,E01016003,0,3
2024461526393,2024,461526393,2,9,0,-1,19,7,3,-1,0,0,0,0,0,0,1,1,-1,9,1,50,8,1364,1,15,VAUXHALL CORSA,6,E01024466,0,1
2024991433944,2024,991433944,2,9,0,-1,19,8,4,-1,0,1,0,0,0,0,4,1,-1,9,2,18,4,1199,1,3,VAUXHALL CORSA,1,-1,0,1
2024031471768,2024,031471768,1,9,0,-1,19,1,5,-1,0,0,5,0,0,0,4,1,-1,9,2,76,11,1398,1,5,VAUXHALL CORSA,10,E01019368,0,3
2024122500041,2024,122500041,3,9,0,10,10,3,7,0,0,1,0,0,0,0,1,1,6,6,1,25,5,1398,1,5,VAUXHALL CORSA,9,E01013414,0,1
2024052400077,2024,052400077,1,9,0,9,9,4,2,0,0,8,0,0,0,0,4,1,6,6,1,72,10,1199,1,1,VAUXHALL CORSA,3,E01006799,0,2
2024991471243,2024,991471243,1,9,0,-1,3,7,3,-1,0,1,0,0,0,0,1,1,-1,2,2,18,4,1199,1,2,VAUXHALL CORSA,7,-1,0,1
2024311450651,2024,311450651,1,9,0,-1,19,5,1,-1,0,0,0,4,0,0,1,1,-1,9,2,20,4,1398,1,6,VAUXHALL CORSA,9,E01033175,0,5
2024461471589,2024,461471589,1,9,0,-1,4,3,7,-1,0,1,0,0,1,0,2,1,-1,6,1,71,10,1398,1,7,VAUXHALL CORSA,2,E01024214,0,1
2024451520044,2024,451520044,1,9,0,-1,19,7,3,-1,0,1,0,0,0,0,3,1,-1,2,2,23,5,1229,1,12,VAUXHALL CORSA,6,E01030629,0,1
2024010508047,2024,010508047,1,9,0,4,4,1,5,0,0,0,0,0,0,0,2,1,1,1,1,29,6,-1,3,3,VAUXHALL CORSA,7,E01002334,0,3
2024010529758,2024,010529758,1,9,0,5,5,7,3,0,0,1,0,0,0,0,1,1,6,6,2,30,6,-1,3,3,VAUXHALL CORSA,2,E01001388,0,1
2024131463067,2024,131463067,1,9,0,-1,19,8,4,-1,0,2,0,0,0,0,1,1,-1,6,3,-1,-1,1229,1,15,VAUXHALL CORSA,-1,-1,0,-1
2024302400962,2024,302400962,1,9,0,4,4,3,7,0,0,0,0,0,0,0,1,1,1,1,1,17,4,1229,1,12,VAUXHALL CORSA,8,E01027959,0,4
2024201394595,2024,201394595,2,9,0,-1,12,2,4,-1,0,2,0,0,0,0,2,1,-1,9,2,42,7,998,1,12,VAUXHALL CORSA,3,E01009221,0,2
2024131532601,2024,131532601,2,9,0,-1,2,0,0,-1,0,0,0,0,0,0,3,1,-1,6,-1,-1,-1,1398,1,6,VAUXHALL CORSA,-1,-1,0,-1
202460Q105581,2024,60Q105581,1,9,0,18,19,8,4,0,0,2,0,0,0,0,1,1,6,6,2,20,4,1398,1,9,VAUXHALL CORSA,-1,-1,0,-1
2024540276124,2024,540276124,1,9,0,18,19,2,6,0,0,1,0,0,1,4,1,1,6,6,3,-1,-1,1229,1,15,VAUXHALL CORSA,-1,-1,0,-1
2024440001449,2024,440001449,1,9,0,9,9,2,8,0,0,6,0,0,0,0,3,1,6,6,2,19,4,1398,1,6,VAUXHALL CORSA,9,E01022774,0,2
2024361509013,2024,361509013,1,9,0,-1,19,7,2,-1,9,8,0,0,7,0,1,1,-1,9,1,30,6,1398,1,7,VAUXHALL CORSA,6,E01019477,0,5
2024221449786,2024,221449786,2,9,0,-1,19,6,2,-1,0,4,0,0,0,0,1,1,-1,9,2,18,4,1229,1,10,VAUXHALL CORSA,3,E01032461,0,1
2024131521738,2024,131521738,2,9,0,-1,7,8,2,-1,0,6,0,0,0,0,1,1,-1,7,2,48,8,1248,2,13,VAUXHALL CORSA,5,E01010640,0,1
2024010500335,2024,010500335,2,9,9,99,99,9,9,99,99,9,9,99,9,99,9,9,6,6,3,-1,-1,1398,1,12,VAUXHALL CORSA,-1,-1,0,-1
2024340NN1902,2024,340NN1902,1,9,0,-1,5,1,5,-1,0,6,0,0,0,0,3,1,-1,6,2,44,7,1398,1,5,VAUXHALL CORSA,1,E01027334,0,1
2024451459127,2024,451459127,2,9,0,-1,4,7,3,-1,0,0,0,0,0,0,2,1,-1,6,1,42,7,1199,1,1,VAUXHALL CORSA,2,E01001710,0,4
2024061468137,2024,061468137,1,9,0,-1,4,7,3,-1,0,0,0,0,0,0,2,1,-1,9,1,45,7,1398,1,14,VAUXHALL CORSA,2,E01006323,0,4
2024201404214,2024,201404214,1,9,0,-1,9,3,1,-1,0,0,0,0,0,0,1,1,-1,7,2,41,7,1398,1,8,VAUXHALL CORSA,3,E01009655,0,1
2024161438799,2024,161438799,2,9,0,-1,19,3,7,-1,0,0,0,0,0,0,1,9,-1,9,2,32,6,1229,1,16,VAUXHALL CORSA,-1,-1,0,-1
2024461405800,2024,461405800,1,9,0,-1,19,7,3,-1,0,0,0,12,0,0,1,1,-1,6,1,61,9,1248,2,11,VAUXHALL CORSA,6,E01024064,0,4
2024461442465,2024,461442465,1,9,-1,-1,19,4,8,-1,0,0,0,0,0,0,1,9,-1,6,3,-1,-1,1398,1,8,VAUXHALL CORSA,-1,-1,0,-1
2024522402331,2024,522402331,2,9,0,5,5,5,1,0,0,4,0,0,0,0,4,1,6,6,3,-1,-1,1398,1,8,VAUXHALL CORSA,-1,-1,0,-1
2024010499254,2024,010499254,2,9,0,99,99,9,9,99,99,9,9,99,9,99,9,9,6,6,1,50,8,1398,1,6,VAUXHALL CORSA,9,E01000261,0,2
2024430252087,2024,430252087,2,9,0,4,4,7,3,0,0,0,0,0,0,0,2,1,6,6,1,70,10,-1,3,0,VAUXHALL CORSA,9,E01016286,0,3
2024221439936,2024,221439936,2,9,0,-1,19,1,5,-1,0,8,0,0,0,0,1,1,-1,2,2,20,4,1248,2,13,VAUXHALL CORSA,6,E01014095,0,3
2024440489675,2024,440489675,1,9,0,18,19,1,5,0,0,8,1,10,1,2,4,1,6,6,2,29,6,1398,1,14,VAUXHALL CORSA,1,E01017031,0,1
2024471503661,2024,471503661,2,9,0,-1,19,5,1,-1,0,0,0,0,0,0,1,1,-1,9,1,67,10,1398,1,11,VAUXHALL CORSA,5,E01031631,0,2
2024421398433,2024,421398433,2,9,0,-1,19,5,1,-1,0,0,0,0,0,0,1,1,-1,6,2,31,6,1398,1,8,VAUXHALL CORSA,5,E01021644,0,1
2024351503472,2024,351503472,1,9,0,-1,19,4,8,-1,0,0,5,5,7,0,3,1,-1,9,2,27,6,1398,1,12,VAUXHALL CORSA,10,E01018040,0,2
2024340WN4762,2024,340WN4762,1,9,0,-1,9,7,5,-1,0,8,0,0,0,0,4,1,-1,6,2,56,9,1389,1,18,VAUXHALL CORSA,2,E01027243,0,1
2024161417986,2024,161417986,2,9,0,-1,7,7,2,-1,0,8,0,0,0,0,1,9,-1,6,1,33,6,1398,1,7,VAUXHALL CORSA,1,E01012790,0,1
2024451395637,2024,451395637,1,9,0,-1,9,7,1,-1,0,8,0,0,0,0,4,1,-1,9,1,34,6,1229,1,10,VAUXHALL CORSA,-1,-1,0,-1
2024991416847,2024,991416847,2,9,0,-1,19,1,5,-1,0,0,1,0,1,0,1,1,-1,6,1,77,11,1199,1,0,VAUXHALL CORSA,9,E01012063,0,5
2024361494646,2024,361494646,1,9,0,-1,19,5,1,-1,0,0,5,0,0,0,1,1,-1,2,2,19,4,1364,1,18,VAUXHALL CORSA,-1,-1,0,-1
2024141439019,2024,141439019,1,9,0,-1,7,3,5,-1,0,2,0,0,0,0,1,1,-1,2,2,30,6,1199,1,4,VAUXHALL CORSA,3,E01007807,0,2
2024101442970,2024,101442970,1,9,0,-1,5,1,5,-1,0,1,0,0,0,0,1,1,-1,9,1,30,6,1398,1,7,VAUXHALL CORSA,3,E01008805,0,2
2024052402189,2024,052402189,2,9,0,4,4,8,4,0,0,1,0,0,0,0,2,1,6,6,1,34,6,1398,1,7,VAUXHALL CORSA,2,E01006832,0,1
2024631416945,2024,631416945,1,9,0,-1,19,2,6,-1,0,2,0,0,0,0,4,1,-1,6,2,53,8,1248,2,11,VAUXHALL CORSA,9,W01000549,0,2
2024101405291,2024,101405291,1,9,0,-1,5,4,8,-1,0,8,0,0,0,0,4,9,-1,6,1,71,10,1398,1,5,VAUXHALL CORSA,1,E01008485,0,1
2024041526499,2024,041526499,2,9,0,-1,5,1,5,-1,0,8,0,0,0,0,1,1,-1,2,2,57,9,1398,1,14,VAUXHALL CORSA,8,E01034347,0,2
2024991474080,2024,991474080,1,9,0,-1,9,1,7,-1,0,6,0,0,7,4,3,1,-1,9,1,24,5,1398,1,6,VAUXHALL CORSA,1,-1,0,4
2024161473237,2024,161473237,1,9,0,-1,7,6,8,-1,0,8,0,0,0,0,1,9,-1,2,2,30,6,1398,1,5,VAUXHALL CORSA,8,E01012791,0,1
2024010513957,2024,010513957,1,9,0,9,9,5,3,0,0,6,0,0,0,0,1,1,6,6,2,46,8,1364,1,16,VAUXHALL CORSA,7,E01003800,0,1
2024010537231,2024,010537231,2,9,0,99,99,9,9,99,99,9,9,99,9,99,9,9,6,6,3,-1,-1,1229,1,12,VAUXHALL CORSA,-1,-1,0,-1
2024131431499,2024,131431499,2,9,0,-1,2,0,0,-1,0,2,0,0,0,0,1,1,-1,6,-1,-1,-1,1398,1,6,VAUXHALL CORSA,-1,-1,0,-1
2024351540802,2024,351540802,2,9,0,-1,19,4,8,-1,0,0,0,0,0,0,1,1,-1,2,1,23,5,1229,1,14,VAUXHALL CORSA,-1,-1,0,-1
2024041536457,2024,041536457,1,9,0,-1,5,3,7,-1,0,8,0,0,0,0,4,1,-1,6,1,25,5,1364,1,17,VAUXHALL CORSA,3,E01025308,0,1
2024311428669,2024,311428669,1,9,0,-1,19,5,1,-1,0,0,5,10,1,4,4,1,-1,9,1,27,6,1199,1,21,VAUXHALL CORSA,2,E01019510,0,1
2024221406158,2024,221406158,2,9,0,-1,19,6,2,-1,0,0,0,0,0,0,1,1,-1,6,1,41,7,1229,1,17,VAUXHALL CORSA,3,E01032449,0,2
2024041473176,2024,041473176,1,9,0,-1,19,1,5,-1,0,0,5,4,0,0,1,1,-1,6,2,75,10,1398,1,10,VAUXHALL CORSA,9,E01025511,0,1
2024991513689,2024,991513689,2,9,0,-1,19,7,3,-1,0,0,0,0,0,0,2,1,-1,6,2,25,5,1398,1,5,VAUXHALL CORSA,3,-1,0,4
2024991410413,2024,991410413,1,9,0,-1,19,6,1,-1,-1,2,1,0,7,0,1,1,-1,6,1,29,6,1229,1,12,VAUXHALL CORSA,-1,-1,0,-1
2024131526344,2024,131526344,1,9,0,-1,19,5,1,-1,0,0,0,0,0,0,1,1,-1,6,1,45,7,1398,1,10,VAUXHALL CORSA,1,E01011431,0,3
2024461486837,2024,461486837,1,9,0,-1,19,1,5,-1,0,1,0,0,0,0,1,1,-1,9,2,61,9,1398,1,13,VAUXHALL CORSA,3,E01024535,0,2
2024371466057,2024,371466057,1,9,0,-1,19,8,1,-1,0,1,2,0,1,0,4,1,-1,6,1,76,11,1398,1,7,VAUXHALL CORSA,9,E01018280,0,4
2024461513793,2024,461513793,1,9,0,-1,11,6,1,-1,0,0,0,0,0,0,1,1,-1,9,1,50,8,1199,1,0,VAUXHALL CORSA,-1,-1,0,-1
2024070827406,2024,070827406,2,9,0,-1,19,2,6,-1,0,8,0,0,0,0,1,1,-1,2,2,24,5,1199,1,2,VAUXHALL CORSA,10,E01007188,0,3
2024111516846,2024,111516846,1,9,0,-1,19,5,1,-1,0,0,1,10,0,0,1,1,-1,6,1,38,7,1398,1,9,VAUXHALL CORSA,6,E01020685,0,1
2024520402825,2024,520402825,1,9,0,9,9,2,8,0,0,6,0,0,1,0,1,1,6,6,1,43,7,1398,1,9,VAUXHALL CORSA,5,E01032090,0,4
2024991455326,2024,991455326,1,9,0,-1,9,3,1,-1,0,1,0,0,0,0,1,1,-1,9,1,38,7,1229,1,12,VAUXHALL CORSA,8,-1,0,4
2024361492546,2024,361492546,2,9,0,-1,19,5,1,-1,0,1,0,0,0,0,4,1,-1,9,2,22,5,1229,1,11,VAUXHALL CORSA,1,E01026641,0,1
2024010547768,2024,010547768,2,9,0,99,99,9,9,99,99,9,9,99,9,99,1,9,6,6,3,-1,-1,-1,-1,-1,VAUXHALL CORSA,-1,-1,0,-1
2024401535929,2024,401535929,1,9,0,-1,-1,-1,-1,-1,0,-1,0,0,0,0,1,1,-1,2,2,36,7,1199,1,2,VAUXHALL CORSA,6,E01015766,0,3
2024401509349,2024,401509349,1,9,0,-1,19,2,6,-1,0,3,0,0,0,0,1,1,-1,6,1,65,9,1229,1,16,VAUXHALL CORSA,5,E01015782,0,1
2024340WN6042,2024,340WN6042,2,9,0,-1,19,7,3,-1,0,0,0,0,0,0,1,1,-1,9,1,27,6,-1,-1,-1,VAUXHALL CORSA,7,E01027282,0,4
2024991443779,2024,991443779,1,9,0,-1,19,3,7,-1,0,0,5,0,7,4,1,1,-1,9,1,18,4,1229,1,16,VAUXHALL CORSA,10,-1,0,4
202454E232924,2024,54E232924,1,9,0,18,19,8,4,0,0,0,1,0,0,0,1,1,6,6,2,58,9,1199,1,2,VAUXHALL CORSA,8,E01015473,0,1
2024131469050,2024,131469050,1,9,0,-1,19,3,7,-1,0,0,5,0,8,0,1,1,-1,9,1,18,4,1199,1,3,VAUXHALL CORSA,10,E01011386,0,2
2024201524670,2024,201524670,1,9,0,-1,9,1,7,-1,0,1,0,0,0,0,1,1,-1,6,1,-1,-1,1398,1,7,VAUXHALL CORSA,-1,-1,0,-1
2024451440908,2024,451440908,1,9,0,-1,4,3,1,-1,0,1,0,0,0,0,1,9,-1,6,1,19,4,1364,1,6,VAUXHALL CORSA,8,E01030825,0,1