collision_index,collision_year,collision_ref_no,vehicle_reference,vehicle_type,towing_and_articulation,vehicle_manoeuvre_historic,vehicle_manoeuvre,vehicle_direction_from,vehicle_direction_to,vehicle_location_restricted_lane_historic,vehicle_location_restricted_lane,junction_location,skidding_and_overturning,hit_object_in_carriageway,vehicle_leaving_carriageway,hit_object_off_carriageway,first_point_of_impact,vehicle_left_hand_drive,journey_purpose_of_driver_historic,journey_purpose_of_driver,sex_of_driver,age_of_driver,age_band_of_driver,engine_capacity_cc,propulsion_code,age_of_vehicle,generic_make_model,driver_imd_decile,lsoa_of_driver,escooter_flag,driver_distance_banding
2024451399238,2024,451399238,4,9,0,-1,19,8,4,-1,0,2,0,0,0,0,2,1,-1,9,1,56,9,1229,1,10,VAUXHALL CORSA,8,E01030688,0,2
2024340WN0402,2024,340WN0402,1,9,0,-1,19,2,6,-1,0,1,1,10,1,2,4,1,-1,9,1,86,11,1229,1,18,VAUXHALL CORSA,3,E01026992,0,1
2024471426779,2024,471426779,1,9,0,-1,19,3,7,-1,0,0,0,0,7,4,4,1,-1,6,1,18,4,1229,1,12,VAUXHALL CORSA,4,E01031594,0,2
2024421519528,2024,421519528,2,9,0,-1,19,1,5,-1,0,0,0,0,0,0,2,1,-1,9,2,24,5,1229,1,10,VAUXHALL CORSA,8,E01018242,0,3
2024041448116,2024,041448116,1,9,0,-1,19,1,3,-1,0,1,0,0,0,0,0,1,-1,9,2,31,6,1398,1,5,VAUXHALL CORSA,2,E01025077,0,3
2024311450029,2024,311450029,2,9,0,-1,19,2,8,-1,0,2,0,0,0,0,1,1,-1,9,2,20,4,1398,1,5,VAUXHALL CORSA,7,E01028124,0,1
2024411512219,2024,411512219,2,9,0,-1,19,5,1,-1,0,0,0,0,0,0,4,1,-1,9,2,42,7,1199,1,1,VAUXHALL CORSA,5,E01023542,0,1
2024010539022,2024,010539022,2,9,0,99,99,9,9,99,99,9,9,99,9,99,2,9,6,6,3,-1,-1,1229,1,12,VAUXHALL CORSA,-1,-1,0,-1
2024041442129,2024,041442129,1,9,0,-1,9,5,3,-1,0,1,0,0,0,0,3,1,-1,2,2,67,10,1229,1,18,VAUXHALL CORSA,1,E01024857,0,1
2024111468542,2024,111468542,2,9,0,-1,19,6,4,-1,0,8,0,0,0,0,1,1,-1,9,1,29,6,1229,1,15,VAUXHALL CORSA,6,E01020822,0,1
2024221424003,2024,221424003,1,9,0,-1,19,4,1,-1,0,0,5,0,7,4,1,1,-1,2,1,18,4,1229,1,14,VAUXHALL CORSA,4,E01022161,0,3
2024101414932,2024,101414932,2,9,0,-1,19,3,7,-1,0,0,0,0,0,0,4,1,-1,6,2,40,7,1199,1,1,VAUXHALL CORSA,8,-1,0,5
2024010550699,2024,010550699,2,9,0,99,99,9,9,99,99,9,9,99,9,99,1,9,6,6,2,74,10,1199,1,2,VAUXHALL CORSA,10,E01031747,0,4
2024161427352,2024,161427352,1,9,0,-1,19,5,3,-1,0,3,0,10,2,2,1,1,-1,9,2,19,4,998,1,10,VAUXHALL CORSA,8,E01013151,0,3
2024311512930,2024,311512930,2,9,0,-1,3,5,1,-1,0,0,0,0,0,0,2,1,-1,6,1,31,6,1229,1,9,VAUXHALL CORSA,7,E01028086,0,1
2024211533325,2024,211533325,1,9,0,-1,9,7,3,-1,0,6,0,0,0,0,1,1,-1,9,2,52,8,1398,1,10,VAUXHALL CORSA,2,E01014293,0,1
2024311498077,2024,311498077,1,9,0,-1,19,1,5,-1,0,0,0,0,0,0,1,1,-1,2,1,35,6,-1,-1,-1,VAUXHALL CORSA,2,E01013813,0,4
2024041395690,2024,041395690,1,9,0,-1,9,3,7,-1,0,6,0,0,0,0,3,1,-1,9,1,59,9,1389,1,20,VAUXHALL CORSA,3,E01025379,0,1
2024041515462,2024,041515462,2,9,0,-1,19,5,1,-1,0,8,0,0,0,0,4,1,-1,1,2,61,9,1229,1,10,VAUXHALL CORSA,5,E01012599,0,1
2024131534853,2024,131534853,2,9,0,-1,2,0,0,-1,0,0,0,0,0,0,0,1,-1,6,3,-1,-1,1398,1,6,VAUXHALL CORSA,-1,-1,0,-1
2024201489114,2024,201489114,2,9,0,-1,9,7,5,-1,0,5,0,0,0,0,1,1,-1,6,2,22,5,1248,2,7,VAUXHALL CORSA,-1,-1,0,-1
2024052401206,2024,052401206,1,9,0,18,19,5,1,0,0,4,0,0,0,0,3,1,6,6,1,27,6,1199,1,3,VAUXHALL CORSA,2,E01006309,0,2
2024231479078,2024,231479078,2,9,0,-1,12,8,4,-1,0,0,2,0,1,9,4,9,-1,9,2,22,5,1229,1,11,VAUXHALL CORSA,6,E01009189,0,4
2024141480183,2024,141480183,3,9,0,-1,2,0,0,-1,0,0,0,0,0,0,2,1,-1,6,-1,-1,-1,1398,1,12,VAUXHALL CORSA,-1,-1,0,-1
2024991491248,2024,991491248,2,9,0,-1,5,3,7,-1,0,0,0,0,0,0,3,1,-1,6,1,57,9,1229,1,11,VAUXHALL CORSA,1,-1,0,1
202417L207924,2024,17L207924,1,9,0,-1,8,8,2,-1,0,1,0,0,0,0,2,1,-1,7,1,24,5,1199,1,1,VAUXHALL CORSA,2,E01012081,0,1
2024332400637,2024,332400637,3,9,0,-1,3,4,8,-1,0,1,0,0,0,0,2,1,-1,9,2,59,9,1199,1,2,VAUXHALL CORSA,9,E01025948,0,2
2024622400724,2024,622400724,2,9,0,2,2,0,0,0,0,1,0,0,0,0,4,1,6,6,3,-1,-1,1398,1,8,VAUXHALL CORSA,-1,-1,0,-1
2024622400626,2024,622400626,1,9,0,18,19,8,4,0,0,0,1,0,1,7,1,1,6,6,2,66,10,1398,1,8,VAUXHALL CORSA,3,W01001378,0,4
2024451472859,2024,451472859,1,9,0,-1,19,3,7,-1,0,0,1,0,0,0,1,1,-1,9,2,26,6,1398,1,5,VAUXHALL CORSA,7,E01030420,0,1
2024041500406,2024,041500406,2,9,0,-1,19,3,7,-1,0,0,0,0,0,0,2,1,-1,9,2,18,4,1398,1,9,VAUXHALL CORSA,8,E01027568,0,4
2024332400315,2024,332400315,1,9,0,-1,11,1,5,-1,0,8,0,0,1,10,2,1,-1,9,2,34,6,1398,1,12,VAUXHALL CORSA,6,E01025683,0,1
2024010544730,2024,010544730,1,9,0,18,19,5,1,0,0,0,0,0,0,0,1,1,1,1,1,34,6,1229,1,16,VAUXHALL CORSA,5,E01002607,0,1
2024340WN1272,2024,340WN1272,1,9,0,-1,9,5,3,-1,0,4,0,10,3,1,1,1,-1,2,2,19,4,1398,1,10,VAUXHALL CORSA,9,E01027166,0,1
2024101495086,2024,101495086,2,9,-1,-1,-1,3,7,-1,-1,0,-1,-1,-1,0,-1,9,-1,2,1,26,6,1364,1,18,VAUXHALL CORSA,-1,-1,0,-1
2024010535592,2024,010535592,1,9,0,6,6,1,1,0,0,0,0,0,0,0,0,1,6,6,2,28,6,1199,1,2,VAUXHALL CORSA,7,E01023335,0,4
2024440196278,2024,440196278,2,9,0,18,19,6,2,0,0,0,0,0,0,0,1,1,6,6,1,63,9,1229,1,10,VAUXHALL CORSA,10,E01016664,0,3
2024131502878,2024,131502878,1,9,0,-1,-1,3,7,-1,-1,8,-1,-1,-1,0,-1,1,-1,6,3,-1,-1,1199,1,3,VAUXHALL CORSA,-1,-1,0,-1
2024440267037,2024,440267037,1,9,0,4,4,8,4,0,0,0,0,0,0,0,2,1,6,6,2,39,7,1229,1,10,VAUXHALL CORSA,3,E01034714,0,2
2024991497501,2024,991497501,2,9,0,-1,19,2,7,-1,0,0,0,0,0,0,1,1,-1,6,2,38,7,1199,1,4,VAUXHALL CORSA,-1,-1,0,-1
2024451465571,2024,451465571,1,9,0,-1,4,5,1,-1,0,0,0,0,0,0,4,1,-1,2,2,23,5,1398,1,7,VAUXHALL CORSA,7,E01009550,0,5
2024520402621,2024,520402621,1,9,0,18,19,7,3,0,0,8,0,0,1,4,1,1,6,6,1,18,4,1229,1,13,VAUXHALL CORSA,8,E01014394,0,1
2024451494116,2024,451494116,1,9,0,-1,19,5,1,-1,0,0,0,4,0,0,1,1,-1,9,2,77,11,1364,1,17,VAUXHALL CORSA,3,E01030608,0,1
2024041410568,2024,041410568,4,9,0,-1,19,2,4,-1,0,0,0,0,0,0,4,1,-1,2,2,35,6,1398,1,8,VAUXHALL CORSA,1,E01025067,0,1
2024461495400,2024,461495400,1,9,0,-1,19,5,1,-1,0,0,5,0,0,0,1,1,-1,2,1,48,8,1229,1,14,VAUXHALL CORSA,5,E01024095,0,4
2024161448170,2024,161448170,2,9,0,-1,6,5,5,-1,0,0,0,0,0,0,1,1,-1,6,2,45,7,1229,1,14,VAUXHALL CORSA,10,E01013063,0,3
2024221434553,2024,221434553,1,9,0,-1,19,6,2,-1,0,8,0,10,1,2,1,1,-1,6,2,21,5,1398,1,8,VAUXHALL CORSA,6,E01034323,0,2
2024161426019,2024,161426019,3,9,0,-1,4,5,1,-1,0,0,0,0,0,0,1,1,-1,6,2,18,4,1229,1,9,VAUXHALL CORSA,10,E01034758,0,1
2024622400566,2024,622400566,1,9,0,18,19,2,6,0,0,0,5,0,1,0,4,1,6,6,1,17,4,1364,1,19,VAUXHALL CORSA,6,W01000916,0,4
2024332400659,2024,332400659,1,9,0,-1,5,7,3,-1,0,4,0,0,0,0,1,1,-1,9,2,19,4,1398,1,5,VAUXHALL CORSA,3,E01013772,0,1
2024311526265,2024,311526265,2,9,0,-1,3,3,7,-1,0,0,0,0,0,0,1,2,-1,6,3,-1,-1,1398,1,13,VAUXHALL CORSA,-1,-1,0,-1
2024131520865,2024,131520865,2,9,0,-1,19,3,7,-1,0,8,0,0,0,0,4,1,-1,9,1,32,6,1398,1,12,VAUXHALL CORSA,5,E01011902,0,1
2024361458606,2024,361458606,1,9,0,-1,19,1,5,-1,0,1,0,0,0,0,4,1,-1,6,2,28,6,1248,2,16,VAUXHALL CORSA,9,E01026454,0,1
2024531502360,2024,531502360,4,9,0,-1,19,5,1,-1,0,0,0,0,0,0,2,1,-1,9,2,28,6,1199,1,1,VAUXHALL CORSA,7,E01033841,0,4
2024411446041,2024,411446041,2,9,0,-1,19,8,4,-1,0,0,0,0,0,0,1,1,-1,6,2,62,9,1398,1,10,VAUXHALL CORSA,1,E01015736,0,3
202454E933624,2024,54E933624,1,9,0,9,9,3,7,0,0,8,0,0,0,0,1,1,6,6,1,50,8,1248,2,8,VAUXHALL CORSA,9,E01032712,0,1
2024161479361,2024,161479361,1,9,0,-1,9,6,4,-1,0,1,0,0,0,0,1,1,-1,9,1,19,4,998,1,11,VAUXHALL CORSA,10,E01013108,0,1
2024010521016,2024,010521016,1,9,0,99,99,9,9,0,0,8,0,0,0,0,1,9,6,6,1,38,7,1364,1,16,VAUXHALL CORSA,8,E01000190,0,2
2024201435567,2024,201435567,1,9,0,-1,13,5,1,-1,0,8,0,10,7,0,1,9,-1,2,1,21,5,1229,1,18,VAUXHALL CORSA,2,E01009263,0,1
2024010535371,2024,010535371,1,9,0,18,19,5,1,0,0,0,0,4,0,0,1,1,3,7,2,58,9,1199,1,1,VAUXHALL CORSA,3,E01001488,0,1
2024451478006,2024,451478006,1,9,0,-1,19,5,1,-1,0,0,0,0,0,0,1,1,-1,9,1,18,4,1199,1,0,VAUXHALL CORSA,10,E01030945,0,2
2024501484001,2024,501484001,1,9,0,-1,3,5,1,-1,0,1,0,0,0,0,2,1,-1,9,2,29,6,1364,1,17,VAUXHALL CORSA,5,E01020340,0,4
2024010493575,2024,010493575,1,9,0,9,9,5,3,0,0,1,0,0,0,0,3,1,2,2,1,23,5,999,1,8,VAUXHALL CORSA,2,E01001330,0,1
2024201454030,2024,201454030,2,9,0,-1,19,5,1,-1,0,1,0,0,0,0,4,1,-1,9,2,42,7,1398,1,14,VAUXHALL CORSA,1,E01010271,0,1
2024311533063,2024,311533063,1,9,0,-1,19,5,1,-1,0,2,0,0,0,0,4,1,-1,6,1,62,9,1199,1,2,VAUXHALL CORSA,1,E01013883,0,1
2024010501073,2024,010501073,3,9,0,18,19,5,1,0,0,1,0,0,0,0,1,1,3,7,2,31,6,1199,1,4,VAUXHALL CORSA,4,E01000124,0,1
2024991433660,2024,991433660,1,9,0,-1,19,3,7,-1,0,0,0,0,0,0,1,1,-1,9,2,81,11,1398,1,10,VAUXHALL CORSA,7,-1,0,1
2024991487407,2024,991487407,1,9,0,-1,19,3,7,-1,0,8,0,0,0,0,1,1,-1,9,1,47,8,1598,1,12,VAUXHALL CORSA,5,-1,0,1
2024010529993,2024,010529993,1,8,9,99,99,9,9,99,99,9,9,99,9,99,1,9,6,6,1,83,11,1364,1,15,VAUXHALL CORSA,4,E01004303,0,1
2024340WN0202,2024,340WN0202,3,9,0,-1,19,4,8,-1,0,0,1,1,0,7,1,1,-1,9,1,18,4,1229,1,14,VAUXHALL CORSA,4,E01001406,0,4
2024010520446,2024,010520446,1,9,0,99,99,9,9,99,99,9,9,99,9,99,2,9,6,6,1,19,4,1364,1,15,VAUXHALL CORSA,3,E01002049,0,1
2024010527574,2024,010527574,1,9,0,9,9,5,4,9,9,2,0,11,1,1,1,1,6,6,2,32,6,1398,1,8,VAUXHALL CORSA,5,E01003632,0,3
2024440257045,2024,440257045,1,9,0,4,4,3,7,0,0,0,0,0,0,0,2,1,6,6,2,24,5,1229,1,10,VAUXHALL CORSA,2,E01022915,0,2
2024361436665,2024,361436665,1,9,0,-1,7,6,4,-1,0,5,0,0,0,0,4,1,-1,6,2,19,4,1199,1,2,VAUXHALL CORSA,10,E01035144,0,2
2024991444392,2024,991444392,2,9,0,-1,19,4,8,-1,0,3,0,0,0,0,1,1,-1,6,2,68,10,1229,1,11,VAUXHALL CORSA,10,-1,0,1
2024131509580,2024,131509580,1,9,0,-1,9,1,5,-1,0,1,0,0,0,0,4,1,-1,9,2,30,6,1199,1,4,VAUXHALL CORSA,6,E01011883,0,3
2024501428453,2024,501428453,2,9,0,-1,19,4,6,-1,0,8,0,0,0,0,2,1,-1,9,1,60,9,1364,1,19,VAUXHALL CORSA,9,E01020265,0,2
2024311523253,2024,311523253,1,9,0,-1,5,3,7,-1,0,0,0,0,0,0,3,1,-1,6,1,19,4,1229,1,12,VAUXHALL CORSA,-1,-1,0,-1
2024622400198,2024,622400198,1,9,0,17,19,8,4,0,0,0,2,10,1,4,3,1,6,6,1,19,4,1229,1,11,VAUXHALL CORSA,10,W01001159,0,1
2024221445900,2024,221445900,2,9,0,-1,19,2,5,-1,0,1,0,0,1,10,1,9,-1,6,2,52,8,1199,1,1,VAUXHALL CORSA,6,W01000501,0,4
2024411518045,2024,411518045,2,9,0,-1,-1,-1,-1,-1,-1,-1,-1,-1,-1,0,2,9,-1,6,1,23,5,1389,1,21,VAUXHALL CORSA,3,E01023613,0,2
2024141494601,2024,141494601,2,9,0,-1,19,3,7,-1,0,0,0,0,0,0,3,1,-1,6,3,-1,-1,1199,1,4,VAUXHALL CORSA,-1,-1,0,-1
2024522402088,2024,522402088,2,9,0,9,9,3,1,0,0,5,0,0,0,0,4,1,6,6,1,27,6,998,1,13,VAUXHALL CORSA,2,E01014575,0,1
2024070870467,2024,070870467,1,9,0,-1,19,5,1,-1,0,0,0,7,2,7,1,1,-1,9,1,26,6,1398,1,12,VAUXHALL CORSA,5,E01018496,0,4
2024201473103,2024,201473103,2,9,0,-1,9,8,6,-1,0,1,0,0,0,0,3,1,-1,9,1,43,7,1229,1,10,VAUXHALL CORSA,2,E01010093,0,1
2024361411305,2024,361411305,1,9,0,-1,19,4,8,-1,0,1,0,0,0,0,1,1,-1,6,3,-1,-1,1398,1,14,VAUXHALL CORSA,-1,-1,0,-1
2024991395765,2024,991395765,2,9,0,-1,19,4,8,-1,0,0,0,0,0,0,1,1,-1,6,1,20,4,1398,1,13,VAUXHALL CORSA,2,-1,0,2
2024991463630,2024,991463630,2,9,0,-1,3,7,3,-1,0,4,0,0,0,0,2,1,-1,9,2,18,4,1248,2,15,VAUXHALL CORSA,2,-1,0,4
2024631396759,2024,631396759,1,9,0,-1,19,5,1,-1,0,0,1,0,7,11,1,1,-1,2,1,25,5,1364,1,17,VAUXHALL CORSA,4,W01000542,0,1
2024340WN2112,2024,340WN2112,2,9,0,-1,19,7,5,-1,0,0,0,0,0,0,1,1,-1,6,2,23,5,1398,1,7,VAUXHALL CORSA,10,E01028457,0,3
2024522401936,2024,522401936,3,9,0,18,19,2,6,0,0,2,0,0,0,0,1,1,6,6,2,25,5,1229,1,10,VAUXHALL CORSA,9,E01014898,0,3
2024451444306,2024,451444306,1,9,0,-1,19,6,2,-1,0,0,2,0,1,4,3,1,-1,9,1,26,6,1398,1,13,VAUXHALL CORSA,4,E01017071,0,4
2024531462370,2024,531462370,1,9,0,-1,19,6,2,-1,0,0,0,4,0,0,1,1,-1,9,2,23,5,1398,1,11,VAUXHALL CORSA,8,E01022123,0,1
2024302400225,2024,302400225,1,9,0,7,7,6,8,0,0,6,0,0,1,2,3,1,6,6,1,30,6,1199,1,3,VAUXHALL CORSA,7,E01026193,0,4
2024371451299,2024,371451299,2,9,0,-1,19,7,3,-1,0,8,0,0,0,0,3,1,-1,9,2,19,4,1199,1,23,VAUXHALL CORSA,3,E01029916,0,1
2024430390574,2024,430390574,2,9,0,18,19,1,5,0,0,1,0,0,0,0,1,1,6,6,2,20,4,1398,1,10,VAUXHALL CORSA,2,E01016443,0,1
2024211463266,2024,211463266,2,9,0,-1,10,3,1,-1,0,1,0,0,0,0,3,1,-1,6,2,81,11,1398,1,12,VAUXHALL CORSA,9,E01033257,0,1
2024320709833,2024,320709833,1,9,0,-1,-1,2,6,0,0,1,2,0,1,0,1,1,6,6,1,17,4,1248,2,13,VAUXHALL CORSA,7,E01026412,0,1
2024520401456,2024,520401456,1,9,0,10,10,1,7,0,0,8,0,0,0,0,2,1,6,6,2,26,6,1398,1,13,VAUXHALL CORSA,10,E01029074,0,1
2024221516209,2024,221516209,1,9,0,-1,19,4,8,-1,0,3,0,0,1,11,1,9,-1,9,1,20,4,1398,1,8,VAUXHALL CORSA,4,E01014136,0,2
2024411515214,2024,411515214,1,9,0,-1,19,5,1,-1,-1,0,0,0,0,0,1,1,-1,6,1,18,4,1199,1,3,VAUXHALL CORSA,4,E01023337,0,1
2024010538074,2024,010538074,4,9,0,2,2,0,0,0,0,2,0,0,0,0,3,1,6,6,3,-1,-1,1598,1,11,VAUXHALL CORSA,-1,-1,0,-1
2024010540397,2024,010540397,2,9,0,18,19,1,5,0,0,2,0,0,0,0,4,1,6,6,1,36,7,1364,1,16,VAUXHALL CORSA,7,E01000250,0,1
2024430375862,2024,430375862,2,9,0,18,19,2,6,0,0,0,5,0,0,0,1,1,6,6,1,83,11,1229,1,14,VAUXHALL CORSA,9,E01028485,0,2
2024131456014,2024,131456014,3,9,0,-1,19,1,5,-1,0,0,0,0,0,0,2,1,-1,6,1,25,5,1229,1,14,VAUXHALL CORSA,9,E01022846,0,5
2024041445763,2024,041445763,2,9,0,-1,19,5,1,-1,0,0,0,0,0,0,2,1,-1,9,2,43,7,1229,1,11,VAUXHALL CORSA,7,E01024955,0,1
202417M106224,2024,17M106224,1,9,0,-1,19,5,1,-1,0,0,0,0,0,0,3,1,-1,9,1,20,4,1398,1,10,VAUXHALL CORSA,1,E01012093,0,1
2024461479835,2024,461479835,2,9,0,-1,19,2,4,-1,0,0,0,0,0,0,3,1,-1,9,1,18,4,1398,1,10,VAUXHALL CORSA,9,E01016091,0,3
2024010522570,2024,010522570,1,9,0,5,5,7,3,0,0,1,0,0,1,0,4,1,6,6,1,23,5,1398,1,9,VAUXHALL CORSA,2,E01021667,0,4
2024501476189,2024,501476189,2,9,0,-1,5,4,8,-1,0,8,0,0,0,0,1,2,-1,9,2,32,6,1398,1,7,VAUXHALL CORSA,3,E01010509,0,5
2024161515339,2024,161515339,2,9,0,-1,4,1,7,-1,0,4,0,0,0,0,2,1,-1,6,2,74,10,1229,1,14,VAUXHALL CORSA,-1,-1,0,-1
2024361439277,2024,361439277,1,9,0,-1,9,8,5,-1,0,6,0,0,0,0,3,1,-1,6,1,17,4,1196,1,29,VAUXHALL CORSA,7,E01026434,0,3
2024631467587,2024,631467587,2,9,0,-1,19,3,7,-1,0,8,1,0,1,10,1,1,-1,6,1,25,5,1248,2,15,VAUXHALL CORSA,5,W01000522,0,3
2024548463624,2024,548463624,2,9,0,4,4,3,7,0,0,1,0,0,0,0,2,1,6,6,1,35,6,-1,3,3,VAUXHALL CORSA,-1,-1,0,-1
2024041409941,2024,041409941,1,9,0,-1,13,6,2,-1,0,0,0,0,7,11,1,1,-1,9,2,61,9,1229,1,10,VAUXHALL CORSA,10,E01025355,0,1
2024991509289,2024,991509289,1,9,0,-1,19,4,8,-1,0,3,1,0,0,0,1,1,-1,6,1,18,4,1398,1,6,VAUXHALL CORSA,3,-1,0,2
2024501410583,2024,501410583,2,9,0,-1,8,1,3,-1,0,1,0,0,0,0,2,9,-1,9,1,53,8,1199,1,3,VAUXHALL CORSA,5,E01020137,0,3
2024052400965,2024,052400965,2,9,0,18,19,7,3,0,0,0,0,0,0,0,3,1,6,6,2,18,4,1398,1,7,VAUXHALL CORSA,1,E01006850,0,3
2024211457457,2024,211457457,1,9,0,-1,7,2,6,-1,0,8,0,0,0,0,4,1,-1,6,2,22,5,1199,1,21,VAUXHALL CORSA,9,E01029791,0,1
2024302401684,2024,302401684,1,9,0,-1,19,5,1,-1,0,0,0,0,0,0,1,1,-1,1,2,44,7,1398,1,13,VAUXHALL CORSA,2,E01013453,0,3
2024351420993,2024,351420993,1,9,0,-1,12,1,5,-1,0,0,1,0,4,6,1,1,-1,7,2,18,4,1398,1,13,VAUXHALL CORSA,3,E01035552,0,3
2024622400794,2024,622400794,1,9,0,18,19,4,8,0,0,0,5,0,8,7,1,1,6,6,1,42,7,1248,2,15,VAUXHALL CORSA,3,W01001140,0,1
2024041497766,2024,041497766,1,9,0,-1,-1,6,2,-1,-1,0,0,0,0,0,3,1,-1,-1,2,26,6,1199,1,2,VAUXHALL CORSA,2,E01012384,0,4
2024430363787,2024,430363787,3,9,0,4,4,1,5,0,0,0,0,0,0,0,2,1,1,1,2,27,6,1398,1,9,VAUXHALL CORSA,5,E01009032,0,4
2024141453273,2024,141453273,1,9,0,-1,19,2,5,-1,0,8,0,0,0,0,3,1,-1,6,1,18,4,1229,1,14,VAUXHALL CORSA,7,E01007334,0,1
2024041515462,2024,041515462,1,9,0,-1,9,-1,-1,-1,0,6,0,0,0,0,1,9,-1,6,3,-1,-1,1248,2,14,VAUXHALL CORSA,-1,-1,0,-1
2024543356724,2024,543356724,1,9,0,18,19,5,1,0,0,0,0,0,0,0,1,1,6,6,1,49,8,998,1,10,VAUXHALL CORSA,9,E01031847,0,1
2024070611646,2024,070611646,1,9,0,18,19,5,1,0,0,0,0,0,0,0,1,1,2,2,1,27,6,1398,1,8,VAUXHALL CORSA,2,E01033983,0,4
2024371427080,2024,371427080,1,9,0,-1,19,6,2,-1,0,0,2,0,1,0,1,1,-1,6,2,38,7,1398,1,8,VAUXHALL CORSA,8,E01035151,0,4
2024401541943,2024,401541943,1,9,0,-1,4,4,8,-1,0,0,0,0,0,0,2,1,-1,9,2,21,5,1229,1,17,VAUXHALL CORSA,6,E01015780,0,1
2024302401379,2024,302401379,1,9,0,12,12,7,4,0,0,8,0,0,1,1,3,1,2,2,2,45,7,999,1,8,VAUXHALL CORSA,3,E01029752,0,4
2024201466706,2024,201466706,1,9,0,-1,9,1,6,-1,0,6,0,0,0,0,1,1,-1,6,1,44,7,1398,1,7,VAUXHALL CORSA,-1,-1,0,-1
2024531415630,2024,531415630,3,9,0,-1,19,5,1,-1,0,0,0,0,0,0,1,1,-1,6,1,35,6,1199,1,3,VAUXHALL CORSA,6,E01031187,0,4
2024461472241,2024,461472241,1,9,0,-1,19,2,6,-1,0,0,0,4,0,0,1,1,-1,9,2,34,6,999,1,9,VAUXHALL CORSA,3,E01024559,0,2
2024141483665,2024,141483665,2,9,0,-1,19,5,1,-1,0,8,0,0,0,0,1,1,-1,6,1,36,7,1229,1,12,VAUXHALL CORSA,3,E01007572,0,1
2024221512197,2024,221512197,1,9,0,-1,4,8,4,-1,0,0,0,0,0,0,2,9,-1,9,2,61,9,1229,1,11,VAUXHALL CORSA,4,E01032430,0,1
2024111425484,2024,111425484,2,9,0,-1,19,1,5,-1,0,0,0,0,0,0,2,1,-1,1,2,24,5,1229,1,12,VAUXHALL CORSA,10,E01020603,0,2
2024010531303,2024,010531303,1,9,0,10,10,3,8,0,0,2,0,0,0,0,1,1,2,2,2,32,6,1229,1,16,VAUXHALL CORSA,1,E01000061,0,1
2024010546836,2024,010546836,1,9,0,18,19,3,7,0,0,8,1,0,0,0,1,1,6,6,1,58,9,1364,1,16,VAUXHALL CORSA,3,E01035659,0,1
2024161404837,2024,161404837,1,9,0,-1,10,7,5,-1,0,1,0,0,0,0,2,9,-1,6,2,25,5,1398,1,13,VAUXHALL CORSA,4,E01013314,0,1
2024041447520,2024,041447520,1,9,0,-1,19,5,3,-1,0,0,0,0,0,0,1,1,-1,9,1,18,4,1398,1,14,VAUXHALL CORSA,8,E01034347,0,1
2024320621221,2024,320621221,1,9,0,-1,-1,4,8,0,0,1,0,0,0,0,4,1,-1,-1,1,30,6,1398,1,6,VAUXHALL CORSA,4,E01013255,0,4
2024311428725,2024,311428725,2,9,0,-1,5,3,5,-1,0,1,0,0,0,0,1,1,-1,9,2,36,7,1364,1,16,VAUXHALL CORSA,-1,-1,0,-1
2024451445617,2024,451445617,1,9,0,-1,5,5,3,-1,0,6,0,0,7,0,3,1,-1,2,2,47,8,1398,1,8,VAUXHALL CORSA,5,E01031551,0,2
2024421469100,2024,421469100,2,9,0,-1,3,1,5,-1,0,0,0,0,0,0,2,1,-1,6,1,49,8,1398,1,5,VAUXHALL CORSA,6,E01023320,0,4
2024052402111,2024,052402111,1,9,0,9,9,2,8,0,0,8,0,0,0,0,1,1,2,2,2,39,7,1199,1,1,VAUXHALL CORSA,1,E01006705,0,1
2024010536709,2024,010536709,1,9,0,18,19,1,5,0,0,0,0,0,0,0,4,1,6,6,2,44,7,1398,1,13,VAUXHALL CORSA,9,E01004598,0,1
2024430358649,2024,430358649,1,9,0,7,7,5,7,0,0,6,0,0,0,0,1,1,6,6,1,45,7,1398,1,8,VAUXHALL CORSA,10,E01016701,0,4
2024340NN0332,2024,340NN0332,1,9,0,-1,19,5,1,-1,0,0,0,0,0,0,1,1,-1,6,1,26,6,1248,2,8,VAUXHALL CORSA,2,E01027351,0,1
2024211503414,2024,211503414,2,9,0,-1,19,6,1,-1,0,2,0,0,0,0,3,1,-1,6,1,35,6,1398,1,8,VAUXHALL CORSA,7,E01029574,0,3
2024010527712,2024,010527712,2,9,0,99,99,9,9,99,99,9,9,99,9,99,9,9,6,6,3,28,6,-1,3,2,VAUXHALL CORSA,2,E01003046,0,2
202454F218324,2024,54F218324,1,9,0,9,9,6,4,0,0,8,0,0,0,0,1,1,6,6,2,19,4,1229,1,10,VAUXHALL CORSA,4,E01031851,0,1
2024471492068,2024,471492068,1,9,0,-1,19,1,5,-1,0,3,0,0,3,0,1,1,-1,6,2,-1,-1,1364,1,8,VAUXHALL CORSA,6,E01031419,0,3
2024361443530,2024,361443530,2,9,0,-1,5,3,7,-1,0,0,0,0,0,0,4,1,-1,9,2,76,11,1398,1,10,VAUXHALL CORSA,7,E01026490,0,1
2024041422142,2024,041422142,3,9,0,-1,19,3,7,-1,0,1,0,0,0,0,4,1,-1,2,2,26,6,1398,1,6,VAUXHALL CORSA,1,E01024908,0,1