collision_index,collision_year,collision_ref_no,vehicle_reference,vehicle_type,towing_and_articulation,vehicle_manoeuvre_historic,vehicle_manoeuvre,vehicle_direction_from,vehicle_direction_to,vehicle_location_restricted_lane_historic,vehicle_location_restricted_lane,junction_location,skidding_and_overturning,hit_object_in_carriageway,vehicle_leaving_carriageway,hit_object_off_carriageway,first_point_of_impact,vehicle_left_hand_drive,journey_purpose_of_driver_historic,journey_purpose_of_driver,sex_of_driver,age_of_driver,age_band_of_driver,engine_capacity_cc,propulsion_code,age_of_vehicle,generic_make_model,driver_imd_decile,lsoa_of_driver,escooter_flag,driver_distance_banding
2024131419130,2024,131419130,1,9,0,-1,19,4,4,-1,0,0,0,0,0,0,1,2,-1,9,2,25,5,1364,1,14,VAUXHALL CORSA,2,E01010894,0,2
2024201479568,2024,201479568,1,9,0,-1,19,4,8,-1,0,0,0,0,0,0,3,9,-1,1,2,32,6,1398,1,5,VAUXHALL CORSA,-1,-1,0,-1
2024161473833,2024,161473833,1,9,0,-1,13,3,7,-1,0,1,1,0,7,4,1,9,-1,6,1,31,6,1199,1,0,VAUXHALL CORSA,-1,-1,0,-1
2024201456113,2024,201456113,1,9,0,-1,19,8,4,-1,0,3,0,0,0,0,1,9,-1,6,2,36,7,1229,1,10,VAUXHALL CORSA,2,E01010476,0,1
2024401472270,2024,401472270,1,9,0,-1,4,2,1,-1,0,4,0,0,0,0,1,1,-1,6,1,30,6,1398,1,14,VAUXHALL CORSA,2,E01015735,0,1
2024131509624,2024,131509624,1,9,0,-1,19,1,5,-1,0,0,0,0,0,0,1,1,-1,6,1,55,8,1199,1,2,VAUXHALL CORSA,3,-1,0,5
2024010535888,2024,010535888,2,9,0,4,4,7,3,0,0,0,0,0,0,0,2,1,6,6,1,25,5,1398,1,6,VAUXHALL CORSA,4,E01001694,0,1
2024991498350,2024,991498350,2,9,0,-1,19,3,8,-1,0,3,0,0,0,0,4,1,-1,1,1,47,8,1248,2,11,VAUXHALL CORSA,3,-1,0,2
2024411536316,2024,411536316,1,9,0,-1,7,7,1,-1,0,3,0,0,0,0,4,1,-1,1,1,22,5,1229,1,9,VAUXHALL CORSA,7,E01023298,0,1
2024201527480,2024,201527480,1,9,0,-1,19,5,1,-1,0,8,0,0,0,0,3,1,-1,9,1,24,5,1398,1,11,VAUXHALL CORSA,2,E01010097,0,2
2024430291592,2024,430291592,2,9,0,18,19,8,2,0,0,3,0,0,0,0,1,1,6,6,2,75,10,1398,1,9,VAUXHALL CORSA,-1,-1,0,-1
2024302400236,2024,302400236,1,9,0,9,9,6,4,0,0,6,0,0,0,0,1,1,1,1,2,23,5,1398,1,13,VAUXHALL CORSA,1,E01019625,0,1
2024201514418,2024,201514418,1,9,0,-1,9,1,4,-1,0,6,0,0,0,0,1,1,-1,6,1,28,6,1398,1,7,VAUXHALL CORSA,3,E01009003,0,3
2024231508347,2024,231508347,2,9,0,-1,9,5,3,-1,0,8,0,0,0,0,1,9,-1,6,1,25,5,1248,2,8,VAUXHALL CORSA,5,E01033274,0,4
2024440244800,2024,440244800,2,9,0,5,5,5,1,0,0,6,0,0,0,0,1,1,2,2,1,23,5,998,1,17,VAUXHALL CORSA,9,E01022644,0,3
2024340WN5272,2024,340WN5272,1,9,0,-1,1,5,1,-1,0,0,0,0,0,0,3,1,-1,8,1,-1,-1,1398,1,8,VAUXHALL CORSA,5,E01035424,0,1
2024332400146,2024,332400146,2,9,0,-1,19,1,4,-1,0,8,0,0,1,1,1,1,-1,9,1,19,4,1398,1,8,VAUXHALL CORSA,7,E01028378,0,2
2024522402514,2024,522402514,2,9,0,9,9,3,1,0,0,8,0,0,0,0,1,1,6,6,3,-1,-1,1229,1,19,VAUXHALL CORSA,-1,-1,0,-1
2024332400458,2024,332400458,2,9,0,-1,19,6,2,-1,0,1,0,0,0,0,1,1,-1,6,1,20,4,1598,1,10,VAUXHALL CORSA,8,E01025643,0,1
2024622400530,2024,622400530,1,9,0,18,19,4,8,0,0,0,1,0,0,0,1,1,6,6,2,18,4,1229,1,16,VAUXHALL CORSA,3,W01001162,0,3
2024061481888,2024,061481888,2,9,0,-1,9,5,2,-1,0,1,0,0,0,0,4,1,-1,9,1,90,11,1229,1,9,VAUXHALL CORSA,3,E01005524,0,1
2024401516320,2024,401516320,2,9,-1,-1,-1,-1,-1,-1,-1,4,-1,-1,-1,0,-1,1,-1,6,1,17,4,1229,1,14,VAUXHALL CORSA,6,E01031085,0,4
2024471522714,2024,471522714,1,9,0,-1,19,7,3,-1,0,0,0,0,1,4,1,1,-1,6,2,17,4,1229,1,13,VAUXHALL CORSA,7,E01031543,0,1
2024631426637,2024,631426637,1,9,0,-1,9,4,2,-1,0,5,0,0,0,0,1,1,-1,6,1,70,10,1398,1,9,VAUXHALL CORSA,8,W01000597,0,1
2024161501464,2024,161501464,3,9,0,-1,19,8,4,-1,0,0,0,0,0,0,1,9,-1,2,2,20,4,1398,1,5,VAUXHALL CORSA,1,E01012778,0,1
2024070230812,2024,070230812,2,9,0,18,19,3,7,0,0,8,1,0,7,0,4,1,6,6,1,56,9,1248,2,17,VAUXHALL CORSA,5,E01018728,0,1
2024311523012,2024,311523012,1,9,0,-1,5,4,8,-1,0,0,0,0,0,0,1,1,-1,6,2,37,7,1229,1,9,VAUXHALL CORSA,-1,-1,0,-1
2024401521918,2024,401521918,1,9,0,-1,9,3,1,-1,0,6,0,0,0,0,1,1,-1,6,2,19,4,999,1,9,VAUXHALL CORSA,2,E01015704,0,1
2024451448677,2024,451448677,1,9,0,-1,19,4,8,-1,0,1,0,0,0,0,1,1,-1,9,1,26,6,1229,1,12,VAUXHALL CORSA,4,E01013929,0,5
202460Q141345,2024,60Q141345,1,9,0,9,9,5,3,0,0,1,0,0,0,0,1,1,6,6,2,20,4,1229,1,15,VAUXHALL CORSA,-1,-1,0,-1
2024401405177,2024,401405177,1,9,0,-1,5,5,1,-1,0,8,0,0,0,0,3,1,-1,1,1,34,6,-1,-1,-1,VAUXHALL CORSA,4,E01023349,0,3
2024052402356,2024,052402356,1,9,0,18,19,8,6,0,0,8,0,0,0,0,1,1,6,6,2,47,8,1199,1,2,VAUXHALL CORSA,1,E01006599,0,1
2024320016550,2024,320016550,1,9,0,18,19,7,3,0,0,2,0,4,0,0,1,1,-1,-1,2,77,11,1248,2,20,VAUXHALL CORSA,4,E01026180,0,1
2024010512111,2024,010512111,1,9,0,17,19,5,1,0,0,1,2,4,0,0,4,1,6,6,1,22,5,1398,1,7,VAUXHALL CORSA,2,E01002811,0,1
2024461505041,2024,461505041,2,9,0,-1,7,2,6,-1,0,3,1,0,1,4,1,1,-1,9,2,39,7,1199,1,4,VAUXHALL CORSA,5,E01024254,0,1
2024070211643,2024,070211643,1,9,0,18,19,1,5,0,0,0,5,7,1,0,3,1,6,6,2,21,5,1398,1,6,VAUXHALL CORSA,6,E01007158,0,3
2024332401077,2024,332401077,1,9,0,-1,19,3,7,-1,0,0,5,0,1,0,1,1,-1,9,1,18,4,1398,1,8,VAUXHALL CORSA,8,E01025942,0,1
2024010519505,2024,010519505,1,9,0,99,99,9,9,99,99,9,9,99,9,99,2,9,6,6,1,27,6,1229,1,15,VAUXHALL CORSA,4,E01002030,0,1
2024631466638,2024,631466638,1,9,0,-1,19,4,8,-1,0,0,2,0,1,10,4,1,-1,9,1,60,9,1229,1,14,VAUXHALL CORSA,5,W01000728,0,2
2024461414094,2024,461414094,1,9,0,-1,19,5,1,-1,0,0,1,10,1,0,1,9,-1,6,2,35,6,1229,1,17,VAUXHALL CORSA,3,E01024248,0,3
2024071018455,2024,071018455,2,9,0,-1,19,8,4,-1,0,8,0,0,0,0,1,1,-1,2,2,20,4,1229,1,12,VAUXHALL CORSA,2,E01018546,0,1
2024161460593,2024,161460593,1,9,0,-1,9,6,4,-1,0,0,0,0,0,0,3,1,-1,2,1,60,9,1364,1,15,VAUXHALL CORSA,5,E01013271,0,2
2024361466392,2024,361466392,2,9,0,-1,19,7,3,-1,0,2,0,0,0,0,1,2,-1,9,2,51,8,1199,1,4,VAUXHALL CORSA,5,E01026878,0,1
2024371501128,2024,371501128,2,9,0,-1,19,5,1,-1,0,1,0,0,0,0,1,1,-1,9,2,30,6,1398,1,8,VAUXHALL CORSA,6,E01030151,0,1
2024010510704,2024,010510704,1,9,0,99,99,9,9,99,99,0,9,99,9,99,3,9,6,6,1,22,5,1229,1,13,VAUXHALL CORSA,4,E01001763,0,2
2024421422066,2024,421422066,2,9,0,-1,19,1,5,-1,0,1,1,0,7,0,4,1,-1,9,2,90,11,1398,1,9,VAUXHALL CORSA,7,E01035173,0,1
2024991401420,2024,991401420,1,9,0,-1,19,7,3,-1,0,0,0,0,0,0,1,1,-1,2,1,26,6,1398,1,9,VAUXHALL CORSA,2,-1,0,2
2024161430926,2024,161430926,1,9,0,-1,19,5,1,-1,0,2,5,0,1,2,1,9,-1,6,1,19,4,998,1,15,VAUXHALL CORSA,8,E01013170,0,1
2024501408670,2024,501408670,1,9,0,-1,19,2,6,-1,0,0,0,0,0,0,1,9,-1,6,2,60,9,1364,1,15,VAUXHALL CORSA,6,E01020232,0,1
2024302401406,2024,302401406,1,9,0,13,13,7,3,0,0,0,1,0,1,4,1,1,6,6,1,35,6,1248,2,16,VAUXHALL CORSA,4,E01019742,0,2
2024461447545,2024,461447545,2,9,0,-1,3,4,3,-1,0,1,0,0,4,0,2,9,-1,1,2,57,9,1229,1,11,VAUXHALL CORSA,4,E01021498,0,4
2024111536746,2024,111536746,1,9,0,-1,19,1,5,-1,0,4,0,0,0,0,1,1,-1,6,1,30,6,1248,2,7,VAUXHALL CORSA,3,E01020881,0,1
2024131448257,2024,131448257,1,9,0,-1,19,7,3,-1,0,0,1,0,2,7,4,1,-1,9,1,19,4,1229,1,13,VAUXHALL CORSA,7,E01013020,0,4
2024161427741,2024,161427741,3,9,0,-1,19,6,2,-1,0,1,1,0,0,0,1,1,-1,6,1,20,4,1229,1,12,VAUXHALL CORSA,1,E01012918,0,2
2024041503410,2024,041503410,1,9,0,-1,19,3,7,-1,0,0,0,0,0,0,1,1,-1,2,2,18,4,1229,1,13,VAUXHALL CORSA,7,E01024874,0,3
2024522401933,2024,522401933,2,9,0,18,19,8,4,0,0,0,0,0,0,0,1,1,6,6,1,78,11,1199,1,2,VAUXHALL CORSA,7,E01014945,0,3
2024070910189,2024,070910189,1,9,0,-1,19,7,3,-1,0,0,2,0,1,11,4,1,-1,6,1,22,5,1229,1,9,VAUXHALL CORSA,7,E01035370,0,1
2024440534546,2024,440534546,1,9,0,18,19,6,2,0,0,8,0,0,0,0,1,1,6,6,2,24,5,1229,1,18,VAUXHALL CORSA,7,E01023255,0,1
2024101498662,2024,101498662,1,9,0,-1,19,1,5,-1,0,0,0,0,0,0,1,9,-1,9,1,25,5,1229,1,17,VAUXHALL CORSA,3,E01008805,0,1
2024311525242,2024,311525242,3,9,0,-1,2,0,0,-1,0,0,0,0,0,0,2,1,-1,6,2,26,6,1229,1,17,VAUXHALL CORSA,1,E01013812,0,1
2024481564358,2024,481564358,1,9,0,-1,9,7,4,-1,0,8,0,0,0,0,4,1,-1,9,1,23,5,1364,1,15,VAUXHALL CORSA,-1,-1,0,-1
2024522401882,2024,522401882,3,9,0,2,2,0,0,0,0,2,0,0,0,0,1,1,6,6,3,-1,-1,1199,1,4,VAUXHALL CORSA,-1,-1,0,-1
2024010527571,2024,010527571,2,9,0,17,19,5,2,0,0,1,0,0,2,10,1,1,6,6,2,17,4,1398,1,6,VAUXHALL CORSA,6,E01021491,0,4
2024991435301,2024,991435301,2,9,0,-1,19,4,8,-1,0,8,0,0,0,0,1,1,-1,1,2,45,7,1199,1,4,VAUXHALL CORSA,-1,-1,0,-1
2024371475246,2024,371475246,2,9,0,-1,19,3,7,-1,0,8,0,0,0,0,3,1,-1,9,1,22,5,998,1,10,VAUXHALL CORSA,8,E01030121,0,1
2024361466768,2024,361466768,2,9,0,-1,4,-1,-1,-1,0,0,0,0,0,0,3,1,-1,2,2,55,8,1229,1,12,VAUXHALL CORSA,9,E01026570,0,2
2024010545999,2024,010545999,2,9,0,99,99,9,9,99,99,9,9,99,9,99,1,9,6,6,2,45,7,1229,1,16,VAUXHALL CORSA,2,E01001486,0,1
2024010536234,2024,010536234,1,9,0,7,7,7,1,0,0,6,0,0,0,0,3,1,6,6,1,28,6,1364,1,17,VAUXHALL CORSA,7,E01000391,0,1
2024471442654,2024,471442654,1,9,0,-1,19,1,5,-1,0,0,0,0,0,0,1,1,-1,6,1,34,6,1199,1,1,VAUXHALL CORSA,6,E01021204,0,3
2024622400611,2024,622400611,2,9,0,2,2,0,0,0,0,0,0,0,0,0,4,1,6,6,3,-1,-1,1398,1,11,VAUXHALL CORSA,-1,-1,0,-1
2024401449334,2024,401449334,1,9,0,-1,5,7,3,-1,0,0,0,0,0,0,1,1,-1,2,1,19,4,1229,1,13,VAUXHALL CORSA,9,E01017585,0,1
2024411471688,2024,411471688,1,9,0,-1,9,4,2,-1,0,0,0,0,0,0,1,1,-1,6,2,87,11,1398,1,11,VAUXHALL CORSA,10,E01023568,0,1
2024501420012,2024,501420012,2,9,0,-1,2,0,0,-1,9,2,0,0,0,0,4,1,-1,6,-1,-1,-1,1364,1,9,VAUXHALL CORSA,-1,-1,0,-1
202460Q007676,2024,60Q007676,2,9,0,18,19,1,5,0,0,8,0,0,1,0,1,1,6,6,1,87,11,1398,1,8,VAUXHALL CORSA,-1,-1,0,-1
2024361520387,2024,361520387,2,9,0,-1,3,2,3,-1,0,0,0,0,0,0,2,1,-1,2,1,27,6,1199,1,3,VAUXHALL CORSA,7,E01026420,0,2
2024552400582,2024,552400582,1,9,0,4,4,6,2,0,0,0,0,0,0,0,1,1,2,2,1,37,7,1398,1,5,VAUXHALL CORSA,1,E01015279,0,3
2024311486443,2024,311486443,1,9,0,-1,19,3,7,-1,0,1,1,0,0,0,1,1,-1,2,1,30,6,1199,1,21,VAUXHALL CORSA,-1,-1,0,-1
2024332400491,2024,332400491,3,9,0,-1,19,8,4,-1,0,0,0,0,0,0,4,1,-1,6,3,-1,-1,1248,2,17,VAUXHALL CORSA,-1,-1,0,-1
2024010498655,2024,010498655,1,9,0,9,9,4,2,0,0,4,0,0,0,0,1,1,6,6,2,32,6,-1,3,2,VAUXHALL CORSA,6,E01001236,0,2
2024332400440,2024,332400440,1,9,0,-1,19,8,3,-1,0,0,1,0,0,0,1,1,-1,2,2,25,5,1229,1,13,VAUXHALL CORSA,6,E01025897,0,2
2024010536407,2024,010536407,1,9,0,99,99,9,9,99,99,9,9,99,9,99,2,9,6,6,2,26,6,1398,1,14,VAUXHALL CORSA,5,E01033083,0,3
2024430361298,2024,430361298,2,9,0,4,4,6,2,0,0,0,0,0,1,0,0,1,2,2,1,35,6,1229,1,15,VAUXHALL CORSA,9,E01016794,0,4
2024302401334,2024,302401334,1,9,0,9,9,2,1,0,0,8,0,0,1,0,3,1,6,6,2,20,4,1398,1,6,VAUXHALL CORSA,4,E01019526,0,1
2024421524068,2024,421524068,1,9,0,-1,19,8,6,-1,0,1,0,0,0,0,1,1,-1,9,1,66,10,1398,1,5,VAUXHALL CORSA,3,E01000095,0,4
2024131508147,2024,131508147,1,9,0,-1,19,1,5,-1,0,0,0,0,1,9,1,1,-1,6,1,26,6,1199,1,1,VAUXHALL CORSA,5,E01011770,0,1
2024340WN3702,2024,340WN3702,1,9,0,-1,19,1,5,-1,0,1,0,0,0,0,1,1,-1,9,1,31,6,1248,2,11,VAUXHALL CORSA,4,E01027225,0,1
2024311403403,2024,311403403,1,9,0,-1,7,5,1,-1,0,2,1,0,0,0,1,1,-1,9,1,46,8,1398,1,8,VAUXHALL CORSA,10,E01028328,0,3
2024070511262,2024,070511262,4,9,0,2,2,0,0,0,0,0,0,0,0,0,1,1,6,6,2,-1,-1,1248,2,16,VAUXHALL CORSA,-1,-1,0,-1
2024461403327,2024,461403327,1,9,0,-1,7,5,7,-1,0,1,0,0,0,0,4,1,-1,6,1,28,6,-1,-1,-1,VAUXHALL CORSA,4,E01024208,0,3
2024421520191,2024,421520191,2,9,0,-1,19,3,7,-1,0,0,0,0,0,0,1,1,-1,9,2,56,9,1229,1,9,VAUXHALL CORSA,3,E01021641,0,1
2024131425498,2024,131425498,1,9,0,-1,4,8,4,-1,0,8,0,0,0,0,2,1,-1,6,2,-1,-1,1364,1,16,VAUXHALL CORSA,-1,-1,0,-1
2024070474063,2024,070474063,1,9,0,18,19,1,5,0,0,0,0,0,0,0,1,1,6,6,2,78,11,1398,1,9,VAUXHALL CORSA,8,E01012389,0,1
2024361501493,2024,361501493,1,9,0,-1,19,3,7,-1,0,0,1,0,0,0,4,2,-1,2,1,27,6,1398,1,10,VAUXHALL CORSA,3,E01034769,0,1
2024010510963,2024,010510963,1,9,0,99,99,9,9,99,99,9,9,99,9,99,2,9,6,6,2,39,7,1398,1,12,VAUXHALL CORSA,8,E01001027,0,1
2024201482437,2024,201482437,1,9,0,-1,4,2,6,-1,0,1,0,0,0,0,2,9,-1,6,1,47,8,1229,1,17,VAUXHALL CORSA,1,E01009379,0,1
2024101490656,2024,101490656,1,9,0,-1,19,3,7,-1,0,1,0,0,1,0,1,1,-1,9,1,88,11,1199,1,3,VAUXHALL CORSA,8,-1,0,5
2024070092001,2024,070092001,1,9,0,15,15,2,5,0,0,2,0,4,0,0,2,1,2,2,1,69,10,1199,1,4,VAUXHALL CORSA,5,E01018620,0,1
2024201451309,2024,201451309,2,9,0,-1,19,5,1,-1,0,1,0,0,0,0,2,1,-1,9,2,23,5,1199,1,0,VAUXHALL CORSA,2,E01010529,0,1
2024622400237,2024,622400237,1,9,0,18,19,8,4,0,0,0,0,0,0,0,1,1,6,6,1,83,11,998,1,10,VAUXHALL CORSA,1,W01000935,0,1
2024031476621,2024,031476621,1,9,0,-1,19,1,5,-1,0,0,0,0,1,0,3,1,-1,9,2,33,6,1229,1,16,VAUXHALL CORSA,-1,-1,0,-1
2024201443523,2024,201443523,6,9,0,-1,19,6,2,-1,0,2,0,0,0,0,3,1,-1,6,1,21,5,1229,1,12,VAUXHALL CORSA,1,E01009152,0,1
2024411507498,2024,411507498,1,9,0,-1,19,1,5,-1,0,0,0,0,0,0,1,1,-1,6,1,30,6,1199,1,3,VAUXHALL CORSA,-1,-1,0,-1
2024411438784,2024,411438784,1,9,0,-1,19,5,1,-1,0,0,0,0,0,0,1,1,-1,6,1,29,6,1248,2,14,VAUXHALL CORSA,5,E01015762,0,4
2024552400912,2024,552400912,1,9,0,18,19,8,4,0,0,0,5,0,7,11,1,1,6,6,1,17,4,1229,1,11,VAUXHALL CORSA,2,E01020499,0,3
2024141407863,2024,141407863,2,9,0,-1,4,7,3,-1,0,0,0,0,0,0,2,1,-1,6,2,28,6,1398,1,8,VAUXHALL CORSA,2,E01007348,0,1
2024131427315,2024,131427315,2,9,0,-1,19,6,4,-1,0,1,0,0,0,0,1,1,-1,6,1,20,4,999,1,9,VAUXHALL CORSA,1,E01010623,0,1
2024101451699,2024,101451699,1,9,0,-1,9,8,6,-1,0,2,0,0,0,0,4,1,-1,9,2,22,5,1199,1,4,VAUXHALL CORSA,3,E01008742,0,1
2024991426942,2024,991426942,1,9,0,-1,19,5,1,-1,0,0,0,0,0,0,4,1,-1,9,1,20,4,1229,1,13,VAUXHALL CORSA,9,-1,0,2
2024411486783,2024,411486783,2,9,0,-1,19,5,1,-1,0,1,0,0,0,0,1,1,-1,6,1,58,9,1199,1,0,VAUXHALL CORSA,2,E01033802,0,4
2024311532574,2024,311532574,1,9,0,-1,5,5,3,-1,0,2,0,0,0,0,1,1,-1,6,2,57,9,1364,1,15,VAUXHALL CORSA,2,E01028044,0,1
2024010515872,2024,010515872,2,9,0,18,19,5,1,0,0,2,0,10,7,11,1,1,6,6,1,21,5,-1,3,2,VAUXHALL CORSA,10,E01004084,0,1
2024531452753,2024,531452753,2,9,0,-1,19,0,1,-1,0,1,0,0,0,0,1,1,-1,2,2,48,8,1248,2,13,VAUXHALL CORSA,5,E01022296,0,1
2024471523506,2024,471523506,3,9,0,-1,19,2,6,-1,0,0,0,0,0,0,3,1,-1,9,1,17,4,1398,1,6,VAUXHALL CORSA,10,E01023212,0,4
2024440326838,2024,440326838,1,9,0,18,19,2,6,0,0,0,0,0,7,2,1,1,2,2,2,60,9,1199,1,20,VAUXHALL CORSA,9,E01023158,0,1
2024161402126,2024,161402126,1,9,0,-1,7,7,1,-1,0,8,0,0,0,0,1,9,-1,2,2,18,4,1229,1,10,VAUXHALL CORSA,8,E01013028,0,3
2024440190954,2024,440190954,3,9,0,18,19,7,3,0,0,1,0,0,0,0,1,1,6,6,1,20,4,1229,1,11,VAUXHALL CORSA,10,E01016267,0,4
2024131525788,2024,131525788,2,9,0,-1,19,2,4,-1,0,8,0,0,0,0,1,1,-1,9,1,44,7,1229,1,18,VAUXHALL CORSA,2,E01011609,0,1
2024052401925,2024,052401925,2,9,0,18,19,1,5,0,0,8,0,0,0,0,4,1,6,6,2,33,6,1398,1,8,VAUXHALL CORSA,4,E01007314,0,1
2024201509529,2024,201509529,1,9,0,-1,5,2,5,-1,0,8,0,0,0,0,1,1,-1,6,2,22,5,1398,1,9,VAUXHALL CORSA,4,E01009248,0,1
2024430414370,2024,430414370,2,9,0,9,9,5,3,0,0,8,0,0,0,0,3,1,6,6,2,72,10,1398,1,11,VAUXHALL CORSA,10,E01035753,0,1
2024552400667,2024,552400667,1,9,0,9,9,5,4,0,0,6,0,0,3,11,3,1,6,6,2,65,9,1398,1,14,VAUXHALL CORSA,5,E01020443,0,1
2024010502431,2024,010502431,2,9,0,18,19,1,5,0,0,4,0,4,0,0,1,1,6,6,3,-1,-1,1199,1,2,VAUXHALL CORSA,-1,-1,0,-1
2024071045238,2024,071045238,2,9,0,-1,19,3,7,-1,0,0,0,0,0,0,1,1,-1,6,2,52,8,1398,1,5,VAUXHALL CORSA,9,E01018420,0,1
202417S103024,2024,17S103024,3,9,0,18,19,5,1,0,0,1,0,0,0,0,1,1,6,6,1,38,7,-1,3,4,VAUXHALL CORSA,4,E01035201,0,1
2024471529371,2024,471529371,2,9,0,-1,19,8,4,-1,0,1,0,0,8,4,1,1,-1,2,1,21,5,1229,1,14,VAUXHALL CORSA,10,E01021234,0,3
2024010539429,2024,010539429,1,9,0,18,19,1,5,0,0,1,0,0,0,0,3,1,6,6,2,48,8,1199,1,1,VAUXHALL CORSA,9,E01001018,0,1
2024461476002,2024,461476002,1,9,0,-1,11,6,2,-1,0,0,0,0,0,0,4,1,-1,9,2,23,5,1199,1,4,VAUXHALL CORSA,1,E01001410,0,4
2024991412422,2024,991412422,3,9,0,-1,2,0,0,-1,0,0,0,0,0,0,2,1,-1,6,-1,-1,-1,1398,1,13,VAUXHALL CORSA,-1,-1,0,-1
2024552400848,2024,552400848,1,9,0,18,19,6,2,0,0,0,1,0,0,0,1,1,6,6,2,49,8,1398,1,14,VAUXHALL CORSA,7,E01020515,0,1
2024161514902,2024,161514902,1,9,0,-1,19,1,5,-1,0,0,0,0,8,3,1,1,-1,9,1,73,10,1398,1,5,VAUXHALL CORSA,3,E01012860,0,1
202460Q102059,2024,60Q102059,1,9,0,18,19,7,3,0,0,1,0,4,0,0,1,1,6,6,2,81,11,1199,1,2,VAUXHALL CORSA,-1,-1,0,-1
2024122400710,2024,122400710,1,9,0,17,19,1,6,0,0,0,0,0,0,0,1,1,6,6,2,37,7,1248,2,16,VAUXHALL CORSA,9,E01027687,0,2
2024622400378,2024,622400378,1,9,0,18,19,5,1,0,0,0,0,0,0,0,1,1,6,6,1,29,6,1398,1,9,VAUXHALL CORSA,1,W01001203,0,1
2024101481169,2024,101481169,2,9,0,-1,19,3,7,-1,0,8,0,7,7,10,3,1,-1,9,1,36,7,1248,2,13,VAUXHALL CORSA,5,E01033715,0,1
2024520402849,2024,520402849,2,9,0,18,19,3,7,0,0,1,0,0,0,0,1,1,6,6,3,-1,-1,1229,1,13,VAUXHALL CORSA,-1,-1,0,-1
2024340NN1902,2024,340NN1902,2,9,0,-1,19,1,5,-1,0,2,0,0,0,0,4,1,-1,6,2,27,6,1398,1,10,VAUXHALL CORSA,2,E01027341,0,1
2024052401610,2024,052401610,2,9,0,4,4,5,1,0,0,3,0,0,0,0,2,1,6,6,1,68,10,1229,1,12,VAUXHALL CORSA,1,E01012407,0,2
2024540816624,2024,540816624,1,9,0,18,19,1,5,0,0,0,0,0,8,4,1,1,2,2,1,54,8,1229,1,18,VAUXHALL CORSA,5,E01032054,0,2
2024501438463,2024,501438463,1,9,0,-1,4,3,7,-1,0,4,0,0,0,0,1,1,-1,6,2,22,5,1229,1,17,VAUXHALL CORSA,9,E01015140,0,2
2024041496892,2024,041496892,1,9,0,-1,9,7,3,-1,0,8,0,0,0,0,1,1,-1,9,2,50,8,1364,1,17,VAUXHALL CORSA,8,E01034347,0,1
2024161533000,2024,161533000,2,9,0,-1,19,3,7,-1,0,0,0,0,0,0,1,1,-1,9,1,21,5,1199,1,3,VAUXHALL CORSA,4,E01013029,0,3
2024991506414,2024,991506414,1,9,0,-1,19,7,3,-1,0,0,0,0,0,0,1,1,-1,6,2,73,10,1398,1,8,VAUXHALL CORSA,-1,-1,0,-1
2024041493114,2024,041493114,2,9,0,-1,19,7,3,-1,0,0,0,0,0,0,2,1,-1,2,2,26,6,1248,2,17,VAUXHALL CORSA,2,E01024881,0,1
2024231471534,2024,231471534,1,9,0,-1,4,2,6,-1,0,0,0,0,1,0,1,1,-1,1,1,25,5,1398,1,11,VAUXHALL CORSA,1,E01009709,0,3
2024010518694,2024,010518694,1,9,0,18,19,1,5,0,0,8,0,0,0,0,1,1,1,1,2,23,5,1398,1,12,VAUXHALL CORSA,6,E01002335,0,2
2024010528105,2024,010528105,1,9,0,18,19,3,7,0,0,1,0,0,0,0,3,1,6,6,2,38,7,1398,1,12,VAUXHALL CORSA,9,E01002537,0,4
2024041405416,2024,041405416,2,9,0,-1,19,7,3,-1,0,0,0,0,0,0,1,1,-1,6,1,48,8,1229,1,15,VAUXHALL CORSA,1,E01025117,0,1
2024471540463,2024,471540463,1,9,0,-1,19,7,3,-1,0,1,0,0,0,0,1,1,-1,9,2,20,4,1364,1,16,VAUXHALL CORSA,6,E01024790,0,4
2024451420582,2024,451420582,1,9,0,-1,19,7,3,-1,0,0,0,0,0,0,1,1,-1,2,1,22,5,1229,1,13,VAUXHALL CORSA,9,E01030666,0,3
2024440546597,2024,440546597,1,9,0,4,4,2,6,0,0,1,0,0,0,0,1,1,6,6,2,62,9,1229,1,9,VAUXHALL CORSA,4,E01022805,0,1
2024311397991,2024,311397991,1,9,0,-1,19,1,5,-1,0,2,0,10,7,2,1,1,-1,9,1,50,8,1398,1,9,VAUXHALL CORSA,2,E01013893,0,1
2024361444006,2024,361444006,2,9,0,-1,19,3,7,-1,0,0,0,0,0,0,1,1,-1,9,1,47,8,1199,1,2,VAUXHALL CORSA,1,E01026599,0,1
2024201423848,2024,201423848,1,9,0,-1,3,5,1,-1,0,0,0,0,0,0,2,9,-1,9,2,63,9,1229,1,19,VAUXHALL CORSA,6,E01008956,0,1
2024411450261,2024,411450261,1,9,0,-1,19,3,5,-1,0,0,0,0,0,0,1,1,-1,1,1,36,7,1248,2,14,VAUXHALL CORSA,2,E01018144,0,4
2024622400587,2024,622400587,1,9,0,5,5,4,1,0,0,6,0,0,0,0,3,1,6,6,2,22,5,1199,1,5,VAUXHALL CORSA,3,W01000922,0,3