collision_index,collision_year,collision_ref_no,vehicle_reference,vehicle_type,towing_and_articulation,vehicle_manoeuvre_historic,vehicle_manoeuvre,vehicle_direction_from,vehicle_direction_to,vehicle_location_restricted_lane_historic,vehicle_location_restricted_lane,junction_location,skidding_and_overturning,hit_object_in_carriageway,vehicle_leaving_carriageway,hit_object_off_carriageway,first_point_of_impact,vehicle_left_hand_drive,journey_purpose_of_driver_historic,journey_purpose_of_driver,sex_of_driver,age_of_driver,age_band_of_driver,engine_capacity_cc,propulsion_code,age_of_vehicle,generic_make_model,driver_imd_decile,lsoa_of_driver,escooter_flag,driver_distance_banding
2024010512064,2024,010512064,1,9,0,9,9,1,6,0,0,0,0,0,0,0,4,1,6,6,2,47,8,1229,1,15,VAUXHALL CORSA,4,E01003389,0,1
2024052400541,2024,052400541,2,9,0,18,19,7,3,0,0,1,0,0,0,0,4,1,6,6,2,76,11,1364,1,17,VAUXHALL CORSA,2,E01006718,0,1
2024522401464,2024,522401464,1,9,0,4,4,2,6,0,0,1,0,0,0,0,1,1,6,6,1,34,6,1229,1,12,VAUXHALL CORSA,1,E01014583,0,2
2024552401484,2024,552401484,2,9,0,9,9,7,4,0,0,8,0,0,0,0,4,1,6,6,1,56,9,1248,2,12,VAUXHALL CORSA,2,E01015341,0,1
2024031497251,2024,031497251,2,9,0,-1,3,3,7,-1,0,1,0,0,0,0,2,1,-1,6,2,24,5,1199,1,4,VAUXHALL CORSA,7,E01019203,0,1
2024101495902,2024,101495902,1,9,0,-1,19,1,5,-1,0,0,0,0,0,0,1,1,-1,9,1,78,11,1398,1,7,VAUXHALL CORSA,7,E01008529,0,2
2024622400532,2024,622400532,1,9,0,9,9,2,8,0,0,3,0,0,0,0,4,1,6,6,1,31,6,1229,1,14,VAUXHALL CORSA,4,W01000968,0,1
2024411485062,2024,411485062,1,9,0,-1,-1,-1,-1,-1,-1,0,-1,-1,-1,0,1,9,-1,6,1,21,5,1598,1,15,VAUXHALL CORSA,7,E01023886,0,3
2024131523682,2024,131523682,1,9,0,-1,-1,-1,-1,-1,-1,-1,-1,-1,-1,-1,-1,1,-1,6,3,-1,-1,1229,1,12,VAUXHALL CORSA,-1,-1,0,-1
2024010538160,2024,010538160,2,9,0,18,19,1,5,0,0,0,0,0,0,0,2,1,1,1,1,34,6,-1,-1,-1,VAUXHALL CORSA,-1,-1,0,-1
2024231427768,2024,231427768,1,9,0,-1,9,8,6,-1,0,6,0,0,0,0,1,9,-1,6,3,45,7,1398,1,8,VAUXHALL CORSA,-1,-1,0,-1
2024361408528,2024,361408528,2,9,0,-1,19,1,4,-1,0,0,0,0,0,0,1,9,-1,6,2,41,7,1229,1,11,VAUXHALL CORSA,5,E01026493,0,3
2024471513278,2024,471513278,2,9,0,-1,5,3,6,-1,0,4,0,0,0,0,4,1,-1,9,2,44,7,1398,1,13,VAUXHALL CORSA,6,E01031484,0,1
2024351396062,2024,351396062,2,9,0,-1,9,8,5,-1,0,8,0,0,0,0,4,1,-1,9,2,30,6,1199,1,3,VAUXHALL CORSA,4,E01018044,0,4
2024991409702,2024,991409702,1,9,0,-1,19,2,7,-1,0,0,0,12,0,0,1,1,-1,9,2,20,4,1364,1,6,VAUXHALL CORSA,3,-1,0,4
2024361439723,2024,361439723,2,9,0,-1,2,0,0,-1,0,0,0,0,0,0,1,1,-1,6,2,37,7,1248,2,16,VAUXHALL CORSA,10,E01026644,0,1
2024201506931,2024,201506931,1,9,0,-1,19,8,4,-1,0,1,0,0,0,0,1,1,-1,6,3,-1,-1,1229,1,14,VAUXHALL CORSA,-1,-1,0,-1
2024401521975,2024,401521975,2,9,0,-1,12,2,5,-1,0,4,1,0,0,0,4,9,-1,9,2,21,5,1229,1,13,VAUXHALL CORSA,4,E01015751,0,1
2024451497724,2024,451497724,1,9,0,-1,11,7,3,-1,0,0,0,0,0,0,2,1,-1,9,1,18,4,998,1,12,VAUXHALL CORSA,4,E01016519,0,4
2024522402844,2024,522402844,2,9,0,9,9,8,6,0,0,5,0,0,0,0,4,1,6,6,1,61,9,1229,1,12,VAUXHALL CORSA,1,E01014727,0,1
2024010500314,2024,010500314,1,9,0,99,99,9,9,99,99,9,9,99,9,99,9,9,6,6,2,22,5,1398,1,14,VAUXHALL CORSA,5,E01003147,0,2
2024991459519,2024,991459519,2,9,0,-1,19,1,5,-1,0,1,5,0,0,0,1,1,-1,9,2,21,5,1248,2,17,VAUXHALL CORSA,2,-1,0,3
2024061461248,2024,061461248,2,9,0,-1,19,-1,-1,-1,0,0,0,0,0,0,3,1,-1,6,3,-1,-1,1398,1,6,VAUXHALL CORSA,-1,-1,0,-1
2024010504675,2024,010504675,2,9,0,99,99,9,9,99,99,0,9,99,9,99,1,9,6,6,3,-1,-1,1398,1,9,VAUXHALL CORSA,-1,-1,0,-1
2024010513143,2024,010513143,2,9,9,99,99,9,9,99,99,9,9,99,9,99,9,9,6,6,3,-1,-1,1229,1,10,VAUXHALL CORSA,-1,-1,0,-1
2024430387258,2024,430387258,1,9,0,13,13,4,8,0,0,8,1,0,7,11,1,1,6,6,2,21,5,1398,1,14,VAUXHALL CORSA,4,E01016517,0,2
2024131507885,2024,131507885,1,9,0,-1,19,3,7,-1,0,0,0,0,0,0,1,1,-1,2,2,28,6,1398,1,9,VAUXHALL CORSA,5,E01010945,0,1
2024221412953,2024,221412953,1,9,0,-1,19,6,2,-1,0,7,0,0,3,7,1,1,-1,6,1,38,7,1229,1,18,VAUXHALL CORSA,7,E01035064,0,1
2024131444607,2024,131444607,2,9,0,-1,19,1,1,-1,0,8,0,0,0,0,2,1,-1,6,2,18,4,1248,2,13,VAUXHALL CORSA,3,E01032498,0,2
2024522402354,2024,522402354,1,9,0,10,10,8,6,0,0,0,0,0,0,0,1,1,6,6,2,40,7,1229,1,14,VAUXHALL CORSA,3,E01014564,0,1
2024411447214,2024,411447214,2,9,0,-1,19,4,8,-1,0,0,0,0,1,0,3,1,-1,9,1,56,9,1229,1,14,VAUXHALL CORSA,10,E01023730,0,1
2024131526591,2024,131526591,1,9,0,-1,7,1,3,-1,0,8,0,0,0,0,3,1,-1,2,2,24,5,1229,1,12,VAUXHALL CORSA,1,E01011354,0,3
2024440109466,2024,440109466,2,9,0,16,19,3,6,0,0,1,0,0,0,0,1,1,6,6,1,17,4,1248,2,14,VAUXHALL CORSA,1,E01017332,0,2
2024461442578,2024,461442578,1,9,0,-1,19,3,7,-1,0,6,0,0,0,0,1,9,-1,9,1,-1,-1,1398,1,11,VAUXHALL CORSA,6,E01024806,0,1
2024061453083,2024,061453083,2,9,0,-1,2,0,0,-1,0,0,0,0,0,0,3,1,-1,6,-1,-1,-1,998,1,10,VAUXHALL CORSA,-1,-1,0,-1
2024543779124,2024,543779124,2,9,0,8,8,6,2,0,0,1,0,0,0,0,2,1,6,6,2,55,8,-1,-1,-1,VAUXHALL CORSA,7,E01023057,0,4
2024010531754,2024,010531754,2,9,0,99,99,9,9,99,99,9,9,99,9,99,1,9,6,6,2,-1,-1,1229,1,10,VAUXHALL CORSA,3,E01001246,0,1
2024221448990,2024,221448990,1,9,0,-1,19,8,5,-1,0,8,0,0,0,0,4,9,-1,6,2,40,7,1199,1,4,VAUXHALL CORSA,7,E01034318,0,1
2024451432299,2024,451432299,1,9,0,-1,19,3,7,-1,1,8,0,0,0,0,3,1,-1,2,2,23,5,1229,1,11,VAUXHALL CORSA,10,E01030581,0,3
2024522401468,2024,522401468,3,9,0,4,4,1,5,0,0,0,1,0,0,0,1,1,6,6,1,39,7,1398,1,13,VAUXHALL CORSA,8,E01010161,0,5
2024061412237,2024,061412237,2,9,0,-1,9,7,5,-1,0,8,0,0,0,0,1,1,-1,9,1,44,7,-1,-1,-1,VAUXHALL CORSA,1,E01033984,0,1
2024061516041,2024,061516041,1,9,0,-1,20,2,6,-1,9,1,0,0,1,0,1,1,-1,2,2,56,9,1199,1,3,VAUXHALL CORSA,7,E01006172,0,2
2024010500738,2024,010500738,2,9,0,99,99,9,9,99,99,9,9,99,9,99,9,9,6,6,3,-1,-1,1229,1,14,VAUXHALL CORSA,-1,-1,0,-1
2024010502178,2024,010502178,2,9,0,99,99,9,9,99,99,0,9,99,9,99,1,9,6,6,3,41,7,998,1,18,VAUXHALL CORSA,7,E01004107,0,1
2024440286353,2024,440286353,2,9,0,18,19,6,2,0,0,8,0,0,0,0,4,1,6,6,2,71,10,1398,1,13,VAUXHALL CORSA,10,E01022740,0,1
2024520000576,2024,520000576,1,9,0,18,19,7,3,0,0,0,0,10,1,11,4,1,6,6,1,21,5,1229,1,15,VAUXHALL CORSA,5,E01014438,0,2
2024401486383,2024,401486383,2,9,0,-1,3,7,3,-1,0,0,0,0,0,0,2,1,-1,9,2,51,8,1229,1,16,VAUXHALL CORSA,2,E01015760,0,1
2024541250824,2024,541250824,2,9,0,18,19,5,1,0,0,1,0,0,0,0,2,1,6,6,2,66,10,1229,1,12,VAUXHALL CORSA,7,E01015524,0,1
2024440546822,2024,440546822,2,9,0,4,4,7,3,0,0,8,0,0,0,0,1,1,2,2,2,24,5,1229,1,12,VAUXHALL CORSA,10,E01022740,0,1
2024991450578,2024,991450578,2,9,0,-1,19,7,5,-1,0,3,0,0,0,0,4,1,-1,9,2,25,5,1398,1,7,VAUXHALL CORSA,2,-1,0,2
2024302401710,2024,302401710,2,9,0,18,19,4,8,0,0,1,0,0,0,0,1,1,6,6,2,24,5,1229,1,12,VAUXHALL CORSA,7,E01029456,0,2
2024461425835,2024,461425835,1,9,0,-1,4,2,1,-1,0,1,0,0,0,0,2,1,-1,6,2,61,9,1398,1,6,VAUXHALL CORSA,3,E01000404,0,1
2024411528638,2024,411528638,2,9,-1,-1,19,-1,-1,-1,0,0,0,0,0,0,2,1,-1,2,2,28,6,1248,2,19,VAUXHALL CORSA,4,E01023914,0,3
2024061499286,2024,061499286,1,9,0,-1,19,2,6,-1,0,8,0,0,0,0,1,1,-1,2,2,19,4,1229,1,13,VAUXHALL CORSA,4,E01005696,0,1
2024991415201,2024,991415201,1,9,0,-1,19,5,1,-1,0,8,0,0,0,0,1,1,-1,9,2,24,5,1398,1,6,VAUXHALL CORSA,1,-1,0,1
2024531480948,2024,531480948,2,9,0,-1,19,5,1,-1,0,0,0,0,0,0,2,1,-1,9,1,20,4,998,1,12,VAUXHALL CORSA,2,E01029843,0,4
2024231407232,2024,231407232,2,9,0,-1,19,4,8,-1,0,0,1,0,1,0,1,9,-1,2,2,33,6,1199,1,4,VAUXHALL CORSA,3,E01031006,0,1
2024302400628,2024,302400628,1,9,0,18,19,6,2,0,0,0,0,0,1,4,1,1,6,6,1,23,5,1229,1,17,VAUXHALL CORSA,6,E01008105,0,4
2024471485835,2024,471485835,1,9,0,-1,19,8,4,-1,0,1,5,0,1,0,1,1,-1,6,1,21,5,1229,1,12,VAUXHALL CORSA,6,E01003936,0,4
2024531464965,2024,531464965,1,9,0,-1,19,3,7,-1,0,1,0,0,0,0,1,1,-1,2,2,42,7,1199,1,5,VAUXHALL CORSA,9,E01022396,0,3
202454E270324,2024,54E270324,1,9,0,18,19,6,2,0,0,0,5,0,4,6,1,1,6,6,2,27,6,1398,1,8,VAUXHALL CORSA,5,E01020046,0,4
2024440471539,2024,440471539,2,9,0,5,5,7,3,0,0,4,0,0,0,0,1,1,6,6,1,18,4,1229,1,15,VAUXHALL CORSA,10,E01032850,0,1
2024351547792,2024,351547792,1,9,0,-1,19,6,2,-1,0,0,1,0,0,0,1,1,-1,6,2,28,6,1364,1,18,VAUXHALL CORSA,3,E01030115,0,1
2024131456368,2024,131456368,2,9,0,-1,19,6,2,-1,0,1,0,0,0,0,1,1,-1,9,1,18,4,998,1,18,VAUXHALL CORSA,7,E01010917,0,2
2024471486540,2024,471486540,3,9,0,-1,19,8,4,-1,0,0,0,0,1,0,3,1,-1,2,1,38,7,1398,1,9,VAUXHALL CORSA,10,E01021157,0,2
2024340NN0962,2024,340NN0962,2,9,0,-1,20,3,7,-1,0,1,0,0,0,0,2,1,-1,9,1,60,9,1199,1,1,VAUXHALL CORSA,6,E01018126,0,2
2024401489118,2024,401489118,2,9,0,-1,-1,-1,-1,-1,-1,-1,-1,-1,-1,0,1,9,-1,2,2,23,5,1199,1,1,VAUXHALL CORSA,4,E01017596,0,2
2024311492749,2024,311492749,1,9,0,-1,2,0,0,-1,0,2,0,0,0,0,2,1,-1,1,2,22,5,1362,1,11,VAUXHALL CORSA,-1,-1,0,-1
2024131426804,2024,131426804,2,9,0,-1,19,1,5,-1,0,0,0,0,0,0,4,1,-1,9,2,43,7,1248,2,15,VAUXHALL CORSA,1,E01011491,0,1
2024010536903,2024,010536903,2,9,0,18,19,5,1,0,0,0,0,0,0,0,3,1,6,6,1,29,6,1199,1,1,VAUXHALL CORSA,3,E01002085,0,2
2024302401379,2024,302401379,2,9,0,18,19,7,3,0,0,8,0,0,0,0,4,1,2,2,1,63,9,1398,1,8,VAUXHALL CORSA,8,E01019847,0,2
2024211488067,2024,211488067,1,9,-1,-1,-1,-1,-1,-1,-1,-1,-1,-1,-1,0,-1,9,-1,6,2,22,5,1398,1,5,VAUXHALL CORSA,10,E01013560,0,4
2024231426324,2024,231426324,2,9,0,-1,19,2,6,-1,0,8,0,0,0,0,4,9,-1,2,1,31,6,1248,2,16,VAUXHALL CORSA,5,E01009583,0,3
2024010547962,2024,010547962,3,9,0,18,19,3,7,0,0,1,0,0,0,0,1,1,6,6,1,29,6,1199,1,3,VAUXHALL CORSA,8,E01033610,0,3
2024201470946,2024,201470946,3,9,0,-1,19,8,4,-1,0,0,0,4,0,0,1,1,-1,6,1,26,6,1398,1,8,VAUXHALL CORSA,4,E01010459,0,1
2024332401157,2024,332401157,1,9,0,-1,9,3,1,-1,0,6,0,0,0,0,1,1,-1,2,1,22,5,1398,1,9,VAUXHALL CORSA,10,E01025616,0,3
2024451398719,2024,451398719,1,9,0,-1,19,1,5,-1,0,0,5,0,7,0,4,1,-1,9,2,18,4,1229,1,18,VAUXHALL CORSA,9,E01030595,0,1
2024471455071,2024,471455071,1,9,0,-1,9,5,1,-1,0,0,0,0,1,4,1,1,-1,9,2,17,4,998,1,12,VAUXHALL CORSA,6,E01021154,0,2
2024010530995,2024,010530995,2,9,0,18,19,1,5,0,0,0,1,0,0,0,1,1,6,6,1,29,6,1364,1,15,VAUXHALL CORSA,4,E01033941,0,1
2024501423751,2024,501423751,1,9,0,-1,9,6,2,-1,0,5,0,0,7,0,2,1,-1,9,2,80,11,1229,1,18,VAUXHALL CORSA,9,E01019906,0,1
2024471452549,2024,471452549,2,9,0,-1,19,6,2,-1,0,1,0,0,0,0,1,1,-1,6,2,56,9,1199,1,4,VAUXHALL CORSA,9,E01021056,0,3
2024041456862,2024,041456862,2,9,0,-1,19,7,3,-1,0,1,0,0,0,0,1,1,-1,9,2,20,4,1229,1,9,VAUXHALL CORSA,3,E01025234,0,2
2024201533292,2024,201533292,2,9,0,-1,2,0,0,-1,0,0,0,10,1,2,2,1,-1,6,2,37,7,1199,1,3,VAUXHALL CORSA,1,E01009367,0,1
2024010522298,2024,010522298,1,9,0,3,3,6,2,0,0,2,0,0,0,0,4,1,6,6,2,32,6,1398,1,5,VAUXHALL CORSA,8,E01003420,0,1
2024122400494,2024,122400494,2,9,0,3,3,5,1,0,0,0,0,0,0,0,2,1,2,2,2,26,6,1248,2,15,VAUXHALL CORSA,10,E01027901,0,2
2024131413028,2024,131413028,1,9,0,-1,9,1,5,-1,0,1,0,0,0,0,1,1,-1,9,1,21,5,1199,1,3,VAUXHALL CORSA,5,E01011648,0,1
2024131409697,2024,131409697,1,9,0,-1,7,5,1,-1,0,4,0,0,0,0,1,1,-1,9,1,25,5,1229,1,14,VAUXHALL CORSA,2,E01011343,0,4
2024461516639,2024,461516639,1,9,0,-1,5,1,5,-1,0,0,0,0,0,0,3,9,-1,6,1,-1,-1,1364,1,16,VAUXHALL CORSA,-1,-1,0,-1
2024351465644,2024,351465644,1,9,0,-1,5,5,1,-1,0,0,0,0,1,11,1,1,-1,6,2,75,10,1229,1,10,VAUXHALL CORSA,4,E01035537,0,1
2024991458148,2024,991458148,2,9,0,-1,2,0,0,-1,0,0,0,4,0,0,2,1,-1,6,-1,-1,-1,-1,3,4,VAUXHALL CORSA,-1,-1,0,-1
2024061503413,2024,061503413,1,9,0,-1,19,-1,-1,-1,0,1,0,0,0,0,1,1,-1,9,2,30,6,1229,1,9,VAUXHALL CORSA,4,E01019730,0,3
2024440186544,2024,440186544,1,9,0,10,10,2,6,0,0,1,0,0,7,0,2,1,6,6,2,26,6,1398,1,8,VAUXHALL CORSA,2,E01017165,0,1
2024440536473,2024,440536473,1,9,0,9,9,2,6,0,0,8,0,0,0,0,4,1,6,6,1,72,10,1398,1,6,VAUXHALL CORSA,9,E01022547,0,1
2024991447547,2024,991447547,1,9,0,-1,19,6,2,-1,0,0,5,0,0,0,1,1,-1,9,1,18,4,1229,1,10,VAUXHALL CORSA,5,-1,0,2
2024031477046,2024,031477046,2,9,0,-1,2,0,0,-1,0,0,0,0,0,0,2,1,-1,6,-1,-1,-1,1229,1,10,VAUXHALL CORSA,-1,-1,0,-1
2024361429623,2024,361429623,1,9,0,-1,19,7,3,-1,0,0,0,0,1,0,1,1,-1,6,2,22,5,1199,1,3,VAUXHALL CORSA,5,E01029928,0,3
2024041469516,2024,041469516,2,9,0,-1,9,7,3,-1,0,0,0,0,0,0,1,1,-1,9,2,32,6,1199,1,2,VAUXHALL CORSA,2,E01012732,0,1
2024010502281,2024,010502281,1,9,0,18,19,5,1,0,0,1,0,0,0,0,1,1,6,6,1,74,10,1229,1,14,VAUXHALL CORSA,6,E01002630,0,1
2024401497995,2024,401497995,2,9,-1,-1,-1,-1,-1,-1,-1,0,-1,-1,-1,0,2,9,-1,9,2,59,9,1398,1,12,VAUXHALL CORSA,9,E01017624,0,2
2024440543427,2024,440543427,3,9,0,3,3,3,7,0,0,2,0,0,0,0,2,1,6,6,2,-1,-1,1398,1,9,VAUXHALL CORSA,-1,-1,0,-1
2024070982793,2024,070982793,1,9,0,-1,5,4,8,-1,0,2,0,0,0,0,1,1,-1,6,1,51,8,1398,1,7,VAUXHALL CORSA,2,E01012370,0,1
2024061487850,2024,061487850,1,9,0,-1,4,2,2,-1,0,4,0,0,0,0,1,1,-1,2,2,61,9,1199,1,1,VAUXHALL CORSA,3,E01005997,0,1
2024501495597,2024,501495597,2,9,0,-1,19,8,4,-1,0,0,0,0,0,0,1,1,-1,6,2,59,9,1248,2,8,VAUXHALL CORSA,3,E01018761,0,2
2024131408689,2024,131408689,1,9,0,-1,5,1,5,-1,0,0,0,0,0,0,3,1,-1,9,2,43,7,1248,2,10,VAUXHALL CORSA,4,E01010637,0,1
202417M111624,2024,17M111624,2,9,0,-1,19,7,3,-1,0,0,0,0,0,0,1,1,-1,2,2,46,8,1229,1,13,VAUXHALL CORSA,3,E01012277,0,2
2024010519429,2024,010519429,1,9,0,99,99,9,9,99,99,0,9,99,9,99,9,9,6,6,3,34,6,1398,1,8,VAUXHALL CORSA,5,E01003654,0,1
2024122400451,2024,122400451,2,9,0,4,4,5,1,0,0,0,0,0,0,0,2,1,6,6,2,47,8,1229,1,12,VAUXHALL CORSA,9,E01027885,0,1
2024101439044,2024,101439044,1,9,0,-1,19,1,5,-1,0,8,0,0,0,0,1,9,-1,6,1,-1,-1,1364,1,16,VAUXHALL CORSA,-1,-1,0,-1
2024010501021,2024,010501021,1,9,0,99,99,9,9,99,99,9,9,99,9,99,1,1,6,6,1,49,8,1229,1,10,VAUXHALL CORSA,2,E01000721,0,1
2024211490695,2024,211490695,1,9,0,-1,19,1,1,-1,0,1,0,0,0,0,2,1,-1,6,2,46,8,1398,1,14,VAUXHALL CORSA,6,E01029609,0,1
2024131430970,2024,131430970,1,9,0,-1,9,6,7,-1,0,8,0,0,0,0,3,1,-1,6,1,57,9,1398,1,11,VAUXHALL CORSA,1,E01011081,0,1
2024991427705,2024,991427705,1,9,0,-1,19,5,1,-1,0,0,2,0,0,0,4,1,-1,9,1,43,7,1229,1,14,VAUXHALL CORSA,4,-1,0,3
2024201490757,2024,201490757,2,9,0,-1,9,7,6,-1,0,0,0,0,0,0,1,1,-1,6,1,19,4,1229,1,12,VAUXHALL CORSA,2,E01010336,0,1
2024141457256,2024,141457256,1,9,0,-1,15,5,1,-1,0,0,0,0,0,0,1,1,-1,6,1,60,9,1398,1,10,VAUXHALL CORSA,1,E01007727,0,3
2024311471474,2024,311471474,1,9,0,-1,15,8,4,-1,0,1,0,0,0,0,4,1,-1,6,2,25,5,1364,1,16,VAUXHALL CORSA,-1,-1,0,-1
2024430269736,2024,430269736,2,9,0,18,19,6,2,0,0,4,0,0,0,0,2,1,6,6,2,39,7,1389,1,19,VAUXHALL CORSA,10,E01016552,0,2
2024461416370,2024,461416370,1,9,0,-1,19,7,3,-1,0,0,5,10,0,0,4,1,-1,9,1,20,4,1229,1,10,VAUXHALL CORSA,9,E01000396,0,3
2024522402808,2024,522402808,1,9,0,18,19,4,8,0,0,8,0,0,0,0,1,1,6,6,2,25,5,1199,1,23,VAUXHALL CORSA,-1,-1,0,-1
2024221535316,2024,221535316,2,9,0,-1,19,8,4,-1,0,8,0,10,1,11,1,1,-1,6,1,30,6,1229,1,12,VAUXHALL CORSA,9,E01032316,0,3
2024501443235,2024,501443235,1,9,0,-1,19,6,2,-1,0,1,0,0,0,0,1,9,-1,6,2,27,6,1398,1,11,VAUXHALL CORSA,3,E01015218,0,1
2024311494064,2024,311494064,2,9,0,-1,19,7,3,-1,0,1,0,7,0,0,3,1,-1,6,1,23,5,1362,1,10,VAUXHALL CORSA,2,E01028299,0,3
2024161488832,2024,161488832,2,9,0,-1,19,8,6,-1,0,0,0,0,1,0,3,1,-1,9,2,37,7,1229,1,16,VAUXHALL CORSA,7,E01013292,0,1
2024131493484,2024,131493484,1,9,0,-1,-1,-1,-1,-1,-1,0,-1,-1,-1,-1,-1,1,-1,6,3,-1,-1,1398,1,6,VAUXHALL CORSA,-1,-1,0,-1
2024161498882,2024,161498882,1,9,0,-1,4,6,2,-1,0,0,0,0,0,0,1,1,-1,6,2,44,7,1398,1,6,VAUXHALL CORSA,7,E01013096,0,4
2024131458799,2024,131458799,4,9,0,-1,2,0,0,-1,0,1,0,0,0,0,0,1,-1,6,-1,-1,-1,1248,2,10,VAUXHALL CORSA,-1,-1,0,-1
2024401425058,2024,401425058,1,9,0,-1,15,2,6,-1,0,0,0,4,0,0,1,1,-1,6,2,42,7,1229,1,11,VAUXHALL CORSA,1,E01015732,0,1
2024041466125,2024,041466125,1,9,0,-1,19,6,1,-1,0,4,1,0,2,11,1,1,-1,9,1,23,5,1229,1,11,VAUXHALL CORSA,2,-1,0,5
2024361463578,2024,361463578,1,9,0,-1,19,2,6,-1,0,0,0,0,0,0,1,1,-1,9,2,57,9,1248,2,9,VAUXHALL CORSA,6,E01026449,0,3
2024201497671,2024,201497671,1,9,0,-1,19,6,2,-1,0,8,0,0,0,0,4,1,-1,6,1,29,6,998,1,12,VAUXHALL CORSA,1,E01009124,0,1
2024340WN2522,2024,340WN2522,2,9,0,-1,19,5,1,-1,0,1,0,0,0,0,1,1,-1,2,1,37,7,1398,1,6,VAUXHALL CORSA,1,E01027199,0,1
2024991522472,2024,991522472,1,9,0,-1,13,3,7,-1,0,0,0,0,0,0,1,1,-1,6,1,36,7,1398,1,5,VAUXHALL CORSA,-1,-1,0,-1
2024461490635,2024,461490635,1,9,0,-1,5,6,1,-1,0,4,0,0,0,0,3,1,-1,9,1,23,5,1199,1,2,VAUXHALL CORSA,1,E01016153,0,2
2024451416193,2024,451416193,1,9,0,-1,19,3,7,-1,0,0,1,0,0,0,1,1,-1,9,1,19,4,1398,1,5,VAUXHALL CORSA,10,E01022878,0,3
2024471528844,2024,471528844,3,9,0,-1,2,0,0,-1,0,0,0,4,0,0,1,1,-1,6,-1,-1,-1,1199,1,1,VAUXHALL CORSA,-1,-1,0,-1
2024421442995,2024,421442995,2,9,0,-1,3,-1,-1,-1,0,1,0,0,0,0,2,1,-1,9,2,21,5,1199,1,4,VAUXHALL CORSA,9,E01015893,0,1
2024061467544,2024,061467544,1,9,0,-1,5,1,5,-1,0,1,0,0,0,0,4,1,-1,9,1,55,8,1398,1,7,VAUXHALL CORSA,1,E01006213,0,1
2024052401795,2024,052401795,1,9,0,9,9,1,7,0,0,8,0,0,0,0,1,1,2,2,3,-1,-1,1199,1,4,VAUXHALL CORSA,-1,-1,0,-1
2024010498778,2024,010498778,4,9,0,-1,-1,5,1,0,0,1,0,0,1,0,1,1,6,6,1,81,11,1199,1,3,VAUXHALL CORSA,10,E01030377,0,2
2024451414825,2024,451414825,1,9,0,-1,9,3,1,-1,0,8,0,0,0,0,1,1,-1,6,1,28,6,1229,1,17,VAUXHALL CORSA,3,E01030676,0,1
2024131458980,2024,131458980,2,9,0,-1,19,6,2,-1,0,8,0,0,0,0,2,1,-1,9,1,45,7,1248,2,12,VAUXHALL CORSA,1,E01011318,0,1
2024421467010,2024,421467010,1,9,0,-1,4,3,7,-1,0,0,0,0,0,0,1,2,-1,6,2,95,11,1364,1,16,VAUXHALL CORSA,-1,-1,0,-1
2024421399186,2024,421399186,1,9,0,-1,9,1,6,-1,0,1,0,0,0,0,1,1,-1,9,1,18,4,1229,1,13,VAUXHALL CORSA,7,E01021900,0,2
2024010540646,2024,010540646,1,9,0,99,99,9,9,99,99,0,9,99,9,99,1,9,6,6,1,23,5,1229,1,12,VAUXHALL CORSA,4,E01004406,0,2
2024221513960,2024,221513960,1,9,0,-1,19,2,6,-1,0,0,1,0,1,9,1,2,-1,2,2,19,4,1229,1,11,VAUXHALL CORSA,-1,-1,0,-1
2024552400992,2024,552400992,1,9,0,13,13,5,1,0,0,8,0,0,0,0,4,1,2,2,2,27,6,1364,1,17,VAUXHALL CORSA,3,E01020393,0,1
2024461506315,2024,461506315,1,9,0,-1,19,1,5,-1,0,4,0,0,0,0,1,9,-1,6,1,20,4,1199,1,0,VAUXHALL CORSA,2,E01024066,0,3
2024302401050,2024,302401050,1,9,0,18,19,7,3,0,0,0,2,0,0,0,1,1,6,6,2,35,6,1229,1,17,VAUXHALL CORSA,3,E01019687,0,1
202454F128424,2024,54F128424,1,9,0,18,19,4,8,0,0,0,0,0,0,0,1,1,6,6,2,59,9,1229,1,15,VAUXHALL CORSA,1,E01015573,0,1
2024101431252,2024,101431252,1,9,0,-1,4,7,3,-1,0,1,0,0,3,0,1,1,-1,6,1,20,4,1199,1,1,VAUXHALL CORSA,2,E01027530,0,3
202460Q144868,2024,60Q144868,2,9,0,3,3,3,7,0,0,7,0,0,0,0,2,1,2,2,2,34,6,1248,2,19,VAUXHALL CORSA,-1,-1,0,-1
2024522500010,2024,522500010,1,9,0,18,19,2,6,0,0,0,0,0,0,0,1,1,6,6,2,28,6,1248,2,8,VAUXHALL CORSA,9,W01001639,0,4
2024430205979,2024,430205979,2,9,0,18,19,1,5,0,0,8,0,0,0,0,1,1,6,6,1,-1,-1,1398,1,6,VAUXHALL CORSA,4,E01016395,0,1
2024010550725,2024,010550725,1,9,0,18,19,1,5,0,0,0,5,0,0,0,1,1,2,2,1,24,5,998,1,11,VAUXHALL CORSA,3,E01004576,0,3
2024311542577,2024,311542577,1,9,0,-1,19,3,7,-1,0,0,0,0,1,0,1,1,-1,9,1,39,7,1398,1,9,VAUXHALL CORSA,-1,-1,0,-1
2024371516245,2024,371516245,1,9,0,-1,19,8,4,-1,0,1,0,0,0,0,1,1,-1,7,2,24,5,1199,1,3,VAUXHALL CORSA,8,E01030060,0,1