collision_index,collision_year,collision_ref_no,vehicle_reference,vehicle_type,towing_and_articulation,vehicle_manoeuvre_historic,vehicle_manoeuvre,vehicle_direction_from,vehicle_direction_to,vehicle_location_restricted_lane_historic,vehicle_location_restricted_lane,junction_location,skidding_and_overturning,hit_object_in_carriageway,vehicle_leaving_carriageway,hit_object_off_carriageway,first_point_of_impact,vehicle_left_hand_drive,journey_purpose_of_driver_historic,journey_purpose_of_driver,sex_of_driver,age_of_driver,age_band_of_driver,engine_capacity_cc,propulsion_code,age_of_vehicle,generic_make_model,driver_imd_decile,lsoa_of_driver,escooter_flag,driver_distance_banding
2024101434287,2024,101434287,2,9,0,-1,3,4,6,-1,0,8,0,0,0,0,2,1,-1,6,1,34,6,1248,2,14,VAUXHALL CORSA,2,E01020793,0,4
2024061530535,2024,061530535,1,9,0,-1,9,5,3,-1,0,1,0,0,0,0,1,1,-1,6,2,27,6,1398,1,8,VAUXHALL CORSA,-1,-1,0,-1
2024010516628,2024,010516628,1,9,0,7,7,1,3,0,0,3,0,0,0,0,1,1,2,2,1,23,5,1229,1,10,VAUXHALL CORSA,6,E01001419,0,2
2024520500211,2024,520500211,2,9,0,18,19,5,1,0,0,1,0,0,0,0,1,1,6,6,3,-1,-1,1229,1,16,VAUXHALL CORSA,-1,-1,0,-1
2024010502188,2024,010502188,2,9,0,2,2,0,0,0,0,0,0,0,0,0,3,1,6,6,3,-1,-1,1229,1,16,VAUXHALL CORSA,-1,-1,0,-1
2024320047262,2024,320047262,1,9,0,-1,-1,2,6,0,0,8,5,0,7,0,4,1,6,6,2,37,7,1248,2,10,VAUXHALL CORSA,4,E01026079,0,4
2024302400806,2024,302400806,1,9,0,16,19,1,4,0,0,0,1,0,0,0,1,1,6,6,1,18,4,1248,2,10,VAUXHALL CORSA,4,E01013459,0,2
2024351495356,2024,351495356,3,9,0,-1,10,2,8,-1,0,1,0,0,0,0,3,1,-1,2,1,48,8,1248,2,17,VAUXHALL CORSA,6,E01034438,0,1
2024101517500,2024,101517500,2,9,0,-1,19,5,1,-1,0,3,1,0,0,0,4,1,-1,6,2,32,6,1398,1,9,VAUXHALL CORSA,-1,-1,0,-1
2024141423708,2024,141423708,2,9,0,-1,9,5,1,-1,0,8,0,2,0,0,1,1,-1,9,1,46,8,1398,1,5,VAUXHALL CORSA,5,E01007653,0,2
2024101405957,2024,101405957,1,9,0,-1,19,5,1,-1,0,0,2,0,0,0,4,1,-1,6,1,18,4,1229,1,11,VAUXHALL CORSA,6,E01027472,0,1
2024471458720,2024,471458720,1,9,0,-1,9,1,3,-1,0,0,0,0,0,0,4,1,-1,9,2,57,9,1398,1,7,VAUXHALL CORSA,1,E01021005,0,1
2024421406420,2024,421406420,1,9,0,-1,19,7,3,-1,0,0,0,0,0,0,1,9,-1,6,3,-1,-1,1398,1,14,VAUXHALL CORSA,-1,-1,0,-1
2024991401776,2024,991401776,2,9,0,-1,4,7,3,-1,0,0,0,0,0,0,2,1,-1,2,2,67,10,1398,1,6,VAUXHALL CORSA,-1,-1,0,-1
2024070364047,2024,070364047,4,9,0,18,19,5,1,0,0,0,0,0,0,0,2,1,6,6,1,31,6,1199,1,3,VAUXHALL CORSA,5,E01004809,0,4
2024010544698,2024,010544698,1,9,0,9,9,3,1,0,0,1,0,0,0,0,1,1,6,6,1,21,5,1229,1,15,VAUXHALL CORSA,5,E01024512,0,4
2024320765510,2024,320765510,2,9,0,-1,-1,5,1,0,0,8,0,0,1,1,3,1,-1,-1,1,79,11,1398,1,8,VAUXHALL CORSA,10,E01026413,0,2
2024461533180,2024,461533180,2,9,0,-1,19,7,3,-1,0,0,0,0,0,0,2,1,-1,9,1,31,6,1398,1,8,VAUXHALL CORSA,2,E01024686,0,4
2024041528897,2024,041528897,1,9,0,-1,9,1,8,-1,0,8,0,0,0,0,1,1,-1,6,1,20,4,1229,1,11,VAUXHALL CORSA,4,E01025394,0,1
2024010526375,2024,010526375,2,9,0,4,4,1,5,0,0,1,0,0,0,0,2,2,6,6,2,24,5,1398,1,8,VAUXHALL CORSA,3,E01015934,0,3
2024161444292,2024,161444292,1,9,0,-1,19,7,3,-1,0,1,0,0,0,0,1,1,-1,6,1,19,4,1598,1,15,VAUXHALL CORSA,7,E01013041,0,3
2024320741875,2024,320741875,1,9,0,-1,-1,8,4,0,0,0,0,0,0,0,1,1,-1,-1,1,83,11,1364,1,15,VAUXHALL CORSA,7,E01026392,0,1
2024131488446,2024,131488446,1,9,0,-1,7,1,1,-1,0,8,0,0,8,11,3,1,-1,6,2,19,4,1229,1,9,VAUXHALL CORSA,3,E01013004,0,4
2024041438905,2024,041438905,3,9,0,-1,19,3,7,-1,0,0,1,7,4,0,4,1,-1,2,2,24,5,1229,1,11,VAUXHALL CORSA,4,E01025288,0,2
2024430604447,2024,430604447,2,9,0,4,4,1,3,0,0,8,0,0,0,0,2,1,6,6,2,63,9,1398,1,13,VAUXHALL CORSA,8,E01016302,0,2
2024010529379,2024,010529379,1,9,9,99,99,9,9,99,99,9,9,99,9,99,1,9,6,6,3,-1,-1,1229,1,16,VAUXHALL CORSA,-1,-1,0,-1
2024991438442,2024,991438442,1,9,0,-1,19,2,7,-1,0,1,5,0,0,0,1,1,-1,6,1,40,7,1199,1,3,VAUXHALL CORSA,-1,-1,0,-1
2024052400372,2024,052400372,1,9,0,18,19,3,7,0,0,0,0,0,0,0,4,1,6,6,2,49,8,1398,1,8,VAUXHALL CORSA,3,E01007169,0,2
2024131416442,2024,131416442,1,9,0,-1,19,5,1,-1,0,1,0,0,0,0,1,1,-1,6,3,-1,-1,1199,1,1,VAUXHALL CORSA,-1,-1,0,-1
2024231535138,2024,231535138,1,9,0,-1,14,6,2,-1,0,0,0,4,7,11,4,1,-1,9,1,20,4,1229,1,16,VAUXHALL CORSA,10,E01031287,0,1
2024320726341,2024,320726341,1,9,0,-1,-1,8,4,0,0,8,0,0,0,0,3,1,-1,-1,1,20,4,1229,1,10,VAUXHALL CORSA,5,E01028317,0,1
2024991477727,2024,991477727,2,9,0,-1,19,7,3,-1,0,1,0,0,0,0,4,1,-1,6,1,27,6,1499,2,3,VAUXHALL CORSA,4,-1,0,3
2024501444686,2024,501444686,1,9,0,-1,19,2,6,-1,0,1,0,0,0,0,1,1,-1,6,2,23,5,1398,1,9,VAUXHALL CORSA,6,E01020256,0,3
2024010533551,2024,010533551,1,9,0,18,19,3,7,0,0,2,0,10,0,0,1,1,6,6,1,18,4,1364,1,8,VAUXHALL CORSA,9,E01000344,0,1
2024430530733,2024,430530733,1,9,0,18,19,6,2,0,0,6,5,0,0,0,1,1,6,6,1,28,6,1229,1,15,VAUXHALL CORSA,4,E01016474,0,4
2024111444577,2024,111444577,2,9,0,-1,9,8,6,-1,0,4,0,0,0,0,4,1,-1,9,1,18,4,1248,2,14,VAUXHALL CORSA,2,E01020797,0,3
2024010498828,2024,010498828,1,9,0,7,7,5,8,0,0,5,0,0,0,0,4,1,6,6,1,33,6,1199,1,1,VAUXHALL CORSA,4,E01026523,0,5
2024991480712,2024,991480712,2,9,0,-1,19,5,1,-1,0,1,0,0,0,0,1,1,-1,6,1,48,8,1199,1,1,VAUXHALL CORSA,2,-1,0,3
2024061518960,2024,061518960,5,9,0,-1,5,7,3,-1,0,0,0,0,0,0,1,1,-1,6,1,54,8,1364,1,9,VAUXHALL CORSA,4,E01006189,0,1
2024311395482,2024,311395482,1,9,0,-1,7,5,1,-1,0,7,1,0,1,0,1,1,-1,2,1,25,5,1389,1,20,VAUXHALL CORSA,1,E01032558,0,4
2024052402437,2024,052402437,1,9,0,7,7,7,1,0,0,6,0,0,0,0,1,1,1,1,3,-1,-1,1389,1,20,VAUXHALL CORSA,-1,-1,0,-1
2024471477918,2024,471477918,2,9,0,-1,19,8,4,-1,0,0,1,0,5,6,1,1,-1,6,2,37,7,1364,1,17,VAUXHALL CORSA,2,E01021183,0,4
2024010515797,2024,010515797,1,9,0,5,5,2,6,0,0,8,0,0,0,0,4,1,6,6,1,20,4,1398,1,8,VAUXHALL CORSA,8,E01004119,0,1
2024552401339,2024,552401339,1,9,0,9,9,2,8,4,4,5,0,0,0,0,4,1,6,6,2,70,10,1398,1,9,VAUXHALL CORSA,5,E01015317,0,1
2024141432178,2024,141432178,2,9,0,-1,3,8,4,-1,0,1,0,0,0,0,2,9,-1,6,2,34,6,1398,1,13,VAUXHALL CORSA,4,E01007810,0,1
2024201471906,2024,201471906,1,9,0,-1,19,7,3,-1,0,1,1,0,0,0,1,1,-1,1,1,33,6,1248,2,10,VAUXHALL CORSA,2,E01010429,0,1
2024991436544,2024,991436544,1,9,0,-1,19,7,3,-1,0,0,0,0,0,0,1,1,-1,9,1,17,4,1229,1,10,VAUXHALL CORSA,-1,-1,0,-1
2024991521397,2024,991521397,1,9,0,-1,19,3,7,-1,0,0,1,0,0,0,1,1,-1,6,1,21,5,1199,1,1,VAUXHALL CORSA,2,-1,0,1
2024520402473,2024,520402473,2,9,0,18,19,3,7,0,0,0,0,0,0,0,1,1,6,6,2,30,6,1229,1,11,VAUXHALL CORSA,9,E01019930,0,3
2024131423840,2024,131423840,1,9,0,-1,19,3,7,-1,0,0,0,0,0,0,1,1,-1,6,1,78,11,1199,1,1,VAUXHALL CORSA,-1,-1,0,-1
2024221401937,2024,221401937,1,9,0,-1,19,7,3,-1,0,0,2,0,1,4,1,1,-1,6,1,31,6,1229,1,16,VAUXHALL CORSA,2,E01009266,0,4
2024010547189,2024,010547189,1,9,0,18,19,7,3,0,0,0,0,0,0,0,1,1,6,6,1,44,7,1389,1,18,VAUXHALL CORSA,-1,-1,0,-1
2024461488871,2024,461488871,1,9,0,-1,19,7,3,-1,0,1,0,0,0,0,1,1,-1,9,2,18,4,1389,1,20,VAUXHALL CORSA,-1,-1,0,-1
2024451402943,2024,451402943,1,9,0,-1,19,1,5,-1,0,6,0,0,0,0,1,1,-1,2,2,22,5,1364,1,16,VAUXHALL CORSA,7,E01030414,0,1
2024201398177,2024,201398177,2,9,0,-1,3,4,8,-1,0,1,0,0,0,0,2,1,-1,9,2,48,8,1248,2,11,VAUXHALL CORSA,1,E01009345,0,1
2024552400394,2024,552400394,2,9,0,18,19,2,6,0,0,8,0,0,0,0,1,1,6,6,2,21,5,998,1,10,VAUXHALL CORSA,6,E01033288,0,1
2024101472036,2024,101472036,2,9,0,-1,19,1,5,-1,0,1,0,0,0,0,2,1,-1,9,1,68,10,1398,1,5,VAUXHALL CORSA,2,E01008776,0,1
2024471507797,2024,471507797,1,9,0,-1,19,3,7,-1,0,1,0,0,0,0,1,1,-1,9,1,17,4,1229,1,10,VAUXHALL CORSA,8,E01031840,0,2
2024501479825,2024,501479825,2,9,0,-1,12,3,3,-1,0,0,0,0,0,0,4,1,-1,9,1,18,4,1364,1,16,VAUXHALL CORSA,8,E01015119,0,1
2024401442668,2024,401442668,1,9,0,-1,19,1,5,-1,0,8,0,0,0,0,1,1,-1,1,2,50,8,1229,1,10,VAUXHALL CORSA,3,E01015702,0,2
2024332400588,2024,332400588,2,9,0,-1,14,8,4,-1,0,8,0,0,1,0,1,1,-1,2,2,24,5,998,1,13,VAUXHALL CORSA,8,E01025911,0,1
2024991470475,2024,991470475,1,9,0,-1,19,7,3,-1,0,0,1,0,1,0,1,1,-1,6,1,37,7,1229,1,12,VAUXHALL CORSA,-1,-1,0,-1
2024440197753,2024,440197753,1,9,0,10,10,7,3,0,0,1,0,0,0,0,3,1,6,6,1,23,5,1398,1,10,VAUXHALL CORSA,2,E01034060,0,1
2024320348378,2024,320348378,3,9,0,3,3,2,6,0,0,0,0,0,0,0,2,1,-1,-1,2,29,6,1398,1,7,VAUXHALL CORSA,9,E01026211,0,3
2024101414378,2024,101414378,2,9,0,-1,7,3,7,-1,0,0,0,0,0,0,2,1,-1,9,1,41,7,1598,1,15,VAUXHALL CORSA,4,E01020636,0,3
2024520000166,2024,520000166,1,9,0,18,19,6,8,0,0,8,0,0,1,10,1,1,6,6,1,67,10,1229,1,15,VAUXHALL CORSA,10,E01014389,0,1
2024991482463,2024,991482463,1,9,0,-1,4,8,4,-1,0,0,2,0,7,0,1,1,-1,9,1,18,4,1229,1,14,VAUXHALL CORSA,6,-1,0,4
2024141535169,2024,141535169,2,9,0,-1,19,5,1,-1,0,4,0,0,0,0,1,1,-1,9,2,39,7,1229,1,12,VAUXHALL CORSA,2,E01007343,0,2
2024451532834,2024,451532834,1,9,0,-1,19,5,1,-1,0,0,0,0,2,0,3,1,-1,9,1,36,7,1398,1,8,VAUXHALL CORSA,8,E01035362,0,1
2024231425633,2024,231425633,1,9,0,-1,9,2,1,-1,0,6,0,0,0,0,1,1,-1,6,2,38,7,1398,1,7,VAUXHALL CORSA,10,E01009698,0,2
2024522402435,2024,522402435,2,9,0,18,19,6,2,0,0,0,0,0,0,0,1,1,6,6,3,-1,-1,1364,1,15,VAUXHALL CORSA,-1,-1,0,-1
2024221427195,2024,221427195,1,9,0,-1,19,1,5,-1,0,0,0,0,0,0,1,9,-1,2,2,47,8,1229,1,15,VAUXHALL CORSA,4,E01028914,0,2
2024010518518,2024,010518518,1,9,0,18,19,5,1,0,0,1,0,0,0,0,1,1,2,2,1,37,7,1364,1,15,VAUXHALL CORSA,4,E01000608,0,2
2024440320761,2024,440320761,1,9,0,9,9,3,1,0,0,8,0,0,0,0,4,1,6,6,2,45,7,1229,1,16,VAUXHALL CORSA,6,E01032846,0,1
2024010533274,2024,010533274,3,9,0,99,99,9,9,99,99,0,9,99,9,99,2,9,6,6,3,-1,-1,1499,2,3,VAUXHALL CORSA,-1,-1,0,-1
2024070857147,2024,070857147,1,9,0,-1,5,5,1,-1,0,1,0,99,0,0,1,1,-1,6,2,25,5,1398,1,8,VAUXHALL CORSA,4,E01012510,0,1
2024991430657,2024,991430657,2,9,0,-1,2,5,5,-1,0,3,0,0,0,0,3,1,-1,9,1,48,8,1398,1,8,VAUXHALL CORSA,3,-1,0,1
2024010515300,2024,010515300,2,9,0,18,19,5,1,0,0,0,0,0,0,0,1,1,6,6,1,18,4,1229,1,15,VAUXHALL CORSA,-1,-1,0,-1
2024061497519,2024,061497519,1,9,0,-1,9,2,4,-1,0,8,0,0,0,0,1,9,-1,6,1,-1,-1,1229,1,19,VAUXHALL CORSA,-1,-1,0,-1
2024010490934,2024,010490934,2,9,9,99,99,9,9,99,99,9,9,99,9,99,9,9,6,6,3,-1,-1,-1,3,2,VAUXHALL CORSA,-1,-1,0,-1
2024010541655,2024,010541655,1,9,0,18,19,3,7,0,0,1,0,0,0,0,0,1,6,6,2,58,9,1398,1,5,VAUXHALL CORSA,2,E01003487,0,1
2024052401789,2024,052401789,1,9,0,11,11,1,5,0,0,5,1,7,0,0,1,1,6,6,2,28,6,1229,1,13,VAUXHALL CORSA,2,E01018546,0,3
2024010497666,2024,010497666,1,9,0,17,19,7,3,0,0,0,0,0,0,0,2,1,6,6,1,51,8,1199,1,1,VAUXHALL CORSA,-1,-1,0,-1
2024361403122,2024,361403122,2,9,0,-1,19,7,3,-1,0,3,0,0,0,0,4,1,-1,1,2,26,6,1364,1,9,VAUXHALL CORSA,5,E01026589,0,3
2024141512702,2024,141512702,1,9,0,-1,19,1,5,-1,9,2,0,0,3,11,1,1,-1,6,2,19,4,1229,1,13,VAUXHALL CORSA,1,E01007769,0,2
2024340WN4212,2024,340WN4212,1,9,0,-1,19,1,5,-1,0,0,2,0,5,4,1,1,-1,9,1,18,4,998,1,13,VAUXHALL CORSA,8,E01027250,0,3
2024401476463,2024,401476463,3,9,0,-1,2,0,0,-1,0,0,0,0,0,0,4,1,-1,6,-1,-1,-1,998,1,12,VAUXHALL CORSA,-1,-1,0,-1
2024010540689,2024,010540689,1,9,0,9,9,3,1,0,0,5,0,0,0,0,4,1,6,6,2,36,7,1199,1,4,VAUXHALL CORSA,7,E01021765,0,3
2024440468906,2024,440468906,1,9,0,3,3,5,1,0,0,8,0,0,0,0,2,1,6,6,2,26,6,1398,1,8,VAUXHALL CORSA,8,E01032664,0,3
2024421424012,2024,421424012,1,9,0,-1,19,7,1,-1,0,0,0,0,0,0,1,1,-1,9,2,19,4,1248,2,18,VAUXHALL CORSA,6,E01021571,0,1
2024351445192,2024,351445192,2,9,0,-1,5,4,8,-1,0,1,0,0,0,0,2,1,-1,7,2,34,6,1248,2,6,VAUXHALL CORSA,5,E01033180,0,2
2024421474889,2024,421474889,2,9,0,-1,2,0,0,-1,0,0,0,0,0,0,2,1,-1,6,-1,-1,-1,1229,1,14,VAUXHALL CORSA,-1,-1,0,-1
2024541892624,2024,541892624,1,9,0,18,19,4,8,0,0,0,1,0,8,11,1,1,6,6,1,21,5,1398,1,9,VAUXHALL CORSA,6,E01032519,0,4
2024010547962,2024,010547962,4,9,0,18,19,3,7,0,0,1,0,0,0,0,1,1,6,6,2,19,4,1199,1,4,VAUXHALL CORSA,5,E01003654,0,2
2024531434647,2024,531434647,2,9,0,-1,4,3,7,-1,0,0,0,0,0,0,2,1,-1,1,2,26,6,1229,1,11,VAUXHALL CORSA,10,E01022465,0,3
2024131530398,2024,131530398,3,9,0,-1,19,7,3,-1,0,0,0,0,0,0,2,1,-1,9,2,49,8,1398,1,8,VAUXHALL CORSA,9,E01013788,0,5
2024201517680,2024,201517680,1,9,0,-1,19,1,5,-1,0,0,0,4,0,0,1,1,-1,6,1,-1,-1,998,1,14,VAUXHALL CORSA,-1,-1,0,-1
2024461416234,2024,461416234,2,9,0,-1,19,3,7,-1,0,0,1,0,0,0,1,1,-1,2,1,31,6,1398,1,14,VAUXHALL CORSA,8,E01000411,0,3
2024311461498,2024,311461498,1,9,0,-1,19,1,5,-1,0,0,2,0,8,0,1,1,-1,9,1,17,4,1229,1,13,VAUXHALL CORSA,2,E01028271,0,3
2024320651258,2024,320651258,1,9,0,9,9,8,6,0,0,2,0,0,0,0,4,1,-1,-1,2,37,7,1229,1,14,VAUXHALL CORSA,2,E01026030,0,1
2024451458945,2024,451458945,2,9,0,-1,4,6,6,-1,0,0,0,0,3,0,2,1,-1,9,2,24,5,1229,1,14,VAUXHALL CORSA,8,E01004149,0,1
2024131509945,2024,131509945,2,9,0,-1,19,3,7,-1,0,0,0,0,0,0,4,1,-1,6,1,21,5,1229,1,13,VAUXHALL CORSA,8,E01034588,0,2
2024201502747,2024,201502747,2,9,0,-1,19,8,4,-1,0,0,2,0,0,0,2,1,-1,6,1,30,6,1229,1,12,VAUXHALL CORSA,2,E01009095,0,3
2024201444232,2024,201444232,1,9,0,-1,19,7,4,-1,0,0,0,0,0,0,1,1,-1,9,1,22,5,1364,1,15,VAUXHALL CORSA,3,E01010085,0,2
2024010497768,2024,010497768,1,9,0,13,13,5,1,0,0,0,1,0,0,0,4,1,6,6,3,-1,-1,-1,3,2,VAUXHALL CORSA,-1,-1,0,-1
2024411428280,2024,411428280,1,9,0,-1,19,2,6,-1,0,3,0,0,0,0,4,1,-1,9,1,32,6,1229,1,12,VAUXHALL CORSA,8,E01033026,0,3
2024451459621,2024,451459621,2,9,0,-1,19,7,3,-1,0,0,0,0,0,0,3,1,-1,9,2,18,4,1229,1,12,VAUXHALL CORSA,-1,-1,0,-1
2024631480531,2024,631480531,1,9,0,-1,5,1,5,-1,0,6,0,0,0,0,3,1,-1,9,1,58,9,1199,1,1,VAUXHALL CORSA,7,W01000473,0,1
2024461455511,2024,461455511,1,9,0,-1,19,8,1,-1,0,0,5,0,0,0,1,9,-1,9,2,18,4,1248,2,13,VAUXHALL CORSA,8,E01024514,0,3
2024631519018,2024,631519018,1,9,0,-1,12,1,5,-1,0,0,2,0,8,10,1,1,-1,9,1,17,4,1229,1,11,VAUXHALL CORSA,7,W01000547,0,3
2024122400531,2024,122400531,1,9,0,10,10,6,4,0,0,1,0,0,0,0,2,1,2,2,2,20,4,1398,1,7,VAUXHALL CORSA,10,E01013380,0,2
2024302400870,2024,302400870,1,9,0,9,9,4,2,0,0,6,0,0,0,0,1,1,1,1,2,26,6,1199,1,3,VAUXHALL CORSA,2,E01013565,0,1
2024161423599,2024,161423599,1,9,0,-1,19,7,3,-1,0,0,0,0,0,0,1,1,-1,9,1,18,4,1229,1,18,VAUXHALL CORSA,6,E01013048,0,1
2024430350060,2024,430350060,1,9,0,18,19,1,5,0,0,4,0,0,0,0,1,1,6,6,3,32,6,1199,1,20,VAUXHALL CORSA,-1,-1,0,-1
2024131534236,2024,131534236,1,9,0,-1,15,5,1,-1,0,1,2,0,7,2,1,1,-1,9,2,41,7,1248,2,9,VAUXHALL CORSA,3,E01010789,0,1
2024201518352,2024,201518352,2,9,0,-1,2,0,0,-1,0,0,0,0,0,0,1,1,-1,6,-1,-1,-1,999,1,6,VAUXHALL CORSA,-1,-1,0,-1
2024221400003,2024,221400003,1,9,0,-1,4,1,6,-1,0,1,1,0,1,4,1,9,-1,1,1,26,6,1199,1,3,VAUXHALL CORSA,4,E01028909,0,2
2024122400501,2024,122400501,2,9,0,3,3,5,1,0,0,8,0,0,0,0,1,1,2,2,2,67,10,1199,1,4,VAUXHALL CORSA,10,E01027893,0,1
2024061407797,2024,061407797,1,9,0,-1,19,3,7,-1,0,0,0,0,0,0,1,1,-1,6,3,-1,-1,1398,1,5,VAUXHALL CORSA,-1,-1,0,-1
2024552401122,2024,552401122,1,9,0,7,7,4,6,0,0,6,0,0,0,0,1,1,6,6,2,77,11,1229,1,11,VAUXHALL CORSA,3,E01015415,0,1
2024122500207,2024,122500207,1,9,0,14,14,3,7,0,0,0,0,0,0,0,1,1,6,6,1,78,11,1398,1,11,VAUXHALL CORSA,10,E01013377,0,1
2024231431508,2024,231431508,2,9,0,-1,19,3,7,-1,0,8,0,0,0,0,1,1,-1,6,2,32,6,1199,1,4,VAUXHALL CORSA,6,E01035023,0,2
2024161524636,2024,161524636,2,9,0,-1,19,3,7,-1,0,4,0,0,0,0,1,1,-1,6,1,27,6,1398,1,8,VAUXHALL CORSA,-1,-1,0,-1
2024340WN6162,2024,340WN6162,1,9,0,-1,9,7,3,-1,0,8,0,0,0,0,1,1,-1,2,2,36,7,1229,1,11,VAUXHALL CORSA,3,E01027196,0,1
2024501450678,2024,501450678,1,9,0,-1,5,7,3,-1,0,0,0,0,0,0,1,1,-1,9,1,22,5,1398,1,10,VAUXHALL CORSA,6,E01018826,0,1
2024522402024,2024,522402024,2,19,0,18,19,5,1,0,0,8,0,0,0,0,1,1,6,6,3,-1,-1,1248,2,17,VAUXHALL CORSA,-1,-1,0,-1
2024461561786,2024,461561786,1,9,0,-1,12,5,1,-1,0,0,0,0,0,0,3,9,-1,6,1,23,5,1229,1,17,VAUXHALL CORSA,3,E01032562,0,3
2024141436637,2024,141436637,1,9,0,-1,19,5,1,-1,0,0,1,10,1,2,1,1,-1,9,1,19,4,1398,1,8,VAUXHALL CORSA,9,E01008141,0,1
2024141422525,2024,141422525,1,9,0,-1,5,7,6,-1,0,6,0,0,0,0,1,1,-1,9,2,22,5,1199,1,4,VAUXHALL CORSA,3,E01007346,0,1
2024401438338,2024,401438338,2,9,0,-1,19,6,2,-1,0,1,0,0,0,0,1,1,-1,6,2,27,6,1398,1,6,VAUXHALL CORSA,9,E01017463,0,1
2024010541659,2024,010541659,1,9,9,18,19,8,4,99,99,9,9,99,9,99,1,9,6,6,2,25,5,1398,1,5,VAUXHALL CORSA,2,E01033926,0,1
2024061403302,2024,061403302,1,9,0,-1,9,1,5,-1,0,5,0,0,0,0,1,1,-1,2,1,24,5,1364,1,15,VAUXHALL CORSA,1,E01034121,0,1
2024161493228,2024,161493228,1,9,0,-1,19,2,6,-1,0,0,0,0,0,0,1,1,-1,6,2,41,7,1229,1,12,VAUXHALL CORSA,6,E01013095,0,1
2024211503415,2024,211503415,1,9,0,-1,19,5,1,-1,0,2,0,0,0,0,1,1,-1,6,1,24,5,1229,1,18,VAUXHALL CORSA,5,E01029637,0,1
2024440096003,2024,440096003,1,9,0,9,9,6,4,0,0,8,0,0,0,0,4,1,2,2,1,20,4,1229,1,18,VAUXHALL CORSA,6,E01017256,0,1
2024010532540,2024,010532540,2,9,0,99,99,9,9,99,99,0,9,99,9,99,1,9,6,6,1,25,5,1229,1,16,VAUXHALL CORSA,-1,-1,0,-1
2024201462246,2024,201462246,2,9,0,-1,19,7,5,-1,0,0,1,0,0,0,3,1,-1,9,1,45,7,1248,2,15,VAUXHALL CORSA,2,E01010261,0,1
2024451435719,2024,451435719,3,9,0,-1,7,5,1,-1,-1,1,0,0,0,0,1,1,-1,9,2,42,7,1364,1,17,VAUXHALL CORSA,7,E01030410,0,1
2024421481488,2024,421481488,1,9,0,-1,7,5,3,-1,0,0,0,0,0,0,1,1,-1,9,1,20,4,1229,1,11,VAUXHALL CORSA,2,E01015855,0,1
2024430013479,2024,430013479,1,9,0,16,19,2,5,0,0,0,1,0,1,4,3,1,6,6,2,18,4,998,1,13,VAUXHALL CORSA,7,E01016285,0,2
2024031520132,2024,031520132,1,9,-1,-1,-1,-1,-1,-1,-1,-1,-1,-1,-1,0,-1,9,-1,6,2,68,10,1229,1,12,VAUXHALL CORSA,-1,-1,0,-1
2024430074503,2024,430074503,2,9,0,3,3,1,5,0,0,1,0,0,0,0,2,1,1,1,1,51,8,1199,1,4,VAUXHALL CORSA,6,E01016745,0,1
2024131486996,2024,131486996,2,9,0,-1,19,5,1,-1,0,0,0,0,0,0,3,1,-1,6,1,48,8,1229,1,12,VAUXHALL CORSA,8,E01010698,0,3
2024161452632,2024,161452632,1,9,0,-1,19,3,7,-1,0,0,0,0,0,0,1,1,-1,6,2,24,5,1398,1,7,VAUXHALL CORSA,9,E01013266,0,4
2024010533466,2024,010533466,1,9,0,99,99,9,9,99,99,4,9,99,9,99,9,9,6,6,3,-1,-1,1229,1,17,VAUXHALL CORSA,-1,-1,0,-1
2024501501718,2024,501501718,1,9,0,-1,5,5,1,-1,0,4,0,0,0,0,1,9,-1,6,1,24,5,-1,-1,-1,VAUXHALL CORSA,7,E01032628,0,2
2024552400387,2024,552400387,1,9,0,18,19,2,6,0,0,0,0,0,3,0,1,1,6,6,1,27,6,1199,1,2,VAUXHALL CORSA,4,E01034273,0,1
2024440465893,2024,440465893,1,9,0,18,19,3,7,0,0,0,0,0,0,0,1,1,1,1,2,53,8,1229,1,13,VAUXHALL CORSA,6,E01017176,0,2
2024401474669,2024,401474669,2,9,0,-1,19,4,8,-1,0,0,0,0,0,0,3,1,-1,1,2,24,5,1398,1,8,VAUXHALL CORSA,5,E01015746,0,2
2024501449923,2024,501449923,1,9,0,-1,9,2,8,-1,0,1,0,0,0,0,1,9,-1,6,1,-1,-1,1199,1,2,VAUXHALL CORSA,7,E01020209,0,1
2024451467442,2024,451467442,4,9,0,-1,2,5,8,-1,9,1,0,0,0,0,2,1,-1,6,-1,-1,-1,1398,1,9,VAUXHALL CORSA,-1,-1,0,-1
2024622400802,2024,622400802,1,9,0,9,9,4,2,0,0,8,0,0,0,0,1,1,6,6,2,27,6,1398,1,5,VAUXHALL CORSA,4,W01001290,0,1
2024161447298,2024,161447298,3,9,0,-1,7,4,6,-1,0,0,0,0,0,0,1,1,-1,6,2,25,5,1199,1,0,VAUXHALL CORSA,3,E01013143,0,1
2024471457307,2024,471457307,1,9,0,-1,19,7,3,-1,0,1,0,0,0,0,1,1,-1,6,1,40,7,1229,1,19,VAUXHALL CORSA,5,E01031530,0,2
2024201433669,2024,201433669,1,9,0,-1,13,8,4,-1,0,8,1,0,0,0,1,1,-1,6,2,22,5,1398,1,6,VAUXHALL CORSA,2,E01010312,0,3
2024991433169,2024,991433169,2,9,0,-1,19,4,8,-1,0,1,0,0,0,0,1,1,-1,7,2,27,6,1398,1,5,VAUXHALL CORSA,9,-1,0,1