collision_index,collision_year,collision_ref_no,vehicle_reference,vehicle_type,towing_and_articulation,vehicle_manoeuvre_historic,vehicle_manoeuvre,vehicle_direction_from,vehicle_direction_to,vehicle_location_restricted_lane_historic,vehicle_location_restricted_lane,junction_location,skidding_and_overturning,hit_object_in_carriageway,vehicle_leaving_carriageway,hit_object_off_carriageway,first_point_of_impact,vehicle_left_hand_drive,journey_purpose_of_driver_historic,journey_purpose_of_driver,sex_of_driver,age_of_driver,age_band_of_driver,engine_capacity_cc,propulsion_code,age_of_vehicle,generic_make_model,driver_imd_decile,lsoa_of_driver,escooter_flag,driver_distance_banding
2024622400801,2024,622400801,1,9,0,18,19,6,2,0,0,0,0,7,0,0,4,1,6,6,1,17,4,1229,1,13,VAUXHALL CORSA,7,W01001372,0,2
2024070081284,2024,070081284,3,9,0,10,10,5,1,0,0,1,0,0,0,0,2,1,2,2,2,28,6,1229,1,14,VAUXHALL CORSA,5,E01018479,0,1
2024552400951,2024,552400951,2,9,0,18,19,6,2,0,0,0,0,0,0,0,1,1,6,6,2,26,6,1398,1,10,VAUXHALL CORSA,7,E01020480,0,1
2024430357908,2024,430357908,1,9,0,13,13,6,2,0,0,0,0,0,0,0,1,1,6,6,1,20,4,1229,1,14,VAUXHALL CORSA,5,E01017856,0,1
2024070137217,2024,070137217,2,9,0,18,19,1,5,0,0,8,0,0,0,0,1,1,6,6,2,44,7,1398,1,8,VAUXHALL CORSA,-1,-1,0,-1
2024631514597,2024,631514597,1,9,0,-1,12,5,1,-1,0,0,0,0,7,11,1,1,-1,6,1,20,4,1229,1,10,VAUXHALL CORSA,6,W01000701,0,4
2024631433623,2024,631433623,2,9,0,-1,4,6,2,-1,0,1,0,0,0,0,2,1,-1,6,1,21,5,998,1,16,VAUXHALL CORSA,1,W01000098,0,4
2024010524982,2024,010524982,1,9,0,9,9,1,7,0,0,8,0,0,0,0,1,1,6,6,1,17,4,1229,1,10,VAUXHALL CORSA,7,E01002198,0,1
2024131464166,2024,131464166,2,9,0,-1,19,1,5,-1,0,0,0,0,0,0,3,1,-1,9,2,20,4,1199,1,4,VAUXHALL CORSA,2,E01011771,0,3
2024401495873,2024,401495873,1,9,0,-1,5,1,6,-1,0,1,0,0,0,0,4,1,-1,6,2,22,5,1199,1,4,VAUXHALL CORSA,2,E01015802,0,1
2024520402506,2024,520402506,2,9,0,18,19,8,4,0,0,8,0,0,0,0,3,1,6,6,2,17,4,1398,1,8,VAUXHALL CORSA,5,E01029255,0,3
2024481561418,2024,481561418,2,9,0,-1,19,1,5,-1,0,1,0,0,0,0,1,1,-1,9,2,32,6,1398,1,9,VAUXHALL CORSA,-1,-1,0,-1
2024311432376,2024,311432376,2,9,0,-1,19,7,3,-1,0,0,1,0,0,0,1,1,-1,9,2,20,4,1199,1,22,VAUXHALL CORSA,4,E01025962,0,3
2024340WN6842,2024,340WN6842,3,9,0,-1,19,5,1,-1,0,0,0,0,0,0,0,1,-1,6,1,40,7,1199,1,2,VAUXHALL CORSA,9,E01017470,0,4
2024461501827,2024,461501827,2,9,0,-1,19,5,1,-1,0,1,0,0,0,0,1,1,-1,9,1,53,8,1229,1,13,VAUXHALL CORSA,3,E01024570,0,2
2024421515788,2024,421515788,1,9,0,-1,19,4,8,-1,0,0,0,0,0,0,1,1,-1,9,2,17,4,1199,1,1,VAUXHALL CORSA,4,E01021741,0,1
2024161489258,2024,161489258,1,9,0,-1,4,1,5,-1,0,1,0,0,0,0,2,1,-1,2,2,28,6,1398,1,8,VAUXHALL CORSA,3,E01013135,0,1
2024041529320,2024,041529320,1,9,0,-1,11,7,3,-1,0,0,0,0,0,0,1,1,-1,9,2,23,5,1199,1,2,VAUXHALL CORSA,8,E01025175,0,1
2024010550577,2024,010550577,2,9,0,9,9,1,7,0,0,6,0,0,0,0,1,2,6,6,1,27,6,1398,1,9,VAUXHALL CORSA,2,E01002099,0,1
2024010517389,2024,010517389,2,9,0,9,9,3,1,0,0,1,0,0,0,0,1,1,6,6,1,36,7,1229,1,16,VAUXHALL CORSA,3,E01003708,0,1
2024311443257,2024,311443257,2,9,0,-1,19,4,8,-1,0,0,0,0,0,0,-1,1,-1,6,1,19,4,973,1,22,VAUXHALL CORSA,2,E01013835,0,2
2024421528165,2024,421528165,2,9,0,-1,4,-1,-1,-1,0,0,0,0,0,0,2,1,-1,6,1,25,5,1364,1,17,VAUXHALL CORSA,6,E01026449,0,4
2024471413798,2024,471413798,1,9,0,-1,19,8,4,-1,-1,0,5,0,1,0,4,1,-1,6,1,18,4,1229,1,18,VAUXHALL CORSA,6,E01021193,0,1
2024010508488,2024,010508488,4,9,0,2,2,0,0,0,0,2,0,0,4,7,2,1,6,6,3,-1,-1,1364,1,9,VAUXHALL CORSA,-1,-1,0,-1
2024131523447,2024,131523447,4,9,0,-1,2,0,0,-1,-1,0,0,0,0,0,1,1,-1,6,-1,-1,-1,1398,1,5,VAUXHALL CORSA,-1,-1,0,-1
2024371510930,2024,371510930,1,9,0,-1,19,4,1,-1,0,2,0,4,0,0,1,1,-1,2,1,18,4,1229,1,16,VAUXHALL CORSA,8,E01029957,0,3
2024991406926,2024,991406926,2,9,0,-1,7,1,3,-1,0,6,0,0,0,0,3,1,-1,9,2,62,9,1199,1,2,VAUXHALL CORSA,-1,-1,0,-1
2024461432544,2024,461432544,1,9,0,-1,19,4,8,-1,0,8,0,0,0,0,3,9,-1,6,2,27,6,1398,1,9,VAUXHALL CORSA,7,E01035304,0,1
2024122400304,2024,122400304,1,9,0,18,19,1,5,0,0,1,0,0,1,4,1,1,6,6,1,23,5,1199,1,1,VAUXHALL CORSA,1,E01011510,0,4
2024411490156,2024,411490156,1,9,0,-1,19,1,5,-1,0,8,0,0,0,0,1,1,-1,9,1,21,5,1199,1,4,VAUXHALL CORSA,6,E01023306,0,1
2024052401018,2024,052401018,1,9,0,18,19,1,5,0,0,1,0,0,0,0,4,1,6,6,1,17,4,1398,1,13,VAUXHALL CORSA,1,E01006981,0,3
2024440175353,2024,440175353,1,9,0,18,19,2,6,0,0,0,1,0,0,0,1,1,6,6,1,18,4,1229,1,13,VAUXHALL CORSA,8,E01016255,0,4
2024430181694,2024,430181694,2,9,0,11,11,2,6,0,0,8,0,0,0,0,1,1,6,6,3,-1,-1,1229,1,15,VAUXHALL CORSA,-1,-1,0,-1
2024131481575,2024,131481575,1,9,0,-1,19,7,3,-1,0,2,0,0,0,0,3,1,-1,9,2,37,7,1229,1,9,VAUXHALL CORSA,1,E01011339,0,1
2024501501728,2024,501501728,2,9,0,-1,19,2,6,-1,0,0,0,0,0,0,3,1,-1,9,1,28,6,1229,1,13,VAUXHALL CORSA,4,E01018942,0,2
2024440354855,2024,440354855,1,9,0,18,19,1,5,0,0,0,0,0,0,0,2,1,6,6,1,22,5,1398,1,13,VAUXHALL CORSA,5,E01022548,0,1
2024440251652,2024,440251652,1,9,0,4,4,7,3,0,0,0,1,0,0,0,1,1,6,6,1,19,4,-1,-1,-1,VAUXHALL CORSA,3,E01017080,0,2
2024221464811,2024,221464811,1,9,0,-1,19,6,2,-1,0,8,0,0,0,0,1,1,-1,6,2,53,8,1389,1,18,VAUXHALL CORSA,5,E01032330,0,1
2024010535023,2024,010535023,2,9,0,18,19,5,1,0,0,0,0,0,0,0,4,9,6,6,3,-1,-1,-1,3,3,VAUXHALL CORSA,-1,-1,0,-1
2024010550722,2024,010550722,1,9,0,99,99,9,9,99,99,9,9,99,9,99,2,9,2,2,2,38,7,1199,1,4,VAUXHALL CORSA,6,E01004451,0,1
2024361492546,2024,361492546,1,9,0,-1,6,7,3,-1,0,6,0,0,0,0,3,1,-1,9,2,28,6,1199,1,1,VAUXHALL CORSA,1,E01026625,0,1
2024411524814,2024,411524814,1,9,-1,-1,-1,-1,-1,-1,-1,-1,-1,-1,-1,0,-1,9,-1,6,2,59,9,1229,1,12,VAUXHALL CORSA,3,E01021858,0,3
2024131512872,2024,131512872,2,9,0,-1,19,1,5,-1,0,0,0,0,0,0,1,1,-1,6,1,25,5,1398,1,8,VAUXHALL CORSA,4,E01011077,0,3
2024461523768,2024,461523768,2,9,0,-1,4,5,1,-1,0,0,0,0,0,0,2,1,-1,9,2,46,8,1199,1,2,VAUXHALL CORSA,7,E01024260,0,2
2024061475779,2024,061475779,1,9,0,-1,3,4,8,-1,9,1,0,0,0,0,3,1,-1,9,1,29,6,1598,1,16,VAUXHALL CORSA,2,E01005354,0,2
2024440377899,2024,440377899,2,9,0,18,19,3,1,0,0,0,0,0,0,0,1,1,6,6,1,26,6,1364,1,15,VAUXHALL CORSA,5,E01017024,0,1
2024361421505,2024,361421505,1,9,0,-1,19,5,1,-1,0,0,1,0,1,0,1,1,-1,9,1,23,5,1229,1,13,VAUXHALL CORSA,7,E01026910,0,1
2024131484726,2024,131484726,1,9,0,-1,19,1,3,-1,0,1,0,0,0,0,1,1,-1,6,1,27,6,1398,1,10,VAUXHALL CORSA,1,E01010617,0,1
2024991513152,2024,991513152,1,9,0,-1,19,3,7,-1,0,0,0,0,7,4,1,1,-1,6,2,23,5,1398,1,11,VAUXHALL CORSA,2,-1,0,4
2024461420061,2024,461420061,2,9,0,-1,8,1,5,-1,0,1,0,0,0,0,2,9,-1,9,2,22,5,1398,1,14,VAUXHALL CORSA,3,E01024248,0,1
2024041414847,2024,041414847,1,9,0,-1,13,5,1,-1,0,0,1,4,1,11,3,1,-1,2,1,33,6,1229,1,14,VAUXHALL CORSA,1,E01025570,0,1
2024520000245,2024,520000245,2,9,0,18,19,3,7,0,0,1,0,0,0,0,1,1,6,6,2,20,4,1248,2,13,VAUXHALL CORSA,8,E01014400,0,1
2024161446242,2024,161446242,2,9,0,-1,19,5,1,-1,0,0,0,0,0,0,1,9,-1,6,3,-1,-1,1229,1,17,VAUXHALL CORSA,-1,-1,0,-1
2024010536823,2024,010536823,2,9,0,99,99,9,9,99,99,9,9,99,9,99,9,9,6,6,3,-1,-1,1398,1,11,VAUXHALL CORSA,4,E01015804,0,4
2024231528141,2024,231528141,2,9,0,-1,4,6,2,-1,0,0,0,0,0,0,3,1,-1,1,1,33,6,1398,1,5,VAUXHALL CORSA,4,E01031086,0,1
2024622400080,2024,622400080,2,9,0,18,19,7,3,0,0,0,0,0,0,0,2,1,6,6,1,49,8,1398,1,8,VAUXHALL CORSA,5,W01001809,0,1
2024201412052,2024,201412052,2,9,0,-1,3,4,8,-1,0,1,0,0,0,0,2,1,-1,6,2,61,9,1229,1,16,VAUXHALL CORSA,1,E01009839,0,1
2024201469445,2024,201469445,2,9,0,-1,19,2,6,-1,0,8,0,0,0,0,1,1,-1,6,1,41,7,1398,1,13,VAUXHALL CORSA,1,E01034917,0,1
2024351443098,2024,351443098,2,9,0,-1,8,-1,-1,-1,0,1,0,0,0,0,2,9,-1,2,2,27,6,1199,1,21,VAUXHALL CORSA,6,E01018035,0,1
2024101398131,2024,101398131,2,9,0,-1,5,5,1,-1,0,0,0,0,0,0,2,9,-1,6,2,60,9,1398,1,5,VAUXHALL CORSA,8,E01027549,0,1
2024531498061,2024,531498061,2,9,0,-1,11,6,2,-1,0,0,0,0,0,0,4,9,-1,9,2,28,6,1398,1,5,VAUXHALL CORSA,6,E01034797,0,2
2024141454451,2024,141454451,2,9,0,-1,2,0,0,-1,2,2,0,0,0,0,2,1,-1,6,-1,-1,-1,1229,1,9,VAUXHALL CORSA,-1,-1,0,-1
2024332400583,2024,332400583,2,9,0,-1,9,2,8,-1,0,5,0,0,0,0,4,1,-1,9,1,29,6,1398,1,11,VAUXHALL CORSA,6,E01013785,0,3
2024311537422,2024,311537422,2,9,0,-1,2,0,0,-1,0,0,0,0,0,0,4,1,-1,6,1,35,6,1248,2,15,VAUXHALL CORSA,-1,-1,0,-1
2024991458462,2024,991458462,1,9,0,-1,19,3,7,-1,0,8,0,0,0,0,1,1,-1,6,1,19,4,1229,1,9,VAUXHALL CORSA,9,-1,0,1
2024061444056,2024,061444056,1,9,0,-1,5,5,1,-1,0,1,0,0,0,0,1,1,-1,9,1,59,9,1229,1,17,VAUXHALL CORSA,1,E01004827,0,1
2024451415604,2024,451415604,1,9,0,-1,10,1,7,-1,0,6,0,0,0,0,1,1,-1,2,2,34,6,1229,1,10,VAUXHALL CORSA,9,E01030685,0,1
2024622400085,2024,622400085,2,9,0,18,19,4,8,0,0,4,0,0,0,0,2,1,6,6,1,21,5,1398,1,6,VAUXHALL CORSA,4,W01001158,0,4
2024101427474,2024,101427474,1,9,-1,-1,19,-1,-1,-1,0,-1,0,0,0,0,1,9,-1,6,1,42,7,1199,1,2,VAUXHALL CORSA,2,E01008441,0,3
2024401518065,2024,401518065,1,9,0,-1,-1,-1,-1,-1,-1,2,-1,-1,-1,0,-1,1,-1,6,1,27,6,1199,1,1,VAUXHALL CORSA,5,E01015763,0,2
2024231460755,2024,231460755,2,9,0,-1,19,1,5,-1,0,8,0,0,0,0,1,9,-1,2,2,50,8,998,1,10,VAUXHALL CORSA,4,E01031032,0,1
2024041458581,2024,041458581,2,9,0,-1,19,3,7,-1,0,3,0,0,0,0,1,1,-1,2,1,34,6,1398,1,10,VAUXHALL CORSA,4,E01025427,0,1
2024411455189,2024,411455189,2,9,-1,-1,19,-1,-1,-1,0,0,0,0,1,0,-1,1,-1,9,2,24,5,1229,1,11,VAUXHALL CORSA,2,E01015726,0,2
2024451534998,2024,451534998,1,9,0,-1,5,3,7,-1,0,2,0,0,0,0,1,1,-1,9,2,75,10,1398,1,8,VAUXHALL CORSA,7,E01002931,0,2
2024052402206,2024,052402206,2,9,0,18,19,2,6,0,0,8,0,10,1,0,3,1,6,6,2,78,11,1398,1,7,VAUXHALL CORSA,7,E01006579,0,1
2024501471571,2024,501471571,1,9,0,-1,19,1,5,-1,0,0,0,0,0,0,1,1,-1,9,2,57,9,1199,1,1,VAUXHALL CORSA,6,E01015244,0,2
2024421484114,2024,421484114,1,9,0,-1,5,6,2,-1,0,4,0,0,0,0,3,1,-1,6,2,23,5,1199,1,1,VAUXHALL CORSA,4,E01021853,0,1
2024101461760,2024,101461760,2,9,0,-1,7,5,3,-1,0,8,0,0,0,0,1,1,-1,9,1,17,4,1229,1,13,VAUXHALL CORSA,3,E01027359,0,1
2024320059422,2024,320059422,1,9,0,-1,-1,3,7,0,0,0,0,0,0,0,1,1,-1,-1,1,18,4,1229,1,12,VAUXHALL CORSA,6,E01026257,0,1
2024471484379,2024,471484379,1,9,0,-1,19,7,3,-1,0,0,0,7,0,0,1,1,-1,9,1,58,9,1229,1,15,VAUXHALL CORSA,5,E01031551,0,1
2024991457094,2024,991457094,1,9,0,-1,19,4,8,-1,0,4,0,0,0,0,3,1,-1,6,2,54,8,1398,1,5,VAUXHALL CORSA,7,-1,0,1
2024131401338,2024,131401338,3,9,0,-1,2,6,6,-1,0,8,0,4,0,0,2,1,-1,6,-1,-1,-1,1398,1,9,VAUXHALL CORSA,-1,-1,0,-1
2024111402792,2024,111402792,1,9,0,-1,19,2,6,-1,0,0,0,0,0,0,1,1,-1,7,2,31,6,1398,1,8,VAUXHALL CORSA,7,E01020637,0,1
2024161436154,2024,161436154,1,9,0,-1,9,1,7,-1,0,0,0,0,0,0,4,2,-1,2,1,62,9,1229,1,12,VAUXHALL CORSA,8,E01013265,0,1
2024552401499,2024,552401499,1,9,0,18,19,6,2,0,0,0,0,0,0,0,1,1,6,6,2,49,8,973,1,21,VAUXHALL CORSA,7,E01020436,0,4
2024991493869,2024,991493869,1,9,0,-1,19,8,5,-1,0,0,5,0,7,11,1,1,-1,9,2,46,8,1199,1,4,VAUXHALL CORSA,-1,-1,0,-1
2024311534632,2024,311534632,1,9,0,-1,19,7,3,-1,-1,0,0,0,7,0,1,1,-1,2,2,18,4,1229,1,11,VAUXHALL CORSA,3,E01033769,0,1
2024411507914,2024,411507914,2,9,0,-1,19,5,1,-1,0,8,0,0,0,0,3,9,-1,6,2,21,5,1398,1,8,VAUXHALL CORSA,6,E01023409,0,1
2024351534007,2024,351534007,2,9,0,-1,19,5,1,-1,0,0,0,0,0,0,1,1,-1,6,1,32,6,1229,1,13,VAUXHALL CORSA,9,E01023597,0,3
2024052400086,2024,052400086,2,9,0,18,19,7,3,0,0,1,0,0,0,0,1,1,6,6,1,22,5,1229,1,10,VAUXHALL CORSA,4,E01034405,0,1
2024461470307,2024,461470307,2,9,0,-1,19,6,2,-1,0,8,0,0,1,0,1,1,-1,9,1,31,6,998,1,12,VAUXHALL CORSA,10,E01016051,0,1
2024451479535,2024,451479535,2,9,0,-1,7,8,4,-1,0,5,0,0,0,0,1,9,-1,6,2,36,7,1398,1,5,VAUXHALL CORSA,6,E01003003,0,3
2024430326278,2024,430326278,2,9,0,18,19,5,1,0,0,0,0,0,0,0,3,1,6,6,1,48,8,1229,1,11,VAUXHALL CORSA,5,E01016398,0,1
2024451444216,2024,451444216,1,9,0,-1,19,6,2,-1,0,0,0,0,1,0,1,1,-1,9,1,40,7,1398,1,7,VAUXHALL CORSA,10,E01022851,0,4
2024311521514,2024,311521514,2,9,0,-1,5,1,5,-1,0,8,0,0,0,0,2,1,-1,6,1,25,5,998,1,14,VAUXHALL CORSA,-1,-1,0,-1
2024010545843,2024,010545843,2,9,0,18,19,7,3,0,0,1,0,0,0,0,1,1,6,6,1,35,6,1398,1,8,VAUXHALL CORSA,5,E01024335,0,4
2024461530192,2024,461530192,2,9,0,-1,19,2,6,-1,0,1,0,0,7,10,1,1,-1,9,1,41,7,998,1,10,VAUXHALL CORSA,5,E01024025,0,3
2024010501773,2024,010501773,2,9,0,99,99,9,9,99,99,9,9,99,9,99,9,9,6,6,3,-1,-1,1229,1,19,VAUXHALL CORSA,-1,-1,0,-1
2024161493694,2024,161493694,2,9,0,-1,2,0,0,-1,0,0,0,0,0,0,2,1,-1,6,-1,-1,-1,1398,1,8,VAUXHALL CORSA,-1,-1,0,-1
2024010547353,2024,010547353,2,9,0,99,99,9,9,99,99,9,9,99,9,99,9,1,6,6,2,18,4,1229,1,13,VAUXHALL CORSA,7,E01030755,0,2
2024421495443,2024,421495443,1,9,0,-1,19,5,1,-1,0,0,0,0,0,0,1,9,-1,9,1,19,4,1398,1,6,VAUXHALL CORSA,8,E01021332,0,2
2024522402062,2024,522402062,2,9,0,18,19,6,2,0,0,2,0,0,0,0,1,1,6,6,3,-1,-1,1248,2,12,VAUXHALL CORSA,-1,-1,0,-1
2024401440677,2024,401440677,2,9,0,-1,11,7,3,-1,0,3,0,11,7,1,4,1,-1,1,2,39,7,1248,2,13,VAUXHALL CORSA,3,E01015702,0,4
2024430548737,2024,430548737,1,9,0,6,6,4,4,0,0,1,0,0,0,0,3,1,6,6,1,29,6,1398,1,7,VAUXHALL CORSA,5,E01033975,0,1
2024991536448,2024,991536448,1,9,0,-1,19,5,1,-1,0,0,0,0,1,7,1,1,-1,6,1,53,8,1398,1,8,VAUXHALL CORSA,8,-1,0,5
2024010532698,2024,010532698,3,9,0,18,19,7,3,0,0,1,0,0,0,0,1,1,6,6,1,27,6,1364,1,18,VAUXHALL CORSA,5,E01003247,0,3
2024451435465,2024,451435465,1,9,0,-1,10,3,7,-1,0,6,0,0,0,0,3,1,-1,9,1,18,4,1229,1,17,VAUXHALL CORSA,10,E01030328,0,3
2024311420298,2024,311420298,1,9,0,-1,19,7,3,-1,0,0,2,0,8,4,1,1,-1,6,1,52,8,1229,1,11,VAUXHALL CORSA,1,E01027965,0,3
2024010537285,2024,010537285,2,9,0,99,99,9,9,99,99,9,9,99,9,99,1,9,6,6,3,-1,-1,1229,1,11,VAUXHALL CORSA,4,E01001148,0,1
2024531500686,2024,531500686,1,9,0,-1,19,8,4,-1,0,1,0,0,0,0,1,1,-1,9,2,26,6,1229,1,15,VAUXHALL CORSA,8,E01022423,0,2
2024221484834,2024,221484834,2,9,0,-1,3,5,1,-1,0,0,0,0,0,0,2,1,-1,2,2,20,4,1229,1,18,VAUXHALL CORSA,5,E01014041,0,3
2024010540598,2024,010540598,2,9,0,9,9,7,5,0,0,8,0,0,0,0,4,1,6,6,2,46,8,1199,1,4,VAUXHALL CORSA,4,E01002796,0,2
2024522401325,2024,522401325,1,9,0,9,9,6,4,0,0,6,0,0,0,0,4,1,6,6,2,29,6,1199,1,1,VAUXHALL CORSA,3,E01014612,0,1
2024031461927,2024,031461927,1,9,0,-1,19,3,7,-1,0,0,1,11,0,0,1,9,-1,6,2,24,5,1199,1,2,VAUXHALL CORSA,2,E01006107,0,5
2024461467124,2024,461467124,2,9,0,-1,19,2,6,-1,0,8,1,0,7,0,1,1,-1,9,1,42,7,1398,1,12,VAUXHALL CORSA,2,E01016064,0,1
2024201520395,2024,201520395,2,9,0,-1,7,8,3,-1,0,5,0,0,0,0,1,1,-1,6,1,34,6,1398,1,9,VAUXHALL CORSA,9,E01010547,0,1
2024421517264,2024,421517264,1,9,0,-1,19,8,5,-1,0,0,5,0,3,0,1,1,-1,9,1,17,4,1229,1,13,VAUXHALL CORSA,2,E01021327,0,2
2024231467755,2024,231467755,1,9,0,-1,9,7,5,-1,0,6,0,0,0,0,3,1,-1,9,1,25,5,1229,1,15,VAUXHALL CORSA,3,E01031115,0,2
2024010518539,2024,010518539,1,9,0,18,19,3,7,0,0,0,0,0,0,0,1,1,6,6,1,24,5,-1,3,2,VAUXHALL CORSA,4,E01034185,0,2
2024231529529,2024,231529529,1,9,0,-1,19,8,4,-1,0,0,0,0,0,0,1,1,-1,6,1,18,4,1199,1,1,VAUXHALL CORSA,9,E01031269,0,3
2024052402879,2024,052402879,1,9,0,18,19,3,7,0,0,8,0,0,0,0,4,1,6,6,1,33,6,1398,1,7,VAUXHALL CORSA,1,E01007291,0,2
2024451455930,2024,451455930,1,9,0,-1,19,5,1,-1,0,0,0,0,0,0,3,1,-1,9,2,22,5,1229,1,13,VAUXHALL CORSA,4,E01030337,0,2
2024201444575,2024,201444575,1,9,0,-1,19,3,7,-1,0,1,0,0,0,0,2,9,-1,6,2,68,10,998,1,11,VAUXHALL CORSA,-1,-1,0,-1
2024430429877,2024,430429877,1,9,0,9,9,3,1,0,0,4,0,0,0,0,1,1,2,2,2,31,6,998,1,12,VAUXHALL CORSA,2,E01016451,0,1
2024991417242,2024,991417242,2,9,0,-1,9,5,3,-1,0,6,0,0,0,0,3,1,-1,1,1,23,5,1229,1,11,VAUXHALL CORSA,-1,-1,0,-1
2024131506439,2024,131506439,1,9,0,-1,19,3,7,-1,0,0,0,0,0,0,1,1,-1,6,2,57,9,1199,1,1,VAUXHALL CORSA,1,E01011616,0,1
2024361450988,2024,361450988,1,9,0,-1,19,5,1,-1,0,0,0,0,0,0,1,1,-1,9,1,17,4,1248,2,15,VAUXHALL CORSA,4,E01026638,0,4
2024411455325,2024,411455325,2,9,0,-1,3,3,7,-1,0,0,0,0,0,0,2,9,-1,2,1,33,6,1364,1,16,VAUXHALL CORSA,6,E01023801,0,1
2024031496937,2024,031496937,1,9,0,-1,19,4,6,-1,0,1,0,0,7,6,3,1,-1,2,1,20,4,1248,2,16,VAUXHALL CORSA,9,E01019191,0,2
2024302400390,2024,302400390,3,9,0,4,4,3,7,0,0,1,0,0,0,0,2,1,6,6,1,19,4,1364,1,16,VAUXHALL CORSA,10,E01032614,0,1
202460Q187385,2024,60Q187385,2,9,0,4,4,3,7,0,0,0,0,0,0,0,1,1,2,2,1,36,7,1398,1,8,VAUXHALL CORSA,-1,-1,0,-1
2024501496137,2024,501496137,1,9,0,-1,19,2,6,-1,0,0,1,0,5,6,1,1,-1,2,2,30,6,1229,1,11,VAUXHALL CORSA,1,E01018995,0,4
2024061478740,2024,061478740,1,9,0,-1,19,-1,-1,-1,0,1,0,0,0,0,4,1,-1,9,2,30,6,1199,1,4,VAUXHALL CORSA,2,E01005663,0,2
2024010506449,2024,010506449,1,9,0,99,99,9,9,99,99,9,9,99,9,99,9,9,2,2,2,21,5,1199,1,4,VAUXHALL CORSA,6,E01002964,0,1
2024141530180,2024,141530180,1,9,0,-1,9,5,7,-1,0,5,0,0,0,0,3,1,-1,6,2,21,5,1199,1,3,VAUXHALL CORSA,9,E01032926,0,1
2024141502675,2024,141502675,1,9,0,-1,9,1,7,-1,0,5,0,0,0,0,3,1,-1,9,2,19,4,1398,1,14,VAUXHALL CORSA,6,E01007829,0,1
2024010521020,2024,010521020,1,9,0,99,99,9,9,99,99,9,9,99,9,99,2,9,6,6,2,27,6,1398,1,14,VAUXHALL CORSA,3,E01003570,0,1
2024221454693,2024,221454693,3,9,0,-1,4,6,2,-1,0,0,0,0,0,0,2,1,-1,6,2,56,9,1398,1,7,VAUXHALL CORSA,8,E01018677,0,5
2024461445737,2024,461445737,2,9,0,-1,19,1,5,-1,0,0,1,0,0,0,1,1,-1,6,2,18,4,1229,1,14,VAUXHALL CORSA,7,E01024564,0,1
2024010517823,2024,010517823,2,9,0,99,99,9,9,99,99,9,9,99,9,99,1,9,6,6,3,-1,-1,1364,1,16,VAUXHALL CORSA,-1,-1,0,-1
2024010537728,2024,010537728,2,9,0,2,2,0,0,0,0,1,0,0,0,0,1,1,6,6,3,-1,-1,1364,1,17,VAUXHALL CORSA,-1,-1,0,-1
2024411395996,2024,411395996,2,9,0,-1,4,-1,-1,-1,0,4,0,0,0,0,2,9,-1,9,2,19,4,1398,1,6,VAUXHALL CORSA,10,E01023412,0,2
2024061519050,2024,061519050,1,9,0,-1,19,6,2,-1,0,4,0,0,0,0,1,1,-1,9,1,33,6,1229,1,9,VAUXHALL CORSA,3,E01004947,0,1
2024161437710,2024,161437710,1,9,0,-1,19,5,1,-1,0,0,0,0,0,0,1,1,-1,1,1,17,4,1229,1,11,VAUXHALL CORSA,6,E01013039,0,2
2024440478986,2024,440478986,1,9,0,5,5,7,3,0,0,0,0,0,0,0,1,1,6,6,1,22,5,1229,1,17,VAUXHALL CORSA,6,E01023028,0,2
2024041424316,2024,041424316,3,9,0,-1,2,0,0,-1,0,0,0,0,0,0,3,1,-1,6,-1,-1,-1,1229,1,11,VAUXHALL CORSA,-1,-1,0,-1
2024320184436,2024,320184436,1,9,0,-1,-1,8,4,0,0,0,1,0,7,0,1,1,-1,-1,1,38,7,1229,1,12,VAUXHALL CORSA,4,E01006012,0,5
2024501484088,2024,501484088,1,9,0,-1,9,3,7,-1,0,1,0,0,0,0,4,1,-1,9,1,37,7,-1,-1,-1,VAUXHALL CORSA,6,E01018753,0,3
2024471532539,2024,471532539,2,9,0,-1,5,3,7,-1,0,3,0,0,0,0,2,1,-1,1,1,23,5,1398,1,7,VAUXHALL CORSA,8,E01016929,0,1
2024061461150,2024,061461150,1,9,0,-1,-1,-1,-1,-1,-1,0,-1,-1,-1,0,-1,1,-1,6,3,-1,-1,1229,1,11,VAUXHALL CORSA,-1,-1,0,-1
2024201510548,2024,201510548,1,9,0,-1,5,7,1,-1,9,0,0,0,0,0,4,1,-1,1,2,20,4,1199,1,4,VAUXHALL CORSA,1,E01010266,0,3
2024991408260,2024,991408260,1,9,0,-1,19,2,6,-1,0,0,2,0,7,11,1,1,-1,9,2,20,4,1499,2,3,VAUXHALL CORSA,6,-1,0,4
2024430403744,2024,430403744,3,9,0,18,19,8,4,0,0,0,0,0,0,0,3,1,1,1,1,34,6,1199,1,1,VAUXHALL CORSA,-1,-1,0,-1
2024231507374,2024,231507374,1,9,0,-1,19,4,8,-1,0,0,0,0,1,9,1,1,-1,9,2,33,6,1229,1,15,VAUXHALL CORSA,7,E01035032,0,3
2024991536099,2024,991536099,1,9,0,-1,19,1,5,-1,0,0,5,0,0,0,3,1,-1,9,1,84,11,1199,1,1,VAUXHALL CORSA,9,-1,0,2