collision_index,collision_year,collision_ref_no,vehicle_reference,vehicle_type,towing_and_articulation,vehicle_manoeuvre_historic,vehicle_manoeuvre,vehicle_direction_from,vehicle_direction_to,vehicle_location_restricted_lane_historic,vehicle_location_restricted_lane,junction_location,skidding_and_overturning,hit_object_in_carriageway,vehicle_leaving_carriageway,hit_object_off_carriageway,first_point_of_impact,vehicle_left_hand_drive,journey_purpose_of_driver_historic,journey_purpose_of_driver,sex_of_driver,age_of_driver,age_band_of_driver,engine_capacity_cc,propulsion_code,age_of_vehicle,generic_make_model,driver_imd_decile,lsoa_of_driver,escooter_flag,driver_distance_banding
2024411431767,2024,411431767,2,9,0,-1,5,5,1,-1,0,4,0,0,0,0,1,9,-1,6,2,61,9,1248,2,10,VAUXHALL CORSA,4,E01023296,0,1
2024201445201,2024,201445201,2,9,0,-1,7,3,5,-1,0,3,0,0,0,0,4,1,-1,6,1,22,5,1364,1,17,VAUXHALL CORSA,2,E01009981,0,1
2024461397457,2024,461397457,3,9,0,-1,19,7,4,-1,0,0,0,0,0,0,4,9,-1,6,2,65,9,1199,1,1,VAUXHALL CORSA,2,E01024128,0,1
2024010530803,2024,010530803,1,9,0,99,99,9,9,99,99,9,9,99,9,99,9,9,6,6,2,20,4,1398,1,9,VAUXHALL CORSA,2,E01033605,0,1
2024461440033,2024,461440033,5,9,0,-1,19,8,4,-1,0,1,0,0,0,0,1,1,-1,6,2,57,9,1229,1,13,VAUXHALL CORSA,6,E01024709,0,1
2024010540940,2024,010540940,1,9,0,99,99,9,9,99,99,9,9,99,9,99,2,9,6,6,1,38,7,1229,1,15,VAUXHALL CORSA,2,E01000868,0,1
2024461413543,2024,461413543,2,9,0,-1,2,0,0,-1,0,0,0,0,0,0,2,1,-1,6,-1,-1,-1,1229,1,10,VAUXHALL CORSA,-1,-1,0,-1
2024991517328,2024,991517328,1,9,0,-1,19,4,7,-1,0,0,1,0,0,0,1,1,-1,1,1,28,6,998,1,12,VAUXHALL CORSA,9,-1,0,2
2024371563953,2024,371563953,1,9,0,-1,19,2,4,-1,0,0,1,0,7,0,1,1,-1,9,1,25,5,1199,1,4,VAUXHALL CORSA,-1,-1,0,-1
2024351475038,2024,351475038,2,9,-1,-1,-1,-1,-1,-1,-1,0,-1,-1,-1,0,2,9,-1,6,1,30,6,1398,1,8,VAUXHALL CORSA,7,E01018286,0,3
2024201512594,2024,201512594,1,9,0,-1,19,7,3,-1,0,8,0,0,0,0,1,1,-1,6,1,18,4,1229,1,12,VAUXHALL CORSA,3,E01010533,0,1
2024361397346,2024,361397346,1,9,0,-1,9,7,5,-1,0,0,0,0,0,0,3,1,-1,2,2,51,8,1229,1,10,VAUXHALL CORSA,5,E01026728,0,4
2024221529721,2024,221529721,2,9,0,-1,19,7,3,-1,0,8,0,0,0,0,1,1,-1,6,1,71,10,1398,1,8,VAUXHALL CORSA,9,E01028935,0,1
2024371476075,2024,371476075,1,9,0,-1,19,3,7,-1,0,1,0,0,0,0,4,1,-1,9,2,56,9,1398,1,7,VAUXHALL CORSA,1,E01033130,0,1
2024161501894,2024,161501894,1,9,0,-1,19,6,2,-1,0,1,1,4,5,0,4,9,-1,6,1,18,4,1229,1,17,VAUXHALL CORSA,10,E01013117,0,1
2024544434824,2024,544434824,2,9,0,18,19,7,3,0,0,8,0,0,0,0,1,1,6,6,1,36,7,1229,1,10,VAUXHALL CORSA,7,E01015513,0,1
2024411541178,2024,411541178,1,9,0,-1,19,5,3,-1,0,0,0,0,0,0,1,1,-1,6,1,29,6,1398,1,6,VAUXHALL CORSA,3,E01035604,0,3
2024201440320,2024,201440320,1,9,0,-1,19,2,6,-1,0,6,0,0,0,0,1,9,-1,6,1,20,4,1398,1,11,VAUXHALL CORSA,9,E01015140,0,5
2024430461814,2024,430461814,2,9,0,3,3,4,1,0,0,1,0,0,0,0,2,1,2,2,1,18,4,1229,1,8,VAUXHALL CORSA,3,E01028524,0,1
2024311520913,2024,311520913,1,9,0,-1,19,5,1,-1,0,0,1,6,0,0,3,1,-1,2,1,20,4,1229,1,13,VAUXHALL CORSA,-1,-1,0,-1
2024010516430,2024,010516430,1,9,0,18,19,7,3,0,0,6,0,0,0,0,1,1,6,6,1,20,4,1229,1,15,VAUXHALL CORSA,6,E01002329,0,3
2024061479887,2024,061479887,2,9,0,-1,10,1,7,-1,0,1,0,0,0,0,0,1,-1,1,1,59,9,1398,1,5,VAUXHALL CORSA,9,E01006094,0,1
2024531499412,2024,531499412,3,9,0,-1,19,1,5,-1,0,0,0,0,0,0,1,9,-1,6,1,19,4,1229,1,14,VAUXHALL CORSA,10,E01022168,0,2
2024010507330,2024,010507330,2,9,0,99,99,9,9,99,99,9,9,99,9,99,1,9,6,6,3,18,4,1362,1,10,VAUXHALL CORSA,7,E01001075,0,1
2024451471854,2024,451471854,2,9,0,-1,4,7,3,-1,0,0,0,0,0,0,2,1,-1,9,1,38,7,1199,1,1,VAUXHALL CORSA,8,E01000341,0,4
2024201473183,2024,201473183,2,9,0,-1,19,6,2,-1,0,0,0,0,0,0,2,1,-1,6,1,42,7,1686,2,14,VAUXHALL CORSA,4,E01009249,0,1
2024111414898,2024,111414898,4,9,0,-1,3,2,6,-1,0,0,0,0,0,0,2,1,-1,6,2,57,9,1398,1,9,VAUXHALL CORSA,-1,-1,0,-1
2024101519839,2024,101519839,1,9,0,-1,19,1,5,-1,0,0,0,0,0,0,1,1,-1,9,2,47,8,1229,1,13,VAUXHALL CORSA,10,E01008466,0,2
2024201514512,2024,201514512,2,9,0,-1,4,4,8,-1,0,0,0,0,0,0,2,1,-1,9,1,28,6,1398,1,14,VAUXHALL CORSA,10,E01009808,0,2
2024430310549,2024,430310549,2,9,0,18,19,1,5,0,0,7,0,0,0,0,1,1,1,1,2,58,9,1248,2,7,VAUXHALL CORSA,4,E01016453,0,4
2024070159772,2024,070159772,2,9,0,5,5,5,1,0,0,8,0,0,3,0,4,1,6,6,1,-1,-1,1229,1,17,VAUXHALL CORSA,-1,-1,0,-1
2024471525880,2024,471525880,2,9,0,-1,4,1,5,-1,0,1,0,0,0,0,2,1,-1,6,2,24,5,1398,1,13,VAUXHALL CORSA,4,E01031573,0,1
2024010543834,2024,010543834,2,9,0,9,9,1,7,0,0,6,0,0,0,0,1,1,6,6,1,44,7,1398,1,12,VAUXHALL CORSA,6,E01001451,0,1
2024201483673,2024,201483673,2,9,0,-1,19,8,6,-1,0,0,5,4,0,0,4,1,-1,6,1,22,5,1389,1,21,VAUXHALL CORSA,4,E01008891,0,1
2024421408080,2024,421408080,1,9,0,-1,19,7,3,-1,0,0,1,10,1,0,1,1,-1,1,1,18,4,1229,1,13,VAUXHALL CORSA,6,E01021723,0,2
2024111457447,2024,111457447,1,9,0,-1,9,7,5,-1,0,8,0,0,0,0,3,1,-1,6,2,27,6,1199,1,4,VAUXHALL CORSA,3,E01012328,0,1
2024131406558,2024,131406558,1,9,0,-1,19,5,1,-1,0,0,0,0,0,0,3,1,-1,2,1,52,8,1398,1,14,VAUXHALL CORSA,2,E01011369,0,1
2024361507899,2024,361507899,1,9,0,-1,19,3,7,-1,0,0,0,0,0,0,1,1,-1,6,2,28,6,1364,1,17,VAUXHALL CORSA,2,E01033112,0,2
2024320058759,2024,320058759,2,9,0,4,4,8,4,0,0,2,0,0,1,0,3,1,-1,-1,2,61,9,1199,1,3,VAUXHALL CORSA,5,E01026232,0,1
2024411427972,2024,411427972,3,9,0,-1,10,5,1,-1,0,1,0,0,0,0,2,1,-1,6,2,39,7,1199,1,3,VAUXHALL CORSA,3,E01023310,0,1
2024411503387,2024,411503387,1,9,0,-1,19,5,2,-1,0,0,0,0,0,0,1,1,-1,6,1,25,5,1229,1,10,VAUXHALL CORSA,3,E01017580,0,3
2024411515533,2024,411515533,1,9,0,-1,19,2,6,-1,0,0,0,0,1,0,3,1,-1,6,1,22,5,1398,1,13,VAUXHALL CORSA,4,E01023955,0,4
2024010545016,2024,010545016,1,9,0,10,10,3,8,0,0,6,0,0,0,0,3,1,6,6,1,25,5,1199,1,3,VAUXHALL CORSA,-1,-1,0,-1
2024351533835,2024,351533835,1,9,0,-1,19,1,5,-1,0,4,0,0,0,0,1,1,-1,6,1,22,5,-1,-1,-1,VAUXHALL CORSA,5,E01018196,0,1
2024991490210,2024,991490210,1,9,0,-1,19,3,7,-1,0,8,0,0,0,0,1,1,-1,6,2,52,8,1364,1,9,VAUXHALL CORSA,3,-1,0,1
2024631395270,2024,631395270,1,9,0,-1,9,8,6,-1,0,6,0,0,0,0,1,1,-1,2,2,56,9,1398,1,7,VAUXHALL CORSA,4,W01000605,0,1
2024010530607,2024,010530607,1,9,0,99,99,9,9,99,99,9,9,99,9,99,9,9,6,6,1,28,6,1229,1,18,VAUXHALL CORSA,4,E01032942,0,5
2024031425561,2024,031425561,2,9,0,-1,19,7,3,-1,0,1,0,0,0,0,1,1,-1,9,1,70,10,1398,1,13,VAUXHALL CORSA,-1,-1,0,-1
2024201491327,2024,201491327,1,9,0,-1,19,7,3,-1,0,8,0,0,0,0,1,1,-1,6,2,44,7,1398,1,14,VAUXHALL CORSA,1,E01034926,0,1
2024340NN4522,2024,340NN4522,1,9,0,-1,9,1,6,-1,0,4,0,0,0,0,1,1,-1,6,2,47,8,1398,1,5,VAUXHALL CORSA,6,E01027045,0,3
2024010489966,2024,010489966,2,9,0,18,19,5,1,0,0,1,1,0,0,0,1,1,6,6,1,28,6,1398,1,5,VAUXHALL CORSA,3,E01001440,0,1
2024052402655,2024,052402655,1,9,0,9,9,3,1,0,0,8,0,0,0,0,1,1,6,6,1,64,9,1229,1,10,VAUXHALL CORSA,10,E01006943,0,4
2024122400759,2024,122400759,1,9,0,4,4,6,2,0,0,0,0,0,0,0,1,1,6,6,2,45,7,1199,1,3,VAUXHALL CORSA,7,E01027661,0,1
2024010544593,2024,010544593,2,9,0,99,99,9,9,99,99,9,9,99,9,99,1,9,6,6,3,25,5,1398,1,8,VAUXHALL CORSA,7,E01003414,0,1
2024010545381,2024,010545381,1,9,0,9,9,1,7,0,0,6,0,0,0,0,1,1,6,6,1,26,6,1199,1,3,VAUXHALL CORSA,6,E01007684,0,5
2024010532629,2024,010532629,1,9,0,99,99,9,9,99,99,9,9,99,9,99,9,9,6,6,2,29,6,1229,1,12,VAUXHALL CORSA,2,E01001631,0,1
2024501414465,2024,501414465,1,9,0,-1,19,5,1,-1,0,8,0,0,0,0,4,1,-1,1,2,47,8,1248,2,9,VAUXHALL CORSA,2,E01015075,0,1
2024131527557,2024,131527557,1,9,0,-1,19,3,7,-1,0,0,0,0,0,0,1,1,-1,9,2,26,6,1398,1,6,VAUXHALL CORSA,4,E01032489,0,2
2024061498924,2024,061498924,2,9,0,-1,-1,-1,-1,-1,-1,0,-1,-1,-1,0,-1,9,-1,6,3,-1,-1,1248,2,14,VAUXHALL CORSA,-1,-1,0,-1
2024631465593,2024,631465593,1,9,0,-1,12,4,8,-1,0,0,1,0,7,11,4,1,-1,9,1,17,4,1248,2,11,VAUXHALL CORSA,4,W01000603,0,1
2024991424748,2024,991424748,4,9,0,-1,19,1,5,-1,0,1,0,0,0,0,1,1,-1,6,1,64,9,1499,2,3,VAUXHALL CORSA,7,-1,0,1
2024311412968,2024,311412968,1,9,0,-1,19,7,3,-1,0,0,0,0,0,0,4,1,-1,2,1,74,10,1229,1,11,VAUXHALL CORSA,9,E01028360,0,1
2024201520296,2024,201520296,1,9,0,-1,19,8,4,-1,0,1,0,0,0,0,1,1,-1,6,1,33,6,1364,1,14,VAUXHALL CORSA,5,E01008974,0,1
2024211508211,2024,211508211,1,9,0,-1,4,1,5,-1,0,0,0,0,0,0,1,1,-1,2,2,25,5,1229,1,16,VAUXHALL CORSA,-1,-1,0,-1
2024332401030,2024,332401030,1,9,0,-1,19,1,5,-1,0,0,5,0,7,11,1,1,-1,9,2,24,5,1398,1,11,VAUXHALL CORSA,3,E01032528,0,4
2024010500785,2024,010500785,1,9,9,99,99,9,9,0,0,1,9,99,9,99,9,9,6,6,3,-1,-1,1199,1,1,VAUXHALL CORSA,-1,-1,0,-1
2024421463936,2024,421463936,1,9,0,-1,19,6,2,-1,0,7,0,0,0,0,1,1,-1,2,2,27,6,1398,1,6,VAUXHALL CORSA,10,E01021545,0,2
2024430516772,2024,430516772,1,9,0,17,19,2,7,0,0,8,0,0,1,9,4,1,6,6,1,20,4,1229,1,9,VAUXHALL CORSA,-1,-1,0,-1
2024010511536,2024,010511536,2,9,0,99,99,9,9,99,99,9,9,99,9,99,0,9,6,6,3,-1,-1,1229,1,14,VAUXHALL CORSA,-1,-1,0,-1
2024332400993,2024,332400993,1,9,0,-1,19,1,5,-1,0,1,0,0,0,0,1,1,-1,6,3,-1,-1,1398,1,12,VAUXHALL CORSA,-1,-1,0,-1
2024501493427,2024,501493427,1,9,0,-1,1,7,3,-1,9,1,0,0,0,0,2,1,-1,1,2,43,7,1398,1,10,VAUXHALL CORSA,4,E01020189,0,1
2024201529074,2024,201529074,1,9,0,-1,4,4,8,-1,0,1,0,0,0,0,1,9,-1,6,1,65,9,1364,1,8,VAUXHALL CORSA,7,E01009810,0,3
2024411513061,2024,411513061,1,9,0,-1,19,6,2,-1,0,1,0,0,0,0,4,1,-1,9,1,45,7,1229,1,9,VAUXHALL CORSA,7,E01023445,0,1
2024991409138,2024,991409138,2,9,0,-1,19,5,1,-1,0,0,0,0,1,0,1,1,-1,6,2,29,6,1398,1,5,VAUXHALL CORSA,8,-1,0,3
2024101516799,2024,101516799,1,9,-1,-1,19,2,6,-1,0,8,0,0,0,0,1,9,-1,6,2,41,7,1199,1,2,VAUXHALL CORSA,1,E01008702,0,1
2024071057382,2024,071057382,1,9,0,-1,9,3,1,-1,0,6,0,0,0,0,1,1,-1,2,2,22,5,1199,1,3,VAUXHALL CORSA,3,E01018398,0,1
2024461520125,2024,461520125,1,9,0,-1,19,5,1,-1,0,0,0,0,0,0,1,1,-1,1,2,54,8,1229,1,11,VAUXHALL CORSA,5,E01024122,0,1
2024440236393,2024,440236393,1,9,0,18,19,2,6,0,0,1,0,0,0,0,1,1,6,6,1,27,6,1199,1,1,VAUXHALL CORSA,4,E01017020,0,1
202460Q090928,2024,60Q090928,1,9,0,10,10,4,1,0,0,6,0,0,0,0,4,1,2,2,1,18,4,1362,1,10,VAUXHALL CORSA,-1,-1,0,-1
2024211535691,2024,211535691,3,9,0,-1,19,3,7,-1,0,0,0,0,0,0,1,1,-1,6,2,33,6,1248,2,18,VAUXHALL CORSA,1,E01014316,0,1
2024461507063,2024,461507063,1,9,0,-1,19,5,1,-1,0,0,1,0,0,0,1,1,-1,9,2,20,4,1229,1,14,VAUXHALL CORSA,7,E01024158,0,1
2024211488781,2024,211488781,2,9,0,-1,19,1,5,-1,0,0,0,0,0,0,1,1,-1,6,1,62,9,1398,1,6,VAUXHALL CORSA,-1,-1,0,-1
2024440418678,2024,440418678,2,9,0,18,19,3,1,0,0,4,0,0,0,0,3,1,6,6,2,58,9,1398,1,6,VAUXHALL CORSA,7,E01031535,0,2
2024531462372,2024,531462372,2,9,0,-1,5,2,6,-1,0,1,0,0,0,0,2,1,-1,2,2,55,8,1229,1,19,VAUXHALL CORSA,5,E01022327,0,1
2024411479140,2024,411479140,1,9,0,-1,4,1,5,-1,0,4,0,10,3,4,1,1,-1,6,1,19,4,998,1,10,VAUXHALL CORSA,5,E01023681,0,1
2024302400906,2024,302400906,2,9,0,10,10,8,4,0,0,8,0,0,0,0,2,1,6,6,2,44,7,1229,1,12,VAUXHALL CORSA,1,E01013584,0,1
2024471480934,2024,471480934,1,9,0,-1,19,1,5,-1,0,0,0,4,0,0,1,1,-1,9,1,27,6,1398,1,7,VAUXHALL CORSA,6,E01031673,0,1
2024401412342,2024,401412342,2,9,0,-1,19,7,3,-1,0,0,0,0,0,0,1,1,-1,6,2,21,5,1398,1,8,VAUXHALL CORSA,7,E01015764,0,1
2024501505970,2024,501505970,3,9,0,-1,19,3,7,-1,0,0,0,0,0,0,3,1,-1,6,2,30,6,1229,1,14,VAUXHALL CORSA,9,E01019956,0,1
2024010507454,2024,010507454,1,9,0,9,9,3,1,0,0,1,0,0,0,0,1,1,6,6,2,21,5,1229,1,15,VAUXHALL CORSA,2,E01001745,0,1
2024131426718,2024,131426718,1,9,0,-1,-1,-1,-1,-1,-1,-1,-1,-1,-1,-1,-1,1,-1,6,3,-1,-1,1229,1,20,VAUXHALL CORSA,-1,-1,0,-1
2024440195373,2024,440195373,1,9,0,4,4,3,7,0,0,0,0,0,0,0,2,1,2,2,2,37,7,1248,2,7,VAUXHALL CORSA,4,E01017235,0,1
2024111532425,2024,111532425,2,9,0,-1,19,3,7,-1,0,3,5,0,0,0,3,1,-1,2,1,39,7,1229,1,9,VAUXHALL CORSA,5,E01008256,0,4
2024031408356,2024,031408356,1,9,-1,-1,-1,8,6,-1,-1,-1,-1,-1,-1,0,-1,9,-1,6,2,77,11,1199,1,1,VAUXHALL CORSA,7,E01019203,0,1
2024201450960,2024,201450960,1,9,0,-1,19,3,8,-1,0,1,0,0,0,0,4,9,-1,9,2,41,7,1229,1,14,VAUXHALL CORSA,2,E01034315,0,3
2024320319877,2024,320319877,1,9,0,-1,-1,4,8,0,0,8,0,0,0,0,1,1,-1,-1,2,18,4,998,1,13,VAUXHALL CORSA,-1,-1,0,-1
2024520401997,2024,520401997,1,9,0,18,19,7,3,0,0,0,5,0,0,0,1,1,6,6,1,19,4,1398,1,14,VAUXHALL CORSA,6,E01029169,0,3
2024131403979,2024,131403979,1,9,0,-1,19,3,6,-1,0,0,0,0,0,0,4,1,-1,2,1,69,10,998,1,10,VAUXHALL CORSA,1,E01011559,0,2
2024440484058,2024,440484058,3,9,0,5,5,3,7,0,0,2,0,0,0,0,1,1,6,6,2,-1,-1,1398,1,12,VAUXHALL CORSA,5,E01023151,0,3
2024340NN0832,2024,340NN0832,1,9,0,-1,9,5,3,-1,0,4,0,0,0,0,1,1,-1,9,1,17,4,1229,1,12,VAUXHALL CORSA,8,E01027040,0,2
2024201495820,2024,201495820,2,9,0,-1,19,8,4,-1,0,1,0,0,0,0,4,1,-1,9,2,22,5,1229,1,9,VAUXHALL CORSA,7,E01009880,0,1
2024041435126,2024,041435126,2,9,0,-1,19,5,1,-1,0,2,0,0,0,0,1,1,-1,9,1,18,4,1229,1,14,VAUXHALL CORSA,9,E01025600,0,1
2024351464824,2024,351464824,1,9,0,-1,19,8,4,-1,0,8,1,0,0,0,4,1,-1,9,1,85,11,1398,1,8,VAUXHALL CORSA,6,E01018170,0,1
2024041419087,2024,041419087,1,9,0,-1,9,7,5,-1,0,2,0,0,0,0,1,1,-1,9,1,25,5,1398,1,5,VAUXHALL CORSA,3,E01012685,0,1
2024041522942,2024,041522942,1,9,0,-1,19,5,1,-1,0,1,0,0,0,0,1,1,-1,2,1,59,9,1398,1,5,VAUXHALL CORSA,5,E01012727,0,4
2024520403378,2024,520403378,1,9,0,9,9,6,4,0,0,8,0,0,0,0,3,1,6,6,1,76,11,1199,1,1,VAUXHALL CORSA,5,E01032090,0,4
2024141472956,2024,141472956,3,9,0,-1,2,0,0,-1,0,0,0,0,0,0,3,1,-1,6,-1,-1,-1,1398,1,8,VAUXHALL CORSA,-1,-1,0,-1
2024221396230,2024,221396230,1,9,0,-1,19,1,5,-1,0,0,0,0,0,0,1,9,-1,6,1,32,6,998,1,12,VAUXHALL CORSA,6,E01032407,0,2
2024101486782,2024,101486782,2,9,0,-1,19,2,6,-1,0,0,0,11,0,0,1,2,-1,9,1,66,10,1499,2,4,VAUXHALL CORSA,7,E01020145,0,5
2024991431805,2024,991431805,1,9,0,-1,19,3,6,-1,0,0,0,0,0,0,1,1,-1,2,1,26,6,1199,1,1,VAUXHALL CORSA,9,-1,0,1
2024070610099,2024,070610099,2,9,0,4,4,4,8,0,0,0,0,0,0,0,4,1,6,6,2,39,7,1229,1,10,VAUXHALL CORSA,4,E01012405,0,1
2024010500999,2024,010500999,3,9,0,10,10,4,2,0,0,1,1,0,0,0,0,1,3,7,2,39,7,1398,1,13,VAUXHALL CORSA,5,E01000170,0,1
2024991484028,2024,991484028,1,9,0,-1,19,2,6,-1,0,2,2,0,1,9,4,2,-1,9,2,19,4,1229,1,11,VAUXHALL CORSA,3,-1,0,1
2024631415206,2024,631415206,2,9,0,-1,3,1,4,-1,0,1,0,0,0,0,2,2,-1,9,2,20,4,1248,2,11,VAUXHALL CORSA,9,W01000710,0,2
2024411519287,2024,411519287,2,9,0,-1,19,6,3,-1,0,8,0,0,0,0,3,1,-1,7,1,42,7,1229,1,12,VAUXHALL CORSA,9,E01023375,0,3
2024991480359,2024,991480359,2,9,0,-1,19,2,7,-1,0,0,0,0,0,0,1,1,-1,9,2,20,4,1229,1,13,VAUXHALL CORSA,3,-1,0,4
2024471520647,2024,471520647,2,9,0,-1,9,1,3,-1,0,8,0,7,7,1,4,1,-1,9,2,21,5,1229,1,9,VAUXHALL CORSA,8,E01030528,0,2
2024622400751,2024,622400751,1,9,0,13,13,3,7,0,0,0,1,0,0,0,1,1,2,2,1,35,6,998,1,10,VAUXHALL CORSA,1,W01000967,0,4
2024411490832,2024,411490832,2,9,0,-1,3,1,5,-1,0,0,0,0,0,0,2,1,-1,1,2,30,6,1398,1,10,VAUXHALL CORSA,10,E01017393,0,3
2024041413337,2024,041413337,1,9,0,-1,19,5,1,-1,0,0,0,0,0,0,1,1,-1,1,2,49,8,1364,1,17,VAUXHALL CORSA,1,E01004802,0,4
2024161482438,2024,161482438,2,9,0,-1,19,3,7,-1,0,0,0,0,1,0,4,1,-1,2,2,55,8,1398,1,8,VAUXHALL CORSA,6,E01013253,0,2
2024221502565,2024,221502565,2,9,0,-1,19,7,3,-1,0,0,0,0,0,0,1,1,-1,1,2,23,5,1199,1,4,VAUXHALL CORSA,5,E01010354,0,4
2024010509893,2024,010509893,3,9,0,2,2,0,0,9,9,0,0,4,0,0,1,1,6,6,3,-1,-1,1229,1,10,VAUXHALL CORSA,-1,-1,0,-1
2024101533875,2024,101533875,1,9,0,-1,5,5,1,-1,0,0,0,0,0,0,1,1,-1,6,1,78,11,1229,1,12,VAUXHALL CORSA,2,E01008487,0,1
2024122400358,2024,122400358,2,9,0,10,10,7,3,0,0,1,0,0,0,0,2,1,6,6,1,27,6,1598,1,11,VAUXHALL CORSA,3,E01027749,0,1
2024361403702,2024,361403702,1,9,0,-1,19,7,3,-1,0,0,0,0,0,0,1,9,-1,6,1,40,7,973,1,21,VAUXHALL CORSA,6,E01026520,0,4
2024010494514,2024,010494514,5,9,0,2,2,0,0,0,0,1,0,0,0,0,4,1,6,6,3,-1,-1,1199,1,20,VAUXHALL CORSA,-1,-1,0,-1
2024010517567,2024,010517567,2,9,0,99,99,9,9,99,99,9,9,99,9,99,9,9,6,6,3,-1,-1,1199,1,4,VAUXHALL CORSA,-1,-1,0,-1
2024991438821,2024,991438821,1,9,0,-1,5,4,8,-1,0,8,0,0,0,0,3,1,-1,9,2,83,11,1398,1,7,VAUXHALL CORSA,7,-1,0,1
2024131450899,2024,131450899,1,9,0,-1,19,5,1,-1,0,0,0,0,0,0,4,1,-1,9,1,58,9,1229,1,17,VAUXHALL CORSA,1,E01032497,0,1
2024451506935,2024,451506935,2,9,0,-1,9,7,3,-1,0,4,0,0,0,0,1,1,-1,6,1,20,4,1229,1,18,VAUXHALL CORSA,-1,-1,0,-1
2024552400519,2024,552400519,1,9,0,18,19,4,8,0,0,0,0,0,0,0,4,1,6,6,2,50,8,1199,1,2,VAUXHALL CORSA,5,E01020454,0,2
2024421398125,2024,421398125,2,9,0,-1,4,8,5,-1,0,8,0,0,0,0,2,1,-1,6,1,19,4,1199,1,22,VAUXHALL CORSA,8,E01021407,0,4
2024340WN3662,2024,340WN3662,1,9,0,-1,7,3,5,-1,0,2,5,10,7,10,0,1,-1,9,1,20,4,1199,1,3,VAUXHALL CORSA,10,E01032984,0,1
2024061414763,2024,061414763,2,9,0,-1,19,7,3,-1,0,8,0,0,1,0,1,1,-1,9,1,76,11,1199,1,20,VAUXHALL CORSA,7,E01005920,0,1
2024451430105,2024,451430105,2,9,0,-1,2,0,0,-1,0,0,0,0,0,0,2,1,-1,6,-1,-1,-1,1229,1,9,VAUXHALL CORSA,-1,-1,0,-1
2024161442959,2024,161442959,1,9,0,-1,19,7,3,-1,0,0,0,4,0,0,1,1,-1,9,1,38,7,1229,1,11,VAUXHALL CORSA,9,E01012988,0,2
2024061440483,2024,061440483,2,9,0,-1,7,5,1,-1,0,5,1,0,7,0,3,1,-1,9,2,24,5,1229,1,9,VAUXHALL CORSA,1,E01005967,0,1
2024361427059,2024,361427059,3,9,0,-1,19,3,7,-1,0,0,0,0,0,0,1,1,-1,6,1,83,11,1398,1,8,VAUXHALL CORSA,7,E01026881,0,1
2024302400526,2024,302400526,1,9,0,18,19,8,4,0,0,0,0,0,5,6,3,1,1,1,1,31,6,1248,2,16,VAUXHALL CORSA,-1,-1,0,-1
2024501462177,2024,501462177,1,9,0,-1,19,5,1,-1,0,8,0,0,0,0,4,9,-1,6,2,86,11,1398,1,5,VAUXHALL CORSA,5,E01018791,0,1
2024311400488,2024,311400488,1,9,0,-1,7,5,1,-1,0,3,5,0,1,0,1,1,-1,9,2,18,4,1248,2,13,VAUXHALL CORSA,5,E01028039,0,4
2024320196204,2024,320196204,1,9,0,-1,-1,8,4,0,0,1,0,0,0,0,1,1,6,6,2,41,7,1229,1,10,VAUXHALL CORSA,4,E01026336,0,1
2024451442360,2024,451442360,2,9,0,-1,19,1,5,-1,0,0,1,0,0,0,1,9,-1,6,1,40,7,1229,1,13,VAUXHALL CORSA,-1,-1,0,-1
2024010538160,2024,010538160,3,9,0,18,19,1,5,0,0,0,0,0,0,0,2,1,6,6,1,25,5,1199,1,3,VAUXHALL CORSA,3,E01002906,0,3
2024501460581,2024,501460581,4,9,0,-1,19,7,3,-1,0,0,0,0,0,0,2,1,-1,6,2,64,9,1364,1,18,VAUXHALL CORSA,5,E01018921,0,1
2024401541920,2024,401541920,1,9,0,-1,3,1,5,-1,0,0,0,0,0,0,2,1,-1,6,1,86,11,1398,1,6,VAUXHALL CORSA,8,E01017529,0,1
2024141413926,2024,141413926,1,9,0,-1,19,1,5,-1,0,1,0,0,0,0,1,1,-1,9,1,81,11,1248,2,13,VAUXHALL CORSA,3,E01007357,0,1
2024401506831,2024,401506831,1,9,-1,-1,-1,-1,-1,-1,-1,0,-1,-1,-1,0,2,9,-1,9,1,26,6,-1,3,3,VAUXHALL CORSA,9,E01013800,0,4
2024010500129,2024,010500129,2,9,9,99,99,9,9,99,99,9,9,99,9,99,9,9,6,6,3,24,5,1199,1,4,VAUXHALL CORSA,2,E01033883,0,1
2024332401185,2024,332401185,4,9,0,-1,19,5,1,-1,0,1,0,0,0,0,2,1,-1,6,1,-1,-1,998,1,14,VAUXHALL CORSA,-1,-1,0,-1
2024061497514,2024,061497514,2,9,0,-1,19,7,3,-1,0,8,0,0,0,0,4,1,-1,9,1,23,5,1229,1,9,VAUXHALL CORSA,8,E01006170,0,2
2024501491871,2024,501491871,3,9,0,-1,2,0,0,-1,0,0,0,0,0,0,0,1,-1,6,2,32,6,1229,1,10,VAUXHALL CORSA,3,E01020285,0,2
2024052402762,2024,052402762,1,9,0,18,19,3,7,0,0,0,0,0,0,0,4,1,6,6,1,86,11,1229,1,9,VAUXHALL CORSA,3,E01006960,0,1