collision_index,collision_year,collision_ref_no,vehicle_reference,vehicle_type,towing_and_articulation,vehicle_manoeuvre_historic,vehicle_manoeuvre,vehicle_direction_from,vehicle_direction_to,vehicle_location_restricted_lane_historic,vehicle_location_restricted_lane,junction_location,skidding_and_overturning,hit_object_in_carriageway,vehicle_leaving_carriageway,hit_object_off_carriageway,first_point_of_impact,vehicle_left_hand_drive,journey_purpose_of_driver_historic,journey_purpose_of_driver,sex_of_driver,age_of_driver,age_band_of_driver,engine_capacity_cc,propulsion_code,age_of_vehicle,generic_make_model,driver_imd_decile,lsoa_of_driver,escooter_flag,driver_distance_banding
2024131464166,2024,131464166,1,9,0,-1,9,1,5,-1,0,0,0,0,0,0,4,1,-1,1,2,26,6,1199,1,2,VAUXHALL CORSA,1,E01011838,0,3
2024531535000,2024,531535000,1,9,0,-1,19,5,1,-1,0,0,0,0,0,0,1,1,-1,2,1,20,4,1398,1,11,VAUXHALL CORSA,1,E01032225,0,4
2024411404226,2024,411404226,1,9,0,-1,19,6,2,-1,0,0,0,0,0,0,1,1,-1,6,1,88,11,1398,1,8,VAUXHALL CORSA,8,E01015797,0,2
2024991531969,2024,991531969,1,9,0,-1,19,3,7,-1,0,1,0,0,0,0,1,1,-1,2,2,31,6,1398,1,8,VAUXHALL CORSA,2,-1,0,1
2024070764061,2024,070764061,1,9,0,-1,5,1,5,-1,0,1,0,0,0,0,1,1,-1,2,1,58,9,1364,1,16,VAUXHALL CORSA,2,E01012377,0,1
2024010520182,2024,010520182,2,9,0,99,99,9,9,99,99,9,9,99,9,99,9,9,2,2,2,59,9,1229,1,16,VAUXHALL CORSA,3,E01001785,0,2
2024440285012,2024,440285012,1,9,0,17,19,1,6,0,0,0,1,0,6,0,4,1,6,6,1,25,5,1229,1,18,VAUXHALL CORSA,6,E01023237,0,1
2024131458894,2024,131458894,2,9,0,-1,19,3,7,-1,0,8,0,0,0,0,4,1,-1,6,2,21,5,1364,1,16,VAUXHALL CORSA,6,E01010920,0,1
2024101497461,2024,101497461,3,9,0,-1,19,5,1,-1,0,0,0,0,0,0,2,1,-1,9,2,51,8,1199,1,3,VAUXHALL CORSA,6,E01020782,0,3
2024461397464,2024,461397464,2,9,0,-1,4,1,5,-1,0,4,0,0,0,0,2,9,-1,6,2,30,6,1229,1,9,VAUXHALL CORSA,4,E01024178,0,1
2024401436978,2024,401436978,2,9,0,-1,19,7,3,-1,0,0,0,0,0,0,1,1,-1,6,2,21,5,1248,2,12,VAUXHALL CORSA,5,E01015768,0,2
2024201474553,2024,201474553,2,9,0,-1,7,7,1,-1,0,0,1,0,0,0,1,2,-1,9,1,23,5,1229,1,11,VAUXHALL CORSA,1,E01009274,0,1
2024161499733,2024,161499733,2,9,0,-1,7,1,3,-1,0,4,0,0,0,0,1,1,-1,9,1,30,6,1398,1,11,VAUXHALL CORSA,1,E01012864,0,1
2024501502618,2024,501502618,1,9,0,-1,10,3,1,-1,0,5,0,0,0,0,2,1,-1,2,1,36,7,1199,1,1,VAUXHALL CORSA,10,E01019905,0,1
2024201467958,2024,201467958,1,9,0,-1,5,8,2,-1,0,6,0,0,3,0,1,1,-1,6,1,36,7,1199,1,4,VAUXHALL CORSA,2,E01008892,0,1
2024031417873,2024,031417873,2,9,0,-1,19,1,7,-1,0,8,0,0,0,0,3,1,-1,6,2,20,4,1398,1,8,VAUXHALL CORSA,4,E01019147,0,2
2024440391656,2024,440391656,1,9,0,4,4,5,1,0,0,0,0,0,0,0,2,1,6,6,1,29,6,1199,1,1,VAUXHALL CORSA,6,E01021404,0,5
2024361529544,2024,361529544,1,9,0,-1,19,2,6,-1,0,0,5,0,1,9,4,1,-1,6,2,22,5,1229,1,18,VAUXHALL CORSA,9,E01026692,0,2
2024440201418,2024,440201418,1,9,0,9,9,1,8,0,0,8,0,0,0,0,3,1,6,6,1,22,5,1199,1,2,VAUXHALL CORSA,10,E01022687,0,2
2024221434139,2024,221434139,1,9,0,-1,19,8,4,-1,0,8,1,0,0,0,1,1,-1,6,1,20,4,1199,1,21,VAUXHALL CORSA,5,E01032279,0,1
2024201428391,2024,201428391,1,9,0,-1,19,1,5,-1,0,0,0,0,0,0,2,1,-1,2,1,50,8,1364,1,16,VAUXHALL CORSA,1,E01033646,0,2
2024471505158,2024,471505158,2,9,0,-1,19,5,1,-1,0,8,0,0,3,0,3,1,-1,9,1,68,10,1364,1,15,VAUXHALL CORSA,1,E01021019,0,2
2024211445761,2024,211445761,2,9,0,-1,19,5,1,-1,0,0,0,0,0,0,1,1,-1,9,1,18,4,1229,1,11,VAUXHALL CORSA,-1,-1,0,-1
2024141415258,2024,141415258,2,9,0,-1,5,8,4,-1,0,0,0,0,1,0,2,1,-1,6,2,-1,-1,1229,1,11,VAUXHALL CORSA,3,E01007351,0,1
2024451451044,2024,451451044,1,9,0,-1,9,3,7,-1,0,0,0,11,8,1,1,1,-1,2,2,25,5,1199,1,1,VAUXHALL CORSA,4,E01031585,0,2
2024991413232,2024,991413232,1,9,0,-1,13,4,8,-1,0,0,0,0,0,0,1,1,-1,9,1,19,4,1248,2,14,VAUXHALL CORSA,-1,-1,0,-1
2024231431390,2024,231431390,3,9,0,-1,19,8,2,-1,0,4,0,0,0,0,0,9,-1,6,1,52,8,1248,2,8,VAUXHALL CORSA,1,E01008996,0,4
2024010542684,2024,010542684,2,9,0,5,5,7,3,0,0,1,0,0,0,0,1,1,2,2,1,23,5,1398,1,8,VAUXHALL CORSA,7,E01002424,0,1
2024311466805,2024,311466805,1,9,0,-1,19,4,7,-1,0,0,1,0,1,0,1,1,-1,6,2,30,6,1229,1,19,VAUXHALL CORSA,7,E01028007,0,1
2024131448453,2024,131448453,1,9,0,-1,19,4,8,-1,0,0,1,0,0,0,1,1,-1,9,1,34,6,1199,1,3,VAUXHALL CORSA,2,E01033013,0,1
2024041504781,2024,041504781,1,9,0,-1,19,1,5,-1,0,4,0,0,0,0,1,1,-1,9,1,17,4,1229,1,15,VAUXHALL CORSA,1,E01025084,0,1
2024010506568,2024,010506568,1,9,0,7,7,1,4,0,0,6,0,0,0,0,1,1,6,6,2,40,7,1364,1,15,VAUXHALL CORSA,9,E01004073,0,1
2024221430010,2024,221430010,2,9,0,-1,19,7,4,-1,0,8,0,0,0,0,4,9,-1,9,2,25,5,1389,1,20,VAUXHALL CORSA,5,E01028960,0,3
2024401436978,2024,401436978,1,9,0,-1,4,7,3,-1,0,0,0,0,0,0,2,1,-1,7,2,37,7,1229,1,11,VAUXHALL CORSA,5,E01017579,0,1
2024371449834,2024,371449834,4,9,0,-1,19,1,5,-1,0,0,0,0,0,0,1,1,-1,6,1,29,6,1398,1,8,VAUXHALL CORSA,3,E01033046,0,3
2024522401581,2024,522401581,2,9,0,9,9,5,2,0,0,6,0,0,0,0,3,1,6,6,2,28,6,1398,1,8,VAUXHALL CORSA,10,E01014969,0,1
2024440196691,2024,440196691,1,9,0,18,19,8,4,0,0,0,0,0,0,0,1,1,6,6,1,29,6,1398,1,8,VAUXHALL CORSA,8,E01022958,0,2
2024061488790,2024,061488790,1,9,0,-1,19,7,3,-1,9,2,0,4,7,0,1,1,-1,6,1,24,5,1229,1,10,VAUXHALL CORSA,1,E01006357,0,1
2024501480266,2024,501480266,1,9,0,-1,19,3,7,-1,0,0,2,0,2,10,1,1,-1,9,2,19,4,1229,1,13,VAUXHALL CORSA,6,E01015250,0,2
2024070756815,2024,070756815,1,9,0,-1,19,1,5,-1,9,0,2,0,1,1,1,1,-1,2,1,19,4,1229,1,11,VAUXHALL CORSA,10,E01018693,0,2
2024522500039,2024,522500039,3,9,0,18,19,6,2,0,0,0,0,0,0,0,1,1,6,6,2,25,5,1364,1,15,VAUXHALL CORSA,6,E01015002,0,3
2024231481704,2024,231481704,1,9,0,-1,19,4,8,-1,0,0,2,0,7,9,4,9,-1,9,1,19,4,1398,1,7,VAUXHALL CORSA,6,E01031194,0,1
202417L307024,2024,17L307024,2,9,0,-1,3,1,5,-1,0,1,0,0,0,0,2,1,-1,9,1,18,4,998,1,11,VAUXHALL CORSA,2,E01012165,0,2
2024361444335,2024,361444335,1,9,0,-1,6,1,6,-1,0,0,0,0,0,0,1,1,-1,6,2,71,10,1229,1,10,VAUXHALL CORSA,3,E01033038,0,2
2024041421613,2024,041421613,1,9,0,-1,19,5,1,-1,0,6,1,0,1,10,3,1,-1,1,1,19,4,1229,1,14,VAUXHALL CORSA,7,E01010246,0,5
2024451430638,2024,451430638,1,9,0,-1,19,5,1,-1,0,0,0,0,0,0,1,1,-1,9,2,51,8,1398,1,5,VAUXHALL CORSA,8,E01030844,0,1
2024302400835,2024,302400835,2,9,0,18,19,2,6,0,0,0,0,0,0,0,1,1,2,2,2,30,6,1398,1,8,VAUXHALL CORSA,4,E01008142,0,3
2024052401107,2024,052401107,2,9,0,18,19,7,3,0,0,1,0,0,0,0,3,1,6,6,2,71,10,1199,1,2,VAUXHALL CORSA,8,E01007298,0,1
2024211522989,2024,211522989,1,9,0,-1,5,1,5,-1,0,0,0,0,0,0,3,1,-1,9,2,44,7,1398,1,7,VAUXHALL CORSA,-1,-1,0,-1
2024552400585,2024,552400585,3,9,0,3,3,2,6,0,0,1,0,0,0,0,2,1,6,6,2,25,5,1248,2,15,VAUXHALL CORSA,7,E01015413,0,2
2024430389148,2024,430389148,2,9,0,18,19,4,8,0,0,8,0,0,0,0,4,1,6,6,2,67,10,1229,1,17,VAUXHALL CORSA,5,E01017913,0,1
2024052402360,2024,052402360,1,9,0,18,19,3,4,0,0,1,0,0,0,0,1,1,6,6,3,-1,-1,1199,1,0,VAUXHALL CORSA,-1,-1,0,-1
2024041466590,2024,041466590,1,9,0,-1,5,2,6,-1,0,4,0,0,0,0,1,1,-1,6,2,46,8,1398,1,7,VAUXHALL CORSA,7,E01025597,0,1
202454A716024,2024,54A716024,1,9,0,9,9,1,5,0,0,1,0,0,0,0,3,1,6,6,2,37,7,1229,1,14,VAUXHALL CORSA,5,E01032090,0,1
2024070131331,2024,070131331,1,9,0,5,5,2,5,0,0,8,0,0,0,0,1,1,6,6,1,75,10,1229,1,12,VAUXHALL CORSA,8,E01018697,0,1
2024461507570,2024,461507570,1,9,0,-1,19,5,1,-1,0,0,5,0,1,0,1,1,-1,9,1,32,6,1364,1,17,VAUXHALL CORSA,7,E01024137,0,3
2024501417320,2024,501417320,1,9,0,-1,4,5,1,-1,0,1,0,0,0,0,1,1,-1,6,2,64,9,1398,1,6,VAUXHALL CORSA,5,E01020305,0,3
2024421409109,2024,421409109,1,9,0,-1,14,5,1,-1,0,0,0,0,7,0,3,1,-1,9,1,18,4,1229,1,11,VAUXHALL CORSA,1,E01002037,0,3
2024211522687,2024,211522687,2,9,0,-1,19,1,5,-1,0,0,0,0,0,0,4,1,-1,6,2,30,6,1229,1,9,VAUXHALL CORSA,8,E01029577,0,2
2024070550392,2024,070550392,1,9,0,4,4,1,4,0,0,1,0,0,0,0,2,1,6,6,1,22,5,1229,1,9,VAUXHALL CORSA,5,E01018706,0,4
2024041418236,2024,041418236,1,9,0,-1,19,1,5,-1,0,0,0,0,0,0,4,9,-1,9,2,87,11,998,1,12,VAUXHALL CORSA,10,E01024963,0,1
2024070963447,2024,070963447,1,9,0,-1,7,3,7,-1,0,1,0,0,0,0,0,1,-1,2,1,24,5,1229,1,13,VAUXHALL CORSA,2,E01034670,0,1
2024061448412,2024,061448412,5,9,0,-1,2,0,0,-1,9,0,0,0,0,0,3,1,-1,6,-1,-1,-1,1398,1,5,VAUXHALL CORSA,-1,-1,0,-1
2024631448987,2024,631448987,1,9,0,-1,19,4,8,-1,0,0,0,0,0,0,1,1,-1,6,1,-1,-1,1199,1,4,VAUXHALL CORSA,-1,-1,0,-1
2024211416527,2024,211416527,1,9,0,-1,9,7,4,-1,0,6,0,0,0,0,1,9,-1,6,2,77,11,1398,1,8,VAUXHALL CORSA,2,E01032437,0,2
2024101425282,2024,101425282,1,9,0,-1,19,7,8,-1,0,2,0,0,0,0,1,1,-1,6,1,43,7,998,1,16,VAUXHALL CORSA,5,E01008347,0,1
2024421406398,2024,421406398,2,9,0,-1,19,5,1,-1,0,0,0,0,1,0,4,9,-1,6,2,37,7,1229,1,16,VAUXHALL CORSA,4,E01000066,0,3
2024440087333,2024,440087333,1,9,0,9,9,4,2,0,0,6,0,0,0,0,1,1,3,7,2,31,6,1389,1,20,VAUXHALL CORSA,2,E01017202,0,1
2024201499409,2024,201499409,1,9,0,-1,9,5,3,-1,0,5,0,0,0,0,1,9,-1,1,2,-1,-1,-1,3,3,VAUXHALL CORSA,-1,-1,0,-1
2024161462367,2024,161462367,1,9,0,-1,19,3,7,-1,0,1,0,0,0,0,1,1,-1,6,2,25,5,1398,1,5,VAUXHALL CORSA,5,E01013271,0,4
2024141417419,2024,141417419,1,9,0,-1,19,2,6,-1,0,0,0,0,0,0,1,1,-1,2,1,23,5,1398,1,7,VAUXHALL CORSA,8,E01007868,0,1
2024111457802,2024,111457802,2,9,0,-1,19,1,5,-1,0,0,0,0,0,0,3,1,-1,6,1,18,4,1229,1,15,VAUXHALL CORSA,4,E01020889,0,1
2024361517863,2024,361517863,3,9,0,-1,19,7,3,-1,0,1,0,0,0,0,1,1,-1,9,1,25,5,1364,1,17,VAUXHALL CORSA,2,E01026828,0,3
202417M102324,2024,17M102324,1,9,0,6,6,5,1,0,0,1,0,0,0,0,3,1,6,6,2,23,5,1229,1,15,VAUXHALL CORSA,2,E01012081,0,1
2024161489603,2024,161489603,1,9,0,-1,19,2,6,-1,99,0,0,0,0,0,1,1,-1,9,2,24,5,1199,1,1,VAUXHALL CORSA,1,E01013206,0,1
2024201509401,2024,201509401,3,9,0,-1,2,0,0,-1,0,0,0,0,0,0,4,2,-1,6,-1,-1,-1,1398,1,8,VAUXHALL CORSA,-1,-1,0,-1
2024010550703,2024,010550703,2,9,0,9,9,8,6,0,0,8,0,0,0,0,1,1,6,6,1,22,5,1199,1,4,VAUXHALL CORSA,5,E01023350,0,4
2024471420541,2024,471420541,1,9,0,-1,3,7,3,-1,0,4,0,0,0,0,1,1,-1,2,2,39,7,1398,1,14,VAUXHALL CORSA,10,E01021023,0,1
2024221445887,2024,221445887,2,9,0,-1,19,6,2,-1,0,4,0,0,0,0,1,9,-1,6,1,74,10,-1,-1,-1,VAUXHALL CORSA,9,E01031184,0,2
2024061396973,2024,061396973,2,9,0,-1,19,1,1,-1,0,8,0,0,0,0,1,1,-1,6,1,20,4,1229,1,9,VAUXHALL CORSA,1,E01005123,0,2
2024411475096,2024,411475096,2,9,0,-1,3,8,4,-1,0,0,0,0,0,0,2,1,-1,6,1,64,9,1229,1,18,VAUXHALL CORSA,4,E01023560,0,1
2024201483240,2024,201483240,1,9,0,-1,19,1,5,-1,0,0,0,0,0,0,2,1,-1,6,2,26,6,1364,1,14,VAUXHALL CORSA,2,E01010019,0,2
2024991542415,2024,991542415,1,9,0,-1,19,6,2,-1,0,8,0,0,0,0,1,1,-1,6,1,71,10,1199,1,3,VAUXHALL CORSA,8,-1,0,1
2024991499671,2024,991499671,1,9,0,-1,11,1,5,-1,0,0,0,0,2,7,1,1,-1,2,1,18,4,1398,1,7,VAUXHALL CORSA,9,-1,0,3
2024320036579,2024,320036579,1,9,0,-1,-1,2,6,0,0,2,0,0,0,0,1,1,-1,-1,2,19,4,1248,2,12,VAUXHALL CORSA,9,E01026197,0,2
2024991527007,2024,991527007,1,9,0,-1,5,7,3,-1,0,0,0,0,0,0,4,1,-1,6,1,88,11,1229,1,11,VAUXHALL CORSA,9,-1,0,1
2024461514066,2024,461514066,1,9,0,-1,7,5,7,-1,0,0,2,0,0,0,1,1,-1,9,1,18,4,1229,1,12,VAUXHALL CORSA,10,E01024752,0,1
2024010494645,2024,010494645,1,9,0,18,19,1,5,0,0,1,0,0,7,11,1,1,6,6,1,18,4,1398,1,8,VAUXHALL CORSA,6,E01023306,0,2
2024531524342,2024,531524342,1,9,0,-1,19,5,1,-1,0,0,0,0,0,0,1,1,-1,9,1,19,4,1398,1,6,VAUXHALL CORSA,4,E01028859,0,4
2024311463728,2024,311463728,2,9,0,-1,9,5,1,-1,0,0,0,0,0,0,3,1,-1,9,2,17,4,998,1,16,VAUXHALL CORSA,1,E01013879,0,1
2024211476219,2024,211476219,1,9,0,-1,19,4,8,-1,0,1,0,0,0,0,1,1,-1,6,1,17,4,998,1,13,VAUXHALL CORSA,9,E01029600,0,1
2024991511073,2024,991511073,2,9,0,-1,19,8,4,-1,0,0,0,0,0,0,1,1,-1,1,1,28,6,1398,1,9,VAUXHALL CORSA,2,-1,0,3
2024440175353,2024,440175353,2,9,0,18,19,2,6,0,0,0,0,0,0,0,2,1,6,6,1,19,4,1229,1,9,VAUXHALL CORSA,9,E01016286,0,4
2024201484060,2024,201484060,1,9,0,-1,19,1,5,-1,0,0,0,0,0,0,1,9,-1,6,3,-1,-1,1398,1,5,VAUXHALL CORSA,-1,-1,0,-1
2024122500112,2024,122500112,1,9,0,18,19,3,7,0,0,1,0,0,0,0,1,1,6,6,1,53,8,1229,1,15,VAUXHALL CORSA,9,E01013438,0,1
2024451507453,2024,451507453,1,9,0,-1,19,3,7,-1,0,0,0,0,0,0,1,1,-1,6,1,36,7,1364,1,16,VAUXHALL CORSA,-1,-1,0,-1
2024010504051,2024,010504051,2,9,9,99,99,9,9,99,99,9,9,99,9,99,9,1,6,6,3,-1,-1,1398,1,12,VAUXHALL CORSA,-1,-1,0,-1
2024531431916,2024,531431916,2,9,0,-1,10,5,3,-1,0,1,0,0,0,0,2,1,-1,2,2,24,5,1199,1,4,VAUXHALL CORSA,8,E01022295,0,1
2024161460013,2024,161460013,2,9,0,-1,19,7,3,-1,0,0,0,0,0,0,1,9,-1,6,3,-1,-1,1229,1,13,VAUXHALL CORSA,-1,-1,0,-1
2024440087491,2024,440087491,2,9,0,18,19,1,5,0,0,0,0,0,0,0,3,1,6,6,2,22,5,1229,1,12,VAUXHALL CORSA,7,E01031493,0,3
2024351467857,2024,351467857,2,9,-1,-1,19,7,3,-1,0,8,1,9,5,0,2,9,-1,9,2,45,7,1364,1,15,VAUXHALL CORSA,1,E01015661,0,1
2024401427462,2024,401427462,2,9,0,-1,9,5,7,-1,0,3,1,0,0,0,3,9,-1,9,1,31,6,1229,1,9,VAUXHALL CORSA,10,E01025773,0,4
2024451399471,2024,451399471,2,9,9,-1,4,3,1,-1,0,4,0,0,0,0,2,9,-1,6,2,36,7,1229,1,13,VAUXHALL CORSA,-1,-1,0,-1
2024440113181,2024,440113181,1,9,0,17,19,7,4,0,0,2,0,0,0,0,4,1,2,2,1,21,5,1398,1,6,VAUXHALL CORSA,-1,-1,0,-1
2024041576792,2024,041576792,1,9,0,-1,19,4,8,-1,0,1,0,0,0,0,4,1,-1,9,1,62,9,1398,1,8,VAUXHALL CORSA,7,E01012592,0,3
2024991453790,2024,991453790,1,9,0,-1,19,7,2,-1,0,0,0,4,7,0,1,1,-1,9,1,19,4,1229,1,15,VAUXHALL CORSA,2,-1,0,1
2024010526190,2024,010526190,2,9,0,99,99,9,9,99,99,9,9,99,9,99,1,9,6,6,3,-1,-1,1229,1,14,VAUXHALL CORSA,-1,-1,0,-1
2024522402074,2024,522402074,1,9,0,9,9,3,1,0,0,5,0,0,0,0,1,1,6,6,2,24,5,1364,1,8,VAUXHALL CORSA,10,E01014979,0,2
2024411538184,2024,411538184,1,9,0,-1,5,8,4,-1,0,0,5,4,0,0,1,1,-1,6,1,68,10,998,1,10,VAUXHALL CORSA,10,E01023608,0,1
2024201435257,2024,201435257,1,9,0,-1,9,1,7,-1,0,5,0,0,0,0,1,9,-1,9,1,49,8,1229,1,13,VAUXHALL CORSA,2,E01009395,0,2
2024211477036,2024,211477036,2,9,0,-1,19,8,4,-1,0,0,0,0,0,0,2,1,-1,2,1,19,4,998,1,10,VAUXHALL CORSA,9,E01014318,0,1
2024471435540,2024,471435540,2,9,0,-1,19,3,7,-1,0,8,0,11,7,1,1,1,-1,2,1,26,6,1398,1,14,VAUXHALL CORSA,3,E01016921,0,1
2024070521927,2024,070521927,1,9,0,18,19,2,6,0,0,0,0,0,0,0,1,1,6,6,1,55,8,-1,-1,-1,VAUXHALL CORSA,6,E01020326,0,5
2024010499216,2024,010499216,2,9,0,99,99,9,9,99,99,5,9,99,9,99,9,9,6,6,1,-1,-1,1398,1,13,VAUXHALL CORSA,2,E01004424,0,2
2024010535764,2024,010535764,1,9,0,18,19,6,2,0,0,8,0,0,0,0,1,1,6,6,2,55,8,1199,1,1,VAUXHALL CORSA,3,E01000128,0,1
2024991512854,2024,991512854,1,9,0,-1,4,2,6,-1,0,1,0,11,0,0,1,1,-1,1,1,58,9,-1,-1,-1,VAUXHALL CORSA,3,-1,0,4
2024501453182,2024,501453182,1,9,0,-1,5,7,5,-1,0,4,0,0,0,0,1,1,-1,9,1,54,8,-1,3,2,VAUXHALL CORSA,2,E01018897,0,1
2024991514002,2024,991514002,1,9,0,-1,19,3,7,-1,0,0,0,0,0,0,1,2,-1,6,1,40,7,1199,1,1,VAUXHALL CORSA,2,-1,0,1
2024231416690,2024,231416690,1,9,0,-1,19,4,8,-1,0,0,2,0,1,9,1,9,-1,6,2,42,7,1248,2,13,VAUXHALL CORSA,1,E01034747,0,3
2024131500035,2024,131500035,1,9,0,-1,19,1,5,-1,0,0,1,10,3,0,1,1,-1,9,2,35,6,1229,1,13,VAUXHALL CORSA,3,E01011670,0,3
2024522401465,2024,522401465,1,9,0,9,9,5,3,0,0,6,0,0,7,11,1,1,6,6,2,23,5,1398,1,10,VAUXHALL CORSA,6,E01015004,0,1
2024522402954,2024,522402954,1,9,0,18,19,4,8,0,0,4,0,0,0,0,1,1,6,6,1,18,4,1229,1,13,VAUXHALL CORSA,10,E01014964,0,1
2024531480948,2024,531480948,1,9,0,-1,19,5,1,-1,0,0,5,0,0,0,1,1,-1,6,1,33,6,-1,-1,-1,VAUXHALL CORSA,9,E01022213,0,4
2024552400216,2024,552400216,2,9,0,18,19,4,8,0,0,8,0,0,0,0,3,1,2,2,1,33,6,1248,2,15,VAUXHALL CORSA,5,E01020577,0,2
2024211409380,2024,211409380,2,9,0,-1,4,1,5,-1,0,0,0,0,0,0,2,1,-1,9,1,47,8,1199,1,2,VAUXHALL CORSA,4,E01003453,0,5
2024411525303,2024,411525303,3,9,0,-1,19,3,7,-1,0,0,0,0,0,0,1,1,-1,6,-1,71,10,1199,1,4,VAUXHALL CORSA,10,E01030919,0,4
2024070177599,2024,070177599,1,9,0,7,7,2,4,0,0,8,0,10,0,11,1,1,6,6,1,18,4,1398,1,10,VAUXHALL CORSA,6,E01018735,0,3
2024631517075,2024,631517075,1,9,0,-1,12,4,8,-1,0,0,0,0,0,0,1,1,-1,6,1,40,7,1598,1,15,VAUXHALL CORSA,5,W01000728,0,3
2024320044369,2024,320044369,1,9,0,5,5,2,6,6,6,0,0,0,0,0,3,1,-1,-1,1,37,7,1199,1,1,VAUXHALL CORSA,6,E01026260,0,3
2024201458779,2024,201458779,3,9,0,-1,2,0,0,-1,0,0,0,0,0,0,3,1,-1,6,-1,-1,-1,1398,1,5,VAUXHALL CORSA,-1,-1,0,-1
2024101493440,2024,101493440,2,9,0,-1,19,4,7,-1,0,4,0,0,0,0,1,9,-1,6,2,30,6,1229,1,10,VAUXHALL CORSA,5,E01008416,0,1
2024401435515,2024,401435515,2,9,0,-1,9,7,4,-1,0,1,0,0,1,9,1,1,-1,6,1,26,6,1364,1,6,VAUXHALL CORSA,9,E01023740,0,4
2024540441024,2024,540441024,1,9,0,17,19,4,8,0,0,0,0,0,1,4,3,1,1,1,1,17,4,1229,1,13,VAUXHALL CORSA,10,E01015563,0,3
2024010499178,2024,010499178,1,9,0,99,99,9,9,0,0,0,9,99,9,99,2,9,6,6,2,25,5,1199,1,1,VAUXHALL CORSA,10,E01031725,0,4
2024041503140,2024,041503140,2,9,0,-1,5,7,7,-1,0,1,0,0,0,0,1,1,-1,9,2,25,5,1398,1,8,VAUXHALL CORSA,9,E01025600,0,1
2024101408303,2024,101408303,2,9,0,-1,9,5,3,-1,0,8,1,0,0,0,4,1,-1,6,1,59,9,1248,2,12,VAUXHALL CORSA,3,E01035612,0,2
2024991434402,2024,991434402,1,9,0,-1,7,2,4,-1,4,8,0,0,0,0,1,1,-1,9,1,50,8,1398,1,9,VAUXHALL CORSA,9,-1,0,1
2024991409547,2024,991409547,1,9,0,-1,19,5,1,-1,0,8,0,0,0,0,1,1,-1,6,1,35,6,1398,1,6,VAUXHALL CORSA,7,-1,0,1
2024991442889,2024,991442889,1,9,0,-1,19,6,3,-1,0,8,0,0,0,0,1,1,-1,6,2,27,6,1199,1,3,VAUXHALL CORSA,-1,-1,0,-1
2024311505527,2024,311505527,7,9,0,-1,2,0,0,-1,0,0,0,0,0,0,2,1,-1,6,-1,-1,-1,1229,1,12,VAUXHALL CORSA,-1,-1,0,-1
2024401504383,2024,401504383,1,9,0,-1,19,-1,-1,-1,0,1,0,0,0,0,1,9,-1,6,1,-1,-1,1398,1,9,VAUXHALL CORSA,-1,-1,0,-1
2024050715057,2024,050715057,2,9,0,-1,-1,3,7,-1,-1,7,0,0,0,0,2,1,-1,-1,2,32,6,1398,1,5,VAUXHALL CORSA,4,E01007109,0,4
2024451509684,2024,451509684,2,9,0,-1,19,7,3,-1,0,0,0,0,0,0,1,1,-1,9,2,20,4,1199,1,4,VAUXHALL CORSA,8,E01030844,0,2
2024332400683,2024,332400683,1,9,0,-1,19,2,6,-1,0,0,0,0,7,9,3,1,-1,2,2,22,5,1229,1,12,VAUXHALL CORSA,3,E01025905,0,2
2024302400882,2024,302400882,3,9,0,2,2,0,0,0,0,0,0,0,0,0,1,1,6,6,3,-1,-1,1398,1,8,VAUXHALL CORSA,-1,-1,0,-1
202460Q044752,2024,60Q044752,1,9,0,3,3,1,5,0,0,1,0,0,0,0,1,1,6,6,2,18,4,1398,1,10,VAUXHALL CORSA,-1,-1,0,-1
202460Q096985,2024,60Q096985,1,9,0,1,1,0,1,9,9,1,0,0,0,0,2,1,6,6,1,70,10,1248,2,14,VAUXHALL CORSA,-1,-1,0,-1
2024421399484,2024,421399484,1,9,0,-1,19,5,1,-1,0,0,5,0,1,0,1,1,-1,6,1,36,7,-1,-1,-1,VAUXHALL CORSA,1,E01022027,0,1
2024991473363,2024,991473363,2,9,0,-1,3,7,4,-1,0,8,0,0,0,0,0,1,-1,6,2,34,6,1398,1,8,VAUXHALL CORSA,2,-1,0,4
2024520402057,2024,520402057,1,9,0,18,19,7,3,0,0,0,2,0,8,10,1,1,6,6,2,41,7,1364,1,17,VAUXHALL CORSA,4,E01032094,0,2
2024371446376,2024,371446376,2,9,0,-1,19,3,7,-1,0,1,0,0,0,0,1,1,-1,1,2,77,11,1248,2,14,VAUXHALL CORSA,10,E01030124,0,3
2024471459010,2024,471459010,1,9,0,-1,2,0,0,-1,0,0,0,0,0,0,3,1,-1,9,2,29,6,1398,1,5,VAUXHALL CORSA,1,E01021020,0,1
202417S101424,2024,17S101424,1,9,0,17,19,4,8,0,0,0,1,0,1,4,1,1,6,6,1,17,4,1229,1,14,VAUXHALL CORSA,3,E01012289,0,2
2024522402832,2024,522402832,1,9,0,2,2,0,0,0,0,2,0,0,0,0,3,1,6,6,3,-1,-1,1398,1,11,VAUXHALL CORSA,-1,-1,0,-1
2024340WN6252,2024,340WN6252,4,9,0,-1,2,0,0,-1,0,0,0,0,0,0,2,1,-1,6,3,-1,-1,1398,1,9,VAUXHALL CORSA,-1,-1,0,-1
2024010504045,2024,010504045,1,9,0,9,9,7,5,0,0,8,0,0,0,0,3,1,6,6,2,32,6,1398,1,11,VAUXHALL CORSA,2,E01001218,0,1