collision_index,collision_year,collision_ref_no,vehicle_reference,vehicle_type,towing_and_articulation,vehicle_manoeuvre_historic,vehicle_manoeuvre,vehicle_direction_from,vehicle_direction_to,vehicle_location_restricted_lane_historic,vehicle_location_restricted_lane,junction_location,skidding_and_overturning,hit_object_in_carriageway,vehicle_leaving_carriageway,hit_object_off_carriageway,first_point_of_impact,vehicle_left_hand_drive,journey_purpose_of_driver_historic,journey_purpose_of_driver,sex_of_driver,age_of_driver,age_band_of_driver,engine_capacity_cc,propulsion_code,age_of_vehicle,generic_make_model,driver_imd_decile,lsoa_of_driver,escooter_flag,driver_distance_banding
2024991493174,2024,991493174,1,9,0,-1,4,6,8,-1,0,8,0,0,0,0,1,1,-1,9,2,60,9,1229,1,10,VAUXHALL CORSA,1,-1,0,1
2024010527121,2024,010527121,2,9,0,99,99,9,9,99,99,9,9,99,9,99,2,9,6,6,3,-1,-1,-1,3,2,VAUXHALL CORSA,-1,-1,0,-1
2024461427689,2024,461427689,2,9,0,-1,19,7,3,-1,0,8,0,0,0,0,4,1,-1,2,2,40,7,1398,1,5,VAUXHALL CORSA,4,E01016157,0,1
2024991466444,2024,991466444,1,9,0,-1,3,3,7,-1,0,0,0,0,0,0,1,1,-1,6,2,25,5,998,1,13,VAUXHALL CORSA,7,-1,0,4
2024332400027,2024,332400027,1,9,0,-1,19,6,2,-1,0,0,2,0,2,9,1,1,-1,9,1,18,4,1229,1,11,VAUXHALL CORSA,10,E01028390,0,2
2024201411986,2024,201411986,4,9,0,-1,2,0,0,-1,0,0,0,0,0,0,3,1,-1,6,-1,-1,-1,1229,1,11,VAUXHALL CORSA,-1,-1,0,-1
2024991486643,2024,991486643,2,9,0,-1,4,6,2,-1,9,0,0,11,1,5,1,1,-1,9,2,39,7,1229,1,12,VAUXHALL CORSA,7,-1,0,1
2024440552006,2024,440552006,1,9,0,18,19,6,2,0,0,0,0,12,0,0,1,1,6,6,2,25,5,1199,1,2,VAUXHALL CORSA,2,E01017168,0,2
2024211516754,2024,211516754,112,9,0,-1,5,1,5,-1,0,0,0,0,4,6,1,1,-1,6,1,37,7,1398,1,12,VAUXHALL CORSA,-1,-1,0,-1
2024311505527,2024,311505527,3,9,0,-1,2,0,0,-1,9,0,1,0,7,0,4,1,-1,6,2,26,6,1248,2,10,VAUXHALL CORSA,10,E01028404,0,3
2024411396054,2024,411396054,1,9,0,-1,9,1,7,-1,0,8,0,0,0,0,3,1,-1,6,1,19,4,1229,1,13,VAUXHALL CORSA,3,E01023650,0,1
2024101406073,2024,101406073,1,9,0,-1,19,1,6,-1,0,8,0,0,0,0,3,1,-1,9,2,38,7,1199,1,4,VAUXHALL CORSA,7,E01027473,0,2
2024991444286,2024,991444286,3,9,0,-1,19,3,7,-1,0,0,0,0,0,0,3,1,-1,2,1,20,4,1398,1,6,VAUXHALL CORSA,8,-1,0,2
2024041455884,2024,041455884,2,9,0,-1,2,0,0,-1,9,0,0,0,0,0,1,1,-1,6,-1,-1,-1,1229,1,10,VAUXHALL CORSA,-1,-1,0,-1
2024010544596,2024,010544596,2,9,0,99,99,9,9,99,99,9,9,99,9,99,1,1,6,6,3,-1,-1,1229,1,9,VAUXHALL CORSA,-1,-1,0,-1
2024101497565,2024,101497565,1,9,0,-1,9,2,5,-1,0,2,0,0,0,0,1,1,-1,9,1,29,6,1199,1,1,VAUXHALL CORSA,3,E01008202,0,1
2024010507256,2024,010507256,1,9,0,3,3,3,7,0,0,1,0,0,0,0,4,1,6,6,2,18,4,1398,1,7,VAUXHALL CORSA,5,E01002440,0,3
2024052401897,2024,052401897,2,9,0,3,3,2,6,0,0,0,0,0,0,0,2,1,6,6,1,48,8,1199,1,2,VAUXHALL CORSA,10,E01018407,0,4
2024101537282,2024,101537282,3,9,-1,-1,-1,7,2,-1,-1,0,-1,-1,-1,0,-1,9,-1,6,3,-1,-1,1199,1,3,VAUXHALL CORSA,7,E01008465,0,2
2024211493910,2024,211493910,1,9,0,-1,1,0,0,-1,0,0,0,0,0,0,0,1,-1,2,2,55,8,1229,1,10,VAUXHALL CORSA,2,E01014281,0,1
2024549425024,2024,549425024,2,9,0,9,9,5,1,0,0,1,0,0,0,0,2,1,6,6,2,66,10,1398,1,13,VAUXHALL CORSA,4,E01032014,0,2
2024430332918,2024,430332918,1,9,0,18,19,4,8,0,0,8,0,0,7,1,1,1,1,1,1,45,7,1229,1,16,VAUXHALL CORSA,9,E01016181,0,2
2024070139839,2024,070139839,1,9,0,6,6,8,4,0,0,1,0,0,0,0,3,1,6,6,1,21,5,1229,1,15,VAUXHALL CORSA,10,E01007190,0,1
2024332400434,2024,332400434,3,9,0,-1,8,3,5,-1,0,1,0,0,0,0,1,1,-1,6,1,21,5,1229,1,16,VAUXHALL CORSA,9,E01025619,0,1
2024131503208,2024,131503208,3,9,0,-1,2,0,0,-1,0,8,0,0,0,0,1,1,-1,6,-1,-1,-1,1398,1,7,VAUXHALL CORSA,-1,-1,0,-1
2024440087605,2024,440087605,2,9,0,2,2,0,0,0,0,0,0,0,0,0,2,1,6,6,3,-1,-1,1229,1,14,VAUXHALL CORSA,-1,-1,0,-1
2024211396150,2024,211396150,2,9,0,-1,3,1,5,-1,0,0,0,0,0,0,2,9,-1,2,1,40,7,1229,1,12,VAUXHALL CORSA,1,E01009762,0,2
2024430064621,2024,430064621,2,9,0,18,19,6,2,0,0,0,0,0,0,0,1,1,6,6,1,27,6,1199,1,1,VAUXHALL CORSA,5,E01016756,0,1
2024061531429,2024,061531429,2,9,0,-1,19,-1,-1,-1,0,0,0,4,0,0,1,1,-1,6,2,-1,-1,998,1,11,VAUXHALL CORSA,-1,-1,0,-1
2024991532060,2024,991532060,1,9,0,-1,19,2,6,-1,9,0,5,0,1,0,4,1,-1,9,2,49,8,1398,1,12,VAUXHALL CORSA,8,-1,0,1
2024401534413,2024,401534413,2,9,0,-1,5,7,5,-1,0,8,0,0,0,0,1,1,-1,2,1,20,4,1364,1,16,VAUXHALL CORSA,6,E01017527,0,1
2024031432789,2024,031432789,1,9,0,-1,19,4,8,-1,0,0,1,0,1,0,1,1,-1,9,2,67,10,1398,1,10,VAUXHALL CORSA,3,E01019221,0,1
202417S211124,2024,17S211124,1,9,0,-1,9,1,7,-1,0,8,0,0,0,0,4,1,-1,1,2,36,7,1199,1,1,VAUXHALL CORSA,2,E01012168,0,2
2024520401776,2024,520401776,1,9,0,9,9,5,2,0,0,8,0,0,0,0,1,1,6,6,2,29,6,1364,1,17,VAUXHALL CORSA,4,E01029171,0,1
2024481558044,2024,481558044,1,9,0,-1,6,7,7,-1,0,0,0,0,0,0,2,1,-1,9,2,31,6,1398,1,5,VAUXHALL CORSA,-1,-1,0,-1
2024991456279,2024,991456279,1,9,0,-1,19,4,8,-1,0,1,0,0,0,0,1,1,-1,9,1,21,5,1229,1,9,VAUXHALL CORSA,9,-1,0,4
2024340NN3762,2024,340NN3762,1,9,0,-1,19,7,3,-1,0,0,0,0,0,0,1,1,-1,6,1,-1,-1,1398,1,12,VAUXHALL CORSA,-1,-1,0,-1
2024010503492,2024,010503492,2,9,0,18,19,5,1,0,0,8,0,0,0,0,1,1,2,2,1,23,5,1229,1,14,VAUXHALL CORSA,9,E01000425,0,1
2024041424173,2024,041424173,2,9,0,-1,19,1,5,-1,0,0,0,0,0,0,1,1,-1,9,1,47,8,1229,1,12,VAUXHALL CORSA,7,E01012722,0,1
2024201541864,2024,201541864,2,9,0,-1,19,1,5,-1,0,8,0,0,0,0,1,9,-1,9,2,24,5,1229,1,12,VAUXHALL CORSA,1,E01009197,0,1
2024991423016,2024,991423016,1,9,0,-1,1,6,2,-1,0,1,0,0,0,0,2,1,-1,9,2,84,11,1398,1,12,VAUXHALL CORSA,4,-1,0,1
2024421502541,2024,421502541,1,9,0,-1,14,1,5,-1,0,0,0,0,0,0,1,1,-1,1,2,22,5,1199,1,1,VAUXHALL CORSA,9,E01018240,0,4
2024461438418,2024,461438418,1,9,0,-1,1,3,3,-1,0,0,0,4,0,0,2,1,-1,9,1,25,5,1229,1,17,VAUXHALL CORSA,9,E01000327,0,4
2024440562947,2024,440562947,1,9,0,9,9,1,5,0,0,1,0,0,0,0,3,1,6,6,1,31,6,1229,1,10,VAUXHALL CORSA,4,E01000031,0,5
2024461480962,2024,461480962,1,9,0,-1,19,5,1,-1,0,0,5,0,2,0,4,1,-1,9,2,21,5,1199,1,21,VAUXHALL CORSA,5,E01024342,0,1
2024401449336,2024,401449336,2,9,0,-1,19,5,1,-1,0,1,0,0,0,0,1,1,-1,7,1,22,5,1398,1,7,VAUXHALL CORSA,9,E01017406,0,1
2024411412308,2024,411412308,1,9,-1,-1,-1,-1,-1,-1,-1,-1,-1,-1,-1,0,-1,9,-1,6,3,-1,-1,1199,1,3,VAUXHALL CORSA,-1,-1,0,-1
2024070851391,2024,070851391,2,9,0,-1,19,4,8,-1,0,1,0,0,0,0,1,1,-1,6,2,59,9,1229,1,11,VAUXHALL CORSA,9,E01012555,0,1
2024991451710,2024,991451710,1,9,0,-1,19,3,7,-1,0,0,0,0,7,4,1,1,-1,9,2,17,4,1229,1,11,VAUXHALL CORSA,1,-1,0,3
2024311499881,2024,311499881,2,9,0,-1,2,6,6,-1,0,1,0,0,0,0,1,1,-1,6,-1,-1,-1,1199,1,0,VAUXHALL CORSA,-1,-1,0,-1
2024440243385,2024,440243385,1,9,0,18,19,6,2,0,0,0,0,0,0,0,4,1,6,6,1,18,4,998,1,15,VAUXHALL CORSA,-1,-1,0,-1
2024211502674,2024,211502674,2,9,0,-1,19,3,7,-1,0,1,1,0,0,0,1,1,-1,6,2,34,6,-1,3,1,VAUXHALL CORSA,5,E01029750,0,3
2024991530568,2024,991530568,2,9,0,-1,3,7,2,-1,0,0,0,0,0,0,2,1,-1,6,2,38,7,-1,3,0,VAUXHALL CORSA,2,-1,0,1
2024101519901,2024,101519901,2,9,0,-1,19,1,7,-1,0,0,0,0,0,0,1,1,-1,9,1,25,5,1398,1,8,VAUXHALL CORSA,8,E01020611,0,3
2024211475055,2024,211475055,1,9,0,-1,19,7,4,-1,0,3,1,11,8,0,3,1,-1,9,1,-1,-1,1398,1,13,VAUXHALL CORSA,3,E01014323,0,1
2024991480222,2024,991480222,1,9,0,-1,19,1,3,-1,0,0,0,0,7,0,1,1,-1,9,2,17,4,1229,1,13,VAUXHALL CORSA,-1,-1,0,-1
2024522401501,2024,522401501,2,9,0,3,3,3,7,0,0,0,0,0,0,0,2,1,6,6,2,48,8,1398,1,7,VAUXHALL CORSA,10,E01014853,0,1
2024211477856,2024,211477856,1,9,0,-1,19,8,4,-1,0,0,2,0,1,3,1,1,-1,6,1,17,4,1398,1,13,VAUXHALL CORSA,-1,-1,0,-1
2024401522770,2024,401522770,1,9,0,-1,5,3,7,-1,0,1,0,0,3,0,3,1,-1,6,1,80,11,1229,1,14,VAUXHALL CORSA,4,E01017525,0,1
2024531470546,2024,531470546,1,9,0,-1,19,3,7,-1,0,1,0,0,0,0,1,1,-1,9,2,21,5,998,1,12,VAUXHALL CORSA,7,E01032100,0,4
2024361442884,2024,361442884,1,9,0,-1,5,3,3,-1,0,3,0,0,0,0,4,1,-1,9,1,19,4,1364,1,17,VAUXHALL CORSA,2,E01026477,0,4
2024320682929,2024,320682929,2,9,0,-1,-1,4,8,0,0,8,1,0,0,0,1,1,6,6,1,21,5,998,1,11,VAUXHALL CORSA,7,E01026013,0,1
2024201437805,2024,201437805,2,9,0,-1,19,8,4,-1,0,8,0,0,0,0,1,1,-1,6,1,24,5,1398,1,12,VAUXHALL CORSA,4,E01029692,0,4
2024052401674,2024,052401674,2,9,0,18,19,8,4,0,0,1,0,0,0,0,3,1,1,1,1,19,4,1364,1,6,VAUXHALL CORSA,3,E01006743,0,1
2024041418185,2024,041418185,1,9,0,-1,19,1,5,-1,0,0,2,10,0,0,4,1,-1,9,1,18,4,1248,2,14,VAUXHALL CORSA,3,E01025143,0,1
2024010521625,2024,010521625,2,9,0,2,2,0,0,9,9,0,0,0,0,0,0,1,6,6,3,-1,-1,1229,1,15,VAUXHALL CORSA,-1,-1,0,-1
2024471433880,2024,471433880,2,9,0,-1,5,5,1,-1,0,4,0,0,0,0,1,1,-1,9,2,48,8,1398,1,9,VAUXHALL CORSA,4,E01031671,0,2
2024401451104,2024,401451104,2,9,0,-1,2,0,0,-1,0,0,0,0,0,0,2,1,-1,6,-1,-1,-1,1199,1,1,VAUXHALL CORSA,-1,-1,0,-1
2024471489003,2024,471489003,2,9,0,-1,2,0,0,-1,0,0,0,0,1,0,2,1,-1,6,-1,-1,-1,1199,1,1,VAUXHALL CORSA,-1,-1,0,-1
2024461516634,2024,461516634,2,9,0,-1,3,3,1,-1,0,2,0,0,0,0,4,9,-1,9,2,24,5,1229,1,9,VAUXHALL CORSA,2,E01024080,0,2
2024211486433,2024,211486433,1,9,0,-1,19,3,3,-1,0,0,0,0,1,0,3,9,-1,9,2,18,4,1229,1,13,VAUXHALL CORSA,9,E01029509,0,3
2024440289142,2024,440289142,2,9,0,4,4,3,7,0,0,0,0,0,0,0,2,1,1,1,1,25,5,1398,1,8,VAUXHALL CORSA,8,E01016192,0,2
2024131487280,2024,131487280,1,9,0,-1,3,6,6,-1,0,0,0,0,0,0,4,1,-1,2,2,53,8,1199,1,4,VAUXHALL CORSA,9,E01011456,0,2
2024201500257,2024,201500257,1,9,0,-1,19,3,6,-1,0,0,0,0,0,0,1,9,-1,6,1,40,7,1398,1,8,VAUXHALL CORSA,3,E01034738,0,1
2024302401304,2024,302401304,2,9,0,18,19,5,2,0,0,8,0,0,0,0,4,1,6,6,1,39,7,1199,1,5,VAUXHALL CORSA,9,E01019587,0,1
202454F269924,2024,54F269924,4,9,0,18,19,8,4,0,0,0,0,0,0,0,1,1,6,6,1,22,5,1229,1,10,VAUXHALL CORSA,10,E01017815,0,4
2024302401367,2024,302401367,1,9,0,18,19,8,4,0,0,3,1,0,1,2,4,1,6,6,1,27,6,1398,1,11,VAUXHALL CORSA,2,E01013588,0,1
2024302401461,2024,302401461,2,9,0,18,19,7,3,0,0,0,0,0,1,7,4,1,6,6,1,31,6,1229,1,15,VAUXHALL CORSA,2,E01033172,0,2
2024010526653,2024,010526653,2,9,0,5,5,5,1,0,0,1,0,0,0,0,0,1,6,6,1,59,9,1364,1,15,VAUXHALL CORSA,3,E01003069,0,1
2024411427423,2024,411427423,1,9,0,-1,19,1,5,-1,0,1,0,0,0,0,1,1,-1,2,1,26,6,1229,1,19,VAUXHALL CORSA,1,E01015789,0,3
2024302400384,2024,302400384,1,9,0,17,19,2,6,0,0,0,2,0,1,1,1,1,6,6,1,19,4,1229,1,10,VAUXHALL CORSA,8,E01019811,0,1
2024421496807,2024,421496807,1,9,0,-1,19,2,6,-1,0,0,0,0,0,0,1,1,-1,6,-1,30,6,1686,2,14,VAUXHALL CORSA,-1,-1,0,-1
2024141536454,2024,141536454,1,9,0,-1,19,1,5,-1,0,1,0,0,0,0,4,1,-1,1,1,30,6,1398,1,9,VAUXHALL CORSA,1,E01007913,0,1
2024991411789,2024,991411789,1,9,0,-1,19,4,8,-1,0,0,0,0,0,0,3,1,-1,2,1,61,9,1364,1,6,VAUXHALL CORSA,7,-1,0,2
2024631499302,2024,631499302,1,9,0,-1,19,6,2,-1,0,8,0,0,0,0,1,1,-1,9,1,47,8,1398,1,13,VAUXHALL CORSA,4,W01000637,0,1
2024101482341,2024,101482341,2,9,0,-1,10,4,3,-1,0,1,0,0,0,0,1,1,-1,6,2,44,7,1248,2,11,VAUXHALL CORSA,5,E01008629,0,1
2024231482526,2024,231482526,2,9,0,-1,19,2,7,-1,0,0,0,0,0,0,3,1,-1,9,1,43,7,1364,1,19,VAUXHALL CORSA,3,E01027111,0,4
2024320143132,2024,320143132,1,9,0,-1,-1,7,3,0,0,1,0,0,0,0,1,1,6,6,1,39,7,1598,1,15,VAUXHALL CORSA,4,E01026055,0,2
2024371458731,2024,371458731,2,9,0,-1,7,5,1,-1,0,1,0,0,0,0,1,1,-1,6,1,37,7,1199,1,22,VAUXHALL CORSA,2,E01030025,0,1
2024010528536,2024,010528536,2,9,0,7,7,4,7,0,0,6,0,0,0,0,1,2,6,6,1,55,8,1364,1,17,VAUXHALL CORSA,4,E01024290,0,4
2024010534131,2024,010534131,2,9,0,18,19,3,7,0,0,1,0,0,1,0,0,1,6,6,1,21,5,1248,2,11,VAUXHALL CORSA,9,E01017565,0,4
2024010504299,2024,010504299,5,9,0,5,5,7,3,0,0,0,0,0,0,0,1,1,6,6,1,21,5,1229,1,13,VAUXHALL CORSA,3,E01004434,0,1
2024461487975,2024,461487975,3,9,0,-1,19,3,7,-1,0,1,0,0,0,0,2,1,-1,6,2,41,7,1199,1,0,VAUXHALL CORSA,3,E01032830,0,1
2024211434945,2024,211434945,3,9,0,-1,9,6,3,-1,0,1,0,0,0,0,4,1,-1,6,1,53,8,1229,1,9,VAUXHALL CORSA,-1,-1,0,-1
2024411453905,2024,411453905,1,9,0,-1,14,5,1,-1,0,1,0,0,0,0,-1,9,-1,6,2,80,11,1398,1,11,VAUXHALL CORSA,5,E01023332,0,1
2024320505882,2024,320505882,1,9,0,-1,-1,1,4,0,0,0,5,0,1,1,1,1,-1,-1,2,31,6,1398,1,11,VAUXHALL CORSA,9,E01026269,0,4
2024201444662,2024,201444662,1,9,0,-1,7,8,2,-1,0,5,0,0,0,0,1,9,-1,6,2,-1,-1,1229,1,13,VAUXHALL CORSA,-1,-1,0,-1
2024522401977,2024,522401977,4,9,0,2,2,0,0,0,0,0,0,0,0,0,1,1,6,6,3,-1,-1,1229,1,12,VAUXHALL CORSA,-1,-1,0,-1
2024010528602,2024,010528602,2,9,0,99,99,9,9,99,99,9,9,99,9,99,9,9,6,6,3,-1,-1,998,1,16,VAUXHALL CORSA,-1,-1,0,-1
2024461535716,2024,461535716,2,9,0,-1,19,1,5,-1,0,2,0,0,0,0,4,1,-1,9,1,18,4,1229,1,12,VAUXHALL CORSA,8,E01024343,0,1
2024311413934,2024,311413934,1,9,0,-1,19,2,6,-1,0,0,0,0,7,0,1,1,-1,2,2,21,5,1229,1,9,VAUXHALL CORSA,3,E01028025,0,1
2024201482533,2024,201482533,1,9,0,-1,19,8,4,-1,0,6,0,10,2,0,1,9,-1,6,1,24,5,1389,1,20,VAUXHALL CORSA,1,E01008937,0,3
2024461493022,2024,461493022,2,9,0,-1,19,5,1,-1,0,4,0,0,0,0,2,1,-1,9,1,34,6,1248,2,10,VAUXHALL CORSA,4,E01024373,0,2
2024461523996,2024,461523996,2,9,0,-1,19,7,3,-1,0,1,0,0,0,0,1,1,-1,9,1,42,7,1229,1,13,VAUXHALL CORSA,8,E01024221,0,3
2024010504594,2024,010504594,1,9,0,9,9,5,3,0,0,5,0,0,7,0,3,1,6,6,2,26,6,1398,1,9,VAUXHALL CORSA,3,E01004169,0,1
2024461443928,2024,461443928,1,9,0,-1,19,7,3,-1,0,1,0,0,0,0,4,9,-1,6,3,-1,-1,1199,1,4,VAUXHALL CORSA,-1,-1,0,-1
2024201513492,2024,201513492,2,9,0,-1,3,1,5,-1,0,0,0,0,0,0,2,9,-1,2,2,26,6,1199,1,3,VAUXHALL CORSA,9,E01009416,0,3
2024201524959,2024,201524959,1,9,0,-1,7,8,2,-1,0,5,0,0,0,0,4,1,-1,9,1,39,7,1398,1,5,VAUXHALL CORSA,1,E01010275,0,1
2024471466200,2024,471466200,1,9,0,-1,5,1,5,-1,0,0,0,0,0,0,1,1,-1,9,2,81,11,1229,1,11,VAUXHALL CORSA,9,E01021156,0,1
2024201511727,2024,201511727,2,9,0,-1,11,1,5,-1,0,1,0,0,0,0,2,1,-1,9,1,28,6,1796,1,18,VAUXHALL CORSA,3,E01009864,0,1
2024031432665,2024,031432665,1,9,0,-1,19,8,3,-1,0,1,0,0,0,0,1,1,-1,6,1,34,6,1199,1,1,VAUXHALL CORSA,1,E01019113,0,1
2024520001112,2024,520001112,1,9,0,18,19,3,7,0,0,0,0,0,0,0,1,1,6,6,2,18,4,1398,1,6,VAUXHALL CORSA,10,E01014397,0,1
2024340NN4092,2024,340NN4092,2,9,0,-1,19,1,5,-1,0,1,0,0,0,0,1,1,-1,9,1,26,6,1398,1,8,VAUXHALL CORSA,2,E01026961,0,3
2024991485365,2024,991485365,2,9,0,-1,19,2,7,-1,0,2,0,0,0,0,1,1,-1,6,2,28,6,1398,1,6,VAUXHALL CORSA,4,-1,0,1
2024401506860,2024,401506860,3,9,0,-1,4,5,1,-1,0,0,0,0,0,0,1,9,-1,2,1,44,7,1229,1,18,VAUXHALL CORSA,7,E01018129,0,3
2024340WN4662,2024,340WN4662,2,9,0,-1,19,1,5,-1,0,1,0,0,0,0,2,1,-1,9,1,42,7,1229,1,10,VAUXHALL CORSA,2,E01027246,0,1
2024061457305,2024,061457305,1,9,0,-1,19,5,1,-1,0,1,0,0,0,0,1,1,-1,6,3,20,4,1229,1,12,VAUXHALL CORSA,-1,-1,0,-1
2024141421160,2024,141421160,2,9,0,-1,5,1,5,-1,0,0,0,0,0,0,2,1,-1,9,1,79,11,1199,1,1,VAUXHALL CORSA,1,E01007328,0,1
2024010508601,2024,010508601,1,9,0,7,7,5,7,0,0,1,0,0,0,0,2,1,6,6,2,33,6,1389,1,18,VAUXHALL CORSA,3,E01000336,0,2
2024440277789,2024,440277789,1,9,0,18,19,8,4,0,0,0,0,0,0,0,1,1,6,6,1,33,6,1229,1,14,VAUXHALL CORSA,3,E01001747,0,5
2024101412829,2024,101412829,2,9,0,-1,19,1,5,-1,0,0,0,0,0,0,1,1,-1,2,1,26,6,1199,1,3,VAUXHALL CORSA,3,E01008241,0,3
2024430630832,2024,430630832,1,9,0,18,19,8,4,0,0,0,0,0,0,0,1,1,6,6,2,19,4,1199,1,3,VAUXHALL CORSA,1,E01009503,0,5
2024052401263,2024,052401263,2,9,0,9,9,3,1,0,0,1,0,0,0,0,3,1,6,6,1,57,9,998,1,10,VAUXHALL CORSA,5,E01007057,0,1
2024471463983,2024,471463983,1,9,0,-1,19,7,3,-1,0,1,5,10,0,0,1,1,-1,9,1,19,4,1229,1,15,VAUXHALL CORSA,1,E01021135,0,1
2024421436194,2024,421436194,2,9,0,-1,19,6,2,-1,0,0,0,0,0,0,2,1,-1,9,2,79,11,1229,1,14,VAUXHALL CORSA,5,E01021443,0,3
2024361507338,2024,361507338,1,9,0,-1,19,-1,-1,-1,0,8,0,0,0,0,3,1,-1,6,2,24,5,1398,1,7,VAUXHALL CORSA,5,E01030286,0,4
2024010551120,2024,010551120,2,9,0,18,19,7,3,9,9,0,1,0,7,2,4,1,6,6,1,26,6,1199,1,1,VAUXHALL CORSA,-1,-1,0,-1
2024061450953,2024,061450953,4,9,0,-1,2,1,1,-1,0,0,0,0,0,0,1,1,-1,6,-1,18,4,1229,1,11,VAUXHALL CORSA,-1,-1,0,-1
2024991414314,2024,991414314,1,9,0,-1,19,3,7,-1,0,0,0,0,0,0,1,1,-1,9,1,76,11,1398,1,6,VAUXHALL CORSA,8,-1,0,1
2024401486294,2024,401486294,2,9,0,-1,2,3,7,-1,0,1,0,0,0,0,2,1,-1,9,2,37,7,1398,1,13,VAUXHALL CORSA,2,E01015758,0,1
2024302401518,2024,302401518,1,9,0,17,19,3,8,0,0,2,1,0,0,0,1,1,6,6,2,18,4,1229,1,14,VAUXHALL CORSA,7,E01019832,0,1
2024061411256,2024,061411256,1,9,0,-1,9,7,5,-1,0,8,0,0,0,0,3,1,-1,2,1,35,6,1248,2,12,VAUXHALL CORSA,2,E01005323,0,3
2024421528041,2024,421528041,1,9,0,-1,99,-1,-1,-1,99,0,9,99,0,0,3,1,-1,6,2,20,4,1229,1,11,VAUXHALL CORSA,8,E01022015,0,4
2024622400542,2024,622400542,1,9,0,4,4,2,6,0,0,1,0,0,0,0,2,1,6,6,1,20,4,1398,1,7,VAUXHALL CORSA,7,W01001988,0,1
2024010538733,2024,010538733,1,9,0,7,7,2,3,0,0,4,0,0,0,0,1,1,6,6,1,77,11,1398,1,7,VAUXHALL CORSA,9,E01002263,0,1
2024522402887,2024,522402887,1,9,0,9,9,8,6,0,0,5,0,0,0,0,1,1,6,6,1,27,6,1229,1,13,VAUXHALL CORSA,5,E01014732,0,1
2024201541864,2024,201541864,1,9,0,-1,19,1,5,-1,0,8,0,0,0,0,2,9,-1,9,1,29,6,1199,1,4,VAUXHALL CORSA,-1,-1,0,-1
2024111502095,2024,111502095,4,9,0,-1,2,0,0,-1,0,1,0,0,0,0,2,1,-1,6,2,20,4,1229,1,19,VAUXHALL CORSA,3,E01034504,0,2
2024311404950,2024,311404950,1,9,0,-1,19,4,8,-1,0,2,0,0,0,0,1,1,-1,9,1,20,4,1229,1,16,VAUXHALL CORSA,5,E01027970,0,4
2024010520816,2024,010520816,2,9,0,9,9,7,5,0,0,6,0,0,0,0,1,1,6,6,1,29,6,-1,3,2,VAUXHALL CORSA,5,E01003022,0,1
2024421430280,2024,421430280,1,9,0,-1,19,1,5,-1,0,0,0,0,0,0,4,9,-1,6,3,-1,-1,1229,1,14,VAUXHALL CORSA,-1,-1,0,-1
2024041405228,2024,041405228,1,9,0,-1,9,7,5,-1,0,6,0,0,0,0,1,1,-1,6,1,71,10,1248,2,13,VAUXHALL CORSA,2,E01012615,0,1
2024010538380,2024,010538380,3,9,0,18,19,7,3,0,0,1,0,0,0,0,1,1,6,6,1,84,11,1229,1,10,VAUXHALL CORSA,-1,-1,0,-1
2024141428327,2024,141428327,2,9,0,-1,19,7,3,-1,0,0,0,0,0,0,1,1,-1,9,2,18,4,1398,1,6,VAUXHALL CORSA,7,E01007582,0,1
2024351569729,2024,351569729,3,9,0,-1,19,5,1,-1,0,0,0,0,0,0,1,1,-1,9,1,46,8,1248,2,12,VAUXHALL CORSA,3,E01034682,0,4
2024430330644,2024,430330644,1,9,0,18,19,1,5,0,0,0,0,0,0,0,4,1,6,6,2,65,9,1398,1,8,VAUXHALL CORSA,10,E01017402,0,4
2024991470238,2024,991470238,2,9,0,-1,8,5,1,-1,1,4,0,0,0,0,2,1,-1,9,2,25,5,1398,1,8,VAUXHALL CORSA,6,-1,0,4
2024631523626,2024,631523626,1,9,0,-1,19,4,8,-1,0,8,1,0,3,10,1,1,-1,9,2,19,4,1398,1,8,VAUXHALL CORSA,5,W01000452,0,3
2024311443832,2024,311443832,1,9,0,-1,19,1,5,-1,0,8,0,0,7,0,1,1,-1,6,2,41,7,1364,1,17,VAUXHALL CORSA,-1,-1,0,-1
2024311480743,2024,311480743,1,9,0,-1,15,7,3,-1,0,0,1,0,7,0,1,1,-1,9,1,29,6,1364,1,15,VAUXHALL CORSA,-1,-1,0,-1
2024131493652,2024,131493652,1,9,0,-1,19,5,1,-1,0,0,5,0,0,0,0,1,-1,6,2,58,9,1364,1,15,VAUXHALL CORSA,3,E01007776,0,4
2024421431620,2024,421431620,3,9,0,-1,4,7,3,-1,0,0,0,0,0,0,2,9,-1,6,2,25,5,1398,1,8,VAUXHALL CORSA,9,E01033611,0,4
2024471464525,2024,471464525,1,9,0,-1,19,3,7,-1,0,0,1,0,0,0,1,1,-1,9,2,63,9,1229,1,14,VAUXHALL CORSA,6,E01016890,0,2
2024201525420,2024,201525420,2,9,0,-1,19,7,3,-1,0,1,0,0,0,0,3,1,-1,6,2,21,5,998,1,11,VAUXHALL CORSA,2,E01008939,0,1
2024061502318,2024,061502318,1,9,0,-1,9,6,3,-1,0,2,0,0,0,0,1,1,-1,6,1,36,7,1229,1,13,VAUXHALL CORSA,1,E01005232,0,1
2024041492338,2024,041492338,2,9,0,-1,19,2,6,-1,0,0,0,0,0,0,3,1,-1,6,1,-1,-1,1398,1,8,VAUXHALL CORSA,-1,-1,0,-1