collision_index,collision_year,collision_ref_no,vehicle_reference,vehicle_type,towing_and_articulation,vehicle_manoeuvre_historic,vehicle_manoeuvre,vehicle_direction_from,vehicle_direction_to,vehicle_location_restricted_lane_historic,vehicle_location_restricted_lane,junction_location,skidding_and_overturning,hit_object_in_carriageway,vehicle_leaving_carriageway,hit_object_off_carriageway,first_point_of_impact,vehicle_left_hand_drive,journey_purpose_of_driver_historic,journey_purpose_of_driver,sex_of_driver,age_of_driver,age_band_of_driver,engine_capacity_cc,propulsion_code,age_of_vehicle,generic_make_model,driver_imd_decile,lsoa_of_driver,escooter_flag,driver_distance_banding
2024332401038,2024,332401038,1,9,0,-1,13,4,8,-1,0,0,2,0,7,9,1,1,-1,6,1,43,7,1229,1,10,VAUXHALL CORSA,6,E01018049,0,4
2024141497203,2024,141497203,2,9,0,-1,5,1,5,-1,0,4,0,0,0,0,1,1,-1,9,2,22,5,1229,1,15,VAUXHALL CORSA,1,E01007721,0,2
2024421417860,2024,421417860,3,9,0,-1,2,0,0,-1,0,0,0,4,0,0,3,1,-1,6,-1,-1,-1,1229,1,11,VAUXHALL CORSA,-1,-1,0,-1
2024351398889,2024,351398889,1,9,0,-1,19,2,6,-1,0,8,0,7,0,0,2,9,-1,6,1,29,6,1398,1,10,VAUXHALL CORSA,5,E01018233,0,2
2024031404237,2024,031404237,1,9,0,-1,19,1,5,-1,0,1,1,0,1,0,1,1,-1,2,1,22,5,1598,1,14,VAUXHALL CORSA,-1,-1,0,-1
2024991422572,2024,991422572,2,9,0,-1,19,3,7,-1,0,0,0,0,0,0,2,1,-1,6,1,18,4,1229,1,16,VAUXHALL CORSA,7,-1,0,4
2024141494826,2024,141494826,2,9,0,-1,5,7,3,-1,0,1,0,0,0,0,1,9,-1,1,2,50,8,1229,1,17,VAUXHALL CORSA,3,E01007993,0,1
2024010540768,2024,010540768,2,9,0,9,9,1,7,0,0,6,0,0,0,0,4,1,2,2,2,44,7,1229,1,14,VAUXHALL CORSA,4,E01000171,0,1
2024430441069,2024,430441069,3,9,0,3,3,2,6,0,0,1,0,0,0,0,2,1,6,6,1,-1,-1,1398,1,8,VAUXHALL CORSA,4,E01016462,0,1
2024141479432,2024,141479432,1,9,0,-1,19,2,6,-1,0,0,2,0,7,0,4,1,-1,6,2,21,5,1229,1,10,VAUXHALL CORSA,6,E01007598,0,1
2024231451958,2024,231451958,1,9,0,-1,19,3,7,-1,0,0,0,4,0,0,1,1,-1,6,2,57,9,1398,1,13,VAUXHALL CORSA,5,E01031093,0,1
2024461526172,2024,461526172,1,9,0,-1,19,3,7,-1,0,0,0,0,0,0,1,9,-1,6,3,19,4,1229,1,12,VAUXHALL CORSA,2,E01023974,0,1
2024041503878,2024,041503878,1,9,0,-1,19,7,3,-1,0,1,0,0,0,0,1,1,-1,1,2,18,4,1229,1,10,VAUXHALL CORSA,7,E01025089,0,2
2024061534008,2024,061534008,2,9,0,-1,99,-1,-1,-1,99,6,0,0,0,0,1,1,-1,6,3,-1,-1,1398,1,7,VAUXHALL CORSA,-1,-1,0,-1
2024351475032,2024,351475032,2,9,0,-1,19,6,2,-1,0,0,0,0,0,0,1,1,-1,2,2,30,6,1229,1,11,VAUXHALL CORSA,9,E01018278,0,3
2024302500044,2024,302500044,2,9,0,-1,19,8,4,-1,0,0,0,0,0,0,2,1,-1,6,2,29,6,1229,1,9,VAUXHALL CORSA,8,E01033170,0,2
2024421528138,2024,421528138,1,9,0,-1,19,3,7,-1,0,0,0,0,0,0,1,1,-1,2,1,21,5,1229,1,9,VAUXHALL CORSA,5,E01021880,0,4
2024101502322,2024,101502322,2,9,0,-1,19,3,7,-1,0,6,0,0,0,0,3,1,-1,6,1,75,10,1398,1,5,VAUXHALL CORSA,2,E01008430,0,1
2024010535048,2024,010535048,1,9,0,16,19,1,5,0,0,0,0,10,2,7,1,1,6,6,1,25,5,1229,1,10,VAUXHALL CORSA,10,E01000814,0,2
2024440196793,2024,440196793,1,9,0,18,19,8,4,0,0,0,0,0,0,0,4,1,6,6,1,29,6,1229,1,11,VAUXHALL CORSA,5,E01023033,0,1
2024041519648,2024,041519648,1,9,0,-1,19,3,7,-1,0,8,0,0,0,0,1,1,-1,9,2,23,5,1199,1,4,VAUXHALL CORSA,4,E01012723,0,4
2024031502972,2024,031502972,2,9,0,-1,4,7,3,-1,0,1,0,0,0,0,2,2,-1,2,2,41,7,1229,1,12,VAUXHALL CORSA,4,E01019128,0,3
2024461472568,2024,461472568,1,9,0,-1,1,6,2,-1,0,6,0,0,0,0,0,1,-1,6,1,44,7,1229,1,14,VAUXHALL CORSA,5,E01032823,0,1
2024211495983,2024,211495983,1,9,0,-1,19,7,3,-1,0,1,0,0,0,0,1,1,-1,6,1,34,6,-1,-1,-1,VAUXHALL CORSA,-1,-1,0,-1
2024101424996,2024,101424996,2,9,0,-1,3,3,7,-1,0,0,0,0,0,0,2,1,-1,1,2,33,6,1248,2,7,VAUXHALL CORSA,-1,-1,0,-1
2024201480894,2024,201480894,1,9,0,-1,19,3,7,-1,0,1,0,0,0,0,1,1,-1,6,2,22,5,1364,1,9,VAUXHALL CORSA,2,E01009982,0,1
2024041438964,2024,041438964,1,9,0,-1,1,3,7,-1,0,2,0,0,0,0,2,1,-1,9,1,39,7,1248,2,15,VAUXHALL CORSA,7,E01025174,0,1
2024430438466,2024,430438466,2,9,0,4,4,2,6,0,0,1,0,0,0,0,2,1,6,6,1,18,4,1229,1,14,VAUXHALL CORSA,10,E01017657,0,1
2024631468129,2024,631468129,1,9,0,-1,19,6,3,-1,0,0,5,0,2,10,3,1,-1,2,1,17,4,1229,1,15,VAUXHALL CORSA,4,W01000536,0,2
2024320125834,2024,320125834,2,9,0,-1,-1,4,8,0,0,0,0,0,0,0,4,1,-1,-1,1,24,5,1248,2,18,VAUXHALL CORSA,10,E01023520,0,5
2024371494812,2024,371494812,4,9,0,-1,4,3,7,-1,0,0,0,4,0,0,2,1,-1,9,1,17,4,998,1,12,VAUXHALL CORSA,8,E01030086,0,1
2024430522395,2024,430522395,1,9,0,18,19,5,1,0,0,0,0,0,0,0,1,1,1,1,1,34,6,-1,-1,-1,VAUXHALL CORSA,1,E01022147,0,4
2024461463501,2024,461463501,2,9,0,-1,4,3,7,-1,0,0,0,0,0,0,1,9,-1,6,1,34,6,1364,1,16,VAUXHALL CORSA,1,E01024278,0,1
2024501406787,2024,501406787,1,9,0,-1,19,1,5,-1,0,1,0,0,0,0,1,9,-1,6,2,61,9,1398,1,7,VAUXHALL CORSA,2,E01015073,0,1
2024010523976,2024,010523976,1,9,0,18,19,5,1,0,0,1,0,0,7,0,4,1,6,6,3,-1,-1,-1,3,3,VAUXHALL CORSA,-1,-1,0,-1
2024991511848,2024,991511848,1,9,0,-1,19,6,2,-1,0,0,0,0,0,0,1,1,-1,9,2,58,9,1199,1,2,VAUXHALL CORSA,2,-1,0,1
2024430153368,2024,430153368,1,9,0,18,19,5,1,0,0,1,0,0,1,2,2,1,6,6,2,60,9,1229,1,10,VAUXHALL CORSA,7,E01016509,0,1
2024122401193,2024,122401193,1,9,0,18,19,7,1,0,0,1,0,0,0,0,1,1,1,1,1,18,4,-1,3,0,VAUXHALL CORSA,8,E01027836,0,2
2024031521840,2024,031521840,1,9,0,-1,19,3,7,-1,0,0,0,0,1,0,1,2,-1,2,1,20,4,1248,2,7,VAUXHALL CORSA,4,E01019389,0,1
2024141514803,2024,141514803,2,9,0,-1,3,7,3,-1,0,0,0,0,0,0,2,1,-1,6,3,-1,-1,1229,1,11,VAUXHALL CORSA,-1,-1,0,-1
2024451399175,2024,451399175,1,9,0,-1,19,3,7,-1,0,8,0,0,0,0,1,1,-1,2,2,26,6,1398,1,8,VAUXHALL CORSA,4,E01030805,0,1
2024131471759,2024,131471759,1,9,0,-1,-1,-1,-1,-1,-1,-1,-1,-1,-1,-1,-1,1,-1,6,3,-1,-1,1229,1,13,VAUXHALL CORSA,-1,-1,0,-1
2024041488140,2024,041488140,1,9,0,-1,5,7,3,-1,0,6,0,0,0,0,1,1,-1,2,2,42,7,1398,1,9,VAUXHALL CORSA,4,E01010951,0,4
2024061495228,2024,061495228,1,9,0,-1,9,7,4,-1,0,6,0,0,0,0,4,1,-1,6,2,25,5,1229,1,10,VAUXHALL CORSA,3,E01005278,0,1
2024010517547,2024,010517547,3,9,0,18,19,1,5,0,0,1,1,0,0,0,1,1,2,2,1,28,6,1229,1,16,VAUXHALL CORSA,-1,-1,0,-1
2024430387831,2024,430387831,2,9,0,4,4,6,2,0,0,1,0,0,0,0,2,1,2,2,2,67,10,1229,1,12,VAUXHALL CORSA,6,E01016469,0,1
2024010523213,2024,010523213,3,9,0,2,2,0,0,0,0,0,0,0,0,0,0,1,6,6,3,-1,-1,1199,1,2,VAUXHALL CORSA,-1,-1,0,-1
2024302400389,2024,302400389,2,9,0,2,2,0,0,0,0,0,0,0,0,0,2,1,6,6,2,32,6,1398,1,5,VAUXHALL CORSA,6,E01019585,0,1
2024311493210,2024,311493210,1,9,0,-1,19,3,3,-1,0,1,0,0,0,0,1,1,-1,6,1,20,4,1229,1,10,VAUXHALL CORSA,-1,-1,0,-1
2024041534100,2024,041534100,1,9,0,-1,19,7,3,-1,0,0,0,0,0,0,1,1,-1,9,1,37,7,1398,1,9,VAUXHALL CORSA,9,E01025165,0,1
2024440331227,2024,440331227,1,9,0,12,12,7,3,0,0,0,0,0,0,0,1,1,6,6,2,19,4,1199,1,4,VAUXHALL CORSA,4,E01022603,0,4
2024041439380,2024,041439380,1,9,0,-1,19,7,3,-1,0,0,0,0,0,0,2,1,-1,9,1,36,7,1199,1,1,VAUXHALL CORSA,1,E01012733,0,1
2024131394895,2024,131394895,1,9,0,-1,19,3,7,-1,0,0,0,0,0,0,1,1,-1,9,1,23,5,1398,1,5,VAUXHALL CORSA,4,E01011238,0,1
2024010528089,2024,010528089,2,9,0,3,3,5,1,0,0,1,0,0,0,0,3,1,2,2,1,51,8,1398,1,10,VAUXHALL CORSA,9,E01030733,0,3
2024070729743,2024,070729743,2,9,0,-1,13,5,1,-1,0,8,0,0,0,0,4,1,-1,9,2,68,10,1398,1,9,VAUXHALL CORSA,8,E01018673,0,1
2024302400721,2024,302400721,1,9,0,18,19,6,2,0,0,1,0,0,0,0,1,1,6,6,1,27,6,1398,1,8,VAUXHALL CORSA,3,E01013513,0,1
2024010510112,2024,010510112,2,9,9,99,99,9,9,99,99,9,9,99,9,99,1,9,6,6,3,-1,-1,1398,1,8,VAUXHALL CORSA,-1,-1,0,-1
2024501492985,2024,501492985,1,9,0,-1,19,1,5,-1,0,8,1,0,0,0,1,1,-1,9,2,30,6,1398,1,9,VAUXHALL CORSA,4,E01015129,0,1
2024201453624,2024,201453624,2,9,0,-1,19,1,5,-1,0,4,0,0,0,0,1,9,-1,6,1,45,7,1364,1,15,VAUXHALL CORSA,4,E01009504,0,2
2024131398625,2024,131398625,1,9,0,-1,19,5,1,-1,0,0,0,0,0,0,1,1,-1,2,1,25,5,1398,1,8,VAUXHALL CORSA,7,E01010593,0,2
2024052400783,2024,052400783,1,9,0,18,19,1,5,0,0,0,0,0,0,0,1,1,6,6,1,17,4,1229,1,13,VAUXHALL CORSA,7,E01007316,0,1
2024361444739,2024,361444739,2,9,0,-1,9,6,1,-1,0,8,0,0,0,0,4,1,-1,1,1,29,6,1229,1,11,VAUXHALL CORSA,4,E01026846,0,1
2024371531638,2024,371531638,1,9,0,-1,19,5,1,-1,0,2,5,0,1,0,1,1,-1,9,1,43,7,1398,1,5,VAUXHALL CORSA,7,E01026889,0,2
2024451527417,2024,451527417,2,9,0,-1,4,3,7,-1,0,0,0,0,0,0,2,1,-1,6,1,26,6,1398,1,5,VAUXHALL CORSA,7,E01016970,0,4
2024201403279,2024,201403279,1,9,0,-1,5,6,5,-1,0,0,0,0,0,0,3,9,-1,6,2,21,5,1229,1,12,VAUXHALL CORSA,4,E01010100,0,1
2024320676490,2024,320676490,1,9,0,-1,-1,1,5,0,0,8,0,0,1,11,4,1,1,1,1,19,4,1229,1,18,VAUXHALL CORSA,9,E01026269,0,4
2024010545420,2024,010545420,1,9,0,18,19,1,5,0,0,8,0,0,0,0,1,1,6,6,2,19,4,1398,1,10,VAUXHALL CORSA,4,E01001499,0,1
2024351416699,2024,351416699,1,9,0,-1,19,-1,-1,-1,0,1,0,0,0,0,1,9,-1,6,2,18,4,1229,1,17,VAUXHALL CORSA,5,E01032523,0,3
2024440296513,2024,440296513,1,9,0,18,19,6,2,0,0,8,0,0,0,0,1,1,2,2,1,32,6,1229,1,16,VAUXHALL CORSA,1,E01017207,0,1
2024131432326,2024,131432326,1,9,0,-1,19,2,2,-1,0,8,0,0,0,0,1,1,-1,2,2,28,6,1364,1,16,VAUXHALL CORSA,3,E01010600,0,1
2024501510158,2024,501510158,2,9,0,-1,19,8,5,-1,0,0,5,0,2,10,3,1,-1,9,1,22,5,1248,2,17,VAUXHALL CORSA,6,E01020326,0,2
2024471481590,2024,471481590,2,9,0,-1,4,2,6,-1,0,1,0,0,0,0,2,1,-1,9,2,42,7,1398,1,10,VAUXHALL CORSA,7,E01031665,0,1
2024070832404,2024,070832404,1,9,0,-1,13,3,7,-1,0,0,0,0,0,0,3,1,-1,9,1,20,4,1398,1,5,VAUXHALL CORSA,10,E01007190,0,4
2024440021854,2024,440021854,3,9,0,4,4,7,4,0,0,0,0,0,0,0,2,1,6,6,3,-1,-1,1199,1,3,VAUXHALL CORSA,-1,-1,0,-1
2024201520219,2024,201520219,1,9,0,-1,19,4,8,-1,0,8,0,0,0,0,4,1,-1,9,1,23,5,1199,1,0,VAUXHALL CORSA,4,E01008891,0,2
2024401509948,2024,401509948,2,9,0,-1,19,5,1,-1,0,0,0,0,0,0,4,1,-1,6,2,22,5,1229,1,9,VAUXHALL CORSA,4,E01015751,0,1
2024332401083,2024,332401083,1,9,0,-1,3,3,7,-1,0,0,0,0,0,0,2,1,-1,2,1,55,8,1199,1,3,VAUXHALL CORSA,8,E01019845,0,4
2024010511847,2024,010511847,1,9,0,18,19,7,3,0,0,5,0,4,7,4,1,2,6,6,2,30,6,1398,1,6,VAUXHALL CORSA,5,E01001677,0,3
2024401544310,2024,401544310,2,9,0,-1,19,6,1,-1,0,0,5,0,1,0,1,1,-1,2,2,63,9,1229,1,15,VAUXHALL CORSA,9,E01017558,0,1
2024501520582,2024,501520582,1,9,0,-1,6,2,6,-1,0,0,0,0,0,0,3,1,-1,1,1,35,6,1389,1,20,VAUXHALL CORSA,5,E01020030,0,1
2024010520598,2024,010520598,2,9,0,99,99,9,9,99,99,9,9,99,9,99,1,9,6,6,3,-1,-1,1248,2,8,VAUXHALL CORSA,3,E01001983,0,1
2024010549980,2024,010549980,2,9,0,9,9,7,4,0,0,5,0,0,0,0,1,1,6,6,2,34,6,1229,1,13,VAUXHALL CORSA,8,E01001123,0,2
2024430388586,2024,430388586,2,9,0,17,19,8,5,0,0,8,0,0,0,0,1,1,6,6,1,62,9,1199,1,4,VAUXHALL CORSA,9,E01023217,0,4
2024332400466,2024,332400466,2,9,0,-1,7,8,2,-1,0,6,0,0,0,0,1,1,-1,6,1,-1,-1,1229,1,15,VAUXHALL CORSA,-1,-1,0,-1
2024411427090,2024,411427090,2,9,0,-1,2,0,0,-1,0,0,0,0,0,0,2,1,-1,6,-1,-1,-1,1398,1,13,VAUXHALL CORSA,-1,-1,0,-1
2024371469701,2024,371469701,1,9,0,-1,9,6,4,-1,0,6,0,0,0,0,1,1,-1,2,2,58,9,1248,2,16,VAUXHALL CORSA,2,E01030031,0,1
2024461521092,2024,461521092,1,9,0,-1,19,3,7,-1,0,0,0,0,0,0,1,9,-1,6,2,70,10,1398,1,7,VAUXHALL CORSA,9,E01024415,0,1
2024320596547,2024,320596547,2,9,0,-1,-1,6,2,0,0,8,0,0,0,0,4,1,-1,-1,1,25,5,1199,1,3,VAUXHALL CORSA,3,E01026207,0,3
2024351495176,2024,351495176,1,9,0,-1,6,1,7,-1,0,0,0,0,0,0,2,1,-1,9,2,20,4,1229,1,10,VAUXHALL CORSA,8,E01018117,0,4
2024421398063,2024,421398063,1,9,0,-1,19,4,2,-1,0,0,0,0,7,0,1,1,-1,9,2,20,4,998,1,10,VAUXHALL CORSA,9,E01029872,0,2
2024461434566,2024,461434566,1,9,0,-1,9,1,6,-1,0,1,0,0,0,0,1,1,-1,9,1,20,4,998,1,12,VAUXHALL CORSA,3,E01024239,0,4
2024991468594,2024,991468594,1,9,0,-1,19,8,4,-1,0,1,0,0,0,0,1,1,-1,6,2,18,4,1398,1,6,VAUXHALL CORSA,-1,-1,0,-1
2024221473484,2024,221473484,1,9,0,-1,19,6,2,-1,0,8,0,0,0,0,4,1,-1,6,2,43,7,1398,1,13,VAUXHALL CORSA,5,E01028944,0,1
2024421503200,2024,421503200,1,9,0,-1,4,8,4,-1,0,1,0,0,0,0,1,1,-1,6,3,22,5,1229,1,15,VAUXHALL CORSA,9,E01033614,0,1
2024201448765,2024,201448765,1,9,4,-1,19,5,1,-1,0,0,2,10,1,1,4,1,-1,6,1,20,4,1248,2,16,VAUXHALL CORSA,2,E01010344,0,1
2024320245764,2024,320245764,1,9,0,-1,-1,2,6,0,0,0,1,4,0,0,1,1,-1,-1,1,20,4,1229,1,11,VAUXHALL CORSA,7,E01025958,0,5
2024221464438,2024,221464438,1,9,0,-1,19,1,6,-1,0,0,0,0,1,3,1,1,-1,9,1,44,7,1398,1,6,VAUXHALL CORSA,2,E01032435,0,3
2024501398007,2024,501398007,1,9,0,-1,5,3,6,-1,0,2,0,10,7,10,1,1,-1,9,2,80,11,1229,1,13,VAUXHALL CORSA,4,E01018982,0,1
2024010545509,2024,010545509,1,9,0,6,6,3,3,6,6,1,0,0,0,0,1,1,6,6,2,25,5,1229,1,9,VAUXHALL CORSA,2,E01032579,0,2
2024522402238,2024,522402238,1,9,0,15,15,7,3,0,0,1,0,0,0,0,3,1,6,6,1,19,4,998,1,10,VAUXHALL CORSA,-1,-1,0,-1
2024211441396,2024,211441396,2,9,0,-1,19,5,1,-1,0,3,0,0,0,0,1,1,-1,6,1,18,4,1364,1,15,VAUXHALL CORSA,3,E01014282,0,1
2024302400416,2024,302400416,2,9,0,2,2,0,0,0,0,0,0,0,0,0,3,1,6,6,2,41,7,1229,1,15,VAUXHALL CORSA,2,E01027986,0,3
2024311426767,2024,311426767,2,9,0,-1,19,2,6,-1,0,8,0,0,0,0,1,1,-1,6,2,71,10,1398,1,10,VAUXHALL CORSA,3,E01028166,0,1
2024101427646,2024,101427646,1,9,0,-1,9,8,2,-1,0,5,0,0,0,0,1,1,-1,6,1,32,6,1248,2,12,VAUXHALL CORSA,3,E01008202,0,1
2024531427494,2024,531427494,1,9,0,-1,7,4,8,-1,0,6,0,10,6,0,2,1,-1,6,1,66,10,1598,1,6,VAUXHALL CORSA,10,E01022193,0,1
2024141448733,2024,141448733,1,9,0,-1,19,5,2,-1,0,0,0,6,0,0,1,1,-1,9,2,19,4,1248,2,10,VAUXHALL CORSA,1,E01007905,0,1
2024520003106,2024,520003106,2,9,0,10,10,8,5,0,0,8,0,0,0,0,1,1,6,6,1,88,11,1199,1,4,VAUXHALL CORSA,10,E01014453,0,1
2024201482437,2024,201482437,2,9,0,-1,4,2,6,-1,0,1,0,0,0,0,1,9,-1,6,1,23,5,999,1,9,VAUXHALL CORSA,2,E01009082,0,1
2024061516204,2024,061516204,1,9,0,-1,11,-1,-1,-1,99,0,0,0,0,0,2,1,-1,9,2,23,5,1398,1,9,VAUXHALL CORSA,1,E01005496,0,3
2024440024997,2024,440024997,1,9,0,18,19,4,8,0,0,0,1,0,0,0,1,1,2,2,2,49,8,1229,1,12,VAUXHALL CORSA,10,E01023173,0,3
2024052401817,2024,052401817,1,9,0,9,9,3,1,0,0,2,0,0,0,0,1,1,6,6,2,25,5,1398,1,11,VAUXHALL CORSA,2,E01006710,0,3
202460Q125791,2024,60Q125791,2,9,0,18,19,1,5,0,0,7,0,0,0,0,2,1,6,6,2,22,5,1199,1,4,VAUXHALL CORSA,-1,-1,0,-1
2024101502085,2024,101502085,2,9,0,-1,3,5,1,-1,0,0,0,0,0,0,1,1,-1,2,2,30,6,1199,1,4,VAUXHALL CORSA,-1,-1,0,-1
2024471408163,2024,471408163,1,9,0,-1,7,7,1,-1,0,5,0,0,0,0,-1,1,-1,6,1,68,10,1398,1,7,VAUXHALL CORSA,2,E01016905,0,1
2024201522065,2024,201522065,2,9,0,-1,3,2,6,-1,0,8,1,0,0,0,0,1,-1,2,2,23,5,1398,1,7,VAUXHALL CORSA,2,E01009933,0,1
2024231509329,2024,231509329,1,9,0,-1,9,2,8,-1,0,8,5,0,0,0,1,1,-1,1,1,20,4,1229,1,11,VAUXHALL CORSA,9,E01031328,0,1
2024471400793,2024,471400793,2,9,0,-1,11,2,8,-1,0,3,0,0,0,0,4,1,-1,9,1,27,6,1398,1,14,VAUXHALL CORSA,9,E01031622,0,3
2024440549155,2024,440549155,2,9,0,18,19,1,5,0,0,0,0,0,0,0,2,1,6,6,1,40,7,1398,1,9,VAUXHALL CORSA,5,E01023128,0,1
2024070139950,2024,070139950,1,9,0,18,19,5,1,0,0,0,5,10,0,10,1,1,6,6,1,70,10,1398,1,7,VAUXHALL CORSA,10,E01018693,0,1
2024010535634,2024,010535634,2,9,0,99,99,9,9,99,99,9,9,99,9,99,9,9,6,6,3,-1,-1,-1,3,0,VAUXHALL CORSA,-1,-1,0,-1
2024451400050,2024,451400050,1,9,0,-1,10,3,6,-1,0,0,0,0,0,0,2,1,-1,7,2,18,4,1229,1,15,VAUXHALL CORSA,9,E01030760,0,1
2024430504341,2024,430504341,1,9,0,9,9,7,5,0,0,6,0,0,0,0,1,1,6,6,2,38,7,1364,1,16,VAUXHALL CORSA,-1,-1,0,-1
2024221452310,2024,221452310,1,9,0,-1,19,3,7,-1,0,0,1,0,0,0,1,1,-1,6,1,41,7,1398,1,6,VAUXHALL CORSA,8,E01011522,0,5
2024401540702,2024,401540702,2,9,0,-1,19,7,3,-1,0,1,0,0,0,0,1,1,-1,6,2,19,4,1398,1,5,VAUXHALL CORSA,3,E01017489,0,2
2024552400228,2024,552400228,1,9,0,3,3,2,6,0,0,0,0,0,0,0,1,1,6,6,2,35,6,1398,1,9,VAUXHALL CORSA,3,E01020551,0,1
2024010512188,2024,010512188,2,9,0,17,19,1,5,0,0,1,0,0,0,0,1,1,6,6,3,-1,-1,1364,1,9,VAUXHALL CORSA,-1,-1,0,-1
2024122500433,2024,122500433,1,9,0,9,9,1,7,0,0,6,0,0,0,0,3,1,6,6,2,59,9,1229,1,9,VAUXHALL CORSA,5,E01027796,0,1
2024991434552,2024,991434552,5,9,0,-1,2,7,3,-1,0,0,0,0,0,0,4,1,-1,6,-1,-1,-1,998,1,10,VAUXHALL CORSA,-1,-1,0,-1
2024010545275,2024,010545275,1,9,0,9,9,6,4,0,0,2,5,7,0,0,1,1,6,6,1,21,5,1199,1,4,VAUXHALL CORSA,4,E01004416,0,3
2024010492278,2024,010492278,1,9,0,6,6,3,3,0,0,0,0,0,0,0,4,1,6,6,3,24,5,1229,1,17,VAUXHALL CORSA,2,E01002356,0,3
2024411411643,2024,411411643,1,9,0,-1,7,5,8,-1,0,2,0,0,0,0,1,1,-1,6,2,32,6,1398,1,8,VAUXHALL CORSA,4,E01023864,0,1
2024122401233,2024,122401233,1,9,0,18,19,5,1,0,0,3,0,0,3,1,1,1,2,2,2,23,5,1199,1,2,VAUXHALL CORSA,2,E01011807,0,1
2024401408140,2024,401408140,1,9,0,-1,5,2,5,-1,0,2,0,0,8,4,3,1,-1,6,2,73,10,1398,1,7,VAUXHALL CORSA,7,E01017464,0,1
2024161415642,2024,161415642,1,9,0,-1,9,2,6,-1,-1,6,0,0,0,0,1,1,-1,9,1,17,4,1398,1,8,VAUXHALL CORSA,7,E01013224,0,1
2024161495100,2024,161495100,1,9,0,-1,19,8,4,-1,0,0,0,0,0,0,1,9,-1,6,1,-1,-1,1398,1,5,VAUXHALL CORSA,-1,-1,0,-1
2024041410032,2024,041410032,2,9,0,-1,19,7,3,-1,0,8,1,0,0,0,4,1,-1,9,2,37,7,1398,1,5,VAUXHALL CORSA,4,E01025288,0,1
2024111405052,2024,111405052,1,9,0,-1,7,7,3,-1,0,2,0,0,0,0,1,1,-1,1,1,23,5,1248,2,13,VAUXHALL CORSA,2,E01020877,0,1
2024991486442,2024,991486442,1,9,0,-1,19,5,1,-1,0,0,0,0,1,0,1,1,-1,1,1,57,9,1398,1,10,VAUXHALL CORSA,4,-1,0,3
2024010533046,2024,010533046,1,9,0,9,9,1,6,0,0,2,0,0,0,0,1,1,6,6,1,27,6,1398,1,14,VAUXHALL CORSA,-1,-1,0,-1
2024010541750,2024,010541750,1,9,0,99,99,9,9,99,99,9,9,99,9,99,9,9,6,6,1,34,6,1199,1,4,VAUXHALL CORSA,5,E01034227,0,3
2024440109308,2024,440109308,1,9,0,5,5,7,3,0,0,8,0,0,0,0,4,1,6,6,2,22,5,1199,1,4,VAUXHALL CORSA,3,E01022801,0,4
2024141413459,2024,141413459,1,9,0,-1,19,4,8,-1,0,0,0,0,1,4,1,1,-1,9,2,17,4,1398,1,6,VAUXHALL CORSA,3,E01007807,0,2
2024461500676,2024,461500676,1,9,0,-1,9,2,8,-1,0,8,0,0,0,0,1,1,-1,2,2,40,7,1229,1,12,VAUXHALL CORSA,6,E01016142,0,2
2024201482742,2024,201482742,2,9,0,-1,19,6,4,-1,0,1,0,0,0,0,2,9,-1,6,3,-1,-1,1364,1,16,VAUXHALL CORSA,-1,-1,0,-1
2024101514457,2024,101514457,2,9,0,-1,2,0,0,-1,0,0,0,0,0,0,3,1,-1,6,-1,-1,-1,1199,1,1,VAUXHALL CORSA,-1,-1,0,-1
2024320472133,2024,320472133,2,9,0,2,2,0,0,0,0,0,0,0,0,0,3,1,6,6,2,44,7,1229,1,13,VAUXHALL CORSA,3,E01026183,0,1
2024111429596,2024,111429596,2,9,0,-1,9,7,5,-1,0,8,0,0,0,0,4,1,-1,9,2,20,4,1364,1,8,VAUXHALL CORSA,3,E01012306,0,1
2024531459208,2024,531459208,2,9,0,-1,19,7,3,-1,0,8,0,0,7,0,1,1,-1,2,2,74,10,1398,1,10,VAUXHALL CORSA,10,E01034779,0,1
2024461527692,2024,461527692,1,9,0,-1,9,5,1,-1,0,8,0,0,0,0,1,9,-1,2,1,62,9,1398,1,12,VAUXHALL CORSA,6,E01024729,0,1
2024501501806,2024,501501806,1,9,0,-1,19,8,4,-1,0,8,0,0,0,0,4,1,-1,9,2,19,4,1398,1,11,VAUXHALL CORSA,8,E01018787,0,2
2024320580033,2024,320580033,1,9,0,-1,-1,8,4,0,0,0,0,0,1,0,1,1,-1,-1,1,42,7,1364,1,15,VAUXHALL CORSA,5,E01026144,0,4
2024131475550,2024,131475550,1,9,0,-1,19,5,5,-1,0,0,0,0,0,0,3,1,-1,2,2,21,5,1248,2,13,VAUXHALL CORSA,7,E01011309,0,1
2024041480203,2024,041480203,2,9,0,-1,9,5,3,-1,0,1,0,0,0,0,2,1,-1,6,1,77,11,1199,1,4,VAUXHALL CORSA,10,E01025466,0,1
2024221465328,2024,221465328,2,9,0,-1,19,1,6,-1,0,8,0,0,0,0,1,1,-1,6,1,30,6,1199,1,4,VAUXHALL CORSA,8,E01010222,0,1
2024111555610,2024,111555610,2,9,0,-1,19,7,3,-1,0,1,0,0,0,0,1,1,-1,9,2,25,5,1199,1,4,VAUXHALL CORSA,1,E01020880,0,1