collision_index,collision_year,collision_ref_no,vehicle_reference,vehicle_type,towing_and_articulation,vehicle_manoeuvre_historic,vehicle_manoeuvre,vehicle_direction_from,vehicle_direction_to,vehicle_location_restricted_lane_historic,vehicle_location_restricted_lane,junction_location,skidding_and_overturning,hit_object_in_carriageway,vehicle_leaving_carriageway,hit_object_off_carriageway,first_point_of_impact,vehicle_left_hand_drive,journey_purpose_of_driver_historic,journey_purpose_of_driver,sex_of_driver,age_of_driver,age_band_of_driver,engine_capacity_cc,propulsion_code,age_of_vehicle,generic_make_model,driver_imd_decile,lsoa_of_driver,escooter_flag,driver_distance_banding
2024221515641,2024,221515641,1,9,0,-1,3,1,7,-1,0,2,0,0,0,0,3,1,-1,6,1,77,11,1364,1,16,VAUXHALL CORSA,-1,-1,0,-1
2024332400309,2024,332400309,2,9,0,-1,19,4,8,-1,0,0,0,0,0,0,1,1,-1,6,2,-1,-1,1229,1,11,VAUXHALL CORSA,-1,-1,0,-1
2024061516353,2024,061516353,2,9,0,-1,4,3,7,-1,0,1,0,0,0,0,2,9,-1,6,1,20,4,1398,1,8,VAUXHALL CORSA,5,E01006375,0,1
2024161436679,2024,161436679,2,9,0,-1,19,7,3,-1,0,8,0,0,0,0,1,1,-1,1,1,53,8,1248,2,11,VAUXHALL CORSA,2,E01033104,0,1
2024440336816,2024,440336816,1,9,0,18,19,5,1,0,0,0,0,0,0,0,1,1,6,6,1,47,8,1598,1,16,VAUXHALL CORSA,9,E01017147,0,1
2024421519209,2024,421519209,2,9,0,-1,19,3,7,-1,0,0,0,0,0,0,4,1,-1,6,1,35,6,1364,1,17,VAUXHALL CORSA,7,E01002351,0,4
2024991420493,2024,991420493,1,9,0,-1,19,5,1,-1,0,8,0,0,1,0,1,1,-1,6,1,47,8,1398,1,5,VAUXHALL CORSA,2,-1,0,1
2024231535008,2024,231535008,5,9,0,-1,2,0,0,-1,0,0,0,0,0,0,3,1,-1,6,1,20,4,1229,1,10,VAUXHALL CORSA,4,E01031030,0,1
2024421422330,2024,421422330,1,9,0,-1,19,2,4,-1,0,1,0,0,0,0,1,1,-1,6,1,30,6,1229,1,11,VAUXHALL CORSA,6,E01021387,0,2
2024041519285,2024,041519285,1,9,0,-1,5,3,5,-1,0,1,0,0,0,0,1,1,-1,9,2,34,6,1398,1,8,VAUXHALL CORSA,1,E01012673,0,1
2024201456075,2024,201456075,1,9,0,-1,19,4,4,-1,0,0,0,0,0,0,3,9,-1,6,2,24,5,1398,1,6,VAUXHALL CORSA,1,E01010017,0,1
2024201509726,2024,201509726,4,9,0,-1,19,1,5,-1,0,8,0,0,0,0,1,1,-1,6,1,38,7,1229,1,14,VAUXHALL CORSA,1,E01009371,0,2
2024131491711,2024,131491711,1,9,0,-1,19,1,3,-1,0,0,0,0,0,0,3,1,-1,9,1,36,7,1364,1,17,VAUXHALL CORSA,1,E01011725,0,1
2024010521279,2024,010521279,2,9,0,99,99,9,9,99,99,0,9,99,9,99,1,9,6,6,3,20,4,1229,1,12,VAUXHALL CORSA,3,E01000405,0,1
2024131454016,2024,131454016,2,9,0,-1,4,5,5,-1,0,0,0,0,0,0,2,1,-1,9,1,73,10,1199,1,0,VAUXHALL CORSA,1,E01011354,0,2
2024111447312,2024,111447312,2,9,0,-1,19,1,3,-1,0,0,0,0,0,0,1,1,-1,1,2,52,8,-1,-1,-1,VAUXHALL CORSA,-1,-1,0,-1
2024010531326,2024,010531326,2,9,9,99,99,9,9,99,99,9,9,99,9,99,9,9,6,6,3,-1,-1,1364,1,15,VAUXHALL CORSA,-1,-1,0,-1
2024440400005,2024,440400005,1,9,0,18,19,2,6,0,0,8,0,0,7,9,4,1,2,2,2,27,6,1199,1,2,VAUXHALL CORSA,7,E01022477,0,3
2024522401079,2024,522401079,2,9,0,18,19,4,2,0,0,8,0,0,0,0,4,1,6,6,1,62,9,1229,1,13,VAUXHALL CORSA,10,E01014897,0,1
2024221439971,2024,221439971,1,9,0,-1,19,6,2,-1,0,0,0,4,0,0,1,1,-1,1,2,22,5,1499,2,3,VAUXHALL CORSA,10,E01032284,0,2
2024421420856,2024,421420856,1,9,0,-1,19,6,2,-1,0,0,0,0,0,0,1,1,-1,2,1,44,7,1229,1,12,VAUXHALL CORSA,10,E01021447,0,1
2024371414331,2024,371414331,1,9,0,-1,9,6,3,-1,0,1,0,0,0,0,1,1,-1,2,2,19,4,1229,1,12,VAUXHALL CORSA,5,E01029928,0,1
2024461457760,2024,461457760,4,9,0,-1,19,5,1,-1,0,1,0,0,0,0,1,1,-1,1,1,36,7,-1,-1,-1,VAUXHALL CORSA,7,E01024380,0,1
2024471462019,2024,471462019,3,9,0,-1,19,5,1,-1,0,2,0,0,0,0,1,1,-1,9,1,22,5,1398,1,5,VAUXHALL CORSA,3,E01024795,0,4
2024991456520,2024,991456520,1,9,0,-1,5,5,2,-1,0,6,0,0,0,0,1,1,-1,9,2,39,7,1199,1,1,VAUXHALL CORSA,2,-1,0,1
2024041478067,2024,041478067,2,9,0,-1,19,3,7,-1,0,4,0,0,0,0,3,1,-1,9,1,65,9,1199,1,1,VAUXHALL CORSA,2,E01012728,0,2
2024070138430,2024,070138430,3,9,0,18,19,6,2,0,0,0,0,0,0,0,1,1,6,6,1,47,8,973,1,22,VAUXHALL CORSA,8,E01029819,0,4
2024451432420,2024,451432420,1,9,0,-1,19,1,1,-1,0,0,5,0,0,0,4,1,-1,9,1,33,6,1398,1,7,VAUXHALL CORSA,6,E01002653,0,3
2024441452076,2024,441452076,2,9,0,-1,19,5,1,-1,0,1,0,0,0,0,2,1,-1,6,1,29,6,1199,1,4,VAUXHALL CORSA,7,E01030429,0,2
2024061425044,2024,061425044,2,9,0,-1,19,5,1,-1,0,0,0,0,0,0,2,1,-1,2,1,26,6,1199,1,4,VAUXHALL CORSA,3,E01004889,0,3
2024010549028,2024,010549028,1,9,0,14,14,5,1,2,2,6,0,4,0,0,1,1,1,1,1,47,8,1229,1,15,VAUXHALL CORSA,3,E01003097,0,1
2024302400818,2024,302400818,2,9,0,18,19,8,4,0,0,8,0,0,0,0,3,1,6,6,2,18,4,1229,1,17,VAUXHALL CORSA,1,E01013651,0,4
2024401440685,2024,401440685,4,9,0,-1,19,8,4,-1,0,0,0,0,0,0,1,1,-1,6,2,29,6,1398,1,8,VAUXHALL CORSA,4,E01017506,0,1
2024211443973,2024,211443973,1,9,0,-1,19,1,5,-1,0,0,5,0,0,0,1,1,-1,6,1,19,4,998,1,10,VAUXHALL CORSA,7,E01010537,0,4
2024471512989,2024,471512989,1,9,0,-1,19,6,2,-1,0,1,0,0,0,0,1,1,-1,9,2,24,5,1398,1,6,VAUXHALL CORSA,6,E01035325,0,1
2024471528888,2024,471528888,2,9,0,-1,19,2,6,-1,0,1,0,0,0,0,1,1,-1,9,2,77,11,1229,1,12,VAUXHALL CORSA,7,E01031618,0,1
2024440315196,2024,440315196,1,9,0,18,19,5,1,-1,-1,0,0,0,0,0,1,1,6,6,1,26,6,1229,1,16,VAUXHALL CORSA,5,E01020916,0,5
2024131524098,2024,131524098,2,9,0,-1,-1,-1,-1,-1,-1,0,-1,-1,-1,-1,-1,1,-1,6,3,40,7,1229,1,11,VAUXHALL CORSA,-1,-1,0,-1
2024041395684,2024,041395684,3,9,0,-1,2,0,0,-1,0,2,0,0,0,0,1,1,-1,6,-1,-1,-1,998,1,21,VAUXHALL CORSA,-1,-1,0,-1
2024471418725,2024,471418725,2,9,0,-1,19,8,4,-1,0,1,0,0,0,0,1,1,-1,1,1,24,5,998,1,18,VAUXHALL CORSA,8,E01021171,0,2
2024991459097,2024,991459097,3,9,0,-1,2,0,0,-1,0,0,0,0,0,0,2,1,-1,6,-1,-1,-1,1229,1,9,VAUXHALL CORSA,-1,-1,0,-1
2024421401262,2024,421401262,2,9,0,-1,19,6,2,-1,0,1,0,0,0,0,3,9,-1,2,2,53,8,1398,1,8,VAUXHALL CORSA,10,E01015911,0,3
2024010508110,2024,010508110,2,9,0,99,99,9,9,99,99,9,9,99,9,99,9,9,6,6,3,-1,-1,1398,1,9,VAUXHALL CORSA,-1,-1,0,-1
2024332401156,2024,332401156,2,9,0,-1,19,1,5,-1,0,8,0,0,0,0,1,1,-1,6,3,-1,-1,1398,1,13,VAUXHALL CORSA,-1,-1,0,-1
2024221419302,2024,221419302,1,9,0,-1,11,5,1,-1,0,8,0,0,0,0,2,9,-1,6,2,53,8,1398,1,5,VAUXHALL CORSA,3,E01014072,0,1
2024430578836,2024,430578836,2,9,0,4,4,7,3,0,0,0,0,0,0,0,2,1,6,6,2,54,8,1229,1,9,VAUXHALL CORSA,1,E01025229,0,5
2024610040324,2024,610040324,1,9,0,18,19,7,3,0,0,0,2,0,1,0,1,1,6,6,1,19,4,1398,1,12,VAUXHALL CORSA,8,W01001542,0,4
2024201509079,2024,201509079,1,9,0,-1,19,5,1,-1,0,8,0,10,1,0,1,9,-1,6,1,57,9,1229,1,15,VAUXHALL CORSA,4,E01010026,0,1
2024201436452,2024,201436452,1,9,0,-1,1,1,5,-1,0,1,0,0,0,0,2,9,-1,6,1,-1,-1,1364,1,16,VAUXHALL CORSA,10,E01009470,0,1
2024010501061,2024,010501061,2,9,9,99,99,9,9,99,99,6,9,99,9,99,9,9,6,6,2,-1,-1,1199,1,5,VAUXHALL CORSA,6,E01003386,0,1
2024010514779,2024,010514779,2,9,0,4,4,4,8,0,0,1,0,0,0,0,2,1,2,2,1,29,6,1199,1,3,VAUXHALL CORSA,3,E01015954,0,3
2024451537126,2024,451537126,1,9,0,-1,-1,-1,-1,-1,-1,0,-1,-1,-1,0,-1,1,-1,6,2,59,9,1398,1,11,VAUXHALL CORSA,-1,-1,0,-1
2024471447886,2024,471447886,1,9,0,-1,14,3,7,-1,0,0,0,0,0,0,3,1,-1,2,1,30,6,1398,1,8,VAUXHALL CORSA,9,E01031704,0,1
2024231405596,2024,231405596,1,9,0,-1,19,8,4,-1,0,0,0,0,1,7,1,1,-1,1,1,30,6,1229,1,11,VAUXHALL CORSA,1,E01009612,0,3
2024991534622,2024,991534622,2,9,0,-1,19,1,5,-1,0,1,1,0,0,0,1,1,-1,6,1,24,5,1229,1,12,VAUXHALL CORSA,3,-1,0,4
2024552400543,2024,552400543,3,9,0,18,19,8,4,0,0,0,0,0,0,0,2,1,6,6,2,25,5,1199,1,4,VAUXHALL CORSA,7,E01033286,0,1
2024991421733,2024,991421733,1,9,0,-1,19,1,6,-1,0,6,0,0,0,0,1,1,-1,6,1,30,6,1229,1,11,VAUXHALL CORSA,-1,-1,0,-1
2024101415884,2024,101415884,1,9,0,-1,19,7,2,-1,0,0,0,0,0,0,0,1,-1,1,1,27,6,-1,3,1,VAUXHALL CORSA,3,E01008468,0,1
2024122400203,2024,122400203,1,9,0,17,19,7,3,0,0,0,1,0,1,4,3,1,1,1,1,51,8,998,1,15,VAUXHALL CORSA,1,E01012143,0,4
2024201447044,2024,201447044,1,9,0,-1,19,7,3,-1,0,0,0,0,0,0,1,1,-1,6,2,53,8,1229,1,16,VAUXHALL CORSA,1,E01034922,0,2
2024010522467,2024,010522467,1,9,0,99,99,9,9,99,99,9,9,99,9,99,9,9,6,6,3,-1,-1,1199,1,4,VAUXHALL CORSA,4,E01003549,0,1
2024371406292,2024,371406292,1,9,0,-1,10,2,4,-1,0,2,0,0,0,0,3,1,-1,6,1,39,7,1248,2,12,VAUXHALL CORSA,2,E01030289,0,1
2024010529988,2024,010529988,1,9,0,18,19,5,1,0,0,1,0,0,0,0,1,1,6,6,2,20,4,1199,1,1,VAUXHALL CORSA,2,E01033148,0,1
2024052400488,2024,052400488,1,9,0,5,5,6,2,0,0,1,0,0,0,0,3,1,6,6,1,19,4,1398,1,12,VAUXHALL CORSA,5,E01025509,0,2
2024010547230,2024,010547230,1,9,0,99,99,9,9,99,99,9,9,99,9,99,9,9,6,6,2,64,9,1398,1,8,VAUXHALL CORSA,6,E01002692,0,1
2024010535823,2024,010535823,2,9,0,99,99,9,9,99,99,9,9,99,9,99,2,9,6,6,2,25,5,1229,1,9,VAUXHALL CORSA,4,E01003042,0,2
2024131494453,2024,131494453,2,9,0,-1,9,7,1,-1,0,3,0,0,0,0,3,1,-1,6,2,26,6,1229,1,11,VAUXHALL CORSA,7,E01011592,0,2
2024430396784,2024,430396784,1,9,0,18,19,-1,-1,0,0,0,0,10,7,4,1,1,6,6,2,28,6,1248,2,14,VAUXHALL CORSA,7,E01028800,0,1
2024041493760,2024,041493760,2,9,0,-1,5,7,3,-1,0,2,0,0,0,0,4,1,-1,9,1,35,6,1229,1,13,VAUXHALL CORSA,1,E01025570,0,1
2024522401731,2024,522401731,1,9,0,18,19,2,6,0,0,0,0,0,0,0,1,1,6,6,1,19,4,1398,1,13,VAUXHALL CORSA,2,E01033348,0,1
2024991498437,2024,991498437,1,9,0,-1,19,7,3,-1,0,0,5,0,1,0,1,1,-1,9,2,18,4,1686,2,12,VAUXHALL CORSA,3,-1,0,3
2024131525470,2024,131525470,1,9,0,-1,-1,-1,-1,-1,-1,0,-1,-1,-1,-1,-1,1,-1,6,3,-1,-1,1398,1,9,VAUXHALL CORSA,-1,-1,0,-1
2024501493178,2024,501493178,1,9,0,-1,3,2,8,-1,0,1,0,0,0,0,2,1,-1,7,1,60,9,1229,1,14,VAUXHALL CORSA,4,E01018815,0,3
2024411432545,2024,411432545,1,9,0,-1,11,1,5,-1,0,1,0,0,0,0,4,1,-1,6,1,18,4,1229,1,18,VAUXHALL CORSA,-1,-1,0,-1
2024340WN1552,2024,340WN1552,2,9,0,-1,19,6,2,-1,0,2,0,0,0,0,1,1,-1,6,2,56,9,1199,1,1,VAUXHALL CORSA,4,E01027007,0,2
2024430484683,2024,430484683,1,9,0,7,7,1,3,0,0,6,0,0,0,0,4,1,6,6,1,52,8,1199,1,3,VAUXHALL CORSA,10,E01000357,0,4
2024991475877,2024,991475877,2,9,0,-1,9,7,4,-1,0,1,0,0,0,0,1,1,-1,9,2,19,4,1229,1,11,VAUXHALL CORSA,4,-1,0,1
2024522401532,2024,522401532,1,9,0,9,9,3,1,0,0,5,0,0,0,0,1,1,6,6,2,72,10,1398,1,9,VAUXHALL CORSA,6,E01032519,0,3
2024320017155,2024,320017155,1,9,0,9,9,2,8,0,0,6,0,0,0,0,1,1,-1,-1,2,59,9,1398,1,5,VAUXHALL CORSA,5,E01026213,0,1
2024361525145,2024,361525145,2,9,0,-1,4,3,7,-1,0,0,0,0,0,0,2,1,-1,6,1,25,5,1398,1,8,VAUXHALL CORSA,8,E01026559,0,2
2024010549362,2024,010549362,1,9,0,99,99,9,9,99,99,9,9,99,9,99,9,9,6,6,2,24,5,1398,1,6,VAUXHALL CORSA,10,E01000756,0,1
2024421403647,2024,421403647,1,9,0,-1,19,1,5,-1,0,0,0,0,0,0,1,1,-1,6,1,25,5,1598,1,13,VAUXHALL CORSA,-1,-1,0,-1
2024991507512,2024,991507512,1,9,0,-1,19,1,5,-1,0,6,0,0,1,0,1,1,-1,9,1,22,5,1598,1,12,VAUXHALL CORSA,-1,-1,0,-1
2024421405060,2024,421405060,1,9,0,-1,19,1,5,-1,0,8,0,0,0,0,1,1,-1,2,1,48,8,1364,1,17,VAUXHALL CORSA,5,E01021664,0,1
2024061431154,2024,061431154,1,9,0,-1,11,3,7,-1,0,0,5,0,0,0,1,1,-1,6,1,18,4,1248,2,18,VAUXHALL CORSA,5,E01011820,0,4
2024421500647,2024,421500647,1,9,0,-1,9,1,7,-1,0,8,0,0,0,0,4,1,-1,9,1,77,11,1398,1,13,VAUXHALL CORSA,9,E01030239,0,4
2024340WN5042,2024,340WN5042,1,9,0,-1,19,1,5,-1,0,1,0,0,0,0,1,1,-1,9,1,-1,-1,1398,1,8,VAUXHALL CORSA,-1,-1,0,-1
2024201470452,2024,201470452,1,9,0,-1,10,5,1,-1,0,1,0,0,0,0,1,9,-1,9,1,18,4,1229,1,12,VAUXHALL CORSA,5,E01034739,0,1
2024101509358,2024,101509358,2,9,0,-1,3,5,1,-1,0,0,0,0,0,0,2,1,-1,6,2,60,9,1398,1,12,VAUXHALL CORSA,8,E01020622,0,1
2024101396893,2024,101396893,1,9,0,-1,9,5,3,-1,0,3,1,0,0,0,1,1,-1,9,2,26,6,1398,1,9,VAUXHALL CORSA,-1,-1,0,-1
2024211497398,2024,211497398,2,9,0,-1,19,1,5,-1,0,1,0,0,0,0,1,1,-1,9,1,31,6,1398,1,8,VAUXHALL CORSA,9,E01029682,0,2
2024201527562,2024,201527562,1,9,0,-1,9,4,2,-1,0,6,0,0,0,0,1,1,-1,6,1,36,7,1398,1,5,VAUXHALL CORSA,3,E01010458,0,3
2024221398098,2024,221398098,1,9,0,-1,19,8,4,-1,0,0,0,0,1,0,1,1,-1,6,1,31,6,1364,1,16,VAUXHALL CORSA,4,E01032409,0,1
2024221522492,2024,221522492,2,9,0,-1,4,1,5,-1,0,1,0,0,0,0,3,9,-1,6,1,32,6,1248,2,16,VAUXHALL CORSA,2,E01028873,0,1
2024041448532,2024,041448532,1,9,0,-1,19,7,3,-1,0,0,0,0,1,7,4,1,-1,2,2,33,6,1398,1,6,VAUXHALL CORSA,7,E01025048,0,1
2024052400697,2024,052400697,2,9,0,4,4,3,7,0,0,0,0,0,0,0,2,1,1,1,2,39,7,1398,1,7,VAUXHALL CORSA,2,E01018542,0,2
2024161459905,2024,161459905,1,9,0,-1,19,2,6,-1,0,0,0,0,0,0,3,9,-1,6,2,52,8,1229,1,13,VAUXHALL CORSA,8,E01013148,0,1
2024201475241,2024,201475241,1,9,0,-1,9,3,2,-1,0,8,0,0,0,0,1,1,-1,6,1,20,4,1229,1,10,VAUXHALL CORSA,5,E01009135,0,1
2024461472805,2024,461472805,1,9,0,-1,3,3,7,-1,0,0,0,0,0,0,1,1,-1,6,2,64,9,1229,1,10,VAUXHALL CORSA,4,E01024494,0,3
2024221419182,2024,221419182,1,9,0,-1,19,7,3,-1,0,1,2,10,7,11,1,9,-1,2,1,25,5,1229,1,11,VAUXHALL CORSA,6,E01028924,0,1
2024122400658,2024,122400658,1,9,0,9,9,5,1,0,0,8,0,0,0,0,0,1,6,6,1,19,4,1229,1,12,VAUXHALL CORSA,10,E01013371,0,1
2024361548755,2024,361548755,1,9,0,-1,19,4,1,-1,0,2,0,0,0,0,1,1,-1,6,2,28,6,1199,1,5,VAUXHALL CORSA,8,E01026587,0,1
202460Q087135,2024,60Q087135,3,9,0,17,19,7,3,0,0,0,0,0,1,0,1,1,6,6,2,20,4,1229,1,14,VAUXHALL CORSA,-1,-1,0,-1
2024430482841,2024,430482841,1,9,0,16,19,7,2,0,0,2,0,0,0,0,1,1,2,2,2,19,4,1248,2,16,VAUXHALL CORSA,6,E01016301,0,1
2024010497373,2024,010497373,2,9,0,99,99,9,9,99,99,9,9,99,9,99,1,9,6,6,3,-1,-1,1199,1,22,VAUXHALL CORSA,-1,-1,0,-1
2024101455110,2024,101455110,1,9,0,-1,19,6,2,-1,0,1,0,0,0,0,1,9,-1,6,2,32,6,1229,1,9,VAUXHALL CORSA,1,E01008610,0,1
2024031422144,2024,031422144,2,9,0,-1,19,1,5,-1,0,0,0,0,0,0,1,1,-1,6,2,48,8,1199,1,1,VAUXHALL CORSA,-1,-1,0,-1
2024991401015,2024,991401015,1,9,0,-1,19,7,3,-1,0,0,2,7,1,7,1,1,-1,1,2,47,8,1199,1,3,VAUXHALL CORSA,5,-1,0,1
2024501467575,2024,501467575,2,9,0,-1,2,0,0,-1,0,1,0,4,0,0,3,1,-1,6,-1,-1,-1,1229,1,17,VAUXHALL CORSA,-1,-1,0,-1
2024231496126,2024,231496126,2,9,0,-1,19,8,4,-1,0,8,2,0,1,0,4,1,-1,1,2,29,6,1199,1,3,VAUXHALL CORSA,9,E01035403,0,3
2024991435627,2024,991435627,1,9,0,-1,5,7,3,-1,0,0,0,0,0,0,1,1,-1,6,1,28,6,1398,1,9,VAUXHALL CORSA,4,-1,0,1
2024231471557,2024,231471557,1,9,0,-1,9,3,1,-1,0,5,0,0,0,0,1,1,-1,1,1,19,4,1199,1,1,VAUXHALL CORSA,5,E01009634,0,3
2024991494097,2024,991494097,4,9,0,-1,2,0,0,-1,0,0,0,0,0,0,2,1,-1,6,-1,-1,-1,1229,1,10,VAUXHALL CORSA,-1,-1,0,-1
2024031480795,2024,031480795,1,9,0,-1,19,1,2,-1,0,0,0,0,0,0,1,1,-1,6,2,44,7,1398,1,9,VAUXHALL CORSA,-1,-1,0,-1
2024201518130,2024,201518130,2,9,0,-1,19,1,3,-1,0,0,0,0,0,0,4,9,-1,6,1,30,6,1398,1,12,VAUXHALL CORSA,1,E01009371,0,1
2024471477107,2024,471477107,1,9,0,-1,13,1,5,-1,0,3,0,0,0,0,1,1,-1,9,2,18,4,1398,1,12,VAUXHALL CORSA,6,E01031464,0,1
2024610032624,2024,610032624,1,9,0,18,19,7,3,0,0,0,5,4,7,11,1,1,6,6,1,41,7,1199,1,5,VAUXHALL CORSA,4,W01001598,0,1
2024501444051,2024,501444051,1,9,0,-1,19,3,7,-1,0,0,1,0,2,4,1,1,-1,1,1,30,6,1364,1,19,VAUXHALL CORSA,9,E01019949,0,3
2024010520912,2024,010520912,1,9,0,17,19,8,5,0,0,8,0,0,3,1,1,1,6,6,1,49,8,1229,1,15,VAUXHALL CORSA,5,E01000609,0,1
2024371407091,2024,371407091,1,9,0,-1,19,8,3,-1,0,0,0,0,0,0,1,1,-1,6,1,17,4,1248,2,17,VAUXHALL CORSA,6,E01030027,0,4
2024201505663,2024,201505663,1,9,0,-1,9,5,2,-1,0,0,1,10,7,6,1,1,-1,6,1,39,7,1199,1,2,VAUXHALL CORSA,2,E01009516,0,2
2024320261127,2024,320261127,1,9,0,-1,-1,4,8,0,0,4,0,0,0,0,1,1,-1,-1,2,50,8,1199,1,0,VAUXHALL CORSA,7,E01026013,0,1
2024161454566,2024,161454566,1,9,0,-1,19,4,8,-1,0,0,5,0,7,0,1,2,-1,9,1,18,4,998,1,15,VAUXHALL CORSA,1,E01012952,0,2
2024221520160,2024,221520160,2,9,0,-1,19,5,1,-1,0,8,0,0,0,0,4,1,-1,9,2,20,4,1229,1,16,VAUXHALL CORSA,4,E01028905,0,1
2024371406191,2024,371406191,2,9,0,-1,9,7,5,-1,0,3,0,0,0,0,4,1,-1,9,2,25,5,1364,1,17,VAUXHALL CORSA,6,E01030005,0,1
2024991497190,2024,991497190,2,9,0,-1,9,6,3,-1,0,1,0,0,0,0,1,1,-1,9,1,19,4,998,1,14,VAUXHALL CORSA,2,E01008344,0,5
2024201475731,2024,201475731,2,9,0,-1,19,8,4,-1,0,0,0,0,0,0,3,1,-1,9,2,22,5,1398,1,10,VAUXHALL CORSA,9,E01010183,0,1
2024031480943,2024,031480943,1,9,0,-1,19,3,7,-1,0,0,5,0,7,0,1,9,-1,6,1,19,4,1229,1,10,VAUXHALL CORSA,2,E01019227,0,1
2024411536848,2024,411536848,2,9,0,-1,19,3,7,-1,0,3,1,0,7,0,3,1,-1,6,2,21,5,1229,1,10,VAUXHALL CORSA,6,E01023601,0,2
2024991399168,2024,991399168,1,9,0,-1,19,5,1,-1,0,0,2,7,1,6,3,1,-1,9,2,20,4,1398,1,12,VAUXHALL CORSA,3,-1,0,4
202454B007424,2024,54B007424,1,9,0,18,19,6,2,0,0,8,0,0,0,0,1,1,6,6,2,45,7,998,1,10,VAUXHALL CORSA,5,E01031916,0,3
2024991400130,2024,991400130,1,9,0,-1,19,6,2,-1,0,0,1,0,2,10,1,1,-1,9,1,20,4,1229,1,16,VAUXHALL CORSA,5,-1,0,4
2024440216101,2024,440216101,3,9,0,3,3,3,7,0,0,1,0,0,0,0,1,1,6,6,2,36,7,1389,1,22,VAUXHALL CORSA,1,E01017120,0,2
2024610052524,2024,610052524,1,9,0,9,9,3,1,0,0,2,0,0,0,0,1,1,2,2,2,19,4,1229,1,11,VAUXHALL CORSA,1,W01001364,0,2
2024401440729,2024,401440729,1,9,0,-1,3,3,7,-1,0,1,0,0,0,0,2,1,-1,6,1,31,6,999,1,9,VAUXHALL CORSA,6,E01015800,0,1
2024052400420,2024,052400420,1,9,0,18,19,7,3,0,0,2,0,0,0,0,3,1,1,1,2,54,8,1398,1,13,VAUXHALL CORSA,1,E01007121,0,1
2024061418893,2024,061418893,1,9,0,-1,14,5,1,-1,0,2,0,0,0,0,1,1,-1,2,1,50,8,1398,1,14,VAUXHALL CORSA,9,E01005813,0,1
2024141419803,2024,141419803,1,9,0,-1,19,7,3,-1,0,0,0,0,0,0,1,1,-1,6,2,-1,-1,1229,1,15,VAUXHALL CORSA,-1,-1,0,-1
2024401440669,2024,401440669,1,9,0,-1,5,3,7,-1,0,0,0,0,0,0,4,1,-1,9,2,18,4,1398,1,7,VAUXHALL CORSA,4,E01017543,0,3
2024461412985,2024,461412985,1,9,0,-1,19,7,3,-1,0,8,0,0,7,3,1,1,-1,6,1,65,9,1229,1,9,VAUXHALL CORSA,7,E01024789,0,1
2024201413573,2024,201413573,3,9,0,-1,2,0,0,-1,9,0,0,0,0,0,4,9,-1,6,2,39,7,1248,2,15,VAUXHALL CORSA,2,E01009986,0,1
2024231527849,2024,231527849,1,9,0,-1,9,1,7,-1,0,5,0,0,0,0,4,1,-1,6,2,19,4,1229,1,13,VAUXHALL CORSA,2,E01031142,0,1
2024501437967,2024,501437967,2,9,0,-1,9,7,3,-1,0,1,0,0,0,0,1,1,-1,9,2,22,5,1229,1,13,VAUXHALL CORSA,3,E01015235,0,1
2024320390239,2024,320390239,1,9,0,-1,-1,1,5,0,0,1,5,11,1,4,4,1,-1,-1,1,30,6,1229,1,16,VAUXHALL CORSA,6,E01026120,0,2
2024320641296,2024,320641296,2,9,0,-1,-1,2,6,0,0,1,1,0,0,0,1,1,-1,-1,2,21,5,1398,1,11,VAUXHALL CORSA,8,E01028387,0,4
2024161445450,2024,161445450,1,9,0,-1,19,1,5,-1,0,0,0,10,0,0,2,9,-1,6,2,44,7,1199,1,2,VAUXHALL CORSA,1,E01012781,0,1
2024101517453,2024,101517453,1,9,0,-1,19,7,3,-1,0,0,0,0,0,0,1,1,-1,6,1,41,7,1398,1,8,VAUXHALL CORSA,2,E01008813,0,1
2024131416521,2024,131416521,1,9,0,-1,11,1,6,-1,0,1,0,0,0,0,2,2,-1,6,3,-1,-1,1398,1,5,VAUXHALL CORSA,-1,-1,0,-1
2024451411025,2024,451411025,1,9,0,-1,19,6,2,-1,0,1,0,0,0,0,4,1,-1,9,2,33,6,1199,1,3,VAUXHALL CORSA,6,E01030767,0,1
2024131411126,2024,131411126,3,9,0,-1,19,1,5,-1,0,1,0,0,0,0,1,1,-1,9,1,49,8,1199,1,3,VAUXHALL CORSA,3,E01011478,0,1
2024041419985,2024,041419985,1,9,0,-1,19,6,2,-1,0,8,0,11,5,4,3,1,-1,9,1,21,5,1248,2,13,VAUXHALL CORSA,1,E01025185,0,1
2024010495346,2024,010495346,4,9,0,18,19,1,5,0,0,1,0,0,0,0,1,1,6,6,1,19,4,1229,1,9,VAUXHALL CORSA,-1,-1,0,-1
2024991536066,2024,991536066,2,9,0,-1,19,3,7,-1,0,0,0,0,0,0,1,1,-1,6,1,64,9,-1,-1,-1,VAUXHALL CORSA,7,-1,0,3
2024332401076,2024,332401076,2,9,0,-1,19,1,5,-1,0,8,0,0,0,0,1,1,-1,6,2,55,8,1364,1,17,VAUXHALL CORSA,1,E01013688,0,1
2024052402438,2024,052402438,1,9,0,7,7,8,2,0,0,6,0,0,0,0,3,1,6,6,2,43,7,1398,1,8,VAUXHALL CORSA,1,E01007089,0,2