collision_index,collision_year,collision_ref_no,vehicle_reference,vehicle_type,towing_and_articulation,vehicle_manoeuvre_historic,vehicle_manoeuvre,vehicle_direction_from,vehicle_direction_to,vehicle_location_restricted_lane_historic,vehicle_location_restricted_lane,junction_location,skidding_and_overturning,hit_object_in_carriageway,vehicle_leaving_carriageway,hit_object_off_carriageway,first_point_of_impact,vehicle_left_hand_drive,journey_purpose_of_driver_historic,journey_purpose_of_driver,sex_of_driver,age_of_driver,age_band_of_driver,engine_capacity_cc,propulsion_code,age_of_vehicle,generic_make_model,driver_imd_decile,lsoa_of_driver,escooter_flag,driver_distance_banding
2024122401207,2024,122401207,1,9,0,18,19,1,5,0,0,0,1,0,0,0,1,1,6,6,2,19,4,1398,1,11,VAUXHALL CORSA,3,E01012026,0,3
2024201506195,2024,201506195,1,9,0,-1,4,2,6,-1,0,0,0,11,0,0,1,9,-1,6,1,17,4,1362,1,10,VAUXHALL CORSA,1,E01009412,0,1
2024101403244,2024,101403244,1,9,0,-1,19,5,1,-1,0,0,0,0,0,0,1,1,-1,6,1,23,5,1398,1,8,VAUXHALL CORSA,5,E01027553,0,4
2024361490351,2024,361490351,2,9,0,-1,19,1,2,-1,0,8,0,0,0,0,3,1,-1,9,2,52,8,1229,1,17,VAUXHALL CORSA,4,E01026677,0,1
2024501437596,2024,501437596,2,9,0,-1,19,4,2,-1,0,2,0,0,0,0,1,1,-1,2,2,20,4,1364,1,15,VAUXHALL CORSA,3,E01018761,0,3
2024991575086,2024,991575086,2,9,0,-1,2,3,7,-1,0,2,0,0,0,0,1,1,-1,6,2,63,9,1229,1,11,VAUXHALL CORSA,7,-1,0,1
2024440110213,2024,440110213,1,9,0,9,9,1,7,0,0,8,0,0,0,0,4,1,6,6,1,18,4,1229,1,11,VAUXHALL CORSA,10,E01034712,0,2
2024211479864,2024,211479864,1,9,0,-1,19,6,2,-1,0,6,1,0,3,0,4,1,-1,9,1,18,4,998,1,18,VAUXHALL CORSA,3,E01014364,0,1
2024010512083,2024,010512083,1,9,0,5,5,3,7,0,0,0,0,10,0,0,1,1,6,6,2,87,11,1389,1,21,VAUXHALL CORSA,9,E01002460,0,1
2024522402230,2024,522402230,1,9,0,18,19,3,7,0,0,3,0,0,0,0,4,1,6,6,2,58,9,1398,1,5,VAUXHALL CORSA,4,E01032673,0,1
2024041500432,2024,041500432,1,9,0,-1,19,3,7,-1,0,1,0,0,0,0,1,1,-1,2,2,20,4,1229,1,15,VAUXHALL CORSA,8,E01025074,0,3
2024522402746,2024,522402746,1,9,0,18,19,7,3,0,0,0,0,0,0,0,1,1,6,6,2,24,5,1398,1,12,VAUXHALL CORSA,7,E01014921,0,1
2024010502116,2024,010502116,1,9,0,99,99,9,9,99,99,0,9,99,9,99,2,9,6,6,1,21,5,1229,1,14,VAUXHALL CORSA,6,E01000513,0,1
2024451490814,2024,451490814,1,9,0,-1,9,1,5,-1,0,2,2,0,2,4,0,1,-1,9,2,21,5,1398,1,5,VAUXHALL CORSA,10,E01030874,0,1
2024070572497,2024,070572497,1,9,0,18,19,7,3,0,0,0,2,0,2,1,1,1,6,6,1,29,6,1364,1,15,VAUXHALL CORSA,1,E01032915,0,4
2024141474961,2024,141474961,2,9,0,-1,2,0,0,-1,9,0,0,0,0,0,1,1,-1,6,-1,-1,-1,1248,2,16,VAUXHALL CORSA,-1,-1,0,-1
2024991443745,2024,991443745,1,9,0,-1,19,3,7,-1,0,4,0,0,0,0,1,1,-1,6,2,44,7,1398,1,7,VAUXHALL CORSA,-1,-1,0,-1
2024991460327,2024,991460327,1,9,0,-1,19,3,7,-1,0,0,0,0,0,0,1,1,-1,2,1,51,8,1398,1,8,VAUXHALL CORSA,4,-1,0,2
2024401518065,2024,401518065,2,9,0,-1,2,0,0,-1,0,2,0,4,0,0,1,1,-1,6,-1,-1,-1,1199,1,1,VAUXHALL CORSA,-1,-1,0,-1
2024111500942,2024,111500942,2,9,0,-1,19,7,3,-1,0,1,0,0,0,0,4,1,-1,6,1,18,4,1398,1,7,VAUXHALL CORSA,7,E01033481,0,1
2024070876278,2024,070876278,2,9,0,-1,5,4,8,-1,0,1,0,0,0,0,2,1,-1,6,2,68,10,1398,1,9,VAUXHALL CORSA,7,E01018606,0,1
2024010502990,2024,010502990,3,9,0,9,9,3,1,0,0,2,0,0,0,0,1,1,2,2,1,23,5,1229,1,14,VAUXHALL CORSA,2,E01000020,0,1
2024631460061,2024,631460061,2,9,0,-1,4,4,1,-1,0,1,0,0,1,4,2,1,-1,2,2,18,4,1229,1,13,VAUXHALL CORSA,6,W01000501,0,1
2024552400953,2024,552400953,2,9,0,3,3,2,6,0,0,4,0,0,0,0,2,1,6,6,2,60,9,1398,1,5,VAUXHALL CORSA,4,E01015276,0,1
2024991458140,2024,991458140,1,9,0,-1,19,6,2,-1,0,3,0,0,0,0,1,1,-1,6,2,23,5,1199,1,4,VAUXHALL CORSA,9,-1,0,2
2024401540112,2024,401540112,1,9,0,-1,5,3,8,-1,0,1,0,0,0,0,2,1,-1,6,2,73,10,1364,1,16,VAUXHALL CORSA,2,E01015749,0,1
2024522402580,2024,522402580,1,9,0,18,19,8,4,0,0,2,0,0,0,0,1,1,6,6,1,41,7,1364,1,16,VAUXHALL CORSA,5,E01029287,0,4
2024440180159,2024,440180159,2,9,0,18,19,8,4,0,0,1,0,0,0,0,1,1,6,6,2,-1,-1,1398,1,10,VAUXHALL CORSA,-1,-1,0,-1
2024101520947,2024,101520947,1,9,0,-1,19,8,4,-1,0,2,0,0,0,0,1,1,-1,1,1,61,9,1248,2,13,VAUXHALL CORSA,2,E01008335,0,1
2024161528289,2024,161528289,2,9,0,-1,19,5,1,-1,0,0,0,0,0,0,1,1,-1,6,1,63,9,1199,1,3,VAUXHALL CORSA,1,E01012849,0,1
2024010545274,2024,010545274,1,9,0,18,19,3,7,0,0,6,1,11,0,0,1,1,6,6,1,26,6,1199,1,1,VAUXHALL CORSA,3,E01003997,0,2
2024161458085,2024,161458085,2,9,0,-1,10,1,8,-1,0,4,0,0,0,0,3,2,-1,9,2,53,8,1199,1,1,VAUXHALL CORSA,5,E01013329,0,3
2024201397946,2024,201397946,2,9,0,-1,9,1,5,-1,0,8,0,0,0,0,4,1,-1,9,2,22,5,1398,1,10,VAUXHALL CORSA,8,E01032427,0,4
2024221498223,2024,221498223,2,9,0,-1,19,1,6,-1,0,8,0,0,0,0,1,9,-1,6,2,19,4,1199,1,4,VAUXHALL CORSA,1,E01009215,0,2
2024201494622,2024,201494622,2,9,0,-1,3,1,5,-1,0,1,0,0,0,0,1,1,-1,9,1,19,4,1229,1,15,VAUXHALL CORSA,9,E01009727,0,1
2024101489700,2024,101489700,1,9,0,-1,14,1,5,-1,0,0,1,0,2,0,4,1,-1,2,1,52,8,1248,2,16,VAUXHALL CORSA,1,E01008436,0,1
2024131522416,2024,131522416,1,9,0,-1,19,1,1,-1,0,1,0,0,0,0,1,1,-1,2,1,25,5,998,1,16,VAUXHALL CORSA,1,E01010650,0,3
2024991483721,2024,991483721,2,9,0,-1,19,4,8,-1,0,0,0,0,0,0,3,1,-1,9,2,30,6,1199,1,4,VAUXHALL CORSA,3,-1,0,2
2024430283034,2024,430283034,2,9,0,18,19,7,3,0,0,0,0,0,0,0,1,1,6,6,2,-1,-1,1229,1,12,VAUXHALL CORSA,-1,-1,0,-1
2024361464321,2024,361464321,1,9,0,-1,13,2,6,-1,0,0,2,0,1,0,1,2,-1,9,1,17,4,1229,1,17,VAUXHALL CORSA,8,E01026564,0,4
2024131492543,2024,131492543,1,9,0,-1,5,3,7,-1,0,8,0,0,0,0,1,1,-1,9,1,25,5,1229,1,15,VAUXHALL CORSA,4,E01011794,0,1
2024161523880,2024,161523880,2,9,0,-1,2,0,0,-1,0,0,0,0,0,0,1,1,-1,6,-1,-1,-1,1398,1,6,VAUXHALL CORSA,-1,-1,0,-1
2024371462766,2024,371462766,1,9,0,-1,19,5,1,-1,0,0,0,0,0,0,1,1,-1,9,2,65,9,1229,1,11,VAUXHALL CORSA,1,E01030256,0,2
2024101470607,2024,101470607,1,9,0,-1,19,6,2,-1,0,0,0,0,0,0,1,9,-1,6,3,16,4,1229,1,17,VAUXHALL CORSA,-1,-1,0,-1
2024548863824,2024,548863824,1,9,0,18,19,1,5,0,0,1,0,0,0,0,1,1,6,6,1,19,4,1229,1,15,VAUXHALL CORSA,1,E01015545,0,1
202417H101224,2024,17H101224,1,9,0,18,19,8,4,0,0,8,0,0,0,0,1,1,6,6,2,28,6,1248,2,17,VAUXHALL CORSA,4,E01033467,0,1
2024546258624,2024,546258624,8,9,0,2,2,0,0,0,0,2,0,0,0,0,1,1,6,6,3,-1,-1,1398,1,14,VAUXHALL CORSA,-1,-1,0,-1
2024471465115,2024,471465115,1,9,0,-1,19,3,7,-1,0,0,0,0,1,0,1,1,-1,9,2,37,7,1398,1,14,VAUXHALL CORSA,6,E01021193,0,3
2024010512317,2024,010512317,2,9,0,18,19,1,5,0,0,4,0,0,0,0,3,1,6,6,2,46,8,1229,1,13,VAUXHALL CORSA,2,E01003507,0,1
2024211403520,2024,211403520,1,9,0,-1,7,6,8,-1,0,0,0,0,7,1,1,9,-1,2,2,25,5,1229,1,15,VAUXHALL CORSA,1,E01010466,0,3
2024991517892,2024,991517892,1,9,0,-1,5,3,7,-1,0,6,0,0,0,0,1,1,-1,6,2,24,5,1199,1,3,VAUXHALL CORSA,2,-1,0,1
2024052402172,2024,052402172,1,9,0,18,19,8,4,0,0,1,0,0,0,0,1,1,6,6,2,20,4,1398,1,6,VAUXHALL CORSA,7,E01007071,0,1
2024545480324,2024,545480324,1,9,0,5,5,2,6,0,0,4,0,0,0,0,1,1,2,2,2,59,9,1398,1,5,VAUXHALL CORSA,7,E01034551,0,1
2024471432129,2024,471432129,1,9,0,-1,3,2,6,-1,0,0,0,0,0,0,2,1,-1,2,2,21,5,1398,1,9,VAUXHALL CORSA,3,E01016907,0,1
2024401428217,2024,401428217,1,9,0,-1,19,1,5,-1,0,0,0,0,0,0,1,1,-1,6,1,18,4,998,1,13,VAUXHALL CORSA,8,E01033819,0,2
2024461466368,2024,461466368,1,9,0,-1,-1,7,3,-1,-1,0,0,0,0,0,1,1,-1,-1,2,24,5,1398,1,14,VAUXHALL CORSA,6,E01000459,0,3
2024430503141,2024,430503141,1,9,0,7,7,1,4,0,0,2,0,0,1,0,4,1,6,6,2,-1,-1,1364,1,9,VAUXHALL CORSA,-1,-1,0,-1
2024141533412,2024,141533412,3,9,0,-1,2,0,0,-1,0,0,0,0,0,0,4,1,-1,6,-1,-1,-1,1398,1,6,VAUXHALL CORSA,-1,-1,0,-1
2024440112208,2024,440112208,2,9,0,18,19,2,6,0,0,8,0,0,0,0,3,1,6,6,1,41,7,1229,1,18,VAUXHALL CORSA,1,E01017205,0,1
2024302401012,2024,302401012,2,9,0,5,5,4,8,0,0,8,0,0,0,0,4,1,6,6,2,61,9,1199,1,1,VAUXHALL CORSA,-1,-1,0,-1
2024361511516,2024,361511516,4,9,0,-1,2,0,0,-1,0,1,0,0,0,0,2,1,-1,6,-1,-1,-1,1364,1,15,VAUXHALL CORSA,-1,-1,0,-1
2024122401017,2024,122401017,2,9,0,10,10,8,5,0,0,6,0,0,0,0,4,1,6,6,2,52,8,-1,3,2,VAUXHALL CORSA,8,E01013053,0,3
2024991532455,2024,991532455,1,9,0,-1,19,2,6,-1,0,0,0,0,0,0,1,1,-1,2,1,40,7,1398,1,6,VAUXHALL CORSA,5,-1,0,3
2024010529223,2024,010529223,2,9,0,99,99,9,9,99,99,9,9,99,9,99,1,9,6,6,3,-1,-1,1229,1,9,VAUXHALL CORSA,-1,-1,0,-1
2024010546724,2024,010546724,2,9,0,18,19,3,7,0,0,8,0,0,8,1,1,1,2,2,1,19,4,1229,1,12,VAUXHALL CORSA,6,E01003701,0,1
2024231486671,2024,231486671,1,9,0,-1,19,7,3,-1,0,8,0,0,0,0,9,9,-1,6,1,17,4,1229,1,11,VAUXHALL CORSA,9,E01031220,0,2
2024041443828,2024,041443828,2,9,0,-1,19,5,1,-1,0,0,0,0,0,0,1,1,-1,9,1,64,9,998,1,11,VAUXHALL CORSA,1,E01024855,0,3
2024010506669,2024,010506669,2,9,0,18,19,3,7,0,0,1,0,0,0,0,0,1,6,6,2,30,6,1229,1,12,VAUXHALL CORSA,3,E01001547,0,2
2024411522729,2024,411522729,1,9,0,-1,5,2,8,-1,0,8,0,0,0,0,3,1,-1,6,1,76,11,1398,1,8,VAUXHALL CORSA,3,E01023866,0,1
2024010518478,2024,010518478,1,9,0,18,19,3,7,0,0,0,0,0,0,0,4,1,2,2,1,27,6,1398,1,9,VAUXHALL CORSA,2,E01033581,0,1
2024471436183,2024,471436183,1,9,0,-1,19,3,7,-1,0,1,0,0,0,0,1,1,-1,2,1,24,5,1229,1,16,VAUXHALL CORSA,9,E01031489,0,4
2024320624814,2024,320624814,1,9,0,-1,-1,5,1,0,0,0,1,0,0,0,1,1,1,1,1,37,7,1364,1,16,VAUXHALL CORSA,-1,-1,0,-1
2024421449857,2024,421449857,2,9,0,-1,8,5,5,-1,0,3,0,0,0,0,2,1,-1,6,2,47,8,1364,1,17,VAUXHALL CORSA,1,E01021271,0,1
2024991420757,2024,991420757,1,9,0,-1,19,3,7,-1,0,0,0,0,0,0,1,1,-1,2,1,38,7,-1,3,4,VAUXHALL CORSA,3,-1,0,1
2024231480247,2024,231480247,1,9,0,-1,19,5,1,-1,9,6,0,0,0,0,1,1,-1,9,2,44,7,1398,1,5,VAUXHALL CORSA,5,E01031263,0,1
2024991457306,2024,991457306,1,9,0,-1,9,5,2,-1,0,2,0,0,0,0,1,1,-1,1,2,47,8,1398,1,5,VAUXHALL CORSA,-1,-1,0,-1
2024622400708,2024,622400708,2,9,0,18,19,4,8,0,0,0,0,0,0,0,1,1,3,7,1,46,8,1398,1,10,VAUXHALL CORSA,9,W01001967,0,1
202460Q176840,2024,60Q176840,2,9,0,18,19,3,7,0,0,0,1,0,4,0,2,1,6,6,2,19,4,1398,1,14,VAUXHALL CORSA,-1,-1,0,-1
2024010540226,2024,010540226,1,9,0,18,19,3,7,0,0,6,0,0,0,0,4,1,6,6,1,22,5,1398,1,8,VAUXHALL CORSA,-1,-1,0,-1
2024010503336,2024,010503336,1,9,0,9,9,2,7,0,0,8,0,0,0,0,1,1,6,6,2,28,6,1398,1,5,VAUXHALL CORSA,2,E01032512,0,1
2024401512207,2024,401512207,2,9,0,-1,-1,-1,-1,-1,-1,0,-1,-1,-1,0,2,1,-1,9,2,60,9,1199,1,4,VAUXHALL CORSA,10,E01017553,0,1
2024440201227,2024,440201227,3,9,0,18,19,4,8,0,0,0,0,0,0,0,2,1,6,6,1,74,10,1199,1,1,VAUXHALL CORSA,4,E01018926,0,5
2024361445610,2024,361445610,1,9,0,-1,1,1,5,-1,0,1,0,0,0,0,2,1,-1,2,2,58,9,1398,1,5,VAUXHALL CORSA,1,E01026833,0,1
2024201441123,2024,201441123,3,9,0,-1,10,3,5,-1,0,1,0,0,0,0,2,9,-1,9,2,21,5,998,1,11,VAUXHALL CORSA,2,E01010452,0,1
2024991426776,2024,991426776,3,9,0,-1,3,6,4,-1,0,1,0,0,0,0,1,1,-1,6,1,23,5,998,1,14,VAUXHALL CORSA,8,-1,0,1
2024411486430,2024,411486430,2,9,-1,-1,-1,-1,-1,-1,-1,0,-1,-1,-1,0,-1,9,-1,9,1,42,7,1199,1,3,VAUXHALL CORSA,7,E01023382,0,1
2024411536134,2024,411536134,2,9,0,-1,19,7,5,-1,0,2,0,0,0,0,1,1,-1,6,1,39,7,1229,1,9,VAUXHALL CORSA,9,E01018034,0,4
2024052401093,2024,052401093,1,9,0,9,9,7,5,0,0,1,0,0,0,0,4,1,6,6,1,18,4,1229,1,13,VAUXHALL CORSA,6,E01024961,0,4
2024522403440,2024,522403440,2,9,0,16,19,2,5,0,0,0,0,0,0,0,1,1,6,6,1,19,4,1229,1,18,VAUXHALL CORSA,8,E01014863,0,1
2024302400727,2024,302400727,2,9,0,18,19,5,1,0,0,8,0,0,0,0,3,1,6,6,1,21,5,1229,1,16,VAUXHALL CORSA,1,E01019561,0,2
2024320755564,2024,320755564,2,9,0,-1,-1,6,2,0,0,1,0,0,0,0,3,1,6,6,2,21,5,-1,-1,-1,VAUXHALL CORSA,9,E01026293,0,3
2024361491672,2024,361491672,2,9,0,-1,19,5,1,-1,0,8,0,0,0,0,4,1,-1,9,2,19,4,1398,1,8,VAUXHALL CORSA,5,E01033042,0,1
2024010534220,2024,010534220,2,9,0,9,9,8,2,99,99,9,9,99,9,99,9,9,6,6,2,32,6,1199,1,3,VAUXHALL CORSA,5,E01004612,0,1
2024351538841,2024,351538841,1,9,0,-1,3,1,6,-1,0,0,0,0,0,0,2,1,-1,2,1,19,4,1229,1,10,VAUXHALL CORSA,2,E01018075,0,3
2024221401723,2024,221401723,1,9,0,-1,19,8,3,-1,0,0,2,10,0,0,1,9,-1,2,1,26,6,1229,1,14,VAUXHALL CORSA,7,E01028889,0,1
2024401541254,2024,401541254,1,9,0,-1,19,8,2,-1,0,1,1,0,0,0,1,1,-1,6,1,21,5,1398,1,14,VAUXHALL CORSA,2,E01015749,0,2
2024440060357,2024,440060357,1,9,0,18,19,6,2,0,0,0,0,0,1,4,4,1,6,6,1,36,7,1199,1,3,VAUXHALL CORSA,4,E01023251,0,3
2024231457075,2024,231457075,1,9,0,-1,19,8,4,-1,0,0,0,0,0,0,1,9,-1,6,1,24,5,1229,1,16,VAUXHALL CORSA,2,E01009239,0,3
202460Q062138,2024,60Q062138,1,9,0,5,5,5,1,0,0,1,0,0,0,0,1,1,6,6,1,25,5,1598,1,12,VAUXHALL CORSA,-1,-1,0,-1
2024161520471,2024,161520471,1,9,0,-1,4,1,5,-1,0,2,0,0,0,0,1,1,-1,6,2,-1,-1,1229,1,17,VAUXHALL CORSA,-1,-1,0,-1
2024231521181,2024,231521181,1,9,0,-1,8,3,5,-1,9,6,0,0,0,0,3,1,-1,9,2,18,4,1364,1,17,VAUXHALL CORSA,10,E01031110,0,1
2024622500010,2024,622500010,1,9,0,18,19,4,8,0,0,8,0,0,0,0,1,1,6,6,1,19,4,1229,1,14,VAUXHALL CORSA,3,W01001767,0,1
2024302401062,2024,302401062,1,9,0,17,19,8,4,0,0,8,0,0,0,0,1,1,1,1,2,-1,-1,1248,2,11,VAUXHALL CORSA,5,E01019456,0,3
2024991487329,2024,991487329,1,9,0,-1,9,7,4,-1,0,8,0,0,0,0,4,1,-1,2,1,61,9,1398,1,7,VAUXHALL CORSA,1,-1,0,1
2024332400216,2024,332400216,2,9,0,-1,19,5,1,-1,0,8,0,0,0,0,1,1,-1,6,2,18,4,1229,1,17,VAUXHALL CORSA,8,E01025622,0,1
2024131520377,2024,131520377,2,9,0,-1,19,3,7,-1,0,0,1,0,0,0,3,1,-1,2,1,42,7,1398,1,6,VAUXHALL CORSA,8,E01027566,0,1
2024052401623,2024,052401623,1,9,0,18,19,5,1,0,0,0,0,0,0,0,1,1,6,6,2,88,11,1398,1,6,VAUXHALL CORSA,6,E01007164,0,1
2024311523718,2024,311523718,2,9,0,-1,2,2,6,-1,0,0,0,0,0,0,2,1,-1,2,1,20,4,998,1,19,VAUXHALL CORSA,2,E01028027,0,1
2024131401789,2024,131401789,2,9,0,-1,5,7,4,-1,0,0,0,0,0,0,4,1,-1,9,2,63,9,1248,2,11,VAUXHALL CORSA,7,E01013412,0,4
2024991469832,2024,991469832,1,9,0,-1,5,6,1,-1,0,4,0,0,0,0,1,1,-1,6,1,26,6,1398,1,8,VAUXHALL CORSA,4,-1,0,1
2024991460893,2024,991460893,3,9,0,-1,19,1,5,-1,0,0,0,0,0,0,3,1,-1,6,1,31,6,1199,1,3,VAUXHALL CORSA,1,-1,0,2
2024221475956,2024,221475956,1,9,0,-1,19,4,8,-1,0,0,0,0,0,0,4,1,-1,9,2,18,4,1229,1,8,VAUXHALL CORSA,8,E01032463,0,1
2024041431041,2024,041431041,1,9,0,-1,6,1,5,-1,0,1,0,0,0,0,1,9,-1,6,3,-1,-1,1229,1,17,VAUXHALL CORSA,-1,-1,0,-1
2024010547812,2024,010547812,2,9,0,9,9,5,3,0,0,8,0,0,0,0,1,1,6,6,2,24,5,1199,1,1,VAUXHALL CORSA,1,E01001442,0,1
2024351537229,2024,351537229,1,9,0,-1,19,1,3,-1,0,7,0,0,0,0,1,1,-1,6,1,20,4,1229,1,9,VAUXHALL CORSA,6,E01015620,0,1
2024101512492,2024,101512492,1,9,0,-1,19,4,8,-1,0,0,0,0,0,0,1,9,-1,2,2,25,5,1229,1,10,VAUXHALL CORSA,3,E01008751,0,3
2024101516946,2024,101516946,1,9,0,-1,19,1,5,-1,0,0,0,0,0,0,1,1,-1,6,2,21,5,1248,2,14,VAUXHALL CORSA,-1,-1,0,-1
2024201405550,2024,201405550,1,9,0,-1,19,5,1,-1,0,0,0,10,1,0,2,1,-1,6,1,19,4,1229,1,18,VAUXHALL CORSA,4,E01009766,0,1
2024320501868,2024,320501868,3,9,0,4,4,2,6,0,0,0,0,0,0,0,2,1,-1,-1,1,19,4,1229,1,15,VAUXHALL CORSA,10,E01032993,0,1
2024430202097,2024,430202097,2,9,0,16,19,8,3,0,0,0,0,0,0,0,1,1,6,6,1,32,6,1364,1,16,VAUXHALL CORSA,8,E01034446,0,2
2024552400542,2024,552400542,1,9,0,18,19,4,8,0,0,0,0,0,0,0,1,1,6,6,1,27,6,1248,2,15,VAUXHALL CORSA,9,E01020558,0,1
2024401490986,2024,401490986,1,9,0,-1,19,3,7,-1,0,0,2,0,1,0,4,1,-1,6,2,20,4,1229,1,10,VAUXHALL CORSA,4,E01017521,0,2
2024201489358,2024,201489358,1,9,0,-1,19,2,6,-1,0,0,0,0,0,0,1,1,-1,6,1,60,9,1229,1,18,VAUXHALL CORSA,-1,-1,0,-1
2024161521257,2024,161521257,2,9,0,-1,10,1,5,-1,0,8,0,0,0,0,2,1,-1,9,1,44,7,1389,1,21,VAUXHALL CORSA,1,E01013311,0,2
2024461534229,2024,461534229,2,9,0,-1,19,5,1,-1,0,2,0,0,0,0,3,1,-1,9,1,29,6,1229,1,14,VAUXHALL CORSA,7,E01024355,0,3
2024131400425,2024,131400425,2,9,0,-1,5,7,3,-1,0,0,0,0,0,0,2,1,-1,1,2,24,5,1229,1,13,VAUXHALL CORSA,6,E01011505,0,1
2024320485826,2024,320485826,1,9,0,9,9,6,4,0,0,6,0,0,0,0,3,1,-1,-1,2,29,6,1229,1,12,VAUXHALL CORSA,2,E01026381,0,1
2024161476359,2024,161476359,3,9,0,-1,19,7,3,-1,0,0,0,0,0,0,1,1,-1,2,2,60,9,1398,1,7,VAUXHALL CORSA,8,E01013073,0,2
2024451483004,2024,451483004,1,9,0,-1,19,7,3,-1,0,0,2,0,7,0,1,1,-1,2,1,22,5,1229,1,12,VAUXHALL CORSA,6,E01030458,0,2
2024211535597,2024,211535597,1,9,0,-1,2,0,0,-1,0,4,0,0,0,0,4,1,-1,2,1,67,10,1229,1,17,VAUXHALL CORSA,9,E01029546,0,2
2024141423796,2024,141423796,1,9,0,-1,19,5,1,-1,0,0,0,0,0,0,3,1,-1,6,2,30,6,1199,1,2,VAUXHALL CORSA,9,E01030661,0,5
2024501442420,2024,501442420,1,9,0,-1,9,4,2,-1,0,8,1,0,0,0,1,1,-1,7,2,22,5,1199,1,0,VAUXHALL CORSA,3,E01015041,0,1
2024061474492,2024,061474492,2,9,0,-1,2,0,0,-1,0,0,0,0,0,0,4,1,-1,6,-1,-1,-1,-1,3,0,VAUXHALL CORSA,-1,-1,0,-1
2024991554098,2024,991554098,1,9,0,-1,19,7,3,-1,9,0,0,11,0,0,1,1,-1,6,2,19,4,1229,1,10,VAUXHALL CORSA,1,-1,0,4
2024440453988,2024,440453988,1,9,0,18,19,1,5,0,0,4,0,0,0,0,1,1,6,6,2,18,4,998,1,10,VAUXHALL CORSA,10,E01022892,0,1
2024201466408,2024,201466408,1,9,0,-1,19,4,8,-1,0,0,0,0,0,0,1,1,-1,9,2,86,11,1398,1,13,VAUXHALL CORSA,3,E01010323,0,1
2024070827030,2024,070827030,1,9,0,-1,7,5,1,-1,0,0,0,0,0,0,1,1,-1,2,1,19,4,1229,1,12,VAUXHALL CORSA,5,E01018460,0,2
2024351526674,2024,351526674,1,9,0,-1,19,4,8,-1,0,0,0,0,0,0,3,1,-1,6,1,51,8,1199,1,2,VAUXHALL CORSA,9,E01032611,0,1
2024541797224,2024,541797224,3,9,0,3,3,4,8,0,0,3,0,0,0,0,2,1,6,6,2,31,6,1199,1,2,VAUXHALL CORSA,5,E01015532,0,1
2024361423106,2024,361423106,2,9,0,-1,19,1,5,-1,0,0,0,0,1,0,3,9,-1,6,1,67,10,1364,1,17,VAUXHALL CORSA,1,E01033131,0,4
2024361479249,2024,361479249,3,9,0,-1,2,2,6,-1,0,0,0,0,0,0,2,1,-1,6,2,60,9,1248,2,16,VAUXHALL CORSA,7,E01026893,0,1
2024122500077,2024,122500077,3,9,0,4,4,1,5,0,0,0,0,0,0,0,2,1,6,6,1,40,7,1229,1,15,VAUXHALL CORSA,7,E01027877,0,3
2024311452211,2024,311452211,2,9,0,-1,19,5,1,-1,0,1,0,0,0,0,1,1,-1,6,2,19,4,1229,1,15,VAUXHALL CORSA,-1,-1,0,-1
2024991430195,2024,991430195,1,9,0,-1,5,3,7,-1,0,1,0,0,0,0,4,9,-1,6,1,48,8,1248,2,8,VAUXHALL CORSA,4,-1,0,1
2024070192840,2024,070192840,3,9,0,4,4,7,3,0,0,0,0,0,0,0,0,1,1,1,1,33,6,1199,1,2,VAUXHALL CORSA,10,E01018392,0,4
2024131483263,2024,131483263,2,9,0,-1,19,3,7,-1,0,0,1,11,1,5,1,1,-1,6,-1,-1,-1,1229,1,16,VAUXHALL CORSA,-1,-1,0,-1
2024401454279,2024,401454279,2,9,0,-1,3,6,2,-1,0,0,0,0,0,0,2,9,-1,2,1,24,5,1229,1,16,VAUXHALL CORSA,1,E01017466,0,1
2024361444141,2024,361444141,1,9,0,-1,12,7,7,-1,0,0,2,0,1,0,4,1,-1,9,2,22,5,1229,1,12,VAUXHALL CORSA,10,E01026574,0,4
2024471422230,2024,471422230,1,9,0,-1,19,3,7,-1,0,0,1,0,1,4,2,1,-1,9,1,18,4,1229,1,13,VAUXHALL CORSA,6,E01031796,0,2
2024010544454,2024,010544454,1,9,0,14,14,5,1,3,2,8,0,0,0,0,1,1,6,6,2,28,6,1398,1,9,VAUXHALL CORSA,3,E01033945,0,1
2024010500565,2024,010500565,1,9,0,12,12,5,1,2,2,1,0,0,0,0,3,1,6,6,2,39,7,1398,1,9,VAUXHALL CORSA,4,E01003119,0,3
2024131427529,2024,131427529,2,9,0,-1,7,7,3,-1,0,0,0,0,0,0,4,1,-1,6,2,34,6,999,1,8,VAUXHALL CORSA,1,E01010925,0,2
2024061495793,2024,061495793,1,9,0,-1,9,7,5,-1,0,0,0,0,0,0,1,1,-1,9,1,47,8,1398,1,5,VAUXHALL CORSA,2,E01004938,0,2
2024101525667,2024,101525667,1,9,0,-1,7,3,5,-1,0,2,0,0,0,0,1,1,-1,6,2,46,8,1199,1,3,VAUXHALL CORSA,-1,-1,0,-1
2024161507654,2024,161507654,1,9,0,-1,19,2,6,-1,0,0,0,0,0,0,2,1,-1,6,1,20,4,1229,1,14,VAUXHALL CORSA,3,E01012839,0,1
2024161418164,2024,161418164,2,9,0,-1,19,3,7,-1,0,4,0,0,0,0,1,1,-1,6,2,60,9,1229,1,19,VAUXHALL CORSA,8,E01012955,0,1