collision_index,collision_year,collision_ref_no,vehicle_reference,vehicle_type,towing_and_articulation,vehicle_manoeuvre_historic,vehicle_manoeuvre,vehicle_direction_from,vehicle_direction_to,vehicle_location_restricted_lane_historic,vehicle_location_restricted_lane,junction_location,skidding_and_overturning,hit_object_in_carriageway,vehicle_leaving_carriageway,hit_object_off_carriageway,first_point_of_impact,vehicle_left_hand_drive,journey_purpose_of_driver_historic,journey_purpose_of_driver,sex_of_driver,age_of_driver,age_band_of_driver,engine_capacity_cc,propulsion_code,age_of_vehicle,generic_make_model,driver_imd_decile,lsoa_of_driver,escooter_flag,driver_distance_banding
2024070125710,2024,070125710,1,9,0,18,19,1,5,0,0,0,0,0,0,0,1,1,6,6,1,18,4,1598,1,7,VAUXHALL CORSA,-1,-1,0,-1
2024520401768,2024,520401768,1,9,0,18,19,7,3,0,0,1,0,0,0,0,1,1,6,6,2,64,9,1364,1,17,VAUXHALL CORSA,5,E01029301,0,1
2024451505195,2024,451505195,3,9,0,-1,19,1,5,-1,0,1,0,0,0,0,1,1,-1,9,1,34,6,1398,1,9,VAUXHALL CORSA,7,E01030851,0,1
2024010535887,2024,010535887,2,9,0,9,9,6,3,0,0,2,0,0,0,0,1,1,6,6,2,84,11,1398,1,8,VAUXHALL CORSA,7,E01002360,0,1
2024201496881,2024,201496881,2,9,0,-1,15,1,5,-1,0,0,0,0,0,0,1,1,-1,9,2,71,10,1398,1,9,VAUXHALL CORSA,-1,-1,0,-1
2024501495050,2024,501495050,1,9,0,-1,7,6,2,-1,0,5,0,0,7,2,1,1,-1,9,2,18,4,1229,1,14,VAUXHALL CORSA,8,E01020261,0,3
2024131533057,2024,131533057,1,9,0,-1,19,1,1,-1,0,0,0,0,0,0,1,1,-1,9,1,29,6,1229,1,18,VAUXHALL CORSA,6,E01010911,0,3
2024201533169,2024,201533169,1,9,0,-1,9,8,3,-1,0,1,0,0,0,0,1,1,-1,6,2,38,7,1398,1,9,VAUXHALL CORSA,3,E01010458,0,1
2024131400682,2024,131400682,1,9,0,-1,19,5,1,-1,0,0,0,0,0,0,1,1,-1,9,2,23,5,1398,1,6,VAUXHALL CORSA,7,E01015745,0,5
2024461473152,2024,461473152,4,9,0,-1,3,6,2,-1,0,0,0,0,0,0,2,1,-1,9,1,19,4,1229,1,19,VAUXHALL CORSA,10,E01024748,0,4
2024451499577,2024,451499577,2,9,0,-1,4,1,5,-1,0,0,0,0,0,0,2,1,-1,6,1,44,7,1229,1,18,VAUXHALL CORSA,4,E01031569,0,3
2024201425815,2024,201425815,1,9,0,-1,19,2,4,-1,0,1,0,0,0,0,1,1,-1,6,1,59,9,1398,1,10,VAUXHALL CORSA,-1,-1,0,-1
2024302400651,2024,302400651,1,9,0,9,9,4,6,0,0,1,0,0,0,0,1,1,6,6,1,22,5,1398,1,5,VAUXHALL CORSA,2,E01013453,0,1
2024201470559,2024,201470559,1,9,0,-1,4,2,5,-1,0,1,0,0,1,0,1,1,-1,6,1,22,5,1229,1,16,VAUXHALL CORSA,2,E01009481,0,1
2024461442455,2024,461442455,2,9,0,-1,19,1,3,-1,0,1,0,0,0,0,1,9,-1,6,1,18,4,1248,2,12,VAUXHALL CORSA,1,E01024612,0,1
2024411504895,2024,411504895,1,9,0,-1,19,1,1,-1,0,0,1,0,1,0,1,1,-1,2,1,30,6,1398,1,6,VAUXHALL CORSA,8,E01023541,0,2
2024471416027,2024,471416027,14,9,0,-1,19,7,3,-1,0,0,1,0,0,0,2,1,-1,6,2,59,9,1398,1,7,VAUXHALL CORSA,3,E01023951,0,4
2024471479705,2024,471479705,1,9,0,-1,9,7,5,-1,0,6,0,0,0,0,3,1,-1,2,2,51,8,1229,1,16,VAUXHALL CORSA,7,E01021033,0,1
2024411539420,2024,411539420,2,9,0,-1,3,3,7,-1,0,0,0,0,0,0,2,1,-1,9,2,33,6,1398,1,8,VAUXHALL CORSA,5,E01023400,0,1
2024340WN6702,2024,340WN6702,2,9,0,-1,3,7,3,-1,0,0,0,0,0,0,2,1,-1,9,2,20,4,1398,1,10,VAUXHALL CORSA,7,E01027010,0,1
2024010527616,2024,010527616,2,9,0,18,19,7,3,0,0,1,0,0,0,0,1,1,6,6,1,33,6,1398,1,7,VAUXHALL CORSA,5,E01003156,0,1
2024411457489,2024,411457489,2,9,-1,-1,4,-1,-1,-1,0,3,0,0,0,0,2,9,-1,9,1,24,5,1229,1,16,VAUXHALL CORSA,7,E01023771,0,1
2024421518425,2024,421518425,1,9,0,-1,19,7,3,-1,0,0,0,4,0,0,1,1,-1,9,1,56,9,1229,1,19,VAUXHALL CORSA,2,E01015897,0,1
2024161511354,2024,161511354,2,9,0,-1,19,3,7,-1,0,8,0,0,0,0,4,9,-1,6,2,19,4,1229,1,16,VAUXHALL CORSA,1,E01012892,0,1
2024201500891,2024,201500891,1,9,0,-1,1,2,6,-1,0,2,0,0,0,0,2,1,-1,6,2,41,7,1248,2,14,VAUXHALL CORSA,1,E01009073,0,1
2024061522948,2024,061522948,1,9,0,-1,3,-1,-1,-1,0,8,0,0,0,0,2,1,-1,2,2,34,6,1248,2,11,VAUXHALL CORSA,5,E01005750,0,1
2024991523386,2024,991523386,1,9,0,-1,5,1,6,-1,0,0,0,0,0,0,3,1,-1,9,1,26,6,1398,1,6,VAUXHALL CORSA,5,-1,0,1
2024461426899,2024,461426899,1,9,0,-1,19,8,2,-1,0,1,0,0,0,0,1,1,-1,9,2,22,5,1398,1,6,VAUXHALL CORSA,7,E01016119,0,1
2024131483610,2024,131483610,1,9,0,-1,9,1,2,-1,0,2,0,0,0,0,1,1,-1,9,1,18,4,1364,1,15,VAUXHALL CORSA,4,E01011287,0,1
2024231521931,2024,231521931,2,9,0,-1,19,5,1,-1,0,0,0,0,0,0,9,9,-1,6,1,89,11,1398,1,8,VAUXHALL CORSA,8,E01031323,0,1
2024201425858,2024,201425858,1,9,0,-1,19,8,4,-1,0,2,0,0,0,0,1,9,-1,6,3,-1,-1,1398,1,8,VAUXHALL CORSA,-1,-1,0,-1
202417S206024,2024,17S206024,2,9,0,-1,19,4,1,-1,0,0,0,0,0,0,1,1,-1,9,1,17,4,1199,1,1,VAUXHALL CORSA,9,E01020786,0,4
2024991413491,2024,991413491,1,9,0,-1,19,3,7,-1,0,0,0,0,0,0,1,1,-1,9,1,19,4,999,1,7,VAUXHALL CORSA,6,-1,0,3
2024101499306,2024,101499306,1,9,0,-1,5,2,2,-1,9,8,0,0,0,0,1,1,-1,1,2,31,6,1229,1,11,VAUXHALL CORSA,1,E01008165,0,2
2024201482434,2024,201482434,1,9,0,-1,19,4,8,-1,0,8,0,0,0,0,1,1,-1,9,1,44,7,1398,1,14,VAUXHALL CORSA,1,E01009476,0,1
2024061403481,2024,061403481,3,9,0,-1,2,0,0,-1,9,0,0,4,0,0,1,1,-1,6,-1,-1,-1,1398,1,8,VAUXHALL CORSA,-1,-1,0,-1
2024161423707,2024,161423707,2,9,0,-1,7,7,3,-1,0,1,0,0,0,0,1,1,-1,6,1,19,4,1598,1,15,VAUXHALL CORSA,7,E01013041,0,3
2024211544143,2024,211544143,1,9,0,-1,19,1,5,-1,0,1,0,0,0,0,3,1,-1,6,1,23,5,1229,1,16,VAUXHALL CORSA,-1,-1,0,-1
2024991503242,2024,991503242,1,9,0,-1,19,5,1,-1,0,0,5,4,0,0,1,1,-1,6,1,22,5,1199,1,4,VAUXHALL CORSA,3,-1,0,1
2024122500436,2024,122500436,2,9,0,18,19,3,7,0,0,0,1,0,0,0,1,1,6,6,1,18,4,998,1,18,VAUXHALL CORSA,9,E01027900,0,2
2024361458604,2024,361458604,1,9,0,-1,19,8,4,-1,0,0,0,0,1,0,1,1,-1,6,1,65,9,1398,1,14,VAUXHALL CORSA,10,E01026812,0,3
2024201498760,2024,201498760,1,9,0,-1,9,4,3,-1,0,1,0,0,0,0,1,9,-1,6,1,-1,-1,1398,1,8,VAUXHALL CORSA,-1,-1,0,-1
2024010504131,2024,010504131,1,9,0,99,99,9,9,99,99,9,9,99,9,99,1,9,2,2,1,19,4,1229,1,12,VAUXHALL CORSA,9,E01000358,0,3
2024131411119,2024,131411119,1,9,0,-1,9,1,3,-1,0,0,0,0,1,11,1,1,-1,2,2,23,5,1398,1,11,VAUXHALL CORSA,4,E01011705,0,1
2024070351978,2024,070351978,1,9,0,18,19,2,6,0,0,0,0,0,0,0,1,1,6,6,2,84,11,1199,1,2,VAUXHALL CORSA,-1,-1,0,-1
2024052402400,2024,052402400,1,9,0,9,9,8,6,0,0,6,0,0,0,0,3,1,6,6,1,37,7,1229,1,12,VAUXHALL CORSA,7,E01006579,0,1
2024411430812,2024,411430812,2,9,0,-1,9,7,5,-1,0,4,0,0,0,0,4,1,-1,7,2,23,5,1398,1,5,VAUXHALL CORSA,10,E01023664,0,1
2024451472049,2024,451472049,3,9,0,-1,19,4,8,-1,0,0,1,0,1,0,1,1,-1,2,2,36,7,1398,1,10,VAUXHALL CORSA,9,E01031001,0,2
2024631408278,2024,631408278,1,9,0,-1,19,5,2,-1,0,0,5,0,2,10,4,1,-1,9,2,18,4,1229,1,15,VAUXHALL CORSA,5,W01000509,0,4
2024131436761,2024,131436761,1,9,0,-1,19,6,2,-1,0,0,2,0,1,4,4,1,-1,6,1,21,5,1398,1,11,VAUXHALL CORSA,1,E01010721,0,1
2024122400185,2024,122400185,2,9,0,18,19,7,3,0,0,2,0,7,1,6,4,1,6,6,2,20,4,1248,2,13,VAUXHALL CORSA,5,E01034970,0,1
2024451401265,2024,451401265,2,9,0,-1,19,5,1,-1,0,8,0,0,0,0,1,1,-1,9,1,66,10,1364,1,15,VAUXHALL CORSA,6,E01030833,0,3
2024361514000,2024,361514000,2,9,0,-1,19,8,7,-1,0,2,0,0,0,0,1,1,-1,6,2,28,6,1364,1,17,VAUXHALL CORSA,5,E01026419,0,2
2024461481166,2024,461481166,1,9,0,-1,19,5,5,-1,0,6,0,0,7,0,1,2,-1,2,1,19,4,1248,2,17,VAUXHALL CORSA,4,E01016116,0,1
2024340NN2982,2024,340NN2982,2,9,0,-1,7,5,7,-1,0,4,0,0,0,0,3,1,-1,9,1,25,5,1199,1,3,VAUXHALL CORSA,10,E01017462,0,3
2024141401146,2024,141401146,1,9,0,-1,9,1,7,-1,0,8,0,0,0,0,4,1,-1,7,2,37,7,1398,1,5,VAUXHALL CORSA,2,E01007465,0,1
2024061434332,2024,061434332,2,9,0,-1,19,3,7,-1,0,1,0,0,0,0,1,1,-1,6,2,26,6,1229,1,10,VAUXHALL CORSA,1,E01005610,0,1
2024430217293,2024,430217293,2,9,0,9,9,7,5,0,0,8,0,0,0,0,3,1,6,6,2,34,6,1398,1,13,VAUXHALL CORSA,9,E01034457,0,2
2024031430062,2024,031430062,2,9,0,-1,2,3,4,-1,0,1,0,0,0,0,1,1,-1,6,2,34,6,1398,1,9,VAUXHALL CORSA,-1,-1,0,-1
2024010520752,2024,010520752,2,9,0,99,99,9,9,99,99,9,9,99,9,99,9,9,6,6,3,-1,-1,1364,1,15,VAUXHALL CORSA,-1,-1,0,-1
2024471456401,2024,471456401,1,9,0,-1,5,7,1,-1,0,6,0,0,0,0,2,1,-1,9,2,22,5,1398,1,12,VAUXHALL CORSA,1,E01020929,0,2
2024061462849,2024,061462849,1,9,0,-1,9,5,3,-1,0,1,0,0,0,0,1,1,-1,1,1,52,8,1248,2,16,VAUXHALL CORSA,4,E01019730,0,2
2024471438010,2024,471438010,1,9,0,-1,3,2,4,-1,0,0,0,0,0,0,2,1,-1,2,1,63,9,998,1,15,VAUXHALL CORSA,5,E01031577,0,1
2024461468646,2024,461468646,2,9,0,-1,19,7,3,-1,0,0,0,0,0,0,2,9,-1,2,1,34,6,-1,3,1,VAUXHALL CORSA,5,E01024202,0,1
2024010547605,2024,010547605,2,9,0,99,99,9,9,99,99,9,9,99,9,99,9,9,6,6,2,21,5,1229,1,13,VAUXHALL CORSA,2,E01000065,0,1
2024471499742,2024,471499742,1,9,0,-1,19,5,1,-1,0,0,1,0,8,4,1,1,-1,6,2,19,4,1229,1,12,VAUXHALL CORSA,8,E01031624,0,2
2024421502890,2024,421502890,1,9,0,-1,19,7,3,-1,0,0,1,0,0,0,0,1,-1,6,1,20,4,1229,1,11,VAUXHALL CORSA,6,E01030099,0,4
2024010547716,2024,010547716,1,9,0,99,99,9,9,99,99,9,9,99,9,99,2,9,6,6,2,23,5,1398,1,11,VAUXHALL CORSA,3,E01001492,0,1
2024440557794,2024,440557794,1,9,0,7,7,8,1,0,0,5,0,0,7,4,1,1,6,6,2,62,9,1398,1,10,VAUXHALL CORSA,6,E01023751,0,5
2024401465360,2024,401465360,3,9,0,-1,4,2,6,-1,0,0,0,0,0,0,2,1,-1,6,2,32,6,1199,1,2,VAUXHALL CORSA,1,E01015789,0,1
2024101396507,2024,101396507,1,9,0,-1,19,8,4,-1,0,0,0,0,1,0,1,1,-1,6,1,19,4,1229,1,16,VAUXHALL CORSA,5,E01027394,0,4
2024991424172,2024,991424172,1,9,0,-1,15,3,7,-1,0,0,1,0,7,0,1,1,-1,6,2,30,6,1229,1,14,VAUXHALL CORSA,2,-1,0,4
2024041454265,2024,041454265,1,9,0,-1,19,7,3,-1,0,1,0,0,3,11,4,1,-1,2,2,55,8,1248,2,17,VAUXHALL CORSA,3,E01025452,0,1
2024201470355,2024,201470355,1,9,0,-1,7,5,7,-1,0,3,0,0,0,0,3,1,-1,6,1,22,5,1229,1,10,VAUXHALL CORSA,1,E01009758,0,1
2024440190046,2024,440190046,1,9,0,3,3,8,4,0,0,1,0,0,0,0,2,1,6,6,2,38,7,1398,1,12,VAUXHALL CORSA,7,E01022566,0,1
2024991404526,2024,991404526,1,9,0,-1,19,2,6,-1,0,0,0,10,0,0,1,1,-1,9,1,76,11,1398,1,5,VAUXHALL CORSA,4,-1,0,2
2024010513695,2024,010513695,1,9,0,18,19,1,5,0,0,1,0,0,0,0,1,1,6,6,2,80,11,1199,1,4,VAUXHALL CORSA,9,E01002225,0,3
2024122401296,2024,122401296,1,9,0,1,1,5,2,0,0,6,0,0,0,0,2,1,6,6,2,53,8,1199,1,1,VAUXHALL CORSA,8,E01027635,0,1
2024061474040,2024,061474040,2,9,0,-1,4,2,6,-1,0,1,0,0,0,0,2,1,-1,2,2,63,9,1364,1,16,VAUXHALL CORSA,1,E01005098,0,1
2024101439508,2024,101439508,1,9,0,-1,19,8,5,-1,0,0,2,0,0,0,1,1,-1,9,1,21,5,1229,1,17,VAUXHALL CORSA,6,E01027479,0,1
2024141395475,2024,141395475,1,9,0,-1,19,7,3,-1,0,0,0,0,0,0,4,1,-1,9,2,36,7,1199,1,20,VAUXHALL CORSA,1,E01011906,0,4
2024221405023,2024,221405023,1,9,0,-1,19,4,8,-1,0,0,0,0,7,4,1,1,-1,9,1,27,6,1229,1,10,VAUXHALL CORSA,6,E01014088,0,3
2024991408404,2024,991408404,1,9,0,-1,19,4,8,-1,0,0,5,10,1,10,1,1,-1,6,2,40,7,1229,1,10,VAUXHALL CORSA,-1,-1,0,-1
2024421533681,2024,421533681,2,9,0,-1,19,-1,-1,-1,0,3,9,99,1,0,4,1,-1,6,2,18,4,1199,1,4,VAUXHALL CORSA,7,E01015969,0,1
2024401488000,2024,401488000,1,9,0,-1,5,3,7,-1,0,4,0,0,0,0,1,1,-1,1,2,62,9,1398,1,8,VAUXHALL CORSA,9,E01017463,0,1
2024461448654,2024,461448654,1,9,0,-1,4,2,3,-1,0,0,0,0,0,0,1,1,-1,9,1,30,6,1229,1,16,VAUXHALL CORSA,4,E01016141,0,1
2024440132499,2024,440132499,2,9,0,17,19,8,5,0,0,1,0,0,0,0,1,1,1,1,1,18,4,1398,1,13,VAUXHALL CORSA,10,E01022750,0,3
2024061419620,2024,061419620,3,9,0,-1,2,0,0,-1,0,0,0,0,0,0,1,1,-1,6,-1,-1,-1,1229,1,18,VAUXHALL CORSA,-1,-1,0,-1
2024361520148,2024,361520148,2,9,0,-1,19,7,3,-1,0,0,0,0,7,0,1,1,-1,6,2,25,5,1229,1,18,VAUXHALL CORSA,9,E01023509,0,4
2024371487170,2024,371487170,2,9,0,-1,19,4,1,-1,0,8,0,0,7,0,4,1,-1,9,1,81,11,1199,1,2,VAUXHALL CORSA,4,E01030208,0,4
2024440200370,2024,440200370,3,9,0,2,2,0,0,0,0,0,0,0,0,0,2,1,6,6,2,22,5,1229,1,11,VAUXHALL CORSA,-1,-1,0,-1
2024631433569,2024,631433569,1,9,0,-1,19,8,4,-1,0,0,0,0,0,0,1,1,-1,9,2,72,10,1199,1,4,VAUXHALL CORSA,7,W01000619,0,1
2024501515424,2024,501515424,1,9,0,-1,19,3,7,-1,0,8,0,0,0,0,1,1,-1,9,1,17,4,1398,1,8,VAUXHALL CORSA,3,E01019001,0,3
2024501436192,2024,501436192,1,9,0,-1,5,7,3,-1,0,6,0,0,0,0,1,1,-1,1,2,58,9,1248,2,13,VAUXHALL CORSA,2,E01020277,0,4
2024421412863,2024,421412863,2,9,0,-1,19,1,5,-1,0,0,0,0,0,0,2,9,-1,6,1,18,4,1229,1,9,VAUXHALL CORSA,9,E01021335,0,1
2024991493672,2024,991493672,3,9,0,-1,4,7,2,-1,0,8,0,0,0,0,1,1,-1,9,2,25,5,1248,2,11,VAUXHALL CORSA,3,-1,0,4
2024070397776,2024,070397776,1,9,0,5,5,3,7,0,0,0,0,0,0,0,3,1,6,6,2,-1,-1,1398,1,6,VAUXHALL CORSA,9,W01000300,0,4
2024461527528,2024,461527528,1,9,0,-1,19,8,4,-1,0,0,2,0,1,10,4,1,-1,6,1,39,7,1199,1,2,VAUXHALL CORSA,2,E01024685,0,1
2024311490704,2024,311490704,2,9,0,-1,19,5,1,-1,0,1,0,0,0,0,1,1,-1,6,2,82,11,1229,1,19,VAUXHALL CORSA,-1,-1,0,-1
2024531526224,2024,531526224,2,9,0,-1,2,0,0,-1,0,0,0,0,0,0,2,1,-1,6,3,-1,-1,1229,1,11,VAUXHALL CORSA,-1,-1,0,-1
2024320427493,2024,320427493,2,9,0,9,9,8,6,0,0,5,0,0,0,0,3,1,-1,-1,1,30,6,1248,2,14,VAUXHALL CORSA,7,E01032989,0,1
2024501487358,2024,501487358,3,9,0,-1,19,3,7,-1,0,0,0,0,0,0,1,1,-1,9,2,31,6,1248,2,12,VAUXHALL CORSA,2,E01015055,0,1
2024411487191,2024,411487191,1,9,0,-1,9,1,6,-1,0,3,0,0,2,0,1,9,-1,6,1,22,5,1398,1,13,VAUXHALL CORSA,4,E01023937,0,1
2024401449437,2024,401449437,1,9,0,-1,19,-1,-1,-1,0,1,0,0,0,0,4,9,-1,9,2,-1,-1,1398,1,12,VAUXHALL CORSA,-1,-1,0,-1
2024302401016,2024,302401016,1,9,0,18,19,4,8,0,0,2,0,0,0,0,4,1,6,6,2,31,6,1389,1,18,VAUXHALL CORSA,4,E01019491,0,3
2024131530366,2024,131530366,2,9,0,-1,1,7,3,-1,0,0,0,0,7,11,4,1,-1,9,2,61,9,1199,1,0,VAUXHALL CORSA,8,E01010790,0,1
2024451535665,2024,451535665,1,9,0,-1,9,1,5,-1,0,1,0,0,0,0,0,1,-1,9,1,19,4,1229,1,12,VAUXHALL CORSA,5,E01002611,0,2
2024131404973,2024,131404973,2,9,0,-1,19,6,6,-1,0,0,0,0,0,0,4,1,-1,9,1,38,7,1398,1,13,VAUXHALL CORSA,6,E01010816,0,1
2024010534476,2024,010534476,2,9,0,99,99,9,9,99,99,9,9,99,9,99,9,9,6,6,2,22,5,1199,1,4,VAUXHALL CORSA,6,E01001451,0,1
2024070294754,2024,070294754,1,9,0,-1,-1,7,1,0,0,0,0,0,2,11,1,1,6,6,1,29,6,1229,1,14,VAUXHALL CORSA,10,E01018533,0,1
2024401417510,2024,401417510,1,9,0,-1,19,1,5,-1,0,0,0,4,0,0,1,1,-1,6,1,58,9,1199,1,1,VAUXHALL CORSA,4,E01015784,0,1
2024010497596,2024,010497596,2,9,0,7,7,1,3,0,0,1,0,0,0,0,2,1,6,6,2,20,4,1229,1,17,VAUXHALL CORSA,4,E01003441,0,2
2024161467138,2024,161467138,1,9,0,-1,9,3,1,-1,0,1,0,0,7,0,1,1,-1,6,-1,-1,-1,1364,1,15,VAUXHALL CORSA,-1,-1,0,-1
2024010517924,2024,010517924,2,9,0,18,19,1,5,0,0,1,0,0,0,0,1,1,6,6,2,32,6,-1,3,3,VAUXHALL CORSA,2,E01033327,0,2
2024631486889,2024,631486889,2,9,0,-1,9,5,3,-1,0,0,0,0,0,0,1,1,-1,9,2,18,4,1398,1,7,VAUXHALL CORSA,7,W01000470,0,2
2024211520517,2024,211520517,2,9,0,-1,19,1,5,-1,0,1,0,0,0,0,1,1,-1,9,2,24,5,1398,1,5,VAUXHALL CORSA,2,E01008919,0,4
2024531496259,2024,531496259,1,9,0,-1,5,1,5,-1,0,4,0,0,0,0,1,1,-1,6,2,35,6,1248,2,10,VAUXHALL CORSA,3,E01022286,0,1
2024122400786,2024,122400786,1,9,0,18,19,5,8,0,0,0,1,0,0,0,1,1,6,6,1,27,6,1398,1,10,VAUXHALL CORSA,1,E01010666,0,4
2024161415320,2024,161415320,2,9,0,-1,19,1,5,-1,0,2,0,0,0,0,1,9,-1,6,1,30,6,1364,1,15,VAUXHALL CORSA,7,E01013013,0,1
2024461533748,2024,461533748,2,9,0,-1,8,1,7,-1,0,1,0,0,0,0,1,1,-1,6,1,37,7,1199,1,1,VAUXHALL CORSA,5,E01035283,0,1
2024010525826,2024,010525826,2,9,0,9,9,7,5,0,0,1,0,0,0,0,1,1,6,6,2,67,10,1199,1,1,VAUXHALL CORSA,2,E01000781,0,1
2024070604163,2024,070604163,2,9,0,9,9,7,5,0,0,1,0,0,0,0,1,1,6,6,1,22,5,1229,1,16,VAUXHALL CORSA,1,E01035368,0,1
2024451494329,2024,451494329,2,9,0,-1,2,1,1,-1,0,1,0,0,0,0,2,1,-1,9,1,17,4,1229,1,17,VAUXHALL CORSA,10,E01021210,0,4
2024201499339,2024,201499339,1,9,0,-1,19,3,7,-1,0,0,0,10,7,0,1,9,-1,1,1,-1,-1,1199,1,1,VAUXHALL CORSA,-1,-1,0,-1
2024221441609,2024,221441609,2,9,0,-1,19,4,1,-1,0,8,0,0,0,0,1,1,-1,6,1,59,9,1199,1,3,VAUXHALL CORSA,5,E01017586,0,5
2024610033524,2024,610033524,4,9,0,18,19,2,6,0,0,0,0,0,0,0,1,1,6,6,2,20,4,1199,1,4,VAUXHALL CORSA,1,W01001421,0,1
2024531467609,2024,531467609,1,9,0,-1,19,7,3,-1,0,1,0,0,0,0,1,1,-1,9,1,39,7,1199,1,4,VAUXHALL CORSA,8,E01008245,0,5
2024461401172,2024,461401172,1,9,0,-1,3,2,8,-1,0,2,0,0,0,0,3,9,-1,6,1,44,7,1229,1,15,VAUXHALL CORSA,2,E01016117,0,1
2024131422938,2024,131422938,1,9,0,-1,5,7,3,-1,0,0,0,0,0,0,4,1,-1,6,1,-1,-1,1248,2,16,VAUXHALL CORSA,-1,-1,0,-1
2024991420635,2024,991420635,1,9,0,-1,19,4,8,-1,0,0,1,0,0,0,1,1,-1,9,1,46,8,1229,1,17,VAUXHALL CORSA,4,-1,0,2
2024201489859,2024,201489859,2,9,0,-1,3,3,7,-1,0,1,0,0,0,0,2,9,-1,6,2,-1,-1,1248,2,8,VAUXHALL CORSA,-1,-1,0,-1
2024401468693,2024,401468693,2,9,0,-1,19,3,5,-1,0,8,1,0,3,9,1,1,-1,6,1,24,5,1398,1,7,VAUXHALL CORSA,10,E01023412,0,4
2024991478636,2024,991478636,3,9,0,-1,2,2,6,-1,0,2,0,4,0,0,3,1,-1,6,-1,-1,-1,1398,1,12,VAUXHALL CORSA,-1,-1,0,-1
2024201411315,2024,201411315,1,9,0,-1,7,4,6,-1,0,5,0,0,0,0,1,9,-1,6,2,35,6,1229,1,10,VAUXHALL CORSA,-1,-1,0,-1
2024052400529,2024,052400529,1,9,0,18,19,1,5,0,0,0,0,0,0,0,1,1,6,6,2,-1,-1,-1,3,1,VAUXHALL CORSA,2,E01006522,0,1
2024471425151,2024,471425151,2,9,0,-1,4,5,1,-1,0,1,0,0,0,0,2,1,-1,9,1,46,8,1199,1,1,VAUXHALL CORSA,-1,-1,0,-1
2024501502618,2024,501502618,2,9,0,-1,19,3,7,-1,0,1,0,0,0,0,1,1,-1,1,1,29,6,1398,1,9,VAUXHALL CORSA,4,E01019916,0,1
2024461415772,2024,461415772,1,9,0,-1,9,-1,-1,-1,0,8,0,0,0,0,1,9,-1,9,1,24,5,998,1,13,VAUXHALL CORSA,5,E01032808,0,1
2024131507763,2024,131507763,1,9,0,-1,9,5,3,-1,0,6,0,0,0,0,1,1,-1,9,1,31,6,1229,1,12,VAUXHALL CORSA,6,E01010915,0,2
2024010531412,2024,010531412,2,9,0,99,99,9,9,99,99,9,9,99,9,99,9,9,6,6,3,-1,-1,1229,1,17,VAUXHALL CORSA,7,E01001160,0,1
2024201464705,2024,201464705,2,9,0,-1,3,1,5,-1,0,0,0,0,0,0,2,1,-1,6,1,19,4,1229,1,19,VAUXHALL CORSA,1,E01009889,0,1
2024401399909,2024,401399909,2,9,0,-1,19,1,5,-1,0,0,0,0,0,0,4,1,-1,9,1,34,6,1398,1,7,VAUXHALL CORSA,8,E01015799,0,2
2024041448357,2024,041448357,2,9,0,-1,19,1,5,-1,0,0,0,0,0,0,1,1,-1,9,2,28,6,1199,1,4,VAUXHALL CORSA,8,E01025074,0,4
2024340WN4122,2024,340WN4122,1,9,0,-1,19,7,3,-1,0,0,0,0,0,0,1,1,-1,9,1,28,6,1229,1,13,VAUXHALL CORSA,2,E01027248,0,1
2024522402145,2024,522402145,1,9,0,18,19,8,4,0,0,8,0,0,0,0,1,1,6,6,1,17,4,1229,1,13,VAUXHALL CORSA,10,E01014849,0,2
2024451421995,2024,451421995,2,9,0,-1,9,3,5,-1,0,1,0,0,0,0,1,9,-1,6,3,50,8,1398,1,14,VAUXHALL CORSA,-1,-1,0,-1
2024991456352,2024,991456352,2,9,0,-1,19,4,8,-1,0,0,0,0,1,0,2,1,-1,6,2,18,4,1398,1,8,VAUXHALL CORSA,-1,-1,0,-1
2024010526929,2024,010526929,3,9,9,99,99,9,9,99,99,9,9,99,9,99,9,9,6,6,3,-1,-1,1229,1,13,VAUXHALL CORSA,7,E01000986,0,2
2024340NN2122,2024,340NN2122,1,9,0,-1,7,1,5,-1,0,5,0,0,0,0,3,1,-1,6,3,-1,-1,1199,1,4,VAUXHALL CORSA,-1,-1,0,-1
2024221531643,2024,221531643,2,9,0,-1,19,1,5,-1,0,8,0,0,0,0,1,1,-1,1,2,22,5,1398,1,7,VAUXHALL CORSA,8,E01032439,0,1
2024010542104,2024,010542104,1,9,0,18,19,7,3,0,0,0,2,10,2,7,1,1,6,6,2,20,4,998,1,12,VAUXHALL CORSA,-1,-1,0,-1
2024131535250,2024,131535250,1,9,0,-1,19,1,5,-1,0,0,0,0,0,0,1,1,-1,6,1,44,7,1229,1,10,VAUXHALL CORSA,3,E01011314,0,1
2024302400596,2024,302400596,2,9,0,9,9,4,2,0,0,8,0,0,0,0,3,1,6,6,3,-1,-1,1199,1,4,VAUXHALL CORSA,5,E01019456,0,4
2024010519282,2024,010519282,1,9,0,99,99,9,9,99,99,9,9,99,9,99,9,9,6,6,2,30,6,1229,1,14,VAUXHALL CORSA,1,E01015736,0,4
2024622400087,2024,622400087,2,9,0,18,19,2,6,0,0,8,0,0,0,0,1,1,6,6,1,19,4,1398,1,10,VAUXHALL CORSA,4,W01001285,0,2