collision_index,collision_year,collision_ref_no,vehicle_reference,vehicle_type,towing_and_articulation,vehicle_manoeuvre_historic,vehicle_manoeuvre,vehicle_direction_from,vehicle_direction_to,vehicle_location_restricted_lane_historic,vehicle_location_restricted_lane,junction_location,skidding_and_overturning,hit_object_in_carriageway,vehicle_leaving_carriageway,hit_object_off_carriageway,first_point_of_impact,vehicle_left_hand_drive,journey_purpose_of_driver_historic,journey_purpose_of_driver,sex_of_driver,age_of_driver,age_band_of_driver,engine_capacity_cc,propulsion_code,age_of_vehicle,generic_make_model,driver_imd_decile,lsoa_of_driver,escooter_flag,driver_distance_banding
2024451498658,2024,451498658,2,9,0,-1,19,6,2,-1,0,0,0,0,0,0,2,1,-1,2,2,42,7,1229,1,10,VAUXHALL CORSA,8,E01030803,0,3
2024622400628,2024,622400628,1,9,0,9,9,5,4,0,0,5,0,0,0,0,4,1,6,6,1,17,4,1229,1,10,VAUXHALL CORSA,10,W01001918,0,1
2024010533212,2024,010533212,2,9,0,18,19,7,3,0,0,1,0,0,0,0,0,1,6,6,2,41,7,1398,1,9,VAUXHALL CORSA,2,E01001695,0,1
2024010499887,2024,010499887,2,9,0,99,99,9,9,99,99,6,9,99,9,99,9,9,6,6,1,28,6,1398,1,10,VAUXHALL CORSA,2,E01032579,0,1
2024302401448,2024,302401448,2,9,0,17,19,3,1,0,0,8,0,0,0,0,1,1,1,1,2,34,6,1398,1,10,VAUXHALL CORSA,1,E01019488,0,1
2024211518221,2024,211518221,2,9,0,-1,19,1,8,-1,0,0,1,0,0,0,1,1,-1,6,1,45,7,1248,2,13,VAUXHALL CORSA,8,E01029688,0,1
2024991496353,2024,991496353,1,9,0,-1,7,4,7,-1,0,3,0,0,1,4,3,1,-1,9,1,24,5,1229,1,12,VAUXHALL CORSA,2,-1,0,1
2024471395239,2024,471395239,1,9,0,-1,7,3,4,-1,0,5,0,0,0,0,1,1,-1,2,1,20,4,998,1,16,VAUXHALL CORSA,9,E01031458,0,2
2024161506576,2024,161506576,2,9,0,-1,4,4,8,-1,0,1,0,0,0,0,1,1,-1,1,2,30,6,1364,1,15,VAUXHALL CORSA,3,E01012913,0,2
2024461411771,2024,461411771,1,9,0,-1,9,4,2,-1,0,8,0,0,0,0,1,1,-1,6,1,25,5,-1,3,3,VAUXHALL CORSA,5,E01024345,0,1
2024010533729,2024,010533729,2,9,0,7,7,9,9,99,99,9,9,99,9,99,4,9,6,6,3,-1,-1,-1,3,3,VAUXHALL CORSA,-1,-1,0,-1
2024161493519,2024,161493519,1,9,0,-1,5,3,7,-1,0,6,0,0,0,0,1,1,-1,2,2,28,6,1398,1,8,VAUXHALL CORSA,9,E01035475,0,2
2024010518056,2024,010518056,1,9,9,99,99,9,9,99,99,9,9,99,9,99,2,9,2,2,1,27,6,1398,1,8,VAUXHALL CORSA,2,E01001773,0,3
2024010502188,2024,010502188,3,9,0,2,2,0,0,0,0,0,0,0,0,0,1,1,6,6,3,-1,-1,1398,1,8,VAUXHALL CORSA,-1,-1,0,-1
2024010551143,2024,010551143,1,9,0,99,99,9,9,99,99,9,9,99,9,99,2,9,2,2,2,56,9,1199,1,2,VAUXHALL CORSA,2,E01001427,0,1
2024440384142,2024,440384142,1,9,0,18,19,7,3,0,0,6,0,0,3,1,1,1,6,6,3,-1,-1,1199,1,3,VAUXHALL CORSA,-1,-1,0,-1
2024631485527,2024,631485527,1,9,0,-1,19,1,5,-1,0,0,2,0,1,4,1,1,-1,9,1,17,4,1229,1,12,VAUXHALL CORSA,5,W01001925,0,1
2024332400236,2024,332400236,2,9,0,-1,9,7,5,-1,0,6,0,0,1,0,1,1,-1,6,1,25,5,1229,1,16,VAUXHALL CORSA,-1,-1,0,-1
2024122500049,2024,122500049,2,9,0,18,19,3,7,0,0,1,0,0,0,0,1,1,6,6,2,66,10,1229,1,18,VAUXHALL CORSA,5,E01027802,0,1
2024411512219,2024,411512219,1,9,0,-1,-1,-1,-1,-1,-1,0,-1,-1,-1,0,1,1,-1,9,1,49,8,1398,1,8,VAUXHALL CORSA,6,E01001345,0,3
2024540675124,2024,540675124,1,9,0,18,19,5,1,0,0,0,2,0,0,0,1,1,2,2,2,19,4,1248,2,11,VAUXHALL CORSA,5,E01031990,0,1
2024552400799,2024,552400799,1,9,0,18,19,6,2,0,0,0,0,0,0,0,1,1,2,2,1,21,5,998,1,10,VAUXHALL CORSA,5,E01015274,0,2
2024302400433,2024,302400433,1,9,0,18,19,6,2,0,0,2,2,0,1,9,2,1,6,6,1,28,6,1398,1,11,VAUXHALL CORSA,3,E01019506,0,1
2024201500571,2024,201500571,1,9,0,-1,3,4,8,-1,0,0,0,0,0,0,2,1,-1,6,1,47,8,1398,1,8,VAUXHALL CORSA,2,E01010103,0,1
2024991459422,2024,991459422,3,9,0,-1,10,6,3,-1,0,0,0,0,0,0,2,1,-1,6,2,47,8,1398,1,7,VAUXHALL CORSA,3,-1,0,1
2024461414357,2024,461414357,1,9,0,-1,9,7,5,-1,0,8,0,0,0,0,1,1,-1,9,1,19,4,1229,1,17,VAUXHALL CORSA,3,E01024570,0,2
2024010549395,2024,010549395,1,9,0,11,11,7,3,0,0,0,0,0,0,0,1,1,6,6,1,20,4,1364,1,16,VAUXHALL CORSA,6,E01003706,0,3
2024440358946,2024,440358946,1,9,0,1,1,3,7,0,0,1,0,0,0,0,2,1,6,6,3,-1,-1,1398,1,12,VAUXHALL CORSA,-1,-1,0,-1
2024451448316,2024,451448316,1,9,0,-1,19,1,5,-1,0,0,0,0,0,0,2,1,-1,6,1,54,8,1398,1,11,VAUXHALL CORSA,8,E01030742,0,1
2024991532010,2024,991532010,3,9,0,-1,2,0,0,-1,0,2,0,0,0,0,1,1,-1,6,-1,-1,-1,1398,1,8,VAUXHALL CORSA,-1,-1,0,-1
2024311493075,2024,311493075,2,9,0,-1,4,2,6,-1,0,0,0,0,0,0,2,1,-1,9,2,27,6,1398,1,6,VAUXHALL CORSA,6,E01032466,0,4
2024531466650,2024,531466650,2,9,0,-1,19,5,1,-1,0,2,0,0,0,0,1,1,-1,9,2,40,7,1229,1,15,VAUXHALL CORSA,1,E01034793,0,1
2024010543281,2024,010543281,1,9,0,15,15,3,7,0,0,1,0,0,0,0,4,1,6,6,1,38,7,1229,1,16,VAUXHALL CORSA,-1,-1,0,-1
2024440352579,2024,440352579,1,9,0,16,19,7,3,0,0,0,0,0,0,0,4,1,6,6,1,17,4,998,1,12,VAUXHALL CORSA,10,E01022682,0,1
2024221465130,2024,221465130,1,9,0,-1,19,6,2,-1,0,0,0,0,0,0,4,9,-1,6,2,62,9,1364,1,8,VAUXHALL CORSA,6,W01000487,0,4
2024501450451,2024,501450451,1,9,0,-1,19,4,8,-1,0,4,1,9,1,4,1,1,-1,9,1,42,7,1229,1,19,VAUXHALL CORSA,5,E01020050,0,1
2024411538790,2024,411538790,2,9,0,-1,19,5,1,-1,0,0,0,0,0,0,1,1,-1,6,1,74,10,1229,1,18,VAUXHALL CORSA,10,E01023377,0,1
2024010514697,2024,010514697,1,9,0,7,7,5,7,0,0,1,0,0,0,0,3,1,6,6,1,19,4,1364,1,6,VAUXHALL CORSA,8,E01001307,0,1
2024991471420,2024,991471420,1,9,0,-1,9,1,7,-1,0,5,1,0,7,11,1,1,-1,9,1,19,4,1229,1,17,VAUXHALL CORSA,6,-1,0,1
2024211475782,2024,211475782,2,9,0,-1,10,2,8,-1,0,1,0,0,0,0,2,9,-1,6,2,59,9,1199,1,23,VAUXHALL CORSA,2,E01029447,0,1
2024522500104,2024,522500104,1,9,0,18,19,7,3,0,0,0,0,0,0,0,1,1,6,6,1,70,10,1199,1,4,VAUXHALL CORSA,8,E01014896,0,2
2024201426058,2024,201426058,1,9,0,-1,14,2,6,-1,0,0,0,4,0,0,1,9,-1,6,3,-1,-1,1229,1,9,VAUXHALL CORSA,-1,-1,0,-1
2024141521567,2024,141521567,2,9,0,-1,19,2,6,-1,0,1,0,0,0,0,1,1,-1,2,1,21,5,1398,1,8,VAUXHALL CORSA,3,E01008125,0,2
2024440106433,2024,440106433,3,9,0,4,4,6,2,0,0,0,0,0,0,0,2,1,6,6,2,74,10,1398,1,5,VAUXHALL CORSA,10,E01023092,0,1
2024421425915,2024,421425915,2,9,0,-1,19,4,8,-1,0,1,0,0,0,0,1,1,-1,2,1,32,6,1398,1,5,VAUXHALL CORSA,7,E01021510,0,3
2024440097299,2024,440097299,2,9,0,4,4,1,5,0,0,0,0,0,0,0,2,1,6,6,1,30,6,1398,1,10,VAUXHALL CORSA,10,E01022709,0,2
2024332401253,2024,332401253,2,9,0,-1,2,0,0,-1,0,0,0,0,0,0,3,1,-1,6,3,-1,-1,1398,1,9,VAUXHALL CORSA,-1,-1,0,-1
2024070900799,2024,070900799,1,9,0,-1,19,7,3,-1,0,0,0,4,0,0,1,1,-1,2,1,42,7,1398,1,9,VAUXHALL CORSA,1,E01012533,0,2
2024401466763,2024,401466763,2,9,0,-1,4,4,7,-1,0,4,0,0,0,0,2,1,-1,9,2,40,7,1398,1,6,VAUXHALL CORSA,2,E01017472,0,1
2024070732926,2024,070732926,2,9,0,-1,19,8,4,-1,0,1,0,0,0,0,1,1,-1,9,1,19,4,1229,1,18,VAUXHALL CORSA,4,E01018618,0,1
2024461430623,2024,461430623,2,9,0,-1,19,1,5,-1,0,1,1,0,0,0,3,1,-1,9,1,61,9,1364,1,17,VAUXHALL CORSA,5,E01024039,0,1
2024061442209,2024,061442209,1,9,0,-1,7,1,5,-1,0,1,1,0,0,0,1,1,-1,6,2,20,4,1229,1,16,VAUXHALL CORSA,2,E01005917,0,1
2024231415360,2024,231415360,1,9,0,-1,19,1,5,-1,0,0,0,0,1,11,1,1,-1,6,2,54,8,1364,1,16,VAUXHALL CORSA,7,E01004491,0,5
2024101402227,2024,101402227,2,9,0,-1,4,5,1,-1,0,0,0,0,0,0,2,1,-1,9,1,23,5,1398,1,7,VAUXHALL CORSA,1,E01008305,0,1
2024161401953,2024,161401953,1,9,0,-1,19,5,1,-1,0,8,0,0,0,0,1,2,-1,6,2,40,7,1229,1,9,VAUXHALL CORSA,1,E01013138,0,1
2024471533149,2024,471533149,1,9,0,-1,1,3,7,-1,0,1,0,0,0,0,2,9,-1,6,3,-1,-1,1398,1,6,VAUXHALL CORSA,-1,-1,0,-1
2024311454602,2024,311454602,2,9,0,-1,4,3,3,-1,0,0,0,0,0,0,2,9,-1,6,2,24,5,1229,1,13,VAUXHALL CORSA,5,E01013931,0,1
2024211518699,2024,211518699,1,9,0,-1,19,5,3,-1,0,0,2,0,2,4,3,1,-1,6,2,23,5,1229,1,14,VAUXHALL CORSA,-1,-1,0,-1
2024141485753,2024,141485753,1,9,0,-1,9,8,6,-1,0,8,0,0,0,0,3,1,-1,9,2,19,4,1398,1,14,VAUXHALL CORSA,5,E01007583,0,1
2024061460567,2024,061460567,1,9,0,-1,3,-1,-1,-1,0,1,0,0,0,0,2,1,-1,9,1,24,5,1229,1,12,VAUXHALL CORSA,1,E01032915,0,1
2024501513680,2024,501513680,2,9,0,-1,2,1,5,-1,0,8,0,4,0,0,2,1,-1,9,2,36,7,1229,1,11,VAUXHALL CORSA,4,E01015024,0,1
2024111412727,2024,111412727,1,9,0,-1,19,4,8,-1,0,8,0,0,0,0,4,1,-1,6,2,61,9,1229,1,11,VAUXHALL CORSA,3,E01020662,0,3
2024311521887,2024,311521887,2,9,0,-1,19,5,1,-1,0,8,0,0,0,0,1,1,-1,6,2,33,6,1229,1,11,VAUXHALL CORSA,8,E01028172,0,1
2024340NN0442,2024,340NN0442,2,9,0,-1,19,4,8,-1,0,8,0,0,0,0,1,1,-1,1,1,38,7,1398,1,7,VAUXHALL CORSA,8,E01027096,0,3
2024991529167,2024,991529167,2,9,0,-1,20,1,5,-1,0,0,0,0,0,0,3,1,-1,9,2,56,9,1398,1,7,VAUXHALL CORSA,2,-1,0,1
2024471497037,2024,471497037,2,9,0,-1,19,7,3,-1,0,1,0,0,0,0,4,1,-1,9,2,35,6,1229,1,9,VAUXHALL CORSA,4,E01031386,0,2
2024332400470,2024,332400470,2,9,0,-1,9,3,1,-1,0,5,0,0,0,0,3,1,-1,6,3,-1,-1,1248,2,17,VAUXHALL CORSA,-1,-1,0,-1
2024401408907,2024,401408907,2,9,0,-1,4,4,8,-1,0,0,0,0,0,0,2,9,-1,6,1,26,6,1199,1,20,VAUXHALL CORSA,8,E01023850,0,4
2024010507297,2024,010507297,2,9,0,18,19,3,7,0,0,1,0,0,0,0,1,1,6,6,1,46,8,-1,3,3,VAUXHALL CORSA,6,E01003163,0,1
2024302401539,2024,302401539,1,9,9,99,99,9,9,99,99,9,9,99,9,99,9,1,6,6,3,-1,-1,1229,1,14,VAUXHALL CORSA,-1,-1,0,-1
2024451529002,2024,451529002,1,9,0,-1,19,4,8,-1,0,1,0,0,0,0,2,1,-1,9,2,37,7,1398,1,6,VAUXHALL CORSA,5,E01030984,0,3
2024991403146,2024,991403146,2,9,0,-1,19,1,5,-1,0,1,0,0,1,2,1,1,-1,9,1,19,4,1248,2,13,VAUXHALL CORSA,9,-1,0,1
2024041436141,2024,041436141,1,9,0,-1,19,5,1,-1,0,1,5,0,7,4,1,1,-1,9,1,18,4,998,1,10,VAUXHALL CORSA,3,E01025097,0,4
2024201518257,2024,201518257,2,9,0,-1,19,8,4,-1,0,8,0,10,0,0,1,1,-1,6,1,22,5,1199,1,1,VAUXHALL CORSA,3,E01009928,0,2
2024311488853,2024,311488853,1,9,0,-1,19,8,4,-1,0,6,1,0,8,0,3,1,-1,6,1,17,4,998,1,15,VAUXHALL CORSA,-1,-1,0,-1
2024371463387,2024,371463387,2,9,0,-1,3,8,4,-1,0,1,0,0,0,0,2,1,-1,2,1,19,4,1248,2,11,VAUXHALL CORSA,8,E01029901,0,3
2024501483943,2024,501483943,2,9,0,-1,19,6,2,-1,0,0,0,0,0,0,2,1,-1,6,2,26,6,1398,1,14,VAUXHALL CORSA,5,W01001786,0,5
2024201517547,2024,201517547,2,9,0,-1,4,7,8,-1,0,0,0,0,0,0,2,2,-1,9,2,26,6,1199,1,3,VAUXHALL CORSA,2,E01010338,0,1
2024451517153,2024,451517153,1,9,0,-1,19,8,4,-1,0,0,1,0,0,0,2,1,-1,2,1,23,5,973,1,24,VAUXHALL CORSA,8,E01030521,0,1
2024522401540,2024,522401540,1,9,0,11,11,2,6,0,0,8,0,0,0,0,4,1,6,6,1,39,7,1199,1,21,VAUXHALL CORSA,1,E01014655,0,1
2024401521588,2024,401521588,1,9,0,-1,19,5,3,-1,0,3,0,0,0,0,1,1,-1,6,1,52,8,1364,1,16,VAUXHALL CORSA,4,E01033826,0,3
2024991492347,2024,991492347,1,9,0,-1,5,4,8,-1,2,0,0,0,0,0,3,1,-1,6,2,52,8,1398,1,5,VAUXHALL CORSA,2,-1,0,1
2024101486784,2024,101486784,2,9,0,-1,19,5,1,-1,0,8,0,0,0,0,3,1,-1,9,1,19,4,998,1,20,VAUXHALL CORSA,1,E01027540,0,3
2024501494079,2024,501494079,1,9,0,-1,9,1,6,-1,0,1,0,0,0,0,1,1,-1,6,1,17,4,998,1,11,VAUXHALL CORSA,6,E01018752,0,1
2024320755564,2024,320755564,1,9,0,-1,-1,2,6,0,0,2,1,0,0,0,3,1,6,6,1,41,7,1398,1,12,VAUXHALL CORSA,1,E01026176,0,4
2024451470310,2024,451470310,1,9,0,-1,19,3,7,-1,0,0,0,0,1,0,4,1,-1,6,2,61,9,1398,1,10,VAUXHALL CORSA,5,E01021869,0,4
2024010530288,2024,010530288,1,9,0,99,99,9,9,99,99,9,9,99,9,99,9,9,6,6,2,53,8,1398,1,6,VAUXHALL CORSA,6,E01004381,0,1
2024041534919,2024,041534919,1,9,0,-1,19,1,3,-1,0,0,2,0,1,4,1,1,-1,2,2,30,6,1229,1,15,VAUXHALL CORSA,1,E01025183,0,4
2024101476364,2024,101476364,1,9,0,-1,19,4,8,-1,0,0,0,0,0,0,3,1,-1,9,2,31,6,1229,1,11,VAUXHALL CORSA,-1,-1,0,-1
2024070060828,2024,070060828,2,9,0,18,19,4,8,0,0,8,0,0,0,0,1,1,6,6,1,33,6,1229,1,16,VAUXHALL CORSA,9,E01012556,0,1
2024201531355,2024,201531355,1,9,0,-1,19,4,8,-1,0,0,0,0,0,0,1,1,-1,6,2,78,11,1398,1,6,VAUXHALL CORSA,10,E01010169,0,2
2024361481475,2024,361481475,1,9,-1,-1,19,1,6,-1,0,1,0,0,0,0,1,9,-1,6,3,-1,-1,1398,1,9,VAUXHALL CORSA,-1,-1,0,-1
2024430353517,2024,430353517,1,9,0,18,19,2,6,0,0,0,2,0,1,1,4,1,6,6,1,20,4,1229,1,13,VAUXHALL CORSA,9,E01017649,0,3
2024201448809,2024,201448809,1,9,0,-1,-1,8,4,-1,-1,0,1,0,0,0,1,1,-1,-1,1,38,7,1398,1,13,VAUXHALL CORSA,3,E01010068,0,3
2024201518659,2024,201518659,1,9,0,-1,19,5,3,-1,0,1,0,0,0,0,1,1,-1,6,1,25,5,1398,1,10,VAUXHALL CORSA,2,E01010091,0,1
2024010507595,2024,010507595,2,9,0,99,99,9,9,99,99,9,9,99,9,99,3,9,6,6,3,-1,-1,1199,1,1,VAUXHALL CORSA,-1,-1,0,-1
2024546258624,2024,546258624,2,9,0,2,2,0,0,-1,-1,2,0,0,0,0,1,1,6,6,3,-1,-1,1598,1,17,VAUXHALL CORSA,-1,-1,0,-1
2024041522973,2024,041522973,2,9,0,-1,2,0,0,-1,0,0,0,0,0,0,1,1,-1,6,-1,-1,-1,1364,1,17,VAUXHALL CORSA,-1,-1,0,-1
2024461401225,2024,461401225,1,9,0,-1,5,1,5,-1,0,1,0,0,0,0,4,9,-1,9,2,24,5,1364,1,17,VAUXHALL CORSA,8,E01024261,0,1
2024520403055,2024,520403055,2,9,0,18,19,2,6,0,0,8,0,0,0,0,1,1,6,6,2,40,7,1199,1,1,VAUXHALL CORSA,3,E01029175,0,3
2024010532955,2024,010532955,2,9,0,99,99,9,9,99,99,9,9,99,9,99,1,9,6,6,3,-1,-1,-1,3,3,VAUXHALL CORSA,-1,-1,0,-1
2024451509684,2024,451509684,1,9,0,-1,19,3,7,-1,0,0,0,0,0,0,1,1,-1,9,1,74,10,1398,1,6,VAUXHALL CORSA,7,E01030851,0,2
2024552401491,2024,552401491,1,9,0,18,19,8,4,0,0,0,5,0,1,10,4,1,6,6,1,20,4,1229,1,14,VAUXHALL CORSA,-1,-1,0,-1
2024471516018,2024,471516018,1,9,0,-1,9,5,3,-1,1,6,0,0,0,0,3,1,-1,9,1,75,10,1199,1,1,VAUXHALL CORSA,6,E01035326,0,4
2024302401147,2024,302401147,1,9,0,6,6,2,2,0,0,8,0,0,0,0,1,1,6,6,1,18,4,998,1,12,VAUXHALL CORSA,10,E01019756,0,1
2024041405451,2024,041405451,4,9,0,-1,2,0,0,-1,0,1,0,0,0,0,2,1,-1,6,-1,-1,-1,1398,1,5,VAUXHALL CORSA,-1,-1,0,-1
2024141483762,2024,141483762,2,9,0,-1,19,3,7,-1,0,1,0,0,0,0,4,1,-1,6,1,53,8,1229,1,14,VAUXHALL CORSA,1,E01007718,0,1
2024211503658,2024,211503658,2,9,0,-1,19,7,3,-1,0,0,1,0,7,0,3,1,-1,6,1,71,10,1199,1,4,VAUXHALL CORSA,4,E01010303,0,2
2024361507319,2024,361507319,1,9,0,-1,4,7,3,-1,0,0,1,0,0,0,1,1,-1,1,2,53,8,1398,1,8,VAUXHALL CORSA,5,E01026464,0,3
2024010542632,2024,010542632,2,9,0,18,19,7,3,0,0,0,0,0,0,0,2,1,6,6,2,21,5,1229,1,15,VAUXHALL CORSA,2,E01024585,0,4
2024371505832,2024,371505832,1,9,0,-1,19,1,5,-1,0,0,2,0,0,0,1,1,-1,6,1,18,4,1229,1,12,VAUXHALL CORSA,6,E01030150,0,4
2024320656236,2024,320656236,1,9,0,-1,-1,2,6,0,0,0,0,0,1,0,1,1,6,6,3,-1,-1,1248,2,16,VAUXHALL CORSA,-1,-1,0,-1
2024161444594,2024,161444594,2,9,0,-1,19,3,7,-1,0,0,0,0,1,0,1,1,-1,6,2,34,6,1199,1,1,VAUXHALL CORSA,5,E01013285,0,4
2024401457132,2024,401457132,1,9,0,-1,3,7,4,-1,0,0,0,0,0,0,4,1,-1,9,2,17,4,1199,1,2,VAUXHALL CORSA,2,E01028450,0,4
2024332400485,2024,332400485,1,9,0,-1,19,6,2,-1,0,8,0,0,0,0,2,1,-1,9,1,24,5,1248,2,11,VAUXHALL CORSA,7,E01013709,0,1
2024211470708,2024,211470708,2,8,0,-1,9,8,6,-1,9,6,1,0,0,0,4,1,-1,9,1,64,9,1199,1,3,VAUXHALL CORSA,1,E01014260,0,1
2024201580971,2024,201580971,3,9,0,-1,19,5,1,-1,0,0,0,0,0,0,1,9,-1,6,1,38,7,1229,1,17,VAUXHALL CORSA,2,E01009989,0,1
2024461508867,2024,461508867,1,9,0,-1,19,5,1,-1,0,1,0,0,0,0,1,1,-1,9,2,84,11,1364,1,17,VAUXHALL CORSA,8,E01021171,0,3
2024161528714,2024,161528714,1,9,0,-1,3,1,5,-1,0,0,0,0,0,0,0,1,-1,6,2,69,10,1398,1,5,VAUXHALL CORSA,1,E01012859,0,1
2024451422522,2024,451422522,1,9,0,-1,3,7,3,-1,0,0,0,0,0,0,2,1,-1,7,2,37,7,1199,1,1,VAUXHALL CORSA,4,E01030709,0,1
2024041452673,2024,041452673,1,9,0,-1,19,5,1,-1,0,1,0,0,0,0,1,1,-1,2,2,21,5,998,1,15,VAUXHALL CORSA,7,E01025417,0,1
2024991519489,2024,991519489,1,9,0,-1,19,7,4,-1,0,0,0,4,0,0,4,1,-1,9,2,45,7,1248,2,10,VAUXHALL CORSA,4,-1,0,1
2024231498279,2024,231498279,6,9,0,-1,19,4,8,-1,0,0,0,0,4,6,3,9,-1,6,1,20,4,1199,1,3,VAUXHALL CORSA,2,E01010101,0,4
2024010549926,2024,010549926,2,9,0,99,99,9,9,99,99,0,9,99,9,99,1,9,6,6,3,-1,-1,1499,2,3,VAUXHALL CORSA,-1,-1,0,-1
2024991514327,2024,991514327,1,9,0,-1,9,7,5,-1,0,8,0,0,0,0,1,1,-1,2,2,18,4,1229,1,11,VAUXHALL CORSA,9,-1,0,1
2024141495966,2024,141495966,1,9,0,-1,19,3,7,-1,0,0,0,0,0,0,3,9,-1,6,1,59,9,1199,1,20,VAUXHALL CORSA,10,E01007956,0,1
2024531422989,2024,531422989,1,9,0,-1,19,7,3,-1,0,0,2,0,1,0,1,1,-1,9,2,18,4,1248,2,16,VAUXHALL CORSA,4,E01022450,0,1
2024141477161,2024,141477161,2,9,0,-1,19,1,5,-1,0,0,0,0,0,0,1,1,-1,9,1,20,4,1248,2,8,VAUXHALL CORSA,2,E01008014,0,1
2024131489622,2024,131489622,1,9,0,-1,19,1,5,-1,0,1,0,0,0,0,1,2,-1,2,1,26,6,-1,3,1,VAUXHALL CORSA,6,E01010636,0,1
2024451450429,2024,451450429,1,9,0,-1,9,1,5,-1,0,4,0,0,7,0,3,1,-1,9,2,21,5,1229,1,16,VAUXHALL CORSA,6,E01030310,0,1
2024052400578,2024,052400578,1,9,0,18,19,3,7,0,0,0,0,0,0,0,1,1,6,6,2,30,6,1398,1,7,VAUXHALL CORSA,1,E01007271,0,1
2024371545169,2024,371545169,2,9,0,-1,2,0,0,-1,0,0,0,0,0,0,3,1,-1,6,3,-1,-1,1398,1,11,VAUXHALL CORSA,-1,-1,0,-1
2024991537680,2024,991537680,1,9,0,-1,9,3,1,-1,0,5,0,0,0,0,4,1,-1,9,2,43,7,1398,1,9,VAUXHALL CORSA,1,-1,0,1
2024547623424,2024,547623424,1,9,0,3,3,5,1,0,0,1,0,0,0,0,1,1,6,6,2,20,4,1229,1,12,VAUXHALL CORSA,1,E01015546,0,1
2024161420725,2024,161420725,1,9,0,-1,19,4,8,-1,0,8,0,0,0,0,1,1,-1,7,2,51,8,1229,1,10,VAUXHALL CORSA,1,E01012894,0,1
2024991498132,2024,991498132,2,9,0,-1,19,5,1,-1,0,1,0,0,0,0,1,1,-1,9,2,56,9,1199,1,1,VAUXHALL CORSA,8,-1,0,4
2024501497097,2024,501497097,1,9,0,-1,19,8,4,-1,0,0,0,4,0,0,1,1,-1,6,2,33,6,1229,1,9,VAUXHALL CORSA,10,E01019963,0,1
2024211420452,2024,211420452,2,9,0,-1,19,7,2,-1,0,0,0,0,1,0,1,1,-1,6,2,30,6,1398,1,9,VAUXHALL CORSA,-1,-1,0,-1
2024471511670,2024,471511670,1,9,0,-1,19,5,1,-1,0,1,0,0,0,0,1,1,-1,6,2,31,6,1364,1,9,VAUXHALL CORSA,8,E01016928,0,1
2024010503578,2024,010503578,2,9,0,99,99,9,9,99,99,0,9,99,9,99,9,9,6,6,3,-1,-1,998,1,11,VAUXHALL CORSA,-1,-1,0,-1
2024041515022,2024,041515022,1,9,0,-1,19,2,4,-1,0,0,0,4,0,0,1,1,-1,9,1,22,5,1229,1,9,VAUXHALL CORSA,2,E01025390,0,1
2024221481360,2024,221481360,2,9,0,-1,19,4,7,-1,0,1,0,0,0,0,3,1,-1,6,1,46,8,1398,1,5,VAUXHALL CORSA,6,W01001906,0,3
2024451532489,2024,451532489,1,9,0,-1,5,3,1,-1,0,6,0,0,0,0,3,1,-1,9,2,50,8,1364,1,16,VAUXHALL CORSA,7,E01030850,0,2
2024361401363,2024,361401363,1,9,0,-1,5,5,1,-1,0,1,0,0,0,0,1,1,-1,1,1,56,9,1229,1,12,VAUXHALL CORSA,9,E01035148,0,1
2024371468580,2024,371468580,1,9,0,-1,9,3,1,-1,0,8,1,0,3,10,1,1,-1,6,2,21,5,1248,2,9,VAUXHALL CORSA,10,E01018265,0,4
2024411488961,2024,411488961,1,9,0,-1,4,6,2,-1,0,0,0,0,0,0,2,1,-1,1,1,64,9,1199,1,2,VAUXHALL CORSA,3,E01035605,0,3
2024440187701,2024,440187701,2,9,0,18,19,6,2,0,0,0,0,0,0,0,1,1,6,6,1,31,6,1398,1,12,VAUXHALL CORSA,6,E01023028,0,2
2024131440871,2024,131440871,1,9,0,-1,9,5,3,-1,0,8,0,0,0,0,1,1,-1,1,1,43,7,1398,1,8,VAUXHALL CORSA,8,E01011297,0,3
2024610028324,2024,610028324,1,9,0,18,19,8,4,0,0,0,0,0,0,0,1,1,6,6,2,-1,-1,1229,1,13,VAUXHALL CORSA,10,W01001509,0,1
2024010511124,2024,010511124,1,9,0,3,3,7,3,0,0,8,0,0,0,0,4,1,6,6,2,19,4,1364,1,16,VAUXHALL CORSA,-1,-1,0,-1
2024010549688,2024,010549688,1,9,0,1,1,5,1,0,0,0,0,0,3,0,3,1,6,6,1,54,8,1199,1,2,VAUXHALL CORSA,-1,-1,0,-1
2024201472996,2024,201472996,2,9,0,-1,19,5,1,-1,0,0,0,0,0,0,3,1,-1,2,1,23,5,1199,1,3,VAUXHALL CORSA,3,E01010451,0,2
2024061536962,2024,061536962,2,9,0,-1,19,1,1,-1,0,0,0,0,0,0,1,1,-1,9,2,31,6,1398,1,7,VAUXHALL CORSA,1,E01005731,0,1
2024161530660,2024,161530660,1,9,0,-1,19,1,5,-1,0,1,0,0,0,0,4,9,-1,2,2,-1,-1,1398,1,5,VAUXHALL CORSA,3,E01012832,0,2
2024430065053,2024,430065053,2,9,0,9,9,4,2,0,0,8,0,0,0,0,4,1,6,6,2,22,5,1398,1,6,VAUXHALL CORSA,2,E01016848,0,1
2024501437486,2024,501437486,1,9,0,-1,19,3,7,-1,0,1,1,4,0,0,1,1,-1,2,1,58,9,1398,1,8,VAUXHALL CORSA,-1,-1,0,-1