collision_index,collision_year,collision_ref_no,vehicle_reference,vehicle_type,towing_and_articulation,vehicle_manoeuvre_historic,vehicle_manoeuvre,vehicle_direction_from,vehicle_direction_to,vehicle_location_restricted_lane_historic,vehicle_location_restricted_lane,junction_location,skidding_and_overturning,hit_object_in_carriageway,vehicle_leaving_carriageway,hit_object_off_carriageway,first_point_of_impact,vehicle_left_hand_drive,journey_purpose_of_driver_historic,journey_purpose_of_driver,sex_of_driver,age_of_driver,age_band_of_driver,engine_capacity_cc,propulsion_code,age_of_vehicle,generic_make_model,driver_imd_decile,lsoa_of_driver,escooter_flag,driver_distance_banding
2024302401527,2024,302401527,1,9,0,9,9,4,2,0,0,6,0,0,0,0,1,1,6,6,2,29,6,1229,1,10,VAUXHALL CORSA,1,E01019650,0,1
2024610032424,2024,610032424,1,9,0,16,19,4,7,0,0,0,5,0,0,0,1,1,6,6,1,17,4,1229,1,15,VAUXHALL CORSA,3,W01001302,0,2
2024052401103,2024,052401103,1,9,0,18,19,3,7,0,0,4,0,0,0,0,1,1,6,6,1,-1,-1,1229,1,11,VAUXHALL CORSA,3,E01006959,0,1
2024211536409,2024,211536409,2,9,0,-1,2,5,5,-1,0,0,0,0,0,0,4,1,-1,9,2,57,9,1248,2,16,VAUXHALL CORSA,3,E01029808,0,1
2024161528390,2024,161528390,2,9,0,-1,5,8,3,-1,0,6,0,0,0,0,1,1,-1,6,1,-1,-1,1248,2,16,VAUXHALL CORSA,-1,-1,0,-1
2024010503518,2024,010503518,1,9,0,4,4,5,1,0,0,0,0,0,0,0,1,1,6,6,2,19,4,1398,1,12,VAUXHALL CORSA,3,E01001445,0,2
2024311499200,2024,311499200,1,9,0,-1,19,5,1,-1,0,0,0,0,0,0,1,9,-1,6,2,73,10,1199,1,0,VAUXHALL CORSA,-1,-1,0,-1
2024451474317,2024,451474317,1,9,0,-1,9,5,7,-1,0,8,0,0,0,0,1,1,-1,9,1,40,7,1199,1,1,VAUXHALL CORSA,-1,-1,0,-1
2024371515583,2024,371515583,2,9,0,-1,19,3,7,-1,0,8,0,0,0,0,1,1,-1,9,2,19,4,1229,1,17,VAUXHALL CORSA,10,E01033444,0,1
2024421419802,2024,421419802,2,9,0,-1,19,3,7,-1,0,0,0,0,0,0,1,1,-1,9,2,23,5,1229,1,14,VAUXHALL CORSA,3,E01021370,0,3
2024041433432,2024,041433432,2,9,0,-1,3,1,5,-1,0,0,0,0,0,0,2,1,-1,2,2,29,6,1229,1,14,VAUXHALL CORSA,1,E01012724,0,1
2024041492231,2024,041492231,2,9,0,-1,19,1,3,-1,0,1,0,0,1,7,1,1,-1,6,2,17,4,1229,1,9,VAUXHALL CORSA,8,E01025516,0,1
2024549878224,2024,549878224,1,9,0,9,9,3,8,0,0,6,0,0,0,0,1,1,6,6,1,25,5,1398,1,5,VAUXHALL CORSA,7,E01034540,0,1
2024031447234,2024,031447234,2,9,0,-1,19,7,3,-1,0,1,0,0,0,0,1,1,-1,6,2,17,4,1229,1,9,VAUXHALL CORSA,5,E01019094,0,1
2024231440272,2024,231440272,2,9,0,-1,3,3,7,-1,0,1,0,0,0,0,2,9,-1,6,2,50,8,1229,1,9,VAUXHALL CORSA,4,E01015622,0,5
2024131511095,2024,131511095,2,9,0,-1,19,3,7,-1,0,8,0,0,0,0,3,1,-1,9,2,83,11,1398,1,5,VAUXHALL CORSA,8,E01011219,0,4
2024061463230,2024,061463230,2,9,0,-1,5,-1,-1,-1,0,0,0,0,0,0,1,1,-1,6,1,25,5,1248,2,15,VAUXHALL CORSA,-1,-1,0,-1
2024421503402,2024,421503402,1,9,0,-1,9,5,4,-1,0,0,0,0,0,0,1,1,-1,6,2,80,11,1364,1,15,VAUXHALL CORSA,6,E01015818,0,1
2024221452453,2024,221452453,1,9,0,-1,9,7,4,-1,0,6,0,0,0,0,1,1,-1,7,2,18,4,1229,1,17,VAUXHALL CORSA,5,E01015205,0,5
2024991532010,2024,991532010,1,9,0,-1,19,1,5,-1,0,2,0,0,0,0,4,1,-1,6,2,56,9,1199,1,1,VAUXHALL CORSA,-1,-1,0,-1
2024991445805,2024,991445805,2,9,0,-1,19,5,8,-1,0,0,0,0,0,0,1,1,-1,9,1,50,8,1229,1,15,VAUXHALL CORSA,-1,-1,0,-1
2024302500241,2024,302500241,1,9,0,-1,19,5,3,-1,0,0,1,0,1,11,1,1,-1,6,2,42,7,1364,1,17,VAUXHALL CORSA,2,E01019563,0,2
2024411414160,2024,411414160,2,9,0,-1,19,5,1,-1,0,0,0,0,1,4,4,1,-1,1,1,28,6,1229,1,11,VAUXHALL CORSA,8,E01033026,0,1
2024131430088,2024,131430088,1,9,0,-1,5,7,5,-1,0,6,0,0,0,0,3,1,-1,9,1,73,10,1398,1,6,VAUXHALL CORSA,6,E01010690,0,1
2024471526612,2024,471526612,1,9,0,-1,19,7,3,-1,0,0,0,0,0,0,1,1,-1,2,1,44,7,1398,1,8,VAUXHALL CORSA,8,E01031474,0,1
2024141497869,2024,141497869,2,9,0,-1,9,7,4,-1,0,8,0,0,0,0,1,1,-1,2,2,17,4,1229,1,9,VAUXHALL CORSA,2,E01007435,0,1
2024631528328,2024,631528328,1,9,0,-1,19,1,5,-1,0,0,5,0,7,11,1,1,-1,9,2,33,6,1229,1,13,VAUXHALL CORSA,3,W01001902,0,3
2024131516043,2024,131516043,1,9,0,-1,5,5,1,-1,0,3,0,0,0,0,1,1,-1,6,1,79,11,1229,1,12,VAUXHALL CORSA,3,E01010599,0,1
2024131491446,2024,131491446,1,9,0,-1,15,1,5,-1,0,0,0,0,0,0,1,1,-1,6,3,-1,-1,1229,1,17,VAUXHALL CORSA,-1,-1,0,-1
2024161526509,2024,161526509,1,9,0,-1,19,6,8,-1,0,0,0,0,0,0,1,9,-1,6,3,-1,-1,1199,1,1,VAUXHALL CORSA,-1,-1,0,-1
2024332400962,2024,332400962,2,9,0,-1,19,5,1,-1,0,8,0,0,0,0,3,1,-1,2,2,39,7,1248,2,15,VAUXHALL CORSA,9,E01025908,0,4
2024411452370,2024,411452370,2,9,0,-1,19,7,3,-1,0,0,0,2,0,0,4,1,-1,6,2,50,8,1398,1,11,VAUXHALL CORSA,6,E01003742,0,4
2024101515657,2024,101515657,2,9,0,-1,5,7,3,-1,0,8,0,0,0,0,1,1,-1,9,2,35,6,1199,1,4,VAUXHALL CORSA,2,E01008822,0,1
2024122400235,2024,122400235,1,9,0,18,19,3,7,0,0,0,0,0,0,0,3,1,6,6,1,19,4,1229,1,18,VAUXHALL CORSA,9,E01033185,0,1
2024421504371,2024,421504371,2,9,-1,-1,3,3,7,-1,0,0,0,0,0,0,2,9,-1,6,1,-1,-1,1598,1,8,VAUXHALL CORSA,6,E01021275,0,1
2024320188300,2024,320188300,3,9,0,2,2,0,0,0,0,0,0,0,1,0,2,1,6,6,3,-1,-1,1229,1,18,VAUXHALL CORSA,-1,-1,0,-1
2024401482539,2024,401482539,2,9,0,-1,-1,-1,-1,-1,-1,0,-1,-1,-1,0,2,9,-1,9,1,77,11,1398,1,12,VAUXHALL CORSA,2,E01015787,0,1
2024161527513,2024,161527513,1,9,0,-1,9,7,5,-1,2,2,0,0,0,0,3,1,-1,9,1,40,7,1389,1,19,VAUXHALL CORSA,1,E01012855,0,1
2024302401351,2024,302401351,2,9,0,18,19,7,3,0,0,0,0,0,0,0,1,1,1,1,3,38,7,1389,1,20,VAUXHALL CORSA,5,E01019417,0,3
2024031526876,2024,031526876,2,9,0,-1,19,2,6,-1,0,0,0,0,0,0,1,1,-1,2,1,29,6,1398,1,13,VAUXHALL CORSA,-1,-1,0,-1
2024141453985,2024,141453985,2,9,0,-1,7,5,8,-1,0,3,0,0,1,0,1,2,-1,6,2,51,8,1199,1,3,VAUXHALL CORSA,5,E01034253,0,1
2024421441948,2024,421441948,2,9,0,-1,19,3,1,-1,0,4,0,0,0,0,4,1,-1,6,1,40,7,1199,1,1,VAUXHALL CORSA,10,E01023454,0,3
2024010534846,2024,010534846,3,9,0,18,19,3,7,0,0,1,0,0,0,0,1,1,6,6,3,-1,-1,1229,1,10,VAUXHALL CORSA,-1,-1,0,-1
2024061484779,2024,061484779,2,9,0,-1,5,5,1,-1,0,1,0,0,0,0,1,1,-1,9,2,21,5,1229,1,9,VAUXHALL CORSA,4,E01005816,0,1
2024522401097,2024,522401097,1,9,0,18,19,7,3,0,0,0,0,0,7,10,3,1,6,6,1,34,6,998,1,12,VAUXHALL CORSA,1,E01014583,0,2
2024991456244,2024,991456244,1,9,0,-1,19,4,1,-1,0,4,1,0,1,2,4,1,-1,9,1,20,4,1229,1,17,VAUXHALL CORSA,3,-1,0,3
2024351463864,2024,351463864,2,9,0,-1,6,1,5,-1,0,0,0,0,0,0,4,1,-1,6,1,19,4,1229,1,9,VAUXHALL CORSA,9,E01015635,0,1
2024610007524,2024,610007524,2,9,0,17,19,1,6,0,0,0,0,0,0,0,1,1,2,2,1,37,7,1229,1,10,VAUXHALL CORSA,1,W01001457,0,3
2024991420690,2024,991420690,2,9,0,-1,19,7,3,-1,0,8,0,0,0,0,3,1,-1,9,2,40,7,1229,1,12,VAUXHALL CORSA,-1,-1,0,-1
2024622400050,2024,622400050,2,9,0,5,5,6,2,0,0,1,0,0,0,0,1,1,1,1,1,21,5,1229,1,12,VAUXHALL CORSA,2,W01000745,0,4
2024552400827,2024,552400827,2,9,0,3,3,2,6,0,0,2,0,0,0,0,2,1,6,6,2,40,7,1398,1,11,VAUXHALL CORSA,2,E01015362,0,1
2024361428731,2024,361428731,1,9,0,-1,19,1,1,-1,0,0,2,0,0,0,1,1,-1,6,1,74,10,1199,1,21,VAUXHALL CORSA,4,E01026759,0,2
2024471530552,2024,471530552,1,9,0,-1,19,3,7,-1,0,0,0,0,0,0,3,9,-1,6,1,-1,-1,1362,1,10,VAUXHALL CORSA,-1,-1,0,-1
2024010522661,2024,010522661,1,9,0,18,19,7,3,0,0,0,0,0,0,0,1,1,6,6,2,24,5,1364,1,17,VAUXHALL CORSA,-1,-1,0,-1
2024440225617,2024,440225617,1,9,0,18,19,5,1,0,0,8,0,0,0,0,1,1,6,6,2,68,10,1229,1,10,VAUXHALL CORSA,4,E01017164,0,1
2024211535302,2024,211535302,2,9,0,-1,19,1,3,-1,0,5,0,0,0,0,2,1,-1,6,1,24,5,1199,1,3,VAUXHALL CORSA,2,E01014355,0,2
2024010548317,2024,010548317,1,19,0,-1,-1,5,1,0,0,1,0,0,0,0,1,1,6,6,1,30,6,1248,2,7,VAUXHALL CORSA,3,E01004123,0,1
2024451395049,2024,451395049,1,9,0,-1,12,3,1,-1,0,6,0,0,0,0,4,1,-1,7,2,22,5,1398,1,11,VAUXHALL CORSA,7,E01030361,0,1
202460Q125681,2024,60Q125681,1,9,0,8,8,1,5,0,0,1,0,0,0,0,1,1,6,6,2,73,10,1398,1,7,VAUXHALL CORSA,-1,-1,0,-1
2024231460406,2024,231460406,1,9,0,-1,19,8,5,-1,0,0,0,0,1,10,1,1,-1,9,1,35,6,1398,1,12,VAUXHALL CORSA,6,E01035021,0,3
2024101511921,2024,101511921,1,9,0,-1,19,5,1,-1,0,2,0,0,0,0,1,9,-1,6,3,40,7,1199,1,1,VAUXHALL CORSA,-1,-1,0,-1
2024440202878,2024,440202878,1,9,0,5,5,7,3,0,0,6,0,0,0,0,3,1,6,6,1,52,8,1398,1,8,VAUXHALL CORSA,4,E01017020,0,1
2024070280050,2024,070280050,2,9,0,18,19,1,5,0,0,8,0,0,0,0,3,1,6,6,1,32,6,998,1,10,VAUXHALL CORSA,4,E01012510,0,1
2024371454173,2024,371454173,1,9,0,-1,19,4,8,-1,0,0,0,0,0,0,1,1,-1,2,1,33,6,1398,1,10,VAUXHALL CORSA,3,E01033046,0,1
2024421477419,2024,421477419,2,9,0,-1,9,3,1,-1,0,0,1,0,7,0,2,1,-1,9,1,70,10,1229,1,10,VAUXHALL CORSA,7,E01021510,0,2
2024131458475,2024,131458475,2,9,0,-1,4,3,7,-1,0,0,0,0,0,0,2,1,-1,2,2,47,8,1199,1,0,VAUXHALL CORSA,1,E01011472,0,2
2024221454807,2024,221454807,1,9,0,-1,19,7,3,-1,0,8,0,0,0,0,1,1,-1,6,1,57,9,1199,1,3,VAUXHALL CORSA,6,E01014184,0,2
2024061422277,2024,061422277,1,9,0,-1,-1,-1,-1,-1,-1,0,-1,-1,-1,0,-1,1,-1,6,1,-1,-1,1199,1,4,VAUXHALL CORSA,5,E01006247,0,1
2024401440275,2024,401440275,2,9,0,-1,19,5,1,-1,0,0,0,0,0,0,1,1,-1,6,2,26,6,1229,1,15,VAUXHALL CORSA,2,E01015787,0,1
2024610011024,2024,610011024,2,9,0,9,9,7,5,0,0,8,0,0,0,0,4,1,6,6,1,24,5,1229,1,17,VAUXHALL CORSA,5,W01001611,0,1
2024340WN4262,2024,340WN4262,2,9,0,-1,3,2,6,-1,0,1,0,0,0,0,2,1,-1,6,2,68,10,1398,1,6,VAUXHALL CORSA,5,E01027158,0,1
2024522402198,2024,522402198,1,9,0,8,8,8,2,0,0,1,0,0,0,0,4,1,6,6,1,34,6,1398,1,9,VAUXHALL CORSA,5,E01014720,0,1
2024471490515,2024,471490515,1,9,0,-1,5,5,5,-1,0,0,0,0,0,0,4,1,-1,9,2,61,9,1398,1,6,VAUXHALL CORSA,7,E01031566,0,4
2024201524397,2024,201524397,5,9,0,-1,2,0,0,-1,0,0,0,0,0,0,1,1,-1,6,-1,-1,-1,1229,1,15,VAUXHALL CORSA,-1,-1,0,-1
2024991533087,2024,991533087,2,9,0,-1,8,3,7,-1,0,8,0,0,0,0,2,1,-1,9,1,25,5,1229,1,9,VAUXHALL CORSA,8,-1,0,4
2024320446710,2024,320446710,2,9,0,-1,-1,2,6,0,0,0,0,0,1,9,1,1,6,6,1,18,4,1398,1,7,VAUXHALL CORSA,5,E01013200,0,3
2024122401281,2024,122401281,1,9,0,18,19,7,3,0,0,8,0,0,7,0,3,1,6,6,2,29,6,1229,1,9,VAUXHALL CORSA,1,E01012888,0,4
2024122400726,2024,122400726,1,9,0,7,7,5,7,0,0,4,0,0,0,0,3,1,6,6,2,61,9,1199,1,3,VAUXHALL CORSA,2,E01027872,0,1
2024520402450,2024,520402450,1,9,0,18,19,5,1,0,0,0,0,0,0,0,4,1,6,6,1,58,9,-1,3,1,VAUXHALL CORSA,-1,-1,0,-1
2024201472279,2024,201472279,1,9,0,-1,9,6,3,-1,0,5,0,0,0,0,1,1,-1,6,1,29,6,1398,1,7,VAUXHALL CORSA,1,E01008907,0,1
2024371474771,2024,371474771,1,9,0,-1,19,1,5,-1,0,0,0,0,0,0,1,1,-1,6,2,19,4,1229,1,11,VAUXHALL CORSA,2,E01008987,0,5
2024461507635,2024,461507635,1,9,0,-1,8,6,3,-1,0,1,0,0,0,0,1,1,-1,2,1,50,8,1229,1,14,VAUXHALL CORSA,1,E01024196,0,1
2024461458205,2024,461458205,1,9,0,-1,19,1,6,-1,-1,0,2,0,1,11,1,1,-1,6,1,21,5,1364,1,14,VAUXHALL CORSA,1,E01024609,0,4
2024461400143,2024,461400143,2,9,0,-1,2,5,5,-1,0,0,0,4,0,0,3,9,-1,6,-1,-1,-1,1229,1,16,VAUXHALL CORSA,-1,-1,0,-1
2024471418374,2024,471418374,2,9,0,-1,19,6,2,-1,0,0,0,0,0,0,1,9,-1,6,2,28,6,-1,3,3,VAUXHALL CORSA,4,E01016882,0,2
202454B809024,2024,54B809024,1,9,0,18,19,2,6,0,0,1,0,0,0,0,4,1,6,6,2,27,6,1229,1,13,VAUXHALL CORSA,8,E01034530,0,2
2024501483820,2024,501483820,1,9,0,-1,19,3,6,-1,0,0,0,0,1,0,1,1,-1,9,1,28,6,1398,1,5,VAUXHALL CORSA,5,E01032397,0,5
2024991487000,2024,991487000,1,9,0,-1,19,8,6,-1,9,4,0,0,3,11,1,1,-1,6,1,72,10,1229,1,13,VAUXHALL CORSA,7,-1,0,1
2024401467960,2024,401467960,1,9,0,-1,19,4,1,-1,0,8,0,0,0,0,3,1,-1,6,1,79,11,1199,1,1,VAUXHALL CORSA,8,E01015799,0,3
2024101505315,2024,101505315,1,9,0,-1,5,3,7,-1,0,2,0,0,0,0,1,1,-1,6,2,45,7,998,1,13,VAUXHALL CORSA,2,E01008228,0,1
2024411486702,2024,411486702,2,9,0,-1,19,5,1,-1,0,0,0,0,0,0,1,1,-1,6,2,53,8,1229,1,14,VAUXHALL CORSA,4,E01023956,0,1
2024010512271,2024,010512271,2,9,0,12,12,7,3,0,0,8,0,0,0,0,1,1,6,6,3,24,5,1364,1,16,VAUXHALL CORSA,2,E01001554,0,3
2024991425393,2024,991425393,1,9,0,-1,19,7,3,-1,0,2,5,0,0,0,1,1,-1,9,2,71,10,1364,1,15,VAUXHALL CORSA,7,-1,0,1
2024471405610,2024,471405610,2,9,0,-1,3,3,7,-1,0,1,0,0,0,0,2,1,-1,9,2,50,8,1364,1,16,VAUXHALL CORSA,3,E01021092,0,1
2024131400989,2024,131400989,2,9,0,-1,19,6,2,-1,0,0,0,0,0,0,2,1,-1,9,2,22,5,1199,1,4,VAUXHALL CORSA,8,E01011459,0,3
2024161501894,2024,161501894,5,9,0,-1,2,0,0,-1,0,1,0,0,0,0,2,9,-1,6,-1,-1,-1,1398,1,5,VAUXHALL CORSA,-1,-1,0,-1
2024542461024,2024,542461024,1,9,0,5,5,2,6,0,0,1,0,0,0,0,1,1,6,6,2,82,11,1248,2,13,VAUXHALL CORSA,9,E01015523,0,3
2024320546166,2024,320546166,1,9,0,-1,-1,8,4,0,0,4,0,0,0,0,1,1,6,6,1,19,4,1229,1,11,VAUXHALL CORSA,-1,-1,0,-1
2024531524431,2024,531524431,2,9,0,-1,19,6,4,-1,0,0,0,0,0,0,3,1,-1,9,1,21,5,1398,1,12,VAUXHALL CORSA,6,E01022229,0,1
2024111440206,2024,111440206,1,9,0,-1,19,6,4,-1,0,1,0,0,0,0,1,1,-1,6,1,24,5,1398,1,8,VAUXHALL CORSA,9,E01008194,0,2
2024041418197,2024,041418197,2,9,0,-1,19,3,7,-1,0,8,0,0,0,0,3,1,-1,6,1,37,7,-1,3,2,VAUXHALL CORSA,8,E01025416,0,1
2024311414793,2024,311414793,1,9,0,-1,19,8,4,-1,0,1,0,0,0,0,1,1,-1,6,1,27,6,1229,1,13,VAUXHALL CORSA,3,E01013843,0,4
2024340WN4422,2024,340WN4422,1,9,0,-1,19,7,3,-1,0,0,5,0,1,1,1,1,-1,9,1,25,5,1229,1,10,VAUXHALL CORSA,5,E01015777,0,4
2024101457426,2024,101457426,1,9,0,-1,19,6,8,-1,0,8,0,0,0,0,1,1,-1,9,2,80,11,1229,1,14,VAUXHALL CORSA,9,E01027439,0,1
2024010499655,2024,010499655,1,9,0,9,9,3,1,0,0,8,0,0,0,0,1,1,2,2,2,-1,-1,998,1,14,VAUXHALL CORSA,4,E01001321,0,2
2024161515636,2024,161515636,1,9,0,-1,9,1,7,-1,0,5,0,0,0,0,4,1,-1,2,1,63,9,1199,1,3,VAUXHALL CORSA,4,E01013183,0,1
2024610021624,2024,610021624,2,9,0,18,19,8,4,0,0,1,0,0,0,0,1,1,6,6,2,54,8,1398,1,12,VAUXHALL CORSA,9,W01001654,0,1
2024311414287,2024,311414287,1,9,0,-1,9,1,7,-1,0,2,0,0,0,0,1,1,-1,6,2,53,8,1229,1,15,VAUXHALL CORSA,3,E01028062,0,1
2024411531070,2024,411531070,1,9,0,-1,3,1,5,-1,0,0,1,0,0,0,1,1,-1,9,1,50,8,1199,1,1,VAUXHALL CORSA,4,E01021799,0,4
2024332400064,2024,332400064,1,9,0,-1,5,3,7,-1,0,6,0,0,3,4,3,1,-1,6,1,40,7,-1,-1,-1,VAUXHALL CORSA,7,E01025952,0,3
2024461403633,2024,461403633,2,9,0,-1,19,1,5,-1,0,0,0,0,0,0,1,9,-1,7,2,25,5,1364,1,16,VAUXHALL CORSA,4,E01016143,0,1
2024361415653,2024,361415653,2,9,0,-1,7,5,5,-1,0,6,0,0,0,0,4,1,-1,9,2,48,8,1364,1,18,VAUXHALL CORSA,4,E01026705,0,1
2024991421773,2024,991421773,2,9,0,-1,19,1,5,-1,0,2,0,0,0,0,1,1,-1,9,2,29,6,1199,1,3,VAUXHALL CORSA,7,-1,0,1
2024101532305,2024,101532305,1,9,0,-1,9,6,4,-1,0,5,0,0,0,0,1,1,-1,6,2,38,7,1398,1,6,VAUXHALL CORSA,10,E01008522,0,1
2024131448282,2024,131448282,2,9,0,-1,9,1,8,-1,0,8,0,0,0,0,1,1,-1,9,1,23,5,1398,1,11,VAUXHALL CORSA,3,E01010810,0,3
2024461511281,2024,461511281,1,9,0,-1,9,3,7,-1,0,0,0,0,0,0,3,9,-1,6,1,80,11,1398,1,12,VAUXHALL CORSA,5,E01033792,0,1
2024461456959,2024,461456959,1,9,0,-1,19,1,3,-1,0,0,0,0,0,0,1,9,-1,6,3,-1,-1,1398,1,7,VAUXHALL CORSA,-1,-1,0,-1
2024122400705,2024,122400705,1,9,0,18,19,7,3,0,0,8,0,0,0,0,1,1,6,6,2,79,11,1229,1,14,VAUXHALL CORSA,10,E01011454,0,3
2024311476796,2024,311476796,2,9,0,-1,3,7,3,-1,0,0,0,0,0,0,2,1,-1,9,1,29,6,1229,1,15,VAUXHALL CORSA,-1,-1,0,-1
2024332400660,2024,332400660,1,9,0,-1,9,5,3,-1,0,5,0,0,0,0,4,1,-1,9,2,42,7,1364,1,15,VAUXHALL CORSA,1,E01013600,0,1
2024991433234,2024,991433234,2,9,0,-1,7,2,5,-1,0,3,0,0,0,0,3,1,-1,9,1,19,4,1248,2,7,VAUXHALL CORSA,1,-1,0,3
2024332400245,2024,332400245,1,9,0,-1,4,5,1,-1,0,0,0,0,0,0,2,1,-1,9,2,49,8,1199,1,2,VAUXHALL CORSA,9,E01025908,0,1
2024131489480,2024,131489480,1,9,0,-1,19,4,8,-1,0,1,0,0,0,0,1,1,-1,9,1,26,6,1398,1,6,VAUXHALL CORSA,9,E01011572,0,3
2024010538351,2024,010538351,2,9,0,18,19,3,7,0,0,0,0,4,0,0,1,1,6,6,1,23,5,1398,1,6,VAUXHALL CORSA,2,E01003576,0,1
2024311514317,2024,311514317,1,9,0,-1,9,4,1,-1,0,6,0,0,0,0,1,1,-1,2,2,26,6,1398,1,5,VAUXHALL CORSA,1,E01013880,0,2
2024101401171,2024,101401171,1,9,0,-1,19,6,2,-1,0,1,0,0,0,0,1,1,-1,6,1,23,5,998,1,12,VAUXHALL CORSA,-1,-1,0,-1
2024041430552,2024,041430552,1,9,0,-1,5,5,1,-1,0,0,0,0,0,0,1,1,-1,1,1,29,6,1398,1,14,VAUXHALL CORSA,6,E01025421,0,1
2024531510975,2024,531510975,2,9,0,-1,19,2,6,-1,0,1,0,0,0,0,1,1,-1,9,1,27,6,1199,1,2,VAUXHALL CORSA,10,E01033336,0,4
2024221519973,2024,221519973,1,9,0,-1,9,3,1,-1,0,5,2,0,2,9,1,1,-1,6,1,18,4,999,1,9,VAUXHALL CORSA,5,E01032198,0,1
2024501496938,2024,501496938,1,9,0,-1,19,7,3,-1,2,0,0,0,0,0,1,1,-1,2,1,18,4,1229,1,16,VAUXHALL CORSA,6,E01020187,0,1
2024131413303,2024,131413303,1,9,0,-1,19,1,5,-1,0,1,0,0,0,0,1,1,-1,6,2,23,5,1229,1,16,VAUXHALL CORSA,1,E01011107,0,1
2024371440093,2024,371440093,1,9,0,-1,19,1,5,-1,0,0,2,0,1,4,4,1,-1,6,2,34,6,1229,1,18,VAUXHALL CORSA,6,E01029944,0,1
2024010505556,2024,010505556,2,9,0,11,11,7,3,0,0,0,0,0,0,0,4,1,2,2,2,29,6,-1,3,3,VAUXHALL CORSA,8,E01016510,0,3
2024461481428,2024,461481428,2,9,0,-1,3,4,8,-1,0,2,0,0,0,0,2,1,-1,6,2,20,4,1229,1,16,VAUXHALL CORSA,6,E01024807,0,1
2024122500435,2024,122500435,1,9,0,18,19,1,5,0,0,0,0,0,1,4,1,1,1,1,2,46,8,1199,1,20,VAUXHALL CORSA,6,E01027610,0,1
2024311533386,2024,311533386,1,9,0,-1,4,1,5,-1,0,4,0,0,0,0,2,1,-1,6,2,21,5,1398,1,11,VAUXHALL CORSA,9,E01028180,0,1
2024141456513,2024,141456513,2,9,0,-1,19,7,3,-1,0,0,0,0,0,0,1,1,-1,9,2,25,5,1398,1,5,VAUXHALL CORSA,4,E01011669,0,4
2024421506785,2024,421506785,2,9,0,-1,-1,-1,-1,-1,-1,0,-1,-1,-1,0,-1,9,-1,6,2,36,7,1199,1,22,VAUXHALL CORSA,4,E01021674,0,1
2024471464393,2024,471464393,1,9,0,-1,19,4,8,-1,0,0,0,0,0,0,4,1,-1,9,1,22,5,1248,2,14,VAUXHALL CORSA,1,E01020920,0,1
2024010514267,2024,010514267,2,9,0,13,13,9,9,99,99,0,9,99,9,99,9,9,6,6,3,-1,-1,1229,1,11,VAUXHALL CORSA,-1,-1,0,-1
2024461474710,2024,461474710,2,9,0,-1,4,2,6,-1,0,3,0,0,0,0,2,1,-1,6,2,53,8,1398,1,9,VAUXHALL CORSA,9,E01000440,0,2
2024010537198,2024,010537198,1,9,0,99,99,9,9,99,99,9,9,99,9,99,9,9,6,6,3,-1,-1,1229,1,10,VAUXHALL CORSA,-1,-1,0,-1
2024131489392,2024,131489392,1,9,0,-1,19,3,2,-1,0,0,0,0,0,0,1,1,-1,9,2,74,10,1398,1,8,VAUXHALL CORSA,4,E01011891,0,1
2024041432426,2024,041432426,1,9,0,-1,19,5,1,-1,0,0,0,10,0,0,4,1,-1,9,2,20,4,1398,1,5,VAUXHALL CORSA,7,E01025096,0,3
2024430095154,2024,430095154,2,9,0,9,9,3,1,0,0,5,0,0,0,0,4,1,3,7,2,-1,-1,1199,1,5,VAUXHALL CORSA,-1,-1,0,-1
2024141524020,2024,141524020,2,9,0,-1,19,7,3,-1,0,0,0,0,1,0,1,1,-1,9,1,25,5,1398,1,12,VAUXHALL CORSA,1,E01007462,0,1
2024211526799,2024,211526799,1,9,0,-1,19,6,3,-1,0,4,0,0,0,0,1,1,-1,6,1,64,9,1362,1,11,VAUXHALL CORSA,9,E01033257,0,1
2024430346351,2024,430346351,1,9,0,18,19,3,7,0,0,0,5,0,1,0,1,1,6,6,1,19,4,1199,1,4,VAUXHALL CORSA,5,E01021833,0,4
2024131413633,2024,131413633,1,9,0,-1,19,1,5,-1,0,0,0,0,0,0,1,1,-1,6,1,31,6,1199,1,3,VAUXHALL CORSA,2,E01010749,0,1
2024520402147,2024,520402147,2,9,0,18,19,5,1,0,0,0,0,0,0,0,1,1,6,6,1,35,6,1398,1,12,VAUXHALL CORSA,7,E01035107,0,1
2024552400108,2024,552400108,1,9,0,18,19,2,6,0,0,0,2,0,1,4,1,1,6,6,2,19,4,998,1,17,VAUXHALL CORSA,6,E01020437,0,1
2024501470659,2024,501470659,1,9,0,-1,19,3,7,-1,0,0,1,0,0,0,4,9,-1,1,1,36,7,1229,1,10,VAUXHALL CORSA,7,E01034624,0,1
2024122400260,2024,122400260,1,9,0,18,19,5,1,0,0,4,1,0,0,0,1,1,6,6,2,57,9,999,1,8,VAUXHALL CORSA,5,E01027582,0,1
2024070398330,2024,070398330,1,9,0,5,5,1,5,0,0,4,0,0,0,0,1,1,6,6,3,-1,-1,1598,1,17,VAUXHALL CORSA,-1,-1,0,-1
2024610029124,2024,610029124,3,9,0,8,8,3,7,0,0,1,0,0,1,0,1,1,6,6,1,54,8,1229,1,15,VAUXHALL CORSA,7,W01001380,0,1