collision_index,collision_year,collision_ref_no,vehicle_reference,vehicle_type,towing_and_articulation,vehicle_manoeuvre_historic,vehicle_manoeuvre,vehicle_direction_from,vehicle_direction_to,vehicle_location_restricted_lane_historic,vehicle_location_restricted_lane,junction_location,skidding_and_overturning,hit_object_in_carriageway,vehicle_leaving_carriageway,hit_object_off_carriageway,first_point_of_impact,vehicle_left_hand_drive,journey_purpose_of_driver_historic,journey_purpose_of_driver,sex_of_driver,age_of_driver,age_band_of_driver,engine_capacity_cc,propulsion_code,age_of_vehicle,generic_make_model,driver_imd_decile,lsoa_of_driver,escooter_flag,driver_distance_banding
2024631487024,2024,631487024,3,9,0,-1,19,7,3,-1,0,0,0,0,0,0,1,1,-1,9,1,52,8,-1,-1,-1,VAUXHALL CORSA,2,W01000588,0,3
2024622400224,2024,622400224,1,9,0,7,7,6,1,0,0,2,0,0,0,0,1,1,6,6,1,25,5,1199,1,4,VAUXHALL CORSA,3,W01001167,0,1
2024501520352,2024,501520352,2,9,0,-1,19,2,6,-1,0,1,0,0,0,0,1,1,-1,9,2,20,4,1398,1,6,VAUXHALL CORSA,7,E01020047,0,3
2024991437591,2024,991437591,2,9,0,-1,19,8,5,-1,0,8,0,0,0,0,3,1,-1,1,2,35,6,1398,1,8,VAUXHALL CORSA,8,-1,0,3
2024531482473,2024,531482473,1,9,0,-1,19,5,1,-1,0,0,2,0,1,0,1,1,-1,2,1,17,4,998,1,14,VAUXHALL CORSA,7,E01013999,0,4
2024010525883,2024,010525883,1,9,5,5,5,5,1,0,0,3,0,0,0,0,1,1,2,2,2,46,8,1199,1,1,VAUXHALL CORSA,9,E01021927,0,4
2024440128543,2024,440128543,2,9,0,5,5,2,6,0,0,6,0,0,0,0,1,1,6,6,2,39,7,1199,1,1,VAUXHALL CORSA,4,E01022936,0,1
2024010544270,2024,010544270,2,9,0,18,19,5,1,0,0,8,0,0,0,0,1,2,6,6,1,18,4,1398,1,8,VAUXHALL CORSA,5,E01000418,0,3
2024461494772,2024,461494772,2,9,0,-1,9,3,8,-1,0,3,5,10,0,0,4,1,-1,1,2,50,8,1229,1,11,VAUXHALL CORSA,3,E01016154,0,1
2024041521222,2024,041521222,3,9,0,-1,8,4,6,-1,0,8,0,0,0,0,1,1,-1,9,1,61,9,1199,1,4,VAUXHALL CORSA,1,E01012574,0,1
2024340NN2222,2024,340NN2222,1,9,0,-1,9,5,3,-1,0,5,0,0,0,0,3,1,-1,9,1,31,6,1229,1,15,VAUXHALL CORSA,4,E01027327,0,2
2024522401673,2024,522401673,1,9,0,10,10,4,3,0,0,1,0,0,0,0,3,1,6,6,2,23,5,1389,1,18,VAUXHALL CORSA,3,E01029072,0,4
2024548882824,2024,548882824,2,9,0,18,19,6,2,0,0,0,0,0,0,0,1,1,6,6,1,44,7,-1,3,3,VAUXHALL CORSA,8,E01032041,0,2
2024201477420,2024,201477420,1,9,0,-1,19,6,2,-1,0,8,0,0,0,0,1,1,-1,6,2,22,5,1229,1,13,VAUXHALL CORSA,1,E01010414,0,1
2024101469359,2024,101469359,1,9,0,-1,19,1,4,-1,0,4,0,0,0,0,1,9,-1,6,1,27,6,1398,1,13,VAUXHALL CORSA,2,E01008491,0,2
2024991457344,2024,991457344,1,9,0,-1,19,3,7,-1,0,1,0,0,1,0,1,1,-1,2,2,21,5,1398,1,8,VAUXHALL CORSA,-1,-1,0,-1
2024320148593,2024,320148593,1,9,0,-1,-1,8,4,0,0,0,0,0,1,10,1,1,-1,-1,2,46,8,1398,1,8,VAUXHALL CORSA,8,E01026035,0,1
2024440274613,2024,440274613,1,9,0,4,4,2,6,0,0,0,0,0,0,0,2,1,6,6,2,21,5,1229,1,13,VAUXHALL CORSA,4,E01025572,0,5
2024161438522,2024,161438522,1,9,0,-1,19,7,3,-1,0,2,0,0,0,0,1,1,-1,6,1,20,4,1229,1,12,VAUXHALL CORSA,7,E01013094,0,1
2024440058900,2024,440058900,1,9,0,4,4,6,2,0,0,0,0,0,1,9,2,1,6,6,2,20,4,1398,1,8,VAUXHALL CORSA,8,E01032841,0,3
2024201433901,2024,201433901,3,9,0,-1,9,1,6,-1,0,5,0,0,0,0,4,9,-1,9,1,18,4,1398,1,12,VAUXHALL CORSA,2,E01009887,0,1
2024440553402,2024,440553402,1,9,0,18,19,7,3,0,0,0,0,0,0,0,1,1,6,6,2,48,8,1229,1,11,VAUXHALL CORSA,1,E01022843,0,1
2024401541137,2024,401541137,1,9,0,-1,5,8,4,-1,0,6,0,0,0,0,3,1,-1,6,1,32,6,1199,1,0,VAUXHALL CORSA,-1,-1,0,-1
2024201580971,2024,201580971,2,9,0,-1,19,5,1,-1,0,0,0,0,0,0,2,9,-1,6,2,39,7,1398,1,8,VAUXHALL CORSA,2,E01010080,0,1
2024131420735,2024,131420735,2,9,0,-1,19,3,3,-1,0,8,1,0,1,0,3,1,-1,9,2,52,8,1398,1,8,VAUXHALL CORSA,1,E01010944,0,1
2024041450004,2024,041450004,1,9,0,-1,9,2,6,-1,0,0,0,0,0,0,1,1,-1,9,1,51,8,1229,1,14,VAUXHALL CORSA,2,E01025244,0,1
2024010501704,2024,010501704,2,9,0,18,19,3,7,0,0,8,0,0,0,0,1,1,6,6,1,28,6,-1,-1,-1,VAUXHALL CORSA,3,E01002400,0,1
2024221472219,2024,221472219,1,9,0,-1,19,6,2,-1,0,0,0,0,0,0,1,1,-1,6,1,22,5,1229,1,13,VAUXHALL CORSA,5,E01032188,0,1
2024471433224,2024,471433224,1,9,0,-1,19,4,8,-1,0,0,0,0,0,0,4,1,-1,9,1,24,5,1398,1,9,VAUXHALL CORSA,4,E01020981,0,1
2024131462664,2024,131462664,1,9,0,-1,19,1,5,-1,0,8,0,0,0,0,4,1,-1,9,1,20,4,1364,1,17,VAUXHALL CORSA,7,E01019802,0,4
2024031468983,2024,031468983,1,9,0,-1,19,1,5,-1,0,1,0,0,0,0,2,1,-1,6,1,70,10,1398,1,11,VAUXHALL CORSA,-1,-1,0,-1
2024010526106,2024,010526106,1,9,0,13,13,5,1,0,0,1,0,0,0,0,3,1,6,6,1,24,5,1199,1,3,VAUXHALL CORSA,6,E01001293,0,1
2024010503849,2024,010503849,2,9,0,99,99,9,9,99,99,9,9,99,9,99,1,9,6,6,3,-1,-1,1398,1,5,VAUXHALL CORSA,6,E01002628,0,2
2024610054524,2024,610054524,2,9,0,18,19,5,1,0,0,0,0,0,0,0,2,1,6,6,1,30,6,1199,1,1,VAUXHALL CORSA,2,W01001697,0,4
2024520403041,2024,520403041,1,9,0,17,19,8,4,0,0,0,5,0,1,10,1,1,6,6,2,20,4,1229,1,19,VAUXHALL CORSA,10,E01029172,0,2
2024131431928,2024,131431928,1,9,0,-1,19,3,7,-1,0,8,0,0,0,0,4,1,-1,9,1,22,5,1229,1,12,VAUXHALL CORSA,1,E01010618,0,3
2024371439288,2024,371439288,1,9,0,-1,-1,-1,-1,-1,0,0,0,0,0,0,1,9,-1,6,1,18,4,1398,1,6,VAUXHALL CORSA,9,E01033316,0,1
2024041403196,2024,041403196,2,9,0,-1,19,5,4,-1,0,0,0,0,0,0,3,1,-1,2,2,20,4,1398,1,11,VAUXHALL CORSA,10,E01025015,0,3
2024411477203,2024,411477203,1,9,0,-1,19,7,3,-1,0,0,0,0,0,0,1,1,-1,6,2,20,4,1229,1,14,VAUXHALL CORSA,5,E01002488,0,3
2024302400561,2024,302400561,1,9,0,18,19,8,4,0,0,1,0,0,0,0,0,1,6,6,1,21,5,1229,1,17,VAUXHALL CORSA,-1,-1,0,-1
2024010534105,2024,010534105,1,9,0,9,9,6,4,0,0,8,0,0,0,0,1,1,1,1,1,36,7,1398,1,14,VAUXHALL CORSA,-1,-1,0,-1
2024430477104,2024,430477104,1,9,0,18,19,2,6,0,0,2,0,0,0,0,1,1,6,6,1,-1,-1,1598,1,11,VAUXHALL CORSA,-1,-1,0,-1
2024421487667,2024,421487667,1,9,0,-1,12,5,1,-1,0,0,0,0,0,0,1,1,-1,6,1,20,4,1364,1,16,VAUXHALL CORSA,2,E01015698,0,4
2024430466707,2024,430466707,1,9,0,9,9,1,6,0,0,5,2,0,1,0,1,1,1,1,2,22,5,1199,1,2,VAUXHALL CORSA,8,E01016722,0,3
2024131425889,2024,131425889,1,9,0,-1,19,1,1,-1,0,0,0,0,0,0,1,1,-1,6,2,93,11,1199,1,2,VAUXHALL CORSA,9,E01011568,0,1
2024440124316,2024,440124316,2,9,0,18,19,1,5,0,0,0,0,0,0,0,1,1,6,6,1,20,4,1398,1,6,VAUXHALL CORSA,2,E01034060,0,1
2024471516441,2024,471516441,2,9,0,-1,19,1,5,-1,0,1,0,0,0,0,2,1,-1,6,2,19,4,998,1,18,VAUXHALL CORSA,8,E01031629,0,3
2024221476006,2024,221476006,1,9,0,-1,9,2,8,-1,0,6,0,0,0,0,3,9,-1,6,2,37,7,1248,2,10,VAUXHALL CORSA,2,E01028962,0,2
2024161468115,2024,161468115,1,9,0,-1,19,8,8,-1,0,0,0,7,2,10,1,1,-1,9,1,18,4,1398,1,10,VAUXHALL CORSA,1,E01013299,0,3
2024201470382,2024,201470382,2,9,0,-1,19,6,2,-1,0,1,0,0,0,0,2,1,-1,6,1,41,7,1398,1,7,VAUXHALL CORSA,8,E01022144,0,4
2024471492311,2024,471492311,1,9,0,-1,19,7,3,-1,0,0,0,4,0,0,1,1,-1,2,1,36,7,1229,1,16,VAUXHALL CORSA,8,E01021150,0,1
2024211510497,2024,211510497,2,9,0,-1,19,7,3,-1,0,0,0,0,0,0,1,1,-1,9,2,19,4,1229,1,11,VAUXHALL CORSA,8,E01029794,0,1
2024311497504,2024,311497504,1,9,0,-1,19,5,1,-1,0,0,0,0,1,0,1,1,-1,1,1,24,5,1248,2,13,VAUXHALL CORSA,-1,-1,0,-1
2024440524825,2024,440524825,2,9,0,18,19,3,7,0,0,1,0,0,0,0,1,1,6,6,2,20,4,998,1,15,VAUXHALL CORSA,2,E01017165,0,2
2024401535880,2024,401535880,1,9,0,-1,4,5,1,-1,0,0,0,0,0,0,2,1,-1,6,1,38,7,1398,1,12,VAUXHALL CORSA,3,E01015730,0,1
2024471418228,2024,471418228,1,9,0,-1,9,1,7,-1,0,8,0,0,0,0,4,2,-1,9,2,75,10,1398,1,8,VAUXHALL CORSA,10,E01031649,0,1
2024302500124,2024,302500124,2,9,0,-1,19,1,5,-1,0,8,0,0,0,0,1,1,-1,9,1,17,4,1199,1,4,VAUXHALL CORSA,2,E01019487,0,1
2024161394073,2024,161394073,1,9,0,-1,19,5,1,-1,0,0,0,0,0,0,3,1,-1,6,2,70,10,1229,1,9,VAUXHALL CORSA,5,E01013030,0,1
2024010507187,2024,010507187,1,9,0,18,19,1,5,0,0,1,0,0,0,0,1,1,1,1,1,42,7,1229,1,8,VAUXHALL CORSA,8,E01000710,0,2
2024141444597,2024,141444597,2,9,0,-1,2,0,0,-1,0,0,0,0,0,0,2,1,-1,6,-1,-1,-1,1364,1,16,VAUXHALL CORSA,-1,-1,0,-1
2024211468106,2024,211468106,1,9,-1,-1,19,-1,-1,-1,-1,0,-1,-1,-1,0,4,9,-1,6,3,54,8,1199,1,0,VAUXHALL CORSA,-1,-1,0,-1
2024461484045,2024,461484045,1,9,0,-1,7,2,4,-1,0,0,0,0,0,0,4,9,-1,6,2,63,9,1199,1,4,VAUXHALL CORSA,5,E01016149,0,2
2024211533278,2024,211533278,1,9,0,-1,1,3,4,-1,0,0,1,4,0,0,1,1,-1,9,2,74,10,1199,1,4,VAUXHALL CORSA,4,E01029851,0,1
2024501488277,2024,501488277,1,9,0,-1,19,2,6,-1,0,0,5,0,1,10,4,1,-1,9,1,17,4,1229,1,10,VAUXHALL CORSA,6,E01020161,0,1
2024211443352,2024,211443352,2,9,0,-1,19,4,8,-1,0,1,0,0,0,0,1,1,-1,9,2,61,9,998,1,16,VAUXHALL CORSA,-1,-1,0,-1
2024131411767,2024,131411767,1,9,0,-1,-1,-1,-1,-1,-1,1,-1,-1,-1,-1,-1,1,-1,6,2,43,7,1686,2,12,VAUXHALL CORSA,1,E01011842,0,1
2024041528987,2024,041528987,1,9,0,-1,19,5,1,-1,0,0,0,0,7,10,1,1,-1,9,1,17,4,1398,1,9,VAUXHALL CORSA,8,E01007100,0,1
2024320566072,2024,320566072,1,9,0,-1,-1,8,4,0,0,0,2,0,1,4,1,1,-1,-1,1,20,4,1389,1,19,VAUXHALL CORSA,4,E01026071,0,3
2024520001273,2024,520001273,1,9,0,18,19,1,5,0,0,0,5,0,1,0,1,1,6,6,1,18,4,1248,2,10,VAUXHALL CORSA,8,E01014419,0,2
2024991420847,2024,991420847,1,9,0,-1,19,7,3,-1,0,0,0,0,0,0,1,1,-1,6,1,59,9,1398,1,5,VAUXHALL CORSA,2,-1,0,1
2024340WN1492,2024,340WN1492,2,9,0,-1,19,1,5,-1,0,8,0,0,0,0,1,1,-1,9,2,22,5,1398,1,5,VAUXHALL CORSA,1,E01027231,0,1
2024041403613,2024,041403613,1,9,0,-1,19,5,1,-1,9,2,0,0,0,0,4,1,-1,6,2,18,4,1229,1,11,VAUXHALL CORSA,2,E01025059,0,2
202417L405524,2024,17L405524,1,9,0,-1,2,0,0,-1,0,0,0,0,0,0,2,1,-1,9,2,31,6,1398,1,13,VAUXHALL CORSA,4,E01012300,0,4
2024010505265,2024,010505265,1,9,0,5,5,7,3,0,0,5,0,0,0,0,2,1,2,2,2,23,5,1199,1,5,VAUXHALL CORSA,2,E01001431,0,1
2024471467367,2024,471467367,2,9,0,-1,5,7,3,-1,0,0,0,0,0,0,1,1,-1,9,1,20,4,1398,1,7,VAUXHALL CORSA,1,E01016895,0,1
2024451483078,2024,451483078,4,9,0,-1,9,3,7,-1,0,5,0,0,0,0,2,9,-1,6,2,56,9,999,1,0,VOLKSWAGEN T-CROSS,6,E01004163,0,2
2024010529373,2024,010529373,2,9,0,99,99,9,9,99,99,9,9,99,9,99,1,9,6,6,3,-1,-1,999,1,2,VOLKSWAGEN T-CROSS,-1,-1,0,-1
2024201493691,2024,201493691,1,9,0,-1,19,1,5,-1,0,8,0,0,0,0,3,1,-1,7,2,39,7,999,1,0,VOLKSWAGEN T-CROSS,2,E01009969,0,1
2024131485554,2024,131485554,2,9,0,-1,19,3,7,-1,0,8,0,0,0,0,1,1,-1,6,2,24,5,999,1,1,VOLKSWAGEN T-CROSS,3,E01010584,0,1
2024471528977,2024,471528977,1,9,0,-1,4,3,7,-1,0,0,0,0,0,0,2,1,-1,9,1,79,11,999,1,1,VOLKSWAGEN T-CROSS,8,E01031629,0,2
2024430191225,2024,430191225,1,9,0,8,8,4,6,0,0,1,0,0,0,0,2,1,6,6,2,55,8,999,1,2,VOLKSWAGEN T-CROSS,10,E01016208,0,1
2024311412307,2024,311412307,2,9,0,-1,9,4,2,-1,0,5,0,0,0,0,4,1,-1,2,2,31,6,999,1,1,VOLKSWAGEN T-CROSS,2,E01028234,0,1
2024461498089,2024,461498089,2,9,0,-1,4,3,7,-1,0,0,0,0,0,0,2,9,-1,2,2,22,5,999,1,1,VOLKSWAGEN T-CROSS,5,E01024164,0,1
2024070527013,2024,070527013,2,9,0,18,19,5,1,0,0,1,0,0,0,0,3,1,6,6,1,79,11,999,1,1,VOLKSWAGEN T-CROSS,9,E01018403,0,1
2024531451391,2024,531451391,2,9,0,-1,19,2,6,-1,0,8,0,0,0,0,1,1,-1,9,1,66,10,999,1,5,VOLKSWAGEN T-CROSS,4,E01022149,0,2
2024201529650,2024,201529650,2,9,0,-1,3,1,1,-1,0,1,0,0,0,0,4,9,-1,9,2,60,9,999,1,5,VOLKSWAGEN T-CROSS,10,E01010550,0,1
2024061501348,2024,061501348,2,9,0,-1,19,1,5,-1,0,1,0,0,0,0,3,1,-1,1,2,53,8,999,1,4,VOLKSWAGEN T-CROSS,-1,-1,0,-1
2024411524733,2024,411524733,1,9,-1,-1,-1,-1,-1,-1,-1,-1,-1,-1,-1,0,-1,9,-1,6,2,56,9,999,1,2,VOLKSWAGEN T-CROSS,7,E01023579,0,1
2024211403618,2024,211403618,1,9,0,-1,15,3,4,-1,0,3,0,0,0,0,1,1,-1,6,1,17,4,999,1,5,VOLKSWAGEN T-CROSS,1,E01010473,0,3
2024070943649,2024,070943649,1,9,0,-1,19,5,1,-1,9,0,0,0,1,2,1,1,-1,6,1,87,11,1498,1,4,VOLKSWAGEN T-CROSS,10,E01018695,0,2
2024451478976,2024,451478976,1,9,0,-1,3,1,5,-1,0,0,0,0,0,0,2,9,-1,6,2,59,9,1498,1,4,VOLKSWAGEN T-CROSS,-1,-1,0,-1
2024010542927,2024,010542927,1,9,0,99,99,9,9,99,99,9,9,99,9,99,9,9,6,6,2,44,7,999,1,0,VOLKSWAGEN T-CROSS,7,E01000135,0,1
2024991449607,2024,991449607,1,9,0,-1,19,3,7,-1,0,0,0,0,0,0,3,1,-1,9,1,74,10,999,1,1,VOLKSWAGEN T-CROSS,-1,-1,0,-1
2024540762624,2024,540762624,1,9,0,18,19,6,2,0,0,0,0,0,0,0,1,1,6,6,1,27,6,999,1,2,VOLKSWAGEN T-CROSS,7,E01015524,0,2
2024071046476,2024,071046476,2,9,0,-1,20,7,3,-1,0,7,0,0,0,0,2,1,-1,2,1,45,7,999,1,1,VOLKSWAGEN T-CROSS,4,W01000293,0,4
2024440426976,2024,440426976,1,9,0,1,1,4,4,0,0,0,0,0,0,0,4,1,2,2,1,49,8,999,1,2,VOLKSWAGEN T-CROSS,5,E01023104,0,1
2024461485830,2024,461485830,1,9,0,-1,1,5,1,-1,0,8,0,0,0,0,2,1,-1,9,2,57,9,999,1,5,VOLKSWAGEN T-CROSS,7,E01024650,0,1
2024201456006,2024,201456006,2,9,0,-1,19,5,1,-1,0,8,0,0,0,0,1,1,-1,6,2,65,9,999,1,1,VOLKSWAGEN T-CROSS,10,E01010181,0,1
2024041513264,2024,041513264,2,9,0,-1,5,3,7,-1,0,2,0,0,0,0,1,1,-1,9,1,18,4,999,1,0,VOLKSWAGEN T-CROSS,5,E01012645,0,1
2024131403036,2024,131403036,2,9,0,-1,19,1,5,-1,0,0,0,0,0,0,3,1,-1,9,2,83,11,999,1,3,VOLKSWAGEN T-CROSS,4,E01034957,0,4
2024991505557,2024,991505557,1,9,0,-1,4,1,1,-1,0,0,0,0,0,0,4,1,-1,9,2,61,9,999,1,3,VOLKSWAGEN T-CROSS,5,-1,0,1
2024161469202,2024,161469202,1,9,0,-1,19,5,1,-1,0,1,0,0,0,0,-1,9,-1,6,1,32,6,999,1,3,VOLKSWAGEN T-CROSS,8,E01035469,0,2
2024231535821,2024,231535821,2,9,0,-1,7,2,6,-1,0,3,0,0,0,0,4,1,-1,9,2,23,5,999,1,1,VOLKSWAGEN T-CROSS,8,E01031217,0,2
2024440493287,2024,440493287,1,9,0,18,19,8,4,0,0,0,0,0,0,0,4,1,2,2,2,73,10,999,1,3,VOLKSWAGEN T-CROSS,8,E01023069,0,1
2024010554779,2024,010554779,1,9,0,99,99,9,9,99,99,9,9,99,9,99,2,9,6,6,1,29,6,999,1,2,VOLKSWAGEN T-CROSS,4,E01003788,0,1
2024061427363,2024,061427363,2,9,0,-1,19,1,1,-1,0,1,0,0,0,0,1,2,-1,6,1,70,10,999,1,4,VOLKSWAGEN T-CROSS,9,E01004968,0,1
2024471519893,2024,471519893,2,9,0,-1,19,8,4,-1,0,4,0,0,0,0,2,1,-1,2,1,53,8,999,1,4,VOLKSWAGEN T-CROSS,5,E01016974,0,1
2024221510695,2024,221510695,2,9,0,-1,19,8,5,-1,0,8,0,0,0,0,4,9,-1,6,2,56,9,999,1,2,VOLKSWAGEN T-CROSS,10,E01010190,0,2
2024061452588,2024,061452588,1,9,0,-1,1,2,6,-1,0,0,0,0,0,0,2,1,-1,6,2,51,8,999,1,1,VOLKSWAGEN T-CROSS,9,E01005806,0,2
2024411466490,2024,411466490,2,9,0,-1,3,1,5,-1,0,0,0,0,0,0,2,1,-1,1,2,33,6,999,1,2,VOLKSWAGEN T-CROSS,5,E01023638,0,2
2024531467179,2024,531467179,2,9,0,-1,19,3,7,-1,0,8,0,0,0,0,4,1,-1,9,2,22,5,999,1,5,VOLKSWAGEN T-CROSS,6,E01022154,0,1
2024421525953,2024,421525953,1,9,-1,-1,19,-1,-1,-1,0,0,-1,-1,-1,0,1,9,-1,6,2,-1,-1,999,1,4,VOLKSWAGEN T-CROSS,-1,-1,0,-1
2024010525941,2024,010525941,2,9,0,18,19,7,3,0,0,3,0,0,0,0,3,1,6,6,1,35,6,999,1,2,VOLKSWAGEN T-CROSS,2,E01004222,0,1
2024122400551,2024,122400551,2,9,0,9,9,7,5,0,0,5,0,0,0,0,3,1,6,6,2,30,6,999,1,1,VOLKSWAGEN T-CROSS,6,E01027734,0,1
2024332400133,2024,332400133,2,9,0,-1,3,3,7,-1,0,1,0,0,0,0,2,1,-1,9,2,45,7,999,1,0,VOLKSWAGEN T-CROSS,7,E01025937,0,3
2024070909053,2024,070909053,1,9,0,-1,19,7,3,-1,0,1,0,0,0,0,2,1,-1,6,1,79,11,999,1,1,VOLKSWAGEN T-CROSS,8,E01012532,0,1
2024991471875,2024,991471875,1,9,0,-1,19,6,1,-1,0,1,0,11,0,0,1,2,-1,6,2,64,9,999,1,1,VOLKSWAGEN T-CROSS,6,-1,0,1
2024010517092,2024,010517092,2,9,0,16,19,3,7,0,0,0,0,0,0,0,1,1,2,2,1,27,6,999,1,0,VOLKSWAGEN T-CROSS,6,E01002625,0,1
2024622400388,2024,622400388,2,9,0,18,19,8,4,0,0,4,0,0,0,0,1,1,6,6,2,58,9,999,1,2,VOLKSWAGEN T-CROSS,10,W01001777,0,1
2024991394765,2024,991394765,1,9,0,-1,19,1,5,-1,0,0,0,0,0,0,1,1,-1,9,2,54,8,1598,2,5,VOLKSWAGEN T-CROSS,4,-1,0,4
2024041467562,2024,041467562,2,9,0,-1,2,1,5,-1,0,2,0,0,0,0,3,1,-1,9,2,24,5,1598,2,4,VOLKSWAGEN T-CROSS,7,E01025106,0,4
2024302401009,2024,302401009,1,9,0,16,19,1,4,0,0,0,0,0,0,0,1,1,6,6,2,35,6,999,1,0,VOLKSWAGEN T-CROSS,8,E01019875,0,1
2024201502870,2024,201502870,1,9,0,-1,19,3,7,-1,0,0,0,0,0,0,1,1,-1,6,2,26,6,999,1,0,VOLKSWAGEN T-CROSS,7,E01009693,0,1
2024421466382,2024,421466382,2,9,0,-1,9,6,4,-1,0,8,0,0,0,0,4,1,-1,9,2,81,11,999,1,4,VOLKSWAGEN T-CROSS,7,E01021338,0,1
2024201483812,2024,201483812,1,9,0,-1,19,3,7,-1,0,8,0,10,1,11,1,1,-1,6,1,20,4,999,1,1,VOLKSWAGEN T-CROSS,1,E01009492,0,1
2024131418793,2024,131418793,1,9,0,-1,6,1,5,-1,0,1,5,4,0,0,3,1,-1,9,1,73,10,999,1,3,VOLKSWAGEN T-CROSS,1,E01011472,0,1
2024201439352,2024,201439352,1,9,0,-1,19,8,3,-1,0,8,0,0,0,0,4,9,-1,9,2,32,6,999,1,1,VOLKSWAGEN T-CROSS,2,E01010004,0,2
2024340NN3042,2024,340NN3042,2,9,0,-1,19,5,1,-1,0,1,1,0,0,0,1,1,-1,6,2,38,7,999,1,4,VOLKSWAGEN T-CROSS,10,E01027121,0,1
2024010520636,2024,010520636,2,9,0,2,2,9,9,99,99,9,9,99,9,99,9,9,6,6,3,-1,-1,999,1,2,VOLKSWAGEN T-CROSS,2,E01009407,0,5
2024332400585,2024,332400585,2,9,0,-1,19,6,2,-1,0,0,0,0,0,0,2,1,-1,6,2,-1,-1,1498,1,0,VOLKSWAGEN T-CROSS,-1,-1,0,-1
2024211412592,2024,211412592,1,9,0,-1,19,5,1,-1,0,0,1,0,0,0,1,1,-1,1,1,20,4,999,1,4,VOLKSWAGEN T-CROSS,3,E01013513,0,4
2024010548552,2024,010548552,2,9,0,18,19,5,1,0,0,1,0,0,0,0,4,1,6,6,1,76,11,999,1,1,VOLKSWAGEN T-CROSS,-1,-1,0,-1
2024311470262,2024,311470262,1,9,0,-1,19,3,7,-1,0,8,0,0,0,0,1,1,-1,6,2,60,9,999,1,3,VOLKSWAGEN T-CROSS,-1,-1,0,-1
2024010495346,2024,010495346,3,9,0,18,19,1,5,0,0,1,0,0,0,0,2,1,6,6,1,76,11,999,1,3,VOLKSWAGEN T-CROSS,5,E01001074,0,2
2024531419232,2024,531419232,2,9,0,-1,4,3,7,-1,0,0,0,0,0,0,2,1,-1,9,2,34,6,999,1,4,VOLKSWAGEN T-CROSS,10,E01022109,0,1
2024131453268,2024,131453268,3,9,0,-1,19,7,3,-1,0,0,0,0,0,0,2,1,-1,6,1,73,10,999,1,5,VOLKSWAGEN T-CROSS,7,E01034961,0,4
2024411503937,2024,411503937,1,9,0,-1,9,3,7,-1,0,0,0,0,0,0,1,1,-1,6,1,39,7,999,1,3,VOLKSWAGEN T-CROSS,4,E01023781,0,1
2024061415391,2024,061415391,1,9,0,-1,7,3,5,-1,0,1,0,0,0,0,4,1,-1,6,2,60,9,999,1,4,VOLKSWAGEN T-CROSS,4,E01005751,0,1
2024361399200,2024,361399200,1,9,0,-1,19,3,1,-1,0,1,1,0,0,0,3,1,-1,2,2,53,8,999,1,1,VOLKSWAGEN T-CROSS,9,E01034358,0,5
2024552400621,2024,552400621,1,9,0,18,19,7,3,5,5,6,0,0,0,0,4,1,6,6,2,41,7,999,1,1,VOLKSWAGEN T-CROSS,5,E01020534,0,2
2024010521966,2024,010521966,1,9,0,18,19,5,1,0,0,0,0,0,0,0,1,1,6,6,3,38,7,999,1,4,VOLKSWAGEN T-CROSS,4,E01030743,0,2
2024101496538,2024,101496538,1,9,0,-1,19,5,1,-1,0,0,0,0,0,0,4,1,-1,9,2,60,9,999,1,3,VOLKSWAGEN T-CROSS,-1,-1,0,-1
2024041526739,2024,041526739,1,9,0,-1,5,1,5,-1,0,4,0,0,0,0,1,1,-1,1,1,39,7,999,1,3,VOLKSWAGEN T-CROSS,3,E01005079,0,4
2024451428733,2024,451428733,5,9,0,-1,2,3,7,-1,0,1,0,0,0,0,2,1,-1,6,-1,-1,-1,1498,1,1,VOLKSWAGEN T-CROSS,-1,-1,0,-1
2024421446385,2024,421446385,1,9,0,-1,9,1,7,-1,0,1,0,0,0,0,1,1,-1,9,2,38,7,999,1,4,VOLKSWAGEN T-CROSS,7,E01015955,0,1
2024131451342,2024,131451342,1,9,0,-1,19,7,3,-1,0,8,0,0,0,0,1,1,-1,6,3,-1,-1,999,1,1,VOLKSWAGEN T-CROSS,-1,-1,0,-1
2024010539671,2024,010539671,1,9,0,99,99,9,9,99,99,9,9,99,9,99,2,9,6,6,2,38,7,999,1,1,VOLKSWAGEN T-CROSS,3,E01003975,0,1
2024361453932,2024,361453932,2,9,0,-1,19,5,1,-1,0,0,0,0,0,0,1,1,-1,9,1,40,7,999,1,5,VOLKSWAGEN T-CROSS,2,E01026711,0,1
2024101528715,2024,101528715,2,9,-1,-1,12,5,1,-1,0,0,0,0,0,0,-1,9,-1,6,2,30,6,999,1,5,VOLKSWAGEN T-CROSS,4,E01033077,0,1
2024201488360,2024,201488360,1,9,0,-1,9,4,2,-1,0,6,0,0,0,0,1,1,-1,6,1,16,4,999,1,0,VOLKSWAGEN T-CROSS,-1,-1,0,-1
2024401403810,2024,401403810,2,9,0,-1,3,7,3,-1,0,1,0,0,0,0,2,9,-1,2,1,57,9,999,1,1,VOLKSWAGEN T-CROSS,9,E01017398,0,3
2024010504762,2024,010504762,2,9,0,99,99,9,9,99,99,9,9,99,9,99,9,9,6,6,3,-1,-1,999,1,3,VOLKSWAGEN T-CROSS,-1,-1,0,-1
2024552400551,2024,552400551,2,9,0,18,19,4,8,0,0,0,0,0,0,0,1,1,6,6,2,35,6,999,1,4,VOLKSWAGEN T-CROSS,6,E01020437,0,4
2024991413663,2024,991413663,1,9,0,-1,19,4,8,-1,0,8,0,0,0,0,1,1,-1,9,2,38,7,999,1,0,VOLKSWAGEN T-CROSS,8,-1,0,1