collision_index,collision_year,collision_ref_no,vehicle_reference,vehicle_type,towing_and_articulation,vehicle_manoeuvre_historic,vehicle_manoeuvre,vehicle_direction_from,vehicle_direction_to,vehicle_location_restricted_lane_historic,vehicle_location_restricted_lane,junction_location,skidding_and_overturning,hit_object_in_carriageway,vehicle_leaving_carriageway,hit_object_off_carriageway,first_point_of_impact,vehicle_left_hand_drive,journey_purpose_of_driver_historic,journey_purpose_of_driver,sex_of_driver,age_of_driver,age_band_of_driver,engine_capacity_cc,propulsion_code,age_of_vehicle,generic_make_model,driver_imd_decile,lsoa_of_driver,escooter_flag,driver_distance_banding
2024122400687,2024,122400687,1,9,0,18,19,3,7,0,0,1,0,0,0,0,1,1,6,6,2,22,5,999,1,4,VOLKSWAGEN T-CROSS,9,E01027583,0,1
2024332401148,2024,332401148,1,9,0,-1,19,5,1,-1,0,8,0,0,0,0,4,1,-1,2,2,36,7,999,1,2,VOLKSWAGEN T-CROSS,3,E01015667,0,4
2024010554055,2024,010554055,2,9,9,99,99,9,9,99,99,9,9,99,9,99,9,9,6,6,3,-1,-1,999,1,1,VOLKSWAGEN T-CROSS,-1,-1,0,-1
2024451526715,2024,451526715,1,9,0,-1,1,1,3,-1,0,2,0,0,0,0,2,1,-1,6,3,40,7,999,1,3,VOLKSWAGEN T-CROSS,-1,-1,0,-1
2024131455369,2024,131455369,1,9,0,-1,19,3,7,-1,0,0,0,0,7,0,1,1,-1,9,2,43,7,999,1,0,VOLKSWAGEN T-CROSS,1,E01006064,0,3
2024311422492,2024,311422492,1,9,0,-1,19,5,1,-1,0,1,0,4,0,0,1,1,-1,9,1,74,10,999,1,1,VOLKSWAGEN T-CROSS,5,E01027998,0,1
2024361412431,2024,361412431,2,9,0,-1,-1,-1,-1,-1,0,0,0,0,0,0,2,1,-1,9,2,28,6,999,1,2,VOLKSWAGEN T-CROSS,9,E01026509,0,1
2024141531468,2024,141531468,1,9,0,-1,7,1,3,-1,0,5,0,0,0,0,2,1,-1,7,1,60,9,1598,2,4,VOLKSWAGEN T-CROSS,6,E01007833,0,1
2024201462091,2024,201462091,2,9,0,-1,3,3,7,-1,0,0,0,0,0,0,2,9,-1,2,1,26,6,999,1,5,VOLKSWAGEN T-CROSS,1,E01010054,0,1
2024351548092,2024,351548092,2,9,0,-1,19,3,7,-1,0,0,0,0,0,0,1,1,-1,6,1,78,11,999,1,0,VOLKSWAGEN T-CROSS,9,E01030072,0,4
2024451486873,2024,451486873,2,9,0,-1,19,5,1,-1,0,0,0,0,0,0,2,1,-1,2,2,29,6,999,1,1,VOLKSWAGEN T-CROSS,10,E01031737,0,1
2024010536792,2024,010536792,1,9,0,4,4,1,5,0,0,0,0,0,0,0,2,1,6,6,1,29,6,1498,1,0,VOLKSWAGEN T-CROSS,7,E01024316,0,4
2024501468690,2024,501468690,2,9,0,-1,2,0,0,-1,0,2,0,0,0,0,4,9,-1,6,-1,-1,-1,999,1,1,VOLKSWAGEN T-CROSS,-1,-1,0,-1
202454A425024,2024,54A425024,2,9,0,9,9,6,3,0,0,1,0,0,0,0,3,1,6,6,2,59,9,999,1,5,VOLKSWAGEN T-CROSS,9,E01031888,0,1
2024052402335,2024,052402335,2,9,0,18,19,4,8,0,0,0,0,0,0,0,4,1,6,6,2,40,7,999,1,0,VOLKSWAGEN T-CROSS,9,E01025406,0,4
2024430315656,2024,430315656,3,9,0,18,19,2,6,0,0,0,0,0,0,0,2,1,2,2,1,44,7,999,1,5,VOLKSWAGEN T-CROSS,10,E01032610,0,2
2024010501549,2024,010501549,2,9,0,5,5,7,3,0,0,8,0,0,0,0,1,1,6,6,1,32,6,999,1,5,VOLKSWAGEN T-CROSS,3,E01016038,0,4
2024201489306,2024,201489306,1,9,0,-1,19,4,8,-1,0,0,0,0,0,0,1,1,-1,6,1,78,11,1498,1,3,VOLKSWAGEN T-CROSS,-1,-1,0,-1
2024211542263,2024,211542263,2,9,0,-1,5,5,6,-1,0,0,0,0,0,0,1,1,-1,6,1,36,7,999,1,3,VOLKSWAGEN T-CROSS,-1,-1,0,-1
2024451484440,2024,451484440,2,9,0,-1,2,0,0,-1,0,0,0,0,0,0,1,1,-1,6,-1,-1,-1,999,1,1,VOLKSWAGEN T-CROSS,-1,-1,0,-1
2024520402475,2024,520402475,3,9,0,18,19,7,3,0,0,0,0,0,0,0,1,1,6,6,2,30,6,999,1,4,VOLKSWAGEN T-CROSS,5,E01029259,0,2
2024041444638,2024,041444638,1,9,0,-1,19,3,7,-1,0,0,2,0,1,7,1,1,-1,9,1,33,6,1598,2,4,VOLKSWAGEN T-CROSS,1,E01005147,0,4
2024421520210,2024,421520210,1,9,0,-1,7,1,4,-1,0,5,0,0,0,0,1,1,-1,9,1,24,5,999,1,5,VOLKSWAGEN T-CROSS,4,E01004454,0,3
2024411412330,2024,411412330,1,9,0,-1,19,5,1,-1,0,0,0,0,0,0,1,1,-1,9,2,58,9,999,1,2,VOLKSWAGEN T-CROSS,6,E01023472,0,1
2024421416472,2024,421416472,2,9,0,-1,19,4,7,-1,0,3,0,0,0,0,4,1,-1,9,1,42,7,999,1,1,VOLKSWAGEN T-CROSS,9,E01002263,0,2
2024991426120,2024,991426120,2,9,0,-1,19,4,1,-1,0,0,0,0,1,0,1,1,-1,9,1,33,6,999,1,5,VOLKSWAGEN T-CROSS,1,-1,0,4
2024101465402,2024,101465402,2,9,0,-1,5,3,7,-1,0,0,0,0,0,0,1,1,-1,9,2,20,4,999,1,0,VOLKSWAGEN T-CROSS,-1,-1,0,-1
2024201505161,2024,201505161,1,9,0,-1,19,6,2,-1,0,0,0,0,0,0,4,1,-1,9,1,16,4,1498,1,2,VOLKSWAGEN T-CROSS,4,E01010008,0,2
2024421437644,2024,421437644,1,17,0,-1,9,1,6,-1,2,1,0,0,0,0,4,1,-1,1,1,61,9,2900,2,5,-1,4,E01033930,0,4
2024361469478,2024,361469478,2,3,0,-1,7,7,5,-1,0,0,0,0,0,0,4,1,-1,1,2,36,7,125,1,0,-1,2,E01026844,0,1
2024010500133,2024,010500133,1,3,0,18,19,5,1,0,0,1,0,0,0,0,1,1,6,6,1,22,5,125,1,1,-1,3,E01004725,0,1
2024010530530,2024,010530530,1,3,0,99,99,9,9,99,99,9,9,99,9,99,2,1,1,1,1,28,6,125,1,1,-1,3,E01000553,0,1
2024320557963,2024,320557963,2,3,0,-1,-1,4,8,0,0,1,0,0,1,4,2,1,-1,-1,1,17,4,124,1,13,YAMAHA YBR,-1,-1,0,-1
2024031527393,2024,031527393,1,4,0,-1,19,7,4,-1,0,1,1,0,0,0,3,1,-1,2,1,46,8,124,1,13,YAMAHA YBR,6,E01019384,0,1
2024440356136,2024,440356136,2,3,0,18,19,7,3,0,0,1,0,0,0,0,1,1,6,6,1,18,4,124,1,13,YAMAHA YBR,6,E01016301,0,1
2024141513792,2024,141513792,1,3,0,-1,13,1,5,-1,0,0,5,0,0,0,1,1,-1,6,1,33,6,124,1,15,YAMAHA YBR,1,E01007472,0,1
2024041471622,2024,041471622,1,3,0,-1,19,4,8,-1,0,8,0,0,0,0,-1,1,-1,6,1,17,4,124,1,12,YAMAHA YBR,1,E01025136,0,1
2024311468507,2024,311468507,1,3,0,-1,19,2,5,-1,0,1,1,0,7,9,4,1,-1,6,1,18,4,124,1,16,YAMAHA YBR,2,E01028008,0,1
2024302400536,2024,302400536,1,3,0,13,13,7,3,0,0,0,0,0,0,0,1,1,6,6,1,21,5,125,1,8,YAMAHA YBR,5,E01028002,0,3
2024401527539,2024,401527539,1,3,0,-1,19,1,5,-1,0,0,2,0,0,0,0,1,-1,6,2,22,5,125,1,8,YAMAHA YBR,8,E01017441,0,4
2024501445768,2024,501445768,1,3,0,-1,9,6,5,-1,9,1,1,11,0,0,1,1,-1,6,1,19,4,125,1,9,YAMAHA YBR,4,E01019932,0,4
2024070660148,2024,070660148,1,3,0,16,19,5,1,0,0,0,0,0,0,0,1,1,6,6,1,37,7,124,1,11,YAMAHA YBR,3,E01018637,0,2
2024340NN3622,2024,340NN3622,2,3,0,-1,4,3,1,-1,0,8,5,0,0,0,2,1,-1,2,1,48,8,124,1,15,YAMAHA YBR,9,E01027053,0,3
2024010532353,2024,010532353,2,3,0,18,19,5,1,0,0,1,0,0,0,0,1,1,6,6,1,30,6,124,1,11,YAMAHA YBR,6,E01024425,0,3
2024501492050,2024,501492050,2,2,0,-1,19,3,5,-1,0,8,0,0,0,0,3,1,-1,9,2,19,4,124,1,16,YAMAHA YBR,4,E01018782,0,1
2024991432999,2024,991432999,2,3,0,-1,19,6,2,-1,0,1,2,0,0,0,0,1,-1,9,1,17,4,124,1,17,YAMAHA YBR,2,-1,0,2
2024122401015,2024,122401015,1,3,0,18,19,8,4,0,0,0,0,12,0,0,1,1,1,1,1,44,7,125,1,7,YAMAHA YBR,7,E01027877,0,2
2024501475904,2024,501475904,2,4,0,-1,4,5,1,-1,0,1,1,0,0,0,1,1,-1,6,1,17,4,125,1,8,YAMAHA YBR,4,E01019980,0,3
2024161439865,2024,161439865,2,3,0,-1,3,6,1,-1,0,1,0,0,0,0,3,1,-1,6,1,19,4,124,1,13,YAMAHA YBR,-1,-1,0,-1
2024311495576,2024,311495576,1,3,0,-1,19,2,6,-1,0,1,0,0,0,0,1,1,-1,2,1,18,4,124,1,12,YAMAHA YBR,2,E01028259,0,2
2024340NN0302,2024,340NN0302,2,3,0,-1,19,2,6,-1,0,8,5,0,0,0,1,1,-1,2,1,17,4,124,1,14,YAMAHA YBR,1,E01027310,0,1
2024471453547,2024,471453547,2,3,0,-1,19,6,2,-1,0,1,0,0,0,0,1,1,-1,2,1,22,5,124,1,15,YAMAHA YBR,1,E01020983,0,3
2024531491517,2024,531491517,1,3,0,-1,7,2,4,-1,0,6,0,0,0,0,3,1,-1,9,1,17,4,124,1,13,YAMAHA YBR,9,E01022213,0,3
2024501441057,2024,501441057,1,3,0,-1,5,6,2,-1,0,8,5,0,0,0,1,1,-1,6,1,17,4,124,1,15,YAMAHA YBR,4,E01018919,0,4
2024471529005,2024,471529005,1,3,0,-1,19,3,7,-1,0,0,5,0,0,0,4,1,-1,9,2,19,4,125,1,8,YAMAHA YBR,5,E01022845,0,4
2024501422290,2024,501422290,1,3,0,-1,13,3,7,-1,0,1,0,0,0,0,4,1,-1,6,1,30,6,124,1,13,YAMAHA YBR,4,E01018919,0,1
2024440092091,2024,440092091,1,3,0,4,4,2,6,0,0,0,0,0,0,0,4,1,2,2,1,49,8,124,1,13,YAMAHA YBR,10,E01022714,0,1
2024131501428,2024,131501428,2,3,0,-1,19,4,8,-1,0,2,0,0,0,0,1,1,-1,6,1,22,5,124,1,18,YAMAHA YBR,4,E01011463,0,1
2024231471017,2024,231471017,1,3,0,-1,19,3,8,-1,0,0,1,0,0,0,1,1,-1,9,2,18,4,124,1,11,YAMAHA YBR,2,E01031075,0,1
2024361514117,2024,361514117,2,3,0,-1,19,8,4,-1,0,1,2,0,0,0,1,1,-1,6,1,19,4,124,1,14,YAMAHA YBR,8,E01026578,0,2
2024440046619,2024,440046619,1,3,0,3,3,5,1,0,0,1,0,0,0,0,2,1,6,6,1,45,7,124,1,17,YAMAHA YBR,4,E01017081,0,1
2024311424854,2024,311424854,1,3,0,-1,19,6,2,-1,0,8,0,0,0,0,1,1,-1,6,1,21,5,124,1,18,YAMAHA YBR,5,E01028362,0,1
2024471436247,2024,471436247,1,3,0,-1,19,7,3,-1,0,8,1,0,0,0,3,1,-1,2,1,19,4,124,1,11,YAMAHA YBR,6,E01030586,0,2
2024411396798,2024,411396798,2,3,0,-1,13,-1,-1,-1,0,1,0,0,0,0,1,1,-1,6,1,17,4,123,1,17,YAMAHA YBR,5,E01023331,0,1
2024361414540,2024,361414540,1,3,0,-1,19,7,1,-1,0,1,0,0,0,0,0,1,-1,9,1,34,6,125,1,8,YAMAHA YBR,1,E01026793,0,1
2024421433732,2024,421433732,2,4,0,-1,13,7,3,-1,0,0,5,0,0,0,4,1,-1,2,1,29,6,124,1,13,YAMAHA YBR,8,E01033052,0,2
2024461512830,2024,461512830,1,3,0,-1,19,7,8,-1,0,6,1,0,0,0,1,1,-1,9,1,22,5,124,1,18,YAMAHA YBR,3,E01024248,0,2
2024471515589,2024,471515589,2,3,0,-1,19,6,2,-1,0,1,1,0,0,0,0,1,-1,6,1,27,6,124,1,12,YAMAHA YBR,3,E01016954,0,4
202460Q129482,2024,60Q129482,2,3,0,18,19,7,3,0,0,1,2,0,0,0,1,1,6,6,1,18,4,124,1,12,YAMAHA YBR,-1,-1,0,-1
2024501443456,2024,501443456,2,3,0,-1,19,1,5,-1,0,8,5,0,0,0,3,1,-1,6,1,45,7,124,1,11,YAMAHA YBR,1,E01020103,0,1
2024471514361,2024,471514361,1,3,0,-1,19,4,8,-1,0,8,0,0,0,0,1,1,-1,2,1,36,7,124,1,12,YAMAHA YBR,5,E01020916,0,1
2024371440790,2024,371440790,1,3,0,-1,5,3,1,-1,0,1,0,0,0,0,3,1,-1,6,2,44,7,124,1,16,YAMAHA YBR,5,E01033446,0,2
2024302400518,2024,302400518,1,3,0,14,14,8,4,0,0,0,0,0,0,0,1,1,6,6,1,43,7,125,1,9,YAMAHA YBR,8,E01019630,0,1
2024161462624,2024,161462624,1,3,0,-1,19,3,7,-1,0,0,1,7,0,0,1,1,-1,6,1,28,6,125,1,10,YAMAHA YBR,2,E01013002,0,1
2024031464976,2024,031464976,2,3,0,-1,19,1,5,-1,0,1,0,0,0,0,1,1,-1,6,1,17,4,125,1,8,YAMAHA YBR,4,E01019098,0,3
2024061454052,2024,061454052,2,3,0,-1,19,1,5,-1,0,8,0,0,0,0,1,1,-1,2,2,32,6,124,1,11,YAMAHA YBR,1,E01006877,0,2
2024361483522,2024,361483522,1,3,0,-1,19,6,7,-1,0,0,1,0,0,0,3,1,-1,2,2,26,6,124,1,14,YAMAHA YBR,4,E01026925,0,3
2024552400895,2024,552400895,1,3,0,3,3,2,6,0,0,8,0,0,0,0,0,1,6,6,2,23,5,124,1,13,YAMAHA YBR,5,E01015317,0,1
2024501530264,2024,501530264,1,3,0,-1,19,4,8,-1,0,0,1,0,0,0,0,1,-1,9,1,17,4,125,1,9,YAMAHA YBR,6,E01020187,0,3
2024622400199,2024,622400199,1,3,0,18,19,6,2,0,0,0,1,0,0,0,1,1,6,6,1,29,6,124,1,11,YAMAHA YBR,1,W01000962,0,1
2024101492291,2024,101492291,2,4,0,-1,4,2,6,-1,0,1,0,0,0,0,4,1,-1,2,1,28,6,125,1,8,YAMAHA YBR,8,E01027508,0,1
2024010519642,2024,010519642,2,3,0,99,99,9,9,99,99,9,9,99,9,99,9,1,2,2,1,20,4,124,1,14,YAMAHA YBR,6,E01001201,0,2
2024440460619,2024,440460619,1,3,0,18,19,3,7,0,0,2,0,10,0,0,1,1,6,6,2,48,8,124,1,11,YAMAHA YBR,1,E01017250,0,2
2024141456495,2024,141456495,1,3,0,-1,19,6,2,-1,0,0,5,0,0,0,1,1,-1,9,1,20,4,124,1,18,YAMAHA YBR,1,E01007369,0,2
2024361535494,2024,361535494,2,3,0,-1,19,2,5,-1,0,0,0,0,0,0,1,1,-1,9,2,22,5,124,1,9,YAMAHA YBR,1,E01026869,0,4
2024461441217,2024,461441217,1,3,0,-1,4,1,3,-1,0,0,0,0,0,0,0,1,-1,1,1,25,5,125,1,8,YAMAHA YBR,10,E01024426,0,1
2024471402260,2024,471402260,2,3,0,-1,19,1,5,-1,0,1,0,0,0,0,1,1,-1,2,1,29,6,124,1,10,YAMAHA YBR,2,E01021016,0,1
2024461536796,2024,461536796,2,3,0,-1,4,1,5,-1,0,0,0,0,0,0,2,1,-1,9,1,59,9,124,1,12,YAMAHA YBR,2,E01024517,0,1
2024520403018,2024,520403018,1,4,0,18,19,8,4,0,0,0,0,0,0,0,1,1,6,6,1,18,4,124,1,11,YAMAHA YBR,1,E01014638,0,4
2024471398987,2024,471398987,1,3,0,-1,7,7,1,-1,0,1,1,0,0,0,3,1,-1,6,2,47,8,124,1,14,YAMAHA YBR,8,E01016956,0,2
2024231486712,2024,231486712,1,3,0,-1,19,8,4,-1,0,8,0,0,0,0,4,1,-1,1,1,19,4,124,1,14,YAMAHA YBR,3,E01031165,0,1
202454E794724,2024,54E794724,1,3,0,17,19,7,3,0,0,0,1,0,0,0,0,1,2,2,1,29,6,124,1,10,YAMAHA YBR,4,E01033908,0,4
2024320119462,2024,320119462,2,3,0,-1,-1,6,4,0,0,4,0,0,0,0,3,1,-1,-1,1,25,5,124,1,11,YAMAHA YBR,9,E01026346,0,1
2024041513645,2024,041513645,2,3,0,-1,19,5,1,-1,0,1,0,0,0,0,1,1,-1,2,1,32,6,125,1,9,YAMAHA YBR,2,E01025245,0,1
2024010497856,2024,010497856,1,3,0,99,99,9,9,99,99,9,9,99,9,99,9,1,2,2,1,47,8,125,1,9,YAMAHA YBR,2,E01004256,0,3
2024201489314,2024,201489314,1,4,0,-1,19,8,4,-1,0,0,2,7,4,0,1,1,-1,2,1,56,9,124,1,14,YAMAHA YBR,3,E01009221,0,2
2024430215059,2024,430215059,2,3,0,18,19,8,4,0,0,1,0,0,0,0,1,1,6,6,1,31,6,124,1,12,YAMAHA YBR,10,E01017862,0,1
2024010525126,2024,010525126,2,3,0,18,19,3,7,0,0,2,1,0,0,0,1,1,6,6,1,27,6,124,1,14,YAMAHA YBR,4,E01024481,0,1
2024221476521,2024,221476521,1,3,0,-1,13,8,4,-1,0,8,0,0,0,0,4,1,-1,6,1,24,5,124,1,14,YAMAHA YBR,5,E01028832,0,4
2024070519149,2024,070519149,1,4,0,18,19,1,5,0,0,1,1,0,0,0,1,1,6,6,1,23,5,124,1,12,YAMAHA YBR,9,E01018419,0,1
2024320708744,2024,320708744,1,3,0,-1,-1,4,8,0,0,0,2,0,0,0,1,1,6,6,1,32,6,125,1,9,YAMAHA YBR,8,E01026188,0,1
2024440509612,2024,440509612,2,3,0,18,19,1,5,0,0,0,0,0,0,0,0,1,6,6,1,28,6,124,1,11,YAMAHA YBR,2,E01022820,0,2
2024010528056,2024,010528056,2,3,0,18,19,4,8,0,0,8,0,0,1,0,1,1,2,2,1,26,6,124,1,15,YAMAHA YBR,-1,-1,0,-1
2024201456560,2024,201456560,1,4,0,-1,19,6,5,-1,0,2,2,0,0,0,2,1,-1,9,1,18,4,125,1,9,YAMAHA YBR,1,E01033888,0,1
2024501443785,2024,501443785,1,3,0,-1,14,5,1,-1,0,1,0,0,0,0,4,1,-1,2,1,18,4,124,1,11,YAMAHA YBR,3,E01019000,0,1
2024522402477,2024,522402477,2,4,0,18,19,8,4,0,0,8,0,0,0,0,1,1,6,6,1,30,6,124,1,11,YAMAHA YBR,6,E01014914,0,2
2024531495529,2024,531495529,2,3,0,-1,19,3,7,-1,0,0,0,0,0,0,0,1,-1,6,2,32,6,124,1,11,YAMAHA YBR,7,E01030621,0,5
2024540688424,2024,540688424,1,3,0,18,19,2,6,0,0,1,0,4,0,0,1,1,6,6,1,64,9,124,1,13,YAMAHA YBR,3,E01032118,0,1
2024052401736,2024,052401736,2,3,0,18,19,5,1,0,0,0,0,0,0,0,1,1,6,6,1,64,9,125,1,9,YAMAHA YBR,8,E01007095,0,1
2024451442434,2024,451442434,2,3,0,-1,19,3,7,-1,0,8,1,10,1,10,1,1,-1,9,1,55,8,124,1,13,YAMAHA YBR,6,E01030684,0,1
2024320520284,2024,320520284,2,3,0,-1,-1,2,6,0,0,8,0,0,0,0,1,1,-1,-1,1,18,4,125,1,7,YAMAHA YBR,5,E01026243,0,1
2024440074815,2024,440074815,1,3,0,18,19,2,6,0,0,2,0,0,0,0,1,1,6,6,1,32,6,125,1,9,YAMAHA YBR,3,E01023018,0,3
2024451475659,2024,451475659,1,3,0,-1,19,8,4,-1,0,0,0,0,0,0,1,1,-1,2,1,26,6,124,1,12,YAMAHA YBR,2,E01001151,0,3
2024061403302,2024,061403302,2,3,0,-1,19,5,1,-1,0,1,0,0,0,0,1,1,-1,9,1,-1,-1,125,1,10,YAMAHA YBR,10,E01019756,0,2
2024010516722,2024,010516722,1,3,0,18,19,5,1,0,0,1,0,0,0,0,4,1,6,6,1,44,7,125,1,8,YAMAHA YBR,6,E01003173,0,1
2024311480178,2024,311480178,1,3,0,-1,7,4,6,-1,0,6,0,0,0,0,1,1,-1,6,1,76,11,124,1,13,YAMAHA YBR,7,E01033410,0,1
2024451498845,2024,451498845,2,3,0,-1,13,1,5,-1,0,0,0,0,0,0,1,1,-1,6,1,28,6,124,1,12,YAMAHA YBR,10,E01035359,0,3
2024440302408,2024,440302408,1,3,0,18,19,3,7,0,0,0,0,12,0,0,1,1,2,2,1,60,9,124,1,15,YAMAHA YBR,8,E01017286,0,1
2024991510620,2024,991510620,2,3,0,-1,19,3,7,-1,0,8,0,0,0,0,1,1,-1,9,1,21,5,125,1,8,YAMAHA YBR,5,-1,0,3
2024371438157,2024,371438157,1,4,0,-1,19,3,6,-1,0,2,0,0,0,0,1,1,-1,9,1,27,6,124,1,11,YAMAHA YBR,7,E01029902,0,2
2024161474093,2024,161474093,4,3,0,-1,19,4,8,-1,0,1,0,0,0,0,0,1,-1,6,1,36,7,124,1,14,YAMAHA YBR,1,E01013220,0,1
2024010510279,2024,010510279,1,3,0,16,19,6,2,0,0,0,1,10,7,11,1,1,6,6,1,22,5,124,1,13,YAMAHA YBR,5,E01002607,0,1
2024340WN4312,2024,340WN4312,1,3,0,-1,7,7,2,-1,0,4,1,0,1,0,4,1,-1,9,1,17,4,125,1,9,YAMAHA YBR,3,E01027175,0,1
2024052401263,2024,052401263,1,3,0,18,19,1,5,0,0,1,0,0,0,0,1,1,6,6,1,19,4,124,1,13,YAMAHA YBR,1,E01007055,0,1
2024211484017,2024,211484017,1,3,0,-1,15,7,4,-1,9,1,0,10,7,6,1,1,-1,9,1,18,4,124,1,13,YAMAHA YBR,7,E01029379,0,4
2024421421692,2024,421421692,2,3,0,-1,19,3,7,-1,0,1,5,0,0,0,4,1,-1,9,1,65,9,124,1,13,YAMAHA YBR,6,E01021308,0,1
2024141496581,2024,141496581,1,3,0,-1,19,6,2,-1,0,1,1,0,0,0,4,1,-1,2,1,23,5,125,1,9,YAMAHA YBR,9,E01008048,0,2
2024471440109,2024,471440109,2,3,0,-1,19,4,8,-1,0,0,0,0,1,0,3,1,-1,6,1,26,6,124,1,13,YAMAHA YBR,4,E01031434,0,1
2024440514811,2024,440514811,2,3,0,18,19,3,7,0,0,1,0,0,0,0,1,1,6,6,1,18,4,124,1,12,YAMAHA YBR,3,E01023058,0,1
2024071019765,2024,071019765,2,3,0,-1,19,5,1,-1,0,8,0,0,7,0,1,1,-1,2,1,18,4,124,1,14,YAMAHA YBR,4,E01018618,0,1
2024371525726,2024,371525726,1,4,0,-1,19,5,1,-1,0,0,1,0,0,0,0,1,-1,6,1,36,7,125,1,8,YAMAHA YBR,4,E01029918,0,1
2024522401751,2024,522401751,2,3,0,18,19,1,5,0,0,8,0,0,0,0,1,1,6,6,1,18,4,124,1,13,YAMAHA YBR,4,E01014991,0,1
2024211502812,2024,211502812,2,3,0,-1,19,5,1,-1,0,1,5,0,0,0,1,1,-1,6,1,23,5,125,1,9,YAMAHA YBR,5,E01034103,0,1
2024010529677,2024,010529677,1,3,0,99,99,9,9,99,99,9,9,99,9,99,9,1,6,6,1,19,4,125,1,9,YAMAHA YBR,2,E01000508,0,3
2024371536140,2024,371536140,2,3,0,-1,19,7,3,-1,0,8,0,0,0,0,1,1,-1,9,1,25,5,124,1,16,YAMAHA YBR,8,E01030098,0,2
2024010513617,2024,010513617,1,3,0,18,19,7,3,0,0,0,0,0,0,0,1,1,2,2,1,47,8,125,1,9,YAMAHA YBR,-1,-1,0,-1
2024221483469,2024,221483469,1,3,0,-1,19,7,3,-1,0,0,0,0,0,0,1,1,-1,2,1,17,4,124,1,18,YAMAHA YBR,4,E01014024,0,1
202460Q172340,2024,60Q172340,1,3,0,18,19,5,1,0,0,0,1,0,0,0,1,1,2,2,1,22,5,124,1,13,YAMAHA YBR,-1,-1,0,-1
2024501431052,2024,501431052,1,3,0,-1,19,2,6,-1,0,0,5,0,2,1,4,1,-1,9,1,17,4,124,1,12,YAMAHA YBR,4,E01020198,0,1
2024122400675,2024,122400675,2,3,0,18,19,7,5,0,0,1,0,0,0,0,1,1,6,6,1,19,4,125,1,9,YAMAHA YBR,7,E01027681,0,3
2024430452887,2024,430452887,1,3,0,18,19,7,3,0,0,0,0,0,0,0,1,1,2,2,1,19,4,124,1,14,YAMAHA YBR,6,E01017839,0,1
2024552401159,2024,552401159,1,3,0,9,9,6,4,0,0,5,0,0,0,0,4,1,6,6,1,51,8,124,1,17,YAMAHA YBR,7,E01020514,0,1
202460Q016948,2024,60Q016948,2,4,0,7,7,5,7,0,0,1,0,0,0,0,2,1,6,6,2,37,7,124,1,15,YAMAHA YBR,-1,-1,0,-1
2024041488453,2024,041488453,1,3,0,-1,19,1,5,-1,0,0,2,0,1,0,1,1,-1,9,1,19,4,124,1,13,YAMAHA YBR,8,E01024944,0,4
2024501509035,2024,501509035,2,3,0,-1,19,2,6,-1,0,1,0,0,0,0,1,1,-1,9,1,23,5,124,1,13,YAMAHA YBR,4,E01018844,0,3
2024421443342,2024,421443342,2,3,0,-1,19,7,3,-1,0,1,5,0,0,0,1,1,-1,7,1,18,4,124,1,15,YAMAHA YBR,2,E01021316,0,1
2024622400563,2024,622400563,1,3,0,5,5,8,2,0,0,4,0,0,0,0,2,1,6,6,1,22,5,124,1,16,YAMAHA YBR,10,W01001072,0,1
2024010492905,2024,010492905,2,3,9,99,99,9,9,99,99,9,9,99,9,99,9,1,6,6,3,37,7,124,1,14,YAMAHA YBR,4,E01001879,0,1
2024122500212,2024,122500212,1,3,0,18,19,4,7,0,0,4,1,0,0,0,0,1,2,2,1,19,4,125,1,8,YAMAHA YBR,5,E01027796,0,2
2024461428760,2024,461428760,1,4,0,-1,19,6,2,-1,0,1,0,0,0,0,1,1,-1,9,1,18,4,124,1,18,YAMAHA YBR,3,E01035313,0,1
2024201449461,2024,201449461,1,3,0,-1,19,1,6,-1,0,0,0,0,4,4,1,1,-1,9,1,17,4,125,1,9,YAMAHA YBR,4,E01009218,0,1
2024471480007,2024,471480007,2,3,0,-1,19,7,3,-1,0,1,0,0,0,0,4,1,-1,2,1,31,6,124,1,19,YAMAHA YBR,6,E01031445,0,1
2024440185281,2024,440185281,1,3,0,14,14,8,4,0,0,1,0,0,0,0,4,1,6,6,2,22,5,124,1,13,YAMAHA YBR,4,E01017022,0,1
2024010514887,2024,010514887,1,3,0,18,19,1,5,0,0,8,0,0,0,0,1,1,2,2,1,40,7,124,1,12,YAMAHA YBR,3,E01002550,0,1
202460Q091993,2024,60Q091993,1,4,0,18,19,3,7,9,9,0,0,0,0,0,1,1,6,6,3,-1,-1,124,1,10,YAMAHA YBR,-1,-1,0,-1
2024440241820,2024,440241820,2,3,0,18,19,8,4,0,0,1,0,0,0,0,1,1,6,6,1,32,6,125,1,9,YAMAHA YBR,3,E01023018,0,1
2024501566334,2024,501566334,1,3,0,-1,19,5,5,-1,0,6,0,0,0,0,4,1,-1,2,1,19,4,124,1,17,YAMAHA YBR,3,E01019076,0,2
2024471487464,2024,471487464,1,3,0,-1,19,3,7,-1,0,0,0,0,0,0,1,1,-1,2,1,40,7,124,1,17,YAMAHA YBR,8,E01034820,0,2
2024010538157,2024,010538157,1,3,0,13,13,1,5,0,0,3,1,0,7,7,1,1,2,2,1,19,4,124,1,18,YAMAHA YBR,10,E01030323,0,2