collision_index,collision_year,collision_ref_no,vehicle_reference,vehicle_type,towing_and_articulation,vehicle_manoeuvre_historic,vehicle_manoeuvre,vehicle_direction_from,vehicle_direction_to,vehicle_location_restricted_lane_historic,vehicle_location_restricted_lane,junction_location,skidding_and_overturning,hit_object_in_carriageway,vehicle_leaving_carriageway,hit_object_off_carriageway,first_point_of_impact,vehicle_left_hand_drive,journey_purpose_of_driver_historic,journey_purpose_of_driver,sex_of_driver,age_of_driver,age_band_of_driver,engine_capacity_cc,propulsion_code,age_of_vehicle,generic_make_model,driver_imd_decile,lsoa_of_driver,escooter_flag,driver_distance_banding
2024351457238,2024,351457238,1,3,0,-1,4,6,2,-1,0,1,0,0,0,0,1,1,-1,6,1,58,9,125,1,9,YAMAHA YBR,5,E01026712,0,4
2024211522989,2024,211522989,2,3,0,-1,19,5,1,-1,0,0,0,0,0,0,1,1,-1,9,1,17,4,124,1,12,YAMAHA YBR,-1,-1,0,-1
2024101490201,2024,101490201,2,3,0,-1,19,6,8,-1,0,8,1,0,0,0,0,1,-1,9,1,18,4,125,1,10,YAMAHA YBR,-1,-1,0,-1
2024440444200,2024,440444200,1,3,0,7,7,3,5,0,0,8,0,0,0,0,4,1,6,6,1,28,6,124,1,11,YAMAHA YBR,2,E01022820,0,3
2024141496320,2024,141496320,1,3,0,-1,19,2,6,-1,0,1,0,0,0,0,1,1,-1,9,1,23,5,124,1,12,YAMAHA YBR,1,E01007738,0,3
2024010513871,2024,010513871,2,4,0,18,19,3,7,0,0,0,0,8,0,0,3,1,2,2,1,38,7,124,1,11,YAMAHA YBR,5,E01003662,0,1
2024010516808,2024,010516808,2,2,0,13,13,1,5,0,0,1,0,0,0,0,3,1,1,1,1,19,4,124,1,18,YAMAHA YBR,10,E01030323,0,2
2024371501694,2024,371501694,1,3,0,-1,19,7,3,-1,0,1,1,0,0,0,4,1,-1,1,1,53,8,124,1,17,YAMAHA YBR,6,E01033043,0,1
2024010516562,2024,010516562,2,3,0,18,19,3,7,0,0,0,0,0,0,0,1,1,6,6,1,25,5,124,1,12,YAMAHA YBR,4,E01032772,0,1
2024501482840,2024,501482840,1,3,0,-1,19,5,1,-1,9,8,1,0,0,0,1,1,-1,6,1,17,4,124,1,17,YAMAHA YBR,1,E01015146,0,2
2024371436988,2024,371436988,1,3,0,-1,19,1,5,-1,0,0,0,0,0,0,1,1,-1,6,1,17,4,125,1,8,YAMAHA YBR,1,E01033131,0,1
2024201451587,2024,201451587,2,3,0,-1,11,7,1,-1,0,0,0,0,0,0,3,1,-1,2,1,19,4,124,1,15,YAMAHA YBR,3,E01009750,0,1
2024041418006,2024,041418006,2,3,0,-1,19,5,1,-1,0,3,0,0,0,0,3,1,-1,9,1,19,4,124,1,14,YAMAHA YBR,4,E01012604,0,1
2024320551257,2024,320551257,1,3,0,-1,-1,6,2,0,0,8,2,0,1,0,1,1,-1,-1,1,18,4,124,1,17,YAMAHA YBR,2,E01026108,0,3
2024451447999,2024,451447999,1,3,0,-1,19,3,7,-1,0,0,0,0,0,0,1,1,-1,2,1,33,6,124,1,15,YAMAHA YBR,10,E01030776,0,2
2024311417291,2024,311417291,1,3,0,-1,5,1,5,-1,0,8,0,0,0,0,1,1,-1,6,1,21,5,124,1,13,YAMAHA YBR,5,E01028189,0,2
2024010519969,2024,010519969,1,3,0,99,99,9,9,99,99,9,9,99,9,99,1,1,6,6,1,31,6,124,1,17,YAMAHA YBR,5,E01004644,0,1
2024361410928,2024,361410928,2,3,0,-1,19,-1,-1,-1,0,0,1,0,1,0,3,1,-1,9,1,17,4,125,1,8,YAMAHA YBR,3,E01026631,0,4
2024320641029,2024,320641029,2,3,0,4,4,6,2,0,0,1,5,0,0,0,2,1,-1,-1,2,22,5,125,1,7,YAMAHA YBR,5,E01026276,0,3
2024010494819,2024,010494819,1,3,0,99,99,9,9,0,0,0,0,0,0,0,1,1,6,6,1,-1,-1,125,1,9,YAMAHA YBR,2,E01002561,0,2
2024461420460,2024,461420460,1,3,0,-1,19,5,1,-1,0,0,0,0,0,0,1,1,-1,6,1,20,4,124,1,16,YAMAHA YBR,3,E01024777,0,2
2024010546566,2024,010546566,2,3,0,9,9,5,4,0,0,8,0,0,0,0,1,1,6,6,1,24,5,124,1,16,YAMAHA YBR,4,E01002973,0,2
2024141482823,2024,141482823,2,3,0,-1,19,4,1,-1,0,3,0,0,1,0,1,1,-1,6,1,40,7,124,1,16,YAMAHA YBR,1,E01007491,0,3
2024010491062,2024,010491062,1,3,0,18,19,7,3,0,0,1,2,0,0,0,0,1,6,6,1,56,9,124,1,15,YAMAHA YBR,7,E01002974,0,2
2024411471079,2024,411471079,2,3,0,-1,13,6,2,-1,0,8,0,0,0,0,1,1,-1,6,1,25,5,125,1,8,YAMAHA YBR,2,E01023750,0,2
2024501460800,2024,501460800,1,3,0,-1,13,7,3,-1,0,8,0,0,0,0,1,1,-1,6,1,23,5,124,1,11,YAMAHA YBR,4,E01018942,0,1
2024311416226,2024,311416226,1,3,0,-1,5,5,1,-1,0,1,5,0,0,0,3,1,-1,9,1,25,5,125,1,9,YAMAHA YBR,2,E01019523,0,3
2024041511567,2024,041511567,2,3,0,-1,14,1,5,-1,0,0,0,0,0,0,4,1,-1,9,1,50,8,124,1,13,YAMAHA YBR,2,E01012630,0,1
2024340NN3512,2024,340NN3512,1,3,0,-1,19,7,3,-1,0,1,1,0,0,0,1,1,-1,9,1,21,5,124,1,11,YAMAHA YBR,5,E01027123,0,2
2024061522072,2024,061522072,2,9,0,-1,3,5,2,-1,0,1,0,0,0,0,3,1,-1,6,1,77,11,-1,3,1,AUDI Q4,9,E01018669,0,2
2024010515162,2024,010515162,1,9,0,18,19,9,9,99,99,0,9,99,9,99,3,9,6,6,1,45,7,-1,3,0,AUDI Q4,3,E01001188,0,1
2024010547792,2024,010547792,3,9,0,18,19,7,3,0,0,0,0,0,0,0,1,1,2,2,2,62,9,-1,3,0,AUDI Q4,2,E01002316,0,3
2024010536451,2024,010536451,1,9,0,9,9,7,5,0,0,5,0,0,0,0,4,1,6,6,1,29,6,-1,3,0,AUDI Q4,6,E01000407,0,2
2024991405357,2024,991405357,1,9,0,-1,19,8,4,-1,0,2,0,0,0,0,4,1,-1,1,1,47,8,-1,3,1,AUDI Q4,10,-1,0,2
2024010541701,2024,010541701,2,9,0,18,19,5,1,0,0,8,0,0,0,0,1,1,1,1,1,28,6,-1,3,3,AUDI Q4,8,E01033569,0,2
2024211536426,2024,211536426,1,9,0,-1,2,0,0,-1,9,0,0,0,0,0,3,1,-1,6,2,52,8,-1,3,1,AUDI Q4,7,E01029622,0,1
2024401423538,2024,401423538,2,9,-1,-1,-1,-1,-1,-1,-1,0,-1,-1,-1,0,-1,1,-1,6,2,49,8,-1,3,1,AUDI Q4,4,E01033826,0,1
2024421425224,2024,421425224,2,9,0,-1,19,1,5,-1,0,0,0,0,0,0,4,9,-1,6,1,65,9,-1,3,2,AUDI Q4,7,E01021381,0,4
2024131525198,2024,131525198,2,9,0,-1,19,2,7,-1,0,8,0,0,0,0,4,1,-1,9,2,35,6,-1,3,1,AUDI Q4,2,E01010815,0,2
2024340NN3002,2024,340NN3002,2,9,0,-1,19,4,8,-1,0,0,0,0,0,0,1,1,-1,6,2,47,8,-1,3,3,AUDI Q4,6,E01018126,0,2
2024052401597,2024,052401597,1,9,0,5,5,5,1,0,0,4,0,0,0,0,3,1,6,6,2,32,6,-1,3,0,AUDI Q4,8,E01007279,0,1
2024101448342,2024,101448342,1,9,0,-1,9,4,2,-1,0,8,0,0,0,0,1,1,-1,6,1,25,5,-1,3,1,AUDI Q4,7,E01008469,0,2
2024471487267,2024,471487267,1,9,0,-1,19,6,2,-1,0,0,0,0,7,0,3,1,-1,9,1,74,10,-1,3,1,AUDI Q4,8,E01031765,0,1
2024991458092,2024,991458092,3,9,0,-1,19,8,4,-1,0,0,0,0,1,0,1,1,-1,9,2,44,7,-1,3,1,AUDI Q4,4,-1,0,2
2024041394093,2024,041394093,1,9,0,-1,19,5,1,-1,0,0,1,7,0,0,3,1,-1,9,1,44,7,-1,3,0,AUDI Q4,6,E01025121,0,3
2024430318869,2024,430318869,3,9,0,18,19,7,3,0,0,0,0,0,0,0,1,1,6,6,1,50,8,-1,3,0,AUDI Q4,4,E01022424,0,4
2024010535122,2024,010535122,2,9,0,99,99,9,9,99,99,0,9,99,9,99,9,9,6,6,3,-1,-1,-1,3,1,AUDI Q4,2,E01034173,0,1
2024131444826,2024,131444826,2,9,0,-1,9,2,4,-1,0,1,0,0,0,0,3,1,-1,9,2,42,7,-1,3,1,AUDI Q4,6,E01011835,0,1
2024522500073,2024,522500073,3,9,0,18,19,5,1,0,0,8,0,0,0,0,4,1,6,6,1,47,8,-1,3,2,AUDI Q4,10,E01014913,0,3
2024302400496,2024,302400496,2,9,0,17,19,7,4,0,0,8,1,0,0,0,3,1,6,6,1,-1,-1,-1,3,1,AUDI Q4,8,E01019630,0,2
2024201507537,2024,201507537,2,9,0,-1,19,1,5,-1,0,0,0,0,0,0,4,1,-1,7,1,54,8,-1,3,2,AUDI Q4,2,E01010071,0,1
2024430224584,2024,430224584,1,9,0,9,9,1,7,0,0,6,0,0,0,0,2,1,6,6,1,45,7,-1,3,1,AUDI Q4,7,E01028493,0,1
2024522402894,2024,522402894,1,9,0,18,19,3,2,0,0,8,0,0,0,0,1,1,6,6,1,64,9,-1,3,1,AUDI Q4,7,E01029085,0,4
2024471497230,2024,471497230,1,9,0,-1,9,1,6,-1,0,6,0,0,0,0,1,1,-1,9,2,56,9,-1,3,0,AUDI Q4,7,E01021173,0,3
2024061517623,2024,061517623,4,9,0,-1,19,1,5,-1,0,0,0,0,0,0,2,1,-1,2,1,39,7,-1,3,0,AUDI Q4,6,E01034340,0,4
2024411463337,2024,411463337,1,9,0,-1,19,8,4,-1,0,1,0,0,0,0,1,1,-1,6,1,59,9,-1,3,0,AUDI Q4,8,E01023625,0,1
2024010512086,2024,010512086,1,9,0,7,7,1,3,0,0,5,0,0,0,0,4,1,6,6,1,33,6,-1,3,1,AUDI Q4,3,E01004675,0,1
2024332400016,2024,332400016,1,9,0,-1,4,3,7,-1,0,2,0,0,0,0,2,1,-1,9,1,33,6,-1,3,1,AUDI Q4,7,E01035396,0,4
2024010520485,2024,010520485,1,9,0,9,9,4,1,0,0,5,0,0,0,0,1,1,6,6,2,38,7,-1,3,1,AUDI Q4,7,E01004534,0,1
2024052402566,2024,052402566,2,9,0,18,19,6,2,0,0,1,0,0,0,0,1,1,6,6,2,30,6,-1,3,1,AUDI Q4,1,E01033228,0,1
2024052401301,2024,052401301,2,9,0,9,9,5,3,0,0,8,0,0,0,0,3,1,6,6,1,38,7,-1,3,1,AUDI Q4,5,E01006499,0,1
2024332400517,2024,332400517,1,9,0,-1,19,2,6,-1,0,0,0,0,0,0,1,1,-1,6,2,42,7,-1,3,1,AUDI Q4,7,E01027033,0,3
2024211427878,2024,211427878,1,9,0,-1,11,5,1,-1,0,3,0,0,0,0,0,1,-1,6,1,62,9,-1,3,2,AUDI Q4,-1,-1,0,-1
2024361555540,2024,361555540,2,9,0,-1,19,6,2,-1,0,1,0,0,0,0,1,1,-1,1,2,58,9,-1,3,2,AUDI Q4,8,E01026439,0,3
2024041431735,2024,041431735,1,9,0,-1,19,3,7,-1,0,0,1,0,2,7,2,1,-1,2,1,41,7,-1,3,1,AUDI Q4,6,E01025078,0,2
2024052402576,2024,052402576,1,9,0,7,7,8,2,0,0,2,0,0,0,0,1,1,2,2,3,-1,-1,-1,3,1,AUDI Q4,-1,-1,0,-1
2024332400553,2024,332400553,3,9,0,-1,3,2,6,-1,0,1,0,0,0,0,2,1,-1,6,3,-1,-1,-1,3,2,AUDI Q4,-1,-1,0,-1
2024531443181,2024,531443181,2,9,0,-1,19,4,8,-1,0,1,0,0,0,0,1,1,-1,6,2,34,6,-1,3,1,AUDI Q4,4,E01022173,0,1
2024311404561,2024,311404561,1,9,0,-1,9,3,7,-1,0,1,0,0,0,0,1,1,-1,9,1,38,7,-1,3,3,AUDI Q4,10,E01028361,0,2
2024211424190,2024,211424190,1,9,0,-1,7,1,2,-1,0,1,0,0,0,0,4,1,-1,6,2,41,7,-1,3,3,AUDI Q4,-1,-1,0,-1
2024010533775,2024,010533775,2,9,9,99,99,9,9,99,99,9,9,99,9,99,9,9,6,6,3,-1,-1,-1,3,1,AUDI Q4,-1,-1,0,-1
2024010527228,2024,010527228,2,9,0,5,5,5,1,0,0,1,0,0,0,0,4,1,6,6,1,31,6,-1,3,0,AUDI Q4,4,E01004421,0,1
2024221429524,2024,221429524,2,9,0,-1,5,2,6,-1,0,2,0,4,0,0,2,2,-1,7,1,59,9,-1,3,1,AUDI Q4,4,E01032409,0,1
202454D723624,2024,54D723624,2,9,0,4,4,8,4,0,0,0,0,0,0,0,2,1,2,2,2,60,9,-1,3,3,AUDI Q4,7,E01033861,0,2
2024010524598,2024,010524598,3,9,0,10,10,8,5,0,0,1,0,0,0,0,0,1,6,6,1,50,8,-1,3,0,AUDI Q4,4,E01002442,0,1
2024010521389,2024,010521389,1,9,0,3,3,9,9,99,99,9,9,99,9,99,2,9,6,6,1,53,8,-1,3,0,AUDI Q4,9,E01002575,0,1
2024461428021,2024,461428021,2,9,0,-1,4,3,7,-1,0,4,0,0,0,0,2,9,-1,9,2,42,7,-1,3,1,AUDI Q4,2,E01024177,0,3
2024010534645,2024,010534645,1,9,0,4,4,5,1,0,0,1,0,0,0,0,3,1,2,2,1,21,5,-1,3,1,AUDI Q4,6,E01003273,0,1
2024231501620,2024,231501620,3,9,0,-1,4,4,8,-1,0,0,0,0,0,0,2,9,-1,6,1,52,8,-1,3,0,AUDI Q4,6,E01018373,0,5
2024201487148,2024,201487148,2,9,0,-1,19,2,6,-1,0,8,0,0,0,0,1,1,-1,9,1,32,6,-1,3,1,AUDI Q4,-1,-1,0,-1
2024440360967,2024,440360967,2,9,0,18,19,3,7,0,0,0,0,0,0,0,1,1,6,6,1,49,8,-1,3,0,AUDI Q4,7,E01023167,0,2
2024461399147,2024,461399147,4,9,0,-1,19,3,7,-1,0,0,0,0,0,0,2,9,-1,2,1,32,6,-1,3,1,AUDI Q4,8,E01024043,0,4
2024010538431,2024,010538431,1,9,0,4,4,5,1,0,0,1,0,0,0,0,1,1,2,2,2,35,6,-1,3,3,AUDI Q4,9,E01003467,0,2
2024141482530,2024,141482530,1,9,0,-1,9,8,3,-1,0,2,0,0,0,0,1,1,-1,1,2,43,7,-1,3,2,AUDI Q4,9,E01019590,0,3
2024552401526,2024,552401526,1,9,0,9,9,6,4,0,0,6,0,0,0,0,3,1,6,6,2,31,6,-1,3,0,AUDI Q4,3,E01015381,0,1
2024471534846,2024,471534846,1,9,0,-1,19,7,3,-1,0,2,0,0,0,0,1,1,-1,9,1,49,8,-1,3,3,AUDI Q4,9,E01016875,0,3
2024131393725,2024,131393725,2,9,0,-1,9,7,1,-1,0,1,0,0,0,0,1,1,-1,6,2,34,6,-1,3,2,AUDI Q4,9,E01010589,0,1
2024461524177,2024,461524177,1,9,0,-1,19,3,7,-1,0,0,0,4,0,0,1,1,-1,2,2,46,8,-1,3,0,AUDI Q4,8,E01016121,0,3
2024361526515,2024,361526515,1,9,0,-1,3,7,5,-1,0,1,0,0,0,0,1,1,-1,6,2,42,7,-1,3,1,AUDI Q4,-1,-1,0,-1
2024161491714,2024,161491714,1,9,0,-1,4,3,1,-1,0,0,0,0,0,0,2,1,-1,9,1,49,8,-1,3,0,AUDI Q4,-1,-1,0,-1
2024421477875,2024,421477875,1,9,0,-1,19,7,3,-1,0,0,0,0,0,0,1,1,-1,6,1,60,9,-1,3,0,AUDI Q4,5,E01015994,0,1
2024010538101,2024,010538101,2,9,0,99,99,9,9,99,99,9,9,99,9,99,9,9,6,6,3,-1,-1,-1,3,0,AUDI Q4,-1,-1,0,-1
2024010529959,2024,010529959,1,9,0,17,19,5,1,0,0,1,0,7,1,10,1,1,2,2,1,34,6,-1,3,0,AUDI Q4,9,E01002288,0,1
2024010500058,2024,010500058,2,9,0,18,19,9,9,99,99,1,9,99,9,99,9,9,6,6,3,-1,-1,-1,3,0,AUDI Q4,-1,-1,0,-1
2024161531870,2024,161531870,2,9,0,-1,19,1,5,-1,0,0,0,0,0,0,3,1,-1,9,1,31,6,-1,3,0,AUDI Q4,8,E01027876,0,3
2024991409640,2024,991409640,1,9,0,-1,19,5,3,-1,0,2,0,0,0,0,1,1,-1,2,2,48,8,-1,3,2,AUDI Q4,9,-1,0,1
2024231427472,2024,231427472,1,9,0,-1,19,8,4,-1,0,8,1,0,0,0,1,1,-1,1,1,42,7,-1,3,1,AUDI Q4,4,E01029836,0,4
2024061502977,2024,061502977,1,9,0,-1,19,-1,-1,-1,0,0,1,0,7,0,4,1,-1,9,2,35,6,-1,3,1,AUDI Q4,10,E01025355,0,4
2024122400450,2024,122400450,1,9,0,9,9,8,5,0,0,2,0,0,0,0,1,1,6,6,2,41,7,-1,3,1,AUDI Q4,-1,-1,0,-1
2024231482364,2024,231482364,2,9,0,-1,19,2,6,-1,0,1,0,0,0,0,1,9,-1,1,2,19,4,-1,3,3,AUDI Q4,10,E01032271,0,3
2024401538906,2024,401538906,1,9,0,-1,4,5,1,-1,0,1,0,0,0,0,2,1,-1,6,1,49,8,-1,3,1,AUDI Q4,5,E01028538,0,4
2024010529862,2024,010529862,2,9,0,14,14,7,3,0,0,0,0,0,0,0,3,1,6,6,2,33,6,-1,3,0,AUDI Q4,4,E01002620,0,2
2024131414056,2024,131414056,1,9,0,-1,19,3,2,-1,0,1,0,0,0,0,3,1,-1,1,1,34,6,-1,3,1,AUDI Q4,4,E01032489,0,1
2024552401239,2024,552401239,1,9,0,5,5,7,3,0,0,6,0,0,0,0,3,1,6,6,1,49,8,-1,3,1,AUDI Q4,8,E01015394,0,2
2024010531652,2024,010531652,3,9,0,9,9,7,4,0,0,5,0,0,0,0,4,1,6,6,1,47,8,-1,3,0,AUDI Q4,9,E01004136,0,1
2024010546843,2024,010546843,2,9,0,18,19,4,8,0,0,1,0,0,0,0,1,1,2,2,1,26,6,-1,3,0,AUDI Q4,4,E01005029,0,5
2024461471864,2024,461471864,2,9,0,-1,19,5,5,-1,0,0,0,0,0,0,3,1,-1,9,2,39,7,-1,3,1,AUDI Q4,5,E01024628,0,1
2024010538694,2024,010538694,1,9,0,5,5,7,3,0,0,6,0,0,0,0,4,1,6,6,1,48,8,-1,3,2,AUDI Q4,4,E01001723,0,2
2024461527531,2024,461527531,1,9,0,-1,9,7,3,-1,0,2,0,0,0,0,4,1,-1,9,1,38,7,-1,3,0,AUDI Q4,7,E01021201,0,4
2024320538555,2024,320538555,2,9,0,-1,-1,8,4,0,0,8,0,0,0,0,3,1,-1,-1,1,43,7,-1,3,3,AUDI Q4,5,E01026409,0,1
2024010492346,2024,010492346,2,9,0,99,99,9,9,99,99,5,9,99,9,99,9,9,6,6,3,-1,-1,-1,3,1,AUDI Q4,9,E01034426,0,4
2024131464400,2024,131464400,2,9,0,-1,19,5,1,-1,0,0,1,0,1,0,1,1,-1,9,2,34,6,-1,3,0,AUDI Q4,10,E01027730,0,4
202460Q005130,2024,60Q005130,2,9,0,18,19,8,4,0,0,0,0,0,7,11,3,1,6,6,2,42,7,-1,3,2,AUDI Q4,-1,-1,0,-1
2024461428609,2024,461428609,2,9,0,-1,19,7,5,-1,0,2,0,0,0,0,1,1,-1,9,2,31,6,-1,3,2,AUDI Q4,4,E01024387,0,1
2024010543844,2024,010543844,2,9,0,18,19,3,7,0,0,8,0,0,0,0,1,1,6,6,1,31,6,-1,3,0,AUDI Q4,5,E01000554,0,1
2024610020024,2024,610020024,1,9,0,18,19,8,4,0,0,8,0,0,3,11,1,1,6,6,1,75,10,1796,1,26,-1,2,W01001526,0,1
2024211454334,2024,211454334,1,9,0,-1,9,4,8,-1,0,1,0,0,0,0,3,9,-1,6,1,28,6,1399,1,15,CHEVROLET AVEO,2,E01029346,0,1
2024351540114,2024,351540114,1,9,0,-1,9,1,5,-1,0,1,0,0,0,0,1,1,-1,2,2,28,6,1399,1,15,CHEVROLET AVEO,5,E01018214,0,3
2024201525250,2024,201525250,2,9,0,-1,9,8,5,-1,0,5,0,10,1,0,1,1,-1,2,1,34,6,1206,1,15,CHEVROLET AVEO,2,E01009391,0,1
2024231398155,2024,231398155,1,9,0,-1,19,7,1,-1,0,8,5,0,7,11,1,1,-1,9,2,19,4,1206,1,14,CHEVROLET AVEO,6,E01031084,0,2
2024522403117,2024,522403117,1,9,0,13,13,4,7,0,0,2,0,0,7,10,4,1,6,6,1,18,4,1206,1,14,CHEVROLET AVEO,10,E01029128,0,1
2024131482504,2024,131482504,1,9,0,-1,12,1,5,-1,9,0,0,0,7,10,3,1,-1,9,1,20,4,1399,1,15,CHEVROLET AVEO,3,E01011249,0,1
2024340WN7262,2024,340WN7262,1,9,0,-1,4,8,4,-1,0,1,0,0,0,0,1,1,-1,6,1,-1,-1,1399,1,15,CHEVROLET AVEO,-1,-1,0,-1
2024111471950,2024,111471950,1,9,0,-1,19,4,8,-1,0,0,0,0,0,0,1,1,-1,6,1,30,6,1248,2,11,CHEVROLET AVEO,-1,-1,0,-1
2024031438565,2024,031438565,1,9,0,-1,19,4,6,-1,0,0,0,0,1,0,4,1,-1,6,1,50,8,1399,1,13,CHEVROLET AVEO,-1,-1,0,-1
2024552400371,2024,552400371,2,9,0,10,10,6,4,0,0,5,0,0,0,0,2,1,2,2,2,26,6,1206,1,13,CHEVROLET AVEO,1,E01015288,0,1
2024411399442,2024,411399442,2,9,0,-1,19,1,5,-1,0,0,0,0,0,0,3,9,-1,9,1,48,8,1206,1,13,CHEVROLET AVEO,5,E01000620,0,4
202417M207924,2024,17M207924,2,9,0,-1,19,2,6,-1,0,0,0,0,0,0,3,1,-1,9,1,40,7,1248,2,11,CHEVROLET AVEO,-1,-1,0,-1
2024332400229,2024,332400229,2,9,0,-1,99,7,3,-1,0,6,0,0,0,0,1,1,-1,6,3,-1,-1,1399,1,16,CHEVROLET AVEO,-1,-1,0,-1
2024010503679,2024,010503679,2,9,0,99,99,9,9,99,99,9,9,99,9,99,2,9,6,6,1,19,4,1229,1,12,CHEVROLET AVEO,2,E01003514,0,2
2024320129556,2024,320129556,1,9,0,-1,-1,8,4,0,0,0,0,0,7,3,1,1,-1,-1,1,52,8,1248,2,12,CHEVROLET AVEO,1,E01026109,0,1
2024401484986,2024,401484986,4,9,0,-1,2,0,0,-1,0,0,0,0,0,0,4,1,-1,6,1,38,7,1206,1,14,CHEVROLET AVEO,-1,-1,0,-1
2024010534730,2024,010534730,2,9,0,18,19,7,3,0,0,1,0,0,0,0,1,1,6,6,1,72,10,1398,1,12,CHEVROLET AVEO,-1,-1,0,-1
2024010516165,2024,010516165,1,9,0,18,19,5,1,0,0,8,0,0,0,0,4,1,6,6,2,90,11,1399,1,13,CHEVROLET AVEO,8,E01000786,0,1
2024311427302,2024,311427302,3,9,0,-1,19,4,8,-1,0,0,0,0,0,0,1,1,-1,6,1,82,11,1399,1,15,CHEVROLET AVEO,10,E01028384,0,1
2024101518243,2024,101518243,3,9,0,-1,19,5,1,-1,0,0,0,0,0,0,1,1,-1,2,1,62,9,1229,1,12,CHEVROLET AVEO,9,E01020698,0,3
2024311502663,2024,311502663,1,9,0,-1,19,6,2,-1,0,0,0,0,0,0,1,1,-1,9,2,58,9,1206,1,15,CHEVROLET AVEO,8,E01028253,0,1
2024501413852,2024,501413852,1,9,0,-1,19,6,2,-1,0,0,0,0,0,0,1,9,-1,6,1,-1,-1,1206,1,15,CHEVROLET AVEO,-1,-1,0,-1
2024421471940,2024,421471940,2,9,0,-1,4,4,6,-1,0,2,0,0,0,0,2,1,-1,6,2,60,9,1399,1,15,CHEVROLET AVEO,7,E01015860,0,1
2024991465037,2024,991465037,2,9,0,-1,10,7,3,-1,0,8,0,0,0,0,2,1,-1,9,1,74,10,1206,1,14,CHEVROLET AVEO,-1,-1,0,-1
2024061526745,2024,061526745,2,9,0,-1,19,4,4,-1,0,2,0,0,0,0,4,1,-1,6,1,87,11,1206,1,15,CHEVROLET AVEO,3,E01005149,0,1
2024161415955,2024,161415955,2,9,0,-1,19,5,1,-1,0,0,0,0,0,0,1,1,-1,9,1,38,7,1206,1,14,CHEVROLET AVEO,1,E01012783,0,1
2024010509742,2024,010509742,2,9,0,2,2,0,0,0,0,0,0,0,0,0,4,1,6,6,3,-1,-1,1399,1,16,CHEVROLET AVEO,-1,-1,0,-1
2024440357098,2024,440357098,2,9,0,18,19,0,4,0,0,0,0,0,0,0,3,1,6,6,1,-1,-1,1206,1,15,CHEVROLET AVEO,-1,-1,0,-1
2024361404123,2024,361404123,2,9,0,-1,4,6,2,-1,0,1,0,0,0,0,2,9,-1,6,2,66,10,1399,1,14,CHEVROLET AVEO,6,E01034770,0,1
2024430558978,2024,430558978,2,9,0,17,19,2,6,0,0,0,0,0,0,-1,1,1,6,6,1,57,9,1248,2,11,CHEVROLET AVEO,9,E01017394,0,2
2024622400866,2024,622400866,1,9,0,17,19,8,4,0,0,8,0,0,0,0,1,1,6,6,1,43,7,1399,1,16,CHEVROLET AVEO,2,W01001150,0,4
2024311421093,2024,311421093,2,9,0,-1,9,7,4,-1,0,2,0,0,0,0,1,1,-1,7,2,52,8,1398,1,12,CHEVROLET AVEO,2,E01013853,0,1
2024010505251,2024,010505251,1,9,0,99,99,9,9,99,99,0,9,99,9,99,2,9,6,6,2,36,7,1229,1,12,CHEVROLET AVEO,2,E01001877,0,1
2024141463990,2024,141463990,2,9,0,-1,13,4,8,-1,0,1,0,0,7,0,4,1,-1,6,1,56,9,1206,1,13,CHEVROLET AVEO,2,E01007906,0,1
2024320182981,2024,320182981,1,9,0,-1,-1,6,2,0,0,1,0,0,0,0,1,1,-1,-1,2,34,6,1206,1,14,CHEVROLET AVEO,4,E01026317,0,1
2024052400533,2024,052400533,1,9,0,6,6,7,7,0,0,1,0,7,1,10,1,1,6,6,1,81,11,1399,1,14,CHEVROLET AVEO,2,E01006977,0,1
2024201493125,2024,201493125,4,9,0,-1,2,0,0,-1,0,0,0,0,0,0,3,1,-1,6,-1,-1,-1,1399,1,15,CHEVROLET AVEO,-1,-1,0,-1
2024451515900,2024,451515900,1,9,0,-1,9,4,3,-1,0,6,0,0,0,0,1,1,-1,9,1,24,5,1398,1,12,CHEVROLET AVEO,2,E01001110,0,2
2024471520371,2024,471520371,2,9,0,-1,19,8,4,-1,0,1,0,0,0,0,1,1,-1,6,2,27,6,1206,1,15,CHEVROLET AVEO,7,E01021146,0,1
2024552400409,2024,552400409,1,9,0,18,19,3,7,0,0,6,0,0,0,0,3,1,2,2,2,62,9,1398,1,11,CHEVROLET AVEO,8,E01015320,0,2
2024010510696,2024,010510696,1,9,0,18,19,3,7,0,0,2,0,10,0,0,1,1,6,6,2,99,11,1300,1,13,-1,6,E01004636,0,2
2024351537527,2024,351537527,3,9,0,-1,4,7,3,-1,0,1,0,0,0,0,2,1,-1,6,1,35,6,1968,2,17,-1,10,E01035555,0,1
2024010542914,2024,010542914,3,9,0,2,2,0,0,0,0,0,0,0,0,0,2,1,6,6,3,-1,-1,1798,1,17,-1,-1,-1,0,-1
2024010533114,2024,010533114,1,9,0,9,9,4,1,0,0,5,0,0,0,0,1,1,2,2,1,57,9,1998,1,17,-1,2,E01001673,0,1
2024122401263,2024,122401263,2,9,0,7,7,7,5,0,0,1,1,0,0,0,1,1,6,6,1,17,4,1299,1,21,FORD FIESTA,7,E01027921,0,2
2024471500620,2024,471500620,2,9,0,-1,19,4,8,-1,0,2,1,0,0,0,3,1,-1,1,1,60,9,-1,-1,-1,FORD FIESTA,9,E01022469,0,4
2024061529870,2024,061529870,2,9,0,-1,9,3,8,-1,0,4,0,0,0,0,1,1,-1,2,1,23,5,999,1,4,FORD FIESTA,1,E01005569,0,1
2024522402384,2024,522402384,1,9,0,3,3,1,5,0,0,1,0,0,0,0,2,1,6,6,2,19,4,1242,1,19,FORD FIESTA,3,E01014609,0,1