collision_index,collision_year,collision_ref_no,vehicle_reference,vehicle_type,towing_and_articulation,vehicle_manoeuvre_historic,vehicle_manoeuvre,vehicle_direction_from,vehicle_direction_to,vehicle_location_restricted_lane_historic,vehicle_location_restricted_lane,junction_location,skidding_and_overturning,hit_object_in_carriageway,vehicle_leaving_carriageway,hit_object_off_carriageway,first_point_of_impact,vehicle_left_hand_drive,journey_purpose_of_driver_historic,journey_purpose_of_driver,sex_of_driver,age_of_driver,age_band_of_driver,engine_capacity_cc,propulsion_code,age_of_vehicle,generic_make_model,driver_imd_decile,lsoa_of_driver,escooter_flag,driver_distance_banding
2024461527994,2024,461527994,2,9,0,-1,3,7,3,-1,0,0,0,0,0,0,2,1,-1,2,1,18,4,1242,1,16,FORD FIESTA,1,E01024196,0,4
2024311434881,2024,311434881,2,9,0,-1,9,6,4,-1,0,1,0,0,0,0,3,1,-1,1,2,33,6,1242,1,9,FORD FIESTA,5,E01034646,0,2
2024122400340,2024,122400340,1,9,0,18,19,1,5,0,0,0,5,0,2,4,4,1,6,6,2,79,11,1242,1,7,FORD FIESTA,7,E01013373,0,1
2024052500487,2024,052500487,1,9,0,18,19,3,7,0,0,8,1,0,1,6,1,1,6,6,1,38,7,998,1,11,FORD FIESTA,6,E01012378,0,2
2024201440290,2024,201440290,1,9,0,-1,9,7,5,-1,0,6,0,0,0,0,1,9,-1,6,1,40,7,1399,2,15,FORD FIESTA,-1,-1,0,-1
2024461425386,2024,461425386,2,9,0,-1,4,5,1,-1,0,1,0,0,0,0,2,9,-1,6,1,41,7,1399,2,17,FORD FIESTA,2,E01024066,0,4
2024430234146,2024,430234146,3,9,0,18,19,6,2,0,0,0,0,0,0,0,3,1,6,6,1,26,6,998,1,11,FORD FIESTA,8,E01016252,0,2
2024201478136,2024,201478136,2,9,0,-1,2,0,0,-1,0,0,0,0,0,0,1,9,-1,6,1,-1,-1,998,1,7,FORD FIESTA,5,E01009688,0,1
2024041478023,2024,041478023,2,9,0,-1,4,5,1,-1,0,0,0,0,1,0,2,1,-1,9,2,82,11,1242,1,20,FORD FIESTA,7,E01012554,0,4
2024991479837,2024,991479837,2,9,0,-1,19,7,3,-1,0,2,2,0,0,0,1,1,-1,6,1,20,4,998,1,1,FORD FIESTA,2,-1,0,4
2024061440920,2024,061440920,2,9,0,-1,9,5,1,-1,0,0,0,0,0,0,3,1,-1,1,2,27,6,999,1,4,FORD FIESTA,9,E01005645,0,1
2024201499785,2024,201499785,2,9,0,-1,19,2,6,-1,0,1,0,0,0,0,2,1,-1,6,2,72,10,998,1,9,FORD FIESTA,5,E01009032,0,1
2024501444815,2024,501444815,2,9,0,-1,19,5,1,-1,0,1,0,0,0,0,1,1,-1,9,1,77,11,1399,2,13,FORD FIESTA,4,E01020149,0,2
2024221433297,2024,221433297,1,9,0,-1,19,8,5,-1,0,0,0,0,0,0,1,1,-1,9,1,21,5,998,1,7,FORD FIESTA,10,E01010172,0,4
2024371519641,2024,371519641,2,9,0,-1,19,3,2,-1,0,8,0,0,0,0,1,1,-1,9,2,26,6,1084,1,7,FORD FIESTA,9,E01029921,0,3
2024010527827,2024,010527827,1,9,0,18,19,1,5,0,0,1,0,0,0,0,1,1,6,6,2,22,5,1388,1,12,FORD FIESTA,-1,-1,0,-1
2024302500066,2024,302500066,2,9,0,-1,19,8,3,-1,0,4,0,0,0,0,3,1,-1,6,1,18,4,1242,1,17,FORD FIESTA,5,E01019417,0,3
2024131464232,2024,131464232,1,9,0,-1,-1,-1,-1,-1,-1,0,-1,-1,-1,-1,-1,1,-1,6,3,-1,-1,998,1,7,FORD FIESTA,-1,-1,0,-1
2024631526369,2024,631526369,2,9,0,-1,19,4,8,-1,0,8,0,0,0,0,1,1,-1,9,2,18,4,998,1,8,FORD FIESTA,9,E01014022,0,4
2024622400842,2024,622400842,2,9,0,4,4,2,6,0,0,1,0,0,0,0,1,1,6,6,2,69,10,1242,1,17,FORD FIESTA,10,W01000785,0,1
2024010519734,2024,010519734,1,9,0,99,99,9,9,99,99,9,9,99,9,99,2,9,6,6,1,26,6,1388,1,15,FORD FIESTA,6,E01000513,0,1
2024211488218,2024,211488218,2,9,0,-1,19,5,3,-1,0,3,0,0,0,0,2,1,-1,6,2,27,6,1596,1,14,FORD FIESTA,9,E01010547,0,2
2024201501463,2024,201501463,1,9,0,-1,8,8,3,-1,0,0,0,0,0,0,1,1,-1,6,1,19,4,998,1,10,FORD FIESTA,-1,-1,0,-1
2024231479118,2024,231479118,1,9,0,-1,19,1,5,-1,0,1,0,0,0,0,1,9,-1,6,2,32,6,1084,1,5,FORD FIESTA,3,E01014830,0,5
2024131431682,2024,131431682,2,9,0,-1,9,1,7,-1,0,5,0,0,0,0,4,1,-1,2,1,32,6,998,1,11,FORD FIESTA,10,E01011280,0,3
2024231427444,2024,231427444,1,9,0,-1,4,4,8,-1,0,0,0,0,0,0,1,1,-1,9,1,30,6,1242,1,17,FORD FIESTA,4,E01032282,0,4
2024131483725,2024,131483725,1,9,0,-1,19,8,4,-1,0,8,0,0,7,0,1,1,-1,9,1,17,4,1388,1,19,FORD FIESTA,2,E01011814,0,1
2024991429028,2024,991429028,2,9,0,-1,19,7,2,-1,0,1,0,0,0,0,1,1,-1,9,2,34,6,1399,2,13,FORD FIESTA,5,-1,0,4
2024430456009,2024,430456009,1,9,0,18,19,6,2,0,0,0,0,0,0,0,1,1,2,2,2,48,8,1388,1,16,FORD FIESTA,3,E01016444,0,1
2024440539505,2024,440539505,1,9,0,18,19,2,6,0,0,0,0,0,0,0,1,1,2,2,2,17,4,1242,1,17,FORD FIESTA,8,E01022651,0,1
2024552400368,2024,552400368,1,9,0,18,19,6,2,0,0,8,0,0,0,0,1,1,6,6,2,70,10,998,1,10,FORD FIESTA,9,E01020385,0,3
2024531444240,2024,531444240,2,9,0,-1,3,2,6,-1,0,1,0,0,0,0,2,1,-1,9,1,69,10,1388,1,16,FORD FIESTA,8,E01022437,0,2
2024351471096,2024,351471096,2,9,0,-1,3,8,1,-1,0,7,0,0,0,0,4,1,-1,9,1,81,11,999,1,2,FORD FIESTA,7,E01018264,0,1
202460Q038827,2024,60Q038827,2,9,0,7,7,5,7,0,0,6,0,0,0,0,1,1,6,6,1,19,4,1242,1,17,FORD FIESTA,-1,-1,0,-1
2024622400192,2024,622400192,1,9,0,15,15,6,2,0,0,0,0,0,0,0,1,1,6,6,1,27,6,1242,1,9,FORD FIESTA,1,W01001873,0,1
2024041406974,2024,041406974,2,9,0,-1,19,1,5,-1,0,8,0,0,0,0,3,1,-1,6,2,24,5,1084,1,6,FORD FIESTA,10,E01025350,0,2
2024101414512,2024,101414512,1,9,0,-1,5,7,3,-1,0,6,0,0,0,0,1,9,-1,6,2,-1,-1,1242,1,8,FORD FIESTA,-1,-1,0,-1
2024991459119,2024,991459119,2,9,0,-1,19,8,4,-1,0,0,0,0,0,0,1,1,-1,9,1,20,4,1399,2,15,FORD FIESTA,2,-1,0,2
2024161540989,2024,161540989,2,9,0,-1,19,3,7,-1,0,0,1,0,0,0,3,1,-1,6,1,20,4,1388,1,15,FORD FIESTA,1,E01012931,0,2
2024361468629,2024,361468629,1,9,0,-1,7,4,5,-1,0,8,0,0,0,0,3,1,-1,6,1,17,4,1388,1,17,FORD FIESTA,7,E01026748,0,2
2024501452715,2024,501452715,2,9,0,-1,19,7,3,-1,0,0,0,0,0,0,2,1,-1,6,2,60,9,998,1,8,FORD FIESTA,5,E01020147,0,3
2024070860982,2024,070860982,1,9,0,-1,19,3,7,-1,0,0,0,0,6,4,1,1,-1,9,2,19,4,998,1,6,FORD FIESTA,2,E01018739,0,1
2024332400629,2024,332400629,2,9,0,-1,19,2,6,-1,0,6,0,0,0,0,1,1,-1,6,1,-1,-1,998,1,5,FORD FIESTA,-1,-1,0,-1
2024430617149,2024,430617149,1,9,0,9,9,3,5,0,0,8,0,0,0,0,4,1,2,2,2,40,7,1399,2,15,FORD FIESTA,8,E01017721,0,1
2024991449590,2024,991449590,2,9,0,-1,3,3,7,-1,0,0,0,0,0,0,2,1,-1,6,2,23,5,999,1,4,FORD FIESTA,8,-1,0,4
2024201413933,2024,201413933,2,9,0,-1,5,2,4,-1,0,3,1,9,3,0,4,1,-1,6,2,39,7,1242,1,9,FORD FIESTA,-1,-1,0,-1
2024552400419,2024,552400419,2,9,0,2,2,0,0,0,0,0,0,0,0,0,1,1,6,6,1,38,7,1242,1,11,FORD FIESTA,6,E01020550,0,2
2024211516173,2024,211516173,2,9,0,-1,19,5,3,-1,0,0,0,0,1,0,3,1,-1,1,2,51,8,1084,1,6,FORD FIESTA,-1,-1,0,-1
2024161478007,2024,161478007,2,9,0,-1,19,4,8,-1,0,0,0,0,8,0,1,1,-1,9,1,25,5,1242,1,13,FORD FIESTA,6,E01013160,0,1
2024320061197,2024,320061197,1,9,0,-1,-1,5,1,0,0,1,0,0,1,0,1,1,-1,-1,1,17,4,1242,1,12,FORD FIESTA,5,E01012991,0,4
2024552401310,2024,552401310,1,9,0,18,19,8,4,0,0,8,0,0,0,0,1,1,6,6,1,20,4,1242,1,15,FORD FIESTA,10,E01016267,0,4
2024041472502,2024,041472502,1,9,0,-1,4,2,6,-1,0,8,0,0,0,0,4,1,-1,9,1,18,4,1388,1,15,FORD FIESTA,10,E01025472,0,1
2024320348378,2024,320348378,2,9,0,3,3,2,6,0,0,0,0,0,0,0,2,1,6,6,1,79,11,998,1,8,FORD FIESTA,10,E01026186,0,1
2024361417257,2024,361417257,1,9,0,-1,9,3,7,-1,0,1,0,0,0,0,3,1,-1,9,2,86,11,999,1,2,FORD FIESTA,8,E01026461,0,1
2024041466656,2024,041466656,1,9,0,-1,19,5,1,-1,0,0,0,0,0,0,1,1,-1,6,2,68,10,998,1,2,FORD FIESTA,10,E01024965,0,1
2024302500298,2024,302500298,1,9,0,-1,19,3,7,-1,0,0,0,0,1,0,3,1,-1,9,1,79,11,1388,1,20,FORD FIESTA,10,E01019588,0,2
2024302400169,2024,302400169,1,9,0,5,5,7,5,0,0,1,0,0,0,0,1,1,6,6,2,23,5,1242,1,10,FORD FIESTA,6,E01019819,0,1
2024231420083,2024,231420083,1,9,0,-1,19,8,4,-1,0,0,0,0,7,0,3,1,-1,2,1,19,4,1399,2,15,FORD FIESTA,8,E01035035,0,3
2024320487118,2024,320487118,2,9,0,9,9,8,7,0,0,5,0,0,3,0,3,1,-1,-1,1,18,4,1242,1,13,FORD FIESTA,3,E01026102,0,1
2024542464324,2024,542464324,1,9,0,15,15,1,5,0,0,0,0,0,0,0,1,1,6,6,2,87,11,1388,1,14,FORD FIESTA,7,E01032110,0,1
2024052402730,2024,052402730,1,9,0,5,5,3,7,0,0,8,0,0,0,0,1,1,6,6,2,54,8,1242,1,16,FORD FIESTA,4,E01006747,0,1
2024101464191,2024,101464191,1,9,0,-1,19,2,6,-1,0,8,0,0,0,0,1,9,-1,6,1,20,4,998,1,9,FORD FIESTA,3,E01027462,0,2
2024311458622,2024,311458622,2,9,0,-1,2,0,0,-1,0,1,0,0,0,0,2,1,-1,6,-1,-1,-1,998,1,11,FORD FIESTA,-1,-1,0,-1
2024161419173,2024,161419173,1,9,0,-1,19,8,4,-1,0,8,0,0,0,0,1,9,-1,6,1,23,5,998,1,9,FORD FIESTA,1,E01012880,0,2
2024440149571,2024,440149571,2,9,0,18,19,4,8,0,0,1,0,0,0,0,1,1,6,6,1,-1,-1,998,1,7,FORD FIESTA,-1,-1,0,-1
2024041456899,2024,041456899,1,9,0,-1,19,5,1,-1,0,2,0,0,0,0,1,1,-1,6,1,49,8,-1,-1,-1,FORD FIESTA,3,E01025368,0,2
2024010539751,2024,010539751,1,9,0,17,19,5,1,0,0,1,2,10,2,11,4,1,6,6,1,24,5,1596,1,9,FORD FIESTA,2,E01000721,0,1
2024131507083,2024,131507083,2,9,0,-1,19,3,7,-1,0,8,0,0,0,0,2,1,-1,9,2,35,6,998,1,7,FORD FIESTA,4,E01011208,0,1
2024461503750,2024,461503750,3,9,0,-1,19,1,5,-1,0,1,0,0,0,0,2,1,-1,2,1,28,6,998,1,5,FORD FIESTA,2,E01024080,0,4
2024010507658,2024,010507658,2,9,0,16,19,4,8,0,0,3,0,0,0,0,4,1,6,6,2,36,7,1388,1,15,FORD FIESTA,3,E01000992,0,2
2024522402239,2024,522402239,3,9,0,2,2,0,0,0,0,1,0,0,0,0,1,1,6,6,3,-1,-1,1388,1,12,FORD FIESTA,-1,-1,0,-1
2024111530731,2024,111530731,2,9,0,-1,3,4,8,-1,0,1,0,0,0,0,2,1,-1,9,1,19,4,1242,1,9,FORD FIESTA,3,E01020638,0,1
2024010526719,2024,010526719,2,9,0,99,99,9,9,99,99,9,9,99,9,99,9,9,6,6,3,-1,-1,1242,1,14,FORD FIESTA,7,E01003451,0,1
2024552401381,2024,552401381,1,9,0,18,19,4,8,0,0,0,0,0,7,4,1,1,2,2,1,25,5,1596,1,18,FORD FIESTA,4,E01015420,0,1
2024440324724,2024,440324724,1,9,0,18,19,4,8,0,0,0,0,0,0,0,1,1,6,6,1,19,4,998,1,6,FORD FIESTA,9,E01022754,0,1
2024451399471,2024,451399471,1,9,0,-1,5,3,1,-1,0,4,0,0,0,0,1,1,-1,9,1,54,8,999,1,1,FORD FIESTA,9,E01030802,0,1
2024101484208,2024,101484208,1,9,0,-1,19,7,3,-1,0,0,0,4,0,0,1,1,-1,6,1,43,7,1242,1,16,FORD FIESTA,1,E01008325,0,3
2024471451808,2024,471451808,1,9,0,-1,19,7,3,-1,0,0,1,0,6,10,1,1,-1,9,2,41,7,1388,1,14,FORD FIESTA,4,E01021031,0,2
2024201458779,2024,201458779,2,9,0,-1,2,0,0,-1,0,0,0,0,0,0,3,1,-1,6,1,34,6,1084,1,7,FORD FIESTA,2,E01009933,0,1
2024231510806,2024,231510806,2,9,0,-1,5,6,2,-1,0,8,0,0,0,0,4,2,-1,6,2,56,9,1242,1,15,FORD FIESTA,5,E01031093,0,1
2024461448597,2024,461448597,1,9,0,-1,9,1,5,-1,0,0,5,0,0,0,1,1,-1,9,1,17,4,1242,1,15,FORD FIESTA,2,E01023973,0,1
2024101426232,2024,101426232,1,9,0,-1,11,5,1,-1,0,0,0,0,0,0,1,1,-1,9,1,17,4,1242,1,15,FORD FIESTA,5,E01008346,0,1
2024061421904,2024,061421904,1,9,0,-1,-1,-1,-1,-1,-1,0,-1,-1,-1,0,-1,1,-1,6,3,-1,-1,998,1,4,FORD FIESTA,-1,-1,0,-1
2024421406660,2024,421406660,1,9,0,-1,19,5,1,-1,0,1,0,0,0,0,1,1,-1,6,2,-1,-1,1242,1,14,FORD FIESTA,4,E01015996,0,3
2024430195485,2024,430195485,2,9,0,18,19,6,2,0,0,8,0,0,0,0,1,1,6,6,2,18,4,1242,1,13,FORD FIESTA,10,E01016227,0,2
2024991450719,2024,991450719,2,9,0,-1,19,3,7,-1,0,0,0,0,0,0,4,1,-1,6,2,47,8,1084,1,5,FORD FIESTA,4,-1,0,1
2024320654834,2024,320654834,1,9,0,7,7,4,8,0,0,6,0,4,0,0,3,1,-1,-1,1,27,6,998,1,11,FORD FIESTA,4,E01026318,0,1
2024161426810,2024,161426810,1,9,0,-1,19,3,7,-1,0,0,0,0,7,0,4,1,-1,9,1,32,6,998,1,9,FORD FIESTA,5,E01033414,0,1
2024010546243,2024,010546243,1,9,0,7,7,1,3,0,0,2,0,0,0,0,1,1,1,1,1,36,7,998,1,10,FORD FIESTA,5,E01003219,0,1
2024430579204,2024,430579204,1,9,0,18,19,8,4,0,0,0,5,10,1,10,1,1,6,6,1,32,6,1560,2,18,FORD FIESTA,6,E01002523,0,1
2024010537807,2024,010537807,2,9,0,2,2,0,0,0,0,0,0,10,0,0,3,1,6,6,3,-1,-1,998,1,6,FORD FIESTA,-1,-1,0,-1
2024361452174,2024,361452174,1,9,0,-1,9,3,2,-1,0,6,0,0,0,0,3,1,-1,6,1,85,11,1388,1,17,FORD FIESTA,8,E01026921,0,1
2024010498357,2024,010498357,1,9,0,7,7,1,4,0,0,5,0,0,0,0,4,2,6,6,1,35,6,1388,1,15,FORD FIESTA,5,E01002042,0,1
2024461488922,2024,461488922,1,9,0,-1,19,8,3,-1,0,0,0,0,0,0,1,1,-1,6,1,23,5,1560,2,14,FORD FIESTA,3,E01016045,0,3
2024122500494,2024,122500494,1,9,0,6,6,1,1,0,0,6,0,0,0,0,3,1,1,1,1,28,6,1499,2,6,FORD FIESTA,10,E01027715,0,2
2024122400407,2024,122400407,1,9,0,9,9,7,3,0,0,8,0,0,0,0,1,1,6,6,1,49,8,998,1,8,FORD FIESTA,6,E01027797,0,1
2024361451864,2024,361451864,2,9,0,-1,19,3,7,-1,0,1,0,0,0,0,4,1,-1,6,1,18,4,998,1,10,FORD FIESTA,9,E01035136,0,3
2024552400490,2024,552400490,1,9,0,18,19,8,4,0,0,0,0,0,0,0,1,1,2,2,1,20,4,1242,1,25,FORD FIESTA,-1,-1,0,-1
2024332400889,2024,332400889,2,9,0,-1,19,5,1,-1,0,1,0,0,0,0,1,1,-1,2,2,41,7,1388,1,18,FORD FIESTA,1,E01013620,0,1
2024461423018,2024,461423018,1,9,0,-1,19,2,6,-1,0,0,2,4,0,0,1,1,-1,6,1,17,4,998,1,6,FORD FIESTA,9,E01024146,0,1
2024622400823,2024,622400823,1,9,0,15,15,6,2,0,0,0,1,0,0,0,1,1,2,2,2,65,9,999,1,2,FORD FIESTA,2,W01001268,0,3
2024010536995,2024,010536995,2,9,0,2,2,0,0,0,0,1,0,0,0,0,9,1,6,6,3,-1,-1,1242,1,12,FORD FIESTA,-1,-1,0,-1
2024461480896,2024,461480896,1,9,0,-1,19,7,3,-1,0,0,0,0,0,0,3,1,-1,9,2,52,8,1242,1,13,FORD FIESTA,3,E01016098,0,1
2024161453381,2024,161453381,2,9,0,-1,12,3,7,-1,0,1,0,0,0,0,1,1,-1,6,1,33,6,998,1,9,FORD FIESTA,1,E01012852,0,1
2024061536761,2024,061536761,1,9,0,-1,7,4,6,-1,0,1,0,0,0,0,1,9,-1,6,3,-1,-1,1242,1,9,FORD FIESTA,-1,-1,0,-1
2024401532230,2024,401532230,1,9,0,-1,2,2,6,-1,0,0,0,0,0,0,1,1,-1,2,1,19,4,1242,1,15,FORD FIESTA,10,E01016798,0,3
2024411578537,2024,411578537,1,9,0,-1,19,8,6,-1,0,0,2,0,0,0,1,1,-1,6,2,19,4,1242,1,16,FORD FIESTA,5,E01023791,0,1
2024211434168,2024,211434168,2,9,0,-1,19,3,7,-1,0,0,0,0,0,0,2,1,-1,6,2,68,10,1399,2,12,FORD FIESTA,-1,-1,0,-1
2024211514467,2024,211514467,1,9,0,-1,19,4,8,-1,0,1,0,0,0,0,1,1,-1,6,2,66,10,998,1,8,FORD FIESTA,5,E01029559,0,1
2024421443280,2024,421443280,2,9,0,-1,19,3,7,-1,0,8,0,0,7,0,1,1,-1,2,1,18,4,1242,1,14,FORD FIESTA,6,E01021980,0,1
2024101472593,2024,101472593,1,9,0,-1,19,3,7,-1,0,1,0,4,7,0,1,1,-1,6,1,23,5,1299,1,21,FORD FIESTA,-1,-1,0,-1
2024351445049,2024,351445049,2,9,0,-1,19,1,3,-1,0,3,0,0,0,0,1,1,-1,6,1,42,7,1596,1,11,FORD FIESTA,3,E01018081,0,4
2024010544069,2024,010544069,2,9,0,99,99,9,9,99,99,9,9,99,9,99,9,9,6,6,3,-1,-1,1496,1,4,FORD FIESTA,-1,-1,0,-1
2024522403015,2024,522403015,2,9,0,4,4,3,5,0,0,1,0,0,1,10,2,1,6,6,1,51,8,998,1,11,FORD FIESTA,-1,-1,0,-1
2024010513919,2024,010513919,2,9,0,5,5,3,7,8,6,2,1,4,0,0,3,1,6,6,2,28,6,998,1,11,FORD FIESTA,5,E01004501,0,1
2024501468056,2024,501468056,1,9,0,-1,19,7,3,-1,0,0,0,0,0,0,3,1,-1,6,2,74,10,1596,1,15,FORD FIESTA,1,E01015023,0,1
2024411501366,2024,411501366,1,9,0,-1,2,5,1,-1,0,1,1,0,6,10,2,1,-1,6,2,61,9,1596,1,8,FORD FIESTA,9,E01023316,0,1
2024411477358,2024,411477358,2,9,-1,-1,-1,-1,-1,-1,-1,0,-1,-1,-1,0,-1,9,-1,6,2,53,8,999,1,4,FORD FIESTA,8,E01001470,0,2
2024451408390,2024,451408390,2,9,0,-1,19,7,3,-1,0,0,2,0,1,0,1,1,-1,9,1,19,4,1242,1,15,FORD FIESTA,10,E01030504,0,1
2024131497098,2024,131497098,2,9,0,-1,4,2,6,-1,0,2,0,0,0,0,3,1,-1,9,1,48,8,1242,1,10,FORD FIESTA,1,E01011371,0,1
2024221498512,2024,221498512,2,9,0,-1,19,6,2,-1,0,8,0,0,0,0,1,9,-1,9,2,18,4,1242,1,11,FORD FIESTA,8,E01028951,0,1
2024041534325,2024,041534325,2,9,0,-1,19,3,7,-1,0,1,0,0,0,0,1,1,-1,2,1,18,4,1242,1,16,FORD FIESTA,1,E01012746,0,1
2024031439265,2024,031439265,1,9,0,-1,19,5,8,-1,0,0,5,0,0,0,3,9,-1,6,1,26,6,1399,2,17,FORD FIESTA,8,E01034078,0,1
2024430130934,2024,430130934,1,9,0,9,9,4,2,0,0,6,0,0,0,0,3,1,3,7,2,29,6,998,1,5,FORD FIESTA,5,E01017748,0,1
2024451408458,2024,451408458,2,9,0,-1,2,0,0,-1,0,0,0,0,0,0,4,1,-1,6,-1,-1,-1,998,1,6,FORD FIESTA,-1,-1,0,-1
2024361487293,2024,361487293,1,9,0,-1,10,4,1,-1,0,1,0,0,0,0,1,1,-1,6,1,23,5,1399,2,12,FORD FIESTA,2,E01026865,0,1
2024221420166,2024,221420166,3,9,0,-1,19,5,1,-1,0,8,0,0,0,0,1,9,-1,6,2,22,5,998,1,5,FORD FIESTA,9,E01031289,0,4
2024401471253,2024,401471253,2,9,0,-1,9,8,6,-1,0,2,0,0,7,3,3,1,-1,6,3,-1,-1,1499,2,9,FORD FIESTA,-1,-1,0,-1
2024461524177,2024,461524177,2,9,0,-1,2,7,7,-1,0,0,1,0,0,0,2,1,-1,6,2,54,8,1242,1,11,FORD FIESTA,3,E01000441,0,3
2024131488118,2024,131488118,3,9,0,-1,2,0,0,-1,0,8,0,0,0,0,3,1,-1,6,-1,-1,-1,998,1,10,FORD FIESTA,-1,-1,0,-1
2024201558939,2024,201558939,1,9,-1,-1,-1,-1,-1,-1,-1,0,-1,-1,-1,0,-1,9,-1,6,3,87,11,1242,1,12,FORD FIESTA,7,E01010553,0,1
2024231516672,2024,231516672,2,9,0,-1,4,6,2,-1,0,0,0,0,0,0,2,1,-1,6,2,20,4,1399,2,14,FORD FIESTA,8,E01033026,0,5
2024161406322,2024,161406322,2,9,0,-1,7,2,4,-1,0,6,0,0,0,0,1,9,-1,1,1,-1,-1,1388,1,20,FORD FIESTA,-1,-1,0,-1
2024546918324,2024,546918324,1,9,0,17,19,4,8,0,0,0,2,0,1,0,4,1,6,6,2,19,4,1242,1,9,FORD FIESTA,4,W01000764,0,5
2024501524600,2024,501524600,1,9,0,-1,19,7,2,-1,0,5,0,0,0,0,4,1,-1,6,2,41,7,1399,2,12,FORD FIESTA,4,E01015169,0,1
2024522401531,2024,522401531,1,9,0,18,19,2,6,0,0,8,0,0,0,0,1,1,6,6,1,20,4,998,1,7,FORD FIESTA,4,E01014603,0,1
2024131407360,2024,131407360,1,9,0,-1,5,2,8,-1,0,8,0,0,0,0,3,1,-1,6,2,31,6,1388,1,20,FORD FIESTA,6,E01010594,0,1
2024501435774,2024,501435774,1,9,0,-1,19,6,2,-1,0,0,0,0,0,0,1,1,-1,2,1,62,9,1388,1,21,FORD FIESTA,4,E01019037,0,1
2024131507074,2024,131507074,1,9,0,-1,3,5,1,-1,0,1,0,0,0,0,2,1,-1,1,1,28,6,1399,2,15,FORD FIESTA,1,E01011863,0,4
2024340WN2142,2024,340WN2142,2,9,0,-1,4,5,1,-1,0,1,0,0,0,0,2,1,-1,2,1,51,8,998,1,9,FORD FIESTA,4,E01027012,0,1
2024471481400,2024,471481400,2,9,0,-1,19,5,1,-1,0,0,0,0,0,0,4,1,-1,9,2,42,7,1084,1,5,FORD FIESTA,6,E01031345,0,1
2024522401290,2024,522401290,2,9,0,4,4,3,7,0,0,1,0,0,0,0,2,1,6,6,1,22,5,1242,1,14,FORD FIESTA,9,E01014784,0,2
2024545004424,2024,545004424,1,9,0,18,19,6,2,0,0,1,0,0,7,1,1,1,6,6,1,19,4,1388,1,15,FORD FIESTA,9,E01015548,0,2
2024010544772,2024,010544772,1,9,0,9,9,1,7,0,0,6,0,0,0,0,1,1,6,6,1,17,4,1242,1,19,FORD FIESTA,6,E01000166,0,1
2024010539061,2024,010539061,1,9,0,9,9,5,3,0,0,5,0,0,0,0,4,1,2,2,1,29,6,1388,1,16,FORD FIESTA,9,E01002259,0,4
2024311434632,2024,311434632,2,9,0,-1,12,4,2,-1,0,0,0,0,0,0,2,1,-1,2,2,29,6,1388,1,22,FORD FIESTA,10,E01028377,0,2
2024211451293,2024,211451293,1,9,0,-1,19,7,6,-1,0,2,1,0,0,0,1,1,-1,9,2,34,6,1496,1,4,FORD FIESTA,8,E01029519,0,1
2024041552151,2024,041552151,1,9,0,-1,19,5,1,-1,0,0,0,0,0,0,1,1,-1,2,1,21,5,998,1,8,FORD FIESTA,7,E01025568,0,3
2024522401605,2024,522401605,1,9,0,3,3,4,1,0,0,8,0,0,0,0,2,1,6,6,2,27,6,999,1,4,FORD FIESTA,8,E01032679,0,1
2024991467443,2024,991467443,1,9,0,-1,7,5,7,-1,0,5,0,0,7,0,1,1,-1,9,1,18,4,1399,2,12,FORD FIESTA,-1,-1,0,-1
2024461395525,2024,461395525,2,9,0,-1,19,6,2,-1,0,8,0,0,0,0,4,1,-1,9,1,18,4,1242,1,15,FORD FIESTA,6,E01024205,0,2
2024010521730,2024,010521730,1,9,0,18,19,4,8,0,0,0,0,0,0,0,1,1,4,7,2,40,7,1388,1,17,FORD FIESTA,4,E01004454,0,3
2024111508733,2024,111508733,1,9,0,-1,19,5,1,-1,0,0,1,0,7,4,1,1,-1,6,2,21,5,1560,2,15,FORD FIESTA,3,E01008857,0,2
2024991454612,2024,991454612,5,9,0,-1,2,0,0,-1,0,2,0,4,0,0,3,9,-1,6,-1,-1,-1,1596,1,13,FORD FIESTA,-1,-1,0,-1
2024131416850,2024,131416850,1,9,0,-1,19,5,1,-1,0,0,0,0,0,0,1,1,-1,9,1,79,11,999,1,2,FORD FIESTA,9,E01010576,0,1
2024991532174,2024,991532174,1,9,0,-1,19,7,3,-1,0,0,0,0,0,0,4,1,-1,1,2,54,8,1242,1,10,FORD FIESTA,2,-1,0,1
2024421411349,2024,421411349,2,9,0,-1,19,5,1,-1,0,0,1,0,0,0,1,1,-1,6,1,19,4,1084,1,5,FORD FIESTA,7,E01022071,0,2
2024010505023,2024,010505023,1,9,0,18,19,5,1,0,0,2,0,0,0,0,1,1,6,6,2,32,6,1596,1,11,FORD FIESTA,9,E01000831,0,1
2024340NN4202,2024,340NN4202,1,9,0,-1,9,5,3,-1,0,5,0,0,0,0,1,1,-1,6,1,44,7,998,1,8,FORD FIESTA,5,E01026981,0,1
2024041405228,2024,041405228,2,9,0,-1,9,5,7,-1,0,5,0,0,0,0,3,1,-1,6,2,31,6,998,1,6,FORD FIESTA,8,E01012613,0,1