collision_index,collision_year,collision_ref_no,vehicle_reference,vehicle_type,towing_and_articulation,vehicle_manoeuvre_historic,vehicle_manoeuvre,vehicle_direction_from,vehicle_direction_to,vehicle_location_restricted_lane_historic,vehicle_location_restricted_lane,junction_location,skidding_and_overturning,hit_object_in_carriageway,vehicle_leaving_carriageway,hit_object_off_carriageway,first_point_of_impact,vehicle_left_hand_drive,journey_purpose_of_driver_historic,journey_purpose_of_driver,sex_of_driver,age_of_driver,age_band_of_driver,engine_capacity_cc,propulsion_code,age_of_vehicle,generic_make_model,driver_imd_decile,lsoa_of_driver,escooter_flag,driver_distance_banding
2024991421985,2024,991421985,1,9,0,-1,19,5,1,-1,0,0,0,0,7,0,1,1,-1,9,2,22,5,1299,1,22,FORD FIESTA,7,-1,0,3
2024991502926,2024,991502926,1,9,0,-1,19,1,6,-1,0,0,0,0,0,0,1,1,-1,9,1,21,5,1496,1,5,FORD FIESTA,2,-1,0,4
2024461497547,2024,461497547,2,9,0,-1,20,3,7,-1,0,8,0,0,0,0,4,1,-1,9,1,41,7,998,1,11,FORD FIESTA,-1,-1,0,-1
2024332401186,2024,332401186,2,9,0,-1,19,3,7,-1,0,8,0,0,0,0,4,1,-1,9,1,41,7,1560,2,14,FORD FIESTA,6,E01013670,0,1
2024302401072,2024,302401072,1,9,0,9,9,7,5,0,0,8,0,0,0,0,3,1,2,2,1,26,6,1388,1,15,FORD FIESTA,9,E01028178,0,4
2024031453210,2024,031453210,1,9,0,-1,19,6,2,-1,0,0,0,0,0,0,1,1,-1,9,1,73,10,998,1,12,FORD FIESTA,7,E01025089,0,4
2024361406963,2024,361406963,2,9,0,-1,19,7,3,-1,0,0,1,0,7,0,2,1,-1,9,1,48,8,1242,1,9,FORD FIESTA,4,E01026429,0,4
2024010501903,2024,010501903,1,9,0,18,19,5,1,0,0,8,0,0,0,0,1,1,2,2,1,45,7,1242,1,17,FORD FIESTA,4,E01003602,0,1
2024451536089,2024,451536089,2,9,0,-1,9,5,6,-1,0,0,0,0,0,0,3,1,-1,6,1,21,5,1242,1,17,FORD FIESTA,6,E01030738,0,2
2024320082736,2024,320082736,2,9,0,4,4,2,6,0,0,0,0,0,0,0,2,1,6,6,2,45,7,1560,2,15,FORD FIESTA,2,E01026108,0,3
2024211501931,2024,211501931,2,9,0,-1,19,1,1,-1,0,8,0,0,1,0,1,1,-1,9,1,58,9,1242,1,14,FORD FIESTA,10,E01029770,0,1
2024041458655,2024,041458655,1,9,0,-1,19,5,1,-1,0,0,2,0,0,0,1,1,-1,1,2,24,5,1388,1,17,FORD FIESTA,1,E01025445,0,1
2024201480585,2024,201480585,2,9,0,-1,9,8,6,-1,0,1,0,0,0,0,2,1,-1,9,1,25,5,998,1,8,FORD FIESTA,2,E01010563,0,4
2024411419155,2024,411419155,1,9,0,-1,11,7,3,-1,0,0,0,0,0,0,0,1,-1,6,1,29,6,1242,1,10,FORD FIESTA,2,E01023404,0,2
2024010524738,2024,010524738,4,9,0,4,4,5,1,0,0,0,0,0,0,0,1,1,6,6,1,19,4,1242,1,12,FORD FIESTA,5,E01001315,0,1
2024471507154,2024,471507154,1,9,0,-1,8,8,4,-1,0,4,0,0,0,0,2,1,-1,9,2,26,6,1242,1,9,FORD FIESTA,6,E01035330,0,1
2024471517059,2024,471517059,1,9,0,-1,19,3,7,-1,0,0,0,0,0,0,1,1,-1,6,1,33,6,1399,2,18,FORD FIESTA,3,E01031453,0,1
2024010511027,2024,010511027,1,9,0,18,19,7,3,0,0,8,1,10,0,0,3,1,6,6,2,64,9,998,1,6,FORD FIESTA,3,E01000024,0,1
2024221475522,2024,221475522,2,9,0,-1,19,4,1,-1,0,0,0,0,0,0,3,9,-1,9,2,66,10,998,1,6,FORD FIESTA,8,E01032442,0,1
2024471489217,2024,471489217,2,9,0,-1,19,3,7,-1,0,0,0,0,0,0,3,1,-1,9,1,47,8,998,1,5,FORD FIESTA,7,E01016961,0,4
2024552401259,2024,552401259,1,9,0,7,7,4,6,0,0,6,0,0,0,0,2,1,6,6,2,21,5,1388,1,18,FORD FIESTA,7,E01020424,0,1
2024401484526,2024,401484526,2,9,0,-1,9,1,5,-1,0,0,0,0,0,0,3,1,-1,6,2,18,4,1242,1,10,FORD FIESTA,8,E01017587,0,1
2024451502315,2024,451502315,1,9,0,-1,19,1,5,-1,0,1,0,0,1,0,4,1,-1,9,2,82,11,1596,1,11,FORD FIESTA,4,E01030645,0,1
2024311415525,2024,311415525,1,9,0,-1,19,8,4,-1,0,1,0,0,0,0,4,1,-1,6,1,20,4,1388,1,17,FORD FIESTA,4,E01028167,0,2
2024421439224,2024,421439224,1,9,0,-1,4,7,3,-1,0,8,0,0,3,11,1,1,-1,6,1,19,4,998,1,9,FORD FIESTA,8,E01021299,0,1
2024161477573,2024,161477573,1,9,0,-1,19,8,5,-1,0,0,1,0,1,3,4,1,-1,9,1,19,4,998,1,5,FORD FIESTA,7,E01013013,0,2
2024440417636,2024,440417636,1,9,0,16,19,1,5,0,0,0,0,0,0,0,1,1,6,6,2,20,4,1242,1,9,FORD FIESTA,9,E01023004,0,2
2024421429749,2024,421429749,2,9,0,-1,3,1,5,-1,0,0,0,0,0,0,2,1,-1,6,2,54,8,998,1,11,FORD FIESTA,10,E01015912,0,3
2024440242112,2024,440242112,1,9,0,9,9,2,8,0,0,6,0,0,0,0,3,1,6,6,1,26,6,1242,1,13,FORD FIESTA,6,E01017100,0,1
2024522402051,2024,522402051,1,9,0,9,9,7,5,0,0,6,0,0,0,0,3,1,6,6,1,27,6,-1,-1,-1,FORD FIESTA,2,E01016450,0,5
2024522402802,2024,522402802,2,9,0,18,19,3,7,0,0,0,0,0,0,0,1,1,6,6,1,22,5,1999,1,16,FORD FIESTA,6,E01032670,0,1
2024010542887,2024,010542887,2,9,0,16,19,1,5,0,0,1,0,0,0,0,3,1,6,6,1,-1,-1,1999,1,16,FORD FIESTA,7,E01001308,0,1
2024991441711,2024,991441711,1,9,0,-1,9,2,8,-1,0,8,0,0,0,0,1,1,-1,2,2,28,6,998,1,6,FORD FIESTA,4,E01020646,0,5
2024010545383,2024,010545383,2,9,0,9,9,3,1,0,0,8,0,0,0,0,1,1,6,6,2,42,7,998,1,2,FORD FIESTA,2,E01002545,0,1
2024610010424,2024,610010424,2,9,0,7,7,5,7,0,0,5,0,0,0,0,2,1,6,6,2,30,6,1242,1,15,FORD FIESTA,7,W01001571,0,1
2024991430823,2024,991430823,2,9,0,-1,7,8,6,-1,0,1,2,0,0,0,1,1,-1,9,2,35,6,1388,1,14,FORD FIESTA,2,-1,0,1
2024421496903,2024,421496903,1,9,0,-1,7,5,6,-1,0,1,0,0,3,0,3,1,-1,9,1,32,6,999,1,4,FORD FIESTA,5,E01021443,0,1
2024031507208,2024,031507208,1,9,0,-1,7,3,5,-1,-1,6,0,0,0,0,3,1,-1,6,1,25,5,998,1,6,FORD FIESTA,3,E01019161,0,1
2024622400280,2024,622400280,1,9,0,18,19,2,6,0,0,0,0,0,0,0,1,1,6,6,2,31,6,1242,1,18,FORD FIESTA,4,W01001165,0,1
2024041451133,2024,041451133,3,9,0,-1,2,0,0,-1,0,1,0,0,1,0,1,1,-1,6,-1,-1,-1,1242,1,10,FORD FIESTA,-1,-1,0,-1
2024332401252,2024,332401252,1,9,0,-1,19,3,7,-1,0,0,0,0,0,0,1,1,-1,9,2,49,8,998,1,12,FORD FIESTA,9,E01025979,0,1
2024131416190,2024,131416190,1,9,0,-1,19,5,1,-1,0,0,0,0,0,0,4,1,-1,6,3,-1,-1,998,1,7,FORD FIESTA,-1,-1,0,-1
2024211429019,2024,211429019,2,9,0,-1,19,3,7,-1,0,0,0,0,0,0,1,1,-1,6,2,23,5,998,1,8,FORD FIESTA,-1,-1,0,-1
2024991476685,2024,991476685,2,9,0,-1,19,1,5,-1,0,1,0,0,0,0,3,1,-1,9,2,18,4,998,1,9,FORD FIESTA,3,-1,0,3
2024421508256,2024,421508256,1,9,0,-1,19,2,6,-1,0,0,0,0,0,0,2,1,-1,9,2,80,11,998,1,4,FORD FIESTA,6,E01021344,0,1
2024231454829,2024,231454829,1,9,0,-1,7,7,1,-1,0,6,0,0,0,0,0,9,-1,6,2,47,8,998,1,10,FORD FIESTA,2,E01020911,0,5
2024052401514,2024,052401514,1,9,0,9,9,7,5,0,0,8,0,0,0,0,1,1,6,6,2,73,10,1242,1,11,FORD FIESTA,1,E01006613,0,1
2024622400082,2024,622400082,1,9,0,18,19,4,8,0,0,0,0,0,0,0,1,1,6,6,1,43,7,1560,2,18,FORD FIESTA,1,W01001173,0,1
2024991439916,2024,991439916,1,9,0,-1,9,5,3,-1,0,1,1,0,0,0,1,1,-1,9,1,48,8,1560,2,15,FORD FIESTA,2,-1,0,4
2024052402663,2024,052402663,2,9,0,18,19,3,7,0,0,1,0,0,0,0,1,1,6,6,2,67,10,1242,1,17,FORD FIESTA,2,E01006452,0,1
2024421520489,2024,421520489,2,9,0,-1,19,3,7,-1,0,8,0,0,0,0,1,1,-1,9,1,19,4,1388,1,17,FORD FIESTA,2,E01015861,0,1
2024411519146,2024,411519146,2,9,0,-1,19,1,5,-1,0,8,0,0,0,0,1,1,-1,6,2,68,10,1388,1,12,FORD FIESTA,10,E01023735,0,2
2024010508544,2024,010508544,2,9,0,9,9,3,8,0,0,8,0,0,0,0,4,1,1,1,1,54,8,1388,1,12,FORD FIESTA,-1,-1,0,-1
2024231445577,2024,231445577,1,9,0,-1,4,6,2,-1,0,8,0,0,0,0,2,1,-1,1,1,45,7,1388,1,14,FORD FIESTA,6,E01035020,0,1
2024221519924,2024,221519924,1,9,0,-1,19,5,1,-1,0,8,0,0,0,0,1,1,-1,9,1,20,4,1242,1,12,FORD FIESTA,4,E01032256,0,4
2024522401943,2024,522401943,2,9,0,18,19,2,5,0,0,3,1,0,0,0,3,1,6,6,1,36,7,1388,1,21,FORD FIESTA,3,E01014684,0,1
2024010536341,2024,010536341,1,9,0,-1,-1,5,1,0,0,2,2,10,0,0,4,1,6,6,1,20,4,998,1,10,FORD FIESTA,10,E01030307,0,3
2024122400372,2024,122400372,3,9,0,4,4,2,6,0,0,0,0,0,0,0,1,1,6,6,2,22,5,1242,1,16,FORD FIESTA,5,E01027778,0,3
2024471426784,2024,471426784,1,9,0,-1,19,3,7,-1,0,0,0,0,1,4,1,1,-1,2,1,35,6,1242,1,17,FORD FIESTA,3,E01031795,0,3
2024440210435,2024,440210435,1,9,0,18,19,6,2,0,0,0,0,0,1,9,4,1,6,6,1,20,4,998,1,2,FORD FIESTA,9,E01022943,0,3
2024010522191,2024,010522191,2,9,0,99,99,9,9,99,99,5,9,99,9,99,9,9,6,6,1,53,8,1242,1,18,FORD FIESTA,3,E01004397,0,1
2024371395338,2024,371395338,1,9,0,-1,19,8,4,-1,0,0,0,0,0,0,1,1,-1,6,2,29,6,1388,1,13,FORD FIESTA,4,E01030225,0,1
2024211533723,2024,211533723,1,9,0,-1,5,7,3,-1,0,0,0,0,0,0,1,1,-1,9,2,73,10,1242,1,12,FORD FIESTA,7,E01029613,0,1
2024991436077,2024,991436077,1,9,0,-1,4,2,6,-1,0,0,0,0,0,0,1,1,-1,9,1,21,5,1242,1,9,FORD FIESTA,7,-1,0,4
2024401417535,2024,401417535,1,9,-1,-1,-1,-1,-1,-1,-1,0,-1,-1,-1,0,-1,9,-1,6,2,39,7,1242,1,12,FORD FIESTA,-1,-1,0,-1
2024101413955,2024,101413955,2,9,0,-1,3,5,5,-1,0,1,0,0,0,0,1,1,-1,9,2,20,4,1242,1,11,FORD FIESTA,-1,-1,0,-1
2024991496847,2024,991496847,1,9,0,-1,19,6,2,-1,0,1,0,0,0,0,1,1,-1,6,2,35,6,1388,1,15,FORD FIESTA,2,-1,0,1
2024010540399,2024,010540399,1,9,0,18,19,1,5,0,0,2,0,0,0,0,1,1,2,2,1,20,4,1242,1,13,FORD FIESTA,2,E01000084,0,1
2024131533314,2024,131533314,1,9,0,-1,19,5,1,-1,0,0,0,0,0,0,4,1,-1,9,1,17,4,1388,1,16,FORD FIESTA,5,E01010991,0,1
2024451453367,2024,451453367,1,9,0,-1,19,1,5,-1,0,0,0,0,0,0,2,1,-1,9,1,62,9,999,1,2,FORD FIESTA,8,E01030900,0,1
2024610020624,2024,610020624,1,9,0,1,1,6,2,0,0,0,0,0,0,0,2,1,6,6,1,19,4,1242,1,18,FORD FIESTA,2,W01001418,0,1
2024471531678,2024,471531678,1,9,0,-1,3,6,2,-1,0,0,0,0,0,0,2,1,-1,6,2,42,7,998,1,9,FORD FIESTA,8,E01021055,0,1
2024211479803,2024,211479803,2,9,0,-1,4,7,3,-1,0,1,0,0,0,0,1,1,-1,9,1,27,6,998,1,11,FORD FIESTA,8,E01029676,0,2
2024471402962,2024,471402962,2,9,0,-1,2,0,0,-1,0,0,0,0,0,0,2,1,-1,6,-1,-1,-1,1388,1,13,FORD FIESTA,-1,-1,0,-1
2024610009624,2024,610009624,2,9,0,9,9,7,5,0,0,4,0,0,0,0,2,1,6,6,1,81,11,1499,2,5,FORD FIESTA,2,W01001023,0,4
2024461398359,2024,461398359,1,9,0,-1,4,1,5,-1,0,0,1,0,0,0,1,9,-1,2,1,20,4,1084,1,5,FORD FIESTA,4,E01016116,0,1
2024010526790,2024,010526790,1,9,0,99,99,9,9,99,99,9,9,99,9,99,9,9,2,2,2,24,5,1242,1,14,FORD FIESTA,2,E01001878,0,2
2024010511299,2024,010511299,1,9,0,18,19,3,7,0,0,0,5,0,2,7,4,1,6,6,2,20,4,1388,1,16,FORD FIESTA,2,E01004256,0,3
2024101398131,2024,101398131,1,9,0,-1,5,5,1,-1,0,0,0,0,0,0,1,9,-1,6,1,20,4,1399,2,13,FORD FIESTA,1,E01027540,0,1
2024320721864,2024,320721864,1,9,0,9,9,4,3,0,0,8,0,0,0,0,1,1,-1,-1,1,18,4,1242,1,14,FORD FIESTA,-1,-1,0,-1
2024520500293,2024,520500293,1,9,0,18,19,3,7,0,0,1,0,0,0,0,4,1,6,6,1,17,4,1242,1,15,FORD FIESTA,4,E01029134,0,1
2024991424968,2024,991424968,1,9,0,-1,19,5,1,-1,0,0,0,0,0,0,4,1,-1,9,2,77,11,999,1,3,FORD FIESTA,4,-1,0,1
2024141504717,2024,141504717,1,9,0,-1,19,5,1,-1,0,1,0,0,0,0,1,1,-1,9,2,20,4,1242,1,18,FORD FIESTA,6,E01028050,0,2
2024041471819,2024,041471819,1,9,0,-1,19,2,6,-1,0,0,2,0,2,11,1,1,-1,9,1,17,4,-1,-1,-1,FORD FIESTA,8,E01025109,0,2
2024302401399,2024,302401399,1,9,0,9,9,2,8,0,0,1,0,0,0,0,0,1,6,6,1,20,4,1560,2,15,FORD FIESTA,9,E01013488,0,1
2024221415278,2024,221415278,1,9,0,-1,4,3,7,-1,0,8,1,10,1,0,1,9,-1,6,1,29,6,1560,2,14,FORD FIESTA,4,E01014003,0,4
2024010543395,2024,010543395,2,9,0,99,99,9,9,99,99,9,9,99,9,99,2,9,6,6,3,-1,-1,999,1,3,FORD FIESTA,-1,-1,0,-1
2024201426185,2024,201426185,3,9,0,-1,2,0,0,-1,0,0,0,0,0,0,2,1,-1,6,-1,-1,-1,1242,1,12,FORD FIESTA,-1,-1,0,-1
2024461513261,2024,461513261,1,9,0,-1,19,7,3,-1,0,8,0,0,0,0,1,1,-1,1,1,22,5,1596,1,17,FORD FIESTA,4,E01016143,0,1
2024371508689,2024,371508689,1,9,0,-1,19,2,6,-1,0,0,0,4,1,0,4,1,-1,9,1,52,8,998,1,5,FORD FIESTA,1,E01029980,0,1
2024070703723,2024,070703723,2,9,0,-1,19,3,7,-1,0,0,0,0,0,0,1,1,-1,2,1,24,5,998,1,7,FORD FIESTA,4,E01007231,0,4
2024421424892,2024,421424892,2,9,0,-1,3,5,1,-1,0,0,0,0,0,0,2,1,-1,6,2,18,4,1084,1,4,FORD FIESTA,6,E01021551,0,2
2024010552164,2024,010552164,2,9,0,99,99,9,9,99,99,9,9,99,9,99,1,9,6,6,1,46,8,1242,1,8,FORD FIESTA,4,E01003626,0,1
2024201457733,2024,201457733,2,9,0,-1,19,7,3,-1,0,8,0,0,0,0,4,9,-1,6,1,36,7,1242,1,12,FORD FIESTA,4,E01009767,0,1
2024211438369,2024,211438369,2,9,0,-1,14,4,8,-1,0,0,1,0,0,0,1,1,-1,6,1,20,4,998,1,10,FORD FIESTA,-1,-1,0,-1
2024131481139,2024,131481139,1,9,0,-1,19,7,3,-1,0,8,0,0,0,0,1,1,-1,9,1,38,7,998,1,8,FORD FIESTA,5,E01011830,0,3
2024522500294,2024,522500294,1,9,0,18,19,7,3,0,0,1,0,0,0,0,3,1,6,6,1,24,5,998,1,8,FORD FIESTA,5,E01014524,0,1
2024461530361,2024,461530361,2,9,0,-1,19,2,4,-1,0,8,1,0,0,0,1,1,-1,6,1,20,4,998,1,6,FORD FIESTA,2,E01024627,0,3
2024430446692,2024,430446692,1,9,0,18,19,7,3,0,0,1,0,0,0,0,1,1,2,2,2,19,4,998,1,4,FORD FIESTA,9,E01016800,0,3
2024010500458,2024,010500458,2,9,0,99,99,9,9,99,99,0,9,99,9,99,9,9,6,6,3,36,7,1242,1,18,FORD FIESTA,6,E01030833,0,4
2024302401547,2024,302401547,2,9,0,18,19,4,8,0,0,0,1,0,0,0,1,1,6,6,1,17,4,1242,1,15,FORD FIESTA,3,E01013471,0,1
2024631454108,2024,631454108,1,9,0,-1,12,4,1,-1,0,0,1,0,0,0,3,1,-1,9,1,23,5,1399,2,17,FORD FIESTA,4,W01000516,0,3
2024201511456,2024,201511456,1,9,0,-1,19,3,7,-1,0,1,0,0,0,0,1,1,-1,6,2,26,6,998,1,11,FORD FIESTA,10,E01009694,0,1
2024201500956,2024,201500956,1,9,0,-1,19,8,4,-1,0,0,0,0,0,0,1,9,-1,6,2,31,6,999,1,4,FORD FIESTA,5,E01009519,0,1
2024501428996,2024,501428996,1,9,0,-1,9,7,5,-1,0,1,0,0,0,0,3,1,-1,7,2,54,8,999,8,1,FORD FIESTA,1,E01015044,0,1
2024010498745,2024,010498745,3,9,0,3,3,7,3,0,0,1,0,0,0,0,1,1,6,6,2,27,6,998,1,11,FORD FIESTA,2,E01001558,0,1
2024061489791,2024,061489791,1,9,0,-1,4,7,3,-1,0,0,0,0,0,0,1,1,-1,9,1,19,4,1242,1,11,FORD FIESTA,7,E01034268,0,4
2024421505696,2024,421505696,2,9,0,-1,19,1,5,-1,0,0,0,0,0,0,1,1,-1,9,1,18,4,1242,1,12,FORD FIESTA,8,E01021783,0,1
2024010550811,2024,010550811,1,9,0,18,19,3,7,0,0,0,0,0,0,0,3,1,6,6,2,30,6,998,1,10,FORD FIESTA,3,E01033591,0,1
2024010533401,2024,010533401,3,9,0,2,2,0,0,0,0,1,0,0,0,0,2,1,6,6,3,-1,-1,998,1,8,FORD FIESTA,-1,-1,0,-1
2024131444894,2024,131444894,2,9,0,-1,7,5,3,-1,0,5,0,0,0,0,4,1,-1,2,1,50,8,998,1,11,FORD FIESTA,2,E01011919,0,3
2024041423825,2024,041423825,2,9,0,-1,2,0,0,-1,0,2,0,0,0,0,3,1,-1,6,-1,-1,-1,1242,1,8,FORD FIESTA,-1,-1,0,-1
2024991534620,2024,991534620,1,9,0,-1,4,8,2,-1,0,1,0,0,0,0,1,1,-1,9,2,29,6,1242,1,14,FORD FIESTA,6,-1,0,1
2024141426815,2024,141426815,2,9,0,-1,19,8,4,-1,0,4,0,0,0,0,1,1,-1,6,1,30,6,1499,2,11,FORD FIESTA,5,E01007653,0,1
2024991487417,2024,991487417,2,9,0,-1,19,5,1,-1,0,1,1,4,0,0,1,1,-1,9,2,54,8,998,1,6,FORD FIESTA,2,-1,0,1
2024010489191,2024,010489191,1,9,0,18,19,7,3,0,0,1,0,0,0,0,1,1,1,1,1,24,5,998,1,5,FORD FIESTA,8,E01004130,0,1
2024401409011,2024,401409011,2,9,0,-1,3,1,7,-1,0,1,0,0,0,0,2,1,-1,9,1,18,4,1242,1,18,FORD FIESTA,8,E01017434,0,1
2024320680854,2024,320680854,2,9,0,-1,-1,2,6,0,0,8,0,0,0,0,1,1,-1,-1,1,22,5,998,1,6,FORD FIESTA,7,E01026281,0,4
2024610036024,2024,610036024,1,9,0,16,19,6,1,0,0,0,0,0,0,0,1,1,6,6,1,82,11,998,1,8,FORD FIESTA,8,W01001420,0,1
2024421521056,2024,421521056,2,9,0,-1,19,1,5,-1,0,0,0,0,0,0,3,1,-1,9,2,48,8,1499,2,8,FORD FIESTA,3,E01021295,0,1
2024010526959,2024,010526959,2,9,0,99,99,9,9,99,99,9,9,99,9,99,1,9,6,6,2,34,6,998,1,5,FORD FIESTA,5,E01000131,0,1
2024231404295,2024,231404295,1,9,0,-1,19,4,7,-1,0,0,2,0,1,4,4,1,-1,1,1,49,8,1399,2,15,FORD FIESTA,4,E01009606,0,4
2024461418287,2024,461418287,1,9,0,-1,4,6,6,-1,0,0,0,0,0,0,1,1,-1,6,2,76,11,1388,1,13,FORD FIESTA,5,E01024110,0,3
2024122401285,2024,122401285,1,9,0,18,19,5,1,0,0,0,0,0,0,0,1,1,6,6,1,24,5,1242,1,16,FORD FIESTA,7,E01033070,0,3
2024201553053,2024,201553053,2,9,0,-1,3,6,3,-1,0,0,0,0,0,0,1,9,-1,2,2,34,6,-1,-1,-1,FORD FIESTA,1,E01009400,0,1
2024451448417,2024,451448417,1,9,0,-1,10,3,7,-1,0,2,0,0,0,0,1,1,-1,6,1,20,4,1242,1,18,FORD FIESTA,6,E01030515,0,1
2024471403155,2024,471403155,1,9,0,-1,19,8,4,-1,0,0,0,0,1,0,1,1,-1,9,1,42,7,1596,1,18,FORD FIESTA,4,E01020966,0,4
2024061466044,2024,061466044,2,9,0,-1,19,4,1,-1,0,8,0,0,0,0,4,1,-1,6,2,35,6,999,1,2,FORD FIESTA,1,E01005090,0,2
2024201450278,2024,201450278,1,9,0,-1,19,2,6,-1,0,2,0,10,1,10,1,9,-1,9,1,38,7,999,1,3,FORD FIESTA,1,E01009306,0,1
2024440090956,2024,440090956,2,9,0,9,9,6,4,0,0,1,0,0,0,0,3,1,6,6,1,29,6,998,1,11,FORD FIESTA,4,E01033381,0,1
2024221499747,2024,221499747,1,9,0,-1,19,1,5,-1,0,0,5,0,2,10,1,2,-1,6,1,42,7,1242,1,7,FORD FIESTA,4,E01032275,0,1
2024351526673,2024,351526673,2,9,0,-1,19,8,2,-1,0,1,0,0,0,0,1,1,-1,8,1,22,5,998,1,11,FORD FIESTA,1,E01015609,0,1
2024122500164,2024,122500164,1,9,0,18,19,1,5,0,0,8,0,0,0,0,1,1,6,6,1,25,5,1242,1,9,FORD FIESTA,3,E01008028,0,4
2024010525577,2024,010525577,1,9,0,18,19,5,1,0,0,0,0,0,0,0,1,1,6,6,2,81,11,1242,1,12,FORD FIESTA,8,E01002348,0,1
2024211491686,2024,211491686,1,9,0,-1,19,6,2,-1,0,1,0,0,0,0,1,9,-1,6,2,-1,-1,1242,1,13,FORD FIESTA,-1,-1,0,-1
202454D600824,2024,54D600824,1,9,0,17,19,5,1,0,0,0,1,0,7,4,4,1,6,6,1,19,4,1242,1,16,FORD FIESTA,10,E01029030,0,2
2024201490098,2024,201490098,1,9,0,-1,19,6,2,-1,0,0,0,0,0,0,1,1,-1,2,2,34,6,1242,1,14,FORD FIESTA,6,E01009847,0,1
2024070468394,2024,070468394,1,9,0,18,19,4,8,0,0,0,1,0,0,0,3,1,6,6,2,87,11,1242,1,15,FORD FIESTA,5,E01018426,0,1
2024231480389,2024,231480389,1,9,0,-1,19,6,2,-1,0,0,0,0,0,0,1,1,-1,9,2,27,6,1596,1,12,FORD FIESTA,7,E01032122,0,4
2024161429917,2024,161429917,1,9,0,-1,7,4,6,-1,0,0,0,0,0,0,1,1,-1,1,1,21,5,1388,1,17,FORD FIESTA,3,E01012963,0,2
2024340NN0542,2024,340NN0542,2,9,0,-1,4,6,2,-1,0,1,0,0,0,0,2,1,-1,2,1,22,5,998,1,7,FORD FIESTA,2,E01027072,0,1
2024991447945,2024,991447945,1,9,0,-1,19,5,1,-1,0,0,5,10,5,6,1,1,-1,9,2,18,4,1242,1,15,FORD FIESTA,-1,-1,0,-1
2024161481750,2024,161481750,2,9,0,-1,5,7,3,-1,0,2,0,0,0,0,3,1,-1,6,1,76,11,998,1,10,FORD FIESTA,1,E01012946,0,1
2024430586193,2024,430586193,1,9,0,5,5,1,5,0,0,8,0,7,0,0,1,1,6,6,2,86,11,998,1,10,FORD FIESTA,10,E01035428,0,3
2024010540184,2024,010540184,1,9,0,18,19,5,1,0,0,1,0,0,0,0,1,1,6,6,2,40,7,1596,1,8,FORD FIESTA,-1,-1,0,-1
2024201491622,2024,201491622,1,9,0,-1,19,5,1,-1,0,2,0,10,7,2,1,1,-1,6,3,-1,-1,998,1,9,FORD FIESTA,-1,-1,0,-1
2024161531329,2024,161531329,2,9,0,-1,2,0,0,-1,0,0,0,0,0,0,1,1,-1,6,-1,-1,-1,998,1,6,FORD FIESTA,-1,-1,0,-1
2024411486828,2024,411486828,2,9,0,-1,5,6,4,-1,0,6,0,0,0,0,3,1,-1,9,2,20,4,998,1,4,FORD FIESTA,9,E01023713,0,2
2024461414150,2024,461414150,3,9,0,-1,19,1,5,-1,0,0,0,0,0,0,3,9,-1,2,1,26,6,1242,1,7,FORD FIESTA,9,E01000350,0,3
2024991465513,2024,991465513,1,9,0,-1,19,3,7,-1,0,0,0,0,0,0,1,1,-1,9,1,36,7,1084,1,6,FORD FIESTA,-1,-1,0,-1
2024010525455,2024,010525455,1,9,0,2,2,0,0,0,0,1,0,0,0,0,0,1,6,6,3,-1,-1,1242,1,7,FORD FIESTA,-1,-1,0,-1
2024501526213,2024,501526213,3,9,0,-1,19,5,1,-1,0,0,0,0,0,0,1,1,-1,6,2,19,4,1242,1,8,FORD FIESTA,6,E01019945,0,1
2024052401181,2024,052401181,2,9,0,2,2,0,0,0,0,8,0,8,0,0,1,1,2,2,1,23,5,1242,1,18,FORD FIESTA,1,E01006552,0,1
2024010519739,2024,010519739,1,9,0,18,19,7,3,0,0,8,0,0,0,0,0,1,6,6,1,19,4,1388,1,16,FORD FIESTA,4,E01004303,0,1
2024141436702,2024,141436702,1,9,0,-1,19,1,5,-1,0,1,0,11,2,11,1,1,-1,9,1,20,4,1242,1,17,FORD FIESTA,7,E01007657,0,1
2024101468001,2024,101468001,1,9,0,-1,-1,5,3,-1,0,0,0,0,0,0,4,9,-1,6,1,18,4,998,1,5,FORD FIESTA,-1,-1,0,-1
2024461467858,2024,461467858,1,9,0,-1,19,7,3,-1,0,0,0,0,0,0,1,9,-1,6,2,21,5,1560,2,13,FORD FIESTA,1,E01016083,0,1
2024332400884,2024,332400884,1,9,0,-1,3,6,2,-1,0,1,0,0,0,0,2,1,-1,6,1,35,6,998,1,5,FORD FIESTA,2,E01013604,0,1
2024010528554,2024,010528554,2,9,0,99,99,9,9,99,99,6,9,99,9,99,9,9,6,6,3,-1,-1,1242,1,10,FORD FIESTA,-1,-1,0,-1
2024070563400,2024,070563400,1,9,0,18,19,6,1,0,0,8,0,0,0,0,2,1,6,6,1,26,6,1596,1,15,FORD FIESTA,2,E01012480,0,1