collision_index,collision_year,collision_ref_no,vehicle_reference,vehicle_type,towing_and_articulation,vehicle_manoeuvre_historic,vehicle_manoeuvre,vehicle_direction_from,vehicle_direction_to,vehicle_location_restricted_lane_historic,vehicle_location_restricted_lane,junction_location,skidding_and_overturning,hit_object_in_carriageway,vehicle_leaving_carriageway,hit_object_off_carriageway,first_point_of_impact,vehicle_left_hand_drive,journey_purpose_of_driver_historic,journey_purpose_of_driver,sex_of_driver,age_of_driver,age_band_of_driver,engine_capacity_cc,propulsion_code,age_of_vehicle,generic_make_model,driver_imd_decile,lsoa_of_driver,escooter_flag,driver_distance_banding
2024201448630,2024,201448630,1,9,0,-1,19,3,7,-1,0,1,0,0,0,0,2,1,-1,6,2,24,5,1399,2,12,FORD FIESTA,9,E01009860,0,3
2024421470853,2024,421470853,1,9,0,-1,19,3,7,-1,0,1,1,0,0,0,1,1,-1,9,1,28,6,1242,1,10,FORD FIESTA,10,E01021384,0,3
2024201520204,2024,201520204,1,9,0,-1,19,5,3,-1,0,8,0,0,0,0,1,1,-1,9,1,31,6,1388,1,12,FORD FIESTA,1,E01006881,0,5
2024430120544,2024,430120544,1,9,0,18,19,1,5,0,0,0,0,0,1,0,1,1,6,6,1,25,5,1560,2,13,FORD FIESTA,-1,-1,0,-1
2024991455508,2024,991455508,2,9,0,-1,9,7,5,-1,0,6,0,0,0,0,3,1,-1,2,2,23,5,998,1,7,FORD FIESTA,-1,-1,0,-1
2024031494234,2024,031494234,2,9,0,-1,19,7,3,-1,0,0,0,0,0,0,2,1,-1,9,2,60,9,1242,1,12,FORD FIESTA,8,E01013040,0,5
2024401463375,2024,401463375,2,9,0,-1,2,0,0,-1,0,0,0,0,0,0,1,1,-1,6,1,23,5,1999,1,16,FORD FIESTA,4,E01015755,0,1
2024351400392,2024,351400392,3,9,0,-1,5,4,8,-1,0,0,0,4,0,0,4,9,-1,2,2,42,7,1242,1,16,FORD FIESTA,5,E01033121,0,1
2024461488490,2024,461488490,2,9,0,-1,9,5,2,-1,0,0,0,0,7,0,3,1,-1,9,2,54,8,999,1,3,FORD FIESTA,3,E01024480,0,1
2024430449829,2024,430449829,3,9,0,17,19,5,2,0,0,0,0,0,0,0,1,1,2,2,2,30,6,1242,1,11,FORD FIESTA,10,E01027295,0,1
2024421491134,2024,421491134,1,9,0,-1,19,7,3,-1,0,0,0,0,0,0,0,1,-1,9,2,67,10,1242,1,11,FORD FIESTA,8,E01021784,0,1
2024161526762,2024,161526762,1,9,0,-1,9,4,1,-1,0,8,0,0,0,0,4,1,-1,6,1,20,4,1242,1,15,FORD FIESTA,1,E01012858,0,1
2024041433432,2024,041433432,1,9,0,-1,19,5,1,-1,0,0,0,0,0,0,1,1,-1,9,1,24,5,1242,1,9,FORD FIESTA,1,E01012748,0,1
2024411404283,2024,411404283,1,9,0,-1,19,5,1,-1,0,0,0,0,0,0,1,9,-1,6,2,-1,-1,998,1,8,FORD FIESTA,10,E01034005,0,5
2024501510644,2024,501510644,2,9,0,-1,19,8,5,-1,0,4,0,0,0,0,3,2,-1,9,1,81,11,-1,-1,-1,FORD FIESTA,5,E01020068,0,1
2024041420010,2024,041420010,2,9,0,-1,19,7,3,-1,0,1,0,0,0,0,1,1,-1,9,1,19,4,1299,1,29,FORD FIESTA,7,E01025565,0,2
2024041486153,2024,041486153,2,9,0,-1,19,3,7,-1,0,0,0,0,0,0,2,1,-1,6,1,68,10,1242,1,18,FORD FIESTA,7,E01024999,0,4
2024201469078,2024,201469078,1,9,0,-1,7,4,6,-1,0,0,1,10,1,0,4,1,-1,1,1,25,5,999,1,3,FORD FIESTA,4,E01010480,0,3
2024411460468,2024,411460468,1,9,0,-1,7,5,7,-1,0,5,0,0,0,0,2,1,-1,2,2,41,7,1596,1,15,FORD FIESTA,3,E01023323,0,1
2024311478522,2024,311478522,1,9,0,-1,19,8,5,-1,0,0,0,4,0,0,1,1,-1,9,2,19,4,1388,1,13,FORD FIESTA,2,E01013918,0,1
202454B178124,2024,54B178124,1,9,0,5,5,6,2,0,0,0,0,0,0,0,4,1,6,6,1,75,10,1242,1,9,FORD FIESTA,-1,-1,0,-1
2024010511067,2024,010511067,2,9,0,99,99,9,9,99,99,9,9,99,9,99,1,9,6,6,3,-1,-1,1388,1,16,FORD FIESTA,-1,-1,0,-1
2024010510246,2024,010510246,2,9,0,18,19,3,7,0,0,1,0,99,0,0,1,1,6,6,1,-1,-1,1242,1,16,FORD FIESTA,-1,-1,0,-1
2024311432819,2024,311432819,1,9,0,-1,19,3,7,-1,0,0,0,0,1,0,1,1,-1,6,1,30,6,1499,2,11,FORD FIESTA,3,E01026377,0,1
2024061396885,2024,061396885,1,9,0,-1,19,2,6,-1,0,1,0,0,0,0,1,1,-1,6,1,25,5,998,1,8,FORD FIESTA,4,E01006141,0,1
2024010508333,2024,010508333,2,9,0,99,99,9,9,99,99,9,9,99,9,99,9,9,6,6,3,-1,-1,998,1,7,FORD FIESTA,-1,-1,0,-1
2024010523737,2024,010523737,2,9,0,99,99,9,9,99,99,9,9,99,9,99,9,9,6,6,3,62,9,1596,1,9,FORD FIESTA,4,E01002015,0,1
2024421511801,2024,421511801,1,9,0,-1,19,6,2,-1,0,0,0,0,0,0,1,1,-1,9,1,21,5,1242,1,11,FORD FIESTA,3,E01023326,0,3
2024461460424,2024,461460424,2,9,0,-1,19,1,5,-1,0,2,0,0,3,0,1,1,-1,7,2,46,8,1242,1,7,FORD FIESTA,2,E01016064,0,1
2024461484822,2024,461484822,1,9,0,-1,15,5,1,-1,0,0,0,0,0,0,3,1,-1,6,3,-1,-1,998,1,11,FORD FIESTA,-1,-1,0,-1
2024451408491,2024,451408491,3,9,0,-1,2,5,1,-1,0,0,0,0,0,0,1,1,-1,6,-1,-1,-1,998,1,5,FORD FIESTA,-1,-1,0,-1
2024052401776,2024,052401776,1,9,0,1,1,3,7,0,0,0,0,0,0,0,2,1,2,2,1,43,7,998,1,1,FORD FIESTA,1,E01006567,0,1
2024031427190,2024,031427190,2,9,0,-1,10,6,4,-1,0,6,0,0,0,0,1,1,-1,9,2,39,7,-1,-1,-1,FORD FIESTA,1,E01019113,0,1
2024622400492,2024,622400492,2,9,0,3,3,8,4,0,0,1,0,0,0,0,1,1,6,6,1,26,6,1242,1,18,FORD FIESTA,4,W01001710,0,2
2024070196003,2024,070196003,1,9,0,4,4,8,4,0,0,1,0,0,0,0,2,1,2,2,1,18,4,1242,1,16,FORD FIESTA,4,E01006846,0,2
2024311450913,2024,311450913,1,9,0,-1,19,2,5,-1,0,0,5,0,0,0,1,1,-1,9,2,72,10,999,1,3,FORD FIESTA,7,E01012189,0,5
2024302400837,2024,302400837,1,9,0,18,19,3,7,0,0,8,0,0,0,0,1,1,6,6,1,26,6,998,1,10,FORD FIESTA,9,E01019590,0,1
2024201534434,2024,201534434,1,9,0,-1,19,8,4,-1,0,0,0,0,0,0,4,1,-1,6,1,77,11,1388,1,17,FORD FIESTA,1,E01009233,0,1
2024991413708,2024,991413708,1,9,0,-1,6,7,7,-1,0,1,0,0,0,0,3,1,-1,6,1,68,10,1596,1,12,FORD FIESTA,2,-1,0,1
2024161404930,2024,161404930,1,9,0,-1,19,8,4,-1,0,0,0,0,0,0,2,1,-1,2,2,29,6,998,1,8,FORD FIESTA,-1,-1,0,-1
2024991474278,2024,991474278,1,9,0,-1,19,3,7,-1,0,8,0,0,0,0,1,1,-1,9,2,29,6,998,1,8,FORD FIESTA,5,-1,0,1
2024461416732,2024,461416732,1,9,0,-1,1,5,1,-1,0,8,0,0,8,11,2,9,-1,6,3,-1,-1,1242,1,14,FORD FIESTA,-1,-1,0,-1
2024231491015,2024,231491015,1,9,0,-1,9,3,8,-1,0,6,0,0,0,0,1,1,-1,9,1,19,4,1242,1,14,FORD FIESTA,2,E01031044,0,1
2024522402660,2024,522402660,1,9,0,5,5,2,6,0,0,2,0,0,0,0,1,1,6,6,1,19,4,998,1,6,FORD FIESTA,9,E01014779,0,2
2024041506157,2024,041506157,1,9,0,-1,19,5,1,-1,0,0,0,0,7,6,4,1,-1,9,1,68,10,998,1,5,FORD FIESTA,5,E01023095,0,5
2024991455489,2024,991455489,1,9,0,-1,19,3,7,-1,0,0,0,0,0,0,1,1,-1,6,1,18,4,1499,2,9,FORD FIESTA,-1,-1,0,-1
2024131462473,2024,131462473,1,9,0,-1,19,7,3,-1,0,0,0,0,0,0,1,1,-1,2,1,53,8,998,1,5,FORD FIESTA,6,E01010932,0,1
2024440431218,2024,440431218,1,9,0,18,19,8,4,0,0,6,0,0,0,0,3,1,1,1,1,34,6,998,1,11,FORD FIESTA,-1,-1,0,-1
2024522401190,2024,522401190,2,9,0,18,19,5,1,0,0,0,0,0,0,0,1,1,2,2,1,22,5,998,1,10,FORD FIESTA,-1,-1,0,-1
2024421423306,2024,421423306,1,9,0,-1,13,8,5,-1,0,0,0,0,0,0,1,1,-1,2,1,31,6,1388,1,16,FORD FIESTA,9,E01015913,0,1
2024440371671,2024,440371671,1,9,0,18,19,3,7,0,0,0,0,0,8,4,3,1,6,6,1,17,4,1560,2,14,FORD FIESTA,9,E01023281,0,1
2024041518332,2024,041518332,1,9,0,-1,9,7,3,-1,0,6,1,0,7,0,1,1,-1,2,1,18,4,998,1,8,FORD FIESTA,9,E01025321,0,3
2024501431076,2024,501431076,2,9,0,-1,19,5,1,-1,0,0,0,0,0,0,1,1,-1,1,1,19,4,1560,2,13,FORD FIESTA,5,E01034847,0,1
2024440379899,2024,440379899,1,9,0,16,19,1,5,0,0,0,0,0,7,11,1,1,6,6,2,80,11,998,1,7,FORD FIESTA,6,E01017291,0,1
2024131522763,2024,131522763,2,9,0,-1,2,0,0,-1,0,8,0,0,0,0,2,1,-1,1,2,43,7,-1,-1,-1,FORD FIESTA,2,E01011220,0,1
2024421495220,2024,421495220,2,9,0,-1,19,2,-1,-1,0,8,0,0,0,0,3,1,-1,9,2,25,5,1560,2,13,FORD FIESTA,6,E01030081,0,4
2024122400402,2024,122400402,2,9,0,3,3,8,4,0,0,0,0,0,0,0,2,1,6,6,2,20,4,998,1,7,FORD FIESTA,7,E01027661,0,4
2024161516786,2024,161516786,1,9,0,-1,19,7,3,-1,0,0,1,0,1,0,4,9,-1,6,1,23,5,1242,1,15,FORD FIESTA,1,E01012779,0,3
2024371474173,2024,371474173,1,9,-1,-1,12,-1,-1,-1,0,8,0,0,0,0,3,9,-1,6,2,55,8,1242,1,8,FORD FIESTA,9,E01029999,0,3
2024161476359,2024,161476359,2,9,0,-1,4,7,3,-1,0,0,0,0,0,0,2,1,-1,1,1,20,4,1242,1,17,FORD FIESTA,9,E01027885,0,2
2024440197725,2024,440197725,2,9,0,18,19,4,8,0,0,4,0,0,0,0,1,1,6,6,2,19,4,1399,2,12,FORD FIESTA,4,E01017333,0,2
2024451526299,2024,451526299,1,9,0,-1,7,6,4,-1,0,5,0,0,0,0,4,1,-1,2,1,25,5,999,1,3,FORD FIESTA,10,E01030789,0,1
2024041497866,2024,041497866,2,9,0,-1,19,1,5,-1,0,2,0,0,0,0,3,1,-1,9,1,87,11,1388,1,17,FORD FIESTA,6,E01025593,0,1
2024361411968,2024,361411968,1,9,0,-1,4,7,1,-1,0,0,0,0,0,0,1,1,-1,1,1,27,6,1242,1,11,FORD FIESTA,5,E01026505,0,2
2024302401796,2024,302401796,1,9,0,9,9,3,1,0,0,8,0,0,0,0,4,1,2,2,2,62,9,1242,1,12,FORD FIESTA,5,E01013500,0,1
2024010504190,2024,010504190,2,9,0,99,99,9,9,99,99,9,9,99,9,99,9,9,6,6,3,-1,-1,1388,1,14,FORD FIESTA,-1,-1,0,-1
2024471410441,2024,471410441,1,9,0,-1,19,5,2,-1,0,5,1,10,1,1,1,1,-1,6,1,17,4,1388,1,18,FORD FIESTA,7,E01031535,0,2
2024302401450,2024,302401450,2,9,0,2,2,0,0,0,0,0,0,0,0,0,2,1,6,6,1,51,8,1596,1,22,FORD FIESTA,7,E01019408,0,1
2024041454624,2024,041454624,1,9,0,-1,19,3,4,-1,0,0,0,0,0,0,1,1,-1,9,2,27,6,1560,2,17,FORD FIESTA,4,E01025201,0,1
2024101499515,2024,101499515,1,9,0,-1,19,8,4,-1,0,0,0,0,0,0,1,1,-1,6,1,-1,-1,1242,1,7,FORD FIESTA,3,E01008240,0,1
2024622400162,2024,622400162,3,9,0,2,2,0,0,0,0,1,0,0,0,0,2,1,6,6,3,-1,-1,1242,1,10,FORD FIESTA,-1,-1,0,-1
2024061451479,2024,061451479,3,9,0,-1,2,3,7,-1,0,2,0,0,0,0,3,1,-1,6,-1,-1,-1,1388,1,16,FORD FIESTA,-1,-1,0,-1
2024461414303,2024,461414303,2,9,0,-1,19,7,3,-1,0,1,5,0,1,0,3,2,-1,9,1,19,4,1242,1,18,FORD FIESTA,6,E01032619,0,1
2024010501393,2024,010501393,1,9,0,3,3,7,3,0,0,0,0,0,0,0,0,1,6,6,1,21,5,1388,1,17,FORD FIESTA,8,E01031617,0,4
2024471429974,2024,471429974,3,9,0,-1,2,0,0,-1,0,0,0,0,0,0,3,1,-1,6,-1,-1,-1,1388,1,13,FORD FIESTA,-1,-1,0,-1
2024101524682,2024,101524682,1,9,0,-1,9,7,3,-1,0,6,0,0,0,0,1,1,-1,6,1,28,6,998,1,9,FORD FIESTA,2,E01008307,0,2
2024552400434,2024,552400434,1,9,0,18,19,8,4,0,0,0,5,0,1,2,1,1,2,2,2,36,7,1242,1,9,FORD FIESTA,10,E01020383,0,2
2024221475012,2024,221475012,1,9,0,-1,13,2,5,-1,0,0,5,10,1,9,1,9,-1,6,1,27,6,1388,1,15,FORD FIESTA,1,E01034942,0,4
2024211493160,2024,211493160,2,9,0,-1,7,3,5,-1,0,2,0,0,0,0,3,1,-1,6,1,72,10,998,1,8,FORD FIESTA,10,E01029760,0,2
2024052402453,2024,052402453,2,9,0,9,9,4,8,0,0,1,0,0,0,0,4,1,6,6,2,23,5,998,1,0,FORD FIESTA,1,E01006461,0,3
2024141419047,2024,141419047,1,9,0,-1,10,1,7,-1,0,1,0,0,0,0,0,9,-1,6,3,-1,-1,1560,2,15,FORD FIESTA,-1,-1,0,-1
2024461486582,2024,461486582,1,9,0,-1,19,1,5,-1,0,0,1,0,7,0,1,1,-1,9,1,18,4,1242,1,14,FORD FIESTA,6,E01016142,0,2
2024010505457,2024,010505457,2,9,9,99,99,9,9,99,99,9,9,99,9,99,9,9,6,6,3,-1,-1,1388,1,14,FORD FIESTA,-1,-1,0,-1
2024122401170,2024,122401170,1,9,0,4,4,3,7,0,0,1,0,0,0,0,1,1,6,6,2,44,7,1999,1,16,FORD FIESTA,4,E01034983,0,4
2024031441509,2024,031441509,1,9,0,-1,19,2,4,-1,0,0,1,0,0,0,1,1,-1,9,1,31,6,1388,1,14,FORD FIESTA,-1,-1,0,-1
2024052401367,2024,052401367,1,9,0,9,9,4,2,0,0,2,0,0,0,0,1,1,6,6,1,29,6,1242,1,12,FORD FIESTA,5,E01029345,0,5
2024010541501,2024,010541501,1,9,0,10,10,7,5,0,0,1,0,11,0,0,3,1,6,6,1,30,6,1242,1,8,FORD FIESTA,3,E01001983,0,1
2024131464865,2024,131464865,1,9,0,-1,2,0,0,-1,-1,0,0,0,0,0,3,1,-1,6,3,-1,-1,1388,1,16,FORD FIESTA,-1,-1,0,-1
2024421488805,2024,421488805,1,9,0,-1,19,6,2,-1,0,4,1,9,3,0,1,1,-1,6,2,21,5,1388,1,13,FORD FIESTA,4,E01022028,0,4
2024221481483,2024,221481483,1,9,0,-1,19,2,6,-1,0,0,1,0,0,0,1,1,-1,2,1,19,4,-1,-1,-1,FORD FIESTA,5,E01014045,0,3
2024520003031,2024,520003031,1,9,0,18,19,2,4,0,0,8,0,0,0,0,4,1,6,6,1,22,5,1596,1,8,FORD FIESTA,6,E01014439,0,1
2024041423384,2024,041423384,2,9,0,-1,19,7,3,-1,0,8,0,0,0,0,4,1,-1,2,2,39,7,998,1,11,FORD FIESTA,1,E01024910,0,1
2024361480575,2024,361480575,1,9,0,-1,19,5,1,-1,0,0,0,0,0,0,1,1,-1,9,2,48,8,1242,1,17,FORD FIESTA,10,E01026812,0,3
2024010518281,2024,010518281,1,9,0,18,19,6,2,0,0,8,0,0,0,0,1,1,6,6,1,51,8,1388,1,17,FORD FIESTA,4,E01016518,0,3
2024501478551,2024,501478551,2,9,0,-1,9,1,5,-1,0,8,0,0,7,0,3,1,-1,9,1,18,4,998,1,5,FORD FIESTA,6,E01029411,0,5
2024332400645,2024,332400645,1,9,0,-1,4,6,2,-1,0,8,0,0,0,0,1,1,-1,6,1,23,5,1242,1,8,FORD FIESTA,7,E01025812,0,1
2024010529269,2024,010529269,1,9,0,5,5,6,2,0,0,1,0,0,0,0,1,1,6,6,1,26,6,1242,1,17,FORD FIESTA,9,E01030712,0,2
2024501535519,2024,501535519,2,9,0,-1,19,5,1,-1,0,8,0,0,0,0,3,1,-1,1,2,46,8,1388,1,14,FORD FIESTA,1,E01015151,0,1
2024471470011,2024,471470011,1,9,0,-1,7,6,8,-1,0,4,0,0,0,0,1,1,-1,9,2,24,5,1388,1,14,FORD FIESTA,5,E01031611,0,2
2024332400050,2024,332400050,1,9,0,-1,19,8,4,-1,0,1,0,0,0,0,1,1,-1,9,1,19,4,1388,1,20,FORD FIESTA,4,E01034016,0,1
2024201415930,2024,201415930,1,9,0,-1,19,5,1,-1,0,8,0,0,0,0,1,9,-1,6,2,23,5,1242,1,17,FORD FIESTA,1,E01009756,0,1
2024430233150,2024,430233150,1,9,0,18,19,4,8,0,0,0,0,0,0,0,1,1,6,6,2,30,6,1242,1,17,FORD FIESTA,-1,-1,0,-1
2024052401857,2024,052401857,1,9,0,5,5,2,6,0,0,1,0,0,0,0,3,1,6,6,2,83,11,1242,1,16,FORD FIESTA,6,E01007059,0,1
2024201501678,2024,201501678,2,9,0,-1,5,3,7,-1,0,1,0,0,0,0,1,1,-1,6,1,34,6,1242,1,16,FORD FIESTA,4,E01009879,0,1
2024451459794,2024,451459794,2,9,0,-1,19,3,7,-1,0,0,1,0,0,0,1,1,-1,1,2,39,7,1242,1,13,FORD FIESTA,3,E01004189,0,3
2024041522973,2024,041522973,6,9,0,-1,2,0,0,-1,0,0,0,0,0,0,1,1,-1,6,-1,-1,-1,1388,1,12,FORD FIESTA,-1,-1,0,-1
2024361452883,2024,361452883,1,9,0,-1,4,5,1,-1,0,0,1,0,0,0,1,1,-1,6,1,17,4,1242,1,16,FORD FIESTA,5,E01026679,0,4
2024991534215,2024,991534215,1,9,0,-1,9,3,1,-1,0,6,0,0,0,0,1,1,-1,6,2,66,10,998,1,5,FORD FIESTA,10,-1,0,1
2024471463384,2024,471463384,2,9,0,-1,19,7,-1,-1,0,1,0,0,0,0,3,1,-1,6,3,-1,-1,-1,-1,-1,FORD FIESTA,-1,-1,0,-1
2024421464217,2024,421464217,1,9,0,-1,19,5,3,-1,0,0,1,0,0,0,4,1,-1,2,1,25,5,1388,1,16,FORD FIESTA,8,E01021740,0,2
2024010504399,2024,010504399,2,9,0,18,19,1,5,0,0,0,0,7,0,0,1,1,6,6,1,18,4,998,1,10,FORD FIESTA,3,E01033705,0,1
2024610047424,2024,610047424,1,9,0,3,3,2,6,0,0,1,0,0,0,0,2,1,6,6,2,45,7,1242,1,11,FORD FIESTA,9,W01001913,0,1
2024371443647,2024,371443647,1,9,0,-1,19,5,1,-1,0,1,0,0,0,0,1,1,-1,6,2,37,7,998,1,10,FORD FIESTA,7,E01033720,0,4
2024221452526,2024,221452526,3,9,0,-1,4,7,3,-1,0,0,0,0,0,0,2,1,-1,6,2,21,5,998,1,9,FORD FIESTA,6,E01014171,0,1
2024302401389,2024,302401389,1,9,0,16,19,7,2,0,0,1,0,0,7,9,1,1,6,6,1,25,5,1388,1,18,FORD FIESTA,6,E01019882,0,3
2024231524944,2024,231524944,2,9,0,-1,19,5,1,-1,0,8,0,0,1,0,1,1,-1,9,1,31,6,1496,1,4,FORD FIESTA,8,E01009707,0,3
2024161460828,2024,161460828,1,9,0,-1,3,7,3,-1,0,0,0,0,0,0,2,1,-1,2,2,59,9,999,1,4,FORD FIESTA,3,E01012963,0,1
2024041412208,2024,041412208,1,9,0,-1,19,2,5,-1,0,0,1,0,2,10,1,1,-1,9,2,18,4,1242,1,17,FORD FIESTA,4,E01006887,0,2
2024131399869,2024,131399869,2,9,0,-1,9,1,3,-1,0,8,0,0,0,0,3,2,-1,2,1,20,4,998,1,6,FORD FIESTA,2,E01007533,0,3
2024471404514,2024,471404514,2,9,0,-1,4,3,7,-1,0,1,0,0,0,0,3,1,-1,9,2,43,7,998,1,11,FORD FIESTA,5,E01031472,0,1
2024461473097,2024,461473097,1,9,0,-1,9,6,3,-1,0,6,0,0,0,0,1,1,-1,9,1,81,11,1242,1,7,FORD FIESTA,7,E01024650,0,1
2024430234036,2024,430234036,1,9,0,18,19,7,3,0,0,0,0,0,0,0,1,1,1,1,1,19,4,998,1,11,FORD FIESTA,7,E01016409,0,1
2024531455606,2024,531455606,1,9,0,-1,19,1,5,-1,0,8,0,0,0,0,4,1,-1,2,1,24,5,998,1,10,FORD FIESTA,3,E01022256,0,1
2024231424485,2024,231424485,2,9,0,-1,19,7,5,-1,0,8,0,0,0,0,1,1,-1,6,1,20,4,998,1,11,FORD FIESTA,6,E01031199,0,1
2024131424280,2024,131424280,2,9,0,-1,19,3,7,-1,0,0,0,0,7,11,1,1,-1,6,1,18,4,1399,2,15,FORD FIESTA,2,E01034261,0,1
2024421495085,2024,421495085,1,9,0,-1,19,7,3,-1,0,0,0,0,0,0,1,1,-1,6,2,89,11,1388,1,17,FORD FIESTA,5,E01015888,0,1
2024010530845,2024,010530845,1,9,0,99,99,9,9,99,99,9,9,99,9,99,2,9,6,6,1,37,7,1596,1,18,FORD FIESTA,4,E01004525,0,1
2024141514946,2024,141514946,1,9,0,-1,19,5,1,-1,0,1,0,0,0,0,1,1,-1,2,1,24,5,1242,1,10,FORD FIESTA,3,E01007720,0,2
2024320038571,2024,320038571,1,9,0,-1,-1,2,6,0,0,0,0,0,0,0,1,1,6,6,1,78,11,1399,2,12,FORD FIESTA,6,E01026315,0,1
2024320362779,2024,320362779,1,9,0,9,9,5,3,0,0,2,0,0,0,0,1,1,6,6,2,72,10,999,1,4,FORD FIESTA,-1,-1,0,-1
2024421499727,2024,421499727,1,9,0,-1,9,4,8,-1,0,6,0,0,0,0,1,1,-1,9,1,20,4,998,1,9,FORD FIESTA,10,E01021384,0,3
2024471512882,2024,471512882,1,9,0,-1,19,4,8,-1,0,0,0,7,0,0,1,1,-1,2,1,65,9,1299,1,21,FORD FIESTA,5,E01031512,0,1
2024631478255,2024,631478255,1,9,0,-1,19,4,8,-1,0,0,1,0,7,10,1,1,-1,9,1,22,5,1496,1,1,FORD FIESTA,4,E01006570,0,4
2024161427128,2024,161427128,2,9,0,-1,19,8,4,-1,0,1,0,0,0,0,1,9,-1,6,2,81,11,999,1,4,FORD FIESTA,5,E01013200,0,1
2024451508659,2024,451508659,1,9,0,-1,3,1,5,-1,99,0,0,0,0,0,2,1,-1,9,1,24,5,999,1,4,FORD FIESTA,3,E01016501,0,2
2024610009124,2024,610009124,1,9,0,9,9,7,5,0,0,6,0,0,0,0,1,1,6,6,1,43,7,998,1,6,FORD FIESTA,1,W01001619,0,2
2024141448384,2024,141448384,2,9,0,-1,19,2,6,-1,0,0,0,0,0,0,2,1,-1,6,-1,-1,-1,998,1,5,FORD FIESTA,-1,-1,0,-1
2024991455813,2024,991455813,1,9,0,-1,19,5,1,-1,0,0,5,0,2,0,4,1,-1,9,1,71,10,1242,1,16,FORD FIESTA,1,-1,0,2
2024052401688,2024,052401688,1,9,0,18,19,7,3,0,0,1,5,0,0,0,4,1,6,6,2,45,7,1596,1,17,FORD FIESTA,5,E01006894,0,4
2024520001400,2024,520001400,2,9,0,18,19,4,8,0,0,8,0,0,0,0,4,1,6,6,1,19,4,1388,1,15,FORD FIESTA,6,E01029057,0,2
2024522401347,2024,522401347,1,9,0,18,19,5,7,0,0,3,0,0,0,0,2,1,6,6,2,24,5,1399,2,12,FORD FIESTA,10,E01014988,0,3
2024031523269,2024,031523269,2,9,0,-1,19,5,3,-1,0,1,0,0,0,0,1,1,-1,6,1,20,4,1242,1,11,FORD FIESTA,5,E01019202,0,3
2024371451092,2024,371451092,3,9,0,-1,19,8,4,-1,0,1,0,0,0,0,3,1,-1,9,2,30,6,1242,1,8,FORD FIESTA,6,E01033541,0,3
2024161401459,2024,161401459,1,9,0,-1,6,7,7,-1,0,4,0,0,0,0,1,1,-1,9,1,38,7,1242,1,16,FORD FIESTA,1,E01012836,0,1
2024631432474,2024,631432474,2,9,0,-1,10,8,6,-1,0,8,0,0,0,0,2,1,-1,9,2,51,8,1560,2,14,FORD FIESTA,6,W01000538,0,3
2024545340124,2024,545340124,2,9,0,18,19,2,6,0,0,1,0,0,0,0,1,1,6,6,2,59,9,999,1,1,FORD FIESTA,1,E01015542,0,1
2024201499535,2024,201499535,1,9,-1,-1,-1,1,5,-1,-1,0,-1,-1,-1,0,-1,9,-1,-1,1,39,7,1399,2,14,FORD FIESTA,2,E01010564,0,2
2024622400117,2024,622400117,1,9,0,18,19,7,3,0,0,0,1,0,0,0,1,1,6,6,1,19,4,998,1,6,FORD FIESTA,8,W01001011,0,4
2024332400609,2024,332400609,1,9,0,-1,4,2,6,-1,0,0,2,0,7,4,1,1,-1,9,2,18,4,1242,1,15,FORD FIESTA,2,E01013761,0,3
2024201487690,2024,201487690,1,9,0,-1,19,2,6,-1,0,0,0,0,0,0,1,1,-1,6,1,19,4,1242,1,15,FORD FIESTA,-1,-1,0,-1
2024451474822,2024,451474822,1,9,0,-1,7,1,2,-1,9,0,0,0,7,1,1,1,-1,9,1,21,5,998,1,5,FORD FIESTA,9,E01030772,0,1
2024010513325,2024,010513325,2,9,0,99,99,9,9,99,99,9,9,99,9,99,9,9,6,6,3,-1,-1,1242,1,8,FORD FIESTA,-1,-1,0,-1
2024122400192,2024,122400192,1,9,0,17,19,5,1,0,0,0,2,0,1,9,4,1,6,6,1,20,4,1242,1,8,FORD FIESTA,10,E01012978,0,4
2024141404551,2024,141404551,2,9,0,-1,9,7,5,-1,0,8,0,0,0,0,3,9,-1,6,2,24,5,1242,1,7,FORD FIESTA,1,E01007718,0,1
2024161402741,2024,161402741,3,9,0,-1,19,6,2,-1,0,1,0,0,0,0,4,1,-1,9,1,57,9,1242,1,10,FORD FIESTA,5,E01012824,0,1
2024631514090,2024,631514090,1,9,0,-1,19,8,3,-1,0,0,5,0,7,11,1,1,-1,9,2,35,6,1242,1,10,FORD FIESTA,5,W01000528,0,2
2024311519838,2024,311519838,5,9,0,-1,2,0,0,-1,0,0,0,0,0,0,3,1,-1,6,-1,-1,-1,1499,2,9,FORD FIESTA,-1,-1,0,-1
2024501410760,2024,501410760,3,9,0,-1,19,4,8,-1,0,8,0,0,0,0,3,9,-1,9,2,43,7,1388,1,19,FORD FIESTA,8,E01019035,0,2
2024041398320,2024,041398320,1,9,0,-1,19,5,1,-1,0,0,1,0,0,0,3,1,-1,9,1,18,4,1242,1,18,FORD FIESTA,9,E01025553,0,2
2024211496468,2024,211496468,1,9,0,-1,19,5,2,-1,0,0,0,0,0,0,1,1,-1,6,1,60,9,1242,1,19,FORD FIESTA,-1,-1,0,-1