collision_index,collision_year,collision_ref_no,vehicle_reference,vehicle_type,towing_and_articulation,vehicle_manoeuvre_historic,vehicle_manoeuvre,vehicle_direction_from,vehicle_direction_to,vehicle_location_restricted_lane_historic,vehicle_location_restricted_lane,junction_location,skidding_and_overturning,hit_object_in_carriageway,vehicle_leaving_carriageway,hit_object_off_carriageway,first_point_of_impact,vehicle_left_hand_drive,journey_purpose_of_driver_historic,journey_purpose_of_driver,sex_of_driver,age_of_driver,age_band_of_driver,engine_capacity_cc,propulsion_code,age_of_vehicle,generic_make_model,driver_imd_decile,lsoa_of_driver,escooter_flag,driver_distance_banding
2024320671422,2024,320671422,1,9,0,-1,-1,4,8,0,0,0,0,0,7,4,1,1,6,6,2,21,5,1388,1,14,FORD FIESTA,-1,-1,0,-1
2024421402705,2024,421402705,3,9,0,-1,3,6,2,-1,0,0,0,0,0,0,0,1,-1,9,1,28,6,1242,1,11,FORD FIESTA,2,E01026607,0,5
2024461436567,2024,461436567,2,9,0,-1,2,0,0,-1,0,2,0,0,0,0,2,1,-1,6,1,-1,-1,1388,1,18,FORD FIESTA,1,E01024308,0,1
2024552400667,2024,552400667,2,9,0,18,19,4,8,0,0,8,0,0,7,11,1,1,6,6,2,31,6,1399,2,12,FORD FIESTA,5,E01020443,0,1
2024540640024,2024,540640024,1,9,0,18,19,8,4,0,0,0,0,0,0,0,1,1,1,1,1,30,6,-1,-1,-1,FORD FIESTA,5,E01015480,0,1
2024440420804,2024,440420804,1,9,0,9,9,8,6,0,0,8,0,0,0,0,4,1,6,6,1,20,4,1499,2,11,FORD FIESTA,8,E01022525,0,1
2024131474735,2024,131474735,1,9,0,-1,19,1,5,-1,0,0,0,0,0,0,1,1,-1,9,2,18,4,998,1,6,FORD FIESTA,9,E01011311,0,2
2024041456405,2024,041456405,1,9,0,-1,5,7,5,-1,0,8,0,0,0,0,1,1,-1,9,2,89,11,1242,1,18,FORD FIESTA,2,E01025245,0,1
2024061437319,2024,061437319,2,9,0,-1,4,-1,-1,-1,2,0,0,0,0,0,4,1,-1,6,3,-1,-1,1242,1,7,FORD FIESTA,-1,-1,0,-1
2024201480219,2024,201480219,2,9,0,-1,19,5,1,-1,0,8,0,0,0,0,3,1,-1,6,2,25,5,998,1,11,FORD FIESTA,10,E01032271,0,4
2024461406885,2024,461406885,1,9,0,-1,14,5,1,-1,0,0,0,4,0,0,4,1,-1,6,2,41,7,998,1,9,FORD FIESTA,6,E01024406,0,2
2024221475033,2024,221475033,3,9,0,-1,2,0,0,-1,0,2,0,0,0,0,3,1,-1,6,2,34,6,1499,2,7,FORD FIESTA,2,W01001496,0,4
2024010513472,2024,010513472,1,9,0,99,99,9,9,99,99,9,9,99,9,99,2,9,6,6,1,20,4,998,1,6,FORD FIESTA,2,E01035709,0,1
2024411508773,2024,411508773,1,9,0,-1,19,3,7,-1,0,0,0,0,0,0,1,1,-1,6,1,23,5,998,1,6,FORD FIESTA,6,E01033811,0,3
2024351460283,2024,351460283,1,9,0,-1,19,4,8,-1,0,4,0,0,0,0,1,1,-1,6,2,21,5,1242,1,14,FORD FIESTA,4,E01015614,0,1
2024361508241,2024,361508241,1,9,0,-1,9,5,1,-1,0,6,0,0,0,0,4,1,-1,1,1,35,6,1399,2,13,FORD FIESTA,1,E01026824,0,1
2024522401864,2024,522401864,1,9,0,18,19,3,8,0,0,0,0,0,1,11,4,1,6,6,1,45,7,1242,1,21,FORD FIESTA,5,E01014804,0,1
202454F376924,2024,54F376924,2,9,0,18,19,6,2,0,0,1,1,0,1,0,1,1,6,6,2,27,6,1242,1,19,FORD FIESTA,7,E01015520,0,2
2024991420850,2024,991420850,1,9,0,-1,19,4,8,-1,0,0,0,0,0,0,1,1,-1,2,2,22,5,1242,1,11,FORD FIESTA,6,-1,0,1
2024622400352,2024,622400352,1,9,0,18,19,2,6,1,1,1,0,0,1,11,1,1,6,6,1,18,4,1399,2,15,FORD FIESTA,2,W01000762,0,3
2024631502745,2024,631502745,1,9,0,-1,19,5,1,-1,0,8,0,0,3,11,1,1,-1,9,1,27,6,1560,2,15,FORD FIESTA,4,W01000542,0,1
2024320767224,2024,320767224,2,9,0,-1,-1,4,8,0,0,8,0,0,1,1,1,1,6,6,2,22,5,1242,1,11,FORD FIESTA,3,E01026024,0,2
2024461507916,2024,461507916,1,9,0,-1,19,3,7,-1,0,2,0,0,0,0,1,1,-1,6,2,33,6,1242,1,12,FORD FIESTA,3,E01016045,0,1
2024501516446,2024,501516446,1,9,0,-1,12,7,3,-1,0,2,0,0,0,0,1,1,-1,9,2,19,4,1242,1,8,FORD FIESTA,9,E01000686,0,5
2024010531392,2024,010531392,1,9,0,7,7,5,7,0,0,1,0,0,0,0,4,1,3,7,1,18,4,1242,1,9,FORD FIESTA,9,E01031772,0,4
2024061438906,2024,061438906,2,9,0,-1,19,-1,-1,-1,0,9,0,0,0,0,1,1,-1,6,1,-1,-1,1242,1,11,FORD FIESTA,9,E01006277,0,1
2024471534239,2024,471534239,3,9,0,-1,19,6,2,-1,0,0,0,4,0,0,3,1,-1,9,1,20,4,1388,1,13,FORD FIESTA,9,E01022081,0,5
2024471463285,2024,471463285,1,9,0,-1,15,2,6,-1,0,1,1,4,0,0,1,1,-1,9,1,85,11,1388,1,12,FORD FIESTA,2,E01031783,0,1
2024421419814,2024,421419814,1,9,0,-1,19,3,7,-1,0,1,1,0,0,0,1,1,-1,6,1,81,11,998,1,7,FORD FIESTA,2,E01021975,0,2
2024411513523,2024,411513523,1,9,-1,-1,-1,-1,-1,-1,-1,0,-1,-1,-1,0,1,9,-1,6,1,20,4,998,1,11,FORD FIESTA,5,E01023322,0,1
2024440182395,2024,440182395,1,9,0,18,19,2,6,0,0,8,0,0,0,0,4,1,6,6,2,74,10,1242,1,18,FORD FIESTA,4,E01017164,0,1
2024547226924,2024,547226924,1,9,0,1,1,3,7,0,0,0,0,0,0,0,2,1,6,6,1,70,10,1560,2,13,FORD FIESTA,5,E01031845,0,1
2024522401486,2024,522401486,1,9,0,18,19,6,2,0,0,0,0,0,5,6,1,1,6,6,1,39,7,1499,2,9,FORD FIESTA,7,E01022401,0,4
2024141484303,2024,141484303,1,9,0,-1,19,1,5,-1,0,1,0,0,0,0,1,1,-1,6,1,47,8,1499,2,7,FORD FIESTA,2,E01008112,0,1
2024461505683,2024,461505683,2,9,0,-1,19,5,2,-1,0,8,0,0,0,0,3,1,-1,2,1,25,5,998,1,7,FORD FIESTA,10,E01024453,0,1
2024522403103,2024,522403103,2,9,0,18,19,2,6,0,0,1,0,0,0,0,1,1,6,6,2,21,5,1242,1,12,FORD FIESTA,5,E01029306,0,4
2024501466018,2024,501466018,1,9,0,-1,9,2,8,-1,0,5,0,0,0,0,1,1,-1,9,1,77,11,1388,1,13,FORD FIESTA,5,E01018972,0,4
202460Q052299,2024,60Q052299,1,9,0,18,19,5,1,0,0,0,0,0,0,0,1,1,6,6,1,18,4,1388,1,21,FORD FIESTA,-1,-1,0,-1
2024061481054,2024,061481054,3,9,0,-1,2,0,0,-1,0,1,0,0,0,0,0,1,-1,6,-1,-1,-1,1242,1,12,FORD FIESTA,-1,-1,0,-1
2024531464452,2024,531464452,2,9,0,-1,4,1,5,-1,0,0,0,0,0,0,2,1,-1,9,2,72,10,998,1,11,FORD FIESTA,4,E01022310,0,1
2024451532210,2024,451532210,2,9,0,-1,99,3,7,-1,0,4,0,0,0,0,0,9,-1,6,3,40,7,1388,1,12,FORD FIESTA,-1,-1,0,-1
2024622400370,2024,622400370,2,9,0,18,19,7,3,0,0,1,0,0,0,0,3,1,6,6,2,22,5,999,1,4,FORD FIESTA,5,W01001724,0,1
2024440308643,2024,440308643,1,9,0,17,19,5,1,0,0,0,1,0,0,0,1,1,6,6,1,22,5,998,1,10,FORD FIESTA,9,E01023275,0,3
2024311514910,2024,311514910,1,9,0,-1,7,2,5,-1,0,1,0,0,0,0,1,1,-1,1,1,19,4,1242,1,12,FORD FIESTA,2,E01019510,0,2
2024440214762,2024,440214762,1,9,0,9,9,6,4,0,0,8,0,0,0,0,1,1,6,6,1,79,11,998,1,6,FORD FIESTA,9,E01022625,0,1
2024991407022,2024,991407022,1,9,0,-1,7,3,5,-1,1,0,0,0,0,0,1,9,-1,9,3,-1,-1,1242,1,14,FORD FIESTA,-1,-1,0,-1
2024010510128,2024,010510128,2,9,0,99,99,9,9,99,99,9,9,99,9,99,9,9,6,6,3,-1,-1,1242,1,16,FORD FIESTA,-1,-1,0,-1
2024010546795,2024,010546795,2,9,0,3,3,7,3,0,0,2,0,0,0,0,2,1,6,6,2,35,6,998,1,5,FORD FIESTA,3,E01003299,0,3
2024471536062,2024,471536062,3,9,0,-1,19,3,7,-1,0,0,0,0,1,4,1,1,-1,9,1,67,10,1242,1,9,FORD FIESTA,4,E01021114,0,1
2024411511245,2024,411511245,1,9,0,-1,5,-1,-1,-1,0,4,0,0,0,0,1,1,-1,6,1,17,4,1084,1,7,FORD FIESTA,10,E01023744,0,1
2024631418631,2024,631418631,1,9,0,-1,19,2,6,-1,0,0,0,0,1,10,3,1,-1,9,2,17,4,1242,1,12,FORD FIESTA,7,W01000488,0,1
2024302401754,2024,302401754,1,9,0,-1,2,0,0,-1,0,2,0,0,0,0,3,1,-1,6,2,35,6,1242,1,15,FORD FIESTA,1,E01019799,0,1
2024221510695,2024,221510695,1,9,0,-1,9,1,8,-1,0,6,0,0,0,0,1,9,-1,6,2,29,6,1560,2,15,FORD FIESTA,2,E01009171,0,2
2024041408504,2024,041408504,1,9,0,-1,19,1,5,-1,0,0,0,0,0,0,4,1,-1,9,1,26,6,1499,2,5,FORD FIESTA,7,E01025417,0,1
2024231416415,2024,231416415,1,9,0,-1,9,6,4,-1,0,6,0,0,0,0,1,9,-1,6,1,89,11,998,1,4,FORD FIESTA,7,E01031011,0,1
2024440280668,2024,440280668,2,9,0,13,13,4,8,0,0,1,0,0,0,0,4,1,6,6,2,19,4,1596,1,17,FORD FIESTA,7,E01016340,0,3
2024122400494,2024,122400494,1,9,0,18,19,5,1,0,0,0,0,0,0,0,1,1,6,6,2,18,4,1399,2,15,FORD FIESTA,7,E01013017,0,3
2024141500355,2024,141500355,2,9,0,-1,5,7,1,-1,0,4,0,0,0,0,1,1,-1,9,1,27,6,998,1,10,FORD FIESTA,1,E01007721,0,2
2024991416002,2024,991416002,1,9,0,-1,19,6,1,-1,0,1,0,0,0,0,1,1,-1,6,1,50,8,1242,1,12,FORD FIESTA,5,-1,0,1
2024451453667,2024,451453667,2,9,0,-1,19,3,7,-1,0,2,0,0,0,0,1,1,-1,9,2,35,6,1242,1,14,FORD FIESTA,5,E01030725,0,1
2024440097285,2024,440097285,1,9,0,7,7,3,5,0,0,8,0,0,0,0,4,1,2,2,1,44,7,1388,1,15,FORD FIESTA,4,E01017217,0,1
2024351503432,2024,351503432,1,9,0,-1,19,4,8,-1,0,0,0,11,1,0,3,1,-1,2,2,38,7,1596,1,18,FORD FIESTA,6,E01034432,0,4
2024411427808,2024,411427808,1,9,0,-1,4,3,7,-1,0,0,0,0,0,0,2,1,-1,6,1,21,5,999,1,4,FORD FIESTA,6,E01035607,0,2
2024501426800,2024,501426800,1,9,0,-1,19,5,1,-1,0,0,5,0,1,4,1,1,-1,9,2,19,4,998,1,7,FORD FIESTA,9,E01015197,0,4
2024461493716,2024,461493716,2,9,0,-1,19,3,7,-1,0,0,0,0,0,0,3,1,-1,2,2,21,5,1242,1,15,FORD FIESTA,7,E01016119,0,4
2024340WN6762,2024,340WN6762,1,9,0,-1,4,3,7,-1,0,0,0,0,0,0,1,1,-1,6,2,25,5,1242,1,12,FORD FIESTA,5,E01035423,0,1
2024211542212,2024,211542212,3,9,0,-1,4,3,5,-1,0,0,1,0,0,0,1,1,-1,6,1,25,5,1242,1,19,FORD FIESTA,10,E01018405,0,2
2024211462429,2024,211462429,1,9,0,-1,19,8,5,-1,0,1,0,0,0,0,1,1,-1,6,2,26,6,1388,1,16,FORD FIESTA,4,E01029462,0,3
2024010535837,2024,010535837,1,9,0,5,5,5,1,0,0,4,0,0,0,0,1,1,6,6,2,33,6,1388,1,13,FORD FIESTA,5,E01002667,0,1
2024421428157,2024,421428157,2,9,0,-1,4,3,7,-1,0,1,0,0,0,0,2,1,-1,6,1,39,7,998,1,9,FORD FIESTA,5,E01035171,0,4
2024311420230,2024,311420230,1,9,0,-1,4,3,7,-1,0,0,0,0,0,0,1,1,-1,6,1,21,5,1399,2,13,FORD FIESTA,-1,-1,0,-1
2024421465595,2024,421465595,1,9,0,-1,19,4,8,-1,0,3,0,0,1,0,1,1,-1,2,2,34,6,1399,2,12,FORD FIESTA,4,E01015962,0,1
2024622400113,2024,622400113,1,9,0,17,19,3,8,0,0,8,1,0,1,11,1,1,6,6,1,17,4,1242,1,12,FORD FIESTA,5,W01001065,0,1
2024440420445,2024,440420445,2,9,0,18,19,4,8,0,0,8,0,0,0,0,1,1,6,6,1,-1,-1,1496,1,5,FORD FIESTA,-1,-1,0,-1
2024221442288,2024,221442288,2,9,0,-1,19,5,1,-1,0,0,0,0,0,0,1,1,-1,6,2,20,4,998,1,1,FORD FIESTA,3,E01032432,0,1
2024411404254,2024,411404254,1,9,0,-1,3,1,5,-1,0,0,0,0,0,0,1,1,-1,9,2,51,8,999,1,2,FORD FIESTA,7,E01018271,0,3
2024440427077,2024,440427077,1,9,0,18,19,1,5,0,0,8,0,0,0,0,1,1,2,2,1,50,8,998,1,6,FORD FIESTA,10,E01034724,0,3
2024221498216,2024,221498216,1,9,0,-1,9,8,5,-1,0,6,0,0,0,0,3,1,-1,6,1,19,4,998,1,8,FORD FIESTA,6,E01022253,0,1
2024211500771,2024,211500771,2,9,0,-1,19,2,6,-1,0,0,0,0,0,0,1,1,-1,6,2,25,5,998,1,7,FORD FIESTA,5,E01010399,0,2
2024061471278,2024,061471278,2,9,0,-1,19,4,8,-1,0,8,0,0,0,0,2,1,-1,9,2,52,8,1084,1,1,FORD FIESTA,-1,-1,0,-1
2024622400361,2024,622400361,1,9,0,16,19,2,6,0,0,0,0,0,0,0,1,1,2,2,2,27,6,1242,1,8,FORD FIESTA,4,W01001165,0,1
2024311498032,2024,311498032,2,9,0,-1,9,2,8,-1,0,8,0,0,0,0,4,1,-1,9,1,18,4,1242,1,11,FORD FIESTA,-1,-1,0,-1
2024201397200,2024,201397200,2,9,0,-1,19,5,1,-1,0,0,0,0,0,0,2,1,-1,9,2,19,4,998,1,10,FORD FIESTA,-1,-1,0,-1
202454B052024,2024,54B052024,1,9,0,18,19,7,3,0,0,1,0,0,0,0,1,1,6,6,1,22,5,1388,1,15,FORD FIESTA,6,E01032073,0,1
2024461493022,2024,461493022,1,9,0,-1,19,5,1,-1,0,4,0,0,0,0,1,1,-1,6,2,-1,-1,1388,1,17,FORD FIESTA,-1,-1,0,-1
2024501498531,2024,501498531,1,9,0,-1,9,1,5,-1,0,1,0,0,0,0,2,1,-1,6,1,56,9,1499,2,7,FORD FIESTA,6,E01020179,0,1
2024430177424,2024,430177424,2,9,0,2,2,0,0,0,0,0,0,0,1,0,2,1,6,6,1,17,4,1399,2,13,FORD FIESTA,10,E01016617,0,1
2024411512610,2024,411512610,1,9,0,-1,3,3,3,-1,0,0,0,0,0,0,2,1,-1,6,1,45,7,1388,1,21,FORD FIESTA,5,E01023780,0,1
2024041536124,2024,041536124,1,9,0,-1,19,1,5,-1,0,1,0,0,0,0,1,1,-1,9,1,27,6,1596,1,10,FORD FIESTA,1,E01005586,0,3
2024991396995,2024,991396995,2,9,0,-1,9,1,7,-1,0,1,0,0,0,0,2,2,-1,9,1,19,4,998,1,7,FORD FIESTA,8,-1,0,1
2024201415313,2024,201415313,2,9,0,-1,19,6,2,-1,0,8,0,0,0,0,1,9,-1,6,2,19,4,998,1,6,FORD FIESTA,1,E01010440,0,1
2024421416512,2024,421416512,1,9,0,-1,11,1,5,-1,0,0,0,0,0,0,1,1,-1,2,1,20,4,1388,1,17,FORD FIESTA,8,E01015998,0,3
2024361409865,2024,361409865,1,9,0,-1,19,5,1,-1,0,0,0,0,0,0,1,9,-1,6,-1,-1,-1,998,1,11,FORD FIESTA,-1,-1,0,-1
2024041440977,2024,041440977,2,9,0,-1,19,1,5,-1,0,0,0,0,0,0,1,1,-1,9,2,27,6,1242,1,11,FORD FIESTA,1,E01025575,0,1
2024061470275,2024,061470275,2,9,0,-1,2,0,0,-1,0,8,0,0,0,0,4,1,-1,6,-1,-1,-1,1084,1,6,FORD FIESTA,-1,-1,0,-1
2024421467163,2024,421467163,2,9,0,-1,19,3,7,-1,0,4,0,0,0,0,1,1,-1,6,1,20,4,998,1,9,FORD FIESTA,10,E01021580,0,3
2024421505962,2024,421505962,2,9,0,-1,7,1,5,-1,0,0,0,0,0,0,3,1,-1,9,2,63,9,998,1,8,FORD FIESTA,10,W01001779,0,5
2024041397187,2024,041397187,1,9,0,-1,5,3,5,-1,0,6,0,0,0,0,3,1,-1,9,2,17,4,998,1,6,FORD FIESTA,7,E01025537,0,1
2024061530451,2024,061530451,1,9,0,-1,19,4,8,-1,0,8,5,1,7,11,1,1,-1,6,1,17,4,999,1,2,FORD FIESTA,-1,-1,0,-1
2024440554619,2024,440554619,1,9,0,18,19,5,1,0,0,1,0,0,0,0,1,1,6,6,1,35,6,1388,1,18,FORD FIESTA,3,E01034066,0,1
2024010507490,2024,010507490,2,9,0,99,99,9,9,99,99,9,9,99,9,99,9,9,6,6,3,-1,-1,998,1,10,FORD FIESTA,-1,-1,0,-1
2024991413089,2024,991413089,1,9,0,-1,19,3,6,-1,5,5,0,0,7,0,1,1,-1,9,2,41,7,998,1,10,FORD FIESTA,5,-1,0,2
2024520002852,2024,520002852,2,9,0,18,19,7,3,0,0,0,0,0,0,0,2,1,6,6,2,37,7,1560,2,12,FORD FIESTA,8,E01014423,0,1
2024421428074,2024,421428074,1,9,0,-1,19,4,5,-1,0,0,0,11,0,0,1,9,-1,6,2,75,10,998,1,8,FORD FIESTA,10,E01022084,0,1
2024101400746,2024,101400746,2,9,0,-1,19,1,5,-1,0,8,0,0,0,0,1,1,-1,9,1,81,11,999,1,4,FORD FIESTA,10,E01027468,0,3
2024631451681,2024,631451681,3,9,0,-1,19,8,5,-1,0,0,0,0,0,0,1,1,-1,6,1,-1,-1,1596,1,16,FORD FIESTA,7,W01001152,0,4
2024421407161,2024,421407161,1,9,0,-1,19,6,2,-1,0,0,1,0,0,0,1,9,-1,6,1,66,10,1560,2,19,FORD FIESTA,3,E01017978,0,4
2024622400107,2024,622400107,1,9,0,18,19,7,4,0,0,1,0,0,0,0,1,1,6,6,1,88,11,999,8,1,FORD FIESTA,5,W01001164,0,1
2024041468608,2024,041468608,3,9,0,-1,3,3,7,-1,0,0,0,0,0,0,2,1,-1,1,1,45,7,-1,-1,-1,FORD FIESTA,5,E01025591,0,3
2024010498288,2024,010498288,1,9,0,10,10,1,7,0,0,1,0,0,0,0,2,1,6,6,1,63,9,1388,1,18,FORD FIESTA,4,E01021775,0,3
2024221534377,2024,221534377,1,9,0,-1,5,6,3,-1,0,6,0,0,0,0,1,9,-1,9,1,18,4,1388,1,19,FORD FIESTA,5,E01034103,0,4
2024430627932,2024,430627932,1,9,0,2,2,-1,-1,9,9,0,0,0,0,0,1,1,6,6,2,45,7,1242,1,16,FORD FIESTA,2,E01016839,0,1
2024549140824,2024,549140824,1,9,0,18,19,3,7,0,0,0,0,0,1,9,1,1,6,6,1,19,4,1388,1,15,FORD FIESTA,8,E01022224,0,1
2024522402120,2024,522402120,1,9,0,18,19,6,2,0,0,8,0,0,0,0,2,1,6,6,1,25,5,1242,1,14,FORD FIESTA,3,E01014673,0,2
2024111462082,2024,111462082,2,9,0,-1,19,4,7,-1,0,0,0,0,0,0,2,1,-1,9,2,82,11,1242,1,9,FORD FIESTA,9,E01020612,0,1
2024221506379,2024,221506379,1,9,0,-1,9,4,3,-1,0,5,0,0,0,0,1,1,-1,6,1,85,11,998,1,11,FORD FIESTA,10,E01014174,0,1
2024161512136,2024,161512136,1,9,0,-1,3,7,3,-1,0,0,0,0,0,0,2,1,-1,6,2,60,9,1242,1,12,FORD FIESTA,3,E01007639,0,3
2024221519141,2024,221519141,2,9,0,-1,2,0,0,-1,0,0,0,0,0,0,3,9,-1,6,2,34,6,1084,1,7,FORD FIESTA,7,E01007798,0,5
2024061406868,2024,061406868,3,9,0,-1,19,8,4,-1,0,1,0,0,0,0,1,1,-1,6,1,32,6,1388,1,13,FORD FIESTA,8,E01006210,0,1
2024361531820,2024,361531820,1,19,0,-1,19,2,6,-1,0,0,0,0,7,0,1,1,-1,1,1,28,6,1399,2,15,FORD FIESTA,3,E01033041,0,3
2024440120799,2024,440120799,1,9,0,18,19,7,3,0,0,1,0,0,0,0,1,1,6,6,1,20,4,1596,1,14,FORD FIESTA,1,E01017112,0,1
2024371405294,2024,371405294,1,9,0,-1,19,2,2,-1,0,8,0,0,0,0,1,9,-1,1,2,66,10,998,1,10,FORD FIESTA,3,E01029984,0,1
2024461439683,2024,461439683,2,9,0,-1,4,5,1,-1,0,0,0,0,0,0,2,1,-1,9,2,43,7,1399,2,13,FORD FIESTA,4,E01016157,0,2
2024201479368,2024,201479368,2,9,9,-1,2,0,0,-1,0,2,0,0,0,0,0,9,-1,1,3,-1,-1,999,1,3,FORD FIESTA,-1,-1,0,-1
2024411518209,2024,411518209,1,9,0,-1,19,7,3,-1,0,8,0,0,0,0,1,1,-1,2,1,42,7,1242,1,8,FORD FIESTA,7,E01023892,0,1
2024201440711,2024,201440711,1,9,0,-1,4,7,3,-1,0,1,0,0,0,0,1,9,-1,6,1,20,4,1242,1,11,FORD FIESTA,-1,-1,0,-1
2024411493458,2024,411493458,2,9,0,-1,4,7,2,-1,0,0,0,0,0,0,2,1,-1,6,1,25,5,1388,1,13,FORD FIESTA,3,E01001434,0,3
2024451461145,2024,451461145,2,9,0,-1,19,1,1,-1,0,0,0,0,0,0,3,9,-1,6,2,30,6,1242,1,18,FORD FIESTA,-1,-1,0,-1
2024520402225,2024,520402225,1,9,0,18,19,6,2,0,0,8,0,0,0,0,1,1,6,6,1,30,6,1388,1,18,FORD FIESTA,6,E01029084,0,1
2024471416027,2024,471416027,13,9,0,-1,19,7,3,-1,0,0,1,0,0,0,2,1,-1,6,2,27,6,1399,2,14,FORD FIESTA,6,E01030842,0,4
2024010498853,2024,010498853,1,9,0,7,7,7,1,0,0,5,0,0,0,0,1,1,6,6,3,-1,-1,1242,1,13,FORD FIESTA,-1,-1,0,-1
2024070474291,2024,070474291,2,9,0,18,19,1,5,0,0,8,0,0,0,0,1,1,6,6,1,69,10,1242,1,12,FORD FIESTA,10,E01018652,0,1
2024131460066,2024,131460066,2,9,0,-1,9,3,1,-1,0,8,0,0,0,0,1,1,-1,9,2,34,6,998,1,10,FORD FIESTA,9,E01011453,0,1
2024201452696,2024,201452696,2,9,0,-1,19,2,6,-1,0,3,0,0,0,0,2,1,-1,6,2,42,7,998,1,7,FORD FIESTA,4,E01010377,0,1
2024010508186,2024,010508186,1,9,0,9,9,1,7,8,6,6,0,0,0,0,1,1,6,6,2,77,11,999,1,1,FORD FIESTA,2,E01000056,0,1
2024461508199,2024,461508199,2,9,0,-1,19,3,5,-1,0,0,0,0,0,0,1,9,-1,6,2,21,5,1242,1,9,FORD FIESTA,4,E01016157,0,1
2024122400757,2024,122400757,2,9,0,18,19,6,2,0,0,8,1,0,1,0,1,1,6,6,2,75,10,1084,1,5,FORD FIESTA,10,E01011699,0,3
2024461402397,2024,461402397,1,9,0,-1,20,4,8,-1,0,0,0,0,0,0,1,9,-1,6,1,-1,-1,1242,1,15,FORD FIESTA,5,E01001571,0,2
2024421416960,2024,421416960,1,9,0,-1,19,5,1,-1,0,1,0,0,0,0,1,1,-1,9,1,46,8,1596,1,9,FORD FIESTA,-1,-1,0,-1
2024361507827,2024,361507827,3,9,0,-1,19,3,7,-1,0,0,0,0,0,0,2,1,-1,1,1,39,7,1499,2,11,FORD FIESTA,9,E01026509,0,1
2024221468698,2024,221468698,1,9,0,-1,19,6,2,-1,0,2,1,0,1,10,1,9,-1,9,1,85,11,1388,1,14,FORD FIESTA,5,E01028960,0,1
2024131461323,2024,131461323,1,9,0,-1,19,5,1,-1,0,0,0,0,0,0,1,1,-1,9,2,78,11,1388,1,13,FORD FIESTA,9,E01008275,0,5
2024101409728,2024,101409728,2,9,0,-1,5,3,7,-1,0,8,0,0,0,0,1,1,-1,9,2,61,9,999,1,1,FORD FIESTA,7,E01008473,0,1
2024421448488,2024,421448488,2,9,0,-1,19,7,3,-1,0,3,0,0,0,0,4,1,-1,9,2,50,8,1388,1,21,FORD FIESTA,-1,-1,0,-1
2024631471821,2024,631471821,1,9,0,-1,13,6,2,-1,0,0,0,0,0,0,4,1,-1,9,1,24,5,1399,2,15,FORD FIESTA,6,W01000519,0,2
2024111494659,2024,111494659,1,9,0,-1,13,3,7,-1,0,0,0,0,0,0,1,1,-1,6,1,17,4,1242,1,16,FORD FIESTA,6,E01035613,0,4
2024991450887,2024,991450887,1,9,0,-1,19,8,4,-1,0,0,5,0,7,4,1,1,-1,9,1,32,6,1560,2,16,FORD FIESTA,3,-1,0,2
2024430422935,2024,430422935,2,9,0,18,19,2,6,0,0,8,0,0,0,0,1,1,2,2,1,33,6,998,1,7,FORD FIESTA,10,E01016635,0,1
2024991478636,2024,991478636,1,9,0,-1,19,2,6,-1,0,2,0,0,0,0,1,1,-1,9,1,26,6,1596,1,7,FORD FIESTA,2,-1,0,1
2024461495628,2024,461495628,1,9,0,-1,19,7,3,-1,0,0,0,0,0,0,1,9,-1,6,2,-1,-1,998,1,5,FORD FIESTA,4,E01024364,0,1
2024111476110,2024,111476110,1,9,0,-1,19,3,7,-1,0,0,0,0,0,0,4,1,-1,6,2,51,8,1242,1,12,FORD FIESTA,4,E01012364,0,1
2024231449817,2024,231449817,2,9,0,-1,19,6,2,-1,0,8,0,0,0,0,2,1,-1,2,2,26,6,1560,2,15,FORD FIESTA,1,E01009605,0,1
2024631475626,2024,631475626,3,9,0,-1,19,6,1,-1,0,0,1,0,0,0,1,1,-1,9,1,18,4,1499,2,7,FORD FIESTA,10,W01000640,0,3
2024302401540,2024,302401540,1,9,0,1,1,2,6,0,0,0,0,0,0,0,2,1,6,6,3,-1,-1,1242,1,12,FORD FIESTA,5,E01019456,0,3
2024111523230,2024,111523230,1,9,0,-1,19,7,3,-1,0,0,0,0,0,0,1,1,-1,6,1,59,9,1560,2,11,FORD FIESTA,2,E01012357,0,1
2024010550809,2024,010550809,2,9,0,2,2,0,0,9,9,1,1,0,7,0,2,1,6,6,3,-1,-1,1596,1,12,FORD FIESTA,-1,-1,0,-1
2024131483193,2024,131483193,1,9,0,-1,2,0,0,-1,-1,0,0,0,0,0,2,1,-1,2,1,23,5,1560,2,14,FORD FIESTA,3,E01011325,0,4
2024161418219,2024,161418219,2,9,0,-1,8,7,1,-1,0,6,0,0,0,0,2,1,-1,2,1,21,5,1388,1,15,FORD FIESTA,6,E01033296,0,1
2024520402847,2024,520402847,1,9,0,9,9,2,8,0,0,8,0,0,0,0,3,1,6,6,2,84,11,998,1,10,FORD FIESTA,6,E01029218,0,4