collision_index,collision_year,collision_ref_no,vehicle_reference,vehicle_type,towing_and_articulation,vehicle_manoeuvre_historic,vehicle_manoeuvre,vehicle_direction_from,vehicle_direction_to,vehicle_location_restricted_lane_historic,vehicle_location_restricted_lane,junction_location,skidding_and_overturning,hit_object_in_carriageway,vehicle_leaving_carriageway,hit_object_off_carriageway,first_point_of_impact,vehicle_left_hand_drive,journey_purpose_of_driver_historic,journey_purpose_of_driver,sex_of_driver,age_of_driver,age_band_of_driver,engine_capacity_cc,propulsion_code,age_of_vehicle,generic_make_model,driver_imd_decile,lsoa_of_driver,escooter_flag,driver_distance_banding
2024131504027,2024,131504027,1,9,0,-1,5,7,3,-1,0,4,0,0,0,0,1,1,-1,9,2,34,6,1242,1,14,FORD FIESTA,2,E01011853,0,3
2024332400168,2024,332400168,1,9,0,-1,9,1,7,-1,0,5,0,0,0,0,1,1,-1,6,1,26,6,1242,1,11,FORD FIESTA,7,E01025938,0,1
2024052402603,2024,052402603,1,9,0,18,19,8,4,0,0,1,0,0,0,0,1,1,6,6,2,32,6,1242,1,14,FORD FIESTA,1,E01007138,0,1
2024131410350,2024,131410350,1,9,0,-1,-1,-1,-1,-1,-1,0,-1,-1,-1,-1,-1,1,-1,6,3,-1,-1,1242,1,15,FORD FIESTA,-1,-1,0,-1
202460Q173732,2024,60Q173732,1,9,0,11,11,7,3,0,0,0,0,0,2,7,4,1,6,6,1,17,4,1388,1,15,FORD FIESTA,-1,-1,0,-1
2024010527652,2024,010527652,1,9,0,9,9,1,8,0,0,1,0,0,1,0,1,1,6,6,2,76,11,1596,1,11,FORD FIESTA,9,E01023548,0,3
2024211509658,2024,211509658,3,9,0,-1,4,3,7,-1,0,0,1,4,0,0,2,1,-1,6,1,18,4,1242,1,16,FORD FIESTA,6,E01009446,0,2
2024461521338,2024,461521338,1,9,0,-1,9,3,2,-1,0,6,0,0,0,0,4,1,-1,2,2,18,4,998,1,11,FORD FIESTA,2,E01024741,0,1
2024440333398,2024,440333398,2,9,0,18,19,3,7,0,0,1,0,0,0,0,1,1,6,6,1,27,6,998,1,9,FORD FIESTA,10,E01022697,0,2
2024351477717,2024,351477717,2,9,0,-1,19,7,3,-1,0,1,0,0,0,0,1,1,-1,1,2,58,9,998,1,7,FORD FIESTA,5,E01018158,0,2
2024111483792,2024,111483792,1,9,0,-1,13,1,5,-1,0,0,0,0,0,0,1,1,-1,9,1,58,9,1560,2,14,FORD FIESTA,-1,-1,0,-1
2024010529021,2024,010529021,1,9,0,6,6,5,5,0,0,0,0,0,0,0,1,1,6,6,1,66,10,1388,1,17,FORD FIESTA,5,E01002948,0,1
2024122500064,2024,122500064,2,9,0,18,19,2,6,0,0,2,0,0,1,0,1,1,6,6,2,46,8,1596,1,10,FORD FIESTA,6,E01013449,0,1
2024631488791,2024,631488791,1,9,0,-1,19,7,3,-1,0,1,0,0,0,0,1,1,-1,9,1,17,4,1242,1,17,FORD FIESTA,6,W01000545,0,2
2024311420777,2024,311420777,1,9,0,-1,19,6,2,-1,0,1,0,0,0,0,1,9,-1,6,1,34,6,1242,1,10,FORD FIESTA,4,E01028260,0,1
2024010534622,2024,010534622,2,9,9,99,99,9,9,99,99,9,9,99,9,99,9,9,6,6,1,18,4,1388,1,15,FORD FIESTA,5,E01002677,0,1
2024041409668,2024,041409668,2,9,0,-1,19,3,7,-1,0,1,0,0,0,0,2,1,-1,9,2,39,7,998,1,10,FORD FIESTA,2,E01024904,0,1
2024201460321,2024,201460321,1,9,0,-1,11,2,6,-1,0,0,0,0,0,0,4,9,-1,9,1,24,5,1242,1,12,FORD FIESTA,2,E01010526,0,1
2024320709204,2024,320709204,1,9,0,-1,-1,8,4,0,0,0,0,0,0,0,0,1,6,6,2,52,8,1242,1,9,FORD FIESTA,4,E01026071,0,2
2024010545128,2024,010545128,1,9,0,99,99,9,9,99,99,9,9,99,9,99,9,9,6,6,2,49,8,998,1,10,FORD FIESTA,3,E01001637,0,2
2024052400643,2024,052400643,1,9,0,18,19,7,3,0,0,0,0,0,0,0,4,1,6,6,2,63,9,1242,1,9,FORD FIESTA,8,E01012550,0,2
2024320541886,2024,320541886,2,9,0,4,4,2,6,0,0,4,0,0,0,0,2,1,6,6,1,57,9,1242,1,17,FORD FIESTA,2,E01026166,0,3
2024010533237,2024,010533237,2,9,0,99,99,9,9,99,99,9,9,99,9,99,9,9,6,6,3,-1,-1,998,1,7,FORD FIESTA,6,E01002327,0,3
2024361511613,2024,361511613,1,9,-1,-1,-1,-1,-1,-1,-1,-1,-1,-1,-1,0,-1,9,-1,6,1,-1,-1,1242,1,19,FORD FIESTA,-1,-1,0,-1
2024302401162,2024,302401162,2,9,0,13,13,8,4,0,0,8,1,0,0,0,4,1,6,6,2,19,4,998,1,8,FORD FIESTA,10,E01013574,0,1
2024451498615,2024,451498615,2,9,0,-1,4,5,1,-1,0,0,0,0,0,0,3,9,-1,6,1,46,8,999,1,3,FORD FIESTA,-1,-1,0,-1
2024451412995,2024,451412995,1,9,0,-1,4,3,7,-1,0,0,0,0,0,0,3,1,-1,2,2,25,5,998,1,11,FORD FIESTA,5,E01030725,0,1
2024421493649,2024,421493649,1,9,0,-1,19,4,8,-1,0,2,0,0,0,0,1,1,-1,6,2,19,4,998,1,11,FORD FIESTA,10,E01021883,0,1
2024052400661,2024,052400661,1,9,0,9,9,7,5,0,0,8,0,0,0,0,1,1,6,6,1,21,5,1388,1,15,FORD FIESTA,1,E01006648,0,1
2024131445729,2024,131445729,1,9,0,-1,-1,-1,-1,-1,-1,-1,-1,-1,-1,-1,-1,1,-1,6,3,-1,-1,1388,1,16,FORD FIESTA,-1,-1,0,-1
2024471430197,2024,471430197,2,9,0,-1,19,6,2,-1,0,1,0,0,0,0,1,1,-1,2,1,32,6,1388,1,20,FORD FIESTA,8,E01031698,0,1
2024471401419,2024,471401419,1,9,0,-1,9,5,2,-1,0,8,0,0,0,0,4,1,-1,9,2,25,5,998,1,8,FORD FIESTA,8,E01021082,0,3
2024631441320,2024,631441320,1,9,0,-1,19,5,1,-1,0,0,0,0,0,0,1,1,-1,9,1,82,11,1242,1,16,FORD FIESTA,5,W01000537,0,1
2024631415914,2024,631415914,1,9,0,-1,9,8,6,-1,0,6,0,0,0,0,0,1,-1,9,1,26,6,1242,1,10,FORD FIESTA,9,W01002024,0,4
2024361403122,2024,361403122,1,9,0,-1,12,7,5,-1,0,3,0,0,0,0,3,1,-1,6,1,40,7,1242,1,12,FORD FIESTA,7,E01026545,0,1
2024231512231,2024,231512231,2,9,0,-1,19,2,6,-1,0,8,0,0,0,0,1,1,-1,9,1,32,6,1560,2,14,FORD FIESTA,7,E01029516,0,2
2024010517175,2024,010517175,1,9,0,99,99,9,9,99,99,9,9,99,9,99,2,9,6,6,2,25,5,998,1,8,FORD FIESTA,4,E01002594,0,1
2024421519565,2024,421519565,1,9,0,-1,19,5,8,-1,0,0,1,0,1,0,3,2,-1,1,1,46,8,1596,1,17,FORD FIESTA,5,E01021360,0,2
2024221495036,2024,221495036,3,9,0,-1,2,0,0,-1,0,0,0,0,0,0,1,1,-1,6,1,38,7,1242,1,17,FORD FIESTA,8,E01032197,0,1
2024552400222,2024,552400222,1,9,0,7,7,5,8,0,0,6,0,0,0,0,3,1,6,6,3,-1,-1,1242,1,14,FORD FIESTA,-1,-1,0,-1
2024440485042,2024,440485042,1,9,0,18,19,8,4,0,0,0,0,0,0,0,1,1,6,6,1,20,4,998,1,11,FORD FIESTA,5,E01035462,0,1
2024351414201,2024,351414201,1,9,0,-1,13,8,4,-1,0,1,5,0,1,9,1,1,-1,6,2,24,5,1242,1,14,FORD FIESTA,6,E01018110,0,3
2024010508116,2024,010508116,1,9,0,3,3,8,4,0,0,8,0,0,9,0,2,1,6,6,2,31,6,998,1,10,FORD FIESTA,2,E01000526,0,1
2024131441421,2024,131441421,1,9,0,-1,19,3,7,-1,0,0,1,7,0,0,1,1,-1,9,1,25,5,1388,1,13,FORD FIESTA,1,E01011471,0,1
2024451396567,2024,451396567,1,9,0,-1,19,3,7,-1,0,2,0,0,7,4,1,1,-1,9,1,17,4,998,1,6,FORD FIESTA,10,E01030499,0,1
2024451460160,2024,451460160,1,9,0,-1,19,5,1,-1,1,1,0,0,0,0,1,1,-1,9,1,20,4,1242,1,18,FORD FIESTA,5,E01031519,0,2
2024631479671,2024,631479671,1,9,0,-1,10,7,5,-1,0,1,0,0,0,0,1,1,-1,9,2,29,6,998,1,11,FORD FIESTA,7,W01000635,0,1
2024451435707,2024,451435707,2,9,0,-1,19,3,7,-1,0,1,0,0,0,0,4,1,-1,2,1,45,7,998,1,6,FORD FIESTA,8,E01030668,0,2
2024401433429,2024,401433429,2,9,0,-1,19,7,3,-1,0,0,0,0,2,0,1,1,-1,6,2,40,7,998,1,1,FORD FIESTA,10,E01018116,0,4
2024461395192,2024,461395192,1,9,0,-1,19,6,2,-1,0,0,0,4,0,0,1,1,-1,6,1,24,5,999,1,2,FORD FIESTA,8,E01000393,0,4
2024440431690,2024,440431690,2,9,0,4,4,4,8,0,0,1,0,0,0,0,1,1,6,6,1,17,4,1388,1,20,FORD FIESTA,3,E01023083,0,1
2024201535573,2024,201535573,2,9,0,-1,4,2,4,-1,0,2,0,0,0,0,1,1,-1,6,1,19,4,1242,1,15,FORD FIESTA,2,E01009953,0,1
2024010531510,2024,010531510,2,9,0,17,19,1,5,0,0,2,0,0,0,0,1,1,6,6,3,-1,-1,1242,1,16,FORD FIESTA,-1,-1,0,-1
2024131513613,2024,131513613,2,9,0,-1,19,1,5,-1,0,0,1,0,0,0,1,1,-1,6,-1,-1,-1,998,1,9,FORD FIESTA,-1,-1,0,-1
2024010520216,2024,010520216,2,9,0,99,99,9,9,99,99,9,9,99,9,99,1,9,6,6,3,-1,-1,1388,1,19,FORD FIESTA,5,E01003186,0,2
2024221402151,2024,221402151,1,9,0,-1,19,6,3,-1,0,0,5,0,0,0,3,9,-1,6,1,15,3,1399,2,20,FORD FIESTA,4,E01014003,0,1
2024451418449,2024,451418449,1,9,0,-1,19,1,5,-1,0,1,0,0,0,0,4,1,-1,9,2,35,6,999,8,1,FORD FIESTA,5,E01030980,0,2
2024010508427,2024,010508427,1,9,0,10,10,5,3,0,0,5,0,0,0,0,2,2,6,6,1,60,9,1388,1,15,FORD FIESTA,-1,-1,0,-1
2024010530950,2024,010530950,1,9,0,9,9,4,1,0,0,8,0,0,1,0,2,1,6,6,2,26,6,1596,1,11,FORD FIESTA,-1,-1,0,-1
2024991464259,2024,991464259,2,9,0,-1,19,7,3,-1,0,1,0,0,0,0,4,1,-1,6,2,87,11,998,1,9,FORD FIESTA,10,-1,0,1
2024041409083,2024,041409083,1,9,0,-1,19,8,3,-1,0,0,0,0,0,0,1,1,-1,9,1,19,4,1242,1,12,FORD FIESTA,6,E01025107,0,1
2024430033449,2024,430033449,1,9,0,5,5,7,3,0,0,4,-1,0,0,0,1,1,6,6,1,31,6,1242,1,8,FORD FIESTA,4,E01016829,0,1
2024141484431,2024,141484431,1,9,0,-1,15,6,2,-1,0,8,0,0,0,0,4,1,-1,9,1,21,5,1560,2,13,FORD FIESTA,4,E01007331,0,1
2024061393893,2024,061393893,1,9,0,-1,19,1,5,-1,0,0,1,0,2,7,1,1,-1,9,1,19,4,998,1,5,FORD FIESTA,8,E01006809,0,2
2024440511980,2024,440511980,1,9,0,9,9,1,7,0,0,3,0,0,0,0,4,1,6,6,3,-1,-1,998,1,9,FORD FIESTA,-1,-1,0,-1
2024131412996,2024,131412996,2,9,0,-1,5,2,1,-1,0,1,0,0,0,0,2,1,-1,9,2,39,7,998,1,5,FORD FIESTA,10,E01014992,0,5
2024231506330,2024,231506330,1,9,0,-1,7,8,2,-1,0,8,0,0,3,11,1,1,-1,6,1,26,6,999,1,1,FORD FIESTA,7,E01031319,0,1
2024552400075,2024,552400075,2,9,0,3,3,7,3,0,0,1,0,0,0,0,2,1,2,2,2,25,5,999,1,4,FORD FIESTA,8,E01015453,0,4
2024520401670,2024,520401670,1,9,0,3,3,7,5,0,0,1,0,0,0,0,2,1,6,6,2,70,10,1242,1,11,FORD FIESTA,5,E01029121,0,1
2024010541970,2024,010541970,3,9,0,2,2,0,0,0,0,0,0,0,0,0,4,1,6,6,3,-1,-1,998,1,9,FORD FIESTA,-1,-1,0,-1
2024010545957,2024,010545957,3,9,0,2,2,0,0,0,0,1,0,0,0,0,3,9,6,6,3,-1,-1,1242,1,9,FORD FIESTA,-1,-1,0,-1
2024201486188,2024,201486188,1,9,0,-1,4,5,6,-1,0,0,0,0,0,0,1,1,-1,1,1,43,7,1242,1,18,FORD FIESTA,1,E01009400,0,2
2024131413562,2024,131413562,2,9,0,-1,19,5,1,-1,0,1,0,0,0,0,1,1,-1,9,2,59,9,1242,1,17,FORD FIESTA,6,E01011053,0,1
2024061510136,2024,061510136,1,9,0,-1,-1,-1,-1,-1,-1,-1,-1,-1,-1,0,-1,1,-1,2,2,55,8,998,1,10,FORD FIESTA,6,E01005973,0,1
2024552401531,2024,552401531,1,9,0,18,19,4,8,0,0,0,0,0,0,0,3,1,6,6,1,28,6,1596,1,15,FORD FIESTA,7,E01020540,0,4
2024340WN1672,2024,340WN1672,1,9,0,-1,19,3,7,-1,0,0,5,0,1,0,1,1,-1,9,1,20,4,998,1,6,FORD FIESTA,8,E01027026,0,2
2024320104906,2024,320104906,2,9,0,-1,-1,1,5,0,0,8,0,0,0,0,4,1,6,6,1,55,8,1388,1,17,FORD FIESTA,4,E01026019,0,1
2024351567918,2024,351567918,1,9,0,-1,19,5,1,-1,0,0,0,0,0,0,1,1,-1,6,1,51,8,1399,2,19,FORD FIESTA,2,E01015654,0,4
2024991518321,2024,991518321,1,9,0,-1,9,8,5,-1,0,1,0,0,0,0,1,1,-1,6,1,60,9,1242,1,11,FORD FIESTA,-1,-1,0,-1
2024610045824,2024,610045824,1,9,0,18,19,1,5,0,0,1,0,0,0,0,3,1,6,6,1,18,4,1242,1,12,FORD FIESTA,2,E01014574,0,4
2024221439216,2024,221439216,2,9,0,-1,19,8,6,-1,0,0,1,4,8,0,1,1,-1,9,1,19,4,1242,1,17,FORD FIESTA,1,E01032204,0,1
2024991510846,2024,991510846,3,9,0,-1,19,4,8,-1,0,0,0,0,0,0,1,1,-1,6,2,42,7,1242,1,10,FORD FIESTA,2,-1,0,4
2024041513236,2024,041513236,1,9,0,-1,19,5,1,-1,0,0,0,0,4,0,1,1,-1,9,1,24,5,1242,1,12,FORD FIESTA,8,E01025365,0,2
2024461490677,2024,461490677,1,9,0,-1,9,6,3,-1,0,1,0,0,0,0,3,2,-1,6,2,73,10,1242,1,12,FORD FIESTA,2,E01024585,0,1
2024471450656,2024,471450656,1,9,0,-1,19,1,5,-1,0,0,0,0,8,7,1,1,-1,6,1,20,4,1242,1,17,FORD FIESTA,10,E01031681,0,1
2024622400676,2024,622400676,1,9,0,18,19,8,4,0,0,1,0,0,0,0,1,1,6,6,1,18,4,998,1,8,FORD FIESTA,4,W01001013,0,1
2024451498615,2024,451498615,1,9,0,-1,4,5,1,-1,0,0,0,0,0,0,2,9,-1,6,1,30,6,1560,2,10,FORD FIESTA,10,W01001134,0,5
2024351417229,2024,351417229,1,9,0,-1,10,7,5,-1,0,8,0,0,0,0,4,1,-1,6,1,25,5,1399,2,12,FORD FIESTA,10,E01022094,0,3
2024131439246,2024,131439246,1,9,0,-1,9,1,3,-1,0,8,0,0,0,0,4,1,-1,9,2,47,8,998,1,8,FORD FIESTA,8,E01032496,0,1
2024161417834,2024,161417834,1,9,0,-1,19,7,3,-1,0,1,0,0,0,0,1,1,-1,2,2,65,9,998,1,11,FORD FIESTA,1,E01012898,0,1
2024320638192,2024,320638192,2,9,0,-1,-1,6,8,0,0,3,0,0,0,0,3,1,-1,-1,2,19,4,1242,1,8,FORD FIESTA,6,E01026040,0,2
2024070442018,2024,070442018,1,9,0,4,4,5,1,0,0,4,0,0,0,0,3,1,6,6,1,66,10,1388,1,19,FORD FIESTA,7,E01018432,0,1
2024351486260,2024,351486260,1,9,0,-1,5,1,5,-1,0,2,0,0,0,0,3,1,-1,6,2,19,4,998,1,11,FORD FIESTA,3,E01018147,0,1
2024122400256,2024,122400256,1,9,0,4,4,3,7,0,0,0,1,0,4,6,1,1,2,2,1,31,6,1499,2,8,FORD FIESTA,9,E01013338,0,2
2024440542668,2024,440542668,2,9,0,18,19,8,4,0,0,8,0,0,0,0,1,1,6,6,1,42,7,1399,2,21,FORD FIESTA,10,E01023072,0,1
2024461454582,2024,461454582,1,9,0,-1,19,3,7,-1,0,0,0,0,2,10,1,1,-1,9,1,18,4,1399,2,13,FORD FIESTA,1,E01024240,0,3
2024201490570,2024,201490570,2,9,0,-1,2,0,0,-1,0,0,0,0,0,0,1,1,-1,6,-1,-1,-1,998,1,8,FORD FIESTA,-1,-1,0,-1
2024361505515,2024,361505515,1,9,0,-1,19,1,5,-1,0,0,0,0,0,0,1,1,-1,6,2,20,4,998,1,6,FORD FIESTA,6,E01026769,0,2
2024122401051,2024,122401051,2,9,0,18,19,7,3,0,0,6,1,0,0,0,1,1,6,6,1,42,7,998,1,8,FORD FIESTA,8,E01033184,0,4
2024451421215,2024,451421215,1,9,0,-1,13,1,5,-1,0,1,1,0,0,0,1,1,-1,6,3,50,8,1388,1,14,FORD FIESTA,-1,-1,0,-1
2024231439808,2024,231439808,1,9,0,-1,19,2,6,-1,0,0,0,0,7,4,1,1,-1,9,1,35,6,1388,1,16,FORD FIESTA,9,E01031329,0,1
2024041424744,2024,041424744,1,9,0,-1,9,5,3,-1,0,8,0,0,0,0,1,1,-1,9,2,17,4,998,1,10,FORD FIESTA,4,E01025543,0,2
2024201479765,2024,201479765,1,9,0,-1,19,8,4,-1,0,8,0,0,0,0,1,1,-1,6,1,25,5,1242,1,12,FORD FIESTA,4,E01009861,0,1
2024471505550,2024,471505550,2,9,0,-1,3,3,7,-1,99,0,9,0,0,0,3,1,-1,6,2,49,8,1399,2,12,FORD FIESTA,10,E01031691,0,1
2024141523071,2024,141523071,1,9,0,-1,19,1,5,-1,0,0,0,0,0,0,1,1,-1,2,2,30,6,998,1,8,FORD FIESTA,4,E01007489,0,3
2024122401127,2024,122401127,1,9,0,18,19,8,5,0,0,1,0,0,0,0,4,1,1,1,1,37,7,1388,1,20,FORD FIESTA,4,E01032980,0,5
2024101513765,2024,101513765,1,9,0,-1,5,1,7,-1,0,1,0,0,0,0,1,1,-1,2,1,22,5,1496,1,4,FORD FIESTA,4,E01008614,0,1
2024231414947,2024,231414947,5,9,0,-1,3,6,2,-1,0,0,0,0,0,0,2,9,-1,6,2,43,7,999,1,5,FORD FIESTA,8,E01035097,0,3
2024461439683,2024,461439683,1,9,0,-1,19,5,1,-1,0,0,0,11,7,3,1,1,-1,9,1,22,5,998,1,2,FORD FIESTA,-1,-1,0,-1
2024221492383,2024,221492383,1,9,0,-1,19,8,4,-1,0,0,0,0,1,4,1,1,-1,9,1,19,4,1399,2,15,FORD FIESTA,3,E01009857,0,1
2024461444237,2024,461444237,2,9,0,-1,19,4,1,-1,0,8,1,0,1,10,1,1,-1,9,1,24,5,1242,1,8,FORD FIESTA,6,E01016057,0,1
2024991530202,2024,991530202,1,9,0,-1,11,2,6,-1,0,0,0,0,0,0,4,1,-1,6,1,68,10,1084,1,5,FORD FIESTA,3,-1,0,4
2024501488614,2024,501488614,1,9,0,-1,19,1,5,-1,0,0,5,0,2,10,1,1,-1,9,1,18,4,1242,1,16,FORD FIESTA,3,E01018932,0,4
202460Q055629,2024,60Q055629,1,9,0,18,19,2,4,0,0,0,0,0,0,0,3,1,6,6,2,48,8,998,1,6,FORD FIESTA,-1,-1,0,-1
2024041450673,2024,041450673,2,9,0,-1,19,5,1,-1,0,0,0,0,1,2,2,1,-1,9,2,25,5,1242,1,15,FORD FIESTA,6,E01025107,0,4
2024131465483,2024,131465483,1,9,0,-1,19,7,3,-1,0,0,0,0,0,0,1,1,-1,9,2,77,11,1596,1,9,FORD FIESTA,3,E01011804,0,1
2024430181584,2024,430181584,1,9,0,18,19,2,6,0,0,4,0,0,7,0,1,1,6,6,2,39,7,998,1,8,FORD FIESTA,1,E01022319,0,4
2024451504146,2024,451504146,2,9,0,-1,19,3,7,-1,0,0,0,0,0,0,3,1,-1,9,2,57,9,998,1,4,FORD FIESTA,10,E01030375,0,1
2024131441548,2024,131441548,1,9,0,-1,5,3,7,-1,0,0,0,0,0,0,0,1,-1,9,2,69,10,1242,1,10,FORD FIESTA,9,E01011457,0,1
2024201450799,2024,201450799,1,9,0,-1,19,4,8,-1,0,0,0,0,0,0,1,1,-1,2,1,23,5,1596,1,16,FORD FIESTA,7,E01035082,0,4
2024041506806,2024,041506806,1,9,0,-1,19,3,7,-1,0,2,0,0,7,0,1,1,-1,6,1,46,8,1499,2,10,FORD FIESTA,1,E01025181,0,2
2024231510786,2024,231510786,1,9,0,-1,19,6,2,-1,0,1,0,0,0,0,1,9,-1,1,1,45,7,998,1,7,FORD FIESTA,10,E01031111,0,1
2024531405095,2024,531405095,1,9,0,-1,19,5,1,-1,0,1,0,0,1,4,4,1,-1,9,2,72,10,1388,1,14,FORD FIESTA,5,E01022148,0,1
2024421441368,2024,421441368,2,9,0,-1,19,6,2,-1,0,8,0,0,0,0,4,1,-1,2,1,18,4,1242,1,17,FORD FIESTA,6,E01021308,0,1
2024440145316,2024,440145316,2,9,0,2,2,0,0,0,0,0,0,0,1,0,1,1,6,6,3,-1,-1,1596,1,11,FORD FIESTA,-1,-1,0,-1
2024052400358,2024,052400358,2,9,0,18,19,3,7,0,0,8,0,0,1,11,3,1,2,2,2,20,4,998,1,1,FORD FIESTA,1,E01006738,0,1
2024010501938,2024,010501938,1,9,9,99,99,9,9,99,99,0,9,99,9,99,9,9,6,6,3,25,5,999,1,4,FORD FIESTA,3,E01000465,0,1
2024131438804,2024,131438804,4,9,0,-1,2,0,0,-1,0,2,0,0,0,0,3,1,-1,6,-1,-1,-1,1242,1,12,FORD FIESTA,-1,-1,0,-1
2024501456778,2024,501456778,3,9,0,-1,19,3,7,-1,0,1,0,4,0,0,1,1,-1,9,2,22,5,1242,1,10,FORD FIESTA,9,E01028747,0,5
2024041414031,2024,041414031,1,9,0,-1,19,3,7,-1,0,0,0,0,0,0,1,1,-1,6,2,21,5,1242,1,13,FORD FIESTA,8,E01025010,0,1
2024131506582,2024,131506582,1,9,0,-1,5,3,7,-1,0,6,0,0,0,0,1,1,-1,9,2,54,8,1242,1,8,FORD FIESTA,1,E01033021,0,1
2024471429384,2024,471429384,2,9,0,-1,4,2,6,-1,0,0,0,0,0,0,2,1,-1,9,2,64,9,1388,1,13,FORD FIESTA,5,E01031810,0,2
2024522403101,2024,522403101,2,9,0,18,19,7,3,0,0,0,0,0,0,0,1,1,6,6,1,36,7,1596,1,12,FORD FIESTA,5,E01014795,0,2
2024552400664,2024,552400664,2,9,0,4,4,2,6,0,0,0,0,0,0,0,2,1,6,6,1,28,6,1596,1,12,FORD FIESTA,5,E01015417,0,1
2024991422827,2024,991422827,1,9,0,-1,19,2,6,-1,0,0,0,0,0,0,1,1,-1,6,1,42,7,1499,2,11,FORD FIESTA,7,-1,0,5
2024451448955,2024,451448955,1,9,0,-1,9,5,1,-1,0,0,0,0,0,0,1,1,-1,9,2,63,9,1242,1,19,FORD FIESTA,5,E01030819,0,1
2024111563509,2024,111563509,1,9,0,-1,5,5,7,-1,0,1,0,0,0,0,1,1,-1,9,2,61,9,1242,1,13,FORD FIESTA,3,E01020699,0,2
2024991533419,2024,991533419,1,9,0,-1,19,1,6,-1,0,0,2,0,0,0,1,1,-1,2,1,25,5,1388,1,15,FORD FIESTA,1,-1,0,4
2024010535857,2024,010535857,1,9,0,1,1,3,7,0,0,0,0,0,0,0,2,2,6,6,1,70,10,1596,1,11,FORD FIESTA,8,E01002495,0,1
2024071030592,2024,071030592,3,9,0,-1,19,6,2,-1,0,0,0,11,0,0,1,1,-1,6,1,19,4,998,1,6,FORD FIESTA,9,E01029557,0,2
2024201517812,2024,201517812,2,9,0,-1,2,0,0,-1,0,0,0,0,0,0,4,1,-1,7,2,32,6,1242,1,20,FORD FIESTA,4,E01009620,0,1
2024531506007,2024,531506007,2,9,0,-1,9,1,6,-1,0,8,0,0,0,0,4,1,-1,2,1,22,5,998,1,6,FORD FIESTA,7,E01002334,0,5
2024201460291,2024,201460291,1,9,0,-1,9,6,6,-1,0,1,0,0,0,0,3,1,-1,9,1,65,9,998,1,1,FORD FIESTA,7,E01009726,0,2
2024501429511,2024,501429511,1,9,0,-1,9,8,6,-1,0,1,0,0,0,0,1,9,-1,6,2,73,10,998,1,8,FORD FIESTA,3,E01019975,0,1
2024010517837,2024,010517837,1,9,0,7,7,6,1,0,0,1,0,0,0,0,3,1,6,6,1,23,5,998,1,7,FORD FIESTA,5,E01029125,0,5
2024010547122,2024,010547122,1,9,0,18,19,1,5,9,9,0,0,0,1,11,1,1,6,6,2,76,11,998,1,6,FORD FIESTA,-1,-1,0,-1
2024221429933,2024,221429933,1,9,0,-1,19,2,6,-1,0,0,0,0,0,0,4,1,-1,6,2,18,4,1084,1,6,FORD FIESTA,9,E01028865,0,3
2024411452912,2024,411452912,1,9,0,-1,19,5,1,-1,0,0,0,0,0,0,1,1,-1,2,2,28,6,1242,1,14,FORD FIESTA,8,E01000256,0,4
2024991472843,2024,991472843,1,9,0,-1,19,8,4,-1,0,1,0,0,0,0,1,1,-1,9,2,38,7,1084,1,5,FORD FIESTA,1,-1,0,2
2024332400013,2024,332400013,3,9,0,-1,2,0,0,-1,0,0,0,0,0,0,3,1,-1,6,1,19,4,1399,2,13,FORD FIESTA,3,E01025997,0,1
2024041405019,2024,041405019,4,9,0,-1,4,5,1,-1,0,1,0,0,0,0,2,1,-1,7,2,30,6,1399,2,14,FORD FIESTA,1,E01012686,0,1
2024231404702,2024,231404702,1,9,0,-1,19,4,8,-1,0,0,2,10,1,11,4,9,-1,9,1,17,4,1242,1,17,FORD FIESTA,8,E01035015,0,1
2024201462621,2024,201462621,1,9,0,-1,3,8,4,-1,0,0,0,0,0,0,4,9,-1,6,1,25,5,1388,1,14,FORD FIESTA,-1,-1,0,-1
2024320755430,2024,320755430,1,9,0,-1,-1,1,5,0,0,0,0,0,0,0,1,1,6,6,2,38,7,1499,2,7,FORD FIESTA,9,E01034694,0,4
2024401526608,2024,401526608,2,9,-1,-1,-1,-1,-1,-1,-1,-1,-1,-1,-1,0,-1,9,-1,9,1,18,4,1242,1,10,FORD FIESTA,1,E01034942,0,5
2024061517509,2024,061517509,1,9,0,-1,9,6,4,-1,0,8,0,0,0,0,1,1,-1,9,2,38,7,1242,1,11,FORD FIESTA,6,E01005345,0,1
2024421428132,2024,421428132,1,9,0,-1,19,3,7,-1,0,0,0,0,0,0,1,9,-1,6,2,43,7,1242,1,17,FORD FIESTA,7,E01021902,0,1
2024401492540,2024,401492540,2,9,0,-1,19,3,7,-1,0,1,0,0,0,0,1,1,-1,9,2,64,9,1499,2,9,FORD FIESTA,9,E01017421,0,1
2024501461223,2024,501461223,1,9,0,-1,19,5,1,-1,0,2,0,0,0,0,4,9,-1,6,1,55,8,998,1,8,FORD FIESTA,4,E01018778,0,1