collision_index,collision_year,collision_ref_no,vehicle_reference,vehicle_type,towing_and_articulation,vehicle_manoeuvre_historic,vehicle_manoeuvre,vehicle_direction_from,vehicle_direction_to,vehicle_location_restricted_lane_historic,vehicle_location_restricted_lane,junction_location,skidding_and_overturning,hit_object_in_carriageway,vehicle_leaving_carriageway,hit_object_off_carriageway,first_point_of_impact,vehicle_left_hand_drive,journey_purpose_of_driver_historic,journey_purpose_of_driver,sex_of_driver,age_of_driver,age_band_of_driver,engine_capacity_cc,propulsion_code,age_of_vehicle,generic_make_model,driver_imd_decile,lsoa_of_driver,escooter_flag,driver_distance_banding
2024332401158,2024,332401158,1,9,0,-1,9,1,7,-1,0,5,0,0,0,0,1,1,-1,2,1,57,9,-1,-1,-1,FORD FIESTA,6,E01013680,0,1
2024421484769,2024,421484769,3,9,0,-1,19,1,5,-1,0,1,0,0,0,0,1,1,-1,9,1,18,4,1242,1,14,FORD FIESTA,-1,-1,0,-1
2024302400652,2024,302400652,1,9,0,18,19,2,6,0,0,2,0,0,0,0,1,1,6,6,1,46,8,1399,2,14,FORD FIESTA,5,E01013587,0,1
202454A749024,2024,54A749024,1,9,0,18,19,1,5,0,0,0,0,0,1,0,1,1,6,6,2,19,4,-1,-1,-1,FORD FIESTA,-1,-1,0,-1
2024041444941,2024,041444941,1,9,0,-1,19,7,3,-1,0,0,0,4,0,0,1,1,-1,9,1,72,10,1242,1,18,FORD FIESTA,7,E01024999,0,1
2024361414043,2024,361414043,1,9,0,-1,5,3,1,-1,0,8,0,0,1,11,3,1,-1,6,1,18,4,1388,1,21,FORD FIESTA,9,E01030196,0,4
2024421531726,2024,421531726,1,9,-1,-1,19,-1,-1,-1,-1,0,-1,-1,-1,0,-1,9,-1,6,1,60,9,1084,1,5,FORD FIESTA,8,E01021463,0,1
2024401541167,2024,401541167,1,9,0,-1,5,5,1,-1,0,1,0,0,0,0,1,1,-1,6,2,68,10,998,1,8,FORD FIESTA,5,E01023792,0,3
2024010524759,2024,010524759,3,9,0,18,19,7,3,0,0,0,0,0,0,0,2,1,1,1,1,39,7,-1,-1,-1,FORD FIESTA,7,E01021330,0,4
2024010520158,2024,010520158,2,9,0,99,99,9,9,99,99,0,9,99,9,99,1,9,6,6,3,-1,-1,1596,1,22,FORD FIESTA,-1,-1,0,-1
2024131450437,2024,131450437,1,9,0,-1,19,3,7,-1,0,8,0,0,0,0,1,1,-1,6,1,17,4,998,1,1,FORD FIESTA,1,E01011348,0,1
2024991527195,2024,991527195,1,9,0,-1,1,3,6,-1,0,0,0,0,0,0,2,1,-1,1,1,61,9,1242,1,18,FORD FIESTA,4,-1,0,1
2024010539478,2024,010539478,2,9,9,99,99,9,9,99,99,9,9,99,9,99,9,9,6,6,1,28,6,1388,1,15,FORD FIESTA,1,E01030247,0,5
2024461530572,2024,461530572,2,9,0,-1,19,2,6,-1,0,0,0,0,0,0,2,9,-1,2,2,53,8,1560,2,9,FORD FIESTA,10,E01024056,0,4
2024201439752,2024,201439752,1,9,0,-1,19,6,2,-1,0,8,0,0,0,0,1,1,-1,9,1,34,6,1242,1,12,FORD FIESTA,2,E01009006,0,2
2024201450000,2024,201450000,1,9,0,-1,12,8,4,-1,0,0,0,0,0,0,4,1,-1,1,2,61,9,1084,1,5,FORD FIESTA,10,E01010229,0,1
2024471403126,2024,471403126,1,9,0,-1,7,1,3,-1,0,5,5,0,7,0,1,1,-1,6,1,21,5,1242,1,15,FORD FIESTA,3,E01004012,0,4
2024461414940,2024,461414940,2,9,0,-1,19,4,8,-1,0,8,0,0,0,0,1,1,-1,9,2,19,4,1388,1,15,FORD FIESTA,7,E01024675,0,2
2024131453257,2024,131453257,1,9,0,-1,19,7,3,-1,0,0,1,0,5,0,3,1,-1,6,1,24,5,1399,2,14,FORD FIESTA,-1,-1,0,-1
2024101525620,2024,101525620,1,9,0,-1,19,5,1,-1,0,0,0,0,0,0,1,1,-1,9,1,20,4,1596,1,7,FORD FIESTA,-1,-1,0,-1
2024010505413,2024,010505413,2,9,0,99,99,9,9,99,99,9,9,99,9,99,1,9,6,6,3,-1,-1,1596,1,11,FORD FIESTA,8,E01004119,0,1
2024101397878,2024,101397878,1,9,0,-1,19,1,5,-1,0,0,5,4,0,0,1,1,-1,6,1,57,9,999,1,4,FORD FIESTA,9,E01008493,0,2
2024010524231,2024,010524231,1,9,0,99,99,9,9,99,99,9,9,99,9,99,9,9,6,6,1,26,6,1242,1,15,FORD FIESTA,5,E01003645,0,2
2024302400075,2024,302400075,2,9,0,3,3,2,6,0,0,1,0,0,0,0,2,1,6,6,2,30,6,1242,1,8,FORD FIESTA,3,E01019420,0,2
2024440078295,2024,440078295,1,9,0,18,19,4,8,0,0,0,0,0,0,0,4,1,2,2,2,25,5,1388,1,14,FORD FIESTA,4,E01017312,0,1
2024421418272,2024,421418272,2,9,0,-1,5,7,8,-1,0,1,0,0,0,0,1,1,-1,6,1,39,7,1596,1,19,FORD FIESTA,2,E01015828,0,1
2024201517355,2024,201517355,1,9,0,-1,19,3,7,-1,0,0,0,0,0,0,1,1,-1,6,1,22,5,1596,1,17,FORD FIESTA,3,E01009928,0,2
2024320246072,2024,320246072,1,9,0,-1,-1,4,8,0,0,1,0,0,0,0,1,2,-1,-1,2,31,6,1596,1,14,FORD FIESTA,3,E01026041,0,1
2024201469231,2024,201469231,2,9,0,-1,19,2,6,-1,0,0,0,0,0,0,4,1,-1,2,2,45,7,1242,1,20,FORD FIESTA,-1,-1,0,-1
2024991525510,2024,991525510,1,9,0,-1,19,7,3,-1,0,0,0,0,0,0,3,1,-1,2,2,18,4,998,1,5,FORD FIESTA,6,-1,0,1
2024631413175,2024,631413175,1,9,0,-1,19,5,1,-1,0,0,5,0,1,10,4,1,-1,1,2,21,5,1242,1,19,FORD FIESTA,7,W01000561,0,4
2024041440950,2024,041440950,2,9,0,-1,19,3,7,-1,0,1,0,0,0,0,1,1,-1,1,1,37,7,1242,1,16,FORD FIESTA,4,E01012700,0,1
2024122400826,2024,122400826,1,9,0,17,19,5,3,0,0,0,2,0,1,10,4,1,2,2,1,18,4,998,1,9,FORD FIESTA,10,E01013381,0,3
2024340WN2042,2024,340WN2042,1,9,0,-1,9,6,3,-1,0,6,5,0,4,0,1,1,-1,6,2,34,6,1388,1,16,FORD FIESTA,1,E01027168,0,3
2024231424529,2024,231424529,1,9,0,-1,19,2,7,-1,0,0,5,0,7,11,1,2,-1,9,1,30,6,1399,2,19,FORD FIESTA,4,E01034741,0,2
2024461451338,2024,461451338,1,9,0,-1,10,2,6,-1,0,8,0,0,0,0,0,1,-1,9,2,23,5,998,1,8,FORD FIESTA,-1,-1,0,-1
202460Q052657,2024,60Q052657,1,9,0,18,19,1,5,0,0,0,0,0,0,0,1,1,6,6,1,18,4,1560,2,13,FORD FIESTA,-1,-1,0,-1
2024461444269,2024,461444269,2,9,0,-1,19,5,6,-1,0,0,0,0,0,0,1,9,-1,9,2,30,6,1399,2,13,FORD FIESTA,1,E01016153,0,1
2024430003793,2024,430003793,3,9,0,3,3,2,6,0,0,0,0,0,0,0,2,1,6,6,1,36,7,998,1,8,FORD FIESTA,10,E01028561,0,1
2024461401096,2024,461401096,1,9,0,-1,19,5,1,-1,0,0,1,0,0,0,1,9,-1,9,1,63,9,1388,1,18,FORD FIESTA,4,E01003074,0,4
2024231409845,2024,231409845,2,9,0,-1,19,8,4,-1,0,8,0,0,0,0,1,1,-1,6,2,37,7,999,1,3,FORD FIESTA,6,E01031062,0,4
2024461482629,2024,461482629,2,9,0,-1,1,3,7,-1,0,0,0,0,0,0,1,1,-1,9,1,83,11,999,1,4,FORD FIESTA,5,E01024594,0,4
2024421499472,2024,421499472,1,9,0,-1,3,3,7,-1,0,8,0,0,0,0,1,1,-1,6,2,55,8,1242,1,10,FORD FIESTA,5,E01021536,0,1
2024522402689,2024,522402689,2,9,0,2,2,0,0,0,0,0,0,0,0,0,3,1,6,6,3,-1,-1,998,1,11,FORD FIESTA,-1,-1,0,-1
2024351463508,2024,351463508,2,9,0,-1,19,2,5,-1,0,0,0,0,0,0,3,1,-1,6,2,-1,-1,1388,1,15,FORD FIESTA,2,E01015677,0,1
2024471448394,2024,471448394,2,9,0,-1,2,2,6,-1,0,0,0,0,0,0,2,1,-1,6,-1,-1,-1,1242,1,16,FORD FIESTA,-1,-1,0,-1
2024471527284,2024,471527284,1,9,0,-1,9,3,1,-1,0,1,0,7,0,0,1,1,-1,6,1,25,5,998,1,10,FORD FIESTA,2,E01016945,0,2
2024320143476,2024,320143476,1,9,0,-1,-1,4,8,0,0,1,5,0,1,10,1,1,-1,-1,1,17,4,1560,2,12,FORD FIESTA,-1,-1,0,-1
2024440274705,2024,440274705,2,9,0,18,19,8,4,0,0,1,0,0,0,0,4,1,6,6,2,66,10,998,1,8,FORD FIESTA,10,E01028790,0,4
2024041454549,2024,041454549,1,9,0,-1,19,7,3,-1,0,0,0,0,6,2,1,1,-1,9,2,70,10,1388,1,13,FORD FIESTA,10,E01024968,0,1
2024552401323,2024,552401323,1,9,0,18,19,6,2,0,0,0,0,0,0,0,1,1,6,6,1,42,7,1388,1,13,FORD FIESTA,7,E01026881,0,5
2024161431670,2024,161431670,2,9,0,-1,19,6,2,-1,0,8,0,0,0,0,1,9,-1,6,2,32,6,1242,1,10,FORD FIESTA,-1,-1,0,-1
2024471464617,2024,471464617,1,9,0,-1,4,2,6,-1,0,2,0,0,0,0,1,1,-1,6,2,52,8,1084,1,7,FORD FIESTA,8,E01024730,0,3
2024501420840,2024,501420840,1,9,0,-1,19,1,5,-1,0,0,5,0,0,0,4,1,-1,2,2,26,6,1242,1,15,FORD FIESTA,8,E01018805,0,3
2024440320358,2024,440320358,1,9,0,18,19,3,7,0,0,1,1,10,1,11,4,1,6,6,1,18,4,998,1,7,FORD FIESTA,2,E01009100,0,5
2024501489527,2024,501489527,1,9,0,-1,19,8,4,-1,0,0,0,0,0,0,4,1,-1,2,1,23,5,998,1,5,FORD FIESTA,7,E01019068,0,4
2024010514443,2024,010514443,2,9,0,99,99,9,9,99,99,9,9,99,9,99,9,9,6,6,2,51,8,1242,1,15,FORD FIESTA,4,E01000473,0,1
2024421424892,2024,421424892,1,9,0,-1,19,5,1,-1,0,0,0,0,0,0,1,1,-1,6,1,33,6,1388,1,16,FORD FIESTA,5,E01021796,0,1
2024501407803,2024,501407803,2,9,0,-1,4,5,1,-1,0,8,1,0,0,0,4,1,-1,6,2,27,6,1399,2,13,FORD FIESTA,3,E01020067,0,1
2024302401706,2024,302401706,5,9,0,-1,19,4,8,-1,0,1,0,0,0,0,0,1,-1,6,2,49,8,1242,1,10,FORD FIESTA,2,E01019487,0,2
2024461534229,2024,461534229,4,9,0,-1,2,0,0,-1,-1,2,0,0,0,0,3,1,-1,6,-1,-1,-1,1242,1,7,FORD FIESTA,-1,-1,0,-1
2024211458868,2024,211458868,1,9,0,-1,5,5,8,-1,0,6,0,0,0,0,3,1,-1,6,1,21,5,1242,1,11,FORD FIESTA,10,E01029483,0,1
2024320696024,2024,320696024,1,9,0,1,1,5,1,0,0,0,0,4,0,0,2,1,6,6,3,-1,-1,998,1,11,FORD FIESTA,-1,-1,0,-1
2024421467743,2024,421467743,2,9,0,-1,4,1,5,-1,0,1,0,0,0,0,2,9,-1,6,2,50,8,998,1,8,FORD FIESTA,6,E01021983,0,3
2024010505500,2024,010505500,1,9,0,18,19,5,1,0,0,0,0,4,7,0,1,1,6,6,1,19,4,998,1,5,FORD FIESTA,7,E01002343,0,1
2024531422528,2024,531422528,1,9,0,-1,19,3,7,-1,0,0,0,0,1,0,1,1,-1,9,2,31,6,998,1,9,FORD FIESTA,10,E01022220,0,4
2024440109881,2024,440109881,1,9,0,18,19,7,3,0,0,0,0,0,0,0,1,1,2,2,2,29,6,1242,1,14,FORD FIESTA,6,E01035455,0,2
2024311519627,2024,311519627,3,9,0,-1,19,5,8,-1,0,0,0,0,0,0,1,1,-1,6,1,24,5,998,1,6,FORD FIESTA,-1,-1,0,-1
2024201531719,2024,201531719,2,9,0,-1,19,3,7,-1,0,8,0,0,0,0,3,1,-1,6,2,22,5,998,1,11,FORD FIESTA,1,E01009007,0,1
2024622400214,2024,622400214,2,9,0,3,3,5,1,0,0,4,0,0,0,0,2,1,6,6,1,51,8,1499,2,7,FORD FIESTA,2,W01000960,0,3
2024401510891,2024,401510891,1,9,0,-1,5,7,3,-1,0,0,0,0,0,0,1,9,-1,6,2,61,9,998,1,2,FORD FIESTA,6,E01017479,0,1
2024501501512,2024,501501512,1,9,0,-1,19,3,7,-1,0,0,0,0,1,11,1,1,-1,6,2,58,9,998,1,11,FORD FIESTA,9,E01015110,0,1
2024010510360,2024,010510360,1,9,0,99,99,9,9,99,99,9,9,99,9,99,9,9,2,2,2,34,6,1388,1,15,FORD FIESTA,7,E01016087,0,4
2024131491493,2024,131491493,1,9,0,-1,9,1,3,-1,0,1,5,0,0,0,4,1,-1,9,2,19,4,1388,1,13,FORD FIESTA,1,E01011901,0,1
2024461460382,2024,461460382,3,9,0,-1,19,1,5,-1,0,0,0,0,0,0,1,1,-1,6,1,22,5,998,1,8,FORD FIESTA,10,E01024337,0,3
2024421402786,2024,421402786,1,9,0,-1,19,1,1,-1,0,0,0,0,0,0,1,1,-1,1,1,30,6,1399,2,22,FORD FIESTA,8,E01015960,0,3
2024471515846,2024,471515846,3,9,0,-1,4,7,3,-1,0,0,0,0,0,0,2,1,-1,6,1,55,8,1560,2,12,FORD FIESTA,5,E01016857,0,3
2024052401571,2024,052401571,1,9,0,18,19,2,6,0,0,0,0,0,0,0,1,1,6,6,1,27,6,1496,1,5,FORD FIESTA,7,E01006666,0,1
2024131527479,2024,131527479,1,9,0,-1,9,5,3,-1,0,0,0,0,0,0,3,1,-1,9,1,26,6,1242,1,16,FORD FIESTA,8,E01011930,0,1
2024440404559,2024,440404559,2,9,0,18,19,5,1,0,0,7,0,0,0,0,1,1,6,6,1,74,10,1499,2,6,FORD FIESTA,10,E01023248,0,1
2024545501724,2024,545501724,1,9,0,9,9,5,1,0,0,4,0,0,0,0,3,1,6,6,2,23,5,1399,2,13,FORD FIESTA,2,E01032093,0,1
2024332400258,2024,332400258,1,9,0,-1,3,5,1,-1,0,1,0,0,0,0,2,1,-1,9,2,31,6,999,1,4,FORD FIESTA,7,E01025985,0,1
2024421454159,2024,421454159,1,9,0,-1,9,5,7,-1,0,8,0,0,0,0,1,1,-1,9,1,86,11,1388,1,14,FORD FIESTA,8,E01021482,0,1
2024440040981,2024,440040981,2,9,0,4,4,2,6,0,0,0,0,0,0,0,2,1,6,6,1,60,9,1560,2,17,FORD FIESTA,5,E01034817,0,4
2024010520754,2024,010520754,1,9,9,99,99,9,9,99,99,0,9,99,9,99,9,9,6,6,2,19,4,998,1,8,FORD FIESTA,9,E01002333,0,3
2024451469518,2024,451469518,3,9,0,-1,19,7,3,-1,0,0,0,0,0,0,2,1,-1,9,2,52,8,999,1,1,FORD FIESTA,9,E01030716,0,1
2024221399864,2024,221399864,2,9,0,-1,3,2,6,-1,0,1,0,0,0,0,2,9,-1,6,2,39,7,1399,2,14,FORD FIESTA,8,E01014179,0,1
2024041397380,2024,041397380,1,9,0,-1,1,7,3,-1,0,0,0,4,0,0,2,1,-1,9,1,80,11,1388,1,20,FORD FIESTA,7,E01025487,0,1
2024451413613,2024,451413613,2,9,0,-1,19,1,5,-1,0,1,0,0,0,0,3,1,-1,2,1,25,5,-1,-1,-1,FORD FIESTA,3,W01001885,0,5
2024451417491,2024,451417491,1,9,0,-1,19,8,4,-1,0,1,0,4,0,0,3,1,-1,2,2,63,9,1242,1,10,FORD FIESTA,5,E01030843,0,1
2024052402256,2024,052402256,1,9,0,9,9,7,5,0,0,8,0,0,0,0,4,1,6,6,1,21,5,1242,1,13,FORD FIESTA,8,E01007170,0,1
2024552400321,2024,552400321,1,9,0,18,19,5,1,0,0,1,0,0,0,0,1,1,6,6,2,60,9,998,1,8,FORD FIESTA,8,E01020421,0,1
2024161531332,2024,161531332,2,9,0,-1,19,5,1,-1,0,1,0,0,0,0,1,1,-1,1,1,42,7,-1,-1,-1,FORD FIESTA,9,E01013123,0,1
2024311430150,2024,311430150,1,9,0,-1,19,4,8,-1,0,8,0,0,0,0,1,1,-1,9,2,29,6,1242,1,13,FORD FIESTA,-1,-1,0,-1
2024010510194,2024,010510194,2,9,0,99,99,9,9,99,99,9,9,99,9,99,9,9,6,6,3,-1,-1,1242,1,18,FORD FIESTA,-1,-1,0,-1
2024071011370,2024,071011370,1,9,0,-1,4,2,6,-1,0,0,1,0,0,0,1,1,-1,9,2,21,5,1242,1,10,FORD FIESTA,10,E01005924,0,3
2024320503837,2024,320503837,1,9,0,-1,-1,6,2,0,0,6,0,0,3,1,3,1,-1,-1,2,71,10,1596,1,9,FORD FIESTA,5,E01026201,0,1
2024471525574,2024,471525574,1,9,0,-1,19,8,4,-1,0,2,0,0,0,0,3,1,-1,6,2,53,8,1242,1,9,FORD FIESTA,8,E01016901,0,1
2024421491604,2024,421491604,1,9,0,-1,19,5,1,-1,0,8,0,0,7,0,1,1,-1,9,2,29,6,1560,2,13,FORD FIESTA,6,E01021659,0,1
2024302401618,2024,302401618,1,9,0,18,19,7,3,0,0,1,0,0,0,0,4,1,2,2,1,38,7,998,1,9,FORD FIESTA,9,E01019590,0,2
2024520403024,2024,520403024,2,9,0,5,5,3,1,0,0,8,0,0,0,0,3,1,6,6,1,57,9,998,1,8,FORD FIESTA,5,E01029108,0,2
2024141419159,2024,141419159,1,9,0,-1,19,8,4,-1,0,0,1,0,1,0,1,1,-1,1,1,56,9,1242,1,13,FORD FIESTA,1,E01034232,0,4
2024461416194,2024,461416194,1,9,0,-1,19,8,4,-1,0,1,0,0,0,0,1,1,-1,9,1,32,6,-1,-1,-1,FORD FIESTA,10,E01024471,0,4
2024440043849,2024,440043849,4,9,0,18,19,4,8,0,0,0,0,0,0,0,1,1,6,6,1,40,7,998,1,1,FORD FIESTA,2,E01000526,0,4
2024471410027,2024,471410027,1,9,0,-1,19,2,7,-1,0,0,0,0,0,0,1,1,-1,2,1,17,4,1242,1,14,FORD FIESTA,2,E01020930,0,1
2024430460550,2024,430460550,1,9,0,18,19,6,2,0,0,4,0,0,0,0,1,1,6,6,1,23,5,1242,1,13,FORD FIESTA,10,E01016792,0,2
2024361437098,2024,361437098,1,9,0,-1,5,3,1,-1,0,0,0,0,0,0,1,1,-1,6,2,45,7,1399,2,14,FORD FIESTA,6,E01026863,0,1
2024440548655,2024,440548655,2,9,0,5,5,4,2,0,0,4,0,0,0,0,1,1,6,6,2,38,7,1388,1,16,FORD FIESTA,4,E01023204,0,1
2024061441861,2024,061441861,1,9,0,-1,19,3,7,-1,0,8,0,0,0,0,4,1,-1,9,1,19,4,998,1,8,FORD FIESTA,10,E01004808,0,1
2024010529484,2024,010529484,1,9,0,4,4,1,5,0,0,2,0,0,0,0,4,1,6,6,1,77,11,1388,1,22,FORD FIESTA,9,E01000895,0,1
2024471443801,2024,471443801,1,9,0,-1,9,3,1,-1,0,1,0,0,0,0,4,1,-1,1,2,30,6,1388,1,20,FORD FIESTA,9,E01020944,0,1
2024340NN0332,2024,340NN0332,4,9,0,-1,4,5,1,-1,0,0,0,0,0,0,2,1,-1,6,1,27,6,1596,1,9,FORD FIESTA,9,E01027080,0,3
2024302400876,2024,302400876,1,9,0,16,19,2,6,0,0,0,0,0,7,2,1,1,6,6,2,24,5,1596,1,13,FORD FIESTA,1,E01034257,0,1
2024061486618,2024,061486618,2,9,0,-1,9,7,5,-1,0,5,0,0,0,0,2,1,-1,2,2,27,6,998,1,8,FORD FIESTA,1,E01005703,0,1
2024131426300,2024,131426300,1,9,0,-1,19,8,4,-1,0,0,5,0,0,0,4,1,-1,6,2,17,4,998,1,9,FORD FIESTA,1,E01025381,0,1
2024031506177,2024,031506177,1,9,0,-1,19,2,6,-1,0,0,0,0,0,0,1,1,-1,9,2,17,4,1388,1,13,FORD FIESTA,5,E01019338,0,3
2024131459171,2024,131459171,2,9,0,-1,4,7,3,-1,0,0,0,0,0,0,0,1,-1,6,1,72,10,1242,1,7,FORD FIESTA,3,E01010825,0,1
2024052400266,2024,052400266,1,9,0,18,19,1,5,0,0,8,0,0,0,0,1,1,6,6,1,93,11,1242,1,7,FORD FIESTA,7,E01006579,0,2
2024161458605,2024,161458605,2,9,0,-1,2,0,0,-1,0,0,0,0,0,0,4,1,-1,6,-1,-1,-1,1596,1,8,FORD FIESTA,-1,-1,0,-1
202460Q131972,2024,60Q131972,1,9,0,13,13,5,1,0,0,1,0,0,7,11,4,1,6,6,1,18,4,1499,2,8,FORD FIESTA,-1,-1,0,-1
2024231418123,2024,231418123,1,9,0,-1,19,7,4,-1,0,0,1,10,7,11,1,1,-1,9,2,28,6,1388,1,14,FORD FIESTA,6,E01009290,0,3
2024471468035,2024,471468035,1,9,0,-1,19,3,7,-1,0,2,0,0,0,0,1,1,-1,6,1,33,6,1388,1,16,FORD FIESTA,9,E01031670,0,1
2024131519655,2024,131519655,1,9,0,-1,19,1,5,-1,0,8,1,11,1,11,1,1,-1,2,1,24,5,998,1,9,FORD FIESTA,2,E01011018,0,1
2024411519740,2024,411519740,1,9,0,-1,4,5,1,-1,0,2,0,0,0,0,2,1,-1,6,1,33,6,1242,1,12,FORD FIESTA,5,E01035577,0,1
2024552400190,2024,552400190,1,9,0,18,19,1,5,0,0,6,0,0,0,0,1,1,6,6,1,54,8,1388,1,18,FORD FIESTA,1,E01015307,0,1
2024031521756,2024,031521756,1,9,0,-1,19,8,4,-1,0,0,0,11,0,0,1,1,-1,6,1,34,6,1560,2,16,FORD FIESTA,-1,-1,0,-1
2024111502095,2024,111502095,1,9,0,-1,19,4,8,-1,0,1,0,0,0,0,1,1,-1,9,2,40,7,1388,1,18,FORD FIESTA,5,E01034508,0,2
2024610028024,2024,610028024,3,9,0,18,19,2,6,0,0,0,0,0,0,0,1,1,6,6,2,44,7,998,1,4,FORD FIESTA,10,W01001776,0,3
2024440468906,2024,440468906,2,9,0,18,19,5,1,0,0,8,0,0,0,0,1,1,6,6,2,28,6,1596,1,17,FORD FIESTA,7,E01022620,0,3
2024231458367,2024,231458367,2,9,0,-1,4,6,2,-1,0,1,0,0,0,0,1,9,-1,6,1,26,6,-1,-1,-1,FORD FIESTA,5,E01009654,0,2
2024161398495,2024,161398495,2,9,0,-1,5,5,1,-1,0,0,0,0,0,0,2,1,-1,1,1,52,8,-1,-1,-1,FORD FIESTA,3,E01012817,0,3
2024991476685,2024,991476685,1,9,0,-1,19,7,3,-1,0,1,0,0,0,0,3,1,-1,6,1,17,4,998,1,11,FORD FIESTA,8,-1,0,1
2024501494373,2024,501494373,1,9,0,-1,9,5,1,-1,0,1,0,0,0,0,1,1,-1,9,1,19,4,1242,1,12,FORD FIESTA,4,E01020012,0,3
2024361503557,2024,361503557,1,9,0,-1,3,3,7,-1,0,2,0,0,0,0,3,1,-1,6,2,26,6,1242,1,9,FORD FIESTA,2,E01035134,0,1
2024201437870,2024,201437870,1,9,0,-1,19,7,3,-1,0,2,0,0,0,0,1,9,-1,6,1,39,7,1399,2,12,FORD FIESTA,3,E01009970,0,1
2024302401145,2024,302401145,3,9,0,3,3,5,1,0,0,1,0,0,0,0,3,1,2,2,1,34,6,1596,1,9,FORD FIESTA,2,E01013571,0,1
2024221494725,2024,221494725,2,9,0,-1,10,7,5,-1,0,8,0,0,0,0,2,9,-1,6,2,25,5,1242,1,18,FORD FIESTA,5,E01032306,0,1
2024141403559,2024,141403559,1,9,0,-1,11,4,6,-1,0,0,0,0,0,0,4,1,-1,9,2,32,6,1242,1,11,FORD FIESTA,2,E01027955,0,4
2024471418776,2024,471418776,3,9,0,-1,3,6,2,-1,0,0,0,0,0,0,2,1,-1,9,2,59,9,998,1,5,FORD FIESTA,3,E01016555,0,4
2024141510143,2024,141510143,2,9,0,-1,19,4,8,-1,0,2,5,0,0,0,4,1,-1,6,2,73,10,998,1,8,FORD FIESTA,1,E01008057,0,1
2024351415438,2024,351415438,1,9,0,-1,4,4,8,-1,0,0,0,0,3,0,1,1,-1,6,2,67,10,1242,1,8,FORD FIESTA,7,E01018192,0,3
2024471513510,2024,471513510,2,9,0,-1,4,7,2,-1,0,8,0,0,0,0,2,1,-1,6,1,75,10,1242,1,19,FORD FIESTA,4,E01031833,0,1
2024070446837,2024,070446837,1,9,0,18,19,3,3,0,0,0,0,0,7,11,1,1,6,6,2,49,8,1242,1,21,FORD FIESTA,7,E01029768,0,1
2024411524176,2024,411524176,2,9,0,-1,9,5,1,-1,0,0,0,0,0,0,1,1,-1,6,1,23,5,998,1,5,FORD FIESTA,5,E01023399,0,1
2024231454924,2024,231454924,2,9,0,-1,19,-1,-1,-1,0,3,0,0,0,0,3,9,-1,6,2,20,4,998,1,10,FORD FIESTA,6,E01031108,0,1
2024010504126,2024,010504126,2,9,0,99,99,9,9,99,99,9,9,99,9,99,9,9,6,6,3,-1,-1,1388,1,14,FORD FIESTA,-1,-1,0,-1
2024332400284,2024,332400284,1,9,0,-1,5,5,1,-1,0,4,0,0,1,0,1,1,-1,2,2,43,7,1399,2,13,FORD FIESTA,8,E01025621,0,2
2024421470229,2024,421470229,1,9,0,-1,9,2,8,-1,0,8,1,0,3,3,2,1,-1,9,2,57,9,998,1,1,FORD FIESTA,-1,-1,0,-1
2024411411546,2024,411411546,1,9,0,-1,19,7,3,-1,0,0,0,0,0,0,2,1,-1,6,1,23,5,998,1,5,FORD FIESTA,10,E01021614,0,4
2024471394751,2024,471394751,2,9,0,-1,19,2,6,-1,0,0,0,0,0,0,3,1,-1,9,2,71,10,1388,1,18,FORD FIESTA,5,E01031584,0,1
2024010517657,2024,010517657,1,9,0,9,9,5,2,0,0,5,0,0,0,0,1,1,6,6,1,79,11,998,1,7,FORD FIESTA,10,E01002253,0,1
2024461516663,2024,461516663,2,9,0,-1,19,-1,-1,-1,0,0,0,0,0,0,-1,9,-1,6,2,42,7,1242,1,16,FORD FIESTA,1,E01024240,0,1
2024552400057,2024,552400057,1,9,0,18,19,2,6,0,0,8,0,0,0,0,1,1,6,6,2,59,9,1560,2,14,FORD FIESTA,5,E01020353,0,1
2024010525423,2024,010525423,1,9,0,18,19,1,5,0,0,8,0,0,0,0,1,1,6,6,1,27,6,1388,1,14,FORD FIESTA,6,E01004369,0,1
2024461408935,2024,461408935,1,9,0,-1,19,5,1,-1,0,0,0,0,0,0,4,9,-1,6,2,-1,-1,998,1,9,FORD FIESTA,4,E01016143,0,1
2024991413063,2024,991413063,2,9,0,-1,19,1,5,-1,0,0,1,0,0,0,2,1,-1,2,1,36,7,-1,-1,-1,FORD FIESTA,4,-1,0,4
2024451414170,2024,451414170,1,9,0,-1,19,7,3,-1,0,0,0,0,0,0,1,1,-1,9,2,74,10,1242,1,10,FORD FIESTA,4,E01034288,0,3
2024311420230,2024,311420230,5,9,0,-1,4,7,3,-1,0,0,0,0,0,0,2,1,-1,6,2,55,8,1388,1,15,FORD FIESTA,-1,-1,0,-1
2024332401178,2024,332401178,2,9,0,-1,19,1,5,-1,0,0,2,0,0,0,1,1,-1,6,2,21,5,1388,1,15,FORD FIESTA,8,E01025784,0,1