collision_index,collision_year,collision_ref_no,vehicle_reference,vehicle_type,towing_and_articulation,vehicle_manoeuvre_historic,vehicle_manoeuvre,vehicle_direction_from,vehicle_direction_to,vehicle_location_restricted_lane_historic,vehicle_location_restricted_lane,junction_location,skidding_and_overturning,hit_object_in_carriageway,vehicle_leaving_carriageway,hit_object_off_carriageway,first_point_of_impact,vehicle_left_hand_drive,journey_purpose_of_driver_historic,journey_purpose_of_driver,sex_of_driver,age_of_driver,age_band_of_driver,engine_capacity_cc,propulsion_code,age_of_vehicle,generic_make_model,driver_imd_decile,lsoa_of_driver,escooter_flag,driver_distance_banding
2024421530145,2024,421530145,2,9,0,-1,4,5,3,-1,99,3,0,99,0,0,2,1,-1,6,1,51,8,1399,2,16,FORD FIESTA,9,E01021255,0,2
2024052402677,2024,052402677,1,9,0,18,19,2,6,0,0,8,0,0,0,0,1,1,6,6,1,20,4,1242,1,19,FORD FIESTA,4,E01019717,0,4
2024401445521,2024,401445521,2,9,0,-1,19,8,4,-1,0,0,0,0,0,0,2,1,-1,6,2,44,7,1560,2,16,FORD FIESTA,6,E01017418,0,2
2024201520509,2024,201520509,2,9,0,-1,19,5,8,-1,0,1,0,0,0,0,2,1,-1,9,1,22,5,998,1,1,FORD FIESTA,1,E01009099,0,2
2024461463195,2024,461463195,2,9,0,-1,19,7,8,-1,0,0,0,0,0,0,1,9,-1,2,1,57,9,1388,1,15,FORD FIESTA,4,E01023986,0,2
2024211515895,2024,211515895,3,9,0,-1,3,4,8,-1,0,1,0,0,0,0,1,1,-1,2,2,22,5,998,1,11,FORD FIESTA,-1,-1,0,-1
2024991442993,2024,991442993,2,9,0,-1,4,2,6,-1,0,8,0,0,0,0,1,1,-1,9,1,82,11,998,1,11,FORD FIESTA,10,-1,0,1
2024131421730,2024,131421730,1,9,0,-1,19,1,1,-1,0,0,1,1,0,0,2,1,-1,6,2,42,7,1242,1,9,FORD FIESTA,9,E01010642,0,1
2024010543586,2024,010543586,2,9,0,99,99,9,9,99,99,9,9,99,9,99,1,9,6,6,3,-1,-1,998,1,6,FORD FIESTA,-1,-1,0,-1
2024061419229,2024,061419229,1,9,-1,-1,-1,-1,-1,-1,-1,0,-1,-1,-1,0,-1,9,-1,6,3,-1,-1,998,1,6,FORD FIESTA,-1,-1,0,-1
2024131495359,2024,131495359,1,9,0,-1,7,1,3,-1,0,0,0,0,0,0,1,1,-1,9,2,22,5,1242,1,15,FORD FIESTA,1,E01011284,0,3
2024201502913,2024,201502913,2,9,0,-1,5,6,2,-1,0,0,0,4,0,0,1,1,-1,6,2,46,8,1242,1,9,FORD FIESTA,1,E01034309,0,1
2024501453958,2024,501453958,1,9,0,-1,4,5,1,-1,0,0,0,0,1,0,1,1,-1,6,1,18,4,1242,1,18,FORD FIESTA,4,E01018850,0,1
2024401440729,2024,401440729,2,9,0,-1,19,3,7,-1,0,1,0,0,0,0,1,1,-1,6,2,36,7,1596,1,18,FORD FIESTA,9,E01023619,0,3
2024440192621,2024,440192621,2,9,0,9,9,8,6,0,0,8,0,0,0,0,4,1,1,1,1,-1,-1,1499,2,10,FORD FIESTA,-1,-1,0,-1
2024501450914,2024,501450914,1,9,0,-1,12,7,3,-1,0,2,1,0,4,6,3,1,-1,6,2,47,8,1399,2,15,FORD FIESTA,1,E01015047,0,3
2024131533425,2024,131533425,1,9,0,-1,9,3,8,-1,0,6,0,0,1,5,3,1,-1,9,2,86,11,998,1,4,FORD FIESTA,8,E01011459,0,1
2024231424579,2024,231424579,1,9,0,-1,9,6,4,-1,0,5,0,0,0,0,1,1,-1,9,1,53,8,998,1,11,FORD FIESTA,2,E01031046,0,1
2024501513108,2024,501513108,2,9,0,-1,19,5,1,-1,0,3,0,0,0,0,2,1,-1,7,2,33,6,1399,2,16,FORD FIESTA,7,E01015068,0,1
202417L305424,2024,17L305424,2,9,0,-1,19,3,7,-1,0,8,0,0,1,10,1,1,-1,9,1,17,4,998,1,9,FORD FIESTA,1,E01012033,0,3
2024131425506,2024,131425506,1,9,0,-1,19,1,5,-1,0,0,0,0,0,0,1,1,-1,6,2,74,10,998,1,2,FORD FIESTA,10,E01011198,0,2
2024211458185,2024,211458185,2,9,0,-1,13,3,6,-1,0,8,0,0,7,0,1,1,-1,6,1,19,4,1999,1,17,FORD FIESTA,7,E01019612,0,4
2024421528487,2024,421528487,1,9,0,-1,14,3,7,-1,0,0,0,0,0,0,2,1,-1,6,3,25,5,1596,1,10,FORD FIESTA,-1,-1,0,-1
2024010543772,2024,010543772,1,9,0,99,99,9,9,99,99,9,9,99,9,99,2,9,6,6,1,20,4,998,1,6,FORD FIESTA,8,E01000426,0,1
2024052402502,2024,052402502,1,9,0,9,9,5,3,0,0,1,0,0,0,0,1,1,6,6,1,45,7,1242,1,18,FORD FIESTA,1,E01007295,0,1
2024552400837,2024,552400837,5,9,0,2,2,0,0,0,0,0,0,0,0,0,3,1,6,6,3,-1,-1,1242,1,18,FORD FIESTA,-1,-1,0,-1
2024010530480,2024,010530480,2,9,0,5,5,0,1,0,0,0,0,0,0,0,0,1,6,6,3,-1,-1,1499,2,6,FORD FIESTA,-1,-1,0,-1
2024631518177,2024,631518177,1,9,0,-1,19,6,2,-1,0,1,0,0,0,0,1,1,-1,9,1,34,6,1242,1,7,FORD FIESTA,3,W01000657,0,1
2024010546067,2024,010546067,3,9,0,2,2,0,0,0,0,0,0,0,7,0,2,1,6,6,3,-1,-1,1388,1,12,FORD FIESTA,-1,-1,0,-1
2024461483171,2024,461483171,2,9,0,-1,3,7,1,-1,0,0,0,0,0,0,1,1,-1,6,2,27,6,998,1,8,FORD FIESTA,10,E01024811,0,1
2024161456650,2024,161456650,1,9,0,-1,7,1,3,-1,0,1,0,0,0,0,1,1,-1,1,1,29,6,1242,1,14,FORD FIESTA,7,E01013269,0,1
2024461398682,2024,461398682,2,9,0,-1,19,3,7,-1,0,3,0,0,0,0,4,1,-1,9,2,30,6,1242,1,18,FORD FIESTA,6,E01024598,0,1
2024061508200,2024,061508200,1,9,0,-1,4,5,7,-1,99,0,9,0,0,0,4,1,-1,6,1,65,9,1499,2,7,FORD FIESTA,5,E01005153,0,1
2024052401166,2024,052401166,1,9,0,18,19,3,7,0,0,8,0,0,0,0,1,1,6,6,1,28,6,998,1,6,FORD FIESTA,3,E01006587,0,3
2024440146261,2024,440146261,1,9,0,18,19,4,8,0,0,0,0,0,7,2,1,1,6,6,1,43,7,1242,1,11,FORD FIESTA,10,E01023169,0,1
2024010518330,2024,010518330,1,9,0,1,1,5,1,0,0,1,0,0,0,0,1,1,6,6,2,20,4,1242,1,13,FORD FIESTA,-1,-1,0,-1
2024501409971,2024,501409971,1,9,0,-1,15,4,8,-1,0,0,1,0,1,0,1,1,-1,2,1,32,6,1388,1,20,FORD FIESTA,1,E01015087,0,3
2024401409426,2024,401409426,1,9,0,-1,19,8,4,-1,0,0,1,0,0,0,1,1,-1,6,2,72,10,1388,1,18,FORD FIESTA,9,E01017450,0,2
2024361452145,2024,361452145,1,9,0,-1,19,5,1,-1,0,0,2,0,1,0,4,1,-1,6,1,36,7,1388,1,18,FORD FIESTA,5,E01026435,0,2
2024421493792,2024,421493792,1,9,0,-1,19,8,5,-1,0,0,2,0,1,0,1,1,-1,9,1,18,4,1242,1,19,FORD FIESTA,8,E01021444,0,4
2024010531781,2024,010531781,2,9,0,99,99,9,9,99,99,9,9,99,9,99,3,9,6,6,1,24,5,1242,1,17,FORD FIESTA,10,E01023733,0,3
2024991418635,2024,991418635,3,9,0,-1,13,3,7,-1,0,1,0,0,0,0,1,1,-1,2,2,39,7,998,1,10,FORD FIESTA,6,-1,0,4
2024332400422,2024,332400422,2,9,0,-1,4,6,2,-1,0,0,0,0,0,0,1,1,-1,9,1,21,5,1596,1,13,FORD FIESTA,9,E01013788,0,4
2024302400456,2024,302400456,3,9,0,3,3,1,5,0,0,1,0,0,0,0,1,1,6,6,2,56,9,998,1,7,FORD FIESTA,8,E01019603,0,2
2024061512549,2024,061512549,1,9,0,-1,4,7,3,-1,0,4,0,0,0,0,2,1,-1,6,1,24,5,1242,1,21,FORD FIESTA,3,E01004774,0,1
2024440359715,2024,440359715,1,9,0,3,3,8,4,0,0,0,0,0,0,0,2,1,6,6,2,33,6,998,1,7,FORD FIESTA,10,E01022921,0,1
2024522401222,2024,522401222,1,9,0,10,10,4,1,0,0,1,0,0,0,0,2,1,6,6,2,40,7,999,1,4,FORD FIESTA,5,E01014861,0,2
2024461510190,2024,461510190,1,9,0,-1,19,1,5,-1,0,2,0,0,0,0,3,1,-1,9,2,89,11,1596,1,17,FORD FIESTA,6,E01024303,0,1
2024631414652,2024,631414652,2,9,0,-1,19,8,4,-1,0,8,0,0,0,0,1,1,-1,2,1,26,6,1399,2,19,FORD FIESTA,9,W01002000,0,1
2024141502675,2024,141502675,2,9,0,-1,19,5,1,-1,0,1,0,0,0,0,4,1,-1,9,1,37,7,1242,1,12,FORD FIESTA,4,E01008073,0,2
2024501483223,2024,501483223,2,9,0,-1,4,3,7,-1,0,0,0,0,0,0,1,1,-1,9,2,40,7,1242,1,17,FORD FIESTA,6,E01030516,0,5
2024070022782,2024,070022782,1,9,0,18,19,3,7,0,0,4,0,0,0,0,1,1,2,2,1,22,5,1596,1,14,FORD FIESTA,5,E01018496,0,1
2024131451965,2024,131451965,1,9,0,-1,19,1,5,-1,0,0,0,0,0,0,1,1,-1,2,2,26,6,1242,1,15,FORD FIESTA,3,E01011225,0,1
2024361462088,2024,361462088,4,9,0,-1,10,3,8,-1,0,0,0,0,0,0,1,1,-1,1,1,54,8,-1,-1,-1,FORD FIESTA,3,E01026694,0,2
2024010532069,2024,010532069,1,9,0,99,99,9,9,99,99,9,9,99,9,99,2,9,2,2,1,25,5,1596,1,8,FORD FIESTA,3,E01002527,0,1
2024131489837,2024,131489837,2,9,0,-1,19,5,1,-1,0,0,0,0,0,0,2,1,-1,2,1,25,5,1596,1,10,FORD FIESTA,4,E01011263,0,2
2024991450106,2024,991450106,1,9,0,-1,19,8,3,-1,0,0,0,11,0,0,1,9,-1,6,1,17,4,999,1,4,FORD FIESTA,5,-1,0,1
2024070294153,2024,070294153,2,9,0,18,19,5,1,0,0,0,1,0,4,6,3,1,2,2,2,59,9,999,1,4,FORD FIESTA,5,E01029611,0,2
2024131573973,2024,131573973,2,9,0,-1,19,3,7,-1,0,3,0,0,0,0,1,1,-1,2,2,35,6,1242,1,15,FORD FIESTA,1,E01011148,0,1
2024471485632,2024,471485632,2,9,0,-1,11,4,3,-1,0,3,0,0,1,0,4,1,-1,9,2,53,8,998,1,11,FORD FIESTA,3,E01021127,0,1
2024622400579,2024,622400579,1,9,0,9,9,4,2,0,0,5,0,0,0,0,1,1,1,1,1,52,8,1242,1,11,FORD FIESTA,9,W01001053,0,1
2024471400793,2024,471400793,1,9,0,-1,19,2,8,-1,0,8,0,0,0,0,4,1,-1,9,2,25,5,1242,1,9,FORD FIESTA,6,E01035338,0,2
2024361437087,2024,361437087,3,9,0,-1,4,3,7,-1,0,1,0,0,0,0,0,1,-1,6,1,59,9,1388,1,15,FORD FIESTA,6,E01026771,0,1
2024010521046,2024,010521046,2,9,0,9,9,7,5,0,0,8,0,0,0,0,4,1,6,6,2,27,6,1388,1,16,FORD FIESTA,2,E01001486,0,1
2024061464258,2024,061464258,1,9,0,-1,19,-1,-1,-1,0,-1,0,0,0,0,3,1,-1,9,2,33,6,1242,1,14,FORD FIESTA,5,E01005489,0,1
2024320032388,2024,320032388,1,9,0,-1,-1,4,8,0,0,1,1,0,0,0,1,1,-1,-1,1,18,4,1242,1,18,FORD FIESTA,6,E01026020,0,3
2024161474036,2024,161474036,2,9,0,-1,5,4,8,-1,0,0,0,0,0,0,1,1,-1,1,2,60,9,1499,2,8,FORD FIESTA,10,E01028473,0,5
2024461433726,2024,461433726,1,9,0,-1,19,7,3,-1,0,2,2,10,7,0,1,1,-1,6,1,17,4,999,1,4,FORD FIESTA,1,E01035300,0,2
2024010540817,2024,010540817,1,9,0,5,5,5,1,0,0,8,0,0,0,0,3,1,6,6,2,74,10,998,1,9,FORD FIESTA,3,E01024482,0,2
2024221526363,2024,221526363,2,9,0,-1,3,3,7,-1,0,1,0,0,0,0,2,1,-1,6,2,45,7,998,1,9,FORD FIESTA,5,E01032387,0,1
2024461531439,2024,461531439,2,9,0,-1,4,2,6,-1,0,0,1,0,0,0,2,1,-1,2,1,26,6,-1,-1,-1,FORD FIESTA,10,E01024349,0,1
2024161440145,2024,161440145,1,9,0,-1,13,5,1,-1,0,0,2,0,7,4,3,1,-1,6,2,20,4,1242,1,14,FORD FIESTA,9,E01013123,0,1
2024070753061,2024,070753061,2,9,0,-1,3,1,5,-1,0,3,0,0,0,0,4,1,-1,9,2,64,9,999,1,4,FORD FIESTA,4,E01018511,0,1
2024421450092,2024,421450092,4,9,0,-1,2,0,0,-1,0,0,0,0,0,0,4,1,-1,6,-1,-1,-1,1388,1,12,FORD FIESTA,-1,-1,0,-1
2024991512967,2024,991512967,1,9,0,-1,19,6,1,-1,0,0,1,0,0,0,1,1,-1,2,1,20,4,1388,1,13,FORD FIESTA,2,-1,0,2
2024201421720,2024,201421720,1,9,0,-1,19,4,8,-1,0,8,0,0,0,0,1,1,-1,9,2,39,7,1242,1,7,FORD FIESTA,4,E01035076,0,4
2024010509026,2024,010509026,2,9,0,18,19,5,1,0,0,1,0,0,0,0,1,1,6,6,1,49,8,1242,1,10,FORD FIESTA,4,E01021835,0,3
2024461468033,2024,461468033,2,9,0,-1,19,3,7,-1,0,0,0,0,0,0,3,1,-1,6,1,76,11,1388,1,14,FORD FIESTA,8,E01024409,0,2
2024430234717,2024,430234717,2,9,0,9,9,6,3,0,0,8,0,0,0,0,1,1,6,6,2,27,6,1388,1,12,FORD FIESTA,5,E01017913,0,1
2024231486425,2024,231486425,1,9,0,-1,19,1,5,-1,0,4,0,0,0,0,1,9,-1,6,1,44,7,1242,1,17,FORD FIESTA,1,E01009413,0,3
2024010516302,2024,010516302,2,9,0,4,4,7,3,0,0,2,0,0,0,0,2,1,2,2,1,40,7,1388,1,15,FORD FIESTA,4,E01000408,0,1
2024010540817,2024,010540817,2,9,0,5,5,3,7,0,0,8,0,0,0,0,3,1,6,6,2,64,9,1499,2,7,FORD FIESTA,-1,-1,0,-1
2024522403413,2024,522403413,1,9,0,18,19,5,1,0,0,0,5,4,0,0,4,1,6,6,2,89,11,998,1,7,FORD FIESTA,10,E01014777,0,1
2024201417160,2024,201417160,1,9,0,-1,19,6,3,-1,0,1,0,0,0,0,1,9,-1,6,1,25,5,1242,1,18,FORD FIESTA,-1,-1,0,-1
2024131530126,2024,131530126,2,9,0,-1,4,7,3,-1,0,1,0,0,0,0,1,1,-1,6,2,17,4,1242,1,12,FORD FIESTA,1,E01011625,0,2
2024101444138,2024,101444138,2,9,0,-1,19,6,2,-1,0,1,0,4,0,0,1,1,-1,9,1,34,6,1242,1,17,FORD FIESTA,3,E01027380,0,3
2024231524328,2024,231524328,2,9,0,-1,19,6,3,-1,0,0,0,0,0,0,3,1,-1,6,1,75,10,1560,2,9,FORD FIESTA,10,E01032893,0,2
2024531511246,2024,531511246,2,9,0,-1,19,1,7,-1,0,8,0,0,0,0,1,1,-1,2,1,36,7,1242,1,20,FORD FIESTA,10,E01022114,0,2
2024991461637,2024,991461637,1,9,0,-1,7,6,8,-1,0,1,0,0,0,0,2,1,-1,9,2,29,6,998,1,5,FORD FIESTA,7,E01007439,0,5
2024141447165,2024,141447165,1,9,0,-1,10,5,3,-1,0,8,0,0,0,0,4,1,-1,6,2,37,7,998,1,9,FORD FIESTA,-1,-1,0,-1
2024531502535,2024,531502535,2,9,0,-1,10,7,5,-1,0,1,0,0,0,0,2,1,-1,2,1,25,5,1388,1,13,FORD FIESTA,9,E01022393,0,1
2024610022424,2024,610022424,1,9,0,5,5,6,2,0,0,1,0,0,0,0,1,1,6,6,1,21,5,1399,2,13,FORD FIESTA,3,W01001338,0,1
2024070236115,2024,070236115,3,9,0,18,19,7,3,0,0,4,0,0,1,2,3,1,6,6,2,59,9,998,1,5,FORD FIESTA,7,E01018623,0,3
2024411472398,2024,411472398,1,9,0,-1,19,4,8,-1,0,1,0,0,0,0,1,1,-1,9,2,46,8,999,8,1,FORD FIESTA,5,E01023720,0,1
2024471413659,2024,471413659,2,9,0,-1,9,5,7,-1,0,8,0,0,0,0,0,9,-1,6,1,59,9,999,1,4,FORD FIESTA,2,E01031454,0,2
2024101502784,2024,101502784,2,9,0,-1,4,7,3,-1,0,0,0,0,0,0,2,1,-1,9,2,25,5,998,1,7,FORD FIESTA,9,E01008260,0,1
2024991473189,2024,991473189,1,9,0,-1,4,7,2,-1,0,0,0,0,0,0,1,1,-1,6,1,17,4,998,1,6,FORD FIESTA,5,-1,0,2
2024631519143,2024,631519143,1,9,0,-1,12,2,6,-1,0,0,1,0,8,10,1,1,-1,2,1,23,5,-1,-1,-1,FORD FIESTA,8,W01000610,0,1
2024552401223,2024,552401223,2,9,0,3,3,6,2,0,0,1,0,0,0,0,2,1,6,6,2,34,6,1560,2,15,FORD FIESTA,5,E01015444,0,1
2024552401018,2024,552401018,1,9,0,9,9,1,7,0,0,6,0,0,0,0,3,1,6,6,2,77,11,1299,1,24,FORD FIESTA,10,E01015434,0,1
2024421428445,2024,421428445,2,9,0,-1,4,2,6,-1,0,0,0,0,0,0,2,1,-1,6,1,22,5,1496,1,6,FORD FIESTA,7,E01015943,0,1
2024991510175,2024,991510175,1,9,0,-1,19,8,4,-1,0,0,0,0,0,0,1,1,-1,9,2,23,5,1242,1,16,FORD FIESTA,1,-1,0,1
2024221486224,2024,221486224,1,9,0,-1,13,7,3,-1,0,0,0,0,0,0,1,1,-1,6,2,77,11,1242,1,19,FORD FIESTA,6,E01032199,0,3
2024991481576,2024,991481576,1,9,0,-1,19,1,5,-1,0,0,1,0,7,0,1,1,-1,9,2,18,4,1242,1,15,FORD FIESTA,4,-1,0,2
2024440064765,2024,440064765,2,9,0,9,9,1,7,0,0,6,0,0,1,11,3,1,6,6,1,17,4,-1,-1,-1,FORD FIESTA,5,E01017365,0,3
2024041500765,2024,041500765,2,9,0,-1,19,1,5,-1,0,0,0,0,0,0,2,1,-1,9,1,60,9,1242,1,14,FORD FIESTA,3,E01012668,0,2
2024471491156,2024,471491156,1,9,0,-1,19,3,7,-1,0,0,5,4,7,0,1,2,-1,6,1,-1,-1,998,1,8,FORD FIESTA,-1,-1,0,-1
2024471458596,2024,471458596,2,9,0,-1,19,4,8,-1,0,0,0,0,1,0,2,1,-1,9,2,72,10,1242,1,13,FORD FIESTA,5,E01031584,0,4
2024041536421,2024,041536421,2,9,0,-1,19,1,5,-1,0,8,0,0,0,0,1,1,-1,9,2,23,5,998,1,7,FORD FIESTA,2,E01006588,0,4
2024320619635,2024,320619635,1,9,0,-1,-1,8,4,0,0,0,0,0,1,0,1,1,-1,-1,1,21,5,998,1,5,FORD FIESTA,-1,-1,0,-1
2024311415072,2024,311415072,1,9,0,-1,19,8,4,-1,0,1,0,0,0,0,1,1,-1,2,1,20,4,1242,1,17,FORD FIESTA,1,E01027965,0,2
2024311518194,2024,311518194,2,9,0,-1,4,8,4,-1,0,0,0,0,0,0,2,1,-1,6,1,17,4,1388,1,13,FORD FIESTA,1,E01027966,0,1
2024010522141,2024,010522141,1,9,0,18,19,1,5,0,0,3,0,0,0,0,1,1,6,6,1,65,9,999,1,2,FORD FIESTA,2,E01003735,0,1
2024131581680,2024,131581680,1,9,0,-1,19,5,1,-1,0,0,0,0,0,0,4,1,-1,6,1,31,6,998,1,9,FORD FIESTA,5,E01010818,0,1
2024520401292,2024,520401292,3,9,0,13,13,4,8,0,0,1,0,0,0,0,0,1,6,6,1,31,6,1560,2,17,FORD FIESTA,4,E01029036,0,2
2024332400933,2024,332400933,1,9,0,-1,19,3,8,-1,0,0,5,0,7,0,1,1,-1,6,1,57,9,998,1,4,FORD FIESTA,4,E01019864,0,2
2024201487202,2024,201487202,2,9,0,-1,19,1,5,-1,0,8,0,0,0,0,3,1,-1,9,1,47,8,1242,1,17,FORD FIESTA,1,E01009062,0,1
2024161430945,2024,161430945,1,9,0,-1,19,6,2,-1,0,0,1,0,5,6,1,9,-1,2,1,45,7,-1,-1,-1,FORD FIESTA,1,E01013177,0,1
2024070422201,2024,070422201,1,9,0,5,5,5,1,0,0,6,0,0,7,11,1,1,6,6,2,23,5,998,1,8,FORD FIESTA,-1,-1,0,-1
2024332400555,2024,332400555,3,9,0,-1,2,0,0,-1,0,0,0,0,0,0,2,1,-1,6,3,-1,-1,1388,1,13,FORD FIESTA,-1,-1,0,-1
2024201456548,2024,201456548,2,9,0,-1,9,5,3,-1,0,5,0,0,0,0,4,9,-1,9,2,38,7,1388,1,14,FORD FIESTA,4,E01008948,0,1
2024461418287,2024,461418287,2,9,0,-1,4,6,6,-1,0,0,0,0,0,0,2,1,-1,6,1,28,6,998,1,8,FORD FIESTA,1,E01024049,0,3
2024141457744,2024,141457744,2,9,0,-1,19,2,6,-1,0,1,0,0,7,0,4,1,-1,2,1,33,6,1242,1,15,FORD FIESTA,6,E01007695,0,1
2024421449620,2024,421449620,1,9,0,-1,19,3,7,-1,0,2,0,0,0,0,1,1,-1,9,1,31,6,1399,2,14,FORD FIESTA,5,E01021666,0,3
2024421503216,2024,421503216,1,9,0,-1,15,5,1,-1,-1,0,1,0,0,0,4,1,-1,9,1,22,5,1596,1,18,FORD FIESTA,6,E01000166,0,4
2024631503018,2024,631503018,1,9,0,-1,19,7,3,-1,0,0,0,4,0,0,1,1,-1,6,1,46,8,-1,-1,-1,FORD FIESTA,-1,-1,0,-1
2024201493599,2024,201493599,1,9,0,-1,19,7,3,-1,0,1,0,0,0,0,1,1,-1,6,2,67,10,1388,1,18,FORD FIESTA,2,E01010508,0,2
2024461424117,2024,461424117,1,9,0,-1,19,8,4,-1,0,0,1,0,7,11,3,9,-1,6,1,17,4,1242,1,21,FORD FIESTA,10,E01016051,0,1
2024070062311,2024,070062311,2,9,0,18,19,7,3,0,0,1,0,0,0,0,1,1,6,6,1,20,4,1496,1,6,FORD FIESTA,1,E01012424,0,1
2024122400792,2024,122400792,1,9,0,18,19,7,3,0,0,0,0,0,1,1,1,1,6,6,1,81,11,1242,1,10,FORD FIESTA,10,E01013355,0,4
2024610051824,2024,610051824,1,9,0,18,19,4,8,0,0,8,0,0,0,0,1,1,6,6,2,19,4,1242,1,18,FORD FIESTA,2,W01001341,0,3
2024471518720,2024,471518720,2,9,0,-1,9,5,2,-1,0,1,0,0,0,0,1,2,-1,7,2,46,8,998,1,5,FORD FIESTA,10,E01021157,0,1
2024201441759,2024,201441759,2,9,0,-1,19,6,2,-1,0,0,0,0,0,0,2,1,-1,6,1,21,5,1242,1,8,FORD FIESTA,2,E01033642,0,1
2024201496979,2024,201496979,3,9,0,-1,2,0,0,-1,0,2,0,0,0,0,1,1,-1,9,2,29,6,998,1,6,FORD FIESTA,-1,-1,0,-1
2024471488807,2024,471488807,4,9,0,-1,19,2,6,-1,0,0,0,0,0,0,1,1,-1,6,2,60,9,998,1,6,FORD FIESTA,7,E01021033,0,1
2024111532887,2024,111532887,1,9,0,-1,19,1,5,-1,0,0,0,0,0,0,4,1,-1,9,2,38,7,1242,1,12,FORD FIESTA,6,E01012338,0,1
2024332400881,2024,332400881,2,9,0,-1,19,1,5,-1,0,8,0,0,0,0,1,1,-1,9,1,62,9,1242,1,12,FORD FIESTA,4,E01025933,0,1
2024552400330,2024,552400330,1,9,0,18,19,8,4,0,0,0,0,4,0,0,1,1,6,6,1,39,7,1388,1,20,FORD FIESTA,4,E01015443,0,1
2024041465438,2024,041465438,2,9,0,-1,19,2,6,-1,0,0,0,0,0,0,2,1,-1,1,1,35,6,1388,1,21,FORD FIESTA,3,E01005286,0,4
2024101526685,2024,101526685,3,9,0,-1,19,1,5,-1,0,0,0,0,0,0,1,1,-1,6,2,64,9,1596,1,13,FORD FIESTA,4,E01020636,0,3
2024041436075,2024,041436075,1,9,0,-1,3,5,1,-1,0,1,0,0,0,0,1,1,-1,6,1,18,4,1242,1,16,FORD FIESTA,3,E01012669,0,1
2024010543044,2024,010543044,1,9,0,2,2,0,0,0,0,1,0,0,0,0,3,1,6,6,3,-1,-1,1242,1,18,FORD FIESTA,-1,-1,0,-1
2024311521718,2024,311521718,1,9,0,-1,19,1,5,-1,0,3,0,0,0,0,1,1,-1,7,2,31,6,1388,1,20,FORD FIESTA,-1,-1,0,-1
2024451465583,2024,451465583,2,9,0,-1,19,5,1,-1,0,0,0,0,0,0,1,9,-1,1,1,27,6,998,1,11,FORD FIESTA,5,E01029855,0,5
2024461419654,2024,461419654,2,9,0,-1,19,5,1,-1,0,2,0,0,0,0,3,9,-1,6,2,25,5,998,1,11,FORD FIESTA,7,E01024813,0,3
2024010525506,2024,010525506,1,9,0,3,3,5,1,0,0,0,0,0,0,0,2,1,6,6,1,21,5,1388,1,15,FORD FIESTA,4,E01009633,0,5
2024421474269,2024,421474269,2,9,0,-1,4,2,6,-1,0,0,0,0,0,0,2,1,-1,9,2,37,7,998,1,7,FORD FIESTA,10,E01021585,0,1
2024991439024,2024,991439024,2,9,0,-1,19,7,3,-1,0,8,0,0,0,0,3,1,-1,6,1,35,6,-1,-1,-1,FORD FIESTA,1,-1,0,2
2024471413493,2024,471413493,2,9,0,-1,19,7,3,-1,0,2,0,0,0,0,1,1,-1,9,1,17,4,1242,1,22,FORD FIESTA,5,E01016925,0,1
2024430517761,2024,430517761,1,9,0,9,9,8,6,0,0,5,0,0,0,0,4,1,6,6,2,22,5,1242,1,20,FORD FIESTA,2,E01031454,0,5
2024221531411,2024,221531411,1,9,0,-1,9,5,3,-1,0,5,0,0,0,0,1,1,-1,2,1,37,7,-1,-1,-1,FORD FIESTA,-1,-1,0,-1
2024122500178,2024,122500178,1,9,0,18,19,5,1,0,0,0,0,0,0,0,1,1,6,6,2,42,7,998,1,7,FORD FIESTA,3,E01013386,0,1
202454A910324,2024,54A910324,1,9,0,18,19,6,2,0,0,4,0,0,0,0,1,1,6,6,2,65,9,1242,1,12,FORD FIESTA,7,E01015493,0,1
2024440437749,2024,440437749,1,9,0,9,9,2,8,0,0,6,0,0,0,0,3,1,6,6,2,78,11,998,1,9,FORD FIESTA,10,E01023242,0,1
2024010516705,2024,010516705,1,9,0,99,99,9,9,99,99,9,9,99,9,99,2,9,6,6,1,39,7,998,1,6,FORD FIESTA,3,E01003086,0,1
2024010536553,2024,010536553,2,9,0,99,99,9,9,99,99,9,9,99,9,99,1,9,6,6,1,66,10,998,1,10,FORD FIESTA,3,E01003560,0,1
2024070138377,2024,070138377,1,9,0,18,19,7,3,0,0,0,0,0,0,0,1,1,6,6,1,-1,-1,1084,1,6,FORD FIESTA,-1,-1,0,-1
2024101465992,2024,101465992,2,9,0,-1,2,0,0,-1,0,0,0,0,1,0,3,1,-1,6,2,44,7,1399,2,14,FORD FIESTA,7,E01008765,0,1
2024041444882,2024,041444882,5,9,0,-1,2,0,0,-1,0,2,0,4,0,0,2,1,-1,6,-1,-1,-1,1242,1,15,FORD FIESTA,-1,-1,0,-1
202417S204424,2024,17S204424,1,9,0,17,19,3,1,0,0,8,0,0,3,10,1,1,6,6,1,20,4,998,1,8,FORD FIESTA,-1,-1,0,-1