collision_index,collision_year,collision_ref_no,vehicle_reference,vehicle_type,towing_and_articulation,vehicle_manoeuvre_historic,vehicle_manoeuvre,vehicle_direction_from,vehicle_direction_to,vehicle_location_restricted_lane_historic,vehicle_location_restricted_lane,junction_location,skidding_and_overturning,hit_object_in_carriageway,vehicle_leaving_carriageway,hit_object_off_carriageway,first_point_of_impact,vehicle_left_hand_drive,journey_purpose_of_driver_historic,journey_purpose_of_driver,sex_of_driver,age_of_driver,age_band_of_driver,engine_capacity_cc,propulsion_code,age_of_vehicle,generic_make_model,driver_imd_decile,lsoa_of_driver,escooter_flag,driver_distance_banding
2024101458663,2024,101458663,2,9,0,-1,4,1,5,-1,0,1,0,0,0,0,2,1,-1,6,1,28,6,998,1,9,FORD FIESTA,2,E01008668,0,1
2024461491662,2024,461491662,2,9,0,-1,2,0,0,-1,0,0,0,0,1,0,2,1,-1,6,-1,-1,-1,1242,1,12,FORD FIESTA,-1,-1,0,-1
2024361467709,2024,361467709,1,9,0,-1,9,7,3,-1,9,8,5,0,1,0,1,1,-1,9,1,18,4,1242,1,14,FORD FIESTA,10,E01018019,0,4
2024421408584,2024,421408584,2,9,0,-1,19,1,5,-1,0,0,1,0,1,0,1,1,-1,9,1,34,6,1496,1,2,FORD FIESTA,2,E01016009,0,2
2024501399378,2024,501399378,1,9,0,-1,9,1,6,-1,0,1,0,0,0,0,0,9,-1,6,1,82,11,1242,1,10,FORD FIESTA,10,E01020203,0,2
2024552400996,2024,552400996,1,9,0,18,19,3,7,0,0,8,0,0,0,0,1,1,6,6,2,18,4,1242,1,11,FORD FIESTA,5,E01020462,0,2
2024421442855,2024,421442855,1,9,0,-1,19,1,5,-1,0,1,0,0,0,0,1,1,-1,6,2,37,7,1084,1,6,FORD FIESTA,10,E01021545,0,1
2024451488822,2024,451488822,1,9,0,-1,19,6,2,-1,0,0,0,0,0,0,1,1,-1,9,1,23,5,1499,2,11,FORD FIESTA,5,E01030971,0,1
2024320412575,2024,320412575,1,9,0,-1,-1,4,8,9,9,0,0,0,0,0,0,1,6,6,3,-1,-1,1596,1,10,FORD FIESTA,-1,-1,0,-1
2024501432163,2024,501432163,1,9,0,-1,19,6,1,-1,0,1,0,0,0,0,1,9,-1,6,2,67,10,998,1,10,FORD FIESTA,6,E01020106,0,4
2024461422495,2024,461422495,3,9,0,-1,19,4,8,-1,0,0,0,0,0,0,1,1,-1,9,1,17,4,1084,1,6,FORD FIESTA,7,E01024157,0,4
2024371507553,2024,371507553,2,9,0,-1,4,7,3,-1,0,0,0,0,0,0,1,1,-1,9,1,39,7,1399,2,12,FORD FIESTA,2,E01029987,0,2
2024041412354,2024,041412354,1,9,0,-1,9,1,7,-1,0,6,0,0,0,0,3,1,-1,2,2,63,9,1242,1,13,FORD FIESTA,6,E01025078,0,1
2024131477538,2024,131477538,1,9,0,-1,19,1,5,-1,0,8,0,11,0,0,4,1,-1,6,1,74,10,1560,2,15,FORD FIESTA,3,E01007433,0,1
2024411541128,2024,411541128,1,9,0,-1,19,1,5,-1,0,0,0,0,0,0,1,1,-1,9,2,43,7,1242,1,11,FORD FIESTA,6,E01023752,0,1
2024010514736,2024,010514736,2,9,0,99,99,9,9,99,99,9,9,99,9,99,9,9,6,6,1,17,4,1242,1,15,FORD FIESTA,9,E01002108,0,1
2024471524108,2024,471524108,2,9,0,-1,5,1,7,-1,0,6,0,0,0,0,1,1,-1,1,2,29,6,1596,1,9,FORD FIESTA,3,E01021048,0,1
2024421457615,2024,421457615,2,9,0,-1,19,7,3,-1,0,1,0,0,0,0,1,2,-1,6,2,40,7,998,1,7,FORD FIESTA,1,E01021302,0,3
2024461490939,2024,461490939,1,9,0,-1,19,-1,-1,-1,0,1,0,0,0,0,4,9,-1,6,3,-1,-1,998,1,7,FORD FIESTA,-1,-1,0,-1
2024201497933,2024,201497933,3,9,0,-1,19,1,5,-1,0,0,0,0,0,0,1,1,-1,6,2,61,9,1242,1,14,FORD FIESTA,2,E01010562,0,1
2024461436147,2024,461436147,3,9,0,-1,2,0,0,-1,0,0,0,0,0,0,2,1,-1,6,-1,19,4,1242,1,15,FORD FIESTA,-1,-1,0,-1
2024991452243,2024,991452243,3,9,0,-1,3,7,3,-1,0,0,0,0,0,0,2,1,-1,9,2,18,4,1388,1,20,FORD FIESTA,-1,-1,0,-1
2024070136493,2024,070136493,2,9,0,10,10,7,3,0,0,1,0,0,0,0,2,1,6,6,2,49,8,999,1,3,FORD FIESTA,1,E01018748,0,2
2024461465267,2024,461465267,1,9,0,-1,9,7,3,-1,0,6,0,0,0,0,1,1,-1,9,2,77,11,1242,1,17,FORD FIESTA,8,E01024012,0,1
2024451482905,2024,451482905,1,9,0,-1,9,7,3,-1,0,0,1,0,7,4,2,1,-1,2,2,30,6,1560,2,14,FORD FIESTA,5,E01032836,0,2
2024010530744,2024,010530744,1,9,0,5,5,7,3,0,0,2,0,0,0,0,4,1,6,6,2,47,8,1388,1,15,FORD FIESTA,3,E01000044,0,3
2024471497182,2024,471497182,2,9,0,-1,19,3,7,-1,0,1,0,0,0,0,1,9,-1,6,1,-1,-1,1596,1,10,FORD FIESTA,-1,-1,0,-1
2024201426874,2024,201426874,1,9,0,-1,9,5,2,-1,0,6,0,0,0,0,1,1,-1,6,3,-1,-1,1242,1,13,FORD FIESTA,-1,-1,0,-1
2024461485890,2024,461485890,3,9,0,-1,2,0,0,-1,0,0,0,0,0,0,0,1,-1,6,-1,-1,-1,1242,1,14,FORD FIESTA,-1,-1,0,-1
2024010512834,2024,010512834,1,9,0,3,3,9,9,99,99,9,9,99,9,99,2,1,6,6,1,29,6,1242,1,11,FORD FIESTA,3,E01000095,0,1
2024320293260,2024,320293260,1,9,0,1,1,3,7,9,9,2,0,0,0,0,2,1,6,6,1,23,5,1388,1,13,FORD FIESTA,9,E01013788,0,3
2024311432376,2024,311432376,1,9,0,-1,4,3,3,-1,0,0,0,0,0,0,2,1,-1,2,1,40,7,998,1,7,FORD FIESTA,3,E01013939,0,3
2024061470533,2024,061470533,1,9,0,-1,19,7,3,-1,0,0,0,0,2,0,1,1,-1,6,1,18,4,998,1,5,FORD FIESTA,-1,-1,0,-1
2024991523449,2024,991523449,1,9,0,-1,19,5,2,-1,0,0,0,0,0,0,3,1,-1,6,1,29,6,1242,1,16,FORD FIESTA,4,-1,0,1
2024131464404,2024,131464404,2,9,0,-1,2,0,0,-1,9,0,0,0,0,0,0,1,-1,6,-1,-1,-1,1242,1,11,FORD FIESTA,-1,-1,0,-1
2024461473497,2024,461473497,1,9,0,-1,19,1,5,-1,0,0,0,0,0,0,1,1,-1,9,1,19,4,1560,2,11,FORD FIESTA,6,E01024267,0,1
2024221513366,2024,221513366,1,9,0,-1,19,4,8,-1,0,1,0,0,0,0,1,1,-1,1,1,20,4,1242,1,11,FORD FIESTA,5,E01014009,0,2
2024031433737,2024,031433737,2,9,0,-1,10,7,3,-1,0,0,0,0,0,0,2,1,-1,9,2,66,10,1242,1,9,FORD FIESTA,6,E01019130,0,1
2024010525553,2024,010525553,1,9,0,18,19,3,7,0,0,2,0,0,0,0,1,1,2,2,1,21,5,1388,1,15,FORD FIESTA,10,E01030627,0,4
2024340NN4452,2024,340NN4452,2,9,0,-1,19,7,3,-1,0,0,1,0,1,1,4,1,-1,1,1,24,5,1596,1,14,FORD FIESTA,9,E01027115,0,2
2024010510019,2024,010510019,1,9,0,99,99,9,9,99,99,9,9,99,9,99,9,9,6,6,2,59,9,1499,2,7,FORD FIESTA,2,E01007633,0,5
2024451461361,2024,451461361,1,9,0,-1,19,3,7,-1,0,0,1,0,7,1,1,1,-1,6,1,18,4,998,1,8,FORD FIESTA,9,E01030733,0,1
2024070342475,2024,070342475,1,9,0,9,9,5,1,9,9,1,0,0,7,0,1,1,6,6,2,29,6,1496,1,6,FORD FIESTA,2,E01014340,0,3
2024070996945,2024,070996945,1,9,0,-1,4,7,7,-1,0,0,1,0,0,0,1,1,-1,9,1,19,4,998,1,6,FORD FIESTA,1,E01012396,0,2
202454B024824,2024,54B024824,1,9,0,9,9,7,4,0,0,6,0,0,0,0,1,1,6,6,2,29,6,998,1,6,FORD FIESTA,1,E01015546,0,1
2024201479423,2024,201479423,1,9,0,-1,19,2,6,-1,0,8,0,0,0,0,1,1,-1,6,1,-1,-1,1388,1,18,FORD FIESTA,-1,-1,0,-1
2024340WN3502,2024,340WN3502,1,9,0,-1,19,3,7,-1,0,1,0,0,0,0,1,1,-1,1,1,32,6,1388,1,15,FORD FIESTA,3,E01016714,0,3
2024631428516,2024,631428516,1,9,0,-1,19,8,5,-1,0,0,2,0,2,4,1,1,-1,9,1,18,4,998,1,10,FORD FIESTA,3,W01000478,0,2
2024061493378,2024,061493378,1,9,0,-1,9,5,7,-1,0,5,0,0,0,0,4,1,-1,6,2,61,9,1242,1,11,FORD FIESTA,1,E01005746,0,2
2024311519838,2024,311519838,3,9,0,-1,2,0,0,-1,0,0,0,0,0,0,3,1,-1,6,-1,-1,-1,1242,1,14,FORD FIESTA,-1,-1,0,-1
2024440038595,2024,440038595,1,9,0,18,19,2,6,0,0,0,0,10,0,0,4,1,2,2,1,19,4,1388,1,13,FORD FIESTA,10,E01022684,0,1
2024101432456,2024,101432456,1,9,0,-1,19,3,7,-1,0,8,0,0,0,0,4,1,-1,9,1,75,10,1242,1,9,FORD FIESTA,8,E01008801,0,1
2024161511746,2024,161511746,2,9,0,-1,19,6,2,-1,0,1,0,0,0,0,1,1,-1,6,1,-1,-1,1499,2,9,FORD FIESTA,-1,-1,0,-1
2024211499435,2024,211499435,2,9,0,-1,9,3,1,-1,0,2,0,0,0,0,1,1,-1,9,2,43,7,1596,1,12,FORD FIESTA,-1,-1,0,-1
2024041532282,2024,041532282,2,9,0,-1,19,5,1,-1,0,0,0,0,0,0,2,1,-1,1,1,36,7,1496,1,6,FORD FIESTA,4,E01024969,0,3
2024411433348,2024,411433348,1,9,0,-1,9,5,3,-1,0,3,0,0,0,0,1,1,-1,6,1,31,6,998,1,5,FORD FIESTA,6,E01023306,0,1
2024010513866,2024,010513866,1,9,0,7,7,4,7,0,0,2,0,0,0,0,1,1,6,6,1,24,5,1242,1,12,FORD FIESTA,-1,-1,0,-1
2024201421247,2024,201421247,2,9,0,-1,9,6,3,-1,0,5,0,0,0,0,2,1,-1,6,2,34,6,1388,1,15,FORD FIESTA,1,E01009125,0,1
2024401429272,2024,401429272,4,9,0,-1,19,8,4,-1,0,0,5,0,0,0,1,1,-1,6,2,45,7,1242,1,12,FORD FIESTA,7,E01033023,0,4
2024041425094,2024,041425094,2,9,0,-1,5,7,3,-1,0,8,0,0,0,0,3,1,-1,1,2,26,6,1242,1,7,FORD FIESTA,3,E01025058,0,1
2024361443933,2024,361443933,2,9,0,-1,10,1,5,-1,0,0,0,0,1,0,0,1,-1,6,2,70,10,1242,1,7,FORD FIESTA,7,E01026642,0,1
2024010548344,2024,010548344,1,9,0,18,19,3,7,0,0,0,0,0,0,0,4,1,6,6,2,42,7,1242,1,13,FORD FIESTA,7,E01017800,0,3
2024548078124,2024,548078124,1,9,0,13,13,5,1,0,0,1,5,0,7,11,1,1,2,2,1,25,5,1388,1,15,FORD FIESTA,3,E01031956,0,1
2024552401171,2024,552401171,1,9,0,18,19,8,4,0,0,0,5,0,7,9,0,1,6,6,2,18,4,1388,1,15,FORD FIESTA,8,E01020505,0,1
2024451405362,2024,451405362,1,9,0,-1,7,3,1,-1,0,1,0,0,0,0,1,1,-1,6,2,38,7,1388,1,13,FORD FIESTA,4,E01002557,0,2
2024471407792,2024,471407792,2,9,0,-1,19,7,3,-1,0,0,0,0,0,0,4,1,-1,9,2,23,5,998,1,9,FORD FIESTA,4,E01031426,0,2
2024311400183,2024,311400183,1,9,0,-1,19,8,4,-1,0,0,0,0,1,0,1,1,-1,1,1,18,4,1399,2,13,FORD FIESTA,10,E01026204,0,4
2024991396560,2024,991396560,1,9,0,-1,19,7,2,-1,0,0,0,0,1,4,1,1,-1,9,1,18,4,998,1,7,FORD FIESTA,5,-1,0,1
2024061491715,2024,061491715,2,9,0,-1,19,1,3,-1,0,1,0,0,0,0,2,1,-1,6,2,28,6,1242,1,13,FORD FIESTA,1,E01005822,0,1
2024201455923,2024,201455923,1,9,0,-1,13,6,2,-1,0,0,0,0,0,0,1,1,-1,2,2,53,8,1242,1,12,FORD FIESTA,2,E01009100,0,1
2024101482755,2024,101482755,1,9,0,-1,19,2,6,-1,0,1,0,0,0,0,1,1,-1,6,1,17,4,1596,1,10,FORD FIESTA,1,E01008380,0,1
2024141526327,2024,141526327,1,9,0,-1,19,4,8,-1,0,0,5,0,1,0,1,1,-1,9,1,36,7,1242,1,15,FORD FIESTA,3,E01013350,0,4
2024430482313,2024,430482313,1,9,0,9,9,8,7,0,0,5,0,0,0,0,1,1,6,6,1,76,11,998,1,9,FORD FIESTA,7,E01017928,0,1
2024010499991,2024,010499991,1,9,0,4,4,1,5,0,0,1,0,0,0,0,1,1,2,2,1,18,4,1242,1,10,FORD FIESTA,5,E01000158,0,1
2024421409817,2024,421409817,1,9,0,-1,19,5,2,-1,0,0,1,0,1,0,3,1,-1,1,2,27,6,998,1,9,FORD FIESTA,4,E01022041,0,2
2024401447128,2024,401447128,2,9,-1,-1,19,2,6,-1,0,0,0,0,0,0,4,9,-1,2,2,26,6,1560,2,12,FORD FIESTA,3,E01015807,0,1
2024531444240,2024,531444240,1,9,0,-1,19,2,6,-1,0,1,0,0,0,0,1,1,-1,2,2,77,11,998,1,4,FORD FIESTA,10,E01022433,0,2
2024070557227,2024,070557227,2,9,0,18,19,1,5,0,0,1,0,0,0,0,4,1,6,6,1,-1,-1,1596,1,11,FORD FIESTA,-1,-1,0,-1
2024622400676,2024,622400676,2,9,0,18,19,8,4,0,0,1,0,0,0,0,2,1,6,6,2,72,10,998,1,9,FORD FIESTA,2,W01001015,0,1
2024161504150,2024,161504150,1,9,0,-1,19,4,6,-1,0,8,0,0,0,0,1,1,-1,9,1,22,5,1242,1,10,FORD FIESTA,1,E01012891,0,2
2024421438208,2024,421438208,1,9,0,-1,19,3,7,-1,0,6,0,0,0,0,3,1,-1,6,2,35,6,1242,1,8,FORD FIESTA,9,E01021782,0,2
2024351558355,2024,351558355,1,9,0,-1,19,5,1,-1,0,2,0,0,0,0,1,1,-1,6,1,52,8,998,1,11,FORD FIESTA,2,E01015610,0,1
2024991495001,2024,991495001,2,9,0,-1,19,1,5,-1,0,1,0,0,0,0,1,1,-1,9,2,26,6,1399,2,15,FORD FIESTA,3,-1,0,3
2024101528026,2024,101528026,1,9,0,-1,19,1,5,-1,0,0,0,0,2,7,4,1,-1,6,2,19,4,1242,1,15,FORD FIESTA,9,E01027399,0,2
2024421425380,2024,421425380,2,9,0,-1,10,3,1,-1,0,1,0,0,0,0,2,9,-1,6,2,66,10,998,1,7,FORD FIESTA,7,E01034094,0,3
2024520402605,2024,520402605,2,9,0,18,19,1,5,0,0,0,0,0,0,0,3,1,6,6,2,52,8,998,1,5,FORD FIESTA,5,E01029289,0,4
2024131515204,2024,131515204,1,9,0,-1,9,3,3,-1,0,6,0,0,0,0,1,1,-1,6,3,-1,-1,1242,1,18,FORD FIESTA,-1,-1,0,-1
2024471448981,2024,471448981,2,9,0,-1,19,8,4,-1,0,0,0,0,0,0,3,1,-1,1,1,50,8,1242,1,11,FORD FIESTA,10,E01021159,0,3
2024061567658,2024,061567658,1,9,0,-1,19,8,4,-1,0,2,0,0,0,0,1,1,-1,9,1,21,5,-1,-1,-1,FORD FIESTA,1,E01033330,0,1
2024440339411,2024,440339411,2,9,0,9,9,1,7,0,0,1,0,0,0,0,1,1,6,6,1,19,4,998,1,10,FORD FIESTA,6,E01035437,0,1
2024991398514,2024,991398514,1,9,0,-1,9,3,1,-1,0,4,0,0,0,0,1,1,-1,1,2,29,6,-1,-1,-1,FORD FIESTA,4,-1,0,1
2024501531371,2024,501531371,1,9,0,-1,4,8,4,-1,0,0,0,0,0,0,2,1,-1,6,1,23,5,1242,1,19,FORD FIESTA,4,E01015175,0,1
2024041523797,2024,041523797,1,9,0,-1,12,2,8,-1,0,0,0,0,8,4,1,1,-1,6,1,35,6,1596,1,10,FORD FIESTA,1,E01006411,0,2
2024201484821,2024,201484821,1,9,0,-1,19,6,2,-1,0,0,0,0,0,0,4,1,-1,9,1,75,10,1242,1,17,FORD FIESTA,8,E01009472,0,2
2024320416483,2024,320416483,1,9,0,-1,-1,8,4,0,0,0,1,0,1,4,1,1,6,6,1,18,4,998,1,9,FORD FIESTA,9,E01026405,0,2
2024501510849,2024,501510849,1,9,0,-1,13,4,8,-1,0,0,0,0,0,0,4,1,-1,9,2,20,4,998,1,7,FORD FIESTA,4,E01015169,0,1
2024440069805,2024,440069805,1,9,0,9,9,2,1,0,0,8,0,0,0,0,0,1,6,6,2,26,6,998,1,7,FORD FIESTA,2,E01016415,0,4
2024052402250,2024,052402250,2,9,0,18,19,1,5,0,0,1,0,0,0,0,4,1,6,6,2,82,11,999,1,2,FORD FIESTA,1,E01006908,0,1
2024320506784,2024,320506784,1,9,0,9,9,2,8,0,0,5,0,0,0,0,1,1,-1,-1,1,21,5,998,1,5,FORD FIESTA,10,E01028403,0,4
2024070139950,2024,070139950,3,9,0,2,2,0,0,0,0,0,0,0,0,0,1,1,4,7,1,-1,-1,999,1,4,FORD FIESTA,6,E01018682,0,1
2024451526775,2024,451526775,1,9,0,-1,19,7,3,-1,0,1,0,0,0,0,1,1,-1,9,1,66,10,1388,1,19,FORD FIESTA,4,E01030824,0,2
2024010513529,2024,010513529,1,9,0,9,9,3,1,0,0,5,0,0,0,0,1,1,6,6,2,19,4,998,1,10,FORD FIESTA,-1,-1,0,-1
2024361489083,2024,361489083,1,9,0,-1,19,5,2,-1,0,0,0,0,1,0,1,1,-1,9,1,24,5,1242,1,14,FORD FIESTA,6,E01026781,0,3
2024101470172,2024,101470172,1,9,0,-1,19,3,6,-1,0,4,0,0,0,0,1,9,-1,6,1,21,5,1388,1,19,FORD FIESTA,2,E01020792,0,4
2024461520017,2024,461520017,2,9,0,-1,3,3,6,-1,0,2,0,0,0,0,3,1,-1,9,2,39,7,1242,1,18,FORD FIESTA,9,E01024147,0,1
2024161404925,2024,161404925,1,9,0,-1,4,6,2,-1,0,1,0,0,0,0,1,1,-1,2,1,21,5,1560,2,10,FORD FIESTA,5,E01013329,0,4
2024471445463,2024,471445463,1,9,0,-1,19,3,7,-1,0,4,1,0,1,0,3,1,-1,6,1,18,4,1560,2,12,FORD FIESTA,3,E01031811,0,1
2024430360776,2024,430360776,1,9,0,13,13,7,3,0,0,0,0,0,0,0,4,1,2,2,1,26,6,1499,2,8,FORD FIESTA,7,E01005767,0,5
2024010507796,2024,010507796,2,9,0,9,9,5,3,0,0,8,0,0,0,0,1,1,6,6,2,57,9,998,1,8,FORD FIESTA,6,E01030653,0,3
2024010534026,2024,010534026,4,9,0,18,19,3,7,0,0,0,0,4,0,0,1,1,6,6,1,83,11,998,1,6,FORD FIESTA,-1,-1,0,-1
2024411440728,2024,411440728,1,9,0,-1,19,1,5,-1,0,0,0,0,1,4,4,1,-1,6,1,53,8,-1,-1,-1,FORD FIESTA,3,E01015730,0,3
2024061536429,2024,061536429,1,9,0,-1,19,6,2,-1,0,0,2,0,1,0,1,1,-1,9,1,33,6,1388,1,17,FORD FIESTA,1,E01025290,0,4
2024332400946,2024,332400946,2,9,0,-1,9,2,8,-1,0,5,0,0,0,0,3,1,-1,1,1,46,8,998,1,5,FORD FIESTA,2,E01028112,0,4
2024520500366,2024,520500366,1,9,0,9,9,7,5,0,0,5,0,0,0,0,1,1,6,6,1,40,7,1242,1,17,FORD FIESTA,4,E01035129,0,3
2024622400831,2024,622400831,1,9,0,18,19,3,7,0,0,0,2,0,1,6,1,1,1,1,1,19,4,1388,1,15,FORD FIESTA,10,W01001733,0,4
2024461436778,2024,461436778,4,9,0,-1,2,0,0,-1,0,0,0,0,0,0,2,2,-1,6,-1,-1,-1,998,1,8,FORD FIESTA,-1,-1,0,-1
2024991461296,2024,991461296,1,9,0,-1,6,7,7,-1,2,1,0,0,0,0,4,1,-1,2,1,29,6,1242,1,11,FORD FIESTA,1,-1,0,1
2024991469832,2024,991469832,2,9,0,-1,19,6,1,-1,0,4,0,0,0,0,2,1,-1,9,2,23,5,1242,1,7,FORD FIESTA,3,-1,0,3
2024052402655,2024,052402655,2,9,0,18,19,5,1,0,0,8,0,0,0,0,4,1,6,6,1,54,8,1388,1,14,FORD FIESTA,2,E01006858,0,2
2024231490911,2024,231490911,1,9,0,-1,4,3,7,-1,0,0,0,0,4,0,1,1,-1,6,2,32,6,1388,1,12,FORD FIESTA,2,E01015668,0,4
2024122401274,2024,122401274,1,9,0,16,19,1,4,0,0,0,0,0,1,11,1,1,6,6,2,18,4,999,1,4,FORD FIESTA,8,E01011507,0,4
2024421419560,2024,421419560,2,9,0,-1,5,8,8,-1,0,2,0,0,0,0,1,1,-1,9,2,44,7,1560,2,14,FORD FIESTA,8,E01021826,0,2
2024522500457,2024,522500457,1,9,0,14,14,5,1,0,0,0,0,0,0,0,1,1,6,6,1,25,5,1596,1,8,FORD FIESTA,10,E01014903,0,1
2024041450535,2024,041450535,1,9,0,-1,19,5,1,-1,0,0,5,0,0,0,1,1,-1,9,1,81,11,1242,1,19,FORD FIESTA,9,E01025569,0,1
2024211486334,2024,211486334,2,9,0,-1,19,5,1,-1,0,0,0,0,0,0,1,1,-1,6,2,19,4,999,1,3,FORD FIESTA,-1,-1,0,-1
2024201513587,2024,201513587,1,9,0,-1,19,6,2,-1,0,0,0,0,0,0,1,1,-1,9,2,39,7,1242,1,12,FORD FIESTA,10,E01009780,0,1
2024332400704,2024,332400704,2,9,0,-1,19,4,8,-1,0,0,0,0,0,0,3,1,-1,9,1,32,6,1388,1,12,FORD FIESTA,4,E01034011,0,1
2024231401197,2024,231401197,1,9,0,-1,9,8,7,-1,0,6,0,0,0,0,1,9,-1,6,2,38,7,1242,1,12,FORD FIESTA,7,E01031038,0,1
2024430105115,2024,430105115,2,9,0,16,19,4,7,0,0,8,0,0,0,0,3,1,1,1,1,35,6,1242,1,16,FORD FIESTA,9,E01030758,0,3
2024991471699,2024,991471699,1,9,0,-1,15,7,3,-1,0,0,0,0,0,0,3,2,-1,9,2,41,7,1242,1,10,FORD FIESTA,10,-1,0,1
2024552400831,2024,552400831,1,9,0,18,19,2,6,0,0,0,0,0,0,0,1,1,6,6,3,-1,-1,998,1,1,FORD FIESTA,-1,-1,0,-1
2024440136914,2024,440136914,1,9,0,17,19,4,2,0,0,1,1,0,0,0,1,1,6,6,2,35,6,1242,1,7,FORD FIESTA,9,E01022494,0,1
2024430385588,2024,430385588,1,9,0,9,9,8,5,0,0,5,0,0,0,0,1,1,6,6,1,86,11,998,1,7,FORD FIESTA,10,E01016532,0,1
2024302401413,2024,302401413,3,9,0,4,4,2,6,0,0,2,0,0,0,0,2,1,6,6,2,-1,-1,1242,1,13,FORD FIESTA,9,E01019721,0,1
2024302401634,2024,302401634,1,9,0,9,9,4,1,0,0,0,0,0,0,0,1,1,6,6,2,47,8,1388,1,21,FORD FIESTA,7,E01019726,0,1
2024361407463,2024,361407463,1,9,0,-1,19,3,7,-1,0,0,0,0,0,0,1,1,-1,9,1,81,11,999,1,4,FORD FIESTA,9,E01026576,0,4
2024010532023,2024,010532023,1,9,0,18,19,5,1,0,0,0,0,0,0,0,1,1,2,2,2,48,8,1388,1,13,FORD FIESTA,4,E01001624,0,1
2024010544345,2024,010544345,2,9,0,18,19,1,5,0,0,1,0,0,0,0,1,9,6,6,1,-1,-1,998,1,5,FORD FIESTA,2,E01001631,0,1
2024061519604,2024,061519604,1,9,0,-1,7,8,4,-1,0,5,0,0,0,0,4,1,-1,9,2,29,6,1388,1,21,FORD FIESTA,-1,-1,0,-1
2024010543112,2024,010543112,1,9,0,18,19,3,7,0,0,0,0,0,0,0,2,1,6,6,1,21,5,999,1,3,FORD FIESTA,5,E01000070,0,1
2024461485853,2024,461485853,1,9,0,-1,19,3,4,-1,0,0,0,0,0,0,3,1,-1,9,2,77,11,998,1,10,FORD FIESTA,6,E01023988,0,2
2024461453270,2024,461453270,2,9,0,-1,19,5,1,-1,0,0,0,0,0,0,3,1,-1,2,2,37,7,998,1,4,FORD FIESTA,9,E01024724,0,2
2024461526147,2024,461526147,2,9,0,-1,19,3,7,-1,0,0,0,0,0,0,2,1,-1,2,1,28,6,999,1,4,FORD FIESTA,5,E01024231,0,3
2024221534164,2024,221534164,1,9,0,-1,9,1,7,-1,0,6,0,0,1,0,4,1,-1,9,2,43,7,1242,1,14,FORD FIESTA,8,W01000485,0,3
2024122400766,2024,122400766,2,9,0,18,19,4,8,0,0,8,0,0,7,0,1,1,6,6,1,17,4,998,1,10,FORD FIESTA,8,E01027620,0,1
2024201535757,2024,201535757,2,9,0,-1,2,0,0,-1,0,0,0,0,0,0,3,1,-1,6,-1,-1,-1,1242,1,8,FORD FIESTA,-1,-1,0,-1
2024421444328,2024,421444328,1,9,0,-1,19,1,5,-1,0,0,1,4,7,0,1,1,-1,2,1,17,4,1399,2,15,FORD FIESTA,7,E01021338,0,1
2024991505238,2024,991505238,1,9,0,-1,9,2,8,-1,0,2,0,0,0,0,3,1,-1,9,1,17,4,998,1,9,FORD FIESTA,5,-1,0,3
2024201513159,2024,201513159,2,9,0,-1,19,2,8,-1,0,5,0,0,0,0,1,1,-1,2,1,46,8,1388,1,17,FORD FIESTA,2,E01009239,0,1
2024631511985,2024,631511985,1,9,0,-1,9,1,8,-1,0,6,0,0,0,0,3,1,-1,9,1,17,4,1399,2,12,FORD FIESTA,8,W01000722,0,1
2024010514021,2024,010514021,2,9,0,18,19,5,1,0,0,1,0,0,0,0,1,2,6,6,1,22,5,998,1,8,FORD FIESTA,9,E01004133,0,1
2024302401166,2024,302401166,2,9,0,18,19,7,3,0,0,8,0,0,0,0,4,1,6,6,1,76,11,998,1,8,FORD FIESTA,8,E01013489,0,2
2024311535800,2024,311535800,2,9,0,-1,19,3,7,-1,0,1,0,0,0,0,2,1,-1,6,1,45,7,1388,1,21,FORD FIESTA,-1,-1,0,-1
2024531447910,2024,531447910,1,9,0,-1,19,1,5,-1,0,0,0,0,8,4,1,1,-1,6,1,38,7,1388,1,21,FORD FIESTA,7,E01014959,0,4
2024302400772,2024,302400772,2,9,0,13,13,4,8,0,0,8,0,0,0,0,4,1,6,6,1,37,7,998,1,7,FORD FIESTA,5,E01019813,0,1
2024440087544,2024,440087544,1,9,0,9,9,8,6,0,0,6,0,0,0,0,1,1,6,6,1,19,4,1242,1,17,FORD FIESTA,5,E01017074,0,1
2024371414218,2024,371414218,1,9,0,-1,19,5,1,-1,0,1,0,0,0,0,1,1,-1,9,2,18,4,1242,1,16,FORD FIESTA,2,E01030023,0,2
2024010506270,2024,010506270,2,9,0,99,99,9,9,99,99,9,9,99,9,99,9,9,6,6,3,-1,-1,1388,1,14,FORD FIESTA,-1,-1,0,-1
2024440242940,2024,440242940,1,9,0,18,19,2,6,0,0,1,0,0,0,0,1,1,2,2,1,35,6,998,1,10,FORD FIESTA,10,E01016270,0,3
2024440147925,2024,440147925,1,9,0,5,5,6,2,0,0,8,0,0,0,0,3,1,6,6,1,18,4,1242,1,12,FORD FIESTA,3,E01022738,0,2