collision_index,collision_year,collision_ref_no,vehicle_reference,vehicle_type,towing_and_articulation,vehicle_manoeuvre_historic,vehicle_manoeuvre,vehicle_direction_from,vehicle_direction_to,vehicle_location_restricted_lane_historic,vehicle_location_restricted_lane,junction_location,skidding_and_overturning,hit_object_in_carriageway,vehicle_leaving_carriageway,hit_object_off_carriageway,first_point_of_impact,vehicle_left_hand_drive,journey_purpose_of_driver_historic,journey_purpose_of_driver,sex_of_driver,age_of_driver,age_band_of_driver,engine_capacity_cc,propulsion_code,age_of_vehicle,generic_make_model,driver_imd_decile,lsoa_of_driver,escooter_flag,driver_distance_banding
2024211514750,2024,211514750,1,9,0,-1,19,3,1,-1,9,2,0,0,3,0,1,1,-1,2,2,56,9,998,1,10,FORD FIESTA,-1,-1,0,-1
2024991474904,2024,991474904,1,9,0,-1,19,8,4,-1,0,0,0,0,0,0,1,1,-1,9,1,53,8,1242,1,14,FORD FIESTA,2,-1,0,1
2024520500266,2024,520500266,1,9,0,18,19,2,6,0,0,0,0,0,0,0,2,1,6,6,1,19,4,1388,1,19,FORD FIESTA,4,E01029102,0,1
2024501429687,2024,501429687,1,9,0,-1,9,4,8,-1,0,1,0,0,0,0,3,1,-1,9,1,21,5,1596,1,11,FORD FIESTA,3,E01015150,0,1
2024041535299,2024,041535299,1,9,0,-1,7,7,4,-1,0,0,0,0,6,11,1,1,-1,9,1,18,4,1242,1,16,FORD FIESTA,2,E01012666,0,1
2024430326633,2024,430326633,1,9,0,18,19,7,3,0,0,8,0,0,0,0,1,1,1,1,1,24,5,1242,1,14,FORD FIESTA,-1,-1,0,-1
2024211519750,2024,211519750,3,9,0,-1,19,7,3,-1,0,0,0,0,0,0,1,1,-1,1,1,52,8,-1,-1,-1,FORD FIESTA,-1,-1,0,-1
2024361520249,2024,361520249,1,9,0,-1,9,1,6,-1,0,0,0,0,0,0,1,1,-1,9,2,85,11,998,1,4,FORD FIESTA,10,E01035143,0,1
2024211402735,2024,211402735,2,9,0,-1,19,7,2,-1,0,8,0,0,0,0,1,1,-1,7,2,36,7,1242,1,15,FORD FIESTA,6,E01029693,0,1
2024361440587,2024,361440587,1,9,0,-1,11,1,5,-1,0,1,0,0,0,0,1,1,-1,9,2,69,10,1596,1,10,FORD FIESTA,3,E01026640,0,1
2024221434703,2024,221434703,1,9,0,-1,19,4,8,-1,0,0,0,0,0,0,1,9,-1,6,2,19,4,1388,1,13,FORD FIESTA,9,E01013987,0,1
2024141420005,2024,141420005,1,9,0,-1,19,1,5,-1,0,2,5,4,0,0,1,1,-1,6,3,-1,-1,1560,2,13,FORD FIESTA,-1,-1,0,-1
2024101495046,2024,101495046,2,9,0,-1,19,8,4,-1,0,0,1,0,0,0,1,1,-1,6,1,35,6,1399,2,12,FORD FIESTA,2,E01008543,0,1
2024010544270,2024,010544270,1,9,0,18,19,1,5,0,0,8,0,0,0,0,1,1,6,6,2,52,8,1596,1,11,FORD FIESTA,2,E01003190,0,1
2024340NN2552,2024,340NN2552,1,9,0,-1,19,5,1,-1,0,8,0,0,0,0,1,1,-1,9,1,19,4,998,1,8,FORD FIESTA,4,E01027119,0,1
2024471434466,2024,471434466,1,9,0,-1,19,7,3,-1,0,0,0,0,7,0,1,1,-1,9,1,20,4,998,1,7,FORD FIESTA,9,E01031723,0,4
2024421490817,2024,421490817,1,9,0,-1,19,3,7,-1,0,0,0,0,0,0,1,1,-1,9,1,18,4,1388,1,14,FORD FIESTA,-1,-1,0,-1
2024520500224,2024,520500224,1,9,0,9,9,5,2,0,0,8,0,0,0,0,1,1,6,6,1,17,4,1388,1,15,FORD FIESTA,7,E01029063,0,1
2024161435600,2024,161435600,1,9,0,-1,4,7,3,-1,0,0,0,0,0,0,2,9,-1,6,2,29,6,1560,2,12,FORD FIESTA,6,E01012922,0,2
2024311396938,2024,311396938,1,9,0,-1,10,1,2,-1,0,8,0,0,0,0,1,1,-1,2,2,54,8,998,1,7,FORD FIESTA,9,E01028047,0,1
2024302400659,2024,302400659,1,9,0,18,19,4,8,0,0,1,0,4,0,0,1,1,6,6,1,76,11,999,1,2,FORD FIESTA,10,E01019880,0,1
2024211478138,2024,211478138,1,9,0,-1,9,4,2,-1,0,1,0,0,0,0,1,1,-1,9,2,62,9,999,1,4,FORD FIESTA,-1,-1,0,-1
2024131491446,2024,131491446,2,9,0,-1,19,5,1,-1,0,0,0,0,0,0,1,1,-1,6,1,74,10,1399,2,14,FORD FIESTA,7,E01011329,0,2
2024440510137,2024,440510137,1,9,0,17,19,8,5,0,0,2,1,0,1,11,1,1,6,6,1,20,4,1242,1,16,FORD FIESTA,4,E01022603,0,3
2024471432505,2024,471432505,2,9,0,-1,19,3,7,-1,0,0,0,0,0,0,1,1,-1,7,1,18,4,998,1,8,FORD FIESTA,3,E01020927,0,1
2024010502894,2024,010502894,3,9,0,3,3,1,5,0,0,0,0,0,0,0,2,1,6,6,1,23,5,1596,1,15,FORD FIESTA,9,E01000452,0,2
2024010510054,2024,010510054,1,9,0,9,9,3,1,0,0,8,0,0,0,0,1,1,6,6,3,-1,-1,998,1,5,FORD FIESTA,-1,-1,0,-1
2024471496443,2024,471496443,1,9,0,-1,19,7,3,-1,0,0,0,4,0,0,4,1,-1,9,1,70,10,998,1,9,FORD FIESTA,3,E01031358,0,1
2024010517644,2024,010517644,1,9,0,18,19,7,3,0,0,1,0,0,0,0,1,1,6,6,1,19,4,1242,1,13,FORD FIESTA,2,E01016040,0,4
2024302400397,2024,302400397,2,9,0,9,9,5,3,0,0,5,0,0,0,0,1,1,6,6,2,82,11,1596,1,18,FORD FIESTA,10,E01019831,0,1
2024141469171,2024,141469171,1,9,0,-1,19,8,4,-1,0,0,0,0,0,0,2,1,-1,9,1,80,11,998,1,2,FORD FIESTA,6,E01007468,0,3
2024622400151,2024,622400151,1,9,0,18,19,4,8,0,0,1,0,0,0,0,1,1,6,6,1,22,5,1242,1,9,FORD FIESTA,1,W01001308,0,1
2024201440961,2024,201440961,1,9,0,-1,5,5,1,-1,0,6,0,0,0,0,4,1,-1,9,2,33,6,1242,1,17,FORD FIESTA,-1,-1,0,-1
2024101520615,2024,101520615,1,9,0,-1,19,8,4,-1,0,0,0,0,1,0,1,1,-1,9,2,77,11,998,1,9,FORD FIESTA,10,E01033714,0,1
2024311525740,2024,311525740,2,9,0,-1,5,1,5,-1,0,0,0,0,0,0,4,1,-1,9,1,21,5,998,1,5,FORD FIESTA,-1,-1,0,-1
2024101412273,2024,101412273,1,9,0,-1,9,1,7,-1,0,8,0,0,0,0,4,1,-1,6,2,23,5,998,1,9,FORD FIESTA,6,E01008314,0,1
2024610045424,2024,610045424,1,9,0,18,19,8,4,0,0,8,0,0,0,0,1,1,1,1,1,58,9,1388,1,12,FORD FIESTA,1,W01001386,0,3
2024440083461,2024,440083461,2,9,0,4,4,3,7,0,0,3,0,0,0,0,2,1,6,6,1,39,7,1388,1,22,FORD FIESTA,6,E01022507,0,1
2024101411388,2024,101411388,2,9,0,-1,20,0,0,-1,0,1,0,0,0,0,3,1,-1,6,1,29,6,998,1,9,FORD FIESTA,1,E01008301,0,1
2024471480843,2024,471480843,1,9,0,-1,19,3,7,-1,0,8,0,0,0,0,3,1,-1,9,2,58,9,1242,1,11,FORD FIESTA,4,E01031836,0,1
2024401525334,2024,401525334,1,9,0,-1,9,6,4,-1,0,8,0,0,0,0,3,1,-1,2,1,22,5,1242,1,10,FORD FIESTA,4,E01017505,0,1
2024531520143,2024,531520143,1,9,0,-1,19,5,1,-1,0,0,0,0,0,0,1,1,-1,9,2,77,11,1242,1,8,FORD FIESTA,9,E01022304,0,1
2024411541418,2024,411541418,1,9,0,-1,5,6,1,-1,0,0,0,0,0,0,1,1,-1,1,1,58,9,998,1,5,FORD FIESTA,4,E01030110,0,4
2024070670585,2024,070670585,1,9,0,9,9,6,2,0,0,5,0,0,0,0,1,1,6,6,1,20,4,1999,1,19,FORD FIESTA,8,W01000395,0,4
2024501470893,2024,501470893,1,9,0,-1,19,6,2,-1,0,0,5,0,0,0,1,1,-1,9,1,17,4,998,1,7,FORD FIESTA,6,E01019039,0,1
2024010539411,2024,010539411,1,9,0,99,99,9,9,99,99,9,9,99,9,99,2,9,6,6,1,33,6,999,1,3,FORD FIESTA,1,E01002773,0,1
2024471461658,2024,471461658,2,9,0,-1,19,7,3,-1,0,0,0,0,0,0,2,1,-1,9,2,21,5,998,1,6,FORD FIESTA,1,E01022917,0,3
2024302400574,2024,302400574,2,9,0,18,19,4,8,0,0,8,0,0,0,0,1,1,6,6,2,76,11,1596,1,17,FORD FIESTA,8,E01029414,0,2
2024542594324,2024,542594324,2,9,0,18,19,6,2,0,0,1,0,0,0,0,1,1,1,1,1,28,6,998,1,11,FORD FIESTA,4,E01014488,0,4
2024052401565,2024,052401565,2,9,0,3,3,1,5,0,0,1,0,0,0,0,2,1,6,6,2,34,6,998,1,8,FORD FIESTA,9,E01007150,0,1
2024461523891,2024,461523891,2,9,0,-1,19,1,5,-1,0,0,1,0,0,0,1,1,-1,9,2,62,9,999,1,3,FORD FIESTA,4,E01024120,0,3
2024451484831,2024,451484831,1,9,0,-1,19,6,2,-1,0,0,0,0,0,0,4,1,-1,6,1,55,8,1242,1,8,FORD FIESTA,5,E01030786,0,3
2024070149838,2024,070149838,1,9,0,10,10,8,4,0,0,5,0,0,0,0,1,1,1,1,2,28,6,1242,1,9,FORD FIESTA,1,E01005753,0,3
2024501474902,2024,501474902,2,9,0,-1,3,4,6,-1,0,0,0,0,0,0,2,1,-1,2,2,28,6,998,1,10,FORD FIESTA,1,E01015048,0,1
2024351523241,2024,351523241,1,9,0,-1,19,1,5,-1,0,0,1,0,7,0,3,1,-1,6,1,18,4,1388,1,15,FORD FIESTA,5,E01018069,0,1
2024101445818,2024,101445818,2,9,0,-1,3,2,6,-1,0,1,0,0,0,0,2,1,-1,9,1,68,10,1399,2,16,FORD FIESTA,7,E01008464,0,1
2024991513689,2024,991513689,1,9,0,-1,19,7,3,-1,0,0,0,0,0,0,1,1,-1,6,1,20,4,1399,2,13,FORD FIESTA,-1,-1,0,-1
2024010525170,2024,010525170,4,9,0,18,19,5,1,0,0,0,0,4,0,0,1,1,6,6,1,18,4,998,1,9,FORD FIESTA,8,E01000361,0,1
2024461433341,2024,461433341,1,9,0,-1,2,3,7,-1,0,1,0,0,0,0,1,9,-1,6,2,27,6,998,1,6,FORD FIESTA,3,E01024539,0,3
2024471476579,2024,471476579,2,9,0,-1,19,1,5,-1,0,2,1,0,0,0,4,1,-1,6,1,77,11,1242,1,22,FORD FIESTA,5,E01031827,0,1
2024440058355,2024,440058355,2,9,0,18,19,3,7,0,0,4,0,0,0,0,4,1,6,6,1,22,5,998,1,6,FORD FIESTA,10,E01022869,0,2
2024010533523,2024,010533523,1,9,0,99,99,9,9,99,99,2,9,99,9,99,9,9,6,6,1,23,5,998,1,6,FORD FIESTA,2,E01033937,0,1
2024430016916,2024,430016916,1,9,0,6,6,1,1,0,0,1,0,0,7,3,4,1,6,6,2,47,8,1388,1,19,FORD FIESTA,4,E01016518,0,2
2024070849945,2024,070849945,2,9,0,-1,19,1,1,-1,0,0,0,0,0,0,3,1,-1,6,1,20,4,1242,1,11,FORD FIESTA,8,E01018510,0,1
2024122401059,2024,122401059,1,9,0,16,19,1,5,0,0,1,1,0,0,0,1,1,6,6,1,19,4,1242,1,11,FORD FIESTA,4,E01010159,0,5
2024010547267,2024,010547267,2,9,9,99,99,9,9,99,99,9,9,99,9,99,9,9,6,6,3,-1,-1,1242,1,16,FORD FIESTA,-1,-1,0,-1
2024111411842,2024,111411842,2,9,0,-1,3,5,1,-1,0,1,0,0,0,0,2,1,-1,2,1,53,8,1499,2,9,FORD FIESTA,6,E01020685,0,3
2024421461885,2024,421461885,1,9,0,-1,9,6,2,-1,0,5,0,0,0,0,3,1,-1,9,2,46,8,998,1,6,FORD FIESTA,4,E01021374,0,3
2024401524820,2024,401524820,2,9,0,-1,-1,-1,-1,-1,-1,0,-1,-1,-1,0,-1,9,-1,9,1,21,5,1596,1,11,FORD FIESTA,7,E01033817,0,3
2024421429025,2024,421429025,1,9,0,-1,1,1,5,-1,0,0,0,0,0,0,2,9,-1,6,3,-1,-1,998,1,6,FORD FIESTA,-1,-1,0,-1
2024531501823,2024,531501823,2,9,0,-1,19,1,5,-1,0,1,1,0,1,0,1,1,-1,1,2,42,7,1242,1,10,FORD FIESTA,3,E01022403,0,3
2024101513118,2024,101513118,1,9,0,-1,9,6,4,-1,0,8,0,0,0,0,1,9,-1,6,1,35,6,1242,1,8,FORD FIESTA,-1,-1,0,-1
2024544092324,2024,544092324,2,9,0,2,2,0,0,0,0,1,0,0,0,0,3,1,6,6,2,-1,-1,998,1,9,FORD FIESTA,1,E01032096,0,1
2024501461998,2024,501461998,1,9,0,-1,19,3,1,-1,0,2,1,0,1,0,1,1,-1,9,1,30,6,1388,1,21,FORD FIESTA,7,E01020219,0,1
2024631475424,2024,631475424,1,9,0,-1,19,2,6,-1,0,1,0,0,0,0,1,1,-1,9,1,19,4,1084,1,5,FORD FIESTA,10,E01034051,0,4
2024461432902,2024,461432902,2,9,0,-1,19,3,7,-1,0,0,0,0,0,0,3,9,-1,6,2,60,9,1242,1,7,FORD FIESTA,6,E01016080,0,1
2024061447727,2024,061447727,2,9,0,-1,2,7,3,-1,0,8,0,0,0,0,4,9,-1,6,3,-1,-1,1242,1,11,FORD FIESTA,-1,-1,0,-1
2024540597224,2024,540597224,1,9,0,18,19,1,5,0,0,0,2,0,1,9,1,1,2,2,1,25,5,1388,1,15,FORD FIESTA,9,E01020457,0,1
2024211434927,2024,211434927,2,9,0,-1,2,0,0,-1,0,0,0,0,0,0,2,9,-1,6,1,53,8,1388,1,17,FORD FIESTA,7,E01029719,0,1
2024010520285,2024,010520285,1,9,0,18,19,8,4,0,0,2,0,0,0,0,4,1,6,6,1,52,8,1596,1,15,FORD FIESTA,5,E01003219,0,1
2024320766260,2024,320766260,1,9,0,-1,-1,6,4,0,0,0,1,0,7,9,1,1,-1,-1,1,55,8,998,1,8,FORD FIESTA,-1,-1,0,-1
2024421404271,2024,421404271,2,9,0,-1,7,5,7,-1,0,6,0,0,0,0,2,1,-1,2,2,46,8,998,1,8,FORD FIESTA,9,E01022082,0,1
2024010541569,2024,010541569,2,9,0,99,99,9,9,99,99,9,9,99,9,99,1,9,6,6,3,-1,-1,998,1,6,FORD FIESTA,-1,-1,0,-1
2024430192653,2024,430192653,2,9,0,18,19,8,4,0,0,6,0,0,0,0,1,1,6,6,1,-1,-1,1388,1,22,FORD FIESTA,-1,-1,0,-1
2024421440410,2024,421440410,1,9,0,-1,19,7,3,-1,0,4,0,0,0,0,1,1,-1,6,2,65,9,1242,1,18,FORD FIESTA,2,E01001549,0,3
2024161394507,2024,161394507,1,9,0,-1,19,5,1,-1,0,0,1,0,1,9,1,1,-1,6,2,18,4,1242,1,14,FORD FIESTA,1,E01012786,0,4
2024371509709,2024,371509709,2,9,0,-1,2,0,0,-1,4,0,0,0,0,0,2,1,-1,2,2,42,7,1499,2,8,FORD FIESTA,5,E01029961,0,1
2024501483242,2024,501483242,1,9,0,-1,19,5,1,-1,9,0,1,4,2,2,3,1,-1,9,1,18,4,998,1,1,FORD FIESTA,3,E01020118,0,1
2024631428572,2024,631428572,1,9,0,-1,9,6,4,-1,0,5,0,0,0,0,3,1,-1,6,1,18,4,1560,2,9,FORD FIESTA,6,W01000575,0,4
2024101490837,2024,101490837,2,9,0,-1,9,1,5,-1,0,8,0,0,0,0,4,2,-1,9,2,22,5,1242,1,7,FORD FIESTA,4,E01008640,0,1
2024161536627,2024,161536627,2,9,0,-1,9,1,7,-1,0,8,0,11,0,0,1,1,-1,9,1,34,6,1388,1,12,FORD FIESTA,3,E01012866,0,1
2024010523353,2024,010523353,1,9,0,99,99,9,9,99,99,9,9,99,9,99,9,9,6,6,3,34,6,1242,1,15,FORD FIESTA,-1,-1,0,-1
2024361469416,2024,361469416,1,9,0,-1,5,1,5,-1,0,0,0,0,0,0,1,1,-1,9,2,24,5,1560,2,15,FORD FIESTA,5,E01026788,0,1
2024052400388,2024,052400388,2,9,0,18,19,5,1,0,0,8,0,0,0,0,4,1,6,6,1,59,9,999,1,4,FORD FIESTA,3,E01006497,0,1
2024161533271,2024,161533271,1,9,0,-1,19,2,6,-1,0,1,0,0,7,0,0,9,-1,6,2,21,5,998,1,5,FORD FIESTA,-1,-1,0,-1
2024041449588,2024,041449588,1,9,0,-1,9,3,1,-1,0,6,0,0,0,0,1,1,-1,9,1,43,7,1596,1,16,FORD FIESTA,1,E01025189,0,1
2024320134156,2024,320134156,1,9,0,9,9,3,1,0,0,5,0,0,7,0,3,1,-1,-1,2,50,8,1242,1,18,FORD FIESTA,1,E01026069,0,1
2024471406535,2024,471406535,1,9,0,-1,19,1,5,-1,0,1,0,0,0,0,1,1,-1,9,1,76,11,1388,1,14,FORD FIESTA,6,E01035333,0,4
2024501533790,2024,501533790,1,9,0,-1,19,7,3,-1,0,0,1,0,0,0,1,1,-1,9,2,92,11,1388,1,14,FORD FIESTA,8,E01015036,0,1
2024231464939,2024,231464939,1,9,0,-1,19,5,2,-1,0,0,0,0,0,0,4,1,-1,7,2,78,11,1388,1,13,FORD FIESTA,10,E01031214,0,3
2024041398609,2024,041398609,1,9,0,-1,19,1,5,-1,0,0,0,0,0,0,3,1,-1,9,2,59,9,1499,2,11,FORD FIESTA,1,E01025224,0,1
2024010541808,2024,010541808,1,9,0,99,99,9,9,99,99,9,9,99,9,99,9,9,6,6,2,45,7,1242,1,8,FORD FIESTA,3,E01000870,0,1
2024061406062,2024,061406062,1,9,0,-1,7,1,3,-1,0,8,0,0,0,0,4,1,-1,9,2,22,5,1084,1,7,FORD FIESTA,-1,-1,0,-1
2024141491478,2024,141491478,1,9,0,-1,19,5,1,-1,0,8,0,0,0,0,1,1,-1,6,2,29,6,1242,1,8,FORD FIESTA,3,E01007550,0,1
2024631475424,2024,631475424,2,9,0,-1,4,2,6,-1,0,1,0,0,0,0,2,1,-1,9,1,22,5,1242,1,11,FORD FIESTA,8,E01032442,0,4
2024211528961,2024,211528961,2,9,0,-1,5,7,3,-1,0,0,1,0,0,0,3,1,-1,9,1,42,7,1242,1,15,FORD FIESTA,2,E01010310,0,2
2024141482806,2024,141482806,1,9,0,-1,6,2,6,-1,0,0,0,0,0,0,3,1,-1,9,1,21,5,998,1,9,FORD FIESTA,1,E01007555,0,1
2024501547304,2024,501547304,3,9,0,-1,19,6,2,-1,0,0,0,0,0,0,1,1,-1,6,2,28,6,1560,2,11,FORD FIESTA,6,E01015027,0,4
2024622400505,2024,622400505,2,9,0,18,19,4,8,0,0,2,0,0,0,0,3,2,6,6,1,20,4,998,1,7,FORD FIESTA,5,W01001101,0,1
2024332400875,2024,332400875,2,9,0,-1,19,4,8,-1,0,0,0,0,0,0,2,1,-1,2,2,57,9,999,1,4,FORD FIESTA,10,E01031111,0,1
2024332400519,2024,332400519,1,9,0,-1,19,3,8,-1,0,0,5,10,7,9,4,1,-1,6,3,-1,-1,1499,2,9,FORD FIESTA,-1,-1,0,-1
2024231492367,2024,231492367,1,9,0,-1,19,7,3,-1,0,0,0,10,7,11,1,1,-1,9,1,80,11,998,1,8,FORD FIESTA,8,E01035036,0,1
2024211534047,2024,211534047,1,9,0,-1,2,0,0,-1,0,0,0,0,0,0,2,1,-1,6,2,43,7,1084,1,2,FORD FIESTA,4,E01029817,0,1
2024141398293,2024,141398293,2,9,0,-1,19,7,3,-1,0,0,0,11,0,0,1,1,-1,2,2,21,5,1242,1,12,FORD FIESTA,8,E01028004,0,1
2024461434044,2024,461434044,1,9,0,-1,19,1,5,-1,0,2,0,0,0,0,1,1,-1,6,1,24,5,1388,1,15,FORD FIESTA,3,E01016042,0,1
2024041516923,2024,041516923,1,9,0,-1,5,5,8,-1,0,0,0,0,0,0,1,1,-1,2,2,26,6,998,1,9,FORD FIESTA,8,E01025105,0,1
2024471456149,2024,471456149,1,9,0,-1,4,7,3,-1,0,0,0,0,0,0,1,1,-1,6,2,48,8,1242,1,21,FORD FIESTA,10,E01024725,0,4
2024471533224,2024,471533224,1,9,0,-1,6,5,2,-1,0,0,0,0,0,0,1,1,-1,9,2,33,6,1388,1,18,FORD FIESTA,5,E01031571,0,1
2024211502858,2024,211502858,1,9,0,-1,9,6,2,-1,0,0,0,0,0,0,2,1,-1,6,2,56,9,999,1,3,FORD FIESTA,-1,-1,0,-1
2024332401246,2024,332401246,1,9,0,-1,9,6,4,-1,0,5,0,0,0,0,1,1,-1,9,2,18,4,998,1,8,FORD FIESTA,8,E01025913,0,3
2024161412647,2024,161412647,1,9,0,-1,19,6,2,-1,0,0,5,0,1,0,1,1,-1,9,1,19,4,1242,1,16,FORD FIESTA,2,E01010912,0,4
2024201514205,2024,201514205,1,9,0,-1,19,1,5,-1,0,0,0,0,0,0,1,1,-1,6,1,35,6,1242,1,18,FORD FIESTA,5,E01009961,0,2
2024501471800,2024,501471800,1,9,0,-1,19,1,5,-1,0,0,0,0,0,0,2,1,-1,9,1,31,6,1399,2,13,FORD FIESTA,9,E01015113,0,1
2024302401739,2024,302401739,2,9,0,18,19,1,5,0,0,0,0,0,0,0,1,1,6,6,2,25,5,1084,1,6,FORD FIESTA,10,E01028389,0,3
2024440504116,2024,440504116,3,9,0,18,19,0,0,0,0,0,0,0,0,0,2,1,6,6,3,-1,-1,998,1,9,FORD FIESTA,-1,-1,0,-1
2024201426772,2024,201426772,1,9,0,-1,2,6,2,-1,0,0,0,0,0,0,0,1,-1,9,1,19,4,998,1,8,FORD FIESTA,-1,-1,0,-1
2024440115796,2024,440115796,1,9,0,9,9,3,1,0,0,6,0,0,0,0,1,1,6,6,2,71,10,1388,1,21,FORD FIESTA,8,E01017302,0,1
2024401465627,2024,401465627,2,9,-1,-1,-1,-1,-1,-1,-1,0,-1,-1,-1,0,-1,9,-1,6,1,33,6,1999,1,18,FORD FIESTA,4,E01015810,0,1
2024131519197,2024,131519197,2,9,0,-1,2,0,0,-1,0,0,0,0,0,0,2,1,-1,6,-1,-1,-1,998,1,8,FORD FIESTA,-1,-1,0,-1
2024421425126,2024,421425126,2,9,0,-1,9,7,5,-1,0,5,1,0,7,0,2,1,-1,1,1,25,5,1242,1,16,FORD FIESTA,5,E01021380,0,1
2024522403375,2024,522403375,1,9,0,18,19,8,4,0,0,8,0,0,0,0,3,1,6,6,1,19,4,1242,1,17,FORD FIESTA,10,E01014849,0,1
2024122400671,2024,122400671,1,9,0,18,19,6,2,0,0,8,0,0,0,0,1,1,6,6,3,69,10,998,1,11,FORD FIESTA,10,E01027730,0,2
2024211405791,2024,211405791,1,9,0,-1,19,3,7,-1,0,0,0,0,0,0,1,1,-1,6,2,22,5,1084,1,6,FORD FIESTA,5,E01029750,0,1
2024320075977,2024,320075977,2,9,0,-1,-1,6,2,0,0,0,0,0,0,0,3,1,-1,-1,2,23,5,998,1,11,FORD FIESTA,2,E01026175,0,1
2024461413530,2024,461413530,1,9,0,-1,19,1,5,-1,0,0,0,0,2,0,1,2,-1,9,1,18,4,1242,1,8,FORD FIESTA,3,E01016047,0,1
2024211440962,2024,211440962,1,9,0,-1,19,2,4,-1,0,0,0,11,0,0,1,1,-1,2,2,31,6,1388,1,19,FORD FIESTA,-1,-1,0,-1
2024320711615,2024,320711615,1,9,0,-1,-1,6,8,0,0,4,0,0,0,0,3,1,-1,-1,1,27,6,1596,1,13,FORD FIESTA,9,E01026370,0,1
2024221523265,2024,221523265,1,9,0,-1,7,7,2,-1,0,6,0,0,0,0,1,9,-1,2,2,50,8,1560,2,13,FORD FIESTA,1,E01032278,0,1
202460Q003014,2024,60Q003014,1,9,0,16,19,7,3,0,0,0,1,0,8,11,3,1,6,6,1,22,5,1499,2,9,FORD FIESTA,-1,-1,0,-1
2024201426053,2024,201426053,2,9,0,-1,7,1,1,-1,0,4,0,0,0,0,3,1,-1,1,1,40,7,1499,2,11,FORD FIESTA,6,E01032591,0,1
2024461428997,2024,461428997,1,9,0,-1,9,5,5,-1,0,8,0,0,0,0,1,9,-1,9,1,19,4,998,1,9,FORD FIESTA,10,E01024322,0,2
2024131480263,2024,131480263,3,9,0,-1,19,3,3,-1,0,8,0,0,0,0,1,1,-1,6,1,39,7,998,1,9,FORD FIESTA,6,E01011451,0,1
2024061478550,2024,061478550,1,9,0,-1,19,3,7,-1,0,0,0,0,0,0,1,1,-1,9,1,43,7,999,1,3,FORD FIESTA,1,E01005314,0,1
2024440556119,2024,440556119,2,9,0,2,2,0,0,0,0,0,0,0,0,0,2,1,6,6,1,25,5,1388,1,12,FORD FIESTA,2,E01017119,0,1
2024211483334,2024,211483334,1,9,0,-1,19,1,1,-1,0,2,0,0,0,0,1,1,-1,1,1,57,9,1242,1,19,FORD FIESTA,4,E01014284,0,1
2024421455002,2024,421455002,1,9,0,-1,19,6,2,-1,0,1,0,0,0,0,3,1,-1,2,1,29,6,1242,1,9,FORD FIESTA,2,E01021700,0,4
2024421521838,2024,421521838,1,9,0,-1,12,1,5,-1,0,0,0,0,0,0,1,1,-1,6,1,24,5,1242,1,24,FORD FIESTA,3,E01021307,0,3
2024430040727,2024,430040727,1,9,0,18,19,4,8,0,0,0,0,0,0,0,1,1,6,6,1,46,8,1242,1,14,FORD FIESTA,3,E01032582,0,4
2024622400437,2024,622400437,1,9,0,6,6,6,6,0,0,0,0,0,0,0,4,1,1,1,2,26,6,1242,1,15,FORD FIESTA,3,W01000654,0,2
2024421503254,2024,421503254,1,9,0,-1,19,3,7,-1,0,1,0,0,0,0,1,9,-1,6,2,-1,-1,1242,1,10,FORD FIESTA,-1,-1,0,-1
2024351531105,2024,351531105,1,9,0,-1,19,8,4,-1,0,0,1,11,6,6,1,1,-1,9,1,18,4,1242,1,16,FORD FIESTA,10,E01018239,0,3
2024311530167,2024,311530167,2,9,0,-1,10,7,5,-1,0,1,0,0,0,0,3,1,-1,6,2,64,9,998,1,5,FORD FIESTA,-1,-1,0,-1
2024231518069,2024,231518069,2,9,0,-1,19,1,5,-1,0,8,0,0,0,0,4,1,-1,9,1,33,6,998,1,5,FORD FIESTA,9,E01028292,0,5
2024161421045,2024,161421045,1,9,0,-1,9,5,3,-1,0,0,0,0,0,0,2,9,-1,9,2,32,6,1084,1,5,FORD FIESTA,4,E01013019,0,3
2024451468623,2024,451468623,1,9,0,-1,19,1,5,-1,0,0,0,0,0,0,1,9,-1,6,1,25,5,1388,1,17,FORD FIESTA,5,E01024485,0,2
2024440123549,2024,440123549,1,9,0,18,19,1,5,0,0,0,0,0,0,0,1,1,1,1,1,70,10,1499,2,11,FORD FIESTA,4,E01017110,0,1
2024010519744,2024,010519744,2,19,0,18,19,7,3,0,0,1,0,0,0,0,1,1,6,6,3,-1,-1,1499,2,4,FORD FIESTA,-1,-1,0,-1
2024471467336,2024,471467336,1,9,0,-1,1,3,7,-1,0,0,0,0,0,0,2,1,-1,9,1,80,11,1242,1,12,FORD FIESTA,2,E01022913,0,2
2024631530277,2024,631530277,1,9,0,-1,19,1,5,-1,0,2,1,0,2,10,1,1,-1,9,1,17,4,1242,1,11,FORD FIESTA,5,W01000528,0,1
2024061467281,2024,061467281,2,9,0,-1,19,5,1,-1,0,1,0,0,0,0,1,1,-1,6,2,46,8,998,1,11,FORD FIESTA,-1,-1,0,-1