collision_index,collision_year,collision_ref_no,vehicle_reference,vehicle_type,towing_and_articulation,vehicle_manoeuvre_historic,vehicle_manoeuvre,vehicle_direction_from,vehicle_direction_to,vehicle_location_restricted_lane_historic,vehicle_location_restricted_lane,junction_location,skidding_and_overturning,hit_object_in_carriageway,vehicle_leaving_carriageway,hit_object_off_carriageway,first_point_of_impact,vehicle_left_hand_drive,journey_purpose_of_driver_historic,journey_purpose_of_driver,sex_of_driver,age_of_driver,age_band_of_driver,engine_capacity_cc,propulsion_code,age_of_vehicle,generic_make_model,driver_imd_decile,lsoa_of_driver,escooter_flag,driver_distance_banding
2024010512105,2024,010512105,1,9,0,9,9,3,8,0,0,7,0,0,0,0,1,1,6,6,1,20,4,1242,1,11,FORD FIESTA,3,E01003523,0,2
2024052400348,2024,052400348,1,9,0,9,9,7,5,0,0,1,0,0,0,0,1,1,6,6,2,40,7,1242,1,10,FORD FIESTA,1,E01006445,0,1
2024010504317,2024,010504317,1,9,0,18,19,7,3,0,0,0,0,0,0,0,2,1,6,6,1,22,5,1388,1,12,FORD FIESTA,6,E01003772,0,2
2024041485224,2024,041485224,1,9,0,-1,19,1,5,-1,0,1,0,0,0,0,1,1,-1,6,1,17,4,1596,1,13,FORD FIESTA,7,E01012611,0,1
2024631486060,2024,631486060,1,9,0,-1,19,6,8,-1,0,0,0,0,0,0,1,1,-1,6,1,20,4,998,1,7,FORD FIESTA,8,W01000457,0,2
2024451522371,2024,451522371,1,9,0,-1,19,1,5,-1,0,0,0,11,0,0,1,1,-1,9,2,36,7,1118,1,32,FORD FIESTA,4,E01030645,0,1
2024221505234,2024,221505234,1,9,0,-1,19,2,6,-1,0,0,0,0,2,0,1,1,-1,1,2,18,4,1242,1,19,FORD FIESTA,5,E01014065,0,1
2024311497900,2024,311497900,1,9,0,-1,19,6,2,-1,0,0,1,0,1,1,1,1,-1,9,1,18,4,998,1,7,FORD FIESTA,-1,-1,0,-1
2024010546810,2024,010546810,2,9,0,8,8,8,3,0,0,2,0,0,0,0,1,1,6,6,2,23,5,998,1,6,FORD FIESTA,-1,-1,0,-1
2024501498853,2024,501498853,1,9,0,-1,19,2,5,-1,0,0,5,0,8,10,1,1,-1,6,2,79,11,999,1,3,FORD FIESTA,10,E01019957,0,4
2024461444301,2024,461444301,1,9,0,-1,19,6,2,-1,0,0,0,0,1,0,4,1,-1,9,1,18,4,1399,2,15,FORD FIESTA,5,E01035299,0,3
2024421501767,2024,421501767,4,9,0,-1,3,5,7,-1,0,1,0,0,0,0,2,1,-1,2,1,29,6,1388,1,16,FORD FIESTA,4,E01021601,0,3
2024010546227,2024,010546227,1,9,0,99,99,9,9,99,99,9,9,99,9,99,2,9,2,2,2,21,5,1388,1,12,FORD FIESTA,5,E01004641,0,1
2024622400179,2024,622400179,1,9,0,18,19,4,8,0,0,1,0,7,1,11,1,1,6,6,1,27,6,998,1,8,FORD FIESTA,6,W01001291,0,1
2024340WN1462,2024,340WN1462,1,9,0,-1,9,5,2,-1,0,6,0,0,0,0,1,1,-1,6,2,79,11,998,1,8,FORD FIESTA,3,E01027228,0,3
2024421506111,2024,421506111,1,9,0,-1,19,6,2,-1,0,0,0,0,0,0,1,1,-1,9,1,19,4,1242,1,13,FORD FIESTA,4,E01029918,0,3
2024201495649,2024,201495649,4,9,0,-1,19,5,1,-1,0,0,0,0,0,0,2,1,-1,2,2,54,8,1242,1,20,FORD FIESTA,7,E01009976,0,2
2024991487719,2024,991487719,1,9,0,-1,5,4,2,-1,0,0,0,0,0,0,4,1,-1,9,1,25,5,998,1,6,FORD FIESTA,5,-1,0,1
2024440406765,2024,440406765,2,9,0,18,19,8,4,0,0,2,0,0,0,0,1,1,6,6,1,-1,-1,1596,1,7,FORD FIESTA,-1,-1,0,-1
2024231535872,2024,231535872,1,9,0,-1,19,3,4,-1,0,0,0,0,7,10,1,9,-1,6,2,35,6,998,1,11,FORD FIESTA,5,E01009712,0,1
2024311398419,2024,311398419,1,9,0,-1,9,5,3,-1,0,5,0,0,0,0,1,1,-1,6,1,74,10,1388,1,15,FORD FIESTA,2,E01027954,0,1
2024041467432,2024,041467432,1,9,0,-1,19,3,7,-1,0,0,0,4,0,0,1,1,-1,6,2,22,5,1388,1,15,FORD FIESTA,2,E01012606,0,1
2024371472011,2024,371472011,1,9,0,-1,19,7,3,-1,0,2,0,0,0,0,1,1,-1,2,2,26,6,1242,1,16,FORD FIESTA,5,E01030252,0,2
2024131402780,2024,131402780,1,9,0,-1,19,7,3,-1,0,1,0,0,0,0,1,1,-1,2,2,26,6,998,1,7,FORD FIESTA,1,E01033697,0,1
202417M306724,2024,17M306724,2,9,0,-1,9,1,7,-1,0,8,0,0,0,0,1,1,-1,9,1,18,4,1242,1,9,FORD FIESTA,-1,-1,0,-1
2024421402255,2024,421402255,1,9,0,-1,19,5,1,-1,0,0,0,0,0,0,1,1,-1,9,2,21,5,1388,1,13,FORD FIESTA,6,E01021419,0,1
2024302400521,2024,302400521,1,9,0,18,19,5,1,0,0,8,0,0,0,0,1,1,6,6,2,23,5,1242,1,11,FORD FIESTA,9,E01019589,0,1
2024201515529,2024,201515529,1,9,0,-1,7,8,2,-1,0,5,0,0,0,0,1,1,-1,6,1,82,11,1242,1,8,FORD FIESTA,1,E01009114,0,1
2024201485945,2024,201485945,2,9,0,-1,19,7,3,-1,0,4,0,4,0,0,1,1,-1,6,1,22,5,1242,1,9,FORD FIESTA,9,E01009435,0,1
2024340WN2302,2024,340WN2302,2,9,0,-1,19,6,2,-1,0,1,0,0,0,0,4,1,-1,6,2,58,9,998,1,8,FORD FIESTA,9,E01027144,0,1
2024041465528,2024,041465528,2,9,0,-1,19,7,3,-1,0,0,0,0,0,0,1,1,-1,9,1,19,4,1242,1,12,FORD FIESTA,7,E01024914,0,3
2024440454096,2024,440454096,1,9,0,17,19,3,8,0,0,0,0,0,1,0,1,1,6,6,1,19,4,1242,1,18,FORD FIESTA,7,E01017294,0,3
2024010493766,2024,010493766,1,9,0,18,19,8,4,0,0,0,0,0,0,0,3,1,6,6,1,40,7,1242,1,15,FORD FIESTA,-1,-1,0,-1
2024131490521,2024,131490521,2,9,0,-1,19,1,5,-1,0,0,0,0,0,0,1,1,-1,9,2,80,11,1399,2,16,FORD FIESTA,7,E01011410,0,1
2024201427183,2024,201427183,1,9,0,-1,1,5,1,-1,9,0,0,0,0,0,2,1,-1,9,1,37,7,1499,2,11,FORD FIESTA,-1,-1,0,-1
2024501438006,2024,501438006,1,9,0,-1,7,7,5,-1,0,5,0,0,0,0,4,1,-1,9,1,17,4,999,1,3,FORD FIESTA,8,E01015124,0,2
2024440329371,2024,440329371,3,9,0,4,4,2,6,0,0,0,0,0,0,0,2,1,6,6,2,34,6,1242,1,12,FORD FIESTA,3,E01017225,0,1
2024131480611,2024,131480611,1,9,0,-1,19,3,7,-1,0,0,0,0,0,0,1,1,-1,9,2,25,5,998,1,11,FORD FIESTA,2,E01011912,0,1
2024311527785,2024,311527785,1,9,0,-1,19,3,7,-1,0,2,0,4,0,0,1,1,-1,6,1,89,11,1242,1,9,FORD FIESTA,7,E01028156,0,1
2024411454403,2024,411454403,1,9,0,-1,19,7,3,-1,0,8,0,0,0,0,1,1,-1,2,2,39,7,1596,1,12,FORD FIESTA,10,E01035582,0,1
2024471442306,2024,471442306,1,9,0,-1,19,7,3,-1,0,0,0,0,0,0,1,1,-1,9,1,20,4,1242,1,20,FORD FIESTA,2,E01031451,0,2
2024131474055,2024,131474055,1,9,0,-1,9,3,1,-1,0,2,0,0,0,0,4,1,-1,6,2,34,6,1388,1,15,FORD FIESTA,1,E01011899,0,1
2024201478602,2024,201478602,1,9,0,-1,19,3,7,-1,0,8,0,0,0,0,1,1,-1,6,1,21,5,1388,1,14,FORD FIESTA,1,E01033891,0,1
2024501412004,2024,501412004,1,9,-1,-1,1,6,4,-1,0,1,0,0,0,0,2,9,-1,6,1,82,11,998,1,4,FORD FIESTA,6,E01019003,0,1
2024332401040,2024,332401040,3,9,0,-1,3,4,8,-1,0,0,1,0,0,0,4,1,-1,6,3,-1,-1,1242,1,10,FORD FIESTA,-1,-1,0,-1
2024440519966,2024,440519966,2,9,0,7,7,7,3,0,0,1,0,0,0,0,4,1,6,6,2,18,4,1388,1,12,FORD FIESTA,1,E01017120,0,1
2024231478834,2024,231478834,1,9,0,-1,19,1,5,-1,0,8,0,0,0,0,1,1,-1,2,2,18,4,1242,1,14,FORD FIESTA,8,E01031196,0,1
2024451456041,2024,451456041,1,9,0,-1,19,5,1,-1,0,0,1,0,2,7,1,1,-1,9,2,32,6,1399,2,15,FORD FIESTA,6,E01031643,0,4
2024501447105,2024,501447105,1,9,0,-1,9,5,1,-1,0,8,0,0,0,0,1,9,-1,6,1,56,9,1242,1,17,FORD FIESTA,2,E01020039,0,1
2024610009224,2024,610009224,2,9,0,18,19,2,6,0,0,3,0,0,0,0,1,1,6,6,1,27,6,1560,2,15,FORD FIESTA,1,W01001661,0,2
2024461502165,2024,461502165,1,9,0,-1,19,7,2,-1,0,0,0,0,0,0,0,1,-1,6,1,41,7,-1,-1,-1,FORD FIESTA,4,E01002279,0,4
2024361429947,2024,361429947,2,9,0,-1,19,1,5,-1,0,1,0,0,0,0,1,1,-1,6,1,25,5,998,1,8,FORD FIESTA,6,E01026629,0,3
2024991523454,2024,991523454,1,9,0,-1,9,4,1,-1,0,8,0,0,0,0,4,1,-1,9,2,18,4,1242,1,12,FORD FIESTA,3,-1,0,1
2024010531942,2024,010531942,1,9,0,9,9,1,7,0,0,5,0,0,0,0,4,1,6,6,1,47,8,1596,1,19,FORD FIESTA,7,E01004107,0,1
2024131491003,2024,131491003,2,9,0,-1,11,1,7,-1,0,0,0,0,0,0,2,2,-1,6,1,76,11,998,1,10,FORD FIESTA,10,E01011461,0,1
2024111406309,2024,111406309,2,9,0,-1,5,8,4,-1,0,4,1,0,0,0,4,1,-1,7,2,19,4,1399,2,14,FORD FIESTA,10,E01020829,0,2
2024520403362,2024,520403362,2,9,0,18,19,5,1,0,0,0,0,0,0,0,2,1,6,6,2,30,6,1560,2,14,FORD FIESTA,1,E01029132,0,2
2024991511942,2024,991511942,2,9,0,-1,19,8,5,-1,0,1,0,0,0,0,1,1,-1,9,1,54,8,1242,1,9,FORD FIESTA,8,-1,0,1
2024320522803,2024,320522803,2,9,0,2,2,0,0,0,0,0,0,0,0,0,1,1,-1,-1,1,25,5,998,1,11,FORD FIESTA,5,E01026018,0,1
2024461436520,2024,461436520,1,9,0,-1,19,6,2,-1,0,0,5,0,1,0,1,9,-1,9,1,20,4,1596,1,17,FORD FIESTA,2,E01023975,0,2
2024141419422,2024,141419422,1,9,0,-1,5,7,3,-1,0,6,0,0,0,0,1,2,-1,9,1,18,4,1242,1,12,FORD FIESTA,8,E01035469,0,4
2024010500378,2024,010500378,1,9,0,99,99,9,9,99,99,9,9,99,9,99,2,9,6,6,2,26,6,1242,1,10,FORD FIESTA,7,E01017826,0,2
2024471465527,2024,471465527,1,9,0,-1,19,1,5,-1,0,0,0,0,0,0,1,1,-1,2,2,35,6,1388,1,14,FORD FIESTA,4,E01031716,0,3
2024440149976,2024,440149976,2,9,0,18,19,4,8,0,0,1,0,0,0,0,1,1,6,6,2,21,5,1388,1,20,FORD FIESTA,8,E01015453,0,3
2024351397094,2024,351397094,2,9,0,-1,4,-1,-1,-1,0,0,0,0,0,0,3,9,-1,2,2,30,6,1242,1,9,FORD FIESTA,5,E01018024,0,1
2024201439239,2024,201439239,2,9,0,-1,19,7,4,-1,0,4,0,0,0,0,1,1,-1,6,2,20,4,1388,1,15,FORD FIESTA,1,E01009110,0,3
2024070663378,2024,070663378,1,9,0,9,9,3,7,0,0,8,0,0,0,0,1,1,6,6,2,19,4,1242,1,8,FORD FIESTA,1,E01012397,0,1
2024430391484,2024,430391484,2,9,0,3,3,5,1,0,0,1,0,0,0,0,2,1,6,6,2,39,7,1388,1,17,FORD FIESTA,9,E01016794,0,1
2024161462680,2024,161462680,4,9,0,-1,19,4,8,-1,0,0,0,0,0,0,1,1,-1,1,1,22,5,1399,2,16,FORD FIESTA,9,E01034755,0,2
2024041532563,2024,041532563,1,9,0,-1,11,1,5,-1,0,0,0,0,0,0,3,1,-1,1,1,46,8,998,1,8,FORD FIESTA,5,E01012667,0,2
2024440354001,2024,440354001,1,9,0,18,19,8,2,0,0,1,1,0,7,2,1,1,6,6,1,18,4,1242,1,8,FORD FIESTA,3,E01022959,0,4
2024231528256,2024,231528256,1,9,0,-1,19,6,2,-1,0,0,0,0,0,0,1,9,-1,6,1,25,5,1242,1,13,FORD FIESTA,8,E01031210,0,2
2024332400260,2024,332400260,2,9,0,-1,19,6,2,-1,0,0,0,0,0,0,1,1,-1,6,1,64,9,1242,1,20,FORD FIESTA,6,E01025884,0,1
2024221464954,2024,221464954,1,9,0,-1,9,8,6,-1,0,6,0,0,0,0,1,9,-1,1,1,34,6,1560,2,17,FORD FIESTA,8,E01032160,0,2
2024411507445,2024,411507445,1,9,0,-1,9,4,1,-1,0,8,0,0,0,0,1,1,-1,2,1,-1,-1,1242,1,9,FORD FIESTA,-1,-1,0,-1
2024111534082,2024,111534082,1,9,0,-1,19,5,1,-1,0,2,0,0,0,0,1,1,-1,6,1,48,8,1242,1,18,FORD FIESTA,2,E01020793,0,1
2024411479489,2024,411479489,1,9,0,-1,5,-1,-1,-1,0,2,0,0,0,0,9,9,-1,6,1,21,5,1242,1,15,FORD FIESTA,2,E01023405,0,1
2024161518843,2024,161518843,1,9,0,-1,19,3,7,-1,0,0,9,10,0,0,2,1,-1,6,2,56,9,998,1,6,FORD FIESTA,7,E01013322,0,3
2024302401383,2024,302401383,1,9,0,18,19,6,2,0,0,0,0,0,0,0,1,1,6,6,2,65,9,998,1,1,FORD FIESTA,10,E01019749,0,4
2024552401387,2024,552401387,1,9,0,18,19,8,4,0,0,0,1,0,7,4,1,1,6,6,1,69,10,998,1,11,FORD FIESTA,6,E01020482,0,1
2024451450190,2024,451450190,1,9,0,-1,19,7,3,-1,0,0,0,0,0,0,2,1,-1,9,1,69,10,998,1,9,FORD FIESTA,7,E01017889,0,4
2024010527773,2024,010527773,1,9,0,18,19,3,7,0,0,3,0,0,0,0,0,1,6,6,1,55,8,998,1,10,FORD FIESTA,2,E01002669,0,1
2024211496257,2024,211496257,2,9,0,-1,4,3,7,-1,0,0,0,0,0,0,2,1,-1,2,1,34,6,1242,1,12,FORD FIESTA,10,E01009720,0,3
2024371432071,2024,371432071,1,9,0,-1,10,8,6,-1,0,1,0,0,0,0,1,1,-1,9,1,59,9,998,1,10,FORD FIESTA,8,E01030043,0,2
2024302401529,2024,302401529,1,9,0,16,19,2,6,0,0,0,5,0,8,11,1,1,6,6,1,18,4,1596,1,15,FORD FIESTA,1,E01011492,0,4
2024401447652,2024,401447652,3,9,0,-1,19,1,5,-1,0,1,0,0,0,0,1,1,-1,1,1,45,7,998,1,6,FORD FIESTA,5,E01017440,0,1
2024332400687,2024,332400687,1,9,0,-1,13,5,1,-1,0,0,0,0,0,0,1,1,-1,6,3,-1,-1,-1,-1,-1,FORD FIESTA,-1,-1,0,-1
2024161457346,2024,161457346,3,9,0,-1,2,0,0,-1,0,1,0,0,0,0,4,1,-1,6,-1,-1,-1,1242,1,17,FORD FIESTA,-1,-1,0,-1
2024111524485,2024,111524485,2,9,0,-1,19,1,5,-1,0,0,0,0,0,0,1,1,-1,6,1,34,6,1499,2,8,FORD FIESTA,2,E01020668,0,4
2024070402476,2024,070402476,2,9,0,17,19,3,8,0,0,0,0,0,0,0,1,1,2,2,2,41,7,998,1,6,FORD FIESTA,10,E01018471,0,1
2024221445955,2024,221445955,1,9,0,-1,19,2,6,-1,0,6,0,0,3,1,1,9,-1,6,1,23,5,1399,2,15,FORD FIESTA,5,E01029011,0,3
2024991395765,2024,991395765,1,9,0,-1,6,4,8,-1,0,0,0,0,0,0,3,1,-1,6,1,71,10,1242,1,17,FORD FIESTA,4,-1,0,1
2024141398971,2024,141398971,1,9,0,-1,11,5,1,-1,0,0,0,0,0,0,0,1,-1,6,1,58,9,998,1,8,FORD FIESTA,4,E01007536,0,2
2024430268489,2024,430268489,2,9,0,17,19,2,5,0,0,3,0,0,0,0,2,1,6,6,2,21,5,1560,2,13,FORD FIESTA,10,E01028751,0,2
2024302401087,2024,302401087,2,9,0,16,19,8,2,0,0,2,0,0,0,0,2,1,6,6,2,31,6,1399,2,13,FORD FIESTA,3,E01013548,0,1
2024311481310,2024,311481310,1,9,0,-1,4,7,1,-1,0,1,0,0,0,0,1,1,-1,9,2,50,8,1596,1,18,FORD FIESTA,4,E01027957,0,1
2024041467334,2024,041467334,1,9,0,-1,5,5,1,-1,0,0,0,0,0,0,3,1,-1,9,1,19,4,1242,1,15,FORD FIESTA,4,E01025113,0,1
2024531438979,2024,531438979,2,9,0,-1,19,2,6,-1,0,8,0,0,0,0,1,1,-1,2,2,23,5,998,1,5,FORD FIESTA,5,E01022227,0,2
2024421396494,2024,421396494,1,9,0,-1,19,1,5,-1,0,2,0,0,1,0,1,9,-1,9,2,24,5,1242,1,15,FORD FIESTA,8,E01021555,0,1
2024161421917,2024,161421917,1,9,0,-1,19,8,4,-1,0,0,0,0,0,0,1,1,-1,9,1,56,9,998,1,5,FORD FIESTA,5,E01013271,0,3
2024371472389,2024,371472389,2,9,0,-1,13,5,1,-1,0,0,2,0,0,0,1,1,-1,9,1,54,8,1399,2,20,FORD FIESTA,7,E01030243,0,1
2024010533962,2024,010533962,2,9,0,99,99,9,9,99,99,9,9,99,9,99,9,9,6,6,3,-1,-1,999,1,4,FORD FIESTA,-1,-1,0,-1
2024991407032,2024,991407032,1,9,0,-1,9,7,5,-1,0,8,0,0,0,0,0,1,-1,1,1,22,5,1242,1,11,FORD FIESTA,1,-1,0,1
2024101520401,2024,101520401,2,9,0,-1,3,7,3,-1,0,0,0,0,0,0,1,1,-1,2,2,63,9,1242,1,9,FORD FIESTA,-1,-1,0,-1
2024421484802,2024,421484802,1,9,0,-1,19,7,3,-1,0,0,0,0,0,0,1,9,-1,6,1,20,4,1242,1,14,FORD FIESTA,-1,-1,0,-1
2024101445508,2024,101445508,1,9,0,-1,20,-1,-1,-1,0,0,0,0,0,0,-1,9,-1,6,1,24,5,1084,1,5,FORD FIESTA,8,E01019119,0,5
2024361458690,2024,361458690,2,9,0,-1,2,3,7,-1,0,2,0,0,0,0,2,1,-1,6,-1,-1,-1,1242,1,16,FORD FIESTA,-1,-1,0,-1
2024461412575,2024,461412575,1,9,0,-1,19,3,7,-1,0,2,0,0,0,0,1,1,-1,6,1,29,6,1242,1,19,FORD FIESTA,6,E01024460,0,2
2024991492230,2024,991492230,2,9,0,-1,19,3,7,-1,0,2,0,0,0,0,3,1,-1,9,2,78,11,998,1,6,FORD FIESTA,9,-1,0,3
2024471474493,2024,471474493,1,19,0,-1,2,0,0,-1,9,0,0,0,0,0,2,9,-1,6,3,-1,-1,1499,2,11,FORD FIESTA,-1,-1,0,-1
2024471490551,2024,471490551,1,9,0,-1,19,1,5,-1,0,0,0,0,0,0,1,1,-1,9,1,25,5,998,1,2,FORD FIESTA,5,E01030531,0,2
2024052400078,2024,052400078,1,9,0,9,9,3,1,0,0,5,0,0,0,0,4,1,6,6,1,20,4,1560,2,15,FORD FIESTA,4,E01034405,0,3
2024461527972,2024,461527972,1,9,0,-1,3,7,3,-1,0,0,0,0,0,0,2,1,-1,2,2,39,7,999,1,1,FORD FIESTA,4,E01024162,0,1
2024010509025,2024,010509025,3,9,0,18,19,7,3,0,0,8,0,0,2,10,1,1,6,6,2,41,7,998,1,11,FORD FIESTA,2,E01034475,0,1
2024231503283,2024,231503283,1,9,0,-1,19,4,8,-1,0,0,0,0,1,11,1,1,-1,9,2,25,5,998,1,9,FORD FIESTA,1,E01009567,0,4
2024052402868,2024,052402868,2,9,0,18,19,1,5,0,0,0,0,0,1,11,3,1,6,6,2,63,9,998,1,6,FORD FIESTA,1,E01006504,0,1
2024221510966,2024,221510966,1,9,0,-1,19,3,7,-1,0,6,0,0,0,0,1,1,-1,1,2,36,7,-1,-1,-1,FORD FIESTA,8,E01028848,0,3
2024440378326,2024,440378326,1,9,0,7,7,0,7,0,0,1,0,0,0,0,1,1,6,6,2,31,6,998,1,7,FORD FIESTA,5,E01022835,0,1
2024371484907,2024,371484907,1,9,0,-1,10,1,7,-1,0,1,0,0,0,0,1,1,-1,2,2,24,5,1242,1,17,FORD FIESTA,4,E01021979,0,4
2024041435322,2024,041435322,1,9,0,-1,5,7,3,-1,0,3,0,0,0,0,1,2,-1,2,2,32,6,1399,2,17,FORD FIESTA,1,E01012709,0,1
2024471462876,2024,471462876,1,9,0,-1,19,3,7,-1,0,8,0,0,0,0,1,1,-1,6,1,18,4,1560,2,11,FORD FIESTA,8,E01017829,0,4
2024201465122,2024,201465122,1,9,0,-1,19,5,1,-1,0,1,0,10,7,2,1,9,-1,6,3,30,6,1242,1,13,FORD FIESTA,-1,-1,0,-1
2024122500110,2024,122500110,1,9,0,18,19,7,3,0,0,4,0,0,0,0,2,1,6,6,1,63,9,1084,1,6,FORD FIESTA,7,E01027601,0,3
2024501442820,2024,501442820,1,9,0,-1,19,2,6,-1,0,0,0,0,1,5,1,1,-1,9,1,88,11,1388,1,18,FORD FIESTA,2,E01015176,0,1
2024221519168,2024,221519168,2,9,0,-1,19,4,8,-1,0,8,0,0,0,0,3,1,-1,6,1,18,4,998,1,11,FORD FIESTA,6,E01028970,0,1
2024461478944,2024,461478944,1,9,0,-1,19,5,1,-1,0,8,0,0,0,0,1,1,-1,1,2,27,6,1596,1,13,FORD FIESTA,1,E01024613,0,1
2024461513343,2024,461513343,1,9,0,-1,19,5,1,-1,0,1,0,0,0,0,1,9,-1,6,1,28,6,1560,2,17,FORD FIESTA,5,E01016088,0,3
2024311433305,2024,311433305,2,9,0,-1,9,3,5,-1,0,8,0,0,1,0,4,1,-1,2,1,20,4,998,1,8,FORD FIESTA,3,E01028030,0,1
2024552400208,2024,552400208,1,9,0,18,19,2,6,0,0,0,2,0,7,10,4,1,6,6,1,20,4,1242,1,21,FORD FIESTA,7,E01020498,0,3
2024201515872,2024,201515872,1,9,0,-1,19,8,4,-1,0,2,0,0,0,0,1,1,-1,6,3,-1,-1,1596,1,17,FORD FIESTA,-1,-1,0,-1
2024141479872,2024,141479872,2,9,0,-1,9,4,2,-1,0,8,0,0,0,0,1,1,-1,6,1,31,6,1596,1,14,FORD FIESTA,9,E01007808,0,1
2024131451333,2024,131451333,1,9,0,-1,19,2,6,-1,0,1,1,0,0,0,1,1,-1,9,1,22,5,1496,1,2,FORD FIESTA,7,E01011145,0,1
2024071025588,2024,071025588,2,9,0,-1,19,2,3,-1,0,1,0,0,0,0,3,1,-1,6,1,50,8,1242,1,18,FORD FIESTA,3,E01006433,0,2
2024520402837,2024,520402837,1,9,0,7,7,2,6,0,0,8,0,0,1,4,3,1,6,6,1,29,6,1560,2,15,FORD FIESTA,6,E01019936,0,3
2024201441758,2024,201441758,2,9,0,-1,2,0,0,-1,0,0,0,0,0,0,1,1,-1,6,1,26,6,998,1,5,FORD FIESTA,4,E01031096,0,2
2024231479540,2024,231479540,2,9,0,-1,4,1,5,-1,0,1,0,0,0,0,1,1,-1,2,1,66,10,1242,1,11,FORD FIESTA,8,E01035097,0,3
2024332400379,2024,332400379,1,9,0,-1,99,9,9,-1,0,0,0,0,0,0,1,1,-1,6,2,-1,-1,1242,1,11,FORD FIESTA,-1,-1,0,-1
2024440155115,2024,440155115,1,9,0,13,13,4,8,0,0,0,0,0,0,0,4,1,6,6,1,28,6,1499,2,8,FORD FIESTA,5,E01022806,0,4
2024361518592,2024,361518592,2,9,0,-1,4,7,3,-1,0,0,0,0,0,0,2,1,-1,1,2,53,8,1499,2,11,FORD FIESTA,7,E01026436,0,4
2024531452672,2024,531452672,1,9,0,-1,19,4,8,-1,0,0,0,0,0,0,1,1,-1,9,1,19,4,1242,1,12,FORD FIESTA,9,W01001085,0,4
2024461451290,2024,461451290,2,9,0,-1,7,7,2,-1,0,5,0,0,0,0,4,9,-1,2,2,22,5,1242,1,15,FORD FIESTA,6,E01024830,0,3
2024371529549,2024,371529549,2,9,0,-1,19,-1,-1,-1,0,0,0,0,0,0,3,1,-1,6,2,19,4,998,1,11,FORD FIESTA,5,E01030087,0,4
2024052402559,2024,052402559,5,9,0,4,4,8,4,0,0,1,0,0,0,0,2,1,6,6,3,-1,-1,1242,1,8,FORD FIESTA,-1,-1,0,-1
2024141470610,2024,141470610,2,9,0,-1,19,3,7,-1,0,3,0,0,0,0,1,9,-1,6,1,-1,-1,1242,1,19,FORD FIESTA,-1,-1,0,-1
2024010506104,2024,010506104,1,9,0,18,19,5,1,0,0,2,0,7,0,0,1,1,6,6,1,24,5,998,1,11,FORD FIESTA,-1,-1,0,-1
2024302400784,2024,302400784,1,9,0,17,19,6,2,0,0,0,0,0,0,0,3,1,6,6,2,39,7,1499,2,8,FORD FIESTA,6,E01019482,0,1
2024052400091,2024,052400091,2,9,0,18,19,8,4,0,0,8,0,0,0,0,1,1,6,6,1,61,9,1388,1,20,FORD FIESTA,1,E01006738,0,1
2024610030124,2024,610030124,1,9,0,4,4,8,4,0,0,0,0,0,0,0,2,1,6,6,2,53,8,999,1,4,FORD FIESTA,4,W01001405,0,4
2024041408365,2024,041408365,1,9,0,-1,1,1,5,-1,0,0,0,0,0,0,2,1,-1,9,2,46,8,1242,1,15,FORD FIESTA,8,E01034347,0,1
2024430445188,2024,430445188,1,9,0,18,19,6,2,0,0,0,0,0,0,0,3,1,6,6,1,30,6,1560,2,12,FORD FIESTA,-1,-1,0,-1
2024421423186,2024,421423186,2,9,0,-1,19,7,3,-1,0,8,0,0,0,0,4,1,-1,6,1,56,9,1560,2,15,FORD FIESTA,1,E01021271,0,2
2024430396830,2024,430396830,1,9,0,17,19,2,6,0,0,0,2,0,1,4,1,1,6,6,1,49,8,1242,1,11,FORD FIESTA,5,E01017243,0,5
2024320082736,2024,320082736,1,9,0,4,4,2,6,0,0,0,0,0,0,0,1,1,6,6,2,42,7,1242,1,12,FORD FIESTA,4,E01026044,0,2
2024041431146,2024,041431146,1,9,0,-1,9,1,5,-1,0,6,0,0,0,0,1,1,-1,9,1,83,11,1388,1,19,FORD FIESTA,8,E01025005,0,1
2024010539727,2024,010539727,2,9,0,9,9,1,7,0,0,1,0,0,0,0,1,1,6,6,1,35,6,1242,1,12,FORD FIESTA,7,E01002176,0,1
2024101425407,2024,101425407,2,9,0,-1,3,2,8,-1,0,1,0,0,0,0,2,1,-1,9,2,36,7,1399,2,12,FORD FIESTA,3,E01008833,0,1
2024991480712,2024,991480712,1,9,0,-1,19,1,5,-1,0,1,0,0,2,0,3,1,-1,6,2,46,8,-1,-1,-1,FORD FIESTA,-1,-1,0,-1
2024070288366,2024,070288366,2,9,0,18,19,3,7,0,0,1,0,0,0,0,1,1,6,6,1,-1,-1,1596,1,9,FORD FIESTA,9,E01018473,0,1
2024340NN3302,2024,340NN3302,1,9,0,-1,19,7,3,-1,0,1,0,0,0,0,1,1,-1,9,1,45,7,999,1,4,FORD FIESTA,8,E01035416,0,2