collision_index,collision_year,collision_ref_no,vehicle_reference,vehicle_type,towing_and_articulation,vehicle_manoeuvre_historic,vehicle_manoeuvre,vehicle_direction_from,vehicle_direction_to,vehicle_location_restricted_lane_historic,vehicle_location_restricted_lane,junction_location,skidding_and_overturning,hit_object_in_carriageway,vehicle_leaving_carriageway,hit_object_off_carriageway,first_point_of_impact,vehicle_left_hand_drive,journey_purpose_of_driver_historic,journey_purpose_of_driver,sex_of_driver,age_of_driver,age_band_of_driver,engine_capacity_cc,propulsion_code,age_of_vehicle,generic_make_model,driver_imd_decile,lsoa_of_driver,escooter_flag,driver_distance_banding
202417L307124,2024,17L307124,1,9,0,-1,19,1,5,-1,0,8,0,0,0,0,3,1,-1,9,2,38,7,1242,1,17,FORD FIESTA,-1,-1,0,-1
2024991410044,2024,991410044,1,9,0,-1,7,2,3,-1,0,1,0,0,6,1,1,1,-1,6,2,46,8,1242,1,8,FORD FIESTA,2,-1,0,1
2024201436750,2024,201436750,2,9,0,-1,2,0,0,-1,0,0,0,0,0,0,2,1,-1,6,-1,-1,-1,998,1,11,FORD FIESTA,-1,-1,0,-1
2024421517545,2024,421517545,1,9,0,-1,19,5,1,-1,0,2,0,0,0,0,1,1,-1,6,1,54,8,1242,1,15,FORD FIESTA,8,E01021867,0,3
2024471477089,2024,471477089,2,9,0,-1,19,8,4,-1,0,1,0,0,0,0,1,1,-1,9,2,25,5,998,1,6,FORD FIESTA,7,E01021141,0,3
2024991507768,2024,991507768,1,9,0,-1,19,1,5,-1,0,0,0,0,0,0,1,1,-1,1,2,27,6,-1,-1,-1,FORD FIESTA,1,-1,0,1
2024622400648,2024,622400648,2,9,0,18,19,5,1,0,0,0,0,0,0,0,4,1,6,6,1,20,4,1596,1,16,FORD FIESTA,1,W01001202,0,1
2024440213137,2024,440213137,2,9,0,8,8,4,6,0,0,1,0,0,0,0,2,1,6,6,2,72,10,1242,1,21,FORD FIESTA,3,E01017091,0,1
2024131397375,2024,131397375,1,9,0,-1,19,7,3,-1,0,8,0,0,0,0,3,1,-1,9,1,23,5,998,1,7,FORD FIESTA,4,E01010978,0,2
2024010523890,2024,010523890,2,9,0,99,99,9,9,0,0,4,0,0,0,0,1,9,6,6,2,19,4,1242,1,16,FORD FIESTA,4,E01000980,0,1
2024201431949,2024,201431949,2,9,0,-1,3,5,1,-1,0,1,0,0,0,0,2,9,-1,6,2,30,6,998,1,6,FORD FIESTA,5,E01009473,0,1
2024010509519,2024,010509519,1,9,0,5,5,1,5,0,0,8,0,0,0,0,4,1,6,6,1,63,9,999,1,4,FORD FIESTA,6,E01002788,0,1
2024010517790,2024,010517790,2,9,0,2,2,0,0,0,0,2,0,4,0,0,2,1,6,6,3,-1,-1,999,8,0,FORD FIESTA,-1,-1,0,-1
2024231418284,2024,231418284,1,9,0,-1,9,8,6,-1,0,5,0,0,0,0,3,1,-1,1,1,22,5,1242,1,10,FORD FIESTA,7,E01010163,0,4
2024320547571,2024,320547571,3,9,0,10,10,4,8,0,0,1,0,0,0,0,2,1,-1,-1,2,66,10,1242,1,10,FORD FIESTA,4,E01026230,0,2
2024430608810,2024,430608810,1,9,0,18,19,1,5,0,0,0,0,0,0,0,1,1,6,6,1,32,6,1242,1,17,FORD FIESTA,-1,-1,0,-1
2024061416730,2024,061416730,1,9,-1,-1,-1,-1,-1,-1,-1,-1,-1,-1,-1,0,-1,9,-1,6,3,-1,-1,1399,2,14,FORD FIESTA,1,E01005447,0,1
2024421518879,2024,421518879,2,9,0,-1,3,5,1,-1,0,0,0,0,0,0,2,1,-1,6,2,57,9,1242,1,15,FORD FIESTA,7,E01018276,0,4
2024440336569,2024,440336569,1,9,0,18,19,3,7,0,0,8,0,0,0,0,4,1,6,6,1,57,9,1388,1,15,FORD FIESTA,10,E01022867,0,1
2024430459379,2024,430459379,1,9,0,18,19,7,3,0,0,0,0,0,0,0,1,1,2,2,2,19,4,998,1,7,FORD FIESTA,4,E01017662,0,1
2024010539756,2024,010539756,2,9,0,18,19,5,1,0,0,1,0,0,0,0,1,1,6,6,3,24,5,998,1,10,FORD FIESTA,-1,-1,0,-1
2024421496612,2024,421496612,1,9,0,-1,19,3,7,-1,0,0,0,0,0,0,4,9,-1,6,3,-1,-1,1242,1,13,FORD FIESTA,-1,-1,0,-1
2024332400470,2024,332400470,1,9,0,-1,19,7,3,-1,0,8,0,0,0,0,3,1,-1,2,1,23,5,1399,2,12,FORD FIESTA,3,E01013658,0,1
2024451430209,2024,451430209,2,9,0,-1,19,5,1,-1,0,1,0,0,1,2,1,1,-1,6,2,92,11,998,1,6,FORD FIESTA,9,E01030987,0,1
2024520403172,2024,520403172,1,9,0,18,19,4,8,0,0,0,0,0,0,0,2,1,6,6,2,72,10,998,1,8,FORD FIESTA,4,E01029334,0,3
2024461507410,2024,461507410,1,9,0,-1,12,1,5,-1,0,0,0,0,0,0,0,9,-1,6,2,20,4,1242,1,12,FORD FIESTA,4,E01021495,0,4
2024221468604,2024,221468604,1,9,0,-1,19,6,2,-1,0,0,5,0,2,3,1,9,-1,1,1,53,8,1388,1,22,FORD FIESTA,6,W01000434,0,1
2024141557614,2024,141557614,1,9,0,-1,3,1,5,-1,0,5,0,0,0,0,2,1,-1,9,2,18,4,1596,1,12,FORD FIESTA,2,E01011786,0,1
2024421501767,2024,421501767,2,9,0,-1,3,3,1,-1,0,2,0,0,0,0,2,1,-1,2,1,50,8,998,1,7,FORD FIESTA,9,E01021395,0,1
2024320550418,2024,320550418,2,9,0,-1,-1,7,3,0,0,0,1,0,7,0,3,1,6,6,2,21,5,1242,1,10,FORD FIESTA,4,E01026224,0,1
2024010498841,2024,010498841,1,9,0,18,19,7,3,0,0,0,0,4,0,0,3,1,6,6,1,47,8,1242,1,9,FORD FIESTA,3,E01034218,0,1
2024991399268,2024,991399268,1,9,0,-1,19,6,1,-1,0,0,0,0,7,11,3,1,-1,6,2,58,9,1242,1,15,FORD FIESTA,2,-1,0,4
2024161415202,2024,161415202,2,9,0,-1,19,8,4,-1,0,1,0,0,0,0,1,1,-1,6,1,21,5,1242,1,14,FORD FIESTA,1,E01013201,0,1
2024461503675,2024,461503675,2,9,0,-1,2,2,6,-1,9,0,0,0,0,0,0,1,-1,9,2,22,5,1388,1,14,FORD FIESTA,5,E01035298,0,1
2024461439666,2024,461439666,1,9,0,-1,19,1,4,-1,0,0,2,0,2,0,1,1,-1,6,2,18,4,1388,1,19,FORD FIESTA,10,E01024348,0,2
2024141461268,2024,141461268,2,9,0,-1,19,5,5,-1,0,1,0,0,0,0,1,1,-1,9,2,58,9,1399,2,15,FORD FIESTA,4,E01007584,0,3
2024421452819,2024,421452819,1,9,0,-1,19,2,6,-1,0,0,0,0,0,0,1,1,-1,6,2,86,11,998,1,10,FORD FIESTA,4,E01021495,0,1
2024201514426,2024,201514426,2,9,0,-1,9,7,4,-1,0,6,1,0,1,2,3,1,-1,6,2,24,5,1560,2,11,FORD FIESTA,3,E01010020,0,1
2024332400104,2024,332400104,1,9,0,-1,7,2,4,-1,0,4,0,0,0,0,2,1,-1,6,1,57,9,1596,1,18,FORD FIESTA,-1,-1,0,-1
2024010521262,2024,010521262,1,9,0,7,7,5,7,0,0,6,0,0,0,0,1,1,2,2,1,29,6,-1,-1,-1,FORD FIESTA,2,E01001693,0,2
2024010510714,2024,010510714,2,9,0,18,19,7,3,0,0,4,0,0,0,0,1,1,6,6,1,34,6,1242,1,19,FORD FIESTA,-1,-1,0,-1
2024552400516,2024,552400516,1,9,0,9,9,1,7,0,0,8,0,0,0,0,4,1,6,6,2,52,8,1596,1,19,FORD FIESTA,5,E01020587,0,1
2024201425172,2024,201425172,1,9,0,-1,19,7,3,-1,0,2,0,7,0,0,1,1,-1,2,1,76,11,1388,1,17,FORD FIESTA,-1,-1,0,-1
2024451441255,2024,451441255,1,9,0,-1,19,3,7,-1,9,1,0,0,1,11,1,1,-1,7,2,45,7,1388,1,12,FORD FIESTA,9,E01030715,0,1
2024320647990,2024,320647990,2,9,0,-1,-1,2,6,0,0,1,0,0,0,0,1,1,6,6,1,26,6,999,1,3,FORD FIESTA,6,E01002475,0,5
2024201467227,2024,201467227,2,9,0,-1,8,4,6,-1,0,1,0,0,0,0,3,1,-1,9,2,43,7,1242,1,13,FORD FIESTA,4,E01008920,0,1
2024631478192,2024,631478192,1,9,0,-1,19,5,1,-1,0,0,2,0,2,10,1,1,-1,9,1,20,4,1388,1,17,FORD FIESTA,7,W01000552,0,1
2024221485796,2024,221485796,1,9,0,-1,7,5,7,-1,0,6,0,0,0,0,1,1,-1,2,2,49,8,999,1,4,FORD FIESTA,7,E01029012,0,2
2024421492158,2024,421492158,3,9,0,-1,19,7,3,-1,0,1,0,0,0,0,1,1,-1,6,2,26,6,1084,1,5,FORD FIESTA,9,E01017927,0,4
2024501509701,2024,501509701,1,9,0,-1,19,7,3,-1,0,0,0,0,1,10,4,1,-1,9,1,18,4,1242,1,16,FORD FIESTA,5,E01020137,0,1
2024471455966,2024,471455966,1,9,0,-1,19,1,6,-1,9,0,0,0,1,0,1,1,-1,9,1,37,7,1499,2,8,FORD FIESTA,2,E01001696,0,4
2024471464429,2024,471464429,1,9,0,-1,19,7,3,-1,0,0,0,0,1,4,1,1,-1,9,1,30,6,1499,2,8,FORD FIESTA,10,E01035336,0,1
2024440154419,2024,440154419,2,9,0,18,19,2,6,0,0,7,5,0,1,4,3,1,2,2,2,28,6,998,1,6,FORD FIESTA,10,E01023233,0,1
2024421521459,2024,421521459,1,9,0,-1,19,7,1,-1,0,1,0,99,0,0,1,1,-1,6,2,38,7,1242,1,13,FORD FIESTA,5,E01021494,0,1
2024552400693,2024,552400693,1,9,0,18,19,8,4,0,0,0,0,0,0,0,1,1,6,6,1,35,6,1242,1,12,FORD FIESTA,7,E01029212,0,4
2024471462446,2024,471462446,1,9,0,-1,19,3,7,-1,0,2,0,0,0,0,4,1,-1,2,2,19,4,1242,1,13,FORD FIESTA,8,E01022958,0,1
2024010540737,2024,010540737,2,9,9,99,99,9,9,99,99,9,9,99,9,99,9,1,6,6,2,50,8,998,1,8,FORD FIESTA,4,E01004378,0,2
2024411477203,2024,411477203,3,9,0,-1,3,7,3,-1,0,0,0,0,0,0,2,1,-1,6,2,56,9,998,1,11,FORD FIESTA,1,E01023536,0,2
2024302400554,2024,302400554,2,8,0,18,19,6,2,0,0,0,0,0,0,0,1,1,6,6,2,-1,-1,1242,1,15,FORD FIESTA,4,E01019730,0,1
2024052401985,2024,052401985,1,9,0,7,7,6,6,0,0,8,1,0,0,0,1,1,6,6,1,43,7,1242,1,13,FORD FIESTA,1,E01006701,0,1
2024201436021,2024,201436021,1,9,0,-1,5,3,7,-1,0,6,0,0,0,0,3,9,-1,9,1,41,7,1242,1,12,FORD FIESTA,2,E01009239,0,1
2024122401172,2024,122401172,2,9,0,7,7,8,2,0,0,5,0,0,0,0,4,1,6,6,1,18,4,1399,2,15,FORD FIESTA,10,E01013432,0,1
2024101460687,2024,101460687,1,9,0,-1,9,5,3,-1,0,8,5,0,0,0,4,1,-1,6,1,23,5,1242,1,19,FORD FIESTA,3,E01008576,0,2
2024501400819,2024,501400819,1,9,0,-1,19,1,5,-1,9,0,2,0,1,10,3,1,-1,9,1,17,4,1560,2,16,FORD FIESTA,7,E01020338,0,2
2024131396531,2024,131396531,2,9,0,-1,19,3,7,-1,0,0,0,0,4,7,2,1,-1,9,2,64,9,998,1,6,FORD FIESTA,2,E01006786,0,4
2024161464991,2024,161464991,1,9,0,-1,4,6,2,-1,0,1,0,0,0,0,1,1,-1,6,1,34,6,1560,2,13,FORD FIESTA,3,E01012936,0,1
2024161450253,2024,161450253,1,9,0,-1,1,3,7,-1,0,0,0,0,0,0,2,1,-1,6,2,24,5,1399,2,14,FORD FIESTA,-1,-1,0,-1
2024471513654,2024,471513654,3,9,0,-1,19,5,1,-1,0,0,0,0,0,0,3,1,-1,2,1,38,7,1388,1,19,FORD FIESTA,3,E01035295,0,4
2024161486416,2024,161486416,2,9,0,-1,19,4,8,-1,0,0,0,0,0,0,1,1,-1,6,1,21,5,1596,1,8,FORD FIESTA,1,E01035473,0,1
2024471535449,2024,471535449,1,9,0,-1,19,1,5,-1,0,0,0,0,0,0,1,1,-1,9,2,72,10,999,8,1,FORD FIESTA,9,E01021235,0,1
2024052401264,2024,052401264,2,9,0,18,19,2,6,0,0,8,0,0,0,0,3,1,6,6,1,55,8,1242,1,19,FORD FIESTA,1,E01006605,0,1
2024010541752,2024,010541752,2,9,9,99,99,9,9,99,99,9,9,99,9,99,9,9,6,6,3,-1,-1,1242,1,15,FORD FIESTA,-1,-1,0,-1
2024311429291,2024,311429291,1,9,0,-1,19,5,1,-1,9,0,0,0,1,0,1,9,-1,9,1,20,4,998,1,11,FORD FIESTA,3,E01028187,0,1
2024131414832,2024,131414832,2,9,0,-1,19,5,1,-1,0,0,0,0,0,0,4,1,-1,9,1,68,10,1242,1,12,FORD FIESTA,10,E01011932,0,1
2024552401334,2024,552401334,1,9,0,12,12,8,4,0,0,8,0,0,0,0,3,1,6,6,3,-1,-1,1242,1,11,FORD FIESTA,-1,-1,0,-1
2024371421604,2024,371421604,1,9,0,-1,7,6,7,-1,9,6,0,0,0,0,3,1,-1,9,2,40,7,1388,1,17,FORD FIESTA,1,E01030227,0,1
2024991528472,2024,991528472,1,9,0,-1,3,4,8,-1,0,1,0,0,0,0,1,1,-1,6,1,17,4,998,1,9,FORD FIESTA,2,-1,0,1
2024471466084,2024,471466084,1,9,0,-1,9,8,7,-1,0,6,0,0,0,0,4,1,-1,9,1,36,7,998,1,8,FORD FIESTA,3,E01031347,0,2
2024052401177,2024,052401177,2,9,0,18,19,5,1,0,0,1,0,0,0,0,1,1,2,2,1,24,5,998,1,7,FORD FIESTA,1,E01034397,0,1
2024340NN9012,2024,340NN9012,2,9,0,-1,10,5,1,-1,0,1,0,0,0,0,2,1,-1,6,1,30,6,998,1,8,FORD FIESTA,-1,-1,0,-1
2024210509938,2024,210509938,2,9,0,4,4,1,5,0,0,2,0,0,0,0,1,1,6,6,1,63,9,998,1,7,FORD FIESTA,4,E01029766,0,1
2024311477084,2024,311477084,2,9,0,-1,11,1,5,-1,0,0,0,0,0,0,2,1,-1,9,1,21,5,1388,1,12,FORD FIESTA,9,E01019696,0,3
2024421452779,2024,421452779,1,9,0,-1,9,4,2,-1,0,1,0,0,0,0,4,1,-1,6,2,31,6,1242,1,10,FORD FIESTA,-1,-1,0,-1
2024201499769,2024,201499769,2,9,0,-1,9,1,6,-1,0,6,0,0,0,0,1,1,-1,9,1,39,7,1242,1,14,FORD FIESTA,9,E01010328,0,2
2024461435782,2024,461435782,1,9,0,-1,19,7,3,-1,0,0,0,0,0,0,3,1,-1,9,1,22,5,1560,2,16,FORD FIESTA,8,E01017814,0,4
2024461511888,2024,461511888,3,9,0,-1,4,5,1,-1,0,0,0,0,0,0,2,1,-1,9,1,27,6,1388,1,15,FORD FIESTA,2,E01035297,0,1
2024440273350,2024,440273350,1,9,0,12,12,3,7,0,0,0,0,0,0,0,3,1,2,2,1,20,4,998,1,10,FORD FIESTA,7,E01031978,0,3
2024461419158,2024,461419158,1,9,0,-1,19,2,3,-1,0,5,1,0,0,0,1,9,-1,6,2,40,7,998,1,8,FORD FIESTA,3,E01016021,0,1
2024010512450,2024,010512450,1,9,0,99,99,9,9,99,99,9,9,99,9,99,2,9,2,2,1,27,6,998,1,7,FORD FIESTA,9,E01000177,0,1
2024320350407,2024,320350407,2,9,0,2,2,0,0,0,0,0,0,0,0,0,2,1,6,6,2,17,4,999,1,3,FORD FIESTA,9,E01035478,0,3
2024440554790,2024,440554790,1,9,0,18,19,5,1,0,0,4,0,0,0,0,2,1,6,6,1,62,9,1388,1,20,FORD FIESTA,10,E01022510,0,1
2024231415502,2024,231415502,3,9,0,-1,3,1,5,-1,0,0,0,0,0,0,2,9,-1,6,2,23,5,999,1,4,FORD FIESTA,8,E01022139,0,4
2024201502235,2024,201502235,1,9,0,-1,19,8,4,-1,0,0,0,0,0,0,1,1,-1,6,1,48,8,999,1,4,FORD FIESTA,1,E01034929,0,1
2024421528650,2024,421528650,2,9,0,-1,4,8,5,-1,0,2,0,0,1,4,3,1,-1,6,1,17,4,1242,1,11,FORD FIESTA,10,E01022084,0,1
2024544970224,2024,544970224,2,9,0,4,4,2,6,0,0,1,0,0,0,0,2,1,6,6,1,17,4,998,1,10,FORD FIESTA,5,E01031925,0,1
2024622400481,2024,622400481,2,9,0,4,4,4,8,0,0,0,0,0,0,0,2,1,2,2,2,38,7,1242,1,10,FORD FIESTA,5,W01000821,0,1
2024522401408,2024,522401408,2,9,0,7,7,6,8,0,0,6,0,0,0,0,1,1,6,6,1,31,6,1388,1,18,FORD FIESTA,2,E01015666,0,5
2024622500033,2024,622500033,1,9,0,9,9,2,6,0,0,1,0,0,0,0,1,1,6,6,1,22,5,1560,2,12,FORD FIESTA,2,W01000789,0,4
2024610052324,2024,610052324,1,9,0,18,19,7,3,0,0,0,0,0,0,0,3,1,6,6,1,24,5,998,1,9,FORD FIESTA,2,W01001436,0,2
2024991425483,2024,991425483,1,9,0,-1,9,3,1,-1,0,6,0,0,0,0,1,1,-1,6,2,24,5,999,1,1,FORD FIESTA,1,-1,0,1
2024411466490,2024,411466490,1,9,0,-1,4,1,5,-1,0,0,0,0,0,0,1,1,-1,1,2,50,8,1596,1,14,FORD FIESTA,9,E01033808,0,3
2024522403000,2024,522403000,1,9,0,9,9,6,5,0,0,5,0,0,0,0,4,1,6,6,2,30,6,1388,1,12,FORD FIESTA,7,E01014917,0,1
2024371526595,2024,371526595,1,9,0,-1,6,1,1,-1,0,0,0,0,0,0,2,1,-1,6,2,35,6,1399,2,14,FORD FIESTA,5,E01030030,0,1
2024461407823,2024,461407823,1,9,0,-1,19,7,3,-1,0,0,0,10,1,3,1,1,-1,9,2,20,4,1242,1,15,FORD FIESTA,1,E01016161,0,3
2024471434933,2024,471434933,1,9,0,-1,19,7,3,-1,0,0,0,0,0,0,1,2,-1,6,1,-1,-1,1242,1,18,FORD FIESTA,-1,-1,0,-1
2024211429483,2024,211429483,1,9,0,-1,19,8,4,-1,0,1,0,0,0,0,1,1,-1,6,1,45,7,1560,2,17,FORD FIESTA,7,E01029444,0,1
2024201512640,2024,201512640,2,9,0,-1,10,1,2,-1,0,8,1,0,3,0,2,9,-1,9,1,25,5,1499,2,5,FORD FIESTA,5,E01009617,0,1
2024010549567,2024,010549567,1,9,0,99,99,9,9,99,99,9,9,99,9,99,1,9,2,2,1,22,5,1499,2,7,FORD FIESTA,5,E01002626,0,2
2024041468544,2024,041468544,2,9,0,-1,12,5,3,-1,0,1,0,0,0,0,4,1,-1,9,2,19,4,998,1,5,FORD FIESTA,4,E01007102,0,3
2024421436534,2024,421436534,1,9,0,-1,19,5,7,-1,0,0,0,0,0,0,1,9,-1,1,1,26,6,1242,1,12,FORD FIESTA,6,E01033719,0,1
2024411454852,2024,411454852,1,9,0,-1,19,6,2,-1,0,0,0,0,0,0,1,1,-1,6,2,-1,-1,1388,1,15,FORD FIESTA,-1,-1,0,-1
2024161533171,2024,161533171,6,9,0,-1,2,0,0,-1,0,0,0,0,0,0,2,1,-1,6,3,-1,-1,1388,1,19,FORD FIESTA,-1,-1,0,-1
2024031494110,2024,031494110,1,9,0,-1,19,3,8,-1,0,0,2,0,1,11,1,1,-1,9,1,18,4,1242,1,17,FORD FIESTA,4,E01025113,0,4
2024421525571,2024,421525571,1,9,0,-1,9,8,6,-1,0,1,1,0,0,0,1,1,-1,2,1,38,7,1084,1,5,FORD FIESTA,5,E01021432,0,1
2024311497154,2024,311497154,1,9,0,-1,19,7,3,-1,0,1,0,0,0,0,1,1,-1,6,2,32,6,1242,1,16,FORD FIESTA,9,E01013579,0,3
2024471502394,2024,471502394,1,9,0,-1,19,3,7,-1,0,0,5,0,0,0,1,1,-1,6,2,29,6,998,1,9,FORD FIESTA,7,E01031603,0,1
2024122400731,2024,122400731,1,9,0,9,9,5,1,0,0,8,0,0,0,0,1,1,6,6,1,18,4,998,1,7,FORD FIESTA,7,E01027643,0,3
2024101525275,2024,101525275,1,9,0,-1,5,1,3,-1,0,2,0,0,0,0,1,1,-1,9,2,39,7,1499,2,7,FORD FIESTA,2,E01008280,0,1
2024421479840,2024,421479840,3,9,0,-1,2,0,0,-1,0,0,0,0,0,0,2,1,-1,6,-1,-1,-1,1399,2,18,FORD FIESTA,-1,-1,0,-1
2024421441993,2024,421441993,1,9,0,-1,19,4,8,-1,0,0,0,4,0,0,3,1,-1,6,1,21,5,1596,1,9,FORD FIESTA,5,E01021420,0,1
2024361397395,2024,361397395,1,9,0,-1,19,4,7,-1,0,0,2,0,7,0,1,1,-1,6,1,24,5,1596,1,10,FORD FIESTA,4,E01026429,0,3
2024131442448,2024,131442448,2,9,0,-1,19,6,6,-1,0,8,0,0,0,0,3,1,-1,2,2,45,7,1242,1,10,FORD FIESTA,5,E01010990,0,1
2024520402138,2024,520402138,2,9,0,18,19,9,9,0,0,8,0,0,0,0,4,1,6,6,1,-1,-1,1596,1,15,FORD FIESTA,2,E01029112,0,1
2024010516039,2024,010516039,1,9,0,18,19,5,1,0,0,0,0,0,0,0,3,1,6,6,1,18,4,998,1,6,FORD FIESTA,2,E01004340,0,2
2024010548804,2024,010548804,1,9,0,18,19,1,5,0,0,2,0,0,0,0,1,1,6,6,1,66,10,1242,1,11,FORD FIESTA,-1,-1,0,-1
202417L207824,2024,17L207824,2,9,0,-1,3,7,3,-1,0,1,0,0,0,0,2,1,-1,9,2,21,5,998,1,11,FORD FIESTA,3,E01012155,0,3
2024221451464,2024,221451464,1,9,0,-1,9,2,1,-1,0,5,0,0,0,0,3,1,-1,6,1,18,4,1242,1,11,FORD FIESTA,2,E01032481,0,1
2024010497942,2024,010497942,2,9,9,99,99,9,9,99,99,9,9,99,9,99,9,9,6,6,3,-1,-1,1388,1,18,FORD FIESTA,-1,-1,0,-1
2024371531635,2024,371531635,1,9,0,-1,19,1,2,-1,0,0,0,0,0,0,3,1,-1,6,1,19,4,1388,1,17,FORD FIESTA,6,E01029992,0,1
2024311449096,2024,311449096,2,9,0,-1,9,4,2,-1,0,5,1,0,0,0,4,1,-1,6,1,45,7,1388,1,17,FORD FIESTA,3,E01013972,0,1
2024522402544,2024,522402544,1,9,0,18,19,4,8,0,0,4,0,0,0,0,1,1,6,6,1,33,6,998,1,10,FORD FIESTA,4,E01014699,0,1
2024010536020,2024,010536020,1,9,0,18,19,4,8,0,0,0,0,4,0,0,1,1,6,6,2,75,10,1242,1,13,FORD FIESTA,8,E01004175,0,1
2024991500475,2024,991500475,1,9,0,-1,19,5,2,-1,0,1,1,0,1,0,1,1,-1,9,1,18,4,1596,1,8,FORD FIESTA,6,-1,0,4
2024332401246,2024,332401246,2,9,0,-1,19,2,6,-1,0,8,0,0,0,0,1,1,-1,6,2,23,5,1388,1,18,FORD FIESTA,10,E01025880,0,1
2024211520448,2024,211520448,3,9,0,-1,2,5,1,-1,-1,0,1,4,1,0,2,1,-1,9,2,20,4,1242,1,15,FORD FIESTA,-1,-1,0,-1
2024371436391,2024,371436391,2,9,0,-1,3,4,8,-1,0,4,0,0,0,0,2,1,-1,6,1,51,8,998,1,10,FORD FIESTA,3,E01030108,0,1
2024141453633,2024,141453633,1,9,0,-1,19,2,6,-1,0,0,5,0,5,1,1,1,-1,9,1,20,4,1560,2,14,FORD FIESTA,1,E01007542,0,2
2024501448131,2024,501448131,1,9,0,-1,19,4,8,-1,0,0,0,0,0,0,3,1,-1,9,2,27,6,998,1,10,FORD FIESTA,5,E01015188,0,1
2024421478646,2024,421478646,1,9,0,-1,19,1,5,-1,0,0,0,11,0,0,1,1,-1,2,1,21,5,1242,1,15,FORD FIESTA,4,E01021269,0,1
2024421534639,2024,421534639,2,9,0,-1,19,7,4,-1,0,2,1,0,8,0,1,1,-1,9,1,34,6,998,1,9,FORD FIESTA,3,E01021977,0,1
2024440197312,2024,440197312,1,9,0,18,19,2,6,0,0,0,0,0,0,0,1,1,6,6,1,18,4,1499,2,6,FORD FIESTA,6,E01020354,0,4
2024201453274,2024,201453274,1,9,0,-1,19,7,3,-1,0,0,0,0,0,0,1,1,-1,6,2,-1,-1,999,1,4,FORD FIESTA,-1,-1,0,-1
2024332401040,2024,332401040,2,9,0,-1,3,4,8,-1,0,0,1,0,0,0,2,1,-1,6,3,-1,-1,1242,1,13,FORD FIESTA,-1,-1,0,-1
2024131526337,2024,131526337,1,9,0,-1,9,5,3,-1,0,1,0,0,0,0,3,1,-1,6,3,25,5,1399,2,12,FORD FIESTA,3,E01011261,0,1
2024332400421,2024,332400421,1,9,0,-1,19,1,6,-1,0,2,0,0,7,9,1,1,-1,9,1,64,9,998,1,7,FORD FIESTA,8,E01025911,0,1
2024211514725,2024,211514725,1,9,0,-1,5,3,7,-1,0,2,0,0,0,0,3,1,-1,6,2,24,5,1084,1,7,FORD FIESTA,1,E01014246,0,1
2024411506916,2024,411506916,2,9,0,-1,19,-1,-1,-1,0,8,1,0,3,0,3,1,-1,9,2,26,6,1084,1,6,FORD FIESTA,1,E01009490,0,5
2024520401937,2024,520401937,3,9,0,2,2,0,0,0,0,0,0,0,0,0,3,1,6,6,3,-1,-1,1242,1,11,FORD FIESTA,-1,-1,0,-1
2024201437719,2024,201437719,1,9,0,-1,7,8,2,-1,0,6,1,0,0,0,1,9,-1,7,2,30,6,1242,1,9,FORD FIESTA,6,E01010431,0,1
2024122500440,2024,122500440,1,9,0,17,19,1,5,0,0,0,1,0,2,10,1,1,6,6,1,19,4,1596,1,13,FORD FIESTA,7,E01027858,0,2
2024451485749,2024,451485749,1,9,0,-1,19,5,1,-1,0,1,0,0,1,2,4,1,-1,6,1,32,6,998,1,9,FORD FIESTA,10,E01031741,0,2
2024311429766,2024,311429766,1,9,0,-1,19,7,3,-1,0,1,5,0,0,0,3,2,-1,6,1,30,6,1499,2,8,FORD FIESTA,3,E01028338,0,1
2024332400394,2024,332400394,1,9,0,-1,19,5,8,-1,0,0,5,0,2,0,1,1,-1,6,1,21,5,1242,1,14,FORD FIESTA,3,E01025844,0,1
2024461398520,2024,461398520,1,9,0,-1,19,4,8,-1,0,0,0,11,0,0,1,9,-1,6,2,-1,-1,1399,2,12,FORD FIESTA,10,E01024056,0,1
2024471520142,2024,471520142,1,9,0,-1,19,6,2,-1,0,0,0,0,0,0,4,1,-1,7,2,29,6,1242,1,20,FORD FIESTA,4,E01021006,0,1
2024201418949,2024,201418949,2,9,0,-1,2,0,0,-1,0,0,0,0,0,0,0,1,-1,6,3,-1,-1,1388,1,14,FORD FIESTA,-1,-1,0,-1
2024302400366,2024,302400366,2,9,0,18,19,2,6,0,0,8,0,0,0,0,1,1,2,2,1,24,5,1242,1,9,FORD FIESTA,5,E01013530,0,2
2024552400491,2024,552400491,1,9,0,18,19,4,8,0,0,0,0,4,0,0,1,1,6,6,1,18,4,1399,2,15,FORD FIESTA,6,E01020510,0,4
2024401422728,2024,401422728,1,9,0,-1,19,5,1,-1,0,1,0,11,0,0,1,1,-1,6,2,38,7,1242,1,15,FORD FIESTA,8,E01015799,0,1
2024070563012,2024,070563012,2,9,0,18,19,3,7,0,0,8,0,0,0,0,1,1,6,6,1,75,10,1242,1,16,FORD FIESTA,2,E01006862,0,1