collision_index,collision_year,collision_ref_no,vehicle_reference,vehicle_type,towing_and_articulation,vehicle_manoeuvre_historic,vehicle_manoeuvre,vehicle_direction_from,vehicle_direction_to,vehicle_location_restricted_lane_historic,vehicle_location_restricted_lane,junction_location,skidding_and_overturning,hit_object_in_carriageway,vehicle_leaving_carriageway,hit_object_off_carriageway,first_point_of_impact,vehicle_left_hand_drive,journey_purpose_of_driver_historic,journey_purpose_of_driver,sex_of_driver,age_of_driver,age_band_of_driver,engine_capacity_cc,propulsion_code,age_of_vehicle,generic_make_model,driver_imd_decile,lsoa_of_driver,escooter_flag,driver_distance_banding
2024320250472,2024,320250472,1,9,0,-1,-1,8,4,0,0,6,5,0,3,9,3,1,-1,-1,2,92,11,1242,1,17,FORD FIESTA,6,E01026284,0,1
2024421528736,2024,421528736,2,9,0,-1,19,3,7,-1,0,8,0,0,0,0,1,1,-1,9,1,76,11,1560,2,10,FORD FIESTA,2,E01022046,0,1
2024501424297,2024,501424297,1,9,0,-1,7,1,3,-1,0,8,0,0,0,0,1,1,-1,9,2,33,6,998,1,9,FORD FIESTA,1,E01015040,0,1
2024101528393,2024,101528393,1,9,0,-1,19,3,7,-1,0,1,0,0,0,0,1,1,-1,9,1,32,6,1242,1,18,FORD FIESTA,6,E01027358,0,1
2024302400368,2024,302400368,2,9,0,4,4,2,6,0,0,1,0,0,0,0,1,1,2,2,1,18,4,1242,1,12,FORD FIESTA,5,E01019865,0,1
2024201413419,2024,201413419,3,9,0,-1,2,0,0,-1,0,0,0,0,0,0,2,1,-1,6,2,49,8,1242,1,9,FORD FIESTA,-1,-1,0,-1
2024421424538,2024,421424538,1,9,0,-1,3,7,7,-1,0,0,0,0,0,0,0,2,-1,6,1,49,8,1242,1,14,FORD FIESTA,-1,-1,0,-1
2024201479027,2024,201479027,2,9,0,-1,7,5,7,-1,0,5,0,0,0,0,1,9,-1,6,2,36,7,1242,1,10,FORD FIESTA,6,E01009251,0,2
2024131441397,2024,131441397,2,9,0,-1,2,0,0,-1,0,0,0,0,0,0,3,1,-1,6,-1,-1,-1,1242,1,17,FORD FIESTA,-1,-1,0,-1
2024302401520,2024,302401520,1,9,0,7,7,7,1,0,0,1,1,10,1,7,1,1,6,6,1,18,4,1388,1,16,FORD FIESTA,7,E01019859,0,1
2024141428081,2024,141428081,2,9,0,-1,19,1,5,-1,0,1,0,0,0,0,1,1,-1,9,1,20,4,998,1,8,FORD FIESTA,8,E01007423,0,1
2024421509338,2024,421509338,2,9,0,-1,-1,-1,-1,-1,-1,-1,-1,-1,-1,0,-1,9,-1,6,1,25,5,1560,2,10,FORD FIESTA,6,E01021688,0,1
2024440015588,2024,440015588,1,19,0,18,19,8,4,0,0,4,0,0,0,0,1,1,2,2,1,40,7,1560,2,12,FORD FIESTA,6,E01035325,0,4
2024031495797,2024,031495797,1,9,0,-1,19,6,2,-1,0,0,0,0,1,0,1,1,-1,6,1,43,7,1596,1,8,FORD FIESTA,7,E01019133,0,1
2024122401094,2024,122401094,1,9,0,3,3,5,1,0,0,4,0,0,0,0,1,1,6,6,1,33,6,1242,1,12,FORD FIESTA,9,E01034761,0,2
2024622400288,2024,622400288,1,9,0,1,1,8,4,0,0,0,0,0,1,4,2,1,6,6,2,40,7,1596,1,18,FORD FIESTA,5,W01000851,0,3
2024622400274,2024,622400274,1,9,0,7,7,3,6,0,0,5,0,0,1,0,4,1,6,6,3,-1,-1,1242,1,15,FORD FIESTA,-1,-1,0,-1
2024421493197,2024,421493197,1,9,0,-1,19,1,5,-1,0,0,5,0,8,0,1,1,-1,9,1,16,4,1560,2,16,FORD FIESTA,4,E01021425,0,3
2024332400477,2024,332400477,2,9,0,-1,2,0,0,-1,0,2,1,0,7,11,1,1,-1,6,3,-1,-1,998,1,9,FORD FIESTA,-1,-1,0,-1
2024351457033,2024,351457033,2,9,0,-1,19,8,5,-1,0,0,0,0,0,0,1,1,-1,6,1,20,4,1242,1,12,FORD FIESTA,4,E01015630,0,1
2024061492614,2024,061492614,2,9,0,-1,9,3,8,-1,0,1,0,0,0,0,3,1,-1,2,2,23,5,998,1,10,FORD FIESTA,9,E01006250,0,3
2024071031262,2024,071031262,1,9,0,-1,19,5,1,-1,0,0,1,10,1,0,1,1,-1,9,1,18,4,1242,1,12,FORD FIESTA,10,E01018436,0,2
2024361447806,2024,361447806,1,9,0,-1,5,7,3,-1,0,4,0,0,0,0,1,1,-1,6,2,19,4,998,1,9,FORD FIESTA,5,E01026466,0,1
2024332400300,2024,332400300,1,9,0,-1,19,7,3,-1,0,1,5,0,0,0,1,1,-1,9,1,90,11,1399,2,15,FORD FIESTA,7,E01025826,0,1
2024351500886,2024,351500886,1,9,0,-1,19,1,5,-1,0,3,0,0,0,0,-1,1,-1,6,1,-1,-1,1560,2,14,FORD FIESTA,-1,-1,0,-1
2024141448234,2024,141448234,1,9,0,-1,5,8,4,-1,0,6,0,0,0,0,1,1,-1,9,1,30,6,998,1,10,FORD FIESTA,3,E01007774,0,1
2024622400636,2024,622400636,1,9,0,18,19,2,6,0,0,0,0,0,1,2,1,1,6,6,1,19,4,1399,2,12,FORD FIESTA,1,W01001219,0,3
2024010515077,2024,010515077,1,9,0,18,19,5,1,0,0,8,0,0,0,0,4,1,6,6,1,65,9,1242,1,18,FORD FIESTA,5,E01004065,0,1
2024552400215,2024,552400215,1,9,0,9,9,2,8,0,0,6,0,0,0,0,4,1,2,2,2,22,5,1388,1,19,FORD FIESTA,4,E01015382,0,1
2024122401253,2024,122401253,1,9,0,16,19,5,7,0,0,0,2,0,7,9,1,1,6,6,1,36,7,1242,1,18,FORD FIESTA,9,E01011194,0,4
2024201467622,2024,201467622,1,9,0,-1,13,3,7,-1,0,0,5,0,0,0,1,1,-1,6,3,16,4,1388,1,15,FORD FIESTA,-1,-1,0,-1
2024070307102,2024,070307102,1,9,0,18,19,3,7,0,0,0,5,0,0,4,4,1,6,6,1,20,4,1242,1,15,FORD FIESTA,1,E01014250,0,2
2024302500086,2024,302500086,2,9,0,-1,19,3,7,-1,0,0,0,0,0,0,1,1,-1,6,2,30,6,998,1,10,FORD FIESTA,3,E01029568,0,4
2024161431808,2024,161431808,2,9,0,-1,7,3,7,-1,4,0,0,0,0,0,1,9,-1,6,1,64,9,1242,1,15,FORD FIESTA,-1,-1,0,-1
2024010498354,2024,010498354,1,9,0,99,99,9,9,99,99,9,9,99,9,99,9,9,2,2,1,31,6,998,1,11,FORD FIESTA,2,E01000525,0,1
2024610025324,2024,610025324,1,9,0,18,19,6,2,0,0,0,0,0,0,0,2,1,6,6,1,44,7,1560,2,13,FORD FIESTA,5,E01014070,0,4
2024010524649,2024,010524649,2,9,0,99,99,9,9,99,99,9,9,99,9,99,9,9,6,6,3,-1,-1,998,1,7,FORD FIESTA,-1,-1,0,-1
2024221458644,2024,221458644,1,9,0,-1,5,5,1,-1,0,0,0,0,0,0,2,1,-1,6,2,22,5,998,1,8,FORD FIESTA,10,E01032144,0,1
2024430346781,2024,430346781,1,9,0,18,19,6,2,0,0,1,0,0,0,0,4,1,6,6,2,-1,-1,998,1,6,FORD FIESTA,10,E01016343,0,1
2024411496651,2024,411496651,2,9,0,-1,19,3,7,-1,0,0,0,0,0,0,1,1,-1,6,2,18,4,998,1,7,FORD FIESTA,8,E01002461,0,3
2024070616888,2024,070616888,1,9,0,16,19,8,4,0,0,0,0,0,0,0,1,1,2,2,1,17,4,998,1,8,FORD FIESTA,9,E01018568,0,4
2024131530194,2024,131530194,2,9,0,-1,19,1,5,-1,0,8,0,0,0,0,1,1,-1,9,1,83,11,998,1,5,FORD FIESTA,10,E01034984,0,3
2024440064282,2024,440064282,1,9,0,18,19,2,6,0,0,0,0,0,0,0,1,1,6,6,1,22,5,1388,1,15,FORD FIESTA,3,E01017360,0,1
2024430390574,2024,430390574,1,9,0,7,7,7,1,0,0,6,0,0,0,0,1,1,6,6,1,35,6,1499,2,10,FORD FIESTA,9,E01016407,0,2
2024061513942,2024,061513942,1,9,0,-1,7,8,4,-1,0,0,0,0,0,0,4,1,-1,9,1,79,11,998,1,1,FORD FIESTA,1,E01005683,0,1
2024522401108,2024,522401108,1,9,0,18,19,8,4,0,0,8,0,0,0,0,3,1,6,6,1,50,8,998,1,5,FORD FIESTA,9,E01014905,0,3
2024471464475,2024,471464475,2,9,0,-1,19,1,5,-1,0,0,0,0,0,0,4,1,-1,2,1,54,8,998,1,11,FORD FIESTA,3,E01021092,0,1
2024010509075,2024,010509075,1,9,0,18,19,3,7,0,0,3,0,0,7,0,1,1,6,6,2,55,8,1242,1,7,FORD FIESTA,7,E01002260,0,1
2024991491187,2024,991491187,1,9,0,-1,19,7,3,-1,0,0,0,0,0,0,1,1,-1,9,2,64,9,1388,1,14,FORD FIESTA,8,-1,0,1
2024161526122,2024,161526122,2,9,0,-1,19,1,5,-1,0,0,0,0,0,0,1,9,-1,6,1,-1,-1,1388,1,16,FORD FIESTA,3,E01012907,0,1
2024052402305,2024,052402305,2,9,0,4,4,4,7,0,0,1,0,0,0,0,2,1,6,6,1,25,5,1242,1,17,FORD FIESTA,1,E01006662,0,2
2024101486803,2024,101486803,2,9,0,-1,3,5,1,-1,0,0,0,0,0,0,2,1,-1,6,2,56,9,998,1,6,FORD FIESTA,4,E01033718,0,2
2024061429239,2024,061429239,3,9,0,-1,2,0,0,-1,0,0,0,0,0,0,2,1,-1,6,2,59,9,1242,1,11,FORD FIESTA,-1,-1,0,-1
2024211405113,2024,211405113,1,9,0,-1,19,4,8,-1,0,0,0,0,1,0,1,1,-1,2,1,23,5,1388,1,12,FORD FIESTA,4,E01014284,0,1
2024430371741,2024,430371741,1,9,0,18,19,7,3,0,0,0,0,0,0,0,1,1,6,6,1,42,7,1242,1,10,FORD FIESTA,3,E01028525,0,1
2024371489396,2024,371489396,2,9,0,-1,12,7,3,-1,0,0,2,0,0,0,3,1,-1,6,2,18,4,1242,1,14,FORD FIESTA,2,E01030013,0,1
2024010544658,2024,010544658,1,9,0,99,99,9,9,99,99,0,9,99,9,99,2,9,6,6,1,36,7,998,1,8,FORD FIESTA,10,E01030607,0,2
2024332400451,2024,332400451,3,9,0,-1,3,6,2,-1,0,0,0,0,0,0,2,1,-1,6,1,23,5,998,1,9,FORD FIESTA,7,E01012360,0,5
2024471449613,2024,471449613,1,9,0,-1,4,1,5,-1,0,1,0,0,0,0,2,1,-1,2,2,45,7,1242,1,12,FORD FIESTA,6,E01031528,0,1
2024520401885,2024,520401885,1,9,0,16,19,3,6,0,0,0,0,0,0,0,1,1,6,6,1,21,5,1242,1,14,FORD FIESTA,2,E01029095,0,3
2024631421061,2024,631421061,2,9,0,-1,19,6,3,-1,0,8,0,0,0,0,1,1,-1,9,2,31,6,1388,1,18,FORD FIESTA,6,W01000949,0,4
2024041436002,2024,041436002,1,9,0,-1,9,3,7,-1,0,1,0,0,0,0,4,1,-1,9,1,73,10,1242,1,11,FORD FIESTA,3,E01025554,0,1
2024221506915,2024,221506915,2,9,0,-1,19,8,4,-1,0,6,0,0,0,0,1,1,-1,6,1,65,9,998,1,6,FORD FIESTA,5,E01006355,0,4
2024041454557,2024,041454557,1,9,0,-1,19,1,5,-1,0,1,0,0,0,0,1,9,-1,6,1,46,8,998,1,12,FORD FIESTA,-1,-1,0,-1
2024010534723,2024,010534723,1,9,0,10,10,7,4,0,0,8,0,0,0,0,3,1,6,6,1,63,9,998,1,6,FORD FIESTA,2,E01032564,0,3
2024061422919,2024,061422919,1,9,0,-1,3,-1,-1,-1,0,1,0,0,0,0,2,1,-1,2,2,33,6,1242,1,14,FORD FIESTA,9,E01006277,0,1
2024010547752,2024,010547752,2,9,0,99,99,9,9,99,99,9,9,99,9,99,9,9,6,6,3,-1,-1,998,1,11,FORD FIESTA,-1,-1,0,-1
2024552400865,2024,552400865,1,9,0,7,7,1,3,0,0,5,0,0,0,0,1,1,6,6,2,-1,-1,998,1,2,FORD FIESTA,-1,-1,0,-1
2024351489862,2024,351489862,1,9,0,-1,19,4,2,-1,0,0,1,0,0,0,1,1,-1,1,1,43,7,1242,1,14,FORD FIESTA,7,E01018064,0,3
2024131461014,2024,131461014,1,9,0,-1,7,1,3,-1,0,8,0,0,0,0,3,1,-1,9,2,36,7,1242,1,14,FORD FIESTA,1,E01011337,0,1
2024221437688,2024,221437688,1,9,0,-1,19,8,2,-1,0,0,0,0,0,0,1,1,-1,6,1,22,5,1242,1,14,FORD FIESTA,9,E01032429,0,1
2024440330131,2024,440330131,1,9,0,17,19,6,2,0,0,0,2,0,7,9,1,1,2,2,1,26,6,1242,1,16,FORD FIESTA,10,E01023243,0,2
2024540946224,2024,540946224,2,9,0,10,10,5,3,0,0,5,0,0,0,0,2,1,6,6,1,45,7,1242,1,16,FORD FIESTA,9,E01032069,0,1
2024991514044,2024,991514044,3,9,0,-1,3,7,3,-1,0,0,0,0,0,0,2,1,-1,6,1,18,4,1242,1,16,FORD FIESTA,1,-1,0,2
2024221525521,2024,221525521,2,9,0,-1,10,3,1,-1,0,8,0,0,0,0,2,1,-1,2,2,22,5,1499,2,6,FORD FIESTA,6,E01014135,0,2
2024332401043,2024,332401043,1,9,0,-1,19,1,5,-1,0,8,0,0,0,0,1,1,-1,6,1,32,6,1242,1,18,FORD FIESTA,5,E01025667,0,1
2024041496900,2024,041496900,1,9,0,-1,9,5,1,-1,0,1,0,0,0,0,1,1,-1,9,1,20,4,1242,1,15,FORD FIESTA,2,E01025291,0,4
2024010510466,2024,010510466,4,9,0,2,2,0,0,0,0,0,0,0,0,0,2,1,6,6,3,-1,-1,1596,1,11,FORD FIESTA,-1,-1,0,-1
2024631525048,2024,631525048,1,9,0,-1,19,6,3,-1,0,0,0,0,2,10,1,1,-1,2,2,27,6,998,1,10,FORD FIESTA,5,E01029011,0,3
2024340NN0922,2024,340NN0922,2,9,0,-1,2,0,0,-1,0,2,0,0,0,0,1,1,-1,6,3,-1,-1,1242,1,10,FORD FIESTA,-1,-1,0,-1
2024052402484,2024,052402484,2,9,0,1,1,5,1,0,0,0,0,0,0,0,2,1,6,6,2,40,7,1399,2,15,FORD FIESTA,3,E01006497,0,1
2024211456147,2024,211456147,1,9,0,-1,19,2,6,-1,0,0,0,0,0,0,2,1,-1,9,2,72,10,1596,1,9,FORD FIESTA,-1,-1,0,-1
2024411405449,2024,411405449,1,9,0,-1,5,3,6,-1,0,4,0,11,0,0,1,1,-1,2,2,28,6,1242,1,9,FORD FIESTA,8,E01023753,0,1
2024430477338,2024,430477338,1,9,0,18,19,3,7,0,0,0,5,0,1,9,0,1,6,6,2,71,10,1596,1,21,FORD FIESTA,9,E01016691,0,2
2024070188398,2024,070188398,3,9,0,4,4,5,1,0,0,0,0,0,0,0,0,1,1,1,1,25,5,-1,-1,-1,FORD FIESTA,6,E01018654,0,3
2024211514700,2024,211514700,1,9,0,-1,3,5,1,-1,0,1,0,0,0,0,4,1,-1,6,1,46,8,1242,1,14,FORD FIESTA,-1,-1,0,-1
2024631453521,2024,631453521,1,9,0,-1,19,8,5,-1,0,0,1,0,1,10,1,1,-1,9,1,17,4,1242,1,17,FORD FIESTA,5,W01000582,0,2
2024231489461,2024,231489461,1,9,0,-1,19,1,5,-1,0,8,0,0,0,0,1,1,-1,6,2,61,9,1388,1,14,FORD FIESTA,5,E01025863,0,4
2024461525087,2024,461525087,1,9,0,-1,19,4,2,-1,0,2,0,0,0,0,1,1,-1,9,2,32,6,998,1,6,FORD FIESTA,9,E01033214,0,2
2024201441035,2024,201441035,2,9,0,-1,3,4,8,-1,0,0,0,0,0,0,2,9,-1,7,1,39,7,1242,1,13,FORD FIESTA,4,E01008961,0,4
2024451441349,2024,451441349,3,9,0,-1,9,5,3,-1,0,0,0,0,0,0,0,1,-1,9,1,25,5,1388,1,12,FORD FIESTA,10,E01000684,0,4
2024010508609,2024,010508609,2,9,9,99,99,9,9,99,99,0,9,99,9,99,9,9,6,6,3,-1,-1,1388,1,16,FORD FIESTA,3,E01004436,0,2
2024411455634,2024,411455634,1,9,0,-1,19,8,4,-1,0,8,0,0,0,0,1,1,-1,6,1,86,11,1242,1,17,FORD FIESTA,7,E01023602,0,1
2024471393991,2024,471393991,1,9,0,-1,19,5,1,-1,0,0,0,0,0,0,1,1,-1,2,2,20,4,998,1,8,FORD FIESTA,7,E01024798,0,3
2024320668232,2024,320668232,1,9,0,9,9,4,2,0,0,8,0,0,0,0,1,1,-1,-1,2,27,6,1399,2,13,FORD FIESTA,9,E01026370,0,1
2024531500476,2024,531500476,1,9,0,-1,9,5,3,-1,0,8,0,0,7,0,3,1,-1,6,1,19,4,1242,1,14,FORD FIESTA,7,E01022234,0,1
2024421494835,2024,421494835,2,9,0,-1,3,5,1,-1,0,0,0,0,0,0,2,1,-1,6,2,53,8,999,1,4,FORD FIESTA,7,E01035173,0,1
2024211501075,2024,211501075,1,9,0,-1,9,8,6,-1,0,8,0,0,0,0,4,1,-1,2,1,34,6,998,1,6,FORD FIESTA,9,E01009433,0,1
2024552400846,2024,552400846,2,9,0,18,19,4,8,0,0,0,0,0,0,0,3,1,6,6,2,63,9,1242,1,10,FORD FIESTA,1,E01014608,0,4
2024461435750,2024,461435750,1,9,0,-1,19,4,2,-1,0,2,5,0,7,0,1,1,-1,6,2,72,10,1084,1,7,FORD FIESTA,3,E01016070,0,3
2024522401575,2024,522401575,1,9,0,12,12,6,2,0,0,7,0,0,0,0,2,1,6,6,2,23,5,1242,1,10,FORD FIESTA,4,E01014521,0,3
2024122400835,2024,122400835,1,9,0,16,19,4,7,0,0,0,1,0,0,0,4,1,6,6,1,19,4,-1,-1,-1,FORD FIESTA,7,E01027571,0,2
2024211535953,2024,211535953,1,9,0,-1,19,7,3,-1,0,1,0,0,0,0,1,1,-1,6,1,-1,-1,1242,1,10,FORD FIESTA,-1,-1,0,-1
2024201466686,2024,201466686,2,9,0,-1,4,4,8,-1,0,0,0,0,0,0,2,9,-1,6,2,57,9,1560,2,14,FORD FIESTA,7,E01035029,0,4
2024520401284,2024,520401284,3,9,0,18,19,1,5,0,0,8,0,0,0,0,1,1,6,6,2,51,8,1388,1,13,FORD FIESTA,9,E01014668,0,4
2024471449269,2024,471449269,1,9,0,-1,19,1,5,-1,9,0,0,10,7,11,1,1,-1,6,1,55,8,998,1,10,FORD FIESTA,6,E01031826,0,2
2024351420117,2024,351420117,2,9,-1,-1,-1,-1,-1,-1,-1,0,-1,-1,-1,0,-1,9,-1,6,2,35,6,1242,1,14,FORD FIESTA,9,E01018123,0,1
2024010543823,2024,010543823,1,9,0,99,99,9,9,99,99,9,9,99,9,99,2,9,6,6,2,22,5,1242,1,13,FORD FIESTA,6,E01035701,0,1
2024991529729,2024,991529729,2,9,0,-1,19,1,5,-1,0,8,0,0,7,11,4,1,-1,6,2,44,7,1242,1,11,FORD FIESTA,5,-1,0,3
2024471498386,2024,471498386,1,9,0,-1,19,2,6,-1,0,0,0,0,1,4,1,1,-1,9,1,19,4,1242,1,15,FORD FIESTA,9,E01031838,0,2
2024131415929,2024,131415929,1,9,0,-1,9,1,1,-1,0,1,0,0,0,0,3,1,-1,6,2,49,8,998,1,5,FORD FIESTA,5,E01011770,0,2
2024131505974,2024,131505974,2,9,0,-1,19,2,6,-1,0,8,5,0,0,0,1,1,-1,9,2,39,7,1388,1,14,FORD FIESTA,3,E01011822,0,1
2024421466793,2024,421466793,2,9,0,-1,19,3,7,-1,0,1,0,0,0,0,3,9,-1,9,2,22,5,1242,1,15,FORD FIESTA,7,E01033137,0,2
2024131482709,2024,131482709,1,9,0,-1,19,6,2,-1,0,1,0,0,0,0,1,1,-1,6,1,17,4,1084,1,5,FORD FIESTA,5,E01011164,0,1
2024451403461,2024,451403461,2,9,0,-1,13,7,3,-1,0,1,0,0,0,0,2,1,-1,6,3,65,9,1242,1,19,FORD FIESTA,-1,-1,0,-1
2024031524224,2024,031524224,5,9,0,-1,2,0,0,-1,9,2,0,0,0,0,2,1,-1,6,2,19,4,1242,1,13,FORD FIESTA,7,E01019382,0,1
2024991482028,2024,991482028,1,9,0,-1,5,8,4,-1,5,0,0,0,0,0,1,1,-1,9,2,81,11,1596,1,10,FORD FIESTA,10,-1,0,1
2024031484375,2024,031484375,2,9,0,-1,9,1,3,-1,0,1,0,0,7,1,4,1,-1,9,1,38,7,1496,1,2,FORD FIESTA,4,E01019283,0,3
2024461484803,2024,461484803,1,9,0,-1,19,7,3,-1,0,1,0,0,0,0,1,2,-1,9,1,18,4,1596,1,15,FORD FIESTA,5,E01016034,0,1
2024351468284,2024,351468284,2,9,0,-1,19,1,5,-1,0,8,0,0,0,0,3,1,-1,6,1,74,10,1388,1,15,FORD FIESTA,5,E01018208,0,1
2024131448564,2024,131448564,1,9,0,-1,19,3,7,-1,0,1,0,0,3,0,1,1,-1,9,1,20,4,1388,1,11,FORD FIESTA,5,E01035047,0,2
2024161440994,2024,161440994,1,9,0,-1,19,6,3,-1,9,0,5,0,1,10,1,1,-1,9,1,83,11,1242,1,11,FORD FIESTA,3,E01013286,0,1
2024141468197,2024,141468197,1,9,0,-1,6,2,6,-1,0,0,0,0,0,0,3,1,-1,6,1,25,5,1388,1,12,FORD FIESTA,2,E01008014,0,1
2024421449620,2024,421449620,2,9,0,-1,19,7,3,-1,0,2,0,0,0,0,2,1,-1,9,2,39,7,1242,1,12,FORD FIESTA,6,E01023855,0,4
2024451505090,2024,451505090,2,9,0,-1,15,1,5,-1,0,0,0,0,0,0,1,1,-1,6,2,80,11,1242,1,11,FORD FIESTA,9,E01030940,0,1
2024991445329,2024,991445329,1,9,0,-1,19,8,4,-1,0,0,0,0,1,10,1,1,-1,9,1,43,7,1560,2,12,FORD FIESTA,1,-1,0,1
2024461420793,2024,461420793,2,9,0,-1,8,4,8,-1,0,1,0,0,0,0,2,1,-1,9,1,73,10,998,1,7,FORD FIESTA,8,E01024237,0,1
2024610038824,2024,610038824,2,9,0,18,19,3,7,0,0,1,0,0,0,0,1,1,2,2,1,37,7,998,1,11,FORD FIESTA,4,W01001665,0,1
2024010541376,2024,010541376,1,9,0,9,9,3,2,0,0,5,0,0,0,0,0,1,6,6,1,18,4,999,1,4,FORD FIESTA,4,E01003734,0,2
2024461397529,2024,461397529,1,9,0,-1,19,-1,-1,-1,0,0,0,0,0,0,1,9,-1,6,1,44,7,1242,1,13,FORD FIESTA,9,E01024386,0,1
2024461399578,2024,461399578,1,9,0,-1,19,3,7,-1,0,8,0,0,0,0,1,9,-1,6,2,24,5,1084,1,5,FORD FIESTA,2,E01032815,0,1
2024361499734,2024,361499734,2,9,0,-1,19,1,5,-1,0,1,0,0,0,0,1,1,-1,6,2,26,6,1388,1,13,FORD FIESTA,8,E01030121,0,3
2024421414989,2024,421414989,1,9,0,-1,19,-1,-1,-1,0,0,0,0,0,0,4,1,-1,6,3,-1,-1,1388,1,17,FORD FIESTA,-1,-1,0,-1
2024061465073,2024,061465073,1,9,0,-1,6,4,8,-1,0,0,0,0,0,0,0,1,-1,9,1,27,6,998,1,6,FORD FIESTA,-1,-1,0,-1
2024052400852,2024,052400852,2,9,0,9,9,5,3,0,0,8,0,0,0,0,4,1,6,6,2,23,5,1242,1,14,FORD FIESTA,2,E01006492,0,1
2024461438355,2024,461438355,1,9,0,-1,19,2,4,-1,0,0,0,0,0,0,4,1,-1,7,2,50,8,1399,2,12,FORD FIESTA,6,E01024022,0,1
2024221410120,2024,221410120,1,9,0,-1,19,6,2,-1,0,0,1,4,0,0,1,1,-1,9,2,48,8,1299,1,23,FORD FIESTA,5,E01032447,0,1
2024520402304,2024,520402304,2,9,0,3,3,7,3,0,0,8,0,0,0,0,2,1,6,6,2,63,9,1596,1,9,FORD FIESTA,4,E01029136,0,4
2024211405982,2024,211405982,2,9,0,-1,19,6,2,-1,0,1,0,0,7,0,4,1,-1,9,1,21,5,1242,1,9,FORD FIESTA,2,E01034057,0,1
2024302400917,2024,302400917,2,9,0,18,19,6,2,0,0,8,0,0,0,0,4,1,2,2,1,45,7,1399,2,17,FORD FIESTA,3,E01019759,0,1
2024501429685,2024,501429685,1,9,0,-1,9,5,1,-1,0,1,0,0,0,0,1,1,-1,9,1,74,10,1242,1,14,FORD FIESTA,6,E01018985,0,1
2024421421662,2024,421421662,1,9,0,-1,19,3,7,-1,0,1,0,0,1,0,1,1,-1,2,1,23,5,1242,1,12,FORD FIESTA,9,E01015892,0,1
2024031461519,2024,031461519,1,9,0,-1,5,7,8,-1,0,6,0,0,0,0,1,1,-1,6,2,60,9,1388,1,14,FORD FIESTA,-1,-1,0,-1
2024991508972,2024,991508972,1,9,0,-1,13,4,7,-1,0,0,1,0,0,0,1,1,-1,9,1,65,9,1560,2,15,FORD FIESTA,4,-1,0,3
2024201457308,2024,201457308,2,9,0,-1,19,4,8,-1,0,8,0,0,0,0,1,9,-1,2,1,22,5,1388,1,16,FORD FIESTA,1,E01009141,0,3
2024340NN4542,2024,340NN4542,1,9,0,-1,19,1,5,-1,0,0,0,0,0,0,1,1,-1,9,1,18,4,1242,1,18,FORD FIESTA,9,E01027042,0,1
2024340WN6152,2024,340WN6152,2,9,0,-1,19,1,5,-1,0,8,0,0,0,0,0,1,-1,6,1,-1,-1,1399,2,18,FORD FIESTA,-1,-1,0,-1
2024531442839,2024,531442839,1,9,0,-1,19,2,6,-1,0,1,0,0,5,1,1,1,-1,6,1,22,5,998,1,11,FORD FIESTA,7,E01022127,0,1
2024411414122,2024,411414122,2,9,0,-1,19,2,6,-1,0,2,0,0,0,0,1,1,-1,9,1,90,11,998,1,7,FORD FIESTA,4,E01023488,0,2
2024991511918,2024,991511918,3,9,0,-1,2,0,0,-1,0,0,0,4,0,0,2,1,-1,6,-1,-1,-1,998,1,1,FORD FIESTA,-1,-1,0,-1
2024552401087,2024,552401087,1,9,0,18,19,4,8,0,0,0,0,0,0,0,1,1,2,2,1,22,5,1399,2,12,FORD FIESTA,5,E01020562,0,4
2024522401259,2024,522401259,1,9,0,4,4,3,7,2,2,0,0,0,0,0,2,2,6,6,1,61,9,-1,-1,-1,FORD FIESTA,10,E01014944,0,2
2024221507538,2024,221507538,3,9,0,-1,13,6,2,-1,0,0,0,0,6,6,4,1,-1,6,1,27,6,1496,1,5,FORD FIESTA,5,E01032386,0,3
2024332400382,2024,332400382,1,9,0,-1,19,7,3,-1,0,0,5,0,6,1,2,1,-1,9,1,25,5,1242,1,16,FORD FIESTA,8,E01033102,0,2
2024010533605,2024,010533605,2,9,0,18,19,3,7,0,0,2,0,0,0,0,1,1,6,6,1,35,6,1388,1,15,FORD FIESTA,6,E01023414,0,4
2024141407038,2024,141407038,1,9,0,-1,19,8,4,-1,0,0,0,0,0,0,1,1,-1,2,2,49,8,998,1,6,FORD FIESTA,5,E01011757,0,3
2024991405467,2024,991405467,1,9,0,-1,9,4,3,-1,0,8,0,0,0,0,1,1,-1,6,1,26,6,1242,1,7,FORD FIESTA,5,-1,0,4
2024411453928,2024,411453928,2,9,0,-1,10,7,3,-1,0,1,0,0,0,0,1,9,-1,6,1,23,5,1084,1,5,FORD FIESTA,9,E01017678,0,4
2024320232303,2024,320232303,1,9,0,-1,-1,5,1,0,0,2,5,0,1,9,1,1,-1,-1,1,21,5,1242,1,17,FORD FIESTA,-1,-1,0,-1