collision_index,collision_year,collision_ref_no,vehicle_reference,vehicle_type,towing_and_articulation,vehicle_manoeuvre_historic,vehicle_manoeuvre,vehicle_direction_from,vehicle_direction_to,vehicle_location_restricted_lane_historic,vehicle_location_restricted_lane,junction_location,skidding_and_overturning,hit_object_in_carriageway,vehicle_leaving_carriageway,hit_object_off_carriageway,first_point_of_impact,vehicle_left_hand_drive,journey_purpose_of_driver_historic,journey_purpose_of_driver,sex_of_driver,age_of_driver,age_band_of_driver,engine_capacity_cc,propulsion_code,age_of_vehicle,generic_make_model,driver_imd_decile,lsoa_of_driver,escooter_flag,driver_distance_banding
2024221457655,2024,221457655,2,9,0,-1,19,1,5,-1,0,8,0,0,0,0,1,9,-1,6,2,37,7,1560,2,15,FORD FIESTA,6,E01032374,0,3
2024010513910,2024,010513910,1,9,0,4,4,1,5,0,0,2,0,0,0,0,1,1,6,6,1,21,5,1242,1,13,FORD FIESTA,2,E01002092,0,1
2024471403209,2024,471403209,1,9,0,-1,9,3,1,-1,0,3,1,0,7,10,1,1,-1,2,2,21,5,1388,1,15,FORD FIESTA,10,E01031715,0,1
2024201529417,2024,201529417,1,9,0,-1,7,7,7,-1,9,5,1,0,1,11,1,1,-1,9,1,32,6,998,1,7,FORD FIESTA,6,E01010024,0,1
2024371472569,2024,371472569,1,9,0,-1,19,2,6,-1,0,0,0,4,0,0,1,1,-1,9,2,22,5,1242,1,9,FORD FIESTA,7,E01018011,0,2
2024401531775,2024,401531775,1,9,0,-1,19,1,5,-1,0,0,0,0,0,0,1,1,-1,6,2,21,5,1242,1,9,FORD FIESTA,8,E01023692,0,3
2024201513842,2024,201513842,1,9,0,-1,19,8,4,-1,0,8,0,0,0,0,1,1,-1,6,2,56,9,1242,1,8,FORD FIESTA,3,E01008945,0,1
2024061525556,2024,061525556,1,9,0,-1,5,3,1,-1,0,6,0,0,0,0,1,1,-1,6,1,18,4,998,1,11,FORD FIESTA,-1,-1,0,-1
2024141453137,2024,141453137,1,9,0,-1,19,3,7,-1,0,0,0,0,7,11,1,1,-1,9,1,19,4,1084,1,6,FORD FIESTA,10,E01019727,0,4
2024440157383,2024,440157383,1,9,0,18,19,8,4,0,0,1,0,0,0,0,1,1,6,6,1,21,5,1596,1,13,FORD FIESTA,4,E01022478,0,2
2024070851178,2024,070851178,2,9,0,-1,7,2,6,-1,0,0,0,0,0,0,2,1,-1,6,1,39,7,998,1,5,FORD FIESTA,1,E01018317,0,1
2024340WN3862,2024,340WN3862,3,9,0,-1,19,1,5,-1,0,0,0,0,0,0,1,1,-1,6,1,-1,-1,998,1,10,FORD FIESTA,-1,-1,0,-1
2024451405212,2024,451405212,1,9,0,-1,19,1,5,-1,0,0,1,0,0,0,2,1,-1,9,1,20,4,998,1,5,FORD FIESTA,9,E01000254,0,4
2024101487671,2024,101487671,1,9,0,-1,19,1,5,-1,0,0,1,0,7,0,4,1,-1,6,2,46,8,1242,1,16,FORD FIESTA,2,E01027551,0,2
2024041569079,2024,041569079,1,9,0,-1,19,6,2,-1,0,0,0,0,0,0,1,1,-1,9,2,88,11,1242,1,9,FORD FIESTA,3,E01025225,0,1
2024052400709,2024,052400709,1,9,0,5,5,5,1,0,0,1,0,0,0,0,1,1,6,6,2,41,7,1388,1,12,FORD FIESTA,4,E01007040,0,1
2024421403081,2024,421403081,2,9,0,-1,5,1,5,-1,0,0,0,0,0,0,1,1,-1,9,1,28,6,1388,1,15,FORD FIESTA,6,E01021875,0,4
2024351455248,2024,351455248,2,9,0,-1,19,3,7,-1,0,0,-1,0,0,0,4,9,-1,9,1,36,7,1560,2,13,FORD FIESTA,9,E01027782,0,5
2024440144634,2024,440144634,2,9,0,9,9,4,2,0,0,1,0,0,0,0,3,1,6,6,2,40,7,1242,1,14,FORD FIESTA,9,E01022830,0,1
2024991512177,2024,991512177,1,9,0,-1,13,5,8,-1,0,0,0,0,0,0,4,1,-1,6,1,31,6,1242,1,8,FORD FIESTA,-1,-1,0,-1
2024461508640,2024,461508640,1,9,0,-1,19,2,2,-1,0,0,0,0,0,0,4,1,-1,9,2,28,6,1242,1,12,FORD FIESTA,4,E01016097,0,1
2024440214762,2024,440214762,2,9,0,18,19,2,6,0,0,8,0,0,0,0,3,1,6,6,2,60,9,1560,2,16,FORD FIESTA,10,E01022588,0,2
2024430053071,2024,430053071,1,9,0,18,19,5,8,0,0,8,0,4,0,0,3,1,6,6,1,34,6,1388,1,16,FORD FIESTA,10,E01028764,0,1
2024101453583,2024,101453583,2,9,0,-1,5,5,1,-1,0,0,0,0,1,0,1,1,-1,6,1,28,6,1242,1,16,FORD FIESTA,7,E01008469,0,4
2024991529484,2024,991529484,3,9,0,-1,2,0,0,-1,0,2,0,0,0,0,2,1,-1,6,-1,-1,-1,999,1,4,FORD FIESTA,-1,-1,0,-1
2024122401243,2024,122401243,1,9,0,7,7,5,6,0,0,1,0,0,0,0,1,1,6,6,2,28,6,1399,2,14,FORD FIESTA,10,E01027715,0,3
2024131480562,2024,131480562,1,9,0,-1,19,2,6,-1,0,8,0,4,0,0,1,1,-1,9,2,70,10,1388,1,19,FORD FIESTA,2,E01011919,0,1
2024010543177,2024,010543177,1,9,0,99,99,9,9,99,99,9,9,99,9,99,9,9,6,6,2,24,5,998,1,5,FORD FIESTA,5,E01001007,0,1
2024122401291,2024,122401291,1,9,0,2,2,0,0,0,0,1,0,0,0,0,4,1,6,6,1,46,8,1242,1,17,FORD FIESTA,5,E01027892,0,4
2024451484287,2024,451484287,1,9,0,-1,3,1,5,-1,0,1,0,0,0,0,2,1,-1,6,2,80,11,1242,1,17,FORD FIESTA,-1,-1,0,-1
2024320708062,2024,320708062,1,9,0,-1,-1,2,6,0,0,0,2,0,1,4,3,1,-1,-1,2,34,6,1388,1,19,FORD FIESTA,6,E01015679,0,2
2024221446977,2024,221446977,1,9,0,-1,9,6,4,-1,0,8,0,0,0,0,4,9,-1,6,2,59,9,998,1,10,FORD FIESTA,6,E01028878,0,1
2024451451771,2024,451451771,2,9,0,-1,19,5,1,-1,0,0,0,0,0,0,2,1,-1,9,2,27,6,998,1,11,FORD FIESTA,8,E01030697,0,3
2024302400372,2024,302400372,1,9,0,5,5,6,2,0,0,4,0,0,0,0,1,1,6,6,1,19,4,1242,1,10,FORD FIESTA,7,E01019539,0,1
2024501448118,2024,501448118,3,9,0,-1,5,8,4,-1,0,8,0,11,0,0,1,1,-1,6,2,24,5,1596,1,12,FORD FIESTA,1,E01015149,0,1
2024501456297,2024,501456297,7,9,0,-1,2,0,0,-1,0,0,0,0,0,0,2,1,-1,6,-1,-1,-1,1596,1,8,FORD FIESTA,-1,-1,0,-1
2024411460401,2024,411460401,2,9,0,-1,19,1,5,-1,0,0,0,0,0,0,1,1,-1,6,1,30,6,1242,1,19,FORD FIESTA,7,E01023531,0,3
2024501413464,2024,501413464,1,9,0,-1,19,6,1,-1,0,1,0,0,0,0,1,1,-1,6,1,17,4,1242,1,9,FORD FIESTA,7,E01020304,0,1
2024451427643,2024,451427643,2,9,0,-1,2,0,0,-1,0,0,0,4,0,0,4,1,-1,6,-1,-1,-1,1242,1,13,FORD FIESTA,-1,-1,0,-1
2024201494553,2024,201494553,4,9,0,-1,3,7,1,-1,0,1,0,0,0,0,1,1,-1,9,1,20,4,1242,1,13,FORD FIESTA,6,E01009318,0,1
2024471417697,2024,471417697,2,9,0,-1,2,0,0,-1,0,0,0,0,0,0,1,1,-1,6,-1,-1,-1,1242,1,15,FORD FIESTA,-1,-1,0,-1
202454E173424,2024,54E173424,3,9,0,18,19,4,8,0,0,0,0,0,0,0,1,1,6,6,1,29,6,1388,1,16,FORD FIESTA,-1,-1,0,-1
2024141499351,2024,141499351,1,9,0,-1,19,4,1,-1,0,1,0,0,0,0,4,1,-1,2,2,48,8,998,1,10,FORD FIESTA,3,E01007346,0,1
2024361408912,2024,361408912,1,19,0,-1,19,7,4,-1,0,0,0,4,0,0,1,9,-1,2,1,35,6,1499,2,11,FORD FIESTA,-1,-1,0,-1
2024131419521,2024,131419521,2,9,0,-1,19,1,5,-1,0,1,0,0,0,0,4,1,-1,9,1,33,6,1560,2,15,FORD FIESTA,3,E01011903,0,1
2024131435766,2024,131435766,1,9,0,-1,9,2,8,-1,0,8,0,0,0,0,4,1,-1,2,2,22,5,1560,2,15,FORD FIESTA,1,E01010872,0,2
2024451515856,2024,451515856,1,9,0,-1,9,3,5,-1,0,0,0,0,0,0,2,1,-1,1,2,57,9,1242,1,21,FORD FIESTA,7,E01030628,0,2
2024501433242,2024,501433242,1,9,0,-1,9,5,3,-1,0,5,0,0,0,0,4,1,-1,9,2,65,9,1388,1,15,FORD FIESTA,9,E01020054,0,3
2024201490340,2024,201490340,1,9,0,-1,5,6,2,-1,0,4,0,0,0,0,3,9,-1,6,1,-1,-1,1388,1,12,FORD FIESTA,-1,-1,0,-1
2024471450478,2024,471450478,2,9,0,-1,19,7,7,-1,0,1,0,1,0,0,1,1,-1,9,1,47,8,1499,2,9,FORD FIESTA,4,E01016882,0,2
2024201515080,2024,201515080,2,9,0,-1,19,4,8,-1,0,1,0,0,0,0,2,1,-1,6,3,-1,-1,1242,1,11,FORD FIESTA,-1,-1,0,-1
2024401507889,2024,401507889,1,9,0,-1,19,1,5,-1,0,0,0,0,1,0,1,1,-1,6,2,46,8,1388,1,12,FORD FIESTA,3,E01015715,0,1
2024031438431,2024,031438431,1,9,0,-1,19,2,7,-1,0,2,0,0,0,0,1,2,-1,6,2,17,4,998,1,10,FORD FIESTA,10,E01019261,0,1
2024201493439,2024,201493439,1,9,0,-1,19,5,1,-1,0,0,0,4,0,0,1,1,-1,6,1,26,6,1596,1,15,FORD FIESTA,4,E01008969,0,1
2024501415086,2024,501415086,1,9,0,-1,9,4,1,-1,0,6,0,0,0,0,1,9,-1,6,2,34,6,998,1,9,FORD FIESTA,9,E01015033,0,1
2024371493169,2024,371493169,1,9,0,-1,19,4,8,-1,9,0,0,0,7,0,1,1,-1,6,1,21,5,998,1,10,FORD FIESTA,7,E01029981,0,1
2024501534191,2024,501534191,1,9,0,-1,19,2,6,-1,9,0,0,10,0,0,1,1,-1,6,2,83,11,998,1,9,FORD FIESTA,8,W01000485,0,5
2024161524035,2024,161524035,1,9,0,-1,19,1,5,-1,0,3,1,10,1,0,4,1,-1,9,2,18,4,1242,1,14,FORD FIESTA,1,E01012952,0,1
2024311472055,2024,311472055,1,9,0,-1,9,5,3,-1,0,0,0,0,0,0,3,1,-1,6,1,35,6,1388,1,15,FORD FIESTA,6,E01028171,0,1
2024421535756,2024,421535756,1,9,0,-1,19,2,7,-1,0,0,0,0,0,0,1,1,-1,9,2,34,6,998,1,7,FORD FIESTA,9,E01023969,0,4
2024991457367,2024,991457367,1,8,0,-1,19,7,3,-1,0,0,2,0,1,8,4,1,-1,9,2,25,5,1242,1,20,FORD FIESTA,4,-1,0,2
2024161425933,2024,161425933,1,9,0,-1,19,3,7,-1,0,0,0,0,0,0,1,1,-1,9,2,64,9,1242,1,21,FORD FIESTA,3,E01013319,0,1
2024501469906,2024,501469906,1,9,0,-1,19,4,8,-1,0,1,0,0,0,0,1,9,-1,6,1,20,4,1388,1,17,FORD FIESTA,4,E01015062,0,4
2024501536053,2024,501536053,1,9,0,-1,19,3,7,-1,0,0,0,0,0,0,1,1,-1,9,1,85,11,1596,1,11,FORD FIESTA,5,E01020339,0,3
2024231489651,2024,231489651,1,9,0,-1,19,1,5,-1,0,6,0,0,0,0,1,1,-1,6,2,22,5,999,1,4,FORD FIESTA,7,E01031007,0,1
2024401524817,2024,401524817,1,9,-1,-1,-1,-1,-1,-1,-1,-1,-1,-1,-1,0,-1,9,-1,6,2,-1,-1,998,1,10,FORD FIESTA,9,E01017495,0,2
2024041434083,2024,041434083,2,9,0,-1,9,1,2,-1,0,0,0,0,0,0,2,1,-1,9,2,22,5,1242,1,9,FORD FIESTA,5,E01007063,0,2
2024052402322,2024,052402322,2,9,0,18,19,7,3,0,0,1,0,0,0,0,3,1,6,6,2,62,9,1242,1,8,FORD FIESTA,1,E01006755,0,1
2024111491128,2024,111491128,1,9,0,-1,19,1,5,-1,0,0,0,0,0,0,1,1,-1,9,2,29,6,1399,2,18,FORD FIESTA,2,E01008487,0,4
2024421456362,2024,421456362,2,9,0,-1,4,5,1,-1,0,4,0,0,0,0,2,1,-1,1,1,20,4,1242,1,16,FORD FIESTA,4,E01034357,0,1
2024122400451,2024,122400451,1,9,0,18,19,5,1,0,0,0,0,0,0,0,1,1,6,6,2,75,10,1386,1,17,FORD FIESTA,5,E01027884,0,1
2024332400446,2024,332400446,1,9,0,-1,9,1,7,-1,2,6,0,0,0,0,1,1,-1,6,1,67,10,1496,1,1,FORD FIESTA,6,E01013785,0,1
2024061422768,2024,061422768,1,9,0,-1,19,5,1,-1,0,8,0,0,0,0,1,1,-1,6,2,23,5,998,1,11,FORD FIESTA,2,E01006944,0,4
2024451430476,2024,451430476,1,9,0,-1,9,2,1,-1,0,0,0,0,0,0,1,1,-1,9,2,17,4,998,1,10,FORD FIESTA,9,E01030802,0,1
2024451474875,2024,451474875,3,9,0,-1,19,5,1,-1,0,0,0,0,0,0,1,1,-1,9,2,39,7,1242,1,9,FORD FIESTA,10,E01030773,0,1
2024531531858,2024,531531858,2,9,0,-1,19,5,7,-1,0,2,0,0,0,0,1,1,-1,2,2,58,9,1388,1,17,FORD FIESTA,9,E01022136,0,1
2024201514340,2024,201514340,1,9,0,-1,13,5,3,-1,0,8,0,10,0,0,4,1,-1,6,1,-1,-1,998,1,7,FORD FIESTA,-1,-1,0,-1
2024371439295,2024,371439295,1,9,0,-1,19,-1,-1,-1,0,0,0,0,0,0,4,9,-1,9,2,42,7,1388,1,15,FORD FIESTA,6,E01030220,0,3
2024070108786,2024,070108786,1,9,0,18,19,8,4,0,0,0,0,0,0,11,4,1,6,6,2,75,10,998,1,6,FORD FIESTA,9,E01018536,0,1
2024231482166,2024,231482166,2,9,0,-1,19,5,3,-1,0,8,5,0,0,0,1,9,-1,6,1,49,8,1242,1,14,FORD FIESTA,3,E01009596,0,3
2024471527145,2024,471527145,1,9,0,-1,19,2,7,-1,0,0,0,0,2,2,1,1,-1,9,1,80,11,1242,1,16,FORD FIESTA,5,E01020999,0,1
2024991426673,2024,991426673,1,9,0,-1,9,6,3,-1,0,2,0,0,0,0,4,1,-1,6,1,22,5,1596,1,15,FORD FIESTA,3,-1,0,4
2024052401410,2024,052401410,1,9,0,5,5,5,1,0,0,0,0,0,0,0,1,1,6,6,1,-1,-1,1399,2,13,FORD FIESTA,-1,-1,0,-1
2024991515354,2024,991515354,1,9,0,-1,19,4,8,-1,0,2,0,0,0,0,1,1,-1,9,1,36,7,1242,1,17,FORD FIESTA,1,E01019113,0,5
2024161444817,2024,161444817,1,9,0,-1,19,6,2,-1,0,0,0,10,0,0,1,1,-1,6,2,76,11,999,1,3,FORD FIESTA,4,E01012986,0,2
2024052400584,2024,052400584,1,9,0,5,5,3,7,0,0,1,0,0,0,0,1,1,6,6,1,52,8,999,1,4,FORD FIESTA,1,E01006821,0,1
2024122400590,2024,122400590,1,9,0,18,19,1,5,0,0,0,0,0,0,0,1,1,6,6,1,75,10,1242,1,12,FORD FIESTA,3,E01027830,0,1
2024461432000,2024,461432000,4,9,0,-1,4,4,4,-1,0,1,0,0,0,0,2,9,-1,9,1,23,5,957,1,36,FORD FIESTA,2,E01024549,0,1
2024201480966,2024,201480966,2,9,0,-1,19,5,1,-1,0,8,0,10,0,0,1,1,-1,6,-1,-1,-1,1596,1,7,FORD FIESTA,-1,-1,0,-1
2024361482731,2024,361482731,1,9,0,-1,19,4,8,-1,0,0,1,0,0,0,4,1,-1,6,2,67,10,998,1,7,FORD FIESTA,7,E01026801,0,3
2024311396859,2024,311396859,1,9,0,-1,19,5,1,-1,0,0,0,0,0,0,1,1,-1,6,2,31,6,998,1,10,FORD FIESTA,8,E01026258,0,4
2024221452562,2024,221452562,1,9,0,-1,9,8,5,-1,0,5,0,0,0,0,1,9,-1,9,2,21,5,1242,1,14,FORD FIESTA,4,E01029807,0,4
2024131446198,2024,131446198,1,9,0,-1,19,2,6,-1,0,0,0,0,0,0,3,1,-1,9,2,20,4,1388,1,14,FORD FIESTA,9,E01013397,0,3
2024991452178,2024,991452178,1,9,0,-1,12,5,1,-1,0,0,0,0,0,0,3,1,-1,6,1,37,7,1084,1,5,FORD FIESTA,-1,-1,0,-1
2024451491072,2024,451491072,2,9,0,-1,99,3,7,-1,0,6,9,0,0,0,2,1,-1,6,2,81,11,998,1,9,FORD FIESTA,9,E01030299,0,2
2024141523091,2024,141523091,1,9,0,-1,19,5,1,-1,0,0,0,0,0,0,1,9,-1,6,2,27,6,1388,1,12,FORD FIESTA,3,E01007550,0,1
2024421495607,2024,421495607,2,9,0,-1,3,1,5,-1,0,1,0,0,0,0,2,1,-1,9,1,30,6,1388,1,17,FORD FIESTA,10,E01021384,0,3
2024991450187,2024,991450187,3,9,0,-1,19,3,7,-1,0,8,0,0,0,0,1,1,-1,6,1,49,8,1560,2,16,FORD FIESTA,2,-1,0,1
2024070519353,2024,070519353,1,9,0,9,9,2,8,0,0,6,0,0,0,0,4,1,6,6,1,60,9,1560,2,12,FORD FIESTA,1,E01012483,0,1
2024061512936,2024,061512936,2,9,0,-1,14,-1,-1,-1,0,0,0,0,0,0,4,1,-1,6,3,-1,-1,1242,1,18,FORD FIESTA,-1,-1,0,-1
2024622400342,2024,622400342,1,9,0,18,19,6,2,0,0,0,0,0,7,11,3,1,6,6,1,25,5,1242,1,15,FORD FIESTA,2,W01001862,0,2
2024471487709,2024,471487709,1,9,0,-1,5,7,4,-1,0,6,0,0,0,0,3,1,-1,6,2,33,6,1242,1,11,FORD FIESTA,3,E01031358,0,1
2024430276766,2024,430276766,1,9,0,1,1,2,6,0,0,0,0,0,0,0,2,1,3,7,2,37,7,1242,1,12,FORD FIESTA,10,E01016294,0,1
2024201524750,2024,201524750,2,9,0,-1,19,8,4,-1,0,0,0,0,0,0,3,1,-1,2,1,20,4,1242,1,10,FORD FIESTA,10,E01025834,0,3
2024201445832,2024,201445832,1,9,0,-1,5,1,5,-1,0,0,0,0,0,0,1,9,-1,9,2,51,8,1242,1,12,FORD FIESTA,4,E01010377,0,2
2024131530833,2024,131530833,1,9,0,-1,19,8,4,-1,0,8,0,0,0,0,2,1,-1,6,1,87,11,1242,1,12,FORD FIESTA,5,E01010604,0,1
2024430085875,2024,430085875,1,9,0,9,9,7,5,0,0,5,0,0,0,0,1,1,1,1,1,19,4,1388,1,12,FORD FIESTA,6,E01027735,0,5
2024070883371,2024,070883371,1,9,0,-1,12,6,2,-1,0,0,1,7,4,1,1,1,-1,2,1,31,6,1242,1,16,FORD FIESTA,1,E01007270,0,3
2024201439337,2024,201439337,2,9,0,-1,4,8,4,-1,0,0,0,0,0,0,2,1,-1,1,2,31,6,998,1,7,FORD FIESTA,5,E01009432,0,2
2024991464332,2024,991464332,2,9,0,-1,5,5,1,-1,0,4,0,0,0,0,3,1,-1,6,2,72,10,998,1,8,FORD FIESTA,2,-1,0,1
2024201459087,2024,201459087,1,9,0,-1,19,4,8,-1,0,1,0,0,0,0,1,1,-1,6,2,30,6,999,1,2,FORD FIESTA,-1,-1,0,-1
2024010546703,2024,010546703,2,9,0,99,99,9,9,99,99,9,9,99,9,99,2,9,6,6,2,23,5,1388,1,13,FORD FIESTA,2,E01003501,0,1
2024461408472,2024,461408472,2,9,0,-1,19,5,1,-1,0,0,1,0,1,0,2,1,-1,6,1,58,9,-1,-1,-1,FORD FIESTA,1,E01020554,0,5
2024461471864,2024,461471864,1,9,0,-1,19,5,5,-1,0,0,0,0,0,0,3,1,-1,9,2,44,7,1242,1,14,FORD FIESTA,3,E01024560,0,1
2024201436619,2024,201436619,2,9,0,-1,9,4,2,-1,0,5,0,0,0,0,3,1,-1,9,2,54,8,1242,1,9,FORD FIESTA,6,E01009251,0,1
2024531413450,2024,531413450,2,9,0,-1,19,3,7,-1,0,0,0,0,0,0,1,1,-1,9,1,23,5,1242,1,16,FORD FIESTA,1,E01022319,0,1
2024131535615,2024,131535615,2,9,0,-1,19,7,3,-1,0,0,0,0,0,0,3,1,-1,6,1,18,4,1399,2,12,FORD FIESTA,3,E01011286,0,1
2024501406267,2024,501406267,3,9,0,-1,19,5,1,-1,0,0,0,0,0,0,2,9,-1,2,1,27,6,998,1,1,FORD FIESTA,3,E01015167,0,1
2024401482654,2024,401482654,2,9,0,-1,19,6,2,-1,0,0,0,0,0,0,1,1,-1,1,2,52,8,1242,1,10,FORD FIESTA,4,E01015810,0,3
2024471423369,2024,471423369,1,9,0,-1,10,6,2,-1,0,0,0,0,0,0,4,1,-1,6,2,19,4,1242,1,14,FORD FIESTA,1,E01020995,0,1
2024430611917,2024,430611917,1,9,0,18,19,7,3,0,0,1,0,0,0,0,1,1,6,6,2,69,10,1242,1,12,FORD FIESTA,9,E01028783,0,1
2024052402098,2024,052402098,2,9,0,18,19,1,5,0,0,0,0,0,0,0,1,1,6,6,1,45,7,1399,2,12,FORD FIESTA,5,E01006475,0,1
2024461536073,2024,461536073,1,9,0,-1,19,8,4,-1,0,1,0,0,0,0,1,1,-1,6,3,-1,-1,1242,1,17,FORD FIESTA,-1,-1,0,-1
2024010548844,2024,010548844,1,9,0,99,99,9,9,99,99,9,9,99,9,99,1,9,2,2,2,66,10,998,1,5,FORD FIESTA,6,E01001520,0,1
2024221529931,2024,221529931,2,9,0,-1,10,6,4,-1,0,8,1,0,0,0,2,1,-1,6,2,34,6,999,1,2,FORD FIESTA,8,W01000472,0,4
2024010516117,2024,010516117,1,9,0,14,14,4,8,0,0,0,0,0,0,0,1,1,6,6,2,21,5,998,1,9,FORD FIESTA,1,E01001115,0,4
2024461433726,2024,461433726,3,9,0,-1,20,0,0,-1,9,2,0,0,0,0,2,1,-1,6,-1,-1,-1,999,1,4,FORD FIESTA,-1,-1,0,-1
2024421427738,2024,421427738,1,9,0,-1,7,1,4,-1,0,2,0,0,0,0,1,1,-1,6,2,18,4,1242,1,12,FORD FIESTA,5,E01023295,0,2
2024201431869,2024,201431869,1,9,0,-1,19,4,8,-1,0,0,0,0,0,0,1,9,-1,1,1,-1,-1,1399,2,16,FORD FIESTA,4,E01009927,0,3
2024041471622,2024,041471622,2,9,0,-1,7,4,8,-1,0,8,0,0,0,0,4,9,-1,6,2,75,10,1242,1,9,FORD FIESTA,3,E01025149,0,1
2024451453657,2024,451453657,2,9,0,-1,19,1,5,-1,0,0,0,0,0,0,1,1,-1,9,1,30,6,1388,1,17,FORD FIESTA,9,E01030716,0,4
2024201466215,2024,201466215,1,9,0,-1,9,8,5,-1,0,5,0,0,0,0,1,9,-1,6,2,44,7,998,1,10,FORD FIESTA,1,E01010273,0,1
2024061443699,2024,061443699,1,9,0,-1,5,1,5,-1,0,8,0,0,0,0,1,1,-1,2,1,28,6,998,1,6,FORD FIESTA,9,E01005864,0,1
2024221436934,2024,221436934,1,9,0,-1,13,6,2,-1,0,0,0,0,0,0,1,1,-1,1,1,22,5,-1,-1,-1,FORD FIESTA,4,E01028876,0,2
2024061489887,2024,061489887,1,9,0,-1,19,6,2,-1,0,8,0,0,0,0,1,1,-1,6,3,-1,-1,1388,1,15,FORD FIESTA,-1,-1,0,-1
2024631397749,2024,631397749,1,9,0,-1,19,4,8,-1,0,1,0,0,0,0,1,1,-1,9,1,86,11,1596,1,12,FORD FIESTA,8,W01000527,0,4
2024622400765,2024,622400765,1,9,0,18,19,4,8,0,0,0,0,0,4,0,1,1,6,6,1,68,10,998,1,10,FORD FIESTA,10,W01001390,0,4
2024161430957,2024,161430957,1,9,0,-1,9,8,4,-1,0,6,0,0,0,0,4,1,-1,9,2,26,6,1084,1,7,FORD FIESTA,8,E01035469,0,2
2024552401012,2024,552401012,1,9,0,12,12,4,8,0,0,0,0,0,0,0,3,1,6,6,1,57,9,1242,1,16,FORD FIESTA,6,E01034281,0,4
2024461443962,2024,461443962,2,9,0,-1,4,5,1,-1,0,0,0,0,0,0,2,9,-1,9,2,24,5,998,1,8,FORD FIESTA,8,E01024076,0,4
2024451490517,2024,451490517,1,9,0,-1,19,5,1,-1,0,2,0,0,0,0,1,1,-1,2,1,19,4,1388,1,18,FORD FIESTA,8,E01030519,0,1
2024101457888,2024,101457888,1,9,0,-1,19,7,3,-1,0,0,0,0,0,0,1,1,-1,6,1,21,5,1242,1,19,FORD FIESTA,3,E01020827,0,4
2024161451811,2024,161451811,2,9,0,-1,9,5,3,-1,0,8,0,0,0,0,1,1,-1,9,1,18,4,1242,1,17,FORD FIESTA,1,E01013229,0,1
2024411482269,2024,411482269,1,9,0,-1,9,1,7,-1,0,1,0,0,0,0,1,1,-1,6,2,79,11,1388,1,13,FORD FIESTA,9,E01023376,0,3
2024052400067,2024,052400067,2,9,0,2,2,0,0,0,0,1,0,0,0,0,3,1,6,6,3,-1,-1,999,1,3,FORD FIESTA,-1,-1,0,-1
2024010527156,2024,010527156,1,9,0,9,9,7,5,0,0,5,0,0,0,0,4,1,2,2,1,31,6,998,1,10,FORD FIESTA,4,E01003249,0,1
2024010504790,2024,010504790,1,9,0,18,19,5,1,0,0,1,0,0,0,0,2,1,6,6,1,34,6,1084,1,5,FORD FIESTA,5,E01004547,0,1
2024161525194,2024,161525194,1,9,0,-1,19,1,5,-1,0,0,0,0,0,0,1,1,-1,6,1,39,7,1560,2,17,FORD FIESTA,1,E01012856,0,1
2024421416050,2024,421416050,1,9,0,-1,19,3,7,-1,0,1,0,0,0,0,1,1,-1,9,1,17,4,1596,1,24,FORD FIESTA,7,E01015849,0,1
2024622400408,2024,622400408,1,9,0,18,19,7,3,0,0,1,0,0,0,0,1,1,6,6,1,29,6,998,1,7,FORD FIESTA,7,W01000808,0,2
2024461471853,2024,461471853,1,9,0,-1,4,3,7,-1,0,2,0,0,0,0,1,1,-1,2,1,43,7,1596,1,8,FORD FIESTA,6,E01024212,0,1
2024122401286,2024,122401286,1,9,0,17,19,3,7,0,0,0,0,0,1,4,1,1,6,6,1,19,4,998,1,6,FORD FIESTA,8,E01027895,0,1
2024543102024,2024,543102024,1,9,0,3,3,4,8,0,0,0,0,0,0,0,1,1,6,6,1,20,4,998,1,5,FORD FIESTA,4,E01009766,0,5
2024991493641,2024,991493641,1,9,0,-1,5,3,1,-1,0,6,0,0,1,0,3,1,-1,6,1,85,11,1242,1,15,FORD FIESTA,9,-1,0,1
2024351519200,2024,351519200,1,9,0,-1,5,7,3,-1,0,6,0,0,0,0,1,1,-1,6,1,19,4,1242,1,15,FORD FIESTA,3,E01018066,0,2
2024552401375,2024,552401375,1,9,0,9,9,8,5,4,4,5,0,0,0,0,3,1,6,6,2,29,6,1560,2,11,FORD FIESTA,9,E01015405,0,1
2024991522137,2024,991522137,2,9,0,-1,19,4,1,-1,0,1,0,0,0,0,4,1,-1,6,2,50,8,1560,2,14,FORD FIESTA,4,-1,0,2
2024430082276,2024,430082276,2,9,0,18,19,2,6,0,0,0,0,0,0,0,4,1,6,6,1,28,6,998,1,10,FORD FIESTA,1,E01015789,0,4
2024061445342,2024,061445342,2,9,0,-1,19,4,6,-1,0,1,0,0,0,0,4,9,-1,6,1,25,5,1242,1,14,FORD FIESTA,1,E01005239,0,1