collision_index,collision_year,collision_ref_no,vehicle_reference,vehicle_type,towing_and_articulation,vehicle_manoeuvre_historic,vehicle_manoeuvre,vehicle_direction_from,vehicle_direction_to,vehicle_location_restricted_lane_historic,vehicle_location_restricted_lane,junction_location,skidding_and_overturning,hit_object_in_carriageway,vehicle_leaving_carriageway,hit_object_off_carriageway,first_point_of_impact,vehicle_left_hand_drive,journey_purpose_of_driver_historic,journey_purpose_of_driver,sex_of_driver,age_of_driver,age_band_of_driver,engine_capacity_cc,propulsion_code,age_of_vehicle,generic_make_model,driver_imd_decile,lsoa_of_driver,escooter_flag,driver_distance_banding
2024010545325,2024,010545325,1,9,0,18,19,1,5,0,0,2,0,0,0,0,0,1,6,6,1,24,5,1242,1,14,FORD FIESTA,4,E01034288,0,1
2024421470979,2024,421470979,1,9,0,-1,19,3,7,-1,0,0,0,0,7,0,3,1,-1,2,2,66,10,1388,1,15,FORD FIESTA,1,E01021317,0,1
2024440248789,2024,440248789,1,9,0,18,19,6,2,0,0,0,0,0,4,6,4,1,6,6,2,41,7,1242,1,13,FORD FIESTA,10,E01022509,0,1
2024010497570,2024,010497570,2,9,0,99,99,9,9,99,99,9,9,99,9,99,9,9,6,6,3,-1,-1,1388,1,17,FORD FIESTA,-1,-1,0,-1
2024061433909,2024,061433909,2,9,0,-1,12,6,6,-1,0,1,0,0,0,0,0,1,-1,6,1,28,6,1999,1,18,FORD FIESTA,2,E01004907,0,2
2024461419284,2024,461419284,2,9,0,-1,19,-1,-1,-1,0,3,0,0,0,0,3,9,-1,6,1,18,4,1242,1,18,FORD FIESTA,4,E01024681,0,2
2024351490152,2024,351490152,1,9,0,-1,19,-1,-1,-1,0,0,0,0,0,0,1,1,-1,6,1,25,5,998,1,7,FORD FIESTA,2,E01015666,0,1
2024201484650,2024,201484650,2,9,0,-1,3,6,3,-1,0,0,0,0,0,0,2,1,-1,9,2,29,6,1242,1,14,FORD FIESTA,-1,-1,0,-1
2024421459962,2024,421459962,2,9,0,-1,19,8,4,-1,0,1,0,0,0,0,3,1,-1,9,2,20,4,1242,1,16,FORD FIESTA,7,E01021353,0,2
2024010538997,2024,010538997,2,9,0,2,2,0,0,0,0,2,0,0,0,0,2,1,6,6,3,-1,-1,1388,1,15,FORD FIESTA,-1,-1,0,-1
2024201502014,2024,201502014,1,9,0,-1,19,7,3,-1,0,0,0,0,0,0,1,1,-1,6,2,19,4,1388,1,13,FORD FIESTA,4,E01022036,0,5
2024201529584,2024,201529584,2,9,0,-1,19,7,3,-1,0,1,1,0,0,0,4,9,-1,6,2,54,8,1388,1,13,FORD FIESTA,-1,-1,0,-1
2024010538807,2024,010538807,1,9,0,5,5,5,1,0,0,8,0,0,0,0,1,1,6,6,2,84,11,1388,1,13,FORD FIESTA,2,E01000017,0,1
2024361425819,2024,361425819,1,9,0,-1,19,8,4,-1,0,1,0,0,0,0,1,1,-1,9,1,34,6,1242,1,20,FORD FIESTA,2,E01026633,0,4
2024010527127,2024,010527127,1,19,0,1,1,8,4,0,0,1,0,0,0,0,2,1,1,1,1,70,10,1499,2,6,FORD FIESTA,8,E01002470,0,3
202454C109324,2024,54C109324,1,9,0,4,4,2,6,0,0,4,0,0,0,0,1,1,2,2,2,31,6,1242,1,10,FORD FIESTA,4,E01032094,0,1
2024421453504,2024,421453504,2,9,0,-1,19,7,3,-1,0,0,0,0,0,0,1,1,-1,6,2,60,9,1242,1,12,FORD FIESTA,4,E01021992,0,2
2024031528300,2024,031528300,1,9,0,-1,9,7,3,-1,0,1,0,0,0,0,3,1,-1,1,2,18,4,1242,1,12,FORD FIESTA,7,E01019240,0,2
2024041490286,2024,041490286,1,9,0,-1,9,7,1,-1,0,3,0,7,0,0,1,1,-1,9,1,19,4,998,1,6,FORD FIESTA,4,E01006390,0,2
2024010547025,2024,010547025,1,9,0,99,99,9,9,99,99,9,9,99,9,99,2,9,6,6,3,-1,-1,998,1,1,FORD FIESTA,-1,-1,0,-1
2024361495058,2024,361495058,2,9,0,-1,19,1,5,-1,0,0,0,0,0,0,3,1,-1,1,2,23,5,1388,1,15,FORD FIESTA,5,E01026718,0,4
2024531501048,2024,531501048,1,9,0,-1,19,5,2,-1,0,0,0,0,0,0,1,2,-1,9,2,26,6,1388,1,14,FORD FIESTA,10,E01022360,0,3
2024231476484,2024,231476484,2,9,0,-1,19,6,3,-1,0,8,0,0,1,10,1,9,-1,2,1,60,9,1499,2,9,FORD FIESTA,5,E01032342,0,3
2024061532130,2024,061532130,1,9,0,-1,5,6,4,-1,0,1,0,0,0,0,3,1,-1,2,2,66,10,998,1,6,FORD FIESTA,5,E01006004,0,2
2024061443858,2024,061443858,1,9,0,-1,4,1,5,-1,0,0,0,0,0,0,1,1,-1,9,1,17,4,998,1,11,FORD FIESTA,-1,-1,0,-1
2024010510605,2024,010510605,2,9,0,99,99,9,9,99,99,9,9,99,9,99,9,9,6,6,3,-1,-1,1388,1,17,FORD FIESTA,6,E01026098,0,5
2024031398285,2024,031398285,1,9,0,-1,19,4,8,-1,0,0,0,0,0,0,1,1,-1,6,2,17,4,998,1,8,FORD FIESTA,9,E01019195,0,2
2024622400156,2024,622400156,1,9,0,18,19,4,7,0,0,1,0,10,1,0,1,1,6,6,1,19,4,1399,2,12,FORD FIESTA,2,W01001695,0,4
2024991419429,2024,991419429,2,9,0,-1,19,2,6,-1,0,1,1,0,0,0,1,1,-1,9,1,64,9,998,1,5,FORD FIESTA,9,-1,0,5
2024201518101,2024,201518101,1,9,0,-1,19,1,4,-1,0,0,0,0,0,0,0,9,-1,6,3,-1,-1,1560,2,14,FORD FIESTA,-1,-1,0,-1
2024061473920,2024,061473920,2,9,0,-1,15,1,5,-1,9,1,5,0,1,0,1,1,-1,9,1,32,6,1242,1,12,FORD FIESTA,3,E01005372,0,1
2024131520845,2024,131520845,1,9,0,-1,19,7,3,-1,0,0,0,0,0,0,1,1,-1,9,1,19,4,998,1,7,FORD FIESTA,6,E01010639,0,4
2024010528426,2024,010528426,1,9,0,18,19,7,3,0,0,1,0,0,0,0,1,1,6,6,1,23,5,1388,1,12,FORD FIESTA,-1,-1,0,-1
2024131433700,2024,131433700,2,9,0,-1,9,4,2,-1,0,8,0,0,0,0,1,1,-1,9,1,28,6,1242,1,10,FORD FIESTA,9,E01011923,0,1
2024421432054,2024,421432054,2,9,0,-1,19,6,2,-1,0,1,0,0,0,0,1,1,-1,6,2,34,6,1242,1,16,FORD FIESTA,2,E01015840,0,1
2024531507736,2024,531507736,2,9,0,-1,19,1,5,-1,0,1,0,0,0,0,1,1,-1,2,1,22,5,998,1,9,FORD FIESTA,3,E01022309,0,3
2024101415991,2024,101415991,1,9,0,-1,19,3,7,-1,0,0,0,0,7,4,1,1,-1,6,1,20,4,1242,1,18,FORD FIESTA,4,E01008814,0,2
2024141452362,2024,141452362,1,9,0,-1,19,8,4,-1,0,8,1,10,1,1,4,1,-1,2,2,23,5,1242,1,15,FORD FIESTA,1,E01034842,0,1
2024411524226,2024,411524226,1,9,0,-1,9,2,6,-1,0,2,0,0,0,0,1,1,-1,6,2,45,7,998,1,10,FORD FIESTA,10,E01023694,0,1
2024052401805,2024,052401805,2,9,0,18,19,1,5,0,0,1,0,0,0,0,4,1,6,6,2,24,5,1084,1,6,FORD FIESTA,1,E01006703,0,1
2024041424316,2024,041424316,4,9,0,-1,2,0,0,-1,0,0,0,0,0,0,4,1,-1,6,-1,-1,-1,1242,1,12,FORD FIESTA,-1,-1,0,-1
2024010501549,2024,010501549,1,9,0,9,9,7,5,0,0,8,0,0,0,0,4,1,6,6,1,18,4,1242,1,10,FORD FIESTA,9,E01001103,0,1
2024101425031,2024,101425031,1,9,0,-1,9,1,7,-1,0,1,0,0,0,0,4,1,-1,2,1,18,4,1242,1,17,FORD FIESTA,8,E01027504,0,2
2024371463745,2024,371463745,2,9,0,-1,7,8,2,-1,0,7,0,0,0,0,1,1,-1,1,1,26,6,1499,2,7,FORD FIESTA,10,E01016684,0,5
2024549395024,2024,549395024,2,9,0,18,19,7,3,0,0,0,0,0,1,9,4,1,6,6,2,75,10,998,1,6,FORD FIESTA,10,E01030398,0,5
2024501459898,2024,501459898,2,9,0,-1,4,3,7,-1,0,0,0,0,0,0,2,1,-1,2,2,52,8,998,1,5,FORD FIESTA,10,E01020222,0,4
2024101497946,2024,101497946,1,9,0,-1,19,7,3,-1,0,6,1,4,0,0,4,1,-1,6,1,33,6,1242,1,16,FORD FIESTA,2,E01008819,0,1
2024340NN0292,2024,340NN0292,1,9,0,-1,19,2,6,-1,0,6,0,0,0,0,1,1,-1,6,1,18,4,1399,2,15,FORD FIESTA,2,E01035432,0,1
2024461533426,2024,461533426,1,9,0,-1,19,7,3,-1,0,0,0,0,0,0,1,1,-1,9,1,36,7,1388,1,12,FORD FIESTA,4,E01024681,0,1
2024430610315,2024,430610315,5,9,0,18,19,4,8,0,0,0,0,0,0,0,2,1,6,6,1,47,8,998,1,11,FORD FIESTA,3,E01026959,0,4
2024461410475,2024,461410475,2,9,0,-1,2,0,0,-1,9,0,0,0,0,0,3,1,-1,6,-1,-1,-1,1242,1,7,FORD FIESTA,-1,-1,0,-1
2024052401946,2024,052401946,3,9,0,5,5,1,5,0,0,1,0,0,0,0,1,1,6,6,3,-1,-1,998,1,7,FORD FIESTA,-1,-1,0,-1
2024421455444,2024,421455444,1,9,0,-1,5,4,1,-1,0,6,0,0,0,0,3,1,-1,2,1,21,5,998,1,11,FORD FIESTA,4,E01015957,0,1
2024440396347,2024,440396347,1,9,0,18,19,7,3,0,0,0,0,0,1,9,1,1,6,6,1,23,5,1242,1,14,FORD FIESTA,8,E01030390,0,4
2024421491733,2024,421491733,1,9,0,-1,4,3,6,-1,0,0,0,0,0,0,1,1,-1,6,2,24,5,1388,1,12,FORD FIESTA,5,E01021262,0,3
2024070162140,2024,070162140,2,9,0,3,3,7,3,0,0,1,0,0,0,0,2,1,6,6,1,18,4,1242,1,13,FORD FIESTA,4,E01018447,0,1
2024061509593,2024,061509593,2,9,0,-1,9,-1,-1,-1,0,5,0,0,0,0,4,1,-1,6,3,-1,-1,1242,1,14,FORD FIESTA,-1,-1,0,-1
2024041516979,2024,041516979,2,9,0,-1,19,3,1,-1,0,0,1,0,8,10,1,1,-1,7,1,18,4,1596,1,20,FORD FIESTA,8,E01025109,0,4
2024421492390,2024,421492390,1,9,0,-1,19,7,3,-1,0,4,0,0,0,0,1,1,-1,6,1,55,8,1388,1,21,FORD FIESTA,9,E01021462,0,3
2024471515915,2024,471515915,2,9,0,-1,2,0,0,-1,0,0,0,0,0,0,0,9,-1,6,3,-1,-1,1242,1,15,FORD FIESTA,-1,-1,0,-1
2024302400190,2024,302400190,2,9,0,18,19,6,2,0,0,0,0,0,0,0,4,1,6,6,2,20,4,998,1,10,FORD FIESTA,5,E01019480,0,1
2024471441685,2024,471441685,1,9,0,-1,19,6,2,-1,0,0,0,4,0,0,3,1,-1,9,1,52,8,1399,2,14,FORD FIESTA,7,E01031374,0,1
2024041520260,2024,041520260,1,9,0,-1,19,4,8,-1,0,0,0,0,0,0,1,1,-1,9,2,41,7,999,1,2,FORD FIESTA,6,E01025433,0,3
2024631446629,2024,631446629,1,9,0,-1,19,2,6,-1,0,0,1,0,8,10,1,1,-1,9,1,19,4,998,1,6,FORD FIESTA,6,W01000477,0,4
2024010523338,2024,010523338,4,9,0,18,19,3,7,0,0,2,0,0,0,0,2,1,6,6,2,22,5,1388,1,13,FORD FIESTA,9,E01002288,0,1
2024610030324,2024,610030324,1,9,0,18,19,5,1,0,0,8,0,0,0,0,4,1,6,6,3,-1,-1,998,1,9,FORD FIESTA,-1,-1,0,-1
2024471395201,2024,471395201,1,9,0,-1,19,1,5,-1,0,8,0,0,0,0,4,1,-1,9,2,54,8,1596,1,11,FORD FIESTA,8,E01020953,0,1
2024340WN6532,2024,340WN6532,1,9,0,-1,19,7,3,-1,0,0,2,10,1,9,4,1,-1,6,1,19,4,1388,1,16,FORD FIESTA,8,E01032985,0,2
2024991490861,2024,991490861,1,9,0,-1,19,5,1,-1,0,8,0,0,0,0,1,1,-1,2,2,60,9,1499,2,11,FORD FIESTA,3,-1,0,1
2024520001753,2024,520001753,2,9,0,18,19,3,7,0,0,8,0,0,0,0,4,1,6,6,1,67,10,998,1,8,FORD FIESTA,3,E01014461,0,1
2024061423355,2024,061423355,1,19,0,-1,3,-1,-1,-1,0,0,0,0,0,0,2,1,-1,9,2,51,8,1560,2,10,FORD FIESTA,4,E01019750,0,4
2024101440449,2024,101440449,2,9,-1,-1,3,5,1,-1,0,1,0,0,0,0,3,9,-1,6,1,54,8,998,1,6,FORD FIESTA,7,E01008465,0,1
2024991511078,2024,991511078,1,9,0,-1,3,7,3,-1,0,1,0,0,0,0,1,1,-1,6,1,18,4,999,1,1,FORD FIESTA,7,-1,0,1
2024631482542,2024,631482542,2,9,0,-1,4,7,3,-1,0,2,0,0,0,0,2,1,-1,6,1,45,7,1560,2,10,FORD FIESTA,6,W01000565,0,1
2024991439009,2024,991439009,1,9,0,-1,19,3,7,-1,0,8,0,0,0,0,1,1,-1,9,1,63,9,1560,2,14,FORD FIESTA,9,-1,0,1
2024451511105,2024,451511105,2,9,0,-1,3,3,7,-1,0,0,0,0,0,0,2,1,-1,6,1,22,5,998,1,11,FORD FIESTA,10,E01030948,0,1
2024541844624,2024,541844624,2,9,0,7,7,1,5,0,0,0,0,0,0,0,4,1,6,6,2,18,4,1084,1,5,FORD FIESTA,9,E01015548,0,2
2024010531325,2024,010531325,1,9,0,4,4,5,1,0,0,0,0,0,0,0,2,1,6,6,2,29,6,1596,1,10,FORD FIESTA,5,E01001404,0,1
2024141441404,2024,141441404,2,9,0,-1,2,0,0,-1,0,0,0,0,0,0,3,1,-1,6,-1,-1,-1,1242,1,14,FORD FIESTA,-1,-1,0,-1
2024141397104,2024,141397104,2,9,0,-1,19,7,3,-1,0,1,0,0,0,0,1,1,-1,9,2,52,8,1399,2,13,FORD FIESTA,1,E01007500,0,1
2024061454050,2024,061454050,1,9,0,-1,19,1,5,-1,0,1,0,0,0,0,1,1,-1,2,1,35,6,998,1,8,FORD FIESTA,1,E01005754,0,1
2024361508276,2024,361508276,1,9,0,-1,19,7,3,-1,0,8,5,0,3,0,1,1,-1,6,1,21,5,1560,2,14,FORD FIESTA,4,E01026643,0,4
2024201443892,2024,201443892,1,9,0,-1,19,4,8,-1,0,0,0,0,0,0,1,1,-1,6,1,83,11,998,1,7,FORD FIESTA,-1,-1,0,-1
2024451537745,2024,451537745,1,9,0,-1,19,1,5,-1,0,0,0,0,0,0,1,9,-1,9,1,19,4,1242,1,10,FORD FIESTA,8,E01030742,0,1
2024421402705,2024,421402705,1,9,0,-1,19,6,2,-1,0,0,0,0,0,0,1,1,-1,2,2,26,6,1242,1,11,FORD FIESTA,8,E01022059,0,3
2024461414887,2024,461414887,1,9,0,-1,19,1,5,-1,0,0,0,0,0,0,1,9,-1,6,1,19,4,1242,1,9,FORD FIESTA,8,E01024351,0,2
2024991439020,2024,991439020,1,9,0,-1,19,7,3,-1,0,0,2,0,7,4,1,1,-1,6,1,28,6,1242,1,15,FORD FIESTA,1,-1,0,1
2024031411128,2024,031411128,1,9,0,-1,19,2,6,-1,0,0,0,0,7,11,1,1,-1,9,1,20,4,1560,2,10,FORD FIESTA,9,E01019162,0,2
2024421398010,2024,421398010,2,9,0,-1,19,6,2,-1,0,0,0,0,0,0,3,1,-1,9,1,32,6,998,1,8,FORD FIESTA,6,E01021971,0,1
2024991409609,2024,991409609,1,9,0,-1,9,7,5,-1,0,5,0,0,0,0,1,2,-1,9,2,70,10,1399,2,13,FORD FIESTA,8,-1,0,1
2024052401393,2024,052401393,2,9,0,18,19,5,1,0,0,0,0,0,0,0,1,1,6,6,1,20,4,998,1,6,FORD FIESTA,1,E01006460,0,1
2024201412453,2024,201412453,1,9,0,-1,19,5,1,-1,0,0,0,0,0,0,1,9,-1,6,1,28,6,-1,-1,-1,FORD FIESTA,4,E01009879,0,3
2024991400539,2024,991400539,1,9,0,-1,19,3,7,-1,0,0,5,0,1,9,1,1,-1,9,1,23,5,1560,2,14,FORD FIESTA,8,-1,0,5
2024131419518,2024,131419518,1,9,0,-1,19,1,5,-1,0,0,0,10,0,0,1,1,-1,6,2,28,6,1596,1,16,FORD FIESTA,6,E01010909,0,2
2024320727688,2024,320727688,1,9,0,5,5,1,3,0,0,0,0,0,0,0,1,1,-1,-1,1,44,7,1596,1,9,FORD FIESTA,9,E01026401,0,1
2024546677824,2024,546677824,2,9,0,18,19,5,1,0,0,0,0,0,0,0,1,1,6,6,1,20,4,998,1,5,FORD FIESTA,8,E01015500,0,2
2024340NN1132,2024,340NN1132,1,9,0,-1,19,2,6,-1,0,0,0,0,1,11,1,1,-1,6,1,71,10,-1,-1,-1,FORD FIESTA,6,E01027062,0,1
2024231515614,2024,231515614,1,9,0,-1,19,8,4,-1,0,0,0,0,0,0,4,9,-1,6,2,38,7,998,1,11,FORD FIESTA,2,E01031046,0,1
2024421482159,2024,421482159,1,9,0,-1,19,4,8,-1,0,1,0,0,0,0,1,9,-1,6,2,-1,-1,998,1,6,FORD FIESTA,-1,-1,0,-1
2024991485952,2024,991485952,3,9,0,-1,19,1,5,-1,0,0,0,0,0,0,2,1,-1,9,1,31,6,1084,1,5,FORD FIESTA,2,-1,0,3
2024131406250,2024,131406250,1,9,0,-1,19,5,1,-1,0,3,0,0,1,11,1,1,-1,9,1,20,4,998,1,10,FORD FIESTA,2,E01025069,0,4
2024131513076,2024,131513076,2,9,0,-1,19,2,6,-1,0,1,0,0,0,0,2,1,-1,6,2,60,9,1242,1,13,FORD FIESTA,1,E01011756,0,1
2024320132341,2024,320132341,1,9,0,-1,-1,6,2,0,0,1,0,0,0,0,1,1,-1,-1,2,27,6,1388,1,14,FORD FIESTA,7,E01026275,0,3
2024131413735,2024,131413735,1,9,0,-1,5,3,7,-1,0,8,0,0,1,10,1,1,-1,9,2,40,7,1388,1,13,FORD FIESTA,3,E01011691,0,2
2024161401081,2024,161401081,2,9,0,-1,4,3,7,-1,0,1,0,0,0,0,1,9,-1,6,1,21,5,1560,2,15,FORD FIESTA,1,E01012761,0,1
2024141439247,2024,141439247,2,9,0,-1,19,5,1,-1,0,0,0,0,5,6,1,1,-1,9,1,25,5,1596,1,9,FORD FIESTA,1,E01011842,0,4
2024461432889,2024,461432889,1,9,0,-1,19,7,3,-1,0,1,0,0,0,0,1,9,-1,6,2,44,7,999,1,2,FORD FIESTA,10,E01024348,0,1
2024010501221,2024,010501221,1,9,0,99,99,9,9,99,99,9,9,99,9,99,9,9,6,6,2,40,7,1499,2,7,FORD FIESTA,8,E01004147,0,1
2024311452913,2024,311452913,2,9,0,-1,19,3,7,-1,0,0,0,0,0,0,1,1,-1,6,1,54,8,998,1,8,FORD FIESTA,10,E01028087,0,1
2024302401221,2024,302401221,2,9,0,7,7,4,6,0,0,1,0,0,0,0,1,1,6,6,1,18,4,998,1,10,FORD FIESTA,10,E01013574,0,1
2024041431715,2024,041431715,1,9,0,-1,19,7,3,-1,0,0,0,0,0,0,1,1,-1,6,1,54,8,1242,1,11,FORD FIESTA,1,E01005639,0,4
2024471406866,2024,471406866,2,9,0,-1,19,5,1,-1,0,8,0,0,0,0,1,1,-1,9,2,47,8,998,1,10,FORD FIESTA,7,E01021201,0,3
2024531534588,2024,531534588,1,9,0,-1,19,3,7,-1,0,0,5,0,7,0,1,1,-1,9,1,55,8,1399,2,14,FORD FIESTA,2,W01000588,0,5
2024010506365,2024,010506365,2,9,0,18,19,1,5,0,0,1,0,0,0,0,1,1,3,7,2,31,6,1242,1,20,FORD FIESTA,2,E01000729,0,1
2024340NN0382,2024,340NN0382,1,9,0,-1,9,4,1,-1,0,5,0,0,0,0,1,2,-1,9,2,18,4,1388,1,20,FORD FIESTA,1,E01035414,0,1
2024041453414,2024,041453414,1,9,0,-1,19,6,2,-1,0,2,0,0,7,11,1,1,-1,9,2,38,7,1596,1,13,FORD FIESTA,6,E01027559,0,3
2024201437692,2024,201437692,2,9,0,-1,10,6,3,-1,0,8,0,10,1,0,3,1,-1,9,1,21,5,1999,1,16,FORD FIESTA,2,E01008953,0,1
2024131523447,2024,131523447,5,9,0,-1,2,0,0,-1,-1,0,0,0,0,0,1,1,-1,6,-1,-1,-1,999,1,4,FORD FIESTA,-1,-1,0,-1
2024361424163,2024,361424163,1,9,0,-1,9,7,5,-1,0,8,0,0,0,0,4,1,-1,7,1,18,4,998,1,10,FORD FIESTA,5,E01033037,0,3
2024061428428,2024,061428428,1,9,0,-1,3,-1,-1,-1,0,3,0,0,0,0,2,1,-1,9,1,49,8,1388,1,14,FORD FIESTA,2,E01004772,0,2
2024010495089,2024,010495089,1,9,0,18,19,3,7,0,0,0,0,0,0,0,1,1,6,6,1,22,5,1388,1,15,FORD FIESTA,5,E01003204,0,2
2024302401546,2024,302401546,1,9,0,9,9,4,8,0,0,8,0,0,0,0,1,1,1,1,1,40,7,1399,2,14,FORD FIESTA,5,E01019873,0,4
2024430128484,2024,430128484,1,9,0,3,3,2,6,0,0,0,0,0,0,0,1,1,6,6,1,73,10,999,1,4,FORD FIESTA,10,E01016424,0,1
2024361523432,2024,361523432,2,9,0,-1,2,2,6,-1,-1,0,0,0,1,0,1,1,-1,6,1,22,5,1388,1,18,FORD FIESTA,4,E01026609,0,1
2024221521735,2024,221521735,1,9,0,-1,19,6,2,-1,0,6,0,0,0,0,4,1,-1,2,2,35,6,1560,2,10,FORD FIESTA,1,W01001879,0,4
2024010534761,2024,010534761,1,9,0,9,9,3,2,0,0,1,0,0,0,0,3,1,2,2,1,29,6,998,1,8,FORD FIESTA,6,E01003713,0,2
2024991395704,2024,991395704,1,9,0,-1,14,4,8,-1,0,1,1,0,8,0,1,1,-1,9,2,32,6,1084,1,6,FORD FIESTA,6,-1,0,2
2024041419146,2024,041419146,1,9,0,-1,9,5,1,-1,0,0,0,0,0,0,1,1,-1,9,2,25,5,1242,1,8,FORD FIESTA,2,E01025055,0,1
2024231460515,2024,231460515,1,9,0,-1,7,6,1,-1,0,5,1,0,3,4,1,9,-1,6,1,20,4,1388,1,18,FORD FIESTA,4,E01009620,0,1
2024302400374,2024,302400374,1,9,0,9,9,4,2,0,0,8,0,0,0,0,2,2,6,6,2,29,6,1560,2,13,FORD FIESTA,2,E01019471,0,1
2024201400937,2024,201400937,2,9,0,-1,5,2,6,-1,0,0,0,0,0,0,1,1,-1,6,1,67,10,998,1,7,FORD FIESTA,2,E01009609,0,1
2024131481509,2024,131481509,3,9,0,-1,2,5,1,-1,0,0,5,0,0,0,2,1,-1,6,1,68,10,998,1,6,FORD FIESTA,8,E01012989,0,4
2024122400309,2024,122400309,2,9,0,18,19,2,6,0,0,1,0,0,0,0,3,1,6,6,2,58,9,1388,1,18,FORD FIESTA,10,E01010768,0,3
2024122400191,2024,122400191,1,9,0,18,19,1,7,0,0,1,1,10,0,0,3,1,6,6,1,18,4,1499,2,6,FORD FIESTA,1,E01012075,0,2
2024531408934,2024,531408934,2,9,0,-1,2,0,0,-1,0,0,0,0,0,0,2,1,-1,6,3,-1,-1,1242,1,11,FORD FIESTA,-1,-1,0,-1
2024010508991,2024,010508991,1,9,0,4,4,5,1,0,0,0,0,0,0,0,1,1,6,6,1,97,11,1388,1,12,FORD FIESTA,10,E01002253,0,1
2024461408985,2024,461408985,2,9,0,-1,19,5,1,-1,0,0,0,0,0,0,2,1,-1,9,2,23,5,1242,1,24,FORD FIESTA,5,E01024207,0,2
2024501450923,2024,501450923,2,9,0,-1,4,8,4,-1,0,1,1,0,0,0,1,1,-1,9,1,45,7,1399,2,16,FORD FIESTA,6,E01019048,0,2
2024052402191,2024,052402191,3,9,0,3,3,5,1,0,0,1,0,0,0,0,1,1,6,6,1,23,5,1560,2,12,FORD FIESTA,1,E01006755,0,1
2024552400504,2024,552400504,1,9,0,18,19,5,1,0,0,1,0,0,0,0,1,1,6,6,1,31,6,1560,2,12,FORD FIESTA,4,E01015374,0,1
2024461410357,2024,461410357,1,9,0,-1,19,1,5,-1,0,0,0,0,8,0,1,1,-1,6,1,91,11,998,1,5,FORD FIESTA,8,E01024636,0,2
2024421507397,2024,421507397,2,9,0,-1,7,3,5,-1,0,2,0,0,0,0,1,1,-1,6,2,20,4,998,1,7,FORD FIESTA,7,E01021702,0,1
2024070424692,2024,070424692,1,9,0,18,19,1,5,0,0,0,0,0,0,0,1,1,6,6,2,46,8,1242,1,16,FORD FIESTA,2,E01012459,0,1
2024421396464,2024,421396464,2,9,0,-1,19,3,7,-1,0,1,2,0,0,0,4,9,-1,9,2,70,10,998,1,6,FORD FIESTA,8,E01021948,0,1
2024430169367,2024,430169367,2,9,0,3,3,7,3,0,0,1,0,0,0,0,2,1,6,6,1,60,9,998,1,5,FORD FIESTA,-1,-1,0,-1
2024131408130,2024,131408130,2,9,0,-1,-1,-1,-1,-1,-1,-1,-1,-1,-1,-1,2,1,-1,6,1,29,6,1399,2,15,FORD FIESTA,9,E01018599,0,4
2024010523770,2024,010523770,1,9,0,2,2,0,0,0,0,0,0,0,0,0,1,1,6,6,3,-1,-1,1242,1,13,FORD FIESTA,-1,-1,0,-1
2024361459250,2024,361459250,1,9,0,-1,19,8,4,-1,0,0,0,0,1,0,1,1,-1,9,1,20,4,1242,1,20,FORD FIESTA,3,E01026659,0,1
2024991400176,2024,991400176,1,9,0,-1,19,3,7,-1,0,0,0,0,7,0,1,1,-1,6,1,27,6,998,1,6,FORD FIESTA,8,-1,0,3
2024332401101,2024,332401101,2,9,0,-1,7,2,4,-1,5,6,0,0,0,0,1,1,-1,6,3,-1,-1,998,1,6,FORD FIESTA,-1,-1,0,-1
2024522401262,2024,522401262,1,9,0,5,5,3,7,0,0,4,0,0,0,0,1,1,6,6,1,19,4,1242,1,19,FORD FIESTA,7,E01014909,0,1
2024231416440,2024,231416440,1,9,0,-1,9,4,3,-1,0,4,0,0,0,0,1,1,-1,6,1,44,7,999,1,4,FORD FIESTA,6,E01035731,0,4
2024201440128,2024,201440128,2,9,0,-1,2,0,0,-1,0,0,0,0,0,0,2,1,-1,6,1,30,6,998,1,10,FORD FIESTA,7,E01009693,0,1
2024471488845,2024,471488845,2,9,0,-1,19,1,5,-1,0,1,0,0,0,0,3,1,-1,9,1,17,4,1242,1,12,FORD FIESTA,7,E01031566,0,1
202454F088724,2024,54F088724,1,9,0,18,19,3,7,0,0,0,0,0,0,0,1,1,2,2,2,18,4,1560,2,13,FORD FIESTA,6,E01032083,0,4
2024061485578,2024,061485578,2,9,0,-1,8,4,6,-1,0,0,0,10,2,11,1,1,-1,1,1,35,6,998,1,7,FORD FIESTA,-1,-1,0,-1
2024131393725,2024,131393725,1,9,0,-1,10,1,3,-1,0,1,0,0,0,0,3,1,-1,6,1,19,4,998,1,5,FORD FIESTA,7,E01010593,0,1
2024231512903,2024,231512903,1,9,0,-1,19,4,8,-1,0,0,5,0,1,2,1,1,-1,9,1,24,5,1399,2,15,FORD FIESTA,3,E01031080,0,2
2024302400505,2024,302400505,2,9,0,10,10,4,1,0,0,2,0,0,0,0,0,1,6,6,1,32,6,1242,1,15,FORD FIESTA,3,E01013454,0,1
2024131450642,2024,131450642,1,9,0,-1,6,3,1,-1,0,6,0,0,0,0,4,1,-1,9,2,21,5,998,1,6,FORD FIESTA,2,E01010940,0,2