collision_index,collision_year,collision_ref_no,vehicle_reference,vehicle_type,towing_and_articulation,vehicle_manoeuvre_historic,vehicle_manoeuvre,vehicle_direction_from,vehicle_direction_to,vehicle_location_restricted_lane_historic,vehicle_location_restricted_lane,junction_location,skidding_and_overturning,hit_object_in_carriageway,vehicle_leaving_carriageway,hit_object_off_carriageway,first_point_of_impact,vehicle_left_hand_drive,journey_purpose_of_driver_historic,journey_purpose_of_driver,sex_of_driver,age_of_driver,age_band_of_driver,engine_capacity_cc,propulsion_code,age_of_vehicle,generic_make_model,driver_imd_decile,lsoa_of_driver,escooter_flag,driver_distance_banding
2024430280330,2024,430280330,1,9,0,9,9,5,3,0,0,4,0,0,0,0,1,1,6,6,1,42,7,998,1,9,FORD FIESTA,10,E01017631,0,1
2024131428262,2024,131428262,2,9,0,-1,3,3,7,-1,0,0,0,0,0,0,2,1,-1,9,1,49,8,1242,1,14,FORD FIESTA,2,E01011331,0,1
2024401512976,2024,401512976,2,9,0,-1,9,5,3,-1,0,6,0,0,0,0,3,1,-1,6,1,18,4,1399,2,14,FORD FIESTA,3,E01017619,0,1
2024440263342,2024,440263342,1,9,0,18,19,1,5,0,0,1,0,0,0,0,1,1,1,1,1,19,4,1388,1,16,FORD FIESTA,6,E01034717,0,3
2024031484518,2024,031484518,1,9,0,-1,5,6,1,-1,0,4,0,0,0,0,1,1,-1,1,2,18,4,998,1,10,FORD FIESTA,-1,-1,0,-1
2024421400750,2024,421400750,1,9,0,-1,19,8,4,-1,0,4,0,0,0,0,1,1,-1,9,2,53,8,998,1,9,FORD FIESTA,9,E01021577,0,1
2024201460186,2024,201460186,2,9,0,-1,3,6,2,-1,0,0,1,0,0,0,2,1,-1,6,2,25,5,1242,1,14,FORD FIESTA,7,E01010163,0,1
2024361517768,2024,361517768,2,9,0,-1,19,8,4,-1,0,0,0,0,0,0,1,1,-1,9,-1,18,4,1399,2,15,FORD FIESTA,7,E01026723,0,1
2024546642424,2024,546642424,1,9,0,18,19,3,7,0,0,2,5,10,7,11,1,1,6,6,1,20,4,1388,1,19,FORD FIESTA,9,E01031955,0,1
2024201532723,2024,201532723,2,9,0,-1,19,2,6,-1,0,1,0,0,0,0,1,1,-1,2,2,27,6,1242,1,10,FORD FIESTA,1,E01034942,0,2
2024991512348,2024,991512348,1,9,0,-1,9,8,3,-1,0,2,0,0,0,0,1,1,-1,1,2,59,9,998,1,11,FORD FIESTA,8,-1,0,1
2024010492348,2024,010492348,1,9,0,1,1,5,1,0,0,0,0,0,0,0,1,1,2,2,1,23,5,998,1,8,FORD FIESTA,7,E01000748,0,2
2024421470701,2024,421470701,1,9,0,-1,5,4,7,-1,0,2,0,0,0,0,1,1,-1,9,2,19,4,1242,1,13,FORD FIESTA,6,E01022053,0,3
2024991483235,2024,991483235,1,9,0,-1,19,7,2,-1,0,0,1,0,0,0,1,1,-1,6,1,49,8,1560,2,15,FORD FIESTA,1,-1,0,1
2024141405386,2024,141405386,2,9,0,-1,19,3,7,-1,0,2,0,0,0,0,3,1,-1,6,1,23,5,1388,1,17,FORD FIESTA,-1,-1,0,-1
2024440450915,2024,440450915,1,9,0,5,5,2,6,0,0,1,0,0,0,0,1,1,2,2,1,36,7,1388,1,15,FORD FIESTA,5,E01017159,0,1
2024371474979,2024,371474979,1,9,0,-1,9,5,2,-1,0,2,1,0,0,0,1,1,-1,6,2,64,9,998,1,6,FORD FIESTA,10,E01030195,0,1
2024610042924,2024,610042924,1,9,0,9,9,5,3,0,0,8,0,0,0,0,1,1,6,6,2,83,11,1242,1,7,FORD FIESTA,4,W01001401,0,1
2024052402176,2024,052402176,1,9,0,18,19,1,5,0,0,1,5,4,0,0,1,1,6,6,2,73,10,1242,1,9,FORD FIESTA,3,E01007236,0,1
2024061410486,2024,061410486,3,9,-1,-1,-1,-1,-1,-1,-1,0,-1,-1,-1,0,-1,9,-1,6,1,24,5,1242,1,12,FORD FIESTA,-1,-1,0,-1
2024041408469,2024,041408469,1,9,0,-1,19,7,3,-1,0,0,0,11,0,0,4,1,-1,9,1,27,6,1399,2,15,FORD FIESTA,2,E01007504,0,5
2024631457109,2024,631457109,1,9,0,-1,19,6,2,-1,0,0,5,0,1,10,1,1,-1,9,2,20,4,1560,2,16,FORD FIESTA,5,W01000528,0,2
2024411450261,2024,411450261,2,9,0,-1,3,3,5,-1,0,0,0,0,0,0,2,1,-1,1,1,40,7,998,1,10,FORD FIESTA,8,E01023662,0,3
2024211501524,2024,211501524,2,9,0,-1,19,8,4,-1,0,0,0,0,0,0,2,1,-1,6,1,38,7,1242,1,18,FORD FIESTA,5,E01014335,0,1
2024531517909,2024,531517909,2,9,0,-1,19,1,5,-1,0,8,0,0,7,11,1,1,-1,9,1,17,4,1242,1,12,FORD FIESTA,5,E01034326,0,4
2024411531685,2024,411531685,1,9,0,-1,19,5,3,-1,0,0,0,0,0,0,1,1,-1,6,2,77,11,1388,1,17,FORD FIESTA,10,E01023449,0,1
2024991507703,2024,991507703,1,9,0,-1,9,7,6,-1,0,1,0,0,0,0,4,1,-1,9,1,54,8,999,1,1,FORD FIESTA,3,-1,0,2
2024061408456,2024,061408456,1,9,0,-1,2,0,0,-1,0,2,0,0,0,0,3,1,-1,6,1,25,5,1388,1,14,FORD FIESTA,1,E01024885,0,4
2024041453070,2024,041453070,1,9,0,-1,4,2,6,-1,0,0,0,0,0,0,1,1,-1,6,1,76,11,998,1,2,FORD FIESTA,2,E01012623,0,1
2024522402881,2024,522402881,1,9,0,18,19,5,1,0,0,8,0,0,0,0,1,1,6,6,2,65,9,998,1,9,FORD FIESTA,1,E01014608,0,1
2024351421827,2024,351421827,1,9,0,-1,19,5,1,-1,0,0,0,0,0,0,4,1,-1,9,1,74,10,999,1,4,FORD FIESTA,10,E01026300,0,3
2024501513872,2024,501513872,2,9,9,-1,19,8,4,-1,0,1,0,0,0,0,1,1,-1,6,1,20,4,1242,1,9,FORD FIESTA,7,W01001722,0,4
2024052402193,2024,052402193,1,9,0,7,7,1,5,0,0,1,0,0,0,0,1,1,6,6,2,50,8,1242,1,11,FORD FIESTA,4,E01012469,0,1
2024421403071,2024,421403071,2,9,0,-1,8,3,7,-1,0,0,0,0,0,0,4,9,-1,9,2,23,5,1242,1,11,FORD FIESTA,3,E01015988,0,2
2024531398168,2024,531398168,1,9,0,-1,19,3,7,-1,0,0,1,0,8,4,1,2,-1,9,1,17,4,1242,1,17,FORD FIESTA,7,E01022398,0,2
2024010507045,2024,010507045,1,9,9,3,3,3,7,99,99,0,9,99,9,99,9,9,6,6,2,50,8,1596,1,13,FORD FIESTA,4,E01004182,0,1
2024421408080,2024,421408080,2,9,0,-1,3,3,7,-1,0,0,0,0,0,0,4,1,-1,1,2,19,4,1242,1,14,FORD FIESTA,10,E01021403,0,2
2024522402448,2024,522402448,2,9,0,18,19,9,9,0,0,8,0,0,0,0,9,1,6,6,2,20,4,1242,1,21,FORD FIESTA,10,E01014822,0,1
202454E718024,2024,54E718024,1,9,0,7,7,7,1,0,0,1,0,0,0,0,1,1,2,2,1,22,5,-1,-1,-1,FORD FIESTA,9,E01032058,0,3
2024401445884,2024,401445884,1,9,0,-1,19,4,8,-1,0,1,0,0,0,0,4,1,-1,6,1,20,4,998,1,7,FORD FIESTA,6,E01023624,0,1
2024221476374,2024,221476374,2,9,0,-1,19,5,8,-1,0,0,0,0,0,0,1,1,-1,6,2,52,8,998,1,8,FORD FIESTA,6,E01032476,0,3
2024010543144,2024,010543144,2,9,0,9,9,7,5,0,0,5,0,0,0,0,3,1,6,6,2,41,7,1242,1,16,FORD FIESTA,6,E01002614,0,3
2024302401111,2024,302401111,4,9,0,2,2,0,0,0,0,0,0,0,0,0,3,1,6,6,3,-1,-1,998,1,10,FORD FIESTA,-1,-1,0,-1
2024010508910,2024,010508910,1,9,0,18,19,5,1,0,0,0,0,0,0,0,4,1,6,6,1,-1,-1,1388,1,13,FORD FIESTA,-1,-1,0,-1
2024461413543,2024,461413543,7,9,0,-1,2,0,0,-1,0,0,0,0,0,0,4,1,-1,6,-1,-1,-1,998,1,9,FORD FIESTA,-1,-1,0,-1
2024201519653,2024,201519653,1,9,0,-1,9,1,5,-1,0,5,0,0,0,0,3,1,-1,6,2,19,4,1084,1,7,FORD FIESTA,2,E01009082,0,1
2024421406166,2024,421406166,1,9,0,-1,19,7,3,-1,0,0,0,0,7,4,1,1,-1,6,1,17,4,1242,1,15,FORD FIESTA,3,E01029886,0,2
2024131454478,2024,131454478,2,9,0,-1,19,5,1,-1,0,8,0,0,0,0,2,1,-1,9,1,27,6,1242,1,16,FORD FIESTA,2,E01010619,0,1
2024311444347,2024,311444347,1,9,0,-1,19,1,2,-1,0,8,1,0,0,0,1,1,-1,6,1,26,6,998,1,9,FORD FIESTA,4,E01028343,0,1
2024610052924,2024,610052924,2,9,0,18,19,1,5,0,0,0,0,0,1,3,1,1,6,6,3,-1,-1,1596,1,10,FORD FIESTA,-1,-1,0,-1
2024201472886,2024,201472886,2,9,0,-1,19,4,1,-1,0,2,0,0,0,0,1,9,-1,6,1,59,9,999,1,4,FORD FIESTA,1,E01009962,0,1
2024131413092,2024,131413092,2,9,0,-1,19,2,6,-1,0,1,1,0,3,10,1,1,-1,9,1,25,5,1388,1,13,FORD FIESTA,1,E01005569,0,4
2024421424012,2024,421424012,2,9,0,-1,19,5,1,-1,0,0,0,0,0,0,2,1,-1,9,2,77,11,998,1,5,FORD FIESTA,10,E01034712,0,5
2024010517414,2024,010517414,2,9,0,18,19,3,7,0,0,0,0,4,0,0,1,1,2,2,2,52,8,998,1,10,FORD FIESTA,3,E01002276,0,1
2024161525591,2024,161525591,2,9,0,-1,19,1,5,-1,0,1,0,0,0,0,1,1,-1,9,1,76,11,1596,1,20,FORD FIESTA,1,E01012931,0,1
2024991408664,2024,991408664,1,9,0,-1,19,3,7,-1,0,1,0,0,4,4,1,1,-1,9,2,58,9,1084,1,7,FORD FIESTA,6,-1,0,4
2024501471931,2024,501471931,2,9,0,-1,19,1,5,-1,0,0,2,0,7,9,1,1,-1,2,1,21,5,1388,1,15,FORD FIESTA,6,E01019928,0,3
2024631494629,2024,631494629,1,9,0,-1,19,2,6,-1,0,0,0,0,0,0,3,1,-1,6,1,36,7,1999,1,16,FORD FIESTA,5,W01000566,0,1
2024522402155,2024,522402155,1,9,0,18,19,5,1,0,0,8,1,0,1,0,1,1,6,6,2,61,9,999,1,4,FORD FIESTA,10,E01014885,0,2
2024061436791,2024,061436791,2,9,0,-1,19,5,1,-1,0,8,0,0,0,0,1,1,-1,9,1,34,6,1242,1,17,FORD FIESTA,3,E01005505,0,1
2024201499865,2024,201499865,1,9,0,-1,19,7,3,-1,0,0,0,0,0,0,1,1,-1,9,2,22,5,1242,1,11,FORD FIESTA,2,E01010347,0,1
2024471429055,2024,471429055,1,9,0,-1,-1,-1,-1,-1,-1,0,-1,-1,-1,0,-1,1,-1,6,1,44,7,1388,1,21,FORD FIESTA,4,E01031415,0,1
202460Q139980,2024,60Q139980,2,9,0,10,10,1,5,0,0,5,0,0,0,0,2,1,6,6,1,22,5,1242,1,11,FORD FIESTA,-1,-1,0,-1
2024320582432,2024,320582432,2,9,0,-1,-1,4,8,0,0,0,0,0,0,0,2,1,-1,-1,1,53,8,1242,1,11,FORD FIESTA,7,E01026242,0,2
2024061415063,2024,061415063,1,9,0,-1,19,2,6,-1,0,0,1,4,0,0,1,1,-1,9,1,52,8,1242,1,12,FORD FIESTA,8,E01018609,0,3
2024501493615,2024,501493615,1,9,0,-1,19,1,4,-1,0,0,0,10,0,0,1,1,-1,9,2,35,6,1242,1,15,FORD FIESTA,5,E01015029,0,3
2024991530568,2024,991530568,1,9,0,-1,4,7,2,-1,0,0,0,0,0,0,1,1,-1,6,1,28,6,1242,1,15,FORD FIESTA,5,-1,0,1
2024351502467,2024,351502467,3,9,0,-1,19,3,7,-1,0,0,0,0,0,0,2,1,-1,6,1,34,6,1399,2,17,FORD FIESTA,3,E01026476,0,4
2024041419087,2024,041419087,2,9,0,-1,19,5,1,-1,0,1,0,0,0,0,1,1,-1,9,1,25,5,1596,1,12,FORD FIESTA,3,E01012715,0,1
2024201527015,2024,201527015,1,9,0,-1,19,5,1,-1,0,6,0,0,0,0,1,9,-1,6,1,19,4,998,1,11,FORD FIESTA,-1,-1,0,-1
2024440034488,2024,440034488,1,9,0,18,19,8,4,0,0,7,0,0,0,0,1,1,2,2,2,24,5,1596,1,19,FORD FIESTA,3,E01023144,0,4
2024231510040,2024,231510040,1,9,0,-1,19,8,2,-1,0,8,5,0,7,9,1,1,-1,6,1,53,8,1535,1,18,FORD FIESTA,7,E01032390,0,1
2024302400701,2024,302400701,1,9,0,9,9,2,8,0,0,1,0,0,0,0,3,1,6,6,2,73,10,1242,1,20,FORD FIESTA,4,E01032613,0,1
2024041485640,2024,041485640,1,9,0,-1,7,3,7,-1,0,0,1,0,0,0,1,1,-1,6,-1,-1,-1,998,1,7,FORD FIESTA,-1,-1,0,-1
2024061519582,2024,061519582,1,9,0,-1,19,3,7,-1,0,0,0,0,0,0,1,1,-1,2,1,49,8,998,1,5,FORD FIESTA,-1,-1,0,-1
2024010523593,2024,010523593,1,9,0,18,19,5,1,0,0,8,0,0,0,0,3,1,6,6,1,41,7,998,1,7,FORD FIESTA,4,E01001518,0,1
2024122400561,2024,122400561,1,9,0,13,13,2,6,0,0,0,0,0,0,0,4,1,6,6,2,84,11,998,1,5,FORD FIESTA,10,E01013387,0,1
2024311493689,2024,311493689,3,9,0,-1,2,0,0,-1,0,0,0,0,0,0,4,1,-1,6,-1,-1,-1,1242,1,9,FORD FIESTA,-1,-1,0,-1
2024501529469,2024,501529469,1,9,0,-1,4,7,3,-1,0,1,0,4,7,0,1,1,-1,2,1,63,9,1388,1,15,FORD FIESTA,5,E01015076,0,1
2024520403196,2024,520403196,1,9,0,18,19,8,4,0,0,0,0,0,1,2,1,1,6,6,1,23,5,1242,1,18,FORD FIESTA,1,E01029293,0,1
2024201512871,2024,201512871,2,9,0,-1,19,5,2,-1,0,4,0,0,0,0,1,1,-1,6,1,35,6,1242,1,17,FORD FIESTA,-1,-1,0,-1
2024351451235,2024,351451235,1,9,0,-1,19,5,1,-1,0,0,1,0,7,0,2,1,-1,1,2,25,5,1499,2,7,FORD FIESTA,6,E01018126,0,1
2024302401220,2024,302401220,1,9,0,16,19,8,3,0,0,2,1,0,0,0,0,1,6,6,2,25,5,998,1,5,FORD FIESTA,3,E01019858,0,1
2024161437710,2024,161437710,2,9,0,-1,19,1,5,-1,0,0,0,0,1,0,1,1,-1,1,1,29,6,998,1,4,FORD FIESTA,8,E01012983,0,3
2024991427174,2024,991427174,1,9,0,-1,19,6,8,-1,0,2,0,0,0,0,1,1,-1,6,1,74,10,999,1,3,FORD FIESTA,4,-1,0,1
2024461401116,2024,461401116,1,9,0,-1,4,3,7,-1,0,1,0,0,0,0,1,1,-1,1,2,21,5,1242,1,20,FORD FIESTA,1,E01024609,0,2
2024010486824,2024,010486824,1,9,0,18,19,7,3,0,0,0,1,4,0,0,3,1,6,6,2,40,7,998,1,6,FORD FIESTA,8,E01002366,0,1
2024101461852,2024,101461852,2,9,0,-1,10,4,6,-1,0,1,0,0,0,0,3,1,-1,2,2,18,4,1084,1,4,FORD FIESTA,9,E01027367,0,3
2024371439756,2024,371439756,2,9,0,-1,4,7,4,-1,0,0,0,0,0,0,2,1,-1,2,2,34,6,1242,1,8,FORD FIESTA,4,E01029960,0,1
2024622400687,2024,622400687,1,9,0,4,4,8,4,0,0,0,0,0,0,0,2,1,2,2,1,27,6,1399,2,18,FORD FIESTA,2,W01001282,0,3
2024010524172,2024,010524172,1,9,0,99,99,9,9,99,99,9,9,99,9,99,2,9,6,6,1,33,6,1596,1,17,FORD FIESTA,8,E01002321,0,1
2024411510434,2024,411510434,1,9,0,-1,-1,-1,-1,-1,-1,-1,-1,-1,-1,0,3,9,-1,6,3,-1,-1,999,8,1,FORD FIESTA,-1,-1,0,-1
2024522402983,2024,522402983,1,9,0,17,19,6,3,0,0,0,2,0,1,4,1,1,6,6,1,18,4,998,1,10,FORD FIESTA,2,E01014926,0,2
2024010506868,2024,010506868,2,9,9,99,99,9,9,99,99,9,9,99,9,99,9,9,6,6,3,-1,-1,1388,1,15,FORD FIESTA,-1,-1,0,-1
2024320709555,2024,320709555,1,9,0,-1,-1,2,6,0,0,1,1,0,1,4,1,1,1,1,1,26,6,1242,1,14,FORD FIESTA,4,E01026146,0,3
2024221481697,2024,221481697,1,9,0,-1,5,8,4,-1,0,8,0,0,0,0,3,1,-1,9,2,36,7,1242,1,11,FORD FIESTA,2,E01009832,0,3
2024201517301,2024,201517301,2,9,0,-1,19,7,4,-1,0,0,0,0,0,0,1,1,-1,6,1,76,11,1242,1,8,FORD FIESTA,3,E01009524,0,1
2024440303074,2024,440303074,1,9,0,18,19,5,1,0,0,1,0,0,0,0,2,1,2,2,2,22,5,1242,1,13,FORD FIESTA,1,E01022903,0,1
2024231464356,2024,231464356,4,9,0,2,2,0,0,0,0,1,0,0,0,0,4,1,6,6,3,-1,-1,1388,1,14,FORD FIESTA,-1,-1,0,-1
2024311431273,2024,311431273,3,9,0,-1,2,0,0,-1,0,0,0,0,0,0,2,1,-1,6,-1,-1,-1,1242,1,16,FORD FIESTA,-1,-1,0,-1
2024010514923,2024,010514923,3,9,0,18,19,7,3,0,0,1,0,0,0,0,1,1,6,6,1,50,8,1388,1,16,FORD FIESTA,6,E01001293,0,1
2024520402638,2024,520402638,2,9,0,3,3,5,1,0,0,1,0,0,0,0,2,1,6,6,2,32,6,1560,2,14,FORD FIESTA,3,E01014807,0,4
2024371443198,2024,371443198,1,9,0,-1,19,2,7,-1,0,0,0,0,0,0,1,1,-1,6,1,22,5,1399,2,12,FORD FIESTA,6,E01034575,0,2
2024421454313,2024,421454313,1,9,0,-1,9,3,1,-1,0,1,0,0,0,0,1,1,-1,6,1,21,5,1596,1,12,FORD FIESTA,6,E01035155,0,4
2024010546795,2024,010546795,1,9,0,3,3,3,7,0,0,2,0,0,0,0,2,1,6,6,1,21,5,1242,1,17,FORD FIESTA,2,E01003205,0,3
2024010542979,2024,010542979,2,9,0,18,19,1,5,0,0,0,0,0,0,0,1,1,6,6,1,29,6,1388,1,14,FORD FIESTA,3,E01002283,0,4
2024311426059,2024,311426059,1,9,0,-1,5,3,7,-1,0,6,0,0,0,0,1,2,-1,6,2,39,7,999,8,1,FORD FIESTA,1,E01013861,0,1
2024991503423,2024,991503423,1,9,0,-1,9,6,4,-1,0,5,0,0,0,0,1,1,-1,9,1,35,6,1084,1,6,FORD FIESTA,5,-1,0,1
2024061470533,2024,061470533,2,9,0,-1,19,3,7,-1,0,0,0,0,0,0,1,1,-1,6,1,20,4,1242,1,10,FORD FIESTA,-1,-1,0,-1
2024010524172,2024,010524172,2,9,0,99,99,9,9,99,99,9,9,99,9,99,1,9,6,6,3,-1,-1,1242,1,7,FORD FIESTA,8,E01002287,0,1
2024201491429,2024,201491429,1,9,0,-1,7,6,8,-1,0,5,0,0,0,0,1,1,-1,9,2,21,5,1084,1,6,FORD FIESTA,1,E01009101,0,1
2024451441650,2024,451441650,2,9,0,-1,9,1,5,-1,0,0,0,0,0,0,3,1,-1,6,1,22,5,1242,1,11,FORD FIESTA,-1,-1,0,-1
2024351517678,2024,351517678,1,9,0,-1,19,5,1,-1,0,0,2,0,1,0,1,1,-1,6,2,70,10,1388,1,14,FORD FIESTA,10,E01018245,0,1
2024991532920,2024,991532920,1,9,0,-1,19,7,3,-1,0,8,0,0,1,11,4,1,-1,9,2,55,8,1560,2,10,FORD FIESTA,-1,-1,0,-1
2024201528790,2024,201528790,1,9,0,-1,9,4,1,-1,0,8,0,0,0,0,3,1,-1,9,2,40,7,998,1,8,FORD FIESTA,-1,-1,0,-1
2024471485167,2024,471485167,2,9,0,-1,3,5,1,-1,0,1,0,0,0,0,1,2,-1,6,1,19,4,998,1,9,FORD FIESTA,5,E01031606,0,1
2024411511332,2024,411511332,1,9,0,-1,14,3,7,-1,0,0,0,4,0,0,4,9,-1,6,2,60,9,1388,1,20,FORD FIESTA,4,E01023955,0,1
2024340NN3852,2024,340NN3852,1,9,0,-1,19,1,5,-1,0,0,0,6,0,0,4,1,-1,9,1,80,11,999,1,4,FORD FIESTA,7,E01033911,0,4
2024501458599,2024,501458599,1,9,0,-1,19,3,7,-1,0,0,0,0,0,0,1,1,-1,6,1,19,4,1560,2,15,FORD FIESTA,1,E01020094,0,1
2024430349055,2024,430349055,1,9,0,18,19,5,1,0,0,0,0,0,0,0,1,1,6,6,2,20,4,1560,2,9,FORD FIESTA,9,E01016272,0,1
2024320261076,2024,320261076,2,9,0,-1,-1,6,2,0,0,0,0,0,1,9,1,1,-1,-1,1,27,6,998,1,10,FORD FIESTA,6,E01026380,0,2
2024221528849,2024,221528849,1,9,0,-1,19,6,2,-1,0,8,0,0,0,0,1,1,-1,6,2,86,11,998,1,11,FORD FIESTA,9,E01028985,0,1
2024231462102,2024,231462102,2,9,0,-1,19,4,8,-1,0,0,0,0,0,0,4,1,-1,9,2,69,10,1084,1,2,FORD FIESTA,4,E01029820,0,1
2024440095045,2024,440095045,2,9,0,3,3,5,1,0,0,1,0,0,0,0,2,1,2,2,2,29,6,1242,1,15,FORD FIESTA,3,E01017054,0,4
2024070206636,2024,070206636,1,9,0,17,19,3,7,0,0,0,0,2,0,0,1,1,6,6,2,-1,-1,1242,1,10,FORD FIESTA,7,E01012527,0,2
2024440188671,2024,440188671,2,9,0,3,3,2,6,0,0,5,0,0,0,0,2,1,6,6,1,27,6,1388,1,17,FORD FIESTA,10,E01022691,0,3
2024131534696,2024,131534696,2,9,0,-1,2,0,0,-1,0,1,0,0,0,0,1,1,-1,6,-1,-1,-1,1596,1,13,FORD FIESTA,-1,-1,0,-1
2024161424067,2024,161424067,1,9,0,-1,7,3,5,-1,0,2,0,0,0,0,1,1,-1,9,1,20,4,1560,2,15,FORD FIESTA,1,E01013300,0,1
2024401507140,2024,401507140,3,9,0,-1,3,4,8,-1,0,0,0,0,0,0,3,1,-1,6,2,44,7,1299,1,21,FORD FIESTA,4,E01015752,0,1
2024501479311,2024,501479311,2,9,0,-1,19,1,5,-1,0,0,0,0,0,0,3,1,-1,9,2,17,4,998,1,6,FORD FIESTA,2,E01020139,0,3
2024520402310,2024,520402310,2,9,0,18,19,3,7,0,0,8,0,0,0,0,4,1,6,6,1,21,5,1242,1,16,FORD FIESTA,1,E01014831,0,4
2024010502443,2024,010502443,2,9,0,2,2,0,0,0,0,1,0,0,0,0,1,1,6,6,3,-1,-1,998,1,7,FORD FIESTA,-1,-1,0,-1
2024991456371,2024,991456371,1,9,0,-1,9,1,7,-1,0,1,0,0,0,0,1,1,-1,9,2,62,9,999,1,1,FORD FIESTA,8,-1,0,2
2024061492336,2024,061492336,2,9,-1,-1,19,5,1,-1,0,8,0,0,0,0,4,9,-1,6,1,46,8,1242,1,9,FORD FIESTA,3,E01034127,0,1
2024501493563,2024,501493563,2,9,0,-1,19,7,3,-1,0,0,0,0,0,0,1,1,-1,9,2,54,8,1242,1,10,FORD FIESTA,10,E01020336,0,2
2024320377026,2024,320377026,1,9,0,-1,-1,6,2,0,0,0,0,0,7,0,1,1,1,1,2,62,9,1242,1,15,FORD FIESTA,5,E01026276,0,1
2024221410109,2024,221410109,1,9,0,-1,19,2,7,-1,0,0,5,0,1,1,1,1,-1,2,2,22,5,1388,1,18,FORD FIESTA,3,E01033246,0,2
2024361543808,2024,361543808,2,9,0,-1,19,-1,-1,-1,0,0,5,11,1,0,1,1,-1,6,1,25,5,1499,2,11,FORD FIESTA,2,E01026716,0,1
2024320383942,2024,320383942,1,9,0,-1,-1,3,5,0,0,8,0,0,0,0,1,1,6,6,1,24,5,1499,2,9,FORD FIESTA,8,E01028253,0,5
2024371536811,2024,371536811,1,9,0,-1,19,7,4,-1,0,0,0,0,0,0,1,1,-1,6,1,24,5,1242,1,13,FORD FIESTA,5,E01030092,0,1
2024101403190,2024,101403190,1,9,0,-1,19,1,5,-1,0,0,0,0,0,0,4,1,-1,6,2,55,8,999,1,2,FORD FIESTA,2,E01008653,0,2
202417M119124,2024,17M119124,2,9,0,-1,9,3,1,-1,0,8,0,0,0,0,1,1,-1,9,1,20,4,1242,1,11,FORD FIESTA,-1,-1,0,-1
2024010545074,2024,010545074,1,9,0,99,99,9,9,0,0,3,0,0,0,0,1,9,1,1,1,40,7,1399,2,13,FORD FIESTA,1,E01014366,0,5
2024131428995,2024,131428995,3,9,0,-1,19,1,5,-1,0,0,0,0,0,0,1,1,-1,9,2,35,6,1388,1,15,FORD FIESTA,5,E01011388,0,1
2024430314920,2024,430314920,1,9,0,18,19,6,2,0,0,0,0,0,0,0,3,1,6,6,1,50,8,998,1,8,FORD FIESTA,7,E01033963,0,2
2024461413518,2024,461413518,2,9,0,-1,19,3,7,-1,0,0,1,0,1,0,2,1,-1,6,1,60,9,999,1,2,FORD FIESTA,5,E01024588,0,4
2024231528705,2024,231528705,1,9,0,-1,19,5,1,-1,0,0,0,0,0,0,1,1,-1,6,2,71,10,999,1,3,FORD FIESTA,7,E01031011,0,1
2024320002324,2024,320002324,1,9,0,-1,-1,4,8,0,0,0,0,0,0,0,1,1,6,6,1,45,7,1388,1,16,FORD FIESTA,3,E01026235,0,1
2024501525771,2024,501525771,1,9,0,-1,19,2,6,-1,0,0,0,0,0,0,1,1,-1,2,1,26,6,998,1,9,FORD FIESTA,6,E01015202,0,1
2024421401538,2024,421401538,1,9,0,-1,9,2,8,-1,0,6,0,0,0,0,1,9,-1,6,3,-1,-1,1242,1,18,FORD FIESTA,-1,-1,0,-1
2024351519381,2024,351519381,1,9,0,-1,19,6,2,-1,0,0,0,0,0,0,1,1,-1,9,1,20,4,1496,1,6,FORD FIESTA,10,E01035561,0,2
2024010522774,2024,010522774,2,9,0,99,99,9,9,99,99,9,9,99,9,99,9,9,6,6,3,-1,-1,1242,1,15,FORD FIESTA,-1,-1,0,-1
2024461417502,2024,461417502,2,9,0,-1,2,0,0,-1,9,2,0,4,1,0,4,1,-1,6,-1,-1,-1,1242,1,9,FORD FIESTA,-1,-1,0,-1
2024111528581,2024,111528581,1,9,0,-1,5,7,1,-1,0,4,0,0,0,0,1,1,-1,6,2,23,5,1560,2,14,FORD FIESTA,3,E01020791,0,2
2024141420018,2024,141420018,2,9,0,-1,9,3,8,-1,0,6,0,0,0,0,1,1,-1,9,1,32,6,1388,1,14,FORD FIESTA,1,E01007718,0,1
202417M112524,2024,17M112524,2,9,0,-1,19,4,8,-1,0,8,0,0,0,0,1,1,-1,2,1,25,5,998,1,8,FORD FIESTA,1,E01035190,0,1
2024421414851,2024,421414851,2,9,0,-1,3,7,2,-1,0,0,0,0,0,0,2,1,-1,6,2,36,7,1388,1,14,FORD FIESTA,7,E01021457,0,3
2024010498297,2024,010498297,1,9,0,1,1,1,3,0,0,2,0,0,0,0,2,1,2,2,3,35,6,1388,1,13,FORD FIESTA,5,E01001335,0,1
2024302401432,2024,302401432,2,9,0,2,2,0,0,0,0,0,0,0,0,0,2,1,6,6,3,-1,-1,1560,2,12,FORD FIESTA,-1,-1,0,-1
2024031498645,2024,031498645,1,9,0,-1,19,1,5,-1,0,1,0,0,0,0,1,1,-1,2,1,20,4,1399,2,15,FORD FIESTA,10,E01019078,0,1