collision_index,collision_year,collision_ref_no,vehicle_reference,vehicle_type,towing_and_articulation,vehicle_manoeuvre_historic,vehicle_manoeuvre,vehicle_direction_from,vehicle_direction_to,vehicle_location_restricted_lane_historic,vehicle_location_restricted_lane,junction_location,skidding_and_overturning,hit_object_in_carriageway,vehicle_leaving_carriageway,hit_object_off_carriageway,first_point_of_impact,vehicle_left_hand_drive,journey_purpose_of_driver_historic,journey_purpose_of_driver,sex_of_driver,age_of_driver,age_band_of_driver,engine_capacity_cc,propulsion_code,age_of_vehicle,generic_make_model,driver_imd_decile,lsoa_of_driver,escooter_flag,driver_distance_banding
2024540649524,2024,540649524,1,9,0,17,19,5,2,0,0,0,5,0,1,0,0,1,1,1,2,29,6,1388,1,15,FORD FIESTA,8,E01034535,0,4
2024071083778,2024,071083778,1,9,0,-1,4,5,1,-1,0,0,0,0,0,0,1,1,-1,9,1,60,9,1399,2,16,FORD FIESTA,4,E01029003,0,4
2024010531752,2024,010531752,1,9,0,99,99,9,9,99,99,0,9,99,9,99,9,9,6,6,2,56,9,1388,1,15,FORD FIESTA,5,E01034227,0,1
2024991485966,2024,991485966,1,9,0,-1,19,6,2,-1,0,0,2,0,2,0,1,1,-1,6,1,21,5,1496,1,4,FORD FIESTA,10,-1,0,2
2024340WN5622,2024,340WN5622,1,9,0,-1,19,5,1,-1,0,0,0,0,1,1,1,1,-1,9,1,55,8,1242,1,17,FORD FIESTA,6,E01016813,0,3
2024440303090,2024,440303090,1,9,0,18,19,3,7,0,0,6,0,0,0,0,1,1,6,6,2,19,4,1388,1,14,FORD FIESTA,7,E01023277,0,2
2024010528030,2024,010528030,2,9,0,6,6,1,1,0,0,0,0,0,0,0,3,1,6,6,2,22,5,1388,1,14,FORD FIESTA,4,E01004031,0,1
2024440095045,2024,440095045,1,9,0,18,19,5,1,0,0,1,0,0,0,0,1,1,2,2,1,21,5,1399,2,12,FORD FIESTA,4,E01031435,0,4
2024031499045,2024,031499045,2,9,0,-1,4,3,7,-1,0,0,1,0,8,0,2,1,-1,9,1,20,4,1242,1,15,FORD FIESTA,10,E01019362,0,3
2024622400666,2024,622400666,1,9,0,18,19,4,8,0,0,0,0,0,0,0,1,1,6,6,2,22,5,1399,2,15,FORD FIESTA,1,W01001202,0,1
2024010522645,2024,010522645,1,9,0,5,5,8,4,0,0,8,0,0,0,0,4,1,6,6,2,29,6,998,1,10,FORD FIESTA,3,E01000007,0,2
2024440009833,2024,440009833,2,9,0,18,19,8,4,0,0,1,0,0,0,0,1,1,6,6,2,30,6,1596,1,18,FORD FIESTA,2,E01022915,0,3
2024332400984,2024,332400984,3,9,0,-1,19,3,7,-1,0,0,0,0,0,0,1,1,-1,6,2,23,5,998,1,7,FORD FIESTA,8,E01025864,0,1
2024340WN4322,2024,340WN4322,1,19,0,-1,9,5,2,-1,0,8,0,0,0,0,1,1,-1,6,1,-1,-1,1499,2,10,FORD FIESTA,-1,-1,0,-1
2024010491798,2024,010491798,1,9,0,2,2,0,0,0,0,0,0,0,0,0,4,1,6,6,3,-1,-1,1242,1,14,FORD FIESTA,-1,-1,0,-1
2024451506920,2024,451506920,6,9,0,-1,19,7,3,-1,0,0,0,0,0,0,1,1,-1,1,1,28,6,1496,1,1,FORD FIESTA,8,E01023103,0,2
2024552401254,2024,552401254,1,9,0,18,19,2,6,0,0,0,1,0,1,4,2,1,2,2,2,46,8,1242,1,17,FORD FIESTA,6,E01020432,0,1
2024991466662,2024,991466662,2,9,0,-1,2,2,6,-1,0,0,0,0,0,0,3,1,-1,9,2,40,7,1388,1,14,FORD FIESTA,-1,-1,0,-1
2024010517285,2024,010517285,1,9,0,9,9,1,7,0,0,1,0,0,0,0,1,1,1,1,1,25,5,998,1,5,FORD FIESTA,5,E01004644,0,1
202454F308924,2024,54F308924,1,9,0,17,19,5,1,0,0,0,0,0,1,4,4,1,6,6,1,17,4,998,1,10,FORD FIESTA,10,E01031969,0,1
2024421531882,2024,421531882,2,9,0,-1,19,1,6,-1,0,8,0,0,0,0,1,1,-1,7,1,17,4,1242,1,10,FORD FIESTA,6,E01003694,0,2
2024320714410,2024,320714410,2,9,0,-1,-1,5,1,0,0,0,0,0,1,0,3,1,6,6,1,20,4,1388,1,16,FORD FIESTA,7,E01012835,0,4
2024031499950,2024,031499950,1,9,0,-1,19,7,3,-1,0,0,1,0,0,0,3,1,-1,9,2,19,4,1388,1,16,FORD FIESTA,4,E01019102,0,4
2024320488959,2024,320488959,1,9,0,14,14,2,6,0,0,0,0,4,0,0,1,1,-1,-1,1,24,5,1596,1,14,FORD FIESTA,5,E01026283,0,1
2024131472643,2024,131472643,1,9,0,-1,19,8,4,-1,0,8,0,4,0,0,1,1,-1,9,1,19,4,1596,1,13,FORD FIESTA,6,E01010922,0,2
2024461411093,2024,461411093,2,9,0,-1,3,7,4,-1,0,4,0,0,0,0,2,1,-1,6,2,64,9,998,1,11,FORD FIESTA,5,E01035293,0,1
2024622400215,2024,622400215,2,9,0,17,19,2,6,0,0,0,0,0,0,0,1,1,6,6,2,24,5,1242,1,8,FORD FIESTA,9,W01000807,0,1
2024131459586,2024,131459586,2,9,0,-1,9,4,2,-1,0,0,0,0,0,0,3,1,-1,7,2,30,6,1242,1,8,FORD FIESTA,2,E01011926,0,1
2024440415566,2024,440415566,1,9,0,18,19,7,3,0,0,8,0,0,0,0,1,1,6,6,1,18,4,998,1,8,FORD FIESTA,9,E01022727,0,1
2024361509150,2024,361509150,1,9,0,-1,19,2,6,-1,0,0,0,0,0,0,1,1,-1,9,2,53,8,998,1,5,FORD FIESTA,5,E01026681,0,1
2024071062369,2024,071062369,1,9,0,-1,19,1,5,-1,0,0,0,0,0,0,1,1,-1,6,2,45,7,1596,1,11,FORD FIESTA,3,E01018423,0,1
2024471399480,2024,471399480,1,9,0,-1,19,4,8,-1,0,0,1,0,2,0,2,1,-1,2,1,20,4,1388,1,18,FORD FIESTA,5,E01031687,0,3
2024552400143,2024,552400143,2,9,0,5,5,6,2,0,0,5,0,0,0,0,1,1,2,2,2,55,8,1242,1,8,FORD FIESTA,9,E01020351,0,1
2024231489514,2024,231489514,1,9,0,-1,19,2,8,-1,0,0,2,0,2,11,3,9,-1,6,1,21,5,1242,1,11,FORD FIESTA,6,E01029632,0,4
2024201489541,2024,201489541,2,9,0,-1,7,5,7,-1,0,6,0,0,0,0,1,9,-1,9,2,20,4,1388,1,15,FORD FIESTA,10,E01025741,0,4
2024471531860,2024,471531860,3,9,0,-1,4,2,7,-1,0,0,0,0,0,0,2,1,-1,2,2,25,5,1242,1,16,FORD FIESTA,8,E01031732,0,3
2024540955524,2024,540955524,1,9,0,9,9,3,1,0,0,8,0,0,0,0,4,1,6,6,1,31,6,1242,1,17,FORD FIESTA,8,E01015565,0,1
2024631523925,2024,631523925,1,9,0,-1,19,1,4,-1,0,8,0,0,1,0,1,1,-1,9,1,53,8,1560,2,14,FORD FIESTA,6,W01000524,0,3
2024061487392,2024,061487392,1,9,0,-1,19,-1,-1,-1,0,1,0,0,0,0,3,1,-1,9,1,52,8,1242,1,13,FORD FIESTA,1,E01005325,0,1
2024010525201,2024,010525201,2,9,0,2,2,0,0,0,0,0,0,0,0,0,1,1,6,6,3,-1,-1,1596,1,19,FORD FIESTA,-1,-1,0,-1
2024421415350,2024,421415350,1,9,0,-1,9,1,5,-1,0,2,0,0,0,0,4,1,-1,6,1,18,4,998,1,6,FORD FIESTA,8,E01021973,0,1
2024440193251,2024,440193251,1,9,0,5,5,7,3,0,0,4,0,0,0,0,1,1,6,6,2,21,5,998,1,5,FORD FIESTA,5,E01023095,0,1
2024471448790,2024,471448790,1,9,0,-1,19,5,1,-1,0,0,2,0,2,4,1,1,-1,6,1,17,4,1242,1,19,FORD FIESTA,5,E01031584,0,4
202454A732524,2024,54A732524,1,9,0,9,9,3,7,0,0,1,0,0,0,0,4,1,6,6,1,19,4,1388,1,16,FORD FIESTA,3,E01015530,0,2
2024351449271,2024,351449271,2,9,0,-1,2,0,0,-1,0,0,0,0,0,0,3,1,-1,6,-1,-1,-1,998,1,9,FORD FIESTA,-1,-1,0,-1
2024131442112,2024,131442112,1,9,0,-1,19,1,5,-1,0,1,0,11,0,0,1,1,-1,2,2,38,7,1242,1,11,FORD FIESTA,3,E01011154,0,1
2024440364723,2024,440364723,4,9,0,18,19,2,6,0,0,0,0,0,0,0,0,1,6,6,1,-1,-1,1242,1,10,FORD FIESTA,5,E01017306,0,3
2024440135570,2024,440135570,1,9,0,18,19,7,3,0,0,0,1,0,1,4,4,1,6,6,1,19,4,1242,1,13,FORD FIESTA,10,E01022682,0,1
2024221503268,2024,221503268,3,9,0,-1,3,5,1,-1,0,0,0,0,0,0,2,9,-1,6,1,29,6,998,1,9,FORD FIESTA,4,E01025936,0,5
2024141533152,2024,141533152,3,9,0,-1,19,2,6,-1,0,0,0,0,0,0,2,1,-1,2,1,32,6,1242,1,10,FORD FIESTA,1,E01019566,0,3
2024991511835,2024,991511835,2,9,0,-1,19,5,1,-1,0,1,0,0,0,0,1,1,-1,9,2,43,7,1242,1,9,FORD FIESTA,-1,-1,0,-1
2024311461453,2024,311461453,1,9,0,-1,19,5,1,-1,-1,0,0,0,7,0,1,1,-1,9,1,20,4,998,1,8,FORD FIESTA,5,E01028349,0,1
2024340NN4392,2024,340NN4392,1,9,0,-1,14,5,8,-1,0,0,0,0,0,0,4,1,-1,9,1,87,11,998,1,8,FORD FIESTA,9,E01027042,0,1
2024552401050,2024,552401050,2,9,0,2,2,0,0,0,0,0,0,0,0,0,1,1,6,6,3,-1,-1,998,1,7,FORD FIESTA,-1,-1,0,-1
2024540814824,2024,540814824,2,9,0,2,2,0,0,0,0,0,0,0,0,0,2,1,6,6,3,-1,-1,998,1,9,FORD FIESTA,-1,-1,0,-1
2024440033041,2024,440033041,1,9,0,18,19,8,4,0,0,0,0,0,0,0,1,1,6,6,2,24,5,998,1,6,FORD FIESTA,7,E01022946,0,2
2024361456372,2024,361456372,1,9,0,-1,19,5,1,-1,0,0,0,0,0,0,1,1,-1,9,2,76,11,998,1,7,FORD FIESTA,8,E01026502,0,1
2024471454462,2024,471454462,5,9,-1,-1,3,6,2,-1,0,0,0,0,0,0,1,9,-1,6,1,62,9,998,1,6,FORD FIESTA,7,E01016976,0,1
2024471519950,2024,471519950,2,9,0,-1,7,5,7,-1,0,6,0,0,0,0,1,1,-1,9,2,25,5,998,1,8,FORD FIESTA,4,E01031494,0,2
2024141420714,2024,141420714,2,9,0,-1,2,1,5,-1,0,2,0,0,0,0,3,2,-1,6,-1,-1,-1,1242,1,10,FORD FIESTA,-1,-1,0,-1
2024440021698,2024,440021698,1,9,0,9,9,8,6,0,0,8,0,0,0,0,3,1,6,6,1,-1,-1,1399,2,13,FORD FIESTA,-1,-1,0,-1
2024440051178,2024,440051178,1,9,0,18,19,2,6,0,0,0,0,0,7,5,1,1,6,6,1,85,11,1388,1,14,FORD FIESTA,10,E01023239,0,1
2024522500116,2024,522500116,2,9,0,11,11,2,6,0,0,2,0,0,0,0,4,1,6,6,1,-1,-1,1388,1,15,FORD FIESTA,-1,-1,0,-1
2024461484803,2024,461484803,2,9,0,-1,19,3,7,-1,0,1,0,0,1,0,1,2,-1,9,1,32,6,1388,1,15,FORD FIESTA,3,E01016042,0,1
2024531452792,2024,531452792,2,9,0,-1,10,5,1,-1,0,1,0,0,0,0,2,1,-1,2,2,46,8,1388,1,16,FORD FIESTA,3,E01022134,0,2
2024131400622,2024,131400622,1,9,0,-1,9,1,1,-1,0,0,0,0,0,0,3,1,-1,9,2,48,8,1242,1,17,FORD FIESTA,2,E01010837,0,1
2024010517766,2024,010517766,1,9,0,18,19,2,6,0,0,1,0,0,0,0,1,1,6,6,2,28,6,1388,1,16,FORD FIESTA,3,E01003431,0,1
2024041499904,2024,041499904,1,9,0,-1,19,3,7,-1,0,0,0,0,2,0,1,1,-1,6,1,17,4,1399,2,12,FORD FIESTA,7,E01025141,0,2
2024131460952,2024,131460952,2,9,0,-1,19,5,1,-1,0,1,0,0,0,0,3,1,-1,6,2,28,6,1399,2,13,FORD FIESTA,1,E01011475,0,1
2024542606024,2024,542606024,2,9,0,1,1,2,6,0,0,1,1,0,2,11,1,1,6,6,1,18,4,998,1,9,FORD FIESTA,8,E01032041,0,1
2024440044354,2024,440044354,1,9,0,18,19,2,6,0,0,0,5,0,4,0,1,1,6,6,1,25,5,1388,1,20,FORD FIESTA,4,E01035252,0,4
2024610057224,2024,610057224,1,9,0,9,9,4,2,0,0,1,0,0,0,0,2,1,6,6,1,27,6,998,1,3,FORD FIESTA,4,W01001433,0,2
2024421447116,2024,421447116,1,9,0,-1,19,6,2,-1,0,0,0,0,0,0,1,9,-1,6,1,-1,-1,1399,2,13,FORD FIESTA,-1,-1,0,-1
2024340WN0152,2024,340WN0152,2,9,0,-1,19,8,4,-1,0,0,0,0,1,0,1,1,-1,1,1,58,9,-1,-1,-1,FORD FIESTA,1,E01008037,0,5
2024320442603,2024,320442603,1,9,0,-1,-1,7,3,0,0,1,0,0,0,0,1,1,6,6,1,29,6,1388,1,14,FORD FIESTA,1,E01026173,0,1
2024311498260,2024,311498260,1,9,0,-1,19,4,8,-1,0,0,2,0,1,0,3,1,-1,9,1,22,5,1242,1,16,FORD FIESTA,3,E01025992,0,4
2024520401584,2024,520401584,1,9,0,9,9,4,2,0,0,2,0,0,0,0,4,1,6,6,1,20,4,1242,1,17,FORD FIESTA,2,E01029105,0,1
2024411482274,2024,411482274,2,9,0,-1,10,5,3,-1,0,1,0,0,0,0,2,1,-1,6,1,81,11,1499,2,10,FORD FIESTA,6,E01023409,0,1
2024340WN1152,2024,340WN1152,2,9,0,-1,19,5,1,-1,0,0,1,0,7,0,1,1,-1,6,1,40,7,1242,1,18,FORD FIESTA,1,E01027013,0,1
2024010539680,2024,010539680,2,9,0,18,19,5,1,0,0,1,0,0,0,0,1,1,6,6,2,18,4,1242,1,9,FORD FIESTA,9,E01002274,0,1
2024052402551,2024,052402551,1,9,0,18,19,7,3,0,0,1,0,0,0,0,3,1,2,2,2,28,6,1388,1,14,FORD FIESTA,8,E01007100,0,3
2024461526717,2024,461526717,2,9,0,-1,19,4,8,-1,0,0,0,0,0,0,2,1,-1,6,1,23,5,1242,1,12,FORD FIESTA,5,E01024048,0,1
2024501547304,2024,501547304,2,9,0,-1,19,6,2,-1,0,0,0,0,0,0,1,1,-1,6,2,32,6,1499,2,10,FORD FIESTA,4,E01018908,0,3
2024401404440,2024,401404440,1,9,0,-1,19,5,1,-1,0,1,0,0,0,0,2,1,-1,6,1,50,8,1596,1,9,FORD FIESTA,7,E01033023,0,3
2024520401686,2024,520401686,2,9,0,18,19,7,3,0,0,0,5,0,0,0,1,1,6,6,2,60,9,1242,1,10,FORD FIESTA,6,E01029040,0,1
2024461522059,2024,461522059,2,9,0,-1,19,7,3,-1,0,0,0,0,0,0,2,9,-1,6,1,51,8,1242,1,16,FORD FIESTA,6,E01024598,0,1
2024332400767,2024,332400767,2,9,0,-1,2,0,0,-1,0,2,0,0,0,0,1,1,-1,6,3,-1,-1,1388,1,19,FORD FIESTA,-1,-1,0,-1
2024522401437,2024,522401437,1,9,0,18,19,7,3,0,0,0,0,0,0,0,1,1,6,6,2,27,6,998,1,6,FORD FIESTA,10,W01001778,0,4
2024161444617,2024,161444617,1,9,0,-1,19,3,7,-1,0,0,2,0,1,9,1,1,-1,2,2,37,7,1242,1,14,FORD FIESTA,9,E01013293,0,1
2024471489198,2024,471489198,1,9,0,-1,19,4,8,-1,0,1,0,0,0,0,1,9,-1,6,1,51,8,1242,1,20,FORD FIESTA,6,E01031557,0,1
2024610040624,2024,610040624,1,9,0,18,19,4,8,0,0,0,2,7,1,9,1,1,6,6,1,31,6,1242,1,17,FORD FIESTA,9,W01001851,0,4
2024440439070,2024,440439070,1,9,0,9,9,2,7,0,0,6,0,0,0,0,3,1,6,6,1,36,7,1596,1,8,FORD FIESTA,3,E01022739,0,1
2024501531506,2024,501531506,2,9,0,-1,4,7,3,-1,0,1,1,0,1,4,1,1,-1,6,2,60,9,1242,1,16,FORD FIESTA,2,E01015074,0,1
2024010516325,2024,010516325,1,9,0,5,5,3,7,0,0,8,0,0,0,0,1,1,6,6,1,38,7,1596,1,17,FORD FIESTA,5,E01002299,0,4
2024201443240,2024,201443240,2,9,0,-1,2,0,0,-1,-1,1,0,0,0,0,3,1,-1,9,2,24,5,998,1,5,FORD FIESTA,2,E01008999,0,1
2024010546862,2024,010546862,2,9,0,18,19,5,1,0,0,8,0,0,0,0,3,1,6,6,1,29,6,998,1,6,FORD FIESTA,3,E01002797,0,1
2024320222233,2024,320222233,1,9,0,-1,-1,6,2,0,0,0,1,0,1,9,1,1,6,6,1,28,6,1242,1,10,FORD FIESTA,7,E01015590,0,4
2024471400409,2024,471400409,1,9,0,-1,19,1,5,-1,0,8,0,0,0,0,1,1,-1,6,2,62,9,1084,1,7,FORD FIESTA,1,E01020912,0,4
2024302400044,2024,302400044,2,9,0,2,2,0,0,0,0,0,0,4,0,0,2,1,6,6,1,19,4,1388,1,13,FORD FIESTA,5,E01019402,0,2
2024231493388,2024,231493388,2,9,0,-1,19,3,7,-1,0,8,0,0,0,0,4,9,-1,6,2,24,5,1242,1,12,FORD FIESTA,2,E01031092,0,1
2024421459158,2024,421459158,1,9,0,-1,19,5,1,-1,0,0,2,0,7,4,3,1,-1,9,1,58,9,1242,1,19,FORD FIESTA,6,E01022086,0,4
2024361530661,2024,361530661,1,9,0,-1,3,5,1,-1,0,0,0,0,0,0,2,1,-1,2,1,42,7,1596,1,14,FORD FIESTA,1,E01026808,0,2
2024401532147,2024,401532147,1,9,0,-1,4,1,5,-1,0,1,0,0,0,0,1,1,-1,6,2,39,7,998,1,9,FORD FIESTA,5,E01015717,0,3
2024440230165,2024,440230165,2,9,0,18,19,8,4,0,0,8,0,0,0,0,3,1,6,6,1,20,4,1596,1,14,FORD FIESTA,6,E01031508,0,2
2024991409975,2024,991409975,4,9,0,-1,19,4,8,-1,0,0,0,0,0,0,1,1,-1,6,2,21,5,998,1,8,FORD FIESTA,5,-1,0,1
2024411496291,2024,411496291,1,9,0,-1,19,3,7,-1,0,0,0,0,0,0,1,1,-1,1,1,28,6,998,1,6,FORD FIESTA,7,E01021801,0,2
2024421411724,2024,421411724,1,9,0,-1,19,1,5,-1,0,1,0,0,0,0,1,1,-1,9,1,24,5,1299,1,28,FORD FIESTA,8,E01021347,0,1
2024221460306,2024,221460306,2,9,0,-1,19,6,8,-1,0,0,0,0,0,0,3,9,-1,2,1,32,6,1299,1,23,FORD FIESTA,4,E01032430,0,1
2024161420408,2024,161420408,2,9,0,-1,7,3,5,-1,0,2,0,0,1,0,3,1,-1,1,1,20,4,1242,1,18,FORD FIESTA,1,E01012836,0,3
2024991498990,2024,991498990,1,9,0,-1,19,6,2,-1,0,0,0,0,0,0,4,1,-1,2,1,54,8,999,1,4,FORD FIESTA,2,-1,0,1
2024332400180,2024,332400180,1,9,0,-1,9,2,8,-1,0,6,0,0,0,0,1,1,-1,9,2,32,6,1399,2,15,FORD FIESTA,9,E01025833,0,1
2024041430927,2024,041430927,1,9,0,-1,19,5,1,-1,0,1,0,0,0,0,1,1,-1,9,2,22,5,998,1,11,FORD FIESTA,7,E01024874,0,2
2024041428546,2024,041428546,1,9,0,-1,19,1,5,-1,0,1,0,0,0,0,3,1,-1,9,2,20,4,1242,1,16,FORD FIESTA,9,E01025553,0,3
2024010531187,2024,010531187,1,9,0,18,19,1,5,0,0,8,0,0,0,0,1,1,6,6,2,21,5,998,1,7,FORD FIESTA,7,E01004483,0,1
2024631435686,2024,631435686,1,9,0,-1,9,1,7,-1,0,6,0,0,0,0,1,1,-1,9,1,65,9,1388,1,20,FORD FIESTA,8,W01000597,0,1
2024411508516,2024,411508516,2,9,-1,-1,-1,-1,-1,-1,-1,0,-1,-1,-1,0,-1,9,-1,7,2,26,6,998,1,5,FORD FIESTA,6,E01023327,0,1
2024141417864,2024,141417864,2,9,0,-1,19,5,1,-1,0,0,0,0,0,0,3,1,-1,9,2,25,5,998,1,5,FORD FIESTA,3,E01008016,0,2
2024421533768,2024,421533768,1,9,0,-1,19,5,1,-1,0,8,0,0,0,0,1,1,-1,9,2,24,5,1388,1,12,FORD FIESTA,9,E01021512,0,1
2024141557584,2024,141557584,1,9,0,-1,19,6,6,-1,0,1,0,0,0,0,1,1,-1,9,1,38,7,1388,1,14,FORD FIESTA,3,E01007646,0,1
2024101500506,2024,101500506,1,9,0,-1,19,2,6,-1,0,8,0,0,0,0,1,1,-1,6,1,21,5,998,1,8,FORD FIESTA,3,E01008753,0,2
2024071085841,2024,071085841,1,9,0,-1,4,1,5,-1,0,1,0,0,0,0,1,1,-1,9,2,19,4,1242,1,11,FORD FIESTA,10,E01032323,0,5
2024520401682,2024,520401682,1,9,0,9,9,2,6,0,0,0,0,0,0,0,3,1,6,6,2,57,9,1084,1,6,FORD FIESTA,8,E01023089,0,5
2024440462434,2024,440462434,1,9,0,18,19,7,2,0,0,0,0,0,0,0,0,1,6,6,1,-1,-1,998,1,11,FORD FIESTA,-1,-1,0,-1
2024421525131,2024,421525131,2,9,0,-1,19,7,3,-1,0,0,0,0,0,0,1,1,-1,2,1,24,5,1242,1,15,FORD FIESTA,4,E01022034,0,2
2024361500916,2024,361500916,1,9,0,-1,19,5,7,-1,0,0,0,4,0,0,1,1,-1,2,2,19,4,1242,1,16,FORD FIESTA,6,E01026441,0,1
2024010525276,2024,010525276,1,9,0,7,7,3,6,0,0,1,0,0,0,0,4,1,6,6,1,28,6,1596,1,12,FORD FIESTA,3,E01003125,0,2
2024549934324,2024,549934324,2,9,0,17,19,8,4,0,0,0,0,0,0,0,3,1,6,6,2,49,8,998,1,9,FORD FIESTA,4,E01032013,0,1
2024201500312,2024,201500312,1,9,0,-1,19,2,6,-1,0,0,0,0,0,0,1,1,-1,6,1,24,5,1496,1,6,FORD FIESTA,1,E01034308,0,1
2024101506201,2024,101506201,1,9,0,-1,5,2,8,-1,0,6,0,0,3,0,3,1,-1,6,2,42,7,1242,1,17,FORD FIESTA,3,E01008226,0,1
2024411406453,2024,411406453,1,9,0,-1,3,5,1,-1,0,0,0,0,0,0,3,1,-1,6,2,18,4,1399,2,15,FORD FIESTA,5,E01023400,0,1
2024421534211,2024,421534211,1,9,0,-1,19,-1,-1,-1,0,1,0,99,0,0,1,1,-1,6,3,-1,-1,1399,2,15,FORD FIESTA,-1,-1,0,-1
2024332400800,2024,332400800,2,9,0,-1,4,4,8,-1,0,8,0,0,0,0,1,1,-1,9,2,28,6,1388,1,16,FORD FIESTA,8,E01025732,0,1
2024221421136,2024,221421136,1,9,0,-1,4,2,6,-1,0,1,0,0,0,0,1,1,-1,9,1,74,10,1499,2,8,FORD FIESTA,-1,-1,0,-1
2024991520177,2024,991520177,1,9,0,-1,19,7,3,-1,0,0,0,0,0,0,4,1,-1,2,2,26,6,998,1,6,FORD FIESTA,3,-1,0,4
2024430128484,2024,430128484,2,9,0,18,19,2,6,0,0,0,0,0,0,0,1,1,6,6,2,54,8,1242,1,19,FORD FIESTA,5,E01016419,0,1
2024070966392,2024,070966392,1,9,0,-1,19,8,4,-1,0,1,0,0,0,0,1,1,-1,9,1,87,11,1499,2,11,FORD FIESTA,10,E01018407,0,3
2024070344722,2024,070344722,2,9,0,4,4,7,3,0,0,0,0,0,0,0,2,1,2,2,2,-1,-1,998,1,6,FORD FIESTA,10,E01018413,0,2
2024161418543,2024,161418543,1,9,0,-1,19,3,7,-1,0,8,2,0,7,10,1,1,-1,6,2,74,10,998,1,2,FORD FIESTA,6,E01011396,0,4
2024440124316,2024,440124316,1,9,0,4,4,1,5,0,0,0,0,0,0,0,2,1,6,6,2,34,6,1399,2,18,FORD FIESTA,8,E01022786,0,2
2024010524687,2024,010524687,2,9,0,99,99,9,9,99,99,0,9,99,9,99,1,9,6,6,1,-1,-1,998,1,10,FORD FIESTA,7,E01002655,0,1
2024421473115,2024,421473115,2,9,0,-1,9,7,3,-1,0,0,0,0,0,0,1,1,-1,9,1,29,6,1242,1,14,FORD FIESTA,2,E01001734,0,4
2024991429375,2024,991429375,4,9,0,-1,19,6,2,-1,0,1,0,0,0,0,1,1,-1,6,1,20,4,1242,1,14,FORD FIESTA,7,-1,0,1
2024421404049,2024,421404049,4,9,0,-1,19,5,1,-1,0,0,0,0,0,0,1,1,-1,6,2,23,5,1388,1,15,FORD FIESTA,2,E01021270,0,2
2024101445361,2024,101445361,1,9,0,-1,9,1,5,-1,0,1,0,0,0,0,3,1,-1,9,1,25,5,998,1,8,FORD FIESTA,6,E01027483,0,1
2024440260896,2024,440260896,1,9,0,16,19,8,3,0,0,8,2,0,0,0,1,1,6,6,1,18,4,1242,1,16,FORD FIESTA,7,E01020361,0,2
2024201456104,2024,201456104,1,9,0,-1,5,8,4,-1,0,1,0,0,0,0,3,9,-1,6,2,-1,-1,1388,1,12,FORD FIESTA,1,E01009113,0,1
2024302401663,2024,302401663,5,9,0,2,2,0,0,0,0,2,0,0,0,0,2,1,6,6,3,-1,-1,1242,1,9,FORD FIESTA,-1,-1,0,-1
2024552401401,2024,552401401,1,9,0,18,19,3,7,0,0,8,0,0,0,0,3,1,6,6,2,22,5,1242,1,19,FORD FIESTA,3,E01015386,0,1
2024131533420,2024,131533420,1,9,0,-1,13,1,5,-1,0,8,0,0,0,0,1,1,-1,9,1,32,6,1596,1,13,FORD FIESTA,2,E01011104,0,1
2024371512932,2024,371512932,2,9,0,-1,19,3,7,-1,0,0,0,0,0,0,2,1,-1,6,2,46,8,1399,2,12,FORD FIESTA,6,E01026424,0,3
2024552400361,2024,552400361,1,9,0,9,9,3,2,0,0,6,0,0,0,0,3,1,6,6,1,56,9,998,1,5,FORD FIESTA,6,E01011155,0,5
2024211393673,2024,211393673,1,9,0,-1,19,7,4,-1,0,0,1,0,1,0,4,1,-1,9,1,24,5,1999,1,17,FORD FIESTA,3,E01029349,0,2
2024231528081,2024,231528081,1,9,0,-1,9,3,1,-1,0,6,0,0,1,0,4,1,-1,6,2,67,10,998,1,2,FORD FIESTA,5,E01025867,0,1
2024440542673,2024,440542673,2,9,0,18,19,2,6,0,0,0,0,0,0,0,1,1,6,6,2,59,9,998,1,5,FORD FIESTA,2,E01023055,0,1
2024122500036,2024,122500036,1,9,0,9,9,3,1,0,0,1,0,0,0,0,2,1,6,6,2,72,10,1399,2,12,FORD FIESTA,7,E01007589,0,4
2024010531937,2024,010531937,1,9,0,18,19,6,2,0,0,0,0,0,0,0,1,1,3,7,2,27,6,1242,1,14,FORD FIESTA,2,E01001331,0,1
2024161402359,2024,161402359,1,9,0,-1,19,7,3,-1,0,0,1,0,2,0,3,1,-1,9,1,22,5,1388,1,15,FORD FIESTA,10,E01013042,0,1
2024122400917,2024,122400917,1,9,0,12,12,5,1,0,0,0,0,0,1,10,1,1,6,6,2,82,11,1596,1,10,FORD FIESTA,9,E01027879,0,1
2024421487467,2024,421487467,1,9,0,-1,19,3,6,-1,0,0,0,0,2,4,1,1,-1,9,1,22,5,1999,1,18,FORD FIESTA,7,E01021608,0,1