collision_index,collision_year,collision_ref_no,vehicle_reference,vehicle_type,towing_and_articulation,vehicle_manoeuvre_historic,vehicle_manoeuvre,vehicle_direction_from,vehicle_direction_to,vehicle_location_restricted_lane_historic,vehicle_location_restricted_lane,junction_location,skidding_and_overturning,hit_object_in_carriageway,vehicle_leaving_carriageway,hit_object_off_carriageway,first_point_of_impact,vehicle_left_hand_drive,journey_purpose_of_driver_historic,journey_purpose_of_driver,sex_of_driver,age_of_driver,age_band_of_driver,engine_capacity_cc,propulsion_code,age_of_vehicle,generic_make_model,driver_imd_decile,lsoa_of_driver,escooter_flag,driver_distance_banding
2024131412474,2024,131412474,2,9,0,-1,19,1,1,-1,0,6,0,0,0,0,1,1,-1,6,2,28,6,998,1,10,FORD FIESTA,6,E01010786,0,2
2024131520711,2024,131520711,1,9,0,-1,-1,-1,-1,-1,-1,-1,-1,-1,-1,-1,-1,1,-1,6,3,-1,-1,998,1,7,FORD FIESTA,-1,-1,0,-1
2024302500222,2024,302500222,1,9,0,-1,12,1,5,-1,0,0,0,0,0,0,2,1,-1,6,2,45,7,1242,1,9,FORD FIESTA,2,E01010615,0,4
2024430570847,2024,430570847,1,9,0,18,19,4,8,0,0,1,0,0,0,0,1,1,6,6,2,35,6,1242,1,12,FORD FIESTA,10,E01028606,0,4
2024471424334,2024,471424334,1,9,0,-1,19,5,8,-1,0,0,0,0,0,0,4,9,-1,6,1,29,6,1242,1,9,FORD FIESTA,8,E01031634,0,1
2024231431479,2024,231431479,1,9,0,-1,19,5,1,-1,0,0,2,0,1,3,1,1,-1,9,1,18,4,1399,2,12,FORD FIESTA,7,E01032588,0,1
2024332401242,2024,332401242,1,9,0,-1,19,5,1,-1,0,0,5,0,0,0,1,1,-1,9,1,84,11,998,1,8,FORD FIESTA,9,E01025758,0,1
2024010534695,2024,010534695,5,9,0,18,19,1,5,0,0,0,1,0,0,0,1,1,6,6,1,42,7,1388,1,20,FORD FIESTA,5,E01024054,0,4
2024520402231,2024,520402231,4,9,0,18,19,3,7,0,0,0,0,0,0,0,3,1,6,6,2,42,7,999,1,3,FORD FIESTA,4,E01029329,0,1
2024101533303,2024,101533303,1,9,0,-1,7,2,5,-1,0,8,0,0,0,0,1,1,-1,6,2,51,8,998,1,1,FORD FIESTA,2,E01008543,0,1
2024991578058,2024,991578058,1,9,0,-1,2,0,0,-1,0,0,0,8,0,0,3,1,-1,9,1,62,9,998,1,10,FORD FIESTA,-1,-1,0,-1
2024010541187,2024,010541187,1,9,0,2,2,0,0,0,0,0,0,0,0,0,1,1,6,6,3,-1,-1,1242,1,10,FORD FIESTA,-1,-1,0,-1
2024461518208,2024,461518208,2,9,0,-1,2,7,3,-1,0,0,0,0,0,0,2,9,-1,9,2,21,5,998,1,6,FORD FIESTA,5,E01024163,0,1
2024131448764,2024,131448764,2,9,0,-1,9,5,3,-1,0,8,0,0,0,0,4,1,-1,6,2,23,5,1388,1,14,FORD FIESTA,3,E01011606,0,1
2024141420485,2024,141420485,2,9,0,-1,19,4,8,-1,0,8,0,0,0,0,1,1,-1,9,1,41,7,998,1,10,FORD FIESTA,2,E01007914,0,2
2024371509709,2024,371509709,1,9,0,-1,2,0,0,-1,4,0,0,0,0,0,2,1,-1,2,2,21,5,999,1,4,FORD FIESTA,6,E01030020,0,1
2024631469975,2024,631469975,1,9,0,-1,19,5,1,-1,0,0,2,0,0,0,0,1,-1,9,1,17,4,998,1,10,FORD FIESTA,6,W01000471,0,3
2024221496272,2024,221496272,1,9,0,-1,13,6,1,-1,0,0,2,0,1,10,3,1,-1,6,2,56,9,1388,1,14,FORD FIESTA,5,E01028886,0,2
2024131449067,2024,131449067,1,9,0,-1,19,6,2,-1,0,0,0,0,7,4,1,1,-1,6,1,55,8,1242,1,15,FORD FIESTA,2,E01010799,0,1
2024201416631,2024,201416631,1,9,0,-1,5,1,2,-1,0,3,0,0,0,0,3,9,-1,9,1,55,8,1388,1,17,FORD FIESTA,4,E01009766,0,1
2024440286036,2024,440286036,1,9,0,7,7,7,3,0,0,6,0,0,0,0,3,1,6,6,2,49,8,998,1,6,FORD FIESTA,4,E01017327,0,3
2024631522302,2024,631522302,1,9,0,-1,14,7,3,-1,0,1,0,0,0,0,1,1,-1,2,1,36,7,-1,-1,-1,FORD FIESTA,2,W01001803,0,4
2024231408591,2024,231408591,2,9,0,-1,9,3,1,-1,0,5,0,0,7,4,3,9,-1,6,2,19,4,1399,2,12,FORD FIESTA,5,E01031159,0,1
2024991410201,2024,991410201,2,9,0,-1,19,6,2,-1,0,0,1,10,0,0,0,1,-1,9,2,24,5,1242,1,17,FORD FIESTA,3,-1,0,1
2024991496351,2024,991496351,1,9,0,-1,19,5,1,-1,0,8,0,0,0,0,1,1,-1,2,1,31,6,1596,1,10,FORD FIESTA,5,-1,0,2
2024440400917,2024,440400917,1,9,0,18,19,1,5,0,0,1,0,0,0,0,1,1,6,6,1,50,8,1560,2,13,FORD FIESTA,3,E01022681,0,1
2024052402209,2024,052402209,2,9,0,9,9,7,5,0,0,8,0,0,0,0,1,1,6,6,1,19,4,998,1,5,FORD FIESTA,10,E01012461,0,2
2024991456131,2024,991456131,2,9,0,-1,19,1,5,-1,0,1,0,0,0,0,1,1,-1,9,2,60,9,1242,1,12,FORD FIESTA,2,-1,0,1
2024061426929,2024,061426929,2,9,0,-1,19,1,5,-1,-1,0,0,0,0,0,1,1,-1,6,1,30,6,1499,2,10,FORD FIESTA,-1,-1,0,-1
2024991525828,2024,991525828,1,9,0,-1,19,3,7,-1,0,1,0,0,0,0,4,1,-1,9,2,84,11,999,1,1,FORD FIESTA,4,-1,0,2
2024440218819,2024,440218819,3,9,0,2,2,0,0,6,6,0,0,0,0,0,3,1,6,6,3,-1,-1,1242,1,12,FORD FIESTA,-1,-1,0,-1
2024221449507,2024,221449507,2,9,0,-1,14,6,8,-1,0,0,0,0,0,0,3,9,-1,6,1,19,4,998,1,8,FORD FIESTA,4,E01029000,0,4
2024351432138,2024,351432138,1,9,0,-1,19,3,7,-1,0,8,0,0,0,0,1,1,-1,2,1,37,7,1242,1,18,FORD FIESTA,3,E01017978,0,1
2024010543173,2024,010543173,1,9,0,9,9,3,1,0,0,6,0,0,0,0,1,1,2,2,2,29,6,998,1,8,FORD FIESTA,3,E01000089,0,1
2024440545092,2024,440545092,2,9,0,18,19,8,4,0,0,2,0,0,0,0,1,1,6,6,2,-1,-1,1242,1,18,FORD FIESTA,-1,-1,0,-1
2024522403144,2024,522403144,1,9,0,9,9,7,5,0,0,8,0,4,0,0,1,1,6,6,1,19,4,998,1,11,FORD FIESTA,10,E01014778,0,1
202417M104124,2024,17M104124,2,9,0,18,19,7,4,0,0,1,0,0,0,0,1,1,6,6,2,55,8,1242,1,11,FORD FIESTA,-1,-1,0,-1
2024501395037,2024,501395037,1,9,0,-1,19,1,5,-1,0,0,0,0,0,0,2,1,-1,9,2,18,4,1242,1,17,FORD FIESTA,7,E01020043,0,1
2024141534488,2024,141534488,1,9,0,-1,19,2,6,-1,0,1,0,0,0,0,1,1,-1,9,1,18,4,1560,2,14,FORD FIESTA,3,E01007569,0,1
2024141483762,2024,141483762,1,9,0,-1,19,1,5,-1,0,8,0,0,0,0,1,1,-1,6,1,56,9,1560,2,13,FORD FIESTA,1,E01007716,0,1
2024010502705,2024,010502705,1,9,0,18,19,3,7,0,0,0,0,10,0,0,2,1,6,6,1,31,6,998,1,5,FORD FIESTA,7,E01004491,0,3
2024041532788,2024,041532788,1,9,0,-1,19,1,5,-1,0,1,0,0,0,0,1,1,-1,9,1,69,10,999,1,4,FORD FIESTA,3,E01025054,0,1
2024201397136,2024,201397136,1,9,0,-1,5,6,2,-1,0,1,0,0,0,0,1,1,-1,6,2,64,9,1242,1,10,FORD FIESTA,6,E01010123,0,1
2024361451436,2024,361451436,2,9,0,-1,4,4,8,-1,0,0,0,0,0,0,1,1,-1,9,1,20,4,1242,1,16,FORD FIESTA,4,E01030225,0,1
2024211522412,2024,211522412,1,9,0,-1,19,1,3,-1,0,0,5,0,0,0,1,1,-1,6,1,27,6,1560,2,18,FORD FIESTA,1,E01014249,0,1
2024332400352,2024,332400352,2,9,0,-1,19,5,1,-1,0,0,0,0,0,0,4,1,-1,6,1,-1,-1,998,1,8,FORD FIESTA,-1,-1,0,-1
2024010520456,2024,010520456,2,9,0,2,2,0,0,0,0,1,0,4,0,0,2,1,6,6,3,-1,-1,1242,1,18,FORD FIESTA,-1,-1,0,-1
2024211483151,2024,211483151,2,9,0,-1,9,1,7,-1,0,2,0,0,0,0,4,1,-1,2,1,37,7,998,1,7,FORD FIESTA,-1,-1,0,-1
2024041447520,2024,041447520,2,9,0,-1,19,5,1,-1,0,0,0,0,0,0,1,1,-1,2,2,43,7,998,1,11,FORD FIESTA,8,E01025277,0,1
2024451403744,2024,451403744,2,9,0,-1,19,3,7,-1,0,0,0,0,0,0,1,9,-1,6,1,43,7,998,1,8,FORD FIESTA,8,E01030613,0,1
2024471515846,2024,471515846,1,9,0,-1,19,7,3,-1,0,0,1,0,0,0,1,1,-1,2,1,28,6,1242,1,18,FORD FIESTA,7,E01016913,0,2
2024631396087,2024,631396087,2,9,0,-1,4,1,4,-1,0,1,0,0,1,10,2,1,-1,9,1,72,10,998,1,10,FORD FIESTA,8,W01000554,0,1
2024070531534,2024,070531534,2,9,0,18,19,8,4,0,0,0,0,0,0,0,1,1,6,6,2,29,6,1242,1,13,FORD FIESTA,3,E01033302,0,1
2024361408528,2024,361408528,1,9,0,-1,19,6,2,-1,0,0,0,0,0,0,1,9,-1,9,1,19,4,1399,2,12,FORD FIESTA,-1,-1,0,-1
2024211423787,2024,211423787,1,9,0,-1,19,3,7,-1,0,4,0,0,5,0,1,9,-1,9,1,21,5,998,1,9,FORD FIESTA,4,E01029715,0,3
2024031527894,2024,031527894,2,9,0,-1,19,1,5,-1,0,1,0,0,0,0,1,1,-1,6,2,22,5,1399,2,12,FORD FIESTA,2,E01019227,0,2
2024430310549,2024,430310549,1,9,0,5,5,6,3,0,0,6,0,0,7,0,4,1,6,6,2,-1,-1,998,1,6,FORD FIESTA,-1,-1,0,-1
2024631495826,2024,631495826,1,9,0,-1,19,1,5,-1,0,0,0,0,1,3,1,1,-1,2,1,20,4,998,1,5,FORD FIESTA,9,E01029626,0,4
2024371495123,2024,371495123,1,9,0,-1,5,1,1,-1,0,6,0,0,0,0,4,1,-1,6,2,71,10,998,1,9,FORD FIESTA,6,E01030221,0,1
2024451395424,2024,451395424,2,9,0,-1,19,4,8,-1,0,0,0,0,0,0,2,1,-1,2,1,23,5,1242,1,10,FORD FIESTA,4,E01032732,0,4
2024430480548,2024,430480548,2,9,0,3,3,5,1,0,0,0,0,0,0,0,2,1,6,6,1,32,6,1242,1,11,FORD FIESTA,5,E01016599,0,2
2024361448552,2024,361448552,1,9,0,-1,19,5,1,-1,0,0,1,0,7,0,3,1,-1,9,1,21,5,1242,1,16,FORD FIESTA,4,E01034775,0,3
2024131464205,2024,131464205,1,9,0,-1,-1,-1,-1,-1,-1,-1,-1,-1,-1,-1,-1,1,-1,6,3,-1,-1,1388,1,14,FORD FIESTA,-1,-1,0,-1
2024131416981,2024,131416981,1,9,0,-1,9,8,4,-1,0,8,0,0,0,0,4,1,-1,9,1,19,4,998,1,7,FORD FIESTA,7,E01011511,0,1
2024221481809,2024,221481809,1,9,0,-1,5,2,6,-1,0,0,0,10,1,10,3,1,-1,6,2,30,6,1388,1,15,FORD FIESTA,7,E01028833,0,1
2024371400156,2024,371400156,5,9,0,-1,19,7,5,-1,0,0,1,0,0,0,1,1,-1,2,2,18,4,1388,1,16,FORD FIESTA,9,E01029967,0,2
2024411517663,2024,411517663,1,9,0,-1,19,5,1,-1,0,1,1,7,0,0,1,1,-1,6,1,70,10,1596,1,9,FORD FIESTA,3,E01002120,0,2
2024371455697,2024,371455697,1,9,0,-1,19,1,5,-1,0,0,5,4,0,0,1,1,-1,6,1,89,11,998,1,8,FORD FIESTA,7,E01030228,0,1
2024221459321,2024,221459321,1,9,0,-1,19,5,2,-1,0,0,1,0,0,0,3,9,-1,6,1,18,4,998,1,5,FORD FIESTA,10,E01032144,0,1
2024371447040,2024,371447040,2,9,0,-1,3,-1,-1,-1,0,4,0,0,0,0,2,1,-1,2,2,28,6,998,1,8,FORD FIESTA,6,E01030041,0,1
2024631474083,2024,631474083,2,9,0,-1,19,4,8,-1,0,0,0,0,0,0,3,1,-1,9,1,22,5,1242,1,8,FORD FIESTA,1,E01014127,0,4
2024070012437,2024,070012437,1,9,0,18,19,5,1,0,0,0,1,0,7,4,3,1,6,6,2,35,6,1388,1,20,FORD FIESTA,5,E01028866,0,4
2024211410826,2024,211410826,2,9,0,-1,19,7,3,-1,0,0,0,0,0,0,4,1,-1,9,1,19,4,998,1,10,FORD FIESTA,7,E01029844,0,1
2024461427779,2024,461427779,1,9,0,-1,4,6,2,-1,0,0,0,0,0,0,1,9,-1,6,1,25,5,-1,-1,-1,FORD FIESTA,3,E01016154,0,1
2024201484869,2024,201484869,1,9,0,-1,19,8,4,-1,0,6,0,0,0,0,1,9,-1,6,1,20,4,1242,1,14,FORD FIESTA,1,E01009204,0,1
2024631451398,2024,631451398,1,9,0,-1,19,7,4,-1,0,0,0,0,2,10,1,1,-1,9,1,19,4,1242,1,17,FORD FIESTA,8,W01000485,0,1
2024531490511,2024,531490511,1,9,0,-1,19,7,3,-1,0,1,0,0,0,0,1,9,-1,6,2,74,10,1242,1,14,FORD FIESTA,10,E01022220,0,1
2024320500564,2024,320500564,2,9,0,9,9,3,1,0,0,6,0,0,0,0,3,1,-1,-1,2,53,8,999,1,4,FORD FIESTA,5,E01026283,0,2
2024501498474,2024,501498474,2,9,0,-1,19,7,3,-1,0,0,0,0,0,0,1,9,-1,6,1,33,6,-1,-1,-1,FORD FIESTA,4,E01018760,0,2
2024631490038,2024,631490038,1,9,0,-1,19,7,3,-1,0,1,5,0,0,0,2,1,-1,6,1,21,5,998,1,7,FORD FIESTA,6,W01000575,0,3
2024622400682,2024,622400682,1,9,0,17,19,3,5,0,0,1,5,10,0,0,4,1,6,6,1,19,4,998,1,8,FORD FIESTA,4,W01001305,0,1
2024302401471,2024,302401471,2,9,0,18,19,2,6,0,0,8,0,0,0,0,3,1,2,2,1,50,8,1242,1,11,FORD FIESTA,5,E01013542,0,1
2024471476802,2024,471476802,2,9,0,-1,19,5,1,-1,0,0,0,0,0,0,1,1,-1,9,2,47,8,1388,1,14,FORD FIESTA,6,E01016957,0,1
2024991486661,2024,991486661,1,9,0,-1,3,8,4,-1,0,1,0,0,0,0,2,1,-1,9,2,42,7,998,1,9,FORD FIESTA,5,-1,0,2
2024991431852,2024,991431852,3,9,0,-1,19,3,7,-1,0,0,0,0,0,0,1,1,-1,2,2,28,6,998,1,7,FORD FIESTA,6,-1,0,3
2024991529464,2024,991529464,1,9,0,-1,9,3,8,-1,0,5,0,0,0,0,4,1,-1,6,2,25,5,999,1,4,FORD FIESTA,7,-1,0,4
2024052401855,2024,052401855,2,9,0,18,19,5,1,0,0,1,0,0,0,0,1,1,6,6,1,20,4,1388,1,21,FORD FIESTA,1,E01006637,0,2
2024991450760,2024,991450760,1,9,0,-1,2,0,0,-1,0,0,0,0,0,0,1,1,-1,6,2,36,7,1388,1,14,FORD FIESTA,-1,-1,0,-1
2024501411205,2024,501411205,1,9,0,-1,19,5,7,-1,0,1,2,0,1,0,1,9,-1,6,1,83,11,998,1,5,FORD FIESTA,8,E01017788,0,5
2024101437508,2024,101437508,1,9,0,-1,19,1,5,-1,0,1,0,0,0,0,3,1,-1,9,2,69,10,998,1,8,FORD FIESTA,1,E01035622,0,1
2024101486912,2024,101486912,1,9,0,-1,5,3,7,-1,0,6,0,0,0,0,3,1,-1,1,1,64,9,-1,-1,-1,FORD FIESTA,3,E01027461,0,3
2024461427247,2024,461427247,1,9,0,-1,19,3,7,-1,0,8,0,0,7,11,4,1,-1,9,2,36,7,1596,1,9,FORD FIESTA,5,E01024495,0,4
2024471443739,2024,471443739,1,9,0,-1,19,5,7,-1,0,0,1,0,7,4,1,1,-1,2,1,60,9,-1,-1,-1,FORD FIESTA,6,E01031614,0,3
2024540631124,2024,540631124,2,9,0,18,19,4,8,0,0,1,0,0,0,0,1,1,6,6,2,25,5,1242,1,7,FORD FIESTA,8,E01032699,0,2
2024332400826,2024,332400826,3,9,0,-1,19,4,8,-1,0,0,0,0,0,0,1,1,-1,9,2,46,8,998,1,11,FORD FIESTA,5,E01026290,0,4
2024061518741,2024,061518741,2,9,0,-1,19,5,1,-1,0,0,0,0,0,0,2,1,-1,2,1,19,4,1242,1,10,FORD FIESTA,7,E01004845,0,4
2024141527421,2024,141527421,1,9,0,-1,19,3,7,-1,0,0,0,0,6,11,3,1,-1,2,2,19,4,1242,1,14,FORD FIESTA,3,E01007374,0,1
2024461445306,2024,461445306,2,9,0,-1,4,3,1,-1,0,1,0,0,0,0,1,1,-1,9,2,40,7,1242,1,20,FORD FIESTA,2,E01024685,0,1
2024411457932,2024,411457932,1,9,0,-1,-1,5,1,-1,0,4,0,0,0,0,1,1,-1,6,1,75,10,1242,1,11,FORD FIESTA,10,E01023483,0,2
2024041491278,2024,041491278,1,9,0,-1,19,3,7,-1,0,0,0,4,0,0,1,1,-1,9,1,41,7,1242,1,17,FORD FIESTA,1,E01025006,0,1
2024201536040,2024,201536040,4,9,0,-1,19,2,6,-1,0,0,0,0,0,0,1,1,-1,9,1,56,9,1388,1,22,FORD FIESTA,1,E01010367,0,1
2024471475319,2024,471475319,2,9,0,-1,19,2,6,-1,0,1,0,0,0,0,1,1,-1,9,2,22,5,1388,1,12,FORD FIESTA,6,E01021070,0,4
2024361438895,2024,361438895,1,9,0,-1,4,1,5,-1,0,1,0,0,0,0,1,1,-1,9,1,23,5,998,1,10,FORD FIESTA,7,E01026928,0,3
2024010548336,2024,010548336,2,9,0,4,4,1,5,0,0,0,0,4,0,0,1,1,6,6,1,24,5,1242,1,13,FORD FIESTA,9,E01003471,0,1
2024010527804,2024,010527804,1,9,0,99,99,9,9,99,99,0,9,99,9,99,9,9,6,6,2,45,7,1388,1,15,FORD FIESTA,4,E01002486,0,1
2024211438452,2024,211438452,1,9,0,-1,19,8,4,-1,0,0,2,0,1,0,4,1,-1,2,1,18,4,1388,1,19,FORD FIESTA,1,E01010300,0,1
2024211455414,2024,211455414,1,9,0,-1,19,5,1,-1,0,0,1,0,0,0,1,1,-1,6,1,21,5,1596,1,14,FORD FIESTA,1,E01006692,0,4
2024201505050,2024,201505050,2,9,0,-1,9,2,7,-1,0,5,0,0,0,0,4,1,-1,1,2,48,8,998,1,6,FORD FIESTA,5,E01009036,0,1
2024371443582,2024,371443582,1,9,0,-1,19,1,5,-1,0,0,0,0,0,0,1,1,-1,2,1,42,7,1496,1,4,FORD FIESTA,4,E01030028,0,1
2024340NN2022,2024,340NN2022,1,9,0,-1,19,5,1,-1,0,1,5,4,0,0,1,1,-1,6,1,33,6,998,1,8,FORD FIESTA,6,E01017540,0,3
2024052400418,2024,052400418,3,9,0,18,19,4,8,0,0,0,0,0,0,0,2,1,6,6,1,19,4,998,1,6,FORD FIESTA,6,E01012423,0,3
2024471463220,2024,471463220,1,9,0,-1,4,4,8,-1,0,1,0,0,0,0,1,1,-1,2,1,20,4,1242,1,12,FORD FIESTA,9,E01031505,0,1
2024201477775,2024,201477775,1,9,0,-1,19,4,2,-1,0,4,0,0,0,0,1,1,-1,6,1,50,8,1242,1,15,FORD FIESTA,1,E01009081,0,1
2024471461938,2024,471461938,2,9,0,-1,2,0,0,-1,0,1,0,0,0,0,2,1,-1,6,-1,-1,-1,1499,2,9,FORD FIESTA,-1,-1,0,-1
2024440050291,2024,440050291,2,9,0,2,2,0,0,0,0,2,0,0,0,0,3,1,6,6,1,44,7,1242,1,10,FORD FIESTA,-1,-1,0,-1
2024421422213,2024,421422213,2,9,0,-1,19,6,2,-1,0,0,1,0,0,0,1,1,-1,9,2,89,11,1242,1,8,FORD FIESTA,7,E01021628,0,2
202454D287224,2024,54D287224,1,9,0,16,19,6,2,0,0,0,0,0,1,4,1,1,6,6,1,18,4,1242,1,10,FORD FIESTA,-1,-1,0,-1
2024461394524,2024,461394524,2,9,0,-1,19,5,1,-1,0,0,0,0,0,0,1,1,-1,2,1,25,5,1242,1,18,FORD FIESTA,4,E01016116,0,1
2024320034799,2024,320034799,2,9,0,-1,-1,8,4,0,0,0,0,0,1,0,3,1,-1,-1,2,45,7,1388,1,14,FORD FIESTA,9,E01032683,0,1
2024010542241,2024,010542241,1,9,0,18,19,7,3,0,0,2,0,0,0,0,1,1,2,2,1,21,5,1596,1,13,FORD FIESTA,10,E01030428,0,4
2024302400297,2024,302400297,1,9,0,17,19,6,3,0,0,0,2,0,1,11,1,1,6,6,2,19,4,1242,1,15,FORD FIESTA,-1,-1,0,-1
2024440534980,2024,440534980,2,9,0,18,19,5,7,0,0,6,0,0,0,0,1,1,2,2,2,40,7,1242,1,20,FORD FIESTA,2,E01017276,0,1
2024141408701,2024,141408701,1,9,0,-1,12,6,2,-1,0,0,1,0,0,0,3,1,-1,6,1,22,5,1496,1,5,FORD FIESTA,1,E01007735,0,3
2024201466439,2024,201466439,1,9,0,-1,19,-1,-1,-1,0,-1,0,0,0,0,3,9,-1,9,1,26,6,999,1,4,FORD FIESTA,10,E01009807,0,1
2024320618679,2024,320618679,2,9,0,-1,-1,6,2,0,0,8,0,0,0,0,4,1,6,6,2,57,9,1596,1,18,FORD FIESTA,5,E01026241,0,2
2024631474760,2024,631474760,1,9,0,-1,19,3,7,-1,0,8,0,0,3,10,1,1,-1,9,1,68,10,1560,2,12,FORD FIESTA,8,E01017918,0,5
2024070550392,2024,070550392,2,9,0,18,19,1,4,0,0,1,0,0,0,0,1,1,6,6,1,33,6,1399,2,12,FORD FIESTA,1,E01011626,0,5
2024231459248,2024,231459248,1,9,0,-1,12,5,1,-1,0,3,0,7,1,7,1,1,-1,9,2,48,8,999,1,1,FORD FIESTA,10,E01025259,0,5
2024440007935,2024,440007935,2,9,0,4,4,8,4,0,0,0,0,0,0,0,2,1,6,6,1,30,6,1242,1,11,FORD FIESTA,7,E01022672,0,3
2024421443342,2024,421443342,1,9,0,-1,9,1,7,-1,0,6,0,0,0,0,1,1,-1,2,1,55,8,1388,1,12,FORD FIESTA,4,E01034210,0,4
2024461418287,2024,461418287,4,9,0,-1,4,6,6,-1,0,0,0,0,0,0,2,1,-1,6,2,76,11,1388,1,13,FORD FIESTA,-1,-1,0,-1
2024440093780,2024,440093780,2,9,0,4,4,3,7,0,0,0,0,0,0,0,2,1,2,2,2,34,6,998,1,7,FORD FIESTA,9,E01022727,0,2
2024610023224,2024,610023224,1,9,0,18,19,5,1,0,0,8,1,0,0,0,1,1,6,6,1,18,4,998,1,9,FORD FIESTA,10,W01001512,0,3
2024440467758,2024,440467758,1,9,0,18,19,6,2,0,0,0,0,0,0,0,1,1,6,6,1,18,4,998,1,10,FORD FIESTA,8,E01022591,0,3
2024010500163,2024,010500163,1,9,0,18,19,3,7,0,0,3,0,0,0,0,1,1,6,6,1,27,6,998,1,10,FORD FIESTA,5,E01001272,0,2
2024311522757,2024,311522757,1,9,0,-1,19,3,7,-1,0,0,2,7,7,0,1,1,-1,2,1,28,6,1388,1,15,FORD FIESTA,-1,-1,0,-1
2024610023424,2024,610023424,1,9,0,9,9,1,7,0,0,6,0,0,1,10,3,1,6,6,2,66,10,1242,1,20,FORD FIESTA,8,E01022275,0,3
2024010518895,2024,010518895,2,9,0,18,19,8,4,0,0,6,0,0,0,0,1,1,6,6,2,35,6,1242,1,15,FORD FIESTA,7,E01003408,0,1
202417M112124,2024,17M112124,2,9,0,-1,9,5,3,-1,0,8,0,0,0,0,1,1,-1,9,1,-1,-1,1388,1,13,FORD FIESTA,-1,-1,0,-1
2024421437814,2024,421437814,1,9,0,-1,19,7,3,-1,0,0,0,0,0,0,1,1,-1,6,2,86,11,999,1,3,FORD FIESTA,-1,-1,0,-1
2024361499734,2024,361499734,1,9,0,-1,9,4,1,-1,0,2,0,0,0,0,1,1,-1,6,2,19,4,998,1,8,FORD FIESTA,7,E01026490,0,3
2024991531488,2024,991531488,2,9,0,-1,19,3,7,-1,0,8,0,0,0,0,1,1,-1,9,1,24,5,998,1,11,FORD FIESTA,7,-1,0,4
2024421512007,2024,421512007,1,9,0,-1,7,3,1,-1,0,6,0,0,3,0,1,2,-1,6,2,20,4,1242,1,9,FORD FIESTA,3,E01021596,0,3
2024991535513,2024,991535513,2,9,0,-1,19,8,5,-1,0,3,0,0,0,0,4,1,-1,9,1,83,11,1242,1,7,FORD FIESTA,-1,-1,0,-1
2024052401445,2024,052401445,1,9,0,5,5,2,4,0,0,4,0,0,0,0,3,1,6,6,1,77,11,1242,1,8,FORD FIESTA,8,E01007268,0,1
2024010544881,2024,010544881,1,9,0,18,19,3,7,0,0,0,1,0,7,10,3,1,6,6,2,92,11,1242,1,12,FORD FIESTA,-1,-1,0,-1
2024052401036,2024,052401036,1,9,0,18,19,3,7,0,0,0,0,0,0,0,1,1,6,6,2,-1,-1,1299,1,22,FORD FIESTA,8,E01006680,0,1
2024201512801,2024,201512801,1,9,0,-1,19,7,3,-1,0,0,0,0,0,0,3,1,-1,2,1,21,5,1242,1,14,FORD FIESTA,4,E01029658,0,3
2024201483019,2024,201483019,1,9,0,-1,19,3,7,-1,0,0,0,4,0,0,1,1,-1,6,1,25,5,1499,2,7,FORD FIESTA,-1,-1,0,-1
2024141490962,2024,141490962,1,9,0,-1,19,8,4,-1,0,1,0,0,0,0,1,1,-1,1,2,50,8,1242,1,8,FORD FIESTA,2,E01007323,0,1
2024522403379,2024,522403379,2,9,0,9,9,3,1,0,0,6,0,0,0,0,1,1,6,6,1,18,4,1242,1,14,FORD FIESTA,7,E01014907,0,1
2024440083472,2024,440083472,1,9,0,18,19,2,6,0,0,8,0,0,0,0,1,1,6,6,1,85,11,1242,1,8,FORD FIESTA,9,E01030795,0,1
2024010523465,2024,010523465,1,9,0,4,4,3,7,0,0,1,0,0,0,0,1,1,6,6,2,25,5,1242,1,10,FORD FIESTA,8,E01021933,0,4
2024631432347,2024,631432347,1,9,0,-1,19,4,8,-1,0,0,1,0,1,11,1,1,-1,6,1,17,4,1242,1,16,FORD FIESTA,9,W01000493,0,1
2024311474919,2024,311474919,2,9,0,-1,9,1,7,-1,0,1,0,0,0,0,1,9,-1,6,1,18,4,998,1,9,FORD FIESTA,10,E01028216,0,1
2024201485971,2024,201485971,1,9,0,-1,19,1,4,-1,0,1,0,0,0,0,3,1,-1,6,1,56,9,998,1,8,FORD FIESTA,8,E01029347,0,4
2024371529206,2024,371529206,1,9,0,-1,19,5,3,-1,0,0,0,0,7,0,1,1,-1,1,1,21,5,1596,1,8,FORD FIESTA,7,E01029899,0,2
2024411443686,2024,411443686,1,9,0,-1,19,2,6,-1,0,0,0,0,1,4,2,1,-1,1,1,40,7,999,1,3,FORD FIESTA,2,E01000289,0,2
2024201457509,2024,201457509,1,9,0,-1,9,5,1,-1,0,1,0,0,0,0,1,9,-1,6,1,21,5,1242,1,10,FORD FIESTA,1,E01009025,0,1
2024440511062,2024,440511062,2,9,0,9,9,2,8,0,0,6,0,0,0,0,3,1,6,6,1,48,8,1596,1,11,FORD FIESTA,7,E01032748,0,2