collision_index,collision_year,collision_ref_no,vehicle_reference,vehicle_type,towing_and_articulation,vehicle_manoeuvre_historic,vehicle_manoeuvre,vehicle_direction_from,vehicle_direction_to,vehicle_location_restricted_lane_historic,vehicle_location_restricted_lane,junction_location,skidding_and_overturning,hit_object_in_carriageway,vehicle_leaving_carriageway,hit_object_off_carriageway,first_point_of_impact,vehicle_left_hand_drive,journey_purpose_of_driver_historic,journey_purpose_of_driver,sex_of_driver,age_of_driver,age_band_of_driver,engine_capacity_cc,propulsion_code,age_of_vehicle,generic_make_model,driver_imd_decile,lsoa_of_driver,escooter_flag,driver_distance_banding
2024131453976,2024,131453976,1,9,0,-1,19,5,8,-1,0,0,0,0,1,0,1,1,-1,6,1,17,4,1242,1,14,FORD FIESTA,2,E01011558,0,2
2024552401503,2024,552401503,1,9,0,18,19,4,8,0,0,8,0,0,0,0,1,1,6,6,1,20,4,1388,1,13,FORD FIESTA,7,E01020538,0,4
2024631452558,2024,631452558,1,9,0,-1,9,7,5,-1,0,6,0,0,3,10,3,1,-1,9,1,86,11,1596,1,11,FORD FIESTA,8,W01000555,0,1
2024461513052,2024,461513052,1,9,0,-1,19,1,5,-1,0,1,0,0,0,0,1,9,-1,6,1,25,5,1388,1,13,FORD FIESTA,10,E01024781,0,1
2024622400881,2024,622400881,2,9,0,9,9,2,8,0,0,1,0,0,0,0,1,1,6,6,2,44,7,1560,2,11,FORD FIESTA,1,W01001738,0,1
2024461457421,2024,461457421,2,9,0,-1,4,2,4,-1,0,0,1,0,0,0,3,9,-1,9,1,18,4,1499,2,11,FORD FIESTA,5,E01035298,0,4
2024440418565,2024,440418565,2,9,0,18,19,5,1,0,0,0,0,0,0,0,1,1,6,6,1,18,4,998,1,8,FORD FIESTA,-1,-1,0,-1
2024010508632,2024,010508632,1,9,0,18,19,5,1,0,0,0,0,0,0,0,1,1,6,6,1,49,8,1388,1,21,FORD FIESTA,4,E01000029,0,1
2024070244586,2024,070244586,2,9,0,2,2,1,5,0,0,0,0,0,0,0,2,1,6,6,1,53,8,1560,2,12,FORD FIESTA,6,E01018610,0,1
2024010512063,2024,010512063,1,9,0,18,19,3,7,0,0,1,0,0,0,0,1,1,6,6,1,63,9,1388,1,18,FORD FIESTA,3,E01000099,0,1
2024010503075,2024,010503075,2,9,0,4,4,8,4,0,0,0,0,4,0,0,2,1,6,6,2,40,7,1596,1,8,FORD FIESTA,-1,-1,0,-1
2024991526404,2024,991526404,1,9,0,-1,9,3,1,-1,0,5,0,0,0,0,1,1,-1,9,1,60,9,999,1,1,FORD FIESTA,7,-1,0,1
2024440362358,2024,440362358,1,9,0,9,9,4,1,0,0,1,0,0,0,0,1,1,6,6,1,18,4,998,1,10,FORD FIESTA,10,E01022605,0,1
2024471503684,2024,471503684,2,9,0,-1,19,5,1,-1,0,0,0,0,7,0,1,1,-1,9,2,60,9,1399,2,13,FORD FIESTA,5,E01031479,0,2
2024311427769,2024,311427769,2,9,0,-1,19,6,2,-1,0,0,0,0,0,0,2,9,-1,6,2,-1,-1,998,1,12,FORD FIESTA,2,E01028259,0,1
2024622400016,2024,622400016,1,9,0,18,19,8,4,0,0,1,0,0,0,0,3,1,6,6,1,42,7,998,1,8,FORD FIESTA,2,W01000865,0,1
2024201491522,2024,201491522,1,9,0,-1,19,1,4,-1,0,3,0,7,1,2,1,1,-1,1,1,18,4,998,1,8,FORD FIESTA,6,E01031107,0,1
2024041471858,2024,041471858,1,9,0,-1,7,6,8,-1,0,8,0,0,0,0,4,1,-1,6,2,38,7,1560,2,12,FORD FIESTA,2,E01025284,0,1
2024211434872,2024,211434872,2,9,0,-1,8,3,6,-1,0,1,0,0,0,0,4,9,-1,6,1,24,5,998,1,7,FORD FIESTA,9,E01029686,0,1
202417H100724,2024,17H100724,1,9,0,9,9,2,8,0,0,8,0,0,0,0,1,1,6,6,1,18,4,1242,1,12,FORD FIESTA,4,E01033467,0,1
2024010500814,2024,010500814,1,9,0,9,9,5,3,0,0,6,0,0,0,0,3,1,2,2,2,60,9,998,1,6,FORD FIESTA,9,E01002290,0,1
2024010502456,2024,010502456,1,9,0,18,19,5,1,0,0,2,0,0,0,0,1,1,6,6,3,-1,-1,998,1,9,FORD FIESTA,-1,-1,0,-1
2024451454589,2024,451454589,2,9,0,-1,4,6,1,-1,0,0,0,0,0,0,2,1,-1,9,1,30,6,1596,1,14,FORD FIESTA,6,E01030524,0,2
2024340WN0902,2024,340WN0902,1,9,0,-1,5,8,4,-1,0,4,0,0,1,0,1,1,-1,6,2,52,8,998,1,10,FORD FIESTA,9,E01027074,0,4
2024522401472,2024,522401472,1,9,0,18,19,6,1,0,0,0,0,0,0,0,1,1,6,6,2,35,6,1242,1,11,FORD FIESTA,10,E01014798,0,1
2024631505202,2024,631505202,2,9,0,-1,9,1,7,-1,0,5,0,0,3,11,3,1,-1,6,1,72,10,1399,2,13,FORD FIESTA,6,W01000524,0,1
2024320345091,2024,320345091,2,9,0,-1,-1,6,2,0,0,1,0,0,1,0,1,1,6,6,2,23,5,1560,2,14,FORD FIESTA,7,E01026398,0,3
2024471521884,2024,471521884,1,9,0,-1,19,7,3,-1,0,0,0,4,7,0,1,1,-1,9,1,83,11,1299,1,22,FORD FIESTA,5,E01016989,0,1
2024361527556,2024,361527556,1,9,0,-1,19,7,3,-1,0,2,0,0,0,0,1,1,-1,2,1,58,9,1388,1,21,FORD FIESTA,5,E01026729,0,1
2024010500835,2024,010500835,2,9,0,99,99,9,9,99,99,9,9,99,9,99,1,9,6,6,3,-1,-1,1242,1,15,FORD FIESTA,10,E01002419,0,4
2024061423501,2024,061423501,1,9,0,-1,19,7,3,-1,0,1,0,0,0,0,1,1,-1,1,2,32,6,1242,1,7,FORD FIESTA,3,E01004878,0,1
2024461435974,2024,461435974,1,9,0,-1,4,2,2,-1,0,0,0,0,0,0,1,1,-1,9,1,32,6,1499,2,8,FORD FIESTA,1,E01015196,0,5
2024501484854,2024,501484854,1,9,0,-1,19,6,2,-1,0,0,5,0,0,0,1,1,-1,2,2,23,5,1242,1,21,FORD FIESTA,1,E01018930,0,3
2024041424316,2024,041424316,2,9,0,-1,19,4,8,-1,0,0,0,0,0,0,1,1,-1,9,1,21,5,998,1,8,FORD FIESTA,2,E01004867,0,3
2024010507192,2024,010507192,1,9,0,18,19,1,5,0,0,0,0,4,0,0,1,1,6,6,1,66,10,999,1,1,FORD FIESTA,2,E01003049,0,2
2024991505029,2024,991505029,2,9,0,-1,19,3,7,-1,0,5,0,0,0,0,1,1,-1,6,1,30,6,1399,2,14,FORD FIESTA,3,-1,0,2
2024552400883,2024,552400883,1,9,0,5,5,7,3,0,0,6,0,0,0,0,3,1,6,6,1,81,11,998,1,9,FORD FIESTA,8,E01015320,0,1
2024461528499,2024,461528499,1,9,0,-1,19,4,2,-1,0,4,0,9,3,0,1,1,-1,9,1,53,8,998,1,8,FORD FIESTA,5,E01033089,0,2
2024010525883,2024,010525883,3,9,0,9,9,1,6,0,0,1,0,0,0,0,1,1,6,6,1,98,11,998,1,6,FORD FIESTA,10,E01002354,0,1
2024471456816,2024,471456816,2,9,0,-1,19,3,7,-1,0,0,0,0,0,0,1,1,-1,9,1,71,10,999,8,1,FORD FIESTA,7,E01021140,0,2
2024131424234,2024,131424234,2,9,0,-1,19,5,1,-1,0,2,0,0,0,0,3,1,-1,9,2,61,9,1242,1,14,FORD FIESTA,1,E01011842,0,1
2024332400123,2024,332400123,1,9,0,-1,19,5,1,-1,0,2,0,0,0,0,1,1,-1,1,1,42,7,1242,1,8,FORD FIESTA,10,E01025904,0,1
2024010523457,2024,010523457,1,9,0,99,99,9,9,0,0,0,9,99,9,99,9,9,6,6,1,24,5,1242,1,14,FORD FIESTA,5,E01024383,0,4
2024421507348,2024,421507348,1,9,0,-1,9,7,5,-1,0,3,0,0,0,0,1,1,-1,6,1,36,7,1242,1,15,FORD FIESTA,1,E01015841,0,1
2024421401979,2024,421401979,1,9,0,-1,19,5,1,-1,0,0,0,0,0,0,1,1,-1,9,2,59,9,998,1,4,FORD FIESTA,3,E01021554,0,1
2024351415392,2024,351415392,1,9,0,-1,19,2,6,-1,0,0,0,0,0,0,1,1,-1,6,1,17,4,998,1,10,FORD FIESTA,9,E01018038,0,2
2024010523367,2024,010523367,1,9,0,4,4,1,5,0,0,0,0,0,0,0,1,1,6,6,1,18,4,1084,1,7,FORD FIESTA,9,E01000461,0,1
2024991400789,2024,991400789,1,9,0,-1,4,1,5,-1,0,1,0,0,0,0,1,1,-1,9,2,22,5,1242,1,15,FORD FIESTA,-1,-1,0,-1
2024440078772,2024,440078772,1,9,0,16,19,3,6,0,0,0,0,0,0,0,3,1,6,6,1,20,4,1388,1,15,FORD FIESTA,6,E01022506,0,1
2024010540917,2024,010540917,2,9,9,18,19,3,7,0,0,1,9,99,9,99,1,1,6,6,3,-1,-1,1560,2,15,FORD FIESTA,-1,-1,0,-1
2024031515630,2024,031515630,1,9,0,-1,19,7,3,-1,0,0,1,0,7,0,1,1,-1,9,1,20,4,998,1,5,FORD FIESTA,3,E01019081,0,1
2024991521649,2024,991521649,2,9,0,-1,19,8,4,-1,0,0,0,0,0,0,1,1,-1,9,2,18,4,1242,1,13,FORD FIESTA,4,-1,0,1
2024520402406,2024,520402406,1,9,0,4,4,8,2,0,0,4,0,0,0,0,2,1,6,6,2,17,4,1242,1,14,FORD FIESTA,5,E01029261,0,1
2024010526267,2024,010526267,1,9,0,2,2,0,0,9,9,0,0,0,0,0,4,1,6,6,3,-1,-1,998,1,8,FORD FIESTA,-1,-1,0,-1
2024340NN9052,2024,340NN9052,1,9,0,-1,13,5,1,-1,0,0,0,0,0,0,3,1,-1,1,1,38,7,1596,1,11,FORD FIESTA,7,E01027219,0,4
2024061405390,2024,061405390,3,9,0,-1,19,5,1,-1,0,0,0,0,0,0,1,1,-1,2,1,37,7,1242,1,16,FORD FIESTA,1,E01034336,0,3
2024421412186,2024,421412186,2,9,0,-1,19,7,3,-1,0,8,0,0,0,0,2,1,-1,6,2,25,5,1084,1,7,FORD FIESTA,2,E01022055,0,2
2024201456026,2024,201456026,2,9,0,-1,19,5,8,-1,0,8,0,0,0,0,3,9,-1,6,2,31,6,1242,1,12,FORD FIESTA,6,E01031049,0,3
2024031508911,2024,031508911,1,9,0,-1,1,1,5,-1,0,0,0,0,0,0,2,1,-1,6,2,-1,-1,1242,1,10,FORD FIESTA,-1,-1,0,-1
2024041496395,2024,041496395,1,9,0,-1,19,5,1,-1,0,8,0,0,7,0,1,2,-1,9,2,18,4,1242,1,7,FORD FIESTA,8,E01034347,0,1
2024411438197,2024,411438197,2,9,0,-1,19,5,2,-1,0,0,0,0,0,0,2,1,-1,6,2,26,6,1399,2,15,FORD FIESTA,7,E01023594,0,3
2024041400436,2024,041400436,2,9,0,-1,19,5,1,-1,0,0,0,0,0,0,1,1,-1,9,1,19,4,1596,1,15,FORD FIESTA,6,E01025585,0,2
2024522402597,2024,522402597,2,9,0,9,9,5,2,0,0,6,0,0,0,0,1,1,6,6,1,84,11,1560,2,14,FORD FIESTA,9,E01014796,0,3
2024052402893,2024,052402893,2,9,0,18,19,1,5,0,0,8,0,0,0,0,1,1,6,6,2,27,6,998,1,6,FORD FIESTA,1,E01007086,0,3
2024451410508,2024,451410508,2,9,0,-1,19,3,7,-1,0,0,1,0,0,0,3,1,-1,9,2,31,6,1242,1,9,FORD FIESTA,6,E01030451,0,3
2024501439592,2024,501439592,2,9,0,-1,4,5,1,-1,0,0,0,0,0,0,1,1,-1,9,2,25,5,1242,1,9,FORD FIESTA,8,E01000183,0,5
2024041405312,2024,041405312,1,9,0,-1,5,1,5,-1,0,1,0,0,0,0,1,1,-1,6,-1,-1,-1,1242,1,15,FORD FIESTA,-1,-1,0,-1
2024311533433,2024,311533433,1,9,0,-1,19,2,6,-1,0,0,2,0,1,0,1,1,-1,9,1,22,5,998,1,9,FORD FIESTA,5,E01027998,0,1
2024201516013,2024,201516013,1,9,0,-1,5,7,3,-1,0,6,0,0,0,0,4,1,-1,6,1,21,5,1596,1,15,FORD FIESTA,1,E01009096,0,2
2024451415549,2024,451415549,1,9,0,-1,19,8,4,-1,0,0,0,0,0,0,1,1,-1,9,1,73,10,998,1,8,FORD FIESTA,8,E01030951,0,1
2024010509633,2024,010509633,2,9,0,99,99,9,9,99,99,0,9,99,9,99,1,9,6,6,2,24,5,998,1,7,FORD FIESTA,6,E01026284,0,5
2024440307922,2024,440307922,1,9,0,17,19,3,7,0,0,0,2,0,0,0,1,1,2,2,1,36,7,1388,1,18,FORD FIESTA,4,E01017319,0,1
2024031408610,2024,031408610,1,9,0,-1,19,1,5,-1,0,0,0,0,0,0,1,1,-1,9,2,66,10,1499,2,7,FORD FIESTA,7,E01019379,0,1
2024351440792,2024,351440792,2,9,0,-1,19,1,5,-1,0,1,0,0,0,0,2,1,-1,6,2,26,6,1242,1,10,FORD FIESTA,10,E01035555,0,2
2024421440910,2024,421440910,2,9,0,-1,19,4,8,-1,0,0,0,0,0,0,2,9,-1,6,1,23,5,1242,1,9,FORD FIESTA,-1,-1,0,-1
2024311526583,2024,311526583,1,9,0,-1,19,1,1,-1,0,4,0,0,0,0,1,1,-1,1,1,36,7,1242,1,11,FORD FIESTA,-1,-1,0,-1
2024461404621,2024,461404621,2,9,0,-1,4,1,5,-1,0,0,0,0,0,0,1,9,-1,6,1,60,9,1084,1,7,FORD FIESTA,7,E01024133,0,1
2024041529472,2024,041529472,2,9,0,-1,19,6,2,-1,0,8,0,0,8,0,4,1,-1,6,1,24,5,1242,1,18,FORD FIESTA,4,E01025314,0,2
2024461508947,2024,461508947,1,9,0,-1,7,4,1,-1,0,6,0,0,0,0,3,1,-1,6,1,22,5,1388,1,12,FORD FIESTA,3,E01033744,0,4
2024201518001,2024,201518001,1,9,0,-1,13,5,1,-1,0,0,5,10,2,6,3,1,-1,9,1,17,4,1242,1,16,FORD FIESTA,1,E01008995,0,2
2024161416001,2024,161416001,1,9,0,-1,19,7,3,-1,0,0,0,0,0,0,1,1,-1,6,1,19,4,1388,1,18,FORD FIESTA,6,E01013072,0,1
2024010548931,2024,010548931,1,9,0,-1,-1,1,5,0,0,1,0,0,0,0,1,1,6,6,1,20,4,998,1,10,FORD FIESTA,3,E01000062,0,1
2024010507037,2024,010507037,2,9,0,99,99,9,9,99,99,9,9,99,9,99,9,9,6,6,3,-1,-1,998,1,5,FORD FIESTA,-1,-1,0,-1
2024201529903,2024,201529903,2,9,0,-1,19,5,1,-1,0,0,0,0,0,0,1,1,-1,2,1,33,6,1299,1,21,FORD FIESTA,2,E01010508,0,2
2024010529357,2024,010529357,2,9,9,12,12,9,9,99,99,9,9,99,9,99,9,9,6,6,3,-1,-1,1242,1,11,FORD FIESTA,-1,-1,0,-1
2024052402232,2024,052402232,2,9,0,4,4,3,7,0,0,0,0,0,0,0,1,1,6,6,3,-1,-1,998,1,10,FORD FIESTA,-1,-1,0,-1
2024231506508,2024,231506508,3,9,0,-1,3,2,4,-1,0,1,0,0,0,0,2,9,-1,6,2,55,8,998,1,2,FORD FIESTA,4,E01009234,0,4
2024221473252,2024,221473252,1,9,0,-1,9,5,4,-1,0,6,0,0,0,0,1,9,-1,6,1,28,6,1242,1,10,FORD FIESTA,4,E01028849,0,1
2024161412135,2024,161412135,1,9,0,-1,19,4,8,-1,0,0,0,0,0,0,1,1,-1,6,1,85,11,1084,1,7,FORD FIESTA,6,E01013188,0,1
2024351541968,2024,351541968,1,9,0,-1,19,3,7,-1,0,0,0,0,0,0,1,1,-1,2,1,59,9,1242,1,16,FORD FIESTA,9,E01033810,0,2
2024501416531,2024,501416531,1,9,0,-1,19,7,3,-1,0,0,0,0,8,7,3,1,-1,6,1,30,6,1399,2,19,FORD FIESTA,6,E01029300,0,4
2024311524704,2024,311524704,2,9,0,-1,19,3,7,-1,0,1,0,0,0,0,1,1,-1,6,1,57,9,1242,1,11,FORD FIESTA,6,E01028108,0,1
2024201524397,2024,201524397,4,9,0,-1,2,0,0,-1,0,0,0,0,0,0,1,1,-1,6,-1,-1,-1,1560,2,14,FORD FIESTA,-1,-1,0,-1
2024440248709,2024,440248709,1,9,0,18,19,4,8,0,0,0,0,0,0,0,1,1,6,6,2,76,11,998,1,8,FORD FIESTA,10,E01023024,0,2
2024052400453,2024,052400453,1,9,0,9,9,5,3,0,0,8,0,0,0,0,3,1,6,6,1,83,11,1242,1,14,FORD FIESTA,7,E01006798,0,2
2024041432433,2024,041432433,1,9,0,-1,19,5,1,-1,0,0,2,11,4,7,1,1,-1,9,1,27,6,1560,2,15,FORD FIESTA,1,E01025527,0,1
2024610030424,2024,610030424,1,9,0,18,19,1,5,0,0,0,0,0,1,2,1,1,1,1,2,57,9,1399,2,13,FORD FIESTA,5,W01001446,0,1
2024501403412,2024,501403412,1,9,0,-1,19,1,5,-1,0,0,2,0,1,11,1,1,-1,9,2,17,4,1242,1,19,FORD FIESTA,8,E01029194,0,3
2024351433043,2024,351433043,1,9,0,-1,19,1,5,-1,0,1,0,0,0,0,1,1,-1,6,2,30,6,999,1,2,FORD FIESTA,9,E01023656,0,2
2024131485523,2024,131485523,1,9,0,-1,12,3,7,-1,0,8,0,0,0,0,3,1,-1,9,1,69,10,999,1,3,FORD FIESTA,1,E01011865,0,3
2024201410338,2024,201410338,1,9,0,-1,5,3,2,-1,9,6,0,0,0,0,1,1,-1,6,1,19,4,1242,1,18,FORD FIESTA,-1,-1,0,-1
2024010505394,2024,010505394,1,9,0,18,19,3,7,0,0,6,0,0,0,0,1,1,1,1,2,31,6,998,1,4,FORD FIESTA,5,E01001542,0,1
2024631469952,2024,631469952,1,9,0,-1,5,3,1,-1,0,6,0,0,0,0,3,1,-1,9,2,52,8,998,1,5,FORD FIESTA,4,W01000636,0,1
2024631454683,2024,631454683,1,9,0,-1,19,2,6,-1,0,1,0,0,0,0,1,1,-1,2,2,20,4,998,1,10,FORD FIESTA,7,W01000680,0,3
2024311470952,2024,311470952,1,9,0,-1,19,4,8,-1,0,5,1,0,1,0,4,9,-1,6,1,19,4,1242,1,17,FORD FIESTA,10,E01028222,0,1
2024471427365,2024,471427365,2,9,0,-1,19,1,5,-1,0,1,0,0,0,0,1,1,-1,9,1,82,11,998,1,7,FORD FIESTA,9,E01024808,0,4
2024471417003,2024,471417003,2,9,0,-1,19,1,5,-1,0,1,0,0,0,0,1,1,-1,2,1,57,9,-1,-1,-1,FORD FIESTA,5,E01016898,0,4
2024041529260,2024,041529260,2,9,0,-1,9,1,3,-1,0,5,0,0,0,0,3,1,-1,1,1,55,8,1242,1,20,FORD FIESTA,1,E01012707,0,1
2024131408341,2024,131408341,1,9,0,-1,-1,-1,-1,-1,-1,0,-1,-1,-1,-1,-1,1,-1,6,3,-1,-1,1388,1,20,FORD FIESTA,-1,-1,0,-1
2024401495451,2024,401495451,3,9,0,-1,4,7,3,-1,0,0,0,0,0,0,1,1,-1,1,2,62,9,1388,1,14,FORD FIESTA,6,E01033812,0,1
2024221406543,2024,221406543,1,9,0,-1,19,2,5,-1,0,0,0,0,0,0,1,9,-1,6,1,25,5,1242,1,13,FORD FIESTA,3,E01008988,0,4
2024451451812,2024,451451812,1,9,0,-1,19,3,7,-1,0,8,1,0,1,2,1,1,-1,9,1,26,6,1399,2,15,FORD FIESTA,7,E01030520,0,1
2024361497442,2024,361497442,1,9,0,-1,5,4,1,-1,0,4,0,0,0,0,3,1,-1,6,1,22,5,1399,2,14,FORD FIESTA,2,E01026791,0,1
2024052401977,2024,052401977,1,9,0,5,5,2,4,0,0,1,0,0,0,0,1,1,6,6,3,-1,-1,1242,1,18,FORD FIESTA,-1,-1,0,-1
2024991486264,2024,991486264,2,9,0,-1,19,5,1,-1,0,2,1,0,0,0,3,1,-1,9,2,40,7,998,1,9,FORD FIESTA,2,-1,0,1
2024131474681,2024,131474681,1,9,0,-1,4,1,5,-1,0,8,0,4,0,0,1,1,-1,6,1,82,11,998,1,4,FORD FIESTA,7,E01010876,0,1
2024041397744,2024,041397744,1,9,0,-1,19,5,1,-1,0,0,0,0,0,0,1,1,-1,9,1,72,10,1242,1,16,FORD FIESTA,2,E01025101,0,1
2024461506353,2024,461506353,1,9,0,-1,19,6,2,-1,0,0,0,0,1,0,3,1,-1,2,1,19,4,998,1,11,FORD FIESTA,8,E01024053,0,2
2024070969748,2024,070969748,2,9,0,-1,4,2,6,-1,0,6,0,0,0,0,2,1,-1,6,2,40,7,1242,1,8,FORD FIESTA,7,E01012372,0,1
2024501439796,2024,501439796,1,9,0,-1,19,2,6,-1,0,1,0,0,0,0,3,1,-1,2,2,23,5,1242,1,18,FORD FIESTA,3,E01020225,0,3
2024351439769,2024,351439769,1,9,-1,-1,-1,-1,-1,-1,-1,0,-1,-1,-1,0,-1,9,-1,6,1,63,9,1242,1,10,FORD FIESTA,8,E01030117,0,3
2024440075668,2024,440075668,1,9,0,18,19,3,7,0,0,0,0,0,0,0,3,1,6,6,2,72,10,998,1,10,FORD FIESTA,9,E01016308,0,1
2024010517729,2024,010517729,2,9,0,9,9,5,2,0,0,5,0,0,0,0,1,1,6,6,1,53,8,1388,1,13,FORD FIESTA,6,E01001685,0,1
2024451458447,2024,451458447,3,9,0,-1,2,5,1,-1,-1,0,0,0,0,0,2,1,-1,6,-1,-1,-1,1596,1,15,FORD FIESTA,-1,-1,0,-1
2024010550037,2024,010550037,2,9,0,99,99,9,9,99,99,0,9,99,9,99,1,9,6,6,3,-1,-1,998,1,7,FORD FIESTA,-1,-1,0,-1
2024320364329,2024,320364329,2,9,0,3,3,8,4,0,0,0,0,0,0,0,2,1,-1,-1,1,17,4,1242,1,14,FORD FIESTA,-1,-1,0,-1
2024501534585,2024,501534585,1,9,0,-1,19,4,8,-1,0,0,5,0,0,0,1,1,-1,9,2,24,5,1242,1,20,FORD FIESTA,5,E01018785,0,1
2024430260951,2024,430260951,1,9,0,18,19,8,4,0,0,6,0,0,0,0,1,1,1,1,2,24,5,1242,1,19,FORD FIESTA,3,E01022482,0,3
2024440237721,2024,440237721,1,9,0,18,19,5,1,0,0,0,1,0,1,4,1,1,6,6,1,20,4,1496,1,6,FORD FIESTA,9,E01022991,0,3
2024421524533,2024,421524533,2,9,0,-1,19,1,5,-1,0,0,0,0,0,0,2,1,-1,1,1,31,6,-1,-1,-1,FORD FIESTA,3,E01001491,0,3
2024311478601,2024,311478601,1,9,0,-1,19,6,2,-1,0,0,0,0,0,0,4,1,-1,9,1,49,8,1560,2,15,FORD FIESTA,6,E01028236,0,1
2024122500110,2024,122500110,2,9,0,18,19,1,3,0,0,3,0,0,0,0,1,1,2,2,2,18,4,1388,1,15,FORD FIESTA,8,E01027653,0,4
2024552400590,2024,552400590,2,9,0,2,2,0,0,0,0,0,0,4,0,0,1,1,6,6,3,-1,-1,1242,1,13,FORD FIESTA,-1,-1,0,-1
2024461438802,2024,461438802,2,9,0,-1,2,0,0,-1,0,0,0,0,0,0,4,9,-1,9,2,57,9,1388,1,14,FORD FIESTA,3,E01024239,0,1
2024471505599,2024,471505599,1,9,0,-1,4,6,2,-1,0,1,0,0,0,0,2,1,-1,9,2,66,10,1596,1,9,FORD FIESTA,5,E01021120,0,3
2024302400376,2024,302400376,1,9,0,17,19,6,3,0,0,0,2,0,7,11,3,1,6,6,1,18,4,1242,1,15,FORD FIESTA,4,E01005871,0,3
2024010539404,2024,010539404,2,9,0,9,9,9,9,99,99,5,9,99,9,99,9,9,6,6,3,-1,-1,1388,1,18,FORD FIESTA,-1,-1,0,-1
2024411414513,2024,411414513,1,9,0,-1,19,1,5,-1,0,1,0,10,3,0,1,1,-1,9,1,27,6,1242,1,15,FORD FIESTA,6,E01023970,0,1
2024061535661,2024,061535661,1,9,0,-1,9,1,3,-1,0,8,0,0,1,0,1,1,-1,9,1,26,6,998,1,9,FORD FIESTA,10,E01020222,0,5
2024401401630,2024,401401630,1,9,0,-1,4,1,5,-1,0,0,0,0,0,0,1,9,-1,6,2,28,6,999,1,3,FORD FIESTA,9,E01035172,0,5
2024471494028,2024,471494028,2,9,0,-1,19,6,2,-1,0,1,0,0,0,0,3,1,-1,9,2,48,8,1242,1,7,FORD FIESTA,8,E01022955,0,3
2024421489909,2024,421489909,1,9,0,-1,19,1,3,-1,0,0,0,0,0,0,1,1,-1,6,1,34,6,1084,1,6,FORD FIESTA,2,E01021322,0,1
2024010542348,2024,010542348,4,9,0,3,3,7,3,0,0,1,0,4,0,0,2,1,6,6,1,22,5,1242,1,13,FORD FIESTA,2,E01001340,0,1
2024231527743,2024,231527743,2,9,0,-1,4,3,7,-1,0,0,0,0,0,0,2,1,-1,6,1,70,10,1388,1,17,FORD FIESTA,8,E01031125,0,1
2024061403411,2024,061403411,4,9,0,-1,2,0,0,-1,0,0,0,0,0,0,0,1,-1,9,2,19,4,1242,1,13,FORD FIESTA,-1,-1,0,-1
2024471413736,2024,471413736,2,9,0,-1,19,1,5,-1,0,1,0,0,0,0,1,1,-1,6,1,-1,-1,1242,1,20,FORD FIESTA,7,E01020988,0,3
2024451523543,2024,451523543,2,9,0,-1,19,3,7,-1,0,1,0,0,7,0,1,1,-1,9,1,32,6,-1,-1,-1,FORD FIESTA,7,E01030872,0,1
2024311533003,2024,311533003,1,9,0,-1,15,2,2,-1,0,0,0,0,0,0,4,1,-1,2,1,17,4,998,1,7,FORD FIESTA,6,E01033773,0,2
2024122400426,2024,122400426,2,9,0,18,19,1,5,0,0,4,0,0,0,0,3,1,6,6,2,51,8,1388,1,18,FORD FIESTA,10,E01034976,0,3
2024131470937,2024,131470937,1,9,0,-1,19,5,1,-1,0,0,0,0,0,0,1,1,-1,6,1,32,6,1242,1,15,FORD FIESTA,1,E01034583,0,1
2024501535731,2024,501535731,1,9,0,-1,19,3,7,-1,0,0,1,6,0,0,1,1,-1,9,1,17,4,1242,1,18,FORD FIESTA,5,E01018955,0,4
2024010512271,2024,010512271,1,9,0,4,4,7,3,0,0,8,0,0,0,0,2,1,2,2,1,45,7,999,1,3,FORD FIESTA,-1,-1,0,-1
2024991470604,2024,991470604,1,9,0,-1,5,5,3,-1,9,0,0,0,0,0,1,1,-1,9,1,21,5,998,1,1,FORD FIESTA,-1,-1,0,-1
2024211508644,2024,211508644,1,9,0,-1,19,8,4,-1,0,4,0,0,0,0,3,1,-1,6,1,66,10,998,1,10,FORD FIESTA,9,E01029744,0,1
202454C329224,2024,54C329224,2,9,0,18,19,4,8,0,0,0,0,0,0,0,2,1,6,6,2,35,6,1242,1,7,FORD FIESTA,8,E01032067,0,2
202454C323124,2024,54C323124,1,9,0,13,13,2,6,0,0,1,0,0,0,0,4,1,6,6,1,20,4,1242,1,14,FORD FIESTA,9,E01031935,0,1
2024041496415,2024,041496415,1,9,0,-1,19,1,5,-1,0,8,0,0,0,0,3,1,-1,6,2,28,6,1388,1,13,FORD FIESTA,2,E01012677,0,1
2024371455498,2024,371455498,1,9,0,-1,19,3,7,-1,0,0,0,0,0,0,0,1,-1,9,1,18,4,1388,1,15,FORD FIESTA,4,E01030113,0,1
2024520003083,2024,520003083,1,9,0,14,14,5,1,0,0,0,0,8,0,0,4,1,6,6,2,-1,-1,1242,1,17,FORD FIESTA,-1,-1,0,-1