collision_index,collision_year,collision_ref_no,vehicle_reference,vehicle_type,towing_and_articulation,vehicle_manoeuvre_historic,vehicle_manoeuvre,vehicle_direction_from,vehicle_direction_to,vehicle_location_restricted_lane_historic,vehicle_location_restricted_lane,junction_location,skidding_and_overturning,hit_object_in_carriageway,vehicle_leaving_carriageway,hit_object_off_carriageway,first_point_of_impact,vehicle_left_hand_drive,journey_purpose_of_driver_historic,journey_purpose_of_driver,sex_of_driver,age_of_driver,age_band_of_driver,engine_capacity_cc,propulsion_code,age_of_vehicle,generic_make_model,driver_imd_decile,lsoa_of_driver,escooter_flag,driver_distance_banding
2024522402570,2024,522402570,1,9,0,18,19,9,9,0,0,5,0,0,0,0,3,1,6,6,1,19,4,1388,1,18,FORD FIESTA,4,E01014840,0,1
2024411490062,2024,411490062,1,9,0,-1,19,7,3,-1,0,8,1,0,7,0,1,1,-1,1,2,48,8,1499,2,10,FORD FIESTA,4,E01023914,0,1
2024071075221,2024,071075221,2,9,0,-1,3,4,8,-1,0,0,0,0,0,0,2,1,-1,9,1,19,4,999,1,3,FORD FIESTA,10,E01018724,0,3
2024340WN7102,2024,340WN7102,1,9,0,-1,19,5,1,-1,0,0,0,0,0,0,1,1,-1,2,2,49,8,998,1,6,FORD FIESTA,7,E01027162,0,1
2024010517809,2024,010517809,1,9,0,99,99,9,9,99,99,9,9,99,9,99,1,9,6,6,1,56,9,1242,1,17,FORD FIESTA,2,E01002227,0,1
2024302400589,2024,302400589,1,9,0,18,19,7,3,0,0,0,0,4,0,0,1,1,6,6,1,49,8,1388,1,21,FORD FIESTA,8,E01019714,0,2
2024461439143,2024,461439143,1,9,0,-1,19,8,4,-1,0,0,0,0,0,0,4,1,-1,2,2,45,7,1388,1,15,FORD FIESTA,6,E01024830,0,3
2024471510480,2024,471510480,1,9,0,-1,5,3,7,-1,0,0,0,0,0,0,1,1,-1,2,2,22,5,1242,1,16,FORD FIESTA,6,E01015925,0,4
2024070724542,2024,070724542,1,9,0,-1,3,5,2,-1,0,4,0,0,0,0,1,1,-1,6,2,69,10,998,1,7,FORD FIESTA,1,E01012436,0,1
2024340WN3522,2024,340WN3522,2,9,0,-1,7,1,5,-1,0,5,0,0,0,0,4,1,-1,2,1,57,9,1242,1,23,FORD FIESTA,2,E01027195,0,1
2024010518638,2024,010518638,2,9,0,18,19,5,1,0,0,0,0,99,0,0,9,1,6,6,1,-1,-1,1242,1,17,FORD FIESTA,-1,-1,0,-1
2024010531856,2024,010531856,1,9,0,6,6,3,3,0,0,0,0,0,0,0,3,1,6,6,1,26,6,1388,1,14,FORD FIESTA,9,E01021804,0,3
2024052401658,2024,052401658,1,9,0,9,9,6,4,0,0,8,0,0,0,0,1,1,6,6,1,66,10,1242,1,8,FORD FIESTA,3,E01006743,0,1
2024991453406,2024,991453406,1,9,0,-1,19,2,6,-1,0,1,0,0,0,0,4,1,-1,6,1,56,9,-1,-1,-1,FORD FIESTA,8,-1,0,2
2024421402502,2024,421402502,1,9,0,-1,8,3,5,-1,0,1,0,0,0,0,1,1,-1,6,1,32,6,1388,1,20,FORD FIESTA,9,E01021280,0,1
2024430281319,2024,430281319,1,9,0,18,19,8,4,0,0,1,0,0,0,0,1,1,6,6,2,20,4,1388,1,14,FORD FIESTA,5,E01017903,0,1
2024461509977,2024,461509977,2,9,0,-1,19,7,3,-1,0,8,0,0,0,0,1,1,-1,6,2,18,4,1388,1,12,FORD FIESTA,9,E01016172,0,1
2024010500629,2024,010500629,1,9,0,18,19,1,5,0,0,1,0,0,0,0,1,1,6,6,1,70,10,1388,1,13,FORD FIESTA,5,E01003715,0,1
2024311513639,2024,311513639,4,9,0,-1,19,8,4,-1,0,0,0,0,0,0,1,1,-1,2,1,21,5,1242,1,11,FORD FIESTA,2,E01013852,0,3
2024071050687,2024,071050687,2,9,0,-1,19,1,5,-1,0,0,0,0,0,0,1,1,-1,6,1,21,5,1242,1,13,FORD FIESTA,2,E01018730,0,3
2024991458584,2024,991458584,2,9,0,-1,10,7,5,-1,0,5,0,0,0,0,3,1,-1,9,1,18,4,1084,1,6,FORD FIESTA,8,-1,0,1
2024031475344,2024,031475344,1,9,0,-1,5,5,3,-1,0,1,0,0,0,0,1,1,-1,6,1,35,6,1242,1,14,FORD FIESTA,10,E01019251,0,1
2024010515680,2024,010515680,2,9,0,5,5,3,7,0,0,3,0,0,0,0,1,1,6,6,1,59,9,1242,1,9,FORD FIESTA,10,E01002317,0,1
2024340NN3062,2024,340NN3062,1,9,0,-1,19,7,3,-1,0,1,0,0,0,0,1,1,-1,2,1,18,4,998,1,11,FORD FIESTA,7,E01032967,0,1
2024101451683,2024,101451683,1,9,0,-1,19,4,8,-1,0,8,0,0,0,0,1,1,-1,9,2,85,11,1388,1,14,FORD FIESTA,5,E01008643,0,1
2024622400758,2024,622400758,1,9,0,17,19,5,2,0,0,0,0,0,2,4,1,1,6,6,2,27,6,1560,2,13,FORD FIESTA,4,W01001964,0,2
2024991534714,2024,991534714,1,9,0,-1,19,7,3,-1,0,6,0,0,0,0,1,1,-1,9,2,61,9,999,1,4,FORD FIESTA,1,-1,0,1
2024010542914,2024,010542914,1,9,0,18,19,7,3,0,0,0,5,4,0,0,3,1,6,6,2,32,6,1242,1,9,FORD FIESTA,1,E01003318,0,1
2024361467852,2024,361467852,1,9,0,-1,19,1,7,-1,0,0,0,10,0,0,4,1,-1,9,1,23,5,1242,1,13,FORD FIESTA,2,E01000076,0,5
2024201427429,2024,201427429,1,9,0,-1,19,3,6,-1,0,0,0,0,0,0,1,9,-1,9,1,21,5,1242,1,14,FORD FIESTA,3,E01009792,0,1
2024041459497,2024,041459497,2,9,0,-1,19,1,5,-1,0,0,5,0,0,0,2,1,-1,9,2,23,5,1242,1,10,FORD FIESTA,9,E01025512,0,1
2024311425966,2024,311425966,2,9,0,-1,2,4,2,-1,0,0,0,0,1,2,4,1,-1,6,-1,-1,-1,1242,1,13,FORD FIESTA,-1,-1,0,-1
2024371405784,2024,371405784,1,9,0,-1,19,1,5,-1,0,0,0,0,1,4,3,1,-1,6,1,18,4,1388,1,16,FORD FIESTA,7,E01030096,0,1
2024440032626,2024,440032626,1,9,0,18,19,8,4,0,0,1,0,0,0,0,1,1,6,6,1,21,5,1388,1,18,FORD FIESTA,5,E01017355,0,4
2024031418067,2024,031418067,1,9,0,-1,19,3,1,-1,0,1,0,0,0,0,1,1,-1,6,2,33,6,1388,1,20,FORD FIESTA,-1,-1,0,-1
2024041436824,2024,041436824,1,9,0,-1,19,8,2,-1,0,0,0,0,1,7,4,1,-1,9,1,36,7,1596,1,10,FORD FIESTA,9,E01024966,0,4
2024101414048,2024,101414048,3,9,0,-1,3,5,1,-1,0,0,0,0,0,0,4,1,-1,6,2,48,8,998,1,9,FORD FIESTA,8,E01035628,0,2
2024552400279,2024,552400279,1,9,0,5,5,7,3,5,5,6,0,0,0,0,1,1,6,6,2,55,8,1388,1,14,FORD FIESTA,3,E01020551,0,1
2024522500070,2024,522500070,1,9,0,3,3,4,8,0,0,0,0,0,0,0,2,1,6,6,1,60,9,1242,1,9,FORD FIESTA,9,E01014872,0,1
2024101520934,2024,101520934,2,9,0,-1,19,8,5,-1,0,1,0,0,0,0,1,1,-1,2,1,50,8,998,1,10,FORD FIESTA,1,E01027363,0,4
2024471440049,2024,471440049,2,9,0,-1,19,8,2,-1,0,0,0,0,0,0,1,1,-1,6,2,38,7,1242,1,16,FORD FIESTA,8,E01031821,0,1
2024501438518,2024,501438518,1,9,0,-1,19,1,6,-1,0,0,2,0,0,0,4,1,-1,9,1,20,4,1388,1,17,FORD FIESTA,10,E01019943,0,3
2024440211802,2024,440211802,1,9,0,18,19,4,8,0,0,8,0,0,0,0,3,1,6,6,2,42,7,1499,2,9,FORD FIESTA,2,E01031981,0,4
2024610005124,2024,610005124,2,9,0,4,4,2,6,0,0,0,0,0,0,0,2,1,6,6,1,34,6,1388,1,15,FORD FIESTA,10,E01014912,0,4
2024041450506,2024,041450506,1,9,0,-1,19,1,1,-1,0,0,0,0,0,0,1,1,-1,6,1,24,5,998,1,10,FORD FIESTA,4,E01012664,0,2
2024010548046,2024,010548046,2,9,0,9,9,1,7,0,0,1,0,0,0,0,1,1,6,6,1,22,5,998,1,9,FORD FIESTA,3,E01004167,0,2
2024991493007,2024,991493007,1,9,0,-1,5,5,3,-1,0,6,0,0,0,0,1,1,-1,2,1,39,7,1560,2,15,FORD FIESTA,-1,-1,0,-1
2024451532344,2024,451532344,3,9,0,-1,20,0,0,-1,-1,7,0,0,0,0,1,1,-1,9,2,60,9,998,1,9,FORD FIESTA,6,E01030765,0,1
2024430227364,2024,430227364,2,9,0,18,19,1,5,0,0,4,0,0,0,0,1,1,6,6,3,-1,-1,1242,1,7,FORD FIESTA,-1,-1,0,-1
2024031395314,2024,031395314,1,9,0,-1,19,3,6,-1,0,0,5,10,1,11,1,9,-1,9,1,17,4,998,1,7,FORD FIESTA,2,E01019166,0,2
2024531465288,2024,531465288,1,9,0,-1,2,0,0,-1,0,0,0,0,0,0,3,1,-1,6,2,30,6,1242,1,13,FORD FIESTA,2,E01034331,0,4
2024320746097,2024,320746097,1,9,0,-1,-1,5,1,0,0,1,0,0,0,0,1,1,-1,-1,2,22,5,998,1,10,FORD FIESTA,-1,-1,0,-1
2024332400691,2024,332400691,1,9,0,-1,19,1,5,-1,0,0,0,0,0,0,1,1,-1,9,2,18,4,998,1,8,FORD FIESTA,7,E01025910,0,1
2024061488167,2024,061488167,3,9,0,-1,19,1,4,-1,0,1,0,0,0,0,2,1,-1,2,2,35,6,1242,1,10,FORD FIESTA,10,E01006395,0,1
2024461530109,2024,461530109,1,9,0,-1,19,1,6,-1,0,2,0,4,0,0,1,2,-1,9,2,42,7,1399,2,14,FORD FIESTA,3,E01035295,0,1
2024141506655,2024,141506655,1,9,0,-1,9,5,1,-1,0,1,0,6,0,0,1,1,-1,6,1,56,9,1242,1,10,FORD FIESTA,1,E01007718,0,1
2024440012643,2024,440012643,1,9,0,18,19,2,6,0,0,0,5,0,4,6,3,1,6,6,1,48,8,1388,1,15,FORD FIESTA,8,E01015297,0,4
2024471516987,2024,471516987,1,9,0,-1,9,3,1,-1,0,0,0,0,0,0,3,1,-1,9,2,59,9,1388,1,13,FORD FIESTA,6,E01031709,0,4
2024131405413,2024,131405413,1,9,0,-1,9,3,5,-1,0,8,0,7,7,1,4,1,-1,9,2,67,10,999,1,3,FORD FIESTA,1,E01011471,0,1
2024471452196,2024,471452196,2,9,0,-1,9,3,1,-1,0,8,0,0,0,0,1,1,-1,9,2,23,5,999,1,4,FORD FIESTA,10,E01035339,0,1
2024201432928,2024,201432928,2,9,0,-1,19,6,2,-1,0,0,0,0,0,0,4,9,-1,6,2,35,6,998,1,10,FORD FIESTA,1,E01009507,0,2
2024440551953,2024,440551953,1,9,0,18,19,3,7,0,0,0,0,0,0,0,1,1,6,6,1,24,5,1084,1,6,FORD FIESTA,4,E01017192,0,1
2024101501838,2024,101501838,1,9,0,-1,19,5,1,-1,0,0,0,0,0,0,3,1,-1,9,1,20,4,1596,1,13,FORD FIESTA,-1,-1,0,-1
2024371477650,2024,371477650,2,9,0,-1,19,2,6,-1,0,8,0,0,0,0,3,1,-1,9,1,40,7,1596,1,15,FORD FIESTA,4,E01030257,0,1
2024440034129,2024,440034129,2,9,0,4,4,5,1,0,0,0,0,0,0,0,3,1,6,6,1,53,8,1399,2,12,FORD FIESTA,3,E01023091,0,1
2024501525697,2024,501525697,1,9,0,-1,19,8,4,-1,0,0,0,0,0,0,3,1,-1,9,1,50,8,1399,2,13,FORD FIESTA,2,E01018751,0,2
2024061457590,2024,061457590,1,9,0,-1,14,0,4,-1,0,0,0,0,0,0,1,9,-1,6,3,-1,-1,998,1,8,FORD FIESTA,-1,-1,0,-1
2024332400531,2024,332400531,1,9,0,-1,7,4,6,-1,0,6,5,0,1,1,1,1,-1,9,1,28,6,998,1,5,FORD FIESTA,8,E01025913,0,1
2024610010424,2024,610010424,1,9,0,18,19,5,1,0,0,8,0,0,0,0,1,1,6,6,2,19,4,1242,1,13,FORD FIESTA,5,W01001980,0,2
2024041406607,2024,041406607,1,9,0,-1,19,1,5,-1,0,0,0,0,0,0,3,1,-1,9,2,49,8,1242,1,21,FORD FIESTA,1,E01012673,0,2
2024161485601,2024,161485601,1,9,0,-1,19,7,3,-1,0,8,5,2,0,0,1,1,-1,9,1,28,6,1242,1,15,FORD FIESTA,3,E01012868,0,1
2024311496778,2024,311496778,1,9,0,-1,9,7,5,-1,0,5,0,0,0,0,1,1,-1,6,2,19,4,1242,1,15,FORD FIESTA,-1,-1,0,-1
2024421485217,2024,421485217,1,9,0,-1,5,1,5,-1,0,4,0,0,0,0,3,1,-1,9,2,51,8,998,1,6,FORD FIESTA,5,E01022014,0,3
2024401538508,2024,401538508,2,9,-1,-1,-1,-1,-1,-1,-1,0,-1,-1,-1,0,2,9,-1,9,2,36,7,1242,1,14,FORD FIESTA,6,E01002005,0,4
2024201457745,2024,201457745,2,9,0,-1,19,7,3,-1,0,2,0,0,0,0,1,1,-1,6,1,19,4,998,1,8,FORD FIESTA,4,W01000085,0,5
2024311512079,2024,311512079,1,9,0,-1,19,2,6,-1,0,8,0,0,0,0,3,1,-1,6,1,17,4,998,1,1,FORD FIESTA,7,E01013902,0,1
2024520401515,2024,520401515,1,9,0,18,19,3,5,0,0,8,2,9,1,9,1,1,6,6,1,18,4,1388,1,20,FORD FIESTA,5,E01029125,0,1
2024451508235,2024,451508235,3,9,0,-1,3,5,1,-1,0,2,0,0,0,0,1,1,-1,6,1,30,6,1242,1,8,FORD FIESTA,-1,-1,0,-1
2024501498770,2024,501498770,2,9,0,-1,4,3,7,-1,0,0,0,0,0,0,2,1,-1,6,2,47,8,1242,1,10,FORD FIESTA,8,E01033232,0,1
2024421508256,2024,421508256,2,9,0,-1,19,2,6,-1,0,0,0,0,0,0,1,1,-1,9,2,19,4,1242,1,16,FORD FIESTA,6,E01021344,0,1
2024141405742,2024,141405742,1,9,0,-1,19,7,3,-1,0,1,0,0,0,0,1,1,-1,9,1,21,5,1242,1,16,FORD FIESTA,5,E01027123,0,5
2024461464256,2024,461464256,1,9,0,-1,9,2,4,-1,9,1,0,0,1,10,4,1,-1,6,1,23,5,998,1,10,FORD FIESTA,4,E01024293,0,2
2024461453256,2024,461453256,2,9,0,-1,3,7,3,-1,0,1,0,0,0,0,2,1,-1,9,1,24,5,1388,1,15,FORD FIESTA,5,E01024532,0,2
2024461426449,2024,461426449,1,9,0,-1,19,4,3,-1,0,2,0,0,0,0,1,9,-1,6,2,43,7,1084,1,6,FORD FIESTA,3,E01024669,0,2
202454E197924,2024,54E197924,1,9,0,12,12,3,7,0,0,0,0,0,0,0,1,1,6,6,2,35,6,1242,1,15,FORD FIESTA,5,E01022227,0,4
2024501446625,2024,501446625,1,9,0,-1,19,5,1,-1,0,0,0,0,0,0,1,1,-1,9,2,24,5,1596,1,12,FORD FIESTA,3,E01015204,0,4
2024041524167,2024,041524167,1,9,0,-1,19,5,1,-1,0,0,0,0,1,1,1,1,-1,9,1,55,8,1242,1,21,FORD FIESTA,1,E01006357,0,4
2024201413249,2024,201413249,2,9,0,-1,3,6,2,-1,0,0,0,0,0,0,2,1,-1,6,2,28,6,999,1,4,FORD FIESTA,9,E01009416,0,2
2024201482642,2024,201482642,1,9,0,-1,9,8,6,-1,0,5,0,0,0,0,3,1,-1,9,2,86,11,1388,1,15,FORD FIESTA,3,E01009045,0,1
2024302500223,2024,302500223,1,9,0,-1,9,2,7,-1,0,8,0,0,7,0,3,1,-1,9,2,21,5,1242,1,10,FORD FIESTA,9,E01019597,0,2
2024411443661,2024,411443661,1,9,0,-1,5,5,1,-1,0,0,0,0,0,0,1,1,-1,9,1,40,7,1399,2,15,FORD FIESTA,9,E01021795,0,3
2024461517346,2024,461517346,1,9,0,-1,19,3,1,-1,0,1,0,4,0,0,1,1,-1,9,2,18,4,1388,1,18,FORD FIESTA,5,E01016178,0,1
2024440006902,2024,440006902,1,9,0,18,19,8,4,0,0,0,0,0,0,0,1,1,2,2,1,20,4,1388,1,17,FORD FIESTA,1,E01022905,0,2
2024471480592,2024,471480592,3,9,0,-1,4,6,2,-1,0,1,5,0,0,0,1,1,-1,9,1,23,5,1242,1,16,FORD FIESTA,9,E01021208,0,1
2024320365084,2024,320365084,2,9,0,-1,-1,6,2,0,0,8,1,0,0,0,1,1,1,1,2,30,6,998,1,6,FORD FIESTA,6,E01026380,0,1
2024070148765,2024,070148765,1,9,0,13,13,7,3,0,0,0,0,0,0,0,1,1,2,2,1,23,5,1596,1,9,FORD FIESTA,2,E01012431,0,1
2024471468939,2024,471468939,3,9,0,-1,19,4,8,-1,0,1,0,0,0,0,2,1,-1,2,2,24,5,1242,1,10,FORD FIESTA,8,E01016929,0,4
2024041458870,2024,041458870,1,9,0,-1,19,7,3,-1,0,1,0,0,0,0,1,1,-1,6,2,36,7,1242,1,18,FORD FIESTA,3,E01033072,0,2
2024061442422,2024,061442422,1,9,0,-1,4,7,4,-1,0,2,0,0,0,0,1,1,-1,6,1,77,11,1388,1,15,FORD FIESTA,-1,-1,0,-1
2024552400383,2024,552400383,2,9,0,9,9,6,3,0,0,5,0,0,0,0,3,1,6,6,2,56,9,998,1,6,FORD FIESTA,9,E01015316,0,1
2024211436321,2024,211436321,1,9,0,-1,19,7,3,-1,0,0,0,0,0,0,1,1,-1,6,2,73,10,998,1,8,FORD FIESTA,7,E01029806,0,2
2024061459646,2024,061459646,1,9,0,-1,9,2,6,-1,0,1,0,0,0,0,4,1,-1,9,1,37,7,1242,1,13,FORD FIESTA,1,E01033330,0,1
2024201526531,2024,201526531,2,9,0,-1,4,6,2,-1,0,0,0,0,0,0,2,1,-1,9,2,74,10,1084,1,7,FORD FIESTA,1,E01009130,0,1
2024631440834,2024,631440834,1,9,0,-1,19,2,6,-1,0,0,0,0,0,0,1,1,-1,6,1,17,4,1388,1,20,FORD FIESTA,9,W01000549,0,2
2024451458902,2024,451458902,2,9,0,-1,1,7,3,-1,99,0,0,0,0,0,2,1,-1,6,2,32,6,1242,1,18,FORD FIESTA,-1,-1,0,-1
2024201503220,2024,201503220,2,9,0,-1,7,4,6,-1,0,5,0,0,0,0,4,1,-1,6,1,20,4,1242,1,15,FORD FIESTA,2,E01034745,0,1
2024070150838,2024,070150838,2,9,0,18,19,1,5,0,0,1,0,0,0,0,4,1,6,6,1,28,6,998,1,5,FORD FIESTA,8,E01018424,0,1
2024111423371,2024,111423371,2,9,0,-1,2,0,0,-1,0,0,0,0,0,0,4,1,-1,9,1,68,10,1084,1,4,FORD FIESTA,3,E01020856,0,2
2024111473979,2024,111473979,1,9,0,-1,19,4,8,-1,0,1,1,0,0,0,1,1,-1,9,2,17,4,998,1,11,FORD FIESTA,5,E01020864,0,2
2024411517670,2024,411517670,1,9,0,-1,19,1,5,-1,0,0,0,0,0,0,1,1,-1,6,1,25,5,1242,1,14,FORD FIESTA,4,E01015993,0,4
2024371420875,2024,371420875,2,9,0,-1,9,8,6,-1,0,8,0,0,0,0,3,1,-1,9,2,30,6,1242,1,12,FORD FIESTA,3,E01030109,0,1
2024231482492,2024,231482492,1,9,0,-1,19,2,6,-1,0,8,0,0,0,0,4,1,-1,6,1,54,8,1242,1,16,FORD FIESTA,9,E01029822,0,1
2024520500100,2024,520500100,2,9,0,10,10,7,2,0,0,0,0,0,0,0,2,1,6,6,2,52,8,1388,1,16,FORD FIESTA,7,E01029056,0,2
2024302401474,2024,302401474,1,9,0,18,19,5,1,0,0,0,5,10,1,0,4,1,2,2,1,31,6,1399,2,17,FORD FIESTA,1,E01019488,0,1
2024991483531,2024,991483531,1,9,0,-1,19,7,3,-1,0,0,0,0,0,0,1,1,-1,9,1,19,4,1560,2,10,FORD FIESTA,5,-1,0,1
2024411408836,2024,411408836,2,9,0,-1,19,-1,-1,-1,0,3,1,0,0,0,4,9,-1,2,1,20,4,1388,1,21,FORD FIESTA,7,E01023382,0,1
2024311452122,2024,311452122,2,9,0,-1,3,5,1,-1,0,0,0,0,0,0,2,1,-1,6,1,30,6,1496,1,5,FORD FIESTA,-1,-1,0,-1
202460Q023597,2024,60Q023597,1,9,0,7,7,3,5,0,0,1,0,0,1,11,1,1,6,6,1,42,7,1560,2,14,FORD FIESTA,-1,-1,0,-1
2024451419600,2024,451419600,1,9,0,-1,5,1,5,-1,9,0,1,0,2,11,1,1,-1,9,2,19,4,998,1,11,FORD FIESTA,9,E01030820,0,3
2024061480342,2024,061480342,1,9,0,-1,11,5,1,-1,0,0,0,0,0,0,3,1,-1,2,1,36,7,1399,2,15,FORD FIESTA,1,E01005223,0,3
2024461531442,2024,461531442,1,9,0,-1,19,3,7,-1,0,0,0,0,0,0,1,1,-1,2,1,34,6,-1,-1,-1,FORD FIESTA,5,E01024703,0,3
2024010507757,2024,010507757,2,9,0,5,5,9,9,99,99,0,9,99,9,99,9,9,6,6,3,-1,-1,1242,1,12,FORD FIESTA,-1,-1,0,-1
2024401531775,2024,401531775,2,9,0,-1,19,1,5,-1,0,0,0,0,0,0,2,1,-1,6,1,31,6,1388,1,18,FORD FIESTA,2,E01015774,0,1
2024041461668,2024,041461668,2,9,0,-1,19,1,1,-1,0,1,0,4,0,0,4,1,-1,7,2,56,9,998,1,8,FORD FIESTA,4,E01025212,0,1
2024421538145,2024,421538145,1,9,0,-1,5,5,1,-1,0,4,0,0,0,0,1,1,-1,6,1,66,10,998,1,9,FORD FIESTA,10,E01021480,0,1
2024522401234,2024,522401234,1,9,0,9,9,2,8,0,0,5,0,0,0,0,1,1,6,6,2,34,6,1242,1,19,FORD FIESTA,9,E01026321,0,5
2024471479759,2024,471479759,1,9,0,-1,9,6,3,-1,0,8,0,0,0,0,1,1,-1,2,1,43,7,1596,1,18,FORD FIESTA,3,E01016921,0,2
2024041499946,2024,041499946,2,9,0,-1,19,3,7,-1,0,1,0,4,0,0,1,1,-1,9,2,48,8,998,1,6,FORD FIESTA,3,E01024926,0,1
2024340NN2582,2024,340NN2582,3,9,0,-1,19,5,1,-1,0,1,0,0,0,0,1,1,-1,6,1,55,8,-1,-1,-1,FORD FIESTA,4,E01032971,0,3
2024421407783,2024,421407783,1,9,0,-1,4,3,7,-1,0,1,0,0,0,0,1,1,-1,9,1,21,5,1084,1,7,FORD FIESTA,4,E01015891,0,1
2024161515061,2024,161515061,2,9,0,-1,19,1,5,-1,0,0,0,0,0,0,1,1,-1,6,2,25,5,1242,1,14,FORD FIESTA,1,E01012761,0,1
2024421456235,2024,421456235,1,9,0,-1,19,3,7,-1,0,4,0,0,0,0,1,1,-1,2,2,32,6,1084,1,5,FORD FIESTA,3,E01021321,0,1
2024041398250,2024,041398250,2,9,0,-1,9,8,2,-1,0,5,0,0,0,0,2,1,-1,2,2,24,5,998,1,6,FORD FIESTA,1,E01025046,0,1
2024131478207,2024,131478207,2,9,0,-1,2,0,0,-1,-1,0,0,0,1,0,2,1,-1,6,-1,-1,-1,998,1,7,FORD FIESTA,-1,-1,0,-1
2024991456236,2024,991456236,1,9,0,-1,19,6,2,-1,0,0,5,0,2,0,1,1,-1,9,2,83,11,998,1,6,FORD FIESTA,8,-1,0,5
2024061445739,2024,061445739,1,9,0,-1,15,3,7,-1,0,8,0,0,0,0,2,1,-1,2,2,23,5,998,1,9,FORD FIESTA,4,E01005957,0,1
2024351476845,2024,351476845,2,9,0,-1,-1,-1,-1,-1,-1,0,-1,-1,-1,0,1,9,-1,2,2,25,5,1496,1,5,FORD FIESTA,10,E01018013,0,2
2024440131140,2024,440131140,2,9,0,18,19,7,3,0,0,8,0,0,0,0,1,1,6,6,1,22,5,998,1,6,FORD FIESTA,7,E01017285,0,2
2024471527989,2024,471527989,2,9,0,-1,19,6,2,-1,0,1,0,0,0,0,1,1,-1,6,2,18,4,1596,1,12,FORD FIESTA,9,E01031655,0,1
2024061407948,2024,061407948,1,9,0,-1,19,1,1,-1,0,1,0,0,0,0,1,2,-1,6,3,30,6,1560,2,14,FORD FIESTA,-1,-1,0,-1
2024440160207,2024,440160207,1,9,0,4,4,2,6,0,0,1,0,0,0,0,2,1,6,6,2,36,7,1388,1,13,FORD FIESTA,9,E01022667,0,2
2024061433444,2024,061433444,1,9,-1,-1,-1,-1,-1,-1,-1,0,-1,-1,-1,0,-1,9,-1,6,3,63,9,1084,1,6,FORD FIESTA,-1,-1,0,-1
2024461487782,2024,461487782,1,9,0,-1,19,7,3,-1,0,0,0,0,0,0,1,1,-1,9,1,29,6,998,1,10,FORD FIESTA,4,E01024842,0,1
2024471513521,2024,471513521,2,9,0,-1,19,2,6,-1,0,8,0,0,0,0,4,1,-1,6,2,36,7,998,1,9,FORD FIESTA,7,E01031423,0,1
2024131417466,2024,131417466,1,9,0,-1,2,7,1,-1,0,1,0,0,0,0,2,1,-1,2,2,50,8,1399,2,12,FORD FIESTA,9,E01011117,0,4
2024201401800,2024,201401800,2,9,0,-1,19,7,1,-1,0,8,1,0,0,0,4,1,-1,1,1,25,5,1388,1,12,FORD FIESTA,1,E01034949,0,3
2024421519617,2024,421519617,1,9,0,-1,9,7,5,-1,0,8,0,0,0,0,1,1,-1,6,1,23,5,1242,1,13,FORD FIESTA,5,E01021489,0,2
2024531460807,2024,531460807,1,9,0,-1,12,7,3,-1,0,0,0,0,0,0,1,1,-1,9,1,24,5,1596,1,11,FORD FIESTA,8,-1,0,5
2024991492035,2024,991492035,1,9,0,-1,19,5,1,-1,0,0,0,0,0,0,1,1,-1,9,1,21,5,998,1,0,FORD FIESTA,-1,-1,0,-1
2024371547336,2024,371547336,2,9,0,-1,19,1,5,-1,0,0,0,0,1,10,2,1,-1,6,2,60,9,998,1,9,FORD FIESTA,8,E01017546,0,4
2024461402789,2024,461402789,2,9,0,-1,19,3,7,-1,0,1,0,0,0,0,4,9,-1,6,1,31,6,1242,1,14,FORD FIESTA,5,E01033091,0,3
2024061489330,2024,061489330,1,9,0,-1,9,4,1,-1,0,6,0,0,0,0,1,1,-1,9,2,22,5,1242,1,7,FORD FIESTA,2,E01006029,0,1
2024631432427,2024,631432427,1,9,0,-1,19,2,5,-1,0,0,1,0,8,10,3,1,-1,9,2,18,4,1399,2,16,FORD FIESTA,3,W01000965,0,3
2024061507772,2024,061507772,2,9,0,-1,10,-1,-1,-1,0,1,0,0,0,0,1,1,-1,6,3,-1,-1,1388,1,12,FORD FIESTA,-1,-1,0,-1
2024201499993,2024,201499993,2,9,0,-1,19,4,8,-1,0,2,0,0,0,0,2,1,-1,6,1,20,4,1560,2,15,FORD FIESTA,1,E01033890,0,1
2024421461435,2024,421461435,1,9,0,-1,19,6,8,-1,0,8,2,0,3,0,1,1,-1,9,1,18,4,1560,2,15,FORD FIESTA,3,E01022050,0,3
2024131462221,2024,131462221,1,9,0,-1,19,3,3,-1,0,0,0,0,0,0,1,1,-1,9,1,76,11,1388,1,13,FORD FIESTA,5,E01011798,0,1
2024480544321,2024,480544321,1,9,0,18,19,3,7,2,2,9,0,99,9,99,9,9,6,6,1,56,9,1388,1,20,FORD FIESTA,5,E01021492,0,4
2024010542379,2024,010542379,1,9,0,18,19,1,5,0,0,8,0,0,0,0,4,1,6,6,1,21,5,1596,1,14,FORD FIESTA,5,E01004388,0,1
2024451455958,2024,451455958,1,9,0,-1,12,7,3,-1,0,0,0,0,0,0,3,1,-1,2,1,27,6,1496,1,6,FORD FIESTA,7,E01030423,0,1