collision_index,collision_year,collision_ref_no,vehicle_reference,vehicle_type,towing_and_articulation,vehicle_manoeuvre_historic,vehicle_manoeuvre,vehicle_direction_from,vehicle_direction_to,vehicle_location_restricted_lane_historic,vehicle_location_restricted_lane,junction_location,skidding_and_overturning,hit_object_in_carriageway,vehicle_leaving_carriageway,hit_object_off_carriageway,first_point_of_impact,vehicle_left_hand_drive,journey_purpose_of_driver_historic,journey_purpose_of_driver,sex_of_driver,age_of_driver,age_band_of_driver,engine_capacity_cc,propulsion_code,age_of_vehicle,generic_make_model,driver_imd_decile,lsoa_of_driver,escooter_flag,driver_distance_banding
2024010540260,2024,010540260,4,9,0,12,12,7,3,0,0,0,1,0,0,0,1,1,6,6,1,21,5,1242,1,16,FORD FIESTA,4,E01004331,0,1
2024161498334,2024,161498334,1,9,0,-1,19,4,8,-1,0,1,0,0,0,0,1,1,-1,9,1,18,4,1388,1,13,FORD FIESTA,6,E01013007,0,2
2024451396137,2024,451396137,3,9,0,-1,19,3,7,-1,0,0,0,0,0,0,1,1,-1,9,1,32,6,998,1,9,FORD FIESTA,3,E01001700,0,4
2024451438875,2024,451438875,2,9,0,-1,7,7,1,-1,0,1,0,0,0,0,1,1,-1,9,1,91,11,998,1,7,FORD FIESTA,7,E01030722,0,1
2024440502213,2024,440502213,1,9,0,18,19,2,6,0,0,0,0,0,1,0,1,1,6,6,1,68,10,1388,1,13,FORD FIESTA,8,E01023280,0,2
2024320059595,2024,320059595,1,9,0,-1,-1,6,2,0,0,1,0,0,0,0,1,1,-1,-1,1,29,6,1596,1,14,FORD FIESTA,8,E01026185,0,1
2024471471922,2024,471471922,1,9,0,-1,19,3,7,-1,0,0,0,0,0,0,3,1,-1,6,1,-1,-1,1299,1,25,FORD FIESTA,-1,-1,0,-1
2024201470251,2024,201470251,1,9,0,-1,19,7,3,-1,0,6,0,0,0,0,1,1,-1,2,2,21,5,1242,1,10,FORD FIESTA,2,E01010092,0,3
2024010514558,2024,010514558,2,9,0,18,19,5,1,0,0,0,0,0,0,0,1,1,2,2,1,72,10,998,1,11,FORD FIESTA,3,E01000082,0,1
2024451460175,2024,451460175,2,9,0,-1,19,5,8,-1,99,1,0,0,0,0,1,1,-1,6,1,24,5,1242,1,15,FORD FIESTA,7,E01030431,0,2
2024430570886,2024,430570886,2,9,0,18,19,6,2,0,0,0,1,0,0,0,1,1,6,6,2,19,4,1242,1,19,FORD FIESTA,9,E01017719,0,2
2024991512557,2024,991512557,2,9,0,-1,19,4,8,-1,0,8,0,0,0,0,1,1,-1,9,2,48,8,1242,1,17,FORD FIESTA,1,-1,0,1
2024622400149,2024,622400149,1,9,0,18,19,2,6,0,0,0,0,0,0,0,4,1,6,6,2,27,6,1399,2,13,FORD FIESTA,4,W01000749,0,1
2024010520356,2024,010520356,6,9,0,18,19,7,3,0,0,2,0,0,0,0,1,1,6,6,2,20,4,998,1,7,FORD FIESTA,8,E01004293,0,3
2024332400786,2024,332400786,1,9,0,-1,19,6,2,-1,0,2,1,10,4,10,3,1,-1,6,1,20,4,1242,1,14,FORD FIESTA,8,E01035093,0,2
2024471444299,2024,471444299,1,9,0,-1,19,7,3,-1,0,0,0,12,0,0,1,1,-1,2,1,30,6,1596,1,8,FORD FIESTA,10,E01035350,0,2
2024041432440,2024,041432440,1,9,0,-1,19,6,2,-1,0,0,0,0,0,0,4,1,-1,9,2,37,7,998,1,5,FORD FIESTA,9,E01025467,0,1
2024041405398,2024,041405398,2,9,0,-1,19,1,5,-1,0,1,0,0,0,0,3,1,-1,9,1,19,4,1560,2,12,FORD FIESTA,7,E01025565,0,1
2024141478108,2024,141478108,1,9,0,-1,19,6,2,-1,0,0,0,0,7,11,1,1,-1,9,1,20,4,998,1,11,FORD FIESTA,2,E01007517,0,1
2024201510492,2024,201510492,2,9,0,-1,19,2,6,-1,0,0,0,4,0,0,4,1,-1,6,1,61,9,1399,2,15,FORD FIESTA,6,E01009925,0,1
2024201439177,2024,201439177,1,9,0,-1,7,4,7,-1,0,5,0,0,0,0,3,1,-1,2,1,20,4,1596,1,13,FORD FIESTA,1,E01009026,0,1
2024421397396,2024,421397396,2,9,0,-1,19,3,3,-1,0,6,0,0,0,0,1,9,-1,2,1,58,9,998,1,8,FORD FIESTA,9,E01021479,0,4
2024131509442,2024,131509442,1,9,0,-1,19,1,1,-1,0,8,1,0,0,0,3,1,-1,9,2,33,6,1242,1,21,FORD FIESTA,1,E01032500,0,1
2024231409743,2024,231409743,1,9,0,-1,1,2,6,-1,0,6,0,0,0,0,2,1,-1,2,2,42,7,1242,1,20,FORD FIESTA,8,E01031149,0,2
2024522401445,2024,522401445,3,9,0,18,19,6,2,0,0,1,0,0,0,0,2,1,6,6,3,-1,-1,-1,-1,-1,FORD FIESTA,-1,-1,0,-1
2024501413967,2024,501413967,1,9,0,-1,19,5,2,-1,0,0,2,10,2,7,4,1,-1,9,1,26,6,1242,1,17,FORD FIESTA,7,E01020206,0,2
2024991414058,2024,991414058,1,9,0,-1,19,8,4,-1,0,1,1,0,0,0,1,1,-1,6,2,28,6,1242,1,11,FORD FIESTA,4,-1,0,2
2024631495963,2024,631495963,1,9,0,-1,19,2,6,-1,0,0,0,0,0,0,1,1,-1,7,1,29,6,1242,1,17,FORD FIESTA,9,W01002000,0,1
2024411512296,2024,411512296,1,9,0,-1,19,3,7,-1,0,0,0,0,0,0,4,1,-1,1,1,42,7,1242,1,17,FORD FIESTA,9,E01023352,0,1
2024122500118,2024,122500118,2,9,0,4,4,6,2,0,0,0,0,0,0,0,1,1,6,6,1,81,11,1242,1,11,FORD FIESTA,3,E01020886,0,3
2024552401114,2024,552401114,1,9,0,1,1,8,4,0,0,1,0,0,0,0,2,1,6,6,1,72,10,1388,1,12,FORD FIESTA,7,E01020479,0,1
2024520402796,2024,520402796,1,9,0,18,19,7,2,0,0,8,0,0,0,0,1,1,6,6,2,20,4,1242,1,8,FORD FIESTA,9,E01029159,0,3
2024131486770,2024,131486770,2,9,0,-1,19,7,3,-1,0,0,0,0,0,0,1,1,-1,9,2,44,7,1242,1,10,FORD FIESTA,6,E01011525,0,1
2024131405694,2024,131405694,2,9,0,-1,19,1,5,-1,0,0,0,0,0,0,1,1,-1,6,2,24,5,1242,1,13,FORD FIESTA,1,E01011625,0,1
2024361551629,2024,361551629,2,9,0,-1,19,7,3,-1,0,8,0,0,0,0,1,1,-1,6,2,72,10,1084,1,6,FORD FIESTA,5,E01026493,0,1
2024610023324,2024,610023324,1,9,0,16,19,1,4,0,0,0,1,0,7,4,1,1,6,6,1,18,4,1242,1,18,FORD FIESTA,8,W01001409,0,1
2024471452797,2024,471452797,1,9,0,-1,19,2,8,-1,0,0,0,0,0,0,1,1,-1,2,1,26,6,1560,2,14,FORD FIESTA,5,E01030834,0,3
2024131418854,2024,131418854,3,9,0,-1,2,0,0,-1,0,1,0,0,0,0,1,1,-1,1,2,49,8,1399,2,13,FORD FIESTA,8,E01011848,0,1
2024070262747,2024,070262747,2,9,0,3,3,5,1,0,0,0,0,0,0,0,2,1,6,6,1,21,5,1560,2,15,FORD FIESTA,1,W01000098,0,4
2024501528198,2024,501528198,1,9,0,-1,9,7,4,-1,0,4,0,0,0,0,1,1,-1,9,1,76,11,1560,2,12,FORD FIESTA,9,E01015133,0,1
2024421460677,2024,421460677,2,9,0,-1,19,3,7,-1,0,0,0,0,0,0,4,1,-1,6,2,49,8,998,1,8,FORD FIESTA,1,E01021304,0,1
2024461504705,2024,461504705,1,9,0,-1,19,5,1,-1,0,0,2,7,1,0,1,1,-1,6,1,28,6,1399,2,16,FORD FIESTA,5,E01032823,0,2
2024070126931,2024,070126931,3,9,0,18,19,7,1,0,0,0,0,0,0,0,2,1,6,6,1,27,6,998,1,5,FORD FIESTA,-1,-1,0,-1
2024122400338,2024,122400338,1,9,0,18,19,6,2,0,0,0,0,0,1,10,2,1,6,6,1,22,5,1242,1,17,FORD FIESTA,9,E01027922,0,1
2024052400122,2024,052400122,2,9,0,4,4,2,6,0,0,4,0,0,0,0,2,1,6,6,2,20,4,1242,1,12,FORD FIESTA,3,E01006550,0,1
2024010532084,2024,010532084,2,9,0,99,99,9,9,99,99,0,9,99,9,99,1,9,6,6,3,17,4,998,1,11,FORD FIESTA,8,E01000671,0,1
2024302400546,2024,302400546,1,9,0,9,9,1,6,0,0,8,0,0,0,0,3,1,2,2,2,28,6,1388,1,13,FORD FIESTA,5,E01019679,0,1
2024041516218,2024,041516218,1,9,0,-1,19,7,3,-1,0,1,0,0,0,0,1,1,-1,9,1,19,4,1242,1,16,FORD FIESTA,4,E01025001,0,2
2024461415510,2024,461415510,1,9,0,-1,19,4,3,-1,0,0,0,2,0,0,1,9,-1,9,1,18,4,1242,1,18,FORD FIESTA,2,E01016152,0,3
2024161463708,2024,161463708,1,9,0,-1,19,4,8,-1,0,1,0,0,0,0,1,1,-1,9,2,27,6,998,1,11,FORD FIESTA,4,E01012825,0,1
2024421482202,2024,421482202,2,9,0,-1,-1,-1,-1,-1,-1,0,-1,-1,-1,0,-1,9,-1,6,2,33,6,998,1,6,FORD FIESTA,8,E01021684,0,1
2024451454590,2024,451454590,1,9,0,-1,6,3,7,-1,0,0,0,0,0,0,3,1,-1,9,1,27,6,1242,1,14,FORD FIESTA,5,E01024427,0,2
2024471405775,2024,471405775,2,9,0,-1,19,3,7,-1,0,1,0,0,0,0,4,1,-1,9,1,17,4,1242,1,13,FORD FIESTA,9,E01031670,0,1
2024361484568,2024,361484568,2,9,0,-1,19,7,3,-1,0,0,0,0,0,0,4,1,-1,1,1,53,8,999,1,2,FORD FIESTA,9,E01035146,0,4
2024411471153,2024,411471153,1,9,-1,-1,-1,-1,-1,-1,-1,0,-1,-1,-1,0,-1,9,-1,6,2,27,6,1242,1,17,FORD FIESTA,4,E01023738,0,1
2024340NN4462,2024,340NN4462,1,9,0,-1,19,3,7,-1,0,8,0,0,1,4,1,1,-1,9,1,29,6,1399,2,15,FORD FIESTA,-1,-1,0,-1
2024461429562,2024,461429562,6,9,0,-1,3,7,7,-1,0,0,0,0,0,0,3,2,-1,6,2,32,6,1242,1,12,FORD FIESTA,3,E01016043,0,1
2024371503737,2024,371503737,1,9,0,-1,19,-1,-1,-1,0,1,0,0,0,0,1,1,-1,6,1,19,4,1388,1,21,FORD FIESTA,5,E01030189,0,1
2024070828875,2024,070828875,2,8,0,-1,3,3,7,-1,0,1,0,0,0,0,1,1,-1,2,1,41,7,1242,1,11,FORD FIESTA,2,E01018364,0,1
2024122400515,2024,122400515,1,9,0,5,5,7,5,0,0,1,0,0,0,0,1,1,2,2,2,62,9,1242,1,9,FORD FIESTA,10,E01027596,0,1
2024052402821,2024,052402821,1,9,0,9,9,5,7,0,0,5,0,0,0,0,1,2,6,6,2,49,8,1242,1,7,FORD FIESTA,-1,-1,0,-1
2024451515770,2024,451515770,1,9,0,-1,19,5,1,-1,0,1,0,0,0,0,1,1,-1,9,2,72,10,1399,2,14,FORD FIESTA,10,E01022867,0,2
2024052400959,2024,052400959,1,9,0,18,19,8,4,0,0,8,0,4,0,0,1,1,6,6,2,83,11,1388,1,16,FORD FIESTA,5,E01006946,0,1
2024501531708,2024,501531708,2,9,0,-1,19,6,2,-1,0,1,0,0,0,0,1,1,-1,6,1,88,11,998,1,5,FORD FIESTA,10,E01019905,0,1
2024131493120,2024,131493120,2,9,0,-1,9,5,7,-1,0,8,0,0,0,0,3,1,-1,9,1,23,5,998,1,8,FORD FIESTA,1,E01010748,0,1
2024501493618,2024,501493618,1,9,0,-1,4,3,7,-1,0,0,0,0,0,0,2,1,-1,9,1,83,11,998,1,9,FORD FIESTA,4,E01018929,0,4
2024311517654,2024,311517654,2,9,0,-1,19,3,7,-1,0,2,0,0,0,0,-1,2,-1,6,3,-1,-1,1560,2,14,FORD FIESTA,5,E01017907,0,5
2024332400480,2024,332400480,1,9,0,-1,19,3,5,-1,0,0,0,0,7,1,1,1,-1,6,2,20,4,1242,1,12,FORD FIESTA,10,E01025651,0,1
2024991481971,2024,991481971,1,9,0,-1,19,5,1,-1,0,0,5,0,1,10,3,1,-1,9,1,39,7,1399,2,18,FORD FIESTA,7,E01031319,0,5
2024122401116,2024,122401116,3,9,0,18,19,2,6,0,0,8,0,0,0,0,4,1,6,6,1,30,6,1242,1,18,FORD FIESTA,7,E01027788,0,3
2024440188093,2024,440188093,1,9,0,18,19,8,4,0,0,0,0,0,0,0,1,1,6,6,1,22,5,1242,1,11,FORD FIESTA,10,E01022790,0,3
2024320447201,2024,320447201,2,9,0,-1,-1,8,4,0,0,8,0,0,0,0,1,1,6,6,2,73,10,1242,1,9,FORD FIESTA,-1,-1,0,-1
2024141482095,2024,141482095,2,9,0,-1,19,5,1,-1,0,0,0,0,0,0,1,1,-1,6,3,-1,-1,998,1,11,FORD FIESTA,-1,-1,0,-1
202454A720524,2024,54A720524,2,9,0,4,4,1,5,0,0,1,0,0,0,0,2,1,6,6,2,44,7,1560,2,14,FORD FIESTA,7,E01033860,0,1
2024501420338,2024,501420338,2,9,0,-1,19,6,2,-1,0,1,0,0,0,0,4,1,-1,2,2,64,9,998,1,8,FORD FIESTA,7,E01020338,0,2
2024010526678,2024,010526678,2,9,0,99,99,9,9,99,99,9,9,99,9,99,1,9,6,6,1,35,6,1242,1,12,FORD FIESTA,4,E01021774,0,4
2024610019324,2024,610019324,1,9,0,4,4,4,8,0,0,0,0,0,0,0,2,1,1,1,1,27,6,998,1,3,FORD FIESTA,4,W01001433,0,2
2024430519112,2024,430519112,1,9,0,3,3,5,1,0,0,4,0,0,0,0,1,1,6,6,1,21,5,998,1,2,FORD FIESTA,10,E01016798,0,3
2024361422319,2024,361422319,1,9,0,-1,19,4,1,-1,0,0,5,0,0,0,4,1,-1,9,1,22,5,1242,1,12,FORD FIESTA,3,E01026736,0,1
2024052402687,2024,052402687,3,9,0,2,2,0,0,0,0,1,0,0,0,0,3,1,6,6,3,-1,-1,1499,2,4,FORD FIESTA,-1,-1,0,-1
2024201464230,2024,201464230,1,9,0,-1,19,8,4,-1,0,8,0,0,0,0,4,1,-1,6,2,-1,-1,998,1,7,FORD FIESTA,-1,-1,0,-1
2024061500843,2024,061500843,1,9,0,-1,8,3,5,-1,0,1,0,0,0,0,1,1,-1,9,2,26,6,1242,1,9,FORD FIESTA,1,E01005270,0,1
2024041518916,2024,041518916,2,9,0,-1,19,5,1,-1,0,8,0,0,0,0,1,1,-1,9,2,40,7,1084,1,6,FORD FIESTA,2,E01025268,0,1
2024041507007,2024,041507007,2,9,0,-1,19,5,1,-1,0,0,0,0,0,0,2,1,-1,6,2,54,8,998,1,11,FORD FIESTA,1,E01025575,0,1
2024061421888,2024,061421888,2,9,0,-1,19,-1,-1,-1,0,0,0,0,0,0,2,9,-1,6,2,53,8,998,1,10,FORD FIESTA,9,E01006117,0,1
2024610051124,2024,610051124,2,9,0,9,9,7,5,0,0,8,0,0,0,0,1,1,6,6,1,18,4,1242,1,13,FORD FIESTA,3,W01001541,0,2
2024010538362,2024,010538362,1,9,0,18,19,5,1,0,0,0,0,0,0,0,1,1,6,6,3,-1,-1,1242,1,18,FORD FIESTA,-1,-1,0,-1
2024501397954,2024,501397954,1,9,0,-1,5,1,2,-1,0,8,0,0,0,0,3,1,-1,9,1,33,6,998,1,10,FORD FIESTA,8,E01020504,0,4
2024010545797,2024,010545797,3,9,0,5,5,3,7,0,0,0,0,0,0,0,3,1,6,6,2,35,6,1596,1,13,FORD FIESTA,3,E01000783,0,1
2024461429750,2024,461429750,2,9,0,-1,19,8,5,-1,0,0,0,0,0,0,2,9,-1,9,2,50,8,1596,1,14,FORD FIESTA,2,E01016024,0,1
2024991535240,2024,991535240,1,9,0,-1,19,4,8,-1,0,0,0,0,0,0,1,1,-1,9,2,27,6,1388,1,16,FORD FIESTA,8,-1,0,2
2024991502125,2024,991502125,1,9,0,-1,19,6,2,-1,0,0,0,0,0,0,1,1,-1,6,1,19,4,1084,1,2,FORD FIESTA,7,-1,0,3
2024221454239,2024,221454239,2,9,0,-1,19,7,3,-1,0,8,0,0,0,0,1,1,-1,2,2,48,8,1242,1,7,FORD FIESTA,2,E01013993,0,3
2024461524162,2024,461524162,1,9,0,-1,19,3,7,-1,0,8,0,0,0,0,1,9,-1,6,2,37,7,1242,1,14,FORD FIESTA,7,E01016139,0,2
2024010494714,2024,010494714,2,9,0,18,19,5,1,0,0,1,0,0,0,0,0,1,1,1,2,50,8,998,1,11,FORD FIESTA,2,E01003576,0,1
2024010514274,2024,010514274,1,9,0,18,19,3,7,0,0,0,0,0,0,0,1,1,2,2,1,18,4,998,1,9,FORD FIESTA,4,E01002324,0,1
2024631447456,2024,631447456,1,9,0,-1,19,8,4,-1,0,8,0,0,1,10,3,1,-1,6,2,21,5,998,1,1,FORD FIESTA,3,W01000607,0,1
2024010506589,2024,010506589,2,9,0,18,19,1,5,0,0,8,0,0,0,0,1,1,6,6,2,23,5,1388,1,14,FORD FIESTA,3,E01000103,0,2
2024041405984,2024,041405984,2,9,0,-1,19,5,1,-1,0,8,0,0,0,0,3,1,-1,9,1,24,5,998,1,9,FORD FIESTA,1,E01024898,0,1
2024631459181,2024,631459181,1,9,0,-1,19,2,5,-1,0,0,5,0,0,0,3,1,-1,9,1,27,6,-1,-1,-1,FORD FIESTA,5,W01000513,0,1
2024610056924,2024,610056924,1,9,0,18,19,5,1,0,0,8,1,0,1,5,4,1,6,6,1,20,4,999,1,4,FORD FIESTA,3,W01001388,0,2
2024221466493,2024,221466493,2,9,0,-1,7,6,1,-1,0,4,0,0,0,0,1,1,-1,2,1,20,4,1499,2,11,FORD FIESTA,5,E01035075,0,1
2024411516212,2024,411516212,2,9,0,-1,2,0,0,-1,0,0,0,0,0,0,3,1,-1,6,-1,-1,-1,998,1,2,FORD FIESTA,-1,-1,0,-1
2024010524935,2024,010524935,1,9,0,99,99,9,9,99,99,9,9,99,9,99,9,9,6,6,1,19,4,998,1,10,FORD FIESTA,7,E01000734,0,1
2024302401120,2024,302401120,2,9,0,12,12,7,1,0,0,2,0,0,0,0,1,1,6,6,2,23,5,1242,1,10,FORD FIESTA,8,E01019486,0,2
2024052401562,2024,052401562,2,9,0,18,19,1,5,0,0,0,0,0,0,0,1,1,6,6,2,83,11,1242,1,18,FORD FIESTA,2,E01006869,0,1
2024522401990,2024,522401990,2,9,0,18,19,2,6,0,0,0,0,0,0,0,1,1,6,6,3,-1,-1,1242,1,8,FORD FIESTA,-1,-1,0,-1
2024221474992,2024,221474992,1,9,0,-1,9,7,5,-1,0,6,0,0,0,0,1,9,-1,6,2,23,5,1388,1,16,FORD FIESTA,8,E01014112,0,2
2024122400525,2024,122400525,1,9,0,18,19,5,1,0,0,0,1,0,1,9,1,1,6,6,1,34,6,998,1,7,FORD FIESTA,4,E01013390,0,2
2024531433315,2024,531433315,1,9,0,-1,19,2,6,-1,0,0,0,0,0,0,1,1,-1,9,1,17,4,1388,1,21,FORD FIESTA,9,E01033251,0,3
2024131418340,2024,131418340,1,9,0,-1,19,5,1,-1,0,2,0,0,0,0,1,1,-1,6,1,44,7,1399,2,11,FORD FIESTA,3,E01032498,0,1
2024543560824,2024,543560824,1,9,0,18,19,7,3,0,0,0,0,0,0,0,1,1,6,6,1,41,7,999,1,2,FORD FIESTA,4,E01009620,0,4
2024320134252,2024,320134252,2,9,0,9,9,2,8,0,0,6,0,0,0,0,3,1,-1,-1,2,20,4,998,1,5,FORD FIESTA,-1,-1,0,-1
2024320091167,2024,320091167,1,9,0,13,13,6,2,0,0,0,1,7,1,9,1,1,6,6,1,19,4,1499,2,7,FORD FIESTA,7,E01026147,0,1
2024544047924,2024,544047924,2,9,0,18,19,5,1,0,0,0,0,0,0,0,3,1,6,6,2,23,5,1242,1,10,FORD FIESTA,5,E01022218,0,4
2024411457489,2024,411457489,1,9,-1,-1,-1,-1,-1,-1,-1,-1,-1,-1,-1,0,-1,9,-1,6,3,-1,-1,998,1,10,FORD FIESTA,-1,-1,0,-1
2024211418339,2024,211418339,1,9,0,-1,7,3,5,-1,0,3,0,0,0,0,1,1,-1,1,2,26,6,1242,1,9,FORD FIESTA,4,E01032897,0,1
2024131523387,2024,131523387,2,9,0,-1,9,3,7,-1,0,8,0,0,0,0,3,1,-1,9,1,19,4,998,1,11,FORD FIESTA,2,E01011900,0,1
2024401471648,2024,401471648,1,9,0,-1,9,4,3,-1,0,3,0,0,0,0,3,1,-1,6,2,34,6,1596,1,10,FORD FIESTA,2,E01017492,0,2
2024451536436,2024,451536436,1,9,0,-1,2,1,5,-1,9,0,0,0,1,0,3,1,-1,6,-1,-1,-1,1388,1,13,FORD FIESTA,-1,-1,0,-1
2024440294194,2024,440294194,1,9,0,18,19,5,2,0,0,0,5,0,2,4,1,1,6,6,1,18,4,1388,1,18,FORD FIESTA,10,E01022776,0,2
2024461416989,2024,461416989,4,9,0,-1,2,0,0,-1,0,0,0,4,0,0,3,9,-1,6,1,56,9,1399,2,21,FORD FIESTA,2,E01024218,0,1
2024070516320,2024,070516320,2,9,0,18,19,5,1,0,0,2,0,0,0,0,1,1,6,6,2,19,4,1242,1,10,FORD FIESTA,10,W01001116,0,5
2024421457799,2024,421457799,2,9,0,-1,19,1,6,-1,0,2,0,0,0,0,1,1,-1,9,2,22,5,1242,1,18,FORD FIESTA,6,E01021705,0,1
2024421463522,2024,421463522,1,9,0,-1,20,3,6,-1,0,0,0,0,0,0,1,1,-1,9,2,83,11,1596,1,18,FORD FIESTA,9,E01021945,0,1
2024161464014,2024,161464014,1,9,0,-1,19,5,1,-1,0,0,0,0,1,0,1,1,-1,6,1,75,10,998,1,9,FORD FIESTA,6,E01013253,0,1
2024311454264,2024,311454264,2,9,0,-1,19,2,6,-1,0,0,0,0,7,0,4,1,-1,6,2,53,8,1242,1,14,FORD FIESTA,9,E01028235,0,1
2024161460418,2024,161460418,3,9,0,-1,4,8,4,-1,0,4,0,0,0,0,0,1,-1,6,2,69,10,998,1,10,FORD FIESTA,4,E01013227,0,1
2024320185231,2024,320185231,1,9,0,-1,-1,3,6,0,0,0,0,0,7,9,1,1,-1,-1,1,19,4,1596,1,12,FORD FIESTA,5,E01026283,0,1
2024161502678,2024,161502678,1,9,0,-1,19,3,5,-1,0,0,1,0,0,0,1,1,-1,9,1,17,4,998,1,7,FORD FIESTA,9,E01026402,0,2
2024141531503,2024,141531503,2,9,0,-1,9,1,7,-1,0,6,0,0,0,0,3,1,-1,2,1,49,8,1242,1,18,FORD FIESTA,2,E01007782,0,3
2024201531386,2024,201531386,1,9,0,-1,19,5,1,-1,0,0,1,7,7,10,1,1,-1,2,1,40,7,998,1,9,FORD FIESTA,4,E01009186,0,1
2024471505568,2024,471505568,2,9,0,-1,19,3,8,-1,0,0,0,0,0,0,1,1,-1,1,2,31,6,1596,1,10,FORD FIESTA,1,E01020995,0,1
2024010543166,2024,010543166,2,9,0,1,1,5,1,0,0,2,0,0,0,0,2,1,6,6,2,34,6,1084,1,6,FORD FIESTA,2,E01001559,0,1
2024010527497,2024,010527497,2,9,0,2,2,0,0,0,0,6,0,11,1,11,1,1,6,6,3,-1,-1,998,1,9,FORD FIESTA,-1,-1,0,-1
2024122500186,2024,122500186,1,9,0,18,19,7,3,0,0,1,0,0,0,0,1,1,2,2,2,68,10,1242,1,12,FORD FIESTA,4,-1,0,5
2024440291639,2024,440291639,1,9,0,14,14,5,1,0,0,0,0,0,0,0,1,1,1,1,2,18,4,998,1,10,FORD FIESTA,4,E01022781,0,1
2024401518068,2024,401518068,3,9,0,-1,2,0,0,-1,0,1,0,4,0,0,4,1,-1,6,-1,-1,-1,1560,2,18,FORD FIESTA,-1,-1,0,-1
2024440031451,2024,440031451,2,9,0,18,19,4,8,0,0,0,0,0,0,0,2,1,6,6,1,36,7,1499,2,8,FORD FIESTA,5,E01016857,0,4
2024610048124,2024,610048124,1,9,0,18,19,5,1,0,0,0,0,0,0,0,1,1,6,6,1,22,5,1242,1,19,FORD FIESTA,1,W01001459,0,1
2024201542363,2024,201542363,2,9,0,-1,19,4,8,-1,0,4,0,0,0,0,2,9,-1,6,1,34,6,1388,1,13,FORD FIESTA,1,E01009002,0,2
2024010537191,2024,010537191,1,9,0,99,99,9,9,99,99,9,9,99,9,99,1,9,6,6,1,26,6,1084,1,6,FORD FIESTA,5,E01017430,0,4
2024501450666,2024,501450666,1,9,0,-1,19,3,6,-1,0,0,0,0,0,0,1,2,-1,6,1,18,4,1242,1,17,FORD FIESTA,2,E01018774,0,3
2024221408030,2024,221408030,1,9,0,-1,1,1,5,-1,9,1,0,0,0,0,3,1,-1,6,2,39,7,1388,1,18,FORD FIESTA,8,E01028936,0,1
2024501428331,2024,501428331,2,9,0,-1,19,3,7,-1,0,0,0,0,0,0,1,1,-1,9,2,17,4,1560,2,13,FORD FIESTA,6,E01018935,0,4
2024501522896,2024,501522896,1,9,0,-1,9,8,6,-1,0,8,0,0,0,0,3,1,-1,6,1,22,5,998,1,8,FORD FIESTA,8,E01015064,0,1
2024161415217,2024,161415217,1,9,0,-1,4,5,7,-1,0,1,0,0,0,0,2,1,-1,6,1,31,6,1560,2,13,FORD FIESTA,-1,-1,0,-1
2024361512326,2024,361512326,2,9,0,-1,10,1,6,-1,0,1,0,0,0,0,2,1,-1,9,2,43,7,1388,1,16,FORD FIESTA,10,E01035143,0,1
2024421416986,2024,421416986,2,9,0,-1,3,3,7,-1,0,0,0,0,0,0,1,1,-1,2,2,42,7,1242,1,17,FORD FIESTA,3,E01021276,0,1
2024411415395,2024,411415395,1,9,0,-1,19,5,1,-1,0,0,0,0,0,0,4,1,-1,6,1,90,11,1388,1,12,FORD FIESTA,-1,-1,0,-1
2024041450951,2024,041450951,1,9,0,-1,13,7,3,-1,0,0,0,0,0,0,3,1,-1,9,1,49,8,1596,1,10,FORD FIESTA,9,E01006987,0,2
2024340WN5532,2024,340WN5532,1,9,0,-1,19,1,5,-1,0,0,1,0,0,0,1,1,-1,2,2,35,6,1560,2,12,FORD FIESTA,8,E01027285,0,1
2024631501306,2024,631501306,2,9,0,-1,2,0,0,-1,0,0,0,0,0,0,0,1,-1,6,-1,-1,-1,998,1,5,FORD FIESTA,-1,-1,0,-1
2024421415595,2024,421415595,3,9,0,-1,2,0,0,-1,9,0,0,0,0,0,4,1,-1,6,-1,-1,-1,998,1,9,FORD FIESTA,-1,-1,0,-1
2024451458499,2024,451458499,1,9,0,-1,4,1,5,-1,0,1,0,0,0,0,4,1,-1,9,1,27,6,1242,1,14,FORD FIESTA,5,E01002448,0,2
2024351564084,2024,351564084,1,9,0,-1,19,5,3,-1,0,8,0,0,0,0,1,1,-1,6,1,47,8,1242,1,8,FORD FIESTA,9,E01018032,0,4
2024201491532,2024,201491532,2,9,0,-1,19,3,7,-1,0,4,1,10,7,0,1,1,-1,9,1,20,4,1242,1,10,FORD FIESTA,9,E01010171,0,3
2024471435590,2024,471435590,2,9,0,-1,13,-1,-1,-1,0,1,0,0,0,0,9,1,-1,6,1,24,5,1388,1,19,FORD FIESTA,6,E01020938,0,2
2024421466171,2024,421466171,1,9,0,-1,19,1,5,-1,0,8,0,0,0,0,4,1,-1,9,1,19,4,1496,1,2,FORD FIESTA,7,E01015983,0,1