collision_index,collision_year,collision_ref_no,vehicle_reference,vehicle_type,towing_and_articulation,vehicle_manoeuvre_historic,vehicle_manoeuvre,vehicle_direction_from,vehicle_direction_to,vehicle_location_restricted_lane_historic,vehicle_location_restricted_lane,junction_location,skidding_and_overturning,hit_object_in_carriageway,vehicle_leaving_carriageway,hit_object_off_carriageway,first_point_of_impact,vehicle_left_hand_drive,journey_purpose_of_driver_historic,journey_purpose_of_driver,sex_of_driver,age_of_driver,age_band_of_driver,engine_capacity_cc,propulsion_code,age_of_vehicle,generic_make_model,driver_imd_decile,lsoa_of_driver,escooter_flag,driver_distance_banding
2024201428411,2024,201428411,2,9,0,-1,19,2,6,-1,0,8,0,0,0,0,1,1,-1,6,2,24,5,998,1,6,FORD FIESTA,-1,-1,0,-1
2024010529599,2024,010529599,1,9,0,99,99,9,9,99,99,0,9,99,9,99,9,9,2,2,1,36,7,998,1,5,FORD FIESTA,8,E01021424,0,4
2024010527271,2024,010527271,1,9,0,18,19,3,7,0,0,1,1,4,0,0,1,1,4,7,1,20,4,1242,1,16,FORD FIESTA,2,E01001513,0,1
2024010519945,2024,010519945,8,9,0,4,4,7,3,0,0,0,1,0,0,0,2,1,6,6,1,27,6,998,1,10,FORD FIESTA,5,E01002607,0,1
2024622400738,2024,622400738,2,9,0,9,9,3,1,0,0,5,0,0,0,0,1,1,6,6,1,21,5,1242,1,13,FORD FIESTA,5,W01001717,0,1
2024520402947,2024,520402947,1,9,0,16,19,2,6,0,0,0,5,10,0,0,1,1,6,6,1,21,5,1596,1,19,FORD FIESTA,-1,-1,0,-1
2024430075712,2024,430075712,2,9,0,18,19,8,4,0,0,1,0,0,0,0,1,1,6,6,1,-1,-1,998,1,9,FORD FIESTA,5,E01002525,0,2
2024201484685,2024,201484685,3,9,0,-1,2,0,0,-1,0,0,0,0,0,0,2,1,-1,6,1,22,5,998,1,7,FORD FIESTA,4,E01009011,0,2
2024461400766,2024,461400766,1,9,0,-1,2,7,3,-1,0,0,0,0,0,0,3,1,-1,1,1,39,7,1399,2,13,FORD FIESTA,6,E01024833,0,1
2024201520658,2024,201520658,2,9,0,-1,19,3,7,-1,0,1,1,0,7,1,3,1,-1,2,2,39,7,1560,2,15,FORD FIESTA,5,E01009802,0,2
2024332400449,2024,332400449,1,9,0,-1,19,7,3,-1,0,8,0,0,0,0,1,1,-1,1,1,37,7,1499,2,8,FORD FIESTA,4,E01034024,0,1
2024552401094,2024,552401094,1,9,0,9,9,1,7,0,0,5,0,0,0,0,1,1,6,6,2,18,4,998,1,10,FORD FIESTA,8,E01022787,0,4
2024411412782,2024,411412782,2,9,0,-1,9,6,2,-1,0,6,0,0,0,0,3,1,-1,6,1,34,6,1242,1,7,FORD FIESTA,5,E01034090,0,4
2024430355457,2024,430355457,2,9,0,10,10,2,7,0,0,1,0,0,0,0,2,1,6,6,2,64,9,1242,1,14,FORD FIESTA,10,E01017765,0,1
2024141533555,2024,141533555,1,9,0,-1,19,1,5,-1,0,2,0,0,0,0,1,1,-1,9,2,23,5,1242,1,12,FORD FIESTA,4,E01007434,0,2
2024451483510,2024,451483510,2,9,0,-1,19,4,5,-1,0,0,0,0,0,0,4,9,-1,6,3,-1,-1,998,1,11,FORD FIESTA,-1,-1,0,-1
202417M300924,2024,17M300924,2,9,0,18,19,8,4,0,0,8,0,0,0,0,1,1,6,6,2,26,6,1399,2,14,FORD FIESTA,4,E01027813,0,4
2024471443621,2024,471443621,1,9,0,-1,2,0,0,-1,-1,0,0,4,0,0,1,1,-1,9,2,69,10,1242,1,15,FORD FIESTA,8,E01017008,0,1
2024531529847,2024,531529847,1,9,0,-1,19,5,1,-1,0,1,0,0,0,0,1,1,-1,6,1,19,4,1388,1,15,FORD FIESTA,10,E01031948,0,1
2024421511792,2024,421511792,1,9,0,-1,19,8,7,-1,0,0,2,10,1,1,1,1,-1,9,1,25,5,1242,1,16,FORD FIESTA,6,E01021983,0,1
2024221429309,2024,221429309,1,9,0,-1,19,8,4,-1,0,0,0,0,0,0,1,1,-1,2,2,28,6,1499,2,11,FORD FIESTA,6,E01010043,0,4
2024552401244,2024,552401244,2,9,0,3,3,8,4,0,0,1,0,0,0,0,2,1,6,6,1,40,7,1399,2,13,FORD FIESTA,3,E01020551,0,1
2024161497722,2024,161497722,1,9,0,-1,19,2,6,-1,0,0,1,0,2,7,4,1,-1,2,1,18,4,998,1,9,FORD FIESTA,6,E01013072,0,1
2024622400056,2024,622400056,2,9,0,5,5,6,2,0,0,4,0,0,0,0,2,1,6,6,2,31,6,999,1,3,FORD FIESTA,3,W01000977,0,2
2024361485629,2024,361485629,2,9,0,-1,3,-1,-1,-1,0,4,0,0,0,0,2,1,-1,9,1,18,4,1388,1,15,FORD FIESTA,8,E01021482,0,4
2024201563167,2024,201563167,1,9,0,-1,19,6,2,-1,0,1,0,0,0,0,1,9,-1,2,1,54,8,1242,1,12,FORD FIESTA,1,E01010275,0,2
2024991519002,2024,991519002,1,9,0,-1,19,1,5,-1,0,0,0,0,0,0,1,1,-1,6,1,25,5,1242,1,16,FORD FIESTA,-1,-1,0,-1
2024421505905,2024,421505905,2,9,0,-1,19,5,1,-1,0,1,0,0,0,0,2,1,-1,6,2,35,6,1242,1,18,FORD FIESTA,8,E01021914,0,1
2024451416385,2024,451416385,3,9,0,-1,19,1,5,-1,0,0,1,0,7,0,1,1,-1,9,2,33,6,1388,1,15,FORD FIESTA,8,E01030474,0,1
2024411541195,2024,411541195,1,9,0,-1,4,3,6,-1,0,0,0,11,1,4,1,1,-1,9,1,17,4,1399,2,13,FORD FIESTA,10,E01017442,0,2
2024522401762,2024,522401762,2,9,0,13,13,9,9,0,0,0,0,0,0,0,4,1,6,6,3,-1,-1,1242,1,14,FORD FIESTA,-1,-1,0,-1
2024991439089,2024,991439089,2,9,0,-1,19,5,1,-1,0,1,0,0,0,0,1,1,-1,6,2,20,4,1242,1,11,FORD FIESTA,10,-1,0,1
2024131421370,2024,131421370,1,9,0,-1,19,4,8,-1,0,0,0,0,0,0,1,1,-1,6,1,-1,-1,1242,1,13,FORD FIESTA,-1,-1,0,-1
2024451403932,2024,451403932,2,9,0,-1,19,7,3,-1,0,0,2,0,1,0,4,1,-1,6,1,32,6,998,1,9,FORD FIESTA,7,E01000196,0,4
2024451485111,2024,451485111,1,9,0,-1,4,5,1,-1,0,0,0,0,0,0,2,1,-1,9,2,30,6,1388,1,18,FORD FIESTA,9,E01015419,0,5
2024010546274,2024,010546274,1,9,0,18,19,1,5,0,0,0,0,0,0,0,1,1,6,6,1,29,6,1596,1,12,FORD FIESTA,3,E01001858,0,3
2024221468977,2024,221468977,1,9,0,-1,19,8,3,-1,0,0,0,0,0,0,1,1,-1,6,1,21,5,1242,1,23,FORD FIESTA,-1,-1,0,-1
2024302400645,2024,302400645,1,9,0,7,7,4,6,0,0,8,0,0,0,0,1,1,6,6,1,54,8,-1,-1,-1,FORD FIESTA,4,E01013503,0,1
2024622500088,2024,622500088,1,9,0,18,19,6,2,0,0,0,0,4,0,0,1,1,6,6,1,23,5,998,1,1,FORD FIESTA,2,W01001018,0,1
2024371499463,2024,371499463,2,9,0,-1,20,1,5,-1,0,1,0,0,0,0,1,1,-1,1,1,60,9,-1,-1,-1,FORD FIESTA,7,E01029955,0,3
2024440033891,2024,440033891,2,9,0,18,19,8,4,0,0,1,0,0,0,0,1,1,6,6,1,40,7,1388,1,13,FORD FIESTA,8,E01022525,0,4
2024991439860,2024,991439860,2,9,0,-1,5,4,2,-1,0,6,0,0,0,0,1,1,-1,6,2,20,4,1399,2,14,FORD FIESTA,3,-1,0,1
2024010514637,2024,010514637,1,9,0,9,9,3,1,0,0,6,0,0,0,0,1,1,6,6,2,24,5,1388,1,14,FORD FIESTA,-1,-1,0,-1
2024302401228,2024,302401228,1,9,0,18,19,8,7,0,0,2,1,11,1,11,1,1,3,7,2,39,7,1388,1,15,FORD FIESTA,10,E01019604,0,2
2024061515471,2024,061515471,2,9,0,-1,7,3,5,-1,4,1,0,0,0,0,4,1,-1,6,2,32,6,1242,1,10,FORD FIESTA,3,E01005297,0,1
2024531501212,2024,531501212,2,9,0,-1,19,1,5,-1,0,0,1,0,5,0,2,1,-1,1,2,23,5,998,1,10,FORD FIESTA,1,E01034792,0,3
2024161534186,2024,161534186,1,9,0,-1,19,6,2,-1,0,0,0,0,0,0,1,1,-1,1,2,36,7,1242,1,8,FORD FIESTA,8,E01013170,0,1
2024201499466,2024,201499466,1,9,0,-1,19,2,6,-1,0,8,0,0,0,0,1,1,-1,9,2,20,4,1242,1,12,FORD FIESTA,1,E01009756,0,1
2024041489956,2024,041489956,1,9,0,-1,19,8,4,-1,0,0,0,0,0,0,1,1,-1,1,1,18,4,998,1,6,FORD FIESTA,5,E01012616,0,4
2024531515627,2024,531515627,1,9,0,-1,19,4,8,-1,0,0,0,0,0,0,1,1,-1,9,2,54,8,998,1,6,FORD FIESTA,7,E01022407,0,1
2024421464401,2024,421464401,2,9,0,-1,9,3,2,-1,0,5,1,0,1,0,4,1,-1,9,1,26,6,999,1,3,FORD FIESTA,4,E01021506,0,1
2024101475735,2024,101475735,1,9,0,-1,19,5,1,-1,0,0,0,0,0,0,1,1,-1,2,2,50,8,998,1,11,FORD FIESTA,2,E01027443,0,2
2024141489783,2024,141489783,2,9,0,-1,19,2,6,-1,0,1,0,0,0,0,1,9,-1,6,1,34,6,1560,2,9,FORD FIESTA,5,E01007687,0,2
2024332400969,2024,332400969,1,9,0,-1,19,1,5,-1,0,0,0,0,0,0,2,1,-1,9,1,21,5,1388,1,13,FORD FIESTA,9,E01019853,0,4
2024430251494,2024,430251494,1,9,0,17,19,2,6,0,0,0,0,0,0,0,1,1,6,6,1,33,6,1242,1,16,FORD FIESTA,5,E01027183,0,4
2024302400936,2024,302400936,2,9,0,18,19,1,5,0,0,1,0,0,0,0,3,1,6,6,1,36,7,1388,1,22,FORD FIESTA,6,E01028242,0,2
2024070945284,2024,070945284,1,9,0,-1,19,2,8,-1,0,0,0,4,0,0,1,1,-1,2,2,54,8,998,1,5,FORD FIESTA,8,E01012387,0,1
2024302400947,2024,302400947,3,9,0,17,19,1,7,0,0,0,0,0,0,0,1,1,6,6,1,23,5,1242,1,17,FORD FIESTA,10,E01019413,0,2
2024221534377,2024,221534377,2,9,0,-1,19,3,7,-1,0,8,0,0,0,0,1,9,-1,9,1,18,4,1242,1,15,FORD FIESTA,3,E01014194,0,1
2024111469917,2024,111469917,2,9,0,-1,-1,3,1,-1,-1,3,0,0,0,0,3,1,-1,-1,2,34,6,1399,2,12,FORD FIESTA,3,E01008742,0,2
2024461532630,2024,461532630,2,9,0,-1,-1,-1,-1,-1,0,0,-1,-1,-1,0,2,9,-1,6,2,36,7,1242,1,12,FORD FIESTA,2,E01024192,0,3
2024440345502,2024,440345502,1,9,0,18,19,7,3,0,0,0,5,4,0,0,1,1,6,6,2,31,6,1388,1,15,FORD FIESTA,5,E01023068,0,1
2024501456302,2024,501456302,1,9,0,-1,6,4,5,-1,0,6,0,0,0,0,1,1,-1,9,2,90,11,998,1,10,FORD FIESTA,1,E01015260,0,1
2024031459172,2024,031459172,2,9,0,-1,19,7,2,-1,0,0,0,0,0,0,1,1,-1,2,1,52,8,1242,1,20,FORD FIESTA,9,E01019303,0,1
2024461461073,2024,461461073,2,9,0,-1,19,3,6,-1,0,0,0,0,0,0,3,1,-1,1,1,43,7,1496,1,4,FORD FIESTA,5,E01031373,0,4
2024041518332,2024,041518332,2,9,0,-1,19,3,7,-1,0,1,1,0,1,0,1,1,-1,2,1,45,7,1560,2,13,FORD FIESTA,7,E01025326,0,2
2024440099414,2024,440099414,1,9,0,18,19,6,2,0,0,0,0,0,0,0,1,1,6,6,1,82,11,998,1,8,FORD FIESTA,7,E01020468,0,4
2024522401522,2024,522401522,1,9,0,18,19,5,1,0,0,0,0,0,0,0,1,1,6,6,1,18,4,1242,1,12,FORD FIESTA,3,E01014601,0,2
2024622400178,2024,622400178,1,9,0,17,19,8,5,0,0,0,0,4,1,4,1,1,6,6,1,18,4,1388,1,16,FORD FIESTA,5,W01000891,0,1
2024302400998,2024,302400998,1,9,0,16,19,6,2,9,9,8,0,0,0,0,1,1,1,1,1,18,4,1242,1,16,FORD FIESTA,7,E01029463,0,3
2024451419708,2024,451419708,1,9,0,-1,4,1,5,-1,0,0,0,0,0,0,1,1,-1,2,1,19,4,1242,1,17,FORD FIESTA,10,E01023887,0,4
2024201455309,2024,201455309,1,9,0,-1,19,2,7,-1,0,8,0,0,0,0,4,9,-1,6,2,26,6,1596,1,13,FORD FIESTA,1,E01009498,0,1
2024201515980,2024,201515980,1,9,0,-1,19,5,1,-1,0,0,0,0,0,0,1,1,-1,9,2,40,7,998,1,6,FORD FIESTA,9,E01031154,0,2
2024141407171,2024,141407171,1,9,0,-1,19,6,2,-1,0,0,0,0,0,0,1,1,-1,9,1,81,11,998,1,6,FORD FIESTA,3,E01007449,0,1
2024461480286,2024,461480286,2,9,0,-1,19,0,0,-1,0,0,0,0,0,0,1,1,-1,2,1,38,7,1596,1,8,FORD FIESTA,3,E01024552,0,3
2024201500092,2024,201500092,1,9,0,-1,5,3,1,-1,0,6,0,0,0,0,4,9,-1,9,2,60,9,999,1,4,FORD FIESTA,7,E01010124,0,1
2024231415439,2024,231415439,1,9,0,-1,19,4,8,-1,0,0,1,0,1,0,1,9,-1,6,1,61,9,998,1,10,FORD FIESTA,9,E01031034,0,2
2024070704995,2024,070704995,1,9,0,-1,14,5,1,-1,0,0,0,0,0,0,4,1,-1,1,2,58,9,998,1,9,FORD FIESTA,9,E01018473,0,1
2024302400619,2024,302400619,1,9,0,6,6,5,5,0,0,0,0,0,1,11,4,1,2,2,1,21,5,1499,2,8,FORD FIESTA,7,E01019460,0,2
2024421420723,2024,421420723,2,9,0,-1,5,1,1,-1,0,8,0,0,0,0,1,9,-1,6,2,72,10,1084,1,6,FORD FIESTA,10,E01021351,0,1
2024520002990,2024,520002990,1,9,0,14,14,6,2,0,0,1,0,0,0,0,1,1,6,6,2,19,4,998,1,11,FORD FIESTA,7,E01014420,0,1
2024302401360,2024,302401360,2,9,0,4,4,1,5,0,0,0,0,0,4,7,2,1,6,6,2,27,6,998,1,10,FORD FIESTA,1,E01032543,0,5
2024549836024,2024,549836024,1,9,0,18,19,8,4,0,0,2,1,0,1,11,1,1,6,6,1,23,5,1388,1,19,FORD FIESTA,6,E01032109,0,1
2024041426526,2024,041426526,2,9,0,-1,19,7,3,-1,0,2,0,0,0,0,2,1,-1,9,2,28,6,1560,2,10,FORD FIESTA,3,E01025391,0,3
2024501475821,2024,501475821,1,9,0,-1,19,6,2,-1,0,0,0,0,0,0,4,1,-1,1,1,35,6,998,1,5,FORD FIESTA,3,E01018937,0,1
2024221507439,2024,221507439,1,9,0,-1,19,6,1,-1,0,0,0,0,0,0,1,1,-1,1,1,20,4,1399,2,13,FORD FIESTA,5,E01014025,0,3
2024501526798,2024,501526798,1,9,0,-1,7,1,3,-1,0,6,0,0,0,0,3,1,-1,9,2,76,11,998,1,6,FORD FIESTA,6,E01019967,0,3
2024421527089,2024,421527089,2,9,0,-1,4,3,7,-1,0,0,0,0,0,0,3,1,-1,6,2,49,8,998,1,10,FORD FIESTA,7,E01021635,0,1
2024010524880,2024,010524880,4,9,0,4,4,7,3,0,0,0,0,0,0,0,1,1,6,6,2,25,5,1596,1,14,FORD FIESTA,-1,-1,0,-1
2024522401420,2024,522401420,2,9,0,18,19,3,7,0,0,0,0,0,0,0,2,1,6,6,1,68,10,1596,1,8,FORD FIESTA,8,E01014745,0,2
2024302400479,2024,302400479,4,9,0,2,2,0,0,0,0,0,0,0,1,11,4,1,6,6,3,-1,-1,1388,1,12,FORD FIESTA,-1,-1,0,-1
2024131525692,2024,131525692,2,9,0,-1,19,7,3,-1,0,0,1,0,0,0,1,1,-1,9,2,26,6,1242,1,18,FORD FIESTA,9,E01011117,0,1
2024101515408,2024,101515408,1,9,0,-1,9,7,5,-1,0,5,0,0,0,0,3,1,-1,9,1,18,4,1399,2,12,FORD FIESTA,1,E01008289,0,1
2024231414947,2024,231414947,4,9,0,-1,3,6,2,-1,0,0,0,0,0,0,2,2,-1,6,2,22,5,1242,1,13,FORD FIESTA,9,E01031268,0,4
2024991481052,2024,991481052,1,9,0,-1,19,6,2,-1,0,0,0,0,7,0,1,1,-1,9,1,56,9,1596,1,10,FORD FIESTA,1,-1,0,1
2024131500106,2024,131500106,1,9,0,-1,19,1,1,-1,0,0,0,0,4,7,1,1,-1,1,1,27,6,1242,1,19,FORD FIESTA,7,E01007712,0,4
2024101466146,2024,101466146,1,9,0,-1,19,1,5,-1,0,0,1,0,1,7,1,1,-1,6,1,21,5,1399,2,15,FORD FIESTA,2,E01008334,0,1
2024471479706,2024,471479706,3,9,0,-1,19,1,5,-1,0,2,0,0,0,0,2,1,-1,6,2,49,8,1242,1,13,FORD FIESTA,10,E01031682,0,3
2024041501301,2024,041501301,1,9,0,-1,10,7,1,-1,0,2,0,4,0,0,4,1,-1,9,1,28,6,1242,1,8,FORD FIESTA,2,E01025210,0,1
2024991438030,2024,991438030,1,9,0,-1,19,6,1,-1,9,0,0,0,7,0,1,1,-1,6,1,21,5,1242,1,15,FORD FIESTA,1,-1,0,1
2024041464116,2024,041464116,1,9,0,-1,19,1,5,-1,0,0,5,0,0,0,1,1,-1,6,-1,-1,-1,1596,1,11,FORD FIESTA,-1,-1,0,-1
2024411412328,2024,411412328,1,9,0,-1,19,5,1,-1,0,0,1,11,1,9,1,9,-1,9,1,27,6,1242,1,16,FORD FIESTA,10,E01035588,0,3
2024221439775,2024,221439775,2,9,0,-1,19,2,6,-1,0,0,0,0,0,0,1,9,-1,6,2,53,8,1560,2,11,FORD FIESTA,4,E01014015,0,3
2024302401431,2024,302401431,1,9,0,16,19,4,7,0,0,0,5,0,1,11,1,1,1,1,1,48,8,998,1,9,FORD FIESTA,8,E01019609,0,1
2024131530446,2024,131530446,2,9,0,-1,11,3,1,-1,0,3,0,0,0,0,1,1,-1,6,2,21,5,998,1,7,FORD FIESTA,6,E01010644,0,1
2024501434273,2024,501434273,1,9,0,-1,19,8,4,-1,0,0,0,0,0,0,1,9,-1,6,2,32,6,1596,1,15,FORD FIESTA,8,E01015120,0,1
2024451409619,2024,451409619,2,9,0,-1,19,7,3,-1,0,0,0,0,0,0,2,1,-1,2,2,55,8,998,1,7,FORD FIESTA,10,E01030368,0,2
2024302400401,2024,302400401,1,9,0,16,19,2,6,0,0,0,0,0,0,0,4,1,6,6,1,21,5,998,1,6,FORD FIESTA,-1,-1,0,-1
2024211527998,2024,211527998,1,9,0,-1,9,5,3,-1,0,8,0,0,0,0,1,1,-1,1,1,65,9,998,1,6,FORD FIESTA,-1,-1,0,-1
2024010543887,2024,010543887,2,9,0,99,99,9,9,99,99,9,9,99,9,99,1,9,6,6,1,45,7,1242,1,8,FORD FIESTA,2,E01004209,0,3
2024010514582,2024,010514582,1,9,0,99,99,9,9,99,99,9,9,99,9,99,2,9,2,2,2,29,6,998,1,10,FORD FIESTA,2,E01003558,0,1
2024010538709,2024,010538709,2,9,0,99,99,9,9,99,99,9,9,99,9,99,9,9,6,6,3,-1,-1,1596,1,15,FORD FIESTA,7,E01002423,0,4
2024461507774,2024,461507774,1,9,0,-1,9,8,4,-1,0,6,0,0,0,0,1,1,-1,6,1,22,5,1399,2,12,FORD FIESTA,1,E01016017,0,1
202454F239024,2024,54F239024,1,9,0,18,19,1,4,0,0,1,0,0,0,0,1,1,6,6,1,20,4,1596,1,18,FORD FIESTA,7,E01032100,0,1
2024010517620,2024,010517620,2,9,4,99,99,9,9,99,99,9,9,99,9,99,9,9,6,6,3,-1,-1,1496,1,6,FORD FIESTA,-1,-1,0,-1
2024340WN1282,2024,340WN1282,1,9,0,-1,1,6,2,-1,0,0,0,0,0,0,4,1,-1,9,2,20,4,1388,1,13,FORD FIESTA,2,E01000470,0,5
2024201494379,2024,201494379,1,9,0,-1,15,6,2,-1,0,0,0,4,0,0,1,9,-1,6,2,-1,-1,998,1,4,FORD FIESTA,-1,-1,0,-1
2024545613724,2024,545613724,1,9,0,18,19,3,7,0,0,3,0,0,0,0,1,1,6,6,1,79,11,998,1,2,FORD FIESTA,8,E01032001,0,1
2024411515660,2024,411515660,1,9,0,-1,19,4,8,-1,0,8,0,0,0,0,1,1,-1,2,1,22,5,1084,1,6,FORD FIESTA,10,E01023675,0,3
2024471458976,2024,471458976,1,9,0,-1,3,5,1,-1,0,1,0,0,0,0,3,1,-1,9,2,39,7,998,1,10,FORD FIESTA,4,E01031435,0,2
2024531430659,2024,531430659,2,9,0,-1,19,7,3,-1,0,1,0,0,7,11,4,1,-1,6,1,17,4,998,1,10,FORD FIESTA,5,E01022268,0,2
2024010539695,2024,010539695,1,9,0,9,9,1,6,0,0,8,0,0,0,0,1,1,6,6,2,79,11,1388,1,19,FORD FIESTA,-1,-1,0,-1
2024411510345,2024,411510345,2,9,0,-1,10,7,5,-1,0,1,0,0,0,0,2,9,-1,9,2,41,7,1242,1,11,FORD FIESTA,8,E01023916,0,3
202417M116924,2024,17M116924,1,9,0,-1,9,6,3,-1,0,8,0,0,0,0,3,1,-1,9,1,18,4,1388,1,12,FORD FIESTA,1,E01035191,0,1
202417S105424,2024,17S105424,1,9,0,-1,19,3,7,-1,0,2,0,0,0,0,1,1,-1,9,2,23,5,1399,2,15,FORD FIESTA,1,E01032543,0,1
2024991453395,2024,991453395,2,9,0,-1,4,1,4,-1,0,1,0,0,0,0,2,1,-1,9,2,39,7,1242,1,15,FORD FIESTA,2,-1,0,1
2024101410769,2024,101410769,2,9,0,-1,2,0,0,-1,0,8,0,0,0,0,3,1,-1,6,3,-1,-1,1388,1,16,FORD FIESTA,-1,-1,0,-1
2024010492303,2024,010492303,1,9,0,7,7,5,7,0,0,6,0,10,1,0,1,1,2,2,1,57,9,1388,1,15,FORD FIESTA,6,E01004466,0,1
2024010522775,2024,010522775,1,9,0,4,4,5,1,0,0,1,0,0,0,0,1,2,6,6,1,30,6,1499,2,8,FORD FIESTA,7,E01021353,0,4
2024201443548,2024,201443548,2,9,0,-1,2,0,0,-1,-1,0,0,0,0,0,2,1,-1,6,1,25,5,998,1,7,FORD FIESTA,-1,-1,0,-1
2024320358393,2024,320358393,1,9,0,-1,-1,4,8,0,0,8,0,0,0,0,1,1,-1,-1,3,-1,-1,998,1,10,FORD FIESTA,-1,-1,0,-1
202417L200724,2024,17L200724,2,9,0,18,19,4,8,0,0,2,0,0,0,0,1,1,6,6,1,70,10,1242,1,13,FORD FIESTA,4,E01012145,0,1
2024041429582,2024,041429582,2,9,0,-1,19,5,1,-1,0,4,0,0,0,0,2,1,-1,9,1,17,4,1388,1,15,FORD FIESTA,3,E01025267,0,1
2024221535089,2024,221535089,2,9,0,-1,19,2,6,-1,0,8,0,0,0,0,4,9,-1,6,2,76,11,1399,2,12,FORD FIESTA,6,E01022253,0,2
2024991457006,2024,991457006,1,9,0,-1,19,4,7,-1,0,0,0,0,0,0,3,1,-1,6,1,37,7,998,1,6,FORD FIESTA,3,-1,0,1
2024401539481,2024,401539481,2,9,0,-1,19,5,1,-1,0,8,0,0,1,0,4,1,-1,1,2,21,5,1084,1,6,FORD FIESTA,5,E01017520,0,3
2024070809446,2024,070809446,1,9,0,-1,19,4,8,-1,0,1,0,0,0,10,1,1,-1,2,2,48,8,1399,2,16,FORD FIESTA,7,W01000251,0,3
2024041527265,2024,041527265,1,9,0,-1,19,2,4,-1,0,0,1,0,7,11,1,1,-1,9,1,17,4,998,1,10,FORD FIESTA,8,E01019373,0,3
2024010505459,2024,010505459,1,9,0,99,99,9,9,99,99,0,9,99,9,99,9,9,6,6,2,48,8,1388,1,14,FORD FIESTA,6,E01003433,0,1
2024010487303,2024,010487303,1,9,0,9,9,1,6,9,9,2,1,4,7,0,1,1,6,6,1,23,5,999,1,3,FORD FIESTA,2,E01001144,0,1
2024451424668,2024,451424668,1,9,0,-1,19,1,5,-1,0,1,1,0,0,0,1,1,-1,9,2,61,9,998,1,7,FORD FIESTA,10,E01031675,0,2
2024371543968,2024,371543968,1,9,0,-1,19,7,3,-1,0,4,0,0,0,0,0,1,-1,6,2,68,10,1242,1,12,FORD FIESTA,5,E01030030,0,1
2024052400697,2024,052400697,1,9,0,18,19,3,7,0,0,0,0,0,0,0,1,1,6,6,2,35,6,1596,1,19,FORD FIESTA,7,E01007301,0,2
2024201532624,2024,201532624,1,9,0,-1,19,1,5,-1,9,1,0,8,7,7,1,1,-1,6,1,20,4,1242,1,10,FORD FIESTA,1,E01034922,0,1
2024440459324,2024,440459324,1,9,0,18,19,1,5,0,0,0,0,0,0,0,1,1,2,2,2,26,6,1242,1,10,FORD FIESTA,9,E01023136,0,1
2024101425709,2024,101425709,1,9,0,-1,19,1,1,-1,0,0,0,0,0,0,1,1,-1,6,1,23,5,1399,2,15,FORD FIESTA,2,E01008584,0,3
202460Q078623,2024,60Q078623,2,9,0,16,19,2,6,0,0,0,0,0,0,0,2,1,6,6,2,77,11,1560,2,12,FORD FIESTA,-1,-1,0,-1
2024201524627,2024,201524627,1,9,0,-1,14,2,6,-1,0,0,0,4,0,0,4,2,-1,9,1,54,8,1242,1,13,FORD FIESTA,3,E01009302,0,1
2024501533106,2024,501533106,1,9,0,-1,19,7,3,-1,0,0,0,4,1,0,1,1,-1,6,2,24,5,1242,1,23,FORD FIESTA,3,E01019914,0,1
2024211512281,2024,211512281,2,9,0,-1,2,0,0,-1,0,0,0,0,0,0,1,2,-1,6,1,23,5,1596,1,9,FORD FIESTA,4,E01029535,0,1
2024622400750,2024,622400750,1,9,0,18,19,2,6,0,0,1,0,0,0,0,1,1,6,6,1,22,5,998,1,5,FORD FIESTA,4,W01001149,0,1
2024430444763,2024,430444763,1,9,0,9,9,2,8,0,0,0,0,0,0,0,3,1,6,6,1,27,6,998,1,6,FORD FIESTA,6,E01016704,0,1
2024221420166,2024,221420166,1,9,0,-1,4,5,1,-1,0,8,0,0,0,0,2,9,-1,1,1,59,9,998,1,10,FORD FIESTA,8,E01032226,0,2
2024201456298,2024,201456298,1,9,0,-1,7,7,1,-1,0,4,0,0,0,0,3,1,-1,1,1,28,6,1560,2,15,FORD FIESTA,2,E01009627,0,3
2024010538639,2024,010538639,1,9,0,4,4,7,3,0,0,1,0,4,0,0,4,2,6,6,2,20,4,1242,1,14,FORD FIESTA,10,E01024320,0,4
2024471479501,2024,471479501,1,9,0,-1,5,2,8,-1,0,1,0,0,0,0,1,1,-1,9,2,31,6,998,1,11,FORD FIESTA,9,E01031580,0,4
2024501500309,2024,501500309,1,9,0,-1,19,2,6,-1,0,1,0,0,0,0,1,1,-1,6,1,33,6,1560,2,13,FORD FIESTA,4,E01015185,0,2
2024471476554,2024,471476554,1,9,0,-1,7,1,5,-1,0,1,0,0,0,0,3,1,-1,6,2,28,6,1399,2,13,FORD FIESTA,10,E01031684,0,2
2024471465040,2024,471465040,2,9,0,-1,19,2,7,-1,0,1,0,0,1,0,1,1,-1,2,1,53,8,1999,1,18,FORD FIESTA,9,E01031714,0,1