collision_index,collision_year,collision_ref_no,vehicle_reference,vehicle_type,towing_and_articulation,vehicle_manoeuvre_historic,vehicle_manoeuvre,vehicle_direction_from,vehicle_direction_to,vehicle_location_restricted_lane_historic,vehicle_location_restricted_lane,junction_location,skidding_and_overturning,hit_object_in_carriageway,vehicle_leaving_carriageway,hit_object_off_carriageway,first_point_of_impact,vehicle_left_hand_drive,journey_purpose_of_driver_historic,journey_purpose_of_driver,sex_of_driver,age_of_driver,age_band_of_driver,engine_capacity_cc,propulsion_code,age_of_vehicle,generic_make_model,driver_imd_decile,lsoa_of_driver,escooter_flag,driver_distance_banding
2024131439517,2024,131439517,1,9,0,-1,19,5,1,-1,0,8,0,0,0,0,1,1,-1,6,-1,-1,-1,998,1,8,FORD FIESTA,-1,-1,0,-1
2024211424088,2024,211424088,2,9,0,-1,8,2,4,-1,0,0,0,0,1,0,4,1,-1,9,1,33,6,1399,2,15,FORD FIESTA,-1,-1,0,-1
2024461521135,2024,461521135,1,9,0,-1,19,1,5,-1,0,1,0,0,0,0,3,9,-1,9,1,21,5,998,1,10,FORD FIESTA,3,E01024195,0,1
2024461430582,2024,461430582,1,9,0,-1,7,7,5,-1,0,6,0,0,0,0,2,1,-1,6,2,24,5,1242,1,9,FORD FIESTA,4,E01024593,0,1
2024531460241,2024,531460241,1,9,0,-1,19,5,1,-1,0,0,2,0,0,0,4,1,-1,6,2,22,5,1242,1,18,FORD FIESTA,1,E01020582,0,5
2024440071211,2024,440071211,1,9,0,18,19,3,7,0,0,0,0,4,0,0,1,1,6,6,1,43,7,1499,2,7,FORD FIESTA,3,E01033859,0,3
2024311463848,2024,311463848,1,9,0,-1,19,3,7,-1,0,4,0,0,0,0,1,1,-1,9,2,43,7,-1,-1,-1,FORD FIESTA,8,E01028058,0,1
2024302401057,2024,302401057,1,9,0,2,2,5,1,0,0,0,0,0,0,0,1,1,6,6,1,31,6,1596,1,19,FORD FIESTA,1,E01028068,0,4
2024451511655,2024,451511655,1,9,0,-1,14,5,1,-1,0,0,0,0,0,0,1,1,-1,9,2,43,7,1499,2,9,FORD FIESTA,9,E01031001,0,1
2024010536454,2024,010536454,1,9,0,7,7,7,1,0,0,8,0,0,0,0,1,1,6,6,1,36,7,1388,1,12,FORD FIESTA,5,E01002042,0,1
2024451458447,2024,451458447,2,9,0,-1,19,5,1,-1,0,0,0,0,0,0,1,1,-1,9,1,55,8,1388,1,12,FORD FIESTA,6,E01030482,0,1
2024131504648,2024,131504648,1,9,0,-1,19,1,5,-1,0,8,0,4,0,0,1,1,-1,6,2,81,11,1399,2,12,FORD FIESTA,5,E01010948,0,1
2024211506695,2024,211506695,1,9,0,-1,19,3,7,-1,0,0,0,11,7,0,1,1,-1,9,1,18,4,998,1,7,FORD FIESTA,-1,-1,0,-1
2024411477212,2024,411477212,1,9,0,-1,9,3,1,-1,0,8,0,0,0,0,1,1,-1,2,1,65,9,1242,1,17,FORD FIESTA,6,E01023554,0,1
2024131407596,2024,131407596,2,9,0,-1,19,4,8,-1,0,2,0,0,0,0,4,1,-1,9,2,63,9,998,1,6,FORD FIESTA,7,E01011383,0,2
2024520403003,2024,520403003,1,9,0,18,19,7,4,0,0,0,0,10,1,11,1,1,6,6,1,22,5,998,1,7,FORD FIESTA,9,E01032102,0,3
2024991413754,2024,991413754,2,9,0,-1,19,5,1,-1,0,8,0,0,0,0,3,1,-1,1,1,37,7,1242,1,14,FORD FIESTA,4,-1,0,1
2024131496383,2024,131496383,1,9,0,-1,19,8,4,-1,0,2,0,0,0,0,1,1,-1,9,1,20,4,1388,1,22,FORD FIESTA,4,E01011031,0,1
2024471455990,2024,471455990,1,9,0,-1,19,7,3,-1,0,0,1,0,2,4,1,1,-1,9,1,29,6,1242,1,17,FORD FIESTA,2,E01022913,0,1
2024411433007,2024,411433007,2,9,0,-1,19,4,7,-1,0,8,0,0,0,0,4,1,-1,9,2,50,8,998,1,2,FORD FIESTA,10,E01023213,0,5
2024010533223,2024,010533223,1,9,0,9,9,7,5,0,0,8,0,0,0,0,1,1,6,6,1,26,6,1242,1,12,FORD FIESTA,2,E01000096,0,3
2024501496573,2024,501496573,1,9,0,-1,19,8,4,-1,0,8,0,0,0,0,1,1,-1,2,2,65,9,1242,1,16,FORD FIESTA,6,E01020231,0,1
2024052402788,2024,052402788,3,9,0,5,5,1,5,0,0,1,0,0,0,0,3,1,6,6,1,63,9,1242,1,19,FORD FIESTA,3,E01006671,0,2
2024311439730,2024,311439730,1,9,0,-1,4,3,7,-1,0,0,0,0,0,0,2,1,-1,6,2,44,7,1388,1,18,FORD FIESTA,4,E01027950,0,1
2024991492666,2024,991492666,2,9,0,-1,3,6,8,-1,0,2,0,0,0,0,2,1,-1,9,2,66,10,1388,1,12,FORD FIESTA,10,-1,0,1
2024461459199,2024,461459199,1,9,0,-1,19,1,3,-1,0,0,0,0,0,0,1,1,-1,6,1,37,7,1242,1,21,FORD FIESTA,4,E01024503,0,1
2024141428081,2024,141428081,3,9,0,-1,19,5,1,-1,0,1,0,0,0,0,4,1,-1,9,1,18,4,998,1,5,FORD FIESTA,9,E01007419,0,1
2024631455458,2024,631455458,2,9,0,-1,19,6,2,-1,0,0,5,0,1,10,1,1,-1,9,1,27,6,1242,1,11,FORD FIESTA,7,W01000619,0,3
2024461526589,2024,461526589,1,9,0,-1,19,7,3,-1,0,1,0,0,0,0,1,9,-1,6,1,84,11,998,1,9,FORD FIESTA,1,E01024581,0,2
2024421442609,2024,421442609,1,9,0,-1,19,7,-1,-1,0,3,0,0,0,0,1,1,-1,6,3,-1,-1,998,1,9,FORD FIESTA,-1,-1,0,-1
2024622400275,2024,622400275,1,9,0,16,19,3,8,0,0,1,0,0,0,0,1,1,6,6,1,17,4,1242,1,17,FORD FIESTA,10,W01001072,0,1
2024311520838,2024,311520838,2,9,0,-1,19,3,7,-1,0,0,0,0,0,0,1,1,-1,6,1,39,7,998,1,8,FORD FIESTA,-1,-1,0,-1
2024211418129,2024,211418129,2,19,0,-1,3,5,1,-1,0,0,0,0,1,0,2,1,-1,6,1,69,10,1499,2,7,FORD FIESTA,-1,-1,0,-1
2024302400632,2024,302400632,2,9,0,2,2,0,0,0,0,0,0,0,0,0,3,1,6,6,3,-1,-1,1496,1,6,FORD FIESTA,-1,-1,0,-1
2024041455067,2024,041455067,1,9,0,-1,19,5,5,-1,0,1,5,0,0,0,1,1,-1,9,1,21,5,1242,1,17,FORD FIESTA,9,E01004806,0,2
2024061429523,2024,061429523,2,9,0,-1,19,-1,-1,-1,0,0,0,0,1,0,3,9,-1,9,2,55,8,1499,2,7,FORD FIESTA,5,E01006022,0,3
2024351549619,2024,351549619,1,19,0,-1,19,6,2,-1,0,0,0,0,0,0,4,1,-1,1,1,46,8,1399,2,14,FORD FIESTA,3,E01018073,0,3
2024361414671,2024,361414671,1,9,0,-1,9,6,3,-1,0,1,0,0,0,0,1,1,-1,2,2,44,7,1388,1,20,FORD FIESTA,5,E01026423,0,1
2024543156224,2024,543156224,1,9,0,17,19,5,2,0,0,0,5,0,7,4,4,1,6,6,1,18,4,1242,1,19,FORD FIESTA,7,E01034521,0,1
2024401512116,2024,401512116,1,9,0,-1,19,1,5,-1,0,1,0,0,0,0,0,1,-1,6,1,26,6,1388,1,13,FORD FIESTA,8,E01015747,0,1
2024430317722,2024,430317722,1,9,0,16,19,6,2,0,0,1,0,0,7,0,1,1,2,2,1,37,7,1242,1,16,FORD FIESTA,6,E01028651,0,3
2024061472810,2024,061472810,1,9,0,-1,9,4,1,-1,0,5,0,0,0,0,1,1,-1,9,1,30,6,998,1,9,FORD FIESTA,1,E01004866,0,1
2024070286671,2024,070286671,1,9,0,4,4,1,5,0,0,1,0,0,0,0,1,1,6,6,2,-1,-1,1499,2,7,FORD FIESTA,-1,-1,0,-1
2024131431950,2024,131431950,3,9,0,-1,3,8,3,-1,0,0,0,4,0,0,1,1,-1,6,1,42,7,998,1,9,FORD FIESTA,4,E01011462,0,2
2024061529035,2024,061529035,1,9,0,-1,-1,-1,-1,-1,-1,0,-1,-1,-1,0,-1,2,-1,6,3,-1,-1,1596,1,19,FORD FIESTA,-1,-1,0,-1
2024991418316,2024,991418316,1,9,0,-1,19,8,4,-1,0,0,1,0,0,0,3,1,-1,6,2,41,7,1242,1,11,FORD FIESTA,3,-1,0,1
2024302401593,2024,302401593,2,9,0,9,9,5,2,0,0,7,0,0,0,0,1,1,6,6,1,34,6,1084,1,5,FORD FIESTA,9,E01029686,0,4
2024052401668,2024,052401668,2,9,0,3,3,1,5,0,0,0,0,0,0,0,1,1,6,6,2,52,8,1084,1,6,FORD FIESTA,4,E01006846,0,1
2024471507113,2024,471507113,1,9,0,-1,19,2,6,-1,0,1,0,0,0,0,4,1,-1,6,1,60,9,1388,1,17,FORD FIESTA,5,E01024420,0,4
2024401399439,2024,401399439,1,9,0,-1,19,-1,-1,-1,0,0,0,0,0,0,1,9,-1,6,2,79,11,998,1,7,FORD FIESTA,7,E01017420,0,3
2024461410954,2024,461410954,1,9,0,-1,19,7,3,-1,0,1,0,0,3,0,1,1,-1,1,1,21,5,1388,1,17,FORD FIESTA,3,E01024176,0,1
2024421422089,2024,421422089,2,9,0,-1,19,5,1,-1,0,1,0,0,0,0,1,1,-1,2,1,19,4,999,1,4,FORD FIESTA,6,E01021355,0,1
2024421488399,2024,421488399,2,9,0,-1,19,4,2,-1,0,8,1,0,0,0,3,1,-1,9,2,30,6,1242,1,7,FORD FIESTA,4,E01021423,0,1
2024231531246,2024,231531246,1,9,0,-1,19,1,5,-1,0,8,0,0,0,0,1,9,-1,9,2,33,6,1084,1,6,FORD FIESTA,10,E01031157,0,1
2024010538664,2024,010538664,3,9,0,2,2,0,0,0,0,2,0,0,0,0,0,1,6,6,3,-1,-1,998,1,10,FORD FIESTA,-1,-1,0,-1
2024201469455,2024,201469455,2,9,0,-1,19,5,1,-1,0,0,0,0,0,0,3,1,-1,6,2,67,10,1242,1,8,FORD FIESTA,3,E01009597,0,1
2024010523401,2024,010523401,1,9,0,99,99,9,9,99,99,9,9,99,9,99,1,9,6,6,1,57,9,998,1,7,FORD FIESTA,7,E01001308,0,3
2024211497785,2024,211497785,1,9,0,-1,19,3,7,-1,0,0,0,0,0,0,1,1,-1,6,1,31,6,1242,1,10,FORD FIESTA,-1,-1,0,-1
2024371480960,2024,371480960,1,9,-1,-1,-1,-1,-1,-1,-1,0,-1,-1,-1,0,-1,9,-1,6,2,59,9,1399,2,15,FORD FIESTA,5,E01030188,0,1
2024052400487,2024,052400487,1,9,0,18,19,4,8,0,0,1,0,0,0,0,1,1,6,6,2,53,8,998,1,6,FORD FIESTA,7,E01011719,0,5
2024430123579,2024,430123579,2,9,0,4,4,7,3,0,0,0,0,0,0,0,2,1,2,2,2,21,5,998,1,6,FORD FIESTA,1,E01016744,0,1
2024631424077,2024,631424077,2,9,0,-1,19,6,2,-1,0,8,0,0,0,0,4,1,-1,9,1,17,4,1242,1,12,FORD FIESTA,6,W01002002,0,1
2024231422652,2024,231422652,2,9,0,-1,19,4,8,-1,0,0,0,0,0,0,2,9,-1,9,1,19,4,1242,1,14,FORD FIESTA,3,E01031176,0,1
2024471489870,2024,471489870,1,9,0,-1,19,8,3,-1,0,0,1,0,7,1,1,1,-1,9,1,38,7,1242,1,10,FORD FIESTA,1,E01020972,0,2
2024411425391,2024,411425391,1,9,0,-1,19,6,2,-1,0,8,5,0,3,0,3,1,-1,2,2,24,5,1499,2,11,FORD FIESTA,3,E01023774,0,2
2024461527525,2024,461527525,2,9,0,-1,4,1,1,-1,0,0,1,0,0,0,2,1,-1,6,1,84,11,998,1,7,FORD FIESTA,-1,-1,0,-1
2024201474948,2024,201474948,1,9,0,-1,19,8,4,-1,0,0,0,0,0,0,0,1,-1,1,1,19,4,1299,1,22,FORD FIESTA,4,E01010457,0,1
2024440071904,2024,440071904,2,9,0,17,19,1,6,0,0,0,0,0,0,0,1,1,6,6,1,28,6,1242,1,21,FORD FIESTA,6,E01023025,0,1
2024131406759,2024,131406759,1,9,0,-1,5,4,8,-1,0,8,0,0,0,0,1,1,-1,2,2,45,7,1596,1,21,FORD FIESTA,4,E01011184,0,2
2024552400243,2024,552400243,1,9,0,9,9,6,5,0,0,8,0,0,0,0,3,1,6,6,1,36,7,1388,1,20,FORD FIESTA,9,E01015316,0,1
2024440372513,2024,440372513,1,9,0,2,2,0,0,6,6,0,0,0,0,0,0,1,6,6,3,-1,-1,999,1,3,FORD FIESTA,-1,-1,0,-1
2024131491263,2024,131491263,1,9,0,-1,19,3,7,-1,0,1,0,0,0,0,0,1,-1,9,2,28,6,998,1,5,FORD FIESTA,9,E01010954,0,1
2024131519197,2024,131519197,1,9,0,-1,19,7,3,-1,0,0,0,0,0,0,1,1,-1,9,2,21,5,1399,2,12,FORD FIESTA,6,E01011408,0,1
2024622400463,2024,622400463,2,9,0,3,3,6,2,0,0,1,0,0,0,0,2,1,2,2,1,18,4,999,1,4,FORD FIESTA,1,W01001266,0,1
2024332400879,2024,332400879,1,9,0,-1,19,6,1,-1,0,0,0,0,1,1,1,1,-1,9,2,50,8,1084,1,6,FORD FIESTA,7,E01025626,0,1
2024332401089,2024,332401089,1,9,0,-1,19,8,4,-1,0,6,1,0,3,4,1,1,-1,6,1,20,4,1242,1,13,FORD FIESTA,3,E01009237,0,4
2024501412972,2024,501412972,1,9,0,-1,5,8,4,-1,0,0,0,0,0,0,1,1,-1,6,1,76,11,1388,1,15,FORD FIESTA,7,E01020021,0,3
2024421535212,2024,421535212,1,9,0,-1,9,5,3,-1,0,8,0,0,0,0,1,1,-1,9,1,18,4,1399,2,13,FORD FIESTA,5,E01021501,0,3
2024991452809,2024,991452809,1,9,0,-1,19,3,7,-1,0,1,0,0,0,0,1,1,-1,9,1,19,4,1596,1,7,FORD FIESTA,8,-1,0,2
2024061420437,2024,061420437,1,9,0,-1,19,4,8,-1,0,0,0,0,0,0,3,1,-1,6,2,70,10,1399,2,15,FORD FIESTA,-1,-1,0,-1
2024371477209,2024,371477209,1,9,0,-1,4,1,5,-1,0,1,0,4,0,0,1,1,-1,9,2,47,8,998,1,11,FORD FIESTA,9,E01030233,0,1
2024440334770,2024,440334770,3,9,0,10,10,4,8,0,0,1,0,0,0,0,1,1,6,6,1,18,4,998,1,5,FORD FIESTA,4,E01022999,0,1
2024311441740,2024,311441740,1,9,0,-1,9,5,3,-1,0,6,0,0,0,0,1,1,-1,6,1,46,8,1242,1,7,FORD FIESTA,5,E01019669,0,2
2024201516391,2024,201516391,1,9,0,-1,19,2,6,-1,0,0,0,0,0,0,1,1,-1,6,1,-1,-1,1388,1,15,FORD FIESTA,1,E01009124,0,2
2024131471816,2024,131471816,2,9,0,-1,19,5,1,-1,0,4,0,0,0,0,1,1,-1,6,-1,-1,-1,1399,2,17,FORD FIESTA,-1,-1,0,-1
2024302500261,2024,302500261,1,9,0,-1,9,1,7,-1,0,8,0,0,0,0,1,1,-1,9,1,61,9,-1,-1,-1,FORD FIESTA,2,E01019567,0,1
2024010502308,2024,010502308,2,9,0,2,2,0,0,0,0,0,0,0,0,0,2,1,6,6,3,-1,-1,1299,1,21,FORD FIESTA,-1,-1,0,-1
202454E718024,2024,54E718024,2,9,0,9,9,1,7,0,0,1,0,0,0,0,1,1,2,2,1,51,8,1999,1,17,FORD FIESTA,6,E01032119,0,3
2024371418402,2024,371418402,2,9,0,-1,3,3,7,-1,0,0,0,0,0,0,2,1,-1,9,1,65,9,1399,2,18,FORD FIESTA,3,E01030255,0,1
2024440021854,2024,440021854,2,9,0,17,19,7,4,0,0,0,0,0,1,7,4,1,6,6,2,67,10,1560,2,10,FORD FIESTA,10,E01022590,0,1
2024131406780,2024,131406780,2,9,0,-1,8,5,1,-1,0,1,0,0,0,0,2,1,-1,6,2,44,7,998,1,1,FORD FIESTA,3,E01010703,0,2
2024302400282,2024,302400282,2,9,0,3,3,7,2,0,0,1,0,0,0,0,2,1,6,6,2,47,8,1388,1,12,FORD FIESTA,3,E01019508,0,3
2024361490268,2024,361490268,1,9,0,-1,19,5,1,-1,0,0,0,4,0,0,1,1,-1,6,2,18,4,1242,1,12,FORD FIESTA,4,E01026705,0,1
2024010504742,2024,010504742,2,9,0,99,99,9,9,99,99,9,0,99,0,0,9,9,6,6,1,40,7,1242,1,11,FORD FIESTA,3,E01002370,0,1
2024131496480,2024,131496480,1,9,0,-1,19,7,7,-1,0,0,0,0,0,0,2,1,-1,9,2,19,4,1242,1,8,FORD FIESTA,1,E01011667,0,1
2024201519229,2024,201519229,1,9,0,-1,19,3,7,-1,0,8,0,0,0,0,4,9,-1,6,2,40,7,998,1,10,FORD FIESTA,4,E01009169,0,1
2024451457140,2024,451457140,1,9,0,-1,7,3,7,-1,0,6,0,0,0,0,1,1,-1,6,1,87,11,1388,1,15,FORD FIESTA,4,E01030634,0,1
2024010551471,2024,010551471,2,9,0,7,7,5,7,0,0,1,0,0,0,0,4,1,6,6,2,30,6,1596,1,9,FORD FIESTA,7,E01030414,0,1
2024552401396,2024,552401396,1,9,0,9,9,4,2,0,0,5,0,0,0,0,4,1,6,6,2,19,4,998,1,6,FORD FIESTA,8,E01015422,0,1
2024311490738,2024,311490738,2,9,0,-1,19,6,2,-1,0,1,0,0,7,0,1,1,-1,6,2,56,9,1242,1,21,FORD FIESTA,2,E01013897,0,3
2024041448304,2024,041448304,1,9,0,-1,19,7,3,-1,0,1,0,0,0,0,1,1,-1,9,1,48,8,998,1,2,FORD FIESTA,8,E01025180,0,2
2024201497088,2024,201497088,2,9,0,-1,3,6,2,-1,0,0,0,0,0,0,2,1,-1,6,1,24,5,1242,1,17,FORD FIESTA,7,E01035040,0,5
2024461526066,2024,461526066,1,9,0,-1,19,1,5,-1,0,1,0,0,0,0,4,9,-1,6,1,19,4,1242,1,12,FORD FIESTA,6,E01016142,0,1
202417M203424,2024,17M203424,2,9,0,18,19,4,8,0,0,1,0,0,0,0,1,1,6,6,2,-1,-1,999,8,1,FORD FIESTA,1,E01012077,0,1
2024052401766,2024,052401766,1,9,0,9,9,3,1,0,0,8,0,0,0,0,1,1,6,6,1,25,5,1242,1,15,FORD FIESTA,3,E01020799,0,5
2024501413852,2024,501413852,2,9,0,-1,3,6,2,-1,0,0,0,0,0,0,-1,9,-1,9,1,32,6,1560,2,17,FORD FIESTA,2,E01015170,0,1
2024622400361,2024,622400361,2,9,0,17,19,6,2,0,0,0,0,0,0,0,1,1,6,6,1,19,4,1499,2,8,FORD FIESTA,1,W01001144,0,1
2024501474536,2024,501474536,1,9,0,-1,19,6,2,-1,0,1,2,0,0,0,1,1,-1,9,1,18,4,1299,1,23,FORD FIESTA,6,E01020533,0,1
2024461411535,2024,461411535,2,9,0,-1,2,0,0,-1,0,2,0,0,0,0,2,1,-1,6,-1,-1,-1,1388,1,18,FORD FIESTA,-1,-1,0,-1
2024361448994,2024,361448994,1,9,0,-1,19,3,7,-1,0,2,0,4,0,0,1,9,-1,6,3,-1,-1,1596,1,15,FORD FIESTA,-1,-1,0,-1
2024221520138,2024,221520138,1,9,0,-1,9,8,6,-1,0,5,0,0,0,0,1,1,-1,6,1,88,11,998,1,7,FORD FIESTA,5,E01014021,0,1
2024430108384,2024,430108384,1,9,0,7,7,2,5,0,0,4,0,0,0,0,2,1,3,7,1,31,6,1242,1,13,FORD FIESTA,8,E01016232,0,3
2024421419672,2024,421419672,2,9,0,-1,7,5,7,-1,0,6,0,0,0,0,4,1,-1,9,2,74,10,1242,1,9,FORD FIESTA,3,E01021260,0,1
2024461423477,2024,461423477,4,9,0,-1,19,1,5,-1,0,0,0,0,0,0,0,1,-1,9,1,35,6,1084,1,6,FORD FIESTA,7,E01024602,0,2
2024122400492,2024,122400492,1,9,0,18,19,1,5,0,0,0,0,0,0,0,1,1,6,6,1,19,4,1388,1,13,FORD FIESTA,5,E01027608,0,1
2024461461947,2024,461461947,2,9,0,-1,19,4,8,-1,0,4,0,0,0,0,3,2,-1,9,1,23,5,1242,1,14,FORD FIESTA,2,E01003187,0,4
2024131512770,2024,131512770,3,9,0,-1,2,0,0,-1,0,2,0,0,0,0,2,1,-1,6,-1,-1,-1,1399,2,14,FORD FIESTA,-1,-1,0,-1
2024991539220,2024,991539220,1,9,0,-1,9,1,5,-1,0,5,0,0,0,0,1,1,-1,6,1,62,9,998,1,8,FORD FIESTA,3,-1,0,1
2024610025324,2024,610025324,2,9,0,18,19,6,2,0,0,0,0,0,0,0,1,1,6,6,2,23,5,1560,2,13,FORD FIESTA,7,E01035218,0,4
2024461416616,2024,461416616,1,9,0,-1,19,3,7,-1,0,0,1,7,0,0,1,1,-1,6,2,19,4,1388,1,13,FORD FIESTA,6,E01030550,0,4
2024041512475,2024,041512475,2,9,0,-1,19,7,3,-1,0,0,0,0,0,0,1,9,-1,2,2,29,6,1388,1,22,FORD FIESTA,9,E01025519,0,4
2024451450531,2024,451450531,1,9,0,-1,19,6,2,-1,0,0,0,0,0,0,2,1,-1,2,1,36,7,999,1,4,FORD FIESTA,2,E01034727,0,4
2024440356764,2024,440356764,1,9,0,18,19,6,2,0,0,0,0,0,0,7,0,1,6,6,1,20,4,999,1,4,FORD FIESTA,2,E01011854,0,5
2024421422268,2024,421422268,1,9,0,-1,5,6,2,-1,0,0,0,0,0,0,4,1,-1,9,2,66,10,998,1,7,FORD FIESTA,8,E01035160,0,2
2024361432284,2024,361432284,3,9,0,-1,2,0,0,-1,0,0,0,0,0,0,2,1,-1,6,1,75,10,1242,1,9,FORD FIESTA,2,E01026425,0,1
2024622400762,2024,622400762,1,9,0,18,19,2,6,0,0,1,0,0,1,3,1,1,2,2,2,32,6,1560,2,10,FORD FIESTA,8,W01001420,0,3
2024010507833,2024,010507833,3,9,0,18,19,2,6,0,0,0,0,0,0,0,1,1,2,2,2,35,6,1242,1,13,FORD FIESTA,6,E01002555,0,1
2024061514966,2024,061514966,1,9,0,-1,9,-1,-1,-1,0,3,0,0,0,0,4,1,-1,9,1,27,6,1242,1,11,FORD FIESTA,6,E01005010,0,1
2024520002044,2024,520002044,1,9,0,7,7,3,5,0,0,8,0,0,1,2,4,1,6,6,2,18,4,1560,2,14,FORD FIESTA,6,E01029021,0,2
2024041467562,2024,041467562,1,9,0,-1,19,1,5,-1,0,2,0,0,0,0,4,1,-1,9,1,60,9,1499,2,11,FORD FIESTA,1,E01012681,0,1
2024332401097,2024,332401097,1,9,0,-1,19,8,4,-1,0,0,1,0,1,3,1,1,-1,2,1,48,8,-1,-1,-1,FORD FIESTA,6,E01026309,0,4
2024421428157,2024,421428157,1,9,0,-1,19,3,7,-1,0,1,0,0,0,0,1,9,-1,6,1,-1,-1,1596,1,9,FORD FIESTA,-1,-1,0,-1
2024351500435,2024,351500435,1,9,0,-1,-1,-1,-1,-1,-1,-1,-1,-1,-1,0,1,1,-1,6,2,60,9,1388,1,18,FORD FIESTA,5,E01018213,0,2
2024071074082,2024,071074082,1,9,0,-1,3,6,6,-1,0,4,0,0,0,0,2,1,-1,1,2,60,9,998,1,7,FORD FIESTA,9,E01018568,0,1
2024332400642,2024,332400642,2,9,0,-1,9,1,7,-1,0,6,0,0,0,0,3,1,-1,6,1,65,9,999,1,4,FORD FIESTA,6,E01035104,0,2
2024461498051,2024,461498051,2,9,0,-1,19,3,7,-1,0,8,0,0,0,0,3,9,-1,9,2,34,6,1242,1,11,FORD FIESTA,2,E01016024,0,1
2024991483733,2024,991483733,1,9,0,-1,19,6,3,-1,0,0,1,0,0,0,2,1,-1,9,1,20,4,1242,1,14,FORD FIESTA,6,-1,0,2
2024211515895,2024,211515895,1,9,0,-1,3,7,8,-1,0,1,0,0,0,0,2,1,-1,2,2,29,6,1388,1,18,FORD FIESTA,-1,-1,0,-1
2024991517328,2024,991517328,3,9,0,-1,2,0,0,-1,0,0,0,0,0,0,1,1,-1,6,-1,-1,-1,1242,1,15,FORD FIESTA,-1,-1,0,-1
2024231528105,2024,231528105,1,9,0,-1,7,2,4,-1,0,6,0,0,0,0,1,1,-1,6,1,30,6,1388,1,12,FORD FIESTA,-1,-1,0,-1
2024501405501,2024,501405501,2,9,0,-1,19,5,1,-1,0,1,0,0,0,0,1,1,-1,2,2,60,9,1242,1,9,FORD FIESTA,9,E01019970,0,3
2024052401729,2024,052401729,2,9,0,18,19,4,8,0,0,0,0,0,0,0,2,1,6,6,2,27,6,1242,1,8,FORD FIESTA,3,W01000372,0,4
2024411430819,2024,411430819,2,9,0,-1,5,-1,-1,-1,0,4,0,0,0,0,3,9,-1,6,2,57,9,1242,1,9,FORD FIESTA,10,E01023745,0,1
2024401412070,2024,401412070,2,9,0,-1,4,-1,-1,-1,0,0,0,0,0,0,2,9,-1,6,1,23,5,1242,1,15,FORD FIESTA,3,E01001267,0,4
2024161434416,2024,161434416,3,9,0,-1,19,3,7,-1,0,8,0,0,0,0,1,1,-1,6,2,21,5,1560,2,16,FORD FIESTA,3,E01012999,0,3
2024430508863,2024,430508863,3,9,0,18,19,4,8,0,0,0,0,0,0,0,2,1,2,2,1,28,6,1499,2,9,FORD FIESTA,5,E01023827,0,4
2024320345694,2024,320345694,2,9,0,2,2,0,0,0,0,8,0,0,0,0,2,1,-1,-1,2,45,7,1560,2,14,FORD FIESTA,7,E01026398,0,3
2024622400241,2024,622400241,1,9,0,7,7,3,5,0,0,8,0,0,0,0,1,1,6,6,2,64,9,1596,1,12,FORD FIESTA,5,W01001147,0,1
2024430540489,2024,430540489,1,9,0,18,19,8,4,-1,-1,1,0,0,0,0,1,1,6,6,1,44,7,1999,1,16,FORD FIESTA,6,E01016754,0,1
2024421404793,2024,421404793,1,9,0,-1,1,3,7,-1,0,0,0,0,0,0,2,9,-1,9,1,17,4,999,8,1,FORD FIESTA,3,E01022007,0,1
2024201532487,2024,201532487,2,9,0,-1,19,5,1,-1,0,0,0,0,0,0,2,1,-1,6,1,90,11,1388,1,13,FORD FIESTA,7,E01010389,0,1
2024401463375,2024,401463375,1,9,0,-1,19,3,7,-1,0,0,0,4,0,0,1,1,-1,6,1,50,8,999,8,1,FORD FIESTA,2,E01015720,0,1
2024461480632,2024,461480632,1,9,0,-1,19,4,8,-1,0,1,2,0,0,0,1,1,-1,6,1,53,8,-1,-1,-1,FORD FIESTA,7,E01024073,0,4
2024320496041,2024,320496041,4,9,0,3,3,8,4,0,0,1,0,0,0,0,1,1,6,6,2,76,11,998,1,10,FORD FIESTA,6,E01026315,0,1
202460Q019839,2024,60Q019839,2,9,0,17,19,4,2,0,0,0,0,0,0,0,1,1,6,6,1,30,6,1242,1,7,FORD FIESTA,-1,-1,0,-1
2024061488223,2024,061488223,1,9,0,-1,4,6,1,-1,0,0,0,0,0,0,2,1,-1,9,1,19,4,1084,1,6,FORD FIESTA,2,E01006575,0,4
2024421408902,2024,421408902,2,9,0,-1,8,4,7,-1,0,4,0,0,0,0,3,9,-1,6,1,19,4,1242,1,14,FORD FIESTA,5,E01035166,0,1
2024211509072,2024,211509072,2,9,0,-1,19,8,4,-1,0,1,0,0,0,0,4,1,-1,9,1,36,7,1399,2,14,FORD FIESTA,3,E01014282,0,1
2024501532224,2024,501532224,1,9,0,-1,19,2,6,-1,0,0,0,0,8,11,1,1,-1,9,2,20,4,1242,1,16,FORD FIESTA,8,E01019889,0,1
2024221405160,2024,221405160,1,9,0,-1,19,8,4,-1,0,0,0,0,7,10,1,9,-1,6,1,23,5,1596,1,9,FORD FIESTA,5,E01022231,0,3