collision_index,collision_year,collision_ref_no,vehicle_reference,vehicle_type,towing_and_articulation,vehicle_manoeuvre_historic,vehicle_manoeuvre,vehicle_direction_from,vehicle_direction_to,vehicle_location_restricted_lane_historic,vehicle_location_restricted_lane,junction_location,skidding_and_overturning,hit_object_in_carriageway,vehicle_leaving_carriageway,hit_object_off_carriageway,first_point_of_impact,vehicle_left_hand_drive,journey_purpose_of_driver_historic,journey_purpose_of_driver,sex_of_driver,age_of_driver,age_band_of_driver,engine_capacity_cc,propulsion_code,age_of_vehicle,generic_make_model,driver_imd_decile,lsoa_of_driver,escooter_flag,driver_distance_banding
2024101525074,2024,101525074,1,9,0,-1,19,6,2,-1,0,0,0,0,0,0,1,1,-1,7,2,51,8,1399,2,15,FORD FIESTA,2,E01008662,0,1
2024610037224,2024,610037224,1,9,0,5,5,7,1,0,0,1,0,0,0,0,4,1,6,6,2,37,7,1560,2,14,FORD FIESTA,4,W01001445,0,1
2024311421467,2024,311421467,1,9,0,-1,19,1,4,-1,0,0,0,0,0,0,1,1,-1,2,2,48,8,1499,2,9,FORD FIESTA,3,E01028340,0,3
2024231482227,2024,231482227,2,9,0,-1,2,0,0,-1,0,0,0,0,1,0,4,9,-1,9,1,50,8,998,1,5,FORD FIESTA,7,E01031188,0,4
2024201511515,2024,201511515,1,9,0,-1,19,6,2,-1,0,0,0,0,0,0,2,1,-1,6,2,20,4,1242,1,13,FORD FIESTA,10,E01029678,0,3
2024991405495,2024,991405495,1,9,0,-1,19,3,7,-1,0,0,0,0,1,10,1,9,-1,6,2,19,4,1242,1,14,FORD FIESTA,-1,-1,0,-1
2024320178669,2024,320178669,1,9,0,-1,-1,2,6,6,6,0,0,0,0,0,1,1,-1,-1,2,66,10,1560,2,10,FORD FIESTA,4,E01026067,0,3
2024201490273,2024,201490273,2,9,0,-1,12,7,3,-1,0,8,0,0,0,0,4,1,-1,6,2,66,10,998,1,6,FORD FIESTA,2,E01009832,0,1
2024411409736,2024,411409736,1,9,0,-1,12,8,4,-1,0,0,1,0,0,0,4,1,-1,2,1,33,6,1242,1,18,FORD FIESTA,5,E01023755,0,1
2024010498075,2024,010498075,2,9,9,99,99,9,9,99,99,9,9,99,9,99,9,9,6,6,3,-1,-1,998,1,9,FORD FIESTA,-1,-1,0,-1
2024440454026,2024,440454026,5,9,0,4,4,2,6,0,0,0,0,0,0,0,1,1,1,1,1,27,6,999,1,3,FORD FIESTA,-1,-1,0,-1
2024522401652,2024,522401652,1,9,0,7,7,1,2,0,0,6,0,0,0,0,1,1,6,6,2,35,6,1242,1,7,FORD FIESTA,5,E01014641,0,1
2024010550522,2024,010550522,1,9,0,18,19,3,7,0,0,1,0,0,0,0,1,1,6,6,2,34,6,1242,1,14,FORD FIESTA,4,E01004258,0,1
2024451419024,2024,451419024,2,9,0,-1,3,5,1,-1,0,0,0,0,0,0,1,9,-1,6,1,41,7,1388,1,15,FORD FIESTA,-1,-1,0,-1
2024201489552,2024,201489552,1,9,0,-1,19,8,4,-1,0,8,0,0,0,0,1,9,-1,6,1,54,8,998,1,8,FORD FIESTA,-1,-1,0,-1
2024111486340,2024,111486340,2,9,0,-1,9,3,5,-1,0,1,0,0,0,0,2,1,-1,9,1,19,4,-1,-1,-1,FORD FIESTA,5,E01020695,0,1
2024361421171,2024,361421171,2,9,0,-1,19,7,3,-1,0,0,0,0,7,0,1,1,-1,6,1,44,7,-1,-1,-1,FORD FIESTA,9,E01021661,0,4
2024010519568,2024,010519568,1,9,0,7,7,3,5,0,0,1,0,0,0,0,4,1,6,6,1,23,5,1596,1,13,FORD FIESTA,2,E01000508,0,3
2024061410709,2024,061410709,1,9,0,-1,19,5,1,-1,0,8,0,0,7,10,1,1,-1,9,1,32,6,1596,1,9,FORD FIESTA,2,E01005504,0,1
2024471412116,2024,471412116,2,9,0,-1,9,8,4,-1,0,2,0,0,0,0,3,1,-1,9,1,20,4,998,1,5,FORD FIESTA,5,E01030834,0,2
2024401455671,2024,401455671,5,9,0,-1,2,0,0,-1,0,1,0,0,0,0,2,1,-1,6,-1,-1,-1,1499,2,11,FORD FIESTA,-1,-1,0,-1
2024010524654,2024,010524654,1,9,0,7,7,6,1,0,0,1,0,0,0,0,1,1,2,2,2,33,6,998,1,11,FORD FIESTA,6,E01003218,0,1
2024302401126,2024,302401126,2,9,0,18,19,1,5,0,0,0,0,0,0,0,3,1,6,6,3,19,4,1399,2,15,FORD FIESTA,3,E01019536,0,1
2024061519840,2024,061519840,1,9,0,-1,2,0,0,-1,0,0,0,0,0,0,0,1,-1,9,2,77,11,1388,1,16,FORD FIESTA,2,E01005593,0,1
2024471427740,2024,471427740,2,9,0,-1,19,1,5,-1,0,1,0,0,7,0,1,1,-1,6,2,65,9,1242,1,18,FORD FIESTA,5,E01031687,0,1
2024622400447,2024,622400447,2,9,0,18,19,4,8,0,0,7,0,0,0,0,1,1,6,6,1,52,8,1242,1,17,FORD FIESTA,2,W01001990,0,1
2024010525035,2024,010525035,1,9,0,3,3,3,7,0,0,0,0,0,0,0,3,1,1,1,1,-1,-1,998,1,5,FORD FIESTA,3,E01003315,0,1
2024161470975,2024,161470975,1,9,0,-1,19,3,7,-1,0,4,0,0,0,0,0,1,-1,9,1,28,6,-1,-1,-1,FORD FIESTA,1,E01013279,0,1
2024991488737,2024,991488737,2,9,0,-1,5,1,4,-1,0,1,0,0,0,0,3,1,-1,6,1,20,4,1242,1,18,FORD FIESTA,2,-1,0,1
2024401542239,2024,401542239,1,9,0,-1,19,1,5,-1,0,0,0,0,0,0,1,2,-1,6,1,28,6,998,1,7,FORD FIESTA,4,E01015751,0,3
2024061452983,2024,061452983,1,9,0,-1,13,2,6,-1,0,1,0,0,0,0,4,1,-1,9,2,22,5,1242,1,7,FORD FIESTA,1,E01005475,0,1
2024522401817,2024,522401817,1,9,0,18,19,4,8,0,0,8,0,0,0,0,1,1,6,6,1,19,4,998,1,9,FORD FIESTA,8,E01014953,0,3
2024451510408,2024,451510408,1,9,0,-1,19,6,2,-1,0,0,1,6,1,10,4,1,-1,2,2,18,4,1388,1,16,FORD FIESTA,8,E01030803,0,2
2024549545524,2024,549545524,2,9,0,2,2,0,0,0,0,0,0,0,0,0,1,1,6,6,3,-1,-1,1242,1,12,FORD FIESTA,-1,-1,0,-1
2024302400308,2024,302400308,3,9,0,18,19,6,2,0,0,2,0,0,0,0,2,1,1,1,1,21,5,1299,1,21,FORD FIESTA,10,E01033190,0,5
2024131472188,2024,131472188,2,9,0,-1,19,2,2,-1,0,1,0,0,0,0,4,1,-1,9,2,47,8,1242,1,15,FORD FIESTA,3,E01011489,0,1
2024501527721,2024,501527721,2,9,0,-1,19,3,7,-1,0,0,0,0,0,0,2,1,-1,6,2,20,4,998,1,10,FORD FIESTA,8,E01015036,0,1
2024010535874,2024,010535874,1,9,0,17,19,3,7,0,0,0,0,0,0,0,1,1,6,6,1,94,11,998,1,7,FORD FIESTA,10,E01003889,0,1
2024371489206,2024,371489206,2,9,0,-1,19,5,8,-1,0,8,0,0,0,0,3,1,-1,2,2,49,8,998,1,6,FORD FIESTA,10,E01033319,0,1
2024052402059,2024,052402059,2,9,0,4,4,4,8,0,0,0,0,0,0,0,2,1,6,6,2,34,6,998,1,1,FORD FIESTA,5,E01006894,0,1
2024041465384,2024,041465384,2,9,0,-1,19,5,5,-1,0,0,0,0,0,0,4,1,-1,9,1,23,5,1242,1,7,FORD FIESTA,6,E01011214,0,4
2024221479258,2024,221479258,1,9,0,-1,19,5,1,-1,0,0,0,0,1,7,3,1,-1,6,1,39,7,1388,1,15,FORD FIESTA,4,E01022265,0,4
2024320197454,2024,320197454,1,9,0,-1,-1,6,2,0,0,4,1,7,0,0,1,1,1,1,1,20,4,1388,1,16,FORD FIESTA,5,E01026283,0,3
2024010505882,2024,010505882,1,9,0,9,9,7,5,0,0,2,0,0,0,0,1,1,2,2,2,37,7,1388,1,16,FORD FIESTA,4,E01002016,0,2
2024070225169,2024,070225169,1,9,0,9,9,6,4,0,0,8,0,0,0,0,1,1,6,6,2,23,5,998,1,7,FORD FIESTA,1,E01018738,0,2
2024010507408,2024,010507408,2,9,0,4,4,1,5,0,0,1,0,0,0,0,2,1,6,6,1,33,6,998,1,7,FORD FIESTA,5,E01002501,0,1
2024361449617,2024,361449617,1,9,0,-1,19,1,7,-1,0,1,1,0,0,0,1,1,-1,9,1,18,4,1299,1,24,FORD FIESTA,3,E01026683,0,4
2024302401551,2024,302401551,2,9,0,18,19,8,4,0,0,8,0,0,0,0,1,1,6,6,1,75,10,1242,1,21,FORD FIESTA,3,E01013474,0,1
2024411509853,2024,411509853,1,9,-1,-1,7,-1,-1,-1,0,1,-1,-1,-1,0,1,9,-1,6,3,-1,-1,998,1,2,FORD FIESTA,-1,-1,0,-1
2024631467147,2024,631467147,1,9,0,-1,19,1,6,-1,0,8,1,0,3,10,1,1,-1,2,1,19,4,1242,1,18,FORD FIESTA,6,W01000571,0,2
2024201482769,2024,201482769,1,9,0,-1,9,3,1,-1,0,6,1,0,1,2,3,1,-1,9,2,22,5,1242,1,15,FORD FIESTA,-1,-1,0,-1
2024131394543,2024,131394543,2,9,0,-1,19,1,5,-1,0,4,0,0,0,0,3,1,-1,9,1,18,4,998,1,11,FORD FIESTA,6,E01011156,0,1
2024010530575,2024,010530575,1,9,0,1,1,1,5,0,0,0,0,0,0,0,3,1,6,6,2,20,4,998,1,11,FORD FIESTA,3,E01003286,0,3
2024411432981,2024,411432981,1,9,0,-1,4,5,1,-1,0,0,0,0,0,0,2,1,-1,9,1,25,5,1560,2,14,FORD FIESTA,2,E01001439,0,1
202417H103424,2024,17H103424,1,9,0,-1,7,1,3,-1,0,2,1,0,0,0,1,1,-1,9,1,17,4,998,1,5,FORD FIESTA,-1,-1,0,-1
2024211486334,2024,211486334,1,9,0,-1,19,1,5,-1,0,0,0,0,0,0,1,1,-1,6,1,68,10,1388,1,21,FORD FIESTA,-1,-1,0,-1
2024440501471,2024,440501471,1,9,0,9,9,7,5,0,0,8,0,0,0,0,3,1,6,6,1,18,4,1242,1,14,FORD FIESTA,-1,-1,0,-1
2024421508161,2024,421508161,3,9,0,-1,2,0,0,-1,0,0,1,0,0,0,2,1,-1,2,1,47,8,1242,1,8,FORD FIESTA,3,E01016005,0,3
2024041479453,2024,041479453,1,9,0,-1,19,3,7,-1,0,0,0,0,4,2,4,1,-1,6,1,20,4,1596,1,16,FORD FIESTA,1,E01024925,0,1
2024501502115,2024,501502115,1,9,0,-1,19,4,8,-1,0,0,0,0,0,0,3,1,-1,6,1,25,5,998,1,8,FORD FIESTA,3,E01015084,0,3
2024131423394,2024,131423394,1,9,0,-1,3,7,3,-1,0,0,0,0,0,0,2,1,-1,6,1,48,8,998,1,5,FORD FIESTA,5,E01010818,0,1
2024201413419,2024,201413419,4,9,0,-1,2,0,0,-1,0,0,0,0,0,0,4,1,-1,6,-1,-1,-1,1242,1,14,FORD FIESTA,-1,-1,0,-1
2024631414840,2024,631414840,1,9,0,-1,12,4,8,-1,0,0,0,0,7,10,1,1,-1,6,2,23,5,998,1,5,FORD FIESTA,8,W01001755,0,4
2024201482246,2024,201482246,3,9,0,-1,4,8,5,-1,0,1,0,0,0,0,1,1,-1,9,1,65,9,1084,1,2,FORD FIESTA,3,E01010262,0,1
2024131494513,2024,131494513,1,9,0,-1,19,1,3,-1,0,1,0,0,0,0,3,1,-1,9,1,86,11,998,1,10,FORD FIESTA,7,E01011561,0,2
2024010508564,2024,010508564,3,9,0,2,2,0,0,6,6,1,0,4,0,0,3,1,6,6,3,-1,-1,1242,1,11,FORD FIESTA,-1,-1,0,-1
2024061494618,2024,061494618,2,9,0,-1,19,4,8,-1,0,0,0,0,0,0,2,1,-1,6,1,86,11,1499,2,8,FORD FIESTA,6,E01004925,0,1
2024302400780,2024,302400780,2,9,0,18,19,6,2,0,0,1,0,0,0,0,1,1,6,6,1,21,5,998,1,6,FORD FIESTA,5,E01019866,0,3
2024631516951,2024,631516951,5,9,0,-1,19,5,1,-1,0,0,0,0,0,0,0,1,-1,1,1,21,5,1242,1,13,FORD FIESTA,10,W01000859,0,4
2024141477944,2024,141477944,1,9,0,-1,19,3,7,-1,0,0,1,0,2,11,1,1,-1,9,1,18,4,1388,1,17,FORD FIESTA,3,E01007667,0,2
2024421474687,2024,421474687,1,9,0,-1,19,3,7,-1,0,0,0,0,0,0,1,1,-1,1,2,37,7,1388,1,15,FORD FIESTA,4,E01022040,0,1
2024122400840,2024,122400840,1,9,0,18,19,7,3,0,0,0,0,0,0,0,1,1,1,1,2,24,5,1560,2,13,FORD FIESTA,4,E01007434,0,4
2024471479978,2024,471479978,1,9,0,-1,19,5,1,-1,0,1,0,0,0,0,0,1,-1,6,1,18,4,998,1,11,FORD FIESTA,8,E01031620,0,3
2024991514083,2024,991514083,1,9,0,-1,19,6,2,-1,0,0,0,0,0,0,1,1,-1,9,1,20,4,1242,1,11,FORD FIESTA,7,-1,0,1
2024622400773,2024,622400773,3,9,0,2,2,0,0,0,0,1,1,0,0,0,1,1,6,6,3,-1,-1,1242,1,9,FORD FIESTA,-1,-1,0,-1
2024010541283,2024,010541283,1,9,0,9,9,3,2,0,0,1,0,0,0,0,3,1,6,6,2,52,8,1242,1,11,FORD FIESTA,2,E01001875,0,1
2024501426498,2024,501426498,2,9,0,-1,9,2,6,-1,0,1,1,0,0,0,1,1,-1,9,1,39,7,1399,2,14,FORD FIESTA,6,E01019967,0,2
2024991509201,2024,991509201,1,9,0,-1,19,1,6,-1,2,8,0,0,0,0,4,1,-1,1,1,43,7,1399,2,15,FORD FIESTA,2,-1,0,3
2024221495246,2024,221495246,1,9,0,-1,9,2,8,-1,0,6,0,0,0,0,1,9,-1,6,1,18,4,1242,1,16,FORD FIESTA,2,E01028967,0,1
2024010506785,2024,010506785,1,9,0,9,9,3,1,0,0,1,0,0,0,0,1,1,6,6,3,-1,-1,1242,1,18,FORD FIESTA,-1,-1,0,-1
2024501495055,2024,501495055,1,9,0,-1,19,7,3,-1,0,0,0,0,0,0,1,1,-1,2,1,29,6,998,1,9,FORD FIESTA,6,E01020172,0,1
2024010507350,2024,010507350,2,9,0,10,10,7,5,0,0,1,0,0,0,0,1,1,6,6,1,19,4,1242,1,20,FORD FIESTA,3,E01030676,0,4
2024471453560,2024,471453560,2,9,0,-1,7,8,1,-1,0,6,0,0,0,0,1,1,-1,6,1,31,6,1242,1,20,FORD FIESTA,8,E01021215,0,1
2024451557083,2024,451557083,1,9,0,-1,9,7,4,-1,0,6,0,0,0,0,4,1,-1,9,2,80,11,998,1,9,FORD FIESTA,10,E01031725,0,1
2024371498430,2024,371498430,1,9,0,-1,19,1,2,-1,0,6,0,10,7,3,1,1,-1,6,2,22,5,998,1,10,FORD FIESTA,6,E01030194,0,2
2024340WN1102,2024,340WN1102,2,9,0,-1,19,5,1,-1,0,8,0,0,0,0,4,1,-1,9,2,46,8,998,1,10,FORD FIESTA,6,E01035020,0,2
2024010545007,2024,010545007,2,9,0,99,99,9,9,99,99,9,9,99,9,99,1,9,6,6,3,-1,-1,1242,1,11,FORD FIESTA,-1,-1,0,-1
2024471439952,2024,471439952,2,9,0,-1,4,4,8,-1,0,1,0,0,0,0,2,1,-1,9,2,17,4,1388,1,20,FORD FIESTA,5,E01031570,0,3
2024070839201,2024,070839201,2,9,0,-1,19,7,3,-1,0,1,0,0,0,0,3,1,-1,9,1,-1,-1,1399,2,16,FORD FIESTA,9,E01012502,0,1
2024351396344,2024,351396344,2,9,-1,-1,-1,-1,-1,-1,-1,-1,-1,-1,-1,0,-1,9,-1,7,2,64,9,998,1,6,FORD FIESTA,5,E01017953,0,2
2024201499865,2024,201499865,2,9,0,-1,19,3,7,-1,0,0,0,0,0,0,1,9,-1,6,2,41,7,1399,2,14,FORD FIESTA,5,E01010351,0,1
2024501519748,2024,501519748,1,9,0,-1,19,-1,-1,-1,0,0,0,0,0,0,4,1,-1,2,1,19,4,998,1,11,FORD FIESTA,5,E01018902,0,3
2024161394893,2024,161394893,2,9,0,-1,19,5,1,-1,0,8,0,0,0,0,1,1,-1,9,1,57,9,998,1,5,FORD FIESTA,1,E01012781,0,1
2024111462535,2024,111462535,2,9,0,-1,19,3,7,-1,0,1,0,0,0,0,1,1,-1,9,2,35,6,1242,1,21,FORD FIESTA,1,E01020807,0,1
2024231398146,2024,231398146,1,9,0,-1,19,8,4,-1,0,0,1,0,2,4,1,1,-1,1,1,48,8,1388,1,15,FORD FIESTA,6,E01029853,0,2
2024141525812,2024,141525812,1,9,0,-1,19,6,2,-1,0,1,0,11,0,0,1,1,-1,9,1,19,4,1560,2,13,FORD FIESTA,5,E01019782,0,2
2024991445489,2024,991445489,1,9,0,-1,10,5,1,-1,0,2,0,0,0,0,4,1,-1,6,1,32,6,1399,2,13,FORD FIESTA,1,-1,0,4
2024302401110,2024,302401110,1,9,0,17,19,2,8,0,0,2,1,0,1,10,1,1,6,6,1,17,4,1399,2,14,FORD FIESTA,6,E01019551,0,2
2024371466734,2024,371466734,1,9,0,-1,5,4,8,-1,0,0,0,0,0,0,3,1,-1,9,2,50,8,1399,2,12,FORD FIESTA,4,E01029960,0,1
2024010509729,2024,010509729,1,9,0,9,9,8,6,0,0,1,0,0,0,0,3,1,6,6,1,19,4,1242,1,14,FORD FIESTA,4,E01003841,0,1
2024010526901,2024,010526901,1,9,0,18,19,3,7,0,0,0,0,0,0,0,1,1,2,2,2,35,6,1242,1,11,FORD FIESTA,2,E01003243,0,2
2024201444389,2024,201444389,2,9,0,-1,3,2,6,-1,0,1,0,0,0,0,2,1,-1,1,2,36,7,1242,1,8,FORD FIESTA,10,E01010216,0,2
2024131530194,2024,131530194,1,9,0,-1,5,3,1,-1,0,6,0,0,0,0,1,1,-1,9,2,39,7,1388,1,18,FORD FIESTA,8,E01011297,0,1
2024610047424,2024,610047424,2,9,0,18,19,2,6,0,0,1,0,0,0,0,4,1,6,6,1,18,4,1560,2,16,FORD FIESTA,4,W01001632,0,1
2024461436368,2024,461436368,1,9,0,-1,19,7,3,-1,0,0,5,0,7,0,1,1,-1,2,2,26,6,1388,1,14,FORD FIESTA,6,E01024833,0,4
2024131449863,2024,131449863,1,9,0,-1,-1,-1,-1,-1,-1,0,-1,-1,-1,-1,-1,1,-1,6,3,-1,-1,1388,1,12,FORD FIESTA,-1,-1,0,-1
2024052401731,2024,052401731,2,9,0,18,19,3,7,0,0,1,0,0,0,0,1,1,6,6,1,70,10,1499,2,10,FORD FIESTA,1,E01006564,0,1
2024010518672,2024,010518672,2,9,0,99,99,9,9,99,99,9,9,99,9,99,1,9,6,6,3,75,10,1242,1,10,FORD FIESTA,4,E01000722,0,2
2024010517935,2024,010517935,3,9,0,18,19,7,3,0,0,2,0,0,0,0,4,1,6,6,1,30,6,1388,1,13,FORD FIESTA,-1,-1,0,-1
2024041405398,2024,041405398,1,9,0,-1,19,1,5,-1,0,1,0,0,0,0,1,1,-1,9,1,29,6,1560,2,11,FORD FIESTA,3,E01025571,0,2
2024340NN0332,2024,340NN0332,2,9,0,-1,4,5,1,-1,0,0,0,0,0,0,2,1,-1,6,1,30,6,998,1,10,FORD FIESTA,7,E01027343,0,2
2024161472772,2024,161472772,2,9,0,-1,9,1,7,-1,0,8,0,0,0,0,3,1,-1,1,1,43,7,1560,2,10,FORD FIESTA,-1,-1,0,-1
2024440393138,2024,440393138,2,9,0,15,15,2,6,0,0,0,0,0,0,0,4,1,3,7,1,28,6,1388,1,20,FORD FIESTA,5,E01023010,0,1
2024421485773,2024,421485773,2,9,0,-1,19,4,8,-1,0,1,0,0,0,0,1,1,-1,6,2,45,7,998,1,11,FORD FIESTA,2,E01015820,0,1
2024201508754,2024,201508754,2,9,0,-1,9,8,4,-1,0,0,0,0,0,0,2,9,-1,6,2,24,5,998,1,11,FORD FIESTA,4,E01009009,0,1
2024991410798,2024,991410798,2,9,0,-1,19,4,8,-1,0,8,0,0,0,0,1,1,-1,9,2,37,7,998,1,6,FORD FIESTA,10,-1,0,2
2024371466052,2024,371466052,2,9,0,-1,19,5,1,-1,0,0,0,0,0,0,4,1,-1,1,1,35,6,998,1,11,FORD FIESTA,3,E01029914,0,2
2024461529663,2024,461529663,1,9,0,-1,19,5,1,-1,0,0,0,0,0,0,1,9,-1,6,1,57,9,1388,1,16,FORD FIESTA,7,E01024355,0,1
2024520500018,2024,520500018,2,9,0,3,3,6,8,0,0,2,0,0,0,0,2,1,6,6,2,54,8,998,1,8,FORD FIESTA,5,E01029330,0,4
2024461520125,2024,461520125,3,9,0,-1,3,5,1,-1,0,0,0,0,0,0,2,1,-1,1,2,34,6,998,1,8,FORD FIESTA,1,E01024676,0,4
2024622400703,2024,622400703,2,9,0,2,2,0,0,0,0,0,0,0,0,0,3,1,6,6,3,-1,-1,998,1,6,FORD FIESTA,-1,-1,0,-1
2024531400432,2024,531400432,1,9,0,-1,19,1,5,-1,0,4,0,0,0,0,1,1,-1,2,1,26,6,1242,1,20,FORD FIESTA,10,E01022438,0,4
202460Q170472,2024,60Q170472,1,9,0,18,19,1,5,0,0,2,0,0,0,0,1,1,6,6,1,52,8,999,1,2,FORD FIESTA,-1,-1,0,-1
2024302401244,2024,302401244,1,9,0,9,9,4,2,0,0,1,0,0,0,0,3,1,6,6,1,22,5,1388,1,15,FORD FIESTA,1,E01019575,0,2
2024131403169,2024,131403169,2,9,0,-1,2,0,0,-1,0,0,0,4,0,0,3,1,-1,6,-1,-1,-1,998,1,7,FORD FIESTA,-1,-1,0,-1
2024451471106,2024,451471106,2,9,0,-1,19,3,7,-1,0,0,0,0,0,0,1,1,-1,2,2,30,6,1242,1,15,FORD FIESTA,8,E01030529,0,1
2024141486396,2024,141486396,1,9,0,-1,19,1,5,-1,0,8,0,0,0,0,1,1,-1,2,2,53,8,1388,1,15,FORD FIESTA,2,E01007697,0,1
2024010545474,2024,010545474,1,9,0,4,4,3,7,0,0,2,0,0,0,0,1,1,6,6,2,69,10,1596,1,8,FORD FIESTA,7,E01001583,0,1
2024440290784,2024,440290784,2,9,0,17,19,7,4,0,0,0,0,0,0,0,1,1,6,6,2,58,9,998,1,6,FORD FIESTA,5,E01022520,0,2
2024451528546,2024,451528546,1,9,0,-1,5,4,8,-1,0,0,0,0,0,0,1,2,-1,6,2,70,10,999,1,3,FORD FIESTA,9,E01030356,0,2
2024201531145,2024,201531145,1,9,0,-1,19,6,2,-1,0,0,0,0,0,0,1,9,-1,6,1,36,7,999,8,1,FORD FIESTA,7,E01009260,0,2
2024991500374,2024,991500374,2,9,0,-1,19,4,7,-1,0,0,0,0,0,0,1,1,-1,9,1,20,4,998,1,6,FORD FIESTA,7,-1,0,1
2024991452323,2024,991452323,2,9,0,-1,2,0,0,-1,0,1,0,0,0,0,4,1,-1,6,1,23,5,1388,1,15,FORD FIESTA,-1,-1,0,-1
2024501495051,2024,501495051,1,9,0,-1,19,3,7,-1,0,8,0,0,1,4,1,1,-1,6,1,24,5,1388,1,15,FORD FIESTA,7,E01014420,0,5
2024440019429,2024,440019429,1,9,0,18,19,2,6,0,0,8,0,0,0,0,1,1,6,6,1,21,5,1560,2,13,FORD FIESTA,5,E01034734,0,2
2024430204063,2024,430204063,1,9,0,18,19,1,6,0,0,8,0,0,0,0,1,1,6,6,2,82,11,999,1,4,FORD FIESTA,8,E01028726,0,1
2024231538529,2024,231538529,2,9,0,-1,3,7,3,-1,0,1,0,0,0,0,3,1,-1,2,2,28,6,998,1,6,FORD FIESTA,3,E01032536,0,1
2024411466743,2024,411466743,1,9,0,-1,5,1,5,-1,0,4,0,0,0,0,1,1,-1,2,1,19,4,998,1,9,FORD FIESTA,7,E01021801,0,4
2024161422228,2024,161422228,1,9,0,-1,19,3,7,-1,0,1,0,0,0,0,3,1,-1,9,2,77,11,998,1,10,FORD FIESTA,-1,-1,0,-1
2024501453282,2024,501453282,1,9,0,-1,19,6,1,-1,0,1,1,0,0,0,1,1,-1,9,1,18,4,1388,1,14,FORD FIESTA,7,E01015068,0,2
2024041511371,2024,041511371,1,9,0,-1,19,8,4,-1,0,0,1,0,7,0,1,1,-1,9,2,78,11,1242,1,15,FORD FIESTA,9,E01025437,0,1
2024010504958,2024,010504958,1,9,0,18,19,5,1,0,0,1,0,0,0,0,1,1,6,6,1,32,6,998,1,10,FORD FIESTA,4,E01000976,0,1
2024451399241,2024,451399241,1,9,0,-1,19,5,1,-1,0,0,0,0,0,0,4,1,-1,2,2,40,7,998,1,7,FORD FIESTA,10,E01031615,0,4
2024231408619,2024,231408619,1,9,0,-1,19,4,8,-1,0,0,0,4,1,4,1,1,-1,6,1,22,5,1299,1,22,FORD FIESTA,10,E01031123,0,1
2024122400675,2024,122400675,1,9,0,9,9,5,3,0,0,1,0,0,0,0,1,1,6,6,3,-1,-1,1388,1,17,FORD FIESTA,-1,-1,0,-1
2024421425387,2024,421425387,2,9,0,-1,19,3,7,-1,0,1,0,0,0,0,3,1,-1,6,2,64,9,999,1,4,FORD FIESTA,2,E01021286,0,2
2024201504959,2024,201504959,1,9,0,-1,4,5,1,-1,0,0,0,0,0,0,1,1,-1,6,2,53,8,1242,1,17,FORD FIESTA,6,E01029640,0,1
2024421502718,2024,421502718,2,9,0,-1,5,5,1,-1,0,8,0,0,0,0,1,1,-1,9,1,26,6,1388,1,15,FORD FIESTA,6,E01021509,0,2
2024461396547,2024,461396547,1,9,0,-1,19,3,7,-1,0,0,0,0,0,0,4,1,-1,6,1,21,5,1242,1,12,FORD FIESTA,2,E01024294,0,1
2024201459638,2024,201459638,1,9,0,-1,19,8,4,-1,0,1,0,0,0,0,1,1,-1,6,1,20,4,998,1,9,FORD FIESTA,1,E01009321,0,2
2024061528229,2024,061528229,3,9,0,-1,2,0,0,-1,0,8,0,0,0,0,3,1,-1,6,-1,-1,-1,998,1,11,FORD FIESTA,-1,-1,0,-1
2024451473186,2024,451473186,1,9,0,-1,9,7,3,-1,0,1,0,0,1,10,1,1,-1,6,1,19,4,998,1,5,FORD FIESTA,10,E01030773,0,1
2024320697961,2024,320697961,1,9,0,9,9,4,2,0,0,6,0,0,0,0,2,1,-1,-1,2,29,6,998,1,6,FORD FIESTA,5,E01018079,0,4
2024041499566,2024,041499566,1,9,0,-1,19,6,2,-1,0,0,0,0,0,0,4,1,-1,9,1,21,5,998,1,5,FORD FIESTA,4,E01024891,0,1
2024991534765,2024,991534765,2,9,0,-1,2,0,0,-1,0,0,0,0,0,0,2,1,-1,6,-1,-1,-1,999,1,3,FORD FIESTA,-1,-1,0,-1
2024201436222,2024,201436222,2,9,0,-1,9,7,4,-1,0,5,0,0,0,0,1,9,-1,6,2,58,9,1242,1,9,FORD FIESTA,1,E01009056,0,1
2024440276755,2024,440276755,1,9,0,18,19,5,1,0,0,0,0,0,0,0,1,1,2,2,2,39,7,1242,1,9,FORD FIESTA,7,E01017294,0,2
2024451461373,2024,451461373,1,9,0,-1,3,1,5,-1,0,8,0,0,0,0,2,1,-1,9,1,20,4,1242,1,12,FORD FIESTA,10,E01030379,0,1
2024101458055,2024,101458055,2,9,0,-1,3,3,7,-1,0,0,0,0,0,0,2,1,-1,9,1,63,9,1242,1,10,FORD FIESTA,-1,-1,0,-1
2024991411443,2024,991411443,1,9,0,-1,9,1,5,-1,0,1,0,0,0,0,1,1,-1,9,1,38,7,1242,1,12,FORD FIESTA,2,-1,0,1