collision_index,collision_year,collision_ref_no,vehicle_reference,vehicle_type,towing_and_articulation,vehicle_manoeuvre_historic,vehicle_manoeuvre,vehicle_direction_from,vehicle_direction_to,vehicle_location_restricted_lane_historic,vehicle_location_restricted_lane,junction_location,skidding_and_overturning,hit_object_in_carriageway,vehicle_leaving_carriageway,hit_object_off_carriageway,first_point_of_impact,vehicle_left_hand_drive,journey_purpose_of_driver_historic,journey_purpose_of_driver,sex_of_driver,age_of_driver,age_band_of_driver,engine_capacity_cc,propulsion_code,age_of_vehicle,generic_make_model,driver_imd_decile,lsoa_of_driver,escooter_flag,driver_distance_banding
2024471440090,2024,471440090,2,9,0,-1,19,6,2,-1,0,1,0,0,0,0,1,9,-1,9,1,47,8,1242,1,18,FORD FIESTA,3,E01020937,0,1
2024131504027,2024,131504027,2,9,0,-1,8,7,3,-1,0,4,0,0,0,0,2,1,-1,9,2,27,6,1596,1,12,FORD FIESTA,2,E01011814,0,1
2024031402463,2024,031402463,1,9,0,-1,15,1,5,-1,0,0,0,0,0,0,1,9,-1,2,2,20,4,1242,1,10,FORD FIESTA,6,E01034075,0,3
2024010523120,2024,010523120,1,9,9,99,99,9,9,99,99,9,9,99,9,99,9,9,6,6,3,-1,-1,1242,1,10,FORD FIESTA,-1,-1,0,-1
2024451504131,2024,451504131,1,9,0,-1,10,1,3,-1,0,1,0,0,0,0,2,1,-1,9,1,43,7,998,1,10,FORD FIESTA,9,E01030317,0,2
2024061411194,2024,061411194,1,9,0,-1,19,3,7,-1,0,1,0,0,0,0,1,1,-1,9,1,90,11,1242,1,9,FORD FIESTA,9,E01025538,0,1
2024371471282,2024,371471282,1,9,0,-1,19,4,8,-1,0,1,0,0,0,0,4,1,-1,9,2,45,7,1242,1,15,FORD FIESTA,6,E01030039,0,2
2024061495060,2024,061495060,2,9,0,-1,1,1,5,-1,0,0,0,11,0,0,3,1,-1,6,1,59,9,1242,1,16,FORD FIESTA,9,E01022372,0,5
2024440273350,2024,440273350,2,9,0,18,19,3,7,0,0,0,0,0,4,6,4,1,6,6,2,56,9,999,1,3,FORD FIESTA,10,E01000682,0,5
2024070333981,2024,070333981,1,9,0,18,19,5,1,0,0,8,0,9,3,1,1,1,6,6,1,80,11,998,1,6,FORD FIESTA,9,E01005809,0,3
2024991474489,2024,991474489,2,9,0,-1,4,3,7,-1,0,4,0,0,0,0,2,1,-1,1,2,46,8,1242,1,15,FORD FIESTA,2,-1,0,2
2024201451440,2024,201451440,1,9,0,-1,5,5,8,-1,0,0,0,0,0,0,3,1,-1,6,1,40,7,1388,1,18,FORD FIESTA,1,E01009079,0,1
2024610005424,2024,610005424,1,9,0,9,9,6,4,0,0,1,0,0,0,0,4,1,6,6,1,19,4,1242,1,15,FORD FIESTA,6,W01001680,0,1
2024052401681,2024,052401681,2,9,0,18,19,2,6,0,0,0,0,0,0,0,1,1,6,6,2,48,8,1560,2,13,FORD FIESTA,1,E01006505,0,1
2024131491305,2024,131491305,1,9,0,-1,4,6,2,-1,0,8,0,0,0,0,2,1,-1,6,1,72,10,998,1,5,FORD FIESTA,3,E01011249,0,3
2024471519658,2024,471519658,1,9,0,-1,19,1,5,-1,0,2,0,0,0,0,1,1,-1,9,2,83,11,998,1,9,FORD FIESTA,10,E01035348,0,4
2024451401458,2024,451401458,2,9,0,-1,4,5,1,-1,0,0,1,0,0,0,1,1,-1,9,1,52,8,1242,1,14,FORD FIESTA,1,W01001219,0,5
2024010530503,2024,010530503,1,9,9,3,3,3,7,0,0,4,9,99,9,99,9,9,6,6,1,20,4,998,1,11,FORD FIESTA,8,E01024442,0,3
2024461507715,2024,461507715,1,9,0,-1,19,2,6,-1,0,0,1,9,3,1,1,2,-1,6,2,52,8,1388,1,15,FORD FIESTA,2,E01024126,0,2
2024070493534,2024,070493534,2,9,0,18,19,7,3,0,0,8,0,0,0,0,1,1,6,6,2,23,5,1388,1,12,FORD FIESTA,2,E01012525,0,1
2024221449197,2024,221449197,2,9,0,-1,2,0,0,-1,0,8,0,0,0,0,4,1,-1,9,1,85,11,1242,1,16,FORD FIESTA,2,E01014074,0,1
2024201462391,2024,201462391,1,9,0,-1,19,4,8,-1,0,0,2,10,7,0,3,1,-1,2,1,24,5,1388,1,16,FORD FIESTA,1,E01010289,0,1
2024461523800,2024,461523800,2,9,0,-1,2,0,0,-1,0,0,0,0,0,0,2,1,-1,6,2,52,8,998,1,9,FORD FIESTA,4,E01024042,0,4
2024211440076,2024,211440076,2,9,0,-1,9,8,2,-1,0,5,0,0,0,0,4,1,-1,9,1,36,7,1560,2,14,FORD FIESTA,2,E01014235,0,1
2024991413708,2024,991413708,5,9,0,-1,2,0,0,-1,0,1,0,0,0,0,3,1,-1,6,-1,-1,-1,999,1,4,FORD FIESTA,-1,-1,0,-1
2024421505798,2024,421505798,1,9,0,-1,19,7,3,-1,0,0,0,0,0,0,3,1,-1,9,2,20,4,998,1,6,FORD FIESTA,5,E01021313,0,1
2024201515156,2024,201515156,2,9,0,-1,3,1,1,-1,0,0,0,0,0,0,2,9,-1,6,1,20,4,998,1,5,FORD FIESTA,7,E01035055,0,4
2024211525202,2024,211525202,1,9,0,-1,5,5,1,-1,9,0,0,0,7,0,1,9,-1,6,1,21,5,1242,1,19,FORD FIESTA,-1,-1,0,-1
2024061419074,2024,061419074,2,9,0,-1,9,3,1,-1,0,8,0,0,0,0,3,1,-1,9,2,36,7,1388,1,12,FORD FIESTA,-1,-1,0,-1
2024371425495,2024,371425495,1,9,0,-1,19,7,3,-1,0,0,0,0,7,0,3,1,-1,6,1,76,11,1084,1,6,FORD FIESTA,6,E01030198,0,1
2024010506495,2024,010506495,2,9,0,9,9,5,2,0,0,6,0,0,0,0,1,1,2,2,1,36,7,1242,1,13,FORD FIESTA,3,E01000800,0,1
2024010511429,2024,010511429,2,9,0,18,19,3,7,0,0,8,0,0,0,0,3,1,6,6,1,92,11,1388,1,13,FORD FIESTA,9,E01002285,0,1
2024430437665,2024,430437665,4,9,0,3,3,1,5,0,0,0,0,0,0,0,2,1,6,6,2,26,6,1242,1,7,FORD FIESTA,7,E01035737,0,3
2024501451777,2024,501451777,3,9,0,-1,19,8,4,-1,0,0,0,0,0,0,1,1,-1,2,2,19,4,1242,1,16,FORD FIESTA,4,E01018862,0,3
2024131431542,2024,131431542,1,9,0,-1,19,5,1,-1,0,1,0,0,1,0,1,1,-1,9,1,55,8,999,8,1,FORD FIESTA,1,E01011850,0,2
2024070404021,2024,070404021,2,9,0,3,3,6,2,0,0,0,0,0,0,0,2,1,6,6,2,40,7,1388,1,17,FORD FIESTA,4,E01018712,0,1
2024501399231,2024,501399231,1,9,0,-1,19,3,7,-1,0,0,0,0,0,0,1,9,-1,6,1,24,5,1596,1,8,FORD FIESTA,4,E01018924,0,1
2024471513278,2024,471513278,1,9,0,-1,19,3,6,-1,0,1,0,0,0,0,1,1,-1,9,2,26,6,998,1,11,FORD FIESTA,6,E01035325,0,1
2024031415083,2024,031415083,1,9,0,-1,9,8,6,-1,0,6,0,0,0,0,3,1,-1,9,1,21,5,998,1,10,FORD FIESTA,1,E01019295,0,1
2024131509162,2024,131509162,2,9,0,-1,19,7,7,-1,0,1,0,0,7,0,1,1,-1,9,1,49,8,1499,2,10,FORD FIESTA,3,E01010834,0,1
2024231524663,2024,231524663,2,9,0,-1,19,6,2,-1,0,0,0,0,1,0,1,1,-1,9,1,30,6,998,1,6,FORD FIESTA,10,E01031232,0,3
2024471500669,2024,471500669,2,9,0,-1,3,2,6,-1,0,0,0,0,0,0,2,1,-1,9,1,31,6,998,1,11,FORD FIESTA,7,E01031493,0,1
2024061521490,2024,061521490,2,9,0,-1,4,-1,-1,-1,0,0,0,99,0,0,4,2,-1,6,1,-1,-1,1596,1,13,FORD FIESTA,-1,-1,0,-1
2024401536182,2024,401536182,1,9,0,-1,19,6,2,-1,0,0,0,0,0,0,1,1,-1,2,1,27,6,1242,1,13,FORD FIESTA,4,E01015792,0,3
2024010508965,2024,010508965,1,9,0,9,9,8,5,0,0,2,0,0,0,0,1,1,6,6,1,25,5,1242,1,15,FORD FIESTA,6,E01003153,0,1
2024411541663,2024,411541663,2,9,0,-1,19,1,5,-1,0,0,0,0,0,0,2,1,-1,6,2,52,8,1388,1,15,FORD FIESTA,7,E01023739,0,1
2024451495550,2024,451495550,2,9,0,-1,19,3,7,-1,0,0,0,0,0,0,3,1,-1,9,2,23,5,999,1,4,FORD FIESTA,6,E01026315,0,5
202454B919024,2024,54B919024,2,9,0,18,19,7,3,0,0,1,0,0,0,0,1,1,6,6,1,80,11,999,1,3,FORD FIESTA,6,E01015489,0,2
2024061532059,2024,061532059,1,9,0,-1,9,7,3,-1,0,5,0,0,0,0,3,1,-1,9,1,48,8,1242,1,9,FORD FIESTA,2,E01006032,0,1
2024501501864,2024,501501864,1,9,0,-1,19,1,5,-1,0,0,5,0,2,10,3,1,-1,2,1,17,4,1388,1,18,FORD FIESTA,5,E01020127,0,4
2024430614023,2024,430614023,2,9,0,18,19,1,5,0,0,0,0,0,0,0,1,1,6,6,2,25,5,998,1,8,FORD FIESTA,8,E01028463,0,2
2024070657893,2024,070657893,1,9,0,9,9,3,7,0,0,0,0,0,2,4,1,1,6,6,1,20,4,1399,2,12,FORD FIESTA,4,E01005850,0,2
2024311535685,2024,311535685,1,9,0,-1,3,1,6,-1,0,2,0,0,1,0,1,1,-1,9,2,40,7,998,1,6,FORD FIESTA,-1,-1,0,-1
2024461523868,2024,461523868,1,9,0,-1,19,3,8,-1,0,0,0,0,1,0,1,1,-1,6,1,20,4,1242,1,12,FORD FIESTA,9,E01024112,0,3
2024131497075,2024,131497075,1,9,0,-1,2,0,0,-1,0,8,0,0,0,0,3,1,-1,1,1,21,5,998,1,6,FORD FIESTA,1,E01010995,0,1
2024231414217,2024,231414217,1,9,0,-1,19,6,2,-1,0,0,1,0,0,0,1,1,-1,9,1,34,6,1242,1,9,FORD FIESTA,8,E01031152,0,1
202417L209224,2024,17L209224,1,9,0,-1,19,2,6,-1,0,0,0,0,0,0,1,1,-1,9,1,25,5,1499,2,4,FORD FIESTA,1,E01012016,0,1
2024311395482,2024,311395482,2,9,0,-1,5,5,1,-1,0,6,5,0,1,0,4,2,-1,6,2,40,7,998,1,8,FORD FIESTA,8,E01028350,0,2
2024451483979,2024,451483979,2,9,0,-1,4,7,3,-1,0,0,0,0,0,0,2,1,-1,9,1,35,6,999,1,2,FORD FIESTA,9,E01000829,0,4
2024031451139,2024,031451139,1,9,5,-1,19,1,6,-1,0,0,0,0,0,0,1,1,-1,2,2,42,7,1388,1,21,FORD FIESTA,5,E01019220,0,2
2024545456224,2024,545456224,2,9,0,17,19,7,3,0,0,0,2,0,0,0,1,1,6,6,2,50,8,1242,1,10,FORD FIESTA,9,E01031847,0,1
2024111489912,2024,111489912,1,9,0,-1,19,7,3,-1,0,8,0,0,0,0,3,9,-1,6,2,40,7,1242,1,11,FORD FIESTA,-1,-1,0,-1
2024231493527,2024,231493527,2,9,0,-1,3,5,1,-1,0,0,0,10,2,0,2,1,-1,9,1,17,4,1242,1,13,FORD FIESTA,4,E01031276,0,1
2024552400688,2024,552400688,1,9,0,18,19,2,6,0,0,0,5,0,0,0,0,1,6,6,1,18,4,1242,1,17,FORD FIESTA,7,E01020495,0,2
2024010534832,2024,010534832,1,9,0,7,7,3,5,0,0,8,0,0,0,0,4,1,6,6,3,-1,-1,998,1,10,FORD FIESTA,-1,-1,0,-1
2024401465360,2024,401465360,1,9,0,-1,19,2,6,-1,0,0,0,0,0,0,1,1,-1,6,1,25,5,998,1,9,FORD FIESTA,8,E01015799,0,1
2024070768624,2024,070768624,2,9,0,-1,19,7,3,-1,0,8,0,0,0,0,3,1,-1,9,1,28,6,1496,1,2,FORD FIESTA,10,E01018702,0,3
2024520402760,2024,520402760,1,9,0,18,19,2,4,0,0,1,0,0,1,11,1,1,6,6,1,21,5,1242,1,19,FORD FIESTA,5,E01029054,0,1
2024010526983,2024,010526983,2,9,0,7,7,6,1,0,0,1,0,0,0,0,4,1,6,6,2,37,7,1596,1,11,FORD FIESTA,-1,-1,0,-1
2024451427643,2024,451427643,3,9,0,-1,2,0,0,-1,0,0,0,0,0,0,2,1,-1,6,-1,-1,-1,1388,1,14,FORD FIESTA,-1,-1,0,-1
2024440392293,2024,440392293,1,9,0,3,3,8,4,0,0,1,0,0,0,0,2,1,6,6,2,38,7,998,1,6,FORD FIESTA,1,E01017280,0,1
2024421481216,2024,421481216,1,9,0,-1,19,3,6,-1,0,0,0,0,0,0,1,1,-1,2,2,29,6,998,1,5,FORD FIESTA,8,E01021928,0,1
2024010535998,2024,010535998,1,9,0,3,3,1,5,0,0,2,1,0,0,0,2,1,6,6,1,36,7,998,1,7,FORD FIESTA,-1,-1,0,-1
2024311547490,2024,311547490,2,9,0,-1,19,5,1,-1,0,0,0,0,0,0,1,1,-1,6,1,22,5,1242,1,13,FORD FIESTA,9,E01028531,0,5
2024122500526,2024,122500526,2,9,0,5,5,1,4,0,0,4,0,0,0,0,1,1,2,2,2,53,8,1242,1,9,FORD FIESTA,6,E01012923,0,4
2024440005846,2024,440005846,1,9,0,18,19,4,8,0,0,1,0,0,0,0,1,1,6,6,2,69,10,1242,1,9,FORD FIESTA,5,E01017152,0,1
2024421465613,2024,421465613,1,9,0,-1,19,8,4,-1,0,0,0,0,1,0,3,1,-1,1,1,20,4,1242,1,9,FORD FIESTA,10,E01021384,0,2
2024543036224,2024,543036224,4,9,0,18,19,1,5,0,0,0,0,0,1,0,1,1,6,6,2,29,6,1388,1,17,FORD FIESTA,6,E01031967,0,1
2024991451507,2024,991451507,2,9,0,-1,19,8,5,-1,0,2,0,0,0,0,1,1,-1,6,1,37,7,1596,1,15,FORD FIESTA,-1,-1,0,-1
2024052402647,2024,052402647,1,9,0,5,5,7,3,0,0,1,0,0,0,0,1,1,6,6,1,33,6,1560,2,12,FORD FIESTA,5,E01012440,0,3
2024010526522,2024,010526522,1,9,0,5,5,5,1,0,0,6,0,0,0,0,1,1,6,6,2,69,10,998,1,6,FORD FIESTA,6,E01029045,0,5
2024440282981,2024,440282981,3,9,0,18,19,1,5,0,0,1,0,0,0,0,1,1,6,6,2,49,8,1399,2,20,FORD FIESTA,-1,-1,0,-1
2024471421753,2024,471421753,1,9,0,-1,19,5,1,-1,0,0,1,10,1,4,1,1,-1,9,1,17,4,1242,1,17,FORD FIESTA,8,E01021181,0,1
2024991500838,2024,991500838,2,9,0,-1,19,4,8,-1,0,0,0,0,0,0,2,1,-1,6,2,28,6,1596,1,10,FORD FIESTA,-1,-1,0,-1
2024361418242,2024,361418242,1,9,0,-1,7,4,6,-1,0,4,0,0,0,0,4,1,-1,6,2,22,5,998,1,5,FORD FIESTA,5,E01021492,0,5
2024231534310,2024,231534310,3,9,0,-1,8,1,2,-1,0,1,0,0,0,0,1,1,-1,6,2,39,7,1388,1,17,FORD FIESTA,1,E01009718,0,1
2024411524644,2024,411524644,1,9,0,-1,19,7,3,-1,0,0,0,0,0,0,2,1,-1,6,2,32,6,1242,1,17,FORD FIESTA,3,E01035605,0,3
2024221447137,2024,221447137,2,9,0,-1,19,4,8,-1,0,0,0,0,0,0,3,9,-1,6,1,65,9,998,1,9,FORD FIESTA,6,W01000501,0,4
2024061518741,2024,061518741,4,9,0,-1,19,1,1,-1,0,0,0,0,0,0,2,1,-1,2,1,41,7,998,1,6,FORD FIESTA,2,E01005553,0,3
2024101424875,2024,101424875,1,9,0,-1,9,1,2,-1,0,5,0,0,0,0,1,1,-1,6,1,45,7,998,1,5,FORD FIESTA,3,E01008595,0,1
202460Q116387,2024,60Q116387,2,9,0,2,2,0,0,9,9,0,0,4,0,0,2,1,6,6,1,22,5,1560,2,14,FORD FIESTA,-1,-1,0,-1
2024520403270,2024,520403270,2,9,0,16,19,1,7,0,0,1,0,0,0,0,1,1,6,6,1,49,8,1596,1,8,FORD FIESTA,5,E01029222,0,1
2024061447437,2024,061447437,2,9,0,-1,19,7,3,-1,0,8,0,0,0,0,1,1,-1,9,2,22,5,1596,1,17,FORD FIESTA,2,E01005460,0,2
2024430479148,2024,430479148,1,9,0,18,19,2,6,0,0,0,0,0,0,0,1,1,6,6,1,50,8,1242,1,11,FORD FIESTA,10,E01033969,0,2
2024311476724,2024,311476724,1,9,0,-1,19,1,5,-1,0,1,0,0,0,0,1,1,-1,6,2,22,5,1084,1,6,FORD FIESTA,7,E01028287,0,1
2024549651824,2024,549651824,1,9,0,18,19,3,7,0,0,0,1,0,1,1,1,1,1,1,1,45,7,1242,1,13,FORD FIESTA,3,E01031856,0,1
2024010498326,2024,010498326,1,9,0,2,2,0,0,9,9,0,0,0,0,0,1,1,6,6,3,-1,-1,1242,1,15,FORD FIESTA,-1,-1,0,-1
2024031491607,2024,031491607,1,9,0,-1,19,1,5,-1,0,0,2,0,0,0,4,1,-1,2,2,19,4,1388,1,17,FORD FIESTA,-1,-1,0,-1
2024991460613,2024,991460613,4,9,0,-1,19,1,5,-1,0,0,0,0,0,0,1,1,-1,2,1,66,10,-1,-1,-1,FORD FIESTA,4,-1,0,4
2024440550405,2024,440550405,1,9,0,12,12,7,3,0,0,0,0,0,0,0,1,1,6,6,2,18,4,1242,1,13,FORD FIESTA,4,E01001165,0,4
2024071075221,2024,071075221,3,9,0,-1,3,4,8,-1,0,0,0,0,0,0,2,1,-1,9,2,56,9,1242,1,12,FORD FIESTA,8,E01018509,0,1
2024320262121,2024,320262121,1,9,0,-1,-1,1,5,0,0,0,2,0,4,6,1,1,-1,-1,1,21,5,1388,1,20,FORD FIESTA,1,E01013960,0,4
2024131416850,2024,131416850,2,9,0,-1,19,5,1,-1,0,0,0,0,0,0,2,1,-1,9,1,51,8,998,1,7,FORD FIESTA,1,E01010777,0,1
2024361483930,2024,361483930,2,9,-1,-1,-1,-1,-1,-1,-1,0,-1,-1,-1,0,-1,1,-1,6,2,30,6,1399,2,15,FORD FIESTA,6,E01026446,0,3
2024547333924,2024,547333924,1,9,0,17,19,4,8,0,0,4,0,0,0,0,1,1,6,6,1,51,8,1399,2,12,FORD FIESTA,-1,-1,0,-1
2024201407589,2024,201407589,2,9,0,-1,9,3,4,-1,0,8,0,0,0,0,3,9,-1,6,2,45,7,1388,1,13,FORD FIESTA,3,E01008945,0,1
2024211487103,2024,211487103,1,9,0,-1,19,1,3,-1,0,2,0,0,0,0,1,1,-1,1,1,25,5,1242,1,14,FORD FIESTA,5,E01019876,0,4
2024311427939,2024,311427939,1,9,0,-1,19,1,5,-1,0,1,0,0,0,0,1,1,-1,6,2,25,5,1084,1,6,FORD FIESTA,7,E01028402,0,3
2024421483459,2024,421483459,1,9,0,-1,4,3,7,-1,0,1,1,0,0,0,1,1,-1,9,1,28,6,1388,1,18,FORD FIESTA,1,E01022045,0,1
2024052400121,2024,052400121,1,9,0,18,19,1,5,0,0,8,0,0,0,0,1,1,1,1,1,40,7,1399,2,21,FORD FIESTA,2,E01006723,0,1
2024201510737,2024,201510737,1,9,0,-1,19,7,3,-1,0,0,0,0,0,0,3,1,-1,6,1,26,6,998,1,8,FORD FIESTA,1,E01009024,0,1
2024531509876,2024,531509876,1,9,0,-1,9,3,1,-1,0,8,0,0,1,11,1,1,-1,6,2,49,8,1242,1,14,FORD FIESTA,1,E01022291,0,1
2024552400622,2024,552400622,1,9,0,13,13,3,7,0,0,0,0,0,0,0,1,1,6,6,1,19,4,998,1,5,FORD FIESTA,10,E01015464,0,1
2024010544822,2024,010544822,2,9,0,11,11,7,3,0,0,0,0,7,1,2,3,1,6,6,1,51,8,1596,1,12,FORD FIESTA,7,E01021338,0,4
2024371551101,2024,371551101,1,9,0,-1,19,1,5,-1,0,8,0,0,0,0,1,1,-1,2,1,18,4,1388,1,14,FORD FIESTA,5,E01021666,0,4
2024010517580,2024,010517580,1,9,0,9,9,4,2,0,0,2,0,0,0,0,1,1,6,6,1,19,4,1084,1,6,FORD FIESTA,4,E01017567,0,4
2024061424403,2024,061424403,1,9,0,-1,-1,-1,-1,-1,-1,-1,-1,-1,-1,0,-1,1,-1,6,1,28,6,1242,1,10,FORD FIESTA,1,E01004787,0,1
2024461404666,2024,461404666,2,9,0,-1,19,5,1,-1,0,4,0,0,0,0,1,9,-1,9,1,45,7,1242,1,11,FORD FIESTA,2,E01024305,0,2
2024371482595,2024,371482595,1,9,-1,-1,8,-1,-1,-1,0,0,0,0,0,0,0,9,-1,6,2,18,4,1242,1,16,FORD FIESTA,8,E01030269,0,1
2024520402968,2024,520402968,1,9,0,18,19,8,4,0,0,0,0,0,0,0,1,1,6,6,1,79,11,1242,1,17,FORD FIESTA,8,E01029282,0,1
2024041455473,2024,041455473,2,9,0,-1,2,5,1,-1,9,0,0,0,7,0,2,1,-1,6,-1,-1,-1,1596,1,17,FORD FIESTA,-1,-1,0,-1
2024131394091,2024,131394091,1,9,0,-1,14,7,3,-1,0,0,0,0,0,0,4,1,-1,6,2,28,6,1596,1,16,FORD FIESTA,5,E01027892,0,1
2024471411172,2024,471411172,1,9,0,-1,19,3,7,-1,0,0,0,0,0,0,1,1,-1,9,1,19,4,998,1,7,FORD FIESTA,6,E01024836,0,3
2024111421601,2024,111421601,1,9,0,-1,19,3,7,-1,0,0,1,0,8,0,1,1,-1,6,1,22,5,1242,1,16,FORD FIESTA,-1,-1,0,-1
2024070783322,2024,070783322,1,9,0,-1,9,5,7,-1,0,2,0,0,0,0,3,1,-1,6,2,41,7,1560,2,15,FORD FIESTA,5,E01018460,0,1
2024041438379,2024,041438379,2,9,0,-1,19,3,7,-1,0,1,0,0,0,0,3,1,-1,9,2,54,8,999,1,3,FORD FIESTA,2,E01025037,0,1
2024221452810,2024,221452810,2,9,0,-1,4,6,2,-1,0,0,0,0,0,0,2,1,-1,6,2,21,5,1388,1,13,FORD FIESTA,9,E01032142,0,1
2024211426995,2024,211426995,1,9,0,-1,14,6,2,-1,0,0,0,0,0,0,1,1,-1,6,1,19,4,1388,1,15,FORD FIESTA,8,E01024901,0,4
2024041408428,2024,041408428,1,9,0,-1,19,5,1,-1,0,0,0,0,0,0,1,1,-1,6,1,19,4,1388,1,13,FORD FIESTA,1,E01012655,0,1
2024501489803,2024,501489803,1,9,0,-1,19,3,7,-1,0,0,5,0,8,10,1,1,-1,9,1,20,4,1560,2,17,FORD FIESTA,5,E01020339,0,1
2024052401132,2024,052401132,1,9,0,18,19,8,4,0,0,1,0,0,0,0,1,1,2,2,1,21,5,1560,2,12,FORD FIESTA,2,E01006482,0,2
2024141440856,2024,141440856,1,9,0,-1,19,5,1,-1,0,0,0,0,0,0,1,1,-1,6,1,77,11,998,1,9,FORD FIESTA,3,E01007720,0,1
2024501447865,2024,501447865,2,9,0,-1,19,1,5,-1,0,0,0,0,0,0,2,1,-1,9,1,24,5,998,1,8,FORD FIESTA,5,E01018842,0,5
2024010537626,2024,010537626,1,9,0,18,19,5,1,0,0,2,0,0,0,0,1,1,6,6,1,80,11,1242,1,13,FORD FIESTA,7,E01001131,0,2
2024141426798,2024,141426798,2,9,0,-1,19,1,5,-1,0,0,0,0,0,0,1,1,-1,9,1,21,5,1596,1,8,FORD FIESTA,2,E01007815,0,3
2024201431437,2024,201431437,3,9,0,-1,19,6,2,-1,0,1,0,0,0,0,1,1,-1,6,1,29,6,998,1,7,FORD FIESTA,1,E01010289,0,1
2024010493992,2024,010493992,1,9,0,5,5,5,1,0,0,0,0,0,0,0,1,1,2,2,1,59,9,998,1,10,FORD FIESTA,2,E01000034,0,1
2024340WN1252,2024,340WN1252,2,9,0,-1,3,5,1,-1,0,0,0,0,1,0,3,1,-1,2,1,37,7,1388,1,15,FORD FIESTA,9,E01035406,0,1
2024010529473,2024,010529473,1,9,0,18,19,5,1,0,0,2,0,0,0,0,1,1,6,6,2,31,6,1388,1,15,FORD FIESTA,3,E01003630,0,1
2024451484440,2024,451484440,4,9,0,-1,19,4,8,-1,0,0,0,0,0,0,3,1,-1,9,1,56,9,998,1,9,FORD FIESTA,4,E01030740,0,1
2024041481808,2024,041481808,2,9,0,-1,19,8,4,-1,0,8,0,0,0,0,1,1,-1,6,2,21,5,998,1,8,FORD FIESTA,10,E01025414,0,1
2024010525640,2024,010525640,2,9,0,99,99,9,9,99,99,9,9,99,9,99,9,9,6,6,3,-1,-1,1242,1,12,FORD FIESTA,-1,-1,0,-1
2024010533261,2024,010533261,2,9,0,99,99,9,9,99,99,9,9,99,9,99,9,9,6,6,3,-1,-1,1242,1,9,FORD FIESTA,-1,-1,0,-1
2024141423318,2024,141423318,1,9,0,-1,19,8,4,-1,0,1,0,4,0,0,1,1,-1,6,1,63,9,1242,1,11,FORD FIESTA,2,E01007697,0,1
2024141423476,2024,141423476,1,9,0,-1,5,1,5,-1,9,0,0,0,0,0,4,1,-1,1,1,54,8,1242,1,9,FORD FIESTA,1,E01033277,0,1
2024311505932,2024,311505932,1,9,0,-1,19,7,3,-1,0,0,0,0,7,0,1,1,-1,9,2,65,9,1388,1,18,FORD FIESTA,6,E01028392,0,3
2024421443836,2024,421443836,4,9,0,-1,19,3,7,-1,0,0,1,0,1,0,3,1,-1,6,2,28,6,998,1,5,FORD FIESTA,9,E01021259,0,2
2024320285348,2024,320285348,1,9,0,9,9,4,2,0,0,5,5,0,3,1,1,1,-1,-1,2,19,4,1242,1,19,FORD FIESTA,10,E01034701,0,2
2024421487777,2024,421487777,1,9,0,-1,19,6,2,-1,0,0,0,0,0,0,1,1,-1,6,1,61,9,1499,2,7,FORD FIESTA,-1,-1,0,-1
2024340NN4762,2024,340NN4762,1,9,0,-1,7,5,1,-1,0,1,0,0,0,0,1,1,-1,6,1,-1,-1,1560,2,16,FORD FIESTA,-1,-1,0,-1
2024332401235,2024,332401235,2,9,0,-1,99,9,9,-1,0,0,0,0,0,0,4,1,-1,6,3,-1,-1,1596,1,14,FORD FIESTA,-1,-1,0,-1
2024041428479,2024,041428479,2,9,0,-1,19,7,3,-1,0,1,0,0,0,0,1,1,-1,2,2,25,5,1596,1,9,FORD FIESTA,7,E01025326,0,1
2024201502094,2024,201502094,1,9,0,-1,9,5,3,-1,0,5,0,0,0,0,1,1,-1,1,2,23,5,998,1,7,FORD FIESTA,4,E01009085,0,2
2024221455654,2024,221455654,1,9,0,-1,7,6,8,-1,0,6,0,0,0,0,1,9,-1,6,2,35,6,998,1,5,FORD FIESTA,6,E01009069,0,3
2024332401028,2024,332401028,1,9,0,-1,19,6,2,-1,0,2,0,0,0,0,1,1,-1,9,1,36,7,1388,1,21,FORD FIESTA,5,E01009689,0,4
2024421505948,2024,421505948,1,9,0,-1,19,1,5,-1,0,8,0,0,0,0,1,1,-1,9,2,21,5,998,1,11,FORD FIESTA,6,E01018020,0,4
2024332401236,2024,332401236,1,9,0,-1,5,3,7,-1,0,2,0,0,0,0,1,1,-1,6,3,-1,-1,998,1,9,FORD FIESTA,-1,-1,0,-1
2024471409616,2024,471409616,3,9,0,-1,19,7,3,-1,0,0,0,0,0,0,0,1,-1,6,1,22,5,1596,1,15,FORD FIESTA,5,E01031834,0,3
2024440416907,2024,440416907,1,9,0,10,10,4,2,0,0,1,0,0,0,0,2,1,6,6,2,43,7,999,1,4,FORD FIESTA,5,E01017324,0,1