collision_index,collision_year,collision_ref_no,vehicle_reference,vehicle_type,towing_and_articulation,vehicle_manoeuvre_historic,vehicle_manoeuvre,vehicle_direction_from,vehicle_direction_to,vehicle_location_restricted_lane_historic,vehicle_location_restricted_lane,junction_location,skidding_and_overturning,hit_object_in_carriageway,vehicle_leaving_carriageway,hit_object_off_carriageway,first_point_of_impact,vehicle_left_hand_drive,journey_purpose_of_driver_historic,journey_purpose_of_driver,sex_of_driver,age_of_driver,age_band_of_driver,engine_capacity_cc,propulsion_code,age_of_vehicle,generic_make_model,driver_imd_decile,lsoa_of_driver,escooter_flag,driver_distance_banding
2024631529244,2024,631529244,1,9,0,-1,9,2,8,-1,0,5,0,0,0,0,1,1,-1,1,1,21,5,-1,-1,-1,FORD FIESTA,1,W01000734,0,3
2024461531546,2024,461531546,1,9,0,-1,19,1,5,-1,0,0,5,4,0,0,1,1,-1,9,2,67,10,1388,1,17,FORD FIESTA,7,E01016089,0,1
2024041470190,2024,041470190,2,9,0,-1,19,5,1,-1,0,0,0,0,0,0,2,1,-1,9,2,68,10,1399,2,15,FORD FIESTA,1,E01006350,0,3
2024471429002,2024,471429002,1,9,0,-1,19,4,8,-1,0,0,0,4,0,0,4,1,-1,9,1,19,4,1388,1,16,FORD FIESTA,5,E01023985,0,4
2024552400388,2024,552400388,2,9,0,3,3,5,1,0,0,0,0,0,0,0,2,1,6,6,2,24,5,998,1,7,FORD FIESTA,8,E01015297,0,2
2024302400232,2024,302400232,2,9,0,18,19,6,2,0,0,8,0,0,7,0,4,1,6,6,1,76,11,998,1,8,FORD FIESTA,9,E01013596,0,1
2024461401172,2024,461401172,2,9,0,-1,3,2,8,-1,0,1,0,0,0,0,2,9,-1,2,2,32,6,1242,1,14,FORD FIESTA,2,E01016066,0,1
2024141531452,2024,141531452,2,9,0,-1,19,8,4,-1,0,0,0,0,0,0,1,1,-1,2,1,19,4,998,1,9,FORD FIESTA,-1,-1,0,-1
2024631445263,2024,631445263,1,9,0,-1,9,5,2,-1,0,6,0,0,1,10,3,1,-1,2,2,18,4,1560,2,14,FORD FIESTA,4,W01000617,0,1
2024440034525,2024,440034525,3,9,0,18,19,5,1,0,0,1,0,0,0,0,3,1,6,6,2,39,7,998,1,9,FORD FIESTA,5,E01017311,0,2
2024461477855,2024,461477855,1,9,0,-1,3,4,8,-1,0,0,0,0,0,0,2,1,-1,9,2,25,5,1242,1,13,FORD FIESTA,5,E01024033,0,2
2024131447914,2024,131447914,2,9,0,-1,19,3,7,-1,0,0,0,0,0,0,1,1,-1,9,1,21,5,999,1,4,FORD FIESTA,1,E01011466,0,1
2024010509652,2024,010509652,1,9,0,99,99,9,9,99,99,9,9,99,9,99,1,9,6,6,3,-1,-1,1242,1,15,FORD FIESTA,-1,-1,0,-1
2024340NN9062,2024,340NN9062,2,9,0,-1,19,5,1,-1,0,0,0,0,0,0,1,1,-1,6,1,63,9,1399,2,12,FORD FIESTA,8,E01021920,0,5
2024451397017,2024,451397017,1,9,0,-1,19,1,1,-1,0,0,0,0,0,0,4,1,-1,1,2,54,8,1242,1,9,FORD FIESTA,10,E01003899,0,2
2024471494655,2024,471494655,1,9,0,-1,19,4,2,-1,0,0,1,0,1,1,1,1,-1,9,1,18,4,998,1,10,FORD FIESTA,4,E01021207,0,2
2024501501281,2024,501501281,1,9,0,-1,19,3,5,-1,9,0,5,0,7,4,1,1,-1,9,2,19,4,1242,1,7,FORD FIESTA,9,E01019949,0,1
2024421510281,2024,421510281,1,9,0,-1,5,7,3,-1,0,1,0,0,0,0,1,1,-1,6,2,18,4,1242,1,16,FORD FIESTA,8,E01015876,0,2
2024010507555,2024,010507555,2,9,0,4,4,5,1,0,0,2,0,4,0,0,1,1,6,6,2,40,7,1388,1,19,FORD FIESTA,7,E01002349,0,1
2024052400418,2024,052400418,2,9,0,18,19,4,8,0,0,0,0,0,4,0,2,1,6,6,2,34,6,998,1,9,FORD FIESTA,1,E01006980,0,2
2024451515912,2024,451515912,1,9,0,-1,5,1,3,-1,0,6,0,0,0,0,4,1,-1,9,2,52,8,1388,1,20,FORD FIESTA,9,E01030727,0,1
2024451528998,2024,451528998,1,9,0,-1,19,3,7,-1,0,0,0,0,0,0,1,1,-1,9,2,22,5,1242,1,14,FORD FIESTA,9,E01030488,0,1
2024211428032,2024,211428032,3,9,0,-1,19,2,5,-1,0,0,0,0,0,0,4,1,-1,1,1,20,4,1496,1,3,FORD FIESTA,-1,-1,0,-1
2024440091960,2024,440091960,3,9,0,18,19,2,6,0,0,0,0,0,0,0,4,1,6,6,1,59,9,998,1,10,FORD FIESTA,9,E01023217,0,4
2024201511309,2024,201511309,1,9,0,-1,1,5,1,-1,0,8,0,4,0,0,2,1,-1,6,3,-1,-1,1388,1,14,FORD FIESTA,-1,-1,0,-1
2024211521661,2024,211521661,1,9,0,-1,19,7,3,-1,0,1,0,0,0,0,1,1,-1,6,2,93,11,1388,1,15,FORD FIESTA,8,E01029805,0,1
2024311517458,2024,311517458,1,9,0,-1,19,2,4,-1,0,0,0,0,0,0,1,1,-1,6,1,53,8,1242,1,13,FORD FIESTA,6,E01028160,0,1
2024461418644,2024,461418644,3,9,0,-1,2,0,0,-1,0,0,0,0,0,0,2,9,-1,6,-1,-1,-1,1242,1,14,FORD FIESTA,-1,-1,0,-1
2024061535607,2024,061535607,2,9,0,-1,4,7,4,-1,0,2,0,0,0,0,0,1,-1,9,1,66,10,1242,1,16,FORD FIESTA,5,E01005229,0,2
2024320524172,2024,320524172,1,9,0,-1,-1,8,4,0,0,1,0,0,0,0,1,1,6,6,1,18,4,1388,1,14,FORD FIESTA,8,E01032992,0,1
2024430133773,2024,430133773,1,9,0,18,19,4,8,0,0,0,0,0,0,0,1,1,6,6,2,61,9,999,1,2,FORD FIESTA,10,E01015458,0,4
202454B205424,2024,54B205424,1,9,0,18,19,5,1,0,0,1,0,0,0,0,1,1,6,6,2,36,7,1596,1,14,FORD FIESTA,2,E01014493,0,4
2024531502907,2024,531502907,1,9,0,-1,9,6,3,-1,0,5,0,0,0,0,4,1,-1,6,1,65,9,1388,1,15,FORD FIESTA,10,E01022167,0,1
2024421431630,2024,421431630,2,9,0,-1,4,1,5,-1,0,1,0,0,0,0,2,9,-1,6,2,44,7,998,1,2,FORD FIESTA,9,E01021795,0,3
2024211490118,2024,211490118,1,9,0,-1,19,2,6,-1,0,0,0,0,0,0,2,1,-1,6,2,30,6,1242,1,12,FORD FIESTA,7,E01029369,0,2
2024471520000,2024,471520000,1,9,0,-1,19,2,6,-1,0,1,1,0,7,3,4,1,-1,2,1,65,9,1242,1,17,FORD FIESTA,8,E01031766,0,2
2024471529922,2024,471529922,1,9,0,-1,19,3,7,-1,0,1,1,0,7,4,3,1,-1,9,1,27,6,1242,1,16,FORD FIESTA,2,E01021014,0,4
2024351479631,2024,351479631,1,9,0,-1,19,5,1,-1,0,0,0,0,0,0,1,1,-1,6,2,65,9,998,1,6,FORD FIESTA,8,E01027691,0,5
2024141408432,2024,141408432,1,9,0,-1,5,5,8,-1,0,0,0,0,0,0,1,1,-1,9,1,19,4,1242,1,17,FORD FIESTA,2,E01008053,0,2
2024302401612,2024,302401612,1,9,0,17,19,8,5,0,0,0,0,0,0,0,1,1,6,6,2,55,8,1499,2,9,FORD FIESTA,2,E01019664,0,1
2024320470477,2024,320470477,2,9,0,2,2,0,0,9,9,0,0,0,0,0,1,1,6,6,1,21,5,1499,2,11,FORD FIESTA,9,E01026195,0,1
2024010529461,2024,010529461,1,9,0,9,9,3,8,0,0,8,0,0,0,0,1,1,6,6,1,54,8,998,1,5,FORD FIESTA,5,E01021865,0,4
2024411509449,2024,411509449,1,9,0,-1,5,4,6,-1,0,0,0,0,0,0,1,1,-1,9,2,19,4,1242,1,10,FORD FIESTA,8,E01023658,0,1
2024061464661,2024,061464661,1,9,0,-1,99,-1,-1,-1,9,0,0,8,2,0,4,1,-1,9,2,35,6,998,1,9,FORD FIESTA,2,E01004976,0,1
2024010550619,2024,010550619,1,9,0,18,19,1,5,0,0,0,0,0,0,0,1,1,6,6,1,58,9,1242,1,7,FORD FIESTA,7,E01032570,0,3
2024010553665,2024,010553665,1,9,9,99,99,9,9,99,99,9,9,99,9,0,9,9,6,6,1,72,10,998,1,9,FORD FIESTA,6,E01002329,0,1
2024531437295,2024,531437295,2,9,0,-1,4,7,3,-1,0,0,0,0,0,0,3,9,-1,6,2,21,5,998,1,5,FORD FIESTA,6,E01014884,0,1
2024161428833,2024,161428833,1,9,0,-1,19,1,5,-1,0,1,0,0,0,0,1,1,-1,9,2,52,8,1242,1,13,FORD FIESTA,-1,-1,0,-1
2024302400259,2024,302400259,1,9,0,16,19,4,8,0,0,0,0,0,1,4,1,1,6,6,1,27,6,1388,1,19,FORD FIESTA,3,E01019810,0,2
2024161482925,2024,161482925,1,9,0,-1,19,5,1,-1,0,0,0,0,0,0,4,9,-1,6,2,54,8,998,1,2,FORD FIESTA,9,E01035478,0,1
2024041455626,2024,041455626,3,9,0,-1,19,3,7,-1,0,0,0,0,0,0,1,1,-1,2,1,56,9,-1,-1,-1,FORD FIESTA,3,E01025192,0,4
2024610046724,2024,610046724,1,9,0,18,19,4,8,0,0,0,5,4,0,0,1,1,6,6,2,19,4,1242,1,9,FORD FIESTA,1,W01001386,0,1
2024411527631,2024,411527631,1,9,-1,-1,-1,-1,-1,-1,-1,-1,-1,-1,-1,0,-1,9,-1,6,1,67,10,1388,1,20,FORD FIESTA,8,E01023709,0,2
2024052401941,2024,052401941,2,9,0,3,3,5,1,0,0,8,0,0,0,0,2,1,6,6,2,31,6,1242,1,12,FORD FIESTA,3,E01006654,0,1
2024520401862,2024,520401862,1,9,0,18,19,7,2,0,0,0,5,0,7,10,1,1,6,6,2,24,5,1388,1,15,FORD FIESTA,6,E01029156,0,2
2024302400875,2024,302400875,1,9,0,18,19,5,1,0,0,0,0,0,1,4,1,1,6,6,1,26,6,1596,1,15,FORD FIESTA,9,E01025915,0,1
2024231431112,2024,231431112,1,9,0,-1,19,2,5,-1,0,0,0,0,2,4,1,1,-1,6,2,21,5,1242,1,20,FORD FIESTA,4,E01029831,0,1
2024991537054,2024,991537054,2,9,0,-1,19,7,4,-1,0,3,0,0,0,0,4,1,-1,9,1,17,4,1242,1,10,FORD FIESTA,9,-1,0,3
2024010545272,2024,010545272,1,9,0,3,3,5,1,0,0,4,0,0,0,0,1,1,6,6,1,20,4,1388,1,15,FORD FIESTA,3,E01000094,0,1
2024501535794,2024,501535794,1,9,0,-1,3,5,1,-1,0,0,0,0,0,0,1,1,-1,6,1,18,4,1242,1,13,FORD FIESTA,4,E01015071,0,1
2024221457848,2024,221457848,1,9,0,-1,13,7,3,-1,0,0,0,0,0,0,4,9,-1,6,1,23,5,1242,1,17,FORD FIESTA,2,E01032453,0,3
2024070728791,2024,070728791,2,9,0,-1,9,3,7,-1,0,1,0,0,0,0,3,1,-1,1,1,25,5,998,1,6,FORD FIESTA,2,E01018714,0,4
2024010521301,2024,010521301,1,9,0,18,19,4,8,0,0,0,0,0,0,0,2,1,6,6,2,21,5,1084,1,6,FORD FIESTA,6,E01035280,0,3
202460Q193001,2024,60Q193001,1,9,0,17,19,7,3,0,0,0,5,0,1,11,1,1,6,6,1,27,6,1596,1,17,FORD FIESTA,-1,-1,0,-1
2024371397929,2024,371397929,1,9,0,-1,7,1,5,-1,0,1,0,0,0,0,1,9,-1,9,2,76,11,998,1,8,FORD FIESTA,3,E01030010,0,1
2024211542155,2024,211542155,1,9,0,-1,9,5,3,-1,0,2,0,0,3,0,1,1,-1,9,1,17,4,998,1,7,FORD FIESTA,6,E01028899,0,2
2024531403179,2024,531403179,2,9,0,-1,19,3,7,-1,0,8,1,0,0,0,1,1,-1,6,1,41,7,1242,1,18,FORD FIESTA,8,E01022177,0,3
2024471455093,2024,471455093,1,9,0,-1,19,7,3,-1,0,0,5,0,0,0,4,1,-1,9,1,30,6,1242,1,19,FORD FIESTA,2,E01022914,0,2
2024991399788,2024,991399788,2,9,0,-1,19,7,3,-1,0,0,0,0,0,0,1,1,-1,9,2,22,5,1399,2,15,FORD FIESTA,3,-1,0,1
2024461479192,2024,461479192,2,9,0,-1,19,7,2,-1,0,0,0,0,1,3,1,2,-1,2,2,18,4,998,1,8,FORD FIESTA,8,E01032816,0,2
2024421457128,2024,421457128,1,9,0,-1,9,7,3,-1,0,5,0,0,0,0,1,1,-1,2,2,40,7,999,1,4,FORD FIESTA,5,E01021420,0,1
2024031452318,2024,031452318,1,9,0,-1,5,7,1,-1,0,2,0,0,0,0,1,1,-1,6,1,74,10,1242,1,11,FORD FIESTA,8,E01019253,0,4
2024991467407,2024,991467407,1,9,0,-1,9,8,6,-1,0,6,0,0,0,0,1,1,-1,2,1,19,4,1084,1,6,FORD FIESTA,7,E01027681,0,5
2024061480543,2024,061480543,1,9,0,-1,9,5,1,-1,0,1,0,0,0,0,1,1,-1,6,1,19,4,1242,1,10,FORD FIESTA,-1,-1,0,-1
2024302401300,2024,302401300,2,9,0,9,9,1,7,0,0,8,0,0,0,0,4,1,6,6,2,67,10,1596,1,11,FORD FIESTA,2,E01029447,0,1
2024520401284,2024,520401284,2,9,0,18,19,7,3,0,0,8,0,0,0,0,1,1,6,6,1,18,4,1242,1,16,FORD FIESTA,10,E01029128,0,3
2024141526699,2024,141526699,1,9,0,-1,4,7,3,-1,0,0,0,0,1,0,1,1,-1,9,1,74,10,1499,2,9,FORD FIESTA,8,E01007678,0,1
2024991431852,2024,991431852,1,9,0,-1,19,3,7,-1,0,0,0,0,1,4,1,1,-1,9,2,19,4,998,1,6,FORD FIESTA,1,-1,0,3
2024311456051,2024,311456051,1,9,0,-1,19,3,3,-1,0,0,0,0,0,0,1,1,-1,2,1,59,9,1388,1,18,FORD FIESTA,9,E01033776,0,1
2024421457007,2024,421457007,2,9,0,-1,3,2,7,-1,0,4,0,0,0,0,2,1,-1,9,2,36,7,1388,1,22,FORD FIESTA,4,E01015873,0,1
2024461464256,2024,461464256,2,9,0,-1,19,6,2,-1,0,1,0,0,0,0,1,1,-1,6,2,26,6,1388,1,15,FORD FIESTA,4,E01035005,0,2
2024531495677,2024,531495677,1,9,0,-1,9,7,5,-1,0,8,0,0,0,0,1,1,-1,2,2,62,9,998,1,6,FORD FIESTA,10,E01022106,0,1
2024041407406,2024,041407406,1,9,0,-1,9,7,1,-1,0,8,1,0,7,11,1,1,-1,9,1,18,4,998,1,7,FORD FIESTA,10,E01025352,0,1
2024522402365,2024,522402365,1,9,0,18,19,5,1,0,0,0,2,0,1,0,1,1,6,6,1,20,4,1242,1,13,FORD FIESTA,10,E01014782,0,1
2024141507230,2024,141507230,1,9,0,-1,5,1,3,-1,0,8,0,0,0,0,1,1,-1,9,1,22,5,1388,1,17,FORD FIESTA,5,E01007698,0,2
2024010524995,2024,010524995,1,9,0,2,2,0,0,0,0,2,0,0,0,0,2,1,6,6,3,-1,-1,998,1,5,FORD FIESTA,-1,-1,0,-1
2024041418964,2024,041418964,1,9,0,-1,19,6,2,-1,0,0,0,4,0,0,1,1,-1,9,2,72,10,1388,1,19,FORD FIESTA,1,E01025136,0,1
2024201436919,2024,201436919,1,9,0,-1,19,4,8,-1,0,0,0,0,0,0,1,1,-1,6,1,30,6,1499,2,8,FORD FIESTA,1,E01033643,0,1
2024302400739,2024,302400739,3,9,0,4,4,7,3,0,0,0,0,0,0,0,2,1,6,6,2,54,8,998,1,6,FORD FIESTA,2,E01019498,0,2
2024131436772,2024,131436772,1,9,0,-1,19,5,1,-1,9,0,0,0,1,0,1,1,-1,9,1,52,8,998,1,6,FORD FIESTA,1,E01011746,0,1
2024010518998,2024,010518998,1,9,0,18,19,1,5,0,0,0,0,0,0,0,1,1,6,6,1,27,6,1388,1,15,FORD FIESTA,-1,-1,0,-1
2024201464742,2024,201464742,1,9,0,-1,19,2,4,-1,0,0,0,0,0,0,3,1,-1,6,1,20,4,998,1,1,FORD FIESTA,9,E01009912,0,2
2024361429550,2024,361429550,1,9,0,-1,19,5,1,-1,0,0,0,0,0,0,1,9,-1,9,2,62,9,999,1,4,FORD FIESTA,7,E01026508,0,4
2024991422998,2024,991422998,2,9,0,-1,2,7,3,-1,0,0,0,0,1,0,2,1,-1,6,1,90,11,1242,1,14,FORD FIESTA,2,-1,0,4
2024302401285,2024,302401285,1,9,0,18,19,2,6,0,0,1,0,0,0,0,1,1,6,6,1,19,4,998,1,11,FORD FIESTA,3,E01033400,0,4
2024471480116,2024,471480116,2,9,0,-1,19,5,1,-1,0,0,0,0,1,0,1,1,-1,6,2,30,6,1084,1,5,FORD FIESTA,3,E01031795,0,3
2024161473120,2024,161473120,2,9,0,-1,4,3,7,-1,0,0,0,0,0,0,1,1,-1,6,1,22,5,1388,1,21,FORD FIESTA,5,E01013313,0,1
2024552401359,2024,552401359,1,9,0,18,19,2,6,0,0,0,0,0,0,0,1,1,6,6,2,47,8,1242,1,15,FORD FIESTA,10,E01020560,0,4
2024421452735,2024,421452735,2,9,0,-1,19,2,6,-1,0,0,0,0,0,0,4,1,-1,6,2,31,6,998,1,8,FORD FIESTA,10,E01021622,0,1
2024520402212,2024,520402212,2,9,0,5,5,4,8,0,0,8,0,0,0,0,1,1,6,6,2,80,11,999,8,1,FORD FIESTA,8,E01020497,0,2
2024610007724,2024,610007724,1,9,0,9,9,6,4,0,0,1,0,0,0,0,3,1,6,6,2,36,7,1242,1,13,FORD FIESTA,8,W01001399,0,1
2024122500365,2024,122500365,1,9,0,18,19,8,4,0,0,0,0,0,0,0,3,1,2,2,1,63,9,-1,-1,-1,FORD FIESTA,3,E01027749,0,4
2024101447641,2024,101447641,1,9,0,-1,19,5,1,-1,0,8,0,0,0,0,1,1,-1,6,1,43,7,1596,1,7,FORD FIESTA,3,E01008208,0,2
2024991476284,2024,991476284,1,9,0,-1,19,6,7,-1,0,0,0,0,0,0,3,1,-1,9,2,17,4,999,1,4,FORD FIESTA,9,-1,0,1
2024421451815,2024,421451815,2,9,0,-1,19,3,1,-1,0,0,1,0,0,0,4,1,-1,2,1,28,6,998,1,6,FORD FIESTA,7,E01023445,0,1
2024430003195,2024,430003195,1,9,0,18,19,6,2,0,0,0,0,10,0,0,1,1,6,6,2,19,4,998,1,11,FORD FIESTA,10,E01028801,0,2
2024371477351,2024,371477351,1,9,0,-1,9,1,5,-1,0,8,0,0,7,0,3,1,-1,9,1,20,4,1560,2,11,FORD FIESTA,10,E01030104,0,1
2024361463415,2024,361463415,1,9,0,-1,19,3,7,-1,0,0,0,0,0,0,1,1,-1,6,2,33,6,999,1,4,FORD FIESTA,8,E01035150,0,1
2024471409482,2024,471409482,1,9,0,-1,9,2,8,-1,0,1,0,0,0,0,1,1,-1,9,2,17,4,998,1,10,FORD FIESTA,3,E01021092,0,2
2024471534950,2024,471534950,1,9,0,-1,19,1,5,-1,0,0,0,0,2,3,1,1,-1,9,1,21,5,998,1,11,FORD FIESTA,9,E01031727,0,1
2024231476468,2024,231476468,2,9,0,-1,19,2,6,-1,0,8,0,7,0,0,1,1,-1,6,2,18,4,1242,1,13,FORD FIESTA,10,E01031134,0,1
2024061437245,2024,061437245,2,9,-1,-1,-1,-1,-1,-1,-1,0,-1,-1,-1,0,-1,9,-1,6,2,28,6,1399,2,14,FORD FIESTA,1,E01005660,0,1
202454B208524,2024,54B208524,1,9,0,18,19,5,1,0,0,0,0,0,7,0,1,1,6,6,1,21,5,1560,2,16,FORD FIESTA,7,E01015448,0,4
2024440329916,2024,440329916,2,9,0,9,9,8,6,0,0,1,0,0,0,0,4,1,6,6,2,28,6,1499,2,8,FORD FIESTA,1,E01032595,0,5
2024461465703,2024,461465703,2,9,0,-1,3,1,5,-1,0,8,0,0,0,0,3,9,-1,6,2,46,8,998,1,6,FORD FIESTA,2,E01021286,0,3
2024010514625,2024,010514625,2,9,0,4,4,3,7,0,0,0,0,0,0,0,1,2,6,6,3,-1,-1,-1,-1,-1,FORD FIESTA,-1,-1,0,-1
2024161444608,2024,161444608,1,9,0,-1,19,7,3,-1,0,0,0,4,0,0,1,1,-1,9,1,31,6,1242,1,15,FORD FIESTA,9,E01013316,0,1
2024421504785,2024,421504785,2,9,0,-1,4,3,7,-1,0,0,0,0,0,0,2,1,-1,2,2,25,5,1388,1,12,FORD FIESTA,4,E01015990,0,2
2024070214719,2024,070214719,1,9,0,4,4,6,2,9,9,0,0,0,1,2,1,1,6,6,1,81,11,999,1,2,FORD FIESTA,-1,-1,0,-1
2024411485318,2024,411485318,1,9,0,-1,19,5,1,-1,0,0,0,0,0,0,1,1,-1,6,2,35,6,1388,1,12,FORD FIESTA,7,E01023519,0,1
2024351458267,2024,351458267,2,9,0,-1,19,5,3,-1,0,1,0,0,0,0,1,1,-1,6,2,47,8,1499,2,8,FORD FIESTA,3,E01015674,0,2
2024631512733,2024,631512733,2,9,0,-1,12,1,5,-1,0,8,0,0,0,0,1,1,-1,6,2,30,6,998,1,7,FORD FIESTA,9,W01000845,0,2
2024131428077,2024,131428077,2,9,0,-1,4,3,7,-1,0,0,0,0,0,0,3,1,-1,9,1,82,11,1242,1,21,FORD FIESTA,1,E01011560,0,1
2024201429060,2024,201429060,1,9,0,-1,12,3,7,-1,0,1,0,0,0,0,3,1,-1,6,3,-1,-1,1399,2,20,FORD FIESTA,-1,-1,0,-1
2024010543432,2024,010543432,1,9,0,99,99,9,9,99,99,9,9,99,9,99,2,9,6,6,2,27,6,1388,1,14,FORD FIESTA,8,E01001470,0,1
2024471483101,2024,471483101,1,9,0,-1,19,6,2,-1,0,0,0,0,0,0,1,1,-1,6,2,19,4,1084,1,6,FORD FIESTA,7,E01035328,0,1
2024531510547,2024,531510547,1,9,0,-1,9,5,3,-1,0,8,0,0,0,0,4,1,-1,9,1,17,4,1242,1,9,FORD FIESTA,9,E01032347,0,1
2024010502973,2024,010502973,1,9,0,9,9,5,3,0,0,1,0,0,0,0,1,1,6,6,1,20,4,998,1,10,FORD FIESTA,5,E01000006,0,1
2024622400865,2024,622400865,1,9,0,4,4,4,8,0,0,1,0,0,0,0,1,1,6,6,1,23,5,1560,2,17,FORD FIESTA,9,W01001820,0,1
2024101493062,2024,101493062,1,9,-1,-1,13,4,8,-1,0,0,0,0,0,0,4,9,-1,6,1,-1,-1,998,1,9,FORD FIESTA,-1,-1,0,-1
2024131475343,2024,131475343,1,9,0,-1,5,0,0,-1,-1,0,0,0,0,0,2,1,-1,1,1,31,6,1399,2,12,FORD FIESTA,1,E01011344,0,1
2024201459567,2024,201459567,1,9,0,-1,19,3,7,-1,0,0,0,4,0,0,1,1,-1,6,1,78,11,998,1,8,FORD FIESTA,7,E01009653,0,1
2024010509875,2024,010509875,1,9,0,4,4,1,5,0,0,0,0,0,0,0,2,1,6,6,2,34,6,998,1,5,FORD FIESTA,7,E01021542,0,4
2024440160190,2024,440160190,1,9,0,7,7,6,4,0,0,8,0,0,0,0,3,1,2,2,2,39,7,998,1,6,FORD FIESTA,6,E01017100,0,1
2024991468157,2024,991468157,1,9,0,-1,19,6,2,-1,0,0,0,0,1,0,1,1,-1,2,1,20,4,998,1,2,FORD FIESTA,6,-1,0,2
2024161478086,2024,161478086,1,9,0,-1,19,6,2,-1,0,1,0,0,0,0,1,1,-1,6,1,68,10,999,1,4,FORD FIESTA,7,E01013228,0,1
2024010528787,2024,010528787,2,9,0,18,19,3,7,0,0,1,0,0,0,0,1,1,6,6,2,54,8,998,1,9,FORD FIESTA,5,E01003147,0,2
2024430254428,2024,430254428,2,9,0,2,2,0,0,0,0,1,0,0,0,0,1,1,6,6,3,-1,-1,998,1,10,FORD FIESTA,-1,-1,0,-1
2024010497764,2024,010497764,1,9,0,9,9,3,8,0,0,1,0,0,0,0,2,1,2,2,1,31,6,1084,1,6,FORD FIESTA,3,E01002370,0,1
2024421408656,2024,421408656,2,9,0,-1,19,2,6,-1,0,0,0,4,0,0,1,1,-1,9,2,38,7,1388,1,14,FORD FIESTA,4,E01021774,0,1
2024010525346,2024,010525346,2,9,0,18,19,2,6,0,0,1,0,0,0,0,1,1,6,6,1,78,11,1596,1,11,FORD FIESTA,4,E01002231,0,1
2024041483457,2024,041483457,2,9,0,-1,9,5,3,-1,0,8,0,0,0,0,1,1,-1,9,2,77,11,1560,2,11,FORD FIESTA,3,E01025442,0,1
202460Q106296,2024,60Q106296,1,9,0,18,19,1,5,0,0,0,5,0,7,2,1,1,6,6,1,88,11,1399,2,12,FORD FIESTA,-1,-1,0,-1
2024351427600,2024,351427600,1,9,0,-1,5,3,5,-1,0,2,0,0,0,0,3,1,-1,6,2,68,10,998,1,8,FORD FIESTA,6,E01018045,0,3
2024351414471,2024,351414471,2,9,0,-1,3,5,1,-1,0,7,0,0,0,0,1,1,-1,2,1,17,4,1596,1,17,FORD FIESTA,10,E01026364,0,3
2024010542732,2024,010542732,1,9,0,4,4,7,3,0,0,1,0,0,0,0,1,1,6,6,1,22,5,998,1,10,FORD FIESTA,3,E01001844,0,2
2024302500130,2024,302500130,1,9,0,-1,9,5,3,-1,0,8,0,0,0,0,1,1,-1,2,1,19,4,998,1,8,FORD FIESTA,2,E01019563,0,1
2024351464824,2024,351464824,3,9,0,-1,10,4,2,-1,0,1,1,0,0,0,1,1,-1,9,2,61,9,998,1,1,FORD FIESTA,6,E01018156,0,3
2024211455579,2024,211455579,1,9,0,-1,19,7,5,-1,0,3,1,10,1,0,1,1,-1,1,1,41,7,1388,1,19,FORD FIESTA,3,E01014323,0,3
2024231419695,2024,231419695,1,9,0,-1,9,8,5,-1,0,5,0,0,0,0,3,2,-1,6,2,21,5,1242,1,14,FORD FIESTA,10,E01031139,0,1
2024320245243,2024,320245243,2,9,0,-1,-1,2,4,0,0,0,1,0,7,0,1,1,6,6,1,26,6,1084,1,6,FORD FIESTA,7,E01026179,0,1
2024501536038,2024,501536038,1,9,0,-1,19,1,8,-1,0,4,0,0,0,0,1,2,-1,6,2,18,4,1388,1,14,FORD FIESTA,7,E01015165,0,1
2024320429785,2024,320429785,1,9,0,-1,-1,3,5,0,0,0,0,0,7,9,1,1,-1,-1,2,19,4,1399,2,14,FORD FIESTA,3,E01026169,0,4
2024041500008,2024,041500008,1,9,0,-1,4,4,8,-1,0,1,0,0,0,0,1,1,-1,9,1,37,7,1388,1,17,FORD FIESTA,2,E01012677,0,3
2024010546714,2024,010546714,2,9,0,15,15,7,3,0,0,6,0,0,0,0,4,1,6,6,3,-1,-1,1242,1,20,FORD FIESTA,-1,-1,0,-1
2024471441558,2024,471441558,1,9,0,-1,19,5,1,-1,0,2,0,11,0,0,4,1,-1,9,2,51,8,1596,1,12,FORD FIESTA,3,E01020927,0,1
2024361463869,2024,361463869,1,9,-1,-1,19,-1,-1,-1,0,1,0,0,0,0,1,9,-1,6,1,-1,-1,-1,-1,-1,FORD FIESTA,-1,-1,0,-1
2024010517404,2024,010517404,1,9,0,99,99,9,9,0,0,7,0,0,0,0,1,9,6,6,1,56,9,1388,1,15,FORD FIESTA,4,E01002491,0,4
202460Q035496,2024,60Q035496,1,9,0,7,7,1,3,9,9,2,0,0,1,0,1,1,6,6,3,-1,-1,998,1,1,FORD FIESTA,-1,-1,0,-1
2024451414991,2024,451414991,1,9,0,-1,19,-1,-1,-1,0,1,0,0,0,0,1,9,-1,6,1,58,9,999,1,4,FORD FIESTA,3,E01030745,0,1