collision_index,collision_year,collision_ref_no,vehicle_reference,vehicle_type,towing_and_articulation,vehicle_manoeuvre_historic,vehicle_manoeuvre,vehicle_direction_from,vehicle_direction_to,vehicle_location_restricted_lane_historic,vehicle_location_restricted_lane,junction_location,skidding_and_overturning,hit_object_in_carriageway,vehicle_leaving_carriageway,hit_object_off_carriageway,first_point_of_impact,vehicle_left_hand_drive,journey_purpose_of_driver_historic,journey_purpose_of_driver,sex_of_driver,age_of_driver,age_band_of_driver,engine_capacity_cc,propulsion_code,age_of_vehicle,generic_make_model,driver_imd_decile,lsoa_of_driver,escooter_flag,driver_distance_banding
2024311523718,2024,311523718,1,9,0,-1,2,0,0,-1,0,0,0,11,0,0,2,1,-1,6,-1,-1,-1,1242,1,10,FORD FIESTA,-1,-1,0,-1
2024461502274,2024,461502274,2,9,0,-1,9,5,3,-1,0,5,0,0,0,0,4,1,-1,9,2,52,8,1242,1,16,FORD FIESTA,4,E01024287,0,1
2024542867924,2024,542867924,3,9,0,18,19,4,8,0,0,0,0,0,0,0,1,1,6,6,1,17,4,1560,2,13,FORD FIESTA,4,E01020489,0,4
2024061515934,2024,061515934,1,9,-1,-1,-1,-1,-1,-1,-1,1,-1,-1,-1,0,-1,9,-1,6,2,-1,-1,1499,2,10,FORD FIESTA,3,E01004889,0,3
2024052401440,2024,052401440,1,9,0,1,1,7,3,0,0,0,0,0,0,0,2,1,6,6,1,26,6,998,1,6,FORD FIESTA,1,E01006676,0,3
2024991542253,2024,991542253,2,9,0,-1,7,2,7,-1,0,1,0,0,0,0,1,1,-1,6,1,77,11,1242,1,10,FORD FIESTA,-1,-1,0,-1
2024311459188,2024,311459188,1,9,0,-1,19,1,5,-1,0,0,0,4,0,0,4,9,-1,6,2,18,4,1242,1,15,FORD FIESTA,4,E01027996,0,3
2024122400860,2024,122400860,1,9,0,18,19,3,7,0,0,0,0,7,0,0,1,1,6,6,1,18,4,1242,1,14,FORD FIESTA,9,E01013266,0,4
2024010549586,2024,010549586,2,9,0,99,99,9,9,99,99,0,9,99,9,99,9,9,6,6,1,74,10,1242,1,19,FORD FIESTA,8,E01002273,0,2
2024211437012,2024,211437012,1,9,0,-1,19,8,4,-1,0,0,0,0,0,0,1,9,-1,6,3,-1,-1,1399,2,19,FORD FIESTA,-1,-1,0,-1
2024201430861,2024,201430861,1,9,0,-1,19,5,1,-1,0,0,0,0,0,0,1,9,-1,6,1,50,8,998,1,8,FORD FIESTA,-1,-1,0,-1
2024311400367,2024,311400367,1,9,0,-1,4,8,4,-1,0,3,0,0,0,0,1,9,-1,6,1,22,5,998,1,10,FORD FIESTA,9,E01028235,0,1
2024061436236,2024,061436236,1,9,0,-1,19,3,7,-1,0,0,5,0,1,0,1,1,-1,9,2,25,5,998,1,9,FORD FIESTA,9,E01027751,0,5
2024111522587,2024,111522587,1,9,0,-1,19,4,6,-1,0,1,0,0,0,0,1,1,-1,6,1,30,6,998,1,7,FORD FIESTA,-1,-1,0,-1
2024351463552,2024,351463552,1,9,0,-1,9,4,2,-1,0,2,0,0,0,0,3,1,-1,1,2,31,6,998,1,5,FORD FIESTA,1,E01018107,0,1
2024122400283,2024,122400283,1,9,0,18,19,6,2,0,0,0,0,0,0,0,1,1,6,6,2,28,6,998,1,4,FORD FIESTA,8,E01013348,0,1
2024430139354,2024,430139354,1,9,0,9,9,7,5,0,0,5,0,0,0,0,4,1,6,6,1,52,8,998,1,7,FORD FIESTA,9,E01016330,0,1
2024320198696,2024,320198696,3,9,0,-1,-1,4,8,0,0,2,0,0,0,0,2,1,-1,-1,2,46,8,998,1,7,FORD FIESTA,-1,-1,0,-1
2024231484145,2024,231484145,3,9,0,-1,19,2,6,-1,0,0,0,0,0,0,1,1,-1,9,2,69,10,999,1,2,FORD FIESTA,8,E01031161,0,1
2024131507802,2024,131507802,1,9,0,-1,19,1,5,-1,0,0,5,4,0,0,1,1,-1,6,2,29,6,1596,1,11,FORD FIESTA,-1,-1,0,-1
2024201431413,2024,201431413,2,9,0,-1,3,4,8,-1,0,0,0,0,0,0,2,9,-1,2,2,37,7,1084,1,1,FORD FIESTA,6,E01009974,0,3
2024010536387,2024,010536387,2,9,0,99,99,9,9,99,99,9,9,99,9,99,1,9,6,6,3,-1,-1,1242,1,13,FORD FIESTA,-1,-1,0,-1
2024201532186,2024,201532186,1,9,0,-1,19,6,2,-1,0,8,0,0,0,0,1,1,-1,6,1,25,5,1242,1,15,FORD FIESTA,-1,-1,0,-1
2024320513903,2024,320513903,1,9,0,-1,-1,3,7,0,0,0,5,0,0,0,1,1,-1,-1,1,20,4,1242,1,15,FORD FIESTA,6,E01026266,0,2
2024531407382,2024,531407382,2,9,0,-1,19,2,6,-1,0,1,0,0,0,0,1,1,-1,2,2,28,6,1499,2,10,FORD FIESTA,9,E01031958,0,4
2024141421965,2024,141421965,2,9,0,-1,9,8,5,-1,0,8,0,0,0,0,1,2,-1,6,1,19,4,998,1,4,FORD FIESTA,8,E01007422,0,2
2024131503020,2024,131503020,1,9,0,-1,19,4,8,-1,0,0,5,0,1,2,1,1,-1,6,1,30,6,1242,1,14,FORD FIESTA,1,E01010880,0,1
2024061428401,2024,061428401,2,9,0,-1,3,7,3,-1,0,0,0,0,0,0,2,1,-1,9,1,36,7,1242,1,17,FORD FIESTA,3,E01005013,0,2
2024201397989,2024,201397989,1,9,0,-1,5,8,3,-1,0,4,0,0,0,0,1,9,-1,6,1,69,10,1596,1,16,FORD FIESTA,1,E01010062,0,1
2024991449114,2024,991449114,1,9,0,-1,19,6,2,-1,0,8,0,0,0,0,1,1,-1,6,1,23,5,1084,1,6,FORD FIESTA,4,-1,0,2
2024371478710,2024,371478710,2,9,0,-1,4,3,7,-1,0,0,0,0,0,0,2,1,-1,9,1,59,9,998,1,10,FORD FIESTA,1,E01030249,0,3
2024522402193,2024,522402193,2,9,0,2,2,0,0,0,0,0,0,0,0,0,3,1,6,6,3,-1,-1,1388,1,14,FORD FIESTA,-1,-1,0,-1
2024161422007,2024,161422007,1,9,0,-1,19,7,3,-1,0,1,0,0,0,0,3,9,-1,9,2,28,6,1242,1,14,FORD FIESTA,7,E01013289,0,3
2024311489615,2024,311489615,1,9,0,-1,-1,-1,-1,-1,-1,-1,-1,-1,-1,0,-1,1,-1,6,2,26,6,998,1,5,FORD FIESTA,-1,-1,0,-1
2024302400640,2024,302400640,1,9,0,17,19,4,8,0,0,8,0,0,2,11,1,-1,-1,-1,2,50,8,999,1,2,FORD FIESTA,10,E01018621,0,4
2024070022921,2024,070022921,1,9,0,15,15,7,3,0,0,0,0,0,0,0,4,1,6,6,2,77,11,1388,1,15,FORD FIESTA,3,E01018672,0,2
2024211480713,2024,211480713,1,9,0,-1,19,3,7,-1,0,0,0,0,0,0,1,1,-1,6,2,65,9,1084,1,4,FORD FIESTA,10,E01018397,0,3
2024461469799,2024,461469799,1,9,0,-1,9,8,6,-1,0,6,0,0,0,0,1,1,-1,9,2,84,11,1242,1,11,FORD FIESTA,6,E01016166,0,1
2024201517151,2024,201517151,1,9,0,-1,19,7,3,-1,0,1,0,0,0,0,4,1,-1,6,1,23,5,1399,2,15,FORD FIESTA,-1,-1,0,-1
2024010510657,2024,010510657,1,9,0,18,19,4,8,0,0,3,0,0,0,0,4,1,2,2,1,78,11,1242,1,17,FORD FIESTA,3,E01002276,0,1
2024461525035,2024,461525035,1,9,0,-1,14,5,1,-1,0,0,0,4,0,0,1,1,-1,9,1,85,11,998,1,9,FORD FIESTA,7,E01024743,0,1
2024161448230,2024,161448230,1,9,0,-1,4,1,5,-1,0,0,0,0,0,0,2,1,-1,6,1,25,5,1499,2,9,FORD FIESTA,9,E01035477,0,1
2024010510690,2024,010510690,2,9,0,3,3,5,1,0,0,1,0,0,0,0,0,1,6,6,1,55,8,1388,1,17,FORD FIESTA,9,E01031590,0,4
2024031486129,2024,031486129,1,9,0,-1,19,5,8,-1,0,0,0,10,7,4,4,1,-1,6,1,20,4,1242,1,15,FORD FIESTA,9,E01019129,0,2
2024141422052,2024,141422052,1,9,0,-1,9,3,8,-1,0,8,1,10,0,0,1,1,-1,6,1,28,6,1388,1,12,FORD FIESTA,1,E01034842,0,1
2024161448661,2024,161448661,1,9,0,-1,19,3,7,-1,0,4,0,0,0,0,1,1,-1,6,1,36,7,1596,1,15,FORD FIESTA,3,E01013198,0,4
2024522402600,2024,522402600,2,9,0,18,19,6,2,0,0,8,0,0,0,0,1,1,6,6,2,58,9,1084,1,6,FORD FIESTA,5,E01022218,0,4
2024440514345,2024,440514345,1,9,0,7,7,8,2,0,0,6,0,0,0,0,3,1,6,6,1,20,4,1388,1,20,FORD FIESTA,3,E01022552,0,1
2024070304592,2024,070304592,2,9,0,18,19,5,3,0,0,8,0,0,0,0,3,1,6,6,2,40,7,1388,1,20,FORD FIESTA,1,E01012397,0,1
2024231430072,2024,231430072,2,9,0,-1,2,0,0,-1,0,0,0,0,0,0,1,9,-1,6,2,35,6,999,1,4,FORD FIESTA,8,E01031125,0,1
2024052401145,2024,052401145,1,9,0,9,9,6,4,0,0,6,0,0,0,0,1,1,6,6,2,70,10,1242,1,14,FORD FIESTA,1,E01006769,0,1
2024101473096,2024,101473096,1,9,0,-1,5,7,3,-1,9,1,0,0,1,11,1,1,-1,6,2,80,11,1084,1,5,FORD FIESTA,7,E01008320,0,1
2024332400808,2024,332400808,4,9,0,-1,4,8,4,-1,0,0,0,0,0,0,2,1,-1,6,1,17,4,1499,2,9,FORD FIESTA,8,E01035096,0,1
2024052400284,2024,052400284,2,9,0,18,19,2,6,0,0,8,0,0,0,0,3,1,6,6,1,50,8,1560,2,12,FORD FIESTA,1,E01006599,0,1
2024231437711,2024,231437711,2,9,0,-1,19,4,8,-1,0,8,0,0,0,0,1,1,-1,9,1,26,6,1242,1,20,FORD FIESTA,2,E01031074,0,4
2024991469503,2024,991469503,2,9,0,-1,19,4,8,-1,0,8,0,0,7,0,4,1,-1,2,1,35,6,1596,1,10,FORD FIESTA,8,-1,0,1
2024421524533,2024,421524533,3,9,0,-1,19,1,5,-1,0,0,0,0,0,0,2,1,-1,2,1,61,9,998,1,2,FORD FIESTA,2,E01000072,0,3
2024122401108,2024,122401108,2,9,0,18,19,8,4,0,0,0,0,0,0,0,0,1,6,6,2,19,4,1242,1,17,FORD FIESTA,6,E01012930,0,1
2024010530383,2024,010530383,2,9,0,18,19,7,3,0,0,8,0,0,0,0,3,1,2,2,1,20,4,1242,1,11,FORD FIESTA,10,E01002253,0,3
2024010501871,2024,010501871,1,9,0,18,19,3,7,0,0,1,1,0,7,0,1,1,2,2,2,19,4,1242,1,9,FORD FIESTA,5,E01004076,0,2
2024302400728,2024,302400728,1,9,0,4,4,5,1,0,0,0,0,0,0,0,2,1,6,6,2,27,6,998,1,10,FORD FIESTA,9,E01022429,0,5
2024141460645,2024,141460645,1,9,0,-1,19,6,2,-1,0,0,0,0,0,0,1,1,-1,6,1,37,7,1399,2,14,FORD FIESTA,1,E01034236,0,1
2024501461420,2024,501461420,1,9,0,-1,19,8,4,-1,0,0,0,0,0,0,1,1,-1,9,1,20,4,1388,1,16,FORD FIESTA,4,E01034640,0,2
2024622500088,2024,622500088,2,9,0,2,2,0,0,0,0,0,0,0,0,0,3,1,6,6,3,-1,-1,998,1,6,FORD FIESTA,-1,-1,0,-1
2024461426293,2024,461426293,2,9,0,-1,5,1,5,-1,0,1,0,0,0,0,1,1,-1,6,1,34,6,1596,1,14,FORD FIESTA,7,E01016179,0,1
2024211483057,2024,211483057,2,9,0,-1,19,8,8,-1,0,0,0,0,0,0,3,1,-1,6,2,38,7,998,1,8,FORD FIESTA,-1,-1,0,-1
2024010541006,2024,010541006,2,9,0,11,11,9,9,99,99,0,9,99,9,99,9,9,6,6,1,-1,-1,998,1,10,FORD FIESTA,2,E01001155,0,1
2024131410362,2024,131410362,2,9,0,-1,19,1,5,-1,0,0,0,0,1,11,1,1,-1,6,2,74,10,1242,1,10,FORD FIESTA,3,E01010727,0,3
2024070479701,2024,070479701,1,9,0,18,19,7,3,0,0,1,0,0,0,0,4,1,2,2,2,55,8,1242,1,15,FORD FIESTA,9,E01018473,0,1
2024991426120,2024,991426120,1,9,0,-1,19,1,4,-1,0,0,1,0,0,0,1,1,-1,9,1,45,7,1388,1,15,FORD FIESTA,2,E01012535,0,5
2024061411831,2024,061411831,2,9,-1,-1,-1,-1,-1,-1,-1,0,-1,-1,-1,0,-1,9,-1,6,1,18,4,998,1,9,FORD FIESTA,4,E01005895,0,1
2024061448369,2024,061448369,1,9,0,-1,5,-1,-1,-1,0,1,0,0,0,0,3,1,-1,9,1,61,9,1560,2,9,FORD FIESTA,1,E01005324,0,1
2024631406955,2024,631406955,1,9,0,-1,19,3,7,-1,0,2,1,4,2,10,1,1,-1,1,1,46,8,999,1,2,FORD FIESTA,2,W01000588,0,4
2024052402038,2024,052402038,2,9,0,18,19,1,5,0,0,1,0,0,0,0,1,1,6,6,2,50,8,1388,1,14,FORD FIESTA,5,E01006199,0,4
2024430428331,2024,430428331,1,9,0,16,19,3,7,0,0,0,0,0,1,4,1,1,6,6,1,20,4,1388,1,21,FORD FIESTA,10,E01015515,0,3
2024010537618,2024,010537618,1,9,0,-1,-1,5,1,0,0,8,0,0,0,0,1,1,6,6,1,33,6,1242,1,11,FORD FIESTA,-1,-1,0,-1
2024010498495,2024,010498495,1,9,0,18,19,1,5,0,0,1,0,0,0,0,3,1,2,2,1,35,6,1388,1,12,FORD FIESTA,5,E01002240,0,3
2024211474731,2024,211474731,1,9,0,-1,19,6,2,-1,0,0,1,0,0,0,1,1,-1,1,1,25,5,1242,1,19,FORD FIESTA,-1,-1,0,-1
2024371427463,2024,371427463,1,9,0,-1,19,1,5,-1,0,1,0,0,0,0,1,1,-1,6,1,32,6,1388,1,14,FORD FIESTA,1,E01030249,0,4
2024201475314,2024,201475314,2,9,0,-1,12,5,1,-1,0,8,0,0,0,0,4,1,-1,6,2,25,5,1242,1,12,FORD FIESTA,1,E01034921,0,1
2024371491284,2024,371491284,2,9,0,-1,19,4,7,-1,0,0,0,0,0,0,1,9,-1,9,1,28,6,1242,1,13,FORD FIESTA,6,E01030006,0,1
2024501521390,2024,501521390,2,9,0,-1,9,5,3,-1,0,2,0,10,0,0,1,1,-1,6,1,31,6,1242,1,10,FORD FIESTA,1,E01020094,0,3
2024031446705,2024,031446705,1,9,0,-1,19,6,1,-1,0,0,0,0,1,0,4,1,-1,2,2,48,8,1242,1,8,FORD FIESTA,3,E01019208,0,1
2024221504579,2024,221504579,1,9,0,-1,19,4,2,-1,0,8,0,0,0,0,1,1,-1,6,1,45,7,998,1,10,FORD FIESTA,8,E01025851,0,4
2024052402621,2024,052402621,2,9,0,4,4,1,5,0,0,0,0,0,0,0,2,1,6,6,2,42,7,1242,1,8,FORD FIESTA,2,E01006862,0,1
2024061431789,2024,061431789,1,9,0,-1,9,7,1,-1,0,1,0,0,0,0,1,9,-1,2,2,63,9,998,1,6,FORD FIESTA,2,E01033982,0,1
2024302401230,2024,302401230,1,9,0,18,19,2,6,0,0,8,0,0,0,0,1,2,6,6,2,82,11,1242,1,12,FORD FIESTA,5,E01019438,0,1
2024371532317,2024,371532317,2,9,0,-1,19,1,5,-1,0,0,0,0,0,0,1,1,-1,1,1,22,5,1596,1,9,FORD FIESTA,3,E01029886,0,1
2024351444063,2024,351444063,2,9,0,-1,19,8,4,-1,0,8,0,0,0,0,1,1,-1,6,2,20,4,1400,1,16,FORD FIESTA,7,E01030143,0,4
2024010517223,2024,010517223,2,9,9,99,99,9,9,99,99,9,9,99,9,99,1,1,6,6,2,37,7,1388,1,13,FORD FIESTA,5,E01033921,0,1
2024552400582,2024,552400582,3,9,0,4,4,6,2,0,0,0,0,0,0,0,1,1,2,2,2,22,5,1388,1,15,FORD FIESTA,6,E01020493,0,3
2024610008124,2024,610008124,2,9,0,18,19,8,4,0,0,0,0,0,1,0,1,1,6,6,1,29,6,998,1,5,FORD FIESTA,9,W01001573,0,1
2024440366903,2024,440366903,1,9,0,18,19,6,2,0,0,1,0,7,0,0,1,1,6,6,2,65,9,998,1,9,FORD FIESTA,7,E01022690,0,2
2024320356288,2024,320356288,1,9,0,-1,-1,3,7,0,0,0,5,0,7,0,1,1,-1,-1,2,61,9,1242,1,12,FORD FIESTA,1,E01034927,0,5
2024461420024,2024,461420024,1,9,0,-1,4,7,3,-1,0,0,0,0,0,0,1,1,-1,9,1,35,6,1242,1,15,FORD FIESTA,10,E01024755,0,2
2024430221839,2024,430221839,1,9,0,9,9,6,4,0,0,6,0,0,0,0,1,1,2,2,1,27,6,1242,1,12,FORD FIESTA,7,E01000657,0,4
2024161401667,2024,161401667,1,9,0,-1,8,1,4,-1,0,4,0,0,0,0,2,9,-1,9,1,26,6,1388,1,20,FORD FIESTA,1,E01013140,0,1
2024161531416,2024,161531416,1,9,0,-1,9,3,1,-1,0,2,0,0,0,0,3,1,-1,9,1,84,11,1388,1,21,FORD FIESTA,8,E01013170,0,1
2024522403182,2024,522403182,2,9,0,18,19,1,5,0,0,8,1,0,0,0,1,1,6,6,1,61,9,999,1,3,FORD FIESTA,7,E01008039,0,5
2024461448582,2024,461448582,1,9,0,-1,19,5,1,-1,0,8,5,4,0,0,1,1,-1,9,1,21,5,998,1,5,FORD FIESTA,7,E01024185,0,1
2024070138143,2024,070138143,1,9,0,18,19,1,5,0,0,1,0,0,0,0,1,1,6,6,1,-1,-1,1242,1,16,FORD FIESTA,5,E01018689,0,3
2024361430821,2024,361430821,1,9,0,-1,4,3,7,-1,0,0,0,0,0,0,1,1,-1,9,2,59,9,998,1,4,FORD FIESTA,5,E01026501,0,1
2024070882821,2024,070882821,1,9,0,-1,7,4,6,-1,0,8,0,0,0,0,1,1,-1,6,1,63,9,1242,1,9,FORD FIESTA,4,E01018549,0,1
2024311444338,2024,311444338,1,9,0,-1,19,1,4,-1,0,1,0,4,1,1,1,1,-1,6,1,25,5,1388,1,18,FORD FIESTA,-1,-1,0,-1
2024991429396,2024,991429396,1,9,0,-1,19,5,8,-1,0,0,0,10,6,0,1,1,-1,9,2,19,4,998,1,1,FORD FIESTA,1,-1,0,1
2024631456162,2024,631456162,1,9,0,-1,19,6,2,-1,0,0,0,0,0,0,1,1,-1,9,1,72,10,999,1,2,FORD FIESTA,3,W01000586,0,1
2024552400813,2024,552400813,1,9,0,4,4,4,8,0,0,0,0,0,0,0,2,1,2,2,2,36,7,1242,1,16,FORD FIESTA,9,E01015403,0,1
2024622400593,2024,622400593,1,9,0,16,19,6,2,0,0,1,0,0,2,1,0,1,6,6,1,18,4,1499,2,10,FORD FIESTA,1,W01000504,0,3
2024302400753,2024,302400753,1,9,0,7,7,2,4,0,0,8,0,0,0,0,3,1,2,2,2,69,10,998,1,7,FORD FIESTA,9,E01028292,0,4
2024332400839,2024,332400839,1,9,0,-1,19,3,7,-1,0,0,0,0,0,0,4,1,-1,2,2,41,7,998,1,8,FORD FIESTA,4,E01013786,0,1
2024520500026,2024,520500026,2,9,0,15,15,4,8,0,0,1,0,0,0,0,4,1,6,6,2,66,10,998,1,11,FORD FIESTA,4,E01035116,0,1
2024411419830,2024,411419830,1,9,0,-1,19,2,6,-1,0,6,1,0,0,0,3,1,-1,6,2,35,6,1388,1,15,FORD FIESTA,10,E01023817,0,3
2024471506862,2024,471506862,2,9,0,-1,19,8,4,-1,0,1,0,0,0,0,1,1,-1,9,1,20,4,1242,1,14,FORD FIESTA,5,W01002002,0,5
2024061508246,2024,061508246,2,9,0,-1,19,3,7,-1,0,1,0,0,0,0,1,1,-1,9,1,25,5,1388,1,16,FORD FIESTA,7,E01012554,0,2
2024211515070,2024,211515070,2,9,0,-1,19,6,3,-1,0,0,1,0,0,0,1,1,-1,6,1,20,4,998,1,9,FORD FIESTA,8,E01029416,0,1
2024451433190,2024,451433190,1,9,0,-1,19,1,5,-1,0,0,0,0,0,0,1,1,-1,1,1,23,5,1999,1,17,FORD FIESTA,4,E01034288,0,4
2024101420919,2024,101420919,3,9,0,-1,4,2,6,-1,0,0,0,0,0,0,2,1,-1,2,1,52,8,998,1,6,FORD FIESTA,10,E01008495,0,3
2024201460355,2024,201460355,2,9,0,-1,19,4,8,-1,0,0,0,0,0,0,2,9,-1,9,1,21,5,1242,1,8,FORD FIESTA,1,E01014124,0,4
2024421475258,2024,421475258,2,9,0,-1,19,5,1,-1,0,8,0,0,7,0,4,1,-1,9,1,77,11,1242,1,15,FORD FIESTA,3,E01015954,0,2
2024622400766,2024,622400766,1,9,0,18,19,8,4,0,0,0,0,4,0,0,1,1,6,6,2,78,11,999,1,2,FORD FIESTA,8,W01001791,0,1
2024201504428,2024,201504428,1,9,0,-1,19,5,1,-1,0,0,0,0,0,0,1,1,-1,6,2,-1,-1,1242,1,11,FORD FIESTA,-1,-1,0,-1
2024451531824,2024,451531824,1,9,0,-1,4,7,3,-1,0,0,0,0,0,0,2,1,-1,2,2,19,4,1242,1,12,FORD FIESTA,10,E01030366,0,1
2024522402388,2024,522402388,1,9,0,18,19,3,7,0,0,0,0,0,0,0,1,1,6,6,2,22,5,1242,1,15,FORD FIESTA,2,E01035215,0,1
2024010517384,2024,010517384,2,9,0,3,3,1,5,0,0,1,0,0,0,0,2,1,6,6,2,54,8,1388,1,14,FORD FIESTA,7,E01002207,0,1
2024421541876,2024,421541876,1,9,-1,-1,19,-1,-1,-1,0,0,0,0,0,0,-1,9,-1,6,1,-1,-1,998,1,7,FORD FIESTA,-1,-1,0,-1
2024131475364,2024,131475364,1,9,0,-1,19,1,5,-1,0,8,1,4,0,0,1,1,-1,9,1,78,11,1388,1,19,FORD FIESTA,10,E01011386,0,1
2024201433462,2024,201433462,1,9,0,-1,9,7,5,-1,0,5,0,0,0,0,3,9,-1,9,1,20,4,1242,1,12,FORD FIESTA,10,E01010196,0,1
2024231462993,2024,231462993,2,9,0,-1,19,3,1,-1,0,0,0,0,0,0,1,1,-1,6,1,18,4,1242,1,16,FORD FIESTA,10,E01031155,0,1
2024421499321,2024,421499321,1,9,0,-1,19,1,6,-1,0,0,1,0,8,10,3,1,-1,9,1,18,4,1242,1,16,FORD FIESTA,6,E01021715,0,2
2024430343322,2024,430343322,1,9,0,18,19,5,1,0,0,0,0,0,0,0,1,1,6,6,2,41,7,1388,1,13,FORD FIESTA,6,E01030424,0,4
2024451502477,2024,451502477,2,9,0,-1,10,1,5,-1,0,0,0,4,0,0,2,1,-1,1,2,41,7,998,1,9,FORD FIESTA,10,E01030512,0,2
2024010528129,2024,010528129,1,9,0,99,99,9,9,99,99,9,9,99,9,99,9,9,1,1,1,55,8,998,1,8,FORD FIESTA,3,E01003571,0,1
2024401492863,2024,401492863,2,9,0,-1,3,5,1,-1,0,0,0,0,0,0,2,9,-1,2,2,27,6,1388,1,13,FORD FIESTA,6,E01017554,0,2
2024131441144,2024,131441144,2,9,0,-1,-1,-1,-1,-1,-1,0,-1,-1,-1,0,2,1,-1,6,2,30,6,1242,1,11,FORD FIESTA,1,E01011339,0,2
2024421462862,2024,421462862,3,9,0,-1,2,5,5,-1,0,1,0,0,0,0,1,1,-1,6,-1,-1,-1,1242,1,15,FORD FIESTA,-1,-1,0,-1
2024421501796,2024,421501796,1,9,0,-1,5,2,6,-1,0,0,0,0,0,0,3,1,-1,6,2,24,5,1388,1,13,FORD FIESTA,-1,-1,0,-1
2024522402141,2024,522402141,1,9,0,18,19,8,4,0,0,0,0,0,0,0,1,1,6,6,1,27,6,1560,2,10,FORD FIESTA,1,W01001609,0,4
2024461512562,2024,461512562,1,9,0,-1,19,7,3,-1,0,1,0,0,0,0,1,1,-1,6,1,75,10,1499,2,7,FORD FIESTA,10,E01024107,0,1
2024430357213,2024,430357213,1,9,0,18,19,5,1,0,0,1,0,0,0,0,1,1,6,6,1,17,4,1242,1,12,FORD FIESTA,3,E01017906,0,1
2024531424705,2024,531424705,1,9,0,-1,19,3,7,-1,0,8,0,0,0,0,1,1,-1,2,1,26,6,1242,1,21,FORD FIESTA,8,E01022452,0,4
2024041428911,2024,041428911,1,9,0,-1,19,3,7,-1,0,1,0,0,1,2,1,1,-1,9,1,20,4,1242,1,18,FORD FIESTA,8,E01012613,0,2
2024520402506,2024,520402506,1,9,0,18,19,5,1,0,0,8,0,0,0,0,1,1,6,6,1,25,5,1242,1,16,FORD FIESTA,5,E01029183,0,1
2024501464248,2024,501464248,1,9,0,-1,9,6,4,-1,0,6,0,0,0,0,1,1,-1,9,1,86,11,1388,1,12,FORD FIESTA,7,E01015165,0,1
2024440188671,2024,440188671,1,9,0,18,19,2,6,0,0,5,0,0,0,0,1,1,6,6,1,18,4,1596,1,15,FORD FIESTA,3,E01022635,0,4
2024421525565,2024,421525565,1,9,0,-1,19,7,3,-1,0,0,0,0,0,0,1,1,-1,6,1,30,6,1499,2,9,FORD FIESTA,3,E01021283,0,2
2024211475077,2024,211475077,1,9,0,-1,5,1,5,-1,0,1,0,0,0,0,3,1,-1,9,1,66,10,1399,2,12,FORD FIESTA,9,E01029402,0,1
2024440348257,2024,440348257,1,9,0,18,19,1,6,0,0,3,1,0,0,0,3,1,6,6,2,33,6,998,1,5,FORD FIESTA,8,E01022889,0,3
2024421486726,2024,421486726,1,9,0,-1,12,3,7,-1,0,0,0,0,0,0,2,9,-1,6,1,34,6,-1,-1,-1,FORD FIESTA,1,E01015841,0,2
2024430227772,2024,430227772,2,9,0,13,13,2,6,0,0,0,0,0,0,0,4,1,6,6,1,-1,-1,1388,1,21,FORD FIESTA,-1,-1,0,-1
2024351468284,2024,351468284,1,9,0,-1,19,7,3,-1,0,8,0,0,0,0,1,1,-1,9,2,86,11,1596,1,18,FORD FIESTA,6,E01018169,0,2
2024031421765,2024,031421765,1,9,0,-1,19,7,4,-1,0,0,0,0,2,11,4,9,-1,6,1,33,6,998,1,4,FORD FIESTA,2,E01019285,0,1
2024552401444,2024,552401444,1,9,0,9,9,1,7,0,0,6,0,0,0,0,1,1,6,6,2,35,6,1560,2,15,FORD FIESTA,6,E01015337,0,1
2024501447672,2024,501447672,2,9,0,-1,3,4,8,-1,0,8,0,0,0,0,2,1,-1,2,1,60,9,1084,1,6,FORD FIESTA,9,E01020186,0,1
2024010523231,2024,010523231,2,9,0,18,19,5,1,0,0,8,0,0,0,0,1,1,6,6,1,21,5,1242,1,12,FORD FIESTA,-1,-1,0,-1
2024320167891,2024,320167891,1,9,0,-1,-1,6,2,0,0,4,0,0,0,0,1,1,6,6,3,-1,-1,1560,2,19,FORD FIESTA,-1,-1,0,-1
202417H107124,2024,17H107124,2,9,0,-1,19,4,8,-1,0,0,0,0,0,0,1,1,-1,2,1,18,4,1242,1,14,FORD FIESTA,1,E01033466,0,1
2024010514903,2024,010514903,1,9,0,9,9,3,8,0,0,8,0,0,0,0,1,1,6,6,2,28,6,1596,1,12,FORD FIESTA,9,E01024462,0,4
2024131486125,2024,131486125,1,9,0,-1,19,1,1,-1,0,8,5,10,1,11,1,1,-1,9,1,32,6,998,1,6,FORD FIESTA,7,E01011383,0,1
2024411486668,2024,411486668,1,9,0,-1,19,3,7,-1,0,0,1,0,1,0,1,1,-1,6,1,20,4,998,1,10,FORD FIESTA,7,E01035581,0,1