collision_index,collision_year,collision_ref_no,vehicle_reference,vehicle_type,towing_and_articulation,vehicle_manoeuvre_historic,vehicle_manoeuvre,vehicle_direction_from,vehicle_direction_to,vehicle_location_restricted_lane_historic,vehicle_location_restricted_lane,junction_location,skidding_and_overturning,hit_object_in_carriageway,vehicle_leaving_carriageway,hit_object_off_carriageway,first_point_of_impact,vehicle_left_hand_drive,journey_purpose_of_driver_historic,journey_purpose_of_driver,sex_of_driver,age_of_driver,age_band_of_driver,engine_capacity_cc,propulsion_code,age_of_vehicle,generic_make_model,driver_imd_decile,lsoa_of_driver,escooter_flag,driver_distance_banding
2024440289698,2024,440289698,1,9,0,7,7,6,8,9,9,5,0,0,0,0,1,1,6,6,1,63,9,1388,1,15,FORD FIESTA,3,E01017078,0,1
2024361494488,2024,361494488,1,9,0,-1,1,1,1,-1,0,0,0,0,7,0,1,1,-1,9,2,73,10,998,1,5,FORD FIESTA,4,E01026749,0,1
2024440418190,2024,440418190,2,9,0,9,9,3,1,0,0,8,0,0,0,0,1,1,6,6,1,-1,-1,998,1,11,FORD FIESTA,-1,-1,0,-1
2024411490066,2024,411490066,1,9,0,-1,3,5,1,-1,0,0,0,0,0,0,1,1,-1,1,1,20,4,1242,1,8,FORD FIESTA,4,E01023775,0,2
2024041405026,2024,041405026,2,9,0,-1,19,4,8,-1,0,0,0,0,0,0,1,1,-1,9,1,21,5,1242,1,7,FORD FIESTA,1,E01025036,0,1
2024461433651,2024,461433651,1,9,0,-1,19,4,8,-1,0,0,5,0,5,0,1,1,-1,6,1,20,4,1242,1,16,FORD FIESTA,6,E01024303,0,2
2024010515188,2024,010515188,1,9,0,18,19,4,8,0,0,1,0,0,1,11,4,1,6,6,2,51,8,1242,1,17,FORD FIESTA,8,E01001400,0,1
2024201444715,2024,201444715,1,9,0,-1,9,4,2,-1,0,5,0,0,0,0,4,1,-1,6,1,-1,-1,998,1,9,FORD FIESTA,-1,-1,0,-1
2024141455005,2024,141455005,1,9,0,-1,19,2,6,-1,0,2,0,0,0,0,3,1,-1,9,1,24,5,998,1,7,FORD FIESTA,5,E01007396,0,2
2024061504658,2024,061504658,2,9,0,-1,19,3,7,-1,0,0,0,0,0,0,1,1,-1,6,1,31,6,998,1,8,FORD FIESTA,1,E01002040,0,5
2024061452664,2024,061452664,1,9,0,-1,12,4,8,-1,0,1,0,0,0,0,4,1,-1,2,1,24,5,998,1,8,FORD FIESTA,6,E01024915,0,3
2024471525128,2024,471525128,2,9,0,-1,12,3,7,-1,0,0,0,0,0,0,1,1,-1,6,3,-1,-1,1399,2,15,FORD FIESTA,-1,-1,0,-1
2024622400356,2024,622400356,1,9,0,18,19,4,8,0,0,0,0,0,0,0,1,1,6,6,2,17,4,1242,1,10,FORD FIESTA,3,W01000787,0,2
2024122500077,2024,122500077,2,9,0,3,3,1,2,0,0,0,0,0,0,0,2,1,6,6,2,20,4,1242,1,15,FORD FIESTA,8,E01027695,0,3
2024052402392,2024,052402392,3,9,0,4,4,4,8,0,0,1,0,0,0,0,1,1,6,6,2,32,6,1596,1,10,FORD FIESTA,4,E01006625,0,1
2024201467508,2024,201467508,1,9,0,-1,4,6,2,-1,0,1,0,0,0,0,1,9,-1,6,1,19,4,998,1,9,FORD FIESTA,4,E01010325,0,1
2024161520137,2024,161520137,1,9,0,-1,3,6,2,-1,0,0,0,0,0,0,2,1,-1,2,2,41,7,1560,2,11,FORD FIESTA,2,E01013259,0,2
2024451518406,2024,451518406,1,9,0,-1,19,7,3,-1,0,0,0,0,0,0,1,1,-1,2,2,32,6,1242,1,14,FORD FIESTA,5,E01003084,0,4
2024231482198,2024,231482198,1,9,0,-1,19,4,1,-1,0,1,0,0,7,0,1,1,-1,9,2,51,8,1399,2,15,FORD FIESTA,4,E01031170,0,1
2024231447586,2024,231447586,1,9,0,-1,19,5,1,-1,0,8,0,0,0,0,1,1,-1,9,1,17,4,998,1,8,FORD FIESTA,8,E01009668,0,3
2024451431633,2024,451431633,2,9,0,-1,19,5,1,-1,0,1,0,0,0,0,1,1,-1,9,2,32,6,1388,1,13,FORD FIESTA,5,E01034297,0,1
2024631424191,2024,631424191,1,9,0,-1,12,8,4,-1,0,0,0,0,0,0,3,1,-1,6,1,47,8,1242,1,10,FORD FIESTA,3,W01000607,0,2
2024552400730,2024,552400730,1,9,0,9,9,8,5,0,0,5,0,0,0,0,4,1,2,2,1,17,4,998,1,1,FORD FIESTA,7,E01020498,0,1
2024131410355,2024,131410355,1,9,0,-1,9,5,2,-1,0,8,0,0,0,0,4,1,-1,9,1,58,9,1242,1,17,FORD FIESTA,3,E01011908,0,1
2024430270025,2024,430270025,1,9,0,3,3,2,6,0,0,0,0,0,0,0,3,1,6,6,2,18,4,1242,1,15,FORD FIESTA,-1,-1,0,-1
2024010522973,2024,010522973,1,9,0,18,19,6,2,99,99,9,9,0,0,0,4,9,6,6,1,22,5,1399,2,19,FORD FIESTA,2,E01002686,0,1
2024451414568,2024,451414568,1,9,0,-1,19,1,3,-1,0,0,0,0,0,0,0,9,-1,2,2,25,5,998,1,11,FORD FIESTA,4,E01030983,0,1
2024351443117,2024,351443117,1,9,-1,-1,-1,-1,-1,-1,-1,0,-1,-1,-1,0,-1,9,-1,9,2,20,4,998,1,1,FORD FIESTA,9,E01018280,0,1
2024052401714,2024,052401714,1,9,0,18,19,2,6,0,0,0,0,0,0,0,1,1,1,1,2,30,6,1242,1,9,FORD FIESTA,2,E01006482,0,2
2024522402131,2024,522402131,1,9,0,7,7,2,4,0,0,8,0,0,0,0,1,1,6,6,1,83,11,1388,1,21,FORD FIESTA,6,E01014780,0,1
2024041505061,2024,041505061,2,9,0,-1,5,3,7,-1,0,1,1,0,0,0,3,1,-1,1,2,21,5,1242,1,11,FORD FIESTA,6,E01024860,0,2
2024320042038,2024,320042038,2,9,0,4,4,8,4,0,0,8,0,0,0,0,2,1,-1,-1,2,54,8,1388,1,22,FORD FIESTA,5,E01026345,0,1
2024010544688,2024,010544688,1,9,0,99,99,9,9,99,99,0,9,99,9,99,1,9,6,6,1,32,6,1242,1,16,FORD FIESTA,9,E01000424,0,2
2024052401344,2024,052401344,1,9,0,10,10,5,3,0,0,1,0,0,0,0,1,1,6,6,1,42,7,1560,2,17,FORD FIESTA,1,E01006695,0,1
2024471513879,2024,471513879,1,9,0,-1,3,1,5,-1,0,1,0,0,0,0,1,1,-1,6,1,78,11,998,1,1,FORD FIESTA,3,E01020973,0,1
2024211452308,2024,211452308,2,9,0,-1,3,1,5,-1,0,0,0,0,0,0,1,1,-1,6,2,40,7,998,1,6,FORD FIESTA,1,E01014302,0,1
2024302500155,2024,302500155,1,9,0,-1,19,8,4,-1,0,1,0,0,0,0,1,1,-1,6,1,67,10,1560,2,13,FORD FIESTA,8,E01019490,0,2
2024201530754,2024,201530754,2,9,0,-1,19,5,4,-1,0,1,0,0,0,0,1,1,-1,6,1,24,5,1242,1,11,FORD FIESTA,2,E01009395,0,1
2024430255273,2024,430255273,1,9,0,18,19,2,6,0,0,0,0,4,0,0,1,1,6,6,2,24,5,1242,1,8,FORD FIESTA,10,E01017883,0,2
2024041511156,2024,041511156,1,9,0,-1,5,8,4,-1,0,0,0,0,0,0,1,1,-1,9,1,36,7,998,1,9,FORD FIESTA,1,E01025226,0,2
2024332400369,2024,332400369,1,9,0,-1,9,6,4,-1,0,6,0,0,0,0,1,1,-1,9,1,24,5,1242,1,14,FORD FIESTA,6,E01013606,0,1
2024010521216,2024,010521216,1,9,0,18,19,7,3,9,9,0,1,0,1,11,1,1,6,6,1,18,4,1388,1,15,FORD FIESTA,4,E01001484,0,1
2024552400846,2024,552400846,3,9,0,18,19,4,8,0,0,0,0,0,0,0,3,1,6,6,1,62,9,998,1,11,FORD FIESTA,1,E01014647,0,4
2024101502502,2024,101502502,3,9,0,-1,19,2,7,-1,0,1,0,1,0,0,1,1,-1,9,1,25,5,1242,1,11,FORD FIESTA,-1,-1,0,-1
2024010526196,2024,010526196,2,9,0,18,19,9,9,99,99,9,9,99,9,99,9,9,6,6,3,-1,-1,1242,1,15,FORD FIESTA,-1,-1,0,-1
2024201421592,2024,201421592,1,9,0,-1,19,2,5,-1,0,2,0,0,0,0,1,1,-1,6,2,-1,-1,1399,2,14,FORD FIESTA,7,E01032901,0,4
2024041502733,2024,041502733,1,9,0,-1,19,5,1,-1,0,2,0,0,0,0,3,1,-1,6,1,17,4,998,1,8,FORD FIESTA,8,E01025601,0,1
2024302400372,2024,302400372,2,9,0,5,5,6,2,0,0,4,0,0,0,0,2,1,6,6,2,32,6,1560,2,14,FORD FIESTA,2,E01019543,0,1
2024141450232,2024,141450232,2,9,0,-1,19,1,5,-1,0,1,0,0,0,0,1,1,-1,9,1,53,8,1399,2,12,FORD FIESTA,3,E01007541,0,1
2024430524045,2024,430524045,2,9,0,18,19,7,3,0,0,0,2,0,0,0,3,1,6,6,1,90,11,1242,1,14,FORD FIESTA,7,E01028639,0,2
2024131462395,2024,131462395,2,9,0,-1,19,1,5,-1,0,0,0,0,0,0,1,1,-1,9,2,29,6,1242,1,17,FORD FIESTA,2,E01010942,0,1
2024471441893,2024,471441893,2,9,0,-1,19,8,4,-1,0,0,0,0,0,0,1,1,-1,6,2,23,5,1388,1,14,FORD FIESTA,9,E01031662,0,4
2024061478229,2024,061478229,2,9,-1,-1,-1,-1,-1,-1,-1,0,-1,-1,-1,0,-1,9,-1,6,1,-1,-1,1399,2,13,FORD FIESTA,3,E01012691,0,4
2024101534910,2024,101534910,3,9,0,-1,3,1,5,-1,0,0,0,0,0,0,2,1,-1,9,1,49,8,999,1,4,FORD FIESTA,5,E01034508,0,4
2024520500213,2024,520500213,1,9,0,18,19,5,1,0,0,1,0,0,0,0,9,1,6,6,2,44,7,1388,1,21,FORD FIESTA,9,E01029205,0,1
2024461477598,2024,461477598,2,9,0,-1,19,5,1,-1,0,8,0,0,0,0,4,9,-1,9,1,27,6,1242,1,13,FORD FIESTA,3,E01016154,0,1
2024101444729,2024,101444729,1,9,0,-1,9,5,3,-1,0,8,0,0,0,0,1,1,-1,9,1,28,6,1388,1,15,FORD FIESTA,8,E01008372,0,1
2024201448459,2024,201448459,2,9,0,-1,2,0,0,-1,0,0,0,4,0,0,2,1,-1,6,2,71,10,1596,1,10,FORD FIESTA,8,E01008949,0,1
2024430468783,2024,430468783,1,9,0,9,9,2,8,0,0,2,0,0,1,1,4,1,6,6,2,31,6,1388,1,14,FORD FIESTA,8,E01028741,0,3
2024010524344,2024,010524344,2,9,0,99,99,9,9,99,99,9,9,99,9,99,9,9,6,6,3,-1,-1,1242,1,16,FORD FIESTA,-1,-1,0,-1
2024461476905,2024,461476905,2,9,0,-1,19,5,1,-1,0,2,0,0,0,0,1,1,-1,9,1,21,5,1388,1,18,FORD FIESTA,4,E01016097,0,2
2024211417853,2024,211417853,1,9,4,-1,19,6,2,-1,0,0,0,0,7,0,3,1,-1,1,2,36,7,998,1,9,FORD FIESTA,1,E01034311,0,1
2024421520764,2024,421520764,1,9,0,-1,19,5,1,-1,0,3,0,0,0,0,1,1,-1,9,2,27,6,1499,2,10,FORD FIESTA,7,E01021350,0,1
2024622400443,2024,622400443,2,9,0,18,19,5,1,0,0,8,0,0,1,0,1,1,6,6,1,45,7,998,1,7,FORD FIESTA,9,W01001053,0,1
2024010518705,2024,010518705,1,9,0,18,19,2,6,0,0,3,0,0,0,0,1,1,6,6,1,76,11,998,1,6,FORD FIESTA,3,E01002312,0,1
2024421519209,2024,421519209,1,9,0,-1,19,3,7,-1,-1,0,0,0,0,0,4,1,-1,6,3,-1,-1,1388,1,14,FORD FIESTA,-1,-1,0,-1
2024340WN1582,2024,340WN1582,2,9,0,-1,2,0,0,-1,0,0,0,0,0,0,3,1,-1,6,2,55,8,1560,2,12,FORD FIESTA,6,E01027232,0,1
2024440175136,2024,440175136,2,9,0,9,9,4,2,0,0,8,0,0,0,0,1,1,6,6,1,17,4,998,1,11,FORD FIESTA,8,E01022786,0,2
2024161431670,2024,161431670,1,9,0,-1,19,4,8,-1,0,8,0,0,0,0,4,1,-1,9,2,39,7,1242,1,8,FORD FIESTA,4,E01012802,0,1
2024052401255,2024,052401255,1,9,0,18,19,4,8,0,0,0,0,0,0,0,1,1,6,6,2,29,6,1242,1,14,FORD FIESTA,5,E01006465,0,2
2024010539084,2024,010539084,2,9,0,2,2,0,0,0,0,5,1,0,0,0,2,1,6,6,3,-1,-1,1242,1,14,FORD FIESTA,-1,-1,0,-1
2024440358223,2024,440358223,1,9,0,4,4,6,2,0,0,6,1,0,0,0,1,1,6,6,1,38,7,1242,1,27,FORD FIESTA,3,E01022482,0,2
2024371447629,2024,371447629,1,9,0,-1,19,2,6,-1,0,4,0,0,0,0,1,1,-1,9,1,92,11,1596,1,19,FORD FIESTA,9,E01029967,0,1
2024411441089,2024,411441089,2,9,0,-1,19,5,1,-1,0,0,0,0,0,0,1,1,-1,9,2,19,4,998,1,2,FORD FIESTA,10,E01018288,0,4
2024421477980,2024,421477980,1,9,0,-1,19,1,4,-1,0,0,1,0,7,4,1,1,-1,9,2,20,4,1399,2,12,FORD FIESTA,5,E01021360,0,1
2024302400032,2024,302400032,2,9,0,18,19,3,5,0,0,2,0,0,0,0,1,1,2,2,2,54,8,998,1,12,FORD FIESTA,6,E01006048,0,2
2024201467246,2024,201467246,1,9,0,-1,4,6,1,-1,0,0,0,0,0,0,1,1,-1,6,2,53,8,1399,2,14,FORD FIESTA,1,E01034922,0,1
2024421423186,2024,421423186,1,9,0,-1,9,1,7,-1,0,8,0,0,0,0,1,1,-1,2,2,48,8,998,1,6,FORD FIESTA,9,E01021481,0,1
2024520402042,2024,520402042,1,9,0,9,9,3,1,0,0,2,0,0,0,0,1,1,6,6,2,78,11,998,1,6,FORD FIESTA,8,E01020497,0,2
2024052400977,2024,052400977,1,9,0,18,19,7,3,0,0,1,0,0,0,0,1,1,6,6,1,25,5,1242,1,15,FORD FIESTA,1,E01006753,0,3
2024201498058,2024,201498058,2,9,0,-1,7,8,2,-1,0,6,0,10,1,11,1,1,-1,6,1,41,7,1388,1,14,FORD FIESTA,5,E01010230,0,1
2024111488979,2024,111488979,1,9,0,-1,19,8,4,-1,0,0,2,0,1,0,4,1,-1,2,1,50,8,1596,1,16,FORD FIESTA,-1,-1,0,-1
2024421525062,2024,421525062,1,9,0,-1,14,6,2,-1,0,0,1,0,0,0,1,1,-1,9,1,82,11,998,1,5,FORD FIESTA,6,E01021903,0,3
2024371465264,2024,371465264,1,9,0,-1,19,7,3,-1,0,0,0,0,0,0,1,9,-1,6,2,42,7,1242,1,20,FORD FIESTA,6,E01029907,0,1
2024332400598,2024,332400598,1,9,0,-1,19,8,4,-1,0,0,0,10,7,11,1,1,-1,6,1,22,5,1242,1,21,FORD FIESTA,7,E01025748,0,1
2024401536729,2024,401536729,3,9,0,-1,4,1,5,-1,0,0,0,0,0,0,1,1,-1,6,1,24,5,998,1,6,FORD FIESTA,1,E01013896,0,5
2024010546927,2024,010546927,2,19,0,-1,-1,3,7,0,0,8,0,4,0,0,1,1,1,1,1,36,7,1499,2,4,FORD FIESTA,2,E01024596,0,4
2024371432221,2024,371432221,2,9,0,-1,19,4,8,-1,0,0,0,0,1,11,4,1,-1,6,1,67,10,998,1,8,FORD FIESTA,6,E01030235,0,4
2024070673324,2024,070673324,1,9,0,16,19,5,1,0,0,0,2,0,1,11,1,1,6,6,1,24,5,1242,1,10,FORD FIESTA,1,E01005068,0,2
2024461407928,2024,461407928,2,9,0,-1,4,5,1,-1,0,1,0,0,0,0,2,9,-1,9,2,22,5,1084,1,5,FORD FIESTA,2,E01024374,0,1
2024631478307,2024,631478307,1,9,0,-1,19,7,3,-1,0,0,0,0,0,0,1,1,-1,9,1,17,4,1560,2,15,FORD FIESTA,7,W01000547,0,4
2024052400468,2024,052400468,1,9,0,18,19,2,6,0,0,0,0,0,0,0,1,1,6,6,2,59,9,1242,1,15,FORD FIESTA,1,E01006611,0,1
2024991467291,2024,991467291,2,9,0,-1,4,2,7,-1,0,1,0,0,0,0,2,1,-1,9,2,19,4,998,1,11,FORD FIESTA,6,-1,0,3
2024101458698,2024,101458698,2,9,0,-1,5,3,7,-1,0,8,0,0,0,0,3,1,-1,6,2,29,6,1596,1,15,FORD FIESTA,3,E01008202,0,1
2024371516364,2024,371516364,1,9,0,-1,4,3,5,-1,0,2,0,0,0,0,0,1,-1,9,1,23,5,1499,2,8,FORD FIESTA,5,E01033127,0,1
2024211420452,2024,211420452,1,9,0,-1,19,2,7,-1,0,0,1,10,0,0,1,1,-1,6,2,18,4,1242,1,13,FORD FIESTA,-1,-1,0,-1
2024501470625,2024,501470625,2,9,0,-1,19,6,2,-1,0,0,0,0,0,0,1,9,-1,6,2,56,9,998,1,11,FORD FIESTA,8,E01015067,0,1
2024231519999,2024,231519999,1,9,0,-1,9,8,6,-1,0,5,0,0,0,0,4,1,-1,2,1,18,4,1242,1,13,FORD FIESTA,9,E01025817,0,2
2024161480922,2024,161480922,1,9,0,-1,19,1,3,-1,0,4,0,0,1,0,3,1,-1,9,1,24,5,1242,1,10,FORD FIESTA,9,E01035474,0,1
2024451517700,2024,451517700,2,9,0,-1,19,1,5,-1,0,0,0,0,0,0,1,1,-1,9,2,39,7,1388,1,14,FORD FIESTA,8,E01030813,0,1
2024141411768,2024,141411768,2,9,0,-1,19,7,3,-1,0,1,0,0,0,0,1,1,-1,9,2,64,9,1388,1,14,FORD FIESTA,2,E01007895,0,1
2024311503376,2024,311503376,1,9,0,-1,19,3,7,-1,0,0,0,0,0,0,1,2,-1,6,1,28,6,1388,1,15,FORD FIESTA,-1,-1,0,-1
2024010505940,2024,010505940,1,9,9,99,99,9,9,99,99,9,9,12,9,99,9,9,6,6,3,-1,-1,1388,1,15,FORD FIESTA,-1,-1,0,-1
2024041517176,2024,041517176,2,9,0,-1,19,1,5,-1,0,2,0,0,0,0,3,1,-1,6,2,23,5,1499,2,11,FORD FIESTA,1,E01025592,0,3
2024461437650,2024,461437650,1,9,0,-1,19,1,5,-1,0,1,0,0,0,0,1,9,-1,9,1,25,5,1596,1,11,FORD FIESTA,7,E01035287,0,2
2024501447573,2024,501447573,1,9,0,-1,1,3,7,-1,0,0,0,0,0,0,2,1,-1,9,1,26,6,998,1,6,FORD FIESTA,5,E01020097,0,4
2024430494012,2024,430494012,1,9,0,7,7,4,6,0,0,8,0,0,0,0,4,1,1,1,1,60,9,1499,2,10,FORD FIESTA,-1,-1,0,-1
2024320309134,2024,320309134,2,9,0,-1,-1,4,8,0,0,8,1,0,0,0,1,1,6,6,2,57,9,998,1,7,FORD FIESTA,3,E01034686,0,1
2024141403320,2024,141403320,1,9,0,-1,7,7,8,-1,0,8,0,0,0,0,1,1,-1,2,2,20,4,1242,1,14,FORD FIESTA,1,E01008057,0,1
2024540202124,2024,540202124,1,9,0,7,7,5,1,0,0,4,0,0,0,0,1,1,6,6,1,27,6,1399,2,14,FORD FIESTA,7,E01033860,0,1
2024221445887,2024,221445887,1,9,0,-1,3,6,2,-1,0,1,0,0,0,0,2,9,-1,6,1,47,8,1388,1,16,FORD FIESTA,4,E01032152,0,3
2024401519298,2024,401519298,1,9,0,-1,5,1,5,-1,0,2,0,0,0,0,1,1,-1,6,1,18,4,999,1,3,FORD FIESTA,9,E01017414,0,1
2024351539365,2024,351539365,1,9,0,-1,12,7,2,-1,0,0,0,0,4,0,4,1,-1,2,1,51,8,1242,1,19,FORD FIESTA,7,E01026252,0,4
2024531498616,2024,531498616,1,9,0,-1,19,8,6,-1,0,2,0,0,0,0,1,9,-1,6,1,23,5,1596,1,15,FORD FIESTA,10,E01022119,0,1
2024201495753,2024,201495753,2,9,0,-1,3,3,7,-1,0,1,0,0,0,0,2,1,-1,6,2,22,5,1388,1,14,FORD FIESTA,1,E01009233,0,2
2024010551378,2024,010551378,1,9,0,18,19,5,1,0,0,1,0,0,0,0,4,1,6,6,1,23,5,998,1,7,FORD FIESTA,2,E01001695,0,1
2024231462111,2024,231462111,2,9,0,-1,19,4,8,-1,0,8,0,0,0,0,1,1,-1,9,2,38,7,998,1,10,FORD FIESTA,8,E01027008,0,2
2024211434168,2024,211434168,4,9,0,-1,19,3,7,-1,0,0,0,0,0,0,2,1,-1,6,2,20,4,1399,2,14,FORD FIESTA,6,E01029778,0,1
2024471495487,2024,471495487,2,9,0,-1,19,3,7,-1,0,1,0,0,0,0,4,1,-1,9,2,67,10,1084,1,6,FORD FIESTA,10,E01030959,0,4
2024401539211,2024,401539211,3,9,0,-1,2,0,0,-1,0,0,0,0,0,0,2,1,-1,6,-1,-1,-1,1242,1,11,FORD FIESTA,-1,-1,0,-1
2024471398254,2024,471398254,1,9,0,-1,19,7,3,-1,0,0,0,0,0,0,3,1,-1,6,2,48,8,1388,1,15,FORD FIESTA,5,E01034819,0,3
2024122500034,2024,122500034,1,9,0,18,19,3,7,0,0,0,0,0,0,0,1,1,6,6,1,78,11,998,1,7,FORD FIESTA,7,E01013419,0,1
2024010506366,2024,010506366,1,9,0,99,99,9,9,99,99,0,9,99,9,99,2,9,6,6,1,29,6,1242,1,14,FORD FIESTA,3,E01002139,0,2
2024041460106,2024,041460106,1,9,0,-1,9,8,4,-1,0,1,1,0,0,0,1,1,-1,9,1,18,4,1299,1,23,FORD FIESTA,5,E01025357,0,1
2024041479156,2024,041479156,1,9,0,-1,19,5,1,-1,0,0,5,0,1,11,1,1,-1,6,1,18,4,999,1,3,FORD FIESTA,7,E01025609,0,1
2024421528942,2024,421528942,1,9,0,-1,19,0,0,-1,0,3,0,0,0,0,4,1,-1,2,2,22,5,999,1,4,FORD FIESTA,7,E01015849,0,3
2024131402948,2024,131402948,2,9,0,-1,9,1,7,-1,0,2,0,0,0,0,4,1,-1,7,1,41,7,998,1,6,FORD FIESTA,10,E01011562,0,1
2024010549041,2024,010549041,1,9,0,9,9,7,5,0,0,6,0,0,0,0,1,1,6,6,2,65,9,998,1,9,FORD FIESTA,2,E01003350,0,1
2024221533758,2024,221533758,1,9,0,-1,19,3,8,-1,0,0,2,0,2,11,1,1,-1,9,2,67,10,998,1,6,FORD FIESTA,6,E01014133,0,3
2024461422495,2024,461422495,4,9,0,-1,19,4,8,-1,0,0,0,0,0,0,2,1,-1,9,2,19,4,998,1,11,FORD FIESTA,8,E01016101,0,1
2024471452677,2024,471452677,1,9,0,-1,9,3,1,-1,0,8,0,0,0,0,1,1,-1,2,2,31,6,1399,2,15,FORD FIESTA,10,E01031686,0,3
2024361418585,2024,361418585,1,9,0,-1,19,2,7,-1,0,0,5,0,1,11,1,1,-1,6,1,23,5,1388,1,18,FORD FIESTA,5,E01026430,0,2
2024052401618,2024,052401618,2,9,0,18,19,3,7,0,0,1,0,0,0,0,4,1,6,6,1,44,7,1242,1,18,FORD FIESTA,1,E01007220,0,2
2024302400784,2024,302400784,2,9,0,16,19,2,6,0,0,0,0,0,0,0,3,1,6,6,2,22,5,1399,2,17,FORD FIESTA,6,E01019482,0,1
2024201503275,2024,201503275,1,9,0,-1,19,4,8,-1,0,1,0,0,0,0,1,9,-1,9,3,-1,-1,1388,1,16,FORD FIESTA,-1,-1,0,-1
2024552400795,2024,552400795,1,9,0,18,19,1,5,0,0,1,0,4,0,0,1,1,6,6,3,-1,-1,998,1,5,FORD FIESTA,-1,-1,0,-1
2024461454613,2024,461454613,2,9,0,-1,19,5,7,-1,0,1,0,0,0,0,1,9,-1,9,1,31,6,998,1,1,FORD FIESTA,5,E01016149,0,1
2024991461385,2024,991461385,1,9,0,-1,19,2,6,-1,0,0,0,0,0,0,1,1,-1,6,1,77,11,999,1,3,FORD FIESTA,1,-1,0,1
2024141467322,2024,141467322,2,9,0,-1,4,4,1,-1,0,0,0,0,0,0,1,1,-1,6,2,20,4,999,1,3,FORD FIESTA,1,E01008009,0,1
2024421514124,2024,421514124,2,9,0,-1,19,1,5,-1,0,0,0,0,0,0,2,1,-1,6,1,89,11,1242,1,17,FORD FIESTA,8,E01021333,0,4
2024461433626,2024,461433626,2,9,0,-1,5,7,1,-1,0,0,0,0,0,0,3,1,-1,9,2,49,8,998,1,10,FORD FIESTA,2,E01016040,0,2
2024201527731,2024,201527731,1,9,0,-1,19,5,1,-1,0,1,0,0,0,0,1,1,-1,6,2,25,5,1242,1,11,FORD FIESTA,3,E01010105,0,1
2024221421407,2024,221421407,1,9,0,-1,19,8,4,-1,0,0,5,0,7,10,4,1,-1,9,1,20,4,1399,2,15,FORD FIESTA,6,E01014078,0,2
2024031523525,2024,031523525,3,9,0,-1,19,6,2,-1,0,0,0,0,0,0,1,1,-1,9,2,38,7,998,1,7,FORD FIESTA,5,E01019094,0,4
2024552400705,2024,552400705,1,9,0,18,19,6,2,0,0,0,5,0,0,0,0,1,6,6,1,21,5,1388,1,20,FORD FIESTA,6,E01020541,0,2
2024421435346,2024,421435346,1,9,0,-1,19,7,3,-1,0,0,0,0,0,0,1,1,-1,9,1,43,7,1242,1,15,FORD FIESTA,5,E01021417,0,1
2024311494223,2024,311494223,2,9,0,-1,4,4,8,-1,0,8,0,0,0,0,2,1,-1,9,2,63,9,998,1,7,FORD FIESTA,-1,-1,0,-1
2024010506573,2024,010506573,2,9,0,99,99,9,9,99,99,9,9,99,9,99,9,9,6,6,2,22,5,1084,1,7,FORD FIESTA,6,E01002332,0,1
2024052402073,2024,052402073,1,9,0,18,19,3,7,0,0,8,0,0,0,0,1,1,6,6,1,78,11,1388,1,19,FORD FIESTA,1,E01007273,0,1
2024411484084,2024,411484084,1,9,0,-1,19,5,2,-1,0,0,5,4,0,0,1,1,-1,6,1,18,4,998,1,8,FORD FIESTA,6,E01023340,0,3
2024070891050,2024,070891050,1,9,0,-1,9,1,7,-1,0,1,0,0,0,0,1,1,-1,1,2,29,6,998,1,7,FORD FIESTA,-1,-1,0,-1
2024101444196,2024,101444196,1,9,0,-1,4,7,2,-1,0,0,0,0,0,0,4,1,-1,2,1,23,5,1399,2,12,FORD FIESTA,2,E01008298,0,2
202454C733024,2024,54C733024,1,9,0,9,9,6,4,0,0,2,0,0,0,0,1,1,2,2,1,29,6,999,1,4,FORD FIESTA,6,E01031848,0,2
2024161510633,2024,161510633,1,9,0,-1,19,1,5,-1,0,0,0,0,0,0,1,1,-1,2,2,20,4,1242,1,10,FORD FIESTA,10,E01033495,0,1
2024440554969,2024,440554969,1,9,0,18,19,5,1,0,0,2,0,0,0,0,1,1,6,6,2,30,6,1560,2,12,FORD FIESTA,4,E01031859,0,3
2024411473774,2024,411473774,1,9,0,-1,4,5,1,-1,0,2,0,0,0,0,1,1,-1,6,1,30,6,1084,1,6,FORD FIESTA,7,E01023960,0,1
2024061411036,2024,061411036,1,9,0,-1,12,1,5,-1,0,0,0,0,0,0,3,1,-1,6,2,25,5,1084,1,6,FORD FIESTA,3,E01018611,0,3
2024991500340,2024,991500340,1,9,0,-1,5,3,6,-1,9,1,0,0,0,0,1,1,-1,6,1,26,6,1242,1,7,FORD FIESTA,10,-1,0,2
2024461490128,2024,461490128,6,9,0,-1,2,7,3,-1,0,0,0,0,0,0,3,1,-1,6,-1,-1,-1,1242,1,19,FORD FIESTA,-1,-1,0,-1