collision_index,collision_year,collision_ref_no,vehicle_reference,vehicle_type,towing_and_articulation,vehicle_manoeuvre_historic,vehicle_manoeuvre,vehicle_direction_from,vehicle_direction_to,vehicle_location_restricted_lane_historic,vehicle_location_restricted_lane,junction_location,skidding_and_overturning,hit_object_in_carriageway,vehicle_leaving_carriageway,hit_object_off_carriageway,first_point_of_impact,vehicle_left_hand_drive,journey_purpose_of_driver_historic,journey_purpose_of_driver,sex_of_driver,age_of_driver,age_band_of_driver,engine_capacity_cc,propulsion_code,age_of_vehicle,generic_make_model,driver_imd_decile,lsoa_of_driver,escooter_flag,driver_distance_banding
2024221399757,2024,221399757,1,9,0,-1,19,6,2,-1,0,0,0,0,0,0,1,9,-1,9,1,40,7,1388,1,18,FORD FIESTA,5,E01032238,0,3
2024440308476,2024,440308476,2,9,0,4,4,6,2,0,0,8,0,0,0,0,2,1,6,6,1,30,6,999,1,4,FORD FIESTA,6,E01022656,0,1
2024131424083,2024,131424083,1,9,0,-1,19,1,5,-1,0,8,0,0,7,11,1,1,-1,9,1,47,8,1388,1,12,FORD FIESTA,1,E01011374,0,1
2024052402046,2024,052402046,1,9,0,5,5,5,1,0,0,2,0,0,0,0,1,1,6,6,2,84,11,1388,1,21,FORD FIESTA,9,E01006825,0,1
2024361399200,2024,361399200,2,9,0,-1,19,2,6,-1,0,1,1,0,0,0,1,9,-1,9,2,19,4,1242,1,13,FORD FIESTA,2,E01033040,0,1
2024351398836,2024,351398836,1,9,0,-1,19,7,3,-1,0,2,1,11,1,11,1,1,-1,6,1,17,4,998,1,11,FORD FIESTA,4,E01026661,0,2
2024302500090,2024,302500090,1,9,0,-1,19,2,6,-1,0,8,0,0,0,0,3,1,-1,1,1,68,10,998,1,9,FORD FIESTA,9,E01019879,0,1
2024340NN3322,2024,340NN3322,1,9,0,-1,19,6,2,-1,0,0,1,0,7,4,4,1,-1,9,1,18,4,1596,1,15,FORD FIESTA,7,E01027321,0,1
2024440165244,2024,440165244,2,9,0,10,10,2,6,0,0,0,0,0,0,0,1,1,6,6,1,-1,-1,1596,1,15,FORD FIESTA,9,E01027619,0,5
2024101461836,2024,101461836,1,9,0,-1,9,1,7,-1,0,8,0,0,1,0,4,1,-1,9,2,21,5,998,1,6,FORD FIESTA,4,E01008404,0,1
2024411476865,2024,411476865,1,9,-1,-1,-1,-1,-1,-1,-1,-1,-1,-1,-1,0,-1,9,-1,6,1,-1,-1,1399,2,15,FORD FIESTA,-1,-1,0,-1
2024501469488,2024,501469488,1,9,0,-1,19,7,3,-1,0,0,0,0,0,0,2,1,-1,9,2,72,10,1388,1,22,FORD FIESTA,8,E01025730,0,5
2024430223802,2024,430223802,1,9,0,18,19,8,4,0,0,1,0,0,0,0,4,1,6,6,2,34,6,999,1,3,FORD FIESTA,5,E01004624,0,4
2024010548305,2024,010548305,2,9,0,99,99,9,9,99,99,9,9,99,9,99,1,9,6,6,3,34,6,998,1,8,FORD FIESTA,3,E01003636,0,1
2024010531061,2024,010531061,1,9,0,9,9,5,2,0,0,2,0,0,0,0,4,1,6,6,1,18,4,1084,1,5,FORD FIESTA,6,E01001271,0,3
2024440159150,2024,440159150,2,9,0,13,13,2,6,0,0,0,0,0,0,0,4,1,6,6,2,-1,-1,998,1,1,FORD FIESTA,-1,-1,0,-1
2024070717461,2024,070717461,2,9,0,-1,19,3,5,-1,0,8,0,0,0,0,1,1,-1,9,2,41,7,1242,1,10,FORD FIESTA,10,E01018641,0,1
2024501472457,2024,501472457,2,9,0,-1,19,1,3,-1,0,8,0,0,0,0,0,1,-1,9,2,45,7,1388,1,14,FORD FIESTA,1,E01015151,0,1
2024451508280,2024,451508280,1,9,0,-1,19,1,5,-1,0,4,0,0,0,0,4,1,-1,1,1,19,4,1242,1,16,FORD FIESTA,2,E01030497,0,1
2024531462372,2024,531462372,1,9,0,-1,5,2,6,-1,0,1,0,0,0,0,1,1,-1,2,2,39,7,1560,2,12,FORD FIESTA,2,E01022292,0,1
2024320487080,2024,320487080,1,9,0,-1,-1,3,7,0,0,0,0,0,0,0,1,1,-1,-1,1,33,6,1999,1,16,FORD FIESTA,8,E01026238,0,2
2024622400435,2024,622400435,1,9,0,9,9,8,7,0,0,5,0,0,0,0,4,1,6,6,1,18,4,998,1,7,FORD FIESTA,4,W01000763,0,1
2024101429667,2024,101429667,1,9,0,-1,9,3,1,-1,0,8,0,0,0,0,4,1,-1,6,1,22,5,1242,1,9,FORD FIESTA,3,E01008851,0,3
2024610046524,2024,610046524,1,9,0,18,19,3,7,0,0,0,0,0,0,0,1,1,6,6,1,69,10,1388,1,14,FORD FIESTA,2,W01001464,0,1
2024541156624,2024,541156624,1,9,0,18,19,4,8,0,0,0,1,0,7,4,1,1,6,6,2,35,6,1560,2,16,FORD FIESTA,4,E01032040,0,3
2024061519327,2024,061519327,1,9,0,-1,99,-1,-1,-1,0,9,0,0,0,0,4,1,-1,6,2,24,5,998,1,10,FORD FIESTA,5,E01004981,0,1
2024010531403,2024,010531403,2,9,0,18,19,9,9,99,99,0,9,99,9,99,1,9,6,6,3,-1,-1,1242,1,7,FORD FIESTA,-1,-1,0,-1
2024201410551,2024,201410551,1,9,0,-1,19,4,6,-1,0,1,0,0,0,0,1,9,-1,6,1,-1,-1,1242,1,13,FORD FIESTA,-1,-1,0,-1
2024201484792,2024,201484792,2,9,0,-1,19,1,5,-1,0,0,0,0,0,0,4,1,-1,6,1,17,4,998,1,11,FORD FIESTA,8,E01010151,0,2
2024061520413,2024,061520413,2,9,0,-1,19,2,6,-1,0,1,0,0,0,0,1,1,-1,9,2,20,4,1242,1,14,FORD FIESTA,2,E01004929,0,2
2024440200537,2024,440200537,1,9,0,9,9,1,7,0,0,8,0,0,0,0,4,1,2,2,2,19,4,1242,1,12,FORD FIESTA,10,E01022684,0,2
2024440103252,2024,440103252,1,9,0,18,19,6,2,0,0,0,2,0,8,10,1,1,6,6,1,20,4,1242,1,20,FORD FIESTA,7,E01023178,0,1
2024211493164,2024,211493164,1,9,0,-1,8,1,6,-1,0,5,0,0,0,0,1,1,-1,6,2,27,6,998,1,8,FORD FIESTA,8,E01029713,0,1
2024231542996,2024,231542996,1,9,0,-1,19,2,6,-1,0,0,0,0,0,0,1,1,-1,6,1,21,5,999,1,4,FORD FIESTA,8,E01031323,0,1
2024546676124,2024,546676124,1,9,0,18,19,6,2,0,0,0,0,4,0,0,1,1,6,6,2,47,8,1388,1,12,FORD FIESTA,6,E01016297,0,3
2024231549696,2024,231549696,3,9,0,-1,4,2,6,-1,0,0,0,0,0,0,1,9,-1,9,1,32,6,1399,2,14,FORD FIESTA,5,E01031309,0,1
2024201461176,2024,201461176,1,9,0,-1,19,2,6,-1,0,1,0,0,0,0,1,1,-1,6,1,28,6,998,1,6,FORD FIESTA,6,E01010376,0,2
2024041457364,2024,041457364,2,9,0,-1,1,1,5,-1,0,0,0,0,0,0,3,1,-1,9,2,40,7,1242,1,14,FORD FIESTA,2,E01012711,0,1
2024201467393,2024,201467393,2,9,0,-1,19,2,6,-1,0,1,0,0,0,0,1,9,-1,2,1,64,9,1388,1,18,FORD FIESTA,5,E01009582,0,1
2024010545031,2024,010545031,1,9,0,18,19,5,1,0,0,0,0,0,0,0,1,1,2,2,2,27,6,998,1,6,FORD FIESTA,-1,-1,0,-1
2024471407248,2024,471407248,2,9,0,-1,19,4,8,-1,0,0,0,0,0,0,4,1,-1,9,2,62,9,998,1,6,FORD FIESTA,7,E01021110,0,2
2024522401329,2024,522401329,2,9,0,4,4,5,1,0,0,0,0,0,0,0,2,1,6,6,2,41,7,999,1,3,FORD FIESTA,4,E01015007,0,4
2024052400096,2024,052400096,1,9,0,9,9,4,2,0,0,8,0,0,0,0,1,1,6,6,2,61,9,999,1,3,FORD FIESTA,8,E01006582,0,1
2024451431315,2024,451431315,3,9,0,-1,19,2,6,-1,0,0,0,0,0,0,3,1,-1,9,1,19,4,998,1,11,FORD FIESTA,8,E01030564,0,3
2024451408424,2024,451408424,1,9,0,-1,19,5,1,-1,0,0,0,0,0,0,1,1,-1,9,2,79,11,1242,1,13,FORD FIESTA,5,E01031794,0,4
2024451538774,2024,451538774,2,9,0,-1,19,1,5,-1,0,1,0,0,0,0,1,1,-1,9,2,43,7,1388,1,12,FORD FIESTA,2,E01021137,0,4
2024991396564,2024,991396564,1,9,0,-1,19,3,7,-1,0,0,5,4,0,0,1,1,-1,9,1,18,4,998,1,9,FORD FIESTA,6,-1,0,1
2024041438905,2024,041438905,2,9,0,-1,19,3,7,-1,0,0,0,0,0,0,3,1,-1,9,2,25,5,998,1,11,FORD FIESTA,1,E01025183,0,4
202454C393824,2024,54C393824,1,9,0,18,19,3,7,0,0,0,0,0,7,3,1,1,6,6,2,51,8,1499,2,10,FORD FIESTA,9,E01032706,0,1
2024041429494,2024,041429494,1,9,0,-1,19,7,3,-1,0,8,0,0,0,0,1,1,-1,9,1,17,4,1388,1,18,FORD FIESTA,9,E01025064,0,4
2024421504103,2024,421504103,1,9,0,-1,19,5,1,-1,0,4,0,0,0,0,1,1,-1,6,1,25,5,1596,1,8,FORD FIESTA,1,E01021302,0,1
2024340NN2462,2024,340NN2462,2,9,0,-1,19,3,7,-1,0,0,0,0,1,7,4,1,-1,9,2,18,4,998,1,8,FORD FIESTA,7,E01032967,0,3
202460Q055758,2024,60Q055758,1,9,0,13,13,5,1,0,0,0,0,0,0,0,4,1,6,6,1,19,4,998,1,6,FORD FIESTA,-1,-1,0,-1
202460Q167963,2024,60Q167963,1,9,0,14,14,7,3,0,0,0,0,0,0,0,1,1,6,6,1,23,5,1499,2,7,FORD FIESTA,-1,-1,0,-1
2024010541557,2024,010541557,2,9,0,99,99,9,9,99,99,0,9,99,9,99,9,9,6,6,3,-1,-1,1242,1,9,FORD FIESTA,3,E01003593,0,1
2024201432088,2024,201432088,2,9,0,-1,9,6,3,-1,0,3,0,10,7,1,4,9,-1,2,1,24,5,1242,1,10,FORD FIESTA,3,E01009947,0,1
2024211404265,2024,211404265,2,9,0,-1,19,7,3,-1,0,0,0,0,0,0,1,1,-1,1,1,35,6,1399,2,14,FORD FIESTA,2,E01034057,0,1
2024371559420,2024,371559420,2,9,0,-1,19,5,1,-1,0,8,0,0,0,0,1,1,-1,9,2,56,9,1399,2,15,FORD FIESTA,5,E01030281,0,1
2024421431448,2024,421431448,1,9,0,-1,9,3,1,-1,0,1,0,0,0,0,1,1,-1,6,1,18,4,1388,1,15,FORD FIESTA,10,E01021249,0,2
2024471460194,2024,471460194,1,9,0,-1,5,7,5,-1,0,6,0,0,0,0,1,1,-1,9,2,61,9,1596,1,11,FORD FIESTA,10,E01021052,0,1
2024332400655,2024,332400655,1,9,0,-1,3,2,6,-1,0,1,0,0,0,0,2,1,-1,2,1,24,5,1399,2,14,FORD FIESTA,1,E01013651,0,2
2024622400502,2024,622400502,1,9,0,16,19,6,2,0,0,1,0,7,2,4,1,1,6,6,1,20,4,1496,1,5,FORD FIESTA,3,W01001080,0,1
2024531415623,2024,531415623,2,9,0,-1,2,0,0,-1,0,0,0,0,1,11,3,1,-1,6,-1,-1,-1,999,1,3,FORD FIESTA,-1,-1,0,-1
2024451421169,2024,451421169,1,9,0,-1,6,4,8,-1,0,6,0,0,0,0,4,1,-1,7,2,60,9,1242,1,16,FORD FIESTA,8,E01030904,0,1
2024351475979,2024,351475979,2,9,0,-1,5,5,1,-1,0,3,0,0,0,0,2,1,-1,9,1,62,9,998,1,11,FORD FIESTA,4,E01025789,0,4
2024430334261,2024,430334261,1,9,0,18,19,8,4,0,0,0,0,0,0,0,1,1,6,6,1,30,6,1388,1,13,FORD FIESTA,6,E01019319,0,5
2024451488173,2024,451488173,2,9,0,-1,19,5,1,-1,0,0,0,0,0,0,1,1,-1,2,1,52,8,998,1,7,FORD FIESTA,10,E01030344,0,1
2024371418032,2024,371418032,1,9,0,-1,4,5,1,-1,0,2,0,0,0,0,3,1,-1,6,2,44,7,998,1,9,FORD FIESTA,9,E01022013,0,2
2024052400295,2024,052400295,2,9,0,2,2,0,0,0,0,0,0,0,0,0,3,1,6,6,3,-1,-1,1084,1,2,FORD FIESTA,-1,-1,0,-1
2024411512510,2024,411512510,3,9,0,-1,19,5,1,-1,0,1,0,0,0,0,2,1,-1,6,2,23,5,1242,1,15,FORD FIESTA,8,E01023875,0,1
2024471454581,2024,471454581,1,9,0,-1,19,2,6,-1,0,0,1,0,7,11,1,1,-1,6,1,18,4,1242,1,17,FORD FIESTA,9,E01016997,0,2
2024010511414,2024,010511414,2,9,0,18,19,7,3,0,0,2,0,0,0,0,1,1,6,6,1,20,4,1242,1,13,FORD FIESTA,-1,-1,0,-1
2024101418712,2024,101418712,1,9,0,-1,9,5,5,-1,0,4,0,0,0,0,4,1,-1,6,1,64,9,1242,1,13,FORD FIESTA,9,E01027465,0,1
2024122400335,2024,122400335,2,9,0,18,19,4,8,0,0,1,0,0,0,0,1,1,6,6,1,18,4,1388,1,13,FORD FIESTA,9,E01011570,0,3
2024131530964,2024,131530964,1,9,0,-1,19,5,1,-1,0,0,0,0,0,0,1,1,-1,6,2,39,7,998,1,10,FORD FIESTA,5,E01011798,0,3
2024161474671,2024,161474671,2,9,0,-1,19,2,6,-1,0,0,0,0,0,0,2,9,-1,6,1,80,11,1596,1,8,FORD FIESTA,5,E01033414,0,1
2024111445295,2024,111445295,1,9,0,-1,19,1,6,-1,0,6,0,0,1,3,4,1,-1,1,1,20,4,1560,2,10,FORD FIESTA,5,E01020882,0,3
2024031437606,2024,031437606,2,9,0,-1,10,7,5,-1,0,1,0,0,0,0,1,9,-1,9,2,73,10,998,1,9,FORD FIESTA,10,E01019249,0,2
2024201504916,2024,201504916,1,9,0,-1,19,1,5,-1,0,0,0,0,0,0,1,1,-1,6,1,70,10,1388,1,20,FORD FIESTA,4,E01029836,0,4
2024320529538,2024,320529538,1,9,0,4,4,2,6,0,0,0,0,0,0,0,2,1,6,6,1,-1,-1,998,1,1,FORD FIESTA,-1,-1,0,-1
2024411432545,2024,411432545,2,9,0,-1,5,1,5,-1,0,1,0,0,0,0,3,1,-1,9,1,51,8,1388,1,13,FORD FIESTA,8,E01021793,0,1
2024141481933,2024,141481933,1,9,0,-1,9,6,4,-1,0,8,0,0,0,0,4,1,-1,6,1,37,7,998,1,11,FORD FIESTA,7,E01007621,0,2
2024501445223,2024,501445223,1,9,0,-1,19,4,8,-1,0,0,0,0,0,0,1,1,-1,6,2,60,9,999,1,3,FORD FIESTA,4,E01019071,0,2
2024991465444,2024,991465444,1,9,0,-1,19,5,1,-1,0,0,0,0,0,0,3,1,-1,9,2,25,5,1242,1,14,FORD FIESTA,-1,-1,0,-1
2024440342628,2024,440342628,1,9,0,18,19,8,4,0,0,1,0,0,0,0,1,1,6,6,1,19,4,1388,1,15,FORD FIESTA,6,E01035434,0,1
2024010520239,2024,010520239,2,9,0,18,19,1,5,0,0,0,1,0,0,0,3,1,6,6,2,30,6,1388,1,14,FORD FIESTA,4,E01001704,0,2
2024061483755,2024,061483755,1,9,0,-1,19,5,8,-1,0,0,0,0,0,0,1,1,-1,9,1,36,7,1242,1,16,FORD FIESTA,1,E01005599,0,1
2024451455515,2024,451455515,2,9,0,-1,19,3,7,-1,0,0,0,0,0,0,1,1,-1,9,1,87,11,1399,2,16,FORD FIESTA,9,E01030642,0,1
2024544824824,2024,544824824,2,9,0,5,5,4,2,0,0,1,0,0,0,0,3,1,6,6,1,26,6,1399,2,15,FORD FIESTA,2,E01033846,0,1
2024461469056,2024,461469056,2,9,0,-1,19,3,7,-1,0,1,1,0,0,0,4,9,-1,6,1,40,7,1596,1,12,FORD FIESTA,1,E01016083,0,1
2024440512585,2024,440512585,1,9,0,10,10,2,8,0,0,1,0,0,0,0,1,1,2,2,1,24,5,998,1,6,FORD FIESTA,8,E01014852,0,4
2024332400578,2024,332400578,1,9,0,-1,19,3,7,-1,0,0,0,0,0,0,3,1,-1,9,1,62,9,1499,2,9,FORD FIESTA,4,E01025789,0,1
2024541251524,2024,541251524,2,9,0,18,19,1,5,0,0,0,0,0,1,11,1,1,6,6,2,59,9,1242,1,7,FORD FIESTA,10,E01032006,0,4
2024421461474,2024,421461474,2,9,0,-1,9,1,5,-1,0,1,0,0,0,0,4,1,-1,9,1,88,11,1084,1,6,FORD FIESTA,-1,-1,0,-1
2024231524283,2024,231524283,1,9,0,-1,9,1,7,-1,0,5,0,0,0,0,1,9,-1,6,1,57,9,1242,1,9,FORD FIESTA,10,E01031296,0,2
2024421505884,2024,421505884,1,9,0,-1,19,7,3,-1,0,0,0,0,0,0,1,1,-1,6,1,28,6,1388,1,18,FORD FIESTA,1,E01021988,0,1
2024141425981,2024,141425981,1,9,0,-1,19,6,2,-1,0,1,0,0,0,0,1,1,-1,9,2,18,4,1242,1,15,FORD FIESTA,2,E01007772,0,1
2024010506022,2024,010506022,2,9,0,99,99,9,9,99,99,9,9,99,9,99,9,9,6,6,3,-1,-1,1596,1,9,FORD FIESTA,-1,-1,0,-1
2024010504181,2024,010504181,1,9,0,99,99,9,9,99,99,9,9,99,9,99,2,9,2,2,2,39,7,1596,1,10,FORD FIESTA,3,E01033945,0,1
2024311471348,2024,311471348,2,9,0,-1,9,5,3,-1,0,8,0,0,0,0,4,1,-1,9,2,18,4,998,1,9,FORD FIESTA,9,E01028117,0,3
2024531513703,2024,531513703,1,9,0,-1,15,3,7,-1,0,0,0,0,0,0,4,1,-1,2,2,19,4,1242,1,14,FORD FIESTA,9,E01022305,0,1
2024461475901,2024,461475901,1,9,0,-1,19,8,4,-1,0,0,0,0,7,0,3,1,-1,6,2,18,4,1388,1,17,FORD FIESTA,9,E01024394,0,2
2024371470803,2024,371470803,5,9,0,-1,4,1,5,-1,0,0,0,0,0,0,2,1,-1,6,2,23,5,999,1,3,FORD FIESTA,6,E01026900,0,3
2024631523307,2024,631523307,1,9,0,-1,5,4,2,-1,0,6,0,0,0,0,3,1,-1,1,2,21,5,1499,2,6,FORD FIESTA,7,W01000690,0,1
2024430343173,2024,430343173,4,9,0,18,19,-1,-1,0,0,0,0,0,0,0,1,1,6,6,2,58,9,998,1,6,FORD FIESTA,8,E01017683,0,1
2024122401137,2024,122401137,2,9,0,18,19,3,7,0,0,6,0,0,0,0,4,1,6,6,1,17,4,1242,1,10,FORD FIESTA,8,E01034974,0,1
2024461493770,2024,461493770,1,9,0,-1,-1,-1,-1,-1,-1,0,-1,-1,-1,0,-1,9,-1,6,2,49,8,1242,1,10,FORD FIESTA,3,E01016030,0,1
2024031523525,2024,031523525,1,9,0,-1,19,2,6,-1,0,0,0,0,0,0,1,1,-1,9,1,37,7,1399,2,14,FORD FIESTA,9,E01019085,0,4
2024041416017,2024,041416017,1,9,0,-1,19,6,2,-1,9,0,0,0,7,11,1,1,-1,6,2,20,4,1388,1,18,FORD FIESTA,4,E01025113,0,1
2024631449628,2024,631449628,2,9,0,-1,9,1,6,-1,0,6,0,0,0,0,3,1,-1,2,1,49,8,998,1,4,FORD FIESTA,3,W01001923,0,1
2024351498128,2024,351498128,2,9,0,-1,4,5,1,-1,0,1,0,0,0,0,2,1,-1,6,1,34,6,998,1,8,FORD FIESTA,5,E01018096,0,3
2024010522987,2024,010522987,2,9,0,4,4,1,5,0,0,1,0,0,0,0,2,1,6,6,2,20,4,998,1,1,FORD FIESTA,3,E01001823,0,1
2024010510495,2024,010510495,2,9,0,99,99,9,9,99,99,1,9,99,9,99,9,9,6,6,3,-1,-1,1242,1,15,FORD FIESTA,-1,-1,0,-1
2024122400550,2024,122400550,2,9,0,18,19,3,7,0,0,1,2,0,0,0,4,1,6,6,1,79,11,998,1,4,FORD FIESTA,-1,-1,0,-1
2024421432219,2024,421432219,2,9,0,-1,19,7,3,-1,0,1,0,0,0,0,1,1,-1,6,1,64,9,1242,1,9,FORD FIESTA,8,E01021813,0,1
2024471438040,2024,471438040,1,9,0,-1,19,1,5,-1,0,0,0,0,0,0,1,1,-1,9,1,17,4,1242,1,14,FORD FIESTA,10,E01031734,0,1
2024131533142,2024,131533142,2,9,0,-1,19,4,8,-1,0,8,0,0,0,0,2,1,-1,9,2,22,5,1388,1,13,FORD FIESTA,1,E01011349,0,1
2024041474662,2024,041474662,3,9,0,-1,2,0,0,-1,0,0,0,0,0,0,2,1,-1,6,-1,-1,-1,1499,2,8,FORD FIESTA,-1,-1,0,-1
2024161398354,2024,161398354,1,9,0,-1,5,1,5,-1,0,4,0,0,0,0,4,9,-1,2,2,47,8,998,1,5,FORD FIESTA,8,E01035470,0,1
2024361517490,2024,361517490,1,9,0,-1,19,5,1,-1,0,1,0,0,0,0,1,1,-1,9,1,83,11,998,1,9,FORD FIESTA,1,E01026868,0,2
2024010517008,2024,010517008,1,9,0,18,19,5,1,9,9,3,0,0,3,2,1,1,6,6,2,19,4,998,1,8,FORD FIESTA,-1,-1,0,-1
2024471430683,2024,471430683,1,9,0,-1,9,1,7,-1,0,8,0,0,0,0,4,1,-1,2,2,51,8,1242,1,11,FORD FIESTA,1,E01016904,0,1
2024041498402,2024,041498402,2,9,0,-1,19,3,7,-1,0,4,0,0,0,0,1,1,-1,9,1,21,5,1242,1,14,FORD FIESTA,1,E01025151,0,1
2024531420464,2024,531420464,1,9,0,-1,19,4,8,-1,0,0,0,4,0,0,1,1,-1,9,2,71,10,1242,1,13,FORD FIESTA,7,E01022376,0,1
2024401412070,2024,401412070,3,9,0,-1,4,-1,-1,-1,0,0,0,0,0,0,2,9,-1,6,1,34,6,1084,1,5,FORD FIESTA,6,W01001930,0,5
2024041478543,2024,041478543,4,9,0,-1,2,0,0,-1,0,1,0,0,0,0,3,1,-1,6,-1,-1,-1,1399,2,14,FORD FIESTA,-1,-1,0,-1
2024552401422,2024,552401422,2,9,0,4,4,8,4,0,0,0,0,0,0,0,2,1,6,6,1,53,8,998,1,7,FORD FIESTA,9,E01015412,0,2
2024231501630,2024,231501630,2,9,0,-1,19,2,4,-1,0,0,0,4,0,0,2,9,-1,6,2,26,6,1242,1,8,FORD FIESTA,1,E01009362,0,3
2024122500047,2024,122500047,2,9,0,2,2,0,0,0,0,0,0,0,0,0,3,1,3,7,2,35,6,1242,1,18,FORD FIESTA,5,E01027826,0,1
2024471411285,2024,471411285,6,9,0,-1,2,0,0,-1,0,0,0,0,0,0,3,1,-1,6,-1,-1,-1,998,1,10,FORD FIESTA,-1,-1,0,-1
2024010520063,2024,010520063,1,9,0,99,99,9,9,99,99,1,9,99,9,99,9,9,2,2,2,29,6,999,1,3,FORD FIESTA,8,E01002348,0,1
2024471475203,2024,471475203,1,9,0,-1,19,1,5,-1,0,1,5,0,4,9,1,1,-1,6,2,39,7,998,1,8,FORD FIESTA,9,E01031413,0,1
2024010542425,2024,010542425,1,9,0,18,19,5,1,0,0,1,0,0,0,0,1,1,6,6,3,24,5,998,1,9,FORD FIESTA,-1,-1,0,-1
2024211482212,2024,211482212,3,9,0,-1,4,7,3,-1,0,0,0,0,0,0,2,1,-1,6,2,25,5,1242,1,7,FORD FIESTA,-1,-1,0,-1
2024461499601,2024,461499601,2,9,0,-1,7,7,3,-1,0,6,0,0,0,0,4,1,-1,2,1,48,8,998,1,10,FORD FIESTA,2,E01016066,0,3
2024010533900,2024,010533900,2,9,0,99,99,9,9,99,99,0,9,99,9,99,1,9,6,6,3,-1,-1,998,1,11,FORD FIESTA,6,E01002332,0,1
2024371454790,2024,371454790,2,9,0,-1,19,1,5,-1,0,8,0,0,0,0,1,1,-1,6,2,24,5,1499,2,8,FORD FIESTA,6,E01030209,0,1
2024991480505,2024,991480505,1,9,0,-1,19,4,1,-1,0,0,2,10,1,11,1,1,-1,2,1,38,7,1999,1,16,FORD FIESTA,2,-1,0,1
2024141484668,2024,141484668,1,9,0,-1,19,6,4,-1,0,2,0,0,3,10,1,1,-1,9,2,83,11,1242,1,18,FORD FIESTA,2,E01008029,0,1
2024451479328,2024,451479328,1,9,0,-1,-1,-1,-1,-1,0,0,-1,-1,-1,0,4,1,-1,6,2,67,10,1242,1,16,FORD FIESTA,5,E01003449,0,2
2024302401034,2024,302401034,1,9,0,18,19,8,4,0,0,0,0,0,0,0,1,1,6,6,2,84,11,1084,1,6,FORD FIESTA,4,E01019823,0,1
2024070863967,2024,070863967,1,9,0,-1,19,5,1,-1,0,0,2,10,8,10,1,1,-1,9,1,22,5,998,1,9,FORD FIESTA,7,E01018616,0,1
2024461407928,2024,461407928,1,9,0,-1,19,5,1,-1,0,1,0,0,0,0,1,9,-1,9,3,-1,-1,-1,-1,-1,FORD FIESTA,2,E01024374,0,1
2024440487805,2024,440487805,3,9,0,18,19,2,5,0,0,0,0,0,0,0,1,1,6,6,1,19,4,1560,2,13,FORD FIESTA,9,E01031973,0,3
2024061495897,2024,061495897,2,9,0,-1,19,-1,-1,-1,0,0,1,0,0,0,1,1,-1,6,1,-1,-1,1388,1,18,FORD FIESTA,2,E01004922,0,1
2024052402717,2024,052402717,2,9,0,18,19,3,7,0,0,0,0,0,0,0,1,1,6,6,1,18,4,1242,1,17,FORD FIESTA,8,E01007280,0,1
2024991482976,2024,991482976,2,9,0,-1,4,8,4,-1,0,4,0,0,0,0,2,1,-1,9,2,55,8,1242,1,18,FORD FIESTA,2,-1,0,3
2024141415542,2024,141415542,1,9,0,-1,19,7,3,-1,0,1,0,0,0,0,2,1,-1,6,2,31,6,1388,1,14,FORD FIESTA,7,E01007798,0,1
2024311544020,2024,311544020,1,9,0,-1,19,2,7,-1,0,8,0,0,0,0,2,1,-1,2,2,52,8,998,1,6,FORD FIESTA,-1,-1,0,-1
2024061514883,2024,061514883,1,9,0,-1,19,3,7,-1,0,0,0,0,0,0,2,2,-1,9,2,34,6,998,1,10,FORD FIESTA,10,E01016282,0,5
2024231529529,2024,231529529,2,9,0,-1,4,8,4,-1,0,0,0,0,0,0,2,1,-1,6,2,26,6,1242,1,8,FORD FIESTA,8,E01031324,0,2
2024010533900,2024,010533900,1,9,0,99,99,9,9,99,99,0,9,99,9,99,2,9,6,6,2,28,6,1242,1,10,FORD FIESTA,6,E01002295,0,1
2024141464261,2024,141464261,1,9,0,-1,19,1,5,-1,0,0,0,0,0,0,2,1,-1,9,2,31,6,1242,1,9,FORD FIESTA,1,E01007947,0,1
2024461523751,2024,461523751,1,9,0,-1,5,5,1,-1,9,2,1,11,0,0,3,1,-1,6,1,37,7,1242,1,15,FORD FIESTA,-1,-1,0,-1
2024141412840,2024,141412840,1,9,0,-1,19,1,5,-1,0,0,0,0,0,0,2,1,-1,1,2,45,7,1388,1,14,FORD FIESTA,4,E01007567,0,1
2024311426052,2024,311426052,1,9,0,-1,12,7,3,-1,0,4,0,0,0,0,1,2,-1,6,1,23,5,1242,1,16,FORD FIESTA,-1,-1,0,-1
2024622400280,2024,622400280,2,8,0,18,19,5,2,0,0,0,0,0,0,0,1,1,1,1,1,51,8,1560,2,11,FORD FIESTA,4,W01001168,0,3
2024340NN1892,2024,340NN1892,2,9,0,-1,19,3,7,-1,0,0,0,0,0,0,2,1,-1,6,1,32,6,1596,1,13,FORD FIESTA,3,E01025706,0,4
2024471522964,2024,471522964,1,9,0,-1,19,1,5,-1,0,0,0,0,0,0,1,1,-1,2,2,72,10,998,1,9,FORD FIESTA,10,E01031710,0,1