collision_index,collision_year,collision_ref_no,vehicle_reference,vehicle_type,towing_and_articulation,vehicle_manoeuvre_historic,vehicle_manoeuvre,vehicle_direction_from,vehicle_direction_to,vehicle_location_restricted_lane_historic,vehicle_location_restricted_lane,junction_location,skidding_and_overturning,hit_object_in_carriageway,vehicle_leaving_carriageway,hit_object_off_carriageway,first_point_of_impact,vehicle_left_hand_drive,journey_purpose_of_driver_historic,journey_purpose_of_driver,sex_of_driver,age_of_driver,age_band_of_driver,engine_capacity_cc,propulsion_code,age_of_vehicle,generic_make_model,driver_imd_decile,lsoa_of_driver,escooter_flag,driver_distance_banding
2024430141347,2024,430141347,1,9,0,9,9,5,3,0,0,6,0,0,0,0,1,1,2,2,1,69,10,-1,-1,-1,FORD FIESTA,8,E01028759,0,1
2024221523256,2024,221523256,2,9,0,-1,3,5,1,-1,0,0,0,0,0,0,2,9,-1,6,1,30,6,1596,1,8,FORD FIESTA,9,E01032336,0,1
2024041497175,2024,041497175,2,9,0,-1,19,5,1,-1,0,2,0,0,0,0,4,1,-1,9,2,57,9,999,1,3,FORD FIESTA,8,E01025074,0,1
2024501420833,2024,501420833,1,9,0,-1,9,2,8,-1,0,0,0,0,0,0,1,1,-1,2,1,42,7,1242,1,18,FORD FIESTA,1,E01018878,0,2
2024401476952,2024,401476952,1,9,0,-1,7,1,3,-1,0,0,0,0,0,0,1,1,-1,6,3,-1,-1,1242,1,18,FORD FIESTA,-1,-1,0,-1
2024061459854,2024,061459854,1,9,0,-1,1,2,6,-1,0,1,0,0,0,0,2,9,-1,6,2,73,10,1242,1,18,FORD FIESTA,4,E01005558,0,1
2024430403228,2024,430403228,2,9,0,3,3,6,2,0,0,1,0,0,0,0,2,1,6,6,1,34,6,998,1,10,FORD FIESTA,6,E01028757,0,1
2024111509882,2024,111509882,1,9,0,-1,4,5,1,-1,0,1,0,0,0,0,1,1,-1,2,1,41,7,1399,2,14,FORD FIESTA,4,E01020812,0,1
2024430558616,2024,430558616,1,9,0,18,19,5,1,0,0,0,0,0,0,0,1,1,6,6,2,55,8,998,1,6,FORD FIESTA,10,E01016612,0,2
2024991482975,2024,991482975,2,9,0,-1,19,7,4,-1,0,1,0,0,0,0,4,1,-1,1,1,30,6,998,1,10,FORD FIESTA,-1,-1,0,-1
2024041431558,2024,041431558,5,9,0,-1,2,7,3,-1,0,2,0,0,0,0,4,1,-1,6,-1,-1,-1,1242,1,10,FORD FIESTA,-1,-1,0,-1
2024361453209,2024,361453209,1,9,0,-1,5,8,4,-1,0,8,0,0,0,0,0,1,-1,2,2,55,8,1242,1,12,FORD FIESTA,3,E01026763,0,4
2024061534288,2024,061534288,1,9,0,-1,19,1,5,-1,0,1,0,0,0,0,1,1,-1,9,1,59,9,1242,1,19,FORD FIESTA,1,E01006361,0,3
2024201403956,2024,201403956,1,9,0,-1,19,4,8,-1,0,0,0,0,0,0,1,9,-1,6,1,-1,-1,1242,1,19,FORD FIESTA,-1,-1,0,-1
2024052401117,2024,052401117,1,9,0,18,19,1,5,0,0,1,0,0,0,0,4,1,6,6,2,39,7,1084,1,6,FORD FIESTA,4,E01006997,0,3
2024361484370,2024,361484370,1,9,0,-1,14,2,6,-1,0,0,0,0,0,0,1,1,-1,9,2,53,8,1560,2,14,FORD FIESTA,10,E01026915,0,4
2024131395457,2024,131395457,2,9,0,-1,8,7,3,-1,0,1,0,0,0,0,2,1,-1,6,1,72,10,1499,2,10,FORD FIESTA,7,E01011329,0,1
2024520403254,2024,520403254,1,9,0,18,19,4,8,0,0,0,0,0,0,0,4,1,6,6,2,76,11,998,1,8,FORD FIESTA,8,E01014745,0,4
2024201434213,2024,201434213,1,9,0,-1,19,5,1,-1,0,0,0,10,1,0,1,9,-1,6,1,30,6,998,1,1,FORD FIESTA,-1,-1,0,-1
2024211515866,2024,211515866,1,9,0,-1,19,3,4,-1,0,1,0,0,0,0,1,1,-1,6,2,28,6,1084,1,4,FORD FIESTA,-1,-1,0,-1
2024010505084,2024,010505084,1,9,0,18,19,7,3,0,0,2,0,0,0,0,0,1,2,2,1,59,9,1242,1,14,FORD FIESTA,3,E01001436,0,2
2024010503805,2024,010503805,1,9,0,2,2,0,0,0,0,1,0,0,1,0,2,1,6,6,3,-1,-1,998,1,6,FORD FIESTA,-1,-1,0,-1
2024052401692,2024,052401692,1,9,0,18,19,3,7,0,0,0,0,0,0,0,1,1,6,6,2,26,6,1242,1,17,FORD FIESTA,7,E01029806,0,4
202417M307624,2024,17M307624,1,9,0,-1,19,1,5,-1,0,8,0,0,0,0,1,1,-1,9,1,19,4,1242,1,15,FORD FIESTA,-1,-1,0,-1
2024320433763,2024,320433763,1,9,0,-1,-1,7,3,0,0,1,0,0,0,0,1,1,-1,-1,2,28,6,1242,1,15,FORD FIESTA,1,E01026112,0,1
2024311517395,2024,311517395,1,9,0,-1,5,8,3,-1,0,0,0,0,0,0,2,1,-1,6,2,32,6,1242,1,15,FORD FIESTA,2,E01028186,0,1
2024461458544,2024,461458544,2,9,0,-1,4,6,2,-1,0,0,0,0,0,0,2,1,-1,1,1,18,4,1242,1,8,FORD FIESTA,7,E01024433,0,2
2024451415976,2024,451415976,2,9,0,-1,19,1,1,-1,0,0,0,0,0,0,1,1,-1,9,2,53,8,1388,1,12,FORD FIESTA,8,E01030613,0,1
2024501517226,2024,501517226,2,9,0,-1,19,5,1,-1,0,1,0,0,0,0,4,1,-1,2,1,51,8,1242,1,14,FORD FIESTA,2,E01015176,0,1
2024201478526,2024,201478526,1,9,0,-1,19,7,1,-1,0,0,0,0,0,0,2,1,-1,9,1,43,7,1242,1,14,FORD FIESTA,-1,-1,0,-1
2024302401184,2024,302401184,1,9,0,18,19,3,7,0,0,0,1,0,1,10,1,1,6,6,1,19,4,1242,1,16,FORD FIESTA,-1,-1,0,-1
2024461524113,2024,461524113,1,9,0,-1,9,5,2,-1,0,0,0,0,0,0,1,1,-1,9,1,30,6,998,1,9,FORD FIESTA,5,E01024118,0,1
2024461410896,2024,461410896,2,9,0,-1,19,7,3,-1,0,0,0,0,0,0,2,1,-1,9,2,36,7,998,1,7,FORD FIESTA,9,E01024259,0,2
2024401499109,2024,401499109,1,9,0,-1,19,2,3,-1,0,0,0,0,0,0,4,1,-1,6,1,20,4,998,1,5,FORD FIESTA,10,E01033189,0,1
2024522402053,2024,522402053,3,9,0,2,2,0,0,0,0,0,0,0,0,0,1,1,6,6,1,60,9,-1,-1,-1,FORD FIESTA,9,E01014757,0,1
2024501478295,2024,501478295,1,9,0,-1,12,4,8,-1,0,0,1,0,0,0,1,1,-1,9,2,57,9,1242,1,14,FORD FIESTA,4,E01015178,0,1
2024010544544,2024,010544544,1,9,0,3,3,5,1,0,0,1,0,0,0,0,2,1,2,2,1,31,6,1242,1,19,FORD FIESTA,9,E01000659,0,2
2024371505401,2024,371505401,3,9,0,-1,2,2,2,-1,9,2,0,0,0,0,1,1,-1,6,2,73,10,1242,1,9,FORD FIESTA,10,E01030070,0,2
2024101471226,2024,101471226,2,9,0,-1,19,2,6,-1,0,0,0,0,0,0,2,1,-1,6,2,58,9,998,1,8,FORD FIESTA,7,E01008570,0,1
2024401427961,2024,401427961,1,9,0,-1,13,1,5,-1,0,1,2,0,0,0,2,1,-1,6,1,18,4,998,1,6,FORD FIESTA,9,E01017444,0,1
2024411521114,2024,411521114,1,9,0,-1,19,4,8,-1,0,0,0,0,1,0,1,1,-1,6,1,20,4,1242,1,15,FORD FIESTA,5,E01017923,0,4
2024522401734,2024,522401734,2,9,0,18,19,7,3,0,0,8,0,0,0,0,1,1,6,6,1,18,4,1242,1,15,FORD FIESTA,8,E01014745,0,1
2024501478445,2024,501478445,1,9,0,-1,9,6,2,-1,0,8,0,0,0,0,1,1,-1,9,2,45,7,1242,1,14,FORD FIESTA,4,E01015147,0,1
2024471522927,2024,471522927,2,9,0,-1,19,2,6,-1,0,0,0,0,0,0,1,1,-1,6,1,40,7,1242,1,14,FORD FIESTA,5,E01031606,0,1
2024061448278,2024,061448278,1,9,0,-1,9,4,8,-1,0,8,0,0,0,0,3,2,-1,9,1,20,4,1242,1,9,FORD FIESTA,6,E01025384,0,3
2024421403668,2024,421403668,2,9,0,-1,8,3,5,-1,0,1,0,0,0,0,2,1,-1,9,2,38,7,1242,1,8,FORD FIESTA,7,E01033458,0,1
2024041535961,2024,041535961,1,9,0,-1,19,1,5,-1,0,1,0,0,0,0,1,1,-1,2,2,23,5,1388,1,14,FORD FIESTA,6,E01025066,0,4
2024122400364,2024,122400364,2,9,0,18,19,5,1,0,0,0,0,0,0,0,2,1,6,6,1,20,4,1596,1,17,FORD FIESTA,9,E01013429,0,3
2024411431723,2024,411431723,1,9,0,-1,4,-1,-1,-1,0,0,0,0,0,0,-1,9,-1,6,2,21,5,998,1,6,FORD FIESTA,5,E01023759,0,1
2024052400890,2024,052400890,2,9,0,2,2,0,0,0,0,0,0,0,0,0,2,1,6,6,2,54,8,998,1,6,FORD FIESTA,6,E01006941,0,1
2024461511187,2024,461511187,1,19,0,-1,19,5,1,-1,0,0,0,0,0,0,1,9,-1,6,1,-1,-1,1560,2,12,FORD FIESTA,4,E01016163,0,1
2024991522323,2024,991522323,2,9,0,-1,3,3,7,-1,0,0,0,0,0,0,2,1,-1,9,1,31,6,1242,1,14,FORD FIESTA,-1,-1,0,-1
2024501450620,2024,501450620,1,9,0,-1,19,7,3,-1,0,0,2,0,7,4,1,1,-1,6,1,17,4,1388,1,22,FORD FIESTA,3,E01020294,0,3
2024131469858,2024,131469858,1,9,0,-1,15,5,5,-1,0,1,0,0,0,0,1,1,-1,6,1,31,6,1496,1,5,FORD FIESTA,3,E01010781,0,1
2024141415919,2024,141415919,2,9,0,-1,19,1,5,-1,0,0,0,0,0,0,1,9,-1,6,3,-1,-1,1242,1,9,FORD FIESTA,-1,-1,0,-1
2024461532532,2024,461532532,1,9,0,-1,5,4,8,-1,0,8,1,0,0,0,4,1,-1,9,1,56,9,998,1,9,FORD FIESTA,5,E01024643,0,1
2024471426396,2024,471426396,2,9,0,-1,7,7,3,-1,0,8,0,0,0,0,1,1,-1,9,2,49,8,1388,1,19,FORD FIESTA,7,E01031616,0,2
2024201493431,2024,201493431,1,9,0,-1,19,3,7,-1,0,0,0,4,0,0,1,9,-1,6,-1,75,10,998,1,9,FORD FIESTA,5,E01009253,0,1
2024471534103,2024,471534103,2,9,-1,-1,4,1,5,-1,99,0,9,99,9,99,9,9,-1,6,2,20,4,1242,1,14,FORD FIESTA,7,E01008140,0,5
2024221477256,2024,221477256,1,9,0,-1,19,2,6,-1,0,0,5,0,7,10,1,1,-1,9,1,17,4,1388,1,14,FORD FIESTA,1,E01010490,0,4
2024440261992,2024,440261992,2,9,0,5,5,3,7,0,0,6,0,0,0,0,1,1,6,6,1,48,8,1242,1,21,FORD FIESTA,1,E01034275,0,3
2024010537297,2024,010537297,2,9,0,18,19,8,4,0,0,1,0,0,0,0,0,1,6,6,1,21,5,998,1,6,FORD FIESTA,9,E01023811,0,3
2024101459032,2024,101459032,2,9,0,-1,19,6,2,-1,0,0,0,0,0,0,1,1,-1,9,2,74,10,1242,1,15,FORD FIESTA,1,E01027427,0,1
2024332400456,2024,332400456,1,9,0,-1,3,2,6,-1,0,0,0,0,0,0,2,1,-1,2,1,32,6,998,1,11,FORD FIESTA,1,E01031015,0,4
2024131450472,2024,131450472,2,9,0,-1,9,7,3,-1,0,6,0,0,0,0,1,1,-1,9,1,43,7,1560,2,14,FORD FIESTA,2,E01011236,0,4
2024622400346,2024,622400346,1,9,0,18,19,6,2,0,0,0,0,0,1,2,1,1,6,6,1,18,4,1242,1,19,FORD FIESTA,9,W01001277,0,1
2024991400645,2024,991400645,2,9,0,-1,19,2,6,-1,0,1,0,0,0,0,1,1,-1,9,2,17,4,1242,1,12,FORD FIESTA,6,-1,0,2
2024351545722,2024,351545722,1,9,0,-1,19,5,1,-1,0,0,0,0,1,1,1,1,-1,6,1,39,7,1242,1,15,FORD FIESTA,8,E01015682,0,1
2024041528847,2024,041528847,1,9,0,-1,9,8,4,-1,0,8,0,0,0,0,1,1,-1,9,2,58,9,1560,2,13,FORD FIESTA,10,E01025377,0,1
2024302500280,2024,302500280,2,9,0,-1,2,0,0,-1,-1,0,0,0,0,0,2,1,-1,6,3,-1,-1,998,1,8,FORD FIESTA,-1,-1,0,-1
2024320261579,2024,320261579,1,9,0,-1,-1,1,5,0,0,0,0,0,0,3,1,1,6,6,1,40,7,1596,1,24,FORD FIESTA,-1,-1,0,-1
2024501499523,2024,501499523,2,9,-1,-1,4,-1,-1,-1,0,1,-1,-1,-1,0,3,9,-1,6,2,39,7,998,1,6,FORD FIESTA,3,E01019914,0,3
2024061519944,2024,061519944,2,9,0,-1,19,3,7,-1,0,0,0,0,0,0,2,1,-1,2,2,35,6,1242,1,17,FORD FIESTA,3,E01005102,0,2
2024501423349,2024,501423349,2,9,0,-1,19,1,5,-1,0,0,1,0,0,0,1,1,-1,1,1,22,5,1242,1,18,FORD FIESTA,6,E01020142,0,2
2024031491512,2024,031491512,2,9,0,-1,19,3,7,-1,0,0,0,0,7,0,1,1,-1,6,2,17,4,1560,2,15,FORD FIESTA,-1,-1,0,-1
2024471481597,2024,471481597,1,9,0,-1,19,5,1,-1,0,1,0,0,0,0,1,1,-1,6,2,18,4,1242,1,11,FORD FIESTA,4,E01021006,0,1
2024440523825,2024,440523825,1,9,0,16,19,1,5,0,0,0,1,0,7,4,4,1,6,6,1,19,4,1242,1,15,FORD FIESTA,7,E01030431,0,2
2024161470460,2024,161470460,2,9,0,-1,2,0,0,-1,0,2,0,0,0,0,1,1,-1,6,-1,-1,-1,1388,1,13,FORD FIESTA,-1,-1,0,-1
2024451455469,2024,451455469,2,9,0,-1,7,7,3,-1,0,0,0,0,0,0,2,1,-1,9,1,43,7,1388,1,14,FORD FIESTA,8,E01002993,0,2
2024552400669,2024,552400669,2,9,0,18,19,2,6,0,0,8,0,0,0,0,4,1,6,6,2,18,4,1299,1,23,FORD FIESTA,9,E01033156,0,1
2024451425682,2024,451425682,1,9,0,-1,19,7,3,-1,0,2,0,0,0,0,1,1,-1,2,2,68,10,999,1,3,FORD FIESTA,9,E01030477,0,1
2024101523645,2024,101523645,1,9,-1,-1,19,5,3,-1,0,0,0,0,0,0,4,9,-1,9,1,26,6,998,1,5,FORD FIESTA,9,E01027509,0,3
2024421406970,2024,421406970,1,9,0,-1,15,3,7,-1,0,8,0,0,0,0,1,1,-1,6,1,19,4,1242,1,16,FORD FIESTA,5,E01021489,0,1
2024440064803,2024,440064803,2,9,0,18,19,7,3,0,0,8,1,0,7,1,4,1,6,6,2,81,11,1596,1,17,FORD FIESTA,3,E01017346,0,3
2024332400755,2024,332400755,1,9,0,-1,19,6,2,-1,0,0,0,0,4,6,1,1,-1,9,2,32,6,1388,1,15,FORD FIESTA,5,E01009582,0,3
2024421422105,2024,421422105,1,9,0,-1,3,1,1,-1,0,0,0,0,0,0,2,9,-1,1,2,34,6,998,1,1,FORD FIESTA,9,E01021285,0,2
2024440384329,2024,440384329,1,9,0,14,14,5,1,0,0,0,0,0,0,0,4,1,6,6,1,25,5,1084,1,6,FORD FIESTA,7,E01023165,0,1
2024201438176,2024,201438176,2,9,0,-1,19,7,3,-1,0,8,0,7,4,0,3,1,-1,9,2,27,6,1242,1,17,FORD FIESTA,2,E01009317,0,1
2024552400987,2024,552400987,1,9,0,18,19,8,4,0,0,1,0,0,0,0,1,1,6,6,1,17,4,1499,2,11,FORD FIESTA,7,E01015414,0,2
2024061502737,2024,061502737,3,9,0,-1,19,7,3,-1,0,0,0,0,0,0,1,1,-1,9,1,28,6,1499,2,9,FORD FIESTA,4,E01033664,0,3
202417L306324,2024,17L306324,1,9,0,-1,19,5,1,-1,0,0,0,0,0,0,1,1,-1,9,1,17,4,1242,1,11,FORD FIESTA,4,E01012185,0,1
2024461454540,2024,461454540,1,9,0,-1,19,6,2,-1,0,2,2,0,8,11,3,1,-1,9,1,18,4,1399,2,14,FORD FIESTA,5,E01024546,0,1
2024131434626,2024,131434626,2,9,0,-1,19,3,7,-1,0,8,0,0,0,0,3,1,-1,2,1,24,5,1388,1,16,FORD FIESTA,10,E01013377,0,4
2024991533938,2024,991533938,1,9,0,-1,2,7,3,-1,0,1,0,0,0,0,2,1,-1,2,1,17,4,999,1,4,FORD FIESTA,3,-1,0,4
2024522403165,2024,522403165,1,9,0,11,11,2,6,0,0,1,0,0,0,0,3,1,6,6,1,32,6,1242,1,15,FORD FIESTA,2,E01014486,0,1
2024461456234,2024,461456234,1,9,0,-1,4,8,8,-1,0,0,0,0,0,0,1,1,-1,6,1,80,11,1388,1,14,FORD FIESTA,10,E01016243,0,4
2024131477538,2024,131477538,2,9,0,-1,5,3,7,-1,0,8,0,0,0,0,1,1,-1,6,1,22,5,1242,1,13,FORD FIESTA,4,E01007536,0,3
2024332400644,2024,332400644,1,9,0,-1,9,3,1,-1,0,6,0,0,0,0,1,1,-1,6,1,33,6,1242,1,15,FORD FIESTA,5,E01025875,0,2
2024548382024,2024,548382024,1,9,0,1,1,3,7,0,0,6,0,0,0,0,2,1,6,6,2,46,8,1560,2,17,FORD FIESTA,8,E01032043,0,1
2024332400928,2024,332400928,1,9,0,-1,19,6,2,-1,0,8,0,0,2,0,1,1,-1,6,2,51,8,1242,1,13,FORD FIESTA,10,E01025904,0,1
2024010516957,2024,010516957,1,9,0,7,7,7,2,0,0,5,0,0,0,0,4,1,6,6,1,26,6,998,1,6,FORD FIESTA,5,E01003697,0,2
2024541208024,2024,541208024,1,9,0,18,19,3,7,0,0,0,1,0,0,0,1,1,6,6,1,19,4,1242,1,10,FORD FIESTA,8,E01031904,0,2
2024531520143,2024,531520143,3,9,0,-1,4,5,1,-1,0,0,0,0,0,0,2,1,-1,2,2,21,5,1242,1,9,FORD FIESTA,10,E01018584,0,5
2024201512184,2024,201512184,2,9,0,-1,3,2,6,-1,0,0,0,0,0,0,2,9,-1,9,1,45,7,998,1,7,FORD FIESTA,7,E01009550,0,1
2024320762135,2024,320762135,1,9,0,-1,-1,6,2,0,0,0,0,4,0,0,1,1,-1,-1,1,77,11,1242,1,15,FORD FIESTA,5,E01026407,0,1
2024991465556,2024,991465556,1,9,0,-1,19,1,5,-1,0,0,0,0,0,0,3,1,-1,6,1,66,10,1242,1,12,FORD FIESTA,-1,-1,0,-1
2024122400470,2024,122400470,1,9,0,16,19,4,6,0,0,0,0,0,7,4,1,1,6,6,1,17,4,998,1,10,FORD FIESTA,4,E01012056,0,3
2024010550868,2024,010550868,1,9,0,99,99,9,9,99,99,9,9,99,9,99,9,9,6,6,3,20,4,1242,1,11,FORD FIESTA,9,E01000188,0,1
2024471481087,2024,471481087,2,9,0,-1,19,1,5,-1,0,2,0,0,0,0,3,1,-1,9,2,21,5,1388,1,15,FORD FIESTA,8,E01021036,0,4
2024340WN2102,2024,340WN2102,2,9,0,-1,19,7,3,-1,0,8,0,0,1,1,3,1,-1,6,1,25,5,1388,1,12,FORD FIESTA,5,E01027192,0,1
2024501494788,2024,501494788,1,9,9,-1,19,6,3,-1,0,1,0,0,0,0,1,2,-1,1,1,26,6,1596,1,14,FORD FIESTA,6,E01020161,0,3
2024421536267,2024,421536267,1,9,0,-1,-1,-1,-1,-1,-1,-1,-1,-1,-1,0,-1,1,-1,6,1,18,4,1560,2,15,FORD FIESTA,2,E01022023,0,3
2024546207724,2024,546207724,2,9,0,10,10,8,4,0,0,1,0,0,0,0,2,1,6,6,2,42,7,998,1,4,FORD FIESTA,9,E01031973,0,1
2024211513976,2024,211513976,1,9,0,-1,19,3,7,-1,0,1,0,0,0,0,4,1,-1,6,2,58,9,999,1,4,FORD FIESTA,-1,-1,0,-1
2024122400833,2024,122400833,1,9,0,18,19,5,1,0,0,0,2,0,8,10,1,1,6,6,1,17,4,1242,1,17,FORD FIESTA,1,E01027817,0,3
2024610042324,2024,610042324,1,9,0,3,3,1,5,0,0,4,0,0,0,0,2,1,6,6,2,53,8,1084,1,6,FORD FIESTA,9,W01001357,0,1
2024221479200,2024,221479200,2,9,0,-1,19,4,8,-1,0,8,0,0,0,0,1,1,-1,6,2,67,10,1242,1,10,FORD FIESTA,10,E01032419,0,1
2024010543279,2024,010543279,1,9,0,99,99,9,9,99,99,9,9,99,9,99,2,9,6,6,1,34,6,1388,1,13,FORD FIESTA,1,E01003506,0,1
2024201479958,2024,201479958,1,9,0,-1,9,1,4,-1,0,0,0,0,0,0,0,1,-1,6,3,37,7,1596,1,9,FORD FIESTA,-1,-1,0,-1
2024201456856,2024,201456856,2,9,0,-1,6,6,6,-1,0,0,0,0,0,0,2,9,-1,2,2,61,9,998,1,8,FORD FIESTA,2,E01034945,0,1
2024302401293,2024,302401293,1,9,0,9,9,5,3,0,0,3,0,0,0,0,1,1,6,6,2,78,11,1388,1,18,FORD FIESTA,10,E01019708,0,1
2024201450996,2024,201450996,1,9,0,-1,9,2,8,-1,0,5,0,0,0,0,1,1,-1,9,1,55,8,1499,2,11,FORD FIESTA,8,E01010504,0,1
2024211491217,2024,211491217,1,9,0,-1,5,1,5,-1,0,0,0,0,0,0,1,1,-1,9,2,37,7,998,1,6,FORD FIESTA,1,E01014255,0,1
2024131420732,2024,131420732,1,9,0,-1,19,3,7,-1,0,2,0,0,0,0,1,1,-1,6,3,-1,-1,1242,1,14,FORD FIESTA,-1,-1,0,-1
2024471417003,2024,471417003,3,9,0,-1,2,3,7,-1,0,1,0,0,0,0,0,1,-1,6,-1,-1,-1,1242,1,14,FORD FIESTA,-1,-1,0,-1
2024211407320,2024,211407320,2,9,0,-1,3,5,2,-1,0,0,0,0,0,0,2,1,-1,6,2,53,8,1399,2,13,FORD FIESTA,6,E01029708,0,3
2024461490923,2024,461490923,2,9,0,-1,4,5,1,-1,0,4,0,0,0,0,2,9,-1,6,2,41,7,998,1,1,FORD FIESTA,1,E01024597,0,2
2024440374117,2024,440374117,1,9,0,18,19,1,5,0,0,2,0,0,0,0,1,1,6,6,2,30,6,1388,1,13,FORD FIESTA,7,E01031979,0,4
2024340WN6702,2024,340WN6702,1,9,0,-1,19,7,3,-1,0,0,0,0,0,0,1,1,-1,6,3,-1,-1,998,1,5,FORD FIESTA,-1,-1,0,-1
2024421483678,2024,421483678,3,9,0,-1,2,0,0,-1,0,0,0,0,0,0,1,1,-1,6,-1,-1,-1,1242,1,10,FORD FIESTA,-1,-1,0,-1
2024010513518,2024,010513518,1,9,0,99,99,9,9,99,99,9,9,99,9,99,1,9,6,6,1,36,7,1242,1,13,FORD FIESTA,5,E01000580,0,2
2024201504318,2024,201504318,1,9,0,-1,9,1,3,-1,0,5,0,0,0,0,1,9,-1,6,2,19,4,1084,1,6,FORD FIESTA,3,E01009910,0,1
2024211432196,2024,211432196,1,9,0,-1,19,2,6,-1,0,1,0,0,0,0,1,1,-1,6,1,18,4,998,1,8,FORD FIESTA,6,E01010350,0,3
2024421511068,2024,421511068,2,9,0,-1,19,7,3,-1,0,0,0,0,0,0,1,1,-1,6,1,19,4,1242,1,15,FORD FIESTA,10,E01021345,0,1
2024552401244,2024,552401244,3,9,0,3,3,8,4,0,0,1,0,0,0,0,2,1,6,6,2,32,6,1388,1,17,FORD FIESTA,3,E01020551,0,1
2024471525612,2024,471525612,2,9,0,-1,9,2,8,-1,0,6,0,0,0,0,4,1,-1,6,2,19,4,1242,1,17,FORD FIESTA,10,E01031741,0,2
2024031520935,2024,031520935,1,9,0,-1,19,2,6,-1,0,0,1,0,2,0,1,1,-1,9,1,26,6,1242,1,17,FORD FIESTA,-1,-1,0,-1
2024121408413,2024,121408413,2,9,0,-1,-1,6,6,-1,-1,0,0,0,0,0,2,2,-1,-1,2,26,6,1499,2,7,FORD FIESTA,1,E01012250,0,4
2024201525348,2024,201525348,1,9,0,-1,19,6,2,-1,0,0,0,0,0,0,1,9,-1,2,1,60,9,-1,-1,-1,FORD FIESTA,1,E01010484,0,1
2024471503806,2024,471503806,1,9,0,-1,19,8,4,-1,0,0,1,0,1,0,1,1,-1,9,1,19,4,1242,1,16,FORD FIESTA,7,E01031767,0,3
2024421475627,2024,421475627,1,9,0,-1,19,1,5,-1,0,1,0,0,7,10,1,1,-1,9,2,80,11,998,1,6,FORD FIESTA,10,E01021728,0,1
2024061479753,2024,061479753,2,9,0,-1,9,5,2,-1,0,0,1,0,0,0,1,1,-1,6,1,60,9,999,1,3,FORD FIESTA,7,E01005912,0,2
2024471462788,2024,471462788,1,9,0,-1,19,7,3,-1,0,2,0,0,0,0,4,1,-1,9,2,67,10,1242,1,9,FORD FIESTA,3,E01031830,0,1
2024131463746,2024,131463746,2,9,0,-1,9,2,8,-1,0,8,0,0,0,0,3,1,-1,6,1,58,9,998,1,10,FORD FIESTA,6,E01011734,0,1
2024201465014,2024,201465014,3,9,0,-1,19,8,4,-1,0,0,0,0,0,0,1,1,-1,9,2,20,4,1084,1,6,FORD FIESTA,8,E01010565,0,1
2024411487655,2024,411487655,2,9,0,-1,5,1,6,-1,0,3,0,0,0,0,1,1,-1,2,1,22,5,998,1,8,FORD FIESTA,10,E01023501,0,2
2024201473675,2024,201473675,2,9,0,-1,19,8,4,-1,0,8,0,10,7,0,2,1,-1,9,2,47,8,1242,1,10,FORD FIESTA,3,E01010496,0,1
2024451467293,2024,451467293,4,9,0,-1,2,0,0,-1,0,0,0,0,0,0,1,1,-1,6,-1,-1,-1,998,1,10,FORD FIESTA,-1,-1,0,-1
2024471446743,2024,471446743,2,9,0,-1,19,5,1,-1,0,1,0,0,0,0,1,1,-1,2,2,22,5,998,1,6,FORD FIESTA,2,E01003267,0,4
2024471472812,2024,471472812,2,9,0,-1,5,3,5,-1,0,4,0,0,0,0,0,1,-1,6,1,27,6,998,1,5,FORD FIESTA,10,E01031803,0,1
2024131519923,2024,131519923,2,9,0,-1,19,5,5,-1,0,1,0,0,0,0,1,1,-1,6,2,36,7,1084,1,6,FORD FIESTA,6,E01011214,0,1
2024471523407,2024,471523407,2,9,0,-1,19,7,3,-1,0,0,0,0,0,0,1,1,-1,6,2,56,9,1388,1,14,FORD FIESTA,3,E01021060,0,2
2024991456877,2024,991456877,2,9,0,-1,2,0,0,-1,0,2,0,0,0,0,4,1,-1,6,-1,-1,-1,1499,2,8,FORD FIESTA,-1,-1,0,-1
2024201508237,2024,201508237,1,9,0,-1,5,6,2,-1,0,8,0,10,3,0,1,1,-1,6,2,38,7,998,1,6,FORD FIESTA,8,E01009469,0,1
2024361536163,2024,361536163,1,19,0,-1,19,3,1,-1,0,0,0,0,7,0,1,1,-1,9,1,38,7,1499,2,10,FORD FIESTA,2,E01026607,0,2
2024101464461,2024,101464461,1,9,0,-1,19,7,4,-1,0,0,0,0,0,0,0,1,-1,6,1,59,9,1596,1,8,FORD FIESTA,2,E01008791,0,1
2024340NN0642,2024,340NN0642,2,9,0,-1,7,6,1,-1,0,5,0,0,0,0,4,1,-1,9,2,-1,-1,998,1,7,FORD FIESTA,5,E01026971,0,1
2024471508558,2024,471508558,1,9,0,-1,19,3,7,-1,0,0,0,0,0,0,4,1,-1,2,1,27,6,998,1,4,FORD FIESTA,3,E01031811,0,2
2024622400444,2024,622400444,2,9,0,9,9,3,1,0,0,1,0,0,0,0,4,1,6,6,2,19,4,1388,1,15,FORD FIESTA,4,W01000747,0,1