collision_index,collision_year,collision_ref_no,vehicle_reference,vehicle_type,towing_and_articulation,vehicle_manoeuvre_historic,vehicle_manoeuvre,vehicle_direction_from,vehicle_direction_to,vehicle_location_restricted_lane_historic,vehicle_location_restricted_lane,junction_location,skidding_and_overturning,hit_object_in_carriageway,vehicle_leaving_carriageway,hit_object_off_carriageway,first_point_of_impact,vehicle_left_hand_drive,journey_purpose_of_driver_historic,journey_purpose_of_driver,sex_of_driver,age_of_driver,age_band_of_driver,engine_capacity_cc,propulsion_code,age_of_vehicle,generic_make_model,driver_imd_decile,lsoa_of_driver,escooter_flag,driver_distance_banding
2024501396695,2024,501396695,1,9,0,-1,19,7,2,-1,0,1,2,0,0,0,1,1,-1,2,1,55,8,1560,2,12,FORD FIESTA,5,E01020235,0,2
2024161508377,2024,161508377,2,9,0,-1,19,2,6,-1,0,0,0,0,0,0,1,9,-1,6,3,-1,-1,998,1,7,FORD FIESTA,-1,-1,0,-1
2024471412963,2024,471412963,2,9,0,-1,12,7,3,-1,0,1,9,99,0,0,4,1,-1,6,1,-1,-1,1242,1,11,FORD FIESTA,-1,-1,0,-1
2024052400745,2024,052400745,1,9,0,18,19,7,3,0,0,0,0,0,0,0,1,1,6,6,1,26,6,1242,1,11,FORD FIESTA,1,E01007128,0,2
2024201462142,2024,201462142,1,9,0,-1,19,3,7,-1,0,0,0,0,0,0,1,1,-1,6,1,18,4,1242,1,14,FORD FIESTA,-1,-1,0,-1
2024547218124,2024,547218124,2,9,0,18,19,7,3,0,0,8,0,0,1,1,1,1,2,2,1,21,5,1299,1,22,FORD FIESTA,9,E01032102,0,3
2024010550275,2024,010550275,2,9,0,18,19,1,5,0,0,8,0,0,0,0,1,2,2,2,2,57,9,1388,1,22,FORD FIESTA,1,E01004083,0,1
2024201448056,2024,201448056,1,9,0,-1,19,1,5,-1,0,0,0,0,0,0,1,1,-1,6,3,30,6,998,1,1,FORD FIESTA,-1,-1,0,-1
2024311522411,2024,311522411,1,9,5,-1,19,6,3,-1,0,0,0,0,0,0,1,1,-1,6,1,18,4,1242,1,15,FORD FIESTA,-1,-1,0,-1
2024440340769,2024,440340769,1,9,0,4,4,6,2,0,0,0,0,0,0,0,1,1,6,6,2,20,4,998,1,10,FORD FIESTA,10,E01016617,0,4
2024531519651,2024,531519651,2,9,0,-1,19,3,7,-1,0,8,0,0,7,0,1,1,-1,6,2,54,8,1388,1,12,FORD FIESTA,7,E01022449,0,1
2024421534752,2024,421534752,1,9,0,-1,19,3,7,-1,0,0,1,0,0,0,1,1,-1,9,1,23,5,998,1,7,FORD FIESTA,5,E01004419,0,4
2024010548379,2024,010548379,2,9,0,-1,-1,5,1,0,0,4,0,0,0,0,1,1,6,6,2,76,11,998,1,9,FORD FIESTA,10,E01021466,0,2
2024520500041,2024,520500041,2,9,0,18,19,1,5,0,0,6,0,0,0,0,1,1,6,6,3,-1,-1,1242,1,9,FORD FIESTA,-1,-1,0,-1
2024010544730,2024,010544730,2,9,0,18,19,5,1,0,0,0,0,0,1,0,2,1,1,1,1,25,5,1242,1,10,FORD FIESTA,4,E01023738,0,4
2024440287291,2024,440287291,1,9,0,16,19,4,8,0,0,0,0,0,7,0,3,1,2,2,3,-1,-1,1388,1,16,FORD FIESTA,-1,-1,0,-1
2024332400330,2024,332400330,1,9,0,-1,19,1,5,-1,0,8,0,0,0,0,1,1,-1,9,1,30,6,998,1,7,FORD FIESTA,8,E01025942,0,1
2024010512145,2024,010512145,3,9,0,2,2,0,0,9,9,1,0,0,0,0,3,1,6,6,3,-1,-1,1596,1,17,FORD FIESTA,-1,-1,0,-1
2024461513320,2024,461513320,1,9,0,-1,19,1,5,-1,0,0,0,0,1,0,1,9,-1,9,1,27,6,1560,2,15,FORD FIESTA,4,E01024029,0,3
2024332400180,2024,332400180,2,9,0,-1,19,8,4,-1,0,1,0,0,1,11,1,1,-1,9,2,61,9,1388,1,21,FORD FIESTA,5,E01029838,0,4
2024440010155,2024,440010155,2,9,0,2,2,0,0,0,0,0,0,0,0,0,2,1,6,6,3,-1,-1,1596,1,11,FORD FIESTA,-1,-1,0,-1
2024141467338,2024,141467338,1,9,0,-1,19,6,2,-1,0,0,0,0,0,0,1,1,-1,6,1,18,4,1560,2,12,FORD FIESTA,1,E01007873,0,1
2024610030324,2024,610030324,2,9,0,18,19,7,3,0,0,8,0,0,0,0,1,1,2,2,1,19,4,1242,1,12,FORD FIESTA,1,W01001326,0,1
2024991442398,2024,991442398,1,9,0,-1,19,6,2,-1,0,1,5,0,1,9,1,1,-1,6,1,21,5,1496,1,5,FORD FIESTA,8,-1,0,3
2024430310905,2024,430310905,2,9,0,18,19,4,8,0,0,0,0,0,0,0,3,1,6,6,2,28,6,998,1,10,FORD FIESTA,10,E01030804,0,1
2024461482852,2024,461482852,1,9,0,-1,19,6,2,-1,0,0,5,4,0,0,4,1,-1,9,1,22,5,1499,2,9,FORD FIESTA,2,E01024646,0,3
2024201478466,2024,201478466,4,9,0,-1,-1,1,6,-1,-1,2,0,0,0,0,1,1,-1,-1,1,32,6,998,1,5,FORD FIESTA,4,E01009138,0,1
2024421426417,2024,421426417,2,8,0,-1,4,6,4,-1,0,2,0,0,0,0,2,1,-1,9,1,24,5,998,1,8,FORD FIESTA,7,E01021966,0,1
2024421454691,2024,421454691,2,9,0,-1,8,1,3,-1,0,2,0,0,0,0,1,1,-1,9,2,32,6,998,1,6,FORD FIESTA,6,E01021394,0,1
2024451484344,2024,451484344,1,9,0,-1,5,5,1,-1,0,6,0,0,0,0,1,1,-1,2,2,51,8,1596,1,20,FORD FIESTA,7,E01031503,0,1
2024320636806,2024,320636806,2,9,0,3,3,6,2,0,0,0,0,0,0,0,2,1,-1,-1,1,26,6,1999,1,19,FORD FIESTA,8,E01026155,0,1
2024371463575,2024,371463575,2,9,0,-1,9,1,7,-1,0,8,0,0,0,0,4,1,-1,9,1,19,4,1242,1,15,FORD FIESTA,7,E01029902,0,3
2024211504613,2024,211504613,1,9,0,-1,4,3,7,-1,0,1,1,0,0,0,1,1,-1,9,2,73,10,998,1,9,FORD FIESTA,4,E01029386,0,1
2024440265591,2024,440265591,1,9,0,18,19,4,8,0,0,0,0,0,0,0,1,1,6,6,1,21,5,1242,1,13,FORD FIESTA,7,E01023039,0,1
2024520402419,2024,520402419,1,9,0,9,9,7,1,0,0,8,0,0,0,0,4,1,6,6,1,54,8,1242,1,15,FORD FIESTA,5,E01029670,0,5
2024440076352,2024,440076352,1,9,0,12,12,6,2,0,0,0,0,0,5,7,1,1,6,6,2,26,6,1242,1,16,FORD FIESTA,6,E01011505,0,5
2024201522074,2024,201522074,2,9,0,-1,19,1,3,-1,0,0,0,0,0,0,2,9,-1,6,2,34,6,998,1,9,FORD FIESTA,2,E01010302,0,3
2024010538974,2024,010538974,1,9,0,9,9,8,6,0,0,8,0,0,0,0,3,1,6,6,1,28,6,1242,1,14,FORD FIESTA,10,E01030104,0,4
2024451496375,2024,451496375,2,9,0,-1,5,6,2,-1,-1,1,0,0,0,0,3,1,-1,9,2,77,11,1242,1,12,FORD FIESTA,9,E01030488,0,1
2024461441077,2024,461441077,2,9,0,-1,19,6,2,-1,0,0,0,0,0,0,4,9,-1,6,2,28,6,1496,1,2,FORD FIESTA,3,E01015923,0,2
2024131499241,2024,131499241,1,9,0,-1,19,1,1,-1,0,0,0,0,0,0,1,2,-1,6,-1,-1,-1,999,1,2,FORD FIESTA,-1,-1,0,-1
2024201514760,2024,201514760,1,9,0,-1,9,2,8,-1,0,6,0,0,0,0,2,1,-1,6,2,60,9,1242,1,8,FORD FIESTA,1,E01009048,0,2
2024111477835,2024,111477835,1,9,0,-1,3,5,1,-1,0,0,0,0,0,0,1,1,-1,6,2,59,9,998,1,10,FORD FIESTA,6,E01035184,0,4
2024131485928,2024,131485928,1,9,0,-1,19,4,8,-1,0,0,1,0,1,2,1,1,-1,9,1,20,4,1560,2,15,FORD FIESTA,4,E01011395,0,1
2024201534507,2024,201534507,1,9,0,-1,19,8,4,-1,0,0,1,10,3,2,1,1,-1,9,1,44,7,1299,1,22,FORD FIESTA,1,E01010408,0,2
2024201466723,2024,201466723,3,9,0,-1,19,6,2,-1,0,8,0,0,0,0,2,1,-1,6,2,25,5,999,1,3,FORD FIESTA,6,E01032530,0,1
202417H102424,2024,17H102424,1,9,0,-1,19,6,2,-1,0,8,0,0,0,0,3,1,-1,9,2,87,11,1242,1,15,FORD FIESTA,7,E01011995,0,1
2024991525218,2024,991525218,1,9,0,-1,19,1,5,-1,0,0,2,0,0,0,1,1,-1,9,1,35,6,998,1,10,FORD FIESTA,2,-1,0,1
2024501426403,2024,501426403,2,9,0,-1,19,7,3,-1,0,1,1,0,1,10,2,1,-1,6,2,31,6,1242,1,17,FORD FIESTA,1,E01015256,0,4
2024201429928,2024,201429928,2,9,0,-1,19,2,6,-1,0,4,0,0,0,0,1,9,-1,6,2,34,6,1242,1,16,FORD FIESTA,-1,-1,0,-1
2024302400215,2024,302400215,1,9,0,18,19,4,8,0,0,0,0,0,0,0,0,1,6,6,1,18,4,1560,2,12,FORD FIESTA,4,E01019481,0,3
2024340NN1912,2024,340NN1912,2,9,0,-1,3,3,7,-1,0,0,0,0,0,0,2,1,-1,9,2,51,8,998,1,7,FORD FIESTA,8,E01016780,0,4
2024201462636,2024,201462636,1,9,0,-1,19,1,1,-1,0,0,0,0,0,0,1,9,-1,6,1,30,6,1242,1,16,FORD FIESTA,-1,-1,0,-1
2024010545864,2024,010545864,1,9,0,18,19,6,2,0,0,2,0,0,0,0,1,1,2,2,2,52,8,1596,1,18,FORD FIESTA,10,E01000841,0,2
2024201466313,2024,201466313,1,9,0,-1,9,4,1,-1,0,6,1,0,0,0,3,9,-1,6,2,62,9,1388,1,15,FORD FIESTA,1,E01034913,0,1
2024010527745,2024,010527745,1,9,0,18,19,5,1,9,9,2,0,0,7,1,1,1,6,6,2,23,5,998,1,6,FORD FIESTA,3,E01001239,0,3
2024501461037,2024,501461037,1,9,0,-1,19,2,6,-1,0,0,0,0,2,11,3,1,-1,9,1,19,4,1242,1,14,FORD FIESTA,5,E01018831,0,4
2024010549566,2024,010549566,1,9,0,1,1,7,3,0,0,2,0,0,0,0,2,1,6,6,1,43,7,1242,1,11,FORD FIESTA,6,E01003693,0,2
2024061523561,2024,061523561,2,9,0,-1,99,-1,-1,-1,0,0,9,0,0,0,1,1,-1,6,1,-1,-1,1242,1,10,FORD FIESTA,-1,-1,0,-1
2024061439092,2024,061439092,1,9,0,-1,9,-1,-1,-1,0,5,0,0,0,0,2,1,-1,9,2,33,6,1084,1,6,FORD FIESTA,10,E01005925,0,4
2024231471630,2024,231471630,2,9,0,-1,4,1,5,-1,0,0,0,0,0,0,2,1,-1,9,2,47,8,1084,1,6,FORD FIESTA,7,E01031303,0,2
2024041528245,2024,041528245,1,9,0,-1,19,1,5,-1,0,0,1,0,5,6,3,1,-1,9,1,64,9,998,1,1,FORD FIESTA,1,E01012681,0,4
2024451516479,2024,451516479,1,9,0,-1,19,5,1,-1,0,1,0,0,0,0,1,1,-1,9,2,24,5,1242,1,13,FORD FIESTA,9,E01030992,0,1
2024302400549,2024,302400549,3,9,0,18,19,3,7,0,0,8,5,0,0,0,1,1,6,6,2,21,5,1399,2,14,FORD FIESTA,5,E01013582,0,1
2024161423711,2024,161423711,1,9,0,-1,13,1,5,-1,0,8,0,0,0,0,1,1,-1,6,1,38,7,1388,1,21,FORD FIESTA,1,E01012855,0,1
2024440171357,2024,440171357,2,9,0,2,2,0,0,0,0,1,0,0,0,0,3,1,6,6,3,-1,-1,998,1,1,FORD FIESTA,-1,-1,0,-1
2024451509214,2024,451509214,2,9,0,-1,4,8,4,-1,0,1,0,0,0,0,2,1,-1,9,2,24,5,1242,1,17,FORD FIESTA,5,E01030724,0,1
2024010521381,2024,010521381,5,9,0,9,9,5,3,0,0,1,0,0,0,0,1,1,6,6,2,19,4,998,1,11,FORD FIESTA,7,E01000370,0,1
2024451469549,2024,451469549,2,9,0,-1,19,1,5,-1,0,0,0,0,0,0,2,1,-1,1,2,37,7,998,1,10,FORD FIESTA,9,E01030446,0,3
2024501505199,2024,501505199,1,9,0,-1,19,7,3,-1,0,1,0,0,0,0,1,1,-1,9,2,25,5,1242,1,10,FORD FIESTA,10,E01019963,0,2
2024471422579,2024,471422579,1,9,0,-1,19,8,4,-1,0,0,0,0,0,0,3,9,-1,6,1,29,6,1388,1,15,FORD FIESTA,2,E01021014,0,1
2024231427578,2024,231427578,1,3,0,-1,19,2,6,-1,0,8,1,0,0,0,1,1,-1,9,1,15,3,109,1,10,-1,5,E01031088,0,1
2024522401540,2024,522401540,2,3,0,18,19,2,6,2,2,8,0,0,0,0,1,1,6,6,1,40,7,109,1,8,-1,1,E01014596,0,2
2024302401555,2024,302401555,2,3,0,18,19,4,8,0,0,8,1,0,0,0,1,1,6,6,1,47,8,109,1,12,-1,8,E01013489,0,1
2024421481224,2024,421481224,2,5,0,-1,19,3,7,-1,0,3,0,0,0,0,4,1,-1,9,1,76,11,1833,1,4,-1,-1,-1,0,-1
2024361500748,2024,361500748,2,5,0,-1,19,5,1,-1,0,0,0,0,0,0,1,1,-1,6,1,69,10,1833,1,2,-1,5,E01026487,0,2
2024141441571,2024,141441571,2,5,0,-1,19,1,5,-1,0,0,0,0,0,0,4,1,-1,9,1,69,10,1833,1,6,-1,1,E01007950,0,1
2024371442004,2024,371442004,1,5,0,-1,13,8,4,-1,0,1,0,0,0,0,1,1,-1,9,1,62,9,1833,1,1,-1,6,E01022053,0,4
2024471494004,2024,471494004,2,5,0,-1,19,4,8,-1,0,0,0,0,0,0,1,1,-1,2,1,62,9,1833,1,2,-1,8,E01021147,0,3
2024552401441,2024,552401441,2,5,0,18,19,2,6,0,0,0,0,0,0,0,1,1,6,6,1,64,9,1833,1,2,-1,10,E01020378,0,1
2024501530093,2024,501530093,1,17,0,-1,19,5,1,-1,0,0,2,0,0,0,1,1,-1,9,1,70,10,518,1,0,-1,6,E01020326,0,2
2024430200061,2024,430200061,1,19,0,18,19,5,1,0,0,1,0,0,0,0,1,1,6,6,1,-1,-1,1898,2,5,ISUZU D-MAX,-1,-1,0,-1
2024552400697,2024,552400697,3,19,0,2,2,0,0,0,0,0,5,0,0,0,2,1,1,1,1,38,7,2499,2,8,ISUZU D-MAX,7,E01032029,0,3
2024430313695,2024,430313695,2,19,4,9,9,6,3,0,0,5,5,0,0,0,3,1,1,1,1,33,6,1898,2,7,ISUZU D-MAX,7,W01000682,0,5
2024543583024,2024,543583024,1,19,0,5,5,5,1,0,0,4,0,0,0,0,1,1,6,6,1,24,5,1898,2,4,ISUZU D-MAX,10,E01031903,0,1
2024340NN4212,2024,340NN4212,1,19,0,-1,9,2,8,-1,0,8,0,0,0,0,1,1,-1,2,1,18,4,1898,2,1,ISUZU D-MAX,6,E01027326,0,1
202454A857124,2024,54A857124,2,19,4,18,19,3,7,0,0,8,0,0,0,0,1,1,6,6,1,55,8,1898,2,6,ISUZU D-MAX,6,E01031876,0,1
2024371510468,2024,371510468,3,9,0,-1,19,8,4,-1,0,8,0,0,0,0,1,1,-1,1,1,65,9,1898,2,5,ISUZU D-MAX,8,E01030098,0,3
2024131499181,2024,131499181,1,19,0,-1,19,5,1,-1,0,8,0,0,0,0,0,1,-1,6,3,-1,-1,1898,2,1,ISUZU D-MAX,-1,-1,0,-1
2024520403329,2024,520403329,2,19,0,18,19,6,2,0,0,0,0,0,0,0,1,1,6,6,1,55,8,1898,2,7,ISUZU D-MAX,6,E01029080,0,2
2024541741024,2024,541741024,1,21,1,18,19,2,6,0,0,1,1,0,0,0,1,1,1,1,1,37,7,-1,-1,-1,ISUZU D-MAX,7,E01034790,0,4
2024522402739,2024,522402739,1,19,0,7,7,7,1,0,0,6,0,0,0,0,3,1,6,6,1,29,6,1898,2,7,ISUZU D-MAX,6,E01015004,0,2
2024131465404,2024,131465404,1,19,0,-1,19,5,1,-1,0,2,0,0,0,0,4,1,-1,9,2,39,7,1898,2,7,ISUZU D-MAX,1,E01010724,0,1
2024411421871,2024,411421871,1,20,0,-1,19,6,2,-1,9,8,0,0,0,0,1,1,-1,6,1,25,5,-1,-1,-1,ISUZU D-MAX,6,E01023913,0,1
2024501498984,2024,501498984,1,9,0,-1,19,6,2,-1,0,0,1,0,0,0,1,1,-1,1,1,29,6,1898,2,4,ISUZU D-MAX,8,E01015104,0,4
2024522402010,2024,522402010,2,19,4,1,1,7,3,0,0,0,0,0,0,0,2,1,6,6,3,-1,-1,1898,2,7,ISUZU D-MAX,-1,-1,0,-1
2024430116585,2024,430116585,2,19,0,7,7,5,7,0,0,8,0,0,0,0,4,1,6,6,1,-1,-1,1898,2,3,ISUZU D-MAX,-1,-1,0,-1
202460Q042062,2024,60Q042062,1,19,0,5,5,5,2,0,0,6,0,0,0,0,3,1,1,1,1,51,8,2499,2,8,ISUZU D-MAX,-1,-1,0,-1
2024461517650,2024,461517650,2,19,0,-1,19,1,5,-1,0,0,0,0,0,0,3,1,-1,1,1,66,10,1898,2,1,ISUZU D-MAX,6,E01000705,0,4
2024361400318,2024,361400318,1,17,0,-1,-1,-1,-1,-1,-1,0,-1,-1,-1,0,-1,9,-1,1,1,-1,-1,1123,2,5,-1,3,E01026665,0,1
2024201513664,2024,201513664,2,3,0,-1,19,1,5,-1,0,0,0,0,0,0,1,1,-1,6,1,-1,-1,125,1,14,-1,-1,-1,0,-1
2024991429218,2024,991429218,1,2,0,-1,19,1,5,-1,0,0,0,0,0,0,1,1,-1,9,2,16,4,49,1,8,-1,2,-1,0,1
2024461407871,2024,461407871,2,2,0,-1,19,3,7,-1,0,0,0,0,0,0,2,1,-1,6,1,64,9,49,1,4,-1,6,E01024630,0,1
2024461514948,2024,461514948,1,2,0,-1,19,6,2,-1,0,8,2,0,0,0,1,1,-1,2,1,17,4,49,1,5,-1,1,E01024614,0,1
2024041505002,2024,041505002,1,2,0,-1,19,1,1,-1,0,2,1,0,0,0,1,1,-1,7,1,17,4,49,1,8,-1,8,E01025409,0,1
2024010502118,2024,010502118,1,3,0,18,19,7,3,0,0,8,0,0,0,0,1,1,6,6,1,20,4,125,1,12,-1,-1,-1,0,-1
2024311535848,2024,311535848,1,2,0,-1,19,6,8,-1,0,0,0,0,0,0,3,1,-1,6,1,16,4,49,1,1,-1,-1,-1,0,-1
2024141519969,2024,141519969,1,9,0,-1,2,7,3,-1,0,0,0,0,0,0,3,1,-1,9,2,45,7,1991,1,21,-1,3,E01007433,0,1
2024440066908,2024,440066908,1,9,0,16,19,8,4,0,0,0,0,11,7,1,1,1,6,6,1,33,6,2143,2,6,MERCEDES GLC CLASS,5,E01023262,0,4
2024522400969,2024,522400969,2,9,0,6,6,2,2,0,0,1,0,0,0,0,3,1,6,6,1,62,9,2143,2,6,MERCEDES GLC CLASS,7,E01014864,0,1
2024361397249,2024,361397249,1,9,0,-1,5,3,5,-1,0,2,0,0,0,0,1,1,-1,6,1,66,10,2143,2,6,MERCEDES GLC CLASS,6,E01026520,0,1
2024440380906,2024,440380906,2,9,0,11,11,8,4,0,0,0,0,0,0,0,4,1,6,6,1,-1,-1,2143,2,7,MERCEDES GLC CLASS,-1,-1,0,-1
2024991529077,2024,991529077,1,9,0,-1,19,5,1,-1,0,0,1,0,1,7,4,1,-1,2,1,62,9,2143,2,8,MERCEDES GLC CLASS,1,-1,0,4
2024010546510,2024,010546510,2,9,0,2,2,0,0,0,0,0,0,0,0,0,4,1,6,6,3,-1,-1,1950,2,3,MERCEDES GLC CLASS,-1,-1,0,-1
2024010514155,2024,010514155,2,9,0,99,99,9,9,99,99,0,9,99,9,99,1,9,6,6,3,-1,-1,1991,1,5,MERCEDES GLC CLASS,-1,-1,0,-1
2024061480224,2024,061480224,1,9,0,-1,19,-1,-1,-1,0,9,0,0,0,0,2,1,-1,9,1,43,7,2143,2,8,MERCEDES GLC CLASS,10,E01006153,0,1
2024991443645,2024,991443645,1,9,0,-1,19,4,8,-1,0,0,0,0,0,0,1,1,-1,2,2,57,9,2143,2,8,MERCEDES GLC CLASS,9,-1,0,3
2024411516212,2024,411516212,3,9,0,-1,2,0,0,-1,0,0,0,0,0,0,3,1,-1,6,-1,-1,-1,1991,1,6,MERCEDES GLC CLASS,-1,-1,0,-1
2024451406589,2024,451406589,2,9,0,-1,19,1,5,-1,0,0,1,0,0,0,3,1,-1,2,1,28,6,1991,8,3,MERCEDES GLC CLASS,9,E01035343,0,3
2024010553236,2024,010553236,1,9,0,99,99,9,9,99,99,9,9,99,9,99,1,9,6,6,2,31,6,2143,2,6,MERCEDES GLC CLASS,4,E01030852,0,3
2024461473321,2024,461473321,1,9,0,-1,1,-1,-1,-1,0,0,0,0,0,0,2,9,-1,6,1,49,8,2143,2,6,MERCEDES GLC CLASS,7,E01016139,0,1
2024010495476,2024,010495476,2,9,0,4,4,7,3,0,0,1,0,0,0,0,2,1,6,6,2,57,9,1999,8,1,MERCEDES GLC CLASS,7,E01003853,0,1
2024361433663,2024,361433663,4,9,0,-1,4,1,5,-1,0,0,0,0,0,0,2,1,-1,6,1,58,9,2143,2,7,MERCEDES GLC CLASS,8,E01026470,0,1
2024991440048,2024,991440048,1,9,0,-1,12,3,7,-1,0,0,0,0,0,0,3,1,-1,6,1,56,9,2143,2,8,MERCEDES GLC CLASS,2,-1,0,2
2024371449834,2024,371449834,2,9,0,-1,19,1,5,-1,0,0,0,0,0,0,1,1,-1,1,1,64,9,1950,2,3,MERCEDES GLC CLASS,3,E01029968,0,4
2024010549587,2024,010549587,1,9,0,9,9,1,6,0,0,6,0,0,0,0,1,1,2,2,2,31,6,1991,1,6,MERCEDES GLC CLASS,7,E01004143,0,1
2024052400464,2024,052400464,1,9,0,9,9,6,4,0,0,8,0,0,0,0,4,1,6,6,3,-1,-1,1950,2,5,MERCEDES GLC CLASS,-1,-1,0,-1
2024411474788,2024,411474788,1,9,0,-1,19,6,2,-1,0,8,0,0,0,0,1,1,-1,6,1,43,7,1991,8,5,MERCEDES GLC CLASS,8,E01002109,0,4
2024451433647,2024,451433647,2,9,0,-1,9,3,1,-1,0,7,0,0,3,0,2,1,-1,7,2,42,7,1999,8,1,MERCEDES GLC CLASS,8,E01002578,0,4
2024010503709,2024,010503709,1,9,0,18,19,5,1,0,0,1,0,0,0,0,4,1,6,6,1,45,7,2143,2,8,MERCEDES GLC CLASS,1,E01000524,0,2
2024010548765,2024,010548765,1,9,0,9,9,6,5,0,0,8,0,0,0,0,1,1,2,2,1,20,4,1950,2,2,MERCEDES GLC CLASS,2,E01003189,0,1
2024010531336,2024,010531336,3,9,0,13,13,4,8,0,0,0,0,4,0,0,1,1,6,6,1,69,10,2143,2,8,MERCEDES GLC CLASS,2,E01002852,0,1
2024131442297,2024,131442297,1,9,0,-1,19,1,5,-1,0,8,0,0,0,0,1,1,-1,9,2,55,8,2143,2,6,MERCEDES GLC CLASS,3,E01011776,0,1
2024531488913,2024,531488913,1,9,0,-1,19,5,1,-1,0,4,0,0,0,0,1,1,-1,1,1,54,8,2143,2,5,MERCEDES GLC CLASS,2,E01015540,0,4
2024041462823,2024,041462823,2,9,0,-1,19,5,5,-1,0,8,0,1,0,0,4,1,-1,6,1,37,7,1950,2,4,MERCEDES GLC CLASS,2,E01012689,0,2
2024010514791,2024,010514791,2,9,0,9,9,5,3,0,0,1,0,0,0,0,1,1,6,6,1,59,9,2143,2,8,MERCEDES GLC CLASS,-1,-1,0,-1
2024451505958,2024,451505958,1,9,0,-1,2,0,0,-1,0,0,0,0,0,0,3,9,-1,6,3,-1,-1,1993,12,0,MERCEDES GLC CLASS,-1,-1,0,-1
2024131460944,2024,131460944,1,9,0,-1,19,7,3,-1,0,0,0,0,0,0,4,1,-1,9,3,37,7,1991,1,6,MERCEDES GLC CLASS,6,E01027584,0,1
2024421440107,2024,421440107,2,9,0,-1,19,3,7,-1,0,1,0,0,0,0,3,1,-1,6,2,36,7,2143,2,7,MERCEDES GLC CLASS,6,E01021810,0,1
2024010542208,2024,010542208,1,9,0,18,19,3,7,0,0,2,0,12,0,0,2,1,6,6,2,38,7,1991,1,6,MERCEDES GLC CLASS,3,E01001602,0,2
2024421522298,2024,421522298,1,9,0,-1,19,6,2,-1,0,0,0,0,0,0,1,1,-1,9,1,32,6,2143,2,6,MERCEDES GLC CLASS,3,E01021852,0,2
2024010534630,2024,010534630,1,9,0,99,99,9,9,99,99,9,9,99,9,99,9,9,1,1,1,51,8,2143,2,7,MERCEDES GLC CLASS,10,E01030392,0,3
2024010503546,2024,010503546,1,9,0,18,19,5,1,0,0,1,1,0,1,10,1,1,6,6,1,24,5,2143,2,6,MERCEDES GLC CLASS,4,E01035485,0,1
2024201500411,2024,201500411,1,9,0,-1,9,8,6,-1,0,2,0,0,0,0,1,9,-1,9,1,38,7,2143,2,6,MERCEDES GLC CLASS,4,E01009011,0,1
2024371469318,2024,371469318,1,9,0,-1,19,3,7,-1,0,0,0,0,0,0,1,1,-1,2,2,34,6,1950,2,2,MERCEDES GLC CLASS,8,E01030121,0,2
2024440541090,2024,440541090,1,9,0,7,7,7,3,0,0,6,0,0,0,0,1,1,6,6,2,75,10,1950,2,2,MERCEDES GLC CLASS,6,E01022597,0,2
2024401464923,2024,401464923,2,9,0,-1,19,5,2,-1,0,0,0,0,0,0,1,1,-1,9,1,71,10,1991,1,5,MERCEDES GLC CLASS,10,E01017560,0,2
2024471441983,2024,471441983,2,9,0,-1,19,3,8,-1,0,1,0,0,0,0,1,1,-1,9,2,37,7,2143,2,7,MERCEDES GLC CLASS,5,E01016898,0,1
2024430437764,2024,430437764,1,9,0,16,19,2,4,0,0,0,1,0,1,9,1,1,2,2,1,35,6,1950,2,3,MERCEDES GLC CLASS,3,E01002764,0,4
2024010499907,2024,010499907,2,9,0,2,2,0,0,0,0,1,0,0,1,1,3,1,6,6,3,-1,-1,2143,2,7,MERCEDES GLC CLASS,-1,-1,0,-1
2024010508909,2024,010508909,1,9,0,9,9,8,5,99,99,9,9,99,0,0,9,1,6,6,1,30,6,2143,2,7,MERCEDES GLC CLASS,5,E01000110,0,2
2024991472496,2024,991472496,1,9,0,-1,9,2,8,-1,0,6,0,0,0,0,3,1,-1,9,2,44,7,1999,8,0,MERCEDES GLC CLASS,-1,-1,0,-1
2024010545785,2024,010545785,2,9,9,99,99,9,9,0,0,9,9,99,9,99,9,9,6,6,3,53,8,2143,2,8,MERCEDES GLC CLASS,3,E01000372,0,1
2024201471379,2024,201471379,1,9,0,-1,19,5,1,-1,0,0,0,10,1,11,1,1,-1,6,2,61,9,2143,2,5,MERCEDES GLC CLASS,3,E01009316,0,1
2024320136310,2024,320136310,2,9,0,-1,-1,4,8,9,9,0,0,0,0,0,4,1,6,6,2,36,7,1950,2,4,MERCEDES GLC CLASS,5,E01026414,0,3
2024461458138,2024,461458138,1,9,0,-1,19,7,3,-1,0,1,0,0,0,0,1,1,-1,9,1,44,7,2143,2,6,MERCEDES GLC CLASS,5,E01024345,0,3
2024411460768,2024,411460768,1,9,0,-1,19,7,3,-1,0,0,0,0,0,0,1,1,-1,6,1,62,9,1999,8,1,MERCEDES GLC CLASS,9,E01023854,0,1
2024010532962,2024,010532962,1,9,0,4,4,5,1,0,0,1,0,0,0,0,1,1,6,6,1,20,4,1950,2,4,MERCEDES GLC CLASS,1,E01001740,0,1
2024010513834,2024,010513834,2,9,0,18,19,1,5,9,9,6,0,0,0,0,1,1,6,6,1,34,6,2143,2,7,MERCEDES GLC CLASS,5,E01035696,0,3