collision_index,collision_year,collision_ref_no,vehicle_reference,vehicle_type,towing_and_articulation,vehicle_manoeuvre_historic,vehicle_manoeuvre,vehicle_direction_from,vehicle_direction_to,vehicle_location_restricted_lane_historic,vehicle_location_restricted_lane,junction_location,skidding_and_overturning,hit_object_in_carriageway,vehicle_leaving_carriageway,hit_object_off_carriageway,first_point_of_impact,vehicle_left_hand_drive,journey_purpose_of_driver_historic,journey_purpose_of_driver,sex_of_driver,age_of_driver,age_band_of_driver,engine_capacity_cc,propulsion_code,age_of_vehicle,generic_make_model,driver_imd_decile,lsoa_of_driver,escooter_flag,driver_distance_banding
2024010535332,2024,010535332,2,9,9,99,99,9,9,9,9,8,9,99,9,99,9,9,6,6,3,-1,-1,1950,2,5,MERCEDES GLC CLASS,10,E01003889,0,3
2024451501291,2024,451501291,3,9,0,-1,4,1,5,-1,0,1,0,0,0,0,1,9,-1,6,2,45,7,2143,2,8,MERCEDES GLC CLASS,-1,-1,0,-1
2024201452335,2024,201452335,2,9,0,-1,3,6,2,-1,0,0,0,0,0,0,2,1,-1,2,1,60,9,2143,2,5,MERCEDES GLC CLASS,4,E01032592,0,1
2024351442559,2024,351442559,1,9,-1,-1,-1,-1,-1,-1,-1,-1,-1,-1,-1,0,-1,9,-1,6,2,26,6,1950,2,4,MERCEDES GLC CLASS,6,E01027045,0,3
2024010499146,2024,010499146,2,9,0,5,5,1,5,0,0,8,0,10,3,1,1,1,3,7,2,34,6,1950,2,5,MERCEDES GLC CLASS,6,E01001091,0,1
2024351415469,2024,351415469,1,9,0,-1,19,5,1,-1,0,0,0,0,0,0,1,1,-1,2,1,28,6,1991,8,2,MERCEDES GLC CLASS,8,E01030280,0,5
2024010538737,2024,010538737,1,9,0,17,19,3,8,0,0,1,0,0,0,0,1,1,6,6,3,-1,-1,1991,8,2,MERCEDES GLC CLASS,-1,-1,0,-1
2024070722420,2024,070722420,1,9,0,-1,5,7,3,-1,0,7,0,0,0,0,4,1,-1,9,1,76,11,1991,1,5,MERCEDES GLC CLASS,10,E01018572,0,1
2024111529748,2024,111529748,2,9,0,-1,19,3,7,-1,0,0,1,0,7,0,3,1,-1,6,1,55,8,1950,2,1,MERCEDES GLC CLASS,10,E01020605,0,3
2024161454417,2024,161454417,1,9,0,-1,4,1,5,-1,0,0,0,0,0,0,2,9,-1,9,1,70,10,2143,2,7,MERCEDES GLC CLASS,10,E01013108,0,2
2024522500161,2024,522500161,1,9,0,3,3,4,8,0,0,2,0,0,0,0,2,1,6,6,2,36,7,2143,2,9,MERCEDES GLC CLASS,10,E01014874,0,1
2024991401199,2024,991401199,1,9,0,-1,19,2,5,-1,0,0,0,0,7,2,1,1,-1,9,1,50,8,1950,2,4,MERCEDES GLC CLASS,10,-1,0,3
2024311480035,2024,311480035,1,9,0,-1,19,6,2,-1,0,4,0,0,0,0,1,9,-1,6,1,-1,-1,2143,2,8,MERCEDES GLC CLASS,8,E01028371,0,2
2024501501538,2024,501501538,2,9,0,-1,9,7,5,-1,0,5,0,0,0,0,3,1,-1,6,1,21,5,1991,8,3,MERCEDES GLC CLASS,7,E01034622,0,1
2024221498917,2024,221498917,2,9,0,-1,4,1,6,-1,0,8,0,0,0,0,2,1,-1,6,2,69,10,2143,2,7,MERCEDES GLC CLASS,4,E01009159,0,4
202417L102624,2024,17L102624,1,9,0,9,9,7,3,0,0,1,0,0,0,0,1,1,6,6,1,55,8,1991,8,4,MERCEDES GLC CLASS,7,E01012120,0,1
2024061406147,2024,061406147,2,9,0,-1,7,4,8,-1,0,1,0,0,0,0,3,1,-1,9,2,43,7,1950,2,4,MERCEDES GLC CLASS,2,E01033668,0,1
2024010519367,2024,010519367,2,9,9,1,1,9,9,99,99,9,9,99,9,99,9,9,6,6,3,-1,-1,1991,1,6,MERCEDES GLC CLASS,-1,-1,0,-1
2024471497276,2024,471497276,1,9,0,-1,9,1,7,-1,0,5,0,0,0,0,1,1,-1,9,1,55,8,2143,2,8,MERCEDES GLC CLASS,8,E01017008,0,1
2024010542121,2024,010542121,2,9,0,7,7,1,2,0,0,6,0,0,0,0,1,1,1,1,1,48,8,2143,2,6,MERCEDES GLC CLASS,8,E01000319,0,1
2024421502581,2024,421502581,1,9,0,-1,19,7,3,-1,0,3,0,0,0,0,1,1,-1,2,2,37,7,1991,1,5,MERCEDES GLC CLASS,10,E01021929,0,2
2024010540713,2024,010540713,3,9,0,3,3,3,7,0,0,2,0,0,0,0,2,1,6,6,2,52,8,1991,8,3,MERCEDES GLC CLASS,-1,-1,0,-1
2024461401096,2024,461401096,12,9,0,-1,19,5,1,-1,0,0,1,0,0,0,1,9,-1,9,2,68,10,1950,2,2,MERCEDES GLC CLASS,5,E01024638,0,4
2024010503463,2024,010503463,2,9,9,99,99,9,9,99,99,6,9,99,9,99,9,9,6,6,3,-1,-1,1991,8,4,MERCEDES GLC CLASS,-1,-1,0,-1
2024501529283,2024,501529283,1,9,0,-1,1,5,1,-1,0,8,0,0,0,0,2,1,-1,9,1,61,9,1950,2,2,MERCEDES GLC CLASS,6,E01020335,0,1
2024201464230,2024,201464230,2,9,0,-1,19,6,2,-1,0,6,0,0,0,0,4,1,-1,9,2,38,7,1991,8,3,MERCEDES GLC CLASS,5,E01009284,0,1
2024061396033,2024,061396033,1,9,0,-1,19,8,4,-1,0,8,0,0,0,0,1,1,-1,6,1,43,7,1950,2,5,MERCEDES GLC CLASS,7,E01005367,0,1
2024010547208,2024,010547208,2,9,0,9,9,6,4,0,0,6,0,0,0,0,1,1,6,6,2,40,7,1950,2,4,MERCEDES GLC CLASS,3,E01000226,0,4
2024010509996,2024,010509996,2,9,0,99,99,9,9,99,99,9,9,99,9,99,9,9,6,6,2,44,7,2143,2,8,MERCEDES GLC CLASS,9,E01001949,0,1
2024010508341,2024,010508341,1,9,0,99,99,9,9,99,99,9,9,99,9,99,9,9,6,6,1,-1,-1,1999,8,1,MERCEDES GLC CLASS,10,E01023839,0,1
2024501525761,2024,501525761,2,9,0,-1,19,2,6,-1,0,0,0,0,0,0,1,1,-1,2,1,54,8,1950,12,4,MERCEDES GLC CLASS,5,E01019938,0,2
2024010523415,2024,010523415,1,9,0,3,3,9,9,99,99,9,9,99,9,99,2,9,2,2,2,42,7,2143,2,5,MERCEDES GLC CLASS,2,E01001786,0,2
2024010520902,2024,010520902,1,9,0,5,5,8,4,0,0,6,0,0,0,0,0,1,6,6,1,35,6,1950,2,3,MERCEDES GLC CLASS,3,E01004397,0,1
2024101432858,2024,101432858,2,9,0,-1,19,3,7,-1,0,1,0,0,0,0,2,1,-1,9,1,72,10,1950,2,4,MERCEDES GLC CLASS,9,E01008448,0,1
2024430157881,2024,430157881,1,9,0,18,19,6,2,0,0,0,0,0,0,0,1,1,6,6,2,47,8,1991,1,6,MERCEDES GLC CLASS,9,E01028818,0,1
2024440125673,2024,440125673,1,9,0,13,13,6,2,0,0,0,0,0,0,0,2,1,6,6,1,36,7,1991,1,5,MERCEDES GLC CLASS,6,E01023070,0,2
2024010511524,2024,010511524,1,9,0,99,99,9,9,99,99,9,9,99,9,99,2,9,6,6,1,46,8,2143,2,6,MERCEDES GLC CLASS,10,E01017760,0,3
2024010538283,2024,010538283,2,9,0,15,15,1,5,0,0,7,0,0,0,0,3,1,6,6,2,38,7,1993,-1,1,MERCEDES GLC CLASS,7,E01018276,0,4
2024311524256,2024,311524256,4,9,0,-1,19,3,7,-1,0,0,0,0,0,0,1,1,-1,6,2,30,6,1950,2,3,MERCEDES GLC CLASS,-1,-1,0,-1
2024201446193,2024,201446193,2,9,0,-1,19,1,5,-1,0,0,0,0,0,0,4,1,-1,6,2,30,6,2143,2,6,MERCEDES GLC CLASS,6,E01010534,0,1
2024010505787,2024,010505787,1,9,0,99,99,9,9,99,99,0,9,99,9,99,2,9,6,6,3,44,7,1950,12,3,MERCEDES GLC CLASS,3,E01003574,0,1
2024430296263,2024,430296263,2,9,0,18,19,2,6,0,0,0,0,0,0,0,1,1,3,7,1,40,7,1999,8,1,MERCEDES GLC CLASS,-1,-1,0,-1
2024421408973,2024,421408973,1,9,0,-1,19,3,7,-1,0,0,0,0,0,0,4,9,-1,6,3,-1,-1,2143,2,5,MERCEDES GLC CLASS,-1,-1,0,-1
2024010502459,2024,010502459,1,9,0,13,13,1,5,0,0,1,0,0,0,0,1,1,6,6,2,55,8,1950,2,3,MERCEDES GLC CLASS,2,E01001066,0,3
2024101498153,2024,101498153,2,9,0,-1,3,2,6,-1,0,0,0,0,0,0,2,1,-1,2,1,62,9,2143,2,7,MERCEDES GLC CLASS,8,E01008772,0,2
2024231474680,2024,231474680,3,9,0,-1,3,6,2,-1,0,1,0,0,0,0,3,1,-1,6,1,30,6,2143,2,6,MERCEDES GLC CLASS,1,E01025934,0,4
2024421427239,2024,421427239,1,9,0,-1,19,3,7,-1,0,2,0,0,0,0,1,1,-1,6,1,-1,-1,1991,1,6,MERCEDES GLC CLASS,-1,-1,0,-1
2024010498048,2024,010498048,2,9,0,99,99,9,9,99,99,9,9,99,9,99,0,9,6,6,3,-1,-1,2143,2,6,MERCEDES GLC CLASS,-1,-1,0,-1
2024440558437,2024,440558437,1,9,0,18,19,7,3,0,0,1,0,0,0,0,1,1,6,6,1,50,8,1950,2,5,MERCEDES GLC CLASS,8,E01017064,0,1
2024201531065,2024,201531065,1,9,0,-1,1,2,6,-1,0,2,0,0,0,0,2,9,-1,6,2,55,8,1950,2,2,MERCEDES GLC CLASS,-1,-1,0,-1
202417M108424,2024,17M108424,1,9,0,-1,19,1,5,-1,0,0,0,0,0,0,4,1,-1,9,1,38,7,1950,2,5,MERCEDES GLC CLASS,5,E01012187,0,2
2024010539654,2024,010539654,2,9,0,99,99,9,9,99,99,6,9,99,9,99,9,9,6,6,3,58,9,1950,2,5,MERCEDES GLC CLASS,4,E01004006,0,1
2024421464883,2024,421464883,2,9,0,-1,19,7,4,-1,0,0,0,0,0,0,1,1,-1,9,1,74,10,1991,8,4,MERCEDES GLC CLASS,9,E01022063,0,2
2024401511179,2024,401511179,1,9,0,-1,5,1,5,-1,0,1,1,0,0,0,1,1,-1,6,1,54,8,2143,2,6,MERCEDES GLC CLASS,6,E01017457,0,1
2024622400076,2024,622400076,1,9,0,9,9,2,8,0,0,1,0,0,0,0,3,1,6,6,1,74,10,1950,2,2,MERCEDES GLC CLASS,-1,-1,0,-1
2024010546674,2024,010546674,1,9,0,3,3,7,3,0,0,1,0,0,0,0,3,1,6,6,1,63,9,2143,2,5,MERCEDES GLC CLASS,3,E01002832,0,1
2024101451806,2024,101451806,2,9,0,-1,19,3,7,-1,0,8,0,0,0,0,1,1,-1,9,2,62,9,2143,2,8,MERCEDES GLC CLASS,10,E01027520,0,3
2024211431303,2024,211431303,1,9,0,-1,4,3,7,-1,0,0,0,0,0,0,1,1,-1,6,2,44,7,2143,2,6,MERCEDES GLC CLASS,-1,-1,0,-1
2024451453865,2024,451453865,1,9,0,-1,19,4,8,-1,0,1,0,0,0,0,1,1,-1,9,2,30,6,1950,2,3,MERCEDES GLC CLASS,6,E01030721,0,1
2024011416337,2024,011416337,4,9,0,-1,-1,3,7,-1,-1,0,0,0,0,0,3,1,-1,-1,1,40,7,2143,2,7,MERCEDES GLC CLASS,10,E01002389,0,1
2024451511105,2024,451511105,1,9,0,-1,3,3,7,-1,0,0,0,0,0,0,2,1,-1,9,1,47,8,1999,8,0,MERCEDES GLC CLASS,7,E01001226,0,4
2024430080997,2024,430080997,3,9,0,18,19,1,5,0,0,0,0,0,0,0,1,1,6,6,2,38,7,2143,2,7,MERCEDES GLC CLASS,5,E01016487,0,1
2024531495677,2024,531495677,2,9,0,-1,19,3,7,-1,0,1,0,0,0,0,1,1,-1,2,1,55,8,2143,2,6,MERCEDES GLC CLASS,10,E01022119,0,1
2024411408911,2024,411408911,5,9,0,-1,19,8,4,-1,0,0,0,0,0,0,3,1,-1,2,2,44,7,1950,2,2,MERCEDES GLC CLASS,9,E01017778,0,4
2024311409871,2024,311409871,2,9,0,-1,19,5,1,-1,0,0,0,0,7,0,4,1,-1,2,1,30,6,1950,2,4,MERCEDES GLC CLASS,-1,-1,0,-1
2024440266994,2024,440266994,1,9,0,9,9,6,4,0,0,1,0,0,0,0,1,1,6,6,1,61,9,1950,2,2,MERCEDES GLC CLASS,10,E01023276,0,1
2024461399465,2024,461399465,2,9,0,-1,19,2,2,-1,0,0,0,0,0,0,2,1,-1,9,2,46,8,1999,8,1,MERCEDES GLC CLASS,6,E01024432,0,1
2024010502519,2024,010502519,1,9,0,18,19,1,5,0,0,2,0,8,0,0,1,1,2,2,1,57,9,2143,2,6,MERCEDES GLC CLASS,6,E01000584,0,1
2024471464805,2024,471464805,1,9,0,-1,19,3,6,-1,0,1,0,0,0,0,-1,1,-1,6,2,45,7,2143,2,8,MERCEDES GLC CLASS,6,E01016990,0,1
2024541656824,2024,541656824,2,9,0,18,19,3,6,0,0,1,0,0,0,0,1,1,6,6,1,39,7,2143,2,5,MERCEDES GLC CLASS,5,E01030862,0,4
2024010497653,2024,010497653,1,9,0,7,7,1,3,2,2,1,0,0,0,0,4,1,6,6,1,26,6,1950,2,2,MERCEDES GLC CLASS,5,E01001863,0,3
2024311405044,2024,311405044,2,9,0,-1,2,0,0,-1,0,1,0,0,0,0,1,1,-1,6,2,39,7,2143,2,9,MERCEDES GLC CLASS,-1,-1,0,-1
2024451455384,2024,451455384,2,9,9,-1,9,1,3,-1,0,8,0,0,0,0,3,1,-1,6,2,30,6,2143,2,6,MERCEDES GLC CLASS,-1,-1,0,-1
2024421425874,2024,421425874,1,9,0,-1,19,1,5,-1,0,0,0,0,0,0,1,1,-1,2,1,35,6,1991,1,6,MERCEDES GLC CLASS,6,E01034486,0,4
2024141447139,2024,141447139,1,9,0,-1,10,8,6,-1,0,1,0,0,0,0,2,1,-1,9,2,29,6,2143,2,7,MERCEDES GLC CLASS,3,E01007569,0,1
2024451416702,2024,451416702,1,9,0,-1,19,1,5,-1,0,8,0,0,0,0,1,1,-1,2,1,31,6,1991,1,6,MERCEDES GLC CLASS,9,E01030820,0,1
2024061408749,2024,061408749,4,9,0,-1,19,1,5,-1,0,2,0,0,0,0,3,1,-1,9,1,39,7,2143,2,6,MERCEDES GLC CLASS,8,E01004918,0,1
2024010532804,2024,010532804,2,9,0,99,99,9,9,99,99,9,9,99,9,99,9,9,6,6,3,-1,-1,2143,2,5,MERCEDES GLC CLASS,-1,-1,0,-1
2024421415960,2024,421415960,2,9,0,-1,19,7,3,-1,0,0,0,0,0,0,2,1,-1,6,1,46,8,1999,8,1,MERCEDES GLC CLASS,7,E01035168,0,4
2024421520060,2024,421520060,1,9,0,-1,3,5,1,-1,0,1,0,0,0,0,1,1,-1,6,2,51,8,2143,2,5,MERCEDES GLC CLASS,2,E01015963,0,1
2024010565490,2024,010565490,1,9,0,99,99,9,9,99,99,9,9,99,9,99,9,9,6,6,1,-1,-1,2143,2,7,MERCEDES GLC CLASS,-1,-1,0,-1
2024430259212,2024,430259212,1,9,0,18,19,7,3,0,0,0,0,0,0,0,1,1,6,6,2,-1,-1,2143,2,8,MERCEDES GLC CLASS,-1,-1,0,-1
2024010542225,2024,010542225,1,9,0,99,99,9,9,99,99,9,9,99,9,99,2,1,2,2,2,37,7,2143,2,5,MERCEDES GLC CLASS,2,E01000627,0,2
2024471466715,2024,471466715,2,9,0,-1,19,8,3,-1,0,0,0,0,0,0,2,1,-1,1,1,39,7,2143,2,7,MERCEDES GLC CLASS,4,E01030588,0,1
2024010547084,2024,010547084,1,9,0,18,19,7,3,0,0,0,0,4,0,0,1,1,6,6,1,51,8,1950,2,2,MERCEDES GLC CLASS,10,E01000771,0,1
2024471484980,2024,471484980,2,9,0,-1,19,3,7,-1,0,0,0,0,0,0,4,1,-1,9,2,68,10,2143,2,7,MERCEDES GLC CLASS,6,E01021125,0,2
2024070202856,2024,070202856,2,9,0,9,9,7,3,0,0,1,0,0,0,0,4,1,6,6,1,46,8,2143,2,6,MERCEDES GLC CLASS,10,E01018590,0,3
2024010524595,2024,010524595,1,9,0,5,5,5,1,0,0,0,0,0,0,0,1,1,6,6,2,41,7,1950,2,4,MERCEDES GLC CLASS,5,E01002247,0,1
2024010521910,2024,010521910,1,9,0,18,19,3,7,0,0,8,0,0,0,0,3,1,6,6,1,47,8,2143,2,7,MERCEDES GLC CLASS,8,E01003679,0,2
2024010533361,2024,010533361,1,9,0,99,99,9,9,99,99,9,9,99,9,99,9,9,6,6,1,40,7,1950,2,4,MERCEDES GLC CLASS,2,E01004312,0,2
2024320012000,2024,320012000,1,9,0,-1,-1,2,6,0,0,0,5,0,1,8,1,1,-1,-1,1,16,4,1991,8,3,MERCEDES GLC CLASS,9,E01035478,0,2
2024531499074,2024,531499074,2,9,0,-1,3,3,7,-1,0,1,0,0,0,0,2,9,-1,6,1,45,7,1950,2,5,MERCEDES GLC CLASS,8,E01034810,0,1
2024010508677,2024,010508677,2,9,0,5,5,5,1,0,0,1,0,0,0,0,1,1,6,6,1,29,6,1950,2,5,MERCEDES GLC CLASS,10,E01003007,0,1
2024991399628,2024,991399628,1,9,0,-1,7,7,1,-1,0,5,0,0,0,0,4,1,-1,6,2,66,10,1991,8,4,MERCEDES GLC CLASS,9,-1,0,1
2024471440645,2024,471440645,1,9,0,-1,5,5,3,-1,0,8,0,0,0,0,3,1,-1,9,2,36,7,1950,12,3,MERCEDES GLC CLASS,5,E01034303,0,1
2024451418537,2024,451418537,2,9,9,-1,99,2,5,-1,99,2,0,99,0,0,2,2,-1,6,1,50,8,2143,2,5,MERCEDES GLC CLASS,-1,-1,0,-1
2024401466229,2024,401466229,2,9,0,-1,19,3,7,-1,0,1,0,4,0,0,3,1,-1,2,1,47,8,2143,2,9,MERCEDES GLC CLASS,-1,-1,0,-1
2024522402764,2024,522402764,1,9,0,2,2,0,0,0,0,0,0,0,0,0,1,1,6,6,1,25,5,1993,12,0,MERCEDES GLC CLASS,10,E01014397,0,1
2024010546758,2024,010546758,1,9,0,99,99,9,9,99,99,9,9,99,9,99,3,9,1,1,1,34,6,2143,2,8,MERCEDES GLC CLASS,4,E01003543,0,1
2024010510958,2024,010510958,3,9,0,99,99,9,9,99,99,9,9,99,9,99,2,9,6,6,3,-1,-1,2143,2,7,MERCEDES GLC CLASS,-1,-1,0,-1
2024010501551,2024,010501551,1,9,0,18,19,5,1,0,0,0,0,4,0,0,1,1,6,6,1,46,8,2143,2,7,MERCEDES GLC CLASS,4,E01003114,0,1
2024061409810,2024,061409810,1,9,0,-1,19,1,5,-1,0,0,0,0,0,0,1,1,-1,2,1,36,7,1950,2,5,MERCEDES GLC CLASS,-1,-1,0,-1
2024440229697,2024,440229697,1,9,0,9,9,4,2,0,0,8,0,0,0,0,1,1,6,6,1,32,6,1991,1,6,MERCEDES GLC CLASS,4,E01017125,0,1
2024131444852,2024,131444852,2,9,0,-1,19,5,1,-1,0,8,0,0,0,0,3,1,-1,6,1,38,7,1950,2,5,MERCEDES GLC CLASS,1,E01011434,0,1
2024010489686,2024,010489686,1,9,0,9,9,5,4,0,0,5,0,0,0,0,1,1,2,2,1,62,9,1950,12,3,MERCEDES GLC CLASS,10,E01004190,0,1
2024430213808,2024,430213808,2,9,0,2,2,0,0,0,0,0,0,0,0,0,1,1,6,6,3,-1,-1,1993,12,1,MERCEDES GLC CLASS,-1,-1,0,-1
2024031508985,2024,031508985,1,9,0,-1,19,1,5,-1,0,0,1,0,1,4,1,1,-1,9,1,49,8,1950,2,5,MERCEDES GLC CLASS,10,E01018652,0,5
2024111414445,2024,111414445,1,9,0,-1,9,4,2,-1,0,1,0,0,0,0,1,9,-1,6,2,30,6,1999,8,1,MERCEDES GLC CLASS,3,E01020658,0,1
2024010502197,2024,010502197,1,9,0,18,19,1,5,0,0,8,0,0,0,0,3,1,1,1,2,37,7,1999,8,1,MERCEDES GLC CLASS,4,E01033925,0,1
2024041395418,2024,041395418,2,9,0,-1,15,1,5,-1,0,0,1,0,7,11,2,1,-1,6,1,53,8,2143,2,6,MERCEDES GLC CLASS,8,E01027568,0,2
2024010529754,2024,010529754,1,9,0,13,13,1,5,0,0,8,1,0,0,0,1,1,6,6,1,27,6,1991,1,4,MERCEDES GLC CLASS,7,E01015978,0,4
2024421480932,2024,421480932,2,9,0,-1,2,0,0,-1,0,0,0,0,0,0,3,1,-1,6,-1,-1,-1,1991,1,5,MERCEDES GLC CLASS,-1,-1,0,-1
2024010518273,2024,010518273,2,9,0,18,19,1,5,0,0,4,0,0,0,0,1,1,6,6,1,56,9,1950,12,3,MERCEDES GLC CLASS,7,E01012717,0,5
2024302400568,2024,302400568,1,9,0,18,19,7,3,0,0,8,0,0,0,0,1,1,6,6,1,34,6,2143,2,6,MERCEDES GLC CLASS,3,E01019506,0,1
2024010549128,2024,010549128,1,9,3,-1,-1,3,5,0,0,3,1,10,6,11,1,1,6,6,1,30,6,1950,2,1,MERCEDES GLC CLASS,9,E01001030,0,1
2024010509288,2024,010509288,1,9,0,12,12,1,5,0,0,1,0,0,0,0,1,1,6,6,2,29,6,1950,2,1,MERCEDES GLC CLASS,3,E01016044,0,4
2024010528903,2024,010528903,1,9,0,3,3,7,3,0,0,0,0,0,0,0,2,1,6,6,1,47,8,2143,2,7,MERCEDES GLC CLASS,7,E01002499,0,2
2024010543894,2024,010543894,1,9,0,99,99,9,9,99,99,9,9,99,9,99,9,9,6,6,1,49,8,2143,2,5,MERCEDES GLC CLASS,9,E01002155,0,1
2024471441282,2024,471441282,1,9,0,-1,19,5,1,-1,0,1,0,0,0,0,3,1,-1,9,2,77,11,2143,2,5,MERCEDES GLC CLASS,10,E01031759,0,1
2024451402115,2024,451402115,2,9,0,-1,19,7,3,-1,0,0,0,0,0,0,3,9,-1,6,2,40,7,2143,2,8,MERCEDES GLC CLASS,-1,-1,0,-1
2024010510908,2024,010510908,1,9,0,1,1,3,7,0,0,1,0,0,0,0,2,1,6,6,2,49,8,1950,2,4,MERCEDES GLC CLASS,2,E01001395,0,1
2024430065337,2024,430065337,3,9,0,18,19,6,2,0,0,0,0,0,0,0,3,1,6,6,2,62,9,1999,8,1,MERCEDES GLC CLASS,9,E01016313,0,3
2024411447195,2024,411447195,1,9,0,-1,19,2,6,-1,0,1,0,0,0,0,1,1,-1,6,2,69,10,2143,2,8,MERCEDES GLC CLASS,10,E01023667,0,2
2024041529889,2024,041529889,3,9,0,-1,19,7,3,-1,0,3,0,0,0,0,0,1,-1,2,1,29,6,2143,2,5,MERCEDES GLC CLASS,1,E01024877,0,1
2024010504729,2024,010504729,1,9,0,7,7,4,6,0,0,5,0,0,0,0,1,2,6,6,2,20,4,2143,2,7,MERCEDES GLC CLASS,3,E01003298,0,1
2024201468117,2024,201468117,2,9,0,-1,4,2,6,-1,0,2,0,0,0,0,1,1,-1,9,2,40,7,1950,2,5,MERCEDES GLC CLASS,5,E01009791,0,1
2024340WN0312,2024,340WN0312,1,9,0,-1,19,8,4,-1,0,0,0,0,0,0,1,1,-1,2,1,44,7,2143,2,7,MERCEDES GLC CLASS,5,E01027123,0,3
2024131512285,2024,131512285,1,9,0,-1,9,5,1,-1,0,6,0,0,0,0,1,1,-1,6,1,57,9,2143,2,6,MERCEDES GLC CLASS,1,E01011866,0,1
2024461496848,2024,461496848,2,9,0,-1,19,5,5,-1,0,0,0,0,0,0,1,1,-1,2,1,31,6,1950,2,5,MERCEDES GLC CLASS,5,E01021021,0,3
2024332400750,2024,332400750,1,9,0,-1,3,6,2,-1,0,1,0,0,0,0,2,1,-1,6,1,47,8,2143,2,6,MERCEDES GLC CLASS,8,E01025730,0,2
2024010516989,2024,010516989,2,9,0,2,2,0,0,0,0,0,0,4,0,0,1,1,6,6,3,-1,-1,2143,2,7,MERCEDES GLC CLASS,-1,-1,0,-1
2024451444466,2024,451444466,2,9,0,-1,19,1,3,-1,0,0,0,0,0,0,4,1,-1,6,3,30,6,2143,2,8,MERCEDES GLC CLASS,-1,-1,0,-1
2024440514669,2024,440514669,2,9,0,5,5,1,5,0,0,4,0,0,0,0,1,1,6,6,2,-1,-1,2143,2,6,MERCEDES GLC CLASS,-1,-1,0,-1
2024302401254,2024,302401254,2,9,0,18,19,8,4,0,0,8,0,0,0,0,1,1,6,6,1,29,6,2143,2,9,MERCEDES GLC CLASS,8,E01019804,0,1
2024010537704,2024,010537704,2,9,0,99,99,9,9,99,99,9,9,99,9,99,9,9,6,6,3,-1,-1,1950,2,4,MERCEDES GLC CLASS,-1,-1,0,-1
2024471441685,2024,471441685,2,9,0,-1,2,0,0,-1,0,0,0,0,0,0,4,1,-1,6,-1,-1,-1,2143,2,7,MERCEDES GLC CLASS,-1,-1,0,-1
2024010534711,2024,010534711,2,9,0,99,99,9,9,99,99,9,9,99,9,99,1,9,6,6,3,-1,-1,1991,8,4,MERCEDES GLC CLASS,-1,-1,0,-1
2024211418993,2024,211418993,2,9,0,-1,9,1,1,-1,0,0,0,0,0,0,2,1,-1,6,2,46,8,1993,12,1,MERCEDES GLC CLASS,9,E01029818,0,1
2024421536430,2024,421536430,2,9,0,-1,19,3,7,-1,0,8,0,0,0,0,1,1,-1,6,1,35,6,2143,2,6,MERCEDES GLC CLASS,3,E01003334,0,4
2024451523457,2024,451523457,1,9,0,-1,9,1,5,-1,0,6,0,0,0,0,1,1,-1,9,2,56,9,1950,-1,4,MERCEDES GLC CLASS,10,E01030894,0,1
2024041463671,2024,041463671,2,9,0,-1,19,3,7,-1,0,2,0,0,0,0,1,1,-1,2,2,48,8,1991,8,2,MERCEDES GLC CLASS,5,E01024982,0,3
2024401526242,2024,401526242,4,9,0,-1,19,5,1,-1,0,0,0,0,0,0,1,1,-1,9,1,34,6,2143,2,6,MERCEDES GLC CLASS,4,E01003264,0,4
2024451410875,2024,451410875,1,9,0,-1,10,5,2,-1,0,0,1,0,0,0,3,1,-1,9,1,67,10,1950,12,2,MERCEDES GLC CLASS,10,E01030798,0,1
2024010507670,2024,010507670,1,9,0,7,7,2,5,0,0,3,0,0,0,0,2,1,6,6,2,44,7,1950,2,2,MERCEDES GLC CLASS,3,E01003450,0,1
2024371486202,2024,371486202,2,9,0,-1,19,1,5,-1,0,0,0,0,1,0,2,1,-1,6,1,77,11,2143,2,9,MERCEDES GLC CLASS,5,E01021644,0,4
2024302401544,2024,302401544,2,9,0,17,19,1,6,0,0,0,0,0,0,0,4,1,6,6,1,45,7,1950,2,3,MERCEDES GLC CLASS,10,E01008044,0,4
2024010519320,2024,010519320,1,9,0,4,4,3,7,0,0,0,0,0,0,0,0,1,3,7,2,38,7,2143,2,7,MERCEDES GLC CLASS,6,E01003437,0,1
2024471486081,2024,471486081,2,9,0,-1,2,0,0,-1,0,0,0,0,0,0,0,1,-1,6,1,63,9,1950,2,3,MERCEDES GLC CLASS,6,E01024833,0,4
2024411506479,2024,411506479,3,9,0,-1,2,0,0,-1,9,0,0,0,0,0,3,1,-1,6,-1,-1,-1,1991,1,5,MERCEDES GLC CLASS,-1,-1,0,-1
2024231564075,2024,231564075,1,9,0,-1,19,8,4,-1,0,0,0,4,1,11,1,1,-1,6,2,30,6,2143,2,8,MERCEDES GLC CLASS,3,E01031059,0,2