collision_index,collision_year,collision_ref_no,vehicle_reference,vehicle_type,towing_and_articulation,vehicle_manoeuvre_historic,vehicle_manoeuvre,vehicle_direction_from,vehicle_direction_to,vehicle_location_restricted_lane_historic,vehicle_location_restricted_lane,junction_location,skidding_and_overturning,hit_object_in_carriageway,vehicle_leaving_carriageway,hit_object_off_carriageway,first_point_of_impact,vehicle_left_hand_drive,journey_purpose_of_driver_historic,journey_purpose_of_driver,sex_of_driver,age_of_driver,age_band_of_driver,engine_capacity_cc,propulsion_code,age_of_vehicle,generic_make_model,driver_imd_decile,lsoa_of_driver,escooter_flag,driver_distance_banding
2024010544576,2024,010544576,1,9,0,99,99,9,9,99,99,9,9,99,9,99,9,9,6,6,3,36,7,2143,2,9,MERCEDES GLC CLASS,2,E01033709,0,1
2024421423719,2024,421423719,1,9,0,-1,5,7,4,-1,0,6,0,0,0,0,1,1,-1,9,2,44,7,1950,2,4,MERCEDES GLC CLASS,10,E01021469,0,4
2024430549095,2024,430549095,1,9,0,9,9,6,5,0,0,5,0,0,0,0,4,1,6,6,2,54,8,1991,1,5,MERCEDES GLC CLASS,-1,-1,0,-1
2024430061527,2024,430061527,1,9,0,18,19,7,3,0,0,0,0,0,0,0,1,1,3,7,1,52,8,2143,2,8,MERCEDES GLC CLASS,10,E01016700,0,1
2024010522736,2024,010522736,3,9,0,4,4,1,5,0,0,5,0,0,0,0,2,1,6,6,1,68,10,1991,1,4,MERCEDES GLC CLASS,9,E01001533,0,3
2024520402304,2024,520402304,1,9,0,18,19,7,3,0,0,8,0,0,0,0,1,1,6,6,1,48,8,2143,2,6,MERCEDES GLC CLASS,2,E01029304,0,1
2024411475025,2024,411475025,1,9,0,-1,19,5,1,-1,0,0,0,0,0,0,1,1,-1,6,2,22,5,1991,8,3,MERCEDES GLC CLASS,9,E01023525,0,1
2024332400739,2024,332400739,1,9,0,-1,9,4,2,-1,0,5,0,0,0,0,1,1,-1,9,1,61,9,1991,1,6,MERCEDES GLC CLASS,7,E01025702,0,1
2024610027224,2024,610027224,1,9,0,17,19,5,2,0,0,0,1,10,1,9,1,1,2,2,1,57,9,2143,2,6,MERCEDES GLC CLASS,3,E01014010,0,3
2024010526247,2024,010526247,2,9,0,99,99,9,9,99,99,9,9,99,9,99,9,9,6,6,3,-1,-1,2143,2,7,MERCEDES GLC CLASS,-1,-1,0,-1
2024471468964,2024,471468964,2,9,0,-1,9,8,5,-1,0,1,0,0,0,0,1,1,-1,9,1,66,10,2143,2,8,MERCEDES GLC CLASS,2,E01017108,0,4
2024461422240,2024,461422240,1,9,0,-1,19,1,5,-1,0,0,2,0,1,4,1,1,-1,9,1,60,9,1950,2,3,MERCEDES GLC CLASS,2,E01024047,0,2
2024501448890,2024,501448890,1,9,0,-1,19,3,7,-1,0,0,0,0,0,0,4,9,-1,6,1,59,9,2987,2,6,MERCEDES GLC CLASS,-1,-1,0,-1
2024201473640,2024,201473640,1,9,0,-1,19,1,5,-1,0,6,0,0,0,0,1,1,-1,2,-1,-1,-1,2143,2,7,MERCEDES GLC CLASS,-1,-1,0,-1
2024010509178,2024,010509178,2,9,0,5,5,7,3,0,0,2,0,0,0,0,1,1,6,6,2,34,6,2143,2,7,MERCEDES GLC CLASS,7,E01002334,0,1
2024451441955,2024,451441955,1,9,0,-1,7,5,8,-1,0,2,0,0,7,0,4,1,-1,9,1,22,5,1950,2,3,MERCEDES GLC CLASS,5,E01027213,0,4
2024361432761,2024,361432761,1,9,0,-1,9,7,3,-1,0,0,0,0,0,0,3,9,-1,6,2,67,10,1991,8,4,MERCEDES GLC CLASS,6,E01026944,0,4
2024991425565,2024,991425565,2,9,0,-1,19,3,8,-1,0,0,1,0,1,0,1,1,-1,6,1,28,6,1999,8,0,MERCEDES GLC CLASS,-1,-1,0,-1
2024440193634,2024,440193634,1,9,0,7,7,6,8,0,0,6,0,0,0,0,1,1,6,6,1,54,8,2143,2,8,MERCEDES GLC CLASS,6,E01023081,0,1
2024421512014,2024,421512014,1,9,0,-1,19,5,1,-1,0,0,0,0,0,0,1,1,-1,6,1,66,10,1991,8,5,MERCEDES GLC CLASS,5,E01029946,0,4
2024010533996,2024,010533996,1,9,9,99,99,9,9,99,99,9,9,99,9,99,1,9,6,6,3,-1,-1,1991,8,2,MERCEDES GLC CLASS,-1,-1,0,-1
2024010544279,2024,010544279,2,9,0,18,19,5,1,0,0,0,1,0,1,7,1,1,6,6,3,-1,-1,2143,2,7,MERCEDES GLC CLASS,-1,-1,0,-1
2024320402170,2024,320402170,2,9,0,-1,-1,6,2,0,0,0,0,0,0,0,2,1,-1,-1,2,70,10,2143,2,8,MERCEDES GLC CLASS,-1,-1,0,-1
2024501452723,2024,501452723,1,9,0,-1,19,7,3,-1,0,1,0,0,0,0,1,1,-1,9,2,51,8,1950,2,4,MERCEDES GLC CLASS,6,E01019903,0,3
2024010548914,2024,010548914,1,9,0,4,4,7,3,0,0,0,0,0,0,0,1,1,6,6,2,39,7,1950,2,3,MERCEDES GLC CLASS,4,E01001694,0,1
2024010546169,2024,010546169,2,9,0,99,99,9,9,99,99,9,9,99,9,99,9,9,6,6,1,51,8,1999,8,0,MERCEDES GLC CLASS,3,E01001489,0,3
2024010494427,2024,010494427,1,9,0,99,99,9,9,0,0,1,0,0,0,0,2,1,6,6,3,50,8,2143,2,5,MERCEDES GLC CLASS,1,E01000605,0,2
2024052401490,2024,052401490,1,9,0,18,19,3,7,0,0,0,0,0,0,0,1,2,2,2,1,44,7,2143,2,6,MERCEDES GLC CLASS,3,E01005034,0,4
2024501428709,2024,501428709,2,9,0,-1,19,7,3,-1,0,0,0,0,0,0,1,1,-1,9,1,67,10,1999,8,1,MERCEDES GLC CLASS,10,E01022135,0,5
2024010541507,2024,010541507,1,9,0,16,19,7,3,0,0,0,0,0,1,4,1,1,6,6,2,41,7,2143,2,7,MERCEDES GLC CLASS,3,E01003630,0,1
2024010508780,2024,010508780,1,9,0,99,99,9,9,99,99,9,9,99,9,99,2,9,6,6,1,48,8,2143,2,8,MERCEDES GLC CLASS,3,E01001325,0,2
2024371463561,2024,371463561,2,90,0,-1,19,2,6,-1,0,8,0,0,0,0,1,1,-1,6,1,17,4,50,1,1,-1,5,E01030201,0,1
2024302401272,2024,302401272,2,2,0,18,19,8,4,0,0,2,0,0,0,0,1,1,6,6,1,16,4,49,1,17,-1,6,E01034656,0,1
2024461459162,2024,461459162,1,2,0,-1,19,2,6,-1,0,0,1,0,0,0,0,1,-1,6,1,17,4,49,1,7,-1,-1,-1,0,-1
2024320103037,2024,320103037,1,3,0,-1,-1,1,5,0,0,2,0,0,0,0,1,1,-1,-1,1,34,6,-1,-1,-1,-1,3,E01034681,0,1
2024461455552,2024,461455552,1,2,0,-1,19,5,3,-1,0,0,0,4,0,0,1,1,-1,6,1,16,4,49,1,7,-1,10,E01024233,0,1
2024141492330,2024,141492330,2,2,0,-1,15,6,2,-1,0,1,0,0,0,0,3,1,-1,6,1,24,5,49,1,12,-1,-1,-1,0,-1
2024010533951,2024,010533951,2,3,0,18,19,5,1,0,0,1,5,0,0,0,2,1,2,2,1,36,7,125,1,17,-1,2,E01001318,0,1
2024221445627,2024,221445627,1,19,0,-1,1,1,3,-1,0,8,0,4,0,0,2,9,-1,2,1,28,6,1997,2,1,-1,2,E01009165,0,1
2024010549396,2024,010549396,1,19,0,18,19,5,1,0,0,8,0,0,0,0,1,1,6,6,3,-1,-1,1997,2,0,-1,-1,-1,0,-1
2024201463655,2024,201463655,1,19,0,-1,19,2,6,-1,0,0,0,0,0,0,1,9,-1,6,3,-1,-1,1997,2,0,-1,-1,-1,0,-1
2024131504595,2024,131504595,5,19,0,-1,19,1,5,-1,0,0,1,0,0,0,2,1,-1,1,1,19,4,1997,2,1,-1,10,E01027675,0,3
2024461428021,2024,461428021,1,19,0,-1,3,3,7,-1,0,1,0,0,0,0,1,9,-1,9,1,40,7,1997,2,1,-1,5,E01035293,0,1
2024161474341,2024,161474341,1,3,0,-1,19,3,7,-1,0,0,0,4,0,0,1,1,-1,2,2,54,8,125,1,8,-1,3,E01013004,0,1
2024340NN4702,2024,340NN4702,1,9,0,-1,19,3,7,-1,0,0,0,0,0,0,4,1,-1,9,2,27,6,1242,8,7,SUZUKI BALENO,8,E01027096,0,1
2024631518429,2024,631518429,2,9,0,-1,2,0,0,-1,0,0,0,0,0,0,3,1,-1,6,-1,-1,-1,998,1,8,SUZUKI BALENO,-1,-1,0,-1
2024010501869,2024,010501869,1,9,0,99,99,9,9,99,99,9,9,99,9,99,9,9,6,6,2,49,8,998,1,6,SUZUKI BALENO,5,E01002689,0,1
2024991513506,2024,991513506,2,9,0,-1,4,8,3,-1,0,0,0,0,0,0,2,1,-1,6,1,45,7,1242,1,7,SUZUKI BALENO,-1,-1,0,-1
2024070246284,2024,070246284,2,9,0,18,19,6,2,0,0,1,0,0,0,0,1,1,6,6,1,31,6,998,1,7,SUZUKI BALENO,9,E01018688,0,1
2024010515260,2024,010515260,1,9,0,99,99,9,9,99,99,9,9,99,9,99,2,9,6,6,2,34,6,998,1,6,SUZUKI BALENO,8,E01001022,0,2
2024430542698,2024,430542698,2,9,0,3,3,6,2,0,0,0,0,0,0,0,2,1,6,6,2,59,9,998,1,7,SUZUKI BALENO,8,E01033849,0,4
2024131434394,2024,131434394,1,9,0,-1,19,8,4,-1,0,0,0,0,1,4,1,1,-1,9,1,39,7,998,1,8,SUZUKI BALENO,1,E01007472,0,3
2024010517712,2024,010517712,2,9,0,5,5,1,5,0,0,1,0,0,0,0,1,1,6,6,2,33,6,998,1,7,SUZUKI BALENO,3,E01033943,0,1
2024070125794,2024,070125794,1,9,0,5,5,2,6,0,0,0,0,0,0,0,1,1,6,6,1,30,6,1242,8,7,SUZUKI BALENO,10,E01018475,0,1
2024052402211,2024,052402211,1,9,0,18,19,8,4,0,0,1,0,0,0,0,4,1,6,6,1,20,4,1242,1,6,SUZUKI BALENO,1,E01006350,0,4
2024031427190,2024,031427190,1,9,0,-1,19,8,4,-1,0,5,0,0,1,10,3,1,-1,6,1,88,11,1242,8,7,SUZUKI BALENO,8,E01019101,0,1
2024131439742,2024,131439742,1,9,0,-1,4,6,2,-1,0,0,0,0,0,0,2,2,-1,9,2,43,7,998,1,8,SUZUKI BALENO,8,E01010574,0,1
2024320432719,2024,320432719,2,9,0,-1,-1,8,4,0,0,0,0,0,0,0,3,1,-1,-1,1,67,10,998,1,8,SUZUKI BALENO,-1,-1,0,-1
2024231411670,2024,231411670,2,9,0,-1,19,4,8,-1,0,8,0,0,0,0,2,9,-1,6,2,39,7,998,1,8,SUZUKI BALENO,5,E01009447,0,4
2024991443787,2024,991443787,1,9,0,-1,4,3,7,-1,0,1,0,0,0,0,2,1,-1,9,1,28,6,998,1,7,SUZUKI BALENO,4,-1,0,3
2024411452428,2024,411452428,2,9,0,-1,19,3,7,-1,0,0,0,0,0,0,1,1,-1,2,1,22,5,998,1,7,SUZUKI BALENO,4,E01023488,0,2
2024101461272,2024,101461272,1,9,0,-1,19,5,8,-1,0,1,0,0,0,0,3,1,-1,9,2,57,9,1462,8,1,SUZUKI SX4,4,E01008514,0,1
2024010543426,2024,010543426,1,9,0,2,2,0,0,9,9,0,0,0,0,0,4,1,6,6,3,-1,-1,1373,8,3,SUZUKI SX4,-1,-1,0,-1
2024010511377,2024,010511377,1,9,0,99,99,9,9,0,0,0,9,99,9,99,2,9,6,6,1,40,7,998,1,5,SUZUKI SX4,10,E01023444,0,4
2024131507753,2024,131507753,2,9,0,-1,2,0,0,-1,0,0,0,0,0,0,3,1,-1,6,-1,-1,-1,1586,1,11,SUZUKI SX4,-1,-1,0,-1
2024411548579,2024,411548579,1,9,0,-1,7,1,2,-1,0,8,0,0,0,0,1,1,-1,6,2,55,8,1586,1,13,SUZUKI SX4,8,E01023385,0,1
2024332400561,2024,332400561,1,9,0,-1,19,6,2,-1,0,0,0,0,1,0,1,1,-1,9,2,41,7,1586,1,8,SUZUKI SX4,4,E01025907,0,1
2024010514230,2024,010514230,1,9,0,3,3,1,5,0,0,1,0,0,0,0,2,1,6,6,1,61,9,1462,8,1,SUZUKI SX4,5,E01000516,0,3
2024161471911,2024,161471911,1,9,0,-1,9,3,7,-1,0,2,0,0,0,0,1,1,-1,9,2,57,9,1373,8,1,SUZUKI SX4,5,E01013329,0,1
2024610054224,2024,610054224,1,9,0,18,19,6,2,0,0,0,0,0,0,0,1,1,6,6,2,66,10,1373,1,8,SUZUKI SX4,10,W01001552,0,1
2024061513990,2024,061513990,2,9,0,-1,5,-1,-1,-1,0,6,0,0,3,0,3,1,-1,6,3,-1,-1,1590,1,14,SUZUKI SX4,-1,-1,0,-1
2024302400832,2024,302400832,2,9,0,18,19,4,8,0,0,1,0,0,0,0,1,1,6,6,2,37,7,1586,1,11,SUZUKI SX4,6,E01019774,0,1
2024631517254,2024,631517254,3,9,0,-1,4,2,6,-1,0,0,0,0,0,0,3,1,-1,9,2,39,7,1373,8,0,SUZUKI SX4,2,W01000588,0,1
2024101416108,2024,101416108,2,9,0,-1,10,2,6,-1,0,8,0,0,0,0,2,1,-1,6,1,35,6,1373,8,0,SUZUKI SX4,2,E01008430,0,2
2024010509198,2024,010509198,2,9,0,99,99,9,9,99,99,9,9,99,9,99,1,9,6,6,1,73,10,1462,8,1,SUZUKI SX4,7,E01003786,0,1
2024061447169,2024,061447169,2,9,0,-1,8,3,5,-1,0,0,0,0,0,0,2,1,-1,9,1,69,10,1586,1,16,SUZUKI SX4,3,E01005535,0,1
2024451400177,2024,451400177,1,9,0,-1,9,8,4,-1,0,0,0,0,0,0,1,1,-1,9,2,41,7,1373,8,1,SUZUKI SX4,8,E01030647,0,2
2024052400976,2024,052400976,3,9,0,18,19,1,5,0,0,0,0,0,0,0,1,1,6,6,2,54,8,1586,1,17,SUZUKI SX4,6,E01006891,0,1
2024010499623,2024,010499623,3,9,0,4,4,5,1,0,0,1,0,0,0,0,2,2,6,6,1,18,4,1462,8,0,SUZUKI SX4,6,E01000231,0,1
2024501435035,2024,501435035,1,9,0,-1,1,4,8,-1,0,1,0,0,0,0,2,9,-1,6,2,60,9,998,1,7,SUZUKI SX4,5,E01015076,0,1
2024131485454,2024,131485454,1,9,0,-1,19,1,5,-1,0,0,0,0,0,0,4,1,-1,9,2,76,11,1373,8,1,SUZUKI SX4,8,E01034588,0,4
2024041524873,2024,041524873,2,9,0,-1,19,1,5,-1,0,8,0,0,0,0,4,1,-1,9,1,33,6,1373,8,0,SUZUKI SX4,1,E01012672,0,1
202460Q015507,2024,60Q015507,2,9,0,18,19,6,2,0,0,1,0,0,1,0,3,1,6,6,1,30,6,1590,1,16,SUZUKI SX4,-1,-1,0,-1
2024440280314,2024,440280314,1,9,0,9,9,7,5,0,0,6,0,0,0,0,3,1,6,6,2,38,7,1586,1,13,SUZUKI SX4,2,E01022904,0,1
2024622400260,2024,622400260,2,9,0,16,19,7,3,0,0,8,0,0,0,0,1,1,6,6,1,17,4,1462,8,0,SUZUKI SX4,1,W01001698,0,1
2024201523924,2024,201523924,1,9,0,-1,4,5,7,-1,0,0,0,0,0,0,2,1,-1,2,1,40,7,1586,1,14,SUZUKI SX4,3,E01009071,0,2
2024631453686,2024,631453686,1,9,0,-1,19,2,6,-1,0,0,5,11,8,4,1,1,-1,9,2,18,4,1590,1,16,SUZUKI SX4,8,W01000481,0,1
202417M108824,2024,17M108824,1,9,0,-1,19,4,8,-1,0,8,0,0,0,0,1,1,-1,9,2,49,8,1373,8,0,SUZUKI SX4,1,E01012019,0,1
2024010495811,2024,010495811,1,9,0,99,99,9,9,99,99,9,9,99,9,99,9,9,6,6,1,20,4,1586,1,10,SUZUKI SX4,7,E01001269,0,1
2024161448319,2024,161448319,2,9,0,-1,19,5,2,-1,0,0,0,0,1,0,3,1,-1,6,2,53,8,1586,1,17,SUZUKI SX4,5,E01013236,0,2
2024471437219,2024,471437219,4,9,0,-1,2,0,0,-1,0,1,0,0,0,0,1,1,-1,6,-1,-1,-1,998,1,6,SUZUKI SX4,-1,-1,0,-1
2024201493547,2024,201493547,1,9,0,-1,9,3,2,-1,0,6,0,7,5,2,1,1,-1,9,1,19,4,1462,8,0,SUZUKI SX4,1,E01034943,0,1
2024010540416,2024,010540416,2,9,0,18,19,8,4,0,0,0,0,0,0,0,2,1,6,6,2,64,9,998,1,7,SUZUKI SX4,2,E01003553,0,1
2024501534594,2024,501534594,1,9,0,-1,19,3,7,-1,0,0,5,0,0,0,0,1,-1,9,1,75,10,1462,8,1,SUZUKI SX4,2,E01018751,0,2
2024991459600,2024,991459600,2,9,0,-1,13,7,3,-1,0,0,0,0,0,0,1,1,-1,2,2,55,8,1373,8,1,SUZUKI SX4,10,-1,0,1
2024461464153,2024,461464153,1,9,0,-1,19,4,1,-1,0,0,0,0,7,3,1,1,-1,9,1,82,11,1586,1,13,SUZUKI SX4,3,E01024539,0,1
2024010517483,2024,010517483,2,9,0,9,9,5,3,0,0,1,0,0,0,0,1,1,1,1,2,45,7,1462,8,2,SUZUKI SX4,3,E01034389,0,1
2024631449575,2024,631449575,1,9,0,-1,19,3,7,-1,0,0,0,0,1,3,1,1,-1,9,1,66,10,1586,1,12,SUZUKI SX4,6,W01000701,0,3
2024471467367,2024,471467367,3,9,0,-1,2,1,1,-1,0,0,0,0,0,0,1,1,-1,6,-1,-1,-1,1598,2,10,SUZUKI SX4,-1,-1,0,-1
2024161396133,2024,161396133,2,9,0,-1,19,8,4,-1,0,1,0,0,0,0,1,1,-1,9,1,84,11,1586,1,10,SUZUKI SX4,-1,-1,0,-1
2024311480591,2024,311480591,2,9,0,-1,19,3,3,-1,0,0,0,0,0,0,1,1,-1,6,1,64,9,998,1,6,SUZUKI SX4,1,E01019663,0,1
2024541797224,2024,541797224,2,9,0,3,3,4,8,0,0,3,0,0,0,0,2,1,6,6,1,51,8,1586,1,12,SUZUKI SX4,7,E01032708,0,1
2024991457298,2024,991457298,1,9,0,-1,9,1,6,-1,0,0,0,0,0,0,1,1,-1,2,1,22,5,1586,1,14,SUZUKI SX4,2,-1,0,2
2024351536325,2024,351536325,2,9,0,-1,19,7,3,-1,0,1,0,0,0,0,4,1,-1,9,1,64,9,1373,8,3,SUZUKI SX4,7,E01015678,0,3
2024501519611,2024,501519611,2,9,0,-1,9,3,1,-1,0,0,0,0,0,0,1,1,-1,9,2,54,8,1586,1,9,SUZUKI SX4,2,E01020277,0,1
2024622400459,2024,622400459,1,9,0,7,7,6,8,0,0,6,0,0,1,4,1,1,6,6,2,39,7,1462,8,1,SUZUKI SX4,4,W01001792,0,1
2024332400820,2024,332400820,2,9,0,-1,7,1,3,-1,0,6,0,0,0,0,0,1,-1,9,1,23,5,998,1,7,SUZUKI SX4,8,E01009535,0,4
2024061466116,2024,061466116,1,9,0,-1,19,7,3,-1,0,1,0,0,0,0,4,1,-1,6,1,56,9,1586,1,15,SUZUKI SX4,1,E01005342,0,1
2024471407390,2024,471407390,2,9,0,-1,2,0,0,-1,0,0,1,0,1,11,3,1,-1,6,-1,-1,-1,1586,1,10,SUZUKI SX4,-1,-1,0,-1
2024440555674,2024,440555674,2,9,0,16,19,3,7,0,0,8,0,0,0,0,3,1,6,6,2,33,6,1586,1,17,SUZUKI SX4,7,E01022724,0,1
2024421460504,2024,421460504,2,9,0,-1,19,7,3,-1,0,8,0,0,0,0,1,1,-1,9,2,49,8,1373,8,3,SUZUKI SX4,6,E01022053,0,1
2024440090712,2024,440090712,2,9,0,18,19,6,2,0,0,0,0,0,0,0,1,1,2,2,2,35,6,1586,1,9,SUZUKI SX4,10,E01032870,0,4
2024111528634,2024,111528634,1,9,0,-1,9,5,2,-1,0,1,0,0,0,0,3,1,-1,6,1,64,9,1462,8,1,SUZUKI SX4,-1,-1,0,-1
2024610033324,2024,610033324,2,9,0,18,19,1,5,0,0,0,0,0,0,0,1,1,6,6,1,64,9,1586,1,10,SUZUKI SX4,7,E01029251,0,4
2024991508758,2024,991508758,2,9,0,-1,4,6,2,-1,0,1,0,0,0,0,2,1,-1,6,1,85,11,1598,2,8,SUZUKI SX4,6,-1,0,4
2024031510615,2024,031510615,2,9,0,-1,4,3,5,-1,0,0,0,0,0,0,2,1,-1,6,1,69,10,1586,1,11,SUZUKI SX4,7,E01034072,0,2
2024471497916,2024,471497916,1,9,0,-1,19,5,1,-1,0,1,0,0,0,0,1,1,-1,9,2,44,7,1560,2,15,SUZUKI SX4,5,E01031628,0,3
2024461495750,2024,461495750,1,9,0,-1,9,6,2,-1,4,1,0,0,0,0,1,1,-1,9,1,72,10,1373,8,1,SUZUKI SX4,-1,-1,0,-1
2024471453553,2024,471453553,1,9,0,-1,19,1,5,-1,0,0,0,0,7,11,1,1,-1,6,2,63,9,1462,8,1,SUZUKI SX4,10,E01031635,0,2
202417L103624,2024,17L103624,2,9,0,-1,19,3,7,-1,0,0,0,0,0,0,1,1,-1,9,2,63,9,998,1,7,SUZUKI SX4,1,E01012099,0,2
2024411475959,2024,411475959,2,9,0,-1,19,7,3,-1,0,1,0,0,0,0,1,1,-1,1,2,42,7,1586,1,9,SUZUKI SX4,9,E01021795,0,2
2024440097126,2024,440097126,1,9,0,5,5,7,3,0,0,1,0,0,0,0,1,1,6,6,1,69,10,1373,8,1,SUZUKI SX4,3,E01022839,0,1
2024101457253,2024,101457253,1,9,0,-1,7,3,7,-1,0,8,0,0,0,0,1,1,-1,6,1,79,11,1462,8,0,SUZUKI SX4,8,E01008447,0,2
2024010531640,2024,010531640,2,9,0,99,99,9,9,99,99,9,9,99,9,99,1,9,6,6,3,-1,-1,1586,1,10,SUZUKI SX4,-1,-1,0,-1
2024471407780,2024,471407780,3,9,0,-1,19,1,5,-1,0,1,0,0,0,0,1,1,-1,9,1,31,6,1598,2,9,SUZUKI SX4,5,E01030862,0,4
2024991505181,2024,991505181,1,9,0,-1,9,1,8,-1,0,6,0,0,0,0,3,1,-1,2,1,61,9,1373,8,0,SUZUKI SX4,1,-1,0,3
2024501423717,2024,501423717,1,9,0,-1,19,7,1,-1,0,0,0,0,0,0,1,1,-1,2,2,20,4,1586,1,16,SUZUKI SX4,4,E01020081,0,4
2024010512481,2024,010512481,2,9,0,99,99,9,9,99,99,6,9,99,9,99,1,9,6,6,3,40,7,998,1,7,SUZUKI SX4,7,E01034154,0,1
2024302400581,2024,302400581,2,9,0,3,3,6,2,0,0,0,0,0,0,0,3,1,6,6,1,32,6,1586,1,10,SUZUKI SX4,7,E01019859,0,1
2024461440524,2024,461440524,1,9,5,-1,9,1,1,-1,0,6,5,10,0,0,4,1,-1,6,2,52,8,1373,8,1,SUZUKI SX4,4,E01024841,0,1
2024461397328,2024,461397328,1,9,0,-1,12,5,3,-1,0,1,0,0,0,0,4,1,-1,6,2,29,6,1373,8,1,SUZUKI SX4,-1,-1,0,-1
2024361545641,2024,361545641,1,9,0,-1,19,5,2,-1,0,2,0,0,0,0,4,1,-1,6,1,35,6,1586,1,17,SUZUKI SX4,8,E01026917,0,1
2024010547476,2024,010547476,2,9,9,99,99,9,9,99,99,9,9,99,9,99,9,9,6,6,2,72,10,1586,1,16,SUZUKI SX4,3,E01003135,0,1
2024991452964,2024,991452964,2,9,0,-1,19,6,2,-1,0,0,0,0,0,0,2,1,-1,6,2,45,7,1462,8,1,SUZUKI SX4,4,-1,0,4
2024131502976,2024,131502976,2,9,0,-1,2,0,0,-1,0,0,0,0,0,0,3,2,-1,6,-1,-1,-1,1586,1,10,SUZUKI SX4,-1,-1,0,-1
2024231518049,2024,231518049,1,9,0,-1,9,2,1,-1,0,6,0,0,0,0,3,1,-1,6,1,55,8,1586,1,16,SUZUKI SX4,9,E01031328,0,1
2024461481428,2024,461481428,1,9,0,-1,19,4,8,-1,0,2,1,0,0,0,1,1,-1,6,2,68,10,1586,1,10,SUZUKI SX4,5,E01021116,0,3
2024201531451,2024,201531451,1,9,0,-1,9,2,5,-1,0,8,0,0,0,0,1,1,-1,6,1,45,7,1373,8,0,SUZUKI SX4,-1,-1,0,-1
2024041431558,2024,041431558,9,9,0,-1,2,6,2,-1,0,2,0,0,0,0,0,9,-1,6,-1,-1,-1,1586,1,13,SUZUKI SX4,-1,-1,0,-1
2024041492211,2024,041492211,2,9,0,-1,9,3,1,-1,0,6,0,0,0,0,1,1,-1,9,1,56,9,1586,1,10,SUZUKI SX4,7,E01012718,0,1
2024631507676,2024,631507676,3,9,0,-1,8,2,4,-1,0,8,0,0,0,0,1,1,-1,9,1,77,11,998,1,5,SUZUKI SX4,7,E01010887,0,5
2024061407630,2024,061407630,1,9,0,-1,8,7,1,-1,0,6,0,0,0,0,1,1,-1,9,1,80,11,1590,1,14,SUZUKI SX4,-1,-1,0,-1
2024131520243,2024,131520243,1,9,0,-1,9,1,3,-1,0,8,0,0,0,0,3,1,-1,9,1,32,6,1586,1,13,SUZUKI SX4,-1,-1,0,-1
2024061445828,2024,061445828,1,9,0,-1,9,5,3,-1,0,8,0,0,0,0,4,1,-1,6,1,31,6,1462,8,1,SUZUKI SX4,2,E01005915,0,1
2024052401237,2024,052401237,1,9,0,9,9,5,3,0,0,2,0,0,0,0,1,1,6,6,1,35,6,1586,1,18,SUZUKI SX4,1,E01007303,0,1
2024471498676,2024,471498676,2,9,0,-1,19,1,5,-1,0,8,0,0,0,0,1,1,-1,9,1,71,10,1586,1,12,SUZUKI SX4,9,E01031504,0,3
2024991395611,2024,991395611,1,9,0,-1,19,1,5,-1,0,0,0,0,0,0,1,1,-1,9,1,40,7,1586,1,17,SUZUKI SX4,-1,-1,0,-1
2024471397312,2024,471397312,1,9,0,-1,9,6,4,-1,0,8,0,0,0,0,1,1,-1,9,2,73,10,1586,1,11,SUZUKI SX4,10,E01031592,0,1
2024545456724,2024,545456724,1,9,0,18,19,7,3,0,0,0,0,0,0,0,1,1,6,6,1,78,11,1373,1,5,SUZUKI SX4,9,E01031973,0,1
2024501486193,2024,501486193,1,9,0,-1,5,2,6,-1,0,0,0,0,0,0,1,1,-1,6,1,82,11,998,1,7,SUZUKI SX4,7,E01020080,0,1
2024221455672,2024,221455672,2,9,0,-1,19,3,7,-1,0,1,1,10,2,0,1,1,-1,1,2,39,7,1586,1,16,SUZUKI SX4,4,E01014192,0,1
2024451432250,2024,451432250,2,9,0,-1,1,1,5,-1,-1,0,0,10,0,0,2,1,-1,6,3,50,8,1586,1,10,SUZUKI SX4,-1,-1,0,-1
2024201427056,2024,201427056,1,9,0,-1,19,7,3,-1,0,8,0,0,0,0,1,9,-1,6,1,29,6,1373,8,1,SUZUKI SX4,-1,-1,0,-1
2024131535180,2024,131535180,2,9,0,-1,9,4,8,-1,0,0,0,0,0,0,3,1,-1,6,1,54,8,1373,8,0,SUZUKI SX4,2,E01011224,0,1
2024631530868,2024,631530868,2,9,0,-1,19,8,4,-1,0,0,0,0,0,0,1,1,-1,9,2,62,9,1373,8,1,SUZUKI SX4,1,W01000896,0,4
2024221503013,2024,221503013,1,9,0,-1,19,2,6,-1,0,0,2,0,8,10,3,1,-1,9,2,25,5,1586,1,17,SUZUKI SX4,7,E01013998,0,1
2024010528580,2024,010528580,2,9,0,4,4,7,3,0,0,8,0,0,0,0,2,2,6,6,2,54,8,1373,8,3,SUZUKI SX4,-1,-1,0,-1
2024631495038,2024,631495038,1,9,0,-1,19,2,6,-1,0,0,0,0,0,0,1,1,-1,1,1,44,7,1586,1,15,SUZUKI SX4,7,W01000428,0,3
2024031502972,2024,031502972,1,9,0,-1,19,7,3,-1,0,1,0,0,0,0,1,2,-1,2,2,55,8,1956,2,12,SUZUKI SX4,1,E01019095,0,2
2024522500093,2024,522500093,2,9,0,9,9,6,4,0,0,8,0,0,0,0,4,1,6,6,1,76,11,1586,1,8,SUZUKI SX4,10,E01014793,0,2