collision_index,collision_year,collision_ref_no,vehicle_reference,vehicle_type,towing_and_articulation,vehicle_manoeuvre_historic,vehicle_manoeuvre,vehicle_direction_from,vehicle_direction_to,vehicle_location_restricted_lane_historic,vehicle_location_restricted_lane,junction_location,skidding_and_overturning,hit_object_in_carriageway,vehicle_leaving_carriageway,hit_object_off_carriageway,first_point_of_impact,vehicle_left_hand_drive,journey_purpose_of_driver_historic,journey_purpose_of_driver,sex_of_driver,age_of_driver,age_band_of_driver,engine_capacity_cc,propulsion_code,age_of_vehicle,generic_make_model,driver_imd_decile,lsoa_of_driver,escooter_flag,driver_distance_banding
2024522403278,2024,522403278,2,9,0,12,12,4,8,0,0,1,0,0,0,0,3,1,1,1,1,-1,-1,1586,1,11,SUZUKI SX4,-1,-1,0,-1
2024451482396,2024,451482396,1,9,0,-1,7,3,7,-1,0,0,0,0,1,10,1,1,-1,9,2,61,9,1490,1,15,SUZUKI SX4,10,E01030395,0,1
2024131474670,2024,131474670,2,9,0,-1,9,5,1,-1,0,7,0,7,0,0,1,1,-1,6,1,51,8,1462,8,0,SUZUKI SX4,6,E01011548,0,2
2024520002124,2024,520002124,1,9,0,18,19,9,9,0,0,0,0,0,0,0,4,1,6,6,3,-1,-1,998,1,8,SUZUKI SX4,-1,-1,0,-1
2024041522973,2024,041522973,3,9,0,-1,2,0,0,-1,0,0,0,0,0,0,2,1,-1,6,-1,-1,-1,998,1,5,SUZUKI SX4,-1,-1,0,-1
2024340NN4672,2024,340NN4672,2,9,0,-1,19,5,1,-1,0,8,1,0,0,0,1,1,-1,9,1,72,10,1373,8,2,SUZUKI SX4,6,E01019882,0,4
2024031445200,2024,031445200,1,9,0,-1,19,4,8,-1,0,0,5,0,1,0,1,1,-1,9,2,77,11,1586,1,9,SUZUKI SX4,6,E01019356,0,4
2024471536595,2024,471536595,1,9,0,-1,19,8,4,-1,0,0,0,0,0,0,1,1,-1,9,1,80,11,1586,1,9,SUZUKI SX4,8,E01020963,0,1
2024991407032,2024,991407032,2,9,0,-1,19,5,1,-1,0,8,1,0,7,11,1,1,-1,9,1,18,4,1586,1,17,SUZUKI SX4,1,-1,0,1
2024231489628,2024,231489628,1,9,0,-1,19,7,2,-1,0,8,0,0,0,0,1,1,-1,6,2,42,7,1373,8,0,SUZUKI SX4,6,E01031199,0,1
2024302400632,2024,302400632,1,9,0,18,19,5,1,0,0,0,0,4,0,0,1,1,6,6,2,75,10,1373,8,3,SUZUKI SX4,8,E01019714,0,1
2024070657239,2024,070657239,2,9,0,18,19,1,5,0,0,6,0,0,0,0,1,1,6,6,2,40,7,1373,8,1,SUZUKI SX4,2,E01033300,0,1
2024010534034,2024,010534034,2,9,0,99,99,9,9,99,99,9,9,99,9,99,9,9,6,6,2,36,7,998,1,6,SUZUKI SX4,4,E01003731,0,1
2024010538360,2024,010538360,1,9,0,99,99,9,9,99,99,9,9,99,9,99,9,9,6,6,1,62,9,1462,8,0,SUZUKI SX4,2,E01003984,0,2
2024131524047,2024,131524047,2,9,0,-1,9,3,6,-1,0,4,0,0,0,0,0,1,-1,9,2,53,8,1373,8,2,SUZUKI SX4,2,E01010716,0,1
2024031476056,2024,031476056,1,9,0,-1,19,4,7,-1,0,0,5,0,7,4,4,1,-1,9,1,31,6,1586,1,14,SUZUKI SX4,3,-1,0,4
2024531425737,2024,531425737,1,9,0,-1,19,3,7,-1,0,0,0,0,0,0,1,1,-1,9,1,81,11,1373,1,4,SUZUKI SX4,5,E01022344,0,1
2024622400101,2024,622400101,1,9,0,18,19,4,8,0,0,0,0,0,0,0,1,1,6,6,2,26,6,1373,8,1,SUZUKI SX4,4,W01000948,0,2
2024471454452,2024,471454452,1,9,0,-1,19,5,1,-1,0,0,0,0,0,0,4,1,-1,9,2,54,8,1373,8,1,SUZUKI SX4,3,E01021062,0,1
2024501429527,2024,501429527,2,9,0,-1,10,7,3,-1,0,8,0,0,0,0,2,9,-1,1,1,31,6,1586,1,8,SUZUKI SX4,2,E01034630,0,1
2024070836801,2024,070836801,2,9,5,-1,19,1,5,-1,0,0,0,0,0,0,2,1,-1,9,2,63,9,1373,8,0,SUZUKI SX4,2,E01006866,0,2
2024131499750,2024,131499750,5,9,0,-1,2,0,0,-1,0,0,0,0,0,0,1,1,-1,6,-1,-1,-1,1586,1,17,SUZUKI SX4,-1,-1,0,-1
2024052402322,2024,052402322,1,9,0,5,5,1,5,0,0,2,0,0,0,0,1,1,6,6,2,30,6,998,1,6,SUZUKI SX4,1,E01006757,0,1
2024401432922,2024,401432922,1,9,0,-1,-1,-1,-1,-1,-1,-1,-1,-1,-1,0,-1,9,-1,6,1,68,10,1373,8,4,SUZUKI SX4,8,E01034434,0,2
2024111437247,2024,111437247,2,9,0,-1,19,1,4,-1,0,4,0,0,0,0,2,1,-1,6,2,49,8,1373,8,1,SUZUKI SX4,3,E01008222,0,1
2024131515667,2024,131515667,1,9,0,-1,5,1,7,-1,0,8,0,0,0,0,1,1,-1,6,2,-1,-1,1462,8,0,SUZUKI SX4,-1,-1,0,-1
2024440272694,2024,440272694,1,9,0,10,10,7,5,0,0,1,0,0,0,0,2,1,6,6,1,41,7,1373,8,1,SUZUKI SX4,-1,-1,0,-1
2024122400935,2024,122400935,1,9,0,9,9,2,8,0,0,6,0,0,0,0,3,1,6,6,1,61,9,1373,8,1,SUZUKI SX4,5,E01027773,0,4
2024221463403,2024,221463403,2,9,0,-1,19,8,4,-1,0,3,0,0,0,0,4,9,-1,6,2,43,7,1586,1,11,SUZUKI SX4,7,E01022165,0,3
2024421458699,2024,421458699,1,9,0,-1,9,5,2,-1,0,5,0,0,0,0,1,1,-1,6,2,71,10,998,1,6,SUZUKI SX4,5,E01003724,0,1
2024010530936,2024,010530936,2,9,0,2,2,0,0,0,0,2,1,10,0,0,2,1,6,6,3,-1,-1,1586,1,13,SUZUKI SX4,-1,-1,0,-1
2024221486583,2024,221486583,1,9,0,-1,19,3,7,-1,0,0,0,0,0,0,1,1,-1,9,1,43,7,1586,1,10,SUZUKI SX4,7,E01032327,0,1
2024461466149,2024,461466149,1,9,0,-1,9,2,6,-1,0,1,0,0,0,0,1,1,-1,6,1,79,11,1586,1,16,SUZUKI SX4,5,E01024054,0,2
2024010504240,2024,010504240,2,9,0,10,10,6,4,0,0,0,0,0,0,0,3,1,6,6,1,57,9,1373,8,1,SUZUKI SX4,-1,-1,0,-1
2024471507990,2024,471507990,1,9,0,-1,19,1,5,-1,0,8,0,0,0,0,3,2,-1,9,2,55,8,1586,1,10,SUZUKI SX4,3,E01020937,0,1
2024540156624,2024,540156624,1,9,0,18,19,7,3,0,0,4,0,0,0,0,1,1,6,6,3,-1,-1,1586,1,8,SUZUKI SX4,-1,-1,0,-1
2024231482227,2024,231482227,1,9,0,-1,19,1,5,-1,0,0,5,4,7,0,1,1,-1,6,2,79,11,1586,1,8,SUZUKI SX4,6,E01027030,0,2
2024101507947,2024,101507947,1,9,0,-1,2,1,5,-1,0,0,0,0,0,0,3,1,-1,9,1,57,9,1373,8,1,SUZUKI SX4,8,E01008870,0,1
2024421490560,2024,421490560,2,9,0,-1,7,6,8,-1,0,8,2,0,1,10,1,1,-1,6,3,-1,-1,1373,8,0,SUZUKI SX4,-1,-1,0,-1
2024520402000,2024,520402000,2,9,0,18,19,1,5,0,0,1,0,0,0,0,1,1,6,6,1,69,10,1373,8,4,SUZUKI SX4,4,E01032101,0,4
2024531447741,2024,531447741,2,9,0,-1,19,3,7,-1,0,1,0,0,0,0,1,1,-1,2,1,56,9,1373,1,5,SUZUKI SX4,5,E01010115,0,4
2024371507451,2024,371507451,2,9,0,-1,19,4,8,-1,0,1,0,0,0,0,3,1,-1,1,1,60,9,1586,1,11,SUZUKI SX4,4,E01029960,0,1
2024041530255,2024,041530255,1,9,0,-1,19,5,1,-1,0,0,0,0,1,0,3,1,-1,6,1,38,7,1586,1,16,SUZUKI SX4,2,E01025581,0,1
2024501476760,2024,501476760,1,9,0,-1,19,1,5,-1,0,0,0,0,0,0,1,9,-1,9,2,44,7,1373,1,7,SUZUKI SX4,5,E01020050,0,2
2024541058824,2024,541058824,2,9,0,16,19,5,1,0,0,0,0,0,1,0,1,1,6,6,1,36,7,1586,1,14,SUZUKI SX4,9,E01032047,0,1
2024161451042,2024,161451042,1,9,0,-1,5,1,3,-1,0,0,0,0,7,11,1,1,-1,6,1,64,9,1373,8,0,SUZUKI SX4,7,E01012987,0,1
2024531499412,2024,531499412,1,9,0,-1,19,1,5,-1,0,0,2,0,0,0,1,9,-1,6,1,65,9,1462,8,0,SUZUKI SX4,9,E01029159,0,5
2024411447235,2024,411447235,1,9,0,-1,19,8,4,-1,0,4,1,0,0,0,1,9,-1,6,2,70,10,1586,1,9,SUZUKI SX4,5,E01023331,0,2
2024631458412,2024,631458412,1,9,0,-1,9,2,8,-1,0,6,0,0,0,0,1,1,-1,9,2,57,9,1373,8,2,SUZUKI SX4,6,W01000459,0,2
2024548094724,2024,548094724,1,9,0,1,1,7,3,0,0,1,0,0,0,0,2,1,6,6,1,69,10,1373,1,5,SUZUKI SX4,7,E01032121,0,4
2024461505352,2024,461505352,1,9,0,-1,3,3,7,-1,0,0,0,0,0,0,2,1,-1,1,1,29,6,1462,8,0,SUZUKI SX4,-1,-1,0,-1
2024451456602,2024,451456602,1,9,0,-1,9,7,3,-1,0,1,0,0,0,0,4,9,-1,6,2,40,7,1586,1,12,SUZUKI SX4,4,E01030664,0,2
2024401519393,2024,401519393,1,9,0,-1,10,4,8,-1,0,1,0,0,0,0,4,1,-1,2,2,34,6,2198,1,22,-1,2,E01015735,0,1
2024201466452,2024,201466452,1,9,0,-1,9,6,4,-1,0,5,0,0,0,0,1,1,-1,9,1,85,11,2198,1,21,-1,9,E01029672,0,1
2024361434426,2024,361434426,2,9,0,-1,9,3,7,-1,0,3,0,0,0,0,3,1,-1,9,2,55,8,1984,2,13,VOLVO S40,8,E01026849,0,1
2024031440887,2024,031440887,1,9,0,-1,15,6,2,-1,0,0,0,0,0,0,1,1,-1,6,1,85,11,1560,2,14,VOLVO S40,-1,-1,0,-1
2024461466259,2024,461466259,1,9,0,-1,1,-1,-1,-1,0,0,0,0,0,0,2,9,-1,6,1,-1,-1,1596,1,16,VOLVO S40,5,E01023992,0,1
2024061423793,2024,061423793,1,9,0,-1,13,4,8,-1,0,1,1,0,0,0,1,1,-1,6,1,-1,-1,1998,2,16,VOLVO S40,-1,-1,0,-1
2024052401656,2024,052401656,1,9,0,18,19,5,1,0,0,0,0,0,0,0,4,1,6,6,1,49,8,1560,2,13,VOLVO S40,4,E01010468,0,5
2024340WN2462,2024,340WN2462,3,9,0,-1,9,8,6,-1,0,5,0,0,0,0,0,1,-1,9,1,29,6,2400,2,16,VOLVO S40,10,E01035405,0,2
2024548670924,2024,548670924,1,9,0,12,12,8,4,0,0,4,0,0,0,0,3,1,6,6,1,64,9,1998,2,16,VOLVO S40,3,E01032118,0,2
2024440099600,2024,440099600,1,9,0,5,5,5,1,0,0,6,0,0,0,0,3,1,2,2,1,64,9,1948,1,24,VOLVO S40,2,E01022819,0,2
2024221486208,2024,221486208,1,9,0,-1,19,3,8,-1,0,0,0,0,1,4,1,9,-1,9,2,79,11,1998,2,16,VOLVO S40,4,E01028893,0,1
2024131489480,2024,131489480,2,9,0,-1,4,4,8,-1,0,1,0,0,0,0,2,1,-1,9,1,43,7,1560,2,14,VOLVO S40,3,E01033900,0,2
2024201501461,2024,201501461,1,9,0,-1,19,3,7,-1,0,6,0,0,0,0,1,9,-1,1,1,33,6,1999,1,14,VOLVO S40,2,E01009609,0,1
2024111511343,2024,111511343,1,9,-1,-1,19,6,2,-1,0,0,0,0,0,0,1,9,-1,6,3,-1,-1,1596,1,18,VOLVO S40,10,E01012361,0,1
2024371406765,2024,371406765,1,9,0,-1,19,2,8,-1,0,8,0,0,0,0,3,1,-1,6,1,51,8,1560,2,11,VOLVO S40,5,E01029884,0,2
202417L103424,2024,17L103424,2,9,0,-1,19,1,4,-1,0,8,0,0,0,0,1,1,-1,9,1,40,7,1997,2,19,VOLVO S40,1,E01032561,0,2
2024231493527,2024,231493527,1,9,0,-1,19,5,1,-1,0,0,0,0,0,0,1,1,-1,9,1,50,8,1560,2,15,VOLVO S40,3,E01031264,0,1
2024131396531,2024,131396531,1,9,0,-1,19,3,7,-1,0,0,5,0,1,7,1,1,-1,9,1,61,9,1596,1,19,VOLVO S40,4,E01006012,0,4
2024340NN1872,2024,340NN1872,2,9,0,-1,19,6,2,-1,0,1,0,0,0,0,1,1,-1,9,1,26,6,1984,2,13,VOLVO S40,4,E01015622,0,3
2024340WN5702,2024,340WN5702,1,9,0,-1,7,1,3,-1,0,8,0,7,0,10,1,1,-1,6,1,51,8,1560,2,13,VOLVO S40,3,E01027152,0,1
2024041483630,2024,041483630,1,9,0,-1,9,5,1,-1,0,0,0,0,0,0,1,1,-1,2,1,41,7,1870,2,23,VOLVO S40,1,E01024925,0,4
2024440456896,2024,440456896,1,9,0,4,4,5,1,0,0,3,0,0,0,0,2,1,6,6,2,31,6,1560,2,13,VOLVO S40,5,E01035459,0,1
2024211422587,2024,211422587,2,9,0,-1,19,4,8,-1,0,2,0,0,0,0,3,1,-1,9,1,61,9,1998,2,16,VOLVO S40,-1,-1,0,-1
2024351452515,2024,351452515,2,9,0,-1,4,5,1,-1,0,0,0,0,0,0,1,1,-1,6,1,29,6,1783,1,20,VOLVO S40,9,E01018172,0,4
2024501523499,2024,501523499,1,9,0,-1,19,2,6,-1,0,0,0,0,8,7,1,1,-1,6,1,30,6,1834,1,22,VOLVO S40,2,E01034162,0,4
2024131531093,2024,131531093,2,9,0,-1,19,5,1,-1,0,1,0,0,0,0,1,1,-1,9,1,79,11,1798,1,17,VOLVO S40,6,E01011636,0,1
2024010510945,2024,010510945,1,9,0,4,4,7,3,0,0,1,0,0,0,0,1,1,3,7,2,30,6,1999,1,16,VOLVO S40,3,E01002634,0,1
2024201403478,2024,201403478,1,9,0,-1,19,3,7,-1,0,3,0,0,0,0,4,9,-1,9,2,40,7,1560,2,12,VOLVO S40,-1,-1,0,-1
2024010547757,2024,010547757,1,9,0,6,6,5,5,0,0,2,0,0,0,0,1,1,6,6,1,31,6,1999,1,12,VOLVO S40,-1,-1,0,-1
2024461451393,2024,461451393,1,9,0,-1,9,8,4,-1,0,8,0,0,0,0,3,1,-1,6,1,47,8,2521,1,15,VOLVO S40,1,E01024193,0,1
2024141448884,2024,141448884,3,9,0,-1,19,5,1,-1,0,0,0,0,0,0,1,1,-1,2,1,26,6,1596,1,16,VOLVO S40,3,E01007513,0,3
2024501477144,2024,501477144,1,9,0,-1,19,7,3,-1,0,2,0,0,3,0,1,1,-1,6,2,89,11,1984,2,13,VOLVO S40,4,E01034852,0,1
2024061443636,2024,061443636,2,9,-1,-1,-1,-1,-1,-1,-1,-1,-1,-1,-1,0,-1,9,-1,6,1,-1,-1,1998,2,17,VOLVO S40,9,E01005549,0,1
2024041453190,2024,041453190,1,9,0,-1,19,5,1,-1,0,2,0,0,0,0,1,1,-1,9,1,63,9,1798,1,19,VOLVO S40,1,E01012739,0,1
2024041429768,2024,041429768,1,9,0,-1,5,7,1,-1,0,6,0,0,0,0,1,1,-1,9,1,35,6,1984,2,13,VOLVO S40,2,E01024904,0,1
2024071046448,2024,071046448,1,9,0,-1,10,3,7,-1,0,1,0,0,0,0,1,1,-1,6,2,30,6,1560,2,14,VOLVO S40,1,E01018520,0,1
2024461445526,2024,461445526,1,9,0,-1,19,1,4,-1,0,8,0,0,0,0,1,9,-1,6,-1,-1,-1,1560,2,12,VOLVO S40,4,E01024293,0,1
2024101416384,2024,101416384,3,9,0,-1,10,3,7,-1,0,0,0,0,0,0,2,1,-1,9,1,57,9,1999,1,14,VOLVO S40,1,E01027393,0,1
2024991397880,2024,991397880,2,9,0,-1,3,4,1,-1,0,1,0,0,0,0,1,1,-1,9,2,24,5,1560,2,14,VOLVO S40,3,-1,0,3
2024411407564,2024,411407564,2,9,0,-1,4,8,4,-1,0,0,0,0,4,0,2,1,-1,1,1,49,8,1798,1,17,VOLVO S40,10,E01030326,0,4
2024211444513,2024,211444513,1,9,0,-1,19,8,4,-1,0,1,0,0,0,0,1,1,-1,9,2,75,10,1560,2,14,VOLVO S40,2,E01014329,0,1
2024041452205,2024,041452205,2,9,0,-1,19,-1,-1,-1,0,0,0,0,0,0,-1,9,-1,6,3,-1,-1,1560,2,13,VOLVO S40,-1,-1,0,-1
2024320582323,2024,320582323,1,9,0,-1,-1,7,4,0,0,0,1,0,1,1,1,1,6,6,1,48,8,1798,1,16,VOLVO S40,2,E01019483,0,4
2024061409739,2024,061409739,2,9,0,-1,19,-1,-1,-1,0,0,0,0,0,0,4,9,-1,9,1,19,4,1998,2,16,VOLVO S40,1,E01005219,0,1
2024542784424,2024,542784424,1,9,0,18,19,3,7,0,0,0,0,0,1,4,1,1,6,6,1,66,10,1560,2,15,VOLVO S40,6,E01028523,0,4
2024161437894,2024,161437894,1,9,0,-1,5,5,1,-1,0,8,0,0,0,0,1,1,-1,6,1,36,7,1596,1,17,VOLVO S40,6,E01013270,0,2
2024461400143,2024,461400143,1,9,0,-1,19,2,5,-1,0,0,5,4,0,0,1,9,-1,7,2,38,7,1560,2,12,VOLVO S40,8,E01024237,0,1
2024302400770,2024,302400770,1,9,0,7,7,5,7,0,0,6,0,0,0,0,1,1,6,6,3,-1,-1,1587,1,21,VOLVO S40,5,E01019456,0,3
2024411403961,2024,411403961,1,9,-1,-1,-1,-1,-1,-1,-1,0,-1,-1,-1,0,-1,9,-1,6,2,36,7,1798,1,15,VOLVO S40,10,E01023820,0,1
2024131483422,2024,131483422,2,9,0,-1,9,8,6,-1,0,8,0,0,0,0,4,1,-1,9,1,27,6,1596,1,15,VOLVO S40,2,E01010778,0,1
2024041514654,2024,041514654,1,9,0,-1,19,3,7,-1,0,0,0,0,0,0,4,1,-1,9,1,50,8,1596,1,18,VOLVO S40,1,E01006950,0,2
2024520401615,2024,520401615,1,9,0,4,4,5,1,0,0,0,0,0,0,0,2,1,6,6,1,74,10,1798,1,16,VOLVO S40,4,E01029179,0,1
2024411440656,2024,411440656,1,9,0,-1,19,3,7,-1,0,0,0,0,0,0,1,1,-1,6,1,29,6,1783,1,20,VOLVO S40,3,E01003625,0,4
2024440484558,2024,440484558,1,9,0,18,19,7,3,0,0,0,0,0,0,0,4,1,6,6,1,35,6,1560,2,15,VOLVO S40,10,E01023239,0,4
2024401422676,2024,401422676,1,9,0,-1,5,0,6,-1,0,0,0,0,7,0,1,1,-1,9,1,70,10,1870,2,22,VOLVO S40,9,E01033821,0,1
2024122400437,2024,122400437,5,9,0,17,19,5,2,0,0,0,0,0,0,0,0,1,1,1,1,59,9,1560,2,12,VOLVO S40,3,E01027810,0,4
2024131520282,2024,131520282,3,9,0,-1,2,0,0,-1,9,8,0,0,0,0,3,1,-1,6,-1,-1,-1,1596,1,16,VOLVO S40,-1,-1,0,-1
2024622400017,2024,622400017,2,9,0,18,19,6,2,0,0,0,0,0,0,0,1,1,6,6,1,32,6,1984,1,22,VOLVO S60,10,W01001072,0,2
2024421410825,2024,421410825,1,9,0,-1,1,7,2,-1,0,6,0,0,0,0,2,1,-1,9,1,60,9,1984,2,11,VOLVO S60,2,E01022039,0,1
2024332400717,2024,332400717,5,9,0,-1,2,0,0,-1,0,0,0,0,0,0,1,1,-1,6,3,-1,-1,1969,2,7,VOLVO S60,-1,-1,0,-1
2024122401180,2024,122401180,1,9,0,18,19,7,3,0,0,0,0,0,0,0,1,1,6,6,1,19,4,1984,1,24,VOLVO S60,2,E01027850,0,1
2024061446236,2024,061446236,2,9,0,-1,9,-1,-1,-1,0,0,0,0,0,0,1,1,-1,6,3,-1,-1,1969,2,8,VOLVO S60,1,E01005070,0,1
2024131431950,2024,131431950,1,9,0,-1,15,3,8,-1,0,0,0,10,0,0,1,1,-1,6,1,34,6,1969,8,4,VOLVO S60,3,E01013394,0,4
2024231499130,2024,231499130,2,9,0,-1,9,4,1,-1,0,1,0,0,0,0,4,2,-1,9,1,36,7,1969,2,9,VOLVO S60,7,E01035026,0,1
2024411503304,2024,411503304,1,9,0,-1,19,3,7,-1,0,2,0,0,0,0,1,1,-1,6,1,59,9,1969,2,7,VOLVO S60,5,E01023533,0,1
2024131413719,2024,131413719,2,9,0,-1,2,0,0,-1,0,1,0,0,0,0,3,1,-1,9,1,39,7,1969,2,9,VOLVO S60,1,E01011312,0,1
2024320086576,2024,320086576,2,9,0,-1,-1,6,2,0,0,0,0,0,0,0,1,1,-1,-1,1,36,7,2401,2,20,VOLVO S60,3,E01026183,0,4
2024361440913,2024,361440913,1,9,0,-1,19,4,2,-1,0,0,0,0,0,0,1,1,-1,2,2,33,6,1984,1,22,VOLVO S60,8,E01026929,0,3
2024421419131,2024,421419131,1,9,0,-1,9,3,1,-1,0,1,0,0,0,0,1,1,-1,9,1,50,8,1969,2,10,VOLVO S60,4,E01015873,0,1
2024061495551,2024,061495551,1,9,0,-1,7,4,6,-1,0,5,0,0,0,0,4,1,-1,1,1,26,6,1969,8,3,VOLVO S60,2,E01005950,0,2
2024041450426,2024,041450426,2,9,0,-1,19,5,1,-1,0,0,0,0,0,0,2,1,-1,9,2,38,7,1984,2,10,VOLVO S60,9,E01025281,0,3
2024010539447,2024,010539447,2,9,0,99,99,9,9,99,99,9,9,99,9,99,1,9,6,6,3,-1,-1,1969,2,8,VOLVO S60,-1,-1,0,-1
2024010526332,2024,010526332,1,9,0,18,19,7,3,0,0,4,0,0,0,0,1,1,2,2,1,64,9,1969,1,4,VOLVO S60,6,E01000265,0,4
202454C067724,2024,54C067724,1,9,0,1,1,7,3,0,0,1,0,0,0,0,2,1,6,6,3,-1,-1,1984,1,21,VOLVO S60,-1,-1,0,-1
2024311395316,2024,311395316,5,9,0,-1,13,1,5,-1,0,0,0,0,1,0,1,1,-1,1,1,-1,-1,1969,1,5,VOLVO S60,-1,-1,0,-1
2024041413453,2024,041413453,2,9,0,-1,19,3,7,-1,0,0,0,0,0,0,2,1,-1,2,1,52,8,2401,2,20,VOLVO S60,4,E01012713,0,1
202417S204024,2024,17S204024,2,9,0,4,4,4,8,0,0,0,0,0,0,0,2,1,2,2,1,58,9,2401,2,20,VOLVO S60,1,E01011962,0,2
2024131463699,2024,131463699,1,9,0,-1,2,7,3,-1,0,0,0,0,0,0,3,1,-1,6,1,48,8,2401,2,19,VOLVO S60,3,E01011154,0,1
2024471522446,2024,471522446,2,9,0,-1,19,7,3,-1,0,0,0,0,0,0,3,1,-1,9,1,33,6,1969,2,8,VOLVO S60,5,E01021074,0,3
2024531515798,2024,531515798,1,9,0,-1,9,3,1,-1,0,6,0,0,0,0,3,1,-1,2,2,30,6,1984,2,11,VOLVO S60,6,E01034815,0,1
2024622400822,2024,622400822,3,9,0,18,19,4,8,0,0,0,0,0,0,0,1,1,6,6,2,38,7,2401,2,17,VOLVO S60,5,W01001718,0,2
2024041530606,2024,041530606,2,9,0,-1,4,1,5,-1,0,3,0,0,0,0,1,2,-1,6,2,33,6,2400,2,13,VOLVO S60,3,E01025407,0,1
2024501483393,2024,501483393,5,9,0,-1,2,0,0,-1,0,0,0,0,0,0,2,1,-1,6,-1,-1,-1,1984,1,22,VOLVO S60,-1,-1,0,-1
2024471461319,2024,471461319,2,9,0,-1,2,0,0,-1,0,2,0,0,0,0,3,1,-1,6,1,-1,-1,1560,2,13,VOLVO S60,2,E01020990,0,1
2024421476438,2024,421476438,2,9,0,-1,19,-1,-1,-1,0,0,0,0,0,0,3,1,-1,2,1,57,9,1984,1,20,VOLVO S60,5,E01021778,0,1
2024461406048,2024,461406048,1,9,0,-1,19,1,5,-1,0,2,0,0,0,0,1,1,-1,6,1,45,7,1969,8,4,VOLVO S60,7,E01016119,0,1
2024991473707,2024,991473707,3,9,0,-1,19,3,7,-1,0,0,0,0,0,0,1,1,-1,9,1,33,6,1560,2,12,VOLVO S60,1,-1,0,3
2024440550274,2024,440550274,2,9,0,18,19,7,3,0,0,1,0,0,0,0,1,1,6,6,1,41,7,1560,2,12,VOLVO S60,8,E01017057,0,1
2024622400220,2024,622400220,1,9,0,7,7,6,8,0,0,3,1,0,1,0,1,1,6,6,1,35,6,2401,2,22,VOLVO S60,3,W01001805,0,1
2024131512858,2024,131512858,2,9,0,-1,19,1,1,-1,0,1,1,0,3,1,1,1,-1,6,-1,-1,-1,1560,2,11,VOLVO S60,-1,-1,0,-1
2024122500541,2024,122500541,3,9,0,18,19,8,4,0,0,0,0,0,0,0,1,1,6,6,1,76,11,2400,2,11,VOLVO S60,5,E01025320,0,4
2024631476933,2024,631476933,1,9,0,-1,4,4,8,-1,0,0,0,0,0,0,2,1,-1,6,2,43,7,1984,2,12,VOLVO S60,1,W01000708,0,1
2024451494593,2024,451494593,1,9,0,-1,19,6,2,-1,0,0,0,0,5,10,3,1,-1,9,1,73,10,1969,2,10,VOLVO S60,10,E01030939,0,2
2024991399564,2024,991399564,1,9,0,-1,19,8,5,-1,0,0,0,0,0,0,1,1,-1,9,1,49,8,1969,1,5,VOLVO S60,6,-1,0,1
2024311462378,2024,311462378,2,9,0,-1,4,8,4,-1,0,1,0,0,0,0,4,1,-1,9,1,53,8,1969,2,7,VOLVO S60,5,E01027970,0,2
2024122400920,2024,122400920,1,9,0,13,13,7,3,0,0,0,0,0,0,0,2,1,6,6,1,18,4,1984,2,13,VOLVO S60,6,E01027915,0,1
2024131420119,2024,131420119,2,9,0,-1,3,1,1,-1,0,8,0,0,0,0,2,1,-1,6,1,38,7,2401,2,19,VOLVO S60,2,E01011128,0,1
2024302500208,2024,302500208,1,8,0,-1,2,0,0,-1,0,0,0,0,0,0,3,1,-1,1,1,46,8,1969,2,6,VOLVO S60,6,E01028126,0,3
2024031489905,2024,031489905,2,9,0,-1,19,2,6,-1,0,0,0,0,0,0,2,1,-1,6,2,35,6,1984,1,17,VOLVO S60,7,E01019134,0,3
2024991458406,2024,991458406,1,9,0,-1,19,5,1,-1,0,0,0,0,0,0,1,1,-1,9,1,56,9,1560,2,10,VOLVO S60,4,-1,0,3
2024161402804,2024,161402804,1,9,0,-1,19,3,7,-1,0,8,0,0,0,0,4,1,-1,6,3,33,6,1984,2,14,VOLVO S60,3,E01008986,0,5
2024440269675,2024,440269675,2,9,0,4,4,6,2,0,0,2,0,0,0,0,2,1,2,2,2,53,8,1969,1,7,VOLVO S60,7,E01022946,0,2
2024411404283,2024,411404283,2,9,0,-1,19,5,1,-1,0,0,0,0,0,0,2,9,-1,6,1,52,8,1984,1,19,VOLVO S60,5,E01016594,0,4
2024010527752,2024,010527752,2,9,0,2,2,0,0,2,2,8,0,4,0,0,1,1,6,6,3,-1,-1,1969,2,9,VOLVO S60,-1,-1,0,-1
2024010528062,2024,010528062,1,9,0,99,99,9,9,99,99,9,9,99,9,99,9,9,6,6,1,44,7,1984,1,21,VOLVO S60,7,E01003397,0,1
2024010549943,2024,010549943,1,9,0,18,19,5,1,0,0,1,5,4,0,0,1,1,6,6,1,86,11,1984,1,23,VOLVO S60,6,E01000513,0,1
2024421528683,2024,421528683,1,9,-1,-1,19,-1,-1,-1,0,8,0,0,0,0,-1,9,-1,6,1,-1,-1,1969,2,7,VOLVO S60,-1,-1,0,-1
2024010513734,2024,010513734,2,9,0,9,9,1,6,0,0,6,0,0,0,0,1,1,6,6,1,22,5,1969,1,4,VOLVO S60,2,E01033602,0,2
2024010539689,2024,010539689,1,9,0,5,5,1,5,0,0,1,0,0,0,0,4,1,3,7,2,35,6,1969,2,10,VOLVO S60,3,E01000127,0,1
2024421512194,2024,421512194,1,9,0,-1,19,4,7,-1,0,1,0,0,0,0,1,1,-1,9,1,53,8,1560,2,13,VOLVO S60,10,E01021450,0,1