collision_index,collision_year,collision_ref_no,vehicle_reference,vehicle_type,towing_and_articulation,vehicle_manoeuvre_historic,vehicle_manoeuvre,vehicle_direction_from,vehicle_direction_to,vehicle_location_restricted_lane_historic,vehicle_location_restricted_lane,junction_location,skidding_and_overturning,hit_object_in_carriageway,vehicle_leaving_carriageway,hit_object_off_carriageway,first_point_of_impact,vehicle_left_hand_drive,journey_purpose_of_driver_historic,journey_purpose_of_driver,sex_of_driver,age_of_driver,age_band_of_driver,engine_capacity_cc,propulsion_code,age_of_vehicle,generic_make_model,driver_imd_decile,lsoa_of_driver,escooter_flag,driver_distance_banding
2024161433687,2024,161433687,1,9,0,-1,19,7,3,-1,0,0,5,0,1,10,1,1,-1,6,1,25,5,2401,2,19,VOLVO S60,-1,-1,0,-1
2024430232121,2024,430232121,2,3,0,18,19,4,8,0,0,8,0,0,0,0,1,1,2,2,1,29,6,125,1,2,ZONTES ZT,-1,-1,0,-1
2024010498371,2024,010498371,1,3,0,99,99,9,9,99,99,9,9,99,9,99,9,1,1,1,3,24,5,125,1,1,ZONTES ZT,4,E01003603,0,2
2024061509593,2024,061509593,1,3,0,-1,19,-1,-1,-1,0,8,5,0,0,0,1,1,-1,2,1,24,5,125,1,2,ZONTES ZT,5,E01005876,0,1
2024052401467,2024,052401467,2,3,0,18,19,7,3,0,0,0,0,0,0,0,1,1,6,6,1,46,8,125,1,2,ZONTES ZT,1,E01006981,0,1
2024622400507,2024,622400507,1,3,0,18,19,3,7,0,0,0,1,0,0,0,3,1,6,6,2,24,5,125,1,1,ZONTES ZT,4,W01001975,0,4
2024141480154,2024,141480154,1,3,0,-1,19,3,7,-1,0,2,2,0,0,0,3,1,-1,9,1,18,4,125,1,0,ZONTES ZT,7,E01007658,0,1
2024520401678,2024,520401678,2,3,0,18,19,2,6,0,0,0,0,0,0,0,1,1,6,6,2,35,6,125,1,2,ZONTES ZT,6,E01029218,0,3
2024010517233,2024,010517233,1,3,0,18,19,3,7,0,0,0,0,0,0,0,3,1,6,6,1,28,6,125,1,1,ZONTES ZT,3,E01000095,0,1
2024520402360,2024,520402360,1,3,0,18,19,4,8,0,0,0,1,0,0,0,1,1,6,6,1,17,4,125,1,2,ZONTES ZT,2,E01029112,0,3
2024071005965,2024,071005965,2,4,0,-1,19,3,7,-1,0,1,0,0,0,0,1,1,-1,6,1,35,6,125,1,1,ZONTES ZT,2,E01012417,0,1
2024221515259,2024,221515259,1,3,0,-1,9,5,2,-1,0,6,0,0,0,0,1,1,-1,6,1,35,6,125,1,1,ZONTES ZT,4,E01028920,0,1
2024041451263,2024,041451263,2,3,0,-1,19,1,5,-1,0,1,0,0,0,0,1,1,-1,9,1,70,10,125,1,2,ZONTES ZT,7,E01025594,0,1
2024010537916,2024,010537916,1,4,0,4,4,5,1,0,0,1,5,0,0,0,1,1,6,6,1,21,5,125,1,0,ZONTES ZT,6,E01023314,0,2
2024421519512,2024,421519512,2,3,0,-1,19,1,5,-1,0,0,1,0,0,0,1,1,-1,6,1,36,7,125,1,2,ZONTES ZT,3,E01021279,0,2
2024401543080,2024,401543080,1,3,0,-1,9,7,4,-1,0,3,1,0,0,0,4,1,-1,2,1,21,5,125,1,3,ZONTES ZT,1,E01017471,0,1
2024161514353,2024,161514353,1,3,0,-1,4,7,3,-1,4,1,0,0,0,0,1,1,-1,2,1,34,6,125,1,0,ZONTES ZT,1,E01035468,0,1
2024131486521,2024,131486521,1,3,0,-1,19,1,5,-1,0,0,0,0,0,0,1,1,-1,2,1,38,7,125,1,0,ZONTES ZT,3,E01010950,0,2
2024010505339,2024,010505339,1,3,9,99,99,9,9,99,99,0,9,99,9,99,9,1,1,1,1,21,5,125,1,1,ZONTES ZT,3,E01001239,0,4
2024991535620,2024,991535620,2,3,0,-1,19,7,3,-1,0,1,0,0,0,0,1,1,-1,9,1,21,5,125,1,2,ZONTES ZT,7,-1,0,3
2024361477629,2024,361477629,1,3,0,-1,13,1,5,-1,0,1,2,0,7,0,4,1,-1,1,1,30,6,125,1,2,ZONTES ZT,2,E01026798,0,1
2024320518473,2024,320518473,1,3,0,-1,-1,4,8,0,0,1,0,0,0,0,1,1,-1,-1,1,18,4,125,1,7,ZONTES ZT,5,E01026201,0,1
2024061522349,2024,061522349,2,4,0,-1,19,7,7,-1,0,8,0,0,0,0,3,1,-1,9,1,-1,-1,125,1,2,ZONTES ZT,-1,-1,0,-1
2024010527600,2024,010527600,1,3,0,14,14,7,3,0,0,1,0,0,0,0,1,1,6,6,1,20,4,125,1,0,ZONTES ZT,-1,-1,0,-1
2024332400980,2024,332400980,2,3,0,-1,19,2,6,-1,0,8,0,0,0,0,4,1,-1,9,1,63,9,125,1,2,ZONTES ZT,8,E01025685,0,1
2024111478989,2024,111478989,1,3,0,-1,19,7,3,-1,0,0,0,0,0,0,1,1,-1,9,1,21,5,125,1,3,ZONTES ZT,1,E01012114,0,4
2024031421141,2024,031421141,1,3,0,-1,19,1,5,-1,0,0,2,0,0,0,1,1,-1,9,1,35,6,125,1,1,ZONTES ZT,1,E01019301,0,1
2024631473469,2024,631473469,1,3,0,-1,19,3,8,-1,0,2,1,7,0,0,1,1,-1,6,1,26,6,125,1,2,ZONTES ZT,6,W01000598,0,2
2024311396938,2024,311396938,2,3,0,-1,19,4,2,-1,0,8,0,0,0,0,1,1,-1,9,1,62,9,125,1,1,ZONTES ZT,2,E01028027,0,2
2024991404531,2024,991404531,2,3,0,-1,19,7,3,-1,0,0,0,0,0,0,4,1,-1,9,1,21,5,125,1,1,ZONTES ZT,2,-1,0,1
2024440151068,2024,440151068,2,3,0,18,19,6,2,0,0,1,0,0,0,0,1,1,6,6,1,21,5,125,1,2,ZONTES ZT,9,E01022644,0,1
2024010531712,2024,010531712,2,3,0,18,19,1,5,0,0,1,0,0,0,0,4,1,6,6,1,60,9,125,1,3,ZONTES ZT,4,E01004432,0,1
2024101524391,2024,101524391,2,3,0,-1,9,5,3,-1,0,8,0,0,0,0,4,1,-1,9,1,30,6,125,1,0,ZONTES ZT,8,E01008323,0,1
2024122401164,2024,122401164,2,3,0,18,19,1,5,0,0,1,0,0,0,0,1,1,6,6,2,17,4,125,1,0,ZONTES ZT,5,E01027630,0,3
2024041488503,2024,041488503,2,3,0,-1,19,7,3,-1,0,0,1,0,0,0,1,1,-1,9,1,29,6,125,1,12,ZONTES ZT,1,E01012574,0,1
2024440389799,2024,440389799,2,3,0,18,19,5,1,0,0,8,0,0,0,0,1,1,6,6,1,19,4,125,1,11,ZONTES ZT,1,E01022903,0,1
2024552400709,2024,552400709,1,3,0,18,19,3,7,0,0,0,0,0,0,0,0,1,6,6,1,20,4,125,1,0,ZONTES ZT,5,E01034377,0,1
202454E969424,2024,54E969424,1,3,0,18,19,3,7,0,0,1,0,0,0,0,1,1,6,6,1,20,4,125,1,1,ZONTES ZT,7,E01034521,0,1
2024231498046,2024,231498046,1,3,0,-1,9,3,8,-1,0,8,0,0,0,0,3,1,-1,1,1,29,6,125,1,2,ZONTES ZT,3,E01031264,0,1
2024131475774,2024,131475774,1,3,0,-1,19,1,5,-1,0,0,0,11,0,0,0,1,-1,9,2,27,6,125,1,0,ZONTES ZT,2,E01011771,0,1
2024221486737,2024,221486737,1,4,0,-1,9,1,7,-1,0,4,0,0,0,0,3,1,-1,2,1,46,8,125,1,2,ZONTES ZT,7,E01014150,0,1
2024451486148,2024,451486148,1,3,0,-1,19,5,1,-1,0,0,2,0,1,0,1,1,-1,2,1,19,4,125,1,3,ZONTES ZT,6,E01017823,0,3
2024221504542,2024,221504542,1,3,0,-1,19,7,2,-1,0,0,1,0,1,0,1,1,-1,2,1,20,4,125,1,2,ZONTES ZT,1,E01014142,0,3
2024010502528,2024,010502528,1,3,0,7,7,5,7,0,0,1,1,0,0,0,4,1,6,6,1,22,5,125,1,2,ZONTES ZT,4,E01002309,0,1
2024141469119,2024,141469119,1,4,0,-1,3,7,2,-1,0,1,0,0,0,0,3,1,-1,6,1,59,9,125,1,2,ZONTES ZT,2,E01011862,0,3
2024141499172,2024,141499172,2,3,0,-1,19,7,3,-1,0,0,0,0,0,0,1,1,-1,9,2,46,8,125,1,3,ZONTES ZT,1,E01007775,0,1
2024302400787,2024,302400787,1,3,0,5,5,8,4,0,0,0,0,0,0,0,3,1,6,6,1,27,6,125,1,0,ZONTES ZT,3,E01028030,0,4
2024302401549,2024,302401549,2,3,0,17,19,7,4,0,0,1,0,0,1,2,3,1,6,6,2,24,5,125,1,7,ZONTES ZT,3,E01019810,0,1
2024501498843,2024,501498843,1,3,0,-1,19,-1,-1,-1,0,1,0,0,0,0,4,1,-1,9,1,17,4,125,1,2,ZONTES ZT,3,E01018799,0,1
2024010551105,2024,010551105,2,3,0,-1,-1,3,7,0,0,1,0,0,0,0,1,1,2,2,1,23,5,125,1,0,ZONTES ZT,4,E01002309,0,3
2024440422187,2024,440422187,1,4,0,17,19,8,4,0,0,8,0,0,0,0,3,1,6,6,1,20,4,125,1,4,ZONTES ZT,8,E01022952,0,1
2024122500160,2024,122500160,2,4,0,12,12,5,1,0,0,0,0,0,0,0,3,1,6,6,1,19,4,125,1,1,ZONTES ZT,9,E01013357,0,2
2024010515368,2024,010515368,1,3,0,18,19,1,5,0,0,2,0,0,0,0,9,1,6,6,1,59,9,125,1,1,ZONTES ZT,4,E01003203,0,1
2024440169257,2024,440169257,1,4,0,17,19,6,2,0,0,0,1,0,7,10,1,1,6,6,1,17,4,125,1,0,ZONTES ZT,8,E01023050,0,1
2024131502894,2024,131502894,2,3,0,-1,9,3,1,-1,0,5,5,0,0,0,4,1,-1,9,1,18,4,125,1,0,ZONTES ZT,7,E01010785,0,1
2024520401640,2024,520401640,2,3,0,18,19,3,7,0,0,0,0,0,0,0,1,1,6,6,2,34,6,125,1,1,ZONTES ZT,8,E01029220,0,1
2024552400952,2024,552400952,1,3,0,18,19,2,6,0,0,2,0,4,0,0,1,1,6,6,1,21,5,125,1,0,ZONTES ZT,5,E01015444,0,1
2024320477830,2024,320477830,1,4,0,13,13,6,2,0,0,1,2,7,0,10,1,1,1,1,1,18,4,125,1,3,ZONTES ZT,6,E01026039,0,2
2024161529023,2024,161529023,1,3,0,-1,19,5,1,-1,0,0,0,0,0,0,1,1,-1,2,1,43,7,125,1,2,ZONTES ZT,3,E01013045,0,3
2024991515556,2024,991515556,2,3,0,-1,19,4,8,-1,0,1,0,0,0,0,1,1,-1,2,1,43,7,125,1,2,ZONTES ZT,2,-1,0,2
2024552400488,2024,552400488,2,3,0,3,3,2,6,0,0,4,0,0,0,0,2,1,6,6,1,26,6,125,1,1,ZONTES ZT,4,E01020506,0,3
2024122400680,2024,122400680,2,3,0,18,19,5,3,0,0,1,0,0,0,0,2,1,2,2,1,17,4,125,1,2,ZONTES ZT,9,E01027794,0,1
2024122400221,2024,122400221,2,3,0,18,19,1,5,0,0,0,0,0,0,0,1,1,6,6,1,17,4,125,1,8,ZONTES ZT,4,E01027779,0,1
2024010539192,2024,010539192,1,3,0,18,19,7,3,0,0,8,0,0,0,0,1,1,2,2,1,32,6,125,1,1,ZONTES ZT,2,E01000083,0,1
2024302401588,2024,302401588,1,3,0,14,14,3,7,0,0,6,0,0,0,0,1,1,2,2,1,31,6,125,1,1,ZONTES ZT,-1,-1,0,-1
2024421491132,2024,421491132,2,3,0,-1,5,3,3,-1,0,1,0,0,3,0,1,1,-1,2,1,26,6,125,1,2,ZONTES ZT,4,E01021674,0,3
2024141525142,2024,141525142,2,3,0,-1,19,5,2,-1,0,1,0,0,0,0,3,1,-1,9,1,40,7,125,1,1,ZONTES ZT,3,E01028025,0,3
2024010522155,2024,010522155,1,3,0,18,19,5,1,0,0,1,0,11,0,0,1,1,6,6,1,26,6,125,1,2,ZONTES ZT,-1,-1,0,-1
2024201489320,2024,201489320,2,3,0,-1,9,6,1,-1,0,5,0,0,7,0,4,1,-1,2,1,19,4,125,1,2,ZONTES ZT,3,E01009732,0,2
2024610034324,2024,610034324,2,3,0,18,19,1,5,0,0,8,0,0,0,0,1,1,6,6,1,17,4,125,1,0,ZONTES ZT,2,W01001142,0,4
2024010544563,2024,010544563,1,3,0,99,99,9,9,99,99,9,9,99,9,99,2,1,2,2,1,32,6,125,1,2,ZONTES ZT,3,E01002623,0,3
2024101514940,2024,101514940,2,4,0,-1,19,7,3,-1,0,8,0,0,0,0,1,1,-1,2,1,60,9,125,1,0,ZONTES ZT,5,E01008648,0,1
2024302401380,2024,302401380,1,3,0,18,19,3,7,0,0,8,0,0,0,0,1,1,6,6,3,-1,-1,125,1,1,ZONTES ZT,-1,-1,0,-1
2024440258680,2024,440258680,2,3,0,18,19,2,6,0,0,0,0,0,0,0,1,1,2,2,1,21,5,125,1,0,ZONTES ZT,10,E01023003,0,2
2024411469209,2024,411469209,1,9,0,-1,19,3,7,-1,0,2,0,10,1,10,1,1,-1,6,1,58,9,2894,1,2,AUDI RS4,9,E01035592,0,1
2024061514559,2024,061514559,1,9,0,-1,7,3,7,-1,9,0,1,0,3,5,1,1,-1,9,1,29,6,2894,1,0,AUDI RS4,8,E01005768,0,1
2024131468691,2024,131468691,1,9,0,-1,1,4,8,-1,0,0,0,0,0,0,2,1,-1,9,1,47,8,4163,1,17,AUDI RS4,10,E01010772,0,1
2024501450059,2024,501450059,1,9,0,-1,9,8,6,-1,0,1,1,0,0,0,1,1,-1,9,1,73,10,4163,1,18,AUDI RS4,3,E01018989,0,2
2024201469469,2024,201469469,1,9,0,-1,19,6,2,-1,0,8,0,0,0,0,1,1,-1,6,1,27,6,2894,1,1,AUDI RS4,10,E01010229,0,1
2024201477952,2024,201477952,1,9,0,-1,9,7,5,-1,0,5,0,10,7,0,1,1,-1,9,1,41,7,2894,1,4,AUDI RS4,-1,-1,0,-1
2024361484143,2024,361484143,3,9,0,-1,10,1,7,-1,0,1,0,0,0,0,1,1,-1,9,1,50,8,2894,1,1,AUDI RS4,8,E01013005,0,5
2024141409920,2024,141409920,1,9,0,-1,11,5,1,-1,0,1,0,10,4,0,1,1,-1,6,2,32,6,2894,1,1,AUDI RS4,3,E01007969,0,2
2024010516830,2024,010516830,1,9,0,18,19,5,1,0,0,2,0,0,0,0,1,1,2,2,1,44,7,2894,1,3,AUDI RS4,5,E01000662,0,3
2024622400798,2024,622400798,1,9,0,18,19,8,4,0,0,0,0,0,0,0,0,1,1,1,1,24,5,2894,1,2,AUDI RS4,9,E01031222,0,5
2024061507370,2024,061507370,1,9,-1,-1,5,-1,-1,-1,0,8,0,0,0,0,-1,9,-1,6,3,-1,-1,2894,1,5,AUDI RS4,-1,-1,0,-1
2024991412422,2024,991412422,1,90,0,-1,19,6,1,-1,0,0,1,4,0,0,1,1,-1,9,1,30,6,197,1,17,-1,1,-1,0,4
2024231513440,2024,231513440,2,5,0,-1,3,6,2,-1,0,1,0,0,0,0,2,1,-1,9,1,83,11,652,1,14,-1,8,E01029860,0,4
2024440048745,2024,440048745,2,5,0,18,19,6,2,0,0,1,0,0,0,0,1,1,6,6,1,79,11,652,1,20,-1,8,E01016703,0,3
2024440126806,2024,440126806,2,4,0,15,15,3,7,0,0,0,0,0,0,0,1,1,6,6,2,29,6,652,1,21,-1,2,E01017219,0,1
202460Q195055,2024,60Q195055,2,5,0,18,19,7,3,0,0,1,0,0,0,0,1,1,6,6,1,34,6,652,1,21,-1,-1,-1,0,-1
2024041491244,2024,041491244,1,5,0,-1,19,4,8,-1,0,0,1,0,0,0,4,1,-1,6,1,53,8,652,1,19,-1,2,E01025390,0,1
2024991394494,2024,991394494,1,5,4,-1,19,7,4,-1,0,4,0,0,0,0,1,1,-1,2,1,55,8,652,1,20,-1,-1,-1,0,-1
2024471485248,2024,471485248,2,5,0,-1,19,6,2,-1,0,1,1,0,0,0,1,1,-1,9,1,62,9,650,1,23,-1,2,E01024214,0,4
2024340WN5352,2024,340WN5352,2,5,0,-1,19,5,1,-1,0,8,0,0,0,0,1,1,-1,6,1,32,6,652,1,22,-1,1,E01027200,0,1
2024461500323,2024,461500323,2,5,0,-1,19,8,4,-1,0,0,0,0,0,0,1,1,-1,9,1,47,8,652,1,17,-1,7,E01024707,0,4
2024332400939,2024,332400939,1,9,0,-1,19,5,1,-1,0,4,0,0,1,0,1,1,-1,2,2,33,6,-1,3,0,-1,4,E01025936,0,2
2024991529464,2024,991529464,3,11,0,-1,7,8,2,-1,0,6,0,0,0,0,3,1,-1,1,1,40,7,9360,2,12,-1,2,-1,0,4
2024061469042,2024,061469042,1,9,0,-1,19,-1,-1,-1,0,2,1,11,1,11,4,1,-1,9,2,20,4,1200,1,7,CITROEN C1,9,E01005410,0,2
2024041408635,2024,041408635,1,9,0,-1,19,5,1,-1,0,0,0,0,0,0,1,1,-1,9,1,32,6,998,1,13,CITROEN C1,1,E01012743,0,1
2024041396517,2024,041396517,1,9,0,-1,19,7,3,-1,0,0,0,0,0,0,3,1,-1,9,2,70,10,1200,1,6,CITROEN C1,8,E01025564,0,1
2024622400624,2024,622400624,1,9,0,9,9,6,4,0,0,5,0,0,0,0,3,1,6,6,1,18,4,998,1,12,CITROEN C1,6,W01000774,0,1
2024351471563,2024,351471563,1,9,0,-1,4,1,5,-1,0,0,0,0,0,0,2,1,-1,6,2,30,6,998,1,11,CITROEN C1,8,E01030060,0,5
2024401412745,2024,401412745,1,9,0,-1,7,7,3,-1,0,1,0,0,0,0,1,1,-1,6,2,18,4,998,1,7,CITROEN C1,9,E01017414,0,1
2024520001803,2024,520001803,2,9,9,18,19,9,9,0,0,3,0,0,0,0,1,9,6,6,3,-1,-1,1200,1,7,CITROEN C1,-1,-1,0,-1
2024471468663,2024,471468663,2,9,0,-1,19,5,1,-1,0,1,0,0,0,0,1,1,-1,6,1,54,8,998,1,15,CITROEN C1,1,E01020984,0,1
2024041431558,2024,041431558,4,9,0,-1,2,7,3,-1,0,2,0,0,0,0,4,1,-1,6,-1,-1,-1,998,1,18,CITROEN C1,-1,-1,0,-1
2024131470233,2024,131470233,6,9,0,-1,2,0,0,-1,0,8,0,0,0,0,1,1,-1,6,-1,-1,-1,998,1,15,CITROEN C1,-1,-1,0,-1
2024070446092,2024,070446092,2,9,0,7,7,3,5,0,0,5,0,0,0,0,4,1,3,7,2,33,6,998,1,13,CITROEN C1,10,E01018490,0,1
2024061520103,2024,061520103,2,9,0,-1,19,4,1,-1,0,8,0,0,0,0,1,1,-1,6,2,34,6,998,1,16,CITROEN C1,6,E01006216,0,1
2024221498621,2024,221498621,1,9,0,-1,4,1,5,-1,0,1,0,0,0,0,1,9,-1,6,1,28,6,998,1,16,CITROEN C1,4,E01014016,0,3
2024520403287,2024,520403287,1,9,0,1,1,7,3,9,9,6,0,4,0,0,2,1,6,6,1,47,8,998,1,15,CITROEN C1,5,E01029051,0,1
2024320743913,2024,320743913,1,9,0,9,9,5,3,0,0,8,0,0,0,0,3,1,-1,-1,1,17,4,998,1,17,CITROEN C1,9,E01034696,0,3
2024430442806,2024,430442806,1,9,0,18,19,6,2,0,0,6,0,0,0,0,1,1,6,6,2,47,8,998,1,7,CITROEN C1,8,E01018298,0,5
2024302400233,2024,302400233,1,9,0,18,19,8,4,0,0,0,0,0,8,11,1,1,6,6,2,73,10,998,1,5,CITROEN C1,4,E01019526,0,3
2024332400715,2024,332400715,1,9,0,-1,19,2,6,-1,0,1,1,0,1,11,1,1,-1,6,1,34,6,998,1,11,CITROEN C1,2,E01025700,0,1
2024061519690,2024,061519690,1,9,0,-1,19,3,7,-1,0,0,0,0,0,0,1,1,-1,9,1,69,10,998,1,9,CITROEN C1,3,E01004796,0,2
2024101426986,2024,101426986,1,9,0,-1,19,3,7,-1,0,1,0,0,0,0,1,1,-1,6,1,19,4,998,1,16,CITROEN C1,1,E01008545,0,3
2024401407108,2024,401407108,2,9,0,-1,4,-1,-1,-1,0,4,0,0,0,0,2,9,-1,6,2,23,5,998,1,5,CITROEN C1,6,E01017437,0,2
2024041481908,2024,041481908,1,9,0,-1,19,5,1,-1,0,0,0,0,0,0,1,1,-1,2,2,24,5,998,1,14,CITROEN C1,1,E01025574,0,3
2024041536160,2024,041536160,1,9,0,-1,19,3,5,-1,0,8,0,0,0,0,1,1,-1,6,1,76,11,998,1,12,CITROEN C1,9,E01025437,0,1
2024440504852,2024,440504852,2,9,0,18,19,4,8,0,0,0,0,0,0,0,3,1,6,6,1,44,7,1200,1,9,CITROEN C1,9,E01012969,0,5
2024451427293,2024,451427293,2,9,0,-1,5,8,4,-1,0,6,0,0,0,0,1,9,-1,6,2,40,7,998,1,11,CITROEN C1,-1,-1,0,-1
2024461433955,2024,461433955,1,9,0,-1,19,2,6,-1,0,0,5,0,0,0,1,1,-1,6,1,90,11,998,1,18,CITROEN C1,8,E01024545,0,1
2024522402072,2024,522402072,2,9,0,9,9,5,3,0,0,5,0,0,0,0,0,1,6,6,3,-1,-1,998,1,13,CITROEN C1,-1,-1,0,-1
2024052402567,2024,052402567,1,9,0,18,19,3,7,0,0,0,0,0,0,0,1,1,6,6,2,20,4,998,1,5,CITROEN C1,5,E01006557,0,1
2024991489923,2024,991489923,2,9,0,-1,10,4,2,-1,0,8,0,0,0,0,2,1,-1,9,2,20,4,1200,1,8,CITROEN C1,4,-1,0,2
2024070357776,2024,070357776,1,9,0,5,5,4,8,0,0,0,0,0,0,0,1,1,6,6,1,63,9,998,1,13,CITROEN C1,10,E01018322,0,1
2024320335181,2024,320335181,1,9,0,-1,-1,5,2,0,0,0,2,0,1,1,1,1,-1,-1,2,23,5,998,1,17,CITROEN C1,2,E01011781,0,4
2024421396970,2024,421396970,1,9,0,-1,19,7,3,-1,0,0,0,0,1,0,2,1,-1,6,1,22,5,998,1,16,CITROEN C1,4,E01002313,0,2
2024430418121,2024,430418121,2,9,0,9,9,7,5,0,0,8,0,0,0,0,1,1,6,6,3,-1,-1,998,1,9,CITROEN C1,-1,-1,0,-1
2024461448808,2024,461448808,1,9,0,-1,19,3,7,-1,0,8,0,0,0,0,1,1,-1,9,2,32,6,998,1,11,CITROEN C1,4,E01003484,0,3
2024311488401,2024,311488401,1,9,0,-1,5,8,4,-1,0,8,0,0,0,0,1,1,-1,9,2,52,8,998,1,11,CITROEN C1,7,E01028240,0,1
2024430490865,2024,430490865,1,9,0,16,19,2,7,0,0,0,5,0,8,10,3,1,6,6,1,17,4,998,1,17,CITROEN C1,9,E01017914,0,2
2024421396703,2024,421396703,1,9,0,-1,19,1,1,-1,0,0,2,0,0,0,3,1,-1,2,1,22,5,998,1,13,CITROEN C1,5,E01021785,0,2
2024231512154,2024,231512154,1,9,0,-1,4,5,1,-1,0,1,0,0,0,0,1,1,-1,6,1,21,5,998,1,14,CITROEN C1,3,E01031073,0,1
2024320474659,2024,320474659,2,9,0,-1,-1,2,8,0,0,8,0,0,0,0,3,1,6,6,2,21,5,998,1,12,CITROEN C1,2,E01026110,0,2
2024520001887,2024,520001887,1,9,0,9,9,-1,-1,0,0,6,0,0,0,0,1,1,6,6,1,58,9,998,1,15,CITROEN C1,10,E01014453,0,1
2024101515609,2024,101515609,2,9,0,-1,2,3,6,-1,0,1,0,0,0,0,2,1,-1,9,2,28,6,998,1,5,CITROEN C1,7,E01033481,0,4
2024131449156,2024,131449156,1,9,0,-1,19,6,2,-1,0,8,0,0,0,0,3,1,-1,6,3,-1,-1,998,1,16,CITROEN C1,-1,-1,0,-1
202417L101524,2024,17L101524,1,9,0,16,19,2,6,0,0,0,0,0,0,0,1,1,6,6,2,18,4,998,1,12,CITROEN C1,-1,-1,0,-1
2024471521817,2024,471521817,2,9,0,-1,8,4,8,-1,0,1,0,0,0,0,2,1,-1,9,2,59,9,998,1,7,CITROEN C1,1,E01020972,0,1
2024522402493,2024,522402493,1,9,0,18,19,1,5,0,0,0,0,0,0,0,4,1,6,6,1,50,8,1200,1,8,CITROEN C1,-1,-1,0,-1
2024122500014,2024,122500014,1,9,0,18,19,6,2,0,0,0,0,0,0,0,1,1,1,1,1,30,6,998,1,18,CITROEN C1,3,E01013447,0,1
2024111479068,2024,111479068,1,9,0,-1,4,4,8,-1,0,8,0,0,0,0,3,1,-1,6,2,30,6,998,1,12,CITROEN C1,4,E01020904,0,1
2024631413914,2024,631413914,2,9,0,-1,19,2,5,-1,0,8,0,0,0,0,1,1,-1,9,1,31,6,998,1,14,CITROEN C1,10,W01000792,0,2
2024451430184,2024,451430184,1,9,0,-1,4,1,5,-1,0,0,0,0,0,0,2,1,-1,2,2,45,7,998,1,13,CITROEN C1,6,E01030336,0,2
2024052400263,2024,052400263,1,9,0,18,19,5,1,0,0,8,0,0,0,0,3,1,2,2,2,28,6,998,1,6,CITROEN C1,1,E01007122,0,3
2024010503601,2024,010503601,1,9,0,99,99,9,9,99,99,9,9,99,9,99,9,9,2,2,2,49,8,998,1,16,CITROEN C1,3,E01016014,0,2
2024471508081,2024,471508081,1,9,0,-1,20,7,3,-1,-1,0,0,0,0,0,1,2,-1,6,1,71,10,998,1,13,CITROEN C1,2,E01021037,0,1
2024991403507,2024,991403507,1,9,0,-1,19,1,5,-1,9,0,0,0,7,0,1,1,-1,9,1,59,9,998,1,12,CITROEN C1,8,-1,0,1
2024131514322,2024,131514322,1,9,0,-1,19,8,5,-1,0,2,0,0,0,0,1,1,-1,9,1,41,7,998,1,15,CITROEN C1,3,E01006114,0,4
2024421436576,2024,421436576,1,9,0,-1,9,8,3,-1,0,1,0,0,0,0,1,1,-1,6,1,66,10,998,1,13,CITROEN C1,2,E01022038,0,1
2024041449959,2024,041449959,1,9,0,-1,19,1,5,-1,0,1,0,0,0,0,1,1,-1,9,2,85,11,1200,1,7,CITROEN C1,1,E01025570,0,1
2024320485254,2024,320485254,1,9,0,-1,-1,3,7,0,0,0,0,0,0,10,1,1,6,6,3,-1,-1,998,1,14,CITROEN C1,-1,-1,0,-1
2024311394906,2024,311394906,1,9,0,-1,9,6,2,-1,0,0,0,0,0,0,1,1,-1,9,2,22,5,1200,1,8,CITROEN C1,6,E01028171,0,1
2024101425075,2024,101425075,1,9,0,-1,19,5,1,-1,0,1,0,0,0,0,1,1,-1,1,2,22,5,998,1,8,CITROEN C1,4,E01008637,0,2
2024545170324,2024,545170324,5,9,0,2,2,0,0,0,0,0,0,0,0,0,3,1,6,6,1,-1,-1,998,1,17,CITROEN C1,-1,-1,0,-1
2024302500141,2024,302500141,1,9,0,-1,19,2,5,-1,0,0,1,0,7,10,1,1,-1,6,1,19,4,998,1,8,CITROEN C1,6,E01005830,0,3
2024211536345,2024,211536345,2,9,0,-1,9,3,1,-1,0,1,0,0,0,0,3,1,-1,9,1,46,8,998,1,16,CITROEN C1,2,E01014356,0,1
2024101457426,2024,101457426,2,9,0,-1,9,2,8,-1,0,8,0,0,0,0,4,1,-1,2,2,50,8,998,1,13,CITROEN C1,2,E01027423,0,1
2024061434922,2024,061434922,1,9,0,-1,19,5,1,-1,9,0,0,0,0,0,4,1,-1,9,2,41,7,998,1,10,CITROEN C1,3,E01006272,0,1
2024461440765,2024,461440765,1,9,0,-1,7,3,7,-1,0,5,0,0,1,0,2,9,-1,1,2,30,6,998,1,14,CITROEN C1,9,E01024802,0,1
2024141422071,2024,141422071,2,9,0,-1,19,1,5,-1,0,0,0,0,0,0,1,1,-1,6,2,73,10,1200,1,8,CITROEN C1,4,E01007762,0,2
2024430430694,2024,430430694,1,9,0,18,19,8,4,0,0,0,1,0,2,7,2,1,6,6,2,33,6,998,1,15,CITROEN C1,1,E01014653,0,4