collision_index,collision_year,collision_ref_no,vehicle_reference,vehicle_type,towing_and_articulation,vehicle_manoeuvre_historic,vehicle_manoeuvre,vehicle_direction_from,vehicle_direction_to,vehicle_location_restricted_lane_historic,vehicle_location_restricted_lane,junction_location,skidding_and_overturning,hit_object_in_carriageway,vehicle_leaving_carriageway,hit_object_off_carriageway,first_point_of_impact,vehicle_left_hand_drive,journey_purpose_of_driver_historic,journey_purpose_of_driver,sex_of_driver,age_of_driver,age_band_of_driver,engine_capacity_cc,propulsion_code,age_of_vehicle,generic_make_model,driver_imd_decile,lsoa_of_driver,escooter_flag,driver_distance_banding
2024471483467,2024,471483467,4,9,0,-1,19,6,2,-1,0,0,0,0,0,0,1,1,-1,9,1,18,4,998,1,11,CITROEN C1,8,E01021095,0,2
2024041527843,2024,041527843,1,9,0,-1,5,7,7,-1,0,4,0,0,0,0,1,1,-1,9,1,85,11,998,1,10,CITROEN C1,1,E01024857,0,4
2024522403405,2024,522403405,2,9,0,18,19,5,1,0,0,8,0,0,7,11,4,1,6,6,1,29,6,998,1,8,CITROEN C1,7,E01014839,0,1
2024471436242,2024,471436242,4,9,0,-1,2,0,0,-1,0,1,0,0,0,0,3,1,-1,6,-1,-1,-1,998,1,12,CITROEN C1,-1,-1,0,-1
2024440393123,2024,440393123,2,9,0,4,4,8,4,0,0,0,0,0,0,0,1,1,2,2,2,26,6,998,1,7,CITROEN C1,6,E01035456,0,1
2024501491319,2024,501491319,2,9,0,-1,19,7,3,-1,0,0,0,0,0,0,2,1,-1,6,2,19,4,998,1,13,CITROEN C1,3,E01015192,0,2
2024471400753,2024,471400753,3,9,0,-1,19,1,5,-1,0,8,0,0,0,0,1,1,-1,9,2,62,9,998,1,15,CITROEN C1,5,E01021211,0,2
2024991445123,2024,991445123,2,9,0,-1,19,4,8,-1,0,1,1,0,1,11,1,1,-1,6,1,18,4,1200,1,9,CITROEN C1,5,-1,0,3
2024552401370,2024,552401370,1,9,0,17,19,4,2,0,0,0,1,0,0,0,1,1,6,6,2,18,4,998,1,13,CITROEN C1,10,E01020413,0,1
2024041399451,2024,041399451,2,9,0,-1,19,3,7,-1,0,1,0,0,1,0,4,1,-1,1,1,41,7,998,1,16,CITROEN C1,5,E01025508,0,2
2024421492532,2024,421492532,2,9,0,-1,19,5,1,-1,0,0,1,0,2,0,2,1,-1,9,2,31,6,998,1,9,CITROEN C1,3,E01003286,0,4
2024411504313,2024,411504313,2,9,0,-1,19,2,6,-1,0,0,0,0,0,0,1,1,-1,6,1,17,4,998,1,11,CITROEN C1,9,E01017702,0,1
2024201435160,2024,201435160,2,9,0,-1,19,8,4,-1,0,8,0,0,0,0,3,1,-1,9,2,83,11,1200,1,8,CITROEN C1,4,E01010002,0,1
2024440249538,2024,440249538,1,9,0,18,19,7,3,0,0,8,0,0,0,0,1,1,6,6,2,18,4,998,1,16,CITROEN C1,6,E01017273,0,3
2024041423806,2024,041423806,2,9,0,-1,19,5,1,-1,0,0,0,0,0,0,1,1,-1,9,1,64,9,998,1,11,CITROEN C1,7,E01019382,0,4
2024131510045,2024,131510045,1,9,0,-1,19,7,3,-1,0,1,0,0,0,0,2,1,-1,2,1,40,7,998,1,13,CITROEN C1,2,E01033692,0,1
2024010515156,2024,010515156,4,9,0,2,2,0,0,0,0,1,0,0,0,0,0,1,6,6,3,-1,-1,998,1,12,CITROEN C1,-1,-1,0,-1
2024430323096,2024,430323096,2,9,0,3,3,7,3,0,0,2,0,0,0,0,2,1,1,1,1,54,8,998,1,17,CITROEN C1,5,E01033522,0,2
2024361471361,2024,361471361,2,9,0,-1,19,5,1,-1,0,0,1,6,0,0,3,1,-1,2,1,28,6,998,1,15,CITROEN C1,7,E01026883,0,4
2024201524102,2024,201524102,3,9,0,-1,2,0,0,-1,0,0,0,0,0,0,2,1,-1,6,-1,-1,-1,998,1,15,CITROEN C1,-1,-1,0,-1
2024131408544,2024,131408544,1,9,0,-1,19,1,5,-1,0,1,0,10,8,11,3,1,-1,6,1,29,6,998,1,13,CITROEN C1,2,E01011014,0,2
2024631472440,2024,631472440,1,9,0,-1,9,1,5,-1,0,0,0,0,0,0,3,1,-1,9,2,66,10,998,1,15,CITROEN C1,1,W01001924,0,1
2024302400511,2024,302400511,2,9,0,18,19,1,5,0,0,0,1,0,5,6,3,1,6,6,1,20,4,998,1,17,CITROEN C1,9,E01021223,0,5
2024440458164,2024,440458164,1,9,0,16,19,2,6,0,0,0,1,0,0,0,1,1,6,6,1,19,4,998,1,15,CITROEN C1,8,E01022639,0,1
2024201431869,2024,201431869,2,9,0,-1,19,6,8,-1,0,0,0,0,0,0,2,9,-1,6,1,59,9,998,1,12,CITROEN C1,5,E01010211,0,1
2024201523741,2024,201523741,1,9,0,-1,19,5,1,-1,0,4,0,0,0,0,3,1,-1,6,2,26,6,998,1,16,CITROEN C1,5,E01034739,0,2
2024131504482,2024,131504482,1,9,0,-1,19,6,2,-1,0,0,0,0,0,0,1,1,-1,1,2,21,5,1199,1,9,CITROEN C1,1,E01011426,0,1
2024430218433,2024,430218433,1,9,0,18,19,8,4,0,0,1,0,0,0,0,1,1,6,6,2,84,11,998,1,9,CITROEN C1,10,E01032610,0,1
2024332400448,2024,332400448,1,9,0,-1,15,3,7,-1,0,2,0,0,0,0,1,1,-1,9,2,29,6,998,1,16,CITROEN C1,5,E01025863,0,1
2024111506184,2024,111506184,1,9,0,-1,19,3,7,-1,0,2,0,0,0,0,1,1,-1,9,1,68,10,998,1,4,CITROEN C1,-1,-1,0,-1
2024440171885,2024,440171885,1,9,0,18,19,5,1,0,0,4,0,10,3,10,1,1,6,6,1,77,11,998,1,9,CITROEN C1,3,E01017360,0,4
2024201413554,2024,201413554,1,9,0,-1,19,3,7,-1,0,4,0,0,0,0,1,9,-1,2,2,60,9,998,1,9,CITROEN C1,2,E01009788,0,1
2024401516746,2024,401516746,2,9,0,-1,19,6,2,-1,0,1,0,0,0,0,1,1,-1,6,2,50,8,998,1,9,CITROEN C1,9,E01017381,0,1
2024111435105,2024,111435105,1,9,0,-1,19,5,1,-1,0,1,0,0,0,0,4,9,-1,6,3,75,10,998,1,9,CITROEN C1,1,E01020885,0,1
2024041438487,2024,041438487,1,9,0,-1,9,1,7,-1,0,8,0,0,0,0,4,1,-1,1,1,21,5,998,1,9,CITROEN C1,2,E01025388,0,3
2024332400438,2024,332400438,2,9,0,-1,19,8,4,-1,0,8,0,0,0,0,1,1,-1,6,3,-1,-1,998,1,13,CITROEN C1,-1,-1,0,-1
2024010524469,2024,010524469,1,9,0,16,19,7,1,0,0,8,0,0,0,0,1,2,6,6,1,19,4,998,1,6,CITROEN C1,9,E01001094,0,1
2024351447669,2024,351447669,1,9,0,-1,19,8,3,-1,0,8,0,7,0,0,1,1,-1,9,1,33,6,998,1,13,CITROEN C1,8,E01026519,0,4
2024631420568,2024,631420568,1,9,0,-1,19,1,5,-1,0,0,1,0,2,10,1,1,-1,9,2,19,4,998,1,14,CITROEN C1,1,W01000631,0,4
2024201407071,2024,201407071,2,9,0,-1,2,0,0,-1,0,0,0,0,0,0,2,9,-1,6,1,35,6,998,1,7,CITROEN C1,5,E01009939,0,1
2024471422888,2024,471422888,2,9,0,-1,3,1,5,-1,0,1,0,0,0,0,2,1,-1,6,2,61,9,998,1,11,CITROEN C1,2,E01031783,0,3
2024501502185,2024,501502185,2,9,0,-1,19,7,3,-1,0,0,0,0,0,0,2,1,-1,6,2,36,7,998,1,18,CITROEN C1,7,E01019058,0,1
2024991418036,2024,991418036,1,9,0,-1,12,1,5,-1,0,0,0,0,1,0,1,1,-1,2,2,25,5,998,1,8,CITROEN C1,2,-1,0,2
202460Q061295,2024,60Q061295,2,9,0,3,3,6,2,0,0,8,0,0,0,0,3,1,6,6,1,81,11,998,1,16,CITROEN C1,-1,-1,0,-1
2024522401660,2024,522401660,1,9,0,18,19,6,4,0,0,0,0,0,1,1,1,1,6,6,2,19,4,998,1,12,CITROEN C1,10,E01014775,0,1
2024430615153,2024,430615153,2,9,0,9,9,3,1,0,0,6,0,0,0,0,4,1,6,6,2,73,10,998,1,12,CITROEN C1,3,E01016373,0,1
2024501454527,2024,501454527,1,9,0,-1,9,6,4,-1,0,8,0,0,0,0,4,1,-1,2,2,24,5,998,1,9,CITROEN C1,9,E01027497,0,5
2024430559078,2024,430559078,2,9,0,9,9,2,8,0,0,6,0,0,0,0,1,1,6,6,1,28,6,998,1,14,CITROEN C1,5,E01032961,0,3
2024041408440,2024,041408440,1,9,0,-1,19,7,3,-1,0,2,0,0,0,0,1,1,-1,2,1,44,7,998,1,15,CITROEN C1,1,E01012738,0,1
2024061422980,2024,061422980,1,9,0,-1,7,1,3,-1,0,5,0,0,0,0,4,1,-1,9,1,47,8,1200,1,8,CITROEN C1,9,E01005407,0,2
2024361460118,2024,361460118,3,9,0,-1,3,7,3,-1,0,1,0,0,0,0,0,1,-1,9,2,23,5,998,1,7,CITROEN C1,7,E01026881,0,2
2024101423503,2024,101423503,1,9,0,-1,5,6,2,-1,0,8,0,0,0,0,3,1,-1,6,2,18,4,998,1,18,CITROEN C1,9,E01008238,0,1
2024351445121,2024,351445121,2,9,0,-1,9,4,2,-1,0,0,0,0,0,0,3,1,-1,6,2,26,6,998,1,17,CITROEN C1,9,E01018038,0,1
2024361408968,2024,361408968,1,9,0,-1,7,2,5,-1,0,5,1,0,1,0,1,1,-1,2,1,20,4,998,1,12,CITROEN C1,7,E01026524,0,2
2024421448880,2024,421448880,1,9,0,-1,5,3,8,-1,0,8,0,0,0,0,4,9,-1,2,2,31,6,998,1,9,CITROEN C1,3,E01021565,0,2
2024311409608,2024,311409608,1,9,0,-1,19,2,6,-1,0,1,0,0,0,0,1,1,-1,6,1,19,4,998,1,12,CITROEN C1,-1,-1,0,-1
2024522401274,2024,522401274,1,9,0,9,9,1,7,0,0,8,0,0,0,0,1,1,6,6,2,17,4,998,1,9,CITROEN C1,10,E01014793,0,1
2024430035351,2024,430035351,1,9,0,9,9,6,4,0,0,5,0,0,0,0,1,1,6,6,1,18,4,998,1,13,CITROEN C1,-1,-1,0,-1
2024991533832,2024,991533832,1,9,0,-1,19,2,7,-1,0,4,0,0,0,0,1,1,-1,9,2,64,9,998,1,13,CITROEN C1,8,-1,0,1
2024141406666,2024,141406666,2,9,0,-1,5,6,2,-1,0,0,0,0,0,0,1,1,-1,6,2,-1,-1,998,1,13,CITROEN C1,5,E01007996,0,2
2024041461451,2024,041461451,1,9,0,-1,19,7,3,-1,0,0,0,0,0,0,1,1,-1,9,2,52,8,998,1,5,CITROEN C1,4,E01024927,0,1
2024311516511,2024,311516511,1,9,0,-1,10,8,5,-1,0,0,0,0,0,0,1,1,-1,9,2,31,6,1200,1,8,CITROEN C1,9,E01028177,0,1
2024061505225,2024,061505225,1,9,0,-1,19,3,7,-1,0,5,0,0,1,0,1,1,-1,6,1,20,4,998,1,10,CITROEN C1,-1,-1,0,-1
2024520002218,2024,520002218,2,9,0,18,19,7,3,0,0,0,0,0,0,0,1,1,2,2,1,19,4,998,1,15,CITROEN C1,8,E01014423,0,1
2024430610525,2024,430610525,1,9,0,9,9,6,4,0,0,8,1,0,0,0,3,1,2,2,2,20,4,998,1,17,CITROEN C1,8,E01016341,0,2
2024522401726,2024,522401726,1,9,0,17,19,1,5,0,0,0,0,0,1,10,1,1,6,6,2,18,4,998,1,14,CITROEN C1,9,E01022353,0,3
2024471467804,2024,471467804,1,9,0,-1,19,3,7,-1,0,0,1,0,7,1,1,1,-1,1,2,54,8,998,1,13,CITROEN C1,10,E01031735,0,1
2024311511479,2024,311511479,1,9,0,-1,19,1,5,-1,0,2,0,0,0,0,1,1,-1,1,1,27,6,998,1,9,CITROEN C1,2,E01013845,0,1
2024101401133,2024,101401133,2,9,0,-1,4,1,5,-1,0,0,5,0,1,1,2,1,-1,6,1,24,5,998,1,9,CITROEN C1,5,-1,0,4
2024122400924,2024,122400924,2,9,0,18,19,5,1,0,0,8,0,0,0,0,4,1,6,6,2,19,4,998,1,9,CITROEN C1,9,E01027632,0,4
2024471473686,2024,471473686,2,9,0,-1,2,0,0,-1,0,8,0,0,1,0,2,1,-1,9,2,61,9,998,1,6,CITROEN C1,5,E01031788,0,2
2024101436895,2024,101436895,2,9,0,-1,2,3,7,-1,0,1,0,0,0,0,2,1,-1,6,3,-1,-1,998,1,9,CITROEN C1,-1,-1,0,-1
2024031416685,2024,031416685,2,9,0,-1,19,5,8,-1,0,0,0,0,0,0,3,1,-1,6,2,46,8,998,1,11,CITROEN C1,5,E01019313,0,1
2024461448582,2024,461448582,2,9,0,-1,2,0,0,-1,0,8,0,4,0,0,1,1,-1,6,-1,-1,-1,1199,1,9,CITROEN C1,-1,-1,0,-1
2024311498449,2024,311498449,1,9,0,-1,19,5,1,-1,0,0,0,0,0,0,1,1,-1,6,1,23,5,998,1,15,CITROEN C1,-1,-1,0,-1
2024221488980,2024,221488980,1,9,0,-1,9,8,6,-1,0,6,0,0,0,0,1,9,-1,6,2,61,9,998,1,16,CITROEN C1,4,E01014044,0,1
2024052401431,2024,052401431,1,9,0,18,19,5,1,0,0,0,0,0,0,0,1,1,6,6,2,58,9,1200,1,8,CITROEN C1,6,E01007028,0,1
2024531489460,2024,531489460,1,9,0,-1,19,1,1,-1,0,2,0,0,1,0,1,1,-1,9,2,19,4,998,1,15,CITROEN C1,4,E01022331,0,1
2024131487757,2024,131487757,1,9,0,-1,19,7,3,-1,0,0,0,0,0,0,1,1,-1,2,2,58,9,998,1,16,CITROEN C1,1,E01010850,0,2
2024631518408,2024,631518408,1,9,0,-1,19,4,8,-1,0,0,5,0,2,10,4,1,-1,6,1,20,4,998,1,12,CITROEN C1,3,W01000907,0,4
2024320758872,2024,320758872,2,9,0,-1,-1,2,6,0,0,8,0,0,0,0,1,1,-1,-1,2,70,10,998,1,17,CITROEN C1,3,E01026270,0,1
2024991462329,2024,991462329,2,9,0,-1,19,8,4,-1,0,1,0,0,0,0,1,1,-1,9,1,50,8,998,1,17,CITROEN C1,3,-1,0,1
2024631460621,2024,631460621,4,9,0,-1,4,3,7,-1,0,0,0,0,0,0,2,1,-1,6,1,28,6,998,1,16,CITROEN C1,1,W01001280,0,4
2024010534491,2024,010534491,2,9,0,18,19,5,1,0,0,0,1,4,0,0,1,1,6,6,2,56,9,998,1,6,CITROEN C1,6,E01001277,0,1
2024211455142,2024,211455142,3,9,0,-1,4,8,5,-1,0,0,0,0,0,0,2,1,-1,6,1,21,5,998,1,14,CITROEN C1,-1,-1,0,-1
2024552401296,2024,552401296,1,9,0,18,19,8,4,0,0,0,0,0,0,0,1,1,6,6,1,67,10,998,1,11,CITROEN C1,-1,-1,0,-1
2024332400549,2024,332400549,1,9,0,-1,9,1,6,-1,0,6,0,0,3,0,1,1,-1,9,1,17,4,998,1,16,CITROEN C1,4,E01028366,0,3
2024471470507,2024,471470507,3,9,0,-1,19,2,6,-1,0,0,0,0,0,0,0,1,-1,9,2,77,11,998,1,4,CITROEN C1,6,E01021143,0,1
2024430085357,2024,430085357,1,9,0,18,19,8,4,0,0,0,1,0,4,6,1,1,6,6,2,27,6,998,1,12,CITROEN C1,7,E01017889,0,2
2024320126274,2024,320126274,1,9,0,9,9,2,8,0,0,5,0,0,0,0,1,1,6,6,1,19,4,998,1,13,CITROEN C1,10,E01026362,0,2
2024101462733,2024,101462733,1,9,0,-1,5,1,1,-1,0,0,0,0,0,0,1,1,-1,9,1,-1,-1,998,1,5,CITROEN C1,6,E01020220,0,5
2024231460379,2024,231460379,1,9,0,-1,19,6,2,-1,0,0,0,0,0,0,1,9,-1,2,1,37,7,998,1,14,CITROEN C1,5,E01025863,0,3
2024421400515,2024,421400515,2,9,0,-1,19,1,5,-1,0,0,0,0,0,0,1,1,-1,2,1,51,8,998,1,2,CITROEN C1,9,E01022069,0,4
2024471401328,2024,471401328,2,9,0,-1,19,7,3,-1,0,1,0,0,0,0,0,1,-1,1,1,33,6,998,1,16,CITROEN C1,6,E01021130,0,1
2024552400496,2024,552400496,1,9,0,11,11,8,4,0,0,0,0,0,0,0,4,1,2,2,2,18,4,998,1,14,CITROEN C1,9,E01015445,0,1
2024311469460,2024,311469460,1,9,0,-1,19,7,3,-1,0,0,2,0,0,0,1,1,-1,9,2,18,4,998,1,14,CITROEN C1,6,E01034245,0,2
2024371427155,2024,371427155,2,9,0,-1,19,3,7,-1,0,2,0,0,0,0,4,1,-1,6,2,21,5,998,1,14,CITROEN C1,7,E01018057,0,2
2024522402347,2024,522402347,1,9,0,17,19,4,2,9,9,0,0,0,1,7,1,1,6,6,2,68,10,998,1,15,CITROEN C1,4,E01014485,0,1
2024101439946,2024,101439946,1,9,0,-1,4,5,1,-1,9,0,0,0,0,0,1,1,-1,9,2,51,8,998,1,15,CITROEN C1,8,E01008799,0,3
2024201502161,2024,201502161,2,9,0,-1,19,5,1,-1,0,0,0,0,0,0,1,9,-1,6,3,-1,-1,998,1,15,CITROEN C1,-1,-1,0,-1
2024991480803,2024,991480803,2,9,0,-1,3,5,1,-1,0,1,0,0,0,0,2,1,-1,2,1,28,6,998,1,9,CITROEN C1,1,-1,0,1
2024070185434,2024,070185434,1,9,0,9,9,5,1,0,0,8,0,0,0,10,1,1,6,6,2,51,8,998,1,5,CITROEN C1,1,E01012403,0,1
2024101417995,2024,101417995,2,9,0,-1,4,5,1,-1,0,0,0,0,0,0,2,1,-1,9,2,20,4,998,1,10,CITROEN C1,4,E01008614,0,1
2024070522713,2024,070522713,1,9,0,4,4,6,1,0,0,0,0,0,0,0,1,1,6,6,2,18,4,998,1,15,CITROEN C1,2,E01018701,0,1
2024461510482,2024,461510482,2,9,0,-1,2,0,0,-1,0,0,0,0,0,0,0,1,-1,9,2,21,5,998,1,15,CITROEN C1,8,E01024063,0,1
2024131504037,2024,131504037,2,9,0,-1,2,0,0,-1,0,0,0,0,0,0,2,1,-1,6,-1,-1,-1,998,1,13,CITROEN C1,-1,-1,0,-1
2024031510615,2024,031510615,3,9,0,-1,19,5,5,-1,0,0,0,0,0,0,1,1,-1,2,2,19,4,1200,1,6,CITROEN C1,5,E01019202,0,3
2024440140180,2024,440140180,1,9,0,5,5,7,3,0,0,6,0,0,0,0,3,1,3,7,2,31,6,998,1,11,CITROEN C1,2,E01017107,0,1
2024401407271,2024,401407271,1,9,0,-1,9,1,7,-1,0,8,0,0,0,0,4,1,-1,2,1,63,9,998,1,9,CITROEN C1,3,E01031064,0,4
2024122500174,2024,122500174,1,9,0,18,19,1,5,0,0,2,0,0,1,0,1,1,6,6,1,25,5,1200,1,7,CITROEN C1,6,E01027703,0,3
2024141403034,2024,141403034,1,9,0,-1,3,5,1,-1,0,0,0,0,0,0,2,1,-1,9,2,52,8,998,1,14,CITROEN C1,4,E01007611,0,1
2024231403424,2024,231403424,2,9,0,-1,19,6,8,-1,0,4,0,0,0,0,3,9,-1,6,2,27,6,998,1,9,CITROEN C1,5,E01029504,0,1
2024531532587,2024,531532587,1,9,0,-1,19,1,5,-1,0,0,0,6,0,0,1,1,-1,6,1,86,11,998,1,12,CITROEN C1,6,E01022261,0,2
2024052401800,2024,052401800,2,9,0,18,19,3,7,0,0,8,0,0,0,0,1,1,2,2,2,49,8,998,1,4,CITROEN C1,7,E01007301,0,1
2024430145404,2024,430145404,1,9,0,16,19,3,6,0,0,0,2,0,1,10,1,1,2,2,2,21,5,998,1,11,CITROEN C1,10,E01028608,0,2
2024991515420,2024,991515420,2,9,0,-1,19,8,4,-1,0,8,0,0,0,0,2,1,-1,9,2,47,8,998,1,14,CITROEN C1,3,-1,0,1
2024461445251,2024,461445251,1,9,0,-1,19,3,7,-1,0,1,0,0,0,0,1,1,-1,9,2,51,8,998,1,5,CITROEN C1,4,E01016118,0,1
2024201513642,2024,201513642,2,9,0,-1,19,5,1,-1,0,8,0,0,0,0,1,1,-1,6,1,21,5,998,1,16,CITROEN C1,1,E01009197,0,1
2024991472455,2024,991472455,1,9,0,-1,19,7,3,-1,0,0,0,4,0,0,1,1,-1,2,2,23,5,998,1,12,CITROEN C1,-1,-1,0,-1
2024361485627,2024,361485627,2,9,-1,-1,1,-1,-1,-1,0,0,0,0,0,0,2,9,-1,9,1,37,7,998,1,15,CITROEN C1,2,E01026630,0,1
2024131438521,2024,131438521,2,9,0,-1,19,1,5,-1,0,1,0,0,0,0,4,1,-1,2,2,50,8,998,1,11,CITROEN C1,2,E01007779,0,3
2024141421203,2024,141421203,2,9,0,-1,9,7,5,-1,0,6,0,0,0,0,1,1,-1,9,2,74,10,1200,1,7,CITROEN C1,5,E01007438,0,1
2024041505197,2024,041505197,2,9,0,-1,19,5,1,-1,0,4,0,0,0,0,2,1,-1,9,2,79,11,998,1,9,CITROEN C1,10,E01025502,0,1
2024471508813,2024,471508813,2,9,0,-1,19,5,1,-1,0,0,0,0,0,0,-1,1,-1,6,2,35,6,998,1,18,CITROEN C1,3,E01016921,0,1
2024161459860,2024,161459860,1,9,0,-1,10,1,7,-1,0,1,0,0,0,0,2,9,-1,6,2,41,7,998,1,16,CITROEN C1,3,E01013164,0,1
2024411453928,2024,411453928,1,9,0,-1,19,3,7,-1,0,1,0,0,0,0,1,9,-1,6,2,89,11,998,1,16,CITROEN C1,4,E01023401,0,1
2024311530923,2024,311530923,2,9,0,-1,10,6,3,-1,0,1,0,0,0,0,1,1,-1,9,1,44,7,998,1,14,CITROEN C1,3,E01028224,0,1
2024201479396,2024,201479396,2,9,0,-1,6,6,2,-1,0,0,0,0,0,0,0,1,-1,9,2,23,5,998,1,12,CITROEN C1,4,E01009175,0,1
2024101454973,2024,101454973,1,9,0,-1,19,7,3,-1,0,0,0,0,0,0,4,1,-1,9,2,64,9,998,1,6,CITROEN C1,6,E01008381,0,1
2024041470322,2024,041470322,2,9,0,-1,19,3,7,-1,0,0,0,0,0,0,2,1,-1,6,2,18,4,998,1,11,CITROEN C1,8,E01024939,0,2
2024231505403,2024,231505403,2,9,0,-1,19,8,4,-1,0,8,0,0,0,0,3,9,-1,1,2,29,6,998,1,8,CITROEN C1,10,E01028763,0,3
2024070392412,2024,070392412,1,9,0,4,4,8,5,0,0,1,0,0,0,0,2,1,2,2,1,56,9,1200,1,8,CITROEN C1,1,E01012408,0,1
2024320550344,2024,320550344,1,9,0,-1,-1,8,4,0,0,0,1,0,1,4,1,1,-1,-1,2,32,6,998,1,12,CITROEN C1,-1,-1,0,-1
2024440284760,2024,440284760,1,9,0,17,19,5,1,0,0,3,0,0,2,2,1,1,6,6,1,19,4,998,1,18,CITROEN C1,-1,-1,0,-1
2024440202322,2024,440202322,1,9,0,6,6,8,8,0,0,0,0,0,0,0,3,1,6,6,2,41,7,998,1,12,CITROEN C1,3,E01022732,0,1
2024131398655,2024,131398655,1,9,0,-1,19,1,5,-1,0,0,0,0,0,0,4,1,-1,2,2,27,6,998,1,10,CITROEN C1,2,E01011369,0,2
2024471468107,2024,471468107,1,9,0,-1,6,4,1,-1,0,3,1,0,0,0,3,1,-1,9,2,18,4,998,1,8,CITROEN C1,6,E01031464,0,3
2024302400596,2024,302400596,1,9,0,18,19,4,8,0,0,8,0,0,7,2,1,1,2,2,1,43,7,998,1,16,CITROEN C1,2,E01013483,0,1
2024122401287,2024,122401287,1,9,0,18,19,5,1,0,0,0,1,0,1,0,1,1,6,6,1,18,4,998,1,17,CITROEN C1,3,E01027865,0,3
2024010527407,2024,010527407,2,9,0,7,7,5,7,2,2,5,0,0,0,0,4,1,6,6,2,27,6,998,1,13,CITROEN C1,7,E01003287,0,1
2024031520656,2024,031520656,1,9,0,-1,4,6,2,-1,0,0,2,0,0,0,0,1,-1,9,1,18,4,998,1,13,CITROEN C1,1,E01019143,0,4
2024041484295,2024,041484295,2,9,0,-1,2,5,1,-1,0,0,0,0,0,0,2,1,-1,6,2,59,9,1200,1,9,CITROEN C1,5,E01024859,0,3
2024311529540,2024,311529540,2,9,-1,-1,-1,-1,-1,-1,-1,-1,-1,-1,-1,0,-1,9,-1,2,1,51,8,998,1,13,CITROEN C1,-1,-1,0,-1
2024141398644,2024,141398644,1,9,0,-1,19,3,7,-1,0,2,0,0,0,0,1,1,-1,9,1,66,10,998,1,4,CITROEN C1,3,E01007374,0,1
2024221444114,2024,221444114,1,9,0,-1,5,6,2,-1,0,8,0,0,0,0,1,9,-1,6,2,19,4,998,1,8,CITROEN C1,7,W01000346,0,4
2024311405813,2024,311405813,1,9,0,-1,19,4,2,-1,0,4,0,0,0,0,0,1,-1,6,2,19,4,998,1,15,CITROEN C1,3,E01029409,0,4
2024451421537,2024,451421537,2,9,0,-1,5,7,2,-1,0,4,0,0,0,0,2,1,-1,9,2,58,9,1200,1,9,CITROEN C1,8,E01022490,0,4
2024501503983,2024,501503983,1,9,0,-1,19,6,2,-1,0,2,0,0,3,11,1,1,-1,9,2,54,8,998,1,15,CITROEN C1,8,E01019976,0,1
2024122400821,2024,122400821,2,9,0,18,19,3,5,0,0,0,0,0,1,4,2,1,6,6,2,30,6,998,1,8,CITROEN C1,3,E01013385,0,2
2024451420183,2024,451420183,2,9,0,-1,19,8,4,-1,0,1,0,0,0,0,2,1,-1,2,2,21,5,998,1,17,CITROEN C1,10,E01030689,0,2
2024311522457,2024,311522457,3,9,0,-1,2,0,0,-1,0,0,0,0,0,0,1,1,-1,6,-1,-1,-1,998,1,9,CITROEN C1,-1,-1,0,-1
2024991484947,2024,991484947,1,9,0,-1,19,1,5,-1,0,0,0,0,0,0,3,1,-1,7,1,45,7,998,1,8,CITROEN C1,9,-1,0,1
2024010498701,2024,010498701,2,9,0,9,9,1,7,0,0,8,0,0,0,0,4,1,6,6,1,17,4,998,1,15,CITROEN C1,10,E01000348,0,1
2024522402045,2024,522402045,2,9,0,2,2,0,0,0,0,0,0,0,0,0,1,1,6,6,3,-1,-1,998,1,13,CITROEN C1,-1,-1,0,-1
2024522403392,2024,522403392,2,9,0,9,9,8,6,0,0,6,0,0,0,0,1,1,6,6,2,21,5,998,1,9,CITROEN C1,10,E01014850,0,1
2024471522889,2024,471522889,1,9,0,-1,19,2,6,-1,0,0,5,7,0,0,1,1,-1,9,2,81,11,998,1,3,CITROEN C1,5,E01020999,0,1
2024501425373,2024,501425373,1,9,0,-1,19,3,7,-1,0,0,1,0,0,0,1,1,-1,7,1,17,4,1398,2,18,CITROEN C1,6,E01020188,0,1
2024302401528,2024,302401528,1,9,0,18,19,5,1,0,0,1,0,0,0,0,1,1,6,6,2,45,7,998,1,11,CITROEN C1,10,E01019703,0,2
2024411518155,2024,411518155,2,9,0,-1,19,1,5,-1,0,1,0,0,0,0,1,1,-1,1,2,42,7,998,1,9,CITROEN C1,5,E01023386,0,3
2024302400934,2024,302400934,1,9,0,18,19,6,2,0,0,0,0,0,0,0,1,1,6,6,1,18,4,998,1,13,CITROEN C1,8,E01028093,0,4
2024131400651,2024,131400651,1,9,0,-1,4,7,3,-1,0,2,0,0,0,0,4,1,-1,6,1,28,6,1200,1,7,CITROEN C1,1,E01010755,0,2
2024471430953,2024,471430953,3,9,0,-1,19,4,8,-1,9,0,0,0,0,0,4,1,-1,9,1,70,10,998,1,11,CITROEN C1,7,E01016961,0,1