collision_index,collision_year,collision_ref_no,vehicle_reference,vehicle_type,towing_and_articulation,vehicle_manoeuvre_historic,vehicle_manoeuvre,vehicle_direction_from,vehicle_direction_to,vehicle_location_restricted_lane_historic,vehicle_location_restricted_lane,junction_location,skidding_and_overturning,hit_object_in_carriageway,vehicle_leaving_carriageway,hit_object_off_carriageway,first_point_of_impact,vehicle_left_hand_drive,journey_purpose_of_driver_historic,journey_purpose_of_driver,sex_of_driver,age_of_driver,age_band_of_driver,engine_capacity_cc,propulsion_code,age_of_vehicle,generic_make_model,driver_imd_decile,lsoa_of_driver,escooter_flag,driver_distance_banding
2024131494448,2024,131494448,2,9,0,-1,19,5,1,-1,0,1,0,0,0,0,1,1,-1,1,1,50,8,1200,1,7,CITROEN C1,3,E01011257,0,2
2024340NN2992,2024,340NN2992,1,9,0,-1,19,5,1,-1,0,2,2,10,2,10,1,1,-1,6,1,18,4,998,1,17,CITROEN C1,5,E01026985,0,3
2024522402911,2024,522402911,1,9,0,7,7,1,3,0,0,6,0,0,0,0,2,1,6,6,2,70,10,998,1,17,CITROEN C1,1,E01014834,0,1
2024440236459,2024,440236459,2,9,0,9,9,8,6,0,0,5,0,0,0,0,1,1,6,6,2,41,7,998,1,8,CITROEN C1,7,E01022513,0,1
2024010515256,2024,010515256,1,9,0,6,6,3,3,0,0,0,0,0,0,0,4,1,6,6,1,25,5,998,1,18,CITROEN C1,3,E01002797,0,1
2024071025588,2024,071025588,1,9,0,-1,9,6,2,-1,0,8,0,0,0,0,1,1,-1,6,2,25,5,998,1,11,CITROEN C1,3,E01012369,0,1
2024311507817,2024,311507817,1,9,0,-1,19,2,6,-1,0,0,0,0,1,0,1,1,-1,2,2,22,5,998,1,12,CITROEN C1,-1,-1,0,-1
2024991511673,2024,991511673,2,9,0,-1,19,7,3,-1,0,0,1,0,0,0,4,1,-1,9,1,19,4,998,1,9,CITROEN C1,2,E01033499,0,5
2024131397111,2024,131397111,1,9,0,-1,9,3,5,-1,0,2,1,0,0,0,1,1,-1,1,1,21,5,998,1,16,CITROEN C1,1,E01011235,0,2
2024361410918,2024,361410918,1,9,0,-1,1,-1,-1,-1,0,0,0,0,0,0,4,1,-1,9,1,42,7,998,1,7,CITROEN C1,6,E01030052,0,2
2024991498388,2024,991498388,2,9,0,-1,2,0,0,-1,0,1,0,0,0,0,4,1,-1,6,-1,-1,-1,998,1,14,CITROEN C1,-1,-1,0,-1
2024451407673,2024,451407673,1,9,0,-1,19,5,1,-1,0,0,0,0,1,0,2,1,-1,2,2,26,6,998,1,12,CITROEN C1,9,E01030391,0,2
2024031528637,2024,031528637,1,9,0,-1,9,1,2,-1,0,8,0,0,0,0,1,1,-1,6,2,29,6,1200,1,8,CITROEN C1,1,E01019113,0,1
2024101428570,2024,101428570,2,9,0,-1,19,5,1,-1,0,1,0,0,0,0,1,9,-1,6,2,32,6,998,1,10,CITROEN C1,1,E01008743,0,1
2024440397401,2024,440397401,1,9,0,9,9,1,7,0,0,8,0,0,0,0,4,1,6,6,2,-1,-1,998,1,17,CITROEN C1,-1,-1,0,-1
2024201461065,2024,201461065,1,9,0,-1,9,2,8,-1,0,5,0,0,0,0,1,9,-1,6,2,25,5,998,1,12,CITROEN C1,1,E01009298,0,1
2024131488735,2024,131488735,1,9,0,-1,-1,-1,-1,-1,-1,-1,-1,-1,-1,0,-1,1,-1,6,3,-1,-1,998,1,8,CITROEN C1,-1,-1,0,-1
2024440134610,2024,440134610,2,9,0,18,19,4,8,0,0,8,0,0,0,0,1,1,6,6,2,32,6,998,1,13,CITROEN C1,3,E01017335,0,1
2024471486542,2024,471486542,1,9,0,-1,19,3,7,-1,0,0,0,0,0,0,1,1,-1,9,2,77,11,998,1,7,CITROEN C1,7,E01031423,0,1
2024131532594,2024,131532594,1,9,0,-1,19,5,1,-1,0,8,0,0,0,0,1,1,-1,6,2,18,4,998,1,12,CITROEN C1,3,E01010856,0,1
2024430251965,2024,430251965,2,9,0,3,3,4,8,0,0,1,0,0,0,0,2,1,2,2,2,33,6,998,1,9,CITROEN C1,10,E01023367,0,4
2024501500923,2024,501500923,2,9,0,-1,19,6,8,-1,0,0,0,0,0,0,2,1,-1,6,2,66,10,998,1,5,CITROEN C1,3,E01015159,0,1
2024451405084,2024,451405084,1,9,0,-1,4,5,1,-1,0,0,0,0,0,0,2,1,-1,9,2,21,5,998,1,16,CITROEN C1,9,E01031685,0,4
2024471511279,2024,471511279,1,9,0,-1,9,1,6,-1,0,5,0,0,0,0,1,1,-1,9,2,63,9,1200,1,8,CITROEN C1,9,E01031693,0,4
2024041468089,2024,041468089,2,9,0,-1,19,5,1,-1,0,0,0,0,0,0,2,1,-1,6,1,47,8,998,1,17,CITROEN C1,1,E01034335,0,1
2024430439546,2024,430439546,1,9,0,11,11,2,6,0,0,0,0,0,0,0,4,1,6,6,1,31,6,998,1,15,CITROEN C1,7,E01016366,0,2
2024461429649,2024,461429649,1,9,0,-1,19,2,2,-1,0,5,0,0,0,0,1,9,-1,9,2,80,11,1200,1,8,CITROEN C1,5,E01024238,0,1
2024421519512,2024,421519512,3,9,0,-1,19,5,1,-1,0,0,0,0,0,0,3,1,-1,6,2,20,4,998,1,15,CITROEN C1,4,E01021309,0,1
2024622400654,2024,622400654,1,9,0,18,19,4,8,0,0,1,0,4,0,0,1,1,6,6,1,83,11,1200,1,8,CITROEN C1,6,W01001016,0,1
2024041536079,2024,041536079,1,9,0,-1,5,2,5,-1,0,0,0,0,0,0,1,1,-1,9,1,75,10,1200,1,9,CITROEN C1,1,E01032557,0,4
2024141403592,2024,141403592,1,9,0,-1,19,1,5,-1,0,0,0,0,1,0,1,1,-1,2,1,32,6,998,1,18,CITROEN C1,1,E01007768,0,1
2024061421840,2024,061421840,1,9,0,-1,-1,-1,-1,-1,-1,0,-1,-1,-1,0,-1,1,-1,6,1,48,8,998,1,17,CITROEN C1,7,E01005846,0,1
2024131476708,2024,131476708,1,9,0,-1,19,5,1,-1,0,0,5,4,0,0,1,1,-1,9,2,23,5,998,1,16,CITROEN C1,7,E01035040,0,1
2024371459870,2024,371459870,1,9,0,-1,19,3,1,-1,9,1,0,0,1,0,1,1,-1,6,2,77,11,998,1,12,CITROEN C1,7,E01029911,0,1
2024520002632,2024,520002632,1,9,0,18,19,1,4,0,0,0,2,0,0,0,4,1,6,6,2,26,6,998,1,9,CITROEN C1,9,E01014391,0,1
2024041471200,2024,041471200,2,9,0,-1,19,3,7,-1,0,1,0,0,0,0,1,1,-1,1,1,43,7,998,1,9,CITROEN C1,2,E01025060,0,1
2024320622954,2024,320622954,2,9,0,4,4,5,1,0,0,0,0,0,0,0,2,1,-1,-1,2,21,5,1200,1,7,CITROEN C1,7,E01032989,0,3
2024010551366,2024,010551366,1,9,0,13,13,9,9,99,99,0,9,99,9,99,1,9,6,6,1,24,5,998,1,16,CITROEN C1,3,E01001143,0,2
2024122400428,2024,122400428,1,9,0,9,9,8,7,0,0,8,0,0,0,0,1,1,6,6,1,25,5,998,1,17,CITROEN C1,8,E01013343,0,1
2024531401564,2024,531401564,2,9,0,-1,19,1,5,-1,0,8,0,0,0,0,3,1,-1,2,2,18,4,998,1,18,CITROEN C1,6,E01022374,0,1
2024501410501,2024,501410501,2,9,0,-1,4,5,1,-1,0,1,0,0,0,0,2,9,-1,2,2,22,5,998,1,16,CITROEN C1,4,E01018861,0,4
2024311403207,2024,311403207,1,9,0,-1,13,1,5,-1,0,1,5,7,7,1,4,1,-1,6,1,20,4,998,1,14,CITROEN C1,1,E01013865,0,3
2024361467784,2024,361467784,2,9,0,-1,2,0,0,-1,0,0,0,4,0,0,2,1,-1,9,2,17,4,998,1,13,CITROEN C1,3,E01026736,0,1
2024141416196,2024,141416196,1,9,0,-1,9,5,3,-1,0,0,0,0,0,0,1,1,-1,6,2,18,4,998,1,10,CITROEN C1,5,E01007887,0,1
2024161394454,2024,161394454,2,9,0,-1,9,1,6,-1,0,1,0,0,0,0,3,1,-1,9,1,62,9,998,1,18,CITROEN C1,-1,-1,0,-1
2024101511201,2024,101511201,2,9,0,-1,3,3,8,-1,0,4,0,0,0,0,2,1,-1,2,1,22,5,998,1,14,CITROEN C1,7,E01034499,0,3
2024221439859,2024,221439859,1,9,0,-1,9,6,4,-1,0,6,0,0,0,0,1,9,-1,6,2,43,7,998,1,13,CITROEN C1,3,E01032251,0,4
2024520500416,2024,520500416,1,9,0,18,19,3,7,0,0,0,0,0,0,0,1,1,6,6,2,80,11,998,1,11,CITROEN C1,8,E01029194,0,1
2024221507604,2024,221507604,1,9,0,-1,9,4,3,-1,0,6,0,0,0,0,3,1,-1,2,1,30,6,998,1,12,CITROEN C1,2,E01010019,0,3
2024501418367,2024,501418367,2,9,0,-1,9,3,8,-1,0,0,0,0,0,0,1,1,-1,1,2,29,6,998,1,14,CITROEN C1,3,E01015190,0,1
2024411425685,2024,411425685,2,9,-1,-1,99,-1,-1,-1,0,1,0,0,0,0,1,1,-1,6,2,30,6,998,1,7,CITROEN C1,10,E01023371,0,2
2024052401046,2024,052401046,1,9,0,18,19,5,1,0,0,0,0,0,0,0,3,1,2,2,2,23,5,998,1,8,CITROEN C1,1,E01034403,0,1
2024010532032,2024,010532032,1,9,0,99,99,9,9,99,99,0,9,99,9,99,2,9,2,2,1,26,6,998,1,15,CITROEN C1,2,E01002075,0,2
2024991399479,2024,991399479,1,9,0,-1,9,8,5,-1,0,8,0,0,0,0,4,1,-1,6,1,54,8,998,1,9,CITROEN C1,8,-1,0,1
2024141405493,2024,141405493,1,9,0,-1,19,6,2,-1,0,8,0,0,0,0,3,1,-1,9,2,62,9,998,1,18,CITROEN C1,1,E01007411,0,1
2024161504150,2024,161504150,2,9,0,-1,9,1,7,-1,0,8,0,0,0,0,4,1,-1,6,2,30,6,998,1,13,CITROEN C1,1,E01012878,0,1
2024122401019,2024,122401019,1,9,0,18,19,3,7,0,0,0,0,0,1,11,4,1,6,6,1,17,4,998,1,13,CITROEN C1,10,E01027618,0,2
2024111489912,2024,111489912,2,9,0,-1,19,1,5,-1,0,8,0,0,0,0,1,1,-1,6,2,26,6,998,1,10,CITROEN C1,5,E01012317,0,1
2024161444689,2024,161444689,1,9,0,-1,3,5,1,-1,0,4,0,0,0,0,2,1,-1,6,1,34,6,998,1,12,CITROEN C1,1,E01013296,0,1
2024371496034,2024,371496034,1,9,0,-1,9,1,5,-1,0,8,0,0,0,0,3,1,-1,2,2,19,4,998,1,14,CITROEN C1,4,E01030219,0,3
2024421485780,2024,421485780,4,9,0,-1,4,7,3,-1,0,0,0,0,0,0,2,1,-1,9,2,35,6,998,1,11,CITROEN C1,2,-1,0,5
2024141414804,2024,141414804,1,9,0,-1,9,4,4,-1,0,8,0,0,0,0,1,1,-1,9,1,49,8,998,1,18,CITROEN C1,4,E01007536,0,3
2024471485495,2024,471485495,1,9,0,-1,10,2,7,-1,0,1,0,0,0,0,3,1,-1,9,2,25,5,998,1,10,CITROEN C1,4,E01020924,0,2
2024320807779,2024,320807779,1,9,0,13,13,3,7,0,0,0,0,0,0,0,2,1,-1,-1,1,19,4,998,1,17,CITROEN C1,3,E01026183,0,2
2024141493330,2024,141493330,2,9,0,-1,19,1,5,-1,0,0,0,0,0,0,1,9,-1,6,3,-1,-1,998,1,11,CITROEN C1,-1,-1,0,-1
2024545005324,2024,545005324,2,9,0,13,13,0,0,0,0,4,0,0,0,0,1,1,1,1,2,20,4,998,1,11,CITROEN C1,2,E01015540,0,1
2024061422001,2024,061422001,1,9,0,-1,-1,-1,-1,-1,-1,-1,-1,-1,-1,0,-1,1,-1,6,3,-1,-1,1200,1,7,CITROEN C1,-1,-1,0,-1
2024371490382,2024,371490382,2,9,0,-1,19,4,8,-1,0,8,0,0,0,0,3,1,-1,9,2,35,6,998,1,16,CITROEN C1,7,E01029964,0,1
2024320621556,2024,320621556,2,9,0,-1,-1,4,8,0,0,0,0,0,7,4,1,1,-1,-1,1,20,4,998,1,17,CITROEN C1,3,E01026183,0,1
2024010538330,2024,010538330,1,9,0,99,99,9,9,99,99,9,9,99,9,99,1,9,6,6,3,-1,-1,998,1,8,CITROEN C1,-1,-1,0,-1
2024061491174,2024,061491174,1,9,0,-1,19,-1,-1,-1,0,0,1,0,0,0,3,1,-1,9,2,44,7,998,1,13,CITROEN C1,7,E01005920,0,1
2024311511112,2024,311511112,1,9,0,-1,10,7,5,-1,0,8,0,0,0,0,1,1,-1,6,2,30,6,1199,1,10,CITROEN C1,6,E01028290,0,1
2024461526147,2024,461526147,3,9,0,-1,19,7,3,-1,0,0,0,0,1,0,1,1,-1,6,2,22,5,998,1,18,CITROEN C1,3,E01024497,0,1
2024161498763,2024,161498763,2,9,0,-1,19,8,4,-1,0,0,0,0,0,0,1,1,-1,6,2,84,11,998,1,9,CITROEN C1,5,E01013249,0,1
2024991474310,2024,991474310,2,9,0,-1,19,6,2,-1,0,1,2,7,4,0,1,1,-1,9,1,50,8,998,1,14,CITROEN C1,10,-1,0,4
2024991532846,2024,991532846,1,9,0,-1,1,1,3,-1,9,0,0,0,0,0,0,1,-1,6,2,52,8,998,1,4,CITROEN C1,3,-1,0,1
2024041517791,2024,041517791,1,9,0,-1,2,-1,-1,-1,0,0,0,0,0,0,-1,1,-1,6,1,54,8,998,1,4,CITROEN C1,7,E01025174,0,2
2024311464340,2024,311464340,1,9,0,-1,19,7,3,-1,0,0,1,10,7,0,4,1,-1,6,2,18,4,998,1,18,CITROEN C1,1,E01028311,0,4
2024501510245,2024,501510245,2,9,0,-1,3,8,3,-1,0,4,0,0,0,0,2,1,-1,2,1,38,7,998,7,17,CITROEN C1,5,E01020030,0,1
2024471473686,2024,471473686,3,9,0,-1,2,0,0,-1,0,8,0,0,0,0,2,1,-1,6,3,-1,-1,998,1,8,CITROEN C1,-1,-1,0,-1
2024631476253,2024,631476253,1,9,0,-1,19,7,3,-1,0,8,0,0,0,0,4,1,-1,6,2,18,4,998,1,10,CITROEN C1,8,W01000534,0,1
2024101432760,2024,101432760,1,9,0,-1,5,5,3,-1,0,8,0,0,0,0,4,2,-1,9,1,81,11,998,1,14,CITROEN C1,-1,-1,0,-1
2024221457722,2024,221457722,1,9,0,-1,7,1,2,-1,0,6,0,0,0,0,3,1,-1,2,2,33,6,998,1,8,CITROEN C1,2,E01034333,0,1
2024010494114,2024,010494114,1,9,0,10,10,3,1,9,9,5,0,0,0,0,1,1,1,1,2,32,6,998,1,7,CITROEN C1,6,E01003840,0,2
2024031521350,2024,031521350,1,9,0,-1,19,7,3,-1,0,0,0,0,0,0,4,1,-1,6,2,71,10,998,1,8,CITROEN C1,5,E01019201,0,1
2024061527024,2024,061527024,2,9,0,-1,19,-1,-1,-1,0,3,0,0,0,0,1,1,-1,6,2,-1,-1,998,1,7,CITROEN C1,4,E01006184,0,1
2024041399405,2024,041399405,1,9,0,-1,19,5,1,-1,0,0,0,0,0,0,1,1,-1,2,2,26,6,998,1,10,CITROEN C1,7,E01024991,0,1
2024221475070,2024,221475070,2,9,0,-1,9,8,6,-1,0,5,0,0,0,0,1,1,-1,6,2,72,10,998,1,12,CITROEN C1,9,E01033243,0,1
2024070790515,2024,070790515,2,9,0,-1,19,3,7,-1,0,0,0,0,0,0,2,1,-1,6,2,18,4,998,1,10,CITROEN C1,10,E01012553,0,1
2024440510975,2024,440510975,1,9,0,4,4,5,1,0,0,6,0,0,0,0,2,1,6,6,2,36,7,1200,1,7,CITROEN C1,1,E01014647,0,4
2024531473634,2024,531473634,1,9,0,-1,19,1,5,-1,0,0,5,0,1,9,1,1,-1,9,2,17,4,998,1,13,CITROEN C1,4,E01014603,0,4
2024041471213,2024,041471213,2,9,0,-1,19,1,5,-1,0,1,0,0,0,0,4,1,-1,6,2,76,11,998,1,10,CITROEN C1,4,E01012604,0,1
2024991416187,2024,991416187,1,9,0,-1,19,7,3,-1,0,1,0,0,0,0,1,1,-1,9,1,34,6,998,1,8,CITROEN C1,2,-1,0,1
2024440550430,2024,440550430,1,9,0,9,9,2,4,0,0,2,0,0,0,0,1,1,2,2,1,29,6,998,1,15,CITROEN C1,6,E01035437,0,2
2024421501526,2024,421501526,1,9,-1,-1,-1,-1,-1,-1,0,1,0,0,0,0,-1,1,-1,6,1,69,10,998,1,12,CITROEN C1,-1,-1,0,-1
2024451413439,2024,451413439,2,9,0,-1,19,8,4,-1,0,0,0,0,0,0,2,1,-1,1,1,45,7,998,1,14,CITROEN C1,4,E01016207,0,3
2024991488226,2024,991488226,2,9,0,-1,9,2,8,-1,0,5,0,0,0,0,3,1,-1,2,1,32,6,998,1,9,CITROEN C1,1,-1,0,1
2024421429749,2024,421429749,1,9,0,-1,19,1,5,-1,0,0,0,0,0,0,1,1,-1,9,2,57,9,1200,1,9,CITROEN C1,1,E01002280,0,3
2024991398282,2024,991398282,2,9,0,-1,19,5,1,-1,0,0,0,0,0,0,1,1,-1,6,1,24,5,998,1,12,CITROEN C1,7,-1,0,5
2024010517392,2024,010517392,1,9,0,5,5,5,1,0,0,1,0,0,0,0,1,1,2,2,1,19,4,998,1,9,CITROEN C1,7,E01001160,0,2
2024231408587,2024,231408587,1,9,0,-1,9,4,2,-1,0,6,0,0,0,0,1,1,-1,9,2,20,4,998,1,12,CITROEN C1,10,E01031235,0,1
2024411503330,2024,411503330,2,9,0,-1,2,0,0,-1,0,0,0,0,0,0,3,1,-1,6,-1,-1,-1,998,1,18,CITROEN C1,-1,-1,0,-1
2024141396497,2024,141396497,1,9,0,-1,19,1,5,-1,0,0,0,0,0,0,3,1,-1,2,2,62,9,998,1,12,CITROEN C1,2,E01007443,0,1
2024311502673,2024,311502673,1,9,0,-1,19,4,8,-1,0,0,0,0,0,0,1,1,-1,9,2,20,4,998,1,13,CITROEN C1,-1,-1,0,-1
2024041532370,2024,041532370,1,9,0,-1,19,5,1,-1,0,1,0,0,0,0,3,1,-1,9,2,54,8,998,1,4,CITROEN C1,8,E01025088,0,3
2024061450953,2024,061450953,2,9,0,-1,9,3,1,-1,0,0,0,0,0,0,3,1,-1,2,2,42,7,998,1,14,CITROEN C1,-1,-1,0,-1
2024991502798,2024,991502798,1,9,0,-1,19,2,4,-1,0,1,1,0,7,1,1,1,-1,9,1,18,4,998,1,4,CITROEN C1,8,-1,0,2
2024501532005,2024,501532005,1,9,0,-1,19,3,7,-1,0,0,1,0,0,0,1,1,-1,2,2,67,10,998,1,12,CITROEN C1,2,E01018774,0,1
2024231545739,2024,231545739,1,9,0,-1,19,8,4,-1,0,8,0,0,0,0,1,1,-1,6,1,36,7,1398,2,15,CITROEN C1,8,E01031247,0,4
2024421479712,2024,421479712,2,9,0,-1,3,4,7,-1,0,0,0,0,0,0,2,1,-1,2,2,22,5,998,1,13,CITROEN C1,8,E01021347,0,2
2024141486595,2024,141486595,2,9,0,-1,19,5,1,-1,0,1,0,0,0,0,1,1,-1,9,1,33,6,998,1,16,CITROEN C1,4,E01008068,0,1
2024531472959,2024,531472959,1,9,0,-1,19,6,3,-1,0,0,1,0,2,4,1,1,-1,9,1,18,4,998,1,16,CITROEN C1,5,E01022383,0,2
2024631494410,2024,631494410,1,9,0,-1,19,1,6,-1,0,0,0,0,2,11,4,1,-1,6,2,24,5,998,1,8,CITROEN C1,7,W01000731,0,2
2024622400158,2024,622400158,3,9,0,18,19,4,8,0,0,0,0,0,0,0,4,1,6,6,2,31,6,1200,1,8,CITROEN C1,1,W01001255,0,3
2024041423468,2024,041423468,1,9,0,-1,19,5,1,-1,0,1,0,0,0,0,1,1,-1,9,2,35,6,998,1,9,CITROEN C1,1,E01025369,0,1
2024031510642,2024,031510642,1,9,0,-1,19,5,1,-1,0,0,0,0,0,0,1,1,-1,9,1,74,10,998,1,11,CITROEN C1,1,E01019110,0,1
2024471455396,2024,471455396,2,9,0,-1,19,7,3,-1,0,8,0,0,0,0,4,1,-1,9,2,-1,-1,998,1,12,CITROEN C1,3,E01021017,0,3
2024041504173,2024,041504173,1,9,0,-1,13,1,5,-1,0,0,1,0,2,7,4,1,-1,9,1,20,4,998,1,16,CITROEN C1,6,E01024961,0,2
2024311441876,2024,311441876,1,9,0,-1,19,1,5,-1,0,0,0,0,0,0,1,1,-1,6,2,33,6,998,1,13,CITROEN C1,5,E01034647,0,3
2024471477220,2024,471477220,1,9,0,-1,4,4,8,-1,0,4,0,0,7,0,0,1,-1,2,2,31,6,998,1,10,CITROEN C1,3,E01020927,0,3
2024421538697,2024,421538697,1,9,0,-1,19,7,3,-1,0,1,0,0,0,0,1,1,-1,6,1,63,9,998,1,13,CITROEN C1,4,E01021849,0,1
2024461490128,2024,461490128,4,9,0,-1,19,3,7,-1,0,0,0,0,0,0,3,1,-1,9,2,82,11,998,1,4,CITROEN C1,6,E01024518,0,2
2024302401381,2024,302401381,1,9,0,4,4,6,2,0,0,8,0,0,7,11,1,1,2,2,2,22,5,998,1,11,CITROEN C1,2,E01019777,0,2
2024631448987,2024,631448987,2,9,0,-1,4,4,8,-1,0,0,0,0,0,0,2,1,-1,9,2,40,7,998,1,5,CITROEN C1,6,W01000643,0,1
2024340WN4072,2024,340WN4072,2,9,0,-1,19,3,7,-1,0,0,0,0,0,0,1,1,-1,9,1,19,4,998,1,19,CITROEN C1,3,E01027233,0,1
2024311400338,2024,311400338,2,9,0,-1,8,5,3,-1,0,1,0,0,0,0,2,1,-1,9,1,20,4,998,1,11,CITROEN C1,-1,-1,0,-1
2024421435118,2024,421435118,1,9,0,-1,19,3,7,-1,0,0,1,7,0,0,4,1,-1,2,2,30,6,998,1,12,CITROEN C1,1,E01033130,0,4
2024991421787,2024,991421787,1,9,0,-1,9,7,5,-1,0,8,0,0,0,0,1,1,-1,2,1,46,8,998,1,9,CITROEN C1,4,-1,0,1
2024411509793,2024,411509793,2,9,0,-1,7,3,7,-1,0,8,0,0,0,0,3,1,-1,6,2,56,9,998,1,9,CITROEN C1,9,E01023352,0,1
2024031439234,2024,031439234,1,9,0,-1,19,3,7,-1,0,0,0,0,0,0,1,1,-1,9,1,20,4,998,1,12,CITROEN C1,7,E01019382,0,1
2024610034624,2024,610034624,2,9,0,16,19,5,8,0,0,0,0,0,0,0,1,1,6,6,2,79,11,998,1,8,CITROEN C1,1,W01001530,0,1
2024461464229,2024,461464229,1,9,0,-1,19,1,3,-1,0,0,0,0,7,9,1,1,-1,9,2,75,10,1200,1,8,CITROEN C1,2,E01021103,0,2
2024320100767,2024,320100767,2,9,0,-1,-1,8,4,0,0,1,0,0,0,0,0,1,-1,-1,2,34,6,998,1,9,CITROEN C1,3,E01026122,0,2
2024991537101,2024,991537101,1,9,0,-1,19,1,5,-1,0,8,5,0,0,0,3,1,-1,9,2,81,11,998,1,3,CITROEN C1,6,-1,0,1
2024221535943,2024,221535943,2,9,0,-1,4,6,1,-1,0,1,0,10,7,1,2,9,-1,6,2,20,4,998,1,15,CITROEN C1,2,E01032465,0,1
2024070969666,2024,070969666,1,9,0,-1,19,5,1,-1,0,2,0,11,0,0,1,1,-1,9,1,18,4,998,1,13,CITROEN C1,3,E01018731,0,1
2024111451489,2024,111451489,2,9,0,-1,19,2,6,-1,0,0,0,0,0,0,3,1,-1,6,1,43,7,998,1,11,CITROEN C1,3,E01034509,0,1
2024522401387,2024,522401387,2,9,0,18,19,3,7,0,0,8,0,0,0,0,3,1,6,6,2,25,5,998,1,9,CITROEN C1,6,E01035213,0,2
2024131467078,2024,131467078,1,9,0,-1,7,3,7,-1,0,8,0,0,1,11,2,1,-1,7,2,50,8,998,1,4,CITROEN C1,9,E01010954,0,1
2024041532176,2024,041532176,2,9,0,-1,4,7,3,-1,0,1,0,0,0,0,2,1,-1,6,2,24,5,1200,1,8,CITROEN C1,9,E01024966,0,3
2024471496470,2024,471496470,1,9,0,-1,9,5,3,-1,0,2,0,0,0,0,3,1,-1,1,2,50,8,998,1,15,CITROEN C1,5,E01031355,0,2
2024440459431,2024,440459431,1,9,0,4,4,7,3,0,0,0,0,0,0,0,1,1,2,2,2,29,6,998,1,6,CITROEN C1,8,E01022651,0,4
2024010522850,2024,010522850,2,9,0,18,19,3,7,0,0,0,0,0,0,0,2,1,6,6,2,49,8,998,1,11,CITROEN C1,3,E01004189,0,1
2024031512205,2024,031512205,1,9,0,-1,9,1,5,-1,0,6,0,0,0,0,1,1,-1,6,2,85,11,998,1,16,CITROEN C1,6,E01019381,0,1
2024411485391,2024,411485391,2,9,0,-1,12,1,2,-1,0,1,1,0,0,0,1,1,-1,6,1,20,4,998,1,17,CITROEN C1,9,E01023463,0,1
2024471535110,2024,471535110,1,9,0,-1,9,8,5,-1,0,6,0,0,0,0,1,1,-1,6,2,25,5,998,1,5,CITROEN C1,5,E01021216,0,1
2024522403411,2024,522403411,2,9,0,11,11,7,3,0,0,0,0,0,0,0,1,1,6,6,2,19,4,998,1,9,CITROEN C1,4,E01014586,0,1
2024211529366,2024,211529366,2,9,0,-1,4,5,1,-1,0,0,0,0,0,0,2,1,-1,2,2,23,5,998,1,3,CITROEN C1,-1,-1,0,-1
2024031494623,2024,031494623,1,9,0,-1,19,5,1,-1,0,0,2,0,7,0,1,1,-1,9,2,20,4,998,1,12,CITROEN C1,1,E01032920,0,5
2024440417338,2024,440417338,1,9,0,4,4,7,3,0,0,6,0,0,0,0,2,1,6,6,2,29,6,998,1,12,CITROEN C1,10,E01022682,0,1
2024041509242,2024,041509242,1,9,0,-1,19,7,3,-1,0,1,0,0,0,0,1,1,-1,9,1,36,7,998,1,14,CITROEN C1,2,E01025581,0,1
2024361484346,2024,361484346,2,9,0,-1,19,6,1,-1,0,1,0,0,0,0,4,2,-1,6,2,21,5,998,1,16,CITROEN C1,4,E01026864,0,1
2024332400368,2024,332400368,1,9,0,-1,19,1,5,-1,0,8,0,0,0,0,1,1,-1,9,2,80,11,1200,1,8,CITROEN C1,10,E01025872,0,1
2024451415229,2024,451415229,1,9,0,-1,9,6,3,-1,0,6,0,0,0,0,1,1,-1,6,1,39,7,998,1,16,CITROEN C1,5,E01031498,0,2
2024351495720,2024,351495720,1,9,0,-1,7,5,1,-1,0,6,0,0,0,0,3,1,-1,6,2,63,9,998,1,11,CITROEN C1,6,E01018047,0,1
2024122401001,2024,122401001,1,9,0,9,9,4,2,0,0,3,0,0,0,0,4,1,6,6,1,40,7,1200,1,8,CITROEN C1,8,E01034964,0,1
2024101418881,2024,101418881,2,9,0,-1,19,7,3,-1,0,0,0,0,0,0,1,1,-1,9,2,29,6,998,1,3,CITROEN C1,1,E01008610,0,1
2024211503334,2024,211503334,2,9,0,-1,19,1,3,-1,0,8,0,0,0,0,2,1,-1,6,1,27,6,998,1,14,CITROEN C1,1,E01010369,0,3
2024211544669,2024,211544669,1,9,0,-1,19,5,1,-1,0,1,0,0,0,0,1,1,-1,6,1,19,4,998,1,12,CITROEN C1,4,E01029472,0,4
2024061415671,2024,061415671,2,9,-1,-1,-1,-1,-1,-1,-1,0,-1,-1,-1,0,-1,9,-1,6,3,70,10,1200,1,9,CITROEN C1,1,E01004863,0,1
2024520402349,2024,520402349,1,9,0,18,19,4,8,0,0,8,0,0,0,0,4,1,6,6,1,19,4,998,1,16,CITROEN C1,4,E01029136,0,3