collision_index,collision_year,collision_ref_no,vehicle_reference,vehicle_type,towing_and_articulation,vehicle_manoeuvre_historic,vehicle_manoeuvre,vehicle_direction_from,vehicle_direction_to,vehicle_location_restricted_lane_historic,vehicle_location_restricted_lane,junction_location,skidding_and_overturning,hit_object_in_carriageway,vehicle_leaving_carriageway,hit_object_off_carriageway,first_point_of_impact,vehicle_left_hand_drive,journey_purpose_of_driver_historic,journey_purpose_of_driver,sex_of_driver,age_of_driver,age_band_of_driver,engine_capacity_cc,propulsion_code,age_of_vehicle,generic_make_model,driver_imd_decile,lsoa_of_driver,escooter_flag,driver_distance_banding
2024122401196,2024,122401196,2,9,0,18,19,3,1,0,0,0,0,0,0,0,3,1,6,6,2,52,8,998,1,6,CITROEN C1,10,E01013374,0,1
2024520403232,2024,520403232,2,9,0,18,19,8,4,0,0,8,0,0,7,10,4,1,6,6,2,63,9,998,1,3,CITROEN C1,8,E01032108,0,2
2024351465661,2024,351465661,1,9,0,-1,19,8,4,-1,0,0,0,0,0,0,1,1,-1,9,2,18,4,998,1,15,CITROEN C1,9,E01018231,0,3
2024622400339,2024,622400339,1,9,0,9,9,8,6,0,0,8,0,0,0,0,4,1,6,6,1,20,4,998,1,10,CITROEN C1,2,W01001895,0,4
2024131462742,2024,131462742,2,9,0,-1,4,8,4,-1,0,1,0,0,0,0,2,2,-1,1,1,22,5,998,1,10,CITROEN C1,6,E01011517,0,3
2024131426961,2024,131426961,1,9,0,-1,9,5,3,-1,0,6,0,0,7,11,1,1,-1,9,1,83,11,998,1,15,CITROEN C1,1,E01011003,0,1
2024461453156,2024,461453156,1,9,0,-1,19,2,4,-1,0,0,0,0,0,0,1,9,-1,9,1,19,4,998,1,14,CITROEN C1,5,E01024638,0,2
2024622400226,2024,622400226,1,8,0,7,7,8,2,0,0,5,0,10,1,11,1,1,1,1,2,30,6,998,1,10,CITROEN C1,2,W01000744,0,1
2024371515552,2024,371515552,1,9,0,-1,19,8,3,-1,0,0,0,0,0,0,3,1,-1,2,2,24,5,998,1,7,CITROEN C1,-1,-1,0,-1
2024421405556,2024,421405556,1,9,0,-1,19,2,6,-1,0,0,0,0,0,0,1,1,-1,6,2,19,4,998,1,6,CITROEN C1,6,E01021733,0,2
2024471483749,2024,471483749,1,9,0,-1,7,1,6,-1,0,5,0,0,0,0,1,1,-1,9,2,32,6,1200,1,8,CITROEN C1,9,E01031384,0,2
2024041407421,2024,041407421,2,9,0,-1,2,0,0,-1,0,0,0,0,0,0,1,1,-1,6,-1,-1,-1,998,1,12,CITROEN C1,-1,-1,0,-1
2024451469784,2024,451469784,2,9,0,-1,2,0,0,-1,-1,0,0,0,0,0,0,1,-1,2,1,28,6,998,1,18,CITROEN C1,4,E01002446,0,3
2024501398241,2024,501398241,1,9,0,-1,19,2,3,-1,0,1,0,0,0,0,1,1,-1,9,1,84,11,1200,1,8,CITROEN C1,7,E01019977,0,3
2024501432423,2024,501432423,2,9,0,-1,19,5,1,-1,0,0,0,0,0,0,1,1,-1,9,1,21,5,998,1,18,CITROEN C1,1,E01015257,0,1
2024010531319,2024,010531319,1,9,0,4,4,1,5,0,0,8,0,0,0,0,1,1,3,7,2,37,7,998,1,10,CITROEN C1,3,E01001116,0,1
2024161471329,2024,161471329,1,9,0,-1,4,3,7,-1,0,0,0,0,0,0,1,1,-1,6,2,19,4,998,1,17,CITROEN C1,2,E01013129,0,1
2024461436559,2024,461436559,1,9,0,-1,19,7,7,-1,0,8,0,0,0,0,1,9,-1,9,1,27,6,998,1,18,CITROEN C1,2,E01023974,0,1
2024131453129,2024,131453129,2,9,0,-1,15,3,7,-1,0,0,0,0,0,0,1,1,-1,9,2,28,6,998,1,17,CITROEN C1,2,E01011785,0,1
2024451513557,2024,451513557,1,9,0,-1,3,1,5,-1,0,0,0,0,0,0,1,1,-1,6,2,21,5,998,1,19,CITROEN C1,10,E01023005,0,4
2024101525920,2024,101525920,1,9,0,-1,7,7,1,-1,0,8,0,0,0,0,1,1,-1,9,2,69,10,998,1,13,CITROEN C1,6,E01008770,0,1
2024320257370,2024,320257370,1,9,0,-1,-1,7,3,0,0,8,0,0,1,0,3,1,-1,-1,1,76,11,998,1,11,CITROEN C1,10,E01026302,0,2
2024622400169,2024,622400169,1,9,0,9,9,4,1,0,0,5,0,0,0,0,4,1,6,6,1,26,6,998,1,7,CITROEN C1,2,W01001711,0,1
2024131433584,2024,131433584,2,9,0,-1,19,5,1,-1,0,8,0,0,1,0,1,1,-1,6,2,39,7,998,1,16,CITROEN C1,2,E01010628,0,1
2024548606424,2024,548606424,1,9,0,9,9,1,3,0,0,5,0,0,0,0,4,1,2,2,2,61,9,998,1,9,CITROEN C1,10,E01031923,0,4
2024231419695,2024,231419695,2,9,0,-1,19,4,8,-1,0,8,0,0,0,0,1,1,-1,6,2,48,8,998,1,12,CITROEN C1,8,E01031129,0,1
2024131437107,2024,131437107,2,9,0,-1,2,0,0,-1,0,0,0,0,0,0,4,1,-1,9,2,64,9,1200,1,7,CITROEN C1,4,E01011858,0,1
2024231481769,2024,231481769,2,9,0,-1,19,8,3,-1,0,8,0,0,0,0,1,9,-1,6,2,19,4,998,1,10,CITROEN C1,-1,-1,0,-1
2024131451998,2024,131451998,2,9,0,-1,2,1,1,-1,0,0,0,0,0,0,3,1,-1,6,1,25,5,998,1,16,CITROEN C1,3,E01011261,0,1
2024451448955,2024,451448955,2,9,0,-1,19,1,5,-1,0,0,0,0,0,0,1,1,-1,2,2,18,4,998,1,15,CITROEN C1,5,E01030600,0,2
2024122400981,2024,122400981,2,9,0,18,19,3,5,0,0,8,0,0,0,0,4,1,6,6,2,38,7,998,1,11,CITROEN C1,8,E01013450,0,2
2024201527129,2024,201527129,3,9,0,-1,19,8,4,-1,0,0,0,0,7,0,1,1,-1,9,2,30,6,998,1,13,CITROEN C1,2,E01033642,0,1
2024340WN3722,2024,340WN3722,1,9,0,-1,19,8,4,-1,0,0,0,7,0,0,1,1,-1,6,1,29,6,998,1,14,CITROEN C1,5,E01027192,0,1
2024302400472,2024,302400472,1,9,0,18,19,4,8,0,0,0,0,0,0,0,1,1,6,6,2,73,10,998,1,10,CITROEN C1,-1,-1,0,-1
2024041420425,2024,041420425,2,9,0,-1,3,7,3,-1,0,1,0,0,0,0,2,1,-1,9,2,28,6,998,1,8,CITROEN C1,9,E01025281,0,1
2024061443344,2024,061443344,1,9,0,-1,-1,-1,-1,-1,-1,-1,-1,-1,-1,0,-1,1,-1,6,2,73,10,998,1,11,CITROEN C1,2,E01005449,0,1
2024361454415,2024,361454415,1,9,0,-1,19,5,1,-1,0,8,0,0,0,0,3,1,-1,2,1,54,8,998,1,11,CITROEN C1,5,E01026766,0,4
2024531477668,2024,531477668,1,9,0,-1,19,7,3,-1,0,8,0,0,0,0,4,1,-1,6,3,-1,-1,998,1,13,CITROEN C1,-1,-1,0,-1
2024111484126,2024,111484126,1,9,0,-1,19,3,7,-1,0,1,0,0,0,0,1,1,-1,6,2,44,7,998,1,13,CITROEN C1,3,E01020638,0,2
2024401477740,2024,401477740,1,9,0,-1,19,1,5,-1,0,0,1,10,8,0,1,1,-1,6,1,18,4,998,1,6,CITROEN C1,2,E01017537,0,1
2024440025089,2024,440025089,1,9,0,17,19,2,7,0,0,0,2,0,1,9,4,1,1,1,2,22,5,998,1,13,CITROEN C1,3,E01032847,0,3
2024122400383,2024,122400383,2,9,0,16,19,3,7,0,0,0,0,0,0,0,1,1,6,6,1,89,11,998,1,4,CITROEN C1,5,E01011537,0,3
2024501427033,2024,501427033,1,9,0,-1,15,7,1,-1,0,0,0,0,0,0,4,1,-1,9,1,58,9,998,1,16,CITROEN C1,9,E01018796,0,1
2024131448155,2024,131448155,1,9,0,-1,13,1,5,-1,0,0,0,0,0,0,1,1,-1,9,1,18,4,998,1,11,CITROEN C1,8,E01010913,0,1
2024401504390,2024,401504390,3,9,0,-1,19,-1,-1,-1,0,1,1,0,0,0,2,1,-1,2,2,32,6,998,1,13,CITROEN C1,10,E01017610,0,1
2024010522131,2024,010522131,2,9,0,99,99,9,9,99,99,9,9,99,9,99,4,9,6,6,3,-1,-1,998,1,6,CITROEN C1,-1,-1,0,-1
2024041509507,2024,041509507,1,9,0,-1,19,5,1,-1,0,0,0,0,0,0,1,1,-1,9,2,31,6,998,1,10,CITROEN C1,9,E01025545,0,4
2024631461467,2024,631461467,1,9,0,-1,19,4,8,-1,0,1,0,0,0,0,1,1,-1,9,2,24,5,998,1,13,CITROEN C1,8,W01000494,0,4
2024471400162,2024,471400162,1,9,0,-1,3,7,3,-1,0,0,0,0,0,0,2,1,-1,9,2,32,6,998,1,10,CITROEN C1,3,E01031811,0,2
2024430535865,2024,430535865,2,9,0,18,19,6,2,0,0,0,0,0,0,0,1,1,6,6,1,75,10,998,1,11,CITROEN C1,7,E01017792,0,1
2024471513684,2024,471513684,2,9,0,-1,19,5,1,-1,0,8,0,0,0,0,4,1,-1,9,2,40,7,998,1,9,CITROEN C1,5,E01002970,0,4
2024991496505,2024,991496505,1,9,0,-1,19,4,8,-1,0,0,1,10,7,4,1,1,-1,6,1,37,7,1200,1,8,CITROEN C1,8,-1,0,4
2024411476161,2024,411476161,2,9,0,-1,4,8,4,-1,0,2,0,0,0,0,1,1,-1,2,2,20,4,998,1,15,CITROEN C1,3,E01015713,0,3
2024461514649,2024,461514649,2,9,0,-1,9,1,7,-1,0,2,0,0,0,0,3,9,-1,9,2,26,6,998,1,17,CITROEN C1,1,E01024507,0,1
2024101415430,2024,101415430,2,9,0,-1,19,7,5,-1,0,8,0,0,0,0,4,1,-1,9,1,29,6,998,1,16,CITROEN C1,9,E01008322,0,1
2024451435719,2024,451435719,1,9,0,-1,9,1,5,-1,-1,1,0,0,7,0,1,1,-1,9,2,20,4,998,1,18,CITROEN C1,10,E01030395,0,1
2024501512806,2024,501512806,1,9,0,-1,19,7,3,-1,0,2,1,11,0,0,1,1,-1,2,1,17,4,998,1,14,CITROEN C1,2,E01018977,0,1
2024061504869,2024,061504869,2,9,0,-1,20,1,5,-1,0,0,0,0,0,0,3,1,-1,6,2,23,5,998,1,11,CITROEN C1,4,E01005391,0,1
2024161399141,2024,161399141,2,9,0,-1,19,7,3,-1,0,1,1,0,0,0,1,1,-1,9,2,65,9,1199,1,9,CITROEN C1,1,E01012874,0,1
2024311498213,2024,311498213,2,9,0,-1,19,7,3,-1,0,1,0,0,0,0,1,1,-1,9,1,40,7,998,1,18,CITROEN C1,2,E01013854,0,1
2024991482421,2024,991482421,2,9,0,-1,19,8,4,-1,0,0,1,0,0,0,1,1,-1,9,2,70,10,998,1,11,CITROEN C1,-1,-1,0,-1
2024440219534,2024,440219534,1,9,0,3,3,1,5,0,0,1,0,0,0,0,2,1,6,6,2,40,7,1200,1,8,CITROEN C1,4,E01017087,0,1
2024552400790,2024,552400790,2,9,0,18,19,8,4,0,0,8,0,0,0,0,4,1,6,6,2,30,6,1200,1,8,CITROEN C1,5,E01020454,0,2
2024131470233,2024,131470233,2,9,0,-1,2,0,0,-1,0,8,0,0,0,0,1,1,-1,6,-1,-1,-1,998,1,14,CITROEN C1,-1,-1,0,-1
2024061404963,2024,061404963,2,9,0,-1,19,4,8,-1,0,8,0,0,0,0,2,1,-1,9,2,55,8,998,1,16,CITROEN C1,-1,-1,0,-1
2024320432704,2024,320432704,2,9,0,-1,-1,4,8,0,0,8,0,0,0,0,4,1,-1,-1,2,48,8,998,1,19,CITROEN C1,-1,-1,0,-1
2024340NN0922,2024,340NN0922,1,9,0,-1,-1,7,3,-1,0,2,0,4,0,0,1,1,-1,9,2,77,11,998,1,3,CITROEN C1,3,E01027038,0,1
2024471440919,2024,471440919,2,9,0,-1,19,7,7,-1,0,0,0,0,0,0,2,1,-1,2,2,43,7,998,1,17,CITROEN C1,7,E01031653,0,3
2024061510604,2024,061510604,1,9,0,-1,9,1,8,-1,0,1,0,0,0,0,1,1,-1,9,2,23,5,998,1,8,CITROEN C1,-1,-1,0,-1
2024201511524,2024,201511524,1,9,0,-1,19,8,4,-1,0,6,0,0,0,0,3,1,-1,6,-1,-1,-1,998,1,16,CITROEN C1,-1,-1,0,-1
2024010547267,2024,010547267,1,9,0,99,99,9,9,99,99,9,9,99,9,99,1,9,6,6,2,22,5,998,1,16,CITROEN C1,4,E01002267,0,1
2024101493659,2024,101493659,2,9,0,-1,5,1,7,-1,0,3,0,0,0,0,1,1,-1,9,2,34,6,998,1,9,CITROEN C1,6,E01008195,0,1
2024631448279,2024,631448279,2,9,0,-1,9,3,1,-1,0,6,0,0,0,0,3,2,-1,1,2,18,4,998,1,13,CITROEN C1,6,W01000628,0,1
2024520401603,2024,520401603,2,9,0,18,19,2,6,0,0,8,0,0,0,0,1,1,6,6,2,-1,-1,1199,1,10,CITROEN C1,7,E01029064,0,2
2024061505952,2024,061505952,2,9,0,-1,2,0,0,-1,0,0,1,0,1,0,1,1,-1,6,1,70,10,998,1,16,CITROEN C1,6,E01005053,0,1
2024010536579,2024,010536579,1,9,0,18,19,5,1,0,0,1,0,0,0,0,2,1,6,6,2,46,8,998,1,15,CITROEN C1,3,E01001650,0,2
2024320432704,2024,320432704,1,9,0,9,9,6,4,0,0,6,0,0,0,0,1,1,-1,-1,2,67,10,998,1,9,CITROEN C1,1,E01005725,0,5
2024231535769,2024,231535769,2,9,0,-1,19,8,4,-1,0,8,0,0,0,0,1,1,-1,6,2,20,4,998,1,9,CITROEN C1,7,E01031038,0,1
2024461395192,2024,461395192,2,9,0,-1,2,6,2,-1,0,0,0,0,0,0,2,1,-1,6,1,57,9,998,1,15,CITROEN C1,9,E01024006,0,2
2024041444404,2024,041444404,2,9,0,-1,19,5,1,-1,0,0,0,0,0,0,4,1,-1,2,2,19,4,1200,1,7,CITROEN C1,4,E01012700,0,1
2024371412350,2024,371412350,1,9,0,-1,5,5,1,-1,0,0,0,0,0,0,3,1,-1,9,2,58,9,998,1,16,CITROEN C1,5,E01030058,0,1
2024461480299,2024,461480299,2,9,0,-1,19,4,5,-1,0,1,0,0,0,0,2,9,-1,6,2,22,5,998,1,11,CITROEN C1,9,E01024104,0,3
2024211532452,2024,211532452,1,9,0,-1,9,3,5,-1,0,1,0,0,0,0,1,1,-1,6,1,24,5,998,1,16,CITROEN C1,6,E01029846,0,1
2024141405142,2024,141405142,2,9,0,-1,9,4,8,-1,9,0,0,0,0,0,4,1,-1,6,1,66,10,998,1,9,CITROEN C1,6,E01007570,0,1
2024520001269,2024,520001269,1,9,0,18,19,5,1,0,0,8,0,0,0,0,1,1,6,6,1,47,8,998,1,14,CITROEN C1,4,E01014401,0,1
2024332400649,2024,332400649,1,9,0,-1,19,8,4,-1,0,0,0,0,0,0,1,1,-1,9,2,19,4,1398,2,15,CITROEN C1,9,E01025809,0,3
2024471481597,2024,471481597,2,9,0,-1,4,5,1,-1,0,1,2,0,0,0,2,1,-1,9,1,32,6,998,1,16,CITROEN C1,3,E01020973,0,1
2024471497435,2024,471497435,1,9,0,-1,4,7,5,-1,0,1,0,0,0,0,3,1,-1,1,2,20,4,998,1,13,CITROEN C1,7,E01031362,0,1
2024501503360,2024,501503360,1,9,0,-1,19,3,7,-1,0,0,0,0,0,0,1,1,-1,6,2,83,11,1398,2,16,CITROEN C1,5,E01020340,0,1
2024451533450,2024,451533450,1,9,0,-1,19,5,1,-1,0,0,1,0,1,0,1,1,-1,9,1,18,4,998,1,11,CITROEN C1,9,E01030880,0,1
2024411457461,2024,411457461,1,9,0,-1,19,3,7,-1,0,0,0,0,2,4,4,1,-1,6,1,18,4,998,1,14,CITROEN C1,9,E01023316,0,2
2024520401548,2024,520401548,1,9,0,4,4,2,5,0,0,1,0,0,0,0,2,1,6,6,2,27,6,998,1,10,CITROEN C1,3,E01014815,0,4
2024311484806,2024,311484806,1,9,0,-1,9,5,3,-1,0,5,0,0,0,0,1,1,-1,6,2,55,8,998,1,10,CITROEN C1,2,E01027955,0,1
2024311499941,2024,311499941,2,9,0,-1,19,7,3,-1,0,2,0,0,0,0,1,1,-1,9,2,21,5,998,1,16,CITROEN C1,2,E01028238,0,1
2024531492526,2024,531492526,1,9,0,-1,19,7,3,-1,0,0,0,0,0,0,1,1,-1,6,3,-1,-1,998,1,12,CITROEN C1,-1,-1,0,-1
2024461430325,2024,461430325,1,9,0,-1,1,5,1,-1,-1,0,0,0,0,0,2,9,-1,6,1,19,4,1200,1,8,CITROEN C1,10,E01023379,0,5
2024520403356,2024,520403356,2,9,0,18,19,4,8,0,0,0,0,0,0,0,1,1,6,6,2,78,11,998,1,14,CITROEN C1,6,E01029267,0,3
2024991408679,2024,991408679,1,9,0,-1,9,2,8,-1,0,7,0,0,0,0,0,1,-1,6,1,45,7,998,1,12,CITROEN C1,9,-1,0,1
2024010504699,2024,010504699,2,9,0,99,99,9,9,99,99,0,9,99,9,99,1,9,6,6,2,43,7,998,1,7,CITROEN C1,4,E01003035,0,3
2024622400310,2024,622400310,2,9,0,18,19,3,7,0,0,0,0,0,0,0,2,1,6,6,2,77,11,998,1,8,CITROEN C1,5,W01000996,0,2
2024201520311,2024,201520311,2,9,0,-1,19,2,6,-1,0,1,0,0,0,0,2,9,-1,6,3,-1,-1,998,1,10,CITROEN C1,-1,-1,0,-1
2024311421677,2024,311421677,1,9,0,-1,19,6,6,-1,0,0,0,0,0,0,2,1,-1,6,-1,-1,-1,998,1,12,CITROEN C1,-1,-1,0,-1
2024430454931,2024,430454931,1,9,0,18,19,8,5,0,0,0,2,0,2,10,4,1,6,6,2,24,5,998,1,12,CITROEN C1,10,E01035239,0,3
2024471421059,2024,471421059,1,9,0,-1,19,7,3,-1,0,1,0,0,0,0,3,1,-1,2,2,23,5,998,1,10,CITROEN C1,6,E01016935,0,1
2024041419080,2024,041419080,2,9,0,-1,4,7,3,-1,0,1,0,0,0,0,4,1,-1,9,2,21,5,998,1,14,CITROEN C1,9,E01025552,0,2
2024401471101,2024,401471101,1,9,0,-1,19,3,7,-1,0,1,0,0,0,0,1,1,-1,9,1,62,9,998,1,15,CITROEN C1,5,E01017579,0,1
2024101492172,2024,101492172,2,9,0,-1,3,3,7,-1,0,1,0,0,0,0,2,1,-1,9,2,27,6,998,1,9,CITROEN C1,1,E01008223,0,1
2024161444636,2024,161444636,1,9,0,-1,8,5,7,-1,0,0,0,0,0,0,1,1,-1,9,2,71,10,998,1,8,CITROEN C1,9,E01012957,0,1
2024161452934,2024,161452934,2,9,0,-1,9,5,4,-1,0,4,0,0,0,0,1,9,-1,6,2,-1,-1,998,1,13,CITROEN C1,9,E01013016,0,4
2024010516053,2024,010516053,2,9,0,18,19,8,4,0,0,8,0,0,0,0,4,1,6,6,3,-1,-1,998,1,12,CITROEN C1,-1,-1,0,-1
2024131465433,2024,131465433,1,9,0,-1,19,7,3,-1,0,0,1,0,7,0,1,1,-1,9,2,22,5,998,1,12,CITROEN C1,5,E01027892,0,2
2024061506552,2024,061506552,1,9,0,-1,19,-1,-1,-1,0,1,9,0,0,0,2,1,-1,9,2,40,7,998,1,16,CITROEN C1,2,E01004798,0,2
2024631473940,2024,631473940,2,9,0,-1,19,6,2,-1,0,8,0,0,0,0,1,1,-1,2,2,20,4,1200,1,7,CITROEN C1,8,W01000610,0,2
2024302400929,2024,302400929,2,9,0,3,3,1,5,0,0,4,0,0,0,0,2,1,6,6,1,56,9,998,1,8,CITROEN C1,1,E01008084,0,1
2024471472928,2024,471472928,2,9,0,-1,3,4,8,-1,0,1,0,0,0,0,2,1,-1,6,1,29,6,998,1,14,CITROEN C1,-1,-1,0,-1
2024131531796,2024,131531796,2,9,0,-1,9,5,1,-1,0,8,0,0,0,0,3,1,-1,6,2,65,9,998,1,12,CITROEN C1,2,E01011014,0,1
2024332400701,2024,332400701,2,9,0,-1,19,5,1,-1,0,0,0,0,0,0,3,1,-1,6,1,-1,-1,998,1,13,CITROEN C1,-1,-1,0,-1
2024221503233,2024,221503233,1,9,0,-1,13,6,2,-1,0,0,0,0,1,0,1,1,-1,9,2,21,5,998,1,11,CITROEN C1,10,W01001954,0,4
2024311409193,2024,311409193,1,9,0,-1,19,3,7,-1,0,0,0,0,2,0,1,1,-1,6,1,20,4,998,1,10,CITROEN C1,10,E01033390,0,3
2024351435078,2024,351435078,2,9,0,-1,10,5,1,-1,0,0,0,0,0,0,2,1,-1,9,2,22,5,1200,1,7,CITROEN C1,4,E01018044,0,3
2024101420773,2024,101420773,2,9,0,-1,5,2,5,-1,0,0,0,0,0,0,2,1,-1,6,2,28,6,1200,1,7,CITROEN C1,9,E01020666,0,3
2024311461684,2024,311461684,1,9,0,-1,9,2,8,-1,0,1,0,0,0,0,1,1,-1,2,2,18,4,998,1,17,CITROEN C1,9,E01025945,0,1
2024340WN2922,2024,340WN2922,2,9,0,-1,19,1,5,-1,0,1,0,0,0,0,1,1,-1,9,2,20,4,998,1,3,CITROEN C1,10,E01028460,0,4
2024010497050,2024,010497050,1,9,0,18,19,3,7,0,0,1,0,0,0,0,1,1,2,2,2,49,8,998,1,17,CITROEN C1,5,E01015928,0,1
2024411516694,2024,411516694,3,9,0,-1,5,2,6,-1,0,0,0,0,0,0,2,1,-1,1,-1,65,9,998,1,12,CITROEN C1,4,E01023956,0,1
2024311416552,2024,311416552,2,9,0,-1,5,2,5,-1,0,0,0,0,1,0,3,1,-1,6,2,24,5,998,1,14,CITROEN C1,5,E01028291,0,4
2024991395704,2024,991395704,2,9,0,-1,9,4,1,-1,0,1,0,0,0,0,3,9,-1,9,2,21,5,998,1,9,CITROEN C1,8,-1,0,2
2024131489256,2024,131489256,1,9,0,-1,19,7,3,-1,0,1,1,0,0,0,4,1,-1,9,2,65,9,998,1,7,CITROEN C1,2,E01011912,0,1
2024010507958,2024,010507958,2,9,0,99,99,9,9,99,99,9,9,99,9,99,1,9,6,6,3,-1,-1,998,1,9,CITROEN C1,-1,-1,0,-1
2024211494367,2024,211494367,1,9,0,-1,19,3,6,-1,0,0,2,0,0,0,1,1,-1,6,2,17,4,998,1,13,CITROEN C1,10,E01009426,0,1
2024610039924,2024,610039924,1,9,0,18,19,2,6,0,0,0,0,0,1,0,4,1,6,6,2,38,7,998,1,12,CITROEN C1,4,W01001401,0,1
2024052401751,2024,052401751,1,9,0,18,19,3,7,0,0,0,0,4,0,0,1,1,6,6,1,85,11,998,1,14,CITROEN C1,3,E01006459,0,1
2024221503540,2024,221503540,2,9,0,-1,2,0,0,-1,0,0,0,0,0,0,2,1,-1,6,1,84,11,998,1,14,CITROEN C1,6,E01028973,0,1
2024041398705,2024,041398705,1,9,0,-1,9,4,8,-1,0,6,0,0,0,0,3,1,-1,9,2,28,6,998,1,9,CITROEN C1,5,E01025415,0,1
2024311498121,2024,311498121,2,9,0,-1,5,5,1,-1,0,4,0,0,0,0,1,2,-1,6,1,40,7,998,1,15,CITROEN C1,1,E01017471,0,5
2024061479008,2024,061479008,1,9,0,-1,9,1,3,-1,0,8,0,0,0,0,4,1,-1,6,2,19,4,998,1,12,CITROEN C1,7,E01005869,0,1
2024010521310,2024,010521310,2,9,0,99,99,9,9,99,99,9,9,99,9,99,9,9,6,6,3,-1,-1,998,1,8,CITROEN C1,-1,-1,0,-1
2024622400498,2024,622400498,1,9,0,7,7,5,8,0,0,1,0,0,0,0,3,1,6,6,2,17,4,998,1,13,CITROEN C1,4,W01000947,0,1
2024501474505,2024,501474505,1,9,0,-1,1,0,0,-1,0,1,0,0,0,0,2,1,-1,9,2,83,11,998,1,12,CITROEN C1,6,E01015102,0,1
2024122401148,2024,122401148,1,9,0,18,19,7,3,0,0,0,0,0,0,0,1,1,6,6,1,26,6,998,1,15,CITROEN C1,7,E01013363,0,1
2024461399147,2024,461399147,1,9,0,-1,19,3,7,-1,0,0,0,0,0,0,1,9,-1,2,1,31,6,1200,1,6,CITROEN C1,8,E01022710,0,5
2024320531928,2024,320531928,2,21,1,-1,-1,2,6,0,0,0,0,0,0,0,3,1,1,1,1,66,10,12580,2,18,-1,7,E01026208,0,1
2024211426611,2024,211426611,2,90,0,-1,19,8,4,-1,0,0,0,0,0,0,3,9,-1,9,2,50,8,2184,2,0,-1,7,E01029680,0,1
2024991493162,2024,991493162,1,90,0,-1,19,6,2,-1,0,0,0,0,0,0,4,1,-1,9,1,60,9,2287,2,6,-1,9,-1,0,5
2024010508705,2024,010508705,1,9,0,99,99,9,9,99,99,9,9,99,9,99,2,9,6,6,2,39,7,4600,1,17,-1,8,E01016001,0,4
2024010531433,2024,010531433,2,9,0,9,9,2,8,0,0,6,0,0,0,0,1,1,6,6,2,38,7,2998,1,1,-1,10,E01003465,0,1
2024461414972,2024,461414972,1,19,0,-1,19,5,1,-1,0,0,0,0,0,0,1,9,-1,6,1,59,9,2998,1,1,-1,-1,-1,0,-1
2024471492667,2024,471492667,1,9,0,-1,5,8,4,-1,0,4,0,0,0,0,1,1,-1,9,1,80,11,2998,1,1,-1,7,E01021142,0,2
2024052400687,2024,052400687,2,3,0,18,19,3,7,0,0,8,0,0,0,0,4,1,2,2,1,23,5,125,1,8,KEEWAY SUPERLIGHT,1,E01006778,0,1
2024061467248,2024,061467248,1,3,0,-1,13,4,4,-1,0,1,0,0,1,0,1,1,-1,2,1,18,4,124,1,1,KEEWAY SUPERLIGHT,4,E01005006,0,1
2024520003115,2024,520003115,2,3,0,18,19,6,2,0,0,8,0,0,0,0,4,1,6,6,1,18,4,125,1,4,KEEWAY SUPERLIGHT,4,E01014437,0,1
2024221527798,2024,221527798,2,3,0,-1,14,4,8,-1,0,8,0,0,0,0,1,1,-1,2,1,21,5,124,1,0,KEEWAY SUPERLIGHT,1,E01014164,0,1
2024430011809,2024,430011809,2,3,0,18,19,5,1,0,0,8,0,0,0,0,1,1,6,6,1,36,7,124,1,2,KEEWAY SUPERLIGHT,9,E01028785,0,1
2024201519961,2024,201519961,2,3,0,-1,19,6,2,-1,0,1,0,0,0,0,3,1,-1,9,1,55,8,124,1,3,KEEWAY SUPERLIGHT,2,E01009929,0,1
2024061496609,2024,061496609,2,3,0,-1,19,7,3,-1,0,8,1,0,0,0,0,1,-1,6,2,48,8,125,1,6,KEEWAY SUPERLIGHT,1,E01032557,0,2
2024371475685,2024,371475685,2,3,0,-1,19,5,1,-1,0,0,1,0,0,0,4,1,-1,6,1,22,5,125,1,6,KEEWAY SUPERLIGHT,1,E01030035,0,1
2024201516344,2024,201516344,2,3,0,-1,19,3,7,-1,0,4,0,0,0,0,3,1,-1,2,1,45,7,125,1,5,KEEWAY SUPERLIGHT,5,E01010109,0,3
2024522403255,2024,522403255,1,3,0,13,13,5,1,0,0,1,1,0,0,0,1,1,6,6,1,61,9,124,1,1,KEEWAY SUPERLIGHT,2,E01014636,0,1
2024201448750,2024,201448750,1,3,0,-1,19,8,4,-1,0,0,0,0,0,0,3,1,-1,2,1,61,9,124,1,3,KEEWAY SUPERLIGHT,3,E01008945,0,2
2024622400464,2024,622400464,1,3,0,18,19,6,2,0,0,1,0,0,0,0,2,1,6,6,1,41,7,124,1,1,KEEWAY SUPERLIGHT,7,W01001882,0,3
2024471470209,2024,471470209,2,3,0,-1,15,1,1,-1,0,1,1,0,0,0,1,1,-1,9,1,26,6,124,1,1,KEEWAY SUPERLIGHT,5,E01021059,0,1