collision_index,collision_year,collision_ref_no,vehicle_reference,vehicle_type,towing_and_articulation,vehicle_manoeuvre_historic,vehicle_manoeuvre,vehicle_direction_from,vehicle_direction_to,vehicle_location_restricted_lane_historic,vehicle_location_restricted_lane,junction_location,skidding_and_overturning,hit_object_in_carriageway,vehicle_leaving_carriageway,hit_object_off_carriageway,first_point_of_impact,vehicle_left_hand_drive,journey_purpose_of_driver_historic,journey_purpose_of_driver,sex_of_driver,age_of_driver,age_band_of_driver,engine_capacity_cc,propulsion_code,age_of_vehicle,generic_make_model,driver_imd_decile,lsoa_of_driver,escooter_flag,driver_distance_banding
2024131408598,2024,131408598,1,3,0,-1,19,7,3,-1,0,0,1,0,0,0,3,1,-1,9,1,51,8,124,1,0,KEEWAY SUPERLIGHT,1,E01010730,0,3
2024101489208,2024,101489208,2,3,0,-1,19,1,5,-1,0,3,0,0,0,0,1,1,-1,6,1,27,6,124,1,2,KEEWAY SUPERLIGHT,1,E01008793,0,2
2024122400692,2024,122400692,3,4,0,18,19,3,7,0,0,0,0,1,1,0,3,1,6,6,1,32,6,125,1,8,KEEWAY SUPERLIGHT,7,E01010726,0,4
2024320280185,2024,320280185,2,3,0,7,7,4,5,0,0,6,0,0,0,0,2,1,6,6,1,17,4,124,1,3,KEEWAY SUPERLIGHT,9,E01026197,0,4
2024141489199,2024,141489199,1,3,0,-1,19,5,1,-1,0,1,0,0,7,11,4,1,-1,6,1,19,4,124,1,2,KEEWAY SUPERLIGHT,7,E01007471,0,1
2024411465276,2024,411465276,1,3,0,-1,19,5,1,-1,0,0,0,0,7,10,1,1,-1,1,1,27,6,125,1,4,KEEWAY SUPERLIGHT,8,E01001400,0,3
2024461507774,2024,461507774,2,3,0,-1,19,4,8,-1,0,2,0,0,0,0,2,1,-1,6,1,46,8,124,1,3,KEEWAY SUPERLIGHT,5,E01016034,0,1
2024111476642,2024,111476642,1,3,0,-1,19,8,5,-1,0,0,1,10,1,11,4,1,-1,6,1,25,5,124,1,1,KEEWAY SUPERLIGHT,-1,-1,0,-1
2024141417241,2024,141417241,2,3,0,-1,19,1,6,-1,0,1,0,0,0,0,1,1,-1,9,1,18,4,125,1,7,KEEWAY SUPERLIGHT,3,E01007793,0,1
2024440307494,2024,440307494,2,3,0,18,19,6,2,0,0,1,0,0,0,0,1,1,6,6,1,27,6,124,1,2,KEEWAY SUPERLIGHT,8,E01023274,0,1
2024421449800,2024,421449800,2,3,0,-1,10,7,5,-1,0,0,1,0,0,0,3,1,-1,9,1,24,5,125,1,10,KEEWAY SUPERLIGHT,8,E01021717,0,3
2024010503193,2024,010503193,1,3,0,18,19,5,1,0,0,8,1,0,0,0,3,1,2,2,1,27,6,124,1,2,KEEWAY SUPERLIGHT,7,E01003764,0,2
2024440090851,2024,440090851,1,3,0,4,4,7,3,0,0,8,0,0,0,0,2,1,2,2,1,31,6,125,1,4,KEEWAY SUPERLIGHT,10,E01022954,0,1
2024161410601,2024,161410601,1,3,0,-1,19,1,5,-1,0,2,0,0,0,0,1,1,-1,6,1,44,7,125,1,5,KEEWAY SUPERLIGHT,3,E01013192,0,1
2024991448626,2024,991448626,1,3,0,-1,19,8,4,-1,0,8,0,0,0,0,1,1,-1,9,2,34,6,124,1,2,KEEWAY SUPERLIGHT,3,-1,0,1
2024122401047,2024,122401047,1,3,0,18,19,7,3,0,0,0,0,11,0,0,1,1,6,6,2,22,5,124,1,13,KEEWAY SUPERLIGHT,4,E01012333,0,4
2024070210666,2024,070210666,1,3,0,18,19,3,3,0,0,0,0,0,0,0,1,1,6,6,2,43,7,125,1,9,KEEWAY SUPERLIGHT,1,E01007295,0,3
2024320642767,2024,320642767,2,3,0,-1,-1,3,7,0,0,1,0,0,7,0,1,1,-1,-1,1,61,9,125,1,8,KEEWAY SUPERLIGHT,3,E01026064,0,3
2024320734089,2024,320734089,2,3,0,-1,-1,6,2,0,0,0,2,4,1,0,1,1,6,6,1,17,4,124,1,1,KEEWAY SUPERLIGHT,3,E01026270,0,1
2024311433591,2024,311433591,3,3,0,-1,19,1,5,-1,0,1,0,0,0,0,1,1,-1,6,1,42,7,124,1,2,KEEWAY SUPERLIGHT,3,E01013830,0,1
2024010544345,2024,010544345,1,3,0,4,4,1,5,0,0,1,2,99,1,99,2,1,6,6,2,23,5,125,1,4,KEEWAY SUPERLIGHT,5,E01000443,0,1
2024471408273,2024,471408273,2,3,0,-1,11,7,3,-1,0,0,0,0,0,0,4,1,-1,9,1,21,5,124,1,1,KEEWAY SUPERLIGHT,2,E01021016,0,1
2024332401062,2024,332401062,1,3,0,-1,19,2,6,-1,0,0,0,0,0,0,1,1,-1,6,1,18,4,125,1,7,KEEWAY SUPERLIGHT,5,E01025875,0,2
2024371435512,2024,371435512,2,3,0,-1,5,2,5,-1,0,8,0,0,0,0,2,1,-1,6,1,22,5,125,1,4,KEEWAY SUPERLIGHT,6,E01026902,0,3
2024111530921,2024,111530921,1,3,0,-1,13,1,5,-1,0,0,0,0,7,0,3,1,-1,6,1,17,4,124,1,3,KEEWAY SUPERLIGHT,3,E01020811,0,1
2024461494236,2024,461494236,2,3,0,-1,13,2,6,-1,0,8,0,0,0,0,1,1,-1,9,1,22,5,124,1,2,KEEWAY SUPERLIGHT,3,E01016072,0,3
2024411488961,2024,411488961,2,3,0,-1,19,6,2,-1,0,0,1,0,0,0,1,1,-1,6,2,21,5,124,1,3,KEEWAY SUPERLIGHT,7,E01017376,0,2
2024131410396,2024,131410396,1,4,0,-1,4,1,1,-1,-1,1,1,0,0,0,0,1,-1,6,1,53,8,124,1,3,KEEWAY SUPERLIGHT,1,E01010608,0,1
2024031419719,2024,031419719,2,3,0,-1,9,2,6,-1,0,0,0,0,0,0,1,1,-1,2,1,20,4,125,1,4,KEEWAY SUPERLIGHT,4,E01019340,0,2
2024991440018,2024,991440018,1,4,0,-1,19,6,2,-1,0,1,0,0,0,0,1,1,-1,9,1,51,8,124,1,3,KEEWAY SUPERLIGHT,-1,-1,0,-1
2024101424408,2024,101424408,1,3,0,-1,19,5,1,-1,0,0,2,0,0,0,3,1,-1,2,1,41,7,124,1,1,KEEWAY SUPERLIGHT,1,E01008593,0,1
2024311519012,2024,311519012,1,3,0,-1,4,5,1,-1,0,0,1,0,0,0,1,1,-1,6,1,18,4,124,1,2,KEEWAY SUPERLIGHT,-1,-1,0,-1
2024131476279,2024,131476279,2,3,0,-1,19,5,1,-1,0,0,0,0,0,0,1,1,-1,9,1,17,4,124,1,3,KEEWAY SUPERLIGHT,7,E01011145,0,1
2024211430291,2024,211430291,1,4,0,-1,4,2,6,-1,0,1,1,0,0,0,0,1,-1,6,1,58,9,125,1,8,KEEWAY SUPERLIGHT,-1,-1,0,-1
2024520403237,2024,520403237,1,3,0,18,19,6,2,0,0,0,0,0,0,0,1,1,6,6,1,31,6,124,1,1,KEEWAY SUPERLIGHT,3,E01029187,0,1
2024061499060,2024,061499060,1,3,0,-1,19,-1,-1,-1,0,9,0,0,0,0,1,1,-1,2,1,26,6,124,1,0,KEEWAY SUPERLIGHT,4,E01033993,0,3
2024430010054,2024,430010054,1,3,0,16,19,3,6,0,0,0,0,0,0,0,4,1,6,6,1,30,6,124,1,2,KEEWAY SUPERLIGHT,10,E01022537,0,2
2024061401002,2024,061401002,2,3,0,-1,19,7,3,-1,0,1,0,0,0,0,1,1,-1,6,1,31,6,124,1,2,KEEWAY SUPERLIGHT,5,E01006008,0,2
2024440027452,2024,440027452,1,3,0,18,19,2,6,0,0,0,0,0,0,0,1,1,4,7,1,17,4,124,1,3,KEEWAY SUPERLIGHT,4,E01017233,0,1
2024430550747,2024,430550747,1,3,0,4,4,7,3,0,0,1,1,0,0,0,4,1,2,2,1,47,8,125,1,5,KEEWAY SUPERLIGHT,6,E01028771,0,2
2024010519441,2024,010519441,1,3,0,-1,-1,5,1,0,0,0,0,0,1,0,1,1,2,2,1,24,5,125,1,4,KEEWAY SUPERLIGHT,-1,-1,0,-1
2024991498718,2024,991498718,2,3,0,-1,19,5,1,-1,0,0,0,0,0,0,1,1,-1,6,1,20,4,124,1,1,KEEWAY SUPERLIGHT,10,-1,0,2
2024311433266,2024,311433266,2,3,0,-1,3,5,1,-1,0,2,0,0,0,0,0,1,-1,9,1,62,9,125,1,4,KEEWAY SUPERLIGHT,1,E01013948,0,3
2024010535907,2024,010535907,1,3,0,99,99,9,9,99,99,9,9,99,9,99,1,1,2,2,1,22,5,124,1,0,KEEWAY SUPERLIGHT,3,E01000441,0,1
2024010541413,2024,010541413,1,3,0,13,13,7,3,0,0,1,0,0,0,0,1,1,6,6,3,23,5,124,1,2,KEEWAY SUPERLIGHT,-1,-1,0,-1
2024201456664,2024,201456664,2,2,0,-1,9,1,6,-1,0,5,0,0,0,0,2,1,-1,9,1,18,4,125,1,4,KEEWAY SUPERLIGHT,1,E01033895,0,1
2024041435322,2024,041435322,2,3,0,-1,19,1,5,-1,0,1,0,0,0,0,1,1,-1,9,1,55,8,125,1,5,KEEWAY SUPERLIGHT,2,E01012711,0,1
2024522402150,2024,522402150,1,3,0,18,19,2,6,0,0,0,0,0,0,0,4,1,6,6,1,20,4,124,1,2,KEEWAY SUPERLIGHT,3,E01014835,0,3
2024531488819,2024,531488819,3,9,0,-1,2,0,0,-1,0,0,0,0,0,0,1,1,-1,6,-1,-1,-1,2199,2,7,KIA SORENTO,-1,-1,0,-1
2024201413514,2024,201413514,2,9,0,-1,5,4,8,-1,0,8,0,0,0,0,1,9,-1,6,1,45,7,2199,2,13,KIA SORENTO,10,E01009827,0,1
2024031420213,2024,031420213,2,9,0,-1,19,1,5,-1,0,1,0,0,0,0,4,1,-1,9,2,56,9,2199,2,5,KIA SORENTO,-1,-1,0,-1
2024161485778,2024,161485778,2,9,0,-1,19,3,3,-1,0,0,0,0,0,0,2,1,-1,9,1,49,8,2199,2,9,KIA SORENTO,-1,-1,0,-1
2024131506609,2024,131506609,1,9,0,-1,5,2,8,-1,0,0,0,0,0,0,4,1,-1,9,2,60,9,2199,2,11,KIA SORENTO,10,E01011701,0,1
2024440111717,2024,440111717,2,9,0,4,4,1,5,0,0,1,0,0,0,0,1,1,6,6,2,54,8,2497,2,17,KIA SORENTO,6,E01023046,0,1
2024122401207,2024,122401207,2,9,0,18,19,5,1,0,0,0,0,0,0,0,1,1,6,6,1,82,11,2199,2,7,KIA SORENTO,7,E01027622,0,4
2024211528756,2024,211528756,1,9,0,-1,19,1,5,-1,0,0,0,0,0,0,3,1,-1,6,2,32,6,2151,2,1,KIA SORENTO,7,E01029806,0,1
2024361489075,2024,361489075,2,9,0,-1,10,7,6,-1,0,0,0,0,0,0,2,1,-1,9,2,42,7,1598,8,3,KIA SORENTO,5,E01034773,0,1
2024041472475,2024,041472475,1,9,0,-1,19,3,7,-1,0,0,0,0,0,0,1,1,-1,9,1,59,9,2199,2,7,KIA SORENTO,8,E01025254,0,1
2024052402468,2024,052402468,1,9,0,9,9,6,4,0,0,8,0,0,0,0,1,1,6,6,1,38,7,2199,2,10,KIA SORENTO,9,W01000261,0,4
2024552400386,2024,552400386,1,9,3,18,19,2,6,0,0,0,4,0,1,10,1,1,6,6,1,75,10,2199,2,6,KIA SORENTO,8,E01023048,0,4
2024361470274,2024,361470274,1,9,0,-1,19,5,1,-1,0,0,0,11,0,0,1,1,-1,6,1,32,6,2497,2,18,KIA SORENTO,1,E01026595,0,1
2024010508559,2024,010508559,1,9,0,9,9,6,4,8,6,2,0,0,0,0,1,2,6,6,1,46,8,1598,8,1,KIA SORENTO,7,E01032570,0,2
2024430612972,2024,430612972,2,9,0,17,19,4,2,0,0,8,0,0,0,0,1,1,6,6,2,72,10,2199,2,5,KIA SORENTO,8,E01017811,0,1
2024430548181,2024,430548181,1,9,0,18,19,1,5,0,0,4,0,0,0,0,1,1,6,6,1,36,7,2199,2,13,KIA SORENTO,6,E01028437,0,1
2024340NN0742,2024,340NN0742,1,9,0,-1,19,3,7,-1,0,0,0,0,0,0,1,1,-1,9,2,75,10,2497,2,15,KIA SORENTO,10,E01027086,0,1
2024131522481,2024,131522481,1,9,0,-1,9,5,1,-1,0,6,0,0,0,0,4,1,-1,9,1,45,7,1598,8,3,KIA SORENTO,3,E01011322,0,3
2024041444964,2024,041444964,1,9,0,-1,19,2,4,-1,0,1,0,0,0,0,1,1,-1,9,2,34,6,2199,2,6,KIA SORENTO,10,E01025337,0,1
2024471501216,2024,471501216,1,9,0,-1,9,1,7,-1,0,2,0,0,0,0,4,1,-1,9,2,38,7,2199,2,9,KIA SORENTO,4,E01021111,0,1
2024010499269,2024,010499269,1,9,0,99,99,9,9,99,99,9,9,99,9,99,2,9,6,6,2,38,7,1598,8,2,KIA SORENTO,6,E01000376,0,3
2024361400612,2024,361400612,1,9,0,-1,-1,-1,-1,-1,-1,0,0,0,0,0,2,9,-1,6,1,83,11,2199,2,6,KIA SORENTO,4,E01026667,0,1
2024061497514,2024,061497514,3,9,0,-1,2,0,0,-1,0,8,0,0,0,0,2,1,-1,6,-1,-1,-1,1598,8,0,KIA SORENTO,-1,-1,0,-1
2024351542334,2024,351542334,1,9,0,-1,9,6,4,-1,0,6,0,0,1,0,3,1,-1,6,2,48,8,2199,2,8,KIA SORENTO,10,E01018288,0,2
2024141483080,2024,141483080,1,9,0,-1,19,1,5,-1,0,8,1,0,0,0,1,1,-1,6,1,45,7,2151,2,3,KIA SORENTO,4,E01007731,0,4
2024320236709,2024,320236709,2,9,0,-1,-1,1,5,0,0,0,0,0,0,0,1,1,6,6,2,42,7,2199,2,7,KIA SORENTO,7,E01013322,0,2
202460Q045022,2024,60Q045022,2,9,0,3,3,3,7,0,0,1,1,0,1,9,2,1,1,1,2,35,6,2199,2,14,KIA SORENTO,-1,-1,0,-1
2024520002485,2024,520002485,2,9,0,18,19,7,3,0,0,2,0,0,0,0,1,1,6,6,2,41,7,2497,2,16,KIA SORENTO,6,E01035205,0,3
2024471416154,2024,471416154,2,9,0,-1,2,0,0,-1,0,0,0,0,0,0,4,1,-1,6,3,-1,-1,2199,2,11,KIA SORENTO,-1,-1,0,-1
2024041434307,2024,041434307,2,9,3,-1,19,7,4,-1,0,2,0,0,0,0,4,1,-1,9,1,45,7,2199,2,14,KIA SORENTO,6,E01025457,0,1
2024010521376,2024,010521376,2,9,0,8,8,1,3,0,0,1,0,0,0,0,4,1,3,7,2,47,8,2199,2,9,KIA SORENTO,5,E01002584,0,1
2024141489447,2024,141489447,1,9,0,-1,19,2,6,-1,0,0,0,0,0,0,1,1,-1,7,2,35,6,2199,2,6,KIA SORENTO,9,E01007690,0,1
2024440286083,2024,440286083,3,9,0,18,19,5,1,0,0,0,0,0,0,0,1,1,6,6,2,46,8,2199,2,5,KIA SORENTO,8,E01022889,0,1
2024440380665,2024,440380665,2,9,0,18,19,7,3,0,0,0,0,0,0,0,3,1,2,2,2,56,9,2199,2,11,KIA SORENTO,10,E01022553,0,2
2024451506347,2024,451506347,1,9,0,-1,19,1,5,-1,0,0,5,4,2,10,3,1,-1,9,1,48,8,1598,8,0,KIA SORENTO,5,E01033741,0,4
2024010523854,2024,010523854,1,9,0,5,5,0,4,0,0,9,0,0,0,0,1,9,6,6,3,-1,-1,1598,8,1,KIA SORENTO,-1,-1,0,-1
2024361490594,2024,361490594,2,9,0,-1,19,2,5,-1,0,1,0,0,0,0,2,1,-1,9,2,54,8,2497,2,16,KIA SORENTO,4,E01026749,0,3
2024122401167,2024,122401167,1,9,0,18,19,4,8,0,0,1,0,0,0,0,1,1,6,6,3,-1,-1,2199,2,8,KIA SORENTO,-1,-1,0,-1
2024471497798,2024,471497798,1,9,0,-1,19,6,2,-1,0,0,1,4,2,0,1,1,-1,7,2,39,7,2199,2,5,KIA SORENTO,8,E01021134,0,1
2024421417646,2024,421417646,1,9,0,-1,19,-1,-1,-1,0,3,0,0,0,0,-1,1,-1,6,3,-1,-1,2497,2,15,KIA SORENTO,-1,-1,0,-1
2024361484043,2024,361484043,1,9,0,-1,19,7,3,-1,0,0,0,0,0,0,3,1,-1,9,1,57,9,2199,2,8,KIA SORENTO,4,E01026646,0,1
2024471450103,2024,471450103,1,9,0,-1,19,5,1,-1,0,8,0,0,0,0,1,1,-1,6,1,45,7,2199,2,11,KIA SORENTO,6,E01031363,0,1
2024010537433,2024,010537433,2,9,0,99,99,9,9,99,99,9,9,99,9,99,1,9,6,6,3,-1,-1,1598,8,3,KIA SORENTO,8,E01000117,0,2
2024010538225,2024,010538225,1,9,0,18,19,3,7,0,0,0,0,0,0,0,0,1,6,6,1,54,8,1598,8,1,KIA SORENTO,3,E01000403,0,1
2024430452640,2024,430452640,1,9,0,3,3,3,7,0,0,0,0,0,0,0,3,1,2,2,1,28,6,2199,2,8,KIA SORENTO,9,E01003876,0,3
2024631429389,2024,631429389,2,9,0,-1,19,1,5,-1,0,8,0,0,1,11,1,1,-1,9,2,44,7,2199,2,8,KIA SORENTO,4,W01000535,0,2
2024201461048,2024,201461048,3,9,0,-1,3,2,6,-1,0,8,0,0,0,0,1,1,-1,6,1,57,9,1598,8,2,KIA SORENTO,-1,-1,0,-1
2024041506349,2024,041506349,2,9,0,-1,19,1,5,-1,0,8,0,0,0,0,4,1,-1,1,1,24,5,2199,2,10,KIA SORENTO,2,E01025237,0,1
2024501429308,2024,501429308,2,9,0,-1,19,8,4,-1,0,0,0,0,0,0,1,1,-1,9,1,58,9,2199,2,13,KIA SORENTO,5,E01020117,0,3
2024401408852,2024,401408852,1,9,0,-1,19,2,1,-1,9,0,0,10,1,4,1,1,-1,6,2,36,7,2199,2,9,KIA SORENTO,4,E01015810,0,3
2024041489689,2024,041489689,5,9,3,-1,4,5,1,-1,0,0,0,0,0,0,1,1,-1,6,1,67,10,2199,2,4,KIA SORENTO,9,E01006319,0,1
2024010527818,2024,010527818,1,9,0,4,4,1,5,6,6,0,0,0,0,0,2,1,6,6,2,35,6,2199,2,9,KIA SORENTO,2,E01000508,0,1
2024501502328,2024,501502328,1,9,0,-1,19,1,5,-1,0,2,1,0,2,11,1,1,-1,9,1,42,7,2497,2,20,KIA SORENTO,3,E01015219,0,2
2024201510285,2024,201510285,1,9,0,-1,19,5,1,-1,0,0,0,0,0,0,1,9,-1,6,2,43,7,2199,2,14,KIA SORENTO,6,E01013785,0,4
2024131491083,2024,131491083,1,9,0,-1,5,2,6,-1,0,6,0,0,0,0,1,1,-1,6,3,-1,-1,2199,2,9,KIA SORENTO,-1,-1,0,-1
2024131418976,2024,131418976,1,9,0,-1,19,3,7,-1,0,1,0,0,1,10,1,1,-1,6,1,71,10,2199,2,5,KIA SORENTO,10,E01027893,0,4
2024471497264,2024,471497264,2,9,0,-1,19,4,8,-1,0,0,0,0,1,0,1,1,-1,2,1,45,7,2199,2,12,KIA SORENTO,8,E01021147,0,3
2024010551064,2024,010551064,3,9,0,3,3,7,3,0,0,1,0,0,0,0,2,1,6,6,2,36,7,1598,8,3,KIA SORENTO,-1,-1,0,-1
2024161418648,2024,161418648,1,9,0,-1,4,4,8,-1,0,0,0,0,0,0,1,1,-1,9,1,57,9,1598,8,3,KIA SORENTO,5,E01013297,0,3
2024231398532,2024,231398532,1,9,0,-1,19,7,3,-1,0,0,0,0,0,0,1,1,-1,2,2,34,6,2199,2,11,KIA SORENTO,6,E01031194,0,1
2024221488090,2024,221488090,1,9,0,-1,4,6,2,-1,0,0,0,0,0,0,2,1,-1,9,2,28,6,1598,8,0,KIA SORENTO,7,E01032382,0,2
2024401402005,2024,401402005,2,9,0,-1,19,5,1,-1,0,3,0,0,0,0,2,1,-1,6,2,44,7,2199,2,10,KIA SORENTO,5,E01015746,0,1
2024411543327,2024,411543327,2,9,0,-1,2,0,0,-1,0,1,0,0,0,0,2,1,-1,6,-1,-1,-1,2199,2,7,KIA SORENTO,-1,-1,0,-1
2024991412597,2024,991412597,1,9,0,-1,14,2,6,-1,0,0,0,4,0,0,1,1,-1,6,2,68,10,2199,2,8,KIA SORENTO,9,-1,0,1
2024010502431,2024,010502431,1,8,0,3,3,1,5,0,0,4,0,0,0,0,2,1,6,6,1,57,9,1598,8,1,KIA SORENTO,2,E01003735,0,1
2024221519232,2024,221519232,2,9,0,-1,19,6,2,-1,0,8,0,0,1,0,3,1,-1,7,2,33,6,1598,8,4,KIA SORENTO,6,E01032263,0,1
2024401486587,2024,401486587,1,9,0,-1,5,5,1,-1,0,0,0,0,0,0,1,1,-1,6,1,56,9,2151,2,1,KIA SORENTO,7,E01028005,0,5
2024471422714,2024,471422714,1,9,0,-1,19,3,7,-1,0,1,1,0,0,0,3,1,-1,6,2,32,6,2497,2,17,KIA SORENTO,3,E01022908,0,2
2024010534840,2024,010534840,1,9,0,2,2,0,0,0,0,1,0,4,0,0,1,2,6,6,3,-1,-1,2199,2,9,KIA SORENTO,-1,-1,0,-1
2024131421259,2024,131421259,1,9,0,-1,9,3,1,-1,0,6,0,0,0,0,4,1,-1,9,2,44,7,2199,2,8,KIA SORENTO,8,E01011628,0,2
2024451450057,2024,451450057,2,9,0,-1,19,5,1,-1,0,0,0,0,0,0,1,1,-1,9,2,36,7,2151,2,3,KIA SORENTO,6,E01030681,0,1
2024430143199,2024,430143199,1,9,0,9,9,8,6,0,0,6,0,0,0,0,3,1,6,6,1,44,7,2199,2,6,KIA SORENTO,10,E01016267,0,1
2024631461975,2024,631461975,1,9,0,-1,12,8,4,-1,0,0,1,0,0,0,3,1,-1,9,1,64,9,2199,2,9,KIA SORENTO,10,E01025803,0,5
2024440037933,2024,440037933,2,9,0,7,7,1,3,0,0,6,0,0,0,0,1,1,6,6,2,37,7,2199,2,6,KIA SORENTO,10,E01023220,0,1
2024440205511,2024,440205511,4,9,0,18,19,3,7,0,0,1,0,0,0,0,1,1,1,1,1,22,5,2151,2,2,KIA SORENTO,6,E01031414,0,4
2024548425524,2024,548425524,1,9,0,18,19,8,4,0,0,0,0,0,0,0,1,1,6,6,2,54,8,2199,2,5,KIA SORENTO,6,E01034548,0,1
2024411434721,2024,411434721,1,9,0,-1,19,3,7,-1,0,0,0,0,0,0,1,1,-1,6,1,53,8,2199,2,7,KIA SORENTO,4,E01015724,0,3
202417H108224,2024,17H108224,1,9,0,-1,19,3,7,-1,0,8,0,0,0,0,4,1,-1,8,2,-1,-1,2199,2,8,KIA SORENTO,-1,-1,0,-1
2024321454864,2024,321454864,1,9,0,-1,19,1,5,-1,0,8,0,0,0,0,4,1,-1,2,1,40,7,2500,2,20,KIA SORENTO,-1,-1,0,-1
2024540854824,2024,540854824,2,9,0,2,2,0,0,0,0,0,0,0,0,0,3,1,6,6,3,-1,-1,2199,2,14,KIA SORENTO,-1,-1,0,-1
2024010533685,2024,010533685,2,9,0,9,9,7,4,4,4,1,0,0,0,0,3,1,1,1,1,51,8,1598,8,3,KIA SORENTO,2,E01003508,0,2
2024311528437,2024,311528437,1,9,0,-1,9,6,3,-1,0,2,0,0,0,0,1,1,-1,6,1,29,6,2497,2,17,KIA SORENTO,2,E01028044,0,1
2024610033524,2024,610033524,1,9,0,18,19,6,2,0,0,0,5,0,1,10,1,1,6,6,3,-1,-1,2497,2,16,KIA SORENTO,-1,-1,0,-1
2024471490713,2024,471490713,1,9,0,-1,19,6,2,-1,0,0,0,0,0,0,1,1,-1,9,1,72,10,1598,8,3,KIA SORENTO,6,E01035345,0,1
2024041497286,2024,041497286,1,9,3,-1,19,3,7,-1,0,0,0,0,0,0,4,1,-1,9,1,77,11,2199,2,14,KIA SORENTO,3,E01025376,0,1
2024131403301,2024,131403301,1,9,0,-1,9,3,2,-1,0,6,0,0,0,0,1,1,-1,9,2,45,7,2199,2,8,KIA SORENTO,5,E01011226,0,1
2024101526592,2024,101526592,1,9,0,-1,19,1,5,-1,0,8,0,0,0,0,4,9,-1,6,2,53,8,2199,2,7,KIA SORENTO,10,E01023694,0,5
2024141473047,2024,141473047,2,9,0,-1,19,6,1,-1,0,1,0,0,0,0,1,1,-1,9,1,80,11,2199,2,7,KIA SORENTO,2,E01034845,0,1
2024991419095,2024,991419095,2,9,0,-1,2,0,0,-1,0,2,0,4,0,0,1,1,-1,6,3,-1,-1,2199,2,9,KIA SORENTO,-1,-1,0,-1
2024131431475,2024,131431475,1,9,0,-1,19,1,5,-1,0,8,0,0,0,0,4,1,-1,9,1,49,8,2199,2,9,KIA SORENTO,8,E01011185,0,2
2024451472499,2024,451472499,1,9,0,-1,4,1,5,-1,0,0,0,0,1,0,3,1,-1,9,1,34,6,2199,2,7,KIA SORENTO,8,E01030688,0,1
2024010518070,2024,010518070,3,9,0,12,12,7,3,0,0,0,0,0,0,0,3,1,6,6,3,-1,-1,2199,2,6,KIA SORENTO,-1,-1,0,-1
2024471491929,2024,471491929,1,9,0,-1,19,3,7,-1,0,1,0,0,0,0,1,1,-1,9,2,27,6,2497,2,19,KIA SORENTO,9,E01031655,0,1
2024451515027,2024,451515027,2,9,0,-1,2,0,0,-1,0,1,0,0,0,0,2,1,-1,6,1,42,7,2199,2,12,KIA SORENTO,6,E01030765,0,1
2024531484216,2024,531484216,1,8,0,-1,2,1,3,-1,0,0,0,0,0,0,1,1,-1,6,1,51,8,2199,2,11,KIA SORENTO,1,E01022346,0,1
2024501424380,2024,501424380,1,19,0,-1,19,1,5,-1,0,1,0,0,0,0,1,9,-1,6,1,37,7,2488,2,10,NISSAN NT400,-1,-1,0,-1
2024461469105,2024,461469105,1,20,0,-1,19,6,2,-1,0,0,0,0,0,0,1,9,-1,1,1,-1,-1,2953,2,9,NISSAN NT400,8,E01024511,0,4
2024361443398,2024,361443398,1,19,0,-1,13,7,7,-1,0,1,0,0,0,0,2,1,-1,6,1,56,9,2488,2,9,NISSAN NT400,4,E01026656,0,4
2024122400527,2024,122400527,1,19,0,13,13,7,3,0,0,0,0,0,0,0,4,1,6,6,1,37,7,2953,2,7,NISSAN NT400,1,E01008090,0,4
2024041507116,2024,041507116,1,19,0,-1,19,4,8,-1,0,1,0,0,1,0,1,1,-1,1,1,18,4,2488,2,9,NISSAN NT400,2,E01025268,0,2
2024531416350,2024,531416350,1,19,0,-1,9,5,1,-1,0,8,0,0,0,0,3,1,-1,1,1,64,9,2953,2,5,NISSAN NT400,9,E01022202,0,3
2024031420213,2024,031420213,1,19,0,-1,5,3,5,-1,0,1,0,0,0,0,1,1,-1,1,1,55,8,2488,2,9,NISSAN NT400,-1,-1,0,-1
2024010542067,2024,010542067,1,19,0,18,19,8,4,0,0,0,0,0,0,0,4,1,1,1,1,46,8,2953,2,5,NISSAN NT400,10,E01023714,0,4
2024010544649,2024,010544649,1,19,0,99,99,9,9,99,99,9,9,99,9,99,2,9,2,2,1,52,8,2488,2,8,NISSAN NT400,8,E01001400,0,1
2024552401230,2024,552401230,1,19,0,5,5,3,7,0,0,0,0,0,0,0,3,1,6,6,1,65,9,2488,2,8,NISSAN NT400,3,E01015359,0,1
2024101508051,2024,101508051,1,19,0,-1,6,5,1,-1,0,0,0,0,0,0,1,1,-1,1,1,23,5,2488,2,9,NISSAN NT400,7,E01027450,0,2
2024991431506,2024,991431506,2,19,0,-1,19,4,8,-1,0,1,0,0,0,0,1,1,-1,1,1,57,9,2488,2,8,NISSAN NT400,5,-1,0,4
2024501487053,2024,501487053,2,19,0,-1,9,5,1,-1,0,1,0,0,0,0,2,1,-1,1,1,60,9,2488,2,8,NISSAN NT400,5,E01020147,0,3
2024302401479,2024,302401479,1,9,0,9,9,5,3,0,0,0,1,0,1,4,1,1,6,6,1,19,4,2000,1,22,-1,2,E01019505,0,1
2024351525919,2024,351525919,1,9,0,-1,19,1,5,-1,0,0,2,0,0,0,3,1,-1,6,1,21,5,2000,1,24,-1,5,E01032523,0,3