collision_index,collision_year,collision_ref_no,vehicle_reference,vehicle_type,towing_and_articulation,vehicle_manoeuvre_historic,vehicle_manoeuvre,vehicle_direction_from,vehicle_direction_to,vehicle_location_restricted_lane_historic,vehicle_location_restricted_lane,junction_location,skidding_and_overturning,hit_object_in_carriageway,vehicle_leaving_carriageway,hit_object_off_carriageway,first_point_of_impact,vehicle_left_hand_drive,journey_purpose_of_driver_historic,journey_purpose_of_driver,sex_of_driver,age_of_driver,age_band_of_driver,engine_capacity_cc,propulsion_code,age_of_vehicle,generic_make_model,driver_imd_decile,lsoa_of_driver,escooter_flag,driver_distance_banding
2024041482476,2024,041482476,2,9,0,-1,2,3,7,-1,0,0,0,0,0,0,2,1,-1,6,-1,-1,-1,2488,1,20,NISSAN X-TRAIL,-1,-1,0,-1
2024421394061,2024,421394061,2,9,0,-1,9,5,2,-1,0,8,0,0,0,0,1,1,-1,9,2,47,8,1598,2,7,NISSAN X-TRAIL,7,E01021761,0,1
2024311404994,2024,311404994,2,9,0,-1,19,1,4,-1,0,0,2,0,1,9,4,1,-1,6,1,35,6,1749,2,5,NISSAN X-TRAIL,7,E01028353,0,1
2024161434157,2024,161434157,1,9,0,-1,19,2,6,-1,0,0,0,0,0,0,1,1,-1,9,2,70,10,1995,2,15,NISSAN X-TRAIL,1,E01007735,0,4
2024041423931,2024,041423931,1,9,0,-1,1,7,3,-1,9,6,0,0,0,0,2,1,-1,9,2,49,8,1995,2,6,NISSAN X-TRAIL,8,E01025302,0,1
2024471524080,2024,471524080,1,9,0,-1,7,6,8,-1,0,2,0,0,0,0,1,1,-1,9,2,27,6,1995,2,17,NISSAN X-TRAIL,10,E01031641,0,1
2024461398780,2024,461398780,4,9,0,-1,19,3,7,-1,0,0,0,0,0,0,1,9,-1,6,1,39,7,1618,1,7,NISSAN X-TRAIL,9,E01000421,0,2
2024061450402,2024,061450402,2,8,0,-1,9,-1,-1,-1,0,0,0,0,0,0,3,1,-1,6,1,-1,-1,1598,2,9,NISSAN X-TRAIL,1,E01005166,0,4
2024320217910,2024,320217910,1,9,0,9,9,2,6,0,0,8,0,0,0,0,1,1,6,6,2,48,8,1598,2,7,NISSAN X-TRAIL,6,E01026315,0,3
202454F136324,2024,54F136324,2,9,0,4,4,8,4,0,0,0,0,0,0,0,2,1,6,6,2,55,8,1598,2,6,NISSAN X-TRAIL,8,E01031897,0,4
2024421531352,2024,421531352,1,9,0,-1,10,2,8,-1,0,1,0,0,0,0,1,1,-1,6,1,52,8,1598,2,8,NISSAN X-TRAIL,3,E01021596,0,4
2024631505783,2024,631505783,1,9,0,-1,12,1,5,-1,0,0,5,0,0,0,1,1,-1,9,1,64,9,2184,2,17,NISSAN X-TRAIL,6,W01000613,0,4
2024010491163,2024,010491163,1,9,0,99,99,9,9,99,99,9,9,99,9,99,1,9,6,6,3,64,9,1618,1,8,NISSAN X-TRAIL,1,E01001845,0,1
2024101533285,2024,101533285,2,9,0,-1,19,4,8,-1,0,8,0,0,0,0,1,1,-1,6,2,39,7,1598,2,7,NISSAN X-TRAIL,1,E01008824,0,2
2024361463578,2024,361463578,2,9,0,-1,19,2,8,-1,0,0,0,0,0,0,2,1,-1,9,2,39,7,1598,2,10,NISSAN X-TRAIL,9,E01035145,0,1
2024201497974,2024,201497974,2,9,0,-1,9,1,7,-1,0,8,0,0,0,0,1,1,-1,6,1,66,10,1497,8,1,NISSAN X-TRAIL,1,E01009113,0,1
2024161519703,2024,161519703,2,9,0,-1,19,4,8,-1,0,0,0,0,0,0,1,1,-1,6,2,38,7,1598,2,8,NISSAN X-TRAIL,9,E01012813,0,1
2024061465047,2024,061465047,1,9,0,-1,7,3,7,-1,0,5,0,0,1,0,0,1,-1,7,2,37,7,1332,1,5,NISSAN X-TRAIL,2,E01005182,0,1
2024061403941,2024,061403941,1,9,0,-1,19,6,2,-1,0,0,0,0,0,0,0,9,-1,7,3,-1,-1,2184,2,17,NISSAN X-TRAIL,-1,-1,0,-1
2024010515156,2024,010515156,2,9,0,17,19,5,1,9,9,1,0,4,0,0,1,1,6,6,3,-1,-1,1497,8,0,NISSAN X-TRAIL,-1,-1,0,-1
2024461556649,2024,461556649,2,9,0,-1,3,5,1,-1,0,0,0,0,0,0,1,9,-1,6,1,57,9,1598,2,8,NISSAN X-TRAIL,7,E01024794,0,1
2024991521463,2024,991521463,1,9,0,-1,19,4,8,-1,0,8,0,0,0,0,3,1,-1,2,1,41,7,1598,2,7,NISSAN X-TRAIL,-1,-1,0,-1
2024440130195,2024,440130195,2,9,0,2,2,0,0,0,0,0,0,0,0,0,1,1,6,6,3,-1,-1,1598,2,7,NISSAN X-TRAIL,-1,-1,0,-1
2024471499578,2024,471499578,1,9,0,-1,19,3,7,-1,0,0,5,0,0,0,3,1,-1,6,2,37,7,1497,8,0,NISSAN X-TRAIL,7,E01031535,0,1
2024131442915,2024,131442915,2,9,0,-1,7,4,8,-1,0,0,0,0,0,0,1,1,-1,6,1,30,6,2184,2,18,NISSAN X-TRAIL,2,E01011222,0,3
2024440325293,2024,440325293,1,9,0,14,14,2,6,0,0,0,0,0,0,0,1,1,6,6,1,72,10,1332,1,4,NISSAN X-TRAIL,8,E01023109,0,4
2024461500881,2024,461500881,1,9,0,-1,19,5,1,-1,0,0,0,0,0,0,1,1,-1,2,1,61,9,1998,1,20,NISSAN X-TRAIL,7,E01024458,0,2
2024522403432,2024,522403432,1,9,0,17,19,6,4,0,0,8,0,0,1,11,2,1,6,6,1,26,6,1749,2,4,NISSAN X-TRAIL,5,E01014573,0,1
2024332400444,2024,332400444,1,9,0,-1,3,8,4,-1,0,1,0,0,0,0,2,1,-1,6,2,38,7,1618,1,9,NISSAN X-TRAIL,7,E01013712,0,1
2024061436974,2024,061436974,1,8,-1,-1,-1,-1,-1,-1,-1,0,-1,-1,-1,0,-1,9,-1,6,3,-1,-1,1598,2,8,NISSAN X-TRAIL,-1,-1,0,-1
2024461408807,2024,461408807,1,9,0,-1,19,7,3,-1,0,0,0,0,0,0,4,9,-1,2,2,63,9,2184,2,19,NISSAN X-TRAIL,9,E01032812,0,3
2024411516694,2024,411516694,2,9,0,-1,5,2,6,-1,0,0,0,0,7,0,2,1,-1,7,2,40,7,1618,1,7,NISSAN X-TRAIL,7,E01023942,0,1
2024010545826,2024,010545826,1,9,0,99,99,9,9,99,99,9,9,99,9,99,1,9,6,6,2,37,7,1332,1,4,NISSAN X-TRAIL,5,E01001859,0,2
2024211454476,2024,211454476,2,9,0,-1,9,3,2,-1,0,4,0,0,3,0,3,1,-1,6,2,49,8,1497,8,0,NISSAN X-TRAIL,8,E01029612,0,1
2024141508472,2024,141508472,2,9,0,-1,3,5,1,-1,0,7,0,0,0,0,0,1,-1,9,1,34,6,1497,8,0,NISSAN X-TRAIL,7,E01034252,0,1
2024332400223,2024,332400223,2,9,0,-1,12,2,6,-1,0,3,0,0,0,0,1,1,-1,6,2,32,6,1995,2,6,NISSAN X-TRAIL,3,E01025997,0,2
2024010531563,2024,010531563,2,9,0,2,2,0,0,0,0,1,0,0,0,0,2,1,6,6,3,-1,-1,1332,1,4,NISSAN X-TRAIL,-1,-1,0,-1
2024461433255,2024,461433255,2,9,0,-1,19,4,1,-1,0,0,0,1,7,0,4,1,-1,6,2,69,10,1995,2,14,NISSAN X-TRAIL,7,E01024490,0,1
2024201461583,2024,201461583,1,9,0,-1,5,7,4,-1,0,6,0,0,0,0,1,1,-1,1,1,58,9,1332,1,3,NISSAN X-TRAIL,5,W01001250,0,5
2024421417298,2024,421417298,1,9,0,-1,19,2,6,-1,0,1,0,0,0,0,1,1,-1,6,2,36,7,1598,2,6,NISSAN X-TRAIL,8,E01021537,0,1
2024461523376,2024,461523376,2,9,0,-1,2,0,0,-1,0,0,0,0,0,0,4,1,-1,9,1,53,8,2488,1,19,NISSAN X-TRAIL,2,E01024249,0,1
2024161526900,2024,161526900,4,9,0,-1,2,0,0,-1,0,1,0,0,0,0,3,1,-1,6,-1,-1,-1,1598,2,7,NISSAN X-TRAIL,-1,-1,0,-1
2024161397861,2024,161397861,1,9,0,-1,19,2,6,-1,0,0,5,0,7,0,0,1,-1,9,2,54,8,1598,2,8,NISSAN X-TRAIL,5,E01012991,0,1
2024031527469,2024,031527469,1,9,0,-1,19,5,1,-1,0,0,0,0,0,0,4,1,-1,6,3,60,9,2488,1,19,NISSAN X-TRAIL,-1,-1,0,-1
2024340NN3842,2024,340NN3842,2,9,0,-1,19,3,7,-1,0,8,1,0,0,0,4,1,-1,9,1,56,9,1497,8,0,NISSAN X-TRAIL,5,E01027316,0,1
2024070720297,2024,070720297,1,9,0,-1,19,5,1,-1,0,3,0,0,0,0,1,1,-1,9,1,38,7,1598,2,7,NISSAN X-TRAIL,7,E01010379,0,4
2024010519065,2024,010519065,3,9,0,2,2,0,0,0,0,1,0,0,0,0,2,1,6,6,3,-1,-1,1332,1,4,NISSAN X-TRAIL,-1,-1,0,-1
2024451440974,2024,451440974,1,9,0,-1,9,2,8,-1,0,6,0,0,0,0,1,1,-1,9,2,59,9,1598,2,9,NISSAN X-TRAIL,3,E01002595,0,2
2024221531076,2024,221531076,2,9,0,-1,4,5,8,-1,0,0,1,0,2,4,4,1,-1,2,2,30,6,1995,2,15,NISSAN X-TRAIL,5,E01034678,0,3
2024010532494,2024,010532494,4,9,0,18,19,1,5,0,0,2,0,0,0,0,1,1,6,6,2,59,9,1497,8,0,NISSAN X-TRAIL,3,E01003634,0,3
2024471477918,2024,471477918,3,9,0,-1,19,8,4,-1,0,0,0,0,0,0,4,1,-1,6,1,43,7,1749,2,5,NISSAN X-TRAIL,7,E01034462,0,5
2024141424444,2024,141424444,1,9,0,-1,7,1,3,-1,0,3,1,0,0,0,4,1,-1,6,2,44,7,1598,2,9,NISSAN X-TRAIL,5,E01007687,0,1
2024010545582,2024,010545582,1,9,0,-1,-1,5,1,0,0,0,0,0,0,0,1,1,6,6,2,32,6,1618,1,7,NISSAN X-TRAIL,3,E01034146,0,1
2024010538661,2024,010538661,2,9,0,18,19,5,1,0,0,1,0,0,0,0,3,1,6,6,1,46,8,1497,8,2,NISSAN X-TRAIL,4,E01000416,0,1
2024430482824,2024,430482824,1,9,0,9,9,4,2,0,0,5,0,0,0,0,4,1,6,6,1,74,10,1497,8,0,NISSAN X-TRAIL,8,E01016320,0,1
2024320518266,2024,320518266,1,9,0,-1,-1,2,6,0,0,6,5,0,0,0,3,1,6,6,2,38,7,1598,2,8,NISSAN X-TRAIL,8,E01026053,0,4
2024430574124,2024,430574124,2,9,0,18,19,2,6,0,0,8,0,0,0,0,1,1,6,6,2,35,6,1598,2,7,NISSAN X-TRAIL,9,E01035246,0,1
2024430614949,2024,430614949,2,9,0,18,19,3,7,0,0,8,0,0,0,0,1,1,1,1,1,55,8,1598,2,8,NISSAN X-TRAIL,-1,-1,0,-1
2024052402130,2024,052402130,2,9,0,18,19,6,2,0,0,1,0,0,0,0,1,1,2,2,1,-1,-1,1995,2,15,NISSAN X-TRAIL,3,E01006543,0,2
2024010542735,2024,010542735,2,9,0,2,2,0,0,5,5,2,0,0,0,0,3,1,6,6,3,-1,-1,1598,2,6,NISSAN X-TRAIL,-1,-1,0,-1
2024061521547,2024,061521547,2,9,0,-1,19,7,3,-1,0,8,0,0,0,0,1,9,-1,6,2,57,9,1598,2,9,NISSAN X-TRAIL,3,E01006126,0,2
2024311546397,2024,311546397,1,9,0,-1,19,8,4,-1,0,1,0,0,0,0,1,1,-1,2,1,61,9,1598,2,8,NISSAN X-TRAIL,2,E01013906,0,1
2024631506001,2024,631506001,1,9,0,-1,19,8,3,-1,0,0,0,0,0,0,3,1,-1,9,1,57,9,1497,8,1,NISSAN X-TRAIL,5,W01000632,0,3
2024041461692,2024,041461692,2,9,0,-1,19,5,1,-1,0,0,0,0,0,0,4,1,-1,9,1,26,6,1497,8,0,NISSAN X-TRAIL,5,E01025428,0,1
202460Q090928,2024,60Q090928,2,9,0,18,19,1,5,0,0,1,0,0,0,0,4,1,6,6,1,66,10,1995,2,16,NISSAN X-TRAIL,-1,-1,0,-1
2024161418780,2024,161418780,2,9,0,-1,4,5,1,-1,0,0,0,0,0,0,2,1,-1,9,1,39,7,1598,2,9,NISSAN X-TRAIL,5,E01007640,0,3
2024010549718,2024,010549718,1,9,0,7,7,1,3,0,0,2,0,0,3,0,1,1,6,6,2,36,7,1497,8,0,NISSAN X-TRAIL,4,E01003480,0,1
2024010547907,2024,010547907,2,9,0,99,99,9,9,99,99,9,9,99,9,99,4,9,6,6,2,75,10,1618,1,9,NISSAN X-TRAIL,10,E01000839,0,1
2024131468911,2024,131468911,1,9,0,-1,19,7,2,-1,0,0,0,0,0,0,1,1,-1,9,2,42,7,1598,2,8,NISSAN X-TRAIL,2,E01011298,0,1
2024041470671,2024,041470671,3,9,0,-1,19,3,7,-1,0,0,0,0,0,0,2,1,-1,9,2,41,7,1618,1,8,NISSAN X-TRAIL,6,E01025315,0,1
2024991453013,2024,991453013,1,9,0,-1,1,1,5,-1,0,5,0,0,0,0,2,1,-1,9,2,51,8,1749,2,5,NISSAN X-TRAIL,6,-1,0,1
2024101432225,2024,101432225,2,9,0,-1,19,5,1,-1,0,4,0,0,1,0,1,9,-1,6,3,20,4,1995,2,16,NISSAN X-TRAIL,-1,-1,0,-1
2024451495995,2024,451495995,1,9,0,-1,19,5,5,-1,0,1,0,0,0,0,1,1,-1,9,1,66,10,1995,2,14,NISSAN X-TRAIL,8,E01030785,0,3
2024041482018,2024,041482018,1,9,0,-1,19,7,3,-1,0,1,0,0,0,0,1,1,-1,9,1,31,6,1598,2,9,NISSAN X-TRAIL,1,E01025579,0,1
2024031460474,2024,031460474,1,9,0,-1,19,1,5,-1,0,0,0,0,1,0,1,9,-1,6,2,48,8,1598,2,8,NISSAN X-TRAIL,1,E01008425,0,4
2024010543798,2024,010543798,4,9,0,3,3,1,5,0,0,2,0,0,0,0,0,1,6,6,1,60,9,1497,8,1,NISSAN X-TRAIL,10,E01002286,0,1
2024161418689,2024,161418689,1,9,0,-1,19,7,3,-1,0,0,0,0,0,0,1,1,-1,2,2,51,8,1497,8,0,NISSAN X-TRAIL,7,E01013226,0,1
2024010497966,2024,010497966,2,9,0,2,2,0,0,9,9,5,0,0,0,0,1,1,6,6,3,-1,-1,1618,1,7,NISSAN X-TRAIL,-1,-1,0,-1
2024061514557,2024,061514557,2,9,0,-1,3,8,4,-1,0,1,0,0,0,0,2,1,-1,9,2,43,7,1332,1,3,NISSAN X-TRAIL,8,E01005043,0,1
2024141464962,2024,141464962,1,9,0,-1,6,2,2,-1,0,0,0,0,0,0,4,1,-1,6,1,43,7,1995,2,12,NISSAN X-TRAIL,2,E01007782,0,1
2024421440129,2024,421440129,1,9,0,-1,19,5,1,-1,0,6,0,0,0,0,1,1,-1,6,1,43,7,1995,2,7,NISSAN X-TRAIL,4,E01015958,0,1
2024471440971,2024,471440971,1,9,0,-1,7,1,5,-1,0,8,0,0,0,0,1,1,-1,9,1,52,8,1598,2,9,NISSAN X-TRAIL,6,E01031782,0,1
2024111515024,2024,111515024,2,9,0,-1,19,1,5,-1,0,0,0,0,0,0,1,1,-1,6,1,38,7,1497,8,1,NISSAN X-TRAIL,5,E01020864,0,1
2024461491683,2024,461491683,1,9,0,-1,5,3,7,-1,0,4,0,0,0,0,0,1,-1,6,2,56,9,1598,2,8,NISSAN X-TRAIL,3,E01024570,0,4
2024052402880,2024,052402880,1,9,0,4,4,3,7,0,0,0,0,0,0,0,0,1,6,6,3,-1,-1,1598,2,6,NISSAN X-TRAIL,-1,-1,0,-1
2024471396956,2024,471396956,2,9,0,-1,4,2,5,-1,0,0,0,0,0,0,2,1,-1,2,1,54,8,1497,8,1,NISSAN X-TRAIL,7,E01031566,0,1
2024131485519,2024,131485519,2,9,0,-1,19,3,7,-1,0,0,0,0,0,0,2,1,-1,2,1,44,7,1598,2,10,NISSAN X-TRAIL,3,E01007345,0,3
2024501489249,2024,501489249,1,9,0,-1,19,7,3,-1,0,0,0,0,0,0,4,1,-1,6,1,70,10,1995,2,12,NISSAN X-TRAIL,9,E01020185,0,1
2024101490422,2024,101490422,2,9,0,-1,19,5,1,-1,0,0,0,0,0,0,1,1,-1,9,2,42,7,1749,2,5,NISSAN X-TRAIL,3,E01008831,0,1
2024052400345,2024,052400345,2,9,0,18,19,7,3,0,0,8,0,0,0,0,4,1,6,6,1,50,8,1995,2,6,NISSAN X-TRAIL,1,E01006675,0,1
2024520001400,2024,520001400,1,9,0,10,10,8,4,0,0,8,0,0,0,0,1,1,6,6,2,55,8,1598,2,8,NISSAN X-TRAIL,7,E01034541,0,3
2024531465108,2024,531465108,1,9,0,-1,19,3,7,-1,0,0,0,0,7,0,1,1,-1,6,2,57,9,2184,2,19,NISSAN X-TRAIL,7,E01022445,0,3
2024131510816,2024,131510816,1,9,0,-1,19,8,4,-1,0,6,5,0,0,0,4,1,-1,9,1,40,7,1598,2,9,NISSAN X-TRAIL,6,E01035050,0,1
2024440466876,2024,440466876,1,9,0,16,19,4,7,0,0,0,0,0,0,0,1,1,6,6,2,62,9,1598,2,6,NISSAN X-TRAIL,10,E01023276,0,1
2024351407468,2024,351407468,1,9,0,-1,-1,-1,-1,-1,-1,-1,-1,-1,-1,0,-1,1,-1,6,1,43,7,1618,1,6,NISSAN X-TRAIL,5,E01018163,0,1
2024231447601,2024,231447601,3,9,0,-1,19,1,4,-1,0,0,0,0,0,0,2,1,-1,6,2,53,8,2184,2,21,NISSAN X-TRAIL,5,E01031190,0,1
2024522401994,2024,522401994,1,9,0,18,19,1,5,0,0,1,5,10,4,6,1,1,6,6,1,75,10,1598,2,5,NISSAN X-TRAIL,6,E01014984,0,1
2024311495576,2024,311495576,2,9,0,-1,9,3,8,-1,0,8,0,0,0,0,3,1,-1,9,2,34,6,1598,2,9,NISSAN X-TRAIL,6,E01033772,0,1
2024440103175,2024,440103175,2,9,0,9,9,2,8,0,0,6,0,0,0,0,1,1,6,6,1,50,8,1598,2,10,NISSAN X-TRAIL,3,E01017133,0,3
2024631516484,2024,631516484,1,9,0,-1,19,8,4,-1,0,0,0,0,0,0,2,1,-1,6,1,63,9,1497,8,1,NISSAN X-TRAIL,4,W01000516,0,1
2024010545932,2024,010545932,2,9,0,99,99,9,9,99,99,9,9,99,9,99,1,9,6,6,2,32,6,1497,8,1,NISSAN X-TRAIL,2,E01004185,0,1
2024440084498,2024,440084498,1,9,0,18,19,6,2,0,0,0,0,0,0,0,1,1,6,6,1,39,7,1598,2,8,NISSAN X-TRAIL,6,E01023028,0,1
2024211497398,2024,211497398,1,9,0,-1,7,1,5,-1,0,1,0,0,0,0,3,1,-1,9,2,58,9,1598,2,7,NISSAN X-TRAIL,9,E01029784,0,3
2024471509045,2024,471509045,2,9,0,-1,5,3,7,-1,0,0,0,0,0,0,1,1,-1,6,2,-1,-1,1497,8,0,NISSAN X-TRAIL,2,E01021091,0,4
2024141542403,2024,141542403,1,9,0,-1,3,5,1,-1,0,0,0,0,0,0,2,1,-1,9,2,67,10,2488,1,19,NISSAN X-TRAIL,7,E01007827,0,1
2024101407221,2024,101407221,3,9,0,-1,4,6,5,-1,0,0,0,0,0,0,0,1,-1,6,2,31,6,1598,2,7,NISSAN X-TRAIL,-1,-1,0,-1
2024340WN2642,2024,340WN2642,1,9,0,-1,19,7,3,-1,0,0,0,10,1,11,4,1,-1,6,2,55,8,1749,2,4,NISSAN X-TRAIL,2,E01027249,0,1
2024070177807,2024,070177807,1,9,0,18,19,1,5,0,0,2,0,0,0,0,1,1,6,6,1,43,7,1598,2,7,NISSAN X-TRAIL,9,E01018365,0,1
2024131490981,2024,131490981,1,9,0,-1,19,8,4,-1,0,1,0,0,0,0,1,1,-1,9,1,52,8,1598,2,9,NISSAN X-TRAIL,1,E01011922,0,3
2024991535240,2024,991535240,2,9,0,-1,19,4,8,-1,0,0,0,0,0,0,2,1,-1,6,2,32,6,1598,2,8,NISSAN X-TRAIL,6,-1,0,1
2024010507300,2024,010507300,2,9,0,18,19,7,3,0,0,0,0,0,0,0,0,1,6,6,1,54,8,1618,1,7,NISSAN X-TRAIL,4,E01023146,0,4
2024522402275,2024,522402275,1,9,0,17,19,4,1,0,0,8,0,0,0,0,4,1,6,6,1,33,6,1598,2,7,NISSAN X-TRAIL,7,E01029089,0,3
2024430470139,2024,430470139,1,9,0,18,19,2,6,0,0,0,0,0,0,0,1,1,6,6,2,61,9,1497,8,0,NISSAN X-TRAIL,-1,-1,0,-1
2024461512998,2024,461512998,1,9,0,-1,14,3,7,-1,0,0,0,0,0,0,1,9,-1,2,2,36,7,1598,2,9,NISSAN X-TRAIL,6,E01024079,0,1
2024361513082,2024,361513082,1,9,0,-1,13,5,1,-1,9,0,0,0,1,11,1,1,-1,9,1,73,10,1497,8,1,NISSAN X-TRAIL,7,E01030125,0,4
2024201461468,2024,201461468,1,8,0,-1,19,6,2,-1,0,6,0,0,0,0,1,1,-1,6,1,40,7,1598,2,7,NISSAN X-TRAIL,1,E01009640,0,4
2024991438327,2024,991438327,2,9,0,-1,19,7,3,-1,0,0,0,0,0,0,4,1,-1,9,2,41,7,1598,2,8,NISSAN X-TRAIL,1,-1,0,2
2024311466131,2024,311466131,2,9,0,-1,19,3,7,-1,0,8,0,0,0,0,3,1,-1,6,2,37,7,1598,2,8,NISSAN X-TRAIL,7,E01025677,0,2
2024131527873,2024,131527873,2,9,0,-1,12,4,7,-1,0,2,0,0,0,0,1,1,-1,9,2,27,6,1598,2,9,NISSAN X-TRAIL,2,E01011256,0,1
2024161408265,2024,161408265,2,9,0,-1,3,8,4,-1,0,1,0,0,0,0,2,1,-1,6,2,48,8,1598,2,9,NISSAN X-TRAIL,2,E01035481,0,1
2024461418023,2024,461418023,2,9,0,-1,19,5,1,-1,0,0,0,0,0,0,3,9,-1,6,2,58,9,1598,2,9,NISSAN X-TRAIL,4,E01021101,0,4
2024451441912,2024,451441912,1,9,0,-1,9,3,7,-1,0,0,0,0,0,0,1,1,-1,9,1,41,7,1598,2,6,NISSAN X-TRAIL,6,E01002968,0,2
2024141422127,2024,141422127,2,9,0,-1,9,6,3,-1,0,6,0,0,0,0,1,1,-1,9,1,-1,-1,1598,2,7,NISSAN X-TRAIL,-1,-1,0,-1
2024052401047,2024,052401047,1,9,0,18,19,7,3,0,0,1,0,0,0,0,1,1,6,6,1,75,10,1497,8,1,NISSAN X-TRAIL,1,E01006567,0,1
2024131414225,2024,131414225,2,9,0,-1,19,1,5,-1,0,0,0,0,0,0,4,1,-1,6,1,47,8,1995,2,16,NISSAN X-TRAIL,6,E01010594,0,3
2024061482485,2024,061482485,2,9,0,-1,7,-1,-1,-1,99,0,0,0,0,0,1,1,-1,6,2,-1,-1,1497,8,0,NISSAN X-TRAIL,-1,-1,0,-1
2024421499451,2024,421499451,2,9,0,-1,9,1,8,-1,0,1,0,0,0,0,0,1,-1,9,2,45,7,1995,2,7,NISSAN X-TRAIL,10,E01022084,0,1
2024991448607,2024,991448607,1,9,0,-1,19,5,8,-1,0,0,0,4,1,0,2,1,-1,2,1,34,6,1598,2,7,NISSAN X-TRAIL,8,-1,0,1
2024010544943,2024,010544943,1,8,0,99,99,9,9,99,99,0,9,99,9,99,4,9,1,1,1,45,7,1995,2,6,NISSAN X-TRAIL,3,E01002278,0,1
2024440346542,2024,440346542,1,9,0,18,19,1,5,0,0,1,0,0,0,0,1,1,6,6,2,73,10,1995,2,17,NISSAN X-TRAIL,6,E01035435,0,1
2024201451578,2024,201451578,1,9,0,-1,13,1,5,-1,0,4,0,0,0,0,3,1,-1,6,1,72,10,1598,2,8,NISSAN X-TRAIL,1,E01008905,0,3
2024101475735,2024,101475735,2,9,0,-1,3,5,1,-1,0,0,0,0,0,0,2,1,-1,9,1,43,7,1598,2,9,NISSAN X-TRAIL,6,E01012178,0,4
2024010550174,2024,010550174,1,9,0,99,99,9,9,99,99,9,9,99,9,99,1,9,6,6,3,43,7,1497,8,1,NISSAN X-TRAIL,3,E01003581,0,1
2024052402482,2024,052402482,3,9,0,2,2,0,0,0,0,1,0,0,0,0,1,1,6,6,1,55,8,1598,2,7,NISSAN X-TRAIL,1,E01007009,0,1
2024061496348,2024,061496348,1,9,0,-1,2,0,0,-1,0,0,0,0,0,0,3,1,-1,6,3,-1,-1,1995,2,7,NISSAN X-TRAIL,-1,-1,0,-1
2024622400763,2024,622400763,1,9,0,12,12,2,6,0,0,1,0,0,1,0,1,1,6,6,1,47,8,1995,2,17,NISSAN X-TRAIL,7,W01001419,0,1
2024141424315,2024,141424315,1,9,0,-1,19,5,1,-1,0,0,0,0,0,0,1,1,-1,9,1,65,9,2184,2,18,NISSAN X-TRAIL,9,E01007603,0,1
2024010542632,2024,010542632,1,9,0,18,19,7,3,0,0,0,0,0,0,0,1,1,6,6,1,82,11,1332,1,5,NISSAN X-TRAIL,9,E01021533,0,4
2024061529873,2024,061529873,3,9,0,-1,4,5,1,-1,0,0,0,0,0,0,1,1,-1,9,1,29,6,1598,2,8,NISSAN X-TRAIL,-1,-1,0,-1
2024471432281,2024,471432281,1,9,0,-1,19,5,1,-1,0,0,0,0,0,0,3,1,-1,2,1,58,9,1998,1,22,NISSAN X-TRAIL,7,E01031478,0,3
2024010517024,2024,010517024,1,9,0,4,4,3,7,0,0,4,0,0,0,0,2,1,6,6,2,30,6,1598,2,8,NISSAN X-TRAIL,5,E01002247,0,1
2024010525037,2024,010525037,1,9,0,99,99,9,9,99,99,9,9,99,9,99,9,9,6,6,2,44,7,1598,2,7,NISSAN X-TRAIL,2,E01000527,0,1
2024361417620,2024,361417620,1,9,0,-1,19,7,3,-1,0,1,0,0,0,0,1,1,-1,6,1,69,10,2184,2,18,NISSAN X-TRAIL,6,E01026451,0,3
2024010533657,2024,010533657,1,9,0,3,3,7,3,0,0,1,0,0,0,0,2,1,6,6,1,48,8,1497,8,1,NISSAN X-TRAIL,6,E01000274,0,2
2024631481379,2024,631481379,2,9,0,-1,3,7,3,-1,0,1,0,0,0,0,2,1,-1,9,1,29,6,2184,2,18,NISSAN X-TRAIL,9,W01000609,0,1
2024131499916,2024,131499916,1,9,0,-1,9,5,1,-1,0,8,0,0,0,0,1,1,-1,2,1,59,9,1598,2,7,NISSAN X-TRAIL,1,E01011473,0,2
2024552500226,2024,552500226,1,9,0,18,19,4,8,0,0,8,0,0,0,0,1,1,6,6,1,56,9,1598,2,10,NISSAN X-TRAIL,8,E01020425,0,1
2024421425666,2024,421425666,2,9,0,-1,19,-1,-1,-1,0,0,1,0,0,0,4,1,-1,9,2,34,6,1598,2,6,NISSAN X-TRAIL,2,E01021771,0,1
2024211453501,2024,211453501,1,9,0,-1,5,7,3,-1,0,4,0,0,0,0,3,1,-1,9,2,60,9,1749,2,4,NISSAN X-TRAIL,6,E01029861,0,1
2024010522109,2024,010522109,2,9,0,99,99,9,9,99,99,9,9,99,9,99,9,9,6,6,3,-1,-1,1995,2,4,NISSAN X-TRAIL,-1,-1,0,-1
2024522401650,2024,522401650,1,9,0,4,4,6,2,0,0,1,0,0,0,0,2,1,6,6,1,44,7,1497,8,0,NISSAN X-TRAIL,4,E01016519,0,5
2024311466077,2024,311466077,2,9,0,-1,19,5,1,-1,0,0,0,0,0,0,1,1,-1,9,2,38,7,1749,2,5,NISSAN X-TRAIL,5,E01028189,0,1
2024340WN1622,2024,340WN1622,2,9,0,-1,2,0,0,-1,0,0,0,0,0,0,3,1,-1,6,3,-1,-1,1598,2,10,NISSAN X-TRAIL,-1,-1,0,-1
2024061514385,2024,061514385,2,9,0,-1,19,4,8,-1,0,0,0,0,0,0,1,1,-1,9,1,36,7,1618,1,8,NISSAN X-TRAIL,6,E01004925,0,1
2024622400360,2024,622400360,2,9,0,18,19,7,3,0,0,0,1,0,0,0,1,1,6,6,1,39,7,1598,2,7,NISSAN X-TRAIL,9,W01001090,0,1