collision_index,collision_year,collision_ref_no,vehicle_reference,vehicle_type,towing_and_articulation,vehicle_manoeuvre_historic,vehicle_manoeuvre,vehicle_direction_from,vehicle_direction_to,vehicle_location_restricted_lane_historic,vehicle_location_restricted_lane,junction_location,skidding_and_overturning,hit_object_in_carriageway,vehicle_leaving_carriageway,hit_object_off_carriageway,first_point_of_impact,vehicle_left_hand_drive,journey_purpose_of_driver_historic,journey_purpose_of_driver,sex_of_driver,age_of_driver,age_band_of_driver,engine_capacity_cc,propulsion_code,age_of_vehicle,generic_make_model,driver_imd_decile,lsoa_of_driver,escooter_flag,driver_distance_banding
2024991480168,2024,991480168,1,9,0,-1,9,4,2,-1,0,1,0,0,0,0,1,1,-1,9,1,70,10,1598,2,8,NISSAN X-TRAIL,1,-1,0,1
2024371455843,2024,371455843,1,9,0,-1,5,3,1,-1,0,1,0,0,0,0,3,1,-1,6,2,70,10,1995,2,6,NISSAN X-TRAIL,5,E01030053,0,1
2024071091082,2024,071091082,2,9,0,-1,19,5,1,-1,0,8,0,0,0,0,3,1,-1,9,2,27,6,1598,2,7,NISSAN X-TRAIL,5,E01005773,0,4
2024421524068,2024,421524068,2,9,0,-1,19,2,6,-1,0,1,0,0,1,0,3,1,-1,9,2,46,8,1332,1,4,NISSAN X-TRAIL,2,E01016009,0,2
2024552401026,2024,552401026,1,9,0,6,6,6,6,0,0,0,0,0,0,0,3,1,6,6,2,41,7,1598,2,8,NISSAN X-TRAIL,10,E01030425,0,5
2024061507772,2024,061507772,1,9,0,-1,19,-1,-1,-1,0,2,1,0,0,0,4,1,-1,9,2,39,7,1598,2,8,NISSAN X-TRAIL,3,E01005893,0,1
2024221531571,2024,221531571,1,9,0,-1,9,7,5,-1,0,6,0,0,0,0,1,9,-1,6,1,41,7,1995,2,6,NISSAN X-TRAIL,10,E01032155,0,1
2024010540260,2024,010540260,2,9,0,12,12,3,7,0,0,0,1,0,0,0,1,1,6,6,2,51,8,1332,1,5,NISSAN X-TRAIL,3,E01004384,0,2
2024461445281,2024,461445281,2,9,0,-1,4,5,1,-1,0,8,0,0,0,0,2,9,-1,9,1,39,7,1332,1,5,NISSAN X-TRAIL,6,E01034997,0,1
2024991516474,2024,991516474,1,9,0,-1,5,1,5,-1,0,4,0,0,0,0,1,1,-1,7,2,32,6,1598,2,9,NISSAN X-TRAIL,2,-1,0,1
2024991527225,2024,991527225,1,9,0,-1,7,4,7,-1,0,0,1,0,0,0,3,1,-1,6,2,72,10,1497,8,0,NISSAN X-TRAIL,8,-1,0,2
2024471514471,2024,471514471,1,9,0,-1,1,1,5,-1,0,0,0,0,0,0,2,1,-1,9,1,28,6,1598,2,9,NISSAN X-TRAIL,9,E01021085,0,1
2024010518013,2024,010518013,2,9,0,3,3,7,3,0,0,0,0,0,0,0,2,1,6,6,1,58,9,1497,8,0,NISSAN X-TRAIL,6,E01002609,0,1
2024501420864,2024,501420864,2,9,0,-1,19,1,5,-1,0,0,1,0,4,6,1,1,-1,9,1,72,10,1995,2,15,NISSAN X-TRAIL,9,E01019907,0,3
2024302400599,2024,302400599,1,9,0,18,19,8,4,0,0,8,0,0,0,0,1,1,3,7,2,39,7,1598,2,8,NISSAN X-TRAIL,3,E01019667,0,1
2024411409097,2024,411409097,2,9,0,-1,19,5,1,-1,0,0,0,0,0,0,3,9,-1,2,1,53,8,1598,2,6,NISSAN X-TRAIL,9,E01027080,0,4
2024201535810,2024,201535810,1,9,0,-1,19,2,6,-1,0,2,0,0,0,0,1,9,-1,9,1,43,7,1497,8,1,NISSAN X-TRAIL,2,E01009481,0,1
2024041470706,2024,041470706,2,9,0,-1,19,4,8,-1,0,2,0,0,0,0,3,1,-1,1,1,39,7,1598,2,10,NISSAN X-TRAIL,2,E01012606,0,1
2024070805655,2024,070805655,1,9,0,-1,19,5,1,-1,0,0,5,0,7,3,1,1,-1,2,1,34,6,1598,2,10,NISSAN X-TRAIL,5,E01018514,0,1
2024631457875,2024,631457875,3,9,0,-1,19,-1,-1,-1,0,0,0,0,0,0,3,1,-1,9,2,35,6,1598,2,7,NISSAN X-TRAIL,7,W01000716,0,3
2024332401134,2024,332401134,3,9,0,-1,19,5,1,-1,0,0,0,0,0,0,2,1,-1,9,1,38,7,1598,2,7,NISSAN X-TRAIL,6,E01013978,0,4
2024141448604,2024,141448604,1,9,0,-1,11,2,6,-1,0,2,0,0,0,0,3,1,-1,6,3,-1,-1,1598,2,8,NISSAN X-TRAIL,-1,-1,0,-1
2024461399805,2024,461399805,2,9,0,-1,4,5,1,-1,0,0,0,0,0,0,2,9,-1,6,2,31,6,1598,2,7,NISSAN X-TRAIL,1,E01024278,0,1
2024010515410,2024,010515410,2,9,0,99,99,9,9,99,99,9,9,99,9,99,2,9,6,6,3,-1,-1,1497,8,1,NISSAN X-TRAIL,-1,-1,0,-1
2024010512918,2024,010512918,2,9,0,99,99,9,9,99,99,9,9,99,9,99,9,9,6,6,1,57,9,1749,2,5,NISSAN X-TRAIL,2,E01032565,0,1
2024340WN0932,2024,340WN0932,2,9,0,-1,19,2,6,-1,0,1,0,0,0,0,1,1,-1,9,2,36,7,1598,2,7,NISSAN X-TRAIL,2,E01027230,0,3
2024421454469,2024,421454469,2,9,0,-1,3,1,5,-1,0,0,0,0,0,0,1,1,-1,6,2,44,7,1598,2,8,NISSAN X-TRAIL,4,E01034368,0,1
2024991474506,2024,991474506,1,9,0,-1,19,1,5,-1,0,0,0,0,0,0,1,1,-1,9,2,70,10,1497,8,0,NISSAN X-TRAIL,7,-1,0,2
2024010544410,2024,010544410,1,9,0,9,9,7,4,0,0,6,0,0,0,0,3,1,2,2,2,52,8,1332,1,3,NISSAN X-TRAIL,6,E01001343,0,1
2024010522866,2024,010522866,1,9,0,-1,-1,5,1,0,0,4,0,0,0,0,1,1,6,6,1,65,9,1998,1,19,NISSAN X-TRAIL,3,E01003310,0,1
2024440168479,2024,440168479,2,9,0,18,19,5,1,0,0,1,0,0,0,0,1,1,6,6,1,46,8,2184,2,18,NISSAN X-TRAIL,4,E01017068,0,1
2024471470209,2024,471470209,1,9,0,-1,9,3,7,-1,0,1,0,0,3,0,3,2,-1,9,2,40,7,1598,2,10,NISSAN X-TRAIL,4,E01021051,0,1
2024010524495,2024,010524495,1,9,0,18,19,3,7,0,0,0,0,0,0,0,1,1,6,6,2,36,7,1618,1,7,NISSAN X-TRAIL,7,E01023947,0,2
2024131419928,2024,131419928,3,9,0,-1,2,0,0,-1,0,1,0,0,0,0,2,1,-1,6,-1,-1,-1,1497,8,1,NISSAN X-TRAIL,-1,-1,0,-1
2024440173365,2024,440173365,2,9,0,9,9,2,8,0,0,8,0,0,0,0,1,1,6,6,1,76,11,1598,2,9,NISSAN X-TRAIL,10,E01022553,0,1
2024010500986,2024,010500986,2,9,0,9,9,1,8,0,0,8,0,0,0,0,3,1,6,6,2,30,6,1332,1,4,NISSAN X-TRAIL,9,E01001017,0,1
2024010526916,2024,010526916,2,9,0,99,99,9,9,99,99,9,9,99,9,99,1,9,6,6,3,-1,-1,1332,1,4,NISSAN X-TRAIL,-1,-1,0,-1
2024070777334,2024,070777334,1,9,0,-1,5,4,2,-1,0,2,0,0,0,0,4,1,-1,9,1,74,10,1332,1,4,NISSAN X-TRAIL,-1,-1,0,-1
2024361500916,2024,361500916,2,9,0,-1,2,0,0,-1,0,0,0,4,0,0,2,1,-1,6,-1,-1,-1,1598,2,8,NISSAN X-TRAIL,-1,-1,0,-1
2024361490594,2024,361490594,3,9,0,-1,19,2,5,-1,0,1,0,0,0,0,1,1,-1,9,1,49,8,1598,2,8,NISSAN X-TRAIL,2,E01035134,0,3
2024361512999,2024,361512999,2,9,0,-1,19,3,5,-1,0,3,0,0,0,0,3,1,-1,2,1,56,9,1598,2,8,NISSAN X-TRAIL,2,E01026592,0,2
2024010520889,2024,010520889,2,9,0,99,99,9,9,99,99,9,9,99,9,99,1,9,6,6,3,-1,-1,2184,2,17,NISSAN X-TRAIL,-1,-1,0,-1
2024111426045,2024,111426045,1,9,0,-1,9,1,6,-1,0,0,0,0,0,0,1,1,-1,6,1,59,9,1618,1,6,NISSAN X-TRAIL,5,E01020863,0,3
2024501396119,2024,501396119,1,9,0,-1,19,1,5,-1,0,0,0,0,0,0,1,1,-1,6,2,65,9,1995,2,7,NISSAN X-TRAIL,6,E01029269,0,3
2024201529977,2024,201529977,2,9,0,-1,19,7,3,-1,0,0,0,0,0,0,4,1,-1,2,2,36,7,1598,2,7,NISSAN X-TRAIL,1,E01008927,0,2
2024211513685,2024,211513685,1,9,0,-1,19,1,5,-1,0,6,0,0,7,0,4,1,-1,9,1,36,7,1598,2,7,NISSAN X-TRAIL,1,E01014366,0,2
2024991521101,2024,991521101,1,9,0,-1,19,8,4,-1,0,1,0,0,0,0,4,1,-1,1,1,62,9,1749,2,5,NISSAN X-TRAIL,8,-1,0,2
2024101404632,2024,101404632,2,9,0,-1,10,1,5,-1,0,8,0,0,7,0,3,1,-1,6,2,40,7,2184,2,18,NISSAN X-TRAIL,5,E01027503,0,1
2024122400113,2024,122400113,1,9,0,18,19,5,1,0,0,1,0,0,0,0,1,1,6,6,1,56,9,1598,2,8,NISSAN X-TRAIL,9,E01027900,0,4
2024131534511,2024,131534511,2,9,0,-1,19,3,7,-1,0,0,0,0,0,0,4,1,-1,6,2,74,10,1497,8,0,NISSAN X-TRAIL,8,E01011254,0,1
2024010544803,2024,010544803,1,3,0,-1,-1,7,3,0,0,8,0,0,0,0,4,1,1,1,1,22,5,1497,8,0,NISSAN X-TRAIL,2,E01001057,0,2
2024131397374,2024,131397374,1,9,0,-1,5,1,5,-1,0,1,0,0,0,0,1,1,-1,9,1,59,9,1598,2,7,NISSAN X-TRAIL,1,E01011473,0,1
2024361445365,2024,361445365,2,9,0,-1,4,4,7,-1,0,0,0,0,0,0,2,1,-1,2,2,46,8,1995,2,7,NISSAN X-TRAIL,6,E01021972,0,4
2024010523218,2024,010523218,1,9,0,99,99,9,9,99,99,9,9,99,9,99,2,9,6,6,1,42,7,1497,8,1,NISSAN X-TRAIL,2,E01004289,0,1
2024010546092,2024,010546092,1,9,0,17,19,7,3,0,0,1,0,0,0,0,1,1,6,6,1,57,9,1749,2,5,NISSAN X-TRAIL,-1,-1,0,-1
2024461462064,2024,461462064,1,9,0,-1,1,7,3,-1,0,1,0,0,0,0,2,9,-1,6,2,47,8,1598,2,8,NISSAN X-TRAIL,3,E01024239,0,1
2024010521981,2024,010521981,2,9,0,99,99,9,9,99,99,0,9,99,9,99,9,9,6,6,3,-1,-1,1332,1,3,NISSAN X-TRAIL,-1,-1,0,-1
2024451477709,2024,451477709,1,9,0,-1,13,7,3,-1,0,0,1,10,7,4,1,1,-1,6,1,23,5,1497,8,0,NISSAN X-TRAIL,9,E01030856,0,1
2024010511255,2024,010511255,1,9,0,9,9,6,5,0,0,1,0,0,7,0,3,1,6,6,1,33,6,1598,2,6,NISSAN X-TRAIL,5,E01015723,0,4
2024430540225,2024,430540225,1,8,0,3,3,7,3,0,0,4,0,0,0,0,2,1,6,6,1,-1,-1,1332,1,4,NISSAN X-TRAIL,-1,-1,0,-1
2024302401060,2024,302401060,2,9,0,18,19,7,3,0,0,8,0,0,0,0,1,1,6,6,2,37,7,1618,1,7,NISSAN X-TRAIL,1,E01013586,0,1
2024421425989,2024,421425989,3,9,0,-1,2,0,0,-1,9,0,0,4,0,0,2,1,-1,6,-1,-1,-1,1497,8,0,NISSAN X-TRAIL,-1,-1,0,-1
2024161530623,2024,161530623,1,9,0,-1,9,2,5,-1,0,8,0,0,0,0,4,9,-1,6,1,32,6,1598,2,10,NISSAN X-TRAIL,8,E01013040,0,3
2024991489823,2024,991489823,2,9,3,-1,19,1,5,-1,0,0,0,0,0,0,1,1,-1,9,1,69,10,1598,2,7,NISSAN X-TRAIL,8,E01026007,0,5
2024501449166,2024,501449166,1,9,0,-1,19,2,4,-1,0,0,0,0,0,0,1,1,-1,2,2,63,9,1749,2,4,NISSAN X-TRAIL,3,E01020286,0,2
2024061481857,2024,061481857,1,9,0,-1,3,-1,-1,-1,0,0,9,99,0,0,3,1,-1,9,1,44,7,1598,2,9,NISSAN X-TRAIL,1,E01005255,0,2
2024311535402,2024,311535402,1,9,0,-1,2,5,1,-1,0,0,0,0,0,0,2,1,-1,9,2,39,7,1598,2,8,NISSAN X-TRAIL,-1,-1,0,-1
2024061413506,2024,061413506,2,9,0,-1,9,5,1,-1,0,2,0,0,0,0,1,1,-1,9,2,35,6,1598,2,7,NISSAN X-TRAIL,2,E01006254,0,1
2024131516491,2024,131516491,1,9,0,-1,6,1,3,-1,9,0,0,0,0,0,1,1,-1,9,1,69,10,1497,8,0,NISSAN X-TRAIL,4,E01010921,0,2
2024531458501,2024,531458501,3,9,0,-1,2,0,0,-1,0,8,0,0,0,0,3,1,-1,6,-1,-1,-1,1995,2,15,NISSAN X-TRAIL,-1,-1,0,-1
2024031533991,2024,031533991,1,9,0,-1,19,5,8,-1,0,0,5,0,2,4,1,1,-1,6,1,69,10,1995,2,6,NISSAN X-TRAIL,3,-1,0,5
2024471396983,2024,471396983,2,9,0,-1,19,4,2,-1,0,1,0,0,0,0,1,1,-1,9,2,41,7,1618,1,7,NISSAN X-TRAIL,5,E01021113,0,1
2024471508890,2024,471508890,1,9,0,-1,20,6,3,-1,9,2,0,0,0,0,3,1,-1,9,1,76,11,1995,2,16,NISSAN X-TRAIL,4,E01031434,0,1
2024451471995,2024,451471995,2,9,0,-1,19,1,3,-1,0,0,0,0,0,0,0,9,-1,6,2,30,6,1598,2,9,NISSAN X-TRAIL,-1,-1,0,-1
2024010512214,2024,010512214,1,9,0,10,10,3,8,0,0,1,0,0,0,0,3,1,6,6,1,77,11,1332,1,5,NISSAN X-TRAIL,-1,-1,0,-1
2024010548416,2024,010548416,1,9,0,9,9,8,6,0,0,8,0,0,0,0,1,1,3,7,2,50,8,1598,2,7,NISSAN X-TRAIL,4,E01000466,0,1
2024471421192,2024,471421192,2,9,0,-1,2,0,0,-1,0,0,0,0,0,0,2,1,-1,6,-1,-1,-1,1598,2,7,NISSAN X-TRAIL,-1,-1,0,-1
2024010546940,2024,010546940,1,9,0,99,99,9,9,99,99,0,9,99,9,99,2,9,6,6,2,49,8,1995,2,7,NISSAN X-TRAIL,7,E01015627,0,5
2024010517760,2024,010517760,1,9,0,9,9,5,3,0,0,8,0,0,0,0,1,1,6,6,2,40,7,1598,2,7,NISSAN X-TRAIL,9,E01028822,0,5
2024471469264,2024,471469264,2,9,0,-1,4,7,3,-1,0,0,0,0,0,0,2,1,-1,9,1,36,7,2184,2,18,NISSAN X-TRAIL,9,E01035352,0,4
2024440336816,2024,440336816,2,9,0,18,19,1,5,0,0,0,0,0,0,0,1,1,6,6,1,63,9,1497,8,0,NISSAN X-TRAIL,10,E01022878,0,4
2024461517364,2024,461517364,2,9,0,-1,19,3,3,-1,0,0,0,6,0,0,1,1,-1,6,1,38,7,1598,2,8,NISSAN X-TRAIL,1,E01031558,0,4
2024101444138,2024,101444138,1,9,0,-1,10,6,4,-1,0,5,0,0,0,0,2,1,-1,6,1,62,9,1995,2,13,NISSAN X-TRAIL,7,E01008469,0,4
2024371518109,2024,371518109,1,9,4,-1,19,6,2,-1,0,0,0,0,0,0,1,1,-1,6,1,-1,-1,2184,2,18,NISSAN X-TRAIL,6,E01029873,0,2
2024010507701,2024,010507701,2,9,0,99,99,9,9,99,99,9,9,99,9,99,9,9,6,6,3,-1,-1,1598,2,7,NISSAN X-TRAIL,-1,-1,0,-1
2024131430895,2024,131430895,1,9,0,-1,9,4,3,-1,0,8,0,0,0,0,4,1,-1,9,2,45,7,1497,8,0,NISSAN X-TRAIL,6,E01010786,0,3
2024440438589,2024,440438589,2,9,0,18,19,2,7,0,0,4,0,0,0,0,1,1,6,6,1,69,10,1497,8,0,NISSAN X-TRAIL,5,E01017311,0,1
2024101482053,2024,101482053,1,9,0,-1,9,3,1,-1,0,8,0,0,0,0,4,1,-1,9,1,29,6,2184,2,20,NISSAN X-TRAIL,-1,-1,0,-1
2024010501766,2024,010501766,2,9,0,18,19,1,5,0,0,8,0,0,0,0,1,1,1,1,2,36,7,1598,2,8,NISSAN X-TRAIL,6,E01003663,0,1
2024471439535,2024,471439535,1,9,0,-1,19,5,1,-1,0,1,0,0,7,0,4,1,-1,2,1,35,6,1598,2,7,NISSAN X-TRAIL,6,E01031406,0,3
2024061424611,2024,061424611,3,9,0,-1,4,8,4,-1,0,0,0,0,0,0,2,1,-1,6,1,-1,-1,1598,2,9,NISSAN X-TRAIL,7,E01004775,0,3
2024311519627,2024,311519627,2,9,0,-1,19,5,8,-1,0,0,0,0,0,0,1,1,-1,2,1,59,9,1598,2,10,NISSAN X-TRAIL,-1,-1,0,-1
2024201405532,2024,201405532,2,9,0,-1,3,4,8,-1,0,0,1,0,0,0,1,1,-1,9,2,28,6,1598,2,7,NISSAN X-TRAIL,4,E01009280,0,1
2024471470570,2024,471470570,1,9,0,-1,19,5,1,-1,0,0,0,0,0,0,1,1,-1,9,2,41,7,1497,8,0,NISSAN X-TRAIL,8,E01021150,0,1
2024440212553,2024,440212553,4,9,0,18,19,8,4,0,0,3,0,0,0,0,2,1,6,6,1,40,7,1995,2,7,NISSAN X-TRAIL,10,E01023231,0,1
2024031501249,2024,031501249,1,9,0,-1,19,2,6,-1,0,0,0,0,0,0,1,1,-1,6,2,66,10,1497,8,0,NISSAN X-TRAIL,10,E01019300,0,4
2024221481483,2024,221481483,2,9,0,-1,19,6,2,-1,0,0,0,0,0,0,1,1,-1,6,2,52,8,1497,8,0,NISSAN X-TRAIL,5,E01014056,0,1
2024552401390,2024,552401390,2,9,0,5,5,6,4,0,0,8,0,0,0,0,4,1,6,6,1,43,7,1497,8,0,NISSAN X-TRAIL,8,E01020576,0,1
2024010507021,2024,010507021,2,9,9,99,99,9,9,99,99,9,9,99,9,99,2,9,6,6,3,-1,-1,1598,2,7,NISSAN X-TRAIL,-1,-1,0,-1
2024461534171,2024,461534171,1,9,0,-1,4,3,7,-1,0,1,0,0,1,0,2,1,-1,6,2,47,8,1598,2,7,NISSAN X-TRAIL,6,E01035281,0,1
2024010538285,2024,010538285,1,9,0,10,10,2,1,0,0,2,0,0,0,0,1,1,3,7,2,45,7,1995,2,7,NISSAN X-TRAIL,5,E01001139,0,1
2024131518111,2024,131518111,1,9,0,-1,6,3,7,-1,0,8,0,0,7,0,1,1,-1,9,2,35,6,1598,2,7,NISSAN X-TRAIL,1,E01011324,0,2
2024010526804,2024,010526804,1,9,0,99,99,9,9,99,99,0,9,99,9,99,1,9,6,6,3,-1,-1,1598,2,8,NISSAN X-TRAIL,-1,-1,0,-1
2024501495009,2024,501495009,2,9,0,-1,19,1,5,-1,0,0,0,0,0,0,1,1,-1,6,2,37,7,1995,2,17,NISSAN X-TRAIL,4,E01020234,0,1
2024221428426,2024,221428426,1,9,0,-1,19,3,7,-1,0,0,5,0,8,4,3,1,-1,9,2,78,11,1995,2,17,NISSAN X-TRAIL,3,E01032432,0,1
2024041515966,2024,041515966,1,9,0,-1,19,7,3,-1,0,0,0,0,2,4,1,1,-1,6,1,78,11,1995,2,11,NISSAN X-TRAIL,3,E01025221,0,1
2024411586700,2024,411586700,1,9,0,-1,19,8,4,-1,0,2,0,0,0,0,1,1,-1,9,2,31,6,1598,2,10,NISSAN X-TRAIL,7,E01023623,0,2
2024010505392,2024,010505392,1,9,0,18,19,3,7,0,0,1,0,0,0,0,1,1,2,2,1,55,8,2488,1,18,NISSAN X-TRAIL,5,E01001659,0,3
2024131510176,2024,131510176,1,9,0,-1,19,8,4,-1,0,1,0,0,0,0,1,1,-1,9,1,36,7,1497,8,1,NISSAN X-TRAIL,1,E01011326,0,3
2024211493596,2024,211493596,1,9,0,-1,19,4,8,-1,0,4,0,0,0,0,1,1,-1,6,1,69,10,1995,2,7,NISSAN X-TRAIL,9,E01029738,0,3
2024421455014,2024,421455014,2,9,0,-1,19,1,5,-1,0,0,0,0,0,0,1,1,-1,6,2,42,7,1598,2,9,NISSAN X-TRAIL,8,E01022093,0,1
2024631411289,2024,631411289,2,9,0,-1,19,5,1,-1,0,8,0,0,0,0,4,1,-1,9,1,45,7,1497,8,1,NISSAN X-TRAIL,2,W01000660,0,1
2024101399997,2024,101399997,2,9,-1,-1,4,5,1,-1,0,4,0,0,0,0,2,9,-1,9,2,44,7,1995,2,6,NISSAN X-TRAIL,1,E01008655,0,1
2024131458568,2024,131458568,2,9,0,-1,19,3,7,-1,0,8,0,0,0,0,1,1,-1,9,2,50,8,1497,8,0,NISSAN X-TRAIL,6,E01034989,0,5
2024311528917,2024,311528917,1,9,0,-1,19,7,3,-1,0,0,0,0,0,0,4,1,-1,9,2,46,8,1598,2,9,NISSAN X-TRAIL,10,E01027992,0,2
2024061439142,2024,061439142,1,9,0,-1,19,1,3,-1,9,0,0,0,7,0,1,2,-1,2,1,31,6,1332,1,4,NISSAN X-TRAIL,-1,-1,0,-1
2024430326633,2024,430326633,2,9,0,18,19,5,1,0,0,6,0,0,0,0,4,1,6,6,1,-1,-1,1749,2,5,NISSAN X-TRAIL,-1,-1,0,-1
2024101489425,2024,101489425,1,9,0,-1,19,5,1,-1,0,0,0,0,0,0,1,1,-1,2,2,68,10,1598,2,6,NISSAN X-TRAIL,7,E01008642,0,1
2024010548906,2024,010548906,2,9,0,99,99,9,9,99,99,6,9,99,9,99,9,9,6,6,3,45,7,1497,8,1,NISSAN X-TRAIL,10,E01002257,0,2
2024531398199,2024,531398199,2,9,0,-1,2,0,0,-1,0,1,0,0,0,0,3,1,-1,6,3,-1,-1,1598,2,8,NISSAN X-TRAIL,-1,-1,0,-1
2024501435035,2024,501435035,2,9,0,-1,19,3,4,-1,0,6,0,0,0,0,1,9,-1,1,2,34,6,1598,2,8,NISSAN X-TRAIL,3,E01015060,0,1
2024320469703,2024,320469703,3,9,0,-1,-1,5,1,0,0,1,0,0,1,10,1,1,6,6,3,-1,-1,1995,2,17,NISSAN X-TRAIL,-1,-1,0,-1
2024061483051,2024,061483051,2,9,0,-1,9,-1,-1,-1,99,5,0,0,0,0,4,1,-1,6,1,-1,-1,1598,2,8,NISSAN X-TRAIL,-1,-1,0,-1
2024430458926,2024,430458926,2,9,0,3,3,8,4,0,0,0,0,0,0,0,2,1,2,2,2,45,7,1618,1,9,NISSAN X-TRAIL,8,E01028726,0,4
2024401500940,2024,401500940,1,9,0,-1,19,1,5,-1,0,0,1,0,7,10,2,1,-1,6,2,43,7,1749,2,5,NISSAN X-TRAIL,7,E01015745,0,3
2024010509514,2024,010509514,2,9,0,18,19,5,1,0,0,0,0,0,0,0,1,1,6,6,1,35,6,1618,1,7,NISSAN X-TRAIL,3,E01004563,0,1
2024440405353,2024,440405353,1,9,0,16,19,6,8,0,0,0,0,0,0,0,1,1,6,6,2,49,8,1598,2,7,NISSAN X-TRAIL,10,E01022602,0,1
2024501468867,2024,501468867,2,9,0,-1,2,0,0,-1,0,0,0,4,0,0,2,9,-1,9,1,41,7,1598,2,9,NISSAN X-TRAIL,5,E01034170,0,1
2024522401244,2024,522401244,2,9,0,17,19,5,1,0,0,0,0,0,0,0,1,1,6,6,1,68,10,2184,2,19,NISSAN X-TRAIL,6,E01029020,0,4
2024010520851,2024,010520851,2,9,0,9,9,8,6,0,0,0,0,0,0,0,2,1,6,6,1,71,10,1749,2,5,NISSAN X-TRAIL,6,E01002555,0,1
2024302401537,2024,302401537,2,9,0,10,10,4,2,0,0,1,0,0,0,0,2,1,6,6,2,35,6,1598,2,7,NISSAN X-TRAIL,4,E01013555,0,3
2024451478528,2024,451478528,1,9,0,-1,19,3,7,-1,0,0,0,0,0,0,1,1,-1,9,1,53,8,2184,2,18,NISSAN X-TRAIL,4,E01015933,0,4
2024991457943,2024,991457943,1,9,0,-1,8,5,7,-1,0,6,0,0,0,0,1,1,-1,9,1,46,8,1332,1,4,NISSAN X-TRAIL,10,-1,0,1
2024010550553,2024,010550553,2,9,0,18,19,5,1,0,0,2,0,0,0,0,1,1,6,6,3,-1,-1,1497,8,0,NISSAN X-TRAIL,-1,-1,0,-1
2024101555845,2024,101555845,2,9,0,-1,19,5,1,-1,0,2,0,0,0,0,1,1,-1,2,2,46,8,1497,8,0,NISSAN X-TRAIL,10,E01027513,0,3
2024520500263,2024,520500263,1,9,0,3,3,8,4,0,0,0,0,0,0,0,2,1,6,6,2,33,6,1598,2,7,NISSAN X-TRAIL,8,E01029201,0,4
2024041403416,2024,041403416,1,9,0,-1,19,1,5,-1,0,0,1,0,0,0,1,1,-1,9,2,29,6,1497,8,1,NISSAN X-TRAIL,3,E01009777,0,5
2024471451652,2024,471451652,1,9,0,-1,9,4,2,-1,4,5,0,0,7,0,1,1,-1,1,2,50,8,1598,2,8,NISSAN X-TRAIL,1,E01016895,0,1
2024451398119,2024,451398119,3,9,0,-1,4,5,1,-1,0,1,0,0,0,0,0,1,-1,6,-1,-1,-1,1598,2,9,NISSAN X-TRAIL,-1,-1,0,-1
2024061496511,2024,061496511,2,9,0,-1,19,5,1,-1,0,1,0,0,0,0,1,9,-1,9,1,35,6,1598,2,6,NISSAN X-TRAIL,4,E01006188,0,1
2024320166255,2024,320166255,2,9,0,-1,-1,7,3,0,0,0,0,0,0,0,1,1,-1,-1,2,51,8,1749,2,5,NISSAN X-TRAIL,4,E01026227,0,1
2024320022173,2024,320022173,2,9,0,-1,-1,2,6,0,0,0,0,0,0,0,1,1,-1,-1,1,75,10,2184,2,18,NISSAN X-TRAIL,5,E01026054,0,3
2024010521313,2024,010521313,2,9,9,99,99,9,9,99,99,9,9,99,9,99,9,9,6,6,1,-1,-1,1497,8,1,NISSAN X-TRAIL,-1,-1,0,-1
2024421429025,2024,421429025,2,9,0,-1,4,1,5,-1,0,0,0,0,0,0,1,9,-1,6,1,41,7,1598,2,8,NISSAN X-TRAIL,8,E01021604,0,1
2024471550528,2024,471550528,2,9,0,-1,12,3,7,-1,0,0,0,0,0,0,3,1,-1,9,2,42,7,1598,2,6,NISSAN X-TRAIL,8,E01031802,0,2
2024520403007,2024,520403007,1,9,0,9,9,8,6,0,0,8,0,0,0,0,1,1,6,6,1,75,10,1598,2,8,NISSAN X-TRAIL,7,E01029223,0,4
2024061468534,2024,061468534,5,9,0,-1,19,1,5,-1,0,0,0,0,0,0,1,1,-1,9,1,49,8,1598,2,8,NISSAN X-TRAIL,1,E01034138,0,1
2024440378402,2024,440378402,2,9,0,18,19,1,5,0,0,1,0,0,0,0,1,1,6,6,1,52,8,1497,8,0,NISSAN X-TRAIL,2,E01033383,0,3
2024531458905,2024,531458905,2,9,0,-1,4,3,7,-1,0,0,0,0,0,0,2,1,-1,2,1,45,7,2967,2,10,-1,5,E01014070,0,4
2024131413846,2024,131413846,3,9,0,-1,4,1,1,-1,0,0,0,0,0,0,2,1,-1,9,1,51,8,2967,2,10,-1,7,E01013126,0,4
2024440164220,2024,440164220,2,9,0,5,5,1,5,0,0,8,0,0,0,0,1,1,6,6,1,72,10,2894,8,1,-1,10,E01023073,0,1
2024440354727,2024,440354727,2,9,0,2,2,0,0,0,0,0,0,0,0,0,1,1,6,6,3,-1,-1,3956,2,8,-1,-1,-1,0,-1
2024010512327,2024,010512327,2,9,0,18,19,3,7,0,0,0,0,0,0,0,2,1,6,6,1,57,9,2894,8,5,-1,6,E01004361,0,2
2024311520399,2024,311520399,2,9,0,-1,3,3,7,-1,0,0,0,0,0,0,2,1,-1,6,1,54,8,2967,2,10,-1,10,E01028365,0,1
2024111454157,2024,111454157,2,9,0,-1,19,5,1,-1,0,2,0,0,0,0,2,1,-1,6,1,61,9,2967,2,12,-1,3,E01020799,0,3
2024552400827,2024,552400827,4,9,0,3,3,2,6,0,0,2,0,0,0,0,2,1,6,6,1,44,7,2967,2,9,-1,9,E01015395,0,3
2024010503347,2024,010503347,2,9,9,99,99,9,9,99,99,9,9,99,9,99,9,9,6,6,3,61,9,3996,1,1,-1,8,E01002859,0,1