collision_index,collision_year,collision_ref_no,vehicle_reference,vehicle_type,towing_and_articulation,vehicle_manoeuvre_historic,vehicle_manoeuvre,vehicle_direction_from,vehicle_direction_to,vehicle_location_restricted_lane_historic,vehicle_location_restricted_lane,junction_location,skidding_and_overturning,hit_object_in_carriageway,vehicle_leaving_carriageway,hit_object_off_carriageway,first_point_of_impact,vehicle_left_hand_drive,journey_purpose_of_driver_historic,journey_purpose_of_driver,sex_of_driver,age_of_driver,age_band_of_driver,engine_capacity_cc,propulsion_code,age_of_vehicle,generic_make_model,driver_imd_decile,lsoa_of_driver,escooter_flag,driver_distance_banding
2024451453667,2024,451453667,1,9,0,-1,1,7,3,-1,0,1,0,0,0,0,2,1,-1,9,1,79,11,2497,1,22,ROVER 75,9,E01030360,0,1
2024302401778,2024,302401778,1,9,0,-1,19,5,1,-1,0,0,0,0,1,11,1,1,-1,9,1,28,6,1796,1,20,ROVER 75,5,E01019639,0,2
2024141443761,2024,141443761,2,9,0,-1,19,5,1,-1,0,2,0,0,0,0,4,1,-1,2,1,54,8,1951,2,22,ROVER 75,2,E01007559,0,1
2024141434492,2024,141434492,1,9,0,-1,19,2,6,-1,0,0,0,10,1,2,1,1,-1,9,1,83,11,2497,1,24,ROVER 75,3,E01007363,0,1
2024340NN0872,2024,340NN0872,1,9,0,-1,1,3,7,-1,0,8,0,0,7,11,2,1,-1,9,1,91,11,1997,1,23,ROVER 75,6,E01027079,0,1
2024451496749,2024,451496749,1,9,0,-1,19,1,5,-1,0,0,0,0,0,0,1,1,-1,9,1,80,11,2497,1,20,ROVER 75,10,E01030357,0,2
2024430257391,2024,430257391,1,9,0,18,19,2,6,0,0,2,0,0,0,0,1,1,6,6,1,31,6,1991,1,25,ROVER 75,6,E01027269,0,4
2024471438403,2024,471438403,2,9,0,-1,19,3,7,-1,0,0,0,0,0,0,1,1,-1,6,1,79,11,1951,2,18,ROVER 75,6,E01021164,0,1
2024361531397,2024,361531397,1,9,0,-1,5,1,5,-1,9,1,0,0,3,1,4,1,-1,9,1,77,11,1951,2,20,ROVER 75,7,E01026545,0,1
2024421412513,2024,421412513,1,9,0,-1,9,6,4,-1,0,2,0,0,0,0,1,1,-1,9,1,60,9,1951,2,21,ROVER 75,2,E01035161,0,1
2024622400551,2024,622400551,1,9,0,3,3,8,4,0,0,4,0,0,0,0,2,1,6,6,2,42,7,1951,2,20,ROVER 75,2,W01001371,0,1
2024371495621,2024,371495621,1,9,0,-1,19,2,6,-1,0,8,0,0,0,0,3,1,-1,6,1,56,9,1951,2,20,ROVER 75,5,E01033448,0,3
2024041484687,2024,041484687,1,9,0,-1,1,5,1,-1,0,0,0,4,0,0,2,9,-1,6,1,81,11,2497,1,20,ROVER 75,10,E01025434,0,1
2024522403410,2024,522403410,1,9,0,9,9,3,7,0,0,8,0,0,0,0,1,1,6,6,1,44,7,1951,2,21,ROVER 75,3,E01009950,0,5
2024201487207,2024,201487207,1,9,0,-1,19,1,5,-1,0,4,0,0,0,0,1,9,-1,9,1,89,11,1796,1,20,ROVER 75,2,E01009219,0,1
2024461410116,2024,461410116,2,9,0,-1,19,7,3,-1,0,0,-1,0,0,0,3,9,-1,2,2,46,8,2157,2,7,-1,5,E01035270,0,4
2024201439583,2024,201439583,4,9,0,-1,2,0,0,-1,9,0,0,0,0,0,1,1,-1,6,-1,-1,-1,2157,2,7,-1,-1,-1,0,-1
2024610047924,2024,610047924,1,9,0,18,19,1,5,0,0,2,0,10,1,10,1,1,6,6,2,30,6,2157,2,7,-1,6,W01001367,0,1
2024010546137,2024,010546137,1,9,0,99,99,9,9,99,99,9,9,99,9,99,9,9,1,1,1,58,9,2157,2,7,-1,3,E01002697,0,3
2024010543243,2024,010543243,2,9,0,99,99,9,9,99,99,5,9,99,9,99,9,9,6,6,3,-1,-1,2157,2,6,-1,3,E01001246,0,1
2024010511476,2024,010511476,1,9,0,99,99,9,9,99,99,9,9,99,9,99,2,9,6,6,2,60,9,2157,2,8,-1,2,E01000550,0,1
2024401447569,2024,401447569,1,9,0,-1,19,5,1,-1,0,0,0,4,0,0,1,1,-1,6,2,30,6,2157,2,9,-1,10,E01017606,0,1
2024991407216,2024,991407216,1,9,0,-1,19,5,1,-1,0,0,0,4,0,0,1,1,-1,9,1,79,11,998,1,16,-1,9,-1,0,4
2024010548933,2024,010548933,1,9,0,10,10,1,7,0,0,8,0,0,0,0,4,1,6,6,1,21,5,998,1,15,-1,6,E01023162,0,5
2024201485884,2024,201485884,2,3,0,-1,19,4,8,-1,0,8,0,0,0,0,1,1,-1,2,1,30,6,124,1,14,-1,5,E01010354,0,1
2024501502536,2024,501502536,3,3,0,-1,4,1,5,-1,0,0,5,0,0,0,1,1,-1,6,1,19,4,124,1,16,SUZUKI GZ 125,4,E01020217,0,1
2024451475649,2024,451475649,2,3,0,-1,19,3,7,-1,0,2,1,0,0,0,3,1,-1,2,1,50,8,124,1,15,SUZUKI GZ 125,8,E01030844,0,1
2024201464879,2024,201464879,2,3,0,-1,4,3,5,-1,0,0,1,0,0,0,1,1,-1,6,1,18,4,124,1,25,SUZUKI GZ 125,-1,-1,0,-1
2024421435948,2024,421435948,1,3,0,-1,11,5,1,-1,0,0,1,0,0,0,1,1,-1,9,1,64,9,124,1,20,SUZUKI GZ 125,1,E01015886,0,4
2024371403760,2024,371403760,2,3,-1,-1,-1,-1,-1,-1,-1,-1,-1,-1,-1,0,-1,1,-1,9,1,17,4,124,1,16,SUZUKI GZ 125,9,E01030045,0,2
2024451450955,2024,451450955,1,3,0,-1,19,7,3,-1,0,8,0,0,0,0,2,1,-1,9,2,46,8,124,1,13,SUZUKI GZ 125,9,E01002976,0,3
2024161422163,2024,161422163,2,3,0,-1,19,7,3,-1,0,1,0,0,0,0,1,1,-1,9,1,24,5,124,1,14,SUZUKI GZ 125,2,E01012869,0,3
2024471480546,2024,471480546,1,3,0,-1,13,2,6,-1,0,0,0,0,0,0,1,1,-1,9,1,65,9,124,1,20,SUZUKI GZ 125,4,E01024167,0,4
2024351547575,2024,351547575,1,3,0,-1,19,1,5,-1,0,8,5,0,0,0,1,1,-1,6,1,50,8,124,1,14,SUZUKI GZ 125,5,E01018079,0,1
2024421473428,2024,421473428,2,3,0,-1,19,7,3,-1,0,1,2,0,0,0,4,1,-1,6,2,51,8,124,1,20,SUZUKI GZ 125,9,E01021481,0,2
2024361394897,2024,361394897,1,3,0,-1,5,3,7,-1,0,0,0,0,0,0,1,1,-1,6,1,26,6,124,1,20,SUZUKI GZ 125,4,E01026706,0,1
2024070834514,2024,070834514,1,5,0,-1,19,3,7,-1,0,0,0,0,1,11,1,1,-1,9,1,72,10,500,1,75,TRIUMPH SPEED,7,E01006087,0,4
2024122400928,2024,122400928,1,5,0,18,19,6,2,0,0,0,0,12,1,0,1,1,6,6,1,69,10,1200,1,3,TRIUMPH SPEED,6,E01027703,0,4
2024991493183,2024,991493183,1,5,0,-1,13,2,6,-1,0,1,5,0,0,0,3,1,-1,9,2,58,9,1200,1,4,TRIUMPH SPEED,5,-1,0,4
2024421447812,2024,421447812,2,5,0,-1,19,7,2,-1,0,0,0,0,0,0,3,1,-1,6,1,60,9,1200,1,0,TRIUMPH SPEED,-1,-1,0,-1
2024010501712,2024,010501712,2,3,9,99,99,9,9,99,99,9,9,99,9,99,9,1,6,6,3,-1,-1,900,1,2,TRIUMPH SPEED,-1,-1,0,-1
2024622400548,2024,622400548,1,5,0,18,19,8,4,0,0,1,0,10,7,0,1,1,6,6,1,60,9,1200,1,2,TRIUMPH SPEED,3,W01000999,0,3
2024471491421,2024,471491421,1,5,0,-1,19,7,3,-1,0,1,0,0,0,0,1,1,-1,9,1,60,9,1200,1,0,TRIUMPH SPEED,9,E01031356,0,1
2024430246859,2024,430246859,2,5,0,18,19,4,8,0,0,8,0,10,2,10,0,1,6,6,1,57,9,1200,1,3,TRIUMPH SPEED,7,E01035737,0,1
2024070652156,2024,070652156,1,5,0,7,7,1,5,0,0,1,0,0,0,0,1,1,6,6,1,60,9,1200,1,2,TRIUMPH SPEED,3,E01028223,0,4
2024340WN4242,2024,340WN4242,2,5,0,-1,19,8,4,-1,0,2,0,10,0,0,1,1,-1,9,1,60,9,1200,1,3,TRIUMPH SPEED,5,E01024787,0,5
2024031419517,2024,031419517,1,5,0,-1,19,8,4,-1,0,0,1,0,0,0,0,1,-1,6,1,63,9,900,1,0,TRIUMPH SPEED,6,E01019315,0,3
2024211456400,2024,211456400,1,5,0,-1,7,7,3,-1,0,3,1,0,0,0,3,1,-1,9,1,58,9,1200,1,2,TRIUMPH SPEED,4,E01018733,0,4
2024552401469,2024,552401469,1,9,0,18,19,6,2,0,0,0,0,0,1,10,1,1,6,6,1,20,4,1296,1,48,-1,9,E01020419,0,2
2024371476373,2024,371476373,6,5,0,-1,19,1,5,-1,0,1,0,0,0,0,1,1,-1,1,1,49,8,1215,1,8,-1,4,E01029940,0,1
2024010535181,2024,010535181,1,5,0,99,99,9,9,99,99,0,9,99,9,99,2,1,6,6,1,34,6,1215,1,11,-1,4,E01016143,0,4
2024351443605,2024,351443605,1,5,0,-1,19,6,2,-1,0,0,2,0,7,0,2,1,-1,2,1,42,7,1215,1,11,-1,7,E01029955,0,2
2024311478169,2024,311478169,1,9,0,-1,9,5,3,-1,0,6,0,0,0,0,1,1,-1,6,1,46,8,1956,2,12,-1,-1,-1,0,-1
2024461528020,2024,461528020,1,23,0,-1,7,1,3,-1,0,6,1,0,0,0,0,1,-1,6,1,26,6,-1,3,0,-1,3,E01024501,0,1
2024161506843,2024,161506843,1,3,0,-1,9,6,4,-1,0,2,0,0,0,0,3,1,-1,2,1,18,4,125,1,6,-1,2,E01013315,0,1
2024411515701,2024,411515701,2,9,0,-1,19,8,4,-1,0,1,1,0,0,0,4,1,-1,6,1,39,7,5935,1,11,-1,3,E01001769,0,3
2024031458090,2024,031458090,2,5,0,-1,19,7,8,-1,0,1,0,0,0,0,3,1,-1,6,1,44,7,999,1,1,-1,5,E01019286,0,1
2024010515123,2024,010515123,2,5,0,18,19,1,5,0,0,2,0,0,0,0,2,1,6,6,1,39,7,999,1,3,-1,10,E01023448,0,4
2024371445412,2024,371445412,1,5,0,-1,19,7,3,-1,0,0,0,0,0,0,1,1,-1,9,1,63,9,999,1,1,-1,7,E01021655,0,3
2024461478407,2024,461478407,2,5,0,-1,19,4,8,-1,0,0,0,0,0,0,1,1,-1,9,1,39,7,999,1,0,-1,6,E01024378,0,4
2024010509288,2024,010509288,2,5,0,13,13,1,5,0,0,1,2,0,0,0,1,1,2,2,1,57,9,999,1,1,-1,6,E01003951,0,1
2024451485750,2024,451485750,2,5,0,-1,5,3,7,-1,0,4,5,0,0,0,2,1,-1,6,1,45,7,999,1,0,-1,10,E01030891,0,4
2024122400746,2024,122400746,1,9,0,16,19,3,5,0,0,0,0,0,0,0,1,1,6,6,1,57,9,3996,1,22,-1,6,E01027923,0,1
2024010549037,2024,010549037,2,20,0,99,99,9,9,99,99,9,9,99,9,99,1,1,6,6,1,56,9,-1,-1,-1,-1,2,E01003336,0,2
2024421440147,2024,421440147,2,5,0,-1,19,5,8,-1,0,1,0,0,0,0,1,1,-1,1,1,58,9,1285,1,8,-1,6,E01021399,0,3
2024302400736,2024,302400736,1,5,0,16,19,8,4,0,0,0,1,0,0,0,4,1,6,6,1,61,9,1285,1,8,-1,9,E01007893,0,4
2024421520780,2024,421520780,2,5,0,-1,19,7,3,-1,0,6,0,0,0,0,1,1,-1,6,1,51,8,803,1,8,DUCATI SCRAMBLER,-1,-1,0,-1
2024421431318,2024,421431318,1,5,0,-1,19,1,5,-1,0,0,0,0,7,0,1,1,-1,9,1,65,9,803,1,9,DUCATI SCRAMBLER,5,E01021907,0,2
2024010512321,2024,010512321,1,5,0,15,15,4,8,0,0,1,0,0,0,0,2,1,2,2,1,32,6,803,1,7,DUCATI SCRAMBLER,8,E01002569,0,1
2024041419196,2024,041419196,1,5,0,-1,12,5,1,-1,0,0,1,0,4,1,1,1,-1,1,1,21,5,803,1,9,DUCATI SCRAMBLER,2,E01025044,0,1
2024010539495,2024,010539495,1,5,0,18,19,3,7,0,0,1,1,0,0,0,1,1,6,6,1,35,6,803,1,1,DUCATI SCRAMBLER,9,E01003896,0,1
2024361457353,2024,361457353,1,5,0,-1,19,1,5,-1,0,1,0,0,1,0,1,1,-1,9,1,55,8,803,1,3,DUCATI SCRAMBLER,3,E01026719,0,4
2024010519883,2024,010519883,1,5,0,18,19,5,1,0,0,0,0,0,0,0,3,1,6,6,1,61,9,803,1,9,DUCATI SCRAMBLER,10,E01030541,0,4
2024461478469,2024,461478469,1,5,0,-1,19,8,5,-1,0,1,2,0,1,0,0,1,-1,9,1,54,8,803,1,8,DUCATI SCRAMBLER,10,E01024823,0,2
2024122401177,2024,122401177,2,5,0,13,13,1,5,0,0,0,0,0,0,0,1,1,6,6,1,55,8,803,1,3,DUCATI SCRAMBLER,6,E01025535,0,4
2024131488092,2024,131488092,1,5,0,-1,14,7,3,-1,0,8,0,0,0,0,1,1,-1,9,1,64,9,803,1,4,DUCATI SCRAMBLER,4,E01007331,0,2
2024070911082,2024,070911082,2,5,0,-1,4,1,5,-1,0,0,0,0,0,0,1,1,-1,9,1,53,8,803,1,1,DUCATI SCRAMBLER,10,E01018574,0,2
2024231467819,2024,231467819,1,5,0,-1,19,8,4,-1,0,0,1,0,4,6,4,1,-1,6,2,37,7,803,1,9,DUCATI SCRAMBLER,6,E01031130,0,2
2024320363489,2024,320363489,2,5,0,4,4,4,8,0,0,1,5,0,0,0,2,1,-1,-1,1,59,9,1745,1,3,-1,9,E01029939,0,5
2024411516235,2024,411516235,2,5,0,-1,19,1,4,-1,0,0,0,0,0,0,4,1,-1,6,1,45,7,1745,1,4,-1,10,E01023735,0,3
2024010508058,2024,010508058,2,5,0,18,19,1,5,0,0,1,0,0,0,0,4,1,6,6,1,46,8,1745,1,3,-1,2,E01001054,0,3
2024471457704,2024,471457704,2,5,0,-1,19,2,6,-1,0,1,0,0,0,0,4,1,-1,9,1,57,9,1745,1,4,-1,5,E01031611,0,2
2024440368888,2024,440368888,2,5,0,18,19,3,6,0,0,3,0,0,0,0,4,1,6,6,1,75,10,1745,1,2,-1,10,E01030428,0,1
2024010525055,2024,010525055,2,5,0,18,19,4,8,2,2,1,0,0,1,0,3,1,6,6,1,36,7,1745,1,5,-1,3,E01001700,0,2
2024371486202,2024,371486202,1,9,-1,-1,15,5,1,-1,0,0,0,0,0,0,0,9,-1,6,1,37,7,5204,1,3,-1,2,E01035676,0,4
2024501535201,2024,501535201,1,9,0,-1,11,3,7,-1,0,0,0,0,0,0,1,1,-1,9,1,54,8,5204,1,6,-1,8,E01018899,0,3
2024421440159,2024,421440159,1,2,0,-1,19,5,1,-1,0,0,0,11,0,0,1,1,-1,6,2,18,4,125,1,9,-1,1,E01022032,0,2
2024311502246,2024,311502246,1,3,0,-1,19,7,3,-1,9,1,0,0,0,0,1,1,-1,6,1,16,4,125,1,8,-1,3,E01028030,0,1
2024010513176,2024,010513176,2,9,0,99,99,9,9,99,99,9,9,99,9,99,1,9,6,6,3,64,9,1988,1,20,LEXUS IS 200,8,E01003445,0,1
2024552400760,2024,552400760,1,9,0,13,13,3,7,0,0,0,1,0,0,0,3,1,2,2,1,45,7,1988,1,22,LEXUS IS 200,6,E01020561,0,1
2024991513396,2024,991513396,1,9,0,-1,19,6,2,-1,0,0,2,10,1,0,1,1,-1,9,1,55,8,2231,2,12,LEXUS IS 200,9,-1,0,4
2024351475038,2024,351475038,1,9,-1,-1,-1,-1,-1,-1,-1,0,-1,-1,-1,0,-1,9,-1,2,1,26,6,1988,1,19,LEXUS IS 200,8,E01018290,0,2
2024351398439,2024,351398439,2,9,0,-1,19,8,3,-1,0,0,0,0,0,0,1,9,-1,6,2,23,5,1988,1,21,LEXUS IS 200,6,E01034561,0,4
2024131428846,2024,131428846,1,9,0,-1,13,4,8,-1,0,0,0,0,1,0,1,1,-1,2,1,26,6,2231,2,13,LEXUS IS 200,3,E01033690,0,4
2024131482508,2024,131482508,1,9,0,-1,19,1,5,-1,0,4,0,0,0,0,1,1,-1,9,1,54,8,1988,1,22,LEXUS IS 200,6,E01005836,0,4
2024010543960,2024,010543960,1,9,0,99,99,9,9,99,99,9,9,99,9,99,9,9,6,6,3,30,6,1988,1,20,LEXUS IS 200,2,E01003963,0,1
2024440285993,2024,440285993,1,9,0,18,19,5,1,0,0,0,2,0,7,1,3,1,6,6,1,43,7,1988,1,21,LEXUS IS 200,-1,-1,0,-1
2024131419991,2024,131419991,6,9,0,-1,19,3,7,-1,0,1,0,0,0,0,3,1,-1,6,1,71,10,1988,1,21,LEXUS IS 200,1,E01010623,0,1
2024031464029,2024,031464029,1,9,0,-1,19,7,3,-1,0,0,1,0,7,0,1,1,-1,6,1,19,4,1988,1,19,LEXUS IS 200,3,E01019291,0,4
2024010543824,2024,010543824,2,9,0,18,19,1,5,0,0,0,0,0,0,0,4,1,6,6,1,49,8,1988,1,19,LEXUS IS 200,-1,-1,0,-1
2024010530758,2024,010530758,1,9,0,99,99,9,9,99,99,9,9,99,9,99,1,9,6,6,1,45,7,1988,1,23,LEXUS IS 200,2,E01001479,0,2
2024340WN2062,2024,340WN2062,1,9,0,-1,19,7,3,-1,0,1,1,0,1,9,1,1,-1,9,1,20,4,1988,1,22,LEXUS IS 200,7,E01026999,0,2
2024461448773,2024,461448773,2,9,0,-1,2,7,7,-1,0,0,0,0,0,0,2,1,-1,6,1,44,7,1988,1,20,LEXUS IS 200,5,E01016034,0,3
2024461510226,2024,461510226,2,9,0,-1,19,4,7,-1,0,0,0,10,0,0,4,9,-1,2,1,52,8,1988,1,19,LEXUS IS 200,4,E01016141,0,4
2024461457493,2024,461457493,2,9,0,-1,4,4,7,-1,0,0,1,10,0,0,3,1,-1,2,1,47,8,1988,1,20,LEXUS IS 200,5,E01024054,0,1
2024471522417,2024,471522417,1,9,0,-1,19,1,5,-1,0,1,1,0,1,2,1,1,-1,9,1,20,4,1988,1,19,LEXUS IS 200,4,E01031605,0,1
202454B744424,2024,54B744424,2,9,0,18,19,1,5,0,0,8,0,0,0,0,2,1,6,6,1,53,8,2499,1,18,LEXUS IS 250,5,E01015519,0,2
2024010508514,2024,010508514,1,9,0,4,4,1,5,4,4,0,0,0,0,0,2,1,2,2,2,38,7,2499,1,19,LEXUS IS 250,4,E01001444,0,3
2024440341101,2024,440341101,1,9,0,4,4,1,5,0,0,0,0,0,0,0,2,1,6,6,1,28,6,2499,1,18,LEXUS IS 250,7,E01032748,0,3
2024461430276,2024,461430276,1,9,0,-1,19,7,2,-1,0,4,0,0,0,0,1,1,-1,9,1,56,9,2499,1,19,LEXUS IS 250,9,E01024143,0,1
2024010547913,2024,010547913,2,9,0,18,19,1,5,0,0,1,0,0,0,0,1,1,6,6,1,37,7,2499,1,18,LEXUS IS 250,4,E01033925,0,1
2024311395726,2024,311395726,3,9,0,-1,19,1,1,-1,0,0,0,0,0,0,1,1,-1,6,1,27,6,2499,1,17,LEXUS IS 250,-1,-1,0,-1
2024340WN1262,2024,340WN1262,2,9,0,-1,19,4,8,-1,0,0,0,0,0,0,1,1,-1,1,1,57,9,2499,1,13,LEXUS IS 250,10,E01027287,0,2
2024010533576,2024,010533576,1,9,0,18,19,3,7,0,0,8,0,0,1,0,1,1,6,6,2,48,8,2499,1,15,LEXUS IS 250,2,E01033581,0,1
2024430511022,2024,430511022,1,9,0,18,19,8,4,0,0,1,0,0,0,0,1,1,6,6,1,29,6,2499,1,16,LEXUS IS 250,6,E01033308,0,4
2024010510214,2024,010510214,2,9,0,9,9,7,4,0,0,1,0,0,0,0,1,1,6,6,2,61,9,2499,1,11,LEXUS IS 250,9,E01004649,0,1
2024010513527,2024,010513527,1,9,0,99,99,9,9,99,99,9,9,99,9,99,2,9,6,6,1,29,6,2499,1,15,LEXUS IS 250,7,E01003152,0,2
2024201449907,2024,201449907,2,9,0,-1,5,5,8,-1,0,3,0,0,0,0,1,1,-1,2,1,42,7,2499,1,16,LEXUS IS 250,1,E01033643,0,1
2024421512315,2024,421512315,4,9,0,-1,3,6,1,-1,0,4,0,0,0,0,3,1,-1,9,1,63,9,2499,1,18,LEXUS IS 250,5,E01029961,0,4
2024501441818,2024,501441818,2,9,0,-1,3,6,2,-1,0,1,0,0,0,0,2,9,-1,6,1,40,7,2499,1,15,LEXUS IS 250,4,E01018877,0,3
2024430193690,2024,430193690,1,9,0,18,19,6,2,0,0,8,0,0,0,0,4,1,6,6,1,24,5,2499,1,18,LEXUS IS 250,10,E01016410,0,3
2024320083131,2024,320083131,1,9,0,-1,-1,6,2,0,0,0,0,0,0,0,3,1,6,6,2,35,6,2499,1,17,LEXUS IS 250,3,E01026064,0,1
2024440186757,2024,440186757,2,9,0,9,9,4,2,0,0,6,0,0,0,0,1,1,6,6,1,47,8,2499,1,16,LEXUS IS 250,4,E01017254,0,2
2024010506288,2024,010506288,1,9,0,18,19,1,5,0,0,0,0,0,0,0,1,1,6,6,1,43,7,2499,1,15,LEXUS IS 250,7,E01000306,0,1
2024010500366,2024,010500366,1,9,0,10,10,3,2,0,0,1,0,12,7,11,2,1,4,7,1,19,4,2499,1,17,LEXUS IS 250,2,E01000020,0,3
2024010520354,2024,010520354,3,9,0,18,19,3,7,0,0,0,0,0,7,11,1,1,6,6,1,43,7,2499,1,18,LEXUS IS 250,5,E01003953,0,2
2024451461993,2024,451461993,1,9,0,-1,19,5,8,-1,0,8,1,0,1,1,1,1,-1,9,1,20,4,2499,1,17,LEXUS IS 250,4,E01003841,0,2
2024010518531,2024,010518531,1,9,0,99,99,9,9,99,99,9,9,99,9,99,1,9,6,6,2,25,5,2499,1,12,LEXUS IS 250,3,E01001823,0,1
2024461532036,2024,461532036,1,9,0,-1,9,5,2,-1,0,5,0,0,0,0,1,1,-1,9,2,51,8,2499,1,18,LEXUS IS 250,10,E01024835,0,1
2024421475415,2024,421475415,2,9,0,-1,19,3,7,-1,0,0,0,0,0,0,1,1,-1,2,2,41,7,2499,1,18,LEXUS IS 250,8,E01021749,0,1
2024411465187,2024,411465187,1,9,0,-1,5,1,3,-1,0,6,0,0,0,0,1,1,-1,2,1,41,7,2499,1,17,LEXUS IS 250,6,E01033308,0,2
2024461446060,2024,461446060,1,9,0,-1,9,5,1,-1,-1,0,0,0,1,0,1,9,-1,6,1,80,11,2499,1,19,LEXUS IS 250,8,E01024145,0,3
2024552401400,2024,552401400,1,9,0,18,19,1,6,9,9,0,0,10,7,11,1,1,6,6,1,82,11,2499,1,19,LEXUS IS 250,6,E01020566,0,1
2024010510049,2024,010510049,2,9,0,5,5,5,1,0,0,6,0,0,0,0,1,1,6,6,3,-1,-1,2499,1,17,LEXUS IS 250,-1,-1,0,-1
2024461480228,2024,461480228,1,9,0,-1,7,7,5,-1,9,2,0,7,0,0,1,1,-1,9,2,44,7,2499,1,18,LEXUS IS 250,7,E01024158,0,2
2024010516536,2024,010516536,1,9,0,9,9,3,1,9,9,5,0,10,1,11,1,1,6,6,1,29,6,2499,1,11,LEXUS IS 250,-1,-1,0,-1
2024010529464,2024,010529464,1,9,0,9,9,8,5,0,0,5,0,0,0,0,1,1,2,2,1,34,6,2499,1,16,LEXUS IS 250,6,E01001266,0,3
2024010527066,2024,010527066,1,9,0,99,99,9,9,99,99,9,9,99,9,99,2,9,6,6,1,51,8,2499,1,15,LEXUS IS 250,8,E01000906,0,2
2024461396883,2024,461396883,1,9,0,-1,19,7,3,-1,0,1,0,0,0,0,1,9,-1,6,2,39,7,2499,1,14,LEXUS IS 250,5,E01016034,0,1
2024201453404,2024,201453404,3,9,0,-1,2,0,0,-1,9,0,0,0,0,0,2,1,-1,6,-1,-1,-1,2499,1,13,LEXUS IS 250,-1,-1,0,-1
2024010519706,2024,010519706,2,9,0,99,99,9,9,99,99,9,9,99,9,99,2,9,6,6,3,-1,-1,2499,1,18,LEXUS IS 250,-1,-1,0,-1
2024010526360,2024,010526360,1,9,0,7,7,4,6,0,0,8,0,0,0,0,2,1,6,6,2,39,7,2499,1,14,LEXUS IS 250,5,E01016034,0,4
2024010548103,2024,010548103,1,9,0,99,99,9,9,99,99,9,9,99,9,99,2,9,6,6,1,49,8,2499,1,16,LEXUS IS 250,3,E01015744,0,4
2024010506681,2024,010506681,1,9,0,4,4,3,7,0,0,1,0,0,0,0,1,1,6,6,1,50,8,2499,1,18,LEXUS IS 250,5,E01004580,0,1
2024421417860,2024,421417860,2,9,0,-1,19,5,1,-1,0,0,0,0,0,0,3,1,-1,2,2,35,6,2499,1,16,LEXUS IS 250,2,E01021354,0,1
2024141526770,2024,141526770,1,9,0,-1,10,7,4,-1,0,1,0,0,0,0,1,9,-1,6,1,92,11,3969,1,26,-1,1,E01007856,0,1
2024010532719,2024,010532719,2,9,0,17,19,3,7,0,0,8,0,0,0,0,1,1,6,6,3,-1,-1,2987,2,10,-1,-1,-1,0,-1
2024421468132,2024,421468132,1,9,0,-1,19,1,5,-1,0,0,1,7,0,0,4,1,-1,9,1,38,7,2987,2,7,-1,9,E01016002,0,4
2024411578127,2024,411578127,6,9,0,-1,19,7,3,-1,0,0,0,0,0,0,1,1,-1,6,1,58,9,1995,8,2,-1,10,E01023948,0,3
2024320422298,2024,320422298,3,9,0,-1,-1,3,7,0,0,0,0,0,0,0,1,1,-1,-1,1,60,9,2987,2,7,-1,5,E01026221,0,2
2024010527512,2024,010527512,2,9,0,2,2,0,0,0,0,1,0,0,0,0,1,1,6,6,3,-1,-1,2979,1,7,-1,-1,-1,0,-1
2024461512046,2024,461512046,1,9,0,-1,5,3,7,-1,0,6,0,0,0,0,1,2,-1,9,2,50,8,2987,2,4,-1,9,E01024331,0,1
2024501486055,2024,501486055,1,9,0,-1,9,4,2,-1,0,2,0,0,0,0,3,1,-1,6,1,61,9,2987,2,7,-1,7,E01019908,0,1
2024401421994,2024,401421994,1,9,0,-1,19,6,2,-1,0,7,1,0,1,0,1,1,-1,9,1,46,8,2987,2,5,-1,2,E01017490,0,1
2024440027627,2024,440027627,2,9,0,18,19,4,8,0,0,1,0,0,0,0,1,1,6,6,1,47,8,1990,1,22,MAZDA MODEL MISSING,10,E01022850,0,1
2024010549669,2024,010549669,1,9,0,99,99,9,9,99,99,9,9,99,9,99,9,9,2,2,1,35,6,1830,1,31,MAZDA MODEL MISSING,8,E01000563,0,1
2024520402183,2024,520402183,2,19,0,18,19,7,3,0,0,0,0,0,0,0,1,1,6,6,3,-1,-1,-1,-1,-1,MAZDA MODEL MISSING,-1,-1,0,-1
2024430555487,2024,430555487,2,9,0,11,11,6,3,0,0,3,0,0,0,0,4,1,6,6,1,33,6,2490,7,24,MAZDA MODEL MISSING,-1,-1,0,-1
2024421529272,2024,421529272,2,9,0,-1,19,5,1,-1,0,0,0,0,0,0,1,1,-1,9,2,58,9,1990,1,26,MAZDA MODEL MISSING,7,E01016946,0,5
2024371466497,2024,371466497,1,9,0,-1,7,3,1,-1,0,2,0,0,0,0,4,1,-1,9,1,18,4,1800,1,26,MAZDA MODEL MISSING,6,E01034562,0,2