collision_index,collision_year,collision_ref_no,vehicle_reference,vehicle_type,towing_and_articulation,vehicle_manoeuvre_historic,vehicle_manoeuvre,vehicle_direction_from,vehicle_direction_to,vehicle_location_restricted_lane_historic,vehicle_location_restricted_lane,junction_location,skidding_and_overturning,hit_object_in_carriageway,vehicle_leaving_carriageway,hit_object_off_carriageway,first_point_of_impact,vehicle_left_hand_drive,journey_purpose_of_driver_historic,journey_purpose_of_driver,sex_of_driver,age_of_driver,age_band_of_driver,engine_capacity_cc,propulsion_code,age_of_vehicle,generic_make_model,driver_imd_decile,lsoa_of_driver,escooter_flag,driver_distance_banding
2024531490169,2024,531490169,1,90,0,-1,19,1,1,-1,0,0,0,0,0,0,1,1,-1,7,2,50,8,1990,1,24,MAZDA MODEL MISSING,6,E01022236,0,1
2024991399479,2024,991399479,2,9,0,-1,15,3,7,-1,0,8,0,0,0,0,1,1,-1,6,1,53,8,2191,2,8,MAZDA MODEL MISSING,9,-1,0,1
2024052401487,2024,052401487,2,9,0,4,4,3,7,0,0,1,0,0,0,0,2,1,6,6,1,51,8,2490,2,29,MAZDA MODEL MISSING,8,E01006682,0,1
2024201501757,2024,201501757,1,19,0,-1,2,0,0,-1,0,1,0,0,0,0,2,1,-1,6,2,47,8,-1,-1,-1,MAZDA MODEL MISSING,1,E01008966,0,1
2024461395602,2024,461395602,1,10,0,-1,5,3,7,-1,0,0,2,0,2,0,1,1,-1,9,2,36,7,-1,-1,-1,MAZDA MODEL MISSING,8,E01024451,0,2
2024340WN6192,2024,340WN6192,2,9,0,-1,19,1,5,-1,0,0,5,0,2,4,2,1,-1,9,1,35,6,1340,1,12,MAZDA MODEL MISSING,6,E01004451,0,4
2024471455796,2024,471455796,2,9,0,-1,19,7,3,-1,0,8,0,0,0,0,3,1,-1,6,2,53,8,1990,1,24,MAZDA MODEL MISSING,3,E01016952,0,1
2024440272207,2024,440272207,3,19,0,18,19,4,8,0,0,0,0,0,0,0,1,1,2,2,1,51,8,-1,-1,-1,MAZDA MODEL MISSING,2,E01017363,0,1
2024471439899,2024,471439899,1,9,0,-1,19,5,1,-1,0,0,5,0,7,4,4,1,-1,9,1,18,4,1600,1,35,MAZDA MODEL MISSING,9,E01021227,0,1
2024501437578,2024,501437578,1,9,0,-1,1,2,6,-1,0,1,0,0,0,0,2,1,-1,9,1,89,11,2000,1,13,MAZDA MODEL MISSING,2,E01020014,0,1
2024548920724,2024,548920724,3,9,0,4,4,3,7,0,0,0,0,0,0,0,2,1,6,6,1,54,8,2490,2,28,MAZDA MODEL MISSING,-1,-1,0,-1
2024440251652,2024,440251652,3,9,0,18,19,7,3,0,0,0,0,0,1,7,2,1,6,6,2,59,9,1830,1,30,MAZDA MODEL MISSING,5,E01022832,0,2
2024101472153,2024,101472153,1,9,0,-1,9,7,5,-1,0,2,0,0,0,0,1,1,-1,6,2,53,8,1990,1,20,MAZDA MODEL MISSING,10,E01027494,0,1
2024552400969,2024,552400969,1,19,0,9,9,2,7,0,0,8,0,0,0,0,1,1,6,6,2,56,9,-1,-1,-1,MAZDA MODEL MISSING,6,E01004697,0,5
2024351539326,2024,351539326,2,9,0,-1,2,0,0,-1,2,0,0,0,0,0,1,1,-1,6,-1,-1,-1,1999,1,12,MAZDA MODEL MISSING,-1,-1,0,-1
2024231519736,2024,231519736,2,9,0,-1,19,4,8,-1,0,0,1,0,0,0,1,1,-1,2,1,46,8,-1,3,3,MERCEDES EQC CLASS,6,E01035333,0,5
2024451469433,2024,451469433,1,9,0,-1,19,4,8,-1,0,0,0,0,0,0,1,1,-1,2,2,38,7,-1,3,2,MERCEDES EQC CLASS,10,E01030691,0,1
2024010502476,2024,010502476,1,9,0,99,99,9,9,99,99,9,9,99,9,99,9,9,2,2,1,46,8,-1,3,3,MERCEDES EQC CLASS,10,E01030789,0,4
2024991479558,2024,991479558,1,9,0,-1,7,5,7,-1,0,0,0,0,0,0,1,1,-1,2,2,37,7,-1,3,2,MERCEDES EQC CLASS,10,-1,0,2
2024421471447,2024,421471447,2,9,0,-1,7,-1,-1,-1,0,0,0,0,0,0,4,1,-1,9,2,43,7,-1,3,2,MERCEDES EQC CLASS,7,E01035286,0,4
2024221449240,2024,221449240,1,9,0,-1,9,4,2,-1,0,4,0,0,0,0,1,9,-1,6,1,70,10,-1,3,1,MERCEDES EQC CLASS,10,E01032149,0,2
2024211530388,2024,211530388,2,9,0,-1,3,6,2,-1,0,0,0,0,0,0,3,1,-1,2,1,26,6,-1,3,3,MERCEDES EQC CLASS,-1,-1,0,-1
2024311429336,2024,311429336,1,9,0,-1,6,7,7,-1,0,0,0,0,0,0,2,1,-1,9,2,38,7,-1,3,1,MERCEDES EQC CLASS,9,E01028386,0,1
2024052401529,2024,052401529,2,9,0,18,19,5,1,0,0,1,0,0,0,0,3,1,2,2,3,-1,-1,-1,3,3,MERCEDES EQC CLASS,-1,-1,0,-1
2024231531240,2024,231531240,2,9,0,-1,7,2,8,-1,0,8,1,0,7,0,1,9,-1,2,1,50,8,-1,3,1,MERCEDES EQC CLASS,1,E01031043,0,2
2024461452825,2024,461452825,1,9,0,-1,5,8,8,-1,0,8,0,0,0,0,1,1,-1,9,2,32,6,-1,3,3,MERCEDES EQC CLASS,6,E01035311,0,1
2024010517058,2024,010517058,1,9,0,5,5,7,3,0,0,1,0,0,0,0,1,1,6,6,1,41,7,-1,3,1,MERCEDES EQC CLASS,9,E01002225,0,1
2024031470912,2024,031470912,2,9,0,-1,19,6,2,-1,0,0,0,0,0,0,1,1,-1,2,1,45,7,-1,3,1,MERCEDES EQC CLASS,7,E01019382,0,3
2024461512178,2024,461512178,1,9,0,-1,9,1,3,-1,0,2,0,0,0,0,3,9,-1,6,2,38,7,-1,3,3,MERCEDES EQC CLASS,8,E01016095,0,1
2024010537861,2024,010537861,1,9,0,2,2,1,5,0,0,0,0,0,0,0,1,1,6,6,3,-1,-1,-1,3,3,MERCEDES EQC CLASS,-1,-1,0,-1
2024302400641,2024,302400641,1,9,0,6,6,8,8,0,0,0,0,0,0,0,3,2,6,6,1,39,7,-1,3,2,MERCEDES EQC CLASS,10,E01013544,0,1
2024010496941,2024,010496941,1,9,0,9,9,5,2,0,0,1,0,0,0,0,1,1,6,6,2,59,9,-1,3,2,MERCEDES EQC CLASS,8,E01000963,0,1
2024201423262,2024,201423262,2,9,0,-1,19,6,2,-1,0,0,0,0,0,0,2,1,-1,2,2,43,7,-1,3,1,MERCEDES EQC CLASS,6,E01013589,0,4
2024531523722,2024,531523722,1,9,0,-1,4,5,3,-1,0,2,0,0,0,0,1,1,-1,9,2,43,7,-1,3,2,MERCEDES EQC CLASS,9,E01022136,0,1
2024461475524,2024,461475524,1,9,0,-1,7,2,8,-1,0,2,0,0,0,0,0,2,-1,9,1,31,6,-1,3,3,MERCEDES EQC CLASS,7,E01032814,0,4
2024411556755,2024,411556755,2,9,0,-1,19,1,5,-1,0,0,1,0,2,11,4,1,-1,2,2,47,8,-1,3,3,MERCEDES EQC CLASS,7,E01015719,0,3
2024010514254,2024,010514254,2,9,0,9,9,6,4,0,0,6,0,0,0,0,1,1,2,2,1,37,7,-1,3,4,MERCEDES EQC CLASS,5,E01023830,0,3
2024161418034,2024,161418034,1,9,0,-1,5,1,5,-1,9,0,0,0,0,0,4,9,-1,6,1,-1,-1,-1,3,4,MERCEDES EQC CLASS,8,E01012955,0,1
2024010503258,2024,010503258,1,9,0,99,99,9,9,99,99,9,9,99,9,99,2,9,2,2,2,37,7,-1,3,2,MERCEDES EQC CLASS,10,E01000815,0,2
2024010519483,2024,010519483,1,9,0,4,4,1,5,9,9,0,0,0,3,10,1,1,1,1,2,73,10,-1,3,1,MERCEDES EQC CLASS,9,E01002271,0,1
2024010491904,2024,010491904,1,9,0,4,4,5,1,0,0,1,0,0,0,0,4,1,3,7,2,48,8,-1,3,1,MERCEDES EQC CLASS,7,E01000298,0,1
2024522402576,2024,522402576,2,9,0,18,19,6,2,0,0,4,0,0,0,0,1,1,6,6,3,-1,-1,-1,3,2,MERCEDES EQC CLASS,-1,-1,0,-1
2024101484586,2024,101484586,1,9,0,-1,19,7,3,-1,0,0,0,0,0,0,1,1,-1,6,1,-1,-1,-1,3,2,MERCEDES EQC CLASS,-1,-1,0,-1
2024451497724,2024,451497724,2,9,0,-1,19,7,3,-1,0,0,0,99,0,0,1,1,-1,6,1,40,7,-1,3,1,MERCEDES EQC CLASS,-1,-1,0,-1
2024010502318,2024,010502318,2,9,0,1,1,5,2,0,0,2,0,0,0,0,2,1,6,6,2,73,10,-1,3,1,MERCEDES EQC CLASS,8,E01000536,0,1
2024501437075,2024,501437075,1,9,0,-1,19,7,3,-1,0,0,0,0,0,0,9,9,-1,7,2,54,8,-1,3,3,MERCEDES EQC CLASS,9,E01020038,0,1
2024501401841,2024,501401841,1,9,0,-1,9,8,5,-1,0,8,0,0,0,0,3,9,-1,6,1,54,8,-1,3,2,MERCEDES EQC CLASS,2,E01015210,0,1
2024201466728,2024,201466728,2,9,0,-1,7,5,7,-1,0,5,0,0,0,0,2,1,-1,9,1,31,6,-1,3,1,MERCEDES EQC CLASS,-1,-1,0,-1
2024461481166,2024,461481166,2,9,0,-1,7,6,6,-1,0,6,0,0,0,0,1,2,-1,9,2,37,7,-1,3,2,MERCEDES EQC CLASS,5,E01016127,0,1
2024320223103,2024,320223103,2,9,0,4,4,2,6,0,0,0,0,0,1,0,2,1,-1,-1,1,47,8,-1,3,1,MERCEDES EQC CLASS,10,E01026305,0,1
2024071057382,2024,071057382,2,9,0,-1,19,1,5,-1,0,1,0,0,0,0,1,1,-1,6,2,32,6,-1,3,4,MERCEDES EQC CLASS,9,E01018403,0,1
2024332400069,2024,332400069,1,9,0,-1,5,1,5,-1,0,6,0,0,0,0,3,1,-1,9,1,47,8,-1,3,3,MERCEDES EQC CLASS,8,E01025951,0,1
2024052400326,2024,052400326,1,9,0,1,1,3,7,0,0,0,0,0,0,0,2,1,2,2,2,33,6,-1,3,4,MERCEDES EQC CLASS,10,E01006321,0,3
2024471470566,2024,471470566,1,9,0,-1,19,1,5,-1,0,8,0,0,0,0,4,1,-1,9,1,58,9,-1,3,2,MERCEDES EQC CLASS,3,E01031657,0,4
2024131490601,2024,131490601,1,9,0,-1,5,1,5,-1,0,2,0,0,0,0,1,1,-1,6,1,56,9,-1,3,1,MERCEDES EQC CLASS,2,E01011028,0,1
2024010501862,2024,010501862,1,9,0,18,19,7,3,0,0,0,0,0,0,0,4,1,6,6,1,-1,-1,-1,3,3,MERCEDES EQC CLASS,10,E01000756,0,1
2024010537261,2024,010537261,1,9,0,2,2,0,0,0,0,1,0,0,0,0,3,1,6,6,3,-1,-1,-1,3,4,MERCEDES EQC CLASS,-1,-1,0,-1
2024451432024,2024,451432024,3,9,0,-1,12,3,7,-1,0,0,1,2,0,0,3,1,-1,9,1,48,8,-1,3,2,MERCEDES EQC CLASS,9,E01000753,0,3
2024411538825,2024,411538825,1,9,0,-1,9,8,6,-1,0,8,0,0,0,0,1,1,-1,1,1,34,6,-1,3,1,MERCEDES EQC CLASS,10,E01023361,0,3
2024991512557,2024,991512557,1,9,0,-1,19,2,6,-1,0,8,0,0,0,0,4,1,-1,1,1,31,6,-1,3,3,MERCEDES EQC CLASS,2,-1,0,3
2024411531142,2024,411531142,1,9,0,-1,7,3,5,-1,0,8,0,0,0,0,1,1,-1,6,2,47,8,-1,3,2,MERCEDES EQC CLASS,9,E01023731,0,1
2024430389686,2024,430389686,1,9,0,18,19,8,4,0,0,8,0,0,0,0,1,1,6,6,1,55,8,-1,3,2,MERCEDES EQC CLASS,7,E01017834,0,1
2024421477032,2024,421477032,2,4,0,-1,9,7,5,-1,0,4,0,0,0,0,3,1,-1,6,1,21,5,125,1,3,-1,3,E01021860,0,1
2024440423761,2024,440423761,1,4,0,18,19,5,1,0,0,0,1,0,0,0,3,1,6,6,1,21,5,125,1,0,-1,9,E01022644,0,2
2024501452715,2024,501452715,1,3,0,-1,19,7,3,-1,0,0,0,0,0,0,1,1,-1,1,1,42,7,125,1,0,-1,6,E01018798,0,2
2024991486127,2024,991486127,3,5,0,-1,19,4,8,-1,0,0,1,0,0,0,2,1,-1,9,1,39,7,243,1,36,-1,9,-1,0,4
2024361433573,2024,361433573,1,4,0,-1,19,7,3,-1,0,0,1,0,0,0,3,1,-1,9,1,66,10,243,1,42,-1,-1,-1,0,-1
2024101484208,2024,101484208,3,9,0,-1,4,7,3,-1,0,0,0,0,0,0,2,1,-1,6,2,44,7,-1,3,0,PORSCHE TAYCAN,10,E01027471,0,3
2024010546390,2024,010546390,1,9,0,99,99,9,9,99,99,9,9,99,9,99,1,9,6,6,3,-1,-1,-1,3,4,PORSCHE TAYCAN,-1,-1,0,-1
2024010517315,2024,010517315,1,9,0,16,19,5,1,0,0,0,0,7,0,0,1,1,6,6,1,48,8,-1,3,1,PORSCHE TAYCAN,9,E01002961,0,1
2024141423977,2024,141423977,1,9,0,-1,19,1,5,-1,0,0,0,0,0,0,1,1,-1,9,1,51,8,-1,3,2,PORSCHE TAYCAN,10,E01007930,0,1
2024451461344,2024,451461344,6,9,0,-1,5,3,7,-1,0,0,0,0,0,0,1,1,-1,9,1,60,9,-1,3,3,PORSCHE TAYCAN,9,E01030918,0,1
2024010512349,2024,010512349,1,9,0,18,19,3,7,0,0,0,0,4,0,0,1,1,6,6,1,52,8,-1,3,3,PORSCHE TAYCAN,9,E01023731,0,4
2024010515851,2024,010515851,1,9,0,5,5,0,5,0,0,0,0,10,7,10,1,1,6,6,1,24,5,-1,3,4,PORSCHE TAYCAN,5,E01000471,0,2
2024041400792,2024,041400792,2,9,0,-1,9,1,7,-1,0,5,0,0,0,0,3,1,-1,2,2,39,7,-1,3,1,PORSCHE TAYCAN,8,E01025547,0,4
2024201468880,2024,201468880,1,9,0,-1,19,2,6,-1,0,0,0,0,0,0,2,1,-1,6,2,60,9,-1,3,2,PORSCHE TAYCAN,9,E01010547,0,1
2024451400893,2024,451400893,1,9,0,-1,14,3,7,-1,0,0,0,0,0,0,4,1,-1,6,1,41,7,-1,3,4,PORSCHE TAYCAN,-1,-1,0,-1
2024201547228,2024,201547228,1,9,0,-1,4,5,5,-1,0,2,0,0,0,0,1,9,-1,6,1,27,6,-1,3,4,PORSCHE TAYCAN,-1,-1,0,-1
2024411525917,2024,411525917,4,9,0,-1,3,1,6,-1,0,0,0,0,0,0,2,1,-1,9,1,41,7,-1,3,1,PORSCHE TAYCAN,7,E01002226,0,3
2024010548679,2024,010548679,1,9,0,18,19,1,5,0,0,1,0,0,0,0,1,1,6,6,1,41,7,-1,3,2,PORSCHE TAYCAN,7,E01004544,0,1
2024440225061,2024,440225061,3,9,0,18,19,2,6,0,0,0,0,0,0,0,3,1,6,6,2,48,8,-1,3,1,PORSCHE TAYCAN,6,E01023196,0,2
2024010551807,2024,010551807,2,9,0,14,14,7,3,0,0,1,0,4,0,0,4,1,6,6,1,22,5,-1,3,4,PORSCHE TAYCAN,7,E01004657,0,1
2024471453585,2024,471453585,2,9,0,-1,13,7,3,-1,0,0,1,0,8,0,1,1,-1,2,1,41,7,-1,3,4,PORSCHE TAYCAN,2,E01034827,0,1
2024010539661,2024,010539661,2,9,0,2,2,0,0,0,0,1,0,0,0,0,3,1,6,6,3,-1,-1,-1,3,2,PORSCHE TAYCAN,-1,-1,0,-1
2024010490711,2024,010490711,3,9,0,2,2,0,0,9,9,0,0,0,0,0,3,1,6,6,3,-1,-1,-1,3,1,PORSCHE TAYCAN,-1,-1,0,-1
2024010533066,2024,010533066,2,9,0,99,99,9,9,99,99,9,9,99,9,99,9,9,6,6,3,-1,-1,-1,3,3,PORSCHE TAYCAN,-1,-1,0,-1
2024320418449,2024,320418449,1,9,0,-1,-1,2,6,0,0,0,5,0,1,9,1,1,6,6,1,53,8,-1,3,2,PORSCHE TAYCAN,10,E01026302,0,2
2024010528619,2024,010528619,2,9,0,18,19,5,1,0,0,1,0,0,0,0,3,1,6,6,1,52,8,-1,3,3,PORSCHE TAYCAN,9,E01004587,0,1
2024010529002,2024,010529002,1,9,0,18,19,1,5,0,0,0,0,10,1,10,1,1,6,6,1,56,9,-1,3,1,PORSCHE TAYCAN,3,E01001503,0,2
2024131407359,2024,131407359,1,9,0,-1,4,7,3,-1,0,0,0,0,0,0,2,1,-1,2,1,56,9,-1,3,3,PORSCHE TAYCAN,2,E01011852,0,4
2024471434115,2024,471434115,2,9,0,-1,9,8,6,-1,0,2,0,0,0,0,3,1,-1,9,1,50,8,-1,3,4,PORSCHE TAYCAN,6,E01015286,0,5
2024010548155,2024,010548155,2,9,0,99,99,9,9,99,99,9,9,99,9,99,2,9,6,6,3,-1,-1,-1,3,3,PORSCHE TAYCAN,-1,-1,0,-1
2024010528683,2024,010528683,2,9,0,18,19,1,5,0,0,1,0,4,0,0,1,1,6,6,1,18,4,-1,3,3,PORSCHE TAYCAN,9,E01001905,0,1
2024451518737,2024,451518737,3,9,0,-1,19,5,1,-1,0,0,0,0,0,0,1,1,-1,9,1,47,8,-1,3,2,PORSCHE TAYCAN,6,E01030458,0,3
2024531481606,2024,531481606,2,9,0,-1,2,0,0,-1,0,0,0,0,0,0,2,1,-1,6,-1,-1,-1,-1,3,2,PORSCHE TAYCAN,-1,-1,0,-1
2024421408467,2024,421408467,1,9,0,-1,19,8,5,-1,0,4,0,9,0,0,1,9,-1,9,1,32,6,-1,3,1,PORSCHE TAYCAN,6,E01002380,0,2
2024010540487,2024,010540487,1,9,0,13,13,1,5,0,0,0,0,0,0,0,3,1,1,1,1,47,8,-1,3,0,PORSCHE TAYCAN,7,E01024459,0,3
2024991495655,2024,991495655,1,9,0,-1,19,7,3,-1,0,8,0,0,0,0,1,1,-1,6,1,48,8,-1,3,4,PORSCHE TAYCAN,6,-1,0,4
2024440272537,2024,440272537,1,9,4,2,2,0,0,0,0,2,0,0,0,0,0,1,6,6,3,-1,-1,-1,3,2,PORSCHE TAYCAN,-1,-1,0,-1
2024131510085,2024,131510085,1,9,0,-1,19,1,5,-1,0,1,0,0,0,0,1,2,-1,6,1,63,9,-1,3,1,PORSCHE TAYCAN,2,E01010752,0,2
2024471517152,2024,471517152,1,9,0,-1,4,3,7,-1,0,0,0,0,0,0,1,1,-1,6,1,44,7,-1,3,2,PORSCHE TAYCAN,9,E01031823,0,1
2024501478953,2024,501478953,1,9,0,-1,7,2,6,-1,0,0,0,0,0,0,1,1,-1,1,1,31,6,1199,8,0,-1,7,E01020219,0,3
2024010519330,2024,010519330,2,9,9,18,19,9,9,99,99,9,9,99,9,99,9,9,6,6,3,-1,-1,-1,3,14,-1,-1,-1,0,-1
2024052402195,2024,052402195,1,4,0,9,9,3,1,0,0,0,0,0,0,0,2,1,6,6,1,30,6,293,1,3,-1,1,E01006552,0,1
2024302500207,2024,302500207,1,8,0,-1,19,8,5,-1,0,0,0,0,1,10,1,1,-1,1,1,51,8,1490,8,7,-1,1,E01006065,0,4
2024461459520,2024,461459520,2,11,0,-1,13,3,7,-1,0,0,0,0,0,0,4,1,-1,1,1,62,9,12902,2,5,-1,4,E01019037,0,5
2024061511534,2024,061511534,5,9,0,-1,19,6,2,-1,0,0,0,0,0,0,1,9,-1,6,3,-1,-1,1398,1,13,VAUXHALL ASTRA,-1,-1,0,-1
2024201470149,2024,201470149,2,9,0,-1,19,4,8,-1,0,0,0,0,0,0,3,1,-1,6,1,59,9,1686,2,14,VAUXHALL ASTRA,1,E01010433,0,1
2024471513684,2024,471513684,1,9,0,-1,19,7,3,-1,0,8,0,0,0,0,1,1,-1,9,1,22,5,1686,2,11,VAUXHALL ASTRA,8,E01031461,0,1
2024010512488,2024,010512488,1,9,9,99,99,9,9,99,99,9,9,99,9,99,1,9,6,6,1,25,5,1598,1,10,VAUXHALL ASTRA,7,E01002427,0,3
2024991500542,2024,991500542,1,9,0,-1,19,5,1,-1,0,1,0,0,0,0,1,1,-1,9,1,52,8,1956,2,13,VAUXHALL ASTRA,7,-1,0,1
2024201454679,2024,201454679,1,9,0,-1,19,7,3,-1,0,1,0,0,0,0,1,9,-1,6,1,31,6,1598,2,8,VAUXHALL ASTRA,3,E01033893,0,1
2024201532611,2024,201532611,7,9,0,-1,2,0,0,-1,0,8,0,0,0,0,3,1,-1,6,-1,-1,-1,1598,1,11,VAUXHALL ASTRA,-1,-1,0,-1
2024520001959,2024,520001959,2,9,0,18,19,2,6,0,0,4,0,0,0,0,2,1,6,6,1,76,11,1598,1,23,VAUXHALL ASTRA,10,E01014411,0,2
2024991540492,2024,991540492,1,9,0,-1,5,8,2,-1,0,8,0,0,0,0,1,1,-1,9,2,53,8,1248,2,10,VAUXHALL ASTRA,3,-1,0,1
2024010513932,2024,010513932,1,9,9,99,99,9,9,99,99,9,9,99,9,99,9,9,6,6,3,36,7,1598,1,9,VAUXHALL ASTRA,3,E01001338,0,2
2024531399176,2024,531399176,1,9,0,-1,9,2,4,-1,0,0,0,0,0,0,3,1,-1,9,1,54,8,1598,1,15,VAUXHALL ASTRA,7,E01028486,0,4
2024221440189,2024,221440189,1,9,0,-1,2,0,0,-1,0,0,0,0,0,0,0,1,-1,6,1,24,5,1598,1,11,VAUXHALL ASTRA,5,E01032181,0,4
2024421464847,2024,421464847,1,9,0,-1,4,3,3,-1,0,4,0,0,0,0,1,1,-1,2,2,30,6,1598,1,12,VAUXHALL ASTRA,9,E01021926,0,1
2024201450750,2024,201450750,2,9,0,-1,19,5,8,-1,0,0,0,0,0,0,1,1,-1,6,1,60,9,1686,2,20,VAUXHALL ASTRA,5,E01029623,0,1
2024010516363,2024,010516363,1,9,0,99,99,9,9,99,99,9,9,99,9,99,9,9,6,6,3,-1,-1,1364,1,9,VAUXHALL ASTRA,3,E01001213,0,1
2024211428032,2024,211428032,1,9,0,-1,19,6,2,-1,0,0,0,0,0,0,3,1,-1,1,1,35,6,1399,1,8,VAUXHALL ASTRA,-1,-1,0,-1
2024111522587,2024,111522587,2,9,0,-1,3,4,8,-1,0,1,0,0,0,0,2,1,-1,9,1,38,7,1910,2,14,VAUXHALL ASTRA,4,E01034491,0,1
2024231507343,2024,231507343,2,9,0,-1,6,8,8,-1,0,0,0,0,0,0,3,1,-1,9,1,27,6,1598,2,6,VAUXHALL ASTRA,3,E01032194,0,4
2024010506106,2024,010506106,2,9,0,18,19,5,1,0,0,2,0,0,0,0,1,1,6,6,1,32,6,1598,1,14,VAUXHALL ASTRA,2,E01004035,0,1
2024631503153,2024,631503153,2,9,0,-1,11,3,1,-1,0,8,0,0,0,0,4,1,-1,9,1,67,10,1598,1,27,VAUXHALL ASTRA,7,W01000507,0,4
2024451473817,2024,451473817,2,9,0,-1,19,-1,-1,-1,0,6,0,0,0,0,-1,1,-1,6,1,30,6,1686,2,13,VAUXHALL ASTRA,-1,-1,0,-1
2024041524019,2024,041524019,1,9,0,-1,19,5,1,-1,0,0,5,0,4,0,1,1,-1,9,1,35,6,1956,2,11,VAUXHALL ASTRA,3,E01025312,0,3
2024541233924,2024,541233924,1,9,0,9,9,8,4,0,0,6,0,0,0,0,1,1,6,6,1,-1,-1,1956,2,13,VAUXHALL ASTRA,5,E01031860,0,1
2024320142366,2024,320142366,2,9,0,7,7,4,5,0,0,5,0,0,0,0,2,1,6,6,1,34,6,1399,1,7,VAUXHALL ASTRA,3,E01026023,0,3
2024141523892,2024,141523892,1,9,0,-1,19,5,4,-1,0,0,0,7,0,0,1,1,-1,6,1,33,6,1998,1,18,VAUXHALL ASTRA,4,E01019526,0,2
2024131535251,2024,131535251,1,9,0,-1,19,7,3,-1,0,0,0,0,0,0,4,1,-1,9,1,86,11,1364,1,18,VAUXHALL ASTRA,1,E01011677,0,1
2024131465017,2024,131465017,2,9,0,-1,19,7,3,-1,0,8,0,0,0,0,4,1,-1,1,1,26,6,1499,2,1,VAUXHALL ASTRA,1,E01034582,0,1
2024991521844,2024,991521844,1,9,0,-1,13,7,3,-1,0,0,0,0,0,0,3,1,-1,6,1,78,11,1399,1,7,VAUXHALL ASTRA,-1,-1,0,-1
2024991411762,2024,991411762,1,9,0,-1,19,6,2,-1,0,0,1,0,1,0,1,1,-1,9,1,19,4,1598,1,18,VAUXHALL ASTRA,4,-1,0,2
2024451486872,2024,451486872,1,9,0,-1,19,5,1,-1,0,0,1,0,0,0,3,1,-1,1,1,33,6,1598,2,5,VAUXHALL ASTRA,4,E01030551,0,3
2024041497131,2024,041497131,1,9,0,-1,4,3,7,-1,0,1,0,4,0,0,2,1,-1,9,2,30,6,1398,1,14,VAUXHALL ASTRA,1,E01012657,0,1
2024070826713,2024,070826713,1,9,0,-1,5,2,3,-1,0,8,0,0,0,0,1,1,-1,9,2,33,6,1598,2,9,VAUXHALL ASTRA,1,E01035366,0,1
2024010551164,2024,010551164,1,9,9,99,99,9,9,99,99,0,5,12,9,10,9,9,6,6,3,-1,-1,1796,1,16,VAUXHALL ASTRA,-1,-1,0,-1
2024440206431,2024,440206431,1,9,0,18,19,7,3,0,0,4,0,0,0,0,1,1,1,1,1,31,6,1956,2,11,VAUXHALL ASTRA,8,E01023280,0,1
2024302401711,2024,302401711,2,9,0,18,19,2,6,0,0,8,0,0,8,11,1,1,6,6,1,58,9,1910,2,16,VAUXHALL ASTRA,1,E01019625,0,1
2024332400613,2024,332400613,1,9,0,-1,10,7,4,-1,0,1,0,0,0,0,2,1,-1,9,1,50,8,1598,2,7,VAUXHALL ASTRA,9,E01018037,0,4
2024991471416,2024,991471416,1,9,0,-1,19,2,6,-1,0,0,0,0,0,0,1,1,-1,9,1,83,11,1362,1,11,VAUXHALL ASTRA,5,-1,0,1
2024421467105,2024,421467105,1,9,0,-1,5,1,5,-1,0,0,0,0,0,0,1,1,-1,6,1,43,7,1399,1,5,VAUXHALL ASTRA,10,E01021958,0,2
2024302400576,2024,302400576,2,9,0,17,19,8,5,0,0,0,0,0,0,0,1,1,6,6,2,53,8,1686,2,10,VAUXHALL ASTRA,5,E01019417,0,2
2024371442004,2024,371442004,2,9,0,-1,19,4,8,-1,0,2,0,0,0,0,1,1,-1,9,1,57,9,1686,2,13,VAUXHALL ASTRA,6,E01030153,0,1
2024501503529,2024,501503529,1,9,0,-1,19,7,3,-1,0,0,1,0,0,0,1,1,-1,9,2,30,6,1399,1,7,VAUXHALL ASTRA,5,E01018904,0,1
2024010541923,2024,010541923,2,9,0,99,99,9,9,99,99,9,9,99,9,99,3,9,6,6,2,28,6,1598,1,14,VAUXHALL ASTRA,4,E01003249,0,1
2024201463007,2024,201463007,1,9,0,-1,9,2,7,-1,0,8,0,0,0,0,1,1,-1,6,1,30,6,1598,2,8,VAUXHALL ASTRA,-1,-1,0,-1
2024010523885,2024,010523885,1,9,0,2,2,0,0,99,99,1,0,0,0,0,2,9,6,6,3,-1,-1,1399,1,8,VAUXHALL ASTRA,-1,-1,0,-1
2024320678124,2024,320678124,2,9,0,-1,-1,3,8,0,0,3,0,0,0,0,1,1,-1,-1,1,75,10,1796,1,18,VAUXHALL ASTRA,9,E01026164,0,1
2024320206790,2024,320206790,2,9,0,-1,-1,5,1,0,0,0,0,0,0,0,1,1,-1,-1,2,32,6,1956,2,11,VAUXHALL ASTRA,10,E01027355,0,5
2024991504423,2024,991504423,2,9,0,-1,9,1,7,-1,0,8,0,0,1,0,3,1,-1,6,1,45,7,1686,2,16,VAUXHALL ASTRA,8,-1,0,1
2024201517451,2024,201517451,1,9,0,-1,19,1,6,-1,0,0,0,0,0,0,2,1,-1,6,1,35,6,1364,1,15,VAUXHALL ASTRA,4,E01009159,0,3
2024010517800,2024,010517800,1,9,0,9,9,5,2,0,0,2,0,0,0,0,1,1,6,6,2,28,6,1598,1,18,VAUXHALL ASTRA,6,E01034194,0,2
2024201473640,2024,201473640,2,9,0,-1,19,6,2,-1,0,8,0,0,0,0,4,1,-1,6,2,27,6,999,1,5,VAUXHALL ASTRA,2,E01010472,0,1
2024471468939,2024,471468939,2,9,0,-1,19,2,6,-1,0,1,0,0,0,0,1,1,-1,2,1,22,5,1398,1,9,VAUXHALL ASTRA,10,E01031639,0,1