collision_index,collision_year,collision_ref_no,vehicle_reference,vehicle_type,towing_and_articulation,vehicle_manoeuvre_historic,vehicle_manoeuvre,vehicle_direction_from,vehicle_direction_to,vehicle_location_restricted_lane_historic,vehicle_location_restricted_lane,junction_location,skidding_and_overturning,hit_object_in_carriageway,vehicle_leaving_carriageway,hit_object_off_carriageway,first_point_of_impact,vehicle_left_hand_drive,journey_purpose_of_driver_historic,journey_purpose_of_driver,sex_of_driver,age_of_driver,age_band_of_driver,engine_capacity_cc,propulsion_code,age_of_vehicle,generic_make_model,driver_imd_decile,lsoa_of_driver,escooter_flag,driver_distance_banding
2024430228988,2024,430228988,1,9,0,14,14,7,3,0,0,1,0,0,0,0,3,1,2,2,2,33,6,1598,1,10,VAUXHALL ASTRA,10,E01016410,0,1
2024221406389,2024,221406389,1,9,0,-1,9,1,7,-1,0,6,0,0,0,0,1,9,-1,6,1,28,6,1362,1,12,VAUXHALL ASTRA,5,E01035068,0,4
2024201490221,2024,201490221,1,9,0,-1,9,5,3,-1,0,1,0,0,0,0,1,1,-1,6,1,20,4,1399,1,6,VAUXHALL ASTRA,1,E01008910,0,1
2024451489188,2024,451489188,1,9,0,-1,19,3,7,-1,0,8,0,0,0,0,1,1,-1,9,2,58,9,1796,1,17,VAUXHALL ASTRA,7,E01030423,0,1
2024010513925,2024,010513925,2,9,9,99,99,9,9,99,99,9,9,99,9,99,9,9,6,6,3,-1,-1,999,1,8,VAUXHALL ASTRA,-1,-1,0,-1
2024010551070,2024,010551070,1,9,0,18,19,3,7,0,0,0,0,0,0,0,1,1,2,2,1,36,7,1598,1,6,VAUXHALL ASTRA,2,E01000052,0,1
2024320005753,2024,320005753,1,9,0,18,19,6,2,0,0,0,0,4,0,0,1,1,6,6,1,30,6,1199,1,1,VAUXHALL ASTRA,8,E01026035,0,1
2024131521391,2024,131521391,1,9,0,-1,19,1,5,-1,0,0,0,0,0,0,1,1,-1,6,1,22,5,1796,1,17,VAUXHALL ASTRA,1,E01011747,0,1
2024010510161,2024,010510161,2,9,0,99,99,9,9,99,99,0,9,99,9,99,2,9,6,6,3,-1,-1,1598,1,15,VAUXHALL ASTRA,4,E01003441,0,1
2024991428748,2024,991428748,1,9,0,-1,19,5,1,-1,0,5,0,0,1,11,1,1,-1,6,1,21,5,1796,1,16,VAUXHALL ASTRA,4,-1,0,3
2024201504169,2024,201504169,1,9,0,-1,15,3,7,-1,0,2,0,0,0,0,1,1,-1,6,3,30,6,1362,1,12,VAUXHALL ASTRA,-1,-1,0,-1
2024201469263,2024,201469263,2,9,0,-1,19,-1,-1,-1,0,0,0,0,0,0,0,9,-1,6,1,40,7,1956,2,10,VAUXHALL ASTRA,9,E01029508,0,1
2024451439921,2024,451439921,1,9,0,-1,5,1,5,-1,0,8,0,0,0,0,3,9,-1,6,1,66,10,1496,2,4,VAUXHALL ASTRA,4,E01030481,0,4
2024201410578,2024,201410578,3,9,0,-1,19,4,2,-1,0,3,0,0,0,0,1,9,-1,2,2,30,6,1399,1,6,VAUXHALL ASTRA,4,E01009873,0,1
2024991474539,2024,991474539,1,9,0,-1,19,5,1,-1,0,0,2,0,1,9,1,1,-1,6,1,32,6,1364,1,15,VAUXHALL ASTRA,1,-1,0,1
2024522403121,2024,522403121,1,9,0,3,3,5,1,0,0,1,0,0,0,0,2,1,6,6,1,36,7,1598,1,18,VAUXHALL ASTRA,7,E01014648,0,1
2024421457139,2024,421457139,1,9,0,-1,20,8,6,-1,0,0,0,0,0,0,1,1,-1,9,2,83,11,1796,1,18,VAUXHALL ASTRA,4,E01022034,0,1
2024311499057,2024,311499057,1,9,0,-1,7,8,4,-1,0,6,0,0,0,0,4,1,-1,2,1,28,6,1364,1,10,VAUXHALL ASTRA,6,E01028152,0,1
2024471514583,2024,471514583,2,9,0,-1,19,1,5,-1,0,0,0,0,0,0,1,1,-1,6,1,51,8,1796,1,17,VAUXHALL ASTRA,5,E01031577,0,1
2024461456540,2024,461456540,1,9,0,-1,9,3,2,-1,0,0,0,0,1,0,4,1,-1,2,1,58,9,999,1,6,VAUXHALL ASTRA,4,E01016137,0,1
2024991398658,2024,991398658,1,9,0,-1,19,5,8,-1,0,2,0,0,0,0,1,1,-1,6,2,26,6,999,1,8,VAUXHALL ASTRA,2,-1,0,1
2024031530495,2024,031530495,1,9,0,-1,5,5,1,-1,0,0,0,0,0,0,3,1,-1,6,2,68,10,1399,1,7,VAUXHALL ASTRA,-1,-1,0,-1
2024201458538,2024,201458538,1,9,0,-1,19,4,1,-1,0,2,0,0,0,0,1,1,-1,6,1,30,6,1364,1,15,VAUXHALL ASTRA,1,E01009478,0,2
2024101455212,2024,101455212,1,9,0,-1,9,1,6,-1,0,0,0,0,0,0,1,1,-1,2,1,39,7,1598,1,14,VAUXHALL ASTRA,3,E01008219,0,1
202460Q046894,2024,60Q046894,2,9,0,18,19,7,3,0,0,1,0,0,0,0,3,1,6,6,1,24,5,1598,1,10,VAUXHALL ASTRA,-1,-1,0,-1
2024141486097,2024,141486097,3,9,0,-1,19,6,2,-1,0,0,0,0,0,0,2,1,-1,9,1,69,10,1199,1,0,VAUXHALL ASTRA,2,E01007397,0,4
2024520401845,2024,520401845,2,9,0,18,19,5,1,0,0,8,0,0,0,0,1,1,6,6,1,-1,-1,1598,1,18,VAUXHALL ASTRA,2,E01029177,0,3
2024501448251,2024,501448251,1,9,0,-1,19,8,4,-1,0,0,0,0,0,0,4,1,-1,9,1,26,6,1598,1,12,VAUXHALL ASTRA,8,E01018811,0,1
2024542771924,2024,542771924,1,9,0,18,19,2,6,0,0,0,0,0,1,11,1,1,6,6,1,20,4,1686,2,14,VAUXHALL ASTRA,8,E01032033,0,1
2024010528961,2024,010528961,1,9,0,99,99,9,9,99,99,9,9,99,9,99,2,9,6,6,2,46,8,1399,1,8,VAUXHALL ASTRA,7,E01000340,0,2
2024131460297,2024,131460297,1,9,0,-1,19,4,8,-1,0,0,0,0,0,0,3,1,-1,9,1,41,7,1598,2,7,VAUXHALL ASTRA,3,E01011758,0,1
2024440279824,2024,440279824,1,9,0,4,4,1,5,0,0,1,0,0,0,0,2,1,6,6,1,43,7,1796,1,21,VAUXHALL ASTRA,2,E01017153,0,1
2024052400558,2024,052400558,1,9,0,18,19,1,5,0,0,0,0,0,0,0,1,1,2,2,1,35,6,1598,1,14,VAUXHALL ASTRA,3,E01006743,0,1
2024010548273,2024,010548273,1,9,0,99,99,9,9,99,99,9,9,99,9,99,9,9,6,6,2,29,6,999,1,8,VAUXHALL ASTRA,3,E01004183,0,1
2024052401448,2024,052401448,1,9,0,18,19,7,3,0,0,0,0,0,0,0,1,1,6,6,2,-1,-1,1598,1,15,VAUXHALL ASTRA,-1,-1,0,-1
2024031528377,2024,031528377,2,9,0,-1,10,5,1,-1,0,1,0,0,0,0,2,1,-1,9,1,46,8,1686,2,19,VAUXHALL ASTRA,7,E01019387,0,1
2024461422192,2024,461422192,1,9,0,-1,15,1,5,-1,2,1,0,0,0,0,1,1,-1,1,1,26,6,1598,2,5,VAUXHALL ASTRA,-1,-1,0,-1
2024471483860,2024,471483860,2,9,0,-1,19,7,3,-1,0,3,0,0,0,0,1,1,-1,6,1,-1,-1,1598,1,12,VAUXHALL ASTRA,6,E01031484,0,3
2024501455842,2024,501455842,1,9,0,-1,19,3,7,-1,0,8,0,0,0,0,3,1,-1,9,1,40,7,1598,1,10,VAUXHALL ASTRA,2,E01034630,0,1
2024201406460,2024,201406460,1,9,0,-1,19,1,5,-1,0,4,0,0,0,0,1,9,-1,6,1,30,6,1598,1,14,VAUXHALL ASTRA,-1,-1,0,-1
2024522403374,2024,522403374,1,9,0,3,3,3,7,0,0,8,0,0,0,0,1,1,6,6,2,54,8,1598,1,14,VAUXHALL ASTRA,7,E01014838,0,1
2024320561069,2024,320561069,3,9,0,-1,-1,4,8,0,0,1,0,0,0,0,1,1,-1,-1,1,27,6,1598,2,6,VAUXHALL ASTRA,-1,-1,0,-1
2024122401182,2024,122401182,2,9,0,9,9,7,5,0,0,8,0,0,0,0,4,1,6,6,1,66,10,1399,1,7,VAUXHALL ASTRA,5,E01027729,0,1
2024401438192,2024,401438192,1,9,0,-1,19,5,1,-1,0,1,0,11,0,0,1,1,-1,6,1,19,4,1399,1,5,VAUXHALL ASTRA,4,E01015734,0,1
2024041406643,2024,041406643,1,9,0,-1,19,4,2,-1,0,8,0,0,0,0,1,1,-1,9,1,71,10,1364,1,19,VAUXHALL ASTRA,2,E01024942,0,1
2024041525586,2024,041525586,3,9,0,-1,19,7,3,-1,0,0,1,0,1,4,1,1,-1,9,2,40,7,2198,1,22,VAUXHALL ASTRA,4,E01025288,0,2
2024440053772,2024,440053772,1,9,0,11,11,3,7,0,0,5,0,0,0,0,4,1,6,6,2,35,6,1399,1,8,VAUXHALL ASTRA,8,E01022948,0,2
2024010511953,2024,010511953,3,9,0,18,19,1,5,0,0,0,0,0,0,0,0,1,1,1,1,32,6,1341,1,4,VAUXHALL ASTRA,4,E01000915,0,1
2024430602702,2024,430602702,1,9,0,18,19,8,4,0,0,0,0,0,0,0,1,1,6,6,2,36,7,1598,1,14,VAUXHALL ASTRA,-1,-1,0,-1
2024461464136,2024,461464136,1,9,0,-1,19,3,7,-1,0,0,0,0,0,0,1,1,-1,6,1,51,8,1598,1,9,VAUXHALL ASTRA,6,E01024173,0,1
2024461521372,2024,461521372,1,9,0,-1,19,1,5,-1,0,0,1,0,1,0,1,1,-1,6,2,40,7,1956,2,12,VAUXHALL ASTRA,4,E01035305,0,2
2024101508336,2024,101508336,1,9,0,-1,19,3,7,-1,0,0,0,0,0,0,1,1,-1,9,1,38,7,1364,1,9,VAUXHALL ASTRA,1,E01027533,0,1
2024010501266,2024,010501266,1,9,0,18,19,3,7,0,0,1,0,0,0,0,1,1,6,6,1,30,6,1364,1,13,VAUXHALL ASTRA,-1,-1,0,-1
2024320654480,2024,320654480,1,9,0,-1,-1,6,8,0,0,2,5,0,7,10,1,1,6,6,2,45,7,1199,1,4,VAUXHALL ASTRA,6,E01026316,0,1
2024161475091,2024,161475091,1,9,0,-1,19,8,4,-1,0,0,0,0,0,0,0,9,-1,6,1,40,7,1364,1,14,VAUXHALL ASTRA,6,E01013081,0,2
2024070730456,2024,070730456,2,9,0,-1,9,9,9,-1,0,8,0,0,0,0,4,1,-1,9,1,49,8,1598,1,10,VAUXHALL ASTRA,3,E01012427,0,1
2024131462026,2024,131462026,2,9,0,-1,19,5,1,-1,0,0,0,0,0,0,0,1,-1,1,2,36,7,1499,2,1,VAUXHALL ASTRA,1,E01011366,0,3
2024340WN2632,2024,340WN2632,1,9,0,-1,9,1,7,-1,0,4,0,0,0,0,3,1,-1,9,1,18,4,1686,2,10,VAUXHALL ASTRA,7,E01027353,0,2
2024141511644,2024,141511644,3,9,0,-1,2,1,1,-1,9,0,0,0,0,0,4,1,-1,6,-1,-1,-1,1598,1,11,VAUXHALL ASTRA,-1,-1,0,-1
2024141445817,2024,141445817,1,9,0,-1,19,5,2,-1,0,0,0,0,0,0,1,1,-1,6,2,24,5,1956,2,12,VAUXHALL ASTRA,-1,-1,0,-1
2024122400034,2024,122400034,2,9,0,4,4,2,6,0,0,4,0,0,0,0,2,1,6,6,2,32,6,1598,2,8,VAUXHALL ASTRA,9,E01027887,0,2
2024430080997,2024,430080997,1,9,0,18,19,5,1,0,0,0,0,0,0,0,4,1,6,6,1,92,11,1598,1,22,VAUXHALL ASTRA,5,E01016487,0,1
2024991463997,2024,991463997,2,9,0,-1,19,3,7,-1,0,1,5,0,1,0,1,1,-1,2,2,37,7,1398,1,11,VAUXHALL ASTRA,5,-1,0,4
2024010548500,2024,010548500,1,9,0,9,9,1,7,0,0,6,0,0,0,0,3,1,6,6,1,45,7,1364,1,14,VAUXHALL ASTRA,3,E01002605,0,1
2024122401054,2024,122401054,1,9,0,17,19,5,2,0,0,0,0,0,1,9,4,1,6,6,2,23,5,1686,2,9,VAUXHALL ASTRA,1,E01025185,0,3
2024231515115,2024,231515115,1,9,0,-1,1,1,5,-1,0,8,0,0,0,0,2,1,-1,1,1,40,7,1199,1,0,VAUXHALL ASTRA,7,E01031260,0,1
2024010516824,2024,010516824,1,9,0,9,9,4,2,0,0,8,0,0,0,0,1,1,6,6,1,43,7,1398,1,14,VAUXHALL ASTRA,6,E01003642,0,1
2024041410032,2024,041410032,1,9,0,-1,19,1,5,-1,0,8,0,0,3,10,1,1,-1,6,3,-1,-1,1199,1,1,VAUXHALL ASTRA,-1,-1,0,-1
2024031428519,2024,031428519,2,9,0,-1,19,1,6,-1,0,0,0,0,0,0,3,1,-1,2,1,24,5,1364,1,10,VAUXHALL ASTRA,-1,-1,0,-1
2024010504066,2024,010504066,1,9,0,99,99,9,9,99,99,0,9,99,9,99,1,9,6,6,2,64,9,1598,1,14,VAUXHALL ASTRA,4,E01003916,0,1
2024471483860,2024,471483860,3,9,0,-1,3,7,3,-1,0,3,0,0,0,0,2,1,-1,6,1,-1,-1,1910,2,14,VAUXHALL ASTRA,3,E01031455,0,1
2024041437996,2024,041437996,1,9,0,-1,9,3,1,-1,0,0,0,0,0,0,3,1,-1,9,1,18,4,1686,2,11,VAUXHALL ASTRA,6,E01025351,0,3
2024221530203,2024,221530203,3,9,0,-1,7,3,5,-1,0,1,0,0,0,0,0,1,-1,1,1,42,7,1598,2,8,VAUXHALL ASTRA,-1,-1,0,-1
2024031531485,2024,031531485,2,9,0,-1,19,5,1,-1,0,0,0,0,0,0,1,1,-1,6,2,36,7,1398,1,10,VAUXHALL ASTRA,-1,-1,0,-1
2024401541943,2024,401541943,3,9,0,-1,4,4,8,-1,0,0,0,0,0,0,2,1,-1,6,1,19,4,1398,1,11,VAUXHALL ASTRA,4,E01015752,0,1
2024010511407,2024,010511407,1,9,0,18,19,7,3,0,0,1,0,0,0,0,1,1,6,6,3,-1,-1,1199,1,1,VAUXHALL ASTRA,-1,-1,0,-1
2024430468582,2024,430468582,1,9,0,4,4,4,8,0,0,0,0,0,0,0,1,1,6,6,1,-1,-1,1796,1,15,VAUXHALL ASTRA,10,E01028820,0,3
2024351514841,2024,351514841,4,9,0,-1,19,5,1,-1,0,0,0,0,0,0,2,1,-1,6,1,54,8,1598,1,14,VAUXHALL ASTRA,5,E01035174,0,4
2024461418904,2024,461418904,1,9,0,-1,3,6,2,-1,0,0,0,0,0,0,0,9,-1,6,3,-1,-1,1796,1,17,VAUXHALL ASTRA,-1,-1,0,-1
2024430195308,2024,430195308,4,9,0,10,10,1,5,0,0,1,0,0,0,0,0,1,6,6,1,20,4,1998,1,16,VAUXHALL ASTRA,9,E01031219,0,3
2024991466388,2024,991466388,1,9,0,-1,5,7,7,-1,0,1,0,10,1,0,1,1,-1,9,1,61,9,1598,1,19,VAUXHALL ASTRA,10,-1,0,1
2024332401079,2024,332401079,2,9,0,-1,19,3,7,-1,0,1,0,0,0,0,1,1,-1,9,2,22,5,1398,1,9,VAUXHALL ASTRA,7,E01025635,0,1
2024451451350,2024,451451350,1,9,0,-1,19,1,5,-1,0,8,0,0,0,0,3,1,-1,2,2,25,5,1398,1,14,VAUXHALL ASTRA,9,E01031730,0,3
2024991400603,2024,991400603,2,9,0,-1,19,3,7,-1,0,1,0,0,0,0,1,1,-1,9,1,77,11,1598,1,17,VAUXHALL ASTRA,3,-1,0,1
2024161422228,2024,161422228,2,9,0,-1,11,3,7,-1,0,1,0,0,0,0,4,1,-1,6,1,40,7,1248,2,13,VAUXHALL ASTRA,1,E01013136,0,1
2024041399217,2024,041399217,1,9,0,-1,7,5,1,-1,0,3,0,0,2,0,1,1,-1,9,1,42,7,1796,1,15,VAUXHALL ASTRA,4,E01025314,0,1
2024501400342,2024,501400342,1,9,0,-1,9,7,5,-1,0,8,0,0,0,0,3,1,-1,6,2,35,6,1399,1,8,VAUXHALL ASTRA,6,E01018750,0,3
2024302401239,2024,302401239,2,9,0,18,19,7,3,0,0,0,0,0,0,0,4,1,6,6,1,26,6,1399,1,7,VAUXHALL ASTRA,1,E01034055,0,4
202454E173424,2024,54E173424,1,9,0,18,19,8,4,0,0,0,0,0,0,0,1,1,6,6,2,18,4,1364,1,15,VAUXHALL ASTRA,9,E01034542,0,4
2024531476726,2024,531476726,1,9,0,-1,5,1,5,-1,0,1,0,0,0,0,1,1,-1,2,1,34,6,1598,1,15,VAUXHALL ASTRA,5,E01022312,0,3
2024302401700,2024,302401700,1,9,0,-1,14,4,8,-1,0,2,0,0,0,0,3,2,-1,6,3,-1,-1,1956,2,12,VAUXHALL ASTRA,5,E01019456,0,3
202417L503124,2024,17L503124,2,9,0,16,19,7,3,0,0,0,0,0,0,0,1,1,6,6,1,40,7,1956,2,10,VAUXHALL ASTRA,1,E01012096,0,1
2024340NN3692,2024,340NN3692,1,9,0,-1,19,2,6,-1,0,0,0,0,7,9,1,1,-1,6,1,76,11,1598,1,16,VAUXHALL ASTRA,3,E01026962,0,1
2024430545119,2024,430545119,2,9,0,18,19,1,5,0,0,0,0,0,1,9,1,1,1,1,1,43,7,1598,2,7,VAUXHALL ASTRA,7,E01028431,0,4
2024010509622,2024,010509622,2,9,0,99,99,9,9,99,99,9,9,99,9,99,2,9,6,6,3,30,6,1399,1,8,VAUXHALL ASTRA,8,E01000281,0,1
2024302401641,2024,302401641,3,9,0,-1,19,7,5,-1,0,8,0,0,0,0,4,1,-1,6,1,-1,-1,1598,1,10,VAUXHALL ASTRA,-1,-1,0,-1
2024351488861,2024,351488861,3,9,0,-1,19,3,7,-1,0,0,0,0,0,0,1,1,-1,6,2,35,6,1598,1,15,VAUXHALL ASTRA,3,E01017952,0,1
2024010535741,2024,010535741,1,9,0,1,1,6,2,9,9,6,0,10,7,11,2,1,6,6,2,84,11,1598,1,14,VAUXHALL ASTRA,7,E01002260,0,1
2024461499910,2024,461499910,1,9,0,-1,9,5,3,-1,0,6,0,0,0,0,3,1,-1,9,1,33,6,1796,1,16,VAUXHALL ASTRA,10,E01024046,0,2
2024061393716,2024,061393716,1,9,0,-1,9,7,5,-1,0,1,0,0,0,0,4,1,-1,6,1,24,5,1956,2,9,VAUXHALL ASTRA,-1,-1,0,-1
2024421430585,2024,421430585,1,9,0,-1,4,5,1,-1,0,0,0,0,0,0,1,1,-1,6,1,20,4,1598,1,12,VAUXHALL ASTRA,7,E01021650,0,4
2024070823971,2024,070823971,3,9,0,-1,19,5,1,-1,0,0,0,0,0,0,2,1,-1,9,2,61,9,1956,2,12,VAUXHALL ASTRA,8,E01018443,0,2
2024010548045,2024,010548045,2,9,0,99,99,9,9,99,99,9,9,99,9,99,1,9,6,6,3,-1,-1,1598,2,9,VAUXHALL ASTRA,4,E01002405,0,1
2024010500504,2024,010500504,1,9,0,18,19,3,7,0,0,2,0,4,0,0,1,1,6,6,1,20,4,1598,1,12,VAUXHALL ASTRA,7,E01001495,0,1
2024010529803,2024,010529803,4,9,0,4,4,7,3,0,0,0,0,0,0,0,1,1,6,6,1,39,7,1598,1,13,VAUXHALL ASTRA,7,E01033928,0,1
2024141521737,2024,141521737,1,9,0,-1,19,7,3,-1,0,0,1,0,0,0,1,1,-1,6,2,31,6,1399,1,6,VAUXHALL ASTRA,3,E01028030,0,1
2024311525158,2024,311525158,1,9,0,-1,7,5,1,-1,0,8,0,0,0,0,4,1,-1,9,2,32,6,1796,1,17,VAUXHALL ASTRA,4,E01028174,0,1
2024401440677,2024,401440677,1,9,0,-1,5,1,3,-1,0,4,0,0,0,0,1,1,-1,6,2,48,8,1598,2,7,VAUXHALL ASTRA,4,E01017482,0,1
2024010517816,2024,010517816,1,9,0,18,19,7,3,0,0,1,0,0,0,0,1,1,6,6,3,-1,-1,1362,1,11,VAUXHALL ASTRA,-1,-1,0,-1
2024471475184,2024,471475184,1,9,0,-1,5,3,7,-1,0,8,0,0,0,0,0,1,-1,9,2,84,11,1598,1,21,VAUXHALL ASTRA,6,E01034305,0,1
2024332400098,2024,332400098,1,9,0,-1,9,9,9,-1,0,6,0,0,0,0,1,1,-1,6,3,-1,-1,1686,2,14,VAUXHALL ASTRA,-1,-1,0,-1
2024340WN0432,2024,340WN0432,1,9,0,-1,19,5,1,-1,0,0,1,0,0,0,1,1,-1,9,1,22,5,1956,2,12,VAUXHALL ASTRA,3,E01017906,0,4
2024461469122,2024,461469122,1,9,0,-1,19,2,6,-1,0,2,0,0,0,0,3,1,-1,1,1,51,8,1598,2,5,VAUXHALL ASTRA,-1,-1,0,-1
2024201473875,2024,201473875,1,9,0,-1,13,4,6,-1,0,4,0,0,0,0,1,1,-1,6,1,43,7,1364,1,9,VAUXHALL ASTRA,-1,-1,0,-1
202417M100324,2024,17M100324,2,9,0,18,19,1,5,0,0,1,0,0,0,0,2,1,6,6,1,-1,-1,1686,2,12,VAUXHALL ASTRA,2,E01033473,0,4
2024361469793,2024,361469793,2,9,0,-1,19,2,7,-1,0,1,1,0,0,0,3,1,-1,9,1,43,7,1248,2,10,VAUXHALL ASTRA,9,E01026582,0,1
2024501521917,2024,501521917,1,9,0,-1,19,1,5,-1,0,2,1,10,0,0,4,1,-1,2,1,24,5,1598,1,14,VAUXHALL ASTRA,2,E01019034,0,1
2024010524310,2024,010524310,1,9,0,18,19,3,7,0,0,8,5,4,0,0,1,1,6,6,1,27,6,1398,1,12,VAUXHALL ASTRA,7,E01000572,0,1
2024522402914,2024,522402914,2,9,0,7,7,4,6,0,0,8,0,0,0,0,1,1,6,6,1,37,7,1686,2,11,VAUXHALL ASTRA,1,E01014800,0,1
2024440209712,2024,440209712,1,9,0,3,3,4,8,0,0,1,0,0,0,0,2,1,6,6,1,70,10,1686,2,11,VAUXHALL ASTRA,-1,-1,0,-1
2024320038895,2024,320038895,2,9,0,-1,-1,7,3,0,0,8,0,0,0,0,3,1,6,6,2,43,7,1598,1,13,VAUXHALL ASTRA,9,E01026229,0,4
2024501519772,2024,501519772,2,9,0,-1,19,8,4,-1,0,0,0,0,0,0,2,1,-1,6,2,45,7,1796,1,17,VAUXHALL ASTRA,1,E01015044,0,2
2024010509942,2024,010509942,1,9,0,18,19,7,3,0,0,2,1,0,0,0,1,1,6,6,1,21,5,1796,1,19,VAUXHALL ASTRA,2,E01000106,0,3
2024631424077,2024,631424077,1,9,0,-1,9,8,6,-1,0,6,0,0,0,0,1,1,-1,9,1,17,4,1686,2,18,VAUXHALL ASTRA,4,W01000685,0,4
2024501407150,2024,501407150,1,9,0,-1,19,5,1,-1,0,0,0,0,0,0,1,1,-1,6,1,58,9,1598,2,8,VAUXHALL ASTRA,8,E01020061,0,3
2024201488475,2024,201488475,2,9,0,-1,2,0,0,-1,0,0,0,0,0,0,2,1,-1,2,2,46,8,1598,1,19,VAUXHALL ASTRA,4,E01009009,0,2
2024010535077,2024,010535077,1,9,0,99,99,9,9,99,99,9,9,99,9,99,1,9,6,6,3,-1,-1,1598,1,14,VAUXHALL ASTRA,-1,-1,0,-1
2024010530355,2024,010530355,2,9,0,18,19,5,1,0,0,1,0,0,0,0,4,1,1,1,1,34,6,1399,1,5,VAUXHALL ASTRA,6,E01003711,0,1
2024430055120,2024,430055120,2,9,0,9,9,8,6,0,0,5,0,0,0,0,4,1,6,6,3,-1,-1,1598,1,13,VAUXHALL ASTRA,-1,-1,0,-1
2024052400820,2024,052400820,1,9,0,16,19,5,1,0,0,1,0,0,0,0,4,1,6,6,1,27,6,1398,1,11,VAUXHALL ASTRA,2,E01006751,0,1
2024421498057,2024,421498057,1,9,0,-1,6,2,7,-1,0,3,0,0,0,0,0,9,-1,6,1,61,9,1598,2,8,VAUXHALL ASTRA,3,E01034608,0,4
2024440376417,2024,440376417,1,9,0,18,19,2,4,0,0,1,0,0,0,0,4,1,6,6,2,35,6,1956,2,10,VAUXHALL ASTRA,4,E01017277,0,1
2024161434111,2024,161434111,2,9,0,-1,13,5,1,-1,0,0,5,0,7,4,1,1,-1,9,1,51,8,-1,-1,-1,VAUXHALL ASTRA,5,E01013297,0,2
2024430089139,2024,430089139,1,9,0,1,1,8,4,0,0,2,0,0,0,0,2,1,6,6,1,30,6,1399,1,8,VAUXHALL ASTRA,4,E01035248,0,1
2024520403160,2024,520403160,3,9,0,3,3,8,4,0,0,0,0,0,0,0,2,1,6,6,1,55,8,1686,2,12,VAUXHALL ASTRA,7,E01014916,0,4
2024371516140,2024,371516140,1,9,0,-1,9,4,8,-1,0,2,0,0,0,0,4,1,-1,9,2,20,4,1956,2,12,VAUXHALL ASTRA,5,E01029953,0,1
2024501455553,2024,501455553,1,9,0,-1,9,4,1,-1,0,6,0,0,0,0,4,1,-1,9,2,35,6,1956,2,12,VAUXHALL ASTRA,2,E01034867,0,3
2024141420411,2024,141420411,1,9,0,-1,19,3,6,-1,0,1,0,0,0,0,3,1,-1,6,2,33,6,1598,2,7,VAUXHALL ASTRA,1,E01008100,0,1
2024332400847,2024,332400847,1,9,0,-1,10,2,8,-1,0,8,0,0,0,0,2,1,-1,6,1,84,11,1364,1,16,VAUXHALL ASTRA,3,E01013614,0,1
2024201458640,2024,201458640,2,9,0,-1,5,8,4,-1,0,2,0,0,0,0,1,9,-1,6,1,65,9,1686,2,18,VAUXHALL ASTRA,2,E01009346,0,2
2024411430817,2024,411430817,1,9,0,-1,19,5,1,-1,0,0,0,0,0,0,1,1,-1,6,1,18,4,1598,2,8,VAUXHALL ASTRA,10,E01023966,0,3
2024201494693,2024,201494693,1,9,0,-1,9,7,4,-1,0,8,0,0,0,0,3,1,-1,1,1,54,8,1598,2,6,VAUXHALL ASTRA,1,E01008896,0,2
2024440393655,2024,440393655,2,9,0,18,19,2,8,0,0,1,0,0,0,0,3,1,6,6,1,89,11,1796,1,15,VAUXHALL ASTRA,10,E01023273,0,2
2024010536648,2024,010536648,1,9,0,18,19,3,7,0,0,1,0,0,0,0,1,1,3,7,2,50,8,1598,1,9,VAUXHALL ASTRA,8,E01001027,0,1
2024531439488,2024,531439488,1,9,0,-1,19,5,1,-1,0,2,0,0,0,0,1,1,-1,9,1,52,8,1956,2,10,VAUXHALL ASTRA,8,E01022423,0,1
2024501441727,2024,501441727,1,9,0,-1,19,7,3,-1,0,0,5,0,0,0,1,1,-1,9,1,39,7,1956,2,9,VAUXHALL ASTRA,4,E01020254,0,3
2024991496787,2024,991496787,1,9,0,-1,19,1,6,-1,0,4,0,10,0,0,1,1,-1,6,1,78,11,1248,2,12,VAUXHALL ASTRA,8,-1,0,1
2024211470708,2024,211470708,1,9,0,-1,19,6,2,-1,9,1,1,0,0,0,1,1,-1,6,-1,17,4,1364,1,14,VAUXHALL ASTRA,-1,-1,0,-1
2024131416554,2024,131416554,1,9,0,-1,19,8,2,-1,0,1,0,0,0,0,3,1,-1,6,2,37,7,1598,1,11,VAUXHALL ASTRA,2,E01011298,0,2
2024041398037,2024,041398037,1,9,0,-1,19,5,1,-1,0,1,0,0,0,0,1,9,-1,6,3,-1,-1,1910,2,17,VAUXHALL ASTRA,-1,-1,0,-1
2024141489447,2024,141489447,2,9,0,-1,19,2,6,-1,0,0,0,0,0,0,2,1,-1,9,1,36,7,1399,1,9,VAUXHALL ASTRA,9,E01007709,0,1
2024211462443,2024,211462443,1,9,0,-1,9,8,6,-1,0,1,0,0,0,0,3,1,-1,9,1,25,5,1399,1,7,VAUXHALL ASTRA,7,E01029644,0,1
2024161463708,2024,161463708,2,9,0,-1,9,8,6,-1,0,1,1,0,0,0,1,1,-1,9,1,29,6,1598,1,16,VAUXHALL ASTRA,1,E01012917,0,2
2024302400817,2024,302400817,1,9,0,12,12,2,6,0,0,8,0,0,0,0,3,1,1,1,3,-1,-1,1364,1,15,VAUXHALL ASTRA,5,E01019456,0,2
2024052401749,2024,052401749,2,9,0,9,9,5,3,0,0,8,1,0,2,11,3,1,6,6,2,21,5,1598,1,14,VAUXHALL ASTRA,3,E01006533,0,2