collision_index,collision_year,collision_ref_no,vehicle_reference,vehicle_type,towing_and_articulation,vehicle_manoeuvre_historic,vehicle_manoeuvre,vehicle_direction_from,vehicle_direction_to,vehicle_location_restricted_lane_historic,vehicle_location_restricted_lane,junction_location,skidding_and_overturning,hit_object_in_carriageway,vehicle_leaving_carriageway,hit_object_off_carriageway,first_point_of_impact,vehicle_left_hand_drive,journey_purpose_of_driver_historic,journey_purpose_of_driver,sex_of_driver,age_of_driver,age_band_of_driver,engine_capacity_cc,propulsion_code,age_of_vehicle,generic_make_model,driver_imd_decile,lsoa_of_driver,escooter_flag,driver_distance_banding
2024461453133,2024,461453133,1,9,0,-1,10,5,6,-1,0,1,0,0,0,0,1,9,-1,6,1,24,5,1686,2,12,VAUXHALL ASTRA,5,E01024118,0,1
2024201527088,2024,201527088,1,9,0,-1,19,1,5,-1,0,2,0,0,0,0,1,1,-1,6,1,30,6,1248,2,16,VAUXHALL ASTRA,-1,-1,0,-1
2024131518410,2024,131518410,1,9,0,-1,19,1,5,-1,0,6,1,0,0,0,3,1,-1,6,2,26,6,1598,1,13,VAUXHALL ASTRA,5,E01011425,0,1
2024061451143,2024,061451143,2,9,0,-1,2,0,0,-1,0,0,0,4,0,0,3,1,-1,6,1,30,6,1598,1,14,VAUXHALL ASTRA,-1,-1,0,-1
2024361407840,2024,361407840,1,9,0,-1,19,4,1,-1,0,0,1,10,2,0,2,1,-1,9,1,23,5,1910,2,17,VAUXHALL ASTRA,5,E01026481,0,3
2024501485602,2024,501485602,1,9,0,-1,19,2,6,-1,0,2,0,0,7,11,3,1,-1,9,1,37,7,1796,1,18,VAUXHALL ASTRA,6,E01020204,0,3
2024301519362,2024,301519362,2,9,-1,-1,-1,-1,-1,-1,-1,0,-1,-1,-1,0,-1,9,-1,-1,2,26,6,1598,1,19,VAUXHALL ASTRA,4,E01019739,0,1
2024520401539,2024,520401539,1,9,0,18,19,1,5,0,0,8,0,0,0,0,1,1,6,6,1,25,5,1364,1,14,VAUXHALL ASTRA,4,E01014448,0,3
2024401455671,2024,401455671,3,9,0,-1,2,0,0,-1,0,1,0,0,0,0,2,1,-1,6,-1,-1,-1,1399,1,8,VAUXHALL ASTRA,-1,-1,0,-1
2024440018238,2024,440018238,2,9,0,2,2,0,0,0,0,2,0,4,0,0,3,1,6,6,3,-1,-1,1341,1,4,VAUXHALL ASTRA,-1,-1,0,-1
2024010512274,2024,010512274,1,9,0,5,5,7,3,0,0,8,0,0,0,0,4,1,6,6,1,21,5,1399,1,6,VAUXHALL ASTRA,3,E01002595,0,1
2024010538074,2024,010538074,6,9,0,2,2,0,0,0,0,2,0,0,0,0,2,1,6,6,3,-1,-1,1364,1,15,VAUXHALL ASTRA,-1,-1,0,-1
2024221442558,2024,221442558,2,9,0,-1,19,5,3,-1,0,8,0,0,0,0,1,9,-1,6,2,80,11,1598,2,10,VAUXHALL ASTRA,6,E01032213,0,1
2024221429092,2024,221429092,1,9,0,-1,19,6,2,-1,0,0,0,0,0,0,1,1,-1,1,2,24,5,1598,2,5,VAUXHALL ASTRA,-1,-1,0,-1
2024201456337,2024,201456337,1,9,0,-1,19,8,4,-1,0,6,0,0,0,0,1,1,-1,2,2,42,7,1598,1,10,VAUXHALL ASTRA,6,E01009847,0,1
2024332400039,2024,332400039,1,9,0,-1,19,3,7,-1,0,8,1,0,0,0,1,1,-1,9,2,49,8,1598,1,11,VAUXHALL ASTRA,9,E01025955,0,1
2024440057779,2024,440057779,2,9,0,12,12,4,8,0,0,0,0,0,0,0,2,1,6,6,1,57,9,1598,1,13,VAUXHALL ASTRA,6,E01022634,0,4
2024351406753,2024,351406753,2,9,-1,-1,-1,-1,-1,-1,0,0,-1,-1,-1,0,-1,9,-1,2,1,28,6,1686,2,14,VAUXHALL ASTRA,10,E01018118,0,1
2024461520783,2024,461520783,4,9,0,-1,4,4,8,-1,0,0,0,0,0,0,2,1,-1,9,1,50,8,1956,2,11,VAUXHALL ASTRA,4,E01034985,0,4
2024161431236,2024,161431236,1,9,0,-1,7,6,8,-1,0,0,0,0,0,0,1,1,-1,9,2,35,6,1364,1,17,VAUXHALL ASTRA,1,E01013138,0,1
2024991454354,2024,991454354,2,9,0,-1,4,6,2,-1,0,4,0,0,0,0,2,1,-1,6,1,29,6,1686,2,14,VAUXHALL ASTRA,7,-1,0,3
2024522402992,2024,522402992,1,9,0,18,19,6,2,0,0,0,0,11,0,0,1,1,6,6,1,21,5,1398,1,11,VAUXHALL ASTRA,6,E01015019,0,3
2024440320965,2024,440320965,2,9,0,9,9,7,6,0,0,6,0,0,0,0,3,1,6,6,1,44,7,1796,1,20,VAUXHALL ASTRA,-1,-1,0,-1
2024010521821,2024,010521821,2,9,0,2,2,9,9,99,99,0,9,99,9,99,9,9,6,6,1,-1,-1,1598,1,13,VAUXHALL ASTRA,2,E01001155,0,3
2024131455821,2024,131455821,2,9,0,-1,19,2,6,-1,0,0,0,0,0,0,1,1,-1,9,2,33,6,1398,1,13,VAUXHALL ASTRA,1,E01011658,0,1
2024201431727,2024,201431727,3,9,0,-1,19,2,6,-1,0,0,0,0,0,0,2,9,-1,6,2,58,9,1598,1,14,VAUXHALL ASTRA,1,E01008898,0,1
2024070254700,2024,070254700,2,9,0,3,3,5,1,0,0,2,0,0,0,0,2,1,6,6,2,23,5,1598,1,16,VAUXHALL ASTRA,2,E01018463,0,1
2024041493016,2024,041493016,1,9,0,-1,19,7,3,-1,0,4,0,0,0,0,4,1,-1,9,1,45,7,1364,1,16,VAUXHALL ASTRA,7,E01024955,0,1
2024131469904,2024,131469904,1,9,0,-1,7,5,1,-1,0,1,0,0,0,0,1,1,-1,2,2,48,8,1364,1,14,VAUXHALL ASTRA,2,E01011639,0,2
2024311519288,2024,311519288,1,9,0,-1,19,3,7,-1,0,0,0,7,0,0,1,1,-1,2,1,43,7,1598,1,10,VAUXHALL ASTRA,4,E01028228,0,2
2024421524348,2024,421524348,2,9,0,-1,-1,-1,-1,-1,-1,0,-1,-1,-1,0,-1,9,-1,6,2,28,6,1399,1,6,VAUXHALL ASTRA,2,E01015938,0,1
2024501491871,2024,501491871,1,9,0,-1,19,2,6,-1,0,0,0,4,0,0,1,1,-1,9,2,32,6,1796,1,19,VAUXHALL ASTRA,6,E01020276,0,2
2024010534086,2024,010534086,1,9,0,18,19,5,1,0,0,0,0,0,0,0,1,1,6,6,1,30,6,1796,1,19,VAUXHALL ASTRA,2,E01001161,0,1
2024041503769,2024,041503769,1,9,0,-1,5,5,7,-1,0,8,0,0,0,0,3,1,-1,9,1,80,11,1686,2,10,VAUXHALL ASTRA,8,E01024956,0,1
2024421486759,2024,421486759,1,9,0,-1,19,6,2,-1,0,0,0,0,0,0,1,1,-1,1,1,27,6,-1,-1,-1,VAUXHALL ASTRA,10,E01021458,0,4
2024070355595,2024,070355595,2,9,0,4,4,7,3,0,0,0,0,0,0,0,2,1,6,6,1,58,9,1199,1,4,VAUXHALL ASTRA,8,E01007250,0,4
2024411425006,2024,411425006,1,9,0,-1,9,7,5,-1,0,0,0,0,0,0,3,1,-1,6,2,37,7,1598,2,7,VAUXHALL ASTRA,4,E01023781,0,1
2024451530890,2024,451530890,2,9,0,-1,5,1,7,-1,0,0,0,0,0,0,1,1,-1,6,2,30,6,1398,1,13,VAUXHALL ASTRA,-1,-1,0,-1
2024131489678,2024,131489678,1,9,0,-1,19,3,5,-1,0,8,0,0,0,0,1,1,-1,6,2,41,7,1796,1,16,VAUXHALL ASTRA,1,E01011624,0,3
2024201445879,2024,201445879,2,9,0,-1,4,2,6,-1,0,0,0,0,0,0,2,1,-1,6,1,20,4,1598,2,8,VAUXHALL ASTRA,9,E01009461,0,1
2024201405304,2024,201405304,1,9,0,-1,19,6,2,-1,0,0,0,0,0,0,3,9,-1,6,1,-1,-1,1598,1,19,VAUXHALL ASTRA,2,E01009409,0,1
2024010529147,2024,010529147,1,9,0,99,99,9,9,99,99,9,9,99,9,99,9,9,6,6,1,62,9,1598,2,9,VAUXHALL ASTRA,9,E01027267,0,4
2024522401488,2024,522401488,3,9,0,18,19,2,6,0,0,0,0,0,0,0,1,1,6,6,1,37,7,-1,-1,-1,VAUXHALL ASTRA,3,E01014736,0,3
2024010503332,2024,010503332,3,9,0,99,99,9,9,99,99,9,9,99,9,99,1,9,6,6,3,26,6,1598,1,15,VAUXHALL ASTRA,2,E01001152,0,1
2024201517115,2024,201517115,2,9,0,-1,3,8,5,-1,0,0,0,0,0,0,2,1,-1,9,2,53,8,1956,2,13,VAUXHALL ASTRA,3,E01010083,0,2
2024361477066,2024,361477066,1,9,0,-1,5,7,3,-1,0,1,0,0,0,0,1,2,-1,6,2,33,6,1956,2,13,VAUXHALL ASTRA,5,E01026845,0,1
2024451478006,2024,451478006,2,9,0,-1,2,0,0,-1,0,0,0,0,0,0,1,1,-1,6,-1,-1,-1,1364,1,19,VAUXHALL ASTRA,-1,-1,0,-1
2024451482819,2024,451482819,1,9,0,-1,19,5,1,-1,0,8,0,0,0,0,1,1,-1,1,1,26,6,1598,2,5,VAUXHALL ASTRA,9,E01030646,0,2
2024201465725,2024,201465725,1,9,0,-1,19,5,1,-1,0,1,0,0,0,0,0,1,-1,6,1,-1,-1,1598,1,18,VAUXHALL ASTRA,-1,-1,0,-1
2024010549465,2024,010549465,2,9,0,18,19,5,1,0,0,7,0,0,0,0,1,1,2,2,1,23,5,1399,1,5,VAUXHALL ASTRA,4,E01003637,0,2
2024201526600,2024,201526600,2,9,0,-1,3,7,3,-1,0,1,0,0,0,0,2,1,-1,6,1,25,5,1399,1,8,VAUXHALL ASTRA,3,E01010322,0,1
2024361412018,2024,361412018,1,9,-1,-1,19,-1,-1,-1,0,-1,0,0,0,0,-1,9,-1,6,1,35,6,-1,-1,-1,VAUXHALL ASTRA,3,E01026614,0,1
2024111447312,2024,111447312,1,9,0,-1,9,3,7,-1,0,0,0,0,0,0,1,1,-1,6,2,40,7,1199,1,1,VAUXHALL ASTRA,-1,-1,0,-1
2024052402362,2024,052402362,1,9,0,18,19,8,4,0,0,1,0,0,0,0,1,1,6,6,1,64,9,1598,1,15,VAUXHALL ASTRA,3,E01007167,0,1
2024061457543,2024,061457543,1,9,0,-1,7,4,5,-1,0,8,0,0,0,0,4,9,-1,6,1,22,5,1956,2,13,VAUXHALL ASTRA,1,E01015575,0,5
202460Q144305,2024,60Q144305,2,9,0,18,19,1,5,0,0,8,0,0,0,0,1,1,1,1,1,37,7,1248,2,9,VAUXHALL ASTRA,-1,-1,0,-1
2024401498463,2024,401498463,3,9,0,-1,20,0,0,-1,0,8,0,0,0,0,2,1,-1,6,2,33,6,1686,2,13,VAUXHALL ASTRA,5,E01015768,0,1
2024052402126,2024,052402126,1,9,0,5,5,1,5,0,0,1,0,0,0,0,1,1,6,6,2,31,6,1956,2,12,VAUXHALL ASTRA,1,E01006600,0,2
2024471411732,2024,471411732,1,9,0,-1,19,1,5,-1,0,1,0,0,0,0,1,1,-1,6,1,-1,-1,1598,1,17,VAUXHALL ASTRA,-1,-1,0,-1
2024010490666,2024,010490666,2,9,9,99,99,9,9,99,99,9,9,99,9,99,9,9,6,6,3,-1,-1,1364,1,15,VAUXHALL ASTRA,-1,-1,0,-1
2024622500089,2024,622500089,1,8,0,16,19,5,1,0,0,3,0,0,0,0,1,1,2,2,1,53,8,999,1,5,VAUXHALL ASTRA,3,W01001046,0,1
2024161427741,2024,161427741,2,9,0,-1,19,6,2,-1,0,1,0,0,0,0,2,1,-1,2,2,55,8,1496,2,3,VAUXHALL ASTRA,1,E01012918,0,2
2024340WN1732,2024,340WN1732,1,9,0,-1,9,8,6,-1,0,6,0,0,0,0,1,1,-1,9,2,27,6,1796,1,15,VAUXHALL ASTRA,1,E01032979,0,1
2024141490256,2024,141490256,2,9,0,-1,3,6,2,-1,0,0,0,0,0,0,2,1,-1,6,2,25,5,1598,1,13,VAUXHALL ASTRA,4,E01008019,0,1
2024531517125,2024,531517125,1,9,0,-1,19,2,6,-1,0,1,0,0,0,0,1,1,-1,6,2,67,10,1598,2,5,VAUXHALL ASTRA,10,E01022415,0,1
2024302400500,2024,302400500,1,9,0,9,9,6,4,0,0,0,0,0,0,0,1,1,1,1,1,55,8,1598,1,17,VAUXHALL ASTRA,10,E01019462,0,2
2024430496011,2024,430496011,1,9,0,18,19,6,2,0,0,0,0,0,0,0,1,1,2,2,2,25,5,1598,1,24,VAUXHALL ASTRA,7,E01015493,0,4
2024440161514,2024,440161514,2,9,0,13,13,7,3,0,0,2,0,0,0,0,1,1,6,6,1,47,8,1796,1,17,VAUXHALL ASTRA,7,E01022713,0,2
2024070753553,2024,070753553,2,9,0,-1,19,4,8,-1,0,0,0,0,0,0,3,1,-1,6,2,54,8,1398,1,9,VAUXHALL ASTRA,1,E01012408,0,1
2024451532088,2024,451532088,1,9,0,-1,10,8,6,-1,0,1,0,0,0,0,1,1,-1,6,1,61,9,1598,1,11,VAUXHALL ASTRA,5,E01030751,0,1
2024031475237,2024,031475237,2,9,0,-1,2,0,0,-1,0,1,0,0,0,0,0,1,-1,1,1,49,8,1796,1,15,VAUXHALL ASTRA,3,E01019284,0,1
2024131467670,2024,131467670,1,9,0,-1,19,-1,-1,-1,0,0,0,-1,-1,0,1,1,-1,6,1,37,7,1686,2,17,VAUXHALL ASTRA,5,E01011392,0,1
2024471496407,2024,471496407,2,9,0,-1,19,1,5,-1,0,8,0,0,0,0,1,1,-1,2,2,33,6,1199,1,2,VAUXHALL ASTRA,6,E01020926,0,1
2024010521112,2024,010521112,1,9,0,18,19,7,3,0,0,2,0,0,0,0,0,1,6,6,1,26,6,1598,1,14,VAUXHALL ASTRA,1,E01004199,0,1
2024010542572,2024,010542572,1,9,0,-1,-1,6,2,0,0,0,0,10,7,2,1,1,6,6,1,44,7,1598,1,10,VAUXHALL ASTRA,5,E01001173,0,1
2024461494689,2024,461494689,1,9,0,-1,19,5,1,-1,0,0,2,0,1,0,4,1,-1,2,1,17,4,1398,1,13,VAUXHALL ASTRA,6,E01021118,0,3
2024131418649,2024,131418649,2,9,0,-1,19,3,7,-1,0,4,0,0,0,0,3,1,-1,9,1,21,5,1956,2,13,VAUXHALL ASTRA,9,E01011272,0,2
2024061516475,2024,061516475,2,9,0,-1,9,-1,-1,-1,99,0,0,99,0,0,1,1,-1,6,2,37,7,1796,1,16,VAUXHALL ASTRA,3,E01005934,0,2
2024010502294,2024,010502294,2,9,0,9,9,5,3,0,0,8,0,0,0,0,1,1,6,6,1,26,6,1598,1,11,VAUXHALL ASTRA,2,E01003943,0,1
2024070181950,2024,070181950,2,9,0,18,19,2,6,0,0,8,0,0,0,0,3,1,6,6,1,45,7,1956,2,11,VAUXHALL ASTRA,3,E01018534,0,2
2024461434155,2024,461434155,2,9,0,-1,19,4,8,-1,0,1,1,0,0,0,4,1,-1,2,2,62,9,1399,1,8,VAUXHALL ASTRA,8,E01016126,0,1
2024101455012,2024,101455012,1,9,0,-1,1,7,3,-1,-1,0,0,0,0,0,2,1,-1,9,1,17,4,1398,1,14,VAUXHALL ASTRA,-1,-1,0,-1
2024471480007,2024,471480007,1,9,0,-1,5,1,3,-1,0,8,0,0,0,0,1,1,-1,2,1,42,7,1364,1,7,VAUXHALL ASTRA,6,E01031445,0,1
2024161415252,2024,161415252,1,9,0,-1,9,1,3,-1,0,8,0,0,0,0,1,1,-1,6,2,80,11,1364,1,15,VAUXHALL ASTRA,8,E01013242,0,1
2024451456311,2024,451456311,1,9,0,-1,9,1,7,-1,0,8,0,0,0,0,4,1,-1,9,1,52,8,1598,2,7,VAUXHALL ASTRA,6,E01030729,0,1
2024421483239,2024,421483239,1,9,0,-1,19,3,7,-1,0,0,0,10,3,9,1,1,-1,9,1,26,6,1598,2,9,VAUXHALL ASTRA,5,E01021313,0,1
2024010551715,2024,010551715,1,9,0,3,3,1,5,0,0,1,0,0,0,0,1,1,6,6,1,71,10,1796,1,16,VAUXHALL ASTRA,2,E01002078,0,1
2024340NN2782,2024,340NN2782,1,9,0,-1,19,5,1,-1,0,0,0,4,7,2,1,1,-1,9,1,60,9,1598,2,7,VAUXHALL ASTRA,5,E01027126,0,3
2024302400413,2024,302400413,2,9,0,5,5,7,4,0,0,3,0,0,3,0,1,1,2,2,1,24,5,1598,1,11,VAUXHALL ASTRA,5,E01019873,0,1
2024451505116,2024,451505116,2,9,0,-1,19,1,5,-1,0,0,0,0,0,0,2,1,-1,6,-1,-1,-1,1686,2,13,VAUXHALL ASTRA,-1,-1,0,-1
2024471474091,2024,471474091,2,9,0,-1,19,7,3,-1,0,8,0,0,7,4,3,1,-1,9,1,26,6,1598,1,6,VAUXHALL ASTRA,2,E01021037,0,3
2024411446256,2024,411446256,2,9,0,-1,9,3,8,-1,0,8,0,0,0,0,3,1,-1,2,2,23,5,1598,1,14,VAUXHALL ASTRA,9,E01017582,0,4
2024231436834,2024,231436834,2,9,0,-1,19,6,2,-1,0,8,0,0,0,0,1,1,-1,6,2,33,6,-1,-1,-1,VAUXHALL ASTRA,7,E01031293,0,1
2024401430472,2024,401430472,1,9,0,-1,19,8,4,-1,0,1,0,0,0,0,1,1,-1,6,1,36,7,1598,1,12,VAUXHALL ASTRA,5,E01017475,0,1
2024101442801,2024,101442801,1,9,0,-1,20,5,1,-1,0,0,0,0,0,0,4,1,-1,9,1,78,11,1598,1,12,VAUXHALL ASTRA,8,E01008531,0,4
2024131415150,2024,131415150,1,9,0,-1,5,2,8,-1,0,0,0,0,0,0,1,1,-1,2,2,44,7,1399,1,8,VAUXHALL ASTRA,4,E01011158,0,1
2024302401715,2024,302401715,2,9,0,9,9,5,2,0,0,6,0,0,0,0,1,1,6,6,1,59,9,1686,2,11,VAUXHALL ASTRA,1,E01008022,0,1
2024010507291,2024,010507291,2,9,0,18,19,4,8,0,0,1,0,0,0,0,0,1,1,1,1,42,7,1399,1,5,VAUXHALL ASTRA,8,E01002817,0,1
2024010546394,2024,010546394,2,9,3,7,7,7,1,0,0,1,0,0,0,0,1,1,6,6,3,-1,-1,1364,1,17,VAUXHALL ASTRA,-1,-1,0,-1
2024451463148,2024,451463148,1,9,0,-1,19,1,5,-1,0,0,0,0,0,0,1,1,-1,9,1,42,7,1598,1,17,VAUXHALL ASTRA,2,E01017707,0,4
2024010548832,2024,010548832,2,9,0,99,99,9,9,99,99,9,9,99,9,99,9,9,6,6,1,64,9,1796,1,17,VAUXHALL ASTRA,4,E01004628,0,1
2024070763535,2024,070763535,2,9,0,-1,3,5,1,-1,0,0,0,0,0,0,2,1,-1,6,2,33,6,1399,1,7,VAUXHALL ASTRA,7,W01000331,0,1
2024010535207,2024,010535207,1,9,0,99,99,9,9,99,99,0,9,99,9,99,2,9,2,2,1,30,6,1364,1,7,VAUXHALL ASTRA,4,E01003608,0,1
2024131434626,2024,131434626,1,9,0,-1,19,1,5,-1,0,6,0,0,0,0,1,1,-1,9,1,31,6,1598,1,13,VAUXHALL ASTRA,5,E01011446,0,1
2024302401541,2024,302401541,1,9,0,1,1,7,3,0,0,1,0,0,0,0,2,1,6,6,2,33,6,1686,2,10,VAUXHALL ASTRA,9,E01019805,0,1
2024061424686,2024,061424686,2,9,0,-1,9,7,5,-1,0,1,0,0,0,0,1,9,-1,6,1,33,6,1686,2,17,VAUXHALL ASTRA,9,E01005843,0,1
2024991414106,2024,991414106,1,9,0,-1,19,2,7,-1,0,8,0,0,0,0,3,1,-1,7,1,44,7,1598,2,8,VAUXHALL ASTRA,1,-1,0,1
2024461432805,2024,461432805,2,9,0,-1,3,7,3,-1,0,1,0,0,0,0,2,1,-1,2,1,51,8,1910,2,16,VAUXHALL ASTRA,9,E01021161,0,3
2024031421335,2024,031421335,1,9,0,-1,19,4,8,-1,0,1,1,10,2,4,4,1,-1,2,1,26,6,1686,2,16,VAUXHALL ASTRA,-1,-1,0,-1
2024430594461,2024,430594461,1,9,0,18,19,1,5,0,0,0,0,0,0,0,4,1,3,7,2,39,7,1364,1,10,VAUXHALL ASTRA,-1,-1,0,-1
2024061425375,2024,061425375,2,9,0,-1,2,0,0,-1,9,6,0,0,0,0,2,1,-1,6,-1,-1,-1,1956,2,12,VAUXHALL ASTRA,-1,-1,0,-1
2024201514109,2024,201514109,2,9,0,-1,3,6,2,-1,0,2,0,4,0,0,2,1,-1,9,1,18,4,999,1,8,VAUXHALL ASTRA,2,E01009395,0,1
2024401518761,2024,401518761,2,9,0,-1,4,-1,-1,-1,0,1,0,0,0,0,2,9,-1,9,2,68,10,1598,1,15,VAUXHALL ASTRA,4,E01015776,0,2
2024501462829,2024,501462829,2,9,0,-1,13,1,5,-1,0,2,0,0,0,0,4,1,-1,6,2,53,8,999,1,5,VAUXHALL ASTRA,7,E01020047,0,3
2024471434404,2024,471434404,1,9,0,-1,19,2,6,-1,0,0,0,0,0,0,-1,9,-1,6,1,87,11,1598,1,10,VAUXHALL ASTRA,6,E01021148,0,1
2024430556985,2024,430556985,2,9,0,18,19,4,8,0,0,0,0,0,0,0,4,1,6,6,1,47,8,1956,2,8,VAUXHALL ASTRA,8,E01016780,0,1
2024340NN2872,2024,340NN2872,1,9,0,-1,19,7,3,-1,0,6,0,0,3,9,4,1,-1,6,2,38,7,1598,1,11,VAUXHALL ASTRA,6,E01035554,0,3
2024522403176,2024,522403176,1,9,0,9,9,8,5,0,0,6,0,0,0,0,1,1,6,6,1,47,8,1496,2,3,VAUXHALL ASTRA,10,E01014866,0,1
2024010504176,2024,010504176,2,9,9,99,99,9,9,99,99,9,9,99,9,99,9,9,6,6,3,-1,-1,1796,1,18,VAUXHALL ASTRA,-1,-1,0,-1
2024471457216,2024,471457216,1,9,0,-1,9,1,7,-1,0,5,0,0,7,0,3,1,-1,9,2,65,9,1598,1,18,VAUXHALL ASTRA,10,E01031797,0,1
2024010550629,2024,010550629,1,9,0,5,5,1,5,0,0,0,0,0,0,0,2,1,6,6,2,29,6,1796,1,17,VAUXHALL ASTRA,4,E01003716,0,1
2024361505327,2024,361505327,2,9,0,-1,19,8,4,-1,0,0,0,0,0,0,2,2,-1,6,1,19,4,1398,1,11,VAUXHALL ASTRA,3,E01026786,0,3
2024221441371,2024,221441371,1,9,0,-1,9,8,6,-1,0,5,0,0,0,0,1,1,-1,6,1,50,8,1389,1,30,VAUXHALL ASTRA,1,E01009836,0,4
2024010507187,2024,010507187,2,9,0,18,19,1,5,0,0,1,0,0,0,0,3,1,1,1,1,55,8,1341,1,4,VAUXHALL ASTRA,2,E01003047,0,1
2024471533642,2024,471533642,1,9,0,-1,19,3,7,-1,0,0,2,0,2,0,1,1,-1,9,1,20,4,1796,1,17,VAUXHALL ASTRA,2,E01031341,0,3
2024501459915,2024,501459915,2,9,0,-1,4,4,8,-1,0,0,0,0,0,0,1,1,-1,6,2,67,10,1956,2,12,VAUXHALL ASTRA,3,E01015150,0,1
2024340NN2082,2024,340NN2082,1,9,0,-1,19,7,3,-1,0,1,1,0,0,0,1,1,-1,6,3,-1,-1,1598,2,8,VAUXHALL ASTRA,-1,-1,0,-1
2024141402669,2024,141402669,1,9,0,-1,19,7,3,-1,0,0,0,0,0,0,1,1,-1,2,1,33,6,1956,2,12,VAUXHALL ASTRA,6,E01007835,0,1
2024320484735,2024,320484735,2,9,0,-1,-1,2,6,0,0,1,0,0,0,0,3,1,6,6,1,39,7,1956,2,12,VAUXHALL ASTRA,5,E01026249,0,1
2024111400211,2024,111400211,1,9,0,-1,19,5,1,-1,0,4,0,0,0,0,1,9,-1,6,3,30,6,1248,2,10,VAUXHALL ASTRA,-1,-1,0,-1
2024131441432,2024,131441432,1,9,0,-1,19,3,7,-1,0,8,0,0,0,0,3,1,-1,2,1,64,9,1248,2,11,VAUXHALL ASTRA,4,E01010898,0,1
2024411500484,2024,411500484,1,9,0,-1,19,5,1,-1,-1,8,0,0,0,0,1,1,-1,1,1,55,8,1364,1,8,VAUXHALL ASTRA,5,E01023936,0,1
2024122400891,2024,122400891,1,9,0,9,9,6,3,0,0,1,0,0,0,0,1,1,6,6,2,83,11,1598,1,11,VAUXHALL ASTRA,10,E01013381,0,1
2024440035294,2024,440035294,1,9,0,3,3,6,2,0,0,8,0,0,0,0,4,1,6,6,1,26,6,1399,1,5,VAUXHALL ASTRA,3,E01022807,0,4
2024010530093,2024,010530093,1,9,0,9,9,1,7,0,0,8,0,4,0,0,1,1,6,6,1,65,9,1598,1,17,VAUXHALL ASTRA,-1,-1,0,-1
2024031531261,2024,031531261,3,9,0,-1,2,0,0,-1,0,0,0,4,0,0,2,1,-1,1,2,25,5,1496,2,3,VAUXHALL ASTRA,4,E01004986,0,5
2024221417576,2024,221417576,4,9,0,-1,4,1,4,-1,0,0,1,0,1,0,1,9,-1,2,1,23,5,1686,2,10,VAUXHALL ASTRA,3,E01009864,0,3
2024010501318,2024,010501318,2,9,0,2,2,0,0,0,0,8,0,0,7,10,2,1,6,6,3,-1,-1,1398,1,10,VAUXHALL ASTRA,-1,-1,0,-1
2024421492261,2024,421492261,2,9,0,-1,5,3,7,-1,0,0,0,0,0,0,1,1,-1,2,1,23,5,1598,1,14,VAUXHALL ASTRA,3,E01021859,0,1
2024131484401,2024,131484401,1,9,0,-1,19,2,6,-1,0,8,0,0,0,0,2,1,-1,9,2,25,5,1796,1,18,VAUXHALL ASTRA,1,E01010830,0,1
2024991451067,2024,991451067,1,9,0,-1,9,8,5,-1,0,6,0,0,0,0,3,1,-1,9,1,67,10,1598,1,9,VAUXHALL ASTRA,4,-1,0,2
2024430428159,2024,430428159,1,9,0,9,9,3,1,0,0,8,0,0,0,0,4,1,2,2,1,24,5,999,1,5,VAUXHALL ASTRA,4,E01016727,0,1
2024340WN4572,2024,340WN4572,2,9,0,-1,19,1,5,-1,0,8,0,0,0,0,1,1,-1,9,2,23,5,1910,2,16,VAUXHALL ASTRA,8,E01027000,0,4
2024361482436,2024,361482436,1,9,0,-1,9,1,8,-1,0,0,0,0,0,0,1,9,-1,6,1,51,8,1598,1,12,VAUXHALL ASTRA,8,E01035152,0,1
2024221522748,2024,221522748,1,9,0,-1,19,8,5,-1,0,0,0,0,1,0,1,9,-1,7,1,35,6,1598,2,9,VAUXHALL ASTRA,5,E01014008,0,1
2024421471940,2024,421471940,1,9,0,-1,19,2,6,-1,0,1,0,0,0,0,1,9,-1,6,1,24,5,1998,1,18,VAUXHALL ASTRA,8,E01015915,0,1
2024991446656,2024,991446656,2,9,0,-1,12,4,8,-1,0,0,0,0,0,0,1,1,-1,6,2,52,8,1686,2,10,VAUXHALL ASTRA,5,-1,0,4
2024010511990,2024,010511990,3,9,0,4,4,1,5,0,0,0,0,0,0,0,0,1,6,6,1,34,6,1399,1,5,VAUXHALL ASTRA,-1,-1,0,-1
2024010529424,2024,010529424,1,9,0,99,99,9,9,99,99,9,9,99,9,99,9,9,6,6,1,36,7,1598,2,5,VAUXHALL ASTRA,8,E01000768,0,1
2024010532303,2024,010532303,1,9,0,17,19,2,8,0,0,6,1,0,0,0,3,1,6,6,1,24,5,1956,2,9,VAUXHALL ASTRA,1,E01000524,0,3
2024101487203,2024,101487203,1,9,-1,-1,19,1,5,-1,0,6,0,0,0,0,-1,1,-1,2,1,26,6,1496,2,4,VAUXHALL ASTRA,-1,-1,0,-1
2024631425200,2024,631425200,1,9,0,-1,19,6,3,-1,0,0,0,0,1,9,1,1,-1,9,1,44,7,1598,1,14,VAUXHALL ASTRA,5,W01000455,0,4
2024231500623,2024,231500623,2,9,0,-1,19,3,7,-1,0,0,0,0,0,0,4,9,-1,9,1,36,7,1496,2,4,VAUXHALL ASTRA,2,E01009064,0,4
2024461455584,2024,461455584,2,9,0,-1,19,3,7,-1,0,1,0,0,0,0,1,1,-1,2,2,36,7,1598,1,13,VAUXHALL ASTRA,5,E01024283,0,1
2024351430342,2024,351430342,3,9,0,-1,19,1,5,-1,0,0,0,0,0,0,2,1,-1,6,1,23,5,1598,1,14,VAUXHALL ASTRA,5,E01026525,0,5