collision_index,collision_year,collision_ref_no,vehicle_reference,vehicle_type,towing_and_articulation,vehicle_manoeuvre_historic,vehicle_manoeuvre,vehicle_direction_from,vehicle_direction_to,vehicle_location_restricted_lane_historic,vehicle_location_restricted_lane,junction_location,skidding_and_overturning,hit_object_in_carriageway,vehicle_leaving_carriageway,hit_object_off_carriageway,first_point_of_impact,vehicle_left_hand_drive,journey_purpose_of_driver_historic,journey_purpose_of_driver,sex_of_driver,age_of_driver,age_band_of_driver,engine_capacity_cc,propulsion_code,age_of_vehicle,generic_make_model,driver_imd_decile,lsoa_of_driver,escooter_flag,driver_distance_banding
2024052401346,2024,052401346,1,9,0,1,1,2,6,0,0,1,0,0,0,0,2,1,6,6,1,28,6,1399,1,6,VAUXHALL ASTRA,7,E01006940,0,3
2024101536532,2024,101536532,1,9,0,-1,19,1,5,-1,0,0,0,0,0,0,4,9,-1,6,1,-1,-1,1598,1,18,VAUXHALL ASTRA,-1,-1,0,-1
2024622400268,2024,622400268,1,9,0,9,9,2,8,0,0,8,0,0,0,0,1,1,6,6,1,43,7,1598,2,7,VAUXHALL ASTRA,9,W01001820,0,1
2024061519690,2024,061519690,2,9,0,-1,4,3,7,-1,0,0,0,0,0,0,2,1,-1,9,1,74,10,1686,2,11,VAUXHALL ASTRA,4,E01006269,0,3
2024991474872,2024,991474872,1,9,0,-1,19,1,5,-1,0,1,0,0,0,0,2,1,-1,6,2,34,6,1956,2,9,VAUXHALL ASTRA,6,-1,0,1
2024451508235,2024,451508235,1,9,0,-1,10,5,1,-1,0,1,0,0,0,0,2,1,-1,6,1,30,6,1399,1,5,VAUXHALL ASTRA,6,E01034718,0,4
2024461495545,2024,461495545,1,9,0,-1,19,5,1,-1,0,0,0,0,3,0,1,1,-1,6,1,73,10,1598,1,22,VAUXHALL ASTRA,3,E01024622,0,2
2024430237496,2024,430237496,1,9,0,18,19,6,2,0,0,0,0,0,0,0,4,1,6,6,1,36,7,1598,2,8,VAUXHALL ASTRA,9,E01033955,0,1
2024501475209,2024,501475209,1,9,0,-1,1,6,6,-1,0,0,0,0,0,0,2,1,-1,9,1,66,10,1399,1,6,VAUXHALL ASTRA,3,E01034171,0,1
2024421455476,2024,421455476,1,9,0,-1,5,6,4,-1,0,6,0,0,0,0,3,1,-1,6,1,32,6,1598,1,14,VAUXHALL ASTRA,7,E01021995,0,1
2024201482294,2024,201482294,2,9,0,-1,3,1,5,-1,0,0,0,0,0,0,2,9,-1,6,1,28,6,1956,2,11,VAUXHALL ASTRA,3,E01009078,0,2
2024201487874,2024,201487874,2,9,0,-1,19,5,1,-1,0,8,0,0,0,0,1,1,-1,2,1,31,6,1364,1,10,VAUXHALL ASTRA,6,E01010502,0,1
2024471442579,2024,471442579,2,9,0,-1,19,6,2,-1,0,2,0,0,0,0,1,1,-1,1,1,63,9,1248,2,17,VAUXHALL ASTRA,9,E01021231,0,3
2024052400944,2024,052400944,1,9,0,9,9,2,6,0,0,6,0,0,0,0,1,1,6,6,2,62,9,1956,2,11,VAUXHALL ASTRA,8,E01006539,0,1
2024041544671,2024,041544671,2,9,0,-1,19,5,8,-1,0,1,0,0,0,0,1,1,-1,9,2,31,6,1686,2,12,VAUXHALL ASTRA,3,E01025097,0,4
2024332400186,2024,332400186,1,9,0,-1,19,5,1,-1,0,0,0,0,0,0,1,1,-1,2,2,39,7,1686,2,20,VAUXHALL ASTRA,1,E01013728,0,1
2024041399201,2024,041399201,1,9,0,-1,19,1,5,-1,0,0,1,0,7,2,1,1,-1,6,3,-1,-1,1598,1,18,VAUXHALL ASTRA,-1,-1,0,-1
2024332400861,2024,332400861,1,8,0,-1,1,1,5,-1,0,1,0,0,0,0,2,1,-1,1,1,23,5,1598,1,16,VAUXHALL ASTRA,1,E01013727,0,1
2024141419617,2024,141419617,1,9,0,-1,19,5,1,-1,0,8,0,0,0,0,1,1,-1,6,1,21,5,1598,1,17,VAUXHALL ASTRA,4,E01008144,0,1
2024401539665,2024,401539665,1,9,0,-1,19,8,4,-1,0,0,0,0,1,0,1,1,-1,6,1,64,9,1399,1,8,VAUXHALL ASTRA,9,E01017372,0,1
2024991419058,2024,991419058,1,9,0,-1,9,3,8,-1,0,0,0,0,0,0,1,1,-1,2,1,62,9,1598,1,11,VAUXHALL ASTRA,3,-1,0,4
2024211531733,2024,211531733,2,9,0,-1,2,-1,-1,-1,0,2,0,0,0,0,3,9,-1,6,3,-1,-1,1199,1,1,VAUXHALL ASTRA,-1,-1,0,-1
2024052402686,2024,052402686,1,9,0,18,19,1,5,0,0,8,0,0,3,1,1,1,6,6,2,40,7,1598,1,18,VAUXHALL ASTRA,1,E01007051,0,1
2024552401039,2024,552401039,1,9,0,18,19,6,2,0,0,0,0,0,7,3,1,1,2,2,1,27,6,-1,-1,-1,VAUXHALL ASTRA,4,E01020496,0,1
2024461430670,2024,461430670,1,9,0,-1,19,1,5,-1,0,2,1,0,0,0,1,1,-1,9,2,27,6,1598,1,16,VAUXHALL ASTRA,7,E01024405,0,1
2024010545263,2024,010545263,1,9,0,18,19,1,5,0,0,8,0,0,0,0,1,1,1,1,1,20,4,1399,1,5,VAUXHALL ASTRA,10,E01030624,0,4
2024471534857,2024,471534857,3,9,0,-1,2,0,0,-1,0,0,0,0,0,0,1,1,-1,6,-1,-1,-1,1598,1,15,VAUXHALL ASTRA,-1,-1,0,-1
2024231464356,2024,231464356,3,9,0,18,19,5,1,0,0,1,0,0,0,0,2,1,6,6,3,-1,-1,1598,1,16,VAUXHALL ASTRA,-1,-1,0,-1
2024320040965,2024,320040965,1,9,0,-1,-1,6,2,0,0,0,0,4,1,0,4,1,-1,-1,1,35,6,1598,2,8,VAUXHALL ASTRA,9,E01026118,0,2
2024501523822,2024,501523822,2,9,0,-1,9,3,1,-1,0,8,0,0,0,0,0,1,-1,6,3,-1,-1,1598,1,9,VAUXHALL ASTRA,-1,-1,0,-1
2024010513774,2024,010513774,2,9,0,2,2,0,0,0,0,0,0,0,0,0,3,1,6,6,3,-1,-1,1598,2,9,VAUXHALL ASTRA,-1,-1,0,-1
2024311397357,2024,311397357,2,9,0,-1,19,4,8,-1,0,0,0,0,0,0,1,1,-1,9,1,64,9,1598,1,14,VAUXHALL ASTRA,1,E01013885,0,1
202417M116624,2024,17M116624,1,9,0,-1,19,2,6,-1,0,0,0,0,0,0,1,1,-1,2,1,37,7,1686,2,13,VAUXHALL ASTRA,1,E01033469,0,1
2024471519426,2024,471519426,1,9,0,-1,19,3,7,-1,0,0,0,0,0,0,1,1,-1,9,2,34,6,1598,1,17,VAUXHALL ASTRA,9,E01031816,0,3
2024340NN3952,2024,340NN3952,3,9,0,-1,4,1,5,-1,0,1,0,0,0,0,2,1,-1,9,1,57,9,1364,1,17,VAUXHALL ASTRA,9,E01027201,0,3
2024010519167,2024,010519167,2,9,0,5,5,3,7,0,0,1,0,0,0,0,1,1,6,6,2,27,6,1796,1,14,VAUXHALL ASTRA,4,E01004453,0,1
2024401411588,2024,401411588,1,9,0,-1,19,7,3,-1,0,0,0,0,7,0,1,1,-1,6,2,45,7,1598,1,11,VAUXHALL ASTRA,10,E01017560,0,1
2024430520868,2024,430520868,2,9,0,18,19,4,8,0,0,0,0,0,0,0,4,1,6,6,2,26,6,999,1,6,VAUXHALL ASTRA,10,E01023553,0,4
2024010516499,2024,010516499,2,9,0,13,13,7,3,0,0,0,0,0,0,0,1,1,6,6,1,40,7,1796,1,19,VAUXHALL ASTRA,2,E01002077,0,1
2024991404870,2024,991404870,1,9,0,-1,19,8,4,-1,0,8,0,0,0,0,3,1,-1,6,3,25,5,1598,1,11,VAUXHALL ASTRA,-1,-1,0,-1
2024101474186,2024,101474186,1,9,0,-1,19,4,8,-1,0,8,0,0,0,0,1,1,-1,9,1,59,9,1598,1,11,VAUXHALL ASTRA,-1,-1,0,-1
2024061476204,2024,061476204,2,9,0,-1,4,5,1,-1,0,1,0,0,0,0,2,1,-1,6,3,-1,-1,1956,2,11,VAUXHALL ASTRA,-1,-1,0,-1
2024010498537,2024,010498537,1,9,0,18,19,7,3,0,0,1,0,0,0,0,1,1,6,6,1,24,5,1598,1,13,VAUXHALL ASTRA,2,E01002100,0,1
2024471426224,2024,471426224,3,9,0,-1,19,5,1,-1,0,0,0,0,0,0,1,1,-1,9,1,26,6,1796,1,18,VAUXHALL ASTRA,5,E01031519,0,1
2024501478190,2024,501478190,1,9,0,-1,9,4,8,-1,0,0,0,0,0,0,1,1,-1,6,2,42,7,1686,2,12,VAUXHALL ASTRA,4,E01018913,0,1
2024041480972,2024,041480972,2,9,0,-1,19,5,1,-1,0,1,0,0,0,0,1,1,-1,9,1,22,5,999,1,8,VAUXHALL ASTRA,4,E01034344,0,1
2024320561044,2024,320561044,1,9,0,-1,-1,5,1,0,0,1,0,0,0,0,1,1,6,6,2,37,7,1956,2,13,VAUXHALL ASTRA,-1,-1,0,-1
2024010526819,2024,010526819,3,9,0,2,2,0,0,0,0,0,0,0,0,0,3,1,6,6,3,-1,-1,1398,1,11,VAUXHALL ASTRA,-1,-1,0,-1
2024141487644,2024,141487644,1,9,0,-1,19,1,5,-1,0,0,0,0,0,0,1,1,-1,9,2,31,6,1686,2,12,VAUXHALL ASTRA,7,E01011768,0,4
2024430360347,2024,430360347,2,9,0,18,19,4,8,0,0,0,0,0,5,6,3,1,6,6,3,-1,-1,1598,1,14,VAUXHALL ASTRA,-1,-1,0,-1
2024201449217,2024,201449217,3,9,0,-1,10,6,4,-1,0,8,0,0,0,0,2,9,-1,6,2,47,8,1199,1,4,VAUXHALL ASTRA,-1,-1,0,-1
2024302400745,2024,302400745,2,9,0,10,10,6,4,0,0,1,0,0,0,0,2,1,6,6,1,37,7,1598,1,18,VAUXHALL ASTRA,7,E01019769,0,2
2024371448533,2024,371448533,1,9,0,-1,19,3,7,-1,0,0,0,0,0,0,1,1,-1,6,1,31,6,1364,1,17,VAUXHALL ASTRA,6,E01029907,0,1
2024401429900,2024,401429900,1,9,0,-1,9,7,5,-1,0,6,0,0,0,0,3,1,-1,6,1,61,9,1364,1,14,VAUXHALL ASTRA,2,E01033804,0,2
2024991398046,2024,991398046,1,8,0,-1,9,1,5,-1,0,1,0,0,0,0,1,1,-1,1,1,65,9,1598,2,6,VAUXHALL ASTRA,-1,-1,0,-1
202454F088724,2024,54F088724,2,9,0,4,4,3,7,0,0,0,0,0,0,0,2,1,6,6,1,44,7,1398,1,14,VAUXHALL ASTRA,4,E01003230,0,5
2024451525724,2024,451525724,2,9,0,-1,5,3,1,-1,0,0,0,0,6,0,1,1,-1,9,1,33,6,1398,1,12,VAUXHALL ASTRA,9,E01030977,0,1
2024401486323,2024,401486323,1,9,0,-1,19,7,3,-1,0,2,0,0,0,0,4,1,-1,1,1,43,7,1686,2,13,VAUXHALL ASTRA,4,E01015752,0,1
2024501495408,2024,501495408,1,9,0,-1,19,3,5,-1,0,0,0,0,0,0,3,1,-1,6,1,58,9,1399,1,6,VAUXHALL ASTRA,1,E01015023,0,1
2024501486506,2024,501486506,1,9,0,-1,19,1,5,-1,0,0,0,0,0,0,1,1,-1,9,1,37,7,1598,1,18,VAUXHALL ASTRA,2,E01007448,0,5
2024010511853,2024,010511853,1,9,0,16,19,7,3,0,0,0,1,10,1,4,1,1,6,6,1,22,5,1796,1,15,VAUXHALL ASTRA,3,E01015924,0,3
2024010514988,2024,010514988,1,9,0,7,7,3,5,0,0,8,0,0,0,0,1,1,6,6,3,-1,-1,1398,1,13,VAUXHALL ASTRA,4,E01026925,0,5
2024311465170,2024,311465170,1,9,0,-1,19,1,5,-1,0,5,0,0,0,0,1,9,-1,6,3,20,4,1598,1,13,VAUXHALL ASTRA,-1,-1,0,-1
2024302401193,2024,302401193,2,9,0,17,19,8,5,0,0,8,0,0,0,0,4,1,6,6,2,40,7,1796,1,16,VAUXHALL ASTRA,6,E01033296,0,4
2024361479191,2024,361479191,1,9,0,-1,19,3,7,-1,0,8,0,0,0,0,1,1,-1,9,1,19,4,1598,1,12,VAUXHALL ASTRA,6,E01026863,0,1
2024010523152,2024,010523152,2,9,0,8,8,9,9,99,99,6,9,99,9,99,9,9,6,6,3,-1,-1,1364,1,17,VAUXHALL ASTRA,-1,-1,0,-1
2024332400112,2024,332400112,2,9,0,-1,19,4,1,-1,0,8,0,0,0,0,1,1,-1,6,1,77,11,1398,1,9,VAUXHALL ASTRA,-1,-1,0,-1
2024161485708,2024,161485708,1,9,0,-1,14,1,5,-1,0,1,0,0,0,0,1,1,-1,2,2,37,7,1398,1,10,VAUXHALL ASTRA,2,E01012992,0,2
2024461433587,2024,461433587,1,9,0,-1,9,1,8,-1,0,6,0,0,0,0,2,9,-1,6,3,30,6,1398,1,12,VAUXHALL ASTRA,-1,-1,0,-1
2024041529320,2024,041529320,2,9,0,-1,19,7,3,-1,0,0,0,0,0,0,2,1,-1,9,2,48,8,1956,2,11,VAUXHALL ASTRA,6,E01025202,0,2
2024201517089,2024,201517089,1,9,0,-1,9,8,6,-1,0,2,0,0,0,0,4,1,-1,6,1,34,6,1598,2,7,VAUXHALL ASTRA,1,E01009412,0,2
2024052401680,2024,052401680,2,9,0,16,19,7,3,0,0,1,0,0,0,0,1,1,6,6,2,34,6,1364,1,16,VAUXHALL ASTRA,1,E01006653,0,1
2024211493195,2024,211493195,1,9,0,-1,19,5,1,-1,0,1,0,0,0,0,1,1,-1,6,2,22,5,1399,1,8,VAUXHALL ASTRA,1,E01029372,0,3
2024071078364,2024,071078364,2,9,0,-1,7,1,7,-1,0,1,0,0,1,0,1,1,-1,6,2,45,7,1598,1,12,VAUXHALL ASTRA,10,E01018468,0,2
2024991514067,2024,991514067,1,9,0,-1,19,4,8,-1,0,0,0,0,0,0,1,1,-1,1,1,59,9,1399,1,8,VAUXHALL ASTRA,-1,-1,0,-1
2024201526527,2024,201526527,2,9,0,-1,3,7,3,-1,0,1,0,0,0,0,2,1,-1,2,2,30,6,1598,2,8,VAUXHALL ASTRA,10,E01033059,0,3
2024501493067,2024,501493067,2,9,0,-1,4,5,1,-1,0,1,0,0,0,0,2,1,-1,6,2,23,5,1956,2,11,VAUXHALL ASTRA,10,E01020144,0,2
2024010508666,2024,010508666,2,9,0,99,99,9,9,99,99,4,9,99,9,99,9,9,6,6,3,36,7,1598,2,8,VAUXHALL ASTRA,-1,-1,0,-1
2024010543040,2024,010543040,2,9,0,14,14,6,2,0,0,0,0,0,0,0,4,1,6,6,1,20,4,1398,1,10,VAUXHALL ASTRA,8,E01001123,0,1
2024010519171,2024,010519171,2,9,0,2,2,0,0,0,0,0,0,0,0,0,2,1,6,6,3,-1,-1,1796,1,15,VAUXHALL ASTRA,-1,-1,0,-1
2024411471937,2024,411471937,1,9,0,-1,9,5,1,-1,0,1,0,0,0,0,1,1,-1,6,2,-1,-1,1364,1,14,VAUXHALL ASTRA,-1,-1,0,-1
2024451530128,2024,451530128,2,9,0,-1,13,5,1,-1,0,1,0,0,0,0,1,1,-1,2,1,41,7,999,1,7,VAUXHALL ASTRA,8,E01023850,0,4
2024531471356,2024,531471356,1,9,0,-1,19,2,6,-1,0,0,0,0,0,0,1,1,-1,9,2,21,5,1598,1,12,VAUXHALL ASTRA,6,E01034798,0,2
2024622400851,2024,622400851,1,9,0,18,19,4,8,0,0,4,0,0,2,4,1,1,6,6,1,84,11,1598,2,10,VAUXHALL ASTRA,5,W01001121,0,2
2024010517546,2024,010517546,1,9,0,9,9,3,8,9,9,2,0,0,0,0,4,1,6,6,1,44,7,1598,1,10,VAUXHALL ASTRA,-1,-1,0,-1
2024041507875,2024,041507875,2,9,0,-1,19,5,1,-1,0,1,0,0,0,0,1,1,-1,9,2,44,7,1598,2,8,VAUXHALL ASTRA,1,E01034335,0,2
2024332400365,2024,332400365,1,9,0,-1,19,1,5,-1,0,1,0,0,0,0,1,1,-1,6,1,26,6,1398,1,10,VAUXHALL ASTRA,7,E01002226,0,5
2024302401318,2024,302401318,2,9,0,4,4,1,5,0,0,1,0,0,0,0,1,1,2,2,1,23,5,1686,2,12,VAUXHALL ASTRA,1,E01013533,0,2
2024141471660,2024,141471660,1,9,0,-1,19,1,5,-1,0,1,0,0,0,0,4,1,-1,9,2,23,5,1910,2,15,VAUXHALL ASTRA,1,E01007463,0,1
2024501529943,2024,501529943,2,9,0,-1,19,1,5,-1,0,0,1,0,1,0,1,1,-1,9,2,20,4,1598,2,9,VAUXHALL ASTRA,5,E01018904,0,2
2024631430995,2024,631430995,2,9,0,-1,19,7,3,-1,0,8,0,0,0,0,3,1,-1,6,2,32,6,999,1,8,VAUXHALL ASTRA,2,W01000604,0,1
2024010528604,2024,010528604,1,9,0,9,9,2,7,0,0,1,0,0,0,0,1,1,6,6,1,33,6,1364,1,15,VAUXHALL ASTRA,3,E01002403,0,1
2024501435420,2024,501435420,2,9,0,-1,19,6,4,-1,0,8,0,0,0,0,1,1,-1,9,1,61,9,1956,2,9,VAUXHALL ASTRA,6,E01029195,0,4
2024122400856,2024,122400856,4,9,0,3,3,7,3,0,0,1,0,0,0,0,2,1,6,6,1,54,8,1399,1,5,VAUXHALL ASTRA,9,-1,0,5
2024351463103,2024,351463103,2,9,0,-1,4,1,5,-1,0,0,0,0,0,0,2,1,-1,6,2,54,8,1686,2,11,VAUXHALL ASTRA,7,E01033144,0,4
2024520401904,2024,520401904,1,9,0,9,9,8,7,0,0,8,0,0,0,0,1,1,6,6,1,21,5,1598,1,18,VAUXHALL ASTRA,7,E01029225,0,2
2024361512515,2024,361512515,1,9,0,-1,7,5,1,-1,0,1,0,0,0,0,1,1,-1,6,1,44,7,1686,2,13,VAUXHALL ASTRA,1,E01026824,0,2
2024161404168,2024,161404168,1,9,0,-1,9,5,7,-1,0,8,0,11,0,0,1,1,-1,9,1,31,6,1598,1,12,VAUXHALL ASTRA,1,E01012892,0,1
2024371533883,2024,371533883,1,9,0,-1,19,3,7,-1,0,0,0,0,7,0,1,1,-1,9,1,24,5,1686,2,17,VAUXHALL ASTRA,5,E01013493,0,5
2024320658005,2024,320658005,1,9,0,-1,-1,5,1,0,0,1,0,0,0,0,1,1,-1,-1,1,40,7,1598,2,5,VAUXHALL ASTRA,4,E01026178,0,1
2024201481117,2024,201481117,1,9,0,-1,9,5,3,-1,0,6,0,0,0,0,1,1,-1,6,1,75,10,1598,1,9,VAUXHALL ASTRA,-1,-1,0,-1
2024531422218,2024,531422218,1,9,0,-1,4,5,1,-1,0,0,0,0,0,0,2,1,-1,9,2,25,5,1399,1,7,VAUXHALL ASTRA,10,E01032348,0,2
2024010491200,2024,010491200,2,9,0,99,99,9,9,99,99,9,9,99,9,99,9,9,6,6,3,-1,-1,1598,1,18,VAUXHALL ASTRA,-1,-1,0,-1
2024201483812,2024,201483812,2,9,0,-1,9,5,3,-1,0,6,0,0,0,0,2,1,-1,6,1,25,5,1598,2,8,VAUXHALL ASTRA,4,E01009085,0,1
2024010487335,2024,010487335,1,9,0,12,12,3,7,0,0,2,0,0,0,0,4,1,6,6,1,39,7,1341,1,4,VAUXHALL ASTRA,10,E01003358,0,1
2024351496946,2024,351496946,1,9,0,-1,19,7,3,-1,0,0,0,0,0,0,-1,1,-1,6,2,-1,-1,1598,1,6,VAUXHALL ASTRA,8,E01033429,0,1
2024302400339,2024,302400339,1,9,0,14,14,4,8,0,0,8,0,0,1,2,4,1,1,1,1,35,6,1398,1,12,VAUXHALL ASTRA,4,E01013460,0,1
2024451458525,2024,451458525,1,9,0,-1,19,3,1,-1,0,0,1,10,7,0,1,1,-1,2,1,53,8,-1,-1,-1,VAUXHALL ASTRA,4,E01030503,0,1
2024010512052,2024,010512052,1,9,0,18,19,3,7,0,0,0,0,4,7,0,1,1,6,6,2,31,6,1598,1,17,VAUXHALL ASTRA,9,E01000455,0,1
2024101507323,2024,101507323,1,9,0,-1,19,1,5,-1,0,0,0,0,0,0,-1,2,-1,6,1,-1,-1,1598,2,7,VAUXHALL ASTRA,-1,-1,0,-1
2024991527376,2024,991527376,1,9,0,-1,19,2,7,-1,0,0,1,0,8,10,1,1,-1,9,1,24,5,1389,1,19,VAUXHALL ASTRA,5,E01009634,0,5
2024541605524,2024,541605524,1,9,0,3,3,0,0,0,0,0,0,0,0,0,1,1,6,6,1,32,6,1598,1,11,VAUXHALL ASTRA,8,E01031861,0,1
2024430038311,2024,430038311,2,9,0,18,19,8,4,0,0,2,0,0,0,0,4,1,6,6,2,25,5,1399,1,8,VAUXHALL ASTRA,8,E01016192,0,3
2024201554819,2024,201554819,1,9,0,-1,19,4,8,-1,0,1,0,0,0,0,1,9,-1,6,2,47,8,1199,1,1,VAUXHALL ASTRA,1,E01009195,0,1
2024031478120,2024,031478120,1,9,0,-1,19,3,7,-1,0,8,0,0,0,0,1,1,-1,6,1,59,9,-1,-1,-1,VAUXHALL ASTRA,-1,-1,0,-1
2024401492929,2024,401492929,1,9,0,-1,19,8,4,-1,0,1,1,0,0,0,1,1,-1,6,1,41,7,1598,1,17,VAUXHALL ASTRA,9,E01017576,0,1
2024010530575,2024,010530575,3,9,0,1,1,1,5,0,0,0,0,0,0,0,2,1,6,6,1,37,7,1598,1,13,VAUXHALL ASTRA,6,E01000329,0,1
2024520402654,2024,520402654,2,9,0,18,19,1,4,0,0,8,0,0,0,0,1,1,6,6,1,25,5,1686,2,12,VAUXHALL ASTRA,5,E01029167,0,1
202417L303924,2024,17L303924,1,9,0,-1,3,7,3,-1,0,0,0,0,0,0,2,1,-1,9,2,43,7,1598,1,11,VAUXHALL ASTRA,1,E01012111,0,2
2024101510057,2024,101510057,1,9,0,-1,19,7,4,-1,0,0,1,0,1,0,1,1,-1,6,1,18,4,1956,2,13,VAUXHALL ASTRA,10,E01027458,0,2
2024052400481,2024,052400481,2,9,0,1,1,3,7,0,0,0,0,0,0,0,1,1,6,6,1,36,7,1598,1,13,VAUXHALL ASTRA,4,E01013255,0,5
2024332400195,2024,332400195,1,9,0,-1,19,8,4,-1,0,0,0,0,0,0,1,1,-1,2,1,67,10,1956,2,9,VAUXHALL ASTRA,8,E01025990,0,1
2024461434191,2024,461434191,1,9,0,-1,19,0,0,-1,0,8,0,0,0,0,4,1,-1,9,1,21,5,1399,1,8,VAUXHALL ASTRA,4,E01003264,0,4
2024340WN0982,2024,340WN0982,2,9,0,-1,19,8,4,-1,0,1,0,0,0,0,3,1,-1,9,2,42,7,1364,1,17,VAUXHALL ASTRA,2,E01027151,0,1
2024421476653,2024,421476653,1,9,0,-1,4,7,3,-1,0,8,0,0,0,0,1,1,-1,2,1,30,6,1598,2,9,VAUXHALL ASTRA,1,E01022001,0,4
2024610042224,2024,610042224,1,9,0,3,3,8,4,0,0,0,0,0,0,0,2,1,6,6,1,26,6,1598,2,5,VAUXHALL ASTRA,4,W01001523,0,1
2024421476489,2024,421476489,2,9,0,-1,19,5,1,-1,0,1,0,0,0,0,1,1,-1,9,1,23,5,1364,1,8,VAUXHALL ASTRA,8,E01021547,0,1
2024991475470,2024,991475470,2,9,0,-1,19,4,8,-1,0,0,0,0,0,0,1,1,-1,6,1,45,7,1399,1,6,VAUXHALL ASTRA,6,-1,0,4
2024320305579,2024,320305579,1,9,0,9,9,2,8,0,0,6,0,0,0,0,1,1,-1,-1,2,34,6,1399,1,8,VAUXHALL ASTRA,6,E01026040,0,1
2024991514258,2024,991514258,1,9,0,-1,9,5,2,-1,0,2,0,0,0,0,3,1,-1,6,1,39,7,1364,1,17,VAUXHALL ASTRA,8,-1,0,1
2024401405159,2024,401405159,1,9,0,-1,19,5,1,-1,0,1,0,0,0,0,1,9,-1,6,1,-1,-1,1398,1,10,VAUXHALL ASTRA,-1,-1,0,-1
2024332400880,2024,332400880,2,9,0,-1,11,5,1,-1,2,1,0,0,0,0,1,1,-1,6,1,31,6,1796,1,19,VAUXHALL ASTRA,8,E01025857,0,3
2024061483512,2024,061483512,1,9,9,-1,19,-1,-1,-1,0,0,0,0,0,0,4,1,-1,9,1,50,8,-1,-1,-1,VAUXHALL ASTRA,4,E01004961,0,1
2024041459720,2024,041459720,2,9,0,-1,19,1,5,-1,0,0,0,0,0,0,4,1,-1,9,1,28,6,1199,1,2,VAUXHALL ASTRA,6,E01024985,0,1
2024131505725,2024,131505725,2,9,0,-1,19,3,7,-1,0,8,0,0,0,0,4,1,-1,9,2,31,6,1686,2,10,VAUXHALL ASTRA,3,E01010914,0,2
2024991432809,2024,991432809,1,9,0,-1,9,6,4,-1,0,8,0,0,0,0,4,1,-1,9,1,25,5,1398,1,12,VAUXHALL ASTRA,2,-1,0,1
2024471514302,2024,471514302,1,9,0,-1,11,5,1,-1,0,0,0,0,0,0,0,1,-1,6,1,30,6,1399,1,6,VAUXHALL ASTRA,6,E01035346,0,1
2024991435403,2024,991435403,2,9,0,-1,19,8,4,-1,0,0,0,0,4,2,4,1,-1,6,1,27,6,1364,1,9,VAUXHALL ASTRA,9,-1,0,1
2024010531195,2024,010531195,2,9,0,18,19,7,3,0,0,2,5,0,7,0,3,1,3,7,1,19,4,1796,1,17,VAUXHALL ASTRA,3,E01004233,0,2
2024451406022,2024,451406022,1,9,0,-1,11,7,3,-1,0,0,5,0,0,0,1,1,-1,9,2,80,11,1598,1,11,VAUXHALL ASTRA,10,E01030796,0,1
2024332401021,2024,332401021,1,9,0,-1,9,5,3,-1,0,2,0,0,0,0,2,1,-1,9,2,49,8,1598,1,11,VAUXHALL ASTRA,2,E01013624,0,1
2024552401378,2024,552401378,1,9,0,9,9,4,2,4,4,5,0,0,0,0,4,1,6,6,2,57,9,1399,1,6,VAUXHALL ASTRA,3,E01015426,0,1
2024010506092,2024,010506092,1,9,0,4,4,5,1,0,0,0,0,0,0,0,1,1,6,6,1,33,6,1598,1,11,VAUXHALL ASTRA,5,E01035270,0,1
2024052402339,2024,052402339,1,9,0,18,19,5,1,0,0,1,0,0,0,0,4,1,6,6,1,42,7,1598,2,7,VAUXHALL ASTRA,8,E01007107,0,1
2024010527130,2024,010527130,2,9,0,99,99,9,9,99,99,9,9,99,9,99,9,9,6,6,3,-1,-1,1362,1,11,VAUXHALL ASTRA,-1,-1,0,-1
2024010534904,2024,010534904,1,9,0,18,19,5,1,0,0,0,1,0,2,1,1,1,6,6,3,-1,-1,1362,1,12,VAUXHALL ASTRA,2,E01000604,0,2
2024010524360,2024,010524360,1,9,0,5,5,0,5,0,0,0,0,0,0,0,1,1,6,6,1,31,6,1399,1,5,VAUXHALL ASTRA,2,E01001549,0,1
2024991410946,2024,991410946,2,9,0,-1,3,7,3,-1,0,0,0,0,0,0,2,1,-1,6,1,23,5,1199,1,1,VAUXHALL ASTRA,8,-1,0,2
2024531536939,2024,531536939,2,9,0,-1,19,4,2,-1,0,3,0,0,0,0,4,1,-1,9,2,55,8,1364,1,14,VAUXHALL ASTRA,1,E01022319,0,1
2024101470336,2024,101470336,2,9,0,-1,19,7,5,-1,0,8,0,0,0,0,2,1,-1,9,2,29,6,1364,1,17,VAUXHALL ASTRA,1,E01008305,0,4
2024371523157,2024,371523157,1,9,-1,-1,-1,1,5,-1,-1,0,-1,-1,-1,0,-1,1,-1,6,3,-1,-1,1364,1,15,VAUXHALL ASTRA,-1,-1,0,-1
2024010506589,2024,010506589,1,9,0,9,9,5,3,0,0,8,0,0,0,0,1,1,6,6,1,37,7,1598,1,18,VAUXHALL ASTRA,2,E01000087,0,2
2024471504678,2024,471504678,2,9,0,-1,4,5,1,-1,0,1,0,0,0,0,2,1,-1,9,2,64,9,1598,1,12,VAUXHALL ASTRA,6,E01021022,0,3
2024340NN0262,2024,340NN0262,1,9,0,-1,5,7,3,-1,0,6,0,0,0,0,1,1,-1,2,2,34,6,1399,1,7,VAUXHALL ASTRA,2,E01027072,0,1
2024201470362,2024,201470362,2,9,0,-1,19,5,1,-1,0,0,0,0,0,0,1,1,-1,6,1,37,7,1956,2,11,VAUXHALL ASTRA,9,E01031034,0,3
2024201421451,2024,201421451,1,9,0,-1,9,6,2,-1,0,1,0,0,0,0,1,1,-1,6,2,20,4,1399,1,8,VAUXHALL ASTRA,1,E01010054,0,1