collision_index,collision_year,collision_ref_no,vehicle_reference,vehicle_type,towing_and_articulation,vehicle_manoeuvre_historic,vehicle_manoeuvre,vehicle_direction_from,vehicle_direction_to,vehicle_location_restricted_lane_historic,vehicle_location_restricted_lane,junction_location,skidding_and_overturning,hit_object_in_carriageway,vehicle_leaving_carriageway,hit_object_off_carriageway,first_point_of_impact,vehicle_left_hand_drive,journey_purpose_of_driver_historic,journey_purpose_of_driver,sex_of_driver,age_of_driver,age_band_of_driver,engine_capacity_cc,propulsion_code,age_of_vehicle,generic_make_model,driver_imd_decile,lsoa_of_driver,escooter_flag,driver_distance_banding
2024991526661,2024,991526661,1,9,0,-1,19,3,7,-1,0,1,1,7,0,0,1,1,-1,6,1,29,6,1686,2,17,VAUXHALL ASTRA,1,-1,0,3
2024991441780,2024,991441780,1,9,0,-1,19,3,7,-1,0,0,5,4,0,0,4,1,-1,9,2,37,7,1956,2,11,VAUXHALL ASTRA,-1,-1,0,-1
2024201475942,2024,201475942,1,9,0,-1,19,8,4,-1,5,1,0,4,0,0,1,1,-1,6,1,33,6,1956,2,8,VAUXHALL ASTRA,4,E01009243,0,2
2024131463746,2024,131463746,1,9,0,-1,10,8,6,-1,0,8,0,0,0,0,1,1,-1,6,1,52,8,1598,1,10,VAUXHALL ASTRA,6,E01011607,0,1
2024610057024,2024,610057024,2,9,0,3,3,5,1,0,0,1,0,0,0,0,2,1,6,6,2,34,6,1686,2,12,VAUXHALL ASTRA,4,W01001337,0,1
2024991477787,2024,991477787,1,9,0,-1,19,7,2,-1,0,0,0,0,0,0,1,1,-1,9,2,44,7,1956,2,11,VAUXHALL ASTRA,5,-1,0,2
2024061506126,2024,061506126,1,9,0,-1,7,8,2,-1,0,1,0,0,7,0,1,1,-1,9,1,38,7,1956,2,12,VAUXHALL ASTRA,1,E01034111,0,1
2024440189405,2024,440189405,1,9,0,14,14,1,5,0,0,0,0,0,0,0,1,1,6,6,1,67,10,1995,2,23,VAUXHALL ASTRA,5,E01017321,0,1
2024991492629,2024,991492629,1,9,0,-1,1,1,3,-1,9,6,0,0,0,0,1,1,-1,6,1,72,10,1598,2,7,VAUXHALL ASTRA,-1,-1,0,-1
2024052400826,2024,052400826,1,9,0,9,9,7,5,0,0,8,0,0,1,0,1,1,6,6,1,45,7,1956,2,13,VAUXHALL ASTRA,3,E01006433,0,2
2024161528482,2024,161528482,1,9,0,-1,-1,-1,-1,-1,-1,0,-1,-1,-1,0,-1,1,-1,9,1,26,6,1399,1,7,VAUXHALL ASTRA,1,E01013221,0,2
2024411402993,2024,411402993,1,9,0,-1,19,3,7,-1,0,1,0,0,0,0,1,9,-1,6,3,-1,-1,1598,1,18,VAUXHALL ASTRA,-1,-1,0,-1
2024501539226,2024,501539226,1,9,0,-1,5,1,5,-1,0,1,0,0,0,0,1,1,-1,9,1,56,9,1399,1,5,VAUXHALL ASTRA,1,E01015044,0,1
2024201408897,2024,201408897,1,9,0,-1,1,7,3,-1,9,6,0,0,0,0,2,1,-1,6,2,-1,-1,1398,1,9,VAUXHALL ASTRA,-1,-1,0,-1
2024501477587,2024,501477587,1,9,0,-1,19,6,2,-1,0,0,0,0,0,0,1,1,-1,6,1,34,6,1598,1,14,VAUXHALL ASTRA,2,E01015194,0,2
2024440466948,2024,440466948,1,19,0,4,4,5,1,0,0,1,0,0,0,0,1,1,6,6,1,47,8,1910,2,14,VAUXHALL ASTRA,3,E01017075,0,1
2024221459982,2024,221459982,4,9,0,-1,10,5,3,-1,0,8,0,0,0,0,0,1,-1,6,2,53,8,1496,2,4,VAUXHALL ASTRA,7,E01014150,0,3
2024610042824,2024,610042824,2,9,0,4,4,7,3,0,0,0,0,0,0,0,2,1,1,1,1,55,8,1598,2,6,VAUXHALL ASTRA,2,W01001325,0,2
2024332400717,2024,332400717,1,9,0,-1,13,3,7,-1,0,0,0,0,7,0,1,1,-1,9,1,18,4,1598,2,8,VAUXHALL ASTRA,8,E01025983,0,1
2024010534549,2024,010534549,1,9,9,99,99,9,9,99,99,9,9,99,9,99,9,9,6,6,3,-1,-1,1598,1,14,VAUXHALL ASTRA,-1,-1,0,-1
2024010526421,2024,010526421,1,9,0,-1,-1,5,1,0,0,0,1,0,0,0,0,1,6,6,1,66,10,1598,1,12,VAUXHALL ASTRA,7,E01000259,0,2
2024332400238,2024,332400238,1,9,0,-1,9,5,3,-1,0,6,0,0,0,0,3,1,-1,9,2,43,7,1364,1,16,VAUXHALL ASTRA,1,E01013754,0,1
2024501508324,2024,501508324,1,9,0,-1,9,5,3,-1,0,0,0,0,0,0,4,1,-1,2,1,57,9,1956,2,11,VAUXHALL ASTRA,2,E01015075,0,1
2024010506332,2024,010506332,2,9,9,99,99,9,9,99,99,9,9,99,9,99,9,9,6,6,3,-1,-1,1796,1,14,VAUXHALL ASTRA,-1,-1,0,-1
2024010506356,2024,010506356,1,9,0,18,19,3,7,0,0,1,0,0,0,0,1,1,2,2,2,47,8,1796,1,17,VAUXHALL ASTRA,4,E01003136,0,1
2024302401671,2024,302401671,1,9,0,18,19,3,7,0,0,8,1,0,3,11,1,1,1,1,1,23,5,1796,1,19,VAUXHALL ASTRA,5,E01013551,0,3
2024451416136,2024,451416136,1,9,0,-1,19,7,3,-1,0,0,0,0,0,0,1,1,-1,2,1,23,5,1364,1,14,VAUXHALL ASTRA,3,E01002585,0,4
2024041457690,2024,041457690,2,9,0,-1,19,5,1,-1,0,0,0,0,0,0,3,1,-1,6,2,26,6,1399,1,7,VAUXHALL ASTRA,1,E01012751,0,4
2024401536729,2024,401536729,4,9,0,-1,4,1,5,-1,0,0,0,0,0,0,2,1,-1,6,2,40,7,1496,2,4,VAUXHALL ASTRA,9,E01015710,0,3
2024010492403,2024,010492403,1,9,0,7,7,3,4,0,0,3,0,0,0,0,1,1,1,1,1,28,6,1598,1,14,VAUXHALL ASTRA,8,E01001022,0,3
2024461397648,2024,461397648,1,9,0,-1,-1,-1,-1,-1,-1,0,-1,-1,-1,0,-1,9,-1,6,1,42,7,1956,2,11,VAUXHALL ASTRA,9,E01023983,0,1
202460Q052339,2024,60Q052339,1,9,0,3,3,5,1,0,0,0,0,0,0,0,2,1,1,1,1,39,7,1399,1,8,VAUXHALL ASTRA,-1,-1,0,-1
2024131415228,2024,131415228,2,9,0,-1,19,1,3,-1,0,1,0,0,0,0,1,1,-1,2,2,31,6,1399,1,7,VAUXHALL ASTRA,7,E01010997,0,1
2024440458487,2024,440458487,1,9,0,18,19,6,2,0,0,2,0,0,0,0,1,1,6,6,2,-1,-1,1399,1,8,VAUXHALL ASTRA,-1,-1,0,-1
2024311434881,2024,311434881,1,9,0,-1,13,6,2,-1,0,1,1,0,0,0,1,1,-1,8,1,42,7,1598,2,6,VAUXHALL ASTRA,2,E01028269,0,1
2024440421709,2024,440421709,1,9,0,18,19,3,7,0,0,1,0,0,7,3,1,1,6,6,2,26,6,1796,1,17,VAUXHALL ASTRA,4,E01022527,0,1
2024332400527,2024,332400527,1,9,0,-1,19,7,3,-1,0,0,0,0,0,0,1,1,-1,9,1,70,10,1796,1,18,VAUXHALL ASTRA,6,E01013606,0,1
2024010503782,2024,010503782,1,9,0,99,99,9,9,99,99,9,9,99,9,99,9,9,6,6,1,42,7,999,1,8,VAUXHALL ASTRA,7,E01002412,0,1
2024361406879,2024,361406879,1,9,0,-1,19,5,1,-1,0,0,1,0,0,0,1,1,-1,2,1,52,8,1686,2,16,VAUXHALL ASTRA,5,E01026539,0,2
2024461457748,2024,461457748,2,9,0,-1,2,3,7,-1,0,0,0,0,0,0,2,9,-1,8,1,23,5,1598,2,5,VAUXHALL ASTRA,-1,-1,0,-1
2024430408492,2024,430408492,1,9,0,5,5,-1,-1,0,0,4,0,0,0,0,1,1,6,6,1,64,9,1956,2,11,VAUXHALL ASTRA,9,E01016808,0,1
2024351489636,2024,351489636,4,9,0,-1,19,5,1,-1,0,0,0,0,0,0,0,1,-1,1,1,24,5,1598,2,6,VAUXHALL ASTRA,-1,-1,0,-1
2024010501057,2024,010501057,1,9,9,2,2,0,0,99,99,0,9,99,0,0,9,9,6,6,3,-1,-1,1398,1,13,VAUXHALL ASTRA,-1,-1,0,-1
2024131449378,2024,131449378,1,9,0,-1,19,8,4,-1,0,1,0,0,0,0,1,1,-1,9,1,28,6,1598,1,15,VAUXHALL ASTRA,7,E01010896,0,1
2024052400729,2024,052400729,2,9,0,4,4,7,5,0,0,1,0,0,0,0,2,1,6,6,1,42,7,1598,1,17,VAUXHALL ASTRA,1,E01007271,0,1
2024401455250,2024,401455250,1,9,0,-1,19,6,2,-1,0,0,0,0,0,0,1,1,-1,2,1,31,6,1796,1,16,VAUXHALL ASTRA,7,E01017485,0,1
2024131510979,2024,131510979,1,9,0,-1,-1,-1,-1,-1,-1,0,-1,-1,-1,-1,-1,1,-1,6,3,-1,-1,1598,1,15,VAUXHALL ASTRA,-1,-1,0,-1
2024430454046,2024,430454046,3,9,0,18,19,6,2,0,0,2,0,10,0,0,1,1,6,6,3,-1,-1,1598,1,21,VAUXHALL ASTRA,-1,-1,0,-1
2024010529108,2024,010529108,1,9,0,99,99,9,9,99,99,9,9,99,9,99,2,9,2,2,1,23,5,999,1,5,VAUXHALL ASTRA,2,E01004340,0,1
2024401477609,2024,401477609,1,9,0,-1,8,1,3,-1,0,6,0,0,0,0,1,1,-1,6,3,-1,-1,1686,2,15,VAUXHALL ASTRA,-1,-1,0,-1
2024320166077,2024,320166077,1,9,0,-1,-1,8,4,0,0,2,0,0,0,0,1,1,-1,-1,1,43,7,1598,1,6,VAUXHALL ASTRA,9,E01026346,0,1
2024201401359,2024,201401359,1,9,0,-1,7,7,1,-1,0,6,0,0,0,0,1,9,-1,6,1,-1,-1,1796,1,19,VAUXHALL ASTRA,-1,-1,0,-1
2024211426087,2024,211426087,1,9,0,-1,19,1,5,-1,0,1,0,0,0,0,1,9,-1,6,2,-1,-1,1598,2,7,VAUXHALL ASTRA,-1,-1,0,-1
2024221456761,2024,221456761,2,9,0,-1,19,5,1,-1,0,0,0,0,0,0,3,9,-1,6,2,26,6,1598,1,12,VAUXHALL ASTRA,1,E01013995,0,1
2024540903424,2024,540903424,3,9,0,18,19,3,7,0,0,0,0,0,0,0,2,1,6,6,1,61,9,1364,1,10,VAUXHALL ASTRA,1,E01015507,0,2
2024332400159,2024,332400159,1,9,0,-1,3,3,7,-1,0,1,0,0,0,0,2,1,-1,2,2,22,5,1598,1,17,VAUXHALL ASTRA,7,E01025938,0,1
2024421498023,2024,421498023,1,9,0,-1,19,1,3,-1,0,0,0,0,0,0,1,1,-1,6,1,38,7,1598,2,10,VAUXHALL ASTRA,4,E01015956,0,1
2024141445080,2024,141445080,1,9,0,-1,19,7,3,-1,0,8,0,0,0,0,1,1,-1,2,2,37,7,1598,1,13,VAUXHALL ASTRA,4,E01007537,0,1
2024320170739,2024,320170739,1,9,0,-1,-1,1,5,0,0,8,0,0,1,0,1,1,-1,-1,1,59,9,1686,2,16,VAUXHALL ASTRA,7,E01026051,0,3
2024361491280,2024,361491280,1,9,0,-1,19,3,7,-1,0,0,2,12,1,0,0,1,-1,2,1,33,6,1598,1,14,VAUXHALL ASTRA,8,E01026587,0,4
2024311474919,2024,311474919,1,9,0,-1,19,5,1,-1,0,1,0,0,0,0,1,9,-1,6,1,61,9,1796,1,19,VAUXHALL ASTRA,5,E01013914,0,1
2024231481705,2024,231481705,2,9,0,-1,19,8,4,-1,0,0,0,0,0,0,2,1,-1,6,1,21,5,1956,2,10,VAUXHALL ASTRA,8,E01035014,0,1
2024201440983,2024,201440983,1,9,0,-1,7,7,1,-1,0,6,0,4,0,0,1,1,-1,6,1,39,7,1956,2,14,VAUXHALL ASTRA,1,E01034309,0,1
2024302401401,2024,302401401,1,9,0,9,9,4,2,0,0,8,0,0,0,0,4,1,6,6,1,76,11,1796,1,14,VAUXHALL ASTRA,10,E01013520,0,1
2024461495116,2024,461495116,1,9,0,-1,12,3,7,-1,0,0,1,11,0,0,1,1,-1,6,2,19,4,1364,1,14,VAUXHALL ASTRA,-1,-1,0,-1
2024061435045,2024,061435045,1,9,0,-1,3,-1,-1,-1,0,0,0,0,0,0,2,1,-1,9,2,35,6,1598,1,15,VAUXHALL ASTRA,8,E01006204,0,1
2024041403283,2024,041403283,1,9,0,-1,19,5,1,-1,0,0,1,1,1,0,1,1,-1,9,1,47,8,1956,2,13,VAUXHALL ASTRA,4,-1,0,5
2024201505860,2024,201505860,1,9,0,-1,9,7,5,-1,0,6,0,0,0,0,3,1,-1,2,1,28,6,1398,1,13,VAUXHALL ASTRA,2,E01034314,0,1
2024302400555,2024,302400555,1,9,0,18,19,8,4,0,0,0,0,0,8,1,1,1,6,6,1,42,7,1686,2,13,VAUXHALL ASTRA,7,E01019655,0,1
2024201502760,2024,201502760,1,9,0,-1,19,7,3,-1,0,0,0,0,0,0,1,1,-1,6,1,48,8,1686,2,10,VAUXHALL ASTRA,2,E01009050,0,1
2024461405962,2024,461405962,1,9,0,-1,19,3,7,-1,0,0,0,0,0,0,3,1,-1,9,2,29,6,1399,1,7,VAUXHALL ASTRA,3,E01024742,0,2
2024131452590,2024,131452590,1,9,0,-1,6,1,5,-1,0,7,1,0,7,0,3,1,-1,6,2,24,5,1598,2,8,VAUXHALL ASTRA,1,E01011665,0,3
2024361528988,2024,361528988,1,9,0,-1,19,1,5,-1,0,0,0,0,0,0,1,1,-1,9,1,24,5,1998,1,16,VAUXHALL ASTRA,1,E01026603,0,1
2024201489859,2024,201489859,1,9,0,-1,19,3,7,-1,0,1,0,0,0,0,2,9,-1,6,1,57,9,1956,2,13,VAUXHALL ASTRA,1,E01009110,0,2
2024411458235,2024,411458235,1,9,0,-1,5,7,1,-1,0,4,0,0,0,0,4,1,-1,9,1,55,8,1398,1,10,VAUXHALL ASTRA,2,E01001551,0,1
202460Q021506,2024,60Q021506,1,9,0,9,9,1,7,0,0,6,0,0,1,9,1,1,6,6,1,33,6,1598,1,18,VAUXHALL ASTRA,-1,-1,0,-1
2024622400021,2024,622400021,1,9,0,18,19,8,4,0,0,1,0,0,0,0,1,1,6,6,1,64,9,1598,2,8,VAUXHALL ASTRA,2,W01001169,0,1
2024461447961,2024,461447961,1,9,0,-1,9,7,3,-1,0,8,0,0,0,0,1,1,-1,6,1,39,7,1598,2,10,VAUXHALL ASTRA,5,E01032829,0,1
2024531433409,2024,531433409,2,9,0,-1,19,1,5,-1,0,0,1,0,7,0,3,9,-1,6,2,22,5,1248,2,11,VAUXHALL ASTRA,6,E01022444,0,2
2024501426498,2024,501426498,1,9,0,-1,13,2,6,-1,0,1,5,10,7,11,1,1,-1,1,1,34,6,1496,2,4,VAUXHALL ASTRA,9,E01033234,0,4
2024991477946,2024,991477946,1,9,0,-1,9,6,4,-1,0,8,0,0,0,0,3,1,-1,9,1,33,6,1598,1,6,VAUXHALL ASTRA,2,-1,0,1
2024070981576,2024,070981576,2,9,0,-1,19,7,3,-1,0,1,0,0,0,0,0,1,-1,2,1,26,6,1399,1,7,VAUXHALL ASTRA,7,E01018540,0,3
2024061495505,2024,061495505,1,9,0,-1,5,6,2,-1,0,8,0,0,0,0,1,1,-1,9,2,40,7,1364,1,17,VAUXHALL ASTRA,-1,-1,0,-1
2024552400072,2024,552400072,2,9,0,18,19,8,4,0,0,8,0,0,0,0,1,1,6,6,2,20,4,1598,1,17,VAUXHALL ASTRA,3,E01015308,0,1
2024311477293,2024,311477293,2,9,0,-1,9,8,5,-1,0,8,0,0,0,0,4,1,-1,6,1,34,6,1956,2,11,VAUXHALL ASTRA,5,E01028286,0,1
2024430534843,2024,430534843,2,9,0,18,19,8,4,0,0,8,0,0,0,0,2,1,6,6,2,45,7,1398,1,9,VAUXHALL ASTRA,3,E01032730,0,1
2024010531317,2024,010531317,1,9,0,99,99,9,9,99,99,9,9,99,9,99,3,9,6,6,2,34,6,999,1,7,VAUXHALL ASTRA,6,E01004381,0,1
2024101448693,2024,101448693,1,9,0,-1,19,3,7,-1,0,1,0,4,1,0,4,1,-1,6,3,-1,-1,1598,1,14,VAUXHALL ASTRA,-1,-1,0,-1
2024311407778,2024,311407778,1,9,0,-1,9,2,8,-1,0,5,0,0,0,0,1,1,-1,1,1,22,5,1956,2,12,VAUXHALL ASTRA,3,E01028127,0,3
2024221475033,2024,221475033,1,9,0,-1,9,2,8,-1,0,6,0,4,0,0,4,1,-1,9,1,77,11,1686,2,19,VAUXHALL ASTRA,5,E01014020,0,2
2024101484443,2024,101484443,1,9,0,-1,19,7,3,-1,0,0,0,7,0,0,1,1,-1,1,1,84,11,1686,2,19,VAUXHALL ASTRA,1,E01008817,0,1
2024010526707,2024,010526707,1,9,0,99,99,9,9,99,99,9,9,99,9,99,9,9,2,2,1,25,5,1399,1,8,VAUXHALL ASTRA,6,E01002496,0,2
2024471518278,2024,471518278,1,9,0,-1,19,1,5,-1,0,1,0,0,0,0,4,1,-1,1,1,65,9,1598,2,5,VAUXHALL ASTRA,4,E01020935,0,4
2024201428050,2024,201428050,1,9,0,-1,13,6,2,-1,0,0,0,0,0,0,1,1,-1,6,1,-1,-1,1598,1,17,VAUXHALL ASTRA,-1,-1,0,-1
2024451459794,2024,451459794,1,9,0,-1,19,3,7,-1,0,0,0,0,1,4,2,1,-1,7,1,18,4,1364,1,7,VAUXHALL ASTRA,8,E01030859,0,2
2024430439377,2024,430439377,1,9,0,18,19,1,5,0,0,0,0,0,0,0,3,1,2,2,1,48,8,1796,1,16,VAUXHALL ASTRA,4,E01032858,0,4
2024552401436,2024,552401436,1,9,0,18,19,5,1,0,0,8,0,0,3,11,1,1,6,6,1,31,6,1598,1,16,VAUXHALL ASTRA,10,E01020559,0,3
2024311485815,2024,311485815,1,8,0,-1,19,3,6,-1,9,0,0,4,1,0,4,1,-1,1,1,27,6,1598,2,7,VAUXHALL ASTRA,2,E01028313,0,1
2024371432071,2024,371432071,2,9,0,-1,19,2,3,-1,0,1,0,0,0,0,4,1,-1,9,2,24,5,1398,1,9,VAUXHALL ASTRA,10,E01030183,0,2
2024440209535,2024,440209535,2,9,0,13,13,7,3,0,0,8,0,0,0,0,1,1,6,6,1,24,5,1398,1,14,VAUXHALL ASTRA,2,E01017328,0,1
2024041534568,2024,041534568,1,9,0,-1,9,3,5,-1,0,6,0,0,0,0,1,2,-1,9,2,60,9,1364,1,17,VAUXHALL ASTRA,1,E01012695,0,1
2024401538515,2024,401538515,1,9,-1,-1,-1,-1,-1,-1,-1,-1,-1,-1,-1,0,1,9,-1,6,3,-1,-1,1598,1,12,VAUXHALL ASTRA,-1,-1,0,-1
2024211466980,2024,211466980,1,9,0,-1,3,5,3,-1,0,1,0,0,0,0,2,1,-1,9,1,49,8,1686,2,13,VAUXHALL ASTRA,6,E01010469,0,1
2024010498363,2024,010498363,1,9,0,18,19,3,7,0,0,1,0,7,7,10,1,1,6,6,1,24,5,1598,1,11,VAUXHALL ASTRA,9,E01030636,0,2
2024522401585,2024,522401585,2,9,0,18,19,9,9,0,0,8,0,0,0,0,9,1,6,6,3,-1,-1,1598,1,10,VAUXHALL ASTRA,-1,-1,0,-1
2024991535242,2024,991535242,1,9,0,-1,9,8,6,-1,0,5,0,0,0,0,4,1,-1,9,1,45,7,1686,2,11,VAUXHALL ASTRA,5,-1,0,4
2024141441126,2024,141441126,1,9,0,-1,10,8,7,-1,0,8,0,0,0,0,2,1,-1,9,1,32,6,1199,1,1,VAUXHALL ASTRA,3,E01007852,0,1
2024421524041,2024,421524041,2,9,0,-1,19,3,1,-1,0,0,0,0,0,0,3,1,-1,2,1,59,9,1398,1,11,VAUXHALL ASTRA,6,E01023600,0,4
2024531396927,2024,531396927,1,9,0,-1,19,1,5,-1,0,0,0,0,0,0,1,1,-1,2,1,59,9,1598,1,10,VAUXHALL ASTRA,8,E01022300,0,1
2024461498465,2024,461498465,1,9,0,-1,3,3,7,-1,0,0,0,0,0,0,1,9,-1,6,1,-1,-1,1364,1,8,VAUXHALL ASTRA,6,E01024022,0,1
2024201466723,2024,201466723,1,9,0,-1,19,6,2,-1,0,8,0,0,0,0,1,1,-1,6,1,43,7,1364,1,15,VAUXHALL ASTRA,7,E01009532,0,1
2024520500211,2024,520500211,1,9,0,3,3,5,1,0,0,1,0,0,0,0,2,1,6,6,1,62,9,1399,1,5,VAUXHALL ASTRA,8,E01014449,0,3
2024010549742,2024,010549742,1,9,9,99,99,9,9,99,99,9,9,99,9,99,2,9,6,6,3,-1,-1,1796,1,17,VAUXHALL ASTRA,-1,-1,0,-1
2024010506549,2024,010506549,1,9,0,5,5,7,3,0,0,2,0,0,0,0,1,1,2,2,1,59,9,1598,1,11,VAUXHALL ASTRA,6,E01004086,0,2
2024010515027,2024,010515027,2,9,0,18,19,3,7,0,0,8,0,0,0,0,4,1,3,7,2,44,7,1598,1,11,VAUXHALL ASTRA,2,E01002872,0,1
2024522402997,2024,522402997,2,9,0,2,2,0,0,2,2,0,0,0,0,0,3,1,6,6,2,44,7,1796,1,15,VAUXHALL ASTRA,4,E01014623,0,1
2024451480654,2024,451480654,1,9,0,-1,7,7,3,-1,0,1,0,0,0,0,1,1,-1,9,2,49,8,1598,1,18,VAUXHALL ASTRA,9,E01030846,0,1
2024531466984,2024,531466984,1,9,0,-1,12,8,4,-1,0,2,0,0,0,0,3,1,-1,1,2,44,7,1399,1,7,VAUXHALL ASTRA,3,E01022364,0,4
2024991399161,2024,991399161,1,9,0,-1,19,4,8,-1,0,4,0,0,0,0,1,1,-1,6,2,31,6,1398,1,10,VAUXHALL ASTRA,4,-1,0,1
2024041413624,2024,041413624,2,9,0,-1,19,7,3,-1,0,4,0,0,0,0,4,1,-1,9,1,58,9,1199,1,1,VAUXHALL ASTRA,10,E01025007,0,1
2024302400016,2024,302400016,1,9,0,18,19,8,4,0,0,1,0,0,0,0,3,1,1,1,1,42,7,1686,2,11,VAUXHALL ASTRA,3,E01019577,0,1
2024010539088,2024,010539088,1,9,0,99,99,9,9,99,99,9,9,99,9,99,1,9,6,6,3,-1,-1,1399,1,8,VAUXHALL ASTRA,-1,-1,0,-1
2024010510038,2024,010510038,3,9,0,3,3,1,5,0,0,1,0,0,0,0,2,1,6,6,2,35,6,1598,1,11,VAUXHALL ASTRA,3,E01000195,0,4
2024340WN3752,2024,340WN3752,1,9,0,-1,19,3,7,-1,0,0,0,0,1,2,1,1,-1,2,1,51,8,1796,1,15,VAUXHALL ASTRA,4,E01027238,0,2
2024311395500,2024,311395500,1,9,0,-1,19,6,2,-1,0,8,0,0,0,0,1,1,-1,6,1,32,6,1686,2,14,VAUXHALL ASTRA,4,E01028228,0,1
2024161469974,2024,161469974,1,9,0,-1,12,7,3,-1,0,4,0,0,0,0,1,1,-1,6,1,22,5,1598,1,15,VAUXHALL ASTRA,5,E01013106,0,3
2024010486824,2024,010486824,2,9,0,2,2,0,0,0,0,0,0,0,0,0,4,1,6,6,3,-1,-1,1598,1,13,VAUXHALL ASTRA,-1,-1,0,-1
2024991409448,2024,991409448,2,9,0,-1,9,3,1,-1,0,8,0,0,1,11,4,1,-1,2,2,51,8,1686,2,14,VAUXHALL ASTRA,7,-1,0,3
2024052400752,2024,052400752,1,9,0,9,9,3,1,0,0,8,0,0,0,0,1,1,2,2,1,59,9,1364,1,15,VAUXHALL ASTRA,1,E01006412,0,1
2024010548335,2024,010548335,3,9,0,18,19,1,5,0,0,0,0,0,0,0,1,1,6,6,1,32,6,1598,1,13,VAUXHALL ASTRA,8,E01023875,0,3
2024201457739,2024,201457739,5,9,0,-1,19,6,8,-1,0,2,0,0,0,0,2,1,-1,6,1,27,6,1199,1,1,VAUXHALL ASTRA,2,E01010264,0,1
2024311419544,2024,311419544,1,9,0,-1,19,3,7,-1,0,0,1,0,0,0,1,1,-1,9,1,20,4,1364,1,9,VAUXHALL ASTRA,1,E01028066,0,1
2024401402565,2024,401402565,1,9,0,-1,7,1,5,-1,0,1,0,0,0,0,1,9,-1,6,-1,50,8,1598,1,19,VAUXHALL ASTRA,1,E01015732,0,1
2024010542217,2024,010542217,1,9,0,10,10,5,2,0,0,1,0,0,0,0,1,1,6,6,1,32,6,1796,1,17,VAUXHALL ASTRA,2,E01000033,0,1
2024131456014,2024,131456014,2,9,0,-1,19,1,5,-1,0,0,0,0,0,0,2,1,-1,2,1,57,9,1598,2,6,VAUXHALL ASTRA,2,E01011813,0,3
2024531520893,2024,531520893,1,9,0,-1,15,7,3,-1,0,8,5,0,0,0,4,1,-1,9,1,19,4,1796,1,16,VAUXHALL ASTRA,7,E01032412,0,2
2024141435391,2024,141435391,1,9,0,-1,19,7,4,-1,0,1,0,0,0,0,1,9,-1,6,2,26,6,-1,-1,-1,VAUXHALL ASTRA,1,E01008011,0,1
2024430626376,2024,430626376,1,9,0,3,3,5,7,0,0,4,0,0,0,0,1,1,6,6,1,26,6,1686,2,14,VAUXHALL ASTRA,-1,-1,0,-1
2024141420003,2024,141420003,1,9,0,-1,19,5,1,-1,0,1,0,0,0,0,1,9,-1,6,1,39,7,1598,1,14,VAUXHALL ASTRA,4,E01007757,0,1
2024201448605,2024,201448605,1,9,0,-1,5,1,5,-1,0,1,0,0,0,0,1,9,-1,2,2,20,4,1956,2,13,VAUXHALL ASTRA,5,E01009711,0,1
2024311457023,2024,311457023,2,9,0,-1,19,5,1,-1,0,0,0,0,0,0,1,1,-1,6,2,65,9,1956,2,10,VAUXHALL ASTRA,7,E01028168,0,1
2024131489285,2024,131489285,1,9,0,-1,9,1,7,-1,0,8,0,0,0,0,3,1,-1,9,1,46,8,1598,1,15,VAUXHALL ASTRA,2,E01011043,0,1
2024010541851,2024,010541851,2,9,0,99,99,9,9,99,99,9,9,99,9,99,2,9,6,6,2,29,6,1364,1,11,VAUXHALL ASTRA,-1,-1,0,-1
2024622400581,2024,622400581,1,9,0,18,19,7,3,0,0,0,0,0,0,0,1,1,6,6,1,38,7,1598,1,15,VAUXHALL ASTRA,1,W01001704,0,2
2024101516743,2024,101516743,2,9,-1,-1,19,1,6,-1,0,0,0,0,0,0,4,9,-1,6,2,33,6,1956,2,12,VAUXHALL ASTRA,1,E01008664,0,1
2024111460735,2024,111460735,3,9,0,-1,4,2,5,-1,0,0,0,0,0,0,2,1,-1,6,1,22,5,1598,2,5,VAUXHALL ASTRA,10,E01012361,0,1
2024010514948,2024,010514948,3,9,0,18,19,8,4,0,0,1,0,0,0,0,0,1,6,6,1,52,8,1341,1,4,VAUXHALL ASTRA,-1,-1,0,-1
2024052401284,2024,052401284,2,9,0,18,19,3,7,0,0,0,0,0,0,0,3,1,1,1,1,36,7,1598,1,17,VAUXHALL ASTRA,6,E01006591,0,3
2024201516496,2024,201516496,2,9,0,-1,19,5,3,-1,0,3,0,0,0,0,0,1,-1,9,2,69,10,1598,1,14,VAUXHALL ASTRA,-1,-1,0,-1
2024501491785,2024,501491785,1,9,0,-1,19,6,2,-1,0,1,0,0,2,4,3,1,-1,2,2,36,7,1598,1,17,VAUXHALL ASTRA,4,E01018943,0,4
2024302400586,2024,302400586,1,9,0,1,1,1,5,0,0,8,0,0,0,0,4,1,2,2,1,23,5,1796,1,19,VAUXHALL ASTRA,9,E01019446,0,1
2024522401520,2024,522401520,1,9,0,4,4,7,3,0,0,8,0,0,0,0,2,1,6,6,1,41,7,1199,1,4,VAUXHALL ASTRA,8,E01032672,0,4
2024991535647,2024,991535647,1,9,0,-1,19,8,4,-1,0,0,2,0,1,0,3,1,-1,9,1,21,5,1686,2,19,VAUXHALL ASTRA,8,-1,0,4
2024340WN1182,2024,340WN1182,2,9,0,-1,14,7,3,-1,0,1,0,0,0,0,3,1,-1,6,1,-1,-1,1364,7,19,VAUXHALL ASTRA,-1,-1,0,-1
2024211438540,2024,211438540,1,9,0,-1,9,4,2,-1,0,6,0,0,0,0,1,1,-1,2,2,31,6,1598,1,19,VAUXHALL ASTRA,5,E01029745,0,3