collision_index,collision_year,collision_ref_no,vehicle_reference,vehicle_type,towing_and_articulation,vehicle_manoeuvre_historic,vehicle_manoeuvre,vehicle_direction_from,vehicle_direction_to,vehicle_location_restricted_lane_historic,vehicle_location_restricted_lane,junction_location,skidding_and_overturning,hit_object_in_carriageway,vehicle_leaving_carriageway,hit_object_off_carriageway,first_point_of_impact,vehicle_left_hand_drive,journey_purpose_of_driver_historic,journey_purpose_of_driver,sex_of_driver,age_of_driver,age_band_of_driver,engine_capacity_cc,propulsion_code,age_of_vehicle,generic_make_model,driver_imd_decile,lsoa_of_driver,escooter_flag,driver_distance_banding
2024061492697,2024,061492697,2,9,0,-1,1,-1,-1,-1,0,8,0,0,0,0,2,1,-1,6,3,-1,-1,1686,2,11,VAUXHALL ASTRA,-1,-1,0,-1
2024010529315,2024,010529315,2,9,0,18,19,7,3,0,0,1,2,0,0,0,4,1,6,6,1,33,6,1399,1,7,VAUXHALL ASTRA,4,E01000474,0,2
2024010515133,2024,010515133,2,9,0,7,7,1,3,0,0,1,0,0,7,0,3,1,6,6,2,65,9,1199,1,4,VAUXHALL ASTRA,6,E01004475,0,3
2024041425589,2024,041425589,1,9,0,-1,19,1,5,-1,0,0,0,0,0,0,1,1,-1,6,1,34,6,1796,1,18,VAUXHALL ASTRA,-1,-1,0,-1
2024461433294,2024,461433294,3,9,0,-1,2,0,0,-1,0,0,0,0,0,0,4,2,-1,6,-1,-1,-1,1598,1,14,VAUXHALL ASTRA,-1,-1,0,-1
2024201526725,2024,201526725,1,9,0,-1,19,3,7,-1,0,1,0,0,0,0,4,1,-1,6,1,56,9,1399,1,8,VAUXHALL ASTRA,-1,-1,0,-1
2024201435321,2024,201435321,1,9,0,-1,19,2,6,-1,0,6,0,0,0,0,4,1,-1,9,1,56,9,1686,2,12,VAUXHALL ASTRA,-1,-1,0,-1
2024302401723,2024,302401723,1,9,0,5,5,1,5,0,0,8,0,0,0,0,1,1,3,7,2,27,6,1598,1,13,VAUXHALL ASTRA,6,E01013491,0,1
2024052400282,2024,052400282,1,9,0,18,19,3,7,0,0,3,0,0,0,0,1,1,6,6,1,59,9,1364,1,14,VAUXHALL ASTRA,3,E01007058,0,1
2024471398745,2024,471398745,1,9,0,-1,19,8,5,-1,0,1,5,0,0,0,1,1,-1,9,1,53,8,1598,1,14,VAUXHALL ASTRA,1,E01020995,0,1
2024201524269,2024,201524269,1,9,0,-1,9,6,4,-1,0,6,0,0,0,0,1,9,-1,9,1,-1,-1,1910,2,16,VAUXHALL ASTRA,-1,-1,0,-1
2024201464639,2024,201464639,2,9,0,-1,9,1,7,-1,0,5,5,10,1,0,3,1,-1,9,1,21,5,1399,1,7,VAUXHALL ASTRA,1,E01034920,0,1
2024052402657,2024,052402657,2,9,0,18,19,7,2,0,0,0,0,0,0,0,0,1,6,6,2,46,8,1199,1,3,VAUXHALL ASTRA,6,E01007222,0,1
2024131452479,2024,131452479,2,9,0,-1,19,2,2,-1,0,3,0,0,1,0,3,1,-1,6,1,48,8,1686,2,20,VAUXHALL ASTRA,1,E01011617,0,1
2024440288284,2024,440288284,1,9,0,18,19,5,1,0,0,0,0,0,0,0,1,1,6,6,2,53,8,1956,2,12,VAUXHALL ASTRA,1,E01010817,0,5
2024111479159,2024,111479159,3,9,0,-1,3,6,2,-1,0,0,0,0,0,0,2,1,-1,9,2,34,6,1598,1,9,VAUXHALL ASTRA,2,E01020860,0,1
2024421408824,2024,421408824,1,9,0,-1,19,-1,-1,-1,0,0,0,0,0,0,1,1,-1,6,3,-1,-1,1399,1,7,VAUXHALL ASTRA,-1,-1,0,-1
2024131524144,2024,131524144,3,9,0,-1,19,3,7,-1,0,5,0,0,0,0,0,1,-1,6,3,-1,-1,1499,2,1,VAUXHALL ASTRA,-1,-1,0,-1
2024311458806,2024,311458806,1,9,0,-1,5,7,3,-1,0,0,0,0,0,0,1,1,-1,6,1,34,6,1598,1,20,VAUXHALL ASTRA,3,E01013830,0,1
2024122400676,2024,122400676,2,9,0,17,19,1,5,0,0,2,0,0,0,0,1,1,6,6,2,36,7,1956,2,13,VAUXHALL ASTRA,8,E01012989,0,4
2024201479368,2024,201479368,4,9,9,-1,2,0,0,-1,0,2,0,0,0,0,4,9,-1,6,3,-1,-1,1399,1,7,VAUXHALL ASTRA,-1,-1,0,-1
2024340NN1382,2024,340NN1382,2,9,0,-1,3,7,3,-1,0,2,0,0,0,0,2,1,-1,9,1,61,9,1399,1,7,VAUXHALL ASTRA,-1,-1,0,-1
2024340WN2472,2024,340WN2472,1,9,0,-1,19,2,6,-1,0,4,0,0,0,0,3,1,-1,9,1,20,4,1796,1,19,VAUXHALL ASTRA,3,E01027175,0,1
2024131468098,2024,131468098,2,9,0,-1,4,3,5,-1,0,1,0,0,0,0,1,1,-1,9,1,35,6,1686,2,17,VAUXHALL ASTRA,2,E01011872,0,3
2024010498513,2024,010498513,2,9,0,99,99,9,9,99,99,9,9,99,9,99,1,9,6,6,1,35,6,1598,2,8,VAUXHALL ASTRA,4,E01002490,0,1
2024131446940,2024,131446940,1,9,0,-1,9,3,7,-1,0,5,0,0,0,0,1,1,-1,1,1,41,7,1598,2,9,VAUXHALL ASTRA,2,E01011043,0,1
2024070201395,2024,070201395,2,9,0,3,3,7,3,0,0,0,0,0,0,0,2,1,6,6,2,40,7,1399,1,6,VAUXHALL ASTRA,1,E01012455,0,1
2024549349524,2024,549349524,3,9,0,18,19,2,6,0,0,1,0,0,0,0,1,1,6,6,1,35,6,1362,1,11,VAUXHALL ASTRA,10,E01031934,0,1
2024010523979,2024,010523979,2,9,0,18,19,3,7,0,0,4,0,0,0,0,1,1,1,1,2,51,8,1796,1,18,VAUXHALL ASTRA,3,E01001690,0,3
2024201482805,2024,201482805,1,9,0,-1,10,1,2,-1,0,8,0,0,0,0,1,1,-1,9,2,22,5,1598,1,13,VAUXHALL ASTRA,3,E01009596,0,1
2024010500991,2024,010500991,1,9,0,9,9,5,3,0,0,1,0,0,0,0,3,1,2,2,1,26,6,999,1,8,VAUXHALL ASTRA,3,E01030608,0,3
2024231523029,2024,231523029,1,9,0,-1,19,4,8,-1,0,0,2,0,4,0,1,1,-1,9,1,31,6,1796,1,15,VAUXHALL ASTRA,4,E01033567,0,4
2024361525923,2024,361525923,1,9,0,-1,4,3,7,-1,0,8,0,0,0,0,3,1,-1,2,1,28,6,1598,1,15,VAUXHALL ASTRA,1,E01026832,0,1
2024622400116,2024,622400116,2,9,0,9,9,4,2,0,0,8,0,0,0,0,1,1,1,1,2,23,5,1399,1,8,VAUXHALL ASTRA,2,W01000790,0,1
2024440131140,2024,440131140,1,9,0,5,5,2,6,0,0,8,1,0,0,0,1,1,6,6,1,80,11,1956,2,11,VAUXHALL ASTRA,4,E01017339,0,2
2024122400426,2024,122400426,1,9,0,18,19,3,7,0,0,4,0,0,0,0,1,1,6,6,1,78,11,1686,2,10,VAUXHALL ASTRA,9,E01027882,0,1
2024332400023,2024,332400023,1,9,0,-1,19,0,0,-1,0,0,1,0,2,7,1,1,-1,9,3,44,7,1796,1,17,VAUXHALL ASTRA,5,E01025655,0,3
2024401506325,2024,401506325,1,9,0,-1,19,4,7,-1,0,5,0,0,0,0,1,1,-1,6,1,21,5,1686,2,22,VAUXHALL ASTRA,3,E01015737,0,1
2024101413977,2024,101413977,1,9,0,-1,19,5,1,-1,0,0,0,0,0,0,1,1,-1,9,2,19,4,1598,1,16,VAUXHALL ASTRA,2,E01008633,0,1
2024401471648,2024,401471648,2,9,0,-1,19,4,1,-1,0,3,0,0,0,0,4,1,-1,9,2,35,6,1364,1,15,VAUXHALL ASTRA,8,E01034434,0,1
2024471440420,2024,471440420,1,9,0,-1,4,7,3,-1,0,8,0,0,0,0,1,1,-1,9,1,17,4,1796,1,16,VAUXHALL ASTRA,2,E01022902,0,3
2024461538057,2024,461538057,1,9,0,-1,19,1,5,-1,0,1,1,0,0,0,1,9,-1,6,3,-1,-1,1398,1,10,VAUXHALL ASTRA,-1,-1,0,-1
2024201453425,2024,201453425,2,9,0,-1,19,3,7,-1,0,0,0,0,0,0,2,1,-1,6,1,29,6,1598,2,5,VAUXHALL ASTRA,4,E01034744,0,1
2024010536062,2024,010536062,2,9,0,13,13,7,3,0,0,0,0,0,0,0,3,1,6,6,1,40,7,1598,1,11,VAUXHALL ASTRA,8,E01030698,0,1
2024010505510,2024,010505510,1,9,0,99,99,9,9,99,99,0,9,99,9,99,1,9,6,6,2,35,6,1598,1,11,VAUXHALL ASTRA,2,E01004035,0,1
2024061504048,2024,061504048,1,9,-1,-1,-1,-1,-1,-1,-1,0,-1,-1,-1,0,-1,9,-1,6,3,-1,-1,1399,1,7,VAUXHALL ASTRA,-1,-1,0,-1
2024010535456,2024,010535456,2,9,0,15,15,3,7,0,0,6,0,0,1,0,4,1,6,6,1,48,8,1598,2,9,VAUXHALL ASTRA,2,E01001152,0,2
2024520402129,2024,520402129,2,9,0,5,5,4,2,0,0,6,0,0,0,0,1,1,6,6,1,71,10,1956,2,10,VAUXHALL ASTRA,2,E01029105,0,1
2024131418092,2024,131418092,1,9,0,-1,19,1,3,-1,0,1,0,0,0,0,4,1,-1,7,2,35,6,1364,1,10,VAUXHALL ASTRA,1,E01011623,0,1
2024221446283,2024,221446283,3,9,0,-1,19,3,7,-1,0,8,0,0,0,0,1,9,-1,6,2,59,9,1598,1,15,VAUXHALL ASTRA,4,E01028928,0,1
2024111424954,2024,111424954,2,9,0,-1,19,1,5,-1,0,1,0,0,0,0,4,1,-1,2,2,61,9,1686,2,13,VAUXHALL ASTRA,2,E01020878,0,2
2024522402937,2024,522402937,1,9,0,5,5,1,5,0,0,6,0,0,0,0,1,1,6,6,1,26,6,1598,1,9,VAUXHALL ASTRA,8,E01032679,0,1
2024471418607,2024,471418607,1,9,0,-1,19,7,3,-1,0,0,0,0,1,11,1,1,-1,7,2,44,7,1956,2,13,VAUXHALL ASTRA,1,E01016885,0,1
2024311458997,2024,311458997,2,9,0,-1,4,5,1,-1,0,0,0,0,0,0,1,1,-1,6,2,58,9,1398,1,10,VAUXHALL ASTRA,1,E01013864,0,1
2024010512988,2024,010512988,2,9,0,99,99,9,9,99,99,9,9,99,9,99,1,9,6,6,3,38,7,1598,1,16,VAUXHALL ASTRA,3,E01003269,0,1
2024010531101,2024,010531101,2,9,0,99,99,9,9,99,99,9,9,99,9,99,9,9,6,6,3,-1,-1,1598,1,13,VAUXHALL ASTRA,-1,-1,0,-1
2024141510607,2024,141510607,3,9,0,-1,1,3,4,-1,9,5,0,0,0,0,2,1,-1,2,2,56,9,1598,2,7,VAUXHALL ASTRA,8,E01007384,0,1
2024361440464,2024,361440464,2,9,0,-1,9,6,2,-1,0,1,0,0,0,0,3,1,-1,2,2,40,7,1398,1,10,VAUXHALL ASTRA,10,E01026572,0,1
2024451525206,2024,451525206,1,9,0,-1,10,5,1,-1,1,8,0,0,0,0,3,1,-1,1,2,25,5,1598,2,6,VAUXHALL ASTRA,8,E01030785,0,4
2024010537511,2024,010537511,1,9,0,99,99,9,9,99,99,9,9,99,9,99,9,9,6,6,1,31,6,1598,1,12,VAUXHALL ASTRA,3,E01004327,0,1
2024471517915,2024,471517915,1,9,0,-1,19,1,3,-1,0,2,0,0,0,0,1,1,-1,2,1,26,6,1399,1,7,VAUXHALL ASTRA,5,E01021128,0,1
2024991409975,2024,991409975,2,9,0,-1,19,4,8,-1,0,0,0,0,0,0,1,1,-1,9,1,77,11,1399,1,7,VAUXHALL ASTRA,10,-1,0,2
2024101501210,2024,101501210,1,9,0,-1,19,5,1,-1,0,0,0,0,0,0,1,1,-1,6,1,63,9,1199,1,1,VAUXHALL ASTRA,9,E01027538,0,3
2024010547485,2024,010547485,2,9,0,18,19,5,1,0,0,0,0,0,0,0,3,1,2,2,1,33,6,1362,1,12,VAUXHALL ASTRA,2,E01000905,0,2
2024461436147,2024,461436147,1,9,0,-1,19,5,1,-1,0,0,0,0,0,0,1,1,-1,6,3,23,5,1796,1,15,VAUXHALL ASTRA,-1,-1,0,-1
2024211491637,2024,211491637,1,9,0,-1,19,8,4,-1,0,0,0,0,0,0,1,9,-1,6,2,-1,-1,1686,2,10,VAUXHALL ASTRA,-1,-1,0,-1
2024302400833,2024,302400833,1,9,0,12,12,4,8,0,0,8,0,0,0,0,3,1,6,6,1,32,6,1910,2,17,VAUXHALL ASTRA,2,E01019515,0,1
2024131452974,2024,131452974,1,9,0,-1,19,4,8,-1,0,8,0,0,0,0,4,1,-1,9,2,37,7,1910,2,17,VAUXHALL ASTRA,1,E01010822,0,1
2024141463124,2024,141463124,3,9,0,-1,2,0,0,-1,0,0,0,0,0,0,3,1,-1,6,-1,-1,-1,1956,2,14,VAUXHALL ASTRA,-1,-1,0,-1
2024010539750,2024,010539750,1,9,0,99,99,9,9,99,99,9,9,99,9,99,9,9,6,6,1,23,5,1399,1,8,VAUXHALL ASTRA,3,E01002638,0,2
2024531503732,2024,531503732,1,9,0,-1,5,1,5,-1,0,4,0,0,0,0,1,1,-1,9,1,69,10,1598,2,8,VAUXHALL ASTRA,2,E01022290,0,1
2024522403363,2024,522403363,2,9,0,18,19,3,7,0,0,1,0,0,0,0,1,1,6,6,1,29,6,1598,1,13,VAUXHALL ASTRA,8,E01014721,0,1
2024131496461,2024,131496461,1,9,0,-1,19,5,7,-1,0,8,1,0,4,0,2,2,-1,1,1,35,6,1199,1,2,VAUXHALL ASTRA,1,E01010654,0,3
2024991442984,2024,991442984,3,9,0,-1,19,7,2,-1,0,1,0,0,0,0,2,1,-1,2,2,44,7,1199,1,0,VAUXHALL ASTRA,8,-1,0,4
2024131496901,2024,131496901,1,9,0,-1,19,3,7,-1,0,8,0,0,7,11,1,1,-1,6,3,-1,-1,1364,1,8,VAUXHALL ASTRA,-1,-1,0,-1
2024311447276,2024,311447276,2,9,0,-1,19,2,6,-1,0,1,0,0,0,0,1,1,-1,6,1,22,5,1398,1,13,VAUXHALL ASTRA,-1,-1,0,-1
2024052400972,2024,052400972,1,9,0,9,9,7,3,0,0,8,0,0,0,0,4,1,6,6,1,23,5,1598,2,7,VAUXHALL ASTRA,7,E01007245,0,1
2024010542646,2024,010542646,2,9,0,7,7,9,9,99,99,9,9,99,9,99,9,9,6,6,3,-1,-1,1199,1,1,VAUXHALL ASTRA,-1,-1,0,-1
2024991470725,2024,991470725,1,9,0,-1,4,1,5,-1,0,3,0,0,0,0,1,1,-1,6,2,53,8,1398,1,11,VAUXHALL ASTRA,7,-1,0,1
2024610034224,2024,610034224,1,9,0,18,19,3,7,0,0,0,0,0,0,0,1,1,6,6,1,55,8,1686,2,11,VAUXHALL ASTRA,8,W01001626,0,1
2024440500465,2024,440500465,2,9,0,9,9,2,1,0,0,8,0,0,0,0,0,1,6,6,2,32,6,1956,2,11,VAUXHALL ASTRA,5,E01022814,0,1
2024421411014,2024,421411014,2,9,0,-1,19,1,5,-1,0,0,0,0,0,0,1,1,-1,2,1,26,6,1796,1,17,VAUXHALL ASTRA,4,E01021698,0,1
2024052402481,2024,052402481,1,9,0,5,5,5,1,0,0,4,0,0,0,0,1,1,6,6,2,36,7,1364,1,15,VAUXHALL ASTRA,1,E01007290,0,1
2024501453148,2024,501453148,1,9,0,-1,19,6,2,-1,0,8,0,0,7,11,1,1,-1,9,1,19,4,1598,1,13,VAUXHALL ASTRA,8,E01015122,0,2
2024161477021,2024,161477021,4,9,0,-1,2,0,0,-1,0,2,0,0,0,0,3,1,-1,6,-1,-1,-1,1364,1,16,VAUXHALL ASTRA,-1,-1,0,-1
2024211405222,2024,211405222,2,9,0,-1,3,4,1,-1,0,1,0,0,0,0,3,1,-1,6,2,36,7,1398,1,9,VAUXHALL ASTRA,1,E01014222,0,1
202460Q032662,2024,60Q032662,1,9,0,18,19,1,5,0,0,0,0,0,0,0,1,1,6,6,1,53,8,1910,2,17,VAUXHALL ASTRA,-1,-1,0,-1
2024010547567,2024,010547567,1,9,0,2,2,9,9,99,99,0,9,99,9,99,1,9,2,2,2,37,7,1598,1,18,VAUXHALL ASTRA,4,E01004057,0,2
2024041477083,2024,041477083,2,9,0,-1,19,5,1,-1,0,8,0,0,3,0,4,2,-1,9,1,27,6,1398,1,9,VAUXHALL ASTRA,3,E01005015,0,3
2024010499560,2024,010499560,1,9,0,18,19,2,6,0,0,0,0,0,0,0,1,1,6,6,1,65,9,1598,1,19,VAUXHALL ASTRA,2,E01003190,0,2
2024010501735,2024,010501735,2,9,0,99,99,9,9,99,99,9,9,99,9,99,9,9,6,6,3,-1,-1,1598,1,11,VAUXHALL ASTRA,-1,-1,0,-1
2024131413846,2024,131413846,1,9,0,-1,19,1,1,-1,0,0,0,0,0,0,1,1,-1,9,1,88,11,1399,1,7,VAUXHALL ASTRA,9,E01011377,0,3
2024101426005,2024,101426005,2,9,0,-1,19,3,7,-1,0,1,0,0,0,0,1,1,-1,9,1,72,10,1956,2,11,VAUXHALL ASTRA,5,E01027365,0,3
2024552400953,2024,552400953,1,9,0,4,4,2,6,0,0,4,0,0,0,0,1,1,1,1,2,61,9,1598,2,8,VAUXHALL ASTRA,9,E01015322,0,1
2024411434310,2024,411434310,2,9,0,-1,19,-1,-1,-1,0,8,1,-1,-1,0,1,1,-1,2,1,32,6,1398,1,10,VAUXHALL ASTRA,6,E01017437,0,4
2024010550793,2024,010550793,1,9,4,99,99,9,9,99,99,9,9,99,9,99,3,9,6,6,1,27,6,1362,1,12,VAUXHALL ASTRA,4,E01001724,0,3
2024201537550,2024,201537550,2,9,0,-1,5,3,7,-1,0,8,0,0,0,0,1,1,-1,6,2,20,4,1362,1,12,VAUXHALL ASTRA,2,E01009391,0,1
2024411421102,2024,411421102,1,9,0,-1,19,2,6,-1,0,1,0,0,0,0,1,1,-1,2,1,34,6,1686,2,10,VAUXHALL ASTRA,6,E01023798,0,1
2024531507463,2024,531507463,1,9,0,-1,19,5,1,-1,9,0,0,0,0,0,1,1,-1,6,1,18,4,1598,1,18,VAUXHALL ASTRA,8,E01017821,0,5
2024440417671,2024,440417671,1,9,0,18,19,3,7,0,0,0,2,0,7,4,4,1,6,6,1,20,4,1796,1,17,VAUXHALL ASTRA,10,E01030868,0,2
2024302400707,2024,302400707,1,9,0,16,19,5,8,0,0,0,0,0,1,10,1,1,6,6,1,28,6,1956,2,9,VAUXHALL ASTRA,7,E01029825,0,4
2024052400667,2024,052400667,2,9,0,2,2,0,0,0,0,0,0,0,0,0,2,1,6,6,3,-1,-1,1598,2,8,VAUXHALL ASTRA,-1,-1,0,-1
2024361423184,2024,361423184,2,9,0,-1,9,4,1,-1,0,5,1,0,1,0,2,9,-1,6,2,31,6,1598,1,5,VAUXHALL ASTRA,8,E01026929,0,1
2024041472898,2024,041472898,1,9,0,-1,19,7,3,-1,0,0,2,0,0,0,4,1,-1,9,1,20,4,1364,1,8,VAUXHALL ASTRA,1,E01032912,0,4
2024320444477,2024,320444477,2,9,0,9,9,2,8,0,0,5,0,0,0,0,2,1,1,1,1,40,7,-1,-1,-1,VAUXHALL ASTRA,-1,-1,0,-1
2024131426888,2024,131426888,1,9,0,-1,4,3,7,-1,0,8,0,0,0,0,2,1,-1,9,2,34,6,1598,1,14,VAUXHALL ASTRA,2,E01010993,0,1
2024991474530,2024,991474530,1,9,0,-1,20,5,1,-1,0,0,0,0,0,0,0,1,-1,6,2,38,7,1598,1,13,VAUXHALL ASTRA,5,-1,0,2
2024411405507,2024,411405507,2,9,0,-1,19,1,5,-1,0,0,0,0,0,0,1,9,-1,1,1,54,8,1364,1,14,VAUXHALL ASTRA,6,E01023317,0,2
2024430156700,2024,430156700,2,9,0,18,19,8,4,0,0,8,0,0,0,0,1,1,6,6,2,55,8,1598,1,16,VAUXHALL ASTRA,7,E01034423,0,3
2024430558431,2024,430558431,1,9,0,2,2,0,0,0,0,1,0,0,0,0,3,1,6,6,1,45,7,1399,1,8,VAUXHALL ASTRA,5,E01016594,0,2
2024421455103,2024,421455103,1,9,0,-1,19,1,5,-1,0,1,0,0,0,0,4,9,-1,6,1,80,11,1598,2,11,VAUXHALL ASTRA,5,E01021644,0,1
2024131466652,2024,131466652,3,9,0,-1,2,0,0,-1,0,8,0,0,0,0,3,1,-1,6,-1,-1,-1,1686,2,11,VAUXHALL ASTRA,-1,-1,0,-1
2024052401860,2024,052401860,2,9,0,4,4,7,4,0,0,1,0,0,0,0,2,1,1,1,1,34,6,1956,2,13,VAUXHALL ASTRA,8,E01007002,0,1
2024991504184,2024,991504184,1,9,0,-1,19,7,3,-1,0,0,0,0,0,0,2,1,-1,6,1,58,9,1956,2,11,VAUXHALL ASTRA,-1,-1,0,-1
2024070137849,2024,070137849,1,9,0,18,19,3,7,0,0,0,0,0,0,0,1,1,1,1,1,24,5,1398,1,11,VAUXHALL ASTRA,2,W01000378,0,4
2024991436505,2024,991436505,1,9,0,-1,1,1,5,-1,0,2,0,0,0,0,2,1,-1,6,1,35,6,1598,1,18,VAUXHALL ASTRA,-1,-1,0,-1
2024461438954,2024,461438954,1,9,0,-1,19,5,1,-1,0,1,0,0,0,0,4,1,-1,6,1,30,6,1598,1,17,VAUXHALL ASTRA,2,E01016159,0,1
2024401401730,2024,401401730,1,9,0,-1,19,6,1,-1,0,0,0,0,1,2,1,9,-1,9,1,78,11,1398,1,11,VAUXHALL ASTRA,4,E01015796,0,1
2024010505875,2024,010505875,1,9,0,13,13,7,3,0,0,8,0,0,0,0,1,1,6,6,1,39,7,1399,1,5,VAUXHALL ASTRA,2,E01003507,0,1
2024991397490,2024,991397490,2,9,0,-1,19,1,6,-1,0,0,0,0,0,0,0,1,-1,6,1,28,6,1399,1,6,VAUXHALL ASTRA,4,-1,0,1
2024010517333,2024,010517333,1,9,0,7,7,5,7,0,0,5,0,7,0,0,1,1,6,6,1,22,5,1598,2,8,VAUXHALL ASTRA,5,E01000586,0,2
2024122500150,2024,122500150,1,9,0,7,7,8,3,0,0,4,0,0,0,0,1,1,2,2,1,25,5,1364,1,14,VAUXHALL ASTRA,1,E01035190,0,4
2024211491531,2024,211491531,1,9,0,-1,15,3,1,-1,0,0,0,0,0,0,3,1,-1,9,1,25,5,1686,2,12,VAUXHALL ASTRA,-1,-1,0,-1
2024101531210,2024,101531210,1,9,0,-1,19,1,1,-1,0,0,0,0,0,0,1,1,-1,9,2,29,6,1398,1,13,VAUXHALL ASTRA,1,E01027431,0,3
2024631506731,2024,631506731,1,9,0,-1,19,3,6,-1,0,0,0,0,1,11,4,1,-1,2,2,21,5,1364,1,16,VAUXHALL ASTRA,6,W01000709,0,2
2024631520796,2024,631520796,2,9,0,-1,19,5,2,-1,0,2,0,0,0,0,3,1,-1,9,1,28,6,1598,1,10,VAUXHALL ASTRA,5,W01000543,0,4
2024320485193,2024,320485193,1,9,0,-1,-1,2,6,0,0,2,0,0,0,0,3,1,6,6,1,31,6,1686,2,11,VAUXHALL ASTRA,7,E01026236,0,1
2024421452692,2024,421452692,1,9,0,-1,4,3,3,-1,0,0,0,0,0,0,1,1,-1,1,1,33,6,1956,2,12,VAUXHALL ASTRA,1,E01021323,0,1
2024371485625,2024,371485625,1,9,0,-1,19,5,-1,-1,0,1,0,0,0,0,1,1,-1,6,1,38,7,1796,1,15,VAUXHALL ASTRA,7,E01030003,0,1
2024010505680,2024,010505680,1,9,0,9,9,7,5,0,0,8,0,0,0,0,1,1,6,6,1,24,5,1598,2,7,VAUXHALL ASTRA,2,E01002505,0,1
2024340NN0582,2024,340NN0582,1,9,0,-1,19,1,5,-1,0,4,5,7,3,10,1,1,-1,9,2,22,5,1598,1,16,VAUXHALL ASTRA,2,E01026951,0,3
2024201530818,2024,201530818,1,9,0,-1,19,4,8,-1,0,0,0,0,0,0,1,1,-1,6,1,42,7,1598,2,7,VAUXHALL ASTRA,1,E01009748,0,1
2024010550344,2024,010550344,1,9,0,18,19,1,5,0,0,8,0,0,3,0,1,1,6,6,1,29,6,1598,1,9,VAUXHALL ASTRA,4,E01003353,0,3
2024531502672,2024,531502672,1,9,0,-1,19,6,2,-1,0,2,0,0,0,0,1,1,-1,6,2,30,6,1598,2,8,VAUXHALL ASTRA,5,E01032391,0,4
2024311469028,2024,311469028,1,9,0,-1,19,7,2,-1,0,2,0,0,0,0,1,1,-1,2,1,46,8,1796,1,15,VAUXHALL ASTRA,3,E01028020,0,1
2024010540574,2024,010540574,1,9,0,18,19,6,2,0,0,2,0,0,0,0,1,1,6,6,1,57,9,1598,1,19,VAUXHALL ASTRA,-1,-1,0,-1
2024302400322,2024,302400322,1,9,0,18,19,5,1,0,0,0,0,0,0,0,1,1,6,6,3,-1,-1,1598,1,11,VAUXHALL ASTRA,5,E01019456,0,3
2024311437163,2024,311437163,2,9,0,-1,9,1,2,-1,0,1,1,0,0,0,3,1,-1,2,1,23,5,1796,1,15,VAUXHALL ASTRA,8,E01007599,0,3
2024211523882,2024,211523882,1,9,0,-1,19,7,3,-1,0,0,5,10,1,11,1,1,-1,9,2,20,4,1598,1,17,VAUXHALL ASTRA,3,E01029804,0,3
2024010514498,2024,010514498,2,9,0,99,99,9,9,99,99,9,9,99,9,99,9,9,6,6,1,30,6,1796,1,17,VAUXHALL ASTRA,6,E01000264,0,1
2024101447896,2024,101447896,2,9,0,-1,19,7,3,-1,0,0,0,0,0,0,2,1,-1,9,2,27,6,1248,2,16,VAUXHALL ASTRA,-1,-1,0,-1
2024320002994,2024,320002994,1,9,0,-1,-1,5,1,0,0,0,1,0,1,9,1,1,-1,-1,1,27,6,1998,1,14,VAUXHALL ASTRA,6,E01013163,0,2
2024522401977,2024,522401977,2,9,0,2,2,0,0,0,0,0,0,0,0,0,1,1,6,6,3,-1,-1,1398,1,9,VAUXHALL ASTRA,-1,-1,0,-1
2024401471165,2024,401471165,1,9,0,-1,5,7,6,-1,0,0,0,0,0,0,0,1,-1,6,1,57,9,1796,1,14,VAUXHALL ASTRA,3,E01017618,0,1
2024061397557,2024,061397557,1,9,0,-1,19,5,1,-1,0,2,0,0,0,0,1,1,-1,9,1,56,9,1598,2,9,VAUXHALL ASTRA,1,E01005198,0,1
2024471431848,2024,471431848,1,9,0,-1,9,5,1,-1,0,1,0,0,0,0,1,1,-1,2,1,37,7,1364,1,15,VAUXHALL ASTRA,3,E01021092,0,2
2024201473855,2024,201473855,1,9,0,-1,19,2,6,-1,0,1,0,0,0,0,1,1,-1,6,2,51,8,1598,1,10,VAUXHALL ASTRA,1,E01010455,0,1
2024041399545,2024,041399545,1,9,0,-1,4,5,1,-1,0,0,0,0,0,0,2,2,-1,2,2,44,7,1956,2,13,VAUXHALL ASTRA,8,E01025416,0,1
2024010499158,2024,010499158,2,9,0,99,99,9,9,99,99,9,9,99,9,99,1,9,6,6,3,25,5,1398,1,14,VAUXHALL ASTRA,4,E01002650,0,1
2024041481740,2024,041481740,1,9,0,-1,7,1,7,-1,0,8,0,0,0,0,4,1,-1,6,2,34,6,1686,2,14,VAUXHALL ASTRA,4,E01012633,0,1
2024622400229,2024,622400229,1,9,0,18,19,8,4,0,0,0,1,0,0,0,1,1,6,6,3,-1,-1,1686,2,14,VAUXHALL ASTRA,-1,-1,0,-1
2024471417438,2024,471417438,1,9,0,-1,4,1,5,-1,0,1,0,0,0,0,1,1,-1,9,2,41,7,1598,1,10,VAUXHALL ASTRA,8,E01021221,0,1
2024131444895,2024,131444895,1,9,0,-1,19,5,1,-1,0,1,0,0,0,0,1,1,-1,9,1,28,6,1364,1,18,VAUXHALL ASTRA,1,E01011101,0,1
2024451439468,2024,451439468,2,9,0,-1,2,5,1,-1,0,0,1,0,1,11,1,1,-1,6,-1,-1,-1,1598,2,8,VAUXHALL ASTRA,-1,-1,0,-1
2024302400602,2024,302400602,2,9,0,18,19,8,4,0,0,8,0,0,0,0,1,1,2,2,1,46,8,1796,1,17,VAUXHALL ASTRA,1,E01013920,0,4