collision_index,collision_year,collision_ref_no,vehicle_reference,vehicle_type,towing_and_articulation,vehicle_manoeuvre_historic,vehicle_manoeuvre,vehicle_direction_from,vehicle_direction_to,vehicle_location_restricted_lane_historic,vehicle_location_restricted_lane,junction_location,skidding_and_overturning,hit_object_in_carriageway,vehicle_leaving_carriageway,hit_object_off_carriageway,first_point_of_impact,vehicle_left_hand_drive,journey_purpose_of_driver_historic,journey_purpose_of_driver,sex_of_driver,age_of_driver,age_band_of_driver,engine_capacity_cc,propulsion_code,age_of_vehicle,generic_make_model,driver_imd_decile,lsoa_of_driver,escooter_flag,driver_distance_banding
2024231451162,2024,231451162,2,9,0,-1,19,2,6,-1,0,0,0,0,0,0,0,1,-1,1,1,39,7,1598,2,7,VAUXHALL ASTRA,5,E01031171,0,2
2024161421245,2024,161421245,2,9,0,-1,4,1,5,-1,0,0,0,0,0,0,2,1,-1,1,1,49,8,1598,2,8,VAUXHALL ASTRA,9,E01013110,0,1
2024201444584,2024,201444584,1,9,0,-1,1,1,1,-1,0,0,0,0,0,0,2,1,-1,6,1,22,5,1686,2,13,VAUXHALL ASTRA,-1,-1,0,-1
2024211410775,2024,211410775,1,9,0,-1,19,5,8,-1,0,0,0,10,1,0,1,1,-1,6,1,78,11,1496,2,3,VAUXHALL ASTRA,1,E01029554,0,1
2024041430635,2024,041430635,2,9,0,-1,9,1,3,-1,0,1,0,0,0,0,3,1,-1,9,1,37,7,1364,1,15,VAUXHALL ASTRA,1,E01012751,0,1
2024201476698,2024,201476698,1,9,0,-1,19,2,6,-1,0,0,0,0,0,0,1,1,-1,6,1,20,4,1598,2,8,VAUXHALL ASTRA,1,E01010017,0,1
2024461496994,2024,461496994,1,9,0,-1,19,4,8,-1,0,0,1,0,0,0,1,1,-1,1,1,43,7,1598,1,6,VAUXHALL ASTRA,9,E01024720,0,1
2024371517614,2024,371517614,2,9,0,-1,3,3,7,-1,0,0,0,0,0,0,2,1,-1,9,1,54,8,1598,1,15,VAUXHALL ASTRA,8,E01021382,0,4
2024031441492,2024,031441492,1,9,0,-1,19,2,5,-1,0,1,0,0,0,0,1,1,-1,6,1,63,9,1364,1,8,VAUXHALL ASTRA,2,E01019138,0,1
2024461442388,2024,461442388,1,9,0,-1,10,5,4,-1,9,0,0,0,0,0,4,2,-1,9,1,78,11,-1,-1,-1,VAUXHALL ASTRA,8,E01016105,0,1
2024201531937,2024,201531937,1,9,0,-1,19,7,3,-1,0,0,0,0,0,0,1,1,-1,9,1,35,6,1398,1,9,VAUXHALL ASTRA,6,E01009681,0,1
2024541897424,2024,541897424,2,9,0,3,3,7,3,0,0,0,0,0,0,0,2,1,6,6,1,25,5,1399,1,5,VAUXHALL ASTRA,5,E01007152,0,5
2024430477659,2024,430477659,1,9,0,18,19,2,6,0,0,0,0,0,0,0,1,1,6,6,1,83,11,1399,1,8,VAUXHALL ASTRA,8,E01023850,0,4
2024471404514,2024,471404514,1,9,0,-1,19,3,7,-1,0,1,0,0,0,0,1,1,-1,9,1,23,5,1399,1,7,VAUXHALL ASTRA,9,E01031496,0,3
2024131448232,2024,131448232,1,9,0,-1,19,7,3,-1,0,1,0,0,0,0,2,1,-1,6,1,40,7,1598,1,13,VAUXHALL ASTRA,8,E01007705,0,4
2024361496732,2024,361496732,2,9,0,-1,4,3,7,-1,0,0,0,4,0,0,2,1,-1,2,2,65,9,1598,1,13,VAUXHALL ASTRA,5,E01026873,0,2
2024320015800,2024,320015800,1,9,0,18,19,2,7,0,0,8,0,0,0,0,4,1,-1,-1,1,78,11,1364,1,17,VAUXHALL ASTRA,5,E01026018,0,1
2024411416885,2024,411416885,1,9,-1,-1,-1,-1,-1,-1,-1,0,-1,-1,-1,0,-1,9,-1,6,1,-1,-1,1796,1,16,VAUXHALL ASTRA,-1,-1,0,-1
2024010535235,2024,010535235,3,9,0,18,19,7,3,0,0,1,5,0,0,0,1,1,6,6,1,30,6,1598,1,19,VAUXHALL ASTRA,2,E01000931,0,2
2024501463165,2024,501463165,1,9,0,-1,13,5,1,-1,0,1,0,0,1,11,1,1,-1,6,1,29,6,1686,2,12,VAUXHALL ASTRA,1,E01015255,0,1
2024311427699,2024,311427699,1,9,0,-1,8,3,5,-1,0,1,0,0,0,0,4,1,-1,2,2,59,9,1796,1,17,VAUXHALL ASTRA,2,E01013813,0,1
2024991401362,2024,991401362,1,9,0,-1,11,1,6,-1,0,0,5,6,0,0,4,1,-1,9,1,60,9,1598,1,11,VAUXHALL ASTRA,7,-1,0,3
2024451506835,2024,451506835,1,9,0,-1,19,-1,-1,-1,0,1,0,0,0,0,1,1,-1,6,3,-1,-1,1364,1,14,VAUXHALL ASTRA,-1,-1,0,-1
2024991407220,2024,991407220,1,9,0,-1,7,7,2,-1,0,5,0,0,7,0,1,1,-1,6,1,32,6,1399,1,8,VAUXHALL ASTRA,2,-1,0,1
2024991512267,2024,991512267,1,9,0,-1,19,7,3,-1,0,2,0,4,0,0,1,1,-1,9,1,93,11,1364,1,15,VAUXHALL ASTRA,3,-1,0,1
2024361405256,2024,361405256,2,9,0,-1,4,2,3,-1,0,8,0,0,0,0,1,1,-1,1,1,34,6,1598,2,5,VAUXHALL ASTRA,6,E01026797,0,1
2024070605782,2024,070605782,1,9,0,7,7,5,7,0,0,5,0,0,0,0,4,1,6,6,2,43,7,1364,1,17,VAUXHALL ASTRA,-1,-1,0,-1
2024010547218,2024,010547218,1,3,0,-1,-1,7,3,0,0,1,1,0,0,0,1,1,6,6,1,36,7,1598,1,14,VAUXHALL ASTRA,3,E01000465,0,1
2024440053781,2024,440053781,1,9,0,9,9,7,5,0,0,8,0,0,0,0,3,1,2,2,1,23,5,1399,1,5,VAUXHALL ASTRA,10,E01022898,0,1
2024010535988,2024,010535988,3,9,0,2,2,0,0,0,0,1,0,0,0,0,3,1,6,6,3,-1,-1,1598,1,18,VAUXHALL ASTRA,-1,-1,0,-1
2024131461399,2024,131461399,2,9,0,-1,19,1,5,-1,0,8,0,0,0,0,1,1,-1,6,1,43,7,1598,2,8,VAUXHALL ASTRA,2,E01011900,0,1
2024101444166,2024,101444166,1,9,0,-1,3,1,5,-1,0,1,0,0,0,0,1,9,-1,6,2,-1,-1,1399,1,5,VAUXHALL ASTRA,-1,-1,0,-1
2024351452539,2024,351452539,1,9,0,-1,19,8,4,-1,0,0,0,0,0,0,1,1,-1,9,1,33,6,1598,1,14,VAUXHALL ASTRA,-1,-1,0,-1
2024461451090,2024,461451090,2,9,0,-1,19,-1,-1,-1,0,8,0,0,0,0,2,9,-1,6,1,60,9,1499,2,1,VAUXHALL ASTRA,4,E01024843,0,1
2024010497325,2024,010497325,1,9,0,3,3,5,1,0,0,1,0,0,0,0,4,1,2,2,2,35,6,1796,1,16,VAUXHALL ASTRA,7,E01004164,0,1
2024471403121,2024,471403121,1,9,0,-1,19,2,6,-1,0,0,0,0,0,0,3,9,-1,6,1,57,9,1686,2,21,VAUXHALL ASTRA,1,E01020995,0,2
2024501447781,2024,501447781,1,9,0,-1,5,3,5,-1,0,6,0,0,0,0,1,1,-1,9,1,58,9,-1,-1,-1,VAUXHALL ASTRA,6,E01020246,0,1
2024122400513,2024,122400513,3,9,0,2,2,0,0,0,0,1,0,0,0,0,2,1,6,6,3,-1,-1,1399,1,8,VAUXHALL ASTRA,-1,-1,0,-1
2024371504802,2024,371504802,2,9,0,-1,19,5,1,-1,0,0,0,0,0,0,3,1,-1,6,1,42,7,1364,1,14,VAUXHALL ASTRA,8,E01023365,0,5
2024461460424,2024,461460424,1,9,0,-1,19,5,8,-1,0,2,0,0,3,0,3,1,-1,9,1,18,4,1598,1,14,VAUXHALL ASTRA,3,E01016047,0,1
2024061431154,2024,061431154,2,9,0,-1,4,3,7,-1,0,0,0,0,0,0,2,1,-1,6,1,42,7,1956,2,13,VAUXHALL ASTRA,-1,-1,0,-1
2024041499020,2024,041499020,1,9,0,-1,19,5,1,-1,0,1,0,0,0,0,1,1,-1,9,2,29,6,1598,8,2,VAUXHALL ASTRA,7,E01024990,0,2
2024141421342,2024,141421342,1,9,0,-1,9,7,4,-1,0,1,5,0,0,0,1,1,-1,6,2,34,6,1598,1,14,VAUXHALL ASTRA,5,E01008005,0,1
2024010525176,2024,010525176,1,9,0,18,19,3,7,0,0,1,1,0,0,0,1,1,6,6,1,30,6,1399,1,6,VAUXHALL ASTRA,4,E01003020,0,1
2024010547731,2024,010547731,2,9,0,99,99,9,9,99,99,9,9,99,9,99,1,9,6,6,2,33,6,1399,1,6,VAUXHALL ASTRA,5,E01001038,0,1
2024010502116,2024,010502116,3,9,0,18,19,7,3,0,0,0,9,99,9,99,1,2,6,6,1,59,9,1364,1,8,VAUXHALL ASTRA,9,E01033022,0,4
2024351405551,2024,351405551,1,9,0,-1,19,1,5,-1,0,0,0,0,0,0,1,9,-1,6,3,-1,-1,1399,1,8,VAUXHALL ASTRA,-1,-1,0,-1
202454C960524,2024,54C960524,1,9,0,2,2,0,0,0,0,1,0,0,0,0,1,1,6,6,1,18,4,1598,1,17,VAUXHALL ASTRA,9,E01031883,0,1
2024461532303,2024,461532303,2,9,0,-1,13,5,1,-1,0,0,0,0,0,0,2,1,-1,6,1,40,7,1598,1,17,VAUXHALL ASTRA,5,E01021263,0,4
2024471430713,2024,471430713,2,9,0,-1,19,8,4,-1,0,2,0,0,0,0,2,1,-1,6,2,37,7,1796,1,16,VAUXHALL ASTRA,2,E01034826,0,1
2024122400360,2024,122400360,1,9,0,18,19,3,7,0,0,0,0,0,0,0,1,1,6,6,1,42,7,1598,1,11,VAUXHALL ASTRA,7,E01011299,0,3
2024010502274,2024,010502274,1,9,0,4,4,5,1,0,0,0,0,0,0,0,2,1,6,6,1,27,6,1598,1,14,VAUXHALL ASTRA,4,E01016503,0,1
2024361429235,2024,361429235,1,9,0,-1,1,4,2,-1,0,0,0,0,0,0,2,1,-1,6,2,28,6,1956,2,8,VAUXHALL ASTRA,9,E01034765,0,4
2024010538206,2024,010538206,3,9,0,9,9,7,6,0,0,1,0,0,0,0,0,1,1,1,1,31,6,1399,2,5,VAUXHALL ASTRA,-1,-1,0,-1
2024101481005,2024,101481005,2,9,0,-1,19,6,2,-1,0,8,0,0,0,0,1,1,-1,1,2,42,7,1598,1,9,VAUXHALL ASTRA,2,E01008601,0,1
2024131518211,2024,131518211,2,9,0,-1,9,2,3,-1,0,5,0,0,0,0,4,1,-1,6,1,45,7,1248,2,16,VAUXHALL ASTRA,2,E01033689,0,1
2024332400193,2024,332400193,1,9,0,-1,5,3,7,-1,0,6,0,0,0,0,1,1,-1,9,1,21,5,1398,1,9,VAUXHALL ASTRA,2,E01025700,0,3
2024451498348,2024,451498348,2,9,0,-1,19,5,1,-1,0,0,0,0,0,0,2,1,-1,9,1,77,11,1598,1,9,VAUXHALL ASTRA,4,E01003102,0,4
2024631434893,2024,631434893,1,9,0,-1,19,2,6,-1,0,0,0,6,1,11,1,1,-1,6,1,42,7,1956,2,11,VAUXHALL ASTRA,7,W01000556,0,2
2024141423372,2024,141423372,1,9,0,-1,19,7,3,-1,0,0,0,0,0,0,1,1,-1,2,1,21,5,1956,2,11,VAUXHALL ASTRA,1,E01008118,0,1
2024622400596,2024,622400596,3,9,0,17,19,7,4,0,0,0,0,0,0,0,2,2,6,6,1,53,8,1686,2,13,VAUXHALL ASTRA,3,W01001271,0,2
2024131445771,2024,131445771,1,9,0,-1,19,5,1,-1,0,8,0,0,0,0,4,1,-1,6,1,49,8,1796,1,14,VAUXHALL ASTRA,2,E01033692,0,1
2024520403436,2024,520403436,1,9,0,7,7,2,5,0,0,1,2,0,7,1,1,1,6,6,1,18,4,1796,1,18,VAUXHALL ASTRA,5,E01029257,0,3
2024010537276,2024,010537276,1,9,0,7,7,5,7,6,6,8,0,0,0,0,3,1,2,2,1,52,8,1598,1,16,VAUXHALL ASTRA,2,E01001788,0,1
2024361535979,2024,361535979,2,9,0,-1,19,-1,-1,-1,0,4,9,99,0,0,4,1,-1,1,1,29,6,1598,2,8,VAUXHALL ASTRA,9,E01026576,0,1
2024311520881,2024,311520881,2,9,0,-1,15,7,3,-1,0,0,0,4,0,0,1,1,-1,9,1,44,7,1598,2,10,VAUXHALL ASTRA,10,E01033390,0,1
2024010503800,2024,010503800,2,9,9,99,99,9,9,99,99,9,9,99,9,99,9,9,6,6,3,-1,-1,1598,1,12,VAUXHALL ASTRA,-1,-1,0,-1
2024991421558,2024,991421558,1,9,0,-1,19,3,7,-1,0,8,0,0,0,0,1,1,-1,6,1,54,8,1199,1,0,VAUXHALL ASTRA,1,-1,0,1
202460Q087135,2024,60Q087135,2,9,0,17,19,7,3,0,0,0,0,0,1,0,1,1,6,6,1,55,8,1399,1,6,VAUXHALL ASTRA,-1,-1,0,-1
2024161426603,2024,161426603,1,9,0,-1,19,6,2,-1,0,0,0,0,0,0,1,1,-1,9,1,33,6,1399,1,8,VAUXHALL ASTRA,7,E01013292,0,2
2024010508264,2024,010508264,1,9,0,15,15,1,5,0,0,1,0,0,0,0,1,1,6,6,3,-1,-1,1598,1,12,VAUXHALL ASTRA,-1,-1,0,-1
2024471510954,2024,471510954,1,9,0,-1,19,6,2,-1,0,0,0,0,0,0,1,1,-1,6,1,-1,-1,1910,2,18,VAUXHALL ASTRA,1,E01020980,0,1
2024451395676,2024,451395676,2,9,0,-1,9,3,7,-1,0,8,0,0,0,0,3,1,-1,9,1,49,8,1598,1,8,VAUXHALL ASTRA,7,E01030520,0,1
2024052401702,2024,052401702,2,9,0,7,7,6,8,0,0,4,0,0,0,0,4,1,6,6,1,24,5,1399,1,5,VAUXHALL ASTRA,10,E01006985,0,3
2024010507428,2024,010507428,1,9,0,18,19,3,7,0,0,8,0,0,0,0,4,1,6,6,1,28,6,1398,1,10,VAUXHALL ASTRA,6,E01000979,0,1
2024430515330,2024,430515330,1,9,0,9,9,4,2,0,0,2,0,0,0,0,1,1,6,6,3,47,8,1598,1,12,VAUXHALL ASTRA,-1,-1,0,-1
2024340WN6712,2024,340WN6712,1,9,0,-1,13,3,7,-1,0,3,0,0,0,0,3,1,-1,6,1,-1,-1,1362,1,11,VAUXHALL ASTRA,-1,-1,0,-1
2024070822386,2024,070822386,2,9,0,-1,19,1,5,-1,0,0,0,0,0,0,1,1,-1,2,2,32,6,1686,2,13,VAUXHALL ASTRA,8,E01012386,0,1
2024351440787,2024,351440787,1,9,-1,-1,9,7,5,-1,0,6,0,0,0,0,1,1,-1,6,3,-1,-1,1598,1,14,VAUXHALL ASTRA,-1,-1,0,-1
2024991404103,2024,991404103,2,9,0,-1,5,8,5,-1,0,8,1,0,0,0,1,1,-1,9,1,40,7,1598,2,9,VAUXHALL ASTRA,9,-1,0,1
2024320476377,2024,320476377,3,9,0,-1,-1,3,7,0,0,1,0,0,0,0,1,1,-1,-1,2,31,6,1598,2,9,VAUXHALL ASTRA,7,E01026338,0,1
2024471423345,2024,471423345,1,9,0,-1,19,4,8,-1,0,0,0,0,0,0,1,1,-1,2,1,79,11,1399,1,5,VAUXHALL ASTRA,10,E01031748,0,2
2024010507628,2024,010507628,1,9,0,18,19,1,5,0,0,1,0,0,0,0,4,1,2,2,1,59,9,1598,1,9,VAUXHALL ASTRA,7,E01016217,0,4
2024440249991,2024,440249991,2,9,0,5,5,3,7,0,0,4,0,0,0,0,1,1,6,6,2,-1,-1,1956,2,10,VAUXHALL ASTRA,9,E01023094,0,1
2024010541017,2024,010541017,2,9,0,99,99,9,9,99,99,9,9,99,9,99,1,9,6,6,1,36,7,1364,1,10,VAUXHALL ASTRA,2,E01000015,0,1
2024201530485,2024,201530485,1,9,0,-1,19,2,2,-1,0,8,0,0,0,0,1,1,-1,6,1,44,7,1796,1,15,VAUXHALL ASTRA,2,E01010240,0,1
2024031401693,2024,031401693,1,9,0,-1,19,7,3,-1,0,0,0,0,0,0,1,9,-1,9,1,25,5,1598,1,15,VAUXHALL ASTRA,2,E01019115,0,1
2024061481054,2024,061481054,1,9,0,-1,19,7,3,-1,0,1,1,0,0,0,1,1,-1,9,1,55,8,1998,1,18,VAUXHALL ASTRA,1,E01006296,0,1
2024340NN0762,2024,340NN0762,2,9,0,-1,9,5,1,-1,0,0,0,0,7,0,3,1,-1,2,1,45,7,-1,-1,-1,VAUXHALL ASTRA,3,E01009118,0,4
2024041422677,2024,041422677,1,9,0,-1,19,1,5,-1,0,0,0,0,8,0,1,1,-1,9,2,42,7,1398,1,10,VAUXHALL ASTRA,1,E01012619,0,1
2024010549098,2024,010549098,2,9,0,18,19,1,5,0,0,1,0,0,0,0,1,1,6,6,1,-1,-1,1598,1,13,VAUXHALL ASTRA,-1,-1,0,-1
2024320053791,2024,320053791,1,9,0,-1,-1,6,2,0,0,8,2,0,3,9,1,1,-1,-1,1,18,4,1686,2,12,VAUXHALL ASTRA,-1,-1,0,-1
2024010538582,2024,010538582,2,9,0,99,99,9,9,99,99,9,9,99,9,99,2,9,6,6,3,-1,-1,1398,1,13,VAUXHALL ASTRA,3,E01002774,0,1
2024332400371,2024,332400371,2,9,0,-1,1,7,3,-1,0,0,0,0,0,0,2,1,-1,6,1,31,6,1598,2,8,VAUXHALL ASTRA,3,E01013742,0,1
2024010549491,2024,010549491,1,9,9,99,99,9,9,99,99,9,9,99,9,99,9,9,6,6,3,-1,-1,1399,1,7,VAUXHALL ASTRA,-1,-1,0,-1
2024010519332,2024,010519332,1,9,0,4,4,5,1,0,0,0,0,0,0,0,2,1,6,6,1,30,6,1796,1,16,VAUXHALL ASTRA,3,E01003615,0,1
2024332400713,2024,332400713,2,9,0,-1,9,5,3,-1,0,6,0,0,7,9,3,1,-1,1,2,22,5,1499,2,1,VAUXHALL ASTRA,8,E01029577,0,5
2024201420073,2024,201420073,2,9,0,-1,3,2,6,-1,0,1,0,0,0,0,1,1,-1,6,1,44,7,1598,2,7,VAUXHALL ASTRA,-1,-1,0,-1
2024501416511,2024,501416511,1,9,0,-1,19,3,7,-1,0,2,0,0,0,0,1,1,-1,9,2,69,10,1956,2,13,VAUXHALL ASTRA,7,E01020219,0,1
2024461447885,2024,461447885,1,9,0,-1,9,1,7,-1,0,6,1,0,0,0,3,1,-1,9,1,23,5,-1,-1,-1,VAUXHALL ASTRA,-1,-1,0,-1
2024041452213,2024,041452213,1,9,0,-1,5,5,1,-1,0,0,0,0,0,0,1,1,-1,2,2,35,6,1598,2,7,VAUXHALL ASTRA,9,E01025316,0,3
2024131491721,2024,131491721,1,9,0,-1,19,4,7,-1,0,0,1,0,5,1,1,1,-1,9,1,58,9,1796,1,19,VAUXHALL ASTRA,2,E01011913,0,2
2024070220493,2024,070220493,1,9,0,3,3,1,3,0,0,1,0,0,0,0,1,1,6,6,2,37,7,1598,1,16,VAUXHALL ASTRA,5,E01034659,0,2
2024061400982,2024,061400982,1,9,0,-1,19,1,5,-1,0,8,0,0,0,0,1,1,-1,9,1,47,8,1398,1,9,VAUXHALL ASTRA,1,E01005430,0,1
2024991397735,2024,991397735,2,9,0,-1,2,8,8,-1,0,6,0,0,0,0,2,1,-1,6,-1,-1,-1,1686,2,13,VAUXHALL ASTRA,-1,-1,0,-1
2024302401252,2024,302401252,2,9,0,18,19,4,8,0,0,8,0,0,0,0,1,1,6,6,1,42,7,1362,1,12,VAUXHALL ASTRA,5,E01013898,0,2
2024221498981,2024,221498981,1,9,0,-1,4,6,2,-1,0,8,0,0,0,0,1,9,-1,6,2,24,5,1796,1,17,VAUXHALL ASTRA,7,E01032147,0,1
2024440404246,2024,440404246,2,9,0,9,9,4,2,0,0,5,0,0,0,0,4,1,2,2,2,51,8,1686,2,16,VAUXHALL ASTRA,2,E01022900,0,1
2024010524131,2024,010524131,2,9,0,99,99,9,9,99,99,9,9,99,9,99,1,9,6,6,2,43,7,1796,1,18,VAUXHALL ASTRA,5,E01001659,0,1
2024061434817,2024,061434817,2,9,0,-1,5,5,1,-1,0,2,0,0,0,0,3,1,-1,9,1,71,10,1364,1,8,VAUXHALL ASTRA,1,E01006306,0,2
2024041435320,2024,041435320,1,9,0,-1,19,1,5,-1,0,0,0,0,0,0,1,1,-1,2,2,37,7,1364,1,17,VAUXHALL ASTRA,4,E01025335,0,1
2024201491647,2024,201491647,1,9,0,-1,19,7,3,-1,0,0,0,0,0,0,1,1,-1,6,1,53,8,1399,1,6,VAUXHALL ASTRA,4,E01010426,0,1
2024221481099,2024,221481099,1,9,0,-1,7,5,7,-1,0,6,1,0,3,0,3,1,-1,6,1,39,7,1598,2,7,VAUXHALL ASTRA,2,E01009095,0,4
2024161416569,2024,161416569,1,9,0,-1,6,1,3,-1,0,1,0,0,0,0,3,1,-1,9,1,35,6,1598,1,16,VAUXHALL ASTRA,-1,-1,0,-1
2024520402403,2024,520402403,2,9,0,99,99,9,9,0,0,6,0,0,0,0,1,1,6,6,1,28,6,1598,1,17,VAUXHALL ASTRA,8,E01029182,0,4
2024311472511,2024,311472511,1,9,0,-1,19,5,1,-1,0,6,0,0,0,0,3,1,-1,6,2,76,11,1686,2,13,VAUXHALL ASTRA,6,E01028175,0,1
2024311399625,2024,311399625,2,9,0,-1,10,7,3,-1,0,0,0,0,0,0,1,1,-1,9,2,44,7,1598,1,14,VAUXHALL ASTRA,3,E01033397,0,1
2024141466601,2024,141466601,2,9,0,-1,4,2,6,-1,0,4,0,0,0,0,1,1,-1,2,1,64,9,1364,1,6,VAUXHALL ASTRA,8,E01008025,0,1
2024122401216,2024,122401216,2,9,0,18,19,1,5,0,0,8,0,0,0,0,1,1,6,6,1,21,5,1598,1,16,VAUXHALL ASTRA,8,E01027836,0,1
2024201495124,2024,201495124,1,9,0,-1,7,3,5,-1,0,1,0,0,0,0,1,1,-1,6,1,58,9,1598,1,9,VAUXHALL ASTRA,5,E01010014,0,1
2024421396284,2024,421396284,2,9,0,-1,19,6,2,-1,0,1,0,0,0,0,2,1,-1,1,2,47,8,1598,2,8,VAUXHALL ASTRA,7,E01021544,0,4
2024451480174,2024,451480174,1,9,0,-1,14,1,5,-1,0,1,0,0,0,0,0,1,-1,9,2,26,6,1598,2,6,VAUXHALL ASTRA,9,E01030830,0,4
2024052401068,2024,052401068,1,9,0,4,4,6,8,0,0,0,0,0,0,0,0,1,6,6,1,51,8,1399,1,8,VAUXHALL ASTRA,2,E01034832,0,2
2024201414937,2024,201414937,2,9,0,-1,3,4,8,-1,0,8,0,0,0,0,2,1,-1,6,2,56,9,1598,1,11,VAUXHALL ASTRA,1,E01034309,0,2
2024010545947,2024,010545947,2,9,9,99,99,9,9,9,9,6,9,99,9,99,9,9,6,6,3,22,5,1598,1,13,VAUXHALL ASTRA,6,E01001908,0,2
2024161518632,2024,161518632,2,8,0,-1,19,1,5,-1,0,0,1,0,7,11,1,9,-1,1,1,-1,-1,1399,1,7,VAUXHALL ASTRA,-1,-1,0,-1
2024461460486,2024,461460486,2,9,0,-1,19,5,7,-1,0,0,0,0,0,0,1,9,-1,6,2,50,8,1398,1,12,VAUXHALL ASTRA,2,E01024247,0,1
2024010541567,2024,010541567,1,9,0,4,4,1,5,0,0,1,0,0,0,0,2,1,6,6,1,17,4,1598,1,10,VAUXHALL ASTRA,2,E01003324,0,1
2024141403774,2024,141403774,1,9,0,-1,9,1,5,-1,0,0,0,0,0,0,4,1,-1,9,1,33,6,1398,1,14,VAUXHALL ASTRA,1,E01008122,0,2
2024231500651,2024,231500651,1,9,0,-1,9,8,6,-1,0,5,0,0,0,0,1,9,-1,6,1,22,5,1598,1,14,VAUXHALL ASTRA,4,E01031133,0,1
2024010515756,2024,010515756,2,9,0,99,99,9,9,99,99,9,9,99,9,99,9,9,6,6,3,-1,-1,1598,1,12,VAUXHALL ASTRA,-1,-1,0,-1
2024320478121,2024,320478121,1,9,0,-1,-1,2,6,0,0,2,0,0,0,0,4,1,6,6,1,69,10,1686,2,13,VAUXHALL ASTRA,6,E01026315,0,2
2024221525967,2024,221525967,2,9,0,-1,3,3,7,-1,0,0,0,0,0,0,2,1,-1,2,2,43,7,1199,1,3,VAUXHALL ASTRA,4,E01032409,0,3
2024010530043,2024,010530043,2,9,0,6,6,3,3,0,0,0,0,0,0,0,4,1,6,6,2,37,7,1598,1,10,VAUXHALL ASTRA,-1,-1,0,-1
2024141518725,2024,141518725,1,9,0,-1,19,5,7,-1,0,6,0,0,0,0,1,1,-1,6,3,-1,-1,1686,2,13,VAUXHALL ASTRA,-1,-1,0,-1
2024401471947,2024,401471947,2,9,0,-1,19,7,7,-1,0,6,0,0,0,0,2,1,-1,6,2,43,7,999,1,8,VAUXHALL ASTRA,7,E01015719,0,1
2024451506448,2024,451506448,2,9,0,-1,4,5,1,-1,0,0,0,0,0,0,2,1,-1,7,2,46,8,1399,1,5,VAUXHALL ASTRA,7,E01030850,0,2
2024131509056,2024,131509056,1,9,0,-1,19,5,1,-1,0,8,0,0,1,0,1,1,-1,6,2,38,7,1598,1,18,VAUXHALL ASTRA,2,E01027850,0,5
202460Q190948,2024,60Q190948,2,9,0,8,8,7,1,0,0,1,0,0,0,0,1,1,6,6,2,40,7,1686,2,10,VAUXHALL ASTRA,-1,-1,0,-1
2024010523696,2024,010523696,2,9,0,99,99,9,9,99,99,9,9,99,9,99,9,9,6,6,3,29,6,1598,1,13,VAUXHALL ASTRA,-1,-1,0,-1
2024231401098,2024,231401098,4,9,0,-1,3,5,1,-1,0,0,0,0,0,0,2,1,-1,6,1,-1,-1,1362,1,12,VAUXHALL ASTRA,6,E01032237,0,2
2024302400643,2024,302400643,1,9,0,18,19,7,3,0,0,8,0,0,0,0,4,1,6,6,2,25,5,1598,1,18,VAUXHALL ASTRA,5,E01019611,0,1
2024401443657,2024,401443657,1,9,0,-1,19,-1,-1,-1,0,0,0,0,0,0,1,9,-1,9,1,18,4,1796,1,18,VAUXHALL ASTRA,9,E01017414,0,1
2024161397637,2024,161397637,2,9,0,-1,9,7,5,-1,0,1,0,0,0,0,3,9,-1,6,1,60,9,1598,1,11,VAUXHALL ASTRA,1,E01012873,0,1
2024111531137,2024,111531137,1,9,0,-1,19,7,3,-1,0,4,0,0,0,0,1,1,-1,6,3,30,6,1956,2,10,VAUXHALL ASTRA,-1,-1,0,-1
2024320451621,2024,320451621,1,9,0,-1,-1,4,8,0,0,1,0,0,0,0,4,1,-1,-1,1,74,10,1399,1,8,VAUXHALL ASTRA,-1,-1,0,-1
2024052401262,2024,052401262,2,9,0,2,2,0,0,0,0,0,0,0,0,0,2,1,6,6,3,-1,-1,1399,1,6,VAUXHALL ASTRA,-1,-1,0,-1
2024631414177,2024,631414177,2,9,0,-1,4,2,6,-1,0,0,0,0,0,0,2,1,-1,6,1,56,9,1598,1,12,VAUXHALL ASTRA,3,W01000626,0,2
2024201453306,2024,201453306,2,9,0,-1,19,7,3,-1,0,0,0,0,0,0,2,9,-1,9,2,42,7,1686,2,15,VAUXHALL ASTRA,8,E01010395,0,1
2024010543075,2024,010543075,1,9,0,4,4,5,1,0,0,1,0,0,0,0,1,1,1,1,1,26,6,1796,1,14,VAUXHALL ASTRA,3,E01000046,0,1
2024070236115,2024,070236115,1,9,0,18,19,7,3,0,0,4,1,0,1,11,1,1,6,6,1,22,5,1598,1,13,VAUXHALL ASTRA,5,E01002448,0,5
2024052400497,2024,052400497,1,9,0,9,9,5,3,0,0,8,0,0,0,0,1,1,6,6,1,17,4,1398,1,11,VAUXHALL ASTRA,1,E01006604,0,1
2024010499415,2024,010499415,2,9,0,4,4,3,7,0,0,1,0,0,0,0,1,1,1,1,1,59,9,1796,1,16,VAUXHALL ASTRA,7,E01002962,0,2
2024991464039,2024,991464039,1,9,0,-1,19,7,3,-1,0,0,0,0,0,0,4,1,-1,9,1,63,9,1398,1,10,VAUXHALL ASTRA,4,-1,0,1
2024061495938,2024,061495938,1,8,0,-1,19,5,1,-1,0,0,0,0,0,0,1,1,-1,1,1,22,5,1686,2,12,VAUXHALL ASTRA,2,E01005462,0,2
2024522402777,2024,522402777,2,9,0,18,19,3,7,0,0,8,0,0,0,0,4,1,6,6,1,34,6,1686,2,11,VAUXHALL ASTRA,8,E01014824,0,4