collision_index,collision_year,collision_ref_no,vehicle_reference,vehicle_type,towing_and_articulation,vehicle_manoeuvre_historic,vehicle_manoeuvre,vehicle_direction_from,vehicle_direction_to,vehicle_location_restricted_lane_historic,vehicle_location_restricted_lane,junction_location,skidding_and_overturning,hit_object_in_carriageway,vehicle_leaving_carriageway,hit_object_off_carriageway,first_point_of_impact,vehicle_left_hand_drive,journey_purpose_of_driver_historic,journey_purpose_of_driver,sex_of_driver,age_of_driver,age_band_of_driver,engine_capacity_cc,propulsion_code,age_of_vehicle,generic_make_model,driver_imd_decile,lsoa_of_driver,escooter_flag,driver_distance_banding
2024052402325,2024,052402325,1,9,0,18,19,7,3,0,0,0,2,0,7,0,3,1,6,6,1,28,6,1399,1,6,VAUXHALL ASTRA,4,E01012469,0,1
2024010505204,2024,010505204,1,9,0,99,99,9,9,99,99,9,9,99,9,99,1,9,6,6,3,-1,-1,1398,1,12,VAUXHALL ASTRA,-1,-1,0,-1
2024421405949,2024,421405949,1,9,0,-1,20,5,5,-1,9,0,0,0,7,0,1,1,-1,6,2,83,11,1598,1,21,VAUXHALL ASTRA,2,E01021314,0,1
2024010550603,2024,010550603,1,9,9,99,99,9,9,99,99,9,9,99,9,99,2,9,6,6,2,47,8,1399,1,7,VAUXHALL ASTRA,4,E01002444,0,2
2024401539751,2024,401539751,1,9,0,-1,7,1,3,-1,0,0,0,7,5,1,3,1,-1,2,2,48,8,1956,2,11,VAUXHALL ASTRA,5,E01017475,0,3
2024552401004,2024,552401004,1,9,0,9,9,5,3,0,0,5,0,0,0,0,4,1,6,6,1,35,6,1598,2,7,VAUXHALL ASTRA,4,E01017151,0,4
2024471534971,2024,471534971,1,9,0,-1,19,5,1,-1,0,4,0,0,0,0,1,9,-1,6,1,25,5,1362,1,12,VAUXHALL ASTRA,8,E01016928,0,2
2024010540604,2024,010540604,1,9,0,2,2,0,0,0,0,0,0,0,0,0,0,1,6,6,3,-1,-1,1598,1,14,VAUXHALL ASTRA,-1,-1,0,-1
2024010526075,2024,010526075,1,9,0,17,19,5,3,0,0,0,0,0,0,0,3,1,6,6,2,35,6,1598,1,13,VAUXHALL ASTRA,6,E01004078,0,1
2024201443904,2024,201443904,1,9,0,-1,9,5,3,-1,0,5,0,0,0,0,1,1,-1,6,1,31,6,1362,1,12,VAUXHALL ASTRA,1,E01008906,0,1
2024101512753,2024,101512753,1,9,-1,-1,7,3,4,-1,0,6,0,0,0,0,1,9,-1,6,1,-1,-1,1956,2,13,VAUXHALL ASTRA,-1,-1,0,-1
2024401576687,2024,401576687,1,9,0,-1,19,3,7,-1,0,0,0,0,0,0,1,1,-1,9,2,40,7,1364,1,15,VAUXHALL ASTRA,2,E01015738,0,1
2024010502386,2024,010502386,1,9,0,9,9,7,5,0,0,6,0,0,0,0,1,1,1,1,1,25,5,1496,2,3,VAUXHALL ASTRA,4,E01004426,0,1
2024311525158,2024,311525158,3,9,0,-1,10,6,4,-1,0,8,0,0,0,0,1,1,-1,6,2,58,9,1796,1,17,VAUXHALL ASTRA,3,E01013939,0,1
2024010498631,2024,010498631,2,9,0,18,19,1,5,0,0,2,0,0,0,0,1,1,6,6,1,74,10,1399,1,7,VAUXHALL ASTRA,9,E01000452,0,1
2024141466032,2024,141466032,2,9,0,-1,9,1,7,-1,0,8,0,0,0,0,1,1,-1,9,2,23,5,1398,1,11,VAUXHALL ASTRA,1,E01007945,0,1
2024552401412,2024,552401412,1,9,0,18,19,2,6,0,0,0,0,0,0,0,1,1,2,2,2,45,7,1686,2,11,VAUXHALL ASTRA,4,E01015345,0,1
2024161426153,2024,161426153,3,9,0,-1,19,7,3,-1,0,0,0,0,0,0,2,1,-1,9,1,38,7,1956,2,12,VAUXHALL ASTRA,4,E01007850,0,4
2024010501733,2024,010501733,2,9,0,99,99,9,9,99,99,0,9,99,9,99,1,9,6,6,3,-1,-1,1598,1,13,VAUXHALL ASTRA,-1,-1,0,-1
2024231509511,2024,231509511,2,9,0,-1,19,4,8,-1,0,0,0,0,7,9,1,1,-1,1,1,45,7,1199,1,0,VAUXHALL ASTRA,3,E01031064,0,3
2024231490410,2024,231490410,1,9,0,-1,13,8,4,-1,0,8,0,0,0,0,1,1,-1,1,1,48,8,1199,1,0,VAUXHALL ASTRA,6,E01031234,0,2
2024461434227,2024,461434227,2,9,0,-1,19,7,3,-1,0,5,0,0,0,0,2,9,-1,6,1,18,4,1398,1,13,VAUXHALL ASTRA,8,E01024058,0,2
2024010519632,2024,010519632,1,9,0,4,4,3,7,0,0,2,0,0,0,0,1,1,6,6,1,24,5,1598,1,13,VAUXHALL ASTRA,4,E01001359,0,1
2024201448634,2024,201448634,1,9,0,-1,9,5,3,-1,0,5,0,0,0,0,1,1,-1,6,1,30,6,1398,1,12,VAUXHALL ASTRA,3,E01009656,0,1
2024440395605,2024,440395605,1,9,0,18,19,6,2,0,0,0,0,0,0,0,1,1,6,6,1,23,5,1399,1,7,VAUXHALL ASTRA,10,E01022725,0,3
2024231446018,2024,231446018,2,9,0,-1,19,1,5,-1,0,0,0,0,0,0,0,1,-1,1,1,26,6,1598,2,7,VAUXHALL ASTRA,3,E01031064,0,1
2024201468551,2024,201468551,1,9,0,-1,19,8,2,-1,0,0,0,0,0,0,1,1,-1,6,2,23,5,1399,1,6,VAUXHALL ASTRA,2,E01009932,0,1
2024531501561,2024,531501561,4,9,0,-1,19,1,5,-1,0,0,0,0,0,0,1,1,-1,2,1,24,5,1364,1,17,VAUXHALL ASTRA,2,E01022288,0,2
2024501479414,2024,501479414,1,9,0,-1,19,1,5,-1,0,1,0,0,0,0,1,1,-1,6,3,-1,-1,1598,1,11,VAUXHALL ASTRA,-1,-1,0,-1
2024361431160,2024,361431160,1,9,0,-1,9,5,6,-1,0,6,0,0,0,0,3,9,-1,9,1,52,8,1598,1,18,VAUXHALL ASTRA,4,E01026713,0,2
2024010528627,2024,010528627,3,9,0,2,2,0,0,9,9,0,1,0,0,0,1,1,6,6,3,-1,-1,1598,1,20,VAUXHALL ASTRA,-1,-1,0,-1
2024010517467,2024,010517467,1,9,0,5,5,6,2,0,0,4,0,0,0,0,1,1,6,6,1,74,10,1398,1,12,VAUXHALL ASTRA,8,E01003830,0,2
2024111457447,2024,111457447,3,9,0,-1,2,0,0,-1,0,1,0,0,0,0,3,1,-1,6,1,50,8,1389,1,21,VAUXHALL ASTRA,1,E01012352,0,1
2024461496344,2024,461496344,1,9,0,-1,9,2,7,-1,0,8,0,0,0,0,1,1,-1,1,1,34,6,1796,1,20,VAUXHALL ASTRA,3,E01016044,0,1
2024440374615,2024,440374615,1,9,0,9,9,7,5,0,0,6,0,0,1,9,3,1,6,6,2,29,6,1598,1,13,VAUXHALL ASTRA,6,E01022737,0,1
2024131440892,2024,131440892,1,9,0,-1,19,3,3,-1,0,1,0,0,0,0,1,1,-1,2,1,44,7,1398,1,13,VAUXHALL ASTRA,9,E01011177,0,1
2024131476098,2024,131476098,1,9,0,-1,19,7,3,-1,0,1,0,0,0,0,1,1,-1,6,1,-1,-1,1956,2,13,VAUXHALL ASTRA,1,E01011144,0,2
2024610040524,2024,610040524,2,9,0,10,10,4,2,0,0,5,0,0,0,0,2,1,6,6,1,31,6,1598,1,22,VAUXHALL ASTRA,1,W01001737,0,2
2024010544217,2024,010544217,2,9,0,99,99,9,9,99,99,9,9,99,9,99,1,9,6,6,3,-1,-1,1598,1,20,VAUXHALL ASTRA,6,E01001539,0,1
2024010500526,2024,010500526,2,9,0,99,99,9,9,99,99,9,9,99,9,99,9,9,6,6,3,-1,-1,1686,2,15,VAUXHALL ASTRA,-1,-1,0,-1
2024101533589,2024,101533589,2,9,-1,-1,19,2,6,-1,0,0,0,0,0,0,3,9,-1,6,1,29,6,1199,1,0,VAUXHALL ASTRA,3,E01008230,0,1
2024070514461,2024,070514461,1,9,0,18,19,1,7,0,0,8,0,0,0,0,3,1,1,1,2,58,9,1598,1,11,VAUXHALL ASTRA,-1,-1,0,-1
2024010535318,2024,010535318,1,9,0,18,19,1,5,0,0,1,0,0,0,0,1,1,6,6,1,25,5,1598,1,11,VAUXHALL ASTRA,4,E01000039,0,1
2024201456298,2024,201456298,2,9,0,-1,19,1,1,-1,0,8,0,0,0,0,4,1,-1,2,1,33,6,1796,1,17,VAUXHALL ASTRA,6,E01035635,0,5
2024211440841,2024,211440841,1,9,0,-1,19,1,5,-1,0,0,0,0,0,0,4,1,-1,9,1,40,7,1364,1,11,VAUXHALL ASTRA,-1,-1,0,-1
2024361483909,2024,361483909,1,9,0,-1,19,6,2,-1,0,0,2,0,1,4,1,1,-1,6,1,27,6,-1,-1,-1,VAUXHALL ASTRA,2,E01026805,0,4
2024430615605,2024,430615605,1,9,0,18,19,8,4,0,0,0,0,0,0,0,1,1,6,6,2,61,9,1398,1,11,VAUXHALL ASTRA,7,E01028776,0,3
2024631531994,2024,631531994,1,9,0,-1,19,4,8,-1,0,8,0,0,0,0,1,1,-1,2,1,35,6,1398,1,9,VAUXHALL ASTRA,8,W01000557,0,1
202417H100124,2024,17H100124,1,9,0,18,19,6,2,0,0,0,0,0,0,0,1,1,6,6,1,18,4,1199,1,4,VAUXHALL ASTRA,9,E01011982,0,2
2024221412334,2024,221412334,1,9,0,-1,19,2,6,-1,0,3,0,0,0,0,1,9,-1,6,1,69,10,1399,1,7,VAUXHALL ASTRA,2,E01028967,0,1
2024991492230,2024,991492230,1,9,0,-1,19,7,3,-1,0,1,0,0,1,0,3,1,-1,9,2,23,5,1598,1,17,VAUXHALL ASTRA,1,-1,0,1
2024351447223,2024,351447223,1,9,0,-1,19,7,1,-1,0,0,0,0,2,0,1,1,-1,1,1,27,6,1598,2,5,VAUXHALL ASTRA,10,E01018306,0,1
2024631405265,2024,631405265,1,9,0,-1,19,6,2,-1,0,2,0,0,0,0,1,1,-1,9,1,25,5,1364,1,20,VAUXHALL ASTRA,8,W01000573,0,1
2024401497995,2024,401497995,1,9,-1,-1,-1,-1,-1,-1,-1,0,-1,-1,-1,0,-1,9,-1,6,3,-1,-1,1598,1,13,VAUXHALL ASTRA,-1,-1,0,-1
2024061419307,2024,061419307,2,9,0,-1,4,1,1,-1,0,-1,0,0,0,0,2,9,-1,9,1,29,6,1399,1,8,VAUXHALL ASTRA,4,E01019745,0,3
2024141458954,2024,141458954,1,9,0,-1,19,2,6,-1,0,1,1,0,1,0,4,9,-1,6,3,-1,-1,1199,1,0,VAUXHALL ASTRA,-1,-1,0,-1
2024501462274,2024,501462274,1,9,0,-1,9,2,8,-1,0,8,0,0,0,0,3,1,-1,6,1,-1,-1,1956,2,11,VAUXHALL ASTRA,1,E01015080,0,1
2024440399982,2024,440399982,2,9,0,18,19,1,5,0,0,3,0,0,0,0,1,1,2,2,2,29,6,1364,1,9,VAUXHALL ASTRA,9,E01022796,0,2
2024991405218,2024,991405218,1,9,0,-1,9,3,1,-1,0,1,0,0,0,0,4,1,-1,6,1,74,10,1398,1,14,VAUXHALL ASTRA,-1,-1,0,-1
2024421502810,2024,421502810,1,9,0,-1,19,3,7,-1,0,8,0,0,8,4,1,1,-1,2,1,29,6,1598,1,15,VAUXHALL ASTRA,1,E01021324,0,1
2024520001803,2024,520001803,1,9,0,3,3,8,2,0,0,3,0,0,0,0,2,1,6,6,2,23,5,1598,1,18,VAUXHALL ASTRA,9,E01031931,0,3
2024451485779,2024,451485779,1,9,0,-1,19,5,1,-1,0,1,0,0,0,0,2,1,-1,9,2,62,9,1796,1,17,VAUXHALL ASTRA,6,E01030515,0,3
2024451466284,2024,451466284,2,9,0,-1,19,5,2,-1,0,0,0,0,0,0,2,1,-1,7,2,36,7,1341,1,4,VAUXHALL ASTRA,6,E01030842,0,1
2024520402424,2024,520402424,2,9,0,18,19,8,4,0,0,0,0,0,0,0,2,1,6,6,1,65,9,1598,1,11,VAUXHALL ASTRA,5,E01029067,0,2
2024010527640,2024,010527640,1,9,0,99,99,9,9,99,99,9,9,99,9,99,2,9,6,6,2,24,5,1398,1,11,VAUXHALL ASTRA,3,E01001717,0,2
2024201486549,2024,201486549,1,9,0,-1,19,3,7,-1,0,0,1,0,0,0,1,1,-1,6,1,18,4,1364,1,14,VAUXHALL ASTRA,-1,-1,0,-1
2024010503148,2024,010503148,2,9,0,18,19,7,3,0,0,0,0,0,0,0,1,1,6,6,3,-1,-1,1598,1,10,VAUXHALL ASTRA,-1,-1,0,-1
2024461490480,2024,461490480,2,9,0,-1,3,4,2,-1,0,0,1,11,1,10,1,1,-1,9,1,17,4,1364,1,15,VAUXHALL ASTRA,1,E01034095,0,4
2024101470075,2024,101470075,3,9,0,-1,19,2,6,-1,0,0,0,10,0,0,3,1,-1,6,1,74,10,1364,1,18,VAUXHALL ASTRA,-1,-1,0,-1
2024131453676,2024,131453676,2,9,0,-1,2,0,0,-1,0,8,0,0,0,0,2,1,-1,6,-1,-1,-1,1956,2,11,VAUXHALL ASTRA,-1,-1,0,-1
2024371507056,2024,371507056,2,9,0,-1,19,7,3,-1,0,8,0,0,0,0,1,1,-1,2,1,51,8,1399,1,6,VAUXHALL ASTRA,2,E01030248,0,1
2024302401101,2024,302401101,1,9,0,18,19,7,4,0,0,1,0,0,3,4,1,1,6,6,1,26,6,1598,1,15,VAUXHALL ASTRA,2,E01013571,0,1
2024991420446,2024,991420446,2,9,0,-1,2,0,0,-1,0,0,0,0,0,0,2,1,-1,6,-1,-1,-1,1598,1,17,VAUXHALL ASTRA,-1,-1,0,-1
2024010507622,2024,010507622,2,9,0,5,5,3,7,0,0,1,0,4,0,0,3,1,6,6,2,42,7,1399,1,6,VAUXHALL ASTRA,3,E01000032,0,1
2024421517481,2024,421517481,1,9,0,-1,19,1,4,-1,9,0,0,0,7,11,1,1,-1,6,1,23,5,1796,1,16,VAUXHALL ASTRA,6,E01021715,0,1
2024131420858,2024,131420858,1,9,0,-1,-1,-1,-1,-1,-1,8,-1,-1,-1,0,-1,1,-1,6,3,25,5,1910,2,16,VAUXHALL ASTRA,-1,-1,0,-1
2024221510455,2024,221510455,2,9,0,-1,2,0,0,-1,0,0,0,0,0,0,4,9,-1,6,2,34,6,1956,2,10,VAUXHALL ASTRA,4,E01028836,0,1
2024461420000,2024,461420000,1,9,0,-1,19,5,2,-1,0,4,0,0,0,0,1,9,-1,2,1,30,6,1686,2,11,VAUXHALL ASTRA,7,E01024405,0,3
2024991420847,2024,991420847,2,9,0,-1,19,4,7,-1,0,0,0,0,0,0,3,1,-1,9,1,73,10,1199,1,2,VAUXHALL ASTRA,10,-1,0,2
2024122400685,2024,122400685,1,9,0,18,19,3,7,0,0,0,0,0,7,0,1,1,6,6,2,75,10,1686,2,14,VAUXHALL ASTRA,7,E01015719,0,5
2024361421171,2024,361421171,1,9,0,-1,9,3,7,-1,0,0,0,0,7,0,4,1,-1,6,1,41,7,1364,1,16,VAUXHALL ASTRA,3,E01033038,0,4
2024201437664,2024,201437664,2,9,0,-1,5,1,5,-1,0,6,0,0,0,0,1,9,-1,6,1,35,6,1686,2,10,VAUXHALL ASTRA,9,E01009912,0,1
2024411496255,2024,411496255,2,9,0,-1,-1,-1,-1,-1,-1,0,-1,-1,-1,0,-1,1,-1,6,1,19,4,1364,1,13,VAUXHALL ASTRA,5,E01023780,0,1
2024010506388,2024,010506388,1,9,0,99,99,9,9,99,99,9,9,99,9,99,2,9,6,6,1,40,7,1598,1,11,VAUXHALL ASTRA,4,E01034611,0,1
2024070166490,2024,070166490,2,9,0,8,8,8,5,0,0,1,0,0,0,0,2,1,3,7,1,60,9,1399,1,5,VAUXHALL ASTRA,10,E01035384,0,1
2024631478027,2024,631478027,1,9,0,-1,9,8,6,-1,0,5,0,0,0,0,4,1,-1,9,2,47,8,1598,2,10,VAUXHALL ASTRA,1,W01000570,0,5
2024520001959,2024,520001959,4,9,0,18,19,8,4,0,0,1,0,0,0,0,3,1,6,6,2,52,8,1910,2,17,VAUXHALL ASTRA,9,E01014416,0,1
2024411485402,2024,411485402,1,9,0,-1,10,4,2,-1,0,1,0,0,0,0,1,1,-1,6,1,34,6,999,1,7,VAUXHALL ASTRA,5,E01033837,0,3
2024161484556,2024,161484556,1,9,0,-1,19,2,6,-1,0,1,0,0,0,0,9,9,-1,6,1,62,9,1598,2,6,VAUXHALL ASTRA,6,E01013039,0,2
2024131437169,2024,131437169,1,9,0,-1,19,1,5,-1,0,3,0,0,8,7,1,1,-1,2,1,62,9,1199,1,3,VAUXHALL ASTRA,2,E01010747,0,1
2024991483641,2024,991483641,2,9,0,-1,4,4,2,-1,0,1,0,4,0,0,1,1,-1,6,1,54,8,1956,2,12,VAUXHALL ASTRA,3,-1,0,2
2024440426352,2024,440426352,1,9,0,9,9,8,6,0,0,6,0,0,0,0,4,1,6,6,1,43,7,1598,1,14,VAUXHALL ASTRA,2,E01017019,0,1
2024161463002,2024,161463002,2,9,0,-1,19,5,1,-1,0,0,0,0,1,0,1,1,-1,1,1,36,7,1956,2,13,VAUXHALL ASTRA,1,E01026699,0,5
2024631457960,2024,631457960,2,9,0,-1,19,2,6,-1,0,8,0,0,1,10,1,1,-1,6,2,80,11,1364,1,16,VAUXHALL ASTRA,3,W01000626,0,1
2024311525553,2024,311525553,1,9,0,-1,9,2,7,-1,0,6,0,0,0,0,1,1,-1,1,1,45,7,-1,-1,-1,VAUXHALL ASTRA,3,E01025705,0,4
2024501525829,2024,501525829,1,9,0,-1,19,2,7,-1,0,0,1,0,8,4,3,1,-1,9,2,76,11,1796,1,17,VAUXHALL ASTRA,2,E01018949,0,3
2024231520946,2024,231520946,1,9,0,-1,19,1,5,-1,0,1,0,0,1,0,3,1,-1,6,2,31,6,999,1,8,VAUXHALL ASTRA,5,E01009647,0,3
2024211518603,2024,211518603,2,9,0,-1,3,8,8,-1,0,1,0,0,0,0,3,1,-1,2,1,32,6,1686,2,10,VAUXHALL ASTRA,-1,-1,0,-1
202454C190224,2024,54C190224,2,9,0,18,19,6,2,0,0,8,0,0,0,0,1,1,6,6,2,49,8,1598,2,6,VAUXHALL ASTRA,7,E01033843,0,3
2024141518732,2024,141518732,2,9,0,-1,19,5,1,-1,0,0,0,0,0,0,1,1,-1,2,1,28,6,1956,2,13,VAUXHALL ASTRA,1,E01007577,0,1
2024201461744,2024,201461744,2,9,0,-1,2,0,0,-1,0,2,0,4,0,0,1,1,-1,6,-1,-1,-1,1598,1,17,VAUXHALL ASTRA,-1,-1,0,-1
2024052400309,2024,052400309,2,9,0,18,19,5,1,0,0,8,0,0,0,0,1,1,2,2,1,47,8,1364,1,17,VAUXHALL ASTRA,2,E01006439,0,2
2024131451666,2024,131451666,1,9,0,-1,11,1,5,-1,0,0,0,0,0,0,0,1,-1,6,1,37,7,1364,1,14,VAUXHALL ASTRA,2,E01011763,0,2
2024041497737,2024,041497737,1,9,0,-1,19,5,1,-1,0,2,1,0,1,0,1,1,-1,9,2,39,7,1598,1,11,VAUXHALL ASTRA,8,E01025178,0,2
2024201527048,2024,201527048,2,9,0,-1,19,1,5,-1,0,8,0,0,0,0,3,1,-1,9,2,39,7,1598,1,13,VAUXHALL ASTRA,-1,-1,0,-1
2024471404450,2024,471404450,1,9,0,-1,19,3,7,-1,0,0,0,0,7,4,1,1,-1,9,1,25,5,1686,2,11,VAUXHALL ASTRA,5,E01031523,0,4
2024361501222,2024,361501222,2,9,0,-1,19,3,7,-1,0,8,5,0,7,0,1,1,-1,2,2,48,8,1598,1,16,VAUXHALL ASTRA,8,E01035153,0,1
2024991494591,2024,991494591,1,9,0,-1,7,4,7,-1,0,8,0,0,0,0,3,1,-1,9,2,39,7,1686,2,10,VAUXHALL ASTRA,-1,-1,0,-1
202417L203024,2024,17L203024,1,9,0,18,19,3,7,0,0,5,0,0,3,0,3,1,1,1,1,18,4,1598,1,15,VAUXHALL ASTRA,1,E01033471,0,1
2024221431708,2024,221431708,1,9,0,-1,7,8,2,-1,0,4,0,0,0,0,4,1,-1,6,2,62,9,1398,1,13,VAUXHALL ASTRA,1,E01014116,0,1
2024631424708,2024,631424708,1,9,0,-1,13,2,6,-1,0,0,0,0,7,10,4,1,-1,9,1,25,5,1399,1,5,VAUXHALL ASTRA,6,W01002002,0,4
2024141457947,2024,141457947,1,9,0,-1,19,2,6,-1,0,0,0,0,0,0,1,2,-1,7,1,39,7,1399,1,7,VAUXHALL ASTRA,6,E01007706,0,1
2024141472551,2024,141472551,2,9,0,-1,19,5,1,-1,0,0,0,0,0,0,1,1,-1,9,1,32,6,1598,1,16,VAUXHALL ASTRA,7,E01011069,0,4
2024211424088,2024,211424088,1,9,0,-1,7,4,8,-1,0,0,0,0,0,0,3,1,-1,9,2,25,5,1598,1,17,VAUXHALL ASTRA,-1,-1,0,-1
2024522500206,2024,522500206,1,9,0,18,19,7,3,0,0,9,0,0,9,11,9,1,6,6,1,96,11,1796,1,16,VAUXHALL ASTRA,5,E01014886,0,1
2024211412850,2024,211412850,2,9,0,-1,19,8,4,-1,0,0,0,0,0,0,2,9,-1,9,2,27,6,1362,1,11,VAUXHALL ASTRA,-1,-1,0,-1
2024451536089,2024,451536089,1,9,0,-1,19,4,8,-1,0,0,0,0,0,0,1,1,-1,2,1,27,6,1598,1,21,VAUXHALL ASTRA,6,E01030717,0,1
2024010497429,2024,010497429,1,9,0,18,19,1,5,0,0,6,0,0,0,0,1,1,6,6,1,43,7,1341,1,3,VAUXHALL ASTRA,4,E01002030,0,1
2024411532855,2024,411532855,2,9,0,-1,5,7,3,-1,0,6,0,0,0,0,1,1,-1,6,1,63,9,1686,2,19,VAUXHALL ASTRA,10,E01023691,0,2
2024461483533,2024,461483533,1,9,0,-1,19,1,5,-1,0,0,0,0,0,0,3,1,-1,2,1,28,6,1796,1,15,VAUXHALL ASTRA,-1,-1,0,-1
2024131456212,2024,131456212,1,9,0,-1,13,2,5,-1,0,1,5,0,0,0,1,1,-1,9,1,27,6,1598,1,11,VAUXHALL ASTRA,6,E01035048,0,1
2024201456562,2024,201456562,1,9,0,-1,19,6,2,-1,0,8,0,0,0,0,3,9,-1,6,2,25,5,1598,1,17,VAUXHALL ASTRA,9,E01010257,0,2
2024201446055,2024,201446055,1,9,0,-1,19,7,3,-1,0,4,0,0,0,0,1,9,-1,6,3,-1,-1,1598,1,12,VAUXHALL ASTRA,-1,-1,0,-1
2024311441561,2024,311441561,1,9,0,-1,7,3,7,-1,0,0,0,0,0,0,4,1,-1,9,1,27,6,1598,2,7,VAUXHALL ASTRA,4,E01013929,0,1
2024041520903,2024,041520903,1,9,0,-1,7,1,3,-1,0,8,0,0,0,0,1,1,-1,6,1,42,7,1598,1,13,VAUXHALL ASTRA,2,E01025291,0,1
2024401471022,2024,401471022,1,9,0,-1,19,5,1,-1,0,1,0,0,0,0,1,1,-1,6,1,-1,-1,1686,2,11,VAUXHALL ASTRA,-1,-1,0,-1
2024991535570,2024,991535570,1,9,0,-1,19,4,1,-1,0,4,0,0,0,0,1,1,-1,9,1,66,10,1364,1,13,VAUXHALL ASTRA,-1,-1,0,-1
2024010513934,2024,010513934,1,9,0,18,19,1,5,0,0,8,0,0,0,0,1,1,6,6,1,32,6,999,1,8,VAUXHALL ASTRA,5,E01002214,0,4
2024320711750,2024,320711750,1,9,0,-1,-1,8,4,0,0,1,0,0,7,10,4,1,-1,-1,2,27,6,1598,1,11,VAUXHALL ASTRA,8,E01026065,0,1
2024411434734,2024,411434734,1,9,0,-1,19,1,5,-1,0,1,0,0,0,0,4,1,-1,6,2,43,7,1364,1,15,VAUXHALL ASTRA,3,E01023876,0,1
2024122401095,2024,122401095,1,9,0,17,19,6,2,0,0,0,0,0,1,1,1,1,6,6,1,30,6,1598,2,7,VAUXHALL ASTRA,8,E01013407,0,1
2024552400439,2024,552400439,1,9,0,4,4,8,4,0,0,4,1,0,0,0,1,1,2,2,1,22,5,1399,1,5,VAUXHALL ASTRA,-1,-1,0,-1
2024520402510,2024,520402510,2,9,0,18,19,6,2,0,0,8,0,0,0,0,1,1,6,6,1,84,11,1598,1,21,VAUXHALL ASTRA,5,E01029053,0,1
2024302400595,2024,302400595,2,8,0,18,19,3,7,0,0,1,0,0,0,0,4,1,1,1,1,34,6,1598,2,8,VAUXHALL ASTRA,2,E01013483,0,1
2024332400291,2024,332400291,3,9,0,-1,19,6,2,-1,0,0,0,0,0,0,1,1,-1,6,2,54,8,1598,1,13,VAUXHALL ASTRA,3,E01013732,0,1
2024332400272,2024,332400272,1,9,0,-1,19,7,3,-1,0,0,5,0,0,0,1,1,-1,6,1,29,6,1796,1,15,VAUXHALL ASTRA,4,E01034024,0,1
2024440517251,2024,440517251,1,9,0,9,9,6,2,0,0,8,0,0,0,0,3,1,6,6,1,59,9,1598,1,22,VAUXHALL ASTRA,2,E01017181,0,1
2024371412493,2024,371412493,1,9,0,-1,19,7,3,-1,0,0,1,0,0,0,1,1,-1,9,1,35,6,1598,1,15,VAUXHALL ASTRA,-1,-1,0,-1
2024052400429,2024,052400429,1,9,0,18,19,1,5,0,0,0,0,0,0,0,1,1,6,6,1,47,8,999,1,8,VAUXHALL ASTRA,1,E01006549,0,2
2024411490141,2024,411490141,2,9,0,-1,19,7,3,-1,0,1,0,0,0,0,1,1,-1,1,1,52,8,1598,2,8,VAUXHALL ASTRA,2,E01023860,0,1
2024440084251,2024,440084251,1,9,0,16,19,2,6,0,0,0,0,0,0,0,2,1,6,6,2,45,7,1598,1,13,VAUXHALL ASTRA,10,E01022989,0,1
2024421424222,2024,421424222,2,9,0,-1,5,6,3,-1,0,0,0,0,0,0,2,1,-1,1,2,37,7,1598,2,8,VAUXHALL ASTRA,3,E01000016,0,4
2024211449171,2024,211449171,1,9,0,-1,11,1,5,-1,0,0,5,10,1,0,4,1,-1,9,1,21,5,1956,2,9,VAUXHALL ASTRA,8,E01029391,0,4
2024421499957,2024,421499957,2,9,0,-1,19,3,7,-1,0,0,0,0,0,0,0,1,-1,6,1,25,5,1399,1,5,VAUXHALL ASTRA,9,E01015708,0,4
2024471482430,2024,471482430,2,9,0,-1,19,3,7,-1,0,1,0,0,0,0,0,1,-1,1,2,28,6,1598,2,5,VAUXHALL ASTRA,4,E01031585,0,1
2024131462840,2024,131462840,1,9,0,-1,19,3,7,-1,0,8,0,0,0,0,-1,1,-1,6,1,48,8,1956,2,12,VAUXHALL ASTRA,5,E01010970,0,1
2024430560902,2024,430560902,2,9,0,3,3,9,9,0,0,0,0,0,0,0,1,1,6,6,1,45,7,1399,1,8,VAUXHALL ASTRA,-1,-1,0,-1
2024501424296,2024,501424296,2,9,0,-1,4,4,8,-1,0,1,0,0,0,0,0,1,-1,9,1,35,6,1686,2,10,VAUXHALL ASTRA,2,E01032658,0,1
2024610008924,2024,610008924,1,9,0,18,19,6,2,0,0,8,0,0,0,0,1,1,1,1,2,36,7,1399,1,7,VAUXHALL ASTRA,4,W01001975,0,3
2024501484007,2024,501484007,1,9,0,-1,19,6,2,-1,0,8,0,0,0,0,3,1,-1,9,1,37,7,1598,2,6,VAUXHALL ASTRA,2,E01015594,0,5
2024161426515,2024,161426515,4,9,0,-1,2,0,0,-1,0,0,0,0,0,0,3,1,-1,6,-1,-1,-1,1364,1,15,VAUXHALL ASTRA,-1,-1,0,-1
2024302401285,2024,302401285,2,9,0,7,7,5,6,0,0,1,0,0,0,0,1,1,6,6,2,66,10,1598,1,14,VAUXHALL ASTRA,5,E01013493,0,1
2024991493752,2024,991493752,1,9,0,-1,19,2,6,-1,0,6,1,0,0,0,1,1,-1,9,2,23,5,1598,1,17,VAUXHALL ASTRA,1,-1,0,1
2024991522426,2024,991522426,1,9,0,-1,19,3,7,-1,9,0,0,0,7,10,1,1,-1,6,1,41,7,1598,1,19,VAUXHALL ASTRA,5,-1,0,1
2024531469611,2024,531469611,1,9,0,-1,19,6,2,-1,0,1,0,0,7,10,1,1,-1,9,1,84,11,1399,1,8,VAUXHALL ASTRA,6,E01022454,0,4