collision_index,collision_year,collision_ref_no,vehicle_reference,vehicle_type,towing_and_articulation,vehicle_manoeuvre_historic,vehicle_manoeuvre,vehicle_direction_from,vehicle_direction_to,vehicle_location_restricted_lane_historic,vehicle_location_restricted_lane,junction_location,skidding_and_overturning,hit_object_in_carriageway,vehicle_leaving_carriageway,hit_object_off_carriageway,first_point_of_impact,vehicle_left_hand_drive,journey_purpose_of_driver_historic,journey_purpose_of_driver,sex_of_driver,age_of_driver,age_band_of_driver,engine_capacity_cc,propulsion_code,age_of_vehicle,generic_make_model,driver_imd_decile,lsoa_of_driver,escooter_flag,driver_distance_banding
2024401441063,2024,401441063,1,9,-1,-1,19,1,5,-1,0,0,0,0,0,0,4,9,-1,9,1,89,11,1796,1,19,VAUXHALL ASTRA,10,E01017626,0,1
2024411523185,2024,411523185,4,9,0,-1,7,3,5,-1,0,1,0,0,0,0,1,1,-1,9,1,32,6,1598,2,9,VAUXHALL ASTRA,4,E01023775,0,1
2024991461953,2024,991461953,2,9,0,-1,19,7,3,-1,0,0,0,0,0,0,1,1,-1,6,2,36,7,1399,1,8,VAUXHALL ASTRA,6,-1,0,1
2024131470435,2024,131470435,1,9,0,-1,19,7,7,-1,0,0,0,0,0,0,1,1,-1,9,1,35,6,1956,2,10,VAUXHALL ASTRA,1,E01011431,0,2
2024161420819,2024,161420819,1,9,0,-1,19,1,5,-1,9,2,0,0,1,10,1,1,-1,6,1,50,8,1364,1,14,VAUXHALL ASTRA,1,E01013279,0,1
2024451464595,2024,451464595,1,9,0,-1,19,1,5,-1,0,0,5,10,1,0,1,1,-1,6,1,34,6,1598,1,15,VAUXHALL ASTRA,10,E01031720,0,1
2024320186457,2024,320186457,1,9,0,9,9,2,7,0,0,5,0,0,0,0,4,1,6,6,1,19,4,1686,2,10,VAUXHALL ASTRA,7,E01026412,0,1
2024461507761,2024,461507761,1,9,0,-1,19,5,1,-1,0,8,0,0,0,0,1,1,-1,9,1,28,6,1598,1,17,VAUXHALL ASTRA,6,E01024152,0,1
2024010541931,2024,010541931,1,9,0,99,99,9,9,99,99,9,9,99,9,99,2,9,6,6,2,46,8,1398,1,13,VAUXHALL ASTRA,1,E01001761,0,1
2024320351241,2024,320351241,1,9,0,-1,-1,7,3,0,0,0,0,0,7,9,1,1,-1,-1,2,36,7,1956,2,12,VAUXHALL ASTRA,-1,-1,0,-1
2024440419079,2024,440419079,1,9,0,12,12,2,6,0,0,8,0,0,0,0,3,1,6,6,1,59,9,1364,1,10,VAUXHALL ASTRA,6,E01017200,0,3
2024141469408,2024,141469408,1,9,0,-1,9,6,4,-1,0,5,1,0,0,0,3,1,-1,6,2,47,8,1998,1,16,VAUXHALL ASTRA,3,E01008125,0,1
2024501447949,2024,501447949,2,9,0,-1,19,3,7,-1,0,0,0,0,0,0,1,1,-1,9,1,40,7,1598,2,7,VAUXHALL ASTRA,4,E01020116,0,1
2024031511699,2024,031511699,1,9,0,-1,19,4,8,-1,0,1,0,0,0,0,1,1,-1,9,1,36,7,1956,2,12,VAUXHALL ASTRA,2,E01019199,0,1
2024031397927,2024,031397927,3,9,0,-1,2,0,0,-1,-1,2,0,0,0,0,2,1,-1,6,2,60,9,1598,2,8,VAUXHALL ASTRA,-1,-1,0,-1
2024161408265,2024,161408265,1,9,0,-1,19,8,4,-1,0,1,0,0,0,0,1,1,-1,9,1,30,6,1598,1,16,VAUXHALL ASTRA,1,E01013311,0,1
2024430543685,2024,430543685,3,9,0,1,1,8,4,0,0,0,0,0,0,0,2,1,6,6,1,-1,-1,1686,2,11,VAUXHALL ASTRA,-1,-1,0,-1
2024461456234,2024,461456234,2,9,0,-1,4,8,8,-1,0,0,0,0,0,0,2,1,-1,6,1,77,11,1364,1,17,VAUXHALL ASTRA,5,E01021087,0,4
2024010532555,2024,010532555,2,9,0,99,99,9,9,99,99,9,9,99,9,99,2,9,2,2,1,52,8,1398,1,13,VAUXHALL ASTRA,2,E01002281,0,1
2024211436300,2024,211436300,1,9,0,-1,19,8,5,-1,0,8,0,0,0,0,1,1,-1,6,1,22,5,1598,1,13,VAUXHALL ASTRA,-1,-1,0,-1
2024320021282,2024,320021282,2,9,0,2,2,0,0,0,0,0,0,0,0,0,2,1,-1,-1,1,63,9,1686,2,15,VAUXHALL ASTRA,1,E01026112,0,1
2024010509698,2024,010509698,2,8,0,99,99,9,9,99,99,9,9,99,9,99,1,9,6,6,1,65,9,1598,2,7,VAUXHALL ASTRA,5,E01001310,0,3
2024101533911,2024,101533911,1,9,0,-1,19,4,6,-1,0,0,0,0,0,0,1,1,-1,6,2,51,8,1399,1,5,VAUXHALL ASTRA,4,E01027387,0,1
2024010511166,2024,010511166,1,9,0,99,99,9,9,99,99,9,9,99,9,99,2,9,1,1,1,33,6,1598,2,8,VAUXHALL ASTRA,3,E01000133,0,3
2024010512094,2024,010512094,1,9,0,1,1,5,1,0,0,0,0,0,0,0,2,1,6,6,3,-1,-1,1399,1,5,VAUXHALL ASTRA,-1,-1,0,-1
2024010533879,2024,010533879,2,9,0,2,2,0,0,6,6,0,0,0,0,0,2,1,6,6,3,-1,-1,1199,1,1,VAUXHALL ASTRA,-1,-1,0,-1
2024010519436,2024,010519436,2,9,0,18,19,1,5,0,0,1,0,0,0,0,1,1,6,6,3,-1,-1,1364,1,9,VAUXHALL ASTRA,-1,-1,0,-1
2024461442110,2024,461442110,2,9,0,-1,19,1,5,-1,0,8,0,0,0,0,-1,9,-1,2,1,40,7,1598,1,12,VAUXHALL ASTRA,5,E01016178,0,1
2024211471232,2024,211471232,2,9,0,-1,5,0,0,-1,0,0,0,0,0,0,1,1,-1,9,1,25,5,1956,2,11,VAUXHALL ASTRA,1,E01014242,0,4
2024061414553,2024,061414553,1,9,0,-1,19,8,4,-1,0,0,0,0,0,0,4,9,-1,6,3,-1,-1,1998,1,16,VAUXHALL ASTRA,-1,-1,0,-1
2024201517047,2024,201517047,3,9,0,-1,19,6,1,-1,0,0,0,0,0,0,2,1,-1,6,2,70,10,1598,1,21,VAUXHALL ASTRA,1,E01010340,0,1
2024361482858,2024,361482858,1,9,4,-1,19,4,8,-1,0,2,0,0,0,0,4,1,-1,9,1,29,6,-1,-1,-1,VAUXHALL ASTRA,6,E01026498,0,1
2024471492617,2024,471492617,2,9,0,-1,5,1,5,-1,0,4,0,0,0,0,2,1,-1,9,1,75,10,1796,1,17,VAUXHALL ASTRA,9,E01031630,0,3
2024141466038,2024,141466038,3,9,0,-1,19,6,2,-1,0,1,0,0,0,0,1,1,-1,6,-1,-1,-1,1199,1,0,VAUXHALL ASTRA,-1,-1,0,-1
2024991477146,2024,991477146,1,9,0,-1,4,3,7,-1,0,0,0,0,0,0,2,1,-1,9,1,57,9,1248,2,12,VAUXHALL ASTRA,6,-1,0,1
2024302400756,2024,302400756,1,9,0,9,9,4,2,0,0,8,0,0,0,0,1,1,6,6,1,61,9,1598,1,14,VAUXHALL ASTRA,9,E01019446,0,2
2024070012121,2024,070012121,1,9,0,17,19,2,6,0,0,0,0,0,0,0,1,1,2,2,1,24,5,1956,2,10,VAUXHALL ASTRA,6,E01018380,0,1
2024221419472,2024,221419472,1,9,0,-1,9,1,7,-1,0,5,0,4,7,0,1,1,-1,9,1,63,9,1364,1,15,VAUXHALL ASTRA,6,E01029667,0,1
2024010549056,2024,010549056,1,9,0,99,99,9,9,99,99,6,9,99,9,99,1,9,6,6,3,-1,-1,1598,1,13,VAUXHALL ASTRA,-1,-1,0,-1
2024010541739,2024,010541739,2,9,0,99,99,9,9,99,99,9,9,99,9,99,9,9,6,6,1,55,8,1598,2,9,VAUXHALL ASTRA,7,E01001495,0,1
2024010519692,2024,010519692,1,9,0,99,99,9,9,0,0,1,0,0,0,0,1,1,6,6,3,-1,-1,1364,1,10,VAUXHALL ASTRA,3,E01004123,0,3
2024302401766,2024,302401766,1,9,0,9,9,6,4,0,0,6,0,0,0,0,1,1,6,6,1,27,6,1796,1,16,VAUXHALL ASTRA,3,E01013547,0,1
2024440436703,2024,440436703,1,9,0,18,19,5,1,0,0,0,0,0,0,0,1,1,6,6,2,29,6,1598,1,11,VAUXHALL ASTRA,2,E01022900,0,1
2024440021721,2024,440021721,1,9,0,18,19,6,2,0,0,0,1,0,0,0,3,1,1,1,1,24,5,1399,1,6,VAUXHALL ASTRA,10,E01022511,0,1
202417M217924,2024,17M217924,2,9,0,-1,19,8,4,-1,0,1,0,0,0,0,1,1,-1,9,1,-1,-1,1598,1,15,VAUXHALL ASTRA,-1,-1,0,-1
2024320107239,2024,320107239,2,9,0,9,9,2,6,0,0,8,0,0,0,0,1,1,1,1,1,28,6,1598,2,5,VAUXHALL ASTRA,8,E01026400,0,2
2024211491060,2024,211491060,1,9,0,-1,19,7,7,-1,0,0,1,0,1,0,4,1,-1,6,2,36,7,1796,1,18,VAUXHALL ASTRA,6,E01029733,0,2
2024101462069,2024,101462069,1,9,0,-1,19,3,7,-1,0,1,0,0,0,0,1,1,-1,6,1,17,4,1598,1,10,VAUXHALL ASTRA,10,E01008420,0,1
2024010525143,2024,010525143,3,9,0,18,19,1,5,0,0,0,0,0,0,0,0,1,1,1,1,45,7,1399,1,5,VAUXHALL ASTRA,3,E01002133,0,1
2024440105823,2024,440105823,2,9,0,4,4,8,4,0,0,1,0,0,0,0,2,1,6,6,3,-1,-1,1398,1,12,VAUXHALL ASTRA,-1,-1,0,-1
2024010540821,2024,010540821,2,9,9,99,99,9,9,99,99,9,9,99,9,99,9,9,6,6,1,45,7,1598,1,20,VAUXHALL ASTRA,8,E01002239,0,1
2024101399849,2024,101399849,2,9,0,-1,3,1,5,-1,0,0,0,0,0,0,2,1,-1,6,1,50,8,1398,1,9,VAUXHALL ASTRA,4,E01008844,0,1
2024991397752,2024,991397752,2,9,0,-1,19,2,6,-1,0,1,0,0,0,0,2,1,-1,9,1,48,8,1248,2,10,VAUXHALL ASTRA,1,-1,0,1
202417H104624,2024,17H104624,1,9,0,-1,19,3,7,-1,0,1,0,0,0,0,0,1,-1,6,1,34,6,1398,1,14,VAUXHALL ASTRA,4,E01012052,0,3
2024401419267,2024,401419267,1,9,0,-1,19,7,7,-1,0,0,0,0,0,0,1,1,-1,1,2,36,7,1796,1,20,VAUXHALL ASTRA,5,E01027059,0,3
2024552500073,2024,552500073,1,9,0,18,19,7,3,0,0,6,0,0,0,0,1,1,6,6,3,-1,-1,-1,-1,-1,VAUXHALL ASTRA,-1,-1,0,-1
2024371463815,2024,371463815,1,9,0,-1,19,-1,-1,-1,0,1,1,0,2,0,4,1,-1,9,1,25,5,1998,1,15,VAUXHALL ASTRA,5,E01030199,0,3
2024010551450,2024,010551450,2,19,0,18,19,7,3,0,0,8,0,0,0,0,1,1,6,6,1,35,6,1364,1,17,VAUXHALL ASTRA,4,E01001582,0,2
2024010519936,2024,010519936,1,9,0,18,19,5,1,0,0,8,0,0,0,0,1,1,6,6,1,67,10,1598,1,11,VAUXHALL ASTRA,6,E01003392,0,1
2024061437205,2024,061437205,2,9,0,-1,4,7,3,-1,0,0,0,0,0,0,2,1,-1,6,2,38,7,1686,2,14,VAUXHALL ASTRA,-1,-1,0,-1
2024041400838,2024,041400838,1,9,0,-1,19,6,2,-1,0,0,0,0,7,11,1,1,-1,9,1,39,7,1956,2,11,VAUXHALL ASTRA,10,E01027712,0,4
2024061454750,2024,061454750,3,9,0,-1,3,5,5,-1,0,0,0,0,0,0,2,1,-1,6,2,39,7,1399,1,5,VAUXHALL ASTRA,1,E01034124,0,1
2024522401989,2024,522401989,2,9,0,7,7,8,1,0,0,5,0,0,0,0,4,1,6,6,3,-1,-1,1199,1,1,VAUXHALL ASTRA,-1,-1,0,-1
2024320017062,2024,320017062,1,9,0,18,19,2,6,0,0,0,0,0,0,0,1,1,-1,-1,2,34,6,1686,2,13,VAUXHALL ASTRA,-1,-1,0,-1
2024440313612,2024,440313612,2,9,0,18,19,8,4,0,0,1,0,0,0,0,1,1,6,6,1,57,9,1598,1,18,VAUXHALL ASTRA,6,E01035454,0,2
2024451398652,2024,451398652,1,9,0,-1,19,1,5,-1,0,2,0,0,0,0,1,1,-1,9,1,60,9,1956,2,11,VAUXHALL ASTRA,8,E01001022,0,3
2024501503690,2024,501503690,1,9,0,-1,19,1,5,-1,0,2,5,0,0,0,1,1,-1,6,2,23,5,1398,1,14,VAUXHALL ASTRA,4,E01018968,0,2
2024010544562,2024,010544562,1,9,9,18,19,1,5,99,99,9,9,99,9,99,9,9,6,6,1,28,6,1364,1,10,VAUXHALL ASTRA,8,E01002888,0,1
2024401479272,2024,401479272,2,9,0,-1,6,7,3,-1,0,1,0,0,0,0,1,1,-1,6,1,28,6,1910,2,16,VAUXHALL ASTRA,3,E01017501,0,4
2024010536918,2024,010536918,2,9,0,18,19,1,5,0,0,0,0,4,0,0,1,1,6,6,1,37,7,1598,1,9,VAUXHALL ASTRA,2,E01002716,0,3
2024101462066,2024,101462066,1,9,0,-1,8,3,7,-1,0,0,0,0,0,0,1,1,-1,2,1,54,8,1598,2,8,VAUXHALL ASTRA,4,E01020899,0,4
2024201450909,2024,201450909,2,9,0,-1,19,8,4,-1,0,1,0,0,0,0,2,1,-1,9,2,62,9,1598,1,14,VAUXHALL ASTRA,9,E01013579,0,4
2024351468320,2024,351468320,1,9,0,-1,19,5,1,-1,0,2,1,0,7,9,4,1,-1,9,2,31,6,1796,1,19,VAUXHALL ASTRA,3,E01026458,0,4
2024991448123,2024,991448123,1,9,0,-1,19,4,8,-1,0,0,0,0,0,0,1,1,-1,9,2,68,10,1364,1,14,VAUXHALL ASTRA,3,-1,0,4
2024332400613,2024,332400613,3,9,0,-1,19,3,7,-1,0,1,0,0,1,7,1,1,-1,1,1,28,6,-1,-1,-1,VAUXHALL ASTRA,3,E01019838,0,4
2024010512199,2024,010512199,2,9,0,18,19,1,5,0,0,6,0,0,0,0,4,1,6,6,3,-1,-1,1598,2,9,VAUXHALL ASTRA,-1,-1,0,-1
2024351420346,2024,351420346,2,9,0,-1,4,7,3,-1,0,0,0,0,0,0,2,1,-1,2,1,56,9,1686,2,15,VAUXHALL ASTRA,2,E01015634,0,3
2024552401434,2024,552401434,1,9,0,5,5,8,6,0,0,4,0,0,0,0,1,1,2,2,2,40,7,1598,2,7,VAUXHALL ASTRA,1,E01020555,0,4
2024010498291,2024,010498291,3,9,0,2,2,0,0,9,9,1,0,0,7,0,2,1,6,6,3,-1,-1,1399,1,8,VAUXHALL ASTRA,-1,-1,0,-1
2024010526606,2024,010526606,3,9,0,18,19,5,1,0,0,0,0,0,0,0,0,1,1,1,1,30,6,1399,1,5,VAUXHALL ASTRA,5,E01002010,0,3
2024351504503,2024,351504503,2,9,0,-1,9,2,1,-1,0,1,0,0,0,0,3,1,-1,6,1,22,5,1398,1,14,VAUXHALL ASTRA,10,E01018167,0,2
2024991399590,2024,991399590,1,9,0,-1,19,8,4,-1,0,0,1,0,7,9,4,1,-1,2,1,25,5,1686,2,14,VAUXHALL ASTRA,5,-1,0,2
2024041464317,2024,041464317,1,9,0,-1,19,7,3,-1,0,0,0,0,1,0,4,1,-1,6,2,22,5,1248,2,14,VAUXHALL ASTRA,1,E01025224,0,2
2024991497672,2024,991497672,1,9,0,-1,19,5,1,-1,0,0,0,0,1,0,3,1,-1,9,1,43,7,1199,1,1,VAUXHALL ASTRA,-1,-1,0,-1
2024461458552,2024,461458552,1,9,0,-1,9,7,3,-1,0,0,0,0,0,0,3,1,-1,1,1,28,6,1598,1,15,VAUXHALL ASTRA,5,E01024356,0,2
2024501514537,2024,501514537,1,9,0,-1,19,5,1,-1,0,0,0,0,0,0,1,1,-1,9,2,42,7,1956,2,12,VAUXHALL ASTRA,3,E01018761,0,1
2024361398906,2024,361398906,2,9,0,-1,19,5,1,-1,0,2,0,0,0,0,1,9,-1,6,1,44,7,1364,1,16,VAUXHALL ASTRA,1,E01026704,0,1
2024501422208,2024,501422208,1,9,0,-1,19,5,1,-1,0,0,0,0,0,0,1,1,-1,7,2,36,7,1686,2,11,VAUXHALL ASTRA,6,E01019935,0,1
2024161438603,2024,161438603,1,9,0,-1,9,7,5,-1,0,0,0,0,0,0,4,9,-1,6,1,27,6,1998,1,11,VAUXHALL ASTRA,2,E01033109,0,1
2024010535084,2024,010535084,2,9,9,99,99,9,9,99,99,6,9,99,9,99,9,9,6,6,3,-1,-1,1364,1,15,VAUXHALL ASTRA,-1,-1,0,-1
2024010537561,2024,010537561,1,9,0,18,19,4,8,0,0,6,0,10,1,1,4,1,2,2,2,35,6,1398,1,10,VAUXHALL ASTRA,8,E01000246,0,1
2024401444092,2024,401444092,2,9,-1,-1,-1,-1,-1,-1,-1,0,-1,-1,-1,0,2,9,-1,7,2,38,7,1398,1,12,VAUXHALL ASTRA,4,E01017522,0,1
2024461473052,2024,461473052,1,9,0,-1,11,1,3,-1,0,0,1,0,0,0,4,1,-1,6,1,22,5,1598,1,18,VAUXHALL ASTRA,5,E01023332,0,4
2024221483097,2024,221483097,1,9,0,-1,19,5,2,-1,0,0,1,0,1,4,1,1,-1,9,1,20,4,1598,2,8,VAUXHALL ASTRA,3,E01022294,0,4
2024401404440,2024,401404440,3,9,0,-1,19,5,1,-1,0,1,0,0,0,0,1,1,-1,6,1,31,6,1398,1,13,VAUXHALL ASTRA,5,E01015739,0,1
2024501487391,2024,501487391,1,9,0,-1,19,5,1,-1,0,8,0,0,0,0,1,1,-1,6,2,53,8,1598,1,13,VAUXHALL ASTRA,3,E01018784,0,1
2024430409965,2024,430409965,1,9,0,18,19,8,4,0,0,0,5,0,1,10,1,1,6,6,1,27,6,1398,1,13,VAUXHALL ASTRA,5,E01002302,0,4
2024041536445,2024,041536445,1,9,0,-1,19,1,5,-1,0,0,0,0,0,0,1,1,-1,9,1,41,7,1364,1,14,VAUXHALL ASTRA,2,E01034366,0,5
2024440174558,2024,440174558,1,19,0,16,19,5,8,0,0,1,0,0,0,0,3,1,2,2,1,31,6,1686,2,12,VAUXHALL ASTRA,9,E01022667,0,4
2024401400360,2024,401400360,2,9,0,-1,8,7,3,-1,0,4,0,0,0,0,2,9,-1,6,1,30,6,1399,1,7,VAUXHALL ASTRA,7,E01017498,0,1
2024401538552,2024,401538552,2,9,0,-1,3,5,1,-1,0,1,0,0,0,0,1,1,-1,1,1,33,6,1398,1,10,VAUXHALL ASTRA,8,E01017583,0,1
2024161465983,2024,161465983,2,9,0,-1,19,7,2,-1,0,1,0,0,0,0,3,1,-1,1,1,45,7,1956,2,11,VAUXHALL ASTRA,1,E01012842,0,2
2024010488554,2024,010488554,1,9,0,18,19,1,5,0,0,1,0,0,0,0,1,1,6,6,1,76,11,1598,2,8,VAUXHALL ASTRA,3,E01004402,0,1
2024010516473,2024,010516473,2,9,0,2,2,0,0,0,0,1,0,0,0,0,3,1,6,6,3,-1,-1,1598,2,6,VAUXHALL ASTRA,-1,-1,0,-1
2024991443341,2024,991443341,1,9,0,-1,9,5,3,-1,0,5,0,0,0,0,1,1,-1,6,3,-1,-1,1598,1,13,VAUXHALL ASTRA,-1,-1,0,-1
2024041413286,2024,041413286,1,9,0,-1,1,7,3,-1,0,1,0,0,0,0,2,1,-1,6,-1,-1,-1,1364,1,17,VAUXHALL ASTRA,-1,-1,0,-1
2024421476532,2024,421476532,1,9,0,-1,5,8,4,-1,0,6,0,0,0,0,4,1,-1,6,1,43,7,1598,2,7,VAUXHALL ASTRA,9,E01022076,0,3
2024430367638,2024,430367638,1,9,0,17,19,3,7,0,0,1,2,10,2,1,1,1,6,6,1,37,7,1364,1,10,VAUXHALL ASTRA,8,E01028716,0,2
2024461412628,2024,461412628,1,9,0,-1,19,4,1,-1,0,6,0,0,1,9,4,1,-1,6,1,18,4,1796,1,19,VAUXHALL ASTRA,-1,-1,0,-1
2024141502293,2024,141502293,2,9,0,-1,9,6,4,-1,0,6,0,0,0,0,4,1,-1,9,1,34,6,1956,2,10,VAUXHALL ASTRA,4,E01007587,0,1
2024201482428,2024,201482428,1,9,0,-1,19,8,4,-1,0,8,0,0,0,0,1,9,-1,6,3,28,6,1686,2,12,VAUXHALL ASTRA,1,E01009952,0,3
2024501494257,2024,501494257,1,9,0,-1,7,8,3,-1,0,5,0,0,0,0,1,1,-1,2,1,55,8,1399,1,6,VAUXHALL ASTRA,7,E01020227,0,1
2024052402794,2024,052402794,1,9,0,1,1,5,1,0,0,1,0,0,0,0,3,1,6,6,1,81,11,1399,1,8,VAUXHALL ASTRA,9,E01006914,0,1
2024471411752,2024,471411752,4,9,0,-1,19,1,5,-1,0,0,0,0,0,0,0,1,-1,1,1,33,6,1598,2,5,VAUXHALL ASTRA,5,E01031818,0,4
2024010521726,2024,010521726,1,9,0,18,19,4,8,0,0,0,0,0,0,0,0,1,6,6,3,-1,-1,1399,1,5,VAUXHALL ASTRA,-1,-1,0,-1
2024361439078,2024,361439078,1,9,0,-1,9,2,6,-1,0,0,0,0,0,0,4,1,-1,6,1,-1,-1,1362,1,12,VAUXHALL ASTRA,4,E01026610,0,1
2024430181694,2024,430181694,1,9,0,7,7,2,4,0,0,8,0,0,0,0,2,1,6,6,2,28,6,1362,1,11,VAUXHALL ASTRA,4,E01016481,0,1
2024122400719,2024,122400719,2,9,0,5,5,4,8,0,0,8,0,0,3,10,4,1,6,6,1,84,11,1598,1,10,VAUXHALL ASTRA,6,E01027559,0,1
2024010527708,2024,010527708,2,9,0,9,9,5,3,0,0,1,0,0,0,0,1,1,6,6,1,18,4,1598,1,14,VAUXHALL ASTRA,5,E01000996,0,1
2024631464561,2024,631464561,2,9,0,-1,11,1,4,-1,0,8,0,0,0,0,4,2,-1,9,1,42,7,1956,2,11,VAUXHALL ASTRA,2,W01000960,0,4
2024401435588,2024,401435588,2,9,0,-1,19,7,3,-1,0,1,0,0,0,0,4,1,-1,6,1,38,7,1399,1,7,VAUXHALL ASTRA,6,E01017508,0,1
2024501493189,2024,501493189,2,9,0,-1,19,7,3,-1,0,0,0,0,0,0,2,1,-1,9,1,22,5,1398,1,12,VAUXHALL ASTRA,1,E01018910,0,2
202454E882224,2024,54E882224,1,9,0,9,9,7,3,0,0,6,1,7,1,11,3,1,6,6,2,76,11,1598,1,21,VAUXHALL ASTRA,5,E01032090,0,1
2024340NN1682,2024,340NN1682,1,9,0,-1,9,1,7,-1,0,5,0,0,0,0,4,1,-1,9,1,52,8,1796,1,15,VAUXHALL ASTRA,7,E01032963,0,1
2024501483242,2024,501483242,4,9,0,-1,2,0,0,-1,0,0,0,0,0,0,2,1,-1,6,1,51,8,1598,2,8,VAUXHALL ASTRA,4,E01020116,0,1
2024010489798,2024,010489798,2,9,0,18,19,7,3,0,0,1,0,0,7,11,1,1,3,7,2,23,5,1598,1,14,VAUXHALL ASTRA,-1,-1,0,-1
2024471409258,2024,471409258,2,9,0,-1,9,7,7,-1,0,2,0,0,0,0,3,1,-1,6,1,46,8,1686,2,21,VAUXHALL ASTRA,1,E01020982,0,1
2024201580431,2024,201580431,2,9,0,-1,2,0,0,-1,0,1,0,0,0,0,0,9,-1,1,-1,-1,-1,1598,2,5,VAUXHALL ASTRA,-1,-1,0,-1
2024201491767,2024,201491767,1,9,0,-1,19,1,3,-1,0,8,0,10,0,0,1,1,-1,6,1,-1,-1,1598,1,14,VAUXHALL ASTRA,-1,-1,0,-1
2024320367951,2024,320367951,1,9,0,-1,-1,8,4,0,0,0,0,0,7,0,1,1,-1,-1,1,72,10,1199,1,2,VAUXHALL ASTRA,8,E01026212,0,1
2024201524454,2024,201524454,4,9,0,-1,11,7,7,-1,0,0,0,4,0,0,2,1,-1,9,1,23,5,1364,1,10,VAUXHALL ASTRA,-1,-1,0,-1
2024201450250,2024,201450250,1,9,0,-1,19,8,4,-1,0,0,0,0,0,0,1,1,-1,9,1,24,5,1598,1,11,VAUXHALL ASTRA,2,E01034952,0,1
2024041441388,2024,041441388,3,9,0,-1,2,3,7,-1,0,0,0,0,0,0,2,1,-1,6,-1,-1,-1,1598,1,11,VAUXHALL ASTRA,-1,-1,0,-1
2024361426980,2024,361426980,2,9,0,-1,19,1,5,-1,0,0,0,0,1,0,1,1,-1,9,1,49,8,1686,2,11,VAUXHALL ASTRA,7,E01034094,0,5
2024440242636,2024,440242636,1,9,0,18,19,7,3,0,0,0,0,0,0,0,1,1,6,6,2,43,7,1796,1,16,VAUXHALL ASTRA,6,E01017176,0,1
2024431474016,2024,431474016,2,9,0,-1,19,5,1,-1,0,0,0,0,0,0,1,1,-1,9,1,25,5,1598,1,13,VAUXHALL ASTRA,5,E01003666,0,4
2024430505465,2024,430505465,1,9,0,18,19,7,3,0,0,0,0,0,0,0,-1,1,6,6,1,25,5,1199,1,2,VAUXHALL ASTRA,9,E01032609,0,1
2024231491912,2024,231491912,1,9,0,-1,19,8,4,-1,0,0,0,0,0,0,4,1,-1,1,1,25,5,1199,1,0,VAUXHALL ASTRA,7,E01031260,0,1
2024010511903,2024,010511903,4,9,0,3,3,5,1,0,0,0,0,0,0,0,2,1,6,6,1,35,6,1399,1,5,VAUXHALL ASTRA,6,E01017809,0,4
2024401460920,2024,401460920,1,9,0,-1,5,6,2,-1,0,0,0,0,0,0,1,1,-1,6,1,56,9,1686,2,12,VAUXHALL ASTRA,2,E01017594,0,2
2024351518234,2024,351518234,1,9,0,-1,19,1,5,-1,0,0,1,0,7,4,1,1,-1,1,1,29,6,1796,1,17,VAUXHALL ASTRA,-1,-1,0,-1
2024461457497,2024,461457497,1,9,0,-1,-1,-1,-1,-1,-1,-1,-1,-1,-1,0,1,9,-1,6,1,55,8,1399,1,7,VAUXHALL ASTRA,1,E01024397,0,1
2024010512261,2024,010512261,2,9,0,18,19,3,7,0,0,8,0,0,0,0,1,1,6,6,1,44,7,1598,2,7,VAUXHALL ASTRA,2,E01003507,0,3
2024421471436,2024,421471436,1,9,0,-1,9,2,1,-1,0,4,0,0,0,0,1,1,-1,6,2,57,9,1598,1,15,VAUXHALL ASTRA,2,E01021697,0,1
2024451484440,2024,451484440,3,9,0,-1,19,5,1,-1,0,0,0,0,0,0,0,1,-1,9,1,22,5,1598,2,5,VAUXHALL ASTRA,8,E01030800,0,4
2024010508326,2024,010508326,1,9,0,99,99,9,9,99,99,9,9,99,9,99,1,9,6,6,1,74,10,1598,1,12,VAUXHALL ASTRA,3,E01001602,0,1
2024052402475,2024,052402475,1,9,0,18,19,1,5,0,0,0,0,0,0,0,1,1,6,6,1,40,7,1956,2,12,VAUXHALL ASTRA,5,E01025228,0,4
2024141397924,2024,141397924,1,9,0,-1,19,3,7,-1,0,0,0,0,0,0,4,1,-1,9,1,80,11,1598,1,17,VAUXHALL ASTRA,6,E01007319,0,1
2024010544371,2024,010544371,1,9,0,2,2,0,0,0,0,0,0,0,0,0,0,1,6,6,3,-1,-1,1796,1,17,VAUXHALL ASTRA,-1,-1,0,-1
2024131480634,2024,131480634,2,9,0,-1,19,5,1,-1,0,0,0,0,8,0,1,1,-1,9,1,50,8,1399,1,7,VAUXHALL ASTRA,10,E01011382,0,1
2024131495244,2024,131495244,1,9,0,-1,19,2,6,-1,0,0,0,0,0,0,1,1,-1,6,1,37,7,1686,2,12,VAUXHALL ASTRA,5,E01013359,0,4
2024010542155,2024,010542155,2,9,0,99,99,9,9,99,99,9,9,99,9,99,9,9,6,6,3,42,7,1598,8,0,VAUXHALL ASTRA,4,E01000736,0,3
202460Q161192,2024,60Q161192,1,9,0,18,19,1,5,0,0,1,0,0,0,0,1,1,6,6,1,84,11,1686,2,19,VAUXHALL ASTRA,-1,-1,0,-1
2024010506161,2024,010506161,1,9,0,9,9,5,2,0,0,1,0,0,0,0,3,1,6,6,2,56,9,1598,2,8,VAUXHALL ASTRA,2,E01002076,0,2
2024552400626,2024,552400626,1,9,0,18,19,7,3,0,0,0,0,0,0,0,1,1,6,6,3,-1,-1,1796,1,15,VAUXHALL ASTRA,-1,-1,0,-1