collision_index,collision_year,collision_ref_no,vehicle_reference,vehicle_type,towing_and_articulation,vehicle_manoeuvre_historic,vehicle_manoeuvre,vehicle_direction_from,vehicle_direction_to,vehicle_location_restricted_lane_historic,vehicle_location_restricted_lane,junction_location,skidding_and_overturning,hit_object_in_carriageway,vehicle_leaving_carriageway,hit_object_off_carriageway,first_point_of_impact,vehicle_left_hand_drive,journey_purpose_of_driver_historic,journey_purpose_of_driver,sex_of_driver,age_of_driver,age_band_of_driver,engine_capacity_cc,propulsion_code,age_of_vehicle,generic_make_model,driver_imd_decile,lsoa_of_driver,escooter_flag,driver_distance_banding
2024131518167,2024,131518167,2,9,0,-1,2,0,0,-1,0,0,0,0,0,0,1,1,-1,2,1,65,9,1598,1,17,VAUXHALL ASTRA,1,E01011324,0,1
2024471412531,2024,471412531,2,9,0,-1,19,5,1,-1,0,1,0,0,0,0,4,1,-1,9,2,28,6,1686,2,11,VAUXHALL ASTRA,6,E01031396,0,1
2024122400245,2024,122400245,1,9,0,18,19,8,4,0,0,0,0,0,0,0,1,1,6,6,1,65,9,1364,1,14,VAUXHALL ASTRA,9,E01013392,0,1
2024440473378,2024,440473378,2,9,0,18,19,8,4,0,0,8,2,0,0,0,4,1,6,6,1,66,10,1598,1,23,VAUXHALL ASTRA,5,E01032883,0,1
2024302401354,2024,302401354,2,9,0,18,19,5,1,0,0,8,0,0,0,0,1,1,6,6,2,42,7,1686,2,14,VAUXHALL ASTRA,4,E01013525,0,1
2024071057382,2024,071057382,3,9,0,-1,10,1,3,-1,0,1,0,0,0,0,1,1,-1,6,2,38,7,1398,1,10,VAUXHALL ASTRA,10,E01018397,0,1
2024141511683,2024,141511683,1,9,0,-1,4,3,7,-1,0,1,0,0,0,0,1,2,-1,2,1,55,8,1598,1,13,VAUXHALL ASTRA,2,E01007982,0,1
2024201505660,2024,201505660,1,9,0,-1,5,1,5,-1,0,8,0,0,0,0,1,1,-1,6,1,36,7,1910,2,16,VAUXHALL ASTRA,5,E01009590,0,2
2024401527008,2024,401527008,1,9,0,-1,19,4,8,-1,0,0,0,0,0,0,3,1,-1,1,1,47,8,1796,1,19,VAUXHALL ASTRA,6,E01015721,0,1
2024201448605,2024,201448605,2,9,0,-1,4,1,5,-1,0,1,0,0,0,0,2,9,-1,9,2,41,7,1686,2,12,VAUXHALL ASTRA,6,E01018052,0,5
2024122400958,2024,122400958,3,9,0,18,19,1,5,0,0,0,0,0,1,11,1,1,6,6,1,41,7,1362,1,11,VAUXHALL ASTRA,-1,-1,0,-1
2024010507860,2024,010507860,1,9,0,18,19,6,2,0,0,1,1,0,0,0,4,1,6,6,2,70,10,1399,1,7,VAUXHALL ASTRA,5,E01000383,0,1
2024991411786,2024,991411786,2,9,0,-1,19,7,3,-1,0,8,0,0,0,0,4,2,-1,9,2,46,8,1199,3,0,VAUXHALL ASTRA,8,-1,0,1
2024440037899,2024,440037899,1,9,0,9,9,7,5,0,0,8,0,0,0,0,3,1,2,2,1,36,7,1598,8,1,VAUXHALL ASTRA,10,E01022647,0,4
2024031468311,2024,031468311,1,9,0,-1,5,7,3,-1,0,4,0,0,0,0,2,2,-1,6,1,28,6,1910,2,16,VAUXHALL ASTRA,-1,-1,0,-1
2024201526527,2024,201526527,1,9,0,-1,19,7,3,-1,0,1,0,0,0,0,1,1,-1,6,1,40,7,1598,1,22,VAUXHALL ASTRA,2,E01010028,0,1
2024471418374,2024,471418374,1,9,0,-1,4,6,2,-1,0,0,0,0,0,0,2,1,-1,6,1,27,6,1686,2,11,VAUXHALL ASTRA,7,E01031365,0,3
2024010522284,2024,010522284,2,9,4,99,99,9,9,99,99,9,9,99,9,99,9,9,6,6,1,54,8,1598,1,17,VAUXHALL ASTRA,1,E01016006,0,4
2024332400018,2024,332400018,1,9,0,-1,19,5,1,-1,0,6,0,0,0,0,4,1,-1,9,1,28,6,1598,2,7,VAUXHALL ASTRA,3,E01013772,0,1
2024361448410,2024,361448410,1,9,0,-1,5,3,4,-1,0,6,0,0,0,0,1,1,-1,6,2,42,7,1796,1,14,VAUXHALL ASTRA,5,E01026591,0,1
2024471406000,2024,471406000,3,9,0,-1,2,0,0,-1,0,0,0,0,0,0,1,1,-1,6,-1,-1,-1,1796,1,14,VAUXHALL ASTRA,-1,-1,0,-1
2024311541645,2024,311541645,1,9,0,-1,7,6,1,-1,0,1,0,0,1,0,1,1,-1,9,1,39,7,1598,1,16,VAUXHALL ASTRA,3,E01028025,0,1
2024141502954,2024,141502954,1,9,0,-1,19,2,6,-1,0,2,1,0,0,0,1,1,-1,6,2,50,8,1686,2,13,VAUXHALL ASTRA,2,E01007773,0,1
2024501482917,2024,501482917,1,9,0,-1,19,6,2,-1,0,0,0,0,0,0,1,1,-1,2,2,55,8,1399,1,5,VAUXHALL ASTRA,5,E01020083,0,1
2024311493251,2024,311493251,1,9,0,-1,15,6,2,-1,0,0,0,0,0,0,3,1,-1,2,1,42,7,1956,2,10,VAUXHALL ASTRA,4,E01019431,0,2
2024041449878,2024,041449878,2,9,0,-1,2,0,0,-1,0,0,0,0,0,0,3,1,-1,6,-1,-1,-1,1598,1,8,VAUXHALL ASTRA,-1,-1,0,-1
2024061471496,2024,061471496,1,9,0,-1,19,1,6,-1,0,1,0,0,0,0,1,9,-1,6,3,-1,-1,1398,1,13,VAUXHALL ASTRA,-1,-1,0,-1
2024361532707,2024,361532707,2,9,0,-1,19,-1,-1,-1,0,0,1,0,1,99,1,1,-1,2,1,33,6,1598,1,6,VAUXHALL ASTRA,5,E01026501,0,3
2024061406696,2024,061406696,1,9,-1,-1,-1,-1,-1,-1,-1,-1,-1,-1,-1,0,-1,9,-1,6,3,-1,-1,1598,1,17,VAUXHALL ASTRA,-1,-1,0,-1
2024141399461,2024,141399461,4,9,0,-1,4,1,5,-1,0,0,0,0,0,0,1,1,-1,2,2,27,6,1598,2,7,VAUXHALL ASTRA,2,E01007465,0,3
2024991521377,2024,991521377,1,9,0,-1,9,7,1,-1,0,6,0,0,1,0,3,1,-1,6,1,64,9,1956,2,9,VAUXHALL ASTRA,6,-1,0,1
2024320144618,2024,320144618,1,9,0,-1,-1,7,3,0,0,1,0,0,0,0,1,1,6,6,2,35,6,1910,2,15,VAUXHALL ASTRA,4,E01026055,0,2
2024552400307,2024,552400307,1,9,0,7,7,4,6,0,0,8,0,0,1,10,1,1,1,1,2,31,6,1364,1,17,VAUXHALL ASTRA,5,E01015441,0,1
2024010512322,2024,010512322,1,9,0,15,15,8,4,0,0,1,0,0,0,0,3,1,6,6,1,30,6,1598,1,14,VAUXHALL ASTRA,-1,-1,0,-1
2024471415203,2024,471415203,1,9,0,-1,9,3,1,-1,0,8,0,0,0,0,1,1,-1,9,1,40,7,1686,2,12,VAUXHALL ASTRA,9,E01017002,0,1
2024041412706,2024,041412706,2,9,0,-1,19,1,5,-1,0,0,0,0,0,0,2,1,-1,9,1,29,6,1364,1,15,VAUXHALL ASTRA,1,E01024877,0,1
2024302401120,2024,302401120,1,9,0,3,3,5,1,0,0,2,0,0,0,0,2,1,6,6,2,56,9,1364,1,14,VAUXHALL ASTRA,7,E01019634,0,3
2024320231568,2024,320231568,1,9,0,-1,-1,4,8,0,0,4,0,0,0,4,1,1,6,6,2,29,6,1598,2,7,VAUXHALL ASTRA,2,E01026113,0,1
2024501528022,2024,501528022,2,9,0,-1,19,7,2,-1,0,1,0,0,0,0,3,1,-1,2,2,53,8,1956,2,12,VAUXHALL ASTRA,8,E01015119,0,1
202454A693324,2024,54A693324,2,9,0,18,19,1,5,0,0,8,0,0,0,0,2,1,2,2,2,38,7,1598,1,14,VAUXHALL ASTRA,1,E01015507,0,1
2024201435143,2024,201435143,1,9,0,-1,19,2,6,-1,0,0,0,4,7,11,1,9,-1,9,1,73,10,1598,1,20,VAUXHALL ASTRA,1,E01009325,0,1
2024010548724,2024,010548724,1,9,0,18,19,3,7,0,0,1,0,0,0,0,1,1,6,6,1,19,4,1399,1,8,VAUXHALL ASTRA,9,W01001190,0,5
2024361433663,2024,361433663,3,9,0,-1,4,1,5,-1,0,0,0,0,0,0,2,1,-1,6,1,55,8,1598,1,14,VAUXHALL ASTRA,2,E01026478,0,1
2024010540212,2024,010540212,2,9,0,99,99,9,9,99,99,0,9,99,9,99,1,9,6,6,1,-1,-1,1598,1,16,VAUXHALL ASTRA,5,E01009267,0,5
2024520401860,2024,520401860,2,9,0,18,19,6,2,0,0,0,0,0,0,0,1,1,6,6,1,62,9,1910,2,16,VAUXHALL ASTRA,9,E01029076,0,3
2024421525629,2024,421525629,1,9,0,-1,19,1,5,-1,0,8,0,0,0,0,1,1,-1,6,2,69,10,1796,1,17,VAUXHALL ASTRA,2,E01015844,0,1
2024320369840,2024,320369840,1,9,0,-1,-1,8,4,0,0,8,0,0,0,0,1,1,-1,-1,2,30,6,1364,1,8,VAUXHALL ASTRA,4,E01026174,0,1
2024631429260,2024,631429260,1,9,0,-1,19,6,2,-1,0,1,0,0,0,0,1,1,-1,6,2,28,6,1598,1,12,VAUXHALL ASTRA,2,E01011315,0,5
2024131454504,2024,131454504,1,9,0,-1,19,4,8,-1,0,1,0,0,3,3,1,1,-1,9,1,82,11,1796,1,19,VAUXHALL ASTRA,2,E01011851,0,1
2024101501508,2024,101501508,1,9,0,-1,19,8,4,-1,0,8,0,0,0,0,1,9,-1,6,1,-1,-1,1598,1,14,VAUXHALL ASTRA,-1,-1,0,-1
2024010514812,2024,010514812,2,9,0,99,99,9,9,99,99,9,9,99,9,99,9,9,6,6,1,57,9,1399,1,8,VAUXHALL ASTRA,2,E01003984,0,1
2024131395629,2024,131395629,1,9,0,-1,19,1,1,-1,0,1,0,0,0,0,4,1,-1,9,2,28,6,1248,2,13,VAUXHALL ASTRA,2,E01011149,0,1
2024010518393,2024,010518393,2,9,0,99,99,9,9,0,0,0,0,99,9,99,9,9,6,6,3,-1,-1,1364,1,9,VAUXHALL ASTRA,3,E01000372,0,1
2024501412622,2024,501412622,1,9,0,-1,9,2,8,-1,0,8,0,0,0,0,1,1,-1,2,1,73,10,1398,1,9,VAUXHALL ASTRA,10,E01020026,0,1
202417S211524,2024,17S211524,1,9,0,-1,9,2,8,-1,0,8,0,0,0,0,3,1,-1,9,2,24,5,1199,1,3,VAUXHALL ASTRA,4,E01011990,0,1
2024161476464,2024,161476464,1,9,0,-1,19,1,5,-1,0,0,0,0,0,0,1,9,-1,6,1,25,5,1364,1,14,VAUXHALL ASTRA,1,E01012888,0,2
2024548780224,2024,548780224,1,9,0,5,5,3,7,0,0,0,0,0,0,0,0,1,6,6,1,33,6,1598,2,8,VAUXHALL ASTRA,9,E01031946,0,3
2024320078888,2024,320078888,2,9,0,2,2,0,0,0,0,0,0,0,0,0,2,1,6,6,3,-1,-1,1598,1,14,VAUXHALL ASTRA,-1,-1,0,-1
2024302401412,2024,302401412,1,9,0,16,19,2,4,0,0,2,0,0,0,0,1,1,6,6,3,-1,-1,1598,1,14,VAUXHALL ASTRA,5,E01019456,0,3
2024031416425,2024,031416425,2,9,0,-1,3,3,7,-1,0,2,0,0,0,0,2,1,-1,9,1,49,8,1598,1,9,VAUXHALL ASTRA,9,E01019191,0,1
2024320305569,2024,320305569,1,9,0,9,9,7,5,0,0,8,0,0,0,0,3,-1,-1,-1,1,62,9,1956,2,9,VAUXHALL ASTRA,-1,-1,0,-1
2024430380410,2024,430380410,3,9,0,4,4,2,6,0,0,1,0,0,0,0,2,1,6,6,1,32,6,1598,1,12,VAUXHALL ASTRA,2,E01016480,0,1
2024010521624,2024,010521624,1,9,3,9,9,5,2,1,1,1,0,0,0,0,0,1,6,6,1,20,4,1598,2,8,VAUXHALL ASTRA,3,E01004404,0,1
2024010546032,2024,010546032,2,9,0,9,9,7,5,0,0,6,0,0,0,0,1,1,6,6,2,49,8,1598,1,12,VAUXHALL ASTRA,6,E01003760,0,1
2024141478293,2024,141478293,1,9,0,-1,19,4,3,-1,0,1,0,11,0,0,4,1,-1,9,1,56,9,1598,2,7,VAUXHALL ASTRA,1,E01007919,0,2
2024010547111,2024,010547111,2,9,9,99,99,9,9,99,99,9,9,99,9,99,4,2,6,6,3,21,5,1598,1,31,VAUXHALL ASTRA,3,E01001503,0,3
2024991508945,2024,991508945,1,9,0,-1,9,5,2,-1,0,1,0,0,0,0,1,1,-1,9,2,77,11,1598,1,25,VAUXHALL ASTRA,4,-1,0,2
2024131517359,2024,131517359,1,9,0,-1,5,5,1,-1,0,8,0,7,0,0,2,1,-1,6,1,-1,-1,1499,2,1,VAUXHALL ASTRA,-1,-1,0,-1
2024010514882,2024,010514882,2,9,0,99,99,9,9,99,99,9,9,99,9,99,9,9,6,6,3,32,6,1399,1,7,VAUXHALL ASTRA,5,E01003083,0,1
2024010510039,2024,010510039,2,9,0,9,9,1,8,0,0,5,1,0,7,11,4,1,6,6,1,67,10,1364,1,17,VAUXHALL ASTRA,2,E01001772,0,1
2024430243942,2024,430243942,2,9,0,18,19,6,2,0,0,4,0,0,0,0,1,1,6,6,2,-1,-1,1399,1,7,VAUXHALL ASTRA,-1,-1,0,-1
2024010497451,2024,010497451,1,9,0,9,9,5,4,0,0,8,0,0,0,0,1,1,1,1,2,48,8,1399,1,5,VAUXHALL ASTRA,2,E01004008,0,1
2024061450124,2024,061450124,2,9,-1,-1,-1,-1,-1,-1,-1,-1,-1,-1,-1,0,-1,9,-1,7,2,39,7,1398,1,11,VAUXHALL ASTRA,5,E01005648,0,1
2024302400383,2024,302400383,1,9,0,7,7,3,5,0,0,8,0,0,0,0,3,1,6,6,1,92,11,1399,1,5,VAUXHALL ASTRA,8,E01019603,0,2
2024031417446,2024,031417446,1,9,0,-1,8,7,3,-1,0,0,0,0,1,0,4,9,-1,9,1,41,7,1686,2,10,VAUXHALL ASTRA,2,E01033160,0,1
2024991474489,2024,991474489,1,9,0,-1,4,3,7,-1,0,8,0,0,0,0,1,1,-1,6,1,27,6,1796,1,16,VAUXHALL ASTRA,1,-1,0,1
2024221515739,2024,221515739,1,8,0,-1,5,6,2,-1,0,0,0,0,0,0,4,9,-1,1,1,45,7,1598,2,6,VAUXHALL ASTRA,2,E01010021,0,4
2024010504582,2024,010504582,2,9,0,18,19,5,1,0,0,1,0,0,0,0,1,1,2,2,1,28,6,1796,1,14,VAUXHALL ASTRA,5,E01002395,0,1
2024622400544,2024,622400544,1,9,0,18,19,1,5,0,0,4,0,0,0,0,1,1,6,6,1,21,5,1598,1,22,VAUXHALL ASTRA,5,W01001111,0,1
2024061401827,2024,061401827,1,9,0,-1,19,5,4,-1,0,2,1,10,1,10,3,1,-1,9,1,58,9,1956,2,10,VAUXHALL ASTRA,2,E01006244,0,1
2024311435388,2024,311435388,2,9,0,-1,19,2,5,-1,0,2,0,0,0,0,1,1,-1,9,2,50,8,1398,1,11,VAUXHALL ASTRA,-1,-1,0,-1
2024430497307,2024,430497307,2,9,0,18,19,-1,-1,0,0,0,0,0,1,9,3,1,1,1,2,23,5,1362,1,10,VAUXHALL ASTRA,-1,-1,0,-1
2024471497534,2024,471497534,1,9,0,-1,19,5,1,-1,0,0,0,0,1,6,3,1,-1,2,2,27,6,1398,1,13,VAUXHALL ASTRA,5,E01021059,0,4
2024311466653,2024,311466653,1,9,0,-1,19,8,4,-1,0,0,0,0,0,0,2,1,-1,9,1,49,8,1598,2,7,VAUXHALL ASTRA,7,E01028182,0,2
2024111404740,2024,111404740,2,9,0,-1,9,1,8,-1,0,1,0,0,0,0,4,1,-1,2,1,19,4,1399,1,8,VAUXHALL ASTRA,1,E01020898,0,1
2024231414529,2024,231414529,1,9,0,-1,19,8,4,-1,0,0,0,0,0,0,1,9,-1,7,2,25,5,1686,2,9,VAUXHALL ASTRA,8,E01031083,0,1
2024431439966,2024,431439966,1,9,0,-1,19,7,3,-1,0,0,5,4,0,0,1,1,-1,2,1,20,4,1398,1,12,VAUXHALL ASTRA,5,E01022539,0,4
2024501443400,2024,501443400,2,9,0,-1,19,8,4,-1,0,8,0,0,0,0,1,1,-1,6,1,80,11,1598,1,14,VAUXHALL ASTRA,8,E01009850,0,5
2024061492705,2024,061492705,1,9,0,-1,19,2,7,-1,0,0,2,4,0,0,1,1,-1,6,1,22,5,1399,1,8,VAUXHALL ASTRA,9,E01005736,0,1
2024010543625,2024,010543625,1,9,0,7,7,5,7,0,0,2,0,0,0,0,2,1,6,6,2,34,6,1364,1,7,VAUXHALL ASTRA,2,E01004537,0,1
2024161475400,2024,161475400,1,9,0,-1,9,3,7,-1,0,0,5,0,0,0,1,1,-1,6,1,34,6,1364,1,14,VAUXHALL ASTRA,1,E01012906,0,1
2024010530872,2024,010530872,1,9,0,18,19,7,3,0,0,1,0,0,0,0,3,1,6,6,2,30,6,1598,1,16,VAUXHALL ASTRA,2,E01015931,0,3
2024401485076,2024,401485076,1,9,0,-1,19,2,7,-1,0,4,0,0,0,0,1,1,-1,6,1,51,8,1598,1,11,VAUXHALL ASTRA,4,E01015784,0,2
2024411523124,2024,411523124,1,9,0,-1,19,4,8,-1,0,2,0,10,7,2,3,1,-1,9,1,17,4,1796,1,20,VAUXHALL ASTRA,5,E01023786,0,2
2024010504893,2024,010504893,1,9,0,5,5,1,5,0,0,1,0,10,0,0,4,1,6,6,1,39,7,1598,2,8,VAUXHALL ASTRA,2,E01001339,0,1
2024320142366,2024,320142366,1,9,0,-1,-1,4,8,0,0,1,0,0,0,0,1,1,6,6,1,50,8,1598,1,15,VAUXHALL ASTRA,-1,-1,0,-1
2024131425501,2024,131425501,3,9,0,-1,2,0,0,-1,0,8,0,0,0,0,1,1,-1,1,1,39,7,1364,1,9,VAUXHALL ASTRA,3,E01011323,0,1
2024201526471,2024,201526471,1,9,0,-1,19,7,3,-1,0,1,0,0,0,0,1,9,-1,9,1,32,6,1598,1,9,VAUXHALL ASTRA,8,E01010122,0,1
2024440492520,2024,440492520,1,9,0,5,5,7,3,0,0,4,0,0,0,0,1,1,2,2,1,33,6,999,1,6,VAUXHALL ASTRA,5,E01017279,0,1
2024221486709,2024,221486709,2,8,0,-1,9,1,6,-1,0,6,0,0,0,0,1,9,-1,1,1,41,7,1598,2,8,VAUXHALL ASTRA,2,E01014125,0,1
2024010552388,2024,010552388,2,9,0,99,99,9,9,99,99,9,9,99,9,99,1,9,6,6,3,-1,-1,1399,1,6,VAUXHALL ASTRA,-1,-1,0,-1
2024010504334,2024,010504334,2,9,0,7,7,7,8,0,0,1,0,0,0,0,4,1,2,2,1,35,6,1399,1,7,VAUXHALL ASTRA,2,E01004722,0,2
2024371457155,2024,371457155,1,9,0,-1,19,2,5,-1,0,2,0,0,0,0,1,1,-1,9,2,48,8,1598,2,8,VAUXHALL ASTRA,10,E01004599,0,5
2024461422495,2024,461422495,2,9,0,-1,19,4,8,-1,0,0,0,0,0,0,1,1,-1,9,1,32,6,1398,1,10,VAUXHALL ASTRA,2,E01003932,0,4
2024122500119,2024,122500119,1,9,0,9,9,3,1,0,0,1,0,0,0,0,2,1,6,6,1,37,7,1598,2,9,VAUXHALL ASTRA,8,E01027746,0,1
2024332400716,2024,332400716,2,9,0,-1,19,1,5,-1,0,8,0,0,0,0,1,1,-1,6,1,60,9,1956,2,12,VAUXHALL ASTRA,4,E01013696,0,1
2024231504541,2024,231504541,1,9,0,-1,19,6,3,-1,0,0,0,0,0,0,1,9,-1,6,1,25,5,1956,2,12,VAUXHALL ASTRA,7,E01031208,0,1
2024010538352,2024,010538352,1,9,0,9,9,1,6,0,0,1,0,4,0,0,1,1,2,2,1,58,9,1364,1,9,VAUXHALL ASTRA,9,E01023837,0,4
2024101530570,2024,101530570,2,9,0,-1,2,0,0,-1,0,0,0,0,0,0,4,1,-1,6,2,40,7,1598,1,9,VAUXHALL ASTRA,4,E01027523,0,1
2024211427332,2024,211427332,2,9,0,-1,19,8,4,-1,0,3,0,0,8,0,3,1,-1,9,1,53,8,-1,-1,-1,VAUXHALL ASTRA,8,E01029417,0,3
2024430539704,2024,430539704,1,9,0,9,9,4,2,0,0,5,0,0,0,0,1,1,2,2,2,39,7,1398,1,10,VAUXHALL ASTRA,10,E01016653,0,1
2024501438857,2024,501438857,1,9,0,-1,4,1,5,-1,0,0,0,0,0,0,1,2,-1,9,1,44,7,1598,2,7,VAUXHALL ASTRA,7,E01025985,0,5
2024371478691,2024,371478691,1,9,0,-1,19,1,5,-1,0,0,2,0,7,0,1,1,-1,9,1,19,4,1598,1,20,VAUXHALL ASTRA,9,E01030122,0,3
2024461504133,2024,461504133,1,9,0,-1,19,7,3,-1,0,1,0,0,0,0,2,1,-1,9,1,30,6,1598,1,14,VAUXHALL ASTRA,2,E01016018,0,1
2024542481724,2024,542481724,1,9,0,9,9,8,4,0,0,8,0,0,0,0,1,1,6,6,1,63,9,1956,2,13,VAUXHALL ASTRA,5,E01032063,0,1
2024451534467,2024,451534467,2,9,0,-1,4,8,4,-1,0,0,0,0,0,0,3,1,-1,2,1,29,6,1796,1,18,VAUXHALL ASTRA,10,E01030804,0,1
2024201473103,2024,201473103,3,9,0,-1,2,0,0,-1,9,1,0,0,0,0,1,1,-1,6,-1,-1,-1,1686,2,12,VAUXHALL ASTRA,-1,-1,0,-1
2024430466504,2024,430466504,1,9,0,14,14,8,3,0,0,0,0,4,0,0,1,1,6,6,1,42,7,1956,2,12,VAUXHALL ASTRA,8,E01016759,0,3
2024031431284,2024,031431284,1,9,0,-1,19,4,7,-1,0,0,1,0,8,4,1,1,-1,6,1,38,7,1598,1,17,VAUXHALL ASTRA,4,E01033770,0,5
2024010528087,2024,010528087,2,9,0,99,99,9,9,99,99,9,9,99,9,99,1,9,6,6,3,-1,-1,1398,1,14,VAUXHALL ASTRA,-1,-1,0,-1
2024340NN4592,2024,340NN4592,1,9,0,-1,19,8,4,-1,0,0,0,0,0,0,1,1,-1,2,1,58,9,1598,2,6,VAUXHALL ASTRA,8,E01027066,0,1
2024161496070,2024,161496070,2,9,0,-1,19,6,2,-1,0,0,0,0,0,0,1,9,-1,6,1,53,8,1598,1,12,VAUXHALL ASTRA,1,E01012833,0,3
2024440482655,2024,440482655,1,9,0,9,9,8,1,0,0,8,0,0,0,0,0,1,6,6,2,38,7,1598,1,11,VAUXHALL ASTRA,10,E01022921,0,1
2024991518756,2024,991518756,1,9,0,-1,9,4,7,-1,0,2,0,0,0,0,1,1,-1,9,2,60,9,1956,2,10,VAUXHALL ASTRA,5,-1,0,1
2024010548829,2024,010548829,2,9,0,99,99,9,9,0,0,9,9,99,9,99,0,9,6,6,3,-1,-1,1598,1,17,VAUXHALL ASTRA,-1,-1,0,-1
2024371482650,2024,371482650,1,9,0,-1,9,1,3,-1,0,8,0,0,0,0,2,1,-1,9,2,68,10,1598,1,13,VAUXHALL ASTRA,5,E01029961,0,1
2024131413438,2024,131413438,2,9,0,-1,19,5,1,-1,0,1,0,0,0,0,1,1,-1,6,2,31,6,1199,1,2,VAUXHALL ASTRA,4,E01011801,0,1
2024991467482,2024,991467482,1,9,0,-1,19,3,7,-1,0,0,0,0,0,0,1,1,-1,9,1,77,11,1199,1,1,VAUXHALL ASTRA,1,-1,0,1
2024010531624,2024,010531624,1,9,0,18,19,5,1,0,0,1,0,0,0,0,1,1,6,6,1,39,7,1598,1,12,VAUXHALL ASTRA,-1,-1,0,-1
2024221430409,2024,221430409,2,9,0,-1,4,2,6,-1,0,1,0,0,0,0,2,1,-1,6,2,42,7,1598,1,9,VAUXHALL ASTRA,9,E01028966,0,1
2024201499144,2024,201499144,1,9,0,-1,9,3,1,-1,0,6,0,0,0,0,3,1,-1,6,2,67,10,1399,1,7,VAUXHALL ASTRA,5,E01010460,0,1
2024461440033,2024,461440033,2,9,0,-1,19,4,8,-1,0,8,0,0,0,0,0,1,-1,1,1,26,6,1496,2,4,VAUXHALL ASTRA,-1,-1,0,-1
2024161448218,2024,161448218,2,9,0,-1,19,2,6,-1,0,0,0,0,0,0,3,1,-1,6,1,36,7,-1,-1,-1,VAUXHALL ASTRA,1,E01012856,0,2
2024991455501,2024,991455501,1,9,0,-1,19,7,3,-1,0,2,0,0,0,0,4,1,-1,2,1,49,8,1598,1,22,VAUXHALL ASTRA,1,-1,0,2
2024010502453,2024,010502453,2,9,0,2,2,0,0,0,0,0,0,0,0,0,2,1,6,6,3,-1,-1,1598,2,8,VAUXHALL ASTRA,-1,-1,0,-1
2024430169507,2024,430169507,1,9,0,18,19,4,8,0,0,0,1,0,6,4,1,1,6,6,1,45,7,1248,2,18,VAUXHALL ASTRA,8,E01016250,0,1
2024041513238,2024,041513238,2,9,0,-1,19,1,5,-1,0,1,0,0,0,0,3,1,-1,9,2,42,7,1956,2,10,VAUXHALL ASTRA,1,E01012595,0,1
2024991410865,2024,991410865,2,9,0,-1,9,8,6,-1,0,6,0,0,0,0,3,1,-1,6,2,47,8,1364,1,10,VAUXHALL ASTRA,1,-1,0,1
2024052400072,2024,052400072,1,9,0,5,5,4,8,0,0,0,0,0,0,0,4,1,6,6,1,-1,-1,1796,1,19,VAUXHALL ASTRA,-1,-1,0,-1
2024421535212,2024,421535212,2,9,0,-1,19,1,5,-1,0,8,0,0,0,0,1,1,-1,9,2,48,8,1598,1,16,VAUXHALL ASTRA,6,E01021930,0,1
202460Q089135,2024,60Q089135,1,9,0,18,19,8,4,0,0,0,0,0,0,0,1,1,6,6,1,-1,-1,1598,2,7,VAUXHALL ASTRA,-1,-1,0,-1
2024552400325,2024,552400325,1,9,0,1,1,1,5,0,0,0,0,0,0,0,4,1,1,1,1,23,5,1598,2,5,VAUXHALL ASTRA,5,E01020577,0,1
2024351522199,2024,351522199,4,9,0,-1,19,5,1,-1,0,0,5,0,1,11,4,1,-1,9,1,27,6,1598,8,1,VAUXHALL ASTRA,7,E01015678,0,2
2024201514249,2024,201514249,1,9,0,-1,5,3,7,-1,0,0,0,0,0,0,1,1,-1,9,1,26,6,1398,1,11,VAUXHALL ASTRA,1,E01008979,0,2
2024631511726,2024,631511726,1,9,0,-1,19,3,7,-1,0,0,1,0,1,10,1,1,-1,6,2,35,6,1598,1,16,VAUXHALL ASTRA,6,W01000471,0,1
2024351512668,2024,351512668,1,9,0,-1,4,1,5,-1,0,1,0,0,0,0,1,1,-1,6,1,85,11,1598,1,21,VAUXHALL ASTRA,3,E01018066,0,1
2024421460677,2024,421460677,1,9,0,-1,15,7,3,-1,0,0,0,0,0,0,1,1,-1,6,1,31,6,1598,2,8,VAUXHALL ASTRA,3,E01021319,0,1
2024041456862,2024,041456862,1,9,0,-1,9,1,7,-1,0,6,0,0,0,0,3,1,-1,9,2,88,11,1598,1,14,VAUXHALL ASTRA,9,E01025328,0,2
2024231457438,2024,231457438,3,9,0,-1,19,6,2,-1,0,0,2,0,1,0,1,1,-1,9,1,63,9,1598,1,12,VAUXHALL ASTRA,3,E01009112,0,2
2024401438192,2024,401438192,3,9,0,-1,19,5,1,-1,0,1,0,0,0,0,4,1,-1,6,1,-1,-1,1598,1,13,VAUXHALL ASTRA,2,E01015699,0,1
2024991398700,2024,991398700,1,9,0,-1,19,1,5,-1,0,0,0,0,0,0,1,1,-1,9,2,70,10,1598,1,11,VAUXHALL ASTRA,7,-1,0,2
2024631488211,2024,631488211,1,9,0,-1,19,8,6,-1,0,0,0,0,0,0,1,1,-1,7,2,41,7,999,1,8,VAUXHALL ASTRA,6,W01000475,0,1
2024052401306,2024,052401306,1,9,0,18,19,1,5,0,0,0,0,0,0,0,1,1,6,6,3,-1,-1,1686,2,11,VAUXHALL ASTRA,-1,-1,0,-1
2024061396156,2024,061396156,2,9,0,-1,19,5,1,-1,0,1,0,0,0,0,1,1,-1,9,2,51,8,1956,2,12,VAUXHALL ASTRA,3,E01005013,0,2
2024010545570,2024,010545570,1,9,0,99,99,9,9,99,99,9,9,99,9,99,2,9,6,6,1,37,7,1398,1,11,VAUXHALL ASTRA,6,E01004002,0,1