collision_index,collision_year,collision_ref_no,vehicle_reference,vehicle_type,towing_and_articulation,vehicle_manoeuvre_historic,vehicle_manoeuvre,vehicle_direction_from,vehicle_direction_to,vehicle_location_restricted_lane_historic,vehicle_location_restricted_lane,junction_location,skidding_and_overturning,hit_object_in_carriageway,vehicle_leaving_carriageway,hit_object_off_carriageway,first_point_of_impact,vehicle_left_hand_drive,journey_purpose_of_driver_historic,journey_purpose_of_driver,sex_of_driver,age_of_driver,age_band_of_driver,engine_capacity_cc,propulsion_code,age_of_vehicle,generic_make_model,driver_imd_decile,lsoa_of_driver,escooter_flag,driver_distance_banding
2024101506022,2024,101506022,1,9,0,-1,9,1,6,-1,0,5,0,0,0,0,1,1,-1,6,1,32,6,1598,1,11,VAUXHALL ASTRA,-1,-1,0,-1
2024061486004,2024,061486004,1,9,0,-1,9,1,2,-1,0,0,0,0,0,0,1,1,-1,1,1,43,7,1956,2,12,VAUXHALL ASTRA,9,E01006091,0,4
2024161416972,2024,161416972,1,9,0,-1,19,8,4,-1,0,1,1,10,2,11,1,1,-1,9,1,25,5,1598,1,19,VAUXHALL ASTRA,7,E01012950,0,1
2024201427527,2024,201427527,1,9,0,-1,19,7,3,-1,0,6,0,0,0,0,3,9,-1,6,2,28,6,1598,2,9,VAUXHALL ASTRA,1,E01009195,0,1
2024010543860,2024,010543860,2,9,0,99,99,9,9,99,99,9,9,99,9,99,9,9,6,6,3,-1,-1,1398,1,11,VAUXHALL ASTRA,5,E01003366,0,4
2024201427508,2024,201427508,1,9,0,-1,5,4,8,-1,0,0,0,0,0,0,1,9,-1,9,1,22,5,1364,1,8,VAUXHALL ASTRA,6,E01032404,0,4
2024401490037,2024,401490037,1,9,0,-1,19,1,5,-1,0,1,0,0,0,0,1,1,-1,6,2,40,7,1796,1,17,VAUXHALL ASTRA,3,E01017515,0,1
2024451531487,2024,451531487,1,9,0,-1,19,2,6,-1,0,0,1,0,7,0,4,1,-1,9,1,19,4,1598,1,17,VAUXHALL ASTRA,7,E01031767,0,4
2024531505137,2024,531505137,1,9,0,-1,19,8,4,-1,0,0,5,0,1,0,1,1,-1,9,1,42,7,1686,2,13,VAUXHALL ASTRA,8,E01022408,0,1
2024041434875,2024,041434875,1,9,0,-1,19,5,1,-1,0,1,1,0,1,10,1,1,-1,6,1,74,10,1598,1,19,VAUXHALL ASTRA,2,E01025263,0,1
2024131533795,2024,131533795,1,9,0,-1,19,6,5,-1,0,0,5,0,0,0,1,1,-1,6,3,20,4,1598,1,17,VAUXHALL ASTRA,-1,-1,0,-1
2024010533408,2024,010533408,1,9,0,99,99,9,9,99,99,9,9,99,9,99,2,9,6,6,3,-1,-1,1598,1,10,VAUXHALL ASTRA,-1,-1,0,-1
2024010533344,2024,010533344,2,9,0,18,19,3,7,0,0,1,0,0,0,0,1,1,6,6,2,75,10,1389,1,22,VAUXHALL ASTRA,2,E01001191,0,1
2024548841524,2024,548841524,2,9,0,18,19,3,7,0,0,1,0,0,0,0,4,1,6,6,2,59,9,1598,2,7,VAUXHALL ASTRA,6,E01032027,0,2
2024361413370,2024,361413370,1,9,0,-1,1,3,8,-1,0,0,0,0,0,0,2,9,-1,6,1,19,4,1364,1,15,VAUXHALL ASTRA,2,E01035134,0,2
2024010533683,2024,010533683,1,9,0,3,3,7,3,0,0,8,0,0,0,0,1,1,6,6,1,23,5,1598,1,12,VAUXHALL ASTRA,7,E01031616,0,4
2024010533450,2024,010533450,2,9,0,7,7,7,2,0,0,6,0,0,0,0,1,1,6,6,2,78,11,1796,1,18,VAUXHALL ASTRA,8,E01002287,0,1
2024440487723,2024,440487723,1,9,0,17,19,7,5,0,0,8,0,0,0,0,3,1,6,6,1,26,6,1686,2,15,VAUXHALL ASTRA,3,E01017079,0,2
2024430204063,2024,430204063,2,9,0,9,9,3,1,0,0,8,0,0,0,0,3,1,6,6,2,31,6,1398,1,10,VAUXHALL ASTRA,10,E01016294,0,4
2024461430699,2024,461430699,1,9,0,-1,7,1,3,-1,0,1,0,0,0,0,3,9,-1,6,1,-1,-1,-1,-1,-1,VAUXHALL ASTRA,7,E01023252,0,5
2024430108500,2024,430108500,1,9,0,16,19,1,4,0,0,2,2,0,7,11,1,1,6,6,1,20,4,1796,1,18,VAUXHALL ASTRA,10,E01028599,0,2
2024010517180,2024,010517180,1,9,0,99,99,9,9,99,99,9,9,99,9,99,1,9,6,6,1,45,7,1598,1,15,VAUXHALL ASTRA,7,E01000414,0,1
2024430276702,2024,430276702,2,9,0,18,19,8,4,0,0,6,0,0,0,0,1,1,6,6,1,-1,-1,-1,-1,-1,VAUXHALL ASTRA,-1,-1,0,-1
2024440097299,2024,440097299,1,9,0,18,19,1,5,0,0,0,0,0,0,0,1,1,6,6,1,25,5,1398,1,13,VAUXHALL ASTRA,10,E01023218,0,4
2024211472032,2024,211472032,1,9,0,-1,19,5,2,-1,0,0,1,0,1,0,1,1,-1,9,1,94,11,1686,2,20,VAUXHALL ASTRA,7,E01028884,0,4
2024070980522,2024,070980522,1,9,0,-1,9,1,3,-1,0,6,0,0,0,0,1,1,-1,-1,1,33,6,1399,1,8,VAUXHALL ASTRA,8,E01012395,0,1
2024141438057,2024,141438057,2,9,0,-1,19,7,3,-1,0,8,0,0,0,0,2,1,-1,6,-1,-1,-1,1956,2,10,VAUXHALL ASTRA,-1,-1,0,-1
2024221443219,2024,221443219,1,9,0,-1,19,4,8,-1,0,0,2,10,1,10,1,9,-1,6,2,32,6,1796,1,15,VAUXHALL ASTRA,6,E01028899,0,1
2024010550016,2024,010550016,3,9,0,-1,-1,1,5,0,0,1,0,0,0,0,1,1,6,6,2,34,6,1364,1,19,VAUXHALL ASTRA,-1,-1,0,-1
2024070238291,2024,070238291,1,9,0,13,13,3,7,0,0,0,1,10,7,2,1,1,6,6,1,72,10,1598,2,7,VAUXHALL ASTRA,6,E01007183,0,4
2024010508880,2024,010508880,3,9,0,4,4,1,5,0,0,0,0,0,0,0,2,1,6,6,1,26,6,1598,2,9,VAUXHALL ASTRA,8,E01000774,0,1
2024010541607,2024,010541607,2,9,0,7,7,6,8,0,0,1,0,0,0,0,1,1,6,6,1,22,5,1398,1,14,VAUXHALL ASTRA,5,E01001677,0,1
2024610040424,2024,610040424,1,9,0,16,19,7,2,0,0,0,1,0,0,0,2,1,2,2,1,30,6,-1,-1,-1,VAUXHALL ASTRA,6,E01029084,0,4
2024552400495,2024,552400495,2,9,0,7,7,2,3,0,0,5,0,0,0,0,4,1,6,6,1,60,9,-1,-1,-1,VAUXHALL ASTRA,7,E01020473,0,2
2024461483058,2024,461483058,2,9,0,-1,3,2,3,-1,0,0,0,0,0,0,2,1,-1,9,1,66,10,1399,1,7,VAUXHALL ASTRA,6,E01023987,0,4
2024340WN7162,2024,340WN7162,3,9,0,-1,4,7,3,-1,0,2,0,0,0,0,2,1,-1,9,2,40,7,1796,1,16,VAUXHALL ASTRA,3,E01018092,0,4
2024522401258,2024,522401258,2,9,0,18,19,8,4,0,0,1,0,0,0,0,1,1,6,6,1,47,8,1598,1,19,VAUXHALL ASTRA,2,W01000925,0,4
2024201444569,2024,201444569,1,9,0,-1,19,6,2,-1,0,0,0,0,0,0,4,1,-1,2,1,62,9,-1,-1,-1,VAUXHALL ASTRA,1,E01008979,0,1
2024041413082,2024,041413082,1,9,0,-1,19,5,1,-1,0,0,5,0,0,0,1,1,-1,9,1,75,10,1598,1,16,VAUXHALL ASTRA,7,E01025130,0,1
2024451467906,2024,451467906,1,9,0,-1,19,7,3,-1,0,0,0,0,0,0,3,1,-1,9,1,29,6,1364,1,10,VAUXHALL ASTRA,7,E01002981,0,3
2024401540702,2024,401540702,1,9,0,-1,9,3,1,-1,0,5,0,0,0,0,4,1,-1,6,1,30,6,1598,1,17,VAUXHALL ASTRA,9,E01017463,0,1
2024320080397,2024,320080397,1,9,0,9,9,7,5,0,0,6,0,0,0,0,3,1,6,6,1,36,7,1598,1,14,VAUXHALL ASTRA,9,E01026406,0,2
2024201548260,2024,201548260,3,9,0,-1,20,0,0,-1,0,0,0,0,0,0,1,1,-1,6,2,37,7,1598,2,8,VAUXHALL ASTRA,2,E01010305,0,1
2024631425521,2024,631425521,2,9,0,-1,19,2,5,-1,0,0,0,0,1,10,1,1,-1,1,1,59,9,1598,2,5,VAUXHALL ASTRA,8,W01001897,0,3
2024101529551,2024,101529551,2,9,0,-1,3,1,5,-1,0,1,0,0,0,0,1,1,-1,9,2,55,8,1496,2,3,VAUXHALL ASTRA,5,E01035630,0,3
2024010528695,2024,010528695,1,9,0,99,99,9,9,99,99,9,9,99,9,99,2,9,6,6,1,22,5,1598,1,13,VAUXHALL ASTRA,4,E01000478,0,1
2024501489211,2024,501489211,1,9,0,-1,5,8,5,-1,4,0,0,0,0,0,1,1,-1,1,1,43,7,1598,2,6,VAUXHALL ASTRA,6,E01015123,0,4
2024311535832,2024,311535832,2,9,0,-1,19,5,1,-1,0,0,0,0,0,0,2,1,-1,6,2,40,7,1598,2,7,VAUXHALL ASTRA,-1,-1,0,-1
2024010544643,2024,010544643,1,9,0,99,99,9,9,99,99,9,9,99,9,99,0,9,6,6,2,28,6,1364,1,10,VAUXHALL ASTRA,3,E01003069,0,1
202460Q143074,2024,60Q143074,1,9,0,3,3,6,1,0,0,1,0,0,1,11,1,1,6,6,1,23,5,1364,1,15,VAUXHALL ASTRA,-1,-1,0,-1
2024010501642,2024,010501642,2,9,9,99,99,9,9,99,99,9,9,99,9,99,9,9,6,6,3,-1,-1,1796,1,16,VAUXHALL ASTRA,6,E01032656,0,4
2024371506078,2024,371506078,1,9,-1,-1,-1,-1,-1,-1,-1,0,-1,-1,-1,0,1,9,-1,2,2,37,7,1598,1,12,VAUXHALL ASTRA,9,E01030239,0,1
2024311427626,2024,311427626,1,9,0,-1,19,1,2,-1,0,0,1,0,1,4,3,1,-1,6,1,18,4,1248,2,17,VAUXHALL ASTRA,-1,-1,0,-1
2024201520812,2024,201520812,1,9,0,-1,19,6,2,-1,0,0,0,10,0,0,1,9,-1,1,1,-1,-1,1598,2,9,VAUXHALL ASTRA,2,E01010479,0,1
202417M305624,2024,17M305624,2,9,0,-1,19,3,7,-1,0,1,0,0,0,0,1,1,-1,9,1,-1,-1,1686,2,12,VAUXHALL ASTRA,1,E01012127,0,3
2024451409997,2024,451409997,1,9,0,-1,19,1,5,-1,0,1,0,0,0,0,1,1,-1,9,1,61,9,1598,1,22,VAUXHALL ASTRA,7,E01030452,0,1
2024161410601,2024,161410601,2,9,0,-1,4,1,5,-1,0,2,0,0,0,0,2,9,-1,6,2,-1,-1,1598,2,7,VAUXHALL ASTRA,4,E01026081,0,4
2024421422655,2024,421422655,2,9,0,-1,19,3,7,-1,0,8,0,0,0,0,1,1,-1,2,2,58,9,1598,1,13,VAUXHALL ASTRA,9,E01021634,0,4
2024211535543,2024,211535543,1,9,0,-1,19,1,5,-1,0,1,0,0,3,0,1,1,-1,6,1,51,8,1598,1,22,VAUXHALL ASTRA,1,E01014220,0,1
2024311479715,2024,311479715,1,9,0,-1,10,1,7,-1,0,0,0,0,1,0,3,1,-1,9,1,32,6,1796,1,18,VAUXHALL ASTRA,2,E01013870,0,2
2024471439935,2024,471439935,1,9,0,-1,19,5,1,-1,0,8,0,0,0,0,3,1,-1,2,1,60,9,1686,2,11,VAUXHALL ASTRA,4,E01021004,0,1
2024430302042,2024,430302042,2,9,0,5,5,7,1,0,0,4,0,0,0,0,2,1,2,2,2,38,7,1598,1,11,VAUXHALL ASTRA,7,E01028725,0,3
2024141432494,2024,141432494,1,9,0,-1,9,8,6,-1,0,2,0,0,0,0,1,1,-1,2,1,23,5,1686,2,12,VAUXHALL ASTRA,2,E01007782,0,2
2024461531580,2024,461531580,1,9,0,-1,5,3,1,-1,0,1,0,0,0,0,4,9,-1,9,2,58,9,1399,1,8,VAUXHALL ASTRA,5,E01024039,0,2
2024221425382,2024,221425382,1,9,0,-1,19,8,3,-1,0,1,0,0,0,0,1,1,-1,6,1,23,5,1686,2,14,VAUXHALL ASTRA,-1,-1,0,-1
2024501439458,2024,501439458,1,9,0,-1,7,5,6,-1,0,2,0,0,7,11,3,1,-1,9,1,22,5,1686,2,20,VAUXHALL ASTRA,4,E01020262,0,1
2024547124124,2024,547124124,1,9,0,16,19,8,4,0,0,0,0,0,0,0,1,1,6,6,2,57,9,1910,2,16,VAUXHALL ASTRA,7,E01032029,0,1
2024131439568,2024,131439568,1,9,0,-1,19,5,1,-1,0,0,0,0,0,0,1,1,-1,6,1,35,6,1598,1,16,VAUXHALL ASTRA,1,E01011349,0,3
2024471468736,2024,471468736,2,9,0,-1,19,3,7,-1,0,1,0,0,0,0,1,1,-1,6,2,24,5,1796,1,17,VAUXHALL ASTRA,9,E01031714,0,1
2024010519381,2024,010519381,2,9,0,99,99,9,9,99,99,9,9,99,9,99,9,9,6,6,3,-1,-1,1598,1,14,VAUXHALL ASTRA,-1,-1,0,-1
2024631506332,2024,631506332,2,9,0,-1,19,6,2,-1,0,8,0,0,0,0,4,1,-1,1,1,22,5,1686,2,14,VAUXHALL ASTRA,4,W01000747,0,3
2024061417532,2024,061417532,1,9,0,-1,19,8,4,-1,0,0,5,0,2,7,4,1,-1,6,1,40,7,1956,2,11,VAUXHALL ASTRA,2,E01006832,0,4
2024471470265,2024,471470265,1,9,0,-1,9,1,2,-1,0,6,0,0,0,0,1,2,-1,9,1,73,10,-1,-1,-1,VAUXHALL ASTRA,9,E01030580,0,4
2024010508164,2024,010508164,2,9,0,18,19,1,5,0,0,0,0,0,0,0,1,1,6,6,1,25,5,1598,1,14,VAUXHALL ASTRA,6,E01021472,0,1
2024471534831,2024,471534831,1,9,0,-1,19,2,6,-1,0,0,0,0,0,0,1,1,-1,6,2,48,8,1364,1,15,VAUXHALL ASTRA,7,E01022925,0,1
2024520401292,2024,520401292,1,9,0,18,19,8,4,0,0,1,5,0,0,0,1,1,6,6,1,62,9,1598,1,22,VAUXHALL ASTRA,4,E01029038,0,2
2024231429892,2024,231429892,1,9,0,-1,9,1,7,-1,0,6,0,0,0,0,1,9,-1,6,1,52,8,1686,2,11,VAUXHALL ASTRA,10,E01031179,0,1
2024201475333,2024,201475333,2,9,0,-1,19,5,1,-1,0,1,0,0,0,0,1,1,-1,9,1,33,6,1956,2,14,VAUXHALL ASTRA,1,E01009195,0,1
2024010515089,2024,010515089,2,9,0,9,9,5,2,1,1,1,0,10,1,0,1,1,1,1,1,69,10,1399,1,8,VAUXHALL ASTRA,-1,-1,0,-1
2024010531087,2024,010531087,1,9,0,99,99,9,9,99,99,9,9,99,9,99,2,9,6,6,1,30,6,1598,1,14,VAUXHALL ASTRA,3,E01003244,0,1
2024471499714,2024,471499714,2,9,0,-1,2,0,0,-1,0,0,0,0,0,0,3,1,-1,6,-1,-1,-1,1199,1,1,VAUXHALL ASTRA,-1,-1,0,-1
2024371440254,2024,371440254,1,9,0,-1,19,7,3,-1,0,0,0,0,0,0,3,1,-1,6,1,42,7,1598,1,14,VAUXHALL ASTRA,5,E01030066,0,1
2024520500405,2024,520500405,1,9,0,3,3,3,5,0,0,1,0,0,0,0,2,1,6,6,1,26,6,999,1,5,VAUXHALL ASTRA,4,E01029137,0,3
2024461486199,2024,461486199,1,9,0,-1,9,2,7,-1,0,0,0,0,0,0,1,1,-1,6,1,45,7,1364,1,16,VAUXHALL ASTRA,1,E01024581,0,2
2024302500150,2024,302500150,1,9,0,16,19,7,2,0,0,0,1,0,0,0,3,1,1,1,1,69,10,1598,2,5,VAUXHALL ASTRA,3,E01007758,0,4
2024461433367,2024,461433367,2,9,0,-1,19,2,6,-1,0,0,1,0,0,0,1,1,-1,2,2,57,9,1598,1,21,VAUXHALL ASTRA,3,E01016030,0,3
2024201488651,2024,201488651,1,9,0,-1,19,7,3,-1,0,1,0,0,0,0,4,1,-1,2,2,51,8,1248,2,10,VAUXHALL ASTRA,1,E01009147,0,1
2024201537550,2024,201537550,1,9,0,-1,19,1,5,-1,0,8,0,0,0,0,1,1,-1,6,1,25,5,1398,1,10,VAUXHALL ASTRA,5,E01009032,0,1
2024461419850,2024,461419850,1,9,0,-1,5,3,7,-1,0,4,0,0,0,0,1,1,-1,9,1,85,11,1398,1,9,VAUXHALL ASTRA,6,E01024709,0,1
2024991523262,2024,991523262,1,9,0,-1,19,3,7,-1,0,1,0,0,0,0,1,1,-1,6,1,45,7,-1,-1,-1,VAUXHALL ASTRA,1,-1,0,1
2024231462582,2024,231462582,1,9,0,-1,9,1,7,-1,0,5,0,0,0,0,1,1,-1,2,2,30,6,1399,1,8,VAUXHALL ASTRA,10,E01031232,0,1
2024201402659,2024,201402659,2,9,0,-1,10,4,2,-1,0,1,0,0,0,0,4,1,-1,1,2,32,6,1399,1,5,VAUXHALL ASTRA,10,E01009436,0,2
2024991486553,2024,991486553,1,9,0,-1,19,5,1,-1,0,0,0,0,8,11,1,1,-1,9,1,20,4,1364,1,14,VAUXHALL ASTRA,4,-1,0,3
2024451470412,2024,451470412,1,9,0,-1,19,5,1,-1,0,0,0,0,0,0,1,1,-1,2,2,56,9,1956,2,11,VAUXHALL ASTRA,5,E01031731,0,2
2024161400794,2024,161400794,3,9,0,-1,19,7,3,-1,0,1,0,0,0,0,1,1,-1,9,1,29,6,1956,2,11,VAUXHALL ASTRA,9,E01035480,0,1
2024201425742,2024,201425742,1,9,0,-1,19,1,5,-1,0,8,0,0,0,0,1,9,-1,6,1,39,7,1956,2,12,VAUXHALL ASTRA,7,E01010124,0,1
2024122400367,2024,122400367,1,9,0,18,19,1,4,0,0,4,0,0,0,0,3,1,6,6,1,33,6,1598,1,13,VAUXHALL ASTRA,10,E01013381,0,1
2024201470232,2024,201470232,1,9,0,-1,19,8,4,-1,0,0,0,0,0,0,3,9,-1,2,2,36,7,1956,2,11,VAUXHALL ASTRA,2,E01009940,0,1
2024070975988,2024,070975988,2,9,0,-1,12,1,2,-1,0,4,0,0,0,0,1,1,-1,6,2,52,8,1398,1,9,VAUXHALL ASTRA,3,E01018435,0,2
2024201519619,2024,201519619,2,9,0,-1,9,6,3,-1,0,1,0,0,0,0,4,1,-1,6,1,76,11,1399,1,7,VAUXHALL ASTRA,1,E01010141,0,1
2024061463666,2024,061463666,1,9,0,-1,19,1,2,-1,0,1,9,0,0,0,3,1,-1,2,2,26,6,1598,1,13,VAUXHALL ASTRA,4,E01005994,0,1
2024522403350,2024,522403350,1,9,0,18,19,3,7,0,0,0,0,0,7,10,3,1,6,6,2,41,7,1598,1,9,VAUXHALL ASTRA,1,E01014594,0,3
2024141528899,2024,141528899,1,9,0,-1,19,4,8,-1,0,0,1,0,0,0,1,1,-1,9,1,72,10,1796,1,16,VAUXHALL ASTRA,1,E01008118,0,1
2024010529638,2024,010529638,2,9,5,99,99,9,9,99,99,9,9,99,9,99,9,9,6,6,2,-1,-1,1364,1,16,VAUXHALL ASTRA,-1,-1,0,-1
2024351506527,2024,351506527,1,9,0,-1,19,3,7,-1,0,1,0,0,0,0,1,1,-1,2,1,30,6,1598,1,15,VAUXHALL ASTRA,10,E01018256,0,1
2024161496921,2024,161496921,1,9,0,-1,19,5,1,-1,0,1,0,4,0,0,1,1,-1,6,1,34,6,1956,2,10,VAUXHALL ASTRA,7,E01013307,0,4
2024501409264,2024,501409264,2,9,0,-1,19,6,2,-1,0,1,0,0,0,0,2,9,-1,9,2,62,9,1364,1,14,VAUXHALL ASTRA,4,E01015147,0,1
2024211438859,2024,211438859,1,9,0,-1,19,1,5,-1,0,2,0,7,1,1,1,1,-1,6,1,32,6,1598,2,10,VAUXHALL ASTRA,3,E01034059,0,1
2024201421462,2024,201421462,1,9,0,-1,14,1,5,-1,0,2,0,0,0,0,3,1,-1,6,1,-1,-1,1598,2,9,VAUXHALL ASTRA,-1,-1,0,-1
202460Q146429,2024,60Q146429,1,9,0,18,19,1,6,0,0,0,1,10,1,4,1,1,6,6,1,23,5,1796,1,17,VAUXHALL ASTRA,-1,-1,0,-1
2024311469862,2024,311469862,2,9,0,-1,9,7,5,-1,0,1,0,0,0,0,3,1,-1,9,2,32,6,1598,1,17,VAUXHALL ASTRA,1,E01013855,0,1
2024520401670,2024,520401670,2,9,0,18,19,9,9,0,0,1,0,0,0,0,1,1,6,6,3,-1,-1,1598,1,18,VAUXHALL ASTRA,-1,-1,0,-1
2024522401665,2024,522401665,2,9,0,4,4,5,1,0,0,0,0,0,0,0,1,1,6,6,1,34,6,1686,2,12,VAUXHALL ASTRA,-1,-1,0,-1
2024547591724,2024,547591724,1,9,0,5,5,7,3,0,0,6,0,0,0,0,1,1,1,1,2,22,5,1956,2,10,VAUXHALL ASTRA,6,E01032027,0,3
2024141396810,2024,141396810,1,9,0,-1,19,5,1,-1,0,0,0,0,0,0,2,1,-1,9,2,22,5,1598,1,16,VAUXHALL ASTRA,2,E01007535,0,2
2024010532695,2024,010532695,3,9,0,18,19,5,1,0,0,8,0,0,0,0,1,1,6,6,1,30,6,1399,1,7,VAUXHALL ASTRA,4,E01033930,0,2
2024031463152,2024,031463152,1,9,0,-1,19,1,5,-1,0,0,0,0,0,0,4,1,-1,9,2,85,11,-1,-1,-1,VAUXHALL ASTRA,5,E01019259,0,1
2024401487213,2024,401487213,2,9,0,-1,4,2,6,-1,0,8,0,0,0,0,1,1,-1,6,1,20,4,1398,1,11,VAUXHALL ASTRA,3,E01015788,0,1
2024501467083,2024,501467083,1,9,0,-1,19,1,5,-1,0,0,0,11,0,0,1,1,-1,6,1,82,11,1796,1,18,VAUXHALL ASTRA,4,E01018844,0,5
2024421507073,2024,421507073,6,9,0,-1,2,0,0,-1,0,0,0,0,0,0,3,1,-1,6,3,-1,-1,1598,1,8,VAUXHALL ASTRA,-1,-1,0,-1
2024401476788,2024,401476788,2,9,0,-1,19,1,5,-1,0,0,0,0,0,0,4,1,-1,6,2,38,7,1910,2,16,VAUXHALL ASTRA,1,E01016811,0,4
2024010518690,2024,010518690,2,9,0,18,19,7,3,0,0,1,0,0,0,0,4,1,6,6,2,77,11,1199,1,3,VAUXHALL ASTRA,-1,-1,0,-1
2024320268172,2024,320268172,1,9,0,-1,-1,8,4,0,0,2,0,0,0,0,4,1,6,6,2,41,7,1598,1,12,VAUXHALL ASTRA,-1,-1,0,-1
2024311530054,2024,311530054,2,9,0,-1,8,7,2,-1,0,1,0,0,0,0,2,1,-1,9,2,34,6,1248,2,17,VAUXHALL ASTRA,2,E01027937,0,1
2024131506868,2024,131506868,2,9,0,-1,19,1,2,-1,0,6,0,0,0,0,1,1,-1,2,1,50,8,1598,2,7,VAUXHALL ASTRA,6,E01010786,0,1
2024311454040,2024,311454040,1,9,0,-1,19,2,4,-1,0,1,0,0,0,0,1,1,-1,2,2,47,8,1598,2,10,VAUXHALL ASTRA,2,E01013916,0,2
2024201482257,2024,201482257,2,9,0,-1,19,4,8,-1,0,8,0,0,0,0,1,9,-1,6,3,55,8,999,1,6,VAUXHALL ASTRA,1,E01009233,0,1
2024411432082,2024,411432082,1,9,0,-1,19,5,1,-1,0,0,0,0,0,0,1,9,-1,6,2,61,9,1598,1,11,VAUXHALL ASTRA,5,E01000494,0,3
2024141513495,2024,141513495,2,9,0,-1,9,5,3,-1,0,1,0,0,0,0,2,1,-1,9,2,67,10,1364,1,16,VAUXHALL ASTRA,4,E01007780,0,1
2024421475047,2024,421475047,2,9,0,-1,19,5,8,-1,0,1,0,0,1,0,3,1,-1,2,1,28,6,1399,1,5,VAUXHALL ASTRA,9,E01033138,0,3
2024311522306,2024,311522306,1,9,0,-1,9,6,3,-1,0,1,0,0,0,0,1,1,-1,6,2,69,10,1399,1,7,VAUXHALL ASTRA,-1,-1,0,-1
2024552401401,2024,552401401,3,9,0,9,9,7,5,0,0,5,0,0,0,0,1,1,2,2,1,33,6,1496,2,4,VAUXHALL ASTRA,7,E01015457,0,2
2024161398014,2024,161398014,1,9,0,-1,5,3,7,-1,0,2,0,4,1,11,1,1,-1,9,1,74,10,1598,1,11,VAUXHALL ASTRA,-1,-1,0,-1
2024471531931,2024,471531931,2,9,0,-1,-1,-1,-1,-1,-1,-1,-1,-1,-1,0,-1,2,-1,6,2,57,9,1598,1,14,VAUXHALL ASTRA,4,E01016861,0,1
2024501534778,2024,501534778,1,9,0,-1,19,4,8,-1,0,0,2,0,7,0,1,1,-1,9,1,34,6,1598,1,17,VAUXHALL ASTRA,4,E01018781,0,1
202454E494224,2024,54E494224,2,9,0,18,19,6,2,0,0,8,0,0,0,0,3,1,2,2,1,34,6,1598,1,9,VAUXHALL ASTRA,8,E01035111,0,2
2024010519828,2024,010519828,2,9,0,-1,-1,4,8,0,0,0,1,0,0,0,1,1,6,6,1,33,6,1399,1,6,VAUXHALL ASTRA,3,E01001190,0,1
2024471506541,2024,471506541,1,9,0,-1,9,2,8,-1,0,8,0,0,0,0,4,1,-1,9,2,18,4,1199,1,1,VAUXHALL ASTRA,6,E01021022,0,3
2024061493678,2024,061493678,2,9,0,-1,19,8,3,-1,0,8,0,0,0,0,1,1,-1,9,2,43,7,1398,1,10,VAUXHALL ASTRA,1,E01006267,0,2
2024332400507,2024,332400507,2,9,0,-1,19,3,7,-1,0,4,0,0,0,0,3,1,-1,6,1,-1,-1,1598,1,13,VAUXHALL ASTRA,-1,-1,0,-1
2024041473421,2024,041473421,1,9,0,-1,19,1,5,-1,0,1,0,0,0,0,1,9,-1,6,3,-1,-1,1598,1,14,VAUXHALL ASTRA,-1,-1,0,-1
2024010535232,2024,010535232,1,9,0,99,99,9,9,99,99,9,9,99,9,99,2,9,6,6,2,50,8,1598,1,12,VAUXHALL ASTRA,6,E01004463,0,2
2024622400350,2024,622400350,2,9,0,18,19,2,6,0,0,8,0,0,4,2,4,1,6,6,1,49,8,1686,2,14,VAUXHALL ASTRA,5,W01000754,0,3
2024371475060,2024,371475060,2,9,0,-1,2,0,0,-1,9,0,0,0,0,0,1,1,-1,6,2,50,8,1598,1,18,VAUXHALL ASTRA,7,E01029902,0,1
2024071071576,2024,071071576,2,9,0,-1,19,7,3,-1,0,0,1,0,5,6,3,1,-1,9,2,34,6,-1,-1,-1,VAUXHALL ASTRA,1,E01007269,0,4
2024622400010,2024,622400010,1,9,0,9,9,5,3,0,0,1,0,0,0,0,1,1,6,6,2,26,6,1399,1,6,VAUXHALL ASTRA,8,W01001888,0,1
2024161455916,2024,161455916,2,9,0,-1,19,1,5,-1,0,0,0,0,0,0,1,1,-1,6,3,-1,-1,1199,1,3,VAUXHALL ASTRA,-1,-1,0,-1
2024401508398,2024,401508398,2,9,0,-1,19,1,5,-1,0,1,0,0,1,0,1,1,-1,6,1,33,6,1598,2,9,VAUXHALL ASTRA,7,E01015709,0,3
2024010526324,2024,010526324,1,9,0,9,9,5,3,0,0,6,0,0,1,0,1,1,6,6,1,22,5,1598,1,10,VAUXHALL ASTRA,3,E01003297,0,1
2024471399674,2024,471399674,1,9,0,-1,19,1,5,-1,0,1,0,0,3,4,4,1,-1,9,2,36,7,1598,1,11,VAUXHALL ASTRA,7,E01031777,0,1
2024010525721,2024,010525721,1,9,9,99,99,9,9,99,99,9,9,99,9,99,9,9,6,6,3,-1,-1,1364,1,14,VAUXHALL ASTRA,2,E01001361,0,2
2024161418219,2024,161418219,1,9,0,-1,13,5,1,-1,0,1,1,10,1,11,1,1,-1,2,1,24,5,-1,-1,-1,VAUXHALL ASTRA,7,E01013322,0,3
2024131438409,2024,131438409,1,9,0,-1,7,5,3,-1,0,1,0,0,0,0,1,1,-1,6,1,36,7,1398,1,11,VAUXHALL ASTRA,3,E01033900,0,1
2024361411383,2024,361411383,1,9,0,-1,19,7,3,-1,0,0,0,0,0,0,1,1,-1,9,1,24,5,1796,1,16,VAUXHALL ASTRA,6,E01026437,0,2
2024131463576,2024,131463576,2,9,0,-1,19,7,3,-1,0,1,0,0,0,0,4,1,-1,9,1,37,7,1364,1,14,VAUXHALL ASTRA,2,E01011149,0,1