collision_index,collision_year,collision_ref_no,vehicle_reference,vehicle_type,towing_and_articulation,vehicle_manoeuvre_historic,vehicle_manoeuvre,vehicle_direction_from,vehicle_direction_to,vehicle_location_restricted_lane_historic,vehicle_location_restricted_lane,junction_location,skidding_and_overturning,hit_object_in_carriageway,vehicle_leaving_carriageway,hit_object_off_carriageway,first_point_of_impact,vehicle_left_hand_drive,journey_purpose_of_driver_historic,journey_purpose_of_driver,sex_of_driver,age_of_driver,age_band_of_driver,engine_capacity_cc,propulsion_code,age_of_vehicle,generic_make_model,driver_imd_decile,lsoa_of_driver,escooter_flag,driver_distance_banding
2024302400880,2024,302400880,1,9,0,18,19,8,4,0,0,0,1,0,1,11,1,1,6,6,1,21,5,1796,1,18,VAUXHALL ASTRA,3,E01019709,0,4
2024061409669,2024,061409669,1,9,0,-1,1,1,1,-1,0,1,0,0,0,0,2,2,-1,6,3,30,6,1910,2,16,VAUXHALL ASTRA,-1,-1,0,-1
2024610034024,2024,610034024,2,9,0,18,19,3,7,0,0,8,0,0,0,0,1,1,6,6,1,54,8,1398,1,10,VAUXHALL ASTRA,2,W01001481,0,1
2024991485866,2024,991485866,2,9,0,-1,19,8,3,-1,0,8,0,0,0,0,1,1,-1,9,2,68,10,1796,1,16,VAUXHALL ASTRA,5,-1,0,5
2024461470273,2024,461470273,1,9,0,-1,19,3,7,-1,0,1,0,0,0,0,1,1,-1,6,1,24,5,1598,1,15,VAUXHALL ASTRA,-1,-1,0,-1
2024061532945,2024,061532945,1,9,0,-1,3,-1,-1,-1,99,0,0,0,0,0,1,1,-1,6,1,20,4,1398,1,12,VAUXHALL ASTRA,6,W01000926,0,5
2024552400939,2024,552400939,1,9,0,18,19,3,7,0,0,0,0,0,0,0,1,1,6,6,1,81,11,1598,1,18,VAUXHALL ASTRA,9,E01029207,0,4
2024461417502,2024,461417502,3,9,0,-1,2,0,0,-1,9,2,0,11,1,2,2,1,-1,6,-1,24,5,1399,1,5,VAUXHALL ASTRA,-1,-1,0,-1
2024411476014,2024,411476014,1,9,0,-1,11,6,2,-1,0,0,0,0,0,0,4,2,-1,6,1,28,6,1598,1,13,VAUXHALL ASTRA,6,E01018187,0,4
2024531536296,2024,531536296,1,9,0,-1,19,4,8,-1,0,4,1,0,0,0,1,1,-1,9,1,63,9,1598,2,10,VAUXHALL ASTRA,5,E01032475,0,4
2024070364047,2024,070364047,2,9,0,18,19,5,1,0,0,0,0,0,0,0,2,1,6,6,1,30,6,1598,2,8,VAUXHALL ASTRA,-1,-1,0,-1
2024221479047,2024,221479047,1,9,0,-1,19,2,6,-1,0,0,1,0,0,0,1,1,-1,6,1,23,5,1686,2,12,VAUXHALL ASTRA,5,E01029011,0,3
2024141481134,2024,141481134,2,9,0,-1,9,5,3,-1,0,1,0,0,0,0,1,9,-1,6,3,-1,-1,1956,2,11,VAUXHALL ASTRA,-1,-1,0,-1
2024440316695,2024,440316695,2,9,0,2,2,0,0,0,0,2,0,0,0,0,2,1,6,6,1,42,7,1796,1,16,VAUXHALL ASTRA,4,E01017135,0,1
2024451414790,2024,451414790,1,9,0,-1,19,5,1,-1,0,0,0,0,0,0,4,1,-1,2,1,34,6,1399,1,8,VAUXHALL ASTRA,3,E01034608,0,3
2024471420075,2024,471420075,1,9,0,-1,4,3,7,-1,0,1,0,0,0,0,3,9,-1,6,2,58,9,1598,1,18,VAUXHALL ASTRA,10,E01031803,0,1
2024501486621,2024,501486621,1,9,0,-1,4,5,1,-1,0,0,0,0,0,0,1,1,-1,2,2,55,8,1398,1,11,VAUXHALL ASTRA,4,E01020138,0,1
2024010507070,2024,010507070,2,9,0,99,99,9,9,99,99,0,9,99,9,99,9,9,6,6,3,-1,-1,1598,1,14,VAUXHALL ASTRA,-1,-1,0,-1
2024201510084,2024,201510084,2,9,0,-1,4,2,6,-1,0,8,0,0,0,0,2,1,-1,6,2,35,6,1598,1,9,VAUXHALL ASTRA,1,E01010450,0,1
2024010550360,2024,010550360,2,9,0,99,99,9,9,99,99,9,9,99,9,99,1,9,6,6,3,-1,-1,1364,1,14,VAUXHALL ASTRA,-1,-1,0,-1
2024451412995,2024,451412995,2,9,0,-1,13,3,7,-1,0,0,9,0,0,0,1,1,-1,6,2,44,7,1598,2,10,VAUXHALL ASTRA,-1,-1,0,-1
2024461503750,2024,461503750,1,9,0,-1,19,1,6,-1,0,1,0,0,0,0,1,1,-1,2,1,21,5,1364,1,18,VAUXHALL ASTRA,3,E01024103,0,3
2024440198017,2024,440198017,2,9,0,9,9,5,3,0,0,1,0,0,0,0,4,1,6,6,1,80,11,1598,1,17,VAUXHALL ASTRA,5,E01023068,0,1
2024122401096,2024,122401096,1,9,0,2,2,0,0,0,0,0,0,0,0,0,3,1,6,6,3,-1,-1,1399,1,8,VAUXHALL ASTRA,-1,-1,0,-1
2024351400383,2024,351400383,2,9,0,-1,19,4,8,-1,0,0,0,0,1,0,1,1,-1,9,1,38,7,1686,2,13,VAUXHALL ASTRA,5,E01018041,0,1
2024010539652,2024,010539652,1,9,0,18,19,5,1,0,0,1,0,0,0,0,1,1,6,6,3,-1,-1,1598,1,12,VAUXHALL ASTRA,-1,-1,0,-1
2024061499538,2024,061499538,2,9,0,-1,19,3,7,-1,0,1,0,0,0,0,1,9,-1,6,3,-1,-1,1686,2,11,VAUXHALL ASTRA,-1,-1,0,-1
2024041451789,2024,041451789,1,9,0,-1,19,5,1,-1,0,1,0,0,0,0,2,1,-1,9,1,45,7,1199,1,1,VAUXHALL ASTRA,3,E01025379,0,1
2024351490955,2024,351490955,1,9,0,-1,19,7,3,-1,0,0,5,0,5,6,1,1,-1,9,1,34,6,1598,1,17,VAUXHALL ASTRA,5,E01021815,0,4
2024340WN5742,2024,340WN5742,2,9,0,-1,8,1,3,-1,0,1,0,0,0,0,1,1,-1,6,1,25,5,1364,1,18,VAUXHALL ASTRA,4,E01027225,0,1
2024010534684,2024,010534684,1,9,0,99,99,9,9,99,99,9,9,99,9,99,2,9,6,6,2,30,6,1796,1,14,VAUXHALL ASTRA,4,E01004028,0,2
2024340NN2962,2024,340NN2962,2,9,0,-1,4,7,3,-1,0,0,0,0,0,0,2,1,-1,6,1,29,6,1598,1,21,VAUXHALL ASTRA,1,E01026965,0,1
2024231529170,2024,231529170,2,9,0,-1,19,4,8,-1,0,8,0,0,0,0,1,1,-1,6,1,52,8,1598,1,14,VAUXHALL ASTRA,1,E01013688,0,4
2024522402811,2024,522402811,2,9,0,18,19,9,9,0,0,0,0,0,0,0,1,1,6,6,1,-1,-1,1686,2,11,VAUXHALL ASTRA,7,E01014599,0,1
2024991486969,2024,991486969,1,9,0,-1,5,5,1,-1,0,6,0,0,0,0,1,1,-1,9,1,53,8,1598,1,11,VAUXHALL ASTRA,7,-1,0,3
2024622400229,2024,622400229,2,9,0,2,2,0,0,0,0,0,0,0,0,0,3,1,6,6,2,41,7,1598,1,11,VAUXHALL ASTRA,2,W01001990,0,1
2024543671724,2024,543671724,1,9,0,18,19,1,4,0,0,0,5,10,1,9,1,1,6,6,1,15,3,1956,2,12,VAUXHALL ASTRA,7,E01031857,0,2
2024451407455,2024,451407455,2,9,0,-1,19,1,5,-1,0,0,0,0,0,0,1,1,-1,6,3,63,9,1598,1,21,VAUXHALL ASTRA,-1,-1,0,-1
2024320298415,2024,320298415,1,9,0,1,1,8,4,0,0,0,0,0,0,0,2,1,6,6,1,-1,-1,1796,1,19,VAUXHALL ASTRA,-1,-1,0,-1
2024221406503,2024,221406503,1,9,0,-1,19,3,7,-1,0,0,0,0,0,0,1,1,-1,7,2,63,9,1598,1,11,VAUXHALL ASTRA,3,E01014005,0,1
2024401503359,2024,401503359,2,9,0,-1,19,-1,-1,-1,0,4,0,0,0,0,2,9,-1,2,2,27,6,1398,1,10,VAUXHALL ASTRA,4,E01015722,0,1
2024221406543,2024,221406543,2,9,0,-1,19,5,2,-1,0,0,0,0,0,0,1,9,-1,6,2,19,4,1398,1,13,VAUXHALL ASTRA,3,E01013992,0,3
2024991408475,2024,991408475,1,9,0,-1,9,8,5,-1,0,2,0,0,0,0,1,1,-1,9,1,33,6,1362,1,12,VAUXHALL ASTRA,-1,-1,0,-1
2024010532611,2024,010532611,2,9,9,99,99,9,9,99,99,9,9,99,9,99,9,9,6,6,3,-1,-1,1398,1,11,VAUXHALL ASTRA,-1,-1,0,-1
2024201488360,2024,201488360,2,9,0,-1,7,2,4,-1,0,5,0,0,0,0,3,1,-1,6,1,24,5,1398,1,13,VAUXHALL ASTRA,-1,-1,0,-1
2024010500235,2024,010500235,1,9,0,99,99,9,9,99,99,0,9,99,9,99,1,9,6,6,3,-1,-1,1598,1,23,VAUXHALL ASTRA,-1,-1,0,-1
2024010512030,2024,010512030,1,9,0,9,9,3,1,0,0,5,0,0,0,0,1,1,6,6,1,54,8,1598,1,20,VAUXHALL ASTRA,8,E01001534,0,1
2024010525582,2024,010525582,2,9,0,99,99,9,9,99,99,9,9,99,9,99,2,9,6,6,3,-1,-1,1362,1,12,VAUXHALL ASTRA,1,E01000521,0,2
2024461411760,2024,461411760,1,9,0,-1,19,7,3,-1,0,0,0,0,0,0,2,1,-1,9,1,44,7,-1,-1,-1,VAUXHALL ASTRA,5,E01024206,0,3
2024430195485,2024,430195485,3,9,0,3,3,8,4,0,0,1,0,0,0,0,1,1,6,6,1,25,5,1598,1,17,VAUXHALL ASTRA,4,E01002592,0,4
2024320753284,2024,320753284,1,9,0,9,9,4,2,0,0,2,0,0,0,0,1,1,-1,-1,1,23,5,1364,1,15,VAUXHALL ASTRA,7,E01026163,0,1
2024541692624,2024,541692624,2,9,0,4,4,8,3,0,0,1,0,0,0,0,0,1,6,6,2,45,7,1686,2,16,VAUXHALL ASTRA,2,E01031983,0,1
2024451437168,2024,451437168,2,9,0,-1,3,1,5,-1,0,0,1,0,0,0,2,1,-1,6,1,57,9,1598,2,9,VAUXHALL ASTRA,5,E01004061,0,4
2024131430243,2024,131430243,1,9,0,-1,19,1,5,-1,0,3,0,0,0,0,1,1,-1,2,1,40,7,1598,2,10,VAUXHALL ASTRA,2,E01011485,0,1
2024631482031,2024,631482031,1,9,0,-1,12,2,6,-1,0,1,0,4,8,10,1,1,-1,6,2,49,8,1364,1,8,VAUXHALL ASTRA,8,W01000527,0,1
202460Q038449,2024,60Q038449,1,9,0,18,19,3,7,0,0,0,0,0,0,0,4,1,6,6,3,-1,-1,1686,2,14,VAUXHALL ASTRA,-1,-1,0,-1
2024332400935,2024,332400935,2,9,0,-1,12,5,1,-1,0,0,0,0,0,0,1,1,-1,1,2,27,6,1598,2,5,VAUXHALL ASTRA,6,E01028322,0,4
2024451420957,2024,451420957,1,9,0,-1,9,3,1,-1,0,0,0,0,7,1,1,1,-1,9,1,19,4,1598,2,7,VAUXHALL ASTRA,8,E01030853,0,4
2024991425012,2024,991425012,1,8,0,-1,6,3,3,-1,0,0,0,0,0,0,3,9,-1,1,1,45,7,1496,2,4,VAUXHALL ASTRA,1,-1,0,1
2024421507413,2024,421507413,1,9,0,-1,19,4,1,-1,0,1,0,0,0,0,1,1,-1,6,2,-1,-1,1796,1,17,VAUXHALL ASTRA,-1,-1,0,-1
2024340NN1502,2024,340NN1502,1,9,0,-1,5,5,1,-1,0,4,0,0,0,0,1,1,-1,9,1,33,6,1364,1,14,VAUXHALL ASTRA,3,E01030161,0,5
2024991529446,2024,991529446,1,9,0,-1,9,8,6,-1,0,8,0,0,0,0,1,1,-1,6,3,55,8,1796,1,16,VAUXHALL ASTRA,-1,-1,0,-1
2024041524149,2024,041524149,1,9,0,-1,19,6,2,-1,0,0,0,0,0,0,1,1,-1,6,1,28,6,1598,1,16,VAUXHALL ASTRA,3,E01025312,0,1
2024320257370,2024,320257370,2,9,0,-1,-1,6,2,0,0,8,0,0,0,0,1,1,6,6,2,36,7,1956,2,9,VAUXHALL ASTRA,-1,-1,0,-1
2024401409251,2024,401409251,2,9,0,-1,19,4,7,-1,0,1,0,0,0,0,1,1,-1,6,2,40,7,1796,1,17,VAUXHALL ASTRA,9,E01017614,0,3
2024332400199,2024,332400199,1,9,0,-1,19,5,1,-1,0,0,0,0,0,0,1,1,-1,6,1,26,6,1598,1,13,VAUXHALL ASTRA,6,E01025627,0,1
2024101526314,2024,101526314,2,9,0,-1,4,5,1,-1,0,0,0,0,0,0,2,1,-1,2,1,41,7,1364,1,10,VAUXHALL ASTRA,1,E01008773,0,1
2024340WN3342,2024,340WN3342,2,9,0,-1,-1,1,3,-1,0,1,0,0,0,0,3,1,-1,9,1,29,6,1956,2,11,VAUXHALL ASTRA,4,E01027012,0,1
2024041461612,2024,041461612,2,9,0,-1,19,6,2,-1,0,0,1,0,1,0,1,1,-1,9,2,26,6,1399,1,7,VAUXHALL ASTRA,1,E01025171,0,4
2024122400614,2024,122400614,2,9,0,10,10,5,1,0,0,5,0,0,0,0,2,1,6,6,2,21,5,1686,2,14,VAUXHALL ASTRA,7,E01027604,0,1
2024991467696,2024,991467696,2,9,0,-1,19,5,1,-1,0,1,0,0,0,0,3,1,-1,6,1,26,6,1364,1,8,VAUXHALL ASTRA,-1,-1,0,-1
2024440412335,2024,440412335,2,9,0,18,19,2,6,0,0,8,0,0,0,0,3,1,6,6,1,35,6,1364,1,15,VAUXHALL ASTRA,-1,-1,0,-1
2024543906724,2024,543906724,2,9,0,9,9,2,1,0,0,5,0,0,0,0,3,1,6,6,1,50,8,1956,2,12,VAUXHALL ASTRA,1,E01015508,0,1
2024201441020,2024,201441020,1,9,0,-1,9,8,5,-1,0,5,0,0,0,0,1,1,-1,9,2,33,6,1598,1,21,VAUXHALL ASTRA,6,E01010536,0,1
2024340WN0032,2024,340WN0032,3,9,0,-1,19,4,8,-1,0,0,0,0,0,0,3,1,-1,6,2,53,8,1796,1,14,VAUXHALL ASTRA,3,E01027152,0,1
202460Q072583,2024,60Q072583,1,9,0,16,19,7,1,0,0,0,0,0,7,10,1,1,6,6,1,77,11,1956,2,10,VAUXHALL ASTRA,-1,-1,0,-1
2024991523825,2024,991523825,1,9,0,-1,4,3,7,-1,0,1,0,0,0,0,1,2,-1,9,1,75,10,1199,1,3,VAUXHALL ASTRA,-1,-1,0,-1
2024351521843,2024,351521843,1,9,0,-1,19,5,1,-1,0,0,1,0,1,0,1,1,-1,9,1,22,5,1364,1,9,VAUXHALL ASTRA,5,E01017503,0,4
2024421456121,2024,421456121,1,9,0,-1,19,8,4,-1,0,0,0,0,0,0,3,1,-1,6,1,37,7,1956,2,11,VAUXHALL ASTRA,5,E01021360,0,1
2024302500193,2024,302500193,2,9,0,-1,4,4,8,-1,0,0,0,0,0,0,2,1,-1,6,2,44,7,1364,1,15,VAUXHALL ASTRA,8,E01019834,0,2
2024010504128,2024,010504128,1,9,0,5,5,0,1,0,0,0,0,4,0,0,1,1,6,6,1,87,11,1598,1,16,VAUXHALL ASTRA,4,E01033322,0,1
2024010499564,2024,010499564,1,9,0,9,9,6,3,0,0,8,0,0,0,0,1,1,6,6,2,31,6,1399,1,6,VAUXHALL ASTRA,3,E01001109,0,2
2024351406698,2024,351406698,2,9,0,-1,19,3,7,-1,0,0,1,0,0,0,3,1,-1,2,1,38,7,1598,2,6,VAUXHALL ASTRA,2,E01015749,0,4
2024010534732,2024,010534732,2,9,0,9,9,3,1,0,0,8,0,0,0,0,1,1,1,1,1,56,9,1399,1,5,VAUXHALL ASTRA,6,E01000803,0,4
2024010506816,2024,010506816,1,9,9,99,99,9,9,99,99,0,9,99,9,99,9,9,6,6,3,-1,-1,1398,1,13,VAUXHALL ASTRA,-1,-1,0,-1
202460Q150464,2024,60Q150464,1,9,0,18,19,5,1,0,0,1,0,0,0,0,1,1,6,6,3,-1,-1,1598,1,12,VAUXHALL ASTRA,-1,-1,0,-1
2024440354147,2024,440354147,2,9,0,18,19,3,7,0,0,8,0,0,0,0,1,1,6,6,1,-1,-1,1598,2,8,VAUXHALL ASTRA,-1,-1,0,-1
2024531430608,2024,531430608,1,9,0,-1,19,1,5,-1,0,0,0,0,0,0,1,1,-1,6,1,51,8,1598,2,6,VAUXHALL ASTRA,4,E01022243,0,3
2024131428847,2024,131428847,1,9,0,-1,-1,-1,-1,-1,-1,-1,-1,-1,-1,-1,-1,1,-1,6,3,-1,-1,1686,2,11,VAUXHALL ASTRA,-1,-1,0,-1
2024010518934,2024,010518934,1,9,3,18,19,4,8,0,0,2,0,4,0,0,1,1,6,6,1,24,5,1796,1,16,VAUXHALL ASTRA,-1,-1,0,-1
2024351443673,2024,351443673,2,9,0,-1,19,3,7,-1,0,1,1,0,0,0,4,1,-1,6,1,65,9,1686,2,12,VAUXHALL ASTRA,5,E01017972,0,1
2024531435946,2024,531435946,2,9,0,-1,19,3,7,-1,0,8,0,0,0,0,1,1,-1,9,2,34,6,999,1,8,VAUXHALL ASTRA,10,E01022106,0,1
2024231479057,2024,231479057,2,9,0,-1,19,7,3,-1,0,0,0,0,7,7,1,9,-1,2,1,43,7,1598,2,7,VAUXHALL ASTRA,4,E01034010,0,4
2024010518342,2024,010518342,1,9,0,5,5,5,1,0,0,1,0,0,0,0,1,1,6,6,1,29,6,1598,2,7,VAUXHALL ASTRA,-1,-1,0,-1
2024010501604,2024,010501604,2,9,0,99,99,9,9,99,99,9,9,99,9,99,9,9,6,6,3,-1,-1,1399,1,5,VAUXHALL ASTRA,-1,-1,0,-1
202460Q174219,2024,60Q174219,1,9,0,18,19,7,3,0,0,4,0,0,0,0,4,1,6,6,1,40,7,1399,1,7,VAUXHALL ASTRA,-1,-1,0,-1
2024061482843,2024,061482843,1,9,0,-1,15,3,7,-1,0,0,0,0,0,0,1,1,-1,6,1,23,5,1956,2,11,VAUXHALL ASTRA,-1,-1,0,-1
2024631399672,2024,631399672,1,9,0,-1,12,8,4,-1,0,0,0,0,7,10,1,1,-1,6,1,80,11,1199,1,4,VAUXHALL ASTRA,5,W01000602,0,1
2024131468434,2024,131468434,2,9,0,-1,19,5,1,-1,0,2,0,0,0,0,4,1,-1,6,2,38,7,1796,1,17,VAUXHALL ASTRA,1,E01011656,0,1
2024501483077,2024,501483077,1,9,0,-1,19,3,7,-1,0,0,0,0,0,0,4,1,-1,6,1,57,9,1364,1,15,VAUXHALL ASTRA,1,E01015153,0,1
2024131499914,2024,131499914,2,9,0,-1,19,3,7,-1,0,1,0,0,0,0,3,1,-1,6,2,31,6,1398,1,11,VAUXHALL ASTRA,1,E01010817,0,1
2024052400988,2024,052400988,3,9,0,8,8,7,3,0,0,8,0,0,0,0,1,1,2,2,1,52,8,-1,-1,-1,VAUXHALL ASTRA,5,E01006929,0,1
2024010532742,2024,010532742,1,9,0,99,99,9,9,99,99,9,9,99,9,99,3,9,6,6,1,45,7,1598,1,10,VAUXHALL ASTRA,5,E01001007,0,1
2024991513632,2024,991513632,1,9,0,-1,19,3,7,-1,0,2,0,0,0,0,2,1,-1,9,1,24,5,1598,1,13,VAUXHALL ASTRA,1,-1,0,1
2024211493422,2024,211493422,2,9,0,-1,19,7,2,-1,0,1,1,0,0,0,1,1,-1,6,2,67,10,1598,1,9,VAUXHALL ASTRA,2,E01013908,0,4
2024141419707,2024,141419707,2,9,0,-1,13,7,3,-1,0,8,0,0,0,0,1,9,-1,6,3,-1,-1,1686,2,14,VAUXHALL ASTRA,-1,-1,0,-1
2024052401385,2024,052401385,2,9,0,18,19,1,5,0,0,8,0,0,0,0,1,1,6,6,2,35,6,1399,1,6,VAUXHALL ASTRA,1,E01006416,0,3
2024302400710,2024,302400710,1,9,0,9,9,8,7,0,0,2,5,0,0,0,4,1,1,1,1,24,5,1364,1,16,VAUXHALL ASTRA,2,E01035500,0,4
2024070822386,2024,070822386,1,9,0,-1,19,1,5,-1,0,0,0,0,0,0,2,1,-1,2,2,46,8,1598,2,8,VAUXHALL ASTRA,3,E01012432,0,1
202454D708124,2024,54D708124,1,9,0,18,19,3,7,0,0,0,0,0,0,0,4,1,6,6,1,63,9,1364,1,14,VAUXHALL ASTRA,6,E01032117,0,2
2024010523773,2024,010523773,1,9,0,9,9,1,6,0,0,2,0,0,0,0,0,1,6,6,2,64,9,1598,1,9,VAUXHALL ASTRA,2,E01003511,0,1
2024501464363,2024,501464363,2,9,0,-1,19,8,4,-1,0,1,0,0,1,0,1,1,-1,2,1,52,8,1956,2,9,VAUXHALL ASTRA,4,E01034849,0,2
2024401459941,2024,401459941,2,9,0,-1,19,6,2,-1,0,2,0,0,0,0,1,1,-1,9,2,26,6,1364,1,17,VAUXHALL ASTRA,5,E01015762,0,2
2024010538034,2024,010538034,2,9,0,18,19,3,7,0,0,0,0,0,0,0,2,1,6,6,3,-1,-1,1598,1,9,VAUXHALL ASTRA,-1,-1,0,-1
2024991412979,2024,991412979,1,9,0,-1,9,5,3,-1,0,1,0,0,0,0,1,1,-1,1,1,76,11,1598,1,9,VAUXHALL ASTRA,-1,-1,0,-1
2024131411048,2024,131411048,1,9,0,-1,11,5,1,-1,0,0,0,0,0,0,4,1,-1,2,1,53,8,1398,1,14,VAUXHALL ASTRA,7,E01011403,0,2
2024010523770,2024,010523770,2,9,0,2,2,0,0,0,0,0,0,0,0,0,1,1,6,6,3,-1,-1,1796,1,18,VAUXHALL ASTRA,-1,-1,0,-1
2024010507130,2024,010507130,2,9,0,6,6,7,7,0,0,6,0,0,0,0,4,1,2,2,1,33,6,1598,1,14,VAUXHALL ASTRA,6,E01003433,0,3
2024010546049,2024,010546049,1,9,0,18,19,5,1,0,0,0,0,0,0,0,0,1,6,6,2,35,6,1598,1,10,VAUXHALL ASTRA,2,E01001549,0,2
2024041521222,2024,041521222,2,9,0,-1,19,2,6,-1,0,8,0,0,0,0,3,1,-1,6,1,44,7,1686,2,13,VAUXHALL ASTRA,2,E01012658,0,1
2024371485154,2024,371485154,2,9,0,-1,19,5,1,-1,0,1,0,0,0,0,4,1,-1,9,2,28,6,1399,1,9,VAUXHALL ASTRA,8,E01030043,0,3
2024332400224,2024,332400224,1,9,0,-1,6,1,1,-1,0,0,0,0,0,0,1,1,-1,9,2,27,6,1598,1,18,VAUXHALL ASTRA,10,E01025982,0,1
2024361428610,2024,361428610,1,9,0,-1,13,8,4,-1,0,0,0,0,0,0,3,1,-1,9,1,57,9,1248,2,10,VAUXHALL ASTRA,6,E01026486,0,1
2024340NN0472,2024,340NN0472,1,9,0,-1,19,7,3,-1,0,1,0,0,0,0,1,1,-1,9,1,58,9,1796,1,17,VAUXHALL ASTRA,6,E01027073,0,2
2024161434147,2024,161434147,1,9,0,-1,9,7,3,-1,0,8,0,0,1,0,4,1,-1,9,1,32,6,1686,2,14,VAUXHALL ASTRA,6,E01012953,0,2
2024522402872,2024,522402872,2,9,0,9,9,7,5,0,0,6,0,0,0,0,1,1,6,6,2,21,5,1598,1,13,VAUXHALL ASTRA,5,E01014548,0,1
2024471510603,2024,471510603,1,9,0,-1,9,3,5,-1,0,8,0,0,0,0,1,1,-1,9,1,65,9,1686,2,20,VAUXHALL ASTRA,7,E01034828,0,1
2024421429948,2024,421429948,1,9,0,-1,19,5,1,-1,0,0,0,0,0,0,1,1,-1,6,2,-1,-1,1598,1,11,VAUXHALL ASTRA,3,E01022050,0,1
2024361407361,2024,361407361,1,9,0,-1,19,2,6,-1,0,0,0,0,0,0,3,9,-1,6,1,75,10,1398,1,13,VAUXHALL ASTRA,4,E01026780,0,1
2024141409030,2024,141409030,2,9,0,-1,6,5,5,-1,0,0,0,0,0,0,1,9,-1,6,3,-1,-1,1362,1,11,VAUXHALL ASTRA,-1,-1,0,-1
2024361417519,2024,361417519,2,9,0,-1,19,7,4,-1,0,8,0,0,0,0,3,1,-1,2,1,27,6,1910,2,16,VAUXHALL ASTRA,6,E01026629,0,2
2024440275424,2024,440275424,3,9,0,2,2,0,0,0,0,0,0,0,0,0,2,1,6,6,3,-1,-1,1796,1,18,VAUXHALL ASTRA,-1,-1,0,-1
2024991485677,2024,991485677,1,9,0,-1,9,8,6,-1,0,5,0,0,0,0,1,1,-1,1,1,49,8,-1,-1,-1,VAUXHALL ASTRA,3,-1,0,1
2024311522828,2024,311522828,1,9,0,-1,5,3,5,-1,0,2,0,0,0,0,3,9,-1,6,1,72,10,-1,-1,-1,VAUXHALL ASTRA,-1,-1,0,-1
2024131395101,2024,131395101,2,9,0,-1,19,3,1,-1,0,0,0,0,0,0,3,1,-1,9,1,79,11,1199,1,1,VAUXHALL ASTRA,2,E01011814,0,2
2024131526886,2024,131526886,3,9,0,-1,2,0,0,-1,0,0,0,0,0,0,3,1,-1,6,-1,-1,-1,1598,1,16,VAUXHALL ASTRA,-1,-1,0,-1
2024430309465,2024,430309465,2,9,0,18,19,3,7,0,0,1,0,0,0,0,1,1,6,6,1,-1,-1,1796,1,18,VAUXHALL ASTRA,-1,-1,0,-1
2024421510636,2024,421510636,1,9,0,-1,19,6,1,-1,0,0,0,0,0,0,1,1,-1,6,1,37,7,1598,1,17,VAUXHALL ASTRA,9,E01021352,0,1
2024991396195,2024,991396195,1,9,0,-1,19,5,1,-1,0,0,1,0,0,0,1,1,-1,6,1,25,5,1796,1,20,VAUXHALL ASTRA,2,-1,0,3
2024141400821,2024,141400821,2,9,0,-1,2,0,0,-1,0,1,0,0,0,0,3,1,-1,6,-1,-1,-1,1364,1,15,VAUXHALL ASTRA,-1,-1,0,-1
2024311432235,2024,311432235,1,9,0,-1,9,1,5,-1,0,8,0,0,0,0,1,1,-1,6,2,31,6,1399,1,5,VAUXHALL ASTRA,-1,-1,0,-1
2024421430836,2024,421430836,1,9,0,-1,9,7,4,-1,0,0,0,0,0,0,1,1,-1,1,1,48,8,1598,2,7,VAUXHALL ASTRA,9,E01021675,0,3
2024481503775,2024,481503775,2,8,0,-1,2,1,5,-1,0,0,0,0,0,0,3,1,-1,2,1,40,7,1598,1,15,VAUXHALL ASTRA,-1,-1,0,-1
2024440547028,2024,440547028,2,9,0,16,19,1,4,0,0,8,0,0,0,0,3,1,6,6,1,-1,-1,1910,2,16,VAUXHALL ASTRA,-1,-1,0,-1
2024141435751,2024,141435751,1,9,0,-1,19,3,6,-1,0,2,0,0,0,0,4,1,-1,9,1,19,4,1364,1,15,VAUXHALL ASTRA,2,E01007871,0,1
2024161416722,2024,161416722,2,9,0,-1,19,8,4,-1,0,1,0,0,0,0,1,9,-1,6,1,-1,-1,1598,1,10,VAUXHALL ASTRA,-1,-1,0,-1
2024501519003,2024,501519003,1,9,0,-1,6,6,2,-1,0,8,0,0,0,0,3,1,-1,9,1,29,6,1598,1,11,VAUXHALL ASTRA,6,E01014439,0,5
2024531501554,2024,531501554,1,9,0,-1,19,1,5,-1,0,0,0,0,0,0,1,1,-1,2,2,48,8,1364,1,17,VAUXHALL ASTRA,6,E01034795,0,1
2024520001386,2024,520001386,2,9,0,18,19,1,5,0,0,0,0,0,0,0,1,1,6,6,1,33,6,1598,1,14,VAUXHALL ASTRA,4,E01029041,0,3
2024010547175,2024,010547175,2,9,0,99,99,9,9,99,99,9,9,99,9,99,1,9,6,6,1,-1,-1,1199,1,0,VAUXHALL ASTRA,2,E01001155,0,3
2024010504790,2024,010504790,2,9,0,18,19,1,5,0,0,1,0,0,0,0,1,1,6,6,1,25,5,1399,1,5,VAUXHALL ASTRA,4,E01000472,0,3
2024522401257,2024,522401257,1,9,0,2,2,0,0,2,2,0,0,0,0,0,2,1,6,6,1,83,11,1399,1,7,VAUXHALL ASTRA,10,E01014615,0,2
2024201443646,2024,201443646,1,9,0,-1,9,4,1,-1,0,6,0,0,0,0,3,1,-1,6,1,29,6,1399,1,7,VAUXHALL ASTRA,1,E01009056,0,1
2024471396149,2024,471396149,4,9,0,-1,19,2,6,-1,0,0,0,0,0,0,0,1,-1,1,1,27,6,1598,2,5,VAUXHALL ASTRA,4,E01031434,0,1
2024131449195,2024,131449195,2,9,0,-1,2,0,0,-1,0,0,0,0,0,0,1,1,-1,6,-1,-1,-1,1399,1,7,VAUXHALL ASTRA,-1,-1,0,-1
2024401494958,2024,401494958,1,9,0,-1,9,3,1,-1,0,5,0,0,0,0,1,9,-1,6,1,22,5,1398,1,11,VAUXHALL ASTRA,3,E01015731,0,1