collision_index,collision_year,collision_ref_no,vehicle_reference,vehicle_type,towing_and_articulation,vehicle_manoeuvre_historic,vehicle_manoeuvre,vehicle_direction_from,vehicle_direction_to,vehicle_location_restricted_lane_historic,vehicle_location_restricted_lane,junction_location,skidding_and_overturning,hit_object_in_carriageway,vehicle_leaving_carriageway,hit_object_off_carriageway,first_point_of_impact,vehicle_left_hand_drive,journey_purpose_of_driver_historic,journey_purpose_of_driver,sex_of_driver,age_of_driver,age_band_of_driver,engine_capacity_cc,propulsion_code,age_of_vehicle,generic_make_model,driver_imd_decile,lsoa_of_driver,escooter_flag,driver_distance_banding
2024052402485,2024,052402485,1,9,0,9,9,1,6,0,0,1,0,0,0,0,1,1,6,6,1,71,10,1598,1,12,VAUXHALL ASTRA,3,E01007137,0,1
2024991445041,2024,991445041,1,9,0,-1,15,1,5,-1,0,2,0,0,7,0,1,1,-1,9,1,43,7,1686,2,14,VAUXHALL ASTRA,2,-1,0,1
2024052400058,2024,052400058,1,9,0,18,19,7,3,0,0,0,0,0,0,0,1,1,1,1,1,25,5,1399,1,5,VAUXHALL ASTRA,3,E01007174,0,1
2024351417311,2024,351417311,3,9,0,-1,4,1,3,-1,0,1,0,0,0,0,0,1,-1,8,-1,-1,-1,1598,2,6,VAUXHALL ASTRA,-1,-1,0,-1
2024061498767,2024,061498767,1,9,0,-1,19,-1,-1,-1,0,9,0,0,0,0,4,1,-1,9,1,51,8,1399,1,7,VAUXHALL ASTRA,1,E01004787,0,1
2024052400034,2024,052400034,1,9,0,9,9,2,1,0,0,6,0,0,0,0,1,1,2,2,1,19,4,1598,1,10,VAUXHALL ASTRA,7,E01007110,0,2
2024010513514,2024,010513514,2,9,0,18,19,5,1,0,0,4,0,0,0,0,3,1,6,6,2,56,9,1398,1,13,VAUXHALL ASTRA,6,E01030629,0,3
2024421408174,2024,421408174,1,9,0,-1,19,4,8,-1,0,0,0,0,0,0,1,1,-1,6,1,43,7,1686,2,15,VAUXHALL ASTRA,10,E01023444,0,2
2024401500612,2024,401500612,1,9,0,-1,19,1,5,-1,0,8,0,0,0,0,1,1,-1,6,1,22,5,1910,2,16,VAUXHALL ASTRA,6,E01015800,0,1
2024411505053,2024,411505053,2,9,0,-1,7,-1,-1,-1,0,0,0,0,0,0,4,9,-1,9,1,72,10,1598,1,15,VAUXHALL ASTRA,7,E01021695,0,4
2024430291657,2024,430291657,1,9,0,18,19,8,4,0,0,0,0,0,0,0,3,1,6,6,2,47,8,1598,1,12,VAUXHALL ASTRA,7,E01033974,0,1
2024201465122,2024,201465122,2,9,0,-1,3,5,1,-1,0,1,0,0,0,0,2,1,-1,6,1,40,7,1598,1,13,VAUXHALL ASTRA,-1,-1,0,-1
2024351511203,2024,351511203,1,9,0,-1,14,1,5,-1,0,0,0,0,0,0,1,1,-1,6,1,47,8,1398,1,12,VAUXHALL ASTRA,3,E01018073,0,1
2024991494502,2024,991494502,2,9,0,-1,19,8,2,-1,0,1,0,0,0,0,2,1,-1,6,2,70,10,1364,1,14,VAUXHALL ASTRA,2,-1,0,1
2024201442307,2024,201442307,1,9,0,-1,19,7,3,-1,0,8,0,0,0,0,1,1,-1,6,1,53,8,1364,1,9,VAUXHALL ASTRA,7,E01032170,0,1
2024041421145,2024,041421145,1,9,0,-1,19,7,3,-1,0,0,0,0,0,0,3,1,-1,2,1,53,8,1398,1,9,VAUXHALL ASTRA,2,E01025269,0,1
2024161477765,2024,161477765,2,9,0,-1,3,4,8,-1,0,0,0,0,0,0,2,1,-1,9,1,81,11,1598,2,7,VAUXHALL ASTRA,10,E01013275,0,1
2024231491015,2024,231491015,2,9,0,-1,19,8,4,-1,0,8,0,0,0,0,1,1,-1,1,2,38,7,1796,1,19,VAUXHALL ASTRA,1,E01031116,0,1
2024501530935,2024,501530935,2,9,0,-1,19,6,2,-1,0,0,0,0,0,0,1,1,-1,9,2,46,8,1598,1,15,VAUXHALL ASTRA,6,E01019942,0,3
2024010533705,2024,010533705,2,9,0,18,19,7,3,0,0,0,0,0,0,0,3,1,6,6,2,51,8,1199,1,1,VAUXHALL ASTRA,4,E01001373,0,2
2024371506115,2024,371506115,1,9,0,-1,4,8,4,-1,0,4,1,0,3,0,1,1,-1,6,1,20,4,1598,1,18,VAUXHALL ASTRA,5,E01030073,0,1
2024131483002,2024,131483002,1,9,0,-1,19,3,5,-1,0,0,0,0,0,0,1,1,-1,2,1,39,7,1910,2,17,VAUXHALL ASTRA,2,E01011925,0,2
2024520001722,2024,520001722,2,9,0,2,2,0,0,0,0,0,0,0,0,0,3,1,6,6,3,-1,-1,1364,1,14,VAUXHALL ASTRA,-1,-1,0,-1
2024010546836,2024,010546836,2,9,0,18,19,3,7,0,0,8,1,0,0,0,2,1,6,6,3,-1,-1,1598,1,16,VAUXHALL ASTRA,-1,-1,0,-1
2024010506414,2024,010506414,1,9,0,18,19,8,4,0,0,2,0,0,0,0,4,1,6,6,2,36,7,1598,1,14,VAUXHALL ASTRA,2,E01003335,0,1
2024061481210,2024,061481210,5,9,0,-1,19,1,5,-1,0,1,0,10,0,0,4,1,-1,2,1,65,9,1956,2,10,VAUXHALL ASTRA,7,E01005033,0,1
2024302401086,2024,302401086,1,9,0,17,19,8,5,0,0,0,0,0,2,2,4,1,6,6,1,22,5,1796,1,14,VAUXHALL ASTRA,2,E01029452,0,1
2024131404366,2024,131404366,1,9,0,-1,-1,-1,-1,-1,-1,0,-1,-1,-1,-1,-1,1,-1,6,3,-1,-1,1598,1,17,VAUXHALL ASTRA,-1,-1,0,-1
2024131401274,2024,131401274,2,9,0,-1,5,8,6,-1,0,2,0,0,0,0,1,1,-1,1,1,46,8,1598,2,9,VAUXHALL ASTRA,1,E01033697,0,1
2024010523434,2024,010523434,1,9,0,18,19,5,1,0,0,1,0,0,0,0,1,1,6,6,1,20,4,1598,1,12,VAUXHALL ASTRA,3,E01001488,0,1
2024401497574,2024,401497574,1,9,0,-1,9,7,5,-1,0,5,0,0,0,0,1,1,-1,6,1,44,7,1956,2,11,VAUXHALL ASTRA,4,E01017536,0,1
2024010550001,2024,010550001,4,9,0,18,19,1,5,0,0,1,0,0,0,0,0,1,1,1,2,47,8,1399,1,5,VAUXHALL ASTRA,-1,-1,0,-1
2024101471266,2024,101471266,1,9,0,-1,7,6,1,-1,0,8,0,0,0,0,1,1,-1,9,1,48,8,1956,2,12,VAUXHALL ASTRA,9,E01008611,0,1
2024311396702,2024,311396702,2,9,0,-1,2,8,4,-1,0,8,1,0,0,0,1,1,-1,6,2,33,6,1364,1,17,VAUXHALL ASTRA,2,E01013907,0,1
2024440387996,2024,440387996,2,9,0,7,7,8,2,0,0,6,0,0,0,0,1,1,6,6,1,20,4,1398,1,11,VAUXHALL ASTRA,9,E01022730,0,1
2024010511991,2024,010511991,1,9,0,7,7,8,2,0,0,8,5,7,3,1,1,1,6,6,1,36,7,1398,1,14,VAUXHALL ASTRA,4,E01003372,0,1
2024131460454,2024,131460454,2,9,0,-1,4,1,5,-1,0,0,0,0,0,0,2,1,-1,9,2,50,8,1398,1,13,VAUXHALL ASTRA,4,E01011184,0,1
2024131403132,2024,131403132,1,9,0,-1,19,7,3,-1,0,1,0,0,8,7,1,1,-1,6,1,46,8,1686,2,12,VAUXHALL ASTRA,4,E01010985,0,1
2024010522571,2024,010522571,1,9,0,18,19,7,3,0,0,8,0,0,0,0,1,1,6,6,2,25,5,1399,1,8,VAUXHALL ASTRA,2,E01002151,0,1
2024351502091,2024,351502091,2,9,0,-1,-1,-1,-1,-1,-1,-1,-1,-1,-1,0,-1,9,-1,9,1,25,5,1686,2,11,VAUXHALL ASTRA,1,E01015637,0,1
2024522401863,2024,522401863,1,9,0,18,19,3,7,0,0,8,0,0,0,0,4,1,6,6,2,79,11,1796,1,18,VAUXHALL ASTRA,6,E01015008,0,1
2024311404074,2024,311404074,2,9,0,-1,3,3,1,-1,0,8,0,0,0,0,2,1,-1,7,1,64,9,1956,2,10,VAUXHALL ASTRA,10,E01028151,0,3
2024111451852,2024,111451852,2,9,0,-1,19,7,3,-1,0,0,0,0,0,0,4,1,-1,2,1,22,5,1598,1,5,VAUXHALL ASTRA,6,E01035184,0,1
2024461458866,2024,461458866,2,9,0,-1,4,3,7,-1,0,0,0,0,0,0,1,2,-1,6,1,36,7,1598,2,8,VAUXHALL ASTRA,8,E01024343,0,3
2024371515583,2024,371515583,1,9,0,-1,19,1,5,-1,0,8,0,0,0,0,1,1,-1,9,1,65,9,1398,1,9,VAUXHALL ASTRA,9,E01029999,0,1
2024131411790,2024,131411790,1,9,0,-1,15,5,1,-1,0,8,5,4,0,0,4,1,-1,6,1,40,7,1598,1,12,VAUXHALL ASTRA,1,E01011729,0,1
2024440241073,2024,440241073,1,9,0,18,19,6,2,0,0,0,0,0,0,0,1,1,6,6,1,29,6,1956,2,11,VAUXHALL ASTRA,4,E01022800,0,3
2024141501287,2024,141501287,2,9,0,-1,9,5,3,-1,0,8,0,0,0,0,1,1,-1,7,2,29,6,1956,2,11,VAUXHALL ASTRA,1,E01007575,0,1
2024302500394,2024,302500394,1,9,0,-1,9,8,6,-1,0,8,0,0,0,0,1,1,-1,6,1,26,6,1956,2,13,VAUXHALL ASTRA,6,E01019585,0,1
2024501409777,2024,501409777,1,9,0,-1,5,6,2,-1,0,3,0,0,3,0,4,1,-1,7,1,46,8,1496,2,4,VAUXHALL ASTRA,7,E01019058,0,1
2024231495609,2024,231495609,1,9,0,-1,19,2,6,-1,0,0,1,0,1,4,4,1,-1,6,1,19,4,1796,1,17,VAUXHALL ASTRA,4,E01031032,0,1
2024421510733,2024,421510733,1,9,0,-1,4,6,3,-1,0,2,0,0,0,0,1,1,-1,9,2,34,6,1398,1,9,VAUXHALL ASTRA,10,E01021939,0,1
2024141406999,2024,141406999,1,9,0,-1,12,1,5,-1,0,0,0,0,0,0,1,1,-1,9,1,31,6,1398,1,9,VAUXHALL ASTRA,6,E01007409,0,4
2024501461998,2024,501461998,2,9,0,-1,19,1,7,-1,0,1,0,0,0,0,3,1,-1,9,2,20,4,1399,1,7,VAUXHALL ASTRA,2,E01020216,0,1
2024451531631,2024,451531631,2,9,0,-1,19,5,2,-1,0,1,0,0,0,0,1,1,-1,9,1,86,11,1598,1,13,VAUXHALL ASTRA,7,E01032571,0,1
2024522402940,2024,522402940,1,9,0,18,19,3,7,0,0,8,0,0,0,0,4,1,6,6,2,59,9,1398,1,13,VAUXHALL ASTRA,2,E01014626,0,1
2024010500879,2024,010500879,1,9,0,18,19,3,7,0,0,2,0,0,0,0,1,1,6,6,1,21,5,1398,1,11,VAUXHALL ASTRA,3,E01001508,0,1
2024461404235,2024,461404235,1,9,0,-1,19,3,7,-1,0,1,0,0,0,0,3,9,-1,6,2,78,11,1796,1,14,VAUXHALL ASTRA,4,E01024489,0,1
2024461514356,2024,461514356,1,9,0,-1,19,1,5,-1,0,0,0,0,0,0,1,1,-1,9,1,25,5,1598,1,17,VAUXHALL ASTRA,4,E01024372,0,1
202417H102324,2024,17H102324,1,9,0,-1,12,1,5,-1,0,6,0,0,0,0,2,1,-1,6,2,42,7,1364,1,15,VAUXHALL ASTRA,2,E01020792,0,3
2024052400389,2024,052400389,1,9,0,9,9,7,5,0,0,8,0,0,0,0,1,1,6,6,1,29,6,1956,2,10,VAUXHALL ASTRA,2,E01006948,0,1
2024041421493,2024,041421493,1,9,0,-1,19,4,7,-1,0,4,0,0,0,0,1,1,-1,2,2,61,9,1598,1,24,VAUXHALL ASTRA,1,E01012603,0,1
2024061401649,2024,061401649,1,9,-1,-1,-1,-1,-1,-1,-1,0,-1,-1,-1,0,-1,1,-1,6,1,-1,-1,1398,1,12,VAUXHALL ASTRA,-1,-1,0,-1
2024010545204,2024,010545204,1,9,0,9,9,7,5,0,0,5,0,0,0,0,1,1,6,6,2,57,9,1598,1,11,VAUXHALL ASTRA,5,E01030751,0,2
2024010522147,2024,010522147,5,9,0,2,2,0,0,0,0,1,0,0,0,0,1,1,6,6,3,-1,-1,1796,1,16,VAUXHALL ASTRA,-1,-1,0,-1
2024340WN6402,2024,340WN6402,2,9,0,-1,19,4,8,-1,0,1,0,0,0,0,1,1,-1,6,1,54,8,1956,2,9,VAUXHALL ASTRA,2,E01027242,0,1
2024010538647,2024,010538647,2,9,0,3,3,7,3,0,0,8,0,0,0,0,3,1,6,6,1,28,6,1398,1,13,VAUXHALL ASTRA,6,E01001599,0,1
2024010502692,2024,010502692,1,9,0,99,99,9,9,99,99,9,9,99,9,99,1,9,6,6,2,42,7,1362,1,12,VAUXHALL ASTRA,2,E01033151,0,1
2024302400695,2024,302400695,1,9,0,9,9,6,4,0,0,8,0,0,0,0,4,1,6,6,2,40,7,1364,1,11,VAUXHALL ASTRA,1,E01034256,0,1
2024520403183,2024,520403183,2,9,0,2,2,0,0,0,0,0,0,0,0,0,2,1,6,6,3,-1,-1,1956,2,13,VAUXHALL ASTRA,-1,-1,0,-1
2024302400888,2024,302400888,2,9,0,18,19,7,3,0,0,8,0,0,0,0,1,1,3,7,2,38,7,1956,2,10,VAUXHALL ASTRA,2,E01013497,0,1
2024631492704,2024,631492704,1,9,0,-1,19,5,1,-1,0,0,5,0,0,0,1,1,-1,6,1,26,6,1956,2,11,VAUXHALL ASTRA,5,W01000550,0,4
2024201520500,2024,201520500,1,9,0,-1,19,1,5,-1,0,1,0,0,0,0,1,1,-1,6,1,26,6,1399,1,7,VAUXHALL ASTRA,2,E01010073,0,1
2024440449587,2024,440449587,1,9,0,18,19,7,3,0,0,0,1,0,7,9,1,1,6,6,1,30,6,1910,2,17,VAUXHALL ASTRA,9,E01022751,0,3
2024141433570,2024,141433570,1,9,0,-1,19,7,3,-1,0,1,0,0,0,0,3,1,-1,6,1,65,9,1796,1,15,VAUXHALL ASTRA,2,E01007367,0,1
2024522403019,2024,522403019,2,9,0,2,2,0,0,0,0,0,0,4,0,0,1,1,6,6,2,39,7,1796,1,22,VAUXHALL ASTRA,4,E01014968,0,1
2024430336208,2024,430336208,2,9,0,18,19,7,3,0,0,1,0,0,0,0,2,1,6,6,1,57,9,1686,2,10,VAUXHALL ASTRA,4,E01028819,0,3
2024010535459,2024,010535459,2,9,0,7,7,2,5,0,0,8,0,0,0,0,3,1,6,6,1,50,8,1598,1,14,VAUXHALL ASTRA,4,E01001359,0,1
2024991509895,2024,991509895,1,9,0,-1,9,8,2,-1,0,6,0,0,0,0,3,1,-1,6,2,56,9,1598,1,10,VAUXHALL ASTRA,-1,-1,0,-1
2024610008824,2024,610008824,1,9,0,9,9,1,7,0,0,8,0,0,0,0,1,1,6,6,1,54,8,1956,2,10,VAUXHALL ASTRA,2,W01001531,0,3
2024122400284,2024,122400284,1,9,0,5,5,4,8,0,0,0,0,0,0,0,3,1,6,6,2,30,6,1364,1,16,VAUXHALL ASTRA,5,E01013446,0,1
2024161411782,2024,161411782,1,9,0,-1,19,2,6,-1,0,8,0,0,0,0,1,1,-1,9,2,50,8,1399,1,6,VAUXHALL ASTRA,7,E01013098,0,2
2024430112745,2024,430112745,3,9,0,18,19,2,6,0,0,8,0,0,0,0,4,1,1,1,1,-1,-1,1598,2,5,VAUXHALL ASTRA,-1,-1,0,-1
2024161424076,2024,161424076,1,9,0,-1,19,7,3,-1,0,0,0,0,0,0,1,1,-1,6,2,20,4,1598,2,9,VAUXHALL ASTRA,1,E01012845,0,2
2024201495544,2024,201495544,2,9,0,-1,19,4,8,-1,0,3,0,0,0,0,1,1,-1,9,1,21,5,1956,2,12,VAUXHALL ASTRA,3,E01010042,0,1
2024052400286,2024,052400286,2,9,0,18,19,7,3,0,0,8,0,0,1,10,1,1,6,6,1,28,6,1598,2,8,VAUXHALL ASTRA,5,E01006427,0,3
2024302500090,2024,302500090,2,9,0,-1,9,6,3,-1,0,8,0,0,0,0,1,1,-1,2,2,30,6,1398,1,12,VAUXHALL ASTRA,3,E01019856,0,1
2024522401393,2024,522401393,1,9,0,9,9,5,3,0,0,5,0,0,0,0,4,1,6,6,1,50,8,1598,1,19,VAUXHALL ASTRA,3,E01014600,0,1
2024542167524,2024,542167524,1,9,0,15,15,8,4,0,0,3,0,0,0,0,1,1,6,6,1,34,6,1248,2,12,VAUXHALL ASTRA,1,E01015546,0,1
2024421467105,2024,421467105,2,9,0,-1,5,1,5,-1,0,0,0,0,0,0,2,1,-1,1,1,59,9,1496,2,4,VAUXHALL ASTRA,8,E01021613,0,1
2024610044624,2024,610044624,1,9,0,18,19,5,1,0,0,0,0,0,0,0,1,1,6,6,1,64,9,1686,2,11,VAUXHALL ASTRA,4,W01001415,0,1
2024010518454,2024,010518454,1,9,0,7,7,3,6,0,0,0,0,0,0,0,4,1,6,6,1,71,10,1399,1,7,VAUXHALL ASTRA,3,E01001701,0,1
2024201444093,2024,201444093,1,8,0,-1,19,3,6,-1,0,4,0,0,0,0,1,9,-1,9,1,53,8,1598,2,7,VAUXHALL ASTRA,1,E01009993,0,1
2024631473360,2024,631473360,1,9,0,-1,19,4,8,-1,0,8,0,0,0,0,1,1,-1,1,1,32,6,1598,2,10,VAUXHALL ASTRA,5,W01000728,0,4
2024401429930,2024,401429930,1,9,0,-1,15,3,7,-1,0,0,0,0,0,0,4,1,-1,2,1,49,8,1364,1,16,VAUXHALL ASTRA,9,E01033824,0,3
2024101521419,2024,101521419,1,9,0,-1,9,4,1,-1,0,5,0,0,0,0,3,9,-1,6,2,62,9,1398,1,13,VAUXHALL ASTRA,8,E01008560,0,3
2024201473784,2024,201473784,1,9,0,-1,1,2,6,-1,0,1,0,0,0,0,2,9,-1,6,1,22,5,1598,2,8,VAUXHALL ASTRA,-1,-1,0,-1
2024430575472,2024,430575472,1,9,0,18,19,8,4,0,0,0,1,0,1,4,3,1,2,2,1,28,6,1364,1,17,VAUXHALL ASTRA,4,E01002405,0,2
2024010516626,2024,010516626,1,9,0,9,9,7,4,0,0,8,0,0,0,0,1,1,1,1,1,23,5,1398,1,13,VAUXHALL ASTRA,-1,-1,0,-1
2024440524211,2024,440524211,1,9,0,7,7,3,5,0,0,6,0,0,0,0,1,1,6,6,1,41,7,1956,2,12,VAUXHALL ASTRA,5,E01017160,0,1
2024501526772,2024,501526772,3,9,0,-1,3,3,7,-1,0,0,0,0,0,0,2,1,-1,2,2,44,7,1956,2,10,VAUXHALL ASTRA,3,E01015060,0,1
2024421419069,2024,421419069,1,9,0,-1,19,5,1,-1,0,0,1,0,0,0,1,1,-1,6,1,44,7,1598,1,14,VAUXHALL ASTRA,-1,-1,0,-1
2024371521210,2024,371521210,3,9,0,-1,3,7,1,-1,0,1,0,0,0,0,4,1,-1,6,1,24,5,1598,2,8,VAUXHALL ASTRA,7,E01023341,0,4
2024010530576,2024,010530576,2,9,0,6,6,1,1,1,1,0,0,0,0,0,1,1,1,1,1,33,6,1399,1,5,VAUXHALL ASTRA,5,E01001677,0,2
2024070485935,2024,070485935,1,9,0,18,19,5,7,0,0,0,0,0,0,0,1,1,1,1,1,-1,-1,1399,1,5,VAUXHALL ASTRA,-1,-1,0,-1
2024631492594,2024,631492594,1,9,0,-1,5,4,8,-1,0,6,0,0,0,0,3,2,-1,9,1,82,11,1598,1,10,VAUXHALL ASTRA,6,E01032196,0,4
2024471467909,2024,471467909,1,9,0,-1,9,6,2,-1,0,6,0,0,0,0,1,9,-1,6,3,-1,-1,1598,2,10,VAUXHALL ASTRA,-1,-1,0,-1
202460Q179287,2024,60Q179287,2,9,0,18,19,7,3,0,0,0,0,0,0,0,3,1,6,6,1,42,7,1598,2,9,VAUXHALL ASTRA,-1,-1,0,-1
2024991438142,2024,991438142,2,9,0,-1,9,4,2,-1,0,8,0,0,0,0,3,1,-1,2,2,47,8,1398,1,10,VAUXHALL ASTRA,9,-1,0,1
2024361532499,2024,361532499,2,9,0,-1,10,4,2,-1,0,1,0,0,0,0,2,1,-1,6,1,39,7,1956,2,11,VAUXHALL ASTRA,6,E01026424,0,2
2024052400572,2024,052400572,2,9,0,18,19,3,7,0,0,8,0,0,0,0,1,1,6,6,1,44,7,1399,1,7,VAUXHALL ASTRA,3,E01006836,0,2
2024361519852,2024,361519852,2,9,0,-1,2,0,0,-1,0,0,0,0,0,0,2,1,-1,1,1,-1,-1,1598,2,6,VAUXHALL ASTRA,5,E01034773,0,3
2024361451964,2024,361451964,2,9,0,-1,10,3,7,-1,0,1,0,0,0,0,2,1,-1,6,1,60,9,1956,2,10,VAUXHALL ASTRA,6,E01026781,0,4
2024131416416,2024,131416416,2,9,0,-1,13,3,7,-1,0,1,1,0,3,10,1,1,-1,9,1,34,6,1956,2,10,VAUXHALL ASTRA,6,E01035049,0,3
2024546865524,2024,546865524,2,9,0,18,19,6,2,0,0,8,0,0,0,0,1,1,6,6,2,35,6,1598,1,10,VAUXHALL ASTRA,6,E01016306,0,4
2024311531717,2024,311531717,1,9,0,-1,19,8,6,-1,0,6,0,11,0,0,1,1,-1,6,3,-1,-1,1686,2,13,VAUXHALL ASTRA,-1,-1,0,-1
2024610030124,2024,610030124,3,9,0,18,19,8,4,0,0,0,0,0,0,0,1,1,2,2,1,17,4,1686,2,12,VAUXHALL ASTRA,4,W01001438,0,3
2024122500262,2024,122500262,1,9,0,5,5,3,5,0,0,1,0,0,0,0,1,1,6,6,1,42,7,1399,1,7,VAUXHALL ASTRA,6,E01013369,0,1
2024501461669,2024,501461669,1,9,0,-1,19,3,7,-1,0,8,0,0,0,0,1,9,-1,6,1,26,6,1598,1,16,VAUXHALL ASTRA,6,E01014558,0,5
2024101476138,2024,101476138,2,9,0,-1,19,7,3,-1,0,1,0,0,0,0,1,1,-1,9,2,59,9,1598,1,12,VAUXHALL ASTRA,3,E01008511,0,1
2024010509739,2024,010509739,2,9,0,9,9,1,7,0,0,1,0,0,0,0,3,1,6,6,2,28,6,1796,1,17,VAUXHALL ASTRA,7,E01004143,0,1
2024471471616,2024,471471616,1,9,0,-1,19,2,6,-1,0,0,0,0,0,0,3,1,-1,7,2,32,6,1956,2,14,VAUXHALL ASTRA,1,E01016942,0,2
2024221454721,2024,221454721,1,9,0,-1,19,5,1,-1,0,0,1,0,1,0,1,1,-1,6,1,20,4,1598,1,10,VAUXHALL ASTRA,2,E01010529,0,3
2024440472190,2024,440472190,2,9,0,18,19,3,7,0,0,8,0,0,1,1,1,1,2,2,2,51,8,1956,2,10,VAUXHALL ASTRA,9,E01022991,0,4
202417S112424,2024,17S112424,1,9,0,-1,7,5,3,-1,0,8,0,0,0,0,1,1,-1,9,1,54,8,1598,2,9,VAUXHALL ASTRA,8,E01012212,0,1
2024141485497,2024,141485497,1,9,0,-1,2,0,0,-1,0,0,0,0,0,0,2,1,-1,6,-1,-1,-1,1686,2,13,VAUXHALL ASTRA,-1,-1,0,-1
2024052400738,2024,052400738,2,9,0,18,19,1,5,0,0,0,0,0,0,0,2,1,6,6,1,68,10,1399,1,7,VAUXHALL ASTRA,8,E01007308,0,1
2024201428050,2024,201428050,2,9,0,-1,19,2,6,-1,0,0,0,0,0,0,3,1,-1,6,1,31,6,1598,1,17,VAUXHALL ASTRA,10,E01029439,0,4
2024071085295,2024,071085295,1,9,0,-1,19,7,1,-1,0,5,0,0,0,1,1,1,-1,6,1,85,11,1598,1,10,VAUXHALL ASTRA,-1,-1,0,-1
2024552401074,2024,552401074,1,9,0,9,9,6,4,0,0,8,0,0,0,0,1,1,6,6,2,28,6,1686,2,13,VAUXHALL ASTRA,3,E01015308,0,1
2024111449868,2024,111449868,1,9,0,-1,19,5,1,-1,0,1,0,0,0,0,4,1,-1,6,1,37,7,1399,1,8,VAUXHALL ASTRA,8,-1,0,5
2024010523075,2024,010523075,3,9,0,2,2,0,0,0,0,0,0,0,0,0,1,1,6,6,3,-1,-1,1598,1,14,VAUXHALL ASTRA,-1,-1,0,-1
2024411535047,2024,411535047,2,9,-1,-1,19,-1,-1,-1,0,0,0,0,0,0,4,9,-1,9,2,53,8,1399,1,7,VAUXHALL ASTRA,4,E01023873,0,1
2024010528264,2024,010528264,2,9,9,99,99,9,9,99,99,0,9,99,9,99,9,9,6,6,3,-1,-1,1598,2,10,VAUXHALL ASTRA,-1,-1,0,-1
2024010520548,2024,010520548,1,9,0,9,9,5,2,0,0,6,0,0,0,0,4,1,6,6,1,21,5,1399,1,8,VAUXHALL ASTRA,-1,-1,0,-1
2024201447767,2024,201447767,2,9,0,-1,19,6,2,-1,0,8,0,0,0,0,1,1,-1,6,1,46,8,1998,1,21,VAUXHALL ASTRA,2,E01010429,0,2
2024332400702,2024,332400702,1,9,0,-1,13,7,3,-1,0,0,0,0,0,0,1,1,-1,6,1,26,6,1796,1,15,VAUXHALL ASTRA,10,E01025813,0,4
2024421526711,2024,421526711,2,9,0,-1,19,3,7,-1,0,4,0,0,1,9,3,1,-1,9,1,72,10,1598,1,7,VAUXHALL ASTRA,5,E01021976,0,3
2024201448459,2024,201448459,3,9,0,-1,2,0,0,-1,0,0,0,4,0,0,1,1,-1,6,-1,-1,-1,1364,1,19,VAUXHALL ASTRA,-1,-1,0,-1
2024421490560,2024,421490560,3,9,0,-1,19,8,4,-1,0,1,0,0,0,0,1,1,-1,2,1,36,7,1796,1,23,VAUXHALL ASTRA,2,E01022046,0,2
2024451495836,2024,451495836,1,9,0,-1,19,8,4,-1,0,8,0,0,0,0,4,1,-1,2,1,60,9,1399,1,7,VAUXHALL ASTRA,6,E01030363,0,1
2024122400665,2024,122400665,1,9,0,18,19,4,8,0,0,1,0,0,0,0,1,1,2,2,1,44,7,1910,2,17,VAUXHALL ASTRA,5,E01027776,0,1
2024311460159,2024,311460159,1,9,0,-1,19,4,4,-1,0,1,0,0,0,0,1,1,-1,2,1,34,6,1598,1,10,VAUXHALL ASTRA,9,E01028367,0,2
2024131431931,2024,131431931,1,9,0,-1,4,3,7,-1,0,0,0,0,0,0,2,1,-1,6,1,46,8,1598,1,14,VAUXHALL ASTRA,4,E01011831,0,1
2024010533478,2024,010533478,1,9,0,99,99,9,9,99,99,9,9,99,9,99,9,9,6,6,1,53,8,1199,1,1,VAUXHALL ASTRA,4,E01003530,0,1
2024522403219,2024,522403219,1,9,0,18,19,5,1,0,0,1,0,0,0,0,1,1,6,6,1,28,6,1598,1,14,VAUXHALL ASTRA,9,E01014752,0,3
2024010550466,2024,010550466,1,9,0,18,19,1,5,0,0,8,0,0,0,0,1,1,6,6,1,23,5,1598,1,15,VAUXHALL ASTRA,2,E01004236,0,1
2024440271476,2024,440271476,2,9,0,3,3,1,5,0,0,1,0,0,0,0,2,1,6,6,1,30,6,1598,1,10,VAUXHALL ASTRA,1,E01017241,0,2
2024131522857,2024,131522857,2,9,0,-1,19,3,7,-1,0,8,0,0,0,0,4,1,-1,9,1,19,4,1598,1,16,VAUXHALL ASTRA,1,E01011735,0,2
2024302400950,2024,302400950,1,9,0,16,19,6,8,0,0,1,0,0,0,0,1,1,6,6,1,20,4,1956,2,13,VAUXHALL ASTRA,2,E01013588,0,1
2024070248899,2024,070248899,1,9,0,17,19,8,3,0,0,0,2,0,0,4,3,1,2,2,1,18,4,1796,1,15,VAUXHALL ASTRA,8,E01018699,0,2
2024991451028,2024,991451028,1,9,0,-1,19,8,4,-1,0,0,1,0,7,0,1,1,-1,6,1,18,4,1364,1,15,VAUXHALL ASTRA,2,-1,0,1
2024010541736,2024,010541736,2,9,0,99,99,9,9,99,99,9,9,99,9,99,1,9,6,6,3,-1,-1,1399,1,7,VAUXHALL ASTRA,-1,-1,0,-1
2024430112745,2024,430112745,2,9,0,3,3,4,8,0,0,1,0,0,0,0,2,1,6,6,1,42,7,1598,1,20,VAUXHALL ASTRA,4,E01016395,0,1
2024010521910,2024,010521910,2,9,0,18,19,3,7,0,0,8,0,0,0,0,4,1,6,6,1,22,5,1364,1,16,VAUXHALL ASTRA,2,E01004304,0,1