collision_index,collision_year,collision_ref_no,vehicle_reference,vehicle_type,towing_and_articulation,vehicle_manoeuvre_historic,vehicle_manoeuvre,vehicle_direction_from,vehicle_direction_to,vehicle_location_restricted_lane_historic,vehicle_location_restricted_lane,junction_location,skidding_and_overturning,hit_object_in_carriageway,vehicle_leaving_carriageway,hit_object_off_carriageway,first_point_of_impact,vehicle_left_hand_drive,journey_purpose_of_driver_historic,journey_purpose_of_driver,sex_of_driver,age_of_driver,age_band_of_driver,engine_capacity_cc,propulsion_code,age_of_vehicle,generic_make_model,driver_imd_decile,lsoa_of_driver,escooter_flag,driver_distance_banding
2024401448910,2024,401448910,2,9,0,-1,19,1,5,-1,0,0,0,0,0,0,1,1,-1,9,1,66,10,1399,1,8,VAUXHALL ASTRA,6,E01018190,0,4
2024302400943,2024,302400943,1,9,0,4,4,3,7,0,0,1,0,0,0,0,2,1,6,6,2,30,6,1598,2,9,VAUXHALL ASTRA,9,E01028095,0,4
2024531426233,2024,531426233,1,9,0,-1,5,8,4,-1,0,4,0,0,0,0,1,1,-1,6,1,31,6,1598,8,0,VAUXHALL ASTRA,2,E01000151,0,5
2024991450135,2024,991450135,2,9,0,-1,4,7,3,-1,0,0,0,0,0,0,2,1,-1,9,1,19,4,1686,2,10,VAUXHALL ASTRA,4,-1,0,1
2024411440295,2024,411440295,2,9,0,-1,2,0,0,-1,0,0,0,0,0,0,2,1,-1,6,-1,-1,-1,1598,1,9,VAUXHALL ASTRA,-1,-1,0,-1
2024131453676,2024,131453676,1,9,0,-1,19,7,3,-1,0,8,0,4,0,0,1,1,-1,6,2,33,6,1910,2,16,VAUXHALL ASTRA,8,E01011929,0,1
2024401462718,2024,401462718,1,9,0,-1,19,3,7,-1,0,8,0,0,0,0,1,1,-1,1,2,32,6,1598,2,6,VAUXHALL ASTRA,2,E01033804,0,1
2024471445233,2024,471445233,2,9,0,-1,4,1,5,-1,0,4,0,0,0,0,2,2,-1,6,2,77,11,1796,1,19,VAUXHALL ASTRA,5,E01021216,0,1
2024201413505,2024,201413505,1,9,0,-1,19,1,5,-1,0,8,0,0,0,0,1,9,-1,6,1,23,5,1598,1,17,VAUXHALL ASTRA,2,E01010452,0,1
2024131516422,2024,131516422,2,9,0,-1,2,0,0,-1,0,0,0,0,0,0,2,1,-1,6,-1,-1,-1,1398,1,9,VAUXHALL ASTRA,-1,-1,0,-1
2024010501539,2024,010501539,2,9,9,99,99,9,9,99,99,9,9,99,9,99,9,9,6,6,3,-1,-1,1598,1,14,VAUXHALL ASTRA,-1,-1,0,-1
2024010533315,2024,010533315,1,9,0,18,19,1,5,0,0,8,0,0,0,0,3,1,6,6,2,23,5,999,1,6,VAUXHALL ASTRA,5,E01015717,0,4
2024361453875,2024,361453875,1,9,0,-1,19,5,1,-1,0,0,0,0,0,0,1,1,-1,9,1,42,7,1796,1,17,VAUXHALL ASTRA,2,E01026596,0,1
2024010503500,2024,010503500,2,9,0,99,99,9,9,99,99,9,9,99,9,99,9,9,6,6,3,-1,-1,1496,2,4,VAUXHALL ASTRA,-1,-1,0,-1
2024501525991,2024,501525991,1,9,0,-1,19,2,6,-1,0,0,1,0,0,0,1,1,-1,9,2,43,7,1686,2,12,VAUXHALL ASTRA,5,E01019887,0,2
2024010501919,2024,010501919,2,9,0,2,2,0,0,9,9,2,0,0,0,0,2,1,6,6,3,-1,-1,1598,1,11,VAUXHALL ASTRA,-1,-1,0,-1
2024991429786,2024,991429786,1,9,0,-1,19,7,3,-1,0,0,0,0,0,0,1,1,-1,9,1,66,10,1598,2,9,VAUXHALL ASTRA,1,-1,0,1
2024161477021,2024,161477021,2,9,0,-1,19,4,8,-1,0,2,0,0,0,0,1,1,-1,9,2,52,8,1364,1,14,VAUXHALL ASTRA,1,E01035467,0,1
2024471434073,2024,471434073,1,9,0,-1,5,2,7,-1,0,0,0,0,0,0,1,1,-1,9,1,25,5,1364,1,16,VAUXHALL ASTRA,8,E01032835,0,1
2024461509818,2024,461509818,1,9,0,-1,19,7,3,-1,0,0,0,0,0,0,1,1,-1,2,1,34,6,1598,1,10,VAUXHALL ASTRA,4,E01016157,0,3
2024361524063,2024,361524063,1,9,-1,-1,-1,-1,-1,-1,-1,0,-1,-1,-1,0,-1,9,-1,9,1,-1,-1,1598,1,13,VAUXHALL ASTRA,-1,-1,0,-1
2024231490103,2024,231490103,1,9,0,-1,6,5,5,-1,0,0,0,0,0,0,4,1,-1,6,1,33,6,1598,2,8,VAUXHALL ASTRA,5,E01009418,0,1
2024320120753,2024,320120753,1,9,0,9,9,5,2,0,0,1,2,0,1,4,1,1,6,6,1,17,4,1598,1,23,VAUXHALL ASTRA,4,E01026079,0,1
2024010546239,2024,010546239,1,9,0,18,19,1,5,0,0,8,0,0,0,0,0,1,1,1,2,40,7,1598,1,14,VAUXHALL ASTRA,3,E01002595,0,1
2024991432970,2024,991432970,1,9,0,-1,7,5,8,-1,0,3,0,0,1,0,4,1,-1,9,2,29,6,1399,1,8,VAUXHALL ASTRA,-1,-1,0,-1
2024201414912,2024,201414912,5,9,0,-1,2,0,0,-1,1,0,0,0,0,0,1,9,-1,1,1,62,9,1686,2,19,VAUXHALL ASTRA,1,E01009406,0,1
2024302400691,2024,302400691,2,9,0,18,19,2,6,0,0,2,0,0,0,0,2,1,6,6,2,66,10,1598,1,10,VAUXHALL ASTRA,8,E01033412,0,2
2024991478636,2024,991478636,4,9,0,-1,2,2,6,-1,0,1,0,4,0,0,2,1,-1,6,-1,-1,-1,1399,1,6,VAUXHALL ASTRA,-1,-1,0,-1
2024201467508,2024,201467508,2,9,0,-1,3,6,2,-1,0,1,0,0,0,0,2,9,-1,6,1,34,6,1598,2,6,VAUXHALL ASTRA,3,E01010458,0,1
2024411409708,2024,411409708,1,9,0,-1,19,1,5,-1,0,0,2,0,7,0,1,1,-1,9,1,25,5,1399,1,7,VAUXHALL ASTRA,7,E01017564,0,3
2024610048324,2024,610048324,2,9,0,2,2,0,0,0,0,1,0,0,0,0,4,1,6,6,1,19,4,1598,1,16,VAUXHALL ASTRA,2,W01001465,0,3
2024552400028,2024,552400028,2,9,0,18,19,7,3,0,0,8,0,0,0,0,1,1,6,6,2,22,5,1598,1,11,VAUXHALL ASTRA,10,E01020370,0,2
2024211429335,2024,211429335,2,9,-1,-1,-1,3,6,-1,-1,-1,-1,-1,-1,-1,-1,1,-1,6,1,39,7,1686,2,13,VAUXHALL ASTRA,6,E01014360,0,1
2024311499086,2024,311499086,2,9,0,-1,5,1,1,-1,0,1,0,0,0,0,2,1,-1,1,1,49,8,1248,2,13,VAUXHALL ASTRA,5,E01027932,0,1
2024070264789,2024,070264789,1,9,0,9,9,3,1,0,0,1,0,0,0,0,3,1,1,1,1,28,6,1399,1,7,VAUXHALL ASTRA,1,E01034400,0,4
2024440467847,2024,440467847,2,9,0,9,9,1,7,0,0,6,0,0,0,0,3,1,6,6,2,25,5,1956,2,11,VAUXHALL ASTRA,5,E01017015,0,1
2024010531641,2024,010531641,1,9,0,5,5,1,5,0,0,8,0,0,0,0,3,1,2,2,1,58,9,1364,1,19,VAUXHALL ASTRA,7,E01003416,0,2
2024401452793,2024,401452793,2,9,0,-1,19,7,3,-1,0,0,1,0,0,0,1,1,-1,6,1,20,4,1686,2,10,VAUXHALL ASTRA,-1,-1,0,-1
2024211495983,2024,211495983,2,9,0,-1,19,3,7,-1,0,1,0,0,0,0,1,1,-1,6,1,31,6,1399,1,5,VAUXHALL ASTRA,-1,-1,0,-1
2024010540584,2024,010540584,1,9,0,8,8,8,1,1,1,3,0,0,0,0,4,1,1,1,2,21,5,1341,1,4,VAUXHALL ASTRA,2,E01004008,0,1
2024430028431,2024,430028431,1,9,0,18,19,1,4,0,0,3,0,0,0,0,4,1,6,6,3,-1,-1,1598,2,10,VAUXHALL ASTRA,-1,-1,0,-1
2024101527626,2024,101527626,1,9,0,-1,19,3,7,-1,0,8,0,0,0,0,1,1,-1,6,1,37,7,1398,1,14,VAUXHALL ASTRA,2,E01008428,0,1
2024471483148,2024,471483148,1,9,0,-1,19,7,3,-1,0,0,0,0,0,0,1,1,-1,2,1,34,6,1364,1,8,VAUXHALL ASTRA,10,E01021162,0,3
2024010523810,2024,010523810,1,9,0,9,9,2,7,0,0,6,0,0,7,0,1,1,2,2,1,20,4,1398,1,9,VAUXHALL ASTRA,2,E01001328,0,4
2024991422551,2024,991422551,1,9,0,-1,4,8,4,-1,0,0,0,0,0,0,2,1,-1,9,1,27,6,1399,1,6,VAUXHALL ASTRA,6,-1,0,3
2024451460204,2024,451460204,2,9,0,-1,19,7,3,-1,0,0,0,0,1,7,2,1,-1,9,1,51,8,1199,1,4,VAUXHALL ASTRA,9,E01000349,0,4
2024201512143,2024,201512143,1,9,0,-1,19,3,7,-1,0,1,0,0,0,0,1,1,-1,6,1,30,6,1598,1,19,VAUXHALL ASTRA,-1,-1,0,-1
2024361420712,2024,361420712,1,9,0,-1,13,7,3,-1,0,0,1,0,7,0,4,9,-1,1,1,28,6,1598,2,5,VAUXHALL ASTRA,4,E01026884,0,4
2024010508094,2024,010508094,1,9,0,7,7,3,5,8,6,6,0,0,0,0,1,1,1,1,1,63,9,1598,1,16,VAUXHALL ASTRA,5,E01001381,0,4
2024451419857,2024,451419857,2,9,0,-1,19,7,3,-1,0,1,0,0,0,0,1,1,-1,2,2,24,5,1796,1,14,VAUXHALL ASTRA,4,E01002490,0,3
2024201457739,2024,201457739,6,9,0,-1,19,6,2,-1,0,2,0,0,0,0,2,1,-1,6,2,36,7,1956,2,12,VAUXHALL ASTRA,-1,-1,0,-1
2024041412643,2024,041412643,1,9,0,-1,19,7,3,-1,0,0,0,0,0,0,1,1,-1,9,2,76,11,1364,1,14,VAUXHALL ASTRA,7,E01025003,0,1
2024041509093,2024,041509093,1,9,0,-1,19,5,1,-1,0,0,0,0,0,0,1,1,-1,9,1,31,6,1956,2,10,VAUXHALL ASTRA,2,E01018897,0,5
2024522402232,2024,522402232,1,9,0,18,19,4,8,0,0,3,0,0,0,0,1,1,6,6,1,62,9,1399,1,5,VAUXHALL ASTRA,9,E01014862,0,1
2024201420680,2024,201420680,1,9,0,-1,5,2,6,-1,0,0,0,0,0,0,1,1,-1,6,1,-1,-1,1598,1,16,VAUXHALL ASTRA,-1,-1,0,-1
2024111502095,2024,111502095,2,9,0,-1,2,0,0,-1,0,2,0,0,0,0,2,1,-1,6,2,30,6,1598,2,7,VAUXHALL ASTRA,5,E01020695,0,1
2024131521814,2024,131521814,3,9,0,-1,3,7,3,-1,0,0,0,0,0,0,2,1,-1,9,1,38,7,1598,1,9,VAUXHALL ASTRA,2,E01011359,0,1
2024201447216,2024,201447216,1,9,0,-1,13,2,6,-1,0,8,0,0,0,0,4,1,-1,9,1,55,8,1364,1,16,VAUXHALL ASTRA,2,E01010284,0,1
2024991482489,2024,991482489,2,9,0,-1,19,6,3,-1,0,0,0,0,0,0,2,1,-1,2,1,44,7,1998,1,9,VAUXHALL ASTRA,1,-1,0,2
2024311435886,2024,311435886,2,9,0,-1,3,6,1,-1,0,4,0,0,0,0,2,1,-1,9,2,23,5,1598,1,18,VAUXHALL ASTRA,-1,-1,0,-1
2024061417040,2024,061417040,2,9,0,-1,9,1,7,-1,0,6,0,0,0,0,1,1,-1,9,1,34,6,1399,1,8,VAUXHALL ASTRA,2,E01005207,0,1
2024122400746,2024,122400746,2,9,0,18,19,5,1,0,0,0,0,0,0,0,1,1,6,6,1,32,6,1956,2,12,VAUXHALL ASTRA,7,E01013075,0,2
2024430452466,2024,430452466,1,9,0,18,19,4,4,0,0,1,0,0,0,-1,4,1,6,6,1,52,8,1199,1,1,VAUXHALL ASTRA,6,E01017717,0,4
2024010502275,2024,010502275,1,9,0,9,9,5,3,0,0,6,0,0,0,0,3,1,6,6,1,55,8,1796,1,15,VAUXHALL ASTRA,3,E01002403,0,1
2024547962024,2024,547962024,2,9,0,4,4,8,2,0,0,4,0,0,0,0,2,1,6,6,1,34,6,1399,1,8,VAUXHALL ASTRA,7,E01015576,0,2
2024122400287,2024,122400287,2,9,0,2,2,0,0,0,0,0,0,0,0,0,3,1,6,6,3,-1,-1,1598,1,14,VAUXHALL ASTRA,-1,-1,0,-1
2024440492448,2024,440492448,2,9,0,18,19,1,5,0,0,8,0,0,0,0,1,1,2,2,2,54,8,1598,1,17,VAUXHALL ASTRA,9,E01022712,0,1
2024141522919,2024,141522919,2,9,0,-1,19,1,5,-1,0,0,0,0,0,0,1,1,-1,9,1,30,6,1199,1,1,VAUXHALL ASTRA,-1,-1,0,-1
2024041419622,2024,041419622,2,9,0,-1,19,7,3,-1,0,0,0,0,0,0,1,1,-1,9,2,30,6,1598,1,13,VAUXHALL ASTRA,2,E01012647,0,2
2024461507766,2024,461507766,1,9,0,-1,10,3,5,-1,0,0,0,0,0,0,1,1,-1,9,2,33,6,1598,1,11,VAUXHALL ASTRA,9,E01000412,0,2
2024052400232,2024,052400232,1,9,0,18,19,5,1,0,0,1,0,0,0,0,1,1,6,6,3,-1,-1,1598,1,14,VAUXHALL ASTRA,-1,-1,0,-1
2024010517634,2024,010517634,1,9,0,9,9,1,7,0,0,6,0,0,0,0,4,1,6,6,1,25,5,1598,1,13,VAUXHALL ASTRA,2,E01003267,0,3
2024010548872,2024,010548872,1,9,0,3,3,3,7,0,0,1,0,0,0,0,1,1,3,7,2,37,7,1399,1,8,VAUXHALL ASTRA,2,E01003243,0,1
2024041398037,2024,041398037,3,9,0,-1,19,5,1,-1,0,1,0,0,0,0,2,1,-1,9,2,76,11,1598,1,22,VAUXHALL ASTRA,7,E01025599,0,1
2024520500111,2024,520500111,1,9,0,4,4,5,1,0,0,1,0,0,0,0,2,1,6,6,1,31,6,1686,2,17,VAUXHALL ASTRA,7,E01035109,0,1
2024302500013,2024,302500013,1,9,0,-1,19,6,1,-1,0,0,0,0,0,0,1,1,-1,6,1,24,5,1598,1,14,VAUXHALL ASTRA,1,E01013822,0,4
2024451532834,2024,451532834,3,9,0,-1,19,1,5,-1,0,0,0,0,0,0,3,1,-1,2,1,42,7,1399,1,7,VAUXHALL ASTRA,8,E01030582,0,1
2024320305746,2024,320305746,5,9,0,-1,-1,8,4,0,0,0,0,0,0,0,1,1,6,6,1,40,7,1686,2,10,VAUXHALL ASTRA,7,E01034706,0,2
2024411408911,2024,411408911,1,9,0,-1,15,4,8,-1,0,0,0,0,1,0,3,1,-1,9,1,66,10,1399,1,8,VAUXHALL ASTRA,4,E01023891,0,2
2024501469936,2024,501469936,3,9,0,-1,2,0,0,-1,0,0,1,0,1,0,3,1,-1,6,-1,-1,-1,1796,1,16,VAUXHALL ASTRA,-1,-1,0,-1
2024041462427,2024,041462427,1,9,0,-1,8,1,7,-1,0,6,0,0,0,0,1,1,-1,9,1,39,7,1598,2,6,VAUXHALL ASTRA,7,E01025720,0,5
2024320521744,2024,320521744,1,9,0,-1,-1,6,2,0,0,0,0,0,0,0,1,1,-1,-1,1,35,6,1248,2,10,VAUXHALL ASTRA,5,E01032995,0,3
2024010512073,2024,010512073,3,9,0,-1,-1,7,3,0,0,3,0,0,0,0,3,1,6,6,2,37,7,1598,2,5,VAUXHALL ASTRA,-1,-1,0,-1
2024052402864,2024,052402864,1,9,0,18,19,7,3,0,0,0,0,0,0,0,4,1,6,6,1,30,6,1686,2,14,VAUXHALL ASTRA,2,E01006956,0,1
2024101472699,2024,101472699,2,9,0,-1,19,6,2,-1,0,0,0,0,0,0,2,1,-1,2,2,69,10,1686,2,13,VAUXHALL ASTRA,6,E01008342,0,2
2024221523411,2024,221523411,2,9,0,-1,5,4,8,-1,0,0,0,0,0,0,2,1,-1,6,2,33,6,1956,2,12,VAUXHALL ASTRA,4,E01028958,0,1
2024211486269,2024,211486269,1,9,0,-1,19,8,4,-1,0,4,0,0,0,0,1,1,-1,9,1,28,6,1598,2,7,VAUXHALL ASTRA,9,E01029736,0,1
2024471416209,2024,471416209,2,9,0,-1,2,0,0,-1,0,1,0,0,1,0,1,1,-1,6,-1,-1,-1,1598,1,21,VAUXHALL ASTRA,-1,-1,0,-1
2024131408165,2024,131408165,1,9,0,-1,19,7,3,-1,0,0,1,0,4,0,1,1,-1,9,2,30,6,1956,2,11,VAUXHALL ASTRA,2,E01011268,0,4
2024340NN2842,2024,340NN2842,1,9,0,-1,19,2,6,-1,0,1,0,0,0,0,1,1,-1,6,3,-1,-1,1598,2,7,VAUXHALL ASTRA,-1,-1,0,-1
2024430181466,2024,430181466,1,9,0,12,12,8,4,0,0,0,0,0,1,4,3,1,6,6,1,26,6,1598,1,20,VAUXHALL ASTRA,4,E01022523,0,3
2024411490607,2024,411490607,1,9,0,-1,19,1,5,-1,0,0,0,0,0,0,1,1,-1,6,1,27,6,1598,1,15,VAUXHALL ASTRA,3,E01000577,0,3
2024991514690,2024,991514690,4,9,0,-1,2,0,0,-1,0,0,0,0,0,0,2,1,-1,6,-1,-1,-1,1398,1,10,VAUXHALL ASTRA,-1,-1,0,-1
2024311401413,2024,311401413,2,9,0,-1,19,6,2,-1,0,6,0,0,3,0,3,1,-1,6,1,31,6,1956,2,13,VAUXHALL ASTRA,5,E01028333,0,4
2024041463186,2024,041463186,1,9,0,-1,19,5,1,-1,0,0,0,0,0,0,1,1,-1,9,1,73,10,1956,2,10,VAUXHALL ASTRA,10,E01025510,0,4
2024991497375,2024,991497375,2,9,0,-1,19,6,2,-1,0,0,0,0,0,0,1,1,-1,6,2,24,5,1399,1,5,VAUXHALL ASTRA,6,-1,0,1
2024311441654,2024,311441654,1,9,0,-1,19,8,4,-1,0,0,0,7,0,0,1,1,-1,9,1,72,10,1598,1,12,VAUXHALL ASTRA,6,E01033413,0,1
2024471508980,2024,471508980,2,9,0,-1,19,5,1,-1,0,5,0,0,0,0,0,1,-1,1,1,34,6,1598,2,5,VAUXHALL ASTRA,3,E01031492,0,2
2024010549633,2024,010549633,2,9,0,99,99,9,9,99,99,9,9,99,9,99,3,9,2,2,1,47,8,1399,1,9,VAUXHALL ASTRA,5,E01000240,0,2
2024610046724,2024,610046724,3,9,0,2,2,0,0,0,0,0,0,0,0,0,-1,1,6,6,3,-1,-1,1686,2,13,VAUXHALL ASTRA,-1,-1,0,-1
2024211535537,2024,211535537,4,9,0,-1,4,3,7,-1,0,0,0,0,0,0,1,1,-1,2,2,29,6,1362,1,11,VAUXHALL ASTRA,2,E01018463,0,3
2024101495046,2024,101495046,1,9,0,-1,19,4,8,-1,0,0,2,0,0,0,1,1,-1,9,1,26,6,1598,1,10,VAUXHALL ASTRA,7,E01008534,0,1
2024421507992,2024,421507992,2,9,0,-1,19,2,6,-1,0,0,0,0,0,0,1,1,-1,9,1,25,5,1598,2,6,VAUXHALL ASTRA,3,E01021859,0,1
2024211491644,2024,211491644,2,9,0,-1,2,0,0,-1,0,1,0,0,0,0,3,1,-1,6,-1,-1,-1,1364,1,15,VAUXHALL ASTRA,-1,-1,0,-1
2024501435373,2024,501435373,2,9,0,-1,19,8,4,-1,0,1,0,0,0,0,1,1,-1,1,1,56,9,1686,2,10,VAUXHALL ASTRA,6,E01018917,0,1
2024041468089,2024,041468089,1,9,0,-1,19,5,1,-1,0,0,1,0,0,0,1,1,-1,9,1,21,5,1686,2,13,VAUXHALL ASTRA,3,E01025213,0,3
2024471400753,2024,471400753,2,9,0,-1,3,1,5,-1,0,4,0,0,0,0,2,1,-1,6,1,65,9,1686,2,15,VAUXHALL ASTRA,2,E01020911,0,1
2024361495078,2024,361495078,1,9,0,-1,9,8,6,-1,0,1,0,0,0,0,1,1,-1,6,1,68,10,1956,2,11,VAUXHALL ASTRA,3,E01018066,0,1
2024461424368,2024,461424368,4,9,0,-1,2,0,0,-1,0,0,0,4,0,0,2,1,-1,6,-1,-1,-1,1398,1,14,VAUXHALL ASTRA,-1,-1,0,-1
2024991437591,2024,991437591,1,9,0,-1,19,7,5,-1,0,4,0,0,0,0,2,1,-1,6,2,44,7,1598,1,17,VAUXHALL ASTRA,8,-1,0,1
2024552400903,2024,552400903,1,9,0,18,19,6,2,0,0,0,0,0,0,0,3,1,2,2,1,18,4,1364,1,14,VAUXHALL ASTRA,7,E01020498,0,1
2024061406136,2024,061406136,1,9,0,-1,9,3,1,-1,0,5,0,0,0,0,3,9,-1,9,1,78,11,1598,1,19,VAUXHALL ASTRA,1,E01004802,0,1
2024071007784,2024,071007784,1,9,0,-1,9,1,6,-1,0,1,0,0,0,0,3,1,-1,9,2,51,8,1956,2,13,VAUXHALL ASTRA,2,E01018546,0,1
2024131523447,2024,131523447,2,9,0,-1,2,0,0,-1,-1,0,0,0,0,0,3,1,-1,6,-1,-1,-1,1399,1,7,VAUXHALL ASTRA,-1,-1,0,-1
2024010529632,2024,010529632,2,9,0,18,19,7,3,0,0,0,0,0,0,0,1,1,6,6,1,47,8,1598,1,13,VAUXHALL ASTRA,2,E01002530,0,2
2024070851178,2024,070851178,1,9,0,-1,3,2,6,-1,0,0,0,0,0,0,1,1,-1,6,1,40,7,1598,1,11,VAUXHALL ASTRA,8,E01018342,0,1
2024141506225,2024,141506225,2,9,0,-1,7,5,8,-1,0,1,0,0,0,0,1,1,-1,6,1,40,7,1956,2,13,VAUXHALL ASTRA,2,E01007656,0,1
2024010501947,2024,010501947,2,9,0,99,99,9,9,99,99,9,9,99,9,99,2,9,6,6,3,-1,-1,1364,1,15,VAUXHALL ASTRA,-1,-1,0,-1
2024302401621,2024,302401621,1,9,0,5,5,1,5,99,99,8,0,0,0,0,1,1,6,6,1,50,8,1598,2,9,VAUXHALL ASTRA,1,E01013573,0,1
2024440359888,2024,440359888,1,9,0,17,19,2,6,0,0,0,5,0,0,0,1,1,6,6,1,45,7,1796,1,15,VAUXHALL ASTRA,3,E01017347,0,2
2024991478599,2024,991478599,1,9,0,-1,19,1,5,-1,0,1,0,0,0,0,1,1,-1,9,1,35,6,1598,1,17,VAUXHALL ASTRA,1,-1,0,1
2024411503781,2024,411503781,3,9,0,-1,2,0,0,-1,0,0,0,0,0,0,1,1,-1,6,-1,-1,-1,1398,1,12,VAUXHALL ASTRA,-1,-1,0,-1
2024131431525,2024,131431525,3,9,0,-1,19,2,4,-1,0,0,0,0,0,0,1,1,-1,6,2,29,6,1399,1,7,VAUXHALL ASTRA,2,E01011250,0,1
2024320470477,2024,320470477,1,9,0,-1,-1,8,3,9,9,0,0,0,7,10,1,1,6,6,1,25,5,-1,-1,-1,VAUXHALL ASTRA,2,E01026165,0,3
2024201458859,2024,201458859,1,9,0,-1,19,7,3,-1,0,0,0,0,0,0,1,9,-1,2,1,64,9,1598,1,12,VAUXHALL ASTRA,6,E01010079,0,2
2024221473705,2024,221473705,2,9,0,-1,2,0,0,-1,0,2,0,0,0,0,2,9,-1,6,3,59,9,1399,1,8,VAUXHALL ASTRA,-1,-1,0,-1
2024131421608,2024,131421608,2,9,0,-1,19,8,4,-1,0,0,0,0,0,0,2,1,-1,6,1,60,9,1598,1,16,VAUXHALL ASTRA,2,E01013836,0,4
2024991454024,2024,991454024,1,9,0,-1,19,1,4,-1,0,4,0,0,0,0,1,1,-1,9,2,38,7,1398,1,10,VAUXHALL ASTRA,6,-1,0,2
2024131502976,2024,131502976,4,9,0,-1,2,0,0,-1,0,0,0,0,0,0,4,2,-1,6,-1,-1,-1,1598,2,7,VAUXHALL ASTRA,-1,-1,0,-1
2024101479667,2024,101479667,2,9,0,-1,7,4,3,-1,0,0,0,0,0,0,3,1,-1,9,1,28,6,1598,2,9,VAUXHALL ASTRA,3,E01008349,0,1
2024010526074,2024,010526074,1,9,0,2,2,0,0,0,0,1,0,0,0,0,1,1,6,6,3,-1,-1,1398,1,12,VAUXHALL ASTRA,-1,-1,0,-1
2024541834924,2024,541834924,1,9,0,17,19,6,3,0,0,1,0,0,0,0,1,1,2,2,2,55,8,1598,1,14,VAUXHALL ASTRA,5,E01015519,0,2
2024461498510,2024,461498510,2,9,0,-1,19,6,2,-1,0,8,0,0,0,0,1,1,-1,9,2,78,11,1796,1,15,VAUXHALL ASTRA,5,E01024427,0,1
2024411463337,2024,411463337,2,9,0,-1,19,4,8,-1,0,2,0,0,0,0,1,1,-1,6,1,25,5,1598,1,11,VAUXHALL ASTRA,3,E01015701,0,2
2024430337985,2024,430337985,1,9,0,16,19,2,7,0,0,0,0,0,0,0,1,1,6,6,2,37,7,1686,2,14,VAUXHALL ASTRA,4,E01017904,0,1
2024010530982,2024,010530982,1,9,0,9,9,9,9,99,99,9,9,99,9,99,2,9,6,6,2,25,5,1399,1,6,VAUXHALL ASTRA,6,E01004621,0,1
2024010548021,2024,010548021,1,9,0,99,99,9,9,99,99,9,9,99,9,99,9,9,6,6,2,35,6,1399,1,5,VAUXHALL ASTRA,3,E01002766,0,1
2024131406209,2024,131406209,1,9,0,-1,19,1,5,-1,0,1,0,0,1,2,1,1,-1,9,1,25,5,1686,2,15,VAUXHALL ASTRA,5,E01011108,0,1
2024501532555,2024,501532555,1,9,0,-1,19,8,6,-1,0,2,0,0,0,0,1,1,-1,9,1,31,6,1598,1,15,VAUXHALL ASTRA,2,E01015075,0,1
2024131451869,2024,131451869,2,9,0,-1,19,5,1,-1,0,0,1,7,7,2,1,1,-1,2,1,25,5,1686,2,14,VAUXHALL ASTRA,6,E01025202,0,3
2024461438929,2024,461438929,1,9,0,-1,9,5,5,-1,0,6,0,0,0,0,1,9,-1,6,1,43,7,1364,1,18,VAUXHALL ASTRA,8,E01016101,0,1
2024201433412,2024,201433412,2,9,0,-1,3,5,1,-1,0,1,0,0,0,0,2,1,-1,6,1,40,7,1598,2,7,VAUXHALL ASTRA,2,E01010479,0,1
202417M201924,2024,17M201924,1,9,0,18,19,8,4,0,0,1,0,0,0,0,1,1,6,6,1,20,4,1956,2,13,VAUXHALL ASTRA,7,E01035195,0,1
2024201464041,2024,201464041,2,9,0,-1,4,2,6,-1,0,1,0,4,0,0,2,1,-1,9,1,34,6,1399,1,8,VAUXHALL ASTRA,-1,-1,0,-1
2024522401104,2024,522401104,2,9,0,9,9,1,7,0,0,8,0,0,0,0,1,1,6,6,1,22,5,1364,1,13,VAUXHALL ASTRA,7,E01014763,0,2
202417S210724,2024,17S210724,2,9,0,-1,19,3,8,-1,0,8,0,0,0,0,1,1,-1,9,1,27,6,1598,1,16,VAUXHALL ASTRA,1,E01012245,0,1
2024010549953,2024,010549953,2,9,9,99,99,9,9,99,99,9,9,99,9,99,9,9,6,6,1,44,7,1598,1,15,VAUXHALL ASTRA,2,E01001486,0,1
2024010505537,2024,010505537,1,9,0,14,14,1,5,0,0,6,0,0,0,0,1,1,2,2,1,33,6,1364,1,15,VAUXHALL ASTRA,2,E01033937,0,1
2024531527470,2024,531527470,2,9,0,-1,2,0,0,-1,0,0,0,0,0,0,2,1,-1,6,-1,-1,-1,1598,1,20,VAUXHALL ASTRA,-1,-1,0,-1
2024010507853,2024,010507853,1,9,0,12,12,3,7,0,0,7,0,0,0,0,4,1,6,6,1,21,5,1598,1,17,VAUXHALL ASTRA,7,E01004216,0,2
2024411495728,2024,411495728,3,9,0,-1,19,1,5,-1,0,0,0,0,0,0,2,1,-1,6,1,21,5,1199,1,1,VAUXHALL ASTRA,3,E01023326,0,4
2024010504881,2024,010504881,1,9,0,18,19,8,4,0,0,0,0,0,0,0,1,1,6,6,1,28,6,1598,2,9,VAUXHALL ASTRA,4,E01034225,0,1
2024010522715,2024,010522715,1,9,0,18,19,7,3,0,0,8,0,0,0,0,3,1,6,6,2,26,6,1598,1,12,VAUXHALL ASTRA,5,E01002128,0,1
2024451530197,2024,451530197,2,9,0,-1,19,3,7,-1,0,8,0,0,0,0,4,1,-1,9,2,32,6,1598,1,14,VAUXHALL ASTRA,10,E01030585,0,1
2024522401454,2024,522401454,2,9,0,9,9,4,2,0,0,6,0,0,0,0,3,1,6,6,1,-1,-1,1956,2,9,VAUXHALL ASTRA,2,E01014578,0,1
2024501466618,2024,501466618,2,9,0,-1,19,4,3,-1,0,1,0,0,0,0,1,1,-1,6,1,-1,-1,1598,1,21,VAUXHALL ASTRA,-1,-1,0,-1