collision_index,collision_year,collision_ref_no,vehicle_reference,vehicle_type,towing_and_articulation,vehicle_manoeuvre_historic,vehicle_manoeuvre,vehicle_direction_from,vehicle_direction_to,vehicle_location_restricted_lane_historic,vehicle_location_restricted_lane,junction_location,skidding_and_overturning,hit_object_in_carriageway,vehicle_leaving_carriageway,hit_object_off_carriageway,first_point_of_impact,vehicle_left_hand_drive,journey_purpose_of_driver_historic,journey_purpose_of_driver,sex_of_driver,age_of_driver,age_band_of_driver,engine_capacity_cc,propulsion_code,age_of_vehicle,generic_make_model,driver_imd_decile,lsoa_of_driver,escooter_flag,driver_distance_banding
2024461534542,2024,461534542,1,9,0,-1,4,3,7,-1,0,0,0,0,0,0,0,1,-1,1,1,23,5,1598,2,5,VAUXHALL ASTRA,6,E01034997,0,3
2024161471763,2024,161471763,2,9,0,-1,19,6,2,-1,0,8,0,0,0,0,4,1,-1,6,1,31,6,1956,2,10,VAUXHALL ASTRA,1,E01013177,0,1
2024070395968,2024,070395968,3,9,0,3,3,5,1,0,0,0,0,0,0,0,1,1,2,2,2,42,7,1199,1,3,VAUXHALL ASTRA,1,E01018738,0,2
2024131527476,2024,131527476,1,9,0,-1,19,6,1,-1,0,0,0,0,0,0,1,1,-1,9,1,22,5,1598,2,8,VAUXHALL ASTRA,3,E01010914,0,1
2024201511490,2024,201511490,3,9,0,-1,19,2,6,-1,0,8,0,0,0,0,1,1,-1,6,2,26,6,999,1,5,VAUXHALL ASTRA,1,E01010374,0,1
2024010500875,2024,010500875,1,9,0,18,19,7,3,0,0,2,0,4,0,0,4,1,6,6,1,16,4,1598,1,14,VAUXHALL ASTRA,3,E01001445,0,1
2024371517674,2024,371517674,1,9,0,-1,9,7,5,-1,0,5,0,0,0,0,3,9,-1,6,1,20,4,1910,2,16,VAUXHALL ASTRA,9,E01030085,0,1
2024421465149,2024,421465149,1,9,0,-1,12,3,7,-1,0,3,0,0,0,0,1,1,-1,6,1,29,6,1399,1,7,VAUXHALL ASTRA,4,E01000039,0,4
2024461464371,2024,461464371,1,9,0,-1,9,7,4,-1,0,2,1,0,1,0,1,1,-1,9,1,18,4,1364,1,8,VAUXHALL ASTRA,10,E01024116,0,1
2024311448685,2024,311448685,1,9,0,-1,19,1,5,-1,0,0,0,0,7,0,1,1,-1,9,1,73,10,1598,2,8,VAUXHALL ASTRA,5,E01027998,0,3
2024101410655,2024,101410655,1,9,0,-1,19,7,3,-1,0,1,0,0,0,0,1,1,-1,9,2,34,6,1796,1,16,VAUXHALL ASTRA,-1,-1,0,-1
2024010532494,2024,010532494,2,9,0,4,4,1,5,0,0,2,0,0,0,0,4,1,1,1,1,43,7,1399,1,8,VAUXHALL ASTRA,5,E01002363,0,1
2024131464022,2024,131464022,2,9,0,-1,11,1,6,-1,0,0,1,0,0,0,3,1,-1,1,1,60,9,1248,2,14,VAUXHALL ASTRA,1,E01010612,0,1
2024421409979,2024,421409979,2,9,0,-1,19,6,4,-1,0,4,0,0,7,0,4,1,-1,6,2,33,6,1598,1,10,VAUXHALL ASTRA,6,E01021419,0,2
2024421508833,2024,421508833,2,9,0,-1,3,2,2,-1,0,2,0,0,0,0,2,2,-1,9,1,60,9,1598,1,18,VAUXHALL ASTRA,5,E01021778,0,2
2024131562687,2024,131562687,4,9,0,-1,19,5,1,-1,0,8,0,0,0,0,0,1,-1,1,1,27,6,1499,2,1,VAUXHALL ASTRA,5,E01010604,0,2
2024010547776,2024,010547776,2,9,0,7,7,3,6,0,0,2,0,0,0,0,1,1,6,6,1,55,8,1364,1,14,VAUXHALL ASTRA,-1,-1,0,-1
2024320075977,2024,320075977,1,9,0,11,11,6,2,0,0,0,0,0,0,0,4,1,6,6,2,32,6,1364,1,17,VAUXHALL ASTRA,4,E01026178,0,1
2024401482539,2024,401482539,1,9,0,-1,-1,-1,-1,-1,-1,0,-1,-1,-1,0,1,9,-1,6,1,20,4,1399,1,8,VAUXHALL ASTRA,5,E01015700,0,1
2024451408773,2024,451408773,3,9,0,-1,19,1,5,-1,0,1,0,0,0,0,1,1,-1,2,1,24,5,1598,1,17,VAUXHALL ASTRA,6,E01030426,0,1
2024461484840,2024,461484840,1,9,0,-1,7,6,5,-1,0,2,0,0,0,0,1,1,-1,9,1,21,5,1998,1,17,VAUXHALL ASTRA,6,E01024716,0,1
2024471468877,2024,471468877,1,9,0,-1,19,3,7,-1,0,0,0,0,0,0,1,1,-1,6,1,21,5,1364,1,16,VAUXHALL ASTRA,8,E01021073,0,1
2024131521892,2024,131521892,1,9,0,-1,19,3,7,-1,0,0,0,0,0,0,1,1,-1,9,1,20,4,1364,1,17,VAUXHALL ASTRA,2,E01011859,0,2
2024411430077,2024,411430077,2,9,0,-1,19,3,7,-1,0,2,0,0,0,0,4,1,-1,1,1,30,6,1956,2,10,VAUXHALL ASTRA,10,E01023626,0,1
2024041505208,2024,041505208,2,9,0,-1,19,1,5,-1,0,0,0,0,5,0,2,1,-1,6,1,59,9,1398,1,11,VAUXHALL ASTRA,1,E01010838,0,4
2024451399238,2024,451399238,2,9,0,-1,4,0,0,-1,0,2,0,0,0,0,0,1,-1,9,1,69,10,1398,1,11,VAUXHALL ASTRA,8,E01030730,0,1
2024471427071,2024,471427071,2,9,0,-1,19,7,3,-1,0,8,0,0,0,0,1,1,-1,6,1,43,7,1598,1,14,VAUXHALL ASTRA,9,E01031612,0,2
2024010539874,2024,010539874,1,9,0,99,99,9,9,99,99,9,9,99,9,99,2,9,6,6,3,-1,-1,1398,1,9,VAUXHALL ASTRA,-1,-1,0,-1
2024201526600,2024,201526600,1,9,0,-1,19,7,3,-1,0,1,0,0,0,0,1,1,-1,6,1,50,8,1956,2,14,VAUXHALL ASTRA,-1,-1,0,-1
2024622400574,2024,622400574,1,9,0,16,19,2,6,0,0,0,0,0,0,0,1,1,6,6,1,50,8,1598,2,8,VAUXHALL ASTRA,1,W01001239,0,1
2024010499401,2024,010499401,1,9,0,99,99,9,9,99,99,9,9,99,9,99,9,9,6,6,1,28,6,1598,2,8,VAUXHALL ASTRA,2,E01001151,0,1
2024451480952,2024,451480952,1,9,0,-1,2,0,0,-1,0,0,0,0,0,0,2,1,-1,1,1,74,10,1598,2,7,VAUXHALL ASTRA,5,E01030600,0,2
2024010521094,2024,010521094,1,9,0,18,19,5,1,0,0,0,0,0,0,0,0,2,1,1,1,34,6,1598,2,8,VAUXHALL ASTRA,4,E01032639,0,1
2024131483422,2024,131483422,1,9,0,-1,15,8,4,-1,0,3,0,0,0,0,-1,1,-1,6,3,-1,-1,1686,2,10,VAUXHALL ASTRA,-1,-1,0,-1
2024451427470,2024,451427470,1,9,0,-1,19,5,1,-1,0,0,0,0,0,0,1,1,-1,2,1,34,6,1199,1,3,VAUXHALL ASTRA,10,E01031654,0,3
2024070402699,2024,070402699,2,9,0,3,3,7,3,0,0,0,0,0,0,0,2,1,6,6,1,32,6,1910,2,16,VAUXHALL ASTRA,2,E01026170,0,5
2024041469391,2024,041469391,1,9,0,-1,11,3,7,-1,0,0,0,0,0,0,4,1,-1,9,1,91,11,1364,1,15,VAUXHALL ASTRA,1,E01012702,0,1
2024430259375,2024,430259375,1,9,0,9,9,5,3,0,0,8,0,0,0,0,1,1,6,6,1,22,5,1199,1,0,VAUXHALL ASTRA,-1,-1,0,-1
2024010524291,2024,010524291,2,9,0,18,19,6,2,0,0,0,0,0,0,0,4,1,6,6,1,78,11,1598,1,26,VAUXHALL ASTRA,8,E01003202,0,1
2024311525957,2024,311525957,3,9,0,-1,19,3,3,-1,0,0,0,0,0,0,2,1,-1,9,1,26,6,1598,1,12,VAUXHALL ASTRA,3,E01029409,0,4
2024320130855,2024,320130855,1,9,0,9,9,2,8,0,0,5,0,0,0,0,1,1,-1,-1,2,40,7,1956,2,14,VAUXHALL ASTRA,7,E01034684,0,4
2024501488181,2024,501488181,2,9,0,-1,19,5,1,-1,0,1,0,0,0,0,1,1,-1,6,2,42,7,1956,2,12,VAUXHALL ASTRA,5,E01018904,0,2
2024552401315,2024,552401315,1,9,0,18,19,2,6,0,0,0,0,0,7,4,1,1,2,2,1,73,10,1598,2,9,VAUXHALL ASTRA,6,E01015392,0,4
2024101416038,2024,101416038,1,9,0,-1,9,4,6,-1,0,1,0,0,0,0,1,1,-1,6,2,47,8,1598,1,13,VAUXHALL ASTRA,4,E01008514,0,2
2024201527274,2024,201527274,2,9,0,-1,19,2,4,-1,0,4,0,7,2,1,1,1,-1,6,1,29,6,1598,1,15,VAUXHALL ASTRA,3,E01010068,0,2
2024010548949,2024,010548949,1,9,0,-1,-1,5,1,0,0,0,0,0,0,0,1,1,6,6,1,24,5,999,1,6,VAUXHALL ASTRA,4,E01004208,0,1
2024221408903,2024,221408903,1,9,0,-1,19,4,8,-1,0,0,0,0,0,0,1,1,-1,9,2,44,7,1598,1,11,VAUXHALL ASTRA,6,E01014078,0,1
2024041475559,2024,041475559,2,9,0,-1,9,5,1,-1,0,0,0,0,0,0,2,1,-1,9,2,41,7,1398,1,12,VAUXHALL ASTRA,6,E01025548,0,1
2024440452469,2024,440452469,2,9,0,18,19,3,7,0,0,0,0,0,0,0,1,1,2,2,1,30,6,1598,2,7,VAUXHALL ASTRA,9,E01020384,0,4
2024440537624,2024,440537624,2,9,0,9,9,1,7,0,0,6,0,0,0,0,1,1,6,6,2,75,10,1389,1,20,VAUXHALL ASTRA,-1,-1,0,-1
2024201453390,2024,201453390,5,9,0,-1,2,0,0,-1,0,0,0,0,0,0,4,1,-1,6,-1,-1,-1,1399,1,8,VAUXHALL ASTRA,-1,-1,0,-1
2024131439147,2024,131439147,2,9,0,-1,19,1,1,-1,0,8,0,0,0,0,3,1,-1,9,2,44,7,1399,1,7,VAUXHALL ASTRA,2,E01010628,0,1
2024411452803,2024,411452803,2,9,0,-1,19,7,3,-1,0,0,1,0,1,7,3,1,-1,6,2,57,9,1364,1,19,VAUXHALL ASTRA,4,E01021051,0,5
2024161453418,2024,161453418,2,19,0,-1,19,2,6,-1,0,0,0,0,0,0,1,1,-1,6,1,41,7,1686,2,12,VAUXHALL ASTRA,8,E01013024,0,1
2024461497547,2024,461497547,1,9,0,-1,19,3,7,-1,0,1,0,0,1,10,1,1,-1,6,1,58,9,1598,1,15,VAUXHALL ASTRA,4,E01035006,0,1
2024311405757,2024,311405757,1,9,0,-1,19,2,6,-1,0,0,0,0,0,0,2,1,-1,1,1,35,6,1499,2,1,VAUXHALL ASTRA,6,E01028392,0,3
2024401401694,2024,401401694,1,9,0,-1,19,5,1,-1,0,0,0,0,7,0,1,9,-1,6,1,21,5,1796,1,18,VAUXHALL ASTRA,7,E01016757,0,4
2024041439375,2024,041439375,1,9,0,-1,13,3,7,-1,0,1,0,0,0,0,1,1,-1,6,1,27,6,1910,2,16,VAUXHALL ASTRA,1,E01025287,0,1
2024501501921,2024,501501921,2,9,0,-1,13,3,7,-1,0,8,0,0,0,0,1,1,-1,9,2,28,6,1686,2,10,VAUXHALL ASTRA,4,E01020325,0,1
2024401432229,2024,401432229,2,9,0,-1,2,0,0,-1,0,2,0,0,0,0,2,1,-1,9,1,67,10,1598,1,17,VAUXHALL ASTRA,5,E01015748,0,1
2024501452514,2024,501452514,1,9,0,-1,19,3,7,-1,0,0,0,0,0,0,1,1,-1,9,1,46,8,1598,2,7,VAUXHALL ASTRA,4,E01018815,0,2
2024461494711,2024,461494711,2,9,0,-1,19,1,5,-1,0,0,0,0,0,0,1,9,-1,9,1,63,9,1364,1,18,VAUXHALL ASTRA,3,E01016171,0,1
2024320139875,2024,320139875,1,9,0,-1,-1,1,5,0,0,0,1,7,0,0,3,1,-1,-1,1,28,6,-1,-1,-1,VAUXHALL ASTRA,7,E01024285,0,5
2024451425762,2024,451425762,1,9,0,-1,3,7,3,-1,0,0,0,0,0,0,2,2,-1,9,1,55,8,1598,1,16,VAUXHALL ASTRA,6,E01003144,0,4
2024421492785,2024,421492785,2,9,0,-1,5,8,2,-1,0,4,0,0,0,0,3,1,-1,9,1,23,5,1399,1,8,VAUXHALL ASTRA,2,E01000084,0,4
202417H101924,2024,17H101924,2,9,0,-1,4,2,6,-1,0,0,0,0,0,0,1,1,-1,2,2,18,4,1598,1,17,VAUXHALL ASTRA,8,E01011965,0,1
2024010525737,2024,010525737,2,9,0,99,99,9,9,99,99,9,9,99,9,99,1,9,6,6,3,-1,-1,1399,1,7,VAUXHALL ASTRA,2,E01002804,0,1
2024131478122,2024,131478122,1,9,0,-1,10,1,1,-1,0,3,0,11,0,0,4,1,-1,9,2,39,7,1598,1,13,VAUXHALL ASTRA,8,E01010904,0,1
2024131410303,2024,131410303,2,9,0,-1,9,5,3,-1,0,8,0,0,0,0,4,1,-1,6,1,34,6,1686,2,11,VAUXHALL ASTRA,3,E01011670,0,1
2024332400680,2024,332400680,2,9,0,-1,19,3,7,-1,0,0,0,0,0,0,4,1,-1,6,3,-1,-1,1364,1,14,VAUXHALL ASTRA,-1,-1,0,-1
202454A604124,2024,54A604124,1,9,0,18,19,3,7,0,0,3,0,0,4,6,1,1,6,6,2,21,5,1364,1,14,VAUXHALL ASTRA,7,E01032007,0,1
2024991475849,2024,991475849,3,9,0,-1,2,0,0,-1,0,1,0,0,0,0,3,1,-1,6,-1,-1,-1,1364,1,16,VAUXHALL ASTRA,-1,-1,0,-1
2024471469546,2024,471469546,2,9,0,-1,19,5,1,-1,0,0,0,0,0,0,0,1,-1,1,2,52,8,1598,2,7,VAUXHALL ASTRA,4,E01031434,0,1
2024201431251,2024,201431251,2,9,0,-1,19,4,8,-1,0,1,0,0,0,0,1,9,-1,6,2,26,6,999,1,7,VAUXHALL ASTRA,1,E01009033,0,2
2024501438374,2024,501438374,1,9,0,-1,4,4,8,-1,0,0,0,0,0,0,1,1,-1,6,1,20,4,1598,2,9,VAUXHALL ASTRA,6,E01020179,0,1
2024501429840,2024,501429840,1,9,0,-1,4,3,7,-1,0,0,0,0,0,0,1,1,-1,9,2,55,8,1199,1,1,VAUXHALL ASTRA,1,E01019463,0,5
2024010510326,2024,010510326,2,9,0,99,99,9,9,99,99,6,9,99,9,99,1,9,6,6,3,-1,-1,1598,1,11,VAUXHALL ASTRA,2,E01004040,0,1
2024010515916,2024,010515916,1,9,0,18,19,3,7,0,0,6,0,0,0,0,3,2,6,6,1,51,8,1598,1,12,VAUXHALL ASTRA,2,E01001152,0,2
2024052402301,2024,052402301,1,9,0,18,19,2,5,0,0,0,0,0,0,0,1,1,6,6,2,48,8,1398,1,10,VAUXHALL ASTRA,1,E01006847,0,1
2024461481242,2024,461481242,1,9,0,-1,-1,-1,-1,-1,0,-1,0,0,0,0,1,9,-1,1,2,75,10,1598,1,11,VAUXHALL ASTRA,7,E01024360,0,1
2024161496061,2024,161496061,1,9,0,-1,3,4,8,-1,0,4,0,0,0,0,2,1,-1,9,2,33,6,1399,1,7,VAUXHALL ASTRA,4,E01013227,0,3
2024461498961,2024,461498961,2,9,-1,-1,8,-1,-1,-1,0,0,0,0,0,0,4,9,-1,6,1,35,6,1399,1,8,VAUXHALL ASTRA,9,E01016081,0,1
2024010544249,2024,010544249,1,9,0,18,19,3,7,0,0,8,0,0,0,0,1,1,2,2,2,67,10,1364,1,14,VAUXHALL ASTRA,7,E01000340,0,1
2024520401728,2024,520401728,1,9,0,4,4,7,3,0,0,0,0,0,0,0,2,1,6,6,2,30,6,1598,1,16,VAUXHALL ASTRA,6,E01029224,0,4
2024010551059,2024,010551059,2,9,0,18,19,1,5,0,0,0,0,0,0,0,1,1,6,6,1,25,5,1598,1,20,VAUXHALL ASTRA,4,E01032784,0,1
2024552400813,2024,552400813,2,9,0,4,4,4,8,0,0,0,0,0,0,0,1,1,2,2,1,33,6,1598,1,23,VAUXHALL ASTRA,5,E01015296,0,2
2024201522616,2024,201522616,1,9,0,-1,19,3,7,-1,0,0,0,0,0,0,1,9,-1,6,1,-1,-1,1686,2,10,VAUXHALL ASTRA,-1,-1,0,-1
2024430575223,2024,430575223,1,9,0,18,19,4,8,0,0,1,0,0,1,7,1,1,2,2,2,23,5,1796,1,17,VAUXHALL ASTRA,6,E01017922,0,2
2024401578226,2024,401578226,2,9,0,-1,19,6,2,-1,0,0,0,0,0,0,1,1,-1,6,2,36,7,1364,1,15,VAUXHALL ASTRA,4,E01017581,0,2
2024201510084,2024,201510084,1,9,0,-1,19,2,6,-1,0,8,0,0,0,0,1,1,-1,6,1,58,9,1598,1,18,VAUXHALL ASTRA,4,E01010427,0,1
2024332401198,2024,332401198,2,9,0,-1,19,5,1,-1,0,4,0,0,0,0,1,1,-1,9,2,54,8,1598,1,18,VAUXHALL ASTRA,4,E01013782,0,2
2024070552725,2024,070552725,2,9,0,18,19,7,3,0,0,8,0,0,1,9,1,1,6,6,1,35,6,1364,1,15,VAUXHALL ASTRA,8,W01000404,0,3
2024471465115,2024,471465115,4,9,0,-1,2,3,7,-1,0,0,0,0,0,0,2,1,-1,1,1,25,5,1598,2,5,VAUXHALL ASTRA,4,E01020951,0,2
2024010507468,2024,010507468,1,9,0,18,19,5,1,0,0,2,0,0,0,0,1,1,6,6,2,28,6,1399,1,6,VAUXHALL ASTRA,4,E01023330,0,4
2024211466581,2024,211466581,1,9,0,-1,4,2,5,-1,0,0,0,0,0,0,1,1,-1,9,1,25,5,1399,1,8,VAUXHALL ASTRA,-1,-1,0,-1
2024631414841,2024,631414841,3,9,0,-1,2,0,0,-1,-1,2,0,0,0,0,1,2,-1,6,-1,-1,-1,1389,1,19,VAUXHALL ASTRA,-1,-1,0,-1
2024991449847,2024,991449847,1,9,0,-1,19,3,6,-1,0,0,1,0,7,0,1,1,-1,9,1,47,8,1199,1,1,VAUXHALL ASTRA,4,-1,0,1
2024122500223,2024,122500223,1,9,0,17,19,3,8,0,0,0,2,0,0,0,1,1,6,6,2,19,4,1598,1,13,VAUXHALL ASTRA,4,E01027818,0,2
2024440468171,2024,440468171,1,9,0,17,19,5,1,0,0,0,0,0,0,0,3,1,6,6,2,41,7,1598,2,8,VAUXHALL ASTRA,6,E01034549,0,3
2024201511692,2024,201511692,1,9,0,-1,3,6,2,-1,0,0,0,0,0,0,2,1,-1,9,2,39,7,1399,1,7,VAUXHALL ASTRA,7,E01023435,0,5
202417M111524,2024,17M111524,2,9,0,-1,19,6,2,-1,0,8,0,0,0,0,1,1,-1,2,1,25,5,1399,1,6,VAUXHALL ASTRA,9,E01012063,0,2
2024332401180,2024,332401180,2,9,0,-1,19,1,5,-1,0,1,0,0,0,0,1,1,-1,6,3,-1,-1,1598,1,16,VAUXHALL ASTRA,-1,-1,0,-1
2024311420230,2024,311420230,4,9,0,-1,4,7,3,-1,0,0,0,0,0,0,1,1,-1,6,1,26,6,1598,1,11,VAUXHALL ASTRA,-1,-1,0,-1
2024010551378,2024,010551378,2,9,0,7,7,7,1,0,0,6,0,0,0,0,1,1,6,6,2,50,8,1598,1,10,VAUXHALL ASTRA,5,E01001611,0,1
2024101413955,2024,101413955,1,9,0,-1,4,5,5,-1,0,1,0,0,0,0,1,1,-1,9,1,78,11,1399,1,7,VAUXHALL ASTRA,9,E01027439,0,1
2024061454526,2024,061454526,1,9,0,-1,1,1,3,-1,0,5,0,0,0,0,2,9,-1,9,1,44,7,1598,1,12,VAUXHALL ASTRA,-1,-1,0,-1
2024010517033,2024,010517033,1,9,9,99,99,9,9,99,99,9,9,99,9,99,9,9,6,6,3,-1,-1,1399,1,8,VAUXHALL ASTRA,-1,-1,0,-1
2024010516686,2024,010516686,2,9,0,99,99,9,9,99,99,9,9,99,9,99,9,9,6,6,2,23,5,1598,1,10,VAUXHALL ASTRA,5,E01003684,0,1
2024161394454,2024,161394454,1,9,0,-1,7,2,6,-1,0,6,0,0,0,0,1,1,-1,2,2,26,6,1598,1,14,VAUXHALL ASTRA,2,E01035463,0,1
2024131510496,2024,131510496,2,9,0,-1,-1,-1,-1,-1,-1,0,-1,-1,-1,0,-1,1,-1,6,3,-1,-1,1956,2,9,VAUXHALL ASTRA,-1,-1,0,-1
2024411425783,2024,411425783,1,9,0,-1,19,8,4,-1,0,0,0,0,0,0,1,1,-1,2,1,25,5,1399,1,7,VAUXHALL ASTRA,8,E01028614,0,4
2024421513351,2024,421513351,1,9,0,-1,19,3,7,-1,0,0,0,0,0,0,4,1,-1,6,1,-1,-1,1686,2,11,VAUXHALL ASTRA,5,E01021874,0,3
2024221407103,2024,221407103,2,9,0,-1,19,7,3,-1,0,8,0,0,0,0,1,1,-1,6,1,28,6,1399,1,5,VAUXHALL ASTRA,9,E01028860,0,1
2024201424602,2024,201424602,1,9,0,-1,19,4,8,-1,0,0,0,0,0,0,1,9,-1,6,2,31,6,1399,1,9,VAUXHALL ASTRA,4,E01009241,0,1
2024320755068,2024,320755068,1,9,0,-1,-1,2,6,0,0,0,1,0,1,9,1,2,-1,-1,2,25,5,1598,1,15,VAUXHALL ASTRA,5,E01026076,0,1
2024131504037,2024,131504037,4,9,0,-1,2,0,0,-1,0,0,0,0,0,0,4,1,-1,6,-1,-1,-1,1686,2,14,VAUXHALL ASTRA,-1,-1,0,-1
2024351435108,2024,351435108,2,9,0,-1,2,0,0,-1,0,0,0,0,1,0,2,1,-1,6,2,50,8,1598,1,13,VAUXHALL ASTRA,6,E01035554,0,2
2024221448990,2024,221448990,2,9,0,-1,9,3,8,-1,0,6,0,0,7,4,1,9,-1,6,1,25,5,1796,1,14,VAUXHALL ASTRA,-1,-1,0,-1
2024061426551,2024,061426551,1,9,0,-1,5,-1,-1,-1,0,0,0,0,0,0,1,1,-1,9,2,34,6,1796,1,18,VAUXHALL ASTRA,2,E01004972,0,2
2024991403556,2024,991403556,3,9,0,-1,3,6,2,-1,0,2,0,0,0,0,2,1,-1,9,1,48,8,1956,2,13,VAUXHALL ASTRA,5,-1,0,2
2024471480227,2024,471480227,1,9,0,-1,19,3,7,-1,0,0,0,0,0,0,4,1,-1,9,1,32,6,1598,1,13,VAUXHALL ASTRA,8,E01021028,0,1
2024340NN4722,2024,340NN4722,1,9,0,-1,19,5,1,-1,0,1,0,0,0,0,1,1,-1,6,1,32,6,1248,2,16,VAUXHALL ASTRA,-1,-1,0,-1
2024161431557,2024,161431557,2,9,0,-1,9,3,1,-1,0,8,0,0,0,0,1,1,-1,1,1,47,8,1598,1,20,VAUXHALL ASTRA,1,E01012865,0,2
2024201453274,2024,201453274,2,9,0,-1,3,7,3,-1,0,0,0,0,0,0,2,1,-1,9,2,32,6,1399,1,6,VAUXHALL ASTRA,1,E01009322,0,1
2024201405777,2024,201405777,4,9,0,-1,2,0,0,-1,0,1,0,0,0,0,1,9,-1,1,1,-1,-1,1598,2,5,VAUXHALL ASTRA,4,E01034744,0,1
2024320622052,2024,320622052,1,9,0,-1,-1,2,8,0,0,1,0,0,0,0,1,1,6,6,1,-1,-1,1598,1,6,VAUXHALL ASTRA,-1,-1,0,-1
202454D331624,2024,54D331624,3,9,0,2,2,0,0,0,0,1,0,0,0,0,3,1,6,6,3,-1,-1,1399,1,6,VAUXHALL ASTRA,7,E01034540,0,1
2024201457387,2024,201457387,1,9,0,-1,9,6,4,-1,0,6,0,0,0,0,1,9,-1,9,1,27,6,1598,1,11,VAUXHALL ASTRA,1,E01009326,0,1
2024010524998,2024,010524998,5,9,0,2,2,0,0,0,0,0,0,0,0,0,4,1,6,6,3,-1,-1,1796,1,19,VAUXHALL ASTRA,-1,-1,0,-1
2024201443227,2024,201443227,1,9,0,-1,7,3,5,-1,0,6,0,0,0,0,0,1,-1,6,1,50,8,1796,1,17,VAUXHALL ASTRA,4,E01009145,0,1
2024302401105,2024,302401105,1,9,0,17,19,2,6,0,0,1,1,0,7,9,4,1,6,6,1,31,6,1686,2,13,VAUXHALL ASTRA,2,E01019571,0,2
2024070342635,2024,070342635,1,9,0,18,19,3,7,0,0,8,0,0,0,0,1,1,6,6,2,50,8,1598,2,7,VAUXHALL ASTRA,-1,-1,0,-1
2024461458541,2024,461458541,1,9,0,-1,19,7,3,-1,0,0,1,0,0,0,3,1,-1,9,1,21,5,1598,2,8,VAUXHALL ASTRA,8,E01032816,0,1
2024010515551,2024,010515551,1,9,0,7,7,3,5,0,0,8,0,0,0,0,1,1,1,1,1,27,6,1341,1,4,VAUXHALL ASTRA,7,E01003199,0,1
2024461520017,2024,461520017,1,9,0,-1,3,7,2,-1,0,1,0,7,0,0,3,1,-1,9,1,82,11,1399,1,5,VAUXHALL ASTRA,6,E01024189,0,1
2024221455391,2024,221455391,2,9,0,-1,19,7,3,-1,0,8,0,0,0,0,4,9,-1,6,2,27,6,1598,2,9,VAUXHALL ASTRA,2,E01032453,0,1
2024211426540,2024,211426540,2,9,0,-1,2,0,0,-1,0,0,0,0,0,0,3,1,-1,6,2,38,7,1796,1,18,VAUXHALL ASTRA,4,E01014369,0,2
2024991415899,2024,991415899,2,9,0,-1,19,2,6,-1,0,8,0,0,0,0,1,1,-1,6,2,46,8,1364,1,7,VAUXHALL ASTRA,3,-1,0,1
2024201527222,2024,201527222,2,9,0,-1,19,1,4,-1,0,8,1,0,0,0,1,1,-1,9,1,29,6,1364,1,14,VAUXHALL ASTRA,2,E01010103,0,1
2024461485188,2024,461485188,4,9,0,-1,2,0,0,-1,-1,2,0,0,0,0,4,1,-1,6,1,24,5,-1,-1,-1,VAUXHALL ASTRA,9,E01035291,0,1
2024332400526,2024,332400526,1,9,0,-1,9,4,3,-1,0,6,0,0,0,0,3,1,-1,9,1,17,4,1598,1,21,VAUXHALL ASTRA,7,E01025958,0,1
2024010536677,2024,010536677,1,9,0,7,7,7,1,0,0,3,0,0,0,0,1,1,6,6,1,25,5,1399,1,7,VAUXHALL ASTRA,2,E01001334,0,1
2024320676490,2024,320676490,2,9,0,-1,-1,3,7,0,0,8,1,0,1,10,3,2,1,1,2,38,7,1598,1,15,VAUXHALL ASTRA,4,E01026028,0,2
2024052402665,2024,052402665,2,9,0,18,19,2,6,0,0,0,0,0,0,0,2,1,6,6,1,34,6,1399,1,8,VAUXHALL ASTRA,1,E01007207,0,1
2024061518772,2024,061518772,1,9,0,-1,9,1,7,-1,0,5,0,0,0,0,1,1,-1,6,1,33,6,1598,1,12,VAUXHALL ASTRA,-1,-1,0,-1
2024010499908,2024,010499908,3,9,0,18,19,1,5,0,0,1,0,0,0,0,0,1,6,6,1,24,5,1399,1,5,VAUXHALL ASTRA,-1,-1,0,-1
2024221503268,2024,221503268,2,9,0,-1,3,5,1,-1,0,0,0,0,0,0,2,9,-1,2,1,32,6,1598,1,17,VAUXHALL ASTRA,7,E01028919,0,2
2024552400944,2024,552400944,1,9,0,9,9,1,8,0,0,6,0,0,0,0,1,1,6,6,1,31,6,1399,1,7,VAUXHALL ASTRA,6,E01033856,0,4
2024201421926,2024,201421926,2,9,0,-1,3,8,4,-1,0,1,0,0,0,0,3,1,-1,9,2,43,7,1364,1,19,VAUXHALL ASTRA,1,E01009987,0,1
2024041418624,2024,041418624,3,9,0,-1,19,6,2,-1,0,0,0,0,0,0,2,1,-1,9,2,33,6,1199,1,2,VAUXHALL ASTRA,3,E01024889,0,1
2024010538351,2024,010538351,1,9,0,4,4,3,7,0,0,0,0,4,0,0,2,1,6,6,1,27,6,1598,1,14,VAUXHALL ASTRA,-1,-1,0,-1
2024332400049,2024,332400049,2,9,0,-1,9,7,5,-1,0,5,0,0,7,0,0,1,-1,6,3,-1,-1,1598,8,1,VAUXHALL ASTRA,-1,-1,0,-1
2024161486813,2024,161486813,1,9,0,-1,19,2,6,-1,0,0,1,0,0,0,3,1,-1,9,1,25,5,1364,1,10,VAUXHALL ASTRA,9,E01013015,0,1
2024061399052,2024,061399052,2,9,0,-1,2,-1,-1,-1,0,0,0,0,0,0,1,9,-1,6,2,41,7,1598,1,13,VAUXHALL ASTRA,1,E01006296,0,1
2024231452984,2024,231452984,2,9,0,-1,19,2,6,-1,0,8,0,0,0,0,1,9,-1,6,2,40,7,1399,1,6,VAUXHALL ASTRA,9,E01035024,0,1