collision_index,collision_year,collision_ref_no,vehicle_reference,vehicle_type,towing_and_articulation,vehicle_manoeuvre_historic,vehicle_manoeuvre,vehicle_direction_from,vehicle_direction_to,vehicle_location_restricted_lane_historic,vehicle_location_restricted_lane,junction_location,skidding_and_overturning,hit_object_in_carriageway,vehicle_leaving_carriageway,hit_object_off_carriageway,first_point_of_impact,vehicle_left_hand_drive,journey_purpose_of_driver_historic,journey_purpose_of_driver,sex_of_driver,age_of_driver,age_band_of_driver,engine_capacity_cc,propulsion_code,age_of_vehicle,generic_make_model,driver_imd_decile,lsoa_of_driver,escooter_flag,driver_distance_banding
2024131420430,2024,131420430,2,9,0,-1,19,7,3,-1,0,0,0,0,0,0,1,1,-1,6,2,36,7,1686,2,11,VAUXHALL ASTRA,2,E01010796,0,1
202454D954824,2024,54D954824,1,9,0,18,19,4,8,0,0,1,1,0,0,0,1,1,1,1,2,33,6,1496,2,3,VAUXHALL ASTRA,8,E01015473,0,1
2024041442129,2024,041442129,2,9,0,-1,19,3,3,-1,0,1,0,0,0,0,1,1,-1,7,1,34,6,1686,2,17,VAUXHALL ASTRA,1,E01024909,0,1
2024122400685,2024,122400685,2,9,0,18,19,7,3,0,0,0,0,0,0,0,3,1,6,6,1,26,6,1248,2,10,VAUXHALL ASTRA,3,E01013164,0,4
2024531461478,2024,531461478,1,9,0,-1,19,7,3,-1,0,0,0,0,0,0,1,9,-1,9,1,28,6,1686,2,14,VAUXHALL ASTRA,6,E01022235,0,3
2024552401257,2024,552401257,1,9,0,18,19,8,4,0,0,0,0,0,0,0,1,1,2,2,2,35,6,1598,1,11,VAUXHALL ASTRA,2,E01020573,0,3
2024471450431,2024,471450431,1,9,0,-1,9,8,6,-1,0,8,0,0,0,0,1,1,-1,1,1,30,6,1998,1,16,VAUXHALL ASTRA,1,E01020994,0,1
2024061495793,2024,061495793,2,9,0,-1,19,7,3,-1,0,0,1,0,8,0,4,1,-1,6,1,78,11,1598,1,10,VAUXHALL ASTRA,10,E01004808,0,1
2024991462399,2024,991462399,1,9,0,-1,12,3,3,-1,0,1,0,0,0,0,3,1,-1,9,2,34,6,1956,2,11,VAUXHALL ASTRA,9,-1,0,1
2024461484461,2024,461484461,1,9,0,-1,19,5,1,-1,0,0,0,0,0,0,4,9,-1,6,3,-1,-1,1598,1,10,VAUXHALL ASTRA,-1,-1,0,-1
2024010528153,2024,010528153,2,9,0,18,19,7,3,0,0,0,0,0,0,0,4,1,6,6,1,65,9,1598,1,10,VAUXHALL ASTRA,3,E01004350,0,2
2024311479848,2024,311479848,1,9,0,-1,19,1,5,-1,0,4,1,7,0,0,1,1,-1,6,1,19,4,1598,1,18,VAUXHALL ASTRA,-1,-1,0,-1
2024041396398,2024,041396398,2,9,0,-1,19,1,5,-1,0,1,0,0,0,0,3,1,-1,7,1,45,7,1998,1,11,VAUXHALL ASTRA,1,E01025293,0,1
2024522403355,2024,522403355,1,9,0,18,19,4,8,0,0,8,0,0,0,0,1,1,1,1,1,30,6,1399,1,7,VAUXHALL ASTRA,10,E01014793,0,3
2024161444920,2024,161444920,1,9,0,-1,19,8,4,-1,0,0,0,0,1,10,1,1,-1,6,1,63,9,1598,1,17,VAUXHALL ASTRA,4,E01013029,0,2
2024010534739,2024,010534739,1,9,0,99,99,9,9,99,99,1,9,99,9,99,9,9,2,2,2,37,7,1598,1,5,VAUXHALL ASTRA,3,E01001371,0,1
2024041560228,2024,041560228,1,9,0,-1,9,5,2,-1,0,8,0,0,0,0,1,1,-1,9,1,74,10,1956,2,13,VAUXHALL ASTRA,4,E01025017,0,4
2024010540463,2024,010540463,1,9,0,5,5,2,6,0,0,0,0,0,1,11,4,2,6,6,1,47,8,1399,1,6,VAUXHALL ASTRA,1,E01003486,0,1
2024010506109,2024,010506109,1,9,0,18,19,5,1,0,0,1,0,0,0,0,1,1,1,1,1,44,7,1364,1,15,VAUXHALL ASTRA,4,E01001174,0,2
2024471408468,2024,471408468,1,9,0,-1,19,3,7,-1,0,0,0,0,0,0,1,1,-1,9,1,35,6,1364,1,18,VAUXHALL ASTRA,8,E01031620,0,2
2024041421383,2024,041421383,2,9,0,-1,19,5,1,-1,0,1,1,0,7,11,1,1,-1,9,1,28,6,1598,1,19,VAUXHALL ASTRA,1,E01005324,0,4
2024302401631,2024,302401631,1,9,0,3,3,8,4,0,0,0,0,0,0,0,2,1,1,1,1,35,6,1598,1,11,VAUXHALL ASTRA,10,E01029418,0,2
2024430237512,2024,430237512,1,9,0,9,9,7,5,0,0,5,0,0,0,0,1,1,6,6,1,25,5,1598,1,12,VAUXHALL ASTRA,10,E01028774,0,4
2024031459524,2024,031459524,1,9,0,-1,3,7,7,-1,0,1,1,0,0,0,1,1,-1,2,2,55,8,1686,2,11,VAUXHALL ASTRA,6,E01019351,0,3
2024131502325,2024,131502325,2,9,0,-1,19,1,5,-1,0,0,0,0,0,0,1,1,-1,9,1,50,8,1399,1,5,VAUXHALL ASTRA,5,E01011228,0,1
2024131457671,2024,131457671,1,9,0,-1,-1,-1,-1,-1,-1,0,-1,-1,-1,-1,1,1,-1,6,3,-1,-1,1598,1,15,VAUXHALL ASTRA,-1,-1,0,-1
2024031445649,2024,031445649,1,9,0,-1,19,7,3,-1,0,0,0,0,0,0,1,1,-1,6,2,40,7,1686,2,11,VAUXHALL ASTRA,-1,-1,0,-1
202460Q026628,2024,60Q026628,1,9,0,18,19,5,1,0,0,4,0,0,0,0,1,1,2,2,1,57,9,1598,1,18,VAUXHALL ASTRA,-1,-1,0,-1
2024401443657,2024,401443657,2,9,0,-1,-1,-1,-1,-1,-1,0,-1,-1,-1,0,2,9,-1,2,2,58,9,1398,1,9,VAUXHALL ASTRA,3,E01017552,0,3
2024411526109,2024,411526109,2,9,0,-1,10,2,8,-1,0,1,0,0,0,0,3,1,-1,6,1,20,4,1364,1,10,VAUXHALL ASTRA,3,E01023866,0,1
2024361443795,2024,361443795,1,9,0,-1,19,5,1,-1,0,3,0,0,0,0,2,2,-1,9,2,30,6,1598,1,13,VAUXHALL ASTRA,5,E01026487,0,1
2024221484412,2024,221484412,1,9,0,-1,19,1,5,-1,0,8,1,0,0,0,1,1,-1,6,1,51,8,1364,1,18,VAUXHALL ASTRA,6,E01014084,0,4
2024141496580,2024,141496580,1,9,0,-1,5,6,8,-1,0,6,0,0,0,0,4,1,-1,2,1,57,9,1956,2,10,VAUXHALL ASTRA,5,E01008058,0,2
2024471484328,2024,471484328,1,9,0,-1,9,6,4,-1,9,2,0,0,3,0,1,1,-1,9,2,58,9,1199,1,0,VAUXHALL ASTRA,3,E01021017,0,2
2024131458940,2024,131458940,2,9,0,-1,19,2,6,-1,0,2,0,0,0,0,0,1,-1,1,2,-1,-1,1499,2,1,VAUXHALL ASTRA,1,E01034582,0,1
2024010513044,2024,010513044,2,9,9,99,99,9,9,99,99,9,9,99,9,99,9,9,6,6,3,28,6,1399,1,5,VAUXHALL ASTRA,2,E01001339,0,1
2024010536553,2024,010536553,1,9,0,99,99,9,9,99,99,9,9,99,9,99,3,9,6,6,2,50,8,1796,1,16,VAUXHALL ASTRA,3,E01003586,0,1
2024041491590,2024,041491590,1,9,0,-1,19,1,5,-1,0,0,0,0,0,0,1,1,-1,6,3,-1,-1,1598,1,14,VAUXHALL ASTRA,-1,-1,0,-1
202460Q055217,2024,60Q055217,1,9,0,7,7,5,1,0,0,1,0,0,0,0,1,1,6,6,2,22,5,1686,2,13,VAUXHALL ASTRA,-1,-1,0,-1
2024991444235,2024,991444235,1,9,0,-1,2,0,0,-1,0,0,0,0,0,0,3,1,-1,6,2,41,7,1956,2,12,VAUXHALL ASTRA,5,-1,0,1
2024010515773,2024,010515773,2,9,0,7,7,3,6,0,0,8,0,0,0,0,4,1,1,1,2,31,6,1399,1,5,VAUXHALL ASTRA,5,E01002866,0,3
2024430209262,2024,430209262,3,9,0,18,19,4,8,0,0,0,1,0,2,0,0,1,6,6,2,19,4,1598,1,16,VAUXHALL ASTRA,9,E01027294,0,3
2024461429362,2024,461429362,1,9,0,-1,4,3,7,-1,0,1,0,0,0,0,3,1,-1,2,1,33,6,-1,-1,-1,VAUXHALL ASTRA,2,E01024028,0,2
2024201517559,2024,201517559,2,9,0,-1,19,1,5,-1,0,1,0,0,0,0,1,1,-1,6,1,52,8,1686,2,15,VAUXHALL ASTRA,4,E01009227,0,1
2024161535160,2024,161535160,1,9,0,-1,19,7,3,-1,0,1,0,0,0,0,1,9,-1,6,2,28,6,1956,2,11,VAUXHALL ASTRA,2,E01013195,0,1
2024451527983,2024,451527983,2,9,0,-1,19,1,5,-1,0,4,0,0,0,0,1,1,-1,2,2,63,9,1598,1,14,VAUXHALL ASTRA,10,E01030535,0,2
2024501500616,2024,501500616,1,9,0,-1,5,1,5,-1,9,1,0,10,7,0,4,1,-1,6,2,80,11,1598,1,16,VAUXHALL ASTRA,5,E01018785,0,2
2024401428282,2024,401428282,2,9,0,-1,4,2,6,-1,0,4,0,0,0,0,4,9,-1,9,2,36,7,1598,1,11,VAUXHALL ASTRA,7,E01034423,0,2
2024010512298,2024,010512298,1,9,0,18,19,5,1,0,0,0,0,0,0,0,1,1,1,1,1,29,6,1341,1,4,VAUXHALL ASTRA,6,E01000631,0,1
2024430124197,2024,430124197,2,9,0,4,4,8,4,0,0,1,0,0,0,0,1,1,1,1,1,59,9,1796,1,17,VAUXHALL ASTRA,7,E01016836,0,1
2024201436598,2024,201436598,1,9,0,-1,19,6,2,-1,0,1,0,0,0,0,1,1,-1,6,1,24,5,1598,1,10,VAUXHALL ASTRA,5,E01009939,0,1
2024522500003,2024,522500003,1,9,0,3,3,6,2,0,0,0,0,0,0,0,2,1,6,6,2,24,5,1956,2,12,VAUXHALL ASTRA,5,E01014678,0,1
2024332400930,2024,332400930,1,9,0,-1,19,4,1,-1,0,8,0,0,1,11,1,1,-1,6,1,28,6,-1,-1,-1,VAUXHALL ASTRA,9,E01025968,0,2
2024411471674,2024,411471674,3,9,0,-1,2,0,0,-1,0,0,0,4,0,0,2,1,-1,6,-1,-1,-1,1686,2,18,VAUXHALL ASTRA,-1,-1,0,-1
2024440071211,2024,440071211,2,9,0,2,2,0,0,0,0,0,0,0,1,0,1,1,6,6,1,53,8,-1,-1,-1,VAUXHALL ASTRA,10,E01016201,0,3
2024311446441,2024,311446441,1,9,0,-1,19,7,3,-1,0,1,0,0,0,0,3,1,-1,9,2,68,10,1598,2,8,VAUXHALL ASTRA,8,E01028179,0,1
2024010544452,2024,010544452,2,9,0,99,99,9,9,99,99,9,9,99,9,99,9,9,6,6,3,-1,-1,1399,1,8,VAUXHALL ASTRA,-1,-1,0,-1
2024991519091,2024,991519091,1,9,0,-1,9,3,7,-1,0,8,1,0,1,11,4,1,-1,6,1,39,7,1598,1,9,VAUXHALL ASTRA,7,-1,0,2
2024041436074,2024,041436074,3,9,0,-1,19,5,5,-1,0,0,0,0,0,0,3,1,-1,9,2,55,8,1598,1,12,VAUXHALL ASTRA,-1,-1,0,-1
2024201509529,2024,201509529,2,9,0,-1,19,2,5,-1,0,8,0,0,0,0,2,1,-1,6,1,-1,-1,1956,2,9,VAUXHALL ASTRA,-1,-1,0,-1
2024501450832,2024,501450832,2,9,0,-1,2,0,0,-1,0,0,0,0,0,0,1,1,-1,6,1,-1,-1,1362,1,11,VAUXHALL ASTRA,7,E01019045,0,3
2024161459927,2024,161459927,1,9,0,-1,3,2,6,-1,0,0,0,0,0,0,1,1,-1,2,1,28,6,1598,2,8,VAUXHALL ASTRA,1,E01012854,0,1
2024311401385,2024,311401385,2,9,0,-1,9,1,7,-1,0,6,0,0,0,0,1,1,-1,9,1,57,9,1956,2,9,VAUXHALL ASTRA,5,E01034647,0,4
2024340WN0442,2024,340WN0442,1,9,0,-1,19,8,4,-1,0,0,0,0,0,0,1,1,-1,6,1,-1,-1,1398,1,12,VAUXHALL ASTRA,-1,-1,0,-1
2024501498595,2024,501498595,2,9,0,-1,19,7,3,-1,0,0,0,0,0,0,3,1,-1,6,1,-1,-1,1796,1,15,VAUXHALL ASTRA,-1,-1,0,-1
2024522401569,2024,522401569,1,9,0,18,19,3,6,0,0,8,0,0,0,0,4,1,6,6,1,46,8,-1,-1,-1,VAUXHALL ASTRA,4,E01014924,0,4
2024991436070,2024,991436070,1,9,0,-1,19,3,7,-1,0,0,1,10,1,2,3,1,-1,6,1,24,5,1998,1,14,VAUXHALL ASTRA,2,-1,0,5
2024991493221,2024,991493221,2,9,0,-1,19,5,1,-1,0,0,0,0,7,0,1,1,-1,9,1,53,8,1598,2,5,VAUXHALL ASTRA,6,-1,0,5
2024311525236,2024,311525236,1,19,-1,-1,19,5,1,-1,0,1,0,0,1,0,1,1,-1,6,1,30,6,1910,2,13,VAUXHALL ASTRA,-1,-1,0,-1
2024141435340,2024,141435340,6,9,0,-1,19,5,1,-1,0,0,0,0,0,0,3,9,-1,6,1,53,8,1956,2,10,VAUXHALL ASTRA,2,E01007457,0,3
2024061526025,2024,061526025,2,9,-1,-1,19,2,6,-1,0,0,0,0,0,0,1,9,-1,6,1,58,9,1956,2,10,VAUXHALL ASTRA,8,E01005336,0,1
2024471413030,2024,471413030,3,9,0,-1,19,3,7,-1,0,1,0,0,0,0,1,1,-1,6,2,35,6,1598,1,16,VAUXHALL ASTRA,4,E01031548,0,2
2024501446574,2024,501446574,2,9,0,-1,4,3,7,-1,0,0,0,0,0,0,1,1,-1,2,1,20,4,1248,2,17,VAUXHALL ASTRA,6,E01019928,0,3
2024010522888,2024,010522888,1,9,0,9,9,5,3,0,0,8,0,0,0,0,4,1,6,6,1,33,6,1598,2,8,VAUXHALL ASTRA,2,E01001634,0,1
2024631426201,2024,631426201,1,9,0,-1,5,1,5,-1,0,6,0,0,0,0,1,1,-1,6,1,78,11,1364,1,16,VAUXHALL ASTRA,9,W01000441,0,1
2024421514659,2024,421514659,2,9,0,-1,19,5,2,-1,0,0,0,0,0,0,3,1,-1,6,1,44,7,1598,1,10,VAUXHALL ASTRA,9,E01022063,0,1
2024501530307,2024,501530307,1,9,0,-1,9,7,4,-1,0,2,1,6,2,10,1,1,-1,6,1,20,4,999,1,8,VAUXHALL ASTRA,8,E01020300,0,3
2024401463460,2024,401463460,1,9,0,-1,4,3,7,-1,0,1,0,0,0,0,1,9,-1,2,1,24,5,1686,2,12,VAUXHALL ASTRA,3,E01015730,0,3
2024201523427,2024,201523427,1,9,0,-1,19,4,8,-1,0,0,0,0,0,0,1,1,-1,6,-1,-1,-1,1598,1,14,VAUXHALL ASTRA,-1,-1,0,-1
2024991523528,2024,991523528,3,9,0,-1,3,5,1,-1,0,0,0,0,0,0,2,1,-1,6,2,63,9,1399,1,5,VAUXHALL ASTRA,3,-1,0,1
2024010533891,2024,010533891,1,9,0,9,9,5,2,0,0,5,0,0,7,0,1,1,6,6,1,34,6,1364,1,18,VAUXHALL ASTRA,2,E01001010,0,3
2024552401349,2024,552401349,2,9,0,4,4,8,4,0,0,1,0,0,0,0,2,1,6,6,2,80,11,1796,1,16,VAUXHALL ASTRA,5,E01020562,0,1
2024991482154,2024,991482154,1,9,0,-1,8,7,3,-1,0,1,0,0,0,0,0,1,-1,6,1,95,11,1598,1,18,VAUXHALL ASTRA,7,-1,0,1
2024010546694,2024,010546694,1,9,0,-1,-1,5,1,0,0,0,1,10,1,0,1,1,6,6,1,18,4,1399,1,7,VAUXHALL ASTRA,2,E01001054,0,1
2024161410306,2024,161410306,2,9,0,-1,19,-1,-1,-1,0,4,0,0,0,0,1,9,-1,6,2,80,11,1956,2,10,VAUXHALL ASTRA,5,E01026403,0,2
2024531464603,2024,531464603,2,9,0,-1,19,6,2,-1,0,1,0,0,0,0,1,1,-1,2,1,24,5,1364,1,15,VAUXHALL ASTRA,3,E01002131,0,5
2024461440033,2024,461440033,3,9,0,-1,19,8,4,-1,0,8,0,0,0,0,3,1,-1,2,1,39,7,-1,-1,-1,VAUXHALL ASTRA,1,E01024660,0,2
2024340WN1742,2024,340WN1742,1,9,0,-1,19,1,5,-1,0,1,0,0,1,0,1,1,-1,6,1,30,6,1598,1,11,VAUXHALL ASTRA,2,E01015703,0,4
2024131474975,2024,131474975,3,9,0,-1,2,1,1,-1,0,0,0,0,0,0,2,1,-1,6,2,36,7,1598,1,10,VAUXHALL ASTRA,4,E01010637,0,1
2024311453313,2024,311453313,1,9,0,-1,4,8,3,-1,0,0,0,0,0,0,0,1,-1,6,2,43,7,1598,1,5,VAUXHALL ASTRA,4,E01027953,0,1
2024141463382,2024,141463382,1,9,0,-1,19,3,7,-1,0,8,0,0,0,0,1,1,-1,7,2,42,7,1399,1,5,VAUXHALL ASTRA,1,E01007886,0,1
2024552400727,2024,552400727,1,9,0,18,19,4,8,0,0,8,0,0,0,0,1,1,2,2,1,68,10,999,1,8,VAUXHALL ASTRA,6,E01015402,0,1
2024371411483,2024,371411483,1,9,0,-1,19,5,1,-1,0,0,0,0,0,0,3,1,-1,2,2,32,6,1398,1,10,VAUXHALL ASTRA,6,E01029881,0,1
2024052401540,2024,052401540,1,9,0,18,19,1,5,0,0,0,0,0,2,4,4,1,6,6,1,78,11,1598,1,19,VAUXHALL ASTRA,1,E01007016,0,1
2024231477646,2024,231477646,2,9,0,-1,4,2,6,-1,0,1,5,0,0,0,1,1,-1,9,2,63,9,1686,2,11,VAUXHALL ASTRA,2,E01020014,0,5
2024010550971,2024,010550971,1,9,9,18,19,1,5,0,0,0,9,99,9,0,1,9,6,6,1,60,9,1398,1,13,VAUXHALL ASTRA,5,E01015904,0,4
2024070568287,2024,070568287,2,9,0,7,7,6,7,0,0,1,0,0,0,0,2,1,2,2,1,47,8,1199,1,3,VAUXHALL ASTRA,3,E01006431,0,2
2024440126579,2024,440126579,2,9,0,18,19,6,2,0,0,8,0,0,1,7,2,1,2,2,1,63,9,1796,1,23,VAUXHALL ASTRA,9,E01023227,0,2
2024361535236,2024,361535236,1,9,0,-1,19,5,2,-1,0,1,1,0,1,0,1,1,-1,9,1,39,7,1956,2,13,VAUXHALL ASTRA,1,E01026598,0,3
2024311475024,2024,311475024,2,9,0,-1,19,1,5,-1,0,0,5,0,0,0,4,1,-1,2,2,25,5,1956,2,12,VAUXHALL ASTRA,3,E01019508,0,3
2024231418676,2024,231418676,1,9,0,-1,19,2,6,-1,0,0,0,0,2,0,4,1,-1,9,1,40,7,1686,2,11,VAUXHALL ASTRA,2,E01031046,0,1
2024461497677,2024,461497677,1,9,0,-1,19,-1,-1,-1,0,1,0,0,0,0,1,9,-1,6,1,33,6,-1,-1,-1,VAUXHALL ASTRA,4,E01024841,0,3
2024221456198,2024,221456198,2,9,0,-1,3,7,3,-1,0,0,0,0,0,0,2,1,-1,2,2,26,6,999,1,8,VAUXHALL ASTRA,2,E01032260,0,2
2024361492607,2024,361492607,1,9,0,-1,7,1,3,-1,0,1,0,0,0,0,1,1,-1,6,2,58,9,1399,1,7,VAUXHALL ASTRA,10,E01026908,0,1
2024161533784,2024,161533784,1,9,0,-1,19,4,6,-1,0,0,0,0,1,4,1,1,-1,9,1,50,8,1598,1,18,VAUXHALL ASTRA,7,E01013288,0,3
2024320469737,2024,320469737,2,9,0,10,10,6,4,0,0,1,0,0,0,0,2,1,-1,-1,1,52,8,1398,1,11,VAUXHALL ASTRA,9,E01026209,0,1
2024421411734,2024,421411734,1,9,0,-1,19,1,5,-1,0,8,0,0,0,0,1,1,-1,6,1,19,4,1364,1,17,VAUXHALL ASTRA,-1,-1,0,-1
2024421439093,2024,421439093,1,9,0,-1,7,1,8,-1,0,0,0,0,0,0,3,1,-1,6,1,36,7,1362,1,11,VAUXHALL ASTRA,8,E01034365,0,3
2024371437361,2024,371437361,1,9,0,-1,-1,-1,-1,-1,-1,0,-1,-1,-1,0,-1,9,-1,6,1,-1,-1,1686,2,13,VAUXHALL ASTRA,9,E01030008,0,1
2024111512944,2024,111512944,1,9,0,-1,19,7,3,-1,0,4,0,0,0,0,3,1,-1,6,1,31,6,1598,1,12,VAUXHALL ASTRA,2,E01020734,0,2
2024440395046,2024,440395046,1,9,0,6,6,4,4,0,0,0,0,0,0,0,4,1,6,6,1,-1,-1,1598,1,14,VAUXHALL ASTRA,-1,-1,0,-1
2024221495887,2024,221495887,2,9,0,-1,9,3,1,-1,0,5,0,0,1,0,3,1,-1,9,2,26,6,1399,1,6,VAUXHALL ASTRA,10,E01032393,0,1
2024010505823,2024,010505823,2,9,0,99,99,9,9,99,99,0,9,99,9,99,1,9,6,6,3,-1,-1,1796,1,17,VAUXHALL ASTRA,3,E01004350,0,3
2024302400825,2024,302400825,1,9,0,16,19,5,8,0,0,2,0,0,0,0,3,1,6,6,2,60,9,1598,1,11,VAUXHALL ASTRA,4,E01029552,0,4
2024461438685,2024,461438685,2,9,0,-1,8,3,5,-1,0,1,0,0,0,0,2,9,-1,1,2,40,7,1399,1,6,VAUXHALL ASTRA,2,E01020922,0,4
2024010498444,2024,010498444,2,9,0,99,99,9,9,99,99,9,9,99,9,99,9,9,6,6,3,34,6,1598,1,14,VAUXHALL ASTRA,-1,-1,0,-1
2024371404282,2024,371404282,1,9,0,-1,19,5,1,-1,0,0,0,0,0,0,2,1,-1,1,2,44,7,1686,2,14,VAUXHALL ASTRA,7,E01030294,0,3
2024471413029,2024,471413029,1,9,0,-1,19,3,7,-1,0,1,0,0,0,0,4,1,-1,6,2,31,6,-1,-1,-1,VAUXHALL ASTRA,8,E01031357,0,2
2024991522323,2024,991522323,1,9,0,-1,4,3,7,-1,0,0,0,0,0,0,1,1,-1,9,1,37,7,1598,2,7,VAUXHALL ASTRA,6,-1,0,2
2024461489693,2024,461489693,1,9,0,-1,7,1,3,-1,0,1,0,0,0,0,1,1,-1,6,1,24,5,1399,1,6,VAUXHALL ASTRA,5,E01035270,0,1
2024421515788,2024,421515788,3,9,0,-1,19,1,5,-1,0,0,0,0,0,0,1,1,-1,2,2,31,6,1364,1,17,VAUXHALL ASTRA,5,E01021865,0,1
2024471433984,2024,471433984,1,9,0,-1,19,1,5,-1,0,8,5,4,0,0,1,1,-1,9,1,23,5,1598,1,17,VAUXHALL ASTRA,9,E01031714,0,1
2024351471915,2024,351471915,2,9,0,-1,3,4,1,-1,0,1,0,0,0,0,2,1,-1,6,2,47,8,1364,1,17,VAUXHALL ASTRA,9,E01018205,0,2
2024991414289,2024,991414289,2,9,0,-1,19,2,6,-1,0,0,0,0,0,0,3,1,-1,2,1,53,8,1598,2,6,VAUXHALL ASTRA,7,-1,0,1
2024061438737,2024,061438737,1,9,0,-1,19,4,8,-1,0,0,5,7,0,0,4,1,-1,9,1,22,5,1398,1,12,VAUXHALL ASTRA,4,E01006049,0,1
2024332400553,2024,332400553,2,9,0,-1,19,2,6,-1,0,1,0,0,0,0,1,1,-1,6,3,-1,-1,1910,2,17,VAUXHALL ASTRA,-1,-1,0,-1
2024501405018,2024,501405018,1,9,0,-1,19,3,7,-1,0,1,0,0,0,0,1,2,-1,9,1,66,10,1399,1,7,VAUXHALL ASTRA,1,E01019033,0,1
2024401527547,2024,401527547,3,9,0,-1,2,0,0,-1,0,0,0,0,0,0,3,1,-1,6,-1,31,6,1364,1,15,VAUXHALL ASTRA,1,E01015732,0,1
2024201535189,2024,201535189,2,9,0,-1,19,1,5,-1,0,0,0,0,0,0,1,1,-1,6,1,71,10,1686,2,14,VAUXHALL ASTRA,3,E01010422,0,1
2024141404737,2024,141404737,2,9,0,-1,19,5,1,-1,0,1,0,4,0,0,1,9,-1,6,1,-1,-1,1796,1,17,VAUXHALL ASTRA,4,E01008019,0,2
2024031484725,2024,031484725,1,9,0,-1,19,2,6,-1,0,0,0,0,2,11,4,1,-1,9,2,85,11,1199,1,1,VAUXHALL ASTRA,10,E01012302,0,4
2024010505093,2024,010505093,2,9,9,18,19,5,1,0,0,1,0,0,0,0,0,9,6,6,3,-1,-1,1598,1,13,VAUXHALL ASTRA,-1,-1,0,-1
2024622400272,2024,622400272,1,9,0,9,9,4,2,0,0,2,0,0,0,0,1,1,6,6,2,40,7,1686,2,14,VAUXHALL ASTRA,7,W01001889,0,1
2024201410578,2024,201410578,1,9,0,-1,19,4,2,-1,0,4,0,0,0,0,0,9,-1,6,2,40,7,1956,2,10,VAUXHALL ASTRA,-1,-1,0,-1
2024010548950,2024,010548950,4,9,0,18,19,5,1,0,0,0,0,0,0,0,1,1,6,6,1,24,5,1598,2,8,VAUXHALL ASTRA,7,E01003738,0,1
2024461464451,2024,461464451,2,9,0,-1,2,6,4,-1,0,0,0,0,0,0,2,1,-1,6,-1,-1,-1,1598,2,9,VAUXHALL ASTRA,-1,-1,0,-1
2024471411752,2024,471411752,5,9,0,-1,19,1,5,-1,0,0,0,0,0,0,0,1,-1,1,1,44,7,1598,2,5,VAUXHALL ASTRA,8,E01022786,0,4
2024371412808,2024,371412808,3,9,0,-1,4,8,4,-1,0,0,0,0,0,0,3,1,-1,6,1,19,4,1598,1,14,VAUXHALL ASTRA,8,E01030117,0,1
2024010526165,2024,010526165,2,9,0,99,99,9,9,99,99,9,9,99,9,99,1,9,6,6,3,50,8,1598,2,9,VAUXHALL ASTRA,6,E01009974,0,5
2024991402731,2024,991402731,1,9,0,-1,19,8,3,-1,0,0,0,0,0,0,1,1,-1,6,1,44,7,1398,1,11,VAUXHALL ASTRA,1,-1,0,3
2024201501239,2024,201501239,2,9,0,-1,19,2,6,-1,0,0,0,0,0,0,3,1,-1,9,2,34,6,1956,2,11,VAUXHALL ASTRA,-1,-1,0,-1
2024401492376,2024,401492376,1,9,0,-1,-1,-1,-1,-1,-1,0,-1,-1,-1,0,-1,9,-1,6,1,-1,-1,1364,1,11,VAUXHALL ASTRA,-1,-1,0,-1
2024010506345,2024,010506345,1,9,0,5,5,7,3,0,0,0,0,0,0,0,1,1,3,7,2,41,7,1796,1,17,VAUXHALL ASTRA,4,E01001816,0,1
2024522401087,2024,522401087,1,9,0,9,9,6,5,0,0,5,0,0,0,0,3,1,6,6,1,26,6,1398,1,14,VAUXHALL ASTRA,4,E01014496,0,3
2024351454382,2024,351454382,1,9,0,-1,-1,-1,-1,-1,-1,-1,-1,-1,-1,0,1,9,-1,6,2,43,7,1598,1,9,VAUXHALL ASTRA,2,E01017977,0,1
2024430027490,2024,430027490,1,9,0,5,5,3,4,0,0,4,0,0,0,0,1,1,6,6,1,34,6,1686,2,14,VAUXHALL ASTRA,5,E01028587,0,1
2024122400978,2024,122400978,1,9,0,5,5,8,4,0,0,0,0,0,0,0,1,1,6,6,1,50,8,1686,2,13,VAUXHALL ASTRA,5,E01013382,0,1
2024451475312,2024,451475312,2,9,0,-1,2,0,0,-1,-1,1,0,0,0,0,1,1,-1,6,-1,-1,-1,1686,2,14,VAUXHALL ASTRA,-1,-1,0,-1
2024131475265,2024,131475265,1,9,0,-1,5,1,1,-1,-1,4,0,0,0,0,1,1,-1,9,1,71,10,1796,1,15,VAUXHALL ASTRA,8,E01011522,0,1
2024010498769,2024,010498769,2,9,0,4,4,5,1,0,0,8,0,0,0,0,2,1,6,6,1,30,6,1796,1,15,VAUXHALL ASTRA,7,E01002962,0,4
2024122400418,2024,122400418,2,9,0,18,19,7,3,0,0,0,0,0,0,0,1,1,1,1,3,-1,-1,1598,1,12,VAUXHALL ASTRA,-1,-1,0,-1
2024522500114,2024,522500114,4,9,0,3,3,7,3,0,0,0,0,0,0,0,3,1,6,6,1,46,8,1364,1,14,VAUXHALL ASTRA,9,W01001947,0,4
2024010515678,2024,010515678,1,9,0,99,99,9,9,99,99,0,9,99,9,99,2,9,6,6,2,28,6,1399,1,5,VAUXHALL ASTRA,3,E01002264,0,1
2024311407773,2024,311407773,2,9,0,-1,19,5,1,-1,0,1,0,0,0,0,1,1,-1,9,2,25,5,999,1,5,VAUXHALL ASTRA,6,E01028298,0,1
2024451428733,2024,451428733,2,9,0,-1,19,7,3,-1,0,1,0,0,0,0,4,1,-1,1,2,56,9,1364,1,14,VAUXHALL ASTRA,8,E01030979,0,1