collision_index,collision_year,collision_ref_no,vehicle_reference,vehicle_type,towing_and_articulation,vehicle_manoeuvre_historic,vehicle_manoeuvre,vehicle_direction_from,vehicle_direction_to,vehicle_location_restricted_lane_historic,vehicle_location_restricted_lane,junction_location,skidding_and_overturning,hit_object_in_carriageway,vehicle_leaving_carriageway,hit_object_off_carriageway,first_point_of_impact,vehicle_left_hand_drive,journey_purpose_of_driver_historic,journey_purpose_of_driver,sex_of_driver,age_of_driver,age_band_of_driver,engine_capacity_cc,propulsion_code,age_of_vehicle,generic_make_model,driver_imd_decile,lsoa_of_driver,escooter_flag,driver_distance_banding
2024041407884,2024,041407884,2,9,0,-1,2,0,0,-1,0,0,0,4,0,0,1,1,-1,6,-1,-1,-1,1398,1,12,VAUXHALL ASTRA,-1,-1,0,-1
2024421521726,2024,421521726,2,9,0,-1,19,1,6,-1,0,1,0,0,0,0,1,1,-1,9,2,38,7,1686,2,13,VAUXHALL ASTRA,6,E01021906,0,1
202454F370024,2024,54F370024,2,9,0,18,19,7,3,0,0,0,0,0,0,0,1,1,2,2,2,24,5,1956,2,11,VAUXHALL ASTRA,7,E01031976,0,1
2024531533705,2024,531533705,1,9,0,-1,9,6,2,-1,0,8,0,0,0,0,1,1,-1,9,2,51,8,999,1,6,VAUXHALL ASTRA,10,E01022128,0,1
2024010532670,2024,010532670,2,9,0,9,9,6,4,0,0,1,0,0,0,0,3,1,1,1,1,29,6,1398,1,12,VAUXHALL ASTRA,10,E01002917,0,1
2024411460907,2024,411460907,1,9,0,-1,7,5,2,-1,9,2,0,0,1,11,1,1,-1,2,1,47,8,1598,1,14,VAUXHALL ASTRA,4,E01023899,0,4
2024451427991,2024,451427991,1,9,0,-1,19,7,3,-1,0,0,5,0,1,0,1,1,-1,6,1,56,9,1956,2,13,VAUXHALL ASTRA,1,E01012596,0,5
2024461421114,2024,461421114,1,9,0,-1,9,3,7,-1,0,0,0,0,0,0,1,1,-1,9,1,82,11,1598,1,10,VAUXHALL ASTRA,3,E01024264,0,2
2024161492585,2024,161492585,2,9,0,-1,5,2,8,-1,0,4,0,0,0,0,1,1,-1,9,1,30,6,1598,2,7,VAUXHALL ASTRA,9,E01013110,0,1
2024471412099,2024,471412099,2,9,0,-1,-1,3,7,-1,-1,0,-1,-1,-1,0,1,9,-1,6,1,77,11,1956,2,12,VAUXHALL ASTRA,6,E01022941,0,2
2024631522007,2024,631522007,1,9,0,-1,19,7,3,-1,0,2,0,0,0,0,4,1,-1,6,2,31,6,1598,1,9,VAUXHALL ASTRA,3,W01000479,0,1
2024061433171,2024,061433171,2,9,0,-1,10,7,3,-1,0,5,0,0,0,0,2,1,-1,9,2,38,7,1598,1,10,VAUXHALL ASTRA,-1,-1,0,-1
2024461516645,2024,461516645,1,9,0,-1,5,5,7,-1,0,2,0,0,0,0,4,9,-1,2,2,44,7,1598,1,12,VAUXHALL ASTRA,5,E01024075,0,1
2024302400829,2024,302400829,2,9,0,3,3,4,8,0,0,2,0,0,0,0,2,1,1,1,2,23,5,1398,1,13,VAUXHALL ASTRA,3,E01019690,0,1
2024010499987,2024,010499987,1,9,0,18,19,7,3,0,0,1,0,0,0,0,3,1,1,1,2,31,6,1341,1,3,VAUXHALL ASTRA,2,E01003507,0,1
2024440555597,2024,440555597,2,9,0,18,19,8,4,0,0,1,0,0,0,0,1,1,6,6,1,34,6,1199,1,0,VAUXHALL ASTRA,10,E01022856,0,3
2024552400470,2024,552400470,1,9,0,18,19,4,8,0,0,0,0,0,0,0,1,1,6,6,1,33,6,1598,1,10,VAUXHALL ASTRA,5,E01015372,0,1
2024231535008,2024,231535008,2,9,0,-1,2,0,0,-1,0,0,0,0,0,0,2,1,-1,6,1,27,6,1399,1,7,VAUXHALL ASTRA,4,E01031060,0,1
2024320708156,2024,320708156,1,9,0,-1,-1,3,7,0,0,0,1,0,1,9,1,1,-1,-1,2,28,6,1598,1,16,VAUXHALL ASTRA,1,E01026115,0,1
2024552401431,2024,552401431,1,9,0,18,19,4,8,0,0,0,1,0,1,10,1,1,1,1,1,34,6,-1,-1,-1,VAUXHALL ASTRA,3,E01020574,0,3
2024991440473,2024,991440473,1,9,0,-1,19,8,4,-1,0,0,0,0,0,0,1,2,-1,9,2,42,7,1399,1,6,VAUXHALL ASTRA,-1,-1,0,-1
2024361422051,2024,361422051,1,9,0,-1,19,7,3,-1,0,1,0,7,0,0,1,1,-1,2,1,46,8,1796,1,16,VAUXHALL ASTRA,5,E01026651,0,1
2024320750454,2024,320750454,3,9,0,3,3,6,2,0,0,0,0,0,0,0,1,1,-1,-1,2,57,9,1598,2,7,VAUXHALL ASTRA,4,E01026174,0,3
2024201461814,2024,201461814,1,9,0,-1,19,8,4,-1,0,0,0,0,0,0,1,1,-1,6,1,25,5,1398,1,14,VAUXHALL ASTRA,2,E01010097,0,3
2024531496928,2024,531496928,3,9,0,-1,19,3,7,-1,0,1,0,0,0,0,2,1,-1,6,1,19,4,1598,1,12,VAUXHALL ASTRA,5,E01014843,0,4
2024041458572,2024,041458572,1,9,0,-1,4,1,5,-1,0,3,0,0,0,0,4,1,-1,9,1,57,9,1398,1,9,VAUXHALL ASTRA,9,E01024916,0,1
2024061511748,2024,061511748,2,9,0,-1,5,3,7,-1,0,1,0,0,0,0,1,9,-1,9,1,31,6,1399,1,8,VAUXHALL ASTRA,3,E01004832,0,1
2024520402288,2024,520402288,1,9,0,18,19,8,6,0,0,4,0,0,0,0,2,1,6,6,2,56,9,1598,2,10,VAUXHALL ASTRA,8,E01029145,0,1
2024320385926,2024,320385926,3,9,0,-1,-1,5,1,0,0,0,0,0,0,0,1,1,-1,-1,1,29,6,1399,1,6,VAUXHALL ASTRA,2,E01015654,0,4
2024201424386,2024,201424386,2,9,0,-1,5,7,3,-1,0,8,0,0,0,0,1,9,-1,9,1,24,5,1598,1,14,VAUXHALL ASTRA,2,E01009225,0,2
2024122500061,2024,122500061,2,9,0,8,8,2,5,0,0,1,0,0,0,0,3,1,6,6,2,39,7,1598,1,16,VAUXHALL ASTRA,6,E01013364,0,1
2024302400935,2024,302400935,2,9,0,2,2,0,0,0,0,0,0,0,0,0,1,1,6,6,3,-1,-1,1364,1,10,VAUXHALL ASTRA,-1,-1,0,-1
2024501409602,2024,501409602,2,9,0,-1,19,8,4,-1,0,0,0,0,0,0,1,1,-1,6,2,32,6,1398,1,11,VAUXHALL ASTRA,6,E01019971,0,2
2024471485445,2024,471485445,1,9,0,-1,19,7,3,-1,0,6,0,0,0,0,1,1,-1,9,1,32,6,1956,2,13,VAUXHALL ASTRA,9,E01031475,0,1
2024061482808,2024,061482808,2,9,0,-1,4,3,1,-1,0,1,0,0,0,0,2,1,-1,6,2,35,6,1248,2,11,VAUXHALL ASTRA,-1,-1,0,-1
2024461509871,2024,461509871,2,9,0,-1,19,5,1,-1,0,0,0,0,8,6,1,1,-1,9,2,27,6,1364,1,17,VAUXHALL ASTRA,7,E01024798,0,1
2024421485960,2024,421485960,1,9,0,-1,3,1,6,-1,0,2,0,0,0,0,1,1,-1,6,1,76,11,1956,2,11,VAUXHALL ASTRA,2,E01015844,0,1
2024221435543,2024,221435543,1,9,0,-1,9,4,2,-1,0,5,0,0,0,0,1,9,-1,6,2,33,6,999,1,8,VAUXHALL ASTRA,7,E01032249,0,1
2024131436531,2024,131436531,3,9,0,-1,19,5,1,-1,0,0,5,0,0,0,4,1,-1,9,1,30,6,1598,2,8,VAUXHALL ASTRA,3,E01011908,0,2
2024471479973,2024,471479973,1,9,0,-1,9,3,1,-1,0,8,0,0,0,0,4,1,-1,6,1,24,5,1910,2,16,VAUXHALL ASTRA,4,E01016662,0,4
2024552400298,2024,552400298,1,9,0,18,19,8,4,0,0,0,0,0,0,0,3,1,2,2,2,57,9,1956,2,12,VAUXHALL ASTRA,7,E01020359,0,2
2024461528943,2024,461528943,1,9,0,-1,19,4,8,-1,0,4,0,0,0,0,1,1,-1,6,1,69,10,1399,1,8,VAUXHALL ASTRA,7,E01024350,0,1
2024010522485,2024,010522485,2,9,0,18,19,1,5,0,0,1,0,0,0,0,0,1,6,6,1,29,6,1399,1,5,VAUXHALL ASTRA,3,E01002401,0,1
2024461413543,2024,461413543,6,9,0,-1,2,0,0,-1,0,0,0,0,0,0,2,1,-1,6,-1,-1,-1,1598,1,14,VAUXHALL ASTRA,-1,-1,0,-1
2024201461138,2024,201461138,2,9,0,-1,19,1,5,-1,0,0,0,0,0,0,1,1,-1,9,1,31,6,1364,1,16,VAUXHALL ASTRA,2,E01010104,0,1
2024211418993,2024,211418993,1,9,0,-1,19,5,1,-1,0,0,0,0,0,0,1,1,-1,6,2,46,8,1686,2,13,VAUXHALL ASTRA,-1,-1,0,-1
2024131500906,2024,131500906,1,9,0,-1,19,7,7,-1,0,0,0,0,0,0,1,1,-1,2,1,20,4,1398,1,10,VAUXHALL ASTRA,2,E01010930,0,1
2024201499409,2024,201499409,2,9,0,-1,19,1,5,-1,0,8,0,0,0,0,3,9,-1,9,1,65,9,1598,1,14,VAUXHALL ASTRA,5,E01009135,0,1
2024221489540,2024,221489540,1,9,0,-1,9,7,6,-1,0,6,0,0,0,0,1,1,-1,6,1,42,7,1598,1,10,VAUXHALL ASTRA,9,E01032413,0,1
2024010522765,2024,010522765,1,9,0,18,19,1,5,0,0,8,0,0,0,0,1,1,6,6,1,37,7,1399,1,8,VAUXHALL ASTRA,2,E01001719,0,1
2024131522496,2024,131522496,1,9,0,-1,19,7,3,-1,0,8,0,0,0,0,3,1,-1,9,1,27,6,1598,1,15,VAUXHALL ASTRA,5,E01011202,0,4
2024471395103,2024,471395103,2,9,0,-1,2,0,0,-1,0,8,0,4,0,0,2,2,-1,6,-1,-1,-1,1598,1,21,VAUXHALL ASTRA,-1,-1,0,-1
2024421458939,2024,421458939,3,9,0,-1,19,7,3,-1,0,8,0,0,0,0,0,1,-1,1,2,25,5,1598,2,6,VAUXHALL ASTRA,1,E01034095,0,1
2024010516342,2024,010516342,1,9,0,4,4,5,1,0,0,0,0,0,0,0,1,1,6,6,1,38,7,1598,1,10,VAUXHALL ASTRA,2,E01000104,0,3
2024101490422,2024,101490422,1,9,0,-1,1,1,6,-1,0,0,0,0,0,0,2,1,-1,2,2,46,8,1686,2,10,VAUXHALL ASTRA,7,E01008786,0,1
2024201511971,2024,201511971,1,9,0,-1,19,2,6,-1,0,2,0,0,0,0,1,1,-1,6,1,35,6,1399,1,8,VAUXHALL ASTRA,-1,-1,0,-1
2024041409160,2024,041409160,1,9,0,-1,5,5,1,-1,0,6,0,0,0,0,1,1,-1,9,1,56,9,1398,1,13,VAUXHALL ASTRA,1,E01034335,0,1
2024010526453,2024,010526453,2,9,0,9,9,5,3,0,0,1,0,0,0,0,3,1,6,6,1,27,6,1598,2,7,VAUXHALL ASTRA,5,E01000975,0,2
2024010489149,2024,010489149,1,9,0,18,19,1,5,0,0,1,0,0,0,0,0,1,1,1,1,31,6,1399,1,5,VAUXHALL ASTRA,4,E01004259,0,1
2024461413543,2024,461413543,4,9,0,-1,2,0,0,-1,0,0,0,4,0,0,2,1,-1,6,-1,-1,-1,1686,2,21,VAUXHALL ASTRA,-1,-1,0,-1
2024221401937,2024,221401937,2,9,0,-1,19,3,7,-1,0,0,0,0,0,0,1,1,-1,6,1,44,7,1398,1,10,VAUXHALL ASTRA,6,E01032405,0,1
2024201519624,2024,201519624,1,9,0,-1,9,8,4,-1,0,5,0,0,0,0,1,1,-1,6,1,25,5,1398,1,10,VAUXHALL ASTRA,5,E01009032,0,1
2024010508662,2024,010508662,4,9,0,4,4,3,7,0,0,1,0,0,0,0,1,1,6,6,2,61,9,1796,1,16,VAUXHALL ASTRA,4,E01003532,0,2
2024461499601,2024,461499601,1,9,0,-1,1,3,7,-1,0,1,0,0,0,0,2,1,-1,6,1,46,8,1598,1,17,VAUXHALL ASTRA,2,E01024374,0,1
2024351525540,2024,351525540,2,9,0,-1,5,2,5,-1,0,0,0,0,0,0,1,1,-1,6,2,18,4,1598,1,11,VAUXHALL ASTRA,9,E01018154,0,1
2024522403372,2024,522403372,1,9,0,9,9,6,5,0,0,5,0,0,0,0,4,1,6,6,1,29,6,1398,1,12,VAUXHALL ASTRA,1,E01014654,0,1
2024440313299,2024,440313299,2,9,0,12,12,6,2,0,0,7,0,0,0,0,2,1,2,2,2,54,8,1598,2,8,VAUXHALL ASTRA,9,E01022547,0,4
2024361533777,2024,361533777,1,9,0,-1,19,1,5,-1,0,0,0,0,1,0,1,1,-1,6,1,23,5,1598,1,16,VAUXHALL ASTRA,3,E01030234,0,4
2024461420092,2024,461420092,1,9,0,-1,19,5,8,-1,0,3,0,0,0,0,1,9,-1,6,1,77,11,1796,1,19,VAUXHALL ASTRA,7,E01027738,0,5
2024501467652,2024,501467652,1,9,0,-1,1,7,3,-1,0,1,0,0,7,10,2,1,-1,9,1,21,5,1598,1,17,VAUXHALL ASTRA,6,E01015123,0,2
2024991406815,2024,991406815,1,9,0,-1,19,5,1,-1,0,8,1,0,0,0,1,1,-1,7,2,29,6,1956,2,11,VAUXHALL ASTRA,7,-1,0,1
2024061521070,2024,061521070,1,9,0,-1,19,3,7,-1,0,0,0,0,0,0,1,1,-1,1,2,53,8,1398,1,9,VAUXHALL ASTRA,7,E01004974,0,1
2024122400387,2024,122400387,2,9,0,18,19,8,4,0,0,0,0,0,0,0,1,1,2,2,2,19,4,1399,1,5,VAUXHALL ASTRA,3,E01027833,0,1
2024010534111,2024,010534111,1,9,0,4,4,7,3,0,0,1,0,0,0,0,2,1,1,1,1,44,7,1598,1,14,VAUXHALL ASTRA,2,E01002314,0,3
2024471448105,2024,471448105,2,9,0,-1,19,1,5,-1,0,1,0,0,0,0,1,1,-1,9,2,30,6,1598,1,12,VAUXHALL ASTRA,7,E01031661,0,4
2024991453325,2024,991453325,1,9,0,-1,19,3,8,-1,0,0,0,0,1,9,1,1,-1,9,2,37,7,1598,1,13,VAUXHALL ASTRA,2,-1,0,4
2024991454869,2024,991454869,1,9,0,-1,19,3,7,-1,0,1,0,0,0,0,1,1,-1,9,1,36,7,1796,1,15,VAUXHALL ASTRA,9,-1,0,1
2024201564112,2024,201564112,2,9,0,-1,6,4,4,-1,0,6,0,0,0,0,3,1,-1,2,1,35,6,1598,1,18,VAUXHALL ASTRA,3,E01009928,0,1
2024501522449,2024,501522449,1,9,0,-1,19,4,8,-1,0,1,1,0,0,0,1,1,-1,9,1,28,6,1998,1,14,VAUXHALL ASTRA,4,E01018920,0,1
2024041479924,2024,041479924,2,9,0,-1,4,5,7,-1,0,1,0,0,0,0,4,9,-1,2,1,31,6,1598,1,12,VAUXHALL ASTRA,3,E01012685,0,1
2024201480435,2024,201480435,1,9,0,-1,5,3,7,-1,0,8,0,0,0,0,4,1,-1,6,1,20,4,1398,1,14,VAUXHALL ASTRA,-1,-1,0,-1
2024010538545,2024,010538545,2,9,0,99,99,9,9,99,99,9,9,99,9,99,9,9,6,6,1,59,9,1598,1,14,VAUXHALL ASTRA,10,E01031741,0,4
2024010524590,2024,010524590,4,9,0,18,19,3,7,0,0,1,0,0,0,0,1,1,6,6,1,31,6,1598,1,11,VAUXHALL ASTRA,7,E01030701,0,2
2024531422990,2024,531422990,1,9,0,-1,19,3,7,-1,0,1,0,0,0,0,1,1,-1,9,2,53,8,1598,2,10,VAUXHALL ASTRA,7,E01031215,0,3
2024320130912,2024,320130912,1,9,0,-1,-1,6,2,0,0,0,0,0,7,0,1,1,6,6,2,32,6,1956,2,10,VAUXHALL ASTRA,3,E01026017,0,4
2024061461675,2024,061461675,2,9,0,-1,-1,-1,-1,-1,-1,0,-1,-1,-1,0,0,9,-1,6,3,-1,-1,1399,1,5,VAUXHALL ASTRA,-1,-1,0,-1
2024361423245,2024,361423245,1,9,0,-1,19,7,3,-1,0,1,0,0,0,0,1,1,-1,2,2,38,7,1910,2,17,VAUXHALL ASTRA,1,E01026624,0,1
2024010520215,2024,010520215,1,9,0,13,13,5,1,0,0,1,0,0,0,0,1,1,6,6,1,22,5,1199,1,1,VAUXHALL ASTRA,4,E01002795,0,1
2024361442113,2024,361442113,1,9,0,-1,5,2,6,-1,0,4,0,0,0,0,1,1,-1,6,1,64,9,1598,2,5,VAUXHALL ASTRA,1,E01026848,0,1
2024421461931,2024,421461931,1,9,0,-1,19,7,3,-1,0,0,0,0,1,0,1,1,-1,9,1,56,9,1796,1,19,VAUXHALL ASTRA,3,E01002776,0,4
2024041424019,2024,041424019,1,9,0,-1,19,5,1,-1,0,0,0,0,0,0,3,1,-1,6,1,-1,-1,1686,2,19,VAUXHALL ASTRA,1,E01012655,0,1
2024461469413,2024,461469413,2,9,0,-1,-1,-1,-1,-1,-1,0,-1,-1,-1,0,3,9,-1,9,1,20,4,1796,1,16,VAUXHALL ASTRA,7,E01024721,0,1
2024101488302,2024,101488302,2,9,0,-1,19,1,5,-1,0,8,0,0,0,0,1,1,-1,6,1,52,8,1398,1,11,VAUXHALL ASTRA,7,E01004681,0,5
2024231469662,2024,231469662,1,9,0,-1,19,6,8,-1,0,0,0,0,0,0,1,1,-1,6,1,19,4,1598,1,14,VAUXHALL ASTRA,3,E01032292,0,4
2024451428392,2024,451428392,2,9,0,-1,1,1,5,-1,0,0,0,0,0,0,2,9,-1,6,3,34,6,1399,1,7,VAUXHALL ASTRA,-1,-1,0,-1
2024430426156,2024,430426156,2,9,0,9,9,4,2,0,0,6,0,0,0,0,1,1,6,6,1,-1,-1,1598,1,19,VAUXHALL ASTRA,-1,-1,0,-1
2024440407813,2024,440407813,2,9,0,2,2,0,0,0,0,2,0,0,0,0,2,1,6,6,1,55,8,1499,2,1,VAUXHALL ASTRA,-1,-1,0,-1
2024010550667,2024,010550667,5,9,0,18,19,7,3,0,0,0,0,0,0,0,1,1,6,6,1,22,5,1399,1,7,VAUXHALL ASTRA,-1,-1,0,-1
2024371406844,2024,371406844,1,9,0,-1,7,3,7,-1,0,5,0,0,0,0,4,1,-1,9,2,26,6,1398,1,11,VAUXHALL ASTRA,2,E01026601,0,3
2024371487426,2024,371487426,3,9,0,-1,19,7,3,-1,0,0,0,0,0,0,3,1,-1,1,1,34,6,1598,8,2,VAUXHALL ASTRA,6,E01018042,0,4
2024471521817,2024,471521817,1,9,0,-1,19,4,8,-1,0,1,0,0,0,0,1,1,-1,2,2,38,7,1796,1,19,VAUXHALL ASTRA,7,E01020970,0,1
2024520401947,2024,520401947,2,9,0,17,19,6,2,0,0,0,0,0,0,0,1,1,6,6,1,53,8,-1,-1,-1,VAUXHALL ASTRA,8,E01029188,0,3
2024320198696,2024,320198696,2,9,0,3,3,4,8,0,0,2,0,0,0,0,2,1,-1,-1,2,64,9,1398,1,11,VAUXHALL ASTRA,3,E01003089,0,5
2024010541078,2024,010541078,1,9,0,14,14,7,3,0,0,1,0,4,3,0,1,1,6,6,3,-1,-1,1598,1,20,VAUXHALL ASTRA,-1,-1,0,-1
2024451403568,2024,451403568,1,9,0,-1,15,4,8,-1,0,1,0,0,0,0,1,1,-1,6,1,29,6,1796,1,18,VAUXHALL ASTRA,4,E01031610,0,2
2024010547214,2024,010547214,1,9,0,9,9,4,3,0,0,8,0,0,0,0,3,1,6,6,1,30,6,1399,1,8,VAUXHALL ASTRA,3,E01033945,0,1
2024201418359,2024,201418359,1,9,0,-1,19,5,1,-1,0,0,0,0,0,0,1,1,-1,6,1,59,9,1956,2,9,VAUXHALL ASTRA,3,E01010538,0,2
2024320136422,2024,320136422,1,9,0,-1,-1,7,4,0,0,3,0,0,0,0,3,1,6,6,1,37,7,1686,2,10,VAUXHALL ASTRA,4,E01026253,0,3
2024411477265,2024,411477265,2,9,0,-1,19,1,5,-1,0,8,1,0,0,0,1,1,-1,6,3,-1,-1,1364,1,10,VAUXHALL ASTRA,-1,-1,0,-1
2024430514360,2024,430514360,2,9,0,9,9,1,7,0,0,5,0,0,0,0,1,1,6,6,3,-1,-1,1598,1,19,VAUXHALL ASTRA,-1,-1,0,-1
2024552400734,2024,552400734,1,9,0,18,19,5,1,0,0,5,0,0,0,0,1,1,6,6,3,-1,-1,1398,1,13,VAUXHALL ASTRA,-1,-1,0,-1
2024041477955,2024,041477955,2,9,0,-1,5,3,7,-1,0,8,0,0,0,0,1,1,-1,6,1,74,10,1398,1,12,VAUXHALL ASTRA,1,E01012603,0,1
2024201424816,2024,201424816,1,9,0,-1,12,4,8,-1,0,0,0,0,0,0,1,9,-1,6,2,41,7,1686,2,18,VAUXHALL ASTRA,2,E01010503,0,1
2024010529813,2024,010529813,1,9,0,9,9,3,2,0,0,8,0,0,0,0,1,1,2,2,2,20,4,999,1,7,VAUXHALL ASTRA,2,E01002508,0,1
2024461416604,2024,461416604,2,9,-1,-1,-1,4,1,-1,-1,0,-1,-1,-1,0,-1,1,-1,6,1,28,6,1598,1,19,VAUXHALL ASTRA,4,E01016141,0,1
2024131485523,2024,131485523,2,9,0,-1,19,3,7,-1,0,8,0,0,3,1,4,1,-1,9,1,65,9,1598,2,10,VAUXHALL ASTRA,4,E01008144,0,4
2024471438424,2024,471438424,2,9,0,-1,8,7,1,-1,0,6,0,0,0,0,1,1,-1,6,1,57,9,-1,-1,-1,VAUXHALL ASTRA,8,E01031840,0,1
2024311408414,2024,311408414,2,9,0,-1,13,6,2,-1,0,0,0,0,0,0,2,1,-1,6,2,30,6,1398,1,12,VAUXHALL ASTRA,1,E01013884,0,1
2024991474595,2024,991474595,2,9,0,-1,19,8,3,-1,0,0,0,0,0,0,4,1,-1,9,1,64,9,1598,1,14,VAUXHALL ASTRA,1,-1,0,1
2024501476566,2024,501476566,1,9,0,-1,4,5,1,-1,0,0,0,0,0,0,0,1,-1,9,1,45,7,1598,1,11,VAUXHALL ASTRA,10,-1,0,5
2024061481089,2024,061481089,2,9,0,-1,1,-1,-1,-1,0,5,0,0,0,0,2,1,-1,6,1,44,7,1686,2,14,VAUXHALL ASTRA,4,E01005208,0,1
2024520403160,2024,520403160,1,9,0,18,19,8,4,0,0,0,0,0,0,0,1,1,6,6,2,40,7,1364,1,14,VAUXHALL ASTRA,2,E01029110,0,2
2024461536277,2024,461536277,1,9,0,-1,19,3,5,-1,0,0,0,0,0,0,1,9,-1,6,1,33,6,1598,1,13,VAUXHALL ASTRA,-1,-1,0,-1
2024010545010,2024,010545010,6,9,0,18,19,7,3,0,0,2,0,0,0,0,0,1,6,6,1,31,6,1341,1,4,VAUXHALL ASTRA,-1,-1,0,-1
2024522500114,2024,522500114,3,9,0,3,3,7,3,0,0,0,0,0,0,0,3,1,6,6,1,65,9,1362,1,11,VAUXHALL ASTRA,7,E01014611,0,3
2024991426966,2024,991426966,3,9,0,-1,19,6,2,-1,0,1,0,0,0,0,3,1,-1,9,1,26,6,1199,1,3,VAUXHALL ASTRA,2,-1,0,1
2024010525594,2024,010525594,1,9,0,9,9,3,8,0,0,8,0,0,0,0,1,1,6,6,2,43,7,1598,1,12,VAUXHALL ASTRA,6,E01003664,0,1
2024332400007,2024,332400007,1,9,0,-1,19,1,5,-1,0,0,0,0,0,0,1,1,-1,6,3,-1,-1,-1,-1,-1,VAUXHALL ASTRA,-1,-1,0,-1
2024161486936,2024,161486936,1,9,0,-1,19,1,5,-1,0,1,0,0,0,0,1,1,-1,6,2,22,5,1686,2,10,VAUXHALL ASTRA,9,E01026401,0,3
2024010541459,2024,010541459,1,9,0,7,7,5,7,0,0,3,0,9,0,0,1,1,6,6,3,-1,-1,1796,1,17,VAUXHALL ASTRA,-1,-1,0,-1
2024332400677,2024,332400677,1,9,0,-1,19,6,2,-1,0,8,0,0,0,0,1,1,-1,6,3,-1,-1,1956,2,13,VAUXHALL ASTRA,-1,-1,0,-1
2024991533575,2024,991533575,1,9,0,-1,19,3,6,-1,0,1,0,0,7,0,1,1,-1,6,2,33,6,1399,1,8,VAUXHALL ASTRA,1,-1,0,1
2024010532553,2024,010532553,1,9,0,6,6,1,1,6,6,6,0,0,0,0,2,1,6,6,1,41,7,1364,1,14,VAUXHALL ASTRA,3,E01001731,0,1
2024430203991,2024,430203991,2,9,0,18,19,1,5,0,0,4,0,0,0,0,3,1,6,6,2,49,8,1399,1,5,VAUXHALL ASTRA,7,E01016288,0,3
2024332400639,2024,332400639,1,9,0,-1,5,6,2,-1,0,3,0,0,4,2,3,1,-1,2,2,38,7,1598,2,8,VAUXHALL ASTRA,1,E01013640,0,1
2024991408203,2024,991408203,1,9,0,-1,19,6,2,-1,0,0,5,0,1,10,4,1,-1,2,1,43,7,1686,2,10,VAUXHALL ASTRA,4,-1,0,3
2024141402660,2024,141402660,1,9,0,-1,19,4,8,-1,0,1,0,0,0,0,1,1,-1,9,1,26,6,1598,2,6,VAUXHALL ASTRA,1,E01008013,0,1
2024041451820,2024,041451820,2,9,0,-1,9,3,1,-1,0,8,0,0,0,0,4,1,-1,1,1,33,6,1362,1,12,VAUXHALL ASTRA,5,E01012616,0,1
2024111531597,2024,111531597,1,9,0,-1,8,3,7,-1,0,0,1,0,0,0,1,1,-1,9,1,34,6,1598,1,13,VAUXHALL ASTRA,4,E01012300,0,3
2024052400135,2024,052400135,2,9,0,18,19,1,5,0,0,1,0,0,0,0,1,1,6,6,1,26,6,1686,2,13,VAUXHALL ASTRA,1,E01006863,0,1
2024332401119,2024,332401119,1,9,0,-1,19,5,1,-1,0,0,0,0,0,0,1,1,-1,6,1,23,5,1910,2,16,VAUXHALL ASTRA,6,E01025657,0,1
2024552401137,2024,552401137,2,9,0,18,19,6,2,0,0,8,0,0,0,0,3,1,6,6,1,77,11,1199,1,4,VAUXHALL ASTRA,10,E01031700,0,5
2024545671624,2024,545671624,1,9,0,9,9,5,2,0,0,4,0,0,0,0,1,1,6,6,1,56,9,1399,1,5,VAUXHALL ASTRA,10,E01015518,0,1
2024340WN2052,2024,340WN2052,1,9,0,-1,9,3,1,-1,0,6,0,0,0,0,1,1,-1,6,3,-1,-1,1598,1,19,VAUXHALL ASTRA,-1,-1,0,-1
2024010522435,2024,010522435,2,9,0,99,99,9,9,99,99,9,9,99,9,99,9,9,6,6,3,-1,-1,1399,1,8,VAUXHALL ASTRA,2,E01004298,0,2
2024371455697,2024,371455697,2,9,0,-1,2,0,0,-1,0,0,0,0,0,0,3,1,-1,6,-1,-1,-1,1956,2,12,VAUXHALL ASTRA,-1,-1,0,-1
2024141480183,2024,141480183,5,9,0,-1,2,0,0,-1,0,0,0,0,0,0,2,1,-1,6,-1,-1,-1,1399,1,7,VAUXHALL ASTRA,-1,-1,0,-1
2024520402033,2024,520402033,1,9,0,99,99,9,9,0,0,8,0,0,0,0,2,1,6,6,2,28,6,1910,2,14,VAUXHALL ASTRA,2,E01029112,0,1
2024351507867,2024,351507867,1,5,0,-1,19,1,5,-1,0,1,0,0,0,0,1,1,-1,6,1,33,6,397,1,8,-1,1,E01015637,0,2
2024991499315,2024,991499315,1,9,0,-1,19,7,3,-1,0,0,0,0,0,0,4,1,-1,6,3,30,6,2698,2,17,-1,-1,-1,0,-1
2024221422000,2024,221422000,1,9,0,-1,4,7,3,-1,0,1,0,0,0,0,1,9,-1,6,1,19,4,2698,2,17,-1,-1,-1,0,-1
2024161523007,2024,161523007,1,9,0,-1,19,1,5,-1,0,4,0,0,1,11,1,1,-1,6,1,19,4,2969,2,17,-1,1,E01013299,0,1
2024471448356,2024,471448356,1,9,0,-1,19,6,3,-1,0,8,0,0,0,0,1,2,-1,9,2,28,6,1968,2,12,AUDI Q5,4,E01031594,0,1
2024552401513,2024,552401513,3,9,0,17,19,7,4,0,0,8,0,0,0,0,2,1,6,6,1,44,7,1968,2,5,AUDI Q5,10,E01020386,0,2
2024421421155,2024,421421155,2,9,0,-1,19,3,7,-1,0,0,0,0,0,0,1,1,-1,2,1,57,9,1968,2,4,AUDI Q5,8,E01021568,0,2
2024131455232,2024,131455232,1,9,0,-1,5,1,5,-1,0,6,0,0,0,0,4,1,-1,6,2,30,6,1968,2,8,AUDI Q5,8,E01011200,0,1