collision_index,collision_year,collision_ref_no,vehicle_reference,vehicle_type,towing_and_articulation,vehicle_manoeuvre_historic,vehicle_manoeuvre,vehicle_direction_from,vehicle_direction_to,vehicle_location_restricted_lane_historic,vehicle_location_restricted_lane,junction_location,skidding_and_overturning,hit_object_in_carriageway,vehicle_leaving_carriageway,hit_object_off_carriageway,first_point_of_impact,vehicle_left_hand_drive,journey_purpose_of_driver_historic,journey_purpose_of_driver,sex_of_driver,age_of_driver,age_band_of_driver,engine_capacity_cc,propulsion_code,age_of_vehicle,generic_make_model,driver_imd_decile,lsoa_of_driver,escooter_flag,driver_distance_banding
2024131403551,2024,131403551,2,9,0,-1,2,0,0,-1,0,0,0,0,0,0,2,1,-1,6,-1,-1,-1,1968,2,6,AUDI Q5,-1,-1,0,-1
2024361409599,2024,361409599,1,9,0,-1,9,1,1,-1,0,8,0,0,0,0,4,9,-1,9,1,41,7,2967,2,14,AUDI Q5,6,E01026664,0,1
2024451525189,2024,451525189,3,9,0,-1,19,7,3,-1,0,0,0,0,0,0,2,1,-1,2,1,36,7,1968,2,8,AUDI Q5,10,E01030948,0,1
2024122500077,2024,122500077,1,9,0,18,19,5,1,0,0,0,0,0,0,0,3,1,6,6,3,-1,-1,1984,1,2,AUDI Q5,-1,-1,0,-1
2024311410995,2024,311410995,2,9,0,-1,10,1,5,-1,0,1,0,0,0,0,0,1,-1,6,2,40,7,1968,2,13,AUDI Q5,-1,-1,0,-1
2024522401320,2024,522401320,1,9,0,2,2,0,0,0,0,0,0,0,0,0,2,1,6,6,2,50,8,1968,2,14,AUDI Q5,4,E01014495,0,1
2024010489055,2024,010489055,3,9,0,2,2,0,0,0,0,2,0,0,1,0,2,1,6,6,3,-1,-1,1984,1,2,AUDI Q5,-1,-1,0,-1
2024041518885,2024,041518885,4,9,0,-1,2,0,0,-1,0,0,0,0,0,0,2,1,-1,6,-1,-1,-1,1984,1,1,AUDI Q5,-1,-1,0,-1
202417M306724,2024,17M306724,1,9,0,-1,19,7,3,-1,0,8,0,0,0,0,1,1,-1,9,1,50,8,1968,2,3,AUDI Q5,8,E01012032,0,1
2024543092324,2024,543092324,2,9,0,18,19,8,4,0,0,0,0,0,0,0,1,1,6,6,1,55,8,1968,2,10,AUDI Q5,7,E01033861,0,1
2024122400598,2024,122400598,3,9,0,10,10,3,1,0,0,2,0,0,0,0,1,1,6,6,1,67,10,1984,1,2,AUDI Q5,8,E01027644,0,2
2024061530421,2024,061530421,1,9,0,-1,2,0,0,-1,0,1,0,0,0,0,1,1,-1,6,1,73,10,1968,2,11,AUDI Q5,-1,-1,0,-1
202417M114724,2024,17M114724,2,9,0,-1,19,7,2,-1,0,1,0,0,0,0,1,1,-1,9,1,-1,-1,2967,2,10,AUDI Q5,-1,-1,0,-1
2024211400164,2024,211400164,2,9,0,-1,19,6,2,-1,0,0,0,0,0,0,1,9,-1,6,1,75,10,1984,1,3,AUDI Q5,-1,-1,0,-1
2024361426741,2024,361426741,4,9,0,-1,19,3,7,-1,0,0,0,0,0,0,1,9,-1,9,1,41,7,1968,2,8,AUDI Q5,5,E01026892,0,4
2024061452983,2024,061452983,2,9,0,-1,19,2,6,-1,0,1,0,0,0,0,3,1,-1,9,1,56,9,1984,8,1,AUDI Q5,8,E01005574,0,1
2024440206503,2024,440206503,1,9,0,9,9,3,1,0,0,8,0,0,7,1,1,1,3,7,1,37,7,1968,2,11,AUDI Q5,3,E01017220,0,1
2024461473168,2024,461473168,2,9,0,-1,4,3,7,-1,0,0,0,0,0,0,2,1,-1,9,1,36,7,1984,8,4,AUDI Q5,7,E01024158,0,3
2024010521789,2024,010521789,2,9,0,99,99,9,9,99,99,9,9,99,9,99,2,9,2,2,2,47,8,1968,2,9,AUDI Q5,4,E01002444,0,1
2024061429793,2024,061429793,2,9,-1,-1,-1,-1,-1,-1,-1,-1,-1,-1,-1,0,-1,9,-1,6,3,-1,-1,1968,2,6,AUDI Q5,-1,-1,0,-1
2024421424797,2024,421424797,1,9,0,-1,19,7,3,-1,0,4,0,0,0,0,1,9,-1,6,1,55,8,1968,2,4,AUDI Q5,-1,-1,0,-1
2024211488606,2024,211488606,2,9,0,-1,9,0,0,-1,0,0,0,0,0,0,1,1,-1,2,2,20,4,1968,2,0,AUDI Q5,9,E01009816,0,1
2024421461068,2024,421461068,3,9,0,-1,10,4,8,-1,0,0,0,0,0,0,2,1,-1,9,2,33,6,1968,2,5,AUDI Q5,9,E01021428,0,1
2024451453795,2024,451453795,2,9,0,-1,10,1,5,-1,0,6,0,0,0,0,3,1,-1,6,2,44,7,1984,8,2,AUDI Q5,10,E01030369,0,1
2024201535635,2024,201535635,2,9,0,-1,19,2,6,-1,0,8,0,0,0,0,1,1,-1,6,-1,-1,-1,2967,2,9,AUDI Q5,-1,-1,0,-1
2024991413097,2024,991413097,2,9,0,-1,19,6,2,-1,0,8,0,0,0,0,3,1,-1,2,1,34,6,1968,2,10,AUDI Q5,4,-1,0,3
2024440079254,2024,440079254,2,9,0,3,3,7,3,0,0,8,0,0,0,0,2,1,6,6,2,43,7,1968,2,9,AUDI Q5,7,E01022627,0,3
2024010532089,2024,010532089,2,9,0,18,19,7,3,0,0,8,0,0,0,0,1,1,6,6,2,46,8,1984,1,3,AUDI Q5,10,E01000263,0,1
2024501441481,2024,501441481,2,9,0,-1,3,5,1,-1,0,0,0,0,0,0,2,9,-1,6,2,58,9,2967,2,11,AUDI Q5,5,E01018833,0,2
2024131486407,2024,131486407,1,9,0,-1,19,5,1,-1,0,0,0,0,0,0,1,1,-1,6,1,55,8,1984,1,9,AUDI Q5,2,E01034001,0,4
2024361500751,2024,361500751,2,9,0,-1,4,8,4,-1,0,0,0,0,0,0,2,1,-1,9,2,32,6,1968,2,6,AUDI Q5,4,E01026759,0,4
2024010532926,2024,010532926,1,9,0,9,9,5,3,0,0,8,0,0,0,0,3,1,6,6,3,-1,-1,1984,1,7,AUDI Q5,-1,-1,0,-1
2024451447331,2024,451447331,1,9,0,-1,19,1,4,-1,0,4,0,0,0,0,1,1,-1,9,2,38,7,1968,2,6,AUDI Q5,4,E01034287,0,1
2024501430517,2024,501430517,2,9,0,-1,19,7,3,-1,0,0,0,0,0,0,1,1,-1,6,1,86,11,1968,2,11,AUDI Q5,5,E01018757,0,4
2024461456934,2024,461456934,1,9,0,-1,19,3,7,-1,0,0,0,0,0,0,2,1,-1,9,1,65,9,1968,2,10,AUDI Q5,10,E01017763,0,5
2024991401422,2024,991401422,4,9,0,-1,19,5,1,-1,0,0,0,0,0,0,1,1,-1,6,1,36,7,1968,2,9,AUDI Q5,1,-1,0,2
2024010534466,2024,010534466,5,9,0,18,19,1,5,0,0,0,0,0,0,0,1,1,6,6,1,29,6,1984,1,6,AUDI Q5,-1,-1,0,-1
2024010516894,2024,010516894,1,9,0,18,19,1,5,0,0,9,0,99,0,0,2,1,6,6,3,-1,-1,1968,2,5,AUDI Q5,-1,-1,0,-1
2024991453224,2024,991453224,1,9,0,-1,19,7,3,-1,0,0,0,0,0,0,3,1,-1,9,1,67,10,1968,2,13,AUDI Q5,6,-1,0,1
2024351498475,2024,351498475,1,9,0,-1,9,7,5,-1,0,1,0,0,0,0,3,1,-1,6,2,24,5,1984,1,5,AUDI Q5,6,E01015688,0,1
2024010533746,2024,010533746,2,9,0,99,99,9,9,99,99,0,9,99,9,99,1,9,6,6,3,-1,-1,1984,1,15,AUDI Q5,-1,-1,0,-1
2024010520112,2024,010520112,1,9,0,3,3,9,9,99,99,9,9,99,9,99,2,9,6,6,1,32,6,1968,2,12,AUDI Q5,4,E01002580,0,1
2024010525846,2024,010525846,2,9,9,99,99,9,9,99,99,9,9,99,9,99,1,9,6,6,3,-1,-1,1984,8,1,AUDI Q5,-1,-1,0,-1
202460Q195462,2024,60Q195462,1,9,0,1,1,7,3,0,0,1,0,0,0,0,2,1,6,6,1,-1,-1,2967,2,15,AUDI Q5,-1,-1,0,-1
2024211516544,2024,211516544,2,9,0,-1,19,7,7,-1,0,0,0,10,0,0,3,1,-1,7,2,39,7,1968,2,10,AUDI Q5,7,E01029463,0,1
2024061473552,2024,061473552,2,9,0,-1,3,5,7,-1,0,0,0,0,0,0,2,1,-1,6,1,34,6,1968,2,5,AUDI Q5,2,E01025397,0,3
2024421536355,2024,421536355,1,9,0,-1,2,-1,-1,-1,99,0,0,4,0,0,4,1,-1,6,2,31,6,1984,1,5,AUDI Q5,4,E01021840,0,1
2024010549887,2024,010549887,1,9,0,9,9,3,1,0,0,5,0,0,0,0,3,1,6,6,1,42,7,1984,8,3,AUDI Q5,-1,-1,0,-1
2024131521738,2024,131521738,1,9,0,-1,7,8,2,-1,0,6,0,0,0,0,4,1,-1,9,2,56,9,1968,2,9,AUDI Q5,6,E01010639,0,1
2024010528485,2024,010528485,1,9,0,3,3,1,5,0,0,2,0,0,0,0,2,1,6,6,1,40,7,1984,1,6,AUDI Q5,1,E01001545,0,3
2024340NN0142,2024,340NN0142,1,9,0,-1,5,2,6,-1,0,6,0,0,0,0,1,1,-1,9,1,68,10,1968,2,1,AUDI Q5,9,E01027108,0,1
2024991484449,2024,991484449,1,9,0,-1,19,2,7,-1,0,1,1,0,0,0,2,1,-1,9,1,73,10,1968,2,0,AUDI Q5,-1,-1,0,-1
2024070941915,2024,070941915,2,9,0,-1,9,5,7,-1,0,8,0,0,0,0,4,1,-1,1,1,56,9,1984,8,2,AUDI Q5,8,E01018636,0,1
2024141494072,2024,141494072,2,9,0,-1,2,0,0,-1,0,2,0,4,0,0,3,1,-1,6,1,65,9,1968,2,10,AUDI Q5,1,E01007946,0,1
2024010535055,2024,010535055,1,9,0,9,9,7,5,0,0,2,0,0,0,0,1,1,6,6,1,70,10,1984,1,3,AUDI Q5,-1,-1,0,-1
2024340WN6322,2024,340WN6322,1,9,0,-1,19,7,3,-1,0,0,0,0,0,0,1,1,-1,9,2,23,5,1968,2,5,AUDI Q5,10,E01032983,0,1
202454F365624,2024,54F365624,1,9,0,5,5,0,2,0,0,0,0,0,0,0,4,1,6,6,1,77,11,1984,1,5,AUDI Q5,8,E01035714,0,5
2024211423008,2024,211423008,3,9,0,-1,19,3,7,-1,0,0,0,0,0,0,1,1,-1,6,1,52,8,1968,2,12,AUDI Q5,5,E01029449,0,1
2024031393713,2024,031393713,2,9,0,-1,5,4,8,-1,0,1,0,0,0,0,4,1,-1,9,1,54,8,1968,2,2,AUDI Q5,7,E01019240,0,1
2024401507595,2024,401507595,1,9,-1,-1,-1,-1,-1,-1,-1,0,-1,-1,-1,0,-1,9,-1,6,1,-1,-1,1968,2,11,AUDI Q5,-1,-1,0,-1
2024061456141,2024,061456141,2,9,0,-1,9,8,1,-1,0,0,0,0,0,0,4,1,-1,6,1,24,5,1968,2,5,AUDI Q5,3,E01004941,0,1
2024461443865,2024,461443865,2,9,0,-1,19,3,7,-1,0,0,0,0,0,0,1,1,-1,2,1,31,6,1968,2,8,AUDI Q5,5,E01024595,0,1
202417M318224,2024,17M318224,1,9,0,-1,19,1,5,-1,0,0,0,0,0,0,1,1,-1,2,1,38,7,1984,1,2,AUDI Q5,9,E01012203,0,2
2024010534273,2024,010534273,2,9,0,99,99,9,9,99,99,9,9,99,9,99,1,9,6,6,3,-1,-1,1968,2,6,AUDI Q5,-1,-1,0,-1
2024131524895,2024,131524895,1,9,0,-1,5,5,1,-1,0,0,0,0,0,0,2,1,-1,9,2,45,7,1968,2,8,AUDI Q5,8,E01011514,0,1
2024622400787,2024,622400787,2,9,0,18,19,3,1,0,0,8,0,0,0,0,3,1,2,2,1,66,10,1984,1,3,AUDI Q5,4,W01000887,0,1
2024070000131,2024,070000131,2,9,0,-1,19,8,4,-1,0,0,0,0,0,0,2,1,-1,9,1,41,7,1968,2,1,AUDI Q5,9,W01001994,0,5
2024340WN4372,2024,340WN4372,1,9,0,-1,9,3,1,-1,0,6,0,0,0,0,1,1,-1,1,1,32,6,1984,8,3,AUDI Q5,7,E01027221,0,3
2024161414745,2024,161414745,2,9,0,-1,19,2,6,-1,0,0,1,0,0,0,1,1,-1,2,2,34,6,1984,8,1,AUDI Q5,3,E01007676,0,4
2024552401477,2024,552401477,2,9,0,18,19,8,4,0,0,8,0,0,0,0,1,1,2,2,1,71,10,1984,1,6,AUDI Q5,7,E01015436,0,1
2024302401403,2024,302401403,1,9,0,9,9,4,3,0,0,5,0,0,0,0,3,1,2,2,1,48,8,1984,1,6,AUDI Q5,3,E01019665,0,1
2024010547633,2024,010547633,2,9,0,99,99,9,9,99,99,9,9,99,9,99,1,9,6,6,1,56,9,1984,1,2,AUDI Q5,10,E01000353,0,1
2024501457533,2024,501457533,2,9,0,-1,19,1,5,-1,0,0,1,0,0,0,1,1,-1,9,1,32,6,1984,1,9,AUDI Q5,7,E01015223,0,4
2024010549575,2024,010549575,1,9,0,-1,-1,5,1,2,2,1,0,0,7,0,1,1,6,6,1,28,6,1968,2,2,AUDI Q5,-1,-1,0,-1
2024041485197,2024,041485197,1,9,0,-1,19,7,3,-1,0,0,0,0,0,0,1,1,-1,9,1,59,9,1968,2,7,AUDI Q5,9,E01025595,0,2
2024451534513,2024,451534513,1,9,0,-1,19,3,7,-1,0,8,0,0,0,0,3,1,-1,9,1,55,8,1984,1,7,AUDI Q5,7,E01030621,0,1
2024010522687,2024,010522687,3,9,0,2,2,0,0,6,6,1,0,0,0,0,3,1,6,6,3,-1,-1,1984,8,3,AUDI Q5,-1,-1,0,-1
2024440031500,2024,440031500,2,9,0,3,3,8,4,0,0,0,0,0,0,0,2,1,6,6,1,62,9,1984,1,7,AUDI Q5,5,E01023026,0,1
2024401492952,2024,401492952,1,9,0,-1,3,5,1,-1,0,2,0,0,0,0,3,1,-1,6,1,29,6,1984,1,4,AUDI Q5,8,E01034417,0,1
2024440523135,2024,440523135,3,9,0,18,19,1,5,0,0,0,0,0,0,0,1,1,6,6,2,56,9,1968,2,1,AUDI Q5,8,E01023170,0,1
2024531484482,2024,531484482,2,9,0,-1,19,8,4,-1,0,8,0,0,0,0,3,1,-1,2,2,36,7,1968,2,7,AUDI Q5,10,E01022317,0,1
2024010553542,2024,010553542,2,9,0,99,99,9,9,99,99,9,9,99,9,99,1,9,6,6,3,56,9,1968,2,5,AUDI Q5,4,E01002241,0,1
2024061434336,2024,061434336,2,9,0,-1,19,2,6,-1,0,1,0,0,0,0,3,1,-1,6,2,26,6,1968,2,2,AUDI Q5,4,E01005850,0,3
2024411502045,2024,411502045,2,9,0,-1,4,7,3,-1,0,0,0,0,0,0,2,9,-1,7,2,45,7,1984,8,4,AUDI Q5,10,E01017762,0,1
2024520402032,2024,520402032,1,9,0,9,9,3,7,0,0,8,0,0,0,0,3,1,6,6,1,68,10,1984,1,2,AUDI Q5,7,E01035108,0,2
2024010504486,2024,010504486,1,9,0,18,19,7,3,0,0,1,0,0,0,0,3,1,6,6,1,31,6,1968,2,5,AUDI Q5,2,E01003046,0,1
2024211406328,2024,211406328,1,9,4,-1,19,8,4,-1,0,2,0,0,7,0,3,1,-1,7,1,34,6,1968,2,10,AUDI Q5,-1,-1,0,-1
2024010531269,2024,010531269,1,9,0,3,3,5,1,0,0,0,0,0,0,0,2,1,1,1,1,56,9,1984,1,2,AUDI Q5,10,E01001124,0,2
2024010510969,2024,010510969,2,9,0,99,99,9,9,99,99,9,9,99,9,99,9,9,6,6,3,-1,-1,1968,2,3,AUDI Q5,7,E01004626,0,1
2024430466979,2024,430466979,1,9,0,2,2,0,0,0,0,0,0,0,0,0,2,1,6,6,2,59,9,1968,2,0,AUDI Q5,7,E01034468,0,1
2024201430730,2024,201430730,1,9,0,-1,2,0,0,-1,0,0,0,0,0,0,1,1,-1,9,-1,43,7,1968,2,13,AUDI Q5,8,E01009686,0,1
2024141473895,2024,141473895,2,9,0,-1,4,2,6,-1,0,1,0,0,0,0,1,1,-1,9,2,60,9,1968,2,12,AUDI Q5,1,E01007652,0,3
2024451520209,2024,451520209,4,9,0,-1,2,0,0,-1,9,1,0,0,0,0,0,1,-1,6,-1,-1,-1,1984,1,5,AUDI Q5,-1,-1,0,-1
2024430352930,2024,430352930,1,9,0,18,19,7,3,0,0,0,0,0,0,0,1,1,6,6,2,42,7,1984,1,5,AUDI Q5,6,E01017808,0,2
2024302400777,2024,302400777,1,9,0,18,19,1,5,0,0,0,2,0,7,2,3,1,6,6,1,36,7,1984,8,3,AUDI Q5,2,E01013585,0,1
2024041508847,2024,041508847,2,9,0,-1,19,2,6,-1,0,0,0,0,1,0,1,1,-1,9,2,32,6,1968,2,9,AUDI Q5,9,E01024966,0,2
2024211480876,2024,211480876,2,9,0,-1,4,3,7,-1,0,1,0,0,0,0,1,1,-1,2,2,35,6,1984,1,6,AUDI Q5,-1,-1,0,-1
2024031455354,2024,031455354,1,9,0,-1,19,6,1,-1,0,5,0,6,0,0,1,1,-1,6,1,27,6,1968,2,8,AUDI Q5,5,E01019338,0,4
2024552400368,2024,552400368,2,9,0,3,3,6,2,0,0,8,0,0,0,0,2,1,2,2,2,50,8,1968,2,0,AUDI Q5,7,E01015428,0,3
2024991458010,2024,991458010,1,9,0,-1,19,3,6,-1,0,1,0,0,0,0,1,1,-1,1,2,34,6,1968,2,8,AUDI Q5,8,-1,0,4
2024052402603,2024,052402603,2,9,0,18,19,8,4,0,0,1,0,0,0,0,2,1,6,6,1,35,6,1968,2,9,AUDI Q5,1,E01007139,0,1
2024421532919,2024,421532919,2,9,0,-1,99,-1,-1,-1,99,0,9,99,9,99,3,1,-1,6,2,31,6,1968,2,12,AUDI Q5,1,E01021324,0,1
2024401529182,2024,401529182,1,9,0,-1,-1,-1,-1,-1,-1,0,-1,-1,-1,0,-1,9,-1,6,3,-1,-1,1968,2,8,AUDI Q5,-1,-1,0,-1
2024122400778,2024,122400778,2,9,0,18,19,8,4,0,0,8,1,0,7,0,1,1,6,6,2,44,7,1968,2,14,AUDI Q5,4,E01027803,0,1
2024211490947,2024,211490947,1,9,0,-1,19,3,6,-1,0,1,0,0,0,0,1,1,-1,9,2,46,8,1968,2,2,AUDI Q5,9,E01029475,0,1
2024061436711,2024,061436711,1,9,0,-1,3,-1,-1,-1,0,9,0,0,0,0,1,1,-1,7,2,29,6,1968,2,9,AUDI Q5,3,E01033680,0,1
2024041418618,2024,041418618,1,9,0,-1,19,3,7,-1,0,1,0,0,0,0,1,1,-1,9,1,36,7,1968,2,13,AUDI Q5,3,E01024892,0,1
2024231532701,2024,231532701,1,9,0,-1,19,6,2,-1,0,0,0,4,0,0,1,1,-1,9,1,50,8,1984,1,2,AUDI Q5,6,E01031229,0,1
2024131487784,2024,131487784,1,9,0,-1,19,1,3,-1,0,8,0,0,0,0,1,1,-1,9,2,47,8,1968,2,10,AUDI Q5,5,E01011648,0,1
2024041409032,2024,041409032,1,9,0,-1,19,7,3,-1,9,7,0,0,0,0,1,1,-1,1,2,44,7,1968,2,2,AUDI Q5,10,E01025253,0,4
2024320431565,2024,320431565,1,9,0,-1,-1,6,2,0,0,0,0,0,0,0,1,1,-1,-1,2,42,7,2967,2,13,AUDI Q5,2,E01026095,0,1
2024501451353,2024,501451353,1,9,0,-1,5,8,5,-1,0,6,0,0,0,0,1,1,-1,9,1,30,6,1968,2,4,AUDI Q5,5,E01000454,0,5
2024111406705,2024,111406705,2,9,0,-1,19,5,1,-1,0,0,0,0,0,0,1,1,-1,6,2,87,11,1968,2,11,AUDI Q5,5,E01034511,0,1
2024161395908,2024,161395908,1,9,0,-1,2,0,0,-1,0,0,0,0,0,0,3,9,-1,2,1,35,6,1968,2,3,AUDI Q5,7,E01033105,0,1
2024141421001,2024,141421001,4,9,0,-1,19,5,1,-1,0,0,1,0,0,0,1,1,-1,6,2,33,6,1968,2,10,AUDI Q5,3,E01007591,0,2
2024131431950,2024,131431950,2,9,0,-1,3,8,3,-1,0,0,0,10,0,0,1,1,-1,6,2,54,8,1984,1,2,AUDI Q5,9,E01011419,0,2
2024010527267,2024,010527267,1,9,0,3,3,7,3,0,0,1,0,0,0,0,2,1,6,6,1,43,7,1968,2,3,AUDI Q5,-1,-1,0,-1
2024371488927,2024,371488927,1,9,0,-1,7,8,4,-1,0,6,0,0,0,0,0,1,-1,6,1,43,7,1968,2,5,AUDI Q5,8,E01030237,0,1
2024010533455,2024,010533455,1,9,0,9,9,3,8,0,0,0,0,0,0,0,4,1,6,6,2,37,7,1984,1,3,AUDI Q5,6,E01003226,0,1
2024010500430,2024,010500430,2,9,0,99,99,9,9,99,99,6,9,99,9,99,9,9,6,6,3,-1,-1,1984,1,6,AUDI Q5,-1,-1,0,-1
2024010548568,2024,010548568,1,9,0,99,99,9,9,99,99,9,9,99,9,99,2,9,2,2,1,49,8,1968,2,5,AUDI Q5,5,E01021796,0,4
2024070682970,2024,070682970,2,9,0,18,19,3,7,0,0,0,0,0,0,0,3,1,6,6,2,28,6,1968,2,5,AUDI Q5,6,W01000341,0,4
2024010510586,2024,010510586,1,9,9,99,99,9,9,99,99,8,9,99,9,99,9,9,6,6,3,66,10,1984,1,12,AUDI Q5,10,E01003804,0,1
2024061414688,2024,061414688,2,9,0,-1,19,2,7,-1,0,8,0,0,0,0,4,1,-1,6,2,39,7,1984,1,3,AUDI Q5,8,E01005277,0,1
2024010508130,2024,010508130,2,9,0,99,99,9,9,99,99,9,9,99,9,99,4,9,6,6,1,28,6,1968,2,9,AUDI Q5,4,E01001501,0,1
2024201513433,2024,201513433,1,9,0,-1,13,8,4,-1,0,0,0,0,0,0,1,9,-1,9,1,-1,-1,1968,2,5,AUDI Q5,-1,-1,0,-1
202417H104324,2024,17H104324,1,9,0,-1,19,4,8,-1,0,8,0,0,0,0,1,1,-1,9,1,55,8,1968,2,2,AUDI Q5,9,E01012003,0,1
2024211434927,2024,211434927,1,9,0,-1,1,4,6,-1,0,0,0,0,0,0,2,9,-1,6,1,-1,-1,1968,2,6,AUDI Q5,7,E01029719,0,1
2024010490081,2024,010490081,1,9,0,10,10,7,4,0,0,1,0,0,0,0,1,1,3,7,1,71,10,1968,2,13,AUDI Q5,5,E01002299,0,1
2024201532723,2024,201532723,3,9,0,-1,19,6,2,-1,0,1,0,0,0,0,1,1,-1,2,1,37,7,1984,1,3,AUDI Q5,9,E01010183,0,3
2024421488113,2024,421488113,2,9,0,-1,4,5,1,-1,0,0,0,0,4,0,2,1,-1,9,1,72,10,1984,1,5,AUDI Q5,4,E01017125,0,5
2024501499259,2024,501499259,1,9,0,-1,19,7,3,-1,0,0,0,0,0,0,3,1,-1,9,2,48,8,1968,2,7,AUDI Q5,3,E01020293,0,2
2024430384776,2024,430384776,2,9,0,18,19,3,7,0,0,0,0,0,0,0,1,1,6,6,3,-1,-1,1968,2,12,AUDI Q5,-1,-1,0,-1
2024451466112,2024,451466112,1,9,0,-1,19,3,7,-1,0,0,0,0,5,6,3,1,-1,1,1,58,9,1984,8,2,AUDI Q5,7,E01031297,0,5
2024520403232,2024,520403232,1,9,0,5,5,2,8,0,0,8,0,0,0,0,1,1,6,6,1,45,7,1968,2,1,AUDI Q5,6,E01032117,0,1
2024302401360,2024,302401360,1,9,0,18,19,1,5,0,0,0,0,0,4,7,1,1,6,6,1,51,8,1968,2,10,AUDI Q5,7,E01032249,0,4
2024211493595,2024,211493595,1,9,0,-1,19,1,5,-1,0,0,2,0,8,0,3,1,-1,2,2,49,8,1968,2,9,AUDI Q5,1,E01014275,0,3
2024010532025,2024,010532025,1,9,0,18,19,1,5,0,0,8,0,0,0,0,0,1,6,6,3,-1,-1,1968,2,3,AUDI Q5,3,E01004033,0,1
2024421513355,2024,421513355,3,9,0,-1,19,6,1,-1,0,1,0,0,0,0,2,1,-1,9,2,48,8,1984,1,0,AUDI Q5,9,E01021661,0,1
2024451418920,2024,451418920,2,9,0,-1,19,2,5,-1,0,0,0,0,7,0,3,1,-1,2,1,48,8,1984,1,1,AUDI Q5,8,E01030490,0,1
2024430051482,2024,430051482,2,9,0,18,19,6,2,0,0,0,0,0,0,0,3,1,1,1,2,58,9,1968,2,4,AUDI Q5,5,E01016434,0,3
2024501509836,2024,501509836,2,9,0,-1,2,0,0,-1,0,0,0,0,0,0,2,1,-1,6,2,61,9,1968,2,6,AUDI Q5,9,E01020089,0,1
2024552401275,2024,552401275,1,9,0,12,12,6,2,0,0,0,0,0,0,0,3,1,6,6,1,75,10,1968,2,10,AUDI Q5,9,E01027507,0,5
2024430617828,2024,430617828,1,9,0,18,19,5,1,0,0,0,0,0,0,0,1,1,2,2,1,58,9,1968,2,8,AUDI Q5,8,E01016780,0,1
2024351443620,2024,351443620,1,9,0,-1,5,6,4,-1,0,1,0,0,0,0,1,1,-1,9,1,79,11,1968,2,6,AUDI Q5,7,E01018271,0,1
2024010505881,2024,010505881,3,9,0,2,2,0,0,0,0,2,0,0,0,0,2,1,6,6,3,-1,-1,1984,1,3,AUDI Q5,-1,-1,0,-1
2024211490187,2024,211490187,1,9,0,-1,4,4,8,-1,0,0,0,0,0,0,2,9,-1,6,2,44,7,1984,8,4,AUDI Q5,7,E01033535,0,3
2024101417372,2024,101417372,3,9,0,-1,4,7,3,-1,0,0,0,0,0,0,1,1,-1,2,2,34,6,1968,2,4,AUDI Q5,5,E01020590,0,1
2024122400624,2024,122400624,1,9,0,18,19,3,7,0,0,3,0,0,1,2,1,1,6,6,1,86,11,1968,2,8,AUDI Q5,7,E01027646,0,1
2024461487152,2024,461487152,3,9,0,-1,3,3,7,-1,0,0,0,0,0,0,2,1,-1,9,1,36,7,1968,2,6,AUDI Q5,2,E01033898,0,5
2024201524454,2024,201524454,3,9,0,-1,4,7,7,-1,0,0,0,4,0,0,2,1,-1,9,1,50,8,1968,2,5,AUDI Q5,-1,-1,0,-1
2024430576297,2024,430576297,1,9,0,18,19,6,2,0,0,3,0,0,0,0,1,1,6,6,2,44,7,1968,2,5,AUDI Q5,7,E01016770,0,1
2024010529803,2024,010529803,5,9,0,4,4,7,3,0,0,0,0,0,0,0,2,1,6,6,3,24,5,1968,2,0,AUDI Q5,-1,-1,0,-1
2024411506998,2024,411506998,2,9,0,-1,5,1,5,-1,0,6,0,0,0,0,1,1,-1,9,1,50,8,1984,1,3,AUDI Q5,9,E01035592,0,1
2024122400540,2024,122400540,2,9,0,18,19,5,1,0,0,8,1,0,1,10,4,1,6,6,2,79,11,1968,2,14,AUDI Q5,4,E01027787,0,2
2024991453097,2024,991453097,4,9,0,-1,19,1,5,-1,0,0,0,0,0,0,1,1,-1,9,2,53,8,1968,2,9,AUDI Q5,8,-1,0,5
2024351489862,2024,351489862,2,9,0,-1,19,2,6,-1,0,0,0,0,0,0,3,1,-1,6,1,69,10,1984,8,4,AUDI Q5,10,E01018211,0,2
2024622400203,2024,622400203,1,9,0,9,9,2,8,0,0,1,0,0,0,0,1,1,6,6,2,26,6,1968,2,8,AUDI Q5,6,W01001143,0,2
2024010501022,2024,010501022,1,9,0,9,9,7,5,0,0,2,0,0,0,0,1,1,6,6,1,40,7,1968,2,9,AUDI Q5,8,E01003673,0,1
2024061504165,2024,061504165,1,9,0,-1,19,7,3,-1,0,1,0,0,0,0,1,1,-1,9,1,25,5,1968,2,12,AUDI Q5,9,E01005855,0,2
2024231403643,2024,231403643,1,9,0,-1,9,8,6,-1,0,5,0,0,0,0,1,9,-1,9,1,46,8,1968,2,8,AUDI Q5,8,E01031083,0,1
2024010532459,2024,010532459,1,9,0,5,5,5,1,0,0,2,0,0,0,0,1,1,6,6,2,37,7,1968,2,3,AUDI Q5,6,E01004488,0,1
2024010522529,2024,010522529,1,9,0,9,9,1,6,0,0,1,0,0,0,0,0,1,2,2,1,64,9,1984,1,9,AUDI Q5,2,E01003330,0,1
2024061449551,2024,061449551,1,9,0,-1,1,3,7,-1,0,0,0,0,0,0,2,1,-1,6,1,62,9,1984,8,5,AUDI Q5,-1,-1,0,-1
2024451463595,2024,451463595,1,9,0,-1,2,0,0,-1,0,0,0,0,0,0,1,1,-1,7,2,33,6,1968,2,10,AUDI Q5,9,E01022862,0,2
2024052400358,2024,052400358,1,9,0,18,19,1,5,0,0,8,0,0,0,0,1,1,2,2,1,32,6,1968,2,3,AUDI Q5,3,E01007050,0,3