collision_index,collision_year,collision_ref_no,vehicle_reference,vehicle_type,towing_and_articulation,vehicle_manoeuvre_historic,vehicle_manoeuvre,vehicle_direction_from,vehicle_direction_to,vehicle_location_restricted_lane_historic,vehicle_location_restricted_lane,junction_location,skidding_and_overturning,hit_object_in_carriageway,vehicle_leaving_carriageway,hit_object_off_carriageway,first_point_of_impact,vehicle_left_hand_drive,journey_purpose_of_driver_historic,journey_purpose_of_driver,sex_of_driver,age_of_driver,age_band_of_driver,engine_capacity_cc,propulsion_code,age_of_vehicle,generic_make_model,driver_imd_decile,lsoa_of_driver,escooter_flag,driver_distance_banding
2024991530959,2024,991530959,1,9,0,-1,3,3,5,-1,0,0,0,0,0,0,1,1,-1,2,1,42,7,1968,2,8,AUDI Q5,-1,-1,0,-1
2024320706762,2024,320706762,1,9,0,9,9,4,2,0,0,6,0,0,0,0,3,1,-1,-1,2,28,6,1984,1,2,AUDI Q5,5,E01026414,0,3
2024010521312,2024,010521312,3,9,0,18,19,1,5,0,0,0,0,0,0,0,2,1,6,6,2,62,9,1968,2,1,AUDI Q5,6,E01023025,0,5
2024471445447,2024,471445447,1,9,0,-1,3,7,3,-1,0,0,0,0,0,0,2,1,-1,9,2,35,6,1968,2,6,AUDI Q5,9,E01035352,0,4
2024031411258,2024,031411258,1,9,0,-1,7,2,7,-1,0,5,0,0,0,0,1,1,-1,9,2,35,6,1968,2,8,AUDI Q5,1,E01019112,0,3
2024010528663,2024,010528663,1,9,0,99,99,9,9,99,99,5,9,99,9,99,9,9,6,6,1,49,8,1984,1,2,AUDI Q5,7,E01001226,0,1
2024351477756,2024,351477756,1,9,0,-1,19,1,7,-1,0,6,0,0,0,0,1,1,-1,6,1,32,6,2967,2,13,AUDI Q5,1,E01015609,0,1
2024010523182,2024,010523182,2,9,0,7,7,3,5,0,0,5,0,0,1,0,4,1,6,6,1,33,6,1984,1,3,AUDI Q5,6,E01004052,0,1
2024061529236,2024,061529236,3,9,0,-1,4,8,4,-1,0,0,0,0,0,0,1,1,-1,2,2,37,7,1968,2,8,AUDI Q5,2,E01005400,0,1
2024010524829,2024,010524829,2,9,0,99,99,9,9,99,99,9,9,99,9,99,9,9,6,6,2,-1,-1,1968,2,8,AUDI Q5,8,E01004680,0,1
2024430577685,2024,430577685,3,9,0,18,19,5,1,0,0,0,0,0,0,0,2,1,6,6,1,42,7,1968,2,10,AUDI Q5,4,E01016435,0,4
2024361525598,2024,361525598,1,9,0,-1,9,8,7,-1,0,1,0,0,1,0,1,1,-1,2,1,58,9,1984,1,3,AUDI Q5,5,E01026443,0,4
2024411473413,2024,411473413,1,9,0,-1,5,5,1,-1,0,0,0,0,0,0,1,1,-1,6,1,45,7,1968,2,5,AUDI Q5,7,E01020538,0,5
2024010510552,2024,010510552,2,9,0,18,19,7,3,0,0,1,0,0,0,0,1,1,6,6,3,-1,-1,1968,2,10,AUDI Q5,-1,-1,0,-1
2024211460636,2024,211460636,1,9,0,-1,9,2,8,-1,0,6,0,0,0,0,4,1,-1,9,2,44,7,1968,2,8,AUDI Q5,7,E01029683,0,1
2024332401190,2024,332401190,2,9,0,-1,19,3,7,-1,0,8,0,0,0,0,1,1,-1,6,2,-1,-1,1968,2,1,AUDI Q5,-1,-1,0,-1
2024411475096,2024,411475096,1,9,0,-1,19,8,4,-1,0,0,0,0,0,0,1,1,-1,6,1,34,6,1968,2,7,AUDI Q5,5,E01023547,0,2
2024131406925,2024,131406925,1,9,0,-1,19,4,8,-1,0,1,0,0,0,0,3,1,-1,2,2,31,6,1984,1,6,AUDI Q5,10,E01010906,0,1
2024340WN4842,2024,340WN4842,2,9,0,-1,3,1,5,-1,0,0,0,0,0,0,2,1,-1,9,2,59,9,1984,1,2,AUDI Q5,10,E01035420,0,1
2024101467525,2024,101467525,1,9,0,-1,5,4,7,-1,-1,-1,0,-1,0,0,-1,9,-1,6,1,21,5,1968,2,10,AUDI Q5,3,E01020652,0,3
2024361472332,2024,361472332,1,9,0,-1,19,3,7,-1,0,1,0,0,0,0,1,1,-1,9,1,33,6,1968,2,9,AUDI Q5,4,E01030270,0,4
2024201509099,2024,201509099,2,9,0,-1,19,2,4,-1,0,0,0,0,0,0,2,1,-1,6,1,34,6,1968,2,2,AUDI Q5,9,E01031254,0,2
2024421502296,2024,421502296,2,9,0,-1,19,1,5,-1,0,0,0,0,1,0,1,1,-1,6,2,35,6,1968,2,3,AUDI Q5,10,E01033055,0,1
2024622400575,2024,622400575,1,9,0,18,19,4,8,0,0,6,0,0,0,0,1,1,6,6,1,25,5,1968,2,10,AUDI Q5,5,W01001065,0,1
2024311427302,2024,311427302,2,9,0,-1,3,4,8,-1,0,0,0,0,0,0,2,1,-1,6,1,40,7,1968,2,5,AUDI Q5,9,E01032520,0,1
2024131433240,2024,131433240,1,9,0,-1,19,5,1,-1,0,1,0,0,0,0,3,1,-1,2,2,43,7,1968,2,8,AUDI Q5,6,E01011012,0,1
2024461525950,2024,461525950,2,9,0,-1,7,3,7,-1,0,0,0,0,0,0,3,9,-1,6,2,43,7,1968,2,6,AUDI Q5,1,E01024397,0,3
2024411449925,2024,411449925,1,9,0,-1,19,5,1,-1,0,0,0,0,0,0,4,1,-1,9,2,58,9,1968,2,12,AUDI Q5,8,E01023590,0,2
2024010526318,2024,010526318,1,9,0,3,3,3,7,0,0,0,0,0,0,0,3,1,6,6,1,33,6,1968,2,2,AUDI Q5,4,E01004229,0,1
2024141459058,2024,141459058,1,9,0,-1,19,2,5,-1,0,4,0,0,0,0,3,1,-1,9,2,31,6,1984,1,5,AUDI Q5,6,E01007560,0,2
2024141454726,2024,141454726,1,9,0,-1,2,0,0,-1,0,0,0,0,0,0,3,1,-1,9,2,28,6,1968,2,12,AUDI Q5,7,E01034252,0,2
2024520402480,2024,520402480,1,9,0,18,19,2,6,7,6,0,0,0,1,0,1,1,6,6,2,31,6,1968,2,6,AUDI Q5,7,E01014420,0,1
2024131424625,2024,131424625,2,9,0,-1,5,4,8,-1,0,0,0,0,0,0,2,1,-1,6,2,42,7,1968,2,1,AUDI Q5,9,E01011381,0,2
2024411492848,2024,411492848,1,9,0,-1,4,4,8,-1,0,0,0,0,0,0,1,1,-1,6,1,68,10,1968,2,12,AUDI Q5,10,E01017657,0,2
2024522403099,2024,522403099,1,9,0,18,19,7,4,0,0,8,0,0,0,0,4,1,6,6,1,61,9,1968,2,2,AUDI Q5,9,E01014862,0,3
2024552401247,2024,552401247,2,9,0,18,19,3,7,0,0,8,0,0,0,0,4,1,2,2,2,57,9,2967,2,9,AUDI Q5,5,E01020500,0,4
2024332400753,2024,332400753,1,9,0,-1,5,3,7,-1,0,6,0,0,3,11,1,1,-1,6,1,77,11,1968,2,2,AUDI Q5,10,E01025410,0,5
2024991528985,2024,991528985,1,9,0,-1,9,7,5,-1,0,6,0,0,0,0,3,1,-1,9,1,73,10,1984,1,6,AUDI Q5,7,-1,0,1
2024010547902,2024,010547902,2,9,0,99,99,9,9,99,99,9,9,99,9,99,1,9,6,6,3,-1,-1,1984,8,1,AUDI Q5,-1,-1,0,-1
2024421456894,2024,421456894,2,9,0,-1,3,1,5,-1,0,1,0,0,0,0,2,9,-1,6,1,27,6,1984,1,1,AUDI Q5,5,E01021417,0,4
2024010497908,2024,010497908,5,9,0,2,2,0,0,0,0,1,0,0,0,0,3,1,6,6,3,-1,-1,1984,8,1,AUDI Q5,-1,-1,0,-1
2024101525283,2024,101525283,2,9,0,-1,3,7,3,-1,0,1,0,0,1,0,2,1,-1,6,1,79,11,1968,2,10,AUDI Q5,6,E01027484,0,2
2024141471753,2024,141471753,1,9,0,-1,5,1,2,-1,0,0,0,0,0,0,1,1,-1,9,1,33,6,1968,2,8,AUDI Q5,3,E01007375,0,1
2024552400573,2024,552400573,1,9,0,14,14,1,5,0,0,0,0,0,0,0,1,1,6,6,1,89,11,1968,2,7,AUDI Q5,7,E01020540,0,1
2024010539275,2024,010539275,1,9,0,99,99,9,9,99,99,9,9,99,9,99,9,9,6,6,3,-1,-1,1984,8,4,AUDI Q5,-1,-1,0,-1
2024041478542,2024,041478542,2,9,0,-1,19,3,7,-1,0,8,0,0,0,0,1,1,-1,9,1,65,9,1968,2,3,AUDI Q5,6,E01027484,0,5
2024061416183,2024,061416183,1,9,0,-1,19,6,2,-1,0,0,0,0,0,0,1,1,-1,9,1,42,7,1968,2,7,AUDI Q5,6,E01005010,0,1
2024010540694,2024,010540694,2,9,0,99,99,9,9,99,99,9,9,99,9,99,9,9,6,6,1,43,7,1968,2,8,AUDI Q5,2,E01003320,0,1
2024451506920,2024,451506920,1,9,0,-1,-1,-1,-1,-1,-1,0,-1,-1,-1,0,-1,9,-1,6,1,50,8,1984,8,2,AUDI Q5,10,E01016245,0,2
2024010535975,2024,010535975,2,9,0,5,5,6,2,0,0,8,0,0,0,0,1,1,6,6,1,34,6,1984,1,0,AUDI Q5,3,E01004023,0,2
2024131476326,2024,131476326,1,9,0,-1,19,1,6,-1,0,8,5,0,0,0,1,1,-1,6,2,28,6,1968,2,8,AUDI Q5,4,E01010678,0,1
2024421497597,2024,421497597,2,9,0,-1,2,0,0,-1,0,0,0,0,0,0,3,1,-1,6,3,-1,-1,1968,2,7,AUDI Q5,-1,-1,0,-1
2024552401345,2024,552401345,2,9,0,7,7,1,4,0,0,8,1,0,1,4,4,1,6,6,1,33,6,1968,2,11,AUDI Q5,9,E01015419,0,1
2024440455831,2024,440455831,1,9,0,18,19,5,1,0,0,4,0,0,0,0,1,1,6,6,1,24,5,1968,2,6,AUDI Q5,1,E01032755,0,2
2024320121684,2024,320121684,2,9,0,-1,-1,3,8,0,0,7,0,0,0,0,4,1,-1,-1,2,49,8,1968,2,15,AUDI Q5,5,E01018059,0,4
2024201421382,2024,201421382,3,9,0,-1,2,0,0,-1,0,0,0,4,0,0,1,1,-1,6,1,50,8,1968,2,4,AUDI Q5,7,E01010360,0,2
2024421513612,2024,421513612,1,9,0,-1,3,7,3,-1,0,0,0,0,0,0,4,1,-1,2,1,56,9,1968,2,5,AUDI Q5,8,E01021555,0,4
2024471485445,2024,471485445,2,9,0,-1,19,1,5,-1,0,1,0,0,0,0,1,1,-1,9,2,37,7,1968,2,13,AUDI Q5,6,E01035327,0,2
2024501428616,2024,501428616,1,9,0,-1,3,5,1,-1,0,4,0,0,0,0,1,1,-1,9,1,39,7,1968,2,13,AUDI Q5,5,E01018890,0,4
2024552400491,2024,552400491,2,9,0,2,2,0,0,0,0,0,0,0,0,0,2,1,6,6,3,-1,-1,1968,2,8,AUDI Q5,-1,-1,0,-1
2024471398296,2024,471398296,2,9,0,-1,19,5,1,-1,0,0,0,0,0,0,1,1,-1,9,2,43,7,1968,2,5,AUDI Q5,10,E01031774,0,2
2024991411123,2024,991411123,3,9,0,-1,19,5,1,-1,0,0,0,0,0,0,0,1,-1,6,1,39,7,1968,2,5,AUDI Q5,10,-1,0,3
2024122400183,2024,122400183,1,9,0,17,19,6,3,0,0,0,1,0,1,10,1,1,2,2,2,40,7,1968,2,2,AUDI Q5,2,E01011805,0,1
2024122400673,2024,122400673,2,9,0,18,19,5,1,0,0,1,0,0,0,0,1,1,1,1,3,31,6,2967,2,13,AUDI Q5,9,E01011698,0,1
2024061437349,2024,061437349,1,9,0,-1,-1,-1,-1,-1,-1,0,-1,-1,-1,0,-1,1,-1,6,3,-1,-1,1968,2,4,AUDI Q5,-1,-1,0,-1
2024461529531,2024,461529531,1,9,0,-1,19,5,7,-1,0,0,0,0,0,0,3,9,-1,6,2,66,10,1968,2,5,AUDI Q5,2,E01034477,0,4
2024471511501,2024,471511501,1,9,0,-1,19,5,2,-1,0,0,0,0,0,0,1,1,-1,6,1,39,7,2967,2,13,AUDI Q5,8,E01030479,0,3
2024201482174,2024,201482174,1,9,0,-1,9,6,4,-1,0,6,0,0,0,0,0,9,-1,6,2,35,6,1968,2,12,AUDI Q5,1,E01009376,0,1
2024201522456,2024,201522456,1,9,0,-1,9,7,5,-1,0,8,0,0,0,0,4,1,-1,9,2,38,7,1984,1,15,AUDI Q5,-1,-1,0,-1
2024501529825,2024,501529825,2,9,0,-1,5,2,6,-1,0,0,0,0,0,0,1,1,-1,6,1,79,11,1984,1,2,AUDI Q5,6,E01020231,0,3
2024361426741,2024,361426741,3,9,0,-1,19,3,7,-1,0,0,0,0,0,0,3,9,-1,6,1,30,6,1984,1,14,AUDI Q5,2,E01015938,0,5
2024010507409,2024,010507409,1,9,0,18,19,3,7,0,0,0,5,10,7,2,1,1,6,6,1,48,8,1968,2,8,AUDI Q5,10,E01004105,0,1
2024111450102,2024,111450102,1,9,0,-1,19,1,5,-1,0,0,5,0,1,0,1,1,-1,6,1,38,7,1968,2,2,AUDI Q5,9,E01007802,0,5
2024010540090,2024,010540090,1,9,0,18,19,1,5,0,0,2,0,0,0,0,3,1,6,6,2,59,9,1968,2,8,AUDI Q5,4,E01001995,0,2
2024332401145,2024,332401145,2,9,0,-1,5,3,7,-1,0,6,0,0,0,0,1,1,-1,6,1,23,5,2967,2,14,AUDI Q5,3,E01013765,0,1
2024351413120,2024,351413120,2,9,0,-1,10,-1,-1,-1,0,3,0,0,0,0,2,9,-1,2,2,36,7,1968,2,5,AUDI Q5,7,E01015636,0,2
2024010519728,2024,010519728,2,9,0,2,2,0,0,0,0,0,0,4,0,0,2,1,6,6,3,-1,-1,1968,2,8,AUDI Q5,-1,-1,0,-1
2024131401789,2024,131401789,1,9,0,-1,19,7,3,-1,0,0,0,0,7,0,1,1,-1,9,1,44,7,1968,2,2,AUDI Q5,4,E01027795,0,4
2024010515384,2024,010515384,1,9,0,99,99,9,9,99,99,9,9,99,9,99,2,9,6,6,3,39,7,1984,1,5,AUDI Q5,9,E01000770,0,1
2024201495298,2024,201495298,2,9,0,-1,19,5,1,-1,0,1,0,10,1,0,3,1,-1,9,1,41,7,1968,2,6,AUDI Q5,7,E01009070,0,2
2024031501328,2024,031501328,1,9,0,-1,7,1,5,-1,0,1,0,0,0,0,1,1,-1,6,2,30,6,1968,2,7,AUDI Q5,-1,-1,0,-1
2024421525450,2024,421525450,2,9,0,-1,2,0,0,-1,0,0,0,0,0,0,3,1,-1,6,3,-1,-1,1968,2,6,AUDI Q5,-1,-1,0,-1
2024451455942,2024,451455942,1,9,0,-1,11,1,1,-1,0,8,0,0,0,0,2,1,-1,9,2,54,8,1984,1,1,AUDI Q5,-1,-1,0,-1
2024340NN3112,2024,340NN3112,1,9,0,-1,19,5,1,-1,0,1,0,0,0,0,1,1,-1,6,1,61,9,1968,2,13,AUDI Q5,4,E01026318,0,4
2024010551661,2024,010551661,2,9,0,4,4,3,7,0,0,1,0,0,0,0,1,1,6,6,1,24,5,1984,1,6,AUDI Q5,1,E01001730,0,2
2024311415732,2024,311415732,1,9,0,-1,19,3,7,-1,0,0,0,0,0,0,4,1,-1,6,2,31,6,1968,2,11,AUDI Q5,-1,-1,0,-1
2024131419991,2024,131419991,7,9,0,-1,19,7,3,-1,0,1,0,0,0,0,2,1,-1,6,1,59,9,1968,2,10,AUDI Q5,1,E01010608,0,1
2024411406430,2024,411406430,2,9,0,-1,12,2,6,-1,0,0,0,0,0,0,1,1,-1,6,1,30,6,2967,2,14,AUDI Q5,7,E01018129,0,4
2024122500340,2024,122500340,5,9,0,4,4,3,7,0,0,0,0,0,0,0,2,1,6,6,1,-1,-1,1968,2,2,AUDI Q5,7,E01019155,0,5
2024101518624,2024,101518624,3,9,0,-1,3,8,4,-1,0,1,0,0,0,0,2,1,-1,6,2,64,9,1968,2,6,AUDI Q5,8,E01008313,0,1
2024010540039,2024,010540039,1,9,0,18,19,5,1,0,0,1,0,0,0,0,1,1,6,6,1,53,8,1984,1,2,AUDI Q5,10,E01003884,0,1
2024440503638,2024,440503638,2,9,0,7,7,4,6,0,0,8,0,0,0,0,1,1,6,6,1,62,9,1968,2,8,AUDI Q5,10,E01023273,0,1
2024371422120,2024,371422120,3,9,0,-1,2,0,0,-1,0,1,0,0,0,0,3,1,-1,6,-1,-1,-1,1968,2,9,AUDI Q5,-1,-1,0,-1
2024010547703,2024,010547703,1,9,0,7,7,4,7,0,0,1,0,0,0,0,4,1,6,6,1,28,6,1984,1,0,AUDI Q5,3,E01002774,0,1
2024302400031,2024,302400031,1,9,0,18,19,2,6,0,0,0,0,0,0,0,1,1,6,6,3,-1,-1,1984,1,15,AUDI Q5,5,E01019456,0,2
2024371511172,2024,371511172,2,9,0,-1,19,2,3,-1,0,1,0,0,0,0,2,1,-1,9,2,35,6,1968,2,5,AUDI Q5,10,E01018014,0,3
2024411402993,2024,411402993,2,9,0,-1,3,3,7,-1,0,1,0,0,0,0,2,9,-1,9,2,46,8,1984,1,4,AUDI Q5,3,E01023555,0,1
2024461416230,2024,461416230,2,9,0,-1,3,5,1,-1,0,0,0,0,0,0,2,1,-1,9,1,32,6,1968,2,10,AUDI Q5,8,E01024706,0,4
2024101485401,2024,101485401,1,9,0,-1,19,3,7,-1,0,0,0,0,0,0,1,1,-1,6,1,40,7,1968,2,1,AUDI Q5,-1,-1,0,-1
2024552401237,2024,552401237,2,9,0,3,3,2,6,0,0,0,0,0,0,0,2,1,6,6,2,29,6,1968,2,7,AUDI Q5,7,E01015436,0,1
2024122400772,2024,122400772,1,9,0,5,5,7,3,0,0,0,2,0,0,0,4,1,2,2,2,45,7,1984,1,5,AUDI Q5,9,E01013422,0,1
2024471463725,2024,471463725,2,9,0,-1,11,5,1,-1,0,0,0,0,0,0,3,1,-1,9,1,52,8,1984,1,1,AUDI Q5,7,E01000228,0,4
2024201536040,2024,201536040,1,9,0,-1,13,6,2,-1,0,0,0,0,0,0,1,1,-1,6,1,33,6,3996,1,4,-1,7,E01032390,0,4
2024041453861,2024,041453861,1,9,0,-1,7,5,7,-1,0,2,0,0,0,0,1,1,-1,6,1,34,6,3996,1,1,-1,1,E01025293,0,1
2024010522520,2024,010522520,1,9,0,13,13,3,7,0,0,0,0,0,1,0,1,1,6,6,1,23,5,3996,1,4,-1,-1,-1,0,-1
2024010520202,2024,010520202,1,9,0,5,5,1,5,0,0,0,0,0,0,0,3,1,6,6,3,-1,-1,3996,1,4,-1,-1,-1,0,-1
2024010543995,2024,010543995,2,9,0,-1,-1,2,6,0,0,8,1,0,8,10,1,2,6,6,1,42,7,3996,1,0,-1,5,E01003700,0,1
2024461506801,2024,461506801,1,9,0,-1,6,1,5,-1,0,0,0,0,0,0,3,9,-1,6,1,-1,-1,3996,1,1,-1,-1,-1,0,-1
2024201475314,2024,201475314,1,9,0,-1,7,5,7,-1,0,5,0,0,0,0,1,1,-1,6,1,24,5,3996,1,4,-1,1,E01034933,0,1
2024411448881,2024,411448881,2,4,0,-1,19,7,2,-1,0,3,0,11,0,0,2,1,-1,1,1,29,6,1293,1,14,BMW K SERIES,10,E01023607,0,3
2024010502434,2024,010502434,2,5,0,18,19,5,1,0,0,0,0,0,0,0,1,1,6,6,1,46,8,1157,1,18,BMW K SERIES,-1,-1,0,-1
2024221471537,2024,221471537,1,5,0,-1,19,2,6,-1,0,0,0,12,0,0,1,1,-1,6,1,71,10,1293,1,14,BMW K SERIES,5,E01014180,0,2
2024131438842,2024,131438842,2,5,0,-1,19,7,3,-1,0,8,2,0,0,0,1,1,-1,9,1,25,5,1293,1,13,BMW K SERIES,1,E01008485,0,5
2024401449839,2024,401449839,2,5,0,-1,19,1,7,-1,0,8,0,0,0,0,4,1,-1,9,1,71,10,1649,1,7,BMW K SERIES,10,E01016826,0,2
2024302400938,2024,302400938,2,5,0,18,19,5,1,0,0,1,0,0,0,0,1,1,6,6,1,61,9,1157,1,16,BMW K SERIES,8,E01027973,0,3
2024101471327,2024,101471327,1,3,0,-1,7,7,1,-1,0,8,2,0,0,0,1,1,-1,9,1,66,10,1200,1,23,BMW K SERIES,4,E01008506,0,2
2024201460496,2024,201460496,2,5,0,-1,19,3,7,-1,0,8,0,0,0,0,4,1,-1,2,1,65,9,1649,1,6,BMW K SERIES,2,E01010087,0,3
2024411455253,2024,411455253,2,5,-1,-1,12,7,3,-1,0,8,0,0,0,0,4,1,-1,2,1,45,7,1293,1,14,BMW K SERIES,5,E01016841,0,4
2024052400943,2024,052400943,1,5,0,18,19,7,3,0,0,0,0,0,0,0,1,1,2,2,1,52,8,1157,1,15,BMW K SERIES,5,E01006475,0,1
2024461510299,2024,461510299,2,5,0,-1,19,3,7,-1,0,0,0,0,0,0,1,1,-1,2,1,41,7,1157,1,18,BMW K SERIES,1,E01016153,0,3
2024010510564,2024,010510564,1,5,0,99,99,9,9,99,99,9,9,99,9,99,9,1,6,6,1,64,9,1649,1,2,BMW K SERIES,8,E01017916,0,4
2024501490705,2024,501490705,1,5,0,-1,19,5,1,-1,0,1,1,0,0,0,0,1,-1,2,1,57,9,1649,1,2,BMW K SERIES,6,E01020442,0,5
2024440325945,2024,440325945,1,5,0,18,19,6,2,0,0,1,0,0,0,0,4,1,6,6,1,57,9,1649,1,3,BMW K SERIES,9,E01022659,0,4
2024361421285,2024,361421285,1,5,0,-1,19,7,3,-1,0,0,1,0,0,0,1,1,-1,6,1,37,7,1293,1,15,BMW K SERIES,6,E01018076,0,2
2024101451554,2024,101451554,2,5,0,-1,11,7,3,-1,0,8,0,0,0,0,4,1,-1,6,1,64,9,1298,1,10,BMW K SERIES,1,E01008485,0,1
2024221452561,2024,221452561,1,5,0,-1,19,1,5,-1,0,0,0,11,0,0,1,1,-1,9,1,81,11,750,1,38,BMW K SERIES,8,E01009919,0,2
2024471470544,2024,471470544,2,5,0,-1,19,5,1,-1,0,1,1,0,0,0,1,1,-1,6,1,58,9,1171,1,20,BMW K SERIES,6,E01035323,0,2
2024421479154,2024,421479154,2,5,0,-1,13,4,8,-1,0,1,0,0,0,0,1,1,-1,6,1,31,6,1293,1,14,BMW K SERIES,6,E01021906,0,4
2024471456377,2024,471456377,1,5,0,-1,12,2,6,-1,0,0,1,0,1,0,2,1,-1,9,1,31,6,1157,1,19,BMW K SERIES,5,E01031577,0,1
2024401483020,2024,401483020,2,5,0,-1,-1,-1,-1,-1,-1,-1,-1,-1,-1,0,-1,1,-1,1,1,61,9,1649,1,0,BMW K SERIES,4,E01032639,0,4
2024991451426,2024,991451426,1,5,0,-1,19,4,8,-1,0,4,0,0,0,0,1,1,-1,6,1,51,8,1293,1,12,BMW K SERIES,10,-1,0,2
2024070139839,2024,070139839,2,5,0,18,19,8,4,0,0,1,5,0,4,0,4,1,6,6,1,62,9,1649,1,5,BMW K SERIES,6,E01007286,0,2
2024320086751,2024,320086751,2,9,0,9,9,6,3,0,0,5,0,0,0,0,3,1,-1,-1,1,60,9,1199,1,1,CITROEN C5,5,E01026018,0,1
2024131461394,2024,131461394,1,9,0,-1,19,2,6,-1,0,8,0,0,0,0,1,1,-1,9,1,67,10,1499,2,1,CITROEN C5,2,E01032607,0,1
2024201517561,2024,201517561,1,9,0,-1,4,5,1,-1,0,0,0,0,0,0,1,1,-1,6,2,60,9,1199,1,1,CITROEN C5,9,E01018275,0,5
2024101498914,2024,101498914,1,9,0,-1,19,1,5,-1,0,8,0,0,0,0,1,1,-1,6,2,53,8,1499,2,5,CITROEN C5,1,E01008389,0,1
2024440430421,2024,440430421,2,9,0,18,19,3,7,0,0,8,1,0,3,1,1,1,2,2,1,47,8,1560,2,16,CITROEN C5,7,E01017223,0,1
2024461432013,2024,461432013,1,9,0,-1,19,4,1,-1,0,0,5,0,1,0,1,9,-1,9,1,44,7,1499,2,1,CITROEN C5,10,E01024853,0,1
2024411526109,2024,411526109,1,9,0,-1,3,8,2,-1,0,1,0,0,0,0,3,1,-1,6,2,41,7,1199,1,1,CITROEN C5,4,E01023870,0,1
2024351510726,2024,351510726,1,9,0,-1,19,1,5,-1,0,0,0,0,0,0,1,1,-1,2,1,41,7,1499,2,2,CITROEN C5,7,E01026240,0,3
2024991424201,2024,991424201,1,9,0,-1,4,5,1,-1,0,0,0,0,0,0,1,1,-1,9,1,39,7,1499,2,1,CITROEN C5,-1,-1,0,-1
2024440228420,2024,440228420,1,9,0,4,4,2,6,0,0,0,0,0,0,0,2,1,6,6,1,30,6,1200,1,5,CITROEN C5,5,W01001603,0,5
2024430216587,2024,430216587,2,9,0,3,3,8,4,0,0,0,0,0,0,0,2,1,2,2,2,44,7,1200,1,3,CITROEN C5,7,E01016239,0,1
2024991456389,2024,991456389,1,9,0,-1,19,1,5,-1,0,0,0,0,1,11,4,1,-1,9,1,41,7,1997,2,21,CITROEN C5,10,-1,0,5
2024141418985,2024,141418985,5,9,0,-1,19,1,5,-1,0,0,0,0,0,0,1,1,-1,6,2,29,6,1199,1,1,CITROEN C5,2,E01007470,0,2
2024101397581,2024,101397581,1,9,0,-1,19,1,5,-1,0,0,0,0,0,0,1,1,-1,6,1,60,9,1199,1,1,CITROEN C5,2,E01008166,0,1
2024211471232,2024,211471232,3,9,0,-1,5,5,6,-1,0,0,0,0,0,0,0,1,-1,9,1,55,8,1499,2,5,CITROEN C5,10,E01029572,0,1
2024010509514,2024,010509514,1,9,0,18,19,5,1,0,0,0,0,0,0,0,4,1,6,6,1,22,5,1199,1,1,CITROEN C5,4,E01034027,0,3
2024471513457,2024,471513457,1,9,0,-1,19,7,3,-1,0,0,0,0,0,0,1,1,-1,6,2,57,9,1500,2,2,CITROEN C5,5,E01031809,0,2
2024041421500,2024,041421500,2,9,0,-1,9,1,3,-1,0,1,0,0,0,0,1,1,-1,2,1,59,9,1997,2,13,CITROEN C5,8,E01025214,0,1
2024332400934,2024,332400934,1,9,0,-1,2,0,0,-1,0,0,0,0,0,0,3,1,-1,7,2,36,7,1199,8,0,CITROEN C5,5,E01025625,0,1
2024141431443,2024,141431443,2,9,0,-1,19,8,4,-1,0,0,0,0,0,0,1,1,-1,6,3,47,8,1997,2,11,CITROEN C5,-1,-1,0,-1
2024010524761,2024,010524761,1,9,0,16,19,5,1,0,0,1,0,0,0,0,0,1,6,6,2,29,6,1199,1,1,CITROEN C5,5,E01001530,0,2
2024351448949,2024,351448949,2,9,-1,-1,-1,-1,-1,-1,-1,-1,-1,-1,-1,0,1,9,-1,6,2,46,8,1997,2,17,CITROEN C5,4,E01026285,0,3
2024061489135,2024,061489135,2,9,0,-1,4,-1,-1,-1,0,0,0,0,0,0,2,9,-1,9,1,63,9,1500,2,3,CITROEN C5,6,E01005620,0,1
2024411525281,2024,411525281,1,9,0,-1,19,7,3,-1,0,0,0,0,1,2,1,1,-1,9,2,51,8,1199,8,0,CITROEN C5,4,E01023487,0,3
2024351435511,2024,351435511,1,9,0,-1,5,5,1,-1,0,4,0,0,0,0,1,1,-1,6,1,58,9,1499,2,2,CITROEN C5,6,E01029930,0,4
2024071031097,2024,071031097,2,9,0,-1,2,0,0,-1,0,0,0,0,0,0,4,1,-1,6,2,37,7,1598,8,0,CITROEN C5,4,E01018712,0,1
2024440351170,2024,440351170,1,9,0,1,1,7,3,0,0,0,0,4,0,0,2,1,6,6,1,21,5,1200,1,3,CITROEN C5,-1,-1,0,-1
2024010517515,2024,010517515,2,9,0,99,99,9,9,99,99,9,9,99,9,99,1,9,6,6,3,-1,-1,1598,1,5,CITROEN C5,-1,-1,0,-1
2024351570068,2024,351570068,2,9,0,-1,19,5,1,-1,0,0,1,0,0,0,1,1,-1,6,2,28,6,1598,1,5,CITROEN C5,3,E01018087,0,1
2024991449420,2024,991449420,1,9,0,-1,19,8,4,-1,0,0,5,0,7,9,1,1,-1,9,1,19,4,1560,2,14,CITROEN C5,4,-1,0,4
2024141434668,2024,141434668,1,9,0,-1,19,4,8,-1,0,1,5,0,0,0,3,1,-1,2,2,66,10,1200,1,4,CITROEN C5,2,E01007405,0,2
2024041436063,2024,041436063,2,9,0,-1,19,2,2,-1,0,1,0,0,0,0,1,1,-1,2,1,56,9,1997,2,15,CITROEN C5,5,E01025013,0,1