collision_index,collision_year,collision_ref_no,vehicle_reference,vehicle_type,towing_and_articulation,vehicle_manoeuvre_historic,vehicle_manoeuvre,vehicle_direction_from,vehicle_direction_to,vehicle_location_restricted_lane_historic,vehicle_location_restricted_lane,junction_location,skidding_and_overturning,hit_object_in_carriageway,vehicle_leaving_carriageway,hit_object_off_carriageway,first_point_of_impact,vehicle_left_hand_drive,journey_purpose_of_driver_historic,journey_purpose_of_driver,sex_of_driver,age_of_driver,age_band_of_driver,engine_capacity_cc,propulsion_code,age_of_vehicle,generic_make_model,driver_imd_decile,lsoa_of_driver,escooter_flag,driver_distance_banding
2024211425943,2024,211425943,1,9,0,-1,19,7,3,-1,0,0,0,0,0,0,2,1,-1,9,1,78,11,1500,2,2,CITROEN C5,1,E01014250,0,2
2024430580266,2024,430580266,2,9,0,1,1,1,5,0,0,6,0,0,0,0,0,1,6,6,2,-1,-1,1199,1,1,CITROEN C5,7,E01028559,0,1
2024131421352,2024,131421352,2,9,0,-1,2,0,0,-1,0,0,0,0,0,0,1,1,-1,6,-1,-1,-1,1598,1,2,CITROEN C5,-1,-1,0,-1
2024440418678,2024,440418678,1,9,0,7,7,3,5,0,0,4,0,0,0,0,4,1,6,6,1,65,9,1598,1,5,CITROEN C5,8,E01022762,0,2
2024501407090,2024,501407090,1,9,0,-1,19,8,4,-1,0,0,0,0,0,0,2,1,-1,2,1,28,6,1499,2,2,CITROEN C5,6,E01018752,0,4
2024221486794,2024,221486794,1,9,0,-1,5,7,3,-1,0,0,0,4,0,0,3,1,-1,6,1,42,7,2179,2,15,CITROEN C5,2,W01000378,0,4
2024471533260,2024,471533260,2,9,0,-1,8,3,7,-1,0,1,0,0,0,0,2,1,-1,6,1,43,7,1199,1,1,CITROEN C5,5,E01021064,0,3
2024991438327,2024,991438327,1,9,0,-1,12,7,3,-1,0,0,0,0,0,0,3,1,-1,6,2,37,7,1200,1,5,CITROEN C5,9,-1,0,3
2024010493776,2024,010493776,2,9,0,99,99,9,9,99,99,9,9,99,9,99,9,1,6,6,3,-1,-1,1200,1,4,CITROEN C5,-1,-1,0,-1
2024451412781,2024,451412781,1,9,0,-1,3,7,3,-1,0,0,0,0,0,0,2,1,-1,9,2,52,8,1200,1,5,CITROEN C5,5,E01031595,0,4
2024430043156,2024,430043156,2,9,0,18,19,1,5,0,0,0,0,0,0,0,3,1,6,6,1,59,9,1499,2,4,CITROEN C5,9,E01027267,0,3
2024622400572,2024,622400572,1,9,0,18,19,4,8,0,0,0,0,0,0,0,1,1,6,6,1,33,6,1200,1,4,CITROEN C5,3,W01001071,0,1
2024421480822,2024,421480822,1,9,0,-1,19,5,1,-1,0,0,0,0,1,4,1,1,-1,9,1,23,5,1499,2,4,CITROEN C5,5,E01024421,0,3
2024991524380,2024,991524380,1,9,0,-1,19,1,5,-1,0,0,1,0,7,0,1,1,-1,6,1,36,7,1199,1,1,CITROEN C5,-1,-1,0,-1
2024131491113,2024,131491113,2,9,0,-1,19,4,2,-1,0,8,0,0,0,0,1,1,-1,9,1,46,8,1598,8,1,CITROEN C5,3,E01011897,0,1
2024471476802,2024,471476802,1,9,0,-1,19,1,5,-1,0,0,0,0,7,0,1,1,-1,6,1,60,9,1200,1,4,CITROEN C5,8,E01017010,0,1
2024552500004,2024,552500004,2,9,0,2,2,0,0,0,0,0,0,0,0,0,4,1,6,6,1,51,8,1997,2,19,CITROEN C5,2,E01015367,0,1
2024501412085,2024,501412085,2,9,0,-1,19,7,3,-1,0,1,0,0,0,0,3,9,-1,9,1,49,8,1997,2,16,CITROEN C5,6,E01020221,0,1
2024131451369,2024,131451369,4,9,0,-1,2,0,0,-1,0,0,0,4,0,0,2,1,-1,6,-1,-1,-1,1598,8,1,CITROEN C5,-1,-1,0,-1
2024010503848,2024,010503848,1,9,0,99,99,9,9,0,0,0,9,99,9,99,2,9,6,6,2,61,9,1200,1,4,CITROEN C5,6,E01017592,0,4
2024010540232,2024,010540232,2,9,0,99,99,9,9,99,99,9,9,99,9,99,9,1,6,6,1,35,6,1997,2,15,CITROEN C5,6,E01002531,0,2
2024991509660,2024,991509660,1,9,0,-1,5,8,4,-1,0,0,0,0,0,0,3,1,-1,2,2,48,8,1997,2,16,CITROEN C5,1,-1,0,1
2024070344591,2024,070344591,2,9,0,2,2,0,0,0,0,0,0,0,0,0,2,1,6,6,1,61,9,1598,1,5,CITROEN C5,-1,-1,0,-1
2024131440752,2024,131440752,2,9,0,-1,4,1,1,-1,0,4,0,0,0,0,2,1,-1,6,1,56,9,1200,1,3,CITROEN C5,1,E01011357,0,1
2024461504705,2024,461504705,2,9,0,-1,19,5,1,-1,0,0,0,0,0,0,1,1,-1,9,2,47,8,1499,2,4,CITROEN C5,3,E01024001,0,2
2024421403229,2024,421403229,1,9,0,-1,4,5,1,-1,0,0,0,0,0,0,1,1,-1,6,2,38,7,1200,1,5,CITROEN C5,4,E01034368,0,1
2024131464571,2024,131464571,2,9,0,-1,2,0,0,-1,0,8,0,0,0,0,4,1,-1,6,3,-1,-1,1200,1,5,CITROEN C5,-1,-1,0,-1
2024101464327,2024,101464327,1,9,0,-1,19,2,6,-1,0,4,0,0,7,0,1,1,-1,9,1,75,10,1598,1,5,CITROEN C5,1,E01008651,0,1
2024631420376,2024,631420376,1,9,0,-1,19,2,6,-1,0,0,0,0,0,0,1,1,-1,9,1,20,4,1499,2,5,CITROEN C5,7,W01000482,0,1
2024991476903,2024,991476903,3,9,0,-1,19,6,2,-1,0,0,0,0,0,0,2,1,-1,6,2,48,8,1598,1,5,CITROEN C5,7,-1,0,3
2024411537137,2024,411537137,1,9,0,-1,19,5,1,-1,0,0,0,0,0,0,2,1,-1,6,2,42,7,1499,2,0,CITROEN C5,1,-1,0,5
2024371469349,2024,371469349,1,9,0,-1,9,2,6,-1,0,8,0,0,0,0,1,1,-1,9,1,70,10,1500,2,3,CITROEN C5,5,E01032523,0,4
2024052401856,2024,052401856,2,9,0,4,4,1,5,0,0,0,0,0,0,0,2,1,6,6,1,63,9,1500,2,2,CITROEN C5,1,E01006506,0,1
2024070787851,2024,070787851,2,9,0,-1,19,3,7,-1,0,0,0,0,0,0,1,1,-1,6,2,45,7,1200,1,4,CITROEN C5,5,E01007143,0,2
2024221441215,2024,221441215,2,9,0,-1,19,4,8,-1,0,4,0,0,0,0,1,9,-1,6,1,48,8,1997,2,14,CITROEN C5,-1,-1,0,-1
2024131501358,2024,131501358,1,9,0,-1,19,1,5,-1,0,0,0,0,0,0,1,1,-1,9,1,45,7,1199,1,2,CITROEN C5,7,E01027600,0,4
2024610022624,2024,610022624,1,9,0,9,9,4,2,0,0,8,5,10,0,0,3,1,2,2,2,31,6,1997,2,14,CITROEN C5,5,W01001263,0,4
2024101523992,2024,101523992,2,8,0,-1,19,8,4,-1,0,8,0,0,0,0,4,1,-1,1,1,38,7,1500,2,3,CITROEN C5,3,E01008396,0,1
2024031559731,2024,031559731,2,9,0,-1,9,5,1,-1,0,5,0,0,0,0,4,1,-1,9,2,57,9,1200,1,5,CITROEN C5,7,E01019203,0,2
2024351526063,2024,351526063,1,9,0,-1,19,1,5,-1,0,0,0,0,0,0,1,1,-1,2,2,38,7,1200,1,5,CITROEN C5,8,E01026979,0,4
2024311486010,2024,311486010,1,9,0,-1,15,1,5,-1,0,0,1,7,1,0,1,1,-1,9,1,59,9,1997,2,22,CITROEN C5,9,E01030067,0,5
2024041420371,2024,041420371,2,9,0,-1,19,3,7,-1,0,1,0,0,0,0,1,1,-1,9,1,31,6,1997,2,22,CITROEN C5,1,E01012721,0,1
2024361439330,2024,361439330,6,9,0,-1,19,1,5,-1,0,1,0,0,0,0,0,1,-1,6,2,40,7,1560,2,14,CITROEN C5,6,E01029870,0,4
2024421456570,2024,421456570,2,9,0,-1,3,3,5,-1,0,3,0,0,0,0,2,1,-1,2,1,42,7,1199,1,1,CITROEN C5,4,E01005594,0,5
2024351515698,2024,351515698,1,9,0,-1,5,3,7,-1,0,4,0,0,0,0,1,1,-1,6,1,73,10,1997,2,5,CITROEN C5,7,E01015628,0,1
2024201431649,2024,201431649,2,9,0,-1,9,7,5,-1,0,8,0,0,0,0,1,9,-1,6,2,70,10,1499,2,1,CITROEN C5,1,E01009059,0,1
2024501454379,2024,501454379,1,9,0,-1,4,3,7,-1,0,1,0,0,0,0,2,1,-1,9,1,83,11,1598,8,2,CITROEN C5,4,E01019059,0,2
2024131510671,2024,131510671,1,9,0,-1,7,2,6,-1,0,0,0,0,0,0,1,1,-1,6,-1,-1,-1,1200,1,2,CITROEN C5,-1,-1,0,-1
2024471454964,2024,471454964,2,9,0,-1,19,7,3,-1,0,1,0,0,1,0,1,1,-1,1,1,46,8,1199,1,1,CITROEN C5,6,E01031750,0,3
2024340WN4292,2024,340WN4292,1,9,0,-1,9,6,4,-1,0,6,0,0,0,0,3,1,-1,9,1,80,11,1598,1,5,CITROEN C5,4,E01033497,0,3
202460Q056473,2024,60Q056473,1,9,0,14,14,1,5,0,0,1,0,0,0,0,1,1,3,7,2,37,7,1200,1,3,CITROEN C5,-1,-1,0,-1
2024471454904,2024,471454904,2,9,0,-1,19,5,1,-1,0,4,0,0,0,0,0,1,-1,9,1,36,7,1500,2,2,CITROEN C5,9,E01032838,0,1
2024302401245,2024,302401245,1,9,0,7,7,4,6,0,0,8,0,0,0,0,1,1,6,6,1,-1,-1,1997,2,15,CITROEN C5,8,E01019840,0,3
2024340WN7292,2024,340WN7292,1,9,0,-1,19,1,5,-1,0,1,0,0,0,0,1,1,-1,6,1,32,6,1598,8,1,CITROEN C5,1,E01009579,0,4
2024141423802,2024,141423802,1,9,0,-1,19,2,6,-1,0,0,0,12,0,0,3,1,-1,9,1,25,5,1200,1,2,CITROEN C5,9,E01032926,0,3
2024451502966,2024,451502966,2,9,0,-1,19,3,7,-1,0,1,0,0,0,0,4,1,-1,6,1,83,11,1997,2,16,CITROEN C5,5,E01031519,0,2
2024201512871,2024,201512871,1,9,0,-1,19,3,5,-1,0,4,0,0,0,0,1,1,-1,6,2,61,9,1200,1,3,CITROEN C5,-1,-1,0,-1
2024231532896,2024,231532896,1,9,0,-1,9,4,1,-1,0,4,0,0,0,0,3,1,-1,6,2,30,6,1499,2,4,CITROEN C5,6,E01031091,0,1
2024631444582,2024,631444582,1,5,0,-1,19,2,5,-1,0,2,1,0,7,10,1,1,-1,9,1,27,6,996,1,26,-1,5,E01014371,0,5
2024430269736,2024,430269736,1,4,0,18,19,6,2,0,0,4,0,0,0,0,1,1,6,6,1,55,8,904,1,25,-1,6,E01017809,0,3
2024041459572,2024,041459572,1,5,0,-1,4,3,7,-1,0,0,0,4,0,0,1,1,-1,9,1,62,9,996,1,19,-1,9,E01025008,0,3
2024101447221,2024,101447221,2,5,0,-1,19,5,1,-1,0,0,0,0,0,0,3,1,-1,2,1,50,8,583,1,26,-1,8,E01027405,0,3
2024531461419,2024,531461419,1,4,0,-1,19,1,5,-1,0,0,0,0,0,0,4,1,-1,9,1,35,6,350,1,44,-1,3,E01022309,0,3
2024041444887,2024,041444887,1,19,0,-1,11,7,3,-1,0,0,0,0,0,0,4,1,-1,6,3,-1,-1,2402,2,14,FORD TRANSIT,-1,-1,0,-1
2024010550001,2024,010550001,2,19,0,2,2,0,0,0,0,2,0,4,0,0,2,1,6,6,3,-1,-1,2402,2,13,FORD TRANSIT,-1,-1,0,-1
2024411406526,2024,411406526,1,19,0,-1,7,8,4,-1,0,4,0,0,0,0,1,1,-1,6,1,26,6,2198,2,9,FORD TRANSIT,4,E01023534,0,3
2024991398300,2024,991398300,1,19,0,-1,19,1,4,-1,0,0,0,0,7,0,1,1,-1,6,1,25,5,1995,2,1,FORD TRANSIT,4,-1,0,4
2024991396188,2024,991396188,1,19,0,-1,7,7,1,-1,0,4,0,0,0,0,4,1,-1,1,1,56,9,1995,2,3,FORD TRANSIT,3,-1,0,1
2024061454385,2024,061454385,1,19,0,-1,19,4,8,-1,0,1,0,0,0,0,1,9,-1,6,3,-1,-1,2198,2,16,FORD TRANSIT,-1,-1,0,-1
2024010515175,2024,010515175,2,19,9,99,99,9,9,99,99,9,9,99,9,99,1,9,1,1,1,-1,-1,1995,2,6,FORD TRANSIT,-1,-1,0,-1
2024311403662,2024,311403662,1,19,0,-1,3,7,3,-1,0,0,0,0,0,0,2,1,-1,1,1,23,5,1995,2,1,FORD TRANSIT,3,E01019672,0,2
2024440195373,2024,440195373,2,19,0,18,19,3,7,0,0,0,0,0,0,0,1,1,1,1,1,36,7,2402,2,18,FORD TRANSIT,7,E01022963,0,4
2024622400589,2024,622400589,2,19,0,4,4,2,6,0,0,1,0,0,0,0,1,1,1,1,1,33,6,2402,2,14,FORD TRANSIT,-1,-1,0,-1
2024010531571,2024,010531571,1,19,0,7,7,4,7,0,0,1,0,0,0,0,1,1,1,1,1,51,8,1995,2,7,FORD TRANSIT,5,E01000219,0,3
2024440063296,2024,440063296,1,20,0,18,19,4,8,0,0,1,0,0,0,0,4,1,1,1,1,-1,-1,1995,2,2,FORD TRANSIT,-1,-1,0,-1
2024501515001,2024,501515001,1,19,0,-1,19,3,7,-1,0,0,2,0,1,9,1,1,-1,9,1,26,6,1998,2,22,FORD TRANSIT,6,E01019924,0,1
2024041454233,2024,041454233,2,10,0,-1,2,0,0,-1,0,0,0,0,0,0,2,1,-1,6,-1,-1,-1,1995,2,4,FORD TRANSIT,-1,-1,0,-1
2024122400986,2024,122400986,1,19,0,18,19,1,5,0,0,1,0,0,0,0,1,1,6,6,1,-1,-1,2198,2,16,FORD TRANSIT,-1,-1,0,-1
2024991461785,2024,991461785,1,19,0,-1,19,1,5,-1,0,4,0,0,0,0,2,1,-1,6,3,18,4,2402,2,16,FORD TRANSIT,-1,-1,0,-1
2024041412582,2024,041412582,1,19,0,-1,19,7,3,-1,0,2,0,0,1,11,1,9,-1,9,1,35,6,2402,2,21,FORD TRANSIT,7,E01024905,0,1
2024332400999,2024,332400999,1,19,0,-1,19,5,1,-1,0,0,0,0,0,0,3,1,-1,1,1,41,7,1995,2,5,FORD TRANSIT,4,E01013729,0,1
2024520403438,2024,520403438,1,20,0,18,19,7,3,0,0,8,0,0,0,0,1,1,6,6,1,58,9,1995,2,3,FORD TRANSIT,5,E01029153,0,3
2024340NN3292,2024,340NN3292,2,19,0,-1,19,7,3,-1,0,8,0,0,0,0,1,1,-1,6,3,-1,-1,2198,2,14,FORD TRANSIT,-1,-1,0,-1
2024520401890,2024,520401890,1,19,0,17,19,6,2,0,0,0,0,0,0,0,3,1,6,6,1,57,9,2402,2,16,FORD TRANSIT,2,E01029307,0,1
2024061513306,2024,061513306,1,19,0,-1,9,-1,-1,-1,99,9,9,0,0,0,1,1,-1,6,3,-1,-1,999,1,0,FORD TRANSIT,-1,-1,0,-1
2024010521142,2024,010521142,2,19,0,3,3,1,5,0,0,0,0,0,0,0,2,1,1,1,1,33,6,1995,2,5,FORD TRANSIT,6,E01002353,0,3
2024440090783,2024,440090783,2,19,0,4,4,2,6,0,0,0,0,0,0,0,2,1,2,2,1,35,6,1995,2,7,FORD TRANSIT,3,E01017220,0,3
2024010490312,2024,010490312,1,19,0,18,19,1,5,0,0,2,0,0,0,0,1,1,1,1,1,48,8,1995,2,3,FORD TRANSIT,4,E01023349,0,4
2024101416718,2024,101416718,1,19,0,-1,1,7,3,-1,0,0,0,0,0,0,2,1,-1,9,1,41,7,2402,2,17,FORD TRANSIT,2,E01008489,0,1
2024461425216,2024,461425216,1,19,0,-1,19,2,6,-1,0,0,0,0,0,0,1,9,-1,6,1,26,6,1995,2,3,FORD TRANSIT,2,E01024600,0,3
2024221506236,2024,221506236,1,19,0,-1,19,2,4,-1,0,0,0,0,0,0,1,1,-1,1,1,28,6,2198,2,10,FORD TRANSIT,2,E01010449,0,4
2024131481251,2024,131481251,1,19,0,-1,9,7,5,-1,0,5,0,0,0,0,4,1,-1,1,1,27,6,2198,2,9,FORD TRANSIT,1,E01011665,0,1
2024201440823,2024,201440823,1,19,0,-1,19,2,6,-1,0,8,0,0,0,0,4,1,-1,9,1,42,7,2198,2,18,FORD TRANSIT,2,E01009487,0,2
2024161488334,2024,161488334,1,19,0,-1,19,6,2,-1,0,0,0,0,0,0,1,1,-1,6,1,33,6,2402,2,14,FORD TRANSIT,1,E01012809,0,1
2024010524257,2024,010524257,1,20,9,99,99,9,9,99,99,9,9,99,9,99,9,9,6,6,3,-1,-1,-1,-1,-1,FORD TRANSIT,-1,-1,0,-1
2024520401566,2024,520401566,2,21,0,18,19,3,7,0,0,0,0,0,0,0,2,1,6,6,1,37,7,2402,2,16,FORD TRANSIT,7,E01029277,0,1
2024451427873,2024,451427873,2,19,0,-1,3,1,5,-1,0,0,0,0,0,0,-1,9,-1,9,3,-1,-1,1995,2,4,FORD TRANSIT,-1,-1,0,-1
2024340WN1062,2024,340WN1062,1,19,0,-1,9,2,6,-1,0,8,5,7,0,1,4,1,-1,1,1,52,8,1995,2,1,FORD TRANSIT,9,E01027148,0,1
2024010533027,2024,010533027,1,19,0,18,19,8,4,0,0,1,0,0,0,0,1,1,1,1,1,61,9,-1,3,0,FORD TRANSIT,5,E01000158,0,1
2024461430528,2024,461430528,2,19,0,-1,9,6,4,-1,0,8,0,0,0,0,4,1,-1,2,1,31,6,1995,2,7,FORD TRANSIT,4,E01024200,0,3
2024421440107,2024,421440107,1,19,0,-1,11,1,5,-1,0,1,0,0,0,0,4,1,-1,6,1,-1,-1,1995,2,3,FORD TRANSIT,-1,-1,0,-1
2024522400808,2024,522400808,2,19,0,11,11,6,2,0,0,0,0,0,0,0,4,1,6,6,1,49,8,2198,2,17,FORD TRANSIT,6,E01029461,0,5
2024531483709,2024,531483709,1,19,0,-1,5,6,2,-1,0,6,0,0,0,0,2,1,-1,9,1,47,8,2198,2,11,FORD TRANSIT,10,E01022367,0,1
2024131515867,2024,131515867,1,19,0,-1,14,1,5,-1,0,8,0,0,0,0,1,1,-1,2,1,31,6,2198,2,12,FORD TRANSIT,1,E01011429,0,3
2024440007705,2024,440007705,1,19,0,9,9,1,7,0,0,8,0,0,0,0,4,1,6,6,2,63,9,2198,2,12,FORD TRANSIT,4,E01035447,0,1
2024411535865,2024,411535865,1,19,0,-1,19,5,1,-1,0,0,0,0,0,0,1,1,-1,2,1,41,7,1995,2,1,FORD TRANSIT,5,E01023533,0,1
2024361439330,2024,361439330,1,19,0,-1,19,1,5,-1,0,1,0,0,0,0,1,1,-1,9,1,61,9,2198,2,16,FORD TRANSIT,9,E01026554,0,4
2024010550841,2024,010550841,2,19,0,5,5,7,3,0,0,6,0,0,0,0,1,1,6,6,3,-1,-1,-1,3,0,FORD TRANSIT,-1,-1,0,-1
2024440020277,2024,440020277,2,19,0,18,19,4,8,0,0,0,0,0,0,0,2,1,1,1,1,19,4,2402,2,14,FORD TRANSIT,10,E01023092,0,4
2024141461103,2024,141461103,1,19,0,-1,19,1,5,-1,9,0,0,0,0,0,2,9,-1,9,1,18,4,2198,2,17,FORD TRANSIT,7,E01007399,0,1
2024531444816,2024,531444816,2,19,0,-1,4,1,5,-1,0,1,0,0,0,0,3,1,-1,9,1,51,8,2402,2,15,FORD TRANSIT,10,E01022366,0,1
2024461440485,2024,461440485,1,19,0,-1,13,8,4,-1,0,0,0,0,0,0,4,1,-1,2,1,26,6,1995,2,2,FORD TRANSIT,7,E01024285,0,1
2024991517056,2024,991517056,2,19,0,-1,19,5,1,-1,0,0,0,0,0,0,1,1,-1,2,1,57,9,1995,2,2,FORD TRANSIT,4,-1,0,3
2024131525658,2024,131525658,1,19,0,-1,14,7,3,-1,0,0,0,0,0,0,1,1,-1,2,1,37,7,2198,2,15,FORD TRANSIT,2,E01010910,0,2
2024430553940,2024,430553940,2,19,0,18,19,3,7,0,0,0,0,0,0,0,1,1,6,6,3,-1,-1,2198,2,13,FORD TRANSIT,-1,-1,0,-1
2024161472772,2024,161472772,1,19,0,-1,19,7,3,-1,0,8,1,0,0,0,1,1,-1,1,1,33,6,2402,2,17,FORD TRANSIT,1,E01012918,0,2
2024041428481,2024,041428481,3,19,0,-1,2,1,5,-1,1,1,0,0,0,0,3,1,-1,6,-1,-1,-1,2402,2,17,FORD TRANSIT,-1,-1,0,-1
2024471400332,2024,471400332,2,19,0,-1,9,6,4,-1,0,1,0,0,0,0,3,1,-1,2,1,40,7,2198,2,11,FORD TRANSIT,5,E01021001,0,2
2024440254322,2024,440254322,2,19,0,3,3,7,3,0,0,1,0,0,0,0,2,1,6,6,1,50,8,1995,2,5,FORD TRANSIT,6,E01000979,0,5
2024201503948,2024,201503948,1,19,0,-1,19,4,8,-1,0,0,0,0,0,0,1,1,-1,6,3,-1,-1,1995,2,4,FORD TRANSIT,-1,-1,0,-1
2024461421643,2024,461421643,1,19,0,-1,19,5,1,-1,0,8,0,0,0,0,1,1,-1,1,1,54,8,2198,2,9,FORD TRANSIT,8,E01032819,0,2
2024340NN1662,2024,340NN1662,2,10,0,-1,9,7,5,-1,0,5,0,0,0,0,4,1,-1,7,1,48,8,2198,2,7,FORD TRANSIT,-1,-1,0,-1
2024451498658,2024,451498658,3,19,0,-1,19,5,1,-1,0,0,0,0,0,0,2,1,-1,1,1,56,9,1995,2,1,FORD TRANSIT,4,E01002587,0,3
2024552401291,2024,552401291,1,19,0,9,9,6,3,0,0,1,0,0,0,0,3,1,1,1,1,32,6,1995,2,1,FORD TRANSIT,4,E01017087,0,4
2024131500253,2024,131500253,1,19,0,-1,19,4,8,-1,0,2,0,0,0,0,1,1,-1,6,3,-1,-1,2198,2,14,FORD TRANSIT,-1,-1,0,-1
2024401465235,2024,401465235,1,19,0,-1,11,7,1,-1,0,3,0,0,0,0,4,1,-1,2,1,64,9,2198,2,13,FORD TRANSIT,3,E01017518,0,1
2024520402843,2024,520402843,1,19,0,18,19,2,6,0,0,0,0,0,0,0,4,1,6,6,1,64,9,2198,2,12,FORD TRANSIT,10,E01014421,0,2
2024991494726,2024,991494726,1,19,0,-1,9,1,2,-1,0,1,0,0,0,0,3,2,-1,1,1,25,5,1995,2,2,FORD TRANSIT,7,-1,0,4
2024361508119,2024,361508119,1,19,0,-1,1,5,1,-1,0,0,0,0,0,0,2,1,-1,1,1,63,9,1499,2,0,FORD TRANSIT,6,E01026682,0,1
2024320737074,2024,320737074,3,19,0,3,3,6,2,0,0,0,0,0,0,0,2,1,6,6,1,61,9,1995,2,6,FORD TRANSIT,10,E01026300,0,3
2024440066131,2024,440066131,1,19,0,1,1,6,2,0,0,0,0,0,0,0,2,1,1,1,1,34,6,2198,2,8,FORD TRANSIT,5,E01023151,0,3
2024320441694,2024,320441694,3,21,0,3,3,2,6,0,0,1,0,0,0,0,1,1,1,1,1,52,8,-1,-1,-1,FORD TRANSIT,3,E01026123,0,3
2024332400289,2024,332400289,2,19,0,-1,19,3,7,-1,0,0,0,0,0,0,1,1,-1,6,1,-1,-1,2198,2,13,FORD TRANSIT,-1,-1,0,-1
2024211456163,2024,211456163,2,19,0,-1,19,7,3,-1,0,0,0,0,1,0,3,1,-1,1,1,29,6,1995,2,7,FORD TRANSIT,-1,-1,0,-1
2024461396116,2024,461396116,4,19,0,-1,19,7,3,-1,0,0,0,0,0,0,2,1,-1,6,1,40,7,1995,2,7,FORD TRANSIT,9,E01016026,0,3
2024991437962,2024,991437962,1,19,0,-1,19,1,5,-1,0,0,0,0,7,0,4,1,-1,1,1,27,6,1995,2,3,FORD TRANSIT,2,-1,0,4
2024501504569,2024,501504569,1,19,0,-1,4,3,7,-1,0,1,0,0,0,0,1,1,-1,1,1,46,8,2198,2,11,FORD TRANSIT,3,E01018932,0,4
2024610049624,2024,610049624,2,19,0,4,4,4,8,0,0,0,0,0,0,0,1,1,1,1,1,42,7,2402,2,16,FORD TRANSIT,4,W01001331,0,2
2024061465727,2024,061465727,1,19,4,-1,19,7,3,-1,0,0,0,0,-1,0,1,9,-1,6,3,-1,-1,2198,2,10,FORD TRANSIT,-1,-1,0,-1
2024010517278,2024,010517278,1,19,0,9,9,1,6,0,0,6,0,0,7,0,1,1,2,2,1,54,8,2198,2,9,FORD TRANSIT,6,E01031586,0,4
2024010536760,2024,010536760,1,19,0,18,19,5,1,0,0,8,0,0,0,0,3,1,6,6,1,58,9,1995,2,7,FORD TRANSIT,5,E01024452,0,4
2024131482129,2024,131482129,1,19,0,-1,9,1,5,-1,0,1,0,0,0,0,1,1,-1,6,3,-1,-1,2198,2,9,FORD TRANSIT,-1,-1,0,-1
2024631490533,2024,631490533,2,19,0,-1,19,3,7,-1,0,0,0,0,0,0,1,1,-1,1,2,35,6,2198,2,15,FORD TRANSIT,5,W01000528,0,3
2024131410718,2024,131410718,3,19,0,-1,19,7,3,-1,0,0,1,0,0,0,1,1,-1,1,1,52,8,2402,2,13,FORD TRANSIT,8,E01011641,0,1
2024131503165,2024,131503165,1,19,0,-1,19,7,3,-1,0,8,0,0,0,0,4,1,-1,6,3,-1,-1,2198,2,12,FORD TRANSIT,-1,-1,0,-1
2024161453358,2024,161453358,1,19,0,-1,19,8,4,-1,0,0,0,0,0,0,4,1,-1,6,1,48,8,2496,2,26,FORD TRANSIT,1,E01012888,0,2
2024421513229,2024,421513229,1,19,0,-1,19,1,5,-1,0,0,2,0,0,0,4,1,-1,6,1,40,7,2198,2,13,FORD TRANSIT,4,E01022016,0,1
2024311441676,2024,311441676,2,19,0,-1,8,5,3,-1,0,3,0,0,1,0,1,1,-1,6,1,18,4,2198,2,9,FORD TRANSIT,1,E01028311,0,1
2024411497972,2024,411497972,1,19,0,-1,4,1,5,-1,0,1,0,0,0,0,1,9,-1,6,1,39,7,1995,2,2,FORD TRANSIT,7,E01016820,0,4
2024320741875,2024,320741875,2,19,0,2,2,0,0,0,0,0,0,0,0,0,2,1,1,1,1,20,4,1995,2,0,FORD TRANSIT,5,E01026162,0,4
2024522402028,2024,522402028,1,19,0,4,4,4,8,0,0,0,0,0,0,0,4,1,6,6,1,30,6,2198,2,13,FORD TRANSIT,7,E01014858,0,1
2024340NN0902,2024,340NN0902,3,19,0,-1,2,0,0,-1,0,8,0,0,0,0,1,1,-1,6,3,-1,-1,2402,2,14,FORD TRANSIT,-1,-1,0,-1
2024201520122,2024,201520122,2,19,0,-1,19,4,7,-1,0,8,0,0,0,0,2,1,-1,6,1,28,6,1995,2,6,FORD TRANSIT,4,E01009223,0,1
2024361410091,2024,361410091,2,20,0,-1,5,3,7,-1,0,0,0,0,0,0,1,1,-1,1,1,26,6,2402,2,18,FORD TRANSIT,5,E01026745,0,1
2024461399055,2024,461399055,1,19,0,-1,19,1,5,-1,0,0,0,0,0,0,1,1,-1,6,1,29,6,2198,2,11,FORD TRANSIT,3,E01024480,0,1
2024340WN3822,2024,340WN3822,1,19,0,-1,19,5,1,-1,0,0,0,0,7,9,4,1,-1,1,1,39,7,2198,2,10,FORD TRANSIT,4,E01025789,0,4
2024351432578,2024,351432578,2,19,0,-1,4,6,2,-1,0,0,0,0,0,0,2,9,-1,2,2,32,6,1995,2,6,FORD TRANSIT,1,E01026666,0,4
2024201452014,2024,201452014,1,19,0,-1,19,3,7,-1,0,1,0,0,0,0,1,1,-1,6,1,25,5,1995,2,6,FORD TRANSIT,2,E01010472,0,1
2024031477045,2024,031477045,1,19,0,-1,6,6,2,-1,0,0,0,0,0,0,1,1,-1,1,1,30,6,1995,2,2,FORD TRANSIT,6,E01019088,0,4