collision_index,collision_year,collision_ref_no,vehicle_reference,vehicle_type,towing_and_articulation,vehicle_manoeuvre_historic,vehicle_manoeuvre,vehicle_direction_from,vehicle_direction_to,vehicle_location_restricted_lane_historic,vehicle_location_restricted_lane,junction_location,skidding_and_overturning,hit_object_in_carriageway,vehicle_leaving_carriageway,hit_object_off_carriageway,first_point_of_impact,vehicle_left_hand_drive,journey_purpose_of_driver_historic,journey_purpose_of_driver,sex_of_driver,age_of_driver,age_band_of_driver,engine_capacity_cc,propulsion_code,age_of_vehicle,generic_make_model,driver_imd_decile,lsoa_of_driver,escooter_flag,driver_distance_banding
2024010542246,2024,010542246,2,19,0,3,3,7,3,0,0,0,0,0,0,0,0,1,1,1,1,25,5,-1,3,2,FORD TRANSIT,3,E01001372,0,3
2024311523620,2024,311523620,1,19,0,-1,19,3,7,-1,0,0,1,0,6,0,1,1,-1,9,1,26,6,2198,2,10,FORD TRANSIT,-1,-1,0,-1
2024991522427,2024,991522427,2,19,0,-1,4,7,2,-1,0,0,0,0,0,0,1,1,-1,2,1,30,6,2198,2,11,FORD TRANSIT,-1,-1,0,-1
2024320283858,2024,320283858,1,10,0,-1,-1,4,8,0,0,8,0,0,0,0,1,1,-1,-1,1,55,8,1995,2,4,FORD TRANSIT,8,E01026185,0,1
2024430546622,2024,430546622,1,19,0,18,19,1,5,0,0,0,0,0,0,0,1,1,6,6,1,23,5,2198,2,12,FORD TRANSIT,-1,-1,0,-1
2024010500817,2024,010500817,2,19,0,18,19,6,2,0,0,2,0,0,0,0,4,1,1,1,1,42,7,1995,2,7,FORD TRANSIT,8,E01001538,0,1
2024070367842,2024,070367842,1,19,0,6,6,7,3,0,0,2,0,0,0,0,2,1,6,6,1,-1,-1,2198,2,9,FORD TRANSIT,-1,-1,0,-1
2024471461380,2024,471461380,1,19,0,-1,5,4,8,-1,0,8,0,0,0,0,1,1,-1,6,1,61,9,1995,2,3,FORD TRANSIT,4,E01021207,0,2
2024430551536,2024,430551536,2,19,0,9,9,8,6,0,0,6,0,0,0,0,4,1,6,6,1,-1,-1,1995,2,2,FORD TRANSIT,-1,-1,0,-1
2024161506751,2024,161506751,2,19,9,-1,7,-1,-1,-1,99,1,9,99,9,0,9,9,-1,6,1,-1,-1,2198,2,12,FORD TRANSIT,-1,-1,0,-1
2024430580884,2024,430580884,1,19,4,18,19,2,6,0,0,0,5,0,0,6,3,1,1,1,1,-1,-1,2402,2,14,FORD TRANSIT,-1,-1,0,-1
2024122401151,2024,122401151,1,19,0,4,4,2,6,0,0,0,0,0,0,0,2,1,1,1,1,59,9,2198,2,14,FORD TRANSIT,9,E01027619,0,3
2024131403354,2024,131403354,1,19,0,-1,19,5,1,-1,0,0,0,0,0,0,1,1,-1,9,1,28,6,2198,2,12,FORD TRANSIT,6,E01011885,0,3
2024371458524,2024,371458524,2,19,0,-1,19,3,7,-1,0,0,0,0,0,0,3,1,-1,1,1,20,4,1995,2,4,FORD TRANSIT,5,E01030106,0,2
2024440111448,2024,440111448,2,19,0,18,19,8,4,0,0,0,0,0,0,0,1,1,1,1,1,-1,-1,1995,2,3,FORD TRANSIT,-1,-1,0,-1
2024520403283,2024,520403283,1,19,0,18,19,6,2,0,0,1,0,0,0,0,1,1,6,6,1,25,5,2198,2,15,FORD TRANSIT,5,E01020057,0,4
2024010515098,2024,010515098,2,19,0,99,99,9,9,99,99,9,9,99,9,99,9,9,6,6,1,60,9,1995,2,0,FORD TRANSIT,3,E01000127,0,3
2024501425525,2024,501425525,1,19,4,-1,19,3,7,-1,0,2,0,0,0,0,4,1,-1,1,1,67,10,1995,2,6,FORD TRANSIT,5,E01018940,0,3
2024010505836,2024,010505836,2,19,0,18,19,8,4,0,0,0,0,0,0,0,2,1,6,6,1,47,8,1995,2,6,FORD TRANSIT,2,E01001505,0,3
2024421440928,2024,421440928,2,10,0,-1,19,5,7,-1,0,6,0,0,0,0,3,1,-1,7,1,50,8,1995,2,4,FORD TRANSIT,6,E01021733,0,3
2024461497508,2024,461497508,1,10,0,-1,19,5,1,-1,0,1,0,0,0,0,4,1,-1,1,2,61,9,-1,-1,-1,FORD TRANSIT,3,E01024384,0,1
2024122400832,2024,122400832,1,19,0,9,9,5,3,0,0,6,0,0,0,0,4,1,6,6,1,53,8,2198,2,14,FORD TRANSIT,9,E01034761,0,3
2024161440134,2024,161440134,1,19,0,-1,19,5,1,-1,0,0,0,0,0,0,3,1,-1,9,1,38,7,2198,2,16,FORD TRANSIT,4,E01012976,0,2
2024461405089,2024,461405089,1,19,0,-1,19,1,4,-1,0,4,0,0,0,0,1,1,-1,1,1,56,9,1995,2,5,FORD TRANSIT,6,E01024071,0,2
2024231535070,2024,231535070,2,19,0,-1,4,4,8,-1,0,0,0,0,0,0,2,1,-1,6,1,40,7,1995,2,3,FORD TRANSIT,3,E01035552,0,4
2024010513450,2024,010513450,1,19,0,99,99,9,9,99,99,9,9,99,9,99,1,9,2,2,1,33,6,1995,2,2,FORD TRANSIT,6,E01024437,0,4
2024201514897,2024,201514897,1,19,0,-1,4,7,5,-1,0,0,0,0,0,0,2,1,-1,6,1,53,8,1998,2,19,FORD TRANSIT,2,E01010046,0,2
2024371420923,2024,371420923,1,19,0,-1,19,1,5,-1,0,1,1,0,0,0,1,1,-1,9,1,21,5,1995,2,2,FORD TRANSIT,3,E01033123,0,4
2024010531330,2024,010531330,1,19,0,99,99,9,9,99,99,9,9,99,9,99,9,9,1,1,1,34,6,1995,2,7,FORD TRANSIT,3,E01034151,0,3
2024631458062,2024,631458062,2,19,0,-1,19,5,2,-1,0,0,1,0,0,0,1,1,-1,9,1,61,9,2198,2,14,FORD TRANSIT,2,W01000745,0,4
2024501403602,2024,501403602,1,19,0,-1,19,5,1,-1,0,0,1,0,1,4,1,9,-1,6,3,-1,-1,2198,2,17,FORD TRANSIT,-1,-1,0,-1
2024041420370,2024,041420370,2,19,0,-1,2,2,6,-1,0,2,0,0,0,0,4,1,-1,1,1,68,10,2198,2,18,FORD TRANSIT,1,E01025590,0,1
2024010544399,2024,010544399,2,19,3,10,10,1,6,0,0,1,0,0,0,0,4,1,6,6,1,40,7,2198,2,14,FORD TRANSIT,3,E01001620,0,1
2024332400550,2024,332400550,1,19,0,-1,9,4,2,-1,0,5,0,0,0,0,4,1,-1,9,1,34,6,1995,2,2,FORD TRANSIT,5,E01025957,0,1
2024471525628,2024,471525628,1,19,0,-1,7,7,1,-1,9,6,0,0,0,0,4,1,-1,1,1,60,9,1995,2,3,FORD TRANSIT,2,E01021016,0,2
2024440196122,2024,440196122,1,19,0,18,19,2,6,0,0,0,0,0,0,0,1,1,1,1,1,32,6,1995,2,1,FORD TRANSIT,8,E01023090,0,4
2024010500512,2024,010500512,2,20,0,18,19,5,1,0,0,0,0,0,0,0,1,1,1,1,1,60,9,1995,2,1,FORD TRANSIT,-1,-1,0,-1
2024421488950,2024,421488950,1,19,0,-1,4,2,6,-1,0,0,0,0,0,0,1,1,-1,6,1,35,6,2198,2,8,FORD TRANSIT,7,E01021695,0,4
2024520402721,2024,520402721,1,19,0,18,19,6,2,0,0,8,0,0,0,0,3,1,6,6,1,57,9,2198,2,13,FORD TRANSIT,7,E01029151,0,2
2024991476555,2024,991476555,2,19,0,-1,7,5,8,-1,0,8,0,0,0,0,4,1,-1,1,1,35,6,2402,2,13,FORD TRANSIT,3,-1,0,1
2024201504916,2024,201504916,2,19,0,-1,19,1,5,-1,0,0,0,0,0,0,2,1,-1,1,1,37,7,1995,2,6,FORD TRANSIT,-1,-1,0,-1
2024010523123,2024,010523123,1,19,5,5,5,0,5,0,0,0,0,0,0,0,2,1,1,1,1,24,5,1995,2,4,FORD TRANSIT,6,E01023804,0,4
2024371497643,2024,371497643,1,19,0,-1,19,5,2,-1,0,1,0,0,0,0,1,1,-1,1,1,56,9,2198,2,11,FORD TRANSIT,8,E01030107,0,1
2024552400421,2024,552400421,1,19,0,7,7,7,1,0,0,6,0,0,0,0,1,1,1,1,3,-1,-1,2198,2,16,FORD TRANSIT,-1,-1,0,-1
2024221502299,2024,221502299,1,19,0,-1,19,2,6,-1,0,0,2,0,8,0,1,1,-1,2,1,70,10,2402,2,17,FORD TRANSIT,6,E01032213,0,1
2024531502792,2024,531502792,3,19,0,-1,19,7,3,-1,0,0,0,0,0,0,2,1,-1,6,1,56,9,2198,2,9,FORD TRANSIT,8,E01032938,0,1
2024010542195,2024,010542195,2,20,0,18,19,3,7,0,0,1,0,0,0,0,3,1,1,1,1,26,6,-1,-1,-1,FORD TRANSIT,1,E01008436,0,5
2024071081536,2024,071081536,1,19,0,-1,1,2,4,-1,0,1,0,0,0,0,2,1,-1,1,2,20,4,1995,2,0,FORD TRANSIT,2,E01012536,0,1
2024471526353,2024,471526353,2,19,0,-1,11,6,8,-1,0,0,0,0,0,0,4,1,-1,6,1,-1,-1,1995,2,0,FORD TRANSIT,-1,-1,0,-1
2024070355595,2024,070355595,1,19,0,4,4,7,3,0,0,0,0,0,0,0,1,1,1,1,1,43,7,1995,2,2,FORD TRANSIT,4,E01006851,0,3
2024520403057,2024,520403057,2,19,0,18,19,1,5,0,0,0,0,0,0,0,3,1,6,6,1,55,8,1995,2,3,FORD TRANSIT,6,E01015005,0,4
2024440274061,2024,440274061,2,19,0,7,7,3,7,0,0,1,0,0,0,0,1,1,6,6,3,-1,-1,2198,2,9,FORD TRANSIT,-1,-1,0,-1
2024070874774,2024,070874774,2,19,0,-1,2,0,0,-1,-1,3,0,0,0,0,1,1,-1,1,1,39,7,1995,2,1,FORD TRANSIT,4,E01032684,0,3
2024351458378,2024,351458378,1,19,0,-1,19,1,5,-1,0,0,0,0,7,9,1,1,-1,1,1,30,6,1995,2,1,FORD TRANSIT,6,E01033113,0,2
2024471506798,2024,471506798,2,19,0,-1,13,8,4,-1,0,0,0,0,0,0,4,1,-1,6,3,-1,-1,2402,2,14,FORD TRANSIT,-1,-1,0,-1
2024522403355,2024,522403355,2,19,0,18,19,1,5,0,0,8,0,0,0,0,1,1,6,6,1,38,7,1995,2,2,FORD TRANSIT,5,E01014451,0,3
2024111398872,2024,111398872,1,19,0,-1,19,5,1,-1,0,1,0,0,0,0,4,9,-1,1,3,30,6,1995,2,3,FORD TRANSIT,-1,-1,0,-1
2024311489268,2024,311489268,1,21,0,-1,4,6,1,-1,0,1,0,0,0,0,3,1,-1,6,1,51,8,-1,-1,-1,FORD TRANSIT,-1,-1,0,-1
2024201500507,2024,201500507,1,19,0,-1,7,8,2,-1,0,0,0,0,0,0,3,1,-1,1,1,-1,-1,1995,2,1,FORD TRANSIT,-1,-1,0,-1
2024351472368,2024,351472368,3,19,0,-1,19,8,4,-1,0,0,0,0,0,0,3,1,-1,1,1,57,9,1995,2,1,FORD TRANSIT,4,E01026720,0,4
2024471397401,2024,471397401,1,19,0,-1,19,7,3,-1,0,2,0,0,0,0,1,1,-1,1,1,24,5,1995,2,2,FORD TRANSIT,7,E01024846,0,3
2024010503781,2024,010503781,1,19,0,9,9,3,1,0,0,1,0,0,0,0,1,1,6,6,3,-1,-1,1995,2,3,FORD TRANSIT,-1,-1,0,-1
2024041399069,2024,041399069,2,19,0,-1,19,5,1,-1,0,0,0,0,0,0,1,1,-1,1,1,36,7,2402,2,13,FORD TRANSIT,1,E01024895,0,2
2024101426613,2024,101426613,1,19,0,-1,5,3,7,-1,0,6,0,0,0,0,0,1,-1,9,1,24,5,2198,2,12,FORD TRANSIT,2,E01008324,0,4
2024340NN1552,2024,340NN1552,1,19,0,-1,19,8,4,-1,0,1,0,0,0,0,1,1,-1,1,1,30,6,2198,2,8,FORD TRANSIT,2,E01032538,0,4
2024991499690,2024,991499690,1,10,0,-1,19,3,7,-1,0,0,5,0,7,9,1,1,-1,1,2,35,6,2198,2,9,FORD TRANSIT,10,-1,0,3
2024461527896,2024,461527896,1,10,0,-1,19,6,2,-1,2,0,0,0,0,0,4,1,-1,1,1,47,8,1995,2,2,FORD TRANSIT,3,E01016030,0,1
2024302400368,2024,302400368,1,19,0,9,9,4,2,0,0,6,0,0,0,0,1,1,1,1,1,27,6,2198,2,12,FORD TRANSIT,2,E01029450,0,1
2024052400117,2024,052400117,3,19,4,18,19,7,3,0,0,1,0,0,0,0,1,1,1,1,1,50,8,2198,2,8,FORD TRANSIT,1,E01007277,0,1
2024451432753,2024,451432753,5,19,0,-1,2,0,0,-1,0,0,0,0,0,0,4,1,-1,6,-1,-1,-1,2198,2,16,FORD TRANSIT,-1,-1,0,-1
2024010532698,2024,010532698,1,19,0,3,3,7,3,0,0,1,0,0,0,0,2,1,1,1,1,23,5,-1,3,1,FORD TRANSIT,6,E01002654,0,2
2024421421156,2024,421421156,1,19,0,-1,19,7,3,-1,0,8,0,0,0,0,1,1,-1,1,1,24,5,1995,2,2,FORD TRANSIT,1,E01034096,0,3
2024440177959,2024,440177959,1,19,0,18,19,2,6,0,0,2,1,0,0,0,1,1,1,1,1,39,7,1995,2,4,FORD TRANSIT,3,E01031482,0,4
202417M313024,2024,17M313024,2,19,0,-1,19,8,4,-1,0,2,0,0,0,0,1,1,-1,1,1,-1,-1,2198,2,10,FORD TRANSIT,-1,-1,0,-1
2024461521469,2024,461521469,1,19,0,-1,-1,-1,-1,-1,-1,0,-1,-1,-1,0,-1,9,-1,6,3,-1,-1,2400,2,22,FORD TRANSIT,-1,-1,0,-1
2024430521935,2024,430521935,1,19,0,18,19,4,8,0,0,2,0,0,0,0,1,1,1,1,1,55,8,1995,2,7,FORD TRANSIT,6,E01016471,0,2
2024522500003,2024,522500003,2,19,0,18,19,6,2,0,0,0,0,0,0,0,1,1,6,6,1,-1,-1,1995,2,5,FORD TRANSIT,7,E01014648,0,2
2024522401476,2024,522401476,2,19,0,18,19,4,8,0,0,0,0,0,0,0,1,1,6,6,3,-1,-1,2402,2,23,FORD TRANSIT,-1,-1,0,-1
2024221504321,2024,221504321,1,19,4,-1,19,6,2,-1,0,0,0,0,0,0,2,1,-1,1,1,24,5,2198,2,10,FORD TRANSIT,9,E01032125,0,2
2024471532238,2024,471532238,2,19,0,-1,-1,-1,-1,-1,-1,-1,-1,-1,-1,0,-1,1,-1,6,1,48,8,1995,2,2,FORD TRANSIT,-1,-1,0,-1
2024411450354,2024,411450354,1,19,0,-1,4,2,6,-1,0,0,1,0,0,0,1,1,-1,1,1,38,7,1995,2,7,FORD TRANSIT,3,E01001529,0,3
2024440196163,2024,440196163,1,19,4,18,19,8,4,0,0,0,3,4,0,0,1,1,2,2,1,31,6,1995,2,5,FORD TRANSIT,7,E01022918,0,1
2024991533326,2024,991533326,1,9,0,-1,19,2,6,-1,0,0,0,0,0,0,1,1,-1,9,1,43,7,1995,2,7,FORD TRANSIT,-1,-1,0,-1
2024010501856,2024,010501856,4,90,0,18,19,2,6,0,0,0,0,0,0,0,1,1,1,1,1,54,8,-1,-1,-1,FORD TRANSIT,4,E01030551,0,2
2024101399849,2024,101399849,1,19,0,-1,19,5,1,-1,0,0,0,0,0,0,1,1,-1,1,1,-1,-1,1995,2,4,FORD TRANSIT,2,E01008261,0,2
2024201510854,2024,201510854,1,19,0,-1,19,7,3,-1,0,8,0,0,0,0,1,9,-1,6,3,-1,-1,1996,2,0,FORD TRANSIT,-1,-1,0,-1
2024421407941,2024,421407941,2,19,0,-1,19,1,1,-1,0,1,0,0,0,0,1,1,-1,7,2,39,7,1995,2,6,FORD TRANSIT,-1,-1,0,-1
2024010532535,2024,010532535,1,19,0,18,19,5,1,0,0,0,0,0,0,0,1,1,6,6,1,34,6,2198,2,10,FORD TRANSIT,2,E01002074,0,1
2024010506870,2024,010506870,2,19,0,99,99,9,9,99,99,9,9,99,9,99,9,9,6,6,3,-1,-1,1995,2,2,FORD TRANSIT,-1,-1,0,-1
2024531444776,2024,531444776,1,19,0,-1,19,1,5,-1,0,0,0,0,0,0,1,1,-1,6,1,18,4,1998,2,18,FORD TRANSIT,9,E01022101,0,3
2024141495174,2024,141495174,3,19,0,-1,19,1,4,-1,0,0,0,0,0,0,1,9,-1,6,3,-1,-1,1995,2,7,FORD TRANSIT,-1,-1,0,-1
2024010510321,2024,010510321,1,20,0,99,99,9,9,99,99,9,9,99,9,99,0,9,1,1,1,65,9,1995,2,1,FORD TRANSIT,4,E01003480,0,1
2024421503591,2024,421503591,2,19,0,-1,5,7,5,-1,0,0,0,0,0,0,3,1,-1,1,1,52,8,2402,2,19,FORD TRANSIT,7,E01021264,0,2
2024522400795,2024,522400795,1,19,0,18,19,4,8,0,0,2,0,0,0,0,1,1,6,6,1,32,6,2402,2,13,FORD TRANSIT,1,E01014658,0,1
2024471533656,2024,471533656,3,19,0,-1,19,4,8,-1,0,0,0,0,0,0,3,1,-1,9,1,40,7,2198,2,8,FORD TRANSIT,4,E01021013,0,3
2024440328023,2024,440328023,1,19,0,17,19,1,5,0,0,0,0,0,2,4,1,1,1,1,1,29,6,1995,2,1,FORD TRANSIT,5,E01017368,0,1
2024061409182,2024,061409182,1,19,0,-1,1,8,4,-1,0,1,0,0,0,0,2,9,-1,6,3,-1,-1,2198,2,13,FORD TRANSIT,-1,-1,0,-1
2024010532482,2024,010532482,1,19,0,12,12,9,9,99,99,9,9,99,9,99,9,9,6,6,3,38,7,1995,2,6,FORD TRANSIT,4,E01013782,0,5
2024211511029,2024,211511029,1,19,-1,-1,1,3,7,-1,0,0,0,0,0,0,2,9,-1,6,3,30,6,2198,2,15,FORD TRANSIT,-1,-1,0,-1
2024141423205,2024,141423205,1,19,0,-1,19,-1,-1,-1,0,0,0,0,0,0,-1,9,-1,6,3,-1,-1,2198,2,16,FORD TRANSIT,-1,-1,0,-1
2024010505733,2024,010505733,1,19,0,18,19,3,7,0,0,0,0,0,0,0,1,1,6,6,1,31,6,1995,2,6,FORD TRANSIT,-1,-1,0,-1
2024522402244,2024,522402244,2,19,0,1,1,8,4,0,0,6,0,0,0,0,2,1,6,6,1,38,7,1995,2,7,FORD TRANSIT,3,W01001885,0,4
2024031401850,2024,031401850,1,19,0,-1,19,8,4,-1,0,0,0,0,0,0,1,1,-1,6,1,38,7,2396,2,20,FORD TRANSIT,4,E01008855,0,5
2024991527520,2024,991527520,1,19,0,-1,19,7,2,-1,0,0,0,0,0,0,1,1,-1,9,1,27,6,1995,2,3,FORD TRANSIT,9,-1,0,2
202417M316824,2024,17M316824,2,19,0,-1,19,6,2,-1,0,1,0,0,0,0,1,1,-1,1,1,48,8,2402,2,19,FORD TRANSIT,3,E01012206,0,2
2024041432746,2024,041432746,3,19,0,-1,3,1,5,-1,0,0,0,0,0,0,3,1,-1,1,1,54,8,1995,2,5,FORD TRANSIT,1,E01012215,0,5
2024122401296,2024,122401296,2,19,0,2,2,0,0,0,0,1,0,0,0,0,1,1,1,1,1,42,7,2402,2,14,FORD TRANSIT,8,E01027635,0,1
2024440223503,2024,440223503,1,19,0,18,19,6,2,0,0,2,0,0,0,0,1,1,1,1,1,67,10,1995,2,0,FORD TRANSIT,8,E01022935,0,4
2024991411738,2024,991411738,2,90,0,-1,2,0,0,-1,0,0,0,0,0,0,2,1,-1,6,2,66,10,2402,2,13,FORD TRANSIT,2,-1,0,1
2024010545770,2024,010545770,1,19,0,2,2,0,0,0,0,2,0,0,0,0,2,1,6,6,3,-1,-1,1995,2,6,FORD TRANSIT,-1,-1,0,-1
2024461449625,2024,461449625,2,19,5,-1,19,7,3,-1,0,0,0,0,0,0,2,1,-1,2,1,25,5,1995,2,4,FORD TRANSIT,1,E01024580,0,2
2024061395250,2024,061395250,1,19,0,-1,4,7,3,-1,0,0,0,0,0,0,1,1,-1,1,1,49,8,1995,2,3,FORD TRANSIT,5,E01005556,0,2
2024440090716,2024,440090716,1,19,0,13,13,4,8,0,0,2,0,0,7,0,4,1,1,1,1,29,6,1995,2,1,FORD TRANSIT,5,E01022640,0,2
2024451432874,2024,451432874,1,19,0,-1,19,1,5,-1,0,0,0,0,0,0,1,1,-1,1,1,19,4,1995,2,3,FORD TRANSIT,6,E01030765,0,2
2024010544573,2024,010544573,1,19,0,10,10,5,3,0,0,1,1,0,0,0,1,1,1,1,1,36,7,1995,2,6,FORD TRANSIT,-1,-1,0,-1
2024010522117,2024,010522117,1,19,0,10,10,3,1,2,2,2,0,0,0,0,1,1,6,6,1,32,6,-1,3,2,FORD TRANSIT,3,E01001298,0,3
2024520500331,2024,520500331,2,19,0,4,4,2,6,0,0,8,1,0,0,0,1,1,6,6,1,48,8,2198,2,12,FORD TRANSIT,1,E01029293,0,2
2024522401463,2024,522401463,1,19,0,2,2,0,0,0,0,0,0,0,0,0,3,1,6,6,3,-1,-1,2402,2,15,FORD TRANSIT,-1,-1,0,-1
2024161526952,2024,161526952,4,19,0,-1,2,7,3,-1,9,0,0,0,0,0,4,1,-1,6,-1,-1,-1,2198,2,8,FORD TRANSIT,-1,-1,0,-1
2024421512913,2024,421512913,2,19,0,-1,-1,-1,-1,-1,-1,0,-1,-1,-1,0,-1,9,-1,6,1,-1,-1,1995,2,2,FORD TRANSIT,-1,-1,0,-1
2024161426978,2024,161426978,2,19,0,-1,7,2,4,-1,0,6,0,0,0,0,1,1,-1,6,2,35,6,2198,2,11,FORD TRANSIT,4,E01012816,0,1
2024351434799,2024,351434799,2,19,0,-1,19,8,3,-1,0,7,0,0,0,0,-1,9,-1,1,1,37,7,1995,2,6,FORD TRANSIT,6,E01015620,0,1
2024111518887,2024,111518887,2,19,0,-1,5,3,7,-1,0,0,0,0,0,0,4,1,-1,2,1,38,7,1995,2,7,FORD TRANSIT,-1,-1,0,-1
2024010528415,2024,010528415,2,19,0,4,4,1,5,0,0,1,0,0,0,0,1,1,1,1,1,43,7,1995,2,5,FORD TRANSIT,6,E01002630,0,1
2024010517257,2024,010517257,2,19,0,99,99,9,9,99,99,5,9,99,9,99,1,9,6,6,3,-1,-1,1995,2,6,FORD TRANSIT,-1,-1,0,-1
2024501492679,2024,501492679,1,19,0,-1,19,6,2,-1,0,0,0,0,0,0,1,1,-1,1,1,42,7,1995,2,3,FORD TRANSIT,5,E01029058,0,5
2024440020254,2024,440020254,1,19,0,12,12,6,2,0,0,0,0,0,0,0,3,1,1,1,1,27,6,1995,2,3,FORD TRANSIT,9,E01022971,0,4
2024361408243,2024,361408243,3,19,0,-1,2,3,2,-1,-1,1,0,4,0,0,2,9,-1,6,-1,-1,-1,1995,2,2,FORD TRANSIT,-1,-1,0,-1
2024201512018,2024,201512018,3,19,0,-1,19,6,2,-1,0,8,0,0,0,0,2,1,-1,6,1,31,6,2402,2,14,FORD TRANSIT,3,E01027967,0,4
2024161407638,2024,161407638,1,19,0,-1,5,7,3,-1,0,8,0,0,0,0,4,1,-1,1,1,58,9,1995,2,2,FORD TRANSIT,7,E01013264,0,4
2024161520561,2024,161520561,1,19,0,-1,19,8,4,-1,0,0,0,0,7,4,1,1,-1,1,1,55,8,1996,2,0,FORD TRANSIT,4,E01012976,0,2
2024141516886,2024,141516886,2,19,0,-1,19,4,7,-1,0,0,0,0,0,0,1,1,-1,9,1,25,5,2402,2,13,FORD TRANSIT,2,E01007843,0,2
2024302400939,2024,302400939,2,19,0,2,2,0,0,0,0,0,0,0,0,0,2,1,6,6,3,-1,-1,2198,2,10,FORD TRANSIT,-1,-1,0,-1
2024041501229,2024,041501229,1,19,0,-1,12,7,3,-1,0,0,0,0,0,0,1,1,-1,6,1,40,7,2198,2,17,FORD TRANSIT,2,E01025285,0,1
2024010541928,2024,010541928,1,19,0,9,9,2,7,0,0,6,0,0,0,0,3,1,1,1,1,41,7,1995,2,5,FORD TRANSIT,6,E01002628,0,1
2024161410699,2024,161410699,1,19,0,-1,19,3,7,-1,0,0,0,0,0,0,1,9,-1,6,1,38,7,2402,2,18,FORD TRANSIT,4,E01034983,0,3
2024161418251,2024,161418251,2,19,0,-1,2,0,0,-1,0,2,0,0,0,0,3,2,-1,6,-1,-1,-1,1995,2,2,FORD TRANSIT,-1,-1,0,-1
2024471425586,2024,471425586,1,10,0,-1,5,3,7,-1,0,4,0,0,0,0,1,1,-1,1,1,66,10,1995,2,2,FORD TRANSIT,6,E01034823,0,2
2024471395617,2024,471395617,2,19,0,-1,4,7,3,-1,0,0,0,0,0,0,2,1,-1,9,1,57,9,2198,2,12,FORD TRANSIT,4,E01020918,0,4
2024161503580,2024,161503580,1,19,0,-1,7,7,1,-1,0,2,1,0,0,0,1,1,-1,1,1,53,8,2198,2,8,FORD TRANSIT,1,E01012867,0,2
2024101462658,2024,101462658,2,19,0,-1,19,2,6,-1,0,8,0,0,0,0,4,1,-1,6,1,41,7,2198,2,10,FORD TRANSIT,2,E01008625,0,1
2024332400250,2024,332400250,1,21,0,-1,13,4,1,-1,0,0,0,0,0,0,4,1,-1,1,1,49,8,1995,2,1,FORD TRANSIT,1,E01013652,0,4
2024131474289,2024,131474289,1,19,0,-1,-1,-1,-1,-1,-1,-1,-1,-1,-1,-1,-1,1,-1,6,3,-1,-1,1995,2,2,FORD TRANSIT,-1,-1,0,-1
2024461490128,2024,461490128,2,19,0,-1,13,3,7,-1,0,0,0,0,0,0,3,1,-1,6,-1,-1,-1,2402,2,18,FORD TRANSIT,-1,-1,0,-1
2024302400722,2024,302400722,1,19,0,16,19,5,1,0,0,1,0,0,0,0,1,1,6,6,1,39,7,2198,2,16,FORD TRANSIT,2,E01019453,0,1
2024131459372,2024,131459372,3,19,0,-1,10,1,5,-1,0,0,0,0,0,0,2,1,-1,1,1,35,6,1995,2,7,FORD TRANSIT,10,E01011270,0,4
2024340NN1072,2024,340NN1072,1,19,0,-1,19,3,7,-1,0,6,0,0,3,11,3,1,-1,9,1,32,6,2198,2,8,FORD TRANSIT,1,E01026950,0,3
2024440283971,2024,440283971,2,19,0,4,4,2,6,0,0,1,0,0,0,0,1,1,6,6,3,-1,-1,1995,2,3,FORD TRANSIT,-1,-1,0,-1
2024010508199,2024,010508199,2,90,0,9,9,5,3,0,0,8,0,0,0,0,3,1,1,1,2,46,8,1995,2,0,FORD TRANSIT,7,E01002617,0,2
2024471455284,2024,471455284,1,10,0,-1,19,5,1,-1,0,1,0,0,0,0,-1,9,-1,6,1,74,10,2198,2,6,FORD TRANSIT,7,E01031438,0,4
2024010526656,2024,010526656,2,19,0,3,3,3,7,0,0,1,0,1,0,0,2,1,2,2,1,23,5,999,1,0,FORD TRANSIT,4,E01001285,0,2
2024201433781,2024,201433781,1,19,0,-1,19,7,3,-1,0,0,0,0,0,0,1,9,-1,6,1,21,5,2198,2,17,FORD TRANSIT,2,E01010397,0,2
2024010518180,2024,010518180,2,19,0,99,99,9,9,99,99,9,9,99,9,99,1,9,6,6,3,-1,-1,-1,3,0,FORD TRANSIT,7,E01001851,0,2
2024101407957,2024,101407957,1,19,0,-1,19,2,6,-1,0,8,0,0,0,0,1,9,-1,6,1,40,7,2198,2,10,FORD TRANSIT,3,E01008833,0,3
2024471489333,2024,471489333,3,19,0,-1,4,4,8,-1,0,0,0,0,0,0,1,1,-1,1,1,34,6,1995,2,2,FORD TRANSIT,3,E01021131,0,4
202417S108224,2024,17S108224,1,19,0,-1,6,4,4,-1,0,0,0,0,0,0,1,1,-1,1,1,63,9,2198,2,15,FORD TRANSIT,2,E01020763,0,4
2024991499250,2024,991499250,2,19,0,-1,13,2,6,-1,0,0,0,0,0,0,3,1,-1,2,1,45,7,2198,2,12,FORD TRANSIT,7,-1,0,2
2024010530876,2024,010530876,2,19,0,18,19,1,5,0,0,4,0,0,0,0,1,1,6,6,1,24,5,2402,2,14,FORD TRANSIT,-1,-1,0,-1