collision_index,collision_year,collision_ref_no,vehicle_reference,vehicle_type,towing_and_articulation,vehicle_manoeuvre_historic,vehicle_manoeuvre,vehicle_direction_from,vehicle_direction_to,vehicle_location_restricted_lane_historic,vehicle_location_restricted_lane,junction_location,skidding_and_overturning,hit_object_in_carriageway,vehicle_leaving_carriageway,hit_object_off_carriageway,first_point_of_impact,vehicle_left_hand_drive,journey_purpose_of_driver_historic,journey_purpose_of_driver,sex_of_driver,age_of_driver,age_band_of_driver,engine_capacity_cc,propulsion_code,age_of_vehicle,generic_make_model,driver_imd_decile,lsoa_of_driver,escooter_flag,driver_distance_banding
2024302400877,2024,302400877,2,19,0,14,14,6,2,0,0,0,0,0,0,0,1,1,1,1,1,37,7,2402,2,12,FORD TRANSIT,2,E01019699,0,1
2024311495581,2024,311495581,1,19,0,-1,9,8,4,-1,0,0,1,0,1,4,4,1,-1,1,1,18,4,2198,2,9,FORD TRANSIT,-1,-1,0,-1
2024451403265,2024,451403265,2,19,0,-1,2,0,0,-1,0,0,0,4,0,0,3,1,-1,6,-1,-1,-1,1995,2,2,FORD TRANSIT,-1,-1,0,-1
2024131492396,2024,131492396,1,19,0,-1,19,3,7,-1,0,0,0,0,0,0,1,2,-1,6,3,-1,-1,1995,2,2,FORD TRANSIT,-1,-1,0,-1
2024351541968,2024,351541968,2,19,0,-1,9,7,3,-1,0,0,0,0,1,9,4,1,-1,1,1,27,6,1996,2,0,FORD TRANSIT,3,E01027227,0,4
2024522500399,2024,522500399,2,19,0,18,19,6,2,0,0,0,0,0,0,0,3,1,6,6,3,-1,-1,1995,2,3,FORD TRANSIT,-1,-1,0,-1
2024161450929,2024,161450929,1,19,0,-1,19,8,4,-1,0,0,0,0,1,4,1,1,-1,6,1,75,10,2198,2,18,FORD TRANSIT,3,E01013133,0,2
2024522402168,2024,522402168,2,19,0,18,19,7,3,0,0,0,5,0,2,10,3,1,6,6,1,36,7,2198,2,12,FORD TRANSIT,7,E01015585,0,4
2024010532671,2024,010532671,2,19,0,18,19,1,5,0,0,8,0,0,0,0,4,1,1,1,1,23,5,1995,2,1,FORD TRANSIT,3,E01035668,0,1
2024522401824,2024,522401824,1,19,0,11,11,2,6,0,0,1,0,0,0,0,1,1,6,6,1,33,6,1995,2,2,FORD TRANSIT,8,E01014773,0,3
2024440027056,2024,440027056,1,19,0,18,19,2,6,0,0,0,0,0,0,0,4,1,6,6,2,81,11,2198,2,12,FORD TRANSIT,6,E01023015,0,2
2024041476402,2024,041476402,2,19,0,-1,19,5,1,-1,0,0,0,0,0,0,3,1,-1,1,1,44,7,2198,2,12,FORD TRANSIT,7,E01025576,0,1
2024041496508,2024,041496508,1,19,0,-1,19,3,7,-1,0,0,0,0,0,0,1,1,-1,1,1,34,6,2198,2,10,FORD TRANSIT,4,E01034344,0,1
2024451526191,2024,451526191,2,19,0,-1,4,5,1,-1,0,0,0,0,0,0,1,1,-1,2,1,29,6,1995,2,4,FORD TRANSIT,8,E01004144,0,4
2024010515860,2024,010515860,2,19,0,18,19,5,1,0,0,8,0,0,7,10,1,1,6,6,1,58,9,-1,3,1,FORD TRANSIT,-1,-1,0,-1
2024010505215,2024,010505215,1,19,0,1,1,5,1,0,0,2,0,4,0,0,2,1,6,6,1,24,5,2402,2,14,FORD TRANSIT,-1,-1,0,-1
2024041488808,2024,041488808,1,19,0,-1,19,7,3,-1,0,1,0,0,0,0,1,1,-1,1,1,39,7,1995,2,6,FORD TRANSIT,2,E01012536,0,4
202460Q154313,2024,60Q154313,1,20,1,18,19,3,7,0,0,0,0,0,0,0,0,1,6,6,1,17,4,1995,2,2,FORD TRANSIT,-1,-1,0,-1
2024471514991,2024,471514991,1,19,0,-1,19,5,1,-1,0,8,0,0,0,0,1,1,-1,2,1,53,8,1995,2,0,FORD TRANSIT,4,E01015948,0,4
2024461518935,2024,461518935,2,19,0,-1,5,5,7,-1,0,1,0,0,0,0,1,2,-1,2,1,49,8,2198,2,17,FORD TRANSIT,7,E01024094,0,4
2024501533391,2024,501533391,1,19,0,-1,19,7,3,-1,0,0,0,0,0,0,1,1,-1,1,1,35,6,1996,2,0,FORD TRANSIT,4,E01020123,0,2
2024471456592,2024,471456592,2,19,0,-1,19,4,8,-1,0,3,0,0,0,0,3,1,-1,1,1,29,6,1995,2,2,FORD TRANSIT,1,E01016865,0,4
2024501504557,2024,501504557,2,19,0,-1,3,8,4,-1,0,0,0,0,0,0,2,1,-1,1,1,25,5,1995,2,1,FORD TRANSIT,2,E01018865,0,3
2024041412143,2024,041412143,1,19,0,-1,19,7,3,-1,0,0,0,5,0,0,1,1,-1,1,1,30,6,1995,2,2,FORD TRANSIT,3,E01012588,0,4
2024221512612,2024,221512612,1,20,0,-1,19,7,3,-1,0,0,0,0,0,0,1,9,-1,1,3,60,9,2402,2,18,FORD TRANSIT,-1,-1,0,-1
2024461526549,2024,461526549,2,20,0,-1,19,5,1,-1,0,4,0,0,0,0,3,9,-1,1,1,55,8,-1,-1,-1,FORD TRANSIT,2,E01021185,0,4
2024622400540,2024,622400540,1,90,0,1,1,3,7,0,0,1,0,0,0,0,2,1,1,1,1,25,5,-1,-1,-1,FORD TRANSIT,3,W01001963,0,4
2024631394242,2024,631394242,1,20,4,-1,19,4,8,-1,0,8,0,0,3,11,0,1,-1,1,1,50,8,-1,-1,-1,FORD TRANSIT,1,W01000830,0,4
2024302400789,2024,302400789,1,19,0,4,4,7,3,0,0,0,0,0,0,0,2,1,6,6,1,25,5,1995,2,4,FORD TRANSIT,9,E01025744,0,3
2024161455383,2024,161455383,2,19,0,-1,5,1,5,-1,0,1,0,0,0,0,3,1,-1,6,1,-1,-1,2402,2,18,FORD TRANSIT,3,E01013087,0,4
2024622400111,2024,622400111,1,19,0,7,7,2,4,0,0,2,0,0,0,0,1,1,1,1,1,43,7,1995,2,7,FORD TRANSIT,5,W01001273,0,2
2024010568799,2024,010568799,2,19,0,5,5,2,6,0,0,6,2,0,3,1,3,1,1,1,1,49,8,1995,2,6,FORD TRANSIT,2,E01002094,0,1
2024421500248,2024,421500248,2,19,0,-1,19,3,8,-1,0,0,0,0,0,0,3,1,-1,9,1,34,6,2198,2,8,FORD TRANSIT,7,E01003762,0,3
2024061433724,2024,061433724,1,19,0,-1,9,2,8,-1,0,8,0,0,0,0,1,2,-1,2,1,34,6,1995,2,3,FORD TRANSIT,1,E01005722,0,1
2024231437776,2024,231437776,1,19,0,-1,19,1,5,-1,0,0,0,0,1,3,1,1,-1,6,1,57,9,2402,2,16,FORD TRANSIT,5,E01031186,0,1
2024311460180,2024,311460180,1,19,0,-1,19,2,6,-1,0,0,0,0,0,0,2,1,-1,6,1,35,6,1995,2,2,FORD TRANSIT,9,E01019659,0,3
2024010544943,2024,010544943,2,19,0,99,99,9,9,99,99,0,9,99,9,99,2,9,6,6,3,-1,-1,1995,2,1,FORD TRANSIT,3,E01000725,0,4
2024411405507,2024,411405507,1,19,0,-1,19,1,5,-1,0,0,0,0,5,6,2,9,-1,1,1,35,6,1995,2,6,FORD TRANSIT,-1,-1,0,-1
2024501427695,2024,501427695,1,19,0,-1,19,7,3,-1,0,0,5,0,0,0,1,1,-1,2,1,33,6,1995,2,5,FORD TRANSIT,2,E01015156,0,4
2024101403985,2024,101403985,2,20,0,-1,9,5,1,-1,0,1,0,0,7,0,1,1,-1,1,1,57,9,-1,-1,-1,FORD TRANSIT,4,E01008402,0,4
2024361438410,2024,361438410,1,19,0,-1,9,7,4,-1,0,8,0,0,0,0,3,1,-1,1,1,27,6,1995,2,5,FORD TRANSIT,4,E01026606,0,3
2024041400828,2024,041400828,2,19,0,-1,19,6,2,-1,0,1,0,0,0,0,1,1,-1,2,1,58,9,1995,2,5,FORD TRANSIT,7,E01012636,0,1
2024440465006,2024,440465006,3,19,0,3,3,5,1,0,0,1,0,0,0,0,2,1,6,6,1,61,9,1995,2,2,FORD TRANSIT,3,E01017220,0,3
2024122400479,2024,122400479,1,19,0,9,9,5,1,0,0,5,0,0,0,0,1,1,1,1,1,37,7,-1,3,2,FORD TRANSIT,1,E01007410,0,4
2024430249158,2024,430249158,1,19,0,18,19,3,7,0,0,1,0,0,0,0,1,1,2,2,1,-1,-1,2198,2,10,FORD TRANSIT,-1,-1,0,-1
2024010539853,2024,010539853,1,19,0,99,99,9,9,99,99,9,9,99,9,99,9,9,6,6,3,-1,-1,1995,2,4,FORD TRANSIT,4,E01001183,0,3
2024161526952,2024,161526952,3,19,0,-1,2,7,3,-1,9,0,0,0,0,0,4,1,-1,6,-1,-1,-1,2198,2,9,FORD TRANSIT,-1,-1,0,-1
2024411420186,2024,411420186,2,19,0,-1,9,1,7,-1,0,3,0,0,0,0,4,1,-1,1,1,42,7,1995,2,2,FORD TRANSIT,7,E01018064,0,4
2024371479691,2024,371479691,2,19,0,-1,19,3,6,-1,0,2,0,0,0,0,1,1,-1,1,1,41,7,1995,2,5,FORD TRANSIT,5,E01030016,0,1
2024131419233,2024,131419233,1,19,0,-1,4,1,5,-1,0,8,0,0,0,0,1,1,-1,1,2,52,8,2198,2,12,FORD TRANSIT,1,E01010666,0,1
2024520401668,2024,520401668,1,19,0,18,19,1,5,0,0,8,0,0,0,0,4,1,6,6,1,38,7,1995,2,1,FORD TRANSIT,8,E01029145,0,4
2024211433792,2024,211433792,2,19,0,-1,19,5,1,-1,0,0,0,0,0,0,1,1,-1,6,1,25,5,2402,2,13,FORD TRANSIT,2,E01014276,0,1
2024501506659,2024,501506659,2,19,0,-1,19,7,3,-1,0,1,0,0,0,0,1,1,-1,1,1,59,9,1995,2,6,FORD TRANSIT,6,E01020124,0,4
2024471427992,2024,471427992,1,19,0,-1,9,2,7,-1,0,1,0,0,0,0,1,1,-1,1,1,52,8,1995,2,1,FORD TRANSIT,7,E01021007,0,4
2024061484381,2024,061484381,2,19,0,-1,19,7,2,-1,0,0,0,0,0,0,2,1,-1,1,1,29,6,1995,2,2,FORD TRANSIT,3,E01006839,0,2
2024010536503,2024,010536503,2,19,0,18,19,7,3,0,0,0,0,0,0,0,1,1,1,1,1,24,5,-1,3,1,FORD TRANSIT,4,E01002491,0,2
2024332400975,2024,332400975,1,19,0,-1,19,7,3,-1,0,0,0,0,0,0,1,1,-1,2,1,52,8,2198,2,12,FORD TRANSIT,4,E01013729,0,2
2024361482598,2024,361482598,1,19,0,-1,5,7,7,-1,0,0,0,0,0,0,1,1,-1,1,1,69,10,1995,2,1,FORD TRANSIT,7,E01029871,0,4
2024320038571,2024,320038571,2,19,4,2,2,0,0,0,0,0,0,0,0,0,2,1,6,6,1,42,7,2402,2,19,FORD TRANSIT,6,E01026649,0,4
2024302500105,2024,302500105,1,19,0,-1,19,1,5,-1,9,1,0,0,1,11,1,1,-1,6,1,28,6,2402,2,18,FORD TRANSIT,5,E01019436,0,2
2024010517070,2024,010517070,1,19,0,18,19,7,3,0,0,1,0,11,0,0,4,1,1,1,1,27,6,1995,2,2,FORD TRANSIT,5,E01034419,0,4
2024010533990,2024,010533990,2,19,9,99,99,9,9,99,99,9,9,99,9,99,9,9,6,6,3,-1,-1,2402,2,23,FORD TRANSIT,-1,-1,0,-1
2024101497461,2024,101497461,4,19,0,-1,19,5,1,-1,0,0,0,0,0,0,2,1,-1,1,1,70,10,2198,2,10,FORD TRANSIT,2,E01008719,0,2
2024141486815,2024,141486815,2,19,0,-1,5,-1,-1,-1,0,0,0,0,0,0,-1,9,-1,6,1,24,5,1995,2,3,FORD TRANSIT,1,E01008119,0,2
2024401427621,2024,401427621,1,90,0,-1,1,5,3,-1,9,0,0,0,0,0,2,1,-1,6,3,-1,-1,-1,-1,-1,FORD TRANSIT,-1,-1,0,-1
2024010522012,2024,010522012,2,19,0,99,99,9,9,99,99,0,9,99,9,99,9,9,6,6,3,-1,-1,1995,2,3,FORD TRANSIT,-1,-1,0,-1
2024131410013,2024,131410013,1,19,0,-1,19,1,5,-1,0,0,0,0,0,0,1,1,-1,1,1,51,8,1995,2,4,FORD TRANSIT,2,E01011341,0,1
2024552400246,2024,552400246,1,19,0,18,19,5,1,0,0,8,0,0,0,0,1,1,1,1,1,53,8,-1,3,2,FORD TRANSIT,9,E01015364,0,1
2024320210679,2024,320210679,1,19,0,-1,-1,7,3,0,0,0,0,0,0,0,1,1,6,6,1,35,6,2198,2,11,FORD TRANSIT,5,E01013313,0,3
2024461424651,2024,461424651,2,19,0,-1,3,4,8,-1,0,0,0,7,0,0,2,1,-1,1,1,32,6,1995,2,2,FORD TRANSIT,5,E01024223,0,4
2024440103598,2024,440103598,2,19,0,13,13,3,7,0,0,0,0,0,0,0,4,1,6,6,3,-1,-1,1995,2,5,FORD TRANSIT,-1,-1,0,-1
2024501421196,2024,501421196,2,19,0,-1,19,5,1,-1,0,1,0,0,0,0,1,1,-1,2,1,29,6,1995,2,1,FORD TRANSIT,9,E01019406,0,5
2024052401267,2024,052401267,2,19,0,18,19,7,3,0,0,0,0,0,0,0,2,1,6,6,1,34,6,2198,2,9,FORD TRANSIT,2,E01006915,0,1
2024101434343,2024,101434343,1,19,0,-1,2,3,6,-1,0,2,0,0,0,0,2,1,-1,9,1,30,6,2198,2,14,FORD TRANSIT,1,E01008189,0,1
202454E206824,2024,54E206824,1,19,0,5,5,7,5,0,0,4,0,0,0,0,1,1,6,6,1,67,10,2198,2,13,FORD TRANSIT,-1,-1,0,-1
2024010505063,2024,010505063,2,19,0,2,2,0,0,0,0,1,0,0,0,0,1,1,6,6,3,-1,-1,2198,2,10,FORD TRANSIT,-1,-1,0,-1
2024440376433,2024,440376433,1,19,0,16,19,4,7,0,0,0,0,0,7,3,1,1,2,2,1,34,6,2198,2,14,FORD TRANSIT,4,E01017312,0,1
2024010547033,2024,010547033,1,19,0,18,19,6,2,0,0,0,0,0,1,11,1,1,6,6,1,30,6,1995,2,3,FORD TRANSIT,3,E01004402,0,2
2024461491979,2024,461491979,1,19,0,-1,19,5,1,-1,0,0,0,0,0,0,3,9,-1,9,1,36,7,1995,2,2,FORD TRANSIT,6,E01024460,0,3
2024141415603,2024,141415603,2,19,0,-1,9,8,6,-1,0,2,0,0,0,0,3,1,-1,1,1,47,8,1995,2,5,FORD TRANSIT,6,E01008105,0,1
2024052400644,2024,052400644,2,19,0,18,19,5,1,0,0,1,0,0,0,0,4,1,1,1,1,64,9,1995,2,2,FORD TRANSIT,2,E01006452,0,2
2024440213137,2024,440213137,1,19,0,18,19,4,8,0,0,1,0,0,0,0,1,1,6,6,1,24,5,1995,2,3,FORD TRANSIT,9,E01032860,0,3
2024010544972,2024,010544972,1,19,0,18,19,7,3,0,0,0,0,0,0,0,4,1,1,1,1,19,4,1995,2,4,FORD TRANSIT,-1,-1,0,-1
2024010528711,2024,010528711,1,19,0,3,3,1,5,0,0,1,0,0,0,0,2,1,1,1,1,31,6,-1,3,1,FORD TRANSIT,3,E01003599,0,2
2024010536950,2024,010536950,1,19,0,9,9,3,2,9,9,5,0,0,0,0,4,1,1,1,1,32,6,1995,2,5,FORD TRANSIT,3,E01002370,0,1
2024302401154,2024,302401154,1,19,0,18,19,2,6,0,0,1,0,0,0,0,1,1,1,1,1,45,7,1995,2,1,FORD TRANSIT,1,E01013485,0,1
2024221473252,2024,221473252,2,19,0,-1,19,4,8,-1,0,8,0,0,0,0,4,9,-1,6,1,35,6,2402,2,22,FORD TRANSIT,4,E01028849,0,1
2024101430674,2024,101430674,1,20,0,-1,19,7,3,-1,0,4,0,0,1,7,1,1,-1,1,1,31,6,2198,2,8,FORD TRANSIT,-1,-1,0,-1
2024010510267,2024,010510267,2,19,0,99,99,9,9,99,99,9,9,99,9,99,9,9,6,6,3,49,8,1995,2,1,FORD TRANSIT,3,E01034608,0,4
2024101461563,2024,101461563,1,19,0,-1,19,6,3,-1,0,1,0,0,0,0,1,1,-1,6,1,55,8,2198,2,14,FORD TRANSIT,2,E01008477,0,1
2024111412049,2024,111412049,1,19,0,-1,19,7,3,-1,0,4,0,0,0,0,1,9,-1,6,3,34,6,2198,2,12,FORD TRANSIT,2,E01020788,0,1
2024010517745,2024,010517745,1,19,0,3,3,7,3,0,0,0,0,0,0,0,2,1,1,1,1,52,8,1995,2,1,FORD TRANSIT,7,E01004442,0,3
2024061485723,2024,061485723,1,19,0,-1,19,5,1,-1,0,8,0,0,0,0,1,1,-1,1,1,59,9,-1,3,1,FORD TRANSIT,4,E01005894,0,1
2024070262931,2024,070262931,1,19,0,18,19,1,7,0,0,8,0,0,0,0,0,1,6,6,1,31,6,2198,2,13,FORD TRANSIT,9,E01018494,0,1
2024010501815,2024,010501815,1,10,0,18,19,7,3,0,0,0,5,4,0,0,4,1,6,6,2,24,5,2198,2,11,FORD TRANSIT,8,E01028541,0,4
2024101475940,2024,101475940,2,21,0,-1,19,6,2,-1,0,8,0,0,0,0,3,9,-1,6,1,57,9,1995,2,5,FORD TRANSIT,3,E01008598,0,1
2024371523550,2024,371523550,2,19,0,-1,19,2,6,-1,0,0,0,0,0,0,3,1,-1,2,1,40,7,1995,2,2,FORD TRANSIT,-1,-1,0,-1
2024991525655,2024,991525655,1,19,0,-1,9,5,7,-1,0,1,0,0,0,0,1,1,-1,2,1,63,9,1995,2,1,FORD TRANSIT,4,-1,0,1
2024451505869,2024,451505869,1,19,0,-1,5,1,5,-1,0,4,0,0,0,0,1,1,-1,1,1,55,8,1995,2,2,FORD TRANSIT,8,E01030766,0,1
2024131498773,2024,131498773,1,10,0,-1,13,1,5,-1,0,0,0,0,0,0,4,1,-1,6,3,-1,-1,2198,2,12,FORD TRANSIT,-1,-1,0,-1
2024440037113,2024,440037113,2,20,0,18,19,8,4,0,0,1,0,0,0,0,1,1,1,1,1,63,9,1995,2,1,FORD TRANSIT,1,E01022903,0,3
2024101441443,2024,101441443,1,20,0,-1,19,3,7,-1,0,0,0,0,0,0,1,1,-1,9,1,23,5,-1,-1,-1,FORD TRANSIT,5,E01027487,0,1
2024471403990,2024,471403990,2,19,0,-1,2,0,0,-1,0,1,0,0,0,0,2,1,-1,6,-1,-1,-1,2402,2,21,FORD TRANSIT,-1,-1,0,-1
2024501519322,2024,501519322,2,19,0,-1,19,6,3,-1,0,1,0,0,0,0,1,1,-1,1,1,42,7,1995,2,1,FORD TRANSIT,4,E01018815,0,2
2024430263959,2024,430263959,1,19,0,18,19,7,3,0,0,0,0,0,0,0,1,1,1,1,1,35,6,1995,2,2,FORD TRANSIT,6,E01028580,0,4
2024552400716,2024,552400716,2,20,0,2,2,0,0,0,0,0,0,0,0,0,3,1,6,6,1,41,7,2402,2,23,FORD TRANSIT,9,E01020369,0,3
2024161477021,2024,161477021,3,19,0,-1,2,0,0,-1,9,2,0,0,0,0,1,1,-1,6,-1,-1,-1,2198,2,15,FORD TRANSIT,-1,-1,0,-1
2024010503279,2024,010503279,1,19,3,4,4,3,7,0,0,8,0,0,0,0,0,1,1,1,1,51,8,1995,2,7,FORD TRANSIT,10,E01002937,0,1
2024461532359,2024,461532359,1,19,0,-1,19,5,7,-1,0,2,0,0,0,0,1,9,-1,6,1,24,5,1995,2,6,FORD TRANSIT,5,E01016457,0,4
2024471397029,2024,471397029,2,19,0,-1,4,6,2,-1,0,1,0,0,1,0,2,1,-1,1,1,39,7,2198,2,7,FORD TRANSIT,5,E01031687,0,1
2024052402312,2024,052402312,1,19,0,9,9,4,1,0,0,8,0,0,0,0,4,1,6,6,1,58,9,2198,2,9,FORD TRANSIT,2,E01006725,0,1
2024991474310,2024,991474310,1,19,0,-1,9,6,4,-1,0,1,0,0,0,0,3,1,-1,1,1,34,6,1995,2,1,FORD TRANSIT,1,-1,0,4
2024991476903,2024,991476903,1,19,0,-1,19,6,2,-1,0,0,0,0,0,0,1,1,-1,1,1,40,7,1995,2,1,FORD TRANSIT,3,-1,0,4
2024141410831,2024,141410831,1,19,0,-1,19,4,1,-1,0,1,0,0,0,0,1,1,-1,1,1,53,8,1995,2,2,FORD TRANSIT,8,E01007898,0,1
2024361399808,2024,361399808,1,19,0,-1,4,4,8,-1,0,0,0,0,0,0,1,1,-1,1,1,49,8,1995,2,6,FORD TRANSIT,4,E01026888,0,4
2024552400708,2024,552400708,3,10,0,18,19,4,8,0,0,8,0,0,0,0,1,1,6,6,2,54,8,2402,2,16,FORD TRANSIT,2,E01015313,0,1
2024411513925,2024,411513925,1,19,0,-1,19,6,2,-1,0,0,0,0,0,0,1,1,-1,1,1,22,5,1995,2,0,FORD TRANSIT,9,E01017716,0,4
2024131521638,2024,131521638,1,19,0,-1,1,1,5,-1,9,8,0,0,0,0,1,1,-1,2,1,47,8,2402,2,19,FORD TRANSIT,1,E01010612,0,2
2024010517935,2024,010517935,1,19,0,12,12,7,3,0,0,2,0,0,0,0,3,1,6,6,1,36,7,2198,2,12,FORD TRANSIT,2,E01002100,0,1
2024010514095,2024,010514095,2,19,0,2,2,0,0,0,0,2,0,0,0,0,1,1,6,6,3,-1,-1,2198,2,8,FORD TRANSIT,-1,-1,0,-1
2024440030596,2024,440030596,2,19,0,18,19,4,8,0,0,0,1,0,1,0,2,1,1,1,1,70,10,1995,2,7,FORD TRANSIT,2,E01017115,0,4
2024101440183,2024,101440183,1,19,0,-1,4,4,8,-1,0,0,0,0,0,0,1,1,-1,1,1,38,7,-1,3,2,FORD TRANSIT,6,E01008856,0,1
2024440132199,2024,440132199,2,19,0,1,1,8,4,0,0,1,0,0,0,0,2,1,6,6,1,-1,-1,2402,2,21,FORD TRANSIT,-1,-1,0,-1
2024161423847,2024,161423847,1,19,0,-1,19,7,3,-1,0,8,2,0,0,0,4,1,-1,9,1,40,7,2198,2,10,FORD TRANSIT,-1,-1,0,-1
2024501455076,2024,501455076,2,19,0,-1,2,0,0,-1,0,0,0,0,0,0,2,1,-1,6,-1,-1,-1,2198,2,12,FORD TRANSIT,-1,-1,0,-1
2024421410856,2024,421410856,1,19,0,-1,19,7,3,-1,0,1,0,0,0,0,4,1,-1,9,1,27,6,1995,2,6,FORD TRANSIT,7,E01021967,0,1
2024131527077,2024,131527077,1,19,0,-1,19,3,7,-1,0,1,0,0,0,0,3,1,-1,1,1,34,6,1995,2,2,FORD TRANSIT,8,E01011185,0,4
2024421455395,2024,421455395,1,19,0,-1,9,6,2,-1,0,0,0,0,0,0,1,1,-1,9,1,59,9,2198,2,9,FORD TRANSIT,-1,-1,0,-1
2024471401590,2024,471401590,1,19,0,-1,5,2,5,-1,0,6,0,0,0,0,1,1,-1,2,1,26,6,2198,2,13,FORD TRANSIT,5,E01016991,0,1
2024371470803,2024,371470803,1,19,0,-1,19,1,5,-1,0,0,0,0,0,0,1,1,-1,6,1,45,7,2402,2,15,FORD TRANSIT,1,E01030258,0,3
2024501531609,2024,501531609,1,19,0,-1,6,1,1,-1,0,0,0,0,0,0,3,1,-1,6,1,29,6,2198,2,9,FORD TRANSIT,6,E01019982,0,4
2024461536106,2024,461536106,1,19,0,-1,9,7,4,-1,0,0,0,0,0,0,3,1,-1,9,1,29,6,2198,2,13,FORD TRANSIT,4,E01024587,0,4
2024201466565,2024,201466565,2,19,0,-1,9,3,1,-1,0,8,0,0,0,0,4,1,-1,1,1,39,7,2198,2,8,FORD TRANSIT,3,E01029527,0,3
2024451494974,2024,451494974,4,19,0,-1,19,6,2,-1,0,0,0,0,0,0,1,1,-1,1,1,34,6,1995,2,5,FORD TRANSIT,7,E01001341,0,4
2024520402186,2024,520402186,2,19,0,2,2,0,0,0,0,0,0,0,0,0,1,1,6,6,3,-1,-1,1995,2,2,FORD TRANSIT,-1,-1,0,-1
2024010487163,2024,010487163,1,19,0,9,9,7,4,0,0,8,0,0,0,0,3,1,1,1,1,35,6,1995,2,3,FORD TRANSIT,2,E01015931,0,4
2024610045624,2024,610045624,1,20,0,18,19,6,3,0,0,8,0,0,4,6,1,1,1,1,1,39,7,1995,2,4,FORD TRANSIT,1,W01001308,0,4
2024501526798,2024,501526798,2,19,0,-1,19,3,7,-1,0,8,1,0,7,0,3,1,-1,2,1,46,8,2402,2,13,FORD TRANSIT,9,E01020058,0,3
2024549821824,2024,549821824,1,19,0,18,19,7,2,0,0,1,0,0,0,0,1,1,2,2,1,32,6,2402,2,16,FORD TRANSIT,5,E01022218,0,4
2024061413385,2024,061413385,1,19,0,-1,19,6,2,-1,0,1,0,0,0,0,4,1,-1,6,3,-1,-1,2198,2,15,FORD TRANSIT,-1,-1,0,-1
2024631460934,2024,631460934,1,19,4,-1,12,2,5,-1,0,2,1,0,0,0,1,1,-1,2,1,34,6,2198,2,10,FORD TRANSIT,3,W01000658,0,1
2024451528469,2024,451528469,2,19,0,-1,10,1,5,-1,0,0,0,0,0,0,2,1,-1,6,1,38,7,1995,2,1,FORD TRANSIT,6,E01016482,0,3
2024211501356,2024,211501356,2,19,0,-1,19,3,5,-1,0,0,0,0,0,0,1,9,-1,6,3,35,6,2198,2,9,FORD TRANSIT,-1,-1,0,-1
2024421488817,2024,421488817,2,19,0,-1,4,3,7,-1,0,0,0,0,0,0,2,1,-1,6,1,55,8,2198,2,12,FORD TRANSIT,6,E01021758,0,4
2024461432828,2024,461432828,2,19,0,-1,2,1,1,-1,0,0,0,0,0,0,2,9,-1,6,-1,45,7,2198,2,9,FORD TRANSIT,2,E01024596,0,2
2024430588377,2024,430588377,3,19,0,10,10,-1,-1,0,0,2,0,0,0,0,1,1,1,1,1,26,6,1995,2,0,FORD TRANSIT,10,E01016792,0,1
2024371455780,2024,371455780,1,19,0,-1,19,-1,-1,-1,0,1,0,0,0,0,3,9,-1,6,1,-1,-1,2402,2,12,FORD TRANSIT,-1,-1,0,-1
2024522401147,2024,522401147,1,19,0,9,9,5,3,0,0,5,0,0,0,0,1,1,6,6,1,38,7,2198,2,12,FORD TRANSIT,1,E01014581,0,1
2024501433166,2024,501433166,3,19,0,-1,5,7,3,-1,0,0,0,0,0,0,1,1,-1,1,1,43,7,2198,2,10,FORD TRANSIT,4,E01015024,0,1
2024221429147,2024,221429147,1,19,0,-1,19,8,4,-1,0,0,0,0,0,0,1,9,-1,6,1,45,7,2198,2,9,FORD TRANSIT,-1,-1,0,-1
2024131517507,2024,131517507,1,19,0,-1,7,7,2,-1,0,2,0,0,0,0,4,1,-1,2,1,51,8,2198,2,8,FORD TRANSIT,1,E01011427,0,1
2024010499483,2024,010499483,1,19,0,7,7,1,4,0,0,1,0,0,0,0,1,1,1,1,1,41,7,1995,2,5,FORD TRANSIT,2,E01000085,0,4
2024211469073,2024,211469073,2,19,0,-1,19,5,5,-1,0,0,0,0,0,0,1,2,-1,1,1,23,5,-1,3,1,FORD TRANSIT,6,E01014135,0,4
2024052401373,2024,052401373,1,19,0,9,9,5,3,0,0,8,0,0,0,0,3,1,1,1,1,36,7,1995,2,3,FORD TRANSIT,9,E01006895,0,3
2024101518179,2024,101518179,1,19,0,-1,19,6,2,-1,0,0,0,0,0,0,4,9,-1,1,1,65,9,2198,2,13,FORD TRANSIT,5,E01008741,0,1
2024131453172,2024,131453172,1,19,0,-1,19,1,5,-1,0,1,0,0,0,0,4,1,-1,6,1,40,7,2198,2,15,FORD TRANSIT,1,E01010612,0,2
2024531461952,2024,531461952,2,19,0,-1,19,1,5,-1,0,0,0,0,0,0,3,1,-1,1,1,27,6,2402,2,13,FORD TRANSIT,2,E01022320,0,3
2024461506812,2024,461506812,1,10,0,-1,19,7,3,-1,0,0,0,0,1,0,2,9,-1,6,1,66,10,1996,2,0,FORD TRANSIT,3,E01016043,0,1