collision_index,collision_year,collision_ref_no,vehicle_reference,vehicle_type,towing_and_articulation,vehicle_manoeuvre_historic,vehicle_manoeuvre,vehicle_direction_from,vehicle_direction_to,vehicle_location_restricted_lane_historic,vehicle_location_restricted_lane,junction_location,skidding_and_overturning,hit_object_in_carriageway,vehicle_leaving_carriageway,hit_object_off_carriageway,first_point_of_impact,vehicle_left_hand_drive,journey_purpose_of_driver_historic,journey_purpose_of_driver,sex_of_driver,age_of_driver,age_band_of_driver,engine_capacity_cc,propulsion_code,age_of_vehicle,generic_make_model,driver_imd_decile,lsoa_of_driver,escooter_flag,driver_distance_banding
2024302401656,2024,302401656,1,19,0,-1,19,4,8,-1,0,8,1,0,0,0,1,1,-1,6,2,50,8,2198,2,15,FORD TRANSIT,7,E01019445,0,1
2024411449991,2024,411449991,2,19,0,-1,4,4,8,-1,0,0,0,0,0,0,2,1,-1,2,1,33,6,1995,2,6,FORD TRANSIT,6,E01002165,0,3
2024211489835,2024,211489835,2,19,0,-1,19,7,3,-1,0,0,1,0,0,0,1,1,-1,1,1,38,7,2198,2,7,FORD TRANSIT,-1,-1,0,-1
2024201491957,2024,201491957,1,19,0,-1,19,6,2,-1,0,0,0,0,0,0,1,1,-1,6,1,45,7,1995,2,1,FORD TRANSIT,-1,-1,0,-1
2024421408209,2024,421408209,1,19,0,-1,19,2,6,-1,0,0,0,0,0,0,1,1,-1,1,1,21,5,1995,2,4,FORD TRANSIT,1,E01022025,0,4
202454E493324,2024,54E493324,1,19,0,5,5,7,3,0,0,4,0,0,0,0,1,1,1,1,1,23,5,1995,2,2,FORD TRANSIT,6,E01034550,0,1
2024010492538,2024,010492538,1,19,0,9,9,7,5,0,0,6,0,0,0,0,1,1,1,1,1,64,9,1995,2,4,FORD TRANSIT,3,E01003275,0,1
2024401454324,2024,401454324,2,90,0,-1,5,7,3,-1,0,2,0,0,0,0,1,1,-1,1,1,42,7,-1,-1,-1,FORD TRANSIT,10,E01017399,0,3
2024061458230,2024,061458230,2,19,0,-1,19,3,7,-1,-1,1,0,0,0,0,2,1,-1,1,1,32,6,1995,2,0,FORD TRANSIT,3,E01006159,0,3
2024361525034,2024,361525034,1,20,0,-1,19,3,7,-1,0,1,0,0,0,0,1,1,-1,6,1,32,6,-1,-1,-1,FORD TRANSIT,8,E01026856,0,1
2024061481210,2024,061481210,1,19,0,-1,19,5,1,-1,0,8,0,0,0,0,1,1,-1,6,1,39,7,2402,2,15,FORD TRANSIT,1,E01025067,0,4
2024141473818,2024,141473818,2,19,0,-1,4,5,1,-1,0,0,0,0,0,0,4,1,-1,6,3,-1,-1,2198,2,8,FORD TRANSIT,-1,-1,0,-1
2024461528948,2024,461528948,1,19,0,-1,19,3,7,-1,0,0,0,0,7,10,1,1,-1,9,1,27,6,2198,2,13,FORD TRANSIT,3,E01024248,0,1
2024010533951,2024,010533951,3,19,0,3,3,5,1,0,0,1,0,0,0,0,0,1,1,1,1,46,8,1995,2,-1,FORD TRANSIT,3,E01001362,0,1
2024221529931,2024,221529931,3,19,0,-1,19,2,6,-1,0,8,0,0,0,0,1,1,-1,1,1,51,8,1995,2,0,FORD TRANSIT,7,E01014080,0,1
2024421507103,2024,421507103,2,19,0,-1,4,4,8,-1,0,0,0,0,0,0,2,1,-1,1,1,29,6,1995,2,1,FORD TRANSIT,7,E01029825,0,5
2024010518730,2024,010518730,1,19,0,99,99,9,9,99,99,9,9,99,9,99,2,9,6,6,1,57,9,2402,2,14,FORD TRANSIT,2,E01034475,0,1
2024991456838,2024,991456838,2,19,0,-1,19,1,5,-1,0,0,0,0,0,0,1,1,-1,1,1,62,9,1995,2,5,FORD TRANSIT,7,-1,0,2
2024461472201,2024,461472201,1,19,0,-1,5,5,1,-1,0,0,0,0,0,0,1,1,-1,6,1,40,7,2198,2,15,FORD TRANSIT,-1,-1,0,-1
2024501525677,2024,501525677,2,19,0,-1,19,4,8,-1,0,8,0,0,0,0,3,1,-1,2,1,31,6,2198,2,15,FORD TRANSIT,4,E01018829,0,1
2024010537168,2024,010537168,1,90,0,9,9,5,2,0,0,1,0,0,0,0,3,1,1,1,1,42,7,-1,-1,-1,FORD TRANSIT,5,E01030572,0,3
2024231492414,2024,231492414,2,19,0,-1,19,6,2,-1,0,8,0,0,0,0,1,1,-1,6,1,17,4,1995,2,4,FORD TRANSIT,7,E01033255,0,1
2024411486336,2024,411486336,1,19,0,-1,4,7,3,-1,0,1,0,0,0,0,1,1,-1,1,1,25,5,-1,-1,-1,FORD TRANSIT,6,E01002125,0,3
2024622400146,2024,622400146,1,19,0,9,9,4,2,0,0,8,0,0,0,0,1,1,1,1,1,37,7,-1,3,1,FORD TRANSIT,6,W01000798,0,2
2024010542743,2024,010542743,1,19,0,16,19,1,5,0,0,0,0,0,0,0,1,1,6,6,1,22,5,2198,2,8,FORD TRANSIT,4,E01015930,0,3
2024520403135,2024,520403135,1,19,0,7,7,1,3,0,0,8,0,0,0,0,1,1,1,1,1,37,7,2198,2,17,FORD TRANSIT,8,E01014821,0,3
2024531445334,2024,531445334,2,19,0,-1,19,1,5,-1,0,2,0,0,0,0,0,1,-1,9,1,40,7,2198,2,12,FORD TRANSIT,2,E01032932,0,1
2024421507111,2024,421507111,1,19,0,-1,9,6,7,-1,0,2,0,0,0,0,4,1,-1,6,1,-1,-1,1995,2,5,FORD TRANSIT,2,E01021268,0,3
2024461526087,2024,461526087,1,19,0,-1,19,3,7,-1,0,0,0,0,0,0,1,9,-1,6,1,-1,-1,2198,2,18,FORD TRANSIT,-1,-1,0,-1
2024010535393,2024,010535393,2,19,0,18,19,1,5,0,0,1,0,0,0,0,4,1,6,6,1,45,7,-1,3,1,FORD TRANSIT,8,E01021082,0,4
2024440230758,2024,440230758,1,19,0,13,13,2,4,0,0,3,0,0,0,0,4,1,1,1,1,53,8,2198,2,11,FORD TRANSIT,3,E01017184,0,3
2024320312593,2024,320312593,1,19,0,-1,-1,6,2,0,0,0,0,0,0,0,1,1,1,1,1,20,4,1995,2,2,FORD TRANSIT,-1,-1,0,-1
2024010490711,2024,010490711,4,19,0,2,2,0,0,0,0,0,0,0,0,0,3,1,6,6,3,-1,-1,1995,2,1,FORD TRANSIT,-1,-1,0,-1
202454B975524,2024,54B975524,1,19,0,18,19,5,1,0,0,0,0,0,0,0,3,1,2,2,1,22,5,2198,2,9,FORD TRANSIT,10,E01031934,0,2
2024531466312,2024,531466312,1,19,0,-1,19,0,0,-1,0,0,0,0,0,0,3,1,-1,6,3,-1,-1,1995,2,3,FORD TRANSIT,-1,-1,0,-1
2024320170739,2024,320170739,2,19,0,-1,-1,7,3,0,0,8,0,0,7,0,4,1,1,1,1,43,7,2198,2,11,FORD TRANSIT,-1,-1,0,-1
2024201437692,2024,201437692,1,19,0,-1,5,6,2,-1,0,8,0,0,0,0,3,1,-1,6,1,-1,-1,1995,2,6,FORD TRANSIT,-1,-1,0,-1
2024161445450,2024,161445450,2,19,0,-1,19,1,5,-1,0,0,0,0,0,0,1,9,-1,6,1,-1,-1,2402,2,14,FORD TRANSIT,-1,-1,0,-1
2024010547430,2024,010547430,1,19,0,9,9,1,7,0,0,5,0,0,0,0,1,1,6,6,1,57,9,2198,2,7,FORD TRANSIT,5,E01000505,0,1
2024010529606,2024,010529606,2,19,0,18,19,5,1,0,0,1,0,0,0,0,4,1,6,6,1,34,6,1995,2,3,FORD TRANSIT,2,E01004013,0,1
2024010526186,2024,010526186,2,19,0,1,1,3,7,0,0,0,0,99,0,0,2,9,6,6,1,-1,-1,1995,2,3,FORD TRANSIT,-1,-1,0,-1
2024010503592,2024,010503592,1,19,0,7,7,5,8,0,0,8,0,0,0,0,1,1,6,6,3,-1,-1,-1,3,1,FORD TRANSIT,-1,-1,0,-1
2024610008324,2024,610008324,1,19,0,9,9,4,1,0,0,8,0,0,0,0,1,1,6,6,1,43,7,2198,2,12,FORD TRANSIT,2,W01001620,0,1
2024421407737,2024,421407737,1,19,0,-1,19,6,1,-1,0,0,0,0,1,0,1,1,-1,2,1,35,6,1995,2,2,FORD TRANSIT,4,E01021955,0,2
2024440428063,2024,440428063,2,19,0,18,19,7,3,0,0,0,0,0,0,0,2,1,1,1,1,43,7,2198,2,11,FORD TRANSIT,8,E01023245,0,2
2024411463551,2024,411463551,2,19,0,-1,19,5,8,-1,0,2,0,0,0,0,1,1,-1,9,1,58,9,2402,2,14,FORD TRANSIT,6,E01023413,0,1
2024070296890,2024,070296890,1,19,0,18,19,1,3,9,9,5,5,0,7,4,1,1,6,6,1,59,9,1998,2,19,FORD TRANSIT,3,E01018631,0,1
2024351437036,2024,351437036,1,19,0,-1,19,1,5,-1,0,0,0,0,0,0,1,1,-1,1,1,28,6,1995,2,7,FORD TRANSIT,10,E01021570,0,4
2024471473504,2024,471473504,1,19,0,-1,4,4,1,-1,0,0,0,0,7,0,1,1,-1,1,1,49,8,2198,2,12,FORD TRANSIT,8,E01021167,0,4
2024371517175,2024,371517175,1,19,0,-1,19,7,4,-1,0,0,0,0,0,0,1,1,-1,1,1,38,7,2198,2,18,FORD TRANSIT,4,E01004417,0,4
2024552401502,2024,552401502,1,19,0,18,19,8,4,0,0,0,1,0,0,0,1,1,1,1,1,24,5,2198,2,13,FORD TRANSIT,-1,-1,0,-1
2024451485759,2024,451485759,2,19,0,-1,-1,1,5,-1,-1,2,0,0,0,0,4,1,-1,-1,1,29,6,2402,2,17,FORD TRANSIT,4,E01031585,0,2
2024421510216,2024,421510216,2,19,0,-1,19,6,2,-1,0,0,0,0,0,0,2,1,-1,6,1,35,6,1995,2,7,FORD TRANSIT,6,E01003706,0,2
2024302400747,2024,302400747,1,19,0,16,19,8,3,0,0,0,0,0,0,0,1,1,2,2,1,62,9,2198,2,13,FORD TRANSIT,5,E01019520,0,1
2024631460934,2024,631460934,2,19,0,-1,19,5,2,-1,0,1,0,0,0,0,1,1,-1,2,1,64,9,1995,2,3,FORD TRANSIT,3,W01000657,0,1
2024471509135,2024,471509135,1,19,0,-1,19,1,5,-1,0,0,0,0,0,0,1,9,-1,6,1,-1,-1,1998,2,19,FORD TRANSIT,-1,-1,0,-1
2024531419687,2024,531419687,1,19,0,-1,19,7,3,-1,0,0,0,0,0,0,1,1,-1,2,1,28,6,2198,2,10,FORD TRANSIT,3,E01022132,0,1
2024131442112,2024,131442112,2,19,0,-1,19,7,3,-1,0,1,5,0,0,0,4,1,-1,1,1,34,6,1995,2,2,FORD TRANSIT,2,E01033692,0,3
2024430265721,2024,430265721,2,19,0,18,19,4,8,0,0,0,0,0,0,0,1,1,6,6,1,55,8,2402,2,19,FORD TRANSIT,5,E01017659,0,1
2024010500461,2024,010500461,2,19,9,18,19,3,7,99,99,9,9,11,9,99,9,9,6,6,3,-1,-1,1995,2,3,FORD TRANSIT,-1,-1,0,-1
2024471438516,2024,471438516,1,19,0,-1,5,5,3,-1,-1,6,0,0,0,0,3,1,-1,9,1,68,10,1998,2,19,FORD TRANSIT,9,E01004098,0,4
2024231522535,2024,231522535,1,19,0,-1,19,8,4,-1,0,0,0,0,0,0,1,1,-1,2,1,53,8,1995,2,6,FORD TRANSIT,10,E01027086,0,4
2024010537055,2024,010537055,1,19,0,14,14,5,1,0,0,2,0,0,0,0,1,2,1,1,1,37,7,1995,2,2,FORD TRANSIT,3,E01015813,0,4
2024010548799,2024,010548799,2,19,0,18,19,5,1,0,0,1,0,0,0,0,1,1,1,1,1,26,6,1995,2,3,FORD TRANSIT,1,E01024397,0,4
2024010527606,2024,010527606,1,19,0,2,2,0,0,0,0,0,0,0,0,0,2,1,6,6,3,-1,-1,1995,2,5,FORD TRANSIT,-1,-1,0,-1
2024320309874,2024,320309874,1,19,0,9,9,8,6,0,0,1,0,0,0,0,3,1,1,1,1,42,7,1995,2,2,FORD TRANSIT,5,E01026232,0,4
2024471509600,2024,471509600,2,19,0,-1,5,1,6,-1,0,6,0,0,0,0,3,1,-1,6,1,58,9,1995,2,2,FORD TRANSIT,4,E01021045,0,4
2024451420342,2024,451420342,1,19,0,-1,3,3,7,-1,0,4,0,0,0,0,1,1,-1,2,1,26,6,1995,2,1,FORD TRANSIT,10,E01023824,0,4
2024010510249,2024,010510249,1,19,0,9,9,2,1,0,0,6,0,0,0,0,4,1,6,6,1,35,6,1995,2,7,FORD TRANSIT,6,E01002523,0,4
2024351459847,2024,351459847,1,20,0,-1,19,7,3,-1,0,0,0,0,0,0,1,1,-1,6,1,-1,-1,-1,-1,-1,FORD TRANSIT,-1,-1,0,-1
2024231419884,2024,231419884,1,19,0,-1,14,2,6,-1,0,0,0,0,1,10,1,9,-1,6,1,37,7,1998,2,18,FORD TRANSIT,2,E01031092,0,1
2024010498096,2024,010498096,2,19,0,18,19,5,1,0,0,2,0,0,0,0,2,1,6,6,1,44,7,2198,2,9,FORD TRANSIT,-1,-1,0,-1
2024401404468,2024,401404468,1,20,0,-1,19,2,4,-1,0,0,1,0,0,0,1,1,-1,2,1,40,7,1995,2,6,FORD TRANSIT,9,E01017372,0,2
2024631470071,2024,631470071,1,19,0,-1,13,8,4,-1,0,0,0,0,0,0,3,1,-1,6,1,32,6,1995,2,0,FORD TRANSIT,4,W01000685,0,4
2024010500825,2024,010500825,2,19,0,99,99,9,9,99,99,9,9,99,9,99,9,9,6,6,3,36,7,1995,2,3,FORD TRANSIT,6,E01034578,0,2
2024122401242,2024,122401242,2,19,0,18,19,6,2,0,0,8,0,0,0,0,1,1,1,1,1,43,7,1995,2,1,FORD TRANSIT,5,E01011985,0,4
2024991396764,2024,991396764,2,19,0,-1,19,5,1,-1,0,0,0,0,0,0,1,1,-1,1,1,37,7,1995,2,3,FORD TRANSIT,7,-1,0,1
2024622400389,2024,622400389,2,19,0,9,9,7,5,0,0,1,0,0,0,0,1,1,1,1,1,55,8,1995,2,3,FORD TRANSIT,7,W01002028,0,4
2024471410631,2024,471410631,2,19,0,-1,19,5,1,-1,0,3,9,0,0,0,1,1,-1,6,1,-1,-1,2198,2,15,FORD TRANSIT,-1,-1,0,-1
2024991511348,2024,991511348,3,19,0,-1,2,0,0,-1,0,0,0,0,0,0,1,1,-1,6,-1,-1,-1,2198,2,12,FORD TRANSIT,-1,-1,0,-1
2024070020891,2024,070020891,1,19,0,18,19,6,8,0,0,1,0,0,7,0,1,1,1,1,1,37,7,1995,2,5,FORD TRANSIT,1,E01012382,0,3
2024010520576,2024,010520576,2,19,0,99,99,9,9,99,99,9,9,99,9,99,1,9,6,6,3,-1,-1,1995,2,7,FORD TRANSIT,-1,-1,0,-1
2024430589752,2024,430589752,1,19,0,18,19,5,1,0,0,0,0,0,0,0,1,1,6,6,1,32,6,2198,2,14,FORD TRANSIT,-1,-1,0,-1
2024131401255,2024,131401255,1,19,0,-1,1,5,1,-1,0,1,0,0,0,0,4,1,-1,1,1,25,5,2402,2,13,FORD TRANSIT,2,E01010621,0,1
2024010510406,2024,010510406,2,19,0,18,19,1,5,0,0,8,0,0,0,0,4,1,1,1,1,48,8,1995,2,3,FORD TRANSIT,3,E01000622,0,2
2024041498137,2024,041498137,1,19,0,-1,1,1,5,-1,0,8,0,0,0,0,2,1,-1,1,1,22,5,1995,2,5,FORD TRANSIT,1,E01025385,0,3
2024010523667,2024,010523667,1,19,0,7,7,8,2,0,0,8,0,0,0,0,4,1,1,1,1,61,9,1995,2,3,FORD TRANSIT,7,E01004107,0,4
2024440245158,2024,440245158,1,19,0,16,19,4,7,0,0,0,0,0,0,0,1,1,1,1,1,28,6,2402,2,18,FORD TRANSIT,5,E01023099,0,2
2024010534533,2024,010534533,1,19,0,4,4,5,1,0,0,1,0,0,0,0,4,1,2,2,2,28,6,1995,2,5,FORD TRANSIT,8,E01003361,0,2
2024161452130,2024,161452130,2,19,0,-1,19,1,5,-1,0,0,0,0,1,11,1,1,-1,1,1,41,7,1995,2,3,FORD TRANSIT,3,E01011722,0,4
2024302401305,2024,302401305,1,19,0,9,9,2,8,0,0,0,0,0,0,0,4,2,6,6,1,38,7,1998,2,22,FORD TRANSIT,1,E01019668,0,1
2024440122353,2024,440122353,1,19,0,18,19,4,8,0,0,0,5,10,1,9,4,1,1,1,1,36,7,1995,2,2,FORD TRANSIT,8,E01022952,0,2
2024010544313,2024,010544313,1,19,0,9,9,7,6,0,0,5,0,0,0,0,1,2,1,1,1,44,7,1995,2,1,FORD TRANSIT,5,E01003228,0,3
2024421492818,2024,421492818,1,19,0,-1,10,5,3,-1,2,8,0,0,0,0,0,1,-1,2,1,61,9,2198,2,11,FORD TRANSIT,5,E01021866,0,1
2024520403047,2024,520403047,2,19,0,18,19,5,1,0,0,0,0,0,0,0,1,1,6,6,1,39,7,2402,2,14,FORD TRANSIT,6,E01029195,0,2
2024010545153,2024,010545153,2,20,0,6,6,9,9,99,99,0,9,99,9,99,1,9,6,6,3,57,9,-1,-1,-1,FORD TRANSIT,6,E01002380,0,4
2024451527560,2024,451527560,1,19,0,-1,19,1,5,-1,0,0,0,0,0,0,1,1,-1,1,1,57,9,1995,2,0,FORD TRANSIT,7,E01023513,0,4
2024061484621,2024,061484621,2,19,0,-1,19,4,1,-1,0,8,0,0,0,0,3,1,-1,6,1,44,7,1995,2,6,FORD TRANSIT,5,E01004840,0,2
2024010546000,2024,010546000,2,19,0,18,19,3,7,0,0,8,0,4,0,0,0,2,1,1,1,55,8,-1,3,1,FORD TRANSIT,6,E01003760,0,3
2024552400507,2024,552400507,1,19,0,5,5,1,5,0,0,8,0,0,0,0,3,1,6,6,1,57,9,2402,2,18,FORD TRANSIT,5,E01015461,0,1
202454E217024,2024,54E217024,2,19,0,16,19,8,4,0,0,0,0,0,0,0,3,1,1,1,1,55,8,2198,2,11,FORD TRANSIT,-1,-1,0,-1
2024340WN4432,2024,340WN4432,3,19,0,-1,19,5,1,-1,0,8,0,0,0,0,1,1,-1,1,1,56,9,1995,2,5,FORD TRANSIT,10,E01029457,0,4
202460Q162077,2024,60Q162077,2,19,0,9,9,5,1,0,0,0,0,0,0,0,2,1,6,6,1,46,8,1995,2,2,FORD TRANSIT,-1,-1,0,-1
2024201397275,2024,201397275,1,19,0,-1,5,7,3,-1,0,6,0,0,0,0,1,1,-1,1,1,-1,-1,-1,3,1,FORD TRANSIT,-1,-1,0,-1
2024161394991,2024,161394991,2,19,0,-1,2,0,0,-1,0,0,0,0,0,0,3,9,-1,6,-1,-1,-1,2402,2,17,FORD TRANSIT,-1,-1,0,-1
2024991476749,2024,991476749,1,19,0,-1,19,6,2,-1,0,0,0,0,0,0,1,1,-1,1,1,42,7,1995,2,7,FORD TRANSIT,7,E01016470,0,5
2024131408427,2024,131408427,1,19,0,-1,19,7,7,-1,0,8,0,0,0,0,3,1,-1,9,1,44,7,2198,2,14,FORD TRANSIT,1,E01011360,0,1
2024421463254,2024,421463254,2,19,0,-1,2,0,0,-1,0,0,0,0,0,0,4,1,-1,6,-1,-1,-1,2198,2,7,FORD TRANSIT,-1,-1,0,-1
2024440492843,2024,440492843,2,19,0,18,19,2,7,0,0,1,0,0,0,0,1,1,1,1,2,43,7,999,1,0,FORD TRANSIT,9,E01022495,0,2
2024461503117,2024,461503117,1,19,0,-1,14,6,2,-1,0,1,1,4,1,10,1,1,-1,9,1,46,8,2402,2,14,FORD TRANSIT,7,E01024448,0,1
2024991431809,2024,991431809,1,19,0,-1,19,1,5,-1,0,0,0,0,0,0,1,1,-1,6,1,22,5,2198,2,9,FORD TRANSIT,9,-1,0,4
2024141453596,2024,141453596,1,19,0,-1,19,6,2,-1,0,1,0,0,0,0,1,1,-1,6,1,47,8,2402,2,14,FORD TRANSIT,8,E01034843,0,1
2024552401304,2024,552401304,1,19,0,18,19,5,1,0,0,6,0,0,0,0,4,1,1,1,1,47,8,1995,2,6,FORD TRANSIT,3,E01020551,0,4
2024010550366,2024,010550366,1,19,9,99,99,9,9,99,99,9,9,99,9,99,1,9,6,6,3,-1,-1,1995,2,6,FORD TRANSIT,2,E01032575,0,4
2024421527385,2024,421527385,1,19,0,-1,19,1,5,-1,0,1,1,0,0,0,1,1,-1,1,1,32,6,1995,2,0,FORD TRANSIT,5,E01003757,0,4
2024461413090,2024,461413090,1,19,0,-1,1,0,0,-1,0,1,0,0,0,0,2,9,-1,6,1,60,9,2198,2,13,FORD TRANSIT,6,E01002555,0,4
2024440539330,2024,440539330,2,19,0,2,2,0,0,0,0,0,0,0,0,0,4,1,6,6,1,35,6,2198,2,10,FORD TRANSIT,4,E01017123,0,1
2024161451622,2024,161451622,2,20,0,-1,7,1,3,-1,0,8,0,0,0,0,4,1,-1,1,1,61,9,1995,2,7,FORD TRANSIT,9,E01033107,0,2
2024411440803,2024,411440803,2,19,0,-1,2,0,0,-1,0,0,0,0,0,0,3,1,-1,1,1,50,8,1995,2,4,FORD TRANSIT,9,E01035567,0,3
2024421527424,2024,421527424,1,19,0,-1,9,1,7,-1,0,8,0,0,0,0,1,2,-1,6,1,48,8,1995,2,8,FORD TRANSIT,3,E01021267,0,1
2024461433329,2024,461433329,1,19,0,-1,19,3,5,-1,0,0,0,0,0,0,1,9,-1,6,1,-1,-1,1995,2,7,FORD TRANSIT,2,E01016150,0,3
2024070085203,2024,070085203,2,19,0,3,3,4,8,0,0,1,0,0,0,0,2,1,6,6,1,64,9,2198,2,13,FORD TRANSIT,4,E01035392,0,1
202417L200124,2024,17L200124,1,19,0,18,19,4,8,0,0,2,0,0,0,0,1,1,1,1,1,59,9,1995,2,5,FORD TRANSIT,2,E01012171,0,1
2024471428434,2024,471428434,2,19,0,-1,19,1,3,-1,0,0,0,0,0,0,1,1,-1,2,1,59,9,1995,2,1,FORD TRANSIT,10,E01024150,0,4
2024161422390,2024,161422390,1,19,0,-1,11,7,3,-1,0,0,0,0,0,0,4,1,-1,1,1,45,7,1995,2,1,FORD TRANSIT,1,E01035464,0,2
2024221510966,2024,221510966,2,19,0,-1,19,8,4,-1,0,8,0,0,0,0,1,1,-1,2,1,35,6,2198,2,14,FORD TRANSIT,5,E01032397,0,4
2024531526253,2024,531526253,2,19,0,-1,19,1,5,-1,0,0,0,0,0,0,2,1,-1,6,-1,-1,-1,1995,2,5,FORD TRANSIT,-1,-1,0,-1
2024991520802,2024,991520802,2,19,0,-1,19,2,6,-1,0,2,0,4,0,0,1,1,-1,6,1,43,7,1995,2,1,FORD TRANSIT,2,-1,0,1
2024311411855,2024,311411855,2,19,0,-1,5,5,1,-1,0,0,0,0,0,0,1,1,-1,1,1,25,5,1995,2,1,FORD TRANSIT,-1,-1,0,-1
2024622400877,2024,622400877,2,19,0,18,19,8,4,0,0,0,0,0,0,0,1,1,1,1,1,26,6,1995,2,3,FORD TRANSIT,1,E01033366,0,4
2024430452887,2024,430452887,2,19,0,4,4,7,3,0,0,0,0,0,0,0,2,1,1,1,1,43,7,2198,2,11,FORD TRANSIT,7,E01017889,0,1
2024451492509,2024,451492509,2,19,4,-1,19,1,1,-1,0,1,0,0,0,0,2,1,-1,9,1,60,9,2198,2,9,FORD TRANSIT,8,E01032276,0,5
2024361514117,2024,361514117,3,19,0,-1,2,0,0,-1,0,1,0,0,0,0,0,1,-1,6,-1,-1,-1,1995,2,1,FORD TRANSIT,-1,-1,0,-1
2024451461007,2024,451461007,2,19,0,-1,4,5,1,-1,0,0,0,0,0,0,0,9,-1,6,1,35,6,2402,2,14,FORD TRANSIT,-1,-1,0,-1
2024131483471,2024,131483471,1,19,0,-1,19,1,5,-1,0,0,0,0,0,0,1,1,-1,9,1,68,10,2198,2,11,FORD TRANSIT,1,E01011665,0,3
2024010500828,2024,010500828,1,19,0,9,9,1,7,0,0,1,0,0,0,0,4,1,6,6,1,26,6,2402,2,18,FORD TRANSIT,5,E01002232,0,2
2024010539395,2024,010539395,2,19,0,3,3,5,1,0,0,1,0,0,0,0,1,1,6,6,1,48,8,2402,2,13,FORD TRANSIT,10,E01016983,0,4
2024371458046,2024,371458046,1,19,0,-1,20,4,8,-1,0,4,0,0,0,0,1,1,-1,6,1,49,8,1995,2,2,FORD TRANSIT,5,E01029976,0,3
2024610044124,2024,610044124,1,19,5,17,19,1,7,0,0,8,0,0,0,0,4,1,6,6,1,49,8,2198,2,11,FORD TRANSIT,2,W01001481,0,3
2024471451365,2024,471451365,2,19,0,-1,2,0,0,-1,0,2,0,0,0,0,2,1,-1,6,-1,-1,-1,2198,2,11,FORD TRANSIT,-1,-1,0,-1
2024052400058,2024,052400058,2,19,0,3,3,7,3,0,0,0,0,0,0,0,2,1,2,2,1,50,8,1995,2,7,FORD TRANSIT,2,E01007214,0,2
2024131534905,2024,131534905,3,19,0,-1,2,0,0,-1,9,2,0,0,0,0,2,1,-1,6,-1,-1,-1,2402,2,23,FORD TRANSIT,-1,-1,0,-1
2024451524045,2024,451524045,1,20,0,-1,-1,-1,-1,-1,-1,0,-1,-1,-1,0,-1,1,-1,6,3,-1,-1,2198,2,10,FORD TRANSIT,-1,-1,0,-1
2024421476066,2024,421476066,1,20,0,-1,5,8,4,-1,0,1,0,0,0,0,3,1,-1,6,1,25,5,1995,2,7,FORD TRANSIT,2,E01021771,0,3
2024031470924,2024,031470924,1,19,0,-1,1,3,7,-1,9,0,0,0,0,0,2,1,-1,6,1,33,6,2198,2,14,FORD TRANSIT,2,E01019159,0,1
2024010502165,2024,010502165,1,19,0,9,9,5,3,0,0,2,0,0,0,0,1,2,1,1,1,32,6,-1,3,1,FORD TRANSIT,8,E01001996,0,3
2024010508150,2024,010508150,2,19,0,18,19,5,1,0,0,1,0,0,0,0,1,1,6,6,3,-1,-1,2402,2,13,FORD TRANSIT,-1,-1,0,-1
2024991527101,2024,991527101,2,19,0,-1,12,3,1,-1,0,2,0,0,0,0,1,1,-1,1,1,45,7,2402,2,13,FORD TRANSIT,-1,-1,0,-1
2024010514766,2024,010514766,3,19,5,2,2,0,0,0,0,1,0,0,0,0,2,1,6,6,3,-1,-1,1995,2,1,FORD TRANSIT,-1,-1,0,-1
2024221454797,2024,221454797,2,19,0,-1,19,7,3,-1,0,0,0,0,0,0,2,9,-1,6,1,20,4,2198,2,11,FORD TRANSIT,2,E01032389,0,2
2024991487325,2024,991487325,1,19,0,-1,19,3,7,-1,0,0,5,0,8,0,3,1,-1,6,1,58,9,2402,2,16,FORD TRANSIT,6,-1,0,2
2024111509779,2024,111509779,1,19,0,-1,19,3,7,-1,0,8,0,0,0,0,1,1,-1,6,1,30,6,2198,2,10,FORD TRANSIT,-1,-1,0,-1
2024010501831,2024,010501831,2,19,0,18,19,5,1,0,0,8,0,0,0,0,1,1,6,6,1,52,8,2198,2,8,FORD TRANSIT,3,E01000511,0,1
2024440503640,2024,440503640,2,19,0,2,2,0,0,0,0,0,0,0,0,0,3,1,1,1,3,-1,-1,2198,2,8,FORD TRANSIT,-1,-1,0,-1
2024010499251,2024,010499251,2,90,0,18,19,3,7,0,0,1,0,0,0,0,1,1,1,1,1,30,6,-1,-1,-1,FORD TRANSIT,3,E01000127,0,1
2024061403757,2024,061403757,2,19,0,-1,2,0,0,-1,0,0,0,0,0,0,3,9,-1,1,1,34,6,-1,3,1,FORD TRANSIT,4,E01005208,0,1
2024440215835,2024,440215835,3,19,0,3,3,4,8,0,0,1,0,0,0,0,2,1,2,2,2,44,7,2198,2,12,FORD TRANSIT,-1,-1,0,-1
2024451521783,2024,451521783,1,10,0,-1,19,4,8,-1,0,2,0,0,0,0,3,1,-1,1,1,52,8,2198,2,8,FORD TRANSIT,4,E01030634,0,2