collision_index,collision_year,collision_ref_no,vehicle_reference,vehicle_type,towing_and_articulation,vehicle_manoeuvre_historic,vehicle_manoeuvre,vehicle_direction_from,vehicle_direction_to,vehicle_location_restricted_lane_historic,vehicle_location_restricted_lane,junction_location,skidding_and_overturning,hit_object_in_carriageway,vehicle_leaving_carriageway,hit_object_off_carriageway,first_point_of_impact,vehicle_left_hand_drive,journey_purpose_of_driver_historic,journey_purpose_of_driver,sex_of_driver,age_of_driver,age_band_of_driver,engine_capacity_cc,propulsion_code,age_of_vehicle,generic_make_model,driver_imd_decile,lsoa_of_driver,escooter_flag,driver_distance_banding
2024440505616,2024,440505616,2,19,0,18,19,8,4,0,0,1,0,0,0,0,1,1,6,6,1,-1,-1,2198,2,13,FORD TRANSIT,-1,-1,0,-1
2024061457480,2024,061457480,1,19,0,-1,4,6,2,-1,0,4,0,0,0,0,0,1,-1,6,1,58,9,2198,2,10,FORD TRANSIT,1,E01006360,0,3
2024552401285,2024,552401285,1,19,0,7,7,5,7,0,0,5,0,0,0,0,1,1,6,6,1,26,6,2198,2,10,FORD TRANSIT,8,E01020408,0,1
2024302400824,2024,302400824,1,19,0,18,19,7,3,0,0,0,0,0,0,0,0,1,6,6,3,-1,-1,2402,2,19,FORD TRANSIT,-1,-1,0,-1
2024991451748,2024,991451748,2,19,0,-1,19,4,8,-1,0,0,0,0,0,0,1,1,-1,1,1,40,7,1995,2,6,FORD TRANSIT,5,-1,0,4
2024211410469,2024,211410469,2,19,0,-1,3,6,2,-1,0,0,0,0,0,0,2,9,-1,1,1,35,6,2198,2,7,FORD TRANSIT,9,E01029744,0,4
2024070798443,2024,070798443,2,19,0,-1,19,2,4,-1,0,0,0,0,0,0,1,1,-1,9,1,31,6,2198,2,11,FORD TRANSIT,6,E01018570,0,1
2024440552787,2024,440552787,1,19,0,18,19,6,2,0,0,4,0,0,0,0,1,1,6,6,3,-1,-1,1995,2,2,FORD TRANSIT,-1,-1,0,-1
2024010540503,2024,010540503,2,21,0,10,10,7,5,0,0,1,0,0,0,0,0,1,1,1,1,30,6,1995,2,3,FORD TRANSIT,4,E01016484,0,4
2024161509626,2024,161509626,1,19,0,-1,9,3,1,-1,0,8,0,0,0,0,3,2,-1,1,1,29,6,1995,2,3,FORD TRANSIT,1,E01012805,0,4
2024041465438,2024,041465438,3,19,0,-1,4,2,6,-1,0,0,0,0,0,0,2,9,-1,6,1,48,8,2402,2,15,FORD TRANSIT,5,E01025080,0,1
2024471490224,2024,471490224,1,19,0,-1,19,5,1,-1,0,1,0,0,0,0,1,1,-1,6,1,68,10,2198,2,11,FORD TRANSIT,3,E01031358,0,1
2024471437201,2024,471437201,1,19,0,-1,19,5,1,-1,0,0,0,0,0,0,2,1,-1,6,1,38,7,2198,2,10,FORD TRANSIT,6,E01021205,0,4
2024461413440,2024,461413440,1,19,0,-1,19,1,5,-1,0,0,0,0,0,0,1,1,-1,1,1,38,7,2198,2,9,FORD TRANSIT,3,E01024395,0,4
2024622400698,2024,622400698,2,19,0,18,19,8,4,0,0,1,0,0,0,0,2,1,1,1,1,34,6,2198,2,12,FORD TRANSIT,10,W01001892,0,1
2024201473594,2024,201473594,1,19,0,-1,9,4,2,-1,0,5,0,0,0,0,1,1,-1,6,3,-1,-1,2198,2,13,FORD TRANSIT,-1,-1,0,-1
2024340WN1922,2024,340WN1922,1,19,4,-1,19,4,8,-1,0,1,0,0,0,0,1,1,-1,2,1,28,6,1995,2,2,FORD TRANSIT,5,E01027236,0,3
2024010505582,2024,010505582,4,10,0,9,9,7,4,0,0,8,0,0,0,0,1,1,2,2,1,63,9,2402,2,17,FORD TRANSIT,9,E01003669,0,2
2024421504472,2024,421504472,4,19,0,-1,2,5,5,-1,-1,0,0,0,0,0,0,1,-1,1,1,30,6,1995,2,7,FORD TRANSIT,7,E01000377,0,3
2024010544036,2024,010544036,2,19,0,99,99,9,9,99,99,0,9,99,9,99,1,9,6,6,3,-1,-1,1995,2,3,FORD TRANSIT,-1,-1,0,-1
2024122400699,2024,122400699,1,19,0,18,19,3,7,0,0,0,0,0,1,1,4,1,6,6,1,53,8,2198,2,14,FORD TRANSIT,-1,-1,0,-1
2024451434006,2024,451434006,2,19,0,-1,19,4,1,-1,0,1,1,0,0,0,4,1,-1,1,1,55,8,2198,2,8,FORD TRANSIT,9,E01030761,0,2
2024361418796,2024,361418796,1,19,0,-1,19,6,1,-1,0,8,0,0,1,0,1,1,-1,6,1,55,8,1995,2,2,FORD TRANSIT,9,E01002417,0,5
2024302401590,2024,302401590,1,19,0,18,19,4,8,9,9,2,0,0,0,0,0,1,6,6,1,36,7,1995,2,2,FORD TRANSIT,5,E01019456,0,3
2024522401527,2024,522401527,2,11,0,18,19,1,5,0,0,0,0,0,0,0,1,1,6,6,1,59,9,1995,2,4,FORD TRANSIT,10,E01014866,0,3
2024052402223,2024,052402223,2,19,0,18,19,7,3,0,0,0,0,0,0,0,1,1,1,1,1,27,6,-1,3,2,FORD TRANSIT,2,E01012391,0,3
2024991514690,2024,991514690,1,19,0,-1,5,3,7,-1,0,0,0,4,0,0,1,1,-1,6,1,60,9,2402,2,15,FORD TRANSIT,-1,-1,0,-1
2024061528107,2024,061528107,2,19,0,-1,7,-1,-1,-1,0,9,5,0,0,0,4,1,-1,6,1,-1,-1,2198,2,9,FORD TRANSIT,1,E01005379,0,2
2024122400101,2024,122400101,1,19,0,18,19,1,5,0,0,0,0,0,0,0,1,1,1,1,1,34,6,1995,2,4,FORD TRANSIT,2,E01007770,0,4
2024221492156,2024,221492156,1,19,0,-1,1,1,5,-1,0,0,0,0,0,0,2,1,-1,1,1,21,5,1995,2,0,FORD TRANSIT,1,E01010374,0,4
2024501451331,2024,501451331,1,10,0,-1,19,2,6,-1,0,1,0,4,0,0,4,1,-1,2,1,38,7,2402,2,21,FORD TRANSIT,5,E01018757,0,3
2024451502074,2024,451502074,1,19,0,-1,9,5,7,-1,0,0,0,0,0,0,3,1,-1,1,1,51,8,1995,2,3,FORD TRANSIT,10,E01030428,0,3
2024461457392,2024,461457392,1,19,0,-1,19,5,7,-1,0,8,0,0,0,0,0,9,-1,6,1,-1,-1,1995,2,2,FORD TRANSIT,3,E01003015,0,4
2024010510796,2024,010510796,2,19,0,18,19,5,1,0,0,1,0,0,0,0,4,1,1,1,1,25,5,1995,2,6,FORD TRANSIT,3,E01003634,0,1
2024991469358,2024,991469358,2,19,0,-1,19,1,5,-1,0,1,0,4,0,0,3,1,-1,1,1,50,8,1995,2,5,FORD TRANSIT,4,-1,0,4
2024461491018,2024,461491018,1,19,0,-1,19,5,1,-1,0,0,0,0,0,0,1,1,-1,1,1,46,8,1995,2,2,FORD TRANSIT,3,E01003240,0,4
2024451495135,2024,451495135,1,19,0,-1,6,1,5,-1,0,1,0,0,0,0,3,1,-1,2,2,64,9,2198,2,13,FORD TRANSIT,5,E01030786,0,1
2024991515968,2024,991515968,1,19,0,-1,19,6,2,-1,0,0,0,0,0,0,1,1,-1,2,1,59,9,2198,2,14,FORD TRANSIT,3,-1,0,2
2024131465135,2024,131465135,1,19,0,-1,19,7,3,-1,0,3,5,0,1,0,4,1,-1,1,1,23,5,1995,2,5,FORD TRANSIT,1,E01011662,0,1
2024351468394,2024,351468394,2,19,0,-1,19,4,8,-1,0,1,0,0,0,0,4,1,-1,1,1,60,9,1995,2,2,FORD TRANSIT,7,E01018279,0,1
2024041405923,2024,041405923,1,19,0,-1,1,8,5,-1,1,8,0,0,0,0,2,1,-1,1,1,63,9,2198,2,11,FORD TRANSIT,1,E01025295,0,1
2024430445798,2024,430445798,2,19,0,3,3,2,6,0,0,1,0,0,0,0,2,1,2,2,1,61,9,1995,2,2,FORD TRANSIT,-1,-1,0,-1
2024031397919,2024,031397919,1,19,0,-1,19,1,5,-1,0,0,2,0,1,11,1,1,-1,1,1,42,7,1995,2,6,FORD TRANSIT,9,E01028672,0,5
2024461512940,2024,461512940,2,19,0,-1,4,1,5,-1,0,0,0,0,0,0,2,9,-1,6,1,56,9,2198,2,10,FORD TRANSIT,4,E01024771,0,2
2024131493995,2024,131493995,2,19,0,-1,19,3,7,-1,0,0,0,0,0,0,1,1,-1,9,1,31,6,2198,2,10,FORD TRANSIT,5,E01011063,0,3
2024361485344,2024,361485344,2,19,0,-1,3,7,3,-1,0,0,0,0,0,0,2,1,-1,1,1,39,7,1995,2,0,FORD TRANSIT,8,E01026530,0,2
2024552400825,2024,552400825,1,19,0,18,19,3,7,0,0,0,0,0,0,0,2,1,2,2,1,37,7,2198,2,12,FORD TRANSIT,8,E01020505,0,2
202460Q156638,2024,60Q156638,2,20,4,18,19,1,5,0,0,1,4,0,0,0,4,1,1,1,1,33,6,2198,2,11,FORD TRANSIT,-1,-1,0,-1
2024471414275,2024,471414275,2,19,0,-1,9,5,7,-1,0,6,0,0,0,0,3,1,-1,1,1,28,6,-1,-1,-1,FORD TRANSIT,2,E01020925,0,2
2024010538309,2024,010538309,2,19,0,18,19,5,1,0,0,1,0,0,0,0,1,1,1,1,1,43,7,1995,2,7,FORD TRANSIT,4,E01003062,0,2
2024430442426,2024,430442426,1,10,0,18,19,1,5,0,0,8,0,0,7,7,1,1,2,2,1,30,6,-1,-1,-1,FORD TRANSIT,-1,-1,0,-1
2024361408912,2024,361408912,2,19,0,-1,20,5,5,-1,0,0,0,0,0,0,2,9,-1,6,-1,-1,-1,1995,2,4,FORD TRANSIT,-1,-1,0,-1
2024430147612,2024,430147612,1,19,0,18,19,8,4,0,0,4,0,0,0,0,1,1,6,6,1,32,6,2198,2,12,FORD TRANSIT,-1,-1,0,-1
2024052400669,2024,052400669,2,19,0,4,4,3,7,0,0,1,0,0,0,0,2,1,6,6,1,53,8,2198,2,13,FORD TRANSIT,4,E01006485,0,1
2024010536237,2024,010536237,1,19,0,99,99,9,9,99,99,9,9,99,9,99,2,9,1,1,1,49,8,1995,2,7,FORD TRANSIT,2,E01000106,0,2
2024231474588,2024,231474588,2,19,0,-1,19,7,3,-1,0,8,0,0,0,0,1,1,-1,9,1,40,7,2402,2,19,FORD TRANSIT,4,E01031030,0,1
2024101484616,2024,101484616,1,19,4,-1,4,7,3,-1,0,1,1,4,0,0,1,1,-1,1,1,27,6,2402,2,15,FORD TRANSIT,4,E01008554,0,2
2024471437993,2024,471437993,1,19,0,-1,19,3,7,-1,0,4,0,0,0,0,1,1,-1,1,1,43,7,2402,2,13,FORD TRANSIT,3,E01031956,0,5
2024440502716,2024,440502716,3,19,0,18,19,1,5,0,0,8,0,0,0,0,0,1,6,6,3,-1,-1,1995,2,1,FORD TRANSIT,-1,-1,0,-1
2024041506542,2024,041506542,2,19,0,-1,19,5,1,-1,0,0,0,0,0,0,2,1,-1,1,1,33,6,1995,2,1,FORD TRANSIT,3,E01006584,0,4
2024302401211,2024,302401211,1,19,0,1,1,6,2,0,0,0,0,0,0,0,2,1,6,6,1,26,6,-1,3,1,FORD TRANSIT,1,E01013600,0,4
2024311458567,2024,311458567,1,19,0,-1,1,7,7,-1,0,0,0,0,0,0,2,1,-1,1,1,30,6,2402,2,14,FORD TRANSIT,-1,-1,0,-1
2024351401587,2024,351401587,3,20,0,-1,1,1,5,-1,0,0,0,0,0,0,2,9,-1,2,1,-1,-1,-1,-1,-1,FORD TRANSIT,-1,-1,0,-1
2024340WN5592,2024,340WN5592,2,19,0,-1,19,1,5,-1,0,0,0,0,0,0,1,1,-1,2,1,33,6,1995,2,7,FORD TRANSIT,9,E01027303,0,2
2024991482178,2024,991482178,3,19,0,-1,19,4,8,-1,0,0,5,0,1,0,1,1,-1,1,1,62,9,1995,2,1,FORD TRANSIT,1,-1,0,4
2024141442877,2024,141442877,1,19,0,-1,19,8,4,-1,0,0,0,0,0,0,1,1,-1,2,1,38,7,1995,2,1,FORD TRANSIT,4,E01007434,0,1
2024311410353,2024,311410353,1,19,0,-1,19,5,1,-1,0,1,0,0,0,0,1,1,-1,1,1,41,7,1995,2,1,FORD TRANSIT,5,E01031037,0,4
2024421526796,2024,421526796,3,19,0,-1,19,2,6,-1,0,0,0,0,0,0,2,1,-1,1,1,60,9,1995,2,1,FORD TRANSIT,4,E01021779,0,4
2024461420441,2024,461420441,2,19,0,-1,19,6,6,-1,0,1,0,0,0,0,1,1,-1,2,1,24,5,2198,2,17,FORD TRANSIT,7,E01024403,0,1
2024371463598,2024,371463598,1,19,0,-1,19,5,1,-1,0,0,0,0,1,0,1,1,-1,2,1,60,9,2198,2,12,FORD TRANSIT,4,E01030223,0,1
2024010544705,2024,010544705,2,19,0,18,19,1,5,0,0,8,0,0,0,0,3,1,6,6,1,46,8,1995,2,2,FORD TRANSIT,10,E01031638,0,4
2024340NN3492,2024,340NN3492,1,20,0,-1,19,5,1,-1,0,2,0,0,0,0,1,1,-1,2,1,36,7,2198,2,8,FORD TRANSIT,6,E01027062,0,1
2024547276924,2024,547276924,2,19,0,5,5,6,2,0,0,6,0,0,0,0,2,1,6,6,1,30,6,2402,2,18,FORD TRANSIT,5,E01032010,0,4
2024531477841,2024,531477841,1,19,0,-1,19,7,3,-1,0,0,0,0,0,0,1,1,-1,1,1,56,9,2198,2,10,FORD TRANSIT,8,E01022191,0,1
2024421519186,2024,421519186,1,19,0,-1,19,-1,-1,-1,9,0,0,0,0,0,4,1,-1,6,3,-1,-1,1995,2,0,FORD TRANSIT,-1,-1,0,-1
2024211483921,2024,211483921,1,19,0,-1,4,8,4,-1,0,1,0,0,0,0,1,1,-1,1,1,33,6,1995,2,3,FORD TRANSIT,-1,-1,0,-1
2024010529342,2024,010529342,2,19,0,12,12,3,7,0,0,0,0,0,0,0,1,1,1,1,1,48,8,2198,2,12,FORD TRANSIT,5,E01016768,0,4
2024010530888,2024,010530888,1,19,0,18,19,3,7,0,0,3,0,0,0,0,4,1,6,6,1,24,5,-1,3,1,FORD TRANSIT,2,E01001332,0,1
2024991474039,2024,991474039,2,19,0,-1,19,4,8,-1,0,0,0,0,0,0,2,1,-1,2,1,29,6,2402,2,13,FORD TRANSIT,3,-1,0,4
2024471457546,2024,471457546,1,19,0,-1,5,1,5,-1,0,3,0,0,0,0,1,1,-1,6,1,43,7,2198,2,8,FORD TRANSIT,9,E01020942,0,2
2024131491901,2024,131491901,1,19,0,-1,19,5,1,-1,0,0,0,0,0,0,1,1,-1,2,1,29,6,1995,2,1,FORD TRANSIT,5,E01027916,0,1
2024622400182,2024,622400182,1,10,0,18,19,5,1,0,0,1,0,0,0,0,1,1,1,1,1,62,9,2198,2,15,FORD TRANSIT,7,W01000873,0,2
2024010498016,2024,010498016,2,21,1,18,19,1,5,0,0,8,0,0,0,0,1,1,1,1,1,33,6,1995,2,2,FORD TRANSIT,3,E01002028,0,2
2024340WN2022,2024,340WN2022,2,19,0,-1,19,8,4,-1,0,1,0,0,7,0,1,1,-1,1,1,63,9,2198,2,14,FORD TRANSIT,7,E01025620,0,4
2024211433869,2024,211433869,1,19,0,-1,15,5,1,-1,0,0,0,0,0,0,3,1,-1,6,3,50,8,2198,2,9,FORD TRANSIT,-1,-1,0,-1
2024421517891,2024,421517891,1,19,0,-1,19,3,7,-1,0,0,0,0,0,0,4,1,-1,6,1,46,8,2198,2,9,FORD TRANSIT,7,E01035590,0,1
2024010540350,2024,010540350,2,20,0,18,19,1,5,0,0,0,0,0,0,0,1,1,1,1,1,27,6,-1,-1,-1,FORD TRANSIT,1,E01002036,0,1
2024141509681,2024,141509681,1,19,0,-1,5,3,7,-1,0,0,0,0,7,0,1,1,-1,1,1,58,9,1995,2,0,FORD TRANSIT,1,E01007643,0,3
2024221418763,2024,221418763,2,19,0,-1,5,7,3,-1,0,1,0,0,0,0,0,1,-1,6,1,61,9,1995,2,6,FORD TRANSIT,7,E01022445,0,1
2024101462963,2024,101462963,1,19,-1,-1,19,8,4,-1,0,0,0,0,0,0,1,9,-1,1,1,-1,-1,1995,2,7,FORD TRANSIT,-1,-1,0,-1
2024332400637,2024,332400637,4,19,0,-1,3,4,8,-1,0,1,0,0,0,0,2,1,-1,1,1,54,8,1995,2,2,FORD TRANSIT,1,E01013876,0,4
2024401494868,2024,401494868,1,19,0,-1,4,6,2,-1,0,1,0,0,0,0,1,1,-1,6,1,42,7,2198,2,11,FORD TRANSIT,6,E01034432,0,1
2024991488859,2024,991488859,2,19,0,-1,5,2,6,-1,0,1,0,0,0,0,4,1,-1,6,-1,31,6,2198,2,11,FORD TRANSIT,1,-1,0,3
2024461473647,2024,461473647,1,19,0,-1,19,7,3,-1,0,0,0,0,0,0,3,2,-1,2,1,48,8,2496,2,29,FORD TRANSIT,4,E01024194,0,3
2024010551077,2024,010551077,2,19,0,2,2,0,0,0,0,0,0,0,0,0,2,2,6,6,3,-1,-1,1995,2,5,FORD TRANSIT,-1,-1,0,-1
2024320080481,2024,320080481,1,19,0,-1,-1,1,5,0,0,0,1,0,1,3,1,1,1,1,1,26,6,1995,2,4,FORD TRANSIT,1,E01034264,0,4
2024010498167,2024,010498167,2,20,0,5,5,5,1,0,0,1,0,0,0,0,1,1,1,1,1,41,7,1995,2,2,FORD TRANSIT,2,E01002054,0,1
2024231553062,2024,231553062,2,19,0,-1,2,0,0,-1,-1,0,0,0,0,0,1,1,-1,1,1,74,10,1499,2,0,FORD TRANSIT,5,E01032306,0,4
2024522401838,2024,522401838,2,19,0,1,1,2,6,0,0,0,0,0,0,0,2,1,6,6,1,44,7,2198,2,16,FORD TRANSIT,7,E01014950,0,1
2024991460088,2024,991460088,2,19,0,-1,19,7,3,-1,0,0,0,0,0,0,1,9,-1,6,1,30,6,2198,2,9,FORD TRANSIT,-1,-1,0,-1
2024070638101,2024,070638101,1,19,0,4,4,2,6,0,0,1,0,0,0,0,1,1,6,6,1,49,8,-1,-1,-1,FORD TRANSIT,9,E01025974,0,5
2024010522274,2024,010522274,1,19,0,99,99,9,9,0,0,0,0,0,0,0,9,1,6,6,1,25,5,1995,2,7,FORD TRANSIT,3,E01001180,0,1
2024351538060,2024,351538060,2,19,0,-1,4,4,8,-1,0,0,0,0,0,0,1,1,-1,6,1,32,6,1995,2,2,FORD TRANSIT,5,E01023332,0,4
2024440118673,2024,440118673,2,19,0,1,1,8,6,0,0,0,0,0,0,0,2,1,2,2,1,53,8,2198,2,12,FORD TRANSIT,5,E01017203,0,1
2024991398801,2024,991398801,1,19,0,-1,1,5,1,-1,0,0,0,4,0,0,2,1,-1,1,1,21,5,1995,2,2,FORD TRANSIT,3,-1,0,3
2024010511562,2024,010511562,1,20,4,18,19,1,5,0,0,8,0,0,0,0,1,1,6,6,1,57,9,2198,2,12,FORD TRANSIT,6,E01004152,0,3
2024401412253,2024,401412253,3,19,0,-1,2,0,0,-1,0,0,0,0,0,0,1,1,-1,6,1,65,9,2198,2,11,FORD TRANSIT,8,E01035609,0,3
2024401528659,2024,401528659,1,19,0,-1,5,7,8,-1,0,4,0,0,0,0,1,1,-1,1,1,46,8,1995,2,5,FORD TRANSIT,10,E01018245,0,4
2024440531818,2024,440531818,2,19,0,18,19,7,3,0,0,8,0,0,0,0,1,1,1,1,1,35,6,2198,2,16,FORD TRANSIT,6,E01017256,0,1
2024122400720,2024,122400720,1,19,0,18,19,3,7,0,0,4,0,0,0,0,1,1,6,6,1,24,5,2198,2,12,FORD TRANSIT,1,E01025181,0,3
2024122400782,2024,122400782,1,19,0,11,11,4,8,0,0,1,0,0,0,0,1,1,1,1,1,22,5,2198,2,9,FORD TRANSIT,6,E01010765,0,5
2024371493747,2024,371493747,1,19,0,-1,19,3,7,-1,0,0,0,0,1,0,1,1,-1,1,1,24,5,1995,2,3,FORD TRANSIT,2,E01029988,0,4
2024010490235,2024,010490235,2,19,0,99,99,9,9,99,99,5,9,99,9,99,9,9,6,6,3,-1,-1,1995,2,3,FORD TRANSIT,-1,-1,0,-1
202460Q012989,2024,60Q012989,1,19,0,18,19,7,3,0,0,0,0,0,0,0,3,1,6,6,1,63,9,2198,2,11,FORD TRANSIT,-1,-1,0,-1
2024131447780,2024,131447780,2,19,0,-1,4,7,3,-1,0,8,0,0,0,0,2,1,-1,1,1,52,8,1995,2,8,FORD TRANSIT,2,E01032492,0,1
2024071004889,2024,071004889,1,19,0,-1,19,1,5,-1,0,5,0,0,0,0,3,1,-1,1,1,34,6,1995,2,3,FORD TRANSIT,1,E01006288,0,3
2024471420733,2024,471420733,2,19,0,-1,19,5,1,-1,0,4,0,0,0,0,1,1,-1,6,1,-1,-1,2402,2,13,FORD TRANSIT,-1,-1,0,-1
2024122400997,2024,122400997,2,19,0,3,3,2,5,0,0,1,0,0,0,0,1,1,6,6,1,18,4,2198,2,18,FORD TRANSIT,3,E01012328,0,4
2024031452136,2024,031452136,1,19,0,-1,19,3,7,-1,0,0,0,0,0,0,4,1,-1,1,1,32,6,1995,2,3,FORD TRANSIT,1,E01012892,0,5
2024010544294,2024,010544294,1,19,0,18,19,3,7,0,0,0,0,0,0,0,4,1,1,1,1,61,9,1995,2,7,FORD TRANSIT,8,E01016549,0,4
2024211417839,2024,211417839,2,19,0,-1,19,1,5,-1,0,0,0,0,0,0,2,1,-1,6,1,38,7,2198,2,8,FORD TRANSIT,-1,-1,0,-1
2024061510140,2024,061510140,2,19,0,-1,19,-1,-1,-1,99,0,9,99,7,99,3,1,-1,6,3,-1,-1,1995,2,6,FORD TRANSIT,-1,-1,0,-1
2024041480180,2024,041480180,3,19,0,-1,19,5,1,-1,0,8,0,0,0,0,1,1,-1,1,1,31,6,1995,2,4,FORD TRANSIT,9,E01006320,0,4
2024371510295,2024,371510295,2,19,0,-1,5,5,5,-1,0,0,0,0,0,0,1,1,-1,1,1,28,6,1995,2,3,FORD TRANSIT,2,E01030024,0,2
2024991520180,2024,991520180,1,19,0,-1,9,1,7,-1,0,0,0,0,0,0,4,1,-1,1,1,24,5,1995,2,2,FORD TRANSIT,9,-1,0,3
2024332401040,2024,332401040,4,20,0,-1,19,4,6,-1,0,0,0,0,0,0,3,1,-1,6,3,-1,-1,-1,-1,-1,FORD TRANSIT,-1,-1,0,-1
2024461453364,2024,461453364,1,19,0,-1,19,1,5,-1,0,0,1,11,7,11,1,1,-1,9,1,46,8,2402,2,17,FORD TRANSIT,-1,-1,0,-1
2024201439975,2024,201439975,1,19,0,-1,19,5,1,-1,0,1,0,0,0,0,1,1,-1,6,1,-1,-1,2402,2,14,FORD TRANSIT,1,E01009479,0,3
2024010536502,2024,010536502,1,19,0,18,19,5,1,0,0,0,0,0,0,0,3,1,6,6,1,37,7,1995,2,7,FORD TRANSIT,-1,-1,0,-1
2024141450232,2024,141450232,1,19,0,-1,9,5,1,-1,0,1,0,0,0,0,1,1,-1,1,1,59,9,2198,2,8,FORD TRANSIT,2,E01007627,0,4
2024501402248,2024,501402248,2,19,0,-1,19,7,3,-1,0,0,1,0,0,0,3,1,-1,1,1,27,6,1995,2,2,FORD TRANSIT,2,E01015171,0,4
2024471477927,2024,471477927,1,19,0,-1,4,1,5,-1,0,8,0,0,0,0,0,1,-1,6,1,38,7,2198,2,11,FORD TRANSIT,5,E01017204,0,4
2024340WN7342,2024,340WN7342,2,19,0,-1,19,1,5,-1,0,5,1,0,0,0,4,1,-1,2,1,36,7,2198,2,11,FORD TRANSIT,7,E01027219,0,2
2024122400994,2024,122400994,1,20,0,18,19,7,3,0,0,0,0,0,0,0,1,1,6,6,1,27,6,-1,-1,-1,FORD TRANSIT,5,E01027798,0,3
2024361412037,2024,361412037,1,20,0,-1,2,0,0,-1,9,0,0,0,0,0,2,1,-1,6,1,58,9,2198,2,8,FORD TRANSIT,4,E01026668,0,4
2024471452797,2024,471452797,2,19,0,-1,4,4,8,-1,0,0,0,0,0,0,2,1,-1,1,1,26,6,1995,2,2,FORD TRANSIT,8,E01031659,0,4
2024991422997,2024,991422997,2,19,0,-1,4,6,6,-1,0,0,0,4,0,0,1,1,-1,1,1,34,6,2198,2,17,FORD TRANSIT,-1,-1,0,-1
2024041422913,2024,041422913,2,11,0,-1,19,2,6,-1,0,0,5,0,1,0,4,1,-1,1,1,65,9,2198,2,12,FORD TRANSIT,10,E01025439,0,1
2024031456266,2024,031456266,2,19,0,-1,2,0,0,-1,0,0,0,0,0,0,2,1,-1,6,-1,-1,-1,1995,2,4,FORD TRANSIT,-1,-1,0,-1
2024421490817,2024,421490817,4,19,0,-1,5,7,3,-1,0,0,0,0,0,0,1,1,-1,1,2,34,6,1995,2,3,FORD TRANSIT,7,E01034093,0,2
2024101457401,2024,101457401,1,19,0,-1,9,8,6,-1,0,6,0,0,0,0,1,1,-1,1,1,64,9,1995,2,3,FORD TRANSIT,3,E01008288,0,2
2024421535606,2024,421535606,1,19,0,-1,19,5,1,-1,0,0,0,0,0,0,1,1,-1,9,1,58,9,2198,2,11,FORD TRANSIT,2,E01021485,0,4
2024332401161,2024,332401161,1,19,0,-1,19,5,1,-1,0,3,0,0,0,0,3,1,-1,9,1,57,9,2198,2,9,FORD TRANSIT,5,E01025749,0,2
2024430115626,2024,430115626,2,20,1,17,19,8,2,0,0,0,0,0,0,0,1,1,1,1,1,60,9,-1,-1,-1,FORD TRANSIT,6,E01026339,0,4
2024010518424,2024,010518424,1,10,0,5,5,1,5,0,0,0,1,0,0,0,1,1,3,7,1,28,6,2198,2,6,FORD TRANSIT,4,E01001727,0,1
2024991492684,2024,991492684,1,19,0,-1,19,2,5,-1,0,0,1,0,7,0,1,1,-1,1,1,40,7,1995,2,4,FORD TRANSIT,5,-1,0,2
2024421506492,2024,421506492,2,19,0,-1,19,6,2,-1,0,0,1,0,0,0,2,1,-1,1,1,46,8,1995,2,1,FORD TRANSIT,7,E01026351,0,4
2024211402527,2024,211402527,2,19,0,-1,19,8,4,-1,0,0,0,0,1,0,3,1,-1,1,1,33,6,1995,2,7,FORD TRANSIT,7,E01014272,0,3
2024111462670,2024,111462670,2,19,0,-1,2,0,0,-1,0,0,0,0,0,0,1,1,-1,1,1,43,7,1995,2,2,FORD TRANSIT,4,-1,0,5
2024991436396,2024,991436396,1,19,0,-1,19,3,7,-1,0,0,5,0,2,0,1,1,-1,9,1,24,5,1995,2,5,FORD TRANSIT,4,-1,0,4
2024451496343,2024,451496343,1,19,0,-1,7,3,5,-1,0,6,0,0,0,0,1,1,-1,1,1,67,10,1995,2,1,FORD TRANSIT,4,E01031575,0,2
2024071046476,2024,071046476,1,19,0,-1,4,7,3,-1,0,7,0,0,0,0,1,1,-1,1,1,22,5,1996,2,0,FORD TRANSIT,8,W01000203,0,4
2024010529511,2024,010529511,2,20,0,99,99,9,9,99,99,9,9,99,9,99,2,9,6,6,3,-1,-1,-1,-1,-1,FORD TRANSIT,-1,-1,0,-1
2024010538151,2024,010538151,1,19,0,1,1,3,7,0,0,1,0,0,0,0,2,1,6,6,1,41,7,1995,2,7,FORD TRANSIT,-1,-1,0,-1
2024010527367,2024,010527367,2,19,0,99,99,9,9,99,99,9,9,99,9,99,9,9,6,6,3,-1,-1,1995,2,5,FORD TRANSIT,-1,-1,0,-1
2024320366105,2024,320366105,2,19,0,3,3,6,2,0,0,0,0,0,0,0,2,1,-1,-1,1,36,7,1995,2,5,FORD TRANSIT,6,E01027039,0,4
2024211404011,2024,211404011,1,19,0,-1,7,4,6,-1,0,0,0,0,1,0,4,9,-1,1,1,74,10,2198,2,16,FORD TRANSIT,7,E01029780,0,1