collision_index,collision_year,collision_ref_no,vehicle_reference,vehicle_type,towing_and_articulation,vehicle_manoeuvre_historic,vehicle_manoeuvre,vehicle_direction_from,vehicle_direction_to,vehicle_location_restricted_lane_historic,vehicle_location_restricted_lane,junction_location,skidding_and_overturning,hit_object_in_carriageway,vehicle_leaving_carriageway,hit_object_off_carriageway,first_point_of_impact,vehicle_left_hand_drive,journey_purpose_of_driver_historic,journey_purpose_of_driver,sex_of_driver,age_of_driver,age_band_of_driver,engine_capacity_cc,propulsion_code,age_of_vehicle,generic_make_model,driver_imd_decile,lsoa_of_driver,escooter_flag,driver_distance_banding
2024451460651,2024,451460651,1,19,0,-1,19,1,5,-1,0,0,5,10,0,0,4,1,-1,6,1,27,6,2402,2,16,FORD TRANSIT,4,E01030816,0,2
2024122400111,2024,122400111,1,19,0,9,9,2,6,0,0,6,0,0,0,0,3,1,1,1,1,64,9,1995,2,2,FORD TRANSIT,8,E01027656,0,1
2024461441510,2024,461441510,1,19,5,-1,19,2,7,-1,0,0,0,0,0,0,1,9,-1,1,1,59,9,2402,2,17,FORD TRANSIT,3,E01024622,0,2
2024010514794,2024,010514794,1,19,0,18,19,3,7,0,0,1,0,0,1,11,1,1,1,1,1,32,6,1995,2,7,FORD TRANSIT,2,E01000730,0,3
202454E217024,2024,54E217024,3,19,0,16,19,8,4,0,0,0,0,0,0,0,1,1,1,1,1,37,7,1995,2,5,FORD TRANSIT,10,E01032018,0,1
2024531483039,2024,531483039,1,19,0,-1,12,5,4,-1,0,0,0,0,0,0,4,1,-1,6,1,25,5,1995,2,1,FORD TRANSIT,1,E01013084,0,5
2024221510359,2024,221510359,1,19,0,-1,9,8,3,-1,9,6,0,0,0,0,4,9,-1,1,1,61,9,1995,2,0,FORD TRANSIT,5,E01009749,0,2
2024411536244,2024,411536244,1,19,0,-1,1,3,7,-1,0,0,0,0,0,0,2,1,-1,1,1,50,8,1995,2,3,FORD TRANSIT,8,E01034434,0,4
2024320062397,2024,320062397,1,19,0,-1,-1,6,2,0,0,1,0,0,0,0,1,1,-1,-1,1,19,4,1995,2,4,FORD TRANSIT,3,E01007487,0,4
2024010530180,2024,010530180,2,19,0,99,99,9,9,99,99,9,9,99,9,99,9,9,6,6,3,-1,-1,1995,2,1,FORD TRANSIT,3,E01002527,0,3
2024361474387,2024,361474387,1,19,0,-1,19,5,1,-1,0,0,0,0,0,0,1,1,-1,2,1,31,6,2198,2,15,FORD TRANSIT,5,E01026788,0,2
2024991425542,2024,991425542,4,19,0,-1,19,7,3,-1,0,0,0,0,0,0,2,1,-1,1,1,30,6,2198,2,12,FORD TRANSIT,3,-1,0,2
2024302400774,2024,302400774,1,19,0,18,19,8,4,0,0,0,0,0,0,0,3,1,6,6,1,45,7,2402,2,13,FORD TRANSIT,10,E01026395,0,4
2024461489274,2024,461489274,1,19,0,-1,4,5,1,-1,0,0,1,0,0,0,1,1,-1,2,1,42,7,2198,2,10,FORD TRANSIT,7,E01035277,0,3
2024010524074,2024,010524074,2,19,0,18,19,1,5,0,0,8,0,0,0,0,3,1,6,6,1,43,7,1995,2,8,FORD TRANSIT,3,E01000523,0,4
2024131404973,2024,131404973,1,19,0,-1,9,8,1,-1,0,0,0,0,0,0,1,1,-1,1,1,67,10,1995,2,3,FORD TRANSIT,7,E01011895,0,3
2024531522659,2024,531522659,1,19,0,-1,19,4,8,-1,0,8,0,0,0,0,1,1,-1,6,3,-1,-1,2402,2,23,FORD TRANSIT,-1,-1,0,-1
2024161412325,2024,161412325,1,19,0,-1,9,1,7,-1,0,8,0,0,1,0,3,1,-1,9,1,26,6,2198,2,14,FORD TRANSIT,4,E01007580,0,4
2024461480438,2024,461480438,2,10,0,-1,19,5,1,-1,0,0,0,0,0,0,1,1,-1,1,1,30,6,2198,2,12,FORD TRANSIT,5,E01024342,0,1
2024211500018,2024,211500018,2,19,0,-1,10,2,6,-1,0,1,0,0,0,0,2,1,-1,2,1,18,4,2198,2,8,FORD TRANSIT,-1,-1,0,-1
2024991513506,2024,991513506,1,19,4,-1,-1,8,3,-1,0,0,0,0,0,0,1,1,-1,6,1,25,5,1995,2,4,FORD TRANSIT,6,-1,0,5
2024010549564,2024,010549564,1,19,0,18,19,7,3,0,0,2,0,0,0,0,1,1,6,6,1,20,4,-1,3,0,FORD TRANSIT,1,E01003515,0,2
2024461483451,2024,461483451,2,19,0,-1,19,7,3,-1,0,1,0,0,7,0,1,1,-1,1,1,30,6,2198,2,12,FORD TRANSIT,6,E01024410,0,2
2024010546855,2024,010546855,2,19,0,9,9,5,2,0,0,8,0,0,0,0,3,1,1,1,1,30,6,1995,2,0,FORD TRANSIT,2,E01001528,0,1
2024461492242,2024,461492242,1,19,0,-1,19,2,2,-1,0,0,1,0,0,0,1,1,-1,6,1,26,6,1995,2,3,FORD TRANSIT,4,E01024204,0,1
2024421426625,2024,421426625,2,19,0,-1,1,5,1,-1,0,0,0,0,0,0,2,1,-1,9,1,22,5,2402,2,15,FORD TRANSIT,3,E01021283,0,1
2024461502259,2024,461502259,1,19,0,-1,9,2,1,-1,0,6,0,0,0,0,1,1,-1,6,1,52,8,1995,2,7,FORD TRANSIT,2,E01024305,0,1
2024543395024,2024,543395024,12,19,0,18,19,4,8,0,0,0,1,0,0,10,1,1,6,6,1,68,10,1995,2,5,FORD TRANSIT,4,E01014426,0,4
2024131439742,2024,131439742,3,19,0,-1,13,6,2,-1,0,0,0,0,0,0,1,2,-1,6,-1,-1,-1,2402,2,18,FORD TRANSIT,-1,-1,0,-1
2024111423064,2024,111423064,1,19,4,-1,19,5,1,-1,0,0,0,0,0,0,1,1,-1,6,1,55,8,2402,2,13,FORD TRANSIT,1,E01034069,0,5
2024131492116,2024,131492116,1,19,0,-1,19,1,1,-1,0,8,1,0,0,0,1,1,-1,1,1,45,7,1995,2,4,FORD TRANSIT,1,E01011468,0,1
2024311530878,2024,311530878,2,19,0,-1,7,7,3,-1,0,1,0,0,0,0,4,1,-1,1,1,30,6,1995,2,3,FORD TRANSIT,-1,-1,0,-1
2024332400241,2024,332400241,1,10,0,-1,19,1,5,-1,0,3,5,0,1,1,1,1,-1,6,1,28,6,2198,2,15,FORD TRANSIT,3,E01009656,0,3
2024010498291,2024,010498291,2,19,0,18,19,2,6,0,0,8,0,10,7,10,4,1,1,1,1,34,6,2402,2,15,FORD TRANSIT,4,E01015926,0,2
2024010528695,2024,010528695,2,20,0,99,99,9,9,99,99,9,9,99,9,99,1,9,6,6,1,27,6,-1,-1,-1,FORD TRANSIT,5,E01000471,0,1
2024471430477,2024,471430477,1,19,0,-1,19,2,6,-1,0,0,0,0,0,0,4,1,-1,1,1,23,5,1995,2,1,FORD TRANSIT,1,E01020985,0,4
2024351488861,2024,351488861,2,19,0,-1,19,3,7,-1,0,0,0,0,0,0,1,1,-1,1,1,24,5,1995,2,3,FORD TRANSIT,8,E01023672,0,4
2024070287398,2024,070287398,2,19,0,-1,-1,1,5,0,0,0,0,4,0,0,1,1,6,6,1,37,7,2198,2,15,FORD TRANSIT,3,E01012432,0,2
2024041408688,2024,041408688,3,19,0,-1,2,0,0,-1,9,0,0,0,0,0,2,1,-1,6,-1,-1,-1,2402,2,17,FORD TRANSIT,-1,-1,0,-1
2024440558595,2024,440558595,1,19,0,16,19,6,1,0,0,1,0,0,0,0,1,1,6,6,1,62,9,2402,2,15,FORD TRANSIT,8,E01023232,0,1
2024440359044,2024,440359044,1,90,0,18,19,1,5,0,0,0,2,0,0,0,3,1,6,6,2,45,7,2496,2,37,FORD TRANSIT,7,E01031882,0,4
2024531485795,2024,531485795,1,19,0,-1,19,4,8,-1,0,0,0,0,0,0,1,1,-1,1,1,46,8,2198,2,9,FORD TRANSIT,2,E01015082,0,5
2024010546282,2024,010546282,1,19,0,18,19,7,3,0,0,2,0,0,4,11,0,1,1,1,1,58,9,1995,2,3,FORD TRANSIT,8,E01016690,0,4
2024332400459,2024,332400459,1,19,0,-1,19,3,7,-1,0,1,0,0,0,0,3,1,-1,1,1,59,9,1995,2,2,FORD TRANSIT,6,E01026005,0,1
2024311448000,2024,311448000,1,19,0,-1,6,5,5,-1,9,3,0,0,0,0,4,1,-1,9,1,59,9,2198,2,16,FORD TRANSIT,-1,-1,0,-1
2024461475787,2024,461475787,1,19,0,-1,19,3,7,-1,0,0,0,0,0,0,1,1,-1,6,1,30,6,1995,2,7,FORD TRANSIT,5,E01031606,0,4
2024061461973,2024,061461973,1,19,0,-1,9,5,3,-1,0,5,0,0,0,0,1,1,-1,1,1,26,6,1995,2,1,FORD TRANSIT,1,E01005180,0,2
2024101478403,2024,101478403,1,19,0,-1,19,1,6,-1,0,8,0,0,0,0,1,9,-1,6,1,-1,-1,2198,2,12,FORD TRANSIT,-1,-1,0,-1
2024131456537,2024,131456537,3,19,0,-1,2,0,0,-1,0,2,0,0,0,0,2,1,-1,6,-1,-1,-1,2198,2,9,FORD TRANSIT,-1,-1,0,-1
2024010510325,2024,010510325,1,19,0,18,19,7,3,0,0,0,0,0,0,0,1,1,6,6,3,-1,-1,1995,2,5,FORD TRANSIT,4,E01031862,0,4
2024371438796,2024,371438796,1,19,0,-1,9,3,1,-1,0,8,0,0,0,0,3,1,-1,1,1,20,4,1995,2,3,FORD TRANSIT,5,E01022009,0,4
2024991526355,2024,991526355,1,19,0,-1,19,4,7,-1,0,0,0,0,0,0,1,1,-1,9,1,23,5,2402,2,16,FORD TRANSIT,1,-1,0,1
2024061433777,2024,061433777,1,19,0,-1,19,3,8,-1,0,0,0,4,0,0,3,1,-1,6,1,32,6,1995,2,7,FORD TRANSIT,1,E01006305,0,2
2024201461855,2024,201461855,1,19,0,-1,19,4,8,-1,0,0,0,0,0,0,1,9,-1,6,1,30,6,1995,2,4,FORD TRANSIT,-1,-1,0,-1
2024545412424,2024,545412424,2,19,0,4,4,5,1,0,0,0,0,0,0,0,2,1,6,6,1,26,6,1995,2,0,FORD TRANSIT,5,E01032066,0,1
2024552400106,2024,552400106,1,19,0,18,19,8,4,0,0,8,0,0,0,0,4,1,1,1,1,31,6,1995,2,4,FORD TRANSIT,9,E01015451,0,4
2024311516876,2024,311516876,3,19,0,-1,2,0,0,-1,0,0,0,0,0,0,4,1,-1,6,1,55,8,2198,2,16,FORD TRANSIT,-1,-1,0,-1
2024440159317,2024,440159317,2,19,0,17,19,6,3,0,0,0,0,0,0,0,3,1,1,1,1,75,10,2198,2,8,FORD TRANSIT,9,E01022971,0,2
2024522401715,2024,522401715,1,19,0,9,9,6,4,0,0,5,0,0,0,0,1,1,6,6,1,39,7,1995,2,5,FORD TRANSIT,4,E01031895,0,4
2024440378465,2024,440378465,1,19,0,18,19,6,3,0,0,0,0,0,0,0,1,1,2,2,3,-1,-1,2198,2,8,FORD TRANSIT,-1,-1,0,-1
2024010509784,2024,010509784,2,19,0,18,19,1,5,0,0,2,0,0,0,0,1,1,1,1,1,45,7,1995,2,2,FORD TRANSIT,5,E01001240,0,1
2024340NN9112,2024,340NN9112,1,19,0,-1,2,3,7,-1,0,0,0,0,0,0,0,1,-1,6,1,30,6,1995,2,1,FORD TRANSIT,3,E01033124,0,5
2024531519871,2024,531519871,3,19,0,-1,8,3,7,-1,0,1,0,0,0,0,1,1,-1,1,1,55,8,2198,2,12,FORD TRANSIT,5,E01022440,0,1
2024631526755,2024,631526755,1,19,0,-1,5,7,3,-1,0,0,0,0,0,0,1,1,-1,6,1,58,9,1998,2,23,FORD TRANSIT,7,W01000955,0,4
2024010519351,2024,010519351,1,19,0,9,9,1,7,0,0,6,0,0,0,0,3,1,1,1,1,30,6,1995,2,3,FORD TRANSIT,2,E01000627,0,3
2024430429380,2024,430429380,1,19,0,18,19,5,1,0,0,8,0,0,0,0,1,1,1,1,1,41,7,1995,2,3,FORD TRANSIT,2,E01034315,0,5
2024302401236,2024,302401236,1,19,0,16,19,7,2,0,0,1,0,0,0,0,1,1,1,1,1,22,5,1995,2,3,FORD TRANSIT,1,E01013867,0,4
2024211488126,2024,211488126,2,19,0,-1,19,8,4,-1,0,1,5,0,7,0,3,1,-1,2,1,51,8,2402,2,13,FORD TRANSIT,6,E01029401,0,4
202454F078924,2024,54F078924,2,19,0,2,2,0,0,0,0,0,0,0,0,0,2,1,6,6,3,-1,-1,1998,2,22,FORD TRANSIT,-1,-1,0,-1
2024461425216,2024,461425216,2,19,0,-1,19,2,6,-1,0,0,0,0,0,0,2,9,-1,2,1,53,8,1995,2,5,FORD TRANSIT,2,E01024600,0,3
2024131410362,2024,131410362,3,19,0,-1,19,1,5,-1,0,0,0,0,0,0,3,1,-1,1,1,36,7,1995,2,6,FORD TRANSIT,2,E01011321,0,3
2024340WN3202,2024,340WN3202,3,19,0,-1,2,0,0,-1,0,0,0,0,0,0,1,1,-1,6,3,-1,-1,2198,2,8,FORD TRANSIT,-1,-1,0,-1
2024302400851,2024,302400851,2,19,0,18,19,2,6,0,0,1,1,0,0,0,1,1,1,1,1,34,6,1995,2,6,FORD TRANSIT,-1,-1,0,-1
2024010534776,2024,010534776,1,19,0,10,10,5,2,0,0,1,0,0,0,0,3,1,1,1,1,36,7,-1,3,1,FORD TRANSIT,5,E01001718,0,1
2024430383068,2024,430383068,1,19,0,18,19,3,7,0,0,0,0,0,0,0,1,1,6,6,1,38,7,1995,2,6,FORD TRANSIT,6,E01015644,0,5
2024302401111,2024,302401111,1,19,0,14,14,1,5,0,0,0,0,0,0,0,4,1,6,6,1,30,6,2198,2,11,FORD TRANSIT,9,E01027108,0,4
2024501510796,2024,501510796,1,19,0,-1,19,4,8,-1,0,1,0,0,0,0,1,1,-1,1,1,34,6,2402,2,16,FORD TRANSIT,7,E01020029,0,4
2024991493777,2024,991493777,2,19,0,-1,15,7,3,-1,0,1,0,0,0,0,4,1,-1,1,1,33,6,1995,2,0,FORD TRANSIT,7,-1,0,4
2024501517750,2024,501517750,2,19,0,-1,2,0,0,-1,0,0,0,0,0,0,2,1,-1,6,1,21,5,1995,2,7,FORD TRANSIT,10,E01020004,0,4
2024010534302,2024,010534302,2,19,0,9,9,3,1,0,0,6,0,0,0,0,1,1,1,1,1,32,6,-1,3,1,FORD TRANSIT,7,E01002678,0,3
2024501513665,2024,501513665,1,19,0,-1,4,7,3,-1,0,0,0,0,0,0,0,1,-1,1,1,36,7,2402,2,14,FORD TRANSIT,1,E01015048,0,1
2024471400534,2024,471400534,4,10,0,-1,19,6,2,-1,0,1,0,0,0,0,0,1,-1,1,1,64,9,2402,2,14,FORD TRANSIT,8,E01031677,0,1
2024411471239,2024,411471239,2,19,0,-1,9,3,1,-1,0,4,0,0,0,0,1,1,-1,9,1,58,9,1995,2,7,FORD TRANSIT,6,E01023564,0,4
2024211400322,2024,211400322,1,19,0,-1,4,1,5,-1,0,0,0,0,0,0,2,1,-1,1,1,33,6,1995,2,2,FORD TRANSIT,6,E01006818,0,4
2024231445559,2024,231445559,1,19,0,-1,5,3,5,-1,0,4,0,0,0,0,1,1,-1,1,1,29,6,1995,2,2,FORD TRANSIT,2,E01031066,0,4
2024201437806,2024,201437806,1,19,0,-1,11,5,1,-1,0,0,0,0,0,0,4,9,-1,6,1,-1,-1,1995,2,2,FORD TRANSIT,1,E01034927,0,3
2024440215781,2024,440215781,2,19,0,18,19,8,4,0,0,0,0,0,0,0,1,1,1,1,1,27,6,2198,2,10,FORD TRANSIT,9,E01023191,0,3
2024221509856,2024,221509856,1,19,0,-1,9,5,4,-1,0,5,0,0,0,0,1,9,-1,1,1,32,6,2198,2,9,FORD TRANSIT,5,W01001350,0,4
2024430329026,2024,430329026,1,19,0,17,19,4,2,0,0,0,0,0,0,0,1,1,1,1,1,27,6,1995,2,1,FORD TRANSIT,5,E01016242,0,3
2024201425693,2024,201425693,1,19,0,-1,4,4,8,-1,0,0,0,0,0,0,2,9,-1,2,1,30,6,2402,2,14,FORD TRANSIT,2,E01010309,0,3
2024610021924,2024,610021924,2,19,0,4,4,6,2,0,0,8,0,0,0,0,2,1,1,1,1,28,6,1995,2,7,FORD TRANSIT,8,W01001631,0,1
2024440462864,2024,440462864,1,19,0,16,19,1,5,0,0,3,0,0,0,0,2,1,1,1,1,54,8,1995,2,0,FORD TRANSIT,7,E01023203,0,1
2024221395469,2024,221395469,2,19,0,-1,19,5,8,-1,0,0,0,0,0,0,1,1,-1,6,1,53,8,2198,2,12,FORD TRANSIT,4,E01028880,0,1
2024141430580,2024,141430580,2,19,0,-1,19,3,7,-1,0,1,0,0,0,0,1,1,-1,1,1,34,6,2198,2,8,FORD TRANSIT,6,E01007554,0,2
2024211406151,2024,211406151,1,19,0,-1,19,2,6,-1,0,4,0,0,0,0,1,9,-1,6,1,52,8,1995,2,3,FORD TRANSIT,4,E01029386,0,1
2024231431402,2024,231431402,1,19,0,-1,19,8,4,-1,0,0,1,4,7,0,1,1,-1,6,1,23,5,2402,2,16,FORD TRANSIT,1,E01031116,0,1
2024471412644,2024,471412644,2,19,0,-1,19,7,3,-1,0,0,0,0,0,0,3,1,-1,6,1,41,7,2198,2,10,FORD TRANSIT,6,E01020986,0,3
2024440056131,2024,440056131,2,19,0,18,19,7,3,0,0,0,0,0,0,0,3,1,1,1,1,44,7,1995,2,5,FORD TRANSIT,6,E01022736,0,1
2024010549143,2024,010549143,3,19,0,2,2,0,0,0,0,0,0,0,0,0,2,1,6,6,3,-1,-1,2402,2,20,FORD TRANSIT,-1,-1,0,-1
2024430430024,2024,430430024,1,19,0,18,19,1,5,0,0,2,0,0,3,4,1,1,1,1,1,46,8,1995,2,7,FORD TRANSIT,2,E01002767,0,5
2024991432069,2024,991432069,3,20,0,-1,3,7,3,-1,0,0,0,0,0,0,2,2,-1,1,1,60,9,-1,-1,-1,FORD TRANSIT,1,-1,0,1
2024631519697,2024,631519697,1,19,0,-1,19,1,4,-1,0,1,0,0,0,0,1,1,-1,2,1,20,4,1995,2,3,FORD TRANSIT,10,E01014350,0,4
2024631411271,2024,631411271,1,19,0,-1,9,1,7,-1,0,6,0,0,0,0,3,1,-1,1,1,27,6,1995,2,2,FORD TRANSIT,3,W01001258,0,4
2024010546727,2024,010546727,2,19,0,18,19,9,9,99,99,9,9,99,9,99,1,9,6,6,3,-1,-1,1499,2,8,FORD TRANSIT,5,E01003662,0,1
202460Q154990,2024,60Q154990,2,19,0,5,5,6,1,0,0,3,0,0,0,0,1,1,6,6,1,64,9,1995,2,6,FORD TRANSIT,-1,-1,0,-1
2024010504832,2024,010504832,1,19,0,7,7,7,1,0,0,1,0,0,0,0,1,1,6,6,3,-1,-1,1995,2,2,FORD TRANSIT,1,E01001115,0,3
2024211409832,2024,211409832,1,19,0,-1,19,8,4,-1,0,0,0,0,0,0,1,1,-1,2,1,29,6,1995,2,4,FORD TRANSIT,7,E01009442,0,2
2024340NN9052,2024,340NN9052,4,19,0,-1,19,5,1,-1,0,0,5,0,1,0,1,1,-1,1,1,41,7,1995,2,6,FORD TRANSIT,3,E01027082,0,3
2024211410469,2024,211410469,1,19,0,-1,3,6,2,-1,0,0,0,0,0,0,3,9,-1,1,1,35,6,2198,2,7,FORD TRANSIT,-1,-1,0,-1
2024010518964,2024,010518964,1,19,0,18,19,5,1,0,0,0,1,0,0,0,3,1,6,6,1,40,7,1995,2,1,FORD TRANSIT,6,E01003469,0,2
2024451523397,2024,451523397,2,19,0,-1,1,1,5,-1,0,0,0,0,0,0,4,1,-1,1,1,19,4,1995,2,3,FORD TRANSIT,2,E01001128,0,4
202460Q064383,2024,60Q064383,1,19,0,17,19,5,1,0,0,0,1,0,1,11,1,1,2,2,1,21,5,2198,2,15,FORD TRANSIT,-1,-1,0,-1
2024461414726,2024,461414726,1,19,0,-1,11,8,4,-1,0,0,2,0,0,0,1,1,-1,2,1,49,8,1995,2,7,FORD TRANSIT,6,E01024282,0,3
2024201433388,2024,201433388,1,19,0,-1,7,7,1,-1,0,6,0,0,0,0,1,9,-1,6,1,-1,-1,1995,2,5,FORD TRANSIT,10,E01034102,0,4
2024440336727,2024,440336727,2,19,0,7,7,7,2,0,0,8,0,0,0,0,4,1,6,6,1,-1,-1,2198,2,15,FORD TRANSIT,-1,-1,0,-1
2024531477841,2024,531477841,2,19,0,-1,4,7,3,-1,0,0,0,0,0,0,2,1,-1,9,1,36,7,2198,2,10,FORD TRANSIT,9,E01030122,0,5
2024201459438,2024,201459438,2,19,0,-1,19,2,6,-1,0,8,0,0,0,0,1,1,-1,6,1,38,7,2198,2,9,FORD TRANSIT,-1,-1,0,-1
2024031453530,2024,031453530,2,19,0,-1,19,3,7,-1,0,1,0,4,0,0,1,1,-1,1,1,23,5,1995,2,0,FORD TRANSIT,5,E01027487,0,4
2024421470156,2024,421470156,1,19,0,-1,19,3,7,-1,0,1,0,0,1,0,1,1,-1,6,-1,-1,-1,1998,2,19,FORD TRANSIT,-1,-1,0,-1
2024122500458,2024,122500458,1,19,0,18,19,7,3,0,0,0,0,0,0,0,1,1,1,1,1,44,7,1995,2,6,FORD TRANSIT,7,E01013419,0,1
2024070741012,2024,070741012,1,19,0,-1,5,4,8,-1,0,6,0,0,0,0,1,1,-1,2,1,45,7,1995,2,1,FORD TRANSIT,2,E01010929,0,4
2024131394444,2024,131394444,1,19,0,-1,19,7,3,-1,0,3,0,0,0,0,3,1,-1,6,3,-1,-1,1995,2,3,FORD TRANSIT,3,E01011546,0,3
2024010547115,2024,010547115,1,19,0,18,19,1,5,0,0,1,0,0,0,0,1,1,1,1,1,50,8,1995,2,2,FORD TRANSIT,-1,-1,0,-1
2024010530032,2024,010530032,1,19,0,18,19,5,1,0,0,1,1,0,0,0,1,1,1,1,1,58,9,-1,3,1,FORD TRANSIT,3,E01001109,0,4
2024041522823,2024,041522823,2,19,0,-1,13,7,3,-1,0,8,0,0,0,0,4,1,-1,9,1,35,6,2198,2,10,FORD TRANSIT,1,E01012594,0,3
2024010523134,2024,010523134,1,19,0,1,1,1,5,9,9,1,0,0,0,0,2,1,6,6,1,34,6,1995,2,6,FORD TRANSIT,7,E01000362,0,1
2024991513527,2024,991513527,1,19,0,-1,1,5,1,-1,0,0,0,0,0,0,2,1,-1,1,1,45,7,1995,2,3,FORD TRANSIT,-1,-1,0,-1
2024991421464,2024,991421464,1,20,0,-1,19,4,8,-1,0,1,0,0,0,0,1,1,-1,1,1,44,7,1995,2,6,FORD TRANSIT,1,-1,0,3
202460Q083416,2024,60Q083416,1,20,4,13,13,8,4,0,0,0,0,0,0,0,1,1,1,1,1,26,6,2402,2,17,FORD TRANSIT,-1,-1,0,-1
2024101401133,2024,101401133,1,19,0,-1,19,1,5,-1,0,0,0,0,0,0,1,1,-1,6,1,50,8,2402,2,15,FORD TRANSIT,4,-1,0,4
2024211450356,2024,211450356,1,19,0,-1,3,4,8,-1,0,0,0,0,0,0,2,1,-1,1,1,34,6,1995,2,7,FORD TRANSIT,6,E01014360,0,2
2024461498510,2024,461498510,3,19,4,-1,3,8,4,-1,0,1,0,0,0,0,3,1,-1,1,1,37,7,1995,2,7,FORD TRANSIT,5,E01024485,0,2
2024221411579,2024,221411579,3,19,0,-1,3,7,3,-1,0,0,0,0,0,0,2,9,-1,1,1,32,6,1995,2,7,FORD TRANSIT,8,E01028936,0,1
2024501523535,2024,501523535,2,19,0,-1,10,8,6,-1,0,8,0,0,0,0,4,1,-1,6,1,31,6,1995,2,0,FORD TRANSIT,5,E01015571,0,5
2024531500473,2024,531500473,1,19,0,-1,19,7,3,-1,0,0,0,0,0,0,1,1,-1,9,1,52,8,2198,2,13,FORD TRANSIT,2,E01008053,0,5
2024501421737,2024,501421737,1,19,0,-1,6,7,3,-1,0,0,0,0,0,0,2,1,-1,6,1,67,10,2496,2,27,FORD TRANSIT,5,E01020088,0,2
2024421409555,2024,421409555,2,19,0,-1,20,2,6,-1,0,2,0,0,0,0,0,1,-1,1,1,60,9,1995,2,1,FORD TRANSIT,8,E01021396,0,1
2024010508193,2024,010508193,2,19,0,99,99,9,9,99,99,9,9,99,9,99,9,9,6,6,3,-1,-1,1995,2,4,FORD TRANSIT,3,E01003545,0,1
2024451518379,2024,451518379,2,20,0,-1,5,1,4,-1,-1,6,0,0,0,0,3,1,-1,6,1,30,6,-1,-1,-1,FORD TRANSIT,-1,-1,0,-1
2024340NN2472,2024,340NN2472,1,20,0,-1,19,3,7,-1,0,0,0,0,0,0,2,1,-1,6,3,-1,-1,-1,-1,-1,FORD TRANSIT,-1,-1,0,-1
2024211397443,2024,211397443,1,19,0,-1,9,2,3,-1,0,1,0,0,0,0,1,1,-1,6,1,54,8,1995,2,5,FORD TRANSIT,3,E01034058,0,1
2024991456838,2024,991456838,1,19,0,-1,19,5,8,-1,0,0,1,0,7,0,1,1,-1,1,1,52,8,1995,2,5,FORD TRANSIT,-1,-1,0,-1
2024440080227,2024,440080227,2,19,0,18,19,6,2,0,0,0,0,4,0,0,1,1,6,6,3,-1,-1,2402,2,20,FORD TRANSIT,-1,-1,0,-1
2024411477757,2024,411477757,3,19,0,-1,2,0,0,-1,0,0,0,0,0,0,1,1,-1,6,-1,-1,-1,2198,2,13,FORD TRANSIT,-1,-1,0,-1
2024411441024,2024,411441024,2,19,-1,-1,3,4,8,-1,0,0,1,0,0,0,2,9,-1,1,1,45,7,1995,2,7,FORD TRANSIT,6,E01035564,0,2
2024010494817,2024,010494817,2,19,0,4,4,2,6,0,0,0,0,0,0,0,0,1,1,1,1,30,6,1995,2,5,FORD TRANSIT,2,E01001947,0,3
2024052400499,2024,052400499,2,19,0,18,19,5,1,0,0,1,0,0,1,4,1,1,1,1,1,36,7,2198,2,8,FORD TRANSIT,7,E01025507,0,4
2024302400737,2024,302400737,2,19,0,3,3,6,2,0,0,0,0,0,0,0,2,1,2,2,1,39,7,1995,2,6,FORD TRANSIT,6,E01029428,0,1
2024010549454,2024,010549454,2,19,0,3,3,3,7,0,0,0,0,0,0,0,2,1,1,1,1,40,7,1995,2,4,FORD TRANSIT,9,E01003648,0,2
2024010548842,2024,010548842,2,19,0,99,99,9,9,99,99,9,9,99,9,99,2,9,6,6,1,-1,-1,2198,2,8,FORD TRANSIT,5,E01002481,0,2
2024010546155,2024,010546155,1,19,0,18,19,4,8,0,0,1,0,10,1,2,1,1,1,1,1,39,7,1995,2,3,FORD TRANSIT,3,E01001366,0,2
2024010539629,2024,010539629,1,19,0,2,2,0,0,0,0,0,0,0,0,0,2,1,6,6,3,-1,-1,2198,2,8,FORD TRANSIT,-1,-1,0,-1
2024131405920,2024,131405920,1,19,0,-1,19,1,2,-1,0,8,0,0,0,0,3,1,-1,9,1,37,7,2402,2,15,FORD TRANSIT,6,E01010911,0,1
2024010508805,2024,010508805,1,20,0,18,19,3,7,0,0,2,0,0,0,0,3,1,1,1,1,34,6,-1,-1,-1,FORD TRANSIT,2,E01001839,0,4
2024320476404,2024,320476404,1,19,0,-1,-1,2,6,0,0,1,0,0,7,10,1,1,1,1,1,31,6,1995,2,4,FORD TRANSIT,9,E01033780,0,4
2024131506634,2024,131506634,3,19,0,-1,2,0,0,-1,0,8,0,0,1,1,2,1,-1,6,-1,-1,-1,1995,2,2,FORD TRANSIT,-1,-1,0,-1
2024991449607,2024,991449607,2,19,4,-1,19,7,3,-1,0,0,0,0,0,0,3,1,-1,1,1,57,9,1995,2,1,FORD TRANSIT,4,-1,0,4
2024201456123,2024,201456123,2,19,0,-1,9,5,1,-1,0,8,0,0,0,0,1,9,-1,1,1,17,4,1995,2,6,FORD TRANSIT,2,E01010045,0,2