collision_index,collision_year,collision_ref_no,vehicle_reference,vehicle_type,towing_and_articulation,vehicle_manoeuvre_historic,vehicle_manoeuvre,vehicle_direction_from,vehicle_direction_to,vehicle_location_restricted_lane_historic,vehicle_location_restricted_lane,junction_location,skidding_and_overturning,hit_object_in_carriageway,vehicle_leaving_carriageway,hit_object_off_carriageway,first_point_of_impact,vehicle_left_hand_drive,journey_purpose_of_driver_historic,journey_purpose_of_driver,sex_of_driver,age_of_driver,age_band_of_driver,engine_capacity_cc,propulsion_code,age_of_vehicle,generic_make_model,driver_imd_decile,lsoa_of_driver,escooter_flag,driver_distance_banding
2024010520283,2024,010520283,1,19,0,18,19,8,4,0,0,8,0,0,0,0,1,1,6,6,3,44,7,2198,2,8,FORD TRANSIT,-1,-1,0,-1
2024471444245,2024,471444245,1,19,0,-1,19,5,1,-1,0,8,0,0,1,0,1,1,-1,9,1,31,6,2198,2,14,FORD TRANSIT,5,E01034819,0,1
2024010519851,2024,010519851,2,19,9,99,99,9,9,99,99,0,9,99,9,99,9,9,6,6,3,-1,-1,1995,2,5,FORD TRANSIT,-1,-1,0,-1
2024302401001,2024,302401001,1,19,0,16,19,2,6,0,0,0,0,0,0,0,1,1,1,1,1,35,6,2198,2,8,FORD TRANSIT,7,E01025963,0,3
2024522401507,2024,522401507,1,19,0,12,12,2,6,0,0,0,0,0,0,0,3,1,6,6,1,36,7,2198,2,9,FORD TRANSIT,4,E01014603,0,1
2024361445889,2024,361445889,2,20,0,-1,4,6,1,-1,0,0,0,0,0,0,2,1,-1,1,1,47,8,-1,-1,-1,FORD TRANSIT,7,E01033454,0,4
2024501492555,2024,501492555,1,19,0,-1,5,3,5,-1,0,1,0,0,0,0,4,1,-1,1,1,46,8,1995,2,0,FORD TRANSIT,1,E01018868,0,4
2024010507005,2024,010507005,2,19,0,99,99,9,9,99,99,0,9,99,9,99,1,9,6,6,3,-1,-1,1995,2,6,FORD TRANSIT,-1,-1,0,-1
2024421399137,2024,421399137,1,19,0,-1,9,3,8,-1,0,1,0,0,0,0,1,1,-1,1,1,61,9,1995,2,5,FORD TRANSIT,3,E01015902,0,1
2024010526969,2024,010526969,2,19,4,1,1,9,9,99,99,0,9,99,9,99,0,9,6,6,3,-1,-1,2198,2,8,FORD TRANSIT,-1,-1,0,-1
2024461408454,2024,461408454,1,19,0,-1,19,2,6,-1,0,1,0,0,0,0,3,1,-1,2,1,54,8,1995,2,2,FORD TRANSIT,4,E01024373,0,1
2024461559289,2024,461559289,1,19,0,-1,19,6,2,-1,0,0,0,0,1,11,3,9,-1,6,3,-1,-1,2198,2,12,FORD TRANSIT,-1,-1,0,-1
2024471497237,2024,471497237,1,19,0,-1,19,5,1,-1,0,0,1,0,1,1,1,1,-1,6,1,44,7,2198,2,12,FORD TRANSIT,2,E01016918,0,4
2024010544802,2024,010544802,2,19,0,5,5,7,3,0,0,3,0,0,0,0,1,1,6,6,3,-1,-1,2198,2,11,FORD TRANSIT,-1,-1,0,-1
2024421517168,2024,421517168,2,19,0,-1,4,7,3,-1,0,1,0,0,0,0,3,1,-1,9,1,52,8,2198,2,11,FORD TRANSIT,6,E01021722,0,1
2024430333008,2024,430333008,2,19,0,18,19,8,4,0,0,0,0,0,0,0,1,1,1,1,1,30,6,2198,2,9,FORD TRANSIT,-1,-1,0,-1
2024010523116,2024,010523116,1,19,0,18,19,3,7,0,0,1,0,0,0,0,1,1,1,1,1,32,6,-1,3,1,FORD TRANSIT,5,E01003714,0,3
2024451520994,2024,451520994,1,19,0,-1,4,5,1,-1,0,0,1,0,0,0,1,1,-1,6,1,47,8,1995,2,7,FORD TRANSIT,2,E01004140,0,3
2024471466462,2024,471466462,2,19,0,-1,19,4,8,-1,0,4,0,0,0,0,1,1,-1,6,1,29,6,1995,2,7,FORD TRANSIT,4,E01031608,0,1
2024211479208,2024,211479208,1,19,0,-1,1,5,1,-1,0,0,0,0,0,0,2,1,-1,1,1,35,6,1995,2,6,FORD TRANSIT,6,E01029609,0,1
2024010536856,2024,010536856,1,19,0,9,9,1,7,0,0,1,0,0,0,0,3,1,1,1,1,28,6,1995,2,0,FORD TRANSIT,2,E01024893,0,5
2024131444259,2024,131444259,1,19,0,-1,19,7,1,-1,0,0,0,0,0,0,4,1,-1,1,1,32,6,1995,2,3,FORD TRANSIT,4,E01011801,0,1
2024211513194,2024,211513194,3,19,0,-1,4,1,5,-1,0,0,0,0,0,0,1,1,-1,6,1,33,6,2198,2,14,FORD TRANSIT,4,E01029555,0,1
2024522401995,2024,522401995,2,19,0,1,1,4,8,0,0,0,0,0,0,0,2,1,6,6,3,-1,-1,2198,2,17,FORD TRANSIT,-1,-1,0,-1
2024101404648,2024,101404648,1,19,0,-1,19,6,2,-1,0,0,0,0,0,0,1,9,-1,6,3,-1,-1,1995,2,5,FORD TRANSIT,-1,-1,0,-1
2024461407344,2024,461407344,2,19,0,-1,19,5,1,-1,0,8,0,0,0,0,1,1,-1,1,1,55,8,1995,2,2,FORD TRANSIT,8,E01024451,0,1
2024311469452,2024,311469452,1,19,0,-1,8,5,7,-1,0,0,0,0,0,0,1,1,-1,2,1,38,7,2198,2,13,FORD TRANSIT,1,E01013861,0,1
2024201398839,2024,201398839,1,19,0,-1,3,7,3,-1,0,1,0,0,0,0,1,9,-1,6,1,50,8,1998,2,19,FORD TRANSIT,-1,-1,0,-1
202460Q046894,2024,60Q046894,1,19,0,18,19,3,7,0,0,1,0,4,0,0,1,1,6,6,1,23,5,1995,2,4,FORD TRANSIT,-1,-1,0,-1
2024531470911,2024,531470911,1,19,0,-1,19,6,2,-1,0,8,0,0,0,0,1,1,-1,6,3,-1,-1,2198,2,9,FORD TRANSIT,-1,-1,0,-1
2024631402951,2024,631402951,2,19,0,-1,19,8,4,-1,0,0,2,0,2,10,1,1,-1,2,1,42,7,1995,2,4,FORD TRANSIT,7,W01000429,0,2
2024211468164,2024,211468164,1,19,0,-1,19,1,5,-1,0,0,0,0,0,0,3,1,-1,6,1,39,7,2198,2,11,FORD TRANSIT,3,E01015294,0,5
2024332400498,2024,332400498,2,19,0,-1,19,1,5,-1,0,1,0,0,0,0,1,1,-1,2,1,38,7,1995,2,2,FORD TRANSIT,1,E01013722,0,1
2024411424504,2024,411424504,1,19,0,-1,19,-1,-1,-1,0,0,0,0,0,0,1,9,-1,1,1,32,6,1995,2,3,FORD TRANSIT,4,E01030746,0,4
2024522402567,2024,522402567,2,19,0,2,2,0,0,0,0,2,0,0,0,0,9,1,6,6,3,-1,-1,2198,2,12,FORD TRANSIT,-1,-1,0,-1
2024101424138,2024,101424138,2,19,0,-1,3,1,5,-1,0,0,0,0,0,0,2,1,-1,6,1,64,9,2198,2,14,FORD TRANSIT,7,E01027418,0,1
2024010544439,2024,010544439,1,19,0,18,19,7,3,0,0,0,0,0,0,0,1,1,1,1,1,24,5,1995,2,6,FORD TRANSIT,4,E01002491,0,1
2024610043224,2024,610043224,2,19,0,17,19,2,7,0,0,0,0,0,0,0,1,1,1,1,1,18,4,1995,2,3,FORD TRANSIT,8,E01014982,0,4
2024501461998,2024,501461998,3,19,0,-1,19,1,7,-1,0,1,0,0,0,0,1,1,-1,9,1,33,6,2198,2,17,FORD TRANSIT,7,E01020029,0,4
2024461464209,2024,461464209,1,19,0,-1,5,1,7,-1,0,6,0,0,0,0,3,1,-1,1,1,27,6,-1,3,1,FORD TRANSIT,3,E01010055,0,5
2024411476411,2024,411476411,1,19,0,-1,3,6,2,-1,0,1,0,0,0,0,2,1,-1,6,1,39,7,2198,2,9,FORD TRANSIT,7,E01023235,0,5
2024122400350,2024,122400350,1,19,0,4,4,4,8,0,0,0,0,0,1,0,2,1,1,1,1,31,6,1995,2,1,FORD TRANSIT,6,E01012310,0,2
2024461534466,2024,461534466,4,19,0,-1,19,1,5,-1,0,0,0,0,0,0,2,1,-1,1,1,28,6,1995,2,0,FORD TRANSIT,4,E01015933,0,4
2024351455208,2024,351455208,3,19,-1,-1,-1,-1,-1,-1,-1,0,-1,-1,-1,0,-1,9,-1,6,1,-1,-1,1995,2,2,FORD TRANSIT,-1,-1,0,-1
2024522402393,2024,522402393,2,19,0,7,7,2,4,0,0,5,0,0,0,0,4,1,6,6,3,-1,-1,2198,2,11,FORD TRANSIT,-1,-1,0,-1
2024351472314,2024,351472314,2,19,0,-1,19,7,3,-1,0,1,0,0,0,0,1,1,-1,6,1,-1,-1,2402,2,13,FORD TRANSIT,3,E01018090,0,1
2024201498830,2024,201498830,1,19,0,-1,19,3,7,-1,0,1,0,0,0,0,1,1,-1,2,1,30,6,1995,2,2,FORD TRANSIT,5,E01009246,0,1
2024461521598,2024,461521598,1,19,0,-1,19,5,1,-1,0,0,0,0,0,0,1,9,-1,6,2,-1,-1,2402,2,19,FORD TRANSIT,5,E01024048,0,3
2024010512956,2024,010512956,2,19,9,18,19,5,1,99,99,4,9,99,9,99,9,9,6,6,3,-1,-1,2198,2,12,FORD TRANSIT,-1,-1,0,-1
2024501513585,2024,501513585,1,19,0,-1,19,7,3,-1,0,0,0,0,0,0,4,9,-1,6,1,38,7,1995,2,2,FORD TRANSIT,1,E01019020,0,1
2024361455985,2024,361455985,1,19,0,-1,19,6,2,-1,0,0,0,0,0,0,3,1,-1,1,1,19,4,2198,2,12,FORD TRANSIT,4,E01026444,0,3
2024440188247,2024,440188247,1,19,0,9,9,8,7,0,0,1,0,0,0,0,3,1,6,6,1,75,10,2198,2,17,FORD TRANSIT,1,E01017331,0,1
2024101507952,2024,101507952,1,19,0,-1,19,1,6,-1,0,1,0,11,1,0,1,1,-1,1,1,47,8,1995,2,2,FORD TRANSIT,-1,-1,0,-1
2024991476102,2024,991476102,1,19,0,-1,19,7,3,-1,0,1,1,0,0,0,1,1,-1,9,1,48,8,2198,2,11,FORD TRANSIT,2,-1,0,3
2024101488370,2024,101488370,1,19,0,-1,2,2,6,-1,0,0,0,0,0,0,2,1,-1,6,1,-1,-1,1995,2,6,FORD TRANSIT,-1,-1,0,-1
2024131410822,2024,131410822,1,19,0,-1,9,8,6,-1,0,2,0,0,0,0,1,1,-1,1,1,31,6,2198,2,8,FORD TRANSIT,3,E01011608,0,3
2024471430893,2024,471430893,3,19,0,-1,3,2,4,-1,0,0,0,0,0,0,2,1,-1,2,1,38,7,2198,2,9,FORD TRANSIT,9,E01031622,0,3
2024451397377,2024,451397377,1,19,0,-1,2,0,0,-1,0,0,0,0,0,0,2,9,-1,1,1,51,8,1995,2,3,FORD TRANSIT,2,E01035431,0,5
2024361519852,2024,361519852,1,19,4,-1,19,3,7,-1,0,0,0,0,0,0,1,1,-1,6,1,42,7,1995,2,2,FORD TRANSIT,5,E01023800,0,4
2024340WN4632,2024,340WN4632,2,19,0,-1,19,7,3,-1,0,1,0,0,0,0,1,1,-1,9,1,60,9,-1,-1,-1,FORD TRANSIT,5,E01027017,0,2
2024461498916,2024,461498916,1,19,4,-1,14,5,1,-1,0,0,0,0,0,0,4,9,-1,6,1,-1,-1,1995,2,6,FORD TRANSIT,9,E01024044,0,4
2024010509362,2024,010509362,2,19,0,9,9,3,8,0,0,6,0,0,0,0,0,1,1,1,1,35,6,1995,2,1,FORD TRANSIT,8,E01023993,0,4
2024201494920,2024,201494920,3,19,0,-1,19,2,6,-1,0,0,0,0,0,0,1,1,-1,6,1,31,6,2198,2,17,FORD TRANSIT,2,E01009885,0,1
2024421460795,2024,421460795,1,19,0,-1,19,2,6,-1,0,0,5,4,0,0,1,1,-1,1,1,32,6,1995,2,4,FORD TRANSIT,2,E01021975,0,4
2024440354166,2024,440354166,2,19,0,17,19,5,2,0,0,8,0,0,0,0,3,1,6,6,1,30,6,2198,2,12,FORD TRANSIT,3,E01017179,0,3
2024320644226,2024,320644226,1,19,0,1,1,6,2,9,9,6,0,0,0,0,2,1,1,1,1,35,6,1995,2,3,FORD TRANSIT,-1,-1,0,-1
2024010525091,2024,010525091,1,19,0,7,7,5,7,0,0,7,0,0,0,0,4,1,1,1,1,25,5,1995,2,3,FORD TRANSIT,4,E01003929,0,2
2024131397645,2024,131397645,1,19,0,-1,19,7,7,-1,0,1,0,0,0,0,1,1,-1,6,3,-1,-1,2198,2,11,FORD TRANSIT,-1,-1,0,-1
2024061492381,2024,061492381,2,19,0,-1,19,8,4,-1,0,8,0,0,0,0,1,9,-1,6,1,30,6,2198,2,10,FORD TRANSIT,-1,-1,0,-1
2024101435945,2024,101435945,1,19,0,-1,19,3,8,-1,0,1,0,0,0,0,4,1,-1,1,1,45,7,1995,2,6,FORD TRANSIT,1,E01027412,0,4
2024451409455,2024,451409455,1,19,0,-1,19,1,5,-1,0,1,0,0,0,0,1,1,-1,1,1,34,6,1995,2,2,FORD TRANSIT,2,E01023990,0,4
2024991461156,2024,991461156,2,19,4,-1,19,3,7,-1,0,0,0,0,0,0,2,1,-1,1,1,23,5,1995,2,6,FORD TRANSIT,2,-1,0,2
2024061488790,2024,061488790,3,19,0,-1,2,0,0,-1,0,2,0,0,0,0,2,1,-1,6,-1,-1,-1,1995,2,3,FORD TRANSIT,-1,-1,0,-1
2024552400979,2024,552400979,3,19,0,18,19,2,8,0,0,0,0,0,0,0,4,1,6,6,1,32,6,2198,2,11,FORD TRANSIT,4,E01030816,0,5
2024010532937,2024,010532937,1,19,0,18,19,7,3,0,0,0,0,0,0,0,1,1,6,6,1,44,7,1995,2,4,FORD TRANSIT,2,E01002067,0,1
2024010499023,2024,010499023,2,19,0,18,19,1,5,0,0,0,0,0,0,0,1,1,1,1,1,34,6,1995,2,7,FORD TRANSIT,5,E01004396,0,1
2024010526389,2024,010526389,2,19,0,18,19,7,3,0,0,8,0,0,0,0,3,1,1,1,1,43,7,1995,2,6,FORD TRANSIT,5,E01003740,0,1
2024411522143,2024,411522143,2,19,0,-1,3,1,5,-1,0,0,0,0,0,0,2,9,-1,1,1,26,6,-1,-1,-1,FORD TRANSIT,7,E01000909,0,4
2024101501210,2024,101501210,2,19,0,-1,19,5,1,-1,0,0,0,0,0,0,2,1,-1,1,1,40,7,2402,2,13,FORD TRANSIT,5,E01008343,0,4
2024122500560,2024,122500560,1,19,0,18,19,3,7,0,0,0,0,0,0,0,1,1,6,6,1,36,7,2198,2,17,FORD TRANSIT,8,E01027702,0,3
2024011564369,2024,011564369,2,19,0,-1,19,7,3,-1,0,1,0,0,0,0,4,1,-1,1,1,26,6,1995,2,2,FORD TRANSIT,-1,-1,0,-1
2024320702123,2024,320702123,2,19,0,-1,-1,2,6,0,0,0,0,0,0,0,3,1,1,1,1,61,9,2198,2,8,FORD TRANSIT,-1,-1,0,-1
2024991497379,2024,991497379,2,19,0,-1,19,3,8,-1,0,0,0,0,0,0,3,1,-1,6,3,-1,-1,1995,2,7,FORD TRANSIT,-1,-1,0,-1
2024010505792,2024,010505792,2,19,0,99,99,9,9,99,99,9,9,99,9,99,9,1,6,6,1,-1,-1,1995,2,2,FORD TRANSIT,10,E01023516,0,4
2024361433326,2024,361433326,3,19,0,-1,2,0,0,-1,0,0,0,0,0,0,0,1,-1,9,1,49,8,1995,2,3,FORD TRANSIT,4,E01026638,0,3
2024361420363,2024,361420363,1,19,0,-1,19,1,5,-1,0,0,0,0,0,0,3,1,-1,1,1,25,5,1995,2,3,FORD TRANSIT,2,E01026828,0,1
2024311521691,2024,311521691,1,19,0,-1,9,6,4,-1,0,6,0,0,0,0,3,1,-1,6,1,48,8,2402,2,16,FORD TRANSIT,1,E01013868,0,1
2024991416334,2024,991416334,8,19,0,-1,2,0,0,-1,0,0,0,0,0,0,4,1,-1,6,-1,-1,-1,2198,2,8,FORD TRANSIT,-1,-1,0,-1
2024430103736,2024,430103736,1,19,0,18,19,1,5,0,0,1,0,0,0,0,1,1,1,1,1,31,6,1995,2,2,FORD TRANSIT,6,E01035743,0,1
2024440201386,2024,440201386,1,19,0,18,19,2,6,0,0,0,0,0,0,0,2,1,6,6,1,39,7,1995,2,0,FORD TRANSIT,3,E01016030,0,5
2024010500565,2024,010500565,2,19,0,16,19,5,1,0,0,1,0,0,0,0,4,1,1,1,1,64,9,1995,2,4,FORD TRANSIT,6,E01002563,0,3
2024211505675,2024,211505675,2,19,0,-1,19,1,5,-1,0,8,1,10,7,1,1,1,-1,6,1,36,7,2198,2,17,FORD TRANSIT,-1,-1,0,-1
2024052400511,2024,052400511,2,19,0,18,19,6,2,0,0,0,0,0,0,0,3,1,6,6,1,32,6,2198,2,14,FORD TRANSIT,1,E01006461,0,3
2024411457136,2024,411457136,1,19,0,-1,19,4,8,-1,0,1,1,0,0,0,1,1,-1,1,1,51,8,1995,2,1,FORD TRANSIT,3,E01023357,0,2
2024052402489,2024,052402489,1,19,0,18,19,7,3,0,0,6,0,0,0,0,3,1,1,1,1,37,7,2402,2,18,FORD TRANSIT,2,E01007141,0,1
2024122400207,2024,122400207,1,19,0,18,19,1,4,0,0,0,0,0,0,0,4,1,2,2,1,59,9,2198,2,13,FORD TRANSIT,9,E01013426,0,1
2024311396952,2024,311396952,3,19,0,-1,3,8,5,-1,0,1,0,0,0,0,2,1,-1,1,1,55,8,2198,2,13,FORD TRANSIT,3,E01033769,0,2
2024010529926,2024,010529926,1,19,0,18,19,3,7,0,0,1,5,4,0,0,1,1,6,6,1,19,4,2402,2,16,FORD TRANSIT,2,E01000720,0,4
2024501491319,2024,501491319,1,19,0,-1,19,7,3,-1,0,0,0,0,0,0,1,1,-1,1,1,24,5,1998,2,19,FORD TRANSIT,5,E01020017,0,4
2024061496342,2024,061496342,1,19,0,-1,19,-1,-1,-1,0,0,0,0,0,0,2,1,-1,1,1,60,9,1995,2,3,FORD TRANSIT,1,W01001928,0,4
2024010542265,2024,010542265,1,10,0,99,99,9,9,99,99,9,9,99,9,99,1,9,6,6,1,62,9,1995,2,4,FORD TRANSIT,3,E01003990,0,1
2024430418938,2024,430418938,2,19,0,18,19,6,2,0,0,2,0,0,0,0,1,1,6,6,1,-1,-1,2198,2,12,FORD TRANSIT,-1,-1,0,-1
2024471497122,2024,471497122,3,19,0,-1,19,3,7,-1,0,2,0,0,0,0,3,1,-1,1,1,27,6,2198,2,11,FORD TRANSIT,6,E01034823,0,4
2024411486596,2024,411486596,2,19,0,-1,1,4,8,-1,0,0,0,0,0,0,2,1,-1,1,1,27,6,1995,2,4,FORD TRANSIT,3,E01003579,0,4
2024351526508,2024,351526508,1,19,0,-1,7,4,7,-1,0,5,0,0,0,0,4,1,-1,1,1,38,7,-1,3,1,FORD TRANSIT,6,E01035547,0,4
2024461528101,2024,461528101,1,19,0,-1,4,3,7,-1,0,0,0,0,0,0,1,1,-1,6,1,-1,-1,2402,2,13,FORD TRANSIT,-1,-1,0,-1
2024010523298,2024,010523298,2,19,9,99,99,9,9,99,99,9,0,99,9,99,9,9,6,6,3,-1,-1,2198,2,11,FORD TRANSIT,-1,-1,0,-1
2024201441569,2024,201441569,3,19,0,-1,2,0,0,-1,0,0,0,0,0,0,3,1,-1,6,1,-1,-1,1995,2,1,FORD TRANSIT,-1,-1,0,-1
2024501482277,2024,501482277,1,20,0,-1,9,2,8,-1,0,4,0,0,0,0,2,9,-1,6,1,64,9,1995,2,3,FORD TRANSIT,6,E01018915,0,3
2024010518557,2024,010518557,1,19,0,7,7,5,7,0,0,1,0,0,0,0,1,1,6,6,3,-1,-1,-1,3,1,FORD TRANSIT,-1,-1,0,-1
2024351442496,2024,351442496,1,19,0,-1,3,7,3,-1,0,0,0,0,0,0,1,1,-1,1,1,63,9,2198,2,8,FORD TRANSIT,6,E01018045,0,4
2024070220541,2024,070220541,2,19,0,18,19,3,7,0,0,0,0,0,0,0,1,1,6,6,2,38,7,2198,2,13,FORD TRANSIT,1,W01000239,0,4
2024211453036,2024,211453036,1,19,4,-1,19,8,4,-1,0,1,1,0,1,0,1,2,-1,9,1,36,7,2198,2,9,FORD TRANSIT,5,E01019402,0,4
2024471474098,2024,471474098,2,19,0,-1,19,4,8,-1,0,0,0,0,0,0,3,1,-1,9,1,55,8,2198,2,10,FORD TRANSIT,10,E01003007,0,4
2024631434874,2024,631434874,1,19,0,-1,19,5,1,-1,0,0,0,0,1,3,1,1,-1,1,1,36,7,1995,2,2,FORD TRANSIT,6,W01000242,0,4
2024351486272,2024,351486272,2,19,0,-1,19,1,5,-1,0,8,0,0,0,0,4,1,-1,9,1,61,9,1995,2,2,FORD TRANSIT,9,E01033809,0,3
2024411490607,2024,411490607,2,19,0,-1,19,1,5,-1,0,0,0,0,1,7,2,1,-1,1,1,65,9,2402,2,15,FORD TRANSIT,5,E01000606,0,3
2024010508972,2024,010508972,2,19,0,99,99,9,9,99,99,9,9,99,9,99,1,9,6,6,3,-1,-1,1995,2,6,FORD TRANSIT,-1,-1,0,-1
2024311407301,2024,311407301,1,19,0,-1,13,7,3,-1,0,1,0,0,0,0,1,9,-1,9,1,25,5,1995,2,1,FORD TRANSIT,7,E01028021,0,2
2024101460579,2024,101460579,1,19,0,-1,19,1,5,-1,0,1,0,0,1,0,1,1,-1,1,1,28,6,2198,2,9,FORD TRANSIT,7,E01027554,0,3
2024501432251,2024,501432251,1,19,0,-1,9,3,7,-1,0,5,0,0,0,0,1,1,-1,1,1,60,9,2198,2,12,FORD TRANSIT,7,E01020178,0,1
2024451500811,2024,451500811,1,19,0,-1,19,3,7,-1,0,0,0,0,0,0,1,1,-1,1,1,25,5,1995,2,6,FORD TRANSIT,4,E01016163,0,4
2024010521977,2024,010521977,2,90,0,18,19,3,7,0,0,8,0,0,0,0,4,1,1,1,1,27,6,-1,-1,-1,FORD TRANSIT,6,E01003742,0,3
2024131410809,2024,131410809,1,19,0,-1,19,1,5,-1,0,0,0,0,0,0,1,1,-1,1,1,55,8,1995,2,2,FORD TRANSIT,1,E01005086,0,4
2024311458054,2024,311458054,2,19,0,-1,7,1,7,-1,0,6,0,0,0,0,3,9,-1,1,1,23,5,1995,2,0,FORD TRANSIT,-1,-1,0,-1
2024211535663,2024,211535663,1,19,0,-1,5,1,1,-1,0,0,0,0,0,0,0,9,-1,6,2,-1,-1,1995,2,3,FORD TRANSIT,-1,-1,0,-1
2024010536558,2024,010536558,3,19,0,-1,-1,5,1,0,0,0,0,0,0,0,2,1,1,1,1,49,8,-1,3,2,FORD TRANSIT,2,E01021316,0,4
2024320495169,2024,320495169,2,19,0,-1,-1,2,6,0,0,0,0,0,0,0,1,1,-1,-1,1,60,9,2402,2,17,FORD TRANSIT,3,E01026023,0,4
2024031468485,2024,031468485,2,19,0,-1,2,7,6,-1,0,0,0,0,0,0,0,1,-1,6,-1,-1,-1,2402,2,14,FORD TRANSIT,-1,-1,0,-1
2024991444184,2024,991444184,2,19,4,-1,19,5,1,-1,0,0,0,0,1,0,3,1,-1,9,1,47,8,1995,2,1,FORD TRANSIT,2,-1,0,4
2024631420743,2024,631420743,1,20,0,-1,1,2,6,-1,0,0,0,0,0,0,2,1,-1,6,1,30,6,1995,2,5,FORD TRANSIT,-1,-1,0,-1
2024131490628,2024,131490628,1,19,0,-1,2,0,0,-1,0,0,0,0,0,0,2,1,-1,1,1,60,9,1995,2,1,FORD TRANSIT,5,E01011586,0,2
2024471526534,2024,471526534,2,19,0,-1,7,1,3,-1,0,8,0,0,0,0,4,1,-1,6,1,34,6,2198,2,11,FORD TRANSIT,6,E01017012,0,2
2024010531520,2024,010531520,2,19,0,7,7,9,9,99,99,9,9,99,9,99,4,9,6,6,1,43,7,1995,2,5,FORD TRANSIT,3,E01023343,0,4
2024440124277,2024,440124277,1,20,0,13,13,5,1,0,0,0,0,0,0,0,4,1,6,6,1,41,7,1995,2,6,FORD TRANSIT,5,E01017016,0,1
2024201532953,2024,201532953,2,19,0,-1,4,6,2,-1,0,1,0,0,0,0,2,1,-1,1,1,55,8,2198,2,8,FORD TRANSIT,2,E01009997,0,1
2024461426330,2024,461426330,3,19,0,-1,2,0,0,-1,0,1,0,0,0,0,2,1,-1,1,1,21,5,1995,2,1,FORD TRANSIT,1,E01012058,0,5
2024451449608,2024,451449608,2,19,0,-1,19,7,3,-1,0,0,1,99,0,0,1,1,-1,6,3,30,6,1995,2,1,FORD TRANSIT,-1,-1,0,-1
2024041468608,2024,041468608,1,19,0,-1,4,3,7,-1,0,0,0,0,0,0,1,1,-1,1,1,29,6,2198,2,9,FORD TRANSIT,2,E01008263,0,5
2024332401169,2024,332401169,2,19,0,-1,9,2,8,-1,0,6,0,0,0,0,3,1,-1,6,3,-1,-1,2198,2,14,FORD TRANSIT,-1,-1,0,-1
2024361492501,2024,361492501,1,19,-1,-1,13,-1,-1,-1,0,-1,0,0,0,0,4,9,-1,6,1,58,9,2198,2,9,FORD TRANSIT,4,E01026706,0,1
2024010536984,2024,010536984,2,19,0,99,99,9,9,99,99,0,9,99,9,99,1,9,6,6,1,-1,-1,2198,2,10,FORD TRANSIT,6,E01004163,0,1
2024631509961,2024,631509961,1,19,0,-1,13,4,8,-1,0,8,0,0,0,0,1,1,-1,9,1,72,10,2198,2,16,FORD TRANSIT,1,W01000600,0,2
2024320063451,2024,320063451,1,19,0,9,9,4,2,0,0,8,0,0,0,0,1,1,1,1,1,22,5,2402,2,13,FORD TRANSIT,10,E01028315,0,4
2024010516315,2024,010516315,1,19,0,99,99,9,9,99,99,9,9,99,9,99,2,9,2,2,1,29,6,2198,2,9,FORD TRANSIT,9,E01030331,0,3
2024501462165,2024,501462165,1,19,0,-1,13,3,7,-1,0,0,0,0,0,0,2,1,-1,1,2,26,6,1995,2,2,FORD TRANSIT,6,E01035210,0,5
2024201513073,2024,201513073,2,19,0,-1,19,6,2,-1,0,0,0,0,0,0,3,9,-1,6,3,-1,-1,2198,2,11,FORD TRANSIT,-1,-1,0,-1
2024421484852,2024,421484852,3,19,0,-1,2,8,1,-1,0,0,0,0,0,0,4,1,-1,6,-1,-1,-1,1995,2,3,FORD TRANSIT,-1,-1,0,-1
2024010549631,2024,010549631,1,10,0,9,9,1,6,0,0,6,0,0,0,0,1,1,1,1,1,79,11,1995,2,3,FORD TRANSIT,2,E01000065,0,1
2024440476036,2024,440476036,2,19,0,16,19,7,2,0,0,1,1,0,0,0,1,1,6,6,1,22,5,2198,2,14,FORD TRANSIT,4,E01017192,0,4
2024052402676,2024,052402676,2,19,0,18,19,3,7,0,0,0,0,0,0,0,1,1,6,6,1,66,10,2198,2,14,FORD TRANSIT,1,E01007228,0,1
2024141453417,2024,141453417,2,19,0,-1,19,6,2,-1,0,0,0,0,0,0,3,1,-1,1,1,60,9,2198,2,10,FORD TRANSIT,3,E01007488,0,1
2024010541778,2024,010541778,2,19,0,99,99,9,9,99,99,9,9,99,9,99,9,9,6,6,3,-1,-1,1995,2,5,FORD TRANSIT,2,E01004722,0,2
2024401499489,2024,401499489,1,19,0,-1,19,4,8,-1,0,0,0,0,0,0,1,1,-1,1,1,33,6,1995,2,3,FORD TRANSIT,5,E01027123,0,4
2024201470651,2024,201470651,1,19,0,-1,15,4,8,-1,0,0,0,0,0,0,2,1,-1,6,3,-1,-1,2400,2,22,FORD TRANSIT,-1,-1,0,-1
2024010544058,2024,010544058,2,19,0,18,19,7,3,0,0,1,0,0,0,0,2,1,2,2,1,56,9,-1,3,1,FORD TRANSIT,-1,-1,0,-1
2024052402509,2024,052402509,1,19,0,4,4,2,6,0,0,0,0,0,0,0,1,1,6,6,1,36,7,2198,2,12,FORD TRANSIT,3,E01006831,0,1