collision_index,collision_year,collision_ref_no,vehicle_reference,vehicle_type,towing_and_articulation,vehicle_manoeuvre_historic,vehicle_manoeuvre,vehicle_direction_from,vehicle_direction_to,vehicle_location_restricted_lane_historic,vehicle_location_restricted_lane,junction_location,skidding_and_overturning,hit_object_in_carriageway,vehicle_leaving_carriageway,hit_object_off_carriageway,first_point_of_impact,vehicle_left_hand_drive,journey_purpose_of_driver_historic,journey_purpose_of_driver,sex_of_driver,age_of_driver,age_band_of_driver,engine_capacity_cc,propulsion_code,age_of_vehicle,generic_make_model,driver_imd_decile,lsoa_of_driver,escooter_flag,driver_distance_banding
2024440039483,2024,440039483,1,19,0,18,19,2,6,0,0,0,0,4,0,0,1,1,6,6,1,50,8,2402,2,22,FORD TRANSIT,3,E01023122,0,1
2024631471871,2024,631471871,2,10,0,-1,13,4,8,-1,0,1,0,0,0,0,4,1,-1,9,2,50,8,2198,2,11,FORD TRANSIT,7,W01000451,0,3
2024052400511,2024,052400511,1,19,0,13,13,6,2,0,0,0,0,0,0,0,4,1,6,6,1,66,10,1995,2,7,FORD TRANSIT,1,E01006507,0,2
2024411515074,2024,411515074,2,19,0,-1,2,0,0,-1,0,0,0,0,0,0,2,1,-1,6,-1,-1,-1,1995,2,4,FORD TRANSIT,-1,-1,0,-1
2024461483067,2024,461483067,1,20,0,-1,19,1,5,-1,0,0,1,0,0,0,1,1,-1,1,1,45,7,1995,2,5,FORD TRANSIT,4,E01024162,0,4
2024501440917,2024,501440917,2,19,0,-1,2,7,3,-1,0,8,0,0,0,0,3,1,-1,6,-1,-1,-1,2198,2,16,FORD TRANSIT,-1,-1,0,-1
2024010511505,2024,010511505,2,20,0,9,9,7,4,0,0,1,0,0,0,0,0,1,6,6,1,43,7,-1,-1,-1,FORD TRANSIT,9,E01003828,0,3
2024471435245,2024,471435245,1,19,0,-1,-1,-1,-1,-1,-1,0,-1,-1,-1,0,-1,1,-1,1,1,35,6,1995,2,2,FORD TRANSIT,2,E01001576,0,4
2024421524533,2024,421524533,1,19,0,-1,19,1,5,-1,0,0,0,0,0,0,1,1,-1,1,1,42,7,1995,2,1,FORD TRANSIT,5,E01024181,0,4
2024552401148,2024,552401148,2,19,0,2,2,0,0,0,0,0,0,0,0,0,1,1,6,6,3,-1,-1,1995,2,2,FORD TRANSIT,-1,-1,0,-1
2024010528619,2024,010528619,1,19,0,18,19,3,7,0,0,8,0,0,0,0,1,1,1,1,1,25,5,-1,3,1,FORD TRANSIT,6,E01002601,0,3
2024471516451,2024,471516451,2,19,0,-1,19,4,8,-1,0,1,0,0,0,0,4,1,-1,9,1,28,6,2402,2,17,FORD TRANSIT,5,E01031743,0,1
2024471437537,2024,471437537,2,19,4,-1,2,0,0,-1,0,0,0,0,0,0,2,1,-1,2,1,25,5,1995,2,7,FORD TRANSIT,2,E01004335,0,4
2024351472369,2024,351472369,1,19,0,-1,4,1,5,-1,0,1,1,0,0,0,1,1,-1,1,1,33,6,1995,2,0,FORD TRANSIT,9,E01025869,0,5
2024421476713,2024,421476713,2,19,0,-1,2,-1,-1,-1,0,-1,0,0,0,0,2,9,-1,6,3,-1,-1,2402,2,24,FORD TRANSIT,-1,-1,0,-1
2024401512976,2024,401512976,1,19,0,-1,19,3,7,-1,0,1,0,0,0,0,1,1,-1,1,1,68,10,2402,2,14,FORD TRANSIT,3,E01001503,0,4
2024010503063,2024,010503063,1,19,0,2,2,0,0,0,0,0,0,10,0,0,2,1,6,6,3,-1,-1,1995,2,2,FORD TRANSIT,-1,-1,0,-1
2024991459634,2024,991459634,1,19,0,-1,19,1,5,-1,0,1,0,0,0,0,1,1,-1,1,-1,22,5,1995,2,3,FORD TRANSIT,10,-1,0,2
2024131533244,2024,131533244,1,19,0,-1,-1,-1,-1,-1,-1,1,-1,-1,-1,0,-1,1,-1,6,3,-1,-1,2198,2,14,FORD TRANSIT,-1,-1,0,-1
2024111488350,2024,111488350,1,19,0,-1,19,7,3,-1,0,8,1,0,0,0,1,1,-1,1,1,58,9,2198,2,9,FORD TRANSIT,2,E01008719,0,2
2024201498007,2024,201498007,1,19,0,-1,3,1,2,-1,0,0,0,0,1,0,2,1,-1,6,1,23,5,2402,2,20,FORD TRANSIT,-1,-1,0,-1
2024041421613,2024,041421613,2,19,0,-1,19,2,6,-1,0,8,0,0,0,0,1,1,-1,1,1,33,6,2198,2,11,FORD TRANSIT,4,E01012701,0,1
2024010526766,2024,010526766,3,19,0,18,19,8,4,0,0,1,0,0,0,0,1,1,6,6,1,40,7,2402,2,15,FORD TRANSIT,3,E01003275,0,1
2024010498880,2024,010498880,3,19,0,18,19,1,5,0,0,0,0,0,0,0,1,1,6,6,1,70,10,1995,2,5,FORD TRANSIT,-1,-1,0,-1
2024311479421,2024,311479421,1,19,0,-1,19,1,5,-1,0,0,0,0,0,0,1,1,-1,1,1,-1,-1,1995,2,2,FORD TRANSIT,-1,-1,0,-1
2024411445033,2024,411445033,3,19,-1,-1,-1,-1,-1,-1,-1,1,-1,-1,-1,0,-1,9,-1,6,1,75,10,2198,2,9,FORD TRANSIT,10,E01023550,0,1
2024421468305,2024,421468305,1,19,0,-1,9,1,7,-1,0,6,0,0,0,0,4,1,-1,6,3,27,6,1995,2,3,FORD TRANSIT,6,E01029944,0,4
2024010544525,2024,010544525,3,19,0,18,19,7,3,0,0,8,0,0,0,0,4,1,6,6,1,53,8,1995,2,2,FORD TRANSIT,4,E01000787,0,3
2024010511849,2024,010511849,1,19,0,18,19,3,7,0,0,0,0,0,0,0,1,1,2,2,1,33,6,2198,2,7,FORD TRANSIT,8,E01002269,0,2
2024010540479,2024,010540479,1,19,0,18,19,7,3,0,0,6,0,0,0,0,1,1,1,1,1,39,7,1995,2,7,FORD TRANSIT,2,E01002003,0,1
2024520400853,2024,520400853,1,90,0,17,19,2,7,6,6,0,0,0,1,0,1,1,6,6,1,48,8,1995,2,1,FORD TRANSIT,8,E01029203,0,4
202454E863324,2024,54E863324,1,19,0,4,4,7,3,0,0,1,0,0,0,0,2,1,6,6,1,64,9,2198,2,12,FORD TRANSIT,6,E01032031,0,3
2024111499539,2024,111499539,3,20,4,-1,19,5,1,-1,0,0,0,0,0,0,2,1,-1,1,1,51,8,2198,2,10,FORD TRANSIT,9,E01020817,0,2
2024471470845,2024,471470845,1,19,0,-1,19,1,7,-1,0,3,0,0,0,0,1,1,-1,1,1,18,4,1995,2,0,FORD TRANSIT,6,E01031538,0,4
2024311416226,2024,311416226,2,19,0,-1,9,8,5,-1,0,6,0,0,0,0,3,1,-1,1,1,28,6,2402,2,16,FORD TRANSIT,2,E01028259,0,1
2024411528660,2024,411528660,2,19,0,-1,9,1,7,-1,0,6,0,0,0,0,1,1,-1,6,3,-1,-1,2402,2,15,FORD TRANSIT,-1,-1,0,-1
2024201422139,2024,201422139,2,19,0,-1,7,2,4,-1,0,5,0,0,0,0,1,9,-1,6,3,-1,-1,2198,2,10,FORD TRANSIT,4,E01009913,0,2
2024010518223,2024,010518223,1,20,0,3,3,1,5,0,0,1,0,0,0,0,1,1,1,1,1,44,7,1995,2,6,FORD TRANSIT,6,E01004451,0,3
2024401525972,2024,401525972,2,19,-1,-1,2,0,0,-1,-1,-1,-1,-1,-1,0,3,9,-1,1,3,-1,-1,1995,2,0,FORD TRANSIT,-1,-1,0,-1
2024471458596,2024,471458596,1,19,0,-1,19,4,8,-1,0,0,0,0,0,0,1,1,-1,1,1,56,9,2198,2,8,FORD TRANSIT,3,E01016926,0,2
2024311526583,2024,311526583,2,19,0,-1,19,1,1,-1,0,4,0,0,0,0,2,1,-1,1,1,50,8,1996,2,0,FORD TRANSIT,-1,-1,0,-1
202460Q171821,2024,60Q171821,10,19,0,18,19,8,4,0,0,0,0,0,0,0,2,1,6,6,1,57,9,1995,2,3,FORD TRANSIT,-1,-1,0,-1
2024461419241,2024,461419241,1,19,0,-1,1,-1,-1,-1,0,0,0,0,0,0,2,9,-1,6,1,45,7,1995,2,4,FORD TRANSIT,-1,-1,0,-1
2024010504299,2024,010504299,4,19,0,5,5,7,3,0,0,0,0,0,0,0,1,1,2,2,1,40,7,2198,2,8,FORD TRANSIT,-1,-1,0,-1
2024061455565,2024,061455565,2,19,0,-1,9,6,4,-1,0,1,0,0,0,0,4,1,-1,1,1,29,6,2198,2,12,FORD TRANSIT,3,E01006177,0,3
2024440073019,2024,440073019,1,19,0,18,19,6,2,0,0,8,0,0,0,0,1,1,1,1,1,30,6,1995,2,5,FORD TRANSIT,8,E01023245,0,1
2024041505197,2024,041505197,1,19,0,-1,19,5,1,-1,0,4,0,0,0,0,1,1,-1,6,1,32,6,1995,2,0,FORD TRANSIT,9,E01025533,0,3
2024631458071,2024,631458071,1,19,0,-1,19,8,4,-1,0,0,0,0,0,0,1,1,-1,1,1,21,5,1995,2,0,FORD TRANSIT,6,W01000487,0,4
2024010512225,2024,010512225,1,10,0,2,2,0,0,6,6,0,0,0,0,0,0,1,6,6,3,-1,-1,2198,2,6,FORD TRANSIT,-1,-1,0,-1
2024010519363,2024,010519363,2,19,0,18,19,3,7,0,0,6,0,0,0,0,1,1,6,6,1,32,6,-1,3,1,FORD TRANSIT,1,E01001847,0,1
2024471462346,2024,471462346,1,19,0,-1,19,5,1,-1,0,8,0,0,0,0,1,1,-1,1,1,34,6,-1,3,2,FORD TRANSIT,5,E01031565,0,4
2024302401548,2024,302401548,1,19,0,18,19,4,8,0,0,0,0,0,0,0,1,1,2,2,1,40,7,2198,2,13,FORD TRANSIT,3,E01019667,0,1
2024440504059,2024,440504059,1,19,0,5,5,0,1,0,0,6,0,0,0,0,3,1,1,1,1,32,6,2198,2,8,FORD TRANSIT,10,E01022838,0,1
2024010525539,2024,010525539,1,20,0,14,14,1,5,0,0,0,0,0,0,0,1,1,2,2,1,49,8,1995,2,3,FORD TRANSIT,3,E01003135,0,3
2024010549230,2024,010549230,1,19,0,7,7,6,1,0,0,5,0,0,0,0,4,2,6,6,1,30,6,1995,2,3,FORD TRANSIT,3,E01001311,0,2
2024161419779,2024,161419779,1,11,0,-1,19,4,8,-1,0,1,0,0,0,0,1,1,-1,6,1,57,9,2402,2,19,FORD TRANSIT,-1,-1,0,-1
2024440015260,2024,440015260,2,19,0,2,2,0,0,0,0,0,0,0,0,0,4,1,6,6,3,-1,-1,2402,2,14,FORD TRANSIT,-1,-1,0,-1
2024221411467,2024,221411467,1,19,0,-1,19,6,1,-1,0,0,0,0,0,0,3,9,-1,6,1,42,7,2198,2,8,FORD TRANSIT,3,E01029538,0,4
2024411438774,2024,411438774,3,19,0,-1,4,5,1,-1,0,0,0,0,0,0,4,1,-1,1,1,48,8,2198,2,8,FORD TRANSIT,10,E01017405,0,4
2024361400428,2024,361400428,2,19,0,-1,4,3,7,-1,0,1,0,0,0,0,1,1,-1,1,1,35,6,1995,2,2,FORD TRANSIT,1,E01026687,0,1
2024451517866,2024,451517866,1,19,0,-1,9,8,6,-1,0,0,0,0,0,0,3,1,-1,2,1,27,6,2198,2,16,FORD TRANSIT,6,E01030516,0,3
2024111504842,2024,111504842,2,19,0,-1,19,3,1,-1,0,4,0,0,0,0,1,9,-1,1,1,45,7,2198,2,17,FORD TRANSIT,-1,-1,0,-1
2024501448002,2024,501448002,1,19,0,-1,19,2,6,-1,0,2,0,0,0,0,3,1,-1,1,1,31,6,2402,2,14,FORD TRANSIT,1,E01015144,0,1
2024351458341,2024,351458341,2,19,0,-1,9,3,1,-1,0,8,0,0,0,0,2,1,-1,1,1,23,5,2198,2,11,FORD TRANSIT,1,E01015607,0,4
2024010532084,2024,010532084,3,10,0,99,99,9,9,99,99,0,9,99,9,99,2,9,6,6,3,33,6,1995,2,4,FORD TRANSIT,8,E01000786,0,2
2024547240524,2024,547240524,4,19,0,3,3,7,3,0,0,0,0,0,0,0,2,1,1,1,1,58,9,1995,2,3,FORD TRANSIT,-1,-1,0,-1
2024991472822,2024,991472822,1,19,0,-1,2,8,4,-1,0,0,0,0,0,0,1,1,-1,6,1,16,4,2402,2,20,FORD TRANSIT,1,-1,0,1
2024610009024,2024,610009024,1,19,0,1,1,1,3,0,0,5,0,0,0,0,2,1,1,1,1,25,5,2198,2,12,FORD TRANSIT,5,W01001551,0,4
2024501449697,2024,501449697,1,19,0,-1,14,8,4,-1,0,0,0,0,0,0,1,2,-1,1,1,34,6,1995,2,7,FORD TRANSIT,3,E01019001,0,1
2024501502148,2024,501502148,1,19,0,-1,19,5,1,-1,0,0,5,0,0,0,3,1,-1,1,1,36,7,1995,2,2,FORD TRANSIT,1,E01015266,0,4
2024122500219,2024,122500219,2,19,0,18,19,3,7,0,0,1,0,0,0,0,1,1,6,6,1,41,7,1995,2,3,FORD TRANSIT,9,E01027708,0,3
2024041459214,2024,041459214,1,19,0,-1,1,7,3,-1,0,1,0,0,0,0,2,1,-1,1,1,56,9,1995,2,3,FORD TRANSIT,5,E01012164,0,5
2024411513902,2024,411513902,1,19,0,-1,19,2,4,-1,0,1,0,0,0,0,1,1,-1,6,1,-1,-1,1995,2,6,FORD TRANSIT,3,E01023555,0,1
2024461455032,2024,461455032,2,19,0,-1,19,8,4,-1,0,8,0,0,0,0,1,1,-1,1,1,23,5,1995,2,4,FORD TRANSIT,8,E01024434,0,1
2024451484376,2024,451484376,2,19,0,-1,11,2,6,-1,0,0,0,0,0,0,4,9,-1,1,1,27,6,2402,2,17,FORD TRANSIT,-1,-1,0,-1
2024010522778,2024,010522778,2,19,9,99,99,9,9,99,99,9,9,99,9,99,0,9,6,6,1,40,7,1995,2,6,FORD TRANSIT,3,E01001488,0,2
2024991442622,2024,991442622,3,19,0,-1,19,1,3,-1,0,1,0,0,0,0,1,1,-1,6,3,60,9,2198,2,8,FORD TRANSIT,-1,-1,0,-1
2024320638584,2024,320638584,1,19,0,-1,-1,6,2,0,0,0,2,0,0,0,0,1,6,6,1,21,5,1995,2,2,FORD TRANSIT,-1,-1,0,-1
2024440363827,2024,440363827,3,19,0,9,9,6,1,0,0,1,0,0,0,0,1,1,6,6,1,46,8,1998,2,23,FORD TRANSIT,2,E01017051,0,1
2024440534311,2024,440534311,2,19,0,18,19,8,4,0,0,1,0,0,0,0,1,1,1,1,1,-1,-1,2402,2,21,FORD TRANSIT,-1,-1,0,-1
2024501398061,2024,501398061,2,19,0,-1,19,2,6,-1,0,0,0,0,0,0,1,1,-1,9,1,76,11,2402,2,18,FORD TRANSIT,3,E01020286,0,2
2024010520374,2024,010520374,1,19,0,5,5,7,3,0,0,2,0,0,0,0,2,1,1,1,1,21,5,1995,2,3,FORD TRANSIT,3,E01001701,0,1
2024371462048,2024,371462048,2,19,0,-1,19,5,1,-1,0,1,0,0,0,0,2,1,-1,1,1,29,6,1995,2,3,FORD TRANSIT,6,E01033719,0,4
2024010509587,2024,010509587,2,19,0,1,1,9,9,99,99,9,9,99,9,99,2,9,6,6,1,34,6,-1,3,1,FORD TRANSIT,10,E01035718,0,2
2024061534243,2024,061534243,1,19,0,-1,19,5,1,-1,0,0,0,0,0,0,1,1,-1,1,1,45,7,-1,3,1,FORD TRANSIT,3,E01005179,0,2
2024061499280,2024,061499280,1,19,0,-1,2,0,0,-1,9,0,0,0,0,0,1,9,-1,6,3,-1,-1,2198,2,8,FORD TRANSIT,-1,-1,0,-1
2024041499885,2024,041499885,1,19,4,-1,4,5,1,-1,0,0,0,0,0,0,1,1,-1,1,1,38,7,1995,2,0,FORD TRANSIT,3,E01025097,0,1
2024010522593,2024,010522593,1,20,0,3,3,7,3,0,0,1,0,0,0,0,2,1,1,1,1,62,9,-1,-1,-1,FORD TRANSIT,3,E01001858,0,3
2024070412612,2024,070412612,1,19,0,18,19,7,3,0,0,0,1,0,0,0,1,1,6,6,1,35,6,2402,2,20,FORD TRANSIT,-1,-1,0,-1
2024991525314,2024,991525314,1,19,0,-1,7,6,8,-1,0,1,0,0,0,0,1,1,-1,1,1,64,9,1995,2,3,FORD TRANSIT,3,-1,0,3
2024122401150,2024,122401150,2,19,0,18,19,7,3,0,0,1,1,0,0,0,1,1,1,1,1,47,8,2198,2,15,FORD TRANSIT,7,E01027781,0,1
2024010536552,2024,010536552,1,90,0,7,7,8,2,0,0,8,0,0,0,0,4,1,6,6,1,53,8,-1,-1,-1,FORD TRANSIT,2,E01000223,0,1
2024461456170,2024,461456170,1,19,0,-1,4,4,8,-1,0,0,0,0,0,0,1,1,-1,1,1,19,4,1995,2,3,FORD TRANSIT,3,E01021127,0,4
2024111486836,2024,111486836,1,19,0,-1,19,6,2,-1,0,0,0,0,0,0,4,2,-1,6,1,39,7,1995,2,2,FORD TRANSIT,3,E01008226,0,2
2024631399708,2024,631399708,1,19,0,-1,1,6,2,-1,0,0,0,0,0,0,2,1,-1,6,3,-1,-1,2198,2,13,FORD TRANSIT,-1,-1,0,-1
2024631405324,2024,631405324,2,19,0,-1,19,2,6,-1,0,0,0,0,0,0,3,1,-1,2,1,44,7,1995,2,5,FORD TRANSIT,8,W01000892,0,4
2024231500524,2024,231500524,1,19,0,-1,19,5,1,-1,0,0,1,0,1,9,1,1,-1,6,1,42,7,2198,2,9,FORD TRANSIT,-1,-1,0,-1
2024010501812,2024,010501812,2,19,0,99,99,9,9,99,99,5,9,99,9,99,9,9,6,6,1,-1,-1,-1,3,1,FORD TRANSIT,7,E01002513,0,3
2024461436756,2024,461436756,1,19,0,-1,19,8,4,-1,0,0,0,0,0,0,1,1,-1,9,1,57,9,1995,2,8,FORD TRANSIT,8,E01016148,0,3
2024501403882,2024,501403882,1,19,0,-1,4,2,6,-1,0,0,1,0,0,0,1,1,-1,1,1,42,7,1995,2,3,FORD TRANSIT,1,E01015144,0,3
2024440356900,2024,440356900,1,19,0,18,19,8,4,0,0,0,0,0,0,4,1,1,2,2,1,22,5,1995,2,1,FORD TRANSIT,9,E01022727,0,3
2024052402277,2024,052402277,2,19,0,18,19,5,1,0,0,1,0,0,0,0,0,1,6,6,1,28,6,2198,2,17,FORD TRANSIT,1,E01007175,0,1
2024991509573,2024,991509573,1,19,0,-1,4,3,7,-1,0,0,0,0,0,0,4,1,-1,1,1,32,6,-1,3,2,FORD TRANSIT,1,-1,0,1
2024401489448,2024,401489448,1,19,0,-1,19,5,1,-1,0,0,0,0,0,0,1,1,-1,1,-1,-1,-1,2402,2,19,FORD TRANSIT,-1,-1,0,-1
2024052402617,2024,052402617,1,19,0,1,1,8,4,0,0,0,0,0,0,0,2,1,1,1,1,43,7,1995,2,4,FORD TRANSIT,9,E01012448,0,4
2024501493098,2024,501493098,2,19,0,-1,19,1,6,-1,0,8,0,0,0,0,4,1,-1,2,1,63,9,1995,2,0,FORD TRANSIT,4,E01015169,0,1
2024070986255,2024,070986255,1,19,0,-1,2,0,0,-1,9,0,0,0,0,0,3,1,-1,1,1,-1,-1,1995,2,3,FORD TRANSIT,-1,-1,0,-1
2024031467404,2024,031467404,2,19,3,-1,19,1,5,-1,0,0,0,0,0,0,3,1,-1,9,1,56,9,2198,2,11,FORD TRANSIT,5,-1,0,5
2024501421545,2024,501421545,1,19,0,-1,19,6,2,-1,0,0,2,0,1,0,1,1,-1,6,1,29,6,2402,2,15,FORD TRANSIT,5,E01018903,0,4
2024340WN4612,2024,340WN4612,1,19,0,-1,19,1,5,-1,0,0,0,0,0,0,1,1,-1,9,1,35,6,1995,2,2,FORD TRANSIT,2,E01009627,0,4
2024991484449,2024,991484449,2,19,0,-1,19,5,1,-1,0,1,1,0,0,0,1,1,-1,1,1,34,6,2402,2,19,FORD TRANSIT,-1,-1,0,-1
2024311534799,2024,311534799,1,19,0,-1,19,6,1,-1,0,0,0,0,0,0,4,1,-1,6,1,26,6,1995,2,5,FORD TRANSIT,6,E01027962,0,1
2024010540884,2024,010540884,3,19,4,2,2,0,0,0,0,4,0,4,0,0,3,1,6,6,3,-1,-1,1995,2,7,FORD TRANSIT,-1,-1,0,-1
2024010526280,2024,010526280,1,19,0,18,19,7,3,0,0,0,0,0,0,0,1,1,1,1,1,46,8,1995,2,2,FORD TRANSIT,4,E01003529,0,1
2024991496787,2024,991496787,2,19,0,-1,19,7,4,-1,0,3,0,0,0,0,1,1,-1,6,1,72,10,2198,2,11,FORD TRANSIT,7,-1,0,2
2024552400286,2024,552400286,1,20,0,7,7,3,6,0,0,4,0,0,0,0,3,1,1,1,3,-1,-1,2402,2,13,FORD TRANSIT,-1,-1,0,-1
2024320692631,2024,320692631,1,19,0,-1,-1,4,8,9,9,0,0,0,0,0,2,1,1,1,1,32,6,1995,2,6,FORD TRANSIT,3,E01026075,0,4
2024371461346,2024,371461346,2,19,0,-1,19,5,2,-1,0,0,0,0,0,0,3,1,-1,2,1,36,7,2198,2,8,FORD TRANSIT,8,E01029890,0,1
2024010541808,2024,010541808,2,19,0,99,99,9,9,99,99,9,9,99,9,99,9,9,6,6,3,-1,-1,1995,2,5,FORD TRANSIT,-1,-1,0,-1
2024061411620,2024,061411620,1,19,0,-1,19,5,1,-1,0,8,0,0,0,0,1,9,-1,6,3,-1,-1,-1,3,2,FORD TRANSIT,-1,-1,0,-1
2024471443505,2024,471443505,1,19,0,-1,-1,-1,-1,-1,0,0,-1,-1,-1,0,4,9,-1,6,1,39,7,2198,2,16,FORD TRANSIT,5,E01021059,0,1
2024430527707,2024,430527707,2,19,0,11,11,6,2,0,0,0,0,0,0,0,4,1,6,6,1,39,7,1995,2,3,FORD TRANSIT,-1,-1,0,-1
2024052400267,2024,052400267,2,19,0,3,3,1,5,0,0,1,0,0,0,0,2,1,6,6,1,67,10,2198,2,16,FORD TRANSIT,2,E01007181,0,1
2024430060634,2024,430060634,2,19,0,18,19,2,6,0,0,1,0,0,1,9,3,1,1,1,1,22,5,1499,2,0,FORD TRANSIT,6,E01028813,0,2
2024991510175,2024,991510175,2,19,0,-1,19,4,8,-1,0,0,0,0,0,0,1,1,-1,2,1,33,6,2402,2,17,FORD TRANSIT,6,-1,0,1
2024201434524,2024,201434524,1,19,0,-1,11,6,2,-1,0,0,0,0,0,0,1,1,-1,6,1,25,5,2198,2,13,FORD TRANSIT,1,E01009016,0,2
2024010521690,2024,010521690,2,19,0,5,5,3,7,0,0,1,0,0,0,0,1,1,2,2,1,31,6,1995,2,6,FORD TRANSIT,2,E01033881,0,2
2024101400576,2024,101400576,1,19,0,-1,19,3,7,-1,0,8,0,0,0,0,1,1,-1,1,1,-1,-1,1995,2,4,FORD TRANSIT,-1,-1,0,-1
2024461451068,2024,461451068,1,19,0,-1,3,2,4,-1,0,0,0,0,0,0,1,9,-1,6,1,32,6,2198,2,13,FORD TRANSIT,4,E01024767,0,1
2024411406277,2024,411406277,1,19,0,-1,19,4,8,-1,0,0,5,0,1,0,1,1,-1,1,1,39,7,1995,2,5,FORD TRANSIT,7,E01023963,0,3
2024461480310,2024,461480310,1,19,0,-1,10,3,7,-1,0,0,0,0,0,0,1,9,-1,6,1,50,8,1995,2,4,FORD TRANSIT,4,E01001005,0,4
2024440425506,2024,440425506,2,19,0,3,3,4,8,0,0,0,0,0,0,0,2,1,6,6,1,29,6,2198,2,14,FORD TRANSIT,4,E01017044,0,3
2024461429995,2024,461429995,2,19,0,-1,19,7,3,-1,0,1,0,0,1,0,1,1,-1,1,1,57,9,1998,2,18,FORD TRANSIT,4,E01023986,0,1
2024302400835,2024,302400835,1,19,0,4,4,2,6,0,0,0,0,0,0,0,2,1,1,1,1,31,6,2198,2,10,FORD TRANSIT,3,E01007591,0,4
2024631422033,2024,631422033,1,19,4,-1,9,5,2,-1,0,6,0,0,1,11,0,1,-1,1,1,53,8,1995,2,1,FORD TRANSIT,8,W01000642,0,4
2024542967424,2024,542967424,1,19,0,18,19,5,1,0,0,1,0,0,0,0,1,1,1,1,1,65,9,1995,2,2,FORD TRANSIT,9,E01034788,0,4
2024201517382,2024,201517382,2,19,0,-1,1,6,2,-1,0,0,0,0,0,0,2,1,-1,6,3,-1,-1,1995,2,7,FORD TRANSIT,-1,-1,0,-1
2024311480333,2024,311480333,1,19,0,-1,4,8,4,-1,0,0,0,0,0,0,2,2,-1,6,1,49,8,1995,2,5,FORD TRANSIT,2,E01003092,0,5
2024161444646,2024,161444646,2,19,0,-1,19,4,8,-1,0,0,0,0,1,0,1,1,-1,1,1,31,6,1995,2,2,FORD TRANSIT,9,E01035478,0,4
2024421493123,2024,421493123,1,19,0,-1,19,1,4,-1,0,0,0,0,0,0,0,1,-1,1,1,34,6,1995,2,2,FORD TRANSIT,5,E01021550,0,3
2024231516872,2024,231516872,1,19,0,-1,19,8,4,-1,0,8,0,0,0,0,1,9,-1,6,1,55,8,2198,2,11,FORD TRANSIT,9,E01031269,0,3
2024501428591,2024,501428591,1,19,0,-1,9,1,7,-1,0,8,0,0,0,0,1,1,-1,1,1,45,7,1995,2,6,FORD TRANSIT,6,E01018786,0,4
2024010536728,2024,010536728,3,19,0,18,19,7,3,0,0,1,0,0,0,0,3,1,1,1,1,-1,-1,1995,2,2,FORD TRANSIT,8,E01024183,0,1
2024991416887,2024,991416887,1,19,0,-1,19,1,5,-1,0,0,0,0,0,0,1,1,-1,1,1,41,7,2402,2,14,FORD TRANSIT,4,-1,0,3
2024041460984,2024,041460984,3,19,0,-1,12,5,1,-1,0,0,0,0,0,0,0,9,-1,6,1,23,5,1995,2,5,FORD TRANSIT,1,E01025250,0,4
2024010533886,2024,010533886,2,19,0,9,9,1,7,0,0,8,0,0,0,0,1,2,1,1,1,23,5,1995,2,7,FORD TRANSIT,8,E01004731,0,1
2024010513656,2024,010513656,2,90,0,1,1,3,7,0,0,6,0,0,0,0,2,1,1,1,1,36,7,-1,-1,-1,FORD TRANSIT,8,E01001227,0,3
2024361474717,2024,361474717,1,19,0,-1,19,5,1,-1,0,0,0,0,0,0,3,1,-1,1,1,19,4,1995,2,3,FORD TRANSIT,8,E01026929,0,3
2024421401226,2024,421401226,1,19,0,-1,19,-1,-1,-1,-1,0,-1,-1,-1,0,1,9,-1,6,3,-1,-1,2402,2,21,FORD TRANSIT,-1,-1,0,-1
2024541981224,2024,541981224,2,19,0,4,4,1,5,0,0,0,0,0,0,0,2,1,1,1,1,43,7,2198,2,9,FORD TRANSIT,7,E01034541,0,2
2024131437989,2024,131437989,2,20,0,-1,9,7,3,-1,0,5,0,0,0,0,3,1,-1,6,1,39,7,-1,-1,-1,FORD TRANSIT,1,E01011134,0,2
2024421455450,2024,421455450,1,19,0,-1,10,7,5,-1,0,2,0,0,0,0,1,1,-1,2,1,40,7,2402,2,18,FORD TRANSIT,2,E01015855,0,1
2024141415055,2024,141415055,2,19,0,-1,19,6,2,-1,0,8,0,0,0,0,3,1,-1,6,1,49,8,2198,2,13,FORD TRANSIT,1,E01007522,0,1
2024131430176,2024,131430176,2,19,0,-1,19,7,3,-1,0,2,0,0,0,0,4,1,-1,6,1,40,7,2402,2,19,FORD TRANSIT,1,E01011337,0,1
2024010537671,2024,010537671,2,10,0,18,19,8,4,0,0,1,0,0,0,0,3,1,1,1,1,63,9,2198,2,7,FORD TRANSIT,2,E01001432,0,1
2024201420706,2024,201420706,2,19,0,-1,19,6,2,-1,0,8,0,0,0,0,3,1,-1,6,1,-1,-1,1995,2,7,FORD TRANSIT,-1,-1,0,-1
2024101432870,2024,101432870,1,19,0,-1,19,5,1,-1,0,0,0,0,0,0,1,1,-1,6,1,35,6,1995,2,1,FORD TRANSIT,9,E01027521,0,1
2024101428815,2024,101428815,1,19,0,-1,19,7,3,-1,0,0,0,0,0,0,1,9,-1,6,1,38,7,2402,2,18,FORD TRANSIT,1,E01008484,0,1