collision_index,collision_year,collision_ref_no,vehicle_reference,vehicle_type,towing_and_articulation,vehicle_manoeuvre_historic,vehicle_manoeuvre,vehicle_direction_from,vehicle_direction_to,vehicle_location_restricted_lane_historic,vehicle_location_restricted_lane,junction_location,skidding_and_overturning,hit_object_in_carriageway,vehicle_leaving_carriageway,hit_object_off_carriageway,first_point_of_impact,vehicle_left_hand_drive,journey_purpose_of_driver_historic,journey_purpose_of_driver,sex_of_driver,age_of_driver,age_band_of_driver,engine_capacity_cc,propulsion_code,age_of_vehicle,generic_make_model,driver_imd_decile,lsoa_of_driver,escooter_flag,driver_distance_banding
2024991449661,2024,991449661,1,19,0,-1,19,6,1,-1,0,4,1,0,0,0,1,1,-1,6,3,-1,-1,2198,2,13,FORD TRANSIT,-1,-1,0,-1
2024141517727,2024,141517727,2,19,0,-1,19,8,4,-1,0,1,0,0,0,0,1,1,-1,1,1,33,6,2198,2,11,FORD TRANSIT,4,E01007699,0,1
2024010488864,2024,010488864,1,10,0,18,19,5,1,0,0,2,0,0,0,0,1,1,3,7,1,55,8,1995,2,1,FORD TRANSIT,9,E01004179,0,2
2024101425418,2024,101425418,1,20,0,-1,1,7,3,-1,0,0,0,0,0,0,2,2,-1,6,1,42,7,2402,2,17,FORD TRANSIT,2,E01008489,0,1
2024231511141,2024,231511141,1,19,4,-1,19,2,6,-1,0,1,1,0,0,0,1,1,-1,1,1,39,7,1995,2,1,FORD TRANSIT,1,E01009978,0,4
2024461460486,2024,461460486,1,19,0,-1,19,7,4,-1,0,0,0,0,0,0,1,9,-1,6,1,37,7,1995,2,2,FORD TRANSIT,6,E01003945,0,5
2024010546913,2024,010546913,1,19,0,9,9,3,1,8,6,3,0,0,0,0,1,1,2,2,1,30,6,1995,2,0,FORD TRANSIT,4,E01016503,0,2
2024421503250,2024,421503250,1,19,0,-1,19,3,7,-1,0,0,0,0,0,0,1,1,-1,6,1,-1,-1,2198,2,13,FORD TRANSIT,-1,-1,0,-1
2024010530680,2024,010530680,2,19,0,18,19,3,7,0,0,1,0,0,0,0,1,1,6,6,1,21,5,1995,2,7,FORD TRANSIT,2,E01002748,0,3
2024161496833,2024,161496833,2,19,0,-1,5,1,5,-1,0,0,0,0,0,0,3,1,-1,9,1,50,8,2198,2,9,FORD TRANSIT,8,E01013028,0,2
2024401477242,2024,401477242,1,20,0,-1,19,8,4,-1,0,0,0,0,0,0,1,1,-1,2,1,62,9,2198,2,8,FORD TRANSIT,3,E01017433,0,3
2024041489720,2024,041489720,1,19,0,-1,6,5,5,-1,0,0,0,0,0,0,3,1,-1,1,1,50,8,1995,2,4,FORD TRANSIT,-1,-1,0,-1
2024451490237,2024,451490237,2,19,0,-1,19,1,5,-1,0,1,0,0,0,0,4,1,-1,1,1,37,7,1995,2,3,FORD TRANSIT,8,E01030900,0,3
2024201517483,2024,201517483,2,20,0,-1,2,0,0,-1,0,0,0,0,0,0,1,2,-1,1,1,25,5,1995,2,2,FORD TRANSIT,5,E01010267,0,2
2024131500943,2024,131500943,1,19,0,-1,1,8,4,-1,0,2,0,0,0,0,1,1,-1,6,3,-1,-1,1995,2,7,FORD TRANSIT,-1,-1,0,-1
2024101443881,2024,101443881,2,19,0,-1,19,1,5,-1,0,0,0,0,0,0,1,1,-1,9,1,37,7,1995,2,3,FORD TRANSIT,2,E01008663,0,1
2024101438222,2024,101438222,2,19,0,-1,5,6,2,-1,0,0,0,0,0,0,2,9,-1,6,1,52,8,2198,2,10,FORD TRANSIT,2,E01027398,0,2
2024061430219,2024,061430219,2,90,0,-1,2,1,1,-1,0,0,0,0,0,0,2,1,-1,6,-1,-1,-1,1993,1,35,FORD TRANSIT,-1,-1,0,-1
2024010546442,2024,010546442,1,19,0,18,19,3,7,0,0,0,0,0,0,0,1,1,6,6,1,24,5,1995,2,2,FORD TRANSIT,4,E01035254,0,4
2024421406631,2024,421406631,1,19,4,-1,19,5,1,-1,0,1,0,0,0,0,1,1,-1,6,1,-1,-1,1995,2,2,FORD TRANSIT,3,E01015899,0,1
2024101534201,2024,101534201,3,19,0,-1,2,5,1,-1,0,0,0,0,0,0,0,1,-1,6,1,62,9,1995,2,4,FORD TRANSIT,4,E01027375,0,1
2024070519079,2024,070519079,1,19,0,3,3,4,8,9,9,8,0,0,0,0,4,1,1,1,1,53,8,1995,2,6,FORD TRANSIT,4,E01005362,0,4
2024010510096,2024,010510096,2,19,0,99,99,9,9,99,99,9,9,99,9,99,9,9,6,6,1,43,7,-1,3,1,FORD TRANSIT,4,E01000741,0,4
2024461433367,2024,461433367,1,19,0,-1,5,4,8,-1,0,0,0,0,0,0,3,1,-1,1,1,34,6,2402,2,13,FORD TRANSIT,4,E01016163,0,2
2024501426125,2024,501426125,1,19,0,-1,19,1,5,-1,0,8,0,0,0,0,3,2,-1,9,1,37,7,2402,2,13,FORD TRANSIT,10,E01022740,0,5
2024552400846,2024,552400846,4,19,0,2,2,0,0,0,0,0,0,4,0,0,2,1,1,1,1,32,6,1995,2,2,FORD TRANSIT,4,E01020438,0,4
2024471410386,2024,471410386,2,20,0,-1,19,2,7,-1,0,0,0,0,1,10,3,1,-1,1,1,60,9,-1,-1,-1,FORD TRANSIT,8,E01021209,0,4
2024461489951,2024,461489951,3,19,0,-1,2,0,0,-1,0,0,0,0,0,0,1,9,-1,9,1,54,8,-1,-1,-1,FORD TRANSIT,4,E01024565,0,1
2024547761124,2024,547761124,2,19,4,4,4,2,6,0,0,0,0,0,0,0,4,1,2,2,1,42,7,2198,2,10,FORD TRANSIT,7,E01034540,0,1
2024471396148,2024,471396148,2,19,0,-1,19,3,7,-1,0,2,0,0,0,0,1,1,-1,1,1,38,7,2198,2,12,FORD TRANSIT,3,E01031811,0,1
2024371437352,2024,371437352,1,19,0,-1,19,3,7,-1,0,0,0,0,0,0,1,1,-1,1,1,35,6,1995,2,6,FORD TRANSIT,10,E01030078,0,1
2024991414106,2024,991414106,2,19,0,-1,19,7,4,-1,0,6,0,0,0,0,1,1,-1,1,1,63,9,2198,2,9,FORD TRANSIT,2,-1,0,3
202417L211124,2024,17L211124,2,19,0,-1,4,2,6,-1,0,0,0,0,0,0,2,1,-1,1,1,17,4,1995,2,3,FORD TRANSIT,7,E01012207,0,3
2024351397222,2024,351397222,2,19,4,-1,19,3,5,-1,4,2,0,0,0,0,1,9,-1,6,3,-1,-1,2402,2,23,FORD TRANSIT,-1,-1,0,-1
2024111463301,2024,111463301,2,19,0,-1,19,5,1,-1,0,0,0,0,0,0,1,1,-1,1,1,25,5,1995,2,3,FORD TRANSIT,8,E01020611,0,4
2024340WN4052,2024,340WN4052,1,19,0,-1,19,6,2,-1,0,6,0,0,0,0,1,1,-1,1,1,28,6,1995,2,3,FORD TRANSIT,2,E01027105,0,3
2024010507126,2024,010507126,3,19,0,2,2,0,0,0,0,1,0,0,0,0,3,1,6,6,3,-1,-1,1998,2,19,FORD TRANSIT,-1,-1,0,-1
2024221464871,2024,221464871,2,19,0,-1,19,4,8,-1,0,8,0,0,0,0,1,9,-1,1,1,38,7,1995,2,6,FORD TRANSIT,7,E01032286,0,2
2024531452792,2024,531452792,1,19,0,-1,19,5,1,-1,0,1,0,0,0,0,1,1,-1,2,1,51,8,1995,2,7,FORD TRANSIT,6,W01000598,0,5
2024010531001,2024,010531001,1,19,0,99,99,9,9,99,99,9,9,99,9,99,2,9,1,1,2,60,9,1995,2,6,FORD TRANSIT,2,E01033883,0,3
2024231478752,2024,231478752,4,19,0,-1,4,4,8,-1,0,0,0,0,0,0,2,1,-1,1,1,60,9,1995,2,4,FORD TRANSIT,4,E01021368,0,5
2024010503275,2024,010503275,1,19,0,17,19,3,7,0,0,0,0,0,0,0,1,1,1,1,1,32,6,1995,2,2,FORD TRANSIT,5,E01002677,0,4
2024311543672,2024,311543672,2,19,0,-1,2,4,2,-1,0,0,0,4,0,0,2,1,-1,6,1,47,8,1995,2,3,FORD TRANSIT,7,E01027961,0,2
2024041482722,2024,041482722,3,19,0,-1,19,1,5,-1,0,0,0,0,0,0,1,1,-1,1,1,40,7,1995,2,3,FORD TRANSIT,1,E01005324,0,4
2024351526648,2024,351526648,3,19,0,-1,2,0,0,-1,0,1,0,0,0,0,2,1,-1,6,-1,-1,-1,1995,2,3,FORD TRANSIT,-1,-1,0,-1
2024471488759,2024,471488759,2,19,0,-1,4,2,6,-1,0,1,0,0,0,0,1,9,-1,1,1,-1,-1,1995,2,6,FORD TRANSIT,-1,-1,0,-1
2024010508353,2024,010508353,1,19,0,18,19,1,5,0,0,0,0,0,0,0,0,1,1,1,1,34,6,1995,2,6,FORD TRANSIT,9,E01024415,0,4
2024010541422,2024,010541422,1,19,0,99,99,9,9,99,99,9,9,99,9,99,9,9,6,6,1,34,6,1995,2,2,FORD TRANSIT,3,E01010810,0,5
2024480543306,2024,480543306,2,19,9,99,99,9,9,99,99,9,9,99,9,99,9,9,6,6,3,-1,-1,1995,2,4,FORD TRANSIT,-1,-1,0,-1
2024421498538,2024,421498538,1,19,0,-1,1,1,5,-1,0,0,0,0,0,0,2,1,-1,6,1,-1,-1,2402,2,14,FORD TRANSIT,-1,-1,0,-1
2024552400756,2024,552400756,1,19,0,7,7,6,8,0,0,6,0,0,0,0,3,1,6,6,1,32,6,1995,2,5,FORD TRANSIT,6,E01020539,0,1
2024351527762,2024,351527762,1,19,0,-1,12,1,5,-1,0,0,0,0,0,0,1,1,-1,6,1,80,11,2198,2,15,FORD TRANSIT,8,E01018254,0,1
2024451398623,2024,451398623,1,19,0,-1,5,2,6,-1,0,4,0,0,0,0,3,1,-1,1,1,56,9,1995,2,8,FORD TRANSIT,9,E01030727,0,1
2024471508809,2024,471508809,1,19,0,-1,-1,-1,-1,-1,0,1,0,0,0,0,2,1,-1,6,1,36,7,1995,2,4,FORD TRANSIT,9,E01018307,0,5
2024520402659,2024,520402659,1,19,0,18,19,7,3,0,0,1,0,0,0,0,1,1,6,6,1,40,7,1995,2,3,FORD TRANSIT,7,E01029227,0,3
2024231413599,2024,231413599,2,19,0,-1,4,7,3,-1,0,0,0,0,1,0,2,9,-1,1,1,20,4,2198,2,17,FORD TRANSIT,10,E01010166,0,3
2024010508146,2024,010508146,2,19,0,9,9,3,1,0,0,1,0,0,0,0,3,1,6,6,1,43,7,2198,2,15,FORD TRANSIT,3,E01034484,0,1
2024361460721,2024,361460721,1,19,0,-1,-1,-1,-1,-1,-1,0,-1,-1,-1,0,-1,9,-1,6,1,70,10,-1,-1,-1,FORD TRANSIT,7,W01000070,0,5
2024991411318,2024,991411318,2,20,4,-1,2,5,1,-1,0,0,0,4,0,0,1,1,-1,6,-1,-1,-1,1995,2,2,FORD TRANSIT,-1,-1,0,-1
2024401502480,2024,401502480,2,90,0,-1,19,3,8,-1,0,8,0,0,0,0,4,1,-1,1,1,49,8,1995,2,1,FORD TRANSIT,3,E01015744,0,3
2024052402559,2024,052402559,4,19,0,4,4,8,4,0,0,2,1,0,1,10,1,1,2,2,1,29,6,1995,2,1,FORD TRANSIT,1,E01006648,0,1
2024471459276,2024,471459276,1,19,0,-1,19,5,8,-1,0,0,0,0,0,0,1,1,-1,1,1,37,7,1995,2,4,FORD TRANSIT,9,E01031384,0,1
2024361508835,2024,361508835,2,19,0,-1,4,3,1,-1,0,0,0,0,0,0,2,1,-1,1,1,42,7,1995,2,3,FORD TRANSIT,1,E01022001,0,4
2024361500054,2024,361500054,1,19,0,-1,5,1,-1,-1,0,6,0,0,0,0,1,9,-1,6,1,58,9,1995,2,8,FORD TRANSIT,3,E01026024,0,4
2024311465520,2024,311465520,2,19,0,-1,2,1,5,-1,0,1,0,0,0,0,3,1,-1,1,1,58,9,1995,2,0,FORD TRANSIT,3,E01028064,0,4
2024302401576,2024,302401576,2,19,0,18,19,1,5,0,0,0,0,0,1,4,1,1,2,2,1,62,9,2402,2,13,FORD TRANSIT,4,E01028045,0,3
2024501408652,2024,501408652,2,19,0,-1,19,2,7,-1,0,8,0,0,0,0,4,9,-1,6,2,33,6,-1,-1,-1,FORD TRANSIT,4,E01020198,0,3
2024071040709,2024,071040709,2,20,0,-1,4,1,5,-1,0,0,0,0,0,0,2,1,-1,1,1,44,7,1995,2,1,FORD TRANSIT,1,E01012396,0,3
2024440362709,2024,440362709,1,19,0,9,9,7,3,0,0,1,0,0,0,0,3,1,2,2,1,26,6,1995,2,4,FORD TRANSIT,4,E01023260,0,2
2024311430042,2024,311430042,1,19,0,-1,12,2,6,-1,0,0,0,0,0,0,1,1,-1,6,3,-1,-1,2198,2,9,FORD TRANSIT,-1,-1,0,-1
2024010531919,2024,010531919,2,19,0,99,99,9,9,99,99,9,9,99,9,99,2,9,6,6,1,45,7,1995,2,4,FORD TRANSIT,7,E01001600,0,3
2024440039483,2024,440039483,3,19,0,2,2,0,0,0,0,0,0,0,0,0,2,1,6,6,3,-1,-1,1995,2,1,FORD TRANSIT,-1,-1,0,-1
2024501486605,2024,501486605,1,19,0,-1,1,6,2,-1,0,0,0,0,0,0,2,1,-1,6,3,-1,-1,1995,2,7,FORD TRANSIT,-1,-1,0,-1
2024340NN2022,2024,340NN2022,2,19,0,-1,2,0,0,-1,0,2,0,0,0,0,1,1,-1,6,1,-1,-1,1995,2,3,FORD TRANSIT,-1,-1,0,-1
2024421526121,2024,421526121,1,19,0,-1,19,7,3,-1,0,0,1,0,0,0,1,1,-1,1,1,48,8,1995,2,3,FORD TRANSIT,3,E01001362,0,4
2024010515518,2024,010515518,1,10,0,9,9,5,2,0,0,8,0,0,0,0,1,1,2,2,1,61,9,2198,2,9,FORD TRANSIT,1,E01000596,0,2
2024141503935,2024,141503935,2,19,0,-1,19,-1,-1,-1,0,8,0,0,0,0,1,9,-1,6,3,-1,-1,2198,2,11,FORD TRANSIT,-1,-1,0,-1
2024122400259,2024,122400259,1,19,0,18,19,4,8,0,0,1,0,0,0,0,2,1,1,1,1,20,4,1995,2,5,FORD TRANSIT,1,E01025062,0,4
2024361487875,2024,361487875,1,19,0,-1,10,2,6,-1,0,8,0,0,0,0,2,1,-1,1,1,20,4,1995,2,1,FORD TRANSIT,6,E01029907,0,4
2024010516620,2024,010516620,1,19,0,18,19,5,1,0,0,1,0,0,0,0,1,1,1,1,1,68,10,1995,2,4,FORD TRANSIT,2,E01002090,0,2
2024101471766,2024,101471766,1,19,0,-1,19,4,8,-1,0,0,0,0,0,0,1,1,-1,1,1,60,9,1995,2,1,FORD TRANSIT,5,E01020617,0,3
2024361500748,2024,361500748,1,19,0,-1,9,1,7,-1,0,0,0,0,0,0,1,1,-1,1,1,43,7,2198,2,17,FORD TRANSIT,6,E01026924,0,4
2024351427438,2024,351427438,1,19,0,-1,19,3,7,-1,0,2,0,0,0,0,1,9,-1,6,3,-1,-1,1995,2,6,FORD TRANSIT,-1,-1,0,-1
2024010517672,2024,010517672,2,19,0,2,2,0,0,0,0,2,0,0,0,0,2,1,6,6,3,-1,-1,1995,2,5,FORD TRANSIT,-1,-1,0,-1
2024010510952,2024,010510952,1,19,0,7,7,1,3,0,0,8,0,0,0,0,4,1,1,1,1,54,8,1995,2,7,FORD TRANSIT,2,E01001330,0,3
2024361414657,2024,361414657,1,19,0,-1,4,7,3,-1,0,0,0,0,0,0,1,1,-1,9,1,58,9,2198,2,18,FORD TRANSIT,1,E01018108,0,3
2024221510211,2024,221510211,1,19,0,-1,4,6,2,-1,0,0,0,0,0,0,2,1,-1,2,1,63,9,2198,2,14,FORD TRANSIT,6,E01032179,0,2
2024549472824,2024,549472824,1,19,0,6,6,6,2,8,6,6,0,0,0,0,1,1,6,6,1,-1,-1,2198,2,11,FORD TRANSIT,-1,-1,0,-1
2024041443840,2024,041443840,1,19,0,-1,19,5,1,-1,0,0,0,0,0,0,1,1,-1,1,1,19,4,2402,2,17,FORD TRANSIT,1,E01025215,0,3
2024201522308,2024,201522308,2,19,0,-1,5,6,2,-1,0,0,0,0,0,0,1,1,-1,6,1,59,9,2402,2,15,FORD TRANSIT,2,E01033629,0,1
2024471476802,2024,471476802,3,19,0,-1,19,5,1,-1,0,0,0,0,0,0,1,1,-1,1,1,28,6,1995,2,5,FORD TRANSIT,3,E01031787,0,3
2024451463982,2024,451463982,2,20,0,-1,15,3,7,-1,0,0,0,0,0,0,4,9,-1,1,3,-1,-1,1995,2,1,FORD TRANSIT,-1,-1,0,-1
2024501512813,2024,501512813,1,20,0,-1,2,0,0,-1,4,1,0,0,0,0,2,1,-1,6,-1,-1,-1,2402,2,13,FORD TRANSIT,-1,-1,0,-1
2024131448423,2024,131448423,1,19,0,-1,19,1,5,-1,0,0,0,0,0,0,1,1,-1,9,1,47,8,1995,2,7,FORD TRANSIT,1,E01010617,0,1
2024010513647,2024,010513647,7,19,0,18,19,5,1,0,0,0,0,0,0,0,2,1,1,1,1,38,7,1995,2,2,FORD TRANSIT,4,E01000477,0,4
2024440159491,2024,440159491,2,19,0,18,19,3,7,0,0,1,0,0,0,0,1,1,6,6,3,-1,-1,2198,2,16,FORD TRANSIT,-1,-1,0,-1
2024010535548,2024,010535548,1,10,0,99,99,9,9,99,99,9,9,99,9,99,9,9,6,6,3,-1,-1,2198,2,10,FORD TRANSIT,-1,-1,0,-1
2024991493146,2024,991493146,1,19,0,-1,19,7,5,-1,0,6,0,0,0,0,1,1,-1,1,1,49,8,1995,2,5,FORD TRANSIT,-1,-1,0,-1
2024161456222,2024,161456222,1,19,0,-1,5,2,6,-1,0,1,0,0,0,0,3,1,-1,6,1,42,7,1995,2,3,FORD TRANSIT,1,E01013080,0,4
2024311457382,2024,311457382,2,19,0,-1,4,-1,-1,-1,0,0,0,0,0,0,1,1,-1,6,1,-1,-1,2198,2,10,FORD TRANSIT,-1,-1,0,-1
2024161534066,2024,161534066,1,19,0,-1,7,3,5,-1,0,8,0,0,0,0,4,9,-1,6,1,-1,-1,2402,2,22,FORD TRANSIT,-1,-1,0,-1
2024501501408,2024,501501408,2,19,0,-1,19,2,6,-1,0,0,0,0,0,0,1,1,-1,1,1,30,6,2198,2,9,FORD TRANSIT,1,E01029297,0,4
2024401501729,2024,401501729,1,19,0,-1,7,2,6,-1,0,0,0,0,0,0,4,1,-1,1,1,37,7,1995,2,5,FORD TRANSIT,3,E01002086,0,4
2024231525271,2024,231525271,3,19,0,-1,19,7,2,-1,0,0,0,0,0,0,1,1,-1,1,1,43,7,1995,2,1,FORD TRANSIT,7,E01031137,0,4
2024211469309,2024,211469309,1,19,0,-1,19,1,1,-1,0,0,0,0,0,0,4,1,-1,1,1,59,9,1995,2,0,FORD TRANSIT,8,E01029525,0,4
2024471449852,2024,471449852,2,19,0,-1,19,3,7,-1,0,3,0,0,0,0,4,1,-1,6,1,46,8,2198,2,13,FORD TRANSIT,6,E01034823,0,1
2024052401508,2024,052401508,1,19,0,5,5,4,7,0,0,0,0,0,0,0,1,1,1,1,1,-1,-1,1995,2,6,FORD TRANSIT,-1,-1,0,-1
2024010518766,2024,010518766,2,19,0,9,9,5,3,0,0,2,0,0,0,0,1,1,6,6,1,23,5,1995,2,3,FORD TRANSIT,3,E01003182,0,3
2024411527740,2024,411527740,1,19,0,-1,3,3,7,-1,0,5,0,0,0,0,1,1,-1,1,1,31,6,1995,2,2,FORD TRANSIT,6,E01023606,0,3
2024010501500,2024,010501500,2,19,0,18,19,6,2,0,0,8,0,0,0,0,1,1,6,6,1,33,6,1995,2,2,FORD TRANSIT,8,E01002238,0,3
2024010547593,2024,010547593,1,19,1,99,99,9,9,99,99,9,9,99,9,99,9,9,6,6,3,-1,-1,-1,3,2,FORD TRANSIT,-1,-1,0,-1
2024991487268,2024,991487268,1,19,0,-1,2,0,0,-1,1,0,0,0,0,0,3,1,-1,6,1,40,7,1995,2,5,FORD TRANSIT,-1,-1,0,-1
2024351484995,2024,351484995,1,10,0,-1,19,1,5,-1,0,0,0,0,1,0,1,1,-1,1,1,26,6,-1,-1,-1,FORD TRANSIT,1,E01007677,0,5
202454B972924,2024,54B972924,1,19,0,18,19,6,2,0,0,2,0,0,0,0,4,1,6,6,1,44,7,1995,2,2,FORD TRANSIT,6,E01034538,0,1
2024471411161,2024,471411161,1,19,0,-1,5,7,3,-1,0,6,0,0,0,0,1,1,-1,9,1,29,6,1995,2,1,FORD TRANSIT,6,-1,0,5
2024231414502,2024,231414502,1,19,0,-1,9,1,7,-1,0,5,0,0,0,0,4,9,-1,1,1,28,6,-1,3,2,FORD TRANSIT,4,E01031054,0,1
2024361475302,2024,361475302,1,19,0,-1,19,3,4,-1,0,0,0,0,0,0,1,1,-1,2,1,39,7,1995,2,0,FORD TRANSIT,4,E01015606,0,4
2024221490524,2024,221490524,1,19,0,-1,19,3,7,-1,0,0,0,0,0,0,1,1,-1,1,1,42,7,1995,2,0,FORD TRANSIT,1,E01010471,0,4
2024010533720,2024,010533720,1,90,0,7,7,1,3,0,0,1,0,0,0,0,1,1,1,1,2,28,6,1995,2,1,FORD TRANSIT,6,E01024180,0,3
2024411495307,2024,411495307,1,19,0,-1,4,3,3,-1,0,0,0,0,0,0,1,1,-1,1,1,41,7,2198,2,8,FORD TRANSIT,3,E01015730,0,3
2024440257704,2024,440257704,2,19,0,10,10,6,4,0,0,1,0,0,0,0,2,1,1,1,1,27,6,2198,2,9,FORD TRANSIT,6,E01022700,0,2
2024461420793,2024,461420793,1,19,0,-1,3,4,8,-1,0,1,0,0,0,0,1,1,-1,6,1,62,9,1995,2,1,FORD TRANSIT,1,E01021020,0,4
2024440273114,2024,440273114,2,19,0,10,10,3,5,0,0,1,0,0,0,0,3,1,1,1,1,36,7,2402,2,13,FORD TRANSIT,8,E01030687,0,4
2024201422706,2024,201422706,1,19,0,-1,19,3,1,-1,0,1,0,0,0,0,1,9,-1,6,1,40,7,2198,2,17,FORD TRANSIT,-1,-1,0,-1
2024471414792,2024,471414792,1,20,0,-1,13,6,2,-1,0,0,0,0,0,0,2,1,-1,1,1,54,8,2198,2,9,FORD TRANSIT,4,E01031605,0,1
2024010543458,2024,010543458,2,19,0,12,12,7,3,0,0,0,0,0,0,0,3,1,1,1,1,35,6,2198,2,8,FORD TRANSIT,2,E01016160,0,4
2024010515715,2024,010515715,1,19,0,9,9,1,8,0,0,5,0,0,0,0,1,1,1,1,1,81,11,-1,3,1,FORD TRANSIT,4,E01000473,0,1
2024010516982,2024,010516982,1,19,0,5,5,7,3,0,0,2,0,0,0,0,1,1,1,1,1,36,7,-1,3,1,FORD TRANSIT,3,E01003989,0,3
2024361398574,2024,361398574,2,19,0,-1,19,8,4,-1,0,8,0,0,0,0,1,1,-1,9,1,42,7,2198,2,12,FORD TRANSIT,6,E01026701,0,3
2024461421868,2024,461421868,1,19,0,-1,1,-1,-1,-1,0,1,0,0,0,0,2,9,-1,6,3,-1,-1,1995,2,1,FORD TRANSIT,-1,-1,0,-1
2024211436321,2024,211436321,2,19,0,-1,19,3,7,-1,0,0,0,0,0,0,1,1,-1,6,1,37,7,2198,2,13,FORD TRANSIT,9,E01029767,0,1
2024010518601,2024,010518601,2,19,0,99,99,9,9,99,99,9,9,99,9,99,1,9,6,6,3,-1,-1,1995,2,2,FORD TRANSIT,8,E01004762,0,1
2024061442692,2024,061442692,2,19,0,-1,7,-1,-1,-1,0,0,0,0,0,0,3,1,-1,6,3,-1,-1,1995,2,0,FORD TRANSIT,5,E01030667,0,5
2024451435289,2024,451435289,2,10,0,-1,19,5,1,-1,0,0,0,0,0,0,2,9,-1,6,2,59,9,2198,2,7,FORD TRANSIT,3,E01030744,0,4
2024471401364,2024,471401364,1,19,0,-1,19,5,1,-1,0,0,1,4,0,0,1,1,-1,2,1,59,9,2402,2,14,FORD TRANSIT,4,E01016902,0,1
2024010519870,2024,010519870,2,19,0,99,99,9,9,0,0,9,0,99,9,99,9,9,6,6,3,-1,-1,1995,2,7,FORD TRANSIT,-1,-1,0,-1
2024010509255,2024,010509255,2,19,9,99,99,9,9,99,99,9,9,99,9,99,1,9,6,6,3,-1,-1,1995,2,6,FORD TRANSIT,-1,-1,0,-1
2024101409169,2024,101409169,1,21,4,-1,19,7,3,-1,0,0,0,0,0,0,3,1,-1,1,1,63,9,1995,2,3,FORD TRANSIT,-1,-1,0,-1
2024451434829,2024,451434829,2,19,0,-1,9,1,7,-1,0,6,0,0,0,0,1,1,-1,1,1,41,7,1995,2,5,FORD TRANSIT,10,E01002208,0,4
2024302400502,2024,302400502,3,19,0,18,19,5,1,0,0,0,0,0,0,0,1,1,6,6,3,-1,-1,1995,2,3,FORD TRANSIT,-1,-1,0,-1
2024311454692,2024,311454692,3,19,0,-1,19,1,1,-1,0,0,0,0,0,0,2,1,-1,1,2,46,8,1995,2,1,FORD TRANSIT,-1,-1,0,-1
2024522402543,2024,522402543,1,19,0,5,5,7,3,0,0,6,0,0,0,0,1,1,6,6,1,68,10,1995,2,8,FORD TRANSIT,3,E01014501,0,2
2024421435657,2024,421435657,1,19,0,-1,19,3,7,-1,0,0,0,0,0,0,1,9,-1,1,1,36,7,2198,2,8,FORD TRANSIT,-1,-1,0,-1
2024531480561,2024,531480561,1,19,0,-1,19,5,1,-1,0,0,0,0,0,0,1,1,-1,1,1,47,8,1995,2,3,FORD TRANSIT,2,E01009566,0,4
2024411563296,2024,411563296,1,10,0,-1,4,8,4,-1,0,0,0,0,1,0,3,1,-1,1,1,71,10,2402,2,16,FORD TRANSIT,3,E01023538,0,1
2024421526796,2024,421526796,1,19,0,-1,19,2,6,-1,0,0,0,0,0,0,1,1,-1,1,1,31,6,1995,2,4,FORD TRANSIT,10,E01021935,0,4
2024201488338,2024,201488338,1,19,0,-1,19,3,7,-1,5,0,0,0,0,0,1,1,-1,2,1,54,8,2198,2,14,FORD TRANSIT,5,E01009617,0,1
2024411500641,2024,411500641,3,19,0,-1,19,7,3,-1,0,0,0,0,0,0,2,1,-1,1,1,28,6,1995,2,4,FORD TRANSIT,8,E01002868,0,4
2024010531179,2024,010531179,1,19,0,7,7,1,3,0,0,6,0,0,0,0,1,1,1,1,1,55,8,1995,2,4,FORD TRANSIT,3,E01000718,0,1
2024071001058,2024,071001058,3,19,0,-1,19,7,3,-1,0,0,0,11,0,0,1,1,-1,6,1,38,7,2198,2,8,FORD TRANSIT,7,E01018338,0,2
2024010531638,2024,010531638,1,10,0,10,10,5,3,0,0,1,0,0,0,0,1,1,1,1,1,56,9,1996,2,5,FORD TRANSIT,7,E01001383,0,1
2024461484868,2024,461484868,1,19,0,-1,19,2,3,-1,0,0,0,0,0,0,4,9,-1,6,1,57,9,2198,2,10,FORD TRANSIT,7,E01032820,0,3
2024501522347,2024,501522347,1,19,0,-1,9,4,1,-1,0,1,0,0,0,0,1,1,-1,2,1,36,7,1995,2,5,FORD TRANSIT,4,E01019980,0,1
2024361454673,2024,361454673,1,19,0,-1,19,5,1,-1,0,0,0,4,0,0,1,1,-1,1,1,43,7,1995,2,3,FORD TRANSIT,7,E01026556,0,2
2024010521455,2024,010521455,1,19,0,18,19,8,4,0,0,2,0,0,0,0,1,1,6,6,1,42,7,1995,2,4,FORD TRANSIT,4,E01000980,0,1
2024471534439,2024,471534439,1,19,0,-1,19,2,7,-1,0,1,0,0,0,0,3,1,-1,1,1,34,6,1995,2,0,FORD TRANSIT,10,E01030593,0,3
2024351420272,2024,351420272,2,19,0,-1,4,6,2,-1,0,0,0,0,0,0,2,1,-1,1,1,25,5,1995,2,3,FORD TRANSIT,3,E01026684,0,3
2024421408407,2024,421408407,1,19,0,-1,5,2,8,-1,0,4,0,0,0,0,1,1,-1,2,1,36,7,1995,2,6,FORD TRANSIT,5,E01021493,0,1