collision_index,collision_year,collision_ref_no,vehicle_reference,vehicle_type,towing_and_articulation,vehicle_manoeuvre_historic,vehicle_manoeuvre,vehicle_direction_from,vehicle_direction_to,vehicle_location_restricted_lane_historic,vehicle_location_restricted_lane,junction_location,skidding_and_overturning,hit_object_in_carriageway,vehicle_leaving_carriageway,hit_object_off_carriageway,first_point_of_impact,vehicle_left_hand_drive,journey_purpose_of_driver_historic,journey_purpose_of_driver,sex_of_driver,age_of_driver,age_band_of_driver,engine_capacity_cc,propulsion_code,age_of_vehicle,generic_make_model,driver_imd_decile,lsoa_of_driver,escooter_flag,driver_distance_banding
2024131408154,2024,131408154,2,20,0,-1,2,1,5,-1,0,0,0,0,0,0,2,1,-1,1,1,56,9,1995,2,3,FORD TRANSIT,1,E01011130,0,3
2024041482371,2024,041482371,1,19,0,-1,1,8,4,-1,0,0,0,0,0,0,2,1,-1,6,1,21,5,2198,2,14,FORD TRANSIT,1,E01012578,0,1
2024440233075,2024,440233075,3,19,0,3,3,3,7,0,0,2,0,0,0,0,3,1,6,6,3,-1,-1,2198,2,14,FORD TRANSIT,-1,-1,0,-1
2024991416334,2024,991416334,10,19,0,-1,2,0,0,-1,0,0,0,0,0,0,2,1,-1,6,-1,-1,-1,2402,2,13,FORD TRANSIT,-1,-1,0,-1
2024061528989,2024,061528989,2,19,0,-1,19,-1,-1,-1,0,1,0,0,0,0,4,1,-1,6,1,-1,-1,2198,2,12,FORD TRANSIT,-1,-1,0,-1
2024430589746,2024,430589746,2,20,5,18,19,6,2,0,0,0,0,0,0,0,1,1,6,6,1,28,6,2198,2,11,FORD TRANSIT,-1,-1,0,-1
2024471408833,2024,471408833,1,19,0,-1,9,1,7,-1,0,6,0,0,0,0,1,1,-1,1,1,48,8,1995,2,5,FORD TRANSIT,1,E01021136,0,1
2024340NN1052,2024,340NN1052,1,19,0,-1,5,8,4,-1,0,0,0,0,1,0,1,1,-1,1,1,29,6,1995,2,1,FORD TRANSIT,4,E01035430,0,1
2024371533096,2024,371533096,2,19,0,-1,19,7,8,-1,0,0,0,0,0,0,1,1,-1,6,1,81,11,2198,2,13,FORD TRANSIT,7,E01022097,0,2
2024052402762,2024,052402762,2,19,0,2,2,0,0,0,0,0,0,0,0,0,3,1,6,6,3,-1,-1,2198,2,12,FORD TRANSIT,-1,-1,0,-1
2024141479957,2024,141479957,2,19,0,-1,9,5,3,-1,0,1,0,0,0,0,1,9,-1,6,1,-1,-1,2402,2,12,FORD TRANSIT,-1,-1,0,-1
2024221476495,2024,221476495,1,19,0,-1,1,5,1,-1,0,0,1,4,0,0,2,1,-1,1,1,49,8,1995,2,4,FORD TRANSIT,2,E01028962,0,1
2024122400975,2024,122400975,2,19,0,18,19,3,7,0,0,8,0,0,0,0,4,1,1,1,1,40,7,1995,2,0,FORD TRANSIT,1,E01011318,0,4
2024991502805,2024,991502805,6,19,0,-1,2,1,1,-1,0,0,0,0,0,0,1,9,-1,6,-1,-1,-1,1995,2,6,FORD TRANSIT,-1,-1,0,-1
2024010547684,2024,010547684,3,19,0,18,19,7,3,0,0,2,0,0,0,0,1,1,1,1,1,19,4,-1,3,2,FORD TRANSIT,4,E01004628,0,1
2024320673494,2024,320673494,2,19,0,3,3,8,4,0,0,0,0,0,0,0,2,1,1,1,1,54,8,1995,2,6,FORD TRANSIT,-1,-1,0,-1
2024161401662,2024,161401662,1,19,0,-1,7,3,5,-1,0,8,0,0,0,0,1,9,-1,6,1,33,6,1995,2,1,FORD TRANSIT,-1,-1,0,-1
2024141476168,2024,141476168,2,19,0,-1,4,7,3,-1,0,1,0,0,0,0,1,1,-1,1,1,43,7,1995,2,1,FORD TRANSIT,1,E01011130,0,4
2024201449841,2024,201449841,2,19,0,-1,1,5,1,-1,0,0,0,8,0,0,2,1,-1,9,1,34,6,2402,2,19,FORD TRANSIT,1,E01009128,0,1
2024371399856,2024,371399856,3,19,0,-1,10,1,5,-1,0,1,0,0,0,0,1,1,-1,1,1,51,8,2198,2,11,FORD TRANSIT,2,E01030265,0,3
2024131473571,2024,131473571,2,19,0,-1,19,1,5,-1,0,0,0,0,0,0,1,1,-1,6,-1,-1,-1,1995,2,2,FORD TRANSIT,-1,-1,0,-1
2024320558248,2024,320558248,1,10,0,-1,-1,8,6,0,0,0,0,0,0,0,1,1,6,6,1,60,9,2402,2,14,FORD TRANSIT,8,E01026258,0,4
2024061489330,2024,061489330,3,19,0,-1,2,6,6,-1,0,8,0,0,0,0,1,1,-1,6,1,39,7,-1,-1,-1,FORD TRANSIT,1,E01006050,0,1
2024991420029,2024,991420029,1,19,0,-1,19,2,6,-1,0,0,5,0,7,3,1,1,-1,1,1,59,9,1995,2,3,FORD TRANSIT,3,-1,0,3
2024421478861,2024,421478861,2,19,0,-1,19,7,3,-1,0,1,0,0,0,0,2,1,-1,1,1,35,6,1995,2,2,FORD TRANSIT,6,E01021722,0,1
2024340WN4752,2024,340WN4752,1,19,0,-1,19,8,4,-1,0,0,0,0,0,0,4,1,-1,1,1,23,5,1995,2,1,FORD TRANSIT,7,E01025757,0,4
2024991528242,2024,991528242,2,19,5,-1,2,8,5,-1,0,1,0,0,0,0,2,1,-1,1,1,55,8,1995,2,2,FORD TRANSIT,3,-1,0,5
2024320301392,2024,320301392,1,10,0,4,4,2,6,0,0,0,0,0,0,0,0,1,1,1,1,-1,-1,2198,2,8,FORD TRANSIT,-1,-1,0,-1
2024522402526,2024,522402526,1,19,0,16,19,3,7,0,0,8,0,0,0,0,4,1,6,6,1,40,7,2198,2,13,FORD TRANSIT,7,E01014838,0,1
2024010501626,2024,010501626,3,19,0,99,99,9,9,99,99,9,9,99,9,99,0,9,6,6,1,-1,-1,2402,2,17,FORD TRANSIT,-1,-1,0,-1
2024522401673,2024,522401673,2,19,0,5,5,1,6,0,0,8,0,7,0,0,2,1,6,6,3,-1,-1,2402,2,17,FORD TRANSIT,-1,-1,0,-1
2024010557443,2024,010557443,2,19,9,99,99,9,9,99,99,9,9,99,9,99,1,9,6,6,1,-1,-1,1995,2,7,FORD TRANSIT,-1,-1,0,-1
2024122400328,2024,122400328,3,19,0,18,19,4,8,0,0,0,0,0,0,0,1,1,1,1,1,28,6,2198,2,9,FORD TRANSIT,4,E01025789,0,5
2024070727324,2024,070727324,3,20,0,-1,2,0,0,-1,-1,0,0,0,0,0,2,1,-1,1,1,32,6,1995,2,5,FORD TRANSIT,5,E01004988,0,4
2024010508925,2024,010508925,2,90,1,18,19,5,1,0,0,0,0,0,0,0,1,1,1,1,1,27,6,-1,-1,-1,FORD TRANSIT,7,E01000983,0,1
2024010499990,2024,010499990,1,90,0,17,19,7,5,0,0,8,0,0,0,0,0,1,6,6,1,44,7,1995,2,1,FORD TRANSIT,2,E01003239,0,2
2024351460884,2024,351460884,1,19,0,-1,2,0,0,-1,0,0,0,0,0,0,0,1,-1,6,1,45,7,2198,2,9,FORD TRANSIT,6,E01015721,0,4
2024161486916,2024,161486916,2,19,0,-1,1,7,3,-1,0,6,0,0,0,0,3,1,-1,2,1,69,10,2198,2,9,FORD TRANSIT,2,E01033109,0,1
2024501505582,2024,501505582,2,19,0,-1,99,3,7,-1,0,0,0,99,0,0,1,1,-1,6,1,28,6,1995,2,3,FORD TRANSIT,4,E01019057,0,1
2024161459945,2024,161459945,2,19,0,-1,2,0,0,-1,0,0,0,0,0,0,1,9,-1,6,3,-1,-1,2402,2,20,FORD TRANSIT,-1,-1,0,-1
2024351431773,2024,351431773,1,20,0,-1,9,-1,-1,-1,0,0,0,0,0,0,3,9,-1,6,1,-1,-1,-1,-1,-1,FORD TRANSIT,-1,-1,0,-1
2024010528719,2024,010528719,1,19,0,18,19,5,1,0,0,8,0,0,0,0,1,1,1,1,2,23,5,1995,2,3,FORD TRANSIT,9,E01004133,0,2
2024471455982,2024,471455982,1,19,0,-1,5,2,5,-1,0,0,0,0,0,0,1,1,-1,2,1,64,9,2198,2,11,FORD TRANSIT,1,E01017102,0,4
2024421510216,2024,421510216,1,19,0,-1,14,2,6,-1,0,0,0,0,0,0,1,1,-1,6,1,73,10,2198,2,16,FORD TRANSIT,5,E01023332,0,2
2024440137037,2024,440137037,2,19,0,18,19,6,2,0,0,1,0,0,0,0,1,1,6,6,1,22,5,2198,2,13,FORD TRANSIT,9,E01022930,0,1
2024401539759,2024,401539759,1,19,0,-1,19,7,3,-1,0,0,0,0,0,0,1,1,-1,1,1,63,9,1995,2,6,FORD TRANSIT,4,E01000132,0,4
2024010523590,2024,010523590,1,19,0,9,9,4,2,0,0,2,0,0,0,0,3,1,1,1,1,29,6,1995,2,3,FORD TRANSIT,-1,-1,0,-1
2024231405557,2024,231405557,1,19,0,-1,7,1,6,-1,0,6,0,0,0,0,4,9,-1,6,1,56,9,1995,2,5,FORD TRANSIT,3,E01032236,0,4
2024440071319,2024,440071319,1,19,0,18,19,2,6,0,0,6,0,0,0,0,1,1,6,6,1,25,5,2402,2,16,FORD TRANSIT,1,E01017245,0,1
2024340NN3652,2024,340NN3652,2,19,0,-1,19,2,6,-1,0,0,0,0,7,0,2,1,-1,1,1,40,7,2198,2,8,FORD TRANSIT,7,E01035395,0,1
2024471425049,2024,471425049,2,19,0,-1,19,8,4,-1,0,1,0,0,0,0,1,1,-1,6,1,-1,-1,2198,2,13,FORD TRANSIT,-1,-1,0,-1
2024440408011,2024,440408011,2,10,0,3,3,6,2,0,0,1,0,0,0,0,1,1,6,6,1,62,9,2198,2,11,FORD TRANSIT,3,E01017104,0,2
2024522402711,2024,522402711,2,20,0,12,12,4,8,0,0,0,0,0,0,0,3,1,6,6,3,-1,-1,1995,2,3,FORD TRANSIT,-1,-1,0,-1
2024010517795,2024,010517795,2,19,0,2,2,0,0,0,0,0,0,0,1,11,2,1,6,6,3,-1,-1,1995,2,3,FORD TRANSIT,-1,-1,0,-1
2024010523484,2024,010523484,3,19,0,3,3,7,3,0,0,1,0,0,0,0,2,1,1,1,1,28,6,1995,2,3,FORD TRANSIT,2,E01001549,0,1
2024501433210,2024,501433210,1,19,0,-1,9,6,2,-1,-1,0,0,0,0,0,1,1,-1,6,1,62,9,2198,2,13,FORD TRANSIT,2,E01018911,0,2
2024010544889,2024,010544889,1,90,0,7,7,1,3,0,0,4,0,0,0,0,0,1,1,1,1,37,7,-1,-1,-1,FORD TRANSIT,5,E01035689,0,1
2024221441615,2024,221441615,1,19,0,-1,19,4,8,-1,0,8,0,0,1,0,1,1,-1,1,1,44,7,1995,2,2,FORD TRANSIT,8,E01029706,0,3
2024010541009,2024,010541009,2,19,0,7,7,5,8,0,0,1,0,0,0,0,3,1,6,6,1,59,9,2402,2,19,FORD TRANSIT,7,E01003064,0,1
2024041413080,2024,041413080,1,19,0,-1,9,7,3,-1,0,8,0,0,0,0,1,1,-1,2,1,27,6,2198,2,11,FORD TRANSIT,2,E01025292,0,1
2024547725624,2024,547725624,2,19,5,4,4,6,2,0,0,1,0,0,0,0,2,1,1,1,1,31,6,2198,2,11,FORD TRANSIT,7,E01014698,0,4
2024302400329,2024,302400329,1,19,0,3,3,1,5,0,0,8,0,0,0,0,2,1,6,6,1,21,5,2198,2,10,FORD TRANSIT,5,E01019402,0,1
2024461400461,2024,461400461,2,19,0,-1,19,5,4,-1,0,0,0,0,0,0,1,1,-1,2,1,56,9,1995,2,1,FORD TRANSIT,2,E01000729,0,2
2024421441770,2024,421441770,3,19,0,-1,15,7,3,-1,0,1,0,0,0,0,1,1,-1,6,1,27,6,2402,2,14,FORD TRANSIT,3,E01034087,0,1
2024010521230,2024,010521230,1,90,0,7,7,2,5,0,0,1,0,0,0,0,4,1,2,2,1,46,8,-1,-1,-1,FORD TRANSIT,5,E01003123,0,1
2024010528287,2024,010528287,1,19,0,9,9,1,7,0,0,8,0,0,0,0,3,1,1,1,1,43,7,1995,2,3,FORD TRANSIT,5,E01033743,0,3
2024201475652,2024,201475652,1,19,0,-1,9,6,5,-1,0,5,0,0,0,0,1,2,-1,2,1,65,9,2198,2,8,FORD TRANSIT,1,E01009016,0,2
2024340NN0082,2024,340NN0082,1,19,0,-1,19,1,5,-1,0,8,0,0,0,0,4,1,-1,1,1,63,9,1995,2,3,FORD TRANSIT,1,E01027127,0,1
2024052400357,2024,052400357,1,19,0,1,1,1,5,0,0,6,0,0,0,0,2,1,1,1,1,37,7,1995,2,2,FORD TRANSIT,1,E01007215,0,2
2024061416740,2024,061416740,2,90,0,-1,19,5,1,-1,0,0,0,0,0,0,2,1,-1,6,1,28,6,-1,-1,-1,FORD TRANSIT,8,E01006230,0,1
2024061403926,2024,061403926,1,19,0,-1,19,8,4,-1,0,8,0,0,0,0,1,9,-1,6,3,-1,-1,2198,2,8,FORD TRANSIT,-1,-1,0,-1
2024471510069,2024,471510069,2,19,0,-1,19,5,3,-1,0,2,1,99,0,0,1,1,-1,6,1,-1,-1,1995,2,4,FORD TRANSIT,-1,-1,0,-1
2024440289624,2024,440289624,1,10,0,9,9,1,5,0,0,8,0,0,0,0,4,1,1,1,1,45,7,2198,2,9,FORD TRANSIT,3,E01017098,0,1
2024070089614,2024,070089614,1,19,0,18,19,5,1,0,0,0,5,0,0,0,3,1,2,2,1,36,7,2402,2,16,FORD TRANSIT,3,E01006171,0,3
2024471417436,2024,471417436,1,19,0,-1,5,2,6,-1,0,1,0,0,0,0,-1,9,-1,6,1,26,6,2402,2,19,FORD TRANSIT,4,E01033827,0,4
2024131453001,2024,131453001,1,19,0,-1,-1,-1,-1,-1,-1,-1,-1,-1,-1,-1,-1,1,-1,6,3,-1,-1,2198,2,11,FORD TRANSIT,-1,-1,0,-1
2024501407986,2024,501407986,1,19,-1,-1,19,1,5,-1,0,2,0,0,0,0,4,9,-1,6,1,28,6,1995,2,4,FORD TRANSIT,5,E01019887,0,3
2024461473266,2024,461473266,1,19,0,-1,4,5,1,-1,0,0,0,0,0,0,1,9,-1,6,1,-1,-1,1995,2,6,FORD TRANSIT,2,E01015634,0,5
2024010508535,2024,010508535,1,19,0,99,99,9,9,99,99,9,9,99,9,99,1,9,6,6,3,-1,-1,1995,2,5,FORD TRANSIT,-1,-1,0,-1
2024010498955,2024,010498955,2,19,0,99,99,9,9,99,99,6,9,99,9,99,3,9,6,6,3,-1,-1,1995,2,5,FORD TRANSIT,-1,-1,0,-1
2024440402792,2024,440402792,2,19,0,18,19,7,3,0,0,0,0,0,0,0,1,1,1,1,1,39,7,2198,2,10,FORD TRANSIT,7,E01022792,0,4
2024430077486,2024,430077486,1,19,0,18,19,3,7,0,0,0,0,0,0,0,1,1,2,2,1,45,7,1995,2,7,FORD TRANSIT,4,E01000613,0,4
2024421477607,2024,421477607,1,19,0,-1,1,7,3,-1,0,0,0,0,0,0,2,1,-1,6,1,-1,-1,2198,2,14,FORD TRANSIT,-1,-1,0,-1
2024421489533,2024,421489533,2,19,0,-1,2,0,0,-1,0,0,0,0,0,0,1,1,-1,1,1,34,6,2198,2,10,FORD TRANSIT,10,E01015890,0,1
2024041473907,2024,041473907,1,19,0,-1,19,5,1,-1,0,0,0,0,0,0,1,1,-1,1,1,47,8,1995,2,6,FORD TRANSIT,7,E01005701,0,4
2024010529641,2024,010529641,3,19,0,18,19,7,3,7,6,5,0,0,1,0,1,1,6,6,3,-1,-1,2198,2,9,FORD TRANSIT,-1,-1,0,-1
2024010534561,2024,010534561,1,10,0,11,11,5,1,0,0,1,0,0,0,0,1,1,6,6,1,25,5,2198,2,6,FORD TRANSIT,2,E01000890,0,2
2024501522950,2024,501522950,2,19,0,-1,19,3,7,-1,0,0,0,0,0,0,2,1,-1,6,1,47,8,2198,2,13,FORD TRANSIT,3,E01015148,0,1
2024010503662,2024,010503662,1,19,0,7,7,5,7,0,0,3,0,0,0,0,4,1,6,6,1,44,7,2402,2,12,FORD TRANSIT,-1,-1,0,-1
2024052400730,2024,052400730,1,19,0,18,19,2,6,0,0,1,0,0,0,0,1,1,1,1,1,37,7,-1,3,2,FORD TRANSIT,1,E01006609,0,1
2024231418404,2024,231418404,1,19,0,-1,19,3,7,-1,0,0,0,0,0,0,1,9,-1,2,1,-1,-1,2198,2,10,FORD TRANSIT,-1,-1,0,-1
2024131488442,2024,131488442,1,19,0,-1,19,3,7,-1,0,0,0,11,0,0,1,1,-1,6,3,-1,-1,1995,2,5,FORD TRANSIT,-1,-1,0,-1
2024351449845,2024,351449845,1,20,0,-1,4,3,7,-1,0,8,0,0,0,0,1,1,-1,1,1,49,8,-1,-1,-1,FORD TRANSIT,7,E01018065,0,3
2024131511603,2024,131511603,1,19,0,-1,-1,-1,-1,-1,-1,-1,-1,-1,-1,-1,-1,1,-1,6,3,-1,-1,1995,2,2,FORD TRANSIT,-1,-1,0,-1
2024461429562,2024,461429562,3,10,0,-1,2,7,7,-1,9,0,0,0,0,0,3,2,-1,6,-1,-1,-1,2402,2,19,FORD TRANSIT,-1,-1,0,-1
2024451455335,2024,451455335,1,19,0,-1,19,1,1,-1,0,0,0,0,0,0,1,1,-1,1,1,35,6,2402,2,17,FORD TRANSIT,2,E01000789,0,4
2024361555508,2024,361555508,2,19,0,-1,19,1,5,-1,0,8,0,0,0,0,4,1,-1,6,1,-1,-1,2198,2,13,FORD TRANSIT,3,E01026631,0,2
2024501515902,2024,501515902,2,19,0,-1,19,1,5,-1,0,0,5,0,1,10,3,1,-1,2,1,52,8,2198,2,14,FORD TRANSIT,5,E01018959,0,1
2024361505630,2024,361505630,2,19,0,-1,19,3,7,-1,0,0,0,0,0,0,1,1,-1,9,1,27,6,2198,2,11,FORD TRANSIT,5,E01026712,0,1
2024201400398,2024,201400398,1,19,0,-1,19,4,8,-1,0,2,0,0,0,0,3,1,-1,6,1,-1,-1,2198,2,9,FORD TRANSIT,-1,-1,0,-1
2024231500623,2024,231500623,1,19,0,-1,12,3,7,-1,0,0,0,0,0,0,3,9,-1,6,1,40,7,1995,2,3,FORD TRANSIT,6,E01015790,0,4
2024461465038,2024,461465038,1,19,0,-1,19,7,5,-1,0,0,0,0,1,0,1,1,-1,6,1,36,7,1995,2,1,FORD TRANSIT,3,E01016173,0,1
2024131526742,2024,131526742,1,19,0,-1,7,5,1,-1,0,1,0,0,0,0,-1,1,-1,6,3,-1,-1,1995,2,3,FORD TRANSIT,-1,-1,0,-1
2024421518255,2024,421518255,1,19,0,-1,19,1,5,-1,0,8,0,0,0,0,1,1,-1,9,1,36,7,2198,2,12,FORD TRANSIT,9,E01021927,0,2
2024411508773,2024,411508773,2,19,0,-1,19,7,3,-1,0,0,0,0,0,0,1,1,-1,6,1,25,5,2198,2,13,FORD TRANSIT,5,E01015748,0,3
2024161497809,2024,161497809,1,19,4,-1,9,1,7,-1,0,0,0,0,0,0,4,1,-1,6,1,43,7,2198,2,16,FORD TRANSIT,2,E01013202,0,3
2024991485090,2024,991485090,2,19,0,-1,19,5,1,-1,0,8,0,0,7,0,1,1,-1,9,1,43,7,2198,2,8,FORD TRANSIT,3,-1,0,4
2024340NN1972,2024,340NN1972,1,19,0,-1,19,3,7,-1,0,6,2,0,3,0,1,1,-1,1,1,36,7,1995,2,3,FORD TRANSIT,1,E01027200,0,4
2024010518611,2024,010518611,1,19,0,12,12,5,1,0,0,8,0,0,3,0,3,2,1,1,1,-1,-1,1995,2,6,FORD TRANSIT,-1,-1,0,-1
2024141527714,2024,141527714,3,19,0,-1,19,6,2,-1,0,1,0,0,1,11,1,1,-1,1,1,30,6,1995,2,0,FORD TRANSIT,2,E01007895,0,3
2024061532912,2024,061532912,1,19,0,-1,9,7,3,-1,0,6,0,0,0,0,1,1,-1,1,1,35,6,-1,3,2,FORD TRANSIT,6,E01005643,0,1
2024010546897,2024,010546897,2,19,0,2,2,0,0,0,0,2,0,0,0,0,2,1,6,6,3,-1,-1,-1,3,1,FORD TRANSIT,-1,-1,0,-1
2024041505608,2024,041505608,2,19,0,-1,4,5,1,-1,0,0,0,0,0,0,2,1,-1,1,1,47,8,2198,2,8,FORD TRANSIT,1,E01007341,0,4
2024351420272,2024,351420272,1,19,0,-1,4,6,2,-1,0,0,0,0,0,0,2,1,-1,1,1,40,7,1995,2,4,FORD TRANSIT,6,E01035547,0,4
2024430213617,2024,430213617,3,19,0,3,3,8,4,0,0,1,0,0,0,0,2,1,6,6,1,45,7,2198,2,8,FORD TRANSIT,-1,-1,0,-1
2024520401758,2024,520401758,2,19,0,18,19,1,5,0,0,0,0,0,0,0,1,1,6,6,1,20,4,1995,2,4,FORD TRANSIT,3,E01020543,0,2
2024451441536,2024,451441536,2,19,0,-1,-1,-1,-1,-1,0,0,0,0,0,0,-1,9,-1,6,1,50,8,1995,2,4,FORD TRANSIT,-1,-1,0,-1
2024461489420,2024,461489420,1,19,0,-1,19,7,3,-1,0,6,0,0,0,0,1,9,-1,9,3,-1,-1,2198,2,11,FORD TRANSIT,-1,-1,0,-1
2024320478285,2024,320478285,1,19,0,-1,-1,2,6,0,0,3,0,0,0,0,3,1,6,6,3,-1,-1,2198,2,13,FORD TRANSIT,-1,-1,0,-1
2024070845682,2024,070845682,1,19,0,-1,19,4,8,-1,0,0,0,0,0,0,1,1,-1,1,1,64,9,1499,2,0,FORD TRANSIT,3,E01033302,0,2
2024451439547,2024,451439547,2,19,0,-1,19,1,5,-1,0,0,0,0,0,0,2,1,-1,6,1,45,7,1995,2,7,FORD TRANSIT,2,E01001775,0,4
2024141452695,2024,141452695,1,19,0,-1,19,1,5,-1,0,8,0,0,0,0,1,1,-1,1,1,56,9,1995,2,2,FORD TRANSIT,3,E01008576,0,5
2024552400422,2024,552400422,1,19,0,7,7,6,8,0,0,4,0,0,0,0,1,1,6,6,1,53,8,2198,2,10,FORD TRANSIT,7,E01015457,0,2
2024991521583,2024,991521583,3,19,0,-1,5,4,8,-1,0,0,0,0,0,0,3,1,-1,1,1,42,7,2198,2,8,FORD TRANSIT,3,-1,0,1
2024122400764,2024,122400764,2,19,0,9,9,3,1,0,0,0,0,0,0,0,3,1,1,1,1,25,5,1995,2,2,FORD TRANSIT,1,E01011850,0,4
2024010543132,2024,010543132,1,19,0,9,9,7,4,0,0,1,0,0,0,0,3,1,1,1,1,68,10,1995,2,4,FORD TRANSIT,3,E01004020,0,1
2024031467615,2024,031467615,1,19,0,-1,19,4,7,-1,0,1,0,0,0,0,1,1,-1,1,1,54,8,1995,2,2,FORD TRANSIT,6,E01025123,0,4
2024552400487,2024,552400487,2,19,0,18,19,4,8,0,0,8,0,0,0,0,1,1,6,6,3,-1,-1,2402,2,20,FORD TRANSIT,-1,-1,0,-1
2024991444358,2024,991444358,2,19,0,-1,4,4,8,-1,0,0,1,0,0,0,2,1,-1,1,1,22,5,1995,2,3,FORD TRANSIT,4,E01019247,0,4
2024131509222,2024,131509222,1,19,0,-1,19,1,1,-1,0,0,0,0,0,0,1,1,-1,1,1,28,6,1995,2,5,FORD TRANSIT,8,E01010573,0,2
2024052401225,2024,052401225,1,19,0,5,5,5,1,0,0,6,0,0,0,0,1,1,1,1,1,52,8,1995,2,4,FORD TRANSIT,1,E01006984,0,1
2024361531458,2024,361531458,2,19,0,-1,19,6,3,-1,0,8,0,0,0,0,4,1,-1,9,1,27,6,1995,2,7,FORD TRANSIT,5,E01026575,0,1
2024010521108,2024,010521108,2,19,0,99,99,9,9,99,99,9,9,99,9,99,0,9,6,6,3,63,9,1995,2,0,FORD TRANSIT,7,E01015968,0,4
2024010518111,2024,010518111,1,20,0,17,19,1,5,0,0,1,0,0,0,0,1,1,6,6,3,-1,-1,-1,-1,-1,FORD TRANSIT,-1,-1,0,-1
2024010541151,2024,010541151,2,19,0,18,19,1,5,99,99,9,0,0,0,0,9,1,6,6,3,-1,-1,1996,2,0,FORD TRANSIT,-1,-1,0,-1
2024451490680,2024,451490680,2,19,0,-1,19,1,3,-1,0,0,0,0,0,0,3,1,-1,6,3,57,9,2198,2,16,FORD TRANSIT,3,E01002923,0,3
2024201441318,2024,201441318,3,19,0,-1,2,0,0,-1,0,2,0,0,0,0,2,1,-1,1,1,39,7,2198,2,11,FORD TRANSIT,-1,-1,0,-1
2024311484870,2024,311484870,2,19,0,-1,19,6,6,-1,0,1,0,0,0,0,1,1,-1,1,1,35,6,2198,2,11,FORD TRANSIT,9,E01028123,0,2
2024320711771,2024,320711771,2,19,0,3,3,3,7,0,0,0,0,0,0,0,2,1,-1,-1,1,25,5,1998,2,20,FORD TRANSIT,-1,-1,0,-1
2024340WN4612,2024,340WN4612,2,19,0,-1,19,5,1,-1,0,0,0,0,0,0,1,1,-1,1,1,49,8,1995,2,6,FORD TRANSIT,4,E01032981,0,3
2024211432256,2024,211432256,2,20,0,-1,9,2,8,-1,0,6,0,0,0,0,2,1,-1,6,1,59,9,-1,-1,-1,FORD TRANSIT,9,E01029744,0,1
2024531534607,2024,531534607,1,19,0,-1,13,7,3,-1,0,8,0,0,0,0,4,1,-1,2,1,42,7,1995,2,3,FORD TRANSIT,10,E01032707,0,4
202417M110724,2024,17M110724,3,19,0,-1,19,5,1,-1,0,0,1,0,0,0,1,1,-1,1,1,36,7,2198,2,11,FORD TRANSIT,4,E01012218,0,1
2024547389924,2024,547389924,1,19,0,18,19,2,7,0,0,1,0,0,0,0,1,1,1,1,1,36,7,1995,2,5,FORD TRANSIT,9,E01031863,0,3
2024041524498,2024,041524498,2,19,0,-1,9,1,7,-1,0,6,0,0,0,0,4,1,-1,9,1,68,10,1995,2,0,FORD TRANSIT,10,E01025464,0,1
2024421439023,2024,421439023,1,19,0,-1,19,1,4,-1,0,0,0,0,0,0,1,1,-1,1,1,66,10,2198,2,10,FORD TRANSIT,2,E01021315,0,4
2024552400593,2024,552400593,1,19,0,14,14,1,5,0,0,0,0,0,0,0,1,1,2,2,1,43,7,2198,2,12,FORD TRANSIT,6,E01020566,0,1
2024610004024,2024,610004024,1,19,0,18,19,4,8,0,0,0,0,0,0,0,4,1,1,1,1,88,11,2198,2,9,FORD TRANSIT,5,W01001412,0,1
2024631487158,2024,631487158,2,19,0,-1,2,7,3,-1,0,8,0,0,0,0,0,1,-1,6,2,56,9,2198,2,16,FORD TRANSIT,7,W01000634,0,1
2024211430983,2024,211430983,1,19,0,-1,1,4,8,-1,-1,-1,0,0,0,0,-1,9,-1,1,1,36,7,2198,2,9,FORD TRANSIT,-1,-1,0,-1
2024111436294,2024,111436294,2,19,0,-1,19,5,1,-1,0,0,0,0,0,0,2,1,-1,1,1,43,7,1995,2,6,FORD TRANSIT,5,E01008433,0,4
2024221533593,2024,221533593,2,19,0,-1,4,2,7,-1,0,0,1,0,0,0,1,1,-1,6,1,28,6,1995,2,8,FORD TRANSIT,-1,-1,0,-1
2024542766124,2024,542766124,2,19,0,2,2,0,0,0,0,0,0,0,0,0,1,1,6,6,3,-1,-1,2198,2,14,FORD TRANSIT,-1,-1,0,-1
2024101453733,2024,101453733,1,19,0,-1,5,1,5,-1,0,0,0,0,0,0,3,9,-1,6,1,41,7,-1,3,0,FORD TRANSIT,-1,-1,0,-1
2024351420993,2024,351420993,2,10,0,-1,19,1,5,-1,0,0,1,0,7,9,2,1,-1,7,2,61,9,2402,2,17,FORD TRANSIT,10,E01034705,0,3
202417S104924,2024,17S104924,1,19,0,-1,19,2,6,-1,0,0,0,0,0,0,1,1,-1,6,3,-1,-1,2198,2,11,FORD TRANSIT,-1,-1,0,-1
2024161502862,2024,161502862,1,19,0,-1,19,5,1,-1,0,2,0,0,0,0,4,1,-1,9,1,41,7,2402,2,21,FORD TRANSIT,1,E01013138,0,1
2024471505813,2024,471505813,1,19,0,-1,9,3,1,-1,0,8,0,0,0,0,1,1,-1,6,1,-1,-1,2198,2,10,FORD TRANSIT,-1,-1,0,-1