collision_index,collision_year,collision_ref_no,vehicle_reference,vehicle_type,towing_and_articulation,vehicle_manoeuvre_historic,vehicle_manoeuvre,vehicle_direction_from,vehicle_direction_to,vehicle_location_restricted_lane_historic,vehicle_location_restricted_lane,junction_location,skidding_and_overturning,hit_object_in_carriageway,vehicle_leaving_carriageway,hit_object_off_carriageway,first_point_of_impact,vehicle_left_hand_drive,journey_purpose_of_driver_historic,journey_purpose_of_driver,sex_of_driver,age_of_driver,age_band_of_driver,engine_capacity_cc,propulsion_code,age_of_vehicle,generic_make_model,driver_imd_decile,lsoa_of_driver,escooter_flag,driver_distance_banding
2024351430358,2024,351430358,2,19,0,-1,19,4,8,-1,0,8,0,0,0,0,4,1,-1,2,1,29,6,2198,2,7,FORD TRANSIT,7,E01003647,0,4
2024141403059,2024,141403059,2,19,0,-1,19,1,7,-1,0,8,5,0,3,0,1,1,-1,1,1,27,6,1995,2,4,FORD TRANSIT,1,E01001790,0,5
2024122400656,2024,122400656,1,19,0,18,19,1,5,0,0,0,0,0,0,0,3,1,1,1,1,27,6,1995,2,7,FORD TRANSIT,10,E01027675,0,2
2024430154976,2024,430154976,1,20,0,9,9,1,7,0,0,5,0,0,0,0,1,1,2,2,1,33,6,-1,-1,-1,FORD TRANSIT,3,E01016444,0,1
2024401477278,2024,401477278,1,19,0,-1,19,5,1,-1,0,1,0,0,0,0,1,1,-1,1,1,40,7,1995,2,2,FORD TRANSIT,1,E01015616,0,4
2024010543790,2024,010543790,2,19,0,1,1,3,7,0,0,1,0,0,0,0,2,1,1,1,1,23,5,1995,2,3,FORD TRANSIT,1,E01000605,0,1
2024010498604,2024,010498604,1,19,0,18,19,8,4,0,0,0,0,10,1,2,1,1,1,1,1,57,9,1995,2,4,FORD TRANSIT,6,E01001527,0,2
2024010523780,2024,010523780,1,19,0,9,9,1,7,0,0,6,0,0,0,0,1,1,6,6,3,23,5,1995,2,1,FORD TRANSIT,-1,-1,0,-1
2024041514923,2024,041514923,2,19,0,-1,2,0,0,-1,0,0,0,0,0,0,2,1,-1,6,-1,-1,-1,2402,2,12,FORD TRANSIT,-1,-1,0,-1
2024991488617,2024,991488617,1,19,0,-1,5,3,7,-1,0,1,0,0,0,0,2,1,-1,2,1,42,7,1995,2,2,FORD TRANSIT,-1,-1,0,-1
2024010525936,2024,010525936,3,19,0,4,4,3,7,0,0,0,0,0,0,0,3,1,6,6,3,-1,-1,-1,3,2,FORD TRANSIT,-1,-1,0,-1
2024461407419,2024,461407419,2,90,0,-1,2,0,0,-1,0,0,0,0,0,0,2,1,-1,9,1,68,10,2402,2,17,FORD TRANSIT,5,E01031078,0,5
2024320130855,2024,320130855,2,19,0,-1,-1,8,6,0,0,8,0,0,0,0,1,1,1,1,1,31,6,2198,2,8,FORD TRANSIT,7,E01015628,0,3
2024461396392,2024,461396392,1,19,0,-1,1,3,7,-1,0,0,0,0,0,0,2,9,-1,6,1,-1,-1,1995,2,1,FORD TRANSIT,-1,-1,0,-1
2024610021224,2024,610021224,2,19,0,16,19,5,8,0,0,0,0,0,0,0,1,1,6,6,1,49,8,2402,2,14,FORD TRANSIT,2,W01001546,0,1
2024041413661,2024,041413661,2,19,0,-1,19,7,3,-1,0,1,0,0,0,0,1,1,-1,9,1,28,6,1995,2,1,FORD TRANSIT,1,E01012641,0,1
2024010518223,2024,010518223,2,19,0,9,9,2,8,0,0,8,0,0,0,0,1,1,6,6,1,38,7,1995,2,3,FORD TRANSIT,4,E01016446,0,4
2024041528015,2024,041528015,1,19,0,-1,19,1,5,-1,0,0,0,0,0,0,3,1,-1,6,1,54,8,1995,2,1,FORD TRANSIT,8,-1,0,5
2024471417361,2024,471417361,1,19,0,-1,19,2,6,-1,0,0,1,0,0,0,1,1,-1,9,1,50,8,2198,2,13,FORD TRANSIT,1,E01021136,0,3
2024501420857,2024,501420857,2,19,0,-1,5,7,3,-1,0,4,0,0,0,0,2,1,-1,1,1,51,8,2402,2,15,FORD TRANSIT,6,E01020241,0,1
2024401446142,2024,401446142,3,19,0,-1,2,0,0,-1,0,0,0,0,0,0,2,1,-1,6,-1,-1,-1,2402,2,13,FORD TRANSIT,-1,-1,0,-1
2024201474020,2024,201474020,2,19,0,-1,9,2,8,-1,0,5,0,0,0,0,1,1,-1,6,-1,-1,-1,2402,2,12,FORD TRANSIT,-1,-1,0,-1
2024522401669,2024,522401669,2,19,0,11,11,7,3,0,0,1,0,0,0,0,1,1,6,6,1,-1,-1,2402,2,19,FORD TRANSIT,-1,-1,0,-1
2024471494894,2024,471494894,2,19,0,-1,4,1,5,-1,0,1,0,0,0,0,2,1,-1,2,1,30,6,1995,2,0,FORD TRANSIT,5,E01017261,0,5
2024010512318,2024,010512318,1,19,0,8,8,3,6,0,0,0,0,0,0,0,2,1,1,1,1,30,6,-1,3,1,FORD TRANSIT,2,E01003181,0,1
2024411519316,2024,411519316,1,19,0,-1,19,5,1,-1,0,2,0,0,0,0,1,1,-1,6,1,36,7,2198,2,13,FORD TRANSIT,10,E01023881,0,1
2024061525981,2024,061525981,2,19,0,-1,4,-1,-1,-1,99,0,0,1,3,0,1,1,-1,6,3,-1,-1,2198,2,12,FORD TRANSIT,-1,-1,0,-1
2024311421093,2024,311421093,1,19,0,-1,2,7,4,-1,9,2,0,0,0,0,2,1,-1,1,1,32,6,2198,2,9,FORD TRANSIT,2,E01013852,0,1
2024461479192,2024,461479192,1,19,0,-1,19,7,7,-1,0,0,0,0,0,0,0,1,-1,1,1,60,9,1995,2,2,FORD TRANSIT,5,E01000468,0,4
2024430150520,2024,430150520,2,19,0,18,19,5,1,0,0,2,0,0,0,0,1,1,6,6,1,-1,-1,2198,2,18,FORD TRANSIT,8,E01016344,0,1
2024070669429,2024,070669429,2,19,0,7,7,1,3,0,0,8,0,0,0,0,3,1,2,2,1,24,5,1995,2,2,FORD TRANSIT,-1,-1,0,-1
2024201420507,2024,201420507,1,19,0,-1,6,4,4,-1,0,0,0,10,1,11,3,1,-1,9,1,26,6,2198,2,16,FORD TRANSIT,5,E01009634,0,1
2024122400516,2024,122400516,1,19,0,18,19,6,2,0,0,0,0,0,0,0,1,1,6,6,1,28,6,2198,2,17,FORD TRANSIT,9,E01027859,0,1
2024631508257,2024,631508257,1,19,0,-1,12,8,4,-1,0,0,0,0,0,0,1,1,-1,6,1,34,6,1995,2,7,FORD TRANSIT,5,W01000648,0,1
2024010505870,2024,010505870,2,19,5,3,3,3,7,0,0,1,0,0,0,0,1,1,1,1,1,27,6,1995,2,2,FORD TRANSIT,8,E01001402,0,1
2024371472399,2024,371472399,2,19,0,-1,5,1,5,-1,0,1,0,0,0,0,3,1,-1,1,1,50,8,1995,2,1,FORD TRANSIT,5,E01030080,0,3
2024061509728,2024,061509728,1,10,0,-1,4,6,2,-1,0,0,0,0,0,0,0,9,-1,1,2,39,7,-1,-1,-1,FORD TRANSIT,6,E01005523,0,4
2024010552511,2024,010552511,1,19,9,99,99,9,9,99,99,9,9,99,9,99,9,9,6,6,1,-1,-1,1995,2,2,FORD TRANSIT,-1,-1,0,-1
2024430619893,2024,430619893,2,19,0,18,19,5,1,0,0,0,0,0,0,0,1,1,1,1,1,46,8,1996,2,0,FORD TRANSIT,10,E01028622,0,4
2024131395101,2024,131395101,1,19,0,-1,11,5,1,-1,0,0,0,0,0,0,4,1,-1,6,1,-1,-1,1995,2,3,FORD TRANSIT,-1,-1,0,-1
2024141553345,2024,141553345,2,19,0,-1,19,5,1,-1,0,0,0,0,0,0,3,9,-1,6,3,-1,-1,2402,2,16,FORD TRANSIT,-1,-1,0,-1
2024211531389,2024,211531389,2,19,0,-1,19,2,6,-1,0,1,0,0,0,0,1,1,-1,9,1,42,7,2198,2,11,FORD TRANSIT,6,E01029708,0,2
2024421515788,2024,421515788,2,19,0,-1,19,8,4,-1,0,0,0,0,1,3,1,1,-1,1,1,39,7,1995,2,4,FORD TRANSIT,4,E01021870,0,1
2024031492199,2024,031492199,2,19,0,-1,19,3,7,-1,0,8,0,0,0,0,2,1,-1,9,1,56,9,2402,2,14,FORD TRANSIT,5,E01019371,0,1
2024010521181,2024,010521181,1,19,0,10,10,5,2,0,0,5,0,0,0,0,3,1,1,1,1,38,7,1995,2,7,FORD TRANSIT,7,E01003434,0,2
2024361467784,2024,361467784,3,19,0,-1,20,0,0,-1,0,0,0,0,0,0,1,1,-1,1,1,26,6,1995,2,2,FORD TRANSIT,4,E01026894,0,4
2024231501370,2024,231501370,1,19,0,-1,19,1,5,-1,0,6,0,0,3,4,1,1,-1,6,1,46,8,2402,2,22,FORD TRANSIT,4,E01031086,0,1
2024471472385,2024,471472385,1,10,0,-1,19,7,3,-1,0,0,0,0,0,0,1,9,-1,6,1,74,10,2198,2,6,FORD TRANSIT,7,E01031438,0,2
2024201488322,2024,201488322,1,5,0,-1,19,6,2,-1,0,2,2,0,0,0,0,1,-1,2,1,35,6,1131,1,18,-1,2,E01010403,0,3
2024471460584,2024,471460584,2,3,0,-1,19,4,8,-1,0,0,0,0,0,0,1,1,-1,9,2,18,4,124,1,0,HONDA CB,2,E01021178,0,1
2024231498544,2024,231498544,1,5,0,-1,19,6,2,-1,0,0,0,12,0,0,1,1,-1,6,1,40,7,649,1,1,HONDA CB,1,E01009539,0,3
2024522500285,2024,522500285,1,4,0,18,19,8,4,0,0,8,0,0,0,0,4,1,6,6,1,29,6,471,1,10,HONDA CB,2,E01033353,0,1
2024131503024,2024,131503024,2,5,0,-1,19,1,5,-1,0,1,0,0,0,0,1,1,-1,9,1,45,7,471,1,7,HONDA CB,2,E01010869,0,1
2024010533772,2024,010533772,1,5,0,18,19,5,1,0,0,1,1,9,3,0,1,1,6,6,1,33,6,998,1,5,HONDA CB,2,E01000015,0,4
2024371499463,2024,371499463,1,5,0,-1,19,1,5,-1,0,1,0,0,0,0,3,1,-1,6,1,61,9,998,1,8,HONDA CB,7,E01023113,0,5
2024471458848,2024,471458848,2,5,0,-1,19,3,7,-1,0,1,0,0,0,0,1,1,-1,9,1,21,5,755,1,1,HONDA CB,7,E01016899,0,4
2024131472686,2024,131472686,1,5,0,-1,19,5,1,-1,9,0,0,0,0,0,4,1,-1,6,1,33,6,599,1,21,HONDA CB,6,E01027878,0,4
2024041499896,2024,041499896,2,5,0,-1,19,8,4,-1,0,0,0,0,0,0,0,1,-1,9,1,24,5,599,1,23,HONDA CB,3,E01025099,0,1
2024010511970,2024,010511970,1,4,0,18,19,3,7,2,2,1,5,0,0,0,1,1,2,2,1,35,6,471,1,7,HONDA CB,-1,-1,0,-1
2024101451664,2024,101451664,2,4,0,-1,12,3,3,-1,0,3,1,10,7,0,1,1,-1,2,1,24,5,471,1,2,HONDA CB,2,E01008699,0,1
2024221438120,2024,221438120,1,5,0,-1,19,8,4,-1,0,0,0,10,0,0,4,1,-1,9,1,75,10,471,1,0,HONDA CB,8,E01009823,0,3
2024101398487,2024,101398487,2,5,0,-1,19,7,3,-1,0,8,1,0,0,0,1,1,-1,2,1,31,6,649,1,2,HONDA CB,3,E01035610,0,1
2024010545797,2024,010545797,1,4,0,18,19,3,7,0,0,0,0,0,0,0,4,1,6,6,2,35,6,471,1,2,HONDA CB,3,E01001621,0,1
2024010546088,2024,010546088,2,5,0,18,19,1,5,0,0,2,0,0,0,0,1,1,2,2,1,63,9,755,1,1,HONDA CB,5,E01000624,0,2
2024552401434,2024,552401434,2,5,0,17,19,8,6,0,0,8,0,0,0,0,4,1,6,6,1,58,9,1284,1,19,HONDA CB,8,E01020478,0,3
2024531399163,2024,531399163,2,5,0,-1,19,8,4,-1,0,1,5,0,1,0,1,1,-1,2,1,25,5,599,1,16,HONDA CB,5,E01022440,0,2
2024231431128,2024,231431128,1,5,0,-1,19,3,7,-1,0,0,1,0,0,0,3,1,-1,9,1,19,4,599,1,26,HONDA CB,3,E01031006,0,1
2024010509364,2024,010509364,1,5,0,18,19,5,1,0,0,2,0,0,0,0,1,1,6,6,1,30,6,649,1,7,HONDA CB,3,E01001769,0,3
2024302401589,2024,302401589,2,3,0,4,4,4,6,0,0,4,0,0,0,0,1,1,4,7,1,17,4,124,1,0,HONDA CB,4,E01013537,0,1
2024010519971,2024,010519971,1,5,0,3,3,5,1,0,0,0,0,0,0,0,2,1,6,6,1,76,11,599,1,25,HONDA CB,4,E01001182,0,3
2024211415016,2024,211415016,1,5,0,-1,13,1,5,-1,0,1,0,0,0,0,1,1,-1,6,1,19,4,998,1,15,HONDA CB,5,E01029795,0,2
2024221415681,2024,221415681,2,5,0,-1,19,3,7,-1,0,0,0,0,0,0,2,1,-1,6,1,27,6,599,1,26,HONDA CB,9,E01032316,0,1
2024430218465,2024,430218465,1,5,0,13,13,8,4,0,0,8,0,0,0,0,1,1,6,6,1,28,6,649,1,5,HONDA CB,5,E01032724,0,1
2024991457719,2024,991457719,1,3,0,-1,19,6,2,-1,0,0,0,0,0,0,1,1,-1,6,1,17,4,124,1,0,HONDA CB,2,-1,0,1
2024010508321,2024,010508321,1,3,9,99,99,9,9,99,99,9,9,99,9,99,1,1,1,1,1,33,6,471,1,0,HONDA CB,2,E01001427,0,2
202417L106524,2024,17L106524,1,5,0,-1,19,6,2,-1,0,8,0,0,0,0,1,1,-1,9,1,26,6,649,1,1,HONDA CB,1,E01035187,0,4
2024201515563,2024,201515563,2,5,0,-1,13,0,0,-1,0,1,0,0,0,0,4,1,-1,6,1,20,4,649,1,6,HONDA CB,9,E01010494,0,3
2024010529258,2024,010529258,1,5,0,18,19,3,7,0,0,0,0,0,0,0,1,1,2,2,1,50,8,649,1,9,HONDA CB,-1,-1,0,-1
2024440013796,2024,440013796,1,4,0,13,13,2,5,0,0,2,0,0,0,0,1,1,6,6,1,42,7,471,1,3,HONDA CB,4,E01017348,0,1
2024552400762,2024,552400762,2,4,0,8,8,2,5,0,0,5,0,0,0,0,3,1,6,6,1,39,7,471,1,5,HONDA CB,2,E01015273,0,1
2024340WN3172,2024,340WN3172,2,5,0,-1,19,3,7,-1,0,1,0,0,0,0,1,1,-1,2,1,43,7,755,1,0,HONDA CB,3,E01027197,0,1
2024131426715,2024,131426715,2,5,0,-1,4,1,5,-1,0,8,0,0,0,0,1,1,-1,9,1,78,11,755,1,1,HONDA CB,9,E01007865,0,4
2024421509229,2024,421509229,2,5,0,-1,19,7,1,-1,0,0,0,0,0,0,3,1,-1,9,1,39,7,649,1,6,HONDA CB,10,E01023501,0,4
2024211507923,2024,211507923,2,5,0,-1,19,2,6,-1,0,3,0,0,0,0,3,1,-1,1,1,44,7,599,1,22,HONDA CB,3,E01029359,0,1
2024631445101,2024,631445101,1,5,0,-1,19,2,5,-1,0,0,0,0,7,11,1,1,-1,6,1,70,10,755,1,1,HONDA CB,8,E01031149,0,5
2024501492334,2024,501492334,2,4,0,-1,14,5,1,-1,0,0,1,0,0,0,1,1,-1,2,1,22,5,471,1,3,HONDA CB,4,E01018965,0,3
2024070232048,2024,070232048,2,4,0,18,19,7,3,0,0,1,1,0,0,0,1,1,6,6,1,19,4,599,1,23,HONDA CB,2,E01012545,0,1
2024552401187,2024,552401187,2,3,0,18,19,6,2,0,0,8,0,0,0,0,1,1,6,6,1,17,4,124,1,0,HONDA CB,6,E01020493,0,1
2024430313695,2024,430313695,1,5,0,13,13,6,2,0,0,1,0,0,0,0,1,1,6,6,1,21,5,649,1,8,HONDA CB,9,E01028642,0,1
2024141486544,2024,141486544,2,4,0,-1,19,6,2,-1,0,1,0,0,0,0,3,1,-1,6,1,22,5,471,1,8,HONDA CB,8,E01007925,0,1
2024010502135,2024,010502135,1,4,0,18,19,3,7,0,0,2,0,0,0,0,1,1,2,2,1,50,8,471,1,9,HONDA CB,4,E01001156,0,2
2024421403263,2024,421403263,1,5,0,-1,19,6,2,-1,0,0,0,7,0,0,1,1,-1,9,1,69,10,998,1,1,HONDA CB,-1,-1,0,-1
2024351428241,2024,351428241,2,5,0,-1,13,4,1,-1,0,1,5,0,0,0,4,1,-1,2,1,30,6,649,1,5,HONDA CB,7,E01018053,0,3
2024041512834,2024,041512834,2,3,0,-1,19,7,3,-1,0,1,1,0,0,0,0,1,-1,2,1,18,4,124,1,0,HONDA CB,2,E01012677,0,1
2024549123924,2024,549123924,1,5,0,16,19,1,4,0,0,0,2,0,7,9,1,1,6,6,1,45,7,998,1,5,HONDA CB,6,E01022190,0,2
2024010504991,2024,010504991,1,3,0,18,19,9,9,99,99,0,9,99,9,99,1,1,2,2,1,39,7,998,1,16,HONDA CB,5,E01000664,0,1
2024010543096,2024,010543096,2,3,0,18,19,2,6,0,0,8,0,0,0,0,0,1,6,6,1,29,6,124,1,0,HONDA CB,2,E01003176,0,1
2024070996064,2024,070996064,2,4,0,-1,19,5,1,-1,0,1,0,0,0,0,3,1,-1,6,1,63,9,471,1,0,HONDA CB,1,E01012396,0,1
2024481442502,2024,481442502,2,5,0,-1,7,5,7,-1,0,8,0,0,0,0,2,1,-1,2,1,37,7,649,1,3,HONDA CB,-1,-1,0,-1
2024010540487,2024,010540487,2,4,0,18,19,5,1,0,0,0,0,0,0,0,1,1,6,6,1,58,9,471,1,1,HONDA CB,-1,-1,0,-1
2024070372997,2024,070372997,2,5,0,18,19,1,5,0,0,8,1,0,0,0,3,1,6,6,1,31,6,998,1,1,HONDA CB,2,E01018400,0,1
2024471413081,2024,471413081,2,3,0,-1,19,3,7,-1,0,1,0,0,0,0,4,1,-1,2,1,42,7,124,1,0,HONDA CB,6,E01021018,0,1
2024061397220,2024,061397220,2,4,0,-1,5,6,3,-1,0,8,0,0,0,0,1,1,-1,6,1,27,6,471,1,8,HONDA CB,1,E01004926,0,3
2024351482229,2024,351482229,1,4,0,-1,19,5,1,-1,0,0,1,0,7,0,3,1,-1,6,1,19,4,499,1,25,HONDA CB,8,E01026314,0,4
2024991511928,2024,991511928,2,4,0,-1,19,8,5,-1,0,1,2,0,0,0,0,1,-1,9,1,69,10,124,1,0,HONDA CB,-1,-1,0,-1
2024010526234,2024,010526234,1,5,0,99,99,9,9,99,99,9,9,99,9,99,1,1,1,1,3,27,6,599,1,16,HONDA CB,8,E01016972,0,4
2024010514856,2024,010514856,2,5,0,4,4,7,3,0,0,1,0,0,0,0,2,1,2,2,1,41,7,649,1,3,HONDA CB,3,E01034608,0,1
2024302400761,2024,302400761,1,5,0,17,19,1,5,0,0,8,1,0,0,0,4,1,6,6,1,33,6,599,1,25,HONDA CB,6,E01007660,0,3
2024522400751,2024,522400751,1,4,0,18,19,1,5,0,0,8,0,0,1,11,1,1,6,6,1,26,6,649,1,7,HONDA CB,7,E01014808,0,1
2024531445177,2024,531445177,1,5,0,-1,19,4,2,-1,0,0,5,0,7,4,3,1,-1,9,1,46,8,755,1,1,HONDA CB,10,E01028668,0,4
2024010545381,2024,010545381,2,4,0,5,5,5,1,0,0,1,0,0,3,0,3,1,6,6,1,38,7,471,1,7,HONDA CB,-1,-1,0,-1
2024522500069,2024,522500069,1,3,0,3,3,2,6,0,0,1,0,0,0,0,1,1,6,6,1,42,7,124,1,0,HONDA CB,10,E01014988,0,3
2024010502236,2024,010502236,1,4,0,99,99,9,9,99,99,0,9,99,9,99,1,1,2,2,1,25,5,499,1,21,HONDA CB,2,E01002755,0,2
2024451412731,2024,451412731,2,5,0,-1,13,5,1,-1,0,0,0,0,0,0,4,1,-1,1,1,32,6,998,1,10,HONDA CB,6,E01024276,0,4
2024010543024,2024,010543024,2,4,0,18,19,7,3,0,0,1,0,0,0,0,4,1,2,2,1,30,6,471,1,2,HONDA CB,10,E01024445,0,3
2024440303782,2024,440303782,2,5,0,18,19,5,1,0,0,1,0,0,0,0,1,1,6,6,1,67,10,471,1,1,HONDA CB,5,E01017368,0,3
2024401466461,2024,401466461,2,4,0,-1,15,6,2,-1,0,0,0,0,1,10,1,1,-1,6,1,19,4,499,1,26,HONDA CB,2,E01015773,0,1
2024061523323,2024,061523323,2,5,0,-1,19,1,5,-1,0,1,1,0,0,0,4,1,-1,9,1,71,10,471,1,0,HONDA CB,1,E01004942,0,1
2024631508995,2024,631508995,1,5,0,-1,19,2,6,-1,0,0,0,0,2,11,4,1,-1,6,1,56,9,599,1,25,HONDA CB,6,W01000679,0,1
2024631449628,2024,631449628,1,4,0,-1,13,6,3,-1,0,8,0,0,0,0,1,1,-1,2,1,31,6,124,1,0,HONDA CB,3,W01000633,0,2
2024361455155,2024,361455155,1,5,0,-1,19,5,1,-1,0,1,0,0,0,0,3,1,-1,6,1,24,5,471,1,11,HONDA CB,4,E01026866,0,1
2024010504428,2024,010504428,1,3,0,99,99,9,9,99,99,1,9,99,9,99,1,1,1,1,3,38,7,471,1,11,HONDA CB,2,E01002073,0,2
2024471530911,2024,471530911,1,4,0,-1,19,2,6,-1,0,0,0,0,0,0,1,1,-1,7,1,20,4,471,1,3,HONDA CB,4,E01020952,0,1
2024010537568,2024,010537568,1,5,0,3,3,5,1,0,0,1,5,0,0,0,0,1,6,6,1,27,6,755,1,0,HONDA CB,6,E01002135,0,2
2024010500519,2024,010500519,1,4,0,99,99,9,9,99,99,9,9,99,9,99,9,1,1,1,1,26,6,471,1,8,HONDA CB,3,E01003143,0,1
2024991485855,2024,991485855,1,5,0,-1,9,2,4,-1,0,8,1,0,0,0,4,1,-1,9,2,26,6,471,1,1,HONDA CB,8,-1,0,1
2024451480166,2024,451480166,2,5,0,-1,19,7,3,-1,0,8,0,0,0,0,3,1,-1,9,2,60,9,599,1,23,HONDA CB,7,E01030660,0,1
2024440329916,2024,440329916,1,5,0,18,19,4,8,0,0,2,0,0,0,0,0,1,6,6,1,19,4,599,1,25,HONDA CB,6,E01017138,0,4
2024440153862,2024,440153862,1,3,0,18,19,6,2,0,0,1,0,0,0,0,1,1,6,6,1,40,7,124,1,0,HONDA CB,4,E01022976,0,1
2024471442742,2024,471442742,1,5,0,-1,19,3,7,-1,0,0,1,0,0,0,1,1,-1,9,1,30,6,599,1,15,HONDA CB,1,E01021135,0,4
2024461487797,2024,461487797,2,5,0,-1,15,7,3,-1,0,0,0,0,0,0,3,1,-1,2,1,50,8,649,1,1,HONDA CB,2,E01016009,0,3
2024351458310,2024,351458310,2,5,0,-1,19,-1,-1,-1,0,0,0,0,0,0,1,1,-1,1,1,55,8,998,1,4,HONDA CB,6,E01018020,0,1
2024461428535,2024,461428535,1,5,0,-1,15,4,8,-1,0,0,5,7,0,0,3,1,-1,6,1,47,8,599,1,13,HONDA CB,3,E01016071,0,4
2024320580069,2024,320580069,1,5,0,13,13,2,6,0,0,0,5,0,0,0,4,1,6,6,1,24,5,649,1,3,HONDA CB,7,E01026066,0,2
2024010525056,2024,010525056,2,4,0,18,19,1,5,0,0,1,0,0,0,0,3,1,6,6,1,44,7,471,1,8,HONDA CB,-1,-1,0,-1
2024131505627,2024,131505627,2,4,0,-1,13,6,1,-1,0,8,0,0,0,0,4,1,-1,9,1,42,7,471,1,1,HONDA CB,7,E01011072,0,2
2024010531754,2024,010531754,1,4,0,99,99,9,9,99,99,9,9,99,9,99,9,1,6,6,1,44,7,471,1,4,HONDA CB,4,E01002650,0,2
2024471440508,2024,471440508,1,5,0,-1,13,8,4,-1,0,0,1,0,7,0,1,1,-1,2,1,31,6,649,1,8,HONDA CB,2,E01020917,0,3
2024440197674,2024,440197674,1,5,0,18,19,7,3,0,0,4,0,0,0,0,3,1,6,6,1,71,10,471,1,6,HONDA CB,-1,-1,0,-1
2024031436297,2024,031436297,1,5,0,-1,19,1,5,-1,0,0,0,0,1,11,1,1,-1,9,1,73,10,1284,1,17,HONDA CB,4,E01018744,0,5
2024471437201,2024,471437201,2,5,0,-1,19,5,1,-1,0,0,0,4,0,0,1,1,-1,6,1,46,8,919,1,21,HONDA CB,3,E01021044,0,3
2024010516746,2024,010516746,2,4,0,18,19,7,3,0,0,8,0,0,0,0,1,1,1,1,1,37,7,471,1,2,HONDA CB,3,E01004584,0,1
2024122400812,2024,122400812,2,4,0,18,19,6,3,0,0,1,1,0,0,0,1,1,6,6,1,58,9,499,1,24,HONDA CB,5,E01027842,0,1
2024451473605,2024,451473605,1,4,0,-1,14,1,5,-1,0,0,0,0,7,4,4,1,-1,2,1,58,9,471,1,7,HONDA CB,9,E01030953,0,1
2024010517723,2024,010517723,2,4,0,4,4,7,3,0,0,0,0,0,0,0,4,1,6,6,1,43,7,471,1,4,HONDA CB,7,E01002171,0,4
2024440113235,2024,440113235,1,5,0,18,19,7,3,0,0,1,0,0,0,0,1,1,6,6,1,36,7,599,1,21,HONDA CB,2,E01022913,0,1
2024461399123,2024,461399123,2,5,0,-1,19,3,7,-1,0,8,1,0,0,0,1,1,-1,6,1,59,9,1284,1,20,HONDA CB,5,E01028888,0,5
2024010539573,2024,010539573,1,4,0,18,19,3,7,0,0,2,0,0,0,0,3,1,2,2,1,42,7,471,1,2,HONDA CB,7,E01022071,0,4
2024440425506,2024,440425506,1,5,0,4,4,4,8,0,0,0,0,0,0,0,1,1,6,6,1,60,9,755,1,1,HONDA CB,10,E01022663,0,3
2024010515608,2024,010515608,2,5,0,18,19,7,3,0,0,1,0,0,0,0,1,1,6,6,1,36,7,755,1,1,HONDA CB,2,E01000739,0,2
2024421431463,2024,421431463,1,5,0,-1,19,7,3,-1,0,8,0,0,0,0,1,1,-1,9,1,49,8,998,1,3,HONDA CB,5,E01004396,0,4
2024401438404,2024,401438404,2,5,0,-1,7,1,3,-1,0,6,1,0,0,0,4,1,-1,2,1,32,6,649,1,8,HONDA CB,2,E01017519,0,2
2024461499721,2024,461499721,2,5,0,-1,14,3,7,-1,0,0,0,0,0,0,3,1,-1,6,1,40,7,471,1,3,HONDA CB,7,E01023777,0,4
2024201508839,2024,201508839,1,5,0,-1,19,2,6,-1,0,8,0,0,0,0,1,1,-1,6,1,51,8,1284,1,17,HONDA CB,1,E01010274,0,3
2024421530364,2024,421530364,1,4,0,-1,19,6,2,-1,0,0,0,0,0,0,1,1,-1,9,1,21,5,124,1,0,HONDA CB,4,E01001285,0,4
2024141502305,2024,141502305,1,5,0,-1,19,4,8,-1,0,0,1,0,0,0,3,1,-1,9,1,45,7,1284,1,20,HONDA CB,3,E01028064,0,3
2024131432153,2024,131432153,2,4,0,-1,4,4,8,-1,0,1,0,0,0,0,0,1,-1,7,2,22,5,471,1,5,HONDA CB,10,E01016664,0,5
2024231478856,2024,231478856,1,3,0,-1,19,5,3,-1,0,0,1,0,0,0,3,1,-1,9,2,32,6,124,1,0,HONDA CB,7,E01031253,0,1
2024430403228,2024,430403228,1,5,0,18,19,6,2,0,0,1,0,0,0,0,1,1,6,6,1,26,6,599,1,23,HONDA CB,8,E01033849,0,4
2024010519502,2024,010519502,2,4,0,99,99,9,9,99,99,9,9,99,9,99,9,1,2,2,1,21,5,471,1,6,HONDA CB,3,E01000972,0,1
2024161483780,2024,161483780,2,3,0,-1,19,1,5,-1,0,1,0,0,0,0,1,1,-1,9,1,33,6,125,1,5,HONDA CB,3,E01013192,0,1
2024461531577,2024,461531577,2,3,0,-1,1,1,5,-1,0,1,0,0,0,0,1,1,-1,9,2,28,6,124,1,0,HONDA CB,5,E01032808,0,1