collision_index,collision_year,collision_ref_no,vehicle_reference,vehicle_type,towing_and_articulation,vehicle_manoeuvre_historic,vehicle_manoeuvre,vehicle_direction_from,vehicle_direction_to,vehicle_location_restricted_lane_historic,vehicle_location_restricted_lane,junction_location,skidding_and_overturning,hit_object_in_carriageway,vehicle_leaving_carriageway,hit_object_off_carriageway,first_point_of_impact,vehicle_left_hand_drive,journey_purpose_of_driver_historic,journey_purpose_of_driver,sex_of_driver,age_of_driver,age_band_of_driver,engine_capacity_cc,propulsion_code,age_of_vehicle,generic_make_model,driver_imd_decile,lsoa_of_driver,escooter_flag,driver_distance_banding
2024531405489,2024,531405489,1,3,0,-1,19,5,1,-1,0,1,1,0,1,10,4,1,-1,6,1,21,5,125,1,18,HONDA CB,1,E01022238,0,1
2024501534465,2024,501534465,1,3,0,-1,19,7,4,-1,0,1,0,0,1,0,1,1,-1,2,1,31,6,124,1,0,HONDA CB,4,E01015129,0,2
2024471472635,2024,471472635,2,4,0,-1,5,3,7,-1,0,8,1,0,0,0,1,1,-1,6,1,45,7,471,1,11,HONDA CB,7,E01031423,0,1
2024010539718,2024,010539718,1,5,0,15,15,3,7,0,0,0,0,0,1,0,1,1,6,6,1,48,8,649,1,1,HONDA CB,2,E01004385,0,1
2024122400639,2024,122400639,1,4,0,18,19,3,7,0,0,0,0,0,0,0,1,1,6,6,1,73,10,471,1,2,HONDA CB,8,E01027568,0,1
2024141440442,2024,141440442,2,4,0,-1,19,4,8,-1,0,0,5,0,0,0,1,1,-1,6,1,56,9,471,1,9,HONDA CB,1,E01008060,0,1
2024440275696,2024,440275696,2,5,0,18,19,3,7,0,0,8,0,0,0,0,4,1,6,6,2,49,8,755,1,0,HONDA CB,5,E01023110,0,4
2024010504179,2024,010504179,2,5,0,18,19,5,1,0,0,8,0,0,0,0,1,1,6,6,1,38,7,649,1,3,HONDA CB,4,E01003119,0,2
2024421476066,2024,421476066,2,5,0,-1,19,8,4,-1,0,1,0,0,0,0,3,1,-1,6,1,49,8,471,1,8,HONDA CB,3,E01021864,0,1
2024010543849,2024,010543849,1,3,0,15,15,2,6,2,2,0,0,0,1,0,1,1,6,6,1,22,5,471,1,6,HONDA CB,2,E01000934,0,2
2024461491979,2024,461491979,2,3,0,-1,19,5,3,-1,0,0,0,0,0,0,4,1,-1,9,2,18,4,124,1,0,HONDA CB,10,E01024107,0,4
2024010549887,2024,010549887,2,5,0,5,5,3,7,0,0,1,0,0,0,0,4,1,6,6,1,32,6,755,1,1,HONDA CB,8,E01003655,0,1
2024010541794,2024,010541794,2,5,0,18,19,7,3,0,0,8,2,0,0,0,1,1,2,2,1,40,7,599,1,13,HONDA CB,4,E01003929,0,1
2024451426193,2024,451426193,2,4,0,-1,19,7,3,-1,0,0,5,0,0,0,1,1,-1,9,1,22,5,471,1,4,HONDA CB,7,E01000981,0,4
2024201497902,2024,201497902,1,3,0,-1,19,5,8,-1,0,8,0,0,0,0,2,1,-1,6,1,29,6,124,1,0,HONDA CB,4,E01009226,0,3
2024991481047,2024,991481047,1,5,0,-1,19,3,7,-1,0,0,2,0,0,0,1,1,-1,9,1,36,7,998,1,11,HONDA CB,2,-1,0,4
2024440264109,2024,440264109,1,5,0,4,4,5,1,0,0,1,0,0,0,0,4,1,6,6,1,42,7,649,1,7,HONDA CB,10,E01030454,0,4
2024141470646,2024,141470646,1,4,0,-1,14,3,7,-1,0,1,0,0,0,0,4,1,-1,2,1,56,9,234,1,25,HONDA CB,1,E01011906,0,3
2024010511862,2024,010511862,1,5,0,13,13,1,5,0,0,0,1,0,0,0,1,1,2,2,1,38,7,649,1,3,HONDA CB,8,E01002109,0,2
2024010529014,2024,010529014,1,5,0,18,19,8,4,0,0,0,0,0,0,0,1,1,6,6,1,26,6,649,1,1,HONDA CB,2,E01033581,0,3
2024471459584,2024,471459584,2,4,0,-1,9,2,8,-1,0,0,0,0,0,0,3,1,-1,9,1,21,5,471,1,11,HONDA CB,9,E01031719,0,2
2024440491869,2024,440491869,1,5,0,18,19,6,2,0,0,8,0,0,0,0,4,1,6,6,1,34,6,998,1,14,HONDA CB,10,E01022867,0,1
2024471501179,2024,471501179,2,5,0,-1,15,3,7,-1,0,0,1,0,0,0,1,1,-1,6,1,47,8,599,1,22,HONDA CB,4,E01016882,0,1
2024052400842,2024,052400842,1,5,0,16,19,1,5,0,0,0,1,0,0,0,4,1,6,6,1,63,9,919,1,18,HONDA CB,1,E01006645,0,2
2024201434968,2024,201434968,1,5,0,-1,19,8,4,-1,0,1,0,0,0,0,1,1,-1,6,1,56,9,649,1,10,HONDA CB,4,E01009824,0,2
2024440318524,2024,440318524,1,5,0,18,19,7,3,0,0,5,0,0,0,0,1,1,6,6,1,26,6,998,1,15,HONDA CB,7,E01032024,0,3
2024161501995,2024,161501995,1,4,0,-1,19,3,7,-1,0,4,0,0,0,0,3,1,-1,9,2,29,6,471,1,0,HONDA CB,2,E01012871,0,4
2024052400824,2024,052400824,2,4,0,9,9,3,1,0,0,1,0,0,0,0,3,1,1,1,1,28,6,471,1,8,HONDA CB,1,E01006599,0,1
2024430355133,2024,430355133,2,4,0,18,19,3,7,0,0,6,0,0,0,0,4,1,1,1,1,30,6,649,1,3,HONDA CB,3,E01016391,0,1
2024010511975,2024,010511975,1,4,0,13,13,5,1,0,0,8,0,0,0,0,0,1,6,6,1,40,7,471,1,5,HONDA CB,10,E01031581,0,4
2024010500076,2024,010500076,1,4,0,18,19,5,1,0,0,1,2,0,0,0,1,1,6,6,1,23,5,471,1,3,HONDA CB,3,E01001136,0,1
2024131441130,2024,131441130,2,5,0,-1,19,7,3,-1,0,0,0,0,0,0,1,1,-1,6,1,40,7,599,1,19,HONDA CB,5,E01010788,0,3
2024471412116,2024,471412116,1,5,0,-1,19,8,4,-1,0,8,5,0,0,0,1,1,-1,9,1,25,5,599,1,22,HONDA CB,8,E01021163,0,3
2024440546945,2024,440546945,2,3,0,17,19,7,3,0,0,8,0,0,0,0,4,1,6,6,1,20,4,124,1,0,HONDA CB,2,E01017265,0,2
2024010536703,2024,010536703,2,4,0,5,5,4,8,0,0,1,0,0,0,0,1,1,6,6,1,22,5,471,1,7,HONDA CB,3,E01001669,0,1
2024101511325,2024,101511325,1,4,0,-1,19,1,5,-1,0,1,1,0,0,0,0,1,-1,6,1,20,4,447,1,31,HONDA CB,-1,-1,0,-1
2024010505278,2024,010505278,1,5,0,4,4,7,3,0,0,0,0,0,0,0,2,1,6,6,1,28,6,649,1,5,HONDA CB,3,E01002649,0,2
2024552400142,2024,552400142,1,5,0,13,13,1,5,0,0,0,1,0,0,0,0,1,6,6,1,60,9,755,1,1,HONDA CB,7,E01020436,0,3
2024481569962,2024,481569962,1,4,0,-1,19,1,5,-1,0,2,0,0,0,0,1,1,-1,2,1,40,7,471,1,2,HONDA CB,-1,-1,0,-1
2024451467183,2024,451467183,1,4,0,-1,99,1,1,-1,99,0,0,0,0,0,3,1,-1,2,1,25,5,471,1,9,HONDA CB,8,E01030537,0,1
2024991464670,2024,991464670,2,4,0,-1,19,8,4,-1,0,1,1,0,0,0,1,1,-1,9,1,67,10,499,1,26,HONDA CB,6,-1,0,1
2024552500033,2024,552500033,2,5,0,18,19,7,3,0,0,0,0,0,0,0,4,1,6,6,1,23,5,599,1,25,HONDA CB,6,E01015440,0,1
2024010522465,2024,010522465,1,5,0,18,19,3,7,0,0,1,2,0,0,0,1,1,6,6,1,28,6,599,1,19,HONDA CB,2,E01033939,0,1
2024010497974,2024,010497974,2,5,5,18,19,7,3,0,0,1,0,0,0,0,0,1,2,2,1,28,6,1284,1,18,HONDA CB,10,E01024725,0,4
2024421454810,2024,421454810,1,4,0,-1,19,2,6,-1,0,3,0,0,0,0,3,1,-1,9,1,51,8,471,1,0,HONDA CB,7,E01024113,0,4
202454D287124,2024,54D287124,2,5,0,18,19,3,7,0,0,8,0,0,0,0,1,1,6,6,1,26,6,599,1,26,HONDA CB,1,E01015573,0,1
2024552400702,2024,552400702,2,4,0,18,19,2,6,0,0,2,0,0,0,0,1,1,2,2,1,40,7,1284,1,21,HONDA CB,8,E01015320,0,1
2024461507635,2024,461507635,2,4,0,-1,8,6,3,-1,0,1,0,0,0,0,2,1,-1,6,1,59,9,471,1,6,HONDA CB,3,E01024195,0,1
2024010529095,2024,010529095,2,5,0,9,9,3,1,0,0,2,0,0,0,0,4,1,2,2,1,54,8,649,1,5,HONDA CB,7,E01033958,0,4
2024161458882,2024,161458882,2,5,0,-1,19,8,4,-1,0,1,0,0,0,0,1,1,-1,9,1,28,6,649,1,6,HONDA CB,10,E01013108,0,4
2024471396983,2024,471396983,1,5,0,-1,19,4,8,-1,0,8,0,0,0,0,1,1,-1,6,1,56,9,599,1,21,HONDA CB,4,E01021138,0,1
2024221456785,2024,221456785,2,5,0,-1,19,4,8,-1,0,0,0,0,0,0,0,1,-1,9,2,55,8,599,1,17,HONDA CB,6,E01032296,0,3
2024010507691,2024,010507691,2,4,0,4,4,3,7,0,0,8,0,0,0,0,2,1,2,2,2,28,6,471,1,3,HONDA CB,-1,-1,0,-1
2024421480214,2024,421480214,2,5,0,-1,19,2,6,-1,0,0,0,0,0,0,1,1,-1,2,1,40,7,599,1,23,HONDA CB,8,E01015876,0,4
2024501429380,2024,501429380,1,5,0,-1,19,6,2,-1,0,1,2,0,0,0,1,1,-1,9,1,51,8,599,1,14,HONDA CB,5,E01020117,0,1
2024141485753,2024,141485753,2,5,0,-1,19,4,8,-1,0,1,5,0,0,0,1,1,-1,9,1,46,8,998,1,4,HONDA CB,3,E01007371,0,1
2024231467888,2024,231467888,1,5,9,-1,19,1,5,-1,0,0,0,4,0,0,1,1,-1,6,1,30,6,599,1,17,HONDA CB,-1,-1,0,-1
2024131512717,2024,131512717,2,4,0,-1,19,3,7,-1,0,8,0,0,0,0,1,1,-1,2,1,51,8,499,1,28,HONDA CB,9,E01011311,0,2
2024010530310,2024,010530310,1,5,0,13,13,8,4,0,0,1,0,0,0,0,1,1,6,6,1,29,6,599,1,12,HONDA CB,3,E01000498,0,2
2024552401476,2024,552401476,1,5,0,11,11,1,5,0,0,8,0,0,0,0,4,1,6,6,1,22,5,755,1,0,HONDA CB,6,E01015353,0,1
2024070908826,2024,070908826,1,5,0,-1,13,4,8,-1,0,1,0,0,0,0,1,1,-1,6,1,75,10,998,1,14,HONDA CB,9,E01018529,0,1
2024311468102,2024,311468102,1,5,0,-1,19,1,4,-1,0,0,0,0,0,0,0,1,-1,9,1,34,6,998,1,13,HONDA CB,8,E01007846,0,3
2024010531653,2024,010531653,1,9,0,9,9,5,2,0,0,5,0,0,0,0,3,1,1,1,1,39,7,998,1,16,HONDA CB,3,E01001920,0,1
2024221479695,2024,221479695,2,3,0,-1,19,4,1,-1,0,0,0,0,1,10,1,1,-1,2,1,22,5,125,1,18,HONDA CB,8,E01022259,0,1
2024401422843,2024,401422843,2,5,0,-1,19,5,1,-1,0,8,0,0,0,0,1,1,-1,6,1,33,6,998,1,11,HONDA CB,5,E01015746,0,1
2024070635205,2024,070635205,2,4,0,18,19,4,8,0,0,1,5,0,0,0,1,1,6,6,1,25,5,471,1,4,HONDA CB,9,E01018526,0,1
2024052402186,2024,052402186,1,5,0,18,19,5,1,0,0,0,0,0,0,0,4,1,6,6,1,42,7,599,1,20,HONDA CB,1,E01006507,0,1
2024461454295,2024,461454295,2,5,0,-1,19,1,1,-1,0,0,0,0,0,0,1,1,-1,6,1,19,4,471,1,5,HONDA CB,2,E01024061,0,2
2024010534030,2024,010534030,1,4,0,99,99,9,9,99,99,9,9,99,9,99,9,1,6,6,1,30,6,471,1,3,HONDA CB,6,E01002332,0,2
2024131470115,2024,131470115,2,5,0,-1,19,7,3,-1,0,1,0,0,0,0,1,1,-1,9,1,34,6,649,1,7,HONDA CB,3,E01011606,0,1
2024010513551,2024,010513551,2,5,0,3,3,1,5,0,0,1,0,0,0,0,0,1,6,6,1,50,8,755,1,1,HONDA CB,5,E01035578,0,3
2024010546215,2024,010546215,1,4,0,18,19,7,3,0,0,8,0,0,0,0,1,1,6,6,1,33,6,470,1,11,HONDA CB,3,E01032574,0,2
2024622400609,2024,622400609,1,5,0,18,19,3,7,0,0,2,0,0,0,0,3,1,6,6,1,42,7,755,1,1,HONDA CB,5,W01000871,0,1
2024221458985,2024,221458985,2,4,0,-1,19,4,8,-1,0,0,0,0,0,0,1,1,-1,9,1,78,11,234,1,29,HONDA CB,7,E01028995,0,4
2024411556244,2024,411556244,2,5,0,-1,19,3,7,-1,0,8,0,0,0,0,3,1,-1,6,1,35,6,998,1,3,HONDA CB,7,E01023809,0,1
2024010499044,2024,010499044,1,3,0,99,99,9,9,99,99,9,9,99,9,99,9,1,1,1,3,22,5,649,1,6,HONDA CB,3,E01003636,0,2
2024010523092,2024,010523092,1,3,0,99,99,9,9,99,99,9,9,99,9,99,1,1,6,6,1,25,5,649,1,8,HONDA CB,7,E01003395,0,2
2024451397140,2024,451397140,1,4,0,-1,19,3,7,-1,0,1,2,0,3,0,4,1,-1,2,1,28,6,471,1,9,HONDA CB,6,E01030332,0,1
2024010535280,2024,010535280,1,5,0,14,14,1,5,0,0,1,0,0,0,0,1,1,2,2,1,34,6,998,1,2,HONDA CB,8,E01002436,0,1
2024231491035,2024,231491035,1,5,0,-1,19,1,3,-1,0,8,0,0,0,0,4,1,-1,9,1,55,8,649,1,5,HONDA CB,8,E01029833,0,3
202460Q064480,2024,60Q064480,2,5,0,3,3,5,8,0,0,1,0,0,0,0,2,1,6,6,1,53,8,1137,1,22,HONDA CB,-1,-1,0,-1
2024320114822,2024,320114822,2,5,0,14,14,6,2,0,0,0,1,0,0,0,4,1,6,6,1,26,6,649,1,3,HONDA CB,6,E01026220,0,1
2024531482699,2024,531482699,1,4,0,-1,19,5,1,-1,0,1,0,0,0,0,1,1,-1,6,1,23,5,471,1,3,HONDA CB,10,E01014992,0,3
2024451424342,2024,451424342,1,5,0,-1,9,7,3,-1,0,0,1,0,2,1,4,1,-1,9,1,27,6,599,1,16,HONDA CB,8,E01030813,0,4
2024461519742,2024,461519742,2,4,0,-1,19,5,1,-1,0,1,0,0,0,0,1,1,-1,2,1,38,7,471,1,6,HONDA CB,5,E01024452,0,1
2024010487421,2024,010487421,2,5,0,99,99,9,9,99,99,9,9,99,9,99,1,9,6,6,3,-1,-1,998,1,4,HONDA CB,9,E01002255,0,4
2024010506837,2024,010506837,1,5,0,18,19,5,1,0,0,1,9,0,0,0,1,1,1,1,1,37,7,599,1,16,HONDA CB,9,E01029939,0,4
2024451412189,2024,451412189,1,5,0,-1,19,3,7,-1,0,0,0,0,0,0,4,1,-1,2,1,26,6,599,1,24,HONDA CB,7,E01030472,0,2
2024231482352,2024,231482352,1,5,0,-1,19,7,3,-1,0,0,1,0,1,11,1,1,-1,6,1,46,8,998,1,14,HONDA CB,8,E01035015,0,2
2024552400443,2024,552400443,2,4,0,18,19,6,2,0,0,0,0,0,4,0,4,1,6,6,1,59,9,499,1,24,HONDA CB,1,E01015279,0,3
2024211484437,2024,211484437,1,5,0,-1,19,3,7,-1,0,0,2,0,0,0,3,1,-1,6,1,26,6,599,1,25,HONDA CB,5,E01029374,0,2
2024430340145,2024,430340145,1,3,0,5,5,5,1,0,0,0,5,0,0,0,0,1,6,6,2,27,6,124,1,0,HONDA CB,6,E01035730,0,3
2024340NN3192,2024,340NN3192,1,5,0,-1,13,7,3,-1,0,0,1,12,0,0,1,1,-1,6,2,27,6,599,1,14,HONDA CB,3,E01015674,0,3
2024552400737,2024,552400737,2,5,0,18,19,6,2,0,0,8,1,0,0,0,1,1,6,6,1,58,9,998,1,16,HONDA CB,1,E01015384,0,2
2024471500274,2024,471500274,2,5,0,-1,19,1,5,-1,0,1,1,10,0,0,0,1,-1,6,1,45,7,599,1,26,HONDA CB,5,E01031606,0,1
2024461467112,2024,461467112,1,3,0,-1,19,1,5,-1,0,0,1,0,0,0,3,1,-1,9,1,48,8,599,1,17,HONDA CB,8,E01024451,0,1
2024041431024,2024,041431024,2,5,0,-1,19,1,1,-1,0,0,0,0,0,0,1,1,-1,2,1,32,6,1284,1,17,HONDA CB,-1,-1,0,-1
2024552400311,2024,552400311,2,5,0,18,19,2,6,0,0,8,0,0,0,0,1,1,6,6,1,61,9,755,1,1,HONDA CB,4,E01015339,0,1
2024440337062,2024,440337062,1,4,0,18,19,4,8,0,0,1,0,0,0,0,1,1,6,6,1,33,6,755,1,1,HONDA CB,3,E01017350,0,4
2024041436198,2024,041436198,1,5,0,-1,19,5,1,-1,0,1,0,0,0,0,4,1,-1,1,1,63,9,649,1,9,HONDA CB,1,E01012748,0,1
2024471523568,2024,471523568,1,3,0,-1,9,4,2,-1,0,8,0,0,0,0,4,1,-1,6,1,29,6,124,1,0,HONDA CB,4,E01031575,0,1
2024131488118,2024,131488118,1,3,0,-1,15,8,4,-1,0,8,0,0,1,0,1,1,-1,6,1,39,7,499,1,25,HONDA CB,6,E01013001,0,4
2024421416805,2024,421416805,1,5,0,-1,19,2,6,-1,0,0,1,0,1,0,3,1,-1,2,1,27,6,755,1,1,HONDA CB,5,E01021833,0,2
2024451397017,2024,451397017,2,4,0,-1,7,1,1,-1,0,0,0,0,0,0,1,1,-1,1,1,56,9,471,1,3,HONDA CB,10,E01030316,0,1
2024451487290,2024,451487290,1,4,0,-1,19,1,5,-1,0,0,0,0,0,0,3,1,-1,6,1,37,7,233,1,28,HONDA CB,10,E01030443,0,1
2024010549779,2024,010549779,1,5,0,4,4,5,1,0,0,0,5,0,0,0,1,1,6,6,1,28,6,599,1,15,HONDA CB,8,E01000214,0,1
2024010537229,2024,010537229,1,3,0,99,99,9,9,99,99,9,9,99,9,99,1,1,6,6,1,32,6,124,1,0,HONDA CB,2,E01002099,0,1
2024430557900,2024,430557900,1,4,0,4,4,5,8,0,0,1,0,0,0,0,1,1,6,6,2,53,8,471,1,6,HONDA CB,3,E01016389,0,1
2024332400654,2024,332400654,2,5,0,-1,19,3,8,-1,0,3,0,0,0,0,4,1,-1,2,1,32,6,599,1,26,HONDA CB,4,E01013696,0,3
2024351471464,2024,351471464,2,5,0,-1,19,3,7,-1,0,1,2,0,0,0,1,1,-1,9,1,25,5,649,1,2,HONDA CB,7,E01017431,0,3
2024010535318,2024,010535318,2,4,0,4,4,1,5,0,0,1,0,0,0,0,2,1,6,6,1,59,9,471,1,6,HONDA CB,6,E01002327,0,1
2024520402054,2024,520402054,1,4,0,18,19,8,5,0,0,2,0,0,0,0,1,1,6,6,1,22,5,471,1,3,HONDA CB,4,E01029329,0,3
2024061457272,2024,061457272,2,5,0,-1,19,5,1,-1,0,0,2,0,0,0,3,1,-1,9,1,28,6,599,1,15,HONDA CB,9,E01006250,0,2
2024991407408,2024,991407408,1,5,0,-1,19,5,1,-1,0,0,1,0,1,0,4,1,-1,9,1,62,9,471,1,6,HONDA CB,5,-1,0,4
2024061418617,2024,061418617,2,5,0,-1,-1,3,7,-1,-1,0,-1,-1,-1,0,-1,1,-1,6,3,-1,-1,599,1,24,HONDA CB,-1,-1,0,-1
2024622400546,2024,622400546,2,5,0,4,4,1,5,0,0,1,0,0,0,0,0,1,6,6,1,67,10,599,1,25,HONDA CB,2,W01001073,0,2
2024010529282,2024,010529282,2,4,0,3,3,3,7,0,0,1,0,0,0,0,2,1,1,1,1,36,7,471,1,3,HONDA CB,-1,-1,0,-1
2024041450646,2024,041450646,1,5,0,-1,19,1,5,-1,0,0,5,0,0,0,1,1,-1,6,1,32,6,600,1,23,HONDA CB,4,E01012729,0,2
2024622400306,2024,622400306,2,5,0,18,19,4,8,0,0,1,0,0,0,0,1,1,1,1,1,32,6,649,1,6,HONDA CB,7,W01001240,0,1
2024010513168,2024,010513168,1,3,9,99,99,9,9,99,99,9,9,99,9,99,9,1,1,1,3,20,4,649,1,9,HONDA CB,2,E01000501,0,1
2024440175959,2024,440175959,1,5,0,18,19,1,5,0,0,0,0,0,0,0,1,1,6,6,1,60,9,649,1,7,HONDA CB,-1,-1,0,-1
2024411414656,2024,411414656,1,5,0,-1,19,3,7,-1,0,0,0,0,0,0,3,1,-1,6,1,50,8,471,1,1,HONDA CB,7,E01023963,0,1
2024010541244,2024,010541244,1,5,0,18,19,3,7,4,4,0,0,0,0,0,1,1,6,6,1,51,8,649,1,7,HONDA CB,3,E01004573,0,2
2024010504421,2024,010504421,1,4,0,99,99,9,9,99,99,9,9,99,9,99,1,1,6,6,1,51,8,499,1,24,HONDA CB,2,E01001693,0,3
2024311497101,2024,311497101,1,5,0,-1,19,1,5,-1,0,0,0,0,0,0,3,1,-1,6,2,29,6,649,1,9,HONDA CB,-1,-1,0,-1
2024430483897,2024,430483897,1,5,0,18,19,2,6,0,0,0,0,0,0,0,1,1,1,1,1,51,8,471,1,2,HONDA CB,8,E01002690,0,4
2024201518769,2024,201518769,1,4,0,-1,19,1,5,-1,0,0,0,0,0,0,1,1,-1,9,1,81,11,471,1,2,HONDA CB,4,E01026259,0,5
2024131532505,2024,131532505,1,5,0,-1,19,3,7,-1,0,0,1,0,0,0,3,1,-1,9,1,34,6,599,1,16,HONDA CB,8,E01011151,0,1
2024010517042,2024,010517042,1,5,0,18,19,9,9,99,99,9,9,99,9,99,1,1,6,6,1,33,6,649,1,9,HONDA CB,3,E01000783,0,3
2024010518439,2024,010518439,1,4,0,99,99,9,9,99,99,9,9,99,9,99,9,1,1,1,3,35,6,471,1,10,HONDA CB,3,E01001111,0,1
2024471417273,2024,471417273,2,5,0,-1,19,1,5,-1,0,1,5,0,0,0,1,1,-1,6,1,63,9,599,1,21,HONDA CB,9,E01016999,0,1
2024610030524,2024,610030524,2,3,0,13,13,2,5,0,0,0,1,0,0,0,4,1,6,6,1,18,4,124,1,26,-1,7,W01001556,0,2
2024340WN2472,2024,340WN2472,2,3,0,-1,9,6,4,-1,0,3,5,0,0,0,1,1,-1,6,1,18,4,124,1,21,-1,1,E01027177,0,1
2024122401040,2024,122401040,1,3,0,16,19,5,8,0,0,0,0,0,0,0,1,1,6,6,1,17,4,124,1,22,-1,5,E01034968,0,2
2024161481123,2024,161481123,2,3,0,-1,9,5,4,-1,0,8,0,0,0,0,1,1,-1,6,1,17,4,124,1,28,-1,4,E01012767,0,1
2024471475270,2024,471475270,1,3,0,-1,19,3,1,-1,0,4,0,0,0,0,4,1,-1,9,1,35,6,124,1,22,-1,4,E01031433,0,2
2024531442392,2024,531442392,1,3,0,-1,19,0,4,-1,0,0,1,10,0,0,4,1,-1,2,1,21,5,124,1,23,-1,9,E01022357,0,1
2024421483055,2024,421483055,1,4,0,-1,19,4,8,-1,0,1,0,0,0,0,3,1,-1,6,1,57,9,233,1,25,-1,6,E01021509,0,1
2024610019824,2024,610019824,2,5,0,7,7,7,2,0,0,3,0,0,7,7,4,1,6,6,1,25,5,889,1,3,-1,3,E01026246,0,5
2024461407449,2024,461407449,1,5,0,-1,19,5,1,-1,0,0,2,0,0,0,0,1,-1,6,1,56,9,889,1,2,-1,5,E01024495,0,1
2024161470145,2024,161470145,2,5,0,-1,19,7,3,-1,0,0,0,0,0,0,1,1,-1,9,1,44,7,889,1,2,-1,8,E01013058,0,2
2024411504554,2024,411504554,2,5,0,-1,5,1,5,-1,0,8,0,0,0,0,2,1,-1,6,1,68,10,889,1,3,-1,7,E01022098,0,3
2024010523638,2024,010523638,2,5,0,18,19,5,1,0,0,1,0,0,0,0,1,1,6,6,1,58,9,-1,-1,-1,-1,3,E01001701,0,1
2024351530776,2024,351530776,2,4,0,-1,19,1,5,-1,0,0,0,0,1,0,1,1,-1,6,1,19,4,125,1,9,-1,10,E01018285,0,1
2024421479791,2024,421479791,2,3,0,-1,19,1,5,-1,0,8,0,0,0,0,1,1,-1,2,1,44,7,125,1,8,-1,2,E01015824,0,1
2024201399775,2024,201399775,1,3,0,-1,13,4,8,-1,0,8,0,0,0,0,1,1,-1,2,1,18,4,125,1,9,-1,1,E01009746,0,1
2024531481606,2024,531481606,1,3,0,-1,19,1,5,-1,0,0,0,0,0,0,1,1,-1,9,1,23,5,125,1,9,-1,9,E01022466,0,2
2024501426068,2024,501426068,1,3,0,-1,19,7,3,-1,0,0,5,0,1,0,1,1,-1,9,1,46,8,125,1,8,-1,5,E01015051,0,4
2024010519388,2024,010519388,1,9,0,18,19,1,5,0,0,1,0,0,0,0,2,1,2,2,2,47,8,1490,8,0,-1,3,E01021858,0,3
2024631439647,2024,631439647,1,9,0,-1,13,5,1,-1,0,8,0,0,0,0,1,1,-1,9,1,38,7,1490,8,0,-1,7,E01004153,0,5
2024501468086,2024,501468086,2,9,0,-1,5,6,2,-1,0,0,0,0,0,0,1,1,-1,9,1,62,9,1490,8,0,-1,10,E01009705,0,5
2024010539700,2024,010539700,1,9,0,9,9,2,1,0,0,6,0,0,0,0,3,1,6,6,2,28,6,1490,8,0,-1,-1,-1,0,-1
2024010520013,2024,010520013,1,8,0,18,19,3,7,0,0,1,0,0,0,0,1,1,6,6,3,-1,-1,2499,2,10,LONDON TAXIS INT. TX4,-1,-1,0,-1
2024010498790,2024,010498790,1,8,0,7,7,5,7,0,0,8,0,0,0,0,1,1,1,1,1,72,10,2499,2,9,LONDON TAXIS INT. TX4,8,E01021744,0,3
2024010530973,2024,010530973,1,8,0,18,19,1,5,0,0,0,0,7,0,0,2,1,1,1,1,60,9,2499,2,9,LONDON TAXIS INT. TX4,4,E01004411,0,4
2024421407240,2024,421407240,2,9,0,-1,19,6,1,-1,0,0,1,7,0,0,4,1,-1,9,1,74,10,-1,-1,-1,LONDON TAXIS INT. TX4,8,E01003709,0,2
2024010510552,2024,010510552,1,8,0,16,19,3,7,0,0,1,0,0,0,0,1,1,1,1,1,67,10,2499,2,10,LONDON TAXIS INT. TX4,10,E01023454,0,4
2024481567023,2024,481567023,2,8,0,-1,4,3,7,-1,0,1,0,0,0,0,2,1,-1,1,1,55,8,2499,2,9,LONDON TAXIS INT. TX4,-1,-1,0,-1
2024010549476,2024,010549476,2,8,0,99,99,9,9,99,99,9,9,99,9,99,1,9,6,6,3,49,8,2499,2,10,LONDON TAXIS INT. TX4,-1,-1,0,-1
2024010540238,2024,010540238,2,8,0,2,2,0,0,2,2,1,0,8,0,0,3,1,6,6,3,-1,-1,2499,2,9,LONDON TAXIS INT. TX4,-1,-1,0,-1
2024010499322,2024,010499322,1,8,0,5,5,1,5,0,0,6,0,0,0,0,1,1,1,1,1,65,9,2499,2,10,LONDON TAXIS INT. TX4,8,E01000768,0,3
2024201470183,2024,201470183,1,8,0,-1,19,2,6,-1,0,0,0,0,0,0,1,9,-1,6,1,70,10,2499,2,14,LONDON TAXIS INT. TX4,1,E01009125,0,1
2024010519232,2024,010519232,1,8,0,99,99,9,9,99,99,9,9,99,9,99,2,9,2,2,1,64,9,2776,2,7,LONDON TAXIS INT. TX4,7,E01004359,0,2
2024010548737,2024,010548737,1,8,0,6,6,1,1,0,0,0,0,0,0,0,1,1,1,1,1,49,8,2776,2,8,LONDON TAXIS INT. TX4,6,E01000284,0,3
2024010527921,2024,010527921,3,8,0,3,3,5,1,0,0,1,0,0,0,0,2,1,1,1,1,46,8,2776,2,8,LONDON TAXIS INT. TX4,3,E01018087,0,5