collision_index,collision_year,collision_ref_no,vehicle_reference,vehicle_type,towing_and_articulation,vehicle_manoeuvre_historic,vehicle_manoeuvre,vehicle_direction_from,vehicle_direction_to,vehicle_location_restricted_lane_historic,vehicle_location_restricted_lane,junction_location,skidding_and_overturning,hit_object_in_carriageway,vehicle_leaving_carriageway,hit_object_off_carriageway,first_point_of_impact,vehicle_left_hand_drive,journey_purpose_of_driver_historic,journey_purpose_of_driver,sex_of_driver,age_of_driver,age_band_of_driver,engine_capacity_cc,propulsion_code,age_of_vehicle,generic_make_model,driver_imd_decile,lsoa_of_driver,escooter_flag,driver_distance_banding
2024010503748,2024,010503748,1,8,0,4,4,7,3,0,0,2,0,0,0,0,4,1,1,1,1,71,10,2776,2,8,LONDON TAXIS INT. TX4,-1,-1,0,-1
2024052402626,2024,052402626,2,8,0,18,19,7,3,0,0,1,0,0,0,0,1,1,2,2,1,52,8,2499,2,15,LONDON TAXIS INT. TX4,5,E01006512,0,1
2024052401697,2024,052401697,1,8,0,1,1,1,7,0,0,0,0,0,0,0,2,1,6,6,1,-1,-1,2499,2,14,LONDON TAXIS INT. TX4,-1,-1,0,-1
2024052500001,2024,052500001,2,8,0,18,19,1,5,0,0,8,0,0,0,0,1,1,1,1,1,71,10,2499,2,17,LONDON TAXIS INT. TX4,1,E01006564,0,1
2024010537018,2024,010537018,2,8,0,18,19,1,5,0,0,8,0,0,0,0,3,1,1,1,1,53,8,2499,2,10,LONDON TAXIS INT. TX4,5,E01003638,0,3
2024010537416,2024,010537416,1,8,0,99,99,9,9,99,99,9,9,99,9,99,9,9,6,6,3,45,7,2776,2,7,LONDON TAXIS INT. TX4,-1,-1,0,-1
2024481561505,2024,481561505,1,8,0,-1,9,3,1,-1,0,8,0,0,0,0,0,1,-1,1,1,62,9,2499,2,11,LONDON TAXIS INT. TX4,-1,-1,0,-1
2024010530213,2024,010530213,2,9,9,2,2,9,9,99,99,0,9,99,9,99,9,9,6,6,3,-1,-1,-1,-1,-1,LONDON TAXIS INT. TX4,-1,-1,0,-1
2024061422023,2024,061422023,1,8,0,-1,19,1,5,-1,0,0,0,0,0,0,4,9,-1,1,1,76,11,2776,2,7,LONDON TAXIS INT. TX4,3,E01006115,0,1
2024991459114,2024,991459114,2,8,0,-1,19,2,5,-1,0,0,0,0,0,0,1,1,-1,1,1,60,9,2499,2,17,LONDON TAXIS INT. TX4,1,-1,0,1
2024141434595,2024,141434595,2,9,0,-1,19,8,4,-1,0,0,0,0,0,0,1,1,-1,1,1,29,6,-1,-1,-1,LONDON TAXIS INT. TX4,2,E01007914,0,2
2024010519565,2024,010519565,1,8,0,18,19,5,1,0,0,8,0,0,0,0,1,1,1,1,1,60,9,2776,2,7,LONDON TAXIS INT. TX4,7,E01022620,0,4
2024010551158,2024,010551158,1,8,0,9,9,1,6,0,0,2,0,0,0,0,3,1,1,1,1,57,9,2499,2,9,LONDON TAXIS INT. TX4,2,E01001820,0,2
2024052402776,2024,052402776,2,8,0,5,5,7,3,0,0,0,0,0,0,0,3,1,6,6,1,60,9,2499,2,17,LONDON TAXIS INT. TX4,1,E01006696,0,1
2024010531761,2024,010531761,1,8,0,7,7,2,4,0,0,8,0,0,0,0,1,2,2,2,1,56,9,2499,2,11,LONDON TAXIS INT. TX4,3,E01016014,0,4
2024201512906,2024,201512906,1,8,0,-1,9,7,5,-1,0,6,0,0,0,0,1,1,-1,1,1,63,9,2499,2,16,LONDON TAXIS INT. TX4,1,E01009570,0,2
2024010520981,2024,010520981,1,8,0,18,19,3,7,0,0,0,0,0,0,0,1,1,6,6,1,65,9,2499,2,10,LONDON TAXIS INT. TX4,7,E01030300,0,4
2024010519451,2024,010519451,2,8,0,4,4,7,3,0,0,1,0,0,0,0,1,1,1,1,1,61,9,2776,2,7,LONDON TAXIS INT. TX4,-1,-1,0,-1
2024061517533,2024,061517533,1,8,0,-1,19,-1,-1,-1,2,0,0,0,0,0,3,1,-1,1,1,61,9,2499,2,12,LONDON TAXIS INT. TX4,1,E01005166,0,1
2024201507236,2024,201507236,1,8,0,-1,11,2,6,-1,0,0,0,7,1,7,4,1,-1,6,1,56,9,2499,2,16,LONDON TAXIS INT. TX4,3,E01034737,0,3
2024010530358,2024,010530358,2,8,0,18,19,1,5,3,2,1,0,0,0,0,3,1,1,1,1,56,9,2499,2,9,LONDON TAXIS INT. TX4,5,E01033884,0,1
2024991458562,2024,991458562,1,8,0,-1,9,6,2,-1,0,1,0,0,0,0,1,1,-1,1,1,55,8,2776,2,8,LONDON TAXIS INT. TX4,1,-1,0,2
2024052400521,2024,052400521,1,8,0,9,9,1,7,0,0,8,0,0,0,0,1,1,1,1,3,-1,-1,2499,2,14,LONDON TAXIS INT. TX4,-1,-1,0,-1
2024010547315,2024,010547315,1,8,0,18,19,3,7,4,4,0,0,10,0,0,0,1,6,6,1,57,9,2776,2,7,LONDON TAXIS INT. TX4,8,E01021375,0,4
2024010530319,2024,010530319,1,8,0,6,6,9,9,99,99,9,9,99,9,99,9,9,6,6,1,-1,-1,2776,2,7,LONDON TAXIS INT. TX4,-1,-1,0,-1
2024010544289,2024,010544289,2,8,0,7,7,3,5,0,0,1,0,0,0,0,1,1,2,2,1,61,9,2499,2,9,LONDON TAXIS INT. TX4,7,E01002343,0,4
2024061492614,2024,061492614,1,8,0,-1,19,1,5,-1,0,1,0,0,0,0,4,1,-1,1,1,68,10,2499,2,10,LONDON TAXIS INT. TX4,5,E01005269,0,2
2024010514542,2024,010514542,1,8,0,18,19,4,8,0,0,1,0,0,0,0,1,1,1,1,1,43,7,2776,2,7,LONDON TAXIS INT. TX4,2,E01000954,0,1
2024061494931,2024,061494931,1,8,0,-1,19,-1,-1,-1,0,0,0,0,0,0,3,1,-1,6,1,-1,-1,2499,2,15,LONDON TAXIS INT. TX4,1,E01005119,0,1
2024010523159,2024,010523159,1,8,0,18,19,7,3,0,0,0,0,0,0,0,1,1,1,1,1,54,8,2499,2,10,LONDON TAXIS INT. TX4,7,E01000340,0,3
2024061487809,2024,061487809,2,8,0,-1,19,1,1,-1,0,0,0,99,0,0,1,1,-1,6,3,30,6,2499,2,13,LONDON TAXIS INT. TX4,-1,-1,0,-1
2024010545240,2024,010545240,2,8,0,16,19,5,1,0,0,1,0,0,0,0,1,1,1,1,1,55,8,2776,2,7,LONDON TAXIS INT. TX4,9,E01021787,0,3
2024070205343,2024,070205343,1,8,0,-1,-1,6,2,0,0,8,0,0,0,0,4,1,1,1,1,73,10,2499,2,14,LONDON TAXIS INT. TX4,6,E01012378,0,1
2024991402143,2024,991402143,1,8,0,-1,2,1,5,-1,0,1,0,0,3,0,2,9,-1,1,1,73,10,2499,2,15,LONDON TAXIS INT. TX4,1,-1,0,1
2024430227117,2024,430227117,2,8,0,18,19,2,6,0,0,1,0,0,1,0,1,1,1,1,1,65,9,2499,2,13,LONDON TAXIS INT. TX4,6,E01028575,0,1
2024221484106,2024,221484106,1,8,0,-1,5,6,2,-1,0,0,0,0,0,0,4,9,-1,6,1,70,10,2664,2,14,LONDON TAXIS INT. TX4,8,E01032285,0,1
2024991508725,2024,991508725,3,8,0,-1,10,3,8,-1,0,1,0,0,0,0,0,1,-1,1,1,56,9,2499,2,11,LONDON TAXIS INT. TX4,7,-1,0,2
2024052401087,2024,052401087,1,9,0,14,14,4,8,0,0,0,0,0,0,0,3,1,1,1,1,45,7,-1,-1,-1,LONDON TAXIS INT. TX4,2,E01006586,0,1
2024010536355,2024,010536355,1,8,9,99,99,9,9,99,99,9,9,99,9,99,9,9,6,6,1,68,10,2499,2,10,LONDON TAXIS INT. TX4,5,E01000747,0,4
2024201492591,2024,201492591,1,8,0,-1,19,5,1,-1,0,0,0,0,0,0,1,9,-1,6,1,40,7,2499,2,15,LONDON TAXIS INT. TX4,1,E01009053,0,1
2024061466714,2024,061466714,2,8,0,-1,10,5,2,-1,0,1,0,0,0,0,2,9,-1,1,1,44,7,2499,2,11,LONDON TAXIS INT. TX4,-1,-1,0,-1
2024010532342,2024,010532342,2,8,0,99,99,9,9,99,99,9,9,99,9,99,1,9,6,6,3,-1,-1,2499,2,11,LONDON TAXIS INT. TX4,-1,-1,0,-1
2024340NN3402,2024,340NN3402,1,8,0,-1,9,6,2,-1,0,8,0,0,0,0,1,1,-1,1,1,-1,-1,2499,2,9,LONDON TAXIS INT. TX4,-1,-1,0,-1
2024430162923,2024,430162923,1,8,0,18,19,7,3,0,0,2,0,0,0,0,1,1,1,1,1,51,8,2499,2,9,LONDON TAXIS INT. TX4,5,E01016405,0,1
2024351475983,2024,351475983,1,8,-1,-1,-1,-1,-1,-1,-1,-1,-1,-1,-1,0,-1,9,-1,1,1,67,10,2499,2,9,LONDON TAXIS INT. TX4,2,E01015604,0,1
2024010515831,2024,010515831,1,8,0,18,19,5,1,0,0,1,0,0,0,0,4,1,1,1,1,63,9,2499,2,9,LONDON TAXIS INT. TX4,8,E01003649,0,3
2024010513103,2024,010513103,1,8,0,99,99,9,9,99,99,9,9,99,9,99,1,9,1,1,1,56,9,2499,2,11,LONDON TAXIS INT. TX4,7,E01023335,0,3
2024061431356,2024,061431356,2,8,0,-1,19,7,3,-1,0,1,0,0,0,0,1,1,-1,1,1,44,7,2499,2,12,LONDON TAXIS INT. TX4,1,E01034120,0,3
2024991521039,2024,991521039,1,8,0,-1,19,3,7,-1,0,8,0,0,0,0,1,1,-1,1,1,62,9,1998,2,13,LONDON TAXIS INT. TX4,2,-1,0,1
2024010501759,2024,010501759,2,8,0,99,99,9,9,99,99,9,9,99,9,99,9,9,6,6,3,-1,-1,2776,2,8,LONDON TAXIS INT. TX4,-1,-1,0,-1
2024430367366,2024,430367366,1,8,0,18,19,5,1,0,0,0,0,4,0,0,1,1,1,1,1,50,8,2499,2,14,LONDON TAXIS INT. TX4,3,E01028577,0,1
2024010539388,2024,010539388,1,8,0,18,19,7,3,0,0,1,0,0,0,0,1,1,1,1,1,72,10,2499,2,10,LONDON TAXIS INT. TX4,6,E01003790,0,3
2024430310995,2024,430310995,2,9,0,5,5,3,7,0,0,0,0,0,0,0,3,1,6,6,3,-1,-1,-1,-1,-1,LONDON TAXIS INT. TX4,-1,-1,0,-1
2024010541459,2024,010541459,4,8,0,18,19,5,1,0,0,1,0,0,0,0,3,1,6,6,1,58,9,2499,2,10,LONDON TAXIS INT. TX4,4,E01001518,0,2
2024481563459,2024,481563459,1,8,0,-1,9,7,5,-1,0,8,0,0,0,0,3,1,-1,1,1,35,6,2499,2,10,LONDON TAXIS INT. TX4,-1,-1,0,-1
2024010534574,2024,010534574,1,8,0,14,14,7,3,0,0,0,0,0,0,0,1,1,1,1,1,54,8,2499,2,10,LONDON TAXIS INT. TX4,8,E01003673,0,3
2024991499877,2024,991499877,1,8,0,-1,19,7,5,-1,9,0,0,0,7,0,1,1,-1,1,1,62,9,2500,7,13,LONDON TAXIS INT. TX4,10,-1,0,2
2024201430588,2024,201430588,2,8,0,-1,19,8,3,-1,0,5,0,0,0,0,4,1,-1,7,1,57,9,1998,7,14,LONDON TAXIS INT. TX4,6,E01009040,0,1
2024010527641,2024,010527641,2,8,0,18,19,7,3,0,0,1,0,0,0,0,1,1,6,6,1,52,8,2499,2,11,LONDON TAXIS INT. TX4,3,E01033933,0,2
2024010542916,2024,010542916,2,8,0,3,3,7,3,0,0,2,0,4,0,0,2,1,1,1,1,66,10,2499,2,10,LONDON TAXIS INT. TX4,5,E01023332,0,4
2024010524757,2024,010524757,2,8,0,9,9,2,7,0,0,5,0,0,0,0,1,1,2,2,1,64,9,2499,2,11,LONDON TAXIS INT. TX4,6,E01021770,0,4
2024421418724,2024,421418724,1,8,0,-1,19,5,1,-1,0,0,5,0,0,0,1,1,-1,1,1,72,10,2499,2,12,LONDON TAXIS INT. TX4,7,E01002365,0,3
2024061462685,2024,061462685,1,8,0,-1,4,3,7,-1,0,0,0,0,0,0,1,1,-1,1,1,48,8,2499,2,15,LONDON TAXIS INT. TX4,1,E01005104,0,3
2024061505706,2024,061505706,1,8,0,-1,19,1,5,-1,0,1,0,0,0,0,1,1,-1,2,1,75,10,2499,2,10,LONDON TAXIS INT. TX4,4,E01005850,0,2
2024421533530,2024,421533530,1,8,0,-1,19,6,2,-1,0,0,0,0,0,0,1,1,-1,6,1,68,10,2776,2,8,LONDON TAXIS INT. TX4,9,E01021804,0,1
2024010535559,2024,010535559,1,8,0,99,99,9,9,99,99,9,9,99,9,99,1,9,6,6,3,51,8,2499,2,9,LONDON TAXIS INT. TX4,6,E01021810,0,4
2024010548837,2024,010548837,2,8,0,99,99,9,9,99,99,9,9,99,9,99,9,9,6,6,3,57,9,2776,2,7,LONDON TAXIS INT. TX4,-1,-1,0,-1
2024010521655,2024,010521655,2,8,0,99,99,9,9,99,99,9,9,99,9,99,9,9,6,6,3,53,8,2499,2,9,LONDON TAXIS INT. TX4,2,E01000952,0,2
2024461401046,2024,461401046,1,8,0,-1,19,7,3,-1,0,1,0,0,0,0,1,1,-1,1,1,52,8,2499,2,10,LONDON TAXIS INT. TX4,6,E01024367,0,1
2024061406600,2024,061406600,1,8,0,-1,19,6,3,-1,0,0,5,0,1,7,1,1,-1,1,1,65,9,2499,2,13,LONDON TAXIS INT. TX4,5,E01006593,0,4
2024052400296,2024,052400296,1,8,0,18,19,8,4,0,0,5,0,0,1,11,3,1,1,1,1,62,9,2499,2,14,LONDON TAXIS INT. TX4,3,E01006528,0,2
2024010544234,2024,010544234,1,8,0,18,19,7,3,0,0,4,0,0,0,0,1,1,6,6,3,-1,-1,2499,2,9,LONDON TAXIS INT. TX4,-1,-1,0,-1
2024010545918,2024,010545918,1,8,0,99,99,9,9,99,99,9,9,99,9,99,9,9,6,6,1,69,10,2776,2,7,LONDON TAXIS INT. TX4,5,E01004056,0,1
2024231470665,2024,231470665,1,9,0,-1,19,2,6,-1,0,0,0,0,0,0,1,1,-1,6,1,33,6,-1,-1,-1,LONDON TAXIS INT. TX4,1,E01009567,0,2
2024010548069,2024,010548069,1,8,0,-1,-1,5,1,0,0,8,0,11,0,0,9,1,6,6,3,-1,-1,2499,2,11,LONDON TAXIS INT. TX4,-1,-1,0,-1
2024052401347,2024,052401347,1,8,0,18,19,4,1,0,0,1,0,0,0,0,1,1,1,1,3,-1,-1,2499,2,13,LONDON TAXIS INT. TX4,-1,-1,0,-1
2024332401208,2024,332401208,2,9,0,-1,19,2,7,-1,0,8,0,0,0,0,4,1,-1,1,1,58,9,-1,-1,-1,LONDON TAXIS INT. TX4,7,E01013712,0,1
2024010512102,2024,010512102,1,8,0,1,1,2,6,0,0,0,0,4,0,0,2,1,1,1,1,70,10,2499,2,9,LONDON TAXIS INT. TX4,2,E01004205,0,2
2024010497872,2024,010497872,2,8,0,99,99,9,9,99,99,9,9,99,9,99,9,9,6,6,3,-1,-1,2499,2,12,LONDON TAXIS INT. TX4,-1,-1,0,-1
2024061442733,2024,061442733,1,8,0,-1,6,5,1,-1,0,0,0,0,0,0,3,2,-1,1,1,56,9,2776,2,8,LONDON TAXIS INT. TX4,1,E01005291,0,3
2024411509508,2024,411509508,1,8,0,-1,19,7,3,-1,0,2,0,0,0,0,1,9,-1,6,1,77,11,2499,2,10,LONDON TAXIS INT. TX4,4,E01023560,0,1
2024061398773,2024,061398773,1,8,-1,-1,-1,-1,-1,-1,-1,-1,-1,-1,-1,0,-1,9,-1,6,1,-1,-1,2499,2,16,LONDON TAXIS INT. TX4,-1,-1,0,-1
2024991407539,2024,991407539,1,8,0,-1,15,5,1,-1,0,0,0,0,0,0,3,2,-1,1,1,57,9,1998,7,13,LONDON TAXIS INT. TX4,3,-1,0,1
2024010549416,2024,010549416,1,8,0,99,99,9,9,99,99,0,9,99,9,99,1,1,6,6,1,74,10,2499,2,10,LONDON TAXIS INT. TX4,7,E01000296,0,3
2024201512270,2024,201512270,1,8,0,-1,19,2,5,-1,0,0,0,0,0,0,1,1,-1,6,1,65,9,2499,2,13,LONDON TAXIS INT. TX4,2,E01009017,0,1
2024430460807,2024,430460807,1,8,0,18,19,6,2,0,0,1,0,0,0,0,1,1,1,1,1,-1,-1,2776,2,7,LONDON TAXIS INT. TX4,-1,-1,0,-1
2024340NN2912,2024,340NN2912,1,8,0,-1,19,5,1,-1,0,1,0,0,0,0,1,1,-1,1,1,73,10,2499,2,13,LONDON TAXIS INT. TX4,3,E01026982,0,1
2024010522401,2024,010522401,1,8,0,99,99,9,9,99,99,9,9,99,9,99,9,9,6,6,3,46,8,2499,2,11,LONDON TAXIS INT. TX4,6,E01003672,0,3
2024201495807,2024,201495807,1,8,0,-1,3,2,6,-1,0,0,0,0,0,0,2,1,-1,6,1,65,9,1998,7,12,LONDON TAXIS INT. TX4,-1,-1,0,-1
2024010515169,2024,010515169,1,8,0,99,99,9,9,99,99,9,9,99,9,99,1,9,6,6,3,59,9,2499,2,9,LONDON TAXIS INT. TX4,5,E01030725,0,4
2024010523740,2024,010523740,1,8,0,18,19,5,1,0,0,2,0,0,0,0,3,1,1,1,1,55,8,2499,2,10,LONDON TAXIS INT. TX4,4,E01000780,0,2
2024061423025,2024,061423025,2,8,0,-1,-1,-1,-1,-1,-1,-1,-1,-1,-1,0,-1,1,-1,6,3,-1,-1,2499,2,14,LONDON TAXIS INT. TX4,5,E01005296,0,1
2024052402477,2024,052402477,1,8,0,18,19,3,7,0,0,0,0,0,0,0,1,1,1,1,1,58,9,2499,2,14,LONDON TAXIS INT. TX4,2,E01006479,0,2
2024061526365,2024,061526365,2,8,0,-1,19,7,3,-1,0,8,0,0,2,0,3,1,-1,1,1,53,8,2499,2,14,LONDON TAXIS INT. TX4,3,E01006179,0,1
2024201535906,2024,201535906,2,8,0,-1,2,0,0,-1,0,1,1,4,0,0,2,1,-1,1,1,46,8,2499,2,15,LONDON TAXIS INT. TX4,-1,-1,0,-1
2024061425414,2024,061425414,2,8,0,-1,19,5,1,-1,0,1,0,0,0,0,1,1,-1,1,1,50,8,2776,2,8,LONDON TAXIS INT. TX4,4,E01006141,0,2
2024320055518,2024,320055518,1,8,0,-1,-1,2,6,0,0,0,2,0,1,9,1,1,1,1,1,38,7,2499,2,10,LONDON TAXIS INT. TX4,1,E01015603,0,4
2024010534895,2024,010534895,2,8,0,-1,-1,1,5,0,0,1,0,0,1,0,1,1,2,2,1,65,9,2499,2,9,LONDON TAXIS INT. TX4,10,E01030561,0,1
2024010528689,2024,010528689,2,8,0,9,9,7,6,0,0,8,0,0,0,0,2,2,1,1,1,61,9,2776,2,7,LONDON TAXIS INT. TX4,-1,-1,0,-1
2024010546062,2024,010546062,2,8,0,9,9,1,7,0,0,8,0,0,0,0,1,1,1,1,1,67,10,2776,2,9,LONDON TAXIS INT. TX4,4,E01002233,0,3
2024440490864,2024,440490864,1,9,0,4,4,7,3,0,0,0,2,0,7,9,1,1,3,7,1,43,7,1397,1,17,MINI ONE,5,E01017306,0,2
2024052400969,2024,052400969,2,9,0,17,19,5,1,0,0,0,0,0,0,0,3,1,6,6,1,20,4,1598,1,13,MINI ONE,4,E01007161,0,1
2024371438818,2024,371438818,2,9,0,-1,19,3,7,-1,0,0,0,0,0,0,0,1,-1,6,2,31,6,1598,1,10,MINI ONE,4,E01022011,0,3
2024522403133,2024,522403133,1,9,0,17,19,2,7,0,0,0,0,10,1,11,1,1,6,6,1,39,7,1598,1,20,MINI ONE,2,E01014691,0,1
2024552400352,2024,552400352,1,9,0,18,19,8,4,0,0,0,0,0,0,0,1,1,6,6,2,52,8,1598,1,13,MINI ONE,5,E01020462,0,1
2024520003201,2024,520003201,2,9,0,18,19,3,7,0,0,8,0,0,0,0,3,1,6,6,1,45,7,1598,1,18,MINI ONE,4,E01014650,0,3
2024991449687,2024,991449687,1,9,0,-1,19,7,3,-1,0,0,0,0,0,0,1,2,-1,6,2,20,4,1198,1,9,MINI ONE,9,-1,0,3
2024061525344,2024,061525344,1,9,0,-1,-1,-1,-1,-1,-1,0,-1,-1,-1,0,-1,9,-1,6,3,-1,-1,1198,1,7,MINI ONE,-1,-1,0,-1
2024141424051,2024,141424051,3,9,0,-1,19,3,7,-1,0,1,0,0,0,0,3,1,-1,6,2,51,8,1499,1,6,MINI ONE,2,E01006359,0,4
2024302400217,2024,302400217,2,9,0,18,19,1,5,0,0,8,0,0,0,0,4,1,6,6,2,29,6,1598,2,12,MINI ONE,8,E01019423,0,2
2024461518842,2024,461518842,1,9,0,-1,9,1,2,-1,0,6,0,0,0,0,1,2,-1,6,1,17,4,1598,1,14,MINI ONE,4,E01024134,0,1
2024201464446,2024,201464446,2,9,0,-1,19,4,8,-1,0,8,0,0,0,0,1,1,-1,6,1,38,7,1598,1,14,MINI ONE,4,E01009035,0,1
2024501425861,2024,501425861,1,9,0,-1,19,1,5,-1,0,0,0,0,0,0,4,1,-1,1,1,23,5,1598,1,18,MINI ONE,1,E01015232,0,1
2024320126200,2024,320126200,1,9,0,9,9,7,4,0,0,6,0,0,0,1,1,1,-1,-1,2,32,6,1600,2,13,MINI ONE,8,E01026185,0,1
2024411417197,2024,411417197,1,9,0,-1,19,2,6,-1,0,0,0,0,4,0,1,1,-1,6,1,43,7,1397,1,16,MINI ONE,9,E01001422,0,3
2024031495053,2024,031495053,1,9,0,-1,19,8,5,-1,0,0,0,0,0,0,1,1,-1,6,2,31,6,1397,1,16,MINI ONE,-1,-1,0,-1
2024461473629,2024,461473629,1,9,0,-1,19,1,5,-1,0,0,0,0,1,0,0,2,-1,9,1,17,4,1397,1,15,MINI ONE,6,E01023989,0,2
2024010545208,2024,010545208,1,9,0,18,19,5,1,0,0,2,0,0,0,0,1,1,6,6,1,57,9,1598,1,17,MINI ONE,1,E01001714,0,1
202417S103024,2024,17S103024,2,9,0,4,4,5,1,0,0,1,0,0,0,0,2,1,6,6,2,19,4,1198,1,9,MINI ONE,7,E01012202,0,1
2024991480234,2024,991480234,2,9,0,-1,19,7,3,-1,0,1,0,0,1,7,3,1,-1,2,2,20,4,1598,1,21,MINI ONE,2,-1,0,2
2024451530527,2024,451530527,1,9,0,-1,9,5,1,-1,0,1,0,0,0,0,1,1,-1,9,2,17,4,1198,1,7,MINI ONE,10,E01030606,0,1
2024451452823,2024,451452823,1,9,0,-1,12,1,2,-1,0,1,0,0,3,0,1,1,-1,9,1,17,4,1600,1,13,MINI ONE,7,E01030660,0,1
2024010527992,2024,010527992,2,9,0,2,2,0,0,0,0,0,0,0,0,0,0,1,6,6,3,-1,-1,1397,1,15,MINI ONE,-1,-1,0,-1
2024451526230,2024,451526230,1,9,0,-1,3,7,3,-1,0,0,0,0,0,0,3,1,-1,6,2,67,10,1496,2,8,MINI ONE,7,E01030347,0,1
202417H105424,2024,17H105424,1,9,0,-1,19,5,1,-1,0,0,0,0,0,0,1,1,-1,9,2,60,9,1598,1,13,MINI ONE,-1,-1,0,-1
2024471423747,2024,471423747,1,9,0,-1,9,8,5,-1,0,8,1,0,0,0,4,1,-1,7,1,51,8,1598,1,22,MINI ONE,5,E01021099,0,3
2024501543260,2024,501543260,2,9,0,-1,4,8,4,-1,0,0,0,0,0,0,1,1,-1,6,3,-1,-1,1598,1,20,MINI ONE,-1,-1,0,-1
2024411401218,2024,411401218,2,9,0,-1,19,6,2,-1,0,0,0,0,0,0,1,9,-1,6,2,47,8,1598,1,20,MINI ONE,6,E01023904,0,1
2024522402400,2024,522402400,1,8,0,18,19,2,6,0,0,8,0,0,0,0,4,1,6,6,2,23,5,1598,1,13,MINI ONE,1,E01033367,0,2
2024070560262,2024,070560262,1,9,0,9,9,3,1,0,0,1,0,0,0,0,1,1,6,6,2,20,4,1598,1,20,MINI ONE,-1,-1,0,-1
2024451455098,2024,451455098,2,9,0,-1,11,7,3,-1,0,8,0,0,0,0,4,1,-1,2,2,20,4,1598,2,11,MINI ONE,8,E01030890,0,1
2024440063821,2024,440063821,1,9,0,17,19,2,6,0,0,0,0,0,1,1,1,1,6,6,2,27,6,1598,1,12,MINI ONE,10,E01022861,0,1
2024010508451,2024,010508451,2,9,0,18,19,1,5,0,0,7,0,0,0,0,2,1,2,2,2,37,7,1198,1,7,MINI ONE,2,E01034478,0,1
2024520403245,2024,520403245,1,9,0,18,19,4,8,0,0,0,0,0,0,0,3,1,6,6,2,71,10,1499,1,4,MINI ONE,3,E01029338,0,1
2024552401067,2024,552401067,2,9,0,3,3,4,8,0,0,0,0,0,0,0,2,1,6,6,2,65,9,1598,1,17,MINI ONE,10,E01020356,0,1
2024461521854,2024,461521854,1,9,0,-1,5,6,8,-1,0,6,0,0,1,0,3,1,-1,6,2,63,9,1598,1,12,MINI ONE,5,E01024532,0,3
2024161477469,2024,161477469,2,9,0,-1,9,1,7,-1,0,8,0,0,0,0,3,1,-1,6,2,62,9,1598,1,14,MINI ONE,-1,-1,0,-1
2024161459927,2024,161459927,2,9,0,-1,3,2,6,-1,0,0,0,0,0,0,2,1,-1,2,1,19,4,1598,1,22,MINI ONE,1,E01012854,0,1
2024451435409,2024,451435409,1,9,0,-1,4,1,5,-1,0,0,0,0,0,0,1,1,-1,6,1,18,4,1397,1,17,MINI ONE,9,E01031517,0,2
2024070635686,2024,070635686,1,9,0,9,9,6,3,0,0,1,0,0,0,0,1,1,6,6,2,39,7,1598,1,13,MINI ONE,8,E01018681,0,2
2024991398681,2024,991398681,1,9,0,-1,9,7,5,-1,0,6,0,0,0,0,3,1,-1,2,2,25,5,1496,2,8,MINI ONE,5,-1,0,4
2024201461024,2024,201461024,1,9,0,-1,7,1,5,-1,0,1,0,0,0,0,1,2,-1,6,3,-1,-1,1598,1,21,MINI ONE,-1,-1,0,-1
2024471478931,2024,471478931,5,9,0,-1,2,0,0,-1,0,0,0,0,0,0,3,1,-1,6,-1,-1,-1,1198,1,8,MINI ONE,-1,-1,0,-1
2024221522560,2024,221522560,2,9,0,-1,19,8,4,-1,0,0,0,0,0,0,1,1,-1,6,2,56,9,1598,2,10,MINI ONE,7,E01014028,0,4
2024010546161,2024,010546161,1,9,0,18,19,6,2,0,0,8,0,0,0,0,1,1,6,6,2,50,8,1598,1,19,MINI ONE,9,E01003364,0,1
2024010534291,2024,010534291,1,9,0,18,19,5,1,0,0,1,0,0,0,0,1,1,6,6,2,22,5,1598,1,19,MINI ONE,10,E01023741,0,3
2024010519593,2024,010519593,1,9,0,9,9,7,5,0,0,1,0,0,0,0,1,1,6,6,1,54,8,1598,1,11,MINI ONE,8,E01000269,0,1
2024440063422,2024,440063422,1,9,0,18,19,6,2,0,0,0,0,0,0,0,2,1,6,6,2,-1,-1,1598,1,13,MINI ONE,-1,-1,0,-1
2024041405167,2024,041405167,1,9,0,-1,19,5,1,-1,0,2,0,0,0,0,1,1,-1,9,2,35,6,1598,2,10,MINI ONE,8,E01034351,0,3
2024221530203,2024,221530203,1,9,0,-1,7,3,5,-1,0,5,0,0,0,0,1,1,-1,6,1,54,8,1598,1,21,MINI ONE,-1,-1,0,-1
2024411487061,2024,411487061,2,9,0,-1,19,7,3,-1,0,0,0,0,1,0,1,1,-1,2,1,55,8,1198,1,8,MINI ONE,8,E01023514,0,3
2024991518301,2024,991518301,1,9,0,-1,5,2,6,-1,0,6,0,0,0,0,1,1,-1,6,1,17,4,1598,1,22,MINI ONE,1,-1,0,1