collision_index,collision_year,collision_ref_no,vehicle_reference,vehicle_type,towing_and_articulation,vehicle_manoeuvre_historic,vehicle_manoeuvre,vehicle_direction_from,vehicle_direction_to,vehicle_location_restricted_lane_historic,vehicle_location_restricted_lane,junction_location,skidding_and_overturning,hit_object_in_carriageway,vehicle_leaving_carriageway,hit_object_off_carriageway,first_point_of_impact,vehicle_left_hand_drive,journey_purpose_of_driver_historic,journey_purpose_of_driver,sex_of_driver,age_of_driver,age_band_of_driver,engine_capacity_cc,propulsion_code,age_of_vehicle,generic_make_model,driver_imd_decile,lsoa_of_driver,escooter_flag,driver_distance_banding
2024010513229,2024,010513229,2,9,0,99,99,9,9,99,99,9,9,99,9,99,9,9,6,6,3,-1,-1,1598,1,17,MINI ONE,-1,-1,0,-1
2024010522921,2024,010522921,2,9,0,9,9,8,6,0,0,1,0,0,0,0,1,1,6,6,3,-1,-1,1496,2,9,MINI ONE,-1,-1,0,-1
2024010526290,2024,010526290,2,9,0,99,99,9,9,99,99,9,9,99,9,99,1,9,6,6,3,-1,-1,1598,1,14,MINI ONE,-1,-1,0,-1
2024010508349,2024,010508349,1,9,0,7,7,1,3,0,0,5,0,0,0,0,4,1,6,6,2,54,8,1198,1,9,MINI ONE,7,E01003199,0,1
2024552400943,2024,552400943,2,9,0,18,19,6,2,0,0,0,0,0,1,0,1,1,6,6,2,41,7,1598,1,13,MINI ONE,9,E01032189,0,5
2024131518992,2024,131518992,3,9,0,-1,2,0,0,-1,0,0,0,0,0,0,2,1,-1,6,-1,-1,-1,1397,1,15,MINI ONE,-1,-1,0,-1
2024010506687,2024,010506687,2,9,0,99,99,9,9,99,99,9,9,99,9,99,1,9,6,6,3,-1,-1,1397,1,15,MINI ONE,-1,-1,0,-1
2024010547101,2024,010547101,1,9,0,99,99,9,9,99,99,9,9,99,9,99,2,9,2,2,2,31,6,1598,1,19,MINI ONE,3,E01030711,0,1
2024061436106,2024,061436106,2,9,0,-1,19,5,1,-1,0,1,1,0,0,0,1,1,-1,2,1,47,8,1598,1,21,MINI ONE,-1,-1,0,-1
2024041491096,2024,041491096,1,9,0,-1,19,3,3,-1,0,1,0,0,0,0,4,1,-1,9,1,60,9,1598,1,12,MINI ONE,7,E01025251,0,1
2024501462729,2024,501462729,1,9,0,-1,19,2,6,-1,0,0,0,0,0,0,1,1,-1,9,2,61,9,1598,1,18,MINI ONE,6,E01020143,0,1
2024451408430,2024,451408430,1,9,0,-1,19,5,1,-1,0,0,0,0,0,0,1,1,-1,9,2,30,6,1598,1,16,MINI ONE,7,E01031545,0,4
2024010529923,2024,010529923,2,9,0,99,99,9,9,99,99,9,9,99,9,99,1,9,6,6,3,-1,-1,1397,1,17,MINI ONE,-1,-1,0,-1
2024501456297,2024,501456297,2,9,0,-1,2,0,0,-1,0,0,0,0,0,0,1,1,-1,6,-1,-1,-1,1598,1,22,MINI ONE,-1,-1,0,-1
2024010523343,2024,010523343,1,9,0,3,3,9,9,99,99,0,9,99,9,99,9,9,6,6,1,60,9,1397,1,15,MINI ONE,1,E01000528,0,1
2024311401361,2024,311401361,1,9,0,-1,19,1,5,-1,0,1,2,0,0,0,1,1,-1,9,2,20,4,1397,1,17,MINI ONE,7,E01030662,0,5
2024131482770,2024,131482770,1,9,0,-1,19,2,5,-1,0,8,0,0,0,0,1,1,-1,9,1,58,9,1598,1,12,MINI ONE,3,E01034585,0,1
2024061501143,2024,061501143,1,9,0,-1,5,1,5,-1,0,0,0,0,0,0,1,1,-1,9,2,91,11,1598,1,19,MINI ONE,10,E01004951,0,1
2024351475190,2024,351475190,2,9,0,-1,19,8,4,-1,0,0,0,0,0,0,2,1,-1,1,2,25,5,1598,1,18,MINI ONE,6,E01018165,0,3
2024041478936,2024,041478936,2,9,0,-1,19,5,1,-1,0,8,0,0,0,0,1,1,-1,9,2,50,8,1499,1,2,MINI ONE,1,E01033226,0,1
2024211514057,2024,211514057,1,9,0,-1,19,6,1,-1,0,4,0,0,0,0,1,1,-1,6,1,60,9,1397,1,14,MINI ONE,8,E01029858,0,1
2024061483135,2024,061483135,1,9,0,-1,5,-1,-1,-1,0,0,0,0,0,0,2,1,-1,9,1,39,7,1598,1,14,MINI ONE,5,E01006371,0,1
2024010499491,2024,010499491,1,9,0,99,99,9,9,99,99,0,9,99,9,99,2,9,2,2,2,57,9,-1,3,1,MINI ONE,3,E01035285,0,3
2024302400618,2024,302400618,2,9,0,2,2,0,0,9,9,0,1,0,0,0,3,1,6,6,3,-1,-1,1598,1,19,MINI ONE,-1,-1,0,-1
2024471512848,2024,471512848,1,9,0,-1,19,3,6,-1,0,0,0,0,0,0,4,9,-1,6,2,17,4,1598,1,13,MINI ONE,7,E01031381,0,1
2024010530146,2024,010530146,2,9,0,10,10,4,1,0,0,2,0,0,0,0,2,2,1,1,1,26,6,1198,1,8,MINI ONE,-1,-1,0,-1
2024201494920,2024,201494920,2,9,0,-1,19,2,6,-1,0,0,0,4,0,0,3,1,-1,6,2,28,6,1598,1,14,MINI ONE,2,E01010021,0,2
2024421426542,2024,421426542,2,9,0,-1,19,2,6,-1,0,0,0,0,0,0,1,1,-1,9,2,18,4,1397,1,16,MINI ONE,9,E01022063,0,1
2024461517648,2024,461517648,1,9,0,-1,19,4,8,-1,0,0,0,0,0,0,3,9,-1,6,2,83,11,1598,1,11,MINI ONE,7,E01024260,0,1
2024461456638,2024,461456638,1,9,0,-1,19,1,4,-1,0,0,0,0,0,0,1,1,-1,6,1,51,8,1598,1,19,MINI ONE,4,E01016077,0,1
2024430205997,2024,430205997,1,9,0,3,3,6,2,0,0,8,0,0,0,0,2,1,6,6,1,43,7,1598,1,19,MINI ONE,9,E01016540,0,2
2024131536010,2024,131536010,1,9,0,-1,9,5,3,-1,0,6,0,0,0,0,0,1,-1,9,2,31,6,1598,1,12,MINI ONE,2,E01010869,0,1
2024991397370,2024,991397370,2,9,0,-1,19,7,3,-1,0,0,0,0,0,0,2,1,-1,6,1,21,5,1397,1,16,MINI ONE,5,-1,0,2
2024430139561,2024,430139561,1,9,0,9,9,4,2,0,0,5,0,0,0,0,4,1,6,6,2,68,10,1598,2,12,MINI ONE,10,E01016270,0,1
2024311503023,2024,311503023,1,9,0,-1,19,2,2,-1,0,0,0,0,0,0,1,1,-1,2,2,21,5,1598,1,20,MINI ONE,9,E01027938,0,3
2024111444671,2024,111444671,1,9,0,-1,19,1,5,-1,0,2,0,0,0,0,4,1,-1,9,1,19,4,1598,1,14,MINI ONE,-1,-1,0,-1
2024221471851,2024,221471851,2,9,0,-1,9,6,3,-1,0,8,0,0,0,0,4,1,-1,9,1,21,5,1598,1,14,MINI ONE,7,E01014006,0,1
2024010535271,2024,010535271,2,9,0,18,19,3,7,0,0,8,0,0,0,0,4,1,6,6,2,30,6,1598,1,12,MINI ONE,3,E01003237,0,1
2024631472908,2024,631472908,1,9,0,-1,4,6,2,-1,0,0,0,0,0,0,2,1,-1,6,2,18,4,1598,1,20,MINI ONE,6,W01000500,0,2
2024451511508,2024,451511508,2,9,0,-1,19,1,5,-1,0,0,0,0,0,0,1,1,-1,9,2,28,6,1198,1,10,MINI ONE,10,E01030780,0,2
2024161412135,2024,161412135,4,9,0,-1,3,4,8,-1,0,0,0,0,0,0,2,1,-1,6,1,77,11,1598,1,12,MINI ONE,4,E01013183,0,1
2024351420156,2024,351420156,1,9,0,-1,13,4,8,-1,0,1,0,0,0,0,1,1,-1,6,2,55,8,1598,2,11,MINI ONE,3,E01030115,0,3
2024991541114,2024,991541114,3,9,0,-1,5,8,4,-1,0,8,0,0,0,0,3,1,-1,2,2,24,5,1499,1,6,MINI ONE,-1,-1,0,-1
2024052402683,2024,052402683,1,9,0,18,19,1,5,0,0,8,0,0,0,0,1,1,6,6,2,19,4,1598,2,11,MINI ONE,8,E01005575,0,4
2024070878436,2024,070878436,1,9,0,-1,13,1,5,-1,-1,0,1,0,1,0,3,1,-1,2,2,39,7,1598,1,19,MINI ONE,1,E01018520,0,1
2024631466181,2024,631466181,1,9,0,-1,12,8,3,-1,0,0,0,0,7,11,1,1,-1,6,1,17,4,1397,1,16,MINI ONE,4,W01001438,0,2
2024461500049,2024,461500049,1,9,0,-1,19,1,1,-1,0,0,1,11,1,0,1,2,-1,9,1,17,4,1198,1,9,MINI ONE,10,E01024470,0,3
2024010501192,2024,010501192,1,9,0,3,3,6,2,0,0,1,0,0,0,0,1,1,6,6,1,-1,-1,1397,1,15,MINI ONE,6,E01002602,0,4
2024320173777,2024,320173777,1,9,0,-1,-1,6,2,0,0,0,0,0,0,0,1,1,-1,-1,1,64,9,1598,1,11,MINI ONE,5,E01026052,0,1
2024531436532,2024,531436532,1,9,0,-1,13,1,5,-1,0,0,0,0,0,0,3,1,-1,9,2,17,4,1598,1,16,MINI ONE,7,E01034784,0,2
2024320095194,2024,320095194,1,9,0,-1,-1,4,8,0,0,0,1,0,1,9,3,1,-1,-1,2,16,4,1397,1,17,MINI ONE,6,E01026039,0,1
2024361439723,2024,361439723,1,9,0,-1,19,3,7,-1,0,0,0,4,0,0,1,1,-1,2,2,51,8,1598,1,11,MINI ONE,7,E01026642,0,1
2024041400011,2024,041400011,2,9,0,-1,19,3,7,-1,0,4,0,0,0,0,1,1,-1,9,2,33,6,1598,2,11,MINI ONE,2,E01005460,0,4
2024332400367,2024,332400367,1,9,0,-1,19,1,5,-1,0,6,0,0,7,9,1,1,-1,6,1,62,9,1598,1,19,MINI ONE,4,E01019851,0,4
2024211513130,2024,211513130,1,9,0,-1,19,5,1,-1,0,0,1,0,1,7,3,1,-1,6,2,23,5,1198,1,10,MINI ONE,-1,-1,0,-1
2024351537117,2024,351537117,2,9,0,-1,19,7,3,-1,0,0,1,0,4,6,3,1,-1,6,2,28,6,1598,1,19,MINI ONE,5,E01033121,0,1
2024041490539,2024,041490539,2,9,0,-1,19,5,1,-1,0,0,0,0,0,0,2,1,-1,1,2,28,6,1397,1,16,MINI ONE,3,E01006272,0,4
2024231429456,2024,231429456,2,9,0,-1,19,8,4,-1,0,8,5,0,0,0,1,1,-1,9,2,18,4,1397,1,16,MINI ONE,5,E01032414,0,1
2024221411530,2024,221411530,1,9,0,-1,19,4,8,-1,0,8,0,10,0,0,4,9,-1,6,2,75,10,1598,1,19,MINI ONE,5,E01028943,0,1
2024421497965,2024,421497965,2,9,0,-1,5,2,3,-1,0,1,0,0,0,0,2,1,-1,6,2,55,8,1198,1,9,MINI ONE,10,E01023457,0,4
2024361434837,2024,361434837,2,9,0,-1,19,7,3,-1,0,8,0,0,0,0,4,1,-1,9,1,73,10,1598,1,17,MINI ONE,9,E01026742,0,4
2024440157961,2024,440157961,1,9,0,9,9,2,8,0,0,5,0,0,0,0,3,1,6,6,2,60,9,1598,2,12,MINI ONE,9,E01023229,0,1
2024231523075,2024,231523075,1,9,0,-1,4,6,2,-1,0,0,0,0,0,0,1,9,-1,6,2,21,5,1198,1,9,MINI ONE,5,E01032229,0,1
2024430420176,2024,430420176,2,9,0,17,19,2,6,0,0,1,0,0,0,0,1,1,6,6,2,21,5,1598,1,12,MINI ONE,10,E01028661,0,1
2024010542946,2024,010542946,3,9,0,3,3,4,8,0,0,0,0,0,0,0,2,1,3,7,2,75,10,1499,1,2,MINI ONE,9,E01000807,0,1
2024361513021,2024,361513021,1,9,0,-1,19,2,6,-1,0,0,0,0,1,4,1,1,-1,9,2,38,7,1364,2,19,MINI ONE,4,E01026468,0,4
2024520402895,2024,520402895,2,9,0,4,4,3,7,0,0,0,0,0,0,0,2,1,6,6,2,82,11,1198,1,8,MINI ONE,5,E01029259,0,1
2024332401011,2024,332401011,1,9,0,-1,19,3,7,-1,0,0,0,0,0,0,1,1,-1,6,1,28,6,1598,1,11,MINI ONE,9,E01025837,0,1
2024010510672,2024,010510672,1,9,0,99,99,9,9,99,99,9,9,99,9,99,9,9,6,6,2,27,6,1598,1,12,MINI ONE,9,E01000829,0,1
2024231431527,2024,231431527,1,9,0,-1,19,2,6,-1,0,0,0,0,0,0,1,1,-1,6,2,57,9,1598,1,18,MINI ONE,6,E01031061,0,1
2024471449276,2024,471449276,1,9,0,-1,9,8,3,-1,0,6,0,0,0,0,1,1,-1,9,2,17,4,1198,1,8,MINI ONE,5,E01021089,0,1
2024430367822,2024,430367822,1,9,0,16,19,5,7,0,0,0,0,0,0,0,1,1,6,6,2,53,8,1598,1,10,MINI ONE,4,E01016436,0,1
2024361423271,2024,361423271,2,9,0,-1,5,3,5,-1,0,1,0,0,0,0,1,1,-1,9,2,21,5,1496,2,8,MINI ONE,2,E01026716,0,1
2024440069051,2024,440069051,2,9,0,18,19,2,6,0,0,1,0,0,0,0,1,1,6,6,1,46,8,1496,2,9,MINI ONE,8,E01022533,0,1
2024122400276,2024,122400276,1,9,0,7,7,4,6,0,0,1,0,0,0,0,2,1,6,6,1,17,4,1598,2,11,MINI ONE,6,E01013119,0,3
2024361439277,2024,361439277,2,9,0,-1,19,6,2,-1,0,1,0,0,0,0,1,1,-1,2,1,48,8,1198,1,7,MINI ONE,8,E01035153,0,3
2024440372811,2024,440372811,1,9,0,1,1,1,7,0,0,0,0,0,0,0,2,1,1,1,2,33,6,1598,1,18,MINI ONE,4,E01022524,0,3
2024430017946,2024,430017946,1,9,0,9,9,3,7,0,0,6,0,0,0,0,1,1,6,6,2,59,9,1598,1,10,MINI ONE,9,E01003478,0,5
2024052402590,2024,052402590,2,9,0,18,19,7,3,0,0,8,0,0,0,0,1,1,6,6,3,-1,-1,1598,1,19,MINI ONE,-1,-1,0,-1
2024501492441,2024,501492441,1,9,0,-1,19,1,5,-1,0,0,0,0,8,11,1,1,-1,9,1,18,4,1397,1,17,MINI ONE,8,E01034638,0,3
2024211483570,2024,211483570,1,9,0,-1,19,1,5,-1,0,0,2,0,7,0,1,1,-1,1,2,48,8,1397,1,17,MINI ONE,-1,-1,0,-1
2024010518169,2024,010518169,2,9,0,99,99,9,9,99,99,9,9,99,9,99,1,9,6,6,3,-1,-1,1198,1,8,MINI ONE,-1,-1,0,-1
2024421523840,2024,421523840,1,9,0,-1,7,1,3,-1,0,6,0,0,0,0,1,1,-1,6,2,17,4,1598,2,12,MINI ONE,7,E01021913,0,4
2024201405525,2024,201405525,1,9,0,-1,6,8,6,-1,0,0,0,0,0,0,1,9,-1,2,2,46,8,1600,1,13,MINI ONE,2,E01010279,0,3
2024311407724,2024,311407724,1,9,0,-1,19,5,1,-1,0,0,2,0,7,11,1,9,-1,6,1,22,5,1598,1,22,MINI ONE,6,E01028034,0,2
2024622400597,2024,622400597,1,9,0,18,19,8,4,0,0,0,0,4,0,0,1,1,6,6,2,28,6,1598,1,11,MINI ONE,4,W01000928,0,1
2024131449940,2024,131449940,1,9,0,-1,19,1,5,-1,0,0,1,0,0,0,2,1,-1,1,2,19,4,1397,1,16,MINI ONE,7,E01012053,0,4
2024451404369,2024,451404369,2,9,0,-1,19,1,5,-1,0,0,0,0,0,0,0,1,-1,1,2,55,8,1598,1,14,MINI ONE,7,E01030527,0,2
2024451513932,2024,451513932,2,9,0,-1,19,8,4,-1,0,0,0,0,0,0,2,1,-1,9,2,17,4,1198,1,9,MINI ONE,9,E01016543,0,3
2024520002281,2024,520002281,1,9,0,18,19,3,7,0,0,0,0,4,0,0,3,1,6,6,2,42,7,1598,1,12,MINI ONE,8,E01032043,0,2
2024991490140,2024,991490140,1,9,0,-1,3,7,7,-1,0,0,0,0,0,0,4,1,-1,9,2,25,5,1198,1,9,MINI ONE,5,-1,0,4
2024221501415,2024,221501415,2,9,0,-1,4,3,7,-1,0,8,0,0,0,0,2,1,-1,6,2,22,5,1598,1,9,MINI ONE,10,E01021447,0,5
2024141448915,2024,141448915,1,9,0,-1,19,8,4,-1,0,0,0,0,0,0,1,1,-1,9,2,24,5,1598,1,23,MINI ONE,4,E01007344,0,1
2024471441983,2024,471441983,1,9,0,-1,9,8,6,-1,0,1,0,0,7,0,4,1,-1,9,1,33,6,1397,1,17,MINI ONE,7,E01016899,0,1
2024351435643,2024,351435643,1,9,0,-1,9,6,4,-1,0,8,0,0,0,0,4,1,-1,2,2,18,4,1397,1,15,MINI ONE,10,E01035556,0,1
2024430564489,2024,430564489,1,9,0,7,7,8,3,0,0,5,0,0,0,0,1,1,6,6,1,61,9,1499,1,6,MINI ONE,-1,-1,0,-1
2024549406724,2024,549406724,2,9,0,2,2,0,0,0,0,1,0,0,0,0,2,1,6,6,1,26,6,1397,1,16,MINI ONE,5,E01034556,0,1
2024101429356,2024,101429356,1,9,0,-1,19,2,6,-1,0,0,0,0,0,0,1,1,-1,2,1,41,7,1598,1,11,MINI ONE,6,E01008315,0,2
2024501522873,2024,501522873,2,9,0,-1,10,8,4,-1,0,0,0,0,0,0,2,1,-1,6,2,48,8,1496,2,7,MINI ONE,2,E01018751,0,3
2024471453089,2024,471453089,1,9,0,-1,5,2,6,-1,0,0,0,0,0,0,3,1,-1,9,2,31,6,1598,1,11,MINI ONE,10,E01031578,0,4
2024471434190,2024,471434190,2,9,0,-1,19,7,3,-1,0,0,0,0,0,0,2,1,-1,9,1,30,6,1397,1,17,MINI ONE,9,E01022547,0,5
2024471526553,2024,471526553,1,9,0,-1,19,1,5,-1,0,0,0,0,0,0,3,1,-1,6,1,29,6,1598,1,20,MINI ONE,7,E01031399,0,1
2024430437665,2024,430437665,3,9,0,3,3,1,5,0,0,0,0,0,0,0,2,1,6,6,1,71,10,1598,1,12,MINI ONE,6,E01035731,0,2
2024041516553,2024,041516553,2,9,0,-1,19,7,3,-1,0,0,0,0,0,0,3,1,-1,7,2,20,4,1598,1,13,MINI ONE,9,E01025346,0,1
2024041467055,2024,041467055,1,9,0,-1,9,3,1,-1,0,2,0,0,0,0,1,1,-1,1,2,38,7,1598,1,21,MINI ONE,1,E01025112,0,1
2024221438387,2024,221438387,2,9,0,-1,9,1,6,-1,0,8,0,0,0,0,3,1,-1,6,2,58,9,1198,1,10,MINI ONE,6,E01022211,0,4
202417S107724,2024,17S107724,2,9,0,-1,19,8,4,-1,0,4,0,0,0,0,1,1,-1,9,1,23,5,1598,1,19,MINI ONE,-1,-1,0,-1
2024501430192,2024,501430192,1,9,0,-1,19,6,2,-1,0,0,1,0,1,0,4,1,-1,9,1,20,4,1598,1,19,MINI ONE,4,E01018877,0,4
2024221457826,2024,221457826,2,9,0,-1,19,4,1,-1,0,0,0,0,0,0,1,9,-1,6,2,26,6,1598,2,11,MINI ONE,6,E01028850,0,1
2024549934324,2024,549934324,1,9,0,16,19,6,8,0,0,0,0,0,0,0,3,1,6,6,2,55,8,1397,1,17,MINI ONE,6,E01032031,0,3
2024440326164,2024,440326164,2,9,0,18,19,4,8,0,0,1,0,0,0,0,1,1,6,6,2,31,6,1397,1,16,MINI ONE,9,E01022587,0,1
2024161405240,2024,161405240,2,9,0,-1,19,3,7,-1,0,0,0,0,5,0,1,1,-1,9,1,55,8,1598,1,18,MINI ONE,9,E01034756,0,2
2024302400673,2024,302400673,3,9,0,18,19,5,1,0,0,0,0,0,0,0,1,-1,-1,-1,2,46,8,1496,2,9,MINI ONE,5,E01019573,0,1
2024501467572,2024,501467572,1,9,0,-1,14,6,2,-1,0,2,0,0,0,0,1,1,-1,9,2,21,5,1598,1,18,MINI ONE,6,E01034859,0,3
2024011513158,2024,011513158,3,9,0,-1,4,2,6,-1,0,4,0,0,0,0,2,1,-1,6,2,51,8,1598,1,12,MINI ONE,5,E01021415,0,4
2024302400939,2024,302400939,1,9,0,18,19,5,1,0,0,0,0,4,0,0,1,1,6,6,2,54,8,1598,1,19,MINI ONE,9,E01013596,0,3
2024010517991,2024,010517991,1,9,0,99,99,9,9,99,99,9,9,99,9,99,9,9,6,6,2,19,4,1598,1,19,MINI ONE,4,E01034369,0,3
2024471488761,2024,471488761,1,9,0,-1,19,2,6,-1,0,0,0,0,0,0,4,1,-1,1,2,28,6,1198,1,7,MINI ONE,1,E01020929,0,1
2024332401035,2024,332401035,1,9,0,-1,19,2,6,-1,0,1,0,0,0,0,3,1,-1,6,1,-1,-1,1598,1,19,MINI ONE,-1,-1,0,-1
2024340WN6292,2024,340WN6292,1,9,0,-1,9,7,5,-1,0,8,0,0,0,0,1,1,-1,9,2,36,7,1397,1,16,MINI ONE,1,E01016742,0,4
2024161451626,2024,161451626,1,9,0,-1,19,7,3,-1,0,0,0,0,0,0,1,1,-1,6,2,28,6,1198,1,9,MINI ONE,4,-1,0,5
2024552401228,2024,552401228,1,9,0,17,19,2,7,0,0,0,2,0,0,0,1,1,6,6,2,37,7,1598,1,20,MINI ONE,1,E01015384,0,1
2024351490338,2024,351490338,1,9,0,-1,4,8,4,-1,0,1,0,0,0,0,1,1,-1,6,1,52,8,1598,1,20,MINI ONE,5,E01018139,0,3
2024231403425,2024,231403425,2,9,0,-1,5,2,6,-1,0,1,0,0,0,0,2,9,-1,6,2,43,7,1598,1,12,MINI ONE,4,E01010145,0,1
2024010544118,2024,010544118,2,9,0,99,99,9,9,99,99,9,9,99,9,99,9,9,6,6,3,-1,-1,1397,1,15,MINI ONE,-1,-1,0,-1
2024052401355,2024,052401355,1,9,0,18,19,4,1,0,0,3,0,0,0,0,4,1,6,6,2,-1,-1,1496,2,8,MINI ONE,-1,-1,0,-1
2024161534738,2024,161534738,1,9,0,-1,9,2,8,-1,0,1,0,0,1,4,1,1,-1,9,2,27,6,1499,1,6,MINI ONE,9,E01013103,0,3
2024991438437,2024,991438437,1,9,0,-1,19,5,1,-1,0,0,0,0,0,0,1,1,-1,6,2,29,6,1598,1,11,MINI ONE,7,-1,0,4
2024361433026,2024,361433026,2,9,0,-1,19,2,6,-1,0,1,0,0,0,0,4,1,-1,6,1,53,8,1598,1,21,MINI ONE,7,E01026434,0,4
2024010515911,2024,010515911,1,9,0,18,19,7,3,0,0,0,0,7,0,0,1,1,6,6,1,41,7,1397,1,15,MINI ONE,3,E01000935,0,2
2024361553437,2024,361553437,1,9,0,-1,19,4,8,-1,0,1,2,0,0,0,3,1,-1,6,1,18,4,1598,1,17,MINI ONE,8,E01026578,0,2
2024131419945,2024,131419945,2,9,0,-1,19,3,7,-1,0,0,0,0,0,0,2,1,-1,6,2,47,8,1496,2,9,MINI ONE,9,E01011554,0,2
2024440429296,2024,440429296,1,9,0,3,3,4,8,0,0,1,0,0,0,0,2,1,6,6,2,46,8,1598,1,19,MINI ONE,5,E01022814,0,1
2024131432782,2024,131432782,1,9,0,-1,19,1,5,-1,0,0,0,0,0,0,3,1,-1,2,2,22,5,1598,2,12,MINI ONE,5,E01011733,0,1
2024451529917,2024,451529917,1,9,0,-1,4,5,1,-1,0,0,0,0,0,0,2,1,-1,9,2,21,5,1198,1,7,MINI ONE,10,E01030999,0,1
2024010530786,2024,010530786,2,9,0,18,19,1,5,0,0,1,0,0,0,0,1,1,6,6,1,24,5,1397,1,16,MINI ONE,6,E01003770,0,1
2024471499406,2024,471499406,1,9,0,-1,19,3,7,-1,0,3,0,0,0,0,3,1,-1,1,2,24,5,1600,2,13,MINI ONE,10,E01031737,0,3
2024501482840,2024,501482840,2,9,0,-1,19,7,3,-1,0,8,0,0,0,0,1,1,-1,6,2,30,6,1598,1,14,MINI ONE,6,E01015127,0,1
2024451494625,2024,451494625,1,9,0,-1,9,5,1,-1,0,6,0,0,0,0,1,1,-1,9,2,28,6,1598,1,19,MINI ONE,1,E01001080,0,1
2024440291595,2024,440291595,1,9,0,18,19,8,4,0,0,4,0,0,0,0,1,1,6,6,2,18,4,1198,1,10,MINI ONE,8,E01022829,0,1
2024131415205,2024,131415205,1,9,0,-1,9,7,3,-1,0,1,0,0,0,0,3,1,-1,9,2,24,5,1598,1,11,MINI ONE,9,E01010953,0,1
2024332400886,2024,332400886,1,9,0,-1,19,7,3,-1,0,3,1,0,7,0,3,1,-1,6,2,28,6,1598,1,18,MINI ONE,1,E01026960,0,3
2024061453433,2024,061453433,1,9,0,-1,19,7,4,-1,9,2,0,0,1,2,1,1,-1,9,2,42,7,1600,1,13,MINI ONE,2,E01006311,0,2
2024610027124,2024,610027124,3,9,0,2,2,0,0,0,0,2,0,0,0,0,2,1,6,6,3,-1,-1,1598,1,12,MINI ONE,-1,-1,0,-1
2024461402270,2024,461402270,2,9,0,-1,2,3,3,-1,9,0,0,4,0,0,3,9,-1,6,2,53,8,1598,1,14,MINI ONE,5,E01024427,0,1
2024211412850,2024,211412850,1,9,0,-1,4,8,4,-1,0,0,0,0,0,0,2,1,-1,9,1,24,5,1598,1,19,MINI ONE,-1,-1,0,-1
2024052401320,2024,052401320,1,9,0,18,19,7,3,0,0,4,0,0,0,0,1,1,2,2,2,26,6,1598,1,18,MINI ONE,7,E01007104,0,3
2024052400651,2024,052400651,2,9,0,8,8,5,1,0,0,1,0,0,0,0,2,1,6,6,2,52,8,1598,1,10,MINI ONE,2,E01006496,0,2
2024440519140,2024,440519140,2,9,0,18,19,1,5,0,0,0,0,0,0,0,2,1,1,1,2,47,8,1598,1,12,MINI ONE,10,E01022606,0,1
2024070835284,2024,070835284,2,9,0,-1,2,0,0,-1,-1,0,0,0,0,0,2,1,-1,2,2,20,4,1397,1,15,MINI ONE,10,E01018614,0,4
2024201461048,2024,201461048,1,9,0,-1,19,8,4,-1,0,8,0,0,0,0,1,1,-1,9,2,25,5,1598,1,11,MINI ONE,-1,-1,0,-1
2024010513222,2024,010513222,2,9,0,99,99,9,9,99,99,0,9,99,9,99,2,9,6,6,2,45,7,1600,1,13,MINI ONE,2,E01001145,0,4
2024070954101,2024,070954101,1,9,0,-1,19,7,3,-1,0,6,0,0,0,0,4,1,-1,6,1,56,9,1598,1,20,MINI ONE,7,E01012515,0,1
2024010504242,2024,010504242,2,9,0,18,19,1,5,0,0,0,0,0,0,0,1,1,6,6,1,70,10,1397,1,15,MINI ONE,7,E01001566,0,1
2024161426560,2024,161426560,1,9,0,-1,19,3,7,-1,0,2,0,0,0,0,1,1,-1,6,2,36,7,1598,1,13,MINI ONE,6,E01013153,0,2
2024010535328,2024,010535328,1,9,0,18,19,3,7,0,0,0,0,0,0,0,1,1,6,6,2,38,7,1600,1,13,MINI ONE,4,E01003725,0,1
2024471465580,2024,471465580,1,9,0,-1,19,5,1,-1,0,1,0,0,0,0,1,9,-1,6,1,19,4,1598,1,18,MINI ONE,8,E01031439,0,1
2024361507185,2024,361507185,1,9,0,-1,19,6,2,-1,0,1,0,0,1,0,1,1,-1,6,1,64,9,1598,1,18,MINI ONE,-1,-1,0,-1
2024471394945,2024,471394945,2,9,0,-1,19,7,2,-1,0,0,0,0,0,0,1,2,-1,6,2,32,6,1598,1,9,MINI ONE,6,E01031750,0,3
2024231532944,2024,231532944,1,9,0,-1,19,4,8,-1,0,0,5,10,1,9,4,1,-1,6,1,22,5,1598,1,19,MINI ONE,7,E01031014,0,3
2024010505523,2024,010505523,1,9,0,18,19,5,1,0,0,0,0,0,0,0,0,1,6,6,2,31,6,1598,1,11,MINI ONE,-1,-1,0,-1
2024131513668,2024,131513668,3,9,0,-1,2,0,0,-1,0,0,0,4,0,0,2,1,-1,6,-1,-1,-1,1600,1,13,MINI ONE,-1,-1,0,-1
2024451485679,2024,451485679,1,9,0,-1,3,3,7,-1,0,2,0,0,0,0,2,1,-1,9,2,50,8,1598,1,12,MINI ONE,7,E01030410,0,1