collision_index,collision_year,collision_ref_no,vehicle_reference,vehicle_type,towing_and_articulation,vehicle_manoeuvre_historic,vehicle_manoeuvre,vehicle_direction_from,vehicle_direction_to,vehicle_location_restricted_lane_historic,vehicle_location_restricted_lane,junction_location,skidding_and_overturning,hit_object_in_carriageway,vehicle_leaving_carriageway,hit_object_off_carriageway,first_point_of_impact,vehicle_left_hand_drive,journey_purpose_of_driver_historic,journey_purpose_of_driver,sex_of_driver,age_of_driver,age_band_of_driver,engine_capacity_cc,propulsion_code,age_of_vehicle,generic_make_model,driver_imd_decile,lsoa_of_driver,escooter_flag,driver_distance_banding
2024041474045,2024,041474045,2,9,0,-1,19,7,3,-1,0,0,0,0,0,0,1,1,-1,9,2,64,9,1198,1,8,MINI ONE,8,E01034351,0,1
2024471530978,2024,471530978,2,9,0,-1,19,6,2,-1,0,0,1,0,7,4,1,1,-1,6,1,57,9,1397,1,17,MINI ONE,5,E01021084,0,3
2024421417619,2024,421417619,1,9,0,-1,19,3,7,-1,0,0,0,0,0,0,1,1,-1,6,2,19,4,1598,1,20,MINI ONE,1,E01030021,0,4
2024141531452,2024,141531452,1,9,0,-1,6,4,8,-1,0,0,0,0,0,0,4,1,-1,6,2,32,6,1598,2,12,MINI ONE,3,E01007545,0,3
2024461405359,2024,461405359,2,9,0,-1,19,6,1,-1,0,0,0,0,0,0,1,9,-1,2,2,18,4,1598,1,20,MINI ONE,5,E01024787,0,2
2024411450310,2024,411450310,3,9,-1,-1,-1,-1,-1,-1,-1,-1,-1,-1,-1,0,-1,9,-1,6,1,53,8,1198,1,10,MINI ONE,10,E01023364,0,3
2024361408243,2024,361408243,1,9,0,-1,19,7,3,-1,0,8,1,4,0,0,1,9,-1,6,1,28,6,1397,1,17,MINI ONE,6,E01026872,0,1
2024421477582,2024,421477582,1,9,0,-1,5,2,6,-1,0,0,0,0,0,0,3,1,-1,6,3,-1,-1,1598,1,12,MINI ONE,-1,-1,0,-1
2024010550882,2024,010550882,1,9,0,18,19,7,3,0,0,1,0,0,0,0,3,1,6,6,2,65,9,1598,1,14,MINI ONE,-1,-1,0,-1
2024041480203,2024,041480203,3,9,0,-1,19,1,5,-1,0,8,0,0,0,0,3,1,-1,6,1,73,10,1598,1,12,MINI ONE,2,E01025264,0,1
2024041499369,2024,041499369,2,9,0,-1,5,7,3,-1,0,3,0,0,0,0,3,1,-1,2,2,28,6,1198,1,7,MINI ONE,8,E01025012,0,3
2024221436263,2024,221436263,2,9,0,-1,19,4,8,-1,0,0,0,0,0,0,1,1,-1,6,1,20,4,1397,1,16,MINI ONE,-1,-1,0,-1
2024471453136,2024,471453136,3,9,0,-1,5,8,4,-1,0,0,0,0,0,0,2,1,-1,9,1,40,7,1397,1,17,MINI ONE,8,E01021225,0,1
2024471497810,2024,471497810,1,9,0,-1,19,3,7,-1,0,4,0,0,0,0,3,1,-1,9,2,69,10,1598,1,18,MINI ONE,6,E01020961,0,1
2024471454856,2024,471454856,1,9,0,-1,1,7,3,-1,0,0,1,0,7,9,2,1,-1,9,2,17,4,1397,1,16,MINI ONE,4,E01031836,0,2
2024071052853,2024,071052853,2,9,0,-1,19,1,5,-1,0,0,0,0,0,0,2,1,-1,9,1,29,6,1600,1,13,MINI ONE,5,E01001720,0,5
2024471467863,2024,471467863,1,9,0,-1,19,8,3,-1,0,0,5,0,0,0,4,1,-1,9,2,21,5,1397,1,16,MINI ONE,5,E01031392,0,1
2024421402695,2024,421402695,3,9,0,-1,4,2,6,-1,0,0,0,0,1,0,2,1,-1,6,2,30,6,1598,1,20,MINI ONE,9,E01021579,0,1
2024010502891,2024,010502891,1,9,0,7,7,5,7,0,0,8,0,0,0,0,3,1,6,6,2,49,8,1598,1,18,MINI ONE,3,E01003240,0,2
2024010519079,2024,010519079,1,9,0,4,4,9,9,99,99,2,9,99,9,99,2,9,6,6,1,32,6,1598,1,18,MINI ONE,1,E01001885,0,2
2024440377574,2024,440377574,1,9,0,18,19,6,2,0,0,8,0,0,0,0,4,1,2,2,2,75,10,1600,1,13,MINI ONE,10,E01030773,0,2
2024010498889,2024,010498889,2,9,0,4,4,5,1,0,0,0,0,0,7,4,1,1,6,6,1,25,5,1598,1,22,MINI ONE,5,E01000802,0,2
2024061479753,2024,061479753,1,9,0,-1,4,3,7,-1,0,0,0,0,0,0,1,1,-1,6,1,23,5,1598,1,12,MINI ONE,8,E01005793,0,2
2024440056575,2024,440056575,1,9,0,18,19,2,6,0,0,0,0,0,0,0,1,1,6,6,1,35,6,1598,1,11,MINI ONE,-1,-1,0,-1
2024440468745,2024,440468745,2,9,0,4,4,5,1,0,0,0,0,0,0,0,1,1,6,6,1,34,6,1598,2,13,MINI ONE,6,E01017072,0,1
2024451502205,2024,451502205,1,9,0,-1,19,6,8,-1,0,2,0,0,0,0,1,1,-1,9,2,18,4,1198,1,9,MINI ONE,8,E01030877,0,4
2024361432284,2024,361432284,4,9,0,-1,2,0,0,-1,0,0,0,0,0,0,1,1,-1,6,2,55,8,1598,1,12,MINI ONE,2,E01026425,0,1
2024371470920,2024,371470920,1,9,0,-1,19,5,1,-1,0,0,5,0,0,0,1,1,-1,6,2,46,8,1598,1,17,MINI ONE,6,E01030240,0,1
2024031487436,2024,031487436,1,9,0,-1,19,1,5,-1,0,0,0,0,0,0,1,1,-1,9,2,28,6,1598,1,18,MINI ONE,-1,-1,0,-1
2024302400592,2024,302400592,1,9,0,4,4,7,3,0,0,0,0,0,0,0,3,1,6,6,2,33,6,1598,2,12,MINI ONE,7,E01019539,0,1
2024430362976,2024,430362976,1,9,0,3,3,8,4,0,0,0,0,0,0,0,2,1,6,6,1,45,7,1598,1,12,MINI ONE,10,E01016243,0,3
2024501439602,2024,501439602,1,9,0,-1,19,7,3,-1,0,1,0,0,0,0,1,1,-1,9,1,85,11,1598,1,17,MINI ONE,7,E01020227,0,2
2024552400431,2024,552400431,2,9,0,18,19,2,6,0,0,0,0,0,0,0,1,1,6,6,2,62,9,1198,1,9,MINI ONE,4,E01026511,0,5
2024421413920,2024,421413920,3,9,0,-1,2,3,7,-1,0,0,0,1,0,0,2,1,-1,6,1,32,6,1598,1,12,MINI ONE,8,E01034363,0,1
202460Q002773,2024,60Q002773,1,9,0,16,19,3,7,0,0,0,5,0,8,10,1,1,6,6,1,37,7,1397,1,17,MINI ONE,-1,-1,0,-1
2024361412542,2024,361412542,1,9,0,-1,19,1,5,-1,0,1,0,0,0,0,1,1,-1,6,1,18,4,1598,1,18,MINI ONE,9,E01018238,0,4
2024131404720,2024,131404720,1,9,0,-1,19,6,2,-1,0,8,0,0,0,0,1,1,-1,6,3,-1,-1,1600,2,13,MINI ONE,-1,-1,0,-1
2024471413000,2024,471413000,1,9,0,-1,19,7,3,-1,0,0,1,11,5,10,1,1,-1,9,1,21,5,1600,2,13,MINI ONE,9,E01031413,0,1
2024552401344,2024,552401344,1,9,0,4,4,7,5,0,0,8,0,0,3,10,1,1,6,6,1,17,4,1397,1,15,MINI ONE,6,E01020493,0,1
2024440154560,2024,440154560,1,9,0,18,19,5,1,0,0,0,5,0,1,0,4,1,6,6,1,48,8,1598,1,16,MINI ONE,4,E01022621,0,2
2024211478058,2024,211478058,2,9,0,-1,19,5,1,-1,0,1,0,0,0,0,1,1,-1,6,2,32,6,1600,1,13,MINI ONE,2,E01014339,0,2
2024010537519,2024,010537519,2,9,0,99,99,9,9,99,99,9,9,99,9,99,1,9,6,6,3,58,9,1499,1,5,MINI ONE,9,E01001416,0,1
2024211398011,2024,211398011,1,9,0,-1,19,4,7,-1,0,0,0,0,0,0,1,9,-1,6,1,19,4,1364,2,20,MINI ONE,-1,-1,0,-1
2024131469371,2024,131469371,1,9,0,-1,19,2,6,-1,0,0,0,0,0,0,1,1,-1,1,2,50,8,1598,1,11,MINI ONE,4,E01011933,0,1
2024010503306,2024,010503306,2,9,0,7,7,7,2,0,0,5,0,0,0,0,4,2,6,6,2,39,7,1397,1,15,MINI ONE,6,E01004581,0,1
2024549089224,2024,549089224,1,9,0,9,9,3,1,0,0,5,0,0,0,0,1,1,6,6,2,45,7,1598,2,14,MINI ONE,4,E01032008,0,1
2024421485388,2024,421485388,1,9,0,-1,9,6,2,-1,0,0,0,0,0,0,3,1,-1,2,2,31,6,1598,1,9,MINI ONE,10,E01023460,0,1
2024544051124,2024,544051124,1,9,0,18,19,7,3,0,0,0,0,0,1,2,4,1,6,6,1,20,4,1397,1,15,MINI ONE,9,E01031883,0,4
2024010500025,2024,010500025,1,9,0,18,19,5,1,0,0,1,0,0,0,0,4,1,6,6,2,62,9,1598,1,11,MINI ONE,3,E01001466,0,1
2024451509094,2024,451509094,2,9,0,-1,19,3,7,-1,0,1,0,0,0,0,1,1,-1,2,1,40,7,1397,1,17,MINI ONE,5,E01030572,0,1
2024991440717,2024,991440717,2,9,0,-1,19,7,3,-1,0,1,0,0,0,0,1,1,-1,6,2,43,7,1198,1,10,MINI ONE,-1,-1,0,-1
2024201482183,2024,201482183,2,9,9,-1,19,4,8,-1,0,8,0,0,0,0,9,9,-1,6,2,25,5,1198,1,9,MINI ONE,9,E01020717,0,5
2024311413730,2024,311413730,1,9,0,-1,1,1,4,-1,0,1,0,0,0,0,2,1,-1,9,2,56,9,1499,1,7,MINI ONE,10,E01028084,0,3
2024010519580,2024,010519580,2,9,0,99,99,9,9,99,99,9,9,99,9,99,1,9,6,6,3,-1,-1,1397,1,16,MINI ONE,4,E01003141,0,1
2024340WN2992,2024,340WN2992,2,9,0,-1,19,6,2,-1,0,1,0,0,0,0,2,1,-1,9,2,53,8,1397,1,17,MINI ONE,8,E01027218,0,2
2024010551120,2024,010551120,4,9,0,2,2,0,0,0,0,0,0,0,0,0,0,1,6,6,3,-1,-1,1198,1,9,MINI ONE,-1,-1,0,-1
2024471491523,2024,471491523,2,9,0,-1,19,6,2,-1,0,0,0,0,0,0,2,1,-1,9,1,27,6,1598,1,11,MINI ONE,4,E01020966,0,3
2024440082596,2024,440082596,1,9,0,17,19,6,4,0,0,1,1,0,0,0,2,1,6,6,3,-1,-1,1397,1,17,MINI ONE,-1,-1,0,-1
2024440171753,2024,440171753,1,9,0,7,7,7,1,0,0,6,0,0,0,0,1,1,3,7,1,40,7,1496,2,9,MINI ONE,4,E01017020,0,1
2024122400526,2024,122400526,4,9,0,2,2,0,0,0,0,2,0,0,0,0,1,1,6,6,3,-1,-1,1600,1,13,MINI ONE,-1,-1,0,-1
2024451464139,2024,451464139,1,9,0,-1,19,5,1,-1,0,8,0,0,3,11,3,1,-1,6,2,38,7,1397,1,15,MINI ONE,3,E01001053,0,2
2024221437707,2024,221437707,3,9,0,-1,10,6,4,-1,0,8,0,0,0,0,2,9,-1,6,2,47,8,1397,1,17,MINI ONE,10,E01032154,0,1
2024131524381,2024,131524381,1,9,0,-1,-1,-1,-1,-1,-1,-1,-1,-1,-1,-1,-1,1,-1,6,3,-1,-1,1198,1,8,MINI ONE,-1,-1,0,-1
2024531510998,2024,531510998,2,9,0,-1,19,8,4,-1,0,0,0,0,1,0,1,1,-1,2,2,28,6,1198,1,9,MINI ONE,8,E01022423,0,4
2024451526149,2024,451526149,1,9,0,-1,19,1,1,-1,0,0,1,0,5,0,3,1,-1,2,2,56,9,1598,1,11,MINI ONE,4,E01002411,0,2
2024010524719,2024,010524719,2,9,0,99,99,9,9,99,99,9,9,99,9,99,9,9,6,6,3,-1,-1,1198,1,9,MINI ONE,-1,-1,0,-1
2024320544053,2024,320544053,1,9,0,-1,-1,4,8,0,0,0,1,0,0,0,1,1,6,6,2,19,4,1598,2,12,MINI ONE,6,E01026205,0,1
2024041413314,2024,041413314,1,9,0,-1,19,1,5,-1,0,1,0,0,0,0,1,1,-1,9,2,18,4,1600,2,13,MINI ONE,5,E01025228,0,1
2024010551298,2024,010551298,1,9,0,1,1,5,1,9,9,2,0,0,0,0,2,1,6,6,2,54,8,1198,1,9,MINI ONE,7,E01003199,0,1
2024201493026,2024,201493026,1,9,0,-1,9,8,6,-1,0,6,0,0,0,0,1,1,-1,6,1,24,5,1499,1,2,MINI ONE,10,E01010181,0,1
2024141443831,2024,141443831,1,9,0,-1,13,7,3,-1,0,0,2,0,7,9,1,1,-1,9,1,20,4,1397,1,15,MINI ONE,2,E01008114,0,2
2024471401394,2024,471401394,2,9,0,-1,3,8,1,-1,0,0,0,0,0,0,2,1,-1,6,2,29,6,1598,1,20,MINI ONE,5,E01016886,0,1
2024311500966,2024,311500966,2,9,0,-1,19,7,3,-1,0,0,0,0,0,0,3,9,-1,6,3,-1,-1,1198,1,7,MINI ONE,-1,-1,0,-1
2024010544544,2024,010544544,2,9,0,3,3,5,1,0,0,1,0,0,0,0,2,1,3,7,1,56,9,1598,1,11,MINI ONE,9,E01000659,0,2
2024010547659,2024,010547659,2,9,9,99,99,9,9,99,99,0,9,99,9,99,9,9,6,6,3,-1,-1,1598,1,13,MINI ONE,-1,-1,0,-1
2024501421631,2024,501421631,1,9,0,-1,19,1,5,-1,0,0,0,0,2,7,4,1,-1,1,2,45,7,1598,1,19,MINI ONE,9,E01020058,0,2
2024201513958,2024,201513958,2,9,0,-1,9,5,4,-1,0,3,0,0,0,0,3,1,-1,2,1,21,5,1598,1,19,MINI ONE,1,E01010282,0,1
2024421513086,2024,421513086,2,9,0,-1,3,3,7,-1,0,1,0,0,0,0,2,1,-1,9,2,48,8,1598,1,10,MINI ONE,6,E01021647,0,1
2024332400782,2024,332400782,1,9,0,-1,5,7,3,-1,0,6,0,0,7,0,1,1,-1,6,2,37,7,1198,1,7,MINI ONE,8,E01025786,0,3
2024471467863,2024,471467863,3,9,0,-1,2,0,0,-1,0,0,0,0,0,0,3,1,-1,6,-1,-1,-1,1598,1,16,MINI ONE,-1,-1,0,-1
2024010505877,2024,010505877,1,9,0,5,5,0,5,0,0,1,0,11,0,0,1,1,6,6,2,63,9,1598,1,10,MINI ONE,8,E01004762,0,1
2024610052224,2024,610052224,1,9,0,17,19,5,2,0,0,0,1,0,1,8,1,1,6,6,1,21,5,1364,2,19,MINI ONE,5,W01001521,0,3
2024421429831,2024,421429831,2,9,0,-1,4,6,2,-1,0,1,0,0,0,0,4,1,-1,9,2,26,6,1598,1,14,MINI ONE,5,E01034090,0,3
2024340NN0802,2024,340NN0802,1,9,0,-1,19,6,2,-1,0,0,2,0,1,9,1,1,-1,9,1,17,4,1397,1,17,MINI ONE,1,E01027083,0,1
2024361441285,2024,361441285,1,9,0,-1,19,6,3,-1,0,0,0,0,8,0,3,1,-1,9,2,59,9,1598,1,13,MINI ONE,3,E01030114,0,4
2024531483489,2024,531483489,1,9,0,-1,19,3,7,-1,0,0,5,0,1,0,4,1,-1,6,-1,-1,-1,1598,1,19,MINI ONE,-1,-1,0,-1
2024471411401,2024,471411401,1,9,0,-1,6,3,7,-1,0,1,0,0,0,0,4,1,-1,9,2,52,8,1598,1,11,MINI ONE,2,E01034826,0,4
2024471506302,2024,471506302,1,9,0,-1,19,6,1,-1,0,2,2,0,7,4,1,1,-1,6,1,25,5,1598,1,18,MINI ONE,1,E01020979,0,3
2024361476164,2024,361476164,2,9,0,-1,3,-1,-1,-1,0,1,0,0,0,0,2,9,-1,9,2,71,10,1397,1,17,MINI ONE,4,E01026749,0,2
2024451450565,2024,451450565,2,9,0,-1,9,1,3,-1,0,6,0,0,0,0,3,1,-1,1,2,34,6,1397,1,16,MINI ONE,7,E01030347,0,1
2024411499079,2024,411499079,1,9,0,-1,10,0,0,-1,0,1,0,0,0,0,2,1,-1,9,2,25,5,1598,1,19,MINI ONE,1,E01001517,0,2
2024421418864,2024,421418864,2,9,0,-1,19,3,7,-1,0,0,1,0,0,0,1,1,-1,9,2,30,6,1397,1,17,MINI ONE,8,E01021783,0,4
2024041448496,2024,041448496,2,9,0,-1,7,5,2,-1,-1,6,0,0,3,0,3,1,-1,9,1,18,4,1496,2,10,MINI ONE,6,E01025383,0,3
2024440009834,2024,440009834,2,9,0,18,19,2,6,0,0,0,0,0,0,0,1,1,2,2,2,26,6,1198,1,9,MINI ONE,10,E01022749,0,2
2024461519856,2024,461519856,1,9,0,-1,19,5,1,-1,0,0,0,0,0,0,1,1,-1,9,2,22,5,1198,1,8,MINI ONE,5,E01000443,0,3
2024430404597,2024,430404597,2,9,0,18,19,6,2,0,0,0,0,0,1,0,1,1,6,6,2,50,8,1598,1,19,MINI ONE,10,E01017737,0,4
2024221411140,2024,221411140,1,9,0,-1,13,7,3,-1,0,0,1,0,0,0,1,1,-1,6,1,27,6,1600,1,13,MINI ONE,8,E01007298,0,5
2024010518325,2024,010518325,2,9,0,6,6,3,3,0,0,0,0,0,0,0,3,1,2,2,2,29,6,1600,1,13,MINI ONE,8,E01003830,0,1
2024141485902,2024,141485902,1,9,0,-1,10,1,5,-1,0,8,0,0,0,0,4,1,-1,9,2,17,4,1598,1,18,MINI ONE,2,E01008010,0,1
2024041419597,2024,041419597,2,9,0,-1,19,5,1,-1,0,0,0,0,0,0,4,1,-1,6,2,39,7,1198,1,8,MINI ONE,5,E01024928,0,2
2024421465162,2024,421465162,2,9,0,-1,9,3,1,-1,0,4,0,0,0,0,4,1,-1,9,2,25,5,1198,1,7,MINI ONE,8,E01021914,0,1
2024201460908,2024,201460908,2,9,0,-1,9,7,5,-1,0,5,0,0,0,0,3,1,-1,6,2,46,8,1496,2,9,MINI ONE,8,E01009644,0,1
2024520402134,2024,520402134,2,9,0,10,10,2,7,0,0,8,0,0,0,0,2,1,6,6,2,70,10,1198,1,7,MINI ONE,1,E01015086,0,5
2024421450775,2024,421450775,1,9,0,-1,19,7,3,-1,0,5,0,0,7,0,1,2,-1,9,1,17,4,1600,1,13,MINI ONE,8,E01015876,0,1
2024320277662,2024,320277662,1,9,0,-1,-1,5,1,0,0,2,0,0,0,0,1,1,6,6,2,19,4,1598,1,19,MINI ONE,1,E01013142,0,4
2024451472632,2024,451472632,2,9,0,-1,19,5,4,-1,99,0,0,0,0,0,1,1,-1,6,1,57,9,1598,1,18,MINI ONE,-1,-1,0,-1
2024061490026,2024,061490026,2,9,0,-1,9,3,1,-1,0,8,0,0,0,0,2,9,-1,6,2,52,8,1598,2,12,MINI ONE,3,E01005358,0,1
2024451503558,2024,451503558,2,9,0,-1,19,2,6,-1,0,0,0,0,0,0,1,1,-1,9,2,27,6,1598,1,11,MINI ONE,8,E01023557,0,4
2024201471975,2024,201471975,1,9,0,-1,19,3,7,-1,0,0,0,0,0,0,1,9,-1,6,2,51,8,1397,1,15,MINI ONE,2,E01010309,0,1
2024302401649,2024,302401649,1,9,0,18,19,8,4,0,0,1,2,0,1,11,4,1,6,6,1,24,5,1598,1,18,MINI ONE,5,E01023800,0,5
2024631480937,2024,631480937,2,9,0,-1,3,1,5,-1,0,0,0,0,0,0,2,1,-1,2,1,52,8,1598,1,18,MINI ONE,9,W01002001,0,3
2024531453610,2024,531453610,1,9,0,-1,19,5,1,-1,0,8,5,10,0,0,0,1,-1,9,2,18,4,1397,1,16,MINI ONE,9,E01032710,0,4
202417M114924,2024,17M114924,1,9,0,-1,9,6,3,-1,0,8,0,0,0,0,4,1,-1,9,1,49,8,1397,1,16,MINI ONE,7,E01011959,0,3
2024061403481,2024,061403481,2,9,0,-1,19,5,1,-1,0,0,0,0,7,0,1,1,-1,6,1,28,6,1598,1,12,MINI ONE,-1,-1,0,-1
2024010538292,2024,010538292,2,9,0,4,4,5,1,0,0,3,0,0,0,0,2,1,2,2,1,32,6,1397,1,17,MINI ONE,6,E01002601,0,1
2024501521383,2024,501521383,2,9,0,-1,19,7,3,-1,0,0,0,0,0,0,1,1,-1,9,1,19,4,1598,1,16,MINI ONE,4,E01019922,0,3
2024010511903,2024,010511903,3,9,0,3,3,5,1,0,0,0,0,0,0,0,2,1,6,6,2,60,9,1598,1,9,MINI ONE,8,E01002201,0,1
2024041444882,2024,041444882,7,9,0,-1,2,0,0,-1,0,2,0,0,0,0,1,1,-1,6,-1,-1,-1,1198,1,8,MINI ONE,-1,-1,0,-1
2024010497284,2024,010497284,3,9,0,3,3,5,1,0,0,8,0,0,0,0,1,1,6,6,1,25,5,1598,1,19,MINI ONE,6,E01000706,0,1
2024461420872,2024,461420872,2,9,0,-1,2,0,0,-1,0,0,0,0,1,0,2,1,-1,6,-1,-1,-1,1397,1,17,MINI ONE,-1,-1,0,-1
2024520002226,2024,520002226,1,9,0,9,9,6,4,0,0,0,0,0,0,0,1,1,6,6,1,19,4,1598,1,11,MINI ONE,10,E01014384,0,1
2024332400413,2024,332400413,1,9,0,-1,19,2,8,-1,0,8,0,0,0,0,3,1,-1,9,2,63,9,1598,1,20,MINI ONE,1,E01025725,0,3
2024010540190,2024,010540190,2,9,0,99,99,9,9,99,99,9,9,99,9,99,9,9,6,6,1,20,4,1598,1,11,MINI ONE,5,E01002584,0,2
202460Q083203,2024,60Q083203,1,9,0,18,19,4,8,0,0,0,1,6,0,0,1,1,6,6,1,17,4,1364,2,19,MINI ONE,-1,-1,0,-1
2024430518320,2024,430518320,1,9,0,18,19,1,5,0,0,0,0,0,0,0,4,1,2,2,1,18,4,1397,1,16,MINI ONE,4,E01017724,0,1
2024440449761,2024,440449761,1,9,0,7,7,4,6,0,0,5,0,0,0,0,4,1,2,2,2,44,7,1198,1,9,MINI ONE,2,E01017169,0,3
2024101420471,2024,101420471,1,9,0,-1,2,0,0,-1,0,0,0,0,0,0,2,1,-1,6,2,33,6,1598,1,11,MINI ONE,2,E01008186,0,4
2024052401477,2024,052401477,1,9,0,18,19,4,8,0,0,0,0,0,0,0,3,1,6,6,3,-1,-1,1598,2,13,MINI ONE,-1,-1,0,-1
2024501488270,2024,501488270,1,9,0,-1,19,3,5,-1,0,8,0,0,2,1,1,1,-1,9,1,17,4,1397,1,14,MINI ONE,2,E01020015,0,1
2024440320113,2024,440320113,1,9,0,16,19,4,7,0,0,0,0,0,0,0,1,1,2,2,2,32,6,1598,1,13,MINI ONE,7,E01017361,0,1
2024351485438,2024,351485438,1,9,0,-1,19,1,5,-1,0,0,1,0,7,7,1,1,-1,6,2,23,5,1397,1,15,MINI ONE,9,E01027286,0,4
2024211502826,2024,211502826,2,9,0,-1,2,0,0,-1,0,1,0,0,0,0,4,1,-1,6,2,65,9,1600,1,13,MINI ONE,6,E01028826,0,2
202460Q068658,2024,60Q068658,1,9,0,16,19,3,5,0,0,0,0,0,0,0,0,1,6,6,2,18,4,1364,2,19,MINI ONE,-1,-1,0,-1
2024340WN5202,2024,340WN5202,1,9,0,-1,19,1,5,-1,0,0,0,0,1,0,1,1,-1,9,2,41,7,1598,1,17,MINI ONE,7,E01026999,0,1
2024010514666,2024,010514666,1,9,0,5,5,5,1,0,0,1,0,0,0,0,1,1,6,6,2,26,6,1198,1,10,MINI ONE,10,E01030314,0,4
2024461420522,2024,461420522,1,9,0,-1,5,3,7,-1,0,2,0,0,0,0,4,9,-1,6,2,-1,-1,1598,1,18,MINI ONE,6,E01016142,0,1
2024421416310,2024,421416310,1,9,0,-1,5,1,3,-1,0,0,0,0,0,0,1,1,-1,9,2,21,5,1598,1,18,MINI ONE,7,E01021902,0,2
2024622400182,2024,622400182,2,9,0,18,19,5,1,0,0,1,0,0,0,0,2,1,6,6,2,18,4,1598,1,18,MINI ONE,3,W01000818,0,1
2024440255876,2024,440255876,1,9,0,18,19,1,5,0,0,0,0,0,0,0,1,1,6,6,1,52,8,1598,1,20,MINI ONE,2,E01017019,0,1
2024010494675,2024,010494675,2,9,0,9,9,8,6,0,0,8,0,0,0,0,4,1,6,6,2,25,5,1198,1,8,MINI ONE,5,E01002651,0,1
2024421453096,2024,421453096,1,9,0,-1,9,2,8,-1,9,5,0,10,1,10,1,1,-1,9,1,62,9,1598,2,14,MINI ONE,1,E01022042,0,1
2024122400380,2024,122400380,1,9,0,18,19,1,5,0,0,1,0,4,0,0,1,1,6,6,2,54,8,1598,2,13,MINI ONE,3,E01027908,0,4
2024122400895,2024,122400895,1,9,0,18,19,5,1,0,0,8,0,0,0,0,1,1,6,6,2,28,6,1598,1,14,MINI ONE,2,E01005178,0,5
2024991485266,2024,991485266,1,9,0,-1,19,7,3,-1,0,0,0,11,0,0,1,9,-1,2,2,37,7,1198,1,9,MINI ONE,5,-1,0,2
2024451506347,2024,451506347,2,9,0,-1,3,5,1,-1,0,0,0,0,0,0,3,1,-1,2,1,18,4,1600,1,13,MINI ONE,6,E01030826,0,1
2024610051024,2024,610051024,1,9,0,2,2,0,0,0,0,0,0,0,1,4,2,1,6,6,2,49,8,1598,1,17,MINI ONE,1,W01001693,0,4
2024501511991,2024,501511991,3,9,0,-1,4,3,7,-1,0,1,0,0,0,0,2,1,-1,9,2,26,6,1598,1,18,MINI ONE,7,E01020509,0,4
2024461410024,2024,461410024,1,9,0,-1,19,1,5,-1,0,2,5,0,1,7,4,2,-1,9,2,25,5,1397,1,16,MINI ONE,2,E01024699,0,4
2024131514323,2024,131514323,1,9,0,-1,19,1,2,-1,0,8,0,0,0,0,1,1,-1,9,2,18,4,1598,1,11,MINI ONE,1,E01011863,0,3
2024131427725,2024,131427725,1,9,0,-1,19,1,5,-1,0,0,0,0,0,0,1,1,-1,6,-1,-1,-1,1499,1,6,MINI ONE,-1,-1,0,-1
2024471478118,2024,471478118,2,9,0,-1,19,4,8,-1,0,0,1,0,0,0,3,1,-1,9,2,72,10,1598,1,10,MINI ONE,5,E01031442,0,1
2024320645326,2024,320645326,1,9,0,-1,-1,2,6,0,0,0,0,0,0,0,1,1,-1,-1,2,75,10,1598,1,12,MINI ONE,10,E01026206,0,2
2024332400476,2024,332400476,1,9,0,-1,3,9,9,-1,0,0,0,0,0,0,0,1,-1,6,2,32,6,1598,1,8,MINI ONE,7,E01025626,0,2
2024552400429,2024,552400429,2,9,0,18,19,3,7,0,0,8,0,0,1,4,1,1,6,6,1,28,6,1598,1,20,MINI ONE,-1,-1,0,-1
2024061531646,2024,061531646,2,9,0,-1,9,3,1,-1,0,8,0,0,0,0,3,1,-1,6,2,44,7,1198,1,8,MINI ONE,1,E01033678,0,1
2024010539446,2024,010539446,1,9,0,-1,-1,7,3,0,0,0,2,0,0,0,1,1,6,6,1,19,4,1198,1,10,MINI ONE,10,E01020380,0,5
2024461451142,2024,461451142,1,9,0,-1,4,3,7,-1,0,0,0,0,0,0,1,9,-1,9,2,21,5,1397,1,15,MINI ONE,7,E01016123,0,1
202460Q028751,2024,60Q028751,1,9,0,7,7,4,8,0,0,8,0,0,0,0,1,1,6,6,2,50,8,1598,1,9,MINI ONE,-1,-1,0,-1
2024010501187,2024,010501187,1,9,0,18,19,7,3,0,0,0,0,0,0,0,2,1,6,6,2,34,6,1598,1,9,MINI ONE,2,E01004249,0,2
2024371460773,2024,371460773,1,9,0,-1,19,3,1,-1,0,0,0,0,1,4,1,1,-1,2,2,17,4,1598,1,19,MINI ONE,6,E01029873,0,1
2024501523474,2024,501523474,2,9,0,-1,19,3,7,-1,0,0,5,0,0,0,4,1,-1,9,2,18,4,1598,1,18,MINI ONE,2,E01019046,0,3
2024451523769,2024,451523769,1,9,0,-1,9,3,7,-1,0,1,0,0,0,0,1,1,-1,9,2,43,7,1598,1,13,MINI ONE,9,E01030716,0,1
2024311440471,2024,311440471,1,9,0,-1,9,5,2,-1,0,1,0,0,7,0,3,1,-1,9,2,18,4,1598,1,19,MINI ONE,6,E01028003,0,1
2024531451816,2024,531451816,2,9,0,-1,19,6,2,-1,0,1,0,0,0,0,1,1,-1,9,1,62,9,1397,1,16,MINI ONE,10,E01022318,0,1