collision_index,collision_year,collision_ref_no,vehicle_reference,vehicle_type,towing_and_articulation,vehicle_manoeuvre_historic,vehicle_manoeuvre,vehicle_direction_from,vehicle_direction_to,vehicle_location_restricted_lane_historic,vehicle_location_restricted_lane,junction_location,skidding_and_overturning,hit_object_in_carriageway,vehicle_leaving_carriageway,hit_object_off_carriageway,first_point_of_impact,vehicle_left_hand_drive,journey_purpose_of_driver_historic,journey_purpose_of_driver,sex_of_driver,age_of_driver,age_band_of_driver,engine_capacity_cc,propulsion_code,age_of_vehicle,generic_make_model,driver_imd_decile,lsoa_of_driver,escooter_flag,driver_distance_banding
2024501423815,2024,501423815,1,3,0,-1,19,7,3,-1,0,1,5,4,1,11,3,1,-1,6,1,19,4,125,1,10,-1,5,E01020191,0,2
2024201437812,2024,201437812,3,9,0,-1,19,4,8,-1,0,1,1,0,0,0,1,9,-1,9,1,46,8,1396,1,30,-1,2,E01010077,0,1
2024201468269,2024,201468269,1,11,0,-1,19,2,6,-1,0,0,0,0,0,0,1,9,-1,9,1,63,9,15928,2,19,-1,9,E01027399,0,5
2024311467549,2024,311467549,1,2,0,-1,19,3,7,-1,0,0,0,0,0,0,3,1,-1,6,1,17,4,50,1,0,-1,1,E01028311,0,3
2024010525025,2024,010525025,2,3,0,14,14,3,7,0,0,0,0,0,0,0,1,1,6,6,1,43,7,125,1,3,SUZUKI UH 125,6,E01002122,0,1
2024340NN3602,2024,340NN3602,1,3,0,-1,19,1,5,-1,0,1,0,0,0,0,0,1,-1,2,1,41,7,124,1,14,SUZUKI UH 125,4,E01026956,0,1
2024201439752,2024,201439752,2,3,0,-1,9,1,6,-1,0,6,0,0,0,0,3,1,-1,6,1,43,7,125,1,4,SUZUKI UH 125,1,E01033638,0,1
2024010533648,2024,010533648,2,3,0,18,19,3,7,0,0,8,2,0,0,0,1,1,6,6,1,36,7,125,1,6,SUZUKI UH 125,3,E01002600,0,1
2024440430703,2024,440430703,2,3,0,18,19,3,7,0,0,1,0,0,0,0,4,1,6,6,1,68,10,124,1,17,SUZUKI UH 125,4,E01017123,0,1
2024421400515,2024,421400515,1,3,0,-1,19,5,1,-1,0,0,0,0,0,0,1,1,-1,9,1,24,5,125,1,10,SUZUKI UH 125,5,E01021796,0,2
2024010548684,2024,010548684,1,3,0,5,5,3,7,9,9,1,0,0,1,10,4,1,1,1,1,45,7,125,1,9,SUZUKI UH 125,2,E01033327,0,1
2024010529290,2024,010529290,1,3,0,7,7,3,5,0,0,1,0,0,0,0,2,1,6,6,2,51,8,125,1,6,SUZUKI UH 125,2,E01002073,0,1
2024010522046,2024,010522046,1,3,0,7,7,2,5,0,0,6,0,0,0,0,4,1,2,2,1,37,7,125,1,6,SUZUKI UH 125,8,E01000342,0,1
2024501491663,2024,501491663,1,3,0,-1,19,8,5,-1,0,1,1,0,1,0,4,1,-1,9,2,55,8,124,1,15,SUZUKI UH 125,6,E01015132,0,3
2024622400849,2024,622400849,1,3,0,18,19,8,4,0,0,1,0,0,0,0,2,1,1,1,1,43,7,125,1,4,SUZUKI UH 125,1,W01000962,0,1
2024552400060,2024,552400060,2,4,0,3,3,4,6,0,0,6,0,0,0,0,1,1,2,2,1,55,8,125,1,6,SUZUKI UH 125,4,E01033241,0,2
2024501435300,2024,501435300,1,3,0,-1,19,2,6,-1,0,0,0,0,0,0,2,1,-1,9,1,59,9,125,1,6,SUZUKI UH 125,9,E01020171,0,1
2024401400227,2024,401400227,1,3,0,-1,4,3,7,-1,0,4,0,0,0,0,4,1,-1,1,1,31,6,124,1,15,SUZUKI UH 125,7,E01017481,0,1
2024010497814,2024,010497814,1,3,0,99,99,9,9,99,99,9,9,99,9,99,2,1,1,1,1,44,7,125,1,8,SUZUKI UH 125,2,E01033327,0,1
2024531439626,2024,531439626,1,3,0,-1,19,1,5,-1,0,0,0,0,0,0,1,1,-1,2,1,37,7,125,1,3,SUZUKI UH 125,6,E01022176,0,1
2024010497508,2024,010497508,2,3,0,9,9,3,1,0,0,6,0,0,0,0,1,1,6,6,1,27,6,125,1,3,-1,2,E01001151,0,1
2024010519521,2024,010519521,2,5,0,18,19,7,3,0,0,8,5,0,0,0,0,1,6,6,1,45,7,1731,1,8,-1,3,E01002560,0,1
2024010548690,2024,010548690,2,5,0,18,19,8,4,0,0,1,5,0,0,0,1,1,6,6,1,64,9,1731,1,8,-1,5,E01003076,0,1
2024010535668,2024,010535668,1,3,0,13,13,7,3,0,0,0,0,7,0,0,1,1,2,2,1,49,8,-1,3,1,-1,2,E01032565,0,1
2024061501323,2024,061501323,1,23,0,-1,4,-1,-1,-1,0,0,0,0,0,0,3,1,-1,9,1,35,6,-1,3,0,-1,1,E01005223,0,1
2024010524797,2024,010524797,7,4,0,2,2,0,0,0,0,0,5,0,0,0,3,1,6,6,3,-1,-1,-1,3,0,-1,-1,-1,0,-1
2024552400776,2024,552400776,2,19,0,18,19,4,8,0,0,0,0,0,0,0,2,1,6,6,1,53,8,-1,-1,-1,-1,8,E01029206,0,4
2024991448584,2024,991448584,2,19,0,-1,19,5,1,-1,0,0,0,0,0,0,2,1,-1,9,1,43,7,-1,-1,-1,-1,-1,-1,0,-1
2024546585824,2024,546585824,1,19,0,18,19,8,4,0,0,0,0,0,1,7,4,1,6,6,2,61,9,-1,-1,-1,-1,6,E01021022,0,5
2024461529728,2024,461529728,2,90,0,-1,19,1,5,-1,0,2,0,0,0,0,3,9,-1,6,2,54,8,1968,2,2,-1,6,E01034989,0,1
202417M316824,2024,17M316824,1,19,0,-1,10,6,4,-1,0,1,0,0,0,0,2,1,-1,1,2,37,7,-1,-1,-1,-1,7,E01011959,0,3
2024231490449,2024,231490449,1,19,0,-1,9,2,4,-1,0,6,0,0,0,0,1,1,-1,6,1,32,6,-1,-1,-1,-1,-1,-1,0,-1
2024520402857,2024,520402857,2,9,0,18,19,7,3,0,0,0,0,0,0,0,1,1,6,6,2,63,9,1968,2,5,VOLKSWAGEN TIGUAN,10,E01029030,0,1
2024991416599,2024,991416599,1,9,0,-1,19,6,2,-1,0,0,0,0,0,0,1,9,-1,9,2,29,6,1968,2,3,VOLKSWAGEN TIGUAN,9,-1,0,3
2024440049877,2024,440049877,2,9,0,18,19,8,4,0,0,1,0,0,0,0,1,1,6,6,2,51,8,1968,2,13,VOLKSWAGEN TIGUAN,9,E01016193,0,1
2024111471034,2024,111471034,2,9,0,-1,19,8,4,-1,0,1,0,0,0,0,1,1,-1,6,1,30,6,1968,2,15,VOLKSWAGEN TIGUAN,1,E01020765,0,1
2024201413560,2024,201413560,1,9,0,-1,9,1,7,-1,0,3,0,0,0,0,3,9,-1,6,1,36,7,1968,2,8,VOLKSWAGEN TIGUAN,1,E01009328,0,1
2024520402552,2024,520402552,2,9,0,10,10,6,4,0,0,8,0,0,0,0,2,1,6,6,1,41,7,1968,2,13,VOLKSWAGEN TIGUAN,10,E01014761,0,3
2024501506964,2024,501506964,2,9,0,-1,3,7,3,-1,0,0,0,0,0,0,2,1,-1,9,2,33,6,1984,1,7,VOLKSWAGEN TIGUAN,5,E01018975,0,2
2024991426599,2024,991426599,1,9,0,-1,19,4,7,-1,0,1,0,0,3,2,1,1,-1,6,1,29,6,1968,2,13,VOLKSWAGEN TIGUAN,2,-1,0,1
2024501484808,2024,501484808,2,9,0,-1,19,5,1,-1,0,1,0,0,0,0,1,1,-1,9,1,35,6,1968,2,10,VOLKSWAGEN TIGUAN,3,E01018974,0,1
2024531471901,2024,531471901,1,9,0,-1,9,6,2,-1,0,5,0,0,0,0,4,1,-1,9,1,28,6,1984,1,5,VOLKSWAGEN TIGUAN,5,E01022377,0,1
2024501400074,2024,501400074,1,9,0,-1,4,7,3,-1,0,0,0,0,0,0,2,1,-1,9,1,41,7,1968,2,9,VOLKSWAGEN TIGUAN,4,E01020309,0,3
2024440189023,2024,440189023,1,9,0,18,19,0,7,0,0,0,0,0,0,0,1,1,6,6,2,29,6,1968,2,11,VOLKSWAGEN TIGUAN,5,E01022806,0,1
2024211480467,2024,211480467,2,9,0,-1,5,5,1,-1,0,4,0,0,0,0,1,1,-1,9,1,60,9,1968,2,5,VOLKSWAGEN TIGUAN,-1,-1,0,-1
2024461516600,2024,461516600,1,9,0,-1,19,5,1,-1,0,1,0,0,0,0,3,1,-1,7,1,42,7,1968,2,7,VOLKSWAGEN TIGUAN,10,E01024819,0,3
2024010528034,2024,010528034,1,9,0,18,19,7,3,0,0,0,0,0,0,0,1,1,6,6,1,59,9,1968,2,4,VOLKSWAGEN TIGUAN,7,E01001867,0,1
2024131423799,2024,131423799,2,9,0,-1,19,7,3,-1,0,2,0,0,0,0,3,1,-1,9,1,40,7,1968,2,6,VOLKSWAGEN TIGUAN,1,E01010960,0,1
2024201516293,2024,201516293,2,9,0,-1,10,1,7,-1,0,1,0,0,0,0,1,1,-1,7,2,46,8,1968,2,1,VOLKSWAGEN TIGUAN,2,E01009392,0,1
2024471442324,2024,471442324,1,9,0,-1,5,1,5,-1,0,0,0,0,0,0,1,1,-1,9,2,27,6,1395,1,6,VOLKSWAGEN TIGUAN,6,E01031826,0,1
2024052401051,2024,052401051,1,9,0,6,6,3,3,0,0,0,0,0,0,0,3,1,6,6,2,34,6,1968,2,4,VOLKSWAGEN TIGUAN,1,E01006734,0,1
2024451502905,2024,451502905,1,9,0,-1,7,2,6,-1,0,8,0,0,0,0,1,1,-1,9,2,59,9,1968,2,11,VOLKSWAGEN TIGUAN,9,E01030970,0,1
2024520402768,2024,520402768,1,9,0,3,3,6,2,0,0,1,0,0,0,0,2,1,6,6,1,60,9,1968,2,4,VOLKSWAGEN TIGUAN,6,E01020074,0,2
2024430349943,2024,430349943,1,9,0,18,19,1,5,0,0,1,0,0,0,0,3,1,6,6,2,26,6,1968,2,15,VOLKSWAGEN TIGUAN,6,E01028480,0,3
2024131395567,2024,131395567,2,9,0,-1,3,1,5,-1,0,1,0,0,0,0,2,1,-1,9,1,50,8,1498,1,2,VOLKSWAGEN TIGUAN,5,E01011774,0,1
2024141525539,2024,141525539,1,9,0,-1,19,1,2,-1,0,0,0,0,0,0,1,1,-1,6,2,38,7,1968,2,4,VOLKSWAGEN TIGUAN,1,E01007809,0,3
2024131428373,2024,131428373,1,9,0,-1,15,6,2,-1,0,1,0,10,0,0,3,1,-1,6,1,-1,-1,1968,2,5,VOLKSWAGEN TIGUAN,-1,-1,0,-1
2024231514652,2024,231514652,2,9,0,-1,10,3,1,-1,0,1,0,0,0,0,4,9,-1,9,1,36,7,1498,1,1,VOLKSWAGEN TIGUAN,2,E01031142,0,1
2024501471761,2024,501471761,2,9,0,-1,19,1,5,-1,0,1,0,0,0,0,1,1,-1,9,2,60,9,1968,2,9,VOLKSWAGEN TIGUAN,4,E01020291,0,2
2024430394285,2024,430394285,2,9,0,4,4,1,5,0,0,0,0,0,0,0,2,1,6,6,2,31,6,1984,1,4,VOLKSWAGEN TIGUAN,2,E01015738,0,4
2024161474671,2024,161474671,1,9,0,-1,19,2,6,-1,0,0,0,0,0,0,2,9,-1,6,1,71,10,1968,2,14,VOLKSWAGEN TIGUAN,3,E01013197,0,1
2024991460613,2024,991460613,3,9,0,-1,19,5,1,-1,0,0,1,0,1,0,1,1,-1,9,2,49,8,1968,2,6,VOLKSWAGEN TIGUAN,2,-1,0,5
2024991499062,2024,991499062,2,9,0,-1,19,6,2,-1,0,0,0,0,0,0,1,1,-1,2,2,32,6,1498,1,0,VOLKSWAGEN TIGUAN,7,-1,0,2
2024361485509,2024,361485509,2,9,0,-1,10,2,5,-1,0,1,0,0,0,0,2,1,-1,6,1,33,6,1498,8,0,VOLKSWAGEN TIGUAN,7,E01026885,0,4
2024010528303,2024,010528303,1,9,0,99,99,9,9,0,0,1,0,0,0,0,9,1,6,6,3,-1,-1,1498,1,4,VOLKSWAGEN TIGUAN,-1,-1,0,-1
2024070054758,2024,070054758,1,9,0,18,19,1,5,0,0,0,0,7,1,11,4,1,6,6,2,33,6,1968,2,5,VOLKSWAGEN TIGUAN,10,W01000368,0,3
2024440284824,2024,440284824,1,9,0,18,19,5,1,0,0,1,1,0,0,0,3,1,6,6,2,38,7,1968,2,14,VOLKSWAGEN TIGUAN,1,E01022903,0,1
2024351521634,2024,351521634,1,9,0,-1,4,5,1,-1,0,2,0,0,0,0,1,1,-1,6,1,26,6,1968,2,16,VOLKSWAGEN TIGUAN,9,E01018191,0,3
2024041503878,2024,041503878,2,9,0,-1,19,7,3,-1,0,1,0,0,0,0,2,1,-1,6,2,51,8,1498,1,4,VOLKSWAGEN TIGUAN,6,E01025144,0,1
2024320277472,2024,320277472,3,9,0,-1,-1,4,8,0,0,0,0,0,0,0,1,1,-1,-1,1,31,6,1968,2,9,VOLKSWAGEN TIGUAN,5,E01031159,0,5
2024211479859,2024,211479859,1,9,0,-1,19,3,7,-1,0,0,0,0,0,0,1,1,-1,9,1,29,6,1498,1,5,VOLKSWAGEN TIGUAN,7,E01029385,0,1
2024461521504,2024,461521504,2,9,0,-1,19,8,6,-1,0,8,0,0,0,0,4,1,-1,7,2,27,6,1968,2,15,VOLKSWAGEN TIGUAN,4,E01016055,0,1
2024471526612,2024,471526612,2,9,0,-1,4,7,3,-1,0,0,0,0,0,0,2,1,-1,7,2,45,7,1968,2,7,VOLKSWAGEN TIGUAN,10,E01031476,0,1
2024052400377,2024,052400377,1,9,0,5,5,4,8,0,0,8,0,0,0,0,3,1,6,6,1,47,8,1968,2,3,VOLKSWAGEN TIGUAN,2,E01006520,0,1
2024461432828,2024,461432828,5,9,0,-1,2,1,1,-1,0,0,0,0,0,0,2,9,-1,6,1,60,9,1968,2,8,VOLKSWAGEN TIGUAN,6,E01024592,0,1
2024161492833,2024,161492833,2,9,9,-1,19,6,2,-1,0,1,9,99,9,0,2,9,-1,6,3,-1,-1,1968,2,12,VOLKSWAGEN TIGUAN,-1,-1,0,-1
2024131416291,2024,131416291,2,9,0,-1,19,5,1,-1,0,0,0,0,0,0,3,1,-1,9,1,42,7,1498,1,4,VOLKSWAGEN TIGUAN,10,E01011564,0,1
2024201463363,2024,201463363,1,9,0,-1,19,6,2,-1,0,0,0,0,0,0,1,1,-1,6,1,45,7,1968,2,4,VOLKSWAGEN TIGUAN,5,E01009072,0,1
2024302500298,2024,302500298,2,9,0,-1,13,3,7,-1,0,0,0,0,0,0,4,1,-1,9,1,61,9,1498,1,1,VOLKSWAGEN TIGUAN,9,E01019589,0,2
2024401459323,2024,401459323,2,9,0,-1,5,5,1,-1,0,8,0,0,0,0,1,1,-1,6,1,47,8,1498,1,1,VOLKSWAGEN TIGUAN,5,E01015782,0,1
2024010517386,2024,010517386,1,9,0,99,99,9,9,99,99,9,9,99,9,99,9,9,6,6,1,59,9,1968,2,8,VOLKSWAGEN TIGUAN,4,E01002802,0,1
2024430615605,2024,430615605,2,9,0,18,19,4,8,0,0,0,0,0,0,0,1,1,6,6,1,29,6,1968,2,7,VOLKSWAGEN TIGUAN,9,E01027255,0,4
2024411510439,2024,411510439,1,9,0,-1,6,7,3,-1,0,0,0,0,0,0,3,9,-1,6,1,-1,-1,1968,2,3,VOLKSWAGEN TIGUAN,-1,-1,0,-1
2024041533535,2024,041533535,1,9,0,-1,19,5,1,-1,0,6,0,0,0,0,1,1,-1,6,2,31,6,1498,1,0,VOLKSWAGEN TIGUAN,6,E01005345,0,4
2024041523890,2024,041523890,2,9,0,-1,2,0,0,-1,9,0,0,0,1,0,4,1,-1,6,-1,-1,-1,1498,1,1,VOLKSWAGEN TIGUAN,-1,-1,0,-1
2024052401972,2024,052401972,2,9,0,4,4,8,4,0,0,1,0,0,0,0,2,1,2,2,1,38,7,1968,2,5,VOLKSWAGEN TIGUAN,10,E01012447,0,4
2024991395677,2024,991395677,1,9,0,-1,19,4,8,-1,0,0,1,0,7,0,1,1,-1,9,2,40,7,1968,2,12,VOLKSWAGEN TIGUAN,1,-1,0,3
2024131468791,2024,131468791,2,9,0,-1,4,2,1,-1,0,1,0,0,0,0,2,1,-1,9,2,59,9,1498,1,3,VOLKSWAGEN TIGUAN,3,E01010895,0,1
2024361479575,2024,361479575,2,9,0,-1,19,1,5,-1,0,0,0,0,0,0,1,1,-1,9,1,62,9,1968,2,8,VOLKSWAGEN TIGUAN,6,E01026451,0,2
202454C208924,2024,54C208924,1,9,0,18,19,5,1,0,0,6,0,0,0,0,0,1,6,6,2,34,6,1968,2,6,VOLKSWAGEN TIGUAN,7,E01033843,0,1
2024201475006,2024,201475006,2,9,0,-1,19,5,4,-1,0,2,0,0,0,0,4,1,-1,9,1,22,5,1968,2,14,VOLKSWAGEN TIGUAN,2,E01009481,0,1
2024430321069,2024,430321069,1,9,0,1,1,6,2,9,9,6,0,0,0,0,2,1,6,6,2,47,8,1968,2,10,VOLKSWAGEN TIGUAN,10,E01028464,0,1
2024610009424,2024,610009424,2,9,0,9,9,6,4,0,0,2,0,0,0,0,1,1,6,6,1,61,9,1968,2,11,VOLKSWAGEN TIGUAN,2,W01001503,0,1
2024411454859,2024,411454859,2,9,0,-1,19,2,6,-1,0,0,0,0,0,0,1,1,-1,2,1,29,6,1498,1,5,VOLKSWAGEN TIGUAN,8,E01017583,0,4
2024201413419,2024,201413419,1,9,0,-1,19,4,8,-1,0,0,0,4,1,0,1,1,-1,9,2,47,8,1968,2,9,VOLKSWAGEN TIGUAN,4,E01010009,0,1
2024401479519,2024,401479519,2,9,0,-1,2,0,0,-1,0,0,0,0,0,0,4,1,-1,6,-1,-1,-1,1498,1,5,VOLKSWAGEN TIGUAN,-1,-1,0,-1
2024201462179,2024,201462179,2,9,0,-1,7,6,8,-1,0,6,0,0,0,0,3,1,-1,9,1,37,7,1968,2,5,VOLKSWAGEN TIGUAN,1,E01009477,0,1
2024131488611,2024,131488611,1,9,0,-1,19,5,1,-1,0,1,5,0,1,2,4,1,-1,6,-1,-1,-1,1968,2,14,VOLKSWAGEN TIGUAN,-1,-1,0,-1
2024311418831,2024,311418831,1,9,0,-1,6,3,3,-1,0,1,0,0,0,0,3,1,-1,6,1,42,7,1968,2,3,VOLKSWAGEN TIGUAN,2,E01013918,0,1
2024122400296,2024,122400296,2,9,0,18,19,2,6,0,0,8,0,0,0,0,0,1,6,6,2,38,7,1498,1,2,VOLKSWAGEN TIGUAN,10,E01027675,0,1
2024311450543,2024,311450543,1,9,0,-1,19,5,1,-1,0,2,0,0,0,0,3,1,-1,9,2,35,6,1968,2,9,VOLKSWAGEN TIGUAN,4,E01028239,0,2
2024231510711,2024,231510711,2,9,0,-1,14,1,5,-1,0,0,0,0,1,0,1,1,-1,6,2,30,6,1968,2,9,VOLKSWAGEN TIGUAN,8,E01031020,0,1
2024548838424,2024,548838424,2,9,0,16,19,6,1,0,0,1,0,0,0,0,1,1,6,6,2,82,11,1968,2,8,VOLKSWAGEN TIGUAN,9,E01031955,0,2
2024451454542,2024,451454542,2,9,0,-1,11,3,3,-1,0,0,0,0,0,0,3,1,-1,1,1,48,8,1984,1,1,VOLKSWAGEN TIGUAN,10,E01030903,0,1
2024201435003,2024,201435003,1,9,0,-1,9,2,1,-1,0,6,0,0,0,0,1,9,-1,7,1,50,8,1395,8,1,VOLKSWAGEN TIGUAN,4,E01009218,0,1
2024451440988,2024,451440988,1,9,0,-1,19,4,8,-1,0,1,0,0,0,0,1,1,-1,9,2,33,6,1968,2,4,VOLKSWAGEN TIGUAN,9,E01030343,0,3
2024201429057,2024,201429057,2,9,0,-1,19,4,8,-1,0,0,0,0,0,0,4,1,-1,1,1,41,7,1968,2,7,VOLKSWAGEN TIGUAN,1,E01010408,0,1
2024161445317,2024,161445317,1,9,0,-1,19,1,5,-1,0,3,0,0,0,0,1,1,-1,6,2,38,7,1498,1,1,VOLKSWAGEN TIGUAN,1,E01012845,0,2
2024991429707,2024,991429707,1,9,0,-1,5,7,2,-1,0,0,5,0,1,9,4,1,-1,9,1,83,11,1968,2,12,VOLKSWAGEN TIGUAN,6,-1,0,4
2024361522561,2024,361522561,1,9,0,-1,1,5,1,-1,5,0,0,0,0,0,2,1,-1,6,2,57,9,1498,1,1,VOLKSWAGEN TIGUAN,6,E01026437,0,4
2024991483803,2024,991483803,1,9,0,-1,19,1,5,-1,0,0,0,0,0,0,1,1,-1,9,1,78,11,1498,1,5,VOLKSWAGEN TIGUAN,9,E01032379,0,5
2024501433793,2024,501433793,1,9,0,-1,7,3,6,-1,0,8,0,0,0,0,1,9,-1,6,2,32,6,1968,2,4,VOLKSWAGEN TIGUAN,5,E01020147,0,1
2024010502364,2024,010502364,2,9,0,2,2,0,0,0,0,0,0,0,0,0,4,1,6,6,3,-1,-1,1968,2,6,VOLKSWAGEN TIGUAN,-1,-1,0,-1
2024101485918,2024,101485918,2,9,0,-1,19,1,5,-1,0,0,0,0,0,0,1,1,-1,6,1,45,7,1968,2,11,VOLKSWAGEN TIGUAN,4,E01008578,0,1
2024141517217,2024,141517217,2,9,0,-1,9,3,2,-1,0,6,0,0,0,0,1,1,-1,2,2,56,9,1498,1,0,VOLKSWAGEN TIGUAN,1,E01007365,0,1
2024221520023,2024,221520023,1,9,0,-1,9,4,2,-1,0,6,0,0,0,0,0,9,-1,6,1,79,11,1968,2,8,VOLKSWAGEN TIGUAN,4,E01035071,0,1
2024041457637,2024,041457637,1,9,0,-1,19,1,5,-1,0,3,0,0,0,0,4,1,-1,2,2,48,8,1498,1,4,VOLKSWAGEN TIGUAN,5,E01012719,0,1
2024010503884,2024,010503884,2,9,0,18,19,1,5,0,0,0,0,0,0,0,1,1,6,6,1,43,7,1968,2,5,VOLKSWAGEN TIGUAN,8,E01000117,0,1
2024101475676,2024,101475676,1,9,0,-1,7,5,1,-1,0,0,0,0,0,0,1,1,-1,9,1,45,7,1968,2,15,VOLKSWAGEN TIGUAN,5,E01027477,0,1
2024122401223,2024,122401223,1,9,0,13,13,3,7,0,0,0,0,0,1,4,1,1,6,6,2,29,6,1968,2,12,VOLKSWAGEN TIGUAN,9,E01013356,0,1
2024141453443,2024,141453443,2,9,0,-1,2,0,0,-1,9,2,0,0,0,0,0,1,-1,6,-1,-1,-1,1968,2,7,VOLKSWAGEN TIGUAN,-1,-1,0,-1
202460Q034042,2024,60Q034042,1,9,0,18,19,5,1,0,0,2,0,0,1,3,3,1,6,6,2,79,11,1968,2,14,VOLKSWAGEN TIGUAN,-1,-1,0,-1
2024522401232,2024,522401232,1,9,0,18,19,2,6,0,0,0,0,0,0,0,4,1,6,6,2,38,7,1498,1,4,VOLKSWAGEN TIGUAN,6,E01015019,0,1
2024070816339,2024,070816339,2,9,0,-1,19,7,3,-1,0,0,1,0,0,6,3,1,-1,2,1,20,4,1498,8,0,VOLKSWAGEN TIGUAN,10,E01012477,0,3
2024031511021,2024,031511021,1,9,0,-1,4,3,7,-1,0,0,0,0,0,0,2,1,-1,1,1,60,9,1968,2,10,VOLKSWAGEN TIGUAN,3,E01008349,0,4
2024430452381,2024,430452381,2,9,0,18,19,4,8,0,0,0,0,0,0,0,1,1,6,6,1,75,10,1498,1,0,VOLKSWAGEN TIGUAN,7,E01016366,0,3
2024411440648,2024,411440648,1,9,0,-1,-1,-1,-1,-1,-1,-1,-1,-1,-1,0,4,9,-1,6,3,-1,-1,1498,1,3,VOLKSWAGEN TIGUAN,-1,-1,0,-1
202460Q081595,2024,60Q081595,1,9,0,4,4,1,5,0,0,1,0,0,0,0,1,1,6,6,2,29,6,1968,2,12,VOLKSWAGEN TIGUAN,-1,-1,0,-1
2024531499074,2024,531499074,4,9,0,-1,3,3,7,-1,0,1,0,0,0,0,2,9,-1,6,2,54,8,1968,2,9,VOLKSWAGEN TIGUAN,5,E01022321,0,1
2024421409662,2024,421409662,2,9,0,-1,2,0,0,-1,0,0,0,0,0,0,2,9,-1,6,3,-1,-1,1968,2,6,VOLKSWAGEN TIGUAN,-1,-1,0,-1
2024122400620,2024,122400620,1,9,0,12,12,7,3,0,0,7,0,0,0,0,1,1,6,6,1,42,7,1968,2,14,VOLKSWAGEN TIGUAN,8,E01027808,0,4
2024131487232,2024,131487232,2,9,0,-1,9,5,2,-1,0,0,0,0,0,0,1,1,-1,9,1,43,7,1498,1,3,VOLKSWAGEN TIGUAN,1,E01033021,0,1
2024311464798,2024,311464798,1,9,0,-1,13,5,1,-1,0,0,0,0,0,0,4,1,-1,2,1,39,7,1968,2,4,VOLKSWAGEN TIGUAN,8,E01028172,0,1
2024622400789,2024,622400789,1,9,0,1,1,3,7,0,0,1,0,0,0,0,2,1,6,6,2,28,6,1498,1,0,VOLKSWAGEN TIGUAN,1,W01001209,0,1
2024211432328,2024,211432328,1,9,0,-1,19,5,1,-1,0,1,0,0,0,0,1,1,-1,6,2,37,7,1968,2,8,VOLKSWAGEN TIGUAN,-1,-1,0,-1
2024520403033,2024,520403033,1,9,0,18,19,1,5,0,0,0,0,0,0,0,4,1,6,6,2,-1,-1,1498,1,0,VOLKSWAGEN TIGUAN,-1,-1,0,-1
2024010536853,2024,010536853,2,9,0,13,13,7,3,0,0,2,0,0,0,0,3,1,6,6,3,-1,-1,1498,1,3,VOLKSWAGEN TIGUAN,-1,-1,0,-1
2024440293125,2024,440293125,2,9,0,18,19,3,7,0,0,1,0,0,0,0,3,1,1,1,1,-1,-1,1395,1,7,VOLKSWAGEN TIGUAN,-1,-1,0,-1
2024070635998,2024,070635998,2,9,0,5,5,5,1,0,0,1,0,0,0,0,4,1,6,6,1,58,9,1968,2,2,VOLKSWAGEN TIGUAN,10,E01018632,0,2
2024131408196,2024,131408196,2,9,0,-1,19,7,7,-1,0,1,0,0,0,0,1,1,-1,6,1,73,10,1498,1,5,VOLKSWAGEN TIGUAN,6,E01027584,0,1
2024401438192,2024,401438192,2,9,0,-1,5,7,1,-1,0,1,0,0,0,0,3,1,-1,6,1,37,7,1968,2,5,VOLKSWAGEN TIGUAN,8,E01015693,0,1
2024451437567,2024,451437567,2,9,0,-1,11,7,3,-1,0,1,0,0,0,0,4,1,-1,6,2,50,8,1498,1,1,VOLKSWAGEN TIGUAN,-1,-1,0,-1
2024010542998,2024,010542998,2,9,0,99,99,9,9,99,99,9,9,99,9,99,1,9,6,6,2,40,7,1968,2,3,VOLKSWAGEN TIGUAN,5,E01021762,0,3
2024531438792,2024,531438792,2,9,0,-1,19,3,7,-1,0,8,0,0,0,0,3,1,-1,6,1,55,8,1968,2,8,VOLKSWAGEN TIGUAN,7,E01022163,0,1
2024131499059,2024,131499059,2,9,0,-1,2,0,0,-1,0,0,0,0,0,0,0,1,-1,6,3,-1,-1,1968,2,9,VOLKSWAGEN TIGUAN,-1,-1,0,-1
2024461434128,2024,461434128,2,9,0,-1,15,7,3,-1,0,1,0,0,0,0,4,1,-1,9,1,31,6,1498,1,0,VOLKSWAGEN TIGUAN,4,E01024111,0,2
2024461423048,2024,461423048,2,9,0,-1,19,4,5,-1,0,0,0,0,0,0,2,9,-1,6,2,34,6,1498,1,1,VOLKSWAGEN TIGUAN,10,E01021438,0,3
2024201486549,2024,201486549,2,9,0,-1,19,7,3,-1,0,0,0,0,0,0,1,1,-1,6,1,33,6,1968,2,10,VOLKSWAGEN TIGUAN,-1,-1,0,-1
2024010538405,2024,010538405,2,9,0,18,19,1,5,0,0,8,0,0,0,0,4,1,6,6,2,40,7,1968,2,6,VOLKSWAGEN TIGUAN,2,E01033938,0,1
2024041411761,2024,041411761,3,9,0,-1,2,0,0,-1,0,0,0,4,0,0,2,1,-1,6,-1,-1,-1,1968,2,5,VOLKSWAGEN TIGUAN,-1,-1,0,-1
2024440497291,2024,440497291,2,9,0,2,2,0,0,0,0,0,0,0,0,0,2,1,6,6,3,-1,-1,1968,2,9,VOLKSWAGEN TIGUAN,-1,-1,0,-1
2024451440926,2024,451440926,2,9,0,-1,4,1,5,-1,0,0,1,0,0,0,2,1,-1,2,1,42,7,1968,2,6,VOLKSWAGEN TIGUAN,7,E01022604,0,3
2024131473746,2024,131473746,2,9,0,-1,3,5,1,-1,0,1,0,0,0,0,2,1,-1,2,1,49,8,1968,2,11,VOLKSWAGEN TIGUAN,2,E01010665,0,1
2024421529379,2024,421529379,2,9,0,-1,3,7,3,-1,0,1,0,0,0,0,3,1,-1,6,2,43,7,1968,2,1,VOLKSWAGEN TIGUAN,7,E01021457,0,1