collision_index,collision_year,collision_ref_no,vehicle_reference,vehicle_type,towing_and_articulation,vehicle_manoeuvre_historic,vehicle_manoeuvre,vehicle_direction_from,vehicle_direction_to,vehicle_location_restricted_lane_historic,vehicle_location_restricted_lane,junction_location,skidding_and_overturning,hit_object_in_carriageway,vehicle_leaving_carriageway,hit_object_off_carriageway,first_point_of_impact,vehicle_left_hand_drive,journey_purpose_of_driver_historic,journey_purpose_of_driver,sex_of_driver,age_of_driver,age_band_of_driver,engine_capacity_cc,propulsion_code,age_of_vehicle,generic_make_model,driver_imd_decile,lsoa_of_driver,escooter_flag,driver_distance_banding
2024010529675,2024,010529675,1,9,0,4,4,3,7,0,0,8,0,0,0,0,1,1,6,6,3,23,5,1498,1,5,VOLKSWAGEN TIGUAN,-1,-1,0,-1
2024141492214,2024,141492214,2,9,0,-1,19,3,7,-1,0,0,0,0,0,0,4,1,-1,9,1,68,10,1968,2,9,VOLKSWAGEN TIGUAN,8,E01011185,0,2
2024610034824,2024,610034824,1,9,0,18,19,9,9,0,0,1,0,0,0,0,1,1,6,6,2,23,5,1498,1,5,VOLKSWAGEN TIGUAN,3,W01001577,0,1
2024201497817,2024,201497817,2,9,0,-1,5,3,7,-1,0,2,0,0,0,0,3,1,-1,6,1,35,6,1498,1,1,VOLKSWAGEN TIGUAN,1,E01009141,0,1
2024991399620,2024,991399620,1,9,0,-1,7,1,4,-1,0,0,0,0,0,0,1,1,-1,9,1,70,10,1498,1,2,VOLKSWAGEN TIGUAN,10,-1,0,3
2024501508634,2024,501508634,1,9,0,-1,7,1,3,-1,0,3,0,0,0,0,1,1,-1,9,2,33,6,1498,1,5,VOLKSWAGEN TIGUAN,1,E01015048,0,1
2024411440226,2024,411440226,2,9,0,-1,4,1,5,-1,0,0,0,0,0,0,2,1,-1,6,1,40,7,1498,1,4,VOLKSWAGEN TIGUAN,3,E01001508,0,3
2024552400724,2024,552400724,1,9,0,13,13,7,3,0,0,0,0,0,0,0,4,1,6,6,3,-1,-1,1968,2,5,VOLKSWAGEN TIGUAN,-1,-1,0,-1
202417M109724,2024,17M109724,2,9,0,-1,9,2,6,-1,0,8,0,0,0,0,3,1,-1,9,1,61,9,1968,2,8,VOLKSWAGEN TIGUAN,1,E01012150,0,1
2024332400277,2024,332400277,1,9,0,-1,19,9,9,-1,0,0,0,0,0,0,3,1,-1,6,2,-1,-1,1968,2,6,VOLKSWAGEN TIGUAN,-1,-1,0,-1
2024631474810,2024,631474810,2,9,0,-1,2,0,0,-1,0,0,0,0,0,0,0,1,-1,6,3,-1,-1,1968,2,12,VOLKSWAGEN TIGUAN,-1,-1,0,-1
2024010542316,2024,010542316,1,9,0,12,12,1,5,0,0,1,0,0,0,0,3,1,3,7,1,33,6,1498,1,0,VOLKSWAGEN TIGUAN,6,E01003681,0,1
2024101509852,2024,101509852,1,9,0,-1,11,4,7,-1,0,8,0,0,0,0,1,1,-1,6,1,41,7,1498,1,3,VOLKSWAGEN TIGUAN,7,-1,0,5
2024122400069,2024,122400069,1,9,0,18,19,1,5,0,0,0,0,0,0,0,0,1,6,6,1,78,11,1968,2,8,VOLKSWAGEN TIGUAN,8,E01027096,0,5
2024141498170,2024,141498170,2,9,0,-1,3,5,1,-1,0,0,0,0,0,0,2,1,-1,6,3,-1,-1,1968,2,1,VOLKSWAGEN TIGUAN,-1,-1,0,-1
2024052402209,2024,052402209,1,9,0,18,19,3,7,0,0,1,5,0,0,0,3,1,6,6,1,47,8,1968,2,5,VOLKSWAGEN TIGUAN,8,E01006409,0,2
2024991421963,2024,991421963,3,9,0,-1,3,3,7,-1,0,1,0,0,0,0,1,2,-1,2,2,44,7,1498,8,0,VOLKSWAGEN TIGUAN,9,-1,0,3
2024531437547,2024,531437547,1,9,0,-1,19,3,7,-1,0,1,0,0,0,0,1,1,-1,9,2,61,9,1968,2,6,VOLKSWAGEN TIGUAN,6,E01022216,0,1
2024361458607,2024,361458607,1,9,0,-1,19,4,7,-1,0,0,0,0,0,0,0,1,-1,9,2,43,7,1968,2,12,VOLKSWAGEN TIGUAN,5,E01026538,0,3
2024371433618,2024,371433618,2,9,0,-1,9,5,2,-1,0,1,0,0,0,0,3,1,-1,6,2,55,8,1968,2,5,VOLKSWAGEN TIGUAN,8,E01029951,0,1
2024461561756,2024,461561756,3,9,0,-1,19,3,7,-1,0,0,0,0,0,0,3,9,-1,2,1,50,8,1968,2,4,VOLKSWAGEN TIGUAN,9,E01016172,0,2
2024131405781,2024,131405781,1,9,0,-1,19,1,5,-1,0,8,0,0,0,0,3,1,-1,9,1,43,7,1968,2,10,VOLKSWAGEN TIGUAN,3,E01010763,0,1
2024991511022,2024,991511022,1,9,0,-1,5,2,4,-1,0,6,0,0,0,0,1,1,-1,9,2,39,7,1498,1,3,VOLKSWAGEN TIGUAN,6,-1,0,1
2024010530596,2024,010530596,1,9,0,99,99,9,9,99,99,9,9,99,9,99,1,9,6,6,2,28,6,1498,1,3,VOLKSWAGEN TIGUAN,6,E01035705,0,2
2024052401759,2024,052401759,2,9,0,5,5,2,6,0,0,6,0,0,0,0,3,1,2,2,2,38,7,1498,1,1,VOLKSWAGEN TIGUAN,3,E01007049,0,1
2024052401428,2024,052401428,2,9,0,18,19,3,7,0,0,0,0,0,0,0,1,1,6,6,1,54,8,1498,8,0,VOLKSWAGEN TIGUAN,1,E01006645,0,1
2024430612972,2024,430612972,1,9,0,9,9,1,4,0,0,5,0,0,0,0,1,1,6,6,2,47,8,1968,2,4,VOLKSWAGEN TIGUAN,8,E01017821,0,1
2024221467770,2024,221467770,1,9,0,-1,19,2,6,-1,0,8,5,0,0,0,3,9,-1,1,1,49,8,1395,8,1,VOLKSWAGEN TIGUAN,8,E01009904,0,4
2024041462397,2024,041462397,1,9,0,-1,19,5,1,-1,0,0,0,0,0,0,1,1,-1,2,1,52,8,1968,2,2,VOLKSWAGEN TIGUAN,2,E01024942,0,3
2024451414206,2024,451414206,1,9,0,-1,4,3,3,-1,0,0,0,0,0,0,2,1,-1,1,1,64,9,1395,8,2,VOLKSWAGEN TIGUAN,9,E01030526,0,2
2024461519856,2024,461519856,4,9,0,-1,4,5,1,-1,0,0,0,0,0,0,2,1,-1,9,2,39,7,1968,2,4,VOLKSWAGEN TIGUAN,3,E01016043,0,4
2024010499949,2024,010499949,2,9,0,99,99,9,9,99,99,9,9,99,9,99,1,9,6,6,3,-1,-1,1498,1,1,VOLKSWAGEN TIGUAN,-1,-1,0,-1
2024061428542,2024,061428542,1,9,0,-1,19,2,6,-1,0,1,0,0,0,0,1,1,-1,6,1,48,8,1395,8,1,VOLKSWAGEN TIGUAN,1,E01005527,0,1
2024332400479,2024,332400479,1,9,0,-1,19,8,5,-1,0,0,0,0,1,1,1,1,-1,9,1,25,5,1968,2,7,VOLKSWAGEN TIGUAN,5,E01018214,0,4
2024430034233,2024,430034233,1,9,0,16,19,3,6,0,0,0,0,0,0,0,1,1,3,7,2,37,7,1968,2,2,VOLKSWAGEN TIGUAN,10,E01028789,0,1
2024451529447,2024,451529447,1,9,0,-1,19,5,1,-1,0,1,0,0,0,0,1,1,-1,9,1,51,8,1968,2,3,VOLKSWAGEN TIGUAN,10,E01022847,0,1
2024991483209,2024,991483209,2,9,3,-1,19,8,4,-1,0,0,0,0,0,0,1,1,-1,9,1,32,6,1968,2,5,VOLKSWAGEN TIGUAN,8,-1,0,3
2024461405280,2024,461405280,1,9,0,-1,19,2,6,-1,0,0,0,4,0,0,1,1,-1,1,2,23,5,1498,1,1,VOLKSWAGEN TIGUAN,5,E01003685,0,4
2024061409362,2024,061409362,1,9,0,-1,19,6,2,-1,0,1,0,0,0,0,1,1,-1,6,1,18,4,1968,2,15,VOLKSWAGEN TIGUAN,3,E01004941,0,1
2024122500118,2024,122500118,1,9,0,18,19,6,2,0,0,0,0,0,1,0,1,1,6,6,1,28,6,1968,2,6,VOLKSWAGEN TIGUAN,1,E01020909,0,3
2024201519155,2024,201519155,2,9,0,-1,2,0,0,-1,0,8,0,0,0,0,2,9,-1,6,-1,-1,-1,1498,1,2,VOLKSWAGEN TIGUAN,-1,-1,0,-1
2024471512989,2024,471512989,2,9,0,-1,9,2,1,-1,0,5,0,0,0,0,4,1,-1,6,2,37,7,1498,1,0,VOLKSWAGEN TIGUAN,7,E01031493,0,1
2024122400097,2024,122400097,2,9,0,18,19,8,4,0,0,8,0,0,0,0,1,1,6,6,1,51,8,1968,2,4,VOLKSWAGEN TIGUAN,8,E01027693,0,2
2024131481904,2024,131481904,1,9,0,-1,1,1,1,-1,9,0,0,0,0,0,4,1,-1,6,1,36,7,1968,2,11,VOLKSWAGEN TIGUAN,1,E01010739,0,1
2024010546985,2024,010546985,1,9,0,9,9,7,5,0,0,1,0,0,0,0,1,1,6,6,3,-1,-1,1498,1,1,VOLKSWAGEN TIGUAN,-1,-1,0,-1
2024231411539,2024,231411539,2,9,0,-1,19,5,1,-1,0,8,1,0,0,0,1,1,-1,9,1,59,9,1984,1,7,VOLKSWAGEN TIGUAN,8,E01022182,0,3
2024340NN0222,2024,340NN0222,2,9,0,-1,2,0,0,-1,0,0,0,4,0,0,2,1,-1,6,3,-1,-1,1968,2,6,VOLKSWAGEN TIGUAN,-1,-1,0,-1
2024201524619,2024,201524619,3,9,0,-1,2,0,0,-1,0,0,0,0,0,0,4,1,-1,6,-1,-1,-1,1968,2,15,VOLKSWAGEN TIGUAN,-1,-1,0,-1
2024440525144,2024,440525144,1,9,0,10,10,5,7,0,0,1,0,0,0,0,2,1,6,6,2,61,9,1968,2,9,VOLKSWAGEN TIGUAN,9,E01022978,0,1
2024141497790,2024,141497790,1,9,0,-1,19,3,8,-1,0,1,0,0,0,0,3,1,-1,2,1,24,5,1498,1,3,VOLKSWAGEN TIGUAN,1,E01007472,0,1
2024451410431,2024,451410431,2,9,0,-1,19,3,7,-1,0,0,0,0,0,0,2,1,-1,6,2,51,8,1968,2,15,VOLKSWAGEN TIGUAN,8,E01001062,0,3
2024031481620,2024,031481620,1,9,0,-1,19,1,7,-1,0,0,0,0,0,0,1,1,-1,9,2,27,6,1968,2,9,VOLKSWAGEN TIGUAN,-1,-1,0,-1
2024501459915,2024,501459915,1,9,0,-1,2,0,0,-1,0,0,0,0,0,0,2,9,-1,6,2,42,7,1968,2,10,VOLKSWAGEN TIGUAN,3,E01015084,0,1
2024211461513,2024,211461513,2,9,0,-1,19,5,1,-1,0,0,0,0,0,0,2,1,-1,9,2,28,6,1984,1,8,VOLKSWAGEN TIGUAN,10,E01029380,0,1
2024052401125,2024,052401125,1,9,0,9,9,3,1,0,0,1,0,0,1,0,1,1,6,6,2,30,6,1968,2,11,VOLKSWAGEN TIGUAN,7,E01025507,0,2
2024111451662,2024,111451662,2,9,0,-1,8,1,2,-1,0,2,0,0,0,0,2,1,-1,6,2,39,7,1968,2,7,VOLKSWAGEN TIGUAN,10,E01020683,0,1
2024122400528,2024,122400528,2,9,0,5,5,7,3,0,0,6,0,0,0,0,3,1,6,6,2,55,8,1498,1,3,VOLKSWAGEN TIGUAN,10,E01027641,0,1
2024010550400,2024,010550400,2,9,0,18,19,1,5,0,0,8,0,0,0,0,3,1,6,6,2,39,7,1498,1,1,VOLKSWAGEN TIGUAN,8,E01021752,0,1
2024991458140,2024,991458140,2,9,0,-1,9,4,2,-1,0,3,0,0,0,0,4,1,-1,6,1,30,6,1498,1,0,VOLKSWAGEN TIGUAN,1,-1,0,2
2024052400639,2024,052400639,1,9,0,9,9,6,4,0,0,8,0,0,0,0,1,1,6,6,1,34,6,1498,1,1,VOLKSWAGEN TIGUAN,1,E01006556,0,1
2024471421466,2024,471421466,1,9,0,-1,7,7,1,-1,0,0,0,0,0,0,1,1,-1,6,1,32,6,1395,1,7,VOLKSWAGEN TIGUAN,2,E01016911,0,1
2024161504122,2024,161504122,1,9,0,-1,6,5,5,-1,0,1,0,0,0,0,3,1,-1,2,2,33,6,1498,1,5,VOLKSWAGEN TIGUAN,3,E01012901,0,4
2024471473597,2024,471473597,2,9,0,-1,19,5,2,-1,0,0,0,0,0,0,1,1,-1,9,2,31,6,1498,1,4,VOLKSWAGEN TIGUAN,6,E01024425,0,3
2024010549366,2024,010549366,1,9,0,2,2,0,0,1,1,0,0,0,7,0,1,1,6,6,3,-1,-1,1968,2,5,VOLKSWAGEN TIGUAN,-1,-1,0,-1
2024201529848,2024,201529848,2,9,0,-1,3,8,4,-1,0,4,0,0,0,0,2,1,-1,9,2,57,9,1498,1,1,VOLKSWAGEN TIGUAN,2,E01034932,0,1
2024010529340,2024,010529340,2,9,0,99,99,9,9,99,99,0,9,99,9,99,1,9,6,6,1,-1,-1,1395,1,6,VOLKSWAGEN TIGUAN,10,E01000449,0,1
2024010503272,2024,010503272,1,9,0,99,99,9,9,99,99,9,9,99,9,99,9,9,1,1,2,24,5,1968,2,1,VOLKSWAGEN TIGUAN,6,E01026492,0,5
2024421508139,2024,421508139,1,9,0,-1,9,2,8,-1,0,0,0,0,0,0,1,1,-1,2,2,54,8,1498,1,2,VOLKSWAGEN TIGUAN,3,E01021800,0,1
2024440130195,2024,440130195,1,9,0,18,19,4,8,0,0,0,0,4,0,0,1,1,6,6,2,27,6,1498,1,3,VOLKSWAGEN TIGUAN,7,E01023198,0,1
2024631417355,2024,631417355,2,9,0,-1,19,8,4,-1,0,8,0,0,0,0,4,1,-1,9,2,28,6,1968,2,7,VOLKSWAGEN TIGUAN,8,W01000644,0,1
2024421420856,2024,421420856,2,9,0,-1,19,6,2,-1,0,0,0,0,0,0,2,1,-1,9,2,43,7,1498,1,1,VOLKSWAGEN TIGUAN,-1,-1,0,-1
2024052402452,2024,052402452,1,9,0,18,19,1,7,0,0,0,0,0,0,0,3,1,6,6,1,40,7,1968,2,7,VOLKSWAGEN TIGUAN,4,E01006640,0,1
2024461399465,2024,461399465,1,9,0,-1,19,2,2,-1,0,0,0,0,0,0,1,9,-1,9,2,32,6,1968,2,5,VOLKSWAGEN TIGUAN,6,E01024432,0,1
2024631478906,2024,631478906,1,9,0,-1,19,1,5,-1,0,0,5,0,7,0,1,1,-1,9,2,63,9,1498,1,0,VOLKSWAGEN TIGUAN,4,W01000928,0,4
2024211462429,2024,211462429,2,9,0,-1,9,2,8,-1,0,6,0,0,1,0,1,1,-1,6,1,84,11,1968,2,16,VOLKSWAGEN TIGUAN,8,E01029422,0,4
2024061460703,2024,061460703,1,9,0,-1,19,3,7,-1,0,1,0,0,0,0,1,1,-1,6,1,32,6,1968,2,14,VOLKSWAGEN TIGUAN,2,E01005514,0,2
2024451481549,2024,451481549,1,9,0,-1,19,1,5,-1,0,1,0,0,0,0,1,1,-1,2,1,61,9,1390,1,15,VOLKSWAGEN TIGUAN,9,E01031004,0,1
2024522402135,2024,522402135,1,8,0,3,3,2,6,0,0,1,0,0,0,0,2,1,6,6,1,38,7,1968,2,2,VOLKSWAGEN TIGUAN,10,E01014881,0,2
2024361408968,2024,361408968,2,9,0,-1,19,6,1,-1,0,7,0,0,0,0,3,1,-1,6,1,39,7,1968,2,5,VOLKSWAGEN TIGUAN,10,E01026915,0,3
2024010548092,2024,010548092,1,9,0,99,99,9,9,99,99,9,9,99,9,99,9,9,6,6,2,36,7,1498,1,3,VOLKSWAGEN TIGUAN,3,E01002646,0,1
2024061532700,2024,061532700,2,9,0,-1,19,7,3,-1,0,8,0,0,0,0,1,1,-1,6,1,59,9,1968,2,13,VOLKSWAGEN TIGUAN,-1,-1,0,-1
2024131438436,2024,131438436,1,9,0,-1,9,0,0,-1,0,8,0,0,0,0,1,1,-1,7,2,31,6,1968,2,7,VOLKSWAGEN TIGUAN,6,E01010588,0,2
2024131440757,2024,131440757,3,9,0,-1,2,0,0,-1,0,2,0,0,0,0,2,1,-1,6,-1,-1,-1,1968,2,0,VOLKSWAGEN TIGUAN,-1,-1,0,-1
2024061524071,2024,061524071,1,9,0,-1,10,-1,-1,-1,0,2,0,0,0,0,4,1,-1,2,1,48,8,1498,1,3,VOLKSWAGEN TIGUAN,1,E01005638,0,1
2024552400287,2024,552400287,2,9,0,18,19,4,8,0,0,1,0,0,0,0,1,1,2,2,2,31,6,1968,2,10,VOLKSWAGEN TIGUAN,6,E01020510,0,1
2024991444604,2024,991444604,1,9,0,-1,19,8,4,-1,0,0,5,0,0,0,1,1,-1,6,1,68,10,1968,2,10,VOLKSWAGEN TIGUAN,8,-1,0,1
2024991513554,2024,991513554,2,9,0,-1,3,7,3,-1,0,0,0,0,0,0,2,1,-1,6,2,38,7,1395,8,1,VOLKSWAGEN TIGUAN,6,-1,0,1
2024520402302,2024,520402302,2,9,0,18,19,2,6,0,0,0,0,0,0,0,2,1,6,6,1,77,11,1968,2,9,VOLKSWAGEN TIGUAN,6,E01029060,0,1
2024340WN4482,2024,340WN4482,1,9,0,-1,19,7,3,-1,0,0,0,7,3,1,2,1,-1,9,1,71,10,1968,2,5,VOLKSWAGEN TIGUAN,9,E01027018,0,1
2024010544404,2024,010544404,2,9,0,18,19,5,1,0,0,8,0,0,0,0,1,1,6,6,1,49,8,1968,2,4,VOLKSWAGEN TIGUAN,6,E01004647,0,1
2024131510671,2024,131510671,2,9,0,-1,19,3,7,-1,0,0,0,0,0,0,2,1,-1,9,1,46,8,1968,2,10,VOLKSWAGEN TIGUAN,1,E01010610,0,1
2024201510848,2024,201510848,1,9,0,-1,2,0,0,-1,0,0,0,0,0,0,4,1,-1,6,2,58,9,1968,2,5,VOLKSWAGEN TIGUAN,1,E01008898,0,1
2024461401107,2024,461401107,1,9,0,-1,2,0,0,-1,0,0,0,0,0,0,3,9,-1,6,3,-1,-1,1968,2,9,VOLKSWAGEN TIGUAN,-1,-1,0,-1
2024991404103,2024,991404103,1,9,0,-1,9,5,3,-1,0,1,0,0,0,0,1,1,-1,6,1,43,7,1498,1,3,VOLKSWAGEN TIGUAN,-1,-1,0,-1
2024302401384,2024,302401384,1,9,0,18,19,3,7,0,0,8,0,0,0,0,1,1,6,6,2,35,6,1968,2,4,VOLKSWAGEN TIGUAN,8,E01019616,0,2
2024631507006,2024,631507006,2,9,0,-1,19,5,2,-1,0,0,0,0,0,0,1,1,-1,1,2,39,7,1968,2,9,VOLKSWAGEN TIGUAN,7,W01000506,0,2
2024421518451,2024,421518451,2,9,0,-1,3,7,1,-1,0,0,0,0,0,0,2,1,-1,9,2,25,5,1498,1,3,VOLKSWAGEN TIGUAN,7,E01015943,0,1
2024411452912,2024,411452912,2,9,0,-1,19,5,1,-1,0,0,0,0,0,0,2,1,-1,9,1,55,8,1968,2,10,VOLKSWAGEN TIGUAN,10,E01025478,0,5
2024440530324,2024,440530324,1,9,0,18,19,1,5,0,0,0,0,0,0,0,1,1,6,6,1,70,10,1390,1,10,VOLKSWAGEN TIGUAN,6,E01022911,0,1
2024010527386,2024,010527386,1,9,0,4,4,5,1,0,0,0,0,0,0,0,1,1,6,6,1,55,8,1968,2,0,VOLKSWAGEN TIGUAN,4,E01002487,0,1
2024031536034,2024,031536034,1,9,0,-1,19,7,3,-1,0,0,0,0,0,0,4,9,-1,6,2,-1,-1,1498,8,0,VOLKSWAGEN TIGUAN,-1,-1,0,-1
2024010540882,2024,010540882,2,9,9,99,99,9,9,99,99,9,9,99,9,99,9,9,6,6,3,-1,-1,1498,1,1,VOLKSWAGEN TIGUAN,-1,-1,0,-1
2024451502958,2024,451502958,1,9,0,-1,9,6,5,-1,0,5,0,0,0,0,3,1,-1,9,1,53,8,1395,1,7,VOLKSWAGEN TIGUAN,10,E01030507,0,1
2024440497234,2024,440497234,1,9,0,18,19,4,8,0,0,6,0,0,0,0,1,1,6,6,2,36,7,1498,1,2,VOLKSWAGEN TIGUAN,8,E01022622,0,1
2024041407664,2024,041407664,1,9,0,-1,19,5,1,-1,0,0,0,0,7,11,1,1,-1,9,2,39,7,1968,2,6,VOLKSWAGEN TIGUAN,10,E01025327,0,1
2024010497351,2024,010497351,2,9,0,99,99,9,9,99,99,0,9,99,9,99,1,9,6,6,1,-1,-1,1498,1,2,VOLKSWAGEN TIGUAN,3,E01001143,0,2
2024311476096,2024,311476096,2,9,0,-1,2,5,1,-1,0,0,0,0,0,0,1,1,-1,6,2,31,6,1498,1,3,VOLKSWAGEN TIGUAN,10,E01028346,0,3
2024201478240,2024,201478240,1,9,0,-1,19,8,4,-1,0,1,0,10,7,0,2,9,-1,6,3,53,8,1968,2,3,VOLKSWAGEN TIGUAN,5,E01010167,0,1
2024451444199,2024,451444199,1,9,0,-1,4,1,5,-1,0,0,0,0,0,0,2,1,-1,1,1,60,9,1498,1,5,VOLKSWAGEN TIGUAN,2,E01001528,0,4
2024440204617,2024,440204617,1,9,0,5,5,3,7,0,0,6,0,0,0,0,4,1,6,6,1,60,9,1498,1,4,VOLKSWAGEN TIGUAN,8,E01023280,0,1
2024010544922,2024,010544922,2,9,0,99,99,9,9,99,99,0,9,99,9,99,1,9,6,6,3,-1,-1,1498,1,4,VOLKSWAGEN TIGUAN,-1,-1,0,-1
2024991534668,2024,991534668,1,9,0,-1,19,6,2,-1,0,8,0,0,0,0,1,1,-1,2,1,34,6,1968,2,8,VOLKSWAGEN TIGUAN,1,-1,0,1
2024501511800,2024,501511800,2,9,0,-1,19,8,4,-1,0,1,0,0,0,0,1,1,-1,9,1,32,6,1968,2,6,VOLKSWAGEN TIGUAN,6,E01020231,0,1
2024010524446,2024,010524446,2,9,0,99,99,9,9,99,99,9,9,99,9,99,1,9,6,6,3,-1,-1,1968,2,6,VOLKSWAGEN TIGUAN,-1,-1,0,-1
2024161422322,2024,161422322,1,9,0,-1,7,7,1,-1,0,5,0,0,0,0,4,9,-1,9,2,30,6,1968,2,6,VOLKSWAGEN TIGUAN,7,E01013035,0,2
2024302401298,2024,302401298,2,9,0,9,9,4,1,0,0,1,0,0,0,0,3,1,6,6,2,38,7,1984,1,5,VOLKSWAGEN TIGUAN,10,E01002937,0,5
2024061513137,2024,061513137,1,9,0,-1,19,5,1,-1,0,2,0,0,0,0,1,1,-1,9,1,36,7,1498,8,0,VOLKSWAGEN TIGUAN,2,E01005976,0,1
2024501490700,2024,501490700,1,9,0,-1,19,1,5,-1,0,1,5,0,0,0,1,1,-1,9,1,70,10,1968,2,12,VOLKSWAGEN TIGUAN,9,E01025886,0,5
2024461501184,2024,461501184,2,9,0,-1,3,7,3,-1,0,0,0,0,0,0,2,1,-1,1,2,30,6,1968,2,5,VOLKSWAGEN TIGUAN,5,E01016029,0,3
2024461532366,2024,461532366,4,9,0,-1,4,3,7,-1,0,0,0,0,0,0,2,1,-1,6,2,40,7,1498,1,5,VOLKSWAGEN TIGUAN,8,E01024313,0,1
2024010499925,2024,010499925,2,9,0,4,4,5,1,0,0,4,0,0,0,0,2,1,6,6,1,62,9,1498,1,4,VOLKSWAGEN TIGUAN,2,E01000661,0,4
2024461501326,2024,461501326,2,9,0,-1,19,2,6,-1,0,0,0,0,1,0,1,1,-1,6,2,40,7,1968,2,7,VOLKSWAGEN TIGUAN,6,E01024361,0,2
2024122401170,2024,122401170,2,9,0,3,3,3,7,0,0,1,0,0,0,0,2,1,6,6,1,57,9,1395,8,0,VOLKSWAGEN TIGUAN,7,E01006255,0,5
2024430433418,2024,430433418,1,9,0,5,5,5,1,0,0,1,0,0,0,0,3,1,6,6,1,75,10,1968,2,0,VOLKSWAGEN TIGUAN,10,E01017625,0,4
2024131510130,2024,131510130,1,9,0,-1,19,8,5,-1,0,0,0,0,0,0,1,1,-1,6,2,-1,-1,1968,2,6,VOLKSWAGEN TIGUAN,-1,-1,0,-1
2024320104675,2024,320104675,1,9,0,-1,-1,6,2,0,0,0,0,4,0,0,1,1,-1,-1,1,80,11,1968,2,6,VOLKSWAGEN TIGUAN,-1,-1,0,-1
2024302401631,2024,302401631,2,9,0,4,4,8,4,0,0,0,0,0,0,0,2,1,6,6,1,28,6,1968,2,6,VOLKSWAGEN TIGUAN,5,E01019861,0,2
2024471523672,2024,471523672,1,9,0,-1,3,2,6,-1,0,1,0,0,0,0,2,1,-1,6,1,52,8,1968,2,1,VOLKSWAGEN TIGUAN,9,E01031590,0,1
2024411506561,2024,411506561,1,9,0,-1,19,1,5,-1,0,1,0,0,0,0,1,1,-1,6,2,41,7,1968,2,1,VOLKSWAGEN TIGUAN,6,E01022095,0,3
2024041477070,2024,041477070,3,9,0,-1,2,1,5,-1,0,2,0,0,0,0,0,1,-1,6,-1,-1,-1,1968,2,1,VOLKSWAGEN TIGUAN,-1,-1,0,-1
2024461401869,2024,461401869,1,9,0,-1,9,6,8,-1,0,5,0,0,6,0,3,1,-1,2,2,28,6,1968,2,16,VOLKSWAGEN TIGUAN,3,E01024535,0,1
2024451527146,2024,451527146,1,9,0,-1,19,3,7,-1,0,0,0,0,0,0,4,1,-1,9,2,54,8,1498,1,3,VOLKSWAGEN TIGUAN,9,E01030933,0,1
2024501481700,2024,501481700,1,9,0,-1,19,6,2,-1,0,0,1,0,0,0,1,1,-1,6,2,28,6,1498,1,5,VOLKSWAGEN TIGUAN,-1,-1,0,-1
2024461516992,2024,461516992,1,9,0,-1,5,3,7,-1,0,1,0,0,0,0,1,1,-1,9,1,26,6,1968,2,13,VOLKSWAGEN TIGUAN,8,E01024708,0,1
2024201447994,2024,201447994,1,9,0,-1,19,6,2,-1,0,2,0,0,0,0,4,1,-1,6,1,60,9,1968,2,10,VOLKSWAGEN TIGUAN,-1,-1,0,-1
2024010499191,2024,010499191,1,9,0,7,7,6,1,2,2,1,0,0,0,0,4,1,6,6,1,36,7,1984,1,2,VOLKSWAGEN TIGUAN,4,E01002070,0,1
2024461506096,2024,461506096,3,9,0,-1,19,5,1,-1,0,0,0,0,0,0,1,1,-1,9,2,47,8,1968,2,8,VOLKSWAGEN TIGUAN,3,E01003720,0,4
2024201438124,2024,201438124,1,9,0,-1,19,2,6,-1,0,4,0,0,0,0,1,9,-1,6,2,34,6,1968,2,1,VOLKSWAGEN TIGUAN,7,E01032403,0,4
2024010511309,2024,010511309,1,9,0,99,99,9,9,99,99,9,9,99,9,99,2,9,6,6,1,40,7,1395,1,6,VOLKSWAGEN TIGUAN,9,E01003382,0,1
2024991453885,2024,991453885,1,9,0,-1,9,1,7,-1,0,6,0,0,0,0,4,1,-1,6,1,53,8,1968,2,5,VOLKSWAGEN TIGUAN,-1,-1,0,-1
2024421437691,2024,421437691,1,9,0,-1,6,1,3,-1,0,0,0,0,0,0,1,1,-1,6,2,45,7,1498,1,4,VOLKSWAGEN TIGUAN,7,E01021761,0,1
2024421457007,2024,421457007,1,9,-1,-1,19,2,7,-1,0,4,0,0,0,0,1,9,-1,6,3,-1,-1,1968,2,12,VOLKSWAGEN TIGUAN,-1,-1,0,-1
2024340NN1032,2024,340NN1032,1,9,0,-1,19,3,7,-1,0,0,0,0,0,0,1,1,-1,6,1,33,6,1968,2,7,VOLKSWAGEN TIGUAN,7,E01027323,0,2
2024430630819,2024,430630819,1,9,0,2,2,-1,-1,0,0,0,0,0,0,0,4,1,6,6,1,28,6,1498,1,0,VOLKSWAGEN TIGUAN,4,E01015724,0,4
2024010509509,2024,010509509,3,9,0,5,5,0,5,9,9,1,0,0,0,0,1,1,6,6,2,44,7,1498,1,1,VOLKSWAGEN TIGUAN,2,E01003313,0,1
2024221412836,2024,221412836,2,9,0,-1,19,8,5,-1,0,2,0,0,0,0,3,9,-1,6,2,55,8,1498,1,4,VOLKSWAGEN TIGUAN,2,E01014144,0,2
2024302401035,2024,302401035,2,9,0,10,10,6,4,0,0,8,0,0,0,0,1,1,6,6,1,66,10,1498,1,5,VOLKSWAGEN TIGUAN,4,E01019823,0,1
2024211514893,2024,211514893,1,9,0,-1,19,7,3,-1,0,1,0,0,0,0,1,1,-1,6,2,32,6,1968,2,8,VOLKSWAGEN TIGUAN,-1,-1,0,-1
2024061521528,2024,061521528,2,9,0,-1,4,1,5,-1,0,0,0,0,0,0,1,1,-1,6,2,37,7,1968,2,4,VOLKSWAGEN TIGUAN,5,E01025395,0,4
2024440518281,2024,440518281,2,9,0,5,5,2,6,0,0,4,0,0,0,0,1,1,6,6,1,78,11,1968,2,7,VOLKSWAGEN TIGUAN,10,E01022981,0,4
2024201516236,2024,201516236,2,9,0,-1,19,4,8,-1,0,0,1,0,0,0,3,1,-1,2,1,53,8,1968,2,5,VOLKSWAGEN TIGUAN,1,E01008995,0,2
2024332400872,2024,332400872,2,9,0,-1,19,6,2,-1,0,0,1,0,0,0,4,1,-1,6,1,60,9,1968,2,7,VOLKSWAGEN TIGUAN,-1,-1,0,-1
2024131431525,2024,131431525,1,9,0,-1,4,8,4,-1,0,0,0,0,0,0,2,1,-1,6,1,45,7,1968,2,6,VOLKSWAGEN TIGUAN,5,E01011248,0,1