collision_index,collision_year,collision_ref_no,vehicle_reference,vehicle_type,towing_and_articulation,vehicle_manoeuvre_historic,vehicle_manoeuvre,vehicle_direction_from,vehicle_direction_to,vehicle_location_restricted_lane_historic,vehicle_location_restricted_lane,junction_location,skidding_and_overturning,hit_object_in_carriageway,vehicle_leaving_carriageway,hit_object_off_carriageway,first_point_of_impact,vehicle_left_hand_drive,journey_purpose_of_driver_historic,journey_purpose_of_driver,sex_of_driver,age_of_driver,age_band_of_driver,engine_capacity_cc,propulsion_code,age_of_vehicle,generic_make_model,driver_imd_decile,lsoa_of_driver,escooter_flag,driver_distance_banding
2024061471496,2024,061471496,2,9,0,-1,3,1,6,-1,0,1,0,0,0,0,2,9,-1,6,1,35,6,1498,1,3,VOLKSWAGEN TIGUAN,8,E01004791,0,1
2024440528866,2024,440528866,1,9,0,18,19,3,7,0,0,0,0,0,0,0,1,1,6,6,1,-1,-1,1968,2,13,VOLKSWAGEN TIGUAN,-1,-1,0,-1
2024340WN5082,2024,340WN5082,1,9,0,-1,19,1,5,-1,0,0,5,4,0,0,1,1,-1,9,2,32,6,1968,2,8,VOLKSWAGEN TIGUAN,2,E01027229,0,1
2024522402964,2024,522402964,1,9,0,9,9,3,1,0,0,5,0,0,0,0,3,1,6,6,1,35,6,1498,1,3,VOLKSWAGEN TIGUAN,4,E01014686,0,1
2024161523767,2024,161523767,1,9,0,-1,19,6,2,-1,0,0,9,99,0,0,2,1,-1,6,1,78,11,1968,2,12,VOLKSWAGEN TIGUAN,1,E01012898,0,1
2024010551093,2024,010551093,1,9,0,3,3,7,3,0,0,0,0,0,0,0,2,1,6,6,1,24,5,1498,1,4,VOLKSWAGEN TIGUAN,4,E01004259,0,1
2024302400438,2024,302400438,1,9,0,4,4,7,3,0,0,0,0,0,0,0,1,1,6,6,2,44,7,1968,2,13,VOLKSWAGEN TIGUAN,4,E01019491,0,1
2024631477467,2024,631477467,1,9,0,-1,19,5,8,-1,0,1,0,0,0,0,1,1,-1,9,1,54,8,1968,2,4,VOLKSWAGEN TIGUAN,5,E01021139,0,5
2024101403421,2024,101403421,1,9,0,-1,19,7,3,-1,0,0,0,0,0,0,4,1,-1,9,2,36,7,1968,2,6,VOLKSWAGEN TIGUAN,7,E01027514,0,1
2024031469949,2024,031469949,1,9,0,-1,5,4,4,-1,0,1,0,0,0,0,4,1,-1,2,2,50,8,1498,1,5,VOLKSWAGEN TIGUAN,-1,-1,0,-1
2024522401565,2024,522401565,1,9,0,2,2,0,0,0,0,1,0,0,0,0,3,1,6,6,3,-1,-1,1968,2,7,VOLKSWAGEN TIGUAN,-1,-1,0,-1
202460Q162549,2024,60Q162549,1,9,0,13,13,3,7,0,0,0,0,0,7,0,1,1,6,6,2,32,6,1968,2,8,VOLKSWAGEN TIGUAN,-1,-1,0,-1
2024201489114,2024,201489114,1,9,0,-1,19,3,7,-1,0,8,0,10,7,11,1,1,-1,9,1,38,7,1968,2,16,VOLKSWAGEN TIGUAN,5,E01032128,0,2
2024052400258,2024,052400258,1,9,0,18,19,4,8,0,0,8,0,0,0,0,3,1,2,2,2,32,6,1498,1,1,VOLKSWAGEN TIGUAN,2,E01006510,0,1
2024201492579,2024,201492579,1,9,0,-1,19,6,2,-1,0,0,0,10,1,11,1,9,-1,6,1,38,7,1498,1,2,VOLKSWAGEN TIGUAN,8,E01010516,0,1
2024141467627,2024,141467627,2,9,0,-1,19,5,1,-1,0,0,0,0,1,0,1,1,-1,9,1,34,6,1968,2,5,VOLKSWAGEN TIGUAN,6,E01007707,0,1
2024461506315,2024,461506315,2,9,0,-1,9,3,7,-1,0,1,0,0,0,0,4,9,-1,9,2,56,9,1498,1,1,VOLKSWAGEN TIGUAN,8,E01024053,0,1
2024010529615,2024,010529615,1,9,0,14,14,7,3,0,0,0,0,0,0,0,4,1,3,7,2,31,6,1968,2,4,VOLKSWAGEN TIGUAN,3,E01001981,0,1
2024101394655,2024,101394655,1,9,0,-1,7,1,8,-1,0,8,0,0,0,0,4,1,-1,6,1,55,8,1968,2,13,VOLKSWAGEN TIGUAN,3,E01008175,0,1
2024332401091,2024,332401091,1,9,0,-1,19,2,6,-1,0,1,0,0,0,0,1,1,-1,6,3,-1,-1,1498,1,0,VOLKSWAGEN TIGUAN,-1,-1,0,-1
2024010534129,2024,010534129,2,9,0,18,19,7,3,0,0,0,0,10,0,0,1,1,6,6,2,46,8,1968,2,5,VOLKSWAGEN TIGUAN,2,E01004398,0,1
2024211458578,2024,211458578,1,9,0,-1,19,1,5,-1,0,0,0,0,0,0,1,1,-1,6,2,73,10,1498,1,3,VOLKSWAGEN TIGUAN,10,E01029483,0,1
2024122400682,2024,122400682,1,9,0,9,9,7,5,0,0,8,0,0,0,0,3,1,6,6,2,45,7,1498,1,3,VOLKSWAGEN TIGUAN,10,E01011563,0,2
2024010539761,2024,010539761,2,9,0,2,2,0,0,0,0,1,0,0,0,0,2,1,6,6,3,-1,-1,1390,1,12,VOLKSWAGEN TIGUAN,-1,-1,0,-1
2024522402761,2024,522402761,1,9,0,18,19,8,4,0,0,1,0,0,0,0,1,1,6,6,3,-1,-1,1498,1,2,VOLKSWAGEN TIGUAN,-1,-1,0,-1
2024371490005,2024,371490005,1,9,0,-1,19,5,1,-1,0,0,0,0,0,0,2,1,-1,9,2,39,7,1498,1,0,VOLKSWAGEN TIGUAN,2,E01030013,0,1
2024201461766,2024,201461766,2,9,0,-1,19,4,8,-1,0,8,0,0,0,0,4,1,-1,1,1,60,9,1984,1,4,VOLKSWAGEN TIGUAN,6,E01009529,0,1
2024070720297,2024,070720297,3,9,0,-1,3,7,3,-1,0,4,0,0,0,0,1,1,-1,9,1,62,9,1968,2,8,VOLKSWAGEN TIGUAN,10,E01015846,0,5
2024010504607,2024,010504607,2,9,0,99,99,9,9,99,99,9,9,99,9,99,2,9,6,6,3,-1,-1,1968,2,1,VOLKSWAGEN TIGUAN,-1,-1,0,-1
2024361488396,2024,361488396,1,9,0,-1,19,3,7,-1,0,0,1,0,1,1,1,1,-1,6,2,52,8,1968,2,13,VOLKSWAGEN TIGUAN,4,E01026894,0,4
2024531455811,2024,531455811,1,9,0,-1,9,5,1,-1,0,6,0,0,0,0,1,1,-1,9,2,31,6,1498,1,4,VOLKSWAGEN TIGUAN,8,E01022207,0,1
2024430000269,2024,430000269,2,9,0,18,19,6,4,0,0,6,0,0,0,0,1,1,6,6,2,30,6,1968,2,15,VOLKSWAGEN TIGUAN,-1,-1,0,-1
202460Q108770,2024,60Q108770,1,9,0,5,5,7,3,0,0,1,0,0,0,0,2,1,1,1,1,35,6,1968,2,4,VOLKSWAGEN TIGUAN,-1,-1,0,-1
2024520003106,2024,520003106,3,9,0,18,19,8,4,0,0,1,0,0,0,0,1,1,6,6,1,51,8,1498,1,1,VOLKSWAGEN TIGUAN,3,E01014461,0,1
2024201494445,2024,201494445,1,9,0,-1,7,2,4,-1,0,3,0,0,0,0,3,9,-1,6,3,-1,-1,1498,1,3,VOLKSWAGEN TIGUAN,-1,-1,0,-1
2024361475954,2024,361475954,1,9,0,-1,1,1,7,-1,0,2,0,0,0,0,3,1,-1,9,2,46,8,1968,2,12,VOLKSWAGEN TIGUAN,1,E01026635,0,1
2024991464570,2024,991464570,2,9,0,-1,19,2,6,-1,0,0,0,0,0,0,1,1,-1,9,1,50,8,1498,1,1,VOLKSWAGEN TIGUAN,5,-1,0,2
2024141465420,2024,141465420,2,9,0,-1,19,6,2,-1,0,1,0,0,0,0,4,1,-1,6,2,51,8,1968,2,14,VOLKSWAGEN TIGUAN,1,E01007462,0,1
2024041462512,2024,041462512,2,9,0,-1,19,2,5,-1,0,8,0,0,0,0,4,1,-1,9,2,33,6,1498,1,4,VOLKSWAGEN TIGUAN,8,E01025241,0,3
2024332401028,2024,332401028,2,9,0,-1,3,6,2,-1,0,2,0,0,0,0,2,1,-1,6,2,30,6,1498,1,0,VOLKSWAGEN TIGUAN,9,E01013559,0,4
2024991403112,2024,991403112,1,9,0,-1,19,3,7,-1,0,0,1,0,0,0,1,1,-1,6,1,62,9,1968,2,9,VOLKSWAGEN TIGUAN,9,-1,0,1
2024201535222,2024,201535222,2,9,4,-1,19,7,4,-1,0,0,0,0,0,0,4,1,-1,1,1,63,9,1498,1,1,VOLKSWAGEN TIGUAN,7,E01010546,0,3
2024361518912,2024,361518912,1,9,0,-1,19,-1,-1,-1,0,1,0,0,0,0,1,1,-1,6,2,63,9,1968,2,16,VOLKSWAGEN TIGUAN,6,E01026797,0,1
2024052402386,2024,052402386,1,9,0,18,19,2,6,0,0,0,0,0,0,0,1,1,6,6,1,49,8,1498,1,0,VOLKSWAGEN TIGUAN,1,E01006760,0,1
2024522401156,2024,522401156,1,9,0,7,7,2,4,0,0,2,0,0,0,0,1,1,6,6,2,31,6,1498,1,5,VOLKSWAGEN TIGUAN,10,E01014715,0,1
2024501463559,2024,501463559,1,9,0,-1,19,7,3,-1,0,1,0,0,0,0,1,1,-1,1,1,62,9,1968,2,11,VOLKSWAGEN TIGUAN,3,E01020218,0,4
2024061540722,2024,061540722,1,9,0,-1,12,1,5,-1,0,2,0,0,0,0,1,9,-1,6,3,-1,-1,1498,1,0,VOLKSWAGEN TIGUAN,-1,-1,0,-1
2024461534088,2024,461534088,2,9,0,-1,19,5,1,-1,0,0,0,0,0,0,3,9,-1,9,1,34,6,1968,2,9,VOLKSWAGEN TIGUAN,2,E01024664,0,1
2024131507665,2024,131507665,1,9,0,-1,19,1,5,-1,0,8,0,0,0,0,-1,1,-1,6,3,-1,-1,1968,2,7,VOLKSWAGEN TIGUAN,-1,-1,0,-1
2024351538229,2024,351538229,2,9,0,-1,10,-1,-1,-1,0,-1,0,0,0,0,-1,1,-1,9,2,47,8,1968,2,12,VOLKSWAGEN TIGUAN,6,E01018051,0,3
2024451427932,2024,451427932,1,9,0,-1,19,3,7,-1,0,8,0,0,0,0,1,1,-1,2,1,24,5,1390,1,14,VOLKSWAGEN TIGUAN,9,E01030731,0,1
2024010534142,2024,010534142,2,9,0,1,1,9,9,99,99,9,9,99,9,99,2,9,6,6,3,-1,-1,1968,2,6,VOLKSWAGEN TIGUAN,-1,-1,0,-1
2024010542146,2024,010542146,1,9,0,99,99,9,9,0,0,0,0,0,0,0,9,9,6,6,3,71,10,1968,2,1,VOLKSWAGEN TIGUAN,9,E01021828,0,3
2024991517692,2024,991517692,2,9,0,-1,5,4,8,-1,0,4,0,0,0,0,1,1,-1,2,2,71,10,1968,2,3,VOLKSWAGEN TIGUAN,4,-1,0,1
2024071048393,2024,071048393,1,9,0,-1,19,6,2,-1,0,0,0,0,0,0,1,1,-1,2,1,81,11,1498,1,2,VOLKSWAGEN TIGUAN,6,E01012451,0,1
2024401533930,2024,401533930,1,9,0,-1,19,3,7,-1,0,0,1,10,1,7,3,1,-1,6,1,46,8,1498,1,0,VOLKSWAGEN TIGUAN,4,E01017536,0,1
2024201450592,2024,201450592,1,9,0,-1,5,3,4,-1,9,6,0,0,0,0,1,1,-1,7,2,36,7,1498,1,1,VOLKSWAGEN TIGUAN,5,E01008951,0,1
2024070942348,2024,070942348,1,9,0,-1,19,7,3,-1,0,0,0,0,0,0,4,1,-1,6,2,32,6,1498,1,5,VOLKSWAGEN TIGUAN,4,E01035382,0,1
2024211538024,2024,211538024,3,9,0,-1,19,7,8,-1,0,0,0,0,0,0,1,1,-1,6,2,37,7,1968,2,12,VOLKSWAGEN TIGUAN,9,E01031939,0,5
2024311461565,2024,311461565,1,9,0,-1,6,7,3,-1,0,0,0,0,0,0,3,1,-1,6,1,79,11,1968,2,16,VOLKSWAGEN TIGUAN,5,E01007583,0,4
2024010523968,2024,010523968,2,9,0,18,19,1,5,0,0,1,0,0,0,0,0,1,6,6,2,50,8,1498,1,2,VOLKSWAGEN TIGUAN,5,E01001268,0,3
2024411452908,2024,411452908,2,9,0,-1,-1,-1,-1,-1,-1,-1,-1,-1,-1,0,2,9,-1,9,2,31,6,1498,1,1,VOLKSWAGEN TIGUAN,4,E01023330,0,1
2024010488473,2024,010488473,2,9,0,18,19,1,5,0,0,0,0,0,0,0,1,1,6,6,2,29,6,1968,2,5,VOLKSWAGEN TIGUAN,-1,-1,0,-1
2024371526215,2024,371526215,1,9,0,-1,14,1,5,-1,0,0,0,0,0,0,1,1,-1,9,1,69,10,1968,2,12,VOLKSWAGEN TIGUAN,4,E01026648,0,1
2024131472450,2024,131472450,1,9,0,-1,7,1,7,-1,0,1,0,0,1,0,4,1,-1,9,2,54,8,1968,2,12,VOLKSWAGEN TIGUAN,3,E01010825,0,1
2024421509725,2024,421509725,2,9,0,-1,5,1,5,-1,0,3,0,0,0,0,3,1,-1,6,1,33,6,1968,2,6,VOLKSWAGEN TIGUAN,2,E01003488,0,4
2024421436506,2024,421436506,2,9,0,-1,19,4,8,-1,0,0,1,0,0,0,1,1,-1,9,2,38,7,1968,2,9,VOLKSWAGEN TIGUAN,10,E01022070,0,4
2024052401249,2024,052401249,2,9,0,18,19,5,1,0,0,0,0,0,0,0,2,1,1,1,1,59,9,1498,1,2,VOLKSWAGEN TIGUAN,8,E01006992,0,3
2024061414860,2024,061414860,1,9,0,-1,7,-1,-1,-1,0,4,0,0,0,0,1,1,-1,6,2,43,7,1968,2,15,VOLKSWAGEN TIGUAN,9,E01005843,0,3
2024471432772,2024,471432772,2,9,0,-1,19,1,5,-1,0,0,0,0,0,0,2,1,-1,9,2,26,6,1968,2,15,VOLKSWAGEN TIGUAN,8,E01031664,0,1
2024010511709,2024,010511709,1,9,0,99,99,9,9,99,99,0,9,99,9,99,3,9,6,6,2,37,7,1498,1,1,VOLKSWAGEN TIGUAN,6,E01002943,0,3
2024451439672,2024,451439672,2,9,0,-1,3,6,2,-1,0,1,0,0,0,0,2,1,-1,9,2,47,8,1498,8,0,VOLKSWAGEN TIGUAN,8,E01030687,0,1
2024101517978,2024,101517978,2,9,0,-1,2,1,5,-1,0,0,0,0,0,0,2,1,-1,9,1,35,6,1968,2,5,VOLKSWAGEN TIGUAN,7,E01011591,0,5
2024141532266,2024,141532266,2,9,0,-1,9,4,2,-1,0,6,0,0,0,0,1,1,-1,1,1,25,5,1498,8,0,VOLKSWAGEN TIGUAN,3,E01007545,0,3
2024052400930,2024,052400930,2,9,0,2,2,0,0,0,0,0,0,0,0,0,2,1,6,6,2,47,8,1498,1,1,VOLKSWAGEN TIGUAN,4,E01025517,0,3
2024131497758,2024,131497758,2,9,0,-1,13,2,6,-1,0,0,0,0,0,0,1,1,-1,6,2,28,6,1968,2,9,VOLKSWAGEN TIGUAN,2,E01010621,0,1
2024351463877,2024,351463877,1,9,0,-1,4,7,3,-1,0,0,0,0,0,0,1,1,-1,6,1,53,8,1968,2,1,VOLKSWAGEN TIGUAN,4,E01015614,0,1
2024451398899,2024,451398899,1,9,0,-1,19,3,7,-1,0,1,1,0,0,0,1,1,-1,9,2,35,6,1498,1,5,VOLKSWAGEN TIGUAN,9,E01030388,0,1
2024461428207,2024,461428207,2,9,0,-1,11,8,4,-1,0,0,0,0,0,0,2,1,-1,6,2,64,9,1498,1,3,VOLKSWAGEN TIGUAN,9,E01024139,0,1
2024361476912,2024,361476912,2,9,0,-1,19,6,2,-1,0,0,0,0,0,0,2,1,-1,9,2,57,9,1968,2,14,VOLKSWAGEN TIGUAN,8,E01026938,0,1
2024031458526,2024,031458526,2,9,0,-1,19,2,6,-1,0,1,0,0,0,0,3,1,-1,9,1,31,6,1968,2,9,VOLKSWAGEN TIGUAN,2,E01019265,0,1
2024101505795,2024,101505795,2,9,-1,-1,-1,-1,-1,-1,-1,-1,-1,-1,-1,0,2,9,-1,6,2,54,8,1968,2,11,VOLKSWAGEN TIGUAN,-1,-1,0,-1
2024010534382,2024,010534382,1,9,0,18,19,5,1,0,0,0,0,0,0,0,1,1,1,1,1,71,10,1498,1,1,VOLKSWAGEN TIGUAN,7,E01023832,0,3
2024010541620,2024,010541620,2,9,0,1,1,9,9,99,99,0,9,99,9,99,2,9,6,6,3,-1,-1,1498,1,5,VOLKSWAGEN TIGUAN,-1,-1,0,-1
2024991450365,2024,991450365,1,9,0,-1,19,8,4,-1,0,0,0,0,8,7,1,1,-1,9,2,39,7,1984,1,0,VOLKSWAGEN TIGUAN,8,-1,0,1
2024010509922,2024,010509922,2,9,0,6,6,1,1,0,0,0,1,0,0,0,1,1,6,6,1,56,9,1968,2,9,VOLKSWAGEN TIGUAN,4,E01032772,0,1
2024361455114,2024,361455114,2,9,0,-1,4,5,1,-1,0,1,0,0,0,0,2,1,-1,9,1,64,9,1968,2,4,VOLKSWAGEN TIGUAN,4,E01026522,0,1
2024531523239,2024,531523239,1,9,0,-1,9,3,1,-1,0,8,0,0,0,0,4,9,-1,6,1,76,11,1968,2,11,VOLKSWAGEN TIGUAN,8,E01022209,0,2
2024522402200,2024,522402200,1,9,0,18,19,4,8,0,0,2,0,0,0,0,2,1,6,6,2,45,7,1498,1,4,VOLKSWAGEN TIGUAN,10,E01014932,0,1
2024471463234,2024,471463234,2,9,0,-1,4,3,7,-1,0,0,0,0,0,0,1,1,-1,6,2,38,7,1968,2,14,VOLKSWAGEN TIGUAN,3,E01031350,0,1
2024041407711,2024,041407711,1,9,0,-1,7,5,8,-1,0,6,0,0,0,0,1,1,-1,9,1,54,8,1968,2,7,VOLKSWAGEN TIGUAN,9,E01025240,0,1
2024411430304,2024,411430304,1,9,0,-1,19,6,5,-1,9,1,1,0,1,0,1,1,-1,9,2,35,6,1498,1,4,VOLKSWAGEN TIGUAN,10,E01023667,0,3
2024141476109,2024,141476109,2,9,0,-1,2,0,0,-1,0,0,0,0,0,0,3,1,-1,6,-1,-1,-1,1968,2,13,VOLKSWAGEN TIGUAN,-1,-1,0,-1
2024430407340,2024,430407340,2,9,0,4,4,6,2,0,0,1,0,0,0,0,2,1,6,6,3,-1,-1,1395,1,6,VOLKSWAGEN TIGUAN,-1,-1,0,-1
2024991442759,2024,991442759,2,9,0,-1,4,7,3,-1,0,0,0,0,0,0,2,1,-1,6,1,49,8,1968,2,11,VOLKSWAGEN TIGUAN,8,-1,0,4
2024421484092,2024,421484092,1,9,0,-1,9,1,5,-1,0,2,0,0,0,0,1,1,-1,6,1,-1,-1,1498,8,0,VOLKSWAGEN TIGUAN,-1,-1,0,-1
2024111427125,2024,111427125,2,9,0,-1,10,6,3,-1,0,1,0,0,0,0,2,1,-1,6,2,45,7,1984,1,1,VOLKSWAGEN TIGUAN,4,E01034490,0,1
2024471466700,2024,471466700,1,9,0,-1,-1,-1,-1,-1,-1,-1,-1,-1,-1,0,-1,1,-1,7,1,45,7,1968,2,2,VOLKSWAGEN TIGUAN,2,E01020990,0,1
2024340WN0762,2024,340WN0762,2,9,0,-1,2,0,0,-1,0,2,0,0,0,0,1,1,-1,6,3,-1,-1,1968,2,15,VOLKSWAGEN TIGUAN,-1,-1,0,-1
2024010508071,2024,010508071,1,9,0,7,7,5,7,0,0,1,0,0,0,0,1,1,6,6,1,51,8,1498,1,2,VOLKSWAGEN TIGUAN,3,E01001823,0,1
2024471411594,2024,471411594,1,9,0,-1,19,7,3,-1,0,1,0,0,0,0,1,1,-1,6,2,49,8,1968,2,9,VOLKSWAGEN TIGUAN,10,E01031627,0,1
2024361483105,2024,361483105,1,9,0,-1,19,6,2,-1,0,0,0,0,7,0,1,1,-1,9,2,64,9,1968,2,12,VOLKSWAGEN TIGUAN,6,E01026887,0,2
2024061425595,2024,061425595,2,9,9,-1,19,6,4,-1,0,1,0,0,0,0,1,1,-1,6,3,-1,-1,1968,2,6,VOLKSWAGEN TIGUAN,9,E01029509,0,4
2024161426502,2024,161426502,1,9,0,-1,19,7,7,-1,0,0,0,4,0,0,1,1,-1,9,2,35,6,1968,2,4,VOLKSWAGEN TIGUAN,7,E01013167,0,1
2024552400850,2024,552400850,1,9,0,9,9,3,1,0,0,5,0,0,0,0,3,1,6,6,2,51,8,1968,2,11,VOLKSWAGEN TIGUAN,9,E01020409,0,1
2024461400776,2024,461400776,2,9,0,-1,19,6,2,-1,0,0,0,0,0,0,1,1,-1,6,2,33,6,1498,1,5,VOLKSWAGEN TIGUAN,6,E01035002,0,2
2024451467191,2024,451467191,1,9,0,-1,3,5,1,-1,0,1,0,2,0,0,1,9,-1,9,2,36,7,1984,1,3,VOLKSWAGEN TIGUAN,9,E01030536,0,1
2024501407155,2024,501407155,1,9,0,-1,19,2,6,-1,0,0,0,0,0,0,1,9,-1,1,2,33,6,1498,1,1,VOLKSWAGEN TIGUAN,9,E01020023,0,4
2024161533250,2024,161533250,2,9,0,-1,19,7,3,-1,0,0,0,0,0,0,1,9,-1,9,2,-1,-1,1968,2,7,VOLKSWAGEN TIGUAN,-1,-1,0,-1
2024041505082,2024,041505082,1,9,0,-1,19,5,1,-1,0,0,0,0,0,0,3,1,-1,2,1,34,6,1498,1,3,VOLKSWAGEN TIGUAN,7,E01025033,0,3
2024461406353,2024,461406353,2,9,0,-1,19,5,1,-1,0,1,0,0,0,0,4,9,-1,9,2,45,7,1498,1,4,VOLKSWAGEN TIGUAN,10,E01024404,0,1
2024010500129,2024,010500129,1,9,0,99,99,9,9,99,99,9,9,99,9,99,2,9,6,6,2,36,7,1498,1,1,VOLKSWAGEN TIGUAN,2,E01001155,0,2
2024131398706,2024,131398706,2,9,0,-1,19,7,3,-1,0,0,0,0,0,0,1,1,-1,9,1,63,9,1968,2,9,VOLKSWAGEN TIGUAN,1,E01011339,0,2
2024111535775,2024,111535775,1,9,0,-1,1,0,0,-1,0,1,0,0,0,0,2,1,-1,6,2,75,10,1968,2,9,VOLKSWAGEN TIGUAN,5,E01034511,0,2
2024010531036,2024,010531036,2,9,0,9,9,2,8,0,0,8,0,0,0,0,1,1,6,6,1,68,10,1498,1,4,VOLKSWAGEN TIGUAN,3,E01009268,0,5
2024991488238,2024,991488238,1,9,0,-1,19,8,6,-1,0,1,0,0,0,0,1,1,-1,9,1,36,7,1968,2,7,VOLKSWAGEN TIGUAN,5,-1,0,1
2024201519753,2024,201519753,2,9,0,-1,3,4,8,-1,0,0,0,0,0,0,2,9,-1,9,1,41,7,1498,1,0,VOLKSWAGEN TIGUAN,7,E01009652,0,1
2024031443687,2024,031443687,1,9,0,-1,19,6,2,-1,0,1,0,0,0,0,1,1,-1,6,1,56,9,1968,2,9,VOLKSWAGEN TIGUAN,10,E01019176,0,1
2024421473842,2024,421473842,2,9,0,-1,19,1,5,-1,0,0,0,0,0,0,3,9,-1,9,2,30,6,1968,2,6,VOLKSWAGEN TIGUAN,2,E01021270,0,1
2024010545229,2024,010545229,1,9,0,99,99,9,9,99,99,9,9,99,9,99,9,9,2,2,2,43,7,1968,2,0,VOLKSWAGEN TIGUAN,6,E01002630,0,3
2024010519131,2024,010519131,2,9,0,18,19,1,5,0,0,8,1,0,0,0,1,1,6,6,1,53,8,1968,2,8,VOLKSWAGEN TIGUAN,9,E01002322,0,1
2024991462282,2024,991462282,1,9,0,-1,5,4,8,-1,0,3,0,10,7,0,1,1,-1,6,1,30,6,1968,2,14,VOLKSWAGEN TIGUAN,-1,-1,0,-1
2024461412295,2024,461412295,2,9,0,-1,4,1,5,-1,0,1,0,0,0,0,-1,9,-1,6,1,45,7,1968,2,6,VOLKSWAGEN TIGUAN,8,E01024434,0,1
2024041492175,2024,041492175,1,9,0,-1,9,3,1,-1,0,8,0,0,0,0,3,1,-1,1,1,66,10,1968,2,9,VOLKSWAGEN TIGUAN,4,E01025402,0,1
2024141401022,2024,141401022,1,9,0,-1,19,6,2,-1,0,0,0,0,7,11,1,1,-1,9,2,40,7,1968,2,13,VOLKSWAGEN TIGUAN,3,E01007346,0,1
2024430277071,2024,430277071,1,9,0,18,19,5,1,0,0,1,0,0,7,2,1,1,6,6,2,77,11,1984,1,5,VOLKSWAGEN TIGUAN,-1,-1,0,-1
2024440022060,2024,440022060,1,9,0,2,2,0,0,0,0,0,0,0,0,0,3,1,3,7,3,-1,-1,1498,1,5,VOLKSWAGEN TIGUAN,-1,-1,0,-1
2024010512956,2024,010512956,1,9,0,99,99,9,9,99,99,8,9,99,9,99,9,9,6,6,1,32,6,1498,1,0,VOLKSWAGEN TIGUAN,6,E01003703,0,1
2024430569031,2024,430569031,1,9,0,18,19,5,1,0,0,8,0,0,0,0,1,1,3,7,1,40,7,1498,1,0,VOLKSWAGEN TIGUAN,7,E01017818,0,1
2024991407368,2024,991407368,2,9,0,-1,19,6,2,-1,0,1,0,0,0,0,4,1,-1,6,2,46,8,1968,2,10,VOLKSWAGEN TIGUAN,9,-1,0,1
2024991404842,2024,991404842,1,9,0,-1,19,1,5,-1,0,0,0,0,0,0,1,1,-1,2,1,62,9,1968,2,3,VOLKSWAGEN TIGUAN,5,-1,0,4
2024010523209,2024,010523209,1,9,0,99,99,9,9,99,99,9,9,99,9,99,9,9,6,6,1,30,6,1498,1,0,VOLKSWAGEN TIGUAN,8,E01001273,0,1
2024361531000,2024,361531000,1,9,0,-1,19,3,7,-1,0,0,0,0,1,3,1,1,-1,9,1,35,6,1498,1,2,VOLKSWAGEN TIGUAN,7,E01026723,0,1
2024302400473,2024,302400473,1,9,0,9,9,1,6,0,0,8,0,0,0,0,4,1,2,2,2,46,8,1968,2,13,VOLKSWAGEN TIGUAN,4,E01019693,0,1
2024010533722,2024,010533722,1,9,0,5,5,3,7,4,4,8,0,0,0,0,1,1,1,1,1,45,7,1968,2,0,VOLKSWAGEN TIGUAN,6,E01035280,0,4
2024440197323,2024,440197323,3,9,0,3,3,1,5,0,0,1,0,0,0,0,2,1,6,6,1,45,7,1968,2,5,VOLKSWAGEN TIGUAN,9,E01022202,0,5
2024471449615,2024,471449615,2,9,0,-1,2,0,0,-1,0,0,0,0,0,0,3,1,-1,6,3,-1,-1,1498,1,3,VOLKSWAGEN TIGUAN,-1,-1,0,-1
2024010529293,2024,010529293,1,9,0,5,5,1,5,0,0,8,0,0,0,0,1,1,6,6,2,53,8,1498,1,0,VOLKSWAGEN TIGUAN,3,E01003124,0,1
2024531522598,2024,531522598,2,9,0,-1,19,1,5,-1,0,2,0,0,0,0,1,1,-1,6,1,71,10,1968,2,3,VOLKSWAGEN TIGUAN,9,E01022305,0,2
2024221533291,2024,221533291,2,9,0,-1,19,4,8,-1,0,0,0,0,0,0,1,1,-1,6,1,43,7,1968,2,5,VOLKSWAGEN TIGUAN,10,E01009845,0,3
2024421502719,2024,421502719,1,9,0,-1,19,7,3,-1,0,0,0,0,0,0,1,1,-1,9,1,77,11,1968,2,0,VOLKSWAGEN TIGUAN,6,E01021986,0,1
2024501468411,2024,501468411,2,9,0,-1,19,5,1,-1,0,8,0,0,0,0,4,1,-1,2,2,43,7,1968,2,5,VOLKSWAGEN TIGUAN,6,E01019897,0,1
2024546195024,2024,546195024,1,9,0,18,19,5,1,0,0,0,0,0,0,0,1,1,6,6,2,35,6,1395,1,6,VOLKSWAGEN TIGUAN,6,E01015489,0,1
2024332401143,2024,332401143,1,9,0,-1,7,4,6,-1,0,6,0,0,0,0,2,1,-1,9,1,83,11,1968,2,11,VOLKSWAGEN TIGUAN,10,E01025713,0,1
2024052400901,2024,052400901,1,9,0,18,19,4,1,0,0,1,0,0,0,0,1,1,6,6,2,-1,-1,1968,2,7,VOLKSWAGEN TIGUAN,-1,-1,0,-1
2024161425145,2024,161425145,1,9,0,-1,7,1,3,-1,0,0,0,0,1,0,4,1,-1,9,1,85,11,1498,1,5,VOLKSWAGEN TIGUAN,8,E01012935,0,1
2024351532089,2024,351532089,1,9,0,-1,19,1,5,-1,0,0,5,0,0,0,1,1,-1,6,2,49,8,1968,2,2,VOLKSWAGEN TIGUAN,5,E01033180,0,1
2024211501595,2024,211501595,1,9,0,-1,1,1,5,-1,0,0,0,0,0,0,2,1,-1,6,2,20,4,1395,1,6,VOLKSWAGEN TIGUAN,-1,-1,0,-1
2024501461000,2024,501461000,1,9,0,-1,19,3,7,-1,0,0,0,0,0,0,4,9,-1,6,2,68,10,1968,2,0,VOLKSWAGEN TIGUAN,8,E01019890,0,1
2024991473626,2024,991473626,1,9,0,-1,19,3,8,-1,0,6,0,0,0,0,1,1,-1,9,1,49,8,1498,1,4,VOLKSWAGEN TIGUAN,10,-1,0,4
2024622400873,2024,622400873,1,9,0,9,9,5,3,0,0,6,0,0,0,0,4,1,6,6,1,28,6,1968,2,7,VOLKSWAGEN TIGUAN,1,W01000810,0,1