collision_index,collision_year,collision_ref_no,vehicle_reference,vehicle_type,towing_and_articulation,vehicle_manoeuvre_historic,vehicle_manoeuvre,vehicle_direction_from,vehicle_direction_to,vehicle_location_restricted_lane_historic,vehicle_location_restricted_lane,junction_location,skidding_and_overturning,hit_object_in_carriageway,vehicle_leaving_carriageway,hit_object_off_carriageway,first_point_of_impact,vehicle_left_hand_drive,journey_purpose_of_driver_historic,journey_purpose_of_driver,sex_of_driver,age_of_driver,age_band_of_driver,engine_capacity_cc,propulsion_code,age_of_vehicle,generic_make_model,driver_imd_decile,lsoa_of_driver,escooter_flag,driver_distance_banding
2024351482199,2024,351482199,2,9,0,-1,2,5,1,-1,0,0,0,0,0,0,3,1,-1,6,1,82,11,1498,1,2,VOLKSWAGEN TIGUAN,1,E01018108,0,3
2024471494894,2024,471494894,4,9,0,-1,12,1,5,-1,0,1,0,0,0,0,2,1,-1,9,2,32,6,1498,1,1,VOLKSWAGEN TIGUAN,6,E01024793,0,3
2024311545092,2024,311545092,1,9,0,-1,9,2,2,-1,0,8,0,0,0,0,1,1,-1,6,1,45,7,1968,2,9,VOLKSWAGEN TIGUAN,1,E01013824,0,1
2024471447541,2024,471447541,2,9,0,-1,19,4,8,-1,0,8,0,0,0,0,3,1,-1,9,1,44,7,1968,2,11,VOLKSWAGEN TIGUAN,3,E01031492,0,2
2024010514398,2024,010514398,2,9,0,99,99,9,9,99,99,9,9,99,9,99,9,9,6,6,3,-1,-1,1968,2,9,VOLKSWAGEN TIGUAN,-1,-1,0,-1
2024010543990,2024,010543990,1,9,0,4,4,5,1,0,0,2,0,0,0,0,2,1,6,6,1,60,9,1968,2,8,VOLKSWAGEN TIGUAN,2,E01015716,0,4
2024010501627,2024,010501627,1,9,0,18,19,5,1,9,9,5,0,0,1,0,1,1,6,6,1,33,6,1395,8,3,VOLKSWAGEN TIGUAN,3,E01002712,0,3
2024461414064,2024,461414064,1,9,0,-1,19,5,1,-1,0,0,1,0,0,0,3,9,-1,6,1,-1,-1,1968,2,16,VOLKSWAGEN TIGUAN,-1,-1,0,-1
2024061414747,2024,061414747,2,9,0,-1,19,2,7,-1,0,0,0,0,0,0,1,1,-1,2,2,36,7,1498,1,2,VOLKSWAGEN TIGUAN,7,E01005530,0,1
2024131520572,2024,131520572,2,9,0,-1,19,1,5,-1,0,1,0,0,0,0,1,1,-1,2,1,50,8,1968,2,9,VOLKSWAGEN TIGUAN,3,E01010794,0,1
2024061498614,2024,061498614,1,9,0,-1,19,5,8,-1,0,2,0,0,0,0,1,1,-1,2,2,52,8,1498,1,5,VOLKSWAGEN TIGUAN,2,E01004972,0,1
2024461439122,2024,461439122,1,9,0,-1,19,3,7,-1,0,0,0,0,0,0,1,1,-1,9,2,34,6,1498,1,0,VOLKSWAGEN TIGUAN,8,E01016138,0,2
202460Q066918,2024,60Q066918,2,9,0,18,19,3,7,0,0,1,0,0,0,0,4,1,6,6,1,62,9,1498,1,4,VOLKSWAGEN TIGUAN,-1,-1,0,-1
2024461410695,2024,461410695,1,9,0,-1,12,7,3,-1,0,0,0,0,0,0,0,1,-1,6,2,38,7,1968,2,4,VOLKSWAGEN TIGUAN,7,E01024094,0,1
2024541105624,2024,541105624,2,9,0,9,9,5,3,0,0,8,0,0,0,0,3,1,6,6,2,32,6,1498,1,3,VOLKSWAGEN TIGUAN,7,E01034552,0,2
2024520402262,2024,520402262,1,9,0,4,4,6,2,0,0,2,0,0,0,0,2,1,6,6,1,59,9,1498,1,3,VOLKSWAGEN TIGUAN,10,E01028397,0,5
2024010528271,2024,010528271,2,9,0,18,19,1,5,0,0,2,0,0,0,0,1,1,6,6,1,43,7,1984,1,15,VOLKSWAGEN TIGUAN,6,E01003218,0,1
2024332400878,2024,332400878,1,9,0,-1,19,7,3,-1,0,8,0,0,1,1,1,1,-1,9,1,35,6,1984,1,2,VOLKSWAGEN TIGUAN,9,E01035085,0,1
2024010545420,2024,010545420,2,9,0,9,9,5,3,0,0,8,0,0,0,0,1,1,6,6,1,30,6,1498,1,1,VOLKSWAGEN TIGUAN,10,E01023567,0,3
2024371506537,2024,371506537,2,9,0,-1,19,7,3,-1,0,0,0,0,0,0,4,1,-1,9,2,30,6,1968,2,7,VOLKSWAGEN TIGUAN,8,E01030107,0,1
2024340NN1382,2024,340NN1382,3,9,0,-1,3,7,3,-1,0,2,0,0,0,0,2,1,-1,9,1,48,8,1395,8,1,VOLKSWAGEN TIGUAN,9,E01015684,0,4
2024010545911,2024,010545911,2,9,0,99,99,9,9,99,99,9,9,99,9,99,1,9,6,6,3,-1,-1,1498,1,5,VOLKSWAGEN TIGUAN,3,E01001325,0,1
2024361469104,2024,361469104,2,9,0,-1,19,6,1,-1,0,1,0,0,0,0,1,1,-1,9,2,36,7,1968,2,3,VOLKSWAGEN TIGUAN,8,E01026500,0,1
2024361485452,2024,361485452,2,9,0,-1,8,5,1,-1,0,0,0,0,0,0,2,1,-1,2,2,53,8,1498,1,5,VOLKSWAGEN TIGUAN,9,E01026454,0,3
2024061457755,2024,061457755,2,9,0,-1,2,0,0,-1,0,0,0,0,0,0,2,1,-1,6,-1,-1,-1,1968,2,10,VOLKSWAGEN TIGUAN,-1,-1,0,-1
2024302400822,2024,302400822,2,9,0,18,19,7,3,0,0,8,0,0,0,0,4,1,6,6,2,25,5,1968,2,7,VOLKSWAGEN TIGUAN,10,E01019599,0,1
2024440003731,2024,440003731,1,9,0,18,19,4,8,0,0,1,0,0,0,0,1,1,6,6,2,31,6,1498,1,1,VOLKSWAGEN TIGUAN,8,E01023245,0,3
2024010531528,2024,010531528,2,9,9,99,99,9,9,99,99,9,9,99,9,99,9,9,6,6,3,-1,-1,1498,1,1,VOLKSWAGEN TIGUAN,-1,-1,0,-1
2024340NN1532,2024,340NN1532,2,9,0,-1,4,5,1,-1,0,1,0,0,0,0,2,1,-1,6,1,30,6,1968,2,4,VOLKSWAGEN TIGUAN,4,E01027327,0,2
2024471442093,2024,471442093,1,9,0,-1,19,5,1,-1,0,0,0,0,0,0,1,1,-1,6,1,85,11,1498,1,4,VOLKSWAGEN TIGUAN,8,E01031542,0,2
2024010529700,2024,010529700,1,9,0,10,10,9,9,99,99,9,9,99,9,99,1,9,6,6,2,38,7,1395,1,6,VOLKSWAGEN TIGUAN,5,E01001158,0,1
2024131464566,2024,131464566,2,9,0,-1,-1,-1,-1,-1,0,1,-1,-1,-1,0,-1,1,-1,6,3,-1,-1,1968,2,16,VOLKSWAGEN TIGUAN,-1,-1,0,-1
2024311478444,2024,311478444,1,9,0,-1,19,3,7,-1,0,0,0,0,0,0,3,1,-1,6,1,29,6,1968,2,15,VOLKSWAGEN TIGUAN,4,E01027975,0,1
2024010517013,2024,010517013,1,9,0,9,9,1,7,0,0,5,0,0,0,0,1,1,2,2,1,47,8,1984,1,6,VOLKSWAGEN TIGUAN,5,E01004484,0,1
2024061437395,2024,061437395,2,9,0,-1,19,5,1,-1,0,1,0,0,0,0,1,1,-1,9,1,46,8,1968,2,14,VOLKSWAGEN TIGUAN,4,E01006186,0,1
2024010550037,2024,010550037,1,9,0,99,99,9,9,99,99,0,9,99,9,99,2,9,6,6,1,48,8,1968,2,7,VOLKSWAGEN TIGUAN,5,E01003654,0,2
2024201436752,2024,201436752,2,9,0,-1,19,3,7,-1,0,0,0,0,0,0,1,1,-1,6,1,32,6,1968,2,6,VOLKSWAGEN TIGUAN,1,E01010443,0,1
2024421458127,2024,421458127,2,9,0,-1,19,6,2,-1,0,0,0,0,0,0,2,1,-1,2,2,54,8,1984,1,2,VOLKSWAGEN TIGUAN,5,E01034082,0,2
2024010526411,2024,010526411,1,9,0,18,19,8,4,0,0,1,0,0,0,0,2,1,6,6,1,78,11,1984,1,6,VOLKSWAGEN TIGUAN,-1,-1,0,-1
2024131447960,2024,131447960,1,9,0,-1,5,1,1,-1,0,8,0,0,0,0,1,1,-1,6,2,28,6,1968,2,5,VOLKSWAGEN TIGUAN,1,E01010631,0,2
2024471484306,2024,471484306,2,9,0,-1,19,5,1,-1,0,0,0,0,0,0,3,1,-1,9,2,35,6,1968,2,6,VOLKSWAGEN TIGUAN,7,E01002349,0,4
2024141499272,2024,141499272,2,9,0,-1,2,3,7,-1,0,0,0,0,0,0,0,1,-1,6,-1,-1,-1,1498,1,0,VOLKSWAGEN TIGUAN,-1,-1,0,-1
2024991504695,2024,991504695,2,9,0,-1,19,7,3,-1,0,2,0,0,0,0,4,1,-1,6,1,36,7,1968,2,7,VOLKSWAGEN TIGUAN,3,-1,0,1
2024401464867,2024,401464867,1,9,0,-1,19,1,2,-1,0,2,0,0,0,0,1,1,-1,6,2,19,4,1968,2,12,VOLKSWAGEN TIGUAN,10,E01017392,0,1
2024010508066,2024,010508066,2,9,0,10,10,1,6,0,0,8,0,0,0,0,1,1,6,6,1,40,7,1968,2,7,VOLKSWAGEN TIGUAN,3,E01003521,0,2
2024141519579,2024,141519579,1,9,0,-1,19,5,1,-1,0,1,0,0,0,0,1,1,-1,9,1,33,6,1968,2,9,VOLKSWAGEN TIGUAN,2,E01011854,0,4
2024302400210,2024,302400210,1,9,0,7,7,7,2,0,0,8,0,0,0,0,3,1,6,6,2,52,8,1498,1,1,VOLKSWAGEN TIGUAN,2,E01019777,0,2
2024010528894,2024,010528894,1,9,0,2,2,0,0,0,0,0,0,0,0,0,0,1,6,6,3,-1,-1,1498,1,5,VOLKSWAGEN TIGUAN,-1,-1,0,-1
2024010501471,2024,010501471,1,9,0,18,19,5,1,0,0,1,0,0,0,0,1,1,6,6,1,51,8,1395,8,1,VOLKSWAGEN TIGUAN,10,E01023377,0,4
2024041471764,2024,041471764,2,9,0,-1,19,7,3,-1,0,1,0,0,0,0,3,1,-1,9,1,44,7,1968,2,4,VOLKSWAGEN TIGUAN,2,E01025268,0,4
2024991531453,2024,991531453,1,9,0,-1,19,2,6,-1,0,0,0,0,1,0,1,1,-1,6,1,53,8,1968,2,5,VOLKSWAGEN TIGUAN,3,-1,0,3
2024070645953,2024,070645953,1,9,0,-1,-1,3,7,0,0,0,0,0,0,0,1,1,6,6,3,-1,-1,1498,1,1,VOLKSWAGEN TIGUAN,-1,-1,0,-1
2024010515243,2024,010515243,1,9,0,9,9,7,5,0,0,8,0,0,0,0,3,2,6,6,2,42,7,1498,1,2,VOLKSWAGEN TIGUAN,5,E01002232,0,3
2024201435148,2024,201435148,2,9,0,-1,19,2,6,-1,0,1,0,0,0,0,2,1,-1,6,1,25,5,1968,2,6,VOLKSWAGEN TIGUAN,3,E01009604,0,4
2024010522445,2024,010522445,1,9,0,18,19,7,3,0,0,1,0,0,0,0,3,1,6,6,1,40,7,1968,2,6,VOLKSWAGEN TIGUAN,2,E01024717,0,4
2024311516511,2024,311516511,2,9,0,-1,19,4,8,-1,0,0,0,0,0,0,1,1,-1,6,1,23,5,1498,1,5,VOLKSWAGEN TIGUAN,7,E01028183,0,1
2024010510466,2024,010510466,2,9,0,2,2,0,0,0,0,0,0,0,0,0,2,1,6,6,3,-1,-1,1968,2,4,VOLKSWAGEN TIGUAN,-1,-1,0,-1
2024421426542,2024,421426542,1,9,0,-1,19,6,2,-1,0,0,0,0,0,0,1,1,-1,6,2,41,7,1498,1,0,VOLKSWAGEN TIGUAN,9,E01022063,0,1
2024101424830,2024,101424830,2,9,0,-1,3,1,1,-1,0,0,0,0,0,0,2,9,-1,9,1,36,7,1968,2,13,VOLKSWAGEN TIGUAN,-1,-1,0,-1
2024991457341,2024,991457341,2,9,0,-1,19,7,3,-1,0,1,0,0,0,0,2,1,-1,9,1,57,9,1968,2,12,VOLKSWAGEN TIGUAN,-1,-1,0,-1
2024122401211,2024,122401211,1,9,0,4,4,5,1,0,0,0,0,0,0,0,0,1,6,6,1,59,9,1968,2,0,VOLKSWAGEN TIGUAN,5,E01022321,0,5
2024221535089,2024,221535089,1,9,0,-1,9,3,2,-1,0,6,0,0,0,0,1,9,-1,6,1,64,9,1498,8,0,VOLKSWAGEN TIGUAN,4,E01022251,0,1
2024520402579,2024,520402579,1,9,0,4,4,3,8,0,0,0,0,0,0,0,2,1,6,6,2,31,6,1968,2,3,VOLKSWAGEN TIGUAN,8,E01008799,0,5
2024421529272,2024,421529272,1,9,0,-1,10,5,8,-1,0,0,0,0,0,0,2,1,-1,9,1,30,6,1968,2,4,VOLKSWAGEN TIGUAN,3,E01021307,0,4
2024211434110,2024,211434110,2,9,0,-1,7,6,8,-1,0,0,0,0,0,0,4,9,-1,6,2,32,6,1968,2,5,VOLKSWAGEN TIGUAN,7,E01029582,0,1
2024451495840,2024,451495840,1,9,0,-1,4,7,3,-1,0,0,0,0,0,0,2,1,-1,9,2,31,6,1984,1,6,VOLKSWAGEN TIGUAN,10,E01030637,0,1
2024131518231,2024,131518231,1,9,0,-1,6,1,5,-1,0,5,0,0,-1,0,-1,1,-1,6,2,44,7,1498,1,0,VOLKSWAGEN TIGUAN,1,E01010838,0,1
2024010511344,2024,010511344,1,9,0,3,3,3,7,0,0,0,0,0,0,0,2,1,6,6,1,61,9,1498,1,2,VOLKSWAGEN TIGUAN,4,E01003803,0,3
2024070298800,2024,070298800,3,9,0,4,4,5,1,0,0,1,0,0,0,0,2,1,2,2,2,46,8,1395,1,6,VOLKSWAGEN TIGUAN,3,E01029593,0,3
2024070692190,2024,070692190,1,9,0,18,19,8,4,0,0,8,5,0,0,0,4,1,6,6,1,40,7,1968,2,10,VOLKSWAGEN TIGUAN,6,E01034668,0,1
2024061455341,2024,061455341,2,9,0,-1,19,5,1,-1,-1,0,1,0,1,7,4,1,-1,9,1,41,7,1968,2,3,VOLKSWAGEN TIGUAN,-1,-1,0,-1
2024010548980,2024,010548980,1,9,0,99,99,9,9,99,99,0,9,99,9,99,2,9,2,2,1,53,8,1968,2,9,VOLKSWAGEN TIGUAN,3,E01001703,0,4
2024411500538,2024,411500538,2,9,0,-1,19,-1,-1,-1,0,0,0,11,8,0,4,1,-1,2,2,50,8,1968,2,10,VOLKSWAGEN TIGUAN,9,E01017920,0,4
2024430443770,2024,430443770,1,9,0,18,19,4,8,0,0,0,0,0,0,0,4,1,6,6,1,-1,-1,1498,1,1,VOLKSWAGEN TIGUAN,-1,-1,0,-1
2024201489325,2024,201489325,1,9,0,-1,19,7,3,-1,0,1,0,0,0,0,1,1,-1,6,1,69,10,1390,1,9,VOLKSWAGEN TIGUAN,2,E01009788,0,1
2024221397587,2024,221397587,2,9,0,-1,7,2,4,-1,0,5,0,0,0,0,1,1,-1,6,1,80,11,1498,1,4,VOLKSWAGEN TIGUAN,7,E01032253,0,1
2024031531949,2024,031531949,2,9,0,-1,19,7,3,-1,0,0,0,0,0,0,1,1,-1,9,2,63,9,1968,2,7,VOLKSWAGEN TIGUAN,-1,-1,0,-1
2024461399652,2024,461399652,2,9,0,-1,11,6,2,-1,0,0,0,0,5,6,4,9,-1,6,1,57,9,1968,2,1,VOLKSWAGEN TIGUAN,4,E01030304,0,4
2024221486680,2024,221486680,1,9,0,-1,19,1,6,-1,0,2,0,0,1,4,1,1,-1,9,1,53,8,1498,1,3,VOLKSWAGEN TIGUAN,4,E01028992,0,1
2024041511006,2024,041511006,2,9,0,-1,19,3,7,-1,0,0,0,0,0,0,2,1,-1,6,2,26,6,1498,1,1,VOLKSWAGEN TIGUAN,2,E01025075,0,2
2024421475218,2024,421475218,2,9,0,-1,19,3,7,-1,0,1,5,0,0,0,1,1,-1,6,2,34,6,1498,1,3,VOLKSWAGEN TIGUAN,5,E01021954,0,1
2024991497888,2024,991497888,1,9,0,-1,19,3,7,-1,0,1,5,0,0,0,1,1,-1,9,1,34,6,1498,1,5,VOLKSWAGEN TIGUAN,-1,-1,0,-1
2024440002786,2024,440002786,3,9,0,18,19,6,2,0,0,0,0,0,0,0,2,1,2,2,1,49,8,1968,2,6,VOLKSWAGEN TIGUAN,8,E01022591,0,3
2024161412482,2024,161412482,2,9,0,-1,7,3,5,-1,0,6,0,0,0,0,3,9,-1,6,2,-1,-1,1968,2,14,VOLKSWAGEN TIGUAN,-1,-1,0,-1
2024471396572,2024,471396572,2,9,0,-1,19,1,5,-1,0,0,0,0,0,0,2,1,-1,6,2,50,8,1498,1,5,VOLKSWAGEN TIGUAN,10,E01031635,0,3
2024991425128,2024,991425128,1,9,0,-1,19,5,1,-1,0,0,0,0,0,0,1,1,-1,2,2,49,8,1968,2,5,VOLKSWAGEN TIGUAN,8,-1,0,1
2024052401736,2024,052401736,1,9,0,1,1,7,3,0,0,0,0,0,0,0,2,1,6,6,1,31,6,1498,1,4,VOLKSWAGEN TIGUAN,5,E01007069,0,1
2024211470927,2024,211470927,1,9,0,-1,19,4,1,-1,0,1,0,0,0,0,1,2,-1,2,1,42,7,1968,2,7,VOLKSWAGEN TIGUAN,7,E01029798,0,1
2024411487149,2024,411487149,1,9,0,-1,11,7,3,-1,0,8,0,0,0,0,3,1,-1,2,2,27,6,1395,1,6,VOLKSWAGEN TIGUAN,6,E01023598,0,4
2024440216101,2024,440216101,2,9,0,9,9,5,3,0,0,8,0,0,0,0,1,1,6,6,1,76,11,1968,2,11,VOLKSWAGEN TIGUAN,3,E01017079,0,1
2024501448627,2024,501448627,2,9,0,-1,19,7,3,-1,0,8,0,0,0,0,1,1,-1,6,2,67,10,1968,2,13,VOLKSWAGEN TIGUAN,6,E01018832,0,3
2024461496134,2024,461496134,1,9,0,-1,19,7,3,-1,0,0,0,0,4,6,1,9,-1,6,1,29,6,1498,8,0,VOLKSWAGEN TIGUAN,5,E01016158,0,1
2024430587656,2024,430587656,1,9,0,18,19,6,2,0,0,4,5,7,0,6,3,1,6,6,1,23,5,1968,2,16,VOLKSWAGEN TIGUAN,10,E01022847,0,2
2024221438272,2024,221438272,2,9,0,-1,19,6,2,-1,0,8,0,0,0,0,1,1,-1,6,1,79,11,1968,2,8,VOLKSWAGEN TIGUAN,5,E01032212,0,2
2024351422703,2024,351422703,2,9,0,-1,19,5,1,-1,0,0,0,0,0,0,1,1,-1,2,1,44,7,1498,1,3,VOLKSWAGEN TIGUAN,8,E01029957,0,1
2024552400579,2024,552400579,1,9,0,18,19,2,6,0,0,8,0,9,7,1,1,1,2,2,1,26,6,1968,2,9,VOLKSWAGEN TIGUAN,8,E01019929,0,4
202454D642924,2024,54D642924,3,9,0,3,3,2,7,0,0,3,0,0,0,0,2,1,6,6,2,27,6,1984,1,4,VOLKSWAGEN TIGUAN,5,E01020057,0,5
2024440451409,2024,440451409,1,9,0,13,13,6,2,0,0,0,0,0,0,0,1,1,2,2,2,26,6,1968,2,9,VOLKSWAGEN TIGUAN,8,E01022615,0,1
2024010510724,2024,010510724,2,9,0,5,5,1,5,0,0,8,0,0,0,0,0,1,6,6,1,28,6,1498,1,1,VOLKSWAGEN TIGUAN,3,E01000535,0,1
2024010521246,2024,010521246,1,9,0,18,19,5,1,0,0,1,0,0,0,0,1,1,6,6,2,57,9,1498,1,4,VOLKSWAGEN TIGUAN,5,E01001348,0,1
2024320579737,2024,320579737,2,9,0,4,4,4,8,0,0,0,0,0,0,0,2,1,-1,-1,1,35,6,1968,2,6,VOLKSWAGEN TIGUAN,8,E01026372,0,3
2024041461692,2024,041461692,1,9,0,-1,9,5,7,-1,0,0,0,0,0,0,4,1,-1,9,1,86,11,1968,2,10,VOLKSWAGEN TIGUAN,3,E01025442,0,1
2024101438116,2024,101438116,2,8,0,-1,11,3,7,-1,0,3,0,0,0,0,4,1,-1,1,2,53,8,1968,2,4,VOLKSWAGEN TIGUAN,2,E01008336,0,1
2024430461305,2024,430461305,2,9,0,18,19,5,1,0,0,0,0,0,0,0,1,1,6,6,2,43,7,1984,1,14,VOLKSWAGEN TIGUAN,9,E01032947,0,3
2024201458407,2024,201458407,1,9,0,-1,9,5,3,-1,0,6,0,0,0,0,4,1,-1,6,2,18,4,1968,2,0,VOLKSWAGEN TIGUAN,-1,-1,0,-1
2024552400374,2024,552400374,2,9,0,4,4,7,3,0,0,8,0,0,0,0,2,1,6,6,2,53,8,1968,2,10,VOLKSWAGEN TIGUAN,5,E01020485,0,1
2024440361517,2024,440361517,1,9,0,9,9,5,3,0,0,8,0,0,0,0,3,1,6,6,1,31,6,1968,2,7,VOLKSWAGEN TIGUAN,10,E01023272,0,1
2024010516370,2024,010516370,2,9,0,4,4,3,7,0,0,1,0,0,0,0,2,1,6,6,2,28,6,1498,1,1,VOLKSWAGEN TIGUAN,4,E01004380,0,3
2024311436178,2024,311436178,2,9,0,-1,5,7,3,-1,0,5,0,0,0,0,3,1,-1,9,2,41,7,1968,2,9,VOLKSWAGEN TIGUAN,5,E01013937,0,1
2024061422448,2024,061422448,2,9,-1,-1,-1,-1,-1,-1,-1,0,-1,-1,-1,0,-1,9,-1,6,1,-1,-1,1968,2,7,VOLKSWAGEN TIGUAN,9,E01005742,0,1
2024631515937,2024,631515937,1,9,0,-1,19,3,7,-1,0,2,0,0,0,0,1,1,-1,9,2,20,4,1968,2,8,VOLKSWAGEN TIGUAN,4,W01000535,0,1
2024070714901,2024,070714901,2,9,0,-1,19,5,5,-1,0,0,0,0,0,0,0,1,-1,6,2,25,5,1968,2,5,VOLKSWAGEN TIGUAN,6,E01018722,0,2
2024010543430,2024,010543430,1,9,0,18,19,7,3,0,0,0,0,0,0,0,1,1,6,6,2,34,6,1968,2,2,VOLKSWAGEN TIGUAN,2,E01000034,0,1
2024531521856,2024,531521856,3,9,0,-1,4,1,5,-1,0,1,0,0,0,0,2,1,-1,9,1,45,7,1968,2,8,VOLKSWAGEN TIGUAN,10,E01022113,0,1
2024421410162,2024,421410162,1,9,0,-1,9,6,3,-1,0,8,0,0,0,0,3,1,-1,6,2,45,7,1968,2,4,VOLKSWAGEN TIGUAN,6,E01031514,0,5
2024010532858,2024,010532858,1,9,0,9,9,5,2,0,0,6,0,0,0,0,1,1,1,1,1,37,7,1968,2,4,VOLKSWAGEN TIGUAN,4,E01004296,0,2
2024231415656,2024,231415656,1,9,0,-1,19,7,3,-1,0,0,0,0,0,0,1,1,-1,7,2,30,6,1968,2,8,VOLKSWAGEN TIGUAN,9,E01035024,0,2
2024161477681,2024,161477681,1,9,0,-1,5,6,2,-1,0,1,0,0,0,0,1,1,-1,2,2,34,6,1968,2,5,VOLKSWAGEN TIGUAN,9,E01035478,0,1
2024041433382,2024,041433382,1,9,0,-1,19,7,3,-1,0,0,1,0,7,3,1,1,-1,6,1,25,5,1968,2,7,VOLKSWAGEN TIGUAN,2,E01012608,0,1
2024010527027,2024,010527027,1,9,0,99,99,9,9,99,99,9,9,99,9,99,1,9,6,6,1,49,8,1498,1,3,VOLKSWAGEN TIGUAN,3,E01002413,0,1
2024141488175,2024,141488175,2,9,0,-1,19,3,7,-1,0,1,0,0,0,0,1,1,-1,2,2,27,6,1968,2,5,VOLKSWAGEN TIGUAN,1,E01007549,0,1
2024101486803,2024,101486803,3,9,0,-1,3,5,1,-1,0,0,0,0,0,0,2,1,-1,9,2,60,9,1968,2,6,VOLKSWAGEN TIGUAN,2,E01027528,0,1
2024552401343,2024,552401343,1,9,0,18,19,2,6,0,0,0,1,0,1,4,1,1,6,6,2,67,10,1968,2,10,VOLKSWAGEN TIGUAN,9,E01020464,0,1
2024991448681,2024,991448681,1,9,0,-1,19,2,6,-1,0,0,0,0,7,11,1,1,-1,6,2,59,9,1968,2,9,VOLKSWAGEN TIGUAN,7,-1,0,1
2024052402268,2024,052402268,2,9,0,18,19,3,7,0,0,8,0,0,0,0,1,1,6,6,2,41,7,1968,2,7,VOLKSWAGEN TIGUAN,1,E01034401,0,1
2024430162191,2024,430162191,2,9,0,18,19,6,2,0,0,8,0,0,0,0,1,1,6,6,1,-1,-1,1395,8,1,VOLKSWAGEN TIGUAN,7,W01001677,0,5
2024340NN1112,2024,340NN1112,1,9,0,-1,7,4,7,-1,0,3,0,0,0,0,1,1,-1,9,1,54,8,1968,2,6,VOLKSWAGEN TIGUAN,8,E01035416,0,3
2024010545020,2024,010545020,3,9,0,18,19,7,3,0,0,2,0,0,0,0,3,1,6,6,2,80,11,1498,1,5,VOLKSWAGEN TIGUAN,3,E01001548,0,1
2024552400685,2024,552400685,2,9,0,2,2,0,0,0,0,0,0,0,0,0,3,1,6,6,3,-1,-1,1968,2,8,VOLKSWAGEN TIGUAN,-1,-1,0,-1
2024161397977,2024,161397977,2,9,0,-1,19,3,7,-1,0,8,0,0,0,0,3,1,-1,9,1,53,8,1968,2,7,VOLKSWAGEN TIGUAN,8,E01013321,0,1
2024010547718,2024,010547718,2,9,0,99,99,9,9,99,99,9,9,99,9,99,1,9,6,6,3,68,10,1498,1,3,VOLKSWAGEN TIGUAN,2,E01032565,0,2
2024010533020,2024,010533020,2,9,0,99,99,9,9,99,99,9,9,99,9,99,9,9,6,6,3,-1,-1,1968,2,6,VOLKSWAGEN TIGUAN,-1,-1,0,-1
2024991420002,2024,991420002,1,9,0,-1,19,1,5,-1,0,0,0,0,0,0,3,1,-1,9,1,67,10,1968,2,5,VOLKSWAGEN TIGUAN,4,-1,0,1
2024010542736,2024,010542736,1,9,0,18,19,6,2,0,0,1,0,10,6,4,1,1,1,1,1,28,6,1968,2,9,VOLKSWAGEN TIGUAN,8,E01000877,0,1
2024451424309,2024,451424309,1,9,0,-1,5,5,1,-1,0,2,0,0,0,0,1,1,-1,9,1,43,7,1968,2,7,VOLKSWAGEN TIGUAN,10,E01030427,0,2
2024041436152,2024,041436152,2,9,0,-1,19,1,5,-1,0,0,5,0,0,0,3,1,-1,6,2,79,11,1498,1,4,VOLKSWAGEN TIGUAN,5,E01025231,0,3
2024010525730,2024,010525730,1,9,0,7,7,3,5,0,0,5,0,0,1,0,1,1,6,6,1,50,8,1498,1,3,VOLKSWAGEN TIGUAN,6,E01035702,0,1
2024622400021,2024,622400021,2,9,0,7,7,6,8,0,0,1,0,0,0,0,1,1,6,6,1,29,6,1968,2,16,VOLKSWAGEN TIGUAN,2,W01001169,0,1
2024070731940,2024,070731940,1,9,0,-1,9,2,3,-1,0,2,0,0,0,0,4,1,-1,9,2,55,8,1968,2,0,VOLKSWAGEN TIGUAN,10,E01018506,0,1
2024411540828,2024,411540828,1,9,0,-1,19,-1,-1,-1,0,8,0,0,0,0,9,1,-1,6,1,-1,-1,1498,1,1,VOLKSWAGEN TIGUAN,-1,-1,0,-1
2024010520004,2024,010520004,1,9,0,9,9,3,8,0,0,2,0,0,0,0,0,1,6,6,1,49,8,1968,2,7,VOLKSWAGEN TIGUAN,3,E01001726,0,1
2024010537640,2024,010537640,1,9,0,99,99,9,9,99,99,9,9,99,9,99,2,9,6,6,2,45,7,1498,1,4,VOLKSWAGEN TIGUAN,6,E01002295,0,3
2024131396888,2024,131396888,2,9,0,-1,5,3,7,-1,0,8,0,0,0,0,1,1,-1,6,1,77,11,1968,2,6,VOLKSWAGEN TIGUAN,8,E01011826,0,4
2024131498405,2024,131498405,1,9,0,-1,19,5,1,-1,0,1,0,0,0,0,1,1,-1,6,1,25,5,1968,2,12,VOLKSWAGEN TIGUAN,1,E01010842,0,2
2024041531430,2024,041531430,2,9,0,-1,5,1,5,-1,0,1,0,0,0,0,3,1,-1,9,1,78,11,1498,1,1,VOLKSWAGEN TIGUAN,2,E01024959,0,4
2024631492034,2024,631492034,2,9,0,-1,10,6,2,-1,0,8,0,0,0,0,2,1,-1,6,2,56,9,1968,2,6,VOLKSWAGEN TIGUAN,8,E01014111,0,5
2024052402680,2024,052402680,1,8,0,18,19,2,6,0,0,1,0,7,0,0,1,1,1,1,1,-1,-1,1498,1,5,VOLKSWAGEN TIGUAN,-1,-1,0,-1
2024041433510,2024,041433510,2,9,0,-1,2,2,6,-1,0,1,0,0,0,0,2,1,-1,9,1,70,10,1968,2,12,VOLKSWAGEN TIGUAN,4,E01033281,0,4
2024211538024,2024,211538024,1,9,0,-1,19,4,3,-1,0,0,0,0,0,0,2,1,-1,6,1,35,6,1498,1,4,VOLKSWAGEN TIGUAN,1,E01034311,0,4
2024461524578,2024,461524578,2,9,0,-1,19,3,7,-1,0,1,0,0,0,0,0,1,-1,2,2,32,6,1968,2,6,VOLKSWAGEN TIGUAN,4,E01024381,0,1
2024522403334,2024,522403334,1,9,0,18,19,2,6,0,0,0,0,0,0,0,1,1,6,6,1,51,8,1968,2,4,VOLKSWAGEN TIGUAN,1,E01014593,0,1
2024430371781,2024,430371781,2,9,0,18,19,6,2,0,0,3,0,0,0,0,3,1,6,6,2,23,5,1498,1,1,VOLKSWAGEN TIGUAN,2,E01013910,0,4