collision_index,collision_year,collision_ref_no,vehicle_reference,vehicle_type,towing_and_articulation,vehicle_manoeuvre_historic,vehicle_manoeuvre,vehicle_direction_from,vehicle_direction_to,vehicle_location_restricted_lane_historic,vehicle_location_restricted_lane,junction_location,skidding_and_overturning,hit_object_in_carriageway,vehicle_leaving_carriageway,hit_object_off_carriageway,first_point_of_impact,vehicle_left_hand_drive,journey_purpose_of_driver_historic,journey_purpose_of_driver,sex_of_driver,age_of_driver,age_band_of_driver,engine_capacity_cc,propulsion_code,age_of_vehicle,generic_make_model,driver_imd_decile,lsoa_of_driver,escooter_flag,driver_distance_banding
2024411452384,2024,411452384,1,9,-1,-1,-1,-1,-1,-1,-1,-1,-1,-1,-1,0,3,9,-1,6,1,34,6,1498,1,5,VOLKSWAGEN TIGUAN,9,E01023655,0,1
2024010549710,2024,010549710,1,9,0,99,99,9,9,99,99,9,9,99,9,99,1,9,6,6,3,-1,-1,1498,1,5,VOLKSWAGEN TIGUAN,7,E01015694,0,4
2024421488691,2024,421488691,1,9,0,-1,1,5,1,-1,9,0,0,0,0,0,2,1,-1,9,2,42,7,1498,1,5,VOLKSWAGEN TIGUAN,8,E01021755,0,1
2024421509854,2024,421509854,1,9,0,-1,19,2,5,-1,0,2,0,0,0,0,1,1,-1,6,2,42,7,1984,1,4,VOLKSWAGEN TIGUAN,3,E01021638,0,1
2024361528776,2024,361528776,1,9,0,-1,19,3,7,-1,0,0,0,0,0,0,1,1,-1,9,1,70,10,1968,2,10,VOLKSWAGEN TIGUAN,6,E01026682,0,2
2024351448986,2024,351448986,2,9,0,-1,3,4,8,-1,0,1,0,0,0,0,2,9,-1,2,2,43,7,1984,1,7,VOLKSWAGEN TIGUAN,5,E01017991,0,1
2024201485825,2024,201485825,2,9,0,-1,19,8,4,-1,0,0,0,0,0,0,1,1,-1,9,1,45,7,1395,1,6,VOLKSWAGEN TIGUAN,1,E01010129,0,1
2024531424259,2024,531424259,1,9,0,-1,19,3,7,-1,0,2,0,0,0,0,1,1,-1,9,1,73,10,1498,1,2,VOLKSWAGEN TIGUAN,8,E01022177,0,1
2024351399070,2024,351399070,1,9,0,-1,9,8,4,-1,0,5,0,0,0,0,1,9,-1,6,1,32,6,1498,1,5,VOLKSWAGEN TIGUAN,10,E01017959,0,2
2024010534706,2024,010534706,1,9,0,-1,-1,1,5,0,0,8,0,0,0,0,0,1,6,6,3,-1,-1,1498,1,2,VOLKSWAGEN TIGUAN,-1,-1,0,-1
2024010522800,2024,010522800,1,9,0,99,99,9,9,99,99,0,9,99,9,99,9,9,6,6,1,32,6,1498,1,1,VOLKSWAGEN TIGUAN,5,E01033099,0,1
2024041534033,2024,041534033,2,9,0,-1,8,3,7,-1,0,0,0,0,0,0,2,1,-1,9,1,57,9,1968,2,14,VOLKSWAGEN TIGUAN,3,E01025065,0,1
2024991439617,2024,991439617,1,9,0,-1,19,4,8,-1,0,1,1,0,1,5,4,1,-1,6,1,29,6,1968,2,10,VOLKSWAGEN TIGUAN,3,-1,0,2
2024552401040,2024,552401040,1,9,0,18,19,7,3,0,0,0,5,0,2,2,1,1,6,6,2,37,7,1498,1,3,VOLKSWAGEN TIGUAN,10,E01020463,0,1
2024311486892,2024,311486892,1,9,0,-1,19,7,2,-1,0,8,0,0,0,0,1,1,-1,6,1,77,11,1498,1,1,VOLKSWAGEN TIGUAN,6,E01028295,0,3
2024010536387,2024,010536387,1,9,0,99,99,9,9,99,99,9,9,99,9,99,2,9,6,6,2,49,8,1968,2,6,VOLKSWAGEN TIGUAN,7,E01002365,0,1
2024501507754,2024,501507754,1,9,0,-1,19,3,7,-1,0,0,0,0,0,0,1,1,-1,6,1,50,8,1968,2,10,VOLKSWAGEN TIGUAN,4,E01018987,0,2
2024421438419,2024,421438419,1,9,0,-1,19,8,4,-1,0,0,0,0,0,0,1,1,-1,9,1,73,10,1968,2,10,VOLKSWAGEN TIGUAN,10,E01021739,0,1
2024010524338,2024,010524338,2,9,0,99,99,9,9,99,99,9,9,99,9,99,9,9,6,6,3,-1,-1,1968,2,6,VOLKSWAGEN TIGUAN,-1,-1,0,-1
2024552400415,2024,552400415,2,10,0,3,3,2,6,0,0,4,0,0,0,0,2,1,6,6,1,77,11,-1,-1,-1,VOLKSWAGEN TIGUAN,10,E01020383,0,1
2024332400653,2024,332400653,2,9,0,-1,19,4,8,-1,0,0,0,0,1,10,3,1,-1,9,2,27,6,1498,1,4,VOLKSWAGEN TIGUAN,9,E01025642,0,2
2024461532883,2024,461532883,5,9,0,-1,19,1,5,-1,0,0,0,0,0,0,2,1,-1,1,1,72,10,1498,1,0,VOLKSWAGEN TIGUAN,7,E01024245,0,3
2024122400388,2024,122400388,2,9,0,18,19,5,1,0,0,1,1,0,0,0,1,1,6,6,1,58,9,1968,2,1,VOLKSWAGEN TIGUAN,9,E01032593,0,4
2024010522417,2024,010522417,2,9,0,99,99,9,9,99,99,9,9,99,9,99,1,9,6,6,3,-1,-1,1968,2,6,VOLKSWAGEN TIGUAN,-1,-1,0,-1
2024061409004,2024,061409004,2,9,0,-1,19,7,3,-1,0,0,0,0,0,0,4,9,-1,6,2,45,7,1498,1,2,VOLKSWAGEN TIGUAN,1,E01005762,0,2
2024131530398,2024,131530398,2,9,0,-1,19,7,3,-1,0,0,0,0,0,0,1,1,-1,1,1,36,7,1498,1,4,VOLKSWAGEN TIGUAN,6,E01011598,0,4
2024311509256,2024,311509256,1,9,0,-1,19,2,6,-1,0,0,0,0,1,0,1,9,-1,6,3,-1,-1,1968,2,14,VOLKSWAGEN TIGUAN,-1,-1,0,-1
2024421449727,2024,421449727,1,9,0,-1,5,7,3,-1,0,1,0,0,0,0,1,9,-1,6,3,-1,-1,1395,8,2,VOLKSWAGEN TIGUAN,-1,-1,0,-1
2024991500772,2024,991500772,2,9,0,-1,19,5,1,-1,9,1,0,0,7,0,1,1,-1,2,1,57,9,1968,2,8,VOLKSWAGEN TIGUAN,-1,-1,0,-1
2024320622954,2024,320622954,3,9,0,4,4,5,1,0,0,0,0,0,0,0,2,1,6,6,1,50,8,1968,2,11,VOLKSWAGEN TIGUAN,-1,-1,0,-1
2024421462631,2024,421462631,2,9,0,-1,19,3,7,-1,0,0,0,0,0,0,4,1,-1,6,2,40,7,1968,2,7,VOLKSWAGEN TIGUAN,8,E01021463,0,3
2024451458668,2024,451458668,2,9,0,-1,4,3,7,-1,0,2,0,0,0,0,2,1,-1,9,2,61,9,1968,2,3,VOLKSWAGEN TIGUAN,9,E01030761,0,2
2024070403528,2024,070403528,1,9,0,-1,-1,4,8,0,0,0,0,0,7,4,1,1,6,6,2,56,9,1968,2,15,VOLKSWAGEN TIGUAN,6,E01018356,0,2
2024311399212,2024,311399212,1,9,0,-1,11,7,1,-1,0,0,0,0,0,0,0,9,-1,9,1,22,5,1498,1,5,VOLKSWAGEN TIGUAN,7,E01028183,0,3
2024451474970,2024,451474970,1,9,0,-1,19,8,4,-1,0,0,0,0,0,0,4,1,-1,9,1,39,7,1498,1,5,VOLKSWAGEN TIGUAN,10,W01001130,0,5
2024141411887,2024,141411887,1,9,0,-1,19,7,3,-1,0,0,0,0,0,0,1,1,-1,6,1,54,8,1968,2,7,VOLKSWAGEN TIGUAN,1,E01007563,0,1
2024221421301,2024,221421301,2,9,0,-1,19,5,1,-1,0,0,0,0,0,0,2,9,-1,1,2,26,6,1968,2,6,VOLKSWAGEN TIGUAN,5,E01032309,0,1
2024461452107,2024,461452107,2,9,0,-1,19,5,1,-1,0,1,0,0,0,0,4,1,-1,9,2,56,9,1968,2,12,VOLKSWAGEN TIGUAN,6,E01035003,0,2
2024520002990,2024,520002990,2,9,0,2,2,0,0,0,0,1,0,0,0,0,2,1,6,6,3,-1,-1,1498,8,0,VOLKSWAGEN TIGUAN,-1,-1,0,-1
2024010516703,2024,010516703,1,9,0,18,19,6,2,0,0,0,0,0,0,0,1,1,6,6,1,63,9,1968,2,5,VOLKSWAGEN TIGUAN,-1,-1,0,-1
2024131514990,2024,131514990,2,9,0,-1,19,3,7,-1,0,2,0,0,0,0,1,1,-1,9,2,44,7,1498,1,1,VOLKSWAGEN TIGUAN,10,E01010771,0,1
2024231396714,2024,231396714,1,9,0,-1,19,4,8,-1,0,0,0,0,0,0,1,9,-1,6,-1,25,5,1968,2,16,VOLKSWAGEN TIGUAN,-1,-1,0,-1
2024131434897,2024,131434897,1,9,0,-1,5,0,0,-1,-1,0,0,0,0,0,1,1,-1,6,1,34,6,1968,2,12,VOLKSWAGEN TIGUAN,1,E01011791,0,1
2024010529272,2024,010529272,2,9,0,9,9,5,3,0,0,1,0,0,0,0,1,1,6,6,1,44,7,1968,2,2,VOLKSWAGEN TIGUAN,6,E01015945,0,4
2024361525544,2024,361525544,2,9,0,-1,10,1,8,-1,0,1,0,0,0,0,2,1,-1,9,2,35,6,1968,2,10,VOLKSWAGEN TIGUAN,4,E01026643,0,1
2024421519812,2024,421519812,4,9,0,-1,19,5,1,-1,0,0,0,0,0,0,1,1,-1,1,1,50,8,1968,2,5,VOLKSWAGEN TIGUAN,1,E01021305,0,2
2024552401152,2024,552401152,2,9,0,18,19,2,6,0,0,8,0,0,0,0,1,1,2,2,2,48,8,1968,2,16,VOLKSWAGEN TIGUAN,5,E01020577,0,3
2024010544473,2024,010544473,1,9,4,99,99,9,9,99,99,9,9,99,9,99,1,9,6,6,2,43,7,1968,2,5,VOLKSWAGEN TIGUAN,9,E01000647,0,1
2024010508717,2024,010508717,3,9,0,18,19,5,1,0,0,2,0,0,0,0,0,1,6,6,1,46,8,1968,2,5,VOLKSWAGEN TIGUAN,3,E01021276,0,4
2024471534748,2024,471534748,2,9,0,-1,19,1,7,-1,0,1,0,0,0,0,4,1,-1,9,2,38,7,1968,2,9,VOLKSWAGEN TIGUAN,4,E01031415,0,1
2024440526398,2024,440526398,2,9,0,2,2,0,0,0,0,2,0,0,0,0,4,1,6,6,1,-1,-1,1498,1,4,VOLKSWAGEN TIGUAN,-1,-1,0,-1
2024631424617,2024,631424617,2,9,0,-1,19,1,4,-1,0,1,0,0,0,0,4,1,-1,6,1,67,10,1498,1,3,VOLKSWAGEN TIGUAN,4,W01001964,0,4
2024141441307,2024,141441307,3,9,0,-1,19,1,5,-1,0,0,0,0,0,0,2,9,-1,6,1,63,9,1968,2,10,VOLKSWAGEN TIGUAN,6,E01007707,0,3
2024421436540,2024,421436540,1,9,0,-1,19,5,1,-1,0,1,0,0,0,0,1,1,-1,9,1,21,5,1968,2,16,VOLKSWAGEN TIGUAN,9,E01021692,0,1
2024332400626,2024,332400626,2,9,0,-1,19,2,6,-1,0,0,0,0,0,0,3,1,-1,9,1,32,6,1968,2,11,VOLKSWAGEN TIGUAN,10,E01025835,0,1
2024131532961,2024,131532961,2,9,0,-1,19,7,7,-1,0,1,0,0,0,0,1,1,-1,6,1,25,5,1968,2,7,VOLKSWAGEN TIGUAN,1,E01011422,0,1
2024101422816,2024,101422816,2,9,0,-1,3,3,6,-1,0,4,0,0,0,0,2,1,-1,9,2,37,7,1968,2,8,VOLKSWAGEN TIGUAN,9,E01008516,0,2
2024361520418,2024,361520418,2,9,0,-1,19,1,5,-1,0,8,0,0,0,0,4,1,-1,6,2,55,8,1968,2,9,VOLKSWAGEN TIGUAN,4,E01026874,0,3
2024061415063,2024,061415063,3,9,0,-1,20,0,0,-1,9,0,0,0,0,0,1,1,-1,9,2,48,8,1498,1,1,VOLKSWAGEN TIGUAN,8,E01006210,0,1
2024122500203,2024,122500203,1,9,0,18,19,5,1,0,0,0,1,0,1,4,1,1,6,6,1,38,7,1968,2,5,VOLKSWAGEN TIGUAN,5,E01027884,0,1
2024371421117,2024,371421117,1,9,0,-1,5,1,5,-1,0,2,0,0,0,0,3,1,-1,6,2,36,7,1968,2,5,VOLKSWAGEN TIGUAN,6,E01030097,0,1
2024430545149,2024,430545149,1,9,0,18,19,8,4,0,0,0,0,0,0,0,1,1,6,6,1,60,9,1968,2,11,VOLKSWAGEN TIGUAN,9,E01016547,0,1
2024010519678,2024,010519678,2,9,9,99,99,9,9,99,99,9,9,99,9,99,9,9,6,6,3,-1,-1,1498,1,3,VOLKSWAGEN TIGUAN,-1,-1,0,-1
2024421413920,2024,421413920,4,9,0,-1,2,3,7,-1,0,0,0,0,0,0,2,1,-1,6,1,32,6,1968,2,1,VOLKSWAGEN TIGUAN,8,E01034365,0,1
2024041395692,2024,041395692,2,9,0,-1,19,2,6,-1,0,1,0,0,0,0,4,1,-1,9,1,21,5,1498,1,4,VOLKSWAGEN TIGUAN,1,E01025293,0,1
2024010512057,2024,010512057,3,9,5,18,19,5,1,0,0,3,0,0,0,0,0,1,6,6,1,35,6,1498,1,1,VOLKSWAGEN TIGUAN,7,E01003888,0,1
2024231452471,2024,231452471,1,9,0,-1,9,4,2,-1,0,6,0,0,0,0,4,9,-1,6,1,29,6,1968,2,15,VOLKSWAGEN TIGUAN,1,E01035016,0,2
2024501429380,2024,501429380,2,9,0,-1,9,8,4,-1,0,6,0,0,0,0,1,2,-1,9,2,46,8,1968,2,15,VOLKSWAGEN TIGUAN,7,E01020108,0,1
2024461435974,2024,461435974,2,9,0,-1,3,8,8,-1,0,0,0,0,0,0,2,1,-1,9,1,68,10,1968,2,9,VOLKSWAGEN TIGUAN,2,E01016040,0,4
2024631534450,2024,631534450,1,9,0,-1,19,5,2,-1,0,0,1,0,1,10,3,1,-1,6,1,66,10,1968,2,12,VOLKSWAGEN TIGUAN,5,W01000537,0,1
2024111495894,2024,111495894,1,9,0,-1,15,5,1,-1,0,0,0,0,1,0,1,1,-1,6,2,49,8,1968,2,12,VOLKSWAGEN TIGUAN,1,E01020907,0,1
2024371487080,2024,371487080,1,9,0,-1,19,3,7,-1,0,1,0,0,0,0,1,1,-1,6,2,45,7,1968,2,7,VOLKSWAGEN TIGUAN,8,E01030288,0,1
2024010500750,2024,010500750,2,9,9,99,99,9,9,99,99,9,9,99,9,99,9,9,6,6,2,41,7,1498,1,4,VOLKSWAGEN TIGUAN,8,E01003817,0,1
2024061483384,2024,061483384,1,9,0,-1,4,-1,-1,-1,0,0,0,0,0,0,2,1,-1,2,1,44,7,1498,1,5,VOLKSWAGEN TIGUAN,8,E01005738,0,2
2024010519315,2024,010519315,2,9,0,2,2,0,0,0,0,0,0,0,0,0,0,1,6,6,3,-1,-1,1498,1,4,VOLKSWAGEN TIGUAN,-1,-1,0,-1
2024061435699,2024,061435699,2,9,0,-1,-1,-1,-1,-1,-1,0,-1,-1,-1,0,-1,9,-1,6,3,-1,-1,1498,1,3,VOLKSWAGEN TIGUAN,-1,-1,0,-1
2024430505465,2024,430505465,2,9,0,18,19,0,0,0,0,0,0,0,1,11,-1,1,6,6,3,-1,-1,1498,1,3,VOLKSWAGEN TIGUAN,-1,-1,0,-1
2024101428598,2024,101428598,2,9,0,-1,4,6,2,-1,0,0,0,0,0,0,2,9,-1,6,2,41,7,1498,1,4,VOLKSWAGEN TIGUAN,10,E01027455,0,1
2024421490870,2024,421490870,2,9,0,-1,19,5,1,-1,0,0,0,0,0,0,2,1,-1,6,2,40,7,1498,1,1,VOLKSWAGEN TIGUAN,9,E01021481,0,1
2024421498818,2024,421498818,1,9,0,-1,19,5,1,-1,0,2,0,0,0,0,4,1,-1,9,1,71,10,1968,2,14,VOLKSWAGEN TIGUAN,8,E01022092,0,1
2024052401340,2024,052401340,2,9,0,17,19,5,1,0,0,3,0,0,0,0,3,1,6,6,2,46,8,1498,1,5,VOLKSWAGEN TIGUAN,1,E01025236,0,4
2024371505401,2024,371505401,2,9,0,-1,5,5,3,-1,0,1,0,0,0,0,1,1,-1,6,1,71,10,1968,2,9,VOLKSWAGEN TIGUAN,6,E01030020,0,2
2024010529206,2024,010529206,2,9,0,18,19,5,1,0,0,1,0,0,0,0,3,1,6,6,1,27,6,1968,2,9,VOLKSWAGEN TIGUAN,8,E01001965,0,2
2024461500345,2024,461500345,3,9,0,-1,4,3,7,-1,0,0,0,0,0,0,2,2,-1,9,1,33,6,1968,2,14,VOLKSWAGEN TIGUAN,6,E01024716,0,2
2024070971745,2024,070971745,2,9,0,-1,19,7,3,-1,0,0,0,0,0,0,3,1,-1,9,1,56,9,1395,1,7,VOLKSWAGEN TIGUAN,10,E01018675,0,2
2024401486278,2024,401486278,1,9,0,-1,19,7,3,-1,0,1,0,0,0,0,1,1,-1,6,2,36,7,1968,2,7,VOLKSWAGEN TIGUAN,3,E01015783,0,1
2024141467316,2024,141467316,1,9,0,-1,19,1,3,-1,9,1,0,0,0,0,3,1,-1,9,2,35,6,1968,2,15,VOLKSWAGEN TIGUAN,3,E01007591,0,3
2024031486757,2024,031486757,3,9,0,-1,19,3,7,-1,0,1,5,0,1,0,1,1,-1,1,2,41,7,1498,1,2,VOLKSWAGEN TIGUAN,8,E01024944,0,5
2024211470927,2024,211470927,3,9,0,-1,9,1,3,-1,0,1,0,0,0,0,1,2,-1,9,2,40,7,1968,2,11,VOLKSWAGEN TIGUAN,6,E01029733,0,2
2024010544234,2024,010544234,3,9,0,18,19,7,3,0,0,4,0,0,0,0,4,1,2,2,1,57,9,1395,8,2,VOLKSWAGEN TIGUAN,-1,-1,0,-1
2024461414802,2024,461414802,3,9,0,-1,19,7,3,-1,0,0,0,0,0,0,3,1,-1,2,1,51,8,1968,2,8,VOLKSWAGEN TIGUAN,9,E01032735,0,1
2024211451788,2024,211451788,2,9,0,-1,5,5,7,-1,0,1,0,0,0,0,4,9,-1,6,1,41,7,1968,2,5,VOLKSWAGEN TIGUAN,8,E01029435,0,1
2024201475630,2024,201475630,2,9,0,-1,19,6,2,-1,0,0,0,0,0,0,1,9,-1,6,1,23,5,1395,1,7,VOLKSWAGEN TIGUAN,6,E01008968,0,1
2024461476487,2024,461476487,1,9,0,-1,8,5,1,-1,0,1,0,0,0,0,1,1,-1,9,1,46,8,1498,1,5,VOLKSWAGEN TIGUAN,6,E01016167,0,4
2024201463008,2024,201463008,2,9,0,-1,19,6,2,-1,0,0,0,0,0,0,4,9,-1,9,1,58,9,1968,2,5,VOLKSWAGEN TIGUAN,9,E01004085,0,5
2024131421195,2024,131421195,1,9,0,-1,19,2,6,-1,0,8,0,0,0,0,4,1,-1,2,2,45,7,1498,1,2,VOLKSWAGEN TIGUAN,3,E01011085,0,1
2024031469031,2024,031469031,1,9,0,-1,19,4,5,-1,0,0,0,0,0,0,1,1,-1,1,2,-1,-1,1498,1,2,VOLKSWAGEN TIGUAN,8,E01019352,0,3
2024141408221,2024,141408221,1,9,0,-1,19,1,5,-1,0,0,0,0,0,0,4,1,-1,2,1,30,6,1968,2,6,VOLKSWAGEN TIGUAN,10,E01019794,0,2
2024052400486,2024,052400486,2,9,0,9,9,5,1,0,0,1,0,0,0,0,3,1,6,6,2,54,8,1968,2,8,VOLKSWAGEN TIGUAN,9,E01007264,0,1
2024440026093,2024,440026093,1,9,0,2,2,0,0,0,0,0,0,0,0,0,3,1,6,6,3,-1,-1,1968,2,13,VOLKSWAGEN TIGUAN,-1,-1,0,-1
2024122400514,2024,122400514,2,9,0,18,19,7,3,0,0,0,0,0,1,11,1,1,6,6,2,26,6,1968,2,6,VOLKSWAGEN TIGUAN,8,E01027783,0,3
2024501431846,2024,501431846,2,9,0,-1,9,6,4,-1,0,1,0,0,0,0,4,1,-1,9,2,40,7,1968,2,8,VOLKSWAGEN TIGUAN,4,E01018861,0,3
2024351467880,2024,351467880,1,9,-1,-1,-1,1,5,-1,-1,0,-1,-1,-1,0,-1,9,-1,6,3,-1,-1,1968,2,7,VOLKSWAGEN TIGUAN,-1,-1,0,-1
2024052400989,2024,052400989,2,9,0,3,3,5,1,0,0,1,0,0,0,0,2,1,6,6,1,61,9,1498,1,5,VOLKSWAGEN TIGUAN,9,E01007032,0,3
2024311520881,2024,311520881,1,9,0,-1,2,0,0,-1,0,0,0,0,0,0,2,1,-1,9,1,49,8,1968,2,1,VOLKSWAGEN TIGUAN,6,E01028283,0,1
2024201492579,2024,201492579,2,9,0,-1,19,6,2,-1,0,0,0,0,0,0,1,1,-1,6,1,44,7,1968,2,7,VOLKSWAGEN TIGUAN,2,E01010429,0,1
2024061460125,2024,061460125,1,9,0,-1,3,-1,-1,-1,0,1,0,0,0,0,2,1,-1,9,2,37,7,1968,2,7,VOLKSWAGEN TIGUAN,2,E01005369,0,1
2024010529532,2024,010529532,1,9,0,99,99,9,9,99,99,9,9,99,9,99,9,1,6,6,3,26,6,1968,2,9,VOLKSWAGEN TIGUAN,1,E01003506,0,3
2024421509151,2024,421509151,2,9,0,-1,2,0,0,-1,0,2,0,0,0,0,2,1,-1,6,1,43,7,1968,2,10,VOLKSWAGEN TIGUAN,-1,-1,0,-1
2024010515100,2024,010515100,3,9,0,18,19,2,6,0,0,1,0,0,0,0,2,1,6,6,1,51,8,1968,2,8,VOLKSWAGEN TIGUAN,10,E01000793,0,1
2024461420878,2024,461420878,1,9,0,-1,19,4,8,-1,0,4,5,0,0,0,1,1,-1,6,2,42,7,1498,1,2,VOLKSWAGEN TIGUAN,2,E01015938,0,3
2024430501091,2024,430501091,2,9,0,9,9,4,2,0,0,1,0,0,0,0,2,1,1,1,3,33,6,1968,2,6,VOLKSWAGEN TIGUAN,9,E01023197,0,4
2024070635998,2024,070635998,1,9,0,9,9,8,5,0,0,1,0,0,0,0,1,1,6,6,2,36,7,1498,1,2,VOLKSWAGEN TIGUAN,1,E01019761,0,2
2024631458190,2024,631458190,1,9,0,-1,19,5,1,-1,0,0,0,0,0,0,3,1,-1,9,1,70,10,1968,2,10,VOLKSWAGEN TIGUAN,7,W01000581,0,3
2024010530070,2024,010530070,4,9,0,3,3,7,3,0,0,4,0,0,0,0,2,1,6,6,2,63,9,1968,2,5,VOLKSWAGEN TIGUAN,8,E01001680,0,1
2024010506966,2024,010506966,2,9,0,18,19,1,5,0,0,1,0,0,0,0,3,1,6,6,2,34,6,1498,1,0,VOLKSWAGEN TIGUAN,4,E01000189,0,2
2024332401219,2024,332401219,1,9,0,-1,5,8,4,-1,0,0,0,0,0,0,1,1,-1,6,1,65,9,1498,8,0,VOLKSWAGEN TIGUAN,10,E01025783,0,2
2024401439812,2024,401439812,5,9,0,-1,2,0,0,-1,0,2,0,4,0,0,2,1,-1,6,-1,-1,-1,1968,2,6,VOLKSWAGEN TIGUAN,-1,-1,0,-1
2024131437989,2024,131437989,1,9,0,-1,19,3,7,-1,0,2,0,0,0,0,1,1,-1,2,2,25,5,1968,2,7,VOLKSWAGEN TIGUAN,1,E01010814,0,1
2024622400348,2024,622400348,1,9,0,18,19,2,6,0,0,0,0,0,0,0,1,1,6,6,2,41,7,1498,1,3,VOLKSWAGEN TIGUAN,2,W01000741,0,1
2024440031586,2024,440031586,1,9,0,9,9,8,5,0,0,1,0,0,0,0,1,1,6,6,1,74,10,1498,1,5,VOLKSWAGEN TIGUAN,4,E01017073,0,1
2024411515691,2024,411515691,2,9,0,-1,8,7,5,-1,0,0,0,0,0,0,1,1,-1,6,2,42,7,1984,1,4,VOLKSWAGEN TIGUAN,8,E01023907,0,1
2024430127635,2024,430127635,2,9,0,7,7,5,7,0,0,5,0,0,0,0,1,1,6,6,1,43,7,1498,1,1,VOLKSWAGEN TIGUAN,-1,-1,0,-1
2024201440501,2024,201440501,1,9,0,-1,7,4,6,-1,0,6,0,0,0,0,1,1,-1,9,1,47,8,1968,2,7,VOLKSWAGEN TIGUAN,5,E01009066,0,1
2024461526436,2024,461526436,2,9,0,-1,3,2,6,-1,0,0,0,0,1,3,2,1,-1,6,2,52,8,1968,2,6,VOLKSWAGEN TIGUAN,9,E01024256,0,2
2024531473623,2024,531473623,1,9,0,-1,19,5,1,-1,0,0,0,0,0,0,1,1,-1,9,1,73,10,1498,1,5,VOLKSWAGEN TIGUAN,5,E01014057,0,1
2024471508242,2024,471508242,1,9,0,-1,3,8,4,-1,0,1,0,0,0,0,2,1,-1,9,1,44,7,1968,2,3,VOLKSWAGEN TIGUAN,8,E01021069,0,1
2024421502582,2024,421502582,1,9,0,-1,19,2,6,-1,0,0,0,0,0,0,1,1,-1,7,2,34,6,1498,1,2,VOLKSWAGEN TIGUAN,8,E01021752,0,1
2024631396087,2024,631396087,1,9,0,-1,19,1,4,-1,0,1,0,0,0,0,1,1,-1,9,2,25,5,1968,2,6,VOLKSWAGEN TIGUAN,5,W01000599,0,1
2024451405978,2024,451405978,2,9,0,-1,19,3,7,-1,0,1,0,0,0,0,3,1,-1,9,2,33,6,1968,2,9,VOLKSWAGEN TIGUAN,9,E01030315,0,1
2024451400326,2024,451400326,1,9,0,-1,19,3,7,-1,0,1,0,0,0,0,1,1,-1,7,2,47,8,1968,2,5,VOLKSWAGEN TIGUAN,5,E01030569,0,1
2024340NN0982,2024,340NN0982,1,9,0,-1,19,1,5,-1,0,0,0,0,0,0,1,1,-1,9,1,18,4,1560,2,14,VOLVO C30,7,E01011707,0,5
2024161529996,2024,161529996,2,9,0,-1,19,1,5,-1,0,0,0,0,0,0,1,1,-1,6,2,34,6,1560,2,13,VOLVO C30,3,E01013192,0,1
2024531478926,2024,531478926,1,9,0,-1,11,5,5,-1,0,0,0,0,0,0,1,1,-1,2,1,60,9,1560,2,16,VOLVO C30,8,E01033850,0,4
2024061422453,2024,061422453,1,9,0,-1,19,2,6,-1,0,0,0,0,7,1,1,1,-1,6,1,28,6,1999,1,17,VOLVO C30,1,E01005733,0,2
2024421524118,2024,421524118,1,9,0,-1,19,2,6,-1,0,0,0,0,0,0,1,9,-1,6,1,25,5,1596,1,15,VOLVO C30,10,E01015914,0,2
2024201472467,2024,201472467,2,9,0,-1,9,4,2,-1,0,5,0,0,0,0,1,1,-1,6,1,26,6,1596,1,17,VOLVO C30,3,E01025308,0,5
2024991414761,2024,991414761,2,9,0,-1,19,6,2,-1,0,0,0,0,0,0,1,1,-1,9,1,69,10,1560,2,15,VOLVO C30,3,-1,0,3
2024122401013,2024,122401013,1,9,0,18,19,2,6,0,0,0,5,10,2,4,4,1,2,2,2,60,9,1560,2,11,VOLVO C30,6,E01027744,0,2
2024061419229,2024,061419229,2,9,-1,-1,-1,-1,-1,-1,-1,0,-1,-1,-1,0,-1,9,-1,6,1,-1,-1,2521,1,17,VOLVO C30,5,E01005507,0,2
2024501450781,2024,501450781,2,9,0,-1,19,3,7,-1,0,0,2,0,1,4,2,1,-1,9,2,70,10,1999,1,12,VOLVO C30,5,E01020070,0,4
2024122500017,2024,122500017,2,9,0,9,9,3,5,0,0,1,0,7,0,0,3,1,6,6,2,32,6,1560,2,15,VOLVO C30,5,E01027798,0,1
2024461400442,2024,461400442,1,9,0,-1,13,3,7,-1,0,0,1,0,0,0,1,9,-1,6,2,49,8,1596,1,14,VOLVO C30,5,E01024485,0,1
2024131531093,2024,131531093,1,9,0,-1,19,1,4,-1,0,1,0,0,0,0,1,1,-1,6,-1,-1,-1,1997,2,14,VOLVO C30,-1,-1,0,-1
2024631510573,2024,631510573,2,9,0,-1,19,7,3,-1,0,0,0,0,0,0,1,1,-1,2,2,24,5,1560,2,14,VOLVO C30,5,W01000452,0,4
2024991414354,2024,991414354,4,9,0,-1,4,3,6,-1,0,1,0,0,0,0,2,1,-1,2,2,43,7,1560,2,11,VOLVO C30,-1,-1,0,-1
2024131512689,2024,131512689,1,9,0,-1,11,2,6,-1,0,0,0,0,0,0,4,1,-1,6,3,-1,-1,1560,2,14,VOLVO C30,-1,-1,0,-1
2024430343596,2024,430343596,2,9,0,17,19,8,6,0,0,0,0,0,0,0,3,1,6,6,1,45,7,1560,2,15,VOLVO C30,-1,-1,0,-1
2024991399601,2024,991399601,1,9,0,-1,4,2,6,-1,0,3,0,4,0,0,1,1,-1,6,1,19,4,1598,1,14,VOLVO C30,-1,-1,0,-1
2024411484642,2024,411484642,1,9,0,-1,19,3,7,-1,0,0,0,0,0,0,1,1,-1,2,1,19,4,1596,1,15,VOLVO C30,6,E01023762,0,2
2024351516159,2024,351516159,2,9,0,-1,19,1,5,-1,0,0,0,0,0,0,1,1,-1,6,2,60,9,1560,2,15,VOLVO C30,9,E01018299,0,2
2024401513528,2024,401513528,1,9,0,-1,19,3,7,-1,0,0,0,0,0,0,1,1,-1,6,1,70,10,1999,1,12,VOLVO C30,-1,-1,0,-1