collision_index,collision_year,collision_ref_no,vehicle_reference,vehicle_type,towing_and_articulation,vehicle_manoeuvre_historic,vehicle_manoeuvre,vehicle_direction_from,vehicle_direction_to,vehicle_location_restricted_lane_historic,vehicle_location_restricted_lane,junction_location,skidding_and_overturning,hit_object_in_carriageway,vehicle_leaving_carriageway,hit_object_off_carriageway,first_point_of_impact,vehicle_left_hand_drive,journey_purpose_of_driver_historic,journey_purpose_of_driver,sex_of_driver,age_of_driver,age_band_of_driver,engine_capacity_cc,propulsion_code,age_of_vehicle,generic_make_model,driver_imd_decile,lsoa_of_driver,escooter_flag,driver_distance_banding
202460Q110460,2024,60Q110460,1,9,0,9,9,6,2,0,0,1,0,0,0,0,3,1,6,6,1,18,4,1560,2,17,VOLVO C30,-1,-1,0,-1
202460Q089558,2024,60Q089558,3,9,0,18,19,1,5,0,0,0,1,0,0,0,1,1,6,6,1,74,10,1596,1,17,VOLVO C30,-1,-1,0,-1
2024101407262,2024,101407262,2,9,0,-1,9,7,5,-1,0,6,0,0,0,0,3,1,-1,9,1,39,7,1560,2,12,VOLVO C30,4,E01008496,0,1
2024440531295,2024,440531295,1,9,0,4,4,7,3,0,0,1,0,0,0,0,1,1,6,6,2,66,10,1560,2,14,VOLVO C30,5,E01017124,0,1
2024340WN6952,2024,340WN6952,1,9,0,-1,19,7,3,-1,0,0,0,0,0,0,1,1,-1,2,1,42,7,1560,2,13,VOLVO C30,9,E01027074,0,3
2024440074815,2024,440074815,2,9,0,4,4,2,6,0,0,2,0,0,0,0,2,1,6,6,2,58,9,1997,2,15,VOLVO C30,-1,-1,0,-1
2024010548926,2024,010548926,1,9,0,99,99,9,9,99,99,9,9,99,9,99,3,1,6,6,1,38,7,1999,1,16,VOLVO C30,9,E01004281,0,1
2024991456000,2024,991456000,1,9,0,-1,19,5,7,-1,0,0,0,0,0,0,1,1,-1,6,2,18,4,1984,2,13,VOLVO C30,8,-1,0,1
2024211464019,2024,211464019,1,9,0,-1,19,3,7,-1,0,1,0,0,0,0,4,1,-1,2,2,43,7,2435,1,16,VOLVO C30,-1,-1,0,-1
2024221479683,2024,221479683,1,9,0,-1,19,8,4,-1,0,8,0,0,0,0,1,1,-1,6,2,33,6,1596,1,14,VOLVO C30,2,E01014047,0,4
2024991431301,2024,991431301,1,9,0,-1,19,8,4,-1,0,0,0,0,0,0,4,1,-1,9,-1,24,5,1596,1,16,VOLVO C30,-1,-1,0,-1
2024122400749,2024,122400749,2,9,0,18,19,3,7,0,0,1,0,0,0,0,1,1,6,6,1,43,7,1998,2,17,VOLVO C30,9,E01027900,0,1
2024061458227,2024,061458227,2,9,0,-1,2,7,7,-1,0,2,0,0,0,0,2,1,-1,6,-1,-1,-1,1560,2,14,VOLVO C30,-1,-1,0,-1
2024010502274,2024,010502274,2,9,0,18,19,5,1,0,0,0,0,0,0,0,1,1,6,6,2,38,7,2435,1,17,VOLVO C30,3,E01033924,0,4
2024221504011,2024,221504011,1,9,0,-1,19,1,5,-1,0,0,0,0,0,0,1,9,-1,6,2,30,6,1997,2,14,VOLVO C30,3,E01014010,0,2
2024361393714,2024,361393714,1,9,0,-1,9,1,3,-1,0,1,0,0,0,0,1,1,-1,2,2,60,9,1596,1,14,VOLVO C30,4,E01026806,0,1
2024501475354,2024,501475354,1,9,0,-1,19,1,5,-1,0,0,1,4,0,0,1,1,-1,6,1,20,4,1560,2,14,VOLVO C30,5,E01015237,0,1
202460Q117212,2024,60Q117212,1,9,0,18,19,7,3,0,0,0,0,0,0,0,1,1,6,6,1,33,6,1560,2,14,VOLVO C30,-1,-1,0,-1
2024332400617,2024,332400617,2,9,0,-1,19,7,3,-1,0,8,0,0,0,0,1,1,-1,9,1,50,8,1997,2,14,VOLVO C30,9,E01025640,0,2
202417L307224,2024,17L307224,1,9,0,-1,19,7,3,-1,0,8,0,0,0,0,3,1,-1,9,2,32,6,1560,2,13,VOLVO C30,2,E01012101,0,1
2024471501002,2024,471501002,1,9,0,-1,19,4,8,-1,0,1,0,0,0,0,1,1,-1,2,2,60,9,1596,1,14,VOLVO C30,5,E01021084,0,2
2024010510846,2024,010510846,1,9,0,7,7,5,7,0,0,1,0,0,0,0,1,1,6,6,1,63,9,1596,1,16,VOLVO C30,3,E01001449,0,1
2024131505670,2024,131505670,1,9,0,-1,19,5,3,-1,0,0,0,0,0,0,1,1,-1,6,1,33,6,1560,2,15,VOLVO C30,1,E01011838,0,1
2024010509617,2024,010509617,2,9,0,99,99,9,9,99,99,6,9,99,9,99,9,9,6,6,3,-1,-1,1999,1,12,VOLVO C30,-1,-1,0,-1
2024991486590,2024,991486590,1,9,0,-1,6,3,7,-1,0,0,0,0,0,0,1,1,-1,6,1,22,5,1999,1,16,VOLVO C30,3,-1,0,1
2024141511644,2024,141511644,2,9,0,-1,2,0,0,-1,9,0,0,0,0,0,4,1,-1,6,-1,-1,-1,1999,1,13,VOLVO C30,-1,-1,0,-1
2024522403248,2024,522403248,1,9,0,4,4,5,1,0,0,0,0,0,0,0,2,1,6,6,1,21,5,1560,2,13,VOLVO C30,10,E01014616,0,4
2024991530490,2024,991530490,2,9,0,-1,19,3,7,-1,0,3,0,0,0,0,3,2,-1,9,1,37,7,1560,2,15,VOLVO C30,7,-1,0,3
2024231486425,2024,231486425,2,9,0,-1,19,6,2,-1,0,8,0,0,0,0,1,9,-1,6,1,39,7,1984,2,13,VOLVO C30,6,E01031033,0,1
2024471530978,2024,471530978,1,9,0,-1,19,2,6,-1,0,0,0,0,0,0,3,1,-1,2,1,48,8,1560,2,14,VOLVO C30,5,E01021133,0,2
2024471400783,2024,471400783,1,9,0,-1,19,3,7,-1,0,4,0,0,0,0,1,1,-1,9,1,47,8,3993,1,8,-1,5,E01030814,0,4
2024501457533,2024,501457533,1,9,0,-1,13,1,5,-1,0,0,5,10,1,4,1,1,-1,9,1,31,6,3996,1,4,-1,8,E01020240,0,1
2024501471372,2024,501471372,1,9,0,-1,19,3,7,-1,0,0,0,0,0,0,1,1,-1,9,1,35,6,3996,1,1,-1,9,E01015697,0,5
2024211428765,2024,211428765,1,9,0,-1,19,4,4,-1,0,0,0,0,0,0,1,1,-1,6,1,51,8,3993,1,10,-1,6,E01014299,0,1
2024061429397,2024,061429397,2,9,9,-1,1,-1,-1,-1,0,0,0,0,0,0,1,1,-1,6,3,-1,-1,3993,1,9,-1,-1,-1,0,-1
2024421402694,2024,421402694,3,9,0,-1,4,2,6,-1,0,0,0,0,0,0,2,1,-1,2,1,55,8,1995,2,7,BMW 4 SERIES,3,E01021974,0,4
2024101418677,2024,101418677,1,9,0,-1,1,8,4,-1,0,0,0,0,0,0,4,9,-1,6,1,30,6,2993,2,9,BMW 4 SERIES,-1,-1,0,-1
2024010540532,2024,010540532,1,9,0,7,7,5,7,0,0,8,0,0,0,0,4,1,6,6,1,30,6,1998,1,0,BMW 4 SERIES,5,E01004733,0,1
2024122401212,2024,122401212,2,9,0,18,19,7,3,0,0,0,0,0,0,0,2,1,6,6,1,37,7,2993,2,5,BMW 4 SERIES,9,E01027882,0,2
2024461399798,2024,461399798,3,9,0,-1,3,7,3,-1,0,0,0,0,0,0,2,9,-1,6,2,-1,-1,1995,-1,2,BMW 4 SERIES,-1,-1,0,-1
2024991501290,2024,991501290,2,9,0,-1,19,3,7,-1,0,0,0,0,0,0,2,1,-1,9,1,54,8,2993,2,8,BMW 4 SERIES,3,-1,0,1
2024430085633,2024,430085633,3,9,0,18,19,1,5,0,0,0,0,0,1,0,1,1,6,6,1,33,6,1995,2,10,BMW 4 SERIES,10,E01016290,0,4
2024201491480,2024,201491480,1,9,0,-1,4,2,6,-1,0,0,0,0,0,0,1,1,-1,9,2,39,7,1995,2,9,BMW 4 SERIES,4,E01009187,0,1
2024421523380,2024,421523380,1,9,0,-1,6,1,3,-1,0,0,0,0,0,0,3,1,-1,6,1,63,9,1995,2,9,BMW 4 SERIES,8,E01015920,0,1
2024010543504,2024,010543504,2,9,0,18,19,3,7,0,0,8,0,0,0,0,1,1,6,6,1,29,6,1995,2,7,BMW 4 SERIES,1,E01000221,0,3
2024231454614,2024,231454614,2,9,0,-1,19,5,2,-1,0,0,0,0,0,0,1,1,-1,6,1,48,8,1995,2,6,BMW 4 SERIES,3,E01034738,0,2
2024061488034,2024,061488034,3,9,0,-1,99,3,7,-1,99,0,0,0,0,0,4,1,-1,9,2,24,5,1995,2,9,BMW 4 SERIES,4,E01002447,0,5
2024421426867,2024,421426867,2,9,0,-1,9,7,3,-1,0,8,0,0,0,0,1,1,-1,2,1,36,7,1998,1,2,BMW 4 SERIES,5,E01035169,0,1
2024401507140,2024,401507140,2,9,0,-1,19,8,4,-1,0,0,0,0,0,0,1,1,-1,6,1,60,9,1995,12,3,BMW 4 SERIES,7,E01015803,0,1
2024131531380,2024,131531380,1,9,0,-1,19,5,1,-1,0,0,0,0,0,0,1,2,-1,9,2,69,10,1998,1,4,BMW 4 SERIES,-1,-1,0,-1
2024041397250,2024,041397250,1,9,0,-1,19,1,5,-1,0,0,0,0,0,0,1,1,-1,2,1,57,9,1997,1,10,BMW 4 SERIES,1,E01012704,0,2
2024010538917,2024,010538917,1,9,0,99,99,9,9,99,99,9,9,99,9,99,2,9,6,6,1,47,8,1998,1,5,BMW 4 SERIES,3,E01000046,0,1
2024010512007,2024,010512007,2,9,0,2,2,0,0,9,9,8,0,4,0,0,4,1,6,6,3,-1,-1,1998,1,4,BMW 4 SERIES,-1,-1,0,-1
2024421454078,2024,421454078,1,9,0,-1,19,5,1,-1,0,0,0,0,0,0,1,1,-1,9,1,21,5,1995,2,9,BMW 4 SERIES,10,E01021612,0,1
2024201474174,2024,201474174,1,9,0,-1,19,6,2,-1,0,8,0,0,0,0,1,9,-1,6,1,-1,-1,2993,2,8,BMW 4 SERIES,-1,-1,0,-1
2024122400268,2024,122400268,1,9,0,13,13,7,3,0,0,0,2,11,1,0,4,1,6,6,1,26,6,1997,1,9,BMW 4 SERIES,5,E01006256,0,4
2024401438246,2024,401438246,1,9,0,-1,19,8,4,-1,-1,0,0,0,0,0,1,1,-1,6,2,39,7,2993,2,6,BMW 4 SERIES,9,E01017585,0,1
2024430543088,2024,430543088,2,9,0,18,19,8,4,0,0,8,0,0,0,0,1,1,6,6,1,47,8,2993,2,8,BMW 4 SERIES,9,E01028817,0,4
2024010540939,2024,010540939,1,9,0,10,10,5,4,0,0,6,0,0,0,0,1,1,6,6,1,41,7,1997,1,10,BMW 4 SERIES,10,E01017777,0,4
2024421470381,2024,421470381,1,9,0,-1,1,5,1,-1,0,2,0,0,0,0,3,1,-1,9,1,32,6,1998,1,8,BMW 4 SERIES,8,E01015823,0,1
2024141499894,2024,141499894,2,9,0,-1,5,1,5,-1,0,4,0,0,0,0,1,9,-1,6,3,-1,-1,1998,1,0,BMW 4 SERIES,-1,-1,0,-1
2024421402705,2024,421402705,2,9,0,-1,3,6,2,-1,0,0,0,0,0,0,2,1,-1,9,2,37,7,1998,1,6,BMW 4 SERIES,8,E01034363,0,1
2024010511827,2024,010511827,1,9,0,99,99,9,9,99,99,9,9,99,9,99,2,9,6,6,1,28,6,1995,2,10,BMW 4 SERIES,4,E01024296,0,4
2024501457003,2024,501457003,1,9,0,-1,19,3,7,-1,0,0,0,0,0,0,2,1,-1,1,1,59,9,1998,1,3,BMW 4 SERIES,3,E01014811,0,5
2024010537415,2024,010537415,2,9,0,99,99,9,9,99,99,9,9,99,9,99,1,9,6,6,1,52,8,1997,1,9,BMW 4 SERIES,7,E01002197,0,1
2024631511040,2024,631511040,1,9,0,-1,19,5,8,-1,0,0,0,0,0,0,3,1,-1,6,2,33,6,2993,2,7,BMW 4 SERIES,5,W01000509,0,2
2024421441342,2024,421441342,1,9,0,-1,5,1,5,-1,0,1,1,0,7,0,1,1,-1,6,-1,-1,-1,2979,1,10,BMW 4 SERIES,-1,-1,0,-1
2024010513795,2024,010513795,2,9,0,18,19,3,7,0,0,8,0,0,0,0,4,1,6,6,1,57,9,1995,2,8,BMW 4 SERIES,4,E01001397,0,1
2024351411473,2024,351411473,1,9,0,-1,19,-1,-1,-1,0,4,0,0,0,0,1,9,-1,6,1,23,5,1998,1,8,BMW 4 SERIES,8,E01026035,0,4
2024010510269,2024,010510269,1,9,0,5,5,3,7,0,0,1,0,0,0,0,0,1,3,7,2,45,7,2993,2,6,BMW 4 SERIES,8,E01001062,0,1
2024421530489,2024,421530489,1,9,0,-1,19,5,7,-1,0,0,0,0,0,0,3,1,-1,9,1,28,6,1995,2,9,BMW 4 SERIES,7,E01035167,0,1
2024542037824,2024,542037824,1,9,0,13,13,6,2,0,0,0,1,0,1,0,1,1,2,2,1,24,5,1998,1,5,BMW 4 SERIES,9,E01029207,0,4
2024461409724,2024,461409724,2,9,0,-1,4,7,3,-1,0,0,0,0,0,0,2,9,-1,9,1,52,8,1998,1,3,BMW 4 SERIES,6,E01024736,0,3
2024010512195,2024,010512195,2,9,0,5,5,1,5,0,0,4,0,0,0,0,1,1,6,6,1,59,9,1995,2,9,BMW 4 SERIES,2,E01033587,0,1
2024010501925,2024,010501925,2,9,0,99,99,9,9,99,99,9,9,99,9,99,9,9,6,6,3,-1,-1,1998,1,3,BMW 4 SERIES,-1,-1,0,-1
2024371463804,2024,371463804,1,9,0,-1,19,-1,-1,-1,0,0,0,0,0,0,4,1,-1,6,1,32,6,1995,2,7,BMW 4 SERIES,8,E01029890,0,1
2024201439287,2024,201439287,1,8,0,-1,15,4,8,-1,0,1,0,0,0,0,1,9,-1,6,1,47,8,-1,-1,-1,BMW 4 SERIES,2,E01008883,0,2
2024010500494,2024,010500494,2,9,0,1,1,9,9,99,99,9,9,99,9,99,1,9,6,6,3,-1,-1,1995,2,9,BMW 4 SERIES,-1,-1,0,-1
2024010546412,2024,010546412,1,9,0,99,99,9,9,99,99,9,9,99,9,99,9,9,6,6,1,35,6,1995,2,9,BMW 4 SERIES,2,E01015716,0,4
2024320043902,2024,320043902,4,9,0,-1,-1,6,2,0,0,0,0,0,0,0,2,1,6,6,2,45,7,1995,2,8,BMW 4 SERIES,-1,-1,0,-1
2024552400426,2024,552400426,3,9,0,2,2,0,0,0,0,1,0,0,0,0,3,1,6,6,1,35,6,2993,2,8,BMW 4 SERIES,3,E01015426,0,1
2024421528764,2024,421528764,1,9,0,-1,19,2,6,-1,0,0,0,0,7,0,1,1,-1,6,1,23,5,1998,1,2,BMW 4 SERIES,-1,-1,0,-1
2024610029624,2024,610029624,1,9,0,16,19,5,8,0,0,0,1,0,7,11,2,1,6,6,1,24,5,1995,2,10,BMW 4 SERIES,8,W01001392,0,2
2024010501943,2024,010501943,2,9,0,7,7,1,3,0,0,1,0,0,0,0,0,1,6,6,1,22,5,1998,1,4,BMW 4 SERIES,6,E01000140,0,2
2024010504488,2024,010504488,3,9,0,2,2,0,0,0,0,0,0,0,0,0,4,1,6,6,3,-1,-1,1995,2,9,BMW 4 SERIES,-1,-1,0,-1
2024361459958,2024,361459958,2,9,0,-1,4,7,3,-1,0,0,0,0,0,0,2,1,-1,6,1,45,7,1995,2,5,BMW 4 SERIES,7,E01026545,0,1
2024201524397,2024,201524397,2,9,0,-1,2,0,0,-1,0,0,0,0,0,0,1,1,-1,6,-1,-1,-1,1995,2,6,BMW 4 SERIES,-1,-1,0,-1
2024201523144,2024,201523144,2,9,0,-1,19,1,3,-1,0,8,0,0,0,0,3,1,-1,6,1,29,6,1995,2,10,BMW 4 SERIES,9,E01009665,0,1
2024010497974,2024,010497974,1,9,0,9,9,5,3,0,0,6,0,0,0,0,1,1,1,1,1,40,7,1997,1,9,BMW 4 SERIES,2,E01003300,0,1
2024111406667,2024,111406667,1,9,0,-1,8,8,4,-1,0,1,0,0,0,0,1,1,-1,6,2,42,7,1995,2,8,BMW 4 SERIES,3,E01020801,0,1
2024061498822,2024,061498822,2,9,9,-1,19,7,3,-1,0,0,0,0,0,0,2,1,-1,6,2,38,7,1995,2,8,BMW 4 SERIES,4,E01005629,0,1
2024010529133,2024,010529133,1,9,0,15,15,5,1,2,2,8,0,0,0,0,1,1,6,6,1,22,5,1998,1,5,BMW 4 SERIES,2,E01001130,0,3
2024471505987,2024,471505987,2,9,0,-1,2,0,0,-1,9,0,0,0,0,0,2,1,-1,6,-1,-1,-1,2993,2,9,BMW 4 SERIES,-1,-1,0,-1
2024010516075,2024,010516075,3,9,0,2,2,0,0,6,6,0,0,4,0,0,2,1,6,6,3,-1,-1,1995,2,9,BMW 4 SERIES,-1,-1,0,-1
2024010525835,2024,010525835,2,9,0,18,19,5,1,0,0,1,0,0,0,0,1,1,6,6,1,25,5,1998,1,5,BMW 4 SERIES,9,E01017807,0,4
2024361536636,2024,361536636,1,9,0,-1,19,4,8,-1,0,0,0,0,0,0,1,1,-1,6,1,53,8,2993,2,8,BMW 4 SERIES,5,E01026430,0,2
2024131515175,2024,131515175,2,9,0,-1,19,1,5,-1,0,0,0,0,0,0,3,1,-1,9,1,57,9,1995,2,4,BMW 4 SERIES,2,E01011815,0,1
2024161423299,2024,161423299,2,9,0,-1,4,7,3,-1,0,1,0,0,0,0,2,1,-1,9,1,58,9,1995,2,10,BMW 4 SERIES,10,E01013116,0,1
2024101524002,2024,101524002,2,9,0,-1,9,1,6,-1,0,8,0,0,0,0,1,1,-1,9,1,25,5,1995,2,9,BMW 4 SERIES,1,E01027429,0,1
2024461468869,2024,461468869,2,9,0,-1,19,8,4,-1,0,0,1,0,0,0,2,9,-1,9,2,48,8,1998,1,0,BMW 4 SERIES,7,E01021350,0,4
2024471477089,2024,471477089,1,9,0,-1,9,4,3,-1,0,5,0,0,0,0,1,1,-1,9,2,52,8,1998,1,4,BMW 4 SERIES,5,E01021133,0,2
2024552400414,2024,552400414,2,9,0,18,19,1,5,0,0,0,0,0,0,0,2,1,6,6,1,46,8,1995,2,4,BMW 4 SERIES,9,E01015322,0,2
2024501532955,2024,501532955,1,9,0,-1,5,4,8,-1,0,1,0,4,3,0,1,1,-1,6,1,34,6,1995,2,10,BMW 4 SERIES,1,E01015058,0,1
2024010520756,2024,010520756,1,9,0,99,99,9,9,99,99,9,9,99,9,99,2,9,6,6,1,25,5,1995,2,7,BMW 4 SERIES,2,E01033879,0,1
2024010533458,2024,010533458,2,9,0,99,99,9,9,99,99,9,9,99,9,99,9,9,2,2,1,26,6,1998,1,7,BMW 4 SERIES,9,E01002270,0,2
2024010516070,2024,010516070,1,9,0,99,99,9,9,99,99,9,9,99,9,99,9,9,2,2,1,25,5,1998,1,8,BMW 4 SERIES,7,E01000250,0,2
2024340NN2532,2024,340NN2532,1,9,0,-1,19,5,1,-1,2,0,0,0,0,0,4,1,-1,6,1,28,6,1995,-1,2,BMW 4 SERIES,7,E01027321,0,1
2024010549189,2024,010549189,1,9,0,18,19,7,3,0,0,1,0,0,0,0,1,2,6,6,1,35,6,1995,2,10,BMW 4 SERIES,7,E01000165,0,2
2024320172387,2024,320172387,1,9,0,9,9,6,4,0,0,6,0,0,0,0,4,1,-1,-1,1,44,7,1995,2,7,BMW 4 SERIES,7,E01008006,0,4
2024411543001,2024,411543001,1,9,0,-1,9,5,3,-1,0,6,0,0,0,0,1,1,-1,6,1,33,6,1998,1,0,BMW 4 SERIES,9,E01023674,0,1
2024010534737,2024,010534737,1,9,0,18,19,3,7,0,0,1,0,0,0,0,1,2,6,6,1,22,5,1998,1,3,BMW 4 SERIES,7,E01023341,0,4
2024010515732,2024,010515732,1,9,0,2,2,0,0,0,0,1,0,0,0,0,0,1,6,6,3,-1,-1,1995,2,8,BMW 4 SERIES,-1,-1,0,-1
2024430341707,2024,430341707,2,9,0,18,19,8,4,0,0,1,0,0,0,0,1,1,6,6,1,-1,-1,2993,2,8,BMW 4 SERIES,-1,-1,0,-1
2024201447126,2024,201447126,2,9,0,-1,5,7,3,-1,0,8,0,0,0,0,1,1,-1,2,1,44,7,1995,2,7,BMW 4 SERIES,10,E01032433,0,3
2024430183415,2024,430183415,1,9,0,3,3,2,6,0,0,0,0,0,0,0,2,1,6,6,1,33,6,1995,2,5,BMW 4 SERIES,10,E01017876,0,1
2024371500457,2024,371500457,1,9,0,-1,19,1,5,-1,0,0,0,0,4,1,1,1,-1,9,1,46,8,2993,2,10,BMW 4 SERIES,3,E01026621,0,2
2024991464259,2024,991464259,1,9,0,-1,7,1,3,-1,0,2,0,0,0,0,1,1,-1,6,2,30,6,1998,1,2,BMW 4 SERIES,10,-1,0,1
2024231451958,2024,231451958,4,9,0,-1,20,0,0,-1,0,0,0,0,0,0,3,9,-1,6,1,46,8,1995,2,9,BMW 4 SERIES,6,E01031048,0,1
2024010524454,2024,010524454,1,9,0,7,7,4,7,0,0,0,0,0,3,0,1,2,6,6,1,28,6,1998,1,3,BMW 4 SERIES,4,E01002862,0,1
2024552500042,2024,552500042,1,9,0,18,19,8,4,0,0,0,0,0,0,0,1,1,6,6,1,35,6,2993,2,10,BMW 4 SERIES,2,E01015367,0,1
2024340WN3352,2024,340WN3352,2,9,0,-1,19,3,7,-1,0,0,0,0,0,0,1,1,-1,6,1,58,9,1995,2,8,BMW 4 SERIES,4,E01031980,0,5
2024211480467,2024,211480467,1,9,0,-1,6,1,5,-1,0,3,0,0,0,0,3,1,-1,9,1,64,9,1998,1,6,BMW 4 SERIES,-1,-1,0,-1
2024351528038,2024,351528038,1,9,0,-1,19,3,7,-1,0,0,1,0,0,0,1,1,-1,1,1,29,6,1995,2,9,BMW 4 SERIES,7,E01015678,0,2
2024010498991,2024,010498991,3,9,0,18,19,7,3,0,0,1,1,0,1,3,1,1,6,6,3,-1,-1,1995,12,3,BMW 4 SERIES,-1,-1,0,-1
2024302401532,2024,302401532,3,9,0,18,19,5,1,0,0,8,0,0,0,0,1,1,3,7,2,36,7,1995,2,10,BMW 4 SERIES,6,E01019815,0,1
2024622400516,2024,622400516,1,9,0,1,1,3,7,0,0,1,0,0,0,0,2,1,6,6,1,41,7,1998,1,3,BMW 4 SERIES,10,W01001914,0,2
2024451421780,2024,451421780,1,9,0,-1,9,6,1,-1,0,1,0,0,7,0,4,1,-1,6,1,23,5,1995,2,10,BMW 4 SERIES,9,E01023094,0,1
2024311416709,2024,311416709,1,9,0,-1,9,8,4,-1,0,6,0,0,0,0,1,1,-1,1,2,55,8,1998,1,5,BMW 4 SERIES,2,E01019453,0,1
2024440085920,2024,440085920,2,9,0,9,9,8,6,0,0,8,0,0,0,0,4,1,2,2,1,60,9,1997,1,10,BMW 4 SERIES,9,E01028754,0,4
2024320022517,2024,320022517,1,9,0,9,9,8,6,0,0,6,1,0,8,1,3,1,6,6,2,37,7,1995,2,9,BMW 4 SERIES,8,E01032994,0,1
2024041458910,2024,041458910,1,9,0,-1,19,5,1,-1,0,0,0,4,0,0,3,1,-1,9,2,37,7,2993,2,10,BMW 4 SERIES,8,E01006403,0,1
2024010510148,2024,010510148,5,9,0,2,2,0,0,6,6,0,0,0,0,0,2,1,6,6,3,-1,-1,1995,2,7,BMW 4 SERIES,-1,-1,0,-1
2024010541689,2024,010541689,2,9,0,17,19,5,3,0,0,1,0,0,0,0,1,1,6,6,1,33,6,1998,1,6,BMW 4 SERIES,7,E01023335,0,1
2024010543116,2024,010543116,1,9,0,4,4,7,3,0,0,2,0,0,0,0,2,1,6,6,1,31,6,1995,2,7,BMW 4 SERIES,10,E01033613,0,4
2024010547068,2024,010547068,2,9,9,99,99,9,9,99,99,9,9,99,9,99,9,9,6,6,3,-1,-1,1995,2,9,BMW 4 SERIES,-1,-1,0,-1
2024010514799,2024,010514799,2,9,0,18,19,1,5,0,0,2,0,0,0,0,1,1,6,6,1,24,5,1998,1,7,BMW 4 SERIES,7,E01004192,0,1
2024010540198,2024,010540198,2,9,0,99,99,9,9,99,99,0,9,99,9,99,1,9,6,6,3,-1,-1,1997,1,9,BMW 4 SERIES,-1,-1,0,-1
2024010502443,2024,010502443,6,9,0,2,2,0,0,0,0,1,0,0,0,0,1,1,6,6,3,-1,-1,1998,1,3,BMW 4 SERIES,-1,-1,0,-1
2024010511202,2024,010511202,2,9,0,18,19,1,5,0,0,2,0,0,0,0,1,1,6,6,1,34,6,1997,1,10,BMW 4 SERIES,2,E01002003,0,1
2024351519997,2024,351519997,1,9,0,-1,19,1,4,-1,0,1,0,0,0,0,1,1,-1,6,1,21,5,1995,2,9,BMW 4 SERIES,6,E01015651,0,1
2024052400181,2024,052400181,1,9,0,7,7,4,6,0,0,8,0,0,0,0,1,1,6,6,1,-1,-1,1995,2,7,BMW 4 SERIES,-1,-1,0,-1
2024010529117,2024,010529117,1,9,0,18,19,7,3,0,0,1,1,0,0,0,1,1,6,6,3,-1,-1,1998,1,6,BMW 4 SERIES,-1,-1,0,-1
2024332401257,2024,332401257,1,9,0,-1,19,1,5,-1,0,0,0,0,0,0,1,1,-1,9,1,59,9,1995,2,10,BMW 4 SERIES,3,E01002540,0,5
2024302400085,2024,302400085,2,9,0,4,4,6,2,0,0,0,0,0,0,0,2,1,6,6,1,22,5,2993,2,8,BMW 4 SERIES,2,E01009988,0,4
2024010508490,2024,010508490,1,9,0,7,7,7,1,0,0,5,0,0,0,0,1,1,6,6,3,-1,-1,1998,1,6,BMW 4 SERIES,-1,-1,0,-1
2024201439238,2024,201439238,1,9,0,-1,9,1,7,-1,0,6,0,0,0,0,1,1,-1,9,1,41,7,2993,2,7,BMW 4 SERIES,5,E01009689,0,4
2024010516989,2024,010516989,1,9,0,18,19,3,7,0,0,0,0,4,0,0,1,1,6,6,1,61,9,1995,2,5,BMW 4 SERIES,2,E01033485,0,1
2024622400376,2024,622400376,1,9,0,18,19,2,6,0,0,1,5,0,0,0,1,1,6,6,1,29,6,1995,2,9,BMW 4 SERIES,5,W01000980,0,1
2024421471855,2024,421471855,2,9,0,-1,19,6,2,-1,0,0,0,0,1,0,3,1,-1,9,2,37,7,1997,1,8,BMW 4 SERIES,9,E01022063,0,1
2024010545203,2024,010545203,1,9,0,4,4,7,3,0,0,1,0,0,0,0,1,1,2,2,1,29,6,1997,1,9,BMW 4 SERIES,5,E01001344,0,3
2024010525404,2024,010525404,1,9,0,99,99,9,9,99,99,9,9,99,9,99,9,9,6,6,1,28,6,1995,2,8,BMW 4 SERIES,4,E01003722,0,2
2024201445028,2024,201445028,1,9,0,-1,9,8,6,-1,0,6,0,0,0,0,1,1,-1,7,1,42,7,1995,2,8,BMW 4 SERIES,2,E01010097,0,1
2024201461814,2024,201461814,3,9,0,-1,19,8,4,-1,0,0,0,0,0,0,2,1,-1,6,1,34,6,1995,2,9,BMW 4 SERIES,3,E01010018,0,3
2024401460385,2024,401460385,1,9,0,-1,9,3,1,-1,0,3,0,0,0,0,1,1,-1,9,1,40,7,1998,1,6,BMW 4 SERIES,5,E01015762,0,2
2024201433746,2024,201433746,1,9,0,-1,19,7,2,-1,0,0,0,0,0,0,4,1,-1,2,2,27,6,1998,1,6,BMW 4 SERIES,1,E01009298,0,2
2024451493827,2024,451493827,2,9,9,-1,19,6,2,-1,0,0,0,0,0,0,1,1,-1,6,3,40,7,1997,1,9,BMW 4 SERIES,-1,-1,0,-1
2024361411367,2024,361411367,1,9,0,-1,19,2,6,-1,0,0,1,10,0,0,1,1,-1,9,1,29,6,1995,2,8,BMW 4 SERIES,-1,-1,0,-1
2024311413549,2024,311413549,2,9,0,-1,4,5,1,-1,0,0,0,0,0,0,1,1,-1,6,1,42,7,1995,2,8,BMW 4 SERIES,-1,-1,0,-1
2024201464409,2024,201464409,1,9,0,-1,19,4,8,-1,0,0,0,10,1,11,1,1,-1,9,2,22,5,1998,1,6,BMW 4 SERIES,2,E01010021,0,1
2024440557437,2024,440557437,1,9,0,18,19,1,5,0,0,1,0,0,0,0,1,1,6,6,1,51,8,1998,1,5,BMW 4 SERIES,10,E01032854,0,1
2024061422418,2024,061422418,2,9,0,-1,3,-1,-1,-1,0,0,0,0,0,0,1,9,-1,6,1,30,6,1995,2,5,BMW 4 SERIES,1,E01005905,0,3