collision_index,collision_year,collision_ref_no,vehicle_reference,vehicle_type,towing_and_articulation,vehicle_manoeuvre_historic,vehicle_manoeuvre,vehicle_direction_from,vehicle_direction_to,vehicle_location_restricted_lane_historic,vehicle_location_restricted_lane,junction_location,skidding_and_overturning,hit_object_in_carriageway,vehicle_leaving_carriageway,hit_object_off_carriageway,first_point_of_impact,vehicle_left_hand_drive,journey_purpose_of_driver_historic,journey_purpose_of_driver,sex_of_driver,age_of_driver,age_band_of_driver,engine_capacity_cc,propulsion_code,age_of_vehicle,generic_make_model,driver_imd_decile,lsoa_of_driver,escooter_flag,driver_distance_banding
2024451457946,2024,451457946,2,9,0,-1,19,5,1,-1,0,0,0,0,0,0,1,1,-1,6,2,52,8,1998,1,6,BMW 4 SERIES,6,E01030515,0,1
2024010499002,2024,010499002,3,9,0,99,99,9,9,0,0,9,0,0,9,99,9,9,6,6,3,-1,-1,1995,2,9,BMW 4 SERIES,-1,-1,0,-1
2024471478193,2024,471478193,1,9,0,-1,19,6,3,-1,0,1,1,0,0,0,3,1,-1,6,1,25,5,2993,2,8,BMW 4 SERIES,5,E01022488,0,4
2024010540353,2024,010540353,2,9,0,99,99,9,9,99,99,6,9,99,9,99,1,9,6,6,3,-1,-1,1995,2,9,BMW 4 SERIES,-1,-1,0,-1
2024320201740,2024,320201740,1,9,0,-1,-1,7,3,0,0,0,0,0,0,0,1,1,-1,-1,1,43,7,1995,2,6,BMW 4 SERIES,7,E01032989,0,1
2024061491222,2024,061491222,1,9,0,-1,19,6,2,-1,0,0,0,4,0,0,1,1,-1,9,1,78,11,1998,1,6,BMW 4 SERIES,7,E01005033,0,1
2024311521220,2024,311521220,1,9,-1,-1,19,4,8,-1,0,-1,0,-1,-1,0,4,9,-1,6,1,28,6,1995,2,6,BMW 4 SERIES,-1,-1,0,-1
2024361423026,2024,361423026,1,9,0,-1,9,7,3,-1,0,4,0,0,0,0,3,9,-1,9,1,27,6,2993,2,7,BMW 4 SERIES,4,E01015959,0,5
2024010548793,2024,010548793,2,9,9,99,99,9,9,99,99,9,9,99,9,99,9,9,6,6,3,-1,-1,2993,2,10,BMW 4 SERIES,-1,-1,0,-1
2024010521112,2024,010521112,2,9,0,18,19,7,3,0,0,1,0,0,0,0,0,1,6,6,1,23,5,2993,2,10,BMW 4 SERIES,-1,-1,0,-1
2024061468228,2024,061468228,1,9,0,-1,13,-1,-1,-1,0,0,0,0,0,0,4,1,-1,2,1,55,8,2993,12,1,BMW 4 SERIES,7,E01031013,0,5
2024010513879,2024,010513879,1,9,0,18,19,7,3,0,0,1,0,0,0,0,1,1,6,6,1,74,10,1997,1,11,BMW 4 SERIES,7,E01004583,0,3
2024461464065,2024,461464065,1,9,0,-1,19,6,2,-1,0,0,0,10,1,0,4,9,-1,9,1,48,8,1995,2,4,BMW 4 SERIES,10,E01024755,0,2
2024421447835,2024,421447835,1,9,0,-1,19,3,7,-1,0,0,0,0,0,0,1,1,-1,9,1,32,6,1995,2,6,BMW 4 SERIES,2,E01022006,0,4
2024501471538,2024,501471538,1,9,0,-1,10,7,5,-1,0,2,0,0,0,0,1,9,-1,2,1,49,8,1998,1,4,BMW 4 SERIES,10,E01020004,0,4
2024131473072,2024,131473072,2,9,0,-1,1,7,3,-1,0,0,0,4,0,0,2,1,-1,6,3,-1,-1,1995,2,7,BMW 4 SERIES,-1,-1,0,-1
2024052401632,2024,052401632,2,9,0,18,19,5,1,0,0,1,0,0,0,0,1,1,2,2,1,56,9,1995,2,7,BMW 4 SERIES,5,E01006687,0,1
2024622400709,2024,622400709,1,9,0,18,19,4,8,0,0,1,0,0,0,0,1,1,1,1,1,26,6,1995,2,7,BMW 4 SERIES,4,W01001168,0,3
2024421516565,2024,421516565,1,9,0,-1,9,3,8,-1,0,8,0,0,0,0,1,1,-1,6,1,59,9,2993,2,9,BMW 4 SERIES,10,E01021918,0,1
2024440067644,2024,440067644,1,9,0,18,19,7,3,0,0,1,0,0,0,0,1,1,6,6,2,39,7,1995,2,9,BMW 4 SERIES,9,E01022674,0,2
2024411464783,2024,411464783,1,9,0,-1,-1,-1,-1,-1,-1,0,1,-1,-1,0,1,1,-1,9,1,35,6,1995,2,9,BMW 4 SERIES,9,E01033508,0,4
2024131425038,2024,131425038,1,9,0,-1,19,5,1,-1,0,0,0,0,0,0,1,1,-1,9,1,35,6,1995,2,6,BMW 4 SERIES,8,E01011210,0,1
2024991431965,2024,991431965,1,9,0,-1,4,6,2,-1,0,0,1,0,0,0,1,1,-1,9,2,34,6,1995,2,6,BMW 4 SERIES,9,-1,0,1
2024302400604,2024,302400604,1,9,0,9,9,4,2,0,0,8,0,0,0,0,3,1,2,2,2,24,5,1995,2,6,BMW 4 SERIES,8,E01025951,0,1
2024061432815,2024,061432815,2,9,0,-1,19,7,3,-1,0,1,0,0,0,0,1,1,-1,2,1,67,10,1995,2,9,BMW 4 SERIES,9,W01001351,0,5
2024010544754,2024,010544754,2,9,0,99,99,9,9,5,5,6,0,0,9,99,1,9,6,6,1,27,6,1995,2,7,BMW 4 SERIES,6,E01000824,0,1
2024161490494,2024,161490494,1,9,0,-1,19,2,6,-1,0,0,0,0,0,0,1,1,-1,6,1,25,5,1995,2,6,BMW 4 SERIES,10,E01013012,0,3
2024010550389,2024,010550389,1,9,0,18,19,1,5,0,0,2,0,0,0,0,1,1,6,6,1,28,6,2993,2,6,BMW 4 SERIES,4,E01004187,0,1
2024522401510,2024,522401510,3,9,0,2,2,0,0,0,0,0,0,0,0,0,3,1,6,6,3,-1,-1,1995,2,7,BMW 4 SERIES,-1,-1,0,-1
2024311414482,2024,311414482,1,9,0,-1,19,7,3,-1,0,0,0,0,0,0,1,1,-1,2,1,40,7,1995,2,9,BMW 4 SERIES,5,E01013831,0,1
2024552401384,2024,552401384,2,9,0,9,9,6,4,0,0,5,0,0,0,0,4,1,6,6,2,44,7,1995,2,7,BMW 4 SERIES,4,E01015321,0,1
202460Q168500,2024,60Q168500,1,9,0,5,5,2,6,0,0,2,0,0,0,0,1,1,6,6,1,50,8,2993,2,10,BMW 4 SERIES,-1,-1,0,-1
2024430365626,2024,430365626,2,9,0,18,19,4,8,0,0,1,0,0,0,0,1,1,6,6,1,50,8,2993,2,8,BMW 4 SERIES,-1,-1,0,-1
2024010508080,2024,010508080,1,9,0,18,19,7,3,0,0,0,0,0,0,0,2,1,6,6,1,22,5,1995,2,6,BMW 4 SERIES,2,E01003592,0,1
2024421428876,2024,421428876,2,9,0,-1,19,2,6,-1,0,0,0,0,0,0,1,1,-1,9,2,56,9,1995,-1,2,BMW 4 SERIES,5,E01021907,0,2
2024351526674,2024,351526674,2,9,0,-1,19,4,8,-1,0,0,0,0,0,0,3,1,-1,1,1,29,6,2993,2,10,BMW 4 SERIES,9,E01032611,0,1
2024430447086,2024,430447086,2,9,0,18,19,2,6,0,0,0,0,0,0,0,1,1,6,6,2,30,6,1998,1,1,BMW 4 SERIES,-1,-1,0,-1
2024471421458,2024,471421458,1,9,0,-1,19,4,8,-1,0,1,0,0,0,0,1,1,-1,6,1,49,8,1995,2,9,BMW 4 SERIES,1,E01020920,0,1
2024430310905,2024,430310905,3,9,0,18,19,4,8,0,0,0,0,0,0,0,1,1,6,6,1,52,8,1998,1,8,BMW 4 SERIES,10,E01030881,0,3
2024421417482,2024,421417482,1,9,0,-1,19,8,4,-1,0,0,0,0,0,0,1,9,-1,6,2,27,6,1995,2,7,BMW 4 SERIES,2,E01011040,0,5
2024622400633,2024,622400633,1,9,0,18,19,8,4,0,0,0,0,0,0,0,1,1,6,6,2,53,8,1998,1,6,BMW 4 SERIES,5,W01001038,0,1
2024010518223,2024,010518223,3,9,0,3,3,1,5,0,0,1,0,0,0,0,2,1,6,6,2,24,5,1995,2,9,BMW 4 SERIES,6,E01001990,0,2
2024401537216,2024,401537216,4,9,0,-1,19,3,7,-1,0,0,1,0,0,0,1,1,-1,6,1,28,6,1995,2,9,BMW 4 SERIES,3,E01017562,0,1
2024010521977,2024,010521977,3,9,0,18,19,3,7,0,0,8,1,1,0,0,1,1,6,6,1,36,7,1998,1,6,BMW 4 SERIES,-1,-1,0,-1
2024440048492,2024,440048492,2,9,0,12,12,1,5,0,0,2,0,0,0,0,2,1,2,2,1,26,6,2998,1,5,BMW 4 SERIES,2,E01022550,0,1
2024991498884,2024,991498884,1,9,0,-1,19,7,3,-1,0,1,0,0,0,0,1,1,-1,9,1,51,8,1998,1,3,BMW 4 SERIES,2,-1,0,1
2024061514964,2024,061514964,2,9,0,-1,19,3,7,-1,0,1,0,0,0,0,1,1,-1,6,1,50,8,1995,2,10,BMW 4 SERIES,10,E01004967,0,1
2024122401045,2024,122401045,1,9,0,12,12,5,1,0,0,1,0,0,0,0,1,1,2,2,1,35,6,1995,2,7,BMW 4 SERIES,10,E01011411,0,4
2024351432222,2024,351432222,2,9,0,-1,4,5,1,-1,0,0,0,0,0,0,2,1,-1,6,1,46,8,1998,1,6,BMW 4 SERIES,10,E01034703,0,4
2024430051482,2024,430051482,3,9,0,18,19,6,2,0,0,0,0,0,0,0,4,1,6,6,1,27,6,1995,2,5,BMW 4 SERIES,8,W01001949,0,5
2024221457060,2024,221457060,1,9,0,-1,4,6,2,-1,0,1,0,0,0,0,4,9,-1,2,1,28,6,1998,1,7,BMW 4 SERIES,6,E01031316,0,4
2024622400109,2024,622400109,1,9,0,1,1,6,2,0,0,1,0,0,0,0,2,1,6,6,1,29,6,1995,2,7,BMW 4 SERIES,1,W01001873,0,1
2024421521271,2024,421521271,1,9,0,-1,19,2,6,-1,0,0,0,99,1,0,3,1,-1,6,2,44,7,1998,1,3,BMW 4 SERIES,8,E01034365,0,1
2024010489961,2024,010489961,2,9,0,9,9,1,7,0,0,8,0,0,0,0,1,1,6,6,3,-1,-1,1995,2,9,BMW 4 SERIES,-1,-1,0,-1
2024010529676,2024,010529676,1,9,0,18,19,2,6,9,9,2,0,0,0,0,1,1,2,2,1,50,8,1995,2,10,BMW 4 SERIES,4,E01003969,0,1
2024010501405,2024,010501405,2,9,0,18,19,5,1,0,0,1,0,0,0,0,1,1,6,6,1,35,6,1995,2,7,BMW 4 SERIES,4,E01002795,0,3
2024471454392,2024,471454392,2,9,0,-1,19,1,5,-1,0,0,0,0,0,0,2,1,-1,7,1,49,8,1995,2,7,BMW 4 SERIES,4,E01021045,0,1
2024010519360,2024,010519360,2,9,0,13,13,9,9,99,99,9,9,99,9,99,9,9,6,6,1,-1,-1,1995,2,9,BMW 4 SERIES,-1,-1,0,-1
2024041419908,2024,041419908,1,9,0,-1,19,3,7,-1,0,2,0,0,0,0,1,1,-1,9,1,39,7,1998,1,2,BMW 4 SERIES,3,E01025172,0,1
2024311475992,2024,311475992,2,9,0,-1,8,4,5,-1,0,2,0,0,0,0,1,1,-1,9,2,40,7,1995,2,7,BMW 4 SERIES,8,E01028288,0,1
2024430613765,2024,430613765,2,9,0,9,9,8,6,0,0,6,0,0,0,0,3,1,1,1,1,46,8,1998,1,0,BMW 4 SERIES,10,E01016692,0,3
2024440343331,2024,440343331,1,9,0,18,19,2,6,0,0,1,0,0,0,0,1,1,6,6,1,60,9,2993,2,9,BMW 4 SERIES,5,E01017368,0,2
2024070145254,2024,070145254,2,9,0,11,11,7,2,0,0,3,0,0,0,0,2,1,6,6,1,31,6,2993,2,7,BMW 4 SERIES,10,E01018439,0,2
2024461469902,2024,461469902,1,9,0,-1,5,1,5,-1,-1,0,0,0,0,0,3,1,-1,6,1,50,8,1997,1,9,BMW 4 SERIES,10,E01030831,0,4
2024421402694,2024,421402694,2,9,0,-1,3,2,6,-1,0,0,0,0,1,0,2,1,-1,6,2,47,8,1995,2,8,BMW 4 SERIES,9,E01021409,0,4
2024430078955,2024,430078955,1,9,0,18,19,6,2,0,0,4,0,10,3,2,1,1,6,6,1,29,6,2993,2,9,BMW 4 SERIES,2,E01016451,0,1
2024461417822,2024,461417822,1,9,0,-1,19,7,3,-1,0,6,0,0,0,0,4,9,-1,9,1,22,5,2993,2,9,BMW 4 SERIES,-1,-1,0,-1
2024010541199,2024,010541199,1,9,0,15,15,3,7,0,0,2,1,10,0,0,1,1,6,6,1,28,6,2993,2,8,BMW 4 SERIES,3,E01001970,0,2
2024041409799,2024,041409799,1,9,0,-1,19,5,1,-1,0,0,0,0,0,0,-1,1,-1,6,1,38,7,1995,2,8,BMW 4 SERIES,1,E01024877,0,3
2024010538219,2024,010538219,2,9,0,99,99,9,9,99,99,9,9,99,9,99,9,9,6,6,3,-1,-1,1995,2,8,BMW 4 SERIES,8,E01021763,0,3
2024041440092,2024,041440092,2,9,0,-1,19,4,8,-1,0,0,0,0,0,0,0,1,-1,9,1,26,6,1998,1,1,BMW 4 SERIES,9,E01007070,0,2
2024461420872,2024,461420872,1,9,0,-1,19,3,7,-1,0,0,1,4,1,2,1,1,-1,6,3,-1,-1,2993,2,9,BMW 4 SERIES,-1,-1,0,-1
2024201505968,2024,201505968,2,9,0,-1,19,7,3,-1,0,0,0,0,0,0,2,1,-1,6,1,32,6,2998,1,8,BMW 4 SERIES,-1,-1,0,-1
2024221455741,2024,221455741,1,9,0,-1,19,5,1,-1,0,8,0,0,0,0,1,1,-1,1,1,53,8,1998,1,5,BMW 4 SERIES,8,E01028977,0,3
2024010528657,2024,010528657,1,9,0,18,19,7,3,0,0,1,0,0,0,0,1,1,2,2,1,23,5,1998,1,3,BMW 4 SERIES,7,E01000157,0,1
2024131424208,2024,131424208,1,9,0,-1,9,5,1,-1,0,0,0,0,0,0,4,1,-1,9,1,44,7,1998,1,8,BMW 4 SERIES,2,E01010759,0,1
2024302401275,2024,302401275,1,9,0,18,19,1,5,0,0,0,0,0,0,0,3,1,6,6,2,24,5,1995,2,9,BMW 4 SERIES,3,E01013471,0,1
2024061513213,2024,061513213,3,9,0,-1,10,5,1,-1,0,1,0,0,0,0,3,1,-1,9,1,57,9,2993,2,5,BMW 4 SERIES,9,E01006062,0,1
2024010516721,2024,010516721,2,9,0,4,4,3,7,0,0,1,0,0,0,0,2,1,6,6,1,63,9,1995,2,6,BMW 4 SERIES,-1,-1,0,-1
2024201503092,2024,201503092,1,9,0,-1,19,5,1,-1,0,0,0,0,0,0,1,9,-1,6,1,50,8,1995,2,10,BMW 4 SERIES,-1,-1,0,-1
2024122500318,2024,122500318,1,9,0,13,13,5,1,0,0,0,0,0,0,0,1,1,6,6,3,-1,-1,1995,2,7,BMW 4 SERIES,-1,-1,0,-1
2024010546530,2024,010546530,1,9,0,99,99,9,9,99,99,9,9,99,9,99,9,9,6,6,2,39,7,1998,1,6,BMW 4 SERIES,2,E01024263,0,3
2024430011809,2024,430011809,1,9,0,9,9,7,5,0,0,6,0,0,0,0,3,1,2,2,1,49,8,1998,1,5,BMW 4 SERIES,10,E01028790,0,1
2024440109881,2024,440109881,2,9,0,4,4,7,3,0,0,0,0,0,0,0,2,1,2,2,1,48,8,1998,1,4,BMW 4 SERIES,6,E01023179,0,2
2024351484255,2024,351484255,1,9,0,-1,7,8,2,-1,0,3,0,0,0,0,1,1,-1,6,1,24,5,1995,2,9,BMW 4 SERIES,5,E01015617,0,2
2024010538693,2024,010538693,2,9,0,99,99,9,9,99,99,9,9,99,9,99,9,9,6,6,3,-1,-1,1997,1,9,BMW 4 SERIES,-1,-1,0,-1
202417S103924,2024,17S103924,2,9,0,18,19,5,1,0,0,1,0,0,0,0,0,1,6,6,1,19,4,1995,2,10,BMW 4 SERIES,1,E01035199,0,1
2024471491520,2024,471491520,1,9,0,-1,3,8,4,-1,0,1,0,0,0,0,2,1,-1,9,2,53,8,1998,1,7,BMW 4 SERIES,4,E01030816,0,3
2024031470220,2024,031470220,1,9,0,-1,3,7,3,-1,0,1,0,0,0,0,1,1,-1,6,1,30,6,2993,2,5,BMW 4 SERIES,-1,-1,0,-1
2024451510159,2024,451510159,2,9,0,-1,19,5,1,-1,0,3,0,0,0,0,1,1,-1,9,1,77,11,1998,1,8,BMW 4 SERIES,8,E01030965,0,1
2024332400873,2024,332400873,1,9,0,-1,19,3,7,-1,0,3,0,0,0,0,1,1,-1,6,1,28,6,1998,1,6,BMW 4 SERIES,4,E01013629,0,1
2024010542859,2024,010542859,2,9,0,99,99,9,9,99,99,9,9,99,9,99,1,9,6,6,3,-1,-1,1995,2,9,BMW 4 SERIES,-1,-1,0,-1
2024010507181,2024,010507181,1,9,0,11,11,7,3,0,0,2,0,0,0,0,1,1,6,6,1,21,5,1995,2,7,BMW 4 SERIES,3,E01003539,0,1
2024501463899,2024,501463899,2,9,0,-1,19,6,2,-1,0,2,0,0,0,0,4,1,-1,6,1,67,10,1998,1,2,BMW 4 SERIES,6,E01020533,0,2
2024221420133,2024,221420133,1,9,0,-1,19,8,4,-1,0,0,0,0,0,0,1,9,-1,6,1,59,9,2998,1,5,BMW 4 SERIES,8,E01028887,0,1
2024161412325,2024,161412325,2,9,0,-1,19,7,3,-1,0,1,0,0,0,0,1,1,-1,9,2,39,7,1995,2,11,BMW 4 SERIES,7,E01013017,0,4
2024430627290,2024,430627290,2,9,0,18,19,6,2,0,0,8,0,0,0,0,1,1,6,6,1,34,6,1995,2,10,BMW 4 SERIES,10,E01017691,0,1
2024471426566,2024,471426566,1,9,0,-1,13,5,2,-1,0,0,1,0,1,4,1,1,-1,6,1,28,6,1998,1,5,BMW 4 SERIES,5,E01031628,0,1
2024201470946,2024,201470946,2,9,0,-1,2,0,0,-1,0,0,0,4,0,0,3,1,-1,6,1,26,6,1995,2,8,BMW 4 SERIES,7,E01029379,0,3
2024411423542,2024,411423542,6,9,0,-1,2,0,0,-1,0,2,0,0,0,0,1,1,-1,6,-1,-1,-1,2993,12,2,BMW 4 SERIES,-1,-1,0,-1
2024430183415,2024,430183415,2,9,0,18,19,2,6,0,0,0,0,0,0,0,1,1,6,6,1,35,6,1995,2,8,BMW 4 SERIES,-1,-1,0,-1
2024361497636,2024,361497636,1,9,0,-1,13,4,8,-1,0,1,0,0,1,0,1,1,-1,6,1,24,5,2993,2,9,BMW 4 SERIES,10,E01026644,0,3
2024010507453,2024,010507453,3,9,9,2,2,0,0,99,99,9,9,99,9,99,9,1,6,6,3,-1,-1,1998,1,8,BMW 4 SERIES,-1,-1,0,-1
2024010537020,2024,010537020,2,9,0,18,19,1,5,9,9,6,0,0,0,0,1,1,6,6,1,69,10,1998,1,4,BMW 4 SERIES,5,E01000745,0,1
2024430481161,2024,430481161,1,9,0,18,19,4,8,0,0,0,0,0,0,0,1,1,6,6,1,-1,-1,1995,2,5,BMW 4 SERIES,-1,-1,0,-1
2024991530588,2024,991530588,2,9,0,-1,19,5,1,-1,0,8,1,0,7,0,1,1,-1,2,1,21,5,1995,12,3,BMW 4 SERIES,7,-1,0,3
2024061473228,2024,061473228,1,9,0,-1,7,1,3,-1,0,8,0,0,0,0,4,9,-1,1,2,51,8,1995,2,10,BMW 4 SERIES,8,E01004835,0,1
2024991528768,2024,991528768,1,9,0,-1,19,6,2,-1,0,0,1,0,0,0,2,1,-1,6,1,27,6,2993,2,8,BMW 4 SERIES,-1,-1,0,-1
2024461506174,2024,461506174,1,9,0,-1,19,3,7,-1,0,0,1,10,1,4,1,1,-1,9,1,33,6,2993,2,7,BMW 4 SERIES,2,E01016160,0,1
2024361522359,2024,361522359,1,9,0,-1,20,4,5,-1,9,1,0,0,1,0,4,9,-1,6,2,46,8,1995,2,9,BMW 4 SERIES,2,E01026844,0,1
2024991455488,2024,991455488,1,9,0,-1,1,4,1,-1,0,0,0,0,0,0,2,1,-1,6,1,42,7,1995,2,9,BMW 4 SERIES,7,-1,0,4
2024401427597,2024,401427597,3,9,0,-1,3,4,8,-1,0,0,0,0,0,0,2,1,-1,6,2,47,8,1995,2,8,BMW 4 SERIES,9,E01017450,0,2
2024010533171,2024,010533171,2,9,0,18,19,5,1,0,0,0,0,0,0,0,1,1,6,6,2,26,6,2979,1,10,BMW 4 SERIES,5,E01000162,0,2
2024010537320,2024,010537320,1,9,0,18,19,5,1,0,0,0,0,0,0,0,1,1,6,6,3,24,5,1995,2,10,BMW 4 SERIES,-1,-1,0,-1
2024371411590,2024,371411590,2,9,0,-1,2,0,0,-1,0,0,0,0,0,0,4,1,-1,9,2,31,6,1998,1,6,BMW 4 SERIES,6,E01034565,0,1
2024320671403,2024,320671403,2,9,0,-1,-1,4,8,0,0,8,0,0,0,0,4,1,-1,-1,1,41,7,1995,2,9,BMW 4 SERIES,3,E01034680,0,1
2024201519940,2024,201519940,1,9,0,-1,19,7,3,-1,0,0,1,7,0,0,1,1,-1,9,2,-1,-1,1995,2,8,BMW 4 SERIES,10,E01010176,0,1
2024471441563,2024,471441563,4,9,0,-1,4,5,1,-1,0,0,0,0,0,0,1,1,-1,2,1,41,7,1995,2,10,BMW 4 SERIES,4,E01020914,0,4
2024440395007,2024,440395007,2,9,0,18,19,1,5,0,0,0,0,0,1,9,3,1,6,6,1,66,10,2998,1,7,BMW 4 SERIES,8,E01031192,0,4
2024141500688,2024,141500688,2,9,0,-1,13,4,1,-1,0,1,0,0,0,0,3,9,-1,6,3,-1,-1,2993,2,9,BMW 4 SERIES,-1,-1,0,-1
2024302400647,2024,302400647,1,9,0,18,19,2,6,0,0,2,0,0,0,0,1,1,6,6,1,-1,-1,1995,2,8,BMW 4 SERIES,4,E01013459,0,1
2024311473089,2024,311473089,1,9,0,-1,9,5,3,-1,0,6,0,0,0,0,4,1,-1,9,2,26,6,1995,2,7,BMW 4 SERIES,4,E01027996,0,1
2024471475819,2024,471475819,1,9,0,-1,19,5,1,-1,0,0,0,0,0,0,1,9,-1,6,1,24,5,1995,2,11,BMW 4 SERIES,5,E01031370,0,2
2024041429198,2024,041429198,2,9,0,-1,2,1,1,-1,9,1,0,0,0,0,1,1,-1,6,-1,-1,-1,1998,1,6,BMW 4 SERIES,-1,-1,0,-1
2024010518797,2024,010518797,1,9,0,18,19,5,1,0,0,1,0,0,0,0,1,1,6,6,1,27,6,1995,2,9,BMW 4 SERIES,7,E01023307,0,2
2024070727400,2024,070727400,2,9,0,-1,19,1,5,-1,0,0,0,0,0,0,1,1,-1,6,1,54,8,1995,2,8,BMW 4 SERIES,1,E01018748,0,2
2024010533624,2024,010533624,4,9,9,18,19,1,5,99,99,9,9,99,9,99,9,1,6,6,1,38,7,1998,1,7,BMW 4 SERIES,2,E01001875,0,3
2024401466705,2024,401466705,2,9,0,-1,2,-1,-1,-1,0,1,0,0,0,0,2,9,-1,9,2,62,9,1995,12,3,BMW 4 SERIES,9,E01023430,0,2
2024201449228,2024,201449228,2,9,0,-1,3,6,2,-1,0,0,0,0,0,0,2,1,-1,9,1,37,7,1995,2,10,BMW 4 SERIES,2,E01009095,0,1
2024201526198,2024,201526198,1,9,0,-1,19,1,5,-1,0,0,0,4,0,0,1,1,-1,6,1,38,7,2993,12,3,BMW 4 SERIES,4,E01009145,0,1
2024421461337,2024,421461337,1,9,0,-1,19,5,1,-1,0,0,0,0,0,0,1,1,-1,2,1,23,5,1998,1,6,BMW 4 SERIES,8,E01021749,0,1
2024401459316,2024,401459316,1,9,0,-1,12,7,5,-1,0,0,0,0,0,0,3,1,-1,6,2,44,7,2993,2,6,BMW 4 SERIES,6,E01034441,0,3
2024010539373,2024,010539373,1,9,0,99,99,9,9,99,99,9,9,99,9,99,1,9,6,6,1,31,6,1995,2,7,BMW 4 SERIES,5,E01000070,0,1
2024332400931,2024,332400931,2,9,0,-1,13,7,3,-1,0,4,0,7,0,0,1,1,-1,6,1,22,5,1995,2,7,BMW 4 SERIES,9,E01032601,0,1
2024070358023,2024,070358023,1,9,0,5,5,3,7,0,0,8,0,0,0,0,1,1,6,6,1,25,5,1998,1,3,BMW 4 SERIES,10,E01018584,0,1
2024552400360,2024,552400360,1,9,0,9,9,2,8,0,0,6,0,0,0,0,4,1,6,6,1,74,10,1998,1,3,BMW 4 SERIES,10,E01030986,0,5
2024010542084,2024,010542084,1,9,0,99,99,9,9,99,99,9,9,99,9,99,9,9,6,6,2,25,5,1998,1,6,BMW 4 SERIES,2,E01001437,0,1
2024231407632,2024,231407632,2,9,0,-1,19,6,2,-1,0,8,0,0,0,0,1,1,-1,9,2,28,6,1995,2,10,BMW 4 SERIES,5,E01031325,0,1
2024631432708,2024,631432708,2,9,0,-1,13,2,6,-1,0,0,0,0,7,3,1,1,-1,6,1,53,8,2993,2,10,BMW 4 SERIES,9,W01000476,0,1
2024991535957,2024,991535957,1,9,0,-1,4,6,3,-1,0,1,0,0,0,0,1,1,-1,2,2,25,5,1995,2,8,BMW 4 SERIES,-1,-1,0,-1
2024430142830,2024,430142830,1,9,0,18,19,7,3,0,0,8,0,0,0,0,1,1,2,2,1,23,5,2998,1,7,BMW 4 SERIES,7,E01016473,0,1
2024010515703,2024,010515703,2,9,0,99,99,9,9,99,99,0,9,99,9,99,4,9,6,6,1,47,8,1995,2,7,BMW 4 SERIES,2,E01000086,0,1
2024351497621,2024,351497621,1,9,0,-1,19,5,1,-1,0,4,1,10,6,4,1,1,-1,9,1,23,5,1995,2,9,BMW 4 SERIES,9,E01018278,0,1
2024122400259,2024,122400259,2,9,0,18,19,4,8,0,0,1,0,0,0,0,1,1,6,6,1,29,6,1998,1,3,BMW 4 SERIES,5,E01033651,0,4
2024522403407,2024,522403407,1,8,0,18,19,1,5,0,0,8,0,0,1,11,3,1,6,6,1,44,7,-1,-1,-1,BMW 4 SERIES,2,E01014489,0,2
2024351529138,2024,351529138,3,9,0,-1,19,6,2,-1,0,0,0,0,0,0,1,9,-1,2,1,36,7,1995,2,7,BMW 4 SERIES,5,E01030138,0,4
2024430069194,2024,430069194,1,9,0,18,19,8,4,0,0,1,0,0,0,0,1,1,6,6,1,-1,-1,1998,1,6,BMW 4 SERIES,-1,-1,0,-1
2024991511918,2024,991511918,4,9,0,-1,2,0,0,-1,0,0,0,0,0,0,1,1,-1,6,-1,-1,-1,1995,2,6,BMW 4 SERIES,-1,-1,0,-1
2024201489320,2024,201489320,1,9,0,-1,19,5,5,-1,0,1,0,0,0,0,1,1,-1,2,1,31,6,1995,2,5,BMW 4 SERIES,4,E01033564,0,1
2024430309958,2024,430309958,1,9,0,18,19,1,5,0,0,0,0,0,0,0,1,1,6,6,2,23,5,1995,2,11,BMW 4 SERIES,6,E01017852,0,1
2024061429794,2024,061429794,2,9,0,-1,3,2,5,-1,0,0,0,0,0,0,3,1,-1,6,1,28,6,1995,-1,2,BMW 4 SERIES,2,E01005462,0,3
2024440407372,2024,440407372,1,9,0,2,2,0,0,0,0,2,0,0,0,0,2,1,6,6,1,71,10,2993,2,6,BMW 4 SERIES,8,E01016773,0,5
2024010534717,2024,010534717,2,9,0,18,19,7,3,0,0,8,0,0,1,10,1,1,6,6,1,31,6,2993,2,8,BMW 4 SERIES,1,E01001115,0,2
2024041393740,2024,041393740,1,9,0,-1,19,5,1,-1,0,0,1,0,4,0,3,1,-1,9,1,29,6,2993,2,6,BMW 4 SERIES,1,E01010964,0,4
2024010516018,2024,010516018,1,9,0,18,19,6,2,0,0,6,0,0,0,0,1,1,6,6,1,19,4,1995,2,10,BMW 4 SERIES,4,E01000915,0,1
2024010526685,2024,010526685,2,9,0,99,99,9,9,99,99,9,9,99,9,99,1,9,6,6,3,26,6,1997,1,9,BMW 4 SERIES,9,E01000213,0,1
2024211480874,2024,211480874,1,9,0,-1,19,8,4,-1,9,0,0,0,7,10,1,1,-1,6,1,24,5,1995,2,10,BMW 4 SERIES,3,E01029434,0,1
2024401500961,2024,401500961,1,9,0,-1,13,1,2,-1,0,0,0,0,0,0,1,1,-1,6,2,32,6,1998,1,2,BMW 4 SERIES,9,E01017449,0,1