collision_index,collision_year,collision_ref_no,vehicle_reference,vehicle_type,towing_and_articulation,vehicle_manoeuvre_historic,vehicle_manoeuvre,vehicle_direction_from,vehicle_direction_to,vehicle_location_restricted_lane_historic,vehicle_location_restricted_lane,junction_location,skidding_and_overturning,hit_object_in_carriageway,vehicle_leaving_carriageway,hit_object_off_carriageway,first_point_of_impact,vehicle_left_hand_drive,journey_purpose_of_driver_historic,journey_purpose_of_driver,sex_of_driver,age_of_driver,age_band_of_driver,engine_capacity_cc,propulsion_code,age_of_vehicle,generic_make_model,driver_imd_decile,lsoa_of_driver,escooter_flag,driver_distance_banding
2024131432228,2024,131432228,1,9,0,-1,-1,-1,-1,-1,-1,-1,-1,-1,-1,-1,-1,1,-1,6,3,-1,-1,1995,2,9,BMW 4 SERIES,-1,-1,0,-1
2024610028924,2024,610028924,1,9,0,3,3,4,8,0,0,1,0,0,0,0,2,1,6,6,2,25,5,1998,1,3,BMW 4 SERIES,6,W01001587,0,1
2024010526628,2024,010526628,1,9,0,5,5,5,1,0,0,1,0,0,0,0,1,1,6,6,1,33,6,1995,2,8,BMW 4 SERIES,7,E01004146,0,1
2024201494440,2024,201494440,1,9,0,-1,19,5,1,-1,0,1,0,0,0,0,1,9,-1,6,1,-1,-1,1998,1,4,BMW 4 SERIES,-1,-1,0,-1
2024201530182,2024,201530182,1,9,0,-1,19,8,4,-1,0,0,0,0,0,0,1,1,-1,9,1,45,7,2993,2,9,BMW 4 SERIES,9,E01010391,0,1
2024302401589,2024,302401589,1,9,0,4,4,4,6,0,0,8,0,0,0,0,2,1,6,6,2,52,8,1995,2,10,BMW 4 SERIES,6,E01013529,0,1
2024991481429,2024,991481429,2,9,0,-1,3,7,2,-1,0,8,1,0,0,0,4,1,-1,1,1,28,6,1995,2,5,BMW 4 SERIES,9,-1,0,1
2024101407890,2024,101407890,2,9,0,-1,19,2,6,-1,0,8,0,0,0,0,4,1,-1,6,1,27,6,1998,1,7,BMW 4 SERIES,5,E01008206,0,1
2024061496853,2024,061496853,1,9,0,-1,19,7,3,-1,0,0,0,0,0,0,4,1,-1,9,2,51,8,1998,1,1,BMW 4 SERIES,7,E01005468,0,1
2024351424460,2024,351424460,2,9,0,-1,9,3,5,-1,0,1,0,0,0,0,3,1,-1,6,1,22,5,1995,2,8,BMW 4 SERIES,4,E01015665,0,1
2024430181691,2024,430181691,2,9,0,7,7,8,2,0,0,3,1,9,7,0,1,1,6,6,3,-1,-1,1995,2,7,BMW 4 SERIES,-1,-1,0,-1
2024520001443,2024,520001443,1,9,0,18,19,3,7,0,0,8,0,0,0,0,1,1,6,6,1,58,9,1998,1,6,BMW 4 SERIES,7,E01014936,0,1
2024070983958,2024,070983958,1,9,0,-1,5,3,1,-1,0,1,0,0,0,0,1,1,-1,6,1,38,7,1995,2,5,BMW 4 SERIES,1,E01006455,0,3
2024401454377,2024,401454377,1,9,0,-1,19,7,3,-1,0,1,0,0,0,0,1,1,-1,6,2,26,6,1995,2,8,BMW 4 SERIES,3,E01015795,0,1
2024010522567,2024,010522567,1,9,0,3,3,3,7,0,0,1,0,0,0,0,3,1,6,6,1,35,6,1995,2,8,BMW 4 SERIES,2,E01004298,0,1
2024201530465,2024,201530465,1,9,0,-1,19,5,1,-1,0,0,0,0,0,0,1,1,-1,6,-1,-1,-1,1998,1,0,BMW 4 SERIES,-1,-1,0,-1
2024041504518,2024,041504518,1,9,0,-1,19,3,7,-1,0,0,0,0,1,0,4,1,-1,2,1,55,8,1998,1,2,BMW 4 SERIES,8,E01025596,0,3
2024991422199,2024,991422199,1,9,0,-1,9,6,3,-1,0,5,0,0,0,0,1,1,-1,9,1,24,5,1998,1,5,BMW 4 SERIES,8,-1,0,3
2024471416027,2024,471416027,22,9,0,-1,19,7,3,-1,0,0,1,0,0,0,1,1,-1,6,1,49,8,1995,2,6,BMW 4 SERIES,5,E01003700,0,4
2024320147887,2024,320147887,2,9,0,-1,-1,6,2,0,0,2,0,0,0,0,4,1,-1,-1,2,49,8,1995,2,7,BMW 4 SERIES,7,E01034706,0,2
2024161486203,2024,161486203,2,9,0,-1,19,4,8,-1,0,8,0,0,0,0,2,9,-1,6,1,20,4,1997,1,9,BMW 4 SERIES,1,E01013299,0,1
2024430550706,2024,430550706,1,9,0,18,19,7,3,0,0,0,0,0,0,0,3,1,6,6,2,32,6,1998,1,0,BMW 4 SERIES,-1,-1,0,-1
2024010547603,2024,010547603,1,9,0,99,99,9,9,99,99,9,9,99,9,99,1,9,2,2,1,35,6,1998,1,1,BMW 4 SERIES,10,E01016424,0,4
2024430054151,2024,430054151,1,9,0,10,10,5,3,0,0,0,0,0,0,0,3,1,6,6,1,65,9,1998,1,7,BMW 4 SERIES,9,E01016620,0,2
2024052402707,2024,052402707,3,9,0,2,2,0,0,0,0,0,0,0,0,0,4,1,6,6,3,-1,-1,1995,2,8,BMW 4 SERIES,-1,-1,0,-1
2024070741448,2024,070741448,1,9,0,-1,9,7,3,-1,0,6,0,0,0,0,3,1,-1,6,2,-1,-1,1998,1,6,BMW 4 SERIES,-1,-1,0,-1
2024520402697,2024,520402697,3,9,0,2,2,0,0,0,0,1,0,0,0,0,2,1,6,6,3,-1,-1,1995,2,9,BMW 4 SERIES,-1,-1,0,-1
2024010535598,2024,010535598,2,9,0,17,19,7,3,0,0,3,0,0,0,0,3,1,6,6,2,56,9,1995,2,11,BMW 4 SERIES,3,E01021565,0,4
2024311501712,2024,311501712,2,9,0,-1,19,7,7,-1,0,4,1,4,0,0,1,1,-1,6,1,43,7,2993,2,7,BMW 4 SERIES,-1,-1,0,-1
2024451530604,2024,451530604,1,9,0,-1,9,3,7,-1,0,1,0,0,0,0,2,1,-1,2,1,53,8,1998,1,8,BMW 4 SERIES,10,E01030352,0,1
2024201490944,2024,201490944,1,9,0,-1,19,3,7,-1,0,0,0,0,0,0,1,9,-1,6,1,25,5,1995,2,8,BMW 4 SERIES,9,E01010494,0,1
2024311498032,2024,311498032,1,9,0,-1,19,6,2,-1,0,8,0,0,4,0,1,9,-1,6,1,19,4,1997,1,9,BMW 4 SERIES,-1,-1,0,-1
2024401405484,2024,401405484,1,9,0,-1,19,7,3,-1,0,0,0,0,0,0,1,1,-1,6,1,35,6,2993,2,8,BMW 4 SERIES,10,E01017606,0,4
2024010504794,2024,010504794,2,9,0,18,19,1,5,0,0,0,0,0,0,0,1,1,6,6,1,79,11,1998,1,5,BMW 4 SERIES,9,E01000696,0,1
2024201465331,2024,201465331,1,9,0,-1,19,5,1,-1,0,8,0,0,0,0,1,9,-1,6,1,35,6,2993,2,7,BMW 4 SERIES,-1,-1,0,-1
2024010537793,2024,010537793,1,9,0,9,9,2,1,0,0,5,0,0,0,0,4,1,6,6,3,24,5,1995,2,7,BMW 4 SERIES,-1,-1,0,-1
2024010530277,2024,010530277,1,9,0,7,7,7,2,0,0,5,0,0,3,0,1,1,6,6,1,46,8,1995,2,10,BMW 4 SERIES,-1,-1,0,-1
2024991403492,2024,991403492,1,9,0,-1,5,6,2,-1,0,0,0,0,0,0,4,1,-1,9,1,42,7,1995,2,8,BMW 4 SERIES,7,-1,0,2
2024061525396,2024,061525396,1,9,-1,-1,-1,-1,-1,-1,-1,0,-1,-1,-1,0,-1,9,-1,6,3,-1,-1,1998,1,7,BMW 4 SERIES,-1,-1,0,-1
2024010504879,2024,010504879,2,9,0,16,19,5,1,0,0,1,0,0,0,0,3,1,6,6,1,22,5,1995,2,7,BMW 4 SERIES,2,E01001052,0,1
2024201448738,2024,201448738,1,9,0,-1,9,8,5,-1,0,5,0,0,0,0,4,1,-1,6,1,35,6,1995,2,9,BMW 4 SERIES,1,E01010478,0,2
2024010506099,2024,010506099,2,9,0,9,9,5,2,0,0,8,0,0,0,0,3,1,6,6,1,36,7,2993,2,6,BMW 4 SERIES,3,E01003309,0,1
2024122401165,2024,122401165,1,9,0,7,7,3,5,0,0,5,0,0,0,0,1,1,6,6,1,29,6,2993,2,7,BMW 4 SERIES,10,E01027712,0,1
2024991412625,2024,991412625,1,9,0,-1,5,3,7,-1,0,1,0,0,0,0,1,1,-1,6,1,61,9,1998,1,4,BMW 4 SERIES,-1,-1,0,-1
2024421476712,2024,421476712,1,9,0,-1,19,7,5,-1,0,1,0,10,3,0,1,1,-1,6,1,29,6,1998,1,3,BMW 4 SERIES,7,E01015878,0,1
2024131439127,2024,131439127,1,9,0,-1,19,5,1,-1,0,1,0,0,0,0,3,1,-1,6,3,-1,-1,1995,2,10,BMW 4 SERIES,-1,-1,0,-1
2024471478579,2024,471478579,2,9,0,-1,1,5,1,-1,0,1,0,0,0,0,2,9,-1,6,1,24,5,1998,1,3,BMW 4 SERIES,2,E01016910,0,1
2024991485921,2024,991485921,1,5,0,-1,19,5,1,-1,0,0,0,0,0,0,1,1,-1,6,3,16,4,-1,-1,-1,-1,-1,-1,0,-1
2024501464618,2024,501464618,3,90,0,-1,19,2,6,-1,0,6,0,4,0,0,1,9,-1,6,2,61,9,899,1,0,-1,5,E01018940,0,4
2024101452039,2024,101452039,1,5,0,-1,19,5,1,-1,0,0,1,0,1,0,4,1,-1,9,1,42,7,-1,-1,-1,-1,3,-1,0,5
2024231507408,2024,231507408,1,9,0,-1,19,8,4,-1,0,0,0,0,0,0,1,1,-1,9,1,21,5,988,1,46,-1,9,E01031180,0,1
2024211466459,2024,211466459,3,21,0,-1,15,5,1,-1,0,0,0,4,0,0,1,1,-1,1,1,57,9,-1,-1,-1,DENNIS MODEL MISSING,9,E01029800,0,3
2024221452426,2024,221452426,1,90,0,-1,19,5,1,-1,0,8,0,0,0,0,1,9,-1,1,1,28,6,7146,2,9,DENNIS MODEL MISSING,8,E01014954,0,4
2024991398801,2024,991398801,2,20,0,-1,2,0,0,-1,0,0,0,0,0,0,2,1,-1,1,1,40,7,-1,-1,-1,DENNIS MODEL MISSING,3,-1,0,1
2024501518979,2024,501518979,1,90,0,-1,2,0,0,-1,0,0,0,0,0,0,3,1,-1,6,3,-1,-1,7146,2,9,DENNIS MODEL MISSING,-1,-1,0,-1
2024161394758,2024,161394758,1,90,0,-1,19,7,3,-1,0,0,5,7,4,9,1,1,-1,1,1,41,7,7698,2,1,DENNIS MODEL MISSING,4,E01011218,0,4
2024311418675,2024,311418675,1,11,0,-1,19,4,8,-1,0,0,0,0,0,0,1,1,-1,1,1,52,8,8268,2,21,DENNIS MODEL MISSING,4,E01028380,0,3
2024991462913,2024,991462913,2,90,0,-1,19,7,4,-1,0,0,0,0,0,0,1,1,-1,1,1,48,8,7698,2,0,DENNIS MODEL MISSING,5,-1,0,3
2024052400871,2024,052400871,1,11,0,4,4,5,1,0,0,0,0,0,0,0,0,1,1,1,2,57,9,-1,2,24,DENNIS MODEL MISSING,1,E01006692,0,1
2024161456650,2024,161456650,2,90,0,-1,19,7,3,-1,0,1,1,0,0,0,4,1,-1,1,1,57,9,7698,2,6,DENNIS MODEL MISSING,1,E01026384,0,4
2024211440861,2024,211440861,2,90,0,-1,15,3,8,-1,0,5,0,0,1,0,2,1,-1,1,1,60,9,7698,2,2,DENNIS MODEL MISSING,3,E01029354,0,2
2024122400422,2024,122400422,1,21,0,1,1,7,5,0,0,0,0,0,0,0,0,1,1,1,1,28,6,-1,-1,-1,DENNIS MODEL MISSING,10,E01013425,0,3
2024320047262,2024,320047262,2,21,0,-1,-1,4,8,0,0,8,0,0,0,0,1,1,1,1,1,54,8,-1,-1,-1,DENNIS MODEL MISSING,2,E01026099,0,4
2024041468848,2024,041468848,1,90,0,-1,9,1,5,-1,0,1,0,0,7,0,4,1,-1,1,1,38,7,7698,2,5,DENNIS MODEL MISSING,1,E01012733,0,1
2024010527234,2024,010527234,1,90,0,3,3,7,3,0,0,0,0,0,0,0,1,1,1,1,1,39,7,7698,2,7,DENNIS MODEL MISSING,3,E01004257,0,1
2024010525022,2024,010525022,1,90,0,7,7,5,7,0,0,6,0,0,0,0,4,1,1,1,1,42,7,7698,2,3,DENNIS MODEL MISSING,2,E01002505,0,1
2024440031451,2024,440031451,1,21,0,18,19,4,8,0,0,0,0,0,0,0,1,1,1,1,1,64,9,-1,-1,-1,DENNIS MODEL MISSING,8,E01017059,0,1
2024501469284,2024,501469284,2,21,0,-1,7,3,7,-1,0,0,0,0,0,0,3,1,-1,1,1,35,6,-1,-1,-1,DENNIS MODEL MISSING,7,E01034622,0,2
2024010495725,2024,010495725,1,90,0,14,14,5,1,0,0,0,0,11,0,0,1,1,1,1,1,27,6,7698,2,5,DENNIS MODEL MISSING,2,E01000084,0,1
2024010552900,2024,010552900,3,21,0,99,99,9,9,99,99,9,9,99,9,99,0,9,6,6,3,-1,-1,-1,-1,-1,DENNIS MODEL MISSING,-1,-1,0,-1
2024302400042,2024,302400042,2,90,0,17,19,4,8,0,0,0,0,0,0,0,3,1,1,1,2,-1,-1,7698,2,4,DENNIS MODEL MISSING,-1,-1,0,-1
2024010543864,2024,010543864,2,90,0,2,2,0,0,0,0,8,0,0,0,0,0,1,6,6,3,-1,-1,7698,2,6,DENNIS MODEL MISSING,-1,-1,0,-1
2024221533890,2024,221533890,1,20,0,-1,19,1,5,-1,0,1,0,4,0,0,1,9,-1,1,1,34,6,-1,-1,-1,DENNIS MODEL MISSING,8,E01014111,0,2
2024421414718,2024,421414718,2,21,0,-1,2,1,5,-1,0,0,0,0,0,0,3,1,-1,1,1,-1,-1,-1,-1,-1,DENNIS MODEL MISSING,-1,-1,0,-1
2024010497515,2024,010497515,2,90,0,99,99,9,9,99,99,9,9,99,9,99,9,9,6,6,3,49,8,7146,2,12,DENNIS MODEL MISSING,2,E01001012,0,2
2024201430906,2024,201430906,2,11,0,-1,3,8,4,-1,2,0,0,0,0,0,0,1,-1,1,1,50,8,8268,2,21,DENNIS MODEL MISSING,1,E01010131,0,2
2024010494809,2024,010494809,2,90,0,9,9,1,7,0,0,8,0,0,0,0,1,1,1,1,1,29,6,7698,2,4,DENNIS MODEL MISSING,4,E01021849,0,4
2024122400857,2024,122400857,1,11,0,18,19,4,8,0,0,0,0,0,0,0,1,1,3,7,1,31,6,8268,2,22,DENNIS MODEL MISSING,1,E01012107,0,3
2024622400379,2024,622400379,2,11,0,18,19,4,8,0,0,1,0,0,0,0,4,1,1,1,1,26,6,4461,2,12,DENNIS MODEL MISSING,2,W01001705,0,4
2024161460958,2024,161460958,1,21,0,-1,1,7,3,-1,0,6,0,0,0,0,2,9,-1,1,3,-1,-1,-1,-1,-1,DENNIS MODEL MISSING,-1,-1,0,-1
2024211425248,2024,211425248,2,20,0,-1,4,5,1,-1,0,0,0,0,0,0,2,9,-1,1,1,40,7,-1,-1,-1,DENNIS MODEL MISSING,3,E01029397,0,3
2024461406155,2024,461406155,1,21,0,-1,4,1,5,-1,0,0,0,0,0,0,1,1,-1,1,1,37,7,-1,-1,-1,DENNIS MODEL MISSING,3,E01035312,0,2
2024010534204,2024,010534204,2,90,0,9,9,5,2,0,0,8,0,0,0,0,1,1,6,6,3,-1,-1,7698,2,3,DENNIS MODEL MISSING,-1,-1,0,-1
2024131472142,2024,131472142,2,90,0,-1,3,8,3,-1,-1,8,0,0,0,0,0,1,-1,6,3,-1,-1,7698,2,5,DENNIS MODEL MISSING,-1,-1,0,-1
2024471462351,2024,471462351,1,20,0,-1,19,1,5,-1,0,1,0,0,0,0,1,1,-1,1,1,21,5,-1,-1,-1,DENNIS MODEL MISSING,8,E01031778,0,1
2024010537887,2024,010537887,1,21,1,18,19,1,5,0,0,2,0,0,0,0,1,1,1,1,1,42,7,-1,-1,-1,DENNIS MODEL MISSING,2,E01001787,0,1
2024552400298,2024,552400298,2,21,0,18,19,4,8,0,0,0,0,0,0,0,3,1,1,1,1,42,7,-1,-1,-1,DENNIS MODEL MISSING,4,E01020346,0,2
2024471483785,2024,471483785,2,20,0,-1,19,6,2,-1,0,0,0,0,0,0,1,1,-1,1,1,56,9,-1,-1,-1,DENNIS MODEL MISSING,6,E01035325,0,2
2024351473235,2024,351473235,1,21,0,-1,5,1,5,-1,0,0,5,0,1,0,0,1,-1,6,1,63,9,-1,-1,-1,DENNIS MODEL MISSING,5,E01018158,0,3
2024010528281,2024,010528281,1,90,0,5,5,1,5,0,0,0,0,0,0,0,4,1,1,1,1,55,8,7698,2,4,DENNIS MODEL MISSING,2,E01003577,0,3
2024201448629,2024,201448629,2,90,0,-1,3,2,6,-1,0,1,0,0,0,0,0,1,-1,1,1,-1,-1,7698,2,1,DENNIS MODEL MISSING,-1,-1,0,-1
2024010539424,2024,010539424,1,20,0,4,4,5,1,0,0,1,0,0,0,0,0,1,1,1,1,61,9,-1,-1,-1,DENNIS MODEL MISSING,3,E01035678,0,1
2024010510197,2024,010510197,2,90,0,4,4,1,5,0,0,1,0,0,0,0,2,1,1,1,1,48,8,7698,2,5,DENNIS MODEL MISSING,4,E01004342,0,1
2024622400647,2024,622400647,1,11,0,18,19,4,8,0,0,1,0,0,0,0,1,1,1,1,1,55,8,-1,2,19,DENNIS MODEL MISSING,5,W01001007,0,1
2024991531175,2024,991531175,1,90,0,-1,4,2,6,-1,0,0,0,0,0,0,4,1,-1,1,1,58,9,7698,2,2,DENNIS MODEL MISSING,2,-1,0,4
2024141471116,2024,141471116,1,21,0,-1,4,7,3,-1,0,0,0,0,0,0,3,9,-1,1,1,57,9,-1,-1,-1,DENNIS MODEL MISSING,6,E01007853,0,1
2024451410060,2024,451410060,2,2,0,-1,13,1,5,-1,0,1,0,0,0,0,1,1,-1,9,1,17,4,50,1,3,DERBI SENDA,5,E01001092,0,3
2024320706762,2024,320706762,2,2,0,13,13,2,6,0,0,1,0,0,0,0,1,1,-1,-1,1,18,4,50,1,3,DERBI SENDA,9,E01026139,0,2
2024501510644,2024,501510644,1,2,0,-1,19,5,1,-1,0,8,0,0,0,0,1,1,-1,1,1,16,4,50,1,13,DERBI SENDA,3,E01020067,0,3
2024311502271,2024,311502271,2,2,0,-1,19,5,1,-1,0,1,2,0,0,0,1,1,-1,9,1,24,5,49,1,21,DERBI SENDA,5,E01028243,0,1
2024401498648,2024,401498648,1,2,0,-1,19,-1,-1,-1,0,1,2,0,0,0,1,1,-1,6,1,16,4,50,1,6,DERBI SENDA,9,E01017456,0,1
2024122400779,2024,122400779,1,2,0,18,19,7,3,0,0,6,0,11,0,0,1,1,4,7,1,16,4,50,1,3,DERBI SENDA,5,E01027800,0,1
2024361416555,2024,361416555,1,3,0,-1,19,5,1,-1,0,0,2,4,7,0,1,1,-1,9,1,17,4,124,1,14,DERBI SENDA,7,E01026897,0,2
2024371505589,2024,371505589,1,3,0,-1,19,6,3,-1,0,0,0,0,0,0,1,1,-1,2,2,16,4,-1,-1,-1,DERBI SENDA,6,E01026872,0,4
2024201459067,2024,201459067,1,3,0,-1,7,3,5,-1,0,1,0,0,0,0,1,1,-1,6,1,23,5,124,1,8,DERBI SENDA,1,E01008887,0,1
2024440398423,2024,440398423,1,2,0,18,19,8,4,0,0,8,0,0,0,0,4,1,6,6,1,16,4,50,1,7,DERBI SENDA,9,E01035438,0,1
2024010538853,2024,010538853,1,5,0,99,99,9,9,99,99,9,9,99,9,99,1,1,2,2,1,44,7,803,1,6,-1,3,E01004533,0,1
2024411415311,2024,411415311,2,5,0,-1,19,5,1,-1,0,2,2,0,0,0,4,1,-1,2,1,53,8,803,1,5,-1,6,E01023927,0,1
2024161422466,2024,161422466,1,9,0,-1,2,0,0,-1,0,0,0,0,0,0,4,1,-1,6,3,-1,-1,1248,2,9,FIAT 500L,-1,-1,0,-1
2024991480893,2024,991480893,2,9,0,-1,4,7,5,-1,0,2,0,0,0,0,3,1,-1,9,2,66,10,1248,2,10,FIAT 500L,1,-1,0,1
2024401498750,2024,401498750,1,9,0,-1,19,5,1,-1,0,1,0,0,0,0,1,1,-1,9,2,47,8,1368,1,7,FIAT 500L,3,E01017601,0,1
2024552401532,2024,552401532,3,9,0,3,3,2,6,0,0,0,0,0,0,0,2,1,6,6,1,51,8,1598,2,10,FIAT 500L,6,E01015460,0,1
2024010506288,2024,010506288,2,9,0,18,19,5,1,0,0,0,0,0,0,0,1,1,6,6,2,36,7,1368,1,11,FIAT 500L,5,E01004709,0,2
2024421474573,2024,421474573,2,9,0,-1,4,8,4,-1,0,1,0,0,0,0,2,1,-1,9,2,62,9,1368,1,10,FIAT 500L,9,E01015817,0,1
2024411462607,2024,411462607,2,9,0,-1,-1,-1,-1,-1,-1,0,-1,-1,-1,0,2,1,-1,9,2,45,7,1248,2,11,FIAT 500L,9,E01023565,0,1
2024440513499,2024,440513499,2,9,0,18,19,7,3,0,0,1,0,0,0,0,3,1,3,7,2,48,8,1248,2,11,FIAT 500L,4,E01023019,0,1
2024010543297,2024,010543297,2,9,0,9,9,7,5,0,0,8,0,0,0,0,4,1,6,6,1,43,7,1368,1,10,FIAT 500L,2,E01000101,0,4
2024451535318,2024,451535318,2,9,0,-1,2,5,1,-1,9,1,0,0,0,0,4,1,-1,6,-1,-1,-1,1368,1,11,FIAT 500L,-1,-1,0,-1
2024131403978,2024,131403978,1,9,0,-1,19,8,4,-1,0,0,0,0,0,0,4,1,-1,6,2,75,10,1248,2,11,FIAT 500L,1,E01011345,0,3
2024501505933,2024,501505933,1,9,0,-1,4,5,1,-1,0,0,0,0,0,0,1,1,-1,9,2,45,7,1598,2,10,FIAT 500L,4,E01020262,0,1
2024461400812,2024,461400812,1,9,0,-1,8,7,3,-1,0,1,0,0,0,0,1,9,-1,6,-1,-1,-1,1598,2,9,FIAT 500L,-1,-1,0,-1
2024991497752,2024,991497752,1,9,0,-1,7,1,3,-1,0,1,0,0,1,4,1,1,-1,1,2,62,9,1248,2,10,FIAT 500L,4,E01025261,0,5
2024010492067,2024,010492067,1,9,0,99,99,9,9,99,99,0,9,99,9,99,1,1,6,6,2,34,6,1368,1,9,FIAT 500L,3,E01003112,0,1
2024131440752,2024,131440752,1,9,0,-1,-1,-1,-1,-1,-1,4,-1,-1,-1,0,-1,1,-1,6,3,-1,-1,1248,2,9,FIAT 500L,-1,-1,0,-1
2024221522327,2024,221522327,1,9,0,-1,3,8,4,-1,0,1,0,0,0,0,2,1,-1,2,2,59,9,1368,1,10,FIAT 500L,8,E01032190,0,2
2024991455947,2024,991455947,1,9,0,-1,4,6,2,-1,0,0,0,0,0,0,2,1,-1,6,2,33,6,1248,2,11,FIAT 500L,2,-1,0,1
2024141478026,2024,141478026,1,9,0,-1,19,4,8,-1,0,0,0,0,0,0,4,1,-1,9,1,42,7,1598,2,9,FIAT 500L,2,E01007324,0,4
2024332400816,2024,332400816,1,9,0,-1,13,5,1,-1,0,1,0,0,0,0,4,1,-1,9,2,33,6,1368,1,11,FIAT 500L,8,E01013808,0,1
2024070898507,2024,070898507,1,9,0,-1,4,2,6,-1,0,1,1,0,0,0,1,1,-1,6,1,47,8,1368,1,11,FIAT 500L,5,E01006892,0,3
2024041518519,2024,041518519,1,9,0,-1,7,4,6,-1,0,6,0,0,0,0,1,1,-1,9,2,69,10,1248,2,11,FIAT 500L,1,E01025286,0,1
2024041404504,2024,041404504,2,9,0,-1,4,3,7,-1,0,1,0,0,0,0,2,1,-1,9,2,58,9,1248,2,10,FIAT 500L,1,E01012675,0,1
2024061459535,2024,061459535,4,9,0,-1,9,3,7,-1,0,1,0,11,0,0,3,1,-1,9,2,46,8,1598,2,10,FIAT 500L,1,E01006031,0,1
2024991481596,2024,991481596,1,9,0,-1,19,4,1,-1,0,0,5,0,1,7,1,1,-1,9,1,43,7,1248,2,10,FIAT 500L,3,-1,0,4
2024201400724,2024,201400724,1,9,0,-1,7,1,5,-1,0,5,0,0,0,0,4,9,-1,6,2,68,10,1248,2,10,FIAT 500L,1,E01010288,0,1
2024332400542,2024,332400542,2,9,0,-1,5,8,4,-1,0,6,0,0,0,0,4,1,-1,6,1,25,5,1248,2,10,FIAT 500L,8,E01028387,0,2
2024302400328,2024,302400328,1,9,0,18,19,1,5,0,0,2,0,0,0,0,1,1,6,6,2,46,8,1248,2,10,FIAT 500L,2,E01013473,0,1
2024010533904,2024,010533904,1,9,0,7,7,7,2,0,0,6,0,0,0,0,1,1,1,1,2,31,6,1368,1,3,FIAT 500L,4,E01003722,0,1
2024451397469,2024,451397469,2,9,0,-1,19,5,1,-1,0,0,0,0,0,0,1,1,-1,1,1,46,8,1248,2,6,FIAT 500L,5,E01002977,0,4
2024451400326,2024,451400326,2,9,0,-1,19,7,3,-1,0,1,1,0,0,0,1,1,-1,1,1,25,5,1248,2,10,FIAT 500L,7,E01031661,0,4
2024201425241,2024,201425241,1,9,0,-1,19,5,1,-1,0,0,0,0,0,0,2,1,-1,6,2,57,9,1248,2,9,FIAT 500L,1,E01009952,0,1
2024361536147,2024,361536147,1,9,0,-1,19,5,2,-1,0,1,0,0,0,0,1,1,-1,6,1,41,7,1248,2,10,FIAT 500L,7,E01033540,0,1
2024061518962,2024,061518962,1,9,0,-1,19,-1,-1,-1,0,0,0,99,0,0,2,2,-1,2,2,38,7,1248,2,10,FIAT 500L,3,E01006272,0,1
2024221432562,2024,221432562,1,9,0,-1,3,8,4,-1,0,0,0,0,0,0,3,9,-1,9,2,34,6,1248,2,10,FIAT 500L,5,E01032264,0,1
2024010531954,2024,010531954,2,9,9,99,99,9,9,99,99,9,9,99,9,99,1,9,6,6,3,-1,-1,1368,1,11,FIAT 500L,-1,-1,0,-1
2024501435987,2024,501435987,2,9,0,-1,3,5,1,-1,0,3,0,0,0,0,2,1,-1,9,2,45,7,1368,1,11,FIAT 500L,10,E01020200,0,4
2024610031024,2024,610031024,1,9,0,16,19,6,8,0,0,0,5,0,7,0,1,1,6,6,1,53,8,1598,2,11,FIAT 500L,3,W01001489,0,2
2024461499705,2024,461499705,1,9,0,-1,19,8,5,-1,0,4,0,0,0,0,3,1,-1,9,2,41,7,1248,2,10,FIAT 500L,5,E01016034,0,3
2024101500705,2024,101500705,1,9,0,-1,19,5,1,-1,0,6,0,0,0,0,1,1,-1,6,1,66,10,1248,2,10,FIAT 500L,4,E01027373,0,3
2024631498687,2024,631498687,2,9,0,-1,4,2,6,-1,0,1,0,0,0,0,2,1,-1,9,2,70,10,1368,1,5,FIAT 500L,8,W01000597,0,2
2024061452794,2024,061452794,1,9,0,-1,19,7,3,-1,0,0,0,0,0,0,1,1,-1,9,1,73,10,1248,2,11,FIAT 500L,3,E01004964,0,1
2024371513854,2024,371513854,2,9,0,-1,19,7,3,-1,0,1,0,0,0,0,1,1,-1,6,2,34,6,1368,1,11,FIAT 500L,4,E01030022,0,1
2024161501205,2024,161501205,1,9,0,-1,19,7,3,-1,0,0,0,0,0,0,2,1,-1,6,2,59,9,1248,2,10,FIAT 500L,1,E01012859,0,1
2024131490078,2024,131490078,2,9,0,-1,19,5,8,-1,0,8,0,0,0,0,1,1,-1,9,2,42,7,1368,1,10,FIAT 500L,8,E01010862,0,3
2024461500933,2024,461500933,1,9,0,-1,4,6,2,-1,0,1,1,0,2,0,3,1,-1,2,2,30,6,1368,1,11,FIAT 500L,3,E01024622,0,3
2024131426747,2024,131426747,1,9,0,-1,19,7,4,-1,0,8,0,0,0,0,4,1,-1,9,2,37,7,1248,2,11,FIAT 500L,1,E01011811,0,1
2024451442370,2024,451442370,1,9,0,-1,19,5,1,-1,0,0,0,0,0,0,2,1,-1,9,2,25,5,1598,2,10,FIAT 500L,9,E01030696,0,1
2024161452237,2024,161452237,1,9,0,-1,19,5,1,-1,0,1,0,0,0,0,1,1,-1,6,2,20,4,1248,2,10,FIAT 500L,8,E01035471,0,2
2024302401451,2024,302401451,1,9,0,18,19,1,5,0,0,1,0,0,0,0,4,1,6,6,3,-1,-1,875,1,10,FIAT 500L,5,E01019456,0,3