collision_index,collision_year,collision_ref_no,vehicle_reference,vehicle_type,towing_and_articulation,vehicle_manoeuvre_historic,vehicle_manoeuvre,vehicle_direction_from,vehicle_direction_to,vehicle_location_restricted_lane_historic,vehicle_location_restricted_lane,junction_location,skidding_and_overturning,hit_object_in_carriageway,vehicle_leaving_carriageway,hit_object_off_carriageway,first_point_of_impact,vehicle_left_hand_drive,journey_purpose_of_driver_historic,journey_purpose_of_driver,sex_of_driver,age_of_driver,age_band_of_driver,engine_capacity_cc,propulsion_code,age_of_vehicle,generic_make_model,driver_imd_decile,lsoa_of_driver,escooter_flag,driver_distance_banding
2024161444133,2024,161444133,1,19,0,-1,19,7,3,-1,0,1,0,0,0,0,1,1,-1,1,2,22,5,-1,-1,-1,RENAULT TRUCKS MASTER,-1,-1,0,-1
2024471538299,2024,471538299,1,19,0,-1,20,5,1,-1,0,0,0,0,0,0,0,1,-1,6,1,54,8,2299,2,2,RENAULT TRUCKS MASTER,9,E01031727,0,1
2024010533230,2024,010533230,2,19,0,99,99,9,9,99,99,9,9,99,9,99,1,9,6,6,3,-1,-1,2299,2,1,RENAULT TRUCKS MASTER,-1,-1,0,-1
202460Q051359,2024,60Q051359,1,19,0,18,19,1,5,0,0,4,0,0,0,0,3,1,1,1,1,52,8,2299,2,3,RENAULT TRUCKS MASTER,-1,-1,0,-1
2024010500366,2024,010500366,2,19,0,4,4,3,7,0,0,1,0,0,0,0,1,1,1,1,1,27,6,2299,2,0,RENAULT TRUCKS MASTER,6,E01005863,0,5
2024061427861,2024,061427861,4,19,0,-1,2,0,0,-1,0,0,0,0,0,0,2,1,-1,6,-1,-1,-1,2299,2,7,RENAULT TRUCKS MASTER,-1,-1,0,-1
2024361443722,2024,361443722,1,21,-1,-1,4,-1,-1,-1,0,1,0,0,0,0,-1,9,-1,6,1,27,6,-1,-1,-1,RENAULT TRUCKS MASTER,1,E01010053,0,5
2024520403136,2024,520403136,1,90,0,4,4,3,7,0,0,2,0,0,0,0,1,1,1,1,1,33,6,2299,2,1,RENAULT TRUCKS MASTER,6,E01015366,0,4
2024161411694,2024,161411694,2,19,0,-1,4,7,3,-1,0,1,0,0,0,0,1,1,-1,1,1,22,5,2299,2,3,RENAULT TRUCKS MASTER,2,E01010362,0,5
2024010527824,2024,010527824,1,10,0,18,19,3,7,0,0,1,0,0,0,0,4,1,1,1,1,63,9,2299,2,7,RENAULT TRUCKS MASTER,3,E01021503,0,4
2024332401046,2024,332401046,2,19,0,-1,19,2,6,-1,0,0,0,0,0,0,1,1,-1,1,1,39,7,2299,2,7,RENAULT TRUCKS MASTER,1,E01013533,0,4
2024010544850,2024,010544850,2,19,9,99,99,9,9,99,99,9,9,99,9,99,2,9,6,6,3,-1,-1,2299,2,5,RENAULT TRUCKS MASTER,-1,-1,0,-1
2024520402008,2024,520402008,1,19,0,18,19,5,1,0,0,0,0,0,0,0,1,1,6,6,2,32,6,2299,2,3,RENAULT TRUCKS MASTER,6,E01029267,0,3
2024520001577,2024,520001577,2,19,0,18,19,-1,-1,0,0,0,0,0,0,0,1,1,6,6,1,32,6,2299,2,0,RENAULT TRUCKS MASTER,7,E01010373,0,5
2024411522542,2024,411522542,1,20,-1,-1,-1,-1,-1,-1,-1,0,-1,-1,-1,0,-1,9,-1,6,1,47,8,-1,-1,-1,RENAULT TRUCKS MASTER,-1,-1,0,-1
2024501505096,2024,501505096,1,19,9,-1,19,1,5,-1,0,1,9,0,0,0,1,9,-1,6,1,29,6,2299,2,0,RENAULT TRUCKS MASTER,1,E01015155,0,1
2024231404236,2024,231404236,1,19,0,-1,19,8,4,-1,0,0,0,0,0,0,1,1,-1,1,1,38,7,2299,2,1,RENAULT TRUCKS MASTER,2,E01020788,0,5
2024010541694,2024,010541694,2,19,0,99,99,9,9,99,99,0,9,99,9,99,1,9,6,6,3,-1,-1,2299,2,2,RENAULT TRUCKS MASTER,-1,-1,0,-1
2024411471239,2024,411471239,1,19,0,-1,5,7,3,-1,0,4,0,0,0,0,1,1,-1,1,1,35,6,2299,2,6,RENAULT TRUCKS MASTER,8,E01015695,0,4
2024010510199,2024,010510199,1,20,0,18,19,2,6,0,0,1,0,0,0,0,3,1,1,1,1,23,5,-1,-1,-1,RENAULT TRUCKS MASTER,4,E01024582,0,4
2024131506633,2024,131506633,1,19,0,-1,19,2,6,-1,0,2,0,0,0,0,3,1,-1,1,1,23,5,2299,2,3,RENAULT TRUCKS MASTER,2,E01011781,0,1
2024211495409,2024,211495409,1,19,0,-1,19,1,5,-1,0,0,0,0,0,0,1,1,-1,1,1,68,10,2299,2,2,RENAULT TRUCKS MASTER,10,-1,0,4
2024010534434,2024,010534434,1,19,0,7,7,7,1,0,0,1,0,0,0,0,4,1,6,6,1,24,5,2299,2,6,RENAULT TRUCKS MASTER,-1,-1,0,-1
2024010509003,2024,010509003,1,19,0,8,8,6,7,0,0,1,0,0,0,0,2,1,1,1,1,43,7,-1,-1,-1,RENAULT TRUCKS MASTER,3,E01004575,0,2
2024010518318,2024,010518318,2,10,0,99,99,9,9,99,99,0,9,99,9,99,2,9,6,6,3,63,9,-1,-1,-1,RENAULT TRUCKS MASTER,5,E01034599,0,2
2024211465271,2024,211465271,2,19,0,-1,3,3,7,-1,0,0,0,0,0,0,2,2,-1,1,1,55,8,2299,2,4,RENAULT TRUCKS MASTER,-1,-1,0,-1
2024010541261,2024,010541261,2,19,0,18,19,8,4,0,0,1,0,0,0,0,3,1,2,2,1,33,6,2299,2,2,RENAULT TRUCKS MASTER,3,E01003154,0,2
2024451476697,2024,451476697,2,19,0,-1,13,3,7,-1,0,1,0,0,0,0,1,1,-1,1,1,57,9,2299,2,4,RENAULT TRUCKS MASTER,2,E01016150,0,4
2024421409486,2024,421409486,2,19,0,-1,4,8,8,-1,0,1,0,0,0,0,2,1,-1,6,1,32,6,2299,2,0,RENAULT TRUCKS MASTER,6,E01010431,0,5
2024522403393,2024,522403393,1,90,0,13,13,8,4,0,0,8,0,0,0,0,1,1,1,1,1,30,6,2299,2,1,RENAULT TRUCKS MASTER,10,E01014737,0,3
2024131529705,2024,131529705,2,19,0,-1,19,7,3,-1,0,1,0,0,0,0,1,1,-1,1,1,18,4,2299,2,4,RENAULT TRUCKS MASTER,1,E01011434,0,3
2024631486805,2024,631486805,2,19,0,-1,7,3,7,-1,0,8,0,0,1,0,2,1,-1,1,1,37,7,2299,2,3,RENAULT TRUCKS MASTER,2,W01000960,0,4
2024501493609,2024,501493609,1,19,0,-1,11,5,1,-1,0,0,0,0,0,0,1,1,-1,1,1,27,6,2299,2,5,RENAULT TRUCKS MASTER,3,E01015212,0,4
2024010534764,2024,010534764,2,20,9,99,99,9,9,99,99,0,9,99,9,99,9,9,6,6,1,52,8,2299,2,6,RENAULT TRUCKS MASTER,3,E01002807,0,2
2024461457522,2024,461457522,1,90,0,-1,2,0,0,-1,0,0,0,0,0,0,2,1,-1,1,1,60,9,2299,2,5,RENAULT TRUCKS MASTER,1,E01024611,0,4
2024201530688,2024,201530688,1,19,0,-1,19,6,2,-1,0,0,0,0,0,0,4,9,-1,6,3,30,6,2299,2,3,RENAULT TRUCKS MASTER,-1,-1,0,-1
2024231484093,2024,231484093,1,19,0,-1,11,4,8,-1,0,0,0,0,0,0,1,1,-1,6,1,29,6,2299,2,3,RENAULT TRUCKS MASTER,1,E01009488,0,3
2024520500321,2024,520500321,1,19,0,4,4,6,2,0,0,0,5,0,1,0,1,1,2,2,1,40,7,2299,2,2,RENAULT TRUCKS MASTER,6,E01029020,0,3
2024440217865,2024,440217865,1,19,0,18,19,5,1,0,0,6,0,0,0,0,1,1,1,1,1,55,8,2299,2,1,RENAULT TRUCKS MASTER,7,E01033860,0,4
2024211468757,2024,211468757,2,19,0,-1,2,2,6,-1,0,0,0,0,0,0,2,1,-1,1,1,30,6,2299,2,1,RENAULT TRUCKS MASTER,6,E01014178,0,4
2024461523633,2024,461523633,2,19,0,-1,11,7,3,-1,0,0,0,0,0,0,2,1,-1,9,1,27,6,-1,-1,-1,RENAULT TRUCKS MASTER,5,E01030819,0,4
2024461481244,2024,461481244,1,20,0,-1,1,3,7,-1,0,0,0,0,0,0,2,9,-1,6,1,34,6,2299,2,0,RENAULT TRUCKS MASTER,3,E01024092,0,1
2024361446105,2024,361446105,2,19,0,-1,19,4,8,-1,0,1,0,0,0,0,4,1,-1,1,1,37,7,-1,-1,-1,RENAULT TRUCKS MASTER,6,E01026757,0,4
2024991508231,2024,991508231,1,19,0,-1,19,5,1,-1,0,0,0,0,0,0,1,1,-1,1,1,18,4,2299,2,0,RENAULT TRUCKS MASTER,-1,-1,0,-1
2024531520135,2024,531520135,2,19,0,-1,19,1,5,-1,0,2,0,0,0,0,1,1,-1,1,1,33,6,2299,2,5,RENAULT TRUCKS MASTER,4,E01015020,0,4
2024041507122,2024,041507122,2,19,0,-1,19,1,5,-1,0,0,0,0,0,0,2,1,-1,1,1,47,8,2299,2,3,RENAULT TRUCKS MASTER,2,E01005678,0,4
2024501511698,2024,501511698,1,19,0,-1,19,2,6,-1,0,0,1,0,2,0,1,1,-1,1,1,22,5,2299,2,4,RENAULT TRUCKS MASTER,1,E01009124,0,5
2024010506695,2024,010506695,2,19,0,99,99,9,9,99,99,9,9,99,9,99,3,9,6,6,2,51,8,2299,2,6,RENAULT TRUCKS MASTER,6,E01024173,0,4
2024421504351,2024,421504351,1,19,0,-1,19,5,1,-1,0,0,0,0,0,0,3,1,-1,6,1,-1,-1,2299,2,6,RENAULT TRUCKS MASTER,-1,-1,0,-1
2024351533888,2024,351533888,2,9,0,-1,19,1,5,-1,0,2,0,0,0,0,1,1,-1,2,2,39,7,1968,2,10,SKODA SUPERB,2,E01015656,0,1
2024161423238,2024,161423238,1,8,0,-1,9,5,1,-1,0,8,0,0,0,0,2,1,-1,1,1,60,9,1968,2,9,SKODA SUPERB,4,E01012799,0,3
2024041451789,2024,041451789,2,9,0,-1,19,5,1,-1,0,1,0,0,0,0,1,1,-1,1,1,55,8,1984,1,1,SKODA SUPERB,8,E01025074,0,3
2024531413834,2024,531413834,2,9,0,-1,2,0,0,-1,0,0,0,0,0,0,1,1,-1,6,-1,-1,-1,1968,2,6,SKODA SUPERB,-1,-1,0,-1
2024991444230,2024,991444230,2,9,0,-1,19,8,4,-1,0,1,0,0,0,0,2,1,-1,9,1,70,10,1395,8,3,SKODA SUPERB,8,E01010151,0,5
2024991450892,2024,991450892,3,9,0,-1,19,4,8,-1,0,0,0,0,0,0,2,1,-1,9,1,54,8,1968,2,2,SKODA SUPERB,7,-1,0,4
2024440207392,2024,440207392,2,9,0,3,3,7,3,0,0,0,0,0,0,0,2,1,2,2,1,36,7,1968,2,18,SKODA SUPERB,7,E01022797,0,1
2024440173365,2024,440173365,1,9,0,18,19,8,4,0,0,8,0,0,0,0,1,1,6,6,1,43,7,1984,1,9,SKODA SUPERB,10,E01022553,0,1
2024311411303,2024,311411303,1,9,0,-1,5,5,1,-1,0,8,0,0,0,0,1,1,-1,6,1,55,8,1968,2,8,SKODA SUPERB,3,E01013944,0,1
2024991444411,2024,991444411,2,9,0,-1,2,0,0,-1,0,1,0,0,0,0,3,1,-1,6,3,-1,-1,1598,2,9,SKODA SUPERB,-1,-1,0,-1
2024430334265,2024,430334265,1,9,0,11,11,1,5,0,0,0,0,0,0,0,4,1,1,1,1,53,8,1498,1,2,SKODA SUPERB,-1,-1,0,-1
2024520500111,2024,520500111,3,9,0,3,3,5,1,0,0,1,0,0,0,0,2,1,6,6,1,-1,-1,1395,1,6,SKODA SUPERB,10,E01029083,0,1
2024141519397,2024,141519397,1,9,0,-1,19,4,8,-1,0,1,0,0,0,0,1,9,-1,1,1,41,7,1984,1,2,SKODA SUPERB,1,E01007902,0,2
2024141466065,2024,141466065,1,9,0,-1,5,8,4,-1,0,8,0,0,0,0,4,1,-1,1,1,42,7,1984,1,3,SKODA SUPERB,1,E01007902,0,4
2024361469908,2024,361469908,2,9,0,-1,19,7,3,-1,0,1,0,0,0,0,1,1,-1,6,1,40,7,1968,2,16,SKODA SUPERB,2,E01026662,0,1
2024991493269,2024,991493269,2,9,0,-1,19,2,6,-1,0,0,1,0,0,0,1,1,-1,1,1,21,5,1968,2,8,SKODA SUPERB,6,-1,0,4
2024320078555,2024,320078555,1,9,0,-1,-1,1,5,0,0,2,0,0,0,0,4,1,6,6,1,66,10,1390,1,10,SKODA SUPERB,8,E01013154,0,4
2024010497992,2024,010497992,1,9,0,18,19,1,5,0,0,0,0,0,0,0,0,1,6,6,1,41,7,1968,2,4,SKODA SUPERB,7,E01021608,0,4
2024991502215,2024,991502215,1,9,0,-1,19,5,1,-1,0,0,2,0,0,0,4,1,-1,9,1,79,11,1968,2,8,SKODA SUPERB,7,-1,0,4
2024161431241,2024,161431241,1,9,0,-1,19,6,2,-1,0,0,0,0,0,0,1,1,-1,9,1,59,9,1968,2,7,SKODA SUPERB,2,E01013202,0,1
2024010531336,2024,010531336,1,9,0,2,2,0,0,0,0,0,0,0,0,0,3,1,6,6,3,-1,-1,1968,2,7,SKODA SUPERB,-1,-1,0,-1
2024320272184,2024,320272184,1,9,0,-1,-1,2,6,0,0,0,0,0,7,9,1,1,6,6,2,44,7,1395,8,4,SKODA SUPERB,6,E01026391,0,1
2024461470796,2024,461470796,1,9,0,-1,19,3,7,-1,0,2,0,0,1,10,1,1,-1,9,2,81,11,1498,1,4,SKODA SUPERB,7,E01024707,0,1
2024991518014,2024,991518014,2,9,0,-1,10,6,4,-1,0,8,0,0,0,0,2,1,-1,6,1,62,9,1968,2,1,SKODA SUPERB,7,-1,0,4
2024991534801,2024,991534801,2,9,0,-1,19,5,1,-1,0,8,0,0,0,0,4,1,-1,1,1,45,7,1968,2,1,SKODA SUPERB,3,-1,0,1
2024440358936,2024,440358936,1,9,0,6,6,2,3,0,0,0,0,0,0,0,1,1,1,1,2,63,9,1598,2,4,SKODA SUPERB,1,E01022903,0,1
2024411543327,2024,411543327,1,9,0,-1,2,7,2,-1,0,1,0,0,0,0,1,1,-1,1,1,50,8,1968,2,4,SKODA SUPERB,10,E01023648,0,1
2024451509255,2024,451509255,2,9,0,-1,19,3,7,-1,0,0,0,0,0,0,1,1,-1,1,1,28,6,1968,2,4,SKODA SUPERB,-1,-1,0,-1
2024131521638,2024,131521638,2,9,0,-1,2,0,0,-1,9,8,0,0,0,0,0,1,-1,1,1,52,8,1984,1,0,SKODA SUPERB,7,E01034266,0,3
2024211443845,2024,211443845,1,8,0,-1,7,0,0,-1,0,8,0,0,0,0,1,1,-1,6,1,51,8,1968,2,10,SKODA SUPERB,-1,-1,0,-1
2024401539211,2024,401539211,2,9,0,-1,2,0,0,-1,0,0,0,0,0,0,2,1,-1,6,2,90,11,1968,2,11,SKODA SUPERB,10,E01017611,0,1
2024131489001,2024,131489001,2,9,0,-1,9,8,4,-1,0,0,0,0,0,0,1,1,-1,6,1,55,8,1968,2,9,SKODA SUPERB,2,E01011043,0,1
2024010542582,2024,010542582,1,8,0,99,99,9,9,99,99,9,9,99,9,99,9,9,1,1,1,48,8,1395,1,8,SKODA SUPERB,7,E01002187,0,3
2024131430944,2024,131430944,1,9,0,-1,19,3,7,-1,0,0,0,0,0,0,1,1,-1,6,3,-1,-1,1968,2,15,SKODA SUPERB,-1,-1,0,-1
2024440348257,2024,440348257,2,8,0,18,19,5,1,0,0,4,0,0,0,0,1,1,1,1,1,62,9,1498,1,2,SKODA SUPERB,7,E01032845,0,1
2024302401434,2024,302401434,2,9,0,17,19,3,8,0,0,8,0,0,0,0,1,1,2,2,1,40,7,1968,2,11,SKODA SUPERB,4,E01019455,0,3
2024070568287,2024,070568287,1,9,0,18,19,6,2,0,0,1,0,0,0,0,1,1,6,6,1,-1,-1,1598,2,8,SKODA SUPERB,7,E01006923,0,4
2024131398306,2024,131398306,2,9,0,-1,19,1,5,-1,0,8,0,0,0,0,4,1,-1,1,1,31,6,1968,2,7,SKODA SUPERB,2,E01011781,0,1
2024451461731,2024,451461731,3,9,0,-1,2,0,0,-1,0,0,0,0,0,0,3,1,-1,6,-1,-1,-1,1968,2,14,SKODA SUPERB,-1,-1,0,-1
2024631505762,2024,631505762,1,8,0,-1,19,6,3,-1,0,0,0,6,2,11,1,1,-1,1,1,66,10,1968,2,7,SKODA SUPERB,8,W01000624,0,3
2024041449878,2024,041449878,4,9,0,-1,19,3,7,-1,0,0,0,0,0,0,3,1,-1,1,1,36,7,1968,2,4,SKODA SUPERB,7,W01000153,0,5
202454C177324,2024,54C177324,2,9,0,3,3,1,5,0,0,1,0,0,0,0,1,1,6,6,2,50,8,1968,2,11,SKODA SUPERB,8,E01022221,0,2
2024010520162,2024,010520162,2,9,0,18,19,1,5,0,0,7,0,0,0,0,1,1,2,2,1,38,7,1968,2,8,SKODA SUPERB,7,E01002985,0,2
2024201487977,2024,201487977,1,8,0,-1,12,2,6,-1,0,0,0,0,0,0,3,1,-1,1,1,45,7,1395,8,4,SKODA SUPERB,-1,-1,0,-1
2024302401482,2024,302401482,1,9,0,18,19,7,3,0,0,2,0,4,0,0,1,1,2,2,1,64,9,1968,2,8,SKODA SUPERB,9,E01019784,0,1
2024101418663,2024,101418663,1,8,0,-1,2,7,3,-1,-1,0,0,0,0,0,3,1,-1,1,1,-1,-1,1598,2,10,SKODA SUPERB,-1,-1,0,-1
2024122400937,2024,122400937,2,9,0,16,19,3,7,0,0,0,0,0,0,0,1,1,6,6,1,61,9,1968,2,6,SKODA SUPERB,10,E01027598,0,3
2024401441033,2024,401441033,1,8,0,-1,6,7,7,-1,0,2,0,0,0,0,1,1,-1,6,1,43,7,1968,2,10,SKODA SUPERB,3,E01017539,0,1
2024311429779,2024,311429779,2,9,0,-1,15,2,5,-1,0,0,0,4,0,0,1,1,-1,2,1,63,9,1395,8,1,SKODA SUPERB,8,E01028411,0,1
2024991442712,2024,991442712,1,9,0,-1,9,1,4,-1,0,6,0,0,1,9,2,1,-1,6,1,88,11,1968,2,12,SKODA SUPERB,7,-1,0,1
2024451399993,2024,451399993,2,9,0,-1,19,5,1,-1,0,1,0,0,0,0,1,1,-1,1,1,58,9,1395,8,3,SKODA SUPERB,9,E01021231,0,4
2024010540655,2024,010540655,3,9,0,99,99,9,9,0,0,0,9,99,9,99,2,9,6,6,3,-1,-1,1968,2,6,SKODA SUPERB,-1,-1,0,-1
2024451480952,2024,451480952,2,9,0,-1,2,3,7,-1,0,0,0,0,0,0,2,1,-1,1,1,48,8,1968,2,6,SKODA SUPERB,6,E01030610,0,1
2024991447774,2024,991447774,2,8,0,-1,19,3,7,-1,0,2,1,0,0,0,1,1,-1,1,1,63,9,1968,2,1,SKODA SUPERB,4,-1,0,2
2024351435586,2024,351435586,1,9,0,-1,19,7,3,-1,0,2,0,4,0,0,1,1,-1,1,1,40,7,1968,2,6,SKODA SUPERB,7,E01033181,0,1
2024461515009,2024,461515009,2,9,0,-1,9,7,4,-1,0,1,0,0,0,0,0,1,-1,1,1,32,6,1984,1,0,SKODA SUPERB,-1,-1,0,-1
2024501433611,2024,501433611,1,9,0,-1,19,3,7,-1,0,0,0,0,7,0,3,1,-1,6,1,74,10,1968,2,9,SKODA SUPERB,3,E01014501,0,5
2024101482039,2024,101482039,2,8,0,-1,19,5,1,-1,0,2,0,0,0,0,4,1,-1,6,1,38,7,1968,2,2,SKODA SUPERB,2,E01008334,0,1
2024010518527,2024,010518527,4,9,0,18,19,2,6,0,0,1,0,0,0,0,1,1,1,1,1,34,6,1984,1,0,SKODA SUPERB,5,E01003666,0,3
2024501500309,2024,501500309,3,9,0,-1,19,2,6,-1,0,1,0,0,1,0,0,1,-1,1,1,34,6,1984,1,1,SKODA SUPERB,8,E01020266,0,3
2024501431535,2024,501431535,2,9,0,-1,19,1,5,-1,0,1,0,0,1,0,3,1,-1,2,1,43,7,1968,2,6,SKODA SUPERB,6,E01019060,0,3
2024991504423,2024,991504423,1,9,0,-1,14,1,5,-1,0,8,0,0,0,0,1,1,-1,6,1,38,7,1968,2,11,SKODA SUPERB,7,-1,0,4
2024070134625,2024,070134625,2,8,0,9,9,1,7,0,0,5,0,0,0,0,4,1,1,1,1,44,7,1968,2,12,SKODA SUPERB,7,E01012509,0,1
2024411553344,2024,411553344,3,9,0,-1,19,3,7,-1,0,0,0,0,0,0,1,1,-1,6,1,39,7,1598,2,10,SKODA SUPERB,2,E01010564,0,5
2024041477070,2024,041477070,2,9,0,-1,19,1,5,-1,0,1,0,0,0,0,0,1,-1,1,1,55,8,1984,1,1,SKODA SUPERB,8,E01025074,0,3
2024320487664,2024,320487664,3,9,0,9,9,3,1,0,0,5,0,0,0,0,2,1,1,1,1,31,6,1968,2,2,SKODA SUPERB,4,E01026028,0,1
2024991454572,2024,991454572,4,9,0,-1,19,1,5,-1,0,0,0,0,0,0,1,1,-1,1,1,36,7,1984,1,0,SKODA SUPERB,1,-1,0,4
2024141523298,2024,141523298,3,9,0,-1,19,7,5,-1,0,1,0,0,0,0,0,1,-1,1,1,-1,-1,1984,1,2,SKODA SUPERB,1,E01007902,0,2
2024031511699,2024,031511699,2,8,0,-1,19,4,8,-1,0,1,0,0,0,0,2,1,-1,1,1,64,9,1598,2,9,SKODA SUPERB,2,E01019230,0,1
2024332400534,2024,332400534,3,9,0,-1,5,3,7,-1,0,8,0,0,0,0,0,1,-1,8,1,39,7,1984,1,1,SKODA SUPERB,-1,-1,0,-1
2024141471382,2024,141471382,1,9,0,-1,19,5,1,-1,0,0,0,0,0,0,1,1,-1,1,1,43,7,1968,2,7,SKODA SUPERB,2,E01007914,0,2
2024221420922,2024,221420922,1,8,0,-1,19,4,1,-1,0,2,1,4,0,0,1,2,-1,1,1,47,8,1968,2,10,SKODA SUPERB,3,E01034329,0,2
2024401519878,2024,401519878,1,9,0,-1,9,8,4,-1,0,2,0,0,0,0,1,1,-1,2,1,42,7,1968,2,6,SKODA SUPERB,3,E01017539,0,1
2024010505215,2024,010505215,2,9,0,4,4,5,1,0,0,1,0,0,0,0,1,1,1,1,1,33,6,1968,2,4,SKODA SUPERB,9,E01002364,0,2
2024991399977,2024,991399977,2,9,0,-1,3,8,4,-1,0,0,0,0,0,0,2,1,-1,2,2,43,7,1968,2,6,SKODA SUPERB,6,-1,0,4
202460Q091365,2024,60Q091365,2,9,0,17,19,1,5,0,0,1,1,0,7,0,1,1,1,1,1,28,6,1984,1,5,SKODA SUPERB,-1,-1,0,-1
2024340WN3542,2024,340WN3542,1,9,0,-1,9,3,1,-1,0,5,0,0,1,1,4,1,-1,6,1,64,9,1395,8,1,SKODA SUPERB,9,E01027286,0,1
2024201534703,2024,201534703,1,9,0,-1,6,8,4,-1,0,0,0,0,0,0,0,1,-1,6,1,45,7,1598,2,7,SKODA SUPERB,3,E01009242,0,1
2024991477914,2024,991477914,1,9,0,-1,1,7,3,-1,0,0,0,0,0,0,2,1,-1,6,1,36,7,1968,2,8,SKODA SUPERB,6,E01002489,0,5
2024302401794,2024,302401794,2,9,0,18,19,1,5,0,0,0,0,0,0,0,2,1,6,6,1,41,7,1968,2,6,SKODA SUPERB,8,E01019474,0,4
2024061505246,2024,061505246,1,9,0,-1,19,3,7,-1,0,0,0,0,0,0,1,1,-1,9,1,44,7,1984,1,7,SKODA SUPERB,4,E01005866,0,2
2024991504665,2024,991504665,1,9,0,-1,19,6,3,-1,0,0,0,0,2,10,3,1,-1,9,1,41,7,1984,1,7,SKODA SUPERB,8,-1,0,1
2024471488412,2024,471488412,1,9,0,-1,1,1,5,-1,99,0,0,0,0,0,9,1,-1,6,1,59,9,1968,2,11,SKODA SUPERB,6,E01031614,0,3
2024070641964,2024,070641964,1,8,0,9,9,5,3,0,0,5,0,0,0,0,1,1,6,6,1,59,9,1968,2,10,SKODA SUPERB,4,E01018638,0,1
2024141421001,2024,141421001,1,9,0,-1,4,5,1,-1,0,0,1,0,0,0,0,1,-1,6,2,24,5,1968,2,8,SKODA SUPERB,8,E01007594,0,2
2024461414330,2024,461414330,4,9,0,-1,19,3,7,-1,0,0,0,0,0,0,0,9,-1,6,1,31,6,1984,1,2,SKODA SUPERB,2,E01024717,0,4
2024231465436,2024,231465436,2,9,0,-1,4,2,6,-1,0,0,0,0,0,0,2,9,-1,1,1,48,8,1984,1,3,SKODA SUPERB,9,E01031284,0,1
2024041441630,2024,041441630,1,9,0,-1,19,1,5,-1,0,0,0,0,0,0,1,1,-1,9,1,29,6,1968,2,10,SKODA SUPERB,1,E01005287,0,4
2024010533403,2024,010533403,1,9,0,4,4,5,1,0,0,1,0,0,0,0,4,1,1,1,1,48,8,1498,1,2,SKODA SUPERB,-1,-1,0,-1
2024520400558,2024,520400558,1,9,0,10,10,1,7,0,0,1,0,0,0,0,2,1,6,6,2,41,7,1968,2,12,SKODA SUPERB,6,E01029080,0,1
2024430511101,2024,430511101,2,9,0,18,19,1,5,0,0,0,-1,0,0,0,4,1,6,6,1,68,10,1498,1,1,SKODA SUPERB,9,E01017672,0,3
2024052500332,2024,052500332,1,9,0,9,9,8,6,0,0,8,0,0,0,0,4,1,6,6,2,62,9,1798,1,10,SKODA SUPERB,4,E01006620,0,2
2024332400593,2024,332400593,3,9,0,-1,19,1,5,-1,0,0,0,0,0,0,0,1,-1,8,1,44,7,1984,1,1,SKODA SUPERB,-1,-1,0,-1
2024991468546,2024,991468546,2,9,0,-1,19,3,7,-1,0,8,0,0,0,0,1,1,-1,6,1,78,11,1984,1,7,SKODA SUPERB,7,-1,0,1
2024010525786,2024,010525786,2,9,0,2,2,0,0,0,0,0,0,0,0,0,3,1,6,6,3,-1,-1,1968,2,7,SKODA SUPERB,-1,-1,0,-1
2024991497497,2024,991497497,2,8,0,-1,9,7,5,-1,0,8,0,0,0,0,1,1,-1,9,1,61,9,1498,1,1,SKODA SUPERB,6,-1,0,2
2024461396228,2024,461396228,1,9,0,-1,11,4,5,-1,0,0,0,0,0,0,1,9,-1,6,1,71,10,1968,2,12,SKODA SUPERB,9,E01016090,0,2
2024371489865,2024,371489865,1,9,0,-1,19,1,2,-1,0,1,0,0,0,0,1,1,-1,9,2,80,11,1896,2,14,SKODA SUPERB,3,E01030160,0,1
2024622400136,2024,622400136,1,8,0,18,19,8,4,0,0,0,0,0,0,0,1,1,1,1,2,62,9,1968,2,12,SKODA SUPERB,1,W01001708,0,2
2024461416626,2024,461416626,1,9,0,-1,19,-1,-1,-1,0,0,0,0,0,0,1,9,-1,6,1,31,6,1798,1,13,SKODA SUPERB,2,E01024257,0,1
2024991408583,2024,991408583,2,8,0,-1,9,3,1,-1,0,8,0,0,0,0,3,1,-1,1,1,44,7,1968,2,1,SKODA SUPERB,1,-1,0,1
2024401449735,2024,401449735,2,9,0,-1,19,5,2,-1,0,8,0,0,0,0,2,1,-1,1,2,41,7,1968,2,9,SKODA SUPERB,6,E01017617,0,4
2024421521059,2024,421521059,3,9,0,-1,4,3,7,-1,0,0,0,0,0,0,2,1,-1,1,1,66,10,1598,2,6,SKODA SUPERB,9,E01035177,0,1
202454A271224,2024,54A271224,2,9,0,10,10,1,5,0,0,1,0,0,0,0,2,1,6,6,1,58,9,1968,2,8,SKODA SUPERB,4,E01032013,0,1
2024411403885,2024,411403885,1,9,0,-1,5,-1,-1,-1,0,0,0,0,0,0,1,9,-1,6,1,25,5,1598,2,7,SKODA SUPERB,4,E01023864,0,1
2024061443868,2024,061443868,1,8,0,-1,19,7,5,-1,0,2,2,0,0,0,3,1,-1,1,1,27,6,1968,2,6,SKODA SUPERB,2,E01005450,0,3