collision_index,collision_year,collision_ref_no,vehicle_reference,vehicle_type,towing_and_articulation,vehicle_manoeuvre_historic,vehicle_manoeuvre,vehicle_direction_from,vehicle_direction_to,vehicle_location_restricted_lane_historic,vehicle_location_restricted_lane,junction_location,skidding_and_overturning,hit_object_in_carriageway,vehicle_leaving_carriageway,hit_object_off_carriageway,first_point_of_impact,vehicle_left_hand_drive,journey_purpose_of_driver_historic,journey_purpose_of_driver,sex_of_driver,age_of_driver,age_band_of_driver,engine_capacity_cc,propulsion_code,age_of_vehicle,generic_make_model,driver_imd_decile,lsoa_of_driver,escooter_flag,driver_distance_banding
2024461421714,2024,461421714,1,9,0,-1,4,3,7,-1,0,0,0,0,0,0,1,1,-1,9,1,39,7,1896,2,14,SKODA SUPERB,7,E01024157,0,3
2024031530541,2024,031530541,2,9,0,-1,19,3,7,-1,0,0,0,0,0,0,2,1,-1,1,1,66,10,1968,2,0,SKODA SUPERB,1,E01019112,0,3
2024622400383,2024,622400383,2,8,0,18,19,4,8,0,0,0,0,0,0,0,1,1,1,1,1,-1,-1,1984,1,2,SKODA SUPERB,2,W01001942,0,4
2024010503685,2024,010503685,1,9,0,2,2,0,0,0,0,0,0,0,0,0,0,1,6,6,3,-1,-1,1498,1,2,SKODA SUPERB,-1,-1,0,-1
2024411398554,2024,411398554,1,9,-1,-1,-1,-1,-1,-1,-1,0,-1,-1,-1,0,-1,9,-1,6,1,36,7,1968,2,8,SKODA SUPERB,4,E01027996,0,5
2024421534678,2024,421534678,1,8,0,-1,9,1,7,-1,0,6,0,0,0,0,1,1,-1,1,2,52,8,1598,2,6,SKODA SUPERB,6,E01021356,0,1
2024141468914,2024,141468914,2,9,0,-1,3,8,4,-1,0,1,0,0,0,0,0,1,-1,1,1,52,8,1984,1,4,SKODA SUPERB,1,E01007902,0,1
2024991452210,2024,991452210,2,9,0,-1,19,2,7,-1,0,0,0,0,0,0,1,1,-1,9,2,31,6,1968,2,10,SKODA SUPERB,10,-1,0,1
2024552400825,2024,552400825,2,9,0,18,19,3,7,0,0,0,0,0,0,0,2,1,2,2,2,53,8,1968,2,3,SKODA SUPERB,2,E01035126,0,4
2024471514333,2024,471514333,3,9,0,-1,2,0,0,-1,0,0,0,0,0,0,3,1,-1,6,-1,-1,-1,1968,2,2,SKODA SUPERB,-1,-1,0,-1
2024010511806,2024,010511806,2,9,0,2,2,0,0,0,0,0,0,0,0,0,0,1,6,6,3,-1,-1,1395,8,4,SKODA SUPERB,-1,-1,0,-1
2024061398737,2024,061398737,1,9,0,-1,19,8,4,-1,0,0,0,0,0,0,1,1,-1,2,1,51,8,1598,2,12,SKODA SUPERB,5,E01025444,0,3
2024421437241,2024,421437241,1,8,0,-1,19,6,2,-1,0,0,0,0,0,0,1,9,-1,1,1,-1,-1,1968,2,11,SKODA SUPERB,-1,-1,0,-1
2024201446237,2024,201446237,6,9,0,-1,19,4,8,-1,0,2,0,0,0,0,2,9,-1,1,1,-1,-1,1968,2,7,SKODA SUPERB,1,E01009490,0,2
2024361488094,2024,361488094,2,9,0,-1,19,7,3,-1,0,0,0,0,0,0,1,1,-1,9,2,64,9,1968,2,1,SKODA SUPERB,7,E01030096,0,2
2024010544629,2024,010544629,1,9,0,-1,-1,1,5,0,0,0,1,4,0,0,1,1,6,6,1,23,5,1968,2,12,SKODA SUPERB,1,E01021317,0,4
2024141401851,2024,141401851,1,9,0,-1,19,7,3,-1,0,2,0,0,0,0,1,9,-1,6,1,37,7,1968,2,8,SKODA SUPERB,1,E01007509,0,1
2024991425578,2024,991425578,1,9,0,-1,19,3,1,-1,0,1,0,0,0,0,1,1,-1,9,1,47,8,1968,2,5,SKODA SUPERB,1,-1,0,1
2024131511677,2024,131511677,2,9,0,-1,19,7,3,-1,0,0,0,0,0,0,0,1,-1,9,1,-1,-1,1984,1,0,SKODA SUPERB,6,E01011885,0,3
2024991430662,2024,991430662,2,9,0,-1,19,1,5,-1,0,0,0,0,1,0,3,1,-1,6,2,52,8,1984,1,5,SKODA SUPERB,-1,-1,0,-1
2024332400594,2024,332400594,1,8,0,-1,19,5,1,-1,0,2,0,0,0,0,3,1,-1,9,1,63,9,1598,2,6,SKODA SUPERB,1,E01013621,0,1
2024411407889,2024,411407889,1,9,0,-1,5,7,3,-1,99,8,0,0,0,0,1,9,-1,6,1,53,8,1984,1,7,SKODA SUPERB,10,E01023821,0,1
2024311435407,2024,311435407,2,9,0,-1,19,5,1,-1,0,0,0,4,0,0,1,1,-1,2,1,44,7,1984,1,7,SKODA SUPERB,10,E01033390,0,1
2024991536031,2024,991536031,1,9,0,-1,19,3,7,-1,0,0,1,0,0,0,1,1,-1,9,1,60,9,1968,2,6,SKODA SUPERB,-1,-1,0,-1
2024991419788,2024,991419788,1,9,0,-1,19,7,3,-1,0,0,1,0,1,11,1,1,-1,1,1,32,6,1984,1,1,SKODA SUPERB,-1,-1,0,-1
2024201498092,2024,201498092,2,9,0,-1,19,2,6,-1,0,8,0,0,0,0,1,9,-1,6,1,55,8,1598,2,8,SKODA SUPERB,1,E01010375,0,1
2024010507315,2024,010507315,2,9,0,18,19,1,5,0,0,0,0,0,0,0,0,1,6,6,2,36,7,1498,1,5,SKODA SUPERB,4,E01002647,0,1
2024011486295,2024,011486295,4,9,0,-1,19,6,2,-1,0,0,0,0,0,0,0,9,-1,6,2,-1,-1,1984,1,1,SKODA SUPERB,-1,-1,0,-1
2024141456421,2024,141456421,1,9,0,-1,9,2,8,-1,0,1,0,0,0,0,1,1,-1,9,1,76,11,1968,2,11,SKODA SUPERB,8,E01008130,0,1
2024461516267,2024,461516267,1,9,0,-1,19,7,3,-1,0,1,0,0,0,0,1,9,-1,1,1,-1,-1,1968,2,5,SKODA SUPERB,2,E01024505,0,1
2024141440826,2024,141440826,1,9,0,-1,11,6,2,-1,0,0,0,0,0,0,0,1,-1,9,2,34,6,1984,1,3,SKODA SUPERB,7,E01007712,0,1
2024332400321,2024,332400321,1,9,0,-1,9,3,1,-1,0,6,0,0,0,0,3,1,-1,1,1,43,7,1498,1,3,SKODA SUPERB,8,E01029417,0,4
2024201401055,2024,201401055,2,9,0,-1,19,8,4,-1,0,0,0,0,0,0,4,1,-1,9,1,54,8,1896,2,17,SKODA SUPERB,1,E01034935,0,1
2024052401959,2024,052401959,2,9,0,18,19,8,4,0,0,0,0,0,0,0,1,1,1,1,1,38,7,1984,1,4,SKODA SUPERB,-1,-1,0,-1
2024332401119,2024,332401119,3,9,0,-1,19,5,1,-1,0,0,0,0,0,0,1,1,-1,1,1,42,7,1984,1,1,SKODA SUPERB,-1,-1,0,-1
2024471463429,2024,471463429,1,9,0,-1,19,2,4,-1,0,1,0,0,0,0,4,1,-1,1,1,56,9,1968,2,8,SKODA SUPERB,6,E01031405,0,1
2024371427248,2024,371427248,2,8,0,-1,2,0,0,-1,0,0,0,0,7,0,3,1,-1,1,1,53,8,1968,2,5,SKODA SUPERB,6,E01015653,0,4
2024440505114,2024,440505114,2,9,0,18,19,6,2,0,0,8,0,0,0,0,1,1,6,6,1,32,6,1395,8,1,SKODA SUPERB,10,E01016206,0,1
2024440187340,2024,440187340,3,9,0,18,19,3,7,0,0,0,0,0,0,0,1,1,1,1,1,41,7,1598,2,8,SKODA SUPERB,9,E01021619,0,5
2024061503010,2024,061503010,2,8,0,-1,19,3,7,-1,0,4,0,0,0,0,1,1,-1,1,1,48,8,1598,2,6,SKODA SUPERB,2,E01005178,0,2
2024141461149,2024,141461149,2,9,0,-1,5,1,5,-1,0,0,0,0,0,0,4,1,-1,6,-1,-1,-1,1984,1,1,SKODA SUPERB,-1,-1,0,-1
2024101524133,2024,101524133,1,8,0,-1,9,8,3,-1,99,6,0,0,0,0,0,1,-1,6,1,53,8,1968,2,8,SKODA SUPERB,1,E01008390,0,1
2024631475424,2024,631475424,3,9,0,-1,4,2,6,-1,0,1,0,0,0,0,2,1,-1,9,1,45,7,1395,1,6,SKODA SUPERB,9,E01009830,0,4
2024471430591,2024,471430591,2,9,0,-1,9,3,1,-1,0,8,0,0,0,0,2,1,-1,9,1,57,9,1968,2,14,SKODA SUPERB,9,E01021158,0,1
2024161458371,2024,161458371,2,9,0,-1,19,5,2,-1,0,0,0,0,0,0,3,1,-1,6,2,69,10,1968,2,7,SKODA SUPERB,10,E01007955,0,4
2024991519616,2024,991519616,2,9,0,-1,19,8,4,-1,0,0,0,0,0,0,2,1,-1,9,1,44,7,1968,2,1,SKODA SUPERB,6,-1,0,2
2024430122961,2024,430122961,2,9,0,3,3,7,3,0,0,0,0,0,0,0,2,1,6,6,1,45,7,1395,8,3,SKODA SUPERB,5,E01028635,0,1
2024010513931,2024,010513931,1,9,0,2,2,0,0,9,9,0,0,0,0,0,1,1,6,6,3,-1,-1,1395,8,0,SKODA SUPERB,-1,-1,0,-1
2024131486996,2024,131486996,5,9,0,-1,19,5,1,-1,0,0,0,0,0,0,2,1,-1,1,1,61,9,1968,2,5,SKODA SUPERB,2,E01015604,0,5
2024010500454,2024,010500454,2,9,0,2,2,0,0,0,0,1,0,0,0,0,1,1,6,6,3,-1,-1,1498,1,3,SKODA SUPERB,-1,-1,0,-1
2024201532336,2024,201532336,2,9,0,-1,4,2,6,-1,0,1,0,0,0,0,2,9,-1,1,1,-1,-1,1984,1,0,SKODA SUPERB,-1,-1,0,-1
2024141506339,2024,141506339,1,9,0,-1,19,7,3,-1,0,0,0,0,0,0,1,1,-1,1,1,36,7,1984,1,0,SKODA SUPERB,1,E01007902,0,2
2024991478452,2024,991478452,1,9,0,-1,7,2,4,-1,0,5,0,0,0,0,4,1,-1,6,2,57,9,1968,2,10,SKODA SUPERB,2,-1,0,4
2024991444280,2024,991444280,2,9,0,-1,19,2,7,-1,0,2,0,0,0,0,4,1,-1,9,1,56,9,1968,2,8,SKODA SUPERB,9,-1,0,1
2024041419760,2024,041419760,2,9,0,-1,5,1,5,-1,0,6,0,0,0,0,3,1,-1,2,1,26,6,1984,1,1,SKODA SUPERB,1,E01024898,0,1
2024440479603,2024,440479603,2,8,0,18,19,1,5,0,0,8,0,0,0,0,1,1,1,1,1,71,10,1984,1,8,SKODA SUPERB,9,E01022730,0,1
2024041431041,2024,041431041,2,9,0,-1,2,1,5,-1,0,1,0,0,0,0,3,1,-1,1,1,50,8,1598,2,6,SKODA SUPERB,6,E01025585,0,3
2024052401442,2024,052401442,1,9,0,18,19,8,4,0,0,1,0,0,7,0,3,1,1,1,1,-1,-1,1984,1,4,SKODA SUPERB,3,E01006743,0,3
2024141451054,2024,141451054,2,9,0,-1,19,1,5,-1,0,1,0,0,1,3,3,1,-1,1,1,43,7,1395,8,3,SKODA SUPERB,1,E01008065,0,1
2024070524028,2024,070524028,1,9,0,18,19,1,5,0,0,0,1,6,0,0,4,1,6,6,1,34,6,1968,2,1,SKODA SUPERB,10,E01018468,0,1
2024991439631,2024,991439631,1,9,0,-1,9,7,5,-1,0,1,0,0,0,0,4,1,-1,9,2,74,10,1968,2,4,SKODA SUPERB,-1,-1,0,-1
2024531407418,2024,531407418,2,9,0,-1,10,2,6,-1,0,1,0,0,0,0,4,1,-1,9,2,42,7,1968,2,10,SKODA SUPERB,5,E01022227,0,1
2024471424497,2024,471424497,1,9,0,-1,1,-1,-1,-1,9,1,0,0,0,0,2,1,-1,1,1,52,8,1968,2,7,SKODA SUPERB,7,E01031460,0,1
2024411578127,2024,411578127,4,9,0,-1,4,7,3,-1,0,0,1,0,0,0,2,1,-1,6,2,60,9,1984,1,4,SKODA SUPERB,6,E01023424,0,4
2024010537530,2024,010537530,1,9,0,5,5,3,7,0,0,1,0,0,0,0,4,1,1,1,1,44,7,1395,1,6,SKODA SUPERB,4,E01009230,0,5
2024440287105,2024,440287105,1,9,0,3,3,4,8,0,0,1,0,0,0,0,2,1,6,6,1,75,10,1498,1,4,SKODA SUPERB,6,E01017256,0,1
2024211423787,2024,211423787,2,9,0,-1,4,3,7,-1,0,4,0,0,0,0,0,9,-1,1,1,41,7,1984,1,1,SKODA SUPERB,-1,-1,0,-1
2024451401942,2024,451401942,2,9,0,-1,19,1,5,-1,0,0,0,0,0,0,1,1,-1,2,1,62,9,1968,2,5,SKODA SUPERB,4,E01023120,0,2
2024361408696,2024,361408696,2,9,0,-1,19,7,6,-1,0,0,0,0,0,0,4,9,-1,6,-1,-1,-1,1968,2,9,SKODA SUPERB,-1,-1,0,-1
2024622400854,2024,622400854,1,9,0,16,19,4,8,0,0,0,0,0,0,0,1,1,6,6,2,79,11,1968,2,13,SKODA SUPERB,4,W01001283,0,1
2024991468976,2024,991468976,2,9,0,-1,19,7,3,-1,0,0,0,0,0,0,2,1,-1,6,1,57,9,1968,2,8,SKODA SUPERB,4,-1,0,3
2024440208422,2024,440208422,1,9,0,9,9,7,5,0,0,6,0,0,0,0,3,1,6,6,1,66,10,1498,1,6,SKODA SUPERB,9,E01022613,0,1
2024041419897,2024,041419897,3,9,0,-1,19,3,7,-1,0,0,0,0,0,0,2,1,-1,6,1,-1,-1,1968,2,12,SKODA SUPERB,3,E01019161,0,4
2024631483121,2024,631483121,1,9,0,-1,19,5,1,-1,-1,0,0,0,7,4,1,1,-1,9,1,77,11,1968,2,12,SKODA SUPERB,9,E01030193,0,5
2024351431758,2024,351431758,1,9,0,-1,9,1,7,-1,0,1,0,0,0,0,3,1,-1,1,1,42,7,1968,2,5,SKODA SUPERB,1,E01015600,0,1
2024401415688,2024,401415688,3,9,0,-1,19,5,1,-1,0,0,0,0,0,0,2,1,-1,6,1,58,9,1598,2,6,SKODA SUPERB,10,E01017677,0,4
2024211517460,2024,211517460,1,9,0,-1,19,4,8,-1,0,0,0,0,0,0,1,9,-1,6,1,-1,-1,1968,2,10,SKODA SUPERB,-1,-1,0,-1
2024552400062,2024,552400062,2,9,0,4,4,6,2,0,0,0,0,0,0,0,2,1,6,6,1,39,7,1968,2,6,SKODA SUPERB,9,E01022982,0,2
2024141435781,2024,141435781,6,9,0,-1,19,6,3,-1,0,0,0,0,0,0,0,1,-1,1,1,34,6,1984,1,3,SKODA SUPERB,-1,-1,0,-1
2024320006320,2024,320006320,1,9,0,18,19,3,7,0,0,0,0,0,1,9,4,1,1,1,1,40,7,1598,2,10,SKODA SUPERB,4,E01015665,0,4
2024302401365,2024,302401365,1,9,0,99,99,8,4,0,0,6,0,0,0,0,1,1,6,6,2,58,9,1968,2,0,SKODA SUPERB,5,E01019724,0,4
2024411471606,2024,411471606,1,9,0,-1,9,5,3,-1,0,8,0,0,0,0,4,1,-1,6,1,35,6,1968,2,1,SKODA SUPERB,2,E01001430,0,3
2024440553001,2024,440553001,2,8,0,18,19,7,3,0,0,0,0,0,0,0,1,1,1,1,1,38,7,1598,2,4,SKODA SUPERB,8,E01022760,0,3
2024622400672,2024,622400672,2,9,0,4,4,8,4,0,0,0,0,0,0,0,2,1,6,6,2,36,7,1968,2,8,SKODA SUPERB,3,W01001362,0,4
2024421426654,2024,421426654,2,8,0,-1,3,7,3,-1,0,1,0,0,0,0,2,1,-1,1,1,63,9,1598,2,7,SKODA SUPERB,9,E01015836,0,1
2024061530994,2024,061530994,4,9,0,-1,3,1,5,-1,0,3,0,0,3,0,0,1,-1,1,1,41,7,1984,1,0,SKODA SUPERB,-1,-1,0,-1
2024371445681,2024,371445681,1,9,0,-1,19,2,6,-1,0,2,0,0,0,0,1,1,-1,9,1,71,10,1395,1,7,SKODA SUPERB,8,E01030144,0,2
2024221481889,2024,221481889,2,9,0,-1,2,0,0,-1,0,0,0,0,0,0,1,9,-1,1,1,32,6,1968,2,2,SKODA SUPERB,-1,-1,0,-1
2024471523506,2024,471523506,2,8,0,-1,19,2,6,-1,0,0,0,0,0,0,1,1,-1,1,1,43,7,1598,2,6,SKODA SUPERB,3,E01020919,0,4
2024351539365,2024,351539365,2,9,0,-1,4,7,2,-1,0,0,0,0,0,0,4,1,-1,2,1,36,7,1968,2,8,SKODA SUPERB,6,E01033179,0,2
2024010530208,2024,010530208,2,9,0,5,5,9,9,99,99,9,9,99,9,99,1,9,6,6,3,-1,-1,1984,1,6,SKODA SUPERB,-1,-1,0,-1
2024471512387,2024,471512387,1,9,0,-1,6,1,1,-1,0,0,0,0,0,0,1,1,-1,2,2,55,8,1968,2,9,SKODA SUPERB,9,E01021042,0,3
2024401439926,2024,401439926,2,9,0,-1,4,1,5,-1,0,2,0,0,0,0,2,1,-1,1,1,48,8,1984,1,4,SKODA SUPERB,-1,-1,0,-1
2024201467517,2024,201467517,1,9,0,-1,9,4,1,-1,0,0,0,0,0,0,1,1,-1,2,3,37,7,1968,2,7,SKODA SUPERB,-1,-1,0,-1
2024411463137,2024,411463137,1,9,-1,-1,-1,-1,-1,-1,-1,-1,-1,-1,-1,0,-1,9,-1,6,2,45,7,1395,1,8,SKODA SUPERB,7,E01023561,0,1
2024622400176,2024,622400176,2,9,0,18,19,3,8,0,0,0,0,0,0,0,1,1,6,6,1,52,8,1968,2,10,SKODA SUPERB,10,W01001850,0,1
2024471459159,2024,471459159,5,9,0,-1,19,7,3,-1,0,1,0,0,0,0,0,1,-1,1,1,-1,-1,1968,2,5,SKODA SUPERB,6,E01021034,0,4
2024111509882,2024,111509882,2,9,0,-1,4,5,2,-1,0,1,0,0,0,0,2,1,-1,9,1,58,9,1598,2,7,SKODA SUPERB,2,E01020802,0,3
2024471530552,2024,471530552,2,9,0,-1,5,7,3,-1,0,0,0,0,0,0,3,1,-1,1,1,35,6,1968,2,5,SKODA SUPERB,3,E01031492,0,3
2024141527414,2024,141527414,2,9,0,-1,19,3,7,-1,0,1,0,0,0,0,1,1,-1,6,1,57,9,1598,2,9,SKODA SUPERB,2,E01007767,0,1
2024440156066,2024,440156066,2,9,0,18,19,6,2,0,0,1,0,0,0,0,3,1,1,1,2,62,9,1968,2,7,SKODA SUPERB,9,E01023059,0,1
2024010548550,2024,010548550,1,9,0,4,4,1,5,0,0,1,0,0,0,0,2,1,1,1,1,35,6,1498,1,2,SKODA SUPERB,5,E01003666,0,3
2024201517126,2024,201517126,5,9,0,-1,2,0,0,-1,0,0,0,4,0,0,3,1,-1,6,-1,-1,-1,1598,2,12,SKODA SUPERB,-1,-1,0,-1
2024141527992,2024,141527992,2,9,0,-1,19,6,1,-1,0,0,0,0,0,0,1,1,-1,7,2,34,6,1968,2,9,SKODA SUPERB,3,E01007480,0,1
2024041444164,2024,041444164,1,9,0,-1,19,5,1,-1,0,8,0,7,0,0,4,1,-1,6,1,56,9,1968,2,3,SKODA SUPERB,3,E01025379,0,2
202454C036224,2024,54C036224,2,8,0,4,4,5,1,0,0,0,0,0,0,0,2,1,1,1,1,52,8,1598,2,5,SKODA SUPERB,5,E01015480,0,2
2024201514218,2024,201514218,1,9,0,-1,19,1,5,-1,0,0,0,0,0,0,3,9,-1,6,1,55,8,1968,2,7,SKODA SUPERB,2,E01008881,0,1
2024010528478,2024,010528478,1,9,0,14,14,3,7,0,0,0,0,0,0,0,4,1,6,6,1,34,6,1498,1,5,SKODA SUPERB,4,E01002559,0,1
2024440542384,2024,440542384,2,9,0,18,19,3,7,0,0,0,0,0,0,0,3,1,3,7,1,47,8,1968,2,18,SKODA SUPERB,3,E01017194,0,1
2024141533335,2024,141533335,1,9,0,-1,19,4,8,-1,0,1,0,0,1,11,1,1,-1,6,1,71,10,1984,1,6,SKODA SUPERB,9,E01018516,0,4
2024351449988,2024,351449988,1,9,0,-1,7,8,2,-1,0,0,0,0,0,0,1,1,-1,6,2,54,8,1968,2,10,SKODA SUPERB,8,E01035511,0,1
2024522401340,2024,522401340,6,9,0,3,3,8,4,0,0,0,0,0,0,0,2,1,6,6,1,47,8,1395,8,1,SKODA SUPERB,4,W01001598,0,3
2024991556996,2024,991556996,2,8,0,-1,19,3,7,-1,0,2,1,4,0,0,3,1,-1,1,1,71,10,1968,2,2,SKODA SUPERB,10,-1,0,2
2024371468194,2024,371468194,1,9,0,-1,19,8,4,-1,0,0,0,10,3,0,1,1,-1,6,1,46,8,1968,2,8,SKODA SUPERB,6,E01030002,0,1
2024141429709,2024,141429709,1,9,0,-1,19,2,6,-1,0,8,0,7,1,11,1,1,-1,6,2,38,7,1600,2,7,SKODA SUPERB,9,E01008159,0,2
2024010545092,2024,010545092,1,9,0,99,99,9,9,99,99,9,9,99,9,99,9,9,6,6,3,34,6,1968,2,8,SKODA SUPERB,8,E01001307,0,1
2024471404885,2024,471404885,2,9,0,-1,19,1,5,-1,0,0,0,0,0,0,4,1,-1,9,1,32,6,1598,2,11,SKODA SUPERB,2,E01024476,0,4
2024311477076,2024,311477076,1,9,0,-1,19,5,1,-1,0,0,0,0,0,0,1,1,-1,9,1,81,11,1498,1,5,SKODA SUPERB,7,E01007659,0,2
2024430515841,2024,430515841,1,9,0,7,7,1,4,0,0,6,0,0,7,9,1,1,6,6,1,39,7,1968,2,8,SKODA SUPERB,9,E01028459,0,2
2024622400613,2024,622400613,1,9,0,16,19,2,4,0,0,4,0,0,0,0,1,1,6,6,2,61,9,1598,2,6,SKODA SUPERB,8,W01000892,0,1
2024461514974,2024,461514974,2,9,0,-1,19,1,1,-1,0,1,0,0,0,0,0,1,-1,1,1,27,6,1984,1,2,SKODA SUPERB,6,E01034997,0,1
2024451420582,2024,451420582,2,9,0,-1,19,7,3,-1,0,0,0,0,0,0,2,1,-1,1,1,38,7,1968,2,3,SKODA SUPERB,8,E01030478,0,1
2024131482069,2024,131482069,2,9,0,-1,19,1,5,-1,0,2,0,0,0,0,0,1,-1,1,1,35,6,1984,1,0,SKODA SUPERB,6,E01011885,0,2
2024302400922,2024,302400922,1,9,0,5,5,1,5,0,0,4,0,0,0,0,1,1,6,6,2,56,9,1968,2,8,SKODA SUPERB,5,E01019475,0,1
2024122400846,2024,122400846,2,9,0,18,19,6,2,0,0,1,0,0,0,0,1,1,6,6,1,37,7,1968,2,13,SKODA SUPERB,6,E01027774,0,3
2024461531026,2024,461531026,2,9,0,-1,19,7,3,-1,0,0,0,0,0,0,0,1,-1,1,1,30,6,1984,1,1,SKODA SUPERB,2,E01024717,0,3
2024461533800,2024,461533800,2,9,0,-1,19,3,7,-1,0,0,0,0,0,0,0,1,-1,1,1,47,8,1984,1,1,SKODA SUPERB,9,E01024044,0,4
2024471407420,2024,471407420,2,9,0,-1,19,5,1,-1,0,0,0,0,0,0,0,1,-1,1,1,41,7,1984,1,1,SKODA SUPERB,10,E01031824,0,2
2024991470238,2024,991470238,1,9,0,-1,5,6,2,-1,0,4,0,0,0,0,1,1,-1,9,1,44,7,1984,1,5,SKODA SUPERB,9,E01022099,0,5
2024552401238,2024,552401238,1,9,0,5,5,3,7,0,0,0,0,0,0,0,3,1,1,1,1,55,8,1968,2,5,SKODA SUPERB,9,E01020384,0,2
2024131415324,2024,131415324,1,9,0,-1,19,3,7,-1,0,1,0,0,0,0,1,1,-1,2,1,47,8,1896,2,14,SKODA SUPERB,5,E01035053,0,3
2024161498780,2024,161498780,4,9,0,-1,19,4,8,-1,0,0,0,0,0,0,0,1,-1,1,1,34,6,1984,1,2,SKODA SUPERB,5,E01034969,0,4
2024440282845,2024,440282845,3,9,0,18,19,5,1,0,0,2,0,0,0,0,4,1,3,7,1,53,8,1968,2,3,SKODA SUPERB,3,E01022552,0,4
2024430203123,2024,430203123,1,9,0,18,19,5,1,0,0,1,0,0,0,0,1,1,6,6,1,32,6,1896,2,19,SKODA SUPERB,-1,-1,0,-1
2024231451958,2024,231451958,3,9,0,-1,2,0,0,-1,0,0,0,0,0,0,3,9,-1,6,1,55,8,1968,2,11,SKODA SUPERB,6,E01031048,0,1
2024520002647,2024,520002647,1,9,0,6,6,8,8,0,0,0,0,0,0,0,1,1,6,6,1,78,11,1968,2,8,SKODA SUPERB,6,E01014392,0,1
2024141474396,2024,141474396,1,9,0,-1,3,5,1,-1,0,1,0,0,0,0,2,1,-1,9,1,33,6,1598,2,7,SKODA SUPERB,3,E01008109,0,1
2024421461850,2024,421461850,1,9,0,-1,9,7,4,-1,0,1,0,0,0,0,3,1,-1,9,1,36,7,1598,2,11,SKODA SUPERB,7,E01018043,0,4
2024041410568,2024,041410568,5,9,0,-1,9,1,5,-1,0,0,0,0,0,0,1,9,-1,1,1,40,7,1984,1,1,SKODA SUPERB,-1,-1,0,-1
2024320296658,2024,320296658,2,9,0,-1,-1,1,5,0,0,8,0,0,0,0,1,1,1,1,1,25,5,1968,2,9,SKODA SUPERB,5,E01026409,0,3
2024141519397,2024,141519397,3,9,0,-1,19,8,4,-1,0,1,0,0,0,0,1,1,-1,6,1,41,7,1968,2,6,SKODA SUPERB,3,E01019580,0,3
2024351528633,2024,351528633,2,9,0,-1,4,4,8,-1,0,0,0,0,0,0,2,1,-1,6,1,20,4,1968,2,13,SKODA SUPERB,9,E01018173,0,4
2024061456825,2024,061456825,1,9,0,-1,3,5,1,-1,0,2,0,0,0,0,3,1,-1,9,1,67,10,1968,2,5,SKODA SUPERB,3,E01005710,0,1
2024471464935,2024,471464935,1,9,0,-1,5,1,4,-1,0,0,0,0,7,0,4,1,-1,9,2,86,11,3597,1,9,SKODA SUPERB,9,E01031753,0,1
2024201465482,2024,201465482,2,9,0,-1,9,5,2,-1,0,0,0,0,0,0,4,1,-1,9,1,57,9,1395,8,1,SKODA SUPERB,3,E01010495,0,3
2024991451277,2024,991451277,2,8,0,-1,19,7,4,-1,0,3,0,0,1,0,4,1,-1,9,1,63,9,1968,2,4,SKODA SUPERB,5,-1,0,1
2024211418467,2024,211418467,1,8,0,-1,6,5,1,-1,-1,0,0,0,0,0,4,1,-1,1,1,63,9,1968,2,10,SKODA SUPERB,1,E01014306,0,4
2024201573067,2024,201573067,2,9,0,-1,19,1,5,-1,0,0,0,0,0,0,2,9,-1,6,1,36,7,1968,2,12,SKODA SUPERB,5,E01010082,0,1
2024332400893,2024,332400893,2,2,0,-1,19,3,7,-1,0,0,0,0,0,0,1,1,-1,6,1,22,5,49,1,7,-1,3,E01013659,0,2
2024211467493,2024,211467493,1,3,0,-1,13,6,3,-1,0,0,0,0,0,0,3,1,-1,2,1,30,6,124,1,8,-1,8,E01029743,0,2
2024471439496,2024,471439496,2,4,0,-1,19,6,2,-1,0,1,5,0,0,0,0,1,-1,1,1,22,5,49,1,7,-1,2,E01016911,0,1
2024122400439,2024,122400439,1,2,0,18,19,3,7,0,0,0,0,10,0,0,1,1,6,6,1,16,4,49,1,11,-1,6,E01027616,0,1
2024161446076,2024,161446076,1,2,0,-1,19,7,3,-1,0,1,5,0,0,0,4,1,-1,9,1,16,4,49,1,6,-1,1,E01012788,0,1
2024041431440,2024,041431440,2,3,0,-1,19,3,7,-1,0,0,0,0,0,0,1,1,-1,9,1,45,7,124,1,8,-1,4,E01012729,0,1
2024501466618,2024,501466618,1,2,0,-1,19,7,3,-1,0,1,0,0,0,0,1,1,-1,2,1,16,4,49,1,8,-1,4,E01034849,0,1
2024991498896,2024,991498896,1,19,0,-1,1,7,3,-1,9,0,0,0,0,0,2,1,-1,1,1,27,6,2299,2,5,VAUXHALL MOVANO,3,-1,0,5
2024471494369,2024,471494369,1,19,0,-1,19,5,1,-1,0,0,2,0,1,9,0,1,-1,1,1,64,9,2464,2,16,VAUXHALL MOVANO,8,E01021055,0,4
2024440126708,2024,440126708,1,19,0,16,19,2,6,0,0,0,1,0,0,0,1,1,1,1,1,47,8,2299,2,7,VAUXHALL MOVANO,7,E01017584,0,5
2024221480545,2024,221480545,3,19,0,-1,19,1,5,-1,0,0,0,0,1,1,1,1,-1,1,1,30,6,2299,2,2,VAUXHALL MOVANO,1,E01009482,0,4