collision_index,collision_year,collision_ref_no,vehicle_reference,vehicle_type,towing_and_articulation,vehicle_manoeuvre_historic,vehicle_manoeuvre,vehicle_direction_from,vehicle_direction_to,vehicle_location_restricted_lane_historic,vehicle_location_restricted_lane,junction_location,skidding_and_overturning,hit_object_in_carriageway,vehicle_leaving_carriageway,hit_object_off_carriageway,first_point_of_impact,vehicle_left_hand_drive,journey_purpose_of_driver_historic,journey_purpose_of_driver,sex_of_driver,age_of_driver,age_band_of_driver,engine_capacity_cc,propulsion_code,age_of_vehicle,generic_make_model,driver_imd_decile,lsoa_of_driver,escooter_flag,driver_distance_banding
2024010529466,2024,010529466,2,19,0,18,19,7,3,0,0,0,0,0,0,0,1,1,1,1,1,57,9,2179,2,2,VAUXHALL MOVANO,3,E01000373,0,1
2024320274364,2024,320274364,1,19,0,13,13,1,5,0,0,0,0,0,0,0,3,1,-1,-1,1,44,7,2299,2,4,VAUXHALL MOVANO,2,E01011949,0,5
2024991411786,2024,991411786,1,19,0,-1,9,1,7,-1,0,6,0,0,0,0,1,1,-1,9,1,45,7,2179,2,2,VAUXHALL MOVANO,8,-1,0,1
2024361499674,2024,361499674,4,19,0,-1,3,5,2,-1,0,0,0,0,0,0,2,1,-1,1,1,53,8,2299,2,10,VAUXHALL MOVANO,6,E01026887,0,2
2024340WN1172,2024,340WN1172,2,19,0,-1,19,5,1,-1,0,1,0,0,0,0,1,1,-1,1,1,28,6,2299,2,6,VAUXHALL MOVANO,-1,-1,0,-1
2024010494769,2024,010494769,2,19,0,9,9,3,1,0,0,6,0,0,0,0,1,1,2,2,1,33,6,2179,2,1,VAUXHALL MOVANO,4,E01023296,0,3
2024010550452,2024,010550452,2,19,0,99,99,9,9,0,0,0,0,99,9,99,9,9,6,6,3,-1,-1,2179,2,2,VAUXHALL MOVANO,-1,-1,0,-1
2024010525880,2024,010525880,1,19,0,3,3,1,5,0,0,0,0,0,0,0,2,1,1,1,1,58,9,2299,2,5,VAUXHALL MOVANO,5,E01017659,0,4
2024010503888,2024,010503888,3,19,0,18,19,3,7,0,0,1,0,0,0,0,4,1,1,1,1,37,7,2299,2,8,VAUXHALL MOVANO,4,E01016453,0,4
2024371550173,2024,371550173,1,19,-1,-1,-1,-1,-1,-1,-1,0,-1,-1,-1,0,-1,9,-1,6,1,34,6,2299,2,9,VAUXHALL MOVANO,6,E01030059,0,3
2024010550042,2024,010550042,1,19,0,9,9,1,7,0,0,5,0,0,0,0,1,1,6,6,1,60,9,2299,2,6,VAUXHALL MOVANO,3,E01002562,0,1
2024161509096,2024,161509096,1,19,0,-1,9,3,1,-1,0,8,0,0,0,0,1,1,-1,1,1,22,5,2299,2,6,VAUXHALL MOVANO,-1,-1,0,-1
2024991485089,2024,991485089,1,19,0,-1,4,4,8,-1,0,1,0,0,0,0,1,1,-1,1,1,30,6,2464,2,15,VAUXHALL MOVANO,-1,-1,0,-1
2024041522079,2024,041522079,1,10,0,-1,9,5,7,-1,1,6,0,0,0,0,1,1,-1,1,2,25,5,2299,2,7,VAUXHALL MOVANO,4,E01024936,0,3
2024221454693,2024,221454693,1,19,0,-1,19,6,2,-1,0,0,0,0,0,0,1,1,-1,1,1,65,9,2299,2,9,VAUXHALL MOVANO,8,W01001565,0,4
2024302401728,2024,302401728,1,19,0,-1,5,8,4,-1,0,6,0,0,0,0,3,1,-1,9,1,63,9,2299,2,14,VAUXHALL MOVANO,9,E01008079,0,3
2024543736124,2024,543736124,1,19,0,1,1,5,1,0,0,0,0,0,0,0,2,1,1,1,1,34,6,2299,2,4,VAUXHALL MOVANO,-1,-1,0,-1
2024131471798,2024,131471798,2,19,0,-1,5,3,7,-1,0,0,0,0,0,0,1,1,-1,1,2,25,5,2179,2,1,VAUXHALL MOVANO,4,E01007641,0,4
2024101515058,2024,101515058,1,19,0,-1,19,3,6,-1,0,0,0,0,0,0,4,1,-1,6,1,25,5,2299,2,3,VAUXHALL MOVANO,-1,-1,0,-1
2024211492083,2024,211492083,1,19,0,-1,8,7,6,-1,0,0,0,0,0,0,1,1,-1,6,1,64,9,2299,2,4,VAUXHALL MOVANO,8,E01009901,0,2
2024070057629,2024,070057629,2,19,0,9,9,7,5,0,0,5,0,0,0,0,4,1,1,1,1,30,6,2299,2,10,VAUXHALL MOVANO,9,E01018473,0,1
2024101419430,2024,101419430,1,19,0,-1,1,6,2,-1,0,1,0,0,0,0,2,1,-1,9,1,22,5,2299,2,3,VAUXHALL MOVANO,1,E01008777,0,1
2024461447745,2024,461447745,2,19,0,-1,19,5,2,-1,0,0,2,11,0,0,1,1,-1,6,1,60,9,2179,2,0,VAUXHALL MOVANO,3,E01024608,0,4
2024041430162,2024,041430162,1,19,0,-1,19,3,7,-1,0,0,0,0,0,0,1,1,-1,1,1,40,7,2464,2,15,VAUXHALL MOVANO,8,E01034350,0,2
2024522401190,2024,522401190,1,19,0,3,3,5,1,0,0,0,0,0,0,0,2,1,6,6,1,25,5,2299,2,6,VAUXHALL MOVANO,9,E01028663,0,5
2024340WN4932,2024,340WN4932,1,19,0,-1,19,1,5,-1,0,0,0,0,0,0,1,1,-1,1,1,42,7,2179,2,2,VAUXHALL MOVANO,-1,-1,0,-1
2024371451749,2024,371451749,2,19,0,-1,19,5,1,-1,0,0,0,0,0,0,2,1,-1,1,1,51,8,2299,2,9,VAUXHALL MOVANO,6,E01030081,0,3
2024320198153,2024,320198153,2,19,0,-1,-1,6,2,0,0,2,0,0,0,0,2,1,1,1,1,54,8,2179,2,1,VAUXHALL MOVANO,-1,-1,0,-1
2024351417229,2024,351417229,2,19,0,-1,19,3,7,-1,0,8,0,0,0,0,1,1,-1,1,1,40,7,2299,2,8,VAUXHALL MOVANO,8,E01011573,0,5
2024211507131,2024,211507131,2,19,0,-1,19,4,5,-1,0,1,0,4,0,0,1,1,-1,9,1,61,9,2299,2,13,VAUXHALL MOVANO,-1,-1,0,-1
2024991532847,2024,991532847,1,19,0,-1,19,6,2,-1,0,0,0,0,0,0,3,1,-1,1,1,42,7,2179,2,2,VAUXHALL MOVANO,2,-1,0,5
2024320652759,2024,320652759,3,10,0,-1,-1,4,8,0,0,1,0,0,0,0,1,1,1,1,1,68,10,-1,-1,-1,VAUXHALL MOVANO,3,E01026325,0,2
2024320379677,2024,320379677,2,19,0,9,9,2,8,0,0,5,0,0,0,0,3,1,1,1,1,31,6,2299,2,10,VAUXHALL MOVANO,-1,-1,0,-1
2024991433061,2024,991433061,1,19,0,-1,19,2,6,-1,0,0,0,0,0,0,1,1,-1,1,1,29,6,2179,2,2,VAUXHALL MOVANO,9,-1,0,4
2024991526522,2024,991526522,1,19,0,-1,7,5,7,-1,0,6,0,0,0,0,1,1,-1,1,1,27,6,2299,2,4,VAUXHALL MOVANO,9,-1,0,3
2024141557673,2024,141557673,2,19,0,-1,19,1,5,-1,0,0,0,0,0,0,1,1,-1,6,1,-1,-1,2464,2,16,VAUXHALL MOVANO,10,E01008126,0,1
2024311514163,2024,311514163,2,19,0,-1,4,5,4,-1,0,0,0,0,0,0,1,1,-1,2,1,38,7,2299,2,5,VAUXHALL MOVANO,1,E01013865,0,2
2024340WN3402,2024,340WN3402,1,19,0,-1,19,3,3,-1,0,0,0,0,0,0,1,1,-1,6,1,66,10,2179,2,1,VAUXHALL MOVANO,4,E01023592,0,4
2024371539507,2024,371539507,1,19,0,-1,3,5,7,-1,0,1,0,0,0,0,1,1,-1,1,1,43,7,2299,2,7,VAUXHALL MOVANO,4,E01029888,0,3
2024122401234,2024,122401234,3,19,0,18,19,5,1,0,0,1,0,0,0,0,1,1,1,1,1,62,9,2179,2,2,VAUXHALL MOVANO,3,E01007473,0,3
2024351451537,2024,351451537,1,19,0,-1,1,3,7,-1,0,0,0,0,0,0,2,1,-1,1,1,38,7,2299,2,4,VAUXHALL MOVANO,5,E01016721,0,4
2024631490533,2024,631490533,1,19,0,-1,19,7,3,-1,0,0,1,0,0,0,1,1,-1,1,1,44,7,2179,2,0,VAUXHALL MOVANO,2,W01000789,0,4
2024311415574,2024,311415574,2,20,0,-1,5,7,3,-1,0,0,0,0,0,0,2,1,-1,6,3,-1,-1,-1,-1,-1,VAUXHALL MOVANO,-1,-1,0,-1
2024501433803,2024,501433803,1,19,0,-1,19,5,1,-1,0,0,0,0,0,0,1,9,-1,6,2,33,6,2179,2,0,VAUXHALL MOVANO,6,E01020220,0,3
2024991495654,2024,991495654,1,19,0,-1,19,6,2,-1,0,0,0,0,0,0,1,1,-1,1,1,20,4,2179,2,1,VAUXHALL MOVANO,6,-1,0,4
2024371401294,2024,371401294,2,20,0,-1,19,1,5,-1,0,0,0,0,0,0,1,1,-1,2,1,46,8,-1,-1,-1,VAUXHALL MOVANO,1,E01030021,0,2
2024010523673,2024,010523673,1,19,0,18,19,5,1,0,0,2,0,0,0,0,3,1,6,6,1,64,9,2299,2,7,VAUXHALL MOVANO,1,E01002040,0,1
2024010515314,2024,010515314,1,19,0,5,5,1,5,0,0,1,0,0,0,0,4,1,1,1,1,62,9,2299,2,5,VAUXHALL MOVANO,7,E01021904,0,4
202460Q137553,2024,60Q137553,1,19,0,1,1,3,7,9,9,6,0,0,0,0,2,1,1,1,1,62,9,2299,2,6,VAUXHALL MOVANO,-1,-1,0,-1
2024311467445,2024,311467445,2,19,0,-1,19,5,2,-1,0,4,0,0,0,0,3,1,-1,1,1,25,5,2299,2,8,VAUXHALL MOVANO,-1,-1,0,-1
2024010526245,2024,010526245,1,19,0,5,5,1,5,0,0,4,0,0,0,0,0,2,1,1,1,41,7,2299,2,7,VAUXHALL MOVANO,-1,-1,0,-1
2024411524176,2024,411524176,1,19,0,-1,19,5,1,-1,0,0,0,0,0,0,1,1,-1,1,1,27,6,2179,2,0,VAUXHALL MOVANO,3,E01023357,0,1
2024451462756,2024,451462756,1,19,0,-1,2,1,3,-1,0,0,0,0,0,0,2,9,-1,1,1,49,8,2299,2,8,VAUXHALL MOVANO,8,E01004131,0,3
2024361448994,2024,361448994,2,19,0,-1,2,0,0,-1,0,2,0,0,0,0,1,1,-1,6,-1,-1,-1,2299,2,10,VAUXHALL MOVANO,-1,-1,0,-1
2024411401277,2024,411401277,1,19,0,-1,5,4,8,-1,0,1,0,0,0,0,3,9,-1,6,1,48,8,2299,2,5,VAUXHALL MOVANO,6,E01023723,0,2
2024201510074,2024,201510074,1,19,0,-1,6,6,6,-1,0,0,5,0,0,0,4,1,-1,6,1,36,7,2299,2,4,VAUXHALL MOVANO,-1,-1,0,-1
2024320466607,2024,320466607,3,19,0,4,4,1,5,0,0,0,0,0,0,0,2,1,1,1,1,39,7,2299,2,3,VAUXHALL MOVANO,-1,-1,0,-1
2024041484450,2024,041484450,1,19,0,-1,19,6,2,-1,0,0,1,0,0,0,1,1,-1,1,1,38,7,2179,2,2,VAUXHALL MOVANO,1,E01025286,0,4
2024010518904,2024,010518904,1,19,0,18,19,7,3,0,0,0,0,0,0,0,3,1,1,1,1,33,6,2299,2,7,VAUXHALL MOVANO,2,E01002508,0,3
2024991473610,2024,991473610,1,19,0,-1,1,5,3,-1,0,1,0,0,0,0,2,1,-1,9,1,33,6,2299,2,3,VAUXHALL MOVANO,-1,-1,0,-1
2024010500875,2024,010500875,2,19,0,2,2,0,0,0,0,1,0,0,0,0,4,1,6,6,3,-1,-1,2179,2,2,VAUXHALL MOVANO,-1,-1,0,-1
2024010542868,2024,010542868,2,19,0,2,2,0,0,0,0,2,0,4,0,0,4,1,6,6,3,-1,-1,2179,2,0,VAUXHALL MOVANO,-1,-1,0,-1
2024471486540,2024,471486540,1,19,0,-1,19,4,8,-1,0,0,0,0,0,0,1,2,-1,2,1,40,7,2179,2,1,VAUXHALL MOVANO,8,E01030845,0,4
2024010521346,2024,010521346,2,19,0,7,7,9,9,99,99,9,9,99,9,99,2,9,6,6,3,-1,-1,2179,2,1,VAUXHALL MOVANO,-1,-1,0,-1
2024101443557,2024,101443557,1,19,0,-1,19,5,8,-1,0,8,0,0,0,0,1,1,-1,1,2,34,6,2179,2,2,VAUXHALL MOVANO,2,E01008383,0,3
2024991483176,2024,991483176,1,19,0,-1,19,6,2,-1,0,0,0,0,0,0,1,1,-1,1,1,42,7,2299,2,10,VAUXHALL MOVANO,7,E01018271,0,5
2024371412527,2024,371412527,4,19,0,-1,19,6,2,-1,0,1,0,0,0,0,2,1,-1,1,1,55,8,2299,2,3,VAUXHALL MOVANO,7,E01029896,0,4
2024340WN2082,2024,340WN2082,2,19,0,-1,19,7,3,-1,0,0,0,0,0,0,3,1,-1,1,1,27,6,2299,2,10,VAUXHALL MOVANO,4,E01032971,0,4
2024201524627,2024,201524627,2,19,0,-1,2,0,0,-1,0,0,0,0,0,0,2,2,-1,1,1,56,9,2179,2,1,VAUXHALL MOVANO,-1,-1,0,-1
2024041506349,2024,041506349,1,19,0,-1,9,1,3,-1,0,8,0,0,0,0,3,1,-1,1,1,28,6,2179,2,2,VAUXHALL MOVANO,2,E01025245,0,1
2024111420685,2024,111420685,1,19,-1,-1,3,4,8,-1,0,1,0,0,0,0,-1,9,-1,6,3,30,6,2299,2,7,VAUXHALL MOVANO,-1,-1,0,-1
2024501440378,2024,501440378,2,20,0,-1,11,3,7,-1,0,0,1,0,0,0,3,1,-1,1,1,39,7,-1,-1,-1,VAUXHALL MOVANO,9,E01019984,0,2
2024201457308,2024,201457308,1,19,0,-1,19,2,6,-1,0,6,0,0,0,0,3,9,-1,2,1,53,8,2299,2,5,VAUXHALL MOVANO,1,E01008170,0,5
2024361455985,2024,361455985,2,19,0,-1,19,2,6,-1,0,0,5,0,0,0,3,1,-1,1,2,56,9,-1,-1,-1,VAUXHALL MOVANO,6,E01026730,0,4
2024010527591,2024,010527591,2,19,0,18,19,1,5,0,0,8,0,0,0,0,1,1,6,6,3,-1,-1,2299,2,3,VAUXHALL MOVANO,-1,-1,0,-1
2024010531090,2024,010531090,1,9,0,2,2,0,0,0,0,2,0,0,0,0,2,1,6,6,3,-1,-1,2299,2,5,VAUXHALL MOVANO,-1,-1,0,-1
2024221512695,2024,221512695,2,19,0,-1,19,8,4,-1,0,1,0,0,0,0,1,1,-1,6,1,30,6,2299,2,14,VAUXHALL MOVANO,-1,-1,0,-1
2024361397004,2024,361397004,2,19,0,-1,13,7,3,-1,0,2,0,0,0,0,4,9,-1,1,2,63,9,2179,2,1,VAUXHALL MOVANO,7,E01026456,0,4
2024991458542,2024,991458542,2,19,0,-1,19,7,3,-1,0,0,0,0,0,0,1,1,-1,2,1,36,7,2179,2,2,VAUXHALL MOVANO,-1,-1,0,-1
2024010499504,2024,010499504,1,19,0,10,10,1,7,0,0,1,0,0,0,0,2,1,1,1,1,62,9,2299,2,3,VAUXHALL MOVANO,1,E01021323,0,3
2024010499008,2024,010499008,2,19,0,99,99,9,9,99,99,9,9,99,9,99,0,9,6,6,3,-1,-1,2299,2,8,VAUXHALL MOVANO,3,E01001789,0,2
2024010537714,2024,010537714,1,19,0,9,9,1,7,0,0,1,0,0,0,0,3,1,1,1,1,58,9,2299,2,3,VAUXHALL MOVANO,2,E01002282,0,1
2024302401087,2024,302401087,1,19,0,16,19,8,2,0,0,2,0,0,0,0,1,1,2,2,1,36,7,2299,2,3,VAUXHALL MOVANO,1,E01013860,0,3
2024421408219,2024,421408219,2,19,0,-1,19,3,7,-1,9,0,0,0,1,7,4,1,-1,1,1,53,8,2179,2,1,VAUXHALL MOVANO,5,E01021841,0,1
2024351436950,2024,351436950,2,19,0,-1,4,7,3,-1,0,0,0,0,0,0,2,1,-1,1,1,63,9,2299,2,5,VAUXHALL MOVANO,7,E01027089,0,4
2024041437531,2024,041437531,1,19,0,-1,19,3,7,-1,0,0,0,0,4,0,1,1,-1,2,1,27,6,2179,2,2,VAUXHALL MOVANO,3,E01025071,0,3
2024361504780,2024,361504780,2,19,0,-1,19,5,1,-1,0,0,0,0,0,0,1,1,-1,6,2,69,10,2299,2,8,VAUXHALL MOVANO,3,E01018091,0,4
2024471444129,2024,471444129,2,19,0,-1,19,8,4,-1,0,0,0,0,0,0,1,1,-1,1,1,51,8,2299,2,7,VAUXHALL MOVANO,2,E01016018,0,4
2024991400867,2024,991400867,1,19,0,-1,19,5,1,-1,0,0,0,4,0,0,1,2,-1,6,1,38,7,2299,2,10,VAUXHALL MOVANO,1,-1,0,2
2024440323582,2024,440323582,3,19,0,18,19,4,8,0,0,0,0,0,0,0,1,1,1,1,1,40,7,2179,2,2,VAUXHALL MOVANO,10,E01023096,0,2
2024531513991,2024,531513991,2,19,0,-1,19,7,3,-1,0,2,0,0,0,0,1,1,-1,1,1,53,8,2299,2,3,VAUXHALL MOVANO,8,E01023087,0,4
2024501451692,2024,501451692,2,19,0,-1,10,7,3,-1,0,5,0,0,0,0,2,1,-1,1,1,68,10,2463,2,19,VAUXHALL MOVANO,4,E01018782,0,1
2024451453657,2024,451453657,4,19,0,-1,19,1,5,-1,0,0,0,0,0,0,2,1,-1,1,1,53,8,2299,2,4,VAUXHALL MOVANO,5,E01030984,0,3
202460Q091993,2024,60Q091993,2,19,0,18,19,1,5,0,0,0,0,0,0,0,1,1,2,2,1,63,9,2464,2,15,VAUXHALL MOVANO,-1,-1,0,-1
2024141547862,2024,141547862,2,19,0,-1,19,7,3,-1,0,4,0,0,0,0,1,9,-1,6,1,47,8,2179,2,2,VAUXHALL MOVANO,1,E01007338,0,2
2024320345694,2024,320345694,3,19,0,-1,-1,2,6,0,0,8,0,0,0,0,3,1,1,1,1,47,8,2299,2,9,VAUXHALL MOVANO,7,E01026392,0,3
2024061425105,2024,061425105,1,19,0,-1,19,2,6,-1,0,0,0,0,0,0,1,1,-1,1,1,61,9,2299,2,6,VAUXHALL MOVANO,8,E01005336,0,1
2024430062643,2024,430062643,1,19,0,1,1,5,1,0,0,0,0,0,0,0,2,1,1,1,1,26,6,2179,2,1,VAUXHALL MOVANO,5,E01017659,0,4
2024531415630,2024,531415630,1,19,0,-1,4,5,1,-1,0,0,0,0,0,0,2,1,-1,9,1,31,6,2299,2,7,VAUXHALL MOVANO,3,E01019577,0,5
2024041458597,2024,041458597,1,19,0,-1,19,3,7,-1,0,1,0,0,0,0,1,2,-1,1,1,24,5,2179,2,1,VAUXHALL MOVANO,7,E01025446,0,3
2024131463142,2024,131463142,2,19,0,-1,6,7,7,-1,0,0,0,0,0,0,1,1,-1,1,1,64,9,2179,2,1,VAUXHALL MOVANO,1,E01005370,0,4
2024991507837,2024,991507837,2,19,0,-1,19,4,8,-1,0,1,0,0,0,0,2,1,-1,6,1,37,7,2299,2,3,VAUXHALL MOVANO,4,-1,0,1
2024411464749,2024,411464749,1,20,0,-1,4,6,2,-1,0,1,0,0,0,0,1,1,-1,6,1,35,6,-1,-1,-1,VAUXHALL MOVANO,1,E01028256,0,5
2024010548475,2024,010548475,3,19,0,18,19,3,7,0,0,1,0,0,0,0,1,1,6,6,1,20,4,2179,2,2,VAUXHALL MOVANO,4,E01015926,0,2
2024371473928,2024,371473928,3,19,0,-1,19,5,1,-1,0,1,0,0,0,0,3,1,-1,1,1,62,9,2299,2,8,VAUXHALL MOVANO,9,E01030085,0,1
2024101457862,2024,101457862,1,19,0,-1,9,6,4,-1,0,8,0,0,0,0,1,1,-1,6,1,35,6,2299,2,13,VAUXHALL MOVANO,10,E01008419,0,1
2024440301682,2024,440301682,1,19,0,18,19,2,6,0,0,1,1,0,0,0,1,1,2,2,1,30,6,2299,2,10,VAUXHALL MOVANO,8,E01020343,0,3
2024421529878,2024,421529878,2,19,0,-1,19,7,2,-1,0,0,0,0,0,0,1,9,-1,1,1,47,8,2179,2,2,VAUXHALL MOVANO,8,E01021538,0,4
202460Q008259,2024,60Q008259,2,19,4,2,2,0,0,0,0,2,0,0,0,0,0,1,1,1,1,58,9,2179,2,2,VAUXHALL MOVANO,-1,-1,0,-1
2024010511570,2024,010511570,1,19,0,9,9,1,7,0,0,8,0,0,0,0,1,1,1,1,1,36,7,2299,2,8,VAUXHALL MOVANO,3,E01004308,0,3
202460Q119253,2024,60Q119253,1,19,0,18,19,3,7,0,0,2,0,0,0,0,1,1,6,6,1,58,9,2299,2,11,VAUXHALL MOVANO,-1,-1,0,-1
2024010517042,2024,010517042,2,19,0,1,1,9,9,99,99,9,9,99,9,99,2,9,6,6,3,-1,-1,2179,2,1,VAUXHALL MOVANO,-1,-1,0,-1
2024461497620,2024,461497620,1,19,0,-1,19,5,1,-1,0,0,0,0,0,0,1,9,-1,6,1,56,9,2299,2,8,VAUXHALL MOVANO,4,E01016003,0,2
2024401411472,2024,401411472,1,19,0,-1,9,5,7,-1,0,2,0,0,0,0,1,1,-1,1,1,59,9,2299,2,3,VAUXHALL MOVANO,7,E01023351,0,3
2024141498170,2024,141498170,3,19,0,-1,19,5,1,-1,0,0,0,0,0,0,1,1,-1,6,3,-1,-1,2299,2,9,VAUXHALL MOVANO,-1,-1,0,-1
2024451532547,2024,451532547,1,9,0,-1,19,7,1,-1,0,0,0,0,0,0,4,1,-1,2,1,58,9,2299,2,6,VAUXHALL MOVANO,5,E01004076,0,4
2024501405479,2024,501405479,2,19,0,-1,19,1,5,-1,0,8,0,0,0,0,1,1,-1,1,1,46,8,2299,2,9,VAUXHALL MOVANO,5,E01020328,0,3
2024122400713,2024,122400713,2,19,0,18,19,3,7,0,0,0,0,0,0,0,1,1,2,2,1,38,7,2299,2,11,VAUXHALL MOVANO,1,E01012258,0,4
2024141405677,2024,141405677,2,19,0,-1,19,1,5,-1,0,0,0,0,0,0,2,1,-1,1,1,70,10,2299,2,4,VAUXHALL MOVANO,7,E01034252,0,3
2024010540655,2024,010540655,2,19,0,99,99,9,9,0,0,0,9,99,9,99,1,9,6,6,3,-1,-1,2299,2,3,VAUXHALL MOVANO,-1,-1,0,-1
2024522402300,2024,522402300,2,19,0,12,12,5,1,0,0,0,0,0,0,0,9,1,6,6,3,-1,-1,2299,2,8,VAUXHALL MOVANO,-1,-1,0,-1
2024991468923,2024,991468923,2,19,0,-1,19,7,3,-1,0,0,0,0,0,0,1,1,-1,1,1,39,7,2299,2,6,VAUXHALL MOVANO,8,-1,0,4
2024451498140,2024,451498140,2,19,0,-1,1,3,7,-1,0,0,0,0,0,0,2,9,-1,1,1,35,6,2179,2,2,VAUXHALL MOVANO,-1,-1,0,-1
2024010527651,2024,010527651,2,19,0,99,99,9,9,99,99,9,9,99,9,99,1,9,6,6,3,-1,-1,2464,2,16,VAUXHALL MOVANO,4,E01001511,0,3
2024302400516,2024,302400516,2,19,0,18,19,6,2,0,0,0,0,0,0,0,3,1,6,6,1,24,5,2299,2,9,VAUXHALL MOVANO,8,E01019705,0,1
2024302400076,2024,302400076,1,19,0,3,3,5,1,0,0,1,0,0,0,0,2,1,1,1,1,30,6,2299,2,10,VAUXHALL MOVANO,3,E01028147,0,3
2024552401008,2024,552401008,2,19,0,18,19,4,8,0,0,0,0,0,0,0,1,1,1,1,1,43,7,2299,2,10,VAUXHALL MOVANO,4,E01020536,0,1
2024010524994,2024,010524994,2,19,0,18,19,1,5,0,0,1,0,0,0,0,0,1,6,6,1,51,8,2299,2,4,VAUXHALL MOVANO,2,E01001515,0,4
2024531532711,2024,531532711,1,19,0,-1,7,8,2,-1,0,8,0,0,0,0,1,1,-1,1,1,43,7,2299,2,9,VAUXHALL MOVANO,4,E01022149,0,1
2024552400401,2024,552400401,1,19,0,9,9,1,7,0,0,5,0,0,0,0,4,1,6,6,1,52,8,2299,2,9,VAUXHALL MOVANO,2,E01015273,0,1
2024302401282,2024,302401282,1,19,0,11,11,4,8,0,0,0,0,0,0,0,2,1,6,6,1,49,8,2299,2,7,VAUXHALL MOVANO,10,E01019702,0,2
2024610056124,2024,610056124,1,19,0,7,7,8,3,0,0,2,0,0,0,0,1,1,2,2,1,36,7,2299,2,2,VAUXHALL MOVANO,5,W01001359,0,3
202460Q114182,2024,60Q114182,1,19,0,18,19,3,7,0,0,0,1,0,0,0,1,1,1,1,1,53,8,2299,2,5,VAUXHALL MOVANO,-1,-1,0,-1
2024361535766,2024,361535766,2,19,0,-1,19,8,4,-1,0,0,0,0,0,0,1,1,-1,1,1,59,9,2299,2,3,VAUXHALL MOVANO,6,E01026771,0,1
2024061427755,2024,061427755,2,19,0,-1,9,5,5,-1,0,5,0,0,0,0,3,1,-1,1,1,45,7,2179,2,1,VAUXHALL MOVANO,1,E01004877,0,4
2024440243772,2024,440243772,1,19,0,18,19,2,6,0,0,8,0,0,0,0,4,1,6,6,1,53,8,2799,2,24,VAUXHALL MOVANO,8,E01030904,0,1
2024041500376,2024,041500376,1,19,0,-1,12,1,5,-1,0,0,0,0,4,0,1,1,-1,1,1,26,6,2179,2,1,VAUXHALL MOVANO,2,E01010028,0,5
2024070627650,2024,070627650,1,19,0,18,19,4,8,0,0,0,0,0,0,0,1,1,6,6,2,39,7,2299,2,3,VAUXHALL MOVANO,2,E01033300,0,4
2024231460448,2024,231460448,2,19,0,-1,19,2,6,-1,0,0,0,0,0,0,1,1,-1,1,1,49,8,2179,2,2,VAUXHALL MOVANO,7,E01029517,0,1
2024440235851,2024,440235851,1,19,0,18,19,7,3,0,0,0,0,0,0,0,1,1,1,1,1,26,6,2299,2,5,VAUXHALL MOVANO,10,E01030498,0,3
2024631507689,2024,631507689,1,19,0,-1,13,4,8,-1,0,0,0,0,0,0,3,1,-1,2,1,40,7,2179,2,1,VAUXHALL MOVANO,6,W01000701,0,2
2024131403025,2024,131403025,4,19,0,-1,19,8,4,-1,0,0,0,0,0,0,2,1,-1,1,1,48,8,2179,2,1,VAUXHALL MOVANO,6,E01011214,0,3
2024430583217,2024,430583217,1,19,0,18,19,1,5,0,0,3,0,0,0,0,1,1,2,2,1,30,6,2299,2,8,VAUXHALL MOVANO,8,E01028704,0,1
2024522401626,2024,522401626,2,19,0,18,19,5,1,0,0,1,0,0,0,0,1,1,6,6,3,-1,-1,2299,2,10,VAUXHALL MOVANO,-1,-1,0,-1
2024461522854,2024,461522854,1,19,0,-1,19,6,2,-1,0,0,0,0,0,0,1,1,-1,1,1,57,9,2299,2,4,VAUXHALL MOVANO,8,E01032819,0,4
2024041461828,2024,041461828,2,19,0,-1,4,1,5,-1,0,0,0,0,1,5,4,1,-1,1,1,64,9,2299,2,8,VAUXHALL MOVANO,10,E01024968,0,1
2024440376971,2024,440376971,1,19,0,18,19,4,8,0,0,8,0,0,0,0,3,1,1,1,1,52,8,2464,2,15,VAUXHALL MOVANO,8,E01022652,0,2
2024070611713,2024,070611713,1,19,4,18,19,5,1,0,0,0,3,0,1,2,1,1,1,1,1,42,7,2179,2,1,VAUXHALL MOVANO,3,E01018337,0,3
2024010548935,2024,010548935,2,19,0,18,19,3,7,0,0,1,0,0,0,0,1,1,6,6,1,33,6,2179,2,2,VAUXHALL MOVANO,2,E01033883,0,1
2024201483562,2024,201483562,1,19,0,-1,19,8,4,-1,0,0,0,0,0,0,1,1,-1,6,2,53,8,2299,2,4,VAUXHALL MOVANO,-1,-1,0,-1
2024041399545,2024,041399545,2,19,0,-1,19,5,1,-1,0,0,0,0,0,0,1,2,-1,6,1,28,6,2299,2,4,VAUXHALL MOVANO,2,E01015705,0,5
2024101506900,2024,101506900,1,9,0,-1,19,5,1,-1,0,0,0,0,0,0,3,9,-1,6,3,45,7,-1,-1,-1,-1,-1,-1,0,-1
2024461500390,2024,461500390,1,9,0,-1,19,3,7,-1,0,8,0,0,0,0,1,9,-1,9,2,-1,-1,-1,-1,-1,-1,-1,-1,0,-1
2024061511249,2024,061511249,2,1,0,-1,19,7,3,-1,0,1,0,0,0,0,1,1,-1,2,1,54,8,-1,-1,-1,-1,5,E01006021,0,1
2024302400194,2024,302400194,2,9,0,9,9,6,4,0,0,6,0,0,0,0,1,1,6,6,2,18,4,-1,-1,-1,-1,2,E01019842,0,1