collision_index,collision_year,collision_ref_no,vehicle_reference,vehicle_type,towing_and_articulation,vehicle_manoeuvre_historic,vehicle_manoeuvre,vehicle_direction_from,vehicle_direction_to,vehicle_location_restricted_lane_historic,vehicle_location_restricted_lane,junction_location,skidding_and_overturning,hit_object_in_carriageway,vehicle_leaving_carriageway,hit_object_off_carriageway,first_point_of_impact,vehicle_left_hand_drive,journey_purpose_of_driver_historic,journey_purpose_of_driver,sex_of_driver,age_of_driver,age_band_of_driver,engine_capacity_cc,propulsion_code,age_of_vehicle,generic_make_model,driver_imd_decile,lsoa_of_driver,escooter_flag,driver_distance_banding
2024440204683,2024,440204683,2,9,0,5,5,5,1,0,0,4,0,0,0,0,1,1,6,6,2,-1,-1,-1,-1,-1,-1,-1,-1,0,-1
2024547553824,2024,547553824,1,97,0,18,19,5,1,0,0,0,0,0,0,0,1,1,6,6,1,-1,-1,-1,-1,-1,-1,-1,-1,0,-1
202460Q043038,2024,60Q043038,3,9,0,18,19,3,7,0,0,1,0,0,0,0,3,1,6,6,1,50,8,-1,-1,-1,-1,-1,-1,0,-1
2024481567192,2024,481567192,1,5,0,-1,14,3,7,-1,0,0,0,0,0,0,1,1,-1,2,1,30,6,-1,-1,-1,-1,-1,-1,0,-1
2024531473337,2024,531473337,2,1,0,-1,5,5,3,-1,0,1,0,0,0,0,1,1,-1,7,2,13,3,-1,-1,-1,-1,4,E01022450,0,1
2024461409844,2024,461409844,1,9,0,-1,19,6,2,-1,0,1,0,0,0,0,1,9,-1,6,3,-1,-1,-1,-1,-1,-1,-1,-1,0,-1
2024340WN6582,2024,340WN6582,2,-1,0,-1,19,8,4,-1,0,8,0,0,0,0,4,1,-1,2,2,22,5,-1,-1,-1,-1,7,E01027143,1,1
2024501504459,2024,501504459,1,9,0,-1,6,2,2,-1,0,0,0,0,0,0,1,1,-1,6,3,-1,-1,-1,-1,-1,-1,-1,-1,0,-1
2024332400513,2024,332400513,2,9,0,-1,19,3,7,-1,0,8,0,0,7,9,3,1,-1,9,2,51,8,-1,-1,-1,-1,4,E01013718,0,3
2024010532152,2024,010532152,1,1,9,99,99,9,9,99,99,9,9,99,9,99,2,1,6,6,1,55,8,-1,-1,-1,-1,5,E01003654,0,1
2024010542250,2024,010542250,1,11,4,99,99,9,9,99,99,9,9,99,9,99,9,9,6,6,3,-1,-1,-1,-1,-1,-1,-1,-1,0,-1
2024010489333,2024,010489333,2,9,0,18,19,3,7,0,0,0,0,0,0,0,4,1,6,6,1,34,6,-1,-1,-1,-1,5,E01003666,0,2
2024311413272,2024,311413272,1,9,0,-1,9,6,4,-1,0,8,0,0,0,0,1,9,-1,6,2,40,7,-1,-1,-1,-1,-1,-1,0,-1
2024010497104,2024,010497104,2,9,0,18,19,7,3,0,0,2,0,0,0,0,1,1,2,2,1,32,6,-1,-1,-1,-1,-1,-1,0,-1
2024010549745,2024,010549745,1,1,0,9,9,5,4,0,0,1,0,0,2,10,1,1,2,2,2,22,5,-1,-1,-1,-1,4,E01003929,0,2
2024131491335,2024,131491335,1,9,0,-1,-1,-1,-1,-1,-1,0,-1,-1,-1,-1,-1,1,-1,6,3,-1,-1,-1,-1,-1,-1,-1,-1,0,-1
2024010524485,2024,010524485,2,1,0,18,19,5,1,0,0,8,0,0,0,0,4,1,1,1,1,27,6,-1,-1,-1,-1,7,E01003753,0,1
2024471412233,2024,471412233,2,1,0,-1,19,8,4,-1,9,1,0,0,0,0,1,1,-1,6,1,44,7,-1,-1,-1,-1,1,E01016885,0,1
2024440180289,2024,440180289,1,-1,0,18,19,5,1,0,0,1,0,0,0,0,1,1,6,6,1,32,6,-1,-1,-1,-1,5,E01017024,1,1
2024201499454,2024,201499454,1,9,0,-1,19,8,4,-1,0,1,0,0,0,0,1,9,-1,6,2,-1,-1,-1,-1,-1,-1,-1,-1,0,-1
2024131483434,2024,131483434,1,97,0,-1,-1,-1,-1,-1,-1,0,-1,-1,-1,-1,-1,1,-1,6,3,-1,-1,-1,-1,-1,-1,-1,-1,0,-1
2024010531950,2024,010531950,2,9,0,9,9,8,5,0,0,8,0,0,0,0,1,1,6,6,3,-1,-1,-1,-1,-1,-1,-1,-1,0,-1
2024520400813,2024,520400813,1,9,0,18,19,6,3,0,0,0,1,0,0,0,1,1,6,6,1,43,7,-1,-1,-1,-1,6,E01029139,0,1
2024010510295,2024,010510295,2,97,0,18,19,6,2,0,0,0,0,0,0,0,4,1,6,6,1,26,6,-1,-1,-1,-1,3,E01003598,0,3
2024041480970,2024,041480970,1,9,0,-1,19,1,5,-1,0,4,0,0,0,0,0,9,-1,6,3,-1,-1,-1,-1,-1,-1,-1,-1,0,-1
2024070977940,2024,070977940,2,1,0,-1,19,7,3,-1,5,0,0,0,0,0,4,1,-1,2,1,28,6,-1,-1,-1,-1,7,E01035380,0,3
2024340NN4002,2024,340NN4002,2,1,0,-1,19,1,5,-1,0,8,0,0,0,0,1,1,-1,6,1,67,10,-1,-1,-1,-1,6,E01027100,0,1
2024010495839,2024,010495839,1,9,0,99,99,9,9,99,99,0,9,99,9,99,1,9,6,6,1,37,7,-1,-1,-1,-1,5,E01000070,0,1
2024010533266,2024,010533266,2,9,0,99,99,9,9,99,99,9,9,99,9,99,9,9,6,6,3,-1,-1,-1,-1,-1,-1,-1,-1,0,-1
2024131425889,2024,131425889,3,9,0,-1,2,0,0,-1,9,0,0,0,0,0,2,1,-1,6,-1,-1,-1,-1,-1,-1,-1,-1,-1,0,-1
2024471446873,2024,471446873,1,9,0,-1,19,8,3,-1,0,0,0,0,0,0,2,1,-1,7,2,30,6,-1,-1,-1,-1,4,E01031599,0,2
2024010553756,2024,010553756,1,1,9,99,99,9,9,99,99,9,9,99,9,99,1,1,6,6,3,24,5,-1,-1,-1,-1,9,E01004505,0,2
2024010520353,2024,010520353,2,9,0,99,99,9,9,99,99,0,9,99,9,99,1,9,6,6,3,-1,-1,-1,-1,-1,-1,-1,-1,0,-1
2024332400608,2024,332400608,2,9,0,-1,15,1,5,-1,2,8,0,0,0,0,1,1,-1,1,1,21,5,-1,-1,-1,-1,6,E01025986,0,1
2024010492223,2024,010492223,1,9,5,18,19,1,5,0,0,3,5,4,0,0,1,1,6,6,1,81,11,-1,-1,-1,-1,3,E01000062,0,1
2024010519568,2024,010519568,2,1,0,7,7,3,5,0,0,1,0,0,0,0,1,1,1,1,1,28,6,-1,-1,-1,-1,3,E01002027,0,2
2024440460126,2024,440460126,2,9,0,18,19,3,7,0,0,0,0,0,0,0,0,1,6,6,2,18,4,-1,-1,-1,-1,2,E01017019,0,2
2024010494775,2024,010494775,1,9,0,18,19,1,5,0,0,1,0,0,0,0,3,9,6,6,1,49,8,-1,-1,-1,-1,6,E01000238,0,2
2024221397647,2024,221397647,1,1,0,-1,19,1,5,-1,0,0,0,0,0,0,3,1,-1,6,1,64,9,-1,-1,-1,-1,6,E01032417,0,1
2024010489544,2024,010489544,2,9,9,99,99,9,9,99,99,9,9,99,9,99,9,9,6,6,3,-1,-1,-1,-1,-1,-1,-1,-1,0,-1
2024061470112,2024,061470112,2,22,0,-1,19,4,8,-1,0,8,0,0,0,0,3,1,-1,6,1,57,9,-1,-1,-1,-1,1,E01005422,0,1
2024061469823,2024,061469823,1,9,0,-1,99,-1,-1,-1,0,0,9,99,0,0,4,1,-1,6,3,-1,-1,-1,-1,-1,-1,-1,-1,0,-1
2024221417061,2024,221417061,1,9,0,-1,19,6,2,-1,0,0,0,0,0,0,3,9,-1,6,3,48,8,-1,-1,-1,-1,-1,-1,0,-1
2024351466354,2024,351466354,1,21,1,-1,1,5,1,-1,-1,0,0,0,0,0,2,1,-1,1,1,56,9,-1,-1,-1,-1,-1,-1,0,-1
2024520401495,2024,520401495,2,9,0,4,4,5,1,0,0,8,0,0,0,0,3,1,6,6,1,47,8,-1,-1,-1,-1,4,E01026016,0,5
2024522402544,2024,522402544,2,1,0,18,19,2,6,0,0,8,0,0,0,0,1,1,6,6,2,38,7,-1,-1,-1,-1,2,E01014578,0,1
2024451470081,2024,451470081,2,9,9,-1,7,2,7,-1,0,0,0,0,0,0,4,1,-1,6,1,19,4,-1,-1,-1,-1,6,E01030629,0,4
2024302400195,2024,302400195,1,11,0,18,19,8,4,0,0,0,0,0,7,11,3,1,1,1,1,66,10,-1,-1,-1,-1,3,E01019552,0,4
2024010519631,2024,010519631,1,1,9,99,99,9,9,99,99,9,9,99,9,99,2,1,2,2,1,25,5,-1,-1,-1,-1,1,E01002040,0,1
2024221509438,2024,221509438,1,9,0,-1,19,4,8,-1,0,0,5,0,2,10,1,9,-1,6,1,31,6,-1,-1,-1,-1,7,E01014006,0,1
2024010517357,2024,010517357,2,1,0,18,19,1,5,9,9,1,0,0,0,0,1,1,6,6,1,9,2,-1,-1,-1,-1,3,E01004189,0,1
2024010493275,2024,010493275,2,9,9,99,99,9,9,99,99,9,9,99,9,99,9,9,6,6,3,-1,-1,-1,-1,-1,-1,-1,-1,0,-1
2024101424864,2024,101424864,1,9,0,-1,19,1,5,-1,0,0,0,0,0,0,1,1,-1,2,1,47,8,-1,-1,-1,-1,-1,-1,0,-1
2024010541327,2024,010541327,2,9,0,18,19,6,2,9,9,1,0,0,1,2,1,1,6,6,1,41,7,-1,-1,-1,-1,7,E01000983,0,1
2024201472923,2024,201472923,1,9,0,-1,19,8,4,-1,0,0,0,0,0,0,1,1,-1,9,1,22,5,-1,-1,-1,-1,1,E01009752,0,1
2024421414582,2024,421414582,1,22,0,-1,19,1,5,-1,9,1,0,0,0,0,1,1,-1,6,1,73,10,-1,-1,-1,-1,9,E01021371,0,1
2024122500115,2024,122500115,1,19,0,18,19,5,1,0,0,1,0,0,0,0,1,1,6,6,3,-1,-1,-1,-1,-1,-1,-1,-1,0,-1
2024461455704,2024,461455704,1,2,0,-1,19,3,7,-1,0,0,0,0,0,0,-1,1,-1,9,3,-1,-1,-1,-1,-1,-1,-1,-1,0,-1
2024440348420,2024,440348420,1,1,0,18,19,8,4,0,0,0,0,0,0,0,2,1,6,6,1,25,5,-1,-1,-1,-1,4,E01022804,0,2
2024161399883,2024,161399883,2,1,0,-1,19,5,1,-1,0,0,0,0,1,0,1,1,-1,9,1,56,9,-1,-1,-1,-1,8,E01012959,0,2
2024101412030,2024,101412030,1,1,0,-1,19,5,1,-1,0,2,0,0,0,0,4,1,-1,2,1,27,6,-1,-1,-1,-1,1,E01008400,0,2
2024440419181,2024,440419181,1,9,0,18,19,4,8,0,0,0,0,0,0,0,4,1,6,6,1,-1,-1,-1,-1,-1,-1,-1,-1,0,-1
2024311446333,2024,311446333,1,9,-1,-1,19,5,1,-1,0,1,0,0,0,0,1,9,-1,6,3,-1,-1,-1,-1,-1,-1,-1,-1,0,-1
2024320578985,2024,320578985,1,9,0,-1,-1,6,1,0,0,0,0,0,0,0,0,1,6,6,3,-1,-1,-1,-1,-1,-1,-1,-1,0,-1
2024461528083,2024,461528083,1,9,0,-1,9,1,5,-1,0,1,0,0,0,0,1,9,-1,6,3,-1,-1,-1,-1,-1,-1,-1,-1,0,-1
2024440165927,2024,440165927,2,9,0,18,19,8,4,0,0,1,0,0,0,0,3,1,2,2,2,47,8,-1,-1,-1,-1,6,E01022715,0,1
2024201443523,2024,201443523,7,9,0,-1,2,0,0,-1,0,1,0,0,0,0,3,1,-1,6,1,-1,-1,-1,-1,-1,-1,1,E01009152,0,1
2024610038624,2024,610038624,1,9,0,9,9,3,1,0,0,8,0,0,0,0,2,1,1,1,1,56,9,-1,-1,-1,-1,8,W01001658,0,3
2024320440391,2024,320440391,2,1,0,-1,-1,4,8,0,0,1,0,0,0,0,1,1,6,6,1,30,6,-1,-1,-1,-1,-1,-1,0,-1
2024320202518,2024,320202518,3,9,0,10,10,2,8,0,0,1,0,0,0,0,1,1,-1,-1,1,43,7,-1,-1,-1,-1,7,E01030040,0,5
2024111499318,2024,111499318,1,1,0,-1,5,8,4,-1,4,8,0,0,0,0,1,1,-1,9,1,21,5,-1,-1,-1,-1,4,E01012311,0,1
2024111423194,2024,111423194,1,9,0,-1,7,6,7,-1,0,1,0,0,3,0,1,1,-1,9,1,60,9,-1,-1,-1,-1,9,E01020698,0,1
2024010490076,2024,010490076,1,9,0,18,19,7,3,0,0,1,0,0,0,0,4,1,6,6,2,49,8,-1,-1,-1,-1,3,E01004755,0,1
2024340WN6822,2024,340WN6822,2,21,0,-1,4,5,1,-1,0,0,0,0,0,0,2,1,-1,1,1,48,8,-1,-1,-1,-1,4,E01024665,0,5
2024010488754,2024,010488754,1,8,0,99,99,9,9,99,99,9,9,99,9,99,2,9,6,6,1,41,7,-1,-1,-1,-1,3,E01004305,0,1
2024010495364,2024,010495364,1,1,9,99,99,9,9,99,99,9,9,99,9,99,9,1,6,6,1,27,6,-1,-1,-1,-1,7,E01002791,0,1
2024010487633,2024,010487633,1,11,0,18,19,3,7,0,0,1,0,0,0,0,1,1,1,1,1,50,8,-1,-1,-1,-1,2,E01000721,0,3
2024501407372,2024,501407372,4,9,0,-1,7,3,6,-1,-1,0,-1,-1,-1,0,0,1,-1,6,3,-1,-1,-1,-1,-1,-1,-1,-1,0,-1
2024052401904,2024,052401904,2,1,0,18,19,7,3,0,0,0,0,0,0,0,4,1,6,6,1,60,9,-1,-1,-1,-1,7,E01006923,0,1
2024010535107,2024,010535107,2,9,0,2,2,9,9,2,2,0,9,99,9,99,9,9,6,6,3,-1,-1,-1,-1,-1,-1,-1,-1,0,-1
202417M308024,2024,17M308024,2,9,0,-1,7,1,3,-1,0,8,0,0,0,0,1,1,-1,6,2,-1,-1,-1,-1,-1,-1,-1,-1,0,-1
2024351473682,2024,351473682,5,1,0,-1,19,7,3,-1,0,8,0,0,0,0,1,1,-1,9,1,42,7,-1,-1,-1,-1,7,E01035530,0,3
2024010540449,2024,010540449,1,1,9,99,99,9,9,99,99,0,9,99,9,99,9,1,6,6,1,47,8,-1,-1,-1,-1,3,E01034191,0,2
2024010524033,2024,010524033,1,1,9,99,99,9,9,99,99,0,9,99,9,99,9,1,6,6,1,81,11,-1,-1,-1,-1,6,E01002636,0,1
2024101433447,2024,101433447,1,9,0,-1,19,1,5,-1,0,8,0,0,0,0,1,9,-1,6,1,30,6,-1,-1,-1,-1,-1,-1,0,-1
2024052400924,2024,052400924,1,9,0,11,11,7,3,0,0,3,0,0,0,0,0,1,6,6,3,-1,-1,-1,-1,-1,-1,-1,-1,0,-1
2024471467221,2024,471467221,1,9,0,-1,4,1,5,-1,0,0,0,0,0,0,1,1,-1,6,1,-1,-1,-1,-1,-1,-1,-1,-1,0,-1
2024052402527,2024,052402527,1,9,0,18,19,7,3,0,0,8,0,0,0,0,1,1,6,6,2,77,11,-1,-1,-1,-1,10,E01007200,0,1
2024451413687,2024,451413687,2,9,0,-1,19,1,1,-1,0,8,0,0,0,0,1,9,-1,6,3,-1,-1,-1,-1,-1,-1,-1,-1,0,-1
2024471433727,2024,471433727,1,9,0,-1,19,-1,-1,-1,0,0,0,0,0,0,-1,9,-1,6,3,-1,-1,-1,-1,-1,-1,-1,-1,0,-1
2024231482564,2024,231482564,1,9,0,-1,19,4,8,-1,0,0,0,0,1,11,2,1,-1,2,1,21,5,-1,-1,-1,-1,10,E01031124,0,1
2024031498802,2024,031498802,2,1,0,-1,19,4,1,-1,0,1,0,0,0,0,1,1,-1,6,1,62,9,-1,-1,-1,-1,-1,-1,0,-1
2024010498343,2024,010498343,2,9,0,99,99,9,9,99,99,9,9,99,9,99,9,9,6,6,3,-1,-1,-1,-1,-1,-1,-1,-1,0,-1
2024991421762,2024,991421762,5,9,0,-1,19,7,3,-1,0,1,0,4,0,0,1,1,-1,6,1,44,7,-1,-1,-1,-1,4,-1,0,4
2024101464157,2024,101464157,1,1,0,-1,15,4,8,-1,0,0,5,0,0,0,4,1,-1,7,1,11,3,-1,-1,-1,-1,8,E01008553,0,1
2024440443021,2024,440443021,1,1,0,18,19,1,5,0,0,8,0,0,0,0,3,1,4,7,1,12,3,-1,-1,-1,-1,3,E01017079,0,1
2024401437842,2024,401437842,2,3,0,-1,3,4,8,-1,0,4,5,0,0,0,3,1,-1,9,1,48,8,-1,-1,-1,-1,5,E01017487,0,1
2024320100767,2024,320100767,3,9,0,4,4,8,4,0,0,1,0,0,0,0,0,1,-1,-1,2,28,6,-1,-1,-1,-1,1,E01026150,0,3
2024010496531,2024,010496531,2,19,9,99,99,9,9,99,99,9,9,99,9,99,9,9,6,6,3,-1,-1,-1,-1,-1,-1,-1,-1,0,-1
2024010505296,2024,010505296,2,1,5,18,19,1,5,0,0,1,0,0,0,0,1,1,6,6,2,22,5,-1,-1,-1,-1,2,E01002767,0,1
2024522402879,2024,522402879,2,9,0,17,19,5,2,0,0,0,0,0,0,0,2,1,6,6,1,39,7,-1,-1,-1,-1,4,E01014448,0,4
2024010494113,2024,010494113,1,3,0,18,19,9,9,99,99,0,9,99,9,99,9,1,1,1,1,23,5,-1,-1,-1,-1,1,E01002855,0,1
2024522401624,2024,522401624,1,1,0,18,19,6,2,0,0,0,0,0,0,0,9,1,6,6,1,29,6,-1,-1,-1,-1,1,E01014608,0,1
2024041458917,2024,041458917,1,1,0,-1,19,5,1,-1,0,2,0,0,0,0,1,1,-1,6,1,15,3,-1,-1,-1,-1,2,E01025075,0,1
2024520401436,2024,520401436,1,19,0,18,19,3,8,0,0,0,0,0,7,4,1,1,2,2,1,40,7,-1,-1,-1,-1,3,E01029325,0,1
2024311443428,2024,311443428,2,1,0,-1,19,3,7,-1,0,0,0,0,0,0,1,1,-1,9,1,19,4,-1,-1,-1,-1,-1,-1,0,-1
2024332401159,2024,332401159,2,1,0,-1,19,7,1,-1,0,1,0,0,0,0,2,1,-1,6,2,22,5,-1,-1,-1,-1,5,E01013741,0,1
2024430065053,2024,430065053,1,9,0,18,19,8,4,0,0,8,0,0,0,0,1,1,6,6,3,-1,-1,-1,-1,-1,-1,-1,-1,0,-1
2024501527804,2024,501527804,1,9,0,-1,4,7,3,-1,9,0,0,0,0,0,1,9,-1,9,1,71,10,-1,-1,-1,-1,2,E01018854,0,1
2024991519098,2024,991519098,2,1,0,-1,9,7,4,-1,0,5,0,0,0,0,1,1,-1,2,2,46,8,-1,-1,-1,-1,7,-1,0,1
2024010505671,2024,010505671,1,1,9,99,99,9,9,99,99,9,9,99,9,99,9,1,2,2,1,37,7,-1,-1,-1,-1,6,E01033785,0,2
2024221457824,2024,221457824,1,9,0,-1,19,5,1,-1,0,0,0,0,0,0,1,9,-1,6,2,23,5,-1,-1,-1,-1,5,E01028989,0,2
2024061403894,2024,061403894,1,9,0,-1,4,8,2,-1,0,1,0,0,0,0,1,1,-1,6,3,-1,-1,-1,-1,-1,-1,-1,-1,0,-1
2024101459743,2024,101459743,1,11,0,-1,-1,-1,-1,-1,-1,-1,0,0,0,0,0,9,-1,1,3,-1,-1,-1,-1,-1,-1,-1,-1,0,-1
2024552400178,2024,552400178,2,1,0,18,19,8,4,5,5,8,0,0,0,0,1,1,2,2,2,27,6,-1,-1,-1,-1,6,E01015291,0,2
2024411479032,2024,411479032,1,19,0,-1,3,5,1,-1,0,4,0,0,0,0,-1,9,-1,6,1,-1,-1,-1,-1,-1,-1,-1,-1,0,-1
2024311501011,2024,311501011,2,1,0,-1,19,3,7,-1,4,1,5,0,0,0,1,1,-1,2,1,25,5,-1,-1,-1,-1,3,E01028062,0,1
2024010548106,2024,010548106,1,1,9,99,99,9,9,99,99,9,9,99,9,99,9,1,6,6,1,14,3,-1,-1,-1,-1,2,E01003065,0,1
2024430285623,2024,430285623,2,9,0,7,7,4,6,0,0,5,0,0,0,0,4,1,6,6,1,-1,-1,-1,-1,-1,-1,-1,-1,0,-1
2024340NN3012,2024,340NN3012,1,1,0,-1,19,5,1,-1,0,0,0,0,0,0,1,1,-1,6,2,13,3,-1,-1,-1,-1,1,E01027334,0,1
202417H104524,2024,17H104524,1,1,0,-1,19,7,3,-1,0,0,0,0,0,0,0,1,-1,6,2,48,8,-1,-1,-1,-1,1,E01011994,0,1
2024501513479,2024,501513479,1,9,0,-1,19,7,3,-1,0,0,0,0,0,0,1,1,-1,1,1,18,4,-1,-1,-1,-1,9,E01020248,0,4
2024221508176,2024,221508176,1,9,0,-1,14,7,3,-1,0,0,0,4,0,0,1,1,-1,9,1,89,11,-1,-1,-1,-1,8,E01013996,0,1
2024520402968,2024,520402968,2,9,0,18,19,4,8,0,0,0,0,0,0,0,1,1,6,6,2,80,11,-1,-1,-1,-1,5,E01029208,0,2
2024010495909,2024,010495909,1,1,9,99,99,9,9,99,99,0,9,99,9,99,1,1,2,2,2,33,6,-1,-1,-1,-1,10,E01003857,0,2
2024351477797,2024,351477797,2,1,0,-1,4,8,4,-1,0,0,5,0,0,0,2,1,-1,2,1,33,6,-1,-1,-1,-1,9,E01035533,0,1
2024010497227,2024,010497227,3,9,0,2,2,0,0,0,0,0,1,4,7,0,2,1,6,6,3,-1,-1,-1,-1,-1,-1,-1,-1,0,-1
2024131508922,2024,131508922,1,1,0,-1,-1,-1,-1,-1,-1,8,-1,-1,-1,0,-1,1,-1,6,3,-1,-1,-1,-1,-1,-1,-1,-1,0,-1
2024031410662,2024,031410662,1,99,-1,-1,-1,-1,-1,-1,-1,0,-1,-1,-1,0,-1,9,-1,6,3,-1,-1,-1,-1,-1,-1,-1,-1,0,-1
2024201438196,2024,201438196,1,23,0,-1,19,4,8,-1,0,4,0,0,0,0,4,1,-1,6,1,18,4,-1,-1,-1,-1,2,E01008889,0,1
2024311449587,2024,311449587,2,-1,0,-1,19,1,5,-1,0,1,0,0,0,0,3,1,-1,6,2,14,3,-1,-1,-1,-1,-1,-1,1,-1
2024421454592,2024,421454592,1,19,0,-1,19,5,1,-1,0,1,0,0,0,0,4,1,-1,6,1,-1,-1,-1,-1,-1,-1,-1,-1,0,-1
2024010541616,2024,010541616,1,9,0,99,99,9,9,99,99,9,9,99,9,99,2,9,6,6,3,-1,-1,-1,-1,-1,-1,-1,-1,0,-1
2024010531873,2024,010531873,1,9,0,18,19,4,8,0,0,0,0,0,0,0,1,1,6,6,3,-1,-1,-1,-1,-1,-1,-1,-1,0,-1
2024461445644,2024,461445644,2,9,0,-1,19,3,7,-1,0,8,0,0,0,0,4,2,-1,9,2,46,8,-1,-1,-1,-1,9,E01024415,0,1
2024010488065,2024,010488065,2,3,9,99,99,9,9,99,99,9,9,99,9,99,1,1,6,6,3,-1,-1,-1,-1,-1,-1,-1,-1,0,-1
2024451476677,2024,451476677,2,9,0,-1,19,3,7,-1,0,8,0,0,0,0,0,1,-1,6,1,67,10,-1,-1,-1,-1,6,E01030515,0,3
2024010496159,2024,010496159,2,9,0,4,4,7,3,0,0,6,0,0,0,0,0,1,6,6,1,20,4,-1,-1,-1,-1,4,E01001336,0,2
2024302401376,2024,302401376,2,1,0,17,19,1,6,0,0,8,0,0,0,0,1,1,6,6,1,52,8,-1,-1,-1,-1,8,E01019479,0,1
2024311526371,2024,311526371,2,9,0,-1,19,7,3,-1,0,0,0,0,0,0,3,1,-1,1,1,54,8,-1,-1,-1,-1,1,E01017210,0,5
2024010516223,2024,010516223,1,1,9,18,19,9,9,99,99,9,9,99,9,99,9,1,6,6,1,40,7,-1,-1,-1,-1,2,E01003159,0,1
2024010491252,2024,010491252,4,9,0,18,19,7,3,0,0,1,0,0,0,0,2,1,2,2,1,62,9,-1,-1,-1,-1,5,E01001335,0,1
2024501449954,2024,501449954,1,9,0,-1,19,3,7,-1,0,0,0,0,0,0,1,9,-1,1,2,21,5,-1,-1,-1,-1,6,E01015244,0,2
2024010489695,2024,010489695,2,9,0,99,99,9,9,99,99,9,9,99,9,99,1,9,6,6,1,-1,-1,-1,-1,-1,-1,-1,-1,0,-1
2024430204125,2024,430204125,1,9,0,18,19,5,1,0,0,0,0,0,0,0,4,1,6,6,3,-1,-1,-1,-1,-1,-1,-1,-1,0,-1
2024010492525,2024,010492525,1,1,0,12,12,4,8,0,0,5,1,10,0,0,1,1,6,6,1,33,6,-1,-1,-1,-1,4,E01004708,0,2
2024501461710,2024,501461710,1,1,0,-1,4,6,2,-1,0,8,1,0,0,0,1,1,-1,9,1,42,7,-1,-1,-1,-1,7,E01018883,0,4
2024010527434,2024,010527434,1,1,9,99,99,9,9,99,99,9,9,99,9,99,0,1,2,2,2,24,5,-1,-1,-1,-1,2,E01001827,0,1
2024991445561,2024,991445561,1,9,0,-1,19,6,2,-1,0,0,0,0,0,0,1,2,-1,2,1,35,6,-1,-1,-1,-1,2,-1,0,1
2024544279424,2024,544279424,1,19,0,18,19,1,5,0,0,0,0,0,0,0,1,1,6,6,1,45,7,-1,-1,-1,-1,9,E01032710,0,1
2024201519575,2024,201519575,2,9,0,-1,9,6,4,-1,0,6,0,0,0,0,1,1,-1,6,3,-1,-1,-1,-1,-1,-1,-1,-1,0,-1
2024041421921,2024,041421921,2,9,0,-1,19,3,7,-1,0,2,0,0,0,0,3,1,-1,6,3,-1,-1,-1,-1,-1,-1,-1,-1,0,-1
2024522500212,2024,522500212,2,9,0,7,7,6,8,0,0,6,0,0,0,0,1,1,6,6,3,-1,-1,-1,-1,-1,-1,-1,-1,0,-1
2024552401091,2024,552401091,2,9,0,18,19,8,4,0,0,8,0,0,0,0,1,1,2,2,1,65,9,-1,-1,-1,-1,7,E01020359,0,2
2024010537220,2024,010537220,2,1,0,18,19,8,4,0,0,2,5,0,0,0,1,1,6,6,1,29,6,-1,-1,-1,-1,3,E01003915,0,1
2024010552331,2024,010552331,1,1,9,99,99,9,9,99,99,9,9,99,9,99,1,1,1,1,1,31,6,-1,-1,-1,-1,3,E01033491,0,1
2024610014524,2024,610014524,2,9,0,18,19,4,8,0,0,0,0,0,6,0,2,1,1,1,1,41,7,-1,-1,-1,-1,4,E01022251,0,4
2024552400889,2024,552400889,2,1,0,18,19,4,8,0,0,8,0,0,0,0,1,1,6,6,1,57,9,-1,-1,-1,-1,9,E01020544,0,2
2024101505386,2024,101505386,1,1,0,-1,19,4,8,-1,0,8,5,0,0,0,1,1,-1,6,1,-1,-1,-1,-1,-1,-1,-1,-1,0,-1
2024101402503,2024,101402503,1,9,0,-1,19,3,7,-1,0,0,1,0,0,0,1,9,-1,6,1,-1,-1,-1,-1,-1,-1,-1,-1,0,-1
2024010522477,2024,010522477,1,9,0,18,19,5,1,0,0,0,0,0,0,0,1,1,6,6,3,-1,-1,-1,-1,-1,-1,-1,-1,0,-1
2024010519319,2024,010519319,2,1,0,18,19,1,5,4,4,1,0,0,0,0,1,1,2,2,1,33,6,-1,-1,-1,-1,2,E01001979,0,1
2024440014319,2024,440014319,2,9,0,18,19,5,1,0,0,1,0,0,0,0,1,1,6,6,1,-1,-1,-1,-1,-1,-1,-1,-1,0,-1
202454E033124,2024,54E033124,3,19,0,4,4,7,3,0,0,0,0,0,0,0,0,1,1,1,2,23,5,-1,-1,-1,-1,8,E01034536,0,4
2024010524743,2024,010524743,1,1,9,99,99,9,9,99,99,9,9,99,9,99,9,1,2,2,1,44,7,-1,-1,-1,-1,9,E01001475,0,1
2024010510614,2024,010510614,2,1,0,18,19,7,3,0,0,1,0,0,0,0,1,1,6,6,1,38,7,-1,-1,-1,-1,2,E01002074,0,1
2024010518587,2024,010518587,2,1,0,7,7,8,3,0,0,6,0,0,0,0,3,1,6,6,1,27,6,-1,-1,-1,-1,3,E01033706,0,1
2024010540434,2024,010540434,1,9,9,99,99,9,9,99,99,0,9,99,9,99,9,1,6,6,3,-1,-1,-1,-1,-1,-1,-1,-1,0,-1
2024371507013,2024,371507013,2,1,0,-1,14,5,1,-1,0,1,1,0,0,0,4,1,-1,9,2,-1,-1,-1,-1,-1,-1,5,E01030226,0,1
2024440269627,2024,440269627,2,9,0,18,19,2,6,0,0,1,0,0,0,0,1,1,6,6,1,-1,-1,-1,-1,-1,-1,-1,-1,0,-1
202454B422224,2024,54B422224,2,9,0,4,4,7,3,0,0,0,0,0,0,0,2,1,6,6,2,49,8,-1,-1,-1,-1,10,E01015563,0,1
2024351540776,2024,351540776,2,1,0,-1,3,-1,-1,-1,0,2,0,0,0,0,9,1,-1,9,2,45,7,-1,-1,-1,-1,1,E01015609,0,1
2024461397328,2024,461397328,2,9,0,-1,19,5,8,-1,0,6,0,0,0,0,4,1,-1,6,2,22,5,-1,-1,-1,-1,10,E01024402,0,1
2024430299861,2024,430299861,1,19,0,4,4,1,5,9,9,0,0,0,0,0,3,1,1,1,1,32,6,-1,-1,-1,-1,-1,-1,0,-1
2024461415421,2024,461415421,1,97,0,-1,19,3,7,-1,0,0,0,0,0,0,0,1,-1,6,3,-1,-1,-1,-1,-1,-1,-1,-1,0,-1