collision_index,collision_year,collision_ref_no,vehicle_reference,vehicle_type,towing_and_articulation,vehicle_manoeuvre_historic,vehicle_manoeuvre,vehicle_direction_from,vehicle_direction_to,vehicle_location_restricted_lane_historic,vehicle_location_restricted_lane,junction_location,skidding_and_overturning,hit_object_in_carriageway,vehicle_leaving_carriageway,hit_object_off_carriageway,first_point_of_impact,vehicle_left_hand_drive,journey_purpose_of_driver_historic,journey_purpose_of_driver,sex_of_driver,age_of_driver,age_band_of_driver,engine_capacity_cc,propulsion_code,age_of_vehicle,generic_make_model,driver_imd_decile,lsoa_of_driver,escooter_flag,driver_distance_banding
2024041481094,2024,041481094,2,1,0,-1,19,1,5,-1,0,0,5,0,1,0,0,1,-1,9,1,59,9,-1,-1,-1,-1,8,E01034347,0,1
2024622400473,2024,622400473,1,5,0,17,19,7,3,0,0,4,1,0,1,2,1,1,6,6,1,42,7,-1,-1,-1,-1,8,W01001984,0,3
2024010505992,2024,010505992,2,1,0,18,19,3,7,0,0,1,0,0,0,0,0,1,6,6,2,26,6,-1,-1,-1,-1,4,E01002726,0,1
2024010537741,2024,010537741,1,1,9,99,99,9,9,99,99,9,9,99,9,99,9,1,2,2,2,45,7,-1,-1,-1,-1,10,E01017677,0,4
2024440072134,2024,440072134,1,9,0,9,9,2,8,0,0,6,0,0,0,0,3,1,6,6,1,61,9,-1,-1,-1,-1,8,E01023232,0,3
2024302401222,2024,302401222,2,9,0,18,19,6,2,0,0,0,0,0,0,0,2,1,6,6,2,25,5,-1,-1,-1,-1,4,E01019544,0,2
2024010500266,2024,010500266,1,1,0,18,19,5,1,0,0,1,0,0,0,0,3,1,2,2,1,44,7,-1,-1,-1,-1,4,E01001724,0,2
2024141408697,2024,141408697,2,9,0,-1,9,3,7,-1,0,8,0,0,0,0,1,1,-1,6,-1,-1,-1,-1,-1,-1,-1,-1,-1,0,-1
2024520401591,2024,520401591,1,19,0,4,4,4,8,0,0,0,0,0,0,0,2,1,6,6,1,42,7,-1,-1,-1,-1,4,E01029343,0,2
2024520401417,2024,520401417,1,9,0,9,9,5,1,0,0,6,0,0,0,0,1,1,6,6,2,35,6,-1,-1,-1,-1,8,E01035227,0,4
2024622400154,2024,622400154,2,-1,0,18,19,2,6,0,0,1,0,0,0,0,0,1,6,6,1,15,3,-1,-1,-1,-1,9,W01001107,1,1
2024010509253,2024,010509253,1,1,9,14,14,9,9,99,99,9,9,99,9,99,9,1,6,6,1,49,8,-1,-1,-1,-1,9,E01000205,0,1
2024052402624,2024,052402624,2,9,0,4,4,1,5,0,0,1,0,0,0,0,2,1,6,6,2,43,7,-1,-1,-1,-1,8,E01018558,0,2
2024010548239,2024,010548239,1,1,9,99,99,9,9,99,99,9,9,99,9,99,9,1,2,2,1,23,5,-1,-1,-1,-1,2,E01003075,0,1
2024522402611,2024,522402611,1,9,9,1,1,5,2,0,0,8,0,0,0,0,2,1,6,6,3,-1,-1,-1,-1,-1,-1,-1,-1,0,-1
2024010532916,2024,010532916,1,9,0,9,9,1,7,0,0,1,0,0,0,0,1,2,6,6,1,44,7,-1,-1,-1,-1,6,E01023927,0,3
2024371474042,2024,371474042,4,9,0,-1,19,7,3,-1,0,1,0,0,7,0,3,2,-1,6,2,22,5,-1,-1,-1,-1,6,E01030063,0,3
202454D079824,2024,54D079824,2,2,0,18,19,3,7,0,0,1,0,0,0,0,1,1,6,6,1,16,4,-1,-1,-1,-1,8,E01031897,0,2
2024221431973,2024,221431973,2,1,0,-1,19,1,5,-1,0,8,0,0,0,0,4,1,-1,6,1,25,5,-1,-1,-1,-1,10,E01032298,0,1
2024991520735,2024,991520735,2,9,0,-1,19,1,4,-1,0,4,0,0,0,0,4,1,-1,9,1,37,7,-1,-1,-1,-1,2,-1,0,2
2024547246324,2024,547246324,1,9,0,5,5,6,3,0,0,1,0,0,0,0,0,1,6,6,3,-1,-1,-1,-1,-1,-1,-1,-1,0,-1
2024010492402,2024,010492402,2,9,0,18,19,5,1,0,0,0,0,0,0,0,1,1,6,6,1,33,6,-1,-1,-1,-1,4,E01003916,0,1
2024332400823,2024,332400823,1,-1,0,-1,19,8,4,-1,0,8,0,0,0,0,1,1,-1,6,1,19,4,-1,-1,-1,-1,2,E01034008,1,1
2024041442819,2024,041442819,2,9,0,-1,2,0,0,-1,0,2,0,0,0,0,0,1,-1,9,2,61,9,-1,-1,-1,-1,2,E01025237,0,1
2024401429761,2024,401429761,1,1,0,-1,19,5,1,-1,0,0,0,0,0,0,1,1,-1,6,1,64,9,-1,-1,-1,-1,-1,-1,0,-1
2024010489434,2024,010489434,1,1,9,99,99,9,9,99,99,9,9,99,9,99,1,1,2,2,1,35,6,-1,-1,-1,-1,7,E01002972,0,1
2024520401248,2024,520401248,2,9,0,18,19,7,3,0,0,0,0,0,0,0,1,1,6,6,1,77,11,-1,-1,-1,-1,5,E01029180,0,1
2024211502130,2024,211502130,1,9,0,-1,5,1,1,-1,0,0,0,0,0,0,4,1,-1,6,2,40,7,-1,-1,-1,-1,-1,-1,0,-1
2024340WN6672,2024,340WN6672,2,-1,0,-1,19,5,1,-1,0,8,5,0,0,0,4,1,-1,2,1,54,8,-1,-1,-1,-1,-1,-1,1,-1
2024440327833,2024,440327833,2,-1,0,18,19,1,5,0,0,8,0,0,0,0,1,1,6,6,1,22,5,-1,-1,-1,-1,4,E01033381,1,1
2024549494324,2024,549494324,2,9,0,9,9,8,6,0,0,8,0,0,0,0,3,1,2,2,2,24,5,-1,-1,-1,-1,8,E01015556,0,1
2024041469516,2024,041469516,1,90,0,-1,13,7,3,-1,0,0,0,0,0,0,2,1,-1,9,1,16,4,-1,-1,-1,-1,1,E01012687,0,1
2024461414933,2024,461414933,1,9,4,-1,19,1,3,-1,0,0,1,7,0,0,1,1,-1,1,1,62,9,-1,-1,-1,-1,9,E01024408,0,2
2024320606212,2024,320606212,1,9,0,-1,-1,8,4,0,0,8,0,0,0,0,1,1,-1,-1,1,49,8,-1,-1,-1,-1,-1,-1,0,-1
2024141557912,2024,141557912,2,9,0,-1,19,-1,-1,-1,0,8,0,0,0,0,-1,9,-1,6,3,-1,-1,-1,-1,-1,-1,-1,-1,0,-1
2024010549976,2024,010549976,1,1,9,99,99,9,9,99,99,1,9,99,9,99,9,1,2,2,1,44,7,-1,-1,-1,-1,4,E01004538,0,1
2024411501025,2024,411501025,1,21,1,-1,19,3,7,-1,0,0,0,0,0,0,1,2,-1,6,1,48,8,-1,-1,-1,-1,-1,-1,0,-1
2024010536675,2024,010536675,2,5,0,18,19,7,3,0,0,1,0,0,0,0,1,1,6,6,1,37,7,-1,-1,-1,-1,10,E01030542,0,4
2024440381657,2024,440381657,1,9,0,13,13,1,5,0,0,0,1,0,2,10,1,1,6,6,1,68,10,-1,-1,-1,-1,6,E01032051,0,4
2024501528312,2024,501528312,2,9,0,-1,19,7,3,-1,0,0,0,0,0,0,2,1,-1,1,1,41,7,-1,-1,-1,-1,5,E01020137,0,4
2024231509501,2024,231509501,2,9,0,-1,19,8,4,-1,0,0,0,0,1,0,0,9,-1,6,2,32,6,-1,-1,-1,-1,7,E01027024,0,3
2024010541299,2024,010541299,1,9,0,99,99,9,9,99,99,0,9,99,9,99,1,9,6,6,3,-1,-1,-1,-1,-1,-1,-1,-1,0,-1
2024340NN0652,2024,340NN0652,2,9,0,-1,19,6,6,-1,0,2,0,0,0,0,3,1,-1,1,2,37,7,-1,-1,-1,-1,2,E01026949,0,1
2024522401905,2024,522401905,2,9,0,18,19,7,3,0,0,1,0,0,0,0,1,1,6,6,1,44,7,-1,-1,-1,-1,10,E01014881,0,3
2024522401638,2024,522401638,1,9,0,3,3,4,8,0,0,1,0,0,0,0,2,1,6,6,1,21,5,-1,-1,-1,-1,1,E01032515,0,1
2024101452761,2024,101452761,2,1,0,-1,19,1,5,-1,0,0,0,0,0,0,3,1,-1,9,1,-1,-1,-1,-1,-1,-1,-1,-1,0,-1
2024201545148,2024,201545148,2,9,0,-1,2,1,5,-1,0,0,0,0,0,0,1,9,-1,6,1,26,6,-1,-1,-1,-1,3,E01009302,0,1
2024010523233,2024,010523233,2,1,0,18,19,3,7,5,5,6,0,0,0,0,1,1,6,6,1,17,4,-1,-1,-1,-1,3,E01000133,0,1
2024610049124,2024,610049124,1,9,0,4,4,4,8,0,0,0,0,0,0,0,4,1,6,6,1,-1,-1,-1,-1,-1,-1,-1,-1,0,-1
2024531439283,2024,531439283,1,9,0,-1,5,1,5,-1,0,6,0,0,0,0,1,1,-1,9,2,27,6,-1,-1,-1,-1,7,E01022239,0,1
2024010497380,2024,010497380,1,3,0,99,99,9,9,99,99,1,9,99,9,99,9,1,1,1,3,48,8,-1,-1,-1,-1,9,E01004632,0,3
2024052401712,2024,052401712,1,-1,0,4,4,8,4,0,0,0,0,0,0,0,1,1,6,6,2,12,3,-1,-1,-1,-1,1,E01033747,1,1
2024010507796,2024,010507796,3,1,0,18,19,1,5,0,0,8,0,0,0,0,1,1,6,6,1,23,5,-1,-1,-1,-1,10,E01003473,0,1
2024010487260,2024,010487260,1,9,0,99,99,9,9,99,99,9,9,99,9,99,2,9,2,2,2,31,6,-1,-1,-1,-1,6,E01030765,0,4
2024201434280,2024,201434280,1,1,-1,-1,19,6,2,-1,0,8,0,0,0,0,3,1,-1,6,2,30,6,-1,-1,-1,-1,-1,-1,0,-1
2024111408289,2024,111408289,2,1,0,-1,19,5,1,-1,0,1,0,0,0,0,2,1,-1,6,1,14,3,-1,-1,-1,-1,6,E01012331,0,1
2024041401825,2024,041401825,2,9,0,-1,19,1,5,-1,0,3,1,0,0,0,1,1,-1,6,2,33,6,-1,-1,-1,-1,8,E01025272,0,1
2024610007624,2024,610007624,1,4,0,16,19,8,2,0,0,0,0,0,7,11,1,1,6,6,1,28,6,-1,-1,-1,-1,8,W01001623,0,1
2024010531965,2024,010531965,1,9,0,9,9,1,6,0,0,2,0,0,0,0,4,1,6,6,1,58,9,-1,-1,-1,-1,2,E01032744,0,3
2024010535001,2024,010535001,1,1,0,5,5,5,1,0,0,8,5,0,0,0,4,1,6,6,1,18,4,-1,-1,-1,-1,2,E01003252,0,1
2024010512472,2024,010512472,1,1,9,99,99,9,9,99,99,9,9,99,9,99,9,1,6,6,1,38,7,-1,-1,-1,-1,9,E01035488,0,1
2024122500099,2024,122500099,1,9,0,16,19,1,5,0,0,0,0,0,7,11,1,1,6,6,1,70,10,-1,-1,-1,-1,8,E01013450,0,1
2024421444609,2024,421444609,2,1,0,-1,19,3,7,-1,0,8,0,0,0,0,3,1,-1,9,1,13,3,-1,-1,-1,-1,4,E01021847,0,1
2024440103162,2024,440103162,2,22,0,18,19,7,3,0,0,8,0,0,0,0,4,1,6,6,1,39,7,-1,-1,-1,-1,3,E01023018,0,1
2024010489196,2024,010489196,2,5,0,18,19,5,1,0,0,1,1,0,0,0,0,1,2,2,1,42,7,-1,-1,-1,-1,7,E01001195,0,1
2024141481855,2024,141481855,2,1,0,-1,11,3,5,-1,0,1,0,0,0,0,3,1,-1,6,1,72,10,-1,-1,-1,-1,1,E01007578,0,2
2024332400932,2024,332400932,1,9,0,-1,9,1,6,-1,0,2,0,0,0,0,4,1,-1,6,3,-1,-1,-1,-1,-1,-1,-1,-1,0,-1
2024010493029,2024,010493029,2,1,0,18,19,5,1,0,0,0,0,4,0,0,1,1,6,6,2,28,6,-1,-1,-1,-1,2,E01003159,0,2
2024010514164,2024,010514164,2,1,0,18,19,3,7,0,0,0,0,0,0,0,2,1,2,2,2,38,7,-1,-1,-1,-1,1,E01004005,0,1
2024320359344,2024,320359344,1,9,0,-1,-1,2,6,0,0,0,0,0,1,10,1,1,6,6,1,45,7,-1,-1,-1,-1,-1,-1,0,-1
2024161497094,2024,161497094,4,9,-1,-1,19,1,5,-1,0,0,0,0,0,0,1,9,-1,6,3,-1,-1,-1,-1,-1,-1,-1,-1,0,-1
2024010544096,2024,010544096,1,1,9,99,99,9,9,99,99,9,9,99,9,99,9,1,2,2,1,29,6,-1,-1,-1,-1,7,E01004442,0,1
2024501460664,2024,501460664,1,9,0,-1,19,4,8,-1,0,1,0,0,0,0,1,1,-1,6,3,-1,-1,-1,-1,-1,-1,-1,-1,0,-1
2024010530228,2024,010530228,2,1,0,18,19,5,1,0,0,1,0,0,0,0,4,1,6,6,1,46,8,-1,-1,-1,-1,5,E01004419,0,3
2024010528689,2024,010528689,1,1,0,18,19,1,5,0,0,1,0,0,0,0,2,1,2,2,2,48,8,-1,-1,-1,-1,10,E01003403,0,1
2024010543092,2024,010543092,1,1,9,99,99,9,9,99,99,9,9,99,9,99,9,1,2,2,2,38,7,-1,-1,-1,-1,3,E01004203,0,1
2024141459058,2024,141459058,2,1,0,-1,5,3,8,-1,9,6,0,0,0,0,1,1,-1,6,1,11,3,-1,-1,-1,-1,2,E01007656,0,1
2024061456511,2024,061456511,1,97,0,-1,9,2,6,-1,0,8,1,0,1,11,1,1,-1,6,3,20,4,-1,-1,-1,-1,-1,-1,0,-1
2024041394838,2024,041394838,2,9,0,-1,9,2,6,-1,0,8,0,0,0,0,1,1,-1,9,2,32,6,-1,-1,-1,-1,4,E01012712,0,2
2024010494914,2024,010494914,1,9,0,5,5,3,7,9,9,6,0,0,0,0,1,1,6,6,1,38,7,-1,-1,-1,-1,6,E01001592,0,2
2024522402213,2024,522402213,2,9,0,18,19,1,5,0,0,1,0,0,0,0,9,1,6,6,3,-1,-1,-1,-1,-1,-1,-1,-1,0,-1
2024471443209,2024,471443209,1,9,0,-1,19,1,5,-1,0,1,0,0,0,0,1,9,-1,6,3,-1,-1,-1,-1,-1,-1,-1,-1,0,-1
2024061515228,2024,061515228,1,9,0,-1,9,2,7,-1,0,5,0,0,0,0,4,1,-1,6,2,71,10,-1,-1,-1,-1,6,E01005010,0,2
2024061429397,2024,061429397,1,1,9,-1,3,-1,-1,-1,0,0,5,0,0,0,1,1,-1,2,1,36,7,-1,-1,-1,-1,2,E01034118,0,1
2024221463156,2024,221463156,1,9,0,-1,9,3,8,-1,0,5,0,0,1,4,4,1,-1,6,1,65,9,-1,-1,-1,-1,7,E01005749,0,5
2024010491817,2024,010491817,2,9,9,99,99,9,9,99,99,9,9,99,9,99,9,9,6,6,3,-1,-1,-1,-1,-1,-1,-1,-1,0,-1
202417H103524,2024,17H103524,2,9,0,-1,19,6,2,-1,0,1,0,0,0,0,1,1,-1,6,2,-1,-1,-1,-1,-1,-1,-1,-1,0,-1
2024332400411,2024,332400411,1,9,0,-1,19,6,2,-1,0,0,0,0,0,0,1,1,-1,1,2,-1,-1,-1,-1,-1,-1,4,E01034024,0,2
2024461500968,2024,461500968,1,1,0,-1,99,7,3,-1,0,0,0,0,0,0,1,1,-1,6,1,-1,-1,-1,-1,-1,-1,-1,-1,0,-1
2024520402350,2024,520402350,2,9,0,6,6,1,1,0,0,0,0,0,0,0,1,1,6,6,2,46,8,-1,-1,-1,-1,5,E01029222,0,3
2024421435792,2024,421435792,2,1,0,-1,19,7,3,-1,0,1,0,0,0,0,1,1,-1,6,1,49,8,-1,-1,-1,-1,3,E01021598,0,1
2024610014624,2024,610014624,1,9,0,13,13,8,4,0,0,1,0,0,0,0,1,1,6,6,1,18,4,-1,-1,-1,-1,5,W01001360,0,1
2024430451033,2024,430451033,2,9,0,9,9,4,2,0,0,5,0,0,0,0,1,1,6,6,1,-1,-1,-1,-1,-1,-1,-1,-1,0,-1
2024221499555,2024,221499555,1,19,0,-1,5,1,5,-1,0,0,0,0,0,0,1,1,-1,6,1,38,7,-1,-1,-1,-1,5,E01014070,0,1
2024161476398,2024,161476398,1,9,0,-1,19,7,3,-1,0,0,0,0,0,0,4,9,-1,6,3,-1,-1,-1,-1,-1,-1,-1,-1,0,-1
2024010487488,2024,010487488,1,9,9,99,99,9,9,99,99,9,9,99,9,99,9,9,6,6,3,-1,-1,-1,-1,-1,-1,-1,-1,0,-1
2024010538446,2024,010538446,2,8,0,99,99,9,9,99,99,9,9,99,9,99,1,9,6,6,3,-1,-1,-1,-1,-1,-1,-1,-1,0,-1
2024531458648,2024,531458648,1,9,0,-1,19,1,5,-1,0,8,0,0,0,0,1,1,-1,1,1,18,4,-1,-1,-1,-1,2,E01022288,0,1
2024101509385,2024,101509385,2,1,0,-1,3,8,4,-1,0,8,5,0,0,0,2,1,-1,6,2,37,7,-1,-1,-1,-1,5,E01008535,0,1
2024061504097,2024,061504097,1,9,0,-1,19,2,7,-1,2,0,9,0,3,99,1,1,-1,6,3,-1,-1,-1,-1,-1,-1,-1,-1,0,-1
2024010496656,2024,010496656,2,1,0,18,19,3,7,0,0,1,0,0,0,0,1,1,6,6,1,43,7,-1,-1,-1,-1,6,E01001295,0,1
2024010486908,2024,010486908,1,9,0,4,4,1,5,0,0,3,0,0,0,0,1,1,6,6,1,40,7,-1,-1,-1,-1,9,E01023308,0,2
2024211500769,2024,211500769,1,9,0,-1,19,1,5,-1,0,0,0,0,0,0,1,1,-1,6,1,57,9,-1,-1,-1,-1,-1,-1,0,-1
2024430606289,2024,430606289,2,9,0,18,19,8,4,0,0,1,0,0,0,0,1,1,6,6,1,-1,-1,-1,-1,-1,-1,-1,-1,0,-1
2024320004098,2024,320004098,2,1,0,18,19,2,7,0,0,8,5,0,0,0,4,1,6,6,1,61,9,-1,-1,-1,-1,2,E01026156,0,1
2024991532455,2024,991532455,2,9,0,-1,4,2,6,-1,0,0,0,0,0,0,2,1,-1,2,1,72,10,-1,-1,-1,-1,6,-1,0,1
2024131513057,2024,131513057,2,1,0,-1,19,7,3,-1,4,1,0,0,0,0,4,1,-1,9,1,77,11,-1,-1,-1,-1,2,E01010628,0,1
2024332400457,2024,332400457,2,-1,0,-1,6,1,1,-1,0,0,0,0,0,0,1,1,-1,9,1,24,5,-1,-1,-1,-1,1,E01013692,1,1
2024041475883,2024,041475883,1,9,0,-1,19,5,1,-1,0,1,0,4,0,0,1,1,-1,9,2,76,11,-1,-1,-1,-1,7,E01025586,0,1
2024451512130,2024,451512130,3,9,0,-1,4,5,1,-1,0,0,0,0,0,0,2,1,-1,1,1,44,7,-1,-1,-1,-1,7,E01030851,0,4
2024052402817,2024,052402817,1,21,0,18,19,3,7,0,0,0,0,0,0,0,1,1,6,6,3,-1,-1,-1,-1,-1,-1,-1,-1,0,-1
2024302400227,2024,302400227,2,9,0,7,7,1,4,0,0,6,0,0,0,0,1,1,2,2,1,29,6,-1,-1,-1,-1,9,E01028059,0,1
2024461473275,2024,461473275,2,19,0,-1,2,7,4,-1,0,6,0,0,0,0,0,1,-1,1,1,58,9,-1,-1,-1,-1,3,E01014257,0,5
2024411450354,2024,411450354,3,9,0,-1,4,2,6,-1,0,0,0,0,0,0,1,1,-1,2,2,56,9,-1,-1,-1,-1,4,E01023584,0,1
2024010500375,2024,010500375,1,1,9,99,99,9,9,99,99,9,9,99,9,99,9,1,2,2,2,27,6,-1,-1,-1,-1,7,E01004619,0,1
2024231531754,2024,231531754,3,90,0,-1,2,0,0,-1,0,8,0,0,0,0,1,9,-1,6,-1,30,6,-1,-1,-1,-1,-1,-1,0,-1
2024471400540,2024,471400540,1,9,0,-1,9,1,7,-1,0,2,0,0,0,0,1,1,-1,9,1,23,5,-1,-1,-1,-1,8,E01021209,0,2
2024231526530,2024,231526530,2,1,0,-1,19,5,1,-1,0,8,0,0,0,0,4,1,-1,6,1,30,6,-1,-1,-1,-1,-1,-1,0,-1
2024010489756,2024,010489756,1,11,0,4,4,3,7,0,0,0,0,0,0,0,0,1,1,1,1,18,4,-1,-1,-1,-1,2,E01000020,0,1
2024061401818,2024,061401818,1,9,0,-1,9,1,2,-1,2,0,0,7,3,11,1,1,-1,6,1,80,11,-1,-1,-1,-1,5,E01005831,0,1
2024481569563,2024,481569563,2,1,0,-1,19,5,1,-1,0,8,0,0,0,0,1,1,-1,9,2,28,6,-1,-1,-1,-1,-1,-1,0,-1
2024411462202,2024,411462202,2,22,0,-1,19,7,3,-1,9,0,0,0,0,0,1,1,-1,6,2,67,10,-1,-1,-1,-1,4,E01023652,0,1
2024061450078,2024,061450078,1,9,0,-1,4,-1,-1,-1,0,1,0,0,0,0,4,1,-1,2,2,47,8,-1,-1,-1,-1,1,E01033688,0,1
2024010509818,2024,010509818,1,1,9,99,99,9,9,99,99,9,9,99,9,99,1,1,6,6,1,-1,-1,-1,-1,-1,-1,4,E01004336,0,1
2024991409995,2024,991409995,1,9,0,-1,6,8,7,-1,0,1,0,0,0,0,3,9,-1,6,3,-1,-1,-1,-1,-1,-1,-1,-1,0,-1
2024101410222,2024,101410222,1,9,0,-1,9,3,5,-1,0,1,0,0,0,0,1,1,-1,6,2,43,7,-1,-1,-1,-1,-1,-1,0,-1
2024010499002,2024,010499002,1,9,0,99,99,9,9,0,0,9,0,0,0,0,2,9,6,6,1,37,7,-1,-1,-1,-1,6,E01002123,0,1
2024421428192,2024,421428192,2,1,0,-1,9,2,8,-1,0,1,2,0,0,0,2,1,-1,1,1,41,7,-1,-1,-1,-1,10,E01022062,0,1
2024161460947,2024,161460947,2,8,9,-1,19,8,4,-1,0,0,0,0,0,0,9,9,-1,6,3,-1,-1,-1,-1,-1,-1,-1,-1,0,-1
2024010496072,2024,010496072,2,9,0,99,99,9,9,99,99,9,9,99,9,99,9,9,6,6,1,-1,-1,-1,-1,-1,-1,-1,-1,0,-1
2024131528964,2024,131528964,2,1,0,-1,19,1,5,-1,0,1,0,0,0,0,1,1,-1,2,1,63,9,-1,-1,-1,-1,7,E01010672,0,3
2024451497036,2024,451497036,2,1,0,-1,19,1,7,-1,0,1,0,0,0,0,1,1,-1,6,-1,-1,-1,-1,-1,-1,-1,-1,-1,0,-1
2024010546150,2024,010546150,2,1,0,17,19,1,5,0,0,0,0,0,0,0,1,1,6,6,2,28,6,-1,-1,-1,-1,3,E01034390,0,1
2024201497573,2024,201497573,1,9,0,-1,13,5,1,-1,0,2,0,0,0,0,4,9,-1,6,1,21,5,-1,-1,-1,-1,-1,-1,0,-1
2024522401496,2024,522401496,2,9,0,15,15,2,6,0,0,8,0,0,0,0,3,1,6,6,3,-1,-1,-1,-1,-1,-1,-1,-1,0,-1
2024010535123,2024,010535123,1,97,0,14,14,1,5,0,0,8,0,0,0,0,1,1,6,6,3,-1,-1,-1,-1,-1,-1,-1,-1,0,-1
2024471430532,2024,471430532,1,1,0,-1,3,1,5,-1,0,4,0,0,0,0,2,1,-1,9,1,65,9,-1,-1,-1,-1,10,E01011702,0,5
2024010502441,2024,010502441,2,1,0,18,19,7,3,0,0,2,0,0,0,0,1,1,6,6,1,20,4,-1,-1,-1,-1,10,E01003474,0,1
2024471517949,2024,471517949,2,9,0,-1,19,2,6,-1,0,8,0,0,3,0,3,1,-1,6,1,57,9,-1,-1,-1,-1,7,E01031382,0,3
2024440426057,2024,440426057,2,9,0,13,13,4,8,0,0,0,0,0,0,0,0,1,6,6,3,-1,-1,-1,-1,-1,-1,-1,-1,0,-1
2024421526244,2024,421526244,1,99,0,-1,8,3,7,-1,0,1,0,0,0,0,1,9,-1,6,3,-1,-1,-1,-1,-1,-1,-1,-1,0,-1
2024141413828,2024,141413828,2,9,0,-1,19,3,4,-1,0,1,0,0,0,0,-1,9,-1,6,3,-1,-1,-1,-1,-1,-1,-1,-1,0,-1
2024141430652,2024,141430652,2,22,0,-1,5,6,2,-1,0,0,0,0,0,0,2,1,-1,6,1,43,7,-1,-1,-1,-1,1,E01007726,0,1
2024201469621,2024,201469621,1,9,0,-1,19,1,5,-1,0,0,0,0,0,0,0,1,-1,9,1,19,4,-1,-1,-1,-1,3,E01009242,0,1
2024010489782,2024,010489782,1,11,9,99,99,9,9,99,99,9,9,99,9,99,9,1,6,6,3,40,7,-1,-1,-1,-1,2,E01004539,0,1
2024520401691,2024,520401691,2,19,9,18,19,1,5,0,0,8,0,0,0,0,1,1,6,6,1,56,9,-1,-1,-1,-1,8,E01035128,0,2
2024361472311,2024,361472311,2,1,0,-1,19,8,5,-1,0,1,0,0,0,0,1,1,-1,6,1,36,7,-1,-1,-1,-1,1,E01026826,0,1
2024421440833,2024,421440833,1,9,0,-1,15,6,2,-1,0,1,0,0,0,0,1,1,-1,6,2,70,10,-1,-1,-1,-1,8,E01021407,0,1
2024010497655,2024,010497655,1,9,0,17,19,1,5,0,0,8,0,0,0,0,1,1,6,6,3,-1,-1,-1,-1,-1,-1,-1,-1,0,-1
2024052402746,2024,052402746,1,19,0,18,19,9,9,0,0,1,0,0,0,0,1,9,6,6,3,-1,-1,-1,-1,-1,-1,-1,-1,0,-1
2024440545738,2024,440545738,1,1,0,18,19,5,1,0,0,1,0,0,0,0,4,1,2,2,1,40,7,-1,-1,-1,-1,9,E01020416,0,2
2024041415495,2024,041415495,2,9,0,-1,19,5,1,-1,0,2,0,0,0,0,1,1,-1,9,1,67,10,-1,-1,-1,-1,3,E01025577,0,1
2024430150667,2024,430150667,2,9,0,9,9,1,8,0,0,6,0,0,0,0,4,1,6,6,2,-1,-1,-1,-1,-1,-1,-1,-1,0,-1
2024552401265,2024,552401265,2,1,0,18,19,6,2,0,0,8,0,0,0,0,1,1,2,2,1,62,9,-1,-1,-1,-1,6,E01020547,0,1
2024361488345,2024,361488345,2,1,0,-1,3,5,1,-1,0,8,0,0,0,0,3,1,-1,2,2,51,8,-1,-1,-1,-1,7,E01026754,0,1
2024471534439,2024,471534439,2,9,0,-1,19,5,1,-1,0,1,0,0,0,0,3,1,-1,2,1,46,8,-1,-1,-1,-1,6,E01021193,0,4
2024311480358,2024,311480358,2,1,0,-1,19,5,1,-1,0,1,0,0,0,0,4,1,-1,9,2,20,4,-1,-1,-1,-1,7,E01028374,0,1
2024010492425,2024,010492425,1,1,9,99,99,9,9,99,99,9,9,99,9,99,9,1,2,2,1,34,6,-1,-1,-1,-1,4,E01003177,0,1
2024440206409,2024,440206409,1,9,0,3,3,4,8,0,0,0,0,0,0,0,2,1,6,6,1,24,5,-1,-1,-1,-1,3,E01017149,0,3
2024991505947,2024,991505947,1,9,0,-1,19,8,4,-1,0,0,2,0,1,0,2,1,-1,9,1,24,5,-1,-1,-1,-1,8,-1,0,1
2024131423963,2024,131423963,2,9,0,-1,2,0,0,-1,0,1,0,0,0,0,2,1,-1,6,-1,-1,-1,-1,-1,-1,-1,-1,-1,0,-1
2024010543807,2024,010543807,1,9,0,18,19,7,3,0,0,2,0,0,0,0,1,2,6,6,3,-1,-1,-1,-1,-1,-1,-1,-1,0,-1
2024010519717,2024,010519717,2,9,0,13,13,9,9,99,99,1,9,99,9,99,1,1,6,6,3,-1,-1,-1,-1,-1,-1,-1,-1,0,-1
2024122400862,2024,122400862,1,5,0,4,4,7,3,0,0,0,0,0,0,0,1,1,6,6,1,54,8,-1,-1,-1,-1,7,E01027587,0,3
2024010526832,2024,010526832,1,1,0,5,5,5,1,0,0,4,0,0,0,0,4,1,6,6,1,54,8,-1,-1,-1,-1,2,E01001218,0,1
2024552401013,2024,552401013,4,9,0,4,4,2,8,0,0,0,0,0,0,0,2,1,6,6,1,75,10,-1,-1,-1,-1,10,E01020559,0,3
2024411508036,2024,411508036,2,9,0,-1,7,2,7,-1,0,8,0,0,0,0,4,1,-1,1,1,23,5,-1,-1,-1,-1,10,E01017701,0,4
2024010533723,2024,010533723,1,1,9,99,99,9,9,99,99,9,9,99,9,99,1,1,2,2,1,36,7,-1,-1,-1,-1,7,E01003852,0,2
2024010523979,2024,010523979,1,1,0,18,19,3,7,0,0,4,0,0,0,0,1,1,1,1,2,46,8,-1,-1,-1,-1,2,E01003252,0,1
2024010489476,2024,010489476,2,3,0,14,14,6,2,0,0,1,0,0,0,0,4,1,6,6,1,18,4,-1,-1,-1,-1,2,E01034148,0,1
2024070188398,2024,070188398,2,9,0,12,12,5,1,0,0,0,0,0,0,0,1,1,6,6,1,39,7,-1,-1,-1,-1,7,E01029806,0,4
2024010537585,2024,010537585,1,9,0,99,99,9,9,99,99,9,9,99,9,99,9,9,6,6,1,41,7,-1,-1,-1,-1,5,E01030569,0,4
2024010500117,2024,010500117,1,1,9,99,99,9,9,99,99,9,9,99,9,99,2,1,2,2,2,45,7,-1,-1,-1,-1,2,E01001729,0,1
2024471408263,2024,471408263,1,9,0,-1,9,5,7,-1,0,8,0,0,0,0,1,1,-1,9,2,81,11,-1,-1,-1,-1,8,E01031518,0,2