collision_index,collision_year,collision_ref_no,vehicle_reference,vehicle_type,towing_and_articulation,vehicle_manoeuvre_historic,vehicle_manoeuvre,vehicle_direction_from,vehicle_direction_to,vehicle_location_restricted_lane_historic,vehicle_location_restricted_lane,junction_location,skidding_and_overturning,hit_object_in_carriageway,vehicle_leaving_carriageway,hit_object_off_carriageway,first_point_of_impact,vehicle_left_hand_drive,journey_purpose_of_driver_historic,journey_purpose_of_driver,sex_of_driver,age_of_driver,age_band_of_driver,engine_capacity_cc,propulsion_code,age_of_vehicle,generic_make_model,driver_imd_decile,lsoa_of_driver,escooter_flag,driver_distance_banding
2024991412061,2024,991412061,1,1,0,-1,19,2,5,-1,0,1,0,0,0,0,3,1,-1,2,1,46,8,-1,-1,-1,-1,-1,-1,0,-1
2024010492216,2024,010492216,1,3,0,18,19,8,4,0,0,0,0,0,0,0,1,1,6,6,2,23,5,-1,-1,-1,-1,2,E01002051,0,1
2024010513334,2024,010513334,1,1,9,99,99,9,9,99,99,9,9,99,9,99,9,1,2,2,1,33,6,-1,-1,-1,-1,2,E01003483,0,1
2024340WN0352,2024,340WN0352,2,1,0,-1,19,4,8,-1,0,8,0,0,0,0,1,1,-1,9,1,19,4,-1,-1,-1,-1,8,E01027174,0,1
2024201456794,2024,201456794,2,1,0,-1,10,7,4,-1,0,1,0,0,0,0,3,1,-1,9,1,18,4,-1,-1,-1,-1,1,E01033889,0,1
2024010487108,2024,010487108,1,4,0,13,13,5,1,0,0,0,0,0,0,0,1,1,1,1,1,22,5,-1,-1,-1,-1,2,E01034208,0,2
2024161464320,2024,161464320,2,9,0,-1,19,1,5,-1,0,4,0,0,0,0,0,9,-1,6,3,-1,-1,-1,-1,-1,-1,-1,-1,0,-1
2024010533485,2024,010533485,2,1,0,18,19,5,1,0,0,0,0,12,0,0,1,1,6,6,1,28,6,-1,-1,-1,-1,6,E01003030,0,3
2024101510679,2024,101510679,1,9,0,-1,19,2,6,-1,0,0,0,0,0,0,1,9,-1,6,3,-1,-1,-1,-1,-1,-1,-1,-1,0,-1
2024010530988,2024,010530988,2,9,0,99,99,9,9,99,99,9,9,99,9,99,9,9,6,6,3,-1,-1,-1,-1,-1,-1,-1,-1,0,-1
2024421498466,2024,421498466,1,9,0,-1,19,1,5,-1,0,3,0,0,0,0,1,9,-1,6,2,24,5,-1,-1,-1,-1,2,E01024177,0,2
2024430072789,2024,430072789,2,9,0,18,19,2,6,0,0,0,0,0,0,0,1,1,6,6,2,-1,-1,-1,-1,-1,-1,-1,-1,0,-1
2024010540732,2024,010540732,1,1,9,99,99,9,9,99,99,9,9,99,9,99,1,1,6,6,3,3,1,-1,-1,-1,-1,2,E01001777,0,1
2024010488987,2024,010488987,1,9,0,18,19,7,3,0,0,1,0,0,0,0,1,1,2,2,1,48,8,-1,-1,-1,-1,6,E01003085,0,2
2024010537361,2024,010537361,2,1,9,99,99,9,9,99,99,9,9,99,9,99,1,1,6,6,3,-1,-1,-1,-1,-1,-1,6,E01001870,0,1
2024010534037,2024,010534037,1,1,0,18,19,7,3,0,0,1,0,0,0,0,1,1,2,2,1,43,7,-1,-1,-1,-1,3,E01002809,0,2
2024141470185,2024,141470185,1,23,0,-1,-1,-1,-1,-1,-1,0,-1,-1,-1,0,-1,1,-1,6,3,-1,-1,-1,-1,-1,-1,-1,-1,0,-1
2024430021413,2024,430021413,1,9,0,18,19,4,8,0,0,5,0,9,0,0,3,1,6,6,2,50,8,-1,-1,-1,-1,6,E01016279,0,4
2024010518116,2024,010518116,1,1,9,18,19,9,9,99,99,9,9,99,9,99,1,1,2,2,1,53,8,-1,-1,-1,-1,7,E01000650,0,2
2024311463728,2024,311463728,1,9,0,-1,13,5,1,-1,0,0,0,0,0,0,1,9,-1,6,3,-1,-1,-1,-1,-1,-1,-1,-1,0,-1
2024221482132,2024,221482132,1,9,0,-1,7,4,6,-1,0,6,0,0,0,0,1,1,-1,9,2,35,6,-1,-1,-1,-1,-1,-1,0,-1
2024549982724,2024,549982724,1,5,0,16,19,7,1,0,0,0,2,0,7,10,1,1,6,6,1,34,6,-1,-1,-1,-1,4,E01032094,0,4
2024201519961,2024,201519961,1,9,0,-1,9,8,4,-1,0,8,0,0,0,0,1,1,-1,6,1,74,10,-1,-1,-1,-1,10,E01009903,0,2
2024361519890,2024,361519890,1,9,-1,-1,19,1,4,-1,0,0,1,0,0,0,1,9,-1,6,3,-1,-1,-1,-1,-1,-1,-1,-1,0,-1
2024430611328,2024,430611328,1,1,0,18,19,4,8,0,0,8,0,0,0,0,1,1,6,6,1,18,4,-1,-1,-1,-1,-1,-1,0,-1
2024101489969,2024,101489969,1,1,0,-1,19,3,7,-1,0,6,2,0,0,0,0,1,-1,6,1,13,3,-1,-1,-1,-1,-1,-1,0,-1
2024430337988,2024,430337988,2,9,0,9,9,7,5,0,0,6,0,0,0,0,1,1,3,7,2,53,8,-1,-1,-1,-1,5,E01017923,0,3
2024552400376,2024,552400376,1,9,0,18,19,8,4,0,0,8,0,0,0,0,3,1,1,1,1,68,10,-1,-1,-1,-1,10,E01022987,0,4
2024211492959,2024,211492959,2,8,0,-1,19,4,8,-1,0,0,0,0,0,0,2,1,-1,1,1,24,5,-1,-1,-1,-1,1,E01014307,0,1
2024522500438,2024,522500438,1,-1,0,18,19,5,1,2,2,2,0,0,0,0,2,1,6,6,1,39,7,-1,-1,-1,-1,2,E01014486,1,1
2024061427623,2024,061427623,1,1,0,-1,19,-1,-1,-1,0,8,0,0,0,0,2,1,-1,2,1,33,6,-1,-1,-1,-1,5,E01006118,0,1
2024311447637,2024,311447637,2,21,1,-1,5,3,7,-1,0,8,0,0,0,0,1,2,-1,1,1,30,6,-1,-1,-1,-1,-1,-1,0,-1
2024231509975,2024,231509975,1,9,0,-1,19,8,4,-1,0,0,0,0,0,0,1,1,-1,6,1,66,10,-1,-1,-1,-1,5,E01031565,0,5
2024010543617,2024,010543617,1,1,9,99,99,9,9,99,99,9,9,99,9,99,9,1,2,2,1,31,6,-1,-1,-1,-1,4,E01004411,0,2
2024522401998,2024,522401998,2,9,0,9,9,4,1,0,0,6,0,0,0,0,3,1,6,6,3,-1,-1,-1,-1,-1,-1,-1,-1,0,-1
202460Q063189,2024,60Q063189,2,9,0,18,19,2,6,0,0,0,0,0,0,0,2,1,6,6,1,71,10,-1,-1,-1,-1,-1,-1,0,-1
2024440063249,2024,440063249,2,1,0,18,19,7,3,0,0,8,0,0,0,0,1,1,2,2,1,51,8,-1,-1,-1,-1,3,E01017220,0,1
2024471452675,2024,471452675,1,-1,0,-1,19,4,6,-1,9,1,0,0,0,0,1,1,-1,6,1,13,3,-1,-1,-1,-1,4,E01020951,1,1
2024010510606,2024,010510606,1,1,0,18,19,1,5,0,0,1,0,0,0,0,3,1,6,6,1,35,6,-1,-1,-1,-1,8,E01004585,0,1
2024320344490,2024,320344490,1,9,0,-1,-1,1,5,0,0,1,0,0,0,0,1,1,6,6,1,21,5,-1,-1,-1,-1,6,E01026265,0,1
2024440530599,2024,440530599,1,9,0,18,19,1,5,0,0,0,0,0,0,0,1,1,2,2,1,29,6,-1,-1,-1,-1,6,E01011607,0,5
2024991475117,2024,991475117,1,9,0,-1,19,5,1,-1,0,1,5,0,2,11,1,1,-1,9,1,18,4,-1,-1,-1,-1,4,-1,0,4
2024302400157,2024,302400157,1,9,0,12,12,1,5,0,0,0,5,0,6,7,3,1,6,6,1,32,6,-1,-1,-1,-1,3,E01013843,0,4
2024201523209,2024,201523209,1,9,0,-1,7,6,8,-1,0,8,0,0,0,0,4,9,-1,6,2,-1,-1,-1,-1,-1,-1,-1,-1,0,-1
2024010487531,2024,010487531,2,9,0,99,99,9,9,99,99,9,9,99,9,99,1,9,6,6,3,-1,-1,-1,-1,-1,-1,-1,-1,0,-1
2024141426305,2024,141426305,1,9,0,-1,6,3,7,-1,0,0,0,0,0,0,1,1,-1,1,1,58,9,-1,-1,-1,-1,2,E01034260,0,4
2024010490909,2024,010490909,1,9,0,99,99,9,9,99,99,9,9,99,9,99,2,9,6,6,2,46,8,-1,-1,-1,-1,3,E01001325,0,3
2024211514817,2024,211514817,2,1,0,-1,19,1,6,-1,0,0,0,0,0,0,4,1,-1,6,1,21,5,-1,-1,-1,-1,2,E01014281,0,1
2024552400127,2024,552400127,2,9,0,7,7,6,8,0,0,5,0,0,0,0,1,1,6,6,3,-1,-1,-1,-1,-1,-1,-1,-1,0,-1
2024161483386,2024,161483386,2,9,-1,-1,19,2,5,-1,0,1,0,0,0,0,-1,9,-1,6,3,-1,-1,-1,-1,-1,-1,-1,-1,0,-1
2024131535213,2024,131535213,2,90,0,-1,19,8,4,-1,0,8,5,0,0,0,1,1,-1,9,1,15,3,-1,-1,-1,-1,1,E01011474,0,1
2024311533722,2024,311533722,2,1,0,-1,19,5,1,-1,0,8,0,0,0,0,3,1,-1,6,1,39,7,-1,-1,-1,-1,2,E01027983,0,1
2024010538623,2024,010538623,1,1,0,18,19,3,7,0,0,1,0,0,0,0,1,1,6,6,1,23,5,-1,-1,-1,-1,-1,-1,0,-1
2024991459123,2024,991459123,1,5,0,-1,19,1,6,-1,0,0,0,0,1,11,4,1,-1,9,1,30,6,-1,-1,-1,-1,4,-1,0,2
2024401490009,2024,401490009,1,-1,0,-1,19,1,5,-1,0,2,0,0,0,0,1,1,-1,6,2,25,5,-1,-1,-1,-1,2,E01033805,1,1
2024461406977,2024,461406977,2,9,0,-1,19,5,1,-1,0,0,0,0,0,0,2,1,-1,9,1,44,7,-1,-1,-1,-1,2,E01024717,0,1
2024010489783,2024,010489783,1,9,0,9,9,3,1,0,0,6,0,0,0,0,3,1,6,6,3,-1,-1,-1,-1,-1,-1,-1,-1,0,-1
2024991451885,2024,991451885,2,99,0,-1,14,3,7,-1,0,0,0,0,0,0,4,9,-1,6,3,-1,-1,-1,-1,-1,-1,-1,-1,0,-1
2024161452872,2024,161452872,1,9,0,-1,19,4,8,-1,0,1,0,0,0,0,2,9,-1,6,1,73,10,-1,-1,-1,-1,7,E01012835,0,1
2024131423055,2024,131423055,1,9,0,-1,7,1,5,-1,0,8,0,0,0,0,1,1,-1,2,1,42,7,-1,-1,-1,-1,4,E01011644,0,4
2024010488048,2024,010488048,2,9,9,99,99,9,9,99,99,9,9,99,9,99,9,9,6,6,3,-1,-1,-1,-1,-1,-1,-1,-1,0,-1
2024522403432,2024,522403432,2,9,0,17,19,6,4,0,0,8,0,0,7,11,1,1,6,6,3,-1,-1,-1,-1,-1,-1,-1,-1,0,-1
2024548049524,2024,548049524,1,1,0,18,19,2,6,0,0,6,0,0,0,0,1,1,2,2,1,36,7,-1,-1,-1,-1,4,E01032115,0,1
2024101488108,2024,101488108,2,1,0,-1,19,7,3,-1,0,0,0,0,0,0,3,1,-1,6,1,20,4,-1,-1,-1,-1,3,E01008468,0,1
2024070854557,2024,070854557,1,9,0,-1,19,7,3,-1,0,0,2,0,1,11,1,1,-1,9,1,19,4,-1,-1,-1,-1,9,E01018349,0,1
2024311505874,2024,311505874,1,9,0,-1,19,1,5,-1,0,0,0,0,0,0,1,1,-1,6,1,-1,-1,-1,-1,-1,-1,-1,-1,0,-1
2024010494540,2024,010494540,2,19,9,99,99,9,9,99,99,9,9,99,9,99,9,9,6,6,3,-1,-1,-1,-1,-1,-1,4,E01018145,0,4
2024411424595,2024,411424595,1,9,-1,-1,-1,-1,-1,-1,-1,-1,-1,-1,-1,0,-1,9,-1,6,2,-1,-1,-1,-1,-1,-1,-1,-1,0,-1
2024010550936,2024,010550936,1,9,0,99,99,9,9,99,99,0,9,99,9,99,9,1,6,6,3,-1,-1,-1,-1,-1,-1,-1,-1,0,-1
2024010550463,2024,010550463,1,-1,0,18,19,1,5,0,0,0,0,0,0,0,1,1,6,6,3,-1,-1,-1,-1,-1,-1,-1,-1,1,-1
2024471406421,2024,471406421,2,9,0,-1,19,7,5,-1,0,0,0,0,0,0,4,1,-1,9,1,65,9,-1,-1,-1,-1,6,E01024525,0,4
2024991455835,2024,991455835,1,9,0,-1,19,7,3,-1,0,0,1,0,1,0,1,1,-1,9,1,36,7,-1,-1,-1,-1,-1,-1,0,-1
2024440124981,2024,440124981,1,-1,0,9,9,5,1,0,0,8,0,0,0,0,1,1,6,6,2,14,3,-1,-1,-1,-1,4,E01017083,1,1
2024421518118,2024,421518118,1,9,0,-1,19,1,5,-1,0,0,0,0,0,0,4,1,-1,6,2,-1,-1,-1,-1,-1,-1,-1,-1,0,-1
2024010492998,2024,010492998,1,22,0,18,19,1,5,99,99,9,5,0,0,0,9,1,6,6,1,-1,-1,-1,-1,-1,-1,6,E01002531,0,1
2024161406383,2024,161406383,1,1,0,-1,19,6,2,-1,0,8,0,0,0,0,1,1,-1,7,1,18,4,-1,-1,-1,-1,1,E01013201,0,1
2024231452471,2024,231452471,2,1,0,-1,19,2,6,-1,0,8,0,0,0,0,3,1,-1,6,1,41,7,-1,-1,-1,-1,5,E01031018,0,1
2024361395252,2024,361395252,1,99,0,-1,19,-1,-1,-1,0,3,0,0,0,0,4,9,-1,6,3,-1,-1,-1,-1,-1,-1,-1,-1,0,-1
2024340WN7192,2024,340WN7192,2,9,0,-1,4,7,3,-1,0,1,0,0,0,0,4,1,-1,9,1,32,6,-1,-1,-1,-1,3,E01027147,0,1
2024440041908,2024,440041908,1,9,0,18,19,4,8,0,0,1,0,0,0,0,4,1,6,6,3,-1,-1,-1,-1,-1,-1,-1,-1,0,-1
2024501415889,2024,501415889,3,1,0,-1,7,6,8,-1,0,1,0,0,0,0,1,1,-1,9,1,49,8,-1,-1,-1,-1,4,E01020254,0,3
2024211463391,2024,211463391,2,9,0,-1,19,5,1,-1,0,0,0,0,0,0,4,9,-1,6,3,-1,-1,-1,-1,-1,-1,-1,-1,0,-1
2024421476669,2024,421476669,1,9,0,-1,9,3,1,-1,0,1,0,0,0,0,1,1,-1,6,1,21,5,-1,-1,-1,-1,2,E01021316,0,1
2024471421357,2024,471421357,1,9,0,-1,19,7,3,-1,0,0,0,0,0,0,4,1,-1,6,1,37,7,-1,-1,-1,-1,6,E01031750,0,3
2024010545071,2024,010545071,1,11,0,99,99,9,9,99,99,9,9,99,9,99,1,1,6,6,3,-1,-1,-1,-1,-1,-1,-1,-1,0,-1
2024221488166,2024,221488166,2,1,0,-1,19,1,5,-1,0,0,0,0,0,0,2,1,-1,9,1,87,11,-1,-1,-1,-1,6,E01032404,0,1
2024440525187,2024,440525187,1,9,0,4,4,8,4,0,0,0,0,0,0,0,2,1,2,2,1,34,6,-1,-1,-1,-1,6,E01022506,0,1
2024010550131,2024,010550131,1,1,9,99,99,9,9,99,99,9,9,99,9,99,2,1,6,6,3,-1,-1,-1,-1,-1,-1,-1,-1,0,-1
2024101487359,2024,101487359,1,9,0,-1,19,3,7,-1,0,8,0,0,0,0,1,1,-1,6,1,40,7,-1,-1,-1,-1,-1,-1,0,-1
2024010491135,2024,010491135,2,9,0,7,7,1,3,0,0,1,0,0,0,0,4,1,6,6,3,-1,-1,-1,-1,-1,-1,-1,-1,0,-1
2024161431519,2024,161431519,2,1,0,-1,19,8,4,-1,9,0,0,0,0,0,1,1,-1,2,2,-1,-1,-1,-1,-1,-1,-1,-1,0,-1
2024522401943,2024,522401943,1,9,0,18,19,5,1,0,0,1,0,0,0,0,3,1,6,6,1,77,11,-1,-1,-1,-1,10,E01014873,0,1
2024010532551,2024,010532551,1,4,0,7,7,5,7,0,0,1,2,0,0,0,3,1,6,6,1,18,4,-1,-1,-1,-1,4,E01030739,0,2
2024351429046,2024,351429046,1,8,0,-1,15,4,8,-1,0,1,0,0,0,0,1,1,-1,6,1,38,7,-1,-1,-1,-1,5,E01017953,0,1
2024440298807,2024,440298807,1,3,0,18,19,2,6,0,0,0,0,12,0,0,1,1,6,6,1,21,5,-1,-1,-1,-1,9,E01023059,0,2
2024991473156,2024,991473156,1,9,0,-1,9,8,6,-1,0,1,0,0,0,0,4,1,-1,2,1,47,8,-1,-1,-1,-1,4,-1,0,1
2024010491281,2024,010491281,1,9,0,18,19,7,3,0,0,2,0,0,0,0,4,1,2,2,2,28,6,-1,-1,-1,-1,5,E01021432,0,1
2024010511772,2024,010511772,2,1,0,18,19,5,1,0,0,4,0,0,0,0,3,1,6,6,1,36,7,-1,-1,-1,-1,8,E01034607,0,1
2024351424506,2024,351424506,2,1,0,-1,19,1,5,-1,0,8,0,0,0,0,1,1,-1,6,1,62,9,-1,-1,-1,-1,10,E01035558,0,2
2024061519395,2024,061519395,2,1,0,-1,19,3,7,-1,0,0,0,0,0,0,4,1,-1,6,1,40,7,-1,-1,-1,-1,3,E01006106,0,3
2024010512337,2024,010512337,2,1,0,18,19,5,1,0,0,8,0,0,0,0,2,1,1,1,1,48,8,-1,-1,-1,-1,2,E01004003,0,2
2024041481577,2024,041481577,1,9,0,-1,19,5,1,-1,0,0,0,4,0,0,1,1,-1,9,1,63,9,-1,-1,-1,-1,1,E01025062,0,2
2024010488745,2024,010488745,2,19,0,2,2,0,0,6,6,1,0,0,0,0,2,1,6,6,3,-1,-1,-1,-1,-1,-1,-1,-1,0,-1
2024010490466,2024,010490466,1,9,0,99,99,9,9,99,99,9,9,99,9,99,1,9,2,2,2,49,8,-1,-1,-1,-1,-1,-1,0,-1
2024010541679,2024,010541679,1,9,0,18,19,8,4,0,0,8,0,0,0,0,1,1,6,6,1,22,5,-1,-1,-1,-1,5,E01004487,0,1
2024041452244,2024,041452244,1,1,0,-1,7,1,7,-1,0,3,1,4,0,0,1,1,-1,6,1,51,8,-1,-1,-1,-1,1,E01012681,0,2
2024401465689,2024,401465689,1,9,-1,-1,-1,-1,-1,-1,-1,3,-1,-1,-1,0,-1,9,-1,6,3,-1,-1,-1,-1,-1,-1,-1,-1,0,-1
2024010489232,2024,010489232,3,9,0,7,7,6,8,0,0,2,0,0,0,0,0,1,1,1,1,35,6,-1,-1,-1,-1,8,E01004498,0,1
2024371493952,2024,371493952,2,98,1,-1,19,6,2,-1,0,8,0,0,0,0,1,1,-1,6,-1,-1,-1,-1,-1,-1,-1,-1,-1,0,-1
2024010511098,2024,010511098,1,1,9,99,99,9,9,99,99,0,9,99,9,99,9,1,2,2,1,31,6,-1,-1,-1,-1,3,E01001180,0,1
2024471455252,2024,471455252,2,9,0,-1,2,0,0,-1,-1,0,0,0,0,0,2,1,-1,6,1,55,8,-1,-1,-1,-1,6,E01021145,0,1
2024010505342,2024,010505342,1,9,0,6,6,1,1,0,0,1,0,0,0,0,2,1,3,7,2,46,8,-1,-1,-1,-1,4,E01004356,0,1
2024461494773,2024,461494773,2,1,0,-1,19,7,3,-1,0,0,0,0,0,0,2,1,-1,9,1,44,7,-1,-1,-1,-1,3,E01001011,0,3
2024010493729,2024,010493729,1,9,0,9,9,7,5,0,0,5,0,0,0,0,1,1,6,6,1,34,6,-1,-1,-1,-1,5,E01035599,0,3
202454C683124,2024,54C683124,1,9,0,4,4,3,7,0,0,0,0,0,0,0,2,1,6,6,1,24,5,-1,-1,-1,-1,6,E01031996,0,2
2024522401647,2024,522401647,1,9,0,18,19,7,3,0,0,0,0,0,1,9,1,1,6,6,2,18,4,-1,-1,-1,-1,7,E01014856,0,2
2024361394605,2024,361394605,2,1,0,-1,-1,-1,-1,-1,0,8,0,0,0,0,2,1,-1,6,1,33,6,-1,-1,-1,-1,4,E01026697,0,2
2024010488754,2024,010488754,2,9,0,99,99,9,9,99,99,9,9,99,9,99,1,9,6,6,3,-1,-1,-1,-1,-1,-1,-1,-1,0,-1
202460Q141345,2024,60Q141345,2,9,0,18,19,5,7,0,0,1,0,0,0,0,4,1,6,6,2,40,7,-1,-1,-1,-1,-1,-1,0,-1
2024052402669,2024,052402669,2,-1,0,18,19,8,4,0,0,8,0,0,0,0,1,1,6,6,1,57,9,-1,-1,-1,-1,2,E01006514,1,2
2024111498064,2024,111498064,1,-1,0,-1,19,7,3,-1,0,0,5,0,0,0,4,1,-1,9,1,14,3,-1,-1,-1,-1,3,E01012340,1,1
2024010508666,2024,010508666,1,1,9,99,99,9,9,99,99,1,9,99,9,99,1,1,6,6,1,31,6,-1,-1,-1,-1,6,E01000140,0,1
2024201426401,2024,201426401,2,9,0,-1,19,5,1,-1,0,8,0,0,0,0,3,1,-1,1,1,56,9,-1,-1,-1,-1,-1,-1,0,-1
2024141403349,2024,141403349,1,9,0,-1,19,1,5,-1,0,0,0,0,0,0,3,1,-1,9,1,23,5,-1,-1,-1,-1,8,E01007756,0,1
2024101444843,2024,101444843,2,1,0,-1,5,4,6,-1,0,4,0,0,0,0,2,1,-1,6,1,60,9,-1,-1,-1,-1,2,E01027423,0,1
2024320136603,2024,320136603,1,9,4,-1,-1,6,2,0,0,0,0,0,0,0,0,1,6,6,3,-1,-1,-1,-1,-1,-1,-1,-1,0,-1
2024421481209,2024,421481209,2,9,0,-1,19,2,5,-1,0,0,0,1,0,0,1,1,-1,9,1,39,7,-1,-1,-1,-1,2,E01001673,0,4
2024361530065,2024,361530065,2,9,0,-1,10,1,5,-1,0,0,0,0,0,0,2,1,-1,9,2,54,8,-1,-1,-1,-1,8,E01026450,0,1
2024471520172,2024,471520172,2,9,0,-1,2,0,0,-1,-1,1,0,0,0,0,4,1,-1,6,-1,-1,-1,-1,-1,-1,-1,-1,-1,0,-1
2024991426336,2024,991426336,1,9,0,-1,19,6,2,-1,0,0,0,0,0,0,3,1,-1,2,1,32,6,-1,-1,-1,-1,7,-1,0,1
2024041486085,2024,041486085,1,9,0,-1,7,2,6,-1,0,1,0,0,0,0,3,1,-1,1,1,58,9,-1,-1,-1,-1,8,E01025547,0,1
2024010540775,2024,010540775,2,9,0,9,9,3,1,0,0,1,0,0,0,0,1,1,6,6,3,-1,-1,-1,-1,-1,-1,-1,-1,0,-1
2024302500137,2024,302500137,1,9,0,-1,9,2,7,-1,0,2,0,0,0,0,4,1,-1,6,1,61,9,-1,-1,-1,-1,10,E01007939,0,3
2024522401993,2024,522401993,1,1,0,18,19,2,6,0,0,0,0,8,0,0,1,1,6,6,1,45,7,-1,-1,-1,-1,5,E01014537,0,1
2024440326464,2024,440326464,2,9,0,18,19,3,7,0,0,0,0,0,0,0,1,1,6,6,1,42,7,-1,-1,-1,-1,6,E01023042,0,1
2024010534397,2024,010534397,2,9,0,99,99,9,9,99,99,9,9,99,9,99,2,9,6,6,3,-1,-1,-1,-1,-1,-1,-1,-1,0,-1
2024451507203,2024,451507203,2,90,0,-1,15,7,3,-1,0,1,9,0,0,0,4,9,-1,6,1,22,5,-1,-1,-1,-1,-1,-1,0,-1
2024141405366,2024,141405366,1,9,0,-1,19,1,5,-1,0,2,0,0,0,0,1,1,-1,6,1,44,7,-1,-1,-1,-1,9,E01013251,0,3
2024622400498,2024,622400498,2,1,0,18,19,6,2,0,0,1,0,0,0,0,4,1,6,6,2,53,8,-1,-1,-1,-1,4,W01000947,0,1
2024201499521,2024,201499521,1,9,0,-1,19,2,5,-1,0,0,0,0,0,0,1,1,-1,6,1,-1,-1,-1,-1,-1,-1,-1,-1,0,-1
2024052400525,2024,052400525,1,1,0,18,19,2,6,0,0,1,0,0,0,0,4,1,1,1,1,41,7,-1,-1,-1,-1,1,E01006540,0,1
2024522401697,2024,522401697,2,1,0,18,19,5,1,0,0,0,0,0,0,0,1,1,6,6,1,23,5,-1,-1,-1,-1,5,E01029068,0,4
2024531473435,2024,531473435,1,9,0,-1,19,1,3,-1,0,0,0,0,0,0,1,9,-1,6,3,-1,-1,-1,-1,-1,-1,-1,-1,0,-1
2024101472712,2024,101472712,1,1,0,-1,19,2,6,-1,0,8,0,0,0,0,3,1,-1,6,1,10,2,-1,-1,-1,-1,-1,-1,0,-1
2024311464193,2024,311464193,1,1,0,-1,19,7,3,-1,9,2,0,0,0,0,1,1,-1,6,1,-1,-1,-1,-1,-1,-1,-1,-1,0,-1
2024201531386,2024,201531386,2,9,0,-1,19,5,1,-1,0,0,1,0,0,0,3,1,-1,2,1,39,7,-1,-1,-1,-1,5,E01008965,0,1
2024451527417,2024,451527417,1,9,0,-1,4,3,7,-1,0,0,0,0,0,0,2,1,-1,6,1,31,6,-1,-1,-1,-1,6,E01024189,0,4
2024501468030,2024,501468030,1,9,0,-1,5,3,7,-1,0,4,0,0,0,0,1,2,-1,9,1,52,8,-1,-1,-1,-1,-1,-1,0,-1
2024010532809,2024,010532809,2,1,9,99,99,9,9,99,99,9,9,99,9,99,9,1,2,2,1,33,6,-1,-1,-1,-1,3,E01003258,0,2
2024201448643,2024,201448643,1,19,0,-1,19,3,7,-1,0,1,0,0,0,0,1,1,-1,6,3,40,7,-1,-1,-1,-1,-1,-1,0,-1
2024231525257,2024,231525257,1,9,0,-1,9,8,7,-1,0,5,0,0,0,0,1,1,-1,9,1,17,4,-1,-1,-1,-1,7,E01033255,0,1
2024052400885,2024,052400885,2,1,0,18,19,5,1,0,0,1,0,0,0,0,1,1,6,6,1,9,2,-1,-1,-1,-1,5,E01007014,0,1
2024010539711,2024,010539711,1,1,0,18,19,3,7,0,0,8,0,0,0,0,4,1,6,6,1,22,5,-1,-1,-1,-1,5,E01035712,0,1
2024010547658,2024,010547658,1,21,1,6,6,7,7,0,0,1,0,0,0,0,1,1,1,1,1,55,8,-1,-1,-1,-1,3,E01030169,0,5
2024010507725,2024,010507725,1,9,0,9,9,7,6,0,0,8,0,11,0,0,3,1,6,6,1,62,9,-1,-1,-1,-1,3,E01001112,0,1
2024201472292,2024,201472292,1,9,0,-1,19,2,6,-1,0,1,0,0,0,0,1,9,-1,6,3,30,6,-1,-1,-1,-1,-1,-1,0,-1
2024440038253,2024,440038253,1,9,0,2,2,0,0,0,0,0,0,0,0,0,3,1,6,6,2,-1,-1,-1,-1,-1,-1,9,E01031496,0,3
2024520402748,2024,520402748,1,9,0,18,19,7,3,0,0,8,0,0,0,0,3,1,6,6,2,39,7,-1,-1,-1,-1,6,E01029317,0,1
2024010506431,2024,010506431,2,1,0,7,7,1,4,0,0,1,0,0,0,0,0,1,2,2,1,38,7,-1,-1,-1,-1,7,E01000701,0,1
2024461413147,2024,461413147,2,1,0,-1,19,1,5,-1,0,1,0,0,0,0,1,1,-1,2,1,53,8,-1,-1,-1,-1,9,E01024753,0,1
2024522402236,2024,522402236,1,-1,0,18,19,3,7,0,0,0,1,0,0,0,2,1,6,6,1,30,6,-1,-1,-1,-1,3,E01014502,1,1
2024010492409,2024,010492409,1,3,0,99,99,9,9,99,99,9,9,99,9,99,2,1,1,1,1,27,6,-1,-1,-1,-1,3,E01000226,0,1
2024010487880,2024,010487880,1,9,0,18,19,5,1,0,0,1,0,0,7,4,1,1,6,6,1,35,6,-1,-1,-1,-1,-1,-1,0,-1
2024010493208,2024,010493208,1,1,9,99,99,9,9,99,99,9,9,99,9,99,9,1,6,6,1,40,7,-1,-1,-1,-1,10,E01002938,0,1
2024010531995,2024,010531995,1,9,0,99,99,9,9,99,99,9,9,99,9,99,1,9,6,6,3,86,11,-1,-1,-1,-1,3,E01002133,0,1
2024161528824,2024,161528824,2,1,0,-1,9,2,4,-1,0,3,0,0,0,0,2,1,-1,6,1,60,9,-1,-1,-1,-1,8,E01013011,0,2
2024111440701,2024,111440701,2,2,0,-1,19,5,3,-1,0,3,0,0,0,0,4,1,-1,9,1,31,6,-1,-1,-1,-1,3,E01008857,0,3
2024302400501,2024,302400501,2,20,0,3,3,7,3,0,0,1,0,0,0,0,0,1,6,6,3,-1,-1,-1,-1,-1,-1,5,E01019456,0,3
2024311431646,2024,311431646,2,1,0,-1,19,7,3,-1,4,1,0,0,0,0,3,1,-1,9,1,33,6,-1,-1,-1,-1,-1,-1,0,-1
2024041432834,2024,041432834,2,1,-1,-1,19,-1,-1,-1,0,1,2,0,0,0,-1,1,-1,6,1,19,4,-1,-1,-1,-1,4,E01025200,0,1
2024052400308,2024,052400308,2,1,0,18,19,7,3,0,0,8,0,0,0,0,3,1,6,6,1,17,4,-1,-1,-1,-1,1,E01006444,0,2
2024201523652,2024,201523652,1,9,0,-1,19,8,4,-1,0,1,0,0,0,0,1,1,-1,6,1,-1,-1,-1,-1,-1,-1,-1,-1,0,-1
2024010523272,2024,010523272,1,1,9,18,19,9,9,99,99,9,9,99,9,99,1,1,6,6,1,26,6,-1,-1,-1,-1,4,E01004540,0,1
2024010502859,2024,010502859,2,1,0,15,15,7,3,0,0,1,0,8,0,0,1,1,2,2,1,58,9,-1,-1,-1,-1,3,E01035674,0,1
2024010534873,2024,010534873,2,9,0,99,99,9,9,99,99,0,9,99,9,99,2,9,6,6,2,-1,-1,-1,-1,-1,-1,-1,-1,0,-1