collision_index,collision_year,collision_ref_no,vehicle_reference,vehicle_type,towing_and_articulation,vehicle_manoeuvre_historic,vehicle_manoeuvre,vehicle_direction_from,vehicle_direction_to,vehicle_location_restricted_lane_historic,vehicle_location_restricted_lane,junction_location,skidding_and_overturning,hit_object_in_carriageway,vehicle_leaving_carriageway,hit_object_off_carriageway,first_point_of_impact,vehicle_left_hand_drive,journey_purpose_of_driver_historic,journey_purpose_of_driver,sex_of_driver,age_of_driver,age_band_of_driver,engine_capacity_cc,propulsion_code,age_of_vehicle,generic_make_model,driver_imd_decile,lsoa_of_driver,escooter_flag,driver_distance_banding
2024010547927,2024,010547927,2,1,0,18,19,5,1,0,0,2,5,0,0,0,1,1,6,6,1,17,4,-1,-1,-1,-1,7,E01001160,0,1
2024991480138,2024,991480138,2,9,0,-1,19,1,5,-1,0,1,0,0,0,0,1,1,-1,1,1,67,10,-1,-1,-1,-1,-1,-1,0,-1
2024010507178,2024,010507178,2,9,0,18,19,3,7,0,0,8,0,0,0,0,1,1,6,6,3,-1,-1,-1,-1,-1,-1,2,E01001461,0,2
2024371512469,2024,371512469,1,9,0,-1,19,-1,-1,-1,0,0,0,4,3,10,1,9,-1,9,1,-1,-1,-1,-1,-1,-1,-1,-1,0,-1
2024131412828,2024,131412828,1,9,0,-1,19,3,7,-1,0,0,0,0,0,0,2,1,-1,1,1,47,8,-1,-1,-1,-1,5,E01005269,0,4
2024010507496,2024,010507496,2,9,0,99,99,9,9,99,99,9,9,99,9,99,9,9,6,6,3,-1,-1,-1,-1,-1,-1,-1,-1,0,-1
2024201529975,2024,201529975,2,9,0,-1,5,1,4,-1,0,8,0,0,0,0,1,1,-1,6,-1,-1,-1,-1,-1,-1,-1,-1,-1,0,-1
2024501445601,2024,501445601,2,9,0,-1,15,7,3,-1,0,0,1,0,4,6,1,1,-1,1,1,46,8,-1,-1,-1,-1,6,E01018935,0,4
2024430038669,2024,430038669,2,1,0,18,19,1,5,0,0,8,0,0,0,0,4,1,6,6,1,53,8,-1,-1,-1,-1,8,E01016549,0,1
2024461536796,2024,461536796,1,9,0,-1,19,1,5,-1,0,0,0,0,0,0,1,9,-1,6,2,-1,-1,-1,-1,-1,-1,-1,-1,0,-1
2024471488685,2024,471488685,2,9,0,-1,19,5,1,-1,0,1,0,0,0,0,1,1,-1,9,2,42,7,-1,-1,-1,-1,10,E01021202,0,1
2024481507854,2024,481507854,2,1,0,-1,19,1,5,-1,0,8,0,0,0,0,3,1,-1,1,1,58,9,-1,-1,-1,-1,-1,-1,0,-1
2024122401279,2024,122401279,2,9,0,4,4,9,9,0,0,2,0,0,0,0,2,1,6,6,1,-1,-1,-1,-1,-1,-1,-1,-1,0,-1
2024520403037,2024,520403037,1,1,0,18,19,2,6,0,0,8,0,0,0,0,1,1,6,6,1,39,7,-1,-1,-1,-1,4,E01029230,0,3
2024131473243,2024,131473243,1,11,0,-1,-1,-1,-1,-1,-1,0,-1,-1,-1,0,-1,1,-1,6,3,-1,-1,-1,-1,-1,-1,-1,-1,0,-1
2024010514848,2024,010514848,1,10,0,6,6,3,3,0,0,0,0,0,0,0,3,1,1,1,1,58,9,-1,-1,-1,-1,8,E01002826,0,1
202417S109324,2024,17S109324,1,1,0,-1,19,8,4,-1,0,1,0,0,0,0,3,1,-1,6,1,22,5,-1,-1,-1,-1,1,E01012037,0,1
2024522402197,2024,522402197,2,9,0,7,7,5,7,0,0,8,0,0,0,0,1,1,6,6,3,-1,-1,-1,-1,-1,-1,-1,-1,0,-1
2024351465324,2024,351465324,1,9,0,-1,19,-1,-1,-1,0,1,0,0,0,0,1,9,-1,6,3,-1,-1,-1,-1,-1,-1,-1,-1,0,-1
2024061525187,2024,061525187,2,9,0,-1,99,-1,-1,-1,99,0,9,10,1,99,1,1,-1,6,3,-1,-1,-1,-1,-1,-1,-1,-1,0,-1
2024010545332,2024,010545332,1,11,0,99,99,9,9,99,99,9,9,99,9,99,9,9,6,6,3,-1,-1,-1,-1,-1,-1,-1,-1,0,-1
2024430043242,2024,430043242,2,9,0,18,19,6,2,0,0,1,0,0,0,0,1,1,6,6,1,-1,-1,-1,-1,-1,-1,-1,-1,0,-1
2024546824024,2024,546824024,2,1,0,18,19,4,8,0,0,0,5,0,0,0,3,1,2,2,1,54,8,-1,-1,-1,-1,6,E01031967,0,1
2024201494419,2024,201494419,2,1,0,-1,5,7,3,-1,0,0,0,0,0,0,1,1,-1,7,1,12,3,-1,-1,-1,-1,-1,-1,0,-1
2024371441090,2024,371441090,1,97,0,-1,19,-1,-1,-1,0,4,5,10,3,0,1,1,-1,6,1,-1,-1,-1,-1,-1,-1,-1,-1,0,-1
2024991417813,2024,991417813,2,1,0,-1,19,2,7,-1,0,1,0,0,0,0,1,1,-1,6,1,63,9,-1,-1,-1,-1,10,-1,0,2
2024311469471,2024,311469471,2,9,0,-1,5,5,6,-1,0,3,0,0,1,0,2,9,-1,2,1,30,6,-1,-1,-1,-1,-1,-1,0,-1
2024010533451,2024,010533451,2,9,0,99,99,9,9,99,99,9,9,99,9,99,9,9,6,6,3,-1,-1,-1,-1,-1,-1,-1,-1,0,-1
2024332400821,2024,332400821,2,9,0,-1,19,2,6,-1,0,8,0,0,0,0,1,1,-1,2,1,22,5,-1,-1,-1,-1,8,E01019705,0,4
2024122400390,2024,122400390,2,9,0,16,19,5,1,0,0,2,1,0,0,0,1,1,6,6,1,18,4,-1,-1,-1,-1,7,E01027646,0,1
2024991433682,2024,991433682,3,9,0,-1,10,1,8,-1,0,1,0,0,0,0,3,1,-1,6,1,45,7,-1,-1,-1,-1,4,-1,0,1
2024430388523,2024,430388523,1,1,0,18,19,1,5,0,0,0,0,0,0,0,1,1,6,6,1,11,3,-1,-1,-1,-1,6,E01028530,0,1
2024010490489,2024,010490489,1,9,0,5,5,3,7,0,0,6,0,0,0,0,1,1,6,6,3,-1,-1,-1,-1,-1,-1,-1,-1,0,-1
2024122400941,2024,122400941,1,1,0,18,19,8,4,9,9,0,0,0,0,0,1,1,6,6,3,-1,-1,-1,-1,-1,-1,-1,-1,0,-1
2024010525735,2024,010525735,2,9,0,7,7,3,6,9,9,6,0,0,0,0,1,1,6,6,1,79,11,-1,-1,-1,-1,9,E01000356,0,1
2024411427524,2024,411427524,1,9,0,-1,12,5,1,-1,0,0,0,0,0,0,3,1,-1,6,3,-1,-1,-1,-1,-1,-1,-1,-1,0,-1
2024010503629,2024,010503629,1,1,9,99,99,9,9,99,99,0,9,99,9,99,9,1,2,2,1,29,6,-1,-1,-1,-1,2,E01002077,0,1
2024052402309,2024,052402309,2,1,0,18,19,8,4,0,0,1,0,0,0,0,3,1,6,6,1,34,6,-1,-1,-1,-1,1,E01007227,0,1
2024010498960,2024,010498960,1,1,9,99,99,9,9,99,99,9,9,99,9,99,1,1,2,2,1,24,5,-1,-1,-1,-1,8,E01004712,0,1
2024351442232,2024,351442232,2,1,0,-1,19,-1,-1,-1,0,8,0,0,0,0,4,1,-1,2,1,33,6,-1,-1,-1,-1,6,E01018300,0,1
2024061497693,2024,061497693,2,9,0,-1,99,0,0,-1,99,0,0,0,0,0,4,1,-1,6,1,-1,-1,-1,-1,-1,-1,-1,-1,0,-1
2024010492987,2024,010492987,2,9,0,7,7,3,5,0,0,8,0,0,0,0,0,1,6,6,2,29,6,-1,-1,-1,-1,6,E01002563,0,2
2024010490891,2024,010490891,1,9,0,18,19,5,1,0,0,1,0,0,0,0,1,1,2,2,1,59,9,-1,-1,-1,-1,8,E01024440,0,4
2024010505914,2024,010505914,2,9,0,18,19,1,5,0,0,8,0,0,0,0,1,1,6,6,3,-1,-1,-1,-1,-1,-1,-1,-1,0,-1
2024302400102,2024,302400102,1,9,0,17,19,6,2,0,0,1,1,0,7,1,1,1,6,6,1,18,4,-1,-1,-1,-1,10,E01019880,0,3
2024340WN1032,2024,340WN1032,2,9,0,-1,3,2,6,-1,0,0,0,0,0,0,2,1,-1,6,3,-1,-1,-1,-1,-1,-1,-1,-1,0,-1
2024201484532,2024,201484532,1,9,0,-1,19,6,2,-1,0,1,0,8,0,0,4,9,-1,6,2,-1,-1,-1,-1,-1,-1,-1,-1,0,-1
2024010489640,2024,010489640,1,3,0,99,99,9,9,99,99,9,9,99,9,99,1,1,2,2,1,34,6,-1,-1,-1,-1,5,E01015435,0,5
2024991503263,2024,991503263,2,9,0,-1,9,7,4,-1,0,0,0,0,0,0,1,1,-1,2,1,27,6,-1,-1,-1,-1,8,-1,0,1
2024991445833,2024,991445833,2,9,0,-1,19,4,1,-1,0,4,0,0,0,0,0,9,-1,6,3,-1,-1,-1,-1,-1,-1,-1,-1,0,-1
2024010518563,2024,010518563,2,-1,0,18,19,7,3,4,4,8,0,0,0,0,1,1,6,6,1,45,7,-1,-1,-1,-1,8,E01004297,1,1
2024302500207,2024,302500207,2,9,0,-1,2,0,0,-1,-1,0,0,0,0,0,3,1,-1,6,3,-1,-1,-1,-1,-1,-1,-1,-1,0,-1
2024010531217,2024,010531217,2,1,0,18,19,5,1,0,0,0,0,0,0,0,1,1,6,6,1,58,9,-1,-1,-1,-1,6,E01004361,0,2
2024430384521,2024,430384521,1,5,0,15,15,8,3,0,0,0,0,0,0,0,4,1,6,6,2,34,6,-1,-1,-1,-1,9,E01028659,0,1
2024311497113,2024,311497113,2,1,0,-1,19,5,1,-1,0,1,0,0,0,0,2,1,-1,6,1,20,4,-1,-1,-1,-1,-1,-1,0,-1
2024131425934,2024,131425934,1,9,0,-1,9,3,1,-1,0,2,0,0,0,0,1,1,-1,6,3,-1,-1,-1,-1,-1,-1,-1,-1,0,-1
2024010493801,2024,010493801,2,9,0,2,2,0,0,0,0,0,0,0,0,0,3,1,6,6,3,-1,-1,-1,-1,-1,-1,-1,-1,0,-1
2024010494587,2024,010494587,2,1,0,18,19,7,3,0,0,1,0,0,0,0,1,1,6,6,2,18,4,-1,-1,-1,-1,3,E01001858,0,1
2024010550426,2024,010550426,1,2,9,99,99,9,9,99,99,9,9,99,9,99,9,1,6,6,3,-1,-1,-1,-1,-1,-1,-1,-1,0,-1
2024471404826,2024,471404826,2,9,0,-1,4,3,7,-1,0,2,0,0,0,0,3,1,-1,6,1,25,5,-1,-1,-1,-1,9,E01025490,0,5
2024201429057,2024,201429057,1,19,0,-1,19,4,8,-1,0,0,0,0,0,0,3,1,-1,6,3,-1,-1,-1,-1,-1,-1,-1,-1,0,-1
2024501471035,2024,501471035,1,9,0,-1,19,5,1,-1,0,0,0,0,0,0,4,1,-1,2,1,52,8,-1,-1,-1,-1,10,E01022709,0,5
2024221439765,2024,221439765,2,5,0,-1,13,3,7,-1,0,8,0,0,0,0,1,1,-1,9,1,40,7,-1,-1,-1,-1,10,E01032361,0,1
2024430089893,2024,430089893,1,9,0,18,19,4,8,0,0,0,1,11,0,0,1,1,1,1,1,58,9,-1,-1,-1,-1,10,E01017796,0,1
2024041472502,2024,041472502,2,1,0,-1,19,4,8,-1,9,1,0,0,0,0,1,1,-1,9,1,13,3,-1,-1,-1,-1,6,E01025495,0,1
2024010526949,2024,010526949,1,9,0,18,19,7,3,0,0,0,0,0,0,0,1,1,6,6,3,-1,-1,-1,-1,-1,-1,-1,-1,0,-1
2024371450522,2024,371450522,2,1,0,-1,19,1,5,-1,0,0,0,0,0,0,1,1,-1,2,1,22,5,-1,-1,-1,-1,5,E01030001,0,1
2024041438952,2024,041438952,1,9,0,-1,19,8,4,-1,0,1,2,0,8,2,1,1,-1,2,1,23,5,-1,-1,-1,-1,1,E01025184,0,1
2024010508958,2024,010508958,1,1,9,99,99,9,9,99,99,9,9,99,9,99,9,1,6,6,2,30,6,-1,-1,-1,-1,6,E01000629,0,1
2024010521135,2024,010521135,2,1,9,18,19,6,2,0,0,9,9,99,0,0,9,1,6,6,1,17,4,-1,-1,-1,-1,4,E01001934,0,1
2024122500051,2024,122500051,1,9,0,18,19,7,3,0,0,0,0,0,0,0,1,1,2,2,1,19,4,-1,-1,-1,-1,3,E01025374,0,4
2024302400569,2024,302400569,1,9,0,8,8,6,1,0,0,1,0,0,0,0,3,1,6,6,2,58,9,-1,-1,-1,-1,9,E01019671,0,1
2024010542496,2024,010542496,2,3,0,99,99,9,9,99,99,9,9,99,9,99,9,1,6,6,3,-1,-1,-1,-1,-1,-1,-1,-1,0,-1
2024041530238,2024,041530238,2,9,0,-1,19,5,5,-1,0,1,0,0,0,0,1,1,-1,9,1,76,11,-1,-1,-1,-1,2,E01012696,0,1
2024311439379,2024,311439379,1,9,0,-1,19,5,1,-1,0,0,0,0,0,0,2,9,-1,6,3,18,4,-1,-1,-1,-1,-1,-1,0,-1
2024430113607,2024,430113607,2,19,0,9,9,6,7,0,0,5,0,0,0,0,3,1,6,6,1,-1,-1,-1,-1,-1,-1,-1,-1,0,-1
2024010506091,2024,010506091,1,1,0,18,19,1,5,2,2,1,0,0,1,0,1,1,2,2,1,38,7,-1,-1,-1,-1,5,E01033208,0,1
2024471464064,2024,471464064,2,9,0,-1,12,4,1,-1,0,1,0,0,0,0,2,1,-1,6,3,-1,-1,-1,-1,-1,-1,-1,-1,0,-1
2024451454175,2024,451454175,2,9,0,-1,5,-1,-1,-1,0,0,0,99,0,0,3,1,-1,6,3,-1,-1,-1,-1,-1,-1,-1,-1,0,-1
2024340WN2912,2024,340WN2912,2,9,0,-1,4,1,5,-1,0,1,0,0,0,0,2,1,-1,6,1,-1,-1,-1,-1,-1,-1,-1,-1,0,-1
2024010498475,2024,010498475,1,9,0,18,19,3,7,0,0,1,0,0,0,0,4,1,6,6,3,-1,-1,-1,-1,-1,-1,-1,-1,0,-1
2024031424722,2024,031424722,1,9,0,-1,19,1,5,-1,0,1,0,0,1,4,1,1,-1,2,1,32,6,-1,-1,-1,-1,2,E01019277,0,2
2024622400732,2024,622400732,2,1,0,4,4,1,5,0,0,0,1,0,0,0,2,1,6,6,1,47,8,-1,-1,-1,-1,3,W01000739,0,2
2024131514930,2024,131514930,2,1,0,-1,19,1,5,-1,9,0,0,0,0,0,0,1,-1,6,1,30,6,-1,-1,-1,-1,1,E01011756,0,1
2024411432099,2024,411432099,2,9,-1,-1,-1,-1,-1,-1,0,0,-1,-1,-1,0,2,9,-1,6,3,-1,-1,-1,-1,-1,-1,-1,-1,0,-1
2024010523793,2024,010523793,1,1,0,18,19,2,6,5,5,1,2,0,0,0,1,1,2,2,1,34,6,-1,-1,-1,-1,2,E01002633,0,1
2024010546600,2024,010546600,1,1,9,99,99,9,9,99,99,9,9,99,9,99,1,1,2,2,1,39,7,-1,-1,-1,-1,3,E01003496,0,1
202454D186724,2024,54D186724,2,1,0,5,5,6,2,0,0,5,0,0,0,0,4,1,2,2,1,49,8,-1,-1,-1,-1,7,E01015520,0,2
2024010542734,2024,010542734,1,9,0,18,19,3,7,0,0,1,0,0,0,0,1,1,6,6,3,-1,-1,-1,-1,-1,-1,-1,-1,0,-1
2024010537748,2024,010537748,2,9,0,6,6,1,1,0,0,1,0,0,0,0,1,1,6,6,3,-1,-1,-1,-1,-1,-1,-1,-1,0,-1
2024131404055,2024,131404055,1,8,0,-1,4,4,6,-1,0,1,0,0,0,0,2,1,-1,1,1,38,7,-1,-1,-1,-1,1,E01011422,0,1
2024471517146,2024,471517146,1,9,0,-1,9,6,3,-1,0,1,0,0,0,0,1,1,-1,1,1,38,7,-1,-1,-1,-1,6,E01035332,0,4
2024010550452,2024,010550452,1,9,0,99,99,9,9,0,0,0,9,99,9,99,2,9,6,6,2,44,7,-1,-1,-1,-1,8,E01019812,0,5
2024501498690,2024,501498690,2,1,0,-1,5,7,3,-1,0,0,5,0,0,0,4,1,-1,9,1,14,3,-1,-1,-1,-1,3,E01020037,0,1
2024501448360,2024,501448360,2,1,0,-1,19,1,5,-1,0,0,0,0,0,0,3,1,-1,2,2,55,8,-1,-1,-1,-1,9,E01020038,0,1
2024010532724,2024,010532724,2,1,0,18,19,3,7,0,0,1,0,0,1,0,3,1,2,2,1,23,5,-1,-1,-1,-1,7,E01035062,0,5
2024010496001,2024,010496001,1,9,9,18,19,1,5,0,0,9,9,99,9,99,9,9,6,6,3,-1,-1,-1,-1,-1,-1,-1,-1,0,-1
2024471417024,2024,471417024,3,9,0,-1,4,3,7,-1,0,0,0,0,0,0,2,1,-1,9,1,35,6,-1,-1,-1,-1,8,E01016928,0,1
2024531451816,2024,531451816,1,1,0,-1,5,8,4,-1,0,8,0,0,0,0,3,1,-1,2,1,51,8,-1,-1,-1,-1,2,E01022320,0,1
2024430146037,2024,430146037,1,1,0,9,9,3,1,0,0,8,0,0,0,0,1,1,2,2,1,18,4,-1,-1,-1,-1,9,E01016403,0,1
2024440141427,2024,440141427,2,1,0,18,19,4,8,0,0,2,0,0,0,0,1,1,6,6,1,43,7,-1,-1,-1,-1,5,E01023068,0,1
2024061515923,2024,061515923,2,1,0,-1,19,3,1,-1,0,8,0,0,0,0,1,1,-1,6,1,53,8,-1,-1,-1,-1,3,E01004777,0,1
2024471534103,2024,471534103,1,1,0,-1,4,1,5,-1,0,0,0,8,0,0,1,1,-1,6,2,31,6,-1,-1,-1,-1,9,E01024483,0,4
2024411404760,2024,411404760,1,9,0,-1,9,3,1,-1,0,8,0,0,0,0,1,1,-1,9,1,25,5,-1,-1,-1,-1,10,E01023734,0,1
2024201454653,2024,201454653,1,99,0,-1,19,3,7,-1,0,1,0,0,0,0,2,9,-1,6,3,-1,-1,-1,-1,-1,-1,-1,-1,0,-1
2024371499556,2024,371499556,1,9,0,-1,19,8,4,-1,0,1,0,0,0,0,1,1,-1,6,-1,-1,-1,-1,-1,-1,-1,-1,-1,0,-1
2024031523269,2024,031523269,3,9,0,-1,19,4,7,-1,0,1,0,0,0,0,4,1,-1,1,2,31,6,-1,-1,-1,-1,-1,-1,0,-1
2024010517756,2024,010517756,2,9,0,12,12,1,5,0,0,0,0,0,0,0,2,2,6,6,1,59,9,-1,-1,-1,-1,4,E01001582,0,1
2024201433272,2024,201433272,2,1,0,-1,19,2,8,-1,0,8,0,0,0,0,1,1,-1,6,1,64,9,-1,-1,-1,-1,1,E01009362,0,1
2024010497435,2024,010497435,2,1,0,5,5,3,7,0,0,8,2,0,0,0,3,1,6,6,1,9,2,-1,-1,-1,-1,3,E01002445,0,2
2024991481725,2024,991481725,3,9,0,-1,3,1,5,-1,0,1,0,0,0,0,0,9,-1,6,3,20,4,-1,-1,-1,-1,-1,-1,0,-1
2024461512499,2024,461512499,1,97,0,-1,19,7,3,-1,0,1,0,0,0,0,1,1,-1,6,3,-1,-1,-1,-1,-1,-1,-1,-1,0,-1
2024622400169,2024,622400169,2,1,0,18,19,8,4,0,0,8,0,0,0,0,1,1,6,6,1,16,4,-1,-1,-1,-1,8,W01001743,0,1
2024010504708,2024,010504708,2,9,0,11,11,5,1,0,0,0,0,0,0,0,0,1,6,6,3,-1,-1,-1,-1,-1,-1,-1,-1,0,-1
2024421418272,2024,421418272,1,1,0,-1,19,7,3,-1,9,1,0,0,0,0,1,1,-1,6,3,-1,-1,-1,-1,-1,-1,-1,-1,0,-1
2024361409710,2024,361409710,1,21,1,-1,9,6,3,-1,0,8,0,0,0,0,1,2,-1,1,1,37,7,-1,-1,-1,-1,-1,-1,0,-1
2024010516120,2024,010516120,1,1,9,99,99,9,9,99,99,9,9,99,9,99,1,1,1,1,3,20,4,-1,-1,-1,-1,6,E01001563,0,1
2024421477273,2024,421477273,1,-1,0,-1,19,6,2,-1,0,2,0,0,0,0,1,1,-1,6,1,16,4,-1,-1,-1,-1,7,E01021695,1,1
2024010550172,2024,010550172,1,1,9,99,99,9,9,99,99,9,9,99,9,99,9,1,1,1,2,52,8,-1,-1,-1,-1,8,E01000123,0,1
2024010504664,2024,010504664,2,1,0,18,19,3,7,0,0,1,0,0,0,0,3,1,6,6,1,19,4,-1,-1,-1,-1,2,E01033931,0,1
2024501457899,2024,501457899,2,1,0,-1,3,3,7,-1,4,1,0,0,0,0,1,1,-1,2,1,39,7,-1,-1,-1,-1,8,E01020190,0,2
2024061437890,2024,061437890,1,9,0,-1,7,7,3,-1,0,1,0,0,0,0,1,1,-1,9,1,61,9,-1,-1,-1,-1,10,E01005812,0,1
2024052401563,2024,052401563,2,1,0,18,19,1,5,0,0,1,0,0,0,0,1,1,2,2,1,48,8,-1,-1,-1,-1,9,E01007284,0,3
2024221427510,2024,221427510,4,9,0,-1,2,0,0,-1,0,0,0,0,0,0,0,9,-1,6,1,59,9,-1,-1,-1,-1,1,W01001601,0,4
202417M103924,2024,17M103924,2,19,0,9,9,8,6,0,0,8,0,0,0,0,1,1,1,1,1,58,9,-1,-1,-1,-1,1,E01008603,0,4
2024549693224,2024,549693224,1,9,0,18,19,1,5,0,0,0,0,0,0,0,1,1,6,6,3,-1,-1,-1,-1,-1,-1,-1,-1,0,-1
2024141475724,2024,141475724,2,9,0,-1,3,1,5,-1,0,8,0,0,0,0,1,1,-1,6,1,65,9,-1,-1,-1,-1,7,E01028005,0,4
2024201456481,2024,201456481,1,8,0,-1,2,0,0,-1,0,0,0,0,0,0,2,9,-1,6,3,-1,-1,-1,-1,-1,-1,-1,-1,0,-1
2024010495799,2024,010495799,1,9,0,16,19,1,5,0,0,3,0,0,0,0,4,1,1,1,3,42,7,-1,-1,-1,-1,4,E01000134,0,2
2024320489231,2024,320489231,1,9,0,9,9,4,3,0,0,5,0,0,0,0,4,1,6,6,2,26,6,-1,-1,-1,-1,3,E01034685,0,1
2024461406437,2024,461406437,2,21,1,-1,19,7,5,-1,0,0,0,0,0,0,3,2,-1,1,1,59,9,-1,-1,-1,-1,-1,-1,0,-1
2024421414855,2024,421414855,1,9,0,-1,19,3,7,-1,0,1,0,0,0,0,4,9,-1,6,3,-1,-1,-1,-1,-1,-1,-1,-1,0,-1
2024351482113,2024,351482113,2,1,0,-1,19,3,7,-1,5,0,0,0,0,0,1,1,-1,6,1,22,5,-1,-1,-1,-1,6,E01035515,0,1
2024411444050,2024,411444050,2,11,0,-1,19,5,8,-1,0,1,0,0,0,0,1,9,-1,6,1,43,7,-1,-1,-1,-1,6,E01004475,0,4
2024070745175,2024,070745175,2,1,0,-1,19,3,7,-1,0,0,0,0,0,0,3,1,-1,6,1,22,5,-1,-1,-1,-1,1,E01012382,0,1
2024522403234,2024,522403234,1,1,0,18,19,1,5,0,0,8,0,0,0,0,4,1,6,6,1,51,8,-1,-1,-1,-1,8,E01014721,0,1
2024440124277,2024,440124277,2,-1,0,18,19,5,1,0,0,0,0,0,0,0,3,1,6,6,1,35,6,-1,-1,-1,-1,3,E01017078,1,1
2024101475058,2024,101475058,1,9,0,-1,11,1,5,-1,0,1,0,0,0,0,0,9,-1,6,1,-1,-1,-1,-1,-1,-1,-1,-1,0,-1
2024010488712,2024,010488712,2,9,0,99,99,9,9,99,99,9,9,99,9,99,1,9,6,6,3,-1,-1,-1,-1,-1,-1,-1,-1,0,-1
2024141441400,2024,141441400,2,9,0,-1,4,2,4,-1,0,1,0,4,2,0,2,1,-1,6,1,30,6,-1,-1,-1,-1,3,E01007765,0,2
2024010487479,2024,010487479,2,8,0,18,19,3,7,0,0,1,0,0,0,0,3,1,6,6,1,46,8,-1,-1,-1,-1,-1,-1,0,-1
2024201490057,2024,201490057,1,9,0,-1,19,5,1,-1,0,0,0,0,0,0,1,1,-1,6,1,25,5,-1,-1,-1,-1,-1,-1,0,-1
2024440522927,2024,440522927,1,9,0,18,19,3,7,0,0,0,1,0,0,0,0,1,6,6,1,51,8,-1,-1,-1,-1,8,E01022733,0,2
2024010510839,2024,010510839,2,9,0,2,2,0,0,0,0,0,0,0,0,0,2,1,6,6,3,-1,-1,-1,-1,-1,-1,-1,-1,0,-1
2024461535964,2024,461535964,2,1,0,-1,19,6,3,-1,0,1,0,0,0,0,1,1,-1,9,1,62,9,-1,-1,-1,-1,8,E01016095,0,1
2024122400422,2024,122400422,3,9,0,18,19,3,7,0,0,0,1,0,0,0,1,1,1,1,1,49,8,-1,-1,-1,-1,-1,-1,0,-1
2024010541813,2024,010541813,2,1,9,99,99,9,9,99,99,9,9,99,9,99,1,1,2,2,1,45,7,-1,-1,-1,-1,9,E01000690,0,1
2024540019624,2024,540019624,2,1,0,18,19,1,5,0,0,3,0,0,0,0,4,1,6,6,1,34,6,-1,-1,-1,-1,5,E01015475,0,1
2024201425515,2024,201425515,4,9,0,-1,19,1,5,-1,0,0,0,0,0,0,1,1,-1,6,2,25,5,-1,-1,-1,-1,3,E01006639,0,5
2024010492044,2024,010492044,2,9,0,99,99,9,9,99,99,0,9,99,9,99,1,9,6,6,3,-1,-1,-1,-1,-1,-1,3,E01024480,0,3
2024010519943,2024,010519943,2,1,0,18,19,5,1,9,9,1,5,0,0,0,1,1,6,6,1,16,4,-1,-1,-1,-1,5,E01002899,0,1
2024501407020,2024,501407020,2,9,0,-1,19,7,3,-1,0,0,0,0,0,0,0,9,-1,6,1,41,7,-1,-1,-1,-1,6,E01020516,0,4
2024421527440,2024,421527440,2,9,0,-1,-1,-1,-1,-1,-1,-1,-1,-1,-1,0,-1,9,-1,6,1,-1,-1,-1,-1,-1,-1,-1,-1,0,-1
2024010521267,2024,010521267,1,1,0,18,19,1,5,0,0,8,0,0,0,0,1,1,6,6,1,16,4,-1,-1,-1,-1,4,E01000900,0,1
2024010543575,2024,010543575,1,9,0,99,99,9,9,99,99,9,9,99,9,99,1,1,6,6,3,-1,-1,-1,-1,-1,-1,-1,-1,0,-1
2024010492987,2024,010492987,3,9,0,18,19,3,7,0,0,1,0,0,0,0,0,1,6,6,1,26,6,-1,-1,-1,-1,4,E01016519,0,3
2024010525710,2024,010525710,1,1,9,99,99,9,9,99,99,9,9,99,9,99,0,1,6,6,1,33,6,-1,-1,-1,-1,7,E01000871,0,2
2024320223669,2024,320223669,2,1,0,7,7,2,4,0,0,2,5,10,3,1,1,1,-1,-1,1,25,5,-1,-1,-1,-1,-1,-1,0,-1
2024010509349,2024,010509349,1,1,0,18,19,5,1,3,2,1,0,0,0,0,1,1,1,1,1,29,6,-1,-1,-1,-1,6,E01004551,0,1
2024122500144,2024,122500144,2,1,0,18,19,5,1,0,0,8,0,0,0,0,3,1,6,6,1,11,3,-1,-1,-1,-1,7,E01013406,0,1
2024421462030,2024,421462030,2,9,0,-1,19,2,7,-1,0,0,0,0,0,0,1,1,-1,6,1,26,6,-1,-1,-1,-1,2,E01021486,0,2
2024351525331,2024,351525331,2,1,0,-1,-1,-1,-1,-1,-1,0,-1,-1,-1,0,3,1,-1,7,1,16,4,-1,-1,-1,-1,2,E01017946,0,1
2024010499912,2024,010499912,1,1,9,99,99,9,9,99,99,0,9,8,9,99,0,1,2,2,2,24,5,-1,-1,-1,-1,3,E01004012,0,1
2024010489397,2024,010489397,3,9,0,99,99,9,9,99,99,9,9,99,9,99,1,9,6,6,3,-1,-1,-1,-1,-1,-1,-1,-1,0,-1
2024010488784,2024,010488784,2,9,9,99,99,9,9,99,99,5,9,99,9,99,9,9,6,6,3,-1,-1,-1,-1,-1,-1,-1,-1,0,-1
2024302401754,2024,302401754,2,9,0,-1,14,1,5,-1,0,2,0,0,0,0,4,1,-1,6,1,75,10,-1,-1,-1,-1,6,E01019798,0,1
2024552400117,2024,552400117,1,9,0,18,19,8,4,0,0,6,0,0,0,0,1,1,6,6,3,-1,-1,-1,-1,-1,-1,-1,-1,0,-1
2024411440638,2024,411440638,1,-1,0,-1,19,7,3,-1,0,0,0,0,0,0,1,1,-1,9,1,47,8,-1,-1,-1,-1,3,E01023343,1,3
2024010529441,2024,010529441,1,1,9,99,99,9,9,99,99,9,9,99,9,99,2,1,6,6,1,32,6,-1,-1,-1,-1,5,E01033922,0,2
2024010543459,2024,010543459,2,1,0,-1,-1,7,3,0,0,0,0,0,0,0,3,1,6,6,1,41,7,-1,-1,-1,-1,3,E01004000,0,2
2024522402566,2024,522402566,1,1,0,18,19,2,6,0,0,8,0,0,0,0,2,1,6,6,1,47,8,-1,-1,-1,-1,10,E01014737,0,2
2024401477694,2024,401477694,2,9,0,-1,20,-1,-1,-1,0,1,0,0,0,0,1,9,-1,6,1,30,6,-1,-1,-1,-1,-1,-1,0,-1
2024991520185,2024,991520185,2,98,0,-1,19,7,4,-1,0,0,0,0,0,0,2,1,-1,1,1,56,9,-1,-1,-1,-1,5,E01019202,0,4
2024010510747,2024,010510747,2,1,0,5,5,1,5,5,5,1,0,0,0,0,4,1,6,6,2,46,8,-1,-1,-1,-1,-1,-1,0,-1
2024070914122,2024,070914122,1,9,0,-1,19,7,3,-1,0,0,0,0,0,0,1,1,-1,9,1,37,7,-1,-1,-1,-1,4,E01012510,0,1