collision_index,collision_year,collision_ref_no,vehicle_reference,vehicle_type,towing_and_articulation,vehicle_manoeuvre_historic,vehicle_manoeuvre,vehicle_direction_from,vehicle_direction_to,vehicle_location_restricted_lane_historic,vehicle_location_restricted_lane,junction_location,skidding_and_overturning,hit_object_in_carriageway,vehicle_leaving_carriageway,hit_object_off_carriageway,first_point_of_impact,vehicle_left_hand_drive,journey_purpose_of_driver_historic,journey_purpose_of_driver,sex_of_driver,age_of_driver,age_band_of_driver,engine_capacity_cc,propulsion_code,age_of_vehicle,generic_make_model,driver_imd_decile,lsoa_of_driver,escooter_flag,driver_distance_banding
2024421486991,2024,421486991,1,9,0,-1,19,5,1,-1,9,8,0,0,1,0,1,9,-1,6,3,18,4,-1,-1,-1,-1,-1,-1,0,-1
2024010501395,2024,010501395,2,1,0,18,19,5,1,9,9,1,0,0,0,0,4,1,6,6,1,25,5,-1,-1,-1,-1,3,E01003490,0,1
2024501512275,2024,501512275,1,9,0,-1,2,0,0,-1,0,0,0,4,0,0,4,1,-1,6,3,-1,-1,-1,-1,-1,-1,-1,-1,0,-1
2024010518543,2024,010518543,2,9,0,18,19,3,7,0,0,1,0,0,0,0,1,1,6,6,1,26,6,-1,-1,-1,-1,5,E01000973,0,1
2024311497095,2024,311497095,2,9,0,-1,7,7,1,-1,0,6,0,0,0,0,2,1,-1,6,1,40,7,-1,-1,-1,-1,-1,-1,0,-1
2024010489636,2024,010489636,1,9,0,99,99,9,9,99,99,0,9,99,9,99,2,9,6,6,1,40,7,-1,-1,-1,-1,9,E01015939,0,3
2024461472441,2024,461472441,2,1,0,-1,9,4,8,-1,0,8,1,0,0,0,1,1,-1,6,1,60,9,-1,-1,-1,-1,5,E01024095,0,1
2024010495401,2024,010495401,2,9,9,99,99,9,9,99,99,9,9,99,9,99,9,9,6,6,3,-1,-1,-1,-1,-1,-1,-1,-1,0,-1
2024061491715,2024,061491715,1,9,0,-1,19,1,3,-1,0,1,0,0,0,0,1,9,-1,6,3,-1,-1,-1,-1,-1,-1,-1,-1,0,-1
2024991524523,2024,991524523,1,9,0,-1,19,3,7,-1,0,0,0,0,0,0,1,1,-1,2,2,23,5,-1,-1,-1,-1,4,-1,0,2
2024061493650,2024,061493650,1,9,0,-1,19,7,3,-1,0,2,0,0,0,0,1,1,-1,2,1,32,6,-1,-1,-1,-1,1,E01005264,0,1
2024010532538,2024,010532538,1,9,0,99,99,9,9,99,99,9,9,99,9,99,1,9,6,6,3,-1,-1,-1,-1,-1,-1,-1,-1,0,-1
2024401443966,2024,401443966,2,1,0,-1,6,1,5,-1,0,3,0,0,0,0,1,1,-1,6,1,56,9,-1,-1,-1,-1,4,E01033835,0,1
2024991477552,2024,991477552,2,1,0,-1,19,2,4,-1,0,4,0,0,0,0,4,1,-1,9,1,57,9,-1,-1,-1,-1,10,-1,0,1
2024131474078,2024,131474078,1,5,0,-1,19,3,7,-1,0,0,0,0,7,0,1,1,-1,9,1,19,4,-1,-1,-1,-1,2,E01011868,0,1
2024131498596,2024,131498596,1,9,0,-1,9,1,7,-1,0,8,0,0,0,0,1,1,-1,6,1,50,8,-1,-1,-1,-1,3,E01011597,0,1
2024052400344,2024,052400344,1,9,0,5,5,6,2,0,0,1,0,0,0,0,1,1,6,6,3,-1,-1,-1,-1,-1,-1,-1,-1,0,-1
2024320591356,2024,320591356,3,9,0,2,2,0,0,0,0,0,0,0,0,0,1,1,6,6,1,66,10,-1,-1,-1,-1,1,E01026073,0,1
2024311397357,2024,311397357,1,9,0,-1,5,6,4,-1,0,0,0,0,0,0,3,1,-1,9,2,31,6,-1,-1,-1,-1,3,E01013830,0,1
2024544610724,2024,544610724,1,19,0,9,9,4,8,0,0,1,0,0,0,0,1,1,1,1,2,65,9,-1,-1,-1,-1,6,E01032082,0,3
2024520401272,2024,520401272,2,1,0,9,9,1,8,0,0,8,0,0,0,0,2,1,6,6,1,66,10,-1,-1,-1,-1,8,E01029194,0,1
202460Q113452,2024,60Q113452,1,98,0,18,19,7,3,0,0,8,0,0,0,0,3,1,6,6,3,-1,-1,-1,-1,-1,-1,-1,-1,0,-1
2024010495343,2024,010495343,1,1,9,99,99,9,9,99,99,9,9,99,9,99,1,1,6,6,1,39,7,-1,-1,-1,-1,4,E01002058,0,1
2024430077486,2024,430077486,3,9,0,18,19,7,3,0,0,0,0,0,0,0,1,1,6,6,1,30,6,-1,-1,-1,-1,10,E01003811,0,4
2024471488921,2024,471488921,1,1,0,-1,19,1,5,-1,0,4,0,0,0,0,1,1,-1,6,2,44,7,-1,-1,-1,-1,1,E01016866,0,1
2024481570174,2024,481570174,2,1,0,-1,15,5,1,-1,4,0,0,0,0,0,1,1,-1,2,1,24,5,-1,-1,-1,-1,-1,-1,0,-1
2024991512224,2024,991512224,2,21,0,-1,9,7,1,-1,0,3,0,0,0,0,4,1,-1,1,2,61,9,-1,-1,-1,-1,-1,-1,0,-1
2024991448407,2024,991448407,1,9,0,-1,19,3,7,-1,0,1,0,0,0,0,1,1,-1,6,2,45,7,-1,-1,-1,-1,6,-1,0,1
2024010511706,2024,010511706,2,1,0,18,19,1,5,0,0,1,0,0,0,0,1,1,1,1,1,33,6,-1,-1,-1,-1,-1,-1,0,-1
2024211442941,2024,211442941,1,1,0,-1,19,5,1,-1,0,1,0,0,0,0,1,1,-1,9,1,49,8,-1,-1,-1,-1,8,E01029570,0,4
2024340WN4032,2024,340WN4032,2,1,0,-1,19,4,8,-1,0,0,0,0,0,0,2,1,-1,9,1,16,4,-1,-1,-1,-1,2,E01027151,0,1
2024010490047,2024,010490047,1,11,0,18,19,1,5,0,0,2,0,0,0,0,0,1,1,1,2,56,9,-1,-1,-1,-1,2,E01000552,0,1
2024010532848,2024,010532848,1,9,0,99,99,9,9,99,99,0,9,99,9,99,9,1,6,6,3,-1,-1,-1,-1,-1,-1,-1,-1,0,-1
2024010490569,2024,010490569,1,9,0,99,99,9,9,99,99,9,9,99,9,99,2,9,6,6,2,38,7,-1,-1,-1,-1,6,E01023863,0,4
2024221476544,2024,221476544,2,1,0,-1,19,7,3,-1,0,8,0,0,0,0,4,1,-1,9,2,64,9,-1,-1,-1,-1,8,E01032329,0,1
2024010491252,2024,010491252,3,9,0,18,19,7,3,0,0,1,0,0,0,0,2,1,2,2,1,64,9,-1,-1,-1,-1,8,E01016510,0,2
2024111408787,2024,111408787,2,1,0,-1,19,6,2,-1,0,8,0,0,0,0,4,1,-1,9,1,55,8,-1,-1,-1,-1,2,E01008252,0,2
2024351409339,2024,351409339,1,9,0,-1,-1,-1,-1,-1,0,8,0,0,0,0,-1,1,-1,6,1,25,5,-1,-1,-1,-1,-1,-1,0,-1
2024010502963,2024,010502963,2,1,0,18,19,3,7,9,9,0,0,0,0,0,1,1,6,6,1,13,3,-1,-1,-1,-1,2,E01001433,0,1
2024440362603,2024,440362603,2,9,0,18,19,5,7,0,0,1,0,0,0,0,3,1,6,6,3,-1,-1,-1,-1,-1,-1,-1,-1,0,-1
2024041454460,2024,041454460,2,9,0,-1,19,6,2,-1,0,1,0,0,0,0,1,1,-1,6,1,34,6,-1,-1,-1,-1,2,E01025124,0,1
2024010528855,2024,010528855,1,1,9,99,99,9,9,99,99,9,9,99,9,99,9,1,2,2,1,57,9,-1,-1,-1,-1,10,E01022084,0,4
2024201435670,2024,201435670,1,9,0,-1,7,7,1,-1,0,5,0,0,0,0,1,1,-1,1,1,81,11,-1,-1,-1,-1,3,E01010411,0,2
2024302401730,2024,302401730,2,9,0,-1,19,4,7,-1,0,1,0,0,0,0,1,1,-1,6,3,-1,-1,-1,-1,-1,-1,5,E01019456,0,4
2024545392124,2024,545392124,1,-1,0,9,9,3,7,0,0,1,0,0,0,0,3,1,6,6,1,48,8,-1,-1,-1,-1,3,E01015569,1,1
2024471428120,2024,471428120,2,5,0,-1,19,4,8,-1,0,1,5,0,0,0,1,1,-1,9,1,31,6,-1,-1,-1,-1,4,E01031441,0,1
2024430177959,2024,430177959,2,9,0,18,19,4,8,0,0,0,0,0,0,0,1,1,6,6,1,-1,-1,-1,-1,-1,-1,5,E01016460,0,1
2024101427797,2024,101427797,2,1,0,-1,19,1,5,-1,0,8,0,0,0,0,2,1,-1,6,1,21,5,-1,-1,-1,-1,2,E01008253,0,1
2024552400721,2024,552400721,1,9,0,18,19,6,2,0,0,4,0,0,0,0,1,1,6,6,1,61,9,-1,-1,-1,-1,3,E01015310,0,1
2024531482414,2024,531482414,1,-1,0,-1,19,1,5,-1,5,0,0,0,0,0,1,1,-1,6,3,18,4,-1,-1,-1,-1,-1,-1,1,-1
2024101437467,2024,101437467,2,1,0,-1,19,5,1,-1,0,8,0,0,0,0,1,1,-1,1,1,53,8,-1,-1,-1,-1,6,E01035615,0,1
2024531419140,2024,531419140,2,9,0,-1,19,8,4,-1,0,0,0,0,0,0,1,1,-1,1,1,34,6,-1,-1,-1,-1,8,E01022423,0,3
2024610000724,2024,610000724,2,9,0,9,9,2,8,0,0,5,0,0,0,0,1,1,6,6,1,32,6,-1,-1,-1,-1,2,W01001532,0,1
2024430625518,2024,430625518,1,1,0,18,19,4,8,0,0,8,0,0,0,0,1,1,6,6,1,43,7,-1,-1,-1,-1,6,E01004174,0,4
2024010528414,2024,010528414,1,1,9,99,99,9,9,99,99,9,9,99,9,99,9,1,1,1,1,24,5,-1,-1,-1,-1,2,E01001433,0,3
2024010538014,2024,010538014,1,23,0,18,19,1,5,0,0,0,0,0,0,0,1,1,6,6,1,29,6,-1,-1,-1,-1,1,E01001013,0,1
2024131518418,2024,131518418,1,9,0,-1,19,1,5,-1,0,0,2,0,0,0,3,1,-1,9,1,23,5,-1,-1,-1,-1,3,E01011257,0,3
2024010493533,2024,010493533,2,1,0,7,7,1,3,0,0,1,0,0,1,0,1,1,1,1,1,25,5,-1,-1,-1,-1,2,E01004214,0,1
2024430115013,2024,430115013,1,9,0,7,7,8,2,0,0,6,0,0,0,0,3,1,2,2,1,40,7,-1,-1,-1,-1,8,E01017783,0,1
2024010531007,2024,010531007,2,19,0,99,99,9,9,99,99,9,9,99,9,99,9,9,6,6,3,-1,-1,-1,-1,-1,-1,-1,-1,0,-1
2024320385803,2024,320385803,1,9,0,9,9,7,5,0,0,8,0,0,0,0,1,1,-1,-1,1,70,10,-1,-1,-1,-1,3,E01026386,0,1
2024401443988,2024,401443988,1,9,0,-1,1,3,7,-1,0,0,0,0,0,0,2,9,-1,6,2,-1,-1,-1,-1,-1,-1,-1,-1,0,-1
2024010497032,2024,010497032,2,9,0,18,19,1,5,0,0,8,0,0,0,0,1,1,6,6,1,56,9,-1,-1,-1,-1,7,E01000677,0,1
2024010540884,2024,010540884,2,9,0,2,2,0,0,0,0,3,0,0,0,0,3,1,6,6,3,-1,-1,-1,-1,-1,-1,-1,-1,0,-1
2024101477118,2024,101477118,1,5,0,-1,19,3,7,-1,0,4,0,10,3,1,1,1,-1,6,1,44,7,-1,-1,-1,-1,2,E01008602,0,1
2024041506156,2024,041506156,1,9,0,-1,5,5,1,-1,9,1,0,0,1,0,3,1,-1,9,2,65,9,-1,-1,-1,-1,3,E01025267,0,1
2024041458126,2024,041458126,1,9,0,-1,19,3,3,-1,0,4,0,0,0,0,2,1,-1,6,1,21,5,-1,-1,-1,-1,1,E01025070,0,1
2024351412362,2024,351412362,2,1,-1,-1,-1,-1,-1,-1,-1,-1,-1,-1,-1,0,-1,1,-1,2,2,29,6,-1,-1,-1,-1,4,E01017945,0,1
2024010551389,2024,010551389,2,1,0,18,19,7,3,0,0,1,0,0,0,0,3,1,1,1,1,46,8,-1,-1,-1,-1,-1,-1,0,-1
2024461509308,2024,461509308,2,1,0,-1,19,3,7,-1,0,0,0,0,0,0,1,1,-1,2,1,59,9,-1,-1,-1,-1,10,E01024818,0,3
2024421457753,2024,421457753,2,9,0,-1,19,5,1,-1,0,0,1,0,0,0,1,1,-1,2,1,30,6,-1,-1,-1,-1,5,E01015942,0,2
2024010527406,2024,010527406,2,1,0,13,13,4,8,0,0,1,0,0,0,0,1,1,6,6,1,38,7,-1,-1,-1,-1,5,E01002677,0,1
2024320702272,2024,320702272,2,1,0,-1,-1,5,1,0,0,8,5,0,0,0,2,1,-1,-1,1,70,10,-1,-1,-1,-1,10,E01026352,0,1
2024421417793,2024,421417793,1,9,0,-1,9,1,7,-1,0,2,0,0,0,0,1,1,-1,6,1,40,7,-1,-1,-1,-1,3,E01033491,0,3
2024131522992,2024,131522992,2,9,0,-1,2,0,0,-1,0,0,0,0,0,0,3,1,-1,6,-1,-1,-1,-1,-1,-1,-1,-1,-1,0,-1
2024141493510,2024,141493510,1,1,0,-1,19,1,5,-1,0,0,5,0,0,0,4,1,-1,6,1,29,6,-1,-1,-1,-1,2,E01007906,0,1
2024351411993,2024,351411993,2,1,0,-1,15,4,8,-1,4,0,5,0,0,0,1,1,-1,6,2,71,10,-1,-1,-1,-1,10,E01018293,0,1
2024010539229,2024,010539229,2,1,0,18,19,3,7,0,0,0,5,0,0,0,3,1,2,2,1,23,5,-1,-1,-1,-1,3,E01002396,0,1
2024440274061,2024,440274061,1,1,0,18,19,7,3,9,9,2,0,0,0,0,4,1,4,7,1,14,3,-1,-1,-1,-1,9,E01022719,0,1
2024161467793,2024,161467793,1,9,0,-1,2,0,0,-1,0,2,0,0,0,0,9,9,-1,6,2,50,8,-1,-1,-1,-1,9,E01012770,0,1
2024332400484,2024,332400484,2,1,0,-1,19,1,5,-1,0,8,0,0,0,0,1,1,-1,2,1,55,8,-1,-1,-1,-1,10,E01025678,0,1
2024201434199,2024,201434199,2,9,0,-1,19,5,1,-1,0,0,0,0,0,0,3,1,-1,6,2,40,7,-1,-1,-1,-1,2,E01009891,0,2
2024010550900,2024,010550900,1,1,9,99,99,9,9,99,99,9,9,99,9,99,1,1,2,2,1,36,7,-1,-1,-1,-1,2,E01002545,0,2
2024501516587,2024,501516587,2,1,0,-1,19,4,8,-1,9,1,1,0,0,0,1,1,-1,6,1,10,2,-1,-1,-1,-1,6,E01034634,0,1
2024161407145,2024,161407145,1,9,0,-1,9,3,1,-1,0,5,0,0,0,0,3,1,-1,9,2,36,7,-1,-1,-1,-1,8,E01013040,0,4
2024440301735,2024,440301735,1,19,0,1,1,1,6,0,0,2,0,0,0,0,2,1,6,6,1,57,9,-1,-1,-1,-1,10,E01023020,0,1
2024010497428,2024,010497428,1,97,9,99,99,9,9,99,99,9,9,99,9,99,9,1,6,6,3,-1,-1,-1,-1,-1,-1,-1,-1,0,-1
2024440134674,2024,440134674,2,9,0,5,5,4,8,0,0,1,0,0,0,0,3,1,6,6,3,-1,-1,-1,-1,-1,-1,-1,-1,0,-1
2024991403175,2024,991403175,2,1,0,-1,4,7,3,-1,0,1,0,0,0,0,2,1,-1,6,1,38,7,-1,-1,-1,-1,7,-1,0,1
2024430467195,2024,430467195,2,9,0,18,19,4,8,0,0,8,0,0,0,0,1,1,6,6,1,46,8,-1,-1,-1,-1,10,E01017936,0,2
2024421408699,2024,421408699,1,9,0,-1,19,3,7,-1,0,0,5,4,0,0,1,1,-1,6,1,50,8,-1,-1,-1,-1,5,E01022009,0,1
2024522402737,2024,522402737,1,-1,0,18,19,1,5,0,0,8,0,0,0,0,4,1,6,6,1,27,6,-1,-1,-1,-1,9,E01014559,1,1
2024520403345,2024,520403345,2,90,0,18,19,3,7,5,5,0,0,0,0,0,1,1,6,6,1,17,4,-1,-1,-1,-1,4,E01029298,0,1
2024451514420,2024,451514420,3,9,0,-1,3,3,7,-1,0,1,0,99,0,0,2,1,-1,6,2,35,6,-1,-1,-1,-1,10,E01030623,0,1
2024451455890,2024,451455890,2,9,0,-1,19,1,5,-1,0,4,0,0,0,0,0,9,-1,6,3,45,7,-1,-1,-1,-1,-1,-1,0,-1
2024010525123,2024,010525123,2,19,0,99,99,9,9,99,99,9,9,99,9,99,9,9,6,6,3,-1,-1,-1,-1,-1,-1,-1,-1,0,-1
2024010488361,2024,010488361,2,9,0,18,19,5,1,0,0,1,0,0,0,0,1,1,2,2,2,52,8,-1,-1,-1,-1,2,E01004722,0,1
2024122400762,2024,122400762,1,5,0,16,19,3,7,0,0,0,0,0,0,0,1,1,6,6,1,51,8,-1,-1,-1,-1,10,E01012201,0,4
2024430156816,2024,430156816,1,9,0,10,10,3,1,0,0,1,0,0,0,0,2,1,6,6,1,60,9,-1,-1,-1,-1,8,E01017814,0,1
2024052401865,2024,052401865,2,9,0,18,19,3,7,0,0,3,0,0,0,0,0,1,2,2,1,51,8,-1,-1,-1,-1,1,E01007228,0,4
2024131423986,2024,131423986,1,1,0,-1,9,2,1,-1,0,5,0,4,0,0,3,1,-1,6,1,13,3,-1,-1,-1,-1,2,E01011754,0,1
2024440312905,2024,440312905,1,1,0,18,19,7,3,0,0,8,0,0,0,0,4,1,6,6,1,74,10,-1,-1,-1,-1,6,E01022735,0,1
2024411476152,2024,411476152,2,1,0,-1,19,6,2,-1,0,8,0,0,0,0,4,1,-1,6,1,9,2,-1,-1,-1,-1,3,E01023613,0,1
2024010543429,2024,010543429,2,1,0,15,15,5,1,0,0,8,0,0,1,0,1,1,6,6,1,62,9,-1,-1,-1,-1,3,E01001744,0,1
2024501472272,2024,501472272,2,1,0,-1,19,2,6,-1,0,0,0,0,1,0,3,1,-1,1,1,27,6,-1,-1,-1,-1,2,E01020014,0,1
2024010487826,2024,010487826,1,8,0,99,99,9,9,99,99,0,9,99,9,99,2,9,6,6,1,38,7,-1,-1,-1,-1,8,E01000225,0,2
2024451401550,2024,451401550,1,98,0,-1,19,7,3,-1,0,0,0,0,0,0,1,1,-1,6,3,40,7,-1,-1,-1,-1,-1,-1,0,-1
2024010544423,2024,010544423,1,1,9,99,99,9,9,99,99,1,9,99,9,99,9,1,1,1,3,18,4,-1,-1,-1,-1,3,E01023538,0,3
2024401477381,2024,401477381,2,1,0,-1,19,6,2,-1,5,0,0,0,0,0,3,1,-1,6,1,49,8,-1,-1,-1,-1,7,E01034424,0,1
2024430621900,2024,430621900,3,9,0,10,10,1,5,0,0,1,0,0,0,0,0,1,6,6,1,40,7,-1,-1,-1,-1,-1,-1,0,-1
2024010489374,2024,010489374,1,19,0,18,19,7,3,0,0,0,0,0,0,0,1,1,6,6,3,-1,-1,-1,-1,-1,-1,-1,-1,0,-1
2024430160698,2024,430160698,1,9,0,18,19,7,2,0,0,3,0,0,0,0,1,1,6,6,1,49,8,-1,-1,-1,-1,-1,-1,0,-1
2024131401832,2024,131401832,1,9,0,-1,-1,-1,-1,-1,-1,8,-1,-1,-1,0,-1,1,-1,6,3,-1,-1,-1,-1,-1,-1,-1,-1,0,-1
2024101424157,2024,101424157,1,9,0,-1,19,4,8,-1,0,8,0,0,0,0,1,1,-1,6,1,-1,-1,-1,-1,-1,-1,-1,-1,0,-1
2024010494998,2024,010494998,1,9,0,99,99,9,9,99,99,0,9,99,9,99,2,1,6,6,2,24,5,-1,-1,-1,-1,6,E01000264,0,1
2024631502995,2024,631502995,2,9,0,-1,19,2,6,-1,0,0,0,0,0,0,1,1,-1,9,1,56,9,-1,-1,-1,-1,8,W01000445,0,3
2024010488215,2024,010488215,1,9,0,9,9,3,1,0,0,1,0,0,0,0,3,1,6,6,1,19,4,-1,-1,-1,-1,3,E01001791,0,1
2024010496859,2024,010496859,2,19,0,99,99,9,9,99,99,9,9,99,9,99,9,9,6,6,1,28,6,-1,-1,-1,-1,2,E01000096,0,3
2024010514730,2024,010514730,2,1,0,4,4,7,3,0,0,0,5,0,0,0,2,1,3,7,1,14,3,-1,-1,-1,-1,3,E01002725,0,1
2024010530569,2024,010530569,2,1,0,18,19,3,7,0,0,1,5,0,0,0,1,1,1,1,1,24,5,-1,-1,-1,-1,3,E01002702,0,1
2024221525460,2024,221525460,2,1,0,-1,10,8,6,-1,0,1,0,0,0,0,1,1,-1,9,1,29,6,-1,-1,-1,-1,7,E01029012,0,1
2024010519102,2024,010519102,2,1,0,18,19,1,5,0,0,2,0,0,0,0,1,1,6,6,1,46,8,-1,-1,-1,-1,4,E01000929,0,1
2024010513732,2024,010513732,1,9,0,-1,-1,7,3,0,0,0,0,0,0,0,4,1,6,6,3,-1,-1,-1,-1,-1,-1,-1,-1,0,-1
2024010492573,2024,010492573,1,9,0,5,5,4,8,0,0,3,0,0,0,0,2,1,6,6,2,24,5,-1,-1,-1,-1,2,E01001128,0,1
2024520400998,2024,520400998,2,19,0,99,99,9,9,0,0,8,0,0,0,0,9,1,6,6,3,-1,-1,-1,-1,-1,-1,-1,-1,0,-1
2024141473717,2024,141473717,2,19,0,-1,2,0,0,-1,9,0,0,0,0,0,4,9,-1,6,-1,-1,-1,-1,-1,-1,-1,-1,-1,0,-1
2024201461124,2024,201461124,2,9,0,-1,19,3,7,-1,0,0,0,0,0,0,1,1,-1,6,-1,-1,-1,-1,-1,-1,-1,-1,-1,0,-1
2024071025047,2024,071025047,1,3,0,-1,19,5,8,-1,0,0,9,0,0,0,1,1,-1,6,1,-1,-1,-1,-1,-1,-1,-1,-1,0,-1
2024010494592,2024,010494592,1,3,0,18,19,1,5,0,0,8,5,0,0,0,2,1,1,1,1,18,4,-1,-1,-1,-1,7,E01033023,0,4
2024061419954,2024,061419954,2,18,-1,-1,19,3,8,-1,1,8,0,0,0,0,1,1,-1,1,1,41,7,-1,-1,-1,-1,6,E01004800,0,4
2024520402649,2024,520402649,3,19,0,3,3,2,6,0,0,0,0,0,0,0,2,1,6,6,1,83,11,-1,-1,-1,-1,7,E01020064,0,3
2024311477491,2024,311477491,2,1,0,-1,5,3,7,-1,0,6,0,0,0,0,1,1,-1,2,2,50,8,-1,-1,-1,-1,9,E01028421,0,1
2024201429129,2024,201429129,1,9,0,-1,13,6,2,-1,0,8,0,0,0,0,1,9,-1,6,3,-1,-1,-1,-1,-1,-1,-1,-1,0,-1
2024311517608,2024,311517608,1,97,0,-1,19,8,2,-1,0,4,5,0,0,0,0,1,-1,9,1,44,7,-1,-1,-1,-1,7,E01028240,0,4
2024461440198,2024,461440198,2,-1,0,-1,19,7,3,-1,0,0,0,0,0,0,1,9,-1,6,3,-1,-1,-1,-1,-1,-1,-1,-1,1,-1
2024161486088,2024,161486088,1,1,0,-1,19,7,3,-1,0,2,0,0,0,0,2,1,-1,9,2,40,7,-1,-1,-1,-1,1,E01012845,0,1
2024010550608,2024,010550608,1,9,0,18,19,5,1,0,0,8,5,0,0,0,3,1,6,6,1,18,4,-1,-1,-1,-1,6,E01000299,0,1
2024041483940,2024,041483940,2,90,0,-1,19,1,5,-1,0,1,0,0,0,0,1,1,-1,9,1,45,7,-1,-1,-1,-1,3,E01025087,0,1
2024201493911,2024,201493911,2,9,0,-1,19,2,6,-1,0,0,0,0,0,0,3,1,-1,6,3,-1,-1,-1,-1,-1,-1,-1,-1,0,-1
2024010541490,2024,010541490,2,9,0,18,19,7,3,0,0,8,0,0,1,11,3,2,6,6,1,25,5,-1,-1,-1,-1,4,E01003554,0,2
2024522402236,2024,522402236,2,9,0,18,19,3,7,0,0,0,0,0,0,0,1,1,6,6,3,-1,-1,-1,-1,-1,-1,-1,-1,0,-1
2024610020224,2024,610020224,1,90,0,18,19,-1,-1,9,9,0,0,0,0,0,1,1,6,6,3,-1,-1,-1,-1,-1,-1,-1,-1,0,-1
2024340WN5612,2024,340WN5612,1,1,0,-1,19,8,4,-1,0,0,0,0,0,0,3,1,-1,6,1,-1,-1,-1,-1,-1,-1,-1,-1,0,-1
2024481563668,2024,481563668,2,1,0,-1,19,5,1,-1,0,1,0,0,0,0,1,1,-1,2,1,33,6,-1,-1,-1,-1,-1,-1,0,-1
2024610043524,2024,610043524,1,1,0,18,19,1,5,0,0,0,0,0,0,0,1,1,2,2,1,36,7,-1,-1,-1,-1,7,W01001548,0,2
2024522401779,2024,522401779,2,9,0,5,5,5,1,0,0,1,0,0,0,0,1,1,6,6,3,-1,-1,-1,-1,-1,-1,-1,-1,0,-1
2024010520006,2024,010520006,1,1,9,99,99,9,9,99,99,9,9,99,9,99,9,1,2,2,2,32,6,-1,-1,-1,-1,10,E01030386,0,1
2024430343783,2024,430343783,2,1,0,18,19,8,4,4,4,1,0,0,0,0,1,1,6,6,1,46,8,-1,-1,-1,-1,6,E01035743,0,1
2024010525651,2024,010525651,1,9,0,9,9,4,1,0,0,1,0,0,3,0,1,1,6,6,2,25,5,-1,-1,-1,-1,4,E01004453,0,1
2024131427826,2024,131427826,1,9,0,-1,-1,-1,-1,-1,-1,-1,-1,-1,-1,-1,-1,1,-1,6,3,-1,-1,-1,-1,-1,-1,-1,-1,0,-1
2024201456548,2024,201456548,1,9,0,-1,19,1,5,-1,0,8,0,0,0,0,1,9,-1,9,1,43,7,-1,-1,-1,-1,1,E01009382,0,1
2024010488665,2024,010488665,3,9,0,2,2,0,0,0,0,0,0,4,0,0,2,1,6,6,3,-1,-1,-1,-1,-1,-1,-1,-1,0,-1
2024211534642,2024,211534642,1,9,0,-1,19,7,3,-1,0,0,0,11,0,0,1,1,-1,9,1,65,9,-1,-1,-1,-1,6,E01029667,0,1
2024430609037,2024,430609037,2,9,0,17,19,8,5,0,0,0,0,0,0,0,1,1,1,1,2,33,6,-1,-1,-1,-1,5,E01028477,0,3
2024141478517,2024,141478517,2,23,0,-1,13,2,6,-1,0,0,0,0,0,0,-1,1,-1,6,3,-1,-1,-1,-1,-1,-1,-1,-1,0,-1
2024440035056,2024,440035056,2,1,0,18,19,4,8,0,0,8,0,0,0,0,4,1,2,2,1,37,7,-1,-1,-1,-1,3,E01017246,0,1
2024141521683,2024,141521683,1,-1,0,-1,19,4,2,-1,0,6,5,0,0,0,3,1,-1,1,1,20,4,-1,-1,-1,-1,1,E01007547,1,1
2024061524210,2024,061524210,2,9,0,-1,3,8,4,-1,0,0,0,0,0,0,2,1,-1,6,2,68,10,-1,-1,-1,-1,4,E01005991,0,1
2024430028947,2024,430028947,3,10,0,3,3,6,2,0,0,0,0,0,0,0,2,1,1,1,1,50,8,-1,-1,-1,-1,-1,-1,0,-1
2024351435643,2024,351435643,2,1,0,-1,19,2,6,-1,0,8,0,0,0,0,1,1,-1,6,1,46,8,-1,-1,-1,-1,9,E01018307,0,1
2024010533286,2024,010533286,1,19,0,11,11,2,6,0,0,6,0,0,0,0,3,1,6,6,3,-1,-1,-1,-1,-1,-1,-1,-1,0,-1
2024991445785,2024,991445785,1,5,0,-1,13,7,3,-1,0,0,0,0,0,0,4,1,-1,9,2,41,7,-1,-1,-1,-1,7,-1,0,2
2024991486140,2024,991486140,2,21,1,-1,9,8,6,-1,0,8,0,0,0,0,3,1,-1,1,1,63,9,-1,-1,-1,-1,9,-1,0,4
2024010493022,2024,010493022,2,19,0,99,99,9,9,99,99,0,9,99,9,99,1,9,6,6,3,-1,-1,-1,-1,-1,-1,-1,-1,0,-1
2024010499776,2024,010499776,2,3,0,18,19,9,9,99,99,5,9,99,9,99,1,1,6,6,3,-1,-1,-1,-1,-1,-1,-1,-1,0,-1
2024361475622,2024,361475622,1,5,0,-1,19,5,1,-1,0,0,2,0,0,0,1,1,-1,6,1,48,8,-1,-1,-1,-1,4,E01026898,0,4
2024501412622,2024,501412622,2,1,0,-1,19,6,2,-1,0,8,0,0,0,0,1,1,-1,6,1,15,3,-1,-1,-1,-1,10,E01020004,0,1
2024351527708,2024,351527708,1,9,0,-1,19,5,1,-1,0,0,0,0,0,0,1,1,-1,9,2,58,9,-1,-1,-1,-1,3,E01015619,0,1
2024622400670,2024,622400670,2,1,0,18,19,8,4,0,0,8,0,0,0,0,1,1,6,6,1,32,6,-1,-1,-1,-1,1,W01001835,0,1
2024430371797,2024,430371797,2,9,0,11,11,2,6,0,0,0,0,0,0,0,4,1,6,6,2,-1,-1,-1,-1,-1,-1,-1,-1,0,-1
2024010491128,2024,010491128,1,9,0,5,5,0,7,0,0,2,0,0,0,0,3,1,6,6,1,23,5,-1,-1,-1,-1,-1,-1,0,-1
2024141525812,2024,141525812,2,1,0,-1,19,4,8,-1,0,1,5,0,0,0,4,1,-1,2,1,39,7,-1,-1,-1,-1,8,E01007868,0,1
2024451437567,2024,451437567,1,1,0,-1,19,7,3,-1,0,1,0,0,0,0,3,1,-1,2,1,44,7,-1,-1,-1,-1,10,E01030392,0,3
2024052401374,2024,052401374,1,9,0,5,5,2,6,0,0,1,0,0,0,0,1,1,6,6,3,-1,-1,-1,-1,-1,-1,-1,-1,0,-1
2024010491855,2024,010491855,1,1,9,99,99,9,9,99,99,9,9,99,9,99,9,1,2,2,2,31,6,-1,-1,-1,-1,4,E01003096,0,1