collision_index,collision_year,collision_ref_no,vehicle_reference,vehicle_type,towing_and_articulation,vehicle_manoeuvre_historic,vehicle_manoeuvre,vehicle_direction_from,vehicle_direction_to,vehicle_location_restricted_lane_historic,vehicle_location_restricted_lane,junction_location,skidding_and_overturning,hit_object_in_carriageway,vehicle_leaving_carriageway,hit_object_off_carriageway,first_point_of_impact,vehicle_left_hand_drive,journey_purpose_of_driver_historic,journey_purpose_of_driver,sex_of_driver,age_of_driver,age_band_of_driver,engine_capacity_cc,propulsion_code,age_of_vehicle,generic_make_model,driver_imd_decile,lsoa_of_driver,escooter_flag,driver_distance_banding
2024471456994,2024,471456994,1,-1,0,-1,19,1,5,-1,0,0,0,0,0,0,1,1,-1,6,1,-1,-1,-1,-1,-1,-1,-1,-1,1,-1
2024421505842,2024,421505842,1,9,0,-1,9,3,1,-1,0,0,0,0,1,0,1,1,-1,9,1,37,7,-1,-1,-1,-1,5,E01021494,0,1
2024010538694,2024,010538694,2,1,0,18,19,2,6,4,4,8,0,0,0,0,1,1,6,6,1,39,7,-1,-1,-1,-1,3,E01000925,0,1
2024061451084,2024,061451084,2,9,-1,-1,19,6,2,-1,0,1,0,0,0,0,1,9,-1,6,2,54,8,-1,-1,-1,-1,5,E01004936,0,1
2024010546795,2024,010546795,3,9,0,18,19,3,7,0,0,2,0,0,0,0,1,1,6,6,1,43,7,-1,-1,-1,-1,2,E01003483,0,2
2024430041896,2024,430041896,2,9,0,18,19,1,5,0,0,0,0,0,0,0,1,1,6,6,1,45,7,-1,-1,-1,-1,-1,-1,0,-1
2024421526383,2024,421526383,1,9,0,-1,19,4,8,-1,0,0,0,0,0,0,1,1,-1,2,1,25,5,-1,-1,-1,-1,4,E01021831,0,1
2024041517601,2024,041517601,1,97,0,-1,-1,-1,-1,-1,0,1,-1,-1,-1,0,-1,1,-1,6,3,-1,-1,-1,-1,-1,-1,-1,-1,0,-1
2024131444181,2024,131444181,1,9,0,-1,15,7,3,-1,0,8,0,0,0,0,-1,1,-1,6,3,-1,-1,-1,-1,-1,-1,-1,-1,0,-1
2024302401109,2024,302401109,2,9,0,18,19,1,5,0,0,0,0,0,0,0,0,1,6,6,3,-1,-1,-1,-1,-1,-1,5,E01019456,0,4
2024440208678,2024,440208678,1,4,0,18,19,6,2,0,0,1,0,0,0,0,1,1,6,6,1,26,6,-1,-1,-1,-1,9,E01023227,0,2
2024461505203,2024,461505203,1,98,4,-1,5,2,6,-1,0,4,0,0,0,0,1,2,-1,1,1,38,7,-1,-1,-1,-1,-1,-1,0,-1
2024622400256,2024,622400256,1,9,0,18,19,6,2,0,0,1,0,0,0,0,1,1,6,6,1,22,5,-1,-1,-1,-1,5,W01000630,0,3
2024991521068,2024,991521068,1,9,0,-1,9,3,7,-1,0,8,0,0,0,0,0,1,-1,6,3,-1,-1,-1,-1,-1,-1,-1,-1,0,-1
2024010542496,2024,010542496,1,1,9,99,99,9,9,99,99,9,9,99,9,99,9,1,2,2,1,16,4,-1,-1,-1,-1,5,E01035487,0,1
2024430470080,2024,430470080,2,9,0,18,19,3,7,0,0,8,0,0,0,0,1,1,2,2,1,38,7,-1,-1,-1,-1,7,E01022491,0,4
2024010547211,2024,010547211,1,1,9,99,99,9,9,99,99,1,9,99,9,99,1,1,2,2,1,43,7,-1,-1,-1,-1,9,E01001030,0,3
2024031480292,2024,031480292,2,22,0,-1,19,8,4,-1,9,0,0,0,0,0,1,1,-1,6,1,66,10,-1,-1,-1,-1,2,E01019115,0,1
2024211408875,2024,211408875,2,9,0,-1,19,8,4,-1,0,0,0,0,0,0,2,9,-1,1,1,52,8,-1,-1,-1,-1,7,E01018708,0,4
2024201531202,2024,201531202,2,9,0,-1,1,3,7,-1,0,0,0,0,0,0,2,9,-1,6,1,21,5,-1,-1,-1,-1,4,E01009035,0,2
2024332400806,2024,332400806,1,1,0,-1,19,4,8,-1,0,8,0,0,0,0,1,1,-1,2,1,61,9,-1,-1,-1,-1,10,E01033103,0,1
2024061469456,2024,061469456,2,19,4,-1,13,-1,-1,-1,0,0,0,0,0,0,9,1,-1,6,3,-1,-1,-1,-1,-1,-1,-1,-1,0,-1
2024340WN4972,2024,340WN4972,2,9,0,-1,19,3,7,-1,0,0,0,0,0,0,0,1,-1,6,3,-1,-1,-1,-1,-1,-1,-1,-1,0,-1
2024411535962,2024,411535962,2,1,0,-1,19,7,3,-1,0,2,0,0,0,0,3,1,-1,6,1,13,3,-1,-1,-1,-1,5,E01023661,0,1
2024430134998,2024,430134998,2,9,0,3,3,2,6,0,0,0,0,0,0,0,2,1,6,6,1,23,5,-1,-1,-1,-1,-1,-1,0,-1
2024991464627,2024,991464627,1,9,0,-1,19,6,2,-1,0,6,0,0,0,0,1,1,-1,9,1,21,5,-1,-1,-1,-1,9,-1,0,3
2024010528406,2024,010528406,1,1,0,18,19,1,5,0,0,0,1,0,0,0,2,1,2,2,1,23,5,-1,-1,-1,-1,4,E01000239,0,1
2024991506284,2024,991506284,2,1,0,-1,10,4,6,-1,0,1,0,0,0,0,1,1,-1,9,1,49,8,-1,-1,-1,-1,9,-1,0,5
2024991524042,2024,991524042,2,9,0,-1,19,3,7,-1,0,1,0,0,0,0,1,1,-1,6,2,46,8,-1,-1,-1,-1,9,-1,0,3
2024311448935,2024,311448935,1,9,0,-1,19,6,2,-1,0,0,0,0,0,0,4,9,-1,6,3,-1,-1,-1,-1,-1,-1,-1,-1,0,-1
2024052402651,2024,052402651,2,3,0,18,19,4,8,0,0,0,0,0,0,0,1,1,6,6,1,17,4,-1,-1,-1,-1,1,E01007257,0,1
2024302400195,2024,302400195,2,9,0,18,19,4,8,0,0,0,0,0,0,0,3,1,6,6,2,50,8,-1,-1,-1,-1,7,E01019617,0,1
2024471428439,2024,471428439,2,9,0,-1,19,7,3,-1,0,0,0,0,0,0,4,1,-1,9,1,79,11,-1,-1,-1,-1,10,E01021219,0,3
2024010515176,2024,010515176,1,1,9,99,99,9,9,99,99,9,9,99,9,99,9,1,2,2,1,50,8,-1,-1,-1,-1,10,E01021746,0,2
2024052400426,2024,052400426,1,-1,0,18,19,1,5,0,0,1,0,0,0,0,0,1,6,6,2,10,2,-1,-1,-1,-1,1,E01006448,1,1
2024111515040,2024,111515040,1,1,0,-1,19,1,5,-1,5,0,2,0,0,0,4,1,-1,7,1,28,6,-1,-1,-1,-1,1,E01020724,0,1
2024421422010,2024,421422010,1,9,0,-1,-1,-1,-1,-1,-1,0,-1,-1,-1,0,-1,9,-1,6,3,-1,-1,-1,-1,-1,-1,-1,-1,0,-1
2024311510624,2024,311510624,2,9,0,-1,4,8,4,-1,0,0,0,0,0,0,1,1,-1,2,1,61,9,-1,-1,-1,-1,1,E01019663,0,2
2024501527853,2024,501527853,1,1,0,-1,4,6,2,-1,0,1,5,0,0,0,1,1,-1,2,2,36,7,-1,-1,-1,-1,7,E01018823,0,1
2024010543400,2024,010543400,2,9,0,-1,-1,1,5,0,0,0,0,0,0,0,1,1,6,6,3,-1,-1,-1,-1,-1,-1,-1,-1,0,-1
2024161479860,2024,161479860,2,1,0,-1,19,2,6,-1,0,1,0,0,0,0,1,1,-1,9,2,65,9,-1,-1,-1,-1,6,E01013163,0,1
2024052400196,2024,052400196,2,1,0,18,19,3,7,0,0,8,0,0,0,0,1,1,6,6,1,15,3,-1,-1,-1,-1,1,E01006447,0,1
2024010538352,2024,010538352,4,9,0,4,4,1,5,0,0,1,0,0,0,0,2,1,6,6,1,18,4,-1,-1,-1,-1,2,E01002073,0,1
2024201530017,2024,201530017,2,9,0,-1,19,8,4,-1,0,6,0,0,0,0,1,9,-1,6,3,30,6,-1,-1,-1,-1,-1,-1,0,-1
2024010529369,2024,010529369,1,1,9,99,99,9,9,99,99,9,9,99,9,99,9,1,6,6,1,33,6,-1,-1,-1,-1,5,E01003116,0,1
2024430431161,2024,430431161,2,1,0,7,7,8,2,0,0,5,0,0,0,0,2,1,6,6,1,46,8,-1,-1,-1,-1,3,E01016486,0,1
2024010531555,2024,010531555,2,1,9,99,99,9,9,99,99,0,9,99,9,99,9,1,6,6,1,39,7,-1,-1,-1,-1,5,E01002759,0,3
2024101478403,2024,101478403,3,9,0,-1,-1,-1,-1,-1,-1,-1,-1,-1,-1,0,-1,9,-1,6,1,-1,-1,-1,-1,-1,-1,-1,-1,0,-1
2024010547393,2024,010547393,2,9,0,7,7,3,6,0,0,1,0,0,0,0,1,1,6,6,1,23,5,-1,-1,-1,-1,7,E01015457,0,5
2024430006738,2024,430006738,2,9,0,18,19,7,3,0,0,8,0,0,0,0,0,1,6,6,1,-1,-1,-1,-1,-1,-1,-1,-1,0,-1
2024010498241,2024,010498241,2,9,0,99,99,9,9,99,99,9,9,99,9,99,1,9,6,6,3,-1,-1,-1,-1,-1,-1,-1,-1,0,-1
2024010492915,2024,010492915,2,9,9,99,99,9,9,99,99,9,9,99,9,99,9,9,6,6,3,-1,-1,-1,-1,-1,-1,-1,-1,0,-1
2024131430692,2024,131430692,1,9,0,-1,19,3,7,-1,0,0,0,0,0,0,1,1,-1,1,1,53,8,-1,-1,-1,-1,9,E01007670,0,4
2024010491551,2024,010491551,1,9,0,5,5,3,7,0,0,0,0,0,0,0,4,1,6,6,1,76,11,-1,-1,-1,-1,-1,-1,0,-1
2024320523937,2024,320523937,1,9,0,-1,-1,6,2,0,0,0,0,0,0,0,1,1,6,6,3,-1,-1,-1,-1,-1,-1,-1,-1,0,-1
2024520401344,2024,520401344,2,9,0,9,9,7,5,0,0,8,0,0,0,0,1,1,6,6,2,65,9,-1,-1,-1,-1,7,E01029245,0,1
2024031495915,2024,031495915,1,9,0,-1,5,0,0,-1,-1,0,0,0,0,0,-1,1,-1,6,3,-1,-1,-1,-1,-1,-1,-1,-1,0,-1
2024522402113,2024,522402113,1,1,0,18,19,1,5,0,0,8,1,0,0,0,3,1,2,2,1,34,6,-1,-1,-1,-1,9,E01014908,0,1
2024522401523,2024,522401523,2,1,0,18,19,8,4,0,0,8,0,0,0,0,1,1,6,6,2,35,6,-1,-1,-1,-1,7,E01014562,0,1
2024631448299,2024,631448299,2,1,0,-1,19,2,6,-1,0,0,0,0,0,0,1,1,-1,6,1,11,3,-1,-1,-1,-1,5,W01000513,0,1
2024010496773,2024,010496773,2,1,0,18,19,7,3,0,0,1,0,0,0,0,2,1,2,2,1,57,9,-1,-1,-1,-1,1,E01021988,0,5
2024131479716,2024,131479716,1,1,0,-1,19,5,1,-1,0,1,0,0,0,0,1,1,-1,6,1,44,7,-1,-1,-1,-1,1,E01011626,0,1
2024451471998,2024,451471998,1,1,0,-1,4,7,3,-1,0,0,2,0,0,0,3,1,-1,9,1,52,8,-1,-1,-1,-1,10,E01030443,0,2
2024520402163,2024,520402163,2,9,0,18,19,2,6,0,0,0,0,0,0,0,1,1,6,6,1,37,7,-1,-1,-1,-1,-1,-1,0,-1
2024070136493,2024,070136493,1,21,0,18,19,7,3,0,0,1,1,0,1,0,1,1,6,6,1,-1,-1,-1,-1,-1,-1,-1,-1,0,-1
2024131528928,2024,131528928,1,9,0,-1,19,7,3,-1,0,0,0,0,0,0,1,1,-1,9,1,25,5,-1,-1,-1,-1,1,E01011791,0,2
2024421409526,2024,421409526,1,19,0,-1,19,7,3,-1,0,4,0,0,0,0,1,9,-1,6,1,-1,-1,-1,-1,-1,-1,-1,-1,0,-1
2024320316484,2024,320316484,1,9,0,-1,-1,8,2,0,0,0,0,0,0,0,0,1,6,6,3,-1,-1,-1,-1,-1,-1,-1,-1,0,-1
2024041405050,2024,041405050,1,98,0,-1,1,7,3,-1,0,1,0,0,0,0,2,2,-1,1,2,-1,-1,-1,-1,-1,-1,-1,-1,0,-1
2024070951741,2024,070951741,2,1,0,-1,19,2,4,-1,9,0,1,0,0,0,3,1,-1,9,1,12,3,-1,-1,-1,-1,2,E01012522,0,1
2024201518933,2024,201518933,3,9,0,-1,19,7,3,-1,0,0,0,0,8,0,1,9,-1,6,3,30,6,-1,-1,-1,-1,-1,-1,0,-1
2024010520122,2024,010520122,1,1,9,99,99,9,9,99,99,9,9,99,9,99,1,1,6,6,3,-1,-1,-1,-1,-1,-1,-1,-1,0,-1
2024010550251,2024,010550251,2,9,0,18,19,2,6,0,0,1,0,0,0,0,0,1,6,6,3,-1,-1,-1,-1,-1,-1,-1,-1,0,-1
2024991450467,2024,991450467,3,9,0,-1,19,7,3,-1,0,0,1,0,0,0,3,1,-1,9,1,79,11,-1,-1,-1,-1,10,-1,0,5
2024161432316,2024,161432316,2,9,0,-1,9,4,2,-1,0,6,0,0,0,0,3,1,-1,9,2,70,10,-1,-1,-1,-1,10,E01013093,0,1
2024520401241,2024,520401241,2,9,0,9,9,8,6,0,0,8,0,0,0,0,3,1,6,6,2,30,6,-1,-1,-1,-1,9,E01029076,0,1
2024461454262,2024,461454262,2,1,0,-1,19,7,3,-1,0,1,0,0,0,0,3,1,-1,6,2,37,7,-1,-1,-1,-1,1,E01001714,0,4
2024340WN3382,2024,340WN3382,2,9,0,-1,99,7,3,-1,0,8,0,0,0,0,4,1,-1,2,1,39,7,-1,-1,-1,-1,3,E01027184,0,1
2024401457132,2024,401457132,2,9,0,-1,1,4,7,-1,0,0,-1,4,-1,0,1,9,-1,6,1,-1,-1,-1,-1,-1,-1,-1,-1,0,-1
2024010492007,2024,010492007,2,9,0,99,99,9,9,99,99,9,9,99,9,99,9,9,6,6,3,-1,-1,-1,-1,-1,-1,-1,-1,0,-1
2024440493525,2024,440493525,1,9,0,18,19,8,4,0,0,3,0,0,0,0,1,1,6,6,2,34,6,-1,-1,-1,-1,2,E01017089,0,4
2024548980124,2024,548980124,1,5,0,17,19,3,7,0,0,0,2,0,1,0,3,1,6,6,1,45,7,-1,-1,-1,-1,8,E01031861,0,3
2024010521626,2024,010521626,2,1,0,18,19,7,3,0,0,1,0,0,1,0,1,1,1,1,1,20,4,-1,-1,-1,-1,3,E01000094,0,3
2024451492426,2024,451492426,2,9,0,-1,1,1,5,-1,0,2,0,0,0,0,2,9,-1,6,3,-1,-1,-1,-1,-1,-1,-1,-1,0,-1
2024471400162,2024,471400162,2,9,0,-1,19,7,3,-1,0,0,0,0,0,0,1,1,-1,6,1,49,8,-1,-1,-1,-1,6,E01016872,0,2
2024131471310,2024,131471310,1,19,0,-1,19,3,7,-1,0,0,0,0,0,0,1,1,-1,6,3,-1,-1,-1,-1,-1,-1,-1,-1,0,-1
2024991434552,2024,991434552,4,9,0,-1,2,7,3,-1,0,0,0,0,0,0,4,1,-1,6,-1,-1,-1,-1,-1,-1,-1,-1,-1,0,-1
2024070371237,2024,070371237,1,19,0,9,9,2,6,0,0,2,0,0,0,0,1,1,1,1,1,50,8,-1,-1,-1,-1,-1,-1,0,-1
2024010502821,2024,010502821,1,9,0,99,99,9,9,99,99,9,9,99,9,99,1,1,6,6,3,-1,-1,-1,-1,-1,-1,-1,-1,0,-1
2024201455932,2024,201455932,2,9,0,-1,5,1,5,-1,0,6,0,0,0,0,1,9,-1,6,-1,-1,-1,-1,-1,-1,-1,-1,-1,0,-1
2024421421779,2024,421421779,1,9,0,-1,19,3,7,-1,0,0,5,0,0,0,1,1,-1,9,1,33,6,-1,-1,-1,-1,4,E01023358,0,4
2024461444533,2024,461444533,2,9,0,-1,19,4,8,-1,0,1,0,0,0,0,1,1,-1,9,1,61,9,-1,-1,-1,-1,2,E01016039,0,1
2024411492454,2024,411492454,1,9,0,-1,19,2,6,-1,0,0,0,0,0,0,1,1,-1,9,2,67,10,-1,-1,-1,-1,8,E01023831,0,1
2024161448218,2024,161448218,1,9,0,-1,19,6,2,-1,0,0,0,4,0,0,1,1,-1,6,1,23,5,-1,-1,-1,-1,1,E01012836,0,1
2024421538145,2024,421538145,2,1,0,-1,19,3,7,-1,0,4,0,0,0,0,4,1,-1,6,1,43,7,-1,-1,-1,-1,3,E01015988,0,2
2024451405978,2024,451405978,3,9,0,-1,19,8,4,-1,0,1,0,0,0,0,1,9,-1,6,3,45,7,-1,-1,-1,-1,-1,-1,0,-1
2024131460955,2024,131460955,1,9,0,-1,-1,-1,-1,-1,-1,0,-1,-1,-1,-1,-1,1,-1,6,3,-1,-1,-1,-1,-1,-1,-1,-1,0,-1
2024211410775,2024,211410775,3,9,0,-1,19,7,4,-1,0,0,1,10,0,0,1,1,-1,6,2,68,10,-1,-1,-1,-1,4,E01029594,0,1
2024010518870,2024,010518870,2,9,0,9,9,7,5,0,0,2,0,0,0,0,1,1,1,1,1,50,8,-1,-1,-1,-1,9,E01002865,0,1
2024131443890,2024,131443890,1,9,0,-1,19,7,3,-1,0,1,0,0,1,2,1,1,-1,9,1,31,6,-1,-1,-1,-1,10,E01011376,0,2
2024010526945,2024,010526945,1,1,0,3,3,7,3,0,0,1,0,0,0,0,1,1,6,6,2,80,11,-1,-1,-1,-1,8,E01004160,0,1
2024501432763,2024,501432763,2,1,0,-1,19,1,5,-1,0,8,0,0,0,0,1,1,-1,9,1,30,6,-1,-1,-1,-1,5,E01020030,0,1
2024440240946,2024,440240946,1,1,0,18,19,6,2,0,0,0,1,0,0,0,1,1,6,6,1,41,7,-1,-1,-1,-1,8,E01015314,0,4
2024351580648,2024,351580648,1,9,0,-1,19,5,1,-1,0,0,1,0,7,0,1,1,-1,6,1,43,7,-1,-1,-1,-1,6,E01030112,0,4
2024010504835,2024,010504835,1,9,0,6,6,1,1,0,0,1,0,0,0,0,1,1,6,6,2,34,6,-1,-1,-1,-1,2,E01000789,0,3
2024481507967,2024,481507967,2,9,0,-1,7,3,5,-1,0,8,0,0,0,0,4,1,-1,6,1,40,7,-1,-1,-1,-1,-1,-1,0,-1
2024161410632,2024,161410632,2,9,0,-1,19,3,7,-1,0,0,0,0,0,0,1,9,-1,6,3,-1,-1,-1,-1,-1,-1,-1,-1,0,-1
2024201490997,2024,201490997,2,9,0,-1,5,3,7,-1,0,1,0,0,0,0,1,1,-1,1,1,32,6,-1,-1,-1,-1,2,E01010407,0,4
2024430593159,2024,430593159,1,9,0,18,19,5,1,0,0,8,0,0,1,11,1,1,1,1,1,26,6,-1,-1,-1,-1,-1,-1,0,-1
2024010505968,2024,010505968,2,1,9,99,99,9,9,99,99,9,9,99,9,99,1,1,6,6,1,-1,-1,-1,-1,-1,-1,6,E01004621,0,2
2024451467091,2024,451467091,1,1,0,-1,19,2,6,-1,0,0,5,11,0,0,3,1,-1,9,1,58,9,-1,-1,-1,-1,8,E01002949,0,2
2024010495387,2024,010495387,1,9,0,99,99,9,9,99,99,9,9,99,9,99,2,9,2,2,1,41,7,-1,-1,-1,-1,3,E01000032,0,3
2024010488500,2024,010488500,1,9,0,18,19,2,6,0,0,0,0,4,1,0,1,1,6,6,3,-1,-1,-1,-1,-1,-1,-1,-1,0,-1
2024041433183,2024,041433183,2,9,0,-1,19,8,3,-1,9,0,0,0,1,0,1,1,-1,9,2,76,11,-1,-1,-1,-1,10,E01007079,0,2
2024010494295,2024,010494295,1,3,0,99,99,9,9,99,99,9,9,99,9,99,9,1,1,1,1,36,7,-1,-1,-1,-1,5,E01030984,0,4
2024430101521,2024,430101521,1,9,0,4,4,4,8,0,0,1,0,0,0,0,2,1,2,2,2,52,8,-1,-1,-1,-1,10,E01017697,0,1
2024991484005,2024,991484005,1,9,0,-1,7,8,1,-1,0,6,0,0,0,0,3,1,-1,6,2,30,6,-1,-1,-1,-1,-1,-1,0,-1
202417H100224,2024,17H100224,3,9,0,2,2,0,0,0,0,2,0,0,0,0,2,1,6,6,2,-1,-1,-1,-1,-1,-1,3,E01011986,0,1
2024010547343,2024,010547343,2,9,0,99,99,9,9,0,0,8,0,99,9,0,9,1,6,6,3,-1,-1,-1,-1,-1,-1,-1,-1,0,-1
2024440007705,2024,440007705,2,-1,0,18,19,5,1,0,0,4,0,0,0,0,1,1,6,6,2,37,7,-1,-1,-1,-1,4,E01035447,1,1
2024010495088,2024,010495088,2,9,0,1,1,1,5,0,0,2,0,0,0,0,1,1,6,6,3,-1,-1,-1,-1,-1,-1,-1,-1,0,-1
2024010545692,2024,010545692,1,9,9,9,9,3,1,99,99,6,9,99,9,99,1,9,6,6,3,-1,-1,-1,-1,-1,-1,-1,-1,0,-1
2024010525565,2024,010525565,1,9,0,99,99,9,9,99,99,9,9,99,9,99,9,9,6,6,3,-1,-1,-1,-1,-1,-1,-1,-1,0,-1
2024010497102,2024,010497102,2,9,0,18,19,1,5,0,0,1,0,11,0,0,4,1,6,6,1,22,5,-1,-1,-1,-1,8,E01001069,0,4
2024201436888,2024,201436888,1,99,0,-1,19,2,6,-1,0,0,0,0,0,0,4,9,-1,1,1,63,9,-1,-1,-1,-1,-1,-1,0,-1
2024131415415,2024,131415415,1,9,0,-1,-1,-1,-1,-1,-1,-1,-1,-1,-1,-1,-1,1,-1,6,3,-1,-1,-1,-1,-1,-1,-1,-1,0,-1
2024041471805,2024,041471805,1,9,0,-1,5,7,3,-1,0,0,0,0,0,0,1,1,-1,9,1,54,8,-1,-1,-1,-1,4,E01025282,0,1
2024351434650,2024,351434650,1,9,-1,-1,-1,-1,-1,-1,-1,-1,-1,-1,-1,0,-1,9,-1,6,3,-1,-1,-1,-1,-1,-1,-1,-1,0,-1
2024461407527,2024,461407527,1,19,0,-1,12,3,7,-1,0,0,0,0,0,0,3,9,-1,6,3,-1,-1,-1,-1,-1,-1,-1,-1,0,-1
2024010517450,2024,010517450,1,1,9,99,99,9,9,99,99,9,9,99,9,99,9,1,2,2,2,33,6,-1,-1,-1,-1,4,E01003793,0,1
2024010520347,2024,010520347,2,9,0,99,99,9,9,99,99,0,9,99,9,99,2,9,6,6,3,-1,-1,-1,-1,-1,-1,-1,-1,0,-1
2024070935906,2024,070935906,2,1,9,-1,19,3,7,-1,9,0,0,0,0,0,9,1,-1,9,1,77,11,-1,-1,-1,-1,2,E01006439,0,3
2024411407514,2024,411407514,1,9,-1,-1,19,4,8,-1,0,0,0,0,0,0,3,9,-1,6,3,-1,-1,-1,-1,-1,-1,-1,-1,0,-1
2024451435275,2024,451435275,1,90,0,-1,19,1,5,-1,0,0,0,0,0,0,1,1,-1,1,1,31,6,-1,-1,-1,-1,10,E01003442,0,3
2024501521371,2024,501521371,1,9,0,-1,13,1,5,-1,0,0,1,0,1,10,3,1,-1,6,1,54,8,-1,-1,-1,-1,8,E01015097,0,4
202417H104024,2024,17H104024,2,1,0,-1,19,1,5,-1,0,6,0,0,0,0,1,1,-1,9,1,11,3,-1,-1,-1,-1,-1,-1,0,-1
2024131396093,2024,131396093,1,9,0,-1,19,4,8,-1,0,0,0,0,0,0,1,1,-1,6,1,-1,-1,-1,-1,-1,-1,-1,-1,0,-1
2024991404555,2024,991404555,1,9,0,-1,19,3,7,-1,0,0,2,0,8,0,3,1,-1,9,1,75,10,-1,-1,-1,-1,9,-1,0,5
2024141526361,2024,141526361,2,9,0,-1,7,1,7,-1,0,3,0,0,2,0,1,1,-1,2,1,19,4,-1,-1,-1,-1,2,E01007333,0,2
2024061473348,2024,061473348,1,1,0,-1,19,1,5,-1,4,5,2,0,1,0,1,1,-1,1,1,16,4,-1,-1,-1,-1,2,E01005178,0,1
2024201496660,2024,201496660,2,9,0,-1,3,5,1,-1,0,2,0,0,0,0,2,1,-1,2,1,27,6,-1,-1,-1,-1,-1,-1,0,-1
2024010541187,2024,010541187,3,1,0,18,19,4,8,0,0,0,2,0,1,0,3,1,2,2,1,31,6,-1,-1,-1,-1,5,E01000606,0,2
2024411524644,2024,411524644,4,9,0,-1,19,7,3,-1,0,0,0,0,0,0,1,9,-1,6,3,25,5,-1,-1,-1,-1,-1,-1,0,-1
2024440549341,2024,440549341,1,9,0,9,9,8,4,0,0,6,0,0,0,0,1,1,6,6,2,39,7,-1,-1,-1,-1,10,E01022891,0,2
2024221462195,2024,221462195,2,9,0,-1,4,1,5,-1,0,1,0,0,0,0,2,1,-1,6,1,40,7,-1,-1,-1,-1,5,E01014025,0,1
2024430127187,2024,430127187,2,9,0,18,19,3,7,0,0,1,0,0,0,0,1,1,6,6,2,61,9,-1,-1,-1,-1,10,E01017881,0,1
2024411441201,2024,411441201,2,1,0,-1,19,5,1,-1,0,0,0,0,0,0,3,1,-1,1,1,60,9,-1,-1,-1,-1,5,E01023369,0,2
2024010521829,2024,010521829,1,1,9,99,99,9,9,99,99,9,9,99,9,99,9,1,2,2,1,60,9,-1,-1,-1,-1,10,E01003881,0,2
2024522402635,2024,522402635,1,1,0,18,19,6,2,4,4,0,0,8,0,0,1,1,6,6,1,31,6,-1,-1,-1,-1,2,E01014489,0,1
2024061422805,2024,061422805,1,9,0,-1,-1,-1,-1,-1,-1,-1,-1,-1,-1,0,-1,2,-1,6,3,-1,-1,-1,-1,-1,-1,-1,-1,0,-1
2024311512501,2024,311512501,1,11,0,-1,19,2,6,-1,0,0,0,0,0,0,0,1,-1,1,1,-1,-1,-1,-1,-1,-1,-1,-1,0,-1
2024440376739,2024,440376739,1,9,0,18,19,3,7,0,0,1,1,0,0,0,1,1,6,6,1,70,10,-1,-1,-1,-1,8,E01022710,0,1
2024061446273,2024,061446273,2,1,-1,-1,19,5,1,-1,0,1,-1,0,0,0,3,1,-1,6,1,43,7,-1,-1,-1,-1,9,E01006086,0,1
2024010546650,2024,010546650,2,1,0,3,3,3,7,0,0,2,0,0,0,0,4,1,1,1,2,25,5,-1,-1,-1,-1,3,E01034387,0,1
2024010529034,2024,010529034,1,9,0,99,99,9,9,99,99,9,9,99,9,99,1,9,6,6,3,-1,-1,-1,-1,-1,-1,-1,-1,0,-1
2024302400066,2024,302400066,2,1,0,17,19,2,6,0,0,8,0,0,0,0,2,1,2,2,1,53,8,-1,-1,-1,-1,5,E01034647,0,1
2024010532868,2024,010532868,1,9,0,99,99,9,9,99,99,9,9,99,9,99,1,9,6,6,3,49,8,-1,-1,-1,-1,4,E01004028,0,1
2024552401210,2024,552401210,3,21,1,18,19,5,1,0,0,0,0,0,0,0,0,1,1,1,3,-1,-1,-1,-1,-1,-1,-1,-1,0,-1
2024411463886,2024,411463886,1,9,0,-1,4,3,5,-1,0,8,0,0,0,0,1,1,-1,1,2,27,6,-1,-1,-1,-1,10,E01023851,0,2
2024010551110,2024,010551110,1,11,9,99,99,9,9,99,99,9,9,99,9,99,9,1,6,6,3,-1,-1,-1,-1,-1,-1,-1,-1,0,-1
2024430084334,2024,430084334,2,1,0,7,7,3,5,0,0,8,0,0,0,0,2,1,1,1,1,18,4,-1,-1,-1,-1,10,E01035755,0,2
2024010493793,2024,010493793,1,-1,9,99,99,9,9,99,99,9,9,99,0,0,9,9,6,6,3,-1,-1,-1,-1,-1,-1,-1,-1,1,-1
2024010511842,2024,010511842,2,1,0,7,7,7,1,0,0,6,5,0,0,0,1,1,6,6,1,26,6,-1,-1,-1,-1,6,E01035491,0,2
2024010529273,2024,010529273,1,1,9,99,99,9,9,99,99,1,9,99,9,99,1,1,2,2,1,48,8,-1,-1,-1,-1,5,E01003034,0,1
2024010523525,2024,010523525,1,19,0,99,99,9,9,99,99,5,9,99,9,99,9,9,6,6,3,-1,-1,-1,-1,-1,-1,-1,-1,0,-1
2024010503657,2024,010503657,2,1,0,5,5,5,1,0,0,1,0,0,1,0,4,1,6,6,1,35,6,-1,-1,-1,-1,9,E01004692,0,1
2024430302634,2024,430302634,1,1,0,18,19,5,1,0,0,8,0,0,0,0,1,1,6,6,2,16,4,-1,-1,-1,-1,7,E01016331,0,1
2024221451839,2024,221451839,1,9,0,-1,19,7,3,-1,0,0,0,0,0,0,1,9,-1,6,1,24,5,-1,-1,-1,-1,4,E01029638,0,4
2024320091134,2024,320091134,1,9,0,9,9,4,1,0,0,5,0,0,0,0,1,1,6,6,1,-1,-1,-1,-1,-1,-1,-1,-1,0,-1
2024421521243,2024,421521243,1,3,0,-1,13,1,5,-1,0,0,0,0,1,0,1,1,-1,6,3,-1,-1,-1,-1,-1,-1,-1,-1,0,-1
2024010490836,2024,010490836,1,3,9,18,19,5,1,0,0,0,9,0,0,0,2,1,1,1,1,30,6,-1,-1,-1,-1,5,E01003685,0,3
2024131432547,2024,131432547,1,9,0,-1,19,3,7,-1,0,0,-1,-1,-1,-1,1,1,-1,6,3,-1,-1,-1,-1,-1,-1,-1,-1,0,-1
2024991418923,2024,991418923,1,9,0,-1,15,5,1,-1,0,1,0,0,0,0,1,1,-1,6,1,32,6,-1,-1,-1,-1,6,-1,0,2
2024501437161,2024,501437161,1,9,0,-1,19,1,5,-1,0,0,0,11,0,0,1,1,-1,6,2,78,11,-1,-1,-1,-1,7,E01020317,0,1
2024052402863,2024,052402863,1,23,0,18,19,1,2,0,0,0,1,0,0,0,0,1,6,6,1,15,3,-1,-1,-1,-1,1,E01006661,0,1