collision_index,collision_year,collision_ref_no,vehicle_reference,vehicle_type,towing_and_articulation,vehicle_manoeuvre_historic,vehicle_manoeuvre,vehicle_direction_from,vehicle_direction_to,vehicle_location_restricted_lane_historic,vehicle_location_restricted_lane,junction_location,skidding_and_overturning,hit_object_in_carriageway,vehicle_leaving_carriageway,hit_object_off_carriageway,first_point_of_impact,vehicle_left_hand_drive,journey_purpose_of_driver_historic,journey_purpose_of_driver,sex_of_driver,age_of_driver,age_band_of_driver,engine_capacity_cc,propulsion_code,age_of_vehicle,generic_make_model,driver_imd_decile,lsoa_of_driver,escooter_flag,driver_distance_banding
2024221447155,2024,221447155,1,9,0,-1,9,6,4,-1,0,5,0,0,0,0,1,9,-1,6,1,31,6,-1,-1,-1,-1,10,E01032139,0,3
2024010488349,2024,010488349,1,4,0,99,99,9,9,99,99,9,9,99,9,99,2,1,1,1,1,53,8,-1,-1,-1,-1,3,E01003097,0,3
2024010538977,2024,010538977,2,1,9,99,99,9,9,99,99,9,9,99,9,99,1,1,6,6,3,-1,-1,-1,-1,-1,-1,8,E01033569,0,1
2024010496660,2024,010496660,1,9,0,5,5,1,5,0,0,8,1,0,0,0,4,1,2,2,2,37,7,-1,-1,-1,-1,3,E01003689,0,1
2024010496702,2024,010496702,1,3,0,9,9,8,6,0,0,2,0,0,0,0,3,1,1,1,1,24,5,-1,-1,-1,-1,4,E01034155,0,2
2024411471169,2024,411471169,1,3,0,-1,12,3,5,-1,0,0,0,0,0,0,4,1,-1,6,1,32,6,-1,-1,-1,-1,7,E01023902,0,1
2024061485729,2024,061485729,1,90,0,-1,19,8,4,-1,4,1,0,0,0,0,1,1,-1,9,1,28,6,-1,-1,-1,-1,-1,-1,0,-1
2024221410037,2024,221410037,3,9,0,-1,10,3,1,-1,0,8,0,0,0,0,1,1,-1,1,1,20,4,-1,-1,-1,-1,7,E01032317,0,3
2024010536302,2024,010536302,1,9,9,15,15,1,5,0,0,1,0,0,0,0,3,9,6,6,3,-1,-1,-1,-1,-1,-1,-1,-1,0,-1
2024010487958,2024,010487958,1,5,0,2,2,0,0,9,9,1,0,0,0,0,0,1,6,6,3,-1,-1,-1,-1,-1,-1,-1,-1,0,-1
2024421506757,2024,421506757,1,-1,-1,-1,-1,-1,-1,-1,-1,0,-1,-1,-1,0,-1,9,-1,6,2,34,6,-1,-1,-1,-1,1,E01015916,1,1
2024101534832,2024,101534832,1,20,0,-1,19,6,2,-1,0,4,0,0,0,0,0,9,-1,6,3,-1,-1,-1,-1,-1,-1,-1,-1,0,-1
202460Q033062,2024,60Q033062,1,19,0,18,19,7,3,0,0,0,0,0,0,0,0,1,6,6,1,80,11,-1,-1,-1,-1,-1,-1,0,-1
2024010532384,2024,010532384,2,19,0,99,99,9,9,99,99,9,9,99,9,99,9,9,6,6,3,-1,-1,-1,-1,-1,-1,-1,-1,0,-1
2024401502604,2024,401502604,4,99,0,-1,19,2,6,-1,0,0,0,0,0,0,1,9,-1,6,3,-1,-1,-1,-1,-1,-1,-1,-1,0,-1
2024411396217,2024,411396217,1,9,0,-1,3,-1,-1,-1,0,0,0,0,0,0,1,9,-1,2,2,63,9,-1,-1,-1,-1,10,E01023803,0,1
2024440469223,2024,440469223,3,9,0,18,19,3,7,0,0,1,0,0,0,0,1,1,1,1,1,31,6,-1,-1,-1,-1,7,E01022566,0,1
2024320641217,2024,320641217,1,5,0,-1,-1,2,6,0,0,0,2,0,1,0,4,1,-1,-1,1,68,10,-1,-1,-1,-1,3,E01026033,0,4
2024010498411,2024,010498411,2,9,0,99,99,9,9,99,99,9,9,99,9,99,9,9,6,6,3,-1,-1,-1,-1,-1,-1,-1,-1,0,-1
2024010543004,2024,010543004,1,11,0,5,5,0,1,0,0,1,0,0,0,0,2,1,6,6,3,-1,-1,-1,-1,-1,-1,-1,-1,0,-1
2024401456669,2024,401456669,1,-1,-1,-1,-1,-1,-1,-1,-1,0,-1,-1,-1,0,-1,1,-1,6,3,-1,-1,-1,-1,-1,-1,-1,-1,1,-1
2024320624984,2024,320624984,1,9,0,9,9,7,5,0,0,6,0,0,0,0,1,1,-1,-1,1,67,10,-1,-1,-1,-1,7,E01013289,0,4
2024061516989,2024,061516989,1,9,0,-1,6,8,8,-1,0,8,0,0,0,0,0,9,-1,6,3,-1,-1,-1,-1,-1,-1,-1,-1,0,-1
2024430430780,2024,430430780,1,1,0,4,4,8,4,0,0,4,0,0,0,0,1,1,6,6,1,47,8,-1,-1,-1,-1,-1,-1,0,-1
2024311526479,2024,311526479,1,9,-1,-1,19,-1,-1,-1,0,-1,0,0,0,0,1,9,-1,6,3,-1,-1,-1,-1,-1,-1,-1,-1,0,-1
2024010544532,2024,010544532,2,9,0,99,99,9,9,99,99,9,9,99,9,99,1,9,6,6,1,44,7,-1,-1,-1,-1,4,E01002808,0,1
2024010494462,2024,010494462,2,20,0,18,19,7,3,99,99,0,0,0,9,0,4,9,1,1,1,42,7,-1,-1,-1,-1,6,E01003130,0,1
2024061458351,2024,061458351,1,9,0,-1,19,3,7,-1,0,8,0,0,0,0,1,1,-1,1,1,59,9,-1,-1,-1,-1,5,E01011147,0,4
2024201428614,2024,201428614,2,9,0,-1,19,4,8,-1,0,8,0,10,7,0,4,9,-1,6,2,20,4,-1,-1,-1,-1,2,E01010452,0,1
2024440411262,2024,440411262,2,1,0,18,19,4,8,0,0,8,0,0,0,0,1,1,6,6,1,18,4,-1,-1,-1,-1,6,E01022960,0,1
2024010510293,2024,010510293,2,1,0,3,3,4,8,4,4,0,0,0,1,0,1,1,2,2,1,41,7,-1,-1,-1,-1,3,E01035654,0,2
2024451417645,2024,451417645,1,1,0,-1,19,1,5,-1,0,0,0,0,0,0,0,1,-1,6,1,63,9,-1,-1,-1,-1,9,E01030944,0,1
2024010499085,2024,010499085,1,9,0,9,9,3,1,4,4,8,0,0,0,0,1,1,1,1,1,34,6,-1,-1,-1,-1,4,E01002650,0,1
2024332400446,2024,332400446,2,4,0,-1,19,7,3,-1,2,8,0,0,0,0,1,1,-1,6,1,31,6,-1,-1,-1,-1,2,E01013684,0,1
2024010496683,2024,010496683,2,9,0,99,99,9,9,99,99,9,9,99,0,0,9,9,6,6,3,39,7,-1,-1,-1,-1,3,E01003629,0,1
2024211411924,2024,211411924,2,1,0,-1,19,7,3,-1,0,0,0,0,0,0,0,1,-1,9,1,62,9,-1,-1,-1,-1,-1,-1,0,-1
2024010538130,2024,010538130,1,1,9,99,99,9,9,99,99,9,9,99,9,99,9,1,6,6,2,42,7,-1,-1,-1,-1,3,E01004004,0,1
2024451526186,2024,451526186,2,9,0,-1,19,5,1,-1,99,4,0,0,1,0,4,1,-1,6,2,50,8,-1,-1,-1,-1,9,E01031001,0,1
2024010542823,2024,010542823,1,1,0,7,7,3,6,0,0,8,0,0,0,0,3,1,1,1,1,46,8,-1,-1,-1,-1,5,E01003934,0,1
2024371506078,2024,371506078,2,1,-1,-1,-1,-1,-1,-1,-1,0,-1,-1,-1,0,-1,1,-1,7,2,11,3,-1,-1,-1,-1,3,E01030253,0,1
2024041409160,2024,041409160,4,9,0,-1,2,0,0,-1,0,1,0,0,0,0,4,1,-1,6,-1,-1,-1,-1,-1,-1,-1,-1,-1,0,-1
2024122400430,2024,122400430,1,9,0,4,4,4,8,0,0,4,0,0,0,0,2,1,6,6,2,71,10,-1,-1,-1,-1,7,E01012942,0,3
2024991419768,2024,991419768,2,1,0,-1,7,5,8,-1,0,0,0,0,0,0,1,1,-1,6,1,36,7,-1,-1,-1,-1,4,-1,0,1
2024401452010,2024,401452010,1,19,1,-1,3,1,7,-1,0,0,0,0,0,0,1,1,-1,1,1,31,6,-1,-1,-1,-1,5,E01003721,0,4
2024161412481,2024,161412481,1,1,0,-1,19,3,7,-1,0,0,0,0,0,0,3,1,-1,2,1,41,7,-1,-1,-1,-1,4,E01012801,0,1
2024991455737,2024,991455737,2,1,0,-1,19,3,8,-1,0,8,0,0,0,0,4,1,-1,6,1,30,6,-1,-1,-1,-1,-1,-1,0,-1
2024471426782,2024,471426782,1,23,0,-1,19,1,5,-1,0,1,0,0,0,0,1,1,-1,6,3,-1,-1,-1,-1,-1,-1,-1,-1,0,-1
2024440003459,2024,440003459,2,9,0,18,19,1,5,0,0,1,0,0,0,0,1,1,6,6,2,42,7,-1,-1,-1,-1,9,E01023265,0,3
2024351529138,2024,351529138,2,9,0,-1,19,6,2,-1,0,0,0,0,0,0,2,9,-1,6,1,49,8,-1,-1,-1,-1,6,E01026541,0,4
2024010490654,2024,010490654,1,9,0,99,99,9,9,99,99,9,9,99,9,99,2,9,6,6,2,30,6,-1,-1,-1,-1,2,E01002588,0,1
2024010536910,2024,010536910,2,11,0,99,99,9,9,99,99,9,9,99,9,99,9,9,6,6,3,-1,-1,-1,-1,-1,-1,-1,-1,0,-1
2024320461277,2024,320461277,2,1,0,9,9,2,8,0,0,2,0,0,0,0,1,1,6,6,1,74,10,-1,-1,-1,-1,6,E01007404,0,5
2024010497151,2024,010497151,1,5,0,17,19,3,8,0,0,0,0,0,0,0,1,1,6,6,1,43,7,-1,-1,-1,-1,-1,-1,0,-1
2024302400394,2024,302400394,2,9,0,7,7,8,2,0,0,8,0,0,0,0,0,1,6,6,3,-1,-1,-1,-1,-1,-1,5,E01019456,0,3
2024221404406,2024,221404406,3,9,0,-1,14,6,2,-1,0,0,0,0,0,0,3,1,-1,6,2,20,4,-1,-1,-1,-1,5,E01028943,0,1
2024221518073,2024,221518073,2,1,0,-1,19,1,5,-1,0,8,0,0,0,0,1,1,-1,6,1,64,9,-1,-1,-1,-1,6,E01014084,0,1
2024010495631,2024,010495631,2,1,0,15,15,5,1,0,0,1,0,0,0,0,3,1,2,2,2,25,5,-1,-1,-1,-1,4,E01001953,0,1
2024340WN3912,2024,340WN3912,1,20,0,-1,9,1,6,-1,0,6,0,0,0,0,3,1,-1,1,1,33,6,-1,-1,-1,-1,1,E01010239,0,4
2024371479904,2024,371479904,2,9,4,-1,19,3,7,-1,0,0,0,0,0,0,2,1,-1,6,2,56,9,-1,-1,-1,-1,6,E01029944,0,3
2024440231624,2024,440231624,1,-1,0,9,9,4,2,0,0,2,0,0,0,0,1,1,6,6,2,-1,-1,-1,-1,-1,-1,-1,-1,1,-1
2024010510038,2024,010510038,1,9,0,18,19,1,5,0,0,1,0,0,0,0,1,1,6,6,2,37,7,-1,-1,-1,-1,3,E01023530,0,4
2024311439379,2024,311439379,2,16,0,-1,19,4,8,-1,0,0,0,0,0,0,2,1,-1,6,2,36,7,-1,-1,-1,-1,-1,-1,0,-1
2024411489495,2024,411489495,1,9,0,-1,19,5,1,-1,0,1,1,0,0,0,1,1,-1,6,1,33,6,-1,-1,-1,-1,6,E01023506,0,1
2024010514510,2024,010514510,1,1,9,99,99,9,9,99,99,9,9,99,9,99,9,1,2,2,2,38,7,-1,-1,-1,-1,10,E01004122,0,3
2024122400091,2024,122400091,2,9,0,18,19,5,1,0,0,0,0,0,0,0,2,1,2,2,2,23,5,-1,-1,-1,-1,4,E01027779,0,4
2024010517257,2024,010517257,1,1,9,99,99,9,9,4,4,1,9,99,9,99,9,1,6,6,1,43,7,-1,-1,-1,-1,4,E01003053,0,1
2024451419467,2024,451419467,2,9,0,-1,19,6,8,-1,0,0,0,99,0,0,9,1,-1,6,3,40,7,-1,-1,-1,-1,-1,-1,0,-1
2024010488830,2024,010488830,2,19,9,99,99,9,9,99,99,9,9,99,9,99,1,9,6,6,3,-1,-1,-1,-1,-1,-1,-1,-1,0,-1
2024161532254,2024,161532254,2,9,0,-1,19,3,7,-1,0,1,0,0,0,0,-1,9,-1,6,1,-1,-1,-1,-1,-1,-1,-1,-1,0,-1
2024010512998,2024,010512998,1,1,9,99,99,9,9,99,99,9,9,99,9,99,9,1,6,6,2,55,8,-1,-1,-1,-1,4,E01004124,0,1
2024141523452,2024,141523452,1,9,0,-1,19,2,6,-1,0,2,0,0,0,0,1,9,-1,6,1,26,6,-1,-1,-1,-1,1,E01007529,0,3
2024211476399,2024,211476399,1,19,0,-1,3,5,5,-1,0,1,0,0,0,0,1,9,-1,6,3,30,6,-1,-1,-1,-1,-1,-1,0,-1
2024010539644,2024,010539644,1,1,9,99,99,9,9,99,99,9,9,99,9,99,9,1,2,2,2,25,5,-1,-1,-1,-1,3,E01003162,0,2
2024161512814,2024,161512814,2,9,0,-1,9,1,6,-1,0,8,0,0,0,0,1,1,-1,6,1,65,9,-1,-1,-1,-1,1,E01012888,0,1
2024430197186,2024,430197186,1,1,0,18,19,8,4,0,0,2,0,0,0,0,3,1,2,2,2,42,7,-1,-1,-1,-1,4,E01016369,0,1
2024010512086,2024,010512086,2,1,0,15,15,1,5,0,0,1,1,0,0,0,1,1,1,1,1,17,4,-1,-1,-1,-1,3,E01000143,0,1
2024010493639,2024,010493639,1,9,0,99,99,9,9,99,99,9,9,99,9,99,9,9,6,6,2,35,6,-1,-1,-1,-1,3,E01004409,0,1
2024061497361,2024,061497361,1,9,0,-1,9,7,4,-1,0,2,0,0,0,0,3,1,-1,9,1,37,7,-1,-1,-1,-1,4,E01005900,0,1
2024061475715,2024,061475715,2,21,1,-1,19,1,5,-1,0,0,0,0,0,0,2,1,-1,1,1,30,6,-1,-1,-1,-1,-1,-1,0,-1
2024421453504,2024,421453504,3,9,0,-1,19,3,7,-1,0,0,0,0,0,0,1,1,-1,1,1,49,8,-1,-1,-1,-1,2,E01035162,0,3
2024161484556,2024,161484556,3,1,0,-1,19,6,2,-1,0,1,0,0,0,0,9,1,-1,6,1,49,8,-1,-1,-1,-1,-1,-1,0,-1
2024522403318,2024,522403318,2,9,0,3,3,5,1,0,0,1,0,0,0,0,2,1,6,6,1,38,7,-1,-1,-1,-1,7,E01029070,0,4
2024430297518,2024,430297518,1,9,0,7,7,8,2,0,0,5,0,0,0,0,4,1,6,6,1,19,4,-1,-1,-1,-1,9,E01030929,0,4
2024010531965,2024,010531965,2,1,0,-1,-1,5,1,0,0,1,0,0,0,0,1,1,6,6,2,53,8,-1,-1,-1,-1,4,E01003999,0,2
2024010497104,2024,010497104,4,9,0,18,19,3,7,1,1,2,0,99,0,0,1,1,2,2,1,44,7,-1,-1,-1,-1,4,E01000472,0,2
2024501481053,2024,501481053,1,9,0,-1,5,5,3,-1,0,2,0,0,0,0,1,1,-1,6,1,77,11,-1,-1,-1,-1,9,E01019940,0,2
2024451526867,2024,451526867,2,90,0,-1,19,8,4,-1,0,0,0,0,0,0,3,1,-1,1,1,29,6,-1,-1,-1,-1,7,E01024375,0,4
2024991440805,2024,991440805,1,9,0,-1,19,2,6,-1,0,0,0,0,0,0,1,1,-1,6,1,25,5,-1,-1,-1,-1,4,-1,0,1
2024010534281,2024,010534281,2,1,0,-1,-1,1,5,0,0,1,0,0,0,0,1,1,6,6,1,59,9,-1,-1,-1,-1,1,E01002040,0,1
2024101414377,2024,101414377,1,98,0,-1,19,7,3,-1,0,0,2,0,1,11,1,1,-1,2,1,54,8,-1,-1,-1,-1,4,E01033718,0,2
2024461419142,2024,461419142,1,98,-1,-1,19,2,6,-1,0,0,0,0,0,0,4,9,-1,6,3,-1,-1,-1,-1,-1,-1,-1,-1,0,-1
2024610035524,2024,610035524,2,22,0,18,19,4,8,0,0,0,0,0,0,0,4,1,6,6,2,85,11,-1,-1,-1,-1,4,W01001634,0,1
2024071075221,2024,071075221,1,9,0,-1,19,4,8,-1,0,0,0,0,0,0,1,1,-1,9,1,85,11,-1,-1,-1,-1,9,E01028351,0,5
2024010508987,2024,010508987,1,1,9,99,99,9,9,99,99,9,9,99,9,99,1,1,2,2,1,45,7,-1,-1,-1,-1,2,E01004321,0,1
2024070500732,2024,070500732,1,9,0,14,14,5,1,0,0,1,0,0,0,0,1,1,6,6,3,-1,-1,-1,-1,-1,-1,-1,-1,0,-1
2024421514290,2024,421514290,1,9,0,-1,19,3,7,-1,0,4,0,0,0,0,1,1,-1,6,1,-1,-1,-1,-1,-1,-1,-1,-1,0,-1
2024010525721,2024,010525721,2,1,0,99,99,9,9,99,99,9,9,99,9,99,9,1,6,6,1,-1,-1,-1,-1,-1,-1,3,E01001368,0,2
2024070807333,2024,070807333,1,1,0,-1,19,1,5,-1,0,8,0,0,0,0,4,1,-1,6,1,20,4,-1,-1,-1,-1,10,E01018320,0,1
2024131475900,2024,131475900,1,90,0,-1,-1,-1,-1,-1,-1,0,-1,-1,-1,0,-1,1,-1,9,1,6,2,-1,-1,-1,-1,3,E01010675,0,1
2024501430789,2024,501430789,1,9,0,-1,19,7,3,-1,0,0,0,0,0,0,1,9,-1,6,3,-1,-1,-1,-1,-1,-1,-1,-1,0,-1
2024010494353,2024,010494353,1,19,0,3,3,5,1,0,0,8,0,0,0,0,2,1,1,1,1,48,8,-1,-1,-1,-1,5,E01023786,0,4
2024311477491,2024,311477491,1,1,0,-1,19,1,5,-1,0,1,0,0,0,0,4,1,-1,9,1,69,10,-1,-1,-1,-1,10,E01028364,0,2
2024340NN3052,2024,340NN3052,2,-1,0,-1,19,7,3,-1,0,8,0,0,0,0,3,1,-1,6,1,54,8,-1,-1,-1,-1,2,E01035431,1,1
2024041486065,2024,041486065,2,9,0,-1,4,7,3,-1,0,1,0,0,0,0,2,1,-1,9,1,26,6,-1,-1,-1,-1,10,E01025253,0,1
2024361436804,2024,361436804,2,9,0,-1,19,-1,-1,-1,0,1,0,0,0,0,3,9,-1,7,2,28,6,-1,-1,-1,-1,3,E01026465,0,1
2024141412940,2024,141412940,1,-1,0,-1,19,3,7,-1,9,0,2,0,0,0,1,1,-1,6,3,-1,-1,-1,-1,-1,-1,-1,-1,1,-1
2024010525109,2024,010525109,2,9,0,5,5,1,5,0,0,0,0,0,0,0,1,1,6,6,2,46,8,-1,-1,-1,-1,4,E01002047,0,1
2024340WN6702,2024,340WN6702,3,9,0,-1,3,7,3,-1,0,0,0,0,0,0,2,1,-1,6,1,20,4,-1,-1,-1,-1,10,E01027300,0,3
2024052402760,2024,052402760,1,9,0,7,7,8,2,0,0,1,0,0,0,0,4,1,6,6,1,-1,-1,-1,-1,-1,-1,-1,-1,0,-1
2024201458729,2024,201458729,2,1,0,-1,19,6,2,-1,4,8,2,10,2,0,3,1,-1,6,2,24,5,-1,-1,-1,-1,6,E01009069,0,1
2024471494607,2024,471494607,1,90,4,-1,19,8,4,-1,0,0,1,0,1,0,1,1,-1,9,1,49,8,-1,-1,-1,-1,5,E01031771,0,3
2024010519011,2024,010519011,1,9,0,7,7,5,7,0,0,1,0,0,0,0,1,1,6,6,3,-1,-1,-1,-1,-1,-1,-1,-1,0,-1
2024451432753,2024,451432753,3,9,0,-1,2,0,0,-1,0,0,0,0,0,0,2,1,-1,6,-1,-1,-1,-1,-1,-1,-1,-1,-1,0,-1
2024461492189,2024,461492189,2,1,0,-1,19,2,6,-1,0,0,0,0,0,0,2,1,-1,9,1,53,8,-1,-1,-1,-1,2,E01024019,0,1
2024010490383,2024,010490383,2,1,9,99,99,9,9,99,99,9,9,99,9,99,9,1,6,6,3,-1,-1,-1,-1,-1,-1,-1,-1,0,-1
2024010520392,2024,010520392,2,1,0,9,9,3,8,0,0,5,0,0,0,0,3,1,6,6,2,26,6,-1,-1,-1,-1,3,E01035668,0,1
2024052402299,2024,052402299,2,23,0,18,19,1,5,0,0,8,0,0,0,0,4,1,6,6,1,25,5,-1,-1,-1,-1,1,E01006549,0,1
2024440143496,2024,440143496,1,1,0,18,19,6,2,0,0,1,0,0,0,0,3,1,6,6,1,41,7,-1,-1,-1,-1,1,E01017274,0,1
2024440165783,2024,440165783,2,97,0,18,19,1,5,2,2,1,0,0,0,0,1,1,6,6,1,17,4,-1,-1,-1,-1,2,E01017117,0,1
2024991434335,2024,991434335,2,9,0,-1,19,6,2,-1,0,0,0,0,0,0,1,1,-1,6,1,30,6,-1,-1,-1,-1,10,-1,0,2
2024531466512,2024,531466512,2,9,0,-1,19,7,3,-1,0,1,0,0,0,0,1,1,-1,1,1,25,5,-1,-1,-1,-1,8,E01034800,0,2
2024010497572,2024,010497572,1,9,5,99,99,9,9,99,99,0,9,99,9,99,4,9,6,6,3,-1,-1,-1,-1,-1,-1,-1,-1,0,-1
2024010503781,2024,010503781,2,1,5,18,19,1,5,0,0,8,0,0,0,0,1,1,1,1,2,30,6,-1,-1,-1,-1,5,E01034036,0,1
2024411496240,2024,411496240,2,9,-1,-1,-1,7,3,-1,-1,1,-1,-1,-1,0,-1,9,-1,6,3,-1,-1,-1,-1,-1,-1,-1,-1,0,-1
2024201460414,2024,201460414,2,1,0,-1,19,2,6,-1,0,8,0,0,0,0,4,1,-1,6,1,62,9,-1,-1,-1,-1,1,E01009134,0,1
2024430395521,2024,430395521,2,9,0,18,19,2,6,0,0,0,0,0,0,0,1,1,6,6,1,-1,-1,-1,-1,-1,-1,-1,-1,0,-1
2024351490682,2024,351490682,1,9,0,-1,19,5,1,-1,0,0,0,0,0,0,1,1,-1,6,3,-1,-1,-1,-1,-1,-1,-1,-1,0,-1
2024440151969,2024,440151969,2,9,0,18,19,1,5,0,0,0,0,0,0,0,1,1,6,6,2,45,7,-1,-1,-1,-1,7,E01022574,0,3
2024991509721,2024,991509721,1,90,0,-1,1,7,3,-1,0,8,0,0,0,0,2,1,-1,1,1,30,6,-1,-1,-1,-1,5,-1,0,1
2024010540491,2024,010540491,2,1,0,18,19,3,7,0,0,8,0,0,0,0,4,1,6,6,2,31,6,-1,-1,-1,-1,3,E01035497,0,1
2024451520769,2024,451520769,2,1,0,-1,19,3,1,-1,0,0,0,0,0,0,2,1,-1,6,2,48,8,-1,-1,-1,-1,9,E01030705,0,1
2024010542310,2024,010542310,2,9,0,99,99,9,9,99,99,9,9,99,9,99,2,9,6,6,3,-1,-1,-1,-1,-1,-1,-1,-1,0,-1
2024371513749,2024,371513749,1,1,0,-1,19,6,2,-1,0,1,0,0,0,0,4,1,-1,6,1,-1,-1,-1,-1,-1,-1,-1,-1,0,-1
2024161471997,2024,161471997,1,1,0,-1,19,3,7,-1,0,0,0,0,0,0,2,1,-1,6,1,69,10,-1,-1,-1,-1,4,E01012966,0,1
2024440366373,2024,440366373,2,1,0,18,19,7,3,0,0,0,0,0,0,0,4,1,6,6,1,5,1,-1,-1,-1,-1,1,E01017250,0,1
2024010503212,2024,010503212,1,1,0,18,19,1,5,0,0,6,0,0,0,0,1,1,2,2,1,24,5,-1,-1,-1,-1,3,E01002771,0,1
2024401522001,2024,401522001,2,1,0,-1,19,5,1,-1,0,1,0,0,0,0,1,1,-1,6,1,34,6,-1,-1,-1,-1,2,E01015754,0,1
2024201395230,2024,201395230,2,1,0,-1,5,5,1,-1,0,1,0,0,0,0,2,1,-1,6,1,16,4,-1,-1,-1,-1,3,E01010512,0,1
2024010537806,2024,010537806,2,1,0,7,7,7,1,0,0,6,0,0,0,0,4,1,4,7,1,15,3,-1,-1,-1,-1,4,E01003453,0,1
2024010490886,2024,010490886,1,9,0,99,99,9,9,99,99,9,9,99,9,99,1,9,6,6,3,-1,-1,-1,-1,-1,-1,6,E01000285,0,1
2024201494876,2024,201494876,2,9,0,-1,5,4,8,-1,0,4,0,0,0,0,1,9,-1,6,3,30,6,-1,-1,-1,-1,-1,-1,0,-1
2024010501864,2024,010501864,1,1,0,18,19,8,4,0,0,1,0,0,0,0,1,1,6,6,1,24,5,-1,-1,-1,-1,-1,-1,0,-1
2024451411619,2024,451411619,1,9,0,-1,19,5,1,-1,0,0,0,0,0,0,1,9,-1,9,2,60,9,-1,-1,-1,-1,4,E01030815,0,3
2024161467403,2024,161467403,1,9,0,-1,9,2,8,-1,0,6,0,0,0,0,3,1,-1,9,1,62,9,-1,-1,-1,-1,8,E01027896,0,1
2024552400972,2024,552400972,1,9,0,15,15,2,7,0,0,0,0,0,0,0,3,1,6,6,3,-1,-1,-1,-1,-1,-1,-1,-1,0,-1
2024430162307,2024,430162307,2,9,0,1,1,8,4,0,0,0,0,0,0,0,4,1,6,6,1,-1,-1,-1,-1,-1,-1,-1,-1,0,-1
2024010495265,2024,010495265,2,9,0,99,99,9,9,99,99,6,9,99,9,99,1,9,6,6,3,-1,-1,-1,-1,-1,-1,6,E01002439,0,2
2024471496589,2024,471496589,2,9,0,-1,19,2,6,-1,0,1,0,0,0,0,1,1,-1,1,2,27,6,-1,-1,-1,-1,5,E01021084,0,1
2024010531586,2024,010531586,1,9,0,99,99,9,9,99,99,0,9,99,9,99,9,9,6,6,3,-1,-1,-1,-1,-1,-1,6,E01001652,0,1
2024031402678,2024,031402678,1,9,-1,-1,-1,-1,-1,-1,-1,-1,-1,-1,-1,0,-1,9,-1,6,3,-1,-1,-1,-1,-1,-1,-1,-1,0,-1
2024010535040,2024,010535040,1,3,0,99,99,9,9,99,99,9,9,99,9,99,9,1,6,6,3,-1,-1,-1,-1,-1,-1,-1,-1,0,-1
2024101531864,2024,101531864,1,9,-1,-1,-1,8,6,-1,-1,-1,-1,-1,-1,0,-1,9,-1,6,1,45,7,-1,-1,-1,-1,-1,-1,0,-1
2024010501531,2024,010501531,1,1,0,18,19,1,5,0,0,1,0,0,0,0,1,1,6,6,1,47,8,-1,-1,-1,-1,4,E01001355,0,1
202417L208024,2024,17L208024,2,9,0,-1,19,2,6,-1,0,1,0,0,0,0,1,1,-1,9,1,33,6,-1,-1,-1,-1,1,E01012170,0,1
2024471530995,2024,471530995,2,1,0,-1,19,2,6,-1,0,8,0,0,0,0,1,1,-1,9,1,24,5,-1,-1,-1,-1,5,E01016966,0,1
2024061405181,2024,061405181,2,1,0,-1,19,3,7,-1,0,8,0,0,0,0,4,1,-1,6,1,43,7,-1,-1,-1,-1,1,E01005239,0,1
2024351396028,2024,351396028,1,21,-1,-1,-1,-1,-1,-1,-1,0,-1,-1,-1,0,-1,9,-1,1,1,56,9,-1,-1,-1,-1,6,-1,0,5
2024471431351,2024,471431351,1,9,0,-1,19,3,7,-1,0,2,2,0,0,0,1,1,-1,1,2,39,7,-1,-1,-1,-1,4,E01032013,0,4
2024010493146,2024,010493146,1,9,0,9,9,5,2,0,0,1,0,0,0,0,3,1,6,6,1,24,5,-1,-1,-1,-1,7,E01003754,0,1
2024302400898,2024,302400898,1,9,0,18,19,8,4,0,0,8,0,0,3,11,1,1,6,6,2,-1,-1,-1,-1,-1,-1,7,E01019513,0,4
2024430471081,2024,430471081,1,8,0,9,9,1,7,0,0,5,0,0,0,0,3,1,3,7,1,77,11,-1,-1,-1,-1,5,E01016359,0,1
2024010528257,2024,010528257,2,1,0,18,19,7,3,5,5,8,0,0,0,0,4,1,6,6,1,24,5,-1,-1,-1,-1,9,E01002575,0,1
2024991466562,2024,991466562,2,90,0,-1,4,2,6,-1,0,0,0,0,0,0,1,1,-1,1,1,21,5,-1,-1,-1,-1,7,-1,0,4
2024522401649,2024,522401649,1,1,0,99,99,9,9,0,0,8,0,0,0,0,9,1,6,6,2,26,6,-1,-1,-1,-1,6,E01032671,0,1
2024361493977,2024,361493977,1,9,0,-1,9,3,1,-1,0,1,0,0,0,0,3,1,-1,2,2,50,8,-1,-1,-1,-1,3,E01026696,0,1
2024351405139,2024,351405139,2,1,0,-1,19,5,1,-1,0,8,5,0,0,0,1,1,-1,2,1,32,6,-1,-1,-1,-1,3,E01017978,0,1
2024351521944,2024,351521944,2,1,-1,-1,19,2,5,-1,0,0,0,0,0,0,1,1,-1,9,1,11,3,-1,-1,-1,-1,8,E01018215,0,1
2024010500304,2024,010500304,2,9,0,2,2,0,0,0,0,0,0,0,0,0,1,1,6,6,3,-1,-1,-1,-1,-1,-1,-1,-1,0,-1
2024302400098,2024,302400098,1,97,0,18,19,8,4,0,0,1,0,0,0,0,1,1,6,6,1,17,4,-1,-1,-1,-1,2,E01013550,0,1
2024010522039,2024,010522039,2,2,0,11,11,9,9,99,99,5,9,99,9,99,9,1,6,6,3,-1,-1,-1,-1,-1,-1,-1,-1,0,-1
2024141422497,2024,141422497,1,90,0,-1,19,7,3,-1,0,1,0,0,0,0,-1,9,-1,6,3,-1,-1,-1,-1,-1,-1,-1,-1,0,-1
2024411541288,2024,411541288,2,9,0,-1,19,5,1,-1,0,0,0,0,0,0,1,1,-1,6,1,28,6,-1,-1,-1,-1,6,E01023491,0,2
2024010531899,2024,010531899,2,1,0,18,19,4,8,0,0,8,0,0,0,0,3,1,6,6,1,39,7,-1,-1,-1,-1,6,E01000530,0,1
2024010488739,2024,010488739,1,9,0,99,99,9,9,99,99,9,9,99,9,99,1,9,6,6,2,33,6,-1,-1,-1,-1,3,E01003438,0,1