collision_index,collision_year,collision_ref_no,vehicle_reference,vehicle_type,towing_and_articulation,vehicle_manoeuvre_historic,vehicle_manoeuvre,vehicle_direction_from,vehicle_direction_to,vehicle_location_restricted_lane_historic,vehicle_location_restricted_lane,junction_location,skidding_and_overturning,hit_object_in_carriageway,vehicle_leaving_carriageway,hit_object_off_carriageway,first_point_of_impact,vehicle_left_hand_drive,journey_purpose_of_driver_historic,journey_purpose_of_driver,sex_of_driver,age_of_driver,age_band_of_driver,engine_capacity_cc,propulsion_code,age_of_vehicle,generic_make_model,driver_imd_decile,lsoa_of_driver,escooter_flag,driver_distance_banding
2024461471484,2024,461471484,2,1,0,-1,19,3,7,-1,0,1,0,0,0,0,0,1,-1,6,1,16,4,-1,-1,-1,-1,7,E01024519,0,1
2024622400445,2024,622400445,1,97,0,18,19,4,8,0,0,0,0,4,0,0,1,1,6,6,1,19,4,-1,-1,-1,-1,2,W01001141,0,1
2024471447088,2024,471447088,2,1,0,-1,9,8,6,-1,0,8,0,0,0,0,3,1,-1,7,1,12,3,-1,-1,-1,-1,3,E01031553,0,1
2024010487214,2024,010487214,1,9,0,1,1,7,3,0,0,9,0,0,0,0,2,1,6,6,1,78,11,-1,-1,-1,-1,7,E01003407,0,1
2024501459490,2024,501459490,1,9,4,-1,19,5,1,-1,0,0,5,0,7,0,1,1,-1,1,1,51,8,-1,-1,-1,-1,6,E01020188,0,3
2024052400235,2024,052400235,1,1,0,18,19,7,3,0,0,0,0,0,0,0,3,1,6,6,1,33,6,-1,-1,-1,-1,4,E01006837,0,1
2024010489083,2024,010489083,1,9,0,5,5,7,3,0,0,8,0,0,0,0,1,1,6,6,1,51,8,-1,-1,-1,-1,4,E01002409,0,1
2024522500315,2024,522500315,1,1,0,18,19,9,9,0,0,0,0,0,0,0,2,1,6,6,1,43,7,-1,-1,-1,-1,9,E01014619,0,1
2024131516582,2024,131516582,2,1,0,-1,7,1,1,-1,0,8,0,0,0,0,1,1,-1,9,1,18,4,-1,-1,-1,-1,1,E01010995,0,1
2024131443678,2024,131443678,2,1,0,-1,19,7,3,-1,0,1,0,0,0,0,4,1,-1,6,-1,-1,-1,-1,-1,-1,-1,-1,-1,0,-1
2024451488076,2024,451488076,1,1,0,-1,19,5,1,-1,0,8,5,0,0,0,3,1,-1,2,1,25,5,-1,-1,-1,-1,4,E01004037,0,4
2024501463176,2024,501463176,2,9,0,-1,19,7,3,-1,0,0,0,0,0,0,3,1,-1,9,2,34,6,-1,-1,-1,-1,4,E01020309,0,3
2024201524761,2024,201524761,1,9,0,-1,99,1,1,-1,0,0,0,99,0,0,1,9,-1,6,3,-1,-1,-1,-1,-1,-1,-1,-1,0,-1
2024991458148,2024,991458148,1,9,0,-1,19,1,4,-1,0,0,5,4,0,0,1,1,-1,9,1,80,11,-1,-1,-1,-1,9,-1,0,1
2024010522883,2024,010522883,1,1,9,99,99,9,9,99,99,9,9,99,9,99,1,1,6,6,1,25,5,-1,-1,-1,-1,5,E01035663,0,3
2024010538498,2024,010538498,2,9,0,18,19,9,9,99,99,9,9,99,9,99,9,9,6,6,3,-1,-1,-1,-1,-1,-1,-1,-1,0,-1
2024010522387,2024,010522387,2,1,0,18,19,9,9,0,0,1,0,0,0,0,9,1,6,6,3,-1,-1,-1,-1,-1,-1,2,E01001850,0,1
2024302400115,2024,302400115,2,-1,0,18,19,3,7,0,0,0,0,0,0,0,3,1,6,6,1,13,3,-1,-1,-1,-1,3,E01013513,1,1
2024351538442,2024,351538442,2,1,0,-1,5,6,1,-1,0,4,2,0,0,0,3,1,-1,2,1,23,5,-1,-1,-1,-1,2,E01035538,0,1
2024201484532,2024,201484532,2,9,0,-1,2,0,0,-1,0,2,0,0,0,0,1,1,-1,6,3,-1,-1,-1,-1,-1,-1,-1,-1,0,-1
2024010496466,2024,010496466,2,1,9,99,99,9,9,99,99,9,9,99,9,99,9,1,6,6,3,-1,-1,-1,-1,-1,-1,-1,-1,0,-1
2024010547225,2024,010547225,1,1,9,99,99,9,9,99,99,9,9,99,9,99,9,1,6,6,3,25,5,-1,-1,-1,-1,6,E01001644,0,2
2024010497308,2024,010497308,2,9,0,99,99,9,9,99,99,9,9,99,9,99,9,9,6,6,3,-1,-1,-1,-1,-1,-1,-1,-1,0,-1
2024440399936,2024,440399936,1,9,0,7,7,5,7,0,0,6,0,0,0,0,1,1,6,6,2,85,11,-1,-1,-1,-1,-1,-1,0,-1
2024520402210,2024,520402210,2,9,0,2,2,0,0,0,0,0,0,0,0,0,3,1,6,6,3,-1,-1,-1,-1,-1,-1,-1,-1,0,-1
2024522403022,2024,522403022,2,1,0,11,11,3,7,0,0,6,0,0,0,0,1,1,6,6,1,50,8,-1,-1,-1,-1,2,E01014578,0,1
2024430100640,2024,430100640,2,9,0,16,19,4,7,0,0,0,0,0,0,0,3,1,6,6,3,-1,-1,-1,-1,-1,-1,-1,-1,0,-1
2024010547230,2024,010547230,2,1,9,99,99,9,9,99,99,9,9,99,9,99,9,1,6,6,3,-1,-1,-1,-1,-1,-1,-1,-1,0,-1
2024010543732,2024,010543732,2,1,0,13,13,3,7,0,0,1,0,0,0,0,1,1,6,6,1,28,6,-1,-1,-1,-1,5,E01033579,0,3
2024440018621,2024,440018621,2,9,0,18,19,2,6,0,0,0,0,0,5,6,2,1,6,6,1,51,8,-1,-1,-1,-1,9,E01022580,0,3
2024522401779,2024,522401779,1,1,0,18,19,9,9,0,0,6,0,0,0,0,9,1,6,6,1,36,7,-1,-1,-1,-1,9,E01031930,0,3
2024061462835,2024,061462835,1,23,0,-1,7,7,1,-1,0,0,0,4,0,0,1,1,-1,6,1,19,4,-1,-1,-1,-1,-1,-1,0,-1
2024311394545,2024,311394545,2,9,0,-1,19,1,5,-1,0,0,0,0,0,0,1,1,-1,9,2,56,9,-1,-1,-1,-1,-1,-1,0,-1
2024052400646,2024,052400646,1,1,0,18,19,4,8,0,0,0,0,0,0,0,1,1,6,6,1,-1,-1,-1,-1,-1,-1,-1,-1,0,-1
2024430570886,2024,430570886,1,9,0,15,15,2,6,0,0,0,0,0,0,0,0,1,6,6,3,-1,-1,-1,-1,-1,-1,-1,-1,0,-1
2024010494791,2024,010494791,1,21,0,9,9,5,3,0,0,2,0,0,0,0,1,1,1,1,1,57,9,-1,-1,-1,-1,8,E01016568,0,4
2024201470135,2024,201470135,1,9,0,-1,19,4,8,-1,0,0,2,10,0,0,1,1,-1,6,1,19,4,-1,-1,-1,-1,1,E01010471,0,1
2024361476264,2024,361476264,1,9,0,-1,19,7,3,-1,0,0,0,0,0,0,1,9,-1,6,3,-1,-1,-1,-1,-1,-1,-1,-1,0,-1
2024501487003,2024,501487003,1,97,0,-1,19,5,1,-1,1,0,0,0,0,0,1,1,-1,9,1,40,7,-1,-1,-1,-1,-1,-1,0,-1
2024522402423,2024,522402423,2,1,0,18,19,9,9,0,0,8,0,0,0,0,9,1,6,6,1,10,2,-1,-1,-1,-1,-1,-1,0,-1
2024010487737,2024,010487737,1,3,0,99,99,9,9,99,99,9,9,99,9,99,1,1,2,2,1,26,6,-1,-1,-1,-1,6,E01004485,0,2
2024010506210,2024,010506210,2,9,0,18,19,7,3,0,0,0,0,0,0,0,4,1,6,6,2,41,7,-1,-1,-1,-1,8,E01021463,0,3
2024471457072,2024,471457072,2,9,0,-1,-1,-1,-1,-1,-1,-1,-1,-1,-1,0,-1,9,-1,6,3,-1,-1,-1,-1,-1,-1,-1,-1,0,-1
2024991459114,2024,991459114,1,1,0,-1,11,2,5,-1,0,0,0,0,0,0,2,1,-1,6,1,65,9,-1,-1,-1,-1,1,-1,0,2
2024522401437,2024,522401437,2,1,0,18,19,7,3,0,0,0,0,0,0,0,2,1,6,6,1,51,8,-1,-1,-1,-1,9,E01014738,0,2
2024520000824,2024,520000824,3,9,0,3,3,4,8,0,0,0,0,0,0,0,2,1,6,6,2,28,6,-1,-1,-1,-1,4,W01001270,0,4
2024522403344,2024,522403344,2,9,0,18,19,1,5,0,0,0,0,0,0,0,1,1,6,6,1,-1,-1,-1,-1,-1,-1,-1,-1,0,-1
2024010488442,2024,010488442,3,5,0,18,19,5,1,0,0,1,0,0,0,0,0,1,1,1,1,36,7,-1,-1,-1,-1,4,E01000472,0,2
2024371502485,2024,371502485,2,9,0,-1,19,6,2,-1,0,1,0,0,0,0,1,1,-1,1,1,62,9,-1,-1,-1,-1,7,E01030083,0,2
2024501476888,2024,501476888,1,9,0,-1,19,1,5,-1,0,8,0,0,0,0,3,1,-1,9,2,46,8,-1,-1,-1,-1,9,E01015101,0,1
2024141479956,2024,141479956,2,1,0,-1,19,6,2,-1,2,0,0,0,0,0,3,1,-1,1,2,25,5,-1,-1,-1,-1,6,E01008104,0,1
2024451486873,2024,451486873,5,9,0,-1,19,5,1,-1,0,0,0,0,0,0,1,1,-1,1,1,36,7,-1,-1,-1,-1,10,E01031725,0,1
2024552401071,2024,552401071,1,9,0,9,9,3,1,0,0,6,0,0,0,0,4,1,6,6,1,57,9,-1,-1,-1,-1,7,E01015324,0,1
2024351479520,2024,351479520,2,-1,0,-1,19,2,6,-1,9,1,0,0,0,0,1,1,-1,9,1,5,1,-1,-1,-1,-1,9,E01018252,1,1
2024430422803,2024,430422803,2,1,0,18,19,5,1,0,0,8,-1,0,0,-1,1,1,6,6,1,32,6,-1,-1,-1,-1,4,E01033497,0,1
2024010549105,2024,010549105,1,9,0,7,7,7,1,0,0,5,0,0,0,0,4,1,6,6,2,36,7,-1,-1,-1,-1,5,E01000110,0,1
2024201428329,2024,201428329,1,9,0,-1,19,5,1,-1,0,1,0,0,0,0,1,9,-1,1,1,27,6,-1,-1,-1,-1,1,E01009079,0,2
2024131511298,2024,131511298,1,9,0,-1,9,5,5,-1,0,0,0,0,0,0,1,1,-1,9,1,27,6,-1,-1,-1,-1,2,E01011237,0,1
2024010545914,2024,010545914,1,9,0,9,9,1,7,0,0,6,0,0,0,0,1,1,6,6,2,53,8,-1,-1,-1,-1,1,E01000601,0,2
2024031458090,2024,031458090,1,9,0,-1,9,7,8,-1,0,5,0,0,0,0,1,1,-1,6,2,62,9,-1,-1,-1,-1,2,E01019285,0,1
2024101489572,2024,101489572,2,1,0,-1,19,5,1,-1,0,2,0,0,0,0,1,1,-1,6,1,9,2,-1,-1,-1,-1,2,E01008698,0,1
2024311445242,2024,311445242,2,-1,0,-1,11,3,7,-1,0,8,0,0,0,0,3,1,-1,6,1,14,3,-1,-1,-1,-1,1,E01013877,1,1
2024302401696,2024,302401696,3,9,0,-1,2,0,0,-1,0,1,0,0,0,0,0,1,-1,6,3,-1,-1,-1,-1,-1,-1,-1,-1,0,-1
2024010496622,2024,010496622,1,1,9,99,99,9,9,99,99,9,9,99,9,99,2,1,6,6,1,27,6,-1,-1,-1,-1,3,E01001747,0,3
2024010521584,2024,010521584,1,1,0,18,19,1,5,0,0,8,0,0,0,0,3,1,6,6,1,43,7,-1,-1,-1,-1,5,E01001389,0,1
2024440462163,2024,440462163,2,1,0,18,19,7,3,0,0,1,0,0,0,0,0,1,6,6,1,57,9,-1,-1,-1,-1,5,E01022832,0,1
2024201515898,2024,201515898,1,9,0,-1,5,2,5,-1,0,8,0,0,0,0,1,1,-1,6,1,-1,-1,-1,-1,-1,-1,-1,-1,0,-1
2024010494055,2024,010494055,2,9,0,2,2,0,0,0,0,0,1,0,0,0,3,1,6,6,3,-1,-1,-1,-1,-1,-1,-1,-1,0,-1
2024471514898,2024,471514898,1,97,0,-1,19,-1,-1,-1,0,-1,0,0,0,0,1,1,-1,6,3,-1,-1,-1,-1,-1,-1,-1,-1,0,-1
2024302500026,2024,302500026,1,9,0,-1,19,5,1,-1,0,1,0,0,0,0,1,1,-1,6,2,38,7,-1,-1,-1,-1,5,E01019623,0,1
2024010536927,2024,010536927,1,1,9,18,19,5,1,0,0,6,9,99,0,0,9,1,6,6,1,23,5,-1,-1,-1,-1,3,E01003201,0,1
2024010533754,2024,010533754,1,1,9,99,99,9,9,99,99,9,9,99,9,99,1,1,2,2,1,43,7,-1,-1,-1,-1,2,E01002872,0,1
2024552401270,2024,552401270,2,1,0,18,19,6,2,0,0,8,0,0,0,0,4,1,2,2,1,34,6,-1,-1,-1,-1,10,E01015315,0,2
2024631460536,2024,631460536,2,9,0,-1,7,1,4,-1,0,8,0,0,0,0,4,1,-1,9,2,19,4,-1,-1,-1,-1,7,W01000735,0,4
2024052400807,2024,052400807,1,1,0,18,19,1,5,0,0,8,0,0,0,0,4,1,1,1,1,32,6,-1,-1,-1,-1,1,E01006957,0,1
2024010495928,2024,010495928,1,1,9,99,99,9,9,99,99,9,9,99,9,99,9,1,2,2,1,32,6,-1,-1,-1,-1,5,E01002769,0,1
2024010567435,2024,010567435,2,1,9,99,99,9,9,99,99,9,9,99,9,99,1,1,6,6,3,-1,-1,-1,-1,-1,-1,-1,-1,0,-1
2024010487795,2024,010487795,1,11,0,4,4,7,3,0,0,0,0,0,0,0,2,1,1,1,2,43,7,-1,-1,-1,-1,-1,-1,0,-1
2024161450575,2024,161450575,2,1,0,-1,19,3,7,-1,0,1,2,0,0,0,3,1,-1,6,1,28,6,-1,-1,-1,-1,2,E01012795,0,1
2024201535389,2024,201535389,1,9,0,-1,19,1,5,-1,0,0,0,0,0,0,4,9,-1,6,1,35,6,-1,-1,-1,-1,-1,-1,0,-1
2024302400114,2024,302400114,1,11,0,17,19,4,1,0,0,1,0,0,0,0,4,1,6,6,3,-1,-1,-1,-1,-1,-1,5,E01019456,0,3
2024131424645,2024,131424645,1,9,0,-1,-1,-1,-1,-1,-1,0,-1,-1,-1,-1,-1,1,-1,6,3,-1,-1,-1,-1,-1,-1,-1,-1,0,-1
2024010488164,2024,010488164,2,9,0,99,99,9,9,99,99,9,9,99,9,99,9,9,6,6,3,-1,-1,-1,-1,-1,-1,-1,-1,0,-1
2024010537554,2024,010537554,1,9,0,99,99,9,9,99,99,9,9,99,9,99,9,9,6,6,3,22,5,-1,-1,-1,-1,3,E01004126,0,1
2024010528238,2024,010528238,1,1,0,99,99,9,9,0,0,0,0,0,0,0,9,1,2,2,1,25,5,-1,-1,-1,-1,1,E01001410,0,3
2024401519297,2024,401519297,2,9,-1,-1,-1,-1,-1,-1,-1,0,-1,-1,-1,0,2,9,-1,1,1,51,8,-1,-1,-1,-1,3,E01017619,0,1
2024010492746,2024,010492746,2,1,0,4,4,8,4,0,0,1,0,0,0,0,1,1,6,6,1,-1,-1,-1,-1,-1,-1,-1,-1,0,-1
2024201495468,2024,201495468,2,11,0,-1,9,6,3,-1,0,5,0,0,0,0,1,1,-1,6,1,55,8,-1,-1,-1,-1,8,E01009846,0,1
2024161490447,2024,161490447,1,9,0,-1,2,3,7,-1,0,0,0,0,0,0,2,1,-1,1,1,57,9,-1,-1,-1,-1,1,E01035465,0,1
2024311516566,2024,311516566,2,-1,0,-1,19,1,5,-1,0,8,0,0,0,0,4,1,-1,9,2,37,7,-1,-1,-1,-1,3,E01013828,1,1
2024010523576,2024,010523576,1,1,9,99,99,9,9,99,99,9,9,99,9,99,9,1,6,6,1,21,5,-1,-1,-1,-1,5,E01000219,0,1
2024010514730,2024,010514730,1,3,0,4,4,7,3,0,0,0,0,0,0,0,1,1,6,6,3,-1,-1,-1,-1,-1,-1,-1,-1,0,-1
2024201464849,2024,201464849,1,9,0,-1,19,4,8,-1,0,0,0,0,0,0,1,1,-1,6,3,-1,-1,-1,-1,-1,-1,-1,-1,0,-1
2024461526717,2024,461526717,1,9,0,-1,3,3,8,-1,0,0,0,0,0,0,1,1,-1,1,1,55,8,-1,-1,-1,-1,6,E01024062,0,2
2024161460593,2024,161460593,2,9,0,-1,19,8,4,-1,0,0,0,0,0,0,1,1,-1,6,1,46,8,-1,-1,-1,-1,5,E01013271,0,2
2024471460091,2024,471460091,2,1,0,-1,19,5,1,-1,9,1,0,0,0,0,1,1,-1,6,1,8,2,-1,-1,-1,-1,3,E01031559,0,1
2024161424474,2024,161424474,1,9,0,-1,9,7,5,-1,0,4,0,0,0,0,1,9,-1,6,1,60,9,-1,-1,-1,-1,7,E01013214,0,1
2024131498203,2024,131498203,1,9,0,-1,-1,-1,-1,-1,-1,-1,-1,-1,-1,-1,-1,1,-1,6,3,-1,-1,-1,-1,-1,-1,-1,-1,0,-1
2024340WN2512,2024,340WN2512,1,8,0,-1,13,1,5,-1,0,1,0,0,0,0,4,1,-1,6,3,-1,-1,-1,-1,-1,-1,-1,-1,0,-1
2024501520129,2024,501520129,1,9,0,-1,-1,-1,-1,-1,-1,0,-1,-1,-1,0,-1,9,-1,6,3,-1,-1,-1,-1,-1,-1,-1,-1,0,-1
2024991484987,2024,991484987,1,5,0,-1,19,6,2,-1,0,0,1,0,7,0,1,1,-1,9,1,33,6,-1,-1,-1,-1,-1,-1,0,-1
2024471442134,2024,471442134,1,17,-1,-1,19,-1,-1,-1,0,0,0,0,0,0,1,9,-1,6,3,-1,-1,-1,-1,-1,-1,-1,-1,0,-1
2024141492214,2024,141492214,1,9,0,-1,15,7,3,-1,0,0,1,0,7,11,3,1,-1,9,1,28,6,-1,-1,-1,-1,1,E01007804,0,3
2024010493208,2024,010493208,2,19,0,99,99,9,9,99,99,9,9,99,9,99,1,9,6,6,3,-1,-1,-1,-1,-1,-1,7,E01003001,0,2
2024061495548,2024,061495548,3,9,0,-1,2,0,0,-1,0,0,0,0,0,0,3,1,-1,6,-1,-1,-1,-1,-1,-1,-1,-1,-1,0,-1
2024471462351,2024,471462351,3,9,0,-1,4,3,5,-1,0,6,0,0,0,0,0,1,-1,6,1,68,10,-1,-1,-1,-1,10,E01016984,0,3
2024010540676,2024,010540676,2,9,0,99,99,5,1,99,99,0,9,99,9,99,2,9,6,6,3,-1,-1,-1,-1,-1,-1,-1,-1,0,-1
2024010539294,2024,010539294,2,9,9,18,19,9,9,99,99,9,9,99,9,99,2,9,6,6,3,-1,-1,-1,-1,-1,-1,8,E01003039,0,1
2024311515635,2024,311515635,2,1,0,-1,19,2,5,-1,9,0,0,0,0,0,1,1,-1,2,1,13,3,-1,-1,-1,-1,-1,-1,0,-1
2024531513703,2024,531513703,2,1,0,-1,19,7,3,-1,0,0,0,0,1,9,4,1,-1,2,1,48,8,-1,-1,-1,-1,8,E01022298,0,1
2024010550234,2024,010550234,1,1,9,99,99,9,9,99,99,9,9,99,9,99,1,1,2,2,1,30,6,-1,-1,-1,-1,4,E01000957,0,1
2024991523982,2024,991523982,1,17,0,-1,19,2,6,-1,0,0,0,0,0,0,1,1,-1,6,1,25,5,-1,-1,-1,-1,4,-1,0,1
2024010521504,2024,010521504,1,1,9,99,99,9,9,99,99,9,9,99,9,99,9,1,6,6,1,38,7,-1,-1,-1,-1,10,E01000460,0,2
2024010489707,2024,010489707,2,8,0,99,99,9,9,99,99,9,9,99,9,99,9,9,6,6,1,49,8,-1,-1,-1,-1,6,E01000942,0,1
2024010497126,2024,010497126,2,9,0,99,99,9,9,99,99,9,9,99,9,99,9,9,6,6,3,-1,-1,-1,-1,-1,-1,-1,-1,0,-1
2024052401324,2024,052401324,1,8,0,5,5,2,8,0,0,0,0,0,0,0,4,1,1,1,3,-1,-1,-1,-1,-1,-1,-1,-1,0,-1
2024302400449,2024,302400449,2,1,0,18,19,8,4,0,0,8,0,0,0,0,1,1,6,6,3,-1,-1,-1,-1,-1,-1,5,E01019456,0,3
2024401402082,2024,401402082,1,90,3,-1,19,3,7,-1,0,1,0,0,0,0,-1,9,-1,6,3,-1,-1,-1,-1,-1,-1,-1,-1,0,-1
2024440114021,2024,440114021,2,9,0,12,12,8,4,0,0,1,0,0,0,0,0,1,6,6,3,-1,-1,-1,-1,-1,-1,-1,-1,0,-1
2024122400343,2024,122400343,1,1,0,18,19,6,2,0,0,1,0,0,0,0,1,1,6,6,1,34,6,-1,-1,-1,-1,7,E01013336,0,1
2024371529530,2024,371529530,4,98,1,-1,19,3,7,-1,0,0,0,0,0,0,4,1,-1,1,1,26,6,-1,-1,-1,-1,10,E01027046,0,4
2024010545525,2024,010545525,1,1,9,99,99,9,9,99,99,9,9,99,9,99,9,1,6,6,1,39,7,-1,-1,-1,-1,4,E01003282,0,1
2024010546872,2024,010546872,1,1,9,99,99,9,9,99,99,9,9,99,9,99,1,1,6,6,1,22,5,-1,-1,-1,-1,3,E01002770,0,1
2024451395405,2024,451395405,2,9,0,-1,19,5,7,-1,0,1,0,0,0,0,1,1,-1,9,2,78,11,-1,-1,-1,-1,10,E01030876,0,1
2024311476118,2024,311476118,2,3,0,-1,19,8,5,-1,0,2,0,0,0,0,4,1,-1,6,1,21,5,-1,-1,-1,-1,4,E01035501,0,1
2024010496742,2024,010496742,1,9,0,7,7,4,7,0,0,3,0,0,7,0,4,1,6,6,2,40,7,-1,-1,-1,-1,2,E01001076,0,2
2024010504451,2024,010504451,1,1,9,99,99,9,9,99,99,9,9,99,9,99,9,1,6,6,3,-1,-1,-1,-1,-1,-1,-1,-1,0,-1
2024351540100,2024,351540100,2,9,0,-1,9,1,7,-1,0,8,0,0,0,0,1,1,-1,6,1,59,9,-1,-1,-1,-1,4,E01015614,0,2
2024471477862,2024,471477862,2,9,0,-1,3,7,3,-1,0,1,0,0,0,0,2,9,-1,6,1,59,9,-1,-1,-1,-1,6,E01016877,0,1
2024010544034,2024,010544034,1,9,0,18,19,9,9,99,99,0,9,99,9,99,2,9,2,2,1,43,7,-1,-1,-1,-1,3,E01001504,0,3
2024010489184,2024,010489184,1,1,0,18,19,3,7,0,0,1,0,0,0,0,1,1,2,2,2,43,7,-1,-1,-1,-1,2,E01002090,0,1
2024010542371,2024,010542371,1,9,0,99,99,9,9,0,0,7,0,0,0,0,4,1,6,6,3,-1,-1,-1,-1,-1,-1,-1,-1,0,-1
2024351466780,2024,351466780,1,1,0,-1,7,8,2,-1,0,0,1,0,0,0,3,1,-1,9,2,60,9,-1,-1,-1,-1,5,E01016787,0,4
2024010539755,2024,010539755,1,1,0,18,19,1,5,0,0,8,0,0,0,0,4,1,6,6,1,60,9,-1,-1,-1,-1,3,E01000141,0,1
2024430235201,2024,430235201,2,9,0,18,19,5,1,0,0,0,0,0,0,0,1,1,6,6,1,-1,-1,-1,-1,-1,-1,-1,-1,0,-1
2024010513622,2024,010513622,1,2,0,18,19,6,2,0,0,1,0,0,0,0,1,1,6,6,3,-1,-1,-1,-1,-1,-1,-1,-1,0,-1
2024052402503,2024,052402503,1,1,0,18,19,1,5,0,0,8,1,0,0,0,3,1,6,6,1,53,8,-1,-1,-1,-1,2,E01006751,0,1
2024311401950,2024,311401950,1,9,0,-1,19,3,7,-1,0,0,0,0,0,0,3,1,-1,6,2,33,6,-1,-1,-1,-1,6,E01013978,0,1
2024231505523,2024,231505523,2,9,0,-1,14,5,1,-1,0,8,0,0,0,0,3,9,-1,6,2,21,5,-1,-1,-1,-1,6,E01031084,0,1
2024221462602,2024,221462602,2,9,0,-1,19,2,5,-1,0,0,0,0,0,0,1,9,-1,6,2,40,7,-1,-1,-1,-1,5,E01032181,0,2
2024440372513,2024,440372513,2,9,0,18,19,5,1,0,0,0,0,0,0,0,4,1,6,6,3,-1,-1,-1,-1,-1,-1,-1,-1,0,-1
2024041439405,2024,041439405,2,1,0,-1,10,1,7,-1,0,4,0,0,0,0,1,1,-1,6,1,67,10,-1,-1,-1,-1,10,E01025440,0,1
2024631491680,2024,631491680,2,22,0,-1,19,8,4,-1,0,8,0,0,0,0,3,1,-1,6,2,65,9,-1,-1,-1,-1,2,E01012459,0,5
2024052400473,2024,052400473,1,19,0,18,19,6,2,0,0,1,0,0,0,0,1,1,6,6,3,-1,-1,-1,-1,-1,-1,-1,-1,0,-1
2024010498655,2024,010498655,2,1,0,18,19,7,3,0,0,3,0,0,0,0,1,1,6,6,1,74,10,-1,-1,-1,-1,-1,-1,0,-1
2024440333621,2024,440333621,1,-1,0,18,19,6,2,0,0,1,0,0,0,0,1,1,6,6,1,54,8,-1,-1,-1,-1,1,E01017154,1,1
2024201501266,2024,201501266,1,9,0,-1,19,1,5,-1,0,6,0,0,0,0,1,1,-1,6,1,23,5,-1,-1,-1,-1,1,E01009374,0,1
2024351463879,2024,351463879,1,9,0,-1,9,1,5,-1,0,0,0,0,0,0,4,1,-1,1,1,35,6,-1,-1,-1,-1,3,E01026270,0,4
2024421528764,2024,421528764,2,98,0,-1,19,6,2,-1,0,0,0,0,1,0,1,1,-1,1,1,50,8,-1,-1,-1,-1,4,E01021498,0,2
2024320348378,2024,320348378,1,9,0,-1,-1,2,6,0,0,0,0,0,0,0,1,1,-1,-1,1,44,7,-1,-1,-1,-1,5,E01028022,0,4
2024501406886,2024,501406886,2,1,0,-1,19,5,1,-1,0,1,0,0,0,0,1,1,-1,6,1,20,4,-1,-1,-1,-1,10,E01020203,0,1
2024501418314,2024,501418314,1,9,9,-1,9,4,3,-1,0,1,0,0,9,0,9,9,-1,6,3,-1,-1,-1,-1,-1,-1,-1,-1,0,-1
2024061534502,2024,061534502,1,-1,0,-1,19,-1,-1,-1,4,0,0,0,0,0,3,1,-1,2,2,31,6,-1,-1,-1,-1,1,E01005610,0,1
2024010509885,2024,010509885,2,1,0,18,19,4,8,0,0,2,0,0,0,0,3,1,6,6,1,26,6,-1,-1,-1,-1,5,E01004663,0,1
2024101503022,2024,101503022,2,9,0,-1,19,7,3,-1,0,0,0,0,0,0,2,1,-1,2,1,40,7,-1,-1,-1,-1,8,E01027549,0,1
2024451517529,2024,451517529,2,9,0,-1,12,3,7,-1,0,1,0,0,0,0,1,1,-1,6,2,43,7,-1,-1,-1,-1,10,E01030425,0,1
2024010489505,2024,010489505,1,11,0,4,4,1,5,0,0,0,0,0,0,0,0,1,1,1,1,54,8,-1,-1,-1,-1,2,E01001955,0,2
2024461509986,2024,461509986,1,9,0,-1,19,5,1,-1,0,0,1,7,0,0,1,1,-1,1,1,53,8,-1,-1,-1,-1,5,E01023978,0,4
2024010489276,2024,010489276,1,11,0,5,5,8,4,0,0,0,0,0,0,0,0,1,1,1,1,35,6,-1,-1,-1,-1,6,E01000892,0,3
2024522402312,2024,522402312,2,9,0,12,12,1,5,0,0,1,0,0,0,0,2,1,6,6,3,-1,-1,-1,-1,-1,-1,-1,-1,0,-1
2024010527750,2024,010527750,2,9,0,9,9,1,7,0,0,8,0,0,0,0,1,1,2,2,1,51,8,-1,-1,-1,-1,4,E01001552,0,3
2024010526117,2024,010526117,1,9,0,13,13,7,3,0,0,0,0,0,0,0,4,1,6,6,3,-1,-1,-1,-1,-1,-1,-1,-1,0,-1
2024430283897,2024,430283897,2,1,0,16,19,7,2,0,0,0,0,0,0,0,1,1,6,6,1,47,8,-1,-1,-1,-1,-1,-1,0,-1
2024010498039,2024,010498039,1,1,9,99,99,9,9,99,99,9,9,8,9,99,9,1,2,2,1,18,4,-1,-1,-1,-1,8,E01017488,0,4
2024522402096,2024,522402096,2,11,0,11,11,1,5,0,0,1,0,0,0,0,4,1,1,1,3,-1,-1,-1,-1,-1,-1,-1,-1,0,-1
2024302400577,2024,302400577,1,9,0,5,5,2,6,0,0,1,0,0,0,0,1,1,6,6,2,40,7,-1,-1,-1,-1,3,E01013547,0,1
2024481503987,2024,481503987,1,1,0,-1,19,3,7,-1,0,1,0,0,0,0,1,1,-1,6,1,30,6,-1,-1,-1,-1,-1,-1,0,-1
2024520401165,2024,520401165,1,9,0,18,19,3,7,0,0,0,0,0,0,0,1,1,6,6,1,56,9,-1,-1,-1,-1,8,E01029282,0,1
2024010488969,2024,010488969,1,1,9,99,99,9,9,99,99,9,9,99,9,99,1,1,6,6,2,25,5,-1,-1,-1,-1,8,E01004585,0,1
2024010513965,2024,010513965,1,1,9,99,99,9,9,99,99,9,9,99,9,99,9,1,2,2,1,32,6,-1,-1,-1,-1,4,E01003730,0,1
2024201482826,2024,201482826,2,1,0,-1,19,8,5,-1,0,8,0,9,0,0,1,1,-1,9,1,18,4,-1,-1,-1,-1,2,E01009981,0,1
2024451415255,2024,451415255,1,9,0,-1,19,7,3,-1,0,2,0,0,0,0,1,1,-1,9,1,36,7,-1,-1,-1,-1,9,E01030477,0,1
2024302401214,2024,302401214,1,5,0,3,3,5,1,0,0,4,0,0,0,0,2,1,6,6,1,62,9,-1,-1,-1,-1,9,E01007752,0,2
2024361445325,2024,361445325,1,9,0,-1,19,4,8,-1,0,0,0,0,0,0,3,9,-1,6,3,-1,-1,-1,-1,-1,-1,-1,-1,0,-1