collision_index,collision_year,collision_ref_no,vehicle_reference,vehicle_type,towing_and_articulation,vehicle_manoeuvre_historic,vehicle_manoeuvre,vehicle_direction_from,vehicle_direction_to,vehicle_location_restricted_lane_historic,vehicle_location_restricted_lane,junction_location,skidding_and_overturning,hit_object_in_carriageway,vehicle_leaving_carriageway,hit_object_off_carriageway,first_point_of_impact,vehicle_left_hand_drive,journey_purpose_of_driver_historic,journey_purpose_of_driver,sex_of_driver,age_of_driver,age_band_of_driver,engine_capacity_cc,propulsion_code,age_of_vehicle,generic_make_model,driver_imd_decile,lsoa_of_driver,escooter_flag,driver_distance_banding
2024010516598,2024,010516598,2,9,0,99,99,9,9,99,99,0,9,99,9,99,9,9,6,6,3,-1,-1,-1,-1,-1,-1,-1,-1,0,-1
2024461461066,2024,461461066,2,98,0,-1,19,8,4,-1,0,0,0,0,0,0,0,9,-1,6,1,30,6,-1,-1,-1,-1,-1,-1,0,-1
2024461470614,2024,461470614,2,1,0,-1,19,3,7,-1,0,0,0,0,0,0,1,1,-1,6,2,21,5,-1,-1,-1,-1,1,E01024504,0,4
2024071028406,2024,071028406,1,1,0,-1,19,8,4,-1,99,0,1,4,9,99,1,1,-1,6,1,63,9,-1,-1,-1,-1,6,E01018332,0,3
2024421395790,2024,421395790,2,1,0,-1,9,5,1,-1,0,0,5,0,0,0,3,1,-1,2,1,51,8,-1,-1,-1,-1,6,E01021705,0,1
2024430047487,2024,430047487,1,9,0,7,7,3,6,0,0,3,0,0,0,0,4,1,6,6,2,45,7,-1,-1,-1,-1,-1,-1,0,-1
2024010541455,2024,010541455,2,9,0,99,99,9,9,99,99,9,9,99,9,99,2,9,6,6,1,20,4,-1,-1,-1,-1,3,E01004567,0,1
2024361526362,2024,361526362,1,98,-1,-1,-1,-1,-1,-1,-1,0,-1,-1,-1,0,-1,1,-1,6,3,-1,-1,-1,-1,-1,-1,-1,-1,0,-1
2024451465571,2024,451465571,3,9,0,-1,19,5,1,-1,0,0,0,0,0,0,4,1,-1,9,1,73,10,-1,-1,-1,-1,6,E01017300,0,4
2024302400226,2024,302400226,3,17,4,18,19,2,6,0,0,0,0,0,0,0,1,1,1,1,3,-1,-1,-1,-1,-1,-1,5,E01019456,0,4
2024520402871,2024,520402871,1,9,0,18,19,6,2,0,0,8,0,0,0,0,4,1,6,6,3,-1,-1,-1,-1,-1,-1,-1,-1,0,-1
2024361504024,2024,361504024,2,9,0,-1,19,5,7,-1,0,1,0,0,1,11,1,1,-1,1,2,62,9,-1,-1,-1,-1,3,E01026719,0,3
2024041402636,2024,041402636,1,98,0,-1,9,2,8,-1,0,0,0,0,0,0,3,1,-1,6,2,54,8,-1,-1,-1,-1,5,E01025401,0,1
2024991455471,2024,991455471,5,9,0,-1,19,3,7,-1,0,0,0,0,1,0,1,1,-1,9,1,65,9,-1,-1,-1,-1,9,-1,0,2
2024430148643,2024,430148643,1,9,0,18,19,7,3,0,0,0,0,0,0,0,2,1,2,2,2,54,8,-1,-1,-1,-1,10,E01035754,0,1
2024061519752,2024,061519752,1,1,0,-1,19,3,7,-1,0,0,0,0,0,0,1,1,-1,6,3,-1,-1,-1,-1,-1,-1,-1,-1,0,-1
2024991499282,2024,991499282,2,1,0,-1,19,5,1,-1,0,1,5,0,0,0,4,1,-1,6,2,25,5,-1,-1,-1,-1,9,-1,0,1
2024520401861,2024,520401861,2,9,0,18,19,3,7,0,0,1,0,4,7,10,4,1,6,6,1,18,4,-1,-1,-1,-1,10,E01029115,0,3
2024371406379,2024,371406379,1,9,0,-1,19,4,8,-1,0,0,5,0,0,0,1,1,-1,9,1,27,6,-1,-1,-1,-1,5,E01030188,0,1
202417S307024,2024,17S307024,1,1,0,-1,19,4,8,-1,0,8,0,0,0,0,3,1,-1,7,1,13,3,-1,-1,-1,-1,9,E01033475,0,1
2024302400057,2024,302400057,2,3,0,18,19,1,5,0,0,1,0,0,0,0,1,1,6,6,3,-1,-1,-1,-1,-1,-1,-1,-1,0,-1
2024010547344,2024,010547344,1,1,9,99,99,9,9,99,99,9,9,99,9,99,9,1,6,6,3,-1,-1,-1,-1,-1,-1,-1,-1,0,-1
2024610050524,2024,610050524,2,9,0,5,5,1,5,0,0,4,0,0,0,0,1,1,6,6,3,-1,-1,-1,-1,-1,-1,-1,-1,0,-1
2024991527225,2024,991527225,2,21,0,-1,19,7,4,-1,0,0,0,0,0,0,3,1,-1,1,1,51,8,-1,-1,-1,-1,8,-1,0,4
2024010521344,2024,010521344,1,1,9,18,19,9,9,99,99,9,9,99,9,99,3,1,2,2,1,50,8,-1,-1,-1,-1,10,E01023259,0,4
2024131414816,2024,131414816,2,1,0,-1,19,5,1,-1,0,8,0,0,0,0,3,1,-1,2,1,32,6,-1,-1,-1,-1,1,E01010733,0,1
2024010496347,2024,010496347,2,9,0,99,99,9,9,99,99,9,9,99,9,99,1,9,6,6,3,33,6,-1,-1,-1,-1,3,E01002637,0,1
2024010495078,2024,010495078,1,9,0,9,9,6,5,0,0,1,0,0,0,0,1,1,6,6,2,23,5,-1,-1,-1,-1,2,E01002032,0,1
2024010516946,2024,010516946,1,9,9,99,99,9,9,99,99,9,9,99,9,99,9,9,6,6,3,-1,-1,-1,-1,-1,-1,-1,-1,0,-1
2024320040575,2024,320040575,2,9,0,-1,-1,2,6,0,0,0,0,0,0,0,2,1,-1,-1,1,76,11,-1,-1,-1,-1,9,E01026321,0,1
2024071050082,2024,071050082,2,9,0,-1,4,5,1,-1,0,0,0,0,0,0,2,1,-1,9,2,60,9,-1,-1,-1,-1,6,E01028678,0,5
2024401476463,2024,401476463,1,9,0,-1,19,5,1,-1,0,0,5,0,0,0,3,1,-1,6,-1,-1,-1,-1,-1,-1,-1,-1,-1,0,-1
2024610041124,2024,610041124,2,1,0,18,19,7,3,0,0,1,0,0,0,0,1,1,6,6,1,19,4,-1,-1,-1,-1,4,W01001335,0,1
2024010543768,2024,010543768,2,1,0,18,19,1,5,0,0,6,0,0,7,0,1,1,6,6,1,17,4,-1,-1,-1,-1,7,E01004516,0,1
2024430482484,2024,430482484,2,9,0,18,19,1,5,0,0,6,0,0,0,0,3,1,6,6,1,-1,-1,-1,-1,-1,-1,4,E01016271,0,1
2024041574497,2024,041574497,2,1,0,-1,19,6,2,-1,0,8,0,0,0,0,4,1,-1,9,1,33,6,-1,-1,-1,-1,7,E01025079,0,1
2024070319107,2024,070319107,2,9,0,18,19,3,7,0,0,0,0,0,0,0,2,1,6,6,2,61,9,-1,-1,-1,-1,8,E01005738,0,3
2024041442305,2024,041442305,2,97,0,-1,19,1,5,-1,0,0,0,0,0,0,0,1,-1,2,1,41,7,-1,-1,-1,-1,8,E01025416,0,1
2024401525928,2024,401525928,2,9,-1,-1,-1,-1,-1,-1,-1,-1,-1,-1,-1,0,2,9,-1,2,1,50,8,-1,-1,-1,-1,5,E01016771,0,3
2024522500178,2024,522500178,2,9,0,1,1,8,4,0,0,0,0,0,0,0,2,1,6,6,3,-1,-1,-1,-1,-1,-1,-1,-1,0,-1
2024501502115,2024,501502115,2,9,0,-1,19,8,4,-1,0,0,0,0,0,0,3,1,-1,6,1,69,10,-1,-1,-1,-1,7,E01020341,0,1
2024451406947,2024,451406947,1,1,0,-1,19,5,1,-1,0,8,0,0,1,0,3,1,-1,2,2,34,6,-1,-1,-1,-1,10,E01030489,0,1
2024201487202,2024,201487202,1,9,0,-1,6,5,5,-1,0,8,0,0,0,0,1,1,-1,6,1,40,7,-1,-1,-1,-1,-1,-1,0,-1
2024440311744,2024,440311744,2,9,0,18,19,3,7,0,0,1,0,0,0,0,3,1,1,1,1,36,7,-1,-1,-1,-1,3,E01017076,0,4
2024302400073,2024,302400073,2,9,0,17,19,8,4,0,0,0,0,0,0,0,3,1,6,6,1,65,9,-1,-1,-1,-1,6,E01019482,0,1
2024010508655,2024,010508655,1,1,9,99,99,9,9,99,99,9,9,99,9,99,9,1,6,6,1,31,6,-1,-1,-1,-1,9,E01004171,0,2
2024351429233,2024,351429233,2,98,0,-1,19,5,1,-1,0,0,0,0,0,0,1,1,-1,6,1,31,6,-1,-1,-1,-1,7,E01018022,0,2
2024010490117,2024,010490117,2,9,0,2,2,0,0,0,0,0,0,0,0,0,1,1,6,6,3,-1,-1,-1,-1,-1,-1,-1,-1,0,-1
2024522402508,2024,522402508,1,1,0,18,19,3,7,0,0,8,0,0,0,0,4,1,6,6,2,60,9,-1,-1,-1,-1,10,E01014711,0,1
2024070265929,2024,070265929,2,9,0,16,19,2,6,0,0,1,0,0,1,0,1,1,1,1,1,38,7,-1,-1,-1,-1,1,E01007179,0,3
2024531475717,2024,531475717,2,9,0,-1,2,0,0,-1,9,0,0,0,0,0,3,1,-1,6,-1,-1,-1,-1,-1,-1,-1,-1,-1,0,-1
2024430246829,2024,430246829,1,9,0,9,9,7,5,0,0,0,0,0,0,0,4,1,6,6,3,50,8,-1,-1,-1,-1,-1,-1,0,-1
2024122500147,2024,122500147,2,16,0,18,19,2,6,0,0,0,0,0,0,0,3,1,6,6,2,44,7,-1,-1,-1,-1,5,E01034971,0,2
2024522402113,2024,522402113,2,-1,0,9,9,5,3,0,0,5,1,0,0,0,3,1,6,6,3,-1,-1,-1,-1,-1,-1,-1,-1,1,-1
2024631394170,2024,631394170,1,9,0,-1,19,6,2,-1,0,0,0,0,8,10,1,1,-1,9,2,59,9,-1,-1,-1,-1,5,W01000531,0,4
2024010487442,2024,010487442,2,1,9,99,99,9,9,99,99,6,9,99,9,99,9,1,6,6,1,-1,-1,-1,-1,-1,-1,7,E01000438,0,1
2024010518353,2024,010518353,1,9,0,18,19,5,1,0,0,1,0,0,0,0,1,1,6,6,2,34,6,-1,-1,-1,-1,-1,-1,0,-1
2024010529519,2024,010529519,1,1,9,99,99,9,9,99,99,9,9,99,9,99,9,1,6,6,2,29,6,-1,-1,-1,-1,3,E01004044,0,1
2024430148643,2024,430148643,2,1,0,18,19,7,3,0,0,0,0,0,0,0,2,1,2,2,1,66,10,-1,-1,-1,-1,10,E01035754,0,1
2024201486840,2024,201486840,2,1,0,-1,19,5,1,-1,0,8,0,0,0,0,3,1,-1,6,1,29,6,-1,-1,-1,-1,1,E01009351,0,1
2024221478763,2024,221478763,2,1,0,-1,4,1,3,-1,0,1,0,0,0,0,2,1,-1,6,2,18,4,-1,-1,-1,-1,1,E01014164,0,1
2024451523404,2024,451523404,2,9,0,-1,11,5,1,-1,0,8,0,0,0,0,2,1,-1,6,2,55,8,-1,-1,-1,-1,8,E01031633,0,4
2024141435340,2024,141435340,2,9,0,-1,19,5,1,-1,0,0,0,0,0,0,1,9,-1,6,1,29,6,-1,-1,-1,-1,2,E01007397,0,3
2024161429575,2024,161429575,2,9,0,-1,4,3,7,-1,0,1,0,0,0,0,1,9,-1,6,1,-1,-1,-1,-1,-1,-1,-1,-1,0,-1
2024201413933,2024,201413933,1,9,0,-1,19,3,5,-1,0,4,1,0,0,0,3,9,-1,6,3,24,5,-1,-1,-1,-1,-1,-1,0,-1
2024430289705,2024,430289705,2,1,0,9,9,5,3,0,0,1,0,0,0,0,4,1,6,6,1,20,4,-1,-1,-1,-1,10,E01028563,0,1
2024311524660,2024,311524660,1,1,0,-1,19,3,7,-1,0,0,1,0,0,0,1,1,-1,6,1,48,8,-1,-1,-1,-1,-1,-1,0,-1
2024471532952,2024,471532952,2,9,0,-1,19,7,3,-1,0,0,0,0,0,0,-1,9,-1,6,3,-1,-1,-1,-1,-1,-1,-1,-1,0,-1
2024010490849,2024,010490849,1,9,0,99,99,9,9,99,99,9,9,99,9,99,9,9,2,2,2,53,8,-1,-1,-1,-1,1,E01003506,0,1
2024552400684,2024,552400684,1,99,0,18,19,4,8,0,0,8,0,0,0,0,1,1,6,6,3,-1,-1,-1,-1,-1,-1,-1,-1,0,-1
2024461536065,2024,461536065,1,9,0,-1,9,6,3,-1,0,2,0,0,0,0,1,1,-1,2,1,55,8,-1,-1,-1,-1,5,E01024095,0,1
2024361456630,2024,361456630,1,9,0,-1,19,1,5,-1,0,2,0,0,0,0,-1,9,-1,6,3,-1,-1,-1,-1,-1,-1,-1,-1,0,-1
2024351421916,2024,351421916,2,-1,0,-1,12,3,2,-1,0,1,0,0,0,0,0,1,-1,9,1,26,6,-1,-1,-1,-1,6,E01032612,1,4
2024440289244,2024,440289244,1,9,0,4,4,1,5,0,0,2,0,0,0,0,2,1,6,6,1,-1,-1,-1,-1,-1,-1,-1,-1,0,-1
2024010505385,2024,010505385,2,1,0,9,9,1,7,0,0,2,0,0,0,0,2,1,2,2,1,59,9,-1,-1,-1,-1,7,E01000270,0,2
2024111479159,2024,111479159,1,9,0,-1,19,6,2,-1,0,0,0,0,0,0,1,1,-1,9,1,27,6,-1,-1,-1,-1,3,E01034509,0,1
2024010492256,2024,010492256,2,9,0,99,99,9,9,99,99,9,9,99,9,99,1,9,6,6,2,82,11,-1,-1,-1,-1,7,E01035001,0,2
2024010494784,2024,010494784,3,9,0,5,5,0,1,0,0,0,0,0,1,0,2,1,6,6,2,36,7,-1,-1,-1,-1,4,E01000819,0,1
2024522402931,2024,522402931,1,1,0,18,19,7,3,0,0,8,0,0,0,0,4,1,6,6,1,33,6,-1,-1,-1,-1,7,E01014856,0,2
2024991472478,2024,991472478,2,1,0,-1,19,6,2,-1,0,1,0,0,0,0,3,1,-1,6,1,15,3,-1,-1,-1,-1,1,-1,0,1
2024211458837,2024,211458837,1,19,0,-1,19,7,7,-1,0,1,0,0,0,0,4,1,-1,2,1,53,8,-1,-1,-1,-1,2,E01014359,0,2
2024010532079,2024,010532079,1,1,9,99,99,9,9,99,99,9,9,99,9,99,1,1,2,2,1,17,4,-1,-1,-1,-1,6,E01003314,0,1
2024201457406,2024,201457406,1,9,0,-1,19,8,2,-1,0,0,0,0,0,0,1,9,-1,9,1,43,7,-1,-1,-1,-1,1,E01009021,0,1
2024430074500,2024,430074500,2,97,0,18,19,4,8,0,0,8,0,0,0,0,1,1,6,6,1,-1,-1,-1,-1,-1,-1,-1,-1,0,-1
2024302401703,2024,302401703,1,1,0,-1,99,5,1,-1,0,1,0,0,0,0,1,1,-1,6,1,60,9,-1,-1,-1,-1,3,E01013457,0,1
2024061411706,2024,061411706,2,9,0,-1,13,7,3,-1,0,1,0,0,0,0,1,1,-1,8,1,31,6,-1,-1,-1,-1,-1,-1,0,-1
2024010497262,2024,010497262,1,1,9,99,99,9,9,99,99,9,9,99,9,99,9,1,6,6,1,21,5,-1,-1,-1,-1,4,E01004038,0,1
2024991490765,2024,991490765,1,99,0,-1,19,2,6,-1,0,0,0,0,0,0,1,1,-1,6,3,-1,-1,-1,-1,-1,-1,-1,-1,0,-1
2024332400462,2024,332400462,1,1,0,-1,19,1,5,-1,9,8,0,0,0,0,1,1,-1,6,1,15,3,-1,-1,-1,-1,5,E01025749,0,1
2024010535571,2024,010535571,1,1,0,5,5,5,1,0,0,1,0,0,0,0,4,1,6,6,1,11,3,-1,-1,-1,-1,4,E01000428,0,1
2024311499960,2024,311499960,2,11,0,-1,9,3,5,-1,0,8,0,0,0,0,1,1,-1,1,1,-1,-1,-1,-1,-1,-1,-1,-1,0,-1
2024201517355,2024,201517355,2,90,0,-1,19,3,7,-1,0,0,0,0,0,0,2,1,-1,6,1,44,7,-1,-1,-1,-1,1,E01034309,0,1
2024351414168,2024,351414168,2,1,0,-1,19,4,8,-1,0,0,0,0,0,0,1,1,-1,6,1,15,3,-1,-1,-1,-1,2,E01033111,0,1
2024010543072,2024,010543072,1,1,0,5,5,1,5,0,0,1,0,0,0,0,1,1,6,6,1,18,4,-1,-1,-1,-1,7,E01003139,0,1
2024141460395,2024,141460395,2,9,0,-1,-1,-1,-1,-1,-1,-1,-1,-1,-1,0,-1,9,-1,6,3,-1,-1,-1,-1,-1,-1,-1,-1,0,-1
2024010494541,2024,010494541,2,8,0,6,6,3,3,0,0,1,0,0,0,0,1,1,1,1,1,43,7,-1,-1,-1,-1,3,E01003094,0,1
2024010511845,2024,010511845,2,1,0,7,7,1,2,0,0,1,0,0,0,0,1,1,6,6,2,55,8,-1,-1,-1,-1,3,E01004041,0,1
2024070232946,2024,070232946,2,1,0,18,19,7,5,0,0,1,0,0,0,0,3,1,6,6,2,31,6,-1,-1,-1,-1,10,E01012558,0,1
2024421485958,2024,421485958,1,9,0,-1,19,3,7,-1,0,0,0,0,0,0,1,1,-1,1,1,71,10,-1,-1,-1,-1,3,E01011761,0,5
2024010516720,2024,010516720,1,9,0,99,99,9,9,99,99,9,9,99,9,99,9,9,6,6,3,-1,-1,-1,-1,-1,-1,-1,-1,0,-1
2024520402352,2024,520402352,1,19,0,18,19,9,9,0,0,0,0,0,0,0,9,1,6,6,3,-1,-1,-1,-1,-1,-1,-1,-1,0,-1
2024430597354,2024,430597354,2,1,0,18,19,4,8,5,5,8,0,0,0,0,3,1,4,7,2,12,3,-1,-1,-1,-1,9,E01028511,0,1
2024481569665,2024,481569665,1,1,0,-1,9,1,7,-1,5,8,0,0,0,0,3,1,-1,2,2,25,5,-1,-1,-1,-1,-1,-1,0,-1
2024141432647,2024,141432647,4,98,4,-1,19,2,6,-1,0,0,0,0,0,0,1,1,-1,1,1,40,7,-1,-1,-1,-1,9,E01019787,0,3
2024010524482,2024,010524482,2,9,9,99,99,9,9,99,99,9,9,99,9,99,9,1,6,6,1,31,6,-1,-1,-1,-1,3,E01000522,0,2
2024201504142,2024,201504142,1,99,0,-1,5,7,3,-1,0,4,0,0,0,0,1,9,-1,6,3,33,6,-1,-1,-1,-1,-1,-1,0,-1
2024201480540,2024,201480540,2,1,0,-1,19,5,1,-1,0,8,0,0,0,0,2,1,-1,2,1,30,6,-1,-1,-1,-1,7,E01034937,0,1
2024010516346,2024,010516346,1,1,0,7,7,2,5,9,9,6,0,0,1,0,1,1,6,6,1,23,5,-1,-1,-1,-1,3,E01035645,0,1
2024540162024,2024,540162024,2,9,0,18,19,8,4,0,0,0,0,0,0,0,2,1,6,6,2,48,8,-1,-1,-1,-1,7,E01015588,0,1
2024421527251,2024,421527251,1,9,0,-1,19,7,2,-1,0,2,0,0,0,0,1,9,-1,9,3,-1,-1,-1,-1,-1,-1,-1,-1,0,-1
2024010494803,2024,010494803,1,19,0,4,4,5,1,0,0,0,0,0,0,0,2,1,6,6,1,39,7,-1,-1,-1,-1,5,E01013623,0,5
2024010494138,2024,010494138,1,3,0,99,99,9,9,99,99,9,9,99,9,99,9,1,1,1,1,26,6,-1,-1,-1,-1,6,E01000244,0,3
2024471433078,2024,471433078,2,90,0,-1,19,5,1,-1,0,0,0,0,0,0,1,9,-1,6,2,29,6,-1,-1,-1,-1,6,E01021187,0,2
2024010494047,2024,010494047,2,97,0,99,99,9,9,99,99,9,9,99,9,99,1,1,6,6,3,-1,-1,-1,-1,-1,-1,-1,-1,0,-1
2024221434997,2024,221434997,2,9,0,-1,9,3,1,-1,0,6,0,0,0,0,1,9,-1,6,3,20,4,-1,-1,-1,-1,-1,-1,0,-1
2024131426497,2024,131426497,1,90,0,-1,-1,-1,-1,-1,-1,-1,-1,-1,-1,-1,-1,1,-1,6,1,32,6,-1,-1,-1,-1,1,E01011803,0,1
2024461517266,2024,461517266,1,9,0,-1,5,8,3,-1,0,0,0,0,0,0,1,1,-1,6,1,41,7,-1,-1,-1,-1,8,E01024011,0,4
2024010520531,2024,010520531,1,1,9,99,99,9,9,99,99,9,9,99,9,99,9,1,6,6,2,33,6,-1,-1,-1,-1,6,E01003153,0,1
2024122400980,2024,122400980,2,1,0,18,19,2,6,0,0,8,0,0,0,0,3,1,4,7,2,17,4,-1,-1,-1,-1,10,E01013388,0,1
2024122400397,2024,122400397,1,19,0,18,19,7,3,0,0,0,0,0,0,0,1,1,6,6,1,22,5,-1,-1,-1,-1,-1,-1,0,-1
2024991491791,2024,991491791,1,90,0,-1,19,8,5,-1,0,0,0,0,0,0,1,1,-1,1,1,42,7,-1,-1,-1,-1,2,-1,0,5
2024070181309,2024,070181309,2,90,0,18,19,7,3,0,0,8,0,0,0,0,4,1,6,6,2,57,9,-1,-1,-1,-1,10,E01018407,0,1
2024010493296,2024,010493296,1,9,9,99,99,9,9,99,99,9,9,99,9,99,1,9,2,2,2,37,7,-1,-1,-1,-1,1,E01002842,0,1
2024552400550,2024,552400550,3,19,0,2,2,0,0,0,0,1,0,0,0,0,2,1,1,1,3,-1,-1,-1,-1,-1,-1,-1,-1,0,-1
2024211534394,2024,211534394,1,99,0,-1,7,3,7,-1,0,2,0,0,0,0,1,1,-1,6,3,21,5,-1,-1,-1,-1,-1,-1,0,-1
2024332400337,2024,332400337,2,1,0,-1,19,7,3,-1,0,8,0,0,0,0,1,1,-1,7,1,14,3,-1,-1,-1,-1,9,E01025945,0,1
2024031393721,2024,031393721,2,9,0,-1,2,0,0,-1,0,0,0,0,0,0,1,1,-1,6,-1,-1,-1,-1,-1,-1,-1,-1,-1,0,-1
2024010535509,2024,010535509,1,1,9,99,99,9,9,99,99,9,9,99,9,99,1,1,2,2,2,30,6,-1,-1,-1,-1,3,E01004308,0,1
2024131428373,2024,131428373,2,9,0,-1,19,6,2,-1,0,1,0,0,0,0,4,1,-1,9,2,27,6,-1,-1,-1,-1,9,E01012237,0,4
2024061461304,2024,061461304,1,9,0,-1,3,-1,-1,-1,0,0,0,0,0,0,2,1,-1,9,2,50,8,-1,-1,-1,-1,5,E01004908,0,1
2024131477558,2024,131477558,1,9,0,-1,19,3,7,-1,0,8,0,2,0,0,1,1,-1,9,1,28,6,-1,-1,-1,-1,1,E01010964,0,1
2024351488055,2024,351488055,2,1,0,-1,19,7,3,-1,0,5,0,0,0,0,4,1,-1,6,2,52,8,-1,-1,-1,-1,-1,-1,0,-1
2024010550526,2024,010550526,1,9,0,14,14,3,7,0,0,1,0,0,0,0,1,2,1,1,2,24,5,-1,-1,-1,-1,3,E01000876,0,1
2024061422079,2024,061422079,1,9,-1,-1,19,5,1,-1,0,8,0,0,0,0,1,9,-1,6,3,-1,-1,-1,-1,-1,-1,-1,-1,0,-1
2024201482742,2024,201482742,3,1,0,-1,19,6,4,-1,0,1,0,0,0,0,2,1,-1,6,1,44,7,-1,-1,-1,-1,2,E01009058,0,1
2024131399225,2024,131399225,1,11,0,-1,2,5,1,-1,0,0,0,0,0,0,2,1,-1,9,1,38,7,-1,-1,-1,-1,1,E01010924,0,4
2024221488166,2024,221488166,1,9,0,-1,19,1,5,-1,0,0,0,0,0,0,1,1,-1,9,1,80,11,-1,-1,-1,-1,5,E01010552,0,4
2024010496080,2024,010496080,1,9,0,99,99,9,9,99,99,9,9,99,9,99,9,9,6,6,2,40,7,-1,-1,-1,-1,2,E01001196,0,1
2024451438959,2024,451438959,2,1,0,-1,9,3,1,-1,0,1,0,0,0,0,1,1,-1,2,1,22,5,-1,-1,-1,-1,9,E01031004,0,1
2024010499820,2024,010499820,3,9,0,2,2,0,0,0,0,2,0,0,0,0,0,1,6,6,3,-1,-1,-1,-1,-1,-1,-1,-1,0,-1
2024332400706,2024,332400706,2,1,0,-1,19,8,4,-1,0,4,0,0,0,0,1,1,-1,6,1,11,3,-1,-1,-1,-1,2,E01013752,0,1
2024520401223,2024,520401223,2,1,0,18,19,7,3,0,0,8,0,0,0,0,1,1,6,6,1,51,8,-1,-1,-1,-1,2,E01029112,0,1
2024430238327,2024,430238327,2,5,0,18,19,4,8,0,0,8,0,0,0,0,1,1,6,6,2,56,9,-1,-1,-1,-1,-1,-1,0,-1
2024451523651,2024,451523651,2,11,0,-1,19,2,4,-1,0,0,0,0,0,0,1,2,-1,6,3,40,7,-1,-1,-1,-1,-1,-1,0,-1
2024520401739,2024,520401739,2,9,0,17,19,1,5,0,0,2,0,0,0,0,1,1,6,6,2,58,9,-1,-1,-1,-1,5,E01029231,0,4
2024141514251,2024,141514251,3,1,0,-1,19,1,5,-1,0,1,0,0,0,0,1,1,-1,6,1,12,3,-1,-1,-1,-1,2,E01034846,0,1
2024131482446,2024,131482446,1,23,0,-1,19,7,3,-1,0,1,1,0,0,0,1,1,-1,6,1,18,4,-1,-1,-1,-1,3,E01010998,0,1
202417S100424,2024,17S100424,2,9,0,9,9,7,5,0,0,8,0,0,0,0,0,1,6,6,3,-1,-1,-1,-1,-1,-1,-1,-1,0,-1
2024052401883,2024,052401883,2,-1,0,18,19,7,3,0,0,0,0,0,0,0,1,1,2,2,1,28,6,-1,-1,-1,-1,4,-1,1,5
2024010541807,2024,010541807,2,90,9,15,15,1,5,99,99,9,9,99,9,99,9,9,6,6,3,-1,-1,-1,-1,-1,-1,-1,-1,0,-1
2024340NN1602,2024,340NN1602,1,3,0,-1,19,1,5,-1,0,1,0,0,0,0,1,1,-1,2,1,24,5,-1,-1,-1,-1,3,E01027058,0,2
2024421466191,2024,421466191,2,1,0,-1,19,5,1,-1,0,0,0,10,1,0,0,1,-1,9,1,55,8,-1,-1,-1,-1,6,E01023598,0,3
2024010549534,2024,010549534,2,9,0,15,15,9,9,99,99,9,9,99,9,99,9,9,6,6,3,-1,-1,-1,-1,-1,-1,-1,-1,0,-1
2024610003524,2024,610003524,1,9,0,18,19,-1,-1,0,0,1,0,0,0,0,0,1,6,6,3,-1,-1,-1,-1,-1,-1,-1,-1,0,-1
2024201408877,2024,201408877,1,8,0,-1,4,1,5,-1,0,0,0,0,0,0,1,1,-1,1,1,30,6,-1,-1,-1,-1,-1,-1,0,-1
2024430021377,2024,430021377,1,19,0,18,19,4,8,0,0,0,0,0,0,0,4,1,6,6,1,-1,-1,-1,-1,-1,-1,-1,-1,0,-1
2024041436381,2024,041436381,2,9,0,-1,19,1,1,-1,0,1,1,0,0,0,3,1,-1,9,2,24,5,-1,-1,-1,-1,7,E01025174,0,1
2024101416170,2024,101416170,2,1,0,-1,3,1,5,-1,0,8,0,0,0,0,4,1,-1,9,1,27,6,-1,-1,-1,-1,1,E01008348,0,1
2024421443836,2024,421443836,2,9,0,-1,19,3,7,-1,0,0,0,0,0,0,4,1,-1,6,1,30,6,-1,-1,-1,-1,7,E01021343,0,1
2024311410955,2024,311410955,1,11,0,-1,19,1,4,-1,0,3,0,0,0,0,0,9,-1,1,2,59,9,-1,-1,-1,-1,4,E01027996,0,3
2024010534460,2024,010534460,1,1,9,99,99,9,9,99,99,9,9,99,9,99,2,1,1,1,1,31,6,-1,-1,-1,-1,3,E01004305,0,2
2024161519226,2024,161519226,2,1,0,-1,19,8,6,-1,0,1,2,0,0,0,1,1,-1,6,1,76,11,-1,-1,-1,-1,4,E01012830,0,1
2024430550327,2024,430550327,1,19,0,5,5,1,5,0,0,1,0,0,0,0,3,1,6,6,1,38,7,-1,-1,-1,-1,5,E01015435,0,4
2024311497095,2024,311497095,1,90,0,-1,19,5,1,-1,0,1,0,0,0,0,0,1,-1,1,3,40,7,-1,-1,-1,-1,-1,-1,0,-1
2024471484980,2024,471484980,3,9,-1,-1,-1,-1,-1,-1,-1,0,-1,-1,-1,0,-1,9,-1,6,3,-1,-1,-1,-1,-1,-1,-1,-1,0,-1
2024010549470,2024,010549470,1,1,0,18,19,7,3,4,4,1,0,0,0,0,1,1,2,2,2,28,6,-1,-1,-1,-1,9,E01000356,0,3
202417M314424,2024,17M314424,1,9,0,-1,3,8,4,-1,0,1,0,0,0,0,2,1,-1,9,2,33,6,-1,-1,-1,-1,9,E01032593,0,1
2024201453180,2024,201453180,1,19,0,-1,19,3,7,-1,0,4,0,0,0,0,1,1,-1,6,1,57,9,-1,-1,-1,-1,-1,-1,0,-1
202454A141824,2024,54A141824,2,1,0,18,19,5,1,0,0,0,0,0,0,0,3,1,6,6,2,69,10,-1,-1,-1,-1,10,E01032055,0,1
2024411443488,2024,411443488,1,9,0,-1,19,2,7,-1,0,4,0,0,0,0,1,9,-1,6,3,-1,-1,-1,-1,-1,-1,-1,-1,0,-1
2024371468896,2024,371468896,1,9,0,-1,19,5,1,-1,0,0,0,0,0,0,1,1,-1,9,1,73,10,-1,-1,-1,-1,6,E01030198,0,1
2024311497095,2024,311497095,3,1,0,-1,7,7,1,-1,0,6,0,0,0,0,1,1,-1,6,1,28,6,-1,-1,-1,-1,3,E01035506,0,1
2024501495689,2024,501495689,1,9,0,-1,19,6,2,-1,0,0,0,0,0,0,4,1,-1,1,1,63,9,-1,-1,-1,-1,4,E01018781,0,2
2024010535410,2024,010535410,1,1,9,99,99,9,9,99,99,9,9,99,9,99,1,1,2,2,1,46,8,-1,-1,-1,-1,5,E01000699,0,1
2024010489811,2024,010489811,1,8,0,3,3,1,5,0,0,0,0,0,0,0,4,1,1,1,1,34,6,-1,-1,-1,-1,3,E01004675,0,1