collision_index,collision_year,collision_ref_no,vehicle_reference,vehicle_type,towing_and_articulation,vehicle_manoeuvre_historic,vehicle_manoeuvre,vehicle_direction_from,vehicle_direction_to,vehicle_location_restricted_lane_historic,vehicle_location_restricted_lane,junction_location,skidding_and_overturning,hit_object_in_carriageway,vehicle_leaving_carriageway,hit_object_off_carriageway,first_point_of_impact,vehicle_left_hand_drive,journey_purpose_of_driver_historic,journey_purpose_of_driver,sex_of_driver,age_of_driver,age_band_of_driver,engine_capacity_cc,propulsion_code,age_of_vehicle,generic_make_model,driver_imd_decile,lsoa_of_driver,escooter_flag,driver_distance_banding
2024161444689,2024,161444689,2,9,0,-1,3,5,1,-1,0,4,0,0,0,0,1,1,-1,6,2,27,6,-1,-1,-1,-1,7,E01013333,0,1
2024471433823,2024,471433823,1,9,0,-1,7,7,1,-1,0,0,0,0,0,0,4,9,-1,6,3,-1,-1,-1,-1,-1,-1,-1,-1,0,-1
2024010494926,2024,010494926,1,9,0,3,3,8,4,0,0,1,0,10,0,0,1,1,6,6,1,78,11,-1,-1,-1,-1,6,E01004370,0,2
2024401504390,2024,401504390,2,19,0,-1,19,-1,-1,-1,0,1,0,0,0,0,1,1,-1,6,3,-1,-1,-1,-1,-1,-1,-1,-1,0,-1
2024451397469,2024,451397469,1,9,0,-1,19,5,1,-1,0,0,0,0,0,0,2,1,-1,9,1,50,8,-1,-1,-1,-1,2,E01002092,0,4
2024451525325,2024,451525325,1,1,0,-1,8,2,6,-1,0,3,0,0,0,0,4,1,-1,1,2,33,6,-1,-1,-1,-1,10,E01030435,0,1
2024430227499,2024,430227499,1,9,0,13,13,5,1,0,0,0,0,0,0,0,3,1,6,6,1,22,5,-1,-1,-1,-1,-1,-1,0,-1
2024991471896,2024,991471896,2,1,0,-1,19,4,8,-1,2,8,0,0,0,0,1,1,-1,2,1,42,7,-1,-1,-1,-1,2,-1,0,1
2024010515004,2024,010515004,1,1,9,99,99,9,9,99,99,9,9,99,9,99,1,1,2,2,1,46,8,-1,-1,-1,-1,8,E01002658,0,1
2024991492626,2024,991492626,2,1,0,-1,7,3,7,-1,0,2,5,0,0,0,1,1,-1,9,1,27,6,-1,-1,-1,-1,3,-1,0,1
2024471521884,2024,471521884,2,9,0,-1,2,0,0,-1,0,0,0,0,0,0,3,1,-1,6,-1,-1,-1,-1,-1,-1,-1,-1,-1,0,-1
2024010500084,2024,010500084,2,1,0,18,19,5,1,0,0,2,0,0,0,0,2,1,6,6,1,46,8,-1,-1,-1,-1,7,E01001308,0,1
2024471418374,2024,471418374,5,9,0,-1,4,6,2,-1,0,0,0,0,0,0,0,9,-1,6,1,-1,-1,-1,-1,-1,-1,-1,-1,0,-1
2024010518755,2024,010518755,2,1,0,18,19,4,8,2,2,1,0,0,0,0,1,1,6,6,1,56,9,-1,-1,-1,-1,1,E01003347,0,2
2024461471454,2024,461471454,2,1,-1,-1,2,0,0,-1,0,8,0,4,0,0,3,1,-1,9,2,74,10,-1,-1,-1,-1,5,E01024229,0,1
2024522401533,2024,522401533,1,1,0,18,19,7,3,0,0,8,0,0,0,0,1,1,6,6,1,58,9,-1,-1,-1,-1,10,E01014878,0,1
2024161441616,2024,161441616,1,9,0,-1,19,2,6,-1,0,0,0,0,0,0,1,1,-1,6,1,51,8,-1,-1,-1,-1,3,E01013272,0,1
2024052402309,2024,052402309,1,9,0,13,13,8,4,0,0,1,0,0,0,0,4,1,6,6,3,-1,-1,-1,-1,-1,-1,-1,-1,0,-1
2024320603737,2024,320603737,1,9,0,-1,-1,8,4,0,0,0,0,0,0,0,3,1,-1,-1,1,81,11,-1,-1,-1,-1,-1,-1,0,-1
2024010504580,2024,010504580,1,1,9,99,99,9,9,99,99,9,9,99,9,99,9,1,2,2,2,39,7,-1,-1,-1,-1,5,E01003307,0,2
2024430062351,2024,430062351,1,9,0,18,19,8,4,0,0,0,0,0,0,0,1,1,6,6,3,-1,-1,-1,-1,-1,-1,-1,-1,0,-1
2024161403624,2024,161403624,1,97,0,-1,5,3,7,-1,9,0,0,0,0,0,1,1,-1,6,1,23,5,-1,-1,-1,-1,3,E01012943,0,1
2024201454520,2024,201454520,1,9,0,-1,19,5,1,-1,0,1,0,0,0,0,1,1,-1,6,-1,-1,-1,-1,-1,-1,-1,-1,-1,0,-1
2024371494819,2024,371494819,1,9,0,-1,19,2,5,-1,0,8,0,0,0,0,1,1,-1,1,2,35,6,-1,-1,-1,-1,7,E01035393,0,4
2024421528783,2024,421528783,1,9,0,-1,5,3,7,-1,0,4,0,0,0,0,1,1,-1,6,1,56,9,-1,-1,-1,-1,8,E01023297,0,2
2024440119631,2024,440119631,1,-1,0,15,15,5,1,0,0,0,0,0,0,0,1,1,6,6,1,44,7,-1,-1,-1,-1,2,E01022969,1,1
2024010530904,2024,010530904,1,-1,0,18,19,7,3,9,9,7,5,0,0,0,1,1,6,6,2,26,6,-1,-1,-1,-1,10,E01004705,1,1
2024070705874,2024,070705874,1,9,9,-1,19,2,6,-1,0,0,0,0,0,0,1,9,-1,6,2,-1,-1,-1,-1,-1,-1,-1,-1,0,-1
2024101411816,2024,101411816,2,9,0,-1,2,0,0,-1,0,0,0,0,0,0,2,1,-1,6,1,58,9,-1,-1,-1,-1,3,E01008871,0,1
2024101553548,2024,101553548,3,9,0,-1,3,1,5,-1,0,0,0,0,0,0,2,1,-1,9,1,21,5,-1,-1,-1,-1,1,E01032543,0,4
2024010516602,2024,010516602,2,98,0,99,99,9,9,99,99,9,9,99,9,99,9,9,6,6,3,-1,-1,-1,-1,-1,-1,-1,-1,0,-1
2024010548344,2024,010548344,3,19,0,11,11,3,7,0,0,0,0,0,0,0,1,1,6,6,3,-1,-1,-1,-1,-1,-1,-1,-1,0,-1
2024461421643,2024,461421643,2,9,0,-1,19,1,4,-1,0,1,0,0,0,0,4,1,-1,9,1,63,9,-1,-1,-1,-1,5,E01024220,0,4
2024471529286,2024,471529286,1,9,0,-1,19,3,7,-1,0,1,0,11,0,0,1,1,-1,9,1,77,11,-1,-1,-1,-1,1,E01016868,0,1
2024622400460,2024,622400460,3,9,0,18,19,4,8,0,0,0,0,0,0,0,2,1,6,6,2,51,8,-1,-1,-1,-1,2,W01000848,0,3
2024010526776,2024,010526776,2,9,0,99,99,9,9,99,99,9,9,99,9,99,1,9,6,6,3,-1,-1,-1,-1,-1,-1,-1,-1,0,-1
2024010487040,2024,010487040,2,1,0,18,19,1,5,0,0,8,0,0,0,0,3,1,6,6,1,19,4,-1,-1,-1,-1,1,E01000599,0,1
2024351439868,2024,351439868,1,9,-1,-1,-1,-1,-1,-1,-1,-1,-1,-1,-1,0,-1,9,-1,6,3,-1,-1,-1,-1,-1,-1,-1,-1,0,-1
2024440092953,2024,440092953,2,1,0,18,19,7,3,0,0,8,0,0,0,0,3,1,6,6,1,42,7,-1,-1,-1,-1,10,E01022931,0,1
2024010524143,2024,010524143,2,1,0,3,3,5,1,0,0,0,0,0,0,0,4,1,6,6,1,20,4,-1,-1,-1,-1,4,E01035716,0,1
2024471462450,2024,471462450,1,9,0,-1,9,-1,-1,-1,0,0,-1,-1,-1,0,-1,9,-1,6,3,-1,-1,-1,-1,-1,-1,-1,-1,0,-1
2024991467398,2024,991467398,2,9,0,-1,19,6,1,-1,0,0,0,0,0,0,1,1,-1,6,1,62,9,-1,-1,-1,-1,6,-1,0,1
2024052401361,2024,052401361,2,1,0,18,19,3,7,0,0,3,0,0,0,0,4,1,6,6,2,35,6,-1,-1,-1,-1,1,E01006874,0,1
2024371453426,2024,371453426,1,9,0,-1,19,7,3,-1,9,8,0,0,1,0,4,1,-1,6,1,55,8,-1,-1,-1,-1,9,E01030142,0,1
2024461421010,2024,461421010,2,1,0,-1,19,1,5,-1,0,4,0,0,0,0,3,1,-1,2,2,38,7,-1,-1,-1,-1,3,E01024219,0,1
2024161481248,2024,161481248,2,1,0,-1,19,3,7,-1,0,9,0,0,0,0,1,1,-1,6,1,-1,-1,-1,-1,-1,-1,-1,-1,0,-1
2024211520215,2024,211520215,2,9,0,-1,9,4,2,-1,0,1,0,0,0,0,4,9,-1,6,3,21,5,-1,-1,-1,-1,-1,-1,0,-1
2024061496679,2024,061496679,1,9,0,-1,19,3,7,-1,0,0,0,0,0,0,1,1,-1,2,1,53,8,-1,-1,-1,-1,7,E01005691,0,1
2024440202005,2024,440202005,1,9,0,18,19,3,7,0,0,0,0,0,0,0,1,1,6,6,3,-1,-1,-1,-1,-1,-1,-1,-1,0,-1
2024421488399,2024,421488399,1,90,0,-1,5,5,1,-1,0,6,5,0,0,0,1,1,-1,9,1,10,2,-1,-1,-1,-1,4,E01021423,0,1
2024552401544,2024,552401544,1,1,0,18,19,1,5,0,0,8,0,0,0,0,1,1,6,6,1,21,5,-1,-1,-1,-1,2,E01020348,0,3
2024010497845,2024,010497845,2,1,0,18,19,1,5,0,0,8,0,0,0,0,4,1,6,6,1,40,7,-1,-1,-1,-1,1,E01000105,0,2
2024010497194,2024,010497194,2,9,0,18,19,7,3,0,0,1,0,0,0,0,1,1,6,6,1,32,6,-1,-1,-1,-1,-1,-1,0,-1
2024131499698,2024,131499698,4,9,0,-1,19,7,3,-1,0,0,0,0,0,0,1,1,-1,1,1,30,6,-1,-1,-1,-1,1,E01006064,0,4
2024010541570,2024,010541570,2,1,0,15,15,5,1,0,0,1,0,0,0,0,1,1,2,2,1,28,6,-1,-1,-1,-1,6,E01004551,0,2
2024631412937,2024,631412937,1,9,0,-1,19,6,2,-1,0,0,5,0,2,10,1,1,-1,2,2,28,6,-1,-1,-1,-1,7,W01000460,0,3
2024061396540,2024,061396540,1,9,0,-1,19,1,5,-1,0,8,0,0,0,0,4,1,-1,6,-1,-1,-1,-1,-1,-1,-1,-1,-1,0,-1
2024131411323,2024,131411323,2,97,0,-1,6,2,6,-1,0,1,0,0,0,0,-1,1,-1,6,3,-1,-1,-1,-1,-1,-1,-1,-1,0,-1
2024522401365,2024,522401365,1,-1,0,18,19,6,2,0,0,0,0,0,0,0,1,1,6,6,1,26,6,-1,-1,-1,-1,1,E01014655,1,1
2024010489360,2024,010489360,1,3,0,99,99,9,9,99,99,9,9,99,9,99,1,1,6,6,1,27,6,-1,-1,-1,-1,7,E01030583,0,4
2024440419512,2024,440419512,1,1,0,9,9,4,2,0,0,8,0,0,0,0,4,1,2,2,2,23,5,-1,-1,-1,-1,5,E01017310,0,1
2024361472472,2024,361472472,2,1,0,-1,19,1,5,-1,0,8,0,0,0,0,1,1,-1,2,1,33,6,-1,-1,-1,-1,1,E01033436,0,1
2024311449658,2024,311449658,1,1,0,-1,5,3,7,-1,0,4,0,0,0,0,1,1,-1,6,1,20,4,-1,-1,-1,-1,-1,-1,0,-1
2024520401213,2024,520401213,2,9,0,16,19,1,5,0,0,0,0,0,0,0,1,1,6,6,1,22,5,-1,-1,-1,-1,7,E01029262,0,1
2024991432800,2024,991432800,2,1,0,-1,19,7,3,-1,0,8,0,0,0,0,1,1,-1,2,1,34,6,-1,-1,-1,-1,10,-1,0,1
2024461420440,2024,461420440,3,9,0,-1,19,7,3,-1,0,0,0,0,0,0,3,1,-1,2,1,63,9,-1,-1,-1,-1,4,E01024586,0,1
2024010490131,2024,010490131,1,9,0,18,19,3,7,0,0,0,0,11,0,0,1,1,6,6,1,56,9,-1,-1,-1,-1,7,E01000306,0,1
2024522401714,2024,522401714,2,9,0,12,12,7,3,0,0,1,0,0,0,0,1,1,6,6,1,57,9,-1,-1,-1,-1,2,E01014610,0,1
2024010542137,2024,010542137,2,9,0,99,99,9,9,99,99,9,9,99,9,99,2,9,6,6,3,-1,-1,-1,-1,-1,-1,-1,-1,0,-1
2024101478534,2024,101478534,1,90,0,-1,12,7,6,-1,0,8,0,0,0,0,3,2,-1,9,1,70,10,-1,-1,-1,-1,-1,-1,0,-1
2024332400780,2024,332400780,2,9,0,-1,19,6,2,-1,0,4,0,0,0,0,1,1,-1,6,3,-1,-1,-1,-1,-1,-1,-1,-1,0,-1
2024010523993,2024,010523993,2,9,0,99,99,9,9,99,99,9,9,99,9,99,9,9,6,6,1,-1,-1,-1,-1,-1,-1,-1,-1,0,-1
2024221474992,2024,221474992,2,1,0,-1,19,5,1,-1,0,8,0,0,0,0,1,1,-1,2,1,36,7,-1,-1,-1,-1,3,E01014126,0,1
2024991507176,2024,991507176,1,9,0,-1,19,4,8,-1,0,0,0,0,0,0,1,1,-1,9,1,25,5,-1,-1,-1,-1,1,-1,0,1
2024010492593,2024,010492593,1,1,9,99,99,9,9,99,99,9,9,99,9,99,9,1,2,2,3,28,6,-1,-1,-1,-1,3,E01002730,0,2
2024520401130,2024,520401130,1,9,0,5,5,7,5,0,0,8,0,0,0,0,1,1,6,6,1,76,11,-1,-1,-1,-1,4,E01029152,0,1
2024221465683,2024,221465683,1,5,0,-1,19,3,7,-1,0,4,0,0,0,0,1,1,-1,6,1,77,11,-1,-1,-1,-1,7,E01032327,0,2
2024010492343,2024,010492343,1,9,0,99,99,9,9,99,99,9,0,99,9,99,9,9,6,6,3,53,8,-1,-1,-1,-1,4,E01033746,0,2
2024361407912,2024,361407912,3,9,0,-1,19,7,4,-1,0,1,0,0,0,0,1,1,-1,6,1,44,7,-1,-1,-1,-1,4,E01026522,0,2
2024070849757,2024,070849757,1,9,0,-1,4,2,6,-1,0,1,0,0,0,0,1,1,-1,6,1,57,9,-1,-1,-1,-1,5,E01034677,0,1
2024461490475,2024,461490475,1,9,0,-1,19,5,1,-1,0,0,0,0,0,0,-1,9,-1,6,3,-1,-1,-1,-1,-1,-1,-1,-1,0,-1
2024231515857,2024,231515857,2,1,0,-1,19,1,5,-1,0,8,0,0,0,0,1,1,-1,6,1,12,3,-1,-1,-1,-1,10,E01031110,0,1
2024340WN2672,2024,340WN2672,2,9,0,-1,19,4,8,-1,0,8,0,0,0,0,3,1,-1,9,1,28,6,-1,-1,-1,-1,6,E01027237,0,1
2024101428570,2024,101428570,1,97,-1,-1,19,7,3,-1,0,1,0,0,0,0,1,1,-1,9,2,9,2,-1,-1,-1,-1,1,E01008743,0,1
2024302400062,2024,302400062,2,1,0,18,19,6,2,9,9,0,0,0,0,0,1,1,6,6,2,12,3,-1,-1,-1,-1,3,E01019692,0,1
2024010497151,2024,010497151,2,9,0,17,19,3,8,0,0,0,0,0,2,1,1,1,6,6,1,38,7,-1,-1,-1,-1,6,E01000629,0,2
2024461535558,2024,461535558,5,9,0,-1,19,7,3,-1,0,0,0,0,0,0,0,9,-1,6,3,-1,-1,-1,-1,-1,-1,-1,-1,0,-1
2024522402933,2024,522402933,2,9,0,1,1,9,9,0,0,0,0,0,0,0,2,1,6,6,3,-1,-1,-1,-1,-1,-1,-1,-1,0,-1
2024010488063,2024,010488063,1,9,0,99,99,9,9,99,99,0,9,99,9,99,9,9,2,2,1,29,6,-1,-1,-1,-1,4,E01003264,0,1
2024371447788,2024,371447788,2,1,0,-1,19,1,5,-1,5,1,0,0,0,0,1,1,-1,6,1,12,3,-1,-1,-1,-1,7,E01030003,0,1
2024010496217,2024,010496217,2,9,0,5,5,5,1,0,0,8,0,0,0,0,1,1,6,6,1,56,9,-1,-1,-1,-1,6,E01003140,0,1
2024010509973,2024,010509973,1,1,9,99,99,9,9,99,99,9,9,99,9,99,0,1,6,6,1,59,9,-1,-1,-1,-1,5,E01035647,0,1
2024430190544,2024,430190544,2,9,0,18,19,2,6,0,0,4,0,0,0,0,1,1,6,6,3,-1,-1,-1,-1,-1,-1,-1,-1,0,-1
2024010511609,2024,010511609,1,1,9,99,99,9,9,99,99,9,9,99,9,99,1,1,6,6,1,44,7,-1,-1,-1,-1,7,E01002965,0,1
2024010492651,2024,010492651,1,9,0,7,7,3,5,0,0,8,0,0,0,0,3,1,6,6,2,22,5,-1,-1,-1,-1,4,E01001995,0,1
2024302401199,2024,302401199,2,1,0,18,19,3,7,0,0,8,0,0,0,0,1,1,6,6,1,50,8,-1,-1,-1,-1,7,E01019771,0,4
2024010504276,2024,010504276,1,1,9,99,99,9,9,99,99,9,9,99,9,99,1,1,2,2,1,28,6,-1,-1,-1,-1,4,E01003929,0,1
2024010498678,2024,010498678,2,11,0,99,99,9,9,99,99,0,9,99,9,99,9,9,6,6,3,-1,-1,-1,-1,-1,-1,-1,-1,0,-1
2024010533349,2024,010533349,2,1,0,18,19,3,7,4,4,3,0,0,0,0,3,1,6,6,1,26,6,-1,-1,-1,-1,4,E01004202,0,1
2024010539368,2024,010539368,2,9,0,99,99,9,9,99,99,9,9,99,9,99,1,9,6,6,3,-1,-1,-1,-1,-1,-1,-1,-1,0,-1
2024440449761,2024,440449761,2,1,0,18,19,4,8,0,0,1,0,0,0,0,1,1,2,2,1,42,7,-1,-1,-1,-1,3,E01035444,0,2
2024311494374,2024,311494374,1,8,0,-1,9,7,4,-1,0,5,0,0,0,0,4,1,-1,1,1,60,9,-1,-1,-1,-1,7,E01007659,0,2
2024101508361,2024,101508361,1,-1,0,-1,19,5,2,-1,9,0,2,0,0,0,1,9,-1,6,2,-1,-1,-1,-1,-1,-1,-1,-1,1,-1
2024451433264,2024,451433264,1,9,0,-1,19,1,5,-1,0,0,0,0,0,0,1,9,-1,6,3,23,5,-1,-1,-1,-1,-1,-1,0,-1
2024430251479,2024,430251479,2,1,0,18,19,8,4,0,0,8,0,0,0,0,2,1,6,6,1,19,4,-1,-1,-1,-1,3,E01016452,0,1
2024332400932,2024,332400932,2,1,0,-1,7,3,6,-1,0,2,0,0,0,0,3,1,-1,6,1,15,3,-1,-1,-1,-1,10,E01025641,0,1
2024101430542,2024,101430542,1,9,0,-1,19,1,5,-1,0,1,0,0,0,0,1,9,-1,1,3,-1,-1,-1,-1,-1,-1,-1,-1,0,-1
2024522500469,2024,522500469,2,97,0,18,19,8,4,0,0,1,0,0,0,0,1,1,6,6,3,-1,-1,-1,-1,-1,-1,-1,-1,0,-1
2024421493745,2024,421493745,2,1,0,-1,19,1,5,-1,0,0,0,0,0,0,3,1,-1,6,1,39,7,-1,-1,-1,-1,8,E01021538,0,1
202417M113524,2024,17M113524,1,9,0,-1,19,9,9,-1,0,0,0,0,0,0,0,1,-1,6,3,-1,-1,-1,-1,-1,-1,-1,-1,0,-1
2024010540420,2024,010540420,1,9,0,18,19,7,3,0,0,2,0,0,0,0,3,1,2,2,1,42,7,-1,-1,-1,-1,2,E01003320,0,1
2024411541307,2024,411541307,2,9,0,-1,3,-1,-1,-1,0,0,0,0,0,0,2,2,-1,9,1,31,6,-1,-1,-1,-1,5,E01023400,0,1
2024111528619,2024,111528619,1,9,0,-1,7,5,7,-1,0,8,0,0,0,0,1,1,-1,6,3,30,6,-1,-1,-1,-1,-1,-1,0,-1
2024010529918,2024,010529918,1,9,0,12,12,3,7,0,0,1,1,0,1,11,1,1,6,6,1,24,5,-1,-1,-1,-1,2,E01003535,0,1
2024161525591,2024,161525591,3,9,0,-1,9,7,5,-1,0,8,0,0,0,0,0,9,-1,6,-1,-1,-1,-1,-1,-1,-1,-1,-1,0,-1
2024010520110,2024,010520110,1,9,0,18,19,5,1,0,0,8,0,0,0,0,0,9,6,6,3,-1,-1,-1,-1,-1,-1,-1,-1,0,-1
2024471449615,2024,471449615,1,1,0,-1,19,8,4,-1,0,0,2,0,0,0,9,1,-1,9,2,41,7,-1,-1,-1,-1,6,E01016874,0,1
2024010522023,2024,010522023,2,9,0,99,99,9,9,99,99,9,9,99,9,99,9,9,6,6,3,-1,-1,-1,-1,-1,-1,-1,-1,0,-1
2024201517231,2024,201517231,2,1,0,-1,19,2,6,-1,0,0,0,0,0,0,2,1,-1,6,1,15,3,-1,-1,-1,-1,3,E01008970,0,1
2024610022924,2024,610022924,1,9,0,1,1,1,5,0,0,1,0,0,0,0,2,1,6,6,3,-1,-1,-1,-1,-1,-1,-1,-1,0,-1
2024340WN3272,2024,340WN3272,1,97,0,-1,19,1,5,-1,0,0,0,0,0,0,1,1,-1,6,1,14,3,-1,-1,-1,-1,10,E01027268,0,1
2024991484631,2024,991484631,2,9,0,-1,19,6,2,-1,0,8,0,0,0,0,1,1,-1,2,2,44,7,-1,-1,-1,-1,9,-1,0,4
2024461476365,2024,461476365,2,23,-1,-1,19,7,3,-1,0,0,0,0,0,0,2,1,-1,6,1,-1,-1,-1,-1,-1,-1,-1,-1,0,-1
2024010532465,2024,010532465,2,9,9,18,19,5,1,0,0,0,9,0,0,0,1,9,6,6,3,-1,-1,-1,-1,-1,-1,-1,-1,0,-1
2024010493775,2024,010493775,3,19,0,2,2,0,0,0,0,1,0,0,1,0,3,1,6,6,3,-1,-1,-1,-1,-1,-1,-1,-1,0,-1
2024161485522,2024,161485522,3,9,0,-1,19,2,6,-1,0,0,0,0,0,0,2,1,-1,6,2,54,8,-1,-1,-1,-1,9,E01027904,0,4
2024010488287,2024,010488287,1,1,9,99,99,9,9,99,99,9,9,99,9,99,9,1,1,1,1,20,4,-1,-1,-1,-1,4,E01003169,0,2
2024041430649,2024,041430649,1,9,0,-1,5,3,7,-1,0,0,0,0,0,0,2,1,-1,9,1,38,7,-1,-1,-1,-1,1,E01025182,0,1
2024411474191,2024,411474191,1,9,0,-1,19,-1,-1,-1,0,1,0,0,0,0,0,9,-1,6,3,-1,-1,-1,-1,-1,-1,-1,-1,0,-1
2024411535878,2024,411535878,2,1,0,-1,9,-1,-1,-1,-1,-1,-1,-1,-1,0,-1,1,-1,6,1,63,9,-1,-1,-1,-1,3,E01023613,0,1
2024522500401,2024,522500401,2,1,0,18,19,7,3,0,0,8,0,0,0,0,1,1,6,6,1,14,3,-1,-1,-1,-1,5,E01014927,0,1
2024131508891,2024,131508891,1,9,0,-1,-1,-1,-1,-1,-1,0,-1,-1,-1,-1,-1,1,-1,6,3,-1,-1,-1,-1,-1,-1,-1,-1,0,-1
2024161413596,2024,161413596,1,9,0,-1,19,6,2,-1,0,0,0,0,0,0,1,1,-1,6,-1,-1,-1,-1,-1,-1,-1,-1,-1,0,-1
2024141436085,2024,141436085,1,9,0,-1,9,6,4,-1,0,6,0,1,0,0,1,1,-1,9,2,55,8,-1,-1,-1,-1,10,E01008044,0,2
2024622400187,2024,622400187,1,9,0,13,13,6,2,0,0,0,0,0,0,0,1,1,6,6,1,38,7,-1,-1,-1,-1,10,W01001847,0,2
2024991405326,2024,991405326,1,9,0,-1,19,5,1,-1,0,0,0,0,0,0,1,1,-1,9,2,78,11,-1,-1,-1,-1,-1,-1,0,-1
2024552401292,2024,552401292,2,1,0,18,19,3,7,0,0,8,0,0,0,0,4,1,6,6,2,54,8,-1,-1,-1,-1,10,E01015455,0,1
2024201471834,2024,201471834,2,1,0,-1,19,5,1,-1,0,8,0,0,0,0,1,1,-1,6,1,41,7,-1,-1,-1,-1,2,E01010103,0,1
2024052401814,2024,052401814,1,-1,0,18,19,1,5,0,0,8,0,0,0,0,4,1,6,6,1,29,6,-1,-1,-1,-1,2,E01006551,1,1
2024061421442,2024,061421442,2,4,5,-1,19,7,3,-1,0,8,0,0,0,0,1,1,-1,9,1,37,7,-1,-1,-1,-1,-1,-1,0,-1
2024131531930,2024,131531930,2,23,0,-1,5,3,5,-1,9,6,0,0,0,0,1,1,-1,9,2,23,5,-1,-1,-1,-1,1,E01011318,0,1
2024010496150,2024,010496150,2,9,0,4,4,3,7,0,0,0,0,0,0,0,2,1,6,6,1,28,6,-1,-1,-1,-1,6,E01021772,0,2
2024141411210,2024,141411210,2,9,0,-1,19,3,7,-1,0,4,0,0,0,0,1,9,-1,6,3,-1,-1,-1,-1,-1,-1,-1,-1,0,-1
2024451533181,2024,451533181,2,1,0,-1,19,7,3,-1,0,0,0,0,1,0,0,1,-1,9,1,37,7,-1,-1,-1,-1,7,E01030851,0,4
2024141406393,2024,141406393,1,-1,0,-1,19,7,3,-1,9,0,0,0,0,0,1,9,-1,6,1,-1,-1,-1,-1,-1,-1,-1,-1,1,-1
2024161409761,2024,161409761,1,9,0,-1,7,7,1,-1,0,4,0,0,0,0,1,9,-1,6,2,76,11,-1,-1,-1,-1,4,E01013047,0,3
2024471473217,2024,471473217,1,1,0,-1,19,1,5,-1,0,1,0,0,0,0,4,1,-1,9,1,47,8,-1,-1,-1,-1,8,E01016903,0,3
2024010516310,2024,010516310,2,1,0,14,14,7,3,0,0,1,0,8,0,0,4,1,6,6,1,60,9,-1,-1,-1,-1,5,E01004698,0,1
2024010538145,2024,010538145,1,1,0,18,19,1,5,0,0,0,0,0,0,0,1,1,6,6,2,34,6,-1,-1,-1,-1,7,E01034035,0,3
2024052500199,2024,052500199,1,21,0,12,12,5,1,0,0,0,0,0,0,0,3,1,1,1,1,27,6,-1,-1,-1,-1,-1,-1,0,-1
2024201493191,2024,201493191,1,9,0,-1,1,2,6,-1,0,0,0,0,0,0,2,1,-1,6,1,56,9,-1,-1,-1,-1,2,E01034946,0,1
2024010541851,2024,010541851,1,1,9,99,99,9,9,99,99,9,9,99,9,99,2,1,2,2,1,27,6,-1,-1,-1,-1,6,E01004046,0,1
2024461451178,2024,461451178,2,1,0,-1,19,7,3,-1,0,0,0,0,0,0,3,1,-1,2,2,42,7,-1,-1,-1,-1,5,E01035271,0,1
2024101513260,2024,101513260,2,9,0,-1,19,1,5,-1,0,8,0,0,0,0,3,1,-1,9,1,82,11,-1,-1,-1,-1,8,E01008239,0,1
2024411541247,2024,411541247,1,9,-1,-1,-1,6,2,-1,-1,0,0,0,0,0,4,1,-1,-1,3,-1,-1,-1,-1,-1,-1,-1,-1,0,-1
2024010487755,2024,010487755,1,9,0,5,5,5,1,0,0,0,0,0,0,0,1,1,6,6,2,58,9,-1,-1,-1,-1,2,E01026097,0,5
2024010523336,2024,010523336,1,9,0,99,99,9,9,99,99,9,9,99,9,99,9,9,6,6,3,-1,-1,-1,-1,-1,-1,-1,-1,0,-1
2024010507243,2024,010507243,2,19,0,99,99,9,9,99,99,0,9,99,9,99,1,1,6,6,3,-1,-1,-1,-1,-1,-1,-1,-1,0,-1
2024041457695,2024,041457695,2,1,0,-1,19,7,3,-1,0,3,0,0,0,0,4,1,-1,6,1,65,9,-1,-1,-1,-1,5,E01025085,0,1
2024549127224,2024,549127224,3,9,0,3,3,8,4,0,0,1,0,0,0,0,2,1,6,6,3,-1,-1,-1,-1,-1,-1,-1,-1,0,-1
2024141503126,2024,141503126,2,97,0,-1,19,7,3,-1,0,1,0,0,0,0,2,1,-1,6,1,16,4,-1,-1,-1,-1,9,E01032926,0,1
2024520402438,2024,520402438,1,9,0,4,4,1,5,0,0,0,0,0,0,0,2,1,6,6,2,41,7,-1,-1,-1,-1,7,E01029947,0,5
2024010518580,2024,010518580,1,9,0,18,19,5,1,0,0,1,5,0,7,3,3,1,6,6,1,18,4,-1,-1,-1,-1,3,E01035693,0,1
2024440115632,2024,440115632,2,9,0,5,5,4,8,0,0,1,0,0,0,0,1,1,6,6,1,-1,-1,-1,-1,-1,-1,-1,-1,0,-1
2024421500658,2024,421500658,2,1,0,-1,14,8,4,-1,0,1,0,0,0,0,3,1,-1,9,1,91,11,-1,-1,-1,-1,2,E01015855,0,1
2024161503526,2024,161503526,2,21,1,-1,19,7,3,-1,0,0,0,0,0,0,2,1,-1,1,1,51,8,-1,-1,-1,-1,3,-1,0,5
2024461452303,2024,461452303,2,23,0,-1,19,6,4,-1,0,1,0,0,0,0,1,1,-1,1,1,18,4,-1,-1,-1,-1,8,E01024045,0,1
2024991499971,2024,991499971,2,5,0,-1,19,7,3,-1,0,0,0,0,0,0,2,1,-1,9,1,33,6,-1,-1,-1,-1,-1,-1,0,-1
2024161530879,2024,161530879,2,1,0,-1,19,1,1,-1,0,0,0,0,0,0,1,1,-1,9,1,66,10,-1,-1,-1,-1,1,E01012834,0,1
2024010537867,2024,010537867,1,9,0,99,99,9,9,99,99,9,9,99,9,99,9,9,6,6,3,-1,-1,-1,-1,-1,-1,-1,-1,0,-1
2024010524138,2024,010524138,2,9,0,99,99,9,9,99,99,6,9,99,9,0,9,9,6,6,3,-1,-1,-1,-1,-1,-1,-1,-1,0,-1
2024552400133,2024,552400133,2,1,0,16,19,8,3,0,0,8,0,0,0,0,1,1,6,6,1,65,9,-1,-1,-1,-1,3,E01015442,0,1
2024401433531,2024,401433531,1,9,0,-1,3,6,2,-1,0,0,0,0,0,0,2,1,-1,6,1,50,8,-1,-1,-1,-1,7,E01017455,0,1
2024131463697,2024,131463697,2,19,0,-1,19,7,3,-1,0,1,0,0,0,0,1,1,-1,9,1,45,7,-1,-1,-1,-1,1,E01010654,0,1