collision_index,collision_year,collision_ref_no,vehicle_reference,vehicle_type,towing_and_articulation,vehicle_manoeuvre_historic,vehicle_manoeuvre,vehicle_direction_from,vehicle_direction_to,vehicle_location_restricted_lane_historic,vehicle_location_restricted_lane,junction_location,skidding_and_overturning,hit_object_in_carriageway,vehicle_leaving_carriageway,hit_object_off_carriageway,first_point_of_impact,vehicle_left_hand_drive,journey_purpose_of_driver_historic,journey_purpose_of_driver,sex_of_driver,age_of_driver,age_band_of_driver,engine_capacity_cc,propulsion_code,age_of_vehicle,generic_make_model,driver_imd_decile,lsoa_of_driver,escooter_flag,driver_distance_banding
2024411444988,2024,411444988,2,9,0,-1,19,1,5,-1,0,1,0,0,0,0,3,1,-1,1,1,80,11,-1,-1,-1,-1,10,E01033609,0,1
2024471413308,2024,471413308,3,9,0,-1,3,2,7,-1,0,0,0,0,0,0,2,9,-1,6,1,19,4,-1,-1,-1,-1,6,E01031614,0,1
2024302400163,2024,302400163,2,9,0,18,19,4,8,0,0,8,0,0,0,0,3,1,6,6,2,20,4,-1,-1,-1,-1,2,E01013508,0,1
2024461468000,2024,461468000,1,9,0,-1,19,-1,-1,-1,0,1,0,0,0,0,1,9,-1,6,3,-1,-1,-1,-1,-1,-1,-1,-1,0,-1
2024131405188,2024,131405188,1,90,0,-1,-1,-1,-1,-1,-1,0,-1,-1,-1,-1,-1,1,-1,6,3,-1,-1,-1,-1,-1,-1,-1,-1,0,-1
2024010487716,2024,010487716,2,9,0,99,99,9,9,99,99,9,9,99,9,99,1,9,6,6,3,-1,-1,-1,-1,-1,-1,-1,-1,0,-1
2024010494770,2024,010494770,1,9,0,11,11,2,6,0,0,3,0,0,0,0,1,2,2,2,2,53,8,-1,-1,-1,-1,6,E01003840,0,1
2024201451246,2024,201451246,2,1,0,-1,19,7,3,-1,0,8,0,0,0,0,2,1,-1,6,1,18,4,-1,-1,-1,-1,1,E01009233,0,2
2024552401023,2024,552401023,2,1,0,18,19,4,8,0,0,8,0,0,0,0,3,1,6,6,1,38,7,-1,-1,-1,-1,5,E01015435,0,2
2024122400290,2024,122400290,2,9,0,18,19,2,6,0,0,4,0,0,0,0,1,1,6,6,1,84,11,-1,-1,-1,-1,8,E01027591,0,4
2024201509976,2024,201509976,1,9,0,-1,4,5,1,-1,0,0,0,0,0,0,1,9,-1,1,1,48,8,-1,-1,-1,-1,10,E01031124,0,4
2024302400091,2024,302400091,2,1,0,18,19,5,1,0,0,1,0,0,0,0,2,1,4,7,1,15,3,-1,-1,-1,-1,2,E01013570,0,1
2024061425630,2024,061425630,1,1,0,-1,7,-1,-1,-1,5,1,2,0,0,0,1,1,-1,2,1,35,6,-1,-1,-1,-1,8,E01006174,0,1
2024311530152,2024,311530152,2,9,0,-1,7,7,2,-1,0,8,0,0,0,0,1,1,-1,9,1,63,9,-1,-1,-1,-1,-1,-1,0,-1
2024430023243,2024,430023243,1,20,1,18,19,3,7,0,0,4,0,0,0,0,3,1,6,6,3,-1,-1,-1,-1,-1,-1,-1,-1,0,-1
2024481566713,2024,481566713,2,1,0,-1,19,3,7,-1,5,0,0,0,0,0,1,1,-1,2,1,28,6,-1,-1,-1,-1,-1,-1,0,-1
2024010494386,2024,010494386,1,9,0,6,6,7,7,0,0,0,0,0,0,0,4,1,2,2,1,25,5,-1,-1,-1,-1,5,E01024345,0,4
2024131463656,2024,131463656,1,9,0,-1,-1,-1,-1,-1,-1,-1,-1,-1,-1,0,-1,1,-1,6,3,-1,-1,-1,-1,-1,-1,-1,-1,0,-1
2024010545681,2024,010545681,2,1,0,18,19,4,8,0,0,1,0,0,0,0,1,1,2,2,1,52,8,-1,-1,-1,-1,5,E01001681,0,1
2024052400914,2024,052400914,1,-1,0,18,19,7,3,0,0,1,0,0,0,0,1,1,6,6,3,-1,-1,-1,-1,-1,-1,-1,-1,1,-1
2024010487990,2024,010487990,2,9,0,99,99,9,9,99,99,9,9,99,9,99,9,9,6,6,3,-1,-1,-1,-1,-1,-1,-1,-1,0,-1
2024991504995,2024,991504995,2,9,0,-1,7,8,7,-1,0,4,0,0,0,0,1,1,-1,6,1,19,4,-1,-1,-1,-1,10,-1,0,1
2024201554091,2024,201554091,1,9,0,-1,7,8,2,-1,0,6,0,0,0,0,1,1,-1,2,2,34,6,-1,-1,-1,-1,-1,-1,0,-1
2024430533971,2024,430533971,1,1,0,18,19,5,1,0,0,0,0,0,0,0,1,1,6,6,1,62,9,-1,-1,-1,-1,-1,-1,0,-1
2024430411873,2024,430411873,1,1,0,9,9,8,6,0,0,6,0,0,0,0,1,1,6,6,1,54,8,-1,-1,-1,-1,5,E01017907,0,1
2024302400074,2024,302400074,1,9,0,18,19,2,6,9,9,8,0,0,0,0,1,1,6,6,2,60,9,-1,-1,-1,-1,6,E01019798,0,1
2024141525026,2024,141525026,2,9,0,-1,19,8,4,-1,0,1,0,0,0,0,1,9,-1,6,3,-1,-1,-1,-1,-1,-1,-1,-1,0,-1
2024010497188,2024,010497188,1,9,0,99,99,9,9,0,0,9,0,0,0,0,4,9,6,6,1,48,8,-1,-1,-1,-1,6,E01024173,0,3
2024340WN0892,2024,340WN0892,1,-1,0,-1,19,1,5,-1,0,1,0,0,0,0,1,1,-1,6,1,-1,-1,-1,-1,-1,-1,-1,-1,1,-1
2024501497971,2024,501497971,1,9,0,-1,19,6,2,-1,0,0,0,0,1,4,1,1,-1,2,1,20,4,-1,-1,-1,-1,4,E01002665,0,5
2024010530420,2024,010530420,1,1,9,99,99,9,9,99,99,0,9,99,9,99,9,1,6,6,1,35,6,-1,-1,-1,-1,4,E01003406,0,1
2024122500091,2024,122500091,1,9,0,18,19,1,5,0,0,1,0,0,0,0,1,1,6,6,1,54,8,-1,-1,-1,-1,8,E01012975,0,4
2024010534314,2024,010534314,1,9,0,9,9,5,3,0,0,6,0,0,0,0,4,2,6,6,1,26,6,-1,-1,-1,-1,7,E01001231,0,1
2024332400942,2024,332400942,2,9,0,-1,19,4,8,-1,0,0,0,0,0,0,1,1,-1,6,2,36,7,-1,-1,-1,-1,3,E01013614,0,2
2024010488290,2024,010488290,1,4,0,18,19,7,3,0,0,1,0,0,0,0,3,1,6,6,1,27,6,-1,-1,-1,-1,5,E01002330,0,1
2024340NN0642,2024,340NN0642,1,1,0,-1,19,7,3,-1,0,6,0,0,0,0,1,1,-1,6,1,16,4,-1,-1,-1,-1,-1,-1,0,-1
2024061451143,2024,061451143,3,9,0,-1,19,5,1,-1,0,0,0,0,0,0,1,1,-1,9,1,59,9,-1,-1,-1,-1,3,E01004834,0,1
2024311441605,2024,311441605,1,9,-1,-1,19,1,5,-1,0,0,0,0,0,0,-1,9,-1,6,3,-1,-1,-1,-1,-1,-1,-1,-1,0,-1
2024201460450,2024,201460450,1,9,0,-1,19,4,8,-1,0,1,0,0,0,0,1,1,-1,6,1,35,6,-1,-1,-1,-1,-1,-1,0,-1
2024552401027,2024,552401027,1,4,0,18,19,3,7,0,0,8,0,10,0,0,4,1,6,6,1,29,6,-1,-1,-1,-1,1,E01015384,0,1
2024010525397,2024,010525397,2,9,0,99,99,9,9,99,99,9,9,99,9,99,9,9,6,6,3,-1,-1,-1,-1,-1,-1,-1,-1,0,-1
2024010496742,2024,010496742,2,8,0,7,7,4,7,0,0,3,0,0,0,0,1,1,1,1,1,64,9,-1,-1,-1,-1,3,E01000977,0,1
2024052401156,2024,052401156,1,9,0,18,19,5,1,0,0,0,0,0,0,0,0,1,2,2,1,22,5,-1,-1,-1,-1,3,E01007022,0,1
2024010503652,2024,010503652,1,9,0,18,19,5,1,0,0,1,0,0,0,0,1,1,6,6,3,23,5,-1,-1,-1,-1,-1,-1,0,-1
2024332400450,2024,332400450,1,5,0,-1,19,7,4,-1,0,0,1,0,1,10,1,1,-1,6,1,44,7,-1,-1,-1,-1,8,E01025967,0,1
2024161501118,2024,161501118,1,1,0,-1,19,5,1,-1,0,3,0,0,0,0,4,1,-1,6,2,75,10,-1,-1,-1,-1,1,E01012856,0,1
2024991493470,2024,991493470,2,1,0,-1,19,8,4,-1,0,1,0,0,0,0,1,1,-1,6,1,52,8,-1,-1,-1,-1,9,-1,0,2
2024131464004,2024,131464004,1,9,0,-1,9,1,5,-1,0,0,0,0,0,0,1,1,-1,6,3,-1,-1,-1,-1,-1,-1,-1,-1,0,-1
2024411481796,2024,411481796,2,9,0,-1,19,5,2,-1,0,0,1,0,1,0,3,1,-1,9,1,73,10,-1,-1,-1,-1,8,E01021407,0,4
2024010501874,2024,010501874,2,1,0,18,19,5,1,0,0,1,0,0,0,0,1,1,2,2,2,29,6,-1,-1,-1,-1,9,E01004480,0,1
2024010530667,2024,010530667,1,1,9,99,99,9,9,99,99,9,9,99,9,99,1,1,2,2,2,44,7,-1,-1,-1,-1,4,E01001286,0,1
2024461452394,2024,461452394,2,97,0,-1,19,3,7,-1,0,0,0,0,0,0,1,1,-1,6,3,-1,-1,-1,-1,-1,-1,-1,-1,0,-1
2024010551534,2024,010551534,2,1,0,18,19,1,5,0,0,0,2,0,0,0,1,1,6,6,1,17,4,-1,-1,-1,-1,7,E01004483,0,1
2024010542996,2024,010542996,1,1,0,18,19,7,3,0,0,1,0,11,0,0,1,1,2,2,1,62,9,-1,-1,-1,-1,5,E01021109,0,4
2024122401221,2024,122401221,1,9,0,18,19,1,5,0,0,8,0,0,0,0,3,1,2,2,1,64,9,-1,-1,-1,-1,8,E01027693,0,3
2024531502528,2024,531502528,2,1,0,-1,19,6,2,-1,9,0,0,0,0,0,3,1,-1,9,2,73,10,-1,-1,-1,-1,6,E01022210,0,1
2024010529267,2024,010529267,1,9,0,99,99,9,9,99,99,9,9,99,9,99,9,9,6,6,3,-1,-1,-1,-1,-1,-1,-1,-1,0,-1
2024010497935,2024,010497935,1,19,0,99,99,9,9,99,99,9,9,99,9,99,1,9,6,6,3,-1,-1,-1,-1,-1,-1,-1,-1,0,-1
2024501495862,2024,501495862,1,1,0,-1,19,3,7,-1,0,1,0,4,1,0,1,1,-1,6,1,40,7,-1,-1,-1,-1,5,E01019938,0,4
2024010505549,2024,010505549,2,1,0,18,19,3,7,0,0,1,0,0,0,0,1,1,2,2,1,45,7,-1,-1,-1,-1,6,E01004383,0,2
2024010496335,2024,010496335,3,19,0,2,2,0,0,9,9,1,0,0,0,0,4,1,6,6,3,-1,-1,-1,-1,-1,-1,-1,-1,0,-1
2024010495722,2024,010495722,1,2,0,18,19,7,3,0,0,1,0,0,0,0,0,1,1,1,1,33,6,-1,-1,-1,-1,1,E01004670,0,2
2024231467888,2024,231467888,2,9,9,-1,2,0,0,-1,0,0,0,0,0,0,2,9,-1,6,2,25,5,-1,-1,-1,-1,5,E01031078,0,1
2024401467766,2024,401467766,1,9,0,-1,19,2,6,-1,0,0,0,0,0,0,1,9,-1,6,2,-1,-1,-1,-1,-1,-1,-1,-1,0,-1
2024161403557,2024,161403557,2,4,0,-1,19,7,3,-1,0,2,0,0,0,0,1,1,-1,9,1,23,5,-1,-1,-1,-1,1,E01013218,0,1
2024010497431,2024,010497431,1,1,9,99,99,9,9,99,99,9,9,99,9,99,9,1,6,6,2,39,7,-1,-1,-1,-1,2,E01000863,0,1
2024010493161,2024,010493161,1,11,0,4,4,5,1,0,0,1,0,0,0,0,1,1,1,1,1,66,10,-1,-1,-1,-1,4,-1,0,5
2024131461914,2024,131461914,2,1,0,-1,19,3,7,-1,0,1,0,11,0,0,2,1,-1,6,-1,-1,-1,-1,-1,-1,-1,-1,-1,0,-1
2024430344078,2024,430344078,2,1,0,18,19,1,5,0,0,8,0,10,1,0,4,1,2,2,2,42,7,-1,-1,-1,-1,8,E01028614,0,1
2024430141628,2024,430141628,2,9,0,14,14,5,1,0,0,0,0,0,0,0,1,1,6,6,1,-1,-1,-1,-1,-1,-1,-1,-1,0,-1
2024010515443,2024,010515443,2,1,0,18,19,8,4,0,0,2,0,0,0,0,1,1,6,6,3,-1,-1,-1,-1,-1,-1,-1,-1,0,-1
2024061417183,2024,061417183,1,9,-1,-1,-1,-1,-1,-1,-1,0,-1,-1,-1,0,-1,9,-1,6,3,-1,-1,-1,-1,-1,-1,-1,-1,0,-1
2024010503985,2024,010503985,2,1,0,18,19,7,3,5,5,0,0,0,0,0,4,1,6,6,1,39,7,-1,-1,-1,-1,3,E01003550,0,1
2024010493498,2024,010493498,1,9,0,99,99,9,9,99,99,9,9,99,9,99,1,9,1,1,1,31,6,-1,-1,-1,-1,1,E01000524,0,1
2024010552331,2024,010552331,2,9,0,99,99,9,9,99,99,9,9,99,9,99,9,9,6,6,3,-1,-1,-1,-1,-1,-1,-1,-1,0,-1
2024320215534,2024,320215534,1,5,0,13,13,3,7,0,0,0,0,0,0,0,3,1,6,6,3,-1,-1,-1,-1,-1,-1,-1,-1,0,-1
2024010535070,2024,010535070,1,1,9,18,19,9,9,99,99,9,9,99,9,99,9,1,6,6,1,29,6,-1,-1,-1,-1,5,E01000313,0,2
2024430035369,2024,430035369,2,1,0,18,19,1,5,0,0,8,0,0,0,0,1,1,6,6,2,35,6,-1,-1,-1,-1,2,E01028552,0,1
2024141410778,2024,141410778,2,97,0,-1,19,7,3,-1,0,1,0,0,0,0,1,1,-1,6,3,-1,-1,-1,-1,-1,-1,-1,-1,0,-1
2024061488992,2024,061488992,1,1,0,-1,19,1,5,-1,0,0,2,0,0,0,3,1,-1,6,1,61,9,-1,-1,-1,-1,2,E01005670,0,3
2024070257646,2024,070257646,1,21,1,11,11,8,4,0,0,2,0,0,0,0,4,1,1,1,1,44,7,-1,-1,-1,-1,6,E01005961,0,4
2024010534206,2024,010534206,1,19,0,5,5,3,7,0,0,5,0,0,0,0,4,1,6,6,3,-1,-1,-1,-1,-1,-1,-1,-1,0,-1
2024522500275,2024,522500275,1,1,0,18,19,6,2,4,4,0,0,0,0,0,3,1,6,6,1,40,7,-1,-1,-1,-1,3,E01014523,0,1
2024010511841,2024,010511841,2,9,0,99,99,9,9,99,99,6,9,99,9,99,2,9,6,6,3,-1,-1,-1,-1,-1,-1,-1,-1,0,-1
2024061443773,2024,061443773,1,1,0,-1,19,-1,-1,-1,0,8,1,0,0,0,3,1,-1,2,2,26,6,-1,-1,-1,-1,3,E01005297,0,1
2024302401051,2024,302401051,4,9,0,18,19,4,8,0,0,1,0,0,0,0,0,1,6,6,3,-1,-1,-1,-1,-1,-1,5,E01019456,0,3
2024141454158,2024,141454158,1,9,0,-1,1,1,5,-1,9,0,0,0,0,0,1,1,-1,6,1,56,9,-1,-1,-1,-1,2,E01007784,0,1
2024332401022,2024,332401022,1,1,0,-1,4,5,1,-1,0,8,0,0,0,0,1,1,-1,9,1,23,5,-1,-1,-1,-1,3,E01013745,0,1
2024061451236,2024,061451236,2,1,0,-1,19,3,7,-1,0,1,1,0,0,0,0,1,-1,6,1,27,6,-1,-1,-1,-1,9,E01029738,0,4
2024991505867,2024,991505867,1,97,0,-1,19,4,8,-1,0,0,5,0,0,0,4,1,-1,6,1,30,6,-1,-1,-1,-1,-1,-1,0,-1
2024430079863,2024,430079863,1,5,0,10,10,8,4,0,0,1,0,0,0,0,3,1,6,6,1,40,7,-1,-1,-1,-1,4,E01001165,0,4
2024010493747,2024,010493747,1,3,0,-1,-1,3,7,0,0,0,0,0,0,0,1,1,1,1,1,50,8,-1,-1,-1,-1,2,W01001481,0,5
2024161490758,2024,161490758,1,9,0,-1,19,1,5,-1,0,0,2,0,1,0,4,1,-1,6,1,35,6,-1,-1,-1,-1,1,E01012783,0,4
2024311406212,2024,311406212,1,97,0,-1,19,7,3,-1,9,0,0,7,0,0,1,1,-1,6,1,19,4,-1,-1,-1,-1,-1,-1,0,-1
2024461501603,2024,461501603,1,11,0,-1,99,5,1,-1,0,0,0,0,0,0,1,9,-1,1,2,58,9,-1,-1,-1,-1,4,E01035315,0,3
2024501533333,2024,501533333,1,9,0,-1,19,-1,-1,-1,-1,0,0,0,0,0,-1,1,-1,6,3,-1,-1,-1,-1,-1,-1,-1,-1,0,-1
2024430518712,2024,430518712,2,-1,0,18,19,4,8,9,9,0,0,0,0,0,3,1,6,6,1,2,1,-1,-1,-1,-1,5,E01017854,1,3
2024010489201,2024,010489201,2,19,0,99,99,9,9,99,99,9,9,99,9,99,1,9,6,6,3,-1,-1,-1,-1,-1,-1,-1,-1,0,-1
2024010525756,2024,010525756,2,1,0,18,19,5,1,0,0,2,1,0,0,0,1,1,1,1,1,34,6,-1,-1,-1,-1,5,E01002565,0,2
2024010489567,2024,010489567,2,9,0,99,99,9,9,99,99,6,9,99,9,99,9,9,6,6,3,-1,-1,-1,-1,-1,-1,-1,-1,0,-1
2024440521757,2024,440521757,1,1,0,12,12,7,4,0,0,4,0,0,0,0,3,1,6,6,1,38,7,-1,-1,-1,-1,4,E01017045,0,1
2024131423668,2024,131423668,1,9,0,-1,-1,-1,-1,-1,-1,-1,-1,-1,-1,-1,-1,1,-1,6,3,-1,-1,-1,-1,-1,-1,-1,-1,0,-1
2024031533310,2024,031533310,1,9,0,-1,19,5,1,-1,0,0,0,0,0,0,1,1,-1,9,1,64,9,-1,-1,-1,-1,9,-1,0,5
2024361412013,2024,361412013,1,9,0,-1,19,1,5,-1,5,1,1,0,0,0,4,9,-1,6,3,50,8,-1,-1,-1,-1,-1,-1,0,-1
2024010547343,2024,010547343,1,1,9,99,99,9,9,99,99,9,9,99,9,99,9,1,2,2,1,56,9,-1,-1,-1,-1,4,E01001836,0,1
2024430436124,2024,430436124,1,9,0,18,19,4,8,0,0,0,0,0,0,0,3,1,6,6,3,-1,-1,-1,-1,-1,-1,-1,-1,0,-1
2024610004724,2024,610004724,1,9,0,18,19,1,0,0,0,0,0,0,0,0,1,1,6,6,1,-1,-1,-1,-1,-1,-1,-1,-1,0,-1
2024522402313,2024,522402313,1,11,0,18,19,8,4,0,0,8,0,0,0,0,1,1,1,1,3,-1,-1,-1,-1,-1,-1,-1,-1,0,-1
2024351430745,2024,351430745,2,1,0,-1,19,8,4,-1,0,8,0,0,0,0,2,1,-1,6,1,33,6,-1,-1,-1,-1,5,E01033120,0,1
2024991440880,2024,991440880,2,1,0,-1,7,8,2,-1,0,6,0,0,0,0,1,1,-1,9,1,29,6,-1,-1,-1,-1,-1,-1,0,-1
2024302400471,2024,302400471,3,9,0,16,19,7,2,0,0,0,0,0,0,0,0,1,6,6,3,-1,-1,-1,-1,-1,-1,5,E01019456,0,4
2024010550639,2024,010550639,1,-1,9,99,99,9,9,99,99,9,9,99,9,99,9,9,6,6,1,30,6,-1,-1,-1,-1,3,E01002612,1,1
2024052401739,2024,052401739,2,1,0,18,19,5,1,0,0,1,0,0,0,0,1,1,6,6,1,64,9,-1,-1,-1,-1,1,E01007009,0,1
2024141480048,2024,141480048,1,9,0,-1,19,6,2,-1,0,1,0,0,1,11,4,1,-1,9,1,32,6,-1,-1,-1,-1,1,E01007714,0,3
2024010516539,2024,010516539,2,5,0,5,5,5,1,0,0,1,1,0,0,0,1,1,6,6,1,59,9,-1,-1,-1,-1,7,E01004018,0,2
2024501468711,2024,501468711,1,19,0,-1,15,-1,-1,-1,0,0,0,0,0,0,0,1,-1,6,1,-1,-1,-1,-1,-1,-1,-1,-1,0,-1
2024421479582,2024,421479582,2,1,0,-1,19,6,2,-1,0,0,0,0,0,0,4,1,-1,2,1,39,7,-1,-1,-1,-1,6,E01021722,0,1
2024430486783,2024,430486783,1,9,0,18,19,8,4,0,0,0,0,0,0,0,9,1,6,6,3,-1,-1,-1,-1,-1,-1,-1,-1,0,-1
2024101506947,2024,101506947,2,9,0,-1,19,6,2,-1,0,0,0,0,0,0,4,1,-1,1,1,49,8,-1,-1,-1,-1,2,E01008663,0,1
2024401402886,2024,401402886,3,3,0,-1,4,3,7,-1,0,0,1,0,0,0,1,1,-1,9,1,18,4,-1,-1,-1,-1,-1,-1,0,-1
2024010494137,2024,010494137,2,9,0,99,99,9,9,99,99,9,9,99,9,99,1,9,6,6,1,66,10,-1,-1,-1,-1,8,E01026007,0,5
2024311440445,2024,311440445,1,9,0,-1,5,3,1,-1,0,8,0,0,0,0,2,1,-1,1,1,36,7,-1,-1,-1,-1,6,E01028037,0,3
2024052401531,2024,052401531,1,9,0,18,19,8,4,0,0,0,0,0,0,0,1,1,6,6,3,-1,-1,-1,-1,-1,-1,-1,-1,0,-1
2024010531276,2024,010531276,1,1,9,99,99,9,9,99,99,9,9,99,9,99,9,1,2,2,1,47,8,-1,-1,-1,-1,10,E01003892,0,2
2024361514678,2024,361514678,2,1,0,-1,19,1,5,-1,0,1,0,0,0,0,1,1,-1,6,1,62,9,-1,-1,-1,-1,-1,-1,0,-1
2024010493205,2024,010493205,2,9,0,99,99,9,9,99,99,9,9,99,9,99,9,9,6,6,3,-1,-1,-1,-1,-1,-1,-1,-1,0,-1
2024010516010,2024,010516010,1,9,0,18,19,5,1,0,0,0,0,0,0,0,1,1,2,2,1,21,5,-1,-1,-1,-1,6,E01001293,0,2
2024471470923,2024,471470923,2,9,0,-1,19,3,7,-1,0,1,0,0,0,0,1,1,-1,6,1,25,5,-1,-1,-1,-1,6,E01020959,0,1
2024010549485,2024,010549485,2,9,0,99,99,9,9,99,99,4,9,99,9,99,1,9,6,6,3,-1,-1,-1,-1,-1,-1,2,E01001944,0,1
2024991475031,2024,991475031,1,1,0,-1,19,3,1,-1,0,4,0,0,0,0,4,1,-1,6,1,26,6,-1,-1,-1,-1,9,-1,0,1
2024010521099,2024,010521099,2,2,0,7,7,9,9,99,99,9,9,99,9,99,0,1,6,6,1,60,9,-1,-1,-1,-1,10,E01009705,0,5
2024010512235,2024,010512235,2,1,9,18,19,7,3,5,5,7,9,99,0,0,2,1,6,6,2,59,9,-1,-1,-1,-1,5,E01002785,0,2
2024010512918,2024,010512918,1,1,9,99,99,9,9,99,99,9,9,99,9,99,9,1,6,6,2,34,6,-1,-1,-1,-1,6,E01003327,0,1
2024201497811,2024,201497811,1,9,0,-1,19,5,8,-1,0,0,1,10,5,6,3,1,-1,9,1,41,7,-1,-1,-1,-1,8,E01031281,0,2
2024010512113,2024,010512113,3,1,0,14,14,5,1,0,0,1,0,0,0,0,4,1,6,6,1,12,3,-1,-1,-1,-1,4,E01004037,0,1
2024610018824,2024,610018824,1,9,0,18,19,4,8,0,0,0,0,0,0,0,4,1,6,6,1,31,6,-1,-1,-1,-1,5,W01001411,0,3
2024141422630,2024,141422630,2,1,0,-1,19,6,1,-1,0,1,5,0,0,0,1,1,-1,6,2,28,6,-1,-1,-1,-1,9,E01007832,0,1
2024991432788,2024,991432788,1,4,0,-1,7,4,7,-1,0,4,0,0,0,0,3,1,-1,6,1,20,4,-1,-1,-1,-1,3,-1,0,1
2024411488911,2024,411488911,1,-1,0,-1,-1,-1,-1,-1,-1,0,-1,-1,-1,0,-1,1,-1,6,2,35,6,-1,-1,-1,-1,6,E01023874,1,1
2024421432393,2024,421432393,2,1,0,-1,19,7,3,-1,0,8,5,0,0,0,4,1,-1,6,1,59,9,-1,-1,-1,-1,9,E01021560,0,1
2024351521580,2024,351521580,2,1,0,-1,19,1,5,-1,0,1,0,0,1,0,1,1,-1,2,2,45,7,-1,-1,-1,-1,-1,-1,0,-1
2024430009146,2024,430009146,3,9,0,18,19,2,8,0,0,1,0,0,0,0,0,1,6,6,3,-1,-1,-1,-1,-1,-1,-1,-1,0,-1
2024320652002,2024,320652002,2,21,0,-1,-1,8,4,0,0,0,0,0,7,4,3,1,1,1,1,53,8,-1,-1,-1,-1,5,E01011065,0,5
2024371400695,2024,371400695,1,9,0,-1,19,-1,-1,-1,0,3,0,0,0,0,3,9,-1,6,1,30,6,-1,-1,-1,-1,7,E01034573,0,1
2024430098264,2024,430098264,2,1,0,18,19,1,5,0,0,8,0,0,0,0,1,1,4,7,1,15,3,-1,-1,-1,-1,-1,-1,0,-1
2024461504425,2024,461504425,2,5,0,-1,-1,-1,-1,-1,-1,-1,-1,-1,-1,0,-1,1,-1,6,1,22,5,-1,-1,-1,-1,7,E01024101,0,1
2024522401572,2024,522401572,1,9,0,18,19,9,9,0,0,1,0,0,0,0,1,1,6,6,3,-1,-1,-1,-1,-1,-1,-1,-1,0,-1
2024411487508,2024,411487508,2,1,-1,-1,-1,-1,-1,-1,-1,-1,-1,-1,-1,0,-1,1,-1,9,1,28,6,-1,-1,-1,-1,5,E01004487,0,4
2024549778324,2024,549778324,1,9,0,16,19,8,4,0,0,0,0,0,0,0,1,1,6,6,1,59,9,-1,-1,-1,-1,7,E01035217,0,4
2024552400362,2024,552400362,1,9,0,18,19,6,2,0,0,0,0,0,0,0,4,1,2,2,1,44,7,-1,-1,-1,-1,10,E01015400,0,3
2024010551086,2024,010551086,2,-1,9,99,99,9,9,99,99,0,9,99,9,99,9,1,6,6,3,-1,-1,-1,-1,-1,-1,-1,-1,1,-1
2024991488516,2024,991488516,1,19,0,-1,19,1,5,-1,0,0,0,0,0,0,1,9,-1,6,1,18,4,-1,-1,-1,-1,-1,-1,0,-1
2024471472556,2024,471472556,1,1,0,-1,19,1,5,-1,0,0,5,0,0,0,1,1,-1,9,1,44,7,-1,-1,-1,-1,8,E01018707,0,5
2024311532923,2024,311532923,2,1,0,-1,19,2,6,-1,0,8,0,0,0,0,4,1,-1,6,2,67,10,-1,-1,-1,-1,3,E01028310,0,1
2024221407685,2024,221407685,2,9,0,-1,19,5,1,-1,0,8,0,0,0,0,1,1,-1,6,2,41,7,-1,-1,-1,-1,5,E01014025,0,1
2024201403956,2024,201403956,2,9,0,-1,3,4,6,-1,0,0,0,0,0,0,2,1,-1,6,1,-1,-1,-1,-1,-1,-1,1,E01009476,0,1
2024552401284,2024,552401284,2,1,0,18,19,8,4,5,5,8,0,0,0,0,1,1,2,2,1,32,6,-1,-1,-1,-1,6,E01020527,0,3
2024141460578,2024,141460578,1,9,0,-1,19,1,4,-1,0,0,0,0,0,0,1,9,-1,6,1,30,6,-1,-1,-1,-1,8,E01019806,0,3
2024010548418,2024,010548418,1,97,0,99,99,9,9,99,99,9,9,99,9,99,9,1,6,6,3,-1,-1,-1,-1,-1,-1,-1,-1,0,-1
2024052402215,2024,052402215,2,22,0,5,5,6,2,0,0,1,0,0,0,0,0,1,2,2,2,20,4,-1,-1,-1,-1,5,E01033762,0,1
2024501457366,2024,501457366,1,9,0,-1,19,2,6,-1,0,0,0,0,2,4,1,1,-1,2,1,21,5,-1,-1,-1,-1,8,E01020240,0,1
2024061528704,2024,061528704,2,1,0,-1,19,0,0,-1,0,1,0,0,0,0,1,1,-1,6,1,34,6,-1,-1,-1,-1,10,E01006381,0,1
2024131443252,2024,131443252,1,1,0,-1,19,3,7,-1,4,1,0,0,0,0,1,1,-1,1,1,40,7,-1,-1,-1,-1,1,E01011492,0,1
2024451521910,2024,451521910,1,90,0,-1,9,3,7,-1,0,8,1,0,0,0,1,1,-1,9,2,20,4,-1,-1,-1,-1,2,E01000917,0,4
2024111446200,2024,111446200,1,9,0,-1,19,1,5,-1,0,0,0,0,0,0,1,9,-1,6,3,30,6,-1,-1,-1,-1,-1,-1,0,-1
2024010489920,2024,010489920,2,9,0,99,99,9,9,99,99,9,9,99,9,99,1,9,6,6,3,-1,-1,-1,-1,-1,-1,-1,-1,0,-1
2024131468018,2024,131468018,2,9,0,-1,3,3,3,-1,0,0,0,0,0,0,2,1,-1,6,1,49,8,-1,-1,-1,-1,2,E01013845,0,5
2024302401752,2024,302401752,3,9,0,-1,9,3,1,-1,0,1,0,0,0,0,0,1,-1,6,3,-1,-1,-1,-1,-1,-1,5,E01019456,0,3
2024122500046,2024,122500046,1,9,0,9,9,3,4,0,0,1,0,0,0,0,1,1,6,6,3,-1,-1,-1,-1,-1,-1,-1,-1,0,-1
2024340NN4042,2024,340NN4042,2,90,0,-1,2,0,0,-1,0,0,0,0,0,0,1,1,-1,1,1,33,6,-1,-1,-1,-1,4,E01025930,0,4
2024010540215,2024,010540215,1,1,0,18,19,5,1,0,0,2,0,0,0,0,0,1,1,1,1,23,5,-1,-1,-1,-1,3,E01002638,0,3
2024991447271,2024,991447271,1,-1,0,-1,19,8,5,-1,0,0,1,4,0,0,1,1,-1,6,1,17,4,-1,-1,-1,-1,2,-1,1,1
2024052400190,2024,052400190,2,1,0,18,19,2,6,0,0,1,0,0,0,0,4,1,6,6,2,66,10,-1,-1,-1,-1,6,E01007033,0,1
2024461415510,2024,461415510,2,9,0,-1,4,5,1,-1,0,0,0,0,0,0,2,9,-1,1,1,53,8,-1,-1,-1,-1,3,E01016021,0,3
2024332400132,2024,332400132,2,19,0,-1,19,1,5,-1,0,2,0,0,0,0,1,1,-1,6,2,24,5,-1,-1,-1,-1,-1,-1,0,-1