collision_index,collision_year,collision_ref_no,vehicle_reference,vehicle_type,towing_and_articulation,vehicle_manoeuvre_historic,vehicle_manoeuvre,vehicle_direction_from,vehicle_direction_to,vehicle_location_restricted_lane_historic,vehicle_location_restricted_lane,junction_location,skidding_and_overturning,hit_object_in_carriageway,vehicle_leaving_carriageway,hit_object_off_carriageway,first_point_of_impact,vehicle_left_hand_drive,journey_purpose_of_driver_historic,journey_purpose_of_driver,sex_of_driver,age_of_driver,age_band_of_driver,engine_capacity_cc,propulsion_code,age_of_vehicle,generic_make_model,driver_imd_decile,lsoa_of_driver,escooter_flag,driver_distance_banding
2024991484014,2024,991484014,1,17,0,-1,19,4,8,-1,0,0,2,0,0,0,3,1,-1,9,1,55,8,-1,-1,-1,-1,6,-1,0,2
2024052402530,2024,052402530,1,97,0,9,9,8,6,0,0,5,1,0,0,0,0,1,6,6,1,25,5,-1,-1,-1,-1,1,E01006873,0,1
2024430582319,2024,430582319,1,19,0,9,9,1,6,0,0,5,0,0,0,0,4,1,6,6,2,52,8,-1,-1,-1,-1,-1,-1,0,-1
2024320618175,2024,320618175,1,9,0,9,9,2,8,0,0,6,0,0,0,0,3,1,1,1,1,24,5,-1,-1,-1,-1,7,E01027343,0,5
2024430329026,2024,430329026,2,1,0,16,19,2,4,0,0,0,0,0,0,0,1,1,6,6,2,67,10,-1,-1,-1,-1,5,E01016566,0,1
2024430037377,2024,430037377,2,9,0,4,4,5,1,0,0,0,0,0,0,0,0,1,6,6,3,-1,-1,-1,-1,-1,-1,-1,-1,0,-1
2024010495159,2024,010495159,2,19,0,99,99,9,9,99,99,9,9,99,9,99,9,9,6,6,1,54,8,-1,-1,-1,-1,2,E01003604,0,1
2024041423342,2024,041423342,1,9,0,-1,19,4,8,-1,0,0,0,0,7,10,3,2,-1,9,1,85,11,-1,-1,-1,-1,8,E01025105,0,3
2024221499555,2024,221499555,3,9,0,-1,3,1,5,-1,0,0,0,0,0,0,2,1,-1,6,2,64,9,-1,-1,-1,-1,9,E01007171,0,5
2024371455351,2024,371455351,1,8,0,-1,19,-1,-1,-1,0,1,0,0,0,0,1,1,-1,6,1,-1,-1,-1,-1,-1,-1,-1,-1,0,-1
2024070138377,2024,070138377,2,9,0,18,19,7,3,0,0,0,0,0,0,0,2,1,6,6,2,32,6,-1,-1,-1,-1,10,E01035388,0,2
2024010507952,2024,010507952,1,1,9,99,99,9,9,99,99,9,9,99,9,99,9,1,6,6,1,24,5,-1,-1,-1,-1,8,E01004736,0,1
2024501487969,2024,501487969,1,9,0,-1,19,3,7,-1,0,1,0,0,0,0,1,1,-1,6,1,32,6,-1,-1,-1,-1,4,E01034157,0,1
2024430391903,2024,430391903,3,9,0,18,19,5,1,0,0,0,0,0,0,0,1,1,6,6,1,36,7,-1,-1,-1,-1,-1,-1,0,-1
2024010525563,2024,010525563,1,1,0,18,19,6,2,0,0,0,0,0,0,0,3,1,6,6,1,18,4,-1,-1,-1,-1,4,E01002805,0,1
2024221521573,2024,221521573,1,9,0,-1,19,8,4,-1,0,0,0,0,0,0,1,9,-1,6,1,44,7,-1,-1,-1,-1,6,E01032266,0,1
2024010503025,2024,010503025,1,1,9,99,99,9,9,99,99,9,9,99,9,99,1,1,2,2,1,33,6,-1,-1,-1,-1,10,E01002189,0,1
2024061461001,2024,061461001,1,1,0,-1,19,-1,-1,-1,0,8,5,0,1,0,3,1,-1,9,1,19,4,-1,-1,-1,-1,3,E01015052,0,5
2024302401510,2024,302401510,2,9,0,18,19,1,5,0,0,8,0,0,0,0,3,1,6,6,3,-1,-1,-1,-1,-1,-1,5,E01019456,0,3
2024471433871,2024,471433871,1,9,0,-1,19,2,6,-1,0,0,0,0,0,0,1,9,-1,6,3,-1,-1,-1,-1,-1,-1,-1,-1,0,-1
2024010512693,2024,010512693,1,1,9,99,99,9,9,99,99,9,9,99,9,99,1,1,6,6,3,-1,-1,-1,-1,-1,-1,-1,-1,0,-1
2024231534349,2024,231534349,2,9,0,-1,9,4,1,-1,0,5,0,0,0,0,1,1,-1,9,1,81,11,-1,-1,-1,-1,10,E01031123,0,1
2024010491340,2024,010491340,2,9,0,99,99,9,9,99,99,9,9,99,9,99,1,9,6,6,3,-1,-1,-1,-1,-1,-1,8,E01003445,0,1
2024430421919,2024,430421919,1,9,0,18,19,7,3,2,2,0,0,0,0,0,4,1,6,6,3,-1,-1,-1,-1,-1,-1,-1,-1,0,-1
2024991436715,2024,991436715,1,4,0,-1,19,6,3,-1,0,0,2,0,0,0,4,1,-1,6,2,23,5,-1,-1,-1,-1,4,-1,0,4
2024010525849,2024,010525849,2,1,3,18,19,3,7,1,1,1,0,0,0,0,1,1,2,2,1,42,7,-1,-1,-1,-1,9,E01003885,0,1
2024340WN4982,2024,340WN4982,1,11,0,-1,19,5,1,-1,0,1,0,0,0,0,1,1,-1,7,1,53,8,-1,-1,-1,-1,9,E01027074,0,4
2024131525099,2024,131525099,2,9,0,-1,19,5,1,-1,0,8,0,0,0,0,1,1,-1,9,2,32,6,-1,-1,-1,-1,1,E01011038,0,2
2024361404846,2024,361404846,2,1,-1,-1,-1,-1,-1,-1,-1,0,-1,-1,-1,0,-1,1,-1,6,2,-1,-1,-1,-1,-1,-1,-1,-1,0,-1
2024052400067,2024,052400067,1,23,0,18,19,5,1,0,0,1,1,4,0,0,4,1,6,6,1,21,5,-1,-1,-1,-1,1,E01006478,0,1
2024141415183,2024,141415183,1,9,0,-1,14,4,1,-1,0,2,0,0,0,0,1,2,-1,9,1,60,9,-1,-1,-1,-1,6,E01007684,0,1
2024320524172,2024,320524172,2,9,0,9,9,8,6,0,0,5,0,0,0,0,2,1,6,6,2,42,7,-1,-1,-1,-1,8,E01026314,0,4
2024010530351,2024,010530351,2,97,9,99,99,9,9,99,99,9,9,99,9,99,9,9,6,6,3,-1,-1,-1,-1,-1,-1,-1,-1,0,-1
2024010519242,2024,010519242,1,1,0,18,19,7,3,4,4,1,0,0,0,0,3,1,6,6,1,33,6,-1,-1,-1,-1,-1,-1,0,-1
2024461489904,2024,461489904,1,19,0,-1,-1,-1,-1,-1,-1,0,-1,-1,-1,0,-1,9,-1,6,3,-1,-1,-1,-1,-1,-1,-1,-1,0,-1
2024371467937,2024,371467937,1,1,0,-1,19,1,5,-1,0,0,0,0,0,0,0,1,-1,9,1,48,8,-1,-1,-1,-1,3,E01035157,0,4
2024471453574,2024,471453574,2,1,0,-1,5,4,6,-1,0,4,0,0,0,0,2,1,-1,9,1,58,9,-1,-1,-1,-1,7,E01031837,0,1
2024991442472,2024,991442472,3,9,0,-1,19,7,3,-1,0,0,0,0,0,0,2,1,-1,9,1,62,9,-1,-1,-1,-1,-1,-1,0,-1
2024351398798,2024,351398798,2,1,-1,-1,-1,-1,-1,-1,-1,0,-1,-1,-1,0,-1,1,-1,1,1,40,7,-1,-1,-1,-1,7,E01031349,0,5
2024010517388,2024,010517388,1,9,0,18,19,5,1,0,0,8,0,0,0,0,1,1,6,6,3,-1,-1,-1,-1,-1,-1,-1,-1,0,-1
2024010516588,2024,010516588,2,9,0,18,19,8,4,0,0,0,0,0,0,0,1,1,6,6,3,-1,-1,-1,-1,-1,-1,-1,-1,0,-1
2024311535524,2024,311535524,3,1,0,-1,5,1,1,-1,0,0,0,0,0,0,1,1,-1,9,1,29,6,-1,-1,-1,-1,-1,-1,0,-1
2024440549185,2024,440549185,2,9,0,7,7,5,7,0,0,6,0,0,0,0,1,1,2,2,1,41,7,-1,-1,-1,-1,8,E01023050,0,1
2024052402270,2024,052402270,1,9,0,5,5,2,6,0,0,8,0,0,0,0,1,1,6,6,1,22,5,-1,-1,-1,-1,2,E01006551,0,1
2024451412781,2024,451412781,2,9,0,-1,4,7,3,-1,0,0,0,0,0,0,2,1,-1,1,1,45,7,-1,-1,-1,-1,5,E01035299,0,4
2024461476598,2024,461476598,4,9,4,-1,2,0,0,-1,0,0,0,0,0,0,0,1,-1,9,-1,64,9,-1,-1,-1,-1,4,E01024042,0,3
2024451427293,2024,451427293,1,1,0,-1,99,2,6,-1,99,1,2,0,0,0,3,1,-1,7,2,43,7,-1,-1,-1,-1,9,E01030536,0,1
2024421430277,2024,421430277,1,9,0,-1,-1,-1,-1,-1,-1,0,-1,-1,-1,0,-1,1,-1,6,3,-1,-1,-1,-1,-1,-1,-1,-1,0,-1
2024430244874,2024,430244874,1,8,0,18,19,5,1,0,0,0,0,0,0,0,1,1,1,1,1,-1,-1,-1,-1,-1,-1,-1,-1,0,-1
2024010507203,2024,010507203,1,9,0,18,19,3,7,0,0,0,1,10,1,9,1,1,2,2,1,33,6,-1,-1,-1,-1,9,E01029512,0,5
2024522402241,2024,522402241,2,-1,0,5,5,5,1,0,0,0,0,0,0,0,1,1,6,6,1,24,5,-1,-1,-1,-1,1,E01014516,1,1
2024302401042,2024,302401042,1,19,0,18,19,5,1,0,0,1,0,0,0,0,4,1,6,6,3,-1,-1,-1,-1,-1,-1,5,E01019456,0,3
2024361428218,2024,361428218,2,1,-1,-1,-1,-1,-1,-1,-1,0,-1,-1,-1,0,-1,1,-1,7,1,9,2,-1,-1,-1,-1,10,E01026908,0,1
2024401427466,2024,401427466,3,11,0,-1,19,3,7,-1,0,2,0,0,0,0,3,1,-1,1,1,64,9,-1,-1,-1,-1,5,E01017430,0,1
2024010511882,2024,010511882,1,1,0,18,19,1,5,0,0,2,0,0,0,0,1,1,2,2,1,46,8,-1,-1,-1,-1,5,E01003134,0,1
2024101482478,2024,101482478,2,9,0,-1,5,3,7,-1,0,8,1,0,0,0,1,1,-1,9,1,27,6,-1,-1,-1,-1,4,E01027498,0,3
2024010504830,2024,010504830,1,10,0,9,9,7,4,0,0,5,0,0,0,0,2,1,2,2,1,54,8,-1,-1,-1,-1,2,E01001947,0,1
2024010500816,2024,010500816,2,9,9,99,99,9,9,99,99,1,9,99,9,99,9,9,6,6,3,-1,-1,-1,-1,-1,-1,-1,-1,0,-1
2024520401169,2024,520401169,2,19,9,18,19,9,9,0,0,1,0,0,0,0,1,9,6,6,3,-1,-1,-1,-1,-1,-1,-1,-1,0,-1
2024531460780,2024,531460780,1,9,0,-1,5,3,7,-1,0,4,0,0,0,0,0,9,-1,6,3,-1,-1,-1,-1,-1,-1,-1,-1,0,-1
2024070562954,2024,070562954,1,19,0,5,5,6,2,0,0,1,0,0,0,0,1,1,2,2,1,61,9,-1,-1,-1,-1,-1,-1,0,-1
202454B979924,2024,54B979924,2,9,0,18,19,4,8,0,0,0,0,0,0,0,2,1,6,6,2,71,10,-1,-1,-1,-1,5,E01022996,0,4
2024010492264,2024,010492264,2,3,0,13,13,6,2,0,0,8,0,0,0,0,4,1,6,6,1,29,6,-1,-1,-1,-1,3,E01001956,0,3
2024610003724,2024,610003724,2,9,0,18,19,7,3,0,0,2,0,0,0,0,0,1,6,6,3,-1,-1,-1,-1,-1,-1,-1,-1,0,-1
2024471442102,2024,471442102,2,9,0,-1,2,0,0,-1,0,1,0,0,0,0,2,1,-1,6,-1,-1,-1,-1,-1,-1,-1,-1,-1,0,-1
2024430117885,2024,430117885,1,9,0,18,19,1,5,9,9,6,0,0,0,0,1,1,1,1,1,30,6,-1,-1,-1,-1,-1,-1,0,-1
2024052400934,2024,052400934,2,1,0,18,19,7,3,0,0,1,0,0,0,0,1,1,6,6,2,56,9,-1,-1,-1,-1,7,E01007035,0,1
2024430042796,2024,430042796,3,9,0,18,19,7,3,0,0,8,0,0,0,0,1,1,6,6,1,28,6,-1,-1,-1,-1,10,E01016701,0,2
2024201501865,2024,201501865,1,9,0,-1,19,2,6,-1,0,8,0,0,0,0,1,1,-1,6,-1,-1,-1,-1,-1,-1,-1,-1,-1,0,-1
2024131510238,2024,131510238,2,1,0,-1,19,6,4,-1,0,1,0,0,0,0,4,1,-1,6,1,38,7,-1,-1,-1,-1,-1,-1,0,-1
2024052401711,2024,052401711,2,1,0,9,9,7,4,0,0,3,0,0,0,0,0,1,6,6,1,74,10,-1,-1,-1,-1,9,E01007078,0,1
2024010493521,2024,010493521,2,9,0,99,99,9,9,0,0,0,9,99,9,99,1,9,6,6,3,-1,-1,-1,-1,-1,-1,-1,-1,0,-1
2024610015624,2024,610015624,1,9,0,18,19,8,4,0,0,8,0,0,0,0,4,1,1,1,1,60,9,-1,-1,-1,-1,4,W01001650,0,1
2024991444500,2024,991444500,2,1,0,-1,3,5,2,-1,0,1,0,0,0,0,3,1,-1,9,1,51,8,-1,-1,-1,-1,10,-1,0,2
2024010494462,2024,010494462,1,9,0,2,2,0,0,99,99,0,0,0,9,0,3,9,6,6,3,-1,-1,-1,-1,-1,-1,-1,-1,0,-1
2024010526563,2024,010526563,2,1,9,99,99,9,9,99,99,9,9,99,9,99,9,1,6,6,2,-1,-1,-1,-1,-1,-1,6,E01001872,0,1
2024311470221,2024,311470221,1,9,0,-1,19,1,4,-1,0,8,0,0,0,0,3,1,-1,9,1,50,8,-1,-1,-1,-1,3,E01026078,0,4
2024340WN5502,2024,340WN5502,2,9,0,-1,19,4,8,-1,0,0,0,0,0,0,1,1,-1,9,1,61,9,-1,-1,-1,-1,7,E01018129,0,4
2024201490039,2024,201490039,1,9,0,-1,19,3,7,-1,0,0,0,10,0,0,1,9,-1,9,1,65,9,-1,-1,-1,-1,-1,-1,0,-1
2024340WN5032,2024,340WN5032,1,9,0,-1,19,7,3,-1,0,0,0,0,0,0,1,1,-1,6,1,-1,-1,-1,-1,-1,-1,-1,-1,0,-1
2024010508895,2024,010508895,2,9,9,99,99,9,9,99,99,9,9,99,9,99,9,1,6,6,3,-1,-1,-1,-1,-1,-1,-1,-1,0,-1
2024340WN1232,2024,340WN1232,2,9,0,-1,19,7,3,-1,0,8,0,0,0,0,4,1,-1,9,1,62,9,-1,-1,-1,-1,2,E01027195,0,1
2024101486784,2024,101486784,1,9,0,-1,9,1,7,-1,0,8,0,0,0,0,1,1,-1,9,2,42,7,-1,-1,-1,-1,7,E01012235,0,4
2024052401355,2024,052401355,2,1,0,5,5,7,3,0,0,4,0,0,0,0,0,1,6,6,2,32,6,-1,-1,-1,-1,1,E01033797,0,1
2024122400352,2024,122400352,1,9,0,18,19,1,5,0,0,0,0,0,0,0,1,1,6,6,3,-1,-1,-1,-1,-1,-1,-1,-1,0,-1
2024010517682,2024,010517682,2,9,0,5,5,1,5,0,0,8,0,0,0,0,1,1,6,6,3,-1,-1,-1,-1,-1,-1,-1,-1,0,-1
2024131495447,2024,131495447,2,1,0,-1,7,7,3,-1,9,0,0,0,1,0,3,1,-1,9,1,14,3,-1,-1,-1,-1,2,E01011912,0,1
2024031402842,2024,031402842,2,9,0,-1,10,3,7,-1,0,0,0,0,7,0,2,1,-1,2,2,25,5,-1,-1,-1,-1,4,E01019309,0,2
2024991461533,2024,991461533,2,1,0,-1,9,5,1,-1,0,0,0,0,0,0,1,1,-1,6,1,61,9,-1,-1,-1,-1,-1,-1,0,-1
2024520402649,2024,520402649,1,9,0,18,19,2,6,0,0,0,0,0,0,0,1,1,6,6,2,23,5,-1,-1,-1,-1,10,E01020062,0,3
2024131420215,2024,131420215,1,9,0,-1,-1,-1,-1,-1,-1,-1,-1,-1,-1,0,-1,1,-1,6,3,-1,-1,-1,-1,-1,-1,-1,-1,0,-1
2024010546299,2024,010546299,1,1,9,18,19,9,9,99,99,9,9,99,9,99,1,1,2,2,1,54,8,-1,-1,-1,-1,3,E01002404,0,1
2024052401524,2024,052401524,1,1,0,18,19,7,3,0,0,0,0,0,0,0,0,1,6,6,1,25,5,-1,-1,-1,-1,1,E01007304,0,1
2024371468158,2024,371468158,2,1,0,-1,5,7,3,-1,0,0,0,0,0,0,1,1,-1,9,1,12,3,-1,-1,-1,-1,2,E01030265,0,1
2024221433042,2024,221433042,2,1,0,-1,19,5,1,-1,0,8,0,0,0,0,2,1,-1,6,1,48,8,-1,-1,-1,-1,2,E01028983,0,3
2024131461055,2024,131461055,1,1,0,-1,19,1,5,-1,0,1,2,0,0,0,1,1,-1,6,-1,-1,-1,-1,-1,-1,-1,-1,-1,0,-1
2024440256639,2024,440256639,2,19,0,18,19,5,1,0,0,1,0,0,0,0,1,1,6,6,3,-1,-1,-1,-1,-1,-1,-1,-1,0,-1
2024430319000,2024,430319000,2,9,0,9,9,3,1,0,0,5,0,0,0,0,1,1,6,6,2,-1,-1,-1,-1,-1,-1,-1,-1,0,-1
2024440399482,2024,440399482,1,1,0,18,19,7,3,0,0,8,0,0,0,0,3,1,6,6,1,63,9,-1,-1,-1,-1,10,E01028625,0,5
2024010489648,2024,010489648,1,9,0,7,7,5,7,0,0,6,0,0,0,0,4,1,6,6,3,-1,-1,-1,-1,-1,-1,-1,-1,0,-1
2024440393478,2024,440393478,2,9,0,18,19,2,6,0,0,4,0,0,0,0,1,1,6,6,3,-1,-1,-1,-1,-1,-1,-1,-1,0,-1
2024041437470,2024,041437470,1,9,0,-1,19,-1,-1,-1,0,0,0,0,0,0,-1,9,-1,6,3,-1,-1,-1,-1,-1,-1,-1,-1,0,-1
2024010488494,2024,010488494,1,9,0,5,5,3,7,0,0,5,1,10,5,2,1,1,6,6,2,30,6,-1,-1,-1,-1,2,E01033602,0,1
2024010513647,2024,010513647,5,9,0,15,15,5,1,0,0,0,0,0,0,0,1,1,6,6,3,24,5,-1,-1,-1,-1,-1,-1,0,-1
2024010491316,2024,010491316,1,9,0,9,9,7,5,0,0,5,0,0,0,0,3,1,6,6,1,53,8,-1,-1,-1,-1,-1,-1,0,-1
2024332400913,2024,332400913,1,9,0,-1,19,3,6,-1,0,0,0,0,8,9,1,1,-1,2,2,41,7,-1,-1,-1,-1,3,E01031008,0,2
2024351452804,2024,351452804,1,9,-1,-1,-1,-1,-1,-1,-1,0,-1,-1,-1,0,-1,9,-1,6,2,-1,-1,-1,-1,-1,-1,-1,-1,0,-1
2024522402270,2024,522402270,1,97,0,18,19,9,9,0,0,8,0,0,0,0,1,1,1,1,3,-1,-1,-1,-1,-1,-1,-1,-1,0,-1
2024991462407,2024,991462407,1,9,0,-1,1,1,5,-1,0,0,0,0,0,0,2,2,-1,1,1,31,6,-1,-1,-1,-1,6,-1,0,5
2024411409271,2024,411409271,3,19,0,-1,19,1,5,-1,0,1,0,0,0,0,4,1,-1,1,1,31,6,-1,-1,-1,-1,6,E01023874,0,2
2024311521499,2024,311521499,1,19,0,-1,19,4,8,-1,-1,0,1,0,7,0,1,1,-1,6,1,53,8,-1,-1,-1,-1,-1,-1,0,-1
2024361495093,2024,361495093,1,9,0,-1,19,7,3,-1,0,0,0,0,7,4,1,1,-1,1,1,27,6,-1,-1,-1,-1,4,E01026747,0,3
2024010514343,2024,010514343,2,9,0,6,6,1,1,0,0,1,0,0,0,0,1,1,6,6,2,-1,-1,-1,-1,-1,-1,-1,-1,0,-1
2024101517500,2024,101517500,1,9,0,-1,19,7,3,-1,0,4,0,0,0,0,1,1,-1,2,2,49,8,-1,-1,-1,-1,-1,-1,0,-1
2024311403598,2024,311403598,2,3,0,-1,19,7,3,-1,0,8,1,0,0,0,1,1,-1,6,1,14,3,-1,-1,-1,-1,3,E01028028,0,1
2024211434945,2024,211434945,4,9,0,-1,7,5,5,-1,0,1,0,0,0,0,3,1,-1,6,1,32,6,-1,-1,-1,-1,-1,-1,0,-1
2024440370036,2024,440370036,1,9,0,17,19,6,2,0,0,1,5,0,0,0,0,1,6,6,1,20,4,-1,-1,-1,-1,8,E01022786,0,2
2024010494310,2024,010494310,2,9,0,99,99,9,9,99,99,0,9,99,9,99,1,9,6,6,3,-1,-1,-1,-1,-1,-1,5,E01000636,0,3
2024421398956,2024,421398956,1,9,0,-1,19,1,5,-1,0,0,0,0,0,0,1,9,-1,6,1,-1,-1,-1,-1,-1,-1,-1,-1,0,-1
2024070801661,2024,070801661,1,9,-1,-1,7,1,-1,-1,-1,-1,-1,-1,-1,-1,-1,2,-1,6,3,-1,-1,-1,-1,-1,-1,-1,-1,0,-1
2024141495841,2024,141495841,2,9,0,-1,-1,-1,-1,-1,-1,-1,-1,-1,-1,0,-1,9,-1,6,3,-1,-1,-1,-1,-1,-1,-1,-1,0,-1
2024522401873,2024,522401873,2,1,0,12,12,7,8,0,0,0,0,0,0,0,3,1,6,6,2,39,7,-1,-1,-1,-1,4,E01014603,0,1
2024201435094,2024,201435094,1,9,0,-1,19,2,6,-1,0,0,0,0,0,0,1,9,-1,6,2,30,6,-1,-1,-1,-1,-1,-1,0,-1
2024552401510,2024,552401510,1,1,0,9,9,7,5,0,0,0,0,0,0,0,1,1,6,6,3,-1,-1,-1,-1,-1,-1,-1,-1,0,-1
2024522500274,2024,522500274,2,97,0,18,19,5,1,4,4,0,0,0,0,0,1,1,6,6,3,-1,-1,-1,-1,-1,-1,-1,-1,0,-1
2024010497192,2024,010497192,1,3,0,18,19,4,8,0,0,1,0,0,3,0,1,1,2,2,1,25,5,-1,-1,-1,-1,8,E01000426,0,1
2024540967124,2024,540967124,2,1,0,5,5,2,6,0,0,4,0,0,0,0,4,1,6,6,1,54,8,-1,-1,-1,-1,8,E01032694,0,1
2024461464734,2024,461464734,1,9,0,-1,19,3,7,-1,0,0,0,0,0,0,3,9,-1,6,3,-1,-1,-1,-1,-1,-1,-1,-1,0,-1
2024141520684,2024,141520684,1,9,0,-1,19,7,3,-1,0,0,0,0,0,0,2,1,-1,9,2,67,10,-1,-1,-1,-1,3,E01008032,0,2
2024332400012,2024,332400012,2,1,0,-1,12,4,8,-1,0,0,0,0,0,0,3,1,-1,6,1,33,6,-1,-1,-1,-1,4,E01025930,0,1
2024522402330,2024,522402330,2,9,0,5,5,9,9,0,0,1,0,0,0,0,1,1,6,6,3,-1,-1,-1,-1,-1,-1,-1,-1,0,-1
2024471436801,2024,471436801,1,9,0,-1,19,3,7,-1,0,0,0,0,1,1,1,1,-1,6,1,32,6,-1,-1,-1,-1,6,E01031508,0,1
2024411519895,2024,411519895,4,9,0,-1,3,3,7,-1,0,1,0,0,0,0,1,1,-1,6,1,19,4,-1,-1,-1,-1,8,E01023872,0,1
2024311461823,2024,311461823,161,4,0,-1,7,2,7,-1,0,0,0,0,0,0,3,1,-1,9,1,67,10,-1,-1,-1,-1,-1,-1,0,-1
2024440554339,2024,440554339,1,1,0,18,19,8,4,0,0,0,0,0,0,0,0,1,6,6,1,58,9,-1,-1,-1,-1,2,E01017218,0,1
2024471437500,2024,471437500,2,99,0,-1,-1,-1,-1,-1,0,1,0,0,0,0,1,1,-1,6,3,-1,-1,-1,-1,-1,-1,-1,-1,0,-1
2024501497087,2024,501497087,2,1,0,-1,19,8,4,-1,0,0,0,0,0,0,3,1,-1,9,1,48,8,-1,-1,-1,-1,6,E01015202,0,2
2024471397177,2024,471397177,1,9,0,-1,19,7,3,-1,0,1,0,0,0,0,1,9,-1,6,3,-1,-1,-1,-1,-1,-1,-1,-1,0,-1
2024052401325,2024,052401325,1,9,0,18,19,1,5,0,0,0,0,0,0,0,1,1,6,6,3,-1,-1,-1,-1,-1,-1,-1,-1,0,-1
2024301402226,2024,301402226,2,9,0,-1,19,5,1,-1,0,0,0,0,0,0,2,1,-1,1,1,42,7,-1,-1,-1,-1,1,E01007378,0,4
2024010491937,2024,010491937,2,9,0,18,19,1,5,0,0,1,0,0,0,0,2,1,6,6,3,-1,-1,-1,-1,-1,-1,-1,-1,0,-1
2024411478756,2024,411478756,2,1,0,-1,19,3,7,-1,0,1,0,0,0,0,3,1,-1,6,1,14,3,-1,-1,-1,-1,10,E01023724,0,1
2024101427685,2024,101427685,2,9,0,-1,19,7,3,-1,0,0,0,0,0,0,1,2,-1,9,2,19,4,-1,-1,-1,-1,8,E01027499,0,2
2024010521954,2024,010521954,3,9,0,9,9,3,1,0,0,1,0,0,0,0,0,1,6,6,3,-1,-1,-1,-1,-1,-1,-1,-1,0,-1
2024070257406,2024,070257406,2,1,0,18,19,5,7,0,0,1,0,0,0,0,3,1,2,2,2,50,8,-1,-1,-1,-1,9,E01018513,0,1
2024471485488,2024,471485488,1,1,0,-1,19,3,7,-1,0,0,0,0,0,0,4,1,-1,9,1,40,7,-1,-1,-1,-1,4,E01016861,0,1
2024010550594,2024,010550594,1,9,0,5,5,0,3,0,0,8,0,0,0,0,1,1,6,6,3,-1,-1,-1,-1,-1,-1,-1,-1,0,-1
2024221431708,2024,221431708,2,1,0,-1,7,8,2,-1,0,3,0,10,0,0,3,1,-1,6,1,57,9,-1,-1,-1,-1,6,E01035070,0,2
2024361462088,2024,361462088,1,9,0,-1,19,8,5,-1,0,0,0,0,0,0,1,1,-1,6,1,21,5,-1,-1,-1,-1,3,E01026685,0,3
202454E898924,2024,54E898924,1,9,0,18,19,8,4,0,0,2,0,0,0,0,1,1,6,6,1,25,5,-1,-1,-1,-1,7,E01034552,0,1
2024131457661,2024,131457661,1,9,0,-1,-1,-1,-1,-1,-1,-1,-1,-1,-1,-1,-1,1,-1,6,3,-1,-1,-1,-1,-1,-1,-1,-1,0,-1
2024991451748,2024,991451748,1,97,0,-1,13,8,4,-1,0,0,0,0,0,0,1,1,-1,9,1,41,7,-1,-1,-1,-1,6,-1,0,5
2024010533085,2024,010533085,1,1,0,99,99,9,9,4,4,9,0,99,0,0,9,1,2,2,1,59,9,-1,-1,-1,-1,3,E01000385,0,3
2024991486127,2024,991486127,2,5,0,-1,19,4,8,-1,0,0,1,0,0,0,2,1,-1,9,1,65,9,-1,-1,-1,-1,9,-1,0,4
2024010493517,2024,010493517,1,9,0,99,99,9,9,0,0,8,0,0,9,99,1,9,6,6,3,-1,-1,-1,-1,-1,-1,-1,-1,0,-1
2024302401565,2024,302401565,1,19,0,9,9,6,2,0,0,0,0,0,0,0,0,1,6,6,3,-1,-1,-1,-1,-1,-1,5,E01019456,0,3
2024481567020,2024,481567020,2,3,0,-1,19,7,3,-1,0,8,0,0,0,0,3,1,-1,1,1,20,4,-1,-1,-1,-1,-1,-1,0,-1
2024201423867,2024,201423867,1,9,0,-1,19,2,6,-1,0,0,0,0,0,0,1,9,-1,6,2,-1,-1,-1,-1,-1,-1,-1,-1,0,-1
2024451459896,2024,451459896,2,11,0,-1,19,1,3,-1,0,0,0,0,0,0,4,1,-1,6,3,40,7,-1,-1,-1,-1,-1,-1,0,-1
2024440055835,2024,440055835,2,9,0,18,19,6,2,0,0,0,0,0,0,0,3,1,6,6,1,-1,-1,-1,-1,-1,-1,-1,-1,0,-1
2024302400617,2024,302400617,3,9,0,9,9,6,2,0,0,8,0,0,0,0,0,1,6,6,3,-1,-1,-1,-1,-1,-1,5,E01019456,0,4
2024161515339,2024,161515339,3,9,0,-1,4,1,7,-1,0,4,0,0,0,0,1,1,-1,6,3,-1,-1,-1,-1,-1,-1,-1,-1,0,-1
2024320316774,2024,320316774,1,19,0,-1,-1,1,3,0,0,6,0,0,0,0,1,1,1,1,1,-1,-1,-1,-1,-1,-1,-1,-1,0,-1
2024411449001,2024,411449001,2,1,0,-1,19,4,8,-1,0,4,0,0,0,0,1,1,-1,9,1,29,6,-1,-1,-1,-1,10,E01023953,0,1
2024061434296,2024,061434296,1,9,0,-1,19,3,7,-1,0,1,0,0,0,0,1,1,-1,6,3,-1,-1,-1,-1,-1,-1,-1,-1,0,-1
2024991451067,2024,991451067,2,9,0,-1,19,5,1,-1,0,1,0,0,0,0,1,1,-1,9,2,60,9,-1,-1,-1,-1,-1,-1,0,-1
2024451458304,2024,451458304,2,97,0,-1,19,5,1,-1,0,4,0,0,0,0,1,1,-1,1,1,25,5,-1,-1,-1,-1,8,E01022622,0,4
2024440496994,2024,440496994,1,1,0,18,19,4,8,0,0,0,0,0,0,0,1,1,6,6,1,46,8,-1,-1,-1,-1,9,E01022862,0,1
2024320268938,2024,320268938,2,1,0,-1,-1,6,2,0,0,3,5,0,0,0,1,1,6,6,1,62,9,-1,-1,-1,-1,-1,-1,0,-1
2024010491748,2024,010491748,2,9,0,4,4,5,1,0,0,8,0,0,0,0,1,1,6,6,1,45,7,-1,-1,-1,-1,6,E01001034,0,1
2024211463626,2024,211463626,1,9,0,-1,5,8,5,-1,0,6,0,0,0,0,3,1,-1,9,2,63,9,-1,-1,-1,-1,10,E01029442,0,3
2024010505984,2024,010505984,1,1,9,99,99,9,9,99,99,9,9,99,9,99,9,1,2,2,2,31,6,-1,-1,-1,-1,1,E01003291,0,1
2024991406024,2024,991406024,2,9,0,-1,6,2,1,-1,0,8,0,0,0,0,3,1,-1,9,2,33,6,-1,-1,-1,-1,3,-1,0,1
2024351459413,2024,351459413,2,1,-1,-1,-1,-1,-1,-1,-1,-1,-1,-1,-1,0,-1,1,-1,6,1,69,10,-1,-1,-1,-1,6,E01018170,0,1
2024501506147,2024,501506147,1,9,0,-1,19,5,1,-1,0,1,0,0,0,0,4,1,-1,6,3,-1,-1,-1,-1,-1,-1,-1,-1,0,-1