collision_index,collision_year,collision_ref_no,vehicle_reference,vehicle_type,towing_and_articulation,vehicle_manoeuvre_historic,vehicle_manoeuvre,vehicle_direction_from,vehicle_direction_to,vehicle_location_restricted_lane_historic,vehicle_location_restricted_lane,junction_location,skidding_and_overturning,hit_object_in_carriageway,vehicle_leaving_carriageway,hit_object_off_carriageway,first_point_of_impact,vehicle_left_hand_drive,journey_purpose_of_driver_historic,journey_purpose_of_driver,sex_of_driver,age_of_driver,age_band_of_driver,engine_capacity_cc,propulsion_code,age_of_vehicle,generic_make_model,driver_imd_decile,lsoa_of_driver,escooter_flag,driver_distance_banding
2024430187280,2024,430187280,1,9,0,1,1,7,3,0,0,0,0,0,0,0,2,1,6,6,1,-1,-1,-1,-1,-1,-1,-1,-1,0,-1
2024101533267,2024,101533267,1,9,0,-1,4,4,8,-1,0,4,1,0,0,0,0,1,-1,6,1,23,5,-1,-1,-1,-1,6,E01008696,0,2
2024070900655,2024,070900655,2,9,9,-1,19,7,3,-1,0,5,0,0,0,0,2,9,-1,6,3,-1,-1,-1,-1,-1,-1,-1,-1,0,-1
2024161431557,2024,161431557,1,-1,0,-1,19,7,3,-1,0,8,0,0,0,0,3,1,-1,9,1,13,3,-1,-1,-1,-1,9,E01012954,1,1
2024041453319,2024,041453319,1,1,0,-1,19,7,3,-1,0,1,0,0,0,0,1,1,-1,6,2,36,7,-1,-1,-1,-1,1,E01012745,0,1
2024052400476,2024,052400476,2,-1,0,18,19,8,4,0,0,0,0,0,0,0,2,1,6,6,2,29,6,-1,-1,-1,-1,1,E01006677,1,1
2024622400272,2024,622400272,2,9,0,18,19,8,4,0,0,1,0,0,0,0,4,1,6,6,2,20,4,-1,-1,-1,-1,6,W01001204,0,4
2024061512868,2024,061512868,3,9,0,-1,2,0,0,-1,0,0,0,0,0,0,2,1,-1,6,-1,-1,-1,-1,-1,-1,-1,-1,-1,0,-1
2024010526452,2024,010526452,2,90,0,99,99,9,9,99,99,9,9,99,9,99,1,9,6,6,3,-1,-1,-1,-1,-1,-1,-1,-1,0,-1
2024161452934,2024,161452934,1,1,0,-1,10,5,4,-1,0,4,0,0,0,0,2,1,-1,6,2,56,9,-1,-1,-1,-1,8,E01013011,0,1
2024311508284,2024,311508284,2,9,0,-1,1,1,5,-1,0,0,0,0,0,0,2,1,-1,6,1,-1,-1,-1,-1,-1,-1,-1,-1,0,-1
2024010487134,2024,010487134,2,3,0,15,15,1,5,0,0,0,0,0,0,0,4,1,1,1,1,31,6,-1,-1,-1,-1,9,E01004683,0,1
2024421521697,2024,421521697,1,9,0,-1,1,5,1,-1,0,0,0,0,0,0,2,1,-1,6,1,41,7,-1,-1,-1,-1,5,E01021954,0,1
2024421515546,2024,421515546,2,9,0,-1,19,2,6,-1,0,1,0,0,0,0,3,1,-1,6,2,18,4,-1,-1,-1,-1,9,E01021255,0,1
2024010542696,2024,010542696,1,1,9,99,99,9,9,99,99,1,9,99,9,99,1,1,6,6,1,22,5,-1,-1,-1,-1,4,E01003014,0,1
2024451481064,2024,451481064,1,97,0,-1,19,5,1,-1,0,0,0,0,0,0,1,1,-1,6,1,53,8,-1,-1,-1,-1,6,E01002533,0,4
2024010498381,2024,010498381,2,9,0,99,99,9,9,99,99,9,9,99,9,99,2,9,6,6,3,-1,-1,-1,-1,-1,-1,-1,-1,0,-1
2024302400456,2024,302400456,1,19,0,3,3,1,5,0,0,1,0,0,0,0,0,1,6,6,3,-1,-1,-1,-1,-1,-1,5,E01019456,0,4
2024122401160,2024,122401160,1,11,0,4,4,3,1,2,2,0,0,0,0,0,0,1,1,1,2,28,6,-1,-1,-1,-1,4,E01012976,0,4
2024010491612,2024,010491612,1,9,0,99,99,9,9,99,99,9,9,99,9,99,3,9,6,6,2,22,5,-1,-1,-1,-1,5,E01000619,0,1
2024010507977,2024,010507977,1,5,0,12,12,7,3,0,0,0,2,0,0,0,0,1,6,6,1,43,7,-1,-1,-1,-1,2,E01000097,0,2
2024010487282,2024,010487282,1,9,0,9,9,3,1,0,0,8,0,0,0,0,1,1,2,2,2,31,6,-1,-1,-1,-1,6,E01003312,0,1
2024010490668,2024,010490668,1,3,0,99,99,9,9,99,99,9,9,99,9,99,1,1,6,6,1,23,5,-1,-1,-1,-1,6,E01002371,0,4
2024010549028,2024,010549028,2,1,0,9,9,1,8,0,0,6,2,0,0,0,3,1,2,2,1,31,6,-1,-1,-1,-1,2,E01003932,0,2
2024010513633,2024,010513633,2,1,0,9,9,8,5,0,0,1,0,0,1,0,1,1,6,6,1,18,4,-1,-1,-1,-1,2,E01024135,0,4
2024440509768,2024,440509768,2,9,0,18,19,3,7,0,0,3,0,0,0,0,1,1,6,6,1,-1,-1,-1,-1,-1,-1,-1,-1,0,-1
2024010493602,2024,010493602,1,1,9,99,99,9,9,99,99,9,9,99,9,99,9,1,2,2,1,33,6,-1,-1,-1,-1,9,E01023604,0,4
2024231534424,2024,231534424,1,9,0,-1,2,0,0,-1,0,0,0,0,0,0,0,1,-1,6,3,-1,-1,-1,-1,-1,-1,-1,-1,0,-1
2024010507404,2024,010507404,2,1,0,18,19,7,3,0,0,0,0,0,0,0,3,1,1,1,1,24,5,-1,-1,-1,-1,9,E01003458,0,2
2024061441772,2024,061441772,1,1,0,-1,5,-1,-1,-1,4,0,0,0,1,0,3,1,-1,2,1,25,5,-1,-1,-1,-1,2,E01005220,0,1
2024010540063,2024,010540063,2,1,0,18,19,5,1,0,0,1,0,0,0,0,4,1,2,2,1,54,8,-1,-1,-1,-1,7,E01003643,0,1
2024041471760,2024,041471760,1,9,0,-1,19,4,8,-1,0,0,5,0,7,9,3,1,-1,9,2,75,10,-1,-1,-1,-1,5,E01006933,0,1
2024320757646,2024,320757646,3,9,0,-1,-1,2,6,0,0,0,0,0,0,0,0,1,-1,-1,2,52,8,-1,-1,-1,-1,1,E01026112,0,1
2024622400210,2024,622400210,1,1,0,18,19,5,1,0,0,0,0,0,0,0,1,1,6,6,1,39,7,-1,-1,-1,-1,8,W01000892,0,1
2024010532099,2024,010532099,1,1,0,18,19,1,5,0,0,8,0,0,0,0,3,1,6,6,2,36,7,-1,-1,-1,-1,2,E01003253,0,4
2024201456060,2024,201456060,1,9,0,-1,19,4,8,-1,1,0,0,0,0,0,3,9,-1,6,3,25,5,-1,-1,-1,-1,-1,-1,0,-1
2024411466374,2024,411466374,1,9,0,-1,19,8,4,-1,0,0,0,0,0,0,1,1,-1,6,1,25,5,-1,-1,-1,-1,7,E01023328,0,1
2024320026419,2024,320026419,1,9,0,18,19,8,4,0,0,0,1,0,1,4,1,1,6,6,1,66,10,-1,-1,-1,-1,1,E01015663,0,4
2024201509489,2024,201509489,2,-1,0,-1,5,2,6,-1,0,2,0,0,0,0,3,1,-1,6,1,16,4,-1,-1,-1,-1,-1,-1,1,-1
2024052401458,2024,052401458,1,8,0,4,4,1,5,0,0,0,0,0,0,0,0,1,1,1,1,71,10,-1,-1,-1,-1,1,E01033763,0,1
2024311426197,2024,311426197,2,1,0,-1,19,8,4,-1,0,8,1,0,0,0,1,1,-1,6,1,31,6,-1,-1,-1,-1,6,E01013928,0,1
202417L305024,2024,17L305024,2,9,0,-1,19,6,2,-1,0,8,0,0,0,0,1,1,-1,6,1,-1,-1,-1,-1,-1,-1,-1,-1,0,-1
2024231506362,2024,231506362,2,9,0,-1,19,1,5,-1,0,8,0,0,0,0,3,1,-1,1,1,62,9,-1,-1,-1,-1,6,E01029861,0,2
2024471530501,2024,471530501,1,9,0,-1,19,4,8,-1,0,0,0,0,7,3,1,1,-1,2,1,43,7,-1,-1,-1,-1,4,E01003529,0,4
2024010495570,2024,010495570,1,11,0,9,9,5,3,0,0,1,0,0,0,0,0,1,1,1,1,37,7,-1,-1,-1,-1,2,E01000034,0,3
2024010544715,2024,010544715,2,9,0,9,9,1,7,0,0,1,0,0,0,0,1,1,6,6,1,25,5,-1,-1,-1,-1,5,E01000337,0,1
2024010496982,2024,010496982,1,3,0,99,99,9,9,99,99,9,9,99,9,99,9,1,6,6,3,30,6,-1,-1,-1,-1,3,E01034145,0,2
2024421403189,2024,421403189,3,9,0,-1,4,1,5,-1,0,1,0,0,0,0,2,1,-1,9,2,57,9,-1,-1,-1,-1,10,E01021751,0,1
2024471454544,2024,471454544,3,1,0,-1,19,3,7,-1,0,6,2,0,0,0,4,1,-1,9,1,11,3,-1,-1,-1,-1,6,E01034823,0,1
2024430430750,2024,430430750,2,9,0,4,4,1,5,0,0,0,0,0,0,0,2,1,6,6,1,-1,-1,-1,-1,-1,-1,-1,-1,0,-1
2024430061348,2024,430061348,2,9,0,18,19,5,1,2,2,3,0,0,0,0,3,1,6,6,3,-1,-1,-1,-1,-1,-1,-1,-1,0,-1
2024991414767,2024,991414767,2,1,0,-1,19,1,5,-1,0,1,0,0,0,0,1,1,-1,6,2,26,6,-1,-1,-1,-1,10,-1,0,1
2024101405841,2024,101405841,1,9,0,-1,19,2,6,-1,0,0,0,0,0,0,1,1,-1,6,2,35,6,-1,-1,-1,-1,-1,-1,0,-1
2024610053924,2024,610053924,2,9,0,18,19,3,7,0,0,1,0,0,1,0,3,1,1,1,1,39,7,-1,-1,-1,-1,7,W01001452,0,2
2024622500034,2024,622500034,1,9,0,18,19,2,6,0,0,0,0,4,0,0,1,1,6,6,2,62,9,-1,-1,-1,-1,4,W01000887,0,2
2024430488791,2024,430488791,1,9,0,18,19,3,7,0,0,3,0,0,0,0,1,1,6,6,1,-1,-1,-1,-1,-1,-1,-1,-1,0,-1
2024522401518,2024,522401518,2,9,0,18,19,6,2,0,0,6,0,0,0,0,1,1,6,6,3,-1,-1,-1,-1,-1,-1,-1,-1,0,-1
2024010490391,2024,010490391,2,9,0,3,3,7,3,0,0,1,0,0,0,0,0,1,6,6,2,39,7,-1,-1,-1,-1,3,E01034191,0,3
2024010501254,2024,010501254,2,19,0,99,99,9,9,99,99,9,9,99,9,99,2,9,6,6,3,37,7,-1,-1,-1,-1,4,E01001737,0,1
2024010532470,2024,010532470,1,9,9,99,99,9,9,99,99,9,9,99,9,99,9,9,6,6,3,-1,-1,-1,-1,-1,-1,-1,-1,0,-1
2024131451600,2024,131451600,1,9,0,-1,19,5,1,-1,0,1,0,0,0,0,1,1,-1,1,1,36,7,-1,-1,-1,-1,2,E01011907,0,2
2024201502429,2024,201502429,1,19,0,-1,2,0,0,-1,0,0,0,0,0,0,0,2,-1,6,3,-1,-1,-1,-1,-1,-1,-1,-1,0,-1
2024430034478,2024,430034478,1,9,0,18,19,5,1,0,0,0,0,0,0,0,1,1,6,6,1,65,9,-1,-1,-1,-1,6,E01017860,0,3
2024010486898,2024,010486898,2,9,0,6,6,7,7,0,0,0,0,0,7,0,3,1,6,6,1,26,6,-1,-1,-1,-1,3,E01003334,0,1
2024010543867,2024,010543867,1,9,0,9,9,3,1,0,0,6,0,0,0,0,1,2,6,6,1,28,6,-1,-1,-1,-1,6,E01004463,0,1
2024201467706,2024,201467706,1,9,0,-1,19,1,5,-1,0,0,2,4,0,0,1,1,-1,9,1,40,7,-1,-1,-1,-1,1,E01008932,0,1
2024320039892,2024,320039892,2,1,0,-1,-1,5,1,0,0,8,0,0,0,0,3,1,6,6,1,16,4,-1,-1,-1,-1,2,E01026328,0,1
2024010501043,2024,010501043,2,1,0,15,15,3,7,4,4,1,0,0,0,0,1,1,2,2,1,42,7,-1,-1,-1,-1,9,E01003875,0,2
2024320229159,2024,320229159,1,90,0,-1,-1,7,3,9,9,0,0,0,0,0,1,1,6,6,3,-1,-1,-1,-1,-1,-1,-1,-1,0,-1
2024010490058,2024,010490058,1,9,0,9,9,5,3,0,0,4,0,0,0,0,3,1,6,6,3,24,5,-1,-1,-1,-1,-1,-1,0,-1
2024231454740,2024,231454740,1,9,0,-1,5,1,5,-1,0,6,0,0,0,0,4,9,-1,6,3,35,6,-1,-1,-1,-1,-1,-1,0,-1
2024430144998,2024,430144998,3,9,0,4,4,4,8,0,0,0,0,0,0,0,2,1,6,6,1,32,6,-1,-1,-1,-1,8,E01003399,0,4
2024201532132,2024,201532132,2,1,0,-1,13,4,8,-1,0,0,1,0,0,0,4,1,-1,6,1,39,7,-1,-1,-1,-1,4,E01009849,0,1
2024010504610,2024,010504610,2,9,0,99,99,9,9,99,99,9,9,99,9,99,9,9,6,6,3,-1,-1,-1,-1,-1,-1,-1,-1,0,-1
2024421455146,2024,421455146,2,1,0,-1,9,2,8,-1,0,8,0,0,0,0,1,1,-1,2,1,21,5,-1,-1,-1,-1,-1,-1,0,-1
2024440518281,2024,440518281,1,1,0,18,19,8,4,0,0,8,0,0,0,0,4,1,2,2,1,51,8,-1,-1,-1,-1,5,E01022845,0,2
2024010497659,2024,010497659,1,1,9,99,99,9,9,99,99,9,9,99,9,99,2,1,2,2,1,39,7,-1,-1,-1,-1,5,E01003276,0,2
2024461472768,2024,461472768,1,97,0,-1,14,8,8,-1,0,2,0,4,0,0,1,1,-1,6,1,18,4,-1,-1,-1,-1,1,E01024614,0,1
2024010512986,2024,010512986,1,1,9,99,99,9,9,99,99,1,9,99,9,99,9,1,6,6,2,43,7,-1,-1,-1,-1,5,E01028441,0,5
2024010547436,2024,010547436,1,1,9,99,99,9,9,99,99,9,9,99,9,99,1,1,6,6,3,-1,-1,-1,-1,-1,-1,4,E01000922,0,1
2024010494253,2024,010494253,2,9,0,99,99,9,9,99,99,9,9,99,9,99,9,9,6,6,3,-1,-1,-1,-1,-1,-1,-1,-1,0,-1
2024320281339,2024,320281339,2,1,0,-1,-1,7,3,9,9,1,1,0,1,0,4,1,-1,-1,1,12,3,-1,-1,-1,-1,-1,-1,0,-1
2024201512744,2024,201512744,1,97,0,-1,19,5,1,-1,0,0,0,0,0,0,1,1,-1,6,-1,-1,-1,-1,-1,-1,-1,-1,-1,0,-1
2024430314509,2024,430314509,1,9,0,18,19,8,4,0,0,1,0,0,0,0,4,1,6,6,3,-1,-1,-1,-1,-1,-1,-1,-1,0,-1
2024010533021,2024,010533021,1,9,0,99,99,9,9,99,99,9,9,99,9,99,1,9,6,6,3,-1,-1,-1,-1,-1,-1,-1,-1,0,-1
202417S309724,2024,17S309724,2,90,0,-1,19,7,3,-1,0,0,0,0,0,0,1,1,-1,6,1,-1,-1,-1,-1,-1,-1,-1,-1,0,-1
2024440073947,2024,440073947,3,9,0,18,19,5,1,0,0,1,0,0,0,0,1,1,6,6,3,-1,-1,-1,-1,-1,-1,-1,-1,0,-1
2024401405254,2024,401405254,2,1,0,-1,19,5,8,-1,0,0,1,0,0,0,1,1,-1,9,1,63,9,-1,-1,-1,-1,5,E01018157,0,4
2024311522740,2024,311522740,1,9,0,-1,19,8,4,-1,0,0,2,7,0,0,1,1,-1,2,1,37,7,-1,-1,-1,-1,-1,-1,0,-1
2024101482584,2024,101482584,1,19,0,-1,19,3,7,-1,0,0,0,0,0,0,3,1,-1,6,1,50,8,-1,-1,-1,-1,-1,-1,0,-1
2024010522698,2024,010522698,2,22,9,99,99,9,9,99,99,9,9,99,0,0,9,1,6,6,1,-1,-1,-1,-1,-1,-1,6,E01002531,0,1
2024361435408,2024,361435408,1,99,0,-1,19,7,3,-1,0,0,0,0,0,0,1,1,-1,6,1,25,5,-1,-1,-1,-1,10,E01026644,0,3
2024411415458,2024,411415458,2,9,0,-1,9,5,3,-1,0,6,0,0,0,0,3,1,-1,6,1,61,9,-1,-1,-1,-1,10,E01023693,0,1
2024231528147,2024,231528147,1,19,0,-1,19,1,5,-1,0,0,0,0,0,0,4,9,-1,6,3,45,7,-1,-1,-1,-1,-1,-1,0,-1
2024111449562,2024,111449562,1,-1,0,-1,19,5,1,-1,9,0,0,0,0,0,1,1,-1,9,1,10,2,-1,-1,-1,-1,1,E01020909,1,1
2024991531500,2024,991531500,1,1,0,-1,14,5,1,-1,0,1,0,0,0,0,1,1,-1,6,1,41,7,-1,-1,-1,-1,3,-1,0,1
2024010490910,2024,010490910,1,1,9,99,99,9,9,99,99,9,9,99,9,99,9,1,6,6,1,39,7,-1,-1,-1,-1,7,E01002962,0,1
2024010512044,2024,010512044,2,9,0,18,19,2,6,0,0,1,0,0,0,0,1,1,6,6,3,-1,-1,-1,-1,-1,-1,-1,-1,0,-1
2024052402801,2024,052402801,1,19,0,18,19,6,2,0,0,1,0,0,0,0,4,1,6,6,3,-1,-1,-1,-1,-1,-1,-1,-1,0,-1
2024201441996,2024,201441996,1,9,0,-1,5,4,8,-1,0,0,0,0,0,0,3,9,-1,1,1,25,5,-1,-1,-1,-1,1,E01009310,0,1
2024010487206,2024,010487206,2,9,9,99,99,9,9,99,99,9,9,99,9,99,9,1,6,6,2,36,7,-1,-1,-1,-1,3,E01034198,0,1
2024991523018,2024,991523018,2,1,0,-1,19,5,7,-1,0,1,0,0,0,0,3,1,-1,9,1,60,9,-1,-1,-1,-1,3,-1,0,1
2024010497125,2024,010497125,1,9,0,99,99,9,9,99,99,9,9,99,9,99,1,9,6,6,3,-1,-1,-1,-1,-1,-1,-1,-1,0,-1
2024221452416,2024,221452416,1,10,0,-1,5,3,1,-1,0,6,0,0,0,0,1,9,-1,1,1,46,8,-1,-1,-1,-1,-1,-1,0,-1
2024010488699,2024,010488699,2,9,0,9,9,7,6,0,0,8,0,0,0,0,4,1,6,6,1,33,6,-1,-1,-1,-1,3,E01001808,0,3
2024141472497,2024,141472497,1,9,0,-1,19,4,8,-1,0,0,0,0,0,0,1,9,-1,6,3,-1,-1,-1,-1,-1,-1,-1,-1,0,-1
2024471441664,2024,471441664,2,1,0,-1,19,2,6,-1,0,1,0,0,0,0,1,1,-1,9,1,12,3,-1,-1,-1,-1,1,E01016904,0,1
2024461397804,2024,461397804,2,1,0,-1,19,6,2,-1,0,0,1,0,0,0,2,1,-1,9,1,37,7,-1,-1,-1,-1,3,E01024552,0,4
2024010516336,2024,010516336,1,1,9,99,99,9,9,99,99,9,9,99,9,99,1,1,6,6,1,28,6,-1,-1,-1,-1,2,E01004311,0,1
2024010497784,2024,010497784,1,1,9,99,99,9,9,99,99,9,9,99,9,99,1,1,6,6,3,-1,-1,-1,-1,-1,-1,8,E01004111,0,1
2024111511346,2024,111511346,2,1,0,-1,19,6,2,-1,0,1,0,0,0,0,1,1,-1,9,2,71,10,-1,-1,-1,-1,10,E01012315,0,1
2024440312873,2024,440312873,1,9,0,18,19,3,7,0,0,8,0,0,0,0,1,1,6,6,1,58,9,-1,-1,-1,-1,5,E01022678,0,1
2024522401774,2024,522401774,1,19,0,18,19,6,1,0,0,4,0,0,0,0,3,1,6,6,1,34,6,-1,-1,-1,-1,5,E01035226,0,3
2024411485402,2024,411485402,2,1,0,-1,19,8,4,-1,0,1,0,0,0,0,1,1,-1,9,1,63,9,-1,-1,-1,-1,10,E01023363,0,1
2024161525204,2024,161525204,2,1,0,-1,19,8,4,-1,0,8,2,0,0,0,1,1,-1,6,1,54,8,-1,-1,-1,-1,1,E01013161,0,1
2024010538734,2024,010538734,1,9,0,18,19,6,2,0,0,8,0,0,0,0,4,1,6,6,3,-1,-1,-1,-1,-1,-1,-1,-1,0,-1
2024221399704,2024,221399704,1,9,0,-1,19,2,6,-1,0,0,0,0,0,0,1,1,-1,6,2,57,9,-1,-1,-1,-1,4,E01014003,0,3
2024010497195,2024,010497195,2,9,9,99,99,9,9,99,99,0,9,99,9,99,9,9,6,6,3,-1,-1,-1,-1,-1,-1,-1,-1,0,-1
2024421401194,2024,421401194,2,1,0,-1,19,5,1,-1,0,3,0,0,0,0,4,1,-1,6,1,69,10,-1,-1,-1,-1,9,E01021721,0,1
2024031453530,2024,031453530,1,19,0,-1,9,7,3,-1,0,1,0,0,0,0,2,1,-1,9,2,43,7,-1,-1,-1,-1,-1,-1,0,-1
2024061494540,2024,061494540,2,1,0,-1,19,5,1,-1,0,8,0,0,0,0,1,1,-1,1,1,39,7,-1,-1,-1,-1,1,E01005959,0,1
2024991463805,2024,991463805,2,9,0,-1,9,7,5,-1,0,0,0,0,0,0,2,1,-1,9,2,44,7,-1,-1,-1,-1,7,-1,0,4
2024041517037,2024,041517037,2,1,0,-1,19,2,6,-1,0,1,0,0,0,0,4,1,-1,9,1,24,5,-1,-1,-1,-1,6,E01025144,0,1
2024010528855,2024,010528855,3,1,9,99,99,9,9,99,99,9,9,99,9,99,9,1,6,6,2,-1,-1,-1,-1,-1,-1,-1,-1,0,-1
2024010502523,2024,010502523,1,1,9,99,99,9,9,99,99,9,9,99,9,99,9,1,6,6,2,27,6,-1,-1,-1,-1,6,E01001803,0,1
2024010493042,2024,010493042,1,3,0,99,99,9,9,99,99,9,9,99,9,99,1,1,6,6,1,34,6,-1,-1,-1,-1,3,E01000622,0,2
2024421519859,2024,421519859,1,98,-1,-1,19,6,2,-1,0,0,0,0,0,0,4,9,-1,6,3,-1,-1,-1,-1,-1,-1,-1,-1,0,-1
2024501442291,2024,501442291,1,9,0,-1,3,6,2,-1,0,1,0,0,0,0,1,1,-1,6,1,40,7,-1,-1,-1,-1,1,E01015045,0,1
2024010546798,2024,010546798,1,97,0,99,99,9,9,99,99,9,9,99,9,99,1,1,6,6,3,-1,-1,-1,-1,-1,-1,-1,-1,0,-1
2024052400742,2024,052400742,2,1,0,9,9,8,6,0,0,8,0,0,0,0,2,1,6,6,2,69,10,-1,-1,-1,-1,5,E01006687,0,1
2024421468602,2024,421468602,1,1,0,-1,19,1,5,-1,9,2,0,0,0,0,4,1,-1,9,1,9,2,-1,-1,-1,-1,5,E01015952,0,1
2024440545738,2024,440545738,2,2,0,5,5,7,3,0,0,1,0,0,0,0,1,1,6,6,1,-1,-1,-1,-1,-1,-1,-1,-1,0,-1
2024010540232,2024,010540232,1,9,9,99,99,9,9,99,99,9,9,99,9,99,9,1,6,6,3,-1,-1,-1,-1,-1,-1,-1,-1,0,-1
2024631477241,2024,631477241,1,1,0,-1,19,3,7,-1,0,0,0,0,1,10,2,1,-1,6,1,26,6,-1,-1,-1,-1,6,W01001907,0,1
2024461439091,2024,461439091,1,9,0,-1,3,6,7,-1,0,0,0,0,3,0,1,1,-1,6,3,-1,-1,-1,-1,-1,-1,-1,-1,0,-1
2024161399927,2024,161399927,1,1,0,-1,19,3,7,-1,4,8,0,0,1,0,1,1,-1,2,1,43,7,-1,-1,-1,-1,2,E01013259,0,2
2024991495962,2024,991495962,2,9,0,-1,5,3,7,-1,0,1,0,0,0,0,1,1,-1,6,1,23,5,-1,-1,-1,-1,7,-1,0,1
2024010535210,2024,010535210,1,1,9,99,99,9,9,99,99,9,9,99,9,99,9,1,2,2,1,26,6,-1,-1,-1,-1,8,E01003422,0,1
2024531492526,2024,531492526,2,1,0,-1,5,7,3,-1,0,0,0,0,0,0,2,1,-1,2,2,40,7,-1,-1,-1,-1,9,E01022145,0,1
2024161468065,2024,161468065,2,19,0,-1,19,4,8,-1,0,0,0,0,7,0,3,1,-1,9,2,38,7,-1,-1,-1,-1,10,E01012968,0,2
2024332400021,2024,332400021,2,9,0,-1,19,6,2,-1,0,0,0,0,0,0,1,1,-1,6,3,-1,-1,-1,-1,-1,-1,-1,-1,0,-1
2024501445721,2024,501445721,2,90,0,-1,2,0,0,-1,0,1,0,0,0,0,2,1,-1,1,2,46,8,-1,-1,-1,-1,7,E01016209,0,5
2024231410307,2024,231410307,2,1,0,-1,19,2,6,-1,0,0,1,0,1,0,1,1,-1,9,1,23,5,-1,-1,-1,-1,8,E01031196,0,1
2024161408891,2024,161408891,1,1,0,-1,19,1,5,-1,4,0,0,0,0,0,1,1,-1,6,1,16,4,-1,-1,-1,-1,10,E01013171,0,1
2024211432554,2024,211432554,2,1,0,-1,4,1,2,-1,0,8,0,0,0,0,1,1,-1,9,2,39,7,-1,-1,-1,-1,-1,-1,0,-1
2024010523754,2024,010523754,1,1,0,18,19,7,3,0,0,1,0,11,0,0,1,1,6,6,1,45,7,-1,-1,-1,-1,3,E01002772,0,1
2024320184671,2024,320184671,1,9,0,-1,-1,4,8,0,0,0,0,0,0,0,0,1,-1,-1,2,33,6,-1,-1,-1,-1,3,E01034686,0,2
2024141422879,2024,141422879,1,9,0,-1,19,7,3,-1,0,8,0,0,0,0,1,9,-1,6,1,30,6,-1,-1,-1,-1,-1,-1,0,-1
2024161431641,2024,161431641,2,9,0,-1,19,8,4,-1,0,0,0,0,0,0,1,9,-1,6,3,-1,-1,-1,-1,-1,-1,-1,-1,0,-1
2024302400801,2024,302400801,1,9,0,18,19,6,2,0,0,0,0,0,1,10,1,1,6,6,1,19,4,-1,-1,-1,-1,1,E01013586,0,1
2024010517303,2024,010517303,1,9,0,99,99,9,9,99,99,9,9,99,9,99,9,9,6,6,3,-1,-1,-1,-1,-1,-1,-1,-1,0,-1
2024401402512,2024,401402512,1,9,0,-1,19,6,2,-1,0,0,2,0,7,9,3,1,-1,6,1,39,7,-1,-1,-1,-1,10,E01016781,0,3
2024201472344,2024,201472344,1,98,1,-1,11,5,3,-1,-1,0,5,0,3,7,1,1,-1,1,1,58,9,-1,-1,-1,-1,5,-1,0,5
2024430330154,2024,430330154,2,19,0,18,19,6,2,0,0,1,0,0,0,0,1,1,6,6,1,-1,-1,-1,-1,-1,-1,-1,-1,0,-1
2024201484975,2024,201484975,2,9,0,-1,2,0,0,-1,0,0,0,0,0,0,4,1,-1,6,3,46,8,-1,-1,-1,-1,-1,-1,0,-1
2024010495946,2024,010495946,2,19,0,1,1,9,9,99,99,9,9,99,9,99,2,9,6,6,3,-1,-1,-1,-1,-1,-1,-1,-1,0,-1
2024052401227,2024,052401227,1,9,0,18,19,2,6,0,0,0,0,0,0,0,4,2,6,6,1,-1,-1,-1,-1,-1,-1,-1,-1,0,-1
2024421511217,2024,421511217,2,1,0,-1,19,1,5,-1,9,0,5,0,1,0,-1,1,-1,9,2,20,4,-1,-1,-1,-1,-1,-1,0,-1
2024010529302,2024,010529302,1,1,9,99,99,9,9,99,99,0,9,99,9,99,9,1,6,6,2,69,10,-1,-1,-1,-1,9,E01002155,0,1
2024351404327,2024,351404327,1,9,0,-1,19,5,7,-1,0,0,0,0,0,0,1,1,-1,9,1,78,11,-1,-1,-1,-1,9,E01018171,0,1
2024010515569,2024,010515569,2,1,0,18,19,3,7,0,0,2,0,0,0,0,3,1,1,1,2,29,6,-1,-1,-1,-1,3,E01034213,0,2
2024010489031,2024,010489031,2,9,0,99,99,9,9,99,99,9,9,99,9,99,1,9,6,6,3,-1,-1,-1,-1,-1,-1,-1,-1,0,-1
2024461432027,2024,461432027,1,9,0,-1,-1,-1,-1,-1,-1,0,-1,-1,-1,0,-1,9,-1,6,1,-1,-1,-1,-1,-1,-1,-1,-1,0,-1
2024010487863,2024,010487863,2,9,9,99,99,9,9,99,99,9,9,99,0,0,9,9,6,6,3,24,5,-1,-1,-1,-1,8,E01023850,0,4
2024010548907,2024,010548907,4,1,0,18,19,7,3,0,0,1,0,0,0,0,0,1,2,2,1,30,6,-1,-1,-1,-1,3,E01004528,0,1
2024010525193,2024,010525193,1,19,9,99,99,9,9,99,99,9,9,99,9,99,9,9,6,6,3,-1,-1,-1,-1,-1,-1,-1,-1,0,-1
2024451404943,2024,451404943,2,1,0,-1,19,1,5,-1,0,0,0,0,0,0,1,1,-1,6,1,14,3,-1,-1,-1,-1,9,E01030642,0,1
2024161531062,2024,161531062,1,1,0,-1,9,6,7,-1,0,2,5,0,0,0,1,1,-1,2,1,59,9,-1,-1,-1,-1,5,E01012902,0,1
2024131511198,2024,131511198,1,9,0,-1,19,3,7,-1,0,0,0,0,0,0,1,1,-1,2,1,35,6,-1,-1,-1,-1,-1,-1,0,-1
2024351417308,2024,351417308,2,9,0,-1,19,5,1,-1,0,2,0,0,0,0,1,1,-1,6,1,32,6,-1,-1,-1,-1,7,E01017989,0,1
2024201532037,2024,201532037,2,9,0,-1,19,1,5,-1,0,1,0,0,7,0,4,1,-1,9,2,31,6,-1,-1,-1,-1,1,E01009024,0,1
2024010492162,2024,010492162,2,1,0,5,5,7,3,0,0,6,0,0,0,0,4,1,2,2,1,46,8,-1,-1,-1,-1,6,E01003413,0,1
2024201508806,2024,201508806,1,9,0,-1,1,3,7,-1,0,0,0,0,0,0,2,9,-1,6,1,30,6,-1,-1,-1,-1,-1,-1,0,-1
2024221472265,2024,221472265,1,1,0,-1,5,7,1,-1,0,4,0,0,0,0,2,1,-1,9,1,70,10,-1,-1,-1,-1,6,E01014178,0,1
2024161512051,2024,161512051,1,9,0,-1,19,3,3,-1,0,8,0,11,0,0,1,1,-1,9,1,62,9,-1,-1,-1,-1,10,E01013152,0,1