collision_index,collision_year,collision_ref_no,vehicle_reference,vehicle_type,towing_and_articulation,vehicle_manoeuvre_historic,vehicle_manoeuvre,vehicle_direction_from,vehicle_direction_to,vehicle_location_restricted_lane_historic,vehicle_location_restricted_lane,junction_location,skidding_and_overturning,hit_object_in_carriageway,vehicle_leaving_carriageway,hit_object_off_carriageway,first_point_of_impact,vehicle_left_hand_drive,journey_purpose_of_driver_historic,journey_purpose_of_driver,sex_of_driver,age_of_driver,age_band_of_driver,engine_capacity_cc,propulsion_code,age_of_vehicle,generic_make_model,driver_imd_decile,lsoa_of_driver,escooter_flag,driver_distance_banding
2024340NN1242,2024,340NN1242,1,19,0,-1,9,3,1,-1,0,6,0,0,0,0,1,1,-1,6,1,-1,-1,-1,-1,-1,-1,-1,-1,0,-1
2024111487892,2024,111487892,1,9,0,-1,9,3,2,-1,0,8,0,0,0,0,3,2,-1,6,3,30,6,-1,-1,-1,-1,-1,-1,0,-1
2024461423191,2024,461423191,1,21,1,-1,12,7,3,-1,0,0,0,0,0,0,3,2,-1,1,1,57,9,-1,-1,-1,-1,-1,-1,0,-1
2024161494328,2024,161494328,2,1,0,-1,19,1,5,-1,4,1,0,0,0,0,2,1,-1,6,1,12,3,-1,-1,-1,-1,1,E01035464,0,1
2024440445621,2024,440445621,1,9,0,18,19,4,5,0,0,8,0,0,0,0,1,1,6,6,1,24,5,-1,-1,-1,-1,1,E01022917,0,1
2024010528732,2024,010528732,1,9,0,99,99,9,9,99,99,9,9,99,9,99,9,9,6,6,3,-1,-1,-1,-1,-1,-1,-1,-1,0,-1
2024461411397,2024,461411397,1,19,0,-1,19,7,3,-1,0,3,0,0,0,0,3,9,-1,6,3,-1,-1,-1,-1,-1,-1,-1,-1,0,-1
2024052400701,2024,052400701,1,1,0,18,19,2,6,0,0,0,0,0,0,0,1,1,6,6,1,26,6,-1,-1,-1,-1,1,E01034403,0,1
2024161443127,2024,161443127,2,9,0,-1,4,7,3,-1,0,0,0,0,0,0,3,9,-1,6,1,-1,-1,-1,-1,-1,-1,-1,-1,0,-1
2024471463285,2024,471463285,4,9,0,-1,20,0,0,-1,0,1,0,0,0,0,2,1,-1,6,-1,-1,-1,-1,-1,-1,-1,-1,-1,0,-1
2024622400568,2024,622400568,2,9,0,18,19,3,7,0,0,0,0,0,0,0,1,1,6,6,1,41,7,-1,-1,-1,-1,3,W01001289,0,1
2024351512947,2024,351512947,2,9,0,-1,3,-1,-1,-1,0,1,0,0,0,0,1,9,-1,6,3,-1,-1,-1,-1,-1,-1,-1,-1,0,-1
2024311519012,2024,311519012,2,9,0,-1,3,5,1,-1,0,0,0,0,0,0,2,1,-1,6,1,41,7,-1,-1,-1,-1,-1,-1,0,-1
2024351463264,2024,351463264,2,1,0,-1,19,7,3,-1,0,1,0,0,0,0,1,1,-1,6,1,43,7,-1,-1,-1,-1,7,E01017969,0,1
2024131463569,2024,131463569,1,90,0,-1,-1,-1,-1,-1,-1,8,-1,-1,-1,0,-1,1,-1,6,3,-1,-1,-1,-1,-1,-1,-1,-1,0,-1
2024421504257,2024,421504257,1,98,1,-1,-1,-1,-1,-1,-1,-1,-1,-1,-1,0,-1,9,-1,6,1,-1,-1,-1,-1,-1,-1,-1,-1,0,-1
2024430315510,2024,430315510,2,9,0,1,1,2,6,0,0,6,0,0,0,0,2,1,6,6,2,-1,-1,-1,-1,-1,-1,-1,-1,0,-1
2024421479442,2024,421479442,1,21,2,-1,19,3,7,-1,0,0,0,0,0,0,1,1,-1,1,1,62,9,-1,-1,-1,-1,-1,-1,0,-1
2024010498039,2024,010498039,2,9,9,99,99,9,9,99,99,9,9,99,9,99,1,1,6,6,2,-1,-1,-1,-1,-1,-1,-1,-1,0,-1
2024010496592,2024,010496592,2,9,0,99,99,9,9,99,99,9,9,99,9,99,9,9,6,6,2,28,6,-1,-1,-1,-1,5,E01002162,0,1
2024010522087,2024,010522087,1,9,0,99,99,9,9,99,99,9,9,99,9,99,9,9,6,6,3,-1,-1,-1,-1,-1,-1,-1,-1,0,-1
2024161480922,2024,161480922,2,-1,0,-1,15,1,3,-1,0,3,0,0,2,0,2,1,-1,9,2,41,7,-1,-1,-1,-1,-1,-1,1,-1
2024010535301,2024,010535301,1,1,9,99,99,9,9,99,99,9,9,99,9,99,1,1,6,6,2,31,6,-1,-1,-1,-1,6,E01034579,0,1
2024991480034,2024,991480034,2,1,0,-1,19,6,2,-1,0,0,5,0,1,0,1,1,-1,9,1,47,8,-1,-1,-1,-1,10,-1,0,3
2024320213012,2024,320213012,1,19,0,-1,-1,1,5,0,0,8,0,0,0,0,1,1,6,6,3,-1,-1,-1,-1,-1,-1,-1,-1,0,-1
2024052400695,2024,052400695,1,9,0,18,19,2,6,0,0,1,0,0,0,0,1,1,6,6,3,-1,-1,-1,-1,-1,-1,-1,-1,0,-1
2024461411690,2024,461411690,3,1,0,-1,19,3,7,-1,0,0,0,0,0,0,2,1,-1,9,1,84,11,-1,-1,-1,-1,8,E01024545,0,1
2024201406101,2024,201406101,1,9,0,-1,19,2,6,-1,0,0,0,0,0,0,3,9,-1,6,3,-1,-1,-1,-1,-1,-1,-1,-1,0,-1
2024302400179,2024,302400179,1,9,4,5,5,7,3,0,0,0,0,0,0,0,2,1,1,1,1,54,8,-1,-1,-1,-1,8,E01019868,0,1
2024041517176,2024,041517176,1,9,0,-1,9,3,5,-1,0,1,0,0,0,0,1,1,-1,6,1,32,6,-1,-1,-1,-1,2,E01012676,0,1
2024201502510,2024,201502510,1,9,0,-1,5,1,7,-1,0,1,0,0,0,0,1,9,-1,6,1,30,6,-1,-1,-1,-1,-1,-1,0,-1
2024041430565,2024,041430565,1,9,0,-1,19,3,7,-1,0,0,0,0,0,0,1,1,-1,6,3,-1,-1,-1,-1,-1,-1,-1,-1,0,-1
2024421475335,2024,421475335,2,1,0,-1,19,3,7,-1,0,1,0,0,0,0,3,1,-1,6,1,10,2,-1,-1,-1,-1,4,E01021849,0,1
2024131405694,2024,131405694,1,1,0,-1,19,2,7,-1,0,0,0,0,0,0,4,1,-1,6,1,14,3,-1,-1,-1,-1,1,E01011364,0,1
2024010529310,2024,010529310,1,19,0,18,19,1,5,2,2,1,0,0,0,0,3,1,6,6,3,-1,-1,-1,-1,-1,-1,-1,-1,0,-1
2024201527318,2024,201527318,1,9,0,-1,9,4,2,-1,0,6,0,0,0,0,1,1,-1,6,3,17,4,-1,-1,-1,-1,-1,-1,0,-1
2024010489096,2024,010489096,2,9,0,99,99,9,9,99,99,9,9,99,9,99,2,9,6,6,2,31,6,-1,-1,-1,-1,5,E01003900,0,3
2024411539424,2024,411539424,1,1,0,-1,19,7,3,-1,0,3,0,0,0,0,4,1,-1,2,2,34,6,-1,-1,-1,-1,7,E01023605,0,1
2024991512968,2024,991512968,1,9,0,-1,7,1,4,-1,0,8,5,4,7,0,1,1,-1,9,1,90,11,-1,-1,-1,-1,-1,-1,0,-1
2024522401642,2024,522401642,1,1,0,18,19,5,1,0,0,8,0,0,0,0,4,1,6,6,1,38,7,-1,-1,-1,-1,4,E01014686,0,2
2024052400582,2024,052400582,2,11,0,14,14,4,8,0,0,0,0,0,0,0,4,1,1,1,1,31,6,-1,-1,-1,-1,1,E01006739,0,1
2024201520982,2024,201520982,2,1,0,-1,19,3,1,-1,0,0,0,0,0,0,2,1,-1,9,1,29,6,-1,-1,-1,-1,2,E01008987,0,1
2024131452891,2024,131452891,1,98,0,-1,-1,-1,-1,-1,-1,-1,-1,-1,-1,-1,-1,1,-1,6,3,-1,-1,-1,-1,-1,-1,-1,-1,0,-1
2024201480912,2024,201480912,1,9,0,-1,1,8,4,-1,0,0,0,0,0,0,2,9,-1,6,1,35,6,-1,-1,-1,-1,2,E01009934,0,1
2024471420834,2024,471420834,3,9,0,-1,3,2,6,-1,0,1,0,0,0,0,1,1,-1,2,1,62,9,-1,-1,-1,-1,5,E01031523,0,2
2024332401095,2024,332401095,1,1,0,-1,9,2,8,-1,0,6,0,0,0,0,3,1,-1,9,1,29,6,-1,-1,-1,-1,7,E01025895,0,1
2024010491866,2024,010491866,1,3,9,99,99,9,9,99,99,9,9,99,9,99,9,1,6,6,1,44,7,-1,-1,-1,-1,2,E01033086,0,2
2024371471734,2024,371471734,1,9,0,-1,19,1,5,-1,0,8,0,0,0,0,2,1,-1,9,1,48,8,-1,-1,-1,-1,5,E01030189,0,4
2024991506012,2024,991506012,2,-1,0,-1,19,8,5,-1,9,1,0,0,0,0,1,1,-1,6,1,28,6,-1,-1,-1,-1,6,-1,1,1
2024522402442,2024,522402442,2,9,0,18,19,9,9,0,0,0,0,0,0,0,9,1,6,6,3,-1,-1,-1,-1,-1,-1,-1,-1,0,-1
2024522500039,2024,522500039,4,19,0,18,19,6,2,0,0,0,0,0,0,0,4,1,6,6,1,-1,-1,-1,-1,-1,-1,4,E01032359,0,4
2024501444579,2024,501444579,1,9,0,-1,15,3,1,-1,0,1,0,0,0,0,0,1,-1,6,1,64,9,-1,-1,-1,-1,3,E01015148,0,1
2024010490279,2024,010490279,1,9,0,18,19,3,7,0,0,8,0,0,0,0,1,1,6,6,1,40,7,-1,-1,-1,-1,9,E01002191,0,1
2024371493310,2024,371493310,3,9,0,-1,3,3,7,-1,0,0,0,0,0,0,2,1,-1,6,-1,-1,-1,-1,-1,-1,-1,-1,-1,0,-1
2024211447866,2024,211447866,2,9,0,-1,19,4,8,-1,0,1,0,0,0,0,1,2,-1,9,1,46,8,-1,-1,-1,-1,-1,-1,0,-1
2024010524416,2024,010524416,2,1,0,14,14,1,5,0,0,1,0,0,0,0,1,1,6,6,1,16,4,-1,-1,-1,-1,2,E01001559,0,1
2024501499709,2024,501499709,2,1,0,-1,19,8,4,-1,0,2,5,0,0,0,2,1,-1,6,1,15,3,-1,-1,-1,-1,8,E01015098,0,1
2024052400387,2024,052400387,2,1,0,18,19,1,5,0,0,8,0,0,0,0,3,1,1,1,2,47,8,-1,-1,-1,-1,1,E01007274,0,1
2024421418132,2024,421418132,2,1,0,-1,5,3,7,-1,0,0,0,0,0,0,3,1,-1,6,1,13,3,-1,-1,-1,-1,-1,-1,0,-1
2024201524168,2024,201524168,1,9,0,-1,19,7,3,-1,0,1,0,0,0,0,1,9,-1,6,1,-1,-1,-1,-1,-1,-1,-1,-1,0,-1
2024010488172,2024,010488172,1,9,0,99,99,9,9,99,99,9,9,99,9,99,9,9,2,2,2,44,7,-1,-1,-1,-1,3,E01001362,0,1
2024540882024,2024,540882024,2,1,0,18,19,1,5,0,0,1,0,0,0,0,1,1,6,6,1,50,8,-1,-1,-1,-1,9,E01016292,0,4
2024361439136,2024,361439136,1,9,0,-1,8,1,5,-1,0,6,0,0,0,0,1,9,-1,6,1,57,9,-1,-1,-1,-1,8,E01026587,0,3
2024552400483,2024,552400483,2,1,0,18,19,7,3,0,0,8,0,0,0,0,4,1,2,2,1,36,7,-1,-1,-1,-1,9,E01015451,0,1
2024061407537,2024,061407537,2,1,-1,-1,-1,-1,-1,-1,-1,-1,-1,-1,-1,0,-1,1,-1,6,1,37,7,-1,-1,-1,-1,3,E01005302,0,1
2024010542021,2024,010542021,2,1,0,13,13,4,8,0,0,0,0,0,7,0,1,1,1,1,1,29,6,-1,-1,-1,-1,2,E01003320,0,2
2024221506915,2024,221506915,1,9,0,-1,19,2,6,-1,0,5,5,0,0,0,1,1,-1,1,1,32,6,-1,-1,-1,-1,4,E01014122,0,4
2024041468105,2024,041468105,1,1,0,-1,19,3,7,-1,9,1,0,0,0,0,1,1,-1,6,1,15,3,-1,-1,-1,-1,8,E01024920,0,1
2024010530169,2024,010530169,1,1,9,99,99,9,9,99,99,9,9,99,9,99,9,1,6,6,1,18,4,-1,-1,-1,-1,3,E01003099,0,3
2024122401146,2024,122401146,2,1,0,18,19,8,4,0,0,8,0,0,0,0,1,1,6,6,2,28,6,-1,-1,-1,-1,10,E01013361,0,1
2024552400603,2024,552400603,2,1,0,4,4,6,2,9,9,0,0,0,0,0,1,1,6,6,1,17,4,-1,-1,-1,-1,3,E01015294,0,1
2024371404178,2024,371404178,1,9,0,-1,19,8,2,-1,0,0,0,0,0,0,0,1,-1,9,1,52,8,-1,-1,-1,-1,7,E01029898,0,3
2024311543672,2024,311543672,1,9,0,-1,4,4,2,-1,0,0,0,4,0,0,1,1,-1,6,1,61,9,-1,-1,-1,-1,4,E01019450,0,3
2024010526353,2024,010526353,2,9,0,99,99,9,9,99,99,9,9,99,9,99,0,9,6,6,3,77,11,-1,-1,-1,-1,8,E01002341,0,1
2024031420587,2024,031420587,2,9,0,-1,7,7,2,-1,0,4,0,0,0,0,1,1,-1,6,3,-1,-1,-1,-1,-1,-1,-1,-1,0,-1
2024520401195,2024,520401195,1,9,0,18,19,4,8,0,0,0,0,0,0,0,3,1,6,6,2,81,11,-1,-1,-1,-1,3,E01029341,0,3
2024440164674,2024,440164674,2,1,0,18,19,7,3,0,0,1,0,0,0,0,3,1,6,6,1,58,9,-1,-1,-1,-1,1,E01017035,0,1
2024010495169,2024,010495169,1,9,0,18,19,3,7,0,0,2,0,10,0,0,3,1,6,6,2,19,4,-1,-1,-1,-1,6,E01002258,0,1
2024522402754,2024,522402754,2,1,0,18,19,5,1,0,0,8,0,0,0,0,1,1,6,6,1,30,6,-1,-1,-1,-1,2,E01014492,0,1
2024010542655,2024,010542655,2,1,9,99,99,9,9,99,99,9,9,99,9,99,9,1,6,6,1,30,6,-1,-1,-1,-1,5,E01001301,0,1
2024430402717,2024,430402717,1,9,0,18,19,4,8,0,0,2,0,0,0,0,1,1,6,6,3,-1,-1,-1,-1,-1,-1,-1,-1,0,-1
2024010514111,2024,010514111,1,1,0,18,19,1,5,4,4,8,0,0,0,0,1,1,2,2,1,40,7,-1,-1,-1,-1,7,E01003956,0,2
2024131533241,2024,131533241,1,9,0,-1,-1,-1,-1,-1,-1,-1,-1,-1,-1,-1,-1,1,-1,6,3,-1,-1,-1,-1,-1,-1,-1,-1,0,-1
2024010540281,2024,010540281,1,1,9,99,99,9,9,99,99,9,9,99,9,99,1,1,6,6,3,-1,-1,-1,-1,-1,-1,-1,-1,0,-1
2024211440432,2024,211440432,1,9,0,-1,9,3,8,-1,0,0,0,0,0,0,4,9,-1,6,3,30,6,-1,-1,-1,-1,-1,-1,0,-1
2024070262689,2024,070262689,1,9,0,18,19,7,3,9,9,1,0,0,0,0,1,2,6,6,3,-1,-1,-1,-1,-1,-1,-1,-1,0,-1
2024010524948,2024,010524948,1,9,0,9,9,1,7,0,0,3,0,0,0,0,1,1,6,6,1,28,6,-1,-1,-1,-1,4,E01002308,0,1
2024010489150,2024,010489150,1,9,0,99,99,9,9,99,99,9,9,99,9,99,2,9,6,6,1,60,9,-1,-1,-1,-1,3,E01001448,0,2
2024461514613,2024,461514613,2,9,0,-1,2,0,0,-1,0,0,0,4,0,0,2,1,-1,9,2,39,7,-1,-1,-1,-1,5,E01024181,0,1
2024010487555,2024,010487555,4,9,0,2,2,0,0,0,0,8,0,0,0,0,2,1,6,6,3,-1,-1,-1,-1,-1,-1,-1,-1,0,-1
2024201437038,2024,201437038,1,-1,0,-1,19,1,5,-1,9,8,0,0,0,0,1,9,-1,2,1,27,6,-1,-1,-1,-1,1,E01034925,1,1
2024231454684,2024,231454684,1,9,0,-1,19,6,2,-1,0,0,0,0,0,0,3,1,-1,1,1,54,8,-1,-1,-1,-1,8,E01031182,0,1
2024221525459,2024,221525459,2,9,0,-1,3,6,2,-1,0,0,0,0,0,0,2,1,-1,1,1,61,9,-1,-1,-1,-1,9,E01014170,0,2
2024010509301,2024,010509301,2,9,0,18,19,7,3,0,0,0,0,0,0,0,1,1,1,1,1,44,7,-1,-1,-1,-1,8,E01004609,0,3
2024010510541,2024,010510541,1,1,9,99,99,9,9,99,99,9,9,99,9,99,1,1,2,2,2,29,6,-1,-1,-1,-1,6,E01033494,0,1
2024010518800,2024,010518800,1,9,0,9,9,5,3,0,0,1,0,0,0,0,1,1,6,6,1,61,9,-1,-1,-1,-1,3,E01001360,0,1
2024421463254,2024,421463254,1,9,0,-1,19,4,1,-1,0,0,0,4,0,0,3,1,-1,9,2,51,8,-1,-1,-1,-1,10,E01015914,0,1
2024531395735,2024,531395735,2,90,0,-1,19,2,6,-1,0,8,0,0,0,0,4,1,-1,1,1,43,7,-1,-1,-1,-1,9,E01034811,0,1
2024131408639,2024,131408639,1,9,0,-1,19,7,3,-1,0,8,0,0,0,0,3,1,-1,9,1,53,8,-1,-1,-1,-1,3,E01010602,0,1
2024540364224,2024,540364224,2,9,0,4,4,7,3,0,0,1,0,0,0,0,2,1,6,6,3,-1,-1,-1,-1,-1,-1,-1,-1,0,-1
2024430623814,2024,430623814,2,9,0,18,19,5,1,0,0,4,0,0,0,0,1,1,6,6,1,-1,-1,-1,-1,-1,-1,-1,-1,0,-1
2024451529399,2024,451529399,1,9,0,-1,19,5,1,-1,0,1,0,0,0,0,1,1,-1,6,1,55,8,-1,-1,-1,-1,10,E01030623,0,1
2024052402182,2024,052402182,1,9,0,18,19,2,6,0,0,0,0,0,0,0,2,1,6,6,3,-1,-1,-1,-1,-1,-1,-1,-1,0,-1
2024520401482,2024,520401482,2,9,0,5,5,4,1,0,0,6,0,0,0,0,1,1,6,6,1,19,4,-1,-1,-1,-1,6,E01029228,0,3
2024131440871,2024,131440871,2,1,0,-1,19,1,5,-1,0,8,0,0,0,0,4,1,-1,6,2,53,8,-1,-1,-1,-1,10,E01011516,0,1
202454B003524,2024,54B003524,1,9,0,5,5,3,7,0,0,5,0,0,0,0,1,1,6,6,3,-1,-1,-1,-1,-1,-1,-1,-1,0,-1
2024440540085,2024,440540085,2,9,0,18,19,4,8,0,0,1,0,0,0,0,1,1,6,6,2,47,8,-1,-1,-1,-1,10,E01023047,0,1
2024440514312,2024,440514312,1,9,0,16,19,7,3,0,0,1,0,0,0,0,1,1,6,6,2,-1,-1,-1,-1,-1,-1,-1,-1,0,-1
2024010490332,2024,010490332,2,9,0,99,99,9,9,99,99,9,9,99,9,99,9,9,6,6,3,-1,-1,-1,-1,-1,-1,-1,-1,0,-1
2024461429021,2024,461429021,1,9,0,-1,19,5,5,-1,0,1,1,10,1,1,1,9,-1,9,2,40,7,-1,-1,-1,-1,4,E01024200,0,1
2024311498553,2024,311498553,2,1,0,-1,19,7,3,-1,0,8,0,0,0,0,2,1,-1,6,2,17,4,-1,-1,-1,-1,4,E01028017,0,1
2024302401072,2024,302401072,2,1,0,18,19,5,1,0,0,8,0,0,0,0,1,1,6,6,1,15,3,-1,-1,-1,-1,-1,-1,0,-1
2024041486065,2024,041486065,1,1,0,-1,19,7,3,-1,0,1,0,0,1,0,1,1,-1,9,1,33,6,-1,-1,-1,-1,2,E01025306,0,1
2024311433239,2024,311433239,2,1,0,-1,19,1,5,-1,0,0,0,0,0,0,1,1,-1,6,1,44,7,-1,-1,-1,-1,-1,-1,0,-1
2024320476217,2024,320476217,1,9,0,4,4,2,6,0,0,0,0,0,0,0,2,1,6,6,3,-1,-1,-1,-1,-1,-1,-1,-1,0,-1
2024430371781,2024,430371781,1,9,0,11,11,6,2,0,0,3,0,0,0,0,4,1,6,6,3,-1,-1,-1,-1,-1,-1,-1,-1,0,-1
2024010493094,2024,010493094,2,9,0,7,7,4,6,0,0,8,0,11,0,0,1,1,6,6,1,24,5,-1,-1,-1,-1,-1,-1,0,-1
2024010510453,2024,010510453,1,1,0,18,19,3,7,0,0,8,0,0,0,0,1,1,6,6,1,23,5,-1,-1,-1,-1,2,E01004298,0,1
2024421512637,2024,421512637,2,1,0,-1,19,-1,-1,-1,0,4,5,0,0,0,3,1,-1,2,1,46,8,-1,-1,-1,-1,4,E01034370,0,1
2024430350060,2024,430350060,2,1,0,18,19,7,3,0,0,8,0,0,0,0,4,1,2,2,1,22,5,-1,-1,-1,-1,2,E01028435,0,1
2024010530742,2024,010530742,3,9,0,3,3,5,1,0,0,1,0,0,0,0,1,1,6,6,2,46,8,-1,-1,-1,-1,6,E01034590,0,1
2024201440245,2024,201440245,2,1,0,-1,5,6,2,-1,0,0,0,0,0,0,4,1,-1,1,1,21,5,-1,-1,-1,-1,3,E01029634,0,4
2024070733194,2024,070733194,1,9,0,-1,9,3,1,-1,0,8,0,0,0,0,4,1,-1,6,3,29,6,-1,-1,-1,-1,-1,-1,0,-1
2024201519386,2024,201519386,2,9,0,-1,5,3,1,-1,0,1,0,0,0,0,1,9,-1,6,-1,-1,-1,-1,-1,-1,-1,-1,-1,0,-1
2024461420702,2024,461420702,1,9,0,-1,19,4,8,-1,0,0,0,0,0,0,1,1,-1,6,2,36,7,-1,-1,-1,-1,7,E01032822,0,1
2024440205770,2024,440205770,2,9,0,5,5,5,1,0,0,0,0,0,0,0,3,1,6,6,3,-1,-1,-1,-1,-1,-1,-1,-1,0,-1
2024010521091,2024,010521091,2,1,0,18,19,7,3,0,0,0,0,0,0,0,1,1,6,6,1,20,4,-1,-1,-1,-1,9,E01001274,0,1
2024430579627,2024,430579627,1,9,0,18,19,6,2,0,0,0,0,0,0,0,1,1,6,6,1,53,8,-1,-1,-1,-1,9,E01028595,0,1
2024302400064,2024,302400064,2,-1,0,16,19,8,2,0,0,2,0,0,0,0,1,1,6,6,1,34,6,-1,-1,-1,-1,1,E01013456,1,1
2024540238924,2024,540238924,1,3,0,18,19,3,7,0,0,0,1,0,0,0,4,1,6,6,1,24,5,-1,-1,-1,-1,5,E01031889,0,2
2024471467629,2024,471467629,2,5,0,-1,9,8,7,-1,0,1,0,0,0,0,3,1,-1,6,2,59,9,-1,-1,-1,-1,6,E01016971,0,1
2024991426208,2024,991426208,1,9,0,-1,9,4,1,-1,0,2,0,0,0,0,3,1,-1,9,1,67,10,-1,-1,-1,-1,10,-1,0,1
2024440291639,2024,440291639,3,19,0,2,2,0,0,0,0,0,0,0,0,0,1,1,6,6,3,-1,-1,-1,-1,-1,-1,-1,-1,0,-1
2024052400760,2024,052400760,1,9,0,13,13,7,3,0,0,0,0,0,0,0,4,1,6,6,3,-1,-1,-1,-1,-1,-1,-1,-1,0,-1
2024010495676,2024,010495676,1,3,0,99,99,9,9,99,99,2,9,99,9,99,9,1,1,1,1,43,7,-1,-1,-1,-1,5,E01000224,0,1
2024201525322,2024,201525322,1,9,0,-1,7,7,1,-1,9,6,0,0,0,0,3,1,-1,6,2,55,8,-1,-1,-1,-1,-1,-1,0,-1
2024451520044,2024,451520044,2,9,0,-1,19,1,5,-1,0,2,0,0,0,0,1,9,-1,6,3,25,5,-1,-1,-1,-1,-1,-1,0,-1
2024010491294,2024,010491294,2,9,0,4,4,1,5,0,0,2,0,0,0,0,2,1,3,7,2,35,6,-1,-1,-1,-1,5,E01004522,0,1
2024061412235,2024,061412235,2,1,0,-1,19,5,1,-1,0,0,0,0,0,0,3,1,-1,6,1,42,7,-1,-1,-1,-1,7,E01005152,0,1
202417M110724,2024,17M110724,1,9,0,-1,19,5,1,-1,0,0,0,0,0,0,2,1,-1,9,1,38,7,-1,-1,-1,-1,4,E01035193,0,1
2024430265763,2024,430265763,1,21,1,18,19,5,1,0,0,0,2,6,0,7,1,2,1,1,1,23,5,-1,-1,-1,-1,-1,-1,0,-1
2024010522823,2024,010522823,2,1,0,18,19,7,3,0,0,1,0,0,0,0,3,1,6,6,1,30,6,-1,-1,-1,-1,8,E01035713,0,1
2024520401434,2024,520401434,2,9,0,18,19,3,7,0,0,8,0,0,0,0,3,1,6,6,1,35,6,-1,-1,-1,-1,3,E01029072,0,1
2024010488337,2024,010488337,1,9,0,9,9,1,6,0,0,6,0,0,0,0,2,1,6,6,2,43,7,-1,-1,-1,-1,4,E01001061,0,1
2024161446167,2024,161446167,2,9,0,-1,9,1,7,-1,0,1,0,0,0,0,4,9,-1,6,1,-1,-1,-1,-1,-1,-1,-1,-1,0,-1
2024010487674,2024,010487674,1,1,9,99,99,9,9,99,99,0,9,99,9,99,0,1,6,6,2,27,6,-1,-1,-1,-1,2,E01035677,0,1
2024010504063,2024,010504063,1,9,0,18,19,1,5,0,0,1,0,0,0,0,2,1,2,2,2,35,6,-1,-1,-1,-1,1,E01004083,0,1
2024221399399,2024,221399399,1,9,0,-1,19,7,3,-1,0,8,0,0,0,0,1,1,-1,6,1,19,4,-1,-1,-1,-1,5,E01014008,0,2
2024371504958,2024,371504958,2,9,0,-1,19,7,3,-1,0,8,0,0,0,0,1,1,-1,2,1,17,4,-1,-1,-1,-1,9,E01030268,0,1
2024141453417,2024,141453417,1,97,0,-1,3,8,6,-1,9,0,0,0,0,0,1,1,-1,6,1,14,3,-1,-1,-1,-1,3,E01007473,0,1
2024131450442,2024,131450442,2,97,0,-1,19,7,7,-1,0,0,0,0,0,0,1,1,-1,2,1,36,7,-1,-1,-1,-1,1,E01010743,0,3
2024451403406,2024,451403406,1,9,0,-1,19,7,3,-1,0,0,5,7,0,0,1,1,-1,6,1,35,6,-1,-1,-1,-1,3,E01030711,0,1
2024461405962,2024,461405962,2,9,0,-1,19,7,3,-1,0,0,0,0,1,9,3,1,-1,6,1,26,6,-1,-1,-1,-1,6,E01035004,0,1
2024052402036,2024,052402036,2,1,0,18,19,4,7,0,0,1,0,0,0,0,1,1,6,6,1,51,8,-1,-1,-1,-1,9,E01006314,0,2
2024351524753,2024,351524753,2,1,-1,-1,-1,-1,-1,-1,-1,-1,-1,-1,-1,0,-1,1,-1,9,1,32,6,-1,-1,-1,-1,7,E01017989,0,1
2024461481802,2024,461481802,2,9,0,-1,19,2,6,-1,0,1,0,0,0,0,4,1,-1,9,2,35,6,-1,-1,-1,-1,5,E01024421,0,1
2024161450152,2024,161450152,1,9,0,-1,19,1,5,-1,0,4,0,0,0,0,3,1,-1,6,3,-1,-1,-1,-1,-1,-1,-1,-1,0,-1
2024141453538,2024,141453538,2,1,0,-1,19,7,3,-1,0,1,5,0,0,0,1,1,-1,6,1,47,8,-1,-1,-1,-1,10,E01007956,0,1
2024520002977,2024,520002977,1,1,0,18,19,4,8,0,0,8,0,0,0,0,9,1,6,6,2,22,5,-1,-1,-1,-1,10,E01014869,0,1
2024010510838,2024,010510838,1,9,0,9,9,7,5,0,0,6,0,0,0,0,0,1,6,6,3,-1,-1,-1,-1,-1,-1,-1,-1,0,-1
2024231500489,2024,231500489,1,9,0,-1,19,5,1,-1,0,8,0,0,0,0,0,9,-1,6,3,45,7,-1,-1,-1,-1,-1,-1,0,-1
2024440180289,2024,440180289,2,9,0,7,7,5,7,0,0,5,0,0,0,0,4,1,6,6,1,-1,-1,-1,-1,-1,-1,2,E01017132,0,1
2024052401998,2024,052401998,1,-1,0,18,19,5,1,0,0,8,0,0,0,0,1,1,6,6,1,24,5,-1,-1,-1,-1,1,E01006697,1,1
2024471396767,2024,471396767,1,9,0,-1,19,3,7,-1,0,1,0,0,0,0,1,1,-1,2,2,37,7,-1,-1,-1,-1,8,E01020954,0,4
2024991479837,2024,991479837,1,9,0,-1,12,7,3,-1,0,2,0,0,0,0,3,1,-1,2,2,26,6,-1,-1,-1,-1,9,-1,0,1
2024451403063,2024,451403063,1,23,0,-1,7,7,1,-1,0,0,1,10,3,10,1,1,-1,2,1,47,8,-1,-1,-1,-1,7,E01030423,0,3
2024430192244,2024,430192244,2,9,0,1,1,4,8,0,0,8,0,0,0,0,4,1,6,6,1,25,5,-1,-1,-1,-1,-1,-1,0,-1
2024431439966,2024,431439966,2,9,0,-1,2,0,0,-1,0,0,0,4,0,0,4,1,-1,6,-1,-1,-1,-1,-1,-1,-1,-1,-1,0,-1
2024010504599,2024,010504599,1,1,9,99,99,9,9,99,99,9,9,99,9,99,2,1,6,6,1,24,5,-1,-1,-1,-1,8,E01004053,0,2
2024131411231,2024,131411231,1,9,0,-1,-1,-1,-1,-1,-1,-1,-1,-1,-1,-1,-1,1,-1,6,3,-1,-1,-1,-1,-1,-1,-1,-1,0,-1
2024010497330,2024,010497330,1,3,0,99,99,9,9,99,99,9,9,99,9,99,9,1,1,1,1,25,5,-1,-1,-1,-1,6,E01002754,0,3
2024461452444,2024,461452444,1,9,0,-1,19,-1,-1,-1,0,7,0,0,0,0,1,9,-1,6,3,-1,-1,-1,-1,-1,-1,-1,-1,0,-1
2024361514000,2024,361514000,1,9,0,-1,2,0,0,-1,0,1,0,0,0,0,1,1,-1,6,2,57,9,-1,-1,-1,-1,5,E01026491,0,2
2024461411616,2024,461411616,4,9,0,-1,3,1,5,-1,0,0,0,0,0,0,2,1,-1,9,1,19,4,-1,-1,-1,-1,9,E01024256,0,2
2024070243710,2024,070243710,1,1,0,18,19,4,8,0,0,8,0,0,0,0,3,1,2,2,1,18,4,-1,-1,-1,-1,2,E01033300,0,1