collision_index,collision_year,collision_ref_no,vehicle_reference,vehicle_type,towing_and_articulation,vehicle_manoeuvre_historic,vehicle_manoeuvre,vehicle_direction_from,vehicle_direction_to,vehicle_location_restricted_lane_historic,vehicle_location_restricted_lane,junction_location,skidding_and_overturning,hit_object_in_carriageway,vehicle_leaving_carriageway,hit_object_off_carriageway,first_point_of_impact,vehicle_left_hand_drive,journey_purpose_of_driver_historic,journey_purpose_of_driver,sex_of_driver,age_of_driver,age_band_of_driver,engine_capacity_cc,propulsion_code,age_of_vehicle,generic_make_model,driver_imd_decile,lsoa_of_driver,escooter_flag,driver_distance_banding
2024052400981,2024,052400981,2,1,0,4,4,6,2,0,0,0,0,0,0,0,3,1,6,6,1,15,3,-1,-1,-1,-1,1,E01012533,0,3
2024522403352,2024,522403352,2,1,0,5,5,5,1,0,0,6,0,0,0,0,3,1,6,6,1,6,2,-1,-1,-1,-1,4,E01033910,0,1
2024421467211,2024,421467211,2,1,0,-1,5,3,7,-1,0,0,0,0,0,0,3,1,-1,6,2,12,3,-1,-1,-1,-1,7,E01021895,0,1
2024201501818,2024,201501818,2,1,0,-1,19,8,4,-1,0,8,0,0,0,0,1,1,-1,6,1,46,8,-1,-1,-1,-1,4,E01010510,0,1
2024371543968,2024,371543968,2,1,0,-1,19,7,3,-1,0,4,0,0,0,0,0,1,-1,6,1,60,9,-1,-1,-1,-1,7,E01029964,0,1
202417H106624,2024,17H106624,1,9,0,-1,19,6,2,-1,0,0,1,0,1,11,1,1,-1,6,3,-1,-1,-1,-1,-1,-1,-1,-1,0,-1
2024161513865,2024,161513865,1,1,0,-1,19,4,8,-1,0,2,5,0,0,0,2,1,-1,6,1,25,5,-1,-1,-1,-1,10,E01012925,0,1
2024010539554,2024,010539554,1,9,0,99,99,9,9,99,99,9,9,99,9,99,1,9,6,6,1,52,8,-1,-1,-1,-1,5,E01003084,0,1
2024161449509,2024,161449509,2,8,9,-1,99,4,8,-1,0,9,9,99,9,0,9,9,-1,6,3,-1,-1,-1,-1,-1,-1,-1,-1,0,-1
2024340WN1912,2024,340WN1912,3,19,0,-1,2,0,0,-1,0,2,0,0,0,0,1,1,-1,6,3,-1,-1,-1,-1,-1,-1,-1,-1,0,-1
2024361417387,2024,361417387,2,1,-1,-1,-1,-1,-1,-1,-1,-1,-1,-1,-1,0,-1,1,-1,6,1,38,7,-1,-1,-1,-1,5,E01026466,0,1
2024430109159,2024,430109159,1,9,0,1,1,4,8,0,0,0,0,0,0,0,2,1,6,6,2,45,7,-1,-1,-1,-1,-1,-1,0,-1
2024201435752,2024,201435752,2,9,0,-1,9,4,2,-1,0,6,0,0,0,0,0,1,-1,6,3,-1,-1,-1,-1,-1,-1,-1,-1,0,-1
2024010542826,2024,010542826,1,1,9,99,99,9,9,99,99,9,9,99,9,99,1,1,6,6,3,62,9,-1,-1,-1,-1,8,E01000862,0,1
2024451454842,2024,451454842,2,1,0,-1,19,7,3,-1,0,4,0,0,0,0,1,1,-1,6,1,27,6,-1,-1,-1,-1,10,E01030349,0,1
2024421421486,2024,421421486,1,1,0,-1,19,8,1,-1,0,0,1,0,0,0,1,1,-1,6,1,53,8,-1,-1,-1,-1,8,E01021547,0,3
2024010517312,2024,010517312,2,1,0,18,19,7,3,2,2,8,0,0,0,0,3,1,6,6,2,61,9,-1,-1,-1,-1,3,E01002708,0,1
2024101459032,2024,101459032,1,-1,-1,-1,9,8,4,-1,0,0,2,0,0,0,1,9,-1,9,1,12,3,-1,-1,-1,-1,-1,-1,1,-1
2024011569308,2024,011569308,2,1,0,-1,19,1,5,-1,0,0,0,0,0,0,3,1,-1,1,1,21,5,-1,-1,-1,-1,-1,-1,0,-1
2024201522064,2024,201522064,2,9,0,-1,2,0,0,-1,9,0,0,0,0,0,1,1,-1,6,-1,-1,-1,-1,-1,-1,-1,-1,-1,0,-1
2024332400145,2024,332400145,1,9,0,-1,19,6,2,-1,0,1,0,0,0,0,4,1,-1,2,2,58,9,-1,-1,-1,-1,9,E01025619,0,2
2024201486536,2024,201486536,1,19,0,-1,19,8,4,-1,0,6,0,0,0,0,1,1,-1,9,1,61,9,-1,-1,-1,-1,1,E01009130,0,3
2024430030607,2024,430030607,2,9,0,10,10,4,2,0,0,1,0,0,0,0,2,1,6,6,1,40,7,-1,-1,-1,-1,8,E01035236,0,4
2024061514922,2024,061514922,1,1,0,-1,15,-1,-1,-1,0,9,0,0,0,0,3,1,-1,2,1,62,9,-1,-1,-1,-1,5,E01006355,0,1
2024010498611,2024,010498611,2,9,0,9,9,1,7,0,0,6,0,0,0,0,0,1,6,6,3,-1,-1,-1,-1,-1,-1,-1,-1,0,-1
2024010494090,2024,010494090,2,9,0,99,99,9,9,99,99,9,9,99,9,99,1,9,6,6,1,58,9,-1,-1,-1,-1,3,E01003275,0,1
2024361449479,2024,361449479,1,9,0,-1,19,7,3,-1,0,3,0,0,0,0,4,1,-1,6,2,41,7,-1,-1,-1,-1,4,E01026807,0,1
2024010548010,2024,010548010,1,9,0,6,6,1,1,0,0,0,0,0,0,0,3,1,6,6,1,28,6,-1,-1,-1,-1,4,E01002591,0,3
2024052400755,2024,052400755,1,9,0,18,19,4,8,0,0,4,0,0,0,0,1,1,6,6,1,-1,-1,-1,-1,-1,-1,-1,-1,0,-1
2024070206577,2024,070206577,1,9,0,4,4,5,1,7,6,0,0,0,0,0,3,1,2,2,1,40,7,-1,-1,-1,-1,10,E01018676,0,1
2024041498826,2024,041498826,2,9,0,-1,19,7,3,-1,0,0,0,0,0,0,4,1,-1,6,2,33,6,-1,-1,-1,-1,2,E01012711,0,1
2024161461986,2024,161461986,1,1,0,-1,19,3,7,-1,0,0,1,0,0,0,4,1,-1,2,1,35,6,-1,-1,-1,-1,1,E01012879,0,2
2024411411989,2024,411411989,3,90,0,-1,19,4,8,-1,0,0,0,0,0,0,1,1,-1,6,-1,-1,-1,-1,-1,-1,-1,-1,-1,0,-1
2024070447632,2024,070447632,2,9,0,2,2,0,0,0,0,2,0,0,0,0,0,1,6,6,2,52,8,-1,-1,-1,-1,1,E01012441,0,1
2024622400645,2024,622400645,1,1,0,18,19,6,2,0,0,1,0,0,0,0,1,1,6,6,2,35,6,-1,-1,-1,-1,7,W01001860,0,1
2024010508268,2024,010508268,1,-1,0,18,19,7,3,0,0,1,0,0,0,0,3,1,6,6,1,17,4,-1,-1,-1,-1,6,E01001091,1,1
2024041408504,2024,041408504,2,1,0,-1,19,1,5,-1,0,0,5,0,0,0,2,1,-1,9,1,44,7,-1,-1,-1,-1,4,E01025422,0,1
2024622400477,2024,622400477,1,10,0,18,19,4,8,0,0,6,0,0,0,0,4,1,6,6,2,34,6,-1,-1,-1,-1,9,W01001968,0,1
2024531517941,2024,531517941,1,9,0,-1,7,1,6,-1,0,0,0,0,0,0,1,1,-1,6,3,-1,-1,-1,-1,-1,-1,-1,-1,0,-1
2024440362920,2024,440362920,1,1,0,18,19,4,8,0,0,1,0,0,0,0,3,1,6,6,2,60,9,-1,-1,-1,-1,7,E01017094,0,1
2024461506783,2024,461506783,1,9,0,-1,19,5,1,-1,0,0,0,0,0,0,1,9,-1,6,1,-1,-1,-1,-1,-1,-1,-1,-1,0,-1
2024010537722,2024,010537722,1,1,9,99,99,9,9,99,99,9,9,99,9,99,9,1,2,2,2,28,6,-1,-1,-1,-1,4,E01003074,0,2
2024010533549,2024,010533549,2,11,0,99,99,9,9,99,99,9,9,99,9,99,9,9,6,6,3,-1,-1,-1,-1,-1,-1,-1,-1,0,-1
2024430414370,2024,430414370,1,21,1,18,19,7,3,0,0,8,0,0,0,0,4,1,6,6,1,-1,-1,-1,-1,-1,-1,-1,-1,0,-1
2024302400527,2024,302400527,1,9,0,18,19,2,6,0,0,1,0,0,0,0,1,1,2,2,1,55,8,-1,-1,-1,-1,9,E01029368,0,4
2024010527799,2024,010527799,1,9,0,18,19,1,5,0,0,3,0,0,0,0,1,1,2,2,1,64,9,-1,-1,-1,-1,6,E01003312,0,2
2024052401010,2024,052401010,1,1,0,18,19,7,3,0,0,0,0,0,0,0,1,1,3,7,1,12,3,-1,-1,-1,-1,1,E01033793,0,1
2024010528135,2024,010528135,2,1,0,15,15,7,3,0,0,1,0,10,0,0,4,1,6,6,2,39,7,-1,-1,-1,-1,5,E01002815,0,1
2024501445063,2024,501445063,2,1,0,-1,19,4,7,-1,0,8,0,0,0,0,9,1,-1,6,1,39,7,-1,-1,-1,-1,5,E01018900,0,1
2024061496741,2024,061496741,1,9,0,-1,19,5,1,-1,0,8,0,99,0,0,3,1,-1,6,1,21,5,-1,-1,-1,-1,1,E01025062,0,4
2024461481242,2024,461481242,2,9,0,-1,19,-1,-1,-1,0,-1,0,0,0,0,1,9,-1,6,1,39,7,-1,-1,-1,-1,7,E01024360,0,1
2024522500047,2024,522500047,1,1,0,9,9,7,5,0,0,8,0,0,0,0,1,1,6,6,1,51,8,-1,-1,-1,-1,10,E01014850,0,3
2024010500652,2024,010500652,1,9,0,17,19,1,5,0,0,2,0,0,0,0,1,1,6,6,3,-1,-1,-1,-1,-1,-1,-1,-1,0,-1
2024052400251,2024,052400251,2,1,0,18,19,1,5,0,0,1,0,0,0,0,1,1,2,2,1,52,8,-1,-1,-1,-1,6,E01006596,0,1
2024010542884,2024,010542884,1,9,0,99,99,9,9,99,99,9,9,99,9,99,1,9,6,6,3,83,11,-1,-1,-1,-1,6,E01003459,0,1
2024061416357,2024,061416357,2,5,0,-1,19,1,5,-1,0,0,0,0,0,0,3,1,-1,9,1,37,7,-1,-1,-1,-1,3,E01004796,0,2
2024201488283,2024,201488283,2,90,0,-1,3,2,6,-1,0,1,0,0,0,0,2,1,-1,9,1,54,8,-1,-1,-1,-1,4,E01009849,0,3
2024320533001,2024,320533001,1,9,0,-1,-1,4,8,0,0,1,0,0,0,0,1,1,-1,-1,1,60,9,-1,-1,-1,-1,1,E01013885,0,4
2024010496828,2024,010496828,1,9,0,4,4,3,7,0,0,4,0,0,0,0,2,1,6,6,1,34,6,-1,-1,-1,-1,6,E01024437,0,3
2024111395043,2024,111395043,1,9,0,-1,14,7,3,-1,0,0,0,0,0,0,3,1,-1,6,3,30,6,-1,-1,-1,-1,-1,-1,0,-1
2024501494788,2024,501494788,2,1,9,-1,5,1,5,-1,0,6,5,0,0,0,1,1,-1,6,1,19,4,-1,-1,-1,-1,1,E01015058,0,1
2024010514127,2024,010514127,2,9,0,1,1,3,1,0,0,0,0,0,0,0,2,1,6,6,1,33,6,-1,-1,-1,-1,-1,-1,0,-1
2024471497120,2024,471497120,1,1,0,-1,7,4,2,-1,0,3,0,0,0,0,2,1,-1,9,1,33,6,-1,-1,-1,-1,8,E01035362,0,2
2024501526772,2024,501526772,1,9,0,-1,4,7,3,-1,0,0,0,0,0,0,1,1,-1,9,1,38,7,-1,-1,-1,-1,9,E01015140,0,1
2024010496343,2024,010496343,2,9,0,18,19,7,3,0,0,4,0,0,0,0,1,1,2,2,2,55,8,-1,-1,-1,-1,6,E01001033,0,1
2024351445605,2024,351445605,1,9,0,-1,19,5,1,-1,0,0,0,0,7,0,1,1,-1,6,1,37,7,-1,-1,-1,-1,6,E01018049,0,2
2024201518671,2024,201518671,1,11,0,-1,5,8,4,-1,0,0,0,0,0,0,4,9,-1,1,1,-1,-1,-1,-1,-1,-1,-1,-1,0,-1
2024440207761,2024,440207761,3,9,0,16,19,4,7,0,0,1,0,0,0,0,1,1,6,6,1,35,6,-1,-1,-1,-1,10,E01022852,0,1
2024161512051,2024,161512051,2,-1,0,-1,19,5,1,-1,0,8,0,0,0,0,4,1,-1,1,1,46,8,-1,-1,-1,-1,1,E01013219,1,1
2024430549163,2024,430549163,2,1,0,15,15,5,1,0,0,1,0,0,0,0,3,1,2,2,1,34,6,-1,-1,-1,-1,-1,-1,0,-1
2024547180324,2024,547180324,2,9,0,8,8,3,6,0,0,1,0,0,0,0,2,1,1,1,2,39,7,-1,-1,-1,-1,9,E01034787,0,3
2024522401877,2024,522401877,2,10,0,4,4,7,3,0,0,0,0,0,0,0,2,1,6,6,1,61,9,-1,-1,-1,-1,3,E01014624,0,3
2024522403062,2024,522403062,2,9,0,18,19,5,1,0,0,2,0,0,0,0,0,1,1,1,3,-1,-1,-1,-1,-1,-1,-1,-1,0,-1
2024131460137,2024,131460137,2,9,0,-1,19,7,3,-1,0,0,1,0,7,0,4,1,-1,1,1,40,7,-1,-1,-1,-1,2,E01007651,0,4
2024161472564,2024,161472564,2,1,0,-1,19,5,3,-1,0,3,0,0,0,0,2,1,-1,2,1,35,6,-1,-1,-1,-1,2,E01013128,0,1
2024471458168,2024,471458168,1,1,0,-1,5,4,8,-1,0,0,0,0,0,0,3,1,-1,6,1,62,9,-1,-1,-1,-1,9,E01032837,0,3
2024991435854,2024,991435854,1,9,0,-1,4,7,3,-1,0,1,0,0,0,0,1,1,-1,6,1,40,7,-1,-1,-1,-1,-1,-1,0,-1
2024991455483,2024,991455483,2,9,0,-1,19,3,7,-1,0,0,0,0,7,0,1,1,-1,9,2,42,7,-1,-1,-1,-1,-1,-1,0,-1
2024141467341,2024,141467341,1,9,0,-1,4,1,5,-1,0,0,0,0,0,0,2,1,-1,9,1,44,7,-1,-1,-1,-1,3,E01032925,0,3
2024461473647,2024,461473647,2,1,0,-1,19,3,7,-1,0,0,0,0,0,0,3,1,-1,2,1,48,8,-1,-1,-1,-1,2,E01024524,0,1
2024340WN6592,2024,340WN6592,2,-1,0,-1,19,1,5,-1,0,2,0,0,0,0,3,1,-1,7,1,16,4,-1,-1,-1,-1,8,E01027141,1,1
2024131470453,2024,131470453,2,9,0,-1,19,-1,-1,-1,0,0,-1,-1,-1,-1,-1,1,-1,6,3,-1,-1,-1,-1,-1,-1,-1,-1,0,-1
2024131532584,2024,131532584,2,9,0,-1,19,3,7,-1,0,8,0,0,0,0,1,1,-1,6,2,40,7,-1,-1,-1,-1,2,E01010929,0,1
2024522500431,2024,522500431,1,1,0,9,9,2,1,0,0,1,0,0,0,0,3,1,6,6,2,51,8,-1,-1,-1,-1,3,E01014951,0,2
2024010489888,2024,010489888,2,9,0,99,99,9,9,99,99,9,9,99,9,99,2,1,6,6,3,-1,-1,-1,-1,-1,-1,-1,-1,0,-1
2024061494531,2024,061494531,1,1,0,-1,3,-1,-1,-1,99,0,0,99,2,0,4,1,-1,2,1,21,5,-1,-1,-1,-1,1,E01005198,0,2
2024131433868,2024,131433868,1,9,0,-1,19,3,7,-1,0,0,0,0,0,0,4,1,-1,6,1,55,8,-1,-1,-1,-1,4,E01032489,0,2
2024522402400,2024,522402400,2,98,9,12,12,2,6,0,0,7,0,0,0,0,3,9,6,6,3,-1,-1,-1,-1,-1,-1,-1,-1,0,-1
2024361487875,2024,361487875,2,1,0,-1,19,6,2,-1,0,8,0,0,0,0,1,1,-1,9,1,64,9,-1,-1,-1,-1,6,E01026553,0,1
2024041481456,2024,041481456,2,1,0,-1,19,5,1,-1,0,0,0,0,0,0,4,1,-1,6,1,9,2,-1,-1,-1,-1,6,E01034343,0,1
2024371483600,2024,371483600,2,1,0,-1,5,-1,-1,-1,0,4,0,0,0,0,4,1,-1,2,1,22,5,-1,-1,-1,-1,1,E01029980,0,1
2024991455116,2024,991455116,1,9,0,-1,19,1,4,-1,0,1,1,10,7,0,1,1,-1,6,1,27,6,-1,-1,-1,-1,5,-1,0,1
2024070001190,2024,070001190,2,1,0,-1,19,5,1,-1,0,8,0,0,0,0,9,1,-1,6,1,30,6,-1,-1,-1,-1,2,E01006898,0,1
2024010501025,2024,010501025,1,1,9,99,99,9,9,99,99,9,9,99,9,99,9,1,6,6,3,54,8,-1,-1,-1,-1,6,E01003003,0,1
2024161503287,2024,161503287,1,1,0,-1,19,4,8,-1,4,0,0,0,0,0,1,1,-1,6,1,20,4,-1,-1,-1,-1,2,E01012872,0,1
2024010504368,2024,010504368,2,23,0,13,13,1,5,0,0,1,0,0,0,0,1,1,6,6,1,24,5,-1,-1,-1,-1,-1,-1,0,-1
2024631516889,2024,631516889,2,9,0,-1,2,0,0,-1,0,0,0,0,0,0,4,1,-1,6,3,-1,-1,-1,-1,-1,-1,-1,-1,0,-1
2024031451598,2024,031451598,1,9,0,-1,19,8,2,-1,0,0,0,0,0,0,4,1,-1,6,1,35,6,-1,-1,-1,-1,-1,-1,0,-1
2024010491894,2024,010491894,2,21,9,18,19,1,5,99,99,9,9,99,9,0,9,1,6,6,1,57,9,-1,-1,-1,-1,4,E01003929,0,1
2024311512625,2024,311512625,3,9,0,-1,19,5,5,-1,0,0,0,0,0,0,3,1,-1,2,1,40,7,-1,-1,-1,-1,5,E01012046,0,5
2024010534476,2024,010534476,1,3,0,99,99,9,9,99,99,9,9,99,9,99,9,1,6,6,3,-1,-1,-1,-1,-1,-1,-1,-1,0,-1
2024070205326,2024,070205326,2,5,0,18,19,1,5,0,0,8,0,0,0,0,0,1,6,6,1,50,8,-1,-1,-1,-1,-1,-1,0,-1
2024010496983,2024,010496983,1,3,0,99,99,9,9,99,99,9,9,99,9,99,1,1,2,2,1,29,6,-1,-1,-1,-1,3,E01001638,0,3
2024201398931,2024,201398931,2,-1,0,-1,3,6,2,-1,0,1,0,0,0,0,2,1,-1,2,1,24,5,-1,-1,-1,-1,2,E01008987,1,1
2024161454009,2024,161454009,2,1,0,-1,19,3,7,-1,0,3,0,0,0,0,1,1,-1,6,1,38,7,-1,-1,-1,-1,1,E01013209,0,1
2024411521186,2024,411521186,2,1,0,-1,19,8,4,-1,0,1,1,0,0,0,4,1,-1,9,1,32,6,-1,-1,-1,-1,5,E01023681,0,1
2024052400250,2024,052400250,1,9,0,18,19,4,8,0,0,0,0,0,0,0,1,1,6,6,3,-1,-1,-1,-1,-1,-1,-1,-1,0,-1
2024371454704,2024,371454704,1,9,0,-1,5,2,8,-1,0,1,0,0,0,0,1,1,-1,9,2,53,8,-1,-1,-1,-1,6,E01034561,0,1
2024201527222,2024,201527222,1,8,0,-1,19,7,3,-1,0,6,0,10,1,11,3,1,-1,1,1,33,6,-1,-1,-1,-1,-1,-1,0,-1
2024430220198,2024,430220198,2,9,0,18,19,4,8,0,0,1,0,0,0,0,1,1,6,6,2,-1,-1,-1,-1,-1,-1,-1,-1,0,-1
2024311477503,2024,311477503,2,1,0,-1,19,5,1,-1,0,1,0,0,0,0,2,1,-1,9,1,50,8,-1,-1,-1,-1,10,E01025761,0,2
2024161441859,2024,161441859,2,1,0,-1,19,3,7,-1,0,1,0,0,0,0,4,1,-1,2,1,24,5,-1,-1,-1,-1,2,E01013330,0,1
2024371430830,2024,371430830,2,1,-1,-1,-1,-1,-1,-1,-1,-1,-1,-1,-1,0,-1,1,-1,9,1,45,7,-1,-1,-1,-1,10,E01030179,0,3
2024302401507,2024,302401507,2,1,0,18,19,3,7,0,0,8,0,0,0,0,3,1,6,6,1,31,6,-1,-1,-1,-1,4,E01006026,0,2
2024302401641,2024,302401641,1,9,0,-1,5,3,7,-1,0,8,0,0,0,0,1,1,-1,6,3,-1,-1,-1,-1,-1,-1,5,E01019456,0,4
2024211440683,2024,211440683,2,9,0,-1,5,1,5,-1,0,6,0,0,0,0,4,1,-1,1,1,47,8,-1,-1,-1,-1,10,E01029747,0,2
2024340NN1412,2024,340NN1412,2,1,0,-1,19,7,3,-1,0,3,0,0,0,0,4,1,-1,6,2,58,9,-1,-1,-1,-1,3,E01026976,0,1
2024131518167,2024,131518167,1,23,0,-1,19,3,7,-1,0,0,0,4,0,0,1,1,-1,6,1,20,4,-1,-1,-1,-1,1,E01011332,0,1
2024061517828,2024,061517828,1,9,0,-1,9,-1,-1,-1,0,0,0,0,0,0,1,1,-1,6,3,-1,-1,-1,-1,-1,-1,-1,-1,0,-1
2024052401900,2024,052401900,4,9,0,18,19,5,1,0,0,0,0,0,0,0,2,1,1,1,2,31,6,-1,-1,-1,-1,1,E01006455,0,3
2024501411384,2024,501411384,1,1,0,-1,19,5,8,-1,0,0,1,0,0,0,1,1,-1,9,1,52,8,-1,-1,-1,-1,8,E01018787,0,1
2024010534607,2024,010534607,2,90,9,99,99,9,9,99,99,9,9,99,9,99,9,9,6,6,3,-1,-1,-1,-1,-1,-1,-1,-1,0,-1
2024010495517,2024,010495517,2,9,0,99,99,9,9,99,99,9,9,99,9,99,1,9,6,6,3,-1,-1,-1,-1,-1,-1,-1,-1,0,-1
2024201429220,2024,201429220,1,97,0,-1,19,8,4,-1,0,4,0,0,0,0,1,1,-1,6,1,15,3,-1,-1,-1,-1,-1,-1,0,-1
2024101441725,2024,101441725,1,97,0,-1,19,7,3,-1,0,2,2,0,0,0,1,1,-1,9,1,21,5,-1,-1,-1,-1,1,E01008485,0,1
2024052400656,2024,052400656,2,1,0,18,19,5,1,0,0,0,0,0,0,0,1,1,6,6,1,68,10,-1,-1,-1,-1,5,E01006978,0,1
2024010493728,2024,010493728,1,3,0,9,9,7,5,0,0,8,0,0,0,0,4,1,6,6,1,33,6,-1,-1,-1,-1,-1,-1,0,-1
2024531438831,2024,531438831,2,16,0,-1,19,3,7,-1,0,0,0,0,0,0,0,1,-1,9,2,24,5,-1,-1,-1,-1,8,E01022463,0,2
2024430189272,2024,430189272,2,1,0,18,19,3,7,5,5,8,0,0,1,0,1,1,2,2,1,31,6,-1,-1,-1,-1,9,E01028683,0,1
2024440466876,2024,440466876,2,9,0,17,19,6,3,0,0,0,0,0,0,0,1,1,6,6,1,65,9,-1,-1,-1,-1,-1,-1,0,-1
2024440007026,2024,440007026,1,9,0,18,19,5,1,0,0,1,0,0,0,0,1,1,6,6,3,-1,-1,-1,-1,-1,-1,-1,-1,0,-1
2024421524203,2024,421524203,1,9,0,-1,-1,-1,-1,-1,-1,0,-1,-1,-1,0,-1,9,-1,6,2,-1,-1,-1,-1,-1,-1,-1,-1,0,-1
2024421472700,2024,421472700,1,9,0,-1,9,6,4,-1,0,8,0,0,0,0,3,1,-1,9,1,40,7,-1,-1,-1,-1,-1,-1,0,-1
2024610013324,2024,610013324,2,9,0,10,10,0,0,0,0,2,0,0,0,0,3,1,6,6,1,35,6,-1,-1,-1,-1,1,W01001326,0,1
2024010487481,2024,010487481,2,9,0,7,7,6,1,0,0,1,0,0,3,0,3,1,6,6,3,50,8,-1,-1,-1,-1,2,E01001409,0,1
2024451416871,2024,451416871,2,1,0,-1,19,1,3,-1,0,2,0,0,0,0,0,1,-1,9,1,12,3,-1,-1,-1,-1,-1,-1,0,-1
2024622400053,2024,622400053,3,9,0,3,3,4,8,0,0,1,0,0,0,0,2,1,6,6,2,36,7,-1,-1,-1,-1,4,W01001149,0,1
2024371543085,2024,371543085,1,98,1,-1,11,3,7,-1,0,0,0,0,0,0,1,1,-1,1,1,24,5,-1,-1,-1,-1,2,E01015634,0,5
202460Q062501,2024,60Q062501,1,9,0,18,19,6,2,0,0,0,2,0,1,9,1,1,2,2,2,45,7,-1,-1,-1,-1,-1,-1,0,-1
2024411408882,2024,411408882,1,9,0,-1,99,4,8,-1,0,0,0,0,0,0,2,9,-1,6,2,53,8,-1,-1,-1,-1,5,E01035575,0,1
2024201471817,2024,201471817,1,99,0,-1,12,4,8,-1,0,8,0,0,0,0,1,9,-1,6,3,-1,-1,-1,-1,-1,-1,-1,-1,0,-1
2024010489597,2024,010489597,1,9,0,10,10,2,8,0,0,6,0,0,0,0,3,1,6,6,2,57,9,-1,-1,-1,-1,7,E01000362,0,1
2024522401783,2024,522401783,1,9,0,18,19,2,6,0,0,8,0,0,0,0,1,1,6,6,2,23,5,-1,-1,-1,-1,7,E01014900,0,2
2024552400566,2024,552400566,1,1,0,18,19,5,1,0,0,0,0,0,0,0,4,1,6,6,3,-1,-1,-1,-1,-1,-1,-1,-1,0,-1
2024061530239,2024,061530239,1,9,0,-1,19,3,7,-1,0,0,0,0,0,0,1,9,-1,1,1,35,6,-1,-1,-1,-1,1,E01005202,0,1
2024070987701,2024,070987701,1,9,-1,-1,19,1,5,-1,0,0,0,0,0,0,2,1,-1,6,3,-1,-1,-1,-1,-1,-1,-1,-1,0,-1
2024520402202,2024,520402202,1,9,0,3,3,8,4,0,0,8,0,0,0,0,2,1,6,6,2,71,10,-1,-1,-1,-1,7,E01035112,0,2
2024010525792,2024,010525792,1,9,0,99,99,9,9,0,0,9,9,99,9,99,2,9,2,2,1,49,8,-1,-1,-1,-1,10,E01021253,0,3
2024552400754,2024,552400754,2,97,0,18,19,3,7,0,0,8,0,0,1,4,1,1,6,6,1,18,4,-1,-1,-1,-1,8,E01020491,0,4
2024010539593,2024,010539593,1,90,0,7,7,5,7,0,0,1,0,0,0,0,1,1,6,6,3,-1,-1,-1,-1,-1,-1,-1,-1,0,-1
2024052400130,2024,052400130,1,9,0,18,19,5,1,0,0,0,0,0,0,0,4,1,6,6,3,-1,-1,-1,-1,-1,-1,-1,-1,0,-1
2024010546336,2024,010546336,2,1,0,-1,-1,3,7,0,0,0,0,8,0,0,1,1,6,6,1,32,6,-1,-1,-1,-1,6,E01003398,0,2
2024061506048,2024,061506048,1,1,0,-1,19,-1,-1,-1,0,8,5,0,0,0,4,1,-1,9,2,50,8,-1,-1,-1,-1,10,E01005927,0,1
2024111406755,2024,111406755,3,9,0,-1,3,5,1,-1,0,0,0,0,0,0,2,1,-1,6,1,27,6,-1,-1,-1,-1,6,E01020654,0,1
2024010488778,2024,010488778,2,19,0,1,1,5,1,0,0,0,0,0,0,0,2,1,6,6,3,-1,-1,-1,-1,-1,-1,-1,-1,0,-1
2024010488083,2024,010488083,1,9,0,9,9,5,2,0,0,1,0,0,0,0,1,1,6,6,2,43,7,-1,-1,-1,-1,3,E01004333,0,1
2024461411690,2024,461411690,2,19,0,-1,19,3,7,-1,0,0,0,0,0,0,-1,9,-1,6,3,-1,-1,-1,-1,-1,-1,-1,-1,0,-1
2024221415515,2024,221415515,1,9,0,-1,9,6,4,-1,0,5,1,0,0,0,1,1,-1,6,2,28,6,-1,-1,-1,-1,4,E01014136,0,2
2024010544439,2024,010544439,2,9,0,4,4,7,3,0,0,0,0,0,0,0,2,1,1,1,1,44,7,-1,-1,-1,-1,7,E01035490,0,3
2024401492405,2024,401492405,2,1,0,-1,19,7,3,-1,0,0,0,0,0,0,2,1,-1,6,1,44,7,-1,-1,-1,-1,10,E01033189,0,1
2024421521266,2024,421521266,2,1,0,-1,19,8,4,-1,0,0,0,0,0,0,1,1,-1,9,1,60,9,-1,-1,-1,-1,7,E01021369,0,1
2024010507889,2024,010507889,2,1,0,7,7,7,1,0,0,1,0,0,0,0,1,1,6,6,1,49,8,-1,-1,-1,-1,7,E01002160,0,1
2024010490021,2024,010490021,2,1,0,18,19,3,7,0,0,8,0,0,0,0,3,1,6,6,1,36,7,-1,-1,-1,-1,2,E01004243,0,1
2024522401332,2024,522401332,2,-1,0,12,12,8,4,0,0,0,0,0,0,0,3,1,6,6,2,22,5,-1,-1,-1,-1,7,E01014491,1,1
2024031439114,2024,031439114,1,9,0,-1,5,5,2,-1,0,6,0,0,0,0,1,1,-1,9,1,25,5,-1,-1,-1,-1,-1,-1,0,-1
2024101527641,2024,101527641,1,9,-1,-1,-1,-1,-1,-1,-1,0,-1,-1,-1,0,-1,9,-1,2,1,64,9,-1,-1,-1,-1,1,E01033547,0,1
2024010536221,2024,010536221,1,23,0,18,19,3,7,0,0,0,0,0,0,0,1,1,6,6,3,-1,-1,-1,-1,-1,-1,-1,-1,0,-1
2024010531684,2024,010531684,2,1,0,18,19,5,1,0,0,8,1,0,0,0,0,1,6,6,2,32,6,-1,-1,-1,-1,3,E01002056,0,1
2024471448411,2024,471448411,1,9,0,-1,19,6,2,-1,0,0,0,0,0,0,1,1,-1,1,1,62,9,-1,-1,-1,-1,4,E01020918,0,1
2024622400366,2024,622400366,1,10,0,18,19,4,8,0,0,2,0,4,0,0,1,1,6,6,1,23,5,-1,-1,-1,-1,2,W01001169,0,1
2024010487904,2024,010487904,2,9,0,3,3,6,2,0,0,1,0,0,0,0,1,1,6,6,2,32,6,-1,-1,-1,-1,9,E01000690,0,1
2024991443884,2024,991443884,1,9,0,-1,19,6,2,-1,0,0,2,0,0,0,3,1,-1,9,2,27,6,-1,-1,-1,-1,1,-1,0,2
2024522402593,2024,522402593,3,19,0,18,19,1,5,0,0,1,0,0,0,0,1,1,6,6,3,-1,-1,-1,-1,-1,-1,-1,-1,0,-1
2024010521045,2024,010521045,1,23,0,15,15,7,3,2,2,0,0,0,0,0,1,1,1,1,1,29,6,-1,-1,-1,-1,2,E01003622,0,3