collision_index,collision_year,collision_ref_no,vehicle_reference,vehicle_type,towing_and_articulation,vehicle_manoeuvre_historic,vehicle_manoeuvre,vehicle_direction_from,vehicle_direction_to,vehicle_location_restricted_lane_historic,vehicle_location_restricted_lane,junction_location,skidding_and_overturning,hit_object_in_carriageway,vehicle_leaving_carriageway,hit_object_off_carriageway,first_point_of_impact,vehicle_left_hand_drive,journey_purpose_of_driver_historic,journey_purpose_of_driver,sex_of_driver,age_of_driver,age_band_of_driver,engine_capacity_cc,propulsion_code,age_of_vehicle,generic_make_model,driver_imd_decile,lsoa_of_driver,escooter_flag,driver_distance_banding
2024010492256,2024,010492256,1,9,0,99,99,9,9,99,99,9,9,99,9,99,1,9,6,6,1,48,8,-1,-1,-1,-1,7,E01035000,0,2
2024340WN5412,2024,340WN5412,2,9,0,-1,19,5,1,-1,0,1,1,0,1,0,1,1,-1,1,1,60,9,-1,-1,-1,-1,8,E01027296,0,1
2024546542124,2024,546542124,1,9,0,18,19,1,5,0,0,0,0,0,0,0,3,1,1,1,2,23,5,-1,-1,-1,-1,7,E01031882,0,1
2024221466386,2024,221466386,2,1,0,-1,19,2,6,-1,9,8,0,0,0,0,3,1,-1,9,1,8,2,-1,-1,-1,-1,-1,-1,0,-1
2024101456359,2024,101456359,2,9,0,-1,4,1,5,-1,0,0,0,0,0,0,2,1,-1,6,1,45,7,-1,-1,-1,-1,-1,-1,0,-1
2024010515732,2024,010515732,3,-1,0,14,14,3,7,0,0,1,5,0,0,0,0,1,6,6,1,24,5,-1,-1,-1,-1,4,E01002647,1,1
2024010498545,2024,010498545,2,9,0,99,99,9,9,99,99,9,9,99,9,99,9,9,6,6,3,-1,-1,-1,-1,-1,-1,-1,-1,0,-1
2024471462622,2024,471462622,2,1,0,-1,12,6,2,-1,0,0,0,0,0,0,4,1,-1,6,1,66,10,-1,-1,-1,-1,3,E01031795,0,2
2024010542097,2024,010542097,1,1,9,99,99,9,9,99,99,9,9,99,9,99,1,1,2,2,1,34,6,-1,-1,-1,-1,9,E01030820,0,1
2024070800919,2024,070800919,2,9,0,-1,19,6,6,-1,0,3,0,0,0,0,4,1,-1,9,2,47,8,-1,-1,-1,-1,8,E01018359,0,1
2024131441555,2024,131441555,2,5,0,-1,13,1,5,-1,0,1,0,0,7,9,4,1,-1,6,1,58,9,-1,-1,-1,-1,5,E01007335,0,3
2024332400232,2024,332400232,2,9,0,-1,4,2,6,-1,0,1,0,0,0,0,0,1,-1,6,3,-1,-1,-1,-1,-1,-1,-1,-1,0,-1
2024041529282,2024,041529282,3,9,0,-1,19,1,5,-1,0,1,0,0,0,0,1,1,-1,1,1,55,8,-1,-1,-1,-1,8,E01025018,0,4
2024010496358,2024,010496358,1,9,0,99,99,9,9,99,99,0,9,99,9,99,2,9,6,6,1,30,6,-1,-1,-1,-1,1,E01033688,0,5
2024411406417,2024,411406417,1,-1,-1,-1,-1,-1,-1,-1,-1,0,-1,-1,-1,0,-1,9,-1,6,1,-1,-1,-1,-1,-1,-1,-1,-1,1,-1
2024302400451,2024,302400451,2,9,0,18,19,2,6,0,0,1,0,0,0,0,1,1,6,6,3,-1,-1,-1,-1,-1,-1,5,E01019456,0,3
2024430432239,2024,430432239,2,1,0,18,19,5,1,0,0,0,0,0,0,0,3,1,6,6,1,14,3,-1,-1,-1,-1,3,E01028452,0,1
2024131422856,2024,131422856,2,9,0,-1,19,7,3,-1,0,1,0,0,0,0,1,1,-1,9,1,60,9,-1,-1,-1,-1,2,E01011123,0,1
2024302400148,2024,302400148,2,9,0,18,19,4,8,0,0,0,0,0,0,0,3,1,6,6,3,-1,-1,-1,-1,-1,-1,5,E01019456,0,3
2024101443751,2024,101443751,4,1,0,-1,19,4,8,-1,4,0,5,0,0,0,1,1,-1,9,2,-1,-1,-1,-1,-1,-1,9,E01020628,0,3
2024010494425,2024,010494425,3,9,0,99,99,9,9,99,99,0,9,99,9,99,2,9,6,6,3,-1,-1,-1,-1,-1,-1,5,E01001975,0,2
2024070346132,2024,070346132,2,1,0,18,19,4,8,0,0,1,0,0,1,10,1,1,6,6,1,19,4,-1,-1,-1,-1,5,E01012542,0,1
2024440125545,2024,440125545,2,1,0,18,19,4,8,0,0,1,0,0,0,0,1,1,6,6,1,77,11,-1,-1,-1,-1,10,E01023073,0,1
2024131450924,2024,131450924,2,9,0,-1,19,7,3,-1,0,0,0,0,0,0,1,1,-1,9,1,59,9,-1,-1,-1,-1,2,E01011043,0,3
2024010551696,2024,010551696,1,9,0,18,19,1,5,99,99,9,9,99,9,99,1,9,6,6,1,-1,-1,-1,-1,-1,-1,-1,-1,0,-1
2024421422363,2024,421422363,1,9,0,-1,19,7,3,-1,0,0,0,0,0,0,1,9,-1,6,3,-1,-1,-1,-1,-1,-1,-1,-1,0,-1
2024101485972,2024,101485972,1,1,0,-1,19,2,6,-1,0,1,0,0,0,0,1,1,-1,9,1,51,8,-1,-1,-1,-1,1,E01008669,0,1
2024010523351,2024,010523351,1,1,9,18,19,9,9,99,99,1,9,99,9,99,9,1,1,1,1,30,6,-1,-1,-1,-1,3,E01003570,0,1
2024440370613,2024,440370613,1,1,0,18,19,3,7,0,0,8,0,0,0,0,3,1,2,2,1,39,7,-1,-1,-1,-1,8,E01032605,0,1
2024461505956,2024,461505956,1,9,0,-1,19,2,6,-1,0,0,0,0,0,0,1,1,-1,6,-1,-1,-1,-1,-1,-1,-1,-1,-1,0,-1
2024440453961,2024,440453961,1,9,0,5,5,6,2,0,0,0,0,0,0,0,4,1,6,6,1,60,9,-1,-1,-1,-1,9,E01023217,0,1
2024010514231,2024,010514231,1,1,0,18,19,7,3,4,4,8,5,99,0,0,4,1,6,6,2,30,6,-1,-1,-1,-1,3,E01004062,0,2
2024522402994,2024,522402994,2,1,0,18,19,2,6,9,9,8,0,0,0,0,1,1,6,6,2,59,9,-1,-1,-1,-1,2,E01014799,0,1
2024991410767,2024,991410767,1,9,0,-1,19,2,6,-1,0,1,0,0,0,0,1,1,-1,9,1,64,9,-1,-1,-1,-1,8,-1,0,2
2024320439806,2024,320439806,2,21,0,2,2,0,0,0,0,0,0,0,0,0,2,1,1,1,1,65,9,-1,-1,-1,-1,3,E01027967,0,4
2024461485807,2024,461485807,2,1,0,-1,19,7,3,-1,0,3,1,0,0,0,2,1,-1,9,1,58,9,-1,-1,-1,-1,8,E01016122,0,1
2024010543896,2024,010543896,1,1,9,99,99,9,9,99,99,9,9,99,9,99,9,1,6,6,1,42,7,-1,-1,-1,-1,8,E01004545,0,2
2024131499996,2024,131499996,3,9,0,-1,2,7,3,-1,0,8,0,0,0,0,4,1,-1,6,-1,-1,-1,-1,-1,-1,-1,-1,-1,0,-1
2024141439822,2024,141439822,1,9,0,-1,19,4,8,-1,0,0,0,0,0,0,1,2,-1,6,3,-1,-1,-1,-1,-1,-1,-1,-1,0,-1
2024501494562,2024,501494562,2,9,0,-1,9,2,8,-1,0,8,0,0,0,0,3,1,-1,9,1,30,6,-1,-1,-1,-1,4,E01029335,0,4
2024010539229,2024,010539229,1,9,0,13,13,3,7,0,0,0,0,0,0,0,4,1,6,6,3,-1,-1,-1,-1,-1,-1,-1,-1,0,-1
2024010513432,2024,010513432,2,9,0,99,99,9,9,99,99,9,9,99,9,99,9,9,6,6,3,-1,-1,-1,-1,-1,-1,-1,-1,0,-1
2024010493911,2024,010493911,1,9,0,99,99,9,9,99,99,9,9,99,9,99,2,9,6,6,3,19,4,-1,-1,-1,-1,4,E01004355,0,3
2024010491315,2024,010491315,4,9,0,2,2,0,0,0,0,0,0,0,0,0,2,1,6,6,3,-1,-1,-1,-1,-1,-1,-1,-1,0,-1
2024201503829,2024,201503829,2,90,0,-1,19,2,6,-1,0,1,0,0,0,0,1,1,-1,6,1,65,9,-1,-1,-1,-1,2,E01010038,0,1
2024430030500,2024,430030500,2,1,0,18,19,7,3,4,4,8,0,0,0,0,3,1,6,6,1,32,6,-1,-1,-1,-1,6,E01028550,0,1
2024522403394,2024,522403394,1,1,0,9,9,4,1,0,0,5,0,0,0,0,1,1,6,6,1,61,9,-1,-1,-1,-1,8,E01014957,0,1
2024471485291,2024,471485291,2,9,9,-1,1,8,4,-1,0,0,0,0,0,0,2,1,-1,6,1,-1,-1,-1,-1,-1,-1,-1,-1,0,-1
2024520500137,2024,520500137,2,1,0,18,19,7,3,0,0,0,0,0,0,0,1,1,6,6,1,17,4,-1,-1,-1,-1,6,E01032631,0,1
2024010531124,2024,010531124,2,9,0,99,99,9,9,99,99,9,9,99,9,99,1,9,6,6,3,-1,-1,-1,-1,-1,-1,-1,-1,0,-1
2024221528330,2024,221528330,1,21,1,-1,19,1,5,-1,0,0,5,0,2,10,4,9,-1,1,1,42,7,-1,-1,-1,-1,2,W01000406,0,5
2024201530579,2024,201530579,1,9,0,-1,19,1,5,-1,0,0,0,0,0,0,1,9,-1,9,1,55,8,-1,-1,-1,-1,-1,-1,0,-1
2024201416646,2024,201416646,1,9,0,-1,7,1,3,-1,0,5,0,0,0,0,4,9,-1,9,1,-1,-1,-1,-1,-1,-1,-1,-1,0,-1
2024231532437,2024,231532437,1,20,0,-1,1,7,5,-1,0,6,0,0,0,0,2,1,-1,1,1,22,5,-1,-1,-1,-1,9,E01035089,0,4
2024501396941,2024,501396941,2,9,0,-1,4,8,4,-1,0,0,0,0,0,0,2,1,-1,2,1,54,8,-1,-1,-1,-1,7,E01020136,0,3
2024122500027,2024,122500027,1,9,0,18,19,1,5,0,0,1,0,0,0,0,1,1,6,6,2,60,9,-1,-1,-1,-1,10,E01013371,0,1
2024451512900,2024,451512900,1,98,0,-1,11,4,8,-1,0,0,0,0,0,0,4,9,-1,6,3,45,7,-1,-1,-1,-1,-1,-1,0,-1
2024520401278,2024,520401278,1,9,0,18,19,8,4,0,0,0,0,0,0,0,4,1,6,6,3,-1,-1,-1,-1,-1,-1,-1,-1,0,-1
2024201398147,2024,201398147,2,1,0,-1,9,8,6,-1,0,5,0,0,0,0,1,1,-1,9,2,46,8,-1,-1,-1,-1,-1,-1,0,-1
2024201456687,2024,201456687,2,1,0,-1,19,2,6,-1,0,8,0,0,0,0,4,1,-1,6,1,78,11,-1,-1,-1,-1,9,E01009416,0,1
2024010523636,2024,010523636,2,1,9,99,99,9,9,99,99,9,9,99,9,99,9,1,2,2,1,25,5,-1,-1,-1,-1,7,E01004749,0,1
2024010539940,2024,010539940,2,1,0,-1,-1,5,1,0,0,2,0,0,0,0,2,1,6,6,2,25,5,-1,-1,-1,-1,4,E01004234,0,1
2024201520953,2024,201520953,2,1,0,-1,19,5,1,-1,0,2,0,0,0,0,2,1,-1,6,1,50,8,-1,-1,-1,-1,1,E01034915,0,1
2024501437165,2024,501437165,2,9,0,-1,19,2,6,-1,0,8,5,0,0,0,2,1,-1,6,1,50,8,-1,-1,-1,-1,6,E01020161,0,3
2024991433870,2024,991433870,2,1,0,-1,5,4,8,-1,0,1,0,0,0,0,2,1,-1,9,1,25,5,-1,-1,-1,-1,-1,-1,0,-1
2024430037392,2024,430037392,1,9,0,9,9,8,6,0,0,8,0,0,0,0,3,1,6,6,1,50,8,-1,-1,-1,-1,8,E01017670,0,1
2024440323515,2024,440323515,3,9,0,4,4,2,6,0,0,0,0,0,0,0,2,1,6,6,1,37,7,-1,-1,-1,-1,-1,-1,0,-1
2024221407782,2024,221407782,1,19,0,-1,9,7,4,-1,0,5,0,0,0,0,1,9,-1,6,3,45,7,-1,-1,-1,-1,-1,-1,0,-1
2024451502917,2024,451502917,1,1,0,-1,19,2,7,-1,0,3,0,0,0,0,2,1,-1,2,2,61,9,-1,-1,-1,-1,7,E01030734,0,1
2024010492340,2024,010492340,1,19,0,18,19,1,5,0,0,1,0,4,0,0,1,1,1,1,1,60,9,-1,-1,-1,-1,3,E01003521,0,4
2024061510273,2024,061510273,2,9,0,-1,19,1,5,-1,-1,0,0,0,0,0,1,9,-1,6,2,48,8,-1,-1,-1,-1,5,E01005879,0,1
2024340NN1612,2024,340NN1612,2,9,0,-1,19,0,0,-1,0,8,0,10,2,0,3,1,-1,9,1,63,9,-1,-1,-1,-1,-1,-1,0,-1
2024430167641,2024,430167641,1,1,0,6,6,3,3,0,0,0,0,0,0,0,4,1,2,2,1,16,4,-1,-1,-1,-1,5,E01016215,0,1
2024010506003,2024,010506003,3,1,0,18,19,8,4,0,0,1,0,0,0,0,0,1,6,6,2,27,6,-1,-1,-1,-1,2,E01001660,0,3
2024201474704,2024,201474704,1,9,0,-1,1,2,6,-1,0,1,0,0,0,0,1,9,-1,6,1,-1,-1,-1,-1,-1,-1,-1,-1,0,-1
2024010502290,2024,010502290,1,1,9,99,99,9,9,99,99,9,9,99,9,99,1,1,2,2,2,19,4,-1,-1,-1,-1,4,E01035652,0,1
2024501475320,2024,501475320,1,19,0,-1,19,3,7,-1,0,0,0,0,0,0,4,1,-1,6,1,32,6,-1,-1,-1,-1,1,E01018910,0,1
2024320332137,2024,320332137,2,1,0,-1,-1,8,4,0,0,8,0,0,0,0,1,1,-1,-1,2,20,4,-1,-1,-1,-1,9,E01026136,0,1
2024141461384,2024,141461384,2,9,0,-1,9,5,2,-1,0,6,0,0,3,0,4,1,-1,6,2,19,4,-1,-1,-1,-1,2,E01007385,0,1
2024010500025,2024,010500025,2,1,0,18,19,5,1,9,9,1,0,0,0,0,3,1,6,6,2,63,9,-1,-1,-1,-1,5,E01001404,0,1
2024221459725,2024,221459725,1,9,0,-1,4,3,7,-1,0,1,0,0,0,0,1,9,-1,6,2,22,5,-1,-1,-1,-1,-1,-1,0,-1
2024481564348,2024,481564348,1,1,0,-1,19,3,7,-1,5,0,0,0,0,0,1,1,-1,6,1,30,6,-1,-1,-1,-1,-1,-1,0,-1
2024340WN4452,2024,340WN4452,1,9,0,-1,19,6,2,-1,0,0,0,0,0,0,1,1,-1,9,1,35,6,-1,-1,-1,-1,3,E01027173,0,1
2024991439279,2024,991439279,2,9,0,-1,19,1,5,-1,0,0,0,0,0,0,1,1,-1,9,1,29,6,-1,-1,-1,-1,8,-1,0,4
2024440175959,2024,440175959,2,9,0,5,5,5,8,0,0,0,0,0,0,0,3,1,6,6,1,-1,-1,-1,-1,-1,-1,-1,-1,0,-1
2024991472312,2024,991472312,2,19,0,-1,19,4,8,-1,0,0,0,0,1,0,1,1,-1,6,1,23,5,-1,-1,-1,-1,1,-1,0,1
2024430166471,2024,430166471,2,9,0,18,19,1,5,0,0,4,0,0,0,0,1,1,1,1,1,35,6,-1,-1,-1,-1,5,E01035578,0,4
2024131396072,2024,131396072,1,11,0,-1,19,3,7,-1,0,2,0,0,0,0,4,1,-1,1,1,57,9,-1,-1,-1,-1,9,E01027725,0,3
2024440443144,2024,440443144,2,1,0,4,4,5,1,0,0,4,0,0,0,0,2,1,2,2,1,33,6,-1,-1,-1,-1,5,E01023099,0,1
2024061534615,2024,061534615,2,1,0,-1,19,3,7,-1,0,0,0,0,0,0,4,1,-1,6,1,26,6,-1,-1,-1,-1,2,E01005462,0,1
2024211493195,2024,211493195,2,9,0,-1,19,3,7,-1,0,1,0,0,0,0,1,1,-1,6,1,17,4,-1,-1,-1,-1,10,E01029520,0,1
2024010489012,2024,010489012,1,11,0,5,5,2,6,0,0,8,0,0,0,0,0,1,1,1,1,41,7,-1,-1,-1,-1,6,E01002165,0,1
2024010538697,2024,010538697,2,1,9,18,19,1,5,2,2,9,9,99,9,99,3,1,6,6,3,4,1,-1,-1,-1,-1,-1,-1,0,-1
2024010490779,2024,010490779,1,9,0,99,99,9,9,99,99,9,9,99,9,99,9,9,1,1,1,33,6,-1,-1,-1,-1,3,E01003523,0,1
2024520401388,2024,520401388,2,5,0,18,19,5,1,0,0,8,0,0,0,0,1,1,6,6,1,52,8,-1,-1,-1,-1,3,E01029341,0,2
2024010531506,2024,010531506,2,1,0,18,19,7,3,9,9,1,0,0,0,0,1,1,6,6,1,22,5,-1,-1,-1,-1,4,E01002591,0,1
2024552400540,2024,552400540,1,1,0,18,19,8,4,0,0,0,0,10,0,0,1,1,2,2,1,18,4,-1,-1,-1,-1,1,E01015309,0,1
2024522402801,2024,522402801,1,1,0,18,19,2,6,5,5,0,0,0,1,10,1,1,6,6,1,61,9,-1,-1,-1,-1,7,E01029124,0,4
2024430371797,2024,430371797,1,9,0,18,19,2,6,0,0,0,0,0,0,0,3,1,6,6,2,28,6,-1,-1,-1,-1,5,E01016599,0,1
2024231443043,2024,231443043,1,9,0,-1,19,8,4,-1,0,0,0,0,1,0,1,1,-1,1,1,39,7,-1,-1,-1,-1,8,E01033250,0,4
2024411432614,2024,411432614,1,9,0,-1,-1,6,2,-1,0,2,-1,-1,0,0,1,1,-1,6,3,-1,-1,-1,-1,-1,-1,-1,-1,0,-1
2024010547338,2024,010547338,1,1,9,99,99,9,9,99,99,0,9,99,9,99,9,1,6,6,1,37,7,-1,-1,-1,-1,5,E01001276,0,4
2024991419058,2024,991419058,2,1,0,-1,19,7,3,-1,0,0,0,0,0,0,1,1,-1,2,1,57,9,-1,-1,-1,-1,10,-1,0,4
2024131446697,2024,131446697,1,9,0,-1,19,3,7,-1,0,0,1,0,0,0,1,1,-1,6,2,24,5,-1,-1,-1,-1,1,E01010616,0,2
2024010487916,2024,010487916,2,9,9,99,99,9,9,99,99,9,9,99,9,99,9,9,6,6,3,-1,-1,-1,-1,-1,-1,-1,-1,0,-1
2024010524904,2024,010524904,2,3,0,99,99,9,9,99,99,9,9,99,9,99,9,1,6,6,3,-1,-1,-1,-1,-1,-1,-1,-1,0,-1
2024010515467,2024,010515467,2,1,0,18,19,5,1,0,0,1,1,10,0,0,1,1,6,6,1,34,6,-1,-1,-1,-1,2,E01003174,0,1
2024610018224,2024,610018224,3,90,0,3,3,3,7,0,0,6,0,0,0,0,1,1,6,6,1,19,4,-1,-1,-1,-1,4,W01001365,0,1
2024010515988,2024,010515988,2,1,9,99,99,9,9,99,99,9,9,99,9,99,9,1,2,2,2,33,6,-1,-1,-1,-1,3,E01002708,0,1
2024131441235,2024,131441235,2,1,0,-1,19,7,3,-1,0,1,0,0,0,0,1,1,-1,6,1,53,8,-1,-1,-1,-1,5,E01010991,0,1
2024991448205,2024,991448205,2,9,0,-1,19,2,6,-1,0,8,0,0,0,0,1,1,-1,6,1,24,5,-1,-1,-1,-1,7,-1,0,2
2024061495228,2024,061495228,2,1,0,-1,5,1,4,-1,4,2,0,0,0,0,1,1,-1,6,2,35,6,-1,-1,-1,-1,3,E01005273,0,1
2024430003134,2024,430003134,2,97,0,18,19,4,8,0,0,8,0,0,0,0,1,1,6,6,1,17,4,-1,-1,-1,-1,3,E01016444,0,2
2024010506793,2024,010506793,3,9,0,3,3,7,3,99,99,9,9,99,9,99,2,9,6,6,1,49,8,-1,-1,-1,-1,3,E01021260,0,4
2024010520213,2024,010520213,1,1,9,18,19,9,9,99,99,1,9,99,9,99,9,1,2,2,1,37,7,-1,-1,-1,-1,3,E01003539,0,1
2024520402358,2024,520402358,2,9,0,18,19,4,8,0,0,0,0,0,0,0,1,1,6,6,1,55,8,-1,-1,-1,-1,5,E01029053,0,2
2024070796747,2024,070796747,2,1,0,-1,19,5,1,-1,0,0,0,0,0,0,0,1,-1,7,1,16,4,-1,-1,-1,-1,7,W01000331,0,3
2024531470413,2024,531470413,3,90,0,-1,19,1,5,-1,0,1,0,0,0,0,0,9,-1,6,3,-1,-1,-1,-1,-1,-1,-1,-1,0,-1
202417S106524,2024,17S106524,1,9,0,-1,19,4,8,-1,0,0,0,0,1,0,0,1,-1,2,2,54,8,-1,-1,-1,-1,3,E01012034,0,3
2024211517703,2024,211517703,2,9,0,-1,19,8,4,-1,0,1,0,0,0,0,1,1,-1,1,1,-1,-1,-1,-1,-1,-1,-1,-1,0,-1
2024440490092,2024,440490092,2,22,0,18,19,7,3,5,5,0,0,0,0,0,3,1,6,6,1,92,11,-1,-1,-1,-1,6,E01022634,0,1
2024471482151,2024,471482151,2,-1,0,-1,15,2,6,-1,0,0,0,0,0,0,9,1,-1,6,1,-1,-1,-1,-1,-1,-1,-1,-1,1,-1
2024041457579,2024,041457579,2,1,0,-1,19,1,5,-1,0,0,5,0,0,0,2,1,-1,9,1,79,11,-1,-1,-1,-1,9,E01025451,0,1
2024520402720,2024,520402720,1,9,0,3,3,5,1,0,0,1,0,0,0,0,2,1,6,6,1,78,11,-1,-1,-1,-1,6,E01032652,0,3
2024541461924,2024,541461924,2,9,0,18,19,5,1,0,0,0,0,0,1,4,1,1,6,6,1,41,7,-1,-1,-1,-1,7,E01015588,0,1
2024501486193,2024,501486193,2,1,0,-1,5,2,6,-1,0,0,0,0,0,0,2,1,-1,6,1,71,10,-1,-1,-1,-1,4,E01020052,0,1
2024501494468,2024,501494468,2,1,0,-1,12,2,6,-1,0,2,0,0,1,0,3,1,-1,9,1,78,11,-1,-1,-1,-1,8,E01020250,0,1
2024991415851,2024,991415851,2,1,0,-1,19,1,5,-1,0,0,5,4,0,0,1,1,-1,1,1,54,8,-1,-1,-1,-1,1,-1,0,2
2024430448477,2024,430448477,2,1,0,3,3,4,8,0,0,1,0,0,0,0,4,1,6,6,1,32,6,-1,-1,-1,-1,9,E01017635,0,1
2024010547327,2024,010547327,2,1,9,-1,-1,9,9,99,99,0,9,99,9,99,1,1,6,6,3,-1,-1,-1,-1,-1,-1,-1,-1,0,-1
2024161527837,2024,161527837,1,8,0,-1,19,6,2,-1,0,1,0,0,0,0,0,9,-1,1,1,-1,-1,-1,-1,-1,-1,-1,-1,0,-1
2024061474052,2024,061474052,2,9,0,-1,19,7,3,-1,0,0,0,0,0,0,0,9,-1,6,3,-1,-1,-1,-1,-1,-1,-1,-1,0,-1
2024302401717,2024,302401717,2,8,0,3,3,6,2,0,0,0,0,0,0,0,2,1,1,1,3,-1,-1,-1,-1,-1,-1,-1,-1,0,-1
2024010488538,2024,010488538,2,9,0,99,99,9,9,99,99,9,9,99,9,99,0,9,6,6,3,-1,-1,-1,-1,-1,-1,-1,-1,0,-1
2024231429875,2024,231429875,2,1,0,-1,19,4,8,-1,0,8,0,0,0,0,2,1,-1,2,1,35,6,-1,-1,-1,-1,1,E01029859,0,1
2024320484231,2024,320484231,2,22,0,12,12,6,2,0,0,2,5,0,0,0,3,1,-1,-1,1,61,9,-1,-1,-1,-1,4,E01026343,0,1
2024522402877,2024,522402877,2,1,0,10,10,6,4,0,0,8,0,0,0,0,1,1,2,2,1,21,5,-1,-1,-1,-1,9,E01014550,0,2
2024052402197,2024,052402197,1,9,0,1,1,2,6,0,0,0,0,0,0,0,2,1,6,6,3,-1,-1,-1,-1,-1,-1,-1,-1,0,-1
2024361466257,2024,361466257,1,9,0,-1,19,5,8,-1,0,0,0,0,1,2,1,1,-1,2,1,20,4,-1,-1,-1,-1,5,E01026583,0,1
2024302401353,2024,302401353,3,9,0,18,19,8,4,0,0,0,0,0,0,0,0,1,6,6,3,-1,-1,-1,-1,-1,-1,5,E01019456,0,4
2024430023232,2024,430023232,3,9,0,4,4,-1,-1,0,0,0,0,0,0,0,2,1,1,1,1,73,10,-1,-1,-1,-1,-1,-1,0,-1
2024010492637,2024,010492637,2,8,0,18,19,5,1,0,0,2,0,0,0,0,3,1,1,1,1,47,8,-1,-1,-1,-1,3,E01003491,0,2
2024440298686,2024,440298686,1,9,0,18,19,4,8,0,0,1,0,0,0,0,1,1,1,1,1,23,5,-1,-1,-1,-1,-1,-1,0,-1
2024440464871,2024,440464871,3,9,0,18,19,3,7,0,0,0,0,0,0,0,1,1,6,6,3,-1,-1,-1,-1,-1,-1,-1,-1,0,-1
2024430043737,2024,430043737,1,9,0,7,7,4,6,0,0,6,0,0,7,11,4,1,1,1,1,56,9,-1,-1,-1,-1,10,E01017737,0,1
2024451493108,2024,451493108,1,9,0,-1,19,-1,-1,-1,0,0,0,0,0,0,0,9,-1,6,1,-1,-1,-1,-1,-1,-1,-1,-1,0,-1
2024010538599,2024,010538599,1,9,9,99,99,9,9,99,99,9,9,99,9,99,9,9,6,6,3,-1,-1,-1,-1,-1,-1,-1,-1,0,-1
2024991524874,2024,991524874,2,17,0,-1,2,0,0,-1,0,0,5,0,0,0,4,1,-1,6,-1,-1,-1,-1,-1,-1,-1,-1,-1,0,-1
2024010541756,2024,010541756,1,1,9,99,99,9,9,99,99,9,9,99,9,99,9,1,6,6,1,24,5,-1,-1,-1,-1,2,E01003304,0,1
2024361437490,2024,361437490,2,1,0,-1,19,-1,-1,-1,0,0,0,0,0,0,1,1,-1,9,1,16,4,-1,-1,-1,-1,3,E01026782,0,1
2024052401898,2024,052401898,2,1,0,18,19,7,3,0,0,0,0,0,0,0,0,1,6,6,1,37,7,-1,-1,-1,-1,1,E01006736,0,1
2024351494883,2024,351494883,3,9,0,-1,19,7,3,-1,0,0,0,0,0,0,1,1,-1,9,2,65,9,-1,-1,-1,-1,8,E01018289,0,1
2024340NN2632,2024,340NN2632,2,9,0,-1,4,5,1,-1,0,1,0,0,0,0,2,1,-1,1,1,39,7,-1,-1,-1,-1,4,E01015606,0,4
2024052401579,2024,052401579,1,1,0,18,19,3,7,0,0,0,0,0,0,0,1,1,6,6,1,14,3,-1,-1,-1,-1,2,E01006656,0,1
2024311446493,2024,311446493,3,1,0,-1,19,4,6,-1,0,0,0,0,0,0,3,1,-1,7,1,11,3,-1,-1,-1,-1,-1,-1,0,-1
2024010494137,2024,010494137,1,9,0,99,99,9,9,99,99,9,9,99,9,99,1,9,6,6,1,23,5,-1,-1,-1,-1,2,E01003619,0,1
2024010548907,2024,010548907,2,1,0,18,19,1,5,2,2,1,5,0,0,0,1,1,2,2,1,26,6,-1,-1,-1,-1,6,E01004474,0,1
2024201425150,2024,201425150,1,9,0,-1,19,3,7,-1,0,1,0,0,0,0,1,9,-1,6,3,-1,-1,-1,-1,-1,-1,-1,-1,0,-1
2024991530111,2024,991530111,1,9,0,-1,1,5,2,-1,0,0,0,0,0,0,2,1,-1,6,2,32,6,-1,-1,-1,-1,-1,-1,0,-1
2024401422812,2024,401422812,2,9,-1,-1,-1,-1,-1,-1,-1,0,-1,-1,-1,0,-1,9,-1,2,2,45,7,-1,-1,-1,-1,10,E01017534,0,1
2024421421689,2024,421421689,1,9,0,-1,19,3,7,-1,0,0,0,0,0,0,1,1,-1,9,1,26,6,-1,-1,-1,-1,9,E01021526,0,1
2024461402710,2024,461402710,2,9,0,-1,9,5,1,-1,0,0,0,0,0,0,3,1,-1,6,1,38,7,-1,-1,-1,-1,6,E01024040,0,1
2024010488371,2024,010488371,1,9,0,9,9,7,5,0,0,6,0,0,0,0,1,1,6,6,2,58,9,-1,-1,-1,-1,6,E01035705,0,1
2024471533621,2024,471533621,2,5,0,-1,5,7,3,-1,0,8,1,0,0,0,3,1,-1,6,1,32,6,-1,-1,-1,-1,5,E01016988,0,1
2024421492038,2024,421492038,3,9,0,-1,4,4,8,-1,0,0,0,0,0,0,2,1,-1,9,1,38,7,-1,-1,-1,-1,10,E01035510,0,5
2024041481031,2024,041481031,1,9,0,-1,19,3,7,-1,1,0,0,0,0,0,4,1,-1,1,2,57,9,-1,-1,-1,-1,1,E01024882,0,1
2024010521393,2024,010521393,1,1,9,99,99,9,9,99,99,9,9,99,9,99,9,1,2,2,1,29,6,-1,-1,-1,-1,5,E01003134,0,1
2024430026156,2024,430026156,1,9,0,3,3,8,4,0,0,8,0,0,0,0,2,1,6,6,2,56,9,-1,-1,-1,-1,5,E01033973,0,1
202417L310324,2024,17L310324,1,1,0,-1,19,3,7,-1,0,8,0,0,0,0,0,1,-1,9,2,64,9,-1,-1,-1,-1,8,E01012138,0,1
2024131510054,2024,131510054,1,9,0,-1,-1,-1,-1,-1,-1,-1,-1,-1,-1,-1,-1,1,-1,6,3,-1,-1,-1,-1,-1,-1,-1,-1,0,-1
2024351405565,2024,351405565,1,98,1,-1,7,7,3,-1,0,0,0,0,0,0,1,9,-1,1,1,39,7,-1,-1,-1,-1,-1,-1,0,-1
2024010496159,2024,010496159,1,9,0,18,19,3,7,0,0,6,0,0,0,0,0,1,1,1,1,58,9,-1,-1,-1,-1,5,E01003935,0,3
2024531502676,2024,531502676,2,1,0,-1,19,5,1,-1,0,1,1,0,0,0,1,1,-1,9,1,31,6,-1,-1,-1,-1,4,E01022242,0,2
2024131494579,2024,131494579,1,9,0,-1,5,1,7,-1,0,0,0,0,0,0,1,1,-1,9,1,18,4,-1,-1,-1,-1,9,E01011302,0,1
2024161435382,2024,161435382,2,90,0,-1,19,6,2,-1,0,0,0,0,0,0,1,9,-1,6,1,12,3,-1,-1,-1,-1,-1,-1,0,-1