collision_index,collision_year,collision_ref_no,vehicle_reference,vehicle_type,towing_and_articulation,vehicle_manoeuvre_historic,vehicle_manoeuvre,vehicle_direction_from,vehicle_direction_to,vehicle_location_restricted_lane_historic,vehicle_location_restricted_lane,junction_location,skidding_and_overturning,hit_object_in_carriageway,vehicle_leaving_carriageway,hit_object_off_carriageway,first_point_of_impact,vehicle_left_hand_drive,journey_purpose_of_driver_historic,journey_purpose_of_driver,sex_of_driver,age_of_driver,age_band_of_driver,engine_capacity_cc,propulsion_code,age_of_vehicle,generic_make_model,driver_imd_decile,lsoa_of_driver,escooter_flag,driver_distance_banding
2024070248941,2024,070248941,2,1,0,18,19,1,5,0,0,8,2,0,0,0,4,1,6,6,1,16,4,-1,-1,-1,-1,9,E01018376,0,1
2024161396807,2024,161396807,2,1,0,-1,19,3,7,-1,0,0,0,0,0,0,2,1,-1,9,1,53,8,-1,-1,-1,-1,1,E01012805,0,1
2024991408096,2024,991408096,1,90,0,-1,19,6,3,-1,0,0,0,0,0,0,4,1,-1,1,1,59,9,-1,-1,-1,-1,6,-1,0,2
2024421473842,2024,421473842,1,1,0,-1,19,5,1,-1,0,0,0,0,0,0,3,1,-1,6,1,-1,-1,-1,-1,-1,-1,-1,-1,0,-1
2024131466544,2024,131466544,1,1,0,-1,19,5,5,-1,0,0,0,4,0,0,3,1,-1,6,1,26,6,-1,-1,-1,-1,1,E01034582,0,1
2024010515946,2024,010515946,1,1,9,99,99,9,9,99,99,1,9,99,9,99,9,1,6,6,1,18,4,-1,-1,-1,-1,5,E01003757,0,1
2024451416340,2024,451416340,1,9,0,-1,19,1,5,-1,0,0,5,0,0,0,4,1,-1,9,1,77,11,-1,-1,-1,-1,8,E01030836,0,1
2024221407739,2024,221407739,2,9,0,-1,19,4,8,-1,0,0,0,0,7,10,1,1,-1,6,1,52,8,-1,-1,-1,-1,4,E01029000,0,1
2024061476285,2024,061476285,2,1,0,-1,5,3,4,-1,0,1,0,0,0,0,4,1,-1,2,1,50,8,-1,-1,-1,-1,9,E01018593,0,1
2024201436585,2024,201436585,1,9,0,-1,5,6,2,-1,0,6,0,0,0,0,1,1,-1,6,2,-1,-1,-1,-1,-1,-1,-1,-1,0,-1
2024311523554,2024,311523554,1,9,0,-1,4,2,8,-1,0,0,0,0,0,0,1,9,-1,6,1,35,6,-1,-1,-1,-1,-1,-1,0,-1
2024351465639,2024,351465639,1,9,0,-1,19,5,-1,-1,0,0,0,-1,0,0,4,1,-1,6,2,39,7,-1,-1,-1,-1,-1,-1,0,-1
2024010491745,2024,010491745,1,3,0,99,99,9,9,99,99,9,9,99,9,99,2,1,1,1,1,24,5,-1,-1,-1,-1,4,E01003788,0,2
2024111519826,2024,111519826,1,19,0,-1,19,8,3,-1,0,0,0,0,0,0,1,9,-1,1,3,30,6,-1,-1,-1,-1,-1,-1,0,-1
2024471506275,2024,471506275,2,1,0,-1,19,7,3,-1,0,1,0,0,0,0,1,1,-1,6,1,37,7,-1,-1,-1,-1,1,E01016863,0,1
2024010488871,2024,010488871,2,9,0,18,19,3,7,0,0,1,0,0,0,0,1,1,6,6,1,33,6,-1,-1,-1,-1,3,E01003607,0,1
2024010529276,2024,010529276,2,1,0,18,19,1,5,5,5,1,0,0,0,0,2,1,6,6,1,11,3,-1,-1,-1,-1,6,E01002999,0,1
2024430133251,2024,430133251,3,9,0,18,19,5,1,0,0,0,0,0,0,0,3,1,6,6,1,52,8,-1,-1,-1,-1,9,E01016544,0,2
2024471494807,2024,471494807,2,1,0,-1,19,5,1,-1,0,0,0,0,0,0,1,1,-1,6,1,76,11,-1,-1,-1,-1,9,E01031458,0,2
2024461480319,2024,461480319,2,1,0,-1,19,5,1,-1,0,0,5,0,0,0,1,1,-1,6,1,14,3,-1,-1,-1,-1,2,E01016064,0,1
2024010529076,2024,010529076,1,11,9,18,19,8,4,0,0,9,9,0,0,0,0,1,6,6,3,-1,-1,-1,-1,-1,-1,-1,-1,0,-1
2024461462657,2024,461462657,1,9,0,-1,19,3,7,-1,0,0,0,0,0,0,1,9,-1,6,2,-1,-1,-1,-1,-1,-1,-1,-1,0,-1
2024031440297,2024,031440297,1,9,0,-1,4,5,1,-1,0,1,0,0,0,0,1,1,-1,1,1,24,5,-1,-1,-1,-1,4,E01034075,0,1
2024430374905,2024,430374905,1,-1,0,18,19,1,5,0,0,0,0,0,0,0,0,1,6,6,1,10,2,-1,-1,-1,-1,7,E01016264,1,4
2024010526485,2024,010526485,1,1,0,9,9,5,2,0,0,5,0,0,0,0,2,1,6,6,1,23,5,-1,-1,-1,-1,2,E01004223,0,1
2024070903214,2024,070903214,2,1,0,-1,19,1,5,-1,0,0,0,0,0,0,4,1,-1,9,1,58,9,-1,-1,-1,-1,1,E01012508,0,1
2024421459011,2024,421459011,2,9,0,-1,19,3,7,-1,0,0,0,0,0,0,4,1,-1,9,2,34,6,-1,-1,-1,-1,9,E01022099,0,3
2024052401122,2024,052401122,2,1,0,18,19,3,7,0,0,0,0,0,0,0,2,1,6,6,1,14,3,-1,-1,-1,-1,5,E01033796,0,1
2024991461385,2024,991461385,2,22,0,-1,19,4,8,-1,0,0,0,0,0,0,3,1,-1,9,2,58,9,-1,-1,-1,-1,7,-1,0,1
2024010496379,2024,010496379,2,9,0,99,99,9,9,99,99,0,9,99,9,99,9,9,6,6,3,62,9,-1,-1,-1,-1,6,E01002246,0,1
2024010512210,2024,010512210,1,1,0,16,19,3,7,4,4,1,0,10,0,0,4,1,2,2,1,46,8,-1,-1,-1,-1,9,E01022069,0,4
2024141412180,2024,141412180,1,9,0,-1,19,3,7,-1,0,1,0,0,0,0,1,1,-1,1,2,27,6,-1,-1,-1,-1,1,E01034842,0,1
2024440262000,2024,440262000,2,5,0,18,19,2,6,0,0,3,0,0,0,0,4,1,6,6,1,54,8,-1,-1,-1,-1,8,E01023069,0,4
2024070450706,2024,070450706,2,16,0,17,19,8,3,0,0,0,0,0,0,0,3,1,6,6,2,24,5,-1,-1,-1,-1,4,E01029766,0,1
2024440133521,2024,440133521,1,9,0,9,9,4,2,0,0,5,0,0,0,0,4,1,6,6,2,66,10,-1,-1,-1,-1,10,E01022863,0,1
2024052402178,2024,052402178,1,1,0,18,19,6,2,0,0,6,0,0,0,0,1,1,6,6,1,16,4,-1,-1,-1,-1,1,E01006760,0,1
2024991413354,2024,991413354,1,9,0,-1,4,2,5,-1,0,1,0,0,0,0,1,1,-1,6,1,81,11,-1,-1,-1,-1,9,-1,0,2
2024461455566,2024,461455566,1,21,4,-1,12,1,5,-1,0,0,0,0,0,0,3,9,-1,6,1,60,9,-1,-1,-1,-1,-1,-1,0,-1
2024010518121,2024,010518121,2,9,0,99,99,9,9,99,99,9,9,99,9,99,0,9,6,6,3,-1,-1,-1,-1,-1,-1,-1,-1,0,-1
2024010492544,2024,010492544,1,9,0,99,99,9,9,99,99,9,9,99,9,99,1,9,6,6,1,35,6,-1,-1,-1,-1,7,E01034577,0,1
2024411463432,2024,411463432,3,9,0,-1,4,8,4,-1,0,0,0,0,0,0,1,1,-1,6,1,45,7,-1,-1,-1,-1,6,E01023499,0,4
2024430149018,2024,430149018,1,9,0,1,1,2,6,0,0,0,0,0,0,0,2,1,6,6,2,-1,-1,-1,-1,-1,-1,-1,-1,0,-1
2024451518622,2024,451518622,2,9,0,-1,9,8,3,-1,0,8,5,0,0,0,4,1,-1,9,1,22,5,-1,-1,-1,-1,10,E01030806,0,1
2024471420563,2024,471420563,1,9,0,-1,4,3,7,-1,9,0,0,0,1,0,4,1,-1,7,2,64,9,-1,-1,-1,-1,7,E01021105,0,2
2024421446979,2024,421446979,2,9,0,-1,4,4,8,-1,0,0,0,0,0,0,2,9,-1,9,2,40,7,-1,-1,-1,-1,7,E01022067,0,4
2024010488297,2024,010488297,1,9,0,99,99,9,9,99,99,0,9,99,9,99,2,9,6,6,1,50,8,-1,-1,-1,-1,5,E01033739,0,1
2024631444982,2024,631444982,1,9,0,-1,9,1,7,-1,0,5,0,0,0,0,4,1,-1,9,1,75,10,-1,-1,-1,-1,9,E01027792,0,5
2024010513660,2024,010513660,1,1,0,9,9,1,6,0,0,1,0,0,0,0,1,1,6,6,1,49,8,-1,-1,-1,-1,4,E01033872,0,2
2024061469491,2024,061469491,2,9,0,-1,1,2,8,-1,99,6,0,0,0,0,9,1,-1,6,1,-1,-1,-1,-1,-1,-1,-1,-1,0,-1
2024010508461,2024,010508461,1,1,9,99,99,9,9,4,4,9,0,8,9,99,9,1,2,2,2,42,7,-1,-1,-1,-1,8,E01001374,0,1
2024010508713,2024,010508713,2,9,0,18,19,1,5,0,0,0,0,0,0,0,0,1,6,6,2,37,7,-1,-1,-1,-1,8,E01032704,0,5
2024201438013,2024,201438013,2,9,0,-1,19,6,2,-1,0,0,0,0,0,0,2,1,-1,6,2,24,5,-1,-1,-1,-1,1,E01008896,0,2
2024440544668,2024,440544668,1,1,0,18,19,7,3,0,0,0,0,0,0,0,0,1,6,6,1,14,3,-1,-1,-1,-1,2,E01017051,0,1
2024101456019,2024,101456019,2,1,0,-1,19,2,6,-1,0,8,0,0,0,0,0,1,-1,6,2,33,6,-1,-1,-1,-1,8,E01027535,0,1
2024010504315,2024,010504315,1,1,9,99,99,9,9,99,99,9,9,99,9,99,9,1,2,2,1,31,6,-1,-1,-1,-1,2,E01000907,0,1
2024430225917,2024,430225917,1,5,0,18,19,2,6,0,0,8,1,0,0,0,1,1,6,6,1,25,5,-1,-1,-1,-1,3,E01017711,0,1
2024522401701,2024,522401701,1,1,0,18,19,1,5,0,0,1,0,0,0,0,3,1,6,6,1,18,4,-1,-1,-1,-1,8,E01015003,0,1
2024421445008,2024,421445008,2,1,0,-1,19,7,3,-1,0,1,0,0,0,0,1,1,-1,6,1,22,5,-1,-1,-1,-1,7,E01015968,0,1
2024520403183,2024,520403183,1,19,0,18,19,8,4,0,0,0,0,0,0,0,1,1,6,6,2,38,7,-1,-1,-1,-1,8,E01029176,0,1
2024131534960,2024,131534960,1,9,0,-1,19,4,8,-1,0,0,2,7,0,0,1,1,-1,6,1,27,6,-1,-1,-1,-1,2,E01011079,0,1
2024201441457,2024,201441457,1,9,0,-1,9,8,6,-1,0,5,0,0,0,0,1,9,-1,6,3,-1,-1,-1,-1,-1,-1,-1,-1,0,-1
2024122400945,2024,122400945,2,1,0,7,7,1,4,0,0,1,0,0,0,0,4,1,6,6,1,78,11,-1,-1,-1,-1,8,E01013407,0,1
202417M215724,2024,17M215724,1,90,0,-1,19,8,4,-1,9,0,0,0,0,0,1,1,-1,6,1,-1,-1,-1,-1,-1,-1,-1,-1,0,-1
2024010506438,2024,010506438,2,98,4,7,7,7,1,0,0,2,0,0,1,0,2,1,6,6,3,-1,-1,-1,-1,-1,-1,-1,-1,0,-1
2024501411384,2024,501411384,3,9,0,-1,13,8,5,-1,0,0,0,0,0,0,0,9,-1,6,3,-1,-1,-1,-1,-1,-1,-1,-1,0,-1
2024010496411,2024,010496411,1,9,0,3,3,8,4,0,0,1,0,0,0,0,2,1,6,6,2,26,6,-1,-1,-1,-1,6,E01000629,0,1
2024010507453,2024,010507453,2,16,9,99,99,9,9,99,99,9,9,99,9,99,9,1,6,6,1,-1,-1,-1,-1,-1,-1,6,E01035718,0,1
2024421440403,2024,421440403,1,1,0,-1,19,5,1,-1,5,1,0,0,0,0,1,1,-1,6,1,-1,-1,-1,-1,-1,-1,-1,-1,0,-1
2024122500172,2024,122500172,1,9,0,5,5,3,1,0,0,4,0,0,0,0,1,1,6,6,2,50,8,-1,-1,-1,-1,10,E01027614,0,1
2024451457946,2024,451457946,1,90,0,-1,19,1,5,-1,0,0,0,0,0,0,1,1,-1,1,1,65,9,-1,-1,-1,-1,6,E01031656,0,3
2024010537446,2024,010537446,1,1,9,99,99,9,9,99,99,9,9,99,9,99,2,1,6,6,1,53,8,-1,-1,-1,-1,6,E01003948,0,1
2024520402733,2024,520402733,2,1,0,18,19,3,7,0,0,0,0,0,0,0,4,1,6,6,1,60,9,-1,-1,-1,-1,1,E01029046,0,1
2024302400132,2024,302400132,1,9,0,9,9,2,8,0,0,2,0,0,0,0,1,1,2,2,1,30,6,-1,-1,-1,-1,8,E01019517,0,1
2024061505111,2024,061505111,1,1,0,-1,19,-1,-1,-1,9,0,0,0,0,0,1,1,-1,6,3,-1,-1,-1,-1,-1,-1,-1,-1,0,-1
2024371518625,2024,371518625,2,9,0,-1,19,1,5,-1,0,0,0,0,0,0,2,1,-1,1,1,54,8,-1,-1,-1,-1,6,E01029877,0,3
2024501407383,2024,501407383,1,9,0,-1,9,7,3,-1,0,0,1,0,1,0,3,1,-1,2,2,32,6,-1,-1,-1,-1,7,E01022274,0,5
2024421462501,2024,421462501,1,1,0,-1,19,-1,-1,-1,0,0,0,0,0,0,4,1,-1,9,1,15,3,-1,-1,-1,-1,10,E01015889,0,1
2024471404321,2024,471404321,1,9,0,-1,-1,-1,-1,-1,-1,-1,-1,-1,-1,0,-1,9,-1,6,3,-1,-1,-1,-1,-1,-1,-1,-1,0,-1
2024010493541,2024,010493541,1,9,0,5,5,5,1,0,0,0,0,0,0,0,3,1,1,1,1,35,6,-1,-1,-1,-1,10,E01024718,0,4
2024371442140,2024,371442140,2,9,0,-1,19,5,1,-1,0,0,0,0,7,0,1,1,-1,9,2,41,7,-1,-1,-1,-1,5,E01021773,0,4
2024010551947,2024,010551947,1,9,0,9,9,2,7,0,0,5,0,0,0,0,1,1,6,6,3,-1,-1,-1,-1,-1,-1,-1,-1,0,-1
2024010544693,2024,010544693,1,1,9,99,99,9,9,99,99,9,9,99,9,99,1,1,6,6,1,18,4,-1,-1,-1,-1,3,E01001712,0,1
2024461529514,2024,461529514,1,9,0,-1,5,1,5,-1,0,1,0,0,0,0,3,9,-1,6,1,76,11,-1,-1,-1,-1,5,E01024516,0,1
2024991407379,2024,991407379,1,9,0,-1,4,1,3,-1,0,1,0,0,0,0,1,1,-1,9,1,79,11,-1,-1,-1,-1,9,-1,0,1
2024161516820,2024,161516820,2,1,0,-1,19,1,5,-1,9,0,0,0,0,0,4,1,-1,6,2,69,10,-1,-1,-1,-1,1,E01012917,0,1
2024010501252,2024,010501252,3,-1,0,18,19,3,7,0,0,8,0,0,0,0,1,1,6,6,1,54,8,-1,-1,-1,-1,2,E01002561,1,1
2024052400778,2024,052400778,2,9,0,18,19,2,6,0,0,0,0,0,0,0,1,1,6,6,1,48,8,-1,-1,-1,-1,2,E01006811,0,1
2024010518951,2024,010518951,2,22,0,9,9,1,7,0,0,1,0,0,0,0,1,1,6,6,1,56,9,-1,-1,-1,-1,2,E01001773,0,1
2024010496262,2024,010496262,1,3,0,99,99,9,9,99,99,9,9,99,9,99,2,1,6,6,1,22,5,-1,-1,-1,-1,2,E01001827,0,1
2024010546096,2024,010546096,1,1,0,18,19,1,5,0,0,1,0,0,0,0,1,1,2,2,1,39,7,-1,-1,-1,-1,3,E01034039,0,1
2024010550808,2024,010550808,1,11,0,99,99,9,9,99,99,9,9,99,9,99,9,9,6,6,3,-1,-1,-1,-1,-1,-1,-1,-1,0,-1
2024430072432,2024,430072432,1,9,0,18,19,7,3,0,0,1,0,1,3,0,3,1,6,6,2,-1,-1,-1,-1,-1,-1,-1,-1,0,-1
2024052402646,2024,052402646,1,9,0,18,19,6,2,0,0,4,0,0,0,0,1,1,6,6,3,-1,-1,-1,-1,-1,-1,-1,-1,0,-1
2024010494383,2024,010494383,2,1,9,99,99,9,9,99,99,9,9,99,9,99,9,1,6,6,1,-1,-1,-1,-1,-1,-1,-1,-1,0,-1
2024520402358,2024,520402358,1,9,0,18,19,8,4,0,0,0,0,0,0,0,1,1,6,6,1,39,7,-1,-1,-1,-1,9,E01014470,0,1
2024411556405,2024,411556405,3,9,0,-1,19,6,2,-1,0,0,0,0,0,0,0,1,-1,6,-1,-1,-1,-1,-1,-1,-1,-1,-1,0,-1
2024501468458,2024,501468458,1,22,0,-1,19,3,7,-1,9,1,0,0,1,11,0,1,-1,9,2,47,8,-1,-1,-1,-1,1,E01018767,0,1
2024471508445,2024,471508445,2,1,0,-1,19,1,5,-1,0,0,0,0,0,0,3,1,-1,6,1,37,7,-1,-1,-1,-1,6,E01031586,0,1
2024010543749,2024,010543749,1,1,9,99,99,9,9,99,99,9,9,99,9,99,2,1,2,2,2,31,6,-1,-1,-1,-1,3,E01004231,0,1
2024061440991,2024,061440991,1,9,0,-1,19,7,3,-1,0,0,0,0,0,0,1,1,-1,6,-1,-1,-1,-1,-1,-1,-1,-1,-1,0,-1
2024010510700,2024,010510700,1,1,9,99,99,9,9,99,99,9,9,99,9,99,2,1,2,2,1,29,6,-1,-1,-1,-1,3,E01004344,0,1
2024201474955,2024,201474955,2,9,0,-1,19,7,3,-1,0,0,1,0,1,0,4,1,-1,6,1,21,5,-1,-1,-1,-1,2,E01008999,0,1
2024061406645,2024,061406645,1,8,0,-1,9,7,3,-1,0,6,0,0,0,0,3,9,-1,1,1,30,6,-1,-1,-1,-1,-1,-1,0,-1
202417M113824,2024,17M113824,2,9,0,-1,19,4,8,-1,0,0,0,0,0,0,4,1,-1,6,2,-1,-1,-1,-1,-1,-1,-1,-1,0,-1
2024520500331,2024,520500331,1,9,0,4,4,2,6,0,0,8,1,0,0,0,2,1,6,6,2,56,9,-1,-1,-1,-1,5,E01029257,0,1
2024430454046,2024,430454046,2,9,0,4,4,6,2,0,0,2,0,0,0,0,2,1,6,6,1,53,8,-1,-1,-1,-1,5,E01017902,0,3
2024161491638,2024,161491638,1,9,0,-1,4,3,7,-1,0,3,0,0,0,0,2,2,-1,9,1,30,6,-1,-1,-1,-1,5,E01026107,0,3
2024010503703,2024,010503703,2,1,0,17,19,4,1,0,0,1,0,0,0,0,1,1,6,6,1,43,7,-1,-1,-1,-1,2,E01004001,0,1
2024031479990,2024,031479990,2,9,0,-1,19,6,2,-1,0,1,0,0,1,0,1,1,-1,6,1,20,4,-1,-1,-1,-1,6,E01019196,0,4
2024622400141,2024,622400141,2,21,0,18,19,8,4,0,0,0,0,0,0,0,2,1,1,1,1,49,8,-1,-1,-1,-1,4,E01025035,0,5
2024552400280,2024,552400280,2,9,0,18,19,5,1,0,0,8,0,0,0,0,3,1,2,2,2,39,7,-1,-1,-1,-1,10,E01015459,0,1
2024111532123,2024,111532123,1,9,0,-1,9,6,5,-1,0,8,0,0,0,0,3,1,-1,6,1,30,6,-1,-1,-1,-1,-1,-1,0,-1
2024010517161,2024,010517161,1,1,9,18,19,9,9,99,99,1,9,99,9,99,9,1,6,6,1,31,6,-1,-1,-1,-1,4,E01002063,0,1
2024010542976,2024,010542976,2,1,9,99,99,9,9,99,99,9,9,99,9,99,2,1,2,2,1,29,6,-1,-1,-1,-1,3,E01001489,0,1
2024131505792,2024,131505792,1,9,0,-1,-1,-1,-1,-1,-1,-1,-1,-1,-1,-1,-1,1,-1,6,3,-1,-1,-1,-1,-1,-1,-1,-1,0,-1
2024320166376,2024,320166376,1,19,0,1,1,5,2,0,0,1,0,0,0,0,1,1,1,1,1,57,9,-1,-1,-1,-1,4,E01026416,0,4
2024010498204,2024,010498204,2,9,9,99,99,9,9,99,99,9,9,99,9,99,9,9,6,6,3,-1,-1,-1,-1,-1,-1,-1,-1,0,-1
2024622400245,2024,622400245,1,19,0,18,19,6,2,0,0,1,0,0,0,0,1,1,1,1,3,-1,-1,-1,-1,-1,-1,-1,-1,0,-1
2024010538085,2024,010538085,2,90,0,99,99,9,9,99,99,9,9,99,9,99,9,9,6,6,3,-1,-1,-1,-1,-1,-1,-1,-1,0,-1
2024010490987,2024,010490987,1,8,0,18,19,4,8,0,0,0,0,0,0,0,1,1,1,1,1,48,8,-1,-1,-1,-1,4,E01004429,0,1
2024471496542,2024,471496542,2,1,0,-1,19,6,2,-1,0,1,0,0,0,0,1,1,-1,9,1,57,9,-1,-1,-1,-1,5,E01031385,0,1
2024461463380,2024,461463380,1,11,0,-1,4,7,3,-1,0,0,0,0,0,0,1,9,-1,1,3,-1,-1,-1,-1,-1,-1,-1,-1,0,-1
2024010528652,2024,010528652,1,9,0,18,19,1,5,0,0,1,0,0,0,0,1,1,6,6,3,-1,-1,-1,-1,-1,-1,-1,-1,0,-1
2024481561442,2024,481561442,2,1,0,-1,19,3,7,-1,0,1,0,0,0,0,1,1,-1,2,1,17,4,-1,-1,-1,-1,-1,-1,0,-1
2024010495084,2024,010495084,1,9,0,18,19,3,7,0,0,1,0,0,0,0,1,1,6,6,2,68,10,-1,-1,-1,-1,10,E01030454,0,4
2024010522617,2024,010522617,2,23,0,15,15,1,5,0,0,1,0,0,0,0,3,1,6,6,1,21,5,-1,-1,-1,-1,5,E01001185,0,1
2024421427052,2024,421427052,1,9,0,-1,-1,-1,-1,-1,-1,0,-1,-1,-1,0,-1,9,-1,6,3,-1,-1,-1,-1,-1,-1,-1,-1,0,-1
2024421446069,2024,421446069,1,9,0,-1,1,3,1,-1,0,8,0,0,0,0,2,1,-1,9,1,63,9,-1,-1,-1,-1,-1,-1,0,-1
2024010515228,2024,010515228,2,9,0,18,19,5,1,0,0,0,0,4,0,0,1,1,6,6,2,35,6,-1,-1,-1,-1,7,E01004354,0,1
2024522401362,2024,522401362,2,9,0,18,19,8,4,9,9,6,0,0,0,0,1,1,6,6,3,-1,-1,-1,-1,-1,-1,-1,-1,0,-1
2024010532341,2024,010532341,1,1,0,15,15,2,6,0,0,0,0,8,0,0,1,1,1,1,1,37,7,-1,-1,-1,-1,2,E01000073,0,1
2024501501781,2024,501501781,1,9,0,-1,7,8,8,-1,0,2,0,0,0,0,1,1,-1,9,2,56,9,-1,-1,-1,-1,5,E01020182,0,2
2024010489907,2024,010489907,1,1,9,99,99,9,9,99,99,0,9,99,9,99,0,1,2,2,1,45,7,-1,-1,-1,-1,9,E01000894,0,1
2024161492857,2024,161492857,1,9,0,-1,9,1,7,-1,0,0,0,0,0,0,0,9,-1,6,3,-1,-1,-1,-1,-1,-1,-1,-1,0,-1
2024010523292,2024,010523292,1,9,0,5,5,1,5,0,0,1,0,0,0,0,4,9,6,6,3,-1,-1,-1,-1,-1,-1,-1,-1,0,-1
2024010500811,2024,010500811,2,9,0,99,99,9,9,99,99,5,9,99,9,99,9,9,6,6,3,-1,-1,-1,-1,-1,-1,-1,-1,0,-1
2024010497442,2024,010497442,1,9,0,11,11,5,1,0,0,1,0,0,0,0,4,1,6,6,2,67,10,-1,-1,-1,-1,7,E01002121,0,2
202417L408724,2024,17L408724,1,1,0,-1,19,6,2,-1,0,8,0,0,0,0,4,1,-1,2,1,42,7,-1,-1,-1,-1,5,E01012161,0,1
2024010494637,2024,010494637,2,9,0,18,19,7,3,0,0,8,0,0,0,0,3,1,6,6,1,64,9,-1,-1,-1,-1,2,E01002316,0,2
2024991512348,2024,991512348,2,9,0,-1,5,2,5,-1,0,1,0,0,0,0,4,1,-1,9,1,75,10,-1,-1,-1,-1,8,-1,0,1
2024041470671,2024,041470671,4,9,0,-1,19,3,7,-1,0,0,0,0,0,0,2,1,-1,9,1,75,10,-1,-1,-1,-1,9,E01007386,0,4
2024010488550,2024,010488550,1,3,0,99,99,9,9,99,99,0,9,99,9,99,1,1,1,1,1,29,6,-1,-1,-1,-1,4,E01001002,0,1
2024141495534,2024,141495534,1,98,0,-1,9,4,2,-1,0,6,0,0,0,0,3,1,-1,9,2,31,6,-1,-1,-1,-1,5,E01007588,0,1
2024461483003,2024,461483003,1,5,0,-1,9,3,3,-1,0,4,5,0,0,0,1,1,-1,9,1,57,9,-1,-1,-1,-1,4,E01014570,0,5
2024991489267,2024,991489267,2,1,0,-1,19,5,8,-1,0,0,0,0,0,0,4,1,-1,9,1,6,2,-1,-1,-1,-1,-1,-1,0,-1
2024471473578,2024,471473578,1,-1,0,-1,19,7,3,-1,9,0,0,0,0,0,1,1,-1,6,3,-1,-1,-1,-1,-1,-1,-1,-1,1,-1
2024010531257,2024,010531257,1,9,0,99,99,9,9,99,99,0,9,99,9,99,2,9,6,6,2,60,9,-1,-1,-1,-1,6,E01035003,0,4
2024010523662,2024,010523662,2,9,0,18,19,7,3,0,0,2,0,0,0,0,1,1,1,1,1,21,5,-1,-1,-1,-1,4,E01003249,0,2
2024052400288,2024,052400288,1,9,0,18,19,7,3,0,0,0,0,0,0,0,1,1,6,6,3,-1,-1,-1,-1,-1,-1,-1,-1,0,-1
2024351533935,2024,351533935,1,9,-1,-1,3,-1,-1,-1,0,0,0,0,0,0,-1,9,-1,6,1,-1,-1,-1,-1,-1,-1,-1,-1,0,-1
2024520401788,2024,520401788,1,1,0,9,9,2,8,0,0,6,0,0,0,0,1,1,6,6,1,54,8,-1,-1,-1,-1,8,E01029122,0,1
2024201501847,2024,201501847,3,9,0,-1,19,8,3,-1,0,1,0,10,1,0,1,1,-1,6,2,28,6,-1,-1,-1,-1,2,E01010039,0,1
2024211397701,2024,211397701,2,1,0,-1,19,5,1,-1,0,1,1,0,0,0,1,1,-1,6,1,22,5,-1,-1,-1,-1,8,E01029391,0,1
2024010529294,2024,010529294,1,1,9,99,99,9,9,99,99,9,9,99,9,99,1,1,2,2,1,46,8,-1,-1,-1,-1,3,E01001468,0,1
2024052402545,2024,052402545,2,-1,0,4,4,5,1,0,0,1,0,0,0,0,4,1,1,1,1,21,5,-1,-1,-1,-1,1,E01007006,1,1
2024131503520,2024,131503520,1,98,0,-1,19,7,3,-1,0,8,0,0,0,0,1,1,-1,6,3,-1,-1,-1,-1,-1,-1,-1,-1,0,-1
2024010521260,2024,010521260,2,1,9,18,19,9,9,99,99,9,9,99,9,99,9,1,6,6,3,-1,-1,-1,-1,-1,-1,6,E01002586,0,1
2024070342475,2024,070342475,4,19,0,2,2,0,0,9,9,2,0,0,0,0,3,1,6,6,3,-1,-1,-1,-1,-1,-1,-1,-1,0,-1
2024361502222,2024,361502222,2,1,0,-1,19,1,5,-1,0,0,5,0,0,0,4,1,-1,6,2,26,6,-1,-1,-1,-1,4,E01026706,0,1
2024622400371,2024,622400371,2,1,0,18,19,6,2,0,0,8,0,0,0,0,4,1,6,6,1,64,9,-1,-1,-1,-1,10,W01001197,0,3
2024631510019,2024,631510019,1,9,0,-1,19,4,7,-1,0,1,0,0,0,0,1,1,-1,9,2,71,10,-1,-1,-1,-1,5,W01000576,0,1
2024010496172,2024,010496172,1,1,9,99,99,9,9,99,99,9,9,99,9,99,2,1,2,2,2,24,5,-1,-1,-1,-1,5,E01004484,0,2
202460Q168997,2024,60Q168997,1,98,0,9,9,5,1,0,0,6,0,0,0,0,1,1,6,6,1,33,6,-1,-1,-1,-1,-1,-1,0,-1
2024320731071,2024,320731071,1,1,0,-1,-1,8,4,9,9,1,5,0,0,0,4,1,6,6,2,53,8,-1,-1,-1,-1,-1,-1,0,-1
2024221412870,2024,221412870,2,1,0,-1,19,1,5,-1,0,8,0,0,0,0,2,1,-1,2,1,35,6,-1,-1,-1,-1,1,E01032434,0,1
2024010494618,2024,010494618,2,9,0,18,19,5,1,0,0,8,0,0,0,0,1,9,6,6,1,-1,-1,-1,-1,-1,-1,3,E01034143,0,1
2024010489397,2024,010489397,1,9,0,99,99,9,9,99,99,9,9,99,9,99,2,9,1,1,2,27,6,-1,-1,-1,-1,2,E01035296,0,4
2024010488357,2024,010488357,2,9,0,5,5,1,5,0,0,0,0,10,0,0,3,1,6,6,2,71,10,-1,-1,-1,-1,4,E01021224,0,4
2024411526205,2024,411526205,2,1,0,-1,19,3,7,-1,0,0,0,0,0,0,1,1,-1,7,1,18,4,-1,-1,-1,-1,3,E01023613,0,1
2024201499832,2024,201499832,2,1,0,-1,12,2,6,-1,0,0,0,0,0,0,1,1,-1,6,1,54,8,-1,-1,-1,-1,-1,-1,0,-1
2024361507577,2024,361507577,1,9,0,-1,19,5,1,-1,0,0,0,0,0,0,3,1,-1,6,3,-1,-1,-1,-1,-1,-1,-1,-1,0,-1
2024010487252,2024,010487252,2,9,0,99,99,9,9,99,99,0,9,99,9,99,1,9,6,6,3,-1,-1,-1,-1,-1,-1,-1,-1,0,-1
2024451463982,2024,451463982,1,1,0,-1,19,3,7,-1,0,0,1,10,0,0,3,1,-1,9,1,44,7,-1,-1,-1,-1,5,E01024427,0,1
2024010506500,2024,010506500,1,1,9,99,99,9,9,99,99,9,9,99,9,99,9,1,6,6,1,45,7,-1,-1,-1,-1,6,E01001563,0,1