collision_index,collision_year,collision_ref_no,vehicle_reference,vehicle_type,towing_and_articulation,vehicle_manoeuvre_historic,vehicle_manoeuvre,vehicle_direction_from,vehicle_direction_to,vehicle_location_restricted_lane_historic,vehicle_location_restricted_lane,junction_location,skidding_and_overturning,hit_object_in_carriageway,vehicle_leaving_carriageway,hit_object_off_carriageway,first_point_of_impact,vehicle_left_hand_drive,journey_purpose_of_driver_historic,journey_purpose_of_driver,sex_of_driver,age_of_driver,age_band_of_driver,engine_capacity_cc,propulsion_code,age_of_vehicle,generic_make_model,driver_imd_decile,lsoa_of_driver,escooter_flag,driver_distance_banding
2024010493106,2024,010493106,1,9,0,7,7,5,8,0,0,1,0,0,0,0,4,1,2,2,2,46,8,-1,-1,-1,-1,7,E01003369,0,1
2024552400573,2024,552400573,2,17,4,2,2,0,0,0,0,0,0,0,0,0,2,1,1,1,1,24,5,-1,-1,-1,-1,9,E01020409,0,3
2024131518865,2024,131518865,1,5,0,-1,19,2,6,-1,0,1,0,0,0,0,1,1,-1,2,1,37,7,-1,-1,-1,-1,5,E01011392,0,1
2024231518197,2024,231518197,1,19,0,-1,5,8,4,-1,0,0,0,0,0,0,0,1,-1,1,1,55,8,-1,-1,-1,-1,6,E01031084,0,4
2024061493897,2024,061493897,1,98,0,-1,19,3,7,-1,0,0,0,0,0,0,2,1,-1,1,1,38,7,-1,-1,-1,-1,1,E01006052,0,3
2024520401173,2024,520401173,1,9,0,18,19,8,4,0,0,8,0,0,0,0,3,1,6,6,1,76,11,-1,-1,-1,-1,1,E01020582,0,4
2024401427462,2024,401427462,1,90,0,-1,-1,-1,-1,-1,-1,-1,-1,-1,-1,0,-1,9,-1,6,3,-1,-1,-1,-1,-1,-1,-1,-1,0,-1
2024622400262,2024,622400262,2,-1,0,18,19,2,6,0,0,8,0,0,0,0,1,1,6,6,2,30,6,-1,-1,-1,-1,3,W01002021,1,1
2024010512030,2024,010512030,2,1,0,18,19,7,3,0,0,1,5,0,0,0,1,1,6,6,1,18,4,-1,-1,-1,-1,7,E01000243,0,2
2024332401050,2024,332401050,1,1,0,-1,19,7,3,-1,0,1,0,0,0,0,1,1,-1,6,1,-1,-1,-1,-1,-1,-1,-1,-1,0,-1
2024351492410,2024,351492410,1,9,0,-1,12,3,7,-1,0,1,0,0,0,0,3,1,-1,6,2,30,6,-1,-1,-1,-1,-1,-1,0,-1
2024010493173,2024,010493173,1,9,0,18,19,1,5,0,0,1,0,0,0,0,1,1,6,6,1,56,9,-1,-1,-1,-1,2,E01001576,0,2
2024101397219,2024,101397219,1,9,0,-1,19,7,3,-1,0,1,0,0,0,0,3,1,-1,6,2,66,10,-1,-1,-1,-1,7,E01008534,0,1
2024302400059,2024,302400059,1,19,0,18,19,8,4,0,0,0,0,0,0,0,4,1,6,6,3,-1,-1,-1,-1,-1,-1,5,E01019456,0,2
2024010495088,2024,010495088,1,3,0,14,14,1,5,0,0,2,0,0,0,0,1,1,6,6,1,18,4,-1,-1,-1,-1,2,E01004665,0,1
2024041439135,2024,041439135,1,9,0,-1,19,5,1,-1,0,0,0,0,0,0,1,1,-1,6,3,-1,-1,-1,-1,-1,-1,-1,-1,0,-1
2024010531100,2024,010531100,1,9,0,10,10,4,1,0,0,5,0,0,0,0,4,1,6,6,1,29,6,-1,-1,-1,-1,9,E01000425,0,1
2024111465061,2024,111465061,2,5,0,-1,19,5,1,-1,0,0,0,0,0,0,1,1,-1,6,1,18,4,-1,-1,-1,-1,1,E01012352,0,1
2024010489706,2024,010489706,1,9,9,18,19,1,5,99,99,9,9,99,9,99,9,1,6,6,1,65,9,-1,-1,-1,-1,2,E01001746,0,1
2024991475352,2024,991475352,1,-1,0,-1,4,4,8,-1,0,0,0,0,0,0,1,1,-1,9,1,67,10,-1,-1,-1,-1,-1,-1,1,-1
2024061507163,2024,061507163,1,1,0,-1,19,-1,-1,-1,9,8,0,0,0,0,1,1,-1,2,1,19,4,-1,-1,-1,-1,5,E01006366,0,1
2024320700955,2024,320700955,2,9,0,-1,-1,3,7,0,0,2,0,4,0,0,1,1,-1,-1,1,24,5,-1,-1,-1,-1,2,E01026142,0,1
2024161516976,2024,161516976,2,1,0,-1,9,4,1,-1,0,8,0,0,0,0,1,1,-1,6,1,55,8,-1,-1,-1,-1,1,E01013201,0,1
2024201411007,2024,201411007,2,9,0,-1,19,8,4,-1,0,0,0,0,0,0,2,1,-1,9,2,40,7,-1,-1,-1,-1,8,E01027096,0,4
2024010493389,2024,010493389,2,9,0,99,99,9,9,99,99,0,9,99,9,99,9,1,6,6,2,-1,-1,-1,-1,-1,-1,-1,-1,0,-1
2024501519346,2024,501519346,1,1,0,-1,19,-1,-1,-1,0,8,0,0,0,0,4,1,-1,2,1,56,9,-1,-1,-1,-1,6,E01018794,0,1
2024302400077,2024,302400077,1,9,0,5,5,2,8,0,0,8,0,0,0,0,1,1,6,6,1,75,10,-1,-1,-1,-1,4,E01019776,0,2
2024010538711,2024,010538711,2,1,0,13,13,5,1,0,0,1,0,0,0,0,1,1,6,6,1,51,8,-1,-1,-1,-1,5,E01001138,0,1
2024041431558,2024,041431558,8,9,0,-1,2,7,3,-1,0,2,0,0,0,0,1,9,-1,6,-1,-1,-1,-1,-1,-1,-1,-1,-1,0,-1
2024421518275,2024,421518275,3,9,0,-1,5,6,3,-1,0,0,0,0,0,0,0,1,-1,6,3,-1,-1,-1,-1,-1,-1,-1,-1,0,-1
2024430342145,2024,430342145,1,9,0,9,9,5,3,0,0,8,0,0,0,0,1,1,6,6,2,33,6,-1,-1,-1,-1,-1,-1,0,-1
2024010542301,2024,010542301,1,1,0,18,19,3,7,0,0,0,0,4,0,0,1,1,4,7,1,12,3,-1,-1,-1,-1,3,E01034180,0,1
2024501396875,2024,501396875,1,9,0,-1,19,7,4,-1,0,1,0,0,0,0,1,9,-1,6,2,60,9,-1,-1,-1,-1,4,E01020287,0,2
2024552400317,2024,552400317,1,9,0,17,19,4,1,0,0,6,0,0,0,0,1,1,1,1,3,-1,-1,-1,-1,-1,-1,-1,-1,0,-1
2024061449130,2024,061449130,1,23,0,-1,5,4,1,-1,0,6,5,0,0,0,1,1,-1,6,1,18,4,-1,-1,-1,-1,2,E01006380,0,1
2024101424138,2024,101424138,1,9,0,-1,4,1,5,-1,0,0,0,0,0,0,1,1,-1,6,3,-1,-1,-1,-1,-1,-1,-1,-1,0,-1
2024052401977,2024,052401977,2,1,0,18,19,4,8,0,0,1,0,0,0,0,1,1,6,6,1,33,6,-1,-1,-1,-1,2,E01006797,0,1
2024201524761,2024,201524761,2,1,0,-1,99,1,1,-1,0,0,0,99,0,0,2,1,-1,6,1,36,7,-1,-1,-1,-1,3,E01009922,0,1
2024010536857,2024,010536857,2,1,0,18,19,7,3,0,0,6,0,0,0,0,4,1,2,2,1,23,5,-1,-1,-1,-1,4,E01035670,0,1
2024332400671,2024,332400671,2,1,0,-1,19,4,8,-1,0,8,0,0,0,0,1,1,-1,6,1,44,7,-1,-1,-1,-1,9,E01032894,0,4
2024430044905,2024,430044905,1,3,0,6,6,4,4,0,0,0,0,0,0,0,3,1,6,6,1,50,8,-1,-1,-1,-1,-1,-1,0,-1
2024211476830,2024,211476830,1,1,0,-1,-1,-1,-1,-1,-1,-1,-1,-1,-1,0,-1,1,-1,6,1,-1,-1,-1,-1,-1,-1,-1,-1,0,-1
202417S406724,2024,17S406724,1,1,0,-1,19,5,1,-1,0,0,0,0,0,0,4,1,-1,9,1,55,8,-1,-1,-1,-1,9,E01033475,0,1
2024010550461,2024,010550461,1,1,0,18,19,7,3,0,0,1,0,0,0,0,3,1,6,6,1,27,6,-1,-1,-1,-1,7,E01003397,0,1
2024991491097,2024,991491097,4,9,0,-1,19,1,5,-1,0,0,1,0,0,0,2,1,-1,2,2,37,7,-1,-1,-1,-1,3,-1,0,2
2024522401483,2024,522401483,2,9,0,12,12,6,2,0,0,0,0,0,0,0,3,1,6,6,3,-1,-1,-1,-1,-1,-1,-1,-1,0,-1
2024421454592,2024,421454592,2,9,0,-1,2,-1,-1,-1,0,-1,0,0,0,0,3,1,-1,6,2,40,7,-1,-1,-1,-1,4,E01021957,0,2
2024411542443,2024,411542443,1,9,0,-1,9,4,2,-1,0,1,0,0,0,0,1,1,-1,6,-1,59,9,-1,-1,-1,-1,2,E01015677,0,4
2024520001544,2024,520001544,1,97,0,18,19,9,9,9,9,0,0,0,0,0,9,1,6,6,3,-1,-1,-1,-1,-1,-1,-1,-1,0,-1
2024010493170,2024,010493170,2,1,0,18,19,1,5,0,0,0,2,0,0,0,1,1,6,6,1,33,6,-1,-1,-1,-1,6,E01023663,0,4
2024991497065,2024,991497065,1,9,0,-1,13,4,8,-1,0,1,0,0,0,0,4,1,-1,9,2,42,7,-1,-1,-1,-1,1,-1,0,2
2024010509943,2024,010509943,2,9,0,2,2,0,0,0,0,1,0,0,0,0,0,1,6,6,3,-1,-1,-1,-1,-1,-1,-1,-1,0,-1
2024122500442,2024,122500442,1,9,0,18,19,3,7,0,0,0,0,0,0,0,1,9,6,6,3,-1,-1,-1,-1,-1,-1,-1,-1,0,-1
2024010491339,2024,010491339,3,9,0,99,99,9,9,99,99,9,9,99,9,99,0,9,6,6,3,-1,-1,-1,-1,-1,-1,-1,-1,0,-1
2024052400958,2024,052400958,1,1,0,18,19,7,3,0,0,1,0,0,0,0,1,1,6,6,1,26,6,-1,-1,-1,-1,1,E01006967,0,1
2024201515982,2024,201515982,3,1,0,-1,19,1,5,-1,0,0,5,0,0,0,1,1,-1,6,-1,-1,-1,-1,-1,-1,-1,-1,-1,0,-1
2024451478186,2024,451478186,1,9,0,-1,19,1,5,-1,0,0,1,11,0,0,3,1,-1,9,1,23,5,-1,-1,-1,-1,1,E01009215,0,5
2024122500022,2024,122500022,1,21,0,5,5,3,5,0,0,1,0,0,0,0,1,1,1,1,2,31,6,-1,-1,-1,-1,1,E01012946,0,4
2024201407579,2024,201407579,1,9,-1,-1,1,1,5,-1,0,1,0,0,0,0,2,9,-1,6,1,-1,-1,-1,-1,-1,-1,-1,-1,0,-1
2024461495667,2024,461495667,1,9,-1,-1,-1,-1,-1,-1,-1,0,-1,-1,-1,0,-1,9,-1,6,3,-1,-1,-1,-1,-1,-1,-1,-1,0,-1
2024522401867,2024,522401867,2,1,0,18,19,7,3,0,0,8,0,0,0,0,1,1,6,6,1,67,10,-1,-1,-1,-1,5,E01014500,0,1
2024231454684,2024,231454684,2,9,0,-1,19,2,6,-1,0,0,0,0,1,0,3,9,-1,9,1,27,6,-1,-1,-1,-1,7,E01031068,0,2
2024211522852,2024,211522852,2,5,0,-1,19,7,5,-1,0,0,0,0,0,0,1,1,-1,6,1,49,8,-1,-1,-1,-1,10,E01029523,0,4
2024430133778,2024,430133778,2,9,0,18,19,6,2,0,0,0,0,0,0,0,2,1,6,6,1,27,6,-1,-1,-1,-1,2,E01028569,0,1
2024010516928,2024,010516928,1,19,0,99,99,9,9,99,99,0,9,99,9,99,2,9,6,6,3,-1,-1,-1,-1,-1,-1,4,E01034012,0,5
2024041529340,2024,041529340,2,1,0,-1,19,-1,-1,-1,0,4,0,0,0,0,-1,1,-1,6,1,46,8,-1,-1,-1,-1,1,E01012649,0,1
2024010530879,2024,010530879,1,1,9,99,99,9,9,99,99,9,9,99,9,99,9,1,2,2,1,64,9,-1,-1,-1,-1,6,E01003840,0,1
2024430131744,2024,430131744,2,9,0,18,19,7,2,0,0,4,0,0,0,0,1,1,6,6,3,-1,-1,-1,-1,-1,-1,-1,-1,0,-1
2024340NN0192,2024,340NN0192,1,-1,0,-1,9,1,6,-1,0,1,0,0,0,0,1,1,-1,9,1,16,4,-1,-1,-1,-1,10,E01035410,1,1
2024302400970,2024,302400970,2,11,0,2,2,0,0,0,0,0,0,0,0,0,0,1,1,1,3,-1,-1,-1,-1,-1,-1,-1,-1,0,-1
2024052401611,2024,052401611,2,1,0,9,9,1,7,0,0,1,0,0,0,0,4,1,6,6,2,28,6,-1,-1,-1,-1,7,E01007066,0,3
2024471536083,2024,471536083,4,1,0,-1,19,6,2,-1,0,0,0,0,0,0,2,1,-1,6,1,39,7,-1,-1,-1,-1,5,E01021109,0,1
2024010528045,2024,010528045,2,1,0,4,4,7,3,0,0,1,0,0,0,0,1,1,6,6,1,22,5,-1,-1,-1,-1,2,E01001976,0,1
2024451450824,2024,451450824,1,9,0,-1,19,3,7,-1,0,8,0,0,0,0,1,1,-1,6,2,32,6,-1,-1,-1,-1,10,E01024423,0,4
202454B697524,2024,54B697524,2,1,0,18,19,2,6,0,0,0,0,0,0,0,2,1,4,7,1,8,2,-1,-1,-1,-1,6,E01031846,0,1
2024101528045,2024,101528045,2,9,0,-1,19,7,3,-1,0,1,0,0,0,0,1,1,-1,2,1,30,6,-1,-1,-1,-1,2,E01008401,0,1
2024141460731,2024,141460731,1,97,0,-1,19,-1,-1,-1,0,1,0,0,0,0,1,1,-1,6,3,-1,-1,-1,-1,-1,-1,-1,-1,0,-1
2024010489215,2024,010489215,1,1,9,99,99,9,9,99,99,9,9,99,9,99,9,1,2,2,1,37,7,-1,-1,-1,-1,8,E01001455,0,1
2024052401872,2024,052401872,1,9,0,7,7,5,7,0,0,2,0,0,0,0,1,1,6,6,3,-1,-1,-1,-1,-1,-1,-1,-1,0,-1
2024430607958,2024,430607958,2,9,0,18,19,8,4,0,0,8,0,0,0,0,1,1,6,6,1,39,7,-1,-1,-1,-1,6,E01033855,0,4
2024430295068,2024,430295068,1,1,0,9,9,7,5,0,0,8,0,0,0,0,4,1,6,6,1,63,9,-1,-1,-1,-1,6,E01028597,0,1
2024430084292,2024,430084292,2,1,0,18,19,4,8,0,0,8,0,0,0,0,1,1,6,6,1,39,7,-1,-1,-1,-1,-1,-1,0,-1
2024430345185,2024,430345185,1,9,0,18,19,1,5,0,0,0,0,0,0,0,1,1,6,6,1,66,10,-1,-1,-1,-1,10,E01016552,0,1
2024010512009,2024,010512009,2,1,0,18,19,1,5,0,0,1,5,0,0,0,1,1,6,6,2,28,6,-1,-1,-1,-1,8,E01027028,0,4
2024351504381,2024,351504381,2,1,-1,-1,-1,-1,-1,-1,-1,-1,-1,-1,-1,0,3,1,-1,2,2,25,5,-1,-1,-1,-1,7,E01035522,0,1
2024221439844,2024,221439844,1,9,0,-1,19,3,7,-1,0,8,0,0,0,0,1,1,-1,2,1,37,7,-1,-1,-1,-1,6,E01031234,0,4
2024010534162,2024,010534162,1,3,0,11,11,5,1,0,0,4,0,0,0,0,4,1,6,6,1,21,5,-1,-1,-1,-1,2,E01001331,0,1
2024531406533,2024,531406533,2,9,0,-1,19,5,1,-1,0,0,0,0,0,0,1,1,-1,1,1,41,7,-1,-1,-1,-1,10,E01022339,0,3
2024311478609,2024,311478609,2,-1,0,-1,19,5,1,-1,0,8,0,0,0,0,1,1,-1,6,1,17,4,-1,-1,-1,-1,-1,-1,1,-1
2024351458378,2024,351458378,2,9,0,-1,19,5,1,-1,0,0,0,0,1,9,1,1,-1,9,1,46,8,-1,-1,-1,-1,10,E01018306,0,2
2024010520754,2024,010520754,2,11,9,99,99,9,9,99,99,0,9,99,9,99,9,9,6,6,3,-1,-1,-1,-1,-1,-1,-1,-1,0,-1
2024070463500,2024,070463500,3,9,0,18,19,8,3,0,0,8,0,0,1,0,3,1,6,6,2,50,8,-1,-1,-1,-1,9,E01018568,0,2
2024221465138,2024,221465138,3,9,0,-1,19,7,2,-1,0,0,0,0,0,0,0,1,-1,6,3,54,8,-1,-1,-1,-1,3,E01032461,0,1
2024010490117,2024,010490117,1,23,0,18,19,3,7,0,0,0,0,0,0,0,1,1,6,6,3,-1,-1,-1,-1,-1,-1,-1,-1,0,-1
2024430111252,2024,430111252,1,9,0,3,3,3,7,0,0,1,0,0,0,0,2,1,6,6,1,74,10,-1,-1,-1,-1,7,E01033972,0,3
2024421446069,2024,421446069,2,22,0,-1,19,7,3,-1,5,1,0,0,0,0,3,1,-1,1,2,84,11,-1,-1,-1,-1,-1,-1,0,-1
2024010534379,2024,010534379,1,3,0,99,99,9,9,99,99,9,0,99,9,99,9,1,2,2,1,28,6,-1,-1,-1,-1,-1,-1,0,-1
2024010523065,2024,010523065,1,1,0,18,19,5,1,0,0,1,0,0,0,0,9,1,6,6,2,-1,-1,-1,-1,-1,-1,-1,-1,0,-1
2024401529288,2024,401529288,1,9,0,-1,19,1,3,-1,0,8,0,0,0,0,1,9,-1,6,2,-1,-1,-1,-1,-1,-1,-1,-1,0,-1
2024430283055,2024,430283055,1,1,0,18,19,6,2,0,0,0,0,0,0,0,3,1,6,6,1,68,10,-1,-1,-1,-1,-1,-1,0,-1
2024010523796,2024,010523796,1,9,0,99,99,9,9,99,99,9,9,99,9,99,9,9,6,6,3,-1,-1,-1,-1,-1,-1,-1,-1,0,-1
2024010491896,2024,010491896,1,9,0,99,99,9,9,99,99,9,9,99,9,99,2,9,6,6,2,29,6,-1,-1,-1,-1,3,E01001325,0,1
2024161519144,2024,161519144,1,1,0,-1,19,5,1,-1,0,1,0,0,0,0,9,1,-1,7,1,12,3,-1,-1,-1,-1,1,E01012880,0,1
2024141397772,2024,141397772,3,9,0,-1,19,5,1,-1,0,0,0,0,0,0,2,9,-1,6,1,49,8,-1,-1,-1,-1,4,E01007444,0,2
2024010511888,2024,010511888,2,-1,0,18,19,1,5,0,0,1,0,0,0,0,0,1,6,6,2,18,4,-1,-1,-1,-1,3,E01004436,1,1
2024430416443,2024,430416443,2,9,0,18,19,2,2,0,0,1,-1,0,0,0,-1,1,6,6,1,63,9,-1,-1,-1,-1,-1,-1,0,-1
2024430565070,2024,430565070,3,9,0,18,19,1,5,0,0,-1,1,0,3,4,1,1,6,6,2,20,4,-1,-1,-1,-1,-1,-1,0,-1
2024161518020,2024,161518020,2,1,0,-1,19,4,8,-1,0,0,0,0,0,0,3,1,-1,6,2,70,10,-1,-1,-1,-1,2,E01013202,0,1
2024010521352,2024,010521352,2,1,9,99,99,9,9,4,4,9,9,99,9,99,0,1,6,6,1,46,8,-1,-1,-1,-1,3,E01004327,0,1
2024101474579,2024,101474579,2,1,0,-1,19,5,1,-1,9,1,0,0,0,0,1,1,-1,2,1,35,6,-1,-1,-1,-1,3,E01034512,0,1
2024311526371,2024,311526371,3,9,0,-1,19,7,3,-1,0,0,0,0,0,0,3,1,-1,6,1,42,7,-1,-1,-1,-1,8,E01025888,0,3
2024430233999,2024,430233999,1,9,0,18,19,1,5,0,0,8,0,0,0,0,4,1,6,6,2,-1,-1,-1,-1,-1,-1,8,E01022536,0,1
2024451460802,2024,451460802,1,1,0,-1,9,1,1,-1,0,0,0,0,0,0,2,1,-1,6,3,35,6,-1,-1,-1,-1,9,E01030488,0,2
2024461530192,2024,461530192,1,9,0,-1,9,6,4,-1,0,1,0,0,0,0,0,9,-1,6,3,30,6,-1,-1,-1,-1,-1,-1,0,-1
2024201409116,2024,201409116,2,9,0,-1,19,4,1,-1,0,8,0,0,0,0,4,9,-1,1,1,25,5,-1,-1,-1,-1,4,E01018888,0,5
2024451405041,2024,451405041,1,1,0,-1,99,2,4,-1,99,0,0,99,0,0,3,1,-1,7,1,15,3,-1,-1,-1,-1,9,E01030605,0,2
2024421492533,2024,421492533,1,9,3,-1,19,1,3,-1,0,0,0,0,0,0,0,1,-1,9,1,64,9,-1,-1,-1,-1,10,E01008546,0,5
2024061493706,2024,061493706,3,9,-1,-1,-1,-1,-1,-1,-1,8,-1,-1,-1,0,-1,9,-1,6,3,-1,-1,-1,-1,-1,-1,-1,-1,0,-1
2024141501739,2024,141501739,1,9,0,-1,10,4,3,-1,0,1,0,0,0,0,3,2,-1,9,2,26,6,-1,-1,-1,-1,6,E01007829,0,1
2024010525240,2024,010525240,3,9,0,2,2,0,0,9,9,1,0,0,0,0,1,1,6,6,3,-1,-1,-1,-1,-1,-1,-1,-1,0,-1
2024010528232,2024,010528232,1,1,0,99,99,9,9,9,9,9,9,99,9,99,9,1,6,6,1,40,7,-1,-1,-1,-1,-1,-1,0,-1
2024201477129,2024,201477129,2,9,0,-1,19,6,2,-1,0,0,0,0,0,0,4,9,-1,6,3,-1,-1,-1,-1,-1,-1,-1,-1,0,-1
2024501483223,2024,501483223,4,9,0,-1,4,3,7,-1,0,0,0,0,0,0,3,1,-1,6,1,23,5,-1,-1,-1,-1,10,E01014388,0,5
2024231429875,2024,231429875,1,9,0,-1,19,6,2,-1,0,3,1,0,0,0,1,1,-1,2,1,50,8,-1,-1,-1,-1,10,E01028390,0,4
2024320751227,2024,320751227,1,9,0,-1,-1,5,3,0,0,6,0,0,0,0,1,1,6,6,3,-1,-1,-1,-1,-1,-1,-1,-1,0,-1
2024340NN9092,2024,340NN9092,1,21,0,-1,19,3,7,-1,0,0,0,0,0,0,1,1,-1,1,2,45,7,-1,-1,-1,-1,4,E01030022,0,5
2024010488665,2024,010488665,4,19,0,2,2,0,0,0,0,0,1,0,0,0,1,1,6,6,3,-1,-1,-1,-1,-1,-1,-1,-1,0,-1
2024311397976,2024,311397976,1,1,0,-1,9,8,7,-1,0,3,0,0,0,0,4,1,-1,2,2,42,7,-1,-1,-1,-1,8,E01028417,0,1
2024430365973,2024,430365973,2,1,0,4,4,4,8,4,4,4,0,0,0,0,1,1,6,6,2,51,8,-1,-1,-1,-1,4,E01028546,0,1
2024471418232,2024,471418232,2,1,0,-1,19,7,3,-1,0,1,0,0,0,0,2,1,-1,6,1,26,6,-1,-1,-1,-1,7,E01031516,0,4
2024302500032,2024,302500032,1,-1,0,-1,19,2,4,-1,0,8,0,0,0,0,1,1,-1,7,2,12,3,-1,-1,-1,-1,1,E01013456,1,1
2024440363888,2024,440363888,1,9,0,18,19,7,3,0,0,0,0,0,5,6,3,1,6,6,1,77,11,-1,-1,-1,-1,8,E01015356,0,4
2024430090822,2024,430090822,2,9,0,18,19,5,1,0,0,8,0,0,0,0,1,1,2,2,1,50,8,-1,-1,-1,-1,10,E01016586,0,4
2024010501902,2024,010501902,1,1,9,99,99,9,9,99,99,9,9,99,9,99,9,1,2,2,1,57,9,-1,-1,-1,-1,9,E01004694,0,1
2024070801661,2024,070801661,2,1,0,-1,19,1,1,-1,0,5,0,0,3,0,3,1,-1,6,1,25,5,-1,-1,-1,-1,4,E01035375,0,1
2024430048616,2024,430048616,1,9,0,18,19,6,2,0,0,1,0,0,0,0,1,1,6,6,1,-1,-1,-1,-1,-1,-1,-1,-1,0,-1
2024201548959,2024,201548959,1,9,0,-1,19,6,2,-1,0,0,0,0,0,0,1,1,-1,6,1,23,5,-1,-1,-1,-1,3,E01009242,0,2
2024211492675,2024,211492675,1,9,0,-1,19,8,4,-1,0,0,0,0,0,0,1,1,-1,9,1,20,4,-1,-1,-1,-1,1,E01009351,0,3
2024411398339,2024,411398339,1,9,0,-1,19,1,5,-1,0,0,1,0,1,0,3,1,-1,9,1,19,4,-1,-1,-1,-1,10,E01035582,0,2
2024461479392,2024,461479392,1,9,0,-1,19,7,3,-1,0,0,5,11,0,0,1,1,-1,9,1,26,6,-1,-1,-1,-1,7,E01024026,0,1
2024451461734,2024,451461734,2,1,0,-1,19,3,7,-1,0,2,5,0,0,0,2,1,-1,9,1,59,9,-1,-1,-1,-1,9,E01030693,0,1
2024471523778,2024,471523778,2,9,0,-1,13,1,5,-1,0,0,1,0,7,1,4,1,-1,9,1,54,8,-1,-1,-1,-1,7,E01031516,0,3
2024421424933,2024,421424933,2,1,0,-1,19,7,3,-1,0,0,0,0,0,0,1,1,-1,7,2,12,3,-1,-1,-1,-1,5,E01021819,0,1
2024340WN6032,2024,340WN6032,1,9,0,-1,-1,-1,-1,-1,0,0,0,0,0,0,1,1,-1,6,3,-1,-1,-1,-1,-1,-1,-1,-1,0,-1
2024010545946,2024,010545946,1,9,0,99,99,9,9,99,99,9,9,99,9,99,2,9,6,6,1,42,7,-1,-1,-1,-1,2,E01000902,0,1
2024010527350,2024,010527350,1,9,0,18,19,3,7,0,0,0,0,0,0,0,1,1,6,6,3,-1,-1,-1,-1,-1,-1,-1,-1,0,-1
2024430452814,2024,430452814,1,9,0,18,19,8,4,0,0,0,0,0,0,0,1,1,1,1,2,-1,-1,-1,-1,-1,-1,-1,-1,0,-1
2024010534689,2024,010534689,1,1,0,18,19,5,1,4,4,1,0,0,0,0,1,1,6,6,1,24,5,-1,-1,-1,-1,-1,-1,0,-1
2024010544472,2024,010544472,1,9,0,9,9,1,7,0,0,8,0,0,0,0,0,1,6,6,1,37,7,-1,-1,-1,-1,-1,-1,0,-1
2024622400766,2024,622400766,3,9,0,2,2,0,0,0,0,0,0,0,0,0,1,1,6,6,3,-1,-1,-1,-1,-1,-1,-1,-1,0,-1
2024201464482,2024,201464482,2,1,0,-1,19,1,6,-1,0,0,0,0,0,0,2,1,-1,9,1,15,3,-1,-1,-1,-1,-1,-1,0,-1
2024451526015,2024,451526015,1,90,0,-1,19,8,4,-1,0,0,0,0,0,0,4,1,-1,6,1,18,4,-1,-1,-1,-1,6,E01030515,0,3
2024430564527,2024,430564527,1,9,0,18,19,8,4,0,0,4,0,0,0,0,1,1,6,6,2,32,6,-1,-1,-1,-1,-1,-1,0,-1
2024131496617,2024,131496617,1,9,0,-1,-1,-1,-1,-1,-1,0,-1,-1,-1,-1,-1,1,-1,6,3,-1,-1,-1,-1,-1,-1,-1,-1,0,-1
2024010491597,2024,010491597,2,9,0,9,9,5,3,0,0,8,0,0,0,0,1,1,6,6,2,74,10,-1,-1,-1,-1,2,E01033148,0,1
2024340WN2232,2024,340WN2232,1,9,0,-1,5,1,5,-1,0,6,0,0,0,0,1,1,-1,6,3,-1,-1,-1,-1,-1,-1,-1,-1,0,-1
2024201486707,2024,201486707,1,9,0,-1,9,4,8,-1,0,5,0,0,0,0,1,1,-1,6,1,24,5,-1,-1,-1,-1,-1,-1,0,-1
2024201464630,2024,201464630,2,1,0,-1,19,7,3,-1,0,2,0,0,0,0,1,1,-1,6,2,22,5,-1,-1,-1,-1,2,E01009407,0,1
2024221455174,2024,221455174,1,9,0,-1,19,8,4,-1,0,0,0,4,1,10,1,9,-1,6,1,43,7,-1,-1,-1,-1,7,E01028938,0,2
2024101463338,2024,101463338,2,-1,0,-1,19,7,3,-1,0,0,5,0,0,0,4,1,-1,2,2,43,7,-1,-1,-1,-1,1,E01008399,1,1
2024131444172,2024,131444172,1,9,0,-1,-1,-1,-1,-1,-1,0,-1,-1,-1,-1,-1,1,-1,6,3,-1,-1,-1,-1,-1,-1,-1,-1,0,-1
2024010489757,2024,010489757,2,9,0,18,19,5,1,0,0,5,1,0,0,0,1,1,2,2,2,42,7,-1,-1,-1,-1,9,E01002430,0,1
2024430155367,2024,430155367,1,1,0,3,3,6,2,0,0,0,0,0,0,0,2,1,6,6,1,36,7,-1,-1,-1,-1,5,E01016203,0,2
2024061417254,2024,061417254,2,1,0,-1,19,3,8,-1,0,5,0,0,0,0,0,1,-1,6,1,18,4,-1,-1,-1,-1,-1,-1,0,-1
2024010511962,2024,010511962,1,9,0,7,7,6,7,0,0,5,0,0,0,0,2,1,2,2,1,24,5,-1,-1,-1,-1,7,E01003752,0,3
2024430038306,2024,430038306,1,9,0,18,19,2,6,0,0,0,0,0,0,0,1,1,6,6,1,37,7,-1,-1,-1,-1,6,E01031848,0,4
2024311537800,2024,311537800,1,9,0,-1,9,5,3,-1,0,5,0,0,0,0,1,1,-1,6,3,35,6,-1,-1,-1,-1,-1,-1,0,-1
2024070037852,2024,070037852,2,1,0,18,19,7,3,0,0,3,5,0,0,0,2,1,6,6,1,59,9,-1,-1,-1,-1,9,E01018491,0,1
2024010540326,2024,010540326,1,1,9,99,99,9,9,99,99,9,9,99,9,99,1,1,2,2,1,16,4,-1,-1,-1,-1,3,E01001180,0,1
2024061449131,2024,061449131,1,1,0,-1,9,-1,-1,-1,0,3,2,99,0,0,4,1,-1,2,1,37,7,-1,-1,-1,-1,8,E01005784,0,2
2024332400296,2024,332400296,1,9,0,-1,10,5,3,-1,0,2,0,0,0,0,1,1,-1,6,3,-1,-1,-1,-1,-1,-1,-1,-1,0,-1
2024101502727,2024,101502727,1,8,0,-1,19,1,1,-1,0,0,0,11,0,0,3,1,-1,1,1,49,8,-1,-1,-1,-1,-1,-1,0,-1
2024010510530,2024,010510530,1,1,9,18,19,1,5,0,0,9,9,99,9,99,1,1,6,6,1,-1,-1,-1,-1,-1,-1,-1,-1,0,-1
2024010512256,2024,010512256,2,1,0,9,9,3,8,0,0,1,0,0,0,0,1,1,2,2,1,38,7,-1,-1,-1,-1,2,E01001625,0,1
2024010545509,2024,010545509,2,5,0,14,14,7,3,0,0,1,0,0,0,0,1,1,6,6,1,26,6,-1,-1,-1,-1,7,E01003270,0,1