collision_index,collision_year,collision_ref_no,vehicle_reference,vehicle_type,towing_and_articulation,vehicle_manoeuvre_historic,vehicle_manoeuvre,vehicle_direction_from,vehicle_direction_to,vehicle_location_restricted_lane_historic,vehicle_location_restricted_lane,junction_location,skidding_and_overturning,hit_object_in_carriageway,vehicle_leaving_carriageway,hit_object_off_carriageway,first_point_of_impact,vehicle_left_hand_drive,journey_purpose_of_driver_historic,journey_purpose_of_driver,sex_of_driver,age_of_driver,age_band_of_driver,engine_capacity_cc,propulsion_code,age_of_vehicle,generic_make_model,driver_imd_decile,lsoa_of_driver,escooter_flag,driver_distance_banding
2024361503763,2024,361503763,2,9,0,-1,4,1,5,-1,0,0,0,0,0,0,2,1,-1,6,1,44,7,-1,-1,-1,-1,8,E01034570,0,3
2024010492050,2024,010492050,1,9,0,5,5,1,5,0,0,1,0,0,0,0,1,1,3,7,1,50,8,-1,-1,-1,-1,6,E01003737,0,1
2024340WN0522,2024,340WN0522,1,9,0,-1,9,4,1,-1,0,5,0,0,0,0,1,1,-1,9,1,57,9,-1,-1,-1,-1,6,E01016838,0,4
2024010531656,2024,010531656,4,1,0,18,19,7,3,9,9,1,0,0,0,0,0,1,6,6,1,24,5,-1,-1,-1,-1,-1,-1,0,-1
2024311441855,2024,311441855,2,1,0,-1,19,8,4,-1,0,0,0,0,0,0,1,1,-1,9,1,54,8,-1,-1,-1,-1,10,E01028363,0,4
2024421515793,2024,421515793,1,9,0,-1,-1,-1,-1,-1,-1,-1,-1,-1,-1,0,-1,9,-1,6,3,-1,-1,-1,-1,-1,-1,-1,-1,0,-1
2024010504269,2024,010504269,2,1,9,99,99,9,9,99,99,9,9,99,9,99,1,1,6,6,1,28,6,-1,-1,-1,-1,3,E01003050,0,1
2024471408336,2024,471408336,1,22,0,-1,19,-1,-1,-1,0,3,0,0,0,0,1,1,-1,6,1,-1,-1,-1,-1,-1,-1,-1,-1,0,-1
2024061435493,2024,061435493,2,1,0,-1,19,5,1,-1,0,8,0,0,0,0,2,1,-1,6,1,18,4,-1,-1,-1,-1,-1,-1,0,-1
2024010489725,2024,010489725,1,9,0,18,19,3,7,0,0,1,0,0,0,0,1,1,1,1,1,39,7,-1,-1,-1,-1,4,E01004259,0,1
2024041524519,2024,041524519,2,22,0,-1,5,7,3,-1,0,1,0,0,0,0,4,1,-1,6,1,51,8,-1,-1,-1,-1,1,E01012640,0,1
2024010496470,2024,010496470,2,9,0,7,7,8,1,0,0,1,0,0,0,0,4,1,6,6,3,-1,-1,-1,-1,-1,-1,-1,-1,0,-1
2024421461920,2024,421461920,4,9,0,-1,10,3,1,-1,0,1,0,0,0,0,1,1,-1,6,1,43,7,-1,-1,-1,-1,9,E01034360,0,1
2024471496750,2024,471496750,2,9,0,-1,9,6,4,-1,0,0,0,0,6,0,1,1,-1,6,1,38,7,-1,-1,-1,-1,9,E01031413,0,4
2024430102681,2024,430102681,3,9,0,18,19,2,6,0,0,0,0,0,0,0,3,1,6,6,3,-1,-1,-1,-1,-1,-1,-1,-1,0,-1
2024201444688,2024,201444688,2,97,0,-1,19,5,1,-1,0,8,0,0,0,0,1,1,-1,6,2,21,5,-1,-1,-1,-1,-1,-1,0,-1
2024010528309,2024,010528309,2,1,9,99,99,9,9,99,99,9,9,99,9,99,9,1,2,2,1,29,6,-1,-1,-1,-1,2,E01001750,0,1
2024010508033,2024,010508033,2,1,0,12,12,5,1,0,0,1,0,0,0,0,1,1,1,1,1,25,5,-1,-1,-1,-1,3,E01002702,0,1
2024052400908,2024,052400908,1,9,0,5,5,2,5,0,0,4,0,0,0,0,3,1,6,6,1,-1,-1,-1,-1,-1,-1,-1,-1,0,-1
2024622400248,2024,622400248,1,9,0,18,19,6,2,0,0,0,0,0,0,0,1,1,1,1,2,52,8,-1,-1,-1,-1,3,W01001050,0,1
2024101518471,2024,101518471,1,9,0,-1,19,2,6,-1,0,8,0,0,0,0,1,1,-1,1,1,-1,-1,-1,-1,-1,-1,-1,-1,0,-1
2024471446873,2024,471446873,2,9,0,-1,19,3,8,-1,0,0,0,0,0,0,2,1,-1,6,1,59,9,-1,-1,-1,-1,6,E01031669,0,1
2024131509281,2024,131509281,2,1,0,-1,19,5,1,-1,0,1,0,0,0,0,4,1,-1,6,-1,-1,-1,-1,-1,-1,-1,-1,-1,0,-1
2024421426846,2024,421426846,1,9,0,-1,9,3,5,-1,0,0,0,0,0,0,1,1,-1,9,2,79,11,-1,-1,-1,-1,10,E01021251,0,2
2024461414889,2024,461414889,1,9,0,-1,19,4,2,-1,0,0,0,0,0,0,1,9,-1,6,1,73,10,-1,-1,-1,-1,9,E01021481,0,4
2024010492394,2024,010492394,1,9,0,4,4,1,5,0,0,1,0,0,0,0,2,1,6,6,2,39,7,-1,-1,-1,-1,9,E01002432,0,3
2024451433690,2024,451433690,2,9,0,-1,19,8,6,-1,0,6,0,0,0,0,1,9,-1,1,1,52,8,-1,-1,-1,-1,-1,-1,0,-1
2024361424486,2024,361424486,1,9,0,-1,19,4,8,-1,0,2,0,0,0,0,1,1,-1,1,1,36,7,-1,-1,-1,-1,9,E01026509,0,2
2024052401807,2024,052401807,1,9,0,5,5,1,5,0,0,0,0,0,0,0,1,1,6,6,3,-1,-1,-1,-1,-1,-1,-1,-1,0,-1
2024201492479,2024,201492479,2,1,0,-1,19,1,5,-1,0,8,0,0,0,0,1,1,-1,2,2,30,6,-1,-1,-1,-1,6,E01032258,0,3
2024440293924,2024,440293924,1,1,0,18,19,5,1,0,0,1,0,0,0,0,1,1,6,6,1,28,6,-1,-1,-1,-1,6,E01022736,0,2
2024461445644,2024,461445644,1,9,0,-1,9,5,3,-1,0,6,0,0,0,0,1,9,-1,6,1,-1,-1,-1,-1,-1,-1,-1,-1,0,-1
2024010493768,2024,010493768,1,9,0,10,10,5,3,0,0,1,0,0,0,0,1,1,6,6,1,22,5,-1,-1,-1,-1,-1,-1,0,-1
202454A589624,2024,54A589624,2,1,0,18,19,1,5,0,0,8,0,0,0,0,3,1,6,6,1,51,8,-1,-1,-1,-1,10,E01014937,0,4
2024010526245,2024,010526245,2,1,0,18,19,1,5,0,0,8,0,0,0,0,0,1,2,2,1,43,7,-1,-1,-1,-1,9,E01004136,0,2
2024461528069,2024,461528069,2,1,0,-1,19,1,5,-1,0,1,0,0,0,0,1,1,-1,6,1,19,4,-1,-1,-1,-1,3,E01024099,0,1
2024430127312,2024,430127312,1,9,0,3,3,1,5,0,0,1,0,0,0,0,2,1,6,6,3,-1,-1,-1,-1,-1,-1,-1,-1,0,-1
2024332400978,2024,332400978,1,9,0,-1,19,9,9,-1,0,0,0,0,0,0,1,1,-1,6,3,-1,-1,-1,-1,-1,-1,-1,-1,0,-1
2024371492314,2024,371492314,1,9,0,-1,7,3,7,-1,0,1,5,10,0,0,4,1,-1,6,1,31,6,-1,-1,-1,-1,6,E01026649,0,2
2024201476969,2024,201476969,2,1,0,-1,3,7,3,-1,0,1,0,0,0,0,1,1,-1,9,1,48,8,-1,-1,-1,-1,1,E01009410,0,1
2024371504840,2024,371504840,2,1,0,-1,10,3,1,-1,0,1,5,0,0,0,1,1,-1,9,2,40,7,-1,-1,-1,-1,5,E01030275,0,1
2024201401079,2024,201401079,3,9,0,-1,19,6,2,-1,0,0,0,0,0,0,1,9,-1,9,2,36,7,-1,-1,-1,-1,3,E01009001,0,1
2024052400699,2024,052400699,2,3,0,9,9,3,1,0,0,3,0,0,0,0,4,1,2,2,2,22,5,-1,-1,-1,-1,1,E01007055,0,1
2024421422376,2024,421422376,1,9,0,-1,15,1,5,-1,0,0,0,0,0,0,3,9,-1,6,3,-1,-1,-1,-1,-1,-1,-1,-1,0,-1
2024201443396,2024,201443396,3,1,0,-1,4,2,6,-1,0,0,0,0,0,0,0,1,-1,6,-1,-1,-1,-1,-1,-1,-1,-1,-1,0,-1
2024010522537,2024,010522537,1,9,0,18,19,7,3,0,0,1,0,0,0,0,1,1,2,2,1,27,6,-1,-1,-1,-1,-1,-1,0,-1
2024361399172,2024,361399172,2,1,0,-1,19,1,5,-1,0,2,0,0,0,0,3,1,-1,6,1,16,4,-1,-1,-1,-1,6,E01026722,0,1
2024010496883,2024,010496883,1,11,0,5,5,1,5,2,2,1,0,0,0,0,0,1,1,1,1,38,7,-1,-1,-1,-1,2,E01003048,0,1
2024361497917,2024,361497917,1,9,0,-1,2,5,1,-1,0,2,0,4,0,0,1,9,-1,6,3,-1,-1,-1,-1,-1,-1,-1,-1,0,-1
2024430195912,2024,430195912,1,9,0,7,7,2,4,0,0,5,0,0,1,4,1,1,2,2,2,48,8,-1,-1,-1,-1,8,E01016805,0,3
2024010543482,2024,010543482,1,8,0,18,19,5,1,0,0,1,0,0,0,0,3,2,1,1,1,38,7,-1,-1,-1,-1,3,E01000948,0,1
2024010538466,2024,010538466,2,9,0,18,19,5,1,0,0,0,0,0,0,0,1,1,6,6,3,-1,-1,-1,-1,-1,-1,-1,-1,0,-1
202460Q082478,2024,60Q082478,4,9,0,18,19,7,3,0,0,1,0,0,0,0,1,1,6,6,2,38,7,-1,-1,-1,-1,-1,-1,0,-1
2024052401907,2024,052401907,2,9,0,18,19,2,6,0,0,1,0,0,0,0,1,1,6,6,1,37,7,-1,-1,-1,-1,1,E01006567,0,1
2024522401767,2024,522401767,2,1,0,18,19,4,8,2,2,8,0,0,0,0,1,1,6,6,1,47,8,-1,-1,-1,-1,7,E01014649,0,1
2024070526964,2024,070526964,1,9,0,18,19,2,6,0,0,8,0,0,0,0,1,1,6,6,3,-1,-1,-1,-1,-1,-1,-1,-1,0,-1
2024010500092,2024,010500092,1,1,0,5,5,5,1,0,0,1,5,0,0,0,1,1,2,2,1,43,7,-1,-1,-1,-1,2,E01003912,0,1
2024320719638,2024,320719638,2,1,0,-1,-1,3,8,0,0,8,5,0,0,0,4,1,-1,-1,1,59,9,-1,-1,-1,-1,2,E01026030,0,1
2024052400634,2024,052400634,1,9,0,9,9,7,5,0,0,8,0,0,0,0,3,1,6,6,1,52,8,-1,-1,-1,-1,9,E01007021,0,2
2024010494963,2024,010494963,1,8,0,17,19,5,1,0,0,1,0,0,1,4,1,1,6,6,1,49,8,-1,-1,-1,-1,9,E01004103,0,1
2024320169943,2024,320169943,2,1,0,14,14,2,6,0,0,1,5,0,0,0,2,1,-1,-1,1,49,8,-1,-1,-1,-1,2,E01026046,0,1
2024141491125,2024,141491125,1,11,0,-1,5,2,6,-1,0,0,0,0,0,0,3,1,-1,6,-1,-1,-1,-1,-1,-1,-1,-1,-1,0,-1
2024010512641,2024,010512641,1,1,9,99,99,9,9,99,99,9,9,99,9,99,9,1,2,2,1,49,8,-1,-1,-1,-1,6,E01002023,0,1
2024122400303,2024,122400303,1,9,0,9,9,6,4,0,0,6,0,0,0,0,3,1,1,1,1,54,8,-1,-1,-1,-1,6,E01033774,0,4
2024421501121,2024,421501121,1,9,0,-1,14,7,3,-1,0,2,0,0,0,0,4,1,-1,2,3,-1,-1,-1,-1,-1,-1,-1,-1,0,-1
2024101423701,2024,101423701,1,1,0,-1,19,6,1,-1,0,1,0,0,0,0,3,1,-1,1,1,20,4,-1,-1,-1,-1,-1,-1,0,-1
2024430463839,2024,430463839,1,-1,0,18,19,-1,-1,9,9,0,0,0,0,0,1,1,6,6,1,16,4,-1,-1,-1,-1,6,E01033500,1,1
2024010499529,2024,010499529,1,1,9,99,99,9,9,99,99,9,9,99,9,99,9,1,2,2,1,39,7,-1,-1,-1,-1,8,E01001985,0,1
2024070133077,2024,070133077,1,9,0,18,19,3,7,0,0,0,0,10,7,9,1,1,2,2,1,27,6,-1,-1,-1,-1,9,E01018537,0,1
2024401454912,2024,401454912,2,1,0,-1,19,6,2,-1,0,0,0,0,0,0,0,1,-1,6,1,18,4,-1,-1,-1,-1,4,E01015734,0,1
2024010502464,2024,010502464,3,9,0,2,2,0,0,0,0,0,0,0,0,0,1,1,6,6,3,-1,-1,-1,-1,-1,-1,-1,-1,0,-1
2024010536358,2024,010536358,2,9,0,99,99,9,9,99,99,9,9,99,9,99,1,9,6,6,3,-1,-1,-1,-1,-1,-1,-1,-1,0,-1
2024010510130,2024,010510130,1,1,0,18,19,2,6,0,0,1,0,0,0,0,0,1,4,7,1,19,4,-1,-1,-1,-1,2,E01001959,0,1
2024610011224,2024,610011224,2,9,0,18,19,2,6,0,0,8,0,0,0,0,1,1,6,6,1,20,4,-1,-1,-1,-1,8,W01001903,0,3
2024401422455,2024,401422455,1,9,0,-1,19,5,1,-1,0,1,0,0,0,0,1,9,-1,9,3,-1,-1,-1,-1,-1,-1,-1,-1,0,-1
2024010493031,2024,010493031,1,3,0,99,99,9,9,99,99,0,9,99,9,99,9,1,1,1,1,33,6,-1,-1,-1,-1,3,E01000499,0,3
2024201467426,2024,201467426,1,9,0,-1,19,5,1,-1,0,0,0,0,0,0,0,1,-1,1,2,57,9,-1,-1,-1,-1,1,E01008905,0,2
2024010518062,2024,010518062,1,1,0,18,19,7,3,0,0,1,0,0,0,0,2,1,6,6,1,24,5,-1,-1,-1,-1,4,E01004760,0,1
2024010493382,2024,010493382,3,9,0,9,9,3,1,0,0,6,0,0,0,0,0,1,2,2,1,52,8,-1,-1,-1,-1,8,E01033029,0,3
2024520403279,2024,520403279,1,4,0,18,19,2,6,0,0,0,0,0,0,0,4,1,6,6,1,25,5,-1,-1,-1,-1,4,E01029171,0,1
2024010496552,2024,010496552,2,9,9,99,99,9,9,99,99,9,9,99,9,99,9,9,6,6,3,-1,-1,-1,-1,-1,-1,-1,-1,0,-1
2024430502056,2024,430502056,2,1,0,18,19,8,4,0,0,0,0,0,0,0,3,1,6,6,1,13,3,-1,-1,-1,-1,4,E01016435,0,1
2024010543952,2024,010543952,1,1,9,18,19,9,9,99,99,9,9,99,9,99,1,1,6,6,1,26,6,-1,-1,-1,-1,6,E01004481,0,1
2024461509687,2024,461509687,1,20,1,-1,19,3,7,-1,0,1,0,0,0,0,1,2,-1,1,1,62,9,-1,-1,-1,-1,-1,-1,0,-1
2024052402671,2024,052402671,1,19,0,18,19,1,5,0,0,0,0,0,0,0,4,1,6,6,3,-1,-1,-1,-1,-1,-1,-1,-1,0,-1
2024221448985,2024,221448985,1,9,0,-1,19,8,4,-1,0,0,0,0,0,0,1,9,-1,6,1,74,10,-1,-1,-1,-1,-1,-1,0,-1
2024122400223,2024,122400223,2,9,0,16,19,2,5,0,0,0,0,0,0,0,1,1,1,1,1,31,6,-1,-1,-1,-1,8,E01027694,0,1
2024552401156,2024,552401156,1,9,0,18,19,4,8,0,0,0,0,0,0,0,1,1,6,6,3,-1,-1,-1,-1,-1,-1,-1,-1,0,-1
2024161424402,2024,161424402,1,-1,0,-1,19,1,5,-1,0,0,5,0,0,0,1,1,-1,6,1,9,2,-1,-1,-1,-1,2,E01013237,1,1
2024451497941,2024,451497941,2,90,0,-1,19,7,3,-1,0,0,0,0,0,0,4,1,-1,2,1,58,9,-1,-1,-1,-1,6,E01030649,0,1
2024010487095,2024,010487095,1,3,0,13,13,6,2,0,0,1,0,0,0,0,1,1,2,2,1,37,7,-1,-1,-1,-1,6,E01004474,0,1
2024010489207,2024,010489207,1,9,0,18,19,7,3,0,0,0,0,0,0,0,1,1,2,2,2,34,6,-1,-1,-1,-1,4,E01001323,0,2
2024122400399,2024,122400399,1,19,0,18,19,1,5,0,0,2,0,0,0,0,4,1,6,6,3,-1,-1,-1,-1,-1,-1,-1,-1,0,-1
2024501426985,2024,501426985,1,9,0,-1,19,6,1,-1,0,2,0,0,0,0,0,1,-1,9,1,20,4,-1,-1,-1,-1,7,E01020047,0,2
2024522403038,2024,522403038,1,1,0,18,19,1,5,0,0,8,0,0,0,0,3,1,6,6,1,55,8,-1,-1,-1,-1,2,E01014636,0,1
2024010489902,2024,010489902,1,9,0,99,99,9,9,99,99,0,9,99,9,99,1,9,6,6,1,76,11,-1,-1,-1,-1,6,E01001573,0,1
2024010536759,2024,010536759,2,-1,0,18,19,1,5,99,99,9,0,99,0,0,9,1,4,7,2,-1,-1,-1,-1,-1,-1,5,E01001194,1,1
2024101469187,2024,101469187,1,9,4,-1,9,6,4,-1,0,8,0,0,0,0,1,1,-1,6,1,32,6,-1,-1,-1,-1,3,E01008871,0,2
2024141442880,2024,141442880,2,1,0,-1,14,8,4,-1,0,1,0,0,0,0,1,1,-1,6,2,43,7,-1,-1,-1,-1,8,E01007423,0,1
2024520003031,2024,520003031,2,9,0,5,5,4,8,0,0,7,0,0,0,0,1,1,6,6,3,-1,-1,-1,-1,-1,-1,-1,-1,0,-1
2024421455450,2024,421455450,2,1,0,-1,19,5,1,-1,0,1,0,0,0,0,4,1,-1,9,1,64,9,-1,-1,-1,-1,8,E01021948,0,1
2024010526070,2024,010526070,1,1,0,4,4,7,3,0,0,1,0,0,0,0,2,1,2,2,1,44,7,-1,-1,-1,-1,9,E01030978,0,4
2024010542137,2024,010542137,1,1,9,99,99,9,9,99,99,9,9,99,9,99,9,1,6,6,2,63,9,-1,-1,-1,-1,4,E01001294,0,1
2024411505053,2024,411505053,1,1,0,-1,19,-1,-1,-1,0,0,0,0,0,0,3,1,-1,6,1,-1,-1,-1,-1,-1,-1,-1,-1,0,-1
2024010529342,2024,010529342,1,21,1,5,5,3,7,0,0,0,0,0,0,0,2,2,1,1,1,62,9,-1,-1,-1,-1,-1,-1,0,-1
2024010546342,2024,010546342,2,1,0,14,14,5,1,0,0,1,0,0,0,0,1,1,6,6,1,67,10,-1,-1,-1,-1,8,E01004703,0,1
2024061424563,2024,061424563,1,8,0,-1,5,7,3,-1,0,1,0,0,0,0,1,9,-1,1,1,-1,-1,-1,-1,-1,-1,-1,-1,0,-1
2024061434488,2024,061434488,1,9,0,-1,19,4,1,-1,0,1,0,0,0,0,-1,9,-1,6,2,-1,-1,-1,-1,-1,-1,-1,-1,0,-1
2024631400558,2024,631400558,1,9,0,-1,19,7,4,-1,0,0,5,11,2,10,1,1,-1,9,2,36,7,-1,-1,-1,-1,6,W01000689,0,1
2024010496335,2024,010496335,5,19,0,18,19,5,1,0,0,1,0,0,0,0,0,1,1,1,1,33,6,-1,-1,-1,-1,5,E01003666,0,3
2024010512421,2024,010512421,1,1,9,18,19,9,9,99,99,9,9,99,9,99,3,1,6,6,1,24,5,-1,-1,-1,-1,3,E01035668,0,1
2024141530369,2024,141530369,2,1,0,-1,19,7,3,-1,0,6,0,0,0,0,1,1,-1,6,1,11,3,-1,-1,-1,-1,1,E01007566,0,1
2024010522151,2024,010522151,2,19,0,99,99,9,9,99,99,9,9,99,9,99,9,9,6,6,3,-1,-1,-1,-1,-1,-1,-1,-1,0,-1
2024302400889,2024,302400889,2,11,0,2,2,0,0,0,0,0,0,0,0,0,0,1,1,1,3,-1,-1,-1,-1,-1,-1,5,E01019456,0,3
2024311397976,2024,311397976,2,9,0,-1,7,4,7,-1,0,4,0,0,0,0,1,9,-1,6,3,30,6,-1,-1,-1,-1,-1,-1,0,-1
2024440062606,2024,440062606,1,-1,0,18,19,7,3,0,0,1,0,0,0,0,0,1,6,6,1,24,5,-1,-1,-1,-1,3,E01017185,1,1
2024461520752,2024,461520752,2,9,0,-1,19,4,8,-1,0,1,0,0,0,0,3,1,-1,6,1,45,7,-1,-1,-1,-1,5,E01024198,0,3
2024340WN1512,2024,340WN1512,2,1,0,-1,19,6,2,-1,0,1,0,0,2,0,4,1,-1,9,1,58,9,-1,-1,-1,-1,4,E01027119,0,3
2024552401354,2024,552401354,2,1,0,18,19,6,2,0,0,5,0,0,0,0,1,1,6,6,2,38,7,-1,-1,-1,-1,6,E01015363,0,1
2024622400145,2024,622400145,1,9,0,18,19,4,8,0,0,1,0,4,0,0,1,1,6,6,1,79,11,-1,-1,-1,-1,1,W01001785,0,1
2024161394942,2024,161394942,2,-1,0,-1,19,5,1,-1,0,4,0,0,0,0,1,1,-1,9,1,54,8,-1,-1,-1,-1,1,E01012879,1,1
2024461484892,2024,461484892,2,9,0,-1,3,7,3,-1,0,0,0,0,0,0,2,1,-1,2,2,26,6,-1,-1,-1,-1,7,E01024521,0,1
202417H106324,2024,17H106324,1,9,0,-1,19,4,8,-1,0,0,0,0,0,0,4,1,-1,9,1,39,7,-1,-1,-1,-1,10,E01012303,0,4
2024461453716,2024,461453716,1,9,0,-1,7,-1,-1,-1,0,0,0,0,0,0,0,9,-1,6,3,-1,-1,-1,-1,-1,-1,-1,-1,0,-1
2024440499830,2024,440499830,1,1,0,16,19,6,2,0,0,0,0,0,0,0,1,1,6,6,1,72,10,-1,-1,-1,-1,8,E01022651,0,2
2024131416433,2024,131416433,1,11,0,-1,-1,-1,-1,-1,-1,0,-1,-1,-1,0,-1,1,-1,6,3,-1,-1,-1,-1,-1,-1,-1,-1,0,-1
2024371404665,2024,371404665,2,1,0,-1,19,2,6,-1,0,2,0,4,0,0,-1,1,-1,9,1,17,4,-1,-1,-1,-1,5,E01029970,0,1
2024041437470,2024,041437470,2,9,0,-1,19,5,1,-1,0,0,1,0,1,2,1,1,-1,6,1,80,11,-1,-1,-1,-1,2,E01025245,0,1
2024302401312,2024,302401312,2,1,0,12,12,3,6,0,0,0,0,0,1,0,1,1,6,6,1,50,8,-1,-1,-1,-1,5,E01019534,0,1
2024010493150,2024,010493150,1,9,0,4,4,3,7,0,0,8,0,0,0,0,2,1,2,2,1,52,8,-1,-1,-1,-1,2,E01034479,0,1
2024010491283,2024,010491283,2,9,0,99,99,9,9,99,99,9,9,99,9,99,9,9,6,6,3,-1,-1,-1,-1,-1,-1,-1,-1,0,-1
2024430392402,2024,430392402,2,19,0,18,19,4,8,0,0,1,0,0,0,0,1,1,6,6,1,30,6,-1,-1,-1,-1,-1,-1,0,-1
2024010553055,2024,010553055,2,1,0,99,99,9,9,99,99,9,9,0,9,99,1,1,6,6,1,32,6,-1,-1,-1,-1,-1,-1,0,-1
2024552400531,2024,552400531,1,9,0,18,19,6,2,9,9,0,0,0,7,11,1,1,2,2,2,43,7,-1,-1,-1,-1,7,E01020509,0,4
2024010506910,2024,010506910,2,1,0,7,7,1,4,0,0,3,2,0,0,0,4,1,1,1,1,66,10,-1,-1,-1,-1,6,E01035705,0,1
2024361437798,2024,361437798,1,9,0,-1,19,3,7,-1,0,1,5,0,7,2,1,1,-1,6,1,29,6,-1,-1,-1,-1,7,E01026528,0,1
2024231471516,2024,231471516,2,9,0,-1,19,8,4,-1,0,1,0,0,0,0,2,9,-1,2,2,65,9,-1,-1,-1,-1,9,E01033251,0,2
2024501525009,2024,501525009,1,5,0,-1,19,5,1,-1,0,8,2,0,0,0,3,1,-1,9,1,21,5,-1,-1,-1,-1,2,E01015182,0,1
2024111469425,2024,111469425,1,5,0,-1,19,7,3,-1,0,0,0,0,1,0,1,1,-1,9,1,53,8,-1,-1,-1,-1,-1,-1,0,-1
2024010509571,2024,010509571,1,1,9,18,19,4,8,0,0,7,9,8,0,0,1,1,6,6,2,15,3,-1,-1,-1,-1,2,E01004702,0,1
2024531481018,2024,531481018,2,9,0,-1,19,5,3,-1,0,8,0,0,0,0,3,1,-1,9,2,57,9,-1,-1,-1,-1,6,E01022464,0,3
2024131510499,2024,131510499,2,97,0,-1,6,3,7,-1,0,8,1,0,0,0,0,1,-1,9,1,38,7,-1,-1,-1,-1,1,E01011626,0,1
2024061477592,2024,061477592,2,9,0,-1,19,2,6,-1,0,0,0,0,0,0,2,1,-1,1,1,62,9,-1,-1,-1,-1,6,E01006803,0,4
2024361471471,2024,361471471,1,9,0,-1,7,4,8,-1,0,1,0,0,0,0,0,1,-1,6,3,44,7,-1,-1,-1,-1,-1,-1,0,-1
2024061408799,2024,061408799,1,9,0,-1,19,3,7,-1,0,0,0,0,0,0,1,9,-1,6,1,35,6,-1,-1,-1,-1,-1,-1,0,-1
2024010522329,2024,010522329,2,1,0,-1,-1,7,3,0,0,1,0,0,0,0,4,1,6,6,1,50,8,-1,-1,-1,-1,6,E01033867,0,1
2024010506681,2024,010506681,2,1,0,4,4,3,7,0,0,1,0,0,0,0,2,1,6,6,2,49,8,-1,-1,-1,-1,5,E01004580,0,1
2024440401712,2024,440401712,2,1,0,18,19,8,4,0,0,2,0,0,0,0,3,1,2,2,1,68,10,-1,-1,-1,-1,-1,-1,0,-1
2024320136422,2024,320136422,2,21,0,-1,-1,7,4,0,0,3,0,0,1,0,4,1,1,1,1,41,7,-1,-1,-1,-1,2,E01008813,0,5
2024430176573,2024,430176573,1,9,0,5,5,6,8,0,0,6,0,0,0,0,1,1,6,6,1,59,9,-1,-1,-1,-1,7,E01017720,0,3
2024010505803,2024,010505803,2,1,0,18,19,7,3,1,1,8,0,0,0,0,3,1,6,6,1,48,8,-1,-1,-1,-1,3,E01032583,0,1
2024101475667,2024,101475667,1,9,0,-1,19,1,5,-1,0,3,0,0,0,0,4,1,-1,6,-1,20,4,-1,-1,-1,-1,-1,-1,0,-1
2024061451064,2024,061451064,1,9,-1,-1,19,8,4,-1,0,1,0,0,0,0,1,9,-1,6,3,-1,-1,-1,-1,-1,-1,-1,-1,0,-1
2024340WN3292,2024,340WN3292,1,19,0,-1,13,5,1,-1,0,1,0,0,0,0,1,1,-1,6,1,-1,-1,-1,-1,-1,-1,-1,-1,0,-1
2024430124049,2024,430124049,2,9,0,18,19,2,6,0,0,1,0,0,0,0,1,1,6,6,3,-1,-1,-1,-1,-1,-1,-1,-1,0,-1
2024010530143,2024,010530143,1,9,0,99,99,9,9,99,99,9,9,99,9,99,9,9,6,6,2,-1,-1,-1,-1,-1,-1,-1,-1,0,-1
2024010494628,2024,010494628,1,9,0,99,99,9,9,99,99,9,9,99,9,99,9,9,2,2,1,52,8,-1,-1,-1,-1,2,E01000073,0,2
2024061442209,2024,061442209,3,9,0,-1,19,1,3,-1,0,8,0,4,0,0,1,1,-1,6,1,29,6,-1,-1,-1,-1,2,E01005222,0,1
2024440295766,2024,440295766,1,9,0,9,9,5,2,0,0,8,0,0,0,0,3,1,2,2,1,22,5,-1,-1,-1,-1,6,E01034729,0,1
2024111515843,2024,111515843,1,9,0,-1,12,7,4,-1,0,0,2,7,0,0,3,1,-1,6,1,81,11,-1,-1,-1,-1,6,E01020697,0,1
2024421404780,2024,421404780,3,9,0,-1,19,4,8,-1,0,1,0,0,0,0,1,1,-1,2,1,65,9,-1,-1,-1,-1,3,E01000062,0,3
2024131524047,2024,131524047,1,9,0,-1,-1,-1,-1,-1,-1,-1,-1,-1,-1,-1,-1,1,-1,6,3,-1,-1,-1,-1,-1,-1,-1,-1,0,-1
2024010524403,2024,010524403,2,1,0,4,4,1,5,0,0,5,0,0,1,0,2,1,2,2,1,20,4,-1,-1,-1,-1,4,E01004043,0,1
2024010511866,2024,010511866,1,9,9,9,9,1,7,0,0,5,0,0,0,0,1,9,6,6,3,-1,-1,-1,-1,-1,-1,-1,-1,0,-1
2024010536044,2024,010536044,2,19,0,18,19,1,5,0,0,1,0,0,0,0,1,1,6,6,3,34,6,-1,-1,-1,-1,-1,-1,0,-1
2024461476002,2024,461476002,2,5,0,-1,19,6,2,-1,0,0,0,0,0,0,3,1,-1,9,1,39,7,-1,-1,-1,-1,10,E01030791,0,4
2024052402010,2024,052402010,1,9,0,18,19,6,1,0,0,1,0,0,0,0,1,1,6,6,3,-1,-1,-1,-1,-1,-1,-1,-1,0,-1
2024201534328,2024,201534328,2,9,0,-1,19,1,5,-1,0,0,0,0,0,0,4,9,-1,2,1,51,8,-1,-1,-1,-1,7,E01029825,0,3
2024010534795,2024,010534795,2,1,0,18,19,1,5,0,0,1,0,0,0,0,1,1,6,6,2,28,6,-1,-1,-1,-1,4,E01003169,0,2
2024320230672,2024,320230672,1,9,0,7,7,2,4,0,0,5,0,0,0,0,1,1,6,6,1,-1,-1,-1,-1,-1,-1,-1,-1,0,-1
2024010508330,2024,010508330,2,19,0,99,99,9,9,99,99,9,9,99,9,99,1,9,6,6,1,-1,-1,-1,-1,-1,-1,4,E01001704,0,3
2024430455390,2024,430455390,1,9,0,3,3,4,8,0,0,0,0,0,0,0,2,1,3,7,2,33,6,-1,-1,-1,-1,1,E01016372,0,1
2024421530937,2024,421530937,2,1,0,-1,19,5,1,-1,0,1,2,0,0,0,1,1,-1,2,1,47,8,-1,-1,-1,-1,7,E01015866,0,1
2024010487105,2024,010487105,1,9,0,18,19,3,7,0,0,8,0,0,0,0,4,1,6,6,2,25,5,-1,-1,-1,-1,1,E01002081,0,1
2024010489990,2024,010489990,1,1,9,99,99,9,9,9,9,1,9,99,9,99,4,1,2,2,2,32,6,-1,-1,-1,-1,4,E01030337,0,3