collision_index,collision_year,collision_ref_no,vehicle_reference,vehicle_type,towing_and_articulation,vehicle_manoeuvre_historic,vehicle_manoeuvre,vehicle_direction_from,vehicle_direction_to,vehicle_location_restricted_lane_historic,vehicle_location_restricted_lane,junction_location,skidding_and_overturning,hit_object_in_carriageway,vehicle_leaving_carriageway,hit_object_off_carriageway,first_point_of_impact,vehicle_left_hand_drive,journey_purpose_of_driver_historic,journey_purpose_of_driver,sex_of_driver,age_of_driver,age_band_of_driver,engine_capacity_cc,propulsion_code,age_of_vehicle,generic_make_model,driver_imd_decile,lsoa_of_driver,escooter_flag,driver_distance_banding
2024010487959,2024,010487959,1,9,0,99,99,9,9,99,99,9,9,99,9,99,2,9,6,6,1,21,5,-1,-1,-1,-1,5,E01001863,0,3
2024610030624,2024,610030624,1,9,0,9,9,2,8,0,0,8,0,0,0,0,3,1,1,1,1,30,6,-1,-1,-1,-1,1,W01001621,0,1
2024501498131,2024,501498131,2,1,0,-1,19,6,2,-1,0,0,5,0,0,0,2,1,-1,6,2,41,7,-1,-1,-1,-1,-1,-1,0,-1
2024010491805,2024,010491805,1,19,0,18,19,1,5,0,0,1,0,0,0,0,2,1,1,1,1,34,6,-1,-1,-1,-1,2,E01005470,0,5
2024010544318,2024,010544318,1,9,0,18,19,5,1,0,0,8,0,0,1,0,4,1,6,6,3,-1,-1,-1,-1,-1,-1,-1,-1,0,-1
2024010501494,2024,010501494,2,1,0,18,19,7,3,0,0,8,0,0,0,0,1,1,6,6,1,32,6,-1,-1,-1,-1,7,E01002343,0,3
2024991398514,2024,991398514,2,1,0,-1,19,1,5,-1,0,8,5,0,0,0,4,1,-1,2,1,60,9,-1,-1,-1,-1,4,-1,0,1
2024101456044,2024,101456044,1,1,0,-1,19,3,7,-1,9,8,0,0,0,0,1,1,-1,6,1,-1,-1,-1,-1,-1,-1,-1,-1,0,-1
2024010492546,2024,010492546,1,1,9,99,99,9,9,99,99,9,9,99,9,99,9,1,2,2,1,32,6,-1,-1,-1,-1,2,E01004014,0,1
2024131480513,2024,131480513,2,1,0,-1,3,1,7,-1,0,0,0,0,0,0,3,1,-1,2,2,39,7,-1,-1,-1,-1,6,E01011689,0,1
2024010535951,2024,010535951,2,-1,0,4,4,5,1,0,0,0,0,0,0,0,1,1,6,6,1,62,9,-1,-1,-1,-1,2,E01002075,1,1
2024041506675,2024,041506675,1,9,0,-1,19,7,3,-1,0,6,0,0,0,0,1,1,-1,9,1,84,11,-1,-1,-1,-1,8,E01025549,0,3
2024010541483,2024,010541483,2,8,0,99,99,9,9,99,99,9,9,99,9,99,1,9,6,6,3,-1,-1,-1,-1,-1,-1,-1,-1,0,-1
2024471518734,2024,471518734,3,9,0,-1,19,1,5,-1,0,8,0,0,0,0,-1,9,-1,6,3,-1,-1,-1,-1,-1,-1,-1,-1,0,-1
2024061436441,2024,061436441,1,1,0,-1,19,-1,-1,-1,0,2,0,0,0,0,1,1,-1,2,1,61,9,-1,-1,-1,-1,7,E01005920,0,2
2024201484754,2024,201484754,1,9,0,-1,19,8,4,-1,0,8,0,0,0,0,1,9,-1,6,3,-1,-1,-1,-1,-1,-1,-1,-1,0,-1
2024631426201,2024,631426201,2,1,0,-1,19,1,5,-1,0,2,0,0,0,0,4,1,-1,2,2,52,8,-1,-1,-1,-1,4,E01035071,0,3
2024520403087,2024,520403087,1,9,0,4,4,5,1,0,0,1,0,0,0,0,1,1,6,6,1,58,9,-1,-1,-1,-1,5,E01029053,0,1
2024122401261,2024,122401261,2,1,0,16,19,4,8,0,0,0,0,0,0,0,1,1,6,6,1,5,1,-1,-1,-1,-1,4,E01027710,0,4
2024141508279,2024,141508279,1,9,0,-1,19,6,2,-1,0,1,0,0,0,0,1,9,-1,6,3,-1,-1,-1,-1,-1,-1,-1,-1,0,-1
2024351414207,2024,351414207,1,9,0,-1,9,5,2,-1,0,6,0,0,0,0,4,9,-1,6,1,60,9,-1,-1,-1,-1,-1,-1,0,-1
2024991488282,2024,991488282,1,9,0,-1,19,4,8,-1,0,0,0,0,0,0,1,9,-1,6,3,40,7,-1,-1,-1,-1,-1,-1,0,-1
2024111503819,2024,111503819,2,1,0,-1,19,4,8,-1,9,0,0,0,0,0,0,1,-1,9,1,6,2,-1,-1,-1,-1,5,E01034492,0,1
2024010487443,2024,010487443,2,9,0,17,19,3,7,0,0,0,0,0,0,0,1,1,6,6,1,58,9,-1,-1,-1,-1,9,E01030636,0,3
2024010492672,2024,010492672,1,90,0,5,5,5,1,0,0,1,0,0,0,0,0,1,1,1,1,29,6,-1,-1,-1,-1,7,E01003456,0,2
2024010490836,2024,010490836,2,9,0,99,99,9,9,0,0,0,9,0,0,0,1,2,6,6,3,-1,-1,-1,-1,-1,-1,-1,-1,0,-1
2024071016695,2024,071016695,1,20,0,-1,19,5,1,-1,0,0,0,0,0,0,1,9,-1,6,3,-1,-1,-1,-1,-1,-1,-1,-1,0,-1
2024010518348,2024,010518348,2,1,0,18,19,5,1,2,2,1,5,0,0,0,1,1,6,6,1,27,6,-1,-1,-1,-1,3,E01001864,0,1
2024501475868,2024,501475868,3,9,0,-1,19,3,7,-1,0,0,0,0,0,0,3,1,-1,9,1,77,11,-1,-1,-1,-1,9,E01035291,0,5
2024320583362,2024,320583362,2,1,0,8,8,1,3,0,0,4,5,0,0,0,3,1,-1,-1,2,42,7,-1,-1,-1,-1,10,E01034703,0,1
2024070426323,2024,070426323,1,9,0,18,19,2,6,0,0,0,0,0,0,0,1,1,6,6,1,80,11,-1,-1,-1,-1,10,E01018667,0,1
2024351460289,2024,351460289,2,9,0,-1,19,3,7,-1,0,8,0,0,0,0,3,1,-1,2,1,51,8,-1,-1,-1,-1,5,E01010213,0,4
2024430458325,2024,430458325,1,9,0,18,19,6,2,0,0,4,1,0,0,0,1,1,6,6,1,39,7,-1,-1,-1,-1,-1,-1,0,-1
2024501470869,2024,501470869,1,9,0,-1,19,3,1,-1,0,1,0,0,0,0,0,1,-1,6,3,-1,-1,-1,-1,-1,-1,-1,-1,0,-1
2024010525971,2024,010525971,2,1,0,18,19,4,8,4,4,2,0,0,0,0,1,1,6,6,1,29,6,-1,-1,-1,-1,3,E01003595,0,2
2024991507136,2024,991507136,2,1,0,-1,7,8,3,-1,4,8,0,0,0,0,4,1,-1,6,1,51,8,-1,-1,-1,-1,2,-1,0,1
2024010536824,2024,010536824,1,1,0,9,9,3,8,0,0,1,0,0,0,0,1,1,6,6,1,16,4,-1,-1,-1,-1,-1,-1,0,-1
2024010496343,2024,010496343,1,4,0,18,19,1,5,0,0,4,0,0,0,0,3,1,6,6,1,26,6,-1,-1,-1,-1,7,E01003416,0,2
2024010492628,2024,010492628,1,9,0,3,3,1,5,0,0,2,0,0,0,0,2,1,6,6,1,52,8,-1,-1,-1,-1,5,E01032782,0,1
2024010492142,2024,010492142,1,9,0,18,19,5,1,0,0,8,0,0,0,0,3,1,6,6,2,52,8,-1,-1,-1,-1,7,E01004186,0,1
2024421512052,2024,421512052,1,9,0,-1,11,5,1,-1,0,0,0,0,0,0,0,2,-1,6,3,-1,-1,-1,-1,-1,-1,-1,-1,0,-1
2024101435558,2024,101435558,2,1,0,-1,19,4,1,-1,0,8,0,0,0,0,3,1,-1,6,1,28,6,-1,-1,-1,-1,3,E01008598,0,1
2024122400429,2024,122400429,1,9,0,16,19,5,1,0,0,0,1,6,1,11,3,1,6,6,1,42,7,-1,-1,-1,-1,6,E01027701,0,2
2024010511964,2024,010511964,2,1,0,18,19,5,1,0,0,8,0,0,0,0,4,1,6,6,1,22,5,-1,-1,-1,-1,5,E01002733,0,1
2024010490100,2024,010490100,1,3,0,99,99,9,9,99,99,9,9,99,9,99,9,1,1,1,1,34,6,-1,-1,-1,-1,3,E01003570,0,1
2024451470600,2024,451470600,2,9,0,-1,19,-1,-1,-1,0,0,0,0,0,0,1,1,-1,6,3,-1,-1,-1,-1,-1,-1,-1,-1,0,-1
202417H103224,2024,17H103224,2,1,0,-1,19,3,7,-1,0,2,0,0,0,0,3,1,-1,7,1,13,3,-1,-1,-1,-1,-1,-1,0,-1
2024501494951,2024,501494951,1,1,0,-1,5,3,7,-1,5,1,1,0,0,0,3,1,-1,2,1,39,7,-1,-1,-1,-1,4,E01015062,0,1
2024332401068,2024,332401068,2,1,0,-1,19,8,4,-1,0,0,0,0,0,0,1,1,-1,6,1,26,6,-1,-1,-1,-1,3,E01013641,0,1
2024010531571,2024,010531571,2,1,0,18,19,4,8,0,0,1,0,0,0,0,3,1,2,2,1,29,6,-1,-1,-1,-1,1,E01002857,0,1
2024481503775,2024,481503775,1,1,0,-1,19,1,5,-1,0,0,0,0,0,0,1,1,-1,1,1,42,7,-1,-1,-1,-1,-1,-1,0,-1
2024141523091,2024,141523091,3,9,0,-1,2,0,0,-1,0,0,0,0,0,0,3,9,-1,6,3,-1,-1,-1,-1,-1,-1,-1,-1,0,-1
2024010497561,2024,010497561,3,4,0,18,19,7,3,0,0,1,0,0,0,0,0,1,1,1,1,-1,-1,-1,-1,-1,-1,-1,-1,0,-1
2024010489697,2024,010489697,2,9,0,18,19,2,6,0,0,8,0,0,0,0,1,1,6,6,2,52,8,-1,-1,-1,-1,7,E01000823,0,2
2024302400908,2024,302400908,1,9,0,13,13,3,7,0,0,0,0,0,0,0,0,1,6,6,3,-1,-1,-1,-1,-1,-1,5,E01019456,0,4
2024361462903,2024,361462903,2,1,0,-1,19,-1,-1,-1,-1,0,0,0,0,0,-1,1,-1,9,1,14,3,-1,-1,-1,-1,4,E01026859,0,1
2024131515175,2024,131515175,1,90,0,-1,19,7,3,-1,0,0,5,0,0,0,1,1,-1,9,1,9,2,-1,-1,-1,-1,2,E01011813,0,1
2024471455522,2024,471455522,2,9,0,-1,19,4,8,-1,0,1,0,0,0,0,4,1,-1,6,2,55,8,-1,-1,-1,-1,7,E01030864,0,4
2024440327657,2024,440327657,2,9,0,3,3,5,1,0,0,1,0,0,0,0,2,1,2,2,1,64,9,-1,-1,-1,-1,9,E01022798,0,4
2024421425215,2024,421425215,2,1,0,-1,9,8,4,-1,0,1,0,0,0,0,3,1,-1,6,1,24,5,-1,-1,-1,-1,8,E01021538,0,2
2024332400870,2024,332400870,2,1,0,-1,19,4,8,-1,0,8,0,0,0,0,1,1,-1,6,1,48,8,-1,-1,-1,-1,7,E01013642,0,1
2024421442310,2024,421442310,2,1,0,-1,19,4,6,-1,0,0,0,0,0,0,3,1,-1,6,1,47,8,-1,-1,-1,-1,9,E01021951,0,1
2024010529213,2024,010529213,1,1,9,99,99,9,9,99,99,9,9,99,9,99,2,1,2,2,2,50,8,-1,-1,-1,-1,6,E01002788,0,1
2024141462241,2024,141462241,2,1,0,-1,19,5,3,-1,0,0,5,0,0,0,1,1,-1,9,1,24,5,-1,-1,-1,-1,10,E01007936,0,1
2024161441627,2024,161441627,2,1,0,-1,5,5,1,-1,0,8,0,0,0,0,3,1,-1,9,1,10,2,-1,-1,-1,-1,8,E01013037,0,1
2024411462545,2024,411462545,1,9,-1,-1,-1,-1,-1,-1,-1,0,-1,-1,-1,0,-1,9,-1,6,3,-1,-1,-1,-1,-1,-1,-1,-1,0,-1
2024010490139,2024,010490139,1,9,0,9,9,3,2,0,0,1,0,0,0,0,1,1,6,6,2,46,8,-1,-1,-1,-1,5,E01002011,0,1
2024052401575,2024,052401575,1,1,0,9,9,3,1,0,0,8,0,0,0,0,1,1,6,6,1,54,8,-1,-1,-1,-1,-1,-1,0,-1
2024161427037,2024,161427037,1,9,0,-1,19,6,2,-1,0,2,0,0,0,0,1,9,-1,6,3,-1,-1,-1,-1,-1,-1,-1,-1,0,-1
2024010559797,2024,010559797,1,97,9,99,99,9,9,0,0,0,9,0,0,0,1,1,6,6,1,-1,-1,-1,-1,-1,-1,-1,-1,0,-1
2024440106805,2024,440106805,2,9,0,18,19,2,6,0,0,0,0,0,0,0,3,1,6,6,2,68,10,-1,-1,-1,-1,8,E01023051,0,1
2024501442435,2024,501442435,2,1,0,-1,19,1,3,-1,0,0,0,0,0,0,2,1,-1,9,1,18,4,-1,-1,-1,-1,1,E01020103,0,1
2024161415380,2024,161415380,2,9,0,-1,7,7,3,-1,0,8,0,0,0,0,4,9,-1,6,3,-1,-1,-1,-1,-1,-1,-1,-1,0,-1
2024522500223,2024,522500223,3,9,0,5,5,7,3,0,0,6,0,0,0,0,1,1,6,6,2,77,11,-1,-1,-1,-1,5,E01015006,0,1
2024010513539,2024,010513539,1,1,9,99,99,9,9,99,99,9,9,99,9,99,1,1,6,6,1,20,4,-1,-1,-1,-1,3,E01001372,0,1
2024111419263,2024,111419263,2,9,-1,-1,8,3,4,-1,0,1,0,0,0,0,2,9,-1,6,2,41,7,-1,-1,-1,-1,3,E01020893,0,1
2024201536113,2024,201536113,1,9,0,-1,19,7,3,-1,1,0,0,7,0,0,1,1,-1,9,2,40,7,-1,-1,-1,-1,-1,-1,0,-1
2024411480488,2024,411480488,2,1,0,-1,19,1,5,-1,0,8,0,0,0,0,1,1,-1,9,1,56,9,-1,-1,-1,-1,4,E01023906,0,3
2024010534237,2024,010534237,3,1,9,99,99,9,9,99,99,9,9,99,9,99,9,1,2,2,1,31,6,-1,-1,-1,-1,5,E01000170,0,2
2024010553631,2024,010553631,1,1,9,99,99,9,9,4,4,9,9,99,9,99,1,1,2,2,1,44,7,-1,-1,-1,-1,10,E01030386,0,2
2024430456489,2024,430456489,2,9,0,9,9,3,1,0,0,6,0,0,0,0,1,1,6,6,2,-1,-1,-1,-1,-1,-1,-1,-1,0,-1
2024010548115,2024,010548115,2,1,0,18,19,3,7,0,0,1,0,0,0,0,1,1,1,1,1,17,4,-1,-1,-1,-1,3,E01000577,0,3
2024411496129,2024,411496129,2,21,0,-1,19,7,3,-1,0,3,0,0,0,0,1,2,-1,1,1,50,8,-1,-1,-1,-1,-1,-1,0,-1
2024010514144,2024,010514144,2,9,9,99,99,9,9,99,99,9,9,99,9,99,9,9,6,6,3,-1,-1,-1,-1,-1,-1,-1,-1,0,-1
2024430076556,2024,430076556,1,9,0,18,19,5,1,0,0,0,0,0,0,0,1,1,6,6,1,-1,-1,-1,-1,-1,-1,-1,-1,0,-1
2024052400939,2024,052400939,2,1,0,18,19,3,7,0,0,1,0,0,0,0,1,1,6,6,1,15,3,-1,-1,-1,-1,2,E01007218,0,1
2024010538778,2024,010538778,3,9,0,4,4,7,3,0,0,0,0,0,0,0,2,1,6,6,1,36,7,-1,-1,-1,-1,5,E01024163,0,3
2024451487214,2024,451487214,2,90,0,-1,19,3,7,-1,0,0,0,0,0,0,1,1,-1,6,-1,-1,-1,-1,-1,-1,-1,-1,-1,0,-1
2024010490251,2024,010490251,2,9,0,8,8,3,5,0,0,2,0,0,0,0,1,1,6,6,1,69,10,-1,-1,-1,-1,4,E01002589,0,1
2024010522299,2024,010522299,2,9,0,7,7,3,5,0,0,5,0,0,0,0,4,1,6,6,1,48,8,-1,-1,-1,-1,2,E01002368,0,3
2024440478338,2024,440478338,1,9,0,18,19,6,2,0,0,0,-1,0,1,4,1,1,6,6,1,19,4,-1,-1,-1,-1,6,E01035324,0,3
2024501420528,2024,501420528,2,3,0,-1,19,5,8,-1,0,1,0,0,0,0,1,1,-1,6,1,33,6,-1,-1,-1,-1,8,E01015114,0,1
2024430218252,2024,430218252,2,9,0,9,9,8,6,0,0,5,0,0,0,0,3,1,1,1,1,35,6,-1,-1,-1,-1,-1,-1,0,-1
2024201467101,2024,201467101,2,1,0,-1,19,5,1,-1,0,8,0,0,0,0,1,1,-1,6,1,41,7,-1,-1,-1,-1,8,E01009468,0,1
2024010528144,2024,010528144,2,9,0,99,99,9,9,99,99,9,9,99,9,99,2,9,6,6,3,-1,-1,-1,-1,-1,-1,-1,-1,0,-1
2024340WN5642,2024,340WN5642,1,1,0,-1,19,6,2,-1,0,0,0,0,0,0,1,1,-1,6,1,68,10,-1,-1,-1,-1,9,E01027208,0,2
2024010494374,2024,010494374,1,3,0,18,19,9,9,99,99,0,9,99,9,99,2,1,6,6,1,21,5,-1,-1,-1,-1,4,E01003981,0,1
2024320737074,2024,320737074,2,9,0,3,3,6,2,0,0,0,0,0,0,0,2,1,6,6,2,34,6,-1,-1,-1,-1,4,E01026250,0,2
2024430537801,2024,430537801,2,9,0,18,19,4,8,0,0,8,0,0,1,10,3,1,6,6,1,42,7,-1,-1,-1,-1,10,E01017737,0,1
2024010550888,2024,010550888,1,9,0,18,19,2,6,0,0,0,0,0,0,0,1,1,6,6,3,-1,-1,-1,-1,-1,-1,-1,-1,0,-1
2024430218517,2024,430218517,1,23,0,14,14,4,8,0,0,0,0,0,0,0,1,1,6,6,3,20,4,-1,-1,-1,-1,-1,-1,0,-1
2024991495943,2024,991495943,1,9,0,-1,19,6,2,-1,0,0,0,4,0,0,3,1,-1,6,-1,16,4,-1,-1,-1,-1,-1,-1,0,-1
2024520401300,2024,520401300,2,9,0,18,19,3,7,0,0,0,0,7,0,0,1,1,6,6,1,45,7,-1,-1,-1,-1,5,E01017157,0,4
2024010528426,2024,010528426,2,1,0,9,9,3,8,0,0,1,0,0,0,0,2,1,6,6,1,32,6,-1,-1,-1,-1,5,E01001931,0,1
2024010495104,2024,010495104,1,2,0,18,19,5,1,0,0,1,1,0,0,0,1,1,6,6,1,35,6,-1,-1,-1,-1,2,E01001702,0,1
2024010496408,2024,010496408,2,1,0,18,19,3,7,0,0,2,0,0,0,0,1,1,6,6,1,59,9,-1,-1,-1,-1,7,E01001346,0,1
2024010507541,2024,010507541,1,1,9,99,99,9,9,99,99,9,9,99,9,99,1,1,6,6,1,-1,-1,-1,-1,-1,-1,-1,-1,0,-1
2024440061893,2024,440061893,2,9,0,5,5,3,7,0,0,8,0,0,0,0,0,1,6,6,1,-1,-1,-1,-1,-1,-1,-1,-1,0,-1
2024221403528,2024,221403528,1,9,0,-1,19,2,6,-1,0,0,1,0,1,10,1,1,-1,2,1,20,4,-1,-1,-1,-1,2,E01034954,0,4
2024010531359,2024,010531359,2,9,0,18,19,1,5,0,0,4,0,0,0,0,0,1,6,6,3,-1,-1,-1,-1,-1,-1,-1,-1,0,-1
2024991428100,2024,991428100,2,1,0,-1,19,2,6,-1,0,8,0,0,0,0,2,1,-1,2,1,33,6,-1,-1,-1,-1,5,-1,0,1
2024520401442,2024,520401442,1,19,4,3,3,6,2,0,0,1,0,0,0,0,2,1,6,6,1,24,5,-1,-1,-1,-1,9,E01029273,0,3
2024461397804,2024,461397804,1,9,0,-1,19,6,2,-1,0,0,0,0,0,0,1,9,-1,6,1,-1,-1,-1,-1,-1,-1,-1,-1,0,-1
2024010512775,2024,010512775,1,1,9,99,99,9,9,99,99,0,9,99,9,99,9,1,2,2,1,39,7,-1,-1,-1,-1,3,E01000867,0,1
2024320489815,2024,320489815,1,9,4,-1,-1,1,5,0,0,0,5,0,7,0,3,1,1,1,1,39,7,-1,-1,-1,-1,5,E01010939,0,5
2024052401728,2024,052401728,1,1,0,18,19,6,2,0,0,8,0,0,0,0,1,1,6,6,1,39,7,-1,-1,-1,-1,1,E01006598,0,1
2024010494356,2024,010494356,1,1,9,99,99,9,9,99,99,9,9,99,9,99,2,1,2,2,2,33,6,-1,-1,-1,-1,5,E01034036,0,1
2024311504525,2024,311504525,1,9,0,-1,19,2,1,-1,0,1,0,0,0,0,3,9,-1,7,3,45,7,-1,-1,-1,-1,9,E01028394,0,1
2024141505682,2024,141505682,2,1,0,-1,7,7,1,-1,0,0,5,0,0,0,3,1,-1,6,1,53,8,-1,-1,-1,-1,1,E01007544,0,1
2024201469341,2024,201469341,1,9,0,-1,1,2,6,-1,0,5,0,0,0,0,2,1,-1,6,1,-1,-1,-1,-1,-1,-1,-1,-1,0,-1
2024010509539,2024,010509539,1,5,0,18,19,1,5,0,0,8,0,0,1,0,1,1,6,6,1,25,5,-1,-1,-1,-1,9,E01003418,0,2
2024430283075,2024,430283075,1,9,0,18,19,6,2,0,0,4,0,0,0,0,3,1,6,6,1,-1,-1,-1,-1,-1,-1,10,E01016245,0,1
2024161474256,2024,161474256,2,1,0,-1,19,3,7,-1,9,0,0,0,0,0,1,1,-1,6,1,8,2,-1,-1,-1,-1,1,E01013311,0,1
2024531412555,2024,531412555,1,98,0,-1,19,5,1,-1,0,0,0,0,0,0,1,9,-1,6,3,-1,-1,-1,-1,-1,-1,-1,-1,0,-1
2024122400679,2024,122400679,2,1,0,18,19,4,8,0,0,2,0,0,0,0,4,1,6,6,1,38,7,-1,-1,-1,-1,7,E01033068,0,1
2024010543019,2024,010543019,2,1,0,18,19,2,6,4,4,2,0,0,0,0,1,1,6,6,1,-1,-1,-1,-1,-1,-1,-1,-1,0,-1
2024201394856,2024,201394856,2,1,0,-1,19,6,6,-1,0,3,0,0,0,0,2,1,-1,2,1,31,6,-1,-1,-1,-1,5,E01009179,0,1
2024031441938,2024,031441938,1,90,-1,-1,19,5,1,-1,0,1,0,0,0,0,1,1,-1,6,3,-1,-1,-1,-1,-1,-1,-1,-1,0,-1
2024010533113,2024,010533113,2,1,0,13,13,1,5,0,0,2,5,0,0,0,1,1,2,2,1,41,7,-1,-1,-1,-1,2,E01033712,0,1
2024991496888,2024,991496888,1,9,0,-1,2,8,8,-1,0,1,0,0,0,0,1,1,-1,6,2,45,7,-1,-1,-1,-1,3,-1,0,2
2024231469610,2024,231469610,1,9,0,-1,19,6,3,-1,0,1,0,0,0,0,1,1,-1,6,1,77,11,-1,-1,-1,-1,6,E01031145,0,1
2024340NN0332,2024,340NN0332,5,9,0,-1,19,5,1,-1,0,0,0,0,0,0,1,1,-1,6,1,22,5,-1,-1,-1,-1,3,E01027336,0,2
2024010529852,2024,010529852,1,1,0,18,19,1,5,0,0,1,0,0,1,0,4,1,6,6,1,38,7,-1,-1,-1,-1,3,E01004467,0,1
2024041486434,2024,041486434,1,1,0,-1,19,1,5,-1,0,0,0,0,0,0,1,1,-1,9,1,7,2,-1,-1,-1,-1,8,E01012660,0,1
2024461523768,2024,461523768,3,9,0,-1,4,5,1,-1,0,0,0,0,0,0,2,1,-1,9,1,30,6,-1,-1,-1,-1,-1,-1,0,-1
2024201426146,2024,201426146,2,-1,0,-1,19,2,6,-1,0,0,0,0,0,0,2,9,-1,6,1,40,7,-1,-1,-1,-1,1,E01009985,1,1
2024440102119,2024,440102119,1,9,0,9,9,7,6,0,0,8,0,0,0,0,1,1,6,6,3,-1,-1,-1,-1,-1,-1,-1,-1,0,-1
2024501531681,2024,501531681,1,11,0,-1,4,8,4,-1,2,0,0,0,1,0,4,1,-1,1,1,55,8,-1,-1,-1,-1,4,E01020198,0,3
2024411519431,2024,411519431,2,99,-1,-1,-1,5,1,-1,-1,1,-1,-1,-1,0,-1,9,-1,6,3,-1,-1,-1,-1,-1,-1,-1,-1,0,-1
2024340NN4282,2024,340NN4282,1,9,0,-1,3,9,9,-1,0,1,0,0,0,0,1,1,-1,6,1,-1,-1,-1,-1,-1,-1,-1,-1,0,-1
2024361511507,2024,361511507,1,9,0,-1,9,7,3,-1,0,1,0,0,0,0,3,1,-1,9,1,47,8,-1,-1,-1,-1,6,E01026886,0,1
2024052401866,2024,052401866,1,11,0,18,19,6,2,0,0,2,0,0,0,0,4,1,1,1,1,65,9,-1,-1,-1,-1,3,E01006543,0,1
2024991433221,2024,991433221,1,9,0,-1,19,8,3,-1,0,0,1,10,6,7,2,1,-1,9,1,49,8,-1,-1,-1,-1,-1,-1,0,-1
2024531438754,2024,531438754,1,9,0,-1,1,3,7,-1,0,0,0,0,0,0,2,9,-1,6,3,-1,-1,-1,-1,-1,-1,-1,-1,0,-1
2024311453401,2024,311453401,1,-1,0,-1,19,1,5,-1,0,1,0,0,0,0,1,1,-1,9,1,16,4,-1,-1,-1,-1,3,E01027927,1,2
2024010490911,2024,010490911,2,9,0,99,99,9,9,99,99,9,9,99,9,99,9,9,6,6,3,-1,-1,-1,-1,-1,-1,4,E01002409,0,1
2024332400106,2024,332400106,2,1,0,-1,19,6,2,-1,0,0,0,0,0,0,1,1,-1,6,2,15,3,-1,-1,-1,-1,4,E01025718,0,1
2024302400022,2024,302400022,1,9,0,7,7,6,2,0,0,3,1,0,1,0,1,1,6,6,1,20,4,-1,-1,-1,-1,3,E01033778,0,3
2024010500451,2024,010500451,2,9,0,99,99,9,9,99,99,9,9,99,9,99,1,9,6,6,3,-1,-1,-1,-1,-1,-1,10,E01000276,0,2
2024440209331,2024,440209331,1,1,0,7,7,5,7,0,0,8,0,0,0,0,3,1,6,6,1,28,6,-1,-1,-1,-1,2,E01017116,0,1
2024010523006,2024,010523006,2,9,0,99,99,9,9,99,99,9,9,99,9,99,2,9,6,6,1,36,7,-1,-1,-1,-1,3,E01016449,0,3
2024471398116,2024,471398116,1,9,0,-1,19,2,8,-1,0,0,2,10,2,11,1,1,-1,9,1,19,4,-1,-1,-1,-1,3,E01021003,0,1
2024501401562,2024,501401562,2,1,0,-1,19,1,5,-1,0,0,0,0,0,0,3,1,-1,2,1,61,9,-1,-1,-1,-1,4,E01018871,0,1
2024010520906,2024,010520906,3,9,0,3,3,5,1,0,0,1,0,0,0,0,3,1,6,6,1,22,5,-1,-1,-1,-1,1,E01001517,0,1
2024010513158,2024,010513158,2,9,0,99,99,9,9,99,99,9,9,99,9,99,9,9,6,6,3,-1,-1,-1,-1,-1,-1,-1,-1,0,-1
2024010488458,2024,010488458,1,1,0,16,19,5,1,0,0,0,0,0,0,0,1,1,1,1,1,36,7,-1,-1,-1,-1,2,E01001786,0,2
2024131516808,2024,131516808,1,1,0,-1,11,2,6,-1,0,0,5,0,1,0,4,1,-1,9,1,29,6,-1,-1,-1,-1,7,E01011413,0,1
2024010505239,2024,010505239,1,9,0,18,19,1,5,0,0,1,0,0,0,0,1,1,6,6,2,27,6,-1,-1,-1,-1,2,E01021315,0,4
2024010492893,2024,010492893,1,9,0,18,19,1,5,0,0,0,0,0,0,0,1,1,6,6,3,-1,-1,-1,-1,-1,-1,-1,-1,0,-1
2024540165424,2024,540165424,1,21,1,3,3,5,1,0,0,0,0,0,0,0,1,1,1,1,1,27,6,-1,-1,-1,-1,1,E01029100,0,4
2024031473540,2024,031473540,1,99,4,-1,19,1,5,-1,0,8,0,0,0,0,-1,1,-1,6,3,-1,-1,-1,-1,-1,-1,-1,-1,0,-1
2024010521359,2024,010521359,1,1,9,99,99,9,9,99,99,9,9,99,9,99,0,1,2,2,1,32,6,-1,-1,-1,-1,5,E01003186,0,1
2024010491573,2024,010491573,2,1,0,18,19,7,3,0,0,8,0,0,0,0,1,1,6,6,2,44,7,-1,-1,-1,-1,2,E01001815,0,1
2024010540753,2024,010540753,1,1,0,18,19,3,7,0,0,8,0,0,0,0,4,1,6,6,1,33,6,-1,-1,-1,-1,3,E01001338,0,3
2024101429739,2024,101429739,2,17,4,-1,9,1,6,-1,0,1,0,0,0,0,3,1,-1,1,1,37,7,-1,-1,-1,-1,4,E01027523,0,3
2024131457018,2024,131457018,1,9,0,-1,14,1,5,-1,0,8,0,0,0,0,0,9,-1,6,3,-1,-1,-1,-1,-1,-1,-1,-1,0,-1
2024201531315,2024,201531315,2,-1,0,-1,19,4,8,-1,0,1,0,0,0,0,1,1,-1,6,2,18,4,-1,-1,-1,-1,2,E01010472,1,1
2024311533242,2024,311533242,2,9,0,-1,19,1,1,-1,0,0,0,0,0,0,1,1,-1,9,1,20,4,-1,-1,-1,-1,-1,-1,0,-1
2024302400454,2024,302400454,3,9,0,9,9,1,7,0,0,8,0,0,0,0,4,1,6,6,2,28,6,-1,-1,-1,-1,5,E01019480,0,1
2024501396941,2024,501396941,3,9,0,-1,4,8,4,-1,0,0,0,0,0,0,2,1,-1,1,1,39,7,-1,-1,-1,-1,10,E01020001,0,4
2024141531484,2024,141531484,1,9,0,-1,9,3,7,-1,0,8,0,0,0,0,1,1,-1,9,1,49,8,-1,-1,-1,-1,2,E01028008,0,3
2024332400419,2024,332400419,2,1,0,-1,19,3,7,-1,0,0,0,0,1,0,2,1,-1,9,1,54,8,-1,-1,-1,-1,10,E01034101,0,4
2024010514224,2024,010514224,2,1,0,5,5,5,1,0,0,1,0,0,0,0,1,1,2,2,1,29,6,-1,-1,-1,-1,8,E01004586,0,1
2024010493411,2024,010493411,2,9,0,99,99,9,9,99,99,4,9,99,9,99,9,9,6,6,3,-1,-1,-1,-1,-1,-1,-1,-1,0,-1
2024010507450,2024,010507450,1,1,9,99,99,9,9,99,99,9,9,99,9,99,1,1,6,6,1,37,7,-1,-1,-1,-1,6,E01034578,0,1