collision_index,collision_year,collision_ref_no,vehicle_reference,vehicle_type,towing_and_articulation,vehicle_manoeuvre_historic,vehicle_manoeuvre,vehicle_direction_from,vehicle_direction_to,vehicle_location_restricted_lane_historic,vehicle_location_restricted_lane,junction_location,skidding_and_overturning,hit_object_in_carriageway,vehicle_leaving_carriageway,hit_object_off_carriageway,first_point_of_impact,vehicle_left_hand_drive,journey_purpose_of_driver_historic,journey_purpose_of_driver,sex_of_driver,age_of_driver,age_band_of_driver,engine_capacity_cc,propulsion_code,age_of_vehicle,generic_make_model,driver_imd_decile,lsoa_of_driver,escooter_flag,driver_distance_banding
2024141474350,2024,141474350,1,1,0,-1,19,5,1,-1,0,0,5,0,0,0,1,1,-1,9,1,40,7,-1,-1,-1,-1,1,E01007508,0,1
2024101536194,2024,101536194,3,-1,0,-1,19,7,3,-1,0,4,0,0,0,0,1,1,-1,6,1,17,4,-1,-1,-1,-1,2,E01008645,1,1
2024340NN4342,2024,340NN4342,1,9,0,-1,3,1,5,-1,0,0,0,0,0,0,1,1,-1,6,1,-1,-1,-1,-1,-1,-1,-1,-1,0,-1
2024010489730,2024,010489730,1,19,0,-1,-1,1,5,0,0,2,0,0,0,0,3,1,6,6,1,28,6,-1,-1,-1,-1,2,E01033581,0,3
2024421511099,2024,421511099,1,9,0,-1,19,7,3,-1,0,0,0,4,0,0,0,1,-1,9,1,33,6,-1,-1,-1,-1,2,E01021312,0,2
2024111437975,2024,111437975,2,16,0,-1,19,8,3,-1,0,0,0,10,0,0,0,1,-1,9,2,60,9,-1,-1,-1,-1,5,E01034511,0,1
2024332400151,2024,332400151,2,23,0,-1,19,3,7,-1,0,2,1,0,7,0,1,1,-1,9,1,29,6,-1,-1,-1,-1,8,E01025687,0,2
2024010487238,2024,010487238,1,9,0,18,19,5,1,0,0,8,0,0,0,0,2,1,6,6,1,38,7,-1,-1,-1,-1,1,E01002066,0,2
2024031489659,2024,031489659,1,9,0,-1,19,5,1,-1,0,0,1,0,0,0,1,1,-1,9,2,52,8,-1,-1,-1,-1,5,E01019090,0,1
2024010526988,2024,010526988,1,1,9,99,99,9,9,99,99,9,9,99,9,99,9,1,2,2,1,54,8,-1,-1,-1,-1,3,E01004402,0,1
2024131459591,2024,131459591,1,97,0,-1,7,-1,-1,-1,0,2,-1,-1,-1,-1,-1,1,-1,6,3,-1,-1,-1,-1,-1,-1,-1,-1,0,-1
2024010494773,2024,010494773,1,9,0,99,99,9,9,99,99,9,9,99,9,99,1,9,6,6,3,34,6,-1,-1,-1,-1,5,E01000255,0,3
2024131467546,2024,131467546,2,1,0,-1,19,5,1,-1,0,8,5,0,0,0,1,1,-1,7,2,13,3,-1,-1,-1,-1,6,E01011214,0,1
2024340NN1042,2024,340NN1042,1,-1,0,-1,19,1,5,-1,9,0,5,0,0,0,1,1,-1,6,2,-1,-1,-1,-1,-1,-1,-1,-1,1,-1
2024010497176,2024,010497176,1,9,0,18,19,7,3,0,0,0,0,0,0,0,1,1,6,6,1,79,11,-1,-1,-1,-1,10,E01023885,0,2
2024501493185,2024,501493185,2,1,0,-1,10,6,2,-1,0,0,0,0,7,0,3,1,-1,9,1,54,8,-1,-1,-1,-1,5,E01018820,0,2
2024401534026,2024,401534026,2,1,0,-1,-1,-1,-1,-1,-1,-1,-1,-1,-1,0,4,1,-1,9,1,50,8,-1,-1,-1,-1,7,E01017513,0,1
2024010551498,2024,010551498,1,19,0,7,7,9,9,99,99,9,9,99,9,99,9,9,6,6,3,-1,-1,-1,-1,-1,-1,-1,-1,0,-1
2024010491738,2024,010491738,2,9,0,99,99,9,9,99,99,9,9,99,9,99,1,9,6,6,3,-1,-1,-1,-1,-1,-1,-1,-1,0,-1
2024411427160,2024,411427160,1,9,-1,-1,19,5,1,-1,0,0,0,0,0,0,3,9,-1,6,3,-1,-1,-1,-1,-1,-1,-1,-1,0,-1
2024332401222,2024,332401222,1,-1,0,-1,19,7,3,-1,0,0,0,0,0,0,2,1,-1,9,1,14,3,-1,-1,-1,-1,5,E01013648,1,1
2024010494856,2024,010494856,1,19,0,1,1,7,3,0,0,2,0,0,0,0,2,1,1,1,1,55,8,-1,-1,-1,-1,9,E01002430,0,4
2024201580146,2024,201580146,1,23,0,-1,5,7,7,-1,0,2,0,0,1,0,1,1,-1,6,1,15,3,-1,-1,-1,-1,1,E01009367,0,1
2024010525569,2024,010525569,2,1,0,18,19,5,1,0,0,1,5,99,9,99,9,1,6,6,1,45,7,-1,-1,-1,-1,6,E01004002,0,2
2024101516129,2024,101516129,1,9,-1,-1,19,2,6,-1,0,1,0,0,0,0,1,9,-1,1,1,48,8,-1,-1,-1,-1,1,E01008829,0,1
2024440558171,2024,440558171,1,9,0,17,19,1,7,0,0,8,0,0,0,0,4,1,2,2,1,18,4,-1,-1,-1,-1,9,E01017061,0,1
2024421476713,2024,421476713,1,9,0,-1,5,-1,-1,-1,0,6,0,0,0,0,-1,1,-1,6,3,-1,-1,-1,-1,-1,-1,-1,-1,0,-1
2024161462680,2024,161462680,2,1,0,-1,19,8,4,-1,0,0,0,0,0,0,0,1,-1,1,1,25,5,-1,-1,-1,-1,7,E01013393,0,3
2024061488167,2024,061488167,1,9,0,-1,19,8,4,-1,0,1,9,0,0,0,1,1,-1,6,3,-1,-1,-1,-1,-1,-1,-1,-1,0,-1
202460Q099672,2024,60Q099672,1,9,0,18,19,7,3,0,0,8,1,0,0,0,1,1,1,1,1,22,5,-1,-1,-1,-1,-1,-1,0,-1
2024371526440,2024,371526440,1,9,0,-1,19,1,6,-1,0,0,0,0,0,0,4,1,-1,6,1,26,6,-1,-1,-1,-1,3,E01030169,0,1
2024010492636,2024,010492636,1,9,9,99,99,9,9,99,99,9,9,99,9,99,9,9,6,6,3,-1,-1,-1,-1,-1,-1,-1,-1,0,-1
2024451435275,2024,451435275,4,9,0,-1,19,1,5,-1,0,0,0,0,0,0,2,1,-1,2,2,27,6,-1,-1,-1,-1,6,E01034289,0,3
2024010493347,2024,010493347,1,9,0,18,19,3,7,0,0,1,0,0,0,0,1,1,6,6,2,46,8,-1,-1,-1,-1,5,E01002611,0,2
2024411514797,2024,411514797,1,9,0,-1,19,7,3,-1,0,0,0,0,0,0,1,9,-1,6,3,35,6,-1,-1,-1,-1,-1,-1,0,-1
2024311424972,2024,311424972,1,-1,0,-1,19,3,5,-1,9,0,0,0,0,0,1,1,-1,6,1,-1,-1,-1,-1,-1,-1,-1,-1,1,-1
2024471505588,2024,471505588,1,9,0,-1,19,7,3,-1,0,1,0,0,0,0,4,1,-1,6,3,-1,-1,-1,-1,-1,-1,-1,-1,0,-1
2024010515241,2024,010515241,2,9,0,99,99,9,9,99,99,9,9,99,9,99,4,9,6,6,3,-1,-1,-1,-1,-1,-1,-1,-1,0,-1
2024141519579,2024,141519579,2,1,0,-1,19,3,7,-1,0,2,0,0,0,0,1,1,-1,1,1,26,6,-1,-1,-1,-1,1,E01007809,0,3
2024430435816,2024,430435816,1,9,0,9,9,2,8,0,0,6,0,0,0,0,3,1,6,6,1,78,11,-1,-1,-1,-1,7,E01016309,0,3
2024161533851,2024,161533851,2,9,0,-1,7,6,8,-1,0,8,0,0,0,0,4,9,-1,6,3,-1,-1,-1,-1,-1,-1,-1,-1,0,-1
2024131504439,2024,131504439,2,1,0,-1,19,1,5,-1,0,2,0,0,0,0,2,1,-1,6,1,35,6,-1,-1,-1,-1,1,E01010755,0,1
2024010490392,2024,010490392,1,9,0,2,2,0,0,0,0,1,0,0,0,0,4,1,6,6,3,-1,-1,-1,-1,-1,-1,-1,-1,0,-1
2024031441816,2024,031441816,1,5,0,-1,19,4,7,-1,0,0,1,0,7,0,1,1,-1,9,1,33,6,-1,-1,-1,-1,2,E01028112,0,5
2024501406247,2024,501406247,1,9,0,-1,19,8,4,-1,0,1,2,0,8,11,1,1,-1,6,2,27,6,-1,-1,-1,-1,5,E01018783,0,3
2024010523601,2024,010523601,1,1,9,99,99,9,9,99,99,0,9,99,9,99,9,1,2,2,1,43,7,-1,-1,-1,-1,2,E01003483,0,1
2024311480580,2024,311480580,2,9,0,-1,19,7,3,-1,0,2,0,0,0,0,4,1,-1,1,2,39,7,-1,-1,-1,-1,-1,-1,0,-1
2024010493179,2024,010493179,1,3,0,18,19,3,7,0,0,1,1,11,0,0,4,1,6,6,1,21,5,-1,-1,-1,-1,3,E01003024,0,1
2024010491503,2024,010491503,1,9,0,18,19,7,3,0,0,2,1,0,1,0,1,2,6,6,1,29,6,-1,-1,-1,-1,10,E01002153,0,1
2024010496331,2024,010496331,2,3,0,18,19,5,1,0,0,8,0,0,0,0,4,1,1,1,1,42,7,-1,-1,-1,-1,4,E01002079,0,1
2024421400250,2024,421400250,1,19,0,-1,1,7,3,-1,0,0,0,0,0,0,2,1,-1,1,1,50,8,-1,-1,-1,-1,6,E01021414,0,3
2024052402607,2024,052402607,2,1,0,18,19,5,1,0,0,1,0,0,0,0,0,1,6,6,1,38,7,-1,-1,-1,-1,1,E01007128,0,1
2024320323199,2024,320323199,1,5,0,13,13,2,6,0,0,0,2,0,0,0,4,1,6,6,1,50,8,-1,-1,-1,-1,6,E01026031,0,1
2024547414924,2024,547414924,1,1,0,18,19,4,8,9,9,0,0,0,0,0,1,1,6,6,3,-1,-1,-1,-1,-1,-1,-1,-1,0,-1
2024131560300,2024,131560300,2,1,0,-1,19,6,2,-1,0,1,0,0,0,0,1,1,-1,9,1,39,7,-1,-1,-1,-1,3,E01011783,0,1
2024131510100,2024,131510100,1,23,0,-1,-1,-1,-1,-1,-1,8,-1,-1,-1,0,-1,1,-1,6,3,-1,-1,-1,-1,-1,-1,-1,-1,0,-1
2024430016814,2024,430016814,1,9,0,9,9,6,4,0,0,6,0,0,0,0,1,1,2,2,1,56,9,-1,-1,-1,-1,10,E01022537,0,3
2024131513172,2024,131513172,1,9,0,-1,19,1,5,-1,0,0,0,0,0,0,1,1,-1,2,2,22,5,-1,-1,-1,-1,7,E01007399,0,3
2024201397922,2024,201397922,1,9,0,-1,19,1,2,-1,0,0,0,0,0,0,1,9,-1,6,2,-1,-1,-1,-1,-1,-1,-1,-1,0,-1
2024010529408,2024,010529408,1,9,0,18,19,1,5,0,0,8,0,0,0,0,4,1,6,6,1,49,8,-1,-1,-1,-1,4,E01004362,0,2
2024010549781,2024,010549781,1,9,0,99,99,9,9,99,99,9,9,99,9,99,2,9,6,6,2,44,7,-1,-1,-1,-1,6,E01001088,0,1
2024131399715,2024,131399715,1,9,0,-1,-1,-1,-1,-1,-1,0,-1,-1,-1,-1,-1,1,-1,6,3,-1,-1,-1,-1,-1,-1,-1,-1,0,-1
2024010543555,2024,010543555,1,1,9,99,99,9,9,99,99,9,9,99,9,99,9,1,1,1,1,32,6,-1,-1,-1,-1,2,E01003961,0,1
2024010493125,2024,010493125,1,9,0,18,19,1,5,0,0,8,0,0,0,0,1,1,6,6,1,47,8,-1,-1,-1,-1,4,E01003529,0,1
2024010527233,2024,010527233,2,1,3,9,9,1,6,0,0,8,1,0,0,0,2,1,6,6,1,24,5,-1,-1,-1,-1,4,E01001153,0,2
2024010530928,2024,010530928,1,1,0,18,19,2,6,0,0,0,5,0,0,0,1,1,6,6,1,39,7,-1,-1,-1,-1,4,E01003014,0,1
2024052402642,2024,052402642,1,22,0,18,19,3,7,0,0,0,5,0,0,0,1,1,6,6,1,77,11,-1,-1,-1,-1,6,E01006621,0,1
2024010528722,2024,010528722,2,1,0,18,19,1,5,0,0,0,0,0,0,0,3,1,2,2,1,78,11,-1,-1,-1,-1,3,E01001650,0,1
2024371476373,2024,371476373,5,9,0,-1,19,1,5,-1,0,1,0,0,0,0,1,1,-1,9,2,27,6,-1,-1,-1,-1,6,E01026797,0,4
2024201393814,2024,201393814,1,-1,0,-1,19,8,4,-1,9,0,0,0,0,0,1,1,-1,6,1,40,7,-1,-1,-1,-1,-1,-1,1,-1
2024131394330,2024,131394330,1,9,0,-1,19,6,2,-1,0,0,0,0,0,0,2,1,-1,1,2,31,6,-1,-1,-1,-1,3,E01007541,0,4
2024201435931,2024,201435931,2,9,0,-1,19,3,7,-1,0,8,0,0,0,0,4,9,-1,6,1,60,9,-1,-1,-1,-1,2,E01010564,0,1
2024622400713,2024,622400713,2,1,0,18,19,8,4,0,0,0,0,0,0,0,1,1,6,6,1,52,8,-1,-1,-1,-1,2,W01001169,0,2
2024161473030,2024,161473030,2,9,0,-1,4,6,2,-1,0,0,0,0,0,0,1,9,-1,6,3,-1,-1,-1,-1,-1,-1,-1,-1,0,-1
2024201421365,2024,201421365,1,9,0,-1,5,2,6,-1,0,8,0,0,0,0,3,9,-1,6,1,37,7,-1,-1,-1,-1,-1,-1,0,-1
2024052400261,2024,052400261,2,1,0,18,19,6,2,0,0,8,0,0,0,0,1,1,6,6,1,19,4,-1,-1,-1,-1,8,E01007268,0,1
2024010541166,2024,010541166,2,1,0,9,9,8,6,0,0,5,0,0,0,0,1,1,6,6,1,48,8,-1,-1,-1,-1,7,E01004483,0,1
2024501511702,2024,501511702,1,9,0,-1,7,5,3,-1,0,2,0,0,3,1,1,1,-1,9,2,37,7,-1,-1,-1,-1,4,E01015077,0,4
2024421497764,2024,421497764,1,9,0,-1,-1,-1,-1,-1,-1,0,-1,-1,-1,0,-1,9,-1,6,3,-1,-1,-1,-1,-1,-1,-1,-1,0,-1
2024201534016,2024,201534016,2,1,0,-1,9,8,6,-1,0,5,0,0,0,0,1,1,-1,6,1,76,11,-1,-1,-1,-1,3,E01010112,0,1
2024461469482,2024,461469482,1,9,0,-1,4,3,7,-1,0,0,0,0,0,0,1,9,-1,6,3,18,4,-1,-1,-1,-1,-1,-1,0,-1
2024061407601,2024,061407601,2,1,0,-1,9,-1,-1,-1,0,-1,-1,-1,-1,0,1,1,-1,6,1,53,8,-1,-1,-1,-1,4,E01005295,0,2
2024622400308,2024,622400308,1,10,0,18,19,6,2,0,0,0,0,4,0,0,1,1,6,6,2,26,6,-1,-1,-1,-1,3,W01001137,0,1
2024061523113,2024,061523113,1,8,0,-1,5,5,1,-1,0,1,0,0,0,0,2,9,-1,1,1,-1,-1,-1,-1,-1,-1,-1,-1,0,-1
2024010526265,2024,010526265,1,1,9,99,99,9,9,99,99,1,9,99,9,99,1,1,2,2,1,45,7,-1,-1,-1,-1,3,E01003235,0,2
2024010524140,2024,010524140,1,1,0,7,7,5,7,0,0,4,0,0,0,0,1,1,6,6,1,20,4,-1,-1,-1,-1,6,E01001248,0,1
2024010535643,2024,010535643,1,1,9,99,99,9,9,99,99,9,9,99,9,99,9,1,2,2,1,43,7,-1,-1,-1,-1,8,E01002289,0,1
2024010489254,2024,010489254,1,11,0,5,5,1,5,0,0,8,0,0,0,0,0,1,1,1,1,38,7,-1,-1,-1,-1,3,E01003911,0,1
2024411419855,2024,411419855,2,1,0,-1,3,3,7,-1,4,8,0,0,0,0,1,1,-1,1,1,54,8,-1,-1,-1,-1,10,E01023721,0,1
2024471504059,2024,471504059,2,9,0,-1,19,1,5,-1,99,3,0,99,3,0,4,1,-1,6,3,-1,-1,-1,-1,-1,-1,-1,-1,0,-1
2024549896024,2024,549896024,1,-1,0,18,19,8,4,9,9,0,0,0,0,0,1,1,6,6,1,-1,-1,-1,-1,-1,-1,-1,-1,1,-1
202460Q051359,2024,60Q051359,2,1,0,18,19,7,3,0,0,4,0,0,0,0,1,1,6,6,1,47,8,-1,-1,-1,-1,-1,-1,0,-1
2024061488928,2024,061488928,2,9,0,-1,19,7,3,-1,0,1,0,0,0,0,1,1,-1,9,2,42,7,-1,-1,-1,-1,-1,-1,0,-1
2024461506885,2024,461506885,2,9,0,-1,19,2,6,-1,0,3,0,0,0,0,4,1,-1,6,1,-1,-1,-1,-1,-1,-1,-1,-1,0,-1
2024041435655,2024,041435655,2,22,0,-1,19,5,1,-1,0,1,0,0,0,0,3,9,-1,6,2,56,9,-1,-1,-1,-1,2,E01012608,0,1
2024332400124,2024,332400124,2,9,0,-1,19,1,5,-1,0,1,0,0,0,0,1,1,-1,6,3,-1,-1,-1,-1,-1,-1,-1,-1,0,-1
2024070337406,2024,070337406,1,9,0,18,19,6,2,0,0,2,0,0,0,0,1,1,6,6,1,33,6,-1,-1,-1,-1,-1,-1,0,-1
2024622400273,2024,622400273,2,8,0,16,19,8,4,0,0,0,1,7,0,0,2,1,2,2,1,40,7,-1,-1,-1,-1,8,W01001815,0,3
2024010490099,2024,010490099,1,9,0,9,9,5,2,0,0,8,0,0,0,0,4,1,1,1,2,28,6,-1,-1,-1,-1,3,E01001445,0,3
2024010495407,2024,010495407,2,1,0,18,19,5,1,0,0,0,0,0,0,0,2,1,2,2,2,29,6,-1,-1,-1,-1,5,E01003142,0,1
2024440503640,2024,440503640,1,1,0,18,19,3,7,0,0,0,0,0,0,0,1,1,4,7,1,12,3,-1,-1,-1,-1,5,E01017096,0,1
2024010505141,2024,010505141,2,1,9,99,99,9,9,99,99,9,9,99,9,99,1,1,6,6,3,-1,-1,-1,-1,-1,-1,-1,-1,0,-1
2024481510889,2024,481510889,1,1,0,-1,19,7,3,-1,0,1,0,0,0,0,1,1,-1,9,1,26,6,-1,-1,-1,-1,-1,-1,0,-1
2024131478145,2024,131478145,1,2,0,-1,19,7,3,-1,0,8,0,10,0,0,1,1,-1,9,1,18,4,-1,-1,-1,-1,6,E01011012,0,1
2024010507818,2024,010507818,2,1,0,18,19,1,5,0,0,1,0,0,0,0,3,1,1,1,1,30,6,-1,-1,-1,-1,2,E01001750,0,1
2024451485111,2024,451485111,2,9,0,-1,4,5,1,-1,0,0,0,0,0,0,1,9,-1,6,1,25,5,-1,-1,-1,-1,-1,-1,0,-1
2024320713066,2024,320713066,1,9,0,-1,-1,4,8,0,0,0,0,0,0,0,4,1,6,6,3,-1,-1,-1,-1,-1,-1,-1,-1,0,-1
2024451483510,2024,451483510,1,9,0,-1,2,4,5,-1,0,0,0,0,0,0,1,1,-1,6,1,78,11,-1,-1,-1,-1,8,E01030567,0,1
2024010510862,2024,010510862,1,9,0,99,99,9,9,99,99,0,9,99,9,99,9,1,6,6,3,-1,-1,-1,-1,-1,-1,-1,-1,0,-1
2024101401518,2024,101401518,2,9,0,-1,19,5,1,-1,0,4,0,0,1,0,1,9,-1,6,3,-1,-1,-1,-1,-1,-1,-1,-1,0,-1
2024010551389,2024,010551389,1,8,0,7,7,4,7,0,0,6,0,0,0,0,1,1,6,6,3,-1,-1,-1,-1,-1,-1,-1,-1,0,-1
2024411521633,2024,411521633,1,98,0,-1,19,7,3,-1,0,0,1,0,0,0,1,1,-1,6,1,52,8,-1,-1,-1,-1,10,E01027595,0,5
2024052401851,2024,052401851,2,1,0,18,19,3,7,0,0,0,0,0,0,0,3,1,6,6,1,10,2,-1,-1,-1,-1,2,E01006496,0,1
2024201407259,2024,201407259,1,9,0,-1,3,6,6,-1,0,0,0,0,0,0,1,9,-1,6,1,-1,-1,-1,-1,-1,-1,-1,-1,0,-1
2024991461901,2024,991461901,1,1,0,-1,9,7,4,-1,0,0,0,0,0,0,3,1,-1,6,1,27,6,-1,-1,-1,-1,7,-1,0,1
2024061468776,2024,061468776,2,1,0,-1,19,6,3,-1,0,3,0,0,0,0,1,1,-1,2,1,53,8,-1,-1,-1,-1,5,E01005873,0,1
2024340WN1412,2024,340WN1412,1,9,0,-1,5,6,2,-1,0,8,0,0,7,0,1,1,-1,9,1,55,8,-1,-1,-1,-1,8,E01027141,0,1
2024041512008,2024,041512008,1,9,0,-1,19,7,3,-1,0,0,0,0,0,0,1,9,-1,6,3,-1,-1,-1,-1,-1,-1,-1,-1,0,-1
2024010521096,2024,010521096,1,1,9,99,99,9,9,99,99,9,9,99,9,99,9,1,2,2,1,31,6,-1,-1,-1,-1,4,E01033929,0,1
2024010543676,2024,010543676,2,1,0,18,19,7,3,0,0,1,5,0,0,0,1,1,6,6,2,20,4,-1,-1,-1,-1,3,E01004413,0,3
2024031526492,2024,031526492,1,9,0,-1,9,3,1,-1,0,6,0,0,0,0,1,1,-1,9,1,36,7,-1,-1,-1,-1,5,E01019371,0,1
2024201528863,2024,201528863,2,1,0,-1,19,3,7,-1,0,8,0,0,0,0,1,1,-1,6,1,16,4,-1,-1,-1,-1,6,E01009529,0,1
2024471395483,2024,471395483,2,9,0,-1,3,5,3,-1,0,0,0,0,0,0,2,1,-1,9,1,72,10,-1,-1,-1,-1,3,E01020975,0,4
2024471466399,2024,471466399,2,1,0,-1,19,7,3,-1,0,0,0,0,0,0,3,1,-1,2,1,56,9,-1,-1,-1,-1,2,E01021049,0,1
2024041434483,2024,041434483,1,9,0,-1,19,-1,-1,-1,0,1,0,0,0,0,1,9,-1,6,2,-1,-1,-1,-1,-1,-1,-1,-1,0,-1
2024041414714,2024,041414714,2,9,0,-1,19,7,3,-1,0,1,0,0,0,0,1,1,-1,6,2,52,8,-1,-1,-1,-1,7,E01025563,0,2
2024421509965,2024,421509965,2,1,0,-1,19,5,1,-1,0,0,0,0,0,0,4,1,-1,7,1,14,3,-1,-1,-1,-1,9,E01015845,0,1
2024010503003,2024,010503003,2,9,0,99,99,9,9,99,99,0,9,99,9,99,9,9,6,6,3,-1,-1,-1,-1,-1,-1,-1,-1,0,-1
2024010509476,2024,010509476,1,1,9,99,99,9,9,99,99,9,9,99,9,99,1,1,6,6,3,-1,-1,-1,-1,-1,-1,-1,-1,0,-1
2024351414554,2024,351414554,1,9,0,-1,19,-1,-1,-1,0,0,0,0,0,0,3,9,-1,6,3,-1,-1,-1,-1,-1,-1,-1,-1,0,-1
2024010514483,2024,010514483,2,9,0,99,99,9,9,99,99,9,9,99,9,99,1,9,6,6,3,34,6,-1,-1,-1,-1,-1,-1,0,-1
2024201476820,2024,201476820,1,9,0,-1,19,6,2,-1,0,8,0,0,0,0,1,9,-1,6,1,-1,-1,-1,-1,-1,-1,-1,-1,0,-1
2024430517540,2024,430517540,1,9,0,18,19,2,6,0,0,0,0,0,0,0,1,1,6,6,1,25,5,-1,-1,-1,-1,-1,-1,0,-1
2024010492176,2024,010492176,2,1,0,8,8,3,4,0,0,1,0,0,0,0,1,1,1,1,1,58,9,-1,-1,-1,-1,1,E01001740,0,1
2024440538660,2024,440538660,1,1,0,18,19,3,7,0,0,1,0,0,0,0,3,1,6,6,1,72,10,-1,-1,-1,-1,3,E01017346,0,1
2024332400765,2024,332400765,2,9,0,-1,19,5,1,-1,0,1,0,0,1,7,2,1,-1,9,1,23,5,-1,-1,-1,-1,4,E01029462,0,4
2024010493205,2024,010493205,1,3,0,99,99,9,9,99,99,9,9,99,9,99,9,1,2,2,3,30,6,-1,-1,-1,-1,5,E01003142,0,1
2024440224369,2024,440224369,2,1,0,14,14,6,2,0,0,0,0,8,0,0,1,1,6,6,1,30,6,-1,-1,-1,-1,5,E01017024,0,1
2024141468703,2024,141468703,1,9,0,-1,19,3,7,-1,0,0,0,0,0,0,4,9,-1,6,3,-1,-1,-1,-1,-1,-1,-1,-1,0,-1
2024010488272,2024,010488272,1,9,0,18,19,1,5,0,0,8,0,0,0,0,1,1,2,2,1,23,5,-1,-1,-1,-1,3,E01003563,0,1
2024430006789,2024,430006789,2,9,0,3,3,6,2,0,0,0,0,0,0,0,2,1,3,7,2,36,7,-1,-1,-1,-1,3,E01028524,0,1
2024041489689,2024,041489689,2,9,0,-1,19,5,1,-1,0,0,0,0,1,7,1,1,-1,6,1,37,7,-1,-1,-1,-1,1,E01009047,0,5
2024010540982,2024,010540982,2,1,0,18,19,3,7,0,0,1,0,0,9,99,3,1,6,6,1,34,6,-1,-1,-1,-1,6,E01004395,0,4
2024501414681,2024,501414681,1,90,0,-1,19,5,2,-1,0,0,5,11,0,0,4,9,-1,6,2,36,7,-1,-1,-1,-1,5,E01015215,0,1
2024501447919,2024,501447919,1,90,0,-1,5,8,4,-1,0,0,0,0,0,0,4,1,-1,6,-1,-1,-1,-1,-1,-1,-1,-1,-1,0,-1
2024111528074,2024,111528074,1,9,0,-1,19,2,6,-1,0,0,0,0,0,0,1,1,-1,6,3,30,6,-1,-1,-1,-1,-1,-1,0,-1
2024010503533,2024,010503533,1,1,9,99,99,9,9,99,99,9,9,99,9,99,9,1,6,6,2,31,6,-1,-1,-1,-1,5,E01004591,0,1
2024010497912,2024,010497912,2,9,0,99,99,9,9,99,99,9,9,99,9,99,9,9,6,6,3,-1,-1,-1,-1,-1,-1,4,E01002079,0,1
2024010545873,2024,010545873,2,1,9,99,99,9,9,99,99,9,9,99,0,0,9,1,3,7,1,14,3,-1,-1,-1,-1,7,E01003270,0,1
2024010532295,2024,010532295,2,11,0,9,9,5,3,0,0,8,0,0,0,0,2,1,6,6,3,-1,-1,-1,-1,-1,-1,-1,-1,0,-1
2024371427330,2024,371427330,2,1,0,-1,19,3,7,-1,5,0,0,0,0,0,0,1,-1,9,2,59,9,-1,-1,-1,-1,2,E01030079,0,1
2024010492654,2024,010492654,1,9,0,9,9,5,2,0,0,6,0,0,0,0,1,1,2,2,1,69,10,-1,-1,-1,-1,6,E01000069,0,1
2024010494231,2024,010494231,2,19,0,99,99,9,9,99,99,9,9,99,9,99,1,9,6,6,1,48,8,-1,-1,-1,-1,2,E01001263,0,1
2024010535456,2024,010535456,1,1,0,18,19,1,5,0,0,1,0,0,0,0,3,1,6,6,1,22,5,-1,-1,-1,-1,3,E01003288,0,1
2024031485628,2024,031485628,1,9,0,-1,19,2,5,-1,0,0,0,4,0,0,1,1,-1,9,1,20,4,-1,-1,-1,-1,4,E01019218,0,1
2024501531281,2024,501531281,2,1,0,-1,2,0,0,-1,9,0,0,0,7,0,1,1,-1,6,1,15,3,-1,-1,-1,-1,7,E01015035,0,1
2024010537808,2024,010537808,1,9,0,99,99,9,9,99,99,9,9,99,9,99,9,9,6,6,3,-1,-1,-1,-1,-1,-1,-1,-1,0,-1
2024471458901,2024,471458901,2,23,0,-1,6,3,3,-1,9,0,0,0,0,0,4,1,-1,6,3,-1,-1,-1,-1,-1,-1,-1,-1,0,-1
2024010540788,2024,010540788,2,1,9,99,99,9,9,0,0,0,9,99,9,99,0,1,6,6,1,-1,-1,-1,-1,-1,-1,-1,-1,0,-1
2024010551142,2024,010551142,1,1,9,99,99,9,9,99,99,9,9,99,9,99,1,1,6,6,2,58,9,-1,-1,-1,-1,3,E01001983,0,1
2024141510282,2024,141510282,1,9,0,-1,7,4,7,-1,0,3,0,0,0,0,1,9,-1,6,1,-1,-1,-1,-1,-1,-1,-1,-1,0,-1
2024531434647,2024,531434647,1,9,0,-1,19,3,7,-1,0,0,0,0,0,0,1,1,-1,2,1,33,6,-1,-1,-1,-1,4,E01032430,0,4
2024440446540,2024,440446540,1,1,0,4,4,7,3,0,0,8,-1,0,0,0,3,1,6,6,2,13,3,-1,-1,-1,-1,4,E01023120,0,1
2024631535349,2024,631535349,2,1,0,-1,19,2,6,-1,-1,8,0,0,0,0,1,1,-1,6,1,13,3,-1,-1,-1,-1,6,W01000664,0,1
2024141431866,2024,141431866,2,9,0,-1,19,5,7,-1,0,3,0,0,0,0,2,9,-1,6,3,24,5,-1,-1,-1,-1,-1,-1,0,-1
2024011437269,2024,011437269,1,11,0,-1,19,5,1,-1,0,0,0,0,0,0,1,1,-1,1,1,70,10,-1,-1,-1,-1,-1,-1,0,-1
2024010528302,2024,010528302,1,1,9,99,99,9,9,99,99,9,9,99,9,99,9,1,2,2,1,41,7,-1,-1,-1,-1,8,E01030991,0,4
2024311449657,2024,311449657,1,1,0,-1,19,2,6,-1,0,1,1,0,0,0,1,1,-1,6,1,50,8,-1,-1,-1,-1,5,E01013542,0,4
2024501406675,2024,501406675,2,9,0,-1,10,7,5,-1,0,1,0,0,0,0,2,1,-1,6,2,51,8,-1,-1,-1,-1,8,E01015120,0,1
2024991416449,2024,991416449,2,1,0,-1,19,5,8,-1,0,8,0,0,0,0,1,1,-1,6,1,47,8,-1,-1,-1,-1,10,-1,0,1
2024161471869,2024,161471869,1,1,0,-1,19,3,7,-1,4,0,0,0,1,7,0,1,-1,6,3,-1,-1,-1,-1,-1,-1,-1,-1,0,-1
2024010528347,2024,010528347,2,1,0,18,19,5,1,0,0,8,0,0,0,0,3,1,6,6,1,23,5,-1,-1,-1,-1,3,E01033150,0,1
2024010491728,2024,010491728,2,9,0,99,99,9,9,99,99,9,9,99,9,99,1,9,6,6,3,-1,-1,-1,-1,-1,-1,-1,-1,0,-1
2024991421621,2024,991421621,1,9,0,-1,13,2,6,-1,0,0,0,0,8,9,1,1,-1,9,1,59,9,-1,-1,-1,-1,-1,-1,0,-1