collision_index,collision_year,collision_ref_no,vehicle_reference,vehicle_type,towing_and_articulation,vehicle_manoeuvre_historic,vehicle_manoeuvre,vehicle_direction_from,vehicle_direction_to,vehicle_location_restricted_lane_historic,vehicle_location_restricted_lane,junction_location,skidding_and_overturning,hit_object_in_carriageway,vehicle_leaving_carriageway,hit_object_off_carriageway,first_point_of_impact,vehicle_left_hand_drive,journey_purpose_of_driver_historic,journey_purpose_of_driver,sex_of_driver,age_of_driver,age_band_of_driver,engine_capacity_cc,propulsion_code,age_of_vehicle,generic_make_model,driver_imd_decile,lsoa_of_driver,escooter_flag,driver_distance_banding
2024421456566,2024,421456566,2,1,0,-1,14,7,5,-1,0,2,0,0,0,0,1,1,-1,2,1,41,7,-1,-1,-1,-1,10,E01021517,0,1
2024010510641,2024,010510641,1,9,9,99,99,9,9,99,99,9,9,99,9,99,9,9,6,6,3,-1,-1,-1,-1,-1,-1,-1,-1,0,-1
2024041431464,2024,041431464,1,9,0,-1,5,8,4,-1,0,4,0,0,0,0,1,1,-1,9,2,41,7,-1,-1,-1,-1,2,E01024890,0,1
2024131424086,2024,131424086,2,1,0,-1,19,8,4,-1,0,1,0,0,0,0,1,1,-1,6,1,32,6,-1,-1,-1,-1,5,E01010903,0,1
2024010517395,2024,010517395,1,8,0,5,5,1,5,0,0,1,0,0,0,0,1,1,1,1,1,47,8,-1,-1,-1,-1,4,E01002752,0,2
2024010493890,2024,010493890,1,9,0,5,5,7,3,0,0,1,0,0,0,0,4,1,6,6,2,33,6,-1,-1,-1,-1,4,E01002593,0,2
2024161486255,2024,161486255,2,9,0,-1,10,6,2,-1,0,0,0,0,0,0,2,1,-1,6,1,34,6,-1,-1,-1,-1,6,E01013095,0,1
2024010489887,2024,010489887,1,1,9,99,99,9,9,99,99,9,9,99,9,99,1,1,2,2,2,27,6,-1,-1,-1,-1,5,E01004065,0,1
2024340WN3532,2024,340WN3532,1,9,0,-1,11,1,5,-1,0,3,0,0,0,0,0,1,-1,6,3,-1,-1,-1,-1,-1,-1,-1,-1,0,-1
2024430019942,2024,430019942,4,9,0,18,19,3,7,0,0,0,1,0,0,0,1,1,1,1,2,49,8,-1,-1,-1,-1,5,E01003076,0,4
2024161448194,2024,161448194,2,9,0,-1,9,8,6,-1,0,1,0,0,0,0,3,1,-1,6,2,25,5,-1,-1,-1,-1,4,E01013049,0,2
2024471423266,2024,471423266,2,90,0,-1,19,1,5,-1,0,0,0,0,0,0,1,1,-1,1,1,62,9,-1,-1,-1,-1,4,E01031605,0,1
2024010521628,2024,010521628,1,1,9,99,99,9,9,99,99,9,9,99,9,99,1,1,2,2,1,28,6,-1,-1,-1,-1,3,E01032765,0,1
2024531495441,2024,531495441,2,1,0,-1,19,8,4,-1,0,0,5,0,0,0,0,1,-1,9,2,32,6,-1,-1,-1,-1,3,E01022121,0,1
2024991468532,2024,991468532,2,9,0,-1,19,4,8,-1,0,8,0,0,0,0,1,1,-1,6,2,22,5,-1,-1,-1,-1,1,-1,0,1
2024010521631,2024,010521631,2,1,0,5,5,5,1,0,0,2,0,0,0,0,4,1,6,6,1,16,4,-1,-1,-1,-1,3,E01003533,0,1
2024421499640,2024,421499640,1,1,0,-1,19,4,8,-1,0,0,0,0,1,10,3,1,-1,9,1,57,9,-1,-1,-1,-1,3,E01021289,0,2
2024010542983,2024,010542983,2,1,0,18,19,1,5,0,0,1,0,0,0,0,1,1,2,2,1,27,6,-1,-1,-1,-1,4,E01004756,0,3
2024041443074,2024,041443074,1,9,0,-1,19,1,7,-1,0,4,0,0,0,0,1,1,-1,9,1,59,9,-1,-1,-1,-1,6,E01005365,0,4
2024211530966,2024,211530966,2,1,0,-1,19,7,4,-1,0,1,0,0,0,0,1,1,-1,6,1,55,8,-1,-1,-1,-1,-1,-1,0,-1
2024430557900,2024,430557900,2,1,0,4,4,7,3,0,0,1,0,0,0,0,3,1,6,6,1,52,8,-1,-1,-1,-1,5,E01016406,0,1
2024311458002,2024,311458002,2,9,0,-1,5,8,8,-1,0,0,0,0,0,0,1,1,-1,1,1,39,7,-1,-1,-1,-1,5,E01010418,0,4
2024351526992,2024,351526992,2,1,0,-1,-1,-1,-1,-1,-1,-1,-1,-1,-1,0,1,1,-1,7,2,15,3,-1,-1,-1,-1,6,E01017994,0,1
2024430036583,2024,430036583,1,21,1,18,19,3,7,0,0,1,0,0,0,0,1,2,1,1,1,49,8,-1,-1,-1,-1,-1,-1,0,-1
2024461528249,2024,461528249,1,97,0,-1,19,3,7,-1,0,0,0,0,0,0,1,1,-1,6,1,-1,-1,-1,-1,-1,-1,-1,-1,0,-1
2024440404559,2024,440404559,1,9,0,18,19,5,1,0,0,7,0,0,0,0,2,1,6,6,2,23,5,-1,-1,-1,-1,7,E01033860,0,4
2024122401076,2024,122401076,1,1,0,4,4,7,3,0,0,0,0,10,0,0,1,1,6,6,1,25,5,-1,-1,-1,-1,3,E01002710,0,5
2024201532993,2024,201532993,1,99,0,-1,19,3,6,-1,0,0,0,0,0,0,1,1,-1,6,3,18,4,-1,-1,-1,-1,-1,-1,0,-1
2024311506503,2024,311506503,2,9,0,-1,19,3,7,-1,0,4,0,0,0,0,4,1,-1,6,2,40,7,-1,-1,-1,-1,9,E01028394,0,2
2024131482673,2024,131482673,1,1,0,-1,19,3,7,-1,0,8,0,0,0,0,1,1,-1,9,1,8,2,-1,-1,-1,-1,2,E01011253,0,1
2024052400682,2024,052400682,1,8,0,18,19,3,7,0,0,0,0,0,0,0,1,1,1,1,3,-1,-1,-1,-1,-1,-1,-1,-1,0,-1
2024010509809,2024,010509809,2,1,0,18,19,5,1,0,0,1,0,0,0,0,1,1,2,2,1,39,7,-1,-1,-1,-1,4,E01001286,0,1
2024010521751,2024,010521751,1,9,0,18,19,4,8,0,0,0,0,0,0,0,1,1,6,6,1,23,5,-1,-1,-1,-1,-1,-1,0,-1
2024052400939,2024,052400939,1,9,0,9,9,7,5,0,0,1,0,0,0,0,3,1,6,6,3,-1,-1,-1,-1,-1,-1,-1,-1,0,-1
2024520401193,2024,520401193,3,9,0,17,19,6,4,0,0,0,0,0,0,0,1,1,6,6,1,30,6,-1,-1,-1,-1,3,E01029341,0,2
2024131458485,2024,131458485,1,9,0,-1,-1,-1,-1,-1,-1,0,-1,-1,-1,-1,-1,1,-1,6,3,-1,-1,-1,-1,-1,-1,-1,-1,0,-1
2024010525926,2024,010525926,1,1,9,99,99,9,9,99,99,9,9,99,9,99,1,1,6,6,1,28,6,-1,-1,-1,-1,8,E01002922,0,1
2024010513103,2024,010513103,2,1,9,99,99,9,9,99,99,9,9,99,9,99,1,1,6,6,3,-1,-1,-1,-1,-1,-1,-1,-1,0,-1
2024010488382,2024,010488382,2,9,0,99,99,9,9,99,99,9,9,99,9,99,1,9,6,6,3,-1,-1,-1,-1,-1,-1,-1,-1,0,-1
2024302400020,2024,302400020,2,9,0,18,19,1,5,0,0,0,0,0,0,0,0,1,6,6,3,-1,-1,-1,-1,-1,-1,5,E01019456,0,4
2024010493097,2024,010493097,1,1,9,99,99,9,9,99,99,9,9,99,9,99,1,1,6,6,1,57,9,-1,-1,-1,-1,3,E01032765,0,1
2024451529436,2024,451529436,1,9,0,-1,9,3,1,-1,0,8,0,0,0,0,3,1,-1,9,1,25,5,-1,-1,-1,-1,9,E01030639,0,1
2024111451516,2024,111451516,1,9,0,-1,19,6,4,-1,0,1,0,0,0,0,1,1,-1,6,2,30,6,-1,-1,-1,-1,-1,-1,0,-1
2024421412924,2024,421412924,1,9,0,-1,19,-1,-1,-1,0,0,0,0,0,0,1,1,-1,6,3,-1,-1,-1,-1,-1,-1,-1,-1,0,-1
2024052400550,2024,052400550,1,1,0,18,19,2,6,0,0,0,0,0,0,0,1,1,6,6,1,35,6,-1,-1,-1,-1,2,E01006712,0,1
2024471488938,2024,471488938,1,98,0,-1,19,7,3,-1,5,0,0,0,0,0,1,9,-1,6,3,-1,-1,-1,-1,-1,-1,-1,-1,0,-1
2024991439191,2024,991439191,1,9,0,-1,4,2,6,-1,0,1,0,0,0,0,4,1,-1,9,1,30,6,-1,-1,-1,-1,4,-1,0,3
2024010491402,2024,010491402,1,11,0,5,5,1,5,0,0,2,0,0,0,0,0,1,1,1,1,48,8,-1,-1,-1,-1,1,E01003515,0,2
2024010540334,2024,010540334,2,9,9,99,99,9,9,0,0,5,9,99,9,99,9,9,6,6,3,-1,-1,-1,-1,-1,-1,-1,-1,0,-1
2024461497677,2024,461497677,2,1,0,-1,19,-1,-1,-1,0,1,0,0,0,0,1,1,-1,6,1,-1,-1,-1,-1,-1,-1,8,E01024343,0,1
2024332400925,2024,332400925,2,1,0,-1,19,5,1,-1,0,8,0,0,0,0,1,1,-1,6,2,63,9,-1,-1,-1,-1,9,E01007425,0,5
2024351402480,2024,351402480,2,9,0,-1,10,1,5,-1,0,0,0,0,0,0,4,9,-1,9,1,71,10,-1,-1,-1,-1,7,E01026341,0,4
2024622400510,2024,622400510,1,9,0,18,19,2,6,0,0,8,0,0,0,0,1,1,6,6,2,28,6,-1,-1,-1,-1,1,W01001696,0,1
2024430025722,2024,430025722,1,9,0,18,19,8,4,0,0,1,0,0,0,0,4,1,6,6,3,-1,-1,-1,-1,-1,-1,-1,-1,0,-1
2024201433805,2024,201433805,2,9,0,-1,5,5,1,-1,0,0,0,0,0,0,1,9,-1,6,1,37,7,-1,-1,-1,-1,6,E01009975,0,1
2024201491300,2024,201491300,2,1,0,-1,19,2,6,-1,0,0,0,0,0,0,3,1,-1,9,1,14,3,-1,-1,-1,-1,2,E01010481,0,3
2024131488480,2024,131488480,2,9,0,-1,19,4,8,-1,0,0,0,0,0,0,3,1,-1,9,1,24,5,-1,-1,-1,-1,10,E01011213,0,1
2024131527893,2024,131527893,2,90,0,-1,-1,-1,-1,-1,-1,8,-1,-1,-1,0,1,1,-1,6,3,-1,-1,-1,-1,-1,-1,-1,-1,0,-1
2024052401343,2024,052401343,1,9,0,9,9,8,6,0,0,8,1,7,0,0,4,1,6,6,2,53,8,-1,-1,-1,-1,-1,-1,0,-1
2024302401549,2024,302401549,1,9,0,16,19,4,7,0,0,2,0,0,0,0,3,1,6,6,3,-1,-1,-1,-1,-1,-1,5,E01019456,0,3
2024440088236,2024,440088236,2,19,0,18,19,6,2,0,0,1,0,0,0,0,3,1,6,6,1,-1,-1,-1,-1,-1,-1,-1,-1,0,-1
2024501458175,2024,501458175,1,1,0,-1,19,2,6,-1,0,6,5,0,0,0,9,1,-1,6,1,14,3,-1,-1,-1,-1,8,E01015034,0,1
2024451439762,2024,451439762,1,1,0,-1,19,5,1,-1,0,0,0,0,0,0,1,1,-1,9,1,42,7,-1,-1,-1,-1,10,E01016196,0,1
2024371518035,2024,371518035,2,1,-1,-1,-1,-1,-1,-1,-1,-1,-1,-1,-1,0,-1,1,-1,7,2,12,3,-1,-1,-1,-1,2,E01030024,0,1
2024544727124,2024,544727124,3,9,0,7,7,7,1,0,0,6,0,0,0,0,3,1,6,6,2,75,10,-1,-1,-1,-1,10,E01015533,0,1
2024430045806,2024,430045806,1,9,0,17,19,3,1,0,0,1,0,0,0,0,1,1,6,6,1,-1,-1,-1,-1,-1,-1,-1,-1,0,-1
2024531533705,2024,531533705,2,1,0,-1,19,2,6,-1,0,1,0,0,0,0,1,1,-1,6,2,41,7,-1,-1,-1,-1,10,E01022114,0,1
2024340WN2952,2024,340WN2952,2,1,0,-1,9,5,1,-1,0,1,0,0,0,0,1,1,-1,6,1,42,7,-1,-1,-1,-1,4,E01027187,0,1
2024141425629,2024,141425629,3,90,0,-1,19,5,1,-1,0,0,0,0,0,0,3,1,-1,6,3,-1,-1,-1,-1,-1,-1,-1,-1,0,-1
2024010535867,2024,010535867,1,9,0,99,99,9,9,99,99,9,9,99,9,99,1,1,6,6,3,-1,-1,-1,-1,-1,-1,-1,-1,0,-1
2024010525786,2024,010525786,1,1,0,14,14,1,5,0,0,0,0,8,0,0,1,1,2,2,1,51,8,-1,-1,-1,-1,5,E01004733,0,1
2024061453668,2024,061453668,4,9,0,-1,13,4,8,-1,0,0,1,0,0,0,1,9,-1,6,1,27,6,-1,-1,-1,-1,-1,-1,0,-1
2024041476605,2024,041476605,1,90,0,-1,1,3,7,-1,0,6,0,0,0,0,2,1,-1,1,1,27,6,-1,-1,-1,-1,3,E01006282,0,4
2024471403185,2024,471403185,1,9,0,-1,19,1,5,-1,0,0,0,0,0,0,1,9,-1,6,1,-1,-1,-1,-1,-1,-1,-1,-1,0,-1
2024052402222,2024,052402222,2,1,0,18,19,8,4,0,0,0,0,0,0,0,1,1,6,6,1,42,7,-1,-1,-1,-1,3,E01006793,0,2
2024351490662,2024,351490662,2,-1,0,-1,19,-1,-1,-1,9,0,0,0,0,0,0,1,-1,2,1,20,4,-1,-1,-1,-1,9,E01017988,1,1
2024461484284,2024,461484284,1,22,0,-1,5,3,7,-1,0,6,0,0,0,0,3,1,-1,9,1,93,11,-1,-1,-1,-1,6,E01024250,0,1
2024010505082,2024,010505082,1,1,9,99,99,9,9,99,99,9,9,99,9,99,1,1,6,6,2,25,5,-1,-1,-1,-1,5,E01004366,0,1
2024010539395,2024,010539395,1,9,0,3,3,5,1,0,0,1,0,0,0,0,2,1,2,2,1,30,6,-1,-1,-1,-1,4,E01034030,0,2
2024010493972,2024,010493972,1,9,0,18,19,3,7,0,0,0,1,0,0,0,1,1,6,6,2,35,6,-1,-1,-1,-1,1,E01033926,0,2
2024010503473,2024,010503473,2,9,0,18,19,3,7,0,0,8,0,0,0,0,1,1,6,6,3,-1,-1,-1,-1,-1,-1,-1,-1,0,-1
2024010491784,2024,010491784,1,9,0,18,19,1,5,0,0,1,0,0,0,0,1,1,1,1,1,35,6,-1,-1,-1,-1,7,E01003456,0,1
2024010499206,2024,010499206,2,9,0,18,19,5,1,0,0,0,0,0,0,0,3,1,6,6,1,30,6,-1,-1,-1,-1,3,E01000642,0,3
2024031414518,2024,031414518,1,19,0,-1,14,5,1,-1,0,0,0,0,0,0,3,9,-1,2,1,45,7,-1,-1,-1,-1,3,E01019296,0,1
2024010512468,2024,010512468,1,9,0,99,99,9,9,99,99,0,9,99,9,99,1,9,6,6,3,-1,-1,-1,-1,-1,-1,-1,-1,0,-1
2024991494050,2024,991494050,1,9,0,-1,19,4,8,-1,0,0,0,0,1,0,1,1,-1,6,2,85,11,-1,-1,-1,-1,10,-1,0,4
2024421454372,2024,421454372,1,1,0,-1,19,3,7,-1,0,1,0,0,0,0,1,1,-1,6,1,16,4,-1,-1,-1,-1,4,E01021642,0,1
2024411484659,2024,411484659,1,9,0,-1,5,3,7,-1,0,1,0,0,0,0,1,1,-1,6,3,-1,-1,-1,-1,-1,-1,-1,-1,0,-1
2024501489211,2024,501489211,2,1,0,-1,19,1,5,-1,4,0,2,0,0,0,1,1,-1,2,1,50,8,-1,-1,-1,-1,10,E01020242,0,1
2024010516650,2024,010516650,2,9,0,99,99,9,9,99,99,9,9,99,9,99,9,9,6,6,3,34,6,-1,-1,-1,-1,5,E01000450,0,2
2024061460667,2024,061460667,1,-1,0,-1,19,6,2,-1,0,0,0,0,0,0,0,1,-1,9,1,21,5,-1,-1,-1,-1,1,E01006283,1,1
2024010534182,2024,010534182,2,-1,0,9,9,5,2,0,0,1,0,0,0,0,1,1,3,7,2,44,7,-1,-1,-1,-1,3,E01001162,1,1
2024440400520,2024,440400520,2,1,0,18,19,3,1,0,0,8,0,0,0,0,4,1,4,7,1,14,3,-1,-1,-1,-1,-1,-1,0,-1
2024471492730,2024,471492730,2,9,0,-1,19,5,1,-1,0,0,0,0,0,0,1,1,-1,6,3,-1,-1,-1,-1,-1,-1,-1,-1,0,-1
2024010504945,2024,010504945,2,9,0,99,99,9,9,99,99,9,9,99,9,99,9,9,6,6,3,-1,-1,-1,-1,-1,-1,-1,-1,0,-1
2024201407550,2024,201407550,1,9,0,-1,7,3,6,-1,0,6,0,0,0,0,4,1,-1,6,1,85,11,-1,-1,-1,-1,6,E01009776,0,1
2024010538878,2024,010538878,2,1,0,14,14,1,5,0,0,0,2,0,0,0,0,1,1,1,1,42,7,-1,-1,-1,-1,3,E01003627,0,1
2024552400534,2024,552400534,2,1,0,18,19,2,6,9,9,0,0,0,0,0,2,1,6,6,1,33,6,-1,-1,-1,-1,4,E01034277,0,1
2024201503333,2024,201503333,1,9,0,-1,19,3,7,-1,0,0,0,0,0,0,1,9,-1,6,3,-1,-1,-1,-1,-1,-1,-1,-1,0,-1
2024161533926,2024,161533926,1,1,0,-1,19,7,3,-1,0,4,2,0,0,0,1,1,-1,6,1,20,4,-1,-1,-1,-1,-1,-1,0,-1
2024440507244,2024,440507244,2,9,0,18,19,8,4,0,0,1,0,0,0,0,1,1,6,6,3,-1,-1,-1,-1,-1,-1,-1,-1,0,-1
2024052401780,2024,052401780,1,9,0,4,4,5,7,0,0,1,0,0,0,0,1,1,6,6,3,-1,-1,-1,-1,-1,-1,-1,-1,0,-1
2024471485155,2024,471485155,1,9,0,-1,19,2,7,-1,0,0,0,0,0,0,1,1,-1,1,1,42,7,-1,-1,-1,-1,1,E01016031,0,4
2024991507794,2024,991507794,1,1,0,-1,19,3,7,-1,0,0,0,0,0,0,-1,1,-1,6,1,12,3,-1,-1,-1,-1,-1,-1,0,-1
2024131479048,2024,131479048,2,1,0,-1,9,1,5,-1,0,5,0,0,0,0,1,1,-1,9,1,66,10,-1,-1,-1,-1,2,E01011856,0,1
2024320001119,2024,320001119,1,9,0,18,19,2,6,0,0,0,5,0,1,3,1,1,6,6,1,43,7,-1,-1,-1,-1,7,E01026051,0,4
2024052402428,2024,052402428,1,1,0,18,19,3,7,0,0,8,0,0,0,0,4,1,2,2,1,23,5,-1,-1,-1,-1,1,E01006692,0,1
2024052400079,2024,052400079,1,9,0,5,5,3,7,0,0,1,0,0,0,0,1,1,6,6,3,-1,-1,-1,-1,-1,-1,-1,-1,0,-1
2024320647990,2024,320647990,1,9,0,-1,-1,4,8,0,0,1,0,0,0,0,3,1,6,6,1,36,7,-1,-1,-1,-1,9,E01026214,0,1
2024052402113,2024,052402113,1,9,0,9,9,7,5,0,0,1,1,0,0,0,1,1,2,2,1,68,10,-1,-1,-1,-1,9,E01006828,0,2
2024440554645,2024,440554645,1,90,0,18,19,8,4,0,0,8,0,0,0,0,4,1,1,1,2,46,8,-1,-1,-1,-1,8,E01032881,0,2
2024010489209,2024,010489209,2,9,0,99,99,9,9,99,99,9,9,99,9,99,1,9,6,6,3,-1,-1,-1,-1,-1,-1,6,E01002206,0,1
2024371476804,2024,371476804,1,9,0,-1,19,5,1,-1,0,0,0,0,0,0,4,9,-1,6,3,-1,-1,-1,-1,-1,-1,-1,-1,0,-1
2024061491220,2024,061491220,1,19,-1,-1,19,6,2,-1,0,0,0,0,0,0,-1,9,-1,6,1,30,6,-1,-1,-1,-1,-1,-1,0,-1
2024320616095,2024,320616095,1,20,0,-1,-1,7,3,9,9,0,0,0,0,0,4,1,6,6,3,-1,-1,-1,-1,-1,-1,-1,-1,0,-1
2024411453947,2024,411453947,1,9,-1,-1,19,7,3,-1,9,1,0,0,0,0,1,9,-1,6,2,-1,-1,-1,-1,-1,-1,-1,-1,0,-1
2024122400343,2024,122400343,2,98,0,1,1,1,5,0,0,1,0,0,0,0,2,1,6,6,3,-1,-1,-1,-1,-1,-1,-1,-1,0,-1
2024221521717,2024,221521717,1,9,0,-1,19,5,8,-1,0,0,0,0,0,0,0,9,-1,6,3,26,6,-1,-1,-1,-1,-1,-1,0,-1
2024991459871,2024,991459871,1,9,0,-1,3,5,1,-1,0,0,0,0,0,0,1,2,-1,6,2,30,6,-1,-1,-1,-1,-1,-1,0,-1
2024332400290,2024,332400290,1,9,0,-1,19,1,5,-1,0,3,0,0,0,0,2,1,-1,9,1,26,6,-1,-1,-1,-1,4,E01013734,0,1
2024131473865,2024,131473865,2,1,0,-1,19,7,3,-1,0,3,0,0,0,0,4,1,-1,1,1,55,8,-1,-1,-1,-1,1,E01011475,0,1
2024131517392,2024,131517392,1,97,0,-1,-1,-1,-1,-1,-1,0,-1,-1,-1,0,-1,1,-1,6,1,19,4,-1,-1,-1,-1,1,E01010826,0,1
2024361445766,2024,361445766,2,1,0,-1,19,3,7,-1,0,0,0,0,0,0,3,1,-1,6,1,15,3,-1,-1,-1,-1,1,E01026704,0,1
2024302400887,2024,302400887,3,17,0,18,19,5,1,0,0,2,0,0,0,0,0,1,6,6,3,-1,-1,-1,-1,-1,-1,5,E01019456,0,4
2024010546628,2024,010546628,3,9,9,99,99,9,9,99,99,0,9,99,9,99,9,9,6,6,3,-1,-1,-1,-1,-1,-1,-1,-1,0,-1
2024201487977,2024,201487977,2,11,0,-1,19,2,6,-1,0,0,0,0,0,0,4,1,-1,1,3,-1,-1,-1,-1,-1,-1,-1,-1,0,-1
2024430462764,2024,430462764,2,1,0,9,9,5,3,0,0,8,0,0,0,0,2,1,2,2,1,45,7,-1,-1,-1,-1,8,E01016341,0,1
2024010536001,2024,010536001,1,9,0,18,19,1,5,0,0,0,0,0,0,0,1,1,6,6,3,-1,-1,-1,-1,-1,-1,-1,-1,0,-1
2024010530295,2024,010530295,2,20,9,18,19,2,6,99,99,9,9,99,9,99,0,9,6,6,3,-1,-1,-1,-1,-1,-1,-1,-1,0,-1
2024340WN0122,2024,340WN0122,1,-1,0,-1,9,1,6,-1,0,8,0,0,0,0,4,1,-1,6,1,25,5,-1,-1,-1,-1,-1,-1,1,-1
2024440386070,2024,440386070,1,9,0,18,19,1,5,0,0,8,0,0,0,0,1,1,6,6,3,-1,-1,-1,-1,-1,-1,-1,-1,0,-1
2024010490284,2024,010490284,1,9,0,9,9,7,5,0,0,8,0,0,0,0,4,1,6,6,1,29,6,-1,-1,-1,-1,3,E01001011,0,1
2024010522146,2024,010522146,1,9,9,99,99,9,9,99,99,9,9,99,9,99,9,9,6,6,3,-1,-1,-1,-1,-1,-1,-1,-1,0,-1
2024991439720,2024,991439720,2,9,0,-1,19,3,8,-1,0,0,0,0,0,0,1,1,-1,9,1,27,6,-1,-1,-1,-1,4,E01004229,0,5
2024010499648,2024,010499648,2,1,0,7,7,1,4,0,0,8,0,0,0,0,3,1,6,6,1,39,7,-1,-1,-1,-1,7,E01017026,0,4
2024332400025,2024,332400025,1,9,0,-1,13,8,4,-1,0,0,0,0,0,0,1,1,-1,9,1,20,4,-1,-1,-1,-1,5,E01015380,0,5
2024101509102,2024,101509102,1,9,-1,-1,7,-1,-1,-1,0,0,0,0,0,0,4,9,-1,6,3,-1,-1,-1,-1,-1,-1,-1,-1,0,-1
2024131499151,2024,131499151,1,9,0,-1,-1,-1,-1,-1,-1,-1,-1,-1,-1,-1,-1,1,-1,6,3,-1,-1,-1,-1,-1,-1,-1,-1,0,-1
2024010520602,2024,010520602,1,1,9,99,99,9,9,99,99,0,9,99,9,99,1,1,2,2,1,34,6,-1,-1,-1,-1,4,E01002130,0,1
2024201442655,2024,201442655,2,-1,0,-1,19,8,4,-1,0,0,0,0,0,0,1,9,-1,6,1,13,3,-1,-1,-1,-1,3,E01009294,1,1
2024010539773,2024,010539773,1,9,0,99,99,9,9,99,99,0,9,99,9,99,9,1,6,6,3,-1,-1,-1,-1,-1,-1,-1,-1,0,-1
2024440334039,2024,440334039,2,1,0,18,19,1,5,0,0,2,0,0,0,0,1,1,6,6,1,24,5,-1,-1,-1,-1,4,E01017044,0,4
2024401466718,2024,401466718,2,-1,0,-1,19,2,5,-1,9,0,0,0,0,0,3,1,-1,7,1,16,4,-1,-1,-1,-1,2,E01015754,1,1
2024161430044,2024,161430044,2,9,0,-1,4,6,2,-1,0,1,0,0,0,0,2,1,-1,2,2,55,8,-1,-1,-1,-1,3,E01012839,0,1
2024131531849,2024,131531849,1,9,0,-1,-1,-1,-1,-1,-1,-1,-1,-1,-1,-1,-1,1,-1,6,3,-1,-1,-1,-1,-1,-1,-1,-1,0,-1
2024351412362,2024,351412362,1,98,-1,-1,-1,-1,-1,-1,-1,-1,-1,-1,-1,0,-1,9,-1,6,3,-1,-1,-1,-1,-1,-1,-1,-1,0,-1
202417L209224,2024,17L209224,2,1,0,-1,19,6,2,-1,0,0,0,0,0,0,1,1,-1,9,1,11,3,-1,-1,-1,-1,-1,-1,0,-1
2024052402729,2024,052402729,1,9,0,18,19,4,8,0,0,1,0,0,0,0,1,1,6,6,1,36,7,-1,-1,-1,-1,7,E01005033,0,4
2024531517005,2024,531517005,1,9,0,-1,19,3,7,-1,0,0,0,0,0,0,1,9,-1,6,1,36,7,-1,-1,-1,-1,-1,-1,0,-1
2024211513926,2024,211513926,1,9,0,-1,19,1,5,-1,0,1,0,0,0,0,1,9,-1,6,3,-1,-1,-1,-1,-1,-1,-1,-1,0,-1
2024221510366,2024,221510366,2,1,0,-1,19,6,2,-1,0,0,0,0,0,0,2,1,-1,6,1,50,8,-1,-1,-1,-1,2,E01014047,0,1
2024010507119,2024,010507119,2,1,9,99,99,9,9,99,99,9,9,99,9,99,9,1,2,2,1,43,7,-1,-1,-1,-1,8,E01002890,0,1
2024010486924,2024,010486924,1,9,0,9,9,3,1,0,0,1,0,0,0,0,1,1,6,6,1,36,7,-1,-1,-1,-1,5,E01003740,0,1
2024991461411,2024,991461411,1,1,0,-1,19,5,3,-1,0,6,5,0,0,0,1,1,-1,9,1,49,8,-1,-1,-1,-1,2,-1,0,1
2024010524654,2024,010524654,3,11,0,2,2,0,0,2,2,1,0,0,0,0,0,1,6,6,3,-1,-1,-1,-1,-1,-1,-1,-1,0,-1
2024010499114,2024,010499114,1,9,0,99,99,9,9,99,99,9,9,99,9,99,1,9,6,6,3,-1,-1,-1,-1,-1,-1,-1,-1,0,-1
2024520500100,2024,520500100,1,9,0,18,19,2,7,0,0,0,0,0,1,11,1,1,6,6,1,36,7,-1,-1,-1,-1,10,E01029083,0,1
2024461488487,2024,461488487,1,9,0,-1,5,3,7,-1,0,0,0,0,0,0,1,1,-1,6,1,33,6,-1,-1,-1,-1,1,E01024584,0,3
2024430311681,2024,430311681,2,1,0,18,19,7,3,0,0,1,0,0,0,0,3,1,4,7,2,14,3,-1,-1,-1,-1,6,E01028575,0,1
2024501425900,2024,501425900,1,9,0,-1,19,7,3,-1,0,0,0,0,0,0,1,1,-1,6,1,24,5,-1,-1,-1,-1,5,E01020319,0,1
2024522500054,2024,522500054,1,1,0,12,12,1,5,0,0,0,0,0,0,0,1,1,6,6,1,19,4,-1,-1,-1,-1,6,E01020161,0,5
2024501519858,2024,501519858,2,21,0,-1,3,1,5,-1,0,0,0,0,0,0,2,1,-1,1,1,56,9,-1,-1,-1,-1,7,E01020233,0,4
2024371504444,2024,371504444,1,9,0,-1,19,3,7,-1,0,0,0,0,0,0,3,1,-1,6,1,66,10,-1,-1,-1,-1,7,E01034572,0,1
2024010527375,2024,010527375,2,9,0,99,99,9,9,99,99,9,9,99,9,99,0,9,6,6,3,-1,-1,-1,-1,-1,-1,-1,-1,0,-1
2024101510036,2024,101510036,2,9,0,-1,19,1,5,-1,0,0,0,0,0,0,3,9,-1,9,1,19,4,-1,-1,-1,-1,-1,-1,0,-1
2024421447090,2024,421447090,1,19,0,-1,9,8,5,-1,0,1,0,0,0,0,4,9,-1,1,1,-1,-1,-1,-1,-1,-1,-1,-1,0,-1
2024320366764,2024,320366764,3,9,0,10,10,1,6,0,0,8,0,0,0,0,2,1,-1,-1,1,59,9,-1,-1,-1,-1,-1,-1,0,-1
2024340WN6372,2024,340WN6372,1,9,0,-1,19,7,3,-1,0,0,0,0,0,0,4,1,-1,2,1,23,5,-1,-1,-1,-1,8,E01025728,0,4
2024010530835,2024,010530835,2,9,0,99,99,9,9,99,99,0,9,99,9,99,1,9,6,6,3,-1,-1,-1,-1,-1,-1,-1,-1,0,-1
2024401471971,2024,401471971,2,1,0,-1,19,7,3,-1,0,1,0,0,0,0,1,1,-1,6,1,17,4,-1,-1,-1,-1,9,E01017495,0,2
2024320580692,2024,320580692,1,1,0,-1,-1,4,8,0,0,2,5,10,0,0,0,1,-1,-1,1,32,6,-1,-1,-1,-1,2,E01026030,0,1
2024552400445,2024,552400445,1,19,0,4,4,1,5,0,0,0,0,0,0,0,2,1,6,6,3,-1,-1,-1,-1,-1,-1,-1,-1,0,-1
2024010495068,2024,010495068,1,9,0,18,19,5,1,0,0,6,0,0,0,0,1,1,6,6,1,76,11,-1,-1,-1,-1,-1,-1,0,-1
2024610012624,2024,610012624,1,9,0,17,19,8,5,0,0,0,1,0,7,11,1,1,6,6,1,45,7,-1,-1,-1,-1,9,W01001502,0,1
2024501521545,2024,501521545,2,21,0,-1,19,1,5,-1,0,0,0,0,0,0,4,9,-1,6,3,18,4,-1,-1,-1,-1,-1,-1,0,-1