collision_index,collision_year,collision_ref_no,vehicle_reference,vehicle_type,towing_and_articulation,vehicle_manoeuvre_historic,vehicle_manoeuvre,vehicle_direction_from,vehicle_direction_to,vehicle_location_restricted_lane_historic,vehicle_location_restricted_lane,junction_location,skidding_and_overturning,hit_object_in_carriageway,vehicle_leaving_carriageway,hit_object_off_carriageway,first_point_of_impact,vehicle_left_hand_drive,journey_purpose_of_driver_historic,journey_purpose_of_driver,sex_of_driver,age_of_driver,age_band_of_driver,engine_capacity_cc,propulsion_code,age_of_vehicle,generic_make_model,driver_imd_decile,lsoa_of_driver,escooter_flag,driver_distance_banding
2024010505732,2024,010505732,1,9,0,16,19,3,7,0,0,0,0,0,0,0,1,1,2,2,1,22,5,-1,-1,-1,-1,7,E01035306,0,4
2024311515842,2024,311515842,2,18,-1,-1,19,7,3,-1,0,1,0,0,0,0,1,1,-1,1,1,52,8,-1,-1,-1,-1,3,E01027941,0,3
2024010519379,2024,010519379,1,1,9,99,99,9,9,99,99,9,9,99,9,99,1,1,6,6,3,-1,-1,-1,-1,-1,-1,-1,-1,0,-1
2024430083727,2024,430083727,1,1,0,18,19,5,1,0,0,1,0,0,0,0,0,1,6,6,1,-1,-1,-1,-1,-1,-1,-1,-1,0,-1
2024440327440,2024,440327440,1,1,0,18,19,7,3,0,0,1,0,0,0,0,1,1,6,6,1,64,9,-1,-1,-1,-1,6,E01023025,0,1
2024010487684,2024,010487684,2,9,0,18,19,7,3,0,0,1,0,0,0,0,0,1,1,1,1,25,5,-1,-1,-1,-1,2,E01004008,0,1
2024010538112,2024,010538112,1,9,0,18,19,1,5,0,0,1,0,0,1,1,1,1,1,1,1,43,7,-1,-1,-1,-1,6,E01001245,0,3
2024010491003,2024,010491003,1,9,0,1,1,1,5,0,0,0,0,0,0,0,2,9,6,6,1,38,7,-1,-1,-1,-1,10,E01016608,0,3
2024141465410,2024,141465410,2,9,0,-1,5,6,2,-1,0,6,0,0,0,0,1,1,-1,6,2,37,7,-1,-1,-1,-1,3,E01007646,0,1
2024221516832,2024,221516832,1,9,0,-1,19,4,7,-1,0,1,0,0,0,0,1,9,-1,2,1,46,8,-1,-1,-1,-1,1,E01028957,0,1
2024010548173,2024,010548173,1,1,9,99,99,9,9,99,99,9,9,99,9,99,9,1,2,2,1,26,6,-1,-1,-1,-1,6,E01004697,0,1
2024010495941,2024,010495941,1,9,0,99,99,9,9,99,99,9,9,99,9,99,1,9,6,6,1,75,10,-1,-1,-1,-1,9,E01023319,0,3
2024311432819,2024,311432819,2,9,0,-1,19,4,8,-1,0,0,0,0,0,0,1,1,-1,6,1,63,9,-1,-1,-1,-1,1,E01028001,0,4
2024010525936,2024,010525936,1,1,0,14,14,3,7,0,0,0,0,8,0,0,4,1,1,1,1,53,8,-1,-1,-1,-1,6,E01003954,0,1
2024461506875,2024,461506875,1,9,0,-1,19,3,7,-1,0,1,0,0,0,0,1,9,-1,6,3,-1,-1,-1,-1,-1,-1,-1,-1,0,-1
2024201488712,2024,201488712,1,9,0,-1,19,4,7,-1,0,0,0,0,0,0,1,1,-1,6,3,-1,-1,-1,-1,-1,-1,-1,-1,0,-1
2024440124607,2024,440124607,2,-1,0,18,19,8,4,0,0,0,0,0,0,0,4,1,6,6,1,12,3,-1,-1,-1,-1,2,E01022899,1,1
2024531520135,2024,531520135,1,1,0,-1,5,3,7,-1,9,8,5,0,0,0,3,1,-1,9,1,42,7,-1,-1,-1,-1,2,E01022292,0,1
2024543395024,2024,543395024,9,9,0,18,19,4,8,0,0,0,1,0,1,10,1,1,6,6,2,-1,-1,-1,-1,-1,-1,4,E01023487,0,5
2024991506421,2024,991506421,1,9,0,-1,9,4,2,-1,0,8,0,0,3,0,4,1,-1,9,2,56,9,-1,-1,-1,-1,8,-1,0,4
2024440116341,2024,440116341,2,9,0,18,19,2,6,0,0,8,0,0,0,0,1,1,6,6,3,-1,-1,-1,-1,-1,-1,-1,-1,0,-1
2024010550205,2024,010550205,2,1,0,18,19,5,1,0,0,4,0,0,0,0,3,1,1,1,1,20,4,-1,-1,-1,-1,2,E01000083,0,1
2024010501349,2024,010501349,2,90,9,99,99,9,9,99,99,9,9,99,9,99,9,1,6,6,1,42,7,-1,-1,-1,-1,8,E01000314,0,1
2024201443094,2024,201443094,1,1,0,-1,5,1,5,-1,0,6,2,0,0,0,1,1,-1,6,1,-1,-1,-1,-1,-1,-1,-1,-1,0,-1
2024122401003,2024,122401003,2,5,0,4,4,7,3,0,0,8,1,0,0,0,1,1,6,6,1,43,7,-1,-1,-1,-1,1,E01012856,0,4
2024141489890,2024,141489890,2,9,0,-1,13,3,7,-1,0,0,0,0,0,0,4,9,-1,6,3,-1,-1,-1,-1,-1,-1,-1,-1,0,-1
2024311485293,2024,311485293,1,1,0,-1,19,1,5,-1,0,1,0,0,0,0,3,1,-1,9,1,12,3,-1,-1,-1,-1,1,E01028276,0,1
2024061424265,2024,061424265,1,2,0,-1,4,-1,-1,-1,0,0,1,0,0,0,3,1,-1,9,1,16,4,-1,-1,-1,-1,8,E01005443,0,1
2024010550503,2024,010550503,1,9,9,99,99,9,9,99,99,0,9,99,9,99,9,9,6,6,3,-1,-1,-1,-1,-1,-1,-1,-1,0,-1
2024052400515,2024,052400515,1,9,0,18,19,4,8,0,0,0,1,0,1,4,3,1,6,6,2,18,4,-1,-1,-1,-1,5,E01006427,0,1
2024201533600,2024,201533600,2,9,0,-1,3,7,3,-1,0,1,0,0,0,0,2,1,-1,2,2,21,5,-1,-1,-1,-1,7,E01035055,0,4
2024221493768,2024,221493768,2,-1,0,-1,19,8,4,-1,0,8,0,0,0,0,1,9,-1,6,1,45,7,-1,-1,-1,-1,2,E01014144,1,1
2024061515986,2024,061515986,1,1,0,-1,19,2,6,-1,0,1,0,0,0,0,1,1,-1,9,1,16,4,-1,-1,-1,-1,1,E01005683,0,1
2024010501918,2024,010501918,1,9,0,99,99,9,9,99,99,9,9,99,9,99,1,9,6,6,3,-1,-1,-1,-1,-1,-1,-1,-1,0,-1
2024201536040,2024,201536040,6,19,0,-1,19,7,2,-1,0,0,0,0,0,0,2,1,-1,9,1,22,5,-1,-1,-1,-1,2,E01010086,0,1
2024451443708,2024,451443708,1,9,0,-1,19,7,3,-1,0,0,0,0,0,0,4,1,-1,9,1,76,11,-1,-1,-1,-1,9,E01030642,0,1
2024430149649,2024,430149649,1,9,0,18,19,9,9,0,0,4,0,0,0,0,1,1,6,6,1,62,9,-1,-1,-1,-1,-1,-1,0,-1
2024440288514,2024,440288514,1,9,0,9,9,7,5,0,0,1,0,0,0,0,3,1,1,1,1,66,10,-1,-1,-1,-1,7,E01017329,0,3
2024522403439,2024,522403439,2,9,0,7,7,8,2,0,0,6,0,0,0,0,1,1,6,6,3,-1,-1,-1,-1,-1,-1,-1,-1,0,-1
2024461521010,2024,461521010,2,1,0,-1,19,1,5,-1,0,3,0,0,0,0,4,1,-1,2,1,36,7,-1,-1,-1,-1,2,E01016018,0,1
2024131513634,2024,131513634,2,1,0,-1,19,1,5,-1,9,1,0,0,0,0,3,1,-1,9,1,11,3,-1,-1,-1,-1,4,E01011898,0,1
2024131435309,2024,131435309,2,1,0,-1,19,5,1,-1,9,0,0,0,0,0,1,1,-1,6,1,20,4,-1,-1,-1,-1,3,E01010825,0,1
2024031457714,2024,031457714,1,23,0,-1,14,8,4,-1,2,8,0,0,0,0,3,1,-1,6,1,-1,-1,-1,-1,-1,-1,-1,-1,0,-1
2024010549774,2024,010549774,1,1,9,99,99,9,9,99,99,9,9,99,9,99,9,1,6,6,1,-1,-1,-1,-1,-1,-1,2,E01001979,0,1
2024361453441,2024,361453441,1,19,0,-1,5,5,1,-1,0,6,0,0,0,0,1,1,-1,9,1,61,9,-1,-1,-1,-1,5,E01026539,0,1
2024010543082,2024,010543082,1,1,9,99,99,9,9,99,99,9,9,99,9,99,1,1,6,6,3,-1,-1,-1,-1,-1,-1,-1,-1,0,-1
2024031446295,2024,031446295,1,9,0,-1,19,5,7,-1,0,0,0,10,0,0,3,1,-1,9,1,20,4,-1,-1,-1,-1,3,E01002502,0,5
2024010547353,2024,010547353,1,1,9,99,99,9,9,99,99,9,9,99,9,99,1,1,6,6,1,34,6,-1,-1,-1,-1,10,E01003883,0,1
2024010490604,2024,010490604,2,9,0,17,19,5,1,0,0,1,0,0,0,0,1,1,6,6,1,22,5,-1,-1,-1,-1,2,E01001147,0,1
2024010542011,2024,010542011,2,9,0,99,99,9,9,99,99,9,9,99,9,99,9,9,6,6,3,-1,-1,-1,-1,-1,-1,-1,-1,0,-1
2024010487499,2024,010487499,2,19,0,3,3,3,7,0,0,8,0,0,0,0,2,1,1,1,1,48,8,-1,-1,-1,-1,3,E01003263,0,2
2024010547224,2024,010547224,1,1,9,99,99,9,9,99,99,9,9,99,9,99,9,1,2,2,1,31,6,-1,-1,-1,-1,3,E01003275,0,1
2024430035637,2024,430035637,1,9,0,3,3,6,2,0,0,1,0,0,0,0,2,1,2,2,1,35,6,-1,-1,-1,-1,10,E01016188,0,1
2024010516160,2024,010516160,1,1,9,99,99,9,9,99,99,9,9,99,9,99,1,1,2,2,1,27,6,-1,-1,-1,-1,3,E01001774,0,1
2024061581408,2024,061581408,1,9,0,-1,7,7,5,-1,0,1,0,0,0,0,1,1,-1,6,-1,-1,-1,-1,-1,-1,-1,-1,-1,0,-1
2024421447090,2024,421447090,2,1,0,-1,19,4,8,-1,0,1,5,0,0,0,1,1,-1,9,1,15,3,-1,-1,-1,-1,5,E01015832,0,4
2024421506735,2024,421506735,2,1,0,-1,9,1,7,-1,0,3,1,0,0,0,4,1,-1,6,1,29,6,-1,-1,-1,-1,6,E01021473,0,1
2024010498343,2024,010498343,1,1,9,99,99,9,9,99,99,9,9,99,9,99,1,1,2,2,2,28,6,-1,-1,-1,-1,4,E01003211,0,2
2024461509223,2024,461509223,2,1,0,-1,19,5,8,-1,0,8,0,0,0,0,1,1,-1,6,1,-1,-1,-1,-1,-1,-1,-1,-1,0,-1
2024471432505,2024,471432505,1,9,0,-1,4,3,7,-1,0,0,0,0,0,0,2,1,-1,1,2,20,4,-1,-1,-1,-1,8,E01021233,0,1
2024010494922,2024,010494922,1,9,0,4,4,7,3,0,0,0,0,0,0,0,2,1,2,2,1,41,7,-1,-1,-1,-1,3,E01002028,0,1
2024010490006,2024,010490006,2,1,0,13,13,3,7,0,0,3,0,0,0,0,1,1,6,6,1,45,7,-1,-1,-1,-1,8,E01002477,0,1
2024010502190,2024,010502190,2,1,0,18,19,3,7,4,4,1,0,0,0,0,1,1,1,1,1,25,5,-1,-1,-1,-1,9,E01004607,0,1
2024010500084,2024,010500084,1,97,0,18,19,5,1,0,0,2,0,0,0,0,2,1,6,6,3,-1,-1,-1,-1,-1,-1,-1,-1,0,-1
2024361443795,2024,361443795,2,1,0,-1,19,5,1,-1,9,1,5,0,0,0,1,1,-1,6,1,40,7,-1,-1,-1,-1,2,E01033040,0,1
2024010507320,2024,010507320,1,9,0,18,19,3,7,0,0,8,0,0,0,0,1,1,6,6,1,24,5,-1,-1,-1,-1,6,E01023934,0,4
2024471395329,2024,471395329,1,9,0,-1,19,8,4,-1,0,0,2,4,0,0,1,1,-1,9,2,18,4,-1,-1,-1,-1,8,E01021214,0,1
2024010547768,2024,010547768,1,1,9,99,99,9,9,99,99,9,9,99,9,99,1,1,6,6,1,18,4,-1,-1,-1,-1,2,E01000907,0,1
2024471400677,2024,471400677,1,9,0,-1,-1,-1,-1,-1,-1,0,-1,-1,-1,0,-1,9,-1,6,3,-1,-1,-1,-1,-1,-1,-1,-1,0,-1
2024041395918,2024,041395918,1,90,2,-1,9,8,1,-1,0,4,0,0,0,0,4,2,-1,1,1,42,7,-1,-1,-1,-1,-1,-1,0,-1
2024010508608,2024,010508608,1,3,0,18,19,5,1,0,0,8,0,0,0,0,1,1,6,6,3,-1,-1,-1,-1,-1,-1,-1,-1,0,-1
2024010512597,2024,010512597,1,9,0,99,99,9,9,99,99,9,9,99,9,99,1,9,6,6,3,-1,-1,-1,-1,-1,-1,-1,-1,0,-1
2024430167558,2024,430167558,2,97,0,18,19,8,4,0,0,0,0,0,0,0,1,1,6,6,1,-1,-1,-1,-1,-1,-1,-1,-1,0,-1
2024520401094,2024,520401094,1,19,0,17,19,4,8,0,0,0,2,0,1,9,3,1,6,6,1,33,6,-1,-1,-1,-1,5,E01029261,0,2
2024061496246,2024,061496246,1,1,0,-1,4,-1,-1,-1,0,0,2,0,7,10,4,1,-1,9,1,52,8,-1,-1,-1,-1,3,E01005554,0,1
2024211441466,2024,211441466,1,1,0,-1,19,8,6,-1,9,0,0,0,0,0,1,1,-1,6,3,-1,-1,-1,-1,-1,-1,-1,-1,0,-1
2024201471792,2024,201471792,2,9,0,-1,9,7,5,-1,0,5,0,0,0,0,3,1,-1,2,1,61,9,-1,-1,-1,-1,6,E01032902,0,4
2024122400542,2024,122400542,2,1,0,18,19,8,4,0,0,0,0,0,0,0,2,1,6,6,1,58,9,-1,-1,-1,-1,10,E01027716,0,1
2024041531024,2024,041531024,1,9,0,-1,19,7,3,-1,0,0,0,0,1,7,1,1,-1,9,1,19,4,-1,-1,-1,-1,8,E01025012,0,2
2024010496182,2024,010496182,1,2,0,18,19,7,3,0,0,2,0,0,0,0,1,1,6,6,3,-1,-1,-1,-1,-1,-1,-1,-1,0,-1
2024231422682,2024,231422682,1,1,0,-1,19,6,2,-1,0,1,0,0,0,0,9,1,-1,6,1,34,6,-1,-1,-1,-1,3,E01031079,0,1
2024041397082,2024,041397082,1,98,0,-1,11,3,7,-1,0,0,0,0,0,0,4,1,-1,1,1,32,6,-1,-1,-1,-1,1,E01025482,0,3
2024471402267,2024,471402267,2,9,-1,-1,19,2,6,-1,0,0,0,0,0,0,-1,9,-1,6,3,-1,-1,-1,-1,-1,-1,-1,-1,0,-1
2024501448261,2024,501448261,1,9,0,-1,19,3,7,-1,0,0,0,0,0,0,1,1,-1,6,1,21,5,-1,-1,-1,-1,8,E01018792,0,4
2024141527135,2024,141527135,1,9,0,-1,19,5,1,-1,0,0,0,0,0,0,1,9,-1,6,3,-1,-1,-1,-1,-1,-1,-1,-1,0,-1
2024201408392,2024,201408392,1,9,0,-1,19,7,3,-1,0,0,0,0,0,0,4,9,-1,6,3,-1,-1,-1,-1,-1,-1,-1,-1,0,-1
2024010492937,2024,010492937,2,9,9,99,99,9,9,99,99,9,9,99,9,99,9,9,6,6,3,-1,-1,-1,-1,-1,-1,-1,-1,0,-1
2024070783322,2024,070783322,2,1,0,-1,19,3,3,-1,0,1,0,0,0,0,1,1,-1,6,1,16,4,-1,-1,-1,-1,4,E01018512,0,1
2024122400284,2024,122400284,2,1,0,18,19,4,8,0,0,0,0,0,0,0,1,1,6,6,1,25,5,-1,-1,-1,-1,7,E01033070,0,1
2024010494450,2024,010494450,1,2,9,5,5,1,5,0,0,9,0,99,0,0,9,1,6,6,3,-1,-1,-1,-1,-1,-1,-1,-1,0,-1
2024430009724,2024,430009724,3,21,0,18,19,8,4,0,0,0,0,0,0,0,1,1,1,1,1,-1,-1,-1,-1,-1,-1,2,E01014522,0,4
2024201452907,2024,201452907,1,9,0,-1,7,4,6,-1,0,6,0,0,0,0,1,9,-1,9,1,18,4,-1,-1,-1,-1,1,E01009202,0,1
2024411516774,2024,411516774,2,9,0,-1,9,3,1,-1,0,8,0,0,0,0,1,9,-1,6,3,25,5,-1,-1,-1,-1,-1,-1,0,-1
2024122500183,2024,122500183,1,9,0,9,9,5,3,0,0,0,0,0,0,0,3,1,1,1,1,58,9,-1,-1,-1,-1,3,E01033067,0,2
2024010493129,2024,010493129,1,3,0,4,4,1,5,0,0,2,0,0,0,0,1,1,6,6,1,21,5,-1,-1,-1,-1,3,E01003073,0,1
2024311432463,2024,311432463,1,9,-1,-1,3,6,2,-1,0,4,0,0,0,0,2,9,-1,6,2,41,7,-1,-1,-1,-1,8,E01028327,0,2
2024531480105,2024,531480105,2,1,0,-1,19,8,4,-1,0,0,5,0,0,0,4,1,-1,1,2,49,8,-1,-1,-1,-1,9,E01022369,0,3
2024010532683,2024,010532683,2,9,0,99,99,9,9,99,99,9,9,99,9,99,9,9,6,6,3,-1,-1,-1,-1,-1,-1,-1,-1,0,-1
2024010498601,2024,010498601,2,9,0,99,99,9,9,99,99,9,9,99,9,99,9,9,6,6,3,-1,-1,-1,-1,-1,-1,-1,-1,0,-1
2024320169374,2024,320169374,1,9,0,-1,-1,3,7,0,0,0,0,0,0,0,1,1,6,6,1,-1,-1,-1,-1,-1,-1,-1,-1,0,-1
2024991482450,2024,991482450,1,1,0,-1,4,1,5,-1,0,1,5,0,0,0,3,1,-1,1,1,48,8,-1,-1,-1,-1,6,-1,0,1
2024010487443,2024,010487443,3,9,0,17,19,3,7,0,0,0,0,0,0,0,3,1,2,2,2,56,9,-1,-1,-1,-1,10,E01004094,0,2
2024991478442,2024,991478442,2,1,0,-1,19,2,6,-1,0,8,0,0,0,0,3,1,-1,9,1,75,10,-1,-1,-1,-1,6,-1,0,1
2024430197326,2024,430197326,1,9,0,18,19,3,7,0,0,0,0,0,0,0,1,1,6,6,1,-1,-1,-1,-1,-1,-1,-1,-1,0,-1
2024131447960,2024,131447960,2,1,0,-1,5,2,1,-1,0,8,0,0,0,0,0,1,-1,9,1,10,2,-1,-1,-1,-1,8,E01010907,0,1
2024010496960,2024,010496960,2,1,0,18,19,7,3,0,0,0,0,8,0,0,1,1,2,2,1,30,6,-1,-1,-1,-1,-1,-1,0,-1
2024010550553,2024,010550553,1,1,0,2,2,0,0,0,0,2,0,0,0,0,0,1,6,6,3,-1,-1,-1,-1,-1,-1,-1,-1,0,-1
2024201458664,2024,201458664,1,9,0,-1,19,2,6,-1,0,1,0,0,0,0,1,1,-1,6,3,-1,-1,-1,-1,-1,-1,-1,-1,0,-1
202460Q078518,2024,60Q078518,2,9,0,18,19,4,1,0,0,8,0,0,0,0,3,1,6,6,1,70,10,-1,-1,-1,-1,-1,-1,0,-1
2024010491131,2024,010491131,2,9,0,99,99,9,9,99,99,0,9,99,9,99,2,9,6,6,2,-1,-1,-1,-1,-1,-1,10,E01000755,0,1
2024211538443,2024,211538443,2,9,0,-1,19,5,1,-1,0,0,0,0,0,0,1,9,-1,6,2,65,9,-1,-1,-1,-1,5,E01014295,0,1
2024010531240,2024,010531240,1,1,9,99,99,9,9,99,99,8,9,99,9,99,2,1,2,2,1,26,6,-1,-1,-1,-1,7,E01003157,0,1
2024430015121,2024,430015121,1,19,0,18,19,4,8,0,0,0,0,0,1,0,1,1,1,1,1,33,6,-1,-1,-1,-1,10,E01015533,0,3
2024141461076,2024,141461076,1,9,0,-1,19,7,3,-1,0,0,0,0,0,0,1,9,-1,6,1,-1,-1,-1,-1,-1,-1,-1,-1,0,-1
2024101417205,2024,101417205,2,11,0,-1,19,4,7,-1,0,8,0,0,0,0,0,1,-1,1,1,61,9,-1,-1,-1,-1,2,E01020615,0,2
2024010503076,2024,010503076,1,1,0,4,4,3,7,4,4,5,0,0,0,0,1,1,6,6,3,25,5,-1,-1,-1,-1,-1,-1,0,-1
2024231443725,2024,231443725,2,1,0,-1,5,1,5,-1,0,0,0,0,0,0,2,1,-1,6,2,14,3,-1,-1,-1,-1,4,E01031332,0,1
2024461480730,2024,461480730,2,9,0,-1,2,0,0,-1,0,0,0,0,0,0,3,1,-1,6,1,26,6,-1,-1,-1,-1,6,E01024079,0,2
2024320111449,2024,320111449,1,9,0,-1,-1,1,5,0,0,0,1,0,0,0,1,1,-1,-1,1,80,11,-1,-1,-1,-1,6,E01026260,0,4
2024231454740,2024,231454740,2,1,0,-1,9,3,1,-1,0,5,0,0,0,0,4,1,-1,2,1,31,6,-1,-1,-1,-1,10,E01031232,0,1
2024010493679,2024,010493679,2,9,0,99,99,9,9,99,99,9,9,99,9,99,1,9,6,6,1,41,7,-1,-1,-1,-1,3,E01003528,0,1
2024010491784,2024,010491784,2,1,0,15,15,1,5,0,0,1,0,0,0,0,2,1,6,6,1,27,6,-1,-1,-1,-1,-1,-1,0,-1
2024201466470,2024,201466470,2,9,0,-1,19,2,6,-1,0,8,0,0,0,0,2,9,-1,9,1,24,5,-1,-1,-1,-1,1,E01009124,0,1
2024010528202,2024,010528202,2,-1,0,5,5,7,3,0,0,0,0,0,0,0,2,1,6,6,1,16,4,-1,-1,-1,-1,7,E01001346,1,1
2024522402893,2024,522402893,2,9,0,4,4,4,8,0,0,0,0,0,0,0,2,1,6,6,2,57,9,-1,-1,-1,-1,9,E01014871,0,2
2024010532025,2024,010532025,2,1,0,18,19,1,5,0,0,8,0,0,0,0,0,1,1,1,1,22,5,-1,-1,-1,-1,-1,-1,0,-1
2024201510074,2024,201510074,2,9,0,-1,19,2,6,-1,0,0,0,0,0,0,1,1,-1,6,2,48,8,-1,-1,-1,-1,2,E01010500,0,1
2024610046724,2024,610046724,2,9,0,2,2,0,0,0,0,0,0,0,0,0,-1,1,6,6,3,-1,-1,-1,-1,-1,-1,-1,-1,0,-1
2024340NN0112,2024,340NN0112,1,99,0,-1,5,3,7,-1,0,1,0,0,0,0,1,1,-1,6,3,-1,-1,-1,-1,-1,-1,-1,-1,0,-1
2024371437293,2024,371437293,2,9,0,-1,19,2,6,-1,0,1,0,0,0,0,4,1,-1,6,2,53,8,-1,-1,-1,-1,5,E01029941,0,1
2024010551771,2024,010551771,1,9,0,99,99,9,9,99,99,9,9,99,9,99,1,9,6,6,3,-1,-1,-1,-1,-1,-1,-1,-1,0,-1
2024471490984,2024,471490984,1,9,0,-1,19,-1,-1,-1,0,4,0,0,0,0,0,9,-1,6,3,-1,-1,-1,-1,-1,-1,-1,-1,0,-1
2024501477453,2024,501477453,2,9,0,-1,9,8,4,-1,0,1,0,0,0,0,2,1,-1,9,1,71,10,-1,-1,-1,-1,8,E01019929,0,4
2024430335034,2024,430335034,1,9,0,18,19,3,7,0,0,2,0,0,0,0,1,1,6,6,3,-1,-1,-1,-1,-1,-1,-1,-1,0,-1
2024061438868,2024,061438868,1,9,0,-1,3,-1,-1,-1,99,0,0,0,1,0,0,2,-1,6,3,-1,-1,-1,-1,-1,-1,-1,-1,0,-1
2024440182186,2024,440182186,2,1,0,18,19,5,1,0,0,8,0,0,0,0,4,1,4,7,1,13,3,-1,-1,-1,-1,4,E01017045,0,1
2024010518349,2024,010518349,2,9,0,99,99,9,9,99,99,9,9,99,9,99,9,1,6,6,1,-1,-1,-1,-1,-1,-1,-1,-1,0,-1
2024010490410,2024,010490410,1,9,0,17,19,3,7,0,0,2,1,0,0,0,1,1,6,6,2,47,8,-1,-1,-1,-1,4,E01002491,0,2
2024320387392,2024,320387392,2,1,0,-1,-1,2,6,0,0,8,0,0,0,0,4,1,-1,-1,2,25,5,-1,-1,-1,-1,9,E01034698,0,1
2024010490085,2024,010490085,2,3,0,18,19,4,8,0,0,1,0,0,0,0,1,1,6,6,1,27,6,-1,-1,-1,-1,2,E01001110,0,3
2024201498014,2024,201498014,1,9,0,-1,13,3,7,-1,0,2,0,0,0,0,4,9,-1,6,3,-1,-1,-1,-1,-1,-1,-1,-1,0,-1
2024211528391,2024,211528391,1,9,0,-1,1,2,4,-1,0,1,0,0,0,0,2,9,-1,6,1,68,10,-1,-1,-1,-1,8,E01029460,0,1
2024531479226,2024,531479226,1,1,0,-1,19,2,6,-1,0,0,2,0,0,0,4,1,-1,6,1,25,5,-1,-1,-1,-1,-1,-1,0,-1
2024010518886,2024,010518886,2,9,0,99,99,9,9,99,99,9,9,99,9,99,9,9,6,6,3,-1,-1,-1,-1,-1,-1,-1,-1,0,-1
2024211477972,2024,211477972,2,1,0,-1,9,7,4,-1,0,1,0,0,0,0,3,1,-1,9,1,14,3,-1,-1,-1,-1,3,E01029679,0,1
2024111430246,2024,111430246,2,98,0,-1,19,1,5,-1,0,1,0,0,0,0,1,1,-1,1,1,25,5,-1,-1,-1,-1,1,E01008743,0,4
2024010546641,2024,010546641,2,9,9,99,99,9,9,99,99,1,5,99,9,99,9,9,6,6,3,-1,-1,-1,-1,-1,-1,-1,-1,0,-1
2024010492929,2024,010492929,1,19,0,99,99,9,9,99,99,9,9,99,9,99,2,9,6,6,3,-1,-1,-1,-1,-1,-1,2,E01003500,0,3
2024052401113,2024,052401113,1,1,0,4,4,1,5,0,0,1,0,0,0,0,1,1,6,6,1,52,8,-1,-1,-1,-1,1,E01006877,0,1
2024131429747,2024,131429747,1,9,0,-1,-1,-1,-1,-1,-1,8,-1,-1,-1,0,-1,1,-1,6,3,-1,-1,-1,-1,-1,-1,-1,-1,0,-1
2024332400364,2024,332400364,1,9,0,-1,19,6,2,-1,0,8,0,0,0,0,1,1,-1,9,1,22,5,-1,-1,-1,-1,2,E01034008,0,1
2024010527637,2024,010527637,2,9,0,18,19,9,9,99,99,1,9,99,9,99,1,9,6,6,3,-1,-1,-1,-1,-1,-1,-1,-1,0,-1
2024311440151,2024,311440151,1,9,0,-1,19,3,7,-1,0,1,0,0,0,0,1,9,-1,6,3,-1,-1,-1,-1,-1,-1,-1,-1,0,-1
2024421473100,2024,421473100,1,1,0,-1,19,8,5,-1,0,8,0,0,0,0,1,1,-1,6,1,59,9,-1,-1,-1,-1,4,E01015990,0,1
2024101406095,2024,101406095,2,1,0,-1,19,4,8,-1,0,8,0,0,0,0,1,1,-1,9,1,40,7,-1,-1,-1,-1,7,E01008642,0,1
2024440293927,2024,440293927,2,1,0,18,19,7,3,0,0,1,0,0,0,0,1,1,6,6,2,57,9,-1,-1,-1,-1,1,E01017039,0,1
2024401482265,2024,401482265,1,9,-1,-1,-1,-1,-1,-1,-1,0,-1,-1,-1,0,-1,9,-1,6,3,-1,-1,-1,-1,-1,-1,-1,-1,0,-1
2024471447809,2024,471447809,2,9,0,-1,19,6,2,-1,0,0,0,0,0,0,0,9,-1,6,3,-1,-1,-1,-1,-1,-1,-1,-1,0,-1
2024451461629,2024,451461629,1,9,0,-1,19,1,3,-1,0,0,0,0,0,0,1,9,-1,6,3,-1,-1,-1,-1,-1,-1,-1,-1,0,-1
2024440435398,2024,440435398,2,1,0,18,19,3,6,0,0,3,0,0,0,0,2,1,6,6,2,59,9,-1,-1,-1,-1,6,E01022614,0,1
2024401457554,2024,401457554,2,9,0,-1,19,-1,-1,-1,0,0,0,0,0,0,3,9,-1,6,3,-1,-1,-1,-1,-1,-1,-1,-1,0,-1
2024361465077,2024,361465077,1,4,0,-1,19,5,1,-1,0,8,2,0,0,0,1,1,-1,9,1,19,4,-1,-1,-1,-1,5,E01018067,0,2
2024461514316,2024,461514316,2,97,0,-1,15,7,3,-1,0,6,5,0,0,0,1,1,-1,6,1,20,4,-1,-1,-1,-1,3,E01016128,0,2
2024010536416,2024,010536416,1,1,9,99,99,9,9,99,99,9,9,99,9,99,9,1,2,2,1,24,5,-1,-1,-1,-1,7,E01003427,0,2
2024991519616,2024,991519616,3,9,0,-1,19,8,4,-1,0,0,0,0,0,0,0,1,-1,6,-1,30,6,-1,-1,-1,-1,-1,-1,0,-1
2024440403292,2024,440403292,2,9,0,4,4,4,8,0,0,1,0,0,0,0,1,1,6,6,1,43,7,-1,-1,-1,-1,2,E01023006,0,1
2024010490591,2024,010490591,1,9,0,18,19,3,7,0,0,1,0,0,0,0,0,1,6,6,1,36,7,-1,-1,-1,-1,9,E01004116,0,2
2024010521389,2024,010521389,2,9,0,18,19,9,9,99,99,9,9,99,9,99,1,9,6,6,3,-1,-1,-1,-1,-1,-1,3,E01016423,0,4
2024471523407,2024,471523407,1,1,0,-1,19,3,7,-1,0,0,0,0,0,0,1,1,-1,2,2,46,8,-1,-1,-1,-1,8,E01021041,0,1
2024461420578,2024,461420578,1,9,0,-1,19,7,3,-1,0,0,0,0,0,0,1,9,-1,6,1,-1,-1,-1,-1,-1,-1,-1,-1,0,-1
2024451528944,2024,451528944,1,9,0,-1,9,-1,-1,-1,0,1,0,99,0,0,1,1,-1,6,3,-1,-1,-1,-1,-1,-1,-1,-1,0,-1
2024552400835,2024,552400835,2,1,0,17,19,7,4,0,0,8,0,0,0,0,4,1,6,6,1,29,6,-1,-1,-1,-1,7,E01020537,0,2
2024991486934,2024,991486934,1,9,0,-1,7,7,3,-1,0,1,0,0,0,0,1,1,-1,2,2,38,7,-1,-1,-1,-1,-1,-1,0,-1
2024430124634,2024,430124634,1,9,0,13,13,8,4,0,0,0,0,0,0,0,4,1,6,6,3,-1,-1,-1,-1,-1,-1,-1,-1,0,-1
2024071067032,2024,071067032,1,19,0,-1,19,2,6,-1,0,0,0,0,0,0,4,-1,-1,6,1,-1,-1,-1,-1,-1,-1,-1,-1,0,-1