collision_index,collision_year,collision_ref_no,vehicle_reference,vehicle_type,towing_and_articulation,vehicle_manoeuvre_historic,vehicle_manoeuvre,vehicle_direction_from,vehicle_direction_to,vehicle_location_restricted_lane_historic,vehicle_location_restricted_lane,junction_location,skidding_and_overturning,hit_object_in_carriageway,vehicle_leaving_carriageway,hit_object_off_carriageway,first_point_of_impact,vehicle_left_hand_drive,journey_purpose_of_driver_historic,journey_purpose_of_driver,sex_of_driver,age_of_driver,age_band_of_driver,engine_capacity_cc,propulsion_code,age_of_vehicle,generic_make_model,driver_imd_decile,lsoa_of_driver,escooter_flag,driver_distance_banding
2024101417083,2024,101417083,2,1,0,-1,14,7,3,-1,0,1,0,0,0,0,2,1,-1,9,2,35,6,-1,-1,-1,-1,1,E01008846,0,1
2024010492662,2024,010492662,1,9,0,99,99,9,9,99,99,9,9,99,9,99,2,9,6,6,1,45,7,-1,-1,-1,-1,3,E01000622,0,1
2024302401106,2024,302401106,2,9,0,18,19,8,4,0,0,8,0,0,0,0,1,1,2,2,1,45,7,-1,-1,-1,-1,9,E01013469,0,1
2024631431360,2024,631431360,2,9,0,-1,10,8,6,-1,0,8,0,0,1,10,2,1,-1,9,2,50,8,-1,-1,-1,-1,6,W01000477,0,3
2024311489219,2024,311489219,2,19,0,-1,19,1,5,-1,0,0,0,0,0,0,0,9,-1,6,3,-1,-1,-1,-1,-1,-1,-1,-1,0,-1
2024122400396,2024,122400396,2,1,0,18,19,3,7,0,0,6,1,0,0,0,1,1,6,6,1,76,11,-1,-1,-1,-1,3,E01011717,0,3
2024201511712,2024,201511712,1,1,0,-1,19,5,1,-1,0,0,2,0,0,0,0,1,-1,6,1,54,8,-1,-1,-1,-1,-1,-1,0,-1
2024010539264,2024,010539264,1,9,0,99,99,9,9,99,99,9,9,99,9,99,9,9,6,6,3,-1,-1,-1,-1,-1,-1,-1,-1,0,-1
2024610041924,2024,610041924,1,9,0,9,9,8,7,0,0,8,0,0,0,0,3,1,2,2,1,52,8,-1,-1,-1,-1,4,W01002032,0,1
2024031493186,2024,031493186,1,1,0,-1,19,8,4,-1,9,2,0,0,0,0,0,1,-1,9,1,58,9,-1,-1,-1,-1,-1,-1,0,-1
2024531502646,2024,531502646,3,9,0,-1,19,3,7,-1,0,0,0,0,0,0,2,1,-1,9,2,23,5,-1,-1,-1,-1,2,E01022322,0,1
2024371476165,2024,371476165,2,1,0,-1,19,7,3,-1,0,0,1,0,0,0,1,1,-1,9,2,66,10,-1,-1,-1,-1,6,E01031194,0,5
2024131407657,2024,131407657,1,9,0,-1,-1,-1,-1,-1,-1,0,-1,-1,-1,0,-1,1,-1,6,3,-1,-1,-1,-1,-1,-1,-1,-1,0,-1
2024010537905,2024,010537905,1,1,9,99,99,9,9,99,99,9,9,99,9,99,2,1,6,6,1,40,7,-1,-1,-1,-1,7,E01001865,0,1
2024010487375,2024,010487375,3,19,0,18,19,3,7,0,0,0,0,0,0,0,1,1,6,6,1,46,8,-1,-1,-1,-1,10,E01024150,0,2
2024010514211,2024,010514211,2,-1,0,18,19,1,5,0,0,0,0,0,0,0,1,1,6,6,2,27,6,-1,-1,-1,-1,-1,-1,1,-1
2024061458006,2024,061458006,1,1,0,-1,5,3,7,-1,0,1,0,0,0,0,1,1,-1,2,1,41,7,-1,-1,-1,-1,-1,-1,0,-1
2024061529988,2024,061529988,2,9,0,-1,19,-1,-1,-1,0,8,0,0,0,0,1,1,-1,6,3,-1,-1,-1,-1,-1,-1,-1,-1,0,-1
2024041452248,2024,041452248,1,9,0,-1,7,1,7,-1,0,1,0,0,0,0,3,1,-1,9,2,29,6,-1,-1,-1,-1,2,E01025388,0,1
2024010516804,2024,010516804,1,8,0,18,19,5,1,0,0,1,0,0,0,0,1,1,6,6,3,24,5,-1,-1,-1,-1,-1,-1,0,-1
2024401519100,2024,401519100,1,9,0,-1,19,7,3,-1,0,0,2,10,0,0,1,1,-1,6,1,39,7,-1,-1,-1,-1,2,E01017509,0,3
2024161462989,2024,161462989,2,1,0,-1,99,5,1,-1,99,0,9,99,9,99,4,1,-1,6,2,13,3,-1,-1,-1,-1,-1,-1,0,-1
202460Q062830,2024,60Q062830,1,9,0,15,15,1,5,0,0,0,0,0,0,0,3,1,6,6,3,-1,-1,-1,-1,-1,-1,-1,-1,0,-1
2024211481195,2024,211481195,1,9,0,-1,2,0,0,-1,9,0,0,0,0,0,4,1,-1,9,2,56,9,-1,-1,-1,-1,9,E01029712,0,4
2024201433669,2024,201433669,2,9,0,-1,19,4,8,-1,0,8,1,10,0,0,2,1,-1,6,1,64,9,-1,-1,-1,-1,-1,-1,0,-1
2024340NN0842,2024,340NN0842,1,19,4,-1,15,6,2,-1,0,0,0,0,0,0,2,1,-1,6,1,-1,-1,-1,-1,-1,-1,-1,-1,0,-1
2024010509816,2024,010509816,2,1,0,18,19,8,4,0,0,1,0,0,0,0,1,1,6,6,2,51,8,-1,-1,-1,-1,2,E01001850,0,1
2024010550732,2024,010550732,1,9,0,18,19,1,5,0,0,1,0,0,0,0,1,1,6,6,3,23,5,-1,-1,-1,-1,-1,-1,0,-1
2024010533475,2024,010533475,2,-1,0,16,19,1,2,0,0,2,0,0,0,0,3,1,6,6,1,47,8,-1,-1,-1,-1,3,E01003221,1,1
2024430301573,2024,430301573,1,1,0,18,19,8,4,0,0,8,0,0,0,0,9,1,6,6,2,11,3,-1,-1,-1,-1,7,E01033962,0,1
2024010487452,2024,010487452,2,11,0,5,5,1,5,0,0,1,0,0,0,0,1,1,1,1,1,21,5,-1,-1,-1,-1,3,E01003275,0,1
2024471515194,2024,471515194,3,9,0,-1,19,7,3,-1,0,0,0,2,0,0,4,9,-1,6,3,-1,-1,-1,-1,-1,-1,-1,-1,0,-1
2024201522825,2024,201522825,2,1,0,-1,19,4,8,-1,0,8,0,0,0,0,1,1,-1,6,1,46,8,-1,-1,-1,-1,7,E01010345,0,3
2024311431027,2024,311431027,2,1,0,-1,19,8,4,-1,0,0,0,0,0,0,1,1,-1,6,1,13,3,-1,-1,-1,-1,-1,-1,0,-1
2024991457063,2024,991457063,4,9,0,-1,10,8,4,-1,0,5,0,0,0,0,0,9,-1,6,-1,50,8,-1,-1,-1,-1,-1,-1,0,-1
202417L108424,2024,17L108424,2,9,0,-1,9,6,4,-1,0,4,0,0,0,0,1,1,-1,6,3,-1,-1,-1,-1,-1,-1,-1,-1,0,-1
2024440105684,2024,440105684,1,9,0,18,19,8,4,0,0,1,0,0,0,0,1,1,6,6,1,30,6,-1,-1,-1,-1,4,E01017192,0,2
2024430549633,2024,430549633,1,1,0,18,19,8,4,0,0,1,0,0,0,0,9,1,6,6,1,17,4,-1,-1,-1,-1,1,E01016811,0,1
2024302400217,2024,302400217,3,9,0,18,19,8,4,0,0,8,0,0,0,0,1,1,1,1,1,31,6,-1,-1,-1,-1,8,E01019609,0,2
2024010516780,2024,010516780,1,9,0,9,9,5,3,0,0,8,0,0,0,0,1,1,6,6,1,47,8,-1,-1,-1,-1,5,E01001251,0,1
2024101482755,2024,101482755,4,9,0,-1,19,6,2,-1,0,1,0,0,0,0,3,1,-1,1,1,56,9,-1,-1,-1,-1,10,E01008421,0,1
2024522401626,2024,522401626,1,9,0,3,3,5,1,0,0,1,0,0,0,0,2,1,6,6,2,37,7,-1,-1,-1,-1,10,E01014878,0,1
2024302400026,2024,302400026,2,9,0,9,9,6,4,0,0,5,0,0,0,0,1,1,2,2,1,-1,-1,-1,-1,-1,-1,-1,-1,0,-1
2024010491042,2024,010491042,2,9,0,99,99,9,9,99,99,9,9,99,9,99,9,9,6,6,3,-1,-1,-1,-1,-1,-1,-1,-1,0,-1
2024041396094,2024,041396094,1,9,0,-1,13,8,4,-1,0,0,0,0,7,11,1,1,-1,2,1,32,6,-1,-1,-1,-1,8,E01012583,0,3
2024161419697,2024,161419697,2,1,0,-1,19,3,7,-1,0,0,0,0,0,0,4,1,-1,6,1,60,9,-1,-1,-1,-1,1,E01012809,0,1
2024552400188,2024,552400188,2,9,0,5,5,8,4,0,0,0,0,0,0,0,1,1,6,6,2,76,11,-1,-1,-1,-1,7,E01015454,0,1
2024991524998,2024,991524998,2,9,0,-1,2,0,0,-1,0,0,0,0,0,0,2,1,-1,6,-1,-1,-1,-1,-1,-1,-1,-1,-1,0,-1
2024101455319,2024,101455319,2,19,0,-1,10,1,5,-1,0,0,0,0,0,0,1,1,-1,6,1,50,8,-1,-1,-1,-1,6,E01035634,0,4
2024010487469,2024,010487469,1,9,0,9,9,1,7,0,0,8,0,0,0,0,1,1,6,6,2,48,8,-1,-1,-1,-1,2,E01001955,0,1
2024461411760,2024,461411760,2,9,0,-1,19,7,3,-1,0,0,0,0,0,0,1,1,-1,2,1,23,5,-1,-1,-1,-1,6,E01024234,0,4
2024010487818,2024,010487818,2,9,0,13,13,3,7,0,0,0,0,0,0,0,2,1,6,6,1,57,9,-1,-1,-1,-1,3,E01000100,0,2
2024122500227,2024,122500227,2,1,0,5,5,7,3,0,0,4,0,0,0,0,1,1,6,6,1,33,6,-1,-1,-1,-1,3,E01013366,0,1
2024401466229,2024,401466229,1,9,0,-1,19,7,3,-1,0,2,0,0,0,0,3,1,-1,9,1,75,10,-1,-1,-1,-1,7,E01017478,0,2
2024450512335,2024,450512335,1,1,0,10,10,5,2,0,0,5,5,0,0,0,2,1,6,6,1,47,8,-1,-1,-1,-1,10,E01004105,0,1
2024461498901,2024,461498901,1,19,0,-1,19,7,4,-1,0,0,0,0,0,0,1,2,-1,1,1,24,5,-1,-1,-1,-1,-1,-1,0,-1
2024052402177,2024,052402177,1,9,0,5,5,6,2,0,0,1,0,0,0,0,1,1,6,6,3,-1,-1,-1,-1,-1,-1,-1,-1,0,-1
2024421473652,2024,421473652,2,1,0,-1,4,8,4,-1,0,0,0,0,0,0,2,1,-1,9,1,49,8,-1,-1,-1,-1,4,E01004355,0,2
2024010541006,2024,010541006,1,1,9,18,19,9,9,99,99,0,9,99,9,99,9,1,2,2,1,41,7,-1,-1,-1,-1,5,E01000975,0,1
2024201527048,2024,201527048,1,9,0,-1,9,5,3,-1,0,5,0,0,0,0,1,1,-1,6,3,23,5,-1,-1,-1,-1,-1,-1,0,-1
2024411455209,2024,411455209,2,1,-1,-1,2,5,1,-1,0,1,0,0,0,0,3,1,-1,9,1,22,5,-1,-1,-1,-1,6,E01023388,0,1
2024211520015,2024,211520015,1,9,0,-1,13,5,1,-1,0,0,0,0,0,0,3,1,-1,6,3,-1,-1,-1,-1,-1,-1,-1,-1,0,-1
2024010495774,2024,010495774,2,9,0,99,99,9,9,99,99,9,9,99,9,99,9,9,6,6,3,-1,-1,-1,-1,-1,-1,-1,-1,0,-1
2024031517399,2024,031517399,2,1,0,-1,19,6,2,-1,0,0,0,0,0,0,1,1,-1,2,2,-1,-1,-1,-1,-1,-1,-1,-1,0,-1
2024546727424,2024,546727424,1,9,0,16,19,8,4,0,0,3,0,0,0,0,1,1,3,7,2,53,8,-1,-1,-1,-1,7,E01032077,0,1
2024211528870,2024,211528870,2,1,0,-1,10,4,8,-1,0,1,0,0,0,0,3,1,-1,6,1,23,5,-1,-1,-1,-1,7,E01033750,0,4
2024010488106,2024,010488106,1,9,0,99,99,9,9,99,99,9,9,99,9,99,9,9,6,6,1,38,7,-1,-1,-1,-1,3,E01001834,0,1
2024141467604,2024,141467604,3,10,0,-1,2,0,0,-1,9,1,0,0,0,0,0,1,-1,6,-1,-1,-1,-1,-1,-1,-1,-1,-1,0,-1
2024221470682,2024,221470682,1,1,0,-1,19,1,5,-1,0,1,0,0,0,0,1,1,-1,6,1,16,4,-1,-1,-1,-1,-1,-1,0,-1
2024361474700,2024,361474700,1,9,0,-1,19,1,5,-1,0,0,0,0,0,0,1,1,-1,9,1,61,9,-1,-1,-1,-1,4,E01026806,0,1
2024141505723,2024,141505723,1,9,0,-1,19,3,7,-1,0,0,2,11,0,0,1,1,-1,6,1,29,6,-1,-1,-1,-1,8,E01011181,0,3
2024010488590,2024,010488590,1,3,0,99,99,9,9,99,99,9,9,99,9,99,1,1,6,6,1,19,4,-1,-1,-1,-1,4,E01032764,0,1
2024010500338,2024,010500338,2,9,0,99,99,9,9,99,99,0,9,99,9,99,9,9,6,6,3,-1,-1,-1,-1,-1,-1,2,E01000431,0,1
2024991487904,2024,991487904,2,1,0,-1,19,4,8,-1,0,8,0,0,0,0,1,1,-1,9,1,62,9,-1,-1,-1,-1,1,-1,0,1
2024411452545,2024,411452545,2,9,0,-1,2,0,0,-1,9,0,0,0,0,0,1,1,-1,6,-1,-1,-1,-1,-1,-1,-1,-1,-1,0,-1
2024010542308,2024,010542308,1,1,9,99,99,9,9,99,99,9,9,99,9,99,1,1,6,6,1,28,6,-1,-1,-1,-1,4,E01002070,0,1
2024010532553,2024,010532553,2,1,0,17,19,5,1,0,0,2,0,0,0,0,1,1,6,6,1,28,6,-1,-1,-1,-1,3,E01001733,0,1
2024010548066,2024,010548066,1,9,0,18,19,5,1,0,0,8,0,0,0,0,4,1,6,6,3,-1,-1,-1,-1,-1,-1,-1,-1,0,-1
2024622400835,2024,622400835,2,9,0,18,19,2,6,0,0,1,0,0,0,0,1,1,6,6,1,19,4,-1,-1,-1,-1,8,W01001755,0,1
2024371410922,2024,371410922,1,98,0,-1,7,7,1,-1,0,8,0,0,0,0,2,1,-1,6,3,-1,-1,-1,-1,-1,-1,-1,-1,0,-1
2024010540399,2024,010540399,2,1,0,18,19,7,3,0,0,2,0,0,0,0,1,1,6,6,1,20,4,-1,-1,-1,-1,3,E01000095,0,1
2024010524525,2024,010524525,2,9,0,99,99,9,9,99,99,9,9,99,9,99,1,9,6,6,3,-1,-1,-1,-1,-1,-1,3,E01002627,0,1
2024340NN0782,2024,340NN0782,1,9,0,-1,19,2,6,-1,0,0,1,0,1,11,1,1,-1,6,1,25,5,-1,-1,-1,-1,4,E01027327,0,1
2024201513842,2024,201513842,2,1,0,-1,19,6,2,-1,0,8,0,0,0,0,1,1,-1,6,1,14,3,-1,-1,-1,-1,10,E01010181,0,1
202460Q076696,2024,60Q076696,2,1,0,18,19,1,5,0,0,1,0,0,0,0,3,1,6,6,1,54,8,-1,-1,-1,-1,-1,-1,0,-1
2024471413196,2024,471413196,2,9,-1,-1,1,4,-1,-1,0,1,0,0,0,0,2,9,-1,6,2,-1,-1,-1,-1,-1,-1,-1,-1,0,-1
2024201452007,2024,201452007,1,9,0,-1,19,5,1,-1,0,1,0,0,0,0,1,9,-1,6,1,60,9,-1,-1,-1,-1,-1,-1,0,-1
2024332400026,2024,332400026,1,1,0,-1,19,1,5,-1,0,8,0,0,0,0,3,1,-1,6,1,40,7,-1,-1,-1,-1,3,E01013683,0,1
2024320304818,2024,320304818,2,1,0,9,9,4,2,0,0,5,5,0,0,0,2,1,6,6,1,65,9,-1,-1,-1,-1,8,E01026237,0,3
2024320660384,2024,320660384,1,19,0,-1,-1,4,8,0,0,1,0,0,0,0,3,1,6,6,2,-1,-1,-1,-1,-1,-1,-1,-1,0,-1
2024332400485,2024,332400485,2,9,0,-1,9,4,2,-1,0,6,0,0,0,0,3,1,-1,6,3,-1,-1,-1,-1,-1,-1,-1,-1,0,-1
2024332400812,2024,332400812,1,9,0,-1,19,1,5,-1,0,2,0,0,0,0,0,1,-1,6,1,68,10,-1,-1,-1,-1,-1,-1,0,-1
2024201406143,2024,201406143,1,9,0,-1,19,2,6,-1,0,0,0,0,0,0,1,1,-1,6,1,20,4,-1,-1,-1,-1,-1,-1,0,-1
2024010495016,2024,010495016,1,9,0,4,4,5,1,0,0,2,0,0,0,0,1,1,6,6,2,26,6,-1,-1,-1,-1,4,E01003031,0,2
2024010558225,2024,010558225,2,90,0,99,99,9,9,99,99,9,9,99,9,99,9,9,6,6,3,-1,-1,-1,-1,-1,-1,-1,-1,0,-1
2024351429897,2024,351429897,1,9,0,-1,19,5,1,-1,0,0,1,0,8,0,1,1,-1,6,1,-1,-1,-1,-1,-1,-1,-1,-1,0,-1
2024451413054,2024,451413054,2,9,0,-1,19,1,5,-1,0,1,0,0,0,0,1,1,-1,9,2,19,4,-1,-1,-1,-1,7,E01030591,0,1
2024340NN2362,2024,340NN2362,1,9,0,-1,9,1,6,-1,0,8,0,0,3,1,1,1,-1,1,2,81,11,-1,-1,-1,-1,9,E01027042,0,1
2024501440564,2024,501440564,1,9,0,-1,5,5,1,-1,0,1,0,0,0,0,1,1,-1,1,1,35,6,-1,-1,-1,-1,4,E01019013,0,4
2024201466723,2024,201466723,2,9,0,-1,19,6,2,-1,0,8,0,0,0,0,2,1,-1,6,1,45,7,-1,-1,-1,-1,2,E01034745,0,1
2024522401401,2024,522401401,2,1,0,18,19,2,6,0,0,1,0,0,0,0,1,1,6,6,1,36,7,-1,-1,-1,-1,4,E01014632,0,1
2024531510549,2024,531510549,3,9,0,-1,19,8,4,-1,0,1,0,1,0,0,1,1,-1,2,2,21,5,-1,-1,-1,-1,9,E01028485,0,4
2024061394078,2024,061394078,1,9,0,-1,19,7,4,-1,0,1,0,0,0,0,1,1,-1,9,1,51,8,-1,-1,-1,-1,1,E01005338,0,1
2024010509735,2024,010509735,2,1,0,18,19,1,5,4,4,8,0,0,0,0,1,1,6,6,1,37,7,-1,-1,-1,-1,4,E01000639,0,1
2024522403231,2024,522403231,1,-1,0,18,19,9,9,9,9,8,0,0,0,0,1,1,6,6,1,-1,-1,-1,-1,-1,-1,-1,-1,1,-1
2024461407048,2024,461407048,1,19,0,-1,9,7,5,-1,0,0,0,0,0,0,1,1,-1,9,2,38,7,-1,-1,-1,-1,5,E01002326,0,4
2024440546597,2024,440546597,2,1,0,18,19,4,8,0,0,1,0,0,0,0,3,1,6,6,1,12,3,-1,-1,-1,-1,5,E01022814,0,1
2024401523176,2024,401523176,1,9,0,-1,15,5,1,-1,0,1,0,0,7,0,1,1,-1,6,1,93,11,-1,-1,-1,-1,9,E01017372,0,1
2024041397380,2024,041397380,2,9,0,-1,3,5,1,-1,0,0,0,0,0,0,4,1,-1,6,1,27,6,-1,-1,-1,-1,7,E01025487,0,1
2024161500697,2024,161500697,1,1,0,-1,7,8,2,-1,0,1,0,0,0,0,1,1,-1,6,3,-1,-1,-1,-1,-1,-1,-1,-1,0,-1
2024211533760,2024,211533760,2,9,0,-1,19,1,5,-1,0,1,0,0,0,0,1,1,-1,6,3,-1,-1,-1,-1,-1,-1,-1,-1,0,-1
2024320630226,2024,320630226,2,1,0,-1,-1,2,6,0,0,8,0,0,0,0,1,1,-1,-1,1,28,6,-1,-1,-1,-1,6,E01026151,0,1
2024430207535,2024,430207535,1,9,0,7,7,3,5,0,0,5,0,0,0,0,2,1,6,6,2,39,7,-1,-1,-1,-1,10,E01035754,0,3
2024991428014,2024,991428014,2,90,0,-1,3,4,8,-1,0,0,0,0,0,0,3,1,-1,6,1,65,9,-1,-1,-1,-1,4,-1,0,1
2024201444070,2024,201444070,1,9,0,-1,1,1,5,-1,0,2,0,0,0,0,2,9,-1,6,1,25,5,-1,-1,-1,-1,-1,-1,0,-1
2024451444226,2024,451444226,1,9,0,-1,19,3,7,-1,0,1,0,0,1,0,1,1,-1,6,-1,-1,-1,-1,-1,-1,-1,-1,-1,0,-1
2024401432183,2024,401432183,2,9,0,-1,9,2,6,-1,0,3,0,0,0,0,2,1,-1,2,2,21,5,-1,-1,-1,-1,5,E01017579,0,1
2024430115013,2024,430115013,2,9,0,18,19,6,2,0,0,8,0,0,0,0,1,1,2,2,2,35,6,-1,-1,-1,-1,-1,-1,0,-1
2024131486121,2024,131486121,2,9,0,-1,-1,-1,-1,-1,-1,0,-1,-1,-1,0,-1,1,-1,6,3,-1,-1,-1,-1,-1,-1,-1,-1,0,-1
2024552500004,2024,552500004,1,1,0,18,19,4,8,0,0,0,0,0,0,0,1,1,6,6,1,34,6,-1,-1,-1,-1,5,E01015329,0,1
2024520401584,2024,520401584,2,9,0,18,19,8,4,0,0,1,0,0,0,0,1,1,6,6,2,56,9,-1,-1,-1,-1,5,E01029123,0,1
2024052401958,2024,052401958,1,9,0,18,19,4,1,0,0,8,0,0,0,0,1,1,1,1,1,43,7,-1,-1,-1,-1,1,E01006741,0,2
2024010525478,2024,010525478,1,-1,0,18,19,5,1,0,0,1,0,0,0,0,1,1,6,6,1,32,6,-1,-1,-1,-1,4,E01002447,1,1
2024421475368,2024,421475368,2,9,0,-1,2,0,0,-1,0,2,0,0,0,0,2,1,-1,6,1,-1,-1,-1,-1,-1,-1,6,E01022096,0,2
2024201484222,2024,201484222,2,9,0,-1,19,2,6,-1,0,8,0,0,0,0,3,9,-1,6,1,22,5,-1,-1,-1,-1,1,E01009985,0,1
2024010505975,2024,010505975,1,8,0,18,19,5,1,0,0,8,0,0,0,0,1,1,1,1,1,64,9,-1,-1,-1,-1,2,E01015851,0,4
2024010539801,2024,010539801,1,1,9,99,99,9,9,99,99,9,9,99,9,99,9,1,2,2,1,58,9,-1,-1,-1,-1,9,E01030421,0,4
2024141503746,2024,141503746,2,-1,0,-1,19,7,3,-1,0,1,2,0,0,0,1,9,-1,6,1,19,4,-1,-1,-1,-1,3,E01007337,1,2
2024201395146,2024,201395146,1,9,0,-1,19,8,4,-1,0,1,0,0,0,0,1,9,-1,6,1,40,7,-1,-1,-1,-1,-1,-1,0,-1
2024010489897,2024,010489897,1,3,0,99,99,9,9,99,99,0,9,99,9,99,9,1,2,2,1,21,5,-1,-1,-1,-1,3,E01004567,0,1
2024010488599,2024,010488599,2,9,0,99,99,9,9,99,99,9,9,99,9,99,9,9,6,6,3,-1,-1,-1,-1,-1,-1,-1,-1,0,-1
2024302400821,2024,302400821,1,9,0,9,9,6,4,0,0,8,0,0,0,0,1,1,6,6,2,46,8,-1,-1,-1,-1,7,E01025963,0,2
2024991438412,2024,991438412,3,98,0,-1,19,6,2,-1,0,0,0,0,0,0,2,1,-1,6,3,30,6,-1,-1,-1,-1,-1,-1,0,-1
202454A841824,2024,54A841824,2,9,0,4,4,7,3,0,0,1,0,0,0,0,2,1,6,6,2,40,7,-1,-1,-1,-1,5,E01031845,0,3
2024631515147,2024,631515147,1,98,0,-1,19,6,2,-1,0,0,0,0,0,0,4,1,-1,6,3,-1,-1,-1,-1,-1,-1,-1,-1,0,-1
2024141431012,2024,141431012,1,9,0,-1,9,7,3,-1,0,2,0,0,0,0,1,9,-1,6,3,-1,-1,-1,-1,-1,-1,-1,-1,0,-1
2024411541655,2024,411541655,2,9,0,-1,7,3,5,-1,0,0,0,0,0,0,1,1,-1,6,1,47,8,-1,-1,-1,-1,4,E01023738,0,3
2024991410158,2024,991410158,1,9,0,-1,7,2,4,-1,0,1,0,0,0,0,4,9,-1,6,3,-1,-1,-1,-1,-1,-1,-1,-1,0,-1
2024351404432,2024,351404432,2,90,0,-1,19,1,5,-1,0,8,0,0,0,0,4,9,-1,9,1,25,5,-1,-1,-1,-1,10,E01018256,0,1
2024461494711,2024,461494711,1,9,0,-1,1,7,3,-1,0,0,0,0,0,0,2,9,-1,6,3,-1,-1,-1,-1,-1,-1,-1,-1,0,-1
2024010494975,2024,010494975,3,9,0,2,2,0,0,0,0,1,0,0,0,0,3,1,6,6,3,-1,-1,-1,-1,-1,-1,-1,-1,0,-1
2024461470786,2024,461470786,2,9,0,-1,19,7,4,-1,9,2,0,0,0,0,1,1,-1,1,1,28,6,-1,-1,-1,-1,7,E01024433,0,1
2024010513106,2024,010513106,2,9,0,99,99,9,9,99,99,0,9,99,9,99,1,9,6,6,3,-1,-1,-1,-1,-1,-1,-1,-1,0,-1
2024161510633,2024,161510633,2,1,0,-1,9,3,1,-1,0,0,5,0,0,0,3,1,-1,9,1,13,3,-1,-1,-1,-1,10,E01034758,0,1
2024010491155,2024,010491155,2,19,0,99,99,9,9,99,99,0,9,99,9,99,9,9,6,6,3,-1,-1,-1,-1,-1,-1,-1,-1,0,-1
2024471402555,2024,471402555,2,11,-1,-1,4,1,5,-1,0,1,0,0,0,0,-1,9,-1,2,3,-1,-1,-1,-1,-1,-1,-1,-1,0,-1
2024332400476,2024,332400476,2,9,0,-1,5,9,9,-1,0,0,0,0,0,0,1,1,-1,6,1,-1,-1,-1,-1,-1,-1,-1,-1,0,-1
2024501504682,2024,501504682,1,9,0,-1,19,5,1,-1,0,0,1,0,2,11,4,1,-1,6,1,44,7,-1,-1,-1,-1,6,E01015191,0,2
2024010535678,2024,010535678,1,9,0,9,9,4,2,0,0,1,0,0,0,0,1,1,6,6,3,-1,-1,-1,-1,-1,-1,-1,-1,0,-1
2024061509639,2024,061509639,2,9,0,-1,19,3,7,-1,0,1,0,0,0,0,1,1,-1,6,2,48,8,-1,-1,-1,-1,2,E01006034,0,1
2024501455449,2024,501455449,2,1,0,-1,7,5,3,-1,0,3,0,0,0,0,4,1,-1,2,1,43,7,-1,-1,-1,-1,6,E01019048,0,4
2024201465258,2024,201465258,1,9,0,-1,7,4,2,-1,0,1,0,0,0,0,1,9,-1,6,3,18,4,-1,-1,-1,-1,-1,-1,0,-1
2024010530761,2024,010530761,1,1,0,18,19,3,7,0,0,8,0,0,0,0,1,1,2,2,1,18,4,-1,-1,-1,-1,2,E01001765,0,1
2024411460743,2024,411460743,2,22,0,-1,5,2,6,-1,0,0,0,0,0,0,3,1,-1,6,1,79,11,-1,-1,-1,-1,3,E01023348,0,1
2024201527681,2024,201527681,2,9,0,-1,2,0,0,-1,0,1,0,0,0,0,3,1,-1,6,3,-1,-1,-1,-1,-1,-1,-1,-1,0,-1
2024440056018,2024,440056018,1,1,0,18,19,8,4,0,0,0,0,0,0,0,3,1,2,2,1,40,7,-1,-1,-1,-1,1,E01022903,0,2
2024010487556,2024,010487556,1,3,0,18,19,1,5,0,0,8,0,0,0,0,9,1,1,1,2,19,4,-1,-1,-1,-1,7,E01001495,0,2
2024542091124,2024,542091124,1,1,0,18,19,8,4,0,0,8,0,0,0,0,1,1,6,6,1,19,4,-1,-1,-1,-1,4,E01032019,0,1
2024010528684,2024,010528684,3,9,0,13,13,2,6,0,0,1,0,7,0,0,1,1,6,6,3,-1,-1,-1,-1,-1,-1,-1,-1,0,-1
2024332401099,2024,332401099,2,9,0,-1,19,5,1,-1,0,6,0,0,3,0,1,1,-1,6,3,-1,-1,-1,-1,-1,-1,-1,-1,0,-1
2024311402206,2024,311402206,1,9,0,-1,19,3,1,-1,0,0,0,0,0,0,3,1,-1,1,1,37,7,-1,-1,-1,-1,1,E01009127,0,4
2024101456019,2024,101456019,1,9,0,-1,13,2,6,-1,0,8,0,0,0,0,0,9,-1,6,3,-1,-1,-1,-1,-1,-1,-1,-1,0,-1
2024161457346,2024,161457346,1,97,0,-1,19,5,2,-1,0,1,0,4,0,0,1,1,-1,6,2,29,6,-1,-1,-1,-1,1,E01012849,0,1
2024201402173,2024,201402173,1,9,0,-1,19,7,3,-1,0,8,0,0,0,0,1,1,-1,6,1,-1,-1,-1,-1,-1,-1,-1,-1,0,-1
2024010496609,2024,010496609,1,9,0,3,3,6,2,0,0,1,0,0,0,0,1,1,6,6,2,48,8,-1,-1,-1,-1,5,E01002815,0,1
2024010491298,2024,010491298,2,4,0,7,7,1,4,0,0,1,0,0,0,0,3,1,6,6,1,29,6,-1,-1,-1,-1,8,E01004110,0,1
2024010547789,2024,010547789,2,9,0,99,99,9,9,99,99,9,9,99,9,99,0,9,6,6,3,-1,-1,-1,-1,-1,-1,-1,-1,0,-1
2024010496466,2024,010496466,1,20,0,99,99,9,9,99,99,9,9,99,9,99,9,9,1,1,1,44,7,-1,-1,-1,-1,2,E01001550,0,3
2024231535090,2024,231535090,1,19,0,-1,19,8,4,-1,0,0,0,4,0,0,1,1,-1,1,1,51,8,-1,-1,-1,-1,3,E01031012,0,1
2024430334371,2024,430334371,1,9,0,18,19,4,8,0,0,0,0,0,0,0,1,1,2,2,1,47,8,-1,-1,-1,-1,2,E01016295,0,1
2024201494878,2024,201494878,1,9,0,-1,9,4,2,-1,0,6,0,0,0,0,1,9,-1,6,1,30,6,-1,-1,-1,-1,2,E01009782,0,1
2024302401273,2024,302401273,1,9,0,16,19,1,4,0,0,2,0,0,0,0,0,1,6,6,3,-1,-1,-1,-1,-1,-1,5,E01019456,0,3
2024311412794,2024,311412794,3,9,0,-1,19,5,1,-1,0,8,0,0,0,0,0,1,-1,6,1,-1,-1,-1,-1,-1,-1,-1,-1,0,-1
202454E409424,2024,54E409424,1,9,0,4,4,7,3,0,0,1,0,0,0,0,1,1,2,2,1,41,7,-1,-1,-1,-1,4,E01031917,0,4
2024540364224,2024,540364224,1,9,0,5,5,7,3,0,0,1,0,0,0,0,1,1,6,6,1,19,4,-1,-1,-1,-1,4,E01032115,0,2