collision_index,collision_year,collision_ref_no,vehicle_reference,vehicle_type,towing_and_articulation,vehicle_manoeuvre_historic,vehicle_manoeuvre,vehicle_direction_from,vehicle_direction_to,vehicle_location_restricted_lane_historic,vehicle_location_restricted_lane,junction_location,skidding_and_overturning,hit_object_in_carriageway,vehicle_leaving_carriageway,hit_object_off_carriageway,first_point_of_impact,vehicle_left_hand_drive,journey_purpose_of_driver_historic,journey_purpose_of_driver,sex_of_driver,age_of_driver,age_band_of_driver,engine_capacity_cc,propulsion_code,age_of_vehicle,generic_make_model,driver_imd_decile,lsoa_of_driver,escooter_flag,driver_distance_banding
202417S204224,2024,17S204224,1,9,0,18,19,8,4,0,0,0,0,0,0,0,3,1,6,6,2,51,8,-1,-1,-1,-1,1,E01012198,0,1
2024201517745,2024,201517745,2,1,0,-1,19,7,3,-1,0,8,2,0,0,0,3,1,-1,6,1,13,3,-1,-1,-1,-1,1,E01009270,0,1
2024471461902,2024,471461902,1,9,0,-1,6,3,3,-1,0,0,0,0,1,0,3,1,-1,9,1,83,11,-1,-1,-1,-1,9,E01031458,0,2
2024010493996,2024,010493996,1,1,9,99,99,9,9,99,99,0,9,99,9,99,9,1,6,6,2,29,6,-1,-1,-1,-1,10,E01003874,0,1
2024481566771,2024,481566771,1,1,0,-1,19,7,3,-1,5,0,0,0,0,0,1,1,-1,2,1,37,7,-1,-1,-1,-1,-1,-1,0,-1
2024122400877,2024,122400877,1,1,0,18,19,2,5,0,0,1,0,0,0,0,1,1,6,6,1,62,9,-1,-1,-1,-1,7,E01030137,0,5
2024061421954,2024,061421954,1,8,-1,-1,19,-1,-1,-1,0,0,0,0,0,0,1,9,-1,6,1,-1,-1,-1,-1,-1,-1,-1,-1,0,-1
2024070604055,2024,070604055,2,1,0,4,4,1,5,0,0,1,0,0,0,0,1,1,2,2,1,50,8,-1,-1,-1,-1,2,E01034669,0,1
2024131444978,2024,131444978,1,9,0,-1,-1,-1,-1,-1,-1,0,-1,-1,-1,0,-1,1,-1,6,3,-1,-1,-1,-1,-1,-1,-1,-1,0,-1
2024101422514,2024,101422514,2,9,0,-1,19,7,3,-1,0,1,1,0,3,0,1,1,-1,9,2,67,10,-1,-1,-1,-1,-1,-1,0,-1
2024332400734,2024,332400734,2,9,0,-1,19,6,2,-1,0,8,1,0,0,0,1,1,-1,9,2,31,6,-1,-1,-1,-1,10,E01013797,0,1
2024520401157,2024,520401157,2,9,0,9,9,6,4,0,0,8,0,0,0,0,4,1,6,6,1,48,8,-1,-1,-1,-1,8,E01029142,0,1
2024141526675,2024,141526675,2,9,0,-1,19,3,7,-1,0,2,0,0,0,0,1,9,-1,6,1,-1,-1,-1,-1,-1,-1,-1,-1,0,-1
2024010489956,2024,010489956,1,3,0,11,11,1,5,0,0,1,0,0,0,0,2,1,1,1,1,30,6,-1,-1,-1,-1,-1,-1,0,-1
2024361462899,2024,361462899,2,1,0,-1,19,-1,-1,-1,9,1,0,0,0,0,1,1,-1,6,1,-1,-1,-1,-1,-1,-1,9,E01026544,0,1
2024991492612,2024,991492612,1,9,0,-1,14,3,7,-1,0,6,0,0,0,0,4,1,-1,2,1,37,7,-1,-1,-1,-1,4,-1,0,3
2024421403799,2024,421403799,2,1,0,-1,19,7,3,-1,0,4,0,0,0,0,4,1,-1,6,1,36,7,-1,-1,-1,-1,2,E01021268,0,2
2024010535224,2024,010535224,1,1,9,99,99,9,9,99,99,9,9,99,9,99,1,1,6,6,1,27,6,-1,-1,-1,-1,5,E01001853,0,1
2024351516322,2024,351516322,1,9,0,-1,7,3,5,-1,0,2,0,0,0,0,1,1,-1,6,2,-1,-1,-1,-1,-1,-1,-1,-1,0,-1
2024544353224,2024,544353224,1,9,0,9,9,5,2,0,0,1,0,0,0,0,4,1,1,1,1,39,7,-1,-1,-1,-1,9,E01034526,0,1
2024122401228,2024,122401228,2,1,0,3,3,7,3,0,0,8,0,0,0,0,1,1,6,6,1,13,3,-1,-1,-1,-1,9,E01013414,0,1
2024201451388,2024,201451388,2,9,0,-1,19,8,4,-1,0,0,0,0,0,0,4,1,-1,6,1,33,6,-1,-1,-1,-1,8,E01009464,0,3
2024010494481,2024,010494481,1,11,0,5,5,3,7,0,0,1,0,0,0,0,0,1,1,1,1,42,7,-1,-1,-1,-1,4,E01034224,0,2
2024471499817,2024,471499817,1,9,0,-1,19,1,5,-1,9,0,0,0,0,0,4,9,-1,6,3,-1,-1,-1,-1,-1,-1,-1,-1,0,-1
2024010534554,2024,010534554,2,-1,0,18,19,7,3,0,0,8,0,0,0,0,0,1,2,2,1,24,5,-1,-1,-1,-1,4,E01001816,1,4
2024010499193,2024,010499193,1,11,0,5,5,7,3,0,0,0,0,0,0,0,0,1,1,1,1,53,8,-1,-1,-1,-1,9,E01003812,0,1
2024501501604,2024,501501604,1,1,0,-1,19,7,3,-1,0,0,2,4,0,0,1,1,-1,6,1,42,7,-1,-1,-1,-1,4,E01015031,0,1
2024010532924,2024,010532924,1,21,0,18,19,7,3,0,0,0,0,8,0,0,4,2,1,1,1,48,8,-1,-1,-1,-1,-1,-1,0,-1
2024131452605,2024,131452605,1,90,0,-1,19,6,2,-1,0,1,0,0,0,0,2,1,-1,6,3,-1,-1,-1,-1,-1,-1,-1,-1,0,-1
2024371397694,2024,371397694,1,9,0,-1,2,1,5,-1,-1,0,0,0,0,0,4,1,-1,9,1,78,11,-1,-1,-1,-1,5,E01030229,0,2
2024010488353,2024,010488353,2,9,9,99,99,9,9,99,99,9,9,99,9,99,9,9,6,6,3,-1,-1,-1,-1,-1,-1,-1,-1,0,-1
2024371419219,2024,371419219,1,1,0,-1,19,2,5,-1,0,0,0,0,0,0,4,1,-1,7,1,12,3,-1,-1,-1,-1,9,E01029999,0,1
2024440524211,2024,440524211,2,1,0,18,19,5,1,9,9,1,0,0,0,0,1,1,2,2,1,25,5,-1,-1,-1,-1,6,E01035443,0,1
2024061513223,2024,061513223,1,1,0,-1,19,6,2,-1,0,8,0,0,0,0,1,1,-1,1,1,32,6,-1,-1,-1,-1,1,E01034124,0,1
2024010493026,2024,010493026,4,9,0,18,19,7,3,0,0,0,5,0,0,0,1,1,6,6,2,32,6,-1,-1,-1,-1,-1,-1,0,-1
2024201450895,2024,201450895,1,9,0,-1,5,6,2,-1,0,6,0,0,0,0,4,1,-1,6,1,-1,-1,-1,-1,-1,-1,-1,-1,0,-1
2024010494331,2024,010494331,1,1,9,99,99,9,9,99,99,9,9,99,9,99,1,1,2,2,1,25,5,-1,-1,-1,-1,5,E01001381,0,1
2024471482370,2024,471482370,1,97,0,-1,19,2,6,-1,0,1,0,0,0,0,1,1,-1,6,3,-1,-1,-1,-1,-1,-1,-1,-1,0,-1
2024010533248,2024,010533248,2,1,0,18,19,4,8,0,0,2,0,0,0,0,1,1,2,2,1,21,5,-1,-1,-1,-1,6,E01000369,0,1
2024552401164,2024,552401164,2,9,0,2,2,0,0,0,0,0,0,0,0,0,1,1,6,6,3,-1,-1,-1,-1,-1,-1,-1,-1,0,-1
2024991529569,2024,991529569,1,1,0,-1,5,1,4,-1,0,1,1,0,1,11,1,1,-1,6,1,28,6,-1,-1,-1,-1,3,-1,0,1
2024522500395,2024,522500395,1,1,0,18,19,7,3,0,0,8,0,0,0,0,4,1,6,6,1,20,4,-1,-1,-1,-1,4,E01014904,0,1
2024041433977,2024,041433977,2,1,0,-1,19,6,2,-1,0,8,0,0,0,0,3,1,-1,2,1,50,8,-1,-1,-1,-1,4,E01012712,0,1
2024131427645,2024,131427645,1,8,0,-1,2,0,0,-1,0,5,0,0,0,0,4,1,-1,6,3,-1,-1,-1,-1,-1,-1,-1,-1,0,-1
2024161481709,2024,161481709,1,97,0,-1,19,6,2,-1,0,8,1,0,0,0,0,1,-1,6,1,24,5,-1,-1,-1,-1,2,E01035481,0,2
2024010509037,2024,010509037,2,9,0,99,99,9,9,99,99,9,9,99,9,99,9,9,6,6,3,-1,-1,-1,-1,-1,-1,-1,-1,0,-1
2024010489404,2024,010489404,1,9,0,18,19,1,5,0,0,8,0,0,0,0,1,1,6,6,1,62,9,-1,-1,-1,-1,6,E01000530,0,1
2024010493714,2024,010493714,2,8,0,99,99,9,9,99,99,9,9,99,9,99,2,9,6,6,1,65,9,-1,-1,-1,-1,2,E01003499,0,1
2024010506734,2024,010506734,1,-1,9,99,99,9,9,99,99,9,9,99,9,99,9,9,6,6,3,-1,-1,-1,-1,-1,-1,-1,-1,1,-1
2024430541366,2024,430541366,1,19,0,18,19,6,2,0,0,1,0,0,0,0,1,1,2,2,1,55,8,-1,-1,-1,-1,6,E01017791,0,3
2024052401508,2024,052401508,2,1,0,5,5,6,1,0,0,0,0,0,0,0,3,1,2,2,1,54,8,-1,-1,-1,-1,1,E01006495,0,1
2024221418113,2024,221418113,2,1,0,-1,19,7,3,-1,0,0,0,0,0,0,3,1,-1,9,1,52,8,-1,-1,-1,-1,5,E01014070,0,1
2024501491521,2024,501491521,2,22,0,-1,5,7,3,-1,0,0,0,0,0,0,1,1,-1,9,2,62,9,-1,-1,-1,-1,7,E01020281,0,1
2024351538870,2024,351538870,1,98,0,-1,5,2,5,-1,0,0,0,0,0,0,1,1,-1,1,1,31,6,-1,-1,-1,-1,2,E01015673,0,1
2024041514475,2024,041514475,1,9,0,-1,7,7,1,-1,0,8,0,0,0,0,1,1,-1,6,3,-1,-1,-1,-1,-1,-1,-1,-1,0,-1
2024010524335,2024,010524335,1,1,9,99,99,9,9,99,99,9,9,99,9,99,9,1,1,1,1,55,8,-1,-1,-1,-1,2,E01034487,0,2
2024101504803,2024,101504803,2,1,-1,-1,19,8,5,-1,0,1,0,0,0,0,1,1,-1,6,1,11,3,-1,-1,-1,-1,-1,-1,0,-1
2024010521254,2024,010521254,2,19,0,99,99,9,9,99,99,9,9,99,9,99,9,9,6,6,3,-1,-1,-1,-1,-1,-1,-1,-1,0,-1
2024122400858,2024,122400858,1,9,0,13,13,1,5,0,0,1,1,0,0,0,3,1,6,6,1,19,4,-1,-1,-1,-1,10,E01013374,0,3
2024010519649,2024,010519649,1,97,0,18,19,5,1,0,0,1,0,0,0,0,1,1,6,6,3,-1,-1,-1,-1,-1,-1,-1,-1,0,-1
2024421468305,2024,421468305,2,1,0,-1,9,4,1,-1,0,8,0,0,0,0,1,1,-1,6,1,16,4,-1,-1,-1,-1,1,E01022043,0,1
2024461418508,2024,461418508,1,9,0,-1,7,3,1,-1,0,0,0,0,1,0,2,1,-1,9,2,48,8,-1,-1,-1,-1,8,E01024203,0,3
2024351556379,2024,351556379,1,9,0,-1,19,4,6,-1,0,3,0,0,0,0,1,1,-1,6,3,-1,-1,-1,-1,-1,-1,-1,-1,0,-1
2024052400567,2024,052400567,2,9,0,18,19,4,8,0,0,8,0,0,0,0,1,1,6,6,1,19,4,-1,-1,-1,-1,4,E01006537,0,1
2024481507920,2024,481507920,2,1,0,-1,19,7,3,-1,0,8,0,0,0,0,1,1,-1,2,1,50,8,-1,-1,-1,-1,-1,-1,0,-1
2024010527091,2024,010527091,2,9,0,99,99,9,9,99,99,9,9,99,9,99,1,9,6,6,3,-1,-1,-1,-1,-1,-1,-1,-1,0,-1
2024010491746,2024,010491746,1,1,0,18,19,3,7,9,9,2,0,0,1,0,2,1,6,6,1,18,4,-1,-1,-1,-1,8,E01002518,0,4
2024430294925,2024,430294925,1,1,0,18,19,8,4,0,0,0,0,0,0,0,1,1,6,6,1,22,5,-1,-1,-1,-1,-1,-1,0,-1
2024010488597,2024,010488597,1,9,0,9,9,3,1,0,0,2,1,8,0,0,1,1,6,6,2,43,7,-1,-1,-1,-1,3,E01001529,0,1
2024471449564,2024,471449564,2,1,0,-1,19,3,7,-1,0,0,0,0,1,0,3,1,-1,9,1,72,10,-1,-1,-1,-1,8,E01024024,0,3
2024061528431,2024,061528431,1,1,0,-1,19,-1,-1,-1,0,8,2,0,0,0,1,1,-1,2,1,34,6,-1,-1,-1,-1,8,E01005174,0,1
2024010524909,2024,010524909,2,1,9,99,99,9,9,99,99,9,9,99,9,99,1,1,6,6,1,-1,-1,-1,-1,-1,-1,1,E01000528,0,1
2024421431309,2024,421431309,2,5,0,-1,19,3,7,-1,0,1,0,0,0,0,1,1,-1,6,1,42,7,-1,-1,-1,-1,7,E01021457,0,2
2024332400928,2024,332400928,2,1,0,-1,19,4,8,-1,0,8,0,0,0,0,4,1,-1,9,1,12,3,-1,-1,-1,-1,6,E01025897,0,1
2024430516130,2024,430516130,1,3,0,17,19,3,8,0,0,0,0,0,0,0,1,1,6,6,1,18,4,-1,-1,-1,-1,7,E01016213,0,1
2024430110116,2024,430110116,1,9,0,7,7,8,1,0,0,5,0,0,0,0,4,1,6,6,3,-1,-1,-1,-1,-1,-1,-1,-1,0,-1
2024461500953,2024,461500953,2,1,0,-1,19,1,3,-1,0,8,0,0,0,0,1,1,-1,1,1,36,7,-1,-1,-1,-1,5,E01024181,0,1
2024131506994,2024,131506994,1,9,0,-1,19,1,5,-1,0,0,0,0,1,0,1,1,-1,1,1,26,6,-1,-1,-1,-1,1,E01006213,0,4
2024471458790,2024,471458790,1,4,0,-1,19,2,6,-1,0,1,1,4,1,0,1,1,-1,9,2,27,6,-1,-1,-1,-1,6,E01016927,0,4
2024111402331,2024,111402331,1,4,0,-1,19,8,4,-1,0,0,0,4,0,0,1,1,-1,9,1,22,5,-1,-1,-1,-1,1,E01012314,0,1
2024010544784,2024,010544784,2,1,0,15,15,1,5,2,2,1,0,0,0,0,1,1,6,6,1,50,8,-1,-1,-1,-1,4,E01003018,0,1
2024101398274,2024,101398274,1,9,0,-1,9,7,5,-1,0,1,0,0,0,0,1,1,-1,6,-1,18,4,-1,-1,-1,-1,-1,-1,0,-1
2024320676031,2024,320676031,1,19,0,-1,-1,7,3,0,0,4,0,0,0,0,1,1,6,6,3,-1,-1,-1,-1,-1,-1,-1,-1,0,-1
2024010528471,2024,010528471,2,1,9,99,99,9,9,99,99,9,9,8,9,99,1,1,2,2,1,64,9,-1,-1,-1,-1,5,E01001581,0,1
2024010503812,2024,010503812,1,3,0,18,19,6,2,0,0,0,0,4,0,0,1,1,1,1,1,24,5,-1,-1,-1,-1,4,E01004368,0,1
2024361485222,2024,361485222,1,1,0,-1,19,3,7,-1,0,4,2,0,0,0,0,1,-1,6,1,44,7,-1,-1,-1,-1,-1,-1,0,-1
2024041432716,2024,041432716,1,9,0,-1,-1,-1,-1,-1,-1,0,-1,-1,-1,0,-1,9,-1,6,3,-1,-1,-1,-1,-1,-1,-1,-1,0,-1
2024010490812,2024,010490812,2,9,0,4,4,7,3,0,0,0,0,0,0,0,2,1,1,1,1,45,7,-1,-1,-1,-1,6,E01024513,0,4
2024010500429,2024,010500429,1,9,0,7,7,3,6,0,0,6,0,0,0,0,1,2,6,6,1,21,5,-1,-1,-1,-1,5,E01002184,0,1
2024010510437,2024,010510437,1,1,9,99,99,9,9,99,99,9,9,8,9,99,1,1,6,6,1,23,5,-1,-1,-1,-1,4,E01035716,0,1
2024430584652,2024,430584652,2,19,0,14,14,1,5,0,0,0,0,0,0,0,3,1,6,6,3,-1,-1,-1,-1,-1,-1,-1,-1,0,-1
2024430111171,2024,430111171,1,9,0,18,19,4,8,0,0,8,0,0,0,0,1,1,6,6,1,24,5,-1,-1,-1,-1,5,E01016594,0,1
2024211527958,2024,211527958,1,9,-1,-1,-1,-1,-1,-1,-1,0,-1,-1,-1,0,-1,9,-1,6,1,-1,-1,-1,-1,-1,-1,-1,-1,0,-1
2024451423288,2024,451423288,2,9,0,-1,19,4,4,-1,0,1,0,0,0,0,1,1,-1,6,3,50,8,-1,-1,-1,-1,-1,-1,0,-1
2024010496162,2024,010496162,1,9,0,5,5,3,7,0,0,5,0,0,0,0,3,1,6,6,1,86,11,-1,-1,-1,-1,9,E01004546,0,1
2024061471114,2024,061471114,2,1,0,-1,19,4,8,-1,0,0,0,0,0,0,4,1,-1,6,1,36,7,-1,-1,-1,-1,-1,-1,0,-1
2024141510118,2024,141510118,2,9,0,-1,19,5,1,-1,0,1,0,0,0,0,1,1,-1,6,3,20,4,-1,-1,-1,-1,-1,-1,0,-1
2024311438963,2024,311438963,1,9,0,-1,19,5,1,-1,0,0,0,0,0,0,1,2,-1,6,2,36,7,-1,-1,-1,-1,-1,-1,0,-1
2024010514127,2024,010514127,1,9,0,4,4,1,5,0,0,0,0,0,0,0,3,1,6,6,1,32,6,-1,-1,-1,-1,4,E01003353,0,1
2024501454977,2024,501454977,1,9,0,-1,19,3,7,-1,0,0,0,4,0,0,1,9,-1,6,1,66,10,-1,-1,-1,-1,7,E01019912,0,1
2024332400931,2024,332400931,4,9,0,-1,19,7,3,-1,0,4,0,0,0,0,1,1,-1,6,2,69,10,-1,-1,-1,-1,10,E01025787,0,3
2024010515148,2024,010515148,1,9,0,18,19,1,5,0,0,0,0,0,0,0,2,1,6,6,3,-1,-1,-1,-1,-1,-1,-1,-1,0,-1
2024471471095,2024,471471095,1,1,0,-1,19,8,4,-1,0,0,0,0,0,0,2,1,-1,6,2,17,4,-1,-1,-1,-1,6,E01035326,0,1
2024070891801,2024,070891801,2,1,0,-1,19,5,1,-1,0,8,0,0,0,0,1,1,-1,9,1,46,8,-1,-1,-1,-1,9,E01012463,0,2
2024010515865,2024,010515865,2,9,9,99,99,9,9,99,99,9,9,99,9,99,9,9,6,6,3,-1,-1,-1,-1,-1,-1,-1,-1,0,-1
2024201440243,2024,201440243,1,97,0,-1,19,2,6,-1,0,8,0,0,0,0,1,1,-1,6,1,28,6,-1,-1,-1,-1,1,E01009396,0,1
202417H101224,2024,17H101224,2,1,0,18,19,6,2,0,0,8,0,0,0,0,1,1,6,6,1,18,4,-1,-1,-1,-1,3,E01011986,0,1
2024070834547,2024,070834547,1,1,0,-1,9,5,2,-1,0,6,0,0,0,0,3,1,-1,6,2,50,8,-1,-1,-1,-1,1,E01033794,0,1
2024010513972,2024,010513972,1,1,0,18,19,5,1,5,5,1,0,0,0,0,2,1,2,2,1,54,8,-1,-1,-1,-1,6,E01001990,0,1
2024141516019,2024,141516019,1,90,0,-1,19,6,2,-1,0,1,0,0,0,0,1,1,-1,1,2,35,6,-1,-1,-1,-1,3,E01007368,0,4
2024141530503,2024,141530503,2,9,0,-1,15,1,5,-1,0,0,5,0,7,9,2,1,-1,9,1,19,4,-1,-1,-1,-1,7,E01007700,0,1
2024111471057,2024,111471057,3,11,0,-1,3,8,4,-1,0,1,0,0,0,0,0,1,-1,1,-1,30,6,-1,-1,-1,-1,-1,-1,0,-1
2024371480095,2024,371480095,3,98,1,-1,19,6,2,-1,0,8,0,0,0,0,1,1,-1,1,1,45,7,-1,-1,-1,-1,4,E01025988,0,5
2024231426099,2024,231426099,2,9,-1,-1,-1,2,6,-1,-1,0,0,0,0,0,2,9,-1,-1,1,52,8,-1,-1,-1,-1,10,E01008589,0,5
2024010489654,2024,010489654,2,9,0,99,99,9,9,99,99,9,9,99,9,99,1,9,6,6,3,-1,-1,-1,-1,-1,-1,3,E01002772,0,1
2024440197139,2024,440197139,1,19,0,18,19,8,4,0,0,8,0,0,0,0,1,1,1,1,1,43,7,-1,-1,-1,-1,3,E01022959,0,1
2024010525006,2024,010525006,1,1,0,3,3,7,3,5,5,9,5,0,0,0,1,1,6,6,2,59,9,-1,-1,-1,-1,3,E01003374,0,1
2024440267889,2024,440267889,1,1,0,18,19,3,7,0,0,8,0,0,0,0,3,1,6,6,1,35,6,-1,-1,-1,-1,5,E01017137,0,1
2024461480401,2024,461480401,2,1,0,-1,19,5,1,-1,4,0,0,0,0,0,1,1,-1,6,1,12,3,-1,-1,-1,-1,9,E01024143,0,1
2024471471167,2024,471471167,2,-1,0,-1,19,1,5,-1,0,1,0,0,1,0,1,1,-1,9,1,16,4,-1,-1,-1,-1,1,E01016900,1,1
2024131470453,2024,131470453,1,5,0,-1,19,3,7,-1,0,0,2,0,2,7,4,1,-1,9,1,48,8,-1,-1,-1,-1,6,E01010918,0,2
2024340WN1132,2024,340WN1132,2,9,0,-1,19,1,5,-1,0,6,5,0,0,0,4,1,-1,1,2,30,6,-1,-1,-1,-1,4,E01027252,0,1
2024531398473,2024,531398473,1,9,0,-1,19,1,5,-1,0,0,0,0,0,0,4,1,-1,9,2,39,7,-1,-1,-1,-1,10,E01032326,0,4
2024010510533,2024,010510533,2,1,0,18,19,1,5,4,4,1,0,0,0,0,3,1,2,2,1,38,7,-1,-1,-1,-1,7,E01003451,0,2
2024010510198,2024,010510198,1,1,9,99,99,9,9,99,99,9,9,99,9,99,9,1,2,2,1,30,6,-1,-1,-1,-1,8,E01032637,0,1
2024010489153,2024,010489153,2,3,0,18,19,3,7,0,0,1,0,10,0,0,0,1,6,6,1,17,4,-1,-1,-1,-1,7,E01034153,0,1
2024141459281,2024,141459281,2,9,0,-1,19,8,4,-1,0,0,0,0,0,0,1,9,-1,6,3,-1,-1,-1,-1,-1,-1,-1,-1,0,-1
2024311505556,2024,311505556,1,-1,0,-1,19,5,1,-1,0,0,0,0,0,0,2,1,-1,2,1,27,6,-1,-1,-1,-1,6,E01013840,1,1
2024302401141,2024,302401141,1,5,0,13,13,8,4,0,0,0,0,0,0,0,1,1,6,6,1,65,9,-1,-1,-1,-1,-1,-1,0,-1
2024141525368,2024,141525368,1,9,0,-1,19,1,5,-1,0,1,0,0,0,0,1,1,-1,1,1,49,8,-1,-1,-1,-1,4,E01007699,0,2
2024421442379,2024,421442379,2,9,0,-1,19,2,6,-1,0,1,0,0,0,0,4,1,-1,6,1,61,9,-1,-1,-1,-1,8,E01021891,0,1
2024161445598,2024,161445598,2,9,0,-1,7,7,1,-1,0,3,0,0,0,0,1,9,-1,6,3,-1,-1,-1,-1,-1,-1,-1,-1,0,-1
2024501395552,2024,501395552,1,9,0,-1,19,1,5,-1,0,1,0,0,0,0,1,1,-1,9,2,30,6,-1,-1,-1,-1,5,E01018845,0,1
2024070727324,2024,070727324,2,21,1,-1,19,5,1,-1,0,0,0,0,0,0,1,2,-1,1,1,47,8,-1,-1,-1,-1,-1,-1,0,-1
2024211423003,2024,211423003,1,2,0,-1,19,4,8,-1,0,1,0,0,0,0,1,1,-1,6,3,23,5,-1,-1,-1,-1,-1,-1,0,-1
2024070199025,2024,070199025,1,9,0,10,10,1,4,0,0,5,0,0,0,0,3,1,6,6,1,-1,-1,-1,-1,-1,-1,-1,-1,0,-1
2024421512094,2024,421512094,1,9,0,-1,7,7,2,-1,0,1,0,0,0,0,1,1,-1,6,2,-1,-1,-1,-1,-1,-1,-1,-1,0,-1
2024122400664,2024,122400664,1,9,0,18,19,7,3,0,0,0,0,0,0,0,3,1,6,6,1,55,8,-1,-1,-1,-1,7,E01027742,0,1
2024141433743,2024,141433743,2,9,0,-1,19,-1,-1,-1,0,0,0,0,0,0,-1,9,-1,6,3,-1,-1,-1,-1,-1,-1,-1,-1,0,-1
2024520403343,2024,520403343,2,1,0,18,19,4,8,0,0,8,0,0,0,0,2,1,6,6,1,54,8,-1,-1,-1,-1,6,E01029039,0,1
2024010549589,2024,010549589,2,9,0,7,7,5,7,0,0,5,0,0,0,0,1,1,6,6,3,-1,-1,-1,-1,-1,-1,-1,-1,0,-1
2024010486807,2024,010486807,1,1,9,99,99,9,9,99,99,1,9,99,9,99,1,1,6,6,3,25,5,-1,-1,-1,-1,6,E01000142,0,1
2024311467275,2024,311467275,2,1,0,-1,19,1,5,-1,0,0,0,0,0,0,2,1,-1,9,1,12,3,-1,-1,-1,-1,1,E01028256,0,1
2024041398037,2024,041398037,4,9,0,-1,19,5,1,-1,0,1,0,0,0,0,2,9,-1,6,3,-1,-1,-1,-1,-1,-1,-1,-1,0,-1
2024501491941,2024,501491941,1,17,0,-1,19,3,7,-1,-1,0,0,0,0,0,4,9,-1,1,1,74,10,-1,-1,-1,-1,-1,-1,0,-1
2024122401091,2024,122401091,2,9,0,18,19,1,5,0,0,0,0,0,0,0,2,1,6,6,1,36,7,-1,-1,-1,-1,9,E01011655,0,4
2024501477113,2024,501477113,1,9,0,-1,13,7,3,-1,0,0,0,0,0,0,4,9,-1,6,3,-1,-1,-1,-1,-1,-1,-1,-1,0,-1
2024010495093,2024,010495093,1,3,0,4,4,3,7,0,0,1,0,0,0,0,1,1,6,6,1,17,4,-1,-1,-1,-1,5,E01002677,0,2
2024311439201,2024,311439201,2,1,0,-1,19,3,1,-1,0,0,0,0,0,0,4,1,-1,6,1,33,6,-1,-1,-1,-1,1,E01028320,0,1
2024340NN3162,2024,340NN3162,1,9,0,-1,9,6,4,-1,0,6,0,0,0,0,1,1,-1,6,3,-1,-1,-1,-1,-1,-1,-1,-1,0,-1
2024461402613,2024,461402613,2,9,0,-1,19,1,5,-1,0,0,0,0,0,0,0,1,-1,1,1,30,6,-1,-1,-1,-1,5,E01024383,0,4
2024010497306,2024,010497306,1,1,9,99,99,9,9,99,99,9,9,99,9,99,9,1,2,2,1,43,7,-1,-1,-1,-1,5,E01024075,0,4
2024010507992,2024,010507992,1,1,9,99,99,9,9,99,99,1,9,99,9,99,9,1,2,2,2,44,7,-1,-1,-1,-1,4,E01004202,0,1
2024101534201,2024,101534201,2,19,0,-1,4,5,1,-1,0,0,0,0,0,0,2,1,-1,6,2,57,9,-1,-1,-1,-1,7,E01027390,0,1
2024010518059,2024,010518059,1,9,0,99,99,9,9,99,99,9,9,99,9,99,1,9,6,6,3,-1,-1,-1,-1,-1,-1,-1,-1,0,-1
2024052402061,2024,052402061,2,1,0,18,19,6,2,0,0,8,0,0,0,0,1,1,6,6,1,58,9,-1,-1,-1,-1,6,E01007059,0,1
2024221469660,2024,221469660,2,9,0,-1,2,0,0,-1,9,0,0,4,0,0,4,1,-1,6,-1,-1,-1,-1,-1,-1,-1,-1,-1,0,-1
2024361506852,2024,361506852,2,98,0,-1,19,1,5,-1,0,0,0,0,0,0,3,1,-1,6,1,47,8,-1,-1,-1,-1,5,E01026674,0,3
2024010541863,2024,010541863,1,9,0,9,9,5,3,0,0,6,0,0,0,0,1,1,6,6,1,24,5,-1,-1,-1,-1,-1,-1,0,-1
2024010540238,2024,010540238,3,1,0,15,15,5,1,0,0,1,0,8,0,0,1,1,1,1,1,19,4,-1,-1,-1,-1,3,E01001834,0,1
2024311464070,2024,311464070,3,9,0,-1,19,7,3,-1,0,0,0,0,1,0,3,1,-1,1,1,25,5,-1,-1,-1,-1,10,E01025761,0,1
2024131474707,2024,131474707,1,9,0,-1,-1,-1,-1,-1,-1,8,-1,-1,-1,0,-1,1,-1,6,3,-1,-1,-1,-1,-1,-1,-1,-1,0,-1
2024522500291,2024,522500291,1,9,0,18,19,8,4,0,0,0,0,0,0,0,2,1,6,6,2,46,8,-1,-1,-1,-1,9,E01014391,0,4
2024010547963,2024,010547963,1,97,0,18,19,3,7,0,0,2,0,0,0,0,1,1,6,6,3,-1,-1,-1,-1,-1,-1,-1,-1,0,-1
2024010518561,2024,010518561,2,1,0,4,4,1,5,0,0,1,0,8,0,0,1,1,6,6,1,36,7,-1,-1,-1,-1,3,E01004283,0,1
2024221472232,2024,221472232,1,1,0,-1,9,2,8,-1,0,6,0,0,0,0,1,1,-1,6,1,18,4,-1,-1,-1,-1,8,E01032320,0,1
2024211504505,2024,211504505,1,9,0,-1,19,3,7,-1,0,1,0,0,0,0,1,9,-1,6,1,-1,-1,-1,-1,-1,-1,-1,-1,0,-1
2024010521959,2024,010521959,1,1,9,99,99,9,9,99,99,9,9,99,9,99,9,1,6,6,3,-1,-1,-1,-1,-1,-1,-1,-1,0,-1
2024211507183,2024,211507183,1,9,0,-1,5,1,5,-1,0,3,0,0,0,0,1,1,-1,6,1,42,7,-1,-1,-1,-1,-1,-1,0,-1
2024010501556,2024,010501556,4,9,0,2,2,0,0,0,0,0,0,0,0,0,2,1,6,6,3,-1,-1,-1,-1,-1,-1,-1,-1,0,-1
2024010506909,2024,010506909,1,97,0,99,99,9,9,99,99,0,9,99,9,99,1,1,6,6,3,-1,-1,-1,-1,-1,-1,-1,-1,0,-1
2024010491434,2024,010491434,1,9,0,4,4,5,1,0,0,2,0,0,0,0,2,1,2,2,1,35,6,-1,-1,-1,-1,4,E01003114,0,2
2024010504012,2024,010504012,1,9,9,99,99,9,9,0,0,9,0,99,0,0,9,9,6,6,3,-1,-1,-1,-1,-1,-1,-1,-1,0,-1
2024010494498,2024,010494498,1,3,0,99,99,9,9,99,99,2,9,99,9,99,9,1,1,1,1,48,8,-1,-1,-1,-1,1,E01001847,0,1
2024991408246,2024,991408246,1,9,0,-1,19,6,3,-1,0,0,1,0,0,0,1,1,-1,6,1,63,9,-1,-1,-1,-1,6,-1,0,1