collision_index,collision_year,collision_ref_no,vehicle_reference,vehicle_type,towing_and_articulation,vehicle_manoeuvre_historic,vehicle_manoeuvre,vehicle_direction_from,vehicle_direction_to,vehicle_location_restricted_lane_historic,vehicle_location_restricted_lane,junction_location,skidding_and_overturning,hit_object_in_carriageway,vehicle_leaving_carriageway,hit_object_off_carriageway,first_point_of_impact,vehicle_left_hand_drive,journey_purpose_of_driver_historic,journey_purpose_of_driver,sex_of_driver,age_of_driver,age_band_of_driver,engine_capacity_cc,propulsion_code,age_of_vehicle,generic_make_model,driver_imd_decile,lsoa_of_driver,escooter_flag,driver_distance_banding
2024010520628,2024,010520628,2,9,0,9,9,2,8,0,0,5,0,0,0,0,3,1,6,6,2,41,7,-1,-1,-1,-1,-1,-1,0,-1
2024302401691,2024,302401691,2,1,0,-1,7,6,8,-1,0,8,0,0,0,0,3,1,-1,6,1,10,2,-1,-1,-1,-1,4,E01013537,0,1
2024010542262,2024,010542262,1,9,9,99,99,9,9,99,99,9,9,99,9,99,9,9,6,6,3,-1,-1,-1,-1,-1,-1,-1,-1,0,-1
2024070238469,2024,070238469,2,1,0,5,5,4,8,0,0,1,0,0,0,0,0,1,6,6,1,17,4,-1,-1,-1,-1,8,E01018691,0,1
2024141522600,2024,141522600,2,98,0,-1,19,5,1,-1,0,0,0,0,0,0,1,9,-1,6,3,-1,-1,-1,-1,-1,-1,-1,-1,0,-1
2024552400911,2024,552400911,2,1,0,18,19,8,4,0,0,0,0,0,0,0,4,1,6,6,1,61,9,-1,-1,-1,-1,2,E01015290,0,1
2024430004314,2024,430004314,2,9,0,18,19,2,6,0,0,1,0,0,0,0,1,1,6,6,3,-1,-1,-1,-1,-1,-1,-1,-1,0,-1
2024430081338,2024,430081338,2,1,0,18,19,1,5,0,0,7,0,0,0,0,3,1,6,6,1,64,9,-1,-1,-1,-1,8,E01028527,0,1
2024440399336,2024,440399336,1,-1,0,18,19,3,7,9,9,2,0,0,0,0,1,1,6,6,1,31,6,-1,-1,-1,-1,2,E01017153,1,1
2024031479811,2024,031479811,1,-1,0,-1,19,1,2,-1,9,0,0,0,0,0,1,1,-1,6,-1,-1,-1,-1,-1,-1,-1,-1,-1,1,-1
2024211502779,2024,211502779,1,9,0,-1,19,7,3,-1,0,0,0,0,7,9,3,1,-1,2,2,55,8,-1,-1,-1,-1,6,E01029569,0,2
2024131501607,2024,131501607,1,9,0,-1,-1,-1,-1,-1,-1,-1,-1,-1,-1,-1,-1,1,-1,6,3,-1,-1,-1,-1,-1,-1,-1,-1,0,-1
2024311504909,2024,311504909,2,1,0,-1,19,7,3,-1,0,1,0,0,0,0,4,1,-1,2,2,64,9,-1,-1,-1,-1,7,E01028157,0,1
2024302400192,2024,302400192,2,1,0,18,19,3,7,0,0,8,0,0,0,0,1,1,6,6,1,39,7,-1,-1,-1,-1,6,E01034644,0,1
2024061502337,2024,061502337,2,1,0,-1,19,5,1,-1,0,1,0,0,0,0,0,1,-1,9,1,43,7,-1,-1,-1,-1,4,E01006184,0,2
2024430517306,2024,430517306,2,9,0,18,19,8,4,0,0,1,0,0,0,0,1,1,6,6,1,20,4,-1,-1,-1,-1,-1,-1,0,-1
2024501406613,2024,501406613,2,9,0,-1,19,4,1,-1,0,8,0,0,0,0,1,1,-1,9,1,47,8,-1,-1,-1,-1,3,E01018873,0,1
2024041469535,2024,041469535,3,9,0,-1,19,6,2,-1,0,0,0,0,0,0,0,9,-1,6,3,-1,-1,-1,-1,-1,-1,-1,-1,0,-1
2024201467944,2024,201467944,1,9,0,-1,19,1,7,-1,0,1,0,0,0,0,1,1,-1,6,-1,-1,-1,-1,-1,-1,-1,-1,-1,0,-1
2024471427694,2024,471427694,1,1,0,-1,5,7,1,-1,0,0,2,0,0,0,4,1,-1,2,1,54,8,-1,-1,-1,-1,5,E01016855,0,1
2024101531129,2024,101531129,1,9,0,-1,1,6,2,-1,0,8,0,0,0,0,0,9,-1,6,2,16,4,-1,-1,-1,-1,-1,-1,0,-1
2024430027777,2024,430027777,1,9,0,10,10,2,8,0,0,8,0,0,0,0,2,1,6,6,2,29,6,-1,-1,-1,-1,10,E01016708,0,1
2024552400378,2024,552400378,1,1,0,9,9,8,5,0,0,6,0,0,0,0,4,1,6,6,2,16,4,-1,-1,-1,-1,9,E01015323,0,1
2024201504538,2024,201504538,1,9,0,-1,19,2,6,-1,0,6,0,0,0,0,1,9,-1,6,1,40,7,-1,-1,-1,-1,7,E01009252,0,3
2024010490291,2024,010490291,2,9,0,18,19,1,5,0,0,6,0,0,0,0,1,1,6,6,2,25,5,-1,-1,-1,-1,2,E01033485,0,1
2024440044316,2024,440044316,1,9,0,14,14,4,8,0,0,0,0,0,0,0,1,1,6,6,2,-1,-1,-1,-1,-1,-1,-1,-1,0,-1
2024430302635,2024,430302635,2,9,0,18,19,2,6,0,0,0,0,0,0,0,3,1,6,6,1,25,5,-1,-1,-1,-1,-1,-1,0,-1
2024010510899,2024,010510899,2,11,0,99,99,9,9,99,99,0,9,99,9,99,0,9,6,6,3,-1,-1,-1,-1,-1,-1,-1,-1,0,-1
2024440508042,2024,440508042,2,1,0,18,19,1,5,0,0,8,0,0,0,0,4,1,2,2,1,26,6,-1,-1,-1,-1,4,E01017081,0,1
2024141444104,2024,141444104,2,9,0,-1,19,5,1,-1,0,0,0,0,0,0,4,9,-1,6,1,24,5,-1,-1,-1,-1,8,E01007713,0,1
2024451430184,2024,451430184,2,9,0,-1,99,1,5,-1,0,0,0,0,0,0,1,1,-1,6,2,40,7,-1,-1,-1,-1,-1,-1,0,-1
2024461432938,2024,461432938,1,9,0,-1,19,6,8,-1,0,6,0,0,0,0,4,9,-1,6,2,31,6,-1,-1,-1,-1,3,E01024264,0,1
2024361494797,2024,361494797,1,1,0,-1,19,7,3,-1,0,0,0,0,0,0,1,1,-1,2,1,51,8,-1,-1,-1,-1,4,E01026787,0,1
2024320272244,2024,320272244,2,9,0,9,9,7,5,0,0,5,0,0,0,0,2,1,-1,-1,1,67,10,-1,-1,-1,-1,-1,-1,0,-1
2024010493444,2024,010493444,2,19,0,18,19,3,7,0,0,0,0,0,0,0,1,1,6,6,1,24,5,-1,-1,-1,-1,-1,-1,0,-1
2024061472936,2024,061472936,1,9,0,-1,19,5,1,-1,0,0,0,0,0,0,1,1,-1,9,1,34,6,-1,-1,-1,-1,1,E01034122,0,1
2024520401326,2024,520401326,1,9,0,18,19,7,3,0,0,8,5,4,0,0,1,1,6,6,1,59,9,-1,-1,-1,-1,4,E01035120,0,1
2024440418670,2024,440418670,1,9,0,18,19,1,5,0,0,1,0,0,0,0,4,1,6,6,3,-1,-1,-1,-1,-1,-1,-1,-1,0,-1
2024991527007,2024,991527007,2,1,0,-1,19,3,7,-1,0,0,0,4,0,0,1,1,-1,9,1,46,8,-1,-1,-1,-1,9,-1,0,1
2024320345739,2024,320345739,3,9,0,4,4,2,6,0,0,0,0,0,0,0,2,1,-1,-1,2,37,7,-1,-1,-1,-1,-1,-1,0,-1
2024531528923,2024,531528923,3,9,0,-1,19,2,6,-1,0,1,0,0,0,0,0,9,-1,6,3,-1,-1,-1,-1,-1,-1,-1,-1,0,-1
2024430081663,2024,430081663,1,9,0,18,19,1,5,0,0,8,0,0,0,0,1,1,6,6,1,59,9,-1,-1,-1,-1,10,E01017892,0,3
2024010508206,2024,010508206,2,97,0,99,99,9,9,99,99,9,9,99,9,99,1,9,6,6,3,-1,-1,-1,-1,-1,-1,-1,-1,0,-1
2024231500537,2024,231500537,2,1,0,-1,9,2,8,-1,0,5,0,0,0,0,3,1,-1,9,2,72,10,-1,-1,-1,-1,10,E01031305,0,2
2024461430498,2024,461430498,2,16,0,-1,19,5,1,-1,0,1,0,0,0,0,4,1,-1,6,2,23,5,-1,-1,-1,-1,6,E01024783,0,2
2024010512988,2024,010512988,1,1,9,99,99,9,9,99,99,9,9,99,9,99,9,1,6,6,1,37,7,-1,-1,-1,-1,2,E01000931,0,3
2024101425282,2024,101425282,2,9,0,-1,4,7,5,-1,0,2,0,0,0,0,2,1,-1,9,2,20,4,-1,-1,-1,-1,8,E01008538,0,2
2024421474210,2024,421474210,1,1,0,-1,19,-1,-1,-1,4,0,0,0,0,0,-1,1,-1,6,3,-1,-1,-1,-1,-1,-1,-1,-1,0,-1
2024010491642,2024,010491642,1,9,0,5,5,5,1,0,0,5,0,11,0,0,1,1,2,2,2,39,7,-1,-1,-1,-1,7,E01035329,0,4
2024010487207,2024,010487207,1,4,0,14,14,5,1,0,0,2,0,0,0,0,1,1,6,6,3,-1,-1,-1,-1,-1,-1,-1,-1,0,-1
2024061486448,2024,061486448,2,9,0,-1,3,-1,-1,-1,0,1,0,0,0,0,1,1,-1,6,1,-1,-1,-1,-1,-1,-1,1,E01005097,0,2
2024471406182,2024,471406182,2,1,0,-1,9,5,3,-1,0,1,0,0,0,0,2,1,-1,6,1,56,9,-1,-1,-1,-1,9,E01016924,0,2
2024010506326,2024,010506326,2,1,0,14,14,3,7,0,0,1,0,0,0,0,1,1,6,6,1,32,6,-1,-1,-1,-1,2,E01032579,0,1
2024010513083,2024,010513083,2,9,0,99,99,9,9,99,99,9,9,99,9,99,9,9,6,6,3,-1,-1,-1,-1,-1,-1,-1,-1,0,-1
2024010491108,2024,010491108,1,3,0,99,99,9,9,99,99,9,9,99,9,99,1,1,6,6,1,24,5,-1,-1,-1,-1,7,E01003696,0,2
2024631452816,2024,631452816,2,9,0,-1,19,8,4,-1,0,0,0,0,0,0,4,1,-1,6,3,-1,-1,-1,-1,-1,-1,-1,-1,0,-1
2024430085754,2024,430085754,1,9,0,7,7,1,4,0,0,8,0,0,0,0,4,1,6,6,2,45,7,-1,-1,-1,-1,-1,-1,0,-1
2024010512045,2024,010512045,2,1,0,5,5,2,6,0,0,1,0,0,0,0,3,1,1,1,1,33,6,-1,-1,-1,-1,2,E01001760,0,1
2024131404587,2024,131404587,1,9,0,-1,7,3,7,-1,0,5,0,4,0,0,1,1,-1,6,1,21,5,-1,-1,-1,-1,1,E01010807,0,1
2024141403278,2024,141403278,2,1,0,-1,19,6,2,-1,0,1,0,0,0,0,1,1,-1,6,1,39,7,-1,-1,-1,-1,2,E01007651,0,1
2024010514416,2024,010514416,1,1,9,99,99,9,9,99,99,9,9,99,9,99,1,1,2,2,2,26,6,-1,-1,-1,-1,3,E01004004,0,1
2024991458557,2024,991458557,2,9,0,-1,10,3,1,-1,0,0,0,0,0,0,2,1,-1,6,1,77,11,-1,-1,-1,-1,10,-1,0,1
2024201505796,2024,201505796,1,9,0,-1,19,1,5,-1,0,1,0,0,0,0,1,9,-1,6,3,-1,-1,-1,-1,-1,-1,-1,-1,0,-1
2024401533984,2024,401533984,1,9,-1,-1,19,-1,-1,-1,0,0,0,0,0,0,1,9,-1,6,2,-1,-1,-1,-1,-1,-1,-1,-1,0,-1
2024351527540,2024,351527540,2,19,0,-1,5,5,3,-1,0,1,0,0,0,0,2,1,-1,6,3,25,5,-1,-1,-1,-1,-1,-1,0,-1
2024231515774,2024,231515774,2,1,0,-1,19,2,6,-1,0,0,0,0,1,0,2,1,-1,9,2,61,9,-1,-1,-1,-1,10,E01033252,0,1
2024471502796,2024,471502796,2,1,0,-1,7,3,5,-1,0,6,0,0,0,0,4,1,-1,2,1,52,8,-1,-1,-1,-1,5,E01031771,0,1
2024010515804,2024,010515804,1,9,0,99,99,9,9,99,99,9,9,99,9,99,1,9,6,6,3,-1,-1,-1,-1,-1,-1,-1,-1,0,-1
2024440174923,2024,440174923,2,19,0,18,19,8,4,0,0,0,0,0,0,0,1,1,2,2,1,31,6,-1,-1,-1,-1,10,E01022740,0,2
2024221514875,2024,221514875,1,1,0,-1,19,4,8,-1,0,0,0,0,0,0,1,1,-1,9,1,78,11,-1,-1,-1,-1,10,E01032139,0,1
2024430300746,2024,430300746,1,9,0,9,9,8,5,0,0,6,0,0,0,0,1,1,1,1,1,52,8,-1,-1,-1,-1,-1,-1,0,-1
2024010499398,2024,010499398,2,9,0,18,19,3,7,0,0,1,0,0,0,0,0,1,2,2,1,50,8,-1,-1,-1,-1,9,E01003872,0,3
2024010538914,2024,010538914,2,1,9,99,99,9,9,99,99,9,9,99,9,99,1,1,2,2,1,33,6,-1,-1,-1,-1,7,E01000573,0,1
2024041530444,2024,041530444,3,9,0,-1,4,7,3,-1,0,0,0,0,0,0,2,1,-1,2,1,29,6,-1,-1,-1,-1,-1,-1,0,-1
2024320687373,2024,320687373,1,9,0,-1,-1,4,8,0,0,1,0,0,0,0,1,1,6,6,1,25,5,-1,-1,-1,-1,4,E01026250,0,1
2024010513947,2024,010513947,2,1,9,99,99,9,9,99,99,6,9,99,9,99,1,1,6,6,1,-1,-1,-1,-1,-1,-1,-1,-1,0,-1
2024631463273,2024,631463273,1,98,0,-1,19,8,5,-1,0,0,5,0,2,10,1,1,-1,6,1,34,6,-1,-1,-1,-1,6,W01000598,0,1
2024471455588,2024,471455588,2,9,0,-1,19,2,8,-1,0,3,0,0,0,0,0,1,-1,6,2,-1,-1,-1,-1,-1,-1,-1,-1,0,-1
2024010516916,2024,010516916,1,19,0,7,7,1,4,0,0,1,0,0,0,0,2,1,6,6,1,24,5,-1,-1,-1,-1,5,E01003740,0,3
2024010512653,2024,010512653,1,9,9,99,99,9,9,99,99,9,9,99,0,0,2,9,6,6,3,-1,-1,-1,-1,-1,-1,7,E01004473,0,1
2024070162853,2024,070162853,2,1,0,9,9,5,3,0,0,8,0,0,0,0,3,1,6,6,2,23,5,-1,-1,-1,-1,5,E01034678,0,1
2024010491616,2024,010491616,2,8,0,99,99,9,9,99,99,9,9,99,9,99,2,9,6,6,3,-1,-1,-1,-1,-1,-1,-1,-1,0,-1
2024131457974,2024,131457974,2,9,0,-1,19,5,1,-1,0,0,0,0,0,0,1,1,-1,1,1,34,6,-1,-1,-1,-1,1,E01011842,0,1
2024411459784,2024,411459784,3,9,0,-1,19,8,4,-1,0,0,0,0,0,0,1,1,-1,6,1,33,6,-1,-1,-1,-1,5,E01023720,0,1
2024430339109,2024,430339109,1,9,0,6,6,5,5,0,0,0,0,0,0,0,3,1,6,6,2,-1,-1,-1,-1,-1,-1,10,E01016708,0,1
2024610013924,2024,610013924,2,1,0,16,19,6,8,0,0,0,0,0,0,0,1,1,6,6,1,35,6,-1,-1,-1,-1,7,W01001757,0,3
2024351399854,2024,351399854,2,1,0,-1,19,2,6,-1,0,8,0,0,0,0,0,1,-1,2,1,29,6,-1,-1,-1,-1,10,E01018014,0,3
2024010530351,2024,010530351,1,1,9,99,99,9,9,99,99,9,9,99,9,99,1,1,2,2,2,32,6,-1,-1,-1,-1,5,E01001751,0,1
2024421515576,2024,421515576,1,3,0,-1,19,5,1,-1,0,0,0,0,0,0,1,1,-1,9,1,-1,-1,-1,-1,-1,-1,-1,-1,0,-1
2024161462531,2024,161462531,2,9,0,-1,19,4,8,-1,0,0,0,0,0,0,1,1,-1,6,1,55,8,-1,-1,-1,-1,1,E01012761,0,3
2024052402339,2024,052402339,2,1,0,5,5,7,3,0,0,1,0,0,0,0,1,1,4,7,1,15,3,-1,-1,-1,-1,10,E01006926,0,3
2024052400049,2024,052400049,6,9,0,18,19,3,7,0,0,0,0,0,0,0,2,1,6,6,1,21,5,-1,-1,-1,-1,1,E01006767,0,2
2024010510939,2024,010510939,2,1,0,18,19,2,6,0,0,8,0,0,0,0,3,1,2,2,1,42,7,-1,-1,-1,-1,3,E01003373,0,1
2024010519600,2024,010519600,2,23,0,99,99,9,9,99,99,9,9,99,9,99,1,9,6,6,3,-1,-1,-1,-1,-1,-1,-1,-1,0,-1
2024010524261,2024,010524261,1,9,0,99,99,9,9,99,99,9,9,99,9,99,2,9,6,6,2,31,6,-1,-1,-1,-1,2,E01001839,0,1
2024010498091,2024,010498091,1,9,9,99,99,9,9,99,99,9,9,99,9,99,9,9,6,6,3,-1,-1,-1,-1,-1,-1,-1,-1,0,-1
2024010487413,2024,010487413,2,9,0,7,7,5,7,0,0,8,0,0,0,0,0,1,6,6,1,83,11,-1,-1,-1,-1,9,E01000355,0,3
2024010547417,2024,010547417,2,1,0,18,19,2,6,0,0,8,0,0,0,0,1,1,1,1,1,18,4,-1,-1,-1,-1,5,E01002762,0,1
2024010509503,2024,010509503,2,1,0,18,19,1,5,0,0,1,0,0,0,0,1,1,2,2,1,39,7,-1,-1,-1,-1,9,E01003818,0,1
2024411476018,2024,411476018,1,9,-1,-1,-1,-1,-1,-1,-1,-1,-1,-1,-1,0,-1,9,-1,6,3,-1,-1,-1,-1,-1,-1,-1,-1,0,-1
2024520401782,2024,520401782,1,1,0,18,19,8,4,0,0,0,0,0,0,0,4,1,6,6,1,13,3,-1,-1,-1,-1,4,E01029029,0,1
2024430366940,2024,430366940,1,1,0,18,19,4,8,0,0,4,0,0,0,0,2,1,6,6,1,29,6,-1,-1,-1,-1,10,E01016655,0,2
2024430061738,2024,430061738,1,9,0,9,9,2,8,0,0,8,0,0,0,0,3,1,6,6,1,-1,-1,-1,-1,-1,-1,-1,-1,0,-1
2024991480359,2024,991480359,1,1,0,-1,19,3,7,-1,0,0,0,0,0,0,2,1,-1,9,1,15,3,-1,-1,-1,-1,7,-1,0,1
2024552401309,2024,552401309,2,1,0,5,5,5,3,0,0,1,0,0,0,0,2,1,6,6,2,61,9,-1,-1,-1,-1,9,E01015299,0,1
2024141425787,2024,141425787,2,1,0,-1,9,2,7,-1,0,8,5,0,0,0,1,1,-1,6,1,23,5,-1,-1,-1,-1,-1,-1,0,-1
2024421401262,2024,421401262,1,9,0,-1,9,2,6,-1,0,1,0,0,0,0,4,1,-1,6,2,47,8,-1,-1,-1,-1,5,E01034480,0,4
2024010490617,2024,010490617,1,9,0,99,99,9,9,99,99,9,9,99,9,99,0,9,2,2,2,38,7,-1,-1,-1,-1,5,E01000375,0,3
2024010502568,2024,010502568,2,1,0,18,19,1,5,0,0,8,0,0,0,0,1,1,2,2,1,41,7,-1,-1,-1,-1,1,E01004670,0,1
2024201439353,2024,201439353,1,9,0,-1,19,5,1,-1,0,1,0,0,0,0,1,1,-1,6,3,-1,-1,-1,-1,-1,-1,-1,-1,0,-1
2024440345127,2024,440345127,1,9,0,18,19,5,1,0,0,0,0,0,0,0,1,1,6,6,3,-1,-1,-1,-1,-1,-1,-1,-1,0,-1
2024221459243,2024,221459243,2,1,0,-1,19,4,8,-1,9,8,0,0,0,0,3,1,-1,9,1,47,8,-1,-1,-1,-1,5,E01028931,0,1
2024440313167,2024,440313167,1,1,0,18,19,1,5,0,0,1,1,0,0,0,4,1,6,6,1,64,9,-1,-1,-1,-1,3,E01022840,0,2
2024401465274,2024,401465274,1,9,0,-1,3,3,7,-1,0,0,0,0,0,0,1,9,-1,6,3,-1,-1,-1,-1,-1,-1,-1,-1,0,-1
2024461425401,2024,461425401,1,16,0,-1,19,8,4,-1,0,0,0,0,0,0,0,1,-1,6,2,21,5,-1,-1,-1,-1,3,E01016022,0,4
2024451441838,2024,451441838,2,1,0,-1,19,5,1,-1,0,1,0,0,0,0,0,1,-1,6,1,51,8,-1,-1,-1,-1,7,E01001226,0,4
2024010502017,2024,010502017,1,90,0,99,99,9,9,99,99,0,9,99,9,99,9,1,6,6,3,-1,-1,-1,-1,-1,-1,-1,-1,0,-1
2024451415898,2024,451415898,2,1,0,-1,19,1,5,-1,0,8,5,0,0,0,3,1,-1,9,1,58,9,-1,-1,-1,-1,5,E01030719,0,1
2024201524482,2024,201524482,1,9,0,-1,19,1,1,-1,0,0,0,0,0,0,1,9,-1,6,2,30,6,-1,-1,-1,-1,-1,-1,0,-1
2024010528767,2024,010528767,2,1,0,7,7,5,7,3,2,6,0,0,0,0,1,1,6,6,1,15,3,-1,-1,-1,-1,5,E01000162,0,1
2024141405823,2024,141405823,3,9,0,-1,19,8,2,-1,0,1,0,0,0,0,1,9,-1,6,3,-1,-1,-1,-1,-1,-1,-1,-1,0,-1
2024302401427,2024,302401427,3,9,0,9,9,1,6,0,0,2,0,0,0,0,0,1,6,6,3,-1,-1,-1,-1,-1,-1,-1,-1,0,-1
2024501408471,2024,501408471,1,9,0,-1,19,7,3,-1,0,1,0,0,0,0,1,1,-1,9,2,29,6,-1,-1,-1,-1,2,E01015156,0,3
2024201469019,2024,201469019,1,9,0,-1,6,6,6,-1,0,0,0,0,0,0,2,1,-1,6,1,49,8,-1,-1,-1,-1,9,E01010319,0,1
2024101533303,2024,101533303,2,1,0,-1,19,8,4,-1,0,8,5,0,0,0,2,1,-1,6,1,53,8,-1,-1,-1,-1,1,E01008301,0,2
2024552401235,2024,552401235,1,3,0,13,13,4,8,0,0,8,0,0,0,0,4,1,6,6,1,34,6,-1,-1,-1,-1,1,E01020582,0,2
2024471518636,2024,471518636,1,9,0,-1,19,5,1,-1,0,4,0,0,0,0,3,1,-1,2,2,20,4,-1,-1,-1,-1,8,E01031624,0,3
2024010493448,2024,010493448,2,3,0,99,99,9,9,99,99,1,9,99,9,99,9,1,6,6,3,-1,-1,-1,-1,-1,-1,-1,-1,0,-1
2024440135496,2024,440135496,1,-1,0,14,14,2,6,0,0,0,0,0,0,0,4,1,6,6,1,46,8,-1,-1,-1,-1,9,E01022643,1,1
2024471411030,2024,471411030,1,9,0,-1,19,5,1,-1,0,1,0,0,0,0,1,1,-1,1,1,26,6,-1,-1,-1,-1,7,E01000493,0,4
2024461435706,2024,461435706,1,21,0,-1,11,2,5,-1,0,0,0,0,0,0,1,9,-1,9,1,64,9,-1,-1,-1,-1,5,E01016766,0,4
2024371397857,2024,371397857,1,9,-1,-1,-1,-1,-1,-1,-1,0,-1,-1,-1,0,-1,9,-1,6,3,-1,-1,-1,-1,-1,-1,-1,-1,0,-1
2024010544774,2024,010544774,1,1,9,99,99,9,9,4,4,9,9,99,9,99,1,1,2,2,1,44,7,-1,-1,-1,-1,9,E01030975,0,4
2024010502479,2024,010502479,2,19,9,11,11,9,9,99,99,9,9,99,9,99,9,9,6,6,3,-1,-1,-1,-1,-1,-1,-1,-1,0,-1
2024131443730,2024,131443730,1,9,0,-1,-1,-1,-1,-1,-1,0,-1,-1,-1,-1,-1,1,-1,6,3,-1,-1,-1,-1,-1,-1,-1,-1,0,-1
2024010497019,2024,010497019,1,3,0,99,99,9,9,99,99,9,9,99,9,99,9,1,6,6,1,37,7,-1,-1,-1,-1,7,E01024317,0,4
2024010524261,2024,010524261,2,9,0,99,99,9,9,99,99,9,9,99,9,99,1,9,6,6,3,-1,-1,-1,-1,-1,-1,-1,-1,0,-1
2024010490736,2024,010490736,2,3,0,14,14,1,5,0,0,1,0,0,0,0,3,1,6,6,1,18,4,-1,-1,-1,-1,3,E01002605,0,1
2024010513421,2024,010513421,1,1,9,99,99,9,9,99,99,9,9,99,9,99,9,1,6,6,1,56,9,-1,-1,-1,-1,4,E01001391,0,1
2024471426721,2024,471426721,1,1,0,-1,19,1,5,-1,0,0,0,0,0,0,0,1,-1,9,2,35,6,-1,-1,-1,-1,-1,-1,0,-1
2024451483012,2024,451483012,1,1,0,-1,19,7,3,-1,0,0,0,10,1,0,1,1,-1,6,1,52,8,-1,-1,-1,-1,3,E01001262,0,3
2024061416838,2024,061416838,2,1,0,-1,10,6,4,-1,0,1,0,0,0,0,1,1,-1,2,1,27,6,-1,-1,-1,-1,4,E01006390,0,2
2024010487042,2024,010487042,1,3,0,99,99,9,9,99,99,9,9,99,9,99,1,1,6,6,1,26,6,-1,-1,-1,-1,3,E01002185,0,1
2024430095311,2024,430095311,3,19,0,3,3,8,4,0,0,1,0,0,0,0,2,1,1,1,1,60,9,-1,-1,-1,-1,10,E01028476,0,2
2024010493775,2024,010493775,2,9,0,18,19,5,1,9,9,1,0,4,1,11,4,1,6,6,1,19,4,-1,-1,-1,-1,1,E01003291,0,1
2024430246698,2024,430246698,2,9,0,18,19,3,7,0,0,0,0,0,0,0,1,1,6,6,1,-1,-1,-1,-1,-1,-1,-1,-1,0,-1
2024320733637,2024,320733637,2,9,0,10,10,5,2,0,0,1,1,0,0,0,2,-1,1,1,1,59,9,-1,-1,-1,-1,-1,-1,0,-1
2024520400791,2024,520400791,3,9,0,18,19,5,1,0,0,0,0,0,7,9,2,1,6,6,1,51,8,-1,-1,-1,-1,5,E01029208,0,1
2024201489278,2024,201489278,1,9,0,-1,19,1,5,-1,0,8,0,0,0,0,1,1,-1,9,1,48,8,-1,-1,-1,-1,10,E01009429,0,1
2024531464852,2024,531464852,2,1,0,-1,19,7,3,-1,0,0,0,0,0,0,2,1,-1,9,1,52,8,-1,-1,-1,-1,2,E01013761,0,5
2024141539337,2024,141539337,1,9,0,-1,19,1,7,-1,0,0,0,0,0,0,1,1,-1,6,1,52,8,-1,-1,-1,-1,8,E01007891,0,1
2024061443922,2024,061443922,2,1,-1,-1,19,5,1,-1,4,0,0,0,0,0,4,1,-1,9,1,25,5,-1,-1,-1,-1,8,E01024934,0,3
2024461461161,2024,461461161,1,9,0,-1,5,3,7,-1,0,0,0,0,0,0,2,9,-1,1,1,30,6,-1,-1,-1,-1,7,E01024405,0,1
2024540100824,2024,540100824,1,9,0,18,19,2,6,0,0,3,0,0,0,0,1,1,1,1,1,32,6,-1,-1,-1,-1,7,E01033844,0,2
2024531444279,2024,531444279,1,1,0,-1,19,5,1,-1,0,0,0,0,0,0,1,1,-1,9,2,14,3,-1,-1,-1,-1,1,E01022346,0,1
2024471466199,2024,471466199,1,90,0,-1,19,4,1,-1,0,0,0,0,0,0,1,1,-1,9,2,27,6,-1,-1,-1,-1,9,E01000716,0,4
2024010506532,2024,010506532,2,9,0,99,99,9,9,99,99,4,9,99,9,99,9,9,6,6,3,-1,-1,-1,-1,-1,-1,-1,-1,0,-1
2024010536408,2024,010536408,2,9,9,99,99,9,9,99,99,9,9,99,9,99,9,9,6,6,3,-1,-1,-1,-1,-1,-1,-1,-1,0,-1
2024010493352,2024,010493352,1,9,0,18,19,5,1,0,0,3,0,0,0,0,1,1,6,6,1,40,7,-1,-1,-1,-1,4,E01000472,0,2
2024411536244,2024,411536244,2,9,0,-1,19,1,6,-1,0,0,0,0,0,0,4,1,-1,9,1,76,11,-1,-1,-1,-1,10,E01023591,0,1
2024141398791,2024,141398791,2,9,0,-1,19,2,6,-1,0,0,0,0,0,0,1,9,-1,6,3,-1,-1,-1,-1,-1,-1,-1,-1,0,-1
2024010488597,2024,010488597,4,9,0,17,19,5,1,0,0,1,0,10,0,0,1,1,1,1,1,41,7,-1,-1,-1,-1,8,E01018268,0,4
2024501503707,2024,501503707,1,9,0,-1,19,5,1,-1,0,0,5,0,2,10,1,1,-1,6,1,25,5,-1,-1,-1,-1,5,E01020235,0,1
2024552400397,2024,552400397,2,9,0,18,19,8,4,0,0,8,0,0,0,0,1,1,2,2,1,57,9,-1,-1,-1,-1,7,E01020429,0,2
2024501393643,2024,501393643,1,9,0,-1,19,3,1,-1,0,0,0,11,7,11,1,9,-1,6,1,19,4,-1,-1,-1,-1,4,E01020313,0,2
2024010491276,2024,010491276,1,8,0,9,9,3,1,0,0,1,0,0,0,0,1,1,1,1,1,52,8,-1,-1,-1,-1,5,E01000036,0,4
2024010504151,2024,010504151,2,1,0,18,19,8,4,0,0,1,0,0,0,0,1,1,6,6,1,68,10,-1,-1,-1,-1,2,E01004007,0,1
2024302401437,2024,302401437,1,11,0,4,4,7,3,0,0,0,0,0,0,0,0,1,1,1,3,-1,-1,-1,-1,-1,-1,-1,-1,0,-1
2024010538426,2024,010538426,2,1,0,18,19,1,5,0,0,1,0,0,0,0,1,1,2,2,2,53,8,-1,-1,-1,-1,7,E01030562,0,1
2024421495746,2024,421495746,1,9,0,-1,19,3,7,-1,0,0,1,0,0,0,3,1,-1,1,1,60,9,-1,-1,-1,-1,3,E01021328,0,1
2024411435138,2024,411435138,2,98,0,-1,2,0,0,-1,0,0,0,0,0,0,2,1,-1,6,-1,-1,-1,-1,-1,-1,-1,-1,-1,0,-1
2024041443732,2024,041443732,1,9,0,-1,19,3,4,-1,0,0,0,0,0,0,1,1,-1,9,2,18,4,-1,-1,-1,-1,7,E01025568,0,3
2024010516405,2024,010516405,2,9,9,99,99,9,9,8,6,9,5,12,9,99,4,9,6,6,3,-1,-1,-1,-1,-1,-1,-1,-1,0,-1
2024061508023,2024,061508023,2,1,0,-1,-1,-1,-1,-1,-1,-1,-1,-1,-1,0,-1,1,-1,6,3,-1,-1,-1,-1,-1,-1,-1,-1,0,-1