collision_index,collision_year,collision_ref_no,vehicle_reference,vehicle_type,towing_and_articulation,vehicle_manoeuvre_historic,vehicle_manoeuvre,vehicle_direction_from,vehicle_direction_to,vehicle_location_restricted_lane_historic,vehicle_location_restricted_lane,junction_location,skidding_and_overturning,hit_object_in_carriageway,vehicle_leaving_carriageway,hit_object_off_carriageway,first_point_of_impact,vehicle_left_hand_drive,journey_purpose_of_driver_historic,journey_purpose_of_driver,sex_of_driver,age_of_driver,age_band_of_driver,engine_capacity_cc,propulsion_code,age_of_vehicle,generic_make_model,driver_imd_decile,lsoa_of_driver,escooter_flag,driver_distance_banding
2024010500850,2024,010500850,1,9,0,99,99,9,9,99,99,9,9,99,9,99,2,9,2,2,2,18,4,-1,-1,-1,-1,10,E01002354,0,1
2024010492967,2024,010492967,3,19,0,2,2,0,0,0,0,0,0,0,0,0,2,1,6,6,3,-1,-1,-1,-1,-1,-1,-1,-1,0,-1
2024010490527,2024,010490527,1,3,4,99,99,9,9,99,99,9,9,99,9,99,1,1,1,1,1,40,7,-1,-1,-1,-1,3,E01003258,0,1
2024430093289,2024,430093289,2,9,0,7,7,4,6,0,0,6,0,0,0,0,1,1,6,6,1,24,5,-1,-1,-1,-1,-1,-1,0,-1
2024991421233,2024,991421233,1,9,0,-1,19,3,7,-1,0,0,0,0,0,0,4,1,-1,9,1,38,7,-1,-1,-1,-1,9,-1,0,2
2024501449503,2024,501449503,1,5,0,-1,19,5,1,-1,0,0,0,0,1,0,1,1,-1,9,1,47,8,-1,-1,-1,-1,2,E01014492,0,4
2024010509921,2024,010509921,2,1,9,99,99,9,9,99,99,9,9,8,9,99,1,1,6,6,3,-1,-1,-1,-1,-1,-1,3,E01000523,0,2
2024351412335,2024,351412335,1,9,0,-1,9,1,7,-1,0,8,0,0,0,0,1,9,-1,6,3,-1,-1,-1,-1,-1,-1,-1,-1,0,-1
2024522402479,2024,522402479,1,9,0,9,9,5,3,0,0,5,5,0,0,0,4,1,6,6,1,28,6,-1,-1,-1,-1,6,E01016753,0,5
2024010489909,2024,010489909,2,5,0,7,7,3,5,0,0,8,0,0,0,0,1,1,6,6,1,38,7,-1,-1,-1,-1,7,E01000981,0,1
2024131419732,2024,131419732,2,1,0,-1,-1,-1,-1,-1,-1,-1,-1,-1,-1,0,-1,1,-1,6,2,33,6,-1,-1,-1,-1,1,E01011695,0,1
2024010494061,2024,010494061,1,9,0,18,19,3,7,0,0,8,0,0,0,0,3,1,1,1,1,40,7,-1,-1,-1,-1,7,E01015974,0,4
2024061538115,2024,061538115,1,9,-1,-1,-1,-1,-1,-1,-1,0,-1,-1,-1,0,-1,9,-1,6,1,-1,-1,-1,-1,-1,-1,7,E01005359,0,2
2024531536346,2024,531536346,2,11,0,-1,3,3,7,-1,0,0,0,0,0,0,0,9,-1,1,-1,-1,-1,-1,-1,-1,-1,-1,-1,0,-1
2024201422414,2024,201422414,1,9,0,-1,9,4,2,-1,0,2,0,0,0,0,3,9,-1,6,1,33,6,-1,-1,-1,-1,-1,-1,0,-1
2024471437090,2024,471437090,2,1,0,-1,19,5,1,-1,0,1,0,0,0,0,1,1,-1,6,1,-1,-1,-1,-1,-1,-1,3,E01031455,0,1
2024991485162,2024,991485162,2,9,0,-1,19,7,3,-1,0,0,0,0,1,0,3,1,-1,6,2,18,4,-1,-1,-1,-1,4,-1,0,2
2024010532496,2024,010532496,2,1,0,18,19,1,5,0,0,6,0,0,0,0,3,1,6,6,1,26,6,-1,-1,-1,-1,10,E01017746,0,4
2024161535876,2024,161535876,1,1,0,-1,19,3,7,-1,0,0,0,0,0,0,2,1,-1,6,1,47,8,-1,-1,-1,-1,6,E01013173,0,2
2024631473507,2024,631473507,3,98,4,-1,4,5,1,-1,0,0,0,0,0,0,0,1,-1,6,1,42,7,-1,-1,-1,-1,6,W01000560,0,3
2024141538246,2024,141538246,1,9,0,-1,19,-1,-1,-1,0,0,0,0,0,0,3,9,-1,6,3,-1,-1,-1,-1,-1,-1,-1,-1,0,-1
2024991465392,2024,991465392,2,9,0,-1,7,2,5,-1,0,3,0,0,0,0,4,1,-1,1,1,30,6,-1,-1,-1,-1,9,E01029198,0,5
2024320744490,2024,320744490,1,1,0,-1,-1,6,2,0,0,8,5,0,0,0,4,1,6,6,1,15,3,-1,-1,-1,-1,1,E01026114,0,1
2024010490364,2024,010490364,2,1,0,18,19,1,5,4,4,1,0,0,0,0,1,1,6,6,2,50,8,-1,-1,-1,-1,10,E01003884,0,1
2024401447198,2024,401447198,3,9,0,-1,2,0,0,-1,0,1,0,0,0,0,2,1,-1,9,1,58,9,-1,-1,-1,-1,-1,-1,0,-1
2024010523962,2024,010523962,1,1,9,99,99,9,9,99,99,9,9,99,9,99,9,1,2,2,2,60,9,-1,-1,-1,-1,4,E01003169,0,1
2024430089840,2024,430089840,2,9,0,18,19,1,5,0,0,1,0,0,0,0,1,1,6,6,1,30,6,-1,-1,-1,-1,-1,-1,0,-1
2024061474522,2024,061474522,1,1,0,-1,99,-1,-1,-1,4,0,9,99,0,0,9,1,-1,1,1,27,6,-1,-1,-1,-1,1,E01005432,0,1
2024010542400,2024,010542400,2,1,0,18,19,2,6,0,0,1,0,0,0,0,1,1,1,1,1,28,6,-1,-1,-1,-1,2,E01001979,0,2
2024052401824,2024,052401824,1,-1,0,18,19,7,3,0,0,2,0,0,0,0,1,1,6,6,3,-1,-1,-1,-1,-1,-1,-1,-1,1,-1
2024010490399,2024,010490399,2,9,0,99,99,9,9,99,99,9,9,99,9,99,9,9,6,6,3,-1,-1,-1,-1,-1,-1,9,E01004133,0,1
2024201547595,2024,201547595,2,9,0,-1,19,1,7,-1,0,1,0,0,0,0,4,9,-1,6,1,19,4,-1,-1,-1,-1,2,E01009515,0,2
2024010510235,2024,010510235,1,1,9,99,99,9,9,99,99,9,9,99,9,99,9,1,6,6,2,29,6,-1,-1,-1,-1,4,E01034185,0,1
2024010504744,2024,010504744,1,23,0,99,99,9,9,99,99,9,9,99,9,99,9,1,1,1,1,24,5,-1,-1,-1,-1,2,E01000905,0,1
2024201461032,2024,201461032,1,9,0,-1,2,0,0,-1,9,0,0,4,1,11,2,1,-1,9,1,33,6,-1,-1,-1,-1,2,E01009573,0,1
2024320106880,2024,320106880,2,21,0,-1,-1,8,4,0,0,2,0,0,0,0,1,1,6,6,1,44,7,-1,-1,-1,-1,4,E01008832,0,5
2024010494547,2024,010494547,1,1,9,99,99,9,9,99,99,9,9,99,9,99,1,1,2,2,1,50,8,-1,-1,-1,-1,5,E01030862,0,4
2024010532267,2024,010532267,1,1,9,14,14,9,9,99,99,9,9,8,9,99,1,1,6,6,1,46,8,-1,-1,-1,-1,3,E01000630,0,1
2024161408891,2024,161408891,2,9,0,-1,7,2,5,-1,0,0,0,0,0,0,1,9,-1,6,1,-1,-1,-1,-1,-1,-1,-1,-1,0,-1
2024522402171,2024,522402171,5,9,0,4,4,4,8,0,0,0,0,0,0,0,1,1,6,6,1,45,7,-1,-1,-1,-1,7,E01031961,0,4
2024010531591,2024,010531591,1,1,9,99,99,9,9,99,99,9,9,99,9,99,1,1,2,2,1,23,5,-1,-1,-1,-1,6,E01002998,0,1
2024201404022,2024,201404022,2,9,0,-1,19,4,8,-1,0,1,0,0,0,0,2,9,-1,6,3,-1,-1,-1,-1,-1,-1,-1,-1,0,-1
2024451409961,2024,451409961,2,1,0,-1,19,5,1,-1,0,1,0,0,0,0,1,1,-1,6,1,65,9,-1,-1,-1,-1,8,E01024948,0,5
2024041404470,2024,041404470,1,9,0,-1,19,8,6,-1,0,0,0,0,0,0,1,1,-1,2,1,53,8,-1,-1,-1,-1,1,E01025041,0,2
2024440529412,2024,440529412,2,9,0,18,19,5,1,0,0,8,0,0,0,0,1,1,2,2,2,24,5,-1,-1,-1,-1,10,E01022704,0,2
2024421420194,2024,421420194,2,9,0,-1,4,3,7,-1,0,0,0,0,0,0,3,1,-1,6,2,34,6,-1,-1,-1,-1,5,E01021818,0,1
2024010551471,2024,010551471,3,23,0,15,15,5,1,0,0,8,0,0,1,0,1,1,6,6,1,17,4,-1,-1,-1,-1,4,E01003436,0,1
2024041505779,2024,041505779,2,1,0,-1,19,1,1,-1,0,2,5,0,0,0,4,1,-1,9,1,57,9,-1,-1,-1,-1,4,E01012607,0,1
2024131565182,2024,131565182,2,1,0,-1,19,1,5,-1,0,8,0,0,1,0,2,1,-1,6,1,15,3,-1,-1,-1,-1,1,E01011663,0,1
2024010519106,2024,010519106,2,9,0,99,99,9,9,99,99,0,9,99,9,99,9,9,6,6,3,-1,-1,-1,-1,-1,-1,-1,-1,0,-1
2024052401160,2024,052401160,2,1,0,7,7,4,6,0,0,2,0,0,0,0,1,1,1,1,2,25,5,-1,-1,-1,-1,1,E01007129,0,1
2024461507761,2024,461507761,2,9,0,-1,19,5,1,-1,0,8,0,0,0,0,2,1,-1,2,1,44,7,-1,-1,-1,-1,8,E01024343,0,4
2024430458251,2024,430458251,2,98,0,12,12,8,4,0,0,0,0,0,0,0,3,1,6,6,1,-1,-1,-1,-1,-1,-1,-1,-1,0,-1
2024221541350,2024,221541350,2,9,4,-1,19,1,5,-1,0,8,0,0,0,0,1,1,-1,6,1,45,7,-1,-1,-1,-1,5,E01028846,0,4
2024430475048,2024,430475048,1,9,0,18,19,3,7,0,0,4,0,0,0,0,4,1,6,6,1,-1,-1,-1,-1,-1,-1,-1,-1,0,-1
2024010494700,2024,010494700,1,3,0,9,9,3,1,0,0,8,5,0,0,0,3,1,6,6,1,38,7,-1,-1,-1,-1,5,E01000592,0,1
2024311397325,2024,311397325,1,9,0,-1,19,3,7,-1,0,1,0,0,0,0,1,1,-1,6,3,35,6,-1,-1,-1,-1,-1,-1,0,-1
2024061437319,2024,061437319,1,1,0,-1,19,-1,-1,-1,2,0,1,0,0,0,3,1,-1,2,1,39,7,-1,-1,-1,-1,8,E01005508,0,2
2024522401679,2024,522401679,3,19,0,18,19,3,7,0,0,0,0,1,0,0,1,2,6,6,1,39,7,-1,-1,-1,-1,-1,-1,0,-1
2024010503730,2024,010503730,2,1,0,18,19,7,3,0,0,1,0,0,0,0,1,1,6,6,1,40,7,-1,-1,-1,-1,2,E01002090,0,1
2024201450289,2024,201450289,1,9,0,-1,19,8,2,-1,0,0,0,0,0,0,4,1,-1,7,1,43,7,-1,-1,-1,-1,1,E01009259,0,1
2024010512261,2024,010512261,1,9,0,9,9,7,4,0,0,1,0,0,0,0,4,1,6,6,1,19,4,-1,-1,-1,-1,4,E01000035,0,1
2024451522775,2024,451522775,2,1,0,-1,5,1,1,-1,5,0,0,0,0,0,1,1,-1,6,1,17,4,-1,-1,-1,-1,5,E01030677,0,1
2024010506795,2024,010506795,2,1,0,18,19,1,5,0,0,1,2,0,0,0,1,1,2,2,2,48,8,-1,-1,-1,-1,5,E01003272,0,1
2024061423015,2024,061423015,1,1,0,-1,19,-1,-1,-1,0,8,0,0,0,0,3,1,-1,2,1,35,6,-1,-1,-1,-1,8,E01005155,0,1
2024440403292,2024,440403292,1,1,0,3,3,4,8,0,0,1,0,0,0,0,2,1,6,6,1,71,10,-1,-1,-1,-1,2,E01017238,0,2
2024141486400,2024,141486400,2,9,0,-1,5,4,7,-1,0,1,0,0,0,0,1,9,-1,6,3,-1,-1,-1,-1,-1,-1,-1,-1,0,-1
2024010541683,2024,010541683,2,1,9,99,99,9,9,99,99,0,9,99,9,99,1,1,6,6,3,-1,-1,-1,-1,-1,-1,-1,-1,0,-1
2024351473682,2024,351473682,7,1,0,-1,19,7,3,-1,0,8,0,0,0,0,1,1,-1,9,1,62,9,-1,-1,-1,-1,7,E01018255,0,3
2024071042538,2024,071042538,2,1,0,-1,19,7,3,-1,0,8,0,0,1,0,3,1,-1,6,1,25,5,-1,-1,-1,-1,8,E01018330,0,1
2024010551423,2024,010551423,1,9,0,99,99,9,9,99,99,9,9,99,9,99,4,9,6,6,1,35,6,-1,-1,-1,-1,4,E01032772,0,1
2024010488274,2024,010488274,1,1,9,99,99,9,9,99,99,9,9,99,9,99,2,1,2,2,2,37,7,-1,-1,-1,-1,7,E01004518,0,1
2024010525155,2024,010525155,2,9,0,99,99,9,9,99,99,0,9,99,9,99,9,9,6,6,3,-1,-1,-1,-1,-1,-1,-1,-1,0,-1
2024501456883,2024,501456883,1,9,0,-1,10,1,5,-1,0,1,0,0,0,0,1,1,-1,6,3,-1,-1,-1,-1,-1,-1,-1,-1,0,-1
2024071054597,2024,071054597,2,5,0,-1,19,7,3,-1,0,2,5,0,0,0,3,1,-1,1,1,44,7,-1,-1,-1,-1,-1,-1,0,-1
2024010490574,2024,010490574,2,9,0,99,99,9,9,99,99,9,9,99,9,99,1,9,6,6,3,-1,-1,-1,-1,-1,-1,-1,-1,0,-1
2024371514133,2024,371514133,1,21,1,-1,14,6,2,-1,0,0,0,0,0,0,2,1,-1,1,1,56,9,-1,-1,-1,-1,4,E01026278,0,5
2024010504832,2024,010504832,2,1,0,4,4,3,7,0,0,1,0,0,0,0,3,1,6,6,1,19,4,-1,-1,-1,-1,3,E01004271,0,1
2024010497029,2024,010497029,1,9,0,9,9,5,3,0,0,2,0,0,0,0,1,1,2,2,1,42,7,-1,-1,-1,-1,5,E01000037,0,3
2024622500018,2024,622500018,2,9,0,18,19,6,2,0,0,1,0,0,0,0,2,1,6,6,2,52,8,-1,-1,-1,-1,7,W01001882,0,1
2024010488654,2024,010488654,1,2,0,15,15,2,6,0,0,1,0,0,0,0,1,1,6,6,1,22,5,-1,-1,-1,-1,6,E01003703,0,1
2024010487561,2024,010487561,2,9,0,18,19,1,5,0,0,8,0,0,0,0,4,1,6,6,2,44,7,-1,-1,-1,-1,3,E01015527,0,4
2024440215835,2024,440215835,2,19,0,18,19,4,8,0,0,1,0,0,0,0,1,1,6,6,2,53,8,-1,-1,-1,-1,9,E01022943,0,2
2024010532342,2024,010532342,1,1,9,99,99,9,9,99,99,9,9,99,9,99,1,1,6,6,1,52,8,-1,-1,-1,-1,5,E01004579,0,1
2024041467425,2024,041467425,1,97,0,-1,13,5,1,-1,0,8,0,0,0,0,1,1,-1,6,1,30,6,-1,-1,-1,-1,3,E01025246,0,1
2024451509123,2024,451509123,1,1,0,-1,19,2,4,-1,0,0,0,0,0,0,0,1,-1,9,1,43,7,-1,-1,-1,-1,10,E01030808,0,1
2024010496217,2024,010496217,1,9,0,18,19,7,3,0,0,2,0,0,0,0,3,1,6,6,1,61,9,-1,-1,-1,-1,2,E01001735,0,3
2024010509564,2024,010509564,1,1,9,99,99,9,9,99,99,9,9,99,9,99,9,1,2,2,1,44,7,-1,-1,-1,-1,4,E01034155,0,1
2024411440302,2024,411440302,2,1,0,-1,4,1,5,-1,0,0,2,0,1,0,3,1,-1,6,1,52,8,-1,-1,-1,-1,10,E01023715,0,1
2024010521547,2024,010521547,1,8,0,99,99,9,9,99,99,9,9,99,9,99,1,9,6,6,3,-1,-1,-1,-1,-1,-1,-1,-1,0,-1
2024501443896,2024,501443896,2,1,0,-1,9,5,4,-1,0,1,0,0,0,0,1,1,-1,6,1,13,3,-1,-1,-1,-1,3,E01015204,0,1
2024221529098,2024,221529098,2,9,0,-1,2,0,0,-1,0,0,0,10,1,0,2,9,-1,9,1,72,10,-1,-1,-1,-1,1,E01029007,0,1
2024421429540,2024,421429540,1,9,0,-1,19,-1,-1,-1,0,0,0,0,0,0,0,9,-1,6,3,-1,-1,-1,-1,-1,-1,-1,-1,0,-1
2024320228634,2024,320228634,2,1,0,-1,-1,8,4,0,0,1,0,4,0,0,1,1,6,6,1,45,7,-1,-1,-1,-1,8,E01026038,0,1
2024141431750,2024,141431750,1,9,0,-1,9,3,8,-1,0,4,0,0,0,0,1,1,-1,9,2,34,6,-1,-1,-1,-1,9,E01019778,0,3
2024501408810,2024,501408810,3,21,0,-1,19,7,3,-1,0,0,0,0,0,0,3,1,-1,1,1,33,6,-1,-1,-1,-1,6,E01018981,0,1
2024010527499,2024,010527499,2,1,9,99,99,9,9,99,99,9,9,99,9,99,1,1,6,6,3,-1,-1,-1,-1,-1,-1,3,E01000315,0,1
2024141456421,2024,141456421,2,1,0,-1,19,7,2,-1,0,1,0,0,0,0,1,1,-1,6,2,56,9,-1,-1,-1,-1,9,E01019737,0,3
2024131487965,2024,131487965,1,90,0,-1,7,5,3,-1,0,6,0,0,0,0,1,1,-1,6,3,-1,-1,-1,-1,-1,-1,-1,-1,0,-1
2024332401142,2024,332401142,1,9,0,-1,19,5,1,-1,0,8,0,0,0,0,1,1,-1,6,3,-1,-1,-1,-1,-1,-1,-1,-1,0,-1
2024010491228,2024,010491228,1,90,0,16,19,1,5,0,0,8,0,0,0,0,2,1,6,6,1,43,7,-1,-1,-1,-1,7,E01000165,0,1
2024471533332,2024,471533332,2,9,0,-1,19,2,6,-1,0,0,0,0,0,0,1,1,-1,9,1,57,9,-1,-1,-1,-1,9,E01000647,0,4
2024421491768,2024,421491768,1,9,0,-1,19,6,2,-1,0,1,0,0,0,0,1,1,-1,6,1,36,7,-1,-1,-1,-1,-1,-1,0,-1
2024161404662,2024,161404662,2,9,0,-1,19,1,5,-1,0,1,0,0,0,0,1,9,-1,6,3,-1,-1,-1,-1,-1,-1,-1,-1,0,-1
2024231506454,2024,231506454,1,9,0,-1,19,4,8,-1,0,4,0,0,0,0,1,9,-1,6,1,30,6,-1,-1,-1,-1,-1,-1,0,-1
2024010501547,2024,010501547,2,9,0,18,19,6,2,0,0,1,0,0,0,0,2,1,6,6,3,-1,-1,-1,-1,-1,-1,-1,-1,0,-1
2024552401498,2024,552401498,2,9,0,5,5,7,3,0,0,8,0,0,0,0,1,1,6,6,2,32,6,-1,-1,-1,-1,9,E01023041,0,4
2024451512877,2024,451512877,1,9,0,-1,19,4,6,-1,0,0,0,0,0,0,1,9,-1,6,3,-1,-1,-1,-1,-1,-1,-1,-1,0,-1
2024622400265,2024,622400265,2,9,0,3,3,6,2,0,0,1,0,0,0,0,2,1,6,6,1,43,7,-1,-1,-1,-1,6,W01001347,0,3
2024201531010,2024,201531010,1,9,0,-1,19,6,2,-1,0,0,0,0,0,0,1,9,-1,6,3,24,5,-1,-1,-1,-1,-1,-1,0,-1
2024010524375,2024,010524375,2,9,0,99,99,9,9,99,99,9,9,99,9,99,2,9,6,6,3,-1,-1,-1,-1,-1,-1,-1,-1,0,-1
2024311533201,2024,311533201,1,9,0,-1,19,5,1,-1,0,0,0,0,0,0,1,9,-1,6,3,-1,-1,-1,-1,-1,-1,-1,-1,0,-1
2024421500586,2024,421500586,2,1,0,-1,-1,-1,-1,-1,-1,-1,-1,-1,-1,0,-1,1,-1,6,1,51,8,-1,-1,-1,-1,9,E01021619,0,1
2024231496311,2024,231496311,1,99,0,-1,11,8,4,-1,0,0,0,0,0,0,4,9,-1,6,3,55,8,-1,-1,-1,-1,-1,-1,0,-1
2024311520849,2024,311520849,2,-1,0,-1,19,3,7,-1,9,6,0,0,0,0,1,1,-1,6,1,44,7,-1,-1,-1,-1,-1,-1,1,-1
2024010487832,2024,010487832,1,9,0,13,13,4,8,0,0,0,0,4,0,0,1,1,6,6,1,46,8,-1,-1,-1,-1,3,E01032562,0,1
2024351493854,2024,351493854,2,1,0,-1,14,-1,-1,-1,0,0,5,0,0,0,3,1,-1,9,1,51,8,-1,-1,-1,-1,3,E01017978,0,1
2024471444793,2024,471444793,1,1,0,-1,5,7,3,-1,0,2,0,0,0,0,3,1,-1,9,1,85,11,-1,-1,-1,-1,10,E01021067,0,1
2024211480637,2024,211480637,1,9,0,-1,19,5,1,-1,0,0,0,0,0,0,1,1,-1,2,1,54,8,-1,-1,-1,-1,8,E01029458,0,1
2024122400700,2024,122400700,2,9,0,13,13,7,3,0,0,1,0,0,0,0,2,1,6,6,3,-1,-1,-1,-1,-1,-1,-1,-1,0,-1
2024552400625,2024,552400625,1,3,0,9,9,2,8,0,0,8,0,0,0,0,4,1,6,6,1,24,5,-1,-1,-1,-1,5,E01020389,0,3
2024010546485,2024,010546485,1,97,0,18,19,7,3,0,0,1,0,0,0,0,1,1,6,6,3,-1,-1,-1,-1,-1,-1,-1,-1,0,-1
2024430500406,2024,430500406,1,9,0,9,9,3,1,0,0,6,0,0,0,0,3,1,6,6,2,26,6,-1,-1,-1,-1,6,E01016467,0,3
2024501394101,2024,501394101,1,9,0,-1,19,6,3,-1,0,0,5,0,2,4,1,9,-1,9,1,74,10,-1,-1,-1,-1,6,E01018752,0,3
2024991411735,2024,991411735,2,90,0,-1,3,5,1,-1,0,8,0,0,0,0,4,1,-1,6,1,58,9,-1,-1,-1,-1,-1,-1,0,-1
2024010537025,2024,010537025,1,1,0,18,19,7,3,4,4,1,5,0,0,0,1,1,1,1,1,32,6,-1,-1,-1,-1,2,E01001765,0,1
2024501417606,2024,501417606,2,1,0,-1,19,7,3,-1,0,0,0,0,0,0,4,1,-1,7,2,11,3,-1,-1,-1,-1,1,E01018997,0,1
2024520403359,2024,520403359,1,9,0,18,19,6,2,0,0,8,0,0,0,0,1,1,6,6,1,63,9,-1,-1,-1,-1,7,E01029019,0,2
2024440103598,2024,440103598,1,1,0,18,19,3,7,0,0,0,0,0,0,0,3,1,6,6,1,47,8,-1,-1,-1,-1,7,E01022532,0,4
2024010487494,2024,010487494,1,3,0,3,3,5,1,0,0,4,0,0,0,0,2,1,2,2,1,50,8,-1,-1,-1,-1,4,E01002309,0,4
2024401434238,2024,401434238,2,9,0,-1,4,3,7,-1,0,6,0,0,0,0,3,9,-1,9,2,33,6,-1,-1,-1,-1,1,E01015732,0,1
2024552400481,2024,552400481,1,11,0,14,14,4,8,0,0,0,0,4,0,0,4,1,1,1,3,-1,-1,-1,-1,-1,-1,-1,-1,0,-1
2024141518175,2024,141518175,1,9,0,-1,19,4,8,-1,0,0,0,0,0,0,1,9,-1,6,3,-1,-1,-1,-1,-1,-1,-1,-1,0,-1
2024010500295,2024,010500295,2,9,0,99,99,9,9,99,99,9,9,99,9,99,2,9,6,6,3,-1,-1,-1,-1,-1,-1,-1,-1,0,-1
2024440167046,2024,440167046,2,19,0,7,7,8,2,0,0,6,0,0,0,0,1,1,2,2,1,-1,-1,-1,-1,-1,-1,8,E01022733,0,1
2024010526392,2024,010526392,1,9,0,99,99,9,9,99,99,9,9,99,9,99,2,9,1,1,1,43,7,-1,-1,-1,-1,6,E01014363,0,5
2024101571510,2024,101571510,4,9,0,-1,3,5,1,-1,0,0,0,0,0,0,1,1,-1,6,1,30,6,-1,-1,-1,-1,10,E01008504,0,2
2024440271109,2024,440271109,1,1,0,18,19,2,6,0,0,8,0,0,0,0,4,1,6,6,1,58,9,-1,-1,-1,-1,7,E01022812,0,1
2024421530377,2024,421530377,2,9,0,-1,-1,-1,-1,-1,-1,-1,-1,-1,-1,0,3,1,-1,6,2,26,6,-1,-1,-1,-1,7,E01021657,0,1
2024010518481,2024,010518481,1,1,9,99,99,9,9,99,99,9,9,99,9,99,9,1,2,2,1,51,8,-1,-1,-1,-1,10,E01030319,0,2
2024010520095,2024,010520095,1,9,0,99,99,9,9,99,99,9,9,99,9,99,2,9,6,6,1,39,7,-1,-1,-1,-1,7,E01003451,0,1
2024010543194,2024,010543194,2,9,0,99,99,9,9,99,99,9,9,99,9,99,1,9,6,6,3,-1,-1,-1,-1,-1,-1,-1,-1,0,-1
2024131518914,2024,131518914,2,1,0,-1,19,3,7,-1,0,8,0,0,0,0,1,1,-1,6,1,30,6,-1,-1,-1,-1,2,E01032606,0,1
2024010530208,2024,010530208,1,1,9,5,5,9,9,99,99,9,9,99,9,99,9,1,6,6,2,23,5,-1,-1,-1,-1,5,E01000316,0,1
2024421530605,2024,421530605,2,9,0,-1,6,1,5,-1,-1,0,0,0,1,0,1,1,-1,2,2,26,6,-1,-1,-1,-1,-1,-1,0,-1
2024440372811,2024,440372811,2,1,0,2,2,0,0,0,0,0,0,0,0,0,2,1,6,6,1,23,5,-1,-1,-1,-1,6,E01028542,0,4
2024201522064,2024,201522064,1,9,0,-1,19,1,4,-1,9,0,5,10,0,0,1,1,-1,9,2,74,10,-1,-1,-1,-1,2,E01009022,0,1
2024010550716,2024,010550716,2,9,0,99,99,9,9,99,99,9,9,99,9,99,2,9,6,6,3,-1,-1,-1,-1,-1,-1,-1,-1,0,-1
2024010529808,2024,010529808,2,9,0,7,7,2,4,0,0,7,0,0,0,0,1,1,6,6,3,-1,-1,-1,-1,-1,-1,-1,-1,0,-1
2024440047239,2024,440047239,2,9,0,18,19,2,6,0,0,8,0,0,0,0,1,1,6,6,1,51,8,-1,-1,-1,-1,-1,-1,0,-1
2024010487297,2024,010487297,1,3,0,18,19,5,1,0,0,0,0,0,0,0,1,1,2,2,1,34,6,-1,-1,-1,-1,4,E01003565,0,3
2024052400050,2024,052400050,2,1,0,18,19,7,3,0,0,8,0,0,0,0,1,1,6,6,1,54,8,-1,-1,-1,-1,3,E01006994,0,1
2024131472154,2024,131472154,2,1,0,-1,19,3,7,-1,0,1,0,0,0,0,1,1,-1,9,1,52,8,-1,-1,-1,-1,3,E01011758,0,1
2024201433112,2024,201433112,1,9,0,-1,19,6,2,-1,0,4,0,0,0,0,1,9,-1,6,1,30,6,-1,-1,-1,-1,-1,-1,0,-1
2024010545754,2024,010545754,2,21,1,18,19,1,5,0,0,8,0,0,0,0,0,2,1,1,1,39,7,-1,-1,-1,-1,-1,-1,0,-1
2024010533786,2024,010533786,1,1,9,99,99,9,9,99,99,9,9,99,9,99,9,1,6,6,1,35,6,-1,-1,-1,-1,2,E01002073,0,2
2024010526944,2024,010526944,1,1,9,99,99,9,9,99,99,0,9,99,9,99,1,1,6,6,3,-1,-1,-1,-1,-1,-1,-1,-1,0,-1
2024351505399,2024,351505399,2,1,0,-1,13,4,8,-1,0,8,0,0,0,0,1,1,-1,2,1,40,7,-1,-1,-1,-1,7,E01018286,0,1
2024010526846,2024,010526846,2,90,0,99,99,9,9,99,99,9,9,99,9,99,9,9,6,6,3,-1,-1,-1,-1,-1,-1,-1,-1,0,-1
2024010520729,2024,010520729,2,1,0,18,19,3,7,0,0,1,0,4,0,0,1,1,1,1,1,31,6,-1,-1,-1,-1,5,E01002565,0,1
2024411453781,2024,411453781,2,9,-1,-1,-1,-1,-1,-1,-1,-1,-1,-1,-1,0,-1,9,-1,9,2,32,6,-1,-1,-1,-1,4,E01023857,0,1
2024041463563,2024,041463563,2,9,0,-1,2,1,5,-1,0,0,0,0,0,0,4,1,-1,9,1,57,9,-1,-1,-1,-1,1,E01025006,0,1
2024131439625,2024,131439625,2,9,0,-1,2,0,0,-1,0,8,0,0,0,0,1,1,-1,1,1,42,7,-1,-1,-1,-1,3,E01033900,0,1
2024552400643,2024,552400643,1,19,0,9,9,6,4,0,0,6,0,0,0,0,3,1,6,6,1,77,11,-1,-1,-1,-1,8,E01020474,0,1
2024010491142,2024,010491142,2,9,0,18,19,1,5,0,0,1,0,0,0,0,1,1,6,6,3,-1,-1,-1,-1,-1,-1,-1,-1,0,-1
2024440025659,2024,440025659,1,19,4,18,19,8,4,0,0,0,0,0,0,0,1,1,6,6,1,35,6,-1,-1,-1,-1,7,E01017288,0,2
2024451521335,2024,451521335,2,9,0,-1,3,4,8,-1,0,0,0,0,0,0,4,1,-1,6,3,30,6,-1,-1,-1,-1,-1,-1,0,-1
2024010515331,2024,010515331,2,-1,0,18,19,1,5,0,0,8,0,0,0,0,1,2,2,2,1,25,5,-1,-1,-1,-1,3,E01003288,1,1
2024522402123,2024,522402123,1,1,0,17,19,7,4,0,0,8,0,0,0,0,4,1,6,6,2,23,5,-1,-1,-1,-1,1,E01014655,0,1
2024010527890,2024,010527890,1,1,9,3,3,9,9,99,99,1,9,99,9,99,9,1,6,6,3,60,9,-1,-1,-1,-1,9,E01003462,0,3
2024131448155,2024,131448155,2,9,0,-1,19,1,5,-1,0,0,0,0,0,0,0,1,-1,9,1,18,4,-1,-1,-1,-1,1,E01010941,0,1
2024201523349,2024,201523349,2,20,0,-1,19,5,1,-1,0,0,0,0,0,0,1,1,-1,6,-1,-1,-1,-1,-1,-1,-1,-1,-1,0,-1
2024211535953,2024,211535953,2,1,0,-1,19,7,3,-1,0,1,0,0,0,0,2,1,-1,6,1,30,6,-1,-1,-1,-1,-1,-1,0,-1
2024201439795,2024,201439795,1,9,0,-1,3,7,3,-1,0,0,0,0,0,0,1,1,-1,6,1,-1,-1,-1,-1,-1,-1,-1,-1,0,-1