collision_index,collision_year,collision_ref_no,vehicle_reference,vehicle_type,towing_and_articulation,vehicle_manoeuvre_historic,vehicle_manoeuvre,vehicle_direction_from,vehicle_direction_to,vehicle_location_restricted_lane_historic,vehicle_location_restricted_lane,junction_location,skidding_and_overturning,hit_object_in_carriageway,vehicle_leaving_carriageway,hit_object_off_carriageway,first_point_of_impact,vehicle_left_hand_drive,journey_purpose_of_driver_historic,journey_purpose_of_driver,sex_of_driver,age_of_driver,age_band_of_driver,engine_capacity_cc,propulsion_code,age_of_vehicle,generic_make_model,driver_imd_decile,lsoa_of_driver,escooter_flag,driver_distance_banding
2024991443563,2024,991443563,1,9,0,-1,13,4,8,-1,0,8,0,0,0,0,1,9,-1,9,1,77,11,-1,-1,-1,-1,5,-1,0,4
2024421529668,2024,421529668,3,19,0,-1,19,3,5,-1,0,0,0,0,0,0,1,1,-1,6,2,40,7,-1,-1,-1,-1,-1,-1,0,-1
2024320331139,2024,320331139,1,10,0,-1,-1,2,6,0,0,1,0,0,0,0,4,1,1,1,1,61,9,-1,-1,-1,-1,-1,-1,0,-1
2024010517849,2024,010517849,1,9,0,9,9,7,5,0,0,6,0,0,0,0,1,1,6,6,1,39,7,-1,-1,-1,-1,5,E01001275,0,1
2024371496124,2024,371496124,2,1,0,-1,19,8,4,-1,0,8,5,0,0,0,1,1,-1,2,1,21,5,-1,-1,-1,-1,3,E01029998,0,2
2024201400894,2024,201400894,1,97,0,-1,19,1,1,-1,9,0,0,0,0,0,1,1,-1,6,3,20,4,-1,-1,-1,-1,-1,-1,0,-1
2024451400969,2024,451400969,1,1,0,-1,11,3,7,-1,0,3,0,0,0,0,2,1,-1,9,1,45,7,-1,-1,-1,-1,10,E01003866,0,3
2024111518887,2024,111518887,1,1,0,-1,5,7,3,-1,0,0,0,0,0,0,1,1,-1,7,1,12,3,-1,-1,-1,-1,-1,-1,0,-1
2024141426346,2024,141426346,2,1,0,-1,19,7,7,-1,0,1,5,0,1,0,1,1,-1,6,1,-1,-1,-1,-1,-1,-1,7,E01007827,0,2
2024161454084,2024,161454084,1,8,0,-1,19,1,5,-1,0,0,0,0,0,0,0,1,-1,6,3,-1,-1,-1,-1,-1,-1,-1,-1,0,-1
2024471463003,2024,471463003,1,97,0,-1,19,6,2,-1,0,0,0,0,0,0,0,1,-1,6,3,-1,-1,-1,-1,-1,-1,-1,-1,0,-1
2024231495339,2024,231495339,1,1,0,-1,19,4,8,-1,0,8,0,0,0,0,1,1,-1,1,1,63,9,-1,-1,-1,-1,6,E01031178,0,3
2024522500015,2024,522500015,1,1,0,18,19,8,4,0,0,8,0,0,0,0,1,1,6,6,1,39,7,-1,-1,-1,-1,4,E01014488,0,1
2024201499022,2024,201499022,1,9,0,-1,19,7,3,-1,0,0,0,0,0,0,1,9,-1,6,3,-1,-1,-1,-1,-1,-1,-1,-1,0,-1
2024010495763,2024,010495763,1,9,0,7,7,8,2,0,0,1,0,0,0,0,2,1,6,6,2,31,6,-1,-1,-1,-1,8,E01021752,0,3
2024531493109,2024,531493109,2,16,0,-1,19,5,1,-1,0,1,0,0,0,0,0,1,-1,6,2,17,4,-1,-1,-1,-1,7,E01022248,0,1
2024041413285,2024,041413285,2,9,0,-1,9,5,1,-1,0,1,0,0,0,0,2,1,-1,9,2,62,9,-1,-1,-1,-1,7,E01006317,0,2
202417M102224,2024,17M102224,2,-1,0,18,19,2,6,0,0,8,0,0,0,0,1,1,6,6,1,13,3,-1,-1,-1,-1,1,E01012084,1,1
2024332400606,2024,332400606,2,9,0,-1,19,3,7,-1,0,0,0,0,0,0,1,1,-1,1,1,-1,-1,-1,-1,-1,-1,-1,-1,0,-1
2024010522793,2024,010522793,1,1,9,99,99,9,9,99,99,9,9,99,9,99,1,1,2,2,2,50,8,-1,-1,-1,-1,4,E01004392,0,1
2024161521060,2024,161521060,1,1,0,-1,19,8,4,-1,4,0,1,0,0,0,2,1,-1,2,1,56,9,-1,-1,-1,-1,1,E01013311,0,1
2024070873259,2024,070873259,3,1,0,-1,19,8,4,-1,0,0,2,0,0,0,0,1,-1,9,1,38,7,-1,-1,-1,-1,6,E01034667,0,3
2024552400373,2024,552400373,1,1,0,18,19,4,8,0,0,0,0,0,0,0,1,1,6,6,1,58,9,-1,-1,-1,-1,10,E01020406,0,1
2024061420302,2024,061420302,1,9,0,-1,19,3,7,-1,0,0,0,0,0,0,4,9,-1,6,3,-1,-1,-1,-1,-1,-1,-1,-1,0,-1
2024201464482,2024,201464482,1,9,0,-1,19,2,6,-1,0,0,0,10,1,0,1,1,-1,6,3,-1,-1,-1,-1,-1,-1,-1,-1,0,-1
2024010510913,2024,010510913,1,1,9,99,99,9,9,99,99,9,9,99,9,99,0,1,2,2,1,34,6,-1,-1,-1,-1,2,E01003921,0,1
2024430149649,2024,430149649,2,3,0,18,19,3,7,0,0,8,0,0,0,0,4,1,6,6,2,-1,-1,-1,-1,-1,-1,-1,-1,0,-1
202417M301324,2024,17M301324,1,9,0,3,3,8,4,0,0,0,0,0,0,0,2,1,2,2,1,60,9,-1,-1,-1,-1,8,E01032594,0,1
2024010560415,2024,010560415,1,1,9,99,99,9,9,99,99,1,9,99,9,99,1,1,1,1,3,27,6,-1,-1,-1,-1,-1,-1,0,-1
2024010494391,2024,010494391,2,9,0,99,99,9,9,99,99,9,9,99,9,99,1,9,6,6,3,-1,-1,-1,-1,-1,-1,-1,-1,0,-1
2024540144324,2024,540144324,1,9,0,18,19,8,4,0,0,0,1,0,5,6,3,1,6,6,1,32,6,-1,-1,-1,-1,3,E01015488,0,2
2024201493692,2024,201493692,1,9,0,-1,19,5,1,-1,0,4,0,0,0,0,1,9,-1,6,3,-1,-1,-1,-1,-1,-1,-1,-1,0,-1
2024430248972,2024,430248972,2,-1,0,18,19,3,7,0,0,8,0,0,0,0,3,1,6,6,2,23,5,-1,-1,-1,-1,7,E01016770,0,1
2024061425756,2024,061425756,1,9,0,-1,19,1,1,-1,0,0,0,0,0,0,1,2,-1,6,3,30,6,-1,-1,-1,-1,-1,-1,0,-1
2024361506062,2024,361506062,1,9,-1,-1,19,1,5,-1,0,1,0,0,0,0,-1,9,-1,6,3,-1,-1,-1,-1,-1,-1,-1,-1,0,-1
2024201504295,2024,201504295,1,9,0,-1,19,3,7,-1,0,1,0,10,7,4,1,9,-1,9,1,29,6,-1,-1,-1,-1,1,E01009298,0,2
2024991432764,2024,991432764,2,1,0,-1,19,3,7,-1,0,1,0,0,0,0,1,1,-1,1,1,40,7,-1,-1,-1,-1,7,-1,0,1
2024340NN0032,2024,340NN0032,1,9,0,-1,19,4,8,-1,0,0,0,0,0,7,1,1,-1,6,2,41,7,-1,-1,-1,-1,1,E01027318,0,2
202417S412924,2024,17S412924,1,9,0,-1,9,2,8,-1,0,8,0,0,0,0,1,1,-1,9,1,68,10,-1,-1,-1,-1,10,E01012299,0,1
2024101455655,2024,101455655,2,9,0,-1,19,5,1,-1,0,0,0,0,0,0,3,1,-1,2,1,59,9,-1,-1,-1,-1,9,E01027449,0,4
2024101402874,2024,101402874,1,9,0,-1,19,1,5,-1,0,4,0,0,0,0,1,9,-1,6,1,44,7,-1,-1,-1,-1,1,E01008573,0,1
2024520500146,2024,520500146,2,9,0,18,19,5,1,0,0,1,0,0,0,0,9,1,6,6,3,-1,-1,-1,-1,-1,-1,-1,-1,0,-1
2024052400779,2024,052400779,1,9,0,1,1,3,7,0,0,0,0,0,0,0,2,1,6,6,3,-1,-1,-1,-1,-1,-1,-1,-1,0,-1
2024061502711,2024,061502711,1,18,-1,-1,19,1,5,-1,1,0,0,0,0,0,1,1,-1,1,1,54,8,-1,-1,-1,-1,7,E01005051,0,3
2024461414337,2024,461414337,1,9,0,-1,19,3,7,-1,0,0,0,0,0,0,1,9,-1,6,3,-1,-1,-1,-1,-1,-1,-1,-1,0,-1
2024311526371,2024,311526371,1,9,0,-1,19,3,7,-1,0,0,0,0,0,0,1,1,-1,6,1,68,10,-1,-1,-1,-1,7,E01025964,0,3
2024545670424,2024,545670424,2,9,0,18,19,8,4,0,0,0,1,0,0,0,1,1,6,6,2,40,7,-1,-1,-1,-1,5,E01015555,0,2
2024542481724,2024,542481724,2,9,0,18,19,6,2,0,0,8,0,0,0,0,4,1,1,1,1,37,7,-1,-1,-1,-1,5,E01032070,0,1
2024010487656,2024,010487656,2,9,0,18,19,5,1,0,0,4,0,0,0,0,1,1,6,6,2,-1,-1,-1,-1,-1,-1,2,E01003732,0,2
2024311479591,2024,311479591,1,9,0,-1,4,5,1,-1,0,0,0,0,0,0,1,1,-1,6,3,-1,-1,-1,-1,-1,-1,-1,-1,0,-1
2024010513843,2024,010513843,1,1,9,99,99,9,9,99,99,9,9,99,9,99,1,1,6,6,1,18,4,-1,-1,-1,-1,2,E01001719,0,1
2024991481624,2024,991481624,2,1,0,-1,19,8,4,-1,0,1,0,0,0,0,4,1,-1,9,1,44,7,-1,-1,-1,-1,9,-1,0,1
2024010490093,2024,010490093,1,9,0,99,99,9,9,99,99,9,9,99,9,99,9,9,6,6,1,-1,-1,-1,-1,-1,-1,6,E01003833,0,3
2024131475888,2024,131475888,1,1,0,-1,19,8,3,-1,0,0,5,10,0,0,1,1,-1,2,1,34,6,-1,-1,-1,-1,4,E01025370,0,1
2024430572845,2024,430572845,2,9,0,18,19,4,8,0,0,0,0,0,0,0,1,1,6,6,1,58,9,-1,-1,-1,-1,4,E01032282,0,4
2024010498654,2024,010498654,1,1,9,99,99,9,9,99,99,9,9,99,9,99,9,1,2,2,1,35,6,-1,-1,-1,-1,4,E01002711,0,2
2024430614119,2024,430614119,2,19,0,11,11,8,2,0,0,4,0,0,0,0,4,1,6,6,2,48,8,-1,-1,-1,-1,-1,-1,0,-1
2024430440599,2024,430440599,2,9,0,3,3,8,4,0,0,8,0,0,0,0,2,2,2,2,1,31,6,-1,-1,-1,-1,6,E01017687,0,4
2024320272244,2024,320272244,1,9,0,-1,-1,7,3,0,0,1,0,0,1,0,1,1,-1,-1,2,25,5,-1,-1,-1,-1,-1,-1,0,-1
2024061426317,2024,061426317,2,1,0,-1,19,5,1,-1,4,8,0,0,0,0,1,1,-1,9,1,58,9,-1,-1,-1,-1,6,E01005078,0,2
2024471512379,2024,471512379,1,9,0,-1,5,7,3,-1,0,1,0,0,0,0,1,1,-1,9,1,62,9,-1,-1,-1,-1,9,E01029509,0,5
2024320572483,2024,320572483,2,9,0,4,4,2,6,0,0,1,0,0,0,0,2,1,-1,-1,2,59,9,-1,-1,-1,-1,10,E01026364,0,1
2024340NN3182,2024,340NN3182,1,9,0,-1,19,7,2,-1,0,0,1,0,1,4,1,1,-1,9,2,82,11,-1,-1,-1,-1,3,E01026962,0,2
2024101410952,2024,101410952,1,9,0,-1,15,5,1,-1,0,0,0,0,0,0,4,9,-1,6,3,-1,-1,-1,-1,-1,-1,-1,-1,0,-1
2024430428780,2024,430428780,2,1,0,18,19,3,7,0,0,0,0,0,0,0,3,1,6,6,2,22,5,-1,-1,-1,-1,2,E01016450,0,1
2024010494394,2024,010494394,2,9,0,99,99,9,9,99,99,0,9,99,9,99,2,9,6,6,3,-1,-1,-1,-1,-1,-1,-1,-1,0,-1
2024481503994,2024,481503994,2,1,0,-1,19,5,7,-1,0,8,0,0,0,0,3,1,-1,2,1,37,7,-1,-1,-1,-1,-1,-1,0,-1
2024010489517,2024,010489517,1,9,0,99,99,9,9,99,99,9,9,99,9,99,9,9,6,6,2,27,6,-1,-1,-1,-1,2,E01000025,0,1
2024471444525,2024,471444525,2,11,0,-1,20,0,0,-1,0,1,0,0,0,0,0,9,-1,6,3,-1,-1,-1,-1,-1,-1,-1,-1,0,-1
2024010515832,2024,010515832,1,1,0,18,19,8,4,9,9,1,0,0,0,0,1,1,6,6,1,33,6,-1,-1,-1,-1,3,E01004287,0,2
2024101437446,2024,101437446,1,9,0,-1,7,2,6,-1,0,1,0,0,0,0,1,9,-1,6,3,-1,-1,-1,-1,-1,-1,-1,-1,0,-1
2024161483386,2024,161483386,1,9,0,-1,8,2,5,-1,0,1,0,0,0,0,2,1,-1,9,1,50,8,-1,-1,-1,-1,3,E01034753,0,1
2024522402776,2024,522402776,2,1,0,17,19,5,3,0,0,8,0,0,0,0,1,1,6,6,1,40,7,-1,-1,-1,-1,5,E01014534,0,1
2024320743870,2024,320743870,1,9,0,-1,-1,5,1,0,0,0,0,0,7,4,1,1,6,6,1,28,6,-1,-1,-1,-1,3,E01026415,0,3
2024201503067,2024,201503067,1,9,0,-1,19,6,2,-1,0,1,0,0,0,0,1,9,-1,6,3,30,6,-1,-1,-1,-1,-1,-1,0,-1
2024411443686,2024,411443686,2,19,0,-1,19,6,2,-1,0,0,0,0,0,0,3,1,-1,6,1,62,9,-1,-1,-1,-1,6,E01023765,0,3
2024421531038,2024,421531038,2,1,0,-1,19,5,1,-1,0,4,0,0,0,0,3,1,-1,1,1,61,9,-1,-1,-1,-1,3,E01015843,0,1
2024010514573,2024,010514573,1,1,0,16,19,1,5,99,99,3,0,0,9,99,4,1,2,2,1,46,8,-1,-1,-1,-1,3,E01003235,0,1
2024010520598,2024,010520598,1,1,9,99,99,9,9,99,99,9,9,99,9,99,9,1,6,6,2,25,5,-1,-1,-1,-1,3,E01001969,0,1
2024471442324,2024,471442324,2,-1,0,-1,19,3,7,-1,0,0,0,0,0,0,1,1,-1,6,2,17,4,-1,-1,-1,-1,3,E01031795,1,1
2024161528102,2024,161528102,2,19,4,-1,19,5,1,-1,0,1,0,0,0,0,3,9,-1,6,3,-1,-1,-1,-1,-1,-1,-1,-1,0,-1
2024010521844,2024,010521844,2,1,0,18,19,5,1,0,0,1,0,0,0,0,1,1,2,2,1,24,5,-1,-1,-1,-1,10,E01000766,0,3
2024010506675,2024,010506675,1,9,0,1,1,6,2,5,5,8,0,0,0,0,2,1,1,1,1,24,5,-1,-1,-1,-1,7,E01003370,0,3
2024231496253,2024,231496253,1,9,0,-1,19,3,7,-1,0,0,0,0,0,0,1,1,-1,6,1,47,8,-1,-1,-1,-1,6,E01031130,0,1
2024010496802,2024,010496802,1,1,9,99,99,9,9,99,99,9,9,99,9,99,9,1,6,6,1,52,8,-1,-1,-1,-1,5,E01004644,0,2
2024070512494,2024,070512494,2,1,0,4,4,5,1,0,0,1,0,0,0,0,1,1,6,6,1,46,8,-1,-1,-1,-1,10,E01018590,0,1
2024440359169,2024,440359169,1,1,0,18,19,5,2,0,0,0,0,8,0,0,1,1,6,6,2,45,7,-1,-1,-1,-1,6,E01017072,0,1
2024311514734,2024,311514734,2,1,0,-1,5,1,5,-1,0,1,5,0,0,0,1,1,-1,6,1,27,6,-1,-1,-1,-1,-1,-1,0,-1
2024010491311,2024,010491311,3,9,9,99,99,9,9,0,0,9,9,99,9,0,9,9,6,6,3,-1,-1,-1,-1,-1,-1,4,E01002598,0,1
2024010503662,2024,010503662,2,1,0,7,7,5,7,0,0,3,0,0,0,0,3,1,6,6,1,40,7,-1,-1,-1,-1,2,E01000012,0,1
2024161494316,2024,161494316,1,1,0,-1,19,5,1,-1,0,0,0,4,3,0,1,1,-1,7,1,14,3,-1,-1,-1,-1,1,E01012881,0,1
2024101434926,2024,101434926,1,9,0,-1,9,7,3,-1,0,8,0,0,0,0,1,1,-1,2,1,18,4,-1,-1,-1,-1,2,E01008613,0,3
2024991398193,2024,991398193,2,1,0,-1,19,8,4,-1,0,8,2,0,0,0,4,1,-1,9,1,44,7,-1,-1,-1,-1,7,-1,0,1
2024111534996,2024,111534996,1,9,0,-1,9,1,5,-1,0,0,0,0,0,0,1,1,-1,6,3,30,6,-1,-1,-1,-1,-1,-1,0,-1
2024070174983,2024,070174983,1,90,0,18,19,5,1,0,0,1,5,0,7,0,1,1,2,2,1,20,4,-1,-1,-1,-1,5,E01034678,0,4
2024201407068,2024,201407068,1,11,0,-1,3,2,5,-1,2,0,0,0,0,0,0,1,-1,1,1,-1,-1,-1,-1,-1,-1,-1,-1,0,-1
2024010522368,2024,010522368,1,1,9,99,99,9,9,99,99,9,9,99,9,99,1,1,6,6,2,29,6,-1,-1,-1,-1,5,E01035662,0,2
2024010518837,2024,010518837,1,1,9,99,99,9,9,99,99,9,9,99,9,99,4,1,2,2,2,47,8,-1,-1,-1,-1,5,E01004232,0,1
2024010496051,2024,010496051,2,9,0,99,99,9,9,99,99,9,9,99,9,99,9,9,6,6,3,-1,-1,-1,-1,-1,-1,-1,-1,0,-1
2024371393683,2024,371393683,1,9,0,-1,19,6,2,-1,0,0,0,0,7,4,1,9,-1,2,1,37,7,-1,-1,-1,-1,4,E01029927,0,2
2024041451340,2024,041451340,1,23,0,-1,19,1,5,-1,0,1,5,0,0,0,1,1,-1,9,1,18,4,-1,-1,-1,-1,3,E01025213,0,1
2024010542366,2024,010542366,1,1,0,18,19,5,1,0,0,0,0,0,0,0,1,1,2,2,1,38,7,-1,-1,-1,-1,3,E01002027,0,1
2024371422120,2024,371422120,2,9,0,-1,2,0,0,-1,0,1,0,0,0,0,2,1,-1,6,-1,-1,-1,-1,-1,-1,-1,-1,-1,0,-1
2024141484782,2024,141484782,2,97,0,-1,19,7,3,-1,0,1,0,0,0,0,1,1,-1,9,1,16,4,-1,-1,-1,-1,2,E01007497,0,1
2024531484394,2024,531484394,1,9,0,-1,19,3,7,-1,0,0,1,0,2,10,3,9,-1,6,1,-1,-1,-1,-1,-1,-1,-1,-1,0,-1
2024302400610,2024,302400610,3,9,0,6,6,6,6,0,0,0,0,0,0,0,0,1,6,6,3,-1,-1,-1,-1,-1,-1,5,E01019456,0,2
2024221527798,2024,221527798,1,9,0,-1,9,7,4,-1,0,6,0,0,0,0,1,9,-1,2,1,39,7,-1,-1,-1,-1,3,E01014104,0,1
2024010540007,2024,010540007,2,9,0,99,99,9,9,99,99,9,9,99,9,99,9,9,6,6,3,-1,-1,-1,-1,-1,-1,-1,-1,0,-1
2024010497429,2024,010497429,2,23,0,5,5,1,5,0,0,6,0,0,0,0,0,1,6,6,3,-1,-1,-1,-1,-1,-1,-1,-1,0,-1
2024430259962,2024,430259962,1,8,0,18,19,7,3,0,0,1,0,0,0,0,1,1,1,1,1,-1,-1,-1,-1,-1,-1,-1,-1,0,-1
2024430303647,2024,430303647,2,9,0,3,3,5,1,0,0,0,0,0,0,0,2,1,3,7,1,37,7,-1,-1,-1,-1,8,E01033816,0,2
2024302400043,2024,302400043,1,19,0,18,19,1,5,0,0,0,0,0,7,10,1,1,6,6,1,74,10,-1,-1,-1,-1,3,E01019508,0,1
2024010512255,2024,010512255,1,97,0,18,19,1,5,9,9,8,0,0,0,0,1,1,6,6,3,-1,-1,-1,-1,-1,-1,-1,-1,0,-1
2024411445958,2024,411445958,2,1,0,-1,9,5,3,-1,0,1,0,0,0,0,2,1,-1,6,1,65,9,-1,-1,-1,-1,10,E01023420,0,3
2024991498112,2024,991498112,2,1,0,-1,19,5,1,-1,0,1,0,0,0,0,4,1,-1,6,1,28,6,-1,-1,-1,-1,-1,-1,0,-1
2024131494417,2024,131494417,1,9,0,-1,19,-1,-1,-1,0,4,0,-1,-1,0,-1,1,-1,6,3,40,7,-1,-1,-1,-1,-1,-1,0,-1
2024010489015,2024,010489015,1,3,0,13,13,5,1,0,0,1,0,0,0,0,1,1,6,6,1,35,6,-1,-1,-1,-1,2,E01001555,0,1
2024061479775,2024,061479775,2,1,0,-1,99,-1,-1,-1,99,9,9,99,9,99,3,1,-1,6,1,-1,-1,-1,-1,-1,-1,-1,-1,0,-1
2024052400073,2024,052400073,4,9,0,3,3,1,5,0,0,0,0,0,0,0,2,1,6,6,1,53,8,-1,-1,-1,-1,3,E01006793,0,1
2024320056452,2024,320056452,1,9,0,-1,-1,2,7,0,0,0,0,0,0,0,0,1,6,6,3,-1,-1,-1,-1,-1,-1,-1,-1,0,-1
2024010540799,2024,010540799,1,9,0,4,4,5,1,0,0,0,0,0,0,0,1,1,1,1,1,54,8,-1,-1,-1,-1,3,E01000638,0,1
2024010493382,2024,010493382,1,9,0,2,2,0,0,0,0,1,0,0,0,0,2,2,6,6,3,-1,-1,-1,-1,-1,-1,-1,-1,0,-1
2024070355436,2024,070355436,1,90,0,18,19,7,3,0,0,8,0,0,0,0,1,1,6,6,1,64,9,-1,-1,-1,-1,6,E01012414,0,1
2024010492975,2024,010492975,1,9,0,4,4,5,1,0,0,1,0,0,0,0,4,1,6,6,2,29,6,-1,-1,-1,-1,3,E01001448,0,1
2024461403068,2024,461403068,2,9,0,-1,19,2,6,-1,0,8,0,0,0,0,3,1,-1,6,1,38,7,-1,-1,-1,-1,2,E01024294,0,3
2024010535897,2024,010535897,2,5,0,99,99,9,9,99,99,9,9,99,9,99,1,1,6,6,3,-1,-1,-1,-1,-1,-1,-1,-1,0,-1
2024010522206,2024,010522206,1,1,9,99,99,9,9,99,99,9,9,99,9,99,9,1,6,6,2,37,7,-1,-1,-1,-1,7,E01000881,0,1
2024440444760,2024,440444760,1,20,0,18,19,5,1,0,0,6,0,0,0,0,1,1,1,1,1,-1,-1,-1,-1,-1,-1,-1,-1,0,-1
2024122401248,2024,122401248,1,1,0,18,19,5,1,0,0,8,0,0,0,0,4,1,6,6,1,53,8,-1,-1,-1,-1,7,E01027633,0,1
2024531501629,2024,531501629,1,9,0,-1,19,5,1,-1,0,8,0,0,0,0,1,9,-1,6,1,40,7,-1,-1,-1,-1,8,E01022402,0,2
2024421469747,2024,421469747,1,9,0,-1,19,6,2,-1,2,0,0,0,0,0,0,1,-1,6,3,-1,-1,-1,-1,-1,-1,-1,-1,0,-1
2024010525033,2024,010525033,1,9,0,99,99,9,9,99,99,9,9,99,9,99,2,9,6,6,1,29,6,-1,-1,-1,-1,7,E01028725,0,4
2024052401649,2024,052401649,1,1,0,18,19,8,4,0,0,1,0,0,0,0,1,1,6,6,1,22,5,-1,-1,-1,-1,1,E01007296,0,1
2024221520977,2024,221520977,1,9,0,-1,19,6,2,-1,0,0,0,0,0,0,1,9,-1,6,2,63,9,-1,-1,-1,-1,2,E01008943,0,4
2024610006324,2024,610006324,1,23,0,18,19,3,7,0,0,8,0,0,0,0,1,1,6,6,1,14,3,-1,-1,-1,-1,2,W01001466,0,1
2024451404180,2024,451404180,2,-1,0,-1,19,1,5,-1,0,0,0,0,0,0,1,9,-1,6,1,30,6,-1,-1,-1,-1,-1,-1,1,-1
2024531434009,2024,531434009,2,9,0,-1,19,7,3,-1,0,2,0,0,0,0,4,1,-1,1,1,39,7,-1,-1,-1,-1,10,E01028816,0,4
2024010553631,2024,010553631,2,1,9,99,99,9,9,4,4,9,9,99,9,99,1,1,1,1,1,-1,-1,-1,-1,-1,-1,-1,-1,0,-1
2024161410478,2024,161410478,1,-1,0,-1,19,7,3,-1,0,0,1,0,0,0,0,9,-1,6,2,33,6,-1,-1,-1,-1,1,E01012887,1,1
2024471492068,2024,471492068,2,1,-1,-1,19,6,5,-1,0,1,0,0,0,0,1,1,-1,6,1,24,5,-1,-1,-1,-1,8,E01031821,0,1
2024010494402,2024,010494402,1,9,0,3,3,7,3,0,0,1,0,0,0,0,2,1,6,6,1,51,8,-1,-1,-1,-1,6,E01003843,0,1
2024131453363,2024,131453363,2,9,0,-1,9,5,7,-1,0,6,0,0,0,0,3,1,-1,9,2,69,10,-1,-1,-1,-1,5,E01011766,0,1
2024430188444,2024,430188444,2,1,0,18,19,5,1,0,0,8,0,0,0,0,3,1,6,6,1,14,3,-1,-1,-1,-1,-1,-1,0,-1
2024320001303,2024,320001303,1,1,0,18,19,5,1,5,5,0,0,0,0,0,1,1,6,6,3,-1,-1,-1,-1,-1,-1,-1,-1,0,-1
2024411470787,2024,411470787,1,9,0,-1,5,3,7,-1,0,4,0,0,0,0,1,1,-1,6,2,68,10,-1,-1,-1,-1,8,E01023485,0,1
2024501495597,2024,501495597,1,9,0,-1,19,2,6,-1,0,0,0,0,0,0,1,1,-1,6,1,27,6,-1,-1,-1,-1,3,E01018759,0,1
2024010498169,2024,010498169,2,9,0,99,99,9,9,99,99,9,9,99,9,99,9,9,6,6,3,-1,-1,-1,-1,-1,-1,-1,-1,0,-1
2024311428467,2024,311428467,1,19,0,-1,9,5,1,-1,0,0,1,0,0,0,1,1,-1,6,1,30,6,-1,-1,-1,-1,1,E01007979,0,4
2024461431778,2024,461431778,1,9,0,-1,5,5,8,-1,0,4,0,0,0,0,1,1,-1,1,1,30,6,-1,-1,-1,-1,7,E01016162,0,4
2024361520793,2024,361520793,1,90,0,-1,19,1,5,-1,0,0,0,0,0,0,1,9,-1,6,3,-1,-1,-1,-1,-1,-1,-1,-1,0,-1
2024101519147,2024,101519147,2,1,0,-1,19,6,2,-1,0,8,5,0,0,0,1,1,-1,1,1,-1,-1,-1,-1,-1,-1,-1,-1,0,-1
2024522401875,2024,522401875,2,1,0,18,19,6,2,0,0,8,0,0,0,0,1,1,6,6,1,28,6,-1,-1,-1,-1,-1,-1,0,-1
2024010511374,2024,010511374,3,1,9,99,99,9,9,99,99,6,9,99,9,99,9,1,6,6,1,-1,-1,-1,-1,-1,-1,-1,-1,0,-1
2024010542707,2024,010542707,2,9,0,18,19,7,3,0,0,0,0,0,0,0,4,1,6,6,3,-1,-1,-1,-1,-1,-1,-1,-1,0,-1
2024141522600,2024,141522600,1,9,0,-1,3,5,1,-1,0,0,0,0,0,0,2,1,-1,1,1,39,7,-1,-1,-1,-1,9,E01011905,0,4
2024991458603,2024,991458603,2,9,0,-1,19,2,6,-1,0,0,1,0,8,6,1,1,-1,6,1,22,5,-1,-1,-1,-1,-1,-1,0,-1
2024010495434,2024,010495434,2,1,0,7,7,2,3,0,0,6,0,0,0,0,3,1,1,1,1,60,9,-1,-1,-1,-1,8,E01000122,0,1
2024101461219,2024,101461219,1,9,0,-1,7,1,3,-1,9,8,0,0,0,0,1,9,-1,6,1,45,7,-1,-1,-1,-1,-1,-1,0,-1
2024351486684,2024,351486684,2,19,3,-1,2,0,0,-1,-1,0,0,0,0,0,2,1,-1,6,1,66,10,-1,-1,-1,-1,9,E01021873,0,4
2024451451350,2024,451451350,2,9,0,-1,19,7,3,-1,0,1,1,11,3,1,2,1,-1,2,1,63,9,-1,-1,-1,-1,10,E01031738,0,3
2024010494416,2024,010494416,1,11,0,18,19,2,6,0,0,0,0,0,0,0,1,1,1,1,1,56,9,-1,-1,-1,-1,5,E01003115,0,1
2024010522800,2024,010522800,2,9,0,99,99,9,9,99,99,0,9,99,9,99,9,9,6,6,3,-1,-1,-1,-1,-1,-1,-1,-1,0,-1
2024131441719,2024,131441719,1,9,0,-1,19,1,5,-1,0,8,0,0,0,0,4,1,-1,6,2,25,5,-1,-1,-1,-1,7,E01011176,0,1
2024010491627,2024,010491627,1,9,0,99,99,9,9,99,99,9,9,99,9,99,2,9,2,2,1,44,7,-1,-1,-1,-1,5,E01015928,0,1
2024122500421,2024,122500421,2,1,0,18,19,5,1,0,0,8,0,0,0,0,3,1,6,6,1,25,5,-1,-1,-1,-1,9,E01013430,0,1
2024440356212,2024,440356212,2,9,0,18,19,5,1,0,0,8,0,0,0,0,1,1,6,6,2,50,8,-1,-1,-1,-1,9,E01023148,0,1
2024440243912,2024,440243912,1,9,0,7,7,2,4,0,0,6,0,0,0,0,1,1,2,2,1,38,7,-1,-1,-1,-1,5,E01023140,0,1
2024421399724,2024,421399724,1,9,0,-1,19,1,5,-1,0,1,0,0,0,0,1,9,-1,6,-1,18,4,-1,-1,-1,-1,-1,-1,0,-1
2024302400029,2024,302400029,1,9,0,7,7,1,3,0,0,0,0,0,0,0,1,1,6,6,1,31,6,-1,-1,-1,-1,5,E01019715,0,1
2024231465306,2024,231465306,2,16,0,-1,19,5,8,-1,0,8,0,0,1,11,4,1,-1,9,2,50,8,-1,-1,-1,-1,6,E01035400,0,2
2024161438610,2024,161438610,1,1,9,-1,19,1,5,-1,0,0,9,99,9,0,2,1,-1,6,1,21,5,-1,-1,-1,-1,1,E01013278,0,1
2024231443965,2024,231443965,1,5,0,-1,19,2,8,-1,0,0,0,0,1,0,1,1,-1,6,1,27,6,-1,-1,-1,-1,3,E01031059,0,1
2024010538240,2024,010538240,1,1,5,10,10,7,6,0,0,1,0,0,0,0,4,1,6,6,1,36,7,-1,-1,-1,-1,2,E01002032,0,1
2024430557502,2024,430557502,2,9,0,18,19,6,2,0,0,1,0,0,0,0,1,1,6,6,1,-1,-1,-1,-1,-1,-1,-1,-1,0,-1
2024010528235,2024,010528235,1,1,9,99,99,9,9,99,99,9,9,99,9,99,9,1,6,6,1,33,6,-1,-1,-1,-1,4,E01000639,0,1