collision_index,collision_year,collision_ref_no,vehicle_reference,vehicle_type,towing_and_articulation,vehicle_manoeuvre_historic,vehicle_manoeuvre,vehicle_direction_from,vehicle_direction_to,vehicle_location_restricted_lane_historic,vehicle_location_restricted_lane,junction_location,skidding_and_overturning,hit_object_in_carriageway,vehicle_leaving_carriageway,hit_object_off_carriageway,first_point_of_impact,vehicle_left_hand_drive,journey_purpose_of_driver_historic,journey_purpose_of_driver,sex_of_driver,age_of_driver,age_band_of_driver,engine_capacity_cc,propulsion_code,age_of_vehicle,generic_make_model,driver_imd_decile,lsoa_of_driver,escooter_flag,driver_distance_banding
2024161490851,2024,161490851,1,-1,0,-1,19,7,3,-1,0,0,0,0,1,0,1,1,-1,9,1,14,3,-1,-1,-1,-1,3,E01012913,1,1
2024010498048,2024,010498048,1,1,9,99,99,9,9,99,99,9,9,99,9,99,2,1,1,1,1,59,9,-1,-1,-1,-1,2,E01002508,0,1
2024010549032,2024,010549032,1,90,0,99,99,9,9,99,99,9,9,99,9,99,1,1,6,6,3,-1,-1,-1,-1,-1,-1,-1,-1,0,-1
2024010507063,2024,010507063,2,1,0,18,19,3,7,0,0,1,0,0,0,0,3,1,2,2,1,24,5,-1,-1,-1,-1,5,E01000494,0,1
2024010547063,2024,010547063,2,9,0,99,99,9,9,99,99,0,9,99,9,99,9,9,6,6,3,-1,-1,-1,-1,-1,-1,-1,-1,0,-1
2024411425823,2024,411425823,2,9,0,-1,19,5,1,-1,0,0,0,0,0,0,1,1,-1,9,1,23,5,-1,-1,-1,-1,9,E01023316,0,1
2024631468861,2024,631468861,2,9,0,-1,19,4,8,-1,0,0,0,0,0,0,0,1,-1,6,3,-1,-1,-1,-1,-1,-1,-1,-1,0,-1
2024131458863,2024,131458863,2,1,0,-1,19,7,7,-1,0,1,0,0,0,0,1,1,-1,6,1,27,6,-1,-1,-1,-1,1,E01011337,0,1
2024010535480,2024,010535480,2,1,0,14,14,5,1,0,0,2,0,4,0,0,1,1,2,2,1,31,6,-1,-1,-1,-1,5,E01003076,0,2
2024461530142,2024,461530142,2,9,3,-1,9,5,3,-1,0,0,0,7,0,0,2,1,-1,9,2,58,9,-1,-1,-1,-1,2,E01024108,0,1
2024111519778,2024,111519778,3,9,0,-1,19,7,3,-1,0,0,0,0,0,0,2,1,-1,1,1,53,8,-1,-1,-1,-1,9,E01027745,0,3
2024010540439,2024,010540439,1,1,9,99,99,9,9,99,99,1,9,99,9,99,1,1,2,2,1,27,6,-1,-1,-1,-1,2,E01002790,0,2
2024061541353,2024,061541353,1,1,0,-1,19,1,5,-1,4,1,0,0,0,0,1,1,-1,6,1,-1,-1,-1,-1,-1,-1,-1,-1,0,-1
2024461397444,2024,461397444,2,9,0,-1,10,4,6,-1,0,1,0,0,0,0,3,9,-1,6,3,-1,-1,-1,-1,-1,-1,-1,-1,0,-1
2024041421921,2024,041421921,1,1,0,-1,19,7,3,-1,0,1,0,0,0,0,1,1,-1,6,1,10,2,-1,-1,-1,-1,1,E01012695,0,1
2024010489234,2024,010489234,2,1,0,18,19,7,3,0,0,3,0,0,0,0,2,1,2,2,1,38,7,-1,-1,-1,-1,2,W01001942,0,5
2024451511650,2024,451511650,2,9,0,-1,9,3,7,-1,0,1,0,0,0,0,4,1,-1,6,2,59,9,-1,-1,-1,-1,8,E01030564,0,1
2024430059707,2024,430059707,2,9,0,18,19,8,4,0,0,1,0,0,0,0,1,1,1,1,1,51,8,-1,-1,-1,-1,7,E01016402,0,1
2024061445186,2024,061445186,1,9,0,-1,2,7,3,-1,0,1,0,0,0,0,1,1,-1,6,3,-1,-1,-1,-1,-1,-1,-1,-1,0,-1
2024351417968,2024,351417968,1,9,0,-1,-1,-1,-1,-1,-1,0,-1,-1,-1,0,-1,1,-1,6,3,-1,-1,-1,-1,-1,-1,-1,-1,0,-1
2024122500505,2024,122500505,2,1,0,9,9,7,5,0,0,1,0,0,0,0,3,1,6,6,1,21,5,-1,-1,-1,-1,-1,-1,0,-1
2024061497025,2024,061497025,2,1,0,-1,19,3,7,-1,0,0,0,0,0,0,3,1,-1,1,1,9,2,-1,-1,-1,-1,1,E01005135,0,1
2024010534248,2024,010534248,1,1,9,99,99,9,9,99,99,9,9,99,9,99,9,1,1,1,1,54,8,-1,-1,-1,-1,4,E01003180,0,3
2024010491001,2024,010491001,2,1,0,18,19,1,5,4,4,8,0,0,0,0,1,1,6,6,1,34,6,-1,-1,-1,-1,3,E01001589,0,1
2024010532384,2024,010532384,1,1,9,99,99,9,9,99,99,9,9,99,9,99,9,1,2,2,1,34,6,-1,-1,-1,-1,10,E01003805,0,1
2024991462842,2024,991462842,2,9,0,-1,19,8,4,-1,0,0,0,0,0,0,3,1,-1,6,2,53,8,-1,-1,-1,-1,8,-1,0,1
2024052402204,2024,052402204,1,9,0,4,4,1,5,0,0,1,0,0,0,0,2,1,6,6,1,-1,-1,-1,-1,-1,-1,1,E01006880,0,1
2024430102404,2024,430102404,2,9,0,18,19,5,1,0,0,1,0,0,0,0,1,1,6,6,1,-1,-1,-1,-1,-1,-1,-1,-1,0,-1
2024141425855,2024,141425855,1,1,0,-1,5,7,3,-1,0,0,5,0,0,0,1,1,-1,2,1,30,6,-1,-1,-1,-1,10,E01007936,0,1
2024522402846,2024,522402846,2,21,1,18,19,2,6,0,0,0,0,0,0,0,1,1,6,6,3,-1,-1,-1,-1,-1,-1,-1,-1,0,-1
2024010543570,2024,010543570,1,1,9,99,99,9,9,2,2,9,9,99,9,99,9,1,2,2,1,49,8,-1,-1,-1,-1,2,E01004236,0,1
2024131419543,2024,131419543,1,9,0,-1,2,7,3,-1,0,0,0,0,0,0,1,1,-1,9,1,75,10,-1,-1,-1,-1,8,E01010861,0,1
2024501398519,2024,501398519,2,9,0,-1,19,4,8,-1,0,0,1,0,0,0,1,1,-1,9,1,18,4,-1,-1,-1,-1,4,E01018926,0,2
2024010516697,2024,010516697,1,1,9,99,99,9,9,99,99,9,9,99,9,99,9,1,6,6,1,20,4,-1,-1,-1,-1,5,E01000131,0,1
2024041481647,2024,041481647,1,9,0,-1,19,7,3,-1,9,0,0,0,0,0,1,9,-1,6,3,-1,-1,-1,-1,-1,-1,-1,-1,0,-1
2024010487438,2024,010487438,1,-1,0,99,99,9,9,99,99,9,9,99,9,99,1,9,6,6,3,-1,-1,-1,-1,-1,-1,-1,-1,1,-1
2024010493026,2024,010493026,1,19,0,18,19,7,3,0,0,0,0,0,0,0,2,1,1,1,1,22,5,-1,-1,-1,-1,3,E01002243,0,3
2024520401957,2024,520401957,1,3,0,18,19,7,3,0,0,8,0,0,0,0,3,1,6,6,2,49,8,-1,-1,-1,-1,2,E01029291,0,1
2024010503756,2024,010503756,2,9,0,99,99,9,9,99,99,0,9,99,9,99,1,9,6,6,3,-1,-1,-1,-1,-1,-1,3,E01035660,0,1
2024430204111,2024,430204111,2,1,0,18,19,4,8,0,0,3,0,0,0,0,1,1,6,6,1,75,10,-1,-1,-1,-1,-1,-1,0,-1
2024201515328,2024,201515328,1,9,0,-1,1,1,5,-1,2,1,0,0,0,0,2,9,-1,6,3,-1,-1,-1,-1,-1,-1,-1,-1,0,-1
2024451453009,2024,451453009,2,1,0,-1,19,1,5,-1,0,0,0,0,0,0,1,1,-1,9,2,39,7,-1,-1,-1,-1,8,E01030704,0,1
2024161428249,2024,161428249,1,1,0,-1,19,2,6,-1,0,0,0,0,0,0,2,1,-1,6,1,31,6,-1,-1,-1,-1,1,E01012864,0,1
2024010524113,2024,010524113,2,9,0,99,99,9,9,99,99,9,9,99,9,99,2,9,6,6,3,-1,-1,-1,-1,-1,-1,6,E01004474,0,1
2024010549781,2024,010549781,2,9,0,99,99,9,9,99,99,9,9,99,9,99,9,9,6,6,3,-1,-1,-1,-1,-1,-1,-1,-1,0,-1
2024201397807,2024,201397807,1,9,0,-1,19,2,6,-1,2,0,0,0,0,0,1,1,-1,6,3,-1,-1,-1,-1,-1,-1,-1,-1,0,-1
2024010487454,2024,010487454,1,9,0,99,99,9,9,99,99,9,9,99,9,99,1,9,6,6,3,-1,-1,-1,-1,-1,-1,-1,-1,0,-1
2024010489396,2024,010489396,1,19,0,9,9,1,6,4,4,5,0,0,0,0,1,2,1,1,1,38,7,-1,-1,-1,-1,3,E01003536,0,3
2024552401426,2024,552401426,2,5,0,18,19,6,2,0,0,8,0,0,0,0,1,1,1,1,1,48,8,-1,-1,-1,-1,6,E01022656,0,4
2024501470599,2024,501470599,2,1,0,-1,19,4,8,-1,4,0,5,0,0,0,1,1,-1,6,1,14,3,-1,-1,-1,-1,5,E01019992,0,1
2024332400793,2024,332400793,1,9,0,-1,14,5,1,-1,0,0,0,0,0,0,3,1,-1,6,1,58,9,-1,-1,-1,-1,6,E01025657,0,1
2024351528268,2024,351528268,1,9,-1,-1,-1,-1,-1,-1,-1,0,-1,-1,-1,0,-1,9,-1,6,1,-1,-1,-1,-1,-1,-1,-1,-1,0,-1
2024991424748,2024,991424748,1,23,0,-1,19,1,5,-1,0,1,1,0,0,0,2,1,-1,6,1,14,3,-1,-1,-1,-1,7,-1,0,1
2024010513728,2024,010513728,1,9,0,13,13,7,3,0,0,8,0,0,0,0,1,1,6,6,3,-1,-1,-1,-1,-1,-1,-1,-1,0,-1
2024010541337,2024,010541337,2,9,0,18,19,5,1,0,0,0,0,0,0,0,1,1,6,6,1,23,5,-1,-1,-1,-1,3,E01034141,0,1
2024440494548,2024,440494548,2,9,0,5,5,2,6,0,0,8,0,0,0,0,3,1,6,6,2,19,4,-1,-1,-1,-1,4,E01017258,0,1
2024070666345,2024,070666345,2,9,0,-1,-1,1,7,0,0,8,1,0,0,0,1,1,6,6,2,40,7,-1,-1,-1,-1,9,E01018492,0,1
2024122401271,2024,122401271,2,9,0,18,19,7,3,0,0,0,0,0,1,0,1,1,6,6,1,54,8,-1,-1,-1,-1,9,E01034759,0,4
2024041443497,2024,041443497,1,9,0,-1,19,1,5,-1,0,8,0,0,0,0,1,1,-1,1,1,22,5,-1,-1,-1,-1,3,E01025234,0,4
2024010501788,2024,010501788,1,9,0,18,19,3,7,0,0,1,0,0,0,0,1,1,6,6,3,-1,-1,-1,-1,-1,-1,-1,-1,0,-1
2024401463242,2024,401463242,3,19,0,-1,19,6,2,-1,0,0,0,0,0,0,0,9,-1,6,1,30,6,-1,-1,-1,-1,-1,-1,0,-1
2024421510265,2024,421510265,1,9,0,-1,9,3,1,-1,0,8,0,0,0,0,1,9,-1,6,2,35,6,-1,-1,-1,-1,-1,-1,0,-1
2024430117495,2024,430117495,2,9,0,1,1,1,5,0,0,0,0,0,0,0,3,1,6,6,1,-1,-1,-1,-1,-1,-1,-1,-1,0,-1
2024201456939,2024,201456939,2,1,0,-1,13,4,8,-1,0,8,0,0,0,0,2,1,-1,1,1,28,6,-1,-1,-1,-1,2,E01009389,0,1
2024010496961,2024,010496961,1,1,9,99,99,9,9,99,99,9,9,99,9,99,9,1,2,2,1,58,9,-1,-1,-1,-1,4,E01004329,0,1
2024430289887,2024,430289887,2,3,0,18,19,2,6,0,0,8,0,0,0,0,1,1,6,6,1,44,7,-1,-1,-1,-1,7,E01016778,0,1
2024010531963,2024,010531963,1,1,9,5,5,9,9,99,99,9,9,99,9,99,9,1,6,6,1,63,9,-1,-1,-1,-1,7,E01001290,0,1
2024010510346,2024,010510346,1,1,9,99,99,9,9,99,99,9,9,99,9,99,9,1,2,2,1,23,5,-1,-1,-1,-1,6,E01002602,0,1
2024101493235,2024,101493235,2,9,0,-1,19,4,8,-1,0,1,0,0,0,0,1,1,-1,6,1,71,10,-1,-1,-1,-1,6,-1,0,4
2024440134490,2024,440134490,2,1,0,18,19,8,4,0,0,1,0,0,0,0,4,1,6,6,1,57,9,-1,-1,-1,-1,4,E01017319,0,1
2024010490251,2024,010490251,1,11,0,9,9,7,5,0,0,8,0,0,0,0,1,1,1,1,1,46,8,-1,-1,-1,-1,4,E01001336,0,1
2024010497385,2024,010497385,2,9,0,99,99,9,9,99,99,0,9,99,9,99,1,9,6,6,3,42,7,-1,-1,-1,-1,2,E01034471,0,1
2024061516854,2024,061516854,3,1,0,-1,19,3,7,-1,0,8,0,0,0,0,1,1,-1,2,1,45,7,-1,-1,-1,-1,10,E01005717,0,3
2024010543837,2024,010543837,2,9,9,99,99,9,9,99,99,9,9,99,9,99,9,9,6,6,3,-1,-1,-1,-1,-1,-1,-1,-1,0,-1
2024052400676,2024,052400676,1,9,0,18,19,1,5,0,0,0,0,0,0,0,1,1,6,6,3,-1,-1,-1,-1,-1,-1,-1,-1,0,-1
2024131413690,2024,131413690,2,1,0,-1,5,6,2,-1,9,0,0,0,0,0,3,1,-1,9,1,34,6,-1,-1,-1,-1,3,E01010652,0,1
2024010543066,2024,010543066,1,1,9,99,99,9,9,99,99,9,9,99,9,99,9,1,2,2,1,38,7,-1,-1,-1,-1,3,E01003221,0,1
2024010489308,2024,010489308,1,9,0,99,99,9,9,99,99,9,9,99,9,99,2,9,2,2,2,57,9,-1,-1,-1,-1,7,E01000288,0,1
2024061502279,2024,061502279,1,9,0,-1,4,-1,-1,-1,0,0,0,0,0,0,2,1,-1,9,1,33,6,-1,-1,-1,-1,2,E01006298,0,1
2024421447160,2024,421447160,1,8,0,-1,19,2,6,-1,0,0,0,0,0,0,1,9,-1,1,1,-1,-1,-1,-1,-1,-1,-1,-1,0,-1
2024052400172,2024,052400172,1,19,0,18,19,5,1,0,0,6,0,0,0,0,1,1,6,6,1,42,7,-1,-1,-1,-1,-1,-1,0,-1
2024111435202,2024,111435202,1,9,0,-1,1,3,7,-1,0,0,0,0,0,0,2,9,-1,6,3,30,6,-1,-1,-1,-1,-1,-1,0,-1
2024351515698,2024,351515698,2,1,0,-1,5,3,7,-1,0,4,0,0,0,0,4,1,-1,9,2,64,9,-1,-1,-1,-1,7,E01015627,0,1
2024010497009,2024,010497009,1,3,0,99,99,9,9,99,99,9,9,99,9,99,9,1,1,1,1,40,7,-1,-1,-1,-1,7,E01024129,0,4
2024071033587,2024,071033587,1,9,0,-1,19,7,3,-1,0,0,1,11,0,4,1,1,-1,9,1,31,6,-1,-1,-1,-1,10,E01018693,0,3
2024010491397,2024,010491397,2,3,0,18,19,3,7,0,0,4,0,0,0,0,4,1,6,6,2,29,6,-1,-1,-1,-1,-1,-1,0,-1
2024610045424,2024,610045424,2,1,0,18,19,2,6,0,0,8,0,0,0,0,1,1,6,6,1,46,8,-1,-1,-1,-1,8,W01001397,0,1
2024010529652,2024,010529652,1,-1,0,3,3,5,1,0,0,1,0,0,0,0,4,1,2,2,1,50,8,-1,-1,-1,-1,4,E01003074,1,1
2024010540946,2024,010540946,3,1,9,99,99,9,9,99,99,9,9,99,9,99,9,1,6,6,3,-1,-1,-1,-1,-1,-1,-1,-1,0,-1
2024520002774,2024,520002774,1,9,0,9,9,8,5,0,0,5,0,0,0,0,1,1,6,6,1,53,8,-1,-1,-1,-1,6,E01035210,0,1
2024010496560,2024,010496560,2,21,0,99,99,9,9,99,99,0,9,99,9,99,1,9,6,6,1,47,8,-1,-1,-1,-1,2,E01003832,0,4
2024520401780,2024,520401780,1,1,0,18,19,2,6,0,0,0,0,0,0,0,2,1,6,6,1,74,10,-1,-1,-1,-1,9,E01020054,0,3
2024351479549,2024,351479549,2,1,0,-1,19,7,3,-1,2,6,0,0,0,0,1,1,-1,1,1,32,6,-1,-1,-1,-1,6,E01018169,0,1
2024061506051,2024,061506051,2,9,0,-1,99,-1,-1,-1,0,4,9,0,0,0,1,1,-1,6,3,-1,-1,-1,-1,-1,-1,-1,-1,0,-1
2024552400866,2024,552400866,2,1,0,15,15,4,8,0,0,8,0,0,0,0,1,1,2,2,2,32,6,-1,-1,-1,-1,7,E01033286,0,1
2024010528260,2024,010528260,2,19,0,99,99,9,9,99,99,9,9,99,9,99,9,9,6,6,3,-1,-1,-1,-1,-1,-1,-1,-1,0,-1
2024161402741,2024,161402741,1,9,0,-1,19,6,2,-1,0,1,0,0,0,0,1,1,-1,9,1,33,6,-1,-1,-1,-1,8,E01012911,0,1
2024421401899,2024,421401899,1,98,0,-1,19,1,5,-1,0,0,0,0,0,0,4,9,-1,6,1,-1,-1,-1,-1,-1,-1,-1,-1,0,-1
2024141419606,2024,141419606,2,9,0,-1,9,1,7,-1,0,0,0,0,0,0,0,9,-1,6,3,-1,-1,-1,-1,-1,-1,-1,-1,0,-1
2024430450156,2024,430450156,1,9,0,9,9,8,6,0,0,5,0,0,0,0,3,1,6,6,2,75,10,-1,-1,-1,-1,8,E01028716,0,1
2024010510423,2024,010510423,2,1,0,18,19,5,1,5,5,1,0,0,0,0,1,1,1,1,1,23,5,-1,-1,-1,-1,2,E01003500,0,1
2024461396123,2024,461396123,2,9,0,-1,5,3,7,-1,0,1,0,0,0,0,1,1,-1,6,1,30,6,-1,-1,-1,-1,-1,-1,0,-1
2024430207826,2024,430207826,2,1,0,18,19,1,5,4,4,0,1,0,0,0,1,1,2,2,2,21,5,-1,-1,-1,-1,9,E01035742,0,1
2024061448995,2024,061448995,2,1,0,-1,19,-1,-1,-1,9,9,0,0,0,0,9,1,-1,6,1,-1,-1,-1,-1,-1,-1,9,E01005572,0,1
2024101524620,2024,101524620,2,9,0,-1,9,5,1,-1,0,0,0,0,0,0,3,1,-1,9,2,50,8,-1,-1,-1,-1,2,E01008401,0,3
2024421465465,2024,421465465,2,21,1,-1,2,3,7,-1,0,0,0,0,0,0,2,2,-1,1,1,46,8,-1,-1,-1,-1,-1,-1,0,-1
2024522402325,2024,522402325,1,19,0,18,19,9,9,0,0,0,0,0,0,0,9,1,6,6,3,-1,-1,-1,-1,-1,-1,-1,-1,0,-1
2024141394319,2024,141394319,2,9,0,-1,-1,-1,-1,-1,-1,0,-1,-1,-1,0,-1,9,-1,6,2,-1,-1,-1,-1,-1,-1,-1,-1,0,-1
2024430449173,2024,430449173,1,9,0,18,19,8,4,0,0,0,0,0,0,0,2,1,2,2,2,52,8,-1,-1,-1,-1,4,E01016400,0,1
2024161523451,2024,161523451,1,9,0,-1,19,4,3,-1,0,1,0,0,0,0,1,1,-1,9,1,17,4,-1,-1,-1,-1,8,E01013321,0,1
2024430207843,2024,430207843,2,8,0,18,19,3,7,0,0,2,0,0,0,0,2,1,6,6,2,-1,-1,-1,-1,-1,-1,-1,-1,0,-1
2024440270055,2024,440270055,2,9,0,18,19,5,1,0,0,0,0,0,0,0,4,1,6,6,2,-1,-1,-1,-1,-1,-1,-1,-1,0,-1
2024010533703,2024,010533703,1,1,0,18,19,5,1,0,0,1,0,0,0,0,0,1,6,6,1,48,8,-1,-1,-1,-1,3,E01002797,0,1
2024522401835,2024,522401835,1,1,0,18,19,5,1,0,0,8,0,0,0,0,1,1,6,6,1,29,6,-1,-1,-1,-1,2,E01014694,0,1
2024010523516,2024,010523516,2,9,9,99,99,9,9,99,99,9,9,99,9,99,9,9,6,6,3,-1,-1,-1,-1,-1,-1,-1,-1,0,-1
2024351529275,2024,351529275,2,1,0,-1,19,1,5,-1,0,0,0,0,0,0,0,1,-1,6,1,51,8,-1,-1,-1,-1,9,E01017950,0,1
2024122401040,2024,122401040,2,3,0,17,19,8,5,0,0,0,0,0,0,0,1,1,6,6,1,50,8,-1,-1,-1,-1,-1,-1,0,-1
2024430482555,2024,430482555,1,3,0,14,14,8,4,0,0,2,0,0,0,0,4,1,1,1,1,30,6,-1,-1,-1,-1,9,E01035268,0,2
2024131472152,2024,131472152,1,9,0,-1,-1,-1,-1,-1,-1,0,-1,-1,-1,-1,-1,1,-1,6,3,-1,-1,-1,-1,-1,-1,-1,-1,0,-1
2024522500236,2024,522500236,2,9,0,13,13,8,4,0,0,1,0,0,0,0,1,1,6,6,3,-1,-1,-1,-1,-1,-1,-1,-1,0,-1
2024430038306,2024,430038306,2,9,0,18,19,6,2,0,0,0,0,0,0,0,1,1,6,6,1,26,6,-1,-1,-1,-1,2,E01014842,0,4
2024631517319,2024,631517319,3,9,0,-1,19,6,2,-1,0,0,0,0,0,0,0,1,-1,6,1,33,6,-1,-1,-1,-1,3,E01005149,0,5
2024131447688,2024,131447688,2,9,0,-1,19,1,5,-1,0,1,0,0,0,0,1,1,-1,2,1,75,10,-1,-1,-1,-1,2,E01011914,0,2
2024010510435,2024,010510435,2,1,0,18,19,5,1,0,0,1,0,0,0,0,1,1,6,6,1,24,5,-1,-1,-1,-1,2,E01035664,0,1
2024010547566,2024,010547566,1,1,9,99,99,9,9,99,99,9,9,99,9,99,9,1,2,2,1,56,9,-1,-1,-1,-1,8,E01000246,0,1
2024430074943,2024,430074943,1,3,0,18,19,7,3,0,0,8,0,0,0,0,1,1,1,1,1,28,6,-1,-1,-1,-1,4,E01017904,0,1
2024231477767,2024,231477767,2,1,0,-1,19,4,8,-1,0,6,0,0,0,0,3,1,-1,6,2,26,6,-1,-1,-1,-1,2,E01031075,0,1
2024430044758,2024,430044758,1,9,0,3,3,2,6,0,0,3,0,0,0,0,4,1,6,6,2,29,6,-1,-1,-1,-1,-1,-1,0,-1
2024010487863,2024,010487863,1,8,9,99,99,9,9,99,99,9,9,99,0,0,9,9,6,6,3,61,9,-1,-1,-1,-1,4,E01004034,0,2
2024522402399,2024,522402399,1,1,0,18,19,9,9,0,0,8,0,0,0,0,9,1,6,6,1,22,5,-1,-1,-1,-1,3,E01014690,0,2
2024041500805,2024,041500805,3,1,0,-1,19,3,1,-1,0,0,5,0,0,0,3,1,-1,9,1,65,9,-1,-1,-1,-1,5,E01025024,0,3
2024010547364,2024,010547364,2,9,0,99,99,9,9,99,99,6,9,99,9,99,1,9,6,6,3,-1,-1,-1,-1,-1,-1,-1,-1,0,-1
2024131530802,2024,131530802,1,9,0,-1,19,5,1,-1,0,0,0,0,1,7,1,1,-1,6,1,80,11,-1,-1,-1,-1,-1,-1,0,-1
2024302401335,2024,302401335,2,1,0,9,9,8,6,0,0,8,0,0,0,0,4,1,6,6,1,53,8,-1,-1,-1,-1,8,E01019839,0,1
2024010521148,2024,010521148,1,1,0,-1,-1,5,1,0,0,0,0,4,0,0,1,1,6,6,1,44,7,-1,-1,-1,-1,2,E01001172,0,1
2024991472058,2024,991472058,2,1,0,-1,19,2,6,-1,0,0,0,0,0,0,2,1,-1,9,1,27,6,-1,-1,-1,-1,1,-1,0,1
2024122401174,2024,122401174,2,1,0,18,19,3,7,9,9,0,0,0,0,0,4,1,6,6,1,10,2,-1,-1,-1,-1,6,E01013398,0,1
2024991470705,2024,991470705,1,90,0,-1,4,7,3,-1,0,1,1,0,0,0,0,1,-1,2,1,16,4,-1,-1,-1,-1,-1,-1,0,-1
2024010520005,2024,010520005,2,1,9,99,99,9,9,99,99,9,9,99,9,99,2,1,1,1,1,20,4,-1,-1,-1,-1,3,E01000222,0,2
2024070865019,2024,070865019,2,1,0,-1,19,2,6,-1,0,8,0,0,0,0,3,1,-1,6,1,26,6,-1,-1,-1,-1,7,E01035380,0,1
2024610050124,2024,610050124,3,9,0,18,19,7,3,0,0,0,0,0,0,0,1,1,2,2,1,39,7,-1,-1,-1,-1,4,W01001964,0,4
2024440002786,2024,440002786,1,9,0,18,19,6,2,0,0,0,0,0,0,0,1,1,2,2,2,24,5,-1,-1,-1,-1,4,E01022579,0,2
2024131438248,2024,131438248,1,11,0,-1,-1,-1,-1,-1,-1,0,-1,-1,-1,-1,-1,1,-1,6,3,-1,-1,-1,-1,-1,-1,-1,-1,0,-1
2024440286083,2024,440286083,2,9,0,18,19,1,5,0,0,0,0,0,0,0,3,1,6,6,3,-1,-1,-1,-1,-1,-1,-1,-1,0,-1
2024361496333,2024,361496333,3,1,0,-1,19,7,2,-1,0,8,0,0,0,0,0,1,-1,9,1,8,2,-1,-1,-1,-1,7,E01026881,0,1
2024131408693,2024,131408693,2,9,0,-1,9,3,1,-1,0,6,0,0,0,0,3,1,-1,9,2,31,6,-1,-1,-1,-1,7,E01010876,0,2
2024430396890,2024,430396890,2,1,0,18,19,4,8,9,9,8,1,0,0,0,1,1,6,6,3,28,6,-1,-1,-1,-1,10,E01028573,0,1
2024546258624,2024,546258624,5,9,0,2,2,0,0,0,0,2,0,0,0,0,1,1,6,6,3,-1,-1,-1,-1,-1,-1,-1,-1,0,-1
2024010525662,2024,010525662,3,9,0,2,2,0,0,0,0,1,0,0,1,0,3,1,6,6,3,-1,-1,-1,-1,-1,-1,-1,-1,0,-1
2024440513238,2024,440513238,1,9,0,18,19,2,6,0,0,6,0,0,0,0,1,1,6,6,3,-1,-1,-1,-1,-1,-1,-1,-1,0,-1
2024052400388,2024,052400388,1,-1,0,18,19,7,3,0,0,8,0,0,0,0,1,1,6,6,2,32,6,-1,-1,-1,-1,1,E01006662,1,2
2024101490896,2024,101490896,1,98,-1,-1,19,3,7,-1,0,0,0,0,0,0,1,9,-1,6,1,-1,-1,-1,-1,-1,-1,-1,-1,0,-1
2024440488102,2024,440488102,1,9,0,18,19,2,6,0,0,0,0,0,0,0,1,1,6,6,3,-1,-1,-1,-1,-1,-1,-1,-1,0,-1
2024461430691,2024,461430691,1,19,0,-1,4,6,3,-1,0,0,0,0,0,0,1,9,-1,6,1,-1,-1,-1,-1,-1,-1,1,E01024682,0,4
2024520402680,2024,520402680,1,5,0,16,19,1,4,0,0,0,0,0,0,0,1,1,6,6,1,53,8,-1,-1,-1,-1,7,E01035108,0,3
2024451405943,2024,451405943,1,9,0,-1,19,1,5,-1,0,0,0,0,0,0,2,9,-1,6,3,45,7,-1,-1,-1,-1,-1,-1,0,-1
2024421459045,2024,421459045,2,1,0,-1,19,7,3,-1,0,8,2,0,0,0,1,1,-1,9,2,51,8,-1,-1,-1,-1,3,E01022054,0,1
2024361520387,2024,361520387,1,9,0,-1,11,5,3,-1,0,0,0,0,0,0,1,1,-1,2,1,52,8,-1,-1,-1,-1,5,E01026873,0,3
2024531484965,2024,531484965,1,9,0,-1,5,2,6,-1,0,1,0,0,0,0,4,9,-1,6,1,81,11,-1,-1,-1,-1,7,E01014864,0,4
2024031511638,2024,031511638,2,9,0,-1,2,0,0,-1,0,0,0,4,1,0,1,1,-1,6,-1,-1,-1,-1,-1,-1,-1,-1,-1,0,-1
202417M300724,2024,17M300724,1,9,0,18,19,3,7,0,0,0,0,0,0,0,1,1,1,1,1,22,5,-1,-1,-1,-1,4,E01035201,0,2
2024010490400,2024,010490400,2,9,9,99,99,9,9,99,99,9,9,99,9,99,9,9,6,6,3,-1,-1,-1,-1,-1,-1,-1,-1,0,-1
2024010494768,2024,010494768,2,9,0,18,19,5,1,0,0,7,1,0,0,0,1,1,6,6,1,28,6,-1,-1,-1,-1,5,E01000471,0,1
2024201499373,2024,201499373,1,9,0,-1,19,7,3,-1,0,1,0,0,0,0,1,9,-1,6,1,30,6,-1,-1,-1,-1,-1,-1,0,-1
2024471512448,2024,471512448,1,1,0,-1,19,1,5,-1,0,1,0,0,0,0,1,1,-1,9,1,55,8,-1,-1,-1,-1,10,E01016984,0,1
2024991470970,2024,991470970,1,9,0,-1,19,5,1,-1,0,0,2,0,7,4,3,1,-1,9,1,42,7,-1,-1,-1,-1,5,-1,0,5
2024332400924,2024,332400924,1,19,0,-1,19,2,6,-1,0,8,0,0,0,0,4,1,-1,1,1,61,9,-1,-1,-1,-1,3,E01013681,0,1
2024201525237,2024,201525237,2,1,0,-1,19,6,2,-1,0,8,0,0,0,0,1,1,-1,6,1,20,4,-1,-1,-1,-1,1,E01010053,0,2
2024010506532,2024,010506532,1,1,9,99,99,9,9,99,99,2,9,99,9,99,1,1,6,6,2,25,5,-1,-1,-1,-1,6,E01004475,0,1
2024122400659,2024,122400659,2,1,0,18,19,3,7,0,0,8,0,0,0,0,1,1,6,6,1,34,6,-1,-1,-1,-1,2,E01013448,0,1
2024122500454,2024,122500454,2,9,0,18,19,1,5,0,0,1,2,0,1,10,3,1,6,6,2,37,7,-1,-1,-1,-1,4,E01027803,0,1
2024071065577,2024,071065577,1,9,0,-1,19,9,9,-1,0,1,-1,-1,0,0,3,9,-1,6,3,-1,-1,-1,-1,-1,-1,-1,-1,0,-1
2024061433606,2024,061433606,2,-1,0,-1,-1,-1,-1,-1,-1,-1,-1,-1,-1,0,-1,1,-1,6,3,-1,-1,-1,-1,-1,-1,-1,-1,0,-1
2024501530336,2024,501530336,2,3,0,-1,2,0,0,-1,0,-1,5,0,0,0,-1,1,-1,6,1,32,6,-1,-1,-1,-1,4,E01015142,0,1
2024010496102,2024,010496102,1,9,0,99,99,9,9,99,99,9,9,99,9,99,2,9,6,6,1,34,6,-1,-1,-1,-1,5,E01002611,0,1