collision_index,collision_year,collision_ref_no,vehicle_reference,vehicle_type,towing_and_articulation,vehicle_manoeuvre_historic,vehicle_manoeuvre,vehicle_direction_from,vehicle_direction_to,vehicle_location_restricted_lane_historic,vehicle_location_restricted_lane,junction_location,skidding_and_overturning,hit_object_in_carriageway,vehicle_leaving_carriageway,hit_object_off_carriageway,first_point_of_impact,vehicle_left_hand_drive,journey_purpose_of_driver_historic,journey_purpose_of_driver,sex_of_driver,age_of_driver,age_band_of_driver,engine_capacity_cc,propulsion_code,age_of_vehicle,generic_make_model,driver_imd_decile,lsoa_of_driver,escooter_flag,driver_distance_banding
2024411429549,2024,411429549,2,1,0,-1,-1,-1,-1,-1,-1,0,-1,-1,-1,0,-1,1,-1,6,1,11,3,-1,-1,-1,-1,5,E01023828,0,1
2024141515219,2024,141515219,2,1,0,-1,19,4,1,-1,0,4,0,0,0,0,2,1,-1,6,1,14,3,-1,-1,-1,-1,3,E01007569,0,2
2024221487906,2024,221487906,2,1,0,-1,9,8,5,-1,0,5,0,0,0,0,4,1,-1,9,1,8,2,-1,-1,-1,-1,2,E01032437,0,1
2024610013824,2024,610013824,1,19,0,1,1,2,6,0,0,8,0,0,0,0,2,1,6,6,2,42,7,-1,-1,-1,-1,1,E01032518,0,4
2024231518545,2024,231518545,2,9,0,-1,13,8,4,-1,0,0,1,0,1,0,0,9,-1,6,1,53,8,-1,-1,-1,-1,-1,-1,0,-1
2024631477168,2024,631477168,2,9,0,-1,19,3,7,-1,0,0,0,0,0,0,1,1,-1,6,3,-1,-1,-1,-1,-1,-1,-1,-1,0,-1
2024010499397,2024,010499397,2,1,0,13,13,4,8,0,0,8,0,0,0,0,0,1,6,6,3,23,5,-1,-1,-1,-1,-1,-1,0,-1
2024461533094,2024,461533094,3,9,0,-1,2,0,0,-1,0,0,0,0,0,0,2,1,-1,9,1,53,8,-1,-1,-1,-1,2,E01024633,0,1
2024161434449,2024,161434449,1,1,0,-1,19,2,6,-1,0,0,0,0,0,0,4,1,-1,7,1,13,3,-1,-1,-1,-1,3,E01012774,0,1
2024991467590,2024,991467590,1,9,0,-1,19,6,2,-1,0,0,0,0,0,0,1,1,-1,6,1,20,4,-1,-1,-1,-1,1,-1,0,2
2024471407238,2024,471407238,2,-1,0,-1,19,3,7,-1,0,1,0,0,0,0,4,1,-1,6,3,14,3,-1,-1,-1,-1,-1,-1,1,-1
2024411519265,2024,411519265,2,9,-1,-1,-1,-1,-1,-1,-1,0,-1,-1,-1,0,-1,9,-1,6,3,-1,-1,-1,-1,-1,-1,-1,-1,0,-1
2024302401414,2024,302401414,1,1,0,18,19,3,7,0,0,0,0,0,0,0,1,1,6,6,3,-1,-1,-1,-1,-1,-1,5,E01019456,0,3
2024631415206,2024,631415206,1,9,0,-1,19,1,4,-1,0,1,1,0,0,0,1,1,-1,6,3,-1,-1,-1,-1,-1,-1,-1,-1,0,-1
2024101520960,2024,101520960,1,1,0,-1,15,5,1,-1,0,0,0,0,0,0,0,1,-1,6,3,-1,-1,-1,-1,-1,-1,-1,-1,0,-1
2024610013424,2024,610013424,4,8,0,18,19,8,4,0,0,1,0,0,0,0,1,1,6,6,1,31,6,-1,-1,-1,-1,3,W01001348,0,2
2024010499776,2024,010499776,1,1,9,18,19,9,9,99,99,1,9,99,9,99,1,1,2,2,1,25,5,-1,-1,-1,-1,6,E01001245,0,1
2024201584334,2024,201584334,1,9,0,-1,19,3,7,-1,0,0,0,0,0,0,1,9,-1,6,3,-1,-1,-1,-1,-1,-1,-1,-1,0,-1
2024302400563,2024,302400563,2,1,0,9,9,6,4,0,0,8,0,0,0,0,3,1,6,6,1,21,5,-1,-1,-1,-1,5,E01019428,0,3
2024340WN2792,2024,340WN2792,2,9,0,-1,3,5,1,-1,0,1,0,0,0,0,2,1,-1,6,1,40,7,-1,-1,-1,-1,8,E01027160,0,1
2024101398781,2024,101398781,1,9,0,-1,19,1,5,-1,0,6,0,7,0,0,1,1,-1,6,2,87,11,-1,-1,-1,-1,7,E01008873,0,1
2024070332092,2024,070332092,1,19,0,5,5,1,5,0,0,0,0,0,0,0,1,1,6,6,1,-1,-1,-1,-1,-1,-1,-1,-1,0,-1
2024430190379,2024,430190379,1,11,0,18,19,6,2,0,0,0,0,0,0,0,1,1,1,1,3,-1,-1,-1,-1,-1,-1,-1,-1,0,-1
2024010515111,2024,010515111,1,9,0,99,99,9,9,99,99,9,9,99,9,99,2,9,6,6,2,25,5,-1,-1,-1,-1,10,E01028823,0,4
2024991484141,2024,991484141,2,98,0,-1,19,1,5,-1,0,8,0,0,0,0,1,1,-1,1,1,58,9,-1,-1,-1,-1,7,-1,0,1
2024010492102,2024,010492102,1,9,0,7,7,5,6,0,0,4,0,0,0,0,1,1,2,2,2,54,8,-1,-1,-1,-1,3,E01002552,0,1
2024010489854,2024,010489854,2,9,0,99,99,9,9,99,99,0,9,99,9,99,9,9,6,6,3,-1,-1,-1,-1,-1,-1,-1,-1,0,-1
2024440464081,2024,440464081,1,1,0,18,19,6,2,0,0,2,0,0,0,0,4,1,2,2,1,18,4,-1,-1,-1,-1,6,E01017212,0,1
2024421481556,2024,421481556,2,9,0,-1,19,6,2,-1,0,8,0,0,0,0,1,1,-1,9,1,18,4,-1,-1,-1,-1,8,E01021756,0,4
2024552400724,2024,552400724,2,1,0,18,19,7,3,0,0,0,0,0,0,0,3,1,6,6,1,32,6,-1,-1,-1,-1,7,E01015977,0,5
2024101497050,2024,101497050,2,1,0,-1,19,3,7,-1,0,0,0,0,0,0,3,1,-1,6,1,16,4,-1,-1,-1,-1,-1,-1,0,-1
2024010491413,2024,010491413,1,8,9,99,99,9,9,99,99,9,9,99,9,99,9,9,1,1,1,54,8,-1,-1,-1,-1,6,E01001312,0,1
202417S105824,2024,17S105824,2,9,0,-1,19,4,8,-1,0,0,0,0,0,0,1,1,-1,6,3,-1,-1,-1,-1,-1,-1,-1,-1,0,-1
2024302401708,2024,302401708,2,9,0,18,19,5,1,0,0,8,0,0,0,0,1,1,6,6,2,83,11,-1,-1,-1,-1,10,E01019641,0,1
2024010544622,2024,010544622,1,9,0,99,99,9,9,99,99,9,9,99,9,99,4,9,6,6,1,33,6,-1,-1,-1,-1,5,E01002369,0,2
2024010533357,2024,010533357,3,9,0,4,4,5,1,0,0,1,0,0,0,0,2,1,6,6,2,33,6,-1,-1,-1,-1,-1,-1,0,-1
2024010544556,2024,010544556,1,9,0,99,99,9,9,99,99,9,9,99,9,99,9,9,6,6,3,-1,-1,-1,-1,-1,-1,-1,-1,0,-1
2024351539380,2024,351539380,2,9,0,-1,19,4,8,-1,0,1,0,0,0,0,1,9,-1,6,3,-1,-1,-1,-1,-1,-1,-1,-1,0,-1
2024520401735,2024,520401735,1,9,0,18,19,6,2,0,0,0,0,0,0,0,9,1,6,6,3,-1,-1,-1,-1,-1,-1,-1,-1,0,-1
2024461515468,2024,461515468,1,1,0,-1,19,1,5,-1,0,0,0,0,1,0,2,1,-1,2,1,26,6,-1,-1,-1,-1,8,E01024203,0,1
2024548475024,2024,548475024,1,1,0,18,19,5,1,0,0,6,0,0,0,0,3,1,6,6,1,36,7,-1,-1,-1,-1,6,E01015478,0,1
202417M101224,2024,17M101224,2,9,0,3,3,1,5,0,0,0,0,0,0,0,3,1,2,2,1,31,6,-1,-1,-1,-1,1,E01012041,0,1
2024451471995,2024,451471995,1,11,0,-1,19,1,3,-1,0,0,0,0,0,0,0,9,-1,1,1,58,9,-1,-1,-1,-1,10,E01031672,0,3
2024010526090,2024,010526090,1,1,9,18,19,9,9,99,99,9,9,8,9,99,1,1,6,6,1,14,3,-1,-1,-1,-1,4,E01001370,0,1
2024522402786,2024,522402786,1,19,0,7,7,7,1,0,0,5,0,0,0,0,4,1,6,6,2,59,9,-1,-1,-1,-1,7,E01014864,0,2
2024501458563,2024,501458563,1,9,0,-1,19,8,3,-1,0,0,0,0,1,10,1,1,-1,6,1,22,5,-1,-1,-1,-1,5,E01020324,0,1
2024522402178,2024,522402178,1,9,0,18,19,6,1,0,0,8,0,0,0,0,1,1,6,6,1,34,6,-1,-1,-1,-1,7,E01014916,0,2
2024340WN5262,2024,340WN5262,2,9,0,-1,19,5,1,-1,0,0,2,0,1,4,1,1,-1,6,2,35,6,-1,-1,-1,-1,9,E01027006,0,3
2024531472713,2024,531472713,1,9,0,-1,5,-1,3,-1,0,1,0,0,0,0,1,9,-1,6,3,-1,-1,-1,-1,-1,-1,-1,-1,0,-1
2024471405839,2024,471405839,2,1,0,-1,19,1,5,-1,0,8,0,0,0,0,1,1,-1,6,1,72,10,-1,-1,-1,-1,10,E01020940,0,1
2024440527064,2024,440527064,2,9,0,4,4,5,1,0,0,1,0,0,0,0,1,1,6,6,1,32,6,-1,-1,-1,-1,2,E01023006,0,1
2024010513135,2024,010513135,1,9,9,99,99,9,9,99,99,0,9,99,0,0,9,1,6,6,3,-1,-1,-1,-1,-1,-1,-1,-1,0,-1
2024010516748,2024,010516748,1,1,0,18,19,7,3,0,0,0,0,0,0,0,1,1,6,6,1,16,4,-1,-1,-1,-1,4,E01021741,0,4
2024430154526,2024,430154526,1,9,0,9,9,4,2,0,0,5,0,0,0,0,4,1,2,2,1,42,7,-1,-1,-1,-1,9,E01002451,0,4
2024522402507,2024,522402507,2,9,0,13,13,2,6,0,0,1,0,0,0,0,4,1,6,6,3,-1,-1,-1,-1,-1,-1,-1,-1,0,-1
2024010526334,2024,010526334,2,1,0,5,5,5,1,0,0,8,0,0,0,0,0,1,6,6,2,23,5,-1,-1,-1,-1,3,E01003917,0,1
2024010530364,2024,010530364,1,19,0,99,99,9,9,99,99,9,9,99,9,99,2,9,6,6,3,-1,-1,-1,-1,-1,-1,-1,-1,0,-1
2024031521840,2024,031521840,2,9,0,-1,19,3,7,-1,0,0,1,0,1,0,2,2,-1,2,1,32,6,-1,-1,-1,-1,1,E01019157,0,3
2024211464246,2024,211464246,2,1,0,-1,3,4,8,-1,9,0,0,0,0,0,1,1,-1,9,1,12,3,-1,-1,-1,-1,10,E01029412,0,1
2024041473057,2024,041473057,2,9,0,-1,19,6,4,-1,0,8,0,0,0,0,3,1,-1,6,2,37,7,-1,-1,-1,-1,5,E01025598,0,1
2024401547393,2024,401547393,1,2,0,-1,19,5,1,-1,0,0,0,0,0,0,1,1,-1,6,1,22,5,-1,-1,-1,-1,6,E01017616,0,2
2024010527478,2024,010527478,2,1,0,18,19,8,4,1,1,1,0,0,0,0,2,1,6,6,1,21,5,-1,-1,-1,-1,3,E01000510,0,1
202417S308924,2024,17S308924,1,1,0,-1,19,3,4,-1,0,1,0,0,0,0,1,1,-1,9,1,15,3,-1,-1,-1,-1,2,E01012291,0,1
2024421541990,2024,421541990,1,1,0,-1,19,5,1,-1,0,0,0,0,0,0,3,1,-1,6,1,50,8,-1,-1,-1,-1,-1,-1,0,-1
2024041484729,2024,041484729,1,98,0,-1,19,5,1,-1,0,0,0,0,0,0,0,9,-1,6,1,-1,-1,-1,-1,-1,-1,-1,-1,0,-1
2024010494832,2024,010494832,1,9,0,4,4,3,7,0,0,2,0,0,0,0,2,1,2,2,1,37,7,-1,-1,-1,-1,7,E01032963,0,5
2024991409125,2024,991409125,1,9,0,-1,19,4,8,-1,0,0,2,0,1,0,1,1,-1,6,2,43,7,-1,-1,-1,-1,3,-1,0,1
2024461465629,2024,461465629,1,9,-1,-1,4,1,5,-1,0,4,0,0,0,0,-1,9,-1,6,3,-1,-1,-1,-1,-1,-1,-1,-1,0,-1
2024211478862,2024,211478862,1,9,0,-1,4,4,8,-1,0,0,0,0,0,0,2,1,-1,9,1,79,11,-1,-1,-1,-1,8,E01029713,0,2
2024010523249,2024,010523249,1,9,0,18,19,1,5,0,0,1,0,99,0,0,1,9,6,6,3,-1,-1,-1,-1,-1,-1,-1,-1,0,-1
2024440019380,2024,440019380,2,19,0,9,9,6,3,0,0,5,0,0,0,0,1,1,6,6,1,20,4,-1,-1,-1,-1,10,E01022931,0,1
202417M112024,2024,17M112024,1,-1,0,-1,19,2,6,-1,0,0,0,0,0,0,1,1,-1,6,1,-1,-1,-1,-1,-1,-1,-1,-1,1,-1
2024501477025,2024,501477025,2,1,0,-1,19,4,8,-1,0,0,0,0,0,0,4,1,-1,9,1,52,8,-1,-1,-1,-1,6,E01020329,0,3
2024522403335,2024,522403335,2,1,0,18,19,5,1,0,0,8,0,0,0,0,4,1,6,6,2,39,7,-1,-1,-1,-1,2,E01014806,0,1
2024302400363,2024,302400363,1,9,0,17,19,2,8,0,0,2,0,0,1,4,1,1,1,1,2,44,7,-1,-1,-1,-1,5,E01013515,0,1
2024010543941,2024,010543941,2,1,9,99,99,9,9,99,99,0,9,99,9,99,9,1,6,6,3,-1,-1,-1,-1,-1,-1,-1,-1,0,-1
2024520002250,2024,520002250,2,9,0,13,13,3,7,0,0,0,0,0,0,0,1,1,6,6,3,-1,-1,-1,-1,-1,-1,-1,-1,0,-1
2024010492590,2024,010492590,1,9,0,99,99,9,9,99,99,0,9,99,9,99,2,9,6,6,2,75,10,-1,-1,-1,-1,4,E01002313,0,1
2024440404249,2024,440404249,1,1,0,18,19,1,5,9,9,0,0,0,0,0,1,1,6,6,2,40,7,-1,-1,-1,-1,-1,-1,0,-1
2024070279249,2024,070279249,1,9,0,9,9,4,8,0,0,1,0,0,0,0,4,1,6,6,2,50,8,-1,-1,-1,-1,10,E01018468,0,4
2024010523583,2024,010523583,2,8,0,99,99,9,9,99,99,9,9,99,9,99,9,9,6,6,3,-1,-1,-1,-1,-1,-1,-1,-1,0,-1
2024131421200,2024,131421200,2,1,0,-1,9,6,2,-1,0,1,0,0,0,0,0,1,-1,9,2,29,6,-1,-1,-1,-1,1,E01010839,0,1
2024010540444,2024,010540444,2,9,0,99,99,9,9,99,99,9,9,99,9,99,9,9,6,6,3,-1,-1,-1,-1,-1,-1,-1,-1,0,-1
2024010501792,2024,010501792,1,11,0,18,19,1,5,2,2,1,0,0,0,0,0,1,1,1,1,62,9,-1,-1,-1,-1,-1,-1,0,-1
2024010542150,2024,010542150,2,1,0,15,15,1,5,4,4,1,0,0,0,0,1,1,6,6,1,22,5,-1,-1,-1,-1,5,E01001291,0,1
2024010522204,2024,010522204,2,1,9,99,99,9,9,99,99,9,9,99,9,99,9,1,6,6,3,-1,-1,-1,-1,-1,-1,-1,-1,0,-1
2024440493568,2024,440493568,1,1,0,18,19,2,6,0,0,8,0,0,0,0,1,1,2,2,1,50,8,-1,-1,-1,-1,5,E01023095,0,1
2024991547552,2024,991547552,1,9,0,-1,7,7,1,-1,0,1,0,0,0,0,1,2,-1,6,2,24,5,-1,-1,-1,-1,3,-1,0,2
2024010494534,2024,010494534,1,9,0,7,7,6,1,0,0,6,0,0,0,0,3,1,6,6,1,38,7,-1,-1,-1,-1,3,E01004263,0,1
2024201433742,2024,201433742,1,9,0,-1,15,7,3,-1,0,0,0,0,0,0,4,9,-1,9,3,-1,-1,-1,-1,-1,-1,-1,-1,0,-1
2024430098298,2024,430098298,1,9,0,18,19,4,8,0,0,0,0,0,0,0,3,1,6,6,1,32,6,-1,-1,-1,-1,5,E01009716,0,5
2024332400128,2024,332400128,1,19,0,-1,12,5,1,-1,0,0,0,0,0,0,0,1,-1,6,3,-1,-1,-1,-1,-1,-1,-1,-1,0,-1
2024061526069,2024,061526069,1,9,-1,-1,-1,-1,-1,-1,-1,8,-1,-1,-1,0,-1,9,-1,6,3,-1,-1,-1,-1,-1,-1,-1,-1,0,-1
2024010515862,2024,010515862,1,1,9,99,99,9,9,99,99,9,9,99,9,99,9,1,2,2,1,44,7,-1,-1,-1,-1,4,E01003118,0,1
2024361469625,2024,361469625,1,9,0,-1,19,7,3,-1,0,0,0,0,0,0,1,1,-1,9,1,37,7,-1,-1,-1,-1,7,E01033540,0,1
2024010492593,2024,010492593,2,9,0,99,99,9,9,99,99,9,9,99,9,99,9,9,6,6,3,-1,-1,-1,-1,-1,-1,-1,-1,0,-1
2024522403398,2024,522403398,2,9,0,5,5,6,2,8,6,0,0,0,0,0,3,1,6,6,3,-1,-1,-1,-1,-1,-1,-1,-1,0,-1
2024010551600,2024,010551600,2,1,0,18,19,5,1,0,0,1,0,4,1,0,1,1,6,6,1,17,4,-1,-1,-1,-1,3,E01002772,0,1
2024010500744,2024,010500744,1,1,9,99,99,9,9,99,99,2,9,99,9,99,9,1,6,6,2,59,9,-1,-1,-1,-1,3,E01001930,0,1
2024101420171,2024,101420171,3,11,0,-1,4,7,3,-1,0,1,0,0,0,0,2,9,-1,1,1,-1,-1,-1,-1,-1,-1,-1,-1,0,-1
2024131438862,2024,131438862,2,19,0,-1,19,5,1,-1,0,6,0,0,0,0,1,1,-1,6,1,52,8,-1,-1,-1,-1,8,E01011520,0,1
2024351499180,2024,351499180,2,1,0,-1,-1,-1,-1,-1,-1,0,-1,-1,-1,0,2,1,-1,9,2,56,9,-1,-1,-1,-1,7,E01018243,0,1
2024320092601,2024,320092601,2,9,0,-1,-1,7,3,0,0,1,0,0,0,0,3,1,-1,-1,1,59,9,-1,-1,-1,-1,6,E01026220,0,2
202417L501324,2024,17L501324,1,9,0,18,19,8,4,0,0,0,0,0,0,0,4,1,6,6,3,-1,-1,-1,-1,-1,-1,-1,-1,0,-1
2024440472971,2024,440472971,2,9,0,2,2,3,7,0,0,0,0,0,0,0,3,1,6,6,1,69,10,-1,-1,-1,-1,10,E01022573,0,4
2024101519114,2024,101519114,2,1,0,-1,19,1,5,-1,0,8,5,0,0,0,1,1,-1,6,1,24,5,-1,-1,-1,-1,7,E01008424,0,1
2024010491800,2024,010491800,1,3,0,99,99,9,9,99,99,9,9,99,9,99,9,1,2,2,1,20,4,-1,-1,-1,-1,2,E01000533,0,1
2024131478269,2024,131478269,1,90,5,-1,19,5,1,-1,0,1,0,4,0,0,1,9,-1,9,2,17,4,-1,-1,-1,-1,5,E01027892,0,4
2024010488228,2024,010488228,1,8,0,9,9,1,7,0,0,8,0,0,0,0,1,1,6,6,1,48,8,-1,-1,-1,-1,3,E01003326,0,2
2024122400617,2024,122400617,2,9,0,18,19,1,5,0,0,0,0,0,0,0,2,1,6,6,3,-1,-1,-1,-1,-1,-1,-1,-1,0,-1
2024031458413,2024,031458413,1,9,0,-1,4,8,5,-1,0,0,0,0,0,0,1,1,-1,6,3,50,8,-1,-1,-1,-1,-1,-1,0,-1
2024501526729,2024,501526729,2,9,0,-1,19,2,6,-1,0,1,1,0,0,0,1,1,-1,6,1,27,6,-1,-1,-1,-1,7,E01020214,0,1
2024010504271,2024,010504271,3,5,0,4,4,5,1,0,0,0,0,0,0,0,1,1,1,1,1,45,7,-1,-1,-1,-1,9,E01003669,0,1
202417M217724,2024,17M217724,1,-1,0,-1,19,8,4,-1,0,1,0,0,0,0,1,1,-1,9,1,20,4,-1,-1,-1,-1,-1,-1,1,-1
2024991491462,2024,991491462,2,1,0,-1,19,6,1,-1,0,0,2,1,0,0,1,1,-1,9,1,56,9,-1,-1,-1,-1,9,-1,0,4
2024430561719,2024,430561719,1,9,0,2,2,0,0,0,0,0,0,0,0,0,0,1,6,6,1,29,6,-1,-1,-1,-1,6,E01017828,0,1
2024520403123,2024,520403123,1,1,0,18,19,1,5,0,0,6,0,0,0,0,1,1,6,6,1,13,3,-1,-1,-1,-1,7,E01029089,0,1
2024070400141,2024,070400141,1,90,0,11,11,1,5,0,0,0,1,0,0,0,4,1,6,6,2,56,9,-1,-1,-1,-1,8,E01007154,0,4
2024010496606,2024,010496606,1,9,0,99,99,9,9,99,99,9,9,99,9,99,9,9,6,6,2,34,6,-1,-1,-1,-1,2,E01002545,0,1
2024430000667,2024,430000667,3,9,0,3,3,7,3,0,0,1,0,0,0,0,2,1,6,6,2,25,5,-1,-1,-1,-1,10,E01028594,0,4
2024010499916,2024,010499916,2,-1,0,18,19,7,3,0,0,0,5,0,0,0,3,1,6,6,1,57,9,-1,-1,-1,-1,3,E01002045,1,1
2024101473399,2024,101473399,2,11,0,-1,19,-1,-1,-1,0,1,0,0,0,0,0,1,-1,1,1,32,6,-1,-1,-1,-1,-1,-1,0,-1
2024430521844,2024,430521844,1,9,0,9,9,7,5,0,0,6,0,0,0,0,1,1,6,6,2,30,6,-1,-1,-1,-1,2,E01028576,0,1
2024010515138,2024,010515138,2,1,0,18,19,3,7,0,0,1,0,0,0,0,1,1,6,6,1,33,6,-1,-1,-1,-1,-1,-1,0,-1
2024231482610,2024,231482610,2,1,0,-1,9,5,3,-1,0,5,0,0,0,0,9,1,-1,2,1,32,6,-1,-1,-1,-1,4,E01031276,0,1
2024430124049,2024,430124049,1,9,0,3,3,2,6,0,0,1,0,0,0,0,2,1,6,6,1,41,7,-1,-1,-1,-1,5,E01017659,0,1
2024161428763,2024,161428763,1,97,0,-1,19,1,5,-1,0,0,0,0,7,4,1,1,-1,6,1,19,4,-1,-1,-1,-1,3,E01012839,0,1
2024141488163,2024,141488163,2,9,0,-1,9,2,7,-1,0,1,0,0,0,0,3,1,-1,7,2,48,8,-1,-1,-1,-1,2,E01007855,0,1
2024010509243,2024,010509243,3,9,9,99,99,9,9,99,99,9,9,99,9,99,9,9,6,6,3,-1,-1,-1,-1,-1,-1,-1,-1,0,-1
2024010491132,2024,010491132,1,1,9,99,99,9,9,99,99,9,9,99,9,99,9,1,2,2,1,26,6,-1,-1,-1,-1,3,E01001795,0,1
2024991513204,2024,991513204,1,9,0,-1,7,6,1,-1,0,6,0,0,0,0,3,1,-1,9,1,80,11,-1,-1,-1,-1,9,-1,0,1
2024471425454,2024,471425454,1,9,0,-1,19,1,4,-1,0,4,0,0,0,0,1,1,-1,6,1,61,9,-1,-1,-1,-1,4,E01024377,0,4
2024010504113,2024,010504113,1,1,9,99,99,9,9,99,99,9,9,99,9,99,9,9,6,6,3,-1,-1,-1,-1,-1,-1,-1,-1,0,-1
2024101495767,2024,101495767,1,9,0,-1,5,3,7,-1,0,8,0,0,0,0,-1,9,-1,6,3,-1,-1,-1,-1,-1,-1,-1,-1,0,-1
2024631470509,2024,631470509,2,9,0,-1,4,2,5,-1,0,0,0,0,0,0,2,1,-1,6,-1,-1,-1,-1,-1,-1,-1,-1,-1,0,-1
202454B616024,2024,54B616024,1,9,0,7,7,3,5,0,0,6,0,0,0,0,4,1,6,6,3,-1,-1,-1,-1,-1,-1,-1,-1,0,-1
2024010495711,2024,010495711,1,3,0,3,3,7,3,0,0,8,0,0,0,0,4,1,1,1,1,28,6,-1,-1,-1,-1,3,E01002605,0,1
2024522499999,2024,522499999,1,1,0,18,19,1,5,0,0,8,0,0,0,0,4,1,6,6,1,30,6,-1,-1,-1,-1,4,E01014485,0,1
2024052401277,2024,052401277,2,1,0,18,19,4,8,0,0,8,0,0,0,0,1,1,6,6,2,16,4,-1,-1,-1,-1,1,E01006732,0,1
2024461485115,2024,461485115,3,9,0,-1,4,4,8,-1,0,0,0,0,0,0,2,1,-1,1,1,24,5,-1,-1,-1,-1,8,E01024706,0,3
2024440085219,2024,440085219,2,9,0,18,19,3,7,0,0,1,0,0,0,0,1,1,6,6,1,53,8,-1,-1,-1,-1,-1,-1,0,-1
2024131450902,2024,131450902,2,-1,0,-1,19,5,1,-1,9,8,0,0,0,0,1,1,-1,9,1,24,5,-1,-1,-1,-1,2,E01010864,1,1
2024461448860,2024,461448860,2,1,0,-1,19,3,7,-1,0,8,0,0,0,0,1,1,-1,6,1,27,6,-1,-1,-1,-1,7,E01024129,0,1
2024010496977,2024,010496977,1,1,9,99,99,9,9,99,99,9,9,99,9,99,9,1,2,2,2,26,6,-1,-1,-1,-1,7,E01003397,0,1
2024552401411,2024,552401411,1,9,0,7,7,7,1,0,0,4,0,0,0,0,3,1,6,6,1,45,7,-1,-1,-1,-1,4,E01015390,0,1
2024010540167,2024,010540167,2,9,0,3,3,9,9,99,99,0,9,99,9,99,9,9,6,6,3,-1,-1,-1,-1,-1,-1,-1,-1,0,-1
2024010511412,2024,010511412,1,-1,0,18,19,5,1,0,0,1,5,11,0,0,0,1,2,2,1,40,7,-1,-1,-1,-1,-1,-1,1,-1
2024010519045,2024,010519045,2,1,0,7,7,7,1,0,0,5,5,10,0,0,1,1,6,6,2,19,4,-1,-1,-1,-1,3,E01034180,0,1
2024411411989,2024,411411989,2,90,0,-1,19,4,8,-1,0,0,0,0,0,0,2,1,-1,6,-1,-1,-1,-1,-1,-1,-1,-1,-1,0,-1
2024320254379,2024,320254379,2,1,0,9,9,7,5,0,0,5,0,0,0,0,3,1,6,6,1,57,9,-1,-1,-1,-1,8,E01026222,0,1
2024552400614,2024,552400614,2,1,0,18,19,7,3,0,0,8,0,0,0,0,4,1,6,6,2,36,7,-1,-1,-1,-1,4,E01015321,0,1
2024041489204,2024,041489204,1,9,0,-1,19,3,1,-1,9,8,0,0,7,0,1,1,-1,9,1,84,11,-1,-1,-1,-1,3,E01012715,0,3
2024421477596,2024,421477596,1,9,0,-1,19,6,2,-1,0,1,0,0,0,0,0,9,-1,6,3,-1,-1,-1,-1,-1,-1,-1,-1,0,-1
2024501513480,2024,501513480,2,9,0,-1,19,3,7,-1,0,8,0,0,0,0,1,1,-1,6,2,44,7,-1,-1,-1,-1,3,E01019052,0,4
2024061422309,2024,061422309,1,9,0,-1,19,8,4,-1,0,1,0,0,0,0,1,1,-1,6,1,-1,-1,-1,-1,-1,-1,-1,-1,0,-1
2024361502793,2024,361502793,2,1,0,-1,3,8,4,-1,0,4,0,0,0,0,1,1,-1,6,1,16,4,-1,-1,-1,-1,6,E01026549,0,2
2024161429381,2024,161429381,2,-1,0,-1,19,3,8,-1,9,1,0,0,1,0,2,9,-1,9,1,14,3,-1,-1,-1,-1,1,E01012780,1,1
2024231428353,2024,231428353,1,16,0,-1,19,2,6,-1,0,0,0,0,0,0,2,1,-1,9,2,24,5,-1,-1,-1,-1,7,E01031233,0,1
2024302400315,2024,302400315,3,9,0,3,3,8,2,0,0,2,0,0,0,0,2,1,6,6,2,-1,-1,-1,-1,-1,-1,4,E01019645,0,2
2024141432975,2024,141432975,2,98,0,-1,19,4,8,-1,0,0,0,0,0,0,1,1,-1,6,1,58,9,-1,-1,-1,-1,-1,-1,0,-1
2024520401218,2024,520401218,1,9,0,18,19,1,5,0,0,8,0,0,0,0,3,1,6,6,2,86,11,-1,-1,-1,-1,5,E01029144,0,3
2024161496706,2024,161496706,1,1,9,-1,99,1,5,-1,99,0,9,99,9,0,9,1,-1,9,1,27,6,-1,-1,-1,-1,-1,-1,0,-1
2024141407363,2024,141407363,1,11,0,-1,19,6,2,-1,0,0,0,0,0,0,1,1,-1,6,3,-1,-1,-1,-1,-1,-1,-1,-1,0,-1
2024522403028,2024,522403028,2,1,0,13,13,3,7,0,0,0,0,0,7,0,1,1,6,6,1,21,5,-1,-1,-1,-1,1,E01014589,0,1
2024430297467,2024,430297467,2,1,0,18,19,8,4,0,0,2,0,0,0,0,4,1,6,6,2,12,3,-1,-1,-1,-1,4,E01016400,0,1
2024010542272,2024,010542272,2,98,0,99,99,9,9,99,99,9,9,99,9,99,1,9,6,6,3,-1,-1,-1,-1,-1,-1,-1,-1,0,-1
2024161521274,2024,161521274,2,1,0,-1,19,8,4,-1,0,0,0,0,0,0,1,1,-1,6,1,63,9,-1,-1,-1,-1,1,E01013165,0,1
2024531533155,2024,531533155,2,9,0,-1,19,3,7,-1,0,0,0,0,0,0,1,1,-1,6,1,26,6,-1,-1,-1,-1,7,W01001594,0,3
2024320548593,2024,320548593,2,9,0,-1,-1,5,1,0,0,3,0,0,0,0,0,1,6,6,3,-1,-1,-1,-1,-1,-1,-1,-1,0,-1
2024991395658,2024,991395658,1,9,0,-1,1,4,8,-1,0,8,0,0,0,0,2,9,-1,6,3,20,4,-1,-1,-1,-1,-1,-1,0,-1
2024991493497,2024,991493497,1,9,0,-1,2,0,0,-1,0,0,0,0,0,0,3,1,-1,1,1,37,7,-1,-1,-1,-1,7,-1,0,2
2024010529264,2024,010529264,1,1,9,99,99,9,9,99,99,9,9,99,9,99,9,1,2,2,1,31,6,-1,-1,-1,-1,2,E01001848,0,1
2024131529817,2024,131529817,1,9,0,-1,19,3,1,-1,0,2,0,0,0,0,1,1,-1,9,1,48,8,-1,-1,-1,-1,8,E01010573,0,3
2024010504134,2024,010504134,2,9,0,18,19,5,1,0,0,0,0,0,0,0,2,1,6,6,1,68,10,-1,-1,-1,-1,3,E01003625,0,1
2024010496379,2024,010496379,1,3,0,99,99,9,9,99,99,0,9,99,9,99,9,1,6,6,1,22,5,-1,-1,-1,-1,2,E01002368,0,2