collision_index,collision_year,collision_ref_no,vehicle_reference,vehicle_type,towing_and_articulation,vehicle_manoeuvre_historic,vehicle_manoeuvre,vehicle_direction_from,vehicle_direction_to,vehicle_location_restricted_lane_historic,vehicle_location_restricted_lane,junction_location,skidding_and_overturning,hit_object_in_carriageway,vehicle_leaving_carriageway,hit_object_off_carriageway,first_point_of_impact,vehicle_left_hand_drive,journey_purpose_of_driver_historic,journey_purpose_of_driver,sex_of_driver,age_of_driver,age_band_of_driver,engine_capacity_cc,propulsion_code,age_of_vehicle,generic_make_model,driver_imd_decile,lsoa_of_driver,escooter_flag,driver_distance_banding
2024991504695,2024,991504695,3,9,0,-1,8,1,3,-1,0,1,0,0,0,0,3,1,-1,2,1,35,6,-1,-1,-1,-1,3,-1,0,1
2024520401220,2024,520401220,1,9,0,9,9,1,7,0,0,5,0,0,0,0,1,1,1,1,1,64,9,-1,-1,-1,-1,1,E01029100,0,3
2024010519886,2024,010519886,2,1,0,18,19,5,1,0,0,0,0,8,0,0,4,1,2,2,1,48,8,-1,-1,-1,-1,8,E01000784,0,2
2024010551488,2024,010551488,2,1,9,99,99,9,9,99,99,9,9,99,9,99,9,1,6,6,1,65,9,-1,-1,-1,-1,9,E01000175,0,1
2024070476929,2024,070476929,2,1,0,18,19,6,2,0,0,0,0,0,0,0,3,1,6,6,1,12,3,-1,-1,-1,-1,-1,-1,0,-1
2024430039637,2024,430039637,2,9,0,18,19,4,8,0,0,1,0,0,0,0,1,1,6,6,1,32,6,-1,-1,-1,-1,-1,-1,0,-1
2024361460760,2024,361460760,2,1,0,-1,19,3,7,-1,0,0,0,0,0,0,1,1,-1,9,1,24,5,-1,-1,-1,-1,3,E01010528,0,5
2024041448782,2024,041448782,1,9,0,-1,19,-1,-1,-1,0,1,0,0,0,0,-1,9,-1,6,3,-1,-1,-1,-1,-1,-1,-1,-1,0,-1
2024520401339,2024,520401339,1,9,0,18,19,2,6,0,0,8,0,0,0,0,1,1,6,6,2,56,9,-1,-1,-1,-1,3,E01020502,0,4
2024221427057,2024,221427057,1,9,0,-1,19,6,2,-1,0,0,0,0,0,0,3,1,-1,1,1,27,6,-1,-1,-1,-1,9,E01032400,0,4
2024010527872,2024,010527872,2,1,0,6,6,7,7,4,4,0,0,0,0,0,3,1,6,6,2,13,3,-1,-1,-1,-1,8,E01004714,0,1
2024010540077,2024,010540077,2,19,0,9,9,5,3,0,0,8,0,0,0,0,1,2,1,1,1,21,5,-1,-1,-1,-1,2,E01001673,0,1
2024122400562,2024,122400562,2,9,0,18,19,7,3,0,0,0,0,0,0,0,1,1,6,6,2,67,10,-1,-1,-1,-1,6,E01027570,0,3
2024991408246,2024,991408246,2,9,0,-1,19,2,6,-1,0,0,1,0,0,0,1,1,-1,6,1,33,6,-1,-1,-1,-1,6,-1,0,2
2024061526039,2024,061526039,2,1,0,-1,19,-1,-1,-1,99,9,9,0,0,0,4,1,-1,2,1,39,7,-1,-1,-1,-1,1,E01005245,0,1
2024010497347,2024,010497347,2,9,0,99,99,9,9,99,99,9,9,99,9,99,1,9,6,6,3,-1,-1,-1,-1,-1,-1,-1,-1,0,-1
2024010512279,2024,010512279,2,1,0,5,5,5,1,0,0,0,0,0,1,0,0,1,6,6,1,21,5,-1,-1,-1,-1,5,E01004061,0,1
2024041407772,2024,041407772,2,9,0,-1,19,5,1,-1,0,1,0,0,0,0,2,1,-1,6,1,18,4,-1,-1,-1,-1,9,E01025303,0,1
2024031522318,2024,031522318,1,99,0,-1,-1,-1,-1,-1,-1,1,-1,-1,-1,0,-1,9,-1,6,3,-1,-1,-1,-1,-1,-1,-1,-1,0,-1
2024131393611,2024,131393611,2,9,0,-1,19,5,1,-1,9,0,0,0,1,1,1,1,-1,6,1,34,6,-1,-1,-1,-1,-1,-1,0,-1
2024991445355,2024,991445355,1,9,0,-1,19,4,8,-1,0,0,0,0,0,0,1,1,-1,6,2,21,5,-1,-1,-1,-1,9,-1,0,1
2024201473394,2024,201473394,1,9,0,-1,19,8,4,-1,0,1,0,0,0,0,1,1,-1,6,1,-1,-1,-1,-1,-1,-1,-1,-1,0,-1
2024340WN3882,2024,340WN3882,2,9,0,-1,19,1,5,-1,0,0,0,0,0,0,1,1,-1,6,2,53,8,-1,-1,-1,-1,3,E01027171,0,1
202417S102024,2024,17S102024,2,1,0,18,19,4,8,0,0,6,0,0,0,0,1,1,4,7,1,12,3,-1,-1,-1,-1,6,E01012260,0,1
2024361411120,2024,361411120,2,9,0,-1,2,0,0,-1,0,0,0,0,0,0,3,1,-1,6,-1,-1,-1,-1,-1,-1,-1,-1,-1,0,-1
2024041468408,2024,041468408,2,9,4,-1,9,3,7,-1,0,8,0,0,0,0,3,1,-1,1,1,49,8,-1,-1,-1,-1,3,E01012753,0,1
2024141401823,2024,141401823,1,98,0,-1,19,4,6,-1,0,0,0,0,0,0,2,1,-1,9,1,60,9,-1,-1,-1,-1,4,E01007444,0,3
2024201439039,2024,201439039,2,9,0,-1,19,6,2,-1,0,0,0,0,0,0,1,1,-1,6,3,-1,-1,-1,-1,-1,-1,-1,-1,0,-1
2024010506968,2024,010506968,2,90,0,99,99,9,9,99,99,9,9,99,9,99,1,9,6,6,3,-1,-1,-1,-1,-1,-1,-1,-1,0,-1
2024101514967,2024,101514967,2,9,0,-1,19,1,5,-1,0,0,0,0,0,0,1,1,-1,6,2,45,7,-1,-1,-1,-1,7,E01027450,0,1
2024041462823,2024,041462823,1,9,0,-1,19,3,1,-1,0,6,0,0,0,0,1,1,-1,1,1,62,9,-1,-1,-1,-1,9,E01025240,0,3
2024440021703,2024,440021703,1,9,0,18,19,6,2,0,0,4,1,0,4,1,1,1,6,6,1,30,6,-1,-1,-1,-1,8,E01020425,0,4
2024010487491,2024,010487491,1,9,0,99,99,9,9,99,99,0,9,99,9,99,1,9,6,6,1,26,6,-1,-1,-1,-1,5,E01002232,0,2
2024101461265,2024,101461265,1,19,0,-1,19,5,1,-1,0,1,0,0,0,0,4,1,-1,1,3,20,4,-1,-1,-1,-1,-1,-1,0,-1
2024411521937,2024,411521937,1,9,-1,-1,-1,-1,-1,-1,-1,-1,-1,-1,-1,0,-1,9,-1,6,3,-1,-1,-1,-1,-1,-1,-1,-1,0,-1
2024631464463,2024,631464463,1,9,0,-1,5,1,7,-1,0,6,0,0,0,0,0,1,-1,6,3,-1,-1,-1,-1,-1,-1,-1,-1,0,-1
2024061506475,2024,061506475,1,9,0,-1,19,6,2,-1,0,0,0,0,0,0,1,9,-1,6,3,-1,-1,-1,-1,-1,-1,-1,-1,0,-1
2024302400407,2024,302400407,1,9,0,13,13,7,3,0,0,0,5,0,0,0,1,1,6,6,1,33,6,-1,-1,-1,-1,5,E01019782,0,3
2024010507914,2024,010507914,1,1,9,18,19,3,7,99,99,9,9,99,9,0,9,1,6,6,1,47,8,-1,-1,-1,-1,8,E01000419,0,1
2024332401029,2024,332401029,1,9,0,-1,7,7,1,-1,4,5,0,0,0,0,4,1,-1,9,1,57,9,-1,-1,-1,-1,6,E01025723,0,1
2024520401528,2024,520401528,2,9,0,18,19,6,1,0,0,8,0,0,0,0,1,1,6,6,2,19,4,-1,-1,-1,-1,9,E01019906,0,4
2024010517721,2024,010517721,2,-1,9,99,99,9,9,0,0,9,9,99,9,99,9,1,6,6,1,21,5,-1,-1,-1,-1,2,E01003305,1,2
2024211535537,2024,211535537,2,9,0,-1,4,3,7,-1,0,0,0,0,0,0,1,1,-1,6,1,32,6,-1,-1,-1,-1,10,E01023710,0,5
2024430057326,2024,430057326,1,11,0,18,19,6,2,0,0,1,0,0,0,0,1,1,1,1,1,48,8,-1,-1,-1,-1,6,E01016416,0,1
2024451406233,2024,451406233,3,90,0,-1,19,1,5,-1,0,0,0,0,0,0,1,1,-1,1,1,27,6,-1,-1,-1,-1,8,E01030384,0,3
2024361404367,2024,361404367,2,1,0,-1,19,1,5,-1,0,4,0,0,0,0,1,1,-1,6,1,54,8,-1,-1,-1,-1,6,E01026555,0,1
2024371514429,2024,371514429,1,19,0,-1,15,5,1,-1,0,0,0,11,0,0,4,1,-1,1,1,38,7,-1,-1,-1,-1,8,E01021538,0,4
2024302500196,2024,302500196,1,-1,0,-1,9,6,4,-1,0,8,0,0,0,0,1,1,-1,9,1,21,5,-1,-1,-1,-1,6,E01019489,1,2
2024471486753,2024,471486753,1,9,0,-1,19,7,3,-1,0,1,0,0,0,0,1,1,-1,1,1,36,7,-1,-1,-1,-1,10,E01031741,0,2
2024010540613,2024,010540613,2,1,0,18,19,5,1,0,0,8,0,0,0,0,1,1,6,6,1,15,3,-1,-1,-1,-1,8,E01004131,0,1
2024221403743,2024,221403743,2,1,0,-1,19,2,5,-1,9,8,0,0,0,0,1,1,-1,6,2,41,7,-1,-1,-1,-1,8,E01032320,0,1
2024101439072,2024,101439072,1,23,0,-1,19,5,1,-1,0,0,0,0,0,0,1,1,-1,6,1,30,6,-1,-1,-1,-1,-1,-1,0,-1
2024361511931,2024,361511931,2,9,0,-1,2,0,0,-1,9,0,0,0,0,0,1,1,-1,6,-1,-1,-1,-1,-1,-1,-1,-1,-1,0,-1
2024131399384,2024,131399384,1,9,0,-1,19,4,8,-1,0,0,5,4,0,0,4,1,-1,2,1,32,6,-1,-1,-1,-1,8,E01010574,0,3
2024010546132,2024,010546132,2,-1,0,9,9,7,5,2,2,2,0,0,0,0,0,1,6,6,1,27,6,-1,-1,-1,-1,-1,-1,1,-1
2024131466339,2024,131466339,1,11,0,-1,-1,-1,-1,-1,-1,0,-1,-1,-1,-1,-1,1,-1,6,3,-1,-1,-1,-1,-1,-1,-1,-1,0,-1
2024010512857,2024,010512857,1,1,9,99,99,9,9,99,99,9,9,99,9,99,1,1,6,6,1,16,4,-1,-1,-1,-1,3,E01002809,0,1
2024231430286,2024,231430286,3,9,0,-1,19,6,2,-1,0,0,0,0,0,0,1,1,-1,6,2,36,7,-1,-1,-1,-1,9,E01025816,0,2
2024501492525,2024,501492525,3,9,0,-1,2,0,0,-1,0,0,0,0,0,0,2,1,-1,9,1,32,6,-1,-1,-1,-1,7,E01019014,0,2
2024052401928,2024,052401928,1,-1,0,18,19,1,5,0,0,0,0,0,0,0,3,1,6,6,1,12,3,-1,-1,-1,-1,7,E01007144,1,1
2024411486773,2024,411486773,2,1,0,-1,19,5,1,-1,0,2,0,0,0,0,1,1,-1,6,1,32,6,-1,-1,-1,-1,6,E01023359,0,1
2024010549096,2024,010549096,1,1,0,16,19,5,1,0,0,1,0,0,0,0,1,1,6,6,1,36,7,-1,-1,-1,-1,2,E01001868,0,1
2024440433693,2024,440433693,1,1,0,18,19,5,1,0,0,0,0,0,0,0,0,1,6,6,1,17,4,-1,-1,-1,-1,8,E01022591,0,1
2024010548911,2024,010548911,2,9,9,99,99,9,9,99,99,9,9,99,9,99,9,9,6,6,3,-1,-1,-1,-1,-1,-1,-1,-1,0,-1
2024052400602,2024,052400602,2,1,0,18,19,8,4,0,0,1,0,0,0,0,4,1,1,1,1,40,7,-1,-1,-1,-1,1,E01006549,0,1
2024010495548,2024,010495548,2,9,0,99,99,9,9,99,99,9,9,99,9,99,9,9,6,6,3,-1,-1,-1,-1,-1,-1,-1,-1,0,-1
2024531517936,2024,531517936,1,9,0,-1,5,1,5,-1,-1,1,0,0,0,0,1,1,-1,6,2,51,8,-1,-1,-1,-1,8,E01032938,0,2
2024501407910,2024,501407910,2,9,0,-1,5,7,3,-1,0,3,0,0,0,0,3,9,-1,6,2,44,7,-1,-1,-1,-1,7,E01018816,0,2
2024061531925,2024,061531925,2,9,0,-1,9,-1,-1,-1,0,1,0,0,0,0,4,1,-1,6,3,-1,-1,-1,-1,-1,-1,-1,-1,0,-1
2024141397519,2024,141397519,2,1,0,-1,19,8,4,-1,0,1,0,0,0,0,1,1,-1,6,2,36,7,-1,-1,-1,-1,9,E01008066,0,1
2024201413550,2024,201413550,1,9,0,-1,13,8,4,-1,0,8,0,0,0,0,1,9,-1,1,2,24,5,-1,-1,-1,-1,1,E01009752,0,1
2024141420006,2024,141420006,1,9,0,-1,19,7,4,-1,0,0,0,0,0,0,1,9,-1,6,3,-1,-1,-1,-1,-1,-1,-1,-1,0,-1
2024320492514,2024,320492514,2,1,0,7,7,1,2,0,0,6,5,0,0,0,2,1,6,6,1,70,10,-1,-1,-1,-1,2,E01026097,0,2
2024010488843,2024,010488843,2,3,0,9,9,5,3,0,0,5,0,0,0,0,4,1,2,2,2,25,5,-1,-1,-1,-1,-1,-1,0,-1
2024010547108,2024,010547108,1,1,9,99,99,9,9,99,99,9,9,99,9,99,1,1,2,2,1,37,7,-1,-1,-1,-1,8,E01030333,0,3
2024041486085,2024,041486085,3,1,0,-1,19,1,5,-1,0,1,2,0,0,0,1,1,-1,9,1,44,7,-1,-1,-1,-1,9,E01025281,0,1
2024010529178,2024,010529178,2,1,0,18,19,4,8,0,0,1,0,0,0,0,1,1,6,6,1,35,6,-1,-1,-1,-1,7,E01003287,0,2
2024010526279,2024,010526279,1,1,9,99,99,9,9,99,99,9,9,99,9,99,9,1,2,2,1,60,9,-1,-1,-1,-1,4,E01000644,0,1
2024201514177,2024,201514177,1,9,0,-1,19,3,7,-1,0,8,0,0,0,0,1,1,-1,6,3,-1,-1,-1,-1,-1,-1,-1,-1,0,-1
2024010491835,2024,010491835,1,9,0,99,99,9,9,99,99,0,9,99,9,99,2,9,2,2,1,30,6,-1,-1,-1,-1,2,E01003489,0,1
202460Q063828,2024,60Q063828,2,21,1,18,19,7,3,0,0,0,1,0,0,0,3,1,1,1,1,65,9,-1,-1,-1,-1,-1,-1,0,-1
2024401475187,2024,401475187,2,9,0,-1,19,2,6,-1,0,0,0,0,1,0,3,1,-1,6,2,37,7,-1,-1,-1,-1,5,E01015748,0,3
2024440370489,2024,440370489,2,9,0,9,9,7,5,0,0,5,0,0,0,0,1,1,6,6,3,-1,-1,-1,-1,-1,-1,-1,-1,0,-1
2024061481938,2024,061481938,2,9,-1,-1,-1,-1,-1,-1,-1,0,-1,-1,-1,0,-1,9,-1,6,3,-1,-1,-1,-1,-1,-1,-1,-1,0,-1
2024522402525,2024,522402525,1,-1,0,18,19,6,2,0,0,2,0,0,0,0,4,1,6,6,2,25,5,-1,-1,-1,-1,4,E01014623,1,1
2024131436700,2024,131436700,1,90,0,-1,-1,-1,-1,-1,-1,-1,-1,-1,-1,-1,-1,1,-1,6,3,-1,-1,-1,-1,-1,-1,-1,-1,0,-1
2024010538116,2024,010538116,1,1,0,18,19,3,7,0,0,1,0,0,0,0,4,1,2,2,1,32,6,-1,-1,-1,-1,6,E01001343,0,1
2024161527558,2024,161527558,1,1,0,-1,19,1,5,-1,4,1,0,0,0,0,4,1,-1,2,1,63,9,-1,-1,-1,-1,10,E01013068,0,3
2024131423425,2024,131423425,2,1,0,-1,19,4,8,-1,0,8,5,0,0,0,3,1,-1,2,1,45,7,-1,-1,-1,-1,1,E01011671,0,1
2024122400198,2024,122400198,1,9,0,5,5,5,7,0,0,6,0,0,0,0,1,1,6,6,1,72,10,-1,-1,-1,-1,9,E01034762,0,4
2024122500505,2024,122500505,1,97,0,18,19,7,3,0,0,1,0,0,0,0,4,1,6,6,3,-1,-1,-1,-1,-1,-1,-1,-1,0,-1
2024052402289,2024,052402289,1,9,0,5,5,7,3,0,0,1,0,0,0,0,1,1,6,6,3,-1,-1,-1,-1,-1,-1,-1,-1,0,-1
2024010503199,2024,010503199,1,1,0,18,19,4,8,4,4,8,0,0,0,0,1,1,6,6,1,37,7,-1,-1,-1,-1,3,E01034192,0,1
2024440305327,2024,440305327,1,1,0,18,19,5,1,0,0,0,0,7,0,0,1,1,6,6,1,42,7,-1,-1,-1,-1,5,E01017124,0,1
2024361468564,2024,361468564,2,9,0,-1,2,1,1,-1,9,0,0,0,0,0,2,1,-1,6,-1,-1,-1,-1,-1,-1,-1,-1,-1,0,-1
2024430193788,2024,430193788,2,1,0,14,14,5,1,4,4,1,0,0,0,0,4,1,2,2,1,30,6,-1,-1,-1,-1,10,E01028734,0,1
2024131434897,2024,131434897,2,-1,0,-1,19,1,5,-1,0,0,0,0,0,0,1,1,-1,9,1,13,3,-1,-1,-1,-1,2,E01011771,1,1
2024010521726,2024,010521726,2,1,0,18,19,8,4,0,0,0,0,0,0,0,0,1,6,6,1,23,5,-1,-1,-1,-1,4,E01003035,0,1
2024361482739,2024,361482739,2,1,0,-1,19,1,5,-1,0,1,5,0,0,0,4,1,-1,1,2,34,6,-1,-1,-1,-1,4,E01026884,0,1
2024461451857,2024,461451857,1,9,0,-1,9,3,1,-1,0,8,0,0,0,0,1,9,-1,6,3,-1,-1,-1,-1,-1,-1,-1,-1,0,-1
2024430295578,2024,430295578,2,1,0,18,19,6,2,0,0,2,0,0,0,0,3,1,6,6,1,-1,-1,-1,-1,-1,-1,4,E01016439,0,1
2024010547530,2024,010547530,1,1,9,99,99,9,9,99,99,9,9,99,9,99,9,1,2,2,1,60,9,-1,-1,-1,-1,10,E01003822,0,4
2024471523778,2024,471523778,3,9,0,-1,19,1,5,-1,0,0,0,0,0,0,0,9,-1,6,3,-1,-1,-1,-1,-1,-1,-1,-1,0,-1
2024361448830,2024,361448830,1,9,0,-1,19,8,4,-1,0,8,0,0,0,0,1,9,-1,9,1,74,10,-1,-1,-1,-1,5,E01026485,0,3
2024010549791,2024,010549791,2,1,0,18,19,5,1,0,0,1,0,0,0,0,1,1,2,2,1,27,6,-1,-1,-1,-1,8,E01003271,0,1
2024421481399,2024,421481399,2,9,0,-1,10,5,1,-1,0,1,0,0,0,0,2,1,-1,9,2,34,6,-1,-1,-1,-1,7,E01021361,0,1
2024010489785,2024,010489785,1,1,9,99,99,9,9,99,99,9,9,99,9,99,9,1,2,2,1,28,6,-1,-1,-1,-1,7,E01004620,0,1
2024610015824,2024,610015824,2,19,0,9,9,1,6,0,0,8,0,0,0,0,3,1,1,1,1,53,8,-1,-1,-1,-1,7,W01001568,0,4
2024531466830,2024,531466830,2,1,0,-1,19,3,7,-1,0,0,0,0,0,0,3,1,-1,2,2,42,7,-1,-1,-1,-1,4,E01022161,0,1
2024122400257,2024,122400257,1,9,0,18,19,3,7,0,0,0,0,11,0,0,1,1,6,6,1,20,4,-1,-1,-1,-1,5,E01027807,0,1
2024201554091,2024,201554091,2,1,0,-1,5,6,2,-1,0,8,0,0,0,0,1,1,-1,6,1,50,8,-1,-1,-1,-1,-1,-1,0,-1
2024552400247,2024,552400247,2,9,0,4,4,1,5,0,0,3,0,0,0,0,2,1,6,6,2,41,7,-1,-1,-1,-1,9,E01034378,0,4
2024010495928,2024,010495928,2,19,0,99,99,9,9,99,99,9,9,99,9,99,9,9,6,6,3,-1,-1,-1,-1,-1,-1,-1,-1,0,-1
2024631399173,2024,631399173,2,19,0,-1,19,1,5,-1,0,8,0,0,0,0,1,1,-1,2,1,39,7,-1,-1,-1,-1,4,W01000533,0,3
2024131466351,2024,131466351,1,90,0,-1,-1,-1,-1,-1,-1,-1,-1,-1,-1,-1,-1,1,-1,6,3,-1,-1,-1,-1,-1,-1,-1,-1,0,-1
2024211519533,2024,211519533,1,99,0,-1,19,1,5,-1,0,0,0,0,0,0,4,1,-1,6,3,21,5,-1,-1,-1,-1,-1,-1,0,-1
2024010536067,2024,010536067,1,1,9,99,99,9,9,99,99,1,9,99,9,99,9,1,6,6,3,29,6,-1,-1,-1,-1,4,E01004531,0,1
2024010545667,2024,010545667,1,1,9,99,99,9,9,99,99,9,9,99,9,99,1,1,2,2,1,33,6,-1,-1,-1,-1,5,E01004601,0,1
2024522402393,2024,522402393,1,1,0,18,19,2,6,0,0,8,0,0,0,0,3,1,6,6,1,37,7,-1,-1,-1,-1,2,E01014497,0,1
2024411493028,2024,411493028,1,9,0,-1,19,2,6,-1,0,1,0,0,0,0,1,1,-1,1,1,39,7,-1,-1,-1,-1,10,E01023451,0,1
2024061529236,2024,061529236,5,9,0,-1,4,8,4,-1,0,0,0,0,0,0,1,1,-1,2,1,51,8,-1,-1,-1,-1,10,E01005739,0,3
2024041458293,2024,041458293,2,97,0,-1,19,5,1,-1,0,1,2,0,0,0,1,1,-1,9,1,58,9,-1,-1,-1,-1,7,E01025576,0,1
2024540579824,2024,540579824,1,9,0,9,9,8,4,0,0,0,0,0,0,0,3,1,6,6,1,67,10,-1,-1,-1,-1,6,E01031989,0,1
2024471402339,2024,471402339,1,9,0,-1,-1,-1,-1,-1,-1,0,-1,-1,-1,0,-1,9,-1,6,3,-1,-1,-1,-1,-1,-1,-1,-1,0,-1
2024991456122,2024,991456122,1,1,0,-1,19,5,1,-1,0,2,0,0,0,0,3,1,-1,9,1,32,6,-1,-1,-1,-1,10,-1,0,1
2024302400918,2024,302400918,2,1,0,16,19,2,5,0,0,8,0,0,0,0,3,1,2,2,1,45,7,-1,-1,-1,-1,-1,-1,0,-1
2024552500083,2024,552500083,2,10,0,2,2,0,0,0,0,0,0,0,0,0,2,1,6,6,1,34,6,-1,-1,-1,-1,6,E01029189,0,3
2024461450808,2024,461450808,1,9,0,-1,19,4,6,-1,0,0,5,10,3,0,1,1,-1,9,1,49,8,-1,-1,-1,-1,3,E01016072,0,3
2024610003824,2024,610003824,1,9,0,9,9,8,5,0,0,2,0,0,0,0,4,1,6,6,1,43,7,-1,-1,-1,-1,1,W01001692,0,1
2024610002824,2024,610002824,2,1,0,18,19,1,5,0,0,1,0,0,0,0,1,1,6,6,1,15,3,-1,-1,-1,-1,1,W01001666,0,1
2024471466700,2024,471466700,3,9,0,-1,-1,-1,-1,-1,-1,-1,-1,-1,-1,0,-1,1,-1,6,2,-1,-1,-1,-1,-1,-1,-1,-1,0,-1
2024010516168,2024,010516168,2,1,0,18,19,2,6,0,0,7,0,0,0,0,1,1,1,1,1,21,5,-1,-1,-1,-1,3,E01002787,0,1
2024041513238,2024,041513238,1,23,0,-1,19,3,7,-1,0,1,0,0,0,0,1,1,-1,9,2,15,3,-1,-1,-1,-1,1,E01012601,0,1
2024101424996,2024,101424996,1,11,0,-1,19,3,7,-1,0,0,0,0,0,0,1,1,-1,1,1,25,5,-1,-1,-1,-1,-1,-1,0,-1
2024545578724,2024,545578724,1,9,0,18,19,5,1,0,0,1,0,0,0,0,1,1,6,6,3,-1,-1,-1,-1,-1,-1,-1,-1,0,-1
2024320541502,2024,320541502,2,9,0,-1,-1,1,5,0,0,8,0,0,0,0,3,2,-1,-1,1,67,10,-1,-1,-1,-1,5,E01026018,0,1
2024631513986,2024,631513986,1,-1,0,-1,19,4,8,-1,0,0,0,0,0,0,0,1,-1,6,1,20,4,-1,-1,-1,-1,2,W01000659,1,1
2024622400480,2024,622400480,2,9,0,5,5,2,6,0,0,3,0,0,0,0,1,1,6,6,3,-1,-1,-1,-1,-1,-1,-1,-1,0,-1
2024471534857,2024,471534857,1,19,0,-1,2,0,0,-1,0,0,0,0,0,0,3,9,-1,6,-1,-1,-1,-1,-1,-1,-1,-1,-1,0,-1
2024071018043,2024,071018043,4,9,0,-1,3,7,3,-1,0,1,0,0,0,0,2,1,-1,2,2,35,6,-1,-1,-1,-1,7,W01000297,0,4
2024430204115,2024,430204115,1,9,0,5,5,7,3,0,0,6,0,0,0,0,1,1,6,6,2,73,10,-1,-1,-1,-1,-1,-1,0,-1
2024501434898,2024,501434898,1,1,0,-1,19,3,7,-1,0,0,0,0,0,0,1,1,-1,9,1,26,6,-1,-1,-1,-1,10,E01023180,0,5
2024522402888,2024,522402888,2,1,0,12,12,1,5,0,0,0,0,0,0,0,1,1,6,6,1,10,2,-1,-1,-1,-1,3,E01014674,0,1
2024041415095,2024,041415095,2,98,0,-1,19,1,5,-1,0,0,0,0,0,0,2,1,-1,1,1,28,6,-1,-1,-1,-1,1,E01004830,0,4
2024421525584,2024,421525584,1,19,-1,-1,-1,-1,-1,-1,-1,-1,-1,-1,-1,0,-1,9,-1,6,3,-1,-1,-1,-1,-1,-1,-1,-1,0,-1
2024010537105,2024,010537105,2,1,0,18,19,7,3,0,0,9,0,0,0,0,1,1,2,2,1,63,9,-1,-1,-1,-1,4,E01002267,0,1
2024041405019,2024,041405019,3,9,0,-1,4,5,1,-1,0,1,0,0,0,0,2,1,-1,9,1,78,11,-1,-1,-1,-1,4,E01012701,0,1
2024340WN3432,2024,340WN3432,2,1,0,-1,19,7,3,-1,0,8,0,0,0,0,1,1,-1,6,1,55,8,-1,-1,-1,-1,3,E01027154,0,1
2024451512330,2024,451512330,1,9,0,-1,5,0,3,-1,0,0,0,0,0,0,4,9,-1,6,1,39,7,-1,-1,-1,-1,5,E01001035,0,4
2024010526898,2024,010526898,2,1,0,18,19,1,5,0,0,2,0,0,0,0,1,1,1,1,1,23,5,-1,-1,-1,-1,8,E01002164,0,3
2024010547053,2024,010547053,2,9,0,99,99,9,9,99,99,9,9,99,9,99,0,9,6,6,3,-1,-1,-1,-1,-1,-1,6,E01021595,0,4
2024501510450,2024,501510450,3,9,0,-1,3,7,3,-1,0,0,0,0,0,0,2,1,-1,9,1,43,7,-1,-1,-1,-1,7,E01020273,0,4
2024201418858,2024,201418858,1,9,0,-1,7,7,1,-1,0,6,0,0,0,0,1,9,-1,6,3,20,4,-1,-1,-1,-1,-1,-1,0,-1
2024361416900,2024,361416900,1,9,0,-1,-1,-1,-1,-1,-1,0,-1,-1,-1,0,-1,9,-1,6,3,-1,-1,-1,-1,-1,-1,-1,-1,0,-1
2024061488493,2024,061488493,1,9,0,-1,3,2,5,-1,-1,1,0,0,1,0,4,1,-1,6,3,-1,-1,-1,-1,-1,-1,-1,-1,0,-1
2024052402203,2024,052402203,1,9,0,18,19,8,4,0,0,0,0,0,0,0,1,1,6,6,3,-1,-1,-1,-1,-1,-1,-1,-1,0,-1
2024421493234,2024,421493234,2,1,0,-1,7,2,5,-1,0,1,0,0,0,0,3,1,-1,9,1,50,8,-1,-1,-1,-1,10,E01021483,0,3
2024302500093,2024,302500093,2,1,0,-1,99,9,9,-1,0,0,0,0,0,0,9,1,-1,6,1,-1,-1,-1,-1,-1,-1,-1,-1,0,-1
2024010535986,2024,010535986,1,1,9,99,99,9,9,99,99,9,9,99,9,99,1,1,6,6,1,24,5,-1,-1,-1,-1,3,E01000130,0,1
2024052401397,2024,052401397,1,2,0,18,19,3,7,0,0,0,0,0,0,0,1,1,1,1,1,19,4,-1,-1,-1,-1,1,E01006705,0,1
2024302401295,2024,302401295,3,9,0,4,4,5,1,0,0,1,0,0,0,0,0,1,6,6,3,-1,-1,-1,-1,-1,-1,5,E01019456,0,3
2024351473682,2024,351473682,3,1,0,-1,19,7,3,-1,0,8,0,0,0,0,1,1,-1,9,1,59,9,-1,-1,-1,-1,5,E01017947,0,3
2024451508085,2024,451508085,1,1,0,-1,19,3,7,-1,0,0,0,0,1,0,3,1,-1,9,1,77,11,-1,-1,-1,-1,9,E01030992,0,3
2024010503410,2024,010503410,1,9,9,99,99,9,9,99,99,0,9,99,9,99,9,9,6,6,3,-1,-1,-1,-1,-1,-1,-1,-1,0,-1
2024010545388,2024,010545388,1,4,0,16,19,1,5,0,0,1,0,0,0,0,3,1,6,6,3,-1,-1,-1,-1,-1,-1,-1,-1,0,-1
2024451494974,2024,451494974,1,9,0,-1,19,6,2,-1,0,0,0,0,0,0,2,1,-1,6,1,35,6,-1,-1,-1,-1,8,E01030822,0,3
2024440513499,2024,440513499,1,9,0,9,9,3,1,0,0,1,0,0,0,0,1,1,6,6,2,24,5,-1,-1,-1,-1,6,E01023042,0,3
2024201504517,2024,201504517,1,1,0,-1,19,7,3,-1,0,0,0,0,0,0,1,1,-1,9,1,22,5,-1,-1,-1,-1,4,E01033567,0,1
2024141491308,2024,141491308,1,9,0,-1,19,1,6,-1,0,0,1,11,7,11,1,1,-1,6,1,24,5,-1,-1,-1,-1,7,E01011849,0,4
2024122400600,2024,122400600,2,17,0,18,19,1,5,0,0,0,0,0,0,0,1,1,1,1,1,46,8,-1,-1,-1,-1,8,E01034964,0,4
2024501415297,2024,501415297,2,1,0,-1,19,6,2,-1,0,0,1,0,0,0,4,1,-1,6,1,21,5,-1,-1,-1,-1,5,E01019994,0,1
2024221412772,2024,221412772,2,9,0,-1,19,6,2,-1,0,4,0,0,0,0,1,9,-1,6,1,65,9,-1,-1,-1,-1,10,E01032419,0,1
2024201442137,2024,201442137,3,97,0,-1,19,8,4,-1,0,2,0,0,0,0,1,1,-1,6,3,-1,-1,-1,-1,-1,-1,-1,-1,0,-1
2024041513623,2024,041513623,1,9,0,-1,11,5,1,-1,0,0,0,0,0,0,1,1,-1,9,2,58,9,-1,-1,-1,-1,7,E01025130,0,2