collision_index,collision_year,collision_ref_no,vehicle_reference,vehicle_type,towing_and_articulation,vehicle_manoeuvre_historic,vehicle_manoeuvre,vehicle_direction_from,vehicle_direction_to,vehicle_location_restricted_lane_historic,vehicle_location_restricted_lane,junction_location,skidding_and_overturning,hit_object_in_carriageway,vehicle_leaving_carriageway,hit_object_off_carriageway,first_point_of_impact,vehicle_left_hand_drive,journey_purpose_of_driver_historic,journey_purpose_of_driver,sex_of_driver,age_of_driver,age_band_of_driver,engine_capacity_cc,propulsion_code,age_of_vehicle,generic_make_model,driver_imd_decile,lsoa_of_driver,escooter_flag,driver_distance_banding
2024320520652,2024,320520652,1,9,0,-1,-1,2,6,9,9,1,0,0,0,0,1,1,6,6,1,-1,-1,-1,-1,-1,-1,-1,-1,0,-1
2024010492574,2024,010492574,2,9,9,99,99,9,9,99,99,9,9,99,9,99,9,9,6,6,3,-1,-1,-1,-1,-1,-1,-1,-1,0,-1
2024041482732,2024,041482732,1,-1,0,-1,19,3,7,-1,9,0,0,0,0,0,1,1,-1,6,3,-1,-1,-1,-1,-1,-1,-1,-1,1,-1
2024471473597,2024,471473597,3,17,4,-1,19,5,2,-1,0,0,0,0,0,0,0,9,-1,6,3,-1,-1,-1,-1,-1,-1,-1,-1,0,-1
2024440405237,2024,440405237,1,1,0,18,19,7,3,0,0,8,0,0,0,0,3,1,4,7,1,15,3,-1,-1,-1,-1,6,E01035436,0,1
2024451530604,2024,451530604,2,9,0,-1,19,3,7,-1,0,1,0,0,0,0,1,1,-1,2,2,48,8,-1,-1,-1,-1,10,E01030328,0,1
2024552400077,2024,552400077,1,9,0,18,19,1,5,0,0,8,0,0,1,11,4,1,1,1,1,17,4,-1,-1,-1,-1,6,E01020405,0,1
2024010489214,2024,010489214,1,9,0,99,99,9,9,99,99,0,9,99,9,99,2,9,6,6,1,42,7,-1,-1,-1,-1,2,E01004268,0,1
2024010491188,2024,010491188,2,9,0,99,99,9,9,99,99,0,9,99,9,99,1,9,6,6,3,-1,-1,-1,-1,-1,-1,-1,-1,0,-1
2024231404279,2024,231404279,1,21,1,-1,12,8,4,-1,0,0,0,0,0,0,1,2,-1,1,1,58,9,-1,-1,-1,-1,-1,-1,0,-1
2024522401847,2024,522401847,1,20,0,18,19,3,7,0,0,0,0,0,0,0,4,1,6,6,3,-1,-1,-1,-1,-1,-1,-1,-1,0,-1
2024101471671,2024,101471671,1,19,0,-1,19,6,2,-1,0,0,0,0,0,0,1,9,-1,6,1,27,6,-1,-1,-1,-1,5,E01027524,0,1
2024451494293,2024,451494293,2,9,0,-1,19,6,2,-1,0,0,0,0,0,0,1,1,-1,1,1,65,9,-1,-1,-1,-1,5,E01021666,0,5
2024201400062,2024,201400062,1,9,0,-1,1,2,6,-1,9,0,0,0,0,0,2,1,-1,6,1,60,9,-1,-1,-1,-1,9,E01013596,0,4
2024131443744,2024,131443744,2,9,0,-1,5,2,6,-1,0,0,0,0,0,0,1,1,-1,6,2,58,9,-1,-1,-1,-1,7,E01011569,0,2
2024440547488,2024,440547488,2,19,0,18,19,1,5,0,0,1,0,0,0,0,1,1,6,6,3,-1,-1,-1,-1,-1,-1,-1,-1,0,-1
2024522402576,2024,522402576,1,1,0,18,19,4,8,0,0,8,0,0,0,0,9,1,6,6,1,38,7,-1,-1,-1,-1,2,E01014578,0,1
2024201433232,2024,201433232,1,9,0,-1,19,3,7,-1,0,4,0,0,0,0,3,1,-1,7,2,43,7,-1,-1,-1,-1,1,E01009412,0,1
2024010490686,2024,010490686,1,10,0,5,5,3,7,0,0,2,0,0,0,0,4,1,1,1,1,70,10,-1,-1,-1,-1,8,E01004102,0,1
2024010549824,2024,010549824,1,9,0,-1,-1,5,1,0,0,0,0,0,0,0,1,1,6,6,1,40,7,-1,-1,-1,-1,6,E01002563,0,1
2024122401122,2024,122401122,2,23,0,18,19,2,6,0,0,1,0,0,0,0,1,1,6,6,1,13,3,-1,-1,-1,-1,9,E01013392,0,1
2024201471094,2024,201471094,2,11,0,-1,19,7,3,-1,0,8,0,0,0,0,1,1,-1,6,3,-1,-1,-1,-1,-1,-1,-1,-1,0,-1
2024440241286,2024,440241286,1,1,0,18,19,8,4,0,0,1,0,0,0,0,3,1,6,6,1,13,3,-1,-1,-1,-1,-1,-1,0,-1
2024991529981,2024,991529981,1,9,0,-1,19,6,2,-1,0,4,0,0,0,0,1,1,-1,9,2,38,7,-1,-1,-1,-1,7,-1,0,1
2024161498389,2024,161498389,1,-1,0,-1,19,4,8,-1,0,6,0,0,0,0,1,1,-1,9,1,23,5,-1,-1,-1,-1,1,E01012840,1,1
2024471512227,2024,471512227,1,9,0,-1,3,8,4,-1,0,1,0,0,0,0,2,1,-1,9,1,53,8,-1,-1,-1,-1,10,E01031797,0,1
2024010504710,2024,010504710,1,1,0,18,19,5,1,2,2,1,0,0,0,0,1,1,6,6,1,23,5,-1,-1,-1,-1,4,E01003788,0,1
2024201443309,2024,201443309,1,8,0,-1,19,1,5,-1,0,0,0,0,0,0,1,1,-1,1,1,50,8,-1,-1,-1,-1,3,E01009045,0,2
2024131490774,2024,131490774,2,23,0,-1,-1,-1,-1,-1,-1,8,-1,-1,-1,0,-1,1,-1,6,1,16,4,-1,-1,-1,-1,1,E01010832,0,1
2024010511439,2024,010511439,2,1,0,18,19,1,5,0,0,1,0,0,0,0,2,1,1,1,1,62,9,-1,-1,-1,-1,-1,-1,0,-1
2024552400829,2024,552400829,1,9,0,9,9,4,2,0,0,5,0,0,0,0,1,1,6,6,3,-1,-1,-1,-1,-1,-1,-1,-1,0,-1
2024361441636,2024,361441636,2,8,0,-1,19,7,2,-1,0,1,0,0,1,0,3,2,-1,9,2,52,8,-1,-1,-1,-1,5,E01026443,0,3
2024481567205,2024,481567205,1,8,0,-1,5,5,1,-1,0,1,0,0,0,0,0,1,-1,1,1,40,7,-1,-1,-1,-1,-1,-1,0,-1
2024010522600,2024,010522600,2,9,0,6,6,9,9,99,99,9,9,99,9,99,9,9,6,6,3,-1,-1,-1,-1,-1,-1,-1,-1,0,-1
2024010496701,2024,010496701,2,9,0,18,19,5,1,0,0,1,1,10,0,0,3,1,6,6,3,24,5,-1,-1,-1,-1,-1,-1,0,-1
2024430001442,2024,430001442,2,98,0,18,19,3,7,0,0,4,0,0,0,0,1,1,6,6,3,-1,-1,-1,-1,-1,-1,-1,-1,0,-1
2024161430294,2024,161430294,1,9,0,-1,3,7,3,-1,0,1,0,0,0,0,2,9,-1,2,2,46,8,-1,-1,-1,-1,6,E01026387,0,3
2024221485307,2024,221485307,2,1,0,-1,14,6,2,-1,0,0,0,4,0,0,4,1,-1,2,1,45,7,-1,-1,-1,-1,6,E01028973,0,1
2024052400263,2024,052400263,2,9,0,18,19,3,7,0,0,8,0,0,0,0,1,1,6,6,2,42,7,-1,-1,-1,-1,7,E01006923,0,3
2024531479141,2024,531479141,1,9,0,-1,19,5,1,-1,0,0,0,0,0,0,1,1,-1,6,1,34,6,-1,-1,-1,-1,3,E01032456,0,4
2024010531417,2024,010531417,1,1,9,99,99,9,9,99,99,9,9,99,9,99,1,1,2,2,1,57,9,-1,-1,-1,-1,5,E01003142,0,2
2024421422617,2024,421422617,1,19,0,-1,-1,-1,-1,-1,-1,0,-1,-1,-1,0,-1,9,-1,6,3,-1,-1,-1,-1,-1,-1,-1,-1,0,-1
2024010533288,2024,010533288,1,1,9,18,19,9,9,4,4,9,9,8,9,99,9,1,6,6,1,37,7,-1,-1,-1,-1,4,E01001816,0,1
2024351463874,2024,351463874,2,1,0,-1,19,3,7,-1,0,8,0,0,0,0,1,1,-1,6,2,41,7,-1,-1,-1,-1,10,E01017995,0,1
2024311412025,2024,311412025,2,9,0,-1,19,5,1,-1,0,0,0,0,0,0,1,1,-1,2,1,54,8,-1,-1,-1,-1,-1,-1,0,-1
2024991397507,2024,991397507,2,19,0,-1,19,6,2,-1,0,8,0,0,0,0,1,1,-1,2,1,48,8,-1,-1,-1,-1,-1,-1,0,-1
2024201486102,2024,201486102,1,9,0,-1,19,8,4,-1,0,0,0,10,1,0,1,9,-1,6,3,-1,-1,-1,-1,-1,-1,-1,-1,0,-1
2024141417330,2024,141417330,2,9,0,-1,13,4,8,-1,0,1,0,0,0,0,0,1,-1,1,1,42,7,-1,-1,-1,-1,3,E01007679,0,1
2024010558225,2024,010558225,1,1,9,99,99,9,9,99,99,9,9,99,9,99,9,1,6,6,1,29,6,-1,-1,-1,-1,5,E01002219,0,1
2024401442632,2024,401442632,2,9,0,-1,4,3,5,-1,0,3,0,0,0,0,2,9,-1,6,1,25,5,-1,-1,-1,-1,6,E01034432,0,1
2024552400877,2024,552400877,2,1,0,18,19,4,8,0,0,8,0,0,0,0,3,1,2,2,1,59,9,-1,-1,-1,-1,10,E01020377,0,2
2024461473249,2024,461473249,1,1,0,-1,19,1,5,-1,9,0,0,10,1,0,3,1,-1,6,1,32,6,-1,-1,-1,-1,5,E01024356,0,1
2024131430243,2024,131430243,2,9,0,-1,9,5,1,-1,0,8,0,0,0,0,1,1,-1,2,1,51,8,-1,-1,-1,-1,1,E01011559,0,1
2024991435424,2024,991435424,3,1,0,-1,19,3,7,-1,0,0,0,0,1,0,1,1,-1,9,1,59,9,-1,-1,-1,-1,-1,-1,0,-1
2024131513125,2024,131513125,2,1,0,-1,19,3,7,-1,0,8,0,0,0,0,2,1,-1,6,1,29,6,-1,-1,-1,-1,8,E01032491,0,1
2024010495943,2024,010495943,1,9,0,18,19,4,8,0,0,1,0,0,0,0,1,1,6,6,1,34,6,-1,-1,-1,-1,-1,-1,0,-1
2024991510137,2024,991510137,1,9,0,-1,9,1,7,-1,0,5,0,0,0,0,4,1,-1,6,2,43,7,-1,-1,-1,-1,6,-1,0,1
2024631517239,2024,631517239,1,9,0,-1,19,3,7,-1,0,0,1,0,7,9,2,1,-1,6,1,20,4,-1,-1,-1,-1,4,E01028992,0,1
2024010526986,2024,010526986,1,9,0,18,19,5,1,0,0,8,0,0,0,0,4,1,1,1,2,62,9,-1,-1,-1,-1,5,E01000337,0,2
2024161401507,2024,161401507,2,9,0,-1,19,5,1,-1,0,0,0,0,0,0,1,9,-1,6,1,64,9,-1,-1,-1,-1,8,E01012975,0,2
2024131431133,2024,131431133,1,9,0,-1,-1,-1,-1,-1,-1,8,-1,-1,-1,0,-1,1,-1,6,3,-1,-1,-1,-1,-1,-1,-1,-1,0,-1
2024311469117,2024,311469117,2,22,0,-1,19,1,7,-1,1,0,0,0,0,0,0,1,-1,6,1,84,11,-1,-1,-1,-1,9,E01028069,0,1
2024302401260,2024,302401260,1,9,0,17,19,2,1,0,0,8,0,0,0,0,3,1,6,6,2,38,7,-1,-1,-1,-1,2,E01019483,0,2
2024371411168,2024,371411168,2,9,0,-1,2,0,0,-1,0,-1,0,0,0,0,3,1,-1,9,2,38,7,-1,-1,-1,-1,8,E01030152,0,1
2024122401236,2024,122401236,1,9,0,13,13,5,1,0,0,0,0,0,0,0,4,1,1,1,1,67,10,-1,-1,-1,-1,7,E01013345,0,1
2024010487968,2024,010487968,1,8,0,99,99,9,9,99,99,9,9,99,9,99,9,9,1,1,1,45,7,-1,-1,-1,-1,6,E01001070,0,4
2024440270145,2024,440270145,1,-1,0,18,19,3,7,0,0,8,0,0,0,0,0,1,6,6,1,21,5,-1,-1,-1,-1,7,E01022569,1,1
2024501449920,2024,501449920,2,1,0,-1,19,7,3,-1,0,1,0,10,0,0,1,1,-1,6,2,41,7,-1,-1,-1,-1,6,E01020143,0,1
202417M117224,2024,17M117224,2,9,0,-1,7,2,4,-1,0,8,0,0,0,0,1,1,-1,2,1,48,8,-1,-1,-1,-1,-1,-1,0,-1
2024401419757,2024,401419757,2,-1,-1,-1,-1,-1,-1,-1,-1,0,-1,-1,-1,0,-1,9,-1,6,1,38,7,-1,-1,-1,-1,2,E01017594,1,1
2024311510624,2024,311510624,1,1,0,-1,19,2,1,-1,0,0,0,0,0,0,2,1,-1,9,2,19,4,-1,-1,-1,-1,4,E01035507,0,1
2024131467883,2024,131467883,1,1,0,-1,19,7,3,-1,0,8,0,0,0,0,-1,1,-1,6,3,-1,-1,-1,-1,-1,-1,-1,-1,0,-1
2024430404557,2024,430404557,2,19,0,9,9,1,7,0,0,5,0,0,0,0,4,1,6,6,1,-1,-1,-1,-1,-1,-1,-1,-1,0,-1
2024471527879,2024,471527879,2,19,0,-1,19,3,7,-1,0,0,0,0,0,0,1,1,-1,6,3,-1,-1,-1,-1,-1,-1,-1,-1,0,-1
2024440016343,2024,440016343,2,9,0,13,13,7,3,0,0,1,0,0,0,0,4,1,6,6,2,-1,-1,-1,-1,-1,-1,-1,-1,0,-1
2024421424215,2024,421424215,4,97,0,-1,19,8,4,-1,0,0,0,0,0,0,0,1,-1,6,-1,-1,-1,-1,-1,-1,-1,-1,-1,0,-1
2024052402499,2024,052402499,3,9,0,16,19,5,8,0,0,1,0,0,0,0,0,1,1,1,3,-1,-1,-1,-1,-1,-1,-1,-1,0,-1
2024061419453,2024,061419453,1,9,0,-1,19,4,8,-1,0,0,0,0,0,0,1,1,-1,6,3,30,6,-1,-1,-1,-1,-1,-1,0,-1
2024010496876,2024,010496876,2,9,0,18,19,5,1,0,0,8,0,0,0,0,1,1,6,6,1,44,7,-1,-1,-1,-1,7,E01000387,0,1
2024991467661,2024,991467661,1,5,0,-1,11,2,6,-1,0,0,0,0,0,0,1,1,-1,9,1,20,4,-1,-1,-1,-1,4,-1,0,4
2024010534405,2024,010534405,2,1,0,18,19,7,3,4,4,1,0,0,0,0,2,1,2,2,1,35,6,-1,-1,-1,-1,6,E01002601,0,2
2024141452926,2024,141452926,2,1,0,-1,19,8,4,-1,0,0,5,0,0,0,1,1,-1,6,2,21,5,-1,-1,-1,-1,10,-1,0,5
2024010548996,2024,010548996,1,9,0,18,19,5,1,9,9,0,0,0,0,0,1,1,6,6,3,-1,-1,-1,-1,-1,-1,-1,-1,0,-1
2024010496672,2024,010496672,1,19,0,18,19,1,5,0,0,2,0,11,0,0,1,1,2,2,1,33,6,-1,-1,-1,-1,3,E01004397,0,1
2024440366421,2024,440366421,2,1,0,18,19,7,3,5,5,1,0,0,0,0,1,1,6,6,1,16,4,-1,-1,-1,-1,-1,-1,0,-1
2024010487692,2024,010487692,1,9,0,99,99,9,9,99,99,9,9,99,9,99,9,9,1,1,1,32,6,-1,-1,-1,-1,3,E01021260,0,4
2024141503896,2024,141503896,2,9,0,-1,12,3,7,-1,0,1,0,0,0,0,1,1,-1,9,1,-1,-1,-1,-1,-1,-1,2,E01007942,0,1
2024531507943,2024,531507943,1,98,4,-1,19,8,4,-1,0,2,0,0,0,0,-1,9,-1,6,3,-1,-1,-1,-1,-1,-1,-1,-1,0,-1
2024031470900,2024,031470900,2,1,0,-1,3,2,6,-1,0,0,0,0,0,0,-1,1,-1,9,1,-1,-1,-1,-1,-1,-1,-1,-1,0,-1
2024501486055,2024,501486055,2,97,0,-1,19,2,5,-1,0,1,0,0,0,0,1,1,-1,6,1,52,8,-1,-1,-1,-1,10,E01019943,0,3
2024430345051,2024,430345051,1,9,0,18,19,1,0,0,0,1,5,7,7,1,1,1,6,6,2,74,10,-1,-1,-1,-1,10,E01017784,0,2
2024010492954,2024,010492954,1,3,0,5,5,1,5,0,0,1,0,0,0,0,4,1,6,6,1,20,4,-1,-1,-1,-1,2,E01035682,0,1
2024041495796,2024,041495796,1,23,0,-1,19,3,7,-1,0,1,0,0,0,0,1,1,-1,6,3,-1,-1,-1,-1,-1,-1,-1,-1,0,-1
2024201413569,2024,201413569,2,1,0,-1,3,4,8,-1,5,8,0,0,0,0,4,1,-1,1,2,38,7,-1,-1,-1,-1,10,E01009666,0,1
2024440262895,2024,440262895,1,19,0,18,19,8,4,0,0,2,0,0,0,0,1,1,6,6,1,-1,-1,-1,-1,-1,-1,-1,-1,0,-1
2024061490958,2024,061490958,2,98,0,-1,-1,-1,-1,-1,-1,-1,-1,-1,-1,0,-1,9,-1,1,1,-1,-1,-1,-1,-1,-1,-1,-1,0,-1
2024361508729,2024,361508729,1,9,-1,-1,-1,-1,-1,-1,-1,-1,-1,-1,-1,0,-1,9,-1,6,1,-1,-1,-1,-1,-1,-1,-1,-1,0,-1
2024010530721,2024,010530721,1,8,0,99,99,9,9,99,99,9,9,99,9,99,1,9,6,6,3,-1,-1,-1,-1,-1,-1,2,E01016463,0,4
2024340WN5572,2024,340WN5572,1,9,0,-1,19,6,2,-1,0,0,0,0,0,0,1,1,-1,6,1,28,6,-1,-1,-1,-1,2,E01027178,0,2
2024221447230,2024,221447230,2,1,0,-1,19,2,6,-1,0,8,0,0,0,0,1,1,-1,6,1,18,4,-1,-1,-1,-1,-1,-1,0,-1
2024141472127,2024,141472127,2,1,0,-1,19,6,2,-1,0,0,5,0,0,0,1,1,-1,6,1,71,10,-1,-1,-1,-1,5,E01007980,0,1
2024411526650,2024,411526650,1,9,-1,-1,-1,-1,-1,-1,-1,-1,-1,-1,-1,0,-1,9,-1,6,3,-1,-1,-1,-1,-1,-1,-1,-1,0,-1
2024041474433,2024,041474433,1,9,0,-1,9,1,7,-1,0,3,0,0,0,0,1,1,-1,1,1,30,6,-1,-1,-1,-1,1,E01025590,0,1
2024161398753,2024,161398753,1,9,0,-1,19,8,4,-1,0,0,0,0,1,11,3,1,-1,6,1,30,6,-1,-1,-1,-1,1,E01035473,0,1
2024361529783,2024,361529783,1,9,0,-1,5,-1,-1,-1,0,0,0,0,0,0,4,1,-1,6,3,-1,-1,-1,-1,-1,-1,-1,-1,0,-1
2024131482313,2024,131482313,1,90,0,-1,19,7,3,-1,0,0,0,0,0,0,3,1,-1,6,3,-1,-1,-1,-1,-1,-1,-1,-1,0,-1
2024010498290,2024,010498290,2,9,9,99,99,9,9,99,99,9,9,99,9,99,9,9,6,6,3,-1,-1,-1,-1,-1,-1,-1,-1,0,-1
2024543745724,2024,543745724,2,1,0,10,10,4,1,0,0,1,0,0,0,0,2,1,6,6,1,17,4,-1,-1,-1,-1,9,E01031883,0,2
2024340NN1622,2024,340NN1622,1,9,0,-1,19,1,5,-1,0,4,0,0,0,0,3,1,-1,6,3,-1,-1,-1,-1,-1,-1,-1,-1,0,-1
2024061442527,2024,061442527,1,9,0,-1,19,3,7,-1,0,1,1,0,0,0,1,1,-1,9,1,51,8,-1,-1,-1,-1,9,E01005634,0,3
2024201410509,2024,201410509,1,9,0,-1,5,7,3,-1,0,8,0,0,0,0,1,9,-1,6,2,-1,-1,-1,-1,-1,-1,-1,-1,0,-1
2024201441142,2024,201441142,2,1,0,-1,19,5,1,-1,0,8,0,0,0,0,4,1,-1,6,1,27,6,-1,-1,-1,-1,1,E01009491,0,1
2024221479187,2024,221479187,1,19,0,-1,7,7,1,-1,0,6,0,0,0,0,3,9,-1,1,1,62,9,-1,-1,-1,-1,8,E01032442,0,3
2024131494082,2024,131494082,1,3,0,-1,19,5,5,-1,0,1,0,0,0,0,1,1,-1,6,1,26,6,-1,-1,-1,-1,2,E01010630,0,1
2024010521425,2024,010521425,1,1,0,17,19,1,5,5,5,1,0,0,0,0,3,1,2,2,1,25,5,-1,-1,-1,-1,2,E01003304,0,1
2024311455847,2024,311455847,1,-1,0,-1,19,4,8,-1,0,1,2,0,0,0,0,1,-1,9,1,48,8,-1,-1,-1,-1,-1,-1,1,-1
2024201481681,2024,201481681,1,9,0,-1,19,5,1,-1,0,8,0,0,0,0,1,1,-1,6,-1,-1,-1,-1,-1,-1,-1,-1,-1,0,-1
2024010494644,2024,010494644,2,19,0,99,99,9,9,99,99,9,9,99,9,99,0,9,6,6,3,-1,-1,-1,-1,-1,-1,-1,-1,0,-1
2024041487537,2024,041487537,1,9,0,-1,1,-1,-1,-1,0,1,0,0,0,0,2,9,-1,6,3,-1,-1,-1,-1,-1,-1,-1,-1,0,-1
2024231433442,2024,231433442,2,1,0,-1,19,6,2,-1,0,8,0,0,0,0,4,1,-1,9,1,57,9,-1,-1,-1,-1,5,E01031333,0,1
2024471490276,2024,471490276,1,90,0,-1,19,3,7,-1,0,0,0,0,2,0,1,1,-1,6,1,18,4,-1,-1,-1,-1,4,E01031610,0,1
2024522402456,2024,522402456,1,11,0,18,19,5,1,0,0,0,0,0,0,0,1,1,6,6,2,58,9,-1,-1,-1,-1,1,E01014655,0,1
2024101527626,2024,101527626,2,1,0,-1,19,1,5,-1,0,8,5,0,0,0,4,1,-1,6,1,48,8,-1,-1,-1,-1,1,E01008391,0,1
2024101401518,2024,101401518,1,1,0,-1,7,3,1,-1,0,3,0,0,0,0,2,1,-1,6,1,69,10,-1,-1,-1,-1,-1,-1,0,-1
2024010495507,2024,010495507,1,1,9,99,99,9,9,99,99,9,9,99,9,99,9,1,6,6,1,-1,-1,-1,-1,-1,-1,-1,-1,0,-1
2024010542845,2024,010542845,2,9,0,-1,-1,5,1,0,0,8,0,0,0,0,1,1,6,6,3,-1,-1,-1,-1,-1,-1,-1,-1,0,-1
2024622400112,2024,622400112,2,9,0,7,7,7,2,0,0,3,0,0,0,0,1,1,6,6,1,71,10,-1,-1,-1,-1,10,W01001194,0,3
2024010522669,2024,010522669,3,9,0,18,19,7,3,0,0,1,0,99,0,0,9,1,6,6,3,-1,-1,-1,-1,-1,-1,-1,-1,0,-1
2024101407221,2024,101407221,2,9,0,-1,4,6,5,-1,0,0,0,0,0,0,2,1,-1,6,2,60,9,-1,-1,-1,-1,9,E01027497,0,2
2024122400257,2024,122400257,2,1,0,18,19,7,3,0,0,0,0,0,0,0,1,1,2,2,1,40,7,-1,-1,-1,-1,6,E01027809,0,1
2024201513983,2024,201513983,1,9,0,-1,9,2,8,-1,0,5,0,0,0,0,1,9,-1,6,3,-1,-1,-1,-1,-1,-1,-1,-1,0,-1
2024522401714,2024,522401714,1,1,0,18,19,3,7,0,0,2,0,0,0,0,1,1,6,6,1,30,6,-1,-1,-1,-1,5,E01033364,0,1
2024010494546,2024,010494546,1,3,0,99,99,9,9,99,99,0,9,99,9,99,1,1,1,1,1,38,7,-1,-1,-1,-1,3,E01003525,0,1
2024430247282,2024,430247282,2,1,0,5,5,3,6,0,0,4,0,0,0,0,2,1,6,6,2,46,8,-1,-1,-1,-1,9,E01017703,0,3
2024010490114,2024,010490114,1,8,0,99,99,9,9,99,99,9,9,99,9,99,1,9,1,1,1,59,9,-1,-1,-1,-1,2,E01003509,0,1
2024991512039,2024,991512039,1,9,0,-1,7,5,7,-1,0,1,0,0,0,0,1,9,-1,6,3,50,8,-1,-1,-1,-1,-1,-1,0,-1
2024471396748,2024,471396748,3,9,0,-1,19,4,8,-1,0,0,0,0,1,0,2,1,-1,6,1,26,6,-1,-1,-1,-1,9,E01035352,0,3
2024361506268,2024,361506268,2,1,0,-1,19,6,2,-1,0,0,0,0,0,0,2,1,-1,1,1,43,7,-1,-1,-1,-1,7,E01033441,0,1
2024010538765,2024,010538765,2,9,0,99,99,9,9,99,99,9,9,99,9,99,9,9,6,6,3,-1,-1,-1,-1,-1,-1,-1,-1,0,-1
2024471506398,2024,471506398,1,9,0,-1,19,2,6,-1,0,0,0,0,0,0,-1,9,-1,6,2,-1,-1,-1,-1,-1,-1,-1,-1,0,-1
2024302400928,2024,302400928,3,9,0,2,2,0,0,0,0,2,0,0,0,0,0,1,6,6,3,-1,-1,-1,-1,-1,-1,-1,-1,0,-1
2024010502572,2024,010502572,1,9,0,18,19,1,5,0,0,0,0,0,0,0,2,1,6,6,1,38,7,-1,-1,-1,-1,9,E01030712,0,4
2024440027574,2024,440027574,1,9,0,2,2,0,0,0,0,0,0,0,0,0,2,1,1,1,1,28,6,-1,-1,-1,-1,8,E01023274,0,1
2024010528440,2024,010528440,2,1,9,99,99,9,9,99,99,9,9,99,9,99,9,1,6,6,1,32,6,-1,-1,-1,-1,4,E01004392,0,1
2024141432125,2024,141432125,2,1,0,-1,19,5,1,-1,0,0,0,0,0,0,2,1,-1,6,1,43,7,-1,-1,-1,-1,4,E01008136,0,1
2024010550170,2024,010550170,2,1,0,-1,-1,5,1,0,0,2,0,0,0,0,1,1,6,6,1,75,10,-1,-1,-1,-1,2,E01001206,0,1
2024061422624,2024,061422624,1,8,-1,-1,-1,-1,-1,-1,-1,0,-1,-1,-1,0,-1,9,-1,6,3,-1,-1,-1,-1,-1,-1,-1,-1,0,-1
2024440209837,2024,440209837,3,1,0,17,19,8,5,0,0,1,0,0,0,0,1,1,6,6,1,30,6,-1,-1,-1,-1,-1,-1,0,-1
2024041504982,2024,041504982,2,-1,0,-1,19,3,7,-1,0,1,0,0,0,0,4,1,-1,9,2,19,4,-1,-1,-1,-1,1,E01025287,1,1
2024221488982,2024,221488982,1,9,0,-1,4,6,3,-1,0,1,0,0,0,0,4,1,-1,6,1,37,7,-1,-1,-1,-1,4,E01014122,0,1
2024201536172,2024,201536172,1,9,0,-1,2,0,0,-1,0,4,0,0,0,0,1,1,-1,6,1,50,8,-1,-1,-1,-1,-1,-1,0,-1
2024131408064,2024,131408064,1,9,0,-1,-1,-1,-1,-1,-1,-1,-1,-1,-1,-1,-1,1,-1,6,3,-1,-1,-1,-1,-1,-1,-1,-1,0,-1
2024122401224,2024,122401224,1,1,0,17,19,2,6,0,0,0,0,0,0,0,0,1,6,6,1,61,9,-1,-1,-1,-1,10,E01027662,0,3
2024010487450,2024,010487450,1,1,9,99,99,9,9,99,99,9,9,99,9,99,9,1,2,2,1,40,7,-1,-1,-1,-1,4,E01003376,0,3
2024471524201,2024,471524201,2,1,0,-1,19,4,2,-1,0,1,0,0,0,0,4,1,-1,6,1,16,4,-1,-1,-1,-1,4,E01031833,0,1
2024610013424,2024,610013424,3,9,0,18,19,8,4,0,0,1,0,0,0,0,1,1,6,6,2,56,9,-1,-1,-1,-1,10,W01001793,0,2
2024320254776,2024,320254776,2,9,0,-1,-1,7,3,0,0,8,0,0,0,0,1,1,6,6,2,25,5,-1,-1,-1,-1,-1,-1,0,-1
2024010491666,2024,010491666,2,9,0,99,99,9,9,99,99,9,9,99,9,99,9,9,6,6,3,-1,-1,-1,-1,-1,-1,-1,-1,0,-1
2024141410022,2024,141410022,2,1,0,-1,19,3,7,-1,0,1,0,0,0,0,1,1,-1,6,1,44,7,-1,-1,-1,-1,1,E01008086,0,1
2024332400679,2024,332400679,2,1,0,-1,14,5,1,-1,0,8,0,0,0,0,1,1,-1,9,1,19,4,-1,-1,-1,-1,1,E01013651,0,1
2024010543106,2024,010543106,1,1,0,18,19,1,5,0,0,2,0,0,0,0,1,1,2,2,1,20,4,-1,-1,-1,-1,2,E01003338,0,2
2024440328369,2024,440328369,1,1,0,18,19,7,3,9,9,0,0,0,1,11,1,1,6,6,1,69,10,-1,-1,-1,-1,-1,-1,0,-1
2024201427210,2024,201427210,1,9,0,-1,8,3,5,-1,0,1,0,0,0,0,1,1,-1,6,1,28,6,-1,-1,-1,-1,-1,-1,0,-1
2024131441851,2024,131441851,2,1,0,-1,19,1,5,-1,0,1,0,0,0,0,1,1,-1,6,2,11,3,-1,-1,-1,-1,6,E01010816,0,1
2024052401934,2024,052401934,1,9,0,18,19,2,6,0,0,1,0,0,0,0,1,1,6,6,3,-1,-1,-1,-1,-1,-1,-1,-1,0,-1
2024010503228,2024,010503228,2,9,0,99,99,9,9,99,99,9,9,99,9,99,9,9,6,6,3,31,6,-1,-1,-1,-1,2,E01023339,0,3
2024430043134,2024,430043134,1,9,0,18,19,1,5,0,0,1,0,0,0,0,1,1,6,6,1,83,11,-1,-1,-1,-1,4,E01016421,0,1
2024501521325,2024,501521325,2,1,0,-1,19,5,1,-1,0,1,1,0,0,0,1,1,-1,6,1,53,8,-1,-1,-1,-1,6,E01034860,0,3
2024131470550,2024,131470550,2,9,0,-1,19,7,3,-1,0,0,0,4,7,11,1,1,-1,6,-1,-1,-1,-1,-1,-1,-1,-1,-1,0,-1
2024501501947,2024,501501947,1,9,0,-1,19,5,1,-1,0,0,0,0,7,0,1,9,-1,6,1,-1,-1,-1,-1,-1,-1,-1,-1,0,-1
2024161485073,2024,161485073,2,9,0,-1,19,5,1,-1,0,0,0,0,0,0,2,9,-1,6,1,51,8,-1,-1,-1,-1,10,E01034757,0,1
2024430109870,2024,430109870,2,9,0,18,19,1,5,0,0,8,0,0,0,0,3,1,6,6,1,-1,-1,-1,-1,-1,-1,-1,-1,0,-1
2024991445316,2024,991445316,1,5,0,-1,19,8,4,-1,0,0,0,0,7,7,1,1,-1,9,1,34,6,-1,-1,-1,-1,6,-1,0,2
2024061459535,2024,061459535,1,9,0,-1,19,5,1,-1,0,2,0,0,0,0,0,1,-1,1,3,20,4,-1,-1,-1,-1,-1,-1,0,-1