collision_index,collision_year,collision_ref_no,vehicle_reference,vehicle_type,towing_and_articulation,vehicle_manoeuvre_historic,vehicle_manoeuvre,vehicle_direction_from,vehicle_direction_to,vehicle_location_restricted_lane_historic,vehicle_location_restricted_lane,junction_location,skidding_and_overturning,hit_object_in_carriageway,vehicle_leaving_carriageway,hit_object_off_carriageway,first_point_of_impact,vehicle_left_hand_drive,journey_purpose_of_driver_historic,journey_purpose_of_driver,sex_of_driver,age_of_driver,age_band_of_driver,engine_capacity_cc,propulsion_code,age_of_vehicle,generic_make_model,driver_imd_decile,lsoa_of_driver,escooter_flag,driver_distance_banding
2024440312262,2024,440312262,2,9,0,18,19,6,2,0,0,8,0,0,0,0,1,1,6,6,2,42,7,-1,-1,-1,-1,5,E01017243,0,2
2024010514868,2024,010514868,2,1,0,18,19,1,5,2,2,1,0,0,0,0,4,1,6,6,1,18,4,-1,-1,-1,-1,5,E01003276,0,1
2024101450321,2024,101450321,1,1,0,-1,19,7,3,-1,9,8,5,0,0,0,1,1,-1,9,1,10,2,-1,-1,-1,-1,4,E01008768,0,1
2024052401557,2024,052401557,2,1,0,11,11,3,7,0,0,0,0,0,0,0,1,1,6,6,2,18,4,-1,-1,-1,-1,1,E01006957,0,1
2024610019124,2024,610019124,2,9,0,18,19,1,5,0,0,2,0,0,0,0,3,1,6,6,2,49,8,-1,-1,-1,-1,7,W01001372,0,1
2024201467913,2024,201467913,1,1,0,-1,5,5,1,-1,0,6,0,0,0,0,1,1,-1,6,1,20,4,-1,-1,-1,-1,1,E01010445,0,1
2024340WN6502,2024,340WN6502,1,9,0,-1,13,3,7,-1,0,0,0,0,1,10,1,1,-1,2,1,20,4,-1,-1,-1,-1,1,E01008906,0,4
2024201489350,2024,201489350,1,9,0,-1,19,4,8,-1,0,0,0,0,0,0,3,9,-1,6,1,35,6,-1,-1,-1,-1,-1,-1,0,-1
2024010538479,2024,010538479,2,1,9,99,99,9,9,99,99,9,9,99,9,99,9,1,6,6,1,42,7,-1,-1,-1,-1,7,E01003867,0,1
2024211463391,2024,211463391,1,1,0,-1,19,7,3,-1,0,0,1,0,0,0,1,1,-1,9,1,12,3,-1,-1,-1,-1,-1,-1,0,-1
2024041457203,2024,041457203,1,9,0,-1,19,-1,-1,-1,0,0,0,0,0,0,-1,9,-1,6,3,-1,-1,-1,-1,-1,-1,-1,-1,0,-1
2024010514075,2024,010514075,3,4,0,5,5,5,1,0,0,1,0,0,0,0,2,1,6,6,1,57,9,-1,-1,-1,-1,4,E01023956,0,4
2024332401197,2024,332401197,2,9,0,-1,19,7,3,-1,0,0,0,0,0,0,4,1,-1,6,3,-1,-1,-1,-1,-1,-1,-1,-1,0,-1
2024631433020,2024,631433020,2,1,0,-1,19,2,6,-1,0,0,0,0,0,0,0,1,-1,6,1,63,9,-1,-1,-1,-1,8,W01000481,0,1
2024531521237,2024,531521237,1,9,0,-1,19,7,3,-1,0,0,1,0,0,0,1,1,-1,6,1,55,8,-1,-1,-1,-1,7,E01022234,0,1
2024371538545,2024,371538545,2,1,0,-1,19,4,8,-1,0,1,5,0,0,0,2,1,-1,6,1,57,9,-1,-1,-1,-1,6,E01030020,0,1
2024351443588,2024,351443588,2,1,0,-1,19,-1,-1,-1,0,-1,2,0,0,0,4,1,-1,6,2,30,6,-1,-1,-1,-1,4,E01017945,0,1
2024131475265,2024,131475265,2,1,0,-1,19,2,6,-1,0,8,0,0,0,0,4,1,-1,6,1,74,10,-1,-1,-1,-1,9,E01010953,0,3
2024010490874,2024,010490874,2,3,0,15,15,5,1,0,0,5,0,10,0,0,4,1,2,2,1,44,7,-1,-1,-1,-1,8,E01003673,0,1
2024461462415,2024,461462415,2,9,0,-1,19,3,7,-1,0,1,0,0,1,0,1,1,-1,9,2,62,9,-1,-1,-1,-1,6,E01024205,0,2
2024351466996,2024,351466996,1,98,0,-1,19,1,5,-1,0,0,0,0,0,0,3,2,-1,1,1,61,9,-1,-1,-1,-1,6,E01013048,0,5
2024471433322,2024,471433322,1,9,0,-1,13,8,4,-1,0,1,0,0,0,0,4,9,-1,6,1,-1,-1,-1,-1,-1,-1,-1,-1,0,-1
2024111487238,2024,111487238,1,9,0,-1,8,4,7,-1,0,2,0,0,0,0,2,1,-1,6,1,26,6,-1,-1,-1,-1,2,E01020894,0,1
2024010518989,2024,010518989,2,1,0,5,5,5,1,0,0,0,0,10,1,0,1,1,6,6,2,28,6,-1,-1,-1,-1,2,E01004248,0,1
2024061438931,2024,061438931,1,9,0,-1,-1,-1,-1,-1,-1,0,-1,-1,-1,0,-1,1,-1,6,3,-1,-1,-1,-1,-1,-1,-1,-1,0,-1
2024052400618,2024,052400618,1,1,0,18,19,1,5,0,0,0,0,0,0,0,1,1,2,2,1,37,7,-1,-1,-1,-1,3,E01012368,0,2
2024141529255,2024,141529255,1,9,0,-1,19,8,4,-1,0,0,0,0,0,0,1,1,-1,1,2,67,10,-1,-1,-1,-1,1,E01007726,0,1
2024010494814,2024,010494814,2,9,0,99,99,9,9,99,99,9,9,99,9,99,1,9,6,6,3,-1,-1,-1,-1,-1,-1,-1,-1,0,-1
2024061482066,2024,061482066,1,9,0,-1,19,-1,-1,-1,0,8,0,1,0,0,3,1,-1,2,2,57,9,-1,-1,-1,-1,3,E01005498,0,2
2024010516087,2024,010516087,1,3,0,99,99,9,9,99,99,9,9,99,9,99,1,1,6,6,3,-1,-1,-1,-1,-1,-1,-1,-1,0,-1
2024010496865,2024,010496865,1,11,0,4,4,1,5,0,0,0,0,0,0,0,4,1,1,1,1,34,6,-1,-1,-1,-1,5,E01031554,0,4
2024161461591,2024,161461591,2,1,0,-1,19,7,3,-1,0,0,0,0,0,0,3,1,-1,6,1,13,3,-1,-1,-1,-1,2,E01013195,0,1
2024221412772,2024,221412772,1,1,0,-1,19,4,8,-1,0,8,0,0,0,0,1,1,-1,2,1,65,9,-1,-1,-1,-1,2,E01032474,0,1
2024010525219,2024,010525219,2,97,0,15,15,9,9,99,99,0,9,99,9,99,1,1,6,6,3,-1,-1,-1,-1,-1,-1,-1,-1,0,-1
2024351509799,2024,351509799,2,9,-1,-1,9,1,5,-1,0,0,0,0,0,0,-1,9,-1,6,3,-1,-1,-1,-1,-1,-1,-1,-1,0,-1
2024351398439,2024,351398439,1,-1,0,-1,7,3,8,-1,0,0,0,0,0,0,1,9,-1,6,1,19,4,-1,-1,-1,-1,7,E01035522,1,1
2024520500115,2024,520500115,2,9,9,18,19,9,9,0,0,8,0,0,0,0,9,9,6,6,3,-1,-1,-1,-1,-1,-1,-1,-1,0,-1
2024141405316,2024,141405316,2,9,0,-1,19,1,5,-1,0,8,0,0,0,0,1,1,-1,2,1,51,8,-1,-1,-1,-1,1,E01007737,0,1
2024061407224,2024,061407224,1,9,0,-1,19,1,1,-1,0,1,0,0,0,0,1,2,-1,6,3,30,6,-1,-1,-1,-1,-1,-1,0,-1
2024302400069,2024,302400069,1,-1,0,7,7,8,2,0,0,8,0,0,0,0,0,1,6,6,1,17,4,-1,-1,-1,-1,8,E01034254,1,1
2024552401418,2024,552401418,1,9,0,18,19,2,6,0,0,0,0,0,0,0,1,1,6,6,3,-1,-1,-1,-1,-1,-1,-1,-1,0,-1
2024010508305,2024,010508305,1,9,0,5,5,0,7,0,0,8,0,0,0,0,1,1,6,6,3,-1,-1,-1,-1,-1,-1,-1,-1,0,-1
2024610019124,2024,610019124,1,9,0,18,19,5,1,0,0,1,0,0,0,0,3,1,6,6,2,78,11,-1,-1,-1,-1,4,W01001401,0,2
2024501492438,2024,501492438,1,9,0,-1,19,3,1,-1,0,1,0,0,0,0,4,1,-1,6,3,-1,-1,-1,-1,-1,-1,-1,-1,0,-1
2024122400040,2024,122400040,2,1,0,18,19,1,5,0,0,8,0,0,0,0,4,1,6,6,1,45,7,-1,-1,-1,-1,10,E01013411,0,1
2024552400518,2024,552400518,1,2,0,18,19,6,2,0,0,0,1,0,0,0,1,1,6,6,1,16,4,-1,-1,-1,-1,8,E01020497,0,2
2024010519077,2024,010519077,2,9,9,99,99,9,9,99,99,9,9,99,9,99,9,1,6,6,1,49,8,-1,-1,-1,-1,4,E01004711,0,1
2024351430101,2024,351430101,1,19,0,-1,3,-1,-1,-1,0,1,0,0,0,0,1,9,-1,6,3,-1,-1,-1,-1,-1,-1,-1,-1,0,-1
2024052401616,2024,052401616,2,1,0,18,19,5,1,0,0,3,0,0,0,0,4,1,6,6,1,70,10,-1,-1,-1,-1,3,E01006805,0,1
2024991503717,2024,991503717,2,9,0,-1,4,5,1,-1,0,1,0,0,0,0,2,1,-1,6,1,77,11,-1,-1,-1,-1,7,-1,0,1
2024421399626,2024,421399626,2,9,0,-1,4,1,5,-1,0,0,0,0,0,0,2,9,-1,9,1,55,8,-1,-1,-1,-1,1,E01027239,0,4
2024211405222,2024,211405222,1,9,0,-1,19,1,6,-1,0,8,0,0,0,0,3,1,-1,6,1,37,7,-1,-1,-1,-1,3,E01014296,0,1
2024221473703,2024,221473703,2,1,0,-1,19,6,2,-1,0,0,0,0,0,0,1,1,-1,9,2,12,3,-1,-1,-1,-1,6,E01014078,0,1
2024351489451,2024,351489451,1,5,0,-1,19,1,5,-1,0,1,0,0,0,0,1,1,-1,1,1,53,8,-1,-1,-1,-1,4,E01018109,0,1
2024010495387,2024,010495387,2,9,0,99,99,9,9,99,99,9,9,99,9,99,1,9,6,6,3,-1,-1,-1,-1,-1,-1,5,E01004363,0,2
2024061482824,2024,061482824,1,9,0,-1,19,6,3,-1,0,0,0,0,0,0,4,1,-1,6,3,30,6,-1,-1,-1,-1,-1,-1,0,-1
2024141397729,2024,141397729,1,1,0,-1,19,7,3,-1,9,1,0,0,0,0,1,1,-1,9,1,21,5,-1,-1,-1,-1,2,E01007579,0,1
2024041477546,2024,041477546,2,9,0,-1,19,4,8,-1,0,0,0,0,0,0,3,1,-1,9,1,18,4,-1,-1,-1,-1,6,E01025421,0,2
2024991426966,2024,991426966,2,22,0,-1,19,8,7,-1,0,8,2,0,0,0,1,1,-1,9,1,88,11,-1,-1,-1,-1,4,-1,0,1
2024991488105,2024,991488105,2,1,0,-1,19,1,5,-1,0,0,2,8,0,0,1,1,-1,9,1,67,10,-1,-1,-1,-1,6,-1,0,1
2024010524974,2024,010524974,2,97,0,99,99,9,9,99,99,9,9,99,9,99,9,1,6,6,3,-1,-1,-1,-1,-1,-1,-1,-1,0,-1
2024991499563,2024,991499563,2,1,0,-1,19,7,3,-1,0,1,0,0,0,0,1,1,-1,9,1,41,7,-1,-1,-1,-1,8,-1,0,1
2024430014544,2024,430014544,1,9,0,9,9,8,6,0,0,5,0,0,0,0,1,1,2,2,1,18,4,-1,-1,-1,-1,7,E01033967,0,4
2024010511118,2024,010511118,1,-1,0,5,5,0,5,9,9,1,0,0,0,0,1,1,6,6,1,23,5,-1,-1,-1,-1,2,E01000017,1,1
2024010488990,2024,010488990,2,9,0,99,99,9,9,99,99,0,9,99,9,99,1,9,6,6,3,-1,-1,-1,-1,-1,-1,-1,-1,0,-1
2024991488670,2024,991488670,1,9,0,-1,19,8,4,-1,0,0,2,0,0,0,1,2,-1,9,1,21,5,-1,-1,-1,-1,-1,-1,0,-1
2024010494468,2024,010494468,1,9,0,18,19,7,3,0,0,1,0,0,0,0,4,1,2,2,1,48,8,-1,-1,-1,-1,2,E01001191,0,2
2024010501524,2024,010501524,1,9,0,7,7,7,1,4,4,1,0,0,0,0,1,1,6,6,3,-1,-1,-1,-1,-1,-1,-1,-1,0,-1
2024010494378,2024,010494378,1,9,0,99,99,9,9,0,0,1,9,99,9,99,2,9,6,6,2,44,7,-1,-1,-1,-1,9,E01001028,0,1
2024451436566,2024,451436566,1,9,0,-1,19,1,5,-1,0,0,0,0,1,11,1,1,-1,2,1,20,4,-1,-1,-1,-1,9,E01030421,0,2
2024320013448,2024,320013448,1,9,0,18,19,3,7,0,0,0,5,0,0,0,3,1,6,6,1,23,5,-1,-1,-1,-1,7,E01026338,0,1
2024991423852,2024,991423852,1,9,0,-1,15,6,2,-1,0,0,0,0,0,0,2,1,-1,9,1,38,7,-1,-1,-1,-1,6,-1,0,1
2024361400870,2024,361400870,2,1,-1,-1,-1,-1,-1,-1,-1,0,-1,-1,-1,0,1,1,-1,6,1,-1,-1,-1,-1,-1,-1,-1,-1,0,-1
2024371418402,2024,371418402,1,9,0,-1,19,3,7,-1,0,0,0,0,0,0,1,1,-1,9,1,74,10,-1,-1,-1,-1,2,E01030289,0,1
2024101481005,2024,101481005,1,97,0,-1,7,4,6,-1,0,8,5,0,0,0,1,1,-1,6,1,-1,-1,-1,-1,-1,-1,-1,-1,0,-1
202417M313124,2024,17M313124,1,2,0,-1,19,7,3,-1,0,0,0,0,1,0,1,1,-1,9,1,22,5,-1,-1,-1,-1,-1,-1,0,-1
2024311493435,2024,311493435,1,-1,0,-1,19,2,6,-1,9,2,0,0,0,0,1,9,-1,6,2,30,6,-1,-1,-1,-1,-1,-1,1,-1
2024430092786,2024,430092786,1,9,0,18,19,8,4,0,0,1,0,0,0,0,3,1,2,2,2,35,6,-1,-1,-1,-1,10,E01016532,0,1
2024430461015,2024,430461015,2,1,0,18,19,4,8,0,0,1,0,0,0,0,3,1,6,6,1,57,9,-1,-1,-1,-1,8,E01016515,0,1
2024010538457,2024,010538457,2,9,0,9,9,8,6,0,0,1,0,0,0,0,1,1,6,6,1,52,8,-1,-1,-1,-1,-1,-1,0,-1
2024211421096,2024,211421096,2,9,0,-1,19,6,2,-1,0,0,0,0,0,0,1,9,-1,6,1,44,7,-1,-1,-1,-1,10,E01029776,0,1
2024351502100,2024,351502100,2,-1,0,-1,19,5,8,-1,0,2,0,0,0,0,2,1,-1,9,1,15,3,-1,-1,-1,-1,2,E01035538,1,1
2024332400714,2024,332400714,2,9,0,-1,9,8,6,-1,0,5,0,0,0,0,0,1,-1,6,3,-1,-1,-1,-1,-1,-1,-1,-1,0,-1
2024201500031,2024,201500031,1,9,0,-1,19,7,3,-1,0,0,0,4,0,0,1,1,-1,6,1,29,6,-1,-1,-1,-1,3,E01009084,0,1
2024010487134,2024,010487134,1,8,0,4,4,1,5,0,0,0,0,0,0,0,3,1,1,1,1,28,6,-1,-1,-1,-1,9,E01030389,0,3
2024131463585,2024,131463585,2,1,0,-1,19,1,5,-1,0,1,0,0,0,0,4,1,-1,6,1,70,10,-1,-1,-1,-1,2,E01011027,0,2
2024311395316,2024,311395316,1,9,0,-1,19,1,5,-1,0,0,0,0,1,0,1,1,-1,6,1,17,4,-1,-1,-1,-1,-1,-1,0,-1
2024201404775,2024,201404775,1,9,0,-1,9,1,7,-1,0,6,0,0,0,0,1,9,-1,6,3,-1,-1,-1,-1,-1,-1,-1,-1,0,-1
2024320330503,2024,320330503,1,1,0,-1,-1,1,5,0,0,1,0,0,0,0,2,1,-1,-1,1,13,3,-1,-1,-1,-1,3,E01026102,0,1
2024161447757,2024,161447757,1,9,0,-1,19,4,8,-1,9,0,0,0,0,0,4,9,-1,6,2,-1,-1,-1,-1,-1,-1,-1,-1,0,-1
2024061476636,2024,061476636,2,1,0,-1,19,7,3,-1,0,6,5,0,0,0,3,1,-1,6,1,62,9,-1,-1,-1,-1,2,E01005260,0,1
2024522402780,2024,522402780,2,9,0,9,9,7,5,0,0,6,0,0,0,0,1,1,6,6,1,37,7,-1,-1,-1,-1,5,E01035223,0,1
2024010524987,2024,010524987,2,1,0,18,19,1,5,4,4,1,0,0,0,0,3,1,6,6,1,61,9,-1,-1,-1,-1,2,E01001328,0,1
2024552400814,2024,552400814,2,1,0,18,19,8,4,4,4,0,0,0,0,0,3,1,6,6,1,38,7,-1,-1,-1,-1,4,E01015321,0,1
2024311439163,2024,311439163,2,1,0,-1,19,6,1,-1,0,0,1,0,0,0,1,1,-1,6,1,72,10,-1,-1,-1,-1,-1,-1,0,-1
2024542273124,2024,542273124,2,10,0,3,3,6,2,0,0,0,0,0,0,0,2,1,1,1,1,59,9,-1,-1,-1,-1,10,E01031903,0,3
2024440405498,2024,440405498,1,9,0,18,19,5,1,0,0,0,0,0,0,0,3,1,6,6,3,-1,-1,-1,-1,-1,-1,-1,-1,0,-1
2024531523675,2024,531523675,2,9,0,-1,19,1,5,-1,0,1,0,0,0,0,1,1,-1,9,1,66,10,-1,-1,-1,-1,10,E01022415,0,1
2024131416892,2024,131416892,2,1,0,-1,19,6,2,-1,0,1,0,0,0,0,3,1,-1,6,1,19,4,-1,-1,-1,-1,3,E01011670,0,1
2024010506184,2024,010506184,1,1,9,99,99,9,9,99,99,9,9,99,9,99,9,1,2,2,1,29,6,-1,-1,-1,-1,3,E01034205,0,1
2024231531721,2024,231531721,1,21,1,-1,4,2,6,-1,0,0,0,0,5,6,1,1,-1,1,1,57,9,-1,-1,-1,-1,6,E01034656,0,4
2024052401864,2024,052401864,2,1,0,18,19,7,3,0,0,1,0,0,0,0,3,1,2,2,1,18,4,-1,-1,-1,-1,1,E01006871,0,1
2024320401144,2024,320401144,2,9,0,-1,-1,2,6,0,0,0,0,0,1,4,3,1,6,6,2,39,7,-1,-1,-1,-1,1,E01026083,0,1
2024141413084,2024,141413084,1,9,0,-1,19,4,8,-1,9,0,1,0,2,11,1,1,-1,9,1,28,6,-1,-1,-1,-1,1,E01034842,0,1
2024302401167,2024,302401167,2,22,0,18,19,1,5,9,9,2,0,0,0,0,4,1,6,6,1,77,11,-1,-1,-1,-1,2,E01013598,0,1
2024010493145,2024,010493145,2,9,0,99,99,9,9,99,99,9,9,99,9,99,1,9,6,6,3,-1,-1,-1,-1,-1,-1,-1,-1,0,-1
2024010530144,2024,010530144,2,9,9,99,99,9,9,99,99,9,9,99,9,99,9,1,6,6,3,-1,-1,-1,-1,-1,-1,-1,-1,0,-1
2024311484806,2024,311484806,2,23,0,-1,19,1,5,-1,0,1,0,0,1,0,1,1,-1,6,1,-1,-1,-1,-1,-1,-1,-1,-1,0,-1
2024131483855,2024,131483855,2,1,0,-1,19,7,3,-1,0,0,0,0,0,0,3,1,-1,9,1,53,8,-1,-1,-1,-1,5,E01011228,0,1
2024131518410,2024,131518410,2,9,0,-1,19,7,3,-1,0,8,1,0,7,0,1,1,-1,6,1,25,5,-1,-1,-1,-1,1,E01011344,0,1
2024421393910,2024,421393910,2,90,0,-1,5,1,6,-1,0,2,0,0,0,0,1,2,-1,1,1,35,6,-1,-1,-1,-1,1,E01021323,0,1
2024211546186,2024,211546186,1,9,0,-1,7,5,1,-1,0,1,0,0,0,0,4,9,-1,6,3,-1,-1,-1,-1,-1,-1,-1,-1,0,-1
2024471490613,2024,471490613,2,1,0,-1,19,1,5,-1,0,8,0,0,0,0,2,1,-1,6,1,53,8,-1,-1,-1,-1,7,E01016912,0,1
2024411475154,2024,411475154,2,9,-1,-1,-1,-1,-1,-1,-1,1,-1,-1,-1,0,-1,9,-1,6,3,-1,-1,-1,-1,-1,-1,-1,-1,0,-1
2024461424368,2024,461424368,5,17,0,-1,2,0,0,-1,0,0,0,0,0,0,2,1,-1,6,-1,-1,-1,-1,-1,-1,-1,-1,-1,0,-1
2024440431979,2024,440431979,2,9,0,10,10,7,1,0,0,0,0,0,0,0,1,1,1,1,1,47,8,-1,-1,-1,-1,5,E01035459,0,2
2024440336939,2024,440336939,1,9,0,18,19,7,3,0,0,0,0,0,0,0,1,1,6,6,1,52,8,-1,-1,-1,-1,4,E01017022,0,1
2024141434928,2024,141434928,2,-1,0,-1,5,4,8,-1,0,6,0,0,0,0,1,1,-1,6,1,11,3,-1,-1,-1,-1,6,E01007753,1,1
2024010527437,2024,010527437,1,1,9,99,99,9,9,99,99,9,9,99,9,99,9,1,6,6,1,15,3,-1,-1,-1,-1,6,E01003223,0,1
2024461511695,2024,461511695,2,9,0,-1,19,7,3,-1,0,0,0,0,0,0,3,2,-1,6,1,52,8,-1,-1,-1,-1,-1,-1,0,-1
2024552401032,2024,552401032,1,8,0,18,19,8,4,0,0,0,0,0,0,0,4,1,6,6,3,-1,-1,-1,-1,-1,-1,-1,-1,0,-1
2024320455280,2024,320455280,2,9,0,4,4,4,8,0,0,0,0,0,1,9,2,1,-1,-1,1,73,10,-1,-1,-1,-1,-1,-1,0,-1
2024201394377,2024,201394377,1,9,0,-1,19,5,1,-1,0,1,0,0,0,0,1,1,-1,6,2,-1,-1,-1,-1,-1,-1,-1,-1,0,-1
2024010519849,2024,010519849,1,9,0,18,19,1,5,0,0,0,0,0,0,0,1,1,6,6,1,19,4,-1,-1,-1,-1,-1,-1,0,-1
2024991503263,2024,991503263,3,9,0,-1,19,7,3,-1,0,0,0,0,0,0,1,1,-1,2,1,53,8,-1,-1,-1,-1,-1,-1,0,-1
2024010533539,2024,010533539,1,1,0,5,5,5,1,0,0,2,0,0,0,0,1,1,2,2,2,51,8,-1,-1,-1,-1,4,E01004752,0,1
2024010497019,2024,010497019,2,9,0,99,99,9,9,99,99,9,9,99,9,99,9,9,6,6,3,-1,-1,-1,-1,-1,-1,-1,-1,0,-1
2024451526703,2024,451526703,2,97,0,-1,19,3,3,-1,0,1,0,0,8,0,4,1,-1,2,1,61,9,-1,-1,-1,-1,2,E01016906,0,4
2024201446137,2024,201446137,2,1,0,-1,5,2,6,-1,0,4,0,0,0,0,1,1,-1,2,1,24,5,-1,-1,-1,-1,1,E01008899,0,1
2024991460462,2024,991460462,2,9,0,-1,5,1,1,-1,0,4,0,0,0,0,2,1,-1,6,2,22,5,-1,-1,-1,-1,5,-1,0,4
2024010525435,2024,010525435,1,9,0,18,19,1,5,0,0,1,0,0,0,0,1,1,2,2,1,39,7,-1,-1,-1,-1,2,E01001282,0,3
2024461512990,2024,461512990,1,2,0,-1,19,-1,-1,-1,0,1,0,0,0,0,-1,1,-1,6,1,19,4,-1,-1,-1,-1,-1,-1,0,-1
2024430031145,2024,430031145,1,9,0,9,9,8,6,0,0,5,1,0,1,7,1,1,6,6,3,-1,-1,-1,-1,-1,-1,-1,-1,0,-1
2024552400984,2024,552400984,2,9,0,18,19,2,6,0,0,8,0,0,0,0,1,1,6,6,1,19,4,-1,-1,-1,-1,7,E01015352,0,1
2024461420872,2024,461420872,7,9,0,-1,2,0,0,-1,9,0,0,0,0,0,4,1,-1,6,-1,-1,-1,-1,-1,-1,-1,-1,-1,0,-1
2024430406454,2024,430406454,1,9,0,18,19,6,2,0,0,0,0,0,0,0,4,1,6,6,3,-1,-1,-1,-1,-1,-1,-1,-1,0,-1
2024221424521,2024,221424521,1,9,4,-1,19,3,7,-1,0,8,0,0,0,0,1,1,-1,1,1,28,6,-1,-1,-1,-1,5,E01014004,0,3
2024041536335,2024,041536335,2,1,0,-1,5,5,7,-1,0,6,0,0,0,0,3,1,-1,6,1,56,9,-1,-1,-1,-1,4,E01025100,0,1
202460Q093784,2024,60Q093784,2,1,0,18,19,8,4,0,0,8,0,0,0,0,1,1,6,6,2,60,9,-1,-1,-1,-1,-1,-1,0,-1
2024451473142,2024,451473142,2,9,0,-1,19,1,3,-1,0,1,0,0,0,0,1,2,-1,6,2,30,6,-1,-1,-1,-1,10,E01030948,0,1
2024610018124,2024,610018124,2,9,0,4,4,3,7,0,0,0,0,0,0,0,1,1,6,6,2,24,5,-1,-1,-1,-1,2,W01001332,0,1
2024501459614,2024,501459614,2,9,0,-1,5,4,8,-1,0,0,1,0,1,10,3,2,-1,9,2,71,10,-1,-1,-1,-1,-1,-1,0,-1
2024361440909,2024,361440909,2,1,0,-1,19,4,7,-1,0,1,0,0,0,0,1,1,-1,6,1,17,4,-1,-1,-1,-1,-1,-1,0,-1
2024010549872,2024,010549872,3,90,0,18,19,3,7,1,1,1,1,0,0,0,0,1,1,1,1,32,6,-1,-1,-1,-1,6,E01024554,0,4
2024010529585,2024,010529585,2,9,0,99,99,9,9,99,99,9,9,99,9,99,1,9,6,6,3,34,6,-1,-1,-1,-1,-1,-1,0,-1
2024371488025,2024,371488025,1,9,0,-1,19,4,4,-1,0,1,0,0,0,0,1,2,-1,9,1,48,8,-1,-1,-1,-1,-1,-1,0,-1
2024041551066,2024,041551066,1,9,0,-1,19,5,1,-1,0,1,0,0,0,0,-1,9,-1,6,3,-1,-1,-1,-1,-1,-1,-1,-1,0,-1
2024430050764,2024,430050764,2,1,0,18,19,7,3,0,0,8,0,0,0,0,4,1,2,2,1,69,10,-1,-1,-1,-1,9,E01035741,0,1
2024010514263,2024,010514263,2,1,0,18,19,5,1,0,0,1,0,0,0,0,1,1,6,6,1,54,8,-1,-1,-1,-1,3,E01002702,0,1
2024302401654,2024,302401654,1,9,0,-1,12,2,7,-1,0,8,0,0,0,0,1,1,-1,6,3,-1,-1,-1,-1,-1,-1,5,E01019456,0,3
2024010515326,2024,010515326,1,1,9,99,99,9,9,99,99,1,9,99,9,99,9,1,2,2,1,38,7,-1,-1,-1,-1,4,E01001241,0,1
2024221412438,2024,221412438,2,9,0,-1,19,1,5,-1,0,4,0,0,0,0,1,1,-1,6,2,21,5,-1,-1,-1,-1,8,E01029905,0,5
2024430423725,2024,430423725,3,21,1,10,10,1,7,8,6,1,0,0,0,0,0,2,1,1,1,41,7,-1,-1,-1,-1,-1,-1,0,-1
2024010539232,2024,010539232,1,1,9,5,5,5,1,0,0,9,9,0,0,0,2,1,1,1,1,31,6,-1,-1,-1,-1,2,E01002741,0,1
2024201478276,2024,201478276,3,9,0,-1,19,5,1,-1,0,4,0,0,0,0,2,1,-1,1,1,32,6,-1,-1,-1,-1,3,E01009508,0,1
2024311470137,2024,311470137,1,1,0,-1,19,7,3,-1,0,0,5,0,0,0,3,1,-1,6,1,32,6,-1,-1,-1,-1,1,E01010311,0,4
2024161497791,2024,161497791,2,1,0,-1,19,8,4,-1,0,3,0,0,0,0,1,1,-1,9,1,51,8,-1,-1,-1,-1,4,E01013146,0,1
2024311526277,2024,311526277,2,9,0,-1,4,1,5,-1,0,0,0,0,0,0,2,1,-1,6,1,21,5,-1,-1,-1,-1,-1,-1,0,-1
2024131507798,2024,131507798,2,1,0,-1,19,7,1,-1,0,1,0,0,0,0,2,1,-1,9,1,15,3,-1,-1,-1,-1,1,E01010840,0,1
2024010527361,2024,010527361,1,8,0,99,99,9,9,99,99,9,9,99,9,99,0,9,6,6,3,-1,-1,-1,-1,-1,-1,-1,-1,0,-1
2024010548542,2024,010548542,1,1,9,99,99,9,9,99,99,0,9,99,9,99,9,1,6,6,2,24,5,-1,-1,-1,-1,3,E01001744,0,1
2024131432719,2024,131432719,1,9,0,-1,-1,-1,-1,-1,-1,-1,-1,-1,-1,0,-1,1,-1,6,3,-1,-1,-1,-1,-1,-1,-1,-1,0,-1
2024010517868,2024,010517868,1,-1,0,18,19,5,1,9,9,1,0,0,0,0,1,1,6,6,1,36,7,-1,-1,-1,-1,6,E01003167,1,1
2024010524672,2024,010524672,2,1,0,15,15,1,5,9,9,1,0,0,0,0,3,1,2,2,1,43,7,-1,-1,-1,-1,6,E01000555,0,1
202417L208124,2024,17L208124,2,1,0,-1,19,4,8,-1,0,4,0,0,0,0,1,1,-1,6,1,27,6,-1,-1,-1,-1,1,E01012268,0,3
2024010530471,2024,010530471,2,98,9,99,99,9,9,99,99,9,9,99,9,99,2,9,6,6,3,-1,-1,-1,-1,-1,-1,-1,-1,0,-1
2024991402330,2024,991402330,2,9,0,-1,19,6,7,-1,0,1,0,0,0,0,1,1,-1,6,3,28,6,-1,-1,-1,-1,2,E01030599,0,5
2024371541191,2024,371541191,2,1,0,-1,19,7,3,-1,0,1,1,0,0,0,2,1,-1,6,1,78,11,-1,-1,-1,-1,3,E01030278,0,1
2024501491231,2024,501491231,2,1,0,-1,19,1,5,-1,0,8,0,99,0,0,4,1,-1,9,1,48,8,-1,-1,-1,-1,10,E01019999,0,1
2024070568014,2024,070568014,2,90,0,18,19,4,8,0,0,0,5,0,0,0,2,1,6,6,1,32,6,-1,-1,-1,-1,7,E01018450,0,3
2024131407388,2024,131407388,2,1,0,-1,19,7,3,-1,0,8,0,0,0,0,3,1,-1,6,1,15,3,-1,-1,-1,-1,1,E01011472,0,1
2024131428398,2024,131428398,1,9,0,-1,-1,-1,-1,-1,-1,1,-1,-1,-1,0,-1,1,-1,6,3,-1,-1,-1,-1,-1,-1,-1,-1,0,-1
2024221501079,2024,221501079,3,9,0,-1,3,8,4,-1,0,0,0,0,0,0,2,1,-1,6,1,46,8,-1,-1,-1,-1,8,E01034781,0,3
2024010490638,2024,010490638,2,9,0,99,99,9,9,99,99,9,9,99,9,99,9,9,6,6,3,-1,-1,-1,-1,-1,-1,-1,-1,0,-1
2024371531715,2024,371531715,1,9,0,-1,5,1,5,-1,0,1,0,0,0,0,1,1,-1,6,1,49,8,-1,-1,-1,-1,7,E01029937,0,2