collision_index,collision_year,collision_ref_no,vehicle_reference,vehicle_type,towing_and_articulation,vehicle_manoeuvre_historic,vehicle_manoeuvre,vehicle_direction_from,vehicle_direction_to,vehicle_location_restricted_lane_historic,vehicle_location_restricted_lane,junction_location,skidding_and_overturning,hit_object_in_carriageway,vehicle_leaving_carriageway,hit_object_off_carriageway,first_point_of_impact,vehicle_left_hand_drive,journey_purpose_of_driver_historic,journey_purpose_of_driver,sex_of_driver,age_of_driver,age_band_of_driver,engine_capacity_cc,propulsion_code,age_of_vehicle,generic_make_model,driver_imd_decile,lsoa_of_driver,escooter_flag,driver_distance_banding
2024010490740,2024,010490740,3,90,0,99,99,9,9,99,99,9,9,99,9,99,9,9,6,6,1,56,9,-1,-1,-1,-1,8,E01030718,0,1
2024010496606,2024,010496606,2,9,0,99,99,9,9,99,99,9,9,99,9,99,9,9,6,6,3,-1,-1,-1,-1,-1,-1,-1,-1,0,-1
2024542673224,2024,542673224,3,9,0,4,4,1,5,0,0,1,0,0,0,0,2,1,6,6,2,51,8,-1,-1,-1,-1,5,E01032065,0,1
2024061532476,2024,061532476,7,9,0,-1,15,1,5,-1,0,0,0,0,3,0,1,1,-1,8,1,29,6,-1,-1,-1,-1,-1,-1,0,-1
2024440480484,2024,440480484,2,1,0,18,19,6,2,0,0,8,0,0,0,0,1,1,3,7,1,11,3,-1,-1,-1,-1,7,E01022813,0,1
2024430235201,2024,430235201,1,19,0,2,2,0,0,0,0,0,0,0,0,0,4,1,2,2,1,46,8,-1,-1,-1,-1,4,E01022551,0,4
2024522401516,2024,522401516,2,19,0,13,13,7,3,0,0,0,0,0,0,0,0,1,6,6,3,-1,-1,-1,-1,-1,-1,-1,-1,0,-1
2024320110077,2024,320110077,1,9,0,-1,-1,4,8,0,0,1,0,0,0,0,4,1,-1,-1,2,38,7,-1,-1,-1,-1,2,E01026166,0,1
2024522401461,2024,522401461,2,9,0,5,5,9,9,0,0,4,0,0,0,0,1,1,6,6,3,-1,-1,-1,-1,-1,-1,-1,-1,0,-1
2024010487716,2024,010487716,1,1,9,99,99,9,9,99,99,9,9,99,9,99,9,1,6,6,1,29,6,-1,-1,-1,-1,7,E01004512,0,1
2024430009724,2024,430009724,4,9,0,18,19,8,4,0,0,0,0,0,0,0,1,1,6,6,1,-1,-1,-1,-1,-1,-1,5,E01022814,0,4
2024041464797,2024,041464797,2,1,0,-1,19,7,3,-1,0,0,0,0,0,0,1,1,-1,6,1,55,8,-1,-1,-1,-1,9,E01025348,0,4
2024540096724,2024,540096724,1,9,0,18,19,1,5,0,0,0,0,0,7,4,1,1,6,6,2,51,8,-1,-1,-1,-1,4,E01032014,0,2
2024320583889,2024,320583889,2,9,0,-1,-1,4,8,0,0,8,0,0,0,0,4,1,1,1,1,58,9,-1,-1,-1,-1,2,E01026050,0,1
2024010500966,2024,010500966,2,9,0,99,99,9,9,99,99,9,9,99,9,99,1,9,6,6,3,-1,-1,-1,-1,-1,-1,-1,-1,0,-1
2024122400229,2024,122400229,2,1,0,18,19,3,7,0,0,8,0,0,0,0,3,1,6,6,1,26,6,-1,-1,-1,-1,10,E01027732,0,1
2024010505870,2024,010505870,1,1,0,18,19,1,5,5,5,1,0,10,0,0,1,1,6,6,1,58,9,-1,-1,-1,-1,3,E01001448,0,1
2024201482418,2024,201482418,1,9,0,-1,14,3,7,-1,0,1,0,0,0,0,1,9,-1,6,3,-1,-1,-1,-1,-1,-1,-1,-1,0,-1
2024991450671,2024,991450671,2,1,0,-1,19,3,8,-1,0,1,5,0,0,0,1,1,-1,6,1,60,9,-1,-1,-1,-1,8,-1,0,2
2024201511490,2024,201511490,1,9,0,-1,19,6,2,-1,0,8,0,0,0,0,1,1,-1,9,1,18,4,-1,-1,-1,-1,7,E01010317,0,1
2024010493573,2024,010493573,2,9,0,2,2,0,0,0,0,2,0,0,0,0,1,1,6,6,3,-1,-1,-1,-1,-1,-1,-1,-1,0,-1
2024010495621,2024,010495621,1,9,0,99,99,9,9,99,99,9,9,99,9,99,9,9,6,6,1,40,7,-1,-1,-1,-1,3,E01002243,0,3
2024061465129,2024,061465129,1,9,-1,-1,-1,-1,-1,-1,-1,0,-1,-1,-1,0,-1,9,-1,6,3,-1,-1,-1,-1,-1,-1,-1,-1,0,-1
2024131501576,2024,131501576,1,9,0,-1,19,6,2,-1,0,0,0,0,0,0,1,1,-1,6,1,-1,-1,-1,-1,-1,-1,-1,-1,0,-1
2024010489002,2024,010489002,1,9,0,5,5,5,1,0,0,1,0,0,0,0,1,1,6,6,1,58,9,-1,-1,-1,-1,9,E01030846,0,2
2024010488889,2024,010488889,1,9,0,18,19,7,3,0,0,2,0,0,0,0,1,1,6,6,1,17,4,-1,-1,-1,-1,6,E01001068,0,1
2024421492468,2024,421492468,1,-1,0,-1,19,6,2,-1,9,1,0,0,0,0,1,1,-1,6,1,14,3,-1,-1,-1,-1,-1,-1,1,-1
2024552401222,2024,552401222,2,9,0,18,19,4,8,0,0,1,0,0,0,0,1,1,2,2,1,46,8,-1,-1,-1,-1,10,E01015455,0,2
2024430146590,2024,430146590,1,22,0,18,19,8,4,9,9,8,0,0,0,0,4,1,6,6,1,-1,-1,-1,-1,-1,-1,-1,-1,0,-1
2024201472886,2024,201472886,1,9,0,-1,19,1,4,-1,0,8,2,7,7,0,1,9,-1,6,3,27,6,-1,-1,-1,-1,3,E01010020,0,1
2024010488891,2024,010488891,2,19,0,7,7,1,3,0,0,6,0,0,0,0,0,1,6,6,1,54,8,-1,-1,-1,-1,3,E01003579,0,1
2024421474006,2024,421474006,1,90,0,-1,19,7,3,-1,0,8,0,0,0,0,1,1,-1,1,1,31,6,-1,-1,-1,-1,4,E01016008,0,4
2024010532570,2024,010532570,2,1,0,9,9,8,5,0,0,4,0,0,0,0,2,1,6,6,1,53,8,-1,-1,-1,-1,7,E01002812,0,3
2024430244330,2024,430244330,1,9,0,7,7,3,5,0,0,5,0,0,0,0,1,1,6,6,1,32,6,-1,-1,-1,-1,2,E01017156,0,4
2024440307072,2024,440307072,1,-1,0,18,19,4,8,0,0,0,0,0,0,0,1,1,6,6,1,48,8,-1,-1,-1,-1,6,E01017138,1,1
2024451498659,2024,451498659,1,9,0,-1,3,7,3,-1,0,0,0,0,0,0,3,1,-1,9,1,33,6,-1,-1,-1,-1,4,E01034287,0,2
2024010496300,2024,010496300,1,3,0,99,99,9,9,99,99,1,9,99,9,99,1,9,1,1,1,37,7,-1,-1,-1,-1,4,E01000612,0,1
2024201503311,2024,201503311,2,-1,0,-1,11,6,2,-1,0,8,0,0,0,0,2,9,-1,9,1,28,6,-1,-1,-1,-1,5,E01009689,1,2
2024531434009,2024,531434009,1,9,0,-1,19,1,5,-1,0,6,0,0,0,0,1,1,-1,1,1,34,6,-1,-1,-1,-1,9,E01022104,0,3
2024010534744,2024,010534744,2,9,0,16,19,7,3,0,0,0,0,0,0,0,1,1,6,6,3,-1,-1,-1,-1,-1,-1,-1,-1,0,-1
2024401454242,2024,401454242,2,9,0,-1,19,8,3,-1,0,0,0,0,0,0,4,1,-1,6,1,69,10,-1,-1,-1,-1,3,E01017619,0,1
2024320488984,2024,320488984,2,1,0,-1,-1,6,2,0,0,0,5,0,0,0,3,1,6,6,1,80,11,-1,-1,-1,-1,6,E01026220,0,1
2024010518570,2024,010518570,2,9,0,99,99,9,9,99,99,9,9,99,9,99,9,9,6,6,2,-1,-1,-1,-1,-1,-1,3,E01000485,0,1
2024320523937,2024,320523937,2,1,0,-1,-1,6,2,0,0,0,5,0,0,0,0,1,6,6,1,34,6,-1,-1,-1,-1,1,E01026109,0,1
2024610011524,2024,610011524,2,9,0,18,19,1,5,0,0,0,0,0,0,0,1,1,6,6,1,-1,-1,-1,-1,-1,-1,-1,-1,0,-1
2024010489198,2024,010489198,2,9,0,99,99,9,9,99,99,0,9,99,9,99,9,9,6,6,3,-1,-1,-1,-1,-1,-1,-1,-1,0,-1
2024010536792,2024,010536792,2,1,0,4,4,1,5,0,0,0,0,0,0,0,1,1,6,6,1,35,6,-1,-1,-1,-1,4,E01003203,0,1
2024010539235,2024,010539235,1,1,9,18,19,7,3,9,9,9,9,0,9,0,3,1,6,6,1,-1,-1,-1,-1,-1,-1,-1,-1,0,-1
2024052401354,2024,052401354,2,1,0,18,19,8,4,0,0,1,0,0,0,0,1,1,4,7,1,14,3,-1,-1,-1,-1,1,E01007055,0,1
2024052402232,2024,052402232,1,9,0,4,4,3,7,0,0,0,0,0,0,0,2,1,6,6,3,-1,-1,-1,-1,-1,-1,-1,-1,0,-1
2024311410353,2024,311410353,2,9,0,-1,4,5,1,-1,0,1,0,0,0,0,2,1,-1,6,1,-1,-1,-1,-1,-1,-1,2,E01031010,0,4
2024461456614,2024,461456614,1,1,0,-1,19,7,3,-1,0,1,9,0,0,0,1,1,-1,6,1,-1,-1,-1,-1,-1,-1,8,E01024100,0,1
2024231447601,2024,231447601,2,9,0,-1,19,1,4,-1,0,0,0,0,0,0,2,1,-1,6,1,45,7,-1,-1,-1,-1,4,E01032415,0,2
2024052401547,2024,052401547,2,11,0,18,19,4,8,0,0,1,0,0,0,0,0,1,1,1,1,-1,-1,-1,-1,-1,-1,-1,-1,0,-1
2024440389142,2024,440389142,2,-1,0,18,19,6,2,0,0,8,0,0,0,0,1,1,6,6,1,22,5,-1,-1,-1,-1,6,E01017092,1,1
2024302400764,2024,302400764,1,19,0,18,19,4,8,0,0,0,0,0,0,0,4,1,6,6,3,-1,-1,-1,-1,-1,-1,5,E01019456,0,4
2024991412634,2024,991412634,1,97,0,-1,19,6,2,-1,0,1,0,0,0,0,1,1,-1,6,1,23,5,-1,-1,-1,-1,5,-1,0,1
2024201466385,2024,201466385,2,9,0,-1,19,6,2,-1,0,1,0,0,0,0,3,1,-1,6,2,54,8,-1,-1,-1,-1,2,E01009754,0,1
2024010543768,2024,010543768,1,19,0,18,19,7,3,0,0,1,0,0,0,0,1,1,1,1,1,66,10,-1,-1,-1,-1,7,E01033571,0,2
202460Q100770,2024,60Q100770,1,9,0,17,19,4,8,0,0,0,0,0,0,0,1,1,6,6,1,-1,-1,-1,-1,-1,-1,-1,-1,0,-1
2024471519560,2024,471519560,2,1,0,-1,19,-1,-1,-1,0,0,0,0,0,0,0,1,-1,7,2,17,4,-1,-1,-1,-1,9,E01031823,0,1
2024010520887,2024,010520887,1,1,0,9,9,5,2,0,0,1,0,0,0,0,2,1,6,6,1,49,8,-1,-1,-1,-1,3,E01002797,0,1
2024430584777,2024,430584777,1,9,0,5,5,6,2,0,0,1,0,0,0,0,1,1,6,6,1,-1,-1,-1,-1,-1,-1,-1,-1,0,-1
2024070856666,2024,070856666,1,1,0,-1,19,3,7,-1,-1,1,0,0,0,0,1,1,-1,-1,1,40,7,-1,-1,-1,-1,8,E01012551,0,1
2024010492320,2024,010492320,1,3,0,5,5,7,3,0,0,8,0,0,0,0,1,1,6,6,1,27,6,-1,-1,-1,-1,2,E01003057,0,1
2024430432105,2024,430432105,2,1,0,16,19,4,7,0,0,0,0,0,0,0,2,1,6,6,1,42,7,-1,-1,-1,-1,-1,-1,0,-1
2024010542631,2024,010542631,2,9,9,99,99,9,9,99,99,9,9,99,9,99,9,9,6,6,3,-1,-1,-1,-1,-1,-1,-1,-1,0,-1
2024010545545,2024,010545545,1,11,0,4,4,1,5,0,0,2,0,0,0,0,0,1,1,1,1,41,7,-1,-1,-1,-1,3,E01002429,0,1
2024041481572,2024,041481572,2,1,0,-1,19,3,7,-1,9,0,0,0,0,0,1,1,-1,1,2,58,9,-1,-1,-1,-1,1,E01012619,0,1
2024440020319,2024,440020319,1,9,0,17,19,4,2,0,0,0,0,0,0,0,1,1,6,6,1,76,11,-1,-1,-1,-1,1,E01017036,0,1
2024440173416,2024,440173416,2,3,0,18,19,2,6,0,0,8,0,0,0,0,3,1,1,1,1,38,7,-1,-1,-1,-1,5,E01030433,0,1
2024991405687,2024,991405687,1,-1,0,-1,19,8,4,-1,0,1,0,0,0,0,1,1,-1,9,1,14,3,-1,-1,-1,-1,5,-1,1,1
2024041460576,2024,041460576,1,1,0,-1,19,2,8,-1,1,0,0,0,0,0,1,1,-1,9,1,57,9,-1,-1,-1,-1,1,E01005667,0,4
2024131519415,2024,131519415,1,9,0,-1,-1,-1,-1,-1,-1,-1,-1,-1,-1,-1,-1,1,-1,6,3,-1,-1,-1,-1,-1,-1,-1,-1,0,-1
2024070486205,2024,070486205,1,9,0,18,19,3,7,0,0,0,1,0,8,4,1,1,6,6,1,17,4,-1,-1,-1,-1,10,E01005930,0,1
2024421425380,2024,421425380,1,9,0,-1,4,3,7,-1,0,1,0,0,0,0,1,1,-1,6,2,32,6,-1,-1,-1,-1,7,E01034093,0,3
2024221461603,2024,221461603,1,1,0,-1,19,5,1,-1,0,8,0,0,0,0,1,1,-1,1,1,16,4,-1,-1,-1,-1,3,E01034329,0,1
2024010491927,2024,010491927,2,9,9,99,99,9,9,99,99,9,9,99,9,99,9,9,6,6,3,-1,-1,-1,-1,-1,-1,-1,-1,0,-1
2024010496359,2024,010496359,2,3,0,14,14,1,5,0,0,4,0,0,7,0,1,1,6,6,1,18,4,-1,-1,-1,-1,6,E01024187,0,3
2024522401325,2024,522401325,2,1,0,18,19,2,6,0,0,8,0,0,0,0,1,1,6,6,1,56,9,-1,-1,-1,-1,7,E01014651,0,1
2024461518483,2024,461518483,2,1,0,-1,19,5,1,-1,0,0,0,0,0,0,1,1,-1,6,1,32,6,-1,-1,-1,-1,2,E01024664,0,1
2024010541362,2024,010541362,2,1,0,18,19,3,7,0,0,1,0,0,0,0,4,1,6,6,1,59,9,-1,-1,-1,-1,2,E01003346,0,3
2024141489382,2024,141489382,2,1,0,-1,19,4,8,-1,0,0,0,0,0,0,3,1,-1,6,1,16,4,-1,-1,-1,-1,1,E01007662,0,1
2024552400827,2024,552400827,3,9,0,18,19,2,6,0,0,2,0,0,0,0,2,1,6,6,3,-1,-1,-1,-1,-1,-1,-1,-1,0,-1
2024010535872,2024,010535872,1,9,0,99,99,9,9,99,99,9,9,99,9,99,9,9,1,1,1,51,8,-1,-1,-1,-1,3,E01003723,0,4
2024101526592,2024,101526592,2,9,0,-1,19,3,7,-1,0,8,0,0,0,0,1,9,-1,6,1,-1,-1,-1,-1,-1,-1,-1,-1,0,-1
2024430030500,2024,430030500,1,9,0,9,9,3,1,0,0,1,0,0,0,0,0,1,6,6,1,62,9,-1,-1,-1,-1,-1,-1,0,-1
2024010509850,2024,010509850,1,23,0,-1,-1,3,7,9,9,0,0,8,0,0,1,1,6,6,1,34,6,-1,-1,-1,-1,3,E01003179,0,1
2024010513783,2024,010513783,2,-1,0,9,9,1,6,0,0,1,0,0,0,0,1,1,6,6,1,20,4,-1,-1,-1,-1,2,E01001958,1,1
2024531498964,2024,531498964,2,9,0,-1,4,1,5,-1,0,0,0,0,0,0,1,9,-1,6,1,50,8,-1,-1,-1,-1,6,E01022341,0,2
2024440058914,2024,440058914,2,1,0,18,19,6,2,0,0,8,0,0,0,0,4,1,6,6,2,40,7,-1,-1,-1,-1,-1,-1,0,-1
2024430118922,2024,430118922,1,9,0,18,19,4,8,0,0,6,0,0,0,0,3,1,6,6,1,-1,-1,-1,-1,-1,-1,-1,-1,0,-1
2024010519373,2024,010519373,2,1,9,99,99,9,9,99,99,9,9,99,9,99,2,1,6,6,1,62,9,-1,-1,-1,-1,5,E01004071,0,1
2024070694357,2024,070694357,2,1,0,18,19,5,1,0,0,3,0,0,0,0,4,1,6,6,1,59,9,-1,-1,-1,-1,9,E01018593,0,1
2024461529728,2024,461529728,1,9,0,-1,19,5,1,-1,0,1,0,0,0,0,1,9,-1,6,3,-1,-1,-1,-1,-1,-1,-1,-1,0,-1
2024552401225,2024,552401225,2,1,0,18,19,3,7,0,0,0,0,4,0,0,1,1,6,6,2,17,4,-1,-1,-1,-1,-1,-1,0,-1
2024221492566,2024,221492566,1,9,0,-1,19,2,1,-1,0,0,2,0,7,4,1,1,-1,6,1,73,10,-1,-1,-1,-1,5,E01029011,0,4
2024010514163,2024,010514163,1,1,9,99,99,9,9,99,99,9,9,99,9,99,1,1,6,6,1,39,7,-1,-1,-1,-1,9,E01000808,0,4
2024631479325,2024,631479325,2,5,0,-1,4,5,1,-1,0,0,0,0,0,0,1,1,-1,9,1,47,8,-1,-1,-1,-1,7,W01000558,0,2
2024010519916,2024,010519916,2,9,0,13,13,1,5,0,0,1,0,0,0,0,0,1,6,6,3,-1,-1,-1,-1,-1,-1,-1,-1,0,-1
2024471403527,2024,471403527,1,1,0,-1,3,7,2,-1,0,4,0,0,0,0,2,1,-1,6,1,50,8,-1,-1,-1,-1,5,E01031786,0,1
2024211485367,2024,211485367,2,1,0,-1,19,5,1,-1,0,0,0,0,1,0,1,1,-1,6,1,50,8,-1,-1,-1,-1,-1,-1,0,-1
2024141557334,2024,141557334,1,9,0,-1,1,3,3,-1,9,2,0,0,0,0,1,9,-1,6,3,-1,-1,-1,-1,-1,-1,-1,-1,0,-1
2024461484045,2024,461484045,2,1,0,-1,4,2,4,-1,0,0,1,0,0,0,1,1,-1,1,1,41,7,-1,-1,-1,-1,7,E01016139,0,2
2024010495474,2024,010495474,3,9,0,99,99,9,9,99,99,9,9,99,9,99,2,9,6,6,3,-1,-1,-1,-1,-1,-1,5,E01001855,0,2
202417L311724,2024,17L311724,2,9,0,-1,4,1,5,-1,0,0,0,0,0,0,2,1,-1,6,1,-1,-1,-1,-1,-1,-1,-1,-1,0,-1
2024201453741,2024,201453741,1,99,0,-1,2,3,7,-1,0,0,0,0,0,0,2,9,-1,7,3,-1,-1,-1,-1,-1,-1,-1,-1,0,-1
2024161459252,2024,161459252,2,1,0,-1,19,7,3,-1,0,0,0,0,0,0,1,1,-1,6,1,14,3,-1,-1,-1,-1,-1,-1,0,-1
2024411458411,2024,411458411,2,1,0,-1,15,6,2,-1,0,0,0,0,0,0,1,1,-1,6,1,56,9,-1,-1,-1,-1,9,E01017429,0,4
2024131532514,2024,131532514,3,9,0,-1,2,0,0,-1,-1,0,0,0,0,0,1,1,-1,6,-1,-1,-1,-1,-1,-1,-1,-1,-1,0,-1
2024302400951,2024,302400951,1,9,0,18,19,6,2,0,0,2,0,0,0,0,1,1,1,1,1,-1,-1,-1,-1,-1,-1,2,E01009790,0,4
2024052400293,2024,052400293,1,9,0,5,5,2,6,0,0,0,0,0,0,0,1,1,6,6,3,-1,-1,-1,-1,-1,-1,-1,-1,0,-1
2024461501970,2024,461501970,1,9,0,-1,19,4,6,-1,0,0,0,0,0,0,4,9,-1,6,3,-1,-1,-1,-1,-1,-1,-1,-1,0,-1
2024131442260,2024,131442260,2,1,0,-1,19,1,5,-1,0,1,0,0,0,0,1,1,-1,9,2,30,6,-1,-1,-1,-1,1,E01032500,0,1
2024161489603,2024,161489603,2,1,0,-1,99,1,5,-1,99,0,0,0,2,0,1,1,-1,6,2,16,4,-1,-1,-1,-1,-1,-1,0,-1
2024131485483,2024,131485483,1,1,0,-1,-1,-1,-1,-1,-1,0,-1,-1,-1,-1,-1,1,-1,6,3,-1,-1,-1,-1,-1,-1,-1,-1,0,-1
2024010493448,2024,010493448,1,3,0,99,99,9,9,99,99,2,9,99,9,99,9,1,1,1,1,33,6,-1,-1,-1,-1,6,E01000911,0,1
2024041509178,2024,041509178,1,9,0,-1,19,-1,-1,-1,0,0,0,0,0,0,4,9,-1,6,3,-1,-1,-1,-1,-1,-1,-1,-1,0,-1
2024161450253,2024,161450253,2,22,0,-1,19,3,7,-1,0,0,0,0,0,0,4,1,-1,6,1,81,11,-1,-1,-1,-1,1,E01012898,0,1
2024540148424,2024,540148424,1,9,0,17,19,4,2,0,0,0,0,4,0,0,1,1,6,6,1,54,8,-1,-1,-1,-1,4,E01032040,0,1
2024440386070,2024,440386070,2,1,0,7,7,3,5,0,0,6,0,0,0,0,3,1,6,6,1,40,7,-1,-1,-1,-1,4,E01017083,0,1
2024201427652,2024,201427652,1,9,0,-1,19,6,2,-1,0,4,0,0,0,0,1,1,-1,6,1,20,4,-1,-1,-1,-1,-1,-1,0,-1
2024041445498,2024,041445498,2,98,0,-1,19,2,8,-1,0,3,0,0,0,0,4,1,-1,2,2,27,6,-1,-1,-1,-1,7,E01025411,0,1
2024010505528,2024,010505528,1,1,9,99,99,9,9,99,99,9,9,99,9,99,9,1,2,2,2,30,6,-1,-1,-1,-1,5,E01001038,0,1
2024211478862,2024,211478862,3,19,4,-1,19,4,7,-1,0,0,0,0,0,0,1,1,-1,1,1,54,8,-1,-1,-1,-1,7,E01029683,0,2
2024010519018,2024,010519018,1,9,0,99,99,9,9,99,99,0,9,99,9,99,1,9,6,6,1,33,6,-1,-1,-1,-1,3,E01003630,0,1
2024991457559,2024,991457559,1,9,0,-1,19,5,8,-1,0,0,1,0,0,0,1,1,-1,9,1,25,5,-1,-1,-1,-1,10,-1,0,3
2024052400402,2024,052400402,1,4,0,18,19,2,6,0,0,8,1,0,0,0,1,1,6,6,1,29,6,-1,-1,-1,-1,1,E01006544,0,2
2024201497999,2024,201497999,1,9,0,-1,7,6,1,-1,0,3,0,0,0,0,2,1,-1,6,2,50,8,-1,-1,-1,-1,6,E01009594,0,1
2024201404387,2024,201404387,1,9,0,-1,19,5,8,-1,0,8,0,0,0,0,3,1,-1,6,3,-1,-1,-1,-1,-1,-1,-1,-1,0,-1
2024141482816,2024,141482816,2,90,0,-1,2,0,0,-1,0,0,0,0,0,0,4,1,-1,1,-1,42,7,-1,-1,-1,-1,-1,-1,0,-1
2024131411517,2024,131411517,1,4,0,-1,19,3,7,-1,0,8,0,0,0,0,1,1,-1,9,1,57,9,-1,-1,-1,-1,10,E01011649,0,1
2024522401142,2024,522401142,1,9,0,18,19,2,6,0,0,1,0,4,0,0,1,1,6,6,1,18,4,-1,-1,-1,-1,10,E01014397,0,2
2024010551332,2024,010551332,2,1,9,99,99,9,9,99,99,9,9,99,9,99,1,1,6,6,1,59,9,-1,-1,-1,-1,2,E01003540,0,1
2024131468791,2024,131468791,1,9,0,-1,-1,-1,-1,-1,-1,-1,-1,-1,-1,-1,-1,1,-1,6,3,-1,-1,-1,-1,-1,-1,-1,-1,0,-1
2024552401117,2024,552401117,3,9,0,3,3,8,4,0,0,0,0,0,0,0,2,1,2,2,1,40,7,-1,-1,-1,-1,10,E01024800,0,5
2024351500626,2024,351500626,2,1,0,-1,15,7,3,-1,4,0,0,0,0,0,1,1,-1,2,1,31,6,-1,-1,-1,-1,8,E01018287,0,1
2024201395604,2024,201395604,2,9,0,-1,8,4,6,-1,0,1,0,0,0,0,2,1,-1,6,1,58,9,-1,-1,-1,-1,9,E01010154,0,3
2024010525541,2024,010525541,1,9,0,18,19,7,3,0,0,1,0,0,0,0,1,2,6,6,1,26,6,-1,-1,-1,-1,4,E01001694,0,1
2024010513976,2024,010513976,1,1,9,18,19,9,9,99,99,9,9,99,9,99,9,1,2,2,2,28,6,-1,-1,-1,-1,4,E01003169,0,1
2024010513750,2024,010513750,2,19,0,99,99,9,9,99,99,0,9,99,9,99,2,9,6,6,3,54,8,-1,-1,-1,-1,4,E01001252,0,2
2024471443798,2024,471443798,2,1,0,-1,19,3,7,-1,0,1,0,0,0,0,4,1,-1,9,1,16,4,-1,-1,-1,-1,2,E01032832,0,1
2024122400246,2024,122400246,2,1,0,18,19,4,8,4,4,8,0,0,0,0,1,1,2,2,1,33,6,-1,-1,-1,-1,9,E01013431,0,1
2024010525159,2024,010525159,2,97,0,17,19,1,5,0,0,1,0,0,0,0,1,1,6,6,3,-1,-1,-1,-1,-1,-1,-1,-1,0,-1
2024610013624,2024,610013624,2,9,0,11,11,3,8,0,0,3,0,0,0,0,4,1,2,2,2,38,7,-1,-1,-1,-1,3,W01001454,0,3
2024451539734,2024,451539734,1,1,0,-1,19,1,5,-1,0,0,0,0,0,0,1,1,-1,1,2,28,6,-1,-1,-1,-1,5,E01030946,0,1
2024311501879,2024,311501879,2,9,-1,-1,6,3,7,-1,0,2,0,0,0,0,-1,9,-1,6,3,-1,-1,-1,-1,-1,-1,-1,-1,0,-1
2024010537859,2024,010537859,1,1,9,99,99,9,9,99,99,9,9,99,9,99,9,1,1,1,1,19,4,-1,-1,-1,-1,3,E01035681,0,1
2024101496969,2024,101496969,2,1,0,-1,19,5,1,-1,0,1,1,0,0,0,0,1,-1,2,1,55,8,-1,-1,-1,-1,-1,-1,0,-1
2024161466205,2024,161466205,2,9,0,-1,9,1,7,-1,0,8,0,0,0,0,1,9,-1,6,3,-1,-1,-1,-1,-1,-1,-1,-1,0,-1
2024340WN5322,2024,340WN5322,1,9,0,-1,19,5,1,-1,0,0,0,4,7,10,1,1,-1,6,1,20,4,-1,-1,-1,-1,2,E01027170,0,1
2024421493884,2024,421493884,3,9,0,-1,3,3,7,-1,0,0,0,0,0,0,2,1,-1,9,2,25,5,-1,-1,-1,-1,5,E01030185,0,4
2024010531202,2024,010531202,1,-1,0,18,19,3,7,0,0,0,0,0,0,0,1,1,6,6,3,-1,-1,-1,-1,-1,-1,-1,-1,1,-1
2024041523126,2024,041523126,1,9,0,-1,4,5,1,-1,0,0,0,0,0,0,2,1,-1,6,1,44,7,-1,-1,-1,-1,6,E01007028,0,2
2024501535012,2024,501535012,1,9,0,-1,19,1,5,-1,0,0,1,0,7,11,0,1,-1,9,1,31,6,-1,-1,-1,-1,8,E01020268,0,1
2024010504224,2024,010504224,2,1,0,18,19,3,7,0,0,1,0,0,0,0,1,1,2,2,1,27,6,-1,-1,-1,-1,4,E01032784,0,1
2024340NN4032,2024,340NN4032,1,-1,0,-1,9,2,8,-1,0,8,0,0,0,0,2,1,-1,6,1,22,5,-1,-1,-1,-1,1,E01027131,1,1
2024451477789,2024,451477789,1,1,0,-1,19,3,7,-1,0,0,0,0,0,0,1,1,-1,9,1,24,5,-1,-1,-1,-1,8,E01030390,0,1
2024201464887,2024,201464887,1,9,0,-1,19,6,2,-1,0,0,0,0,0,0,1,1,-1,6,1,48,8,-1,-1,-1,-1,1,E01009748,0,1
2024461436147,2024,461436147,4,19,0,-1,2,0,0,-1,0,0,0,0,0,0,3,1,-1,6,-1,19,4,-1,-1,-1,-1,-1,-1,0,-1
2024010536800,2024,010536800,2,1,0,9,9,3,1,0,0,5,0,0,0,0,2,1,6,6,1,30,6,-1,-1,-1,-1,7,E01004275,0,1
2024141477568,2024,141477568,2,1,0,-1,19,1,5,-1,0,8,0,0,0,0,3,1,-1,9,2,32,6,-1,-1,-1,-1,6,E01007981,0,2
2024471458553,2024,471458553,1,-1,0,-1,19,8,4,-1,0,0,2,0,0,0,1,1,-1,6,1,51,8,-1,-1,-1,-1,2,E01016905,1,1
2024451497078,2024,451497078,2,1,0,-1,19,1,6,-1,0,0,0,0,0,0,1,1,-1,6,2,61,9,-1,-1,-1,-1,8,E01030655,0,1
2024371514122,2024,371514122,1,19,-1,-1,3,5,1,-1,0,1,0,0,0,0,-1,9,-1,6,3,-1,-1,-1,-1,-1,-1,-1,-1,0,-1
2024471459309,2024,471459309,1,9,0,-1,19,2,6,-1,0,0,0,0,0,0,1,9,-1,6,3,-1,-1,-1,-1,-1,-1,-1,-1,0,-1
2024101515031,2024,101515031,1,9,0,-1,19,8,4,-1,0,0,0,0,0,0,1,1,-1,1,1,30,6,-1,-1,-1,-1,10,E01020683,0,2
2024061438924,2024,061438924,1,9,0,-1,19,6,3,-1,0,0,1,0,1,9,1,1,-1,6,2,19,4,-1,-1,-1,-1,-1,-1,0,-1
2024010541478,2024,010541478,1,1,9,99,99,9,9,99,99,9,9,99,9,99,9,1,6,6,1,49,8,-1,-1,-1,-1,5,E01033099,0,1
2024041458293,2024,041458293,1,9,0,-1,12,5,1,-1,0,1,0,0,0,0,2,1,-1,9,2,41,7,-1,-1,-1,-1,3,E01012663,0,2
2024010522728,2024,010522728,1,9,0,9,9,1,7,0,0,2,0,0,0,0,1,1,6,6,1,17,4,-1,-1,-1,-1,4,E01003492,0,1
2024161472280,2024,161472280,1,9,0,-1,9,1,6,-1,0,6,0,0,7,10,1,1,-1,9,1,19,4,-1,-1,-1,-1,4,E01013050,0,1
2024531452201,2024,531452201,2,9,0,-1,19,3,7,-1,0,0,0,0,0,0,3,9,-1,6,-1,-1,-1,-1,-1,-1,-1,-1,-1,0,-1
2024421491805,2024,421491805,1,1,0,-1,19,0,0,-1,0,1,5,0,0,0,1,1,-1,9,1,33,6,-1,-1,-1,-1,2,E01004420,0,4
2024161528228,2024,161528228,1,1,0,-1,19,6,2,-1,4,1,0,0,0,0,1,1,-1,6,1,35,6,-1,-1,-1,-1,2,E01012871,0,1