collision_index,collision_year,collision_ref_no,vehicle_reference,vehicle_type,towing_and_articulation,vehicle_manoeuvre_historic,vehicle_manoeuvre,vehicle_direction_from,vehicle_direction_to,vehicle_location_restricted_lane_historic,vehicle_location_restricted_lane,junction_location,skidding_and_overturning,hit_object_in_carriageway,vehicle_leaving_carriageway,hit_object_off_carriageway,first_point_of_impact,vehicle_left_hand_drive,journey_purpose_of_driver_historic,journey_purpose_of_driver,sex_of_driver,age_of_driver,age_band_of_driver,engine_capacity_cc,propulsion_code,age_of_vehicle,generic_make_model,driver_imd_decile,lsoa_of_driver,escooter_flag,driver_distance_banding
2024501479773,2024,501479773,2,1,0,-1,19,1,5,-1,0,1,0,0,0,0,1,1,-1,6,1,-1,-1,-1,-1,-1,-1,-1,-1,0,-1
2024010488139,2024,010488139,1,9,0,99,99,9,9,0,0,1,0,0,0,0,1,1,6,6,1,-1,-1,-1,-1,-1,-1,4,E01004429,0,3
2024311522157,2024,311522157,1,9,0,-1,19,2,6,-1,0,0,0,0,1,9,1,1,-1,2,1,27,6,-1,-1,-1,-1,-1,-1,0,-1
2024311461443,2024,311461443,2,9,0,-1,19,5,1,-1,0,3,0,0,0,0,0,9,-1,6,3,-1,-1,-1,-1,-1,-1,-1,-1,0,-1
2024991394795,2024,991394795,1,9,0,-1,19,7,3,-1,0,6,0,0,0,0,3,1,-1,9,2,57,9,-1,-1,-1,-1,6,-1,0,3
2024161437424,2024,161437424,1,9,9,-1,1,5,3,-1,0,1,0,0,0,0,9,9,-1,6,1,65,9,-1,-1,-1,-1,-1,-1,0,-1
2024010541142,2024,010541142,2,9,0,99,99,9,9,99,99,9,9,99,9,99,1,9,6,6,3,-1,-1,-1,-1,-1,-1,-1,-1,0,-1
2024010565719,2024,010565719,1,1,9,99,99,9,9,99,99,9,9,99,9,99,9,1,6,6,2,28,6,-1,-1,-1,-1,6,E01003327,0,1
2024320262450,2024,320262450,2,9,0,-1,-1,6,2,0,0,8,0,0,0,0,1,1,6,6,1,79,11,-1,-1,-1,-1,3,E01026117,0,2
2024311492804,2024,311492804,1,99,0,-1,19,5,1,-1,0,0,0,0,0,0,1,1,-1,6,1,30,6,-1,-1,-1,-1,-1,-1,0,-1
2024311529835,2024,311529835,1,9,0,-1,4,5,1,-1,0,0,0,0,0,0,1,1,-1,9,1,33,6,-1,-1,-1,-1,-1,-1,0,-1
2024010547265,2024,010547265,1,1,9,99,99,9,9,99,99,9,9,99,9,99,1,1,6,6,3,-1,-1,-1,-1,-1,-1,-1,-1,0,-1
2024430531958,2024,430531958,3,9,0,18,19,1,5,0,0,0,0,0,0,0,2,1,6,6,1,50,8,-1,-1,-1,-1,8,E01032285,0,4
2024111498988,2024,111498988,1,9,0,-1,9,4,3,-1,0,1,0,0,0,0,1,1,-1,6,3,30,6,-1,-1,-1,-1,-1,-1,0,-1
2024520402452,2024,520402452,2,1,0,18,19,3,7,5,5,3,0,0,0,0,3,1,6,6,1,47,8,-1,-1,-1,-1,4,E01029152,0,1
2024010547876,2024,010547876,1,9,0,18,19,1,5,0,0,1,0,0,0,0,1,1,6,6,1,24,5,-1,-1,-1,-1,4,E01001459,0,3
2024231457057,2024,231457057,1,21,1,-1,12,1,5,-1,0,0,0,0,0,0,1,9,-1,6,1,49,8,-1,-1,-1,-1,-1,-1,0,-1
2024111462670,2024,111462670,1,1,0,-1,19,2,6,-1,0,0,5,0,0,0,1,1,-1,6,1,60,9,-1,-1,-1,-1,-1,-1,0,-1
2024411403975,2024,411403975,1,19,0,-1,4,1,5,-1,0,0,0,0,0,0,2,1,-1,1,1,75,10,-1,-1,-1,-1,8,E01017426,0,4
2024221454693,2024,221454693,2,8,0,-1,19,6,2,-1,0,0,0,0,0,0,1,1,-1,1,1,42,7,-1,-1,-1,-1,1,E01008941,0,4
2024461423048,2024,461423048,1,9,0,-1,19,4,5,-1,0,0,0,0,0,0,2,9,-1,6,3,-1,-1,-1,-1,-1,-1,-1,-1,0,-1
2024010495304,2024,010495304,1,19,0,9,9,1,6,0,0,8,0,0,0,0,1,1,2,2,1,47,8,-1,-1,-1,-1,8,E01016339,0,4
2024991437630,2024,991437630,2,1,0,-1,19,5,1,-1,0,8,0,0,0,0,3,1,-1,6,2,24,5,-1,-1,-1,-1,-1,-1,0,-1
2024010514640,2024,010514640,2,19,0,18,19,3,7,0,0,0,0,0,0,0,1,1,6,6,3,-1,-1,-1,-1,-1,-1,-1,-1,0,-1
2024161532217,2024,161532217,1,1,0,-1,19,1,5,-1,0,1,2,0,0,0,1,1,-1,9,2,14,3,-1,-1,-1,-1,1,E01012844,0,1
2024061450997,2024,061450997,2,9,0,-1,99,-1,-1,-1,0,1,0,99,0,0,1,1,-1,6,3,-1,-1,-1,-1,-1,-1,-1,-1,0,-1
2024451529916,2024,451529916,2,1,0,-1,19,3,1,-1,0,0,0,0,0,0,2,1,-1,9,1,39,7,-1,-1,-1,-1,5,E01030971,0,1
2024401443068,2024,401443068,1,9,0,-1,12,6,2,-1,0,0,0,0,5,6,3,1,-1,2,1,70,10,-1,-1,-1,-1,6,E01017547,0,2
2024161436793,2024,161436793,2,10,0,-1,19,4,8,-1,0,5,0,0,0,0,3,1,-1,1,1,43,7,-1,-1,-1,-1,1,E01012865,0,2
2024430482283,2024,430482283,2,1,0,18,19,6,2,0,0,6,0,0,0,0,1,1,6,6,2,-1,-1,-1,-1,-1,-1,-1,-1,0,-1
2024031512062,2024,031512062,2,9,0,-1,19,5,6,-1,0,0,0,0,0,0,1,1,-1,8,1,34,6,-1,-1,-1,-1,-1,-1,0,-1
2024041490824,2024,041490824,1,98,0,-1,19,5,1,-1,0,0,0,0,0,0,-1,9,-1,6,3,-1,-1,-1,-1,-1,-1,-1,-1,0,-1
2024010526255,2024,010526255,2,1,9,18,19,3,7,99,99,1,9,99,9,99,4,1,6,6,1,23,5,-1,-1,-1,-1,-1,-1,0,-1
2024430232573,2024,430232573,1,9,0,17,19,1,7,0,0,8,0,0,0,0,1,1,6,6,3,-1,-1,-1,-1,-1,-1,-1,-1,0,-1
2024991444235,2024,991444235,2,1,0,-1,19,6,1,-1,0,0,0,0,0,0,1,1,-1,6,1,45,7,-1,-1,-1,-1,10,-1,0,1
2024010550824,2024,010550824,2,9,0,99,99,9,9,99,99,9,9,99,9,99,9,9,6,6,3,-1,-1,-1,-1,-1,-1,-1,-1,0,-1
2024010492655,2024,010492655,1,3,0,99,99,9,9,99,99,9,9,99,9,99,9,1,1,1,1,24,5,-1,-1,-1,-1,2,E01002686,0,1
2024622400274,2024,622400274,2,1,0,18,19,3,7,0,0,1,0,0,0,0,3,1,6,6,1,66,10,-1,-1,-1,-1,1,W01001762,0,1
2024010491911,2024,010491911,3,9,0,18,19,1,5,0,0,0,0,0,0,0,9,1,6,6,2,38,7,-1,-1,-1,-1,9,E01001072,0,1
2024131491485,2024,131491485,1,-1,0,-1,19,2,6,-1,9,1,2,0,0,0,1,1,-1,9,1,9,2,-1,-1,-1,-1,1,E01010606,1,1
2024161450548,2024,161450548,1,9,0,-1,19,7,3,-1,0,1,0,0,1,2,1,1,-1,6,3,-1,-1,-1,-1,-1,-1,-1,-1,0,-1
2024061468952,2024,061468952,1,9,0,-1,-1,-1,-1,-1,-1,-1,-1,-1,-1,0,-1,1,-1,6,3,-1,-1,-1,-1,-1,-1,-1,-1,0,-1
2024141400165,2024,141400165,3,3,0,-1,19,3,7,-1,0,1,0,0,0,0,0,1,-1,6,3,18,4,-1,-1,-1,-1,-1,-1,0,-1
2024010495742,2024,010495742,2,19,0,15,15,1,5,8,6,1,0,0,2,4,1,1,6,6,1,24,5,-1,-1,-1,-1,-1,-1,0,-1
2024311459236,2024,311459236,2,1,0,-1,9,1,5,-1,0,8,0,0,0,0,2,1,-1,2,1,14,3,-1,-1,-1,-1,-1,-1,0,-1
2024520401176,2024,520401176,1,9,0,3,3,7,3,0,0,8,0,0,0,0,3,1,6,6,2,39,7,-1,-1,-1,-1,9,E01029065,0,1
2024302401122,2024,302401122,1,9,0,1,1,6,2,0,0,2,0,0,0,0,0,1,6,6,3,-1,-1,-1,-1,-1,-1,5,E01019456,0,3
2024010502675,2024,010502675,1,9,0,99,99,9,9,99,99,9,9,99,9,99,9,9,6,6,1,36,7,-1,-1,-1,-1,10,E01030607,0,3
2024201490512,2024,201490512,1,1,0,-1,19,3,7,-1,1,0,0,0,0,0,1,1,-1,6,3,-1,-1,-1,-1,-1,-1,-1,-1,0,-1
2024010547781,2024,010547781,1,1,0,18,19,1,5,0,0,1,0,0,0,0,1,1,6,6,1,17,4,-1,-1,-1,-1,8,E01004507,0,1
2024010534708,2024,010534708,1,1,0,18,19,5,1,0,0,8,0,0,0,0,1,1,2,2,2,35,6,-1,-1,-1,-1,6,E01001245,0,1
2024101442736,2024,101442736,2,11,0,-1,19,4,8,-1,0,0,0,0,0,0,2,1,-1,1,1,64,9,-1,-1,-1,-1,-1,-1,0,-1
2024010491138,2024,010491138,2,9,0,99,99,9,9,99,99,6,9,99,9,99,1,9,6,6,3,-1,-1,-1,-1,-1,-1,-1,-1,0,-1
2024010489034,2024,010489034,2,9,0,2,2,0,0,0,0,0,0,0,0,0,1,1,6,6,3,-1,-1,-1,-1,-1,-1,-1,-1,0,-1
2024010503947,2024,010503947,1,4,0,18,19,5,1,0,0,1,0,0,3,0,1,1,6,6,3,-1,-1,-1,-1,-1,-1,-1,-1,0,-1
2024201474703,2024,201474703,1,9,0,-1,9,4,2,-1,0,5,0,0,0,0,4,1,-1,9,2,28,6,-1,-1,-1,-1,-1,-1,0,-1
2024340NN1332,2024,340NN1332,2,9,0,-1,19,6,2,-1,0,0,0,11,5,10,2,1,-1,6,2,58,9,-1,-1,-1,-1,7,E01027321,0,1
2024041404048,2024,041404048,1,9,0,-1,19,7,3,-1,0,0,2,0,1,11,1,1,-1,2,1,35,6,-1,-1,-1,-1,3,E01025225,0,1
2024340NN9112,2024,340NN9112,2,19,0,-1,4,3,7,-1,0,0,0,0,0,0,2,1,-1,1,1,44,7,-1,-1,-1,-1,4,E01035430,0,2
2024320146745,2024,320146745,1,9,0,-1,-1,6,2,0,0,0,0,0,1,10,1,1,1,1,1,43,7,-1,-1,-1,-1,4,E01026019,0,2
2024010487382,2024,010487382,1,19,0,15,15,1,5,0,0,6,0,0,3,0,1,1,1,1,1,21,5,-1,-1,-1,-1,3,E01001629,0,2
2024471485219,2024,471485219,2,1,0,-1,19,2,6,-1,0,3,0,0,0,0,4,1,-1,9,1,44,7,-1,-1,-1,-1,10,E01030604,0,4
2024010536388,2024,010536388,1,1,9,99,99,9,9,99,99,9,9,99,9,99,9,1,2,2,1,48,8,-1,-1,-1,-1,4,E01000406,0,3
2024131455822,2024,131455822,2,1,0,-1,19,4,8,-1,0,0,0,0,0,0,1,1,-1,2,1,44,7,-1,-1,-1,-1,1,E01010680,0,2
2024010502642,2024,010502642,2,1,0,18,19,7,3,0,0,0,0,4,0,0,1,1,6,6,2,30,6,-1,-1,-1,-1,9,E01000859,0,1
2024552400331,2024,552400331,1,9,0,13,13,2,6,0,0,0,0,0,0,0,4,1,6,6,3,-1,-1,-1,-1,-1,-1,-1,-1,0,-1
2024430415951,2024,430415951,1,9,0,9,9,5,3,0,0,5,0,0,0,0,1,1,6,6,1,-1,-1,-1,-1,-1,-1,-1,-1,0,-1
2024010543285,2024,010543285,1,9,0,99,99,9,9,99,99,9,9,99,9,99,9,9,6,6,1,58,9,-1,-1,-1,-1,8,E01002941,0,3
2024430193308,2024,430193308,1,9,0,9,9,3,1,0,0,6,0,0,0,0,3,1,6,6,2,59,9,-1,-1,-1,-1,3,E01017711,0,1
2024161467919,2024,161467919,1,1,0,-1,3,0,0,-1,0,1,0,0,0,0,9,1,-1,2,2,50,8,-1,-1,-1,-1,4,E01013320,0,1
2024131409707,2024,131409707,1,97,0,-1,19,1,1,-1,0,0,0,0,0,0,1,1,-1,2,1,76,11,-1,-1,-1,-1,4,E01011192,0,1
2024451474296,2024,451474296,1,9,0,-1,19,5,1,-1,0,1,0,0,0,0,2,1,-1,1,1,64,9,-1,-1,-1,-1,2,E01001633,0,4
2024421422383,2024,421422383,1,9,-1,-1,-1,-1,-1,-1,-1,0,-1,-1,-1,0,-1,9,-1,6,3,-1,-1,-1,-1,-1,-1,-1,-1,0,-1
2024041536698,2024,041536698,2,9,0,-1,19,7,3,-1,0,8,0,0,0,0,1,1,-1,9,1,37,7,-1,-1,-1,-1,4,E01025492,0,3
2024010543044,2024,010543044,2,9,0,14,14,5,1,0,0,1,0,4,0,0,1,1,6,6,3,-1,-1,-1,-1,-1,-1,-1,-1,0,-1
2024010516132,2024,010516132,2,9,0,99,99,9,9,99,99,9,9,99,9,99,9,9,6,6,3,-1,-1,-1,-1,-1,-1,-1,-1,0,-1
2024010540162,2024,010540162,1,1,0,18,19,5,1,0,0,2,0,0,0,0,3,1,1,1,1,49,8,-1,-1,-1,-1,4,E01000490,0,1
2024332401036,2024,332401036,2,9,0,-1,19,5,1,-1,0,0,0,0,0,0,1,1,-1,6,1,56,9,-1,-1,-1,-1,10,E01025896,0,4
2024430588972,2024,430588972,1,9,0,1,1,4,8,0,0,0,0,0,0,0,2,1,6,6,3,-1,-1,-1,-1,-1,-1,-1,-1,0,-1
2024010491047,2024,010491047,1,9,0,4,4,7,3,0,0,2,0,0,0,0,3,1,6,6,1,25,5,-1,-1,-1,-1,4,E01004633,0,2
2024131436173,2024,131436173,2,1,0,-1,19,4,8,-1,0,0,0,0,0,0,0,1,-1,2,1,28,6,-1,-1,-1,-1,6,E01011053,0,2
2024340WN1312,2024,340WN1312,1,9,0,-1,19,5,1,-1,0,1,0,0,0,0,1,1,-1,1,1,42,7,-1,-1,-1,-1,8,E01035416,0,3
2024010488186,2024,010488186,1,3,0,18,19,1,5,0,0,0,0,0,0,0,1,1,1,1,1,33,6,-1,-1,-1,-1,-1,-1,0,-1
2024201527565,2024,201527565,2,1,0,-1,19,1,1,-1,4,8,0,0,0,0,1,1,-1,9,1,23,5,-1,-1,-1,-1,-1,-1,0,-1
2024010490490,2024,010490490,2,9,0,99,99,9,9,99,99,9,9,99,9,99,1,1,6,6,3,-1,-1,-1,-1,-1,-1,-1,-1,0,-1
2024531396113,2024,531396113,1,9,0,-1,5,7,3,-1,0,4,0,0,0,0,1,1,-1,2,2,19,4,-1,-1,-1,-1,3,E01022309,0,1
2024010516021,2024,010516021,1,1,9,99,99,9,9,99,99,9,9,99,9,99,1,1,4,7,1,-1,-1,-1,-1,-1,-1,3,E01000057,0,1
2024430022485,2024,430022485,1,9,0,17,19,7,4,0,0,0,1,10,2,2,0,1,6,6,1,38,7,-1,-1,-1,-1,10,E01016668,0,1
2024041477305,2024,041477305,1,1,0,-1,19,5,1,-1,0,8,0,0,0,0,4,1,-1,9,1,12,3,-1,-1,-1,-1,3,E01024943,0,1
2024010526604,2024,010526604,2,1,0,18,19,1,5,0,0,0,0,0,0,0,2,1,6,6,1,24,5,-1,-1,-1,-1,2,E01004289,0,1
2024010487319,2024,010487319,1,4,0,18,19,5,1,0,0,2,5,0,0,0,4,1,1,1,1,30,6,-1,-1,-1,-1,3,E01003625,0,2
2024351441042,2024,351441042,1,9,0,-1,7,2,5,-1,0,6,0,0,0,0,1,1,-1,6,1,32,6,-1,-1,-1,-1,10,E01018301,0,1
2024122401155,2024,122401155,2,19,0,18,19,1,5,0,0,0,0,0,0,0,2,1,6,6,1,33,6,-1,-1,-1,-1,9,E01027894,0,1
2024101511584,2024,101511584,2,1,0,-1,14,6,2,-1,0,0,0,0,0,0,1,1,-1,6,1,19,4,-1,-1,-1,-1,-1,-1,0,-1
2024552401276,2024,552401276,2,1,0,9,9,1,7,0,0,8,0,0,0,0,0,1,6,6,2,53,8,-1,-1,-1,-1,7,E01015348,0,1
2024430306094,2024,430306094,1,9,0,17,19,4,2,0,0,8,0,0,0,0,1,1,2,2,2,37,7,-1,-1,-1,-1,5,E01030674,0,1
2024010510654,2024,010510654,3,3,0,18,19,3,7,0,0,1,0,0,0,0,2,1,6,6,3,-1,-1,-1,-1,-1,-1,-1,-1,0,-1
2024401395865,2024,401395865,1,9,0,-1,9,7,3,-1,0,4,0,0,3,0,1,9,-1,6,1,81,11,-1,-1,-1,-1,10,E01031296,0,4
2024131491615,2024,131491615,1,9,0,-1,3,7,2,-1,0,8,0,0,0,0,1,1,-1,6,1,-1,-1,-1,-1,-1,-1,-1,-1,0,-1
2024471473944,2024,471473944,2,1,0,-1,19,3,7,-1,0,1,0,0,0,0,1,1,-1,6,1,23,5,-1,-1,-1,-1,4,E01031791,0,1
2024052402058,2024,052402058,2,1,0,18,19,3,7,0,0,1,0,0,0,0,4,1,6,6,1,26,6,-1,-1,-1,-1,4,E01007312,0,1
2024010553055,2024,010553055,1,1,0,5,5,1,5,4,4,1,1,99,3,0,4,1,6,6,1,65,9,-1,-1,-1,-1,2,E01001735,0,1
2024131578443,2024,131578443,1,9,0,-1,20,5,1,-1,0,0,0,0,0,0,4,1,-1,6,1,59,9,-1,-1,-1,-1,2,E01011343,0,1
2024010534380,2024,010534380,3,90,4,99,99,9,9,99,99,9,9,99,9,99,9,9,6,6,3,-1,-1,-1,-1,-1,-1,-1,-1,0,-1
2024421497996,2024,421497996,1,9,0,-1,9,1,7,-1,0,1,0,0,0,0,1,9,-1,6,2,-1,-1,-1,-1,-1,-1,-1,-1,0,-1
2024010490084,2024,010490084,1,1,9,99,99,9,9,99,99,9,9,99,9,99,1,1,3,7,2,37,7,-1,-1,-1,-1,5,E01002565,0,1
2024430112563,2024,430112563,2,19,0,13,13,5,1,0,0,8,0,0,0,0,1,1,6,6,1,-1,-1,-1,-1,-1,-1,-1,-1,0,-1
2024010493863,2024,010493863,2,9,0,10,10,4,2,0,0,1,0,0,0,0,2,1,6,6,2,67,10,-1,-1,-1,-1,9,E01001020,0,1
2024111402925,2024,111402925,1,97,0,-1,-1,-1,-1,-1,-1,0,-1,-1,-1,0,-1,1,-1,6,3,30,6,-1,-1,-1,-1,-1,-1,0,-1
2024010536302,2024,010536302,2,1,0,18,19,5,1,0,0,1,0,0,0,0,4,1,2,2,1,21,5,-1,-1,-1,-1,3,E01001860,0,1
2024542898724,2024,542898724,4,9,0,18,19,6,2,0,0,0,0,0,0,0,1,1,6,6,2,49,8,-1,-1,-1,-1,9,E01015451,0,4
2024111465463,2024,111465463,2,9,0,-1,13,2,6,-1,0,0,5,0,7,0,4,1,-1,1,1,18,4,-1,-1,-1,-1,5,E01020650,0,3
2024061408758,2024,061408758,2,1,0,-1,19,7,3,-1,0,1,0,0,0,0,1,1,-1,6,1,18,4,-1,-1,-1,-1,1,E01005187,0,1
2024010534896,2024,010534896,2,9,0,99,99,9,9,99,99,9,9,99,9,99,1,9,6,6,2,-1,-1,-1,-1,-1,-1,-1,-1,0,-1
2024010526878,2024,010526878,2,1,0,18,19,8,4,0,0,8,0,0,0,0,4,1,6,6,1,21,5,-1,-1,-1,-1,3,E01003960,0,2
2024010522962,2024,010522962,1,1,9,99,99,9,9,99,99,9,9,99,9,99,1,1,2,2,2,29,6,-1,-1,-1,-1,10,E01003403,0,1
2024461455663,2024,461455663,1,9,0,-1,19,5,8,-1,0,1,0,0,0,0,-1,9,-1,9,3,-1,-1,-1,-1,-1,-1,-1,-1,0,-1
2024520402169,2024,520402169,2,90,0,18,19,2,8,0,0,0,0,0,0,0,1,1,6,6,1,62,9,-1,-1,-1,-1,7,E01029158,0,1
2024061404915,2024,061404915,1,9,0,-1,19,2,6,-1,0,1,0,0,0,0,1,9,-1,6,2,39,7,-1,-1,-1,-1,1,E01006326,0,1
2024131535565,2024,131535565,1,-1,0,-1,19,1,5,-1,9,0,0,0,0,0,1,1,-1,9,2,33,6,-1,-1,-1,-1,2,E01032923,1,1
2024211504929,2024,211504929,1,90,0,-1,13,8,4,-1,5,1,0,0,0,0,1,1,-1,2,1,41,7,-1,-1,-1,-1,8,E01029860,0,3
2024440331747,2024,440331747,2,9,0,5,5,4,8,0,0,6,0,0,0,0,1,1,6,6,1,-1,-1,-1,-1,-1,-1,-1,-1,0,-1
2024131428665,2024,131428665,2,9,0,-1,19,6,2,-1,0,0,0,0,0,0,1,1,-1,9,2,56,9,-1,-1,-1,-1,7,E01011829,0,1
2024010553900,2024,010553900,1,1,0,5,5,1,5,0,0,9,0,0,0,0,0,1,6,6,1,56,9,-1,-1,-1,-1,4,E01001804,0,2
2024010535660,2024,010535660,1,19,0,99,99,9,9,99,99,9,9,99,9,99,1,9,6,6,3,-1,-1,-1,-1,-1,-1,-1,-1,0,-1
2024052400750,2024,052400750,1,5,0,6,6,1,1,0,0,0,0,0,0,0,2,1,6,6,1,21,5,-1,-1,-1,-1,3,E01003073,0,5
2024332400974,2024,332400974,1,9,0,-1,9,5,3,-1,0,6,0,0,0,0,1,1,-1,6,1,-1,-1,-1,-1,-1,-1,-1,-1,0,-1
2024070801426,2024,070801426,1,1,0,-1,7,1,5,-1,0,2,0,0,0,0,1,1,-1,6,1,11,3,-1,-1,-1,-1,10,E01018666,0,1
2024122400530,2024,122400530,1,9,0,18,19,5,1,0,0,2,0,0,0,0,1,1,6,6,3,-1,-1,-1,-1,-1,-1,-1,-1,0,-1
2024010512666,2024,010512666,2,9,9,12,12,9,9,99,99,9,9,99,9,99,9,9,6,6,3,-1,-1,-1,-1,-1,-1,-1,-1,0,-1
2024010516767,2024,010516767,2,9,0,99,99,9,9,99,99,9,9,99,9,99,1,9,6,6,3,-1,-1,-1,-1,-1,-1,-1,-1,0,-1
2024010503272,2024,010503272,2,9,9,99,99,9,9,99,99,9,9,99,9,99,9,9,6,6,3,-1,-1,-1,-1,-1,-1,-1,-1,0,-1
2024231436967,2024,231436967,2,1,0,-1,19,1,5,-1,9,8,0,0,0,0,1,1,-1,6,1,78,11,-1,-1,-1,-1,9,E01031251,0,1
2024010530701,2024,010530701,2,9,0,99,99,9,9,99,99,9,9,99,9,99,9,9,6,6,1,63,9,-1,-1,-1,-1,2,E01001979,0,1
2024070574413,2024,070574413,1,9,0,7,7,7,1,0,0,0,0,0,1,0,1,1,6,6,3,-1,-1,-1,-1,-1,-1,-1,-1,0,-1
2024010548680,2024,010548680,2,19,0,99,99,9,9,99,99,9,9,99,9,99,4,9,6,6,3,-1,-1,-1,-1,-1,-1,-1,-1,0,-1
2024471495034,2024,471495034,2,1,0,-1,9,5,3,-1,0,8,0,0,0,0,3,1,-1,6,1,62,9,-1,-1,-1,-1,2,E01021137,0,1
2024461460136,2024,461460136,1,9,0,-1,5,5,5,-1,0,0,0,0,0,0,3,9,-1,6,1,24,5,-1,-1,-1,-1,7,E01024350,0,4
2024010495724,2024,010495724,2,9,9,99,99,9,9,99,99,9,9,99,9,99,1,9,6,6,3,64,9,-1,-1,-1,-1,2,E01001161,0,1
2024010529457,2024,010529457,2,1,0,15,15,5,1,0,0,8,0,0,0,0,1,1,1,1,1,23,5,-1,-1,-1,-1,1,E01002713,0,1
2024010493275,2024,010493275,1,9,9,99,99,9,9,99,99,9,9,99,9,99,9,9,6,6,1,25,5,-1,-1,-1,-1,1,E01000105,0,2
2024211527952,2024,211527952,2,1,0,-1,19,8,4,-1,0,8,0,0,0,0,3,1,-1,2,1,20,4,-1,-1,-1,-1,4,E01029598,0,1
2024211490177,2024,211490177,1,9,0,-1,9,6,4,-1,0,1,0,0,0,0,1,1,-1,6,1,34,6,-1,-1,-1,-1,6,E01014351,0,1
2024332400096,2024,332400096,1,9,0,-1,19,4,8,-1,0,0,0,0,1,0,4,1,-1,6,1,66,10,-1,-1,-1,-1,7,E01013789,0,2
202417H102124,2024,17H102124,1,1,0,-1,19,5,1,-1,0,0,0,0,0,0,2,1,-1,9,1,64,9,-1,-1,-1,-1,7,E01011969,0,1
2024061398624,2024,061398624,2,9,0,-1,2,3,7,-1,0,0,0,0,1,10,2,1,-1,6,-1,-1,-1,-1,-1,-1,-1,-1,-1,0,-1
2024141439019,2024,141439019,3,9,0,-1,2,0,0,-1,9,1,0,0,0,0,0,1,-1,6,-1,-1,-1,-1,-1,-1,-1,-1,-1,0,-1
2024201395061,2024,201395061,2,1,0,-1,19,8,4,-1,0,3,0,0,0,0,2,1,-1,6,2,34,6,-1,-1,-1,-1,7,E01009039,0,1
2024010497919,2024,010497919,2,9,0,18,19,1,5,0,0,1,0,0,0,0,1,1,6,6,3,22,5,-1,-1,-1,-1,-1,-1,0,-1
2024010504971,2024,010504971,1,1,9,99,99,9,9,99,99,9,9,99,9,99,9,1,6,6,1,31,6,-1,-1,-1,-1,3,E01004422,0,1
2024320577038,2024,320577038,2,9,0,4,4,4,8,0,0,1,0,0,0,0,2,1,6,6,2,-1,-1,-1,-1,-1,-1,-1,-1,0,-1
2024010533231,2024,010533231,2,19,0,9,9,1,7,5,5,5,0,0,0,0,4,1,1,1,1,34,6,-1,-1,-1,-1,4,E01004453,0,3
2024440013796,2024,440013796,2,9,0,17,19,5,2,0,0,1,0,0,0,0,1,1,6,6,1,59,9,-1,-1,-1,-1,7,E01017351,0,1
2024440238960,2024,440238960,2,-1,0,18,19,3,7,0,0,0,0,0,0,0,4,1,4,7,1,16,4,-1,-1,-1,-1,9,E01034709,1,1
2024311492016,2024,311492016,1,9,0,-1,19,2,6,-1,0,0,0,0,0,0,4,1,-1,6,1,25,5,-1,-1,-1,-1,9,E01033780,0,1
2024010506747,2024,010506747,1,3,0,3,3,7,1,0,0,1,0,0,0,0,1,1,1,1,1,28,6,-1,-1,-1,-1,2,E01001110,0,1
2024451486113,2024,451486113,1,1,0,-1,19,5,3,-1,0,0,0,0,0,0,1,1,-1,6,1,26,6,-1,-1,-1,-1,7,E01002927,0,3
2024991475934,2024,991475934,2,9,0,-1,3,6,2,-1,0,0,0,0,0,0,2,1,-1,6,1,49,8,-1,-1,-1,-1,8,-1,0,2
2024010500898,2024,010500898,1,1,9,99,99,9,9,99,99,9,9,99,9,99,2,1,3,7,1,31,6,-1,-1,-1,-1,6,E01034579,0,1
2024010490070,2024,010490070,1,1,9,99,99,9,9,99,99,1,9,99,9,99,9,1,6,6,1,46,8,-1,-1,-1,-1,6,E01002636,0,1
2024461426812,2024,461426812,1,9,0,-1,19,5,1,-1,0,0,0,0,0,0,1,9,-1,6,3,-1,-1,-1,-1,-1,-1,-1,-1,0,-1
2024522401787,2024,522401787,1,1,0,18,19,5,1,0,0,8,0,0,0,0,4,1,6,6,1,35,6,-1,-1,-1,-1,6,E01015005,0,1
2024010490103,2024,010490103,1,1,0,99,99,9,9,99,99,9,9,99,9,99,9,9,6,6,3,-1,-1,-1,-1,-1,-1,-1,-1,0,-1
2024061471323,2024,061471323,1,97,0,-1,19,7,3,-1,0,1,0,4,0,0,1,1,-1,6,1,18,4,-1,-1,-1,-1,1,E01005123,0,1
2024201405475,2024,201405475,1,9,0,-1,19,7,1,-1,0,5,0,0,0,0,1,1,-1,6,1,-1,-1,-1,-1,-1,-1,-1,-1,0,-1
2024430399598,2024,430399598,1,21,0,18,19,4,8,0,0,0,0,0,0,0,4,1,1,1,1,56,9,-1,-1,-1,-1,3,E01003727,0,4
2024311501502,2024,311501502,2,1,0,-1,19,3,7,-1,0,1,0,0,0,0,1,1,-1,6,1,17,4,-1,-1,-1,-1,1,E01013826,0,1
2024991394106,2024,991394106,1,9,0,-1,7,1,4,-1,0,1,0,0,0,0,1,1,-1,6,3,-1,-1,-1,-1,-1,-1,-1,-1,0,-1
2024010514556,2024,010514556,2,1,0,18,19,1,5,4,4,8,0,0,0,0,1,1,6,6,1,39,7,-1,-1,-1,-1,1,E01001210,0,3
2024351537285,2024,351537285,1,9,-1,-1,-1,-1,-1,-1,-1,0,-1,-1,-1,0,-1,9,-1,6,2,-1,-1,-1,-1,-1,-1,-1,-1,0,-1
2024520401241,2024,520401241,1,5,0,18,19,6,2,0,0,8,0,0,0,0,1,1,6,6,1,52,8,-1,-1,-1,-1,6,E01022341,0,4
2024421488018,2024,421488018,2,9,0,-1,19,5,1,-1,0,8,0,0,0,0,1,1,-1,1,1,76,11,-1,-1,-1,-1,-1,-1,0,-1
2024991435424,2024,991435424,2,1,0,-1,19,3,7,-1,0,0,0,0,0,0,1,1,-1,9,1,61,9,-1,-1,-1,-1,8,-1,0,2
2024520500125,2024,520500125,2,22,0,18,19,7,3,0,0,1,0,0,0,0,4,1,6,6,2,64,9,-1,-1,-1,-1,5,E01029226,0,1