collision_index,collision_year,collision_ref_no,vehicle_reference,vehicle_type,towing_and_articulation,vehicle_manoeuvre_historic,vehicle_manoeuvre,vehicle_direction_from,vehicle_direction_to,vehicle_location_restricted_lane_historic,vehicle_location_restricted_lane,junction_location,skidding_and_overturning,hit_object_in_carriageway,vehicle_leaving_carriageway,hit_object_off_carriageway,first_point_of_impact,vehicle_left_hand_drive,journey_purpose_of_driver_historic,journey_purpose_of_driver,sex_of_driver,age_of_driver,age_band_of_driver,engine_capacity_cc,propulsion_code,age_of_vehicle,generic_make_model,driver_imd_decile,lsoa_of_driver,escooter_flag,driver_distance_banding
2024531461857,2024,531461857,2,1,0,-1,19,1,5,-1,0,0,2,0,1,0,1,1,-1,6,1,14,3,-1,-1,-1,-1,4,E01022243,0,1
2024010536560,2024,010536560,2,9,9,99,99,9,9,99,99,9,9,99,9,99,9,9,6,6,3,-1,-1,-1,-1,-1,-1,-1,-1,0,-1
2024041479478,2024,041479478,2,9,0,-1,-1,-1,-1,-1,-1,0,-1,-1,-1,0,-1,9,-1,6,3,-1,-1,-1,-1,-1,-1,-1,-1,0,-1
2024320410602,2024,320410602,2,1,0,-1,-1,2,6,0,0,0,5,0,1,0,0,1,6,6,1,55,8,-1,-1,-1,-1,6,E01026058,0,1
2024141412998,2024,141412998,2,1,0,-1,19,2,6,-1,0,1,0,0,0,0,2,1,-1,9,2,59,9,-1,-1,-1,-1,10,E01007939,0,1
2024371451585,2024,371451585,1,9,0,-1,19,1,5,-1,0,8,0,0,0,0,3,1,-1,6,1,32,6,-1,-1,-1,-1,8,E01016001,0,4
2024411544257,2024,411544257,2,9,0,-1,19,1,5,-1,0,0,0,0,0,0,2,1,-1,1,1,55,8,-1,-1,-1,-1,8,E01034434,0,4
2024131487394,2024,131487394,2,23,0,-1,19,7,3,-1,0,0,0,0,0,0,1,1,-1,6,2,39,7,-1,-1,-1,-1,1,E01011472,0,1
2024010490504,2024,010490504,1,1,9,99,99,9,9,99,99,0,9,99,9,99,1,1,2,2,2,29,6,-1,-1,-1,-1,6,E01002933,0,1
2024471476290,2024,471476290,2,1,0,-1,19,8,4,-1,0,0,5,0,0,0,4,1,-1,9,1,80,11,-1,-1,-1,-1,3,E01016922,0,1
2024461475815,2024,461475815,1,2,0,-1,19,7,3,-1,0,0,0,4,0,0,1,1,-1,6,3,-1,-1,-1,-1,-1,-1,-1,-1,0,-1
2024451450948,2024,451450948,2,9,0,-1,19,1,7,-1,0,0,0,0,0,0,1,1,-1,6,1,40,7,-1,-1,-1,-1,10,E01030863,0,1
2024010514938,2024,010514938,1,9,0,3,3,7,3,0,0,1,0,0,0,0,1,1,6,6,3,-1,-1,-1,-1,-1,-1,-1,-1,0,-1
2024622400221,2024,622400221,2,9,0,18,19,2,6,0,0,8,0,0,0,0,4,1,6,6,1,23,5,-1,-1,-1,-1,2,W01001862,0,1
2024131397668,2024,131397668,1,9,0,-1,-1,-1,-1,-1,-1,-1,-1,-1,-1,-1,-1,1,-1,6,3,-1,-1,-1,-1,-1,-1,2,E01010628,0,1
2024311505506,2024,311505506,1,9,0,-1,7,5,1,-1,0,8,0,0,0,0,1,1,-1,6,3,-1,-1,-1,-1,-1,-1,-1,-1,0,-1
2024302400159,2024,302400159,2,9,0,7,7,5,7,0,0,3,0,0,0,0,1,1,6,6,2,51,8,-1,-1,-1,-1,3,E01013474,0,2
2024010492160,2024,010492160,1,3,0,99,99,9,9,99,99,9,9,99,9,99,1,1,1,1,2,27,6,-1,-1,-1,-1,5,E01000636,0,1
2024451431633,2024,451431633,1,9,0,-1,5,7,3,-1,0,8,0,0,0,0,3,1,-1,2,1,30,6,-1,-1,-1,-1,8,E01030687,0,3
2024010527241,2024,010527241,1,1,9,99,99,9,9,99,99,9,9,99,9,99,9,1,6,6,1,32,6,-1,-1,-1,-1,3,E01000948,0,1
2024421408189,2024,421408189,1,19,0,-1,19,1,5,-1,0,0,0,0,0,0,1,1,-1,6,1,45,7,-1,-1,-1,-1,-1,-1,0,-1
2024041530444,2024,041530444,1,9,0,-1,19,7,3,-1,0,0,0,0,0,0,1,1,-1,2,1,27,6,-1,-1,-1,-1,8,E01034347,0,3
2024522402378,2024,522402378,2,9,0,2,2,0,0,0,0,0,0,0,0,0,3,1,6,6,2,-1,-1,-1,-1,-1,-1,-1,-1,0,-1
2024010491397,2024,010491397,1,9,0,18,19,7,3,0,0,4,0,0,0,0,1,1,6,6,1,52,8,-1,-1,-1,-1,-1,-1,0,-1
2024320567381,2024,320567381,1,9,0,-1,-1,2,6,0,0,0,0,0,7,9,1,1,6,6,2,21,5,-1,-1,-1,-1,4,E01026057,0,4
2024201486281,2024,201486281,2,1,0,-1,5,7,3,-1,0,0,0,0,0,0,1,1,-1,6,1,13,3,-1,-1,-1,-1,1,E01009360,0,1
2024041449539,2024,041449539,2,1,0,-1,19,3,7,-1,0,0,0,0,0,0,2,1,-1,6,2,85,11,-1,-1,-1,-1,-1,-1,0,-1
2024991450106,2024,991450106,2,23,0,-1,19,8,3,-1,0,0,2,4,0,0,2,1,-1,6,1,17,4,-1,-1,-1,-1,1,-1,0,1
2024610015324,2024,610015324,1,17,5,9,9,4,3,0,0,8,0,0,0,0,3,1,1,1,1,19,4,-1,-1,-1,-1,10,W01001597,0,4
2024501448627,2024,501448627,1,9,0,-1,9,3,1,-1,0,1,0,0,0,0,4,2,-1,6,1,49,8,-1,-1,-1,-1,4,E01019064,0,2
2024010518819,2024,010518819,2,1,0,18,19,5,1,4,4,1,0,0,0,0,1,1,2,2,2,26,6,-1,-1,-1,-1,3,E01000889,0,1
2024371437186,2024,371437186,2,1,0,-1,15,1,5,-1,0,8,0,0,0,0,1,1,-1,6,1,26,6,-1,-1,-1,-1,3,E01033123,0,1
2024010551370,2024,010551370,2,9,0,99,99,9,9,99,99,9,9,99,9,99,9,9,6,6,3,-1,-1,-1,-1,-1,-1,-1,-1,0,-1
2024430030587,2024,430030587,2,19,0,18,19,7,3,0,0,8,0,0,0,0,3,1,1,1,1,24,5,-1,-1,-1,-1,-1,-1,0,-1
2024501548106,2024,501548106,2,1,0,-1,19,3,7,-1,0,4,0,0,0,0,2,1,-1,6,1,57,9,-1,-1,-1,-1,2,E01034869,0,1
2024041513264,2024,041513264,1,1,0,-1,5,5,1,-1,0,1,0,0,0,0,1,1,-1,9,1,36,7,-1,-1,-1,-1,8,E01025324,0,1
2024061535661,2024,061535661,2,1,-1,-1,19,5,1,-1,0,6,0,0,1,0,1,1,-1,6,1,-1,-1,-1,-1,-1,-1,-1,-1,0,-1
2024461481879,2024,461481879,1,-1,0,-1,19,3,7,-1,0,6,0,0,0,0,-1,9,-1,6,3,-1,-1,-1,-1,-1,-1,-1,-1,1,-1
2024520403342,2024,520403342,1,9,0,4,4,5,1,0,0,0,0,0,0,0,2,1,6,6,1,28,6,-1,-1,-1,-1,1,E01014832,0,4
2024421460963,2024,421460963,2,3,0,-1,10,1,6,-1,0,0,0,0,0,0,3,1,-1,9,1,73,10,-1,-1,-1,-1,5,E01021388,0,4
2024201504345,2024,201504345,2,1,0,-1,19,6,2,-1,0,8,0,0,0,0,1,1,-1,9,1,34,6,-1,-1,-1,-1,2,E01009265,0,1
2024231501392,2024,231501392,1,9,0,-1,19,8,4,-1,0,0,0,0,0,0,1,1,-1,9,1,20,4,-1,-1,-1,-1,6,E01031193,0,2
2024451498342,2024,451498342,2,9,0,-1,19,5,1,-1,0,0,0,0,0,0,1,1,-1,9,1,76,11,-1,-1,-1,-1,7,E01002337,0,4
2024471503585,2024,471503585,3,9,0,-1,4,1,5,-1,0,1,0,0,0,0,0,9,-1,6,-1,-1,-1,-1,-1,-1,-1,-1,-1,0,-1
2024201510848,2024,201510848,2,9,0,-1,19,8,4,-1,0,0,0,0,0,0,1,9,-1,6,3,-1,-1,-1,-1,-1,-1,-1,-1,0,-1
2024320492932,2024,320492932,2,1,0,-1,-1,3,7,9,9,0,0,0,0,0,3,1,6,6,1,5,1,-1,-1,-1,-1,4,E01035537,0,4
2024302400143,2024,302400143,1,9,0,18,19,4,8,0,0,2,0,0,0,0,3,1,6,6,2,57,9,-1,-1,-1,-1,3,E01019496,0,2
2024430587329,2024,430587329,1,9,0,18,19,4,8,0,0,0,0,0,0,0,1,1,6,6,1,45,7,-1,-1,-1,-1,9,E01017649,0,4
2024332400081,2024,332400081,2,-1,0,-1,19,6,2,-1,0,6,0,0,0,0,1,1,-1,9,1,15,3,-1,-1,-1,-1,5,E01025863,0,1
2024531525117,2024,531525117,2,9,0,-1,19,3,7,-1,0,1,0,0,0,0,1,1,-1,6,2,32,6,-1,-1,-1,-1,8,E01022423,0,1
2024131507110,2024,131507110,2,9,0,-1,19,1,5,-1,0,0,0,0,0,0,3,1,-1,9,2,19,4,-1,-1,-1,-1,2,E01026049,0,5
2024421409110,2024,421409110,1,21,1,-1,19,6,2,-1,0,0,0,0,0,0,3,2,-1,1,1,57,9,-1,-1,-1,-1,-1,-1,0,-1
2024010491030,2024,010491030,1,9,0,2,2,9,9,99,99,1,9,99,9,99,2,9,6,6,2,27,6,-1,-1,-1,-1,4,E01002241,0,3
2024520002307,2024,520002307,2,9,9,99,99,9,9,0,0,0,0,0,0,0,9,9,6,6,3,-1,-1,-1,-1,-1,-1,-1,-1,0,-1
2024010541178,2024,010541178,2,1,0,18,19,5,1,0,0,2,0,0,0,0,4,1,6,6,1,19,4,-1,-1,-1,-1,3,E01001747,0,1
2024010488122,2024,010488122,1,9,0,99,99,9,9,99,99,0,9,99,9,99,9,9,6,6,3,-1,-1,-1,-1,-1,-1,-1,-1,0,-1
2024010491316,2024,010491316,2,5,0,17,19,7,3,0,0,1,2,0,0,0,4,1,6,6,1,39,7,-1,-1,-1,-1,-1,-1,0,-1
2024430592941,2024,430592941,1,90,0,18,19,1,5,0,0,4,-1,0,3,1,1,1,2,2,2,18,4,-1,-1,-1,-1,1,E01016842,0,2
2024221420705,2024,221420705,2,1,0,-1,19,8,5,-1,0,8,0,0,0,0,2,1,-1,6,2,72,10,-1,-1,-1,-1,8,E01028977,0,3
2024070977288,2024,070977288,2,1,9,-1,19,1,5,-1,0,6,0,0,9,99,9,1,-1,6,1,15,3,-1,-1,-1,-1,-1,-1,0,-1
2024161511045,2024,161511045,1,9,0,-1,19,6,2,-1,0,1,0,0,1,0,4,1,-1,9,1,24,5,-1,-1,-1,-1,3,E01013233,0,1
2024010524101,2024,010524101,1,1,0,18,19,1,5,0,0,1,0,12,0,0,0,1,6,6,1,37,7,-1,-1,-1,-1,1,E01001813,0,2
2024010492190,2024,010492190,1,98,0,5,5,5,1,0,0,2,0,0,0,0,1,1,6,6,3,-1,-1,-1,-1,-1,-1,-1,-1,0,-1
2024451536125,2024,451536125,1,9,0,-1,19,6,2,-1,0,0,0,0,0,0,1,2,-1,9,1,37,7,-1,-1,-1,-1,8,E01030302,0,1
2024052400413,2024,052400413,1,9,0,18,19,2,6,0,0,1,0,0,0,0,1,1,6,6,3,-1,-1,-1,-1,-1,-1,-1,-1,0,-1
2024010531019,2024,010531019,2,1,0,18,19,2,6,0,0,2,0,0,0,0,1,1,6,6,1,15,3,-1,-1,-1,-1,6,E01002849,0,1
2024201461737,2024,201461737,1,9,0,-1,19,2,6,-1,0,0,0,0,0,0,4,1,-1,6,1,30,6,-1,-1,-1,-1,5,E01009582,0,1
2024052401954,2024,052401954,1,1,0,18,19,8,4,0,0,0,0,0,0,0,1,1,6,6,1,25,5,-1,-1,-1,-1,1,E01006728,0,1
2024320369840,2024,320369840,2,1,0,-1,-1,6,2,0,0,8,5,0,0,0,4,1,6,6,1,22,5,-1,-1,-1,-1,2,E01026166,0,1
2024122400356,2024,122400356,1,9,0,9,9,3,1,0,0,5,0,0,0,0,1,1,2,2,2,18,4,-1,-1,-1,-1,9,E01027894,0,2
2024101440123,2024,101440123,1,19,0,-1,4,1,5,-1,0,8,0,0,0,0,1,9,-1,6,1,35,6,-1,-1,-1,-1,-1,-1,0,-1
2024461393694,2024,461393694,20,9,0,-1,4,4,8,-1,0,0,0,0,0,0,3,2,-1,9,1,50,8,-1,-1,-1,-1,-1,-1,0,-1
2024010489835,2024,010489835,1,3,9,99,99,9,9,99,99,9,9,99,9,99,9,1,6,6,3,37,7,-1,-1,-1,-1,5,E01001276,0,1
2024501491294,2024,501491294,2,9,0,-1,19,4,8,-1,0,0,0,0,0,0,3,1,-1,9,1,37,7,-1,-1,-1,-1,4,E01018825,0,3
2024231429943,2024,231429943,1,9,0,-1,19,8,4,-1,0,0,0,0,0,0,1,1,-1,9,1,39,7,-1,-1,-1,-1,10,E01032895,0,1
2024231396766,2024,231396766,1,9,0,-1,9,6,4,-1,0,8,0,0,0,0,1,1,-1,9,2,81,11,-1,-1,-1,-1,10,E01031175,0,1
2024471475490,2024,471475490,2,9,0,-1,19,3,6,-1,0,8,0,0,0,0,4,1,-1,1,2,64,9,-1,-1,-1,-1,4,E01029174,0,5
2024522402453,2024,522402453,1,1,0,18,19,1,5,2,2,8,0,0,0,0,1,1,6,6,1,23,5,-1,-1,-1,-1,10,E01014717,0,1
2024531485582,2024,531485582,1,1,0,-1,19,3,7,-1,0,4,0,0,0,0,4,1,-1,1,1,33,6,-1,-1,-1,-1,7,E01022277,0,3
2024501409919,2024,501409919,1,1,0,-1,19,1,5,-1,0,0,5,0,0,0,2,1,-1,9,1,21,5,-1,-1,-1,-1,5,E01034855,0,1
2024010527670,2024,010527670,2,9,0,11,11,9,9,99,99,9,9,99,9,99,9,9,6,6,2,-1,-1,-1,-1,-1,-1,-1,-1,0,-1
2024991503297,2024,991503297,1,9,0,-1,19,5,1,-1,0,4,0,0,0,0,3,1,-1,2,1,58,9,-1,-1,-1,-1,9,-1,0,1
2024010526220,2024,010526220,2,1,9,99,99,9,9,99,99,0,9,99,9,99,9,1,6,6,3,-1,-1,-1,-1,-1,-1,-1,-1,0,-1
2024461461526,2024,461461526,2,9,0,-1,19,3,7,-1,0,0,0,0,0,0,1,1,-1,9,2,35,6,-1,-1,-1,-1,5,E01024039,0,1
2024440042246,2024,440042246,1,19,0,7,7,3,5,0,0,8,0,0,0,0,1,1,6,6,1,-1,-1,-1,-1,-1,-1,-1,-1,0,-1
2024401465686,2024,401465686,2,1,0,-1,19,1,6,-1,0,0,0,0,0,0,1,1,-1,9,1,66,10,-1,-1,-1,-1,8,E01017441,0,4
2024010519224,2024,010519224,1,1,9,99,99,9,9,99,99,0,9,99,9,99,9,1,1,1,3,20,4,-1,-1,-1,-1,7,E01001867,0,2
2024061422398,2024,061422398,2,9,-1,-1,-1,-1,-1,-1,-1,-1,-1,-1,-1,0,-1,9,-1,6,1,-1,-1,-1,-1,-1,-1,5,E01004833,0,2
2024430597757,2024,430597757,1,9,0,18,19,4,8,0,0,1,0,0,0,0,1,1,6,6,1,-1,-1,-1,-1,-1,-1,-1,-1,0,-1
2024141532515,2024,141532515,2,1,0,-1,19,2,6,-1,0,1,0,0,0,0,1,1,-1,9,1,14,3,-1,-1,-1,-1,8,E01007898,0,1
2024302401064,2024,302401064,1,9,0,18,19,2,6,0,0,8,0,0,0,0,1,1,6,6,1,58,9,-1,-1,-1,-1,6,E01013529,0,1
2024010522781,2024,010522781,1,-1,0,18,19,3,7,0,0,8,0,0,0,0,0,1,6,6,1,14,3,-1,-1,-1,-1,3,E01002702,1,1
2024010521676,2024,010521676,2,1,0,14,14,1,5,0,0,1,0,0,0,0,1,1,6,6,1,37,7,-1,-1,-1,-1,9,E01004604,0,2
2024161527558,2024,161527558,2,9,0,-1,7,3,5,-1,0,6,0,0,0,0,1,1,-1,6,2,29,6,-1,-1,-1,-1,-1,-1,0,-1
2024010487965,2024,010487965,2,9,0,99,99,9,9,99,99,0,9,99,9,99,9,9,6,6,3,-1,-1,-1,-1,-1,-1,-1,-1,0,-1
2024010490268,2024,010490268,1,9,0,99,99,9,9,99,99,9,9,99,9,99,2,9,6,6,1,25,5,-1,-1,-1,-1,4,E01001329,0,2
2024401489605,2024,401489605,1,1,0,-1,5,7,3,-1,0,6,0,0,0,0,0,1,-1,6,1,45,7,-1,-1,-1,-1,1,E01015771,0,1
2024010491422,2024,010491422,1,3,0,99,99,9,9,99,99,9,9,99,9,99,9,1,6,6,1,32,6,-1,-1,-1,-1,3,E01004036,0,3
2024201460186,2024,201460186,4,9,0,-1,4,2,6,-1,0,0,0,0,0,0,1,1,-1,6,1,55,8,-1,-1,-1,-1,1,E01009335,0,1
2024371414723,2024,371414723,1,99,-1,-1,19,5,7,-1,0,4,0,0,0,0,1,9,-1,6,3,-1,-1,-1,-1,-1,-1,-1,-1,0,-1
2024421416998,2024,421416998,2,9,0,-1,-1,6,2,-1,-1,0,0,0,0,0,2,1,-1,-1,1,-1,-1,-1,-1,-1,-1,10,E01033968,0,4
2024052401374,2024,052401374,2,1,0,18,19,8,4,0,0,1,0,0,0,0,1,1,6,6,1,12,3,-1,-1,-1,-1,1,E01006964,0,1
2024010509400,2024,010509400,1,4,9,99,99,9,9,99,99,9,9,99,9,99,9,1,6,6,1,-1,-1,-1,-1,-1,-1,-1,-1,0,-1
2024430593028,2024,430593028,2,9,0,18,19,8,4,0,0,0,0,0,0,0,1,1,6,6,3,-1,-1,-1,-1,-1,-1,-1,-1,0,-1
2024461533056,2024,461533056,2,1,0,-1,19,1,5,-1,0,8,0,0,0,0,4,1,-1,2,1,31,6,-1,-1,-1,-1,1,E01024584,0,1
2024131480537,2024,131480537,1,9,0,-1,19,7,3,-1,9,8,0,11,0,0,1,1,-1,1,1,21,5,-1,-1,-1,-1,3,E01010914,0,1
2024141413793,2024,141413793,1,9,0,-1,19,1,5,-1,0,0,5,11,0,0,4,1,-1,6,1,47,8,-1,-1,-1,-1,7,E01014195,0,5
2024070741370,2024,070741370,2,1,0,-1,14,3,7,-1,0,0,0,0,0,0,3,1,-1,6,1,59,9,-1,-1,-1,-1,10,E01018653,0,1
2024440340418,2024,440340418,1,1,0,18,19,2,6,0,0,2,0,0,0,0,1,1,6,6,2,51,8,-1,-1,-1,-1,6,E01023075,0,1
2024481507940,2024,481507940,1,3,0,-1,19,5,1,-1,0,0,0,0,0,0,1,1,-1,6,1,40,7,-1,-1,-1,-1,-1,-1,0,-1
2024031497251,2024,031497251,1,9,0,-1,19,3,7,-1,0,1,0,0,0,0,1,1,-1,6,1,33,6,-1,-1,-1,-1,3,-1,0,3
2024451464458,2024,451464458,2,9,0,-1,19,5,1,-1,0,0,0,0,0,0,1,9,-1,6,1,20,4,-1,-1,-1,-1,-1,-1,0,-1
2024010495336,2024,010495336,2,9,0,99,99,9,9,99,99,9,9,99,9,99,1,9,6,6,3,35,6,-1,-1,-1,-1,5,E01003095,0,1
2024421437117,2024,421437117,1,9,0,-1,19,3,7,-1,0,0,0,0,0,0,2,1,-1,9,1,52,8,-1,-1,-1,-1,7,E01021434,0,2
2024411415858,2024,411415858,1,9,0,-1,-1,1,6,-1,0,0,-1,-1,-1,0,-1,9,-1,6,3,-1,-1,-1,-1,-1,-1,-1,-1,0,-1
2024010490300,2024,010490300,2,8,0,99,99,9,9,99,99,9,9,99,9,99,1,9,6,6,3,-1,-1,-1,-1,-1,-1,-1,-1,0,-1
2024401480405,2024,401480405,1,9,0,-1,19,8,4,-1,0,0,0,0,0,0,1,1,-1,6,1,55,8,-1,-1,-1,-1,4,E01027119,0,4
2024101480993,2024,101480993,2,1,0,-1,19,4,8,-1,0,8,5,0,0,0,4,1,-1,1,2,38,7,-1,-1,-1,-1,1,E01008575,0,2
2024411412364,2024,411412364,2,9,0,-1,19,1,5,-1,0,0,0,0,0,0,1,1,-1,6,1,65,9,-1,-1,-1,-1,7,E01023480,0,3
2024430232573,2024,430232573,2,1,0,17,19,1,7,0,0,8,0,0,0,0,2,1,2,2,1,23,5,-1,-1,-1,-1,9,E01028708,0,1
2024361498600,2024,361498600,2,1,-1,-1,19,-1,-1,-1,0,8,0,0,0,0,1,1,-1,9,1,11,3,-1,-1,-1,-1,2,E01033040,0,1
2024031442309,2024,031442309,2,1,0,-1,19,5,1,-1,0,1,0,0,0,0,1,1,-1,6,1,56,9,-1,-1,-1,-1,-1,-1,0,-1
2024010545007,2024,010545007,1,1,9,99,99,9,9,99,99,9,9,99,9,99,2,1,6,6,2,50,8,-1,-1,-1,-1,6,E01003085,0,1
2024421402075,2024,421402075,1,9,0,-1,19,5,1,-1,0,0,5,7,0,0,1,1,-1,9,1,23,5,-1,-1,-1,-1,5,E01021422,0,2
2024010545676,2024,010545676,2,1,0,17,19,1,5,0,0,0,0,0,0,0,1,1,4,7,1,16,4,-1,-1,-1,-1,7,E01000480,0,1
2024010512481,2024,010512481,1,1,9,99,99,9,9,99,99,1,9,99,9,99,1,1,2,2,1,52,8,-1,-1,-1,-1,7,E01004186,0,1
2024201520958,2024,201520958,1,1,0,-1,19,1,5,-1,9,0,0,0,0,0,1,1,-1,6,1,25,5,-1,-1,-1,-1,-1,-1,0,-1
2024545530624,2024,545530624,1,9,0,18,19,8,4,0,0,0,0,0,0,0,1,1,6,6,1,-1,-1,-1,-1,-1,-1,-1,-1,0,-1
2024320767224,2024,320767224,1,9,0,9,9,1,6,0,0,8,0,0,2,10,4,1,6,6,1,55,8,-1,-1,-1,-1,4,E01026057,0,2
2024430108330,2024,430108330,2,9,0,18,19,8,4,0,0,0,0,0,0,0,3,1,6,6,2,60,9,-1,-1,-1,-1,10,E01017651,0,1
2024531409771,2024,531409771,2,1,0,-1,19,4,8,-1,9,1,0,0,0,0,3,1,-1,2,1,33,6,-1,-1,-1,-1,5,E01022377,0,4
2024471451539,2024,471451539,1,9,0,-1,19,-1,-1,-1,0,0,0,0,0,0,-1,9,-1,6,1,-1,-1,-1,-1,-1,-1,-1,-1,0,-1
2024421471460,2024,421471460,1,9,0,-1,9,6,4,-1,0,1,0,0,0,0,1,9,-1,6,1,50,8,-1,-1,-1,-1,-1,-1,0,-1
2024131402824,2024,131402824,1,9,0,-1,7,1,5,-1,0,0,0,0,0,0,4,1,-1,7,1,33,6,-1,-1,-1,-1,3,E01010810,0,1
2024461491203,2024,461491203,1,1,0,-1,19,8,4,-1,0,0,0,12,0,0,1,1,-1,9,2,50,8,-1,-1,-1,-1,8,E01017480,0,5
2024010487023,2024,010487023,2,9,0,11,11,5,1,0,0,3,0,0,0,0,3,1,1,1,1,54,8,-1,-1,-1,-1,-1,-1,0,-1
2024141434668,2024,141434668,3,9,0,-1,2,0,0,-1,-1,1,0,0,0,0,4,1,-1,6,-1,-1,-1,-1,-1,-1,-1,-1,-1,0,-1
2024311428899,2024,311428899,3,9,0,-1,3,1,6,-1,0,0,0,0,0,0,2,1,-1,6,1,-1,-1,-1,-1,-1,-1,5,E01013937,0,2
2024201484962,2024,201484962,2,1,0,-1,4,3,7,-1,0,1,0,0,0,0,1,1,-1,6,1,31,6,-1,-1,-1,-1,5,E01009126,0,1
2024440078582,2024,440078582,1,9,4,13,13,6,2,0,0,0,0,0,0,0,4,1,1,1,1,60,9,-1,-1,-1,-1,8,E01023286,0,2
2024471400677,2024,471400677,2,9,0,-1,19,1,5,-1,0,0,0,0,0,0,3,1,-1,6,1,-1,-1,-1,-1,-1,-1,10,E01031424,0,1
2024340WN3202,2024,340WN3202,2,19,0,-1,2,0,0,-1,0,0,0,4,0,0,1,1,-1,6,3,-1,-1,-1,-1,-1,-1,-1,-1,0,-1
2024010532085,2024,010532085,1,9,0,9,9,1,7,0,0,6,0,0,0,0,4,1,6,6,1,54,8,-1,-1,-1,-1,9,E01023565,0,2
2024010548068,2024,010548068,1,1,0,18,19,1,5,99,99,9,9,0,0,0,1,1,6,6,3,-1,-1,-1,-1,-1,-1,4,E01002738,0,1
2024010488909,2024,010488909,1,9,0,5,5,3,7,99,99,4,0,0,0,0,1,1,6,6,2,36,7,-1,-1,-1,-1,5,E01002833,0,1
2024052400795,2024,052400795,1,9,0,18,19,3,7,0,0,0,0,0,0,0,4,1,6,6,3,-1,-1,-1,-1,-1,-1,-1,-1,0,-1
2024440513142,2024,440513142,1,1,0,18,19,8,4,0,0,1,0,0,0,0,3,1,6,6,1,66,10,-1,-1,-1,-1,8,E01023090,0,1
2024010500249,2024,010500249,2,22,9,18,19,2,6,0,0,0,0,0,0,0,1,1,6,6,1,-1,-1,-1,-1,-1,-1,7,E01000818,0,1
2024131445696,2024,131445696,2,1,0,-1,19,5,1,-1,0,8,1,0,0,0,4,1,-1,1,1,30,6,-1,-1,-1,-1,1,E01011677,0,1
2024131438992,2024,131438992,2,9,0,-1,19,1,5,-1,0,8,0,0,7,0,4,1,-1,9,1,72,10,-1,-1,-1,-1,9,E01011397,0,3
2024201489358,2024,201489358,2,1,0,-1,19,2,6,-1,0,0,0,0,0,0,1,1,-1,9,1,9,2,-1,-1,-1,-1,3,E01010458,0,1
2024421521406,2024,421521406,1,1,0,-1,19,5,1,-1,0,1,0,0,0,0,1,1,-1,6,1,-1,-1,-1,-1,-1,-1,-1,-1,0,-1
2024421512241,2024,421512241,1,9,0,-1,19,4,8,-1,0,0,0,0,0,0,0,9,-1,6,3,-1,-1,-1,-1,-1,-1,-1,-1,0,-1
2024411505433,2024,411505433,2,8,0,-1,-1,-1,-1,-1,-1,0,-1,-1,-1,0,-1,9,-1,1,1,28,6,-1,-1,-1,-1,5,E01015782,0,4
2024061476857,2024,061476857,2,9,0,-1,8,-1,-1,-1,0,6,0,0,0,0,1,1,-1,6,3,-1,-1,-1,-1,-1,-1,-1,-1,0,-1
2024991467011,2024,991467011,2,9,0,-1,2,0,0,-1,0,0,0,0,0,0,2,1,-1,6,-1,-1,-1,-1,-1,-1,-1,-1,-1,0,-1
2024141525833,2024,141525833,2,1,0,-1,19,3,7,-1,0,1,0,0,0,0,1,1,-1,6,1,53,8,-1,-1,-1,-1,2,E01007770,0,1
2024552401501,2024,552401501,2,9,0,7,7,7,1,0,0,5,0,0,0,0,1,1,6,6,1,31,6,-1,-1,-1,-1,6,E01029214,0,4
2024010506182,2024,010506182,4,1,0,18,19,1,5,0,0,1,0,0,0,0,1,1,6,6,2,26,6,-1,-1,-1,-1,4,E01004747,0,1
2024010528423,2024,010528423,1,1,9,99,99,9,9,99,99,9,9,99,9,99,9,1,6,6,3,42,7,-1,-1,-1,-1,3,E01001791,0,1
2024471426721,2024,471426721,2,1,0,-1,19,1,5,-1,0,0,0,0,0,0,1,1,-1,9,1,68,10,-1,-1,-1,-1,9,E01022796,0,4
2024010506224,2024,010506224,2,3,0,18,19,7,3,0,0,0,5,0,0,0,1,1,6,6,1,29,6,-1,-1,-1,-1,2,E01003712,0,3
2024122400424,2024,122400424,1,9,0,18,19,6,2,0,0,8,2,0,1,0,4,1,6,6,1,72,10,-1,-1,-1,-1,4,E01010688,0,4
2024332400405,2024,332400405,2,9,0,-1,19,5,1,-1,0,6,0,0,3,0,3,1,-1,1,2,26,6,-1,-1,-1,-1,7,E01025840,0,2
2024010489742,2024,010489742,3,19,0,18,19,7,3,0,0,0,0,0,0,0,2,1,2,2,1,30,6,-1,-1,-1,-1,5,E01032836,0,4
2024543326324,2024,543326324,1,4,0,18,19,2,6,0,0,0,0,0,0,0,0,1,6,6,1,17,4,-1,-1,-1,-1,7,E01031882,0,1
2024991396377,2024,991396377,3,9,0,-1,19,4,8,-1,0,0,0,0,0,0,4,1,-1,2,1,55,8,-1,-1,-1,-1,6,-1,0,3
2024010492950,2024,010492950,1,11,0,18,19,7,3,0,0,3,0,0,0,0,0,1,1,1,1,45,7,-1,-1,-1,-1,4,E01001363,0,2
2024421474587,2024,421474587,1,9,0,-1,19,2,6,-1,0,1,0,0,0,0,1,1,-1,6,1,43,7,-1,-1,-1,-1,1,E01015842,0,1
2024311456597,2024,311456597,1,9,0,-1,19,1,5,-1,0,0,0,0,0,0,1,9,-1,6,3,30,6,-1,-1,-1,-1,-1,-1,0,-1
2024421435734,2024,421435734,1,-1,0,-1,19,8,6,-1,0,8,0,0,0,0,4,1,-1,6,1,21,5,-1,-1,-1,-1,10,E01021545,1,1
2024010527256,2024,010527256,2,9,0,99,99,9,9,99,99,9,9,99,9,99,9,9,6,6,3,-1,-1,-1,-1,-1,-1,-1,-1,0,-1
2024451448480,2024,451448480,2,23,0,-1,7,4,8,-1,0,8,1,0,0,0,0,1,-1,9,1,11,3,-1,-1,-1,-1,4,E01030364,0,1
2024010531562,2024,010531562,1,9,0,99,99,9,9,99,99,9,9,99,9,99,2,9,6,6,3,-1,-1,-1,-1,-1,-1,-1,-1,0,-1