collision_index,collision_year,collision_ref_no,vehicle_reference,vehicle_type,towing_and_articulation,vehicle_manoeuvre_historic,vehicle_manoeuvre,vehicle_direction_from,vehicle_direction_to,vehicle_location_restricted_lane_historic,vehicle_location_restricted_lane,junction_location,skidding_and_overturning,hit_object_in_carriageway,vehicle_leaving_carriageway,hit_object_off_carriageway,first_point_of_impact,vehicle_left_hand_drive,journey_purpose_of_driver_historic,journey_purpose_of_driver,sex_of_driver,age_of_driver,age_band_of_driver,engine_capacity_cc,propulsion_code,age_of_vehicle,generic_make_model,driver_imd_decile,lsoa_of_driver,escooter_flag,driver_distance_banding
2024131536279,2024,131536279,1,9,0,-1,-1,-1,-1,-1,-1,-1,-1,-1,-1,-1,-1,1,-1,6,3,-1,-1,-1,-1,-1,-1,-1,-1,0,-1
2024481561261,2024,481561261,1,1,0,-1,19,1,5,-1,0,1,0,0,0,0,4,1,-1,6,1,25,5,-1,-1,-1,-1,-1,-1,0,-1
2024031436297,2024,031436297,2,9,0,-1,19,5,1,-1,0,0,0,0,0,0,3,1,-1,9,1,30,6,-1,-1,-1,-1,7,E01027742,0,3
2024501412851,2024,501412851,2,1,0,-1,19,6,2,-1,0,8,0,0,0,0,4,1,-1,2,2,42,7,-1,-1,-1,-1,4,E01015059,0,1
2024501495408,2024,501495408,2,90,0,-1,19,5,1,-1,0,0,0,0,0,0,1,1,-1,1,1,57,9,-1,-1,-1,-1,6,E01018798,0,2
2024161409966,2024,161409966,2,-1,0,-1,19,1,5,-1,0,3,0,4,0,0,1,1,-1,6,1,36,7,-1,-1,-1,-1,-1,-1,1,-1
2024520400352,2024,520400352,2,9,0,18,19,7,3,0,0,0,0,0,0,0,0,1,6,6,1,45,7,-1,-1,-1,-1,3,E01029338,0,3
2024010548266,2024,010548266,1,9,0,6,6,1,1,9,9,1,0,0,0,0,2,1,6,6,2,78,11,-1,-1,-1,-1,5,E01000260,0,1
2024201477561,2024,201477561,2,1,0,-1,19,5,1,-1,4,8,0,0,0,0,1,1,-1,6,1,25,5,-1,-1,-1,-1,1,E01009355,0,1
2024552400459,2024,552400459,1,9,0,18,19,6,2,0,0,1,0,0,0,0,1,1,6,6,3,-1,-1,-1,-1,-1,-1,-1,-1,0,-1
2024552400673,2024,552400673,1,9,0,2,2,0,0,0,0,0,0,0,0,0,3,1,6,6,2,77,11,-1,-1,-1,-1,9,E01004638,0,5
2024522500424,2024,522500424,2,9,0,2,2,0,0,0,0,2,0,0,0,0,9,1,6,6,1,-1,-1,-1,-1,-1,-1,-1,-1,0,-1
2024010520886,2024,010520886,1,9,3,18,19,5,1,0,0,8,0,0,0,0,4,1,6,6,2,29,6,-1,-1,-1,-1,8,E01004291,0,1
2024421489398,2024,421489398,1,1,0,-1,-1,-1,-1,-1,-1,0,-1,-1,-1,0,-1,1,-1,6,1,-1,-1,-1,-1,-1,-1,-1,-1,0,-1
2024311447799,2024,311447799,2,9,0,-1,13,1,5,-1,0,1,0,0,0,0,3,1,-1,6,3,18,4,-1,-1,-1,-1,-1,-1,0,-1
2024440455875,2024,440455875,2,1,0,4,4,3,7,0,0,0,0,0,0,0,1,1,6,6,2,58,9,-1,-1,-1,-1,-1,-1,0,-1
2024201445230,2024,201445230,2,22,0,-1,9,1,7,-1,9,8,0,0,0,0,4,1,-1,9,2,38,7,-1,-1,-1,-1,1,E01009404,0,1
2024351460283,2024,351460283,3,1,0,-1,19,3,7,-1,0,4,0,0,0,0,2,1,-1,6,1,44,7,-1,-1,-1,-1,1,E01015603,0,1
2024991485880,2024,991485880,1,3,0,-1,19,7,3,-1,0,2,2,0,0,0,1,1,-1,9,1,17,4,-1,-1,-1,-1,1,-1,0,1
2024221418113,2024,221418113,1,9,0,-1,13,7,3,-1,0,0,0,0,0,0,4,9,-1,6,3,46,8,-1,-1,-1,-1,-1,-1,0,-1
2024131513586,2024,131513586,1,9,0,-1,-1,-1,-1,-1,-1,0,-1,-1,-1,-1,-1,1,-1,6,3,-1,-1,-1,-1,-1,-1,-1,-1,0,-1
2024401471154,2024,401471154,1,19,0,-1,19,7,3,-1,0,2,0,0,0,0,1,1,-1,6,1,46,8,-1,-1,-1,-1,2,E01015743,0,1
2024161510469,2024,161510469,2,22,0,-1,19,3,7,-1,99,1,0,99,9,0,9,1,-1,6,1,37,7,-1,-1,-1,-1,7,E01012950,0,1
2024070416818,2024,070416818,2,9,0,11,11,7,3,0,0,0,0,0,0,0,1,1,1,1,1,21,5,-1,-1,-1,-1,9,E01012376,0,2
2024320727880,2024,320727880,2,9,0,2,2,0,0,0,0,0,0,0,0,0,1,1,6,6,3,-1,-1,-1,-1,-1,-1,-1,-1,0,-1
2024010487955,2024,010487955,2,9,9,99,99,9,9,99,99,9,9,99,9,99,9,9,6,6,1,26,6,-1,-1,-1,-1,3,E01001823,0,1
2024201431841,2024,201431841,2,9,0,-1,19,2,6,-1,0,2,0,0,0,0,1,9,-1,1,1,40,7,-1,-1,-1,-1,5,E01009451,0,1
2024401401694,2024,401401694,2,9,0,-1,19,1,5,-1,0,0,0,0,0,0,1,9,-1,6,2,37,7,-1,-1,-1,-1,6,E01003707,0,4
2024010549571,2024,010549571,2,1,0,18,19,7,3,0,0,0,0,0,0,0,1,1,6,6,1,36,7,-1,-1,-1,-1,6,E01001403,0,1
2024401518690,2024,401518690,2,9,-1,-1,-1,-1,-1,-1,-1,1,-1,-1,-1,0,-1,9,-1,6,3,-1,-1,-1,-1,-1,-1,-1,-1,0,-1
2024010547570,2024,010547570,1,97,0,18,19,2,6,0,0,2,0,0,0,0,1,1,6,6,3,-1,-1,-1,-1,-1,-1,-1,-1,0,-1
2024010513450,2024,010513450,2,9,0,99,99,9,9,99,99,9,9,99,9,99,1,9,6,6,3,-1,-1,-1,-1,-1,-1,2,E01004288,0,1
2024201394377,2024,201394377,2,1,0,-1,19,2,6,-1,0,1,0,0,0,0,4,1,-1,2,1,34,6,-1,-1,-1,-1,3,E01010050,0,1
2024010517915,2024,010517915,1,9,0,99,99,9,9,99,99,9,9,99,9,99,1,9,6,6,2,23,5,-1,-1,-1,-1,4,E01032731,0,3
2024061426720,2024,061426720,2,9,0,-1,19,-1,-1,-1,0,2,0,0,0,0,1,1,-1,6,1,-1,-1,-1,-1,-1,-1,1,E01005124,0,1
2024421464428,2024,421464428,1,9,0,-1,19,7,4,-1,0,0,2,0,2,3,1,1,-1,2,1,33,6,-1,-1,-1,-1,4,E01022011,0,1
2024010540394,2024,010540394,2,1,0,18,19,1,5,0,0,0,0,0,0,0,1,1,1,1,1,31,6,-1,-1,-1,-1,2,E01003336,0,1
2024451406495,2024,451406495,1,9,0,-1,19,6,8,-1,0,0,0,0,0,0,1,1,-1,6,2,35,6,-1,-1,-1,-1,-1,-1,0,-1
2024010492898,2024,010492898,2,9,0,4,4,2,6,0,0,2,0,0,0,0,2,1,6,6,2,30,6,-1,-1,-1,-1,7,E01002172,0,1
2024010535946,2024,010535946,1,1,9,99,99,9,9,99,99,9,9,99,9,99,1,1,2,2,1,36,7,-1,-1,-1,-1,6,E01034195,0,1
2024131496480,2024,131496480,2,9,0,-1,-1,-1,-1,-1,-1,0,-1,-1,-1,0,-1,1,-1,6,3,-1,-1,-1,-1,-1,-1,-1,-1,0,-1
2024131509913,2024,131509913,1,98,0,-1,-1,-1,-1,-1,-1,-1,-1,-1,-1,-1,-1,1,-1,6,3,-1,-1,-1,-1,-1,-1,-1,-1,0,-1
2024201527451,2024,201527451,1,9,0,-1,7,6,7,-1,0,1,0,0,0,0,2,1,-1,9,2,57,9,-1,-1,-1,-1,1,E01009501,0,2
2024141530240,2024,141530240,1,9,0,-1,19,5,1,-1,0,1,0,0,0,0,1,9,-1,6,3,-1,-1,-1,-1,-1,-1,-1,-1,0,-1
2024440277711,2024,440277711,2,1,0,18,19,1,5,0,0,0,0,0,0,0,1,1,6,6,1,29,6,-1,-1,-1,-1,5,E01017028,0,1
2024440033041,2024,440033041,2,9,0,18,19,8,4,0,0,0,0,0,0,0,2,1,6,6,2,42,7,-1,-1,-1,-1,7,E01031837,0,4
2024010493093,2024,010493093,2,9,9,99,99,9,9,99,99,0,9,99,9,99,9,9,6,6,3,-1,-1,-1,-1,-1,-1,-1,-1,0,-1
2024991534282,2024,991534282,1,9,0,-1,19,7,1,-1,9,2,1,0,3,4,1,1,-1,6,1,45,7,-1,-1,-1,-1,-1,-1,0,-1
2024371443527,2024,371443527,2,16,0,-1,19,1,5,-1,0,0,0,0,0,0,0,1,-1,6,2,65,9,-1,-1,-1,-1,4,E01030285,0,1
2024010500998,2024,010500998,2,-1,0,18,19,7,3,0,0,1,0,0,0,0,3,1,6,6,1,61,9,-1,-1,-1,-1,3,E01004455,1,1
2024010497476,2024,010497476,1,11,0,5,5,7,3,0,0,6,0,0,0,0,0,1,1,1,1,35,6,-1,-1,-1,-1,2,E01003051,0,2
2024430027976,2024,430027976,1,9,0,3,3,9,9,0,0,1,0,0,0,0,2,1,2,2,1,32,6,-1,-1,-1,-1,4,E01017666,0,1
2024071046448,2024,071046448,2,1,0,-1,19,1,5,-1,0,1,2,0,0,0,1,1,-1,9,1,17,4,-1,-1,-1,-1,8,E01007166,0,2
2024351535759,2024,351535759,1,9,0,-1,19,6,2,-1,0,0,0,0,0,0,1,9,-1,6,3,25,5,-1,-1,-1,-1,-1,-1,0,-1
2024122400767,2024,122400767,1,9,0,4,4,5,1,0,0,1,0,0,0,0,1,1,6,6,1,45,7,-1,-1,-1,-1,8,E01027876,0,2
2024451475288,2024,451475288,1,97,0,-1,19,3,7,-1,0,0,0,0,0,0,0,1,-1,9,1,61,9,-1,-1,-1,-1,9,E01030549,0,3
2024211487745,2024,211487745,1,21,1,-1,7,3,6,-1,0,1,0,0,0,0,2,9,-1,1,3,-1,-1,-1,-1,-1,-1,-1,-1,0,-1
2024421532914,2024,421532914,1,11,0,-1,19,1,5,-1,0,0,0,0,0,0,-1,1,-1,1,1,47,8,-1,-1,-1,-1,2,E01029971,0,4
2024461470614,2024,461470614,1,1,0,-1,19,3,7,-1,0,0,0,0,0,0,1,1,-1,6,1,-1,-1,-1,-1,-1,-1,-1,-1,0,-1
2024010540480,2024,010540480,2,9,0,99,99,9,9,99,99,9,9,99,9,99,0,9,6,6,3,-1,-1,-1,-1,-1,-1,-1,-1,0,-1
2024161418780,2024,161418780,3,9,0,-1,4,5,1,-1,0,0,0,0,0,0,2,1,-1,6,2,54,8,-1,-1,-1,-1,7,E01013326,0,3
2024010494981,2024,010494981,1,9,0,99,99,9,9,99,99,9,9,99,9,99,2,9,6,6,2,36,7,-1,-1,-1,-1,8,E01030390,0,2
2024010505981,2024,010505981,2,9,0,18,19,7,3,0,0,8,0,0,0,0,1,1,1,1,1,19,4,-1,-1,-1,-1,2,E01000014,0,1
2024610013624,2024,610013624,1,1,0,17,19,5,2,0,0,4,0,0,0,0,3,1,1,1,1,27,6,-1,-1,-1,-1,1,W01001692,0,1
2024010512870,2024,010512870,2,9,0,99,99,9,9,99,99,9,9,99,9,99,9,9,6,6,3,-1,-1,-1,-1,-1,-1,6,E01001159,0,2
2024122400373,2024,122400373,1,19,0,18,19,6,2,0,0,4,0,0,0,0,4,1,1,1,1,43,7,-1,-1,-1,-1,5,E01012994,0,4
2024161506751,2024,161506751,1,1,9,-1,99,-1,-1,-1,99,1,9,99,9,0,9,1,-1,6,1,18,4,-1,-1,-1,-1,1,E01012856,0,1
2024332400436,2024,332400436,2,9,0,-1,19,5,1,-1,0,0,1,0,4,6,3,1,-1,9,2,22,5,-1,-1,-1,-1,1,E01026112,0,4
2024440159388,2024,440159388,1,-1,0,18,19,3,7,9,9,0,0,10,1,0,1,1,6,6,1,-1,-1,-1,-1,-1,-1,-1,-1,1,-1
2024101508466,2024,101508466,4,9,0,-1,19,1,5,-1,0,0,0,0,0,0,3,1,-1,1,2,27,6,-1,-1,-1,-1,7,E01008424,0,2
2024010504757,2024,010504757,1,1,0,14,14,5,1,0,0,2,0,0,0,0,1,1,2,2,2,23,5,-1,-1,-1,-1,3,E01001834,0,1
2024141514821,2024,141514821,2,1,0,-1,19,1,5,-1,0,0,0,0,0,0,1,1,-1,9,1,29,6,-1,-1,-1,-1,4,E01008068,0,1
2024501426114,2024,501426114,1,9,0,-1,19,1,4,-1,0,1,0,0,0,0,3,1,-1,6,3,-1,-1,-1,-1,-1,-1,-1,-1,0,-1
2024010546023,2024,010546023,1,1,0,15,15,3,7,0,0,1,0,0,0,0,3,1,2,2,2,46,8,-1,-1,-1,-1,6,E01004699,0,1
2024451466432,2024,451466432,2,1,0,-1,19,3,7,-1,0,8,0,0,0,0,1,1,-1,9,1,40,7,-1,-1,-1,-1,10,E01030831,0,1
2024471497784,2024,471497784,2,1,0,-1,19,5,2,-1,0,4,0,0,0,0,0,1,-1,6,1,56,9,-1,-1,-1,-1,8,E01020954,0,2
2024131488161,2024,131488161,1,23,0,-1,11,5,5,-1,0,0,0,0,0,0,1,1,-1,9,1,10,2,-1,-1,-1,-1,2,E01011724,0,1
2024010509160,2024,010509160,2,1,0,18,19,7,3,0,0,6,0,0,0,0,1,1,4,7,1,14,3,-1,-1,-1,-1,6,E01034485,0,1
2024061486691,2024,061486691,2,1,0,-1,19,1,5,-1,5,0,0,0,-1,0,2,1,-1,9,1,29,6,-1,-1,-1,-1,2,E01005650,0,1
2024010490844,2024,010490844,1,9,0,18,19,1,5,0,0,1,0,0,0,0,1,1,6,6,3,-1,-1,-1,-1,-1,-1,-1,-1,0,-1
2024332400486,2024,332400486,2,9,0,-1,2,5,1,-1,0,0,0,0,0,0,4,1,-1,6,2,-1,-1,-1,-1,-1,-1,-1,-1,0,-1
2024471487980,2024,471487980,1,9,0,-1,5,7,4,-1,0,8,0,0,0,0,4,1,-1,2,1,68,10,-1,-1,-1,-1,10,E01022606,0,4
2024401501506,2024,401501506,2,97,0,-1,19,1,5,-1,0,0,0,0,0,0,1,1,-1,9,1,52,8,-1,-1,-1,-1,10,E01017436,0,2
2024531490511,2024,531490511,2,9,0,-1,19,3,7,-1,0,1,0,0,0,0,3,9,-1,6,1,48,8,-1,-1,-1,-1,10,E01022219,0,1
2024052402704,2024,052402704,2,1,0,18,19,8,4,0,0,1,0,0,0,0,1,1,6,6,1,42,7,-1,-1,-1,-1,3,E01006534,0,1
2024991400255,2024,991400255,4,9,0,-1,19,8,3,-1,0,0,0,0,0,0,3,1,-1,2,1,37,7,-1,-1,-1,-1,-1,-1,0,-1
2024211516941,2024,211516941,2,9,0,-1,19,1,5,-1,0,1,0,0,0,0,3,1,-1,9,2,56,9,-1,-1,-1,-1,1,E01014220,0,1
2024430311568,2024,430311568,2,9,0,9,9,7,3,0,0,8,1,7,0,0,3,2,1,1,2,64,9,-1,-1,-1,-1,6,E01028523,0,1
2024231506739,2024,231506739,1,1,0,-1,19,8,4,-1,0,6,0,0,0,0,1,1,-1,9,1,79,11,-1,-1,-1,-1,2,E01009940,0,4
2024430180941,2024,430180941,1,1,0,7,7,4,6,0,0,3,0,0,0,0,3,1,6,6,2,42,7,-1,-1,-1,-1,9,E01028788,0,1
2024201453021,2024,201453021,2,90,5,-1,19,2,6,-1,0,8,0,0,0,0,4,1,-1,6,2,41,7,-1,-1,-1,-1,8,E01025663,0,4
2024010488028,2024,010488028,1,3,0,99,99,9,9,99,99,9,9,99,9,99,1,1,6,6,1,32,6,-1,-1,-1,-1,4,E01001153,0,2
2024010505691,2024,010505691,1,1,0,18,19,5,1,0,0,8,0,0,0,0,1,1,6,6,1,28,6,-1,-1,-1,-1,3,E01000984,0,2
2024221410294,2024,221410294,1,9,0,-1,5,4,8,-1,0,4,0,0,0,0,1,1,-1,6,1,52,8,-1,-1,-1,-1,9,E01031879,0,5
2024631402951,2024,631402951,4,21,0,-1,19,4,8,-1,0,0,0,0,0,0,0,1,-1,6,3,-1,-1,-1,-1,-1,-1,-1,-1,0,-1
2024401395988,2024,401395988,2,-1,0,-1,19,5,7,-1,0,1,0,0,0,0,3,9,-1,6,1,17,4,-1,-1,-1,-1,1,E01015732,1,1
2024201519126,2024,201519126,1,9,0,-1,9,3,1,-1,0,2,0,0,0,0,1,1,-1,6,3,30,6,-1,-1,-1,-1,-1,-1,0,-1
2024131400890,2024,131400890,1,9,0,-1,-1,-1,-1,-1,-1,-1,-1,-1,-1,-1,-1,1,-1,6,3,-1,-1,-1,-1,-1,-1,-1,-1,0,-1
2024991469841,2024,991469841,3,9,0,-1,19,2,6,-1,0,0,0,0,0,0,1,1,-1,6,1,28,6,-1,-1,-1,-1,3,-1,0,1
2024201501091,2024,201501091,2,1,0,-1,3,5,1,-1,4,8,0,0,0,0,1,1,-1,1,1,41,7,-1,-1,-1,-1,4,E01009288,0,1
2024991458491,2024,991458491,1,-1,0,-1,19,5,1,-1,0,3,0,0,0,0,4,1,-1,6,1,51,8,-1,-1,-1,-1,-1,-1,1,-1
2024052402180,2024,052402180,1,9,0,5,5,1,4,0,0,1,0,0,0,0,1,1,6,6,3,-1,-1,-1,-1,-1,-1,-1,-1,0,-1
2024010536819,2024,010536819,1,1,9,9,9,1,7,99,99,9,9,99,9,99,9,1,6,6,2,24,5,-1,-1,-1,-1,4,E01004019,0,1
2024052401444,2024,052401444,1,9,0,99,99,4,8,0,0,1,0,0,0,0,1,1,6,6,3,-1,-1,-1,-1,-1,-1,-1,-1,0,-1
2024010539685,2024,010539685,1,1,9,99,99,9,9,99,99,9,9,99,9,99,1,1,6,6,1,23,5,-1,-1,-1,-1,3,E01004200,0,1
2024461464697,2024,461464697,1,9,0,-1,13,5,1,-1,0,1,0,0,0,0,4,9,-1,6,3,-1,-1,-1,-1,-1,-1,-1,-1,0,-1
2024010504041,2024,010504041,2,9,0,99,99,9,9,99,99,9,9,99,9,99,1,9,6,6,3,-1,-1,-1,-1,-1,-1,5,E01000260,0,1
2024141431935,2024,141431935,2,1,0,-1,7,4,6,-1,0,2,0,0,0,0,1,1,-1,6,1,11,3,-1,-1,-1,-1,1,E01034842,0,1
2024010495081,2024,010495081,1,3,0,99,99,9,9,99,99,9,9,99,9,99,9,1,6,6,1,38,7,-1,-1,-1,-1,3,E01001548,0,1
2024070360400,2024,070360400,2,9,0,18,19,7,3,9,9,1,0,0,0,0,3,1,6,6,2,40,7,-1,-1,-1,-1,-1,-1,0,-1
2024471454914,2024,471454914,2,9,0,-1,19,4,8,-1,0,1,0,0,0,0,1,1,-1,9,1,87,11,-1,-1,-1,-1,5,E01031810,0,3
2024010515382,2024,010515382,1,11,0,18,19,7,3,0,0,1,0,0,0,0,9,1,1,1,3,-1,-1,-1,-1,-1,-1,-1,-1,0,-1
2024010528037,2024,010528037,1,-1,9,99,99,9,9,99,99,9,0,99,9,99,9,9,6,6,3,-1,-1,-1,-1,-1,-1,-1,-1,1,-1
2024440391389,2024,440391389,1,9,0,9,9,7,5,0,0,6,0,0,0,0,4,1,3,7,2,45,7,-1,-1,-1,-1,10,E01022891,0,1
2024010540978,2024,010540978,2,9,9,99,99,9,9,99,99,9,9,99,9,99,9,9,6,6,1,31,6,-1,-1,-1,-1,4,E01021269,0,4
2024421486724,2024,421486724,1,-1,0,-1,19,7,3,-1,0,8,0,0,0,0,1,1,-1,6,1,58,9,-1,-1,-1,-1,6,E01015818,1,1
2024552400696,2024,552400696,1,9,0,9,9,3,2,0,0,6,0,0,0,0,3,1,6,6,1,44,7,-1,-1,-1,-1,6,E01020398,0,1
2024332401179,2024,332401179,1,9,0,-1,19,7,3,-1,0,0,0,0,0,0,-1,1,-1,6,3,-1,-1,-1,-1,-1,-1,-1,-1,0,-1
2024461433972,2024,461433972,2,1,0,-1,19,1,5,-1,0,0,5,0,0,0,2,1,-1,2,1,29,6,-1,-1,-1,-1,1,E01024240,0,4
2024340NN0202,2024,340NN0202,1,9,0,-1,19,7,3,-1,0,4,0,0,0,0,1,1,-1,6,3,-1,-1,-1,-1,-1,-1,-1,-1,0,-1
2024361505338,2024,361505338,1,1,0,-1,19,-1,-1,-1,4,0,0,0,0,0,1,1,-1,6,1,-1,-1,-1,-1,-1,-1,-1,-1,0,-1
2024451463319,2024,451463319,1,9,0,-1,19,1,5,-1,0,0,0,0,0,0,1,9,-1,6,3,45,7,-1,-1,-1,-1,-1,-1,0,-1
2024052401802,2024,052401802,1,9,0,18,19,1,5,0,0,1,0,0,0,0,3,1,6,6,1,76,11,-1,-1,-1,-1,7,E01006973,0,1
2024430221999,2024,430221999,1,9,0,18,19,6,2,0,0,0,0,0,0,0,1,1,6,6,1,56,9,-1,-1,-1,-1,8,E01031205,0,3
2024010521275,2024,010521275,3,1,0,18,19,1,5,0,0,0,0,0,0,0,1,1,6,6,1,38,7,-1,-1,-1,-1,5,E01004513,0,1
2024122400846,2024,122400846,3,9,0,18,19,2,6,0,0,1,0,0,0,0,0,1,6,6,2,22,5,-1,-1,-1,-1,6,E01027902,0,3
2024141513669,2024,141513669,2,9,0,-1,9,5,2,-1,0,8,0,0,0,0,1,1,-1,9,2,57,9,-1,-1,-1,-1,7,E01007778,0,1
2024131405670,2024,131405670,2,1,0,-1,19,1,5,-1,0,1,0,0,0,0,3,1,-1,6,2,29,6,-1,-1,-1,-1,6,E01011441,0,1
2024010547860,2024,010547860,1,9,0,99,99,9,9,99,99,9,9,99,9,99,1,9,6,6,3,-1,-1,-1,-1,-1,-1,-1,-1,0,-1
2024131506671,2024,131506671,2,9,0,-1,5,3,7,-1,0,8,0,0,0,0,1,1,-1,9,1,38,7,-1,-1,-1,-1,6,-1,0,5
2024340WN4492,2024,340WN4492,1,9,0,-1,5,3,5,-1,0,1,0,0,0,0,1,1,-1,2,2,19,4,-1,-1,-1,-1,10,E01027287,0,1
2024010492761,2024,010492761,1,9,0,99,99,9,9,99,99,9,9,99,9,99,1,9,6,6,2,54,8,-1,-1,-1,-1,6,E01004728,0,1
2024010534289,2024,010534289,2,9,0,99,99,9,9,99,99,9,9,99,9,99,1,9,6,6,3,-1,-1,-1,-1,-1,-1,-1,-1,0,-1
2024101451675,2024,101451675,4,19,0,-1,2,0,0,-1,0,2,0,0,0,0,3,1,-1,6,1,44,7,-1,-1,-1,-1,2,E01008625,0,1
2024991488782,2024,991488782,3,9,0,-1,19,6,2,-1,0,0,0,0,0,0,4,1,-1,9,1,61,9,-1,-1,-1,-1,4,E01017543,0,5
2024131433265,2024,131433265,2,1,0,-1,5,3,1,-1,0,0,0,0,0,0,4,1,-1,9,1,46,8,-1,-1,-1,-1,7,E01011050,0,1
2024101470059,2024,101470059,2,1,0,-1,19,6,4,-1,0,8,0,0,0,0,2,1,-1,9,1,12,3,-1,-1,-1,-1,5,E01008343,0,1
2024421468719,2024,421468719,2,1,-1,-1,19,7,3,-1,0,1,1,0,0,0,4,1,-1,9,2,47,8,-1,-1,-1,-1,6,E01000541,0,4
2024010487547,2024,010487547,2,9,0,99,99,9,9,99,99,9,9,99,9,99,9,9,6,6,3,-1,-1,-1,-1,-1,-1,-1,-1,0,-1
2024451492426,2024,451492426,1,9,0,-1,8,1,5,-1,0,1,0,0,0,0,1,9,-1,6,1,56,9,-1,-1,-1,-1,8,E01030553,0,1
2024010522046,2024,010522046,2,1,0,18,19,3,7,0,0,1,0,0,0,0,3,1,2,2,2,48,8,-1,-1,-1,-1,6,E01000459,0,2
2024010490547,2024,010490547,1,9,0,99,99,9,9,99,99,9,9,99,9,99,2,9,6,6,1,22,5,-1,-1,-1,-1,2,E01003499,0,1
202460Q113018,2024,60Q113018,1,98,0,4,4,3,7,9,9,0,0,0,0,0,1,1,1,1,3,-1,-1,-1,-1,-1,-1,-1,-1,0,-1
2024311452784,2024,311452784,1,1,0,-1,19,7,3,-1,9,1,0,0,0,0,1,1,-1,6,1,20,4,-1,-1,-1,-1,2,E01028267,0,1
2024010494644,2024,010494644,1,9,0,99,99,9,9,99,99,9,9,99,9,99,1,9,6,6,2,30,6,-1,-1,-1,-1,3,E01001394,0,1
2024071052915,2024,071052915,1,1,0,-1,19,2,6,-1,0,6,0,0,0,0,1,1,-1,6,1,18,4,-1,-1,-1,-1,1,E01012445,0,1
2024440266265,2024,440266265,2,4,0,18,19,1,5,0,0,0,0,0,0,0,1,1,2,2,1,40,7,-1,-1,-1,-1,4,E01017206,0,1
2024231404172,2024,231404172,1,9,0,-1,6,5,5,-1,0,0,0,0,0,0,3,1,-1,6,1,49,8,-1,-1,-1,-1,8,E01031337,0,1
2024041463794,2024,041463794,2,1,0,-1,9,1,2,-1,0,1,0,0,0,0,3,1,-1,6,1,34,6,-1,-1,-1,-1,1,E01025579,0,1
2024320227025,2024,320227025,1,9,0,18,19,1,6,0,0,0,1,0,1,9,1,1,6,6,1,22,5,-1,-1,-1,-1,6,E01026020,0,4
2024221404192,2024,221404192,2,9,0,-1,19,4,8,-1,0,2,0,10,0,0,4,9,-1,6,2,29,6,-1,-1,-1,-1,4,E01028871,0,3
2024371552605,2024,371552605,1,9,0,-1,19,6,2,-1,0,4,0,0,0,0,1,1,-1,6,1,33,6,-1,-1,-1,-1,5,E01032523,0,3
2024010497102,2024,010497102,1,9,0,18,19,3,7,0,0,8,0,0,0,0,1,1,6,6,1,54,8,-1,-1,-1,-1,2,E01015725,0,4
2024552400800,2024,552400800,2,1,0,5,5,7,3,0,0,0,0,0,0,0,4,1,6,6,1,6,2,-1,-1,-1,-1,3,E01015439,0,3
2024549878224,2024,549878224,2,1,0,18,19,8,4,0,0,1,0,0,0,0,1,1,6,6,1,30,6,-1,-1,-1,-1,10,E01014473,0,3
2024471396838,2024,471396838,2,9,0,-1,19,3,6,-1,0,0,0,0,1,0,1,1,-1,2,1,26,6,-1,-1,-1,-1,10,E01031759,0,1
2024522401662,2024,522401662,1,1,0,5,5,3,7,0,0,1,0,0,0,0,3,1,6,6,1,35,6,-1,-1,-1,-1,5,E01033364,0,1
2024010496609,2024,010496609,3,3,0,15,15,2,6,0,0,1,0,0,0,0,1,1,6,6,1,18,4,-1,-1,-1,-1,5,E01000491,0,1
2024991467694,2024,991467694,1,1,0,-1,19,5,1,-1,0,1,0,0,0,0,1,1,-1,1,1,33,6,-1,-1,-1,-1,-1,-1,0,-1
2024010497362,2024,010497362,1,1,9,99,99,9,9,99,99,1,9,99,9,99,1,1,2,2,2,36,7,-1,-1,-1,-1,4,E01001243,0,2
2024010507725,2024,010507725,2,1,0,10,10,6,3,0,0,8,0,0,0,0,1,1,6,6,1,42,7,-1,-1,-1,-1,6,E01030633,0,4
2024430057927,2024,430057927,2,9,0,3,3,5,1,0,0,0,0,0,0,0,2,1,6,6,1,65,9,-1,-1,-1,-1,10,E01016622,0,3
2024010492007,2024,010492007,1,3,0,99,99,9,9,99,99,9,9,99,9,99,9,1,1,1,1,37,7,-1,-1,-1,-1,3,E01033704,0,1
2024010510182,2024,010510182,2,9,0,99,99,9,9,99,99,9,9,99,9,99,1,9,6,6,3,-1,-1,-1,-1,-1,-1,-1,-1,0,-1
2024010518485,2024,010518485,2,1,0,9,9,8,6,4,4,1,0,0,0,0,1,1,2,2,1,51,8,-1,-1,-1,-1,6,E01003227,0,2
2024421396284,2024,421396284,1,9,0,-1,19,6,2,-1,0,1,0,0,0,0,1,1,-1,1,1,35,6,-1,-1,-1,-1,3,E01021283,0,4
2024411403890,2024,411403890,1,9,0,-1,19,1,4,-1,0,4,0,0,0,0,1,9,-1,6,3,-1,-1,-1,-1,-1,-1,-1,-1,0,-1
202454B006824,2024,54B006824,1,19,0,18,19,5,1,0,0,4,0,0,0,0,1,1,2,2,1,22,5,-1,-1,-1,-1,-1,-1,0,-1
2024010517972,2024,010517972,1,1,9,99,99,9,9,99,99,9,9,99,9,99,9,1,2,2,1,42,7,-1,-1,-1,-1,3,E01003726,0,3
2024421421484,2024,421421484,1,5,0,-1,13,4,8,-1,0,0,2,0,0,0,4,1,-1,9,1,53,8,-1,-1,-1,-1,2,E01000040,0,3
2024201488721,2024,201488721,1,9,0,-1,1,2,6,-1,0,5,0,0,0,0,2,1,-1,6,1,-1,-1,-1,-1,-1,-1,-1,-1,0,-1
2024010545959,2024,010545959,1,9,9,99,99,9,9,99,99,0,9,99,9,99,9,9,6,6,3,-1,-1,-1,-1,-1,-1,-1,-1,0,-1
2024010517285,2024,010517285,2,1,0,18,19,7,3,0,0,1,0,0,0,0,1,1,2,2,1,30,6,-1,-1,-1,-1,4,E01034028,0,2
2024471465505,2024,471465505,2,1,0,-1,19,8,5,-1,0,8,0,0,0,0,2,1,-1,2,2,40,7,-1,-1,-1,-1,7,E01031688,0,1