collision_index,collision_year,collision_ref_no,vehicle_reference,vehicle_type,towing_and_articulation,vehicle_manoeuvre_historic,vehicle_manoeuvre,vehicle_direction_from,vehicle_direction_to,vehicle_location_restricted_lane_historic,vehicle_location_restricted_lane,junction_location,skidding_and_overturning,hit_object_in_carriageway,vehicle_leaving_carriageway,hit_object_off_carriageway,first_point_of_impact,vehicle_left_hand_drive,journey_purpose_of_driver_historic,journey_purpose_of_driver,sex_of_driver,age_of_driver,age_band_of_driver,engine_capacity_cc,propulsion_code,age_of_vehicle,generic_make_model,driver_imd_decile,lsoa_of_driver,escooter_flag,driver_distance_banding
2024201517586,2024,201517586,2,9,0,-1,7,1,5,-1,0,0,0,0,0,0,1,1,-1,6,1,36,7,-1,-1,-1,-1,7,E01035026,0,3
2024421415128,2024,421415128,1,9,0,-1,5,-1,-1,-1,0,0,-1,-1,-1,0,1,9,-1,6,3,-1,-1,-1,-1,-1,-1,-1,-1,0,-1
2024201456916,2024,201456916,2,-1,0,-1,5,6,2,-1,0,8,0,0,0,0,1,1,-1,6,1,18,4,-1,-1,-1,-1,1,E01034917,1,1
2024311411726,2024,311411726,2,1,0,-1,5,1,5,-1,0,0,0,0,0,0,1,1,-1,6,1,37,7,-1,-1,-1,-1,-1,-1,0,-1
2024361480442,2024,361480442,2,19,0,-1,10,1,5,-1,0,0,1,0,0,0,2,1,-1,1,2,53,8,-1,-1,-1,-1,7,E01026876,0,1
2024061465214,2024,061465214,2,9,0,-1,10,-1,-1,-1,99,1,9,99,0,0,3,1,-1,6,3,-1,-1,-1,-1,-1,-1,-1,-1,0,-1
2024010491470,2024,010491470,2,1,0,18,19,4,8,0,0,1,5,0,0,0,1,1,1,1,1,27,6,-1,-1,-1,-1,5,E01001240,0,2
2024622400729,2024,622400729,2,9,0,18,19,6,2,0,0,0,0,0,0,0,1,1,2,2,1,23,5,-1,-1,-1,-1,8,W01001108,0,1
2024211528538,2024,211528538,1,99,0,-1,19,1,5,-1,0,0,0,12,0,0,1,9,-1,6,3,40,7,-1,-1,-1,-1,-1,-1,0,-1
2024311398304,2024,311398304,1,9,0,-1,19,2,8,-1,0,1,0,0,0,0,1,1,-1,6,1,58,9,-1,-1,-1,-1,10,E01028345,0,1
2024010488586,2024,010488586,1,8,0,16,19,3,7,0,0,0,0,0,0,0,3,1,6,6,1,39,7,-1,-1,-1,-1,5,E01003766,0,1
2024201527359,2024,201527359,2,1,0,-1,19,4,8,-1,0,8,0,0,0,0,1,1,-1,6,1,52,8,-1,-1,-1,-1,8,E01009908,0,1
2024201527338,2024,201527338,1,9,0,-1,12,3,7,-1,0,2,0,0,0,0,3,1,-1,6,1,-1,-1,-1,-1,-1,-1,-1,-1,0,-1
2024052400780,2024,052400780,2,9,0,3,3,4,8,0,0,1,0,0,0,0,2,1,6,6,2,23,5,-1,-1,-1,-1,6,E01033756,0,1
2024041426548,2024,041426548,1,97,0,-1,19,1,5,-1,0,0,0,0,0,0,1,1,-1,9,1,28,6,-1,-1,-1,-1,4,E01034345,0,1
2024010498902,2024,010498902,2,1,0,18,19,6,2,0,0,1,0,0,0,0,1,1,6,6,1,14,3,-1,-1,-1,-1,4,E01004331,0,3
2024201436845,2024,201436845,1,9,0,-1,5,7,3,-1,0,0,0,0,0,0,1,9,-1,6,1,30,6,-1,-1,-1,-1,-1,-1,0,-1
2024351501633,2024,351501633,2,1,0,-1,19,7,3,-1,0,6,0,0,0,0,3,1,-1,7,2,13,3,-1,-1,-1,-1,7,E01035527,0,1
2024161459320,2024,161459320,1,9,0,-1,19,3,7,-1,0,0,0,0,0,0,1,9,-1,6,1,57,9,-1,-1,-1,-1,6,E01012766,0,1
2024311412794,2024,311412794,1,9,0,-1,19,5,1,-1,0,8,0,0,0,0,4,9,-1,6,1,-1,-1,-1,-1,-1,-1,-1,-1,0,-1
2024440180137,2024,440180137,2,1,0,18,19,2,6,0,0,1,0,0,0,0,1,1,1,1,3,-1,-1,-1,-1,-1,-1,-1,-1,0,-1
2024451517764,2024,451517764,2,90,0,-1,19,5,7,-1,0,3,0,0,0,0,3,1,-1,1,1,44,7,-1,-1,-1,-1,9,E01030960,0,3
2024371417096,2024,371417096,2,9,0,-1,9,6,4,-1,0,6,0,0,0,0,1,1,-1,6,1,40,7,-1,-1,-1,-1,8,E01029997,0,1
2024010489011,2024,010489011,2,9,0,2,2,0,0,0,0,0,0,0,0,0,2,1,6,6,3,-1,-1,-1,-1,-1,-1,-1,-1,0,-1
2024061531997,2024,061531997,1,9,0,-1,4,-1,-1,-1,0,1,0,0,0,0,3,1,-1,6,3,-1,-1,-1,-1,-1,-1,-1,-1,0,-1
2024010543663,2024,010543663,1,9,0,18,19,3,7,0,0,0,0,0,0,0,1,1,6,6,3,-1,-1,-1,-1,-1,-1,-1,-1,0,-1
2024010545804,2024,010545804,1,9,0,18,19,3,7,0,0,0,0,0,0,0,0,1,6,6,1,39,7,-1,-1,-1,-1,10,E01023096,0,4
2024440301611,2024,440301611,1,3,0,18,19,2,6,0,0,0,0,0,0,0,4,1,6,6,1,21,5,-1,-1,-1,-1,3,E01022649,0,2
2024531439028,2024,531439028,2,1,0,-1,19,3,7,-1,0,3,5,0,0,0,4,1,-1,2,1,43,7,-1,-1,-1,-1,8,E01022279,0,1
2024122401234,2024,122401234,1,19,0,18,19,1,5,0,0,1,0,0,0,0,1,1,1,1,1,44,7,-1,-1,-1,-1,8,E01027886,0,3
2024501463139,2024,501463139,1,-1,0,-1,19,6,2,-1,0,0,0,4,0,0,1,9,-1,6,1,-1,-1,-1,-1,-1,-1,-1,-1,1,-1
2024440427077,2024,440427077,2,9,0,18,19,5,3,0,0,8,0,0,0,0,4,1,2,2,2,18,4,-1,-1,-1,-1,9,E01022504,0,3
2024141423977,2024,141423977,2,1,0,-1,19,1,5,-1,0,0,0,0,0,0,3,1,-1,1,1,25,5,-1,-1,-1,-1,-1,-1,0,-1
2024141519434,2024,141519434,1,1,0,-1,19,5,1,-1,4,1,5,0,0,0,1,1,-1,2,1,41,7,-1,-1,-1,-1,5,E01008113,0,1
2024122401196,2024,122401196,1,1,0,18,19,3,1,0,0,0,0,0,0,0,4,1,6,6,1,13,3,-1,-1,-1,-1,10,E01013440,0,2
2024320559529,2024,320559529,1,9,0,13,13,2,6,0,0,1,0,11,3,10,1,1,-1,-1,1,63,9,-1,-1,-1,-1,8,E01026372,0,1
2024311423685,2024,311423685,1,9,0,-1,19,4,8,-1,0,1,0,0,0,0,1,1,-1,6,3,-1,-1,-1,-1,-1,-1,-1,-1,0,-1
2024201396907,2024,201396907,1,9,0,-1,7,2,4,-1,0,3,0,0,0,0,1,9,-1,6,3,-1,-1,-1,-1,-1,-1,-1,-1,0,-1
2024010513864,2024,010513864,1,9,0,5,5,8,4,0,0,0,0,0,0,0,2,1,6,6,1,28,6,-1,-1,-1,-1,6,E01021986,0,4
2024010492338,2024,010492338,2,9,0,15,15,3,7,9,9,0,1,10,7,9,1,1,6,6,1,56,9,-1,-1,-1,-1,8,E01003677,0,1
2024161467989,2024,161467989,1,9,4,-1,19,5,1,-1,0,1,0,0,0,0,9,9,-1,6,1,-1,-1,-1,-1,-1,-1,3,E01013386,0,4
2024061473228,2024,061473228,2,1,0,-1,19,1,5,-1,4,8,0,0,0,0,1,1,-1,9,1,69,10,-1,-1,-1,-1,3,E01004874,0,1
2024430457165,2024,430457165,1,1,0,18,19,8,4,0,0,2,0,0,0,0,1,1,6,6,1,43,7,-1,-1,-1,-1,10,E01016335,0,1
2024320383773,2024,320383773,1,99,0,18,19,5,1,0,0,1,0,0,0,0,0,1,6,6,1,20,4,-1,-1,-1,-1,4,E01000644,0,5
2024101474034,2024,101474034,1,9,0,-1,5,5,3,-1,0,8,0,0,0,0,1,1,-1,9,1,44,7,-1,-1,-1,-1,-1,-1,0,-1
2024010512750,2024,010512750,1,1,9,99,99,9,9,99,99,9,9,99,9,99,9,1,2,2,1,23,5,-1,-1,-1,-1,3,E01004203,0,1
2024471466555,2024,471466555,1,1,0,-1,19,7,3,-1,4,0,0,0,0,0,4,1,-1,9,1,28,6,-1,-1,-1,-1,6,E01016856,0,1
2024131472953,2024,131472953,2,1,0,-1,19,3,7,-1,0,0,0,0,0,0,3,1,-1,9,2,44,7,-1,-1,-1,-1,9,E01011874,0,2
2024010531936,2024,010531936,2,9,0,2,2,0,0,0,0,0,0,8,0,0,3,1,6,6,3,-1,-1,-1,-1,-1,-1,-1,-1,0,-1
2024010490598,2024,010490598,1,10,0,18,19,5,1,0,0,1,0,0,0,0,4,1,6,6,1,30,6,-1,-1,-1,-1,3,E01002401,0,1
2024440431124,2024,440431124,1,9,0,18,19,1,5,0,0,2,0,0,0,0,1,1,6,6,1,61,9,-1,-1,-1,-1,5,E01022761,0,2
2024010545217,2024,010545217,1,9,0,99,99,9,9,99,99,9,9,99,9,99,2,9,2,2,2,31,6,-1,-1,-1,-1,3,E01023310,0,3
2024010491864,2024,010491864,1,3,9,99,99,9,9,99,99,9,9,99,9,99,1,1,1,1,1,25,5,-1,-1,-1,-1,2,E01000533,0,2
2024161434700,2024,161434700,1,9,0,-1,19,4,8,-1,0,0,0,0,0,0,-1,9,-1,6,2,-1,-1,-1,-1,-1,-1,-1,-1,0,-1
2024010541261,2024,010541261,1,1,0,18,19,6,2,0,0,1,0,0,0,0,1,1,6,6,1,47,8,-1,-1,-1,-1,3,E01033324,0,1
2024522403045,2024,522403045,2,1,0,18,19,4,8,0,0,8,0,0,0,0,1,1,6,6,1,60,9,-1,-1,-1,-1,6,E01014563,0,1
2024221504369,2024,221504369,2,1,0,-1,19,6,2,-1,0,0,0,0,0,0,3,1,-1,6,2,43,7,-1,-1,-1,-1,7,E01028940,0,1
2024430298166,2024,430298166,1,9,0,9,9,6,3,0,0,5,0,0,0,0,9,1,6,6,3,-1,-1,-1,-1,-1,-1,-1,-1,0,-1
2024311423659,2024,311423659,1,1,0,-1,19,2,6,-1,0,1,0,0,0,0,1,1,-1,2,1,55,8,-1,-1,-1,-1,-1,-1,0,-1
2024010550306,2024,010550306,1,8,9,99,99,9,9,99,99,9,9,99,9,99,9,9,6,6,3,-1,-1,-1,-1,-1,-1,4,E01004677,0,1
2024161474465,2024,161474465,2,1,0,-1,19,4,8,-1,0,8,0,0,0,0,1,1,-1,6,1,76,11,-1,-1,-1,-1,3,E01012943,0,1
2024231526012,2024,231526012,1,1,0,-1,19,6,2,-1,0,0,0,0,0,0,1,1,-1,6,1,28,6,-1,-1,-1,-1,-1,-1,0,-1
2024440362358,2024,440362358,2,19,0,18,19,6,4,0,0,8,0,0,0,0,1,1,2,2,1,57,9,-1,-1,-1,-1,10,E01030773,0,4
2024010498166,2024,010498166,2,1,9,99,99,9,9,99,99,9,9,99,9,99,1,1,6,6,1,-1,-1,-1,-1,-1,-1,-1,-1,0,-1
2024461464697,2024,461464697,2,1,0,-1,19,5,1,-1,0,1,0,0,0,0,3,1,-1,9,1,12,3,-1,-1,-1,-1,9,E01016086,0,1
2024010526284,2024,010526284,2,1,0,18,19,5,1,0,0,8,0,0,0,0,1,1,2,2,1,22,5,-1,-1,-1,-1,4,E01004201,0,1
2024351480026,2024,351480026,2,1,0,-1,-1,-1,-1,-1,-1,-1,-1,-1,-1,0,-1,1,-1,6,1,42,7,-1,-1,-1,-1,10,E01018141,0,1
2024010512296,2024,010512296,2,1,0,5,5,3,7,0,0,1,0,0,0,0,1,1,1,1,1,22,5,-1,-1,-1,-1,2,E01003918,0,1
2024010497494,2024,010497494,2,9,0,9,9,1,7,0,0,8,0,0,0,0,1,1,6,6,3,-1,-1,-1,-1,-1,-1,-1,-1,0,-1
2024122500453,2024,122500453,2,1,0,18,19,5,1,0,0,8,0,0,0,0,2,1,6,6,1,65,9,-1,-1,-1,-1,10,E01027700,0,1
2024520400791,2024,520400791,1,9,0,18,19,5,1,0,0,0,0,0,0,0,1,1,6,6,1,50,8,-1,-1,-1,-1,6,E01029169,0,1
2024332400117,2024,332400117,2,9,0,-1,19,5,1,-1,0,8,0,0,0,0,0,1,-1,9,1,18,4,-1,-1,-1,-1,1,E01013601,0,1
2024070559801,2024,070559801,2,1,0,18,19,3,7,0,0,8,0,0,0,0,4,1,6,6,1,16,4,-1,-1,-1,-1,10,E01033375,0,1
202417M110024,2024,17M110024,1,1,0,-1,19,5,1,-1,0,0,0,0,0,0,1,1,-1,9,1,35,6,-1,-1,-1,-1,2,E01012042,0,1
2024340WN2722,2024,340WN2722,1,19,0,-1,19,4,8,-1,0,4,0,0,0,0,1,1,-1,1,1,52,8,-1,-1,-1,-1,7,E01027019,0,2
2024101394514,2024,101394514,1,97,0,-1,19,7,3,-1,0,1,0,0,0,0,1,1,-1,6,1,27,6,-1,-1,-1,-1,-1,-1,0,-1
2024440561684,2024,440561684,1,9,0,3,3,2,6,0,0,0,0,0,0,0,1,1,2,2,1,63,9,-1,-1,-1,-1,7,E01022627,0,3
2024101413244,2024,101413244,1,9,0,-1,1,4,8,-1,0,0,0,0,0,0,3,1,-1,6,2,52,8,-1,-1,-1,-1,-1,-1,0,-1
2024010536118,2024,010536118,1,1,9,99,99,9,9,99,99,0,9,99,9,99,9,1,6,6,2,6,2,-1,-1,-1,-1,8,E01004053,0,3
2024201484977,2024,201484977,2,9,0,-1,19,4,1,-1,0,0,0,0,1,0,3,1,-1,6,2,27,6,-1,-1,-1,-1,8,E01032438,0,4
2024010487288,2024,010487288,2,1,9,99,99,9,9,99,99,9,9,99,9,99,9,1,6,6,1,-1,-1,-1,-1,-1,-1,-1,-1,0,-1
2024340NN3702,2024,340NN3702,3,20,0,-1,19,5,1,-1,0,1,0,0,0,0,3,1,-1,2,1,43,7,-1,-1,-1,-1,-1,-1,0,-1
2024031433737,2024,031433737,3,9,0,-1,19,3,7,-1,0,0,0,0,1,11,1,1,-1,2,1,39,7,-1,-1,-1,-1,2,E01019111,0,4
2024161489854,2024,161489854,1,9,0,-1,4,1,8,-1,0,1,0,0,0,0,3,1,-1,1,1,44,7,-1,-1,-1,-1,10,E01013012,0,2
2024332400605,2024,332400605,1,1,0,-1,19,7,3,-1,0,0,0,0,0,0,1,1,-1,1,1,37,7,-1,-1,-1,-1,3,E01013751,0,1
2024221443023,2024,221443023,2,90,0,-1,19,6,2,-1,0,1,0,0,0,0,1,1,-1,6,1,59,9,-1,-1,-1,-1,2,E01009874,0,4
2024501522366,2024,501522366,2,1,0,-1,19,7,3,-1,4,8,0,0,0,0,3,1,-1,2,1,58,9,-1,-1,-1,-1,7,E01020145,0,2
2024010532821,2024,010532821,2,9,0,4,4,7,3,0,0,1,0,0,0,0,2,1,1,1,1,27,6,-1,-1,-1,-1,3,E01004349,0,1
2024401519185,2024,401519185,2,9,0,-1,3,1,5,-1,0,4,0,0,0,0,2,1,-1,6,2,42,7,-1,-1,-1,-1,6,E01017378,0,4
2024061457743,2024,061457743,1,9,0,-1,19,3,7,-1,0,0,0,0,0,0,1,1,-1,6,3,20,4,-1,-1,-1,-1,-1,-1,0,-1
2024010505066,2024,010505066,2,1,0,5,5,6,2,0,0,8,0,4,0,0,1,1,1,1,2,42,7,-1,-1,-1,-1,5,E01002640,0,1
2024451466997,2024,451466997,1,1,0,-1,19,2,6,-1,0,1,0,0,0,0,1,1,-1,7,1,12,3,-1,-1,-1,-1,7,E01030968,0,1
2024471517242,2024,471517242,3,9,-1,-1,6,3,1,-1,0,1,0,0,0,0,0,9,-1,6,3,-1,-1,-1,-1,-1,-1,-1,-1,0,-1
2024430013459,2024,430013459,2,9,0,3,3,2,6,0,0,2,0,0,0,0,2,1,2,2,2,42,7,-1,-1,-1,-1,3,E01017665,0,3
2024041425919,2024,041425919,1,1,0,-1,19,3,7,-1,0,0,0,0,0,0,3,1,-1,9,1,22,5,-1,-1,-1,-1,5,E01025428,0,1
2024201441785,2024,201441785,1,90,0,-1,19,6,2,-1,0,0,0,0,0,0,1,1,-1,6,1,33,6,-1,-1,-1,-1,2,E01034953,0,1
2024010491939,2024,010491939,2,1,0,18,19,6,2,0,0,1,0,0,0,0,0,1,6,6,1,73,10,-1,-1,-1,-1,5,E01004377,0,2
2024421522821,2024,421522821,2,9,0,-1,19,6,2,-1,0,0,0,0,0,0,1,1,-1,1,1,49,8,-1,-1,-1,-1,9,E01021533,0,3
2024451428418,2024,451428418,1,1,0,-1,19,5,1,-1,5,0,0,0,0,0,1,1,-1,9,1,79,11,-1,-1,-1,-1,8,E01030544,0,1
2024522402053,2024,522402053,1,9,0,18,19,2,6,0,0,0,0,0,0,0,1,1,6,6,1,67,10,-1,-1,-1,-1,9,E01014757,0,1
2024440527070,2024,440527070,1,1,0,18,19,1,5,0,0,8,0,0,0,0,1,1,2,2,1,55,8,-1,-1,-1,-1,9,E01022560,0,1
2024451450064,2024,451450064,1,9,0,-1,12,3,7,-1,0,5,0,0,0,0,1,1,-1,9,1,31,6,-1,-1,-1,-1,6,E01002586,0,2
2024010524986,2024,010524986,2,1,0,18,19,5,1,0,0,8,5,0,0,0,3,1,6,6,1,52,8,-1,-1,-1,-1,5,E01002759,0,1
2024010533437,2024,010533437,1,1,9,99,99,9,9,99,99,0,9,99,9,99,1,1,6,6,3,-1,-1,-1,-1,-1,-1,-1,-1,0,-1
2024010525648,2024,010525648,2,1,0,18,19,3,7,0,0,1,0,0,0,0,0,1,6,6,1,34,6,-1,-1,-1,-1,4,E01001666,0,1
2024471398031,2024,471398031,1,9,0,-1,5,5,3,-1,0,2,0,0,0,0,4,1,-1,9,1,26,6,-1,-1,-1,-1,4,E01031791,0,1
2024201448070,2024,201448070,1,9,0,-1,14,5,1,-1,0,1,0,0,0,0,1,1,-1,6,1,20,4,-1,-1,-1,-1,-1,-1,0,-1
2024041476665,2024,041476665,2,9,0,-1,19,7,3,-1,0,0,0,0,0,0,1,1,-1,1,1,55,8,-1,-1,-1,-1,3,E01012632,0,3
2024622400313,2024,622400313,2,9,0,9,9,8,7,0,0,8,0,0,0,0,4,1,6,6,1,52,8,-1,-1,-1,-1,6,W01001540,0,4
2024131481904,2024,131481904,2,1,0,-1,19,5,5,-1,9,0,0,0,0,0,1,1,-1,6,1,8,2,-1,-1,-1,-1,1,E01010739,0,1
2024010509442,2024,010509442,1,1,9,99,99,9,9,99,99,9,9,99,9,99,9,1,2,2,1,32,6,-1,-1,-1,-1,8,E01022654,0,5
2024471493944,2024,471493944,1,1,0,-1,19,8,4,-1,0,0,0,0,0,0,2,1,-1,6,1,31,6,-1,-1,-1,-1,10,E01031511,0,3
2024010514133,2024,010514133,1,9,0,99,99,9,9,99,99,9,9,99,9,99,1,9,6,6,1,34,6,-1,-1,-1,-1,-1,-1,0,-1
2024461498916,2024,461498916,3,9,-1,-1,19,5,1,-1,0,0,0,0,0,0,1,9,-1,6,2,-1,-1,-1,-1,-1,-1,7,E01024691,0,1
2024041511733,2024,041511733,2,9,0,-1,19,3,7,-1,0,0,0,0,0,0,3,1,-1,9,2,55,8,-1,-1,-1,-1,-1,-1,0,-1
2024141419455,2024,141419455,2,1,0,-1,7,4,6,-1,0,2,0,0,0,0,1,1,-1,2,1,51,8,-1,-1,-1,-1,7,E01007755,0,1
2024061474531,2024,061474531,3,9,-1,-1,-1,-1,-1,-1,-1,0,-1,-1,-1,0,1,9,-1,1,1,-1,-1,-1,-1,-1,-1,-1,-1,0,-1
2024231406905,2024,231406905,1,90,0,-1,19,5,1,-1,0,0,0,4,0,0,1,1,-1,6,1,18,4,-1,-1,-1,-1,3,E01031238,0,1
2024610035524,2024,610035524,1,9,0,18,19,6,2,0,0,0,0,0,0,0,1,1,6,6,3,-1,-1,-1,-1,-1,-1,-1,-1,0,-1
2024430029359,2024,430029359,2,1,0,18,19,1,5,0,0,8,0,0,0,0,3,1,6,6,1,62,9,-1,-1,-1,-1,-1,-1,0,-1
2024010503251,2024,010503251,1,1,0,18,19,5,1,5,5,6,0,0,0,0,1,1,6,6,2,15,3,-1,-1,-1,-1,1,E01000596,0,2
2024201502429,2024,201502429,2,11,0,-1,2,1,5,-1,0,0,0,0,0,0,0,1,-1,1,1,40,7,-1,-1,-1,-1,-1,-1,0,-1
2024201494648,2024,201494648,1,9,0,-1,19,1,5,-1,0,4,0,0,0,0,1,9,-1,6,3,30,6,-1,-1,-1,-1,-1,-1,0,-1
2024991514037,2024,991514037,1,9,0,-1,9,6,1,-1,0,4,0,0,0,0,3,1,-1,9,1,37,7,-1,-1,-1,-1,2,-1,0,1
2024141414323,2024,141414323,2,1,0,-1,19,3,7,-1,0,8,0,0,0,0,3,1,-1,2,1,-1,-1,-1,-1,-1,-1,1,E01007453,0,1
2024332400130,2024,332400130,2,9,0,-1,19,2,8,-1,0,0,0,0,0,0,1,1,-1,6,2,82,11,-1,-1,-1,-1,10,E01013798,0,2
2024010508055,2024,010508055,3,19,9,99,99,9,9,99,99,9,9,99,0,0,9,9,6,6,3,-1,-1,-1,-1,-1,-1,-1,-1,0,-1
2024010497073,2024,010497073,1,3,0,99,99,9,9,99,99,1,9,99,9,99,9,1,6,6,1,24,5,-1,-1,-1,-1,5,E01001240,0,1
2024201461858,2024,201461858,1,9,0,-1,1,3,7,-1,0,0,0,0,0,0,2,1,-1,6,1,-1,-1,-1,-1,-1,-1,-1,-1,0,-1
2024010488779,2024,010488779,1,3,9,99,99,9,9,9,9,0,9,12,9,99,4,1,1,1,1,24,5,-1,-1,-1,-1,3,E01001440,0,4
2024010517073,2024,010517073,1,9,0,18,19,3,7,0,0,2,0,0,0,0,1,1,6,6,3,-1,-1,-1,-1,-1,-1,-1,-1,0,-1
2024010548218,2024,010548218,2,9,0,99,99,9,9,99,99,9,9,99,9,99,9,9,6,6,3,-1,-1,-1,-1,-1,-1,-1,-1,0,-1
2024991488048,2024,991488048,2,1,0,-1,19,7,3,-1,9,1,0,0,0,0,1,1,-1,9,1,14,3,-1,-1,-1,-1,-1,-1,0,-1
2024010488644,2024,010488644,1,9,0,9,9,6,3,0,0,1,0,0,0,0,1,1,6,6,1,49,8,-1,-1,-1,-1,6,E01004621,0,2
2024430585162,2024,430585162,1,9,0,18,19,3,7,0,0,0,0,0,0,0,1,1,6,6,2,81,11,-1,-1,-1,-1,7,E01016402,0,1
2024010537093,2024,010537093,3,9,0,9,9,1,6,0,0,6,0,0,0,0,0,1,6,6,3,-1,-1,-1,-1,-1,-1,-1,-1,0,-1
2024041509729,2024,041509729,1,1,0,-1,19,1,5,-1,0,0,0,0,0,0,1,1,-1,6,1,58,9,-1,-1,-1,-1,-1,-1,0,-1
2024010524150,2024,010524150,2,9,0,2,2,0,0,4,4,8,0,0,0,0,2,1,6,6,3,-1,-1,-1,-1,-1,-1,-1,-1,0,-1
2024052400283,2024,052400283,1,97,0,18,19,6,2,0,0,8,0,0,0,0,1,1,6,6,3,-1,-1,-1,-1,-1,-1,-1,-1,0,-1
2024401502184,2024,401502184,1,-1,0,-1,5,7,2,-1,9,0,5,0,0,0,0,1,-1,9,1,17,4,-1,-1,-1,-1,4,E01017581,0,1
2024070539531,2024,070539531,2,1,0,13,13,5,1,0,0,1,0,0,0,0,4,1,6,6,1,31,6,-1,-1,-1,-1,9,E01018664,0,1
2024161435665,2024,161435665,2,1,0,-1,19,2,6,-1,0,1,0,0,0,0,2,1,-1,6,2,52,8,-1,-1,-1,-1,8,E01012983,0,1
2024302400033,2024,302400033,2,9,0,18,19,6,2,0,0,0,0,0,0,0,1,1,6,6,1,31,6,-1,-1,-1,-1,8,E01019839,0,2
2024101417205,2024,101417205,1,9,0,-1,11,2,7,-1,0,8,0,0,0,0,0,9,-1,6,3,40,7,-1,-1,-1,-1,-1,-1,0,-1
2024302400706,2024,302400706,1,9,0,18,19,5,1,0,0,2,0,0,0,0,1,1,6,6,1,72,10,-1,-1,-1,-1,10,E01019670,0,2
2024991450892,2024,991450892,2,9,0,-1,4,4,8,-1,0,0,0,0,3,0,2,1,-1,9,2,39,7,-1,-1,-1,-1,8,-1,0,4
2024351522199,2024,351522199,2,98,1,-1,19,5,1,-1,0,0,0,0,0,0,0,1,-1,1,1,52,8,-1,-1,-1,-1,-1,-1,0,-1
2024052402221,2024,052402221,1,11,0,2,2,0,0,0,0,1,0,0,0,0,0,1,1,1,3,-1,-1,-1,-1,-1,-1,-1,-1,0,-1
2024010518976,2024,010518976,1,1,0,18,19,3,7,0,0,1,0,10,0,0,0,1,2,2,1,62,9,-1,-1,-1,-1,4,E01001794,0,1
2024471410941,2024,471410941,2,-1,0,-1,5,7,3,-1,-1,1,0,0,0,0,2,1,-1,6,1,14,3,-1,-1,-1,-1,10,E01031715,1,1
2024041478945,2024,041478945,2,1,0,-1,9,5,1,-1,0,8,0,0,0,0,1,1,-1,6,1,26,6,-1,-1,-1,-1,1,E01012684,0,1
2024061409739,2024,061409739,1,9,-1,-1,-1,-1,-1,-1,0,0,0,0,0,0,1,9,-1,6,3,-1,-1,-1,-1,-1,-1,-1,-1,0,-1
2024010525001,2024,010525001,2,9,0,99,99,9,9,99,99,9,9,99,9,99,1,9,6,6,3,23,5,-1,-1,-1,-1,-1,-1,0,-1
2024010491345,2024,010491345,1,1,9,99,99,9,9,99,99,9,9,99,9,99,1,1,1,1,1,28,6,-1,-1,-1,-1,3,E01032774,0,1
2024201406922,2024,201406922,2,9,0,-1,7,2,4,-1,0,5,0,0,0,0,3,1,-1,6,1,26,6,-1,-1,-1,-1,3,E01009162,0,3
2024320021282,2024,320021282,1,19,0,-1,-1,6,2,0,0,0,0,4,1,0,1,1,-1,-1,1,67,10,-1,-1,-1,-1,-1,-1,0,-1
2024361503943,2024,361503943,2,9,0,-1,19,3,7,-1,0,0,0,0,0,0,1,1,-1,6,3,-1,-1,-1,-1,-1,-1,-1,-1,0,-1
2024430203917,2024,430203917,2,1,0,18,19,2,6,0,0,2,0,0,0,0,1,1,6,6,1,48,8,-1,-1,-1,-1,-1,-1,0,-1
2024471531833,2024,471531833,4,9,0,-1,19,6,2,-1,0,0,0,0,0,0,2,1,-1,2,2,32,6,-1,-1,-1,-1,6,E01035332,0,1
2024411531362,2024,411531362,1,1,0,-1,9,-1,-1,-1,-1,-1,-1,-1,-1,0,-1,1,-1,6,3,-1,-1,-1,-1,-1,-1,-1,-1,0,-1
2024430172379,2024,430172379,1,9,0,9,9,6,4,0,0,6,0,0,3,0,3,1,6,6,1,51,8,-1,-1,-1,-1,7,E01028548,0,1
2024549892224,2024,549892224,2,1,0,18,19,4,8,0,0,0,0,0,0,0,2,1,6,6,2,12,3,-1,-1,-1,-1,7,E01032078,0,1
2024471502654,2024,471502654,2,1,0,-1,19,1,5,-1,0,1,0,0,0,0,1,1,-1,9,1,54,8,-1,-1,-1,-1,8,E01016981,0,1
2024421414392,2024,421414392,2,9,0,-1,3,1,3,-1,0,1,0,0,0,0,2,1,-1,6,1,46,8,-1,-1,-1,-1,5,E01021422,0,4
2024451489259,2024,451489259,2,9,0,-1,19,5,1,-1,0,1,0,0,0,0,3,1,-1,6,1,37,7,-1,-1,-1,-1,5,E01030587,0,1
2024010514137,2024,010514137,2,18,0,5,5,1,5,1,1,0,0,0,0,0,1,1,1,1,1,44,7,-1,-1,-1,-1,3,E01003387,0,2
2024622400775,2024,622400775,1,1,0,18,19,8,4,0,0,1,0,4,0,0,1,1,6,6,1,37,7,-1,-1,-1,-1,2,W01000849,0,2
2024320707364,2024,320707364,2,9,0,4,4,6,2,0,0,0,1,0,0,0,2,1,6,6,2,31,6,-1,-1,-1,-1,4,E01026025,0,3
2024010527241,2024,010527241,2,9,0,99,99,9,9,99,99,9,9,99,9,99,9,9,6,6,3,-1,-1,-1,-1,-1,-1,-1,-1,0,-1
2024061468614,2024,061468614,2,1,-1,-1,-1,-1,-1,-1,-1,-1,-1,-1,-1,0,-1,1,-1,6,1,56,9,-1,-1,-1,-1,4,E01005217,0,1
2024991435758,2024,991435758,2,9,0,-1,19,3,7,-1,0,1,0,0,0,0,1,1,-1,6,1,57,9,-1,-1,-1,-1,7,-1,0,2
2024010501558,2024,010501558,1,19,0,18,19,6,2,0,0,1,0,0,0,0,0,1,6,6,3,-1,-1,-1,-1,-1,-1,-1,-1,0,-1
2024010543381,2024,010543381,1,1,0,18,19,7,3,4,4,0,0,0,0,0,1,1,6,6,2,42,7,-1,-1,-1,-1,2,E01004464,0,1
2024221505176,2024,221505176,2,1,0,-1,19,4,8,-1,0,8,0,0,0,0,1,1,-1,2,1,60,9,-1,-1,-1,-1,3,E01032277,0,1
2024421518890,2024,421518890,2,1,0,-1,7,7,3,-1,0,4,5,0,0,0,4,1,-1,6,1,42,7,-1,-1,-1,-1,10,E01021609,0,1