collision_index,collision_year,collision_ref_no,vehicle_reference,vehicle_type,towing_and_articulation,vehicle_manoeuvre_historic,vehicle_manoeuvre,vehicle_direction_from,vehicle_direction_to,vehicle_location_restricted_lane_historic,vehicle_location_restricted_lane,junction_location,skidding_and_overturning,hit_object_in_carriageway,vehicle_leaving_carriageway,hit_object_off_carriageway,first_point_of_impact,vehicle_left_hand_drive,journey_purpose_of_driver_historic,journey_purpose_of_driver,sex_of_driver,age_of_driver,age_band_of_driver,engine_capacity_cc,propulsion_code,age_of_vehicle,generic_make_model,driver_imd_decile,lsoa_of_driver,escooter_flag,driver_distance_banding
2024010550629,2024,010550629,2,9,0,18,19,1,5,0,0,0,0,0,0,0,2,1,6,6,3,-1,-1,-1,-1,-1,-1,-1,-1,0,-1
2024201501896,2024,201501896,2,1,0,-1,19,2,5,-1,0,8,0,0,0,0,4,1,-1,2,1,60,9,-1,-1,-1,-1,4,E01009324,0,1
2024440088104,2024,440088104,1,9,0,18,19,4,8,0,0,0,0,0,0,0,3,1,6,6,3,-1,-1,-1,-1,-1,-1,-1,-1,0,-1
2024201457991,2024,201457991,1,9,0,-1,19,2,6,-1,0,0,0,0,0,0,1,9,-1,6,3,-1,-1,-1,-1,-1,-1,-1,-1,0,-1
2024010537275,2024,010537275,1,1,9,99,99,9,9,99,99,9,9,99,9,99,9,1,6,6,1,56,9,-1,-1,-1,-1,3,E01001757,0,1
2024461412217,2024,461412217,1,9,0,-1,19,5,2,-1,0,4,0,0,0,0,1,1,-1,9,1,43,7,-1,-1,-1,-1,6,E01024064,0,1
2024411469294,2024,411469294,2,1,0,-1,3,7,3,-1,0,1,0,0,0,0,2,1,-1,2,1,35,6,-1,-1,-1,-1,4,E01023393,0,1
2024161463288,2024,161463288,4,19,0,-1,19,3,7,-1,0,0,0,0,0,0,0,9,-1,6,-1,-1,-1,-1,-1,-1,-1,-1,-1,0,-1
2024201437811,2024,201437811,2,9,0,-1,9,6,4,-1,0,1,0,0,0,0,2,1,-1,6,2,28,6,-1,-1,-1,-1,6,E01029395,0,3
2024010548503,2024,010548503,2,9,0,99,99,9,9,99,99,0,9,99,9,99,9,9,6,6,3,-1,-1,-1,-1,-1,-1,-1,-1,0,-1
2024332400722,2024,332400722,2,1,0,-1,19,9,9,-1,0,8,0,0,0,0,1,1,-1,6,1,-1,-1,-1,-1,-1,-1,6,E01033386,0,1
2024430296877,2024,430296877,2,1,0,18,19,4,8,5,5,0,0,8,0,0,3,1,6,6,2,-1,-1,-1,-1,-1,-1,4,E01032555,0,1
2024010487043,2024,010487043,1,11,0,4,4,1,5,2,2,1,0,0,0,0,0,1,1,1,1,34,6,-1,-1,-1,-1,6,E01003226,0,2
2024332400447,2024,332400447,2,1,0,-1,12,8,4,-1,0,0,0,0,0,0,3,1,-1,6,1,41,7,-1,-1,-1,-1,2,E01013654,0,1
2024471489897,2024,471489897,1,19,0,-1,19,7,3,-1,0,0,0,0,1,10,3,1,-1,2,2,53,8,-1,-1,-1,-1,8,E01031542,0,2
2024501470825,2024,501470825,1,1,0,-1,5,3,7,-1,0,0,0,0,0,0,1,1,-1,9,1,10,2,-1,-1,-1,-1,1,E01015086,0,1
2024320078202,2024,320078202,2,9,0,9,9,6,4,0,0,6,0,0,0,0,1,1,-1,-1,1,69,10,-1,-1,-1,-1,3,E01026169,0,2
2024351538177,2024,351538177,1,3,0,-1,9,5,1,-1,0,1,0,0,0,0,1,1,-1,6,1,20,4,-1,-1,-1,-1,4,E01015630,0,2
2024221407505,2024,221407505,1,19,0,-1,19,6,2,-1,0,0,0,0,0,0,4,9,-1,6,3,45,7,-1,-1,-1,-1,-1,-1,0,-1
2024501467623,2024,501467623,2,1,0,-1,19,7,3,-1,0,1,0,0,0,0,1,1,-1,9,1,32,6,-1,-1,-1,-1,8,E01020197,0,1
2024031467181,2024,031467181,1,9,0,-1,19,7,3,-1,0,0,1,0,0,0,3,2,-1,9,1,35,6,-1,-1,-1,-1,-1,-1,0,-1
2024101475429,2024,101475429,1,11,0,-1,5,3,7,-1,0,1,0,0,0,0,0,9,-1,1,1,42,7,-1,-1,-1,-1,1,E01027427,0,2
2024201514306,2024,201514306,2,90,0,-1,19,4,2,-1,0,8,0,0,0,0,1,1,-1,6,1,23,5,-1,-1,-1,-1,1,E01009993,0,2
2024010491886,2024,010491886,2,19,0,99,99,9,9,99,99,9,9,99,9,99,9,9,6,6,3,38,7,-1,-1,-1,-1,3,E01003193,0,1
2024010537449,2024,010537449,2,1,0,9,9,5,3,0,0,8,0,0,0,0,1,1,6,6,2,76,11,-1,-1,-1,-1,8,E01004762,0,1
2024401400261,2024,401400261,1,9,0,-1,19,7,3,-1,0,1,0,0,0,0,1,9,-1,6,3,-1,-1,-1,-1,-1,-1,-1,-1,0,-1
2024471395124,2024,471395124,2,1,0,-1,9,7,5,-1,0,3,0,0,0,0,1,1,-1,2,1,39,7,-1,-1,-1,-1,5,E01034817,0,1
2024461509308,2024,461509308,1,9,0,-1,5,3,7,-1,0,0,0,0,0,0,3,9,-1,6,2,-1,-1,-1,-1,-1,-1,5,E01024420,0,1
2024531395291,2024,531395291,1,9,0,-1,5,8,4,-1,0,6,0,0,0,0,1,1,-1,6,1,53,8,-1,-1,-1,-1,2,E01022288,0,1
2024101501498,2024,101501498,1,9,-1,-1,-1,8,4,-1,0,4,-1,-1,-1,0,-1,9,-1,6,3,-1,-1,-1,-1,-1,-1,-1,-1,0,-1
2024430252890,2024,430252890,1,1,0,18,19,8,4,0,0,0,0,0,0,0,3,1,6,6,1,8,2,-1,-1,-1,-1,8,E01017741,0,3
2024010537391,2024,010537391,2,1,0,18,19,1,5,9,9,0,0,0,0,0,4,1,6,6,1,41,7,-1,-1,-1,-1,3,E01004308,0,1
2024411438295,2024,411438295,3,9,0,-1,19,2,6,-1,0,2,1,0,0,0,1,1,-1,6,1,45,7,-1,-1,-1,-1,4,E01021849,0,4
2024351522093,2024,351522093,2,9,0,-1,19,5,1,-1,0,0,0,0,0,0,1,1,-1,9,1,34,6,-1,-1,-1,-1,8,E01015690,0,1
2024361405758,2024,361405758,2,1,0,-1,19,8,4,-1,0,8,0,0,0,0,4,1,-1,6,2,52,8,-1,-1,-1,-1,1,E01026868,0,1
2024010516267,2024,010516267,2,-1,0,9,9,5,2,0,0,1,0,0,0,0,2,1,6,6,1,18,4,-1,-1,-1,-1,1,E01004399,1,1
2024070854473,2024,070854473,2,9,0,-1,5,3,7,-1,0,1,0,0,0,0,2,1,-1,9,1,44,7,-1,-1,-1,-1,9,E01018568,0,1
2024421447883,2024,421447883,1,-1,0,-1,-1,-1,-1,-1,0,0,0,0,0,0,0,1,-1,6,2,27,6,-1,-1,-1,-1,-1,-1,1,-1
2024161440231,2024,161440231,1,8,0,-1,19,7,3,-1,0,0,0,0,0,0,1,9,-1,1,3,-1,-1,-1,-1,-1,-1,-1,-1,0,-1
2024010533158,2024,010533158,1,1,0,18,19,1,5,0,0,1,0,0,1,0,1,1,6,6,2,18,4,-1,-1,-1,-1,-1,-1,0,-1
2024461470674,2024,461470674,2,22,0,-1,9,7,5,-1,5,8,0,0,0,0,1,1,-1,6,2,48,8,-1,-1,-1,-1,6,E01023977,0,1
2024520401596,2024,520401596,1,22,0,18,19,8,4,9,9,0,0,0,0,0,1,1,6,6,3,-1,-1,-1,-1,-1,-1,-1,-1,0,-1
2024010529145,2024,010529145,1,9,9,99,99,9,9,99,99,9,9,99,9,99,9,1,6,6,2,57,9,-1,-1,-1,-1,8,E01004762,0,1
2024461502281,2024,461502281,1,98,1,-1,12,1,5,-1,0,0,0,0,0,0,4,2,-1,1,1,58,9,-1,-1,-1,-1,8,E01024542,0,1
2024141433743,2024,141433743,1,1,0,-1,19,7,3,-1,0,0,0,0,0,0,0,1,-1,2,1,18,4,-1,-1,-1,-1,5,E01007366,0,1
2024351440122,2024,351440122,2,1,0,-1,19,-1,-1,-1,0,0,5,0,0,0,3,1,-1,9,1,47,8,-1,-1,-1,-1,3,E01018092,0,1
2024131518821,2024,131518821,1,9,0,-1,-1,-1,-1,-1,-1,-1,-1,-1,-1,-1,-1,1,-1,6,3,-1,-1,-1,-1,-1,-1,-1,-1,0,-1
2024401402005,2024,401402005,1,9,0,-1,19,5,1,-1,0,3,0,0,0,0,1,1,-1,6,1,23,5,-1,-1,-1,-1,8,E01015695,0,1
2024610032224,2024,610032224,1,90,0,7,7,5,7,0,0,1,0,0,0,0,1,1,6,6,3,-1,-1,-1,-1,-1,-1,-1,-1,0,-1
2024131433136,2024,131433136,2,1,0,-1,19,3,7,-1,0,8,0,0,0,0,0,1,-1,9,2,68,10,-1,-1,-1,-1,9,E01010589,0,1
2024340WN0982,2024,340WN0982,1,98,0,-1,11,8,4,-1,0,1,0,0,0,0,4,1,-1,6,3,-1,-1,-1,-1,-1,-1,-1,-1,0,-1
2024311398589,2024,311398589,1,9,0,-1,19,1,5,-1,0,2,0,0,0,0,1,1,-1,1,1,38,7,-1,-1,-1,-1,4,E01028228,0,1
2024122400479,2024,122400479,2,1,0,18,19,1,5,0,0,8,0,0,0,0,1,1,6,6,2,71,10,-1,-1,-1,-1,10,E01013358,0,1
2024361535507,2024,361535507,3,90,0,-1,8,1,4,-1,0,1,0,0,0,0,3,1,-1,1,1,36,7,-1,-1,-1,-1,4,E01026429,0,3
2024010487933,2024,010487933,2,9,0,99,99,9,9,99,99,9,9,99,9,99,9,9,6,6,3,-1,-1,-1,-1,-1,-1,-1,-1,0,-1
2024302401322,2024,302401322,1,5,0,17,19,5,1,0,0,8,0,0,0,0,1,1,2,2,1,33,6,-1,-1,-1,-1,9,E01019850,0,1
2024361522497,2024,361522497,2,1,0,-1,19,-1,-1,-1,0,0,0,0,1,0,1,1,-1,9,1,66,10,-1,-1,-1,-1,5,E01026879,0,1
2024471506398,2024,471506398,2,98,0,-1,19,3,7,-1,0,0,0,0,0,0,0,1,-1,6,1,-1,-1,-1,-1,-1,-1,-1,-1,0,-1
2024361422170,2024,361422170,1,9,-1,-1,-1,-1,-1,-1,-1,-1,-1,-1,-1,0,-1,9,-1,6,3,-1,-1,-1,-1,-1,-1,-1,-1,0,-1
2024131492389,2024,131492389,1,11,0,-1,-1,-1,-1,-1,-1,-1,-1,-1,-1,-1,-1,1,-1,6,3,-1,-1,-1,-1,-1,-1,-1,-1,0,-1
2024201421143,2024,201421143,2,1,0,-1,19,6,2,-1,0,8,5,0,0,0,3,1,-1,6,1,43,7,-1,-1,-1,-1,5,E01009451,0,1
2024548626824,2024,548626824,1,9,0,18,19,3,7,0,0,0,0,0,0,0,1,1,6,6,3,-1,-1,-1,-1,-1,-1,-1,-1,0,-1
2024451415939,2024,451415939,1,9,0,-1,3,7,3,-1,0,6,0,0,0,0,1,1,-1,9,1,50,8,-1,-1,-1,-1,8,E01030867,0,2
2024010490973,2024,010490973,2,9,0,3,3,5,1,0,0,4,0,0,0,0,1,1,6,6,1,36,7,-1,-1,-1,-1,3,E01001805,0,2
2024010487737,2024,010487737,2,9,0,99,99,9,9,99,99,9,9,99,9,99,9,9,6,6,3,-1,-1,-1,-1,-1,-1,-1,-1,0,-1
2024451432844,2024,451432844,2,9,0,-1,1,5,1,-1,0,0,0,0,0,0,2,9,-1,6,3,45,7,-1,-1,-1,-1,-1,-1,0,-1
2024010528505,2024,010528505,1,9,0,99,99,9,9,99,99,9,9,99,9,99,9,9,6,6,3,70,10,-1,-1,-1,-1,6,E01004728,0,1
2024531483551,2024,531483551,2,9,0,-1,19,5,1,-1,0,0,0,0,0,0,4,1,-1,2,1,19,4,-1,-1,-1,-1,8,E01022191,0,1
2024010487383,2024,010487383,2,9,0,4,4,7,3,0,0,1,0,0,0,0,1,1,6,6,2,57,9,-1,-1,-1,-1,10,E01000463,0,2
2024131452652,2024,131452652,1,9,0,-1,5,-1,-1,-1,0,0,-1,-1,-1,-1,-1,1,-1,6,3,-1,-1,-1,-1,-1,-1,-1,-1,0,-1
2024440379534,2024,440379534,2,1,0,18,19,4,8,0,0,8,0,0,0,0,4,1,2,2,1,58,9,-1,-1,-1,-1,10,E01022790,0,1
2024070828875,2024,070828875,1,1,0,-1,14,3,7,-1,0,1,0,0,0,0,1,1,-1,6,1,17,4,-1,-1,-1,-1,1,E01018351,0,1
2024101487058,2024,101487058,1,9,-1,-1,-1,7,4,-1,-1,0,-1,-1,-1,0,-1,9,-1,6,3,-1,-1,-1,-1,-1,-1,-1,-1,0,-1
2024010551003,2024,010551003,1,3,0,18,19,1,5,0,0,0,0,0,0,0,1,1,6,6,1,28,6,-1,-1,-1,-1,6,E01004517,0,3
2024010535514,2024,010535514,1,19,0,99,99,9,9,99,99,9,9,99,9,99,1,1,6,6,1,49,8,-1,-1,-1,-1,3,E01001006,0,2
2024010531203,2024,010531203,1,1,9,99,99,9,9,99,99,9,9,99,9,99,2,1,6,6,2,30,6,-1,-1,-1,-1,7,E01003285,0,3
2024101440737,2024,101440737,1,9,-1,-1,19,1,5,-1,0,8,0,0,0,0,0,9,-1,6,3,-1,-1,-1,-1,-1,-1,-1,-1,0,-1
2024471504722,2024,471504722,1,9,0,-1,19,-1,-1,-1,0,1,0,0,0,0,1,9,-1,6,3,-1,-1,-1,-1,-1,-1,-1,-1,0,-1
2024201458679,2024,201458679,1,1,0,-1,5,2,6,-1,0,0,0,0,0,0,4,1,-1,6,2,58,9,-1,-1,-1,-1,6,E01009189,0,1
2024552401367,2024,552401367,1,9,0,1,1,8,4,0,0,1,0,0,0,0,2,1,6,6,3,-1,-1,-1,-1,-1,-1,-1,-1,0,-1
2024471461634,2024,471461634,1,1,0,-1,7,1,5,-1,0,0,0,0,0,0,3,1,-1,6,1,29,6,-1,-1,-1,-1,9,E01030412,0,4
2024101458194,2024,101458194,1,9,0,-1,19,7,3,-1,0,0,5,0,0,0,1,2,-1,6,1,69,10,-1,-1,-1,-1,2,E01008826,0,1
2024161503290,2024,161503290,1,9,0,-1,3,6,2,-1,0,0,0,0,0,0,2,9,-1,6,2,56,9,-1,-1,-1,-1,7,E01013214,0,2
2024201449002,2024,201449002,1,19,0,-1,19,8,4,-1,0,0,0,0,0,0,1,9,-1,6,3,-1,-1,-1,-1,-1,-1,-1,-1,0,-1
2024461484454,2024,461484454,1,19,0,-1,1,3,7,-1,0,0,0,0,0,0,2,9,-1,6,1,-1,-1,-1,-1,-1,-1,-1,-1,0,-1
2024411425790,2024,411425790,1,9,0,-1,19,7,3,-1,0,3,1,0,0,0,4,1,-1,6,1,29,6,-1,-1,-1,-1,8,E01023315,0,1
2024010518754,2024,010518754,2,1,0,18,19,3,7,0,0,1,0,0,0,0,1,1,6,6,2,24,5,-1,-1,-1,-1,6,E01034579,0,1
2024131435969,2024,131435969,1,9,0,-1,-1,-1,-1,-1,-1,0,-1,-1,-1,-1,-1,1,-1,6,3,-1,-1,-1,-1,-1,-1,-1,-1,0,-1
2024461477205,2024,461477205,1,9,0,-1,13,1,5,-1,0,8,0,0,0,0,3,1,-1,6,1,46,8,-1,-1,-1,-1,6,E01035008,0,3
2024361496930,2024,361496930,2,3,0,-1,5,1,6,-1,0,4,0,0,0,0,2,1,-1,2,1,19,4,-1,-1,-1,-1,9,E01026563,0,2
2024302400947,2024,302400947,2,9,0,16,19,7,1,0,0,0,0,0,0,0,1,1,6,6,1,18,4,-1,-1,-1,-1,6,E01019477,0,1
2024041463478,2024,041463478,1,1,0,-1,19,2,8,-1,5,0,0,0,0,0,1,1,-1,6,1,-1,-1,-1,-1,-1,-1,-1,-1,0,-1
2024546322424,2024,546322424,1,1,0,9,9,5,1,0,0,1,0,0,0,0,1,1,6,6,1,18,4,-1,-1,-1,-1,4,E01032714,0,1
2024461466204,2024,461466204,1,19,0,-1,11,7,3,-1,0,0,0,0,0,0,4,9,-1,6,1,-1,-1,-1,-1,-1,-1,-1,-1,0,-1
2024010532589,2024,010532589,1,97,0,99,99,9,9,99,99,9,9,99,9,99,1,1,6,6,3,-1,-1,-1,-1,-1,-1,-1,-1,0,-1
2024451491444,2024,451491444,2,9,0,-1,19,3,7,-1,0,8,9,0,0,0,1,1,-1,6,3,70,10,-1,-1,-1,-1,-1,-1,0,-1
2024070697348,2024,070697348,1,1,0,18,19,4,8,0,0,0,2,0,0,0,1,1,6,6,1,70,10,-1,-1,-1,-1,6,E01012524,0,4
2024052402057,2024,052402057,1,1,0,18,19,4,1,0,0,0,0,0,0,0,3,1,4,7,1,10,2,-1,-1,-1,-1,1,E01006560,0,2
2024430331477,2024,430331477,4,11,0,9,9,2,6,0,0,5,0,0,0,0,0,1,1,1,3,-1,-1,-1,-1,-1,-1,-1,-1,0,-1
2024552500046,2024,552500046,1,19,0,1,1,4,8,0,0,8,0,0,0,0,2,1,6,6,3,-1,-1,-1,-1,-1,-1,-1,-1,0,-1
2024010527228,2024,010527228,3,9,0,2,2,0,0,0,0,1,0,0,0,0,2,1,6,6,3,-1,-1,-1,-1,-1,-1,-1,-1,0,-1
2024010547631,2024,010547631,3,9,0,3,3,3,7,0,0,8,0,0,0,0,2,1,6,6,2,44,7,-1,-1,-1,-1,8,E01017813,0,1
2024320621556,2024,320621556,1,9,0,-1,-1,8,4,0,0,0,0,0,0,0,0,1,6,6,3,-1,-1,-1,-1,-1,-1,-1,-1,0,-1
2024411539477,2024,411539477,1,19,0,-1,5,5,1,-1,0,8,0,0,0,0,1,9,-1,6,1,-1,-1,-1,-1,-1,-1,-1,-1,0,-1
2024361475152,2024,361475152,2,9,0,-1,2,4,8,-1,0,8,0,0,1,0,3,1,-1,9,1,51,8,-1,-1,-1,-1,6,E01030151,0,4
2024991505245,2024,991505245,3,9,0,-1,5,4,8,-1,0,1,0,0,0,0,3,9,-1,6,3,30,6,-1,-1,-1,-1,-1,-1,0,-1
2024501438353,2024,501438353,1,9,0,-1,19,3,7,-1,0,0,0,0,0,0,1,9,-1,6,1,-1,-1,-1,-1,-1,-1,-1,-1,0,-1
2024131508313,2024,131508313,2,1,0,-1,19,1,1,-1,0,8,0,0,0,0,1,1,-1,2,1,54,8,-1,-1,-1,-1,5,E01011124,0,1
2024311413272,2024,311413272,2,1,0,-1,3,6,2,-1,4,1,0,0,0,0,4,1,-1,7,1,14,3,-1,-1,-1,-1,-1,-1,0,-1
2024991521896,2024,991521896,2,1,0,-1,19,7,3,-1,0,1,0,8,0,0,1,1,-1,9,2,58,9,-1,-1,-1,-1,6,-1,0,5
2024061536511,2024,061536511,2,9,0,-1,3,1,5,-1,0,1,0,0,0,0,2,1,-1,6,2,25,5,-1,-1,-1,-1,2,E01005972,0,1
2024541978824,2024,541978824,1,9,0,9,9,3,6,0,0,4,0,0,0,0,1,1,1,1,1,64,9,-1,-1,-1,-1,5,E01032065,0,1
2024010491335,2024,010491335,2,9,0,9,9,6,4,0,0,1,0,0,0,0,1,1,6,6,1,18,4,-1,-1,-1,-1,7,E01002351,0,1
2024010547015,2024,010547015,2,90,0,99,99,9,9,99,99,9,9,99,9,99,1,9,6,6,3,-1,-1,-1,-1,-1,-1,-1,-1,0,-1
2024010492403,2024,010492403,2,1,0,7,7,7,2,0,0,3,0,0,0,0,1,1,1,1,1,53,8,-1,-1,-1,-1,4,E01035655,0,3
2024010486880,2024,010486880,1,4,0,18,19,5,1,0,0,0,0,0,0,0,4,1,6,6,1,27,6,-1,-1,-1,-1,3,E01002211,0,1
2024201427485,2024,201427485,1,99,0,-1,19,8,4,-1,0,0,0,0,0,0,1,9,-1,9,3,-1,-1,-1,-1,-1,-1,-1,-1,0,-1
2024122401120,2024,122401120,1,9,0,13,13,5,1,0,0,0,0,0,0,0,3,1,6,6,3,-1,-1,-1,-1,-1,-1,-1,-1,0,-1
2024991438221,2024,991438221,2,1,0,-1,19,8,5,-1,0,3,0,0,0,0,4,1,-1,6,1,50,8,-1,-1,-1,-1,10,-1,0,1
2024010545776,2024,010545776,2,9,0,99,99,9,9,99,99,9,9,99,9,99,1,9,6,6,3,-1,-1,-1,-1,-1,-1,-1,-1,0,-1
2024201506568,2024,201506568,1,9,0,-1,19,3,7,-1,0,0,0,0,0,0,1,9,-1,6,3,-1,-1,-1,-1,-1,-1,-1,-1,0,-1
2024991443854,2024,991443854,2,1,0,-1,7,4,7,-1,0,0,0,0,1,4,1,1,-1,9,1,60,9,-1,-1,-1,-1,10,-1,0,3
2024631489205,2024,631489205,1,2,0,-1,19,5,5,-1,0,0,0,0,0,0,3,1,-1,9,1,32,6,-1,-1,-1,-1,-1,-1,0,-1
2024010490707,2024,010490707,2,1,0,18,19,7,3,0,0,1,0,0,0,0,1,1,1,1,1,26,6,-1,-1,-1,-1,6,E01001387,0,1
2024371521792,2024,371521792,2,1,0,-1,19,6,2,-1,0,0,5,0,0,0,3,1,-1,6,1,66,10,-1,-1,-1,-1,7,E01033449,0,1
2024411473255,2024,411473255,1,98,-1,-1,-1,-1,-1,-1,-1,-1,-1,-1,-1,0,-1,9,-1,6,1,-1,-1,-1,-1,-1,-1,-1,-1,0,-1
2024320666999,2024,320666999,2,9,0,-1,-1,2,6,9,9,0,0,0,0,0,2,1,6,6,1,25,5,-1,-1,-1,-1,2,E01026110,0,2
2024161422532,2024,161422532,1,90,0,-1,19,7,3,-1,0,1,0,4,0,0,1,1,-1,6,3,-1,-1,-1,-1,-1,-1,-1,-1,0,-1
2024531471901,2024,531471901,2,1,0,-1,19,2,6,-1,0,8,5,0,0,0,1,1,-1,6,1,69,10,-1,-1,-1,-1,7,E01022391,0,1
2024041512764,2024,041512764,2,1,0,-1,19,7,3,-1,0,1,5,0,1,0,3,1,-1,9,1,51,8,-1,-1,-1,-1,7,E01006579,0,3
2024531477356,2024,531477356,2,1,0,-1,19,1,3,-1,0,8,0,0,0,0,1,1,-1,2,1,57,9,-1,-1,-1,-1,9,E01022174,0,1
2024461465609,2024,461465609,2,5,-1,-1,4,3,1,-1,0,1,0,0,0,0,4,1,-1,6,1,55,8,-1,-1,-1,-1,7,E01024069,0,1
2024010547837,2024,010547837,2,90,0,18,19,3,7,0,0,0,0,0,0,0,1,1,1,1,1,47,8,-1,-1,-1,-1,8,E01016101,0,4
2024052401771,2024,052401771,2,1,0,18,19,8,4,0,0,6,0,0,0,0,1,1,6,6,1,27,6,-1,-1,-1,-1,1,E01007092,0,1
2024201519525,2024,201519525,1,9,0,-1,19,4,8,-1,0,1,0,0,0,0,1,9,-1,6,3,30,6,-1,-1,-1,-1,-1,-1,0,-1
2024430295016,2024,430295016,1,9,0,18,19,7,3,0,0,3,1,0,0,0,4,1,6,6,1,32,6,-1,-1,-1,-1,10,E01032949,0,4
2024010494561,2024,010494561,1,9,0,5,5,3,7,0,0,8,0,0,0,0,1,1,1,1,1,50,8,-1,-1,-1,-1,2,E01003943,0,1
2024161464991,2024,161464991,2,1,0,-1,19,5,1,-1,0,1,0,0,0,0,1,1,-1,6,1,13,3,-1,-1,-1,-1,1,E01012949,0,1
2024231553062,2024,231553062,1,20,0,-1,1,4,8,-1,0,0,0,0,0,0,2,9,-1,6,3,45,7,-1,-1,-1,-1,-1,-1,0,-1
2024340WN5422,2024,340WN5422,2,20,0,-1,9,5,3,-1,0,8,0,0,0,0,3,1,-1,1,1,37,7,-1,-1,-1,-1,9,E01035757,0,4
2024501459070,2024,501459070,1,9,0,-1,19,1,5,-1,0,1,0,0,0,0,1,1,-1,9,1,38,7,-1,-1,-1,-1,6,E01019003,0,1
2024430063160,2024,430063160,2,9,0,18,19,3,7,0,0,0,0,0,0,0,3,1,6,6,1,-1,-1,-1,-1,-1,-1,-1,-1,0,-1
2024010492040,2024,010492040,1,1,9,99,99,9,9,99,99,9,9,99,9,99,2,1,2,2,1,47,8,-1,-1,-1,-1,4,E01004355,0,1
2024471475668,2024,471475668,1,1,0,-1,19,3,7,-1,0,0,5,0,0,0,2,1,-1,1,1,16,4,-1,-1,-1,-1,10,E01021023,0,1
2024471499594,2024,471499594,1,1,0,-1,19,7,3,-1,0,1,0,0,0,0,2,1,-1,6,1,25,5,-1,-1,-1,-1,2,E01016964,0,1
2024052401658,2024,052401658,2,1,0,18,19,2,6,0,0,8,0,0,0,0,3,1,6,6,1,55,8,-1,-1,-1,-1,10,E01006583,0,1
2024010492333,2024,010492333,1,1,9,99,99,9,9,99,99,9,9,8,9,99,1,1,6,6,1,54,8,-1,-1,-1,-1,9,E01002471,0,1
2024061406689,2024,061406689,1,9,0,-1,19,5,1,-1,0,1,0,0,0,0,-1,9,-1,6,2,-1,-1,-1,-1,-1,-1,-1,-1,0,-1
2024440328094,2024,440328094,1,9,0,18,19,5,8,0,0,2,0,0,0,0,1,1,6,6,1,58,9,-1,-1,-1,-1,5,E01034554,0,3
2024010526594,2024,010526594,2,1,0,4,4,5,1,0,0,8,0,0,7,0,1,1,6,6,1,20,4,-1,-1,-1,-1,4,E01004617,0,1
2024141484303,2024,141484303,2,1,0,-1,19,5,1,-1,0,6,0,0,0,0,1,1,-1,6,1,44,7,-1,-1,-1,-1,6,E01008078,0,1
2024548967124,2024,548967124,2,1,0,18,19,6,2,0,0,1,0,0,0,0,1,1,6,6,1,52,8,-1,-1,-1,-1,7,E01015550,0,1
2024010544499,2024,010544499,1,1,9,99,99,9,9,99,99,9,9,99,9,99,9,1,6,6,2,38,7,-1,-1,-1,-1,1,E01002773,0,1
2024010501880,2024,010501880,1,1,9,99,99,9,9,99,99,9,9,99,9,99,9,1,2,2,1,28,6,-1,-1,-1,-1,1,E01002732,0,1
2024311430214,2024,311430214,2,98,0,-1,9,7,3,-1,0,8,0,0,0,0,1,1,-1,1,1,33,6,-1,-1,-1,-1,3,E01028212,0,1
2024622400265,2024,622400265,1,1,0,18,19,6,2,0,0,1,0,0,0,0,1,1,6,6,1,55,8,-1,-1,-1,-1,5,W01001863,0,1
2024061534418,2024,061534418,1,9,0,-1,4,6,3,-1,0,0,0,0,0,0,1,1,-1,1,2,44,7,-1,-1,-1,-1,1,E01007463,0,4
202417S214724,2024,17S214724,2,1,0,-1,19,2,6,-1,4,2,0,0,0,0,1,1,-1,2,2,49,8,-1,-1,-1,-1,2,E01012216,0,1
2024201539664,2024,201539664,2,99,0,-1,9,8,6,-1,0,0,2,10,7,0,1,9,-1,6,3,16,4,-1,-1,-1,-1,-1,-1,0,-1
2024041472942,2024,041472942,1,90,0,-1,9,1,3,-1,0,1,5,0,0,0,4,1,-1,9,1,26,6,-1,-1,-1,-1,7,E01025197,0,1
2024010506955,2024,010506955,2,1,9,99,99,9,9,99,99,0,9,99,9,99,1,1,6,6,3,-1,-1,-1,-1,-1,-1,-1,-1,0,-1
2024501430374,2024,501430374,2,9,0,-1,4,8,4,-1,0,1,0,0,0,0,1,1,-1,1,1,26,6,-1,-1,-1,-1,1,E01015083,0,1
2024340WN6572,2024,340WN6572,2,1,0,-1,19,1,5,-1,0,1,1,0,0,0,4,1,-1,9,1,40,7,-1,-1,-1,-1,2,E01027198,0,1
2024351458310,2024,351458310,1,9,0,-1,19,-1,-1,-1,0,0,0,0,0,0,1,9,-1,6,1,-1,-1,-1,-1,-1,-1,6,E01018020,0,2
2024320116501,2024,320116501,2,9,0,10,10,2,8,0,0,2,0,0,0,0,2,1,-1,-1,1,73,10,-1,-1,-1,-1,8,E01026212,0,2
2024101443356,2024,101443356,2,9,0,-1,19,6,2,-1,0,2,0,0,0,0,0,1,-1,1,1,36,7,-1,-1,-1,-1,4,E01008640,0,2
2024061417639,2024,061417639,1,9,0,-1,7,5,1,-1,0,1,0,0,0,0,4,1,-1,6,1,57,9,-1,-1,-1,-1,6,E01005987,0,2
2024010510621,2024,010510621,2,1,0,18,19,5,1,4,4,1,0,0,0,0,3,1,2,2,2,56,9,-1,-1,-1,-1,5,E01004733,0,1
2024010496504,2024,010496504,1,9,0,18,19,1,5,0,0,8,0,0,3,0,1,1,2,2,1,38,7,-1,-1,-1,-1,2,E01001551,0,1
2024351433127,2024,351433127,2,1,0,-1,-1,-1,-1,-1,-1,0,-1,-1,-1,0,-1,1,-1,2,2,57,9,-1,-1,-1,-1,7,E01035528,0,1
2024010495888,2024,010495888,1,19,0,18,19,5,1,4,4,1,0,12,0,0,1,2,1,1,1,24,5,-1,-1,-1,-1,-1,-1,0,-1
2024061527456,2024,061527456,1,1,0,-1,5,-1,-1,-1,99,3,5,0,0,0,4,1,-1,6,1,48,8,-1,-1,-1,-1,3,E01005712,0,1
2024340NN3142,2024,340NN3142,1,3,0,-1,19,7,3,-1,0,1,0,0,1,4,1,1,-1,6,1,17,4,-1,-1,-1,-1,2,E01026966,0,1
2024440548162,2024,440548162,2,9,0,3,3,7,3,0,0,0,0,0,0,0,2,1,6,6,2,62,9,-1,-1,-1,-1,10,E01022884,0,3