collision_index,collision_year,collision_ref_no,vehicle_reference,vehicle_type,towing_and_articulation,vehicle_manoeuvre_historic,vehicle_manoeuvre,vehicle_direction_from,vehicle_direction_to,vehicle_location_restricted_lane_historic,vehicle_location_restricted_lane,junction_location,skidding_and_overturning,hit_object_in_carriageway,vehicle_leaving_carriageway,hit_object_off_carriageway,first_point_of_impact,vehicle_left_hand_drive,journey_purpose_of_driver_historic,journey_purpose_of_driver,sex_of_driver,age_of_driver,age_band_of_driver,engine_capacity_cc,propulsion_code,age_of_vehicle,generic_make_model,driver_imd_decile,lsoa_of_driver,escooter_flag,driver_distance_banding
2024101488717,2024,101488717,1,9,0,-1,9,3,1,-1,0,8,0,0,0,0,0,9,-1,6,3,-1,-1,-1,-1,-1,-1,-1,-1,0,-1
2024430201272,2024,430201272,2,1,0,18,19,1,5,0,0,1,0,0,0,0,3,1,2,2,1,20,4,-1,-1,-1,-1,8,E01028506,0,1
2024430470161,2024,430470161,1,9,0,4,4,7,3,0,0,8,0,0,0,0,1,1,6,6,1,40,7,-1,-1,-1,-1,-1,-1,0,-1
2024221510367,2024,221510367,3,9,0,-1,19,3,7,-1,0,0,0,0,0,0,1,1,-1,6,1,57,9,-1,-1,-1,-1,5,E01028832,0,3
2024371548791,2024,371548791,2,1,0,-1,19,7,3,-1,0,1,0,0,0,0,4,1,-1,6,1,57,9,-1,-1,-1,-1,5,E01029990,0,1
2024302401103,2024,302401103,2,9,0,18,19,4,8,0,0,0,0,0,0,0,4,1,6,6,2,44,7,-1,-1,-1,-1,8,E01013558,0,1
2024501521153,2024,501521153,1,1,0,-1,19,5,1,-1,0,4,0,0,0,0,1,1,-1,6,1,56,9,-1,-1,-1,-1,2,E01015239,0,1
2024141502293,2024,141502293,1,1,0,-1,19,8,4,-1,9,1,0,0,0,0,1,1,-1,6,1,33,6,-1,-1,-1,-1,1,E01034238,0,2
2024061529236,2024,061529236,2,9,0,-1,4,8,5,-1,0,0,0,0,0,0,2,1,-1,2,2,39,7,-1,-1,-1,-1,9,E01004768,0,3
2024531429911,2024,531429911,1,9,-1,-1,11,7,3,-1,0,8,0,0,0,0,4,9,-1,6,3,-1,-1,-1,-1,-1,-1,-1,-1,0,-1
2024451479647,2024,451479647,3,9,0,-1,19,7,3,-1,0,0,0,0,0,0,3,9,-1,6,3,25,5,-1,-1,-1,-1,-1,-1,0,-1
2024451475739,2024,451475739,2,1,0,-1,19,1,5,-1,0,1,0,0,0,0,1,1,-1,9,1,60,9,-1,-1,-1,-1,3,E01004184,0,3
2024131475882,2024,131475882,1,97,0,-1,-1,-1,-1,-1,-1,0,-1,-1,-1,-1,-1,1,-1,6,3,-1,-1,-1,-1,-1,-1,-1,-1,0,-1
2024041469051,2024,041469051,2,1,0,-1,19,6,2,-1,0,0,5,0,1,11,3,1,-1,9,1,58,9,-1,-1,-1,-1,2,E01006307,0,3
2024010490483,2024,010490483,1,9,0,99,99,9,9,99,99,9,9,99,9,99,9,9,6,6,2,32,6,-1,-1,-1,-1,6,E01003833,0,1
2024010488476,2024,010488476,2,9,0,9,9,4,2,0,0,8,0,0,0,0,1,1,6,6,2,71,10,-1,-1,-1,-1,8,E01000253,0,1
2024010495184,2024,010495184,1,9,0,11,11,3,7,0,0,6,0,0,1,0,4,1,2,2,1,28,6,-1,-1,-1,-1,3,E01033943,0,1
2024340NN3272,2024,340NN3272,1,21,1,-1,12,7,3,-1,0,0,0,0,0,0,1,2,-1,1,1,30,6,-1,-1,-1,-1,9,E01026321,0,4
2024101460711,2024,101460711,1,9,0,-1,19,5,1,-1,0,8,0,0,0,0,1,9,-1,6,3,-1,-1,-1,-1,-1,-1,-1,-1,0,-1
2024302401362,2024,302401362,1,98,1,12,12,5,1,0,0,0,0,0,0,0,1,1,1,1,1,-1,-1,-1,-1,-1,-1,1,E01031057,0,4
2024010531080,2024,010531080,1,1,9,99,99,9,9,99,99,9,9,99,9,99,1,1,6,6,1,57,9,-1,-1,-1,-1,10,E01030329,0,3
2024351413159,2024,351413159,1,9,0,-1,-1,-1,-1,-1,-1,5,-1,-1,-1,0,-1,9,-1,6,3,-1,-1,-1,-1,-1,-1,-1,-1,0,-1
2024320007078,2024,320007078,1,19,0,-1,-1,4,8,0,0,0,0,0,0,0,1,1,-1,-1,1,70,10,-1,-1,-1,-1,4,E01026044,0,4
2024311460466,2024,311460466,2,1,0,-1,19,2,6,-1,0,8,0,0,0,0,1,1,-1,6,1,41,7,-1,-1,-1,-1,4,E01028098,0,1
2024161470648,2024,161470648,2,1,0,-1,19,8,4,-1,0,0,0,0,0,0,1,1,-1,6,1,17,4,-1,-1,-1,-1,1,E01012843,0,1
2024201465469,2024,201465469,1,9,0,-1,19,1,3,-1,0,8,0,0,0,0,1,9,-1,6,3,-1,-1,-1,-1,-1,-1,-1,-1,0,-1
2024010532276,2024,010532276,2,1,0,18,19,5,1,0,0,0,0,0,0,0,2,1,6,6,1,36,7,-1,-1,-1,-1,2,E01001976,0,2
2024320349501,2024,320349501,1,1,0,-1,-1,2,6,0,0,0,5,0,0,0,1,1,-1,-1,2,7,2,-1,-1,-1,-1,1,E01026094,0,1
2024010493512,2024,010493512,1,90,0,18,19,1,5,0,0,1,0,0,0,0,1,1,6,6,1,62,9,-1,-1,-1,-1,3,E01003960,0,1
2024311501835,2024,311501835,1,9,0,-1,19,5,1,-1,0,0,1,7,0,0,1,1,-1,6,2,19,4,-1,-1,-1,-1,4,E01028111,0,1
2024010504520,2024,010504520,1,1,9,99,99,9,9,99,99,1,9,99,9,99,9,1,2,2,1,33,6,-1,-1,-1,-1,2,E01003075,0,1
2024131421432,2024,131421432,2,9,0,-1,19,5,1,-1,0,8,0,0,0,0,1,1,-1,6,2,26,6,-1,-1,-1,-1,6,E01011574,0,1
2024552401103,2024,552401103,2,1,0,15,15,5,1,0,0,0,0,0,0,0,3,1,6,6,1,39,7,-1,-1,-1,-1,7,E01020495,0,1
2024010493588,2024,010493588,1,9,0,9,9,7,4,0,0,8,0,0,0,0,1,1,3,7,2,43,7,-1,-1,-1,-1,2,E01000086,0,1
2024520000784,2024,520000784,1,9,0,18,19,5,1,0,0,1,0,0,0,0,1,1,6,6,1,27,6,-1,-1,-1,-1,9,E01032052,0,3
2024522402887,2024,522402887,2,1,0,18,19,4,8,2,2,8,0,0,0,0,1,1,6,6,2,56,9,-1,-1,-1,-1,7,E01014648,0,1
2024010493963,2024,010493963,1,9,0,4,4,1,5,0,0,1,0,0,1,0,2,1,6,6,1,40,7,-1,-1,-1,-1,2,E01001800,0,1
2024010518878,2024,010518878,1,1,9,99,99,9,9,99,99,9,9,99,9,99,9,1,6,6,1,23,5,-1,-1,-1,-1,7,E01033489,0,2
2024131485758,2024,131485758,1,1,0,-1,19,2,6,-1,0,8,0,0,0,0,1,1,-1,6,1,59,9,-1,-1,-1,-1,4,E01011669,0,1
2024351403673,2024,351403673,1,9,0,-1,-1,-1,-1,-1,0,-1,0,0,0,0,-1,9,-1,6,3,-1,-1,-1,-1,-1,-1,-1,-1,0,-1
2024131461029,2024,131461029,1,9,0,-1,-1,-1,-1,-1,-1,0,-1,-1,-1,0,-1,1,-1,6,3,-1,-1,-1,-1,-1,-1,-1,-1,0,-1
2024451474944,2024,451474944,2,9,0,-1,19,3,7,-1,0,0,2,0,0,0,4,1,-1,6,1,56,9,-1,-1,-1,-1,9,E01030964,0,1
202454C463824,2024,54C463824,1,9,0,5,5,6,2,0,0,4,0,0,0,0,1,1,6,6,1,-1,-1,-1,-1,-1,-1,-1,-1,0,-1
2024471490711,2024,471490711,2,1,0,-1,19,8,4,-1,5,0,0,0,0,0,1,1,-1,9,1,59,9,-1,-1,-1,-1,8,E01016958,0,1
2024471415576,2024,471415576,1,9,0,-1,19,8,3,-1,0,1,0,0,0,0,1,1,-1,1,2,37,7,-1,-1,-1,-1,10,E01031641,0,1
2024332400049,2024,332400049,3,9,0,-1,2,0,0,-1,0,1,0,0,0,0,1,1,-1,6,3,-1,-1,-1,-1,-1,-1,-1,-1,0,-1
2024010492340,2024,010492340,2,11,0,18,19,1,5,0,0,1,0,0,0,0,2,1,1,1,1,60,9,-1,-1,-1,-1,5,E01016492,0,3
2024211534351,2024,211534351,1,9,0,-1,5,1,5,-1,9,0,0,0,0,0,1,9,-1,6,3,-1,-1,-1,-1,-1,-1,-1,-1,0,-1
2024211430656,2024,211430656,1,9,0,-1,19,1,5,-1,0,0,0,11,7,11,4,1,-1,1,2,53,8,-1,-1,-1,-1,-1,-1,0,-1
2024471453136,2024,471453136,4,98,0,-1,1,6,8,-1,0,0,0,0,0,0,0,9,-1,1,1,-1,-1,-1,-1,-1,-1,-1,-1,0,-1
2024041436999,2024,041436999,1,9,0,-1,19,2,2,-1,0,1,5,0,0,0,1,1,-1,2,1,20,4,-1,-1,-1,-1,1,E01025217,0,1
2024552500006,2024,552500006,1,9,0,7,7,2,4,0,0,8,0,0,0,0,3,1,6,6,1,56,9,-1,-1,-1,-1,6,E01032661,0,2
2024201405699,2024,201405699,1,9,0,-1,19,0,0,-1,0,1,0,10,0,0,3,1,-1,9,1,44,7,-1,-1,-1,-1,10,E01032140,0,1
2024010513505,2024,010513505,1,1,9,99,99,9,9,99,99,1,9,99,9,99,1,1,2,2,2,49,8,-1,-1,-1,-1,3,E01002403,0,2
2024543485724,2024,543485724,1,21,0,13,13,4,8,0,0,1,0,0,0,0,4,1,1,1,1,-1,-1,-1,-1,-1,-1,-1,-1,0,-1
2024522401850,2024,522401850,2,19,0,18,19,8,4,0,0,0,0,4,0,0,4,1,1,1,3,-1,-1,-1,-1,-1,-1,-1,-1,0,-1
2024522401669,2024,522401669,1,1,0,3,3,7,3,0,0,1,0,0,0,0,2,1,6,6,1,47,8,-1,-1,-1,-1,5,E01014532,0,1
2024520401189,2024,520401189,1,9,0,18,19,8,4,0,0,1,2,0,0,0,1,1,6,6,1,51,8,-1,-1,-1,-1,5,E01031611,0,5
2024361541342,2024,361541342,1,9,0,-1,19,5,1,-1,0,0,2,0,7,0,1,1,-1,9,1,23,5,-1,-1,-1,-1,6,E01026475,0,2
2024131424627,2024,131424627,1,9,0,-1,13,1,1,-1,0,0,0,0,0,0,1,1,-1,6,2,31,6,-1,-1,-1,-1,4,E01011876,0,4
2024010526926,2024,010526926,2,9,0,9,9,5,2,0,0,1,0,0,0,0,1,1,6,6,3,-1,-1,-1,-1,-1,-1,-1,-1,0,-1
2024131534297,2024,131534297,4,9,0,-1,19,5,1,-1,0,0,0,0,0,0,0,1,-1,6,-1,-1,-1,-1,-1,-1,-1,-1,-1,0,-1
2024010513418,2024,010513418,2,9,0,99,99,9,9,99,99,9,9,99,9,99,9,9,6,6,3,-1,-1,-1,-1,-1,-1,-1,-1,0,-1
2024010535835,2024,010535835,2,9,0,99,99,9,9,99,99,9,9,99,9,99,1,9,6,6,3,-1,-1,-1,-1,-1,-1,-1,-1,0,-1
2024010535136,2024,010535136,1,9,0,18,19,3,7,0,0,4,0,0,0,0,2,1,1,1,2,55,8,-1,-1,-1,-1,7,E01021505,0,4
2024340WN6072,2024,340WN6072,2,9,0,-1,19,7,3,-1,0,0,0,0,0,0,1,1,-1,9,2,21,5,-1,-1,-1,-1,9,E01027042,0,3
2024430391903,2024,430391903,1,21,2,18,19,1,5,0,0,0,0,0,7,0,1,1,2,2,1,69,10,-1,-1,-1,-1,-1,-1,0,-1
2024201564026,2024,201564026,2,1,0,-1,19,6,2,-1,0,8,0,0,0,0,1,1,-1,6,1,16,4,-1,-1,-1,-1,1,E01033650,0,1
2024471407839,2024,471407839,2,1,0,-1,19,3,7,-1,0,1,5,0,0,0,3,1,-1,9,1,60,9,-1,-1,-1,-1,8,E01031840,0,3
2024061454765,2024,061454765,1,1,0,-1,19,5,1,-1,9,6,0,0,0,0,1,1,-1,6,1,17,4,-1,-1,-1,-1,3,E01025065,0,4
2024311515255,2024,311515255,1,9,0,-1,19,7,3,-1,0,1,0,0,0,0,1,1,-1,6,2,32,6,-1,-1,-1,-1,9,E01013980,0,1
2024311444733,2024,311444733,1,9,0,-1,9,1,3,-1,0,8,0,0,0,0,3,2,-1,6,2,24,5,-1,-1,-1,-1,10,E01028365,0,2
2024041511823,2024,041511823,1,1,0,-1,19,1,5,-1,0,2,0,0,0,0,1,1,-1,6,1,13,3,-1,-1,-1,-1,10,E01025476,0,1
2024010525425,2024,010525425,1,9,0,18,19,3,7,0,0,0,0,4,0,0,1,1,6,6,1,52,8,-1,-1,-1,-1,9,E01000658,0,2
2024302400110,2024,302400110,1,9,0,16,19,4,8,0,0,0,5,0,8,1,1,1,6,6,1,31,6,-1,-1,-1,-1,1,E01005186,0,4
2024010502903,2024,010502903,2,1,0,5,5,7,3,0,0,1,0,0,0,0,2,1,2,2,2,48,8,-1,-1,-1,-1,3,E01001262,0,1
2024451505677,2024,451505677,2,9,0,-1,19,3,7,-1,0,0,0,0,0,0,3,1,-1,9,1,63,9,-1,-1,-1,-1,9,E01030391,0,3
2024141467257,2024,141467257,1,11,0,-1,19,-1,-1,-1,0,0,0,11,0,0,1,9,-1,1,3,-1,-1,-1,-1,-1,-1,-1,-1,0,-1
2024481566996,2024,481566996,1,1,0,-1,13,7,3,-1,0,0,0,0,0,0,3,1,-1,9,1,34,6,-1,-1,-1,-1,-1,-1,0,-1
2024201455991,2024,201455991,2,9,0,-1,19,4,8,-1,0,8,0,0,0,0,1,1,-1,6,3,-1,-1,-1,-1,-1,-1,-1,-1,0,-1
2024440153643,2024,440153643,2,1,0,18,19,1,5,0,0,8,0,0,0,0,4,1,6,6,1,20,4,-1,-1,-1,-1,1,E01017032,0,1
2024440247408,2024,440247408,1,-1,0,18,19,5,1,0,0,0,0,0,0,0,0,1,6,6,2,15,3,-1,-1,-1,-1,2,E01022655,1,1
2024351450174,2024,351450174,1,9,0,-1,9,5,3,-1,0,6,0,0,0,0,3,1,-1,6,1,57,9,-1,-1,-1,-1,6,E01034438,0,1
2024401441115,2024,401441115,2,1,0,-1,4,4,8,-1,0,1,0,0,0,0,4,1,-1,2,2,63,9,-1,-1,-1,-1,6,E01017616,0,2
2024340NN3942,2024,340NN3942,2,9,0,-1,19,3,7,-1,0,0,1,0,0,0,3,1,-1,9,2,42,7,-1,-1,-1,-1,7,E01027338,0,2
2024010492120,2024,010492120,4,9,0,18,19,7,3,0,0,0,0,4,0,0,1,1,6,6,1,46,8,-1,-1,-1,-1,7,E01030707,0,1
2024332400700,2024,332400700,2,1,0,-1,5,3,7,-1,0,0,0,0,0,0,3,1,-1,6,1,61,9,-1,-1,-1,-1,-1,-1,0,-1
2024231472386,2024,231472386,2,1,0,-1,19,7,3,-1,0,6,0,0,0,0,4,1,-1,2,2,21,5,-1,-1,-1,-1,5,E01031093,0,1
2024010521655,2024,010521655,1,1,9,99,99,9,9,99,99,9,9,99,9,99,9,1,2,2,1,24,5,-1,-1,-1,-1,8,E01001906,0,1
2024010542019,2024,010542019,2,1,0,15,15,1,5,0,0,8,0,0,0,0,3,1,2,2,1,42,7,-1,-1,-1,-1,4,E01001182,0,2
2024161438610,2024,161438610,2,19,9,-1,19,5,1,-1,0,0,9,99,9,0,1,9,-1,6,1,-1,-1,-1,-1,-1,-1,-1,-1,0,-1
2024052401988,2024,052401988,2,9,0,18,19,8,4,0,0,8,0,0,0,0,3,1,6,6,1,37,7,-1,-1,-1,-1,1,E01006585,0,1
2024041479924,2024,041479924,1,1,0,-1,19,7,3,-1,9,2,0,0,1,0,1,1,-1,6,1,37,7,-1,-1,-1,-1,1,E01012743,0,1
2024471478555,2024,471478555,1,23,0,-1,19,5,1,-1,9,0,0,0,0,0,1,1,-1,9,1,17,4,-1,-1,-1,-1,9,E01021208,0,1
2024991451214,2024,991451214,2,1,0,-1,19,8,5,-1,4,1,0,0,0,0,1,1,-1,6,1,45,7,-1,-1,-1,-1,8,-1,0,3
2024010488003,2024,010488003,1,9,0,99,99,9,9,99,99,0,9,99,9,99,1,1,6,6,2,27,6,-1,-1,-1,-1,5,E01002244,0,1
2024461418130,2024,461418130,3,9,0,-1,19,6,2,-1,0,0,0,0,0,0,1,9,-1,6,1,-1,-1,-1,-1,-1,-1,-1,-1,0,-1
2024010499895,2024,010499895,2,9,0,99,99,9,9,99,99,9,9,99,9,99,9,9,6,6,3,-1,-1,-1,-1,-1,-1,-1,-1,0,-1
2024340WN1882,2024,340WN1882,1,9,0,-1,9,5,3,-1,0,5,0,0,0,0,4,1,-1,6,1,21,5,-1,-1,-1,-1,9,E01027254,0,1
2024311455460,2024,311455460,1,9,0,-1,7,5,1,-1,0,0,0,0,0,0,2,1,-1,6,1,78,11,-1,-1,-1,-1,10,E01028198,0,1
2024010526066,2024,010526066,1,1,9,99,99,9,9,99,99,9,9,99,9,99,9,1,2,2,2,45,7,-1,-1,-1,-1,10,E01003401,0,1
2024471404546,2024,471404546,2,9,0,-1,9,1,7,-1,0,8,0,0,0,0,0,9,-1,6,3,-1,-1,-1,-1,-1,-1,-1,-1,0,-1
2024010499990,2024,010499990,2,1,0,18,19,1,5,0,0,8,0,0,0,0,1,1,6,6,1,18,4,-1,-1,-1,-1,3,E01003132,0,1
2024161495000,2024,161495000,1,1,0,-1,19,1,5,-1,0,3,2,0,0,0,1,1,-1,2,1,34,6,-1,-1,-1,-1,8,E01035470,0,1
2024201527655,2024,201527655,2,9,0,-1,19,8,4,-1,0,0,0,0,0,0,4,1,-1,6,1,-1,-1,-1,-1,-1,-1,-1,-1,0,-1
2024010543413,2024,010543413,1,1,9,99,99,9,9,99,99,9,9,99,9,99,2,1,6,6,1,24,5,-1,-1,-1,-1,9,E01001209,0,1
2024302400186,2024,302400186,2,9,0,18,19,2,6,0,0,8,5,0,1,11,1,1,6,6,1,56,9,-1,-1,-1,-1,6,E01019598,0,3
2024122400303,2024,122400303,2,1,0,18,19,4,8,0,0,1,0,0,0,0,1,1,1,1,2,37,7,-1,-1,-1,-1,7,E01013419,0,1
2024010504947,2024,010504947,2,9,0,9,9,7,5,0,0,1,0,0,0,0,1,1,6,6,3,-1,-1,-1,-1,-1,-1,-1,-1,0,-1
2024161401260,2024,161401260,1,1,0,-1,19,8,4,-1,0,0,0,0,0,0,3,1,-1,9,1,34,6,-1,-1,-1,-1,6,E01013276,0,1
2024010515505,2024,010515505,2,9,0,99,99,9,9,99,99,9,9,99,9,99,1,9,6,6,3,-1,-1,-1,-1,-1,-1,-1,-1,0,-1
2024161402477,2024,161402477,1,9,0,-1,19,1,5,-1,0,1,0,0,0,0,4,9,-1,6,1,-1,-1,-1,-1,-1,-1,-1,-1,0,-1
2024010491288,2024,010491288,2,3,0,18,19,7,3,0,0,1,0,0,0,0,3,1,2,2,1,60,9,-1,-1,-1,-1,9,E01000659,0,4
2024461474568,2024,461474568,2,9,0,-1,3,1,5,-1,0,1,0,0,0,0,0,1,-1,9,2,72,10,-1,-1,-1,-1,7,E01024317,0,1
2024501495170,2024,501495170,3,9,-1,-1,-1,-1,-1,-1,-1,3,0,0,3,0,0,9,-1,6,3,-1,-1,-1,-1,-1,-1,-1,-1,0,-1
2024340NN4232,2024,340NN4232,1,9,0,-1,8,7,3,-1,0,1,0,0,0,0,1,1,-1,9,1,78,11,-1,-1,-1,-1,-1,-1,0,-1
2024052400577,2024,052400577,1,9,0,18,19,5,1,0,0,0,0,0,0,0,1,1,6,6,3,-1,-1,-1,-1,-1,-1,-1,-1,0,-1
2024010492120,2024,010492120,3,9,0,18,19,7,3,0,0,0,0,4,0,0,1,1,6,6,2,31,6,-1,-1,-1,-1,6,E01002601,0,1
2024451487746,2024,451487746,2,1,0,-1,4,1,5,-1,9,1,0,0,0,0,3,1,-1,9,1,14,3,-1,-1,-1,-1,7,E01030648,0,1
2024311476876,2024,311476876,1,9,0,-1,19,1,5,-1,0,1,0,0,0,0,4,9,-1,6,3,-1,-1,-1,-1,-1,-1,-1,-1,0,-1
2024471458771,2024,471458771,2,1,0,-1,19,2,6,-1,0,1,0,0,0,0,1,1,-1,6,2,45,7,-1,-1,-1,-1,4,E01021101,0,1
2024991420008,2024,991420008,2,9,0,-1,19,1,6,-1,0,2,0,0,0,0,3,1,-1,9,2,64,9,-1,-1,-1,-1,8,-1,0,5
2024440267976,2024,440267976,1,-1,0,18,19,1,0,0,0,0,0,0,0,0,0,1,6,6,1,43,7,-1,-1,-1,-1,4,E01017073,1,1
2024010508675,2024,010508675,2,1,0,18,19,5,1,0,0,1,0,0,0,0,1,1,6,6,1,17,4,-1,-1,-1,-1,7,E01001075,0,1
2024041448414,2024,041448414,1,-1,0,-1,19,-1,-1,-1,0,1,0,0,0,0,-1,9,-1,6,2,8,2,-1,-1,-1,-1,2,E01025274,1,1
2024010514573,2024,010514573,2,9,0,16,19,3,5,99,99,4,0,0,1,99,4,9,6,6,1,-1,-1,-1,-1,-1,-1,-1,-1,0,-1
2024332401185,2024,332401185,3,9,0,-1,19,5,1,-1,0,1,0,0,0,0,-1,1,-1,6,3,-1,-1,-1,-1,-1,-1,-1,-1,0,-1
2024501485173,2024,501485173,3,19,0,-1,6,7,7,-1,0,2,0,0,0,0,0,1,-1,6,3,-1,-1,-1,-1,-1,-1,-1,-1,0,-1
2024340WN0922,2024,340WN0922,1,9,0,-1,9,5,1,-1,0,6,0,0,3,10,1,1,-1,9,2,51,8,-1,-1,-1,-1,2,E01027242,0,1
2024061426720,2024,061426720,1,1,0,-1,19,-1,-1,-1,0,1,0,0,0,0,1,1,-1,2,2,44,7,-1,-1,-1,-1,2,E01005122,0,1
2024201467408,2024,201467408,1,9,0,-1,19,2,6,-1,9,0,1,7,0,0,1,1,-1,6,1,20,4,-1,-1,-1,-1,2,E01011157,0,5
2024231501606,2024,231501606,1,19,0,-1,19,4,8,-1,0,0,0,0,0,0,1,9,-1,2,1,27,6,-1,-1,-1,-1,3,E01009947,0,4
2024101472442,2024,101472442,3,9,0,-1,12,4,8,-1,0,0,0,0,0,0,3,1,-1,6,3,16,4,-1,-1,-1,-1,-1,-1,0,-1
2024052402027,2024,052402027,1,9,0,18,19,2,7,0,0,1,0,0,0,0,1,1,6,6,3,-1,-1,-1,-1,-1,-1,-1,-1,0,-1
2024361529513,2024,361529513,2,9,0,-1,2,0,0,-1,0,0,0,0,0,0,2,1,-1,6,-1,-1,-1,-1,-1,-1,-1,-1,-1,0,-1
2024061458227,2024,061458227,3,9,0,-1,19,7,3,-1,0,2,0,0,0,0,1,1,-1,9,2,54,8,-1,-1,-1,-1,8,E01005575,0,1
2024161474193,2024,161474193,1,-1,0,-1,19,1,5,-1,0,0,0,0,0,0,4,9,-1,6,2,17,4,-1,-1,-1,-1,1,E01012877,1,1
2024010494781,2024,010494781,2,9,0,18,19,7,3,0,0,1,0,0,0,0,1,1,2,2,1,43,7,-1,-1,-1,-1,2,E01024306,0,4
2024010495842,2024,010495842,2,9,0,99,99,9,9,99,99,9,9,99,9,99,9,9,6,6,3,-1,-1,-1,-1,-1,-1,-1,-1,0,-1
2024440287900,2024,440287900,2,-1,0,8,8,3,7,0,0,1,0,0,0,0,1,1,1,1,1,26,6,-1,-1,-1,-1,10,E01022741,1,1
2024010493724,2024,010493724,2,1,0,18,19,4,8,0,0,0,0,0,1,0,2,1,2,2,1,35,6,-1,-1,-1,-1,2,E01002545,0,2
2024141458795,2024,141458795,2,9,0,-1,4,6,2,-1,0,4,0,0,0,0,1,1,-1,9,1,28,6,-1,-1,-1,-1,1,E01027976,0,4
2024430407415,2024,430407415,1,9,0,18,19,8,4,0,0,7,1,0,0,0,1,1,2,2,1,26,6,-1,-1,-1,-1,6,E01016467,0,1
2024991435737,2024,991435737,2,1,0,-1,19,7,3,-1,0,8,5,0,0,0,1,1,-1,1,1,58,9,-1,-1,-1,-1,6,-1,0,2
2024440189125,2024,440189125,2,1,0,18,19,1,5,9,9,1,0,0,0,0,1,1,6,6,1,16,4,-1,-1,-1,-1,4,E01017090,0,1
2024552401031,2024,552401031,2,1,0,18,19,4,8,0,0,8,0,0,0,0,3,1,6,6,1,43,7,-1,-1,-1,-1,9,E01015325,0,1
2024010551071,2024,010551071,2,1,9,99,99,9,9,99,99,9,9,99,9,99,1,1,6,6,3,-1,-1,-1,-1,-1,-1,9,E01003834,0,1
2024131525193,2024,131525193,2,1,0,-1,19,5,1,-1,0,1,0,0,0,0,1,1,-1,1,1,27,6,-1,-1,-1,-1,-1,-1,0,-1
2024052401927,2024,052401927,3,9,0,2,2,0,0,0,0,8,0,0,0,0,1,1,6,6,3,-1,-1,-1,-1,-1,-1,-1,-1,0,-1
2024231521537,2024,231521537,2,9,0,-1,19,2,5,-1,0,3,0,0,0,0,4,1,-1,9,1,40,7,-1,-1,-1,-1,7,E01031041,0,2
2024201427051,2024,201427051,1,9,0,-1,10,3,1,-1,0,1,0,0,0,0,1,1,-1,6,1,-1,-1,-1,-1,-1,-1,-1,-1,0,-1
2024991396280,2024,991396280,2,9,0,-1,19,2,7,-1,0,0,0,0,0,0,4,1,-1,9,2,40,7,-1,-1,-1,-1,-1,-1,0,-1
2024201441527,2024,201441527,1,1,0,-1,19,1,5,-1,0,8,0,0,0,0,1,1,-1,6,1,30,6,-1,-1,-1,-1,-1,-1,0,-1
2024111456865,2024,111456865,1,19,0,-1,19,4,8,-1,0,0,0,0,0,0,1,1,-1,6,3,-1,-1,-1,-1,-1,-1,-1,-1,0,-1
2024070164354,2024,070164354,1,9,0,18,19,7,3,0,0,0,0,0,0,0,3,1,2,2,1,40,7,-1,-1,-1,-1,2,E01012482,0,1
2024161482491,2024,161482491,2,9,0,-1,9,2,8,-1,0,0,0,0,0,0,1,1,-1,1,1,25,5,-1,-1,-1,-1,10,E01013088,0,3
2024161402804,2024,161402804,2,1,0,-1,19,5,1,-1,0,8,0,0,0,0,1,1,-1,6,2,41,7,-1,-1,-1,-1,1,E01013312,0,1
2024010527699,2024,010527699,1,9,0,18,19,4,8,0,0,6,0,0,0,0,4,1,6,6,1,38,7,-1,-1,-1,-1,9,E01001107,0,1
2024451432299,2024,451432299,2,9,0,-1,4,1,5,-1,0,8,0,0,0,0,1,1,-1,9,2,27,6,-1,-1,-1,-1,9,E01031730,0,1
2024421504294,2024,421504294,3,9,0,-1,-1,-1,-1,-1,-1,0,-1,-1,-1,0,-1,9,-1,6,3,-1,-1,-1,-1,-1,-1,-1,-1,0,-1
2024101431344,2024,101431344,1,9,0,-1,9,5,3,-1,0,1,0,0,0,0,4,1,-1,9,2,20,4,-1,-1,-1,-1,1,E01008590,0,1
2024010531916,2024,010531916,1,1,0,13,13,1,5,0,0,0,0,0,0,0,4,1,6,6,1,31,6,-1,-1,-1,-1,4,E01000900,0,2
2024430436133,2024,430436133,2,11,0,3,3,3,4,0,0,0,0,0,0,0,0,1,1,1,3,-1,-1,-1,-1,-1,-1,-1,-1,0,-1
2024010510321,2024,010510321,2,9,0,99,99,9,9,99,99,9,9,99,9,99,9,9,6,6,3,-1,-1,-1,-1,-1,-1,-1,-1,0,-1
2024041428670,2024,041428670,1,9,0,-1,5,6,2,-1,0,1,0,0,0,0,1,1,-1,9,2,60,9,-1,-1,-1,-1,4,E01025394,0,2
2024991422567,2024,991422567,1,11,0,-1,19,5,1,-1,0,0,0,0,0,0,4,2,-1,1,1,49,8,-1,-1,-1,-1,-1,-1,0,-1
2024320385980,2024,320385980,2,20,0,-1,-1,5,1,0,0,8,0,0,0,0,4,1,-1,-1,1,82,11,-1,-1,-1,-1,7,E01026236,0,4
2024010493545,2024,010493545,2,97,9,99,99,9,9,99,99,9,9,99,9,99,9,1,6,6,3,-1,-1,-1,-1,-1,-1,-1,-1,0,-1
2024320340987,2024,320340987,2,9,0,-1,-1,8,4,0,0,0,0,0,0,0,1,1,6,6,1,77,11,-1,-1,-1,-1,7,E01011591,0,5
2024546603724,2024,546603724,2,1,0,18,19,4,8,0,0,8,0,0,0,0,4,1,6,6,1,45,7,-1,-1,-1,-1,9,E01032034,0,2
2024010543262,2024,010543262,3,19,0,3,3,5,1,0,0,1,0,0,0,0,2,1,2,2,1,36,7,-1,-1,-1,-1,-1,-1,0,-1
2024161403453,2024,161403453,2,1,0,-1,19,2,6,-1,0,4,0,0,0,0,1,1,-1,6,1,42,7,-1,-1,-1,-1,-1,-1,0,-1
2024010526882,2024,010526882,2,1,0,4,4,7,3,5,5,1,0,0,0,0,1,1,2,2,1,25,5,-1,-1,-1,-1,9,E01002960,0,1
2024041422930,2024,041422930,1,1,0,-1,19,3,7,-1,0,1,0,0,0,0,1,1,-1,6,1,28,6,-1,-1,-1,-1,2,E01012623,0,1