collision_index,collision_year,collision_ref_no,vehicle_reference,vehicle_type,towing_and_articulation,vehicle_manoeuvre_historic,vehicle_manoeuvre,vehicle_direction_from,vehicle_direction_to,vehicle_location_restricted_lane_historic,vehicle_location_restricted_lane,junction_location,skidding_and_overturning,hit_object_in_carriageway,vehicle_leaving_carriageway,hit_object_off_carriageway,first_point_of_impact,vehicle_left_hand_drive,journey_purpose_of_driver_historic,journey_purpose_of_driver,sex_of_driver,age_of_driver,age_band_of_driver,engine_capacity_cc,propulsion_code,age_of_vehicle,generic_make_model,driver_imd_decile,lsoa_of_driver,escooter_flag,driver_distance_banding
2024161474341,2024,161474341,2,19,0,-1,2,0,0,-1,0,0,0,0,0,0,3,1,-1,6,-1,-1,-1,-1,-1,-1,-1,-1,-1,0,-1
2024010488636,2024,010488636,1,9,0,4,4,1,5,0,0,0,0,0,0,0,1,1,6,6,2,71,10,-1,-1,-1,-1,9,E01002417,0,1
2024361479971,2024,361479971,2,1,0,-1,19,5,4,-1,0,3,0,0,0,0,3,1,-1,2,2,25,5,-1,-1,-1,-1,1,E01026800,0,1
2024991410867,2024,991410867,1,9,0,-1,19,5,1,-1,0,0,0,0,0,0,1,1,-1,6,1,20,4,-1,-1,-1,-1,6,-1,0,3
202460Q068831,2024,60Q068831,2,1,0,18,19,3,7,0,0,0,0,0,1,11,3,1,6,6,1,73,10,-1,-1,-1,-1,-1,-1,0,-1
2024010549958,2024,010549958,1,9,0,99,99,9,9,99,99,9,9,99,9,99,9,9,6,6,1,23,5,-1,-1,-1,-1,3,E01001365,0,1
2024010523631,2024,010523631,2,1,0,9,9,1,7,0,0,8,0,0,0,0,4,1,2,2,1,35,6,-1,-1,-1,-1,2,E01004311,0,1
2024340WN7332,2024,340WN7332,1,9,0,-1,19,5,1,-1,0,2,0,0,0,0,1,1,-1,6,1,32,6,-1,-1,-1,-1,-1,-1,0,-1
2024991513979,2024,991513979,1,9,0,-1,2,0,0,-1,0,2,0,0,0,0,2,2,-1,1,1,36,7,-1,-1,-1,-1,8,-1,0,1
2024161428833,2024,161428833,2,9,0,-1,5,3,7,-1,0,6,0,0,0,0,4,1,-1,6,3,34,6,-1,-1,-1,-1,-1,-1,0,-1
2024411534332,2024,411534332,1,9,0,-1,4,1,1,-1,0,1,0,0,0,0,1,1,-1,9,2,-1,-1,-1,-1,-1,-1,3,E01023573,0,2
2024991413428,2024,991413428,2,1,0,-1,19,7,3,-1,0,0,0,0,0,0,3,1,-1,6,1,49,8,-1,-1,-1,-1,-1,-1,0,-1
2024471506230,2024,471506230,2,9,0,-1,2,0,0,-1,0,0,0,0,0,0,2,1,-1,6,-1,-1,-1,-1,-1,-1,-1,-1,-1,0,-1
2024010550845,2024,010550845,1,9,0,99,99,9,9,99,99,9,9,99,9,99,1,9,6,6,3,-1,-1,-1,-1,-1,-1,-1,-1,0,-1
2024041454088,2024,041454088,2,1,0,-1,9,1,7,-1,0,1,0,0,0,0,2,1,-1,6,1,11,3,-1,-1,-1,-1,6,E01025144,0,1
2024461528234,2024,461528234,1,9,0,-1,19,7,3,-1,0,0,0,0,0,0,1,9,-1,1,3,-1,-1,-1,-1,-1,-1,-1,-1,0,-1
2024401419375,2024,401419375,2,9,0,-1,5,1,7,-1,0,8,0,0,0,0,3,1,-1,9,1,35,6,-1,-1,-1,-1,2,E01015754,0,1
2024010509796,2024,010509796,2,1,0,18,19,5,1,0,0,0,0,0,0,0,1,1,6,6,2,46,8,-1,-1,-1,-1,8,E01003860,0,2
2024010487752,2024,010487752,1,11,0,99,99,9,9,99,99,9,9,99,9,99,9,9,6,6,3,-1,-1,-1,-1,-1,-1,-1,-1,0,-1
2024010493901,2024,010493901,1,9,0,17,19,1,5,0,0,8,0,0,0,0,1,1,6,6,2,31,6,-1,-1,-1,-1,5,E01021443,0,1
2024010487445,2024,010487445,2,9,0,3,3,2,6,0,0,1,0,0,0,0,2,1,6,6,1,21,5,-1,-1,-1,-1,9,E01003901,0,1
2024461467715,2024,461467715,1,9,0,-1,9,1,3,-1,0,8,0,0,0,0,1,1,-1,9,2,37,7,-1,-1,-1,-1,2,E01023974,0,1
2024520401951,2024,520401951,2,1,0,18,19,2,1,0,0,8,0,0,0,0,1,1,6,6,1,12,3,-1,-1,-1,-1,6,E01029218,0,1
2024552400354,2024,552400354,1,9,0,18,19,8,4,0,0,0,0,0,0,0,1,1,6,6,2,30,6,-1,-1,-1,-1,9,E01020369,0,1
2024010549514,2024,010549514,2,9,0,99,99,9,9,99,99,9,9,99,9,99,1,9,6,6,3,-1,-1,-1,-1,-1,-1,-1,-1,0,-1
202417L206224,2024,17L206224,1,1,0,-1,19,4,8,-1,0,8,0,0,0,0,3,1,-1,9,1,50,8,-1,-1,-1,-1,-1,-1,0,-1
2024411430107,2024,411430107,2,1,0,-1,19,8,4,-1,0,1,0,0,0,0,2,1,-1,9,1,33,6,-1,-1,-1,-1,6,E01035564,0,2
2024552400359,2024,552400359,1,9,0,9,9,5,3,0,0,5,0,0,0,0,1,1,6,6,1,75,10,-1,-1,-1,-1,3,E01020502,0,1
2024311475286,2024,311475286,2,1,0,-1,19,3,1,-1,0,8,0,0,0,0,2,1,-1,6,1,69,10,-1,-1,-1,-1,4,E01013534,0,3
202460Q095342,2024,60Q095342,2,9,0,9,9,1,7,0,0,2,0,0,0,0,1,1,6,6,1,74,10,-1,-1,-1,-1,-1,-1,0,-1
2024010513314,2024,010513314,1,1,9,99,99,9,9,99,99,0,9,99,9,99,9,1,2,2,3,30,6,-1,-1,-1,-1,7,E01004512,0,2
2024991530808,2024,991530808,2,97,0,-1,19,7,7,-1,0,6,0,0,0,0,1,1,-1,6,1,34,6,-1,-1,-1,-1,10,-1,0,3
2024070809942,2024,070809942,2,21,1,-1,19,5,1,-1,0,0,0,0,0,0,3,2,-1,1,1,55,8,-1,-1,-1,-1,-1,-1,0,-1
2024010526375,2024,010526375,1,9,0,4,4,1,5,0,0,1,0,0,0,0,2,1,6,6,1,67,10,-1,-1,-1,-1,10,E01017801,0,4
2024531416392,2024,531416392,2,1,0,-1,3,1,5,-1,0,0,0,0,0,0,4,1,-1,6,2,35,6,-1,-1,-1,-1,6,E01022400,0,1
2024361518814,2024,361518814,2,1,0,-1,19,-1,-1,-1,99,0,0,99,0,0,2,1,-1,2,1,29,6,-1,-1,-1,-1,2,E01026791,0,1
2024522402816,2024,522402816,1,1,0,18,19,7,3,0,0,8,0,10,7,1,3,1,6,6,1,23,5,-1,-1,-1,-1,7,E01014907,0,1
2024010537040,2024,010537040,1,9,3,18,19,7,3,9,9,2,1,10,1,4,3,1,6,6,1,34,6,-1,-1,-1,-1,-1,-1,0,-1
2024430252322,2024,430252322,3,9,0,2,2,0,0,0,0,2,0,0,0,0,2,1,6,6,1,59,9,-1,-1,-1,-1,10,E01033966,0,1
2024010496103,2024,010496103,2,98,0,99,99,9,9,99,99,9,9,99,9,99,9,9,6,6,3,43,7,-1,-1,-1,-1,4,E01000957,0,1
2024421534841,2024,421534841,1,9,0,-1,19,1,5,-1,0,0,0,0,0,0,4,1,-1,6,3,-1,-1,-1,-1,-1,-1,-1,-1,0,-1
2024141529487,2024,141529487,2,98,0,-1,19,5,4,-1,0,0,0,0,0,0,1,9,-1,6,3,-1,-1,-1,-1,-1,-1,-1,-1,0,-1
2024010488602,2024,010488602,1,3,0,99,99,9,9,99,99,9,9,99,9,99,9,1,1,1,1,43,7,-1,-1,-1,-1,3,E01001969,0,1
2024010543271,2024,010543271,2,9,0,99,99,9,9,99,99,0,9,99,9,99,1,9,6,6,3,-1,-1,-1,-1,-1,-1,-1,-1,0,-1
2024131394929,2024,131394929,1,9,0,-1,19,5,1,-1,0,1,0,0,0,0,1,1,-1,1,1,30,6,-1,-1,-1,-1,3,E01011037,0,2
2024201482413,2024,201482413,2,8,0,-1,19,4,8,-1,0,8,0,0,0,0,1,1,-1,6,3,-1,-1,-1,-1,-1,-1,-1,-1,0,-1
2024010487478,2024,010487478,2,19,9,99,99,9,9,99,99,9,9,99,9,99,9,1,6,6,1,28,6,-1,-1,-1,-1,3,E01002502,0,1
2024010497598,2024,010497598,1,1,9,99,99,9,9,99,99,9,9,99,9,99,9,1,2,2,1,58,9,-1,-1,-1,-1,7,E01003643,0,2
2024010502984,2024,010502984,1,9,9,1,1,5,1,0,0,2,9,99,9,99,9,1,6,6,2,47,8,-1,-1,-1,-1,8,E01001224,0,1
2024041478539,2024,041478539,3,1,0,-1,19,1,5,-1,0,0,2,0,0,0,2,1,-1,9,1,21,5,-1,-1,-1,-1,5,E01004936,0,2
2024430069025,2024,430069025,2,9,0,3,3,4,8,0,0,1,0,0,0,0,2,1,1,1,2,37,7,-1,-1,-1,-1,6,E01016719,0,1
2024052401208,2024,052401208,2,1,0,18,19,2,6,0,0,1,0,0,0,0,3,1,6,6,1,56,9,-1,-1,-1,-1,8,E01006928,0,1
2024141520874,2024,141520874,1,9,0,-1,4,3,7,-1,0,0,0,0,0,0,0,1,-1,6,-1,-1,-1,-1,-1,-1,-1,-1,-1,0,-1
2024010536361,2024,010536361,1,9,0,9,9,4,3,0,0,2,0,0,0,0,1,1,6,6,3,-1,-1,-1,-1,-1,-1,-1,-1,0,-1
2024522402625,2024,522402625,2,98,0,16,19,4,8,0,0,8,0,0,0,0,0,1,6,6,3,-1,-1,-1,-1,-1,-1,-1,-1,0,-1
2024010520044,2024,010520044,1,1,9,99,99,9,9,99,99,0,9,99,9,99,1,1,6,6,1,22,5,-1,-1,-1,-1,4,E01001153,0,1
2024991404119,2024,991404119,1,9,0,-1,12,7,3,-1,0,0,0,0,0,0,0,9,-1,6,3,40,7,-1,-1,-1,-1,-1,-1,0,-1
2024501450781,2024,501450781,1,19,0,-1,12,3,7,-1,0,0,0,0,0,0,0,1,-1,6,3,-1,-1,-1,-1,-1,-1,-1,-1,0,-1
2024010532984,2024,010532984,1,1,9,99,99,9,9,99,99,9,9,99,9,99,9,1,6,6,1,-1,-1,-1,-1,-1,-1,2,E01004321,0,1
2024010542828,2024,010542828,2,1,9,99,99,9,9,99,99,9,9,99,9,99,9,1,2,2,1,36,7,-1,-1,-1,-1,3,E01004471,0,1
2024302401693,2024,302401693,2,1,0,18,19,2,6,0,0,2,0,0,0,0,0,1,6,6,3,-1,-1,-1,-1,-1,-1,5,E01019456,0,3
2024010492655,2024,010492655,2,19,0,99,99,9,9,99,99,9,9,99,9,99,9,9,6,6,3,-1,-1,-1,-1,-1,-1,-1,-1,0,-1
2024010497313,2024,010497313,1,97,0,99,99,9,9,99,99,9,9,99,9,99,1,1,6,6,1,18,4,-1,-1,-1,-1,10,E01000276,0,1
2024010542578,2024,010542578,1,9,0,18,19,7,3,0,0,1,0,0,0,0,1,1,6,6,1,71,10,-1,-1,-1,-1,4,E01001359,0,1
2024520403060,2024,520403060,2,9,0,18,19,7,3,0,0,0,0,0,0,0,4,1,6,6,3,-1,-1,-1,-1,-1,-1,-1,-1,0,-1
2024411460777,2024,411460777,1,9,0,-1,5,8,4,-1,0,5,0,0,0,0,1,1,-1,6,1,58,9,-1,-1,-1,-1,6,E01023765,0,1
2024031498572,2024,031498572,1,8,-1,-1,19,5,1,-1,0,-1,0,0,0,0,4,9,-1,6,3,-1,-1,-1,-1,-1,-1,-1,-1,0,-1
2024041429509,2024,041429509,2,1,0,-1,19,3,7,-1,0,0,0,0,0,0,3,1,-1,7,1,15,3,-1,-1,-1,-1,1,E01025290,0,1
2024010518808,2024,010518808,1,97,9,99,99,9,9,99,99,0,9,99,9,99,9,1,6,6,3,-1,-1,-1,-1,-1,-1,-1,-1,0,-1
2024061458889,2024,061458889,2,1,0,-1,19,4,2,-1,0,0,0,0,0,0,2,1,-1,9,1,36,7,-1,-1,-1,-1,1,E01033330,0,1
2024311494831,2024,311494831,2,1,0,-1,19,1,5,-1,0,1,0,0,0,0,1,1,-1,2,2,25,5,-1,-1,-1,-1,-1,-1,0,-1
2024010523536,2024,010523536,2,9,0,99,99,9,9,99,99,0,9,99,9,99,1,9,6,6,3,-1,-1,-1,-1,-1,-1,-1,-1,0,-1
2024631505202,2024,631505202,3,9,0,-1,19,1,5,-1,0,1,0,0,0,0,0,1,-1,6,2,70,10,-1,-1,-1,-1,5,W01000539,0,1
2024552400687,2024,552400687,1,-1,0,9,9,2,8,0,0,1,0,0,0,0,1,1,6,6,2,12,3,-1,-1,-1,-1,7,E01015324,1,1
2024010549919,2024,010549919,2,19,0,99,99,9,9,99,99,9,9,99,9,99,1,9,6,6,3,-1,-1,-1,-1,-1,-1,2,E01004204,0,1
2024041474956,2024,041474956,1,98,0,-1,19,1,5,-1,0,0,0,0,0,0,-1,9,-1,6,3,-1,-1,-1,-1,-1,-1,-1,-1,0,-1
2024031402540,2024,031402540,1,-1,0,-1,19,3,6,-1,0,1,0,0,0,0,1,1,-1,6,1,10,2,-1,-1,-1,-1,1,E01019245,1,1
2024010525792,2024,010525792,2,9,0,99,99,9,9,0,0,9,9,99,9,99,1,9,6,6,3,-1,-1,-1,-1,-1,-1,-1,-1,0,-1
2024010491131,2024,010491131,1,9,0,99,99,9,9,99,99,0,9,99,9,99,2,9,6,6,1,64,9,-1,-1,-1,-1,9,E01000753,0,1
2024201439459,2024,201439459,1,9,0,-1,5,1,5,-1,0,0,0,0,0,0,1,1,-1,6,-1,-1,-1,-1,-1,-1,-1,-1,-1,0,-1
2024332400831,2024,332400831,2,1,0,-1,19,6,2,-1,0,0,0,0,2,0,3,1,-1,2,1,53,8,-1,-1,-1,-1,1,E01025699,0,1
2024010495238,2024,010495238,1,19,0,9,9,5,3,0,0,1,0,0,0,0,3,1,6,6,1,57,9,-1,-1,-1,-1,2,E01015735,0,4
2024332400230,2024,332400230,1,9,0,-1,3,5,1,-1,9,6,0,0,0,0,4,1,-1,2,2,43,7,-1,-1,-1,-1,7,E01025674,0,3
2024522403208,2024,522403208,1,9,0,7,7,1,4,0,0,6,0,0,0,0,1,1,6,6,1,34,6,-1,-1,-1,-1,6,E01014960,0,1
2024610049924,2024,610049924,1,23,0,18,19,5,1,0,0,0,0,4,0,0,1,1,6,6,1,33,6,-1,-1,-1,-1,4,W01001973,0,1
2024991503922,2024,991503922,2,1,0,-1,19,5,1,-1,0,8,0,0,0,0,3,1,-1,2,1,42,7,-1,-1,-1,-1,10,-1,0,2
2024010493665,2024,010493665,2,9,0,18,19,3,7,0,0,0,0,0,0,0,1,1,6,6,1,58,9,-1,-1,-1,-1,4,E01000035,0,1
2024161513498,2024,161513498,2,1,0,-1,19,3,7,-1,0,8,2,0,0,0,4,1,-1,6,1,11,3,-1,-1,-1,-1,4,E01013280,0,1
2024201530017,2024,201530017,1,9,0,-1,19,6,2,-1,0,8,0,0,0,0,4,1,-1,2,2,31,6,-1,-1,-1,-1,7,E01010138,0,1
2024010539161,2024,010539161,1,1,0,18,19,1,5,0,0,0,0,4,0,0,3,1,6,6,1,31,6,-1,-1,-1,-1,3,E01035495,0,1
2024411432966,2024,411432966,2,98,1,-1,19,1,5,-1,0,0,0,0,0,0,2,2,-1,1,1,40,7,-1,-1,-1,-1,-1,-1,0,-1
2024052402257,2024,052402257,1,-1,0,18,19,4,8,0,0,1,0,0,0,0,1,1,6,6,1,12,3,-1,-1,-1,-1,9,E01006796,1,1
2024411538148,2024,411538148,2,9,0,-1,10,1,5,-1,0,1,0,0,0,0,3,1,-1,6,1,61,9,-1,-1,-1,-1,7,E01023445,0,1
2024010501761,2024,010501761,2,9,0,99,99,9,9,99,99,5,9,99,9,99,1,9,6,6,3,-1,-1,-1,-1,-1,-1,3,E01004563,0,1
2024520403227,2024,520403227,1,9,0,18,19,2,6,0,0,2,0,0,0,0,4,1,6,6,3,-1,-1,-1,-1,-1,-1,-1,-1,0,-1
2024311395500,2024,311395500,2,9,0,-1,9,2,8,-1,0,8,0,0,0,0,4,1,-1,6,2,54,8,-1,-1,-1,-1,10,E01013465,0,4
2024430015267,2024,430015267,2,9,0,4,4,8,4,0,0,0,0,0,0,0,2,1,3,7,2,21,5,-1,-1,-1,-1,8,E01017692,0,3
2024141436038,2024,141436038,2,1,0,-1,19,1,5,-1,0,1,0,0,0,0,1,1,-1,2,1,29,6,-1,-1,-1,-1,4,E01008136,0,1
2024010532596,2024,010532596,2,1,0,15,15,5,1,9,9,1,1,0,0,0,1,1,2,2,2,25,5,-1,-1,-1,-1,2,E01004306,0,1
2024122400523,2024,122400523,1,21,1,18,19,1,5,0,0,8,0,0,0,0,3,1,6,6,3,-1,-1,-1,-1,-1,-1,-1,-1,0,-1
2024070024623,2024,070024623,2,9,0,18,19,3,7,0,0,0,0,0,0,0,2,1,6,6,1,77,11,-1,-1,-1,-1,10,E01018533,0,3
2024421404127,2024,421404127,2,1,0,-1,19,7,3,-1,0,0,0,0,0,0,4,1,-1,6,1,58,9,-1,-1,-1,-1,4,E01021602,0,1
2024010526170,2024,010526170,1,1,0,18,19,6,2,0,0,1,0,0,1,0,1,1,6,6,1,46,8,-1,-1,-1,-1,-1,-1,0,-1
2024522500358,2024,522500358,3,9,0,2,2,0,0,0,0,0,0,0,0,0,3,1,6,6,3,-1,-1,-1,-1,-1,-1,-1,-1,0,-1
2024201437879,2024,201437879,3,99,0,-1,15,2,6,-1,0,1,0,0,0,0,1,9,-1,9,3,-1,-1,-1,-1,-1,-1,-1,-1,0,-1
2024010501112,2024,010501112,1,1,0,99,99,9,9,99,99,9,9,99,9,99,2,1,6,6,1,25,5,-1,-1,-1,-1,5,E01002307,0,3
2024440070695,2024,440070695,1,9,0,18,19,1,5,0,0,2,0,0,0,0,1,1,6,6,3,-1,-1,-1,-1,-1,-1,-1,-1,0,-1
2024010535240,2024,010535240,1,11,0,99,99,9,9,99,99,9,0,0,0,0,1,1,6,6,3,-1,-1,-1,-1,-1,-1,-1,-1,0,-1
2024010526039,2024,010526039,1,1,9,99,99,9,9,99,99,9,9,99,9,99,1,1,2,2,1,28,6,-1,-1,-1,-1,3,E01003050,0,1
2024010540288,2024,010540288,1,1,0,18,19,7,3,4,4,1,0,0,0,0,1,1,6,6,1,24,5,-1,-1,-1,-1,-1,-1,0,-1
2024010521082,2024,010521082,1,1,0,15,15,1,5,3,2,0,0,8,0,0,1,1,2,2,1,58,9,-1,-1,-1,-1,5,E01003953,0,1
2024522401795,2024,522401795,2,9,0,5,5,3,7,0,0,4,0,0,0,0,1,1,6,6,1,-1,-1,-1,-1,-1,-1,-1,-1,0,-1
2024351467965,2024,351467965,2,98,1,-1,3,3,7,-1,0,0,0,0,0,0,2,1,-1,1,1,28,6,-1,-1,-1,-1,-1,-1,0,-1
2024991534781,2024,991534781,1,1,0,-1,9,4,2,-1,0,4,0,0,0,0,3,1,-1,9,1,67,10,-1,-1,-1,-1,1,-1,0,1
2024320381942,2024,320381942,1,9,0,18,19,1,5,0,0,1,0,0,1,1,1,1,-1,-1,2,75,10,-1,-1,-1,-1,6,E01026239,0,3
2024340WN5092,2024,340WN5092,1,-1,0,-1,19,3,7,-1,0,0,0,0,0,0,1,1,-1,6,1,12,3,-1,-1,-1,-1,5,E01027247,1,1
2024501472295,2024,501472295,2,9,0,-1,4,3,1,-1,0,0,0,0,0,0,1,9,-1,6,1,30,6,-1,-1,-1,-1,3,E01015056,0,2
2024451404905,2024,451404905,1,9,0,-1,19,1,5,-1,0,0,0,0,0,0,1,1,-1,2,1,64,9,-1,-1,-1,-1,9,E01030997,0,2
2024201498755,2024,201498755,1,3,0,-1,19,3,7,-1,0,8,0,0,0,0,1,1,-1,9,1,15,3,-1,-1,-1,-1,1,E01010410,0,1
2024430340277,2024,430340277,2,1,0,18,19,6,2,0,0,8,0,0,0,0,1,1,2,2,2,25,5,-1,-1,-1,-1,8,E01028545,0,1
2024010492215,2024,010492215,2,1,0,18,19,1,5,0,0,1,0,7,0,0,3,1,6,6,1,59,9,-1,-1,-1,-1,6,E01000339,0,1
2024141474677,2024,141474677,2,9,0,-1,-1,-1,-1,-1,-1,0,-1,-1,-1,0,-1,9,-1,6,3,-1,-1,-1,-1,-1,-1,-1,-1,0,-1
2024010527519,2024,010527519,2,1,0,5,5,0,7,0,0,2,0,0,0,0,4,1,6,6,2,29,6,-1,-1,-1,-1,3,E01035679,0,1
2024131484680,2024,131484680,1,9,0,-1,-1,-1,-1,-1,-1,-1,-1,-1,-1,-1,-1,1,-1,6,3,-1,-1,-1,-1,-1,-1,-1,-1,0,-1
2024131427529,2024,131427529,1,1,0,-1,19,7,3,-1,0,0,0,0,0,0,3,1,-1,6,1,64,9,-1,-1,-1,-1,6,E01010592,0,2
2024401539421,2024,401539421,1,9,0,-1,19,5,1,-1,0,0,0,0,0,0,1,1,-1,6,-1,36,7,-1,-1,-1,-1,7,E01015745,0,1
2024141493165,2024,141493165,1,97,0,-1,19,3,7,-1,0,0,0,0,0,0,1,1,-1,9,1,62,9,-1,-1,-1,-1,5,E01007669,0,3
2024520403119,2024,520403119,1,9,0,17,19,3,7,0,0,2,0,0,1,11,1,1,6,6,3,-1,-1,-1,-1,-1,-1,-1,-1,0,-1
2024010489010,2024,010489010,1,9,0,3,3,1,5,0,0,1,0,0,0,0,2,1,2,2,2,36,7,-1,-1,-1,-1,2,E01034149,0,2
2024340WN5802,2024,340WN5802,3,9,0,-1,3,1,5,-1,0,0,0,0,0,0,2,1,-1,6,3,-1,-1,-1,-1,-1,-1,-1,-1,0,-1
2024440046252,2024,440046252,1,21,1,12,12,4,8,0,0,8,0,0,0,0,3,1,1,1,1,28,6,-1,-1,-1,-1,-1,-1,0,-1
2024201426657,2024,201426657,1,9,0,-1,19,8,4,-1,0,1,0,0,0,0,1,9,-1,6,1,-1,-1,-1,-1,-1,-1,-1,-1,0,-1
2024141443392,2024,141443392,2,1,0,-1,19,8,5,-1,0,1,5,0,0,0,1,1,-1,9,1,50,8,-1,-1,-1,-1,3,E01007340,0,1
2024302401196,2024,302401196,1,1,0,17,19,7,3,0,0,0,0,0,0,0,4,1,6,6,2,58,9,-1,-1,-1,-1,10,E01018619,0,3
2024061510391,2024,061510391,2,1,0,-1,19,8,6,-1,0,1,0,0,0,0,1,1,-1,2,1,51,8,-1,-1,-1,-1,2,E01004972,0,1
2024131457656,2024,131457656,1,90,0,-1,19,1,5,-1,0,0,0,0,0,0,2,1,-1,6,1,16,4,-1,-1,-1,-1,7,E01011630,0,1
2024332400731,2024,332400731,1,1,0,-1,4,7,3,-1,0,1,0,0,0,0,3,1,-1,2,1,28,6,-1,-1,-1,-1,1,E01013640,0,1
2024320036664,2024,320036664,2,9,0,2,2,0,0,0,0,2,0,0,0,0,4,1,6,6,2,33,6,-1,-1,-1,-1,-1,-1,0,-1
2024010528377,2024,010528377,2,1,0,18,19,2,6,0,0,2,0,0,0,0,4,1,6,6,1,31,6,-1,-1,-1,-1,4,E01001903,0,2
2024332401016,2024,332401016,2,9,0,-1,19,5,1,-1,0,8,0,0,7,10,1,1,-1,6,1,21,5,-1,-1,-1,-1,4,E01013715,0,1
2024131530047,2024,131530047,2,9,0,-1,19,3,7,-1,0,0,0,0,0,0,0,1,-1,9,2,30,6,-1,-1,-1,-1,6,E01007526,0,4
2024340NN4332,2024,340NN4332,1,9,0,-1,9,1,7,-1,0,8,0,0,0,0,4,1,-1,6,3,-1,-1,-1,-1,-1,-1,-1,-1,0,-1
2024010488599,2024,010488599,1,1,9,99,99,9,9,99,99,9,9,99,9,99,1,1,2,2,1,45,7,-1,-1,-1,-1,3,E01002043,0,1
2024461507434,2024,461507434,2,1,0,-1,99,3,7,-1,0,8,0,0,0,0,1,1,-1,6,1,46,8,-1,-1,-1,-1,2,E01024633,0,1
2024010506086,2024,010506086,1,1,0,18,19,1,5,0,0,0,0,0,0,0,1,1,6,6,1,26,6,-1,-1,-1,-1,3,E01004319,0,1
2024010505653,2024,010505653,2,1,0,17,19,5,1,0,0,1,0,0,0,0,1,1,6,6,1,25,5,-1,-1,-1,-1,3,E01035657,0,1
2024332400562,2024,332400562,2,1,0,-1,19,2,6,-1,0,8,0,0,0,0,1,1,-1,6,1,27,6,-1,-1,-1,-1,3,E01013625,0,2
2024201467638,2024,201467638,3,19,0,-1,2,0,0,-1,0,0,0,0,0,0,1,9,-1,6,-1,-1,-1,-1,-1,-1,-1,-1,-1,0,-1
2024302400104,2024,302400104,3,9,0,18,19,8,4,0,0,0,0,0,0,0,2,1,6,6,2,35,6,-1,-1,-1,-1,2,E01013565,0,1
2024421534143,2024,421534143,2,9,0,-1,2,0,0,-1,0,1,0,0,0,0,2,1,-1,6,1,63,9,-1,-1,-1,-1,9,E01015838,0,1
2024991463297,2024,991463297,2,1,0,-1,19,2,6,-1,0,0,0,0,0,0,2,1,-1,9,1,41,7,-1,-1,-1,-1,-1,-1,0,-1
2024440510405,2024,440510405,1,1,0,18,19,4,8,0,0,1,0,0,0,0,1,1,2,2,2,23,5,-1,-1,-1,-1,5,E01022832,0,1
2024421427066,2024,421427066,1,9,-1,-1,-1,-1,-1,-1,-1,0,-1,-1,-1,0,-1,9,-1,6,3,-1,-1,-1,-1,-1,-1,-1,-1,0,-1
2024010547748,2024,010547748,2,1,0,18,19,7,3,0,0,8,0,0,0,0,4,1,2,2,1,65,9,-1,-1,-1,-1,6,E01022096,0,4
2024451431578,2024,451431578,2,1,0,-1,19,3,7,-1,0,0,0,0,0,0,2,1,-1,6,1,17,4,-1,-1,-1,-1,10,E01030518,0,2
2024122500116,2024,122500116,1,9,5,9,9,1,5,0,0,1,0,0,0,0,1,1,1,1,1,20,4,-1,-1,-1,-1,7,E01010596,0,3
2024010520429,2024,010520429,1,1,0,18,19,5,1,0,0,0,5,0,0,0,1,1,2,2,1,19,4,-1,-1,-1,-1,6,E01000582,0,1
2024302400371,2024,302400371,1,9,0,4,4,8,4,0,0,0,0,0,0,0,1,1,6,6,3,-1,-1,-1,-1,-1,-1,5,E01019456,0,3
2024430129843,2024,430129843,2,1,0,18,19,3,7,0,0,8,0,0,0,0,0,1,2,2,2,29,6,-1,-1,-1,-1,3,E01028513,0,1
2024041514730,2024,041514730,2,1,0,-1,19,6,2,-1,0,0,0,0,0,0,3,1,-1,9,1,37,7,-1,-1,-1,-1,1,E01012639,0,1
2024520401691,2024,520401691,1,9,0,3,3,1,7,0,0,8,0,0,0,0,2,1,6,6,2,21,5,-1,-1,-1,-1,10,E01029308,0,1
2024332400149,2024,332400149,2,9,0,-1,19,8,4,-1,0,0,0,0,0,0,1,1,-1,6,1,-1,-1,-1,-1,-1,-1,-1,-1,0,-1
2024010488664,2024,010488664,1,9,0,9,9,7,5,0,0,3,0,0,0,0,3,1,6,6,1,38,7,-1,-1,-1,-1,4,E01034603,0,1
2024610013524,2024,610013524,2,9,0,18,19,2,6,0,0,0,0,0,0,0,1,1,1,1,1,20,4,-1,-1,-1,-1,3,W01001541,0,1
2024010496422,2024,010496422,2,9,0,99,99,9,9,99,99,9,9,99,9,99,9,9,6,6,3,-1,-1,-1,-1,-1,-1,-1,-1,0,-1
2024320342107,2024,320342107,2,1,0,-1,-1,7,3,0,0,0,5,0,0,0,1,1,6,6,1,16,4,-1,-1,-1,-1,-1,-1,0,-1
2024451496091,2024,451496091,2,9,0,-1,19,-1,-1,-1,0,0,0,0,0,0,-1,1,-1,6,1,50,8,-1,-1,-1,-1,-1,-1,0,-1
2024010523401,2024,010523401,2,9,0,99,99,9,9,99,99,9,9,99,9,99,1,9,6,6,3,-1,-1,-1,-1,-1,-1,-1,-1,0,-1
2024332400110,2024,332400110,2,1,0,-1,19,7,3,-1,0,6,0,0,0,0,1,1,-1,6,1,13,3,-1,-1,-1,-1,3,E01013774,0,1
2024201521473,2024,201521473,1,9,0,-1,19,4,8,-1,4,0,0,0,0,0,4,9,-1,2,3,40,7,-1,-1,-1,-1,-1,-1,0,-1
2024131420406,2024,131420406,1,9,0,-1,-1,-1,-1,-1,-1,0,-1,-1,-1,0,-1,1,-1,6,3,-1,-1,-1,-1,-1,-1,-1,-1,0,-1
2024401400268,2024,401400268,1,98,-1,-1,-1,-1,-1,-1,-1,3,-1,-1,-1,0,-1,9,-1,6,1,-1,-1,-1,-1,-1,-1,-1,-1,0,-1
2024010527226,2024,010527226,1,9,0,8,8,1,3,0,0,1,0,0,0,0,1,2,6,6,1,53,8,-1,-1,-1,-1,-1,-1,0,-1
2024010516422,2024,010516422,1,1,9,99,99,9,9,99,99,9,9,99,9,99,1,1,2,2,1,22,5,-1,-1,-1,-1,3,E01004012,0,1
2024161528706,2024,161528706,2,9,0,-1,15,7,3,-1,0,8,5,0,0,0,1,1,-1,6,2,-1,-1,-1,-1,-1,-1,-1,-1,0,-1