collision_index,collision_year,collision_ref_no,vehicle_reference,vehicle_type,towing_and_articulation,vehicle_manoeuvre_historic,vehicle_manoeuvre,vehicle_direction_from,vehicle_direction_to,vehicle_location_restricted_lane_historic,vehicle_location_restricted_lane,junction_location,skidding_and_overturning,hit_object_in_carriageway,vehicle_leaving_carriageway,hit_object_off_carriageway,first_point_of_impact,vehicle_left_hand_drive,journey_purpose_of_driver_historic,journey_purpose_of_driver,sex_of_driver,age_of_driver,age_band_of_driver,engine_capacity_cc,propulsion_code,age_of_vehicle,generic_make_model,driver_imd_decile,lsoa_of_driver,escooter_flag,driver_distance_banding
2024101425367,2024,101425367,1,9,0,-1,19,7,3,-1,0,1,0,0,0,0,1,1,-1,6,1,30,6,-1,-1,-1,-1,-1,-1,0,-1
2024552500129,2024,552500129,1,22,0,18,19,1,5,0,0,8,0,0,0,0,4,1,6,6,1,15,3,-1,-1,-1,-1,4,E01015409,0,1
2024101470075,2024,101470075,2,9,0,-1,19,8,6,-1,0,0,0,0,0,0,1,1,-1,6,3,-1,-1,-1,-1,-1,-1,-1,-1,0,-1
2024131412828,2024,131412828,2,9,0,-1,19,3,7,-1,0,0,0,0,0,0,1,1,-1,1,1,26,6,-1,-1,-1,-1,7,E01011351,0,4
2024501419253,2024,501419253,2,9,0,-1,10,3,5,-1,0,1,0,0,0,0,2,9,-1,2,2,60,9,-1,-1,-1,-1,6,E01020056,0,1
2024010499198,2024,010499198,1,1,9,18,19,9,9,4,4,9,9,99,9,99,1,1,2,2,1,27,6,-1,-1,-1,-1,3,E01034389,0,1
2024010497225,2024,010497225,1,3,9,3,3,9,9,99,99,9,9,99,9,99,2,1,1,1,1,39,7,-1,-1,-1,-1,8,E01000311,0,1
2024141515888,2024,141515888,1,1,0,-1,12,7,2,-1,9,0,0,0,0,0,1,1,-1,9,1,67,10,-1,-1,-1,-1,1,E01007530,0,1
2024010490113,2024,010490113,1,8,0,18,19,5,1,0,0,0,0,0,0,0,1,1,1,1,1,50,8,-1,-1,-1,-1,3,E01035643,0,1
2024610053124,2024,610053124,2,9,0,18,19,2,6,0,0,1,0,0,0,0,1,1,1,1,2,50,8,-1,-1,-1,-1,2,W01001436,0,2
2024340WN7322,2024,340WN7322,1,9,0,-1,10,7,3,-1,0,1,0,0,3,0,1,1,-1,6,1,32,6,-1,-1,-1,-1,-1,-1,0,-1
2024411539785,2024,411539785,2,1,-1,-1,-1,-1,-1,-1,-1,0,-1,-1,-1,0,3,1,-1,9,2,45,7,-1,-1,-1,-1,8,E01023872,0,1
2024320404232,2024,320404232,2,9,0,-1,-1,1,5,0,0,8,0,0,0,0,1,1,-1,-1,1,63,9,-1,-1,-1,-1,6,E01026316,0,4
2024351436877,2024,351436877,1,9,-1,-1,19,2,6,-1,0,0,0,0,0,0,1,1,-1,6,3,-1,-1,-1,-1,-1,-1,-1,-1,0,-1
2024010547864,2024,010547864,1,1,9,99,99,9,9,99,99,9,9,99,9,99,1,1,6,6,1,50,8,-1,-1,-1,-1,3,E01001858,0,1
2024552400363,2024,552400363,2,1,0,18,19,1,5,0,0,8,0,0,0,0,1,1,6,6,1,16,4,-1,-1,-1,-1,10,E01020407,0,2
2024010560497,2024,010560497,1,3,9,99,99,9,9,99,99,9,9,99,9,99,1,1,6,6,3,-1,-1,-1,-1,-1,-1,8,E01000173,0,2
2024430343826,2024,430343826,1,5,0,18,19,8,4,0,0,0,0,0,7,4,1,1,6,6,1,28,6,-1,-1,-1,-1,10,E01017768,0,1
2024010509601,2024,010509601,1,1,9,99,99,9,9,99,99,1,9,99,9,99,1,1,2,2,1,26,6,-1,-1,-1,-1,3,E01033593,0,1
2024631503089,2024,631503089,2,1,0,-1,19,1,6,-1,0,8,0,0,0,0,1,1,-1,6,1,37,7,-1,-1,-1,-1,4,W01000637,0,1
2024211449654,2024,211449654,1,9,0,-1,11,4,8,-1,0,0,0,0,0,0,1,1,-1,6,1,21,5,-1,-1,-1,-1,1,E01009374,0,4
2024991496983,2024,991496983,1,9,-1,-1,-1,5,8,-1,-1,-1,-1,-1,-1,0,-1,9,-1,6,1,40,7,-1,-1,-1,-1,-1,-1,0,-1
2024610015924,2024,610015924,2,9,0,16,19,8,2,0,0,0,0,0,1,4,1,1,6,6,2,21,5,-1,-1,-1,-1,2,W01001385,0,1
2024161509642,2024,161509642,1,17,0,-1,9,4,1,-1,0,8,0,0,0,0,1,1,-1,1,1,55,8,-1,-1,-1,-1,8,E01013263,0,1
2024010492120,2024,010492120,1,9,0,3,3,7,3,0,0,0,0,0,0,0,2,1,6,6,2,18,4,-1,-1,-1,-1,4,E01030709,0,1
2024430104159,2024,430104159,2,9,0,8,8,1,3,0,0,1,0,0,0,0,4,1,6,6,2,50,8,-1,-1,-1,-1,-1,-1,0,-1
2024101444447,2024,101444447,1,97,0,-1,4,5,1,-1,0,1,0,0,0,0,1,1,-1,6,1,-1,-1,-1,-1,-1,-1,-1,-1,0,-1
2024461480286,2024,461480286,1,9,0,-1,19,4,6,-1,0,0,1,0,0,0,3,9,-1,6,3,84,11,-1,-1,-1,-1,-1,-1,0,-1
2024010488041,2024,010488041,1,9,0,18,19,1,5,0,0,1,0,0,0,0,1,2,6,6,1,18,4,-1,-1,-1,-1,2,E01035586,0,2
2024010502317,2024,010502317,2,1,0,18,19,1,5,0,0,4,0,0,0,0,2,1,2,2,1,35,6,-1,-1,-1,-1,7,E01000993,0,1
2024411447174,2024,411447174,1,9,0,-1,9,2,3,-1,0,1,0,0,1,0,1,1,-1,8,2,67,10,-1,-1,-1,-1,10,E01023379,0,2
2024430021409,2024,430021409,2,9,0,18,19,7,3,0,0,8,0,0,0,0,3,1,6,6,2,49,8,-1,-1,-1,-1,-1,-1,0,-1
2024231490974,2024,231490974,1,9,0,-1,7,8,2,-1,0,4,0,0,0,0,3,9,-1,6,2,18,4,-1,-1,-1,-1,6,E01025821,0,3
2024061457205,2024,061457205,2,9,-1,-1,-1,-1,-1,-1,-1,0,-1,-1,-1,0,-1,9,-1,6,3,-1,-1,-1,-1,-1,-1,-1,-1,0,-1
2024010488804,2024,010488804,1,9,9,99,99,9,9,99,99,0,9,99,9,99,9,9,6,6,3,50,8,-1,-1,-1,-1,2,E01003987,0,1
2024041404507,2024,041404507,1,9,0,-1,9,1,5,-1,0,0,0,0,0,0,1,1,-1,9,1,84,11,-1,-1,-1,-1,5,E01025435,0,1
2024430556901,2024,430556901,2,9,0,18,19,0,0,0,0,7,0,0,0,0,2,1,6,6,1,36,7,-1,-1,-1,-1,8,E01020343,0,5
2024610033824,2024,610033824,2,90,0,18,19,8,4,0,0,0,0,0,0,0,1,1,6,6,1,21,5,-1,-1,-1,-1,2,W01001465,0,2
2024440467477,2024,440467477,1,9,0,18,19,3,7,0,0,0,0,0,0,0,1,1,6,6,3,-1,-1,-1,-1,-1,-1,-1,-1,0,-1
2024161479437,2024,161479437,1,17,0,-1,19,5,1,-1,0,0,0,0,0,0,0,1,-1,6,1,-1,-1,-1,-1,-1,-1,-1,-1,0,-1
2024031431189,2024,031431189,1,9,0,-1,-1,-1,-1,-1,-1,-1,-1,-1,-1,0,-1,2,-1,6,3,-1,-1,-1,-1,-1,-1,-1,-1,0,-1
2024440205856,2024,440205856,2,9,0,2,2,0,0,0,0,0,0,0,0,0,2,1,6,6,2,44,7,-1,-1,-1,-1,-1,-1,0,-1
2024010538850,2024,010538850,1,1,9,99,99,9,9,99,99,0,9,99,9,99,9,1,2,2,2,43,7,-1,-1,-1,-1,8,E01002366,0,1
2024041506646,2024,041506646,1,9,0,-1,11,5,1,-1,0,0,0,0,0,0,1,1,-1,1,2,69,10,-1,-1,-1,-1,6,E01025457,0,2
2024010492571,2024,010492571,2,1,0,14,14,3,7,0,0,1,0,0,0,0,1,1,6,6,2,57,9,-1,-1,-1,-1,9,E01003895,0,1
2024061399394,2024,061399394,2,1,-1,-1,-1,-1,-1,-1,-1,0,-1,-1,-1,0,-1,1,-1,1,1,24,5,-1,-1,-1,-1,1,E01005123,0,2
2024231416151,2024,231416151,2,1,0,-1,19,8,6,-1,0,8,0,0,0,0,1,1,-1,6,1,19,4,-1,-1,-1,-1,4,E01031030,0,1
2024211418828,2024,211418828,2,9,-1,-1,12,5,8,-1,0,0,0,0,0,0,1,1,-1,6,3,-1,-1,-1,-1,-1,-1,-1,-1,0,-1
2024010489516,2024,010489516,1,3,0,3,3,3,7,0,0,1,1,0,0,0,2,1,1,1,1,28,6,-1,-1,-1,-1,2,E01003576,0,2
2024991486742,2024,991486742,2,1,0,-1,19,6,1,-1,0,8,0,0,0,0,3,1,-1,1,1,55,8,-1,-1,-1,-1,-1,-1,0,-1
2024010519653,2024,010519653,1,1,9,99,99,9,9,4,4,9,9,99,9,99,1,1,2,2,1,33,6,-1,-1,-1,-1,10,E01030353,0,3
2024522402643,2024,522402643,2,21,1,18,19,1,5,0,0,8,0,0,0,0,4,1,6,6,3,-1,-1,-1,-1,-1,-1,-1,-1,0,-1
202454C514124,2024,54C514124,1,9,0,17,19,5,2,0,0,1,0,0,0,0,0,1,3,7,2,36,7,-1,-1,-1,-1,8,E01031957,0,1
2024161397058,2024,161397058,1,9,0,-1,19,1,5,-1,0,0,1,0,1,1,1,1,-1,6,2,24,5,-1,-1,-1,-1,7,E01013294,0,1
2024010489877,2024,010489877,2,2,0,5,5,1,5,5,5,6,0,0,0,0,2,1,1,1,1,28,6,-1,-1,-1,-1,4,E01002447,0,1
2024461399569,2024,461399569,1,9,0,-1,19,8,3,-1,0,4,0,0,0,0,1,9,-1,6,3,-1,-1,-1,-1,-1,-1,-1,-1,0,-1
2024010489779,2024,010489779,2,19,0,99,99,9,9,99,99,9,9,99,9,99,9,9,6,6,1,61,9,-1,-1,-1,-1,4,E01002324,0,3
2024010489194,2024,010489194,2,9,0,99,99,9,9,99,99,9,9,99,9,99,2,9,6,6,3,-1,-1,-1,-1,-1,-1,-1,-1,0,-1
2024131397208,2024,131397208,1,9,0,-1,-1,-1,-1,-1,-1,-1,-1,-1,-1,0,-1,1,-1,6,3,-1,-1,-1,-1,-1,-1,-1,-1,0,-1
2024201426428,2024,201426428,1,9,0,-1,19,2,6,-1,0,0,0,0,0,0,4,1,-1,9,1,37,7,-1,-1,-1,-1,1,E01034309,0,1
2024010526273,2024,010526273,2,1,0,5,5,7,3,0,0,8,0,0,0,0,1,1,6,6,2,26,6,-1,-1,-1,-1,4,E01002808,0,1
2024411407959,2024,411407959,3,9,-1,-1,-1,-1,-1,-1,-1,0,-1,-1,-1,0,-1,9,-1,6,1,68,10,-1,-1,-1,-1,5,E01023720,0,1
2024061430644,2024,061430644,2,9,0,-1,6,7,6,-1,0,1,0,0,0,0,0,1,-1,6,3,-1,-1,-1,-1,-1,-1,-1,-1,0,-1
2024010489077,2024,010489077,2,9,0,18,19,3,7,0,0,1,0,0,0,0,1,1,6,6,1,37,7,-1,-1,-1,-1,-1,-1,0,-1
2024041427728,2024,041427728,1,-1,0,-1,19,1,5,-1,0,1,0,0,0,0,1,9,-1,6,3,-1,-1,-1,-1,-1,-1,-1,-1,1,-1
2024201463365,2024,201463365,1,9,0,-1,19,7,3,-1,0,4,0,0,0,0,1,9,-1,6,1,70,10,-1,-1,-1,-1,5,E01009185,0,1
2024522402580,2024,522402580,2,1,0,18,19,6,2,0,0,2,0,0,0,0,4,1,4,7,1,13,3,-1,-1,-1,-1,2,E01035216,0,1
2024440007801,2024,440007801,1,1,0,18,19,7,3,4,4,8,0,0,0,0,4,1,6,6,1,68,10,-1,-1,-1,-1,10,E01023244,0,4
2024010532927,2024,010532927,1,-1,0,18,19,5,1,9,9,0,0,0,0,0,1,1,6,6,1,-1,-1,-1,-1,-1,-1,-1,-1,1,-1
2024010491278,2024,010491278,1,1,9,99,99,9,9,99,99,9,9,99,9,99,9,1,6,6,2,36,7,-1,-1,-1,-1,2,E01004205,0,1
2024440097285,2024,440097285,2,1,0,18,19,3,7,0,0,8,0,0,0,0,3,1,2,2,2,33,6,-1,-1,-1,-1,4,E01035446,0,1
2024991497543,2024,991497543,1,9,0,-1,19,6,2,-1,0,0,2,2,2,1,1,2,-1,9,1,45,7,-1,-1,-1,-1,-1,-1,0,-1
2024461454911,2024,461454911,1,9,0,-1,19,7,3,-1,0,4,0,0,0,0,1,9,-1,6,2,-1,-1,-1,-1,-1,-1,-1,-1,0,-1
2024201484150,2024,201484150,2,1,0,-1,19,1,5,-1,0,1,0,0,0,0,4,1,-1,1,1,32,6,-1,-1,-1,-1,1,E01034935,0,1
2024010490759,2024,010490759,2,9,0,99,99,9,9,99,99,9,9,99,9,99,1,9,6,6,3,26,6,-1,-1,-1,-1,3,E01003819,0,1
2024052400995,2024,052400995,1,9,0,5,5,4,8,0,0,0,0,0,0,0,1,1,6,6,3,-1,-1,-1,-1,-1,-1,-1,-1,0,-1
2024302401635,2024,302401635,1,97,0,18,19,2,6,0,0,0,0,0,0,0,1,1,6,6,3,-1,-1,-1,-1,-1,-1,5,E01019456,0,3
2024481564159,2024,481564159,2,-1,0,-1,19,7,3,-1,0,1,0,0,0,0,1,1,-1,2,1,30,6,-1,-1,-1,-1,-1,-1,1,-1
2024010493684,2024,010493684,1,9,0,5,5,5,1,0,0,6,0,0,0,0,1,1,6,6,2,50,8,-1,-1,-1,-1,5,E01033792,0,1
2024211492027,2024,211492027,2,1,0,-1,19,1,5,-1,0,8,5,0,0,0,4,1,-1,2,1,56,9,-1,-1,-1,-1,-1,-1,0,-1
2024340WN0562,2024,340WN0562,1,9,0,-1,19,1,5,-1,0,0,0,0,0,0,1,1,-1,6,3,-1,-1,-1,-1,-1,-1,-1,-1,0,-1
2024631512237,2024,631512237,1,9,0,-1,5,8,4,-1,0,6,0,0,1,10,3,1,-1,6,1,72,10,-1,-1,-1,-1,8,W01000534,0,1
2024041515997,2024,041515997,2,9,0,-1,19,1,5,-1,0,8,0,0,0,0,1,1,-1,1,1,29,6,-1,-1,-1,-1,1,E01006817,0,4
2024451428164,2024,451428164,2,1,0,-1,11,1,5,-1,0,0,1,1,0,0,2,1,-1,2,1,40,7,-1,-1,-1,-1,10,E01030378,0,1
2024010499292,2024,010499292,1,11,9,99,99,9,9,99,99,9,9,99,9,99,9,1,6,6,3,-1,-1,-1,-1,-1,-1,-1,-1,0,-1
2024101469282,2024,101469282,2,1,0,-1,5,1,5,-1,0,6,0,0,0,0,3,1,-1,2,2,53,8,-1,-1,-1,-1,10,E01008357,0,1
2024010493600,2024,010493600,1,3,0,99,99,9,9,99,99,9,9,99,9,99,1,1,1,1,3,24,5,-1,-1,-1,-1,4,E01003146,0,1
2024010494957,2024,010494957,2,1,0,18,19,7,3,0,0,8,0,0,0,0,1,1,1,1,1,19,4,-1,-1,-1,-1,6,E01003218,0,1
202460Q096990,2024,60Q096990,2,1,0,10,10,8,2,0,0,2,0,0,0,0,1,1,6,6,1,12,3,-1,-1,-1,-1,-1,-1,0,-1
2024010501659,2024,010501659,2,9,0,99,99,9,9,99,99,0,9,99,9,99,9,9,6,6,3,-1,-1,-1,-1,-1,-1,-1,-1,0,-1
2024221476006,2024,221476006,2,1,0,-1,19,8,4,-1,0,8,0,0,0,0,1,1,-1,2,1,48,8,-1,-1,-1,-1,8,E01014123,0,3
2024010489226,2024,010489226,1,9,0,7,7,1,2,0,0,2,0,0,1,0,4,1,2,2,1,46,8,-1,-1,-1,-1,2,E01034208,0,3
2024461434227,2024,461434227,1,9,0,-1,19,7,3,-1,0,6,0,0,0,0,1,9,-1,6,3,-1,-1,-1,-1,-1,-1,-1,-1,0,-1
2024061422370,2024,061422370,2,1,0,-1,19,3,7,-1,0,0,0,0,0,0,4,1,-1,7,2,17,4,-1,-1,-1,-1,6,E01005845,0,1
2024461437222,2024,461437222,1,3,0,-1,19,1,5,-1,0,0,1,0,0,0,0,1,-1,9,1,19,4,-1,-1,-1,-1,7,E01024726,0,3
2024122500524,2024,122500524,2,1,0,18,19,1,5,0,0,1,0,0,0,0,3,1,4,7,1,12,3,-1,-1,-1,-1,2,E01013399,0,1
2024201449221,2024,201449221,1,9,0,-1,19,8,4,-1,0,6,0,10,1,0,4,9,-1,6,1,38,7,-1,-1,-1,-1,8,E01009454,0,2
2024430059355,2024,430059355,1,9,0,17,19,7,4,0,0,0,1,0,1,4,1,1,2,2,1,28,6,-1,-1,-1,-1,4,E01000621,0,4
2024231399245,2024,231399245,1,9,0,-1,19,6,2,-1,0,0,0,0,1,0,1,1,-1,9,2,33,6,-1,-1,-1,-1,4,E01031086,0,3
2024421491930,2024,421491930,2,1,0,-1,19,6,2,-1,0,3,0,0,0,0,4,1,-1,9,1,28,6,-1,-1,-1,-1,8,E01021717,0,1
2024622400358,2024,622400358,1,9,0,5,5,8,4,0,0,0,0,0,1,11,1,1,6,6,2,78,11,-1,-1,-1,-1,4,W01000887,0,1
2024320756507,2024,320756507,1,4,0,9,9,8,7,0,0,5,5,0,0,0,1,1,6,6,1,17,4,-1,-1,-1,-1,6,E01026210,0,2
2024461419266,2024,461419266,1,9,0,-1,19,3,7,-1,0,5,0,0,0,0,4,9,-1,6,3,-1,-1,-1,-1,-1,-1,-1,-1,0,-1
2024211412153,2024,211412153,1,9,-1,-1,-1,-1,-1,-1,-1,-1,-1,-1,-1,0,-1,9,-1,6,2,-1,-1,-1,-1,-1,-1,-1,-1,0,-1
2024440343427,2024,440343427,1,1,0,18,19,8,4,0,0,0,0,0,0,0,0,1,6,6,1,55,8,-1,-1,-1,-1,6,E01022584,0,1
2024201416089,2024,201416089,1,9,0,-1,19,2,6,-1,0,8,0,0,0,0,1,9,-1,9,1,20,4,-1,-1,-1,-1,2,E01010059,0,1
2024991466152,2024,991466152,2,9,0,-1,19,3,7,-1,0,0,1,0,1,0,1,1,-1,6,1,48,8,-1,-1,-1,-1,9,-1,0,2
2024440267737,2024,440267737,2,-1,0,18,19,6,2,0,0,2,0,0,0,0,1,1,6,6,1,-1,-1,-1,-1,-1,-1,-1,-1,1,-1
2024141452202,2024,141452202,1,9,0,-1,19,7,2,-1,0,1,0,0,0,0,1,9,-1,6,3,-1,-1,-1,-1,-1,-1,-1,-1,0,-1
2024421492696,2024,421492696,1,97,0,-1,19,3,7,-1,0,8,0,0,0,0,1,1,-1,6,1,24,5,-1,-1,-1,-1,1,E01021323,0,1
2024010526952,2024,010526952,1,1,9,99,99,9,9,99,99,9,9,99,9,99,1,1,6,6,2,27,6,-1,-1,-1,-1,10,E01003801,0,1
2024010512325,2024,010512325,1,9,0,18,19,3,7,0,0,0,0,0,0,0,0,1,6,6,3,-1,-1,-1,-1,-1,-1,-1,-1,0,-1
202460Q168357,2024,60Q168357,1,9,0,17,19,7,3,0,0,0,2,0,7,9,1,1,6,6,1,22,5,-1,-1,-1,-1,-1,-1,0,-1
2024122400828,2024,122400828,2,1,0,18,19,6,4,0,0,0,0,0,0,0,1,1,6,6,1,60,9,-1,-1,-1,-1,8,E01027896,0,1
2024010509551,2024,010509551,2,1,0,7,7,7,1,0,0,2,2,0,0,0,1,1,1,1,1,25,5,-1,-1,-1,-1,3,E01001011,0,1
2024031531949,2024,031531949,1,9,0,-1,19,3,7,-1,0,0,0,0,0,0,1,2,-1,9,1,61,9,-1,-1,-1,-1,-1,-1,0,-1
2024440496300,2024,440496300,2,9,0,18,19,1,5,9,9,2,0,0,1,0,0,1,6,6,3,-1,-1,-1,-1,-1,-1,-1,-1,0,-1
2024141521852,2024,141521852,3,9,0,-1,7,3,5,-1,0,1,0,0,0,0,1,1,-1,9,1,35,6,-1,-1,-1,-1,6,E01034245,0,2
2024141428143,2024,141428143,1,9,0,-1,19,4,2,-1,0,0,2,0,7,4,1,1,-1,6,1,24,5,-1,-1,-1,-1,6,E01011861,0,1
2024122500032,2024,122500032,2,1,0,14,14,7,3,0,0,0,0,0,0,0,1,1,6,6,2,42,7,-1,-1,-1,-1,9,E01034761,0,1
2024010548908,2024,010548908,2,1,0,9,9,7,4,0,0,1,0,0,0,0,1,1,6,6,1,12,3,-1,-1,-1,-1,2,E01002099,0,1
2024131461936,2024,131461936,1,9,0,-1,-1,-1,-1,-1,-1,-1,-1,-1,-1,-1,-1,1,-1,6,3,-1,-1,-1,-1,-1,-1,-1,-1,0,-1
2024311495918,2024,311495918,2,9,0,-1,5,5,1,-1,0,0,0,0,0,0,3,1,-1,7,1,-1,-1,-1,-1,-1,-1,-1,-1,0,-1
2024131476159,2024,131476159,1,9,0,-1,2,0,0,-1,0,8,0,0,0,0,3,1,-1,6,-1,-1,-1,-1,-1,-1,-1,-1,-1,0,-1
2024070509079,2024,070509079,2,1,0,18,19,8,4,0,0,0,0,0,0,0,0,1,6,6,1,46,8,-1,-1,-1,-1,1,E01012533,0,1
2024531470294,2024,531470294,1,1,0,-1,19,7,3,-1,0,0,0,0,0,0,1,1,-1,9,1,53,8,-1,-1,-1,-1,9,E01019737,0,5
2024451511684,2024,451511684,2,8,0,-1,19,7,1,-1,0,0,0,0,0,0,3,1,-1,6,1,50,8,-1,-1,-1,-1,-1,-1,0,-1
2024552400628,2024,552400628,2,9,0,18,19,5,1,0,0,8,0,0,7,1,4,1,2,2,2,56,9,-1,-1,-1,-1,5,E01020456,0,3
2024010545894,2024,010545894,1,1,9,99,99,9,9,99,99,0,9,99,9,99,1,1,2,2,1,46,8,-1,-1,-1,-1,10,E01030352,0,1
2024302400053,2024,302400053,1,9,0,16,19,2,7,0,0,0,2,0,7,9,1,1,2,2,2,60,9,-1,-1,-1,-1,3,E01019858,0,1
2024010491068,2024,010491068,2,9,0,9,9,1,6,0,0,1,0,0,0,0,0,1,6,6,1,71,10,-1,-1,-1,-1,7,E01001642,0,1
2024010513338,2024,010513338,2,1,9,99,99,9,9,99,99,9,9,99,9,99,1,1,6,6,1,-1,-1,-1,-1,-1,-1,-1,-1,0,-1
2024332400099,2024,332400099,2,21,0,-1,19,8,4,-1,0,0,1,0,0,0,1,1,-1,1,1,33,6,-1,-1,-1,-1,7,E01025939,0,2
2024201509099,2024,201509099,1,19,0,-1,19,2,6,-1,0,0,0,0,0,0,1,1,-1,6,1,46,8,-1,-1,-1,-1,6,E01032374,0,4
2024131402272,2024,131402272,1,1,0,-1,19,3,7,-1,9,0,0,0,0,0,1,1,-1,2,1,34,6,-1,-1,-1,-1,7,E01011276,0,2
2024522402286,2024,522402286,2,9,0,18,19,4,8,0,0,0,0,0,1,9,3,1,6,6,1,41,7,-1,-1,-1,-1,6,E01029120,0,4
2024221442524,2024,221442524,2,5,0,-1,14,2,6,-1,0,1,0,0,0,0,1,1,-1,6,1,57,9,-1,-1,-1,-1,4,E01009882,0,3
2024161407369,2024,161407369,3,1,0,-1,9,1,3,-1,0,8,0,0,0,0,2,1,-1,6,2,42,7,-1,-1,-1,-1,1,E01012858,0,1
2024010503170,2024,010503170,1,1,9,99,99,9,9,99,99,9,9,99,9,99,1,1,6,6,3,-1,-1,-1,-1,-1,-1,-1,-1,0,-1
2024522403423,2024,522403423,1,9,0,18,19,4,8,0,0,0,0,0,1,0,3,1,6,6,2,45,7,-1,-1,-1,-1,8,E01014894,0,1
2024231529242,2024,231529242,2,19,0,-1,19,8,4,-1,0,8,0,0,0,0,1,1,-1,2,1,45,7,-1,-1,-1,-1,6,E01031033,0,2
2024122400720,2024,122400720,2,9,0,9,9,3,7,0,0,4,0,0,0,0,3,1,6,6,1,27,6,-1,-1,-1,-1,1,E01034336,0,4
2024010547588,2024,010547588,2,9,0,99,99,9,9,99,99,9,9,99,9,99,9,9,6,6,3,-1,-1,-1,-1,-1,-1,-1,-1,0,-1
2024161508282,2024,161508282,2,1,0,-1,19,2,6,-1,0,1,0,0,0,0,1,1,-1,6,1,34,6,-1,-1,-1,-1,2,E01033109,0,1
2024461520173,2024,461520173,1,1,0,-1,19,7,3,-1,0,1,5,0,0,0,1,1,-1,9,1,12,3,-1,-1,-1,-1,4,E01024541,0,1
2024531394933,2024,531394933,1,9,0,-1,19,7,3,-1,0,0,0,0,0,0,1,9,-1,9,1,39,7,-1,-1,-1,-1,5,E01014836,0,4
2024041456521,2024,041456521,1,9,0,-1,19,4,8,-1,0,3,0,0,0,0,-1,9,-1,6,3,-1,-1,-1,-1,-1,-1,-1,-1,0,-1
2024101459414,2024,101459414,2,1,0,-1,19,6,2,-1,0,8,5,0,0,0,3,1,-1,9,1,8,2,-1,-1,-1,-1,1,E01008773,0,1
2024320471113,2024,320471113,1,9,0,-1,-1,6,2,0,0,2,0,0,0,0,1,1,6,6,3,-1,-1,-1,-1,-1,-1,-1,-1,0,-1
2024430197942,2024,430197942,2,9,0,18,19,2,6,0,0,0,0,0,0,0,2,1,2,2,1,30,6,-1,-1,-1,-1,5,E01016554,0,4
2024430089631,2024,430089631,2,9,0,17,19,1,6,0,0,0,0,0,0,0,1,1,6,6,1,63,9,-1,-1,-1,-1,10,E01023368,0,1
2024991415600,2024,991415600,1,97,0,-1,19,7,4,-1,0,1,0,1,0,0,4,1,-1,6,3,18,4,-1,-1,-1,-1,-1,-1,0,-1
2024010527074,2024,010527074,1,9,0,99,99,9,9,0,0,1,0,0,0,0,1,1,6,6,3,-1,-1,-1,-1,-1,-1,-1,-1,0,-1
2024010518626,2024,010518626,1,1,9,99,99,9,9,99,99,9,9,99,9,99,1,1,6,6,3,-1,-1,-1,-1,-1,-1,-1,-1,0,-1
2024201476205,2024,201476205,2,1,0,-1,19,3,7,-1,0,8,0,0,0,0,4,1,-1,6,1,17,4,-1,-1,-1,-1,6,E01009690,0,1
2024041403650,2024,041403650,1,9,0,-1,19,1,5,-1,0,0,0,0,0,0,1,9,-1,6,3,-1,-1,-1,-1,-1,-1,-1,-1,0,-1
2024010492570,2024,010492570,2,1,0,15,15,7,3,0,0,1,0,0,0,0,1,1,6,6,1,33,6,-1,-1,-1,-1,2,E01004312,0,2
2024061455776,2024,061455776,1,1,0,-1,3,-1,-1,-1,99,1,0,0,0,0,1,1,-1,2,2,27,6,-1,-1,-1,-1,1,E01004830,0,1
2024010515451,2024,010515451,2,1,0,18,19,1,5,0,0,1,5,0,0,0,4,1,6,6,2,30,6,-1,-1,-1,-1,3,E01002906,0,1
2024010487555,2024,010487555,1,9,0,18,19,5,1,0,0,8,0,4,0,0,4,1,2,2,1,38,7,-1,-1,-1,-1,4,E01001050,0,1
2024010495368,2024,010495368,2,9,0,99,99,9,9,99,99,9,9,99,9,99,1,9,6,6,3,-1,-1,-1,-1,-1,-1,-1,-1,0,-1
2024522403208,2024,522403208,2,9,0,18,19,8,4,0,0,8,0,0,0,0,4,1,6,6,1,75,10,-1,-1,-1,-1,9,E01014796,0,4
2024010535199,2024,010535199,2,9,0,99,99,9,9,99,99,9,9,99,9,99,1,9,6,6,3,-1,-1,-1,-1,-1,-1,3,E01000152,0,1
2024010529346,2024,010529346,2,2,9,18,19,1,5,99,99,9,9,99,0,0,1,1,6,6,1,-1,-1,-1,-1,-1,-1,-1,-1,0,-1
2024451477572,2024,451477572,1,1,0,-1,19,7,3,-1,0,1,0,0,0,0,1,1,-1,6,1,50,8,-1,-1,-1,-1,8,E01030813,0,1
2024131528928,2024,131528928,2,9,0,-1,19,7,3,-1,0,0,0,0,0,0,2,1,-1,9,1,23,5,-1,-1,-1,-1,4,E01011462,0,4
2024461471174,2024,461471174,1,98,0,-1,19,1,5,-1,0,0,0,0,0,0,1,9,-1,6,1,-1,-1,-1,-1,-1,-1,-1,-1,0,-1
2024421522760,2024,421522760,2,9,2,-1,3,5,1,-1,0,4,0,0,0,0,2,9,-1,6,1,44,7,-1,-1,-1,-1,5,E01021380,0,1
2024010509510,2024,010509510,1,1,9,99,99,9,9,99,99,9,9,99,9,99,9,1,6,6,1,41,7,-1,-1,-1,-1,3,E01000082,0,1
2024010489809,2024,010489809,1,9,0,99,99,9,9,99,99,9,9,99,9,99,2,9,6,6,2,35,6,-1,-1,-1,-1,7,E01004164,0,1
2024201532177,2024,201532177,2,1,0,-1,13,2,6,-1,0,8,2,0,0,0,4,1,-1,6,1,34,6,-1,-1,-1,-1,1,E01010058,0,1
2024421467096,2024,421467096,1,9,0,-1,6,5,1,-1,0,0,0,0,0,0,3,1,-1,1,1,37,7,-1,-1,-1,-1,2,E01021969,0,4
2024010495434,2024,010495434,1,19,0,9,9,3,2,0,0,6,0,0,0,0,4,1,6,6,1,57,9,-1,-1,-1,-1,3,E01002028,0,2
2024010500835,2024,010500835,1,1,9,99,99,9,9,99,99,9,9,99,9,99,2,1,6,6,1,26,6,-1,-1,-1,-1,3,E01003101,0,1