collision_index,collision_year,collision_ref_no,vehicle_reference,vehicle_type,towing_and_articulation,vehicle_manoeuvre_historic,vehicle_manoeuvre,vehicle_direction_from,vehicle_direction_to,vehicle_location_restricted_lane_historic,vehicle_location_restricted_lane,junction_location,skidding_and_overturning,hit_object_in_carriageway,vehicle_leaving_carriageway,hit_object_off_carriageway,first_point_of_impact,vehicle_left_hand_drive,journey_purpose_of_driver_historic,journey_purpose_of_driver,sex_of_driver,age_of_driver,age_band_of_driver,engine_capacity_cc,propulsion_code,age_of_vehicle,generic_make_model,driver_imd_decile,lsoa_of_driver,escooter_flag,driver_distance_banding
2024320482803,2024,320482803,2,9,0,-1,-1,6,2,0,0,8,0,0,0,0,4,1,-1,-1,1,17,4,-1,-1,-1,-1,4,E01026389,0,3
2024010527085,2024,010527085,2,9,0,18,19,6,2,0,0,0,0,0,0,0,1,1,6,6,1,-1,-1,-1,-1,-1,-1,-1,-1,0,-1
2024211434308,2024,211434308,2,9,0,-1,9,1,6,-1,0,4,0,0,0,0,4,1,-1,6,2,19,4,-1,-1,-1,-1,8,E01029633,0,1
2024161489694,2024,161489694,1,1,0,-1,19,1,5,-1,0,1,0,0,0,0,2,1,-1,9,1,15,3,-1,-1,-1,-1,1,E01013221,0,1
2024340WN7352,2024,340WN7352,4,9,0,-1,4,5,1,-1,0,0,0,0,0,0,2,1,-1,1,1,19,4,-1,-1,-1,-1,9,E01027088,0,4
2024010490127,2024,010490127,1,19,0,18,19,1,5,0,0,1,0,0,0,0,1,1,1,1,1,39,7,-1,-1,-1,-1,9,E01017414,0,4
2024010495408,2024,010495408,1,9,0,18,19,5,1,0,0,1,0,0,0,0,1,1,6,6,2,29,6,-1,-1,-1,-1,3,E01000630,0,1
2024131452848,2024,131452848,1,1,0,-1,19,3,7,-1,0,1,0,0,2,0,1,1,-1,9,2,54,8,-1,-1,-1,-1,2,E01011149,0,1
2024991532468,2024,991532468,2,9,0,-1,19,3,7,-1,0,1,0,0,0,0,1,1,-1,1,1,31,6,-1,-1,-1,-1,6,E01027190,0,5
2024201461809,2024,201461809,1,19,0,-1,19,6,2,-1,0,0,0,0,0,0,4,1,-1,6,1,25,5,-1,-1,-1,-1,-1,-1,0,-1
2024031454802,2024,031454802,1,-1,0,-1,19,1,5,-1,0,0,0,0,0,0,1,1,-1,6,1,10,2,-1,-1,-1,-1,1,E01019113,1,1
2024201563125,2024,201563125,1,9,0,-1,4,6,2,-1,0,0,0,0,0,0,1,9,-1,1,1,39,7,-1,-1,-1,-1,1,E01009141,0,1
2024052402148,2024,052402148,1,9,0,18,19,1,5,0,0,1,0,0,0,0,1,1,6,6,3,-1,-1,-1,-1,-1,-1,-1,-1,0,-1
2024522402374,2024,522402374,1,9,0,18,19,9,9,0,0,8,0,0,0,0,9,1,6,6,3,-1,-1,-1,-1,-1,-1,-1,-1,0,-1
2024991432950,2024,991432950,2,9,0,-1,9,8,6,-1,0,0,0,0,0,0,3,1,-1,9,1,54,8,-1,-1,-1,-1,7,E01023166,0,5
2024991473398,2024,991473398,1,99,0,-1,13,5,1,-1,0,0,0,0,0,0,1,1,-1,9,3,32,6,-1,-1,-1,-1,-1,-1,0,-1
2024010489401,2024,010489401,1,1,9,99,99,9,9,99,99,9,9,99,9,99,2,1,2,2,2,28,6,-1,-1,-1,-1,4,E01004425,0,1
2024221531076,2024,221531076,1,21,0,-1,14,8,5,-1,0,0,0,0,0,0,0,9,-1,1,1,55,8,-1,-1,-1,-1,6,W01000519,0,5
2024531474808,2024,531474808,1,9,0,-1,19,5,1,-1,0,0,0,0,0,0,1,9,-1,6,2,-1,-1,-1,-1,-1,-1,-1,-1,0,-1
2024131512889,2024,131512889,2,1,0,-1,19,2,6,-1,4,8,0,0,0,0,1,1,-1,6,1,26,6,-1,-1,-1,-1,1,E01011673,0,1
2024451500276,2024,451500276,1,9,0,-1,19,7,3,-1,0,0,0,0,0,0,1,9,-1,6,1,30,6,-1,-1,-1,-1,-1,-1,0,-1
2024010488617,2024,010488617,1,9,0,9,9,3,8,0,0,1,0,0,0,0,4,1,6,6,3,-1,-1,-1,-1,-1,-1,-1,-1,0,-1
2024010535375,2024,010535375,1,1,9,99,99,9,9,99,99,9,9,99,9,99,0,1,2,2,2,24,5,-1,-1,-1,-1,4,E01030983,0,4
2024010492839,2024,010492839,1,9,0,4,4,7,3,0,0,2,0,0,0,0,2,1,6,6,2,30,6,-1,-1,-1,-1,2,E01000030,0,1
2024501491806,2024,501491806,2,9,0,-1,19,6,2,-1,0,0,1,0,0,0,1,1,-1,6,3,-1,-1,-1,-1,-1,-1,-1,-1,0,-1
2024461523208,2024,461523208,1,9,0,-1,1,3,7,-1,0,0,0,0,0,0,2,9,-1,6,1,-1,-1,-1,-1,-1,-1,-1,-1,0,-1
2024501455893,2024,501455893,1,9,0,-1,14,2,6,-1,0,1,0,0,0,0,1,1,-1,6,3,-1,-1,-1,-1,-1,-1,-1,-1,0,-1
2024461409653,2024,461409653,1,19,0,-1,19,7,3,-1,0,0,0,0,9,0,9,9,-1,6,3,-1,-1,-1,-1,-1,-1,-1,-1,0,-1
2024340NN3752,2024,340NN3752,2,9,0,-1,19,5,1,-1,0,0,0,0,0,0,1,1,-1,9,1,70,10,-1,-1,-1,-1,6,E01027078,0,1
2024010546476,2024,010546476,2,1,0,7,7,8,2,0,0,3,5,0,0,0,3,1,2,2,1,22,5,-1,-1,-1,-1,2,E01033878,0,1
2024991461109,2024,991461109,1,21,0,-1,19,1,6,-1,0,0,1,0,0,0,1,2,-1,1,1,39,7,-1,-1,-1,-1,-1,-1,0,-1
2024461472108,2024,461472108,1,9,0,-1,9,7,3,-1,0,1,0,0,0,0,3,1,-1,6,1,32,6,-1,-1,-1,-1,-1,-1,0,-1
2024451487342,2024,451487342,2,9,0,-1,5,7,3,-1,-1,0,0,0,0,0,0,1,-1,6,2,35,6,-1,-1,-1,-1,-1,-1,0,-1
2024010495585,2024,010495585,2,9,0,99,99,9,9,99,99,9,9,99,9,99,9,9,6,6,3,-1,-1,-1,-1,-1,-1,-1,-1,0,-1
2024461483005,2024,461483005,2,90,0,-1,19,5,1,-1,0,0,1,0,0,0,4,1,-1,1,1,29,6,-1,-1,-1,-1,5,E01000383,0,3
2024991474652,2024,991474652,1,1,0,-1,19,7,3,-1,9,0,0,0,0,0,1,1,-1,9,2,49,8,-1,-1,-1,-1,8,-1,0,1
2024311411915,2024,311411915,1,9,0,-1,-1,-1,-1,-1,0,0,0,0,0,0,2,1,-1,6,3,-1,-1,-1,-1,-1,-1,-1,-1,0,-1
2024991416334,2024,991416334,9,8,0,-1,2,0,0,-1,0,0,0,0,0,0,1,1,-1,6,-1,-1,-1,-1,-1,-1,-1,-1,-1,0,-1
2024311534680,2024,311534680,2,9,0,-1,19,1,5,-1,0,4,0,0,0,0,1,1,-1,6,2,-1,-1,-1,-1,-1,-1,-1,-1,0,-1
2024421507073,2024,421507073,7,9,0,-1,2,0,0,-1,0,0,0,0,0,0,3,1,-1,6,1,53,8,-1,-1,-1,-1,7,E01021656,0,1
2024501437825,2024,501437825,1,9,0,-1,9,8,4,-1,0,1,0,0,0,0,1,1,-1,2,1,62,9,-1,-1,-1,-1,6,E01019982,0,1
2024991458462,2024,991458462,2,1,0,-1,19,1,5,-1,0,8,2,0,0,0,2,1,-1,6,2,49,8,-1,-1,-1,-1,5,-1,0,1
2024131472207,2024,131472207,2,1,0,-1,19,6,2,-1,0,0,0,0,0,0,2,1,-1,2,1,47,8,-1,-1,-1,-1,1,E01011723,0,1
2024211509861,2024,211509861,1,21,1,-1,12,1,5,-1,0,0,0,0,0,0,1,2,-1,1,1,31,6,-1,-1,-1,-1,-1,-1,0,-1
2024010497173,2024,010497173,2,9,0,99,99,9,9,99,99,9,9,99,9,99,9,9,6,6,3,-1,-1,-1,-1,-1,-1,-1,-1,0,-1
2024430124634,2024,430124634,2,1,0,18,19,8,4,0,0,0,0,0,0,0,3,1,6,6,1,76,11,-1,-1,-1,-1,10,E01028656,0,2
2024010494803,2024,010494803,4,9,0,18,19,5,1,0,0,0,0,0,0,0,1,1,6,6,1,23,5,-1,-1,-1,-1,2,E01033498,0,4
2024010549720,2024,010549720,1,1,9,99,99,9,9,99,99,9,9,99,9,99,9,1,3,7,1,45,7,-1,-1,-1,-1,10,E01003889,0,1
2024141395326,2024,141395326,3,9,0,-1,2,0,0,-1,9,0,0,4,0,0,1,1,-1,6,-1,-1,-1,-1,-1,-1,-1,-1,-1,0,-1
2024430574020,2024,430574020,1,1,0,18,19,7,3,0,0,3,0,0,0,0,3,1,6,6,1,34,6,-1,-1,-1,-1,3,E01016804,0,1
2024010501061,2024,010501061,1,1,9,99,99,9,9,99,99,1,9,99,9,99,9,1,6,6,3,40,7,-1,-1,-1,-1,4,E01003118,0,1
2024430202097,2024,430202097,1,5,0,17,19,3,8,0,0,0,0,0,0,0,1,1,6,6,1,27,6,-1,-1,-1,-1,-1,-1,0,-1
2024302400120,2024,302400120,1,9,0,16,19,8,3,0,0,0,1,0,8,4,1,1,2,2,1,20,4,-1,-1,-1,-1,5,E01019613,0,3
2024302401701,2024,302401701,1,9,0,-1,9,1,7,-1,9,0,0,0,0,0,1,1,-1,6,3,-1,-1,-1,-1,-1,-1,5,E01019456,0,3
2024010538911,2024,010538911,1,90,0,18,19,7,3,0,0,8,0,0,0,0,1,1,6,6,3,-1,-1,-1,-1,-1,-1,-1,-1,0,-1
2024010492199,2024,010492199,1,9,0,9,9,5,2,4,4,8,0,0,0,0,4,1,6,6,3,-1,-1,-1,-1,-1,-1,-1,-1,0,-1
2024552401413,2024,552401413,2,1,0,18,19,2,6,0,0,0,0,4,0,0,1,1,3,7,2,45,7,-1,-1,-1,-1,6,E01015318,0,1
2024010521730,2024,010521730,2,9,0,18,19,4,8,0,0,0,0,0,0,0,3,1,6,6,1,42,7,-1,-1,-1,-1,4,E01021817,0,3
2024440147980,2024,440147980,1,8,0,9,9,3,1,0,0,8,0,0,0,0,1,1,1,1,1,-1,-1,-1,-1,-1,-1,-1,-1,0,-1
2024332400237,2024,332400237,2,1,0,-1,19,5,1,-1,0,8,0,0,0,0,1,1,-1,6,1,58,9,-1,-1,-1,-1,3,E01013732,0,1
2024101504292,2024,101504292,2,1,0,-1,19,3,7,-1,0,0,5,0,0,0,3,1,-1,6,1,48,8,-1,-1,-1,-1,10,E01033550,0,2
2024201481782,2024,201481782,2,97,0,-1,19,7,3,-1,0,0,0,0,0,0,1,1,-1,6,-1,-1,-1,-1,-1,-1,-1,-1,-1,0,-1
2024010534043,2024,010534043,2,1,0,9,9,1,7,0,0,1,0,0,0,0,3,1,6,6,1,55,8,-1,-1,-1,-1,5,E01002448,0,2
2024411450179,2024,411450179,1,1,0,-1,19,2,5,-1,0,1,0,0,0,0,0,1,-1,6,2,30,6,-1,-1,-1,-1,10,E01023702,0,1
2024430013459,2024,430013459,1,9,0,18,19,2,6,0,0,2,0,0,0,0,1,1,1,1,2,22,5,-1,-1,-1,-1,8,E01017643,0,3
2024430141073,2024,430141073,1,9,0,18,19,8,4,0,0,0,0,0,0,0,1,1,6,6,3,-1,-1,-1,-1,-1,-1,-1,-1,0,-1
2024451519603,2024,451519603,2,9,0,-1,19,5,1,-1,0,0,0,0,1,0,1,1,-1,2,2,56,9,-1,-1,-1,-1,9,E01030933,0,1
2024010525867,2024,010525867,2,1,9,99,99,9,9,99,99,9,9,99,9,99,9,1,2,2,1,33,6,-1,-1,-1,-1,3,E01035284,0,3
2024161521365,2024,161521365,1,5,0,-1,7,1,3,-1,0,2,0,0,0,0,4,1,-1,1,1,46,8,-1,-1,-1,-1,10,E01013090,0,1
2024221482292,2024,221482292,1,1,0,-1,19,1,5,-1,0,6,0,0,0,0,1,1,-1,9,2,8,2,-1,-1,-1,-1,4,E01028984,0,1
2024161411990,2024,161411990,2,1,0,-1,19,1,5,-1,0,3,0,0,0,0,1,1,-1,2,1,35,6,-1,-1,-1,-1,3,E01012774,0,1
2024451428904,2024,451428904,1,97,0,-1,19,1,5,-1,0,1,0,0,0,0,1,1,-1,9,1,63,9,-1,-1,-1,-1,10,E01030511,0,1
2024010488810,2024,010488810,1,3,0,99,99,9,9,99,99,1,9,99,9,99,1,1,6,6,1,19,4,-1,-1,-1,-1,-1,-1,0,-1
2024522402051,2024,522402051,2,1,0,18,19,3,7,0,0,8,0,0,0,0,1,1,6,6,2,27,6,-1,-1,-1,-1,5,E01014732,0,1
2024061524350,2024,061524350,2,-1,0,-1,19,2,6,-1,9,0,0,0,0,0,1,1,-1,6,2,28,6,-1,-1,-1,-1,1,E01005092,1,1
2024010533729,2024,010533729,1,1,9,18,19,9,9,99,99,9,9,99,9,99,3,1,2,2,1,40,7,-1,-1,-1,-1,9,E01003471,0,2
2024610017424,2024,610017424,1,9,0,9,9,5,2,0,0,8,0,0,7,0,4,1,6,6,1,67,10,-1,-1,-1,-1,9,W01001545,0,2
2024010546466,2024,010546466,2,1,9,99,99,9,9,99,99,9,9,99,9,99,9,1,6,6,3,-1,-1,-1,-1,-1,-1,-1,-1,0,-1
2024131441629,2024,131441629,1,1,0,-1,19,6,2,-1,0,1,0,0,0,0,3,1,-1,9,1,14,3,-1,-1,-1,-1,1,E01011559,0,1
2024522402845,2024,522402845,1,1,0,18,19,5,1,0,0,8,0,0,0,0,3,1,6,6,1,22,5,-1,-1,-1,-1,9,E01035231,0,1
2024320097476,2024,320097476,1,9,0,-1,-1,8,4,0,0,0,5,0,1,0,1,1,-1,-1,1,19,4,-1,-1,-1,-1,-1,-1,0,-1
2024041482219,2024,041482219,1,9,0,-1,19,5,1,-1,0,0,0,-1,0,0,1,9,-1,6,3,-1,-1,-1,-1,-1,-1,-1,-1,0,-1
2024520401382,2024,520401382,1,9,0,18,19,8,4,0,0,8,0,0,0,0,3,1,6,6,2,31,6,-1,-1,-1,-1,3,E01014445,0,1
2024311417784,2024,311417784,2,-1,0,-1,9,1,5,-1,0,0,0,0,0,0,3,1,-1,2,1,51,8,-1,-1,-1,-1,2,E01013900,1,1
2024991394473,2024,991394473,2,1,0,-1,19,6,2,-1,0,8,5,0,0,0,1,1,-1,9,1,64,9,-1,-1,-1,-1,-1,-1,0,-1
2024010490804,2024,010490804,1,9,0,99,99,9,9,99,99,9,9,99,9,99,9,9,6,6,3,49,8,-1,-1,-1,-1,5,E01002894,0,1
2024522402230,2024,522402230,2,1,0,18,19,6,7,0,0,4,0,0,0,0,1,1,6,6,2,68,10,-1,-1,-1,-1,3,E01014841,0,1
2024131441432,2024,131441432,2,97,0,-1,-1,-1,-1,-1,-1,8,-1,-1,-1,0,-1,1,-1,9,1,16,4,-1,-1,-1,-1,4,E01010898,0,1
2024010552076,2024,010552076,1,1,9,99,99,9,9,99,99,0,9,99,9,99,9,1,6,6,3,30,6,-1,-1,-1,-1,3,E01035681,0,1
2024010522647,2024,010522647,2,1,0,18,19,1,5,0,0,8,5,0,0,0,1,1,6,6,1,38,7,-1,-1,-1,-1,3,E01004011,0,1
2024411474200,2024,411474200,1,9,0,-1,9,1,3,-1,0,1,0,0,0,0,1,1,-1,1,1,62,9,-1,-1,-1,-1,6,E01021571,0,4
202460Q141084,2024,60Q141084,1,9,0,18,19,5,1,0,0,0,0,0,0,0,4,1,6,6,2,60,9,-1,-1,-1,-1,-1,-1,0,-1
2024010491454,2024,010491454,1,8,0,99,99,9,9,99,99,9,9,99,9,99,9,9,1,1,1,55,8,-1,-1,-1,-1,3,E01000054,0,3
2024010540475,2024,010540475,2,9,0,99,99,9,9,99,99,9,9,99,9,99,9,9,6,6,3,52,8,-1,-1,-1,-1,9,E01001422,0,3
2024141491558,2024,141491558,1,-1,0,-1,5,3,7,-1,0,0,0,0,0,0,0,1,-1,6,1,37,7,-1,-1,-1,-1,1,E01007461,1,1
2024131536827,2024,131536827,1,90,0,-1,19,1,1,-1,5,1,0,0,1,0,1,1,-1,6,1,16,4,-1,-1,-1,-1,3,E01011039,0,4
2024010503233,2024,010503233,2,90,0,99,99,9,9,99,99,9,9,99,9,99,9,9,6,6,3,-1,-1,-1,-1,-1,-1,-1,-1,0,-1
2024451394615,2024,451394615,3,9,0,-1,2,0,0,-1,0,0,0,0,0,0,2,9,-1,6,-1,-1,-1,-1,-1,-1,-1,-1,-1,0,-1
2024131458574,2024,131458574,1,90,0,-1,-1,-1,-1,-1,-1,0,-1,-1,-1,-1,-1,1,-1,6,1,-1,-1,-1,-1,-1,-1,-1,-1,0,-1
2024610013324,2024,610013324,1,1,0,7,7,2,5,0,0,2,0,0,0,0,1,1,6,6,1,8,2,-1,-1,-1,-1,1,W01001326,0,1
2024010491773,2024,010491773,2,11,0,99,99,9,9,99,99,9,9,99,9,99,2,9,6,6,3,-1,-1,-1,-1,-1,-1,-1,-1,0,-1
2024451476904,2024,451476904,1,9,0,-1,9,2,7,-1,0,1,0,0,0,0,1,1,-1,1,2,42,7,-1,-1,-1,-1,9,E01030918,0,4
2024440493568,2024,440493568,2,9,0,18,19,4,2,0,0,8,0,0,0,0,3,1,1,1,1,-1,-1,-1,-1,-1,-1,-1,-1,0,-1
2024332400844,2024,332400844,1,9,0,-1,9,1,7,-1,0,6,0,0,0,0,1,1,-1,6,1,-1,-1,-1,-1,-1,-1,-1,-1,0,-1
2024451496894,2024,451496894,1,9,0,-1,19,1,4,-1,0,0,0,0,0,0,1,9,-1,6,3,-1,-1,-1,-1,-1,-1,-1,-1,0,-1
2024010497070,2024,010497070,2,9,0,99,99,9,9,99,99,9,9,99,9,99,1,9,6,6,3,-1,-1,-1,-1,-1,-1,5,E01003639,0,1
2024201459192,2024,201459192,2,1,0,-1,5,1,5,-1,0,0,0,0,0,0,1,1,-1,6,1,20,4,-1,-1,-1,-1,-1,-1,0,-1
2024010525827,2024,010525827,2,9,0,99,99,9,9,0,0,0,0,0,0,0,9,9,6,6,3,-1,-1,-1,-1,-1,-1,-1,-1,0,-1
2024010526660,2024,010526660,2,9,0,99,99,9,9,99,99,9,9,99,9,99,9,9,6,6,3,32,6,-1,-1,-1,-1,4,E01003734,0,1
2024010508969,2024,010508969,2,9,0,99,99,9,9,99,99,9,9,99,9,99,1,9,6,6,3,-1,-1,-1,-1,-1,-1,-1,-1,0,-1
2024531439067,2024,531439067,2,1,0,-1,19,7,3,-1,0,8,0,0,0,0,3,1,-1,6,1,12,3,-1,-1,-1,-1,4,E01022399,0,1
2024122400628,2024,122400628,2,1,0,18,19,2,6,0,0,0,0,0,0,0,1,1,6,6,1,13,3,-1,-1,-1,-1,7,E01027863,0,1
2024052400256,2024,052400256,2,1,0,9,9,8,7,0,0,1,0,0,0,0,1,1,6,6,1,47,8,-1,-1,-1,-1,1,E01006980,0,1
2024070982649,2024,070982649,1,9,0,-1,19,7,3,-1,9,0,0,0,1,11,1,1,-1,6,1,75,10,-1,-1,-1,-1,8,E01035390,0,1
2024542458724,2024,542458724,3,9,0,18,19,1,5,0,0,3,0,0,0,0,1,1,1,1,1,47,8,-1,-1,-1,-1,4,E01029202,0,4
2024010514923,2024,010514923,1,1,0,18,19,5,1,0,0,1,0,0,0,0,1,1,6,6,1,22,5,-1,-1,-1,-1,3,E01002766,0,3
2024161513955,2024,161513955,2,9,0,-1,9,2,8,-1,0,8,0,0,0,0,1,1,-1,6,2,45,7,-1,-1,-1,-1,9,E01013217,0,3
2024440031586,2024,440031586,2,1,0,9,9,1,8,0,0,8,0,0,0,0,3,1,2,2,2,46,8,-1,-1,-1,-1,5,E01017127,0,1
2024501516897,2024,501516897,1,1,0,-1,19,4,8,-1,4,1,5,0,7,0,3,1,-1,2,1,60,9,-1,-1,-1,-1,9,E01015121,0,2
2024471406534,2024,471406534,3,10,0,-1,2,0,0,-1,0,0,0,0,0,0,2,1,-1,6,-1,-1,-1,-1,-1,-1,-1,-1,-1,0,-1
2024010535137,2024,010535137,1,9,9,18,19,3,7,0,0,8,9,0,1,0,1,9,6,6,3,-1,-1,-1,-1,-1,-1,-1,-1,0,-1
2024401421854,2024,401421854,1,9,-1,-1,-1,-1,-1,-1,-1,-1,-1,-1,-1,0,-1,9,-1,6,1,-1,-1,-1,-1,-1,-1,-1,-1,0,-1
2024010559804,2024,010559804,1,11,9,99,99,9,9,99,99,9,9,0,0,0,9,1,1,1,1,-1,-1,-1,-1,-1,-1,-1,-1,0,-1
2024052401181,2024,052401181,1,1,0,9,9,6,4,0,0,6,0,8,0,0,1,1,6,6,1,23,5,-1,-1,-1,-1,1,E01006648,0,1
2024010489196,2024,010489196,1,9,0,9,9,3,2,0,0,6,0,0,0,0,0,1,6,6,1,53,8,-1,-1,-1,-1,4,E01001233,0,1
2024161528749,2024,161528749,1,1,0,-1,19,2,6,-1,0,1,1,0,0,0,1,1,-1,2,1,45,7,-1,-1,-1,-1,1,E01012838,0,1
2024061443540,2024,061443540,1,9,0,-1,19,1,5,-1,0,0,0,0,0,0,1,1,-1,6,1,25,5,-1,-1,-1,-1,2,E01004824,0,1
2024451492529,2024,451492529,2,1,0,-1,19,3,7,-1,0,0,0,0,0,0,1,1,-1,2,2,58,9,-1,-1,-1,-1,10,E01031002,0,1
2024101414728,2024,101414728,1,9,0,-1,19,5,1,-1,0,1,0,11,0,0,4,1,-1,2,1,56,9,-1,-1,-1,-1,2,E01008819,0,1
2024451483162,2024,451483162,1,1,0,-1,7,7,3,-1,0,3,1,0,0,0,1,1,-1,2,1,35,6,-1,-1,-1,-1,5,E01030971,0,1
2024501419910,2024,501419910,1,9,0,-1,19,6,2,-1,1,0,1,0,1,9,4,1,-1,9,1,37,7,-1,-1,-1,-1,10,E01023563,0,5
2024010548490,2024,010548490,1,3,0,3,3,3,7,0,0,8,0,0,1,0,2,1,1,1,1,35,6,-1,-1,-1,-1,3,E01003630,0,2
2024010487266,2024,010487266,2,2,0,5,5,1,5,0,0,8,0,0,0,0,1,1,2,2,1,21,5,-1,-1,-1,-1,2,E01001820,0,1
2024161481856,2024,161481856,2,9,0,-1,19,8,4,-1,0,0,0,0,0,0,3,9,-1,6,3,-1,-1,-1,-1,-1,-1,-1,-1,0,-1
2024421464425,2024,421464425,1,5,0,-1,19,3,7,-1,0,1,2,0,0,0,1,1,-1,6,1,22,5,-1,-1,-1,-1,8,E01015847,0,1
202454T000024,2024,54T000024,1,9,0,18,19,7,3,0,0,4,0,9,0,0,1,1,6,6,1,17,4,-1,-1,-1,-1,7,E01033861,0,2
2024010543785,2024,010543785,1,9,0,18,19,5,1,0,0,8,0,0,0,0,2,1,6,6,3,-1,-1,-1,-1,-1,-1,-1,-1,0,-1
2024211502089,2024,211502089,2,1,0,-1,19,4,8,-1,5,1,0,0,0,0,2,1,-1,2,2,62,9,-1,-1,-1,-1,1,E01014223,0,1
2024440401574,2024,440401574,1,1,0,16,19,6,1,0,0,1,0,0,0,0,3,1,2,2,1,45,7,-1,-1,-1,-1,9,E01017248,0,1
2024411427869,2024,411427869,2,9,0,-1,3,8,4,-1,0,1,0,0,0,0,2,1,-1,9,2,35,6,-1,-1,-1,-1,5,E01023929,0,1
2024201500446,2024,201500446,2,23,0,-1,19,4,8,-1,0,4,0,0,0,0,4,1,-1,9,2,54,8,-1,-1,-1,-1,5,E01003292,0,5
2024430485134,2024,430485134,1,1,0,18,19,5,1,0,0,2,0,0,0,0,1,1,6,6,3,-1,-1,-1,-1,-1,-1,-1,-1,0,-1
2024010502966,2024,010502966,1,1,9,99,99,9,9,99,99,9,9,99,9,99,9,1,2,2,2,29,6,-1,-1,-1,-1,7,E01004534,0,1
2024501520250,2024,501520250,2,9,0,-1,2,0,0,-1,0,2,0,0,0,0,2,1,-1,6,-1,-1,-1,-1,-1,-1,-1,-1,-1,0,-1
202454A322624,2024,54A322624,1,9,4,18,19,6,2,0,0,0,0,0,0,0,4,1,6,6,3,-1,-1,-1,-1,-1,-1,-1,-1,0,-1
2024010490650,2024,010490650,1,11,0,99,99,9,9,99,99,9,9,99,9,99,9,9,6,6,3,-1,-1,-1,-1,-1,-1,-1,-1,0,-1
2024201416422,2024,201416422,1,98,1,-1,-1,4,8,-1,-1,0,0,0,0,0,3,1,-1,-1,1,55,8,-1,-1,-1,-1,-1,-1,0,-1
2024201404242,2024,201404242,1,9,0,-1,19,3,8,-1,0,1,0,0,0,0,1,9,-1,9,1,30,6,-1,-1,-1,-1,1,E01009028,0,1
2024010535702,2024,010535702,1,9,0,18,19,2,6,0,0,1,0,0,0,0,1,1,6,6,3,-1,-1,-1,-1,-1,-1,-1,-1,0,-1
2024141418627,2024,141418627,2,9,0,-1,19,7,3,-1,0,0,1,0,0,0,2,1,-1,6,1,32,6,-1,-1,-1,-1,8,E01011183,0,3
2024522402831,2024,522402831,4,9,0,4,4,4,8,0,0,0,0,0,0,0,1,1,6,6,1,39,7,-1,-1,-1,-1,8,E01015500,0,4
2024101400814,2024,101400814,1,9,0,-1,4,1,5,-1,0,2,0,0,0,0,1,1,-1,9,2,39,7,-1,-1,-1,-1,5,E01027474,0,1
2024070131331,2024,070131331,2,1,0,17,19,7,5,0,0,8,0,0,0,0,4,1,6,6,1,83,11,-1,-1,-1,-1,10,E01018687,0,1
2024010528325,2024,010528325,1,1,9,18,19,9,9,4,4,0,9,99,9,99,9,1,6,6,1,30,6,-1,-1,-1,-1,4,E01002775,0,1
2024430110133,2024,430110133,2,1,0,18,19,1,5,0,0,0,0,0,0,0,3,1,6,6,1,-1,-1,-1,-1,-1,-1,-1,-1,0,-1
2024520401213,2024,520401213,1,9,0,17,19,5,1,0,0,0,0,0,0,0,1,1,6,6,2,63,9,-1,-1,-1,-1,8,E01029294,0,2
2024010532094,2024,010532094,1,1,0,18,19,2,6,0,0,8,5,0,0,0,1,1,2,2,2,31,6,-1,-1,-1,-1,8,E01004051,0,1
2024361419694,2024,361419694,2,1,0,-1,19,3,1,-1,0,8,2,0,0,0,1,1,-1,6,1,39,7,-1,-1,-1,-1,8,E01026571,0,1
2024430103734,2024,430103734,1,19,0,5,5,7,3,0,0,8,0,0,0,0,1,1,6,6,1,-1,-1,-1,-1,-1,-1,-1,-1,0,-1
2024991528647,2024,991528647,2,9,0,-1,19,4,8,-1,0,0,0,0,0,0,1,1,-1,6,2,35,6,-1,-1,-1,-1,-1,-1,0,-1
2024332400103,2024,332400103,2,9,0,-1,19,5,1,-1,0,0,0,0,0,0,1,1,-1,6,2,-1,-1,-1,-1,-1,-1,-1,-1,0,-1
2024161451534,2024,161451534,1,22,0,-1,19,8,4,-1,0,1,0,0,0,0,1,1,-1,6,2,33,6,-1,-1,-1,-1,1,E01013144,0,1
2024361529105,2024,361529105,2,1,0,-1,5,1,5,-1,0,3,0,0,0,0,1,1,-1,6,1,14,3,-1,-1,-1,-1,2,E01026662,0,1
2024010487446,2024,010487446,1,9,0,99,99,9,9,99,99,9,9,99,9,99,9,9,1,1,1,66,10,-1,-1,-1,-1,8,E01002421,0,1
2024010497875,2024,010497875,1,1,9,3,3,1,5,9,9,9,9,99,9,99,9,1,2,2,1,70,10,-1,-1,-1,-1,3,E01003387,0,1
2024201413507,2024,201413507,1,9,0,-1,9,2,7,-1,0,5,1,0,0,0,1,9,-1,6,2,25,5,-1,-1,-1,-1,10,E01010152,0,1
2024311414791,2024,311414791,2,9,0,-1,19,4,8,-1,0,1,0,0,0,0,0,1,-1,6,-1,-1,-1,-1,-1,-1,-1,-1,-1,0,-1
2024531429777,2024,531429777,2,9,0,-1,13,1,5,-1,0,0,0,0,0,0,0,9,-1,6,3,-1,-1,-1,-1,-1,-1,-1,-1,0,-1
2024161442959,2024,161442959,2,9,0,-1,2,0,0,-1,0,0,0,0,0,0,3,1,-1,6,-1,-1,-1,-1,-1,-1,-1,-1,-1,0,-1
2024041456004,2024,041456004,1,9,0,-1,19,4,8,-1,0,0,0,0,0,0,1,1,-1,2,2,72,10,-1,-1,-1,-1,5,E01025331,0,1
2024351539218,2024,351539218,1,9,0,-1,5,1,5,-1,0,8,0,0,0,0,1,1,-1,6,1,20,4,-1,-1,-1,-1,3,E01018091,0,2
2024302500122,2024,302500122,2,19,0,-1,9,8,6,-1,0,1,0,0,0,0,3,1,-1,6,1,42,7,-1,-1,-1,-1,6,E01033536,0,1
202460Q161608,2024,60Q161608,1,9,0,3,3,5,1,0,0,0,1,0,0,0,1,1,6,6,2,30,6,-1,-1,-1,-1,-1,-1,0,-1
2024052400466,2024,052400466,1,19,0,18,19,2,7,0,0,5,0,0,0,0,3,1,1,1,1,64,9,-1,-1,-1,-1,3,E01006584,0,1
2024231522211,2024,231522211,1,8,0,-1,1,8,4,-1,9,0,0,99,0,0,2,9,-1,1,3,50,8,-1,-1,-1,-1,-1,-1,0,-1