collision_index,collision_year,collision_ref_no,vehicle_reference,vehicle_type,towing_and_articulation,vehicle_manoeuvre_historic,vehicle_manoeuvre,vehicle_direction_from,vehicle_direction_to,vehicle_location_restricted_lane_historic,vehicle_location_restricted_lane,junction_location,skidding_and_overturning,hit_object_in_carriageway,vehicle_leaving_carriageway,hit_object_off_carriageway,first_point_of_impact,vehicle_left_hand_drive,journey_purpose_of_driver_historic,journey_purpose_of_driver,sex_of_driver,age_of_driver,age_band_of_driver,engine_capacity_cc,propulsion_code,age_of_vehicle,generic_make_model,driver_imd_decile,lsoa_of_driver,escooter_flag,driver_distance_banding
2024320665668,2024,320665668,1,9,0,-1,-1,8,4,0,0,8,0,0,0,0,1,1,6,6,1,21,5,-1,-1,-1,-1,4,E01026082,0,1
2024010495942,2024,010495942,1,1,9,99,99,9,9,99,99,9,9,99,9,99,9,1,2,2,1,53,8,-1,-1,-1,-1,10,E01030296,0,3
2024141482810,2024,141482810,2,97,0,-1,13,8,4,-1,0,0,0,0,0,0,1,1,-1,9,1,31,6,-1,-1,-1,-1,1,E01008022,0,2
2024111520641,2024,111520641,2,9,0,-1,19,4,1,-1,0,1,0,0,0,0,4,1,-1,6,-1,30,6,-1,-1,-1,-1,-1,-1,0,-1
2024451527611,2024,451527611,1,9,0,-1,2,-1,-1,-1,-1,0,0,0,-1,0,-1,1,-1,7,1,-1,-1,-1,-1,-1,-1,-1,-1,0,-1
2024221520479,2024,221520479,2,9,0,-1,8,6,8,-1,0,3,0,0,0,0,2,1,-1,6,3,56,9,-1,-1,-1,-1,-1,-1,0,-1
2024010487041,2024,010487041,2,-1,0,18,19,5,1,4,4,0,0,0,0,0,1,1,6,6,1,55,8,-1,-1,-1,-1,6,E01002670,1,1
2024351407559,2024,351407559,1,9,0,-1,7,-1,-1,-1,0,8,0,0,0,0,1,9,-1,6,3,-1,-1,-1,-1,-1,-1,-1,-1,0,-1
2024552400763,2024,552400763,2,1,0,18,19,6,2,0,0,8,0,0,0,0,3,1,6,6,1,30,6,-1,-1,-1,-1,5,E01002652,0,5
2024061494155,2024,061494155,2,9,0,-1,3,-1,-1,-1,0,0,0,0,0,0,1,1,-1,6,1,-1,-1,-1,-1,-1,-1,5,E01004899,0,1
2024361470779,2024,361470779,2,1,-1,-1,19,-1,-1,-1,0,1,2,0,0,0,0,1,-1,9,1,51,8,-1,-1,-1,-1,4,E01026787,0,2
2024101434562,2024,101434562,1,9,0,-1,4,7,3,-1,0,0,0,0,0,0,2,1,-1,6,2,58,9,-1,-1,-1,-1,9,E01008526,0,1
2024421426602,2024,421426602,2,9,0,-1,19,7,3,-1,0,8,0,0,0,0,3,1,-1,9,2,45,7,-1,-1,-1,-1,5,E01003654,0,1
2024461442846,2024,461442846,2,9,0,-1,19,3,7,-1,0,1,0,0,0,0,1,1,-1,6,2,35,6,-1,-1,-1,-1,5,E01024674,0,1
2024161497094,2024,161497094,1,1,0,-1,19,1,5,-1,0,0,0,0,0,0,3,1,-1,6,2,11,3,-1,-1,-1,-1,5,E01013106,0,1
2024361404123,2024,361404123,1,9,0,-1,4,6,2,-1,0,1,0,0,0,0,1,9,-1,6,1,84,11,-1,-1,-1,-1,5,E01026727,0,1
2024421406819,2024,421406819,2,3,0,-1,19,6,2,-1,0,8,0,0,1,0,4,1,-1,6,1,30,6,-1,-1,-1,-1,6,E01001091,0,4
2024320583093,2024,320583093,2,1,0,-1,-1,3,7,0,0,0,0,0,1,0,2,1,-1,-1,2,11,3,-1,-1,-1,-1,2,E01026170,0,1
2024430594332,2024,430594332,2,1,0,18,19,4,8,0,0,1,0,0,0,0,4,1,6,6,1,22,5,-1,-1,-1,-1,-1,-1,0,-1
2024411404680,2024,411404680,2,22,0,-1,5,7,3,-1,0,0,0,0,0,0,4,1,-1,6,2,36,7,-1,-1,-1,-1,8,E01023517,0,1
2024141444860,2024,141444860,1,9,0,-1,19,6,2,-1,0,0,0,0,0,0,1,1,-1,9,1,44,7,-1,-1,-1,-1,3,E01007346,0,4
2024471417287,2024,471417287,3,9,-1,-1,19,4,1,-1,0,0,0,0,0,0,0,9,-1,6,3,-1,-1,-1,-1,-1,-1,-1,-1,0,-1
2024471408023,2024,471408023,1,1,0,-1,19,1,5,-1,0,1,0,0,0,0,4,1,-1,2,1,33,6,-1,-1,-1,-1,4,E01016869,0,1
2024041412941,2024,041412941,3,98,0,-1,4,3,7,-1,0,0,0,0,0,0,2,1,-1,6,-1,-1,-1,-1,-1,-1,-1,-1,-1,0,-1
2024010499375,2024,010499375,2,9,0,99,99,9,9,99,99,9,9,99,9,99,9,9,6,6,3,-1,-1,-1,-1,-1,-1,-1,-1,0,-1
2024010548958,2024,010548958,1,1,9,10,10,9,9,99,99,5,9,99,9,99,9,1,6,6,1,69,10,-1,-1,-1,-1,2,E01003188,0,1
2024061519437,2024,061519437,2,9,0,-1,9,1,7,-1,0,0,0,0,0,0,2,9,-1,2,1,29,6,-1,-1,-1,-1,9,E01005645,0,1
2024430218880,2024,430218880,1,9,0,18,19,5,1,0,0,0,0,0,0,0,1,1,6,6,2,46,8,-1,-1,-1,-1,9,E01016542,0,1
2024131426763,2024,131426763,1,9,0,-1,19,5,5,-1,0,0,0,0,0,0,1,1,-1,6,1,22,5,-1,-1,-1,-1,3,E01011033,0,1
2024201529903,2024,201529903,3,19,0,-1,19,5,1,-1,0,0,0,0,0,0,1,1,-1,6,2,56,9,-1,-1,-1,-1,-1,-1,0,-1
2024101405102,2024,101405102,1,-1,0,-1,19,3,7,-1,0,0,0,0,0,0,1,1,-1,9,1,8,2,-1,-1,-1,-1,4,E01027362,1,1
2024451510337,2024,451510337,1,98,0,-1,12,7,3,-1,0,0,0,0,0,0,0,9,-1,6,-1,30,6,-1,-1,-1,-1,-1,-1,0,-1
2024311460631,2024,311460631,2,1,0,-1,19,3,4,-1,0,2,0,0,0,0,3,1,-1,9,1,7,2,-1,-1,-1,-1,1,E01013824,0,1
2024461505269,2024,461505269,1,9,0,-1,19,3,7,-1,0,0,0,0,0,0,1,9,-1,6,2,-1,-1,-1,-1,-1,-1,-1,-1,0,-1
2024010492069,2024,010492069,1,9,0,99,99,9,9,99,99,9,9,99,9,99,2,9,6,6,1,26,6,-1,-1,-1,-1,6,E01003781,0,1
2024101510251,2024,101510251,2,1,0,-1,19,3,7,-1,0,0,5,0,0,0,3,1,-1,6,1,34,6,-1,-1,-1,-1,8,E01008527,0,1
2024201526625,2024,201526625,1,11,0,-1,19,2,6,-1,2,0,0,0,0,0,1,9,-1,1,3,-1,-1,-1,-1,-1,-1,-1,-1,0,-1
2024010489969,2024,010489969,1,11,0,18,19,7,3,2,2,1,0,0,0,0,1,1,1,1,1,62,9,-1,-1,-1,-1,4,E01001261,0,2
2024201447740,2024,201447740,1,9,0,-1,10,1,2,-1,0,0,0,0,0,0,4,9,-1,6,1,58,9,-1,-1,-1,-1,1,E01009130,0,1
2024302500102,2024,302500102,2,9,0,-1,2,0,0,-1,0,1,0,0,0,0,0,1,-1,6,3,-1,-1,-1,-1,-1,-1,-1,-1,0,-1
2024440307494,2024,440307494,1,9,0,9,9,2,8,0,0,5,0,0,0,0,4,1,6,6,1,31,6,-1,-1,-1,-1,10,E01022708,0,3
2024161453063,2024,161453063,2,22,0,-1,9,2,4,-1,0,2,0,0,0,0,3,1,-1,9,2,78,11,-1,-1,-1,-1,9,E01034759,0,1
2024161524567,2024,161524567,1,9,0,-1,9,6,4,-1,0,6,0,0,0,0,1,1,-1,2,1,45,7,-1,-1,-1,-1,9,E01013243,0,1
2024991396085,2024,991396085,1,97,0,-1,13,7,3,-1,0,1,0,0,0,0,1,1,-1,6,1,20,4,-1,-1,-1,-1,1,-1,0,1
2024010537275,2024,010537275,2,1,9,99,99,9,9,99,99,9,9,99,9,99,9,1,6,6,3,-1,-1,-1,-1,-1,-1,-1,-1,0,-1
2024421474562,2024,421474562,1,9,0,-1,19,6,2,-1,0,2,0,0,0,0,1,9,-1,6,3,-1,-1,-1,-1,-1,-1,-1,-1,0,-1
2024461411329,2024,461411329,1,9,0,-1,9,5,4,-1,0,2,0,0,0,0,1,1,-1,1,1,61,9,-1,-1,-1,-1,7,E01024316,0,4
2024552400892,2024,552400892,2,1,0,18,19,8,4,4,4,8,0,0,0,0,1,1,6,6,1,12,3,-1,-1,-1,-1,4,E01015339,0,1
2024010517785,2024,010517785,1,1,9,99,99,9,9,99,99,9,9,99,9,99,9,1,6,6,1,46,8,-1,-1,-1,-1,-1,-1,0,-1
2024161459976,2024,161459976,2,1,0,-1,19,3,7,-1,0,0,0,0,0,0,3,1,-1,6,1,17,4,-1,-1,-1,-1,-1,-1,0,-1
2024461528173,2024,461528173,1,8,0,-1,9,1,5,-1,0,1,0,0,0,0,4,9,-1,6,1,-1,-1,-1,-1,-1,-1,-1,-1,0,-1
2024421470739,2024,421470739,1,9,0,-1,1,8,4,-1,0,0,0,0,0,0,2,9,-1,6,3,-1,-1,-1,-1,-1,-1,-1,-1,0,-1
2024610052824,2024,610052824,1,9,0,18,19,3,6,0,0,5,0,0,0,0,4,1,6,6,1,72,10,-1,-1,-1,-1,2,W01001443,0,1
2024302400964,2024,302400964,2,1,0,18,19,2,6,0,0,1,0,0,0,0,1,1,6,6,1,8,2,-1,-1,-1,-1,1,E01013486,0,1
2024052401693,2024,052401693,2,1,0,7,7,1,3,0,0,1,0,0,0,0,4,1,6,6,3,-1,-1,-1,-1,-1,-1,-1,-1,0,-1
2024421422798,2024,421422798,1,1,0,-1,5,7,3,-1,0,8,2,0,0,0,1,1,-1,7,1,11,3,-1,-1,-1,-1,7,E01035168,0,1
2024471533449,2024,471533449,1,9,0,-1,19,7,4,-1,0,1,0,0,0,0,1,1,-1,1,1,21,5,-1,-1,-1,-1,4,E01016882,0,1
202417M113324,2024,17M113324,2,-1,0,-1,19,7,7,-1,0,1,0,0,0,0,1,1,-1,6,1,62,9,-1,-1,-1,-1,7,E01035196,1,1
2024522401699,2024,522401699,2,9,9,18,19,5,1,0,0,1,0,0,0,0,1,1,6,6,3,-1,-1,-1,-1,-1,-1,-1,-1,0,-1
2024010508260,2024,010508260,2,19,0,2,2,9,9,99,99,0,9,99,9,99,2,9,6,6,3,-1,-1,-1,-1,-1,-1,3,E01003575,0,1
2024010495315,2024,010495315,2,9,0,99,99,9,9,0,0,0,0,0,0,0,9,1,6,6,1,-1,-1,-1,-1,-1,-1,-1,-1,0,-1
2024010499927,2024,010499927,2,9,0,99,99,9,9,99,99,9,9,99,9,99,9,9,6,6,3,-1,-1,-1,-1,-1,-1,-1,-1,0,-1
2024302400675,2024,302400675,2,9,0,18,19,1,5,0,0,0,0,0,0,0,0,1,6,6,3,-1,-1,-1,-1,-1,-1,5,E01019456,0,4
2024411403949,2024,411403949,1,9,0,-1,11,3,7,-1,0,8,1,0,0,0,1,9,-1,6,1,-1,-1,-1,-1,-1,-1,-1,-1,0,-1
2024141557555,2024,141557555,2,9,0,-1,19,5,1,-1,0,1,0,0,0,0,1,9,-1,6,3,-1,-1,-1,-1,-1,-1,-1,-1,0,-1
2024010527747,2024,010527747,2,9,0,18,19,5,1,0,0,0,0,0,0,0,1,1,6,6,3,-1,-1,-1,-1,-1,-1,-1,-1,0,-1
2024010534033,2024,010534033,2,9,0,18,19,9,9,99,99,0,9,99,9,99,1,9,6,6,3,-1,-1,-1,-1,-1,-1,-1,-1,0,-1
2024061420921,2024,061420921,2,1,-1,-1,19,5,8,-1,-1,0,0,0,0,0,3,1,-1,2,1,24,5,-1,-1,-1,-1,4,E01005231,0,1
2024010516415,2024,010516415,2,9,0,9,9,7,4,0,0,8,0,0,0,0,3,1,1,1,1,34,6,-1,-1,-1,-1,1,E01020972,0,4
2024061522438,2024,061522438,2,9,0,-1,2,0,0,-1,-1,0,0,0,0,0,2,1,-1,6,-1,-1,-1,-1,-1,-1,-1,-1,-1,0,-1
2024361399142,2024,361399142,2,1,0,-1,19,5,1,-1,0,1,0,0,0,0,3,1,-1,2,2,11,3,-1,-1,-1,-1,-1,-1,0,-1
2024131504622,2024,131504622,1,9,0,-1,-1,-1,-1,-1,-1,-1,-1,-1,-1,-1,-1,1,-1,6,3,-1,-1,-1,-1,-1,-1,-1,-1,0,-1
2024161449180,2024,161449180,2,9,0,-1,19,4,8,-1,0,0,1,0,1,0,3,1,-1,6,1,58,9,-1,-1,-1,-1,8,E01027808,0,3
2024010500948,2024,010500948,2,1,0,18,19,5,1,0,0,1,0,0,0,0,0,1,6,6,1,51,8,-1,-1,-1,-1,8,E01004194,0,1
2024361415862,2024,361415862,1,1,0,-1,-1,-1,-1,-1,-1,-1,-1,-1,-1,0,-1,1,-1,6,1,15,3,-1,-1,-1,-1,7,E01026593,0,2
2024010544885,2024,010544885,2,9,0,18,19,7,3,0,0,0,5,10,7,0,1,1,6,6,1,19,4,-1,-1,-1,-1,7,E01002260,0,2
2024010536276,2024,010536276,2,1,0,4,4,7,3,0,0,2,2,0,0,0,4,1,1,1,1,27,6,-1,-1,-1,-1,5,E01001085,0,2
2024411414069,2024,411414069,1,9,-1,-1,-1,-1,-1,-1,-1,0,-1,-1,-1,0,-1,9,-1,6,2,-1,-1,-1,-1,-1,-1,-1,-1,0,-1
2024991474111,2024,991474111,2,9,0,-1,9,3,1,-1,0,1,0,0,0,0,1,1,-1,9,1,49,8,-1,-1,-1,-1,-1,-1,0,-1
2024471477849,2024,471477849,2,5,0,-1,19,1,5,-1,0,1,0,0,0,0,1,1,-1,9,1,33,6,-1,-1,-1,-1,4,E01024587,0,4
2024111510495,2024,111510495,1,9,0,-1,19,4,8,-1,0,0,0,0,0,0,3,1,-1,6,3,30,6,-1,-1,-1,-1,-1,-1,0,-1
2024141464657,2024,141464657,1,9,0,-1,19,3,7,-1,0,8,1,0,1,2,3,1,-1,9,2,32,6,-1,-1,-1,-1,3,E01007576,0,2
2024221519438,2024,221519438,1,9,0,-1,5,6,2,-1,0,0,0,0,0,0,4,1,-1,6,2,20,4,-1,-1,-1,-1,-1,-1,0,-1
2024111420731,2024,111420731,1,9,-1,-1,3,8,4,-1,0,1,0,0,0,0,1,9,-1,6,1,60,9,-1,-1,-1,-1,-1,-1,0,-1
2024141479322,2024,141479322,1,-1,0,-1,19,4,8,-1,4,8,2,0,0,0,0,1,-1,2,1,45,7,-1,-1,-1,-1,4,E01007816,1,3
2024052402345,2024,052402345,1,9,0,18,19,3,7,0,0,8,0,0,0,0,4,1,6,6,3,-1,-1,-1,-1,-1,-1,-1,-1,0,-1
2024401506505,2024,401506505,1,9,0,-1,-1,-1,-1,-1,-1,0,-1,-1,-1,0,1,1,-1,6,1,-1,-1,-1,-1,-1,-1,-1,-1,0,-1
2024010536759,2024,010536759,3,-1,0,18,19,1,5,99,99,9,0,99,0,0,9,1,3,7,2,47,8,-1,-1,-1,-1,5,E01001194,1,1
2024421459359,2024,421459359,1,9,0,-1,19,6,2,-1,0,0,0,0,0,0,4,9,-1,6,3,-1,-1,-1,-1,-1,-1,-1,-1,0,-1
2024201407115,2024,201407115,1,99,0,-1,19,7,3,-1,0,0,0,0,0,0,1,9,-1,6,3,-1,-1,-1,-1,-1,-1,-1,-1,0,-1
2024991427329,2024,991427329,1,9,0,-1,19,1,5,-1,0,0,0,0,0,0,1,1,-1,2,2,58,9,-1,-1,-1,-1,3,-1,0,1
2024211477042,2024,211477042,1,9,0,-1,13,2,6,-1,0,1,0,0,0,0,0,9,-1,6,3,-1,-1,-1,-1,-1,-1,-1,-1,0,-1
2024440259168,2024,440259168,2,9,0,18,19,6,2,0,0,1,0,0,0,0,1,1,2,2,1,49,8,-1,-1,-1,-1,10,E01022512,0,2
2024622400148,2024,622400148,2,1,0,18,19,4,8,0,0,0,0,0,0,0,2,1,2,2,1,52,8,-1,-1,-1,-1,1,W01001255,0,1
2024531507692,2024,531507692,2,1,0,-1,19,5,1,-1,0,1,0,0,0,0,-1,1,-1,6,1,18,4,-1,-1,-1,-1,2,E01022332,0,1
2024991497189,2024,991497189,2,4,0,-1,4,7,3,-1,0,2,2,0,0,0,4,1,-1,9,1,23,5,-1,-1,-1,-1,10,-1,0,1
2024010505435,2024,010505435,2,9,0,99,99,9,9,99,99,1,9,99,9,99,9,9,6,6,3,-1,-1,-1,-1,-1,-1,-1,-1,0,-1
2024451456018,2024,451456018,3,9,0,-1,19,6,2,-1,0,0,0,0,0,0,1,1,-1,9,1,19,4,-1,-1,-1,-1,7,E01030628,0,3
2024161503316,2024,161503316,2,9,0,-1,19,8,4,-1,0,0,0,0,0,0,1,9,-1,6,3,-1,-1,-1,-1,-1,-1,-1,-1,0,-1
2024010530611,2024,010530611,2,9,0,99,99,9,9,99,99,9,9,99,9,99,9,9,6,6,3,-1,-1,-1,-1,-1,-1,-1,-1,0,-1
2024501400123,2024,501400123,1,9,0,-1,19,1,5,-1,0,0,0,0,0,0,1,1,-1,9,2,18,4,-1,-1,-1,-1,1,E01020103,0,1
2024041481456,2024,041481456,1,9,0,-1,-1,-1,-1,-1,-1,0,-1,-1,-1,0,-1,9,-1,6,3,-1,-1,-1,-1,-1,-1,-1,-1,0,-1
2024522402300,2024,522402300,1,1,0,18,19,1,5,0,0,0,0,0,0,0,1,1,6,6,1,55,8,-1,-1,-1,-1,7,E01014712,0,1
2024201525391,2024,201525391,2,-1,0,-1,19,1,5,-1,0,1,0,0,0,0,1,1,-1,6,1,27,6,-1,-1,-1,-1,1,E01010370,1,1
2024010538043,2024,010538043,2,90,9,99,99,9,9,99,99,9,9,99,9,99,9,9,6,6,3,-1,-1,-1,-1,-1,-1,-1,-1,0,-1
2024461471501,2024,461471501,1,9,0,-1,19,-1,-1,-1,0,0,0,0,0,0,-1,9,-1,6,3,-1,-1,-1,-1,-1,-1,-1,-1,0,-1
2024010534667,2024,010534667,1,1,9,99,99,9,9,99,99,9,9,99,9,99,1,1,6,6,1,33,6,-1,-1,-1,-1,7,E01004496,0,1
2024141424045,2024,141424045,2,1,0,-1,13,6,2,-1,0,1,0,0,0,0,1,1,-1,1,1,23,5,-1,-1,-1,-1,1,E01008123,0,1
2024131431045,2024,131431045,1,9,0,-1,19,4,8,-1,0,2,0,0,0,0,2,1,-1,2,1,57,9,-1,-1,-1,-1,3,E01011784,0,2
2024311496625,2024,311496625,1,11,0,-1,4,5,1,-1,0,0,0,0,1,0,4,1,-1,1,3,-1,-1,-1,-1,-1,-1,-1,-1,0,-1
2024010498648,2024,010498648,1,9,0,18,19,5,1,2,2,1,0,0,0,0,1,1,1,1,1,58,9,-1,-1,-1,-1,3,E01001742,0,1
2024401427556,2024,401427556,1,21,1,-1,11,4,8,-1,0,0,0,0,0,0,4,2,-1,1,1,43,7,-1,-1,-1,-1,-1,-1,0,-1
2024161421530,2024,161421530,1,9,0,-1,19,6,2,-1,0,0,2,0,7,0,4,1,-1,6,1,70,10,-1,-1,-1,-1,5,E01027857,0,4
2024010533030,2024,010533030,1,9,0,9,9,8,5,0,0,2,0,0,0,0,3,1,2,2,2,20,4,-1,-1,-1,-1,2,E01001551,0,3
2024122400123,2024,122400123,1,9,0,18,19,1,5,0,0,2,0,0,3,0,1,1,6,6,1,22,5,-1,-1,-1,-1,4,E01009460,0,5
2024010529591,2024,010529591,2,1,0,5,5,8,4,0,0,1,0,0,0,0,2,1,1,1,1,24,5,-1,-1,-1,-1,2,E01032744,0,2
2024010490925,2024,010490925,2,5,0,9,9,7,4,0,0,5,0,0,0,0,4,1,2,2,1,31,6,-1,-1,-1,-1,2,E01003324,0,1
2024440484326,2024,440484326,2,9,0,9,9,5,3,0,0,8,0,0,0,0,1,1,6,6,1,-1,-1,-1,-1,-1,-1,-1,-1,0,-1
2024471450713,2024,471450713,3,9,0,-1,10,8,6,-1,0,1,0,0,0,0,0,9,-1,6,3,-1,-1,-1,-1,-1,-1,-1,-1,0,-1
2024991475934,2024,991475934,3,9,0,-1,3,6,2,-1,0,0,0,0,0,0,2,1,-1,6,1,44,7,-1,-1,-1,-1,-1,-1,0,-1
2024311526127,2024,311526127,1,9,0,-1,5,7,3,-1,0,6,0,11,0,0,2,2,-1,2,1,61,9,-1,-1,-1,-1,9,E01013982,0,1
2024010506176,2024,010506176,1,9,0,18,19,1,5,0,0,0,0,0,0,0,1,1,6,6,1,48,8,-1,-1,-1,-1,7,E01015448,0,5
2024010551572,2024,010551572,1,9,9,99,99,9,9,99,99,0,9,99,9,99,9,1,6,6,3,-1,-1,-1,-1,-1,-1,-1,-1,0,-1
2024520403166,2024,520403166,1,1,0,18,19,7,3,0,0,8,0,0,0,0,3,1,6,6,2,51,8,-1,-1,-1,-1,9,E01029263,0,1
2024010488615,2024,010488615,1,9,0,18,19,3,7,0,0,1,0,0,0,0,4,1,1,1,1,36,7,-1,-1,-1,-1,10,E01024819,0,4
2024520000158,2024,520000158,2,1,0,5,5,0,0,0,0,8,0,0,0,0,1,1,6,6,1,34,6,-1,-1,-1,-1,-1,-1,0,-1
2024010529194,2024,010529194,1,1,9,99,99,9,9,99,99,9,9,99,9,99,1,1,2,2,1,45,7,-1,-1,-1,-1,4,E01003916,0,1
2024010518514,2024,010518514,1,1,0,15,15,5,1,0,0,3,0,8,0,0,1,1,2,2,2,37,7,-1,-1,-1,-1,1,E01000524,0,1
2024471434047,2024,471434047,1,1,0,-1,19,1,5,-1,0,8,0,0,0,0,4,1,-1,9,1,34,6,-1,-1,-1,-1,9,E01034298,0,1
2024041499946,2024,041499946,3,9,0,-1,2,0,0,-1,0,8,0,0,0,0,1,1,-1,6,-1,-1,-1,-1,-1,-1,-1,-1,-1,0,-1
2024010538306,2024,010538306,1,1,9,99,99,9,9,99,99,9,9,99,9,99,9,1,6,6,2,24,5,-1,-1,-1,-1,6,E01001881,0,1
2024520401086,2024,520401086,1,9,0,7,7,4,6,0,0,8,2,0,4,6,3,1,6,6,1,17,4,-1,-1,-1,-1,6,E01029218,0,2
2024070155287,2024,070155287,1,20,0,18,19,5,1,0,0,0,0,0,0,0,1,2,6,6,1,34,6,-1,-1,-1,-1,-1,-1,0,-1
2024010491806,2024,010491806,1,9,0,5,5,3,7,0,0,1,0,0,0,0,2,1,2,2,1,27,6,-1,-1,-1,-1,5,E01001157,0,1
2024141557614,2024,141557614,2,9,0,-1,5,1,5,-1,0,1,0,0,0,0,1,1,-1,6,3,-1,-1,-1,-1,-1,-1,-1,-1,0,-1
2024161507972,2024,161507972,1,9,0,-1,19,4,8,-1,0,0,0,0,0,0,1,9,-1,6,3,-1,-1,-1,-1,-1,-1,-1,-1,0,-1
2024010524500,2024,010524500,1,1,9,99,99,9,9,99,99,9,9,99,9,99,1,1,6,6,2,24,5,-1,-1,-1,-1,2,E01003092,0,1
2024522402962,2024,522402962,2,-1,0,18,19,4,8,0,0,8,0,0,0,0,1,1,6,6,1,27,6,-1,-1,-1,-1,6,E01014531,1,1
2024010532555,2024,010532555,1,9,0,99,99,9,9,99,99,9,9,99,9,99,1,9,6,6,3,-1,-1,-1,-1,-1,-1,-1,-1,0,-1
2024010489460,2024,010489460,1,5,0,99,99,9,9,99,99,9,9,99,9,99,1,1,1,1,1,40,7,-1,-1,-1,-1,4,E01000488,0,2
2024010519083,2024,010519083,2,9,0,99,99,9,9,99,99,9,9,99,9,99,1,9,6,6,3,-1,-1,-1,-1,-1,-1,-1,-1,0,-1
2024311509054,2024,311509054,1,9,0,-1,19,5,1,-1,0,1,0,0,0,0,1,1,-1,6,1,30,6,-1,-1,-1,-1,10,E01026393,0,4
202417M110924,2024,17M110924,2,9,0,-1,19,4,8,-1,0,1,0,0,0,0,1,1,-1,6,3,-1,-1,-1,-1,-1,-1,-1,-1,0,-1
2024010496504,2024,010496504,3,8,0,18,19,1,5,0,0,8,0,0,0,0,1,1,1,1,1,54,8,-1,-1,-1,-1,8,E01021793,0,3
2024010518125,2024,010518125,2,9,0,99,99,9,9,99,99,9,9,99,9,99,1,9,6,6,3,-1,-1,-1,-1,-1,-1,-1,-1,0,-1
2024201534580,2024,201534580,2,9,0,-1,4,2,8,-1,0,0,0,0,0,0,1,1,-1,9,2,37,7,-1,-1,-1,-1,1,E01009096,0,1
2024522401664,2024,522401664,1,1,0,18,19,7,3,0,0,8,0,0,0,0,4,1,6,6,1,45,7,-1,-1,-1,-1,8,E01014754,0,1
2024332400592,2024,332400592,1,9,0,-1,9,8,6,-1,4,5,0,0,0,0,4,1,-1,6,1,50,8,-1,-1,-1,-1,1,E01013677,0,2
2024101452023,2024,101452023,2,1,0,-1,10,2,8,-1,0,5,0,0,3,0,2,1,-1,6,1,39,7,-1,-1,-1,-1,-1,-1,0,-1
2024010494608,2024,010494608,2,3,0,99,99,9,9,99,99,5,9,99,9,99,1,1,6,6,3,-1,-1,-1,-1,-1,-1,-1,-1,0,-1
2024211521687,2024,211521687,1,9,0,-1,19,4,1,-1,0,8,0,0,0,0,3,1,-1,6,1,22,5,-1,-1,-1,-1,5,E01010118,0,4
2024421486991,2024,421486991,2,1,0,-1,19,3,7,-1,9,3,0,0,1,0,4,1,-1,9,1,19,4,-1,-1,-1,-1,2,E01021292,0,1
2024131492217,2024,131492217,2,1,0,-1,19,1,5,-1,0,8,0,0,0,0,1,1,-1,1,1,43,7,-1,-1,-1,-1,6,E01011521,0,2
2024440224925,2024,440224925,1,19,0,7,7,5,8,0,0,6,0,0,0,0,3,1,1,1,1,56,9,-1,-1,-1,-1,9,E01022699,0,3
2024991450463,2024,991450463,2,1,0,-1,19,3,7,-1,0,0,0,0,0,0,1,1,-1,6,2,28,6,-1,-1,-1,-1,-1,-1,0,-1
2024122400502,2024,122400502,2,1,0,18,19,8,4,0,0,1,0,0,0,0,4,1,1,1,2,50,8,-1,-1,-1,-1,10,E01013432,0,1
2024361540806,2024,361540806,1,97,0,-1,19,3,7,-1,0,0,0,0,0,0,1,1,-1,9,1,21,5,-1,-1,-1,-1,2,E01018071,0,1
2024451497726,2024,451497726,1,9,0,-1,19,5,1,-1,0,1,0,0,0,0,1,2,-1,6,3,38,7,-1,-1,-1,-1,-1,-1,0,-1
2024302400341,2024,302400341,2,9,0,16,19,6,2,0,0,0,0,0,1,0,1,1,6,6,1,57,9,-1,-1,-1,-1,-1,-1,0,-1
2024010543011,2024,010543011,1,9,9,99,99,9,9,99,99,9,9,99,9,99,9,9,6,6,3,-1,-1,-1,-1,-1,-1,-1,-1,0,-1
2024471395124,2024,471395124,1,98,0,-1,19,3,7,-1,0,1,0,0,0,0,1,9,-1,6,3,-1,-1,-1,-1,-1,-1,-1,-1,0,-1
2024440037899,2024,440037899,2,-1,0,18,19,7,3,0,0,8,0,0,0,0,1,1,6,6,1,22,5,-1,-1,-1,-1,6,E01022503,1,1
2024101464854,2024,101464854,1,1,0,-1,19,8,4,-1,0,8,0,0,0,0,1,1,-1,9,1,12,3,-1,-1,-1,-1,7,E01027418,0,1
202460Q007676,2024,60Q007676,1,9,0,18,19,7,3,0,0,8,0,0,7,0,4,1,6,6,2,29,6,-1,-1,-1,-1,-1,-1,0,-1
2024010522945,2024,010522945,1,1,0,18,19,1,5,0,0,8,0,0,0,0,1,1,6,6,2,49,8,-1,-1,-1,-1,10,E01000794,0,1
2024430578500,2024,430578500,1,9,0,9,9,4,2,0,0,6,0,0,0,0,3,1,6,6,2,-1,-1,-1,-1,-1,-1,-1,-1,0,-1
2024351436937,2024,351436937,1,9,0,-1,8,1,3,-1,-1,1,0,0,0,0,0,1,-1,1,1,36,7,-1,-1,-1,-1,8,E01030237,0,5
2024052401506,2024,052401506,1,9,0,18,19,7,3,0,0,1,0,0,0,0,1,1,6,6,3,-1,-1,-1,-1,-1,-1,-1,-1,0,-1
2024010487523,2024,010487523,2,9,0,99,99,9,9,99,99,9,9,99,9,99,9,9,6,6,3,-1,-1,-1,-1,-1,-1,-1,-1,0,-1
2024440118673,2024,440118673,1,1,0,18,19,4,8,0,0,0,0,0,0,0,1,1,6,6,1,33,6,-1,-1,-1,-1,-1,-1,0,-1
2024440469694,2024,440469694,2,9,0,18,19,0,0,0,0,2,0,0,0,0,0,1,6,6,3,-1,-1,-1,-1,-1,-1,-1,-1,0,-1
2024421503882,2024,421503882,2,19,0,-1,19,7,3,-1,0,4,0,0,0,0,3,1,-1,1,1,43,7,-1,-1,-1,-1,5,E01017497,0,4
2024231537119,2024,231537119,1,16,0,-1,19,3,7,-1,0,0,0,0,0,0,3,1,-1,9,2,30,6,-1,-1,-1,-1,7,E01031248,0,3
2024320172691,2024,320172691,1,9,0,-1,-1,7,3,0,0,2,0,0,0,0,4,1,6,6,2,-1,-1,-1,-1,-1,-1,-1,-1,0,-1
2024351411884,2024,351411884,2,1,0,-1,19,1,5,-1,0,1,0,0,0,0,1,1,-1,6,1,24,5,-1,-1,-1,-1,10,E01033425,0,1