collision_index,collision_year,collision_ref_no,vehicle_reference,vehicle_type,towing_and_articulation,vehicle_manoeuvre_historic,vehicle_manoeuvre,vehicle_direction_from,vehicle_direction_to,vehicle_location_restricted_lane_historic,vehicle_location_restricted_lane,junction_location,skidding_and_overturning,hit_object_in_carriageway,vehicle_leaving_carriageway,hit_object_off_carriageway,first_point_of_impact,vehicle_left_hand_drive,journey_purpose_of_driver_historic,journey_purpose_of_driver,sex_of_driver,age_of_driver,age_band_of_driver,engine_capacity_cc,propulsion_code,age_of_vehicle,generic_make_model,driver_imd_decile,lsoa_of_driver,escooter_flag,driver_distance_banding
2024010506729,2024,010506729,1,90,0,99,99,9,9,99,99,9,9,99,9,99,1,9,1,1,1,30,6,-1,-1,-1,-1,8,E01000671,0,1
2024041419590,2024,041419590,1,9,0,-1,13,8,1,-1,0,0,0,0,0,0,0,9,-1,6,3,-1,-1,-1,-1,-1,-1,-1,-1,0,-1
2024461486245,2024,461486245,1,9,-1,-1,-1,-1,-1,-1,-1,0,-1,-1,-1,0,-1,9,-1,6,1,-1,-1,-1,-1,-1,-1,-1,-1,0,-1
2024122500182,2024,122500182,2,1,0,18,19,7,3,0,0,0,0,0,0,0,1,1,1,1,1,59,9,-1,-1,-1,-1,6,E01027878,0,1
2024010516148,2024,010516148,2,8,9,4,4,4,8,99,99,9,0,99,9,99,9,9,1,1,1,-1,-1,-1,-1,-1,-1,2,E01001719,0,1
2024052401914,2024,052401914,1,9,0,14,14,6,8,0,0,1,0,0,0,0,1,1,6,6,1,22,5,-1,-1,-1,-1,3,E01006996,0,1
2024041421417,2024,041421417,2,1,0,-1,12,1,5,-1,0,0,0,0,0,0,2,1,-1,7,1,12,3,-1,-1,-1,-1,4,E01012700,0,1
2024430445976,2024,430445976,1,9,0,18,19,8,4,0,0,0,1,0,0,0,1,1,6,6,1,21,5,-1,-1,-1,-1,9,E01030485,0,3
2024411427888,2024,411427888,2,1,0,-1,9,5,3,-1,0,0,0,0,0,0,1,1,-1,6,2,35,6,-1,-1,-1,-1,5,E01023936,0,1
2024010521773,2024,010521773,2,9,0,99,99,9,9,99,99,6,9,99,9,99,9,9,6,6,1,30,6,-1,-1,-1,-1,-1,-1,0,-1
2024461518665,2024,461518665,1,9,0,-1,10,3,7,-1,0,1,0,0,0,0,3,9,-1,6,3,-1,-1,-1,-1,-1,-1,-1,-1,0,-1
2024451450623,2024,451450623,1,1,0,-1,19,-1,-1,-1,0,0,0,0,0,0,0,1,-1,6,1,42,7,-1,-1,-1,-1,5,E01030971,0,1
2024451405549,2024,451405549,1,1,0,-1,5,5,1,-1,5,8,0,0,0,0,3,1,-1,2,1,17,4,-1,-1,-1,-1,9,E01030340,0,1
2024010539622,2024,010539622,1,19,0,1,1,3,7,9,9,1,0,0,0,0,2,1,6,6,3,-1,-1,-1,-1,-1,-1,-1,-1,0,-1
2024201520773,2024,201520773,1,9,0,-1,12,7,3,-1,0,0,0,0,0,0,1,9,-1,6,3,-1,-1,-1,-1,-1,-1,-1,-1,0,-1
2024430596307,2024,430596307,1,22,0,18,19,1,5,0,0,0,0,0,0,0,4,1,6,6,1,44,7,-1,-1,-1,-1,5,E01016404,0,1
2024161415609,2024,161415609,1,9,0,-1,9,3,1,-1,0,4,1,0,1,0,4,1,-1,9,2,22,5,-1,-1,-1,-1,6,E01013324,0,1
2024010551286,2024,010551286,2,1,0,18,19,8,4,0,0,1,0,0,0,0,1,1,6,6,1,23,5,-1,-1,-1,-1,5,E01000543,0,1
2024010487303,2024,010487303,6,9,0,2,2,0,0,0,0,2,0,0,0,0,2,1,6,6,3,-1,-1,-1,-1,-1,-1,-1,-1,0,-1
2024131401389,2024,131401389,2,9,0,-1,2,7,3,-1,0,8,0,0,0,0,4,1,-1,6,3,-1,-1,-1,-1,-1,-1,-1,-1,0,-1
2024010530344,2024,010530344,2,1,0,16,19,3,5,0,0,1,0,0,0,0,1,1,6,6,2,26,6,-1,-1,-1,-1,6,E01035704,0,2
2024371451770,2024,371451770,2,9,0,-1,5,1,1,-1,0,0,0,0,0,0,1,1,-1,9,1,30,6,-1,-1,-1,-1,4,E01029892,0,3
2024141491109,2024,141491109,2,98,0,-1,9,8,6,-1,0,6,0,0,0,0,0,9,-1,6,3,-1,-1,-1,-1,-1,-1,-1,-1,0,-1
2024471511279,2024,471511279,2,-1,0,-1,19,5,1,-1,0,8,0,0,0,0,3,9,-1,6,1,-1,-1,-1,-1,-1,-1,-1,-1,1,-1
2024010520204,2024,010520204,1,19,0,4,4,1,5,0,0,1,0,0,0,0,1,1,6,6,1,50,8,-1,-1,-1,-1,5,E01000589,0,1
2024361497618,2024,361497618,1,9,-1,-1,-1,-1,-1,-1,-1,0,-1,-1,-1,0,-1,9,-1,6,3,-1,-1,-1,-1,-1,-1,-1,-1,0,-1
2024991440347,2024,991440347,1,9,0,-1,19,8,4,-1,0,0,0,0,0,0,1,1,-1,6,1,22,5,-1,-1,-1,-1,8,-1,0,1
2024010549600,2024,010549600,1,1,9,99,99,9,9,99,99,9,9,99,9,99,1,1,2,2,1,39,7,-1,-1,-1,-1,3,E01002777,0,1
2024311509050,2024,311509050,1,-1,0,-1,19,1,5,-1,0,0,0,0,0,0,0,1,-1,9,2,14,3,-1,-1,-1,-1,2,E01013916,1,1
2024501505415,2024,501505415,2,9,0,-1,19,1,5,-1,0,1,0,0,0,0,1,1,-1,2,2,48,8,-1,-1,-1,-1,4,E01015178,0,1
2024430374195,2024,430374195,1,1,0,18,19,8,4,0,0,1,0,0,7,0,1,1,6,6,2,24,5,-1,-1,-1,-1,4,E01032731,0,1
2024131410822,2024,131410822,6,9,0,-1,10,6,2,-1,0,1,0,0,0,0,1,1,-1,6,1,71,10,-1,-1,-1,-1,5,E01011164,0,1
2024010497258,2024,010497258,2,-1,0,18,19,4,8,0,0,1,0,0,0,0,1,1,3,7,1,16,4,-1,-1,-1,-1,2,E01003324,1,1
2024311449466,2024,311449466,1,1,0,-1,10,8,6,-1,9,0,1,0,0,0,1,1,-1,6,1,16,4,-1,-1,-1,-1,-1,-1,0,-1
2024421447667,2024,421447667,2,9,0,-1,3,3,7,-1,0,6,0,0,0,0,1,1,-1,2,1,43,7,-1,-1,-1,-1,5,E01015888,0,3
2024451453442,2024,451453442,2,9,0,-1,19,7,3,-1,0,0,0,0,0,0,1,1,-1,9,2,51,8,-1,-1,-1,-1,5,E01031144,0,5
2024421438484,2024,421438484,2,9,0,-1,4,7,5,-1,0,8,0,0,0,0,3,1,-1,6,2,22,5,-1,-1,-1,-1,6,E01015816,0,2
2024141441464,2024,141441464,2,9,0,-1,7,6,2,-1,0,0,0,0,0,0,4,1,-1,2,1,38,7,-1,-1,-1,-1,1,E01007370,0,2
2024010542734,2024,010542734,2,1,0,18,19,3,7,0,0,1,0,0,1,0,2,1,1,1,1,23,5,-1,-1,-1,-1,2,E01003546,0,2
2024061488493,2024,061488493,2,9,0,-1,3,2,5,-1,-1,1,0,0,0,0,0,1,-1,9,1,53,8,-1,-1,-1,-1,6,E01005394,0,1
2024991475692,2024,991475692,1,9,0,-1,19,7,3,-1,0,0,5,0,1,0,1,1,-1,6,1,45,7,-1,-1,-1,-1,3,E01020871,0,5
2024010488247,2024,010488247,1,1,9,99,99,9,9,99,99,9,9,99,9,99,1,1,6,6,1,46,8,-1,-1,-1,-1,3,E01001744,0,1
2024010548937,2024,010548937,1,3,0,99,99,9,9,99,99,9,9,99,9,99,2,1,2,2,1,19,4,-1,-1,-1,-1,4,E01000722,0,2
2024311431230,2024,311431230,2,9,0,-1,5,3,5,-1,0,1,0,0,0,0,3,9,-1,6,3,30,6,-1,-1,-1,-1,-1,-1,0,-1
2024101475714,2024,101475714,2,9,0,-1,19,1,5,-1,0,1,0,0,0,0,4,1,-1,9,1,41,7,-1,-1,-1,-1,5,E01027365,0,4
2024010549736,2024,010549736,2,9,0,2,2,0,0,0,0,2,0,0,0,0,1,1,6,6,3,-1,-1,-1,-1,-1,-1,-1,-1,0,-1
2024451424165,2024,451424165,1,98,0,-1,19,5,1,-1,0,0,0,0,0,0,1,2,-1,9,1,39,7,-1,-1,-1,-1,-1,-1,0,-1
2024010537117,2024,010537117,1,9,0,18,19,1,5,0,0,4,0,0,0,0,1,1,2,2,1,23,5,-1,-1,-1,-1,7,E01000668,0,2
2024461401096,2024,461401096,4,9,0,-1,19,5,1,-1,0,0,1,0,0,0,1,9,-1,9,1,48,8,-1,-1,-1,-1,2,E01024600,0,3
2024010543504,2024,010543504,1,8,0,18,19,1,5,0,0,8,0,0,0,0,1,1,1,1,1,34,6,-1,-1,-1,-1,4,E01002593,0,3
2024430226325,2024,430226325,2,9,0,9,9,8,6,0,0,8,0,0,0,0,1,1,6,6,3,-1,-1,-1,-1,-1,-1,-1,-1,0,-1
2024061464258,2024,061464258,2,20,0,-1,99,-1,-1,-1,0,9,0,0,0,0,1,2,-1,6,1,-1,-1,-1,-1,-1,-1,1,E01005461,0,3
2024010523645,2024,010523645,2,9,0,99,99,9,9,99,99,9,9,99,9,99,9,9,6,6,3,-1,-1,-1,-1,-1,-1,-1,-1,0,-1
2024421400219,2024,421400219,2,9,0,-1,3,4,8,-1,0,0,0,0,0,0,2,1,-1,2,1,46,8,-1,-1,-1,-1,6,E01022096,0,4
2024461395648,2024,461395648,2,9,0,-1,19,6,5,-1,0,6,0,0,1,11,3,9,-1,9,1,18,4,-1,-1,-1,-1,3,E01024669,0,1
2024010494628,2024,010494628,2,9,9,99,99,9,9,99,99,9,9,99,9,99,9,9,6,6,3,-1,-1,-1,-1,-1,-1,-1,-1,0,-1
2024201395158,2024,201395158,1,9,0,-1,3,6,2,-1,0,1,0,0,0,0,2,9,-1,6,1,80,11,-1,-1,-1,-1,5,E01010109,0,2
2024010512305,2024,010512305,2,1,0,18,19,3,7,0,0,1,5,0,0,0,2,1,6,6,1,57,9,-1,-1,-1,-1,-1,-1,0,-1
2024141528194,2024,141528194,1,9,0,-1,19,8,4,-1,0,4,0,0,0,0,1,9,-1,6,1,58,9,-1,-1,-1,-1,2,E01007579,0,1
2024010492923,2024,010492923,1,9,0,18,19,7,3,0,0,0,1,0,0,0,0,1,6,6,2,49,8,-1,-1,-1,-1,10,E01003466,0,2
2024522500412,2024,522500412,2,9,0,5,5,8,4,0,0,6,0,0,0,0,1,1,6,6,3,-1,-1,-1,-1,-1,-1,-1,-1,0,-1
202454B902924,2024,54B902924,1,19,0,13,13,6,2,0,0,1,1,0,0,0,1,1,1,1,1,25,5,-1,-1,-1,-1,3,E01032118,0,3
2024411548574,2024,411548574,2,1,0,-1,19,7,3,-1,0,8,5,0,0,0,1,1,-1,1,1,23,5,-1,-1,-1,-1,4,E01023924,0,3
2024430115068,2024,430115068,2,1,0,18,19,3,7,0,0,8,0,0,7,0,4,1,2,2,1,58,9,-1,-1,-1,-1,7,E01016285,0,2
2024131458926,2024,131458926,1,9,0,-1,5,-1,-1,-1,0,6,-1,-1,-1,-1,-1,1,-1,6,3,-1,-1,-1,-1,-1,-1,-1,-1,0,-1
2024991433689,2024,991433689,1,9,0,-1,19,3,6,-1,0,0,0,0,0,0,4,1,-1,6,3,20,4,-1,-1,-1,-1,-1,-1,0,-1
2024131415359,2024,131415359,2,9,0,-1,19,5,1,-1,0,0,0,0,1,1,1,1,-1,2,1,62,9,-1,-1,-1,-1,10,E01014181,0,5
2024302400424,2024,302400424,1,9,0,9,9,8,6,0,0,8,0,0,0,0,1,1,2,2,1,26,6,-1,-1,-1,-1,8,E01013546,0,1
2024471480069,2024,471480069,1,9,0,-1,19,2,6,-1,0,0,0,0,0,0,4,9,-1,6,3,-1,-1,-1,-1,-1,-1,-1,-1,0,-1
2024332400661,2024,332400661,2,1,0,-1,19,7,3,-1,0,8,0,0,0,0,1,1,-1,6,1,32,6,-1,-1,-1,-1,4,E01013714,0,1
2024101476117,2024,101476117,2,-1,0,-1,19,6,2,-1,0,8,5,0,0,0,4,1,-1,9,1,15,3,-1,-1,-1,-1,3,E01008350,1,1
2024010506090,2024,010506090,1,1,9,99,99,9,9,99,99,9,9,99,9,99,9,1,2,2,1,40,7,-1,-1,-1,-1,2,E01000151,0,2
2024451500811,2024,451500811,2,9,0,-1,12,3,7,-1,0,0,0,0,0,0,2,1,-1,6,3,40,7,-1,-1,-1,-1,-1,-1,0,-1
2024451492976,2024,451492976,1,1,0,-1,9,5,1,-1,9,8,5,0,1,2,1,1,-1,9,1,46,8,-1,-1,-1,-1,6,E01030759,0,1
2024440490287,2024,440490287,2,1,0,18,19,3,7,0,0,0,0,0,0,0,4,1,6,6,1,12,3,-1,-1,-1,-1,5,E01022973,0,1
2024010487494,2024,010487494,2,19,0,17,19,5,1,0,0,4,0,4,0,0,1,1,1,1,1,50,8,-1,-1,-1,-1,3,E01003636,0,2
2024010492541,2024,010492541,1,1,9,99,99,9,9,99,99,1,9,99,9,99,9,1,6,6,1,37,7,-1,-1,-1,-1,5,E01004513,0,1
2024430509460,2024,430509460,1,-1,0,18,19,5,1,0,0,0,0,0,0,0,3,1,6,6,1,17,4,-1,-1,-1,-1,-1,-1,1,-1
2024451491953,2024,451491953,2,1,0,-1,19,6,2,-1,9,1,0,0,0,0,0,1,-1,9,2,42,7,-1,-1,-1,-1,8,E01030405,0,1
2024010490166,2024,010490166,2,9,0,2,2,0,0,9,9,1,0,0,0,0,3,2,6,6,3,-1,-1,-1,-1,-1,-1,-1,-1,0,-1
2024461528992,2024,461528992,2,19,0,-1,7,3,7,-1,0,2,0,0,0,0,0,9,-1,9,2,25,5,-1,-1,-1,-1,2,E01016039,0,4
202454C686824,2024,54C686824,2,1,0,18,19,1,5,0,0,2,0,0,0,0,2,1,6,6,1,54,8,-1,-1,-1,-1,6,E01031853,0,1
2024522401730,2024,522401730,1,1,0,5,5,5,1,0,0,6,0,0,0,0,1,1,6,6,1,18,4,-1,-1,-1,-1,4,E01014906,0,2
2024552400318,2024,552400318,1,-1,0,18,19,7,3,0,0,6,0,0,0,0,4,1,6,6,1,25,5,-1,-1,-1,-1,10,E01015398,1,1
2024010508653,2024,010508653,1,-1,0,18,19,1,5,0,0,1,1,0,0,0,0,1,6,6,1,27,6,-1,-1,-1,-1,-1,-1,1,-1
2024451459494,2024,451459494,1,1,0,-1,3,5,1,-1,0,0,0,0,0,0,3,1,-1,1,1,51,8,-1,-1,-1,-1,10,E01030319,0,1
2024221484166,2024,221484166,1,9,5,-1,13,6,2,-1,0,8,5,0,2,0,1,1,-1,9,1,29,6,-1,-1,-1,-1,2,E01014048,0,2
2024471459309,2024,471459309,2,1,0,-1,19,7,3,-1,0,0,0,1,0,0,1,1,-1,9,1,16,4,-1,-1,-1,-1,3,E01031553,0,2
2024010500967,2024,010500967,1,1,0,7,7,5,7,0,0,0,0,0,0,0,1,1,2,2,1,26,6,-1,-1,-1,-1,5,E01004579,0,1
2024361532687,2024,361532687,2,1,-1,-1,-1,-1,-1,-1,-1,-1,-1,-1,-1,0,-1,1,-1,6,1,42,7,-1,-1,-1,-1,8,E01026577,0,1
2024111445959,2024,111445959,2,1,0,-1,19,1,5,-1,0,1,0,0,0,0,4,1,-1,9,1,47,8,-1,-1,-1,-1,1,E01012318,0,1
2024010511594,2024,010511594,2,9,9,99,99,9,9,99,99,9,9,99,9,99,3,9,6,6,2,-1,-1,-1,-1,-1,-1,-1,-1,0,-1
2024991402716,2024,991402716,1,9,0,-1,19,5,1,-1,0,0,0,11,0,0,1,1,-1,1,1,30,6,-1,-1,-1,-1,4,-1,0,3
2024041500913,2024,041500913,1,9,0,-1,19,1,5,-1,0,1,0,0,0,0,1,1,-1,6,1,18,4,-1,-1,-1,-1,1,E01025188,0,1
2024451399120,2024,451399120,2,1,0,-1,19,3,7,-1,0,8,0,0,0,0,1,1,-1,6,1,18,4,-1,-1,-1,-1,9,E01030388,0,1
2024501436680,2024,501436680,2,9,0,-1,19,7,3,-1,0,0,0,0,0,0,1,1,-1,9,1,26,6,-1,-1,-1,-1,7,E01018934,0,2
2024010486897,2024,010486897,1,1,9,99,99,9,9,99,99,9,9,99,9,99,9,1,6,6,1,28,6,-1,-1,-1,-1,5,E01001720,0,1
2024010519684,2024,010519684,1,9,9,99,99,9,9,99,99,9,9,99,9,99,9,9,6,6,3,-1,-1,-1,-1,-1,-1,-1,-1,0,-1
2024351472104,2024,351472104,2,1,-1,-1,-1,-1,-1,-1,-1,0,-1,-1,-1,0,1,1,-1,2,1,44,7,-1,-1,-1,-1,9,E01035559,0,3
2024101441260,2024,101441260,1,9,0,-1,9,1,5,-1,0,2,0,0,0,0,1,1,-1,6,2,19,4,-1,-1,-1,-1,1,E01027412,0,1
2024010500741,2024,010500741,1,90,0,99,99,9,9,99,99,9,9,99,9,99,1,9,1,1,1,26,6,-1,-1,-1,-1,4,E01001176,0,1
2024471463378,2024,471463378,1,9,0,-1,19,7,3,-1,0,1,0,0,0,0,1,1,-1,1,1,38,7,-1,-1,-1,-1,6,E01031826,0,1
2024351454849,2024,351454849,1,1,0,-1,19,1,3,-1,0,1,5,11,0,0,1,1,-1,9,1,56,9,-1,-1,-1,-1,10,E01018176,0,1
2024411476005,2024,411476005,1,9,0,-1,19,2,5,-1,0,0,0,0,0,0,4,1,-1,9,2,43,7,-1,-1,-1,-1,9,E01023770,0,1
2024631396055,2024,631396055,2,1,0,-1,19,5,1,-1,0,0,0,0,0,0,3,1,-1,9,2,52,8,-1,-1,-1,-1,1,W01000570,0,1
2024201426731,2024,201426731,2,1,0,-1,19,8,3,-1,0,0,0,0,0,0,1,1,-1,1,1,30,6,-1,-1,-1,-1,1,E01009769,0,2
2024201430903,2024,201430903,2,1,0,-1,10,7,5,-1,0,8,0,0,0,0,1,1,-1,6,1,47,8,-1,-1,-1,-1,-1,-1,0,-1
2024070286985,2024,070286985,2,9,0,7,7,3,5,0,0,4,0,0,0,0,2,1,1,1,1,28,6,-1,-1,-1,-1,5,E01007288,0,3
2024010493541,2024,010493541,2,-1,0,18,19,5,1,0,0,0,0,0,0,0,0,1,6,6,1,58,9,-1,-1,-1,-1,2,E01001655,1,1
2024010512395,2024,010512395,1,1,0,18,19,7,3,9,9,0,0,0,0,0,3,1,6,6,2,42,7,-1,-1,-1,-1,6,E01003694,0,1
2024371414167,2024,371414167,1,9,0,-1,19,7,3,-1,0,0,0,0,1,4,1,1,-1,2,1,21,5,-1,-1,-1,-1,8,E01034570,0,3
2024010494091,2024,010494091,2,1,9,4,4,5,1,99,99,9,9,99,9,0,0,1,2,2,1,25,5,-1,-1,-1,-1,9,E01002935,0,1
2024991461296,2024,991461296,2,4,0,-1,19,7,3,-1,0,1,0,0,0,0,4,1,-1,9,1,58,9,-1,-1,-1,-1,8,-1,0,2
2024141501580,2024,141501580,1,9,0,-1,7,8,2,-1,-1,5,0,0,0,0,1,9,-1,6,3,-1,-1,-1,-1,-1,-1,-1,-1,0,-1
2024010546609,2024,010546609,2,1,0,-1,-1,1,5,5,5,1,5,0,0,0,3,1,6,6,2,23,5,-1,-1,-1,-1,2,E01001719,0,1
2024131472889,2024,131472889,1,1,0,-1,19,8,4,-1,9,0,0,0,0,0,1,1,-1,9,1,54,8,-1,-1,-1,-1,1,E01011620,0,2
2024161452899,2024,161452899,1,9,0,-1,7,5,8,-1,0,1,0,0,0,0,1,9,-1,6,3,-1,-1,-1,-1,-1,-1,-1,-1,0,-1
2024201414687,2024,201414687,2,1,0,-1,4,8,4,-1,0,1,0,0,0,0,1,1,-1,7,1,14,3,-1,-1,-1,-1,6,E01009208,0,1
2024430395464,2024,430395464,1,9,0,18,19,5,1,0,0,4,0,0,0,0,1,1,6,6,2,40,7,-1,-1,-1,-1,10,E01016654,0,1
2024010504600,2024,010504600,2,9,0,18,19,7,3,0,0,0,0,0,0,0,1,1,6,6,3,-1,-1,-1,-1,-1,-1,-1,-1,0,-1
2024221403916,2024,221403916,1,9,0,-1,19,7,3,-1,0,1,0,0,0,0,1,9,-1,2,1,42,7,-1,-1,-1,-1,3,E01032449,0,1
2024211501505,2024,211501505,1,9,0,-1,19,2,8,-1,0,1,0,0,0,0,1,1,-1,6,2,26,6,-1,-1,-1,-1,-1,-1,0,-1
2024461512502,2024,461512502,1,19,0,-1,19,1,5,-1,0,0,0,0,0,0,4,9,-1,6,3,-1,-1,-1,-1,-1,-1,-1,-1,0,-1
2024440378465,2024,440378465,2,22,0,18,19,1,5,0,0,0,0,0,0,0,1,1,6,6,1,67,10,-1,-1,-1,-1,1,E01022967,0,1
2024161426371,2024,161426371,2,1,0,-1,19,1,5,-1,0,8,0,0,0,0,2,1,-1,9,1,50,8,-1,-1,-1,-1,8,E01013011,0,1
2024010543608,2024,010543608,2,1,0,18,19,7,3,0,0,8,0,0,0,0,1,1,1,1,1,32,6,-1,-1,-1,-1,3,E01004710,0,1
2024351458306,2024,351458306,2,9,0,-1,19,1,5,-1,0,1,0,0,0,0,0,1,-1,6,-1,-1,-1,-1,-1,-1,-1,-1,-1,0,-1
2024041469507,2024,041469507,1,90,0,-1,19,3,7,-1,0,1,0,0,0,0,1,9,-1,6,1,10,2,-1,-1,-1,-1,1,E01024872,0,1
2024520001632,2024,520001632,2,9,9,18,19,9,9,0,0,0,0,0,0,0,9,9,6,6,3,-1,-1,-1,-1,-1,-1,-1,-1,0,-1
2024010497861,2024,010497861,1,3,0,99,99,9,9,99,99,9,9,99,9,99,1,1,1,1,3,37,7,-1,-1,-1,-1,1,E01000528,0,4
2024340NN0632,2024,340NN0632,1,3,0,-1,19,1,5,-1,0,1,0,0,0,0,1,1,-1,6,1,28,6,-1,-1,-1,-1,3,E01027082,0,1
2024131426975,2024,131426975,2,9,0,-1,2,0,0,-1,0,0,0,0,0,0,2,1,-1,6,-1,-1,-1,-1,-1,-1,-1,-1,-1,0,-1
2024471433640,2024,471433640,1,1,0,-1,5,8,5,-1,0,4,1,10,1,0,3,1,-1,2,1,46,8,-1,-1,-1,-1,6,E01031419,0,1
2024061466714,2024,061466714,1,9,0,-1,19,5,2,-1,0,1,0,0,0,0,-1,9,-1,6,1,-1,-1,-1,-1,-1,-1,-1,-1,0,-1
2024311565098,2024,311565098,2,9,5,-1,19,5,1,-1,0,2,0,0,3,0,3,1,-1,2,1,61,9,-1,-1,-1,-1,-1,-1,0,-1
2024111462046,2024,111462046,1,1,0,-1,19,8,4,-1,0,0,0,0,0,0,3,1,-1,6,3,10,2,-1,-1,-1,-1,-1,-1,0,-1
2024131469904,2024,131469904,2,1,0,-1,5,7,3,-1,0,8,0,0,0,0,1,1,-1,1,1,40,7,-1,-1,-1,-1,6,E01027902,0,4
2024052400033,2024,052400033,1,97,0,18,19,3,7,0,0,5,0,0,7,10,1,1,6,6,1,25,5,-1,-1,-1,-1,1,E01006659,0,3
2024010529872,2024,010529872,1,22,0,16,19,1,3,0,0,0,0,0,0,0,1,1,6,6,1,57,9,-1,-1,-1,-1,3,E01035679,0,1
2024361535996,2024,361535996,2,9,0,-1,13,7,3,-1,0,1,0,0,0,0,4,1,-1,6,1,79,11,-1,-1,-1,-1,3,E01026696,0,1
2024041406153,2024,041406153,1,9,0,-1,7,7,2,-1,0,0,0,0,0,0,0,1,-1,6,1,24,5,-1,-1,-1,-1,-1,-1,0,-1
2024010510516,2024,010510516,2,1,0,18,19,1,5,0,0,1,0,0,0,0,1,1,2,2,1,39,7,-1,-1,-1,-1,8,E01023753,0,4
2024351457064,2024,351457064,1,9,0,-1,5,6,2,-1,0,0,0,0,0,0,2,1,-1,2,1,24,5,-1,-1,-1,-1,6,E01018076,0,2
2024061476857,2024,061476857,1,1,0,-1,19,-1,-1,-1,0,1,0,0,0,0,4,1,-1,2,1,57,9,-1,-1,-1,-1,1,E01033678,0,1
2024430476902,2024,430476902,1,9,0,7,7,2,4,0,0,8,0,0,0,0,4,1,6,6,3,-1,-1,-1,-1,-1,-1,-1,-1,0,-1
2024311500969,2024,311500969,2,1,0,-1,19,1,5,-1,0,2,0,0,0,0,1,1,-1,9,1,35,6,-1,-1,-1,-1,-1,-1,0,-1
2024430480810,2024,430480810,2,9,0,18,19,4,8,0,0,1,0,0,0,0,4,1,1,1,1,32,6,-1,-1,-1,-1,1,E01017466,0,4
2024161460184,2024,161460184,1,1,0,-1,19,3,7,-1,4,1,0,0,0,0,3,1,-1,2,1,39,7,-1,-1,-1,-1,2,E01012821,0,2
2024401542241,2024,401542241,1,9,-1,-1,19,-1,-1,-1,0,0,0,0,0,0,4,9,-1,6,3,-1,-1,-1,-1,-1,-1,-1,-1,0,-1
2024231511193,2024,231511193,2,8,0,-1,2,0,0,-1,-1,0,0,0,1,4,2,9,-1,1,1,59,9,-1,-1,-1,-1,9,E01010117,0,3
2024010537400,2024,010537400,1,9,0,18,19,7,3,2,2,8,0,0,0,0,1,1,6,6,3,-1,-1,-1,-1,-1,-1,-1,-1,0,-1
2024622400546,2024,622400546,1,9,0,18,19,7,3,0,0,1,0,0,0,0,0,1,6,6,3,-1,-1,-1,-1,-1,-1,-1,-1,0,-1
2024311498568,2024,311498568,2,9,0,-1,19,6,2,-1,0,1,0,0,0,0,4,1,-1,6,1,31,6,-1,-1,-1,-1,2,E01028259,0,3
2024471417697,2024,471417697,1,9,0,-1,4,7,3,-1,9,0,0,0,0,0,1,1,-1,9,1,96,11,-1,-1,-1,-1,5,E01031392,0,1
2024010492115,2024,010492115,1,1,9,99,99,9,9,99,99,9,9,99,9,99,9,1,6,6,2,43,7,-1,-1,-1,-1,5,E01003344,0,1
2024141504857,2024,141504857,1,9,0,-1,19,5,1,-1,0,0,0,0,0,0,1,1,-1,6,3,-1,-1,-1,-1,-1,-1,-1,-1,0,-1
2024471409258,2024,471409258,1,1,0,-1,19,7,3,-1,0,2,0,0,0,0,4,1,-1,2,1,44,7,-1,-1,-1,-1,5,E01021001,0,1
2024141410015,2024,141410015,1,9,0,-1,4,7,3,-1,0,1,0,0,0,0,1,1,-1,1,2,58,9,-1,-1,-1,-1,9,E01011117,0,2
2024010534373,2024,010534373,1,9,0,99,99,9,9,99,99,9,9,99,9,99,9,9,6,6,3,-1,-1,-1,-1,-1,-1,-1,-1,0,-1
2024451493437,2024,451493437,2,1,0,-1,15,7,3,-1,0,0,0,0,0,0,1,1,-1,2,1,54,8,-1,-1,-1,-1,9,E01030846,0,4
2024010533879,2024,010533879,1,9,0,18,19,5,1,0,0,0,0,0,0,0,1,1,6,6,3,23,5,-1,-1,-1,-1,-1,-1,0,-1
2024010487105,2024,010487105,2,8,0,18,19,7,3,0,0,8,0,0,0,0,1,1,6,6,1,61,9,-1,-1,-1,-1,8,E01002372,0,4
2024610016724,2024,610016724,1,9,0,7,7,8,2,0,0,8,0,0,0,0,1,1,6,6,1,84,11,-1,-1,-1,-1,9,W01001635,0,1
2024010544885,2024,010544885,1,9,0,18,19,3,7,0,0,0,0,0,0,0,1,1,6,6,2,31,6,-1,-1,-1,-1,8,E01021755,0,4
2024211527954,2024,211527954,1,9,0,-1,10,1,5,-1,0,6,0,0,0,0,4,1,-1,6,1,52,8,-1,-1,-1,-1,5,E01029623,0,2
2024010524508,2024,010524508,2,1,0,18,19,3,7,4,4,2,2,0,0,0,1,1,6,6,1,29,6,-1,-1,-1,-1,7,E01001678,0,3
2024010506816,2024,010506816,2,1,9,99,99,9,9,99,99,0,9,99,9,99,9,1,6,6,1,-1,-1,-1,-1,-1,-1,2,E01002881,0,1
2024101398143,2024,101398143,1,9,0,-1,19,1,5,-1,0,0,0,0,0,0,1,9,-1,6,1,-1,-1,-1,-1,-1,-1,-1,-1,0,-1
2024201434373,2024,201434373,2,9,0,-1,3,1,7,-1,0,1,0,0,0,0,2,1,-1,7,1,44,7,-1,-1,-1,-1,2,E01034745,0,1
2024361504396,2024,361504396,2,1,0,-1,19,6,2,-1,0,8,0,0,0,0,2,1,-1,7,2,17,4,-1,-1,-1,-1,5,E01026647,0,1
2024430551005,2024,430551005,2,9,0,18,19,4,8,0,0,4,0,0,0,0,3,1,6,6,2,-1,-1,-1,-1,-1,-1,-1,-1,0,-1
2024520401159,2024,520401159,1,17,0,18,19,4,8,0,0,0,0,0,0,0,1,1,6,6,1,50,8,-1,-1,-1,-1,6,E01029156,0,4
2024430491812,2024,430491812,2,1,0,18,19,7,3,0,0,0,0,0,0,0,2,1,6,6,1,41,7,-1,-1,-1,-1,6,E01028530,0,1
2024010486886,2024,010486886,2,9,0,99,99,9,9,99,99,0,9,99,9,99,9,9,6,6,3,-1,-1,-1,-1,-1,-1,-1,-1,0,-1