collision_index,collision_year,collision_ref_no,vehicle_reference,vehicle_type,towing_and_articulation,vehicle_manoeuvre_historic,vehicle_manoeuvre,vehicle_direction_from,vehicle_direction_to,vehicle_location_restricted_lane_historic,vehicle_location_restricted_lane,junction_location,skidding_and_overturning,hit_object_in_carriageway,vehicle_leaving_carriageway,hit_object_off_carriageway,first_point_of_impact,vehicle_left_hand_drive,journey_purpose_of_driver_historic,journey_purpose_of_driver,sex_of_driver,age_of_driver,age_band_of_driver,engine_capacity_cc,propulsion_code,age_of_vehicle,generic_make_model,driver_imd_decile,lsoa_of_driver,escooter_flag,driver_distance_banding
2024340NN4662,2024,340NN4662,3,90,0,-1,2,0,0,-1,-1,2,0,0,0,0,3,1,-1,6,3,-1,-1,-1,-1,-1,-1,-1,-1,0,-1
2024501437002,2024,501437002,1,9,9,-1,19,8,6,-1,0,4,0,0,0,0,1,9,-1,6,3,-1,-1,-1,-1,-1,-1,-1,-1,0,-1
2024430012854,2024,430012854,1,9,0,3,3,8,4,0,0,1,0,0,0,0,2,1,1,1,1,32,6,-1,-1,-1,-1,8,E01016250,0,3
2024531408722,2024,531408722,1,1,0,-1,9,6,3,-1,0,8,5,0,0,0,4,1,-1,6,1,38,7,-1,-1,-1,-1,1,E01022319,0,1
2024010488003,2024,010488003,2,11,9,99,99,9,9,99,99,0,9,99,9,99,9,1,6,6,3,-1,-1,-1,-1,-1,-1,-1,-1,0,-1
2024522402429,2024,522402429,2,1,0,18,19,4,1,0,0,8,0,0,0,0,4,1,6,6,1,50,8,-1,-1,-1,-1,7,E01014648,0,2
2024010529420,2024,010529420,1,1,9,99,99,9,9,0,0,1,9,99,9,99,9,1,6,6,1,40,7,-1,-1,-1,-1,3,E01003315,0,1
202460Q051366,2024,60Q051366,1,9,0,4,4,7,3,0,0,1,0,0,0,0,2,1,6,6,1,56,9,-1,-1,-1,-1,-1,-1,0,-1
2024131429544,2024,131429544,1,1,0,-1,19,1,5,-1,5,8,0,0,0,0,1,1,-1,6,3,-1,-1,-1,-1,-1,-1,-1,-1,0,-1
2024421432487,2024,421432487,1,9,0,-1,9,7,5,-1,0,8,0,0,0,0,1,1,-1,6,1,23,5,-1,-1,-1,-1,7,E01021856,0,1
2024440161885,2024,440161885,1,1,0,18,19,7,3,0,0,1,0,0,0,0,3,1,2,2,2,50,8,-1,-1,-1,-1,10,E01020362,0,2
2024201508872,2024,201508872,2,97,0,-1,13,8,4,-1,0,1,0,0,0,0,1,1,-1,6,3,18,4,-1,-1,-1,-1,-1,-1,0,-1
2024421482089,2024,421482089,1,9,0,-1,19,1,5,-1,0,0,0,0,0,0,4,9,-1,6,2,-1,-1,-1,-1,-1,-1,-1,-1,0,-1
2024101499052,2024,101499052,1,9,0,-1,14,7,3,-1,0,0,0,0,0,0,4,1,-1,6,3,20,4,-1,-1,-1,-1,-1,-1,0,-1
2024311416378,2024,311416378,1,9,0,-1,19,1,5,-1,-1,0,1,0,1,10,1,1,-1,6,1,28,6,-1,-1,-1,-1,9,E01007610,0,3
2024522500025,2024,522500025,2,9,0,6,6,8,8,0,0,1,0,0,0,0,3,1,6,6,3,-1,-1,-1,-1,-1,-1,-1,-1,0,-1
2024010544463,2024,010544463,1,1,0,18,19,5,1,4,4,1,0,0,0,0,4,1,6,6,1,16,4,-1,-1,-1,-1,3,E01003922,0,1
2024991478479,2024,991478479,1,98,0,-1,19,2,6,-1,0,0,1,0,0,0,1,1,-1,6,1,63,9,-1,-1,-1,-1,-1,-1,0,-1
2024052402516,2024,052402516,1,9,0,5,5,1,5,0,0,0,0,0,0,0,4,1,6,6,1,-1,-1,-1,-1,-1,-1,9,E01007068,0,3
2024010495453,2024,010495453,1,1,0,18,19,3,7,0,0,8,0,0,0,0,1,1,6,6,1,37,7,-1,-1,-1,-1,7,E01001160,0,1
2024201491909,2024,201491909,1,9,0,-1,19,3,7,-1,0,1,0,0,0,0,0,1,-1,6,2,-1,-1,-1,-1,-1,-1,-1,-1,0,-1
2024332400094,2024,332400094,1,9,0,-1,19,5,1,-1,0,0,0,0,0,0,2,1,-1,1,3,-1,-1,-1,-1,-1,-1,-1,-1,0,-1
2024010529017,2024,010529017,2,19,0,99,99,9,9,99,99,9,9,99,9,99,9,9,6,6,3,-1,-1,-1,-1,-1,-1,-1,-1,0,-1
2024501515973,2024,501515973,2,98,0,-1,19,4,8,-1,0,0,1,0,0,0,1,2,-1,9,1,28,6,-1,-1,-1,-1,3,E01034484,0,5
2024010496823,2024,010496823,2,9,0,18,19,5,1,0,0,8,0,0,0,0,3,1,6,6,1,20,4,-1,-1,-1,-1,4,E01004411,0,2
2024471480843,2024,471480843,2,1,0,-1,19,1,5,-1,0,6,0,0,0,0,1,1,-1,9,1,12,3,-1,-1,-1,-1,6,E01031817,0,1
2024061397873,2024,061397873,2,1,0,-1,19,1,5,-1,0,8,0,0,0,0,3,1,-1,2,1,47,8,-1,-1,-1,-1,1,E01005272,0,1
2024201436510,2024,201436510,1,9,0,-1,14,1,5,-1,0,0,0,0,0,0,1,1,-1,6,3,-1,-1,-1,-1,-1,-1,-1,-1,0,-1
2024302400089,2024,302400089,1,8,0,7,7,6,1,0,0,5,0,0,0,0,1,1,6,6,3,-1,-1,-1,-1,-1,-1,5,E01019456,0,3
2024141508142,2024,141508142,1,97,0,-1,19,1,1,-1,9,0,0,0,1,0,1,1,-1,9,2,15,3,-1,-1,-1,-1,4,E01007478,0,3
2024211515796,2024,211515796,1,1,0,-1,19,3,3,-1,9,0,0,0,0,0,1,1,-1,6,1,30,6,-1,-1,-1,-1,-1,-1,0,-1
2024052400257,2024,052400257,2,1,0,18,19,5,1,0,0,1,0,0,0,0,2,1,6,6,1,16,4,-1,-1,-1,-1,5,E01006557,0,1
2024010524013,2024,010524013,2,1,0,18,19,1,5,0,0,1,0,4,0,0,1,1,6,6,1,23,5,-1,-1,-1,-1,6,E01002792,0,1
2024451409447,2024,451409447,2,9,0,-1,19,7,3,-1,0,0,0,0,0,0,0,1,-1,6,1,26,6,-1,-1,-1,-1,4,E01023146,0,1
2024201430918,2024,201430918,1,9,0,-1,19,3,7,-1,0,0,0,0,0,0,4,9,-1,6,3,50,8,-1,-1,-1,-1,-1,-1,0,-1
2024052401709,2024,052401709,2,5,0,18,19,8,4,0,0,8,1,0,0,0,3,1,6,6,1,36,7,-1,-1,-1,-1,9,E01012563,0,2
2024010544911,2024,010544911,2,9,0,99,99,9,9,99,99,9,9,99,9,99,1,9,6,6,3,-1,-1,-1,-1,-1,-1,-1,-1,0,-1
2024361431674,2024,361431674,1,3,0,-1,19,4,8,-1,0,1,5,0,0,0,1,1,-1,9,1,17,4,-1,-1,-1,-1,10,E01026860,0,1
2024401414603,2024,401414603,2,1,0,-1,5,1,5,-1,0,0,0,0,0,0,1,1,-1,6,1,73,10,-1,-1,-1,-1,6,E01032964,0,4
2024231413553,2024,231413553,1,9,0,-1,19,6,4,-1,0,0,0,0,0,0,1,1,-1,2,1,49,8,-1,-1,-1,-1,5,E01031056,0,3
2024141534928,2024,141534928,1,97,0,-1,19,1,5,-1,0,1,0,0,0,0,4,1,-1,6,1,14,3,-1,-1,-1,-1,1,E01007775,0,2
2024010504291,2024,010504291,1,1,9,99,99,9,9,4,4,9,9,99,9,99,1,1,2,2,1,39,7,-1,-1,-1,-1,6,E01002801,0,2
2024631494243,2024,631494243,1,9,0,-1,19,7,3,-1,0,8,0,0,0,0,4,1,-1,6,1,34,6,-1,-1,-1,-1,8,W01000649,0,4
2024991463991,2024,991463991,1,1,0,-1,7,6,8,-1,0,3,2,0,0,0,0,1,-1,9,1,60,9,-1,-1,-1,-1,-1,-1,0,-1
2024010496827,2024,010496827,2,9,0,3,3,3,7,0,0,1,0,0,0,0,1,1,2,2,1,41,7,-1,-1,-1,-1,8,E01021931,0,4
2024101394971,2024,101394971,1,9,-1,-1,13,1,4,-1,0,0,0,0,0,0,4,9,-1,6,1,-1,-1,-1,-1,-1,-1,-1,-1,0,-1
2024471457345,2024,471457345,1,9,0,-1,7,6,8,-1,0,2,5,0,7,9,3,1,-1,9,2,48,8,-1,-1,-1,-1,7,E01022589,0,1
2024201452587,2024,201452587,1,9,0,-1,9,4,1,-1,0,6,0,0,0,0,1,9,-1,6,1,45,7,-1,-1,-1,-1,-1,-1,0,-1
2024451433954,2024,451433954,1,1,0,-1,19,1,4,-1,0,0,0,0,0,0,1,1,-1,6,1,31,6,-1,-1,-1,-1,10,E01030417,0,1
2024061453371,2024,061453371,1,3,0,-1,7,8,2,-1,0,1,1,10,7,0,3,1,-1,6,1,27,6,-1,-1,-1,-1,2,E01006359,0,1
2024371439581,2024,371439581,2,9,0,-1,19,7,3,-1,0,1,0,0,0,0,4,2,-1,9,1,17,4,-1,-1,-1,-1,4,E01003492,0,5
2024361525385,2024,361525385,1,1,0,-1,-1,-1,-1,-1,0,-1,0,0,0,0,1,1,-1,9,1,-1,-1,-1,-1,-1,-1,2,E01026865,0,1
2024471430240,2024,471430240,1,-1,0,-1,19,1,5,-1,0,4,0,0,1,0,1,1,-1,6,2,39,7,-1,-1,-1,-1,1,E01020920,1,1
2024010491233,2024,010491233,1,3,0,99,99,9,9,99,99,9,9,99,9,99,1,1,1,1,1,-1,-1,-1,-1,-1,-1,7,E01002121,0,2
2024440314795,2024,440314795,2,1,0,17,19,8,5,0,0,2,0,0,0,0,1,1,6,6,1,-1,-1,-1,-1,-1,-1,-1,-1,0,-1
2024622400585,2024,622400585,1,9,0,9,9,8,7,0,0,5,0,0,0,0,1,1,6,6,3,-1,-1,-1,-1,-1,-1,-1,-1,0,-1
2024010494321,2024,010494321,1,3,9,99,99,9,9,99,99,9,9,99,9,99,9,1,6,6,3,29,6,-1,-1,-1,-1,3,E01001676,0,1
2024010496408,2024,010496408,1,9,0,4,4,3,7,0,0,2,0,0,0,0,1,1,1,1,1,44,7,-1,-1,-1,-1,5,E01001265,0,1
2024010546703,2024,010546703,1,9,9,99,99,9,9,99,99,9,9,99,9,99,9,9,6,6,1,41,7,-1,-1,-1,-1,3,E01002345,0,3
2024522402642,2024,522402642,1,9,0,18,19,8,4,0,0,0,1,0,7,0,1,1,6,6,1,83,11,-1,-1,-1,-1,10,E01014798,0,1
2024522401252,2024,522401252,2,1,0,18,19,5,1,0,0,8,0,0,0,0,4,1,6,6,1,59,9,-1,-1,-1,-1,4,E01014983,0,1
2024231534310,2024,231534310,1,9,0,-1,19,6,2,-1,0,8,0,0,1,11,1,1,-1,9,1,28,6,-1,-1,-1,-1,7,E01031068,0,2
2024010489898,2024,010489898,2,9,0,9,9,4,1,0,0,8,0,0,0,0,1,1,3,7,2,33,6,-1,-1,-1,-1,10,E01004117,0,1
2024131505250,2024,131505250,4,1,0,-1,19,7,3,-1,9,8,0,0,0,0,0,1,-1,9,1,11,3,-1,-1,-1,-1,5,E01011202,0,1
2024010551736,2024,010551736,2,1,9,99,99,9,9,99,99,9,9,99,9,99,1,1,6,6,2,-1,-1,-1,-1,-1,-1,-1,-1,0,-1
2024010490664,2024,010490664,2,1,0,18,19,3,7,5,5,8,5,0,0,0,1,1,2,2,2,24,5,-1,-1,-1,-1,4,E01004031,0,1
2024461508471,2024,461508471,1,97,0,-1,19,7,3,-1,0,0,0,0,0,0,1,1,-1,6,3,-1,-1,-1,-1,-1,-1,-1,-1,0,-1
2024010494592,2024,010494592,2,9,0,18,19,1,5,0,0,1,0,0,0,0,1,1,6,6,3,-1,-1,-1,-1,-1,-1,-1,-1,0,-1
2024010534745,2024,010534745,2,9,9,99,99,9,9,99,99,9,9,99,9,99,9,9,6,6,3,-1,-1,-1,-1,-1,-1,-1,-1,0,-1
2024161448247,2024,161448247,2,9,0,-1,19,5,1,-1,0,0,0,0,0,0,3,1,-1,6,3,-1,-1,-1,-1,-1,-1,-1,-1,0,-1
2024351524753,2024,351524753,1,-1,-1,-1,-1,-1,-1,-1,-1,-1,-1,-1,-1,0,-1,9,-1,6,1,-1,-1,-1,-1,-1,-1,-1,-1,1,-1
2024010494047,2024,010494047,1,9,0,99,99,9,9,99,99,9,9,99,9,99,3,9,2,2,2,50,8,-1,-1,-1,-1,2,E01002100,0,1
2024440374316,2024,440374316,1,-1,0,18,19,1,5,0,0,8,0,0,0,0,1,1,6,6,2,14,3,-1,-1,-1,-1,3,E01017225,1,1
2024440464081,2024,440464081,2,9,0,16,19,8,4,0,0,2,0,0,0,0,1,1,6,6,1,-1,-1,-1,-1,-1,-1,-1,-1,0,-1
2024010510643,2024,010510643,1,1,9,99,99,9,9,99,99,9,9,99,9,99,9,1,4,7,1,14,3,-1,-1,-1,-1,2,E01001320,0,1
2024010551793,2024,010551793,1,3,0,-1,-1,4,8,0,0,0,0,0,0,0,1,1,1,1,1,37,7,-1,-1,-1,-1,6,E01003163,0,1
2024070498338,2024,070498338,1,9,0,18,19,6,2,0,0,0,0,0,0,0,0,1,6,6,3,-1,-1,-1,-1,-1,-1,-1,-1,0,-1
2024451477350,2024,451477350,2,9,9,-1,4,5,4,-1,99,6,0,0,0,0,4,1,-1,6,1,50,8,-1,-1,-1,-1,-1,-1,0,-1
2024991401149,2024,991401149,1,19,0,-1,19,6,2,-1,0,1,0,0,7,0,1,1,-1,1,1,37,7,-1,-1,-1,-1,9,-1,0,1
2024010541613,2024,010541613,2,9,0,99,99,9,9,99,99,9,9,99,9,99,1,9,6,6,3,-1,-1,-1,-1,-1,-1,-1,-1,0,-1
2024440370489,2024,440370489,1,-1,0,18,19,3,7,0,0,8,0,0,0,0,1,1,6,6,2,36,7,-1,-1,-1,-1,3,E01017099,1,1
2024201425538,2024,201425538,1,9,0,-1,19,8,4,-1,0,0,0,0,0,0,1,1,-1,6,2,35,6,-1,-1,-1,-1,-1,-1,0,-1
2024131515241,2024,131515241,2,1,0,-1,19,4,6,-1,0,1,0,0,0,0,3,1,-1,6,1,32,6,-1,-1,-1,-1,1,E01011625,0,1
2024421409662,2024,421409662,1,9,0,-1,-1,-1,-1,-1,-1,0,-1,-1,-1,0,-1,9,-1,6,3,-1,-1,-1,-1,-1,-1,-1,-1,0,-1
2024371479038,2024,371479038,1,19,0,-1,19,5,1,-1,0,0,0,0,0,0,4,1,-1,6,3,50,8,-1,-1,-1,-1,-1,-1,0,-1
2024302400144,2024,302400144,2,1,0,18,19,6,2,0,0,1,0,0,0,0,4,1,6,6,1,37,7,-1,-1,-1,-1,3,E01013502,0,1
2024421494873,2024,421494873,1,-1,0,-1,19,3,7,-1,0,0,0,0,0,0,3,1,-1,9,1,57,9,-1,-1,-1,-1,3,E01022037,1,1
2024010522060,2024,010522060,2,9,0,99,99,9,9,99,99,9,9,99,9,99,9,9,6,6,3,-1,-1,-1,-1,-1,-1,-1,-1,0,-1
2024101486221,2024,101486221,1,9,0,-1,9,8,4,-1,0,2,0,0,0,0,1,9,-1,6,1,-1,-1,-1,-1,-1,-1,-1,-1,0,-1
2024371491969,2024,371491969,1,9,-1,-1,-1,-1,-1,-1,-1,-1,-1,-1,-1,0,-1,9,-1,6,3,-1,-1,-1,-1,-1,-1,-1,-1,0,-1
202417H104324,2024,17H104324,2,23,0,-1,19,2,6,-1,0,8,0,0,0,0,1,1,-1,9,1,19,4,-1,-1,-1,-1,6,E01020794,0,3
2024122400828,2024,122400828,1,9,0,18,19,6,4,0,0,0,0,0,0,0,1,1,6,6,3,-1,-1,-1,-1,-1,-1,-1,-1,0,-1
2024440520877,2024,440520877,2,9,0,18,19,4,8,0,0,8,0,0,0,0,1,1,6,6,1,31,6,-1,-1,-1,-1,8,E01023195,0,3
2024471487698,2024,471487698,2,98,0,-1,3,3,7,-1,0,0,0,0,0,0,0,1,-1,6,3,-1,-1,-1,-1,-1,-1,-1,-1,0,-1
2024070360722,2024,070360722,1,9,0,18,19,6,2,0,0,0,1,0,0,0,1,2,6,6,1,24,5,-1,-1,-1,-1,4,E01018726,0,2
2024430162789,2024,430162789,1,9,0,5,5,9,9,0,0,0,0,0,0,0,1,2,6,6,1,32,6,-1,-1,-1,-1,-1,-1,0,-1
2024061513252,2024,061513252,1,1,0,-1,7,-1,-1,-1,0,2,0,0,0,0,3,1,-1,2,1,31,6,-1,-1,-1,-1,10,E01033998,0,1
2024010526992,2024,010526992,2,9,0,99,99,9,9,99,99,9,9,99,9,99,1,9,6,6,3,27,6,-1,-1,-1,-1,7,E01002222,0,2
2024041429322,2024,041429322,1,9,0,-1,19,5,1,-1,0,0,0,0,0,0,1,1,-1,6,3,-1,-1,-1,-1,-1,-1,-1,-1,0,-1
202417S305624,2024,17S305624,1,1,0,-1,19,5,1,-1,0,0,0,0,0,0,2,1,-1,9,1,49,8,-1,-1,-1,-1,-1,-1,0,-1
2024052401710,2024,052401710,1,9,0,13,13,1,5,0,0,0,0,0,0,0,4,1,6,6,3,-1,-1,-1,-1,-1,-1,-1,-1,0,-1
2024421417680,2024,421417680,1,9,0,-1,19,6,2,-1,0,0,0,0,0,0,3,1,-1,9,2,76,11,-1,-1,-1,-1,7,E01021913,0,2
2024311475736,2024,311475736,2,9,0,-1,19,5,3,-1,0,4,0,0,0,0,1,1,-1,9,1,49,8,-1,-1,-1,-1,5,E01028024,0,1
2024540978024,2024,540978024,1,9,0,18,19,4,1,0,0,0,0,0,0,0,1,1,6,6,1,86,11,-1,-1,-1,-1,10,E01031903,0,1
2024041411683,2024,041411683,2,1,0,-1,19,3,5,-1,0,8,5,0,1,0,1,1,-1,1,1,59,9,-1,-1,-1,-1,10,E01025019,0,1
2024041405026,2024,041405026,3,1,0,-1,19,1,5,-1,0,0,5,0,0,0,1,1,-1,2,2,36,7,-1,-1,-1,-1,1,E01034336,0,1
2024010527288,2024,010527288,2,1,0,10,10,4,1,0,0,0,0,0,0,0,2,1,1,1,1,25,5,-1,-1,-1,-1,5,E01000620,0,1
2024010514200,2024,010514200,1,1,9,99,99,9,9,99,99,9,9,99,9,99,1,1,6,6,3,-1,-1,-1,-1,-1,-1,-1,-1,0,-1
2024231403491,2024,231403491,2,9,0,-1,19,8,4,-1,0,8,0,0,0,0,1,9,-1,6,1,58,9,-1,-1,-1,-1,6,E01031031,0,2
2024010494229,2024,010494229,2,9,0,99,99,9,9,99,99,9,9,99,9,99,9,9,6,6,3,-1,-1,-1,-1,-1,-1,-1,-1,0,-1
2024421405402,2024,421405402,1,90,0,-1,19,7,3,-1,0,0,0,0,0,0,1,1,-1,6,-1,-1,-1,-1,-1,-1,-1,-1,-1,0,-1
2024430315635,2024,430315635,1,9,0,10,10,5,3,0,0,1,0,0,0,0,2,1,3,7,1,45,7,-1,-1,-1,-1,8,E01017688,0,2
2024411412278,2024,411412278,2,9,-1,-1,-1,-1,-1,-1,-1,0,-1,-1,-1,0,-1,9,-1,6,3,-1,-1,-1,-1,-1,-1,-1,-1,0,-1
2024440449652,2024,440449652,2,1,0,18,19,4,8,0,0,8,0,0,0,0,4,1,2,2,1,44,7,-1,-1,-1,-1,2,E01017165,0,2
2024201432223,2024,201432223,1,9,0,-1,19,3,8,-1,0,2,0,0,0,0,1,1,-1,6,1,-1,-1,-1,-1,-1,-1,-1,-1,0,-1
2024231429937,2024,231429937,1,9,0,-1,7,6,2,-1,0,3,0,0,0,0,9,9,-1,6,3,42,7,-1,-1,-1,-1,-1,-1,0,-1
2024061440621,2024,061440621,2,1,0,-1,15,-1,-1,-1,4,8,0,1,0,0,1,1,-1,6,1,-1,-1,-1,-1,-1,-1,3,E01034131,0,3
2024010515435,2024,010515435,1,1,9,99,99,9,9,99,99,9,9,99,9,99,1,1,2,2,2,50,8,-1,-1,-1,-1,9,E01004281,0,1
2024421441645,2024,421441645,2,9,0,-1,14,2,6,-1,0,0,0,0,0,0,1,1,-1,1,1,18,4,-1,-1,-1,-1,3,E01021565,0,1
2024061450001,2024,061450001,2,9,0,-1,-1,-1,-1,-1,-1,0,-1,-1,-1,0,-1,1,-1,6,3,-1,-1,-1,-1,-1,-1,-1,-1,0,-1
2024010514230,2024,010514230,3,9,0,4,4,1,5,0,0,1,0,0,0,0,1,1,6,6,1,33,6,-1,-1,-1,-1,2,E01002800,0,1
2024430482273,2024,430482273,2,9,0,13,13,7,3,0,0,1,0,0,0,0,4,1,6,6,3,-1,-1,-1,-1,-1,-1,-1,-1,0,-1
2024201430690,2024,201430690,1,9,0,-1,9,6,4,-1,0,6,0,0,0,0,1,9,-1,6,1,16,4,-1,-1,-1,-1,-1,-1,0,-1
2024010540058,2024,010540058,1,1,0,18,19,7,3,5,5,0,1,0,0,0,0,1,2,2,1,46,8,-1,-1,-1,-1,2,E01002564,0,1
2024101467815,2024,101467815,1,9,0,-1,9,7,5,-1,0,8,0,0,0,0,1,1,-1,2,1,42,7,-1,-1,-1,-1,3,E01033545,0,1
2024101404624,2024,101404624,3,20,0,-1,4,1,5,-1,0,0,0,0,0,0,2,1,-1,1,1,43,7,-1,-1,-1,-1,-1,-1,0,-1
2024010508205,2024,010508205,1,1,9,99,99,9,9,99,99,0,9,99,9,99,9,1,2,2,1,50,8,-1,-1,-1,-1,5,E01004465,0,1
2024451454175,2024,451454175,1,1,0,-1,14,-1,-1,-1,0,0,0,0,0,0,4,1,-1,2,1,46,8,-1,-1,-1,-1,7,E01030864,0,1
2024010497070,2024,010497070,1,1,9,99,99,9,9,99,99,9,9,99,9,99,2,1,6,6,1,14,3,-1,-1,-1,-1,5,E01003639,0,1
2024101479283,2024,101479283,2,1,0,-1,19,1,5,-1,9,0,0,0,0,0,1,1,-1,9,1,16,4,-1,-1,-1,-1,3,E01008379,0,1
202417H106724,2024,17H106724,1,1,0,-1,19,3,7,-1,0,6,0,0,0,0,1,1,-1,9,1,14,3,-1,-1,-1,-1,1,E01033466,0,1
2024461415087,2024,461415087,1,99,0,-1,19,5,1,-1,0,0,0,0,0,0,4,9,-1,6,3,-1,-1,-1,-1,-1,-1,-1,-1,0,-1
2024201508811,2024,201508811,1,99,0,-1,19,6,2,-1,0,0,0,0,0,0,1,9,-1,6,3,16,4,-1,-1,-1,-1,-1,-1,0,-1
2024141422665,2024,141422665,2,9,0,-1,7,5,8,-1,0,1,0,0,0,0,1,9,-1,6,1,26,6,-1,-1,-1,-1,-1,-1,0,-1
2024010489243,2024,010489243,1,9,0,9,9,2,8,0,0,2,0,0,0,0,3,1,6,6,2,64,9,-1,-1,-1,-1,2,E01002033,0,1
2024010519781,2024,010519781,1,1,9,99,99,9,9,99,99,9,9,99,9,99,9,1,6,6,2,31,6,-1,-1,-1,-1,5,E01033099,0,1
2024041479708,2024,041479708,1,1,0,-1,19,3,7,-1,0,0,0,0,0,0,-1,1,-1,6,1,51,8,-1,-1,-1,-1,1,E01012586,0,3
2024411533979,2024,411533979,1,9,0,-1,9,1,7,-1,0,5,0,0,0,0,1,1,-1,6,2,26,6,-1,-1,-1,-1,10,E01033609,0,1
2024131508245,2024,131508245,2,1,0,-1,19,1,5,-1,0,8,0,0,0,0,2,1,-1,9,1,60,9,-1,-1,-1,-1,7,E01011571,0,1
2024340WN2872,2024,340WN2872,2,1,0,-1,19,5,1,-1,0,0,0,0,0,0,3,1,-1,9,1,49,8,-1,-1,-1,-1,10,E01027001,0,2
2024211481587,2024,211481587,2,9,0,-1,7,8,2,-1,0,4,0,0,0,0,3,1,-1,6,-1,-1,-1,-1,-1,-1,-1,-1,-1,0,-1
2024041452423,2024,041452423,2,1,0,-1,19,3,7,-1,0,0,0,0,0,0,1,1,-1,6,1,73,10,-1,-1,-1,-1,1,E01012622,0,1
2024041432010,2024,041432010,1,9,0,-1,4,5,1,-1,9,0,0,0,0,0,4,1,-1,6,3,-1,-1,-1,-1,-1,-1,-1,-1,0,-1
2024070637903,2024,070637903,1,21,1,4,4,3,7,0,0,0,1,7,0,0,1,1,1,1,1,37,7,-1,-1,-1,-1,1,E01005756,0,4
2024010540235,2024,010540235,1,9,0,4,4,7,3,0,0,1,0,0,0,0,2,1,6,6,3,-1,-1,-1,-1,-1,-1,-1,-1,0,-1
2024141450062,2024,141450062,2,98,0,-1,19,1,6,-1,0,1,0,0,0,0,3,9,-1,6,3,-1,-1,-1,-1,-1,-1,-1,-1,0,-1
2024010489430,2024,010489430,1,9,0,18,19,5,1,0,0,1,0,0,0,0,1,1,6,6,1,59,9,-1,-1,-1,-1,4,E01003231,0,1
2024010550141,2024,010550141,2,8,0,2,2,0,0,6,6,0,0,0,0,0,2,1,6,6,3,-1,-1,-1,-1,-1,-1,-1,-1,0,-1
2024332401240,2024,332401240,2,9,0,-1,19,1,5,-1,0,0,0,0,0,0,1,1,-1,9,2,61,9,-1,-1,-1,-1,6,E01002719,0,5
2024461417191,2024,461417191,1,1,0,-1,19,2,6,-1,0,8,0,0,0,0,4,1,-1,7,1,11,3,-1,-1,-1,-1,7,E01024635,0,1
2024531509924,2024,531509924,2,1,0,-1,19,7,3,-1,0,3,0,0,0,0,1,1,-1,6,2,46,8,-1,-1,-1,-1,7,E01022391,0,2
2024522402979,2024,522402979,2,9,0,18,19,9,9,0,0,8,0,0,0,0,1,1,6,6,3,-1,-1,-1,-1,-1,-1,-1,-1,0,-1
2024361478817,2024,361478817,2,9,0,-1,19,3,1,-1,0,4,0,0,0,0,1,1,-1,6,2,20,4,-1,-1,-1,-1,6,E01026446,0,3
2024041421129,2024,041421129,1,-1,0,-1,19,3,7,-1,0,1,0,0,0,0,2,1,-1,9,1,25,5,-1,-1,-1,-1,1,E01012751,1,1
2024211468489,2024,211468489,2,1,0,-1,19,5,1,-1,0,1,0,0,0,0,1,1,-1,6,1,18,4,-1,-1,-1,-1,4,E01029834,0,1
2024010526275,2024,010526275,1,1,0,18,19,1,5,4,4,0,0,0,1,0,3,1,6,6,1,56,9,-1,-1,-1,-1,6,E01002022,0,2
2024411404267,2024,411404267,2,9,0,-1,19,7,3,-1,0,8,0,0,0,0,2,9,-1,1,1,28,6,-1,-1,-1,-1,-1,-1,0,-1
2024010497158,2024,010497158,1,3,0,99,99,9,9,99,99,9,9,99,9,99,9,1,2,2,1,29,6,-1,-1,-1,-1,5,E01023192,0,4
2024141396565,2024,141396565,1,9,0,-1,19,3,7,-1,0,0,0,0,7,9,1,1,-1,9,1,18,4,-1,-1,-1,-1,4,E01007489,0,1
2024991423616,2024,991423616,1,9,0,-1,19,6,2,-1,0,8,0,0,0,0,4,9,-1,6,1,50,8,-1,-1,-1,-1,-1,-1,0,-1
2024991530380,2024,991530380,2,9,0,-1,19,7,3,-1,0,0,0,0,0,0,1,1,-1,1,1,34,6,-1,-1,-1,-1,5,-1,0,3
2024401429930,2024,401429930,2,1,0,-1,19,3,7,-1,0,0,0,0,0,0,3,1,-1,6,1,46,8,-1,-1,-1,-1,9,E01017414,0,1
2024461478944,2024,461478944,2,1,0,-1,19,3,7,-1,0,8,5,0,0,0,2,1,-1,2,1,24,5,-1,-1,-1,-1,8,E01024575,0,2
2024010493627,2024,010493627,1,9,0,99,99,9,9,99,99,9,9,99,9,99,1,9,6,6,3,-1,-1,-1,-1,-1,-1,9,E01003797,0,1
2024010489738,2024,010489738,2,9,0,8,8,4,5,0,0,8,0,0,0,0,1,1,6,6,3,-1,-1,-1,-1,-1,-1,-1,-1,0,-1
2024010489094,2024,010489094,1,9,0,18,19,7,3,0,0,5,0,0,0,0,2,1,6,6,2,33,6,-1,-1,-1,-1,2,E01017594,0,4
2024421468715,2024,421468715,1,1,0,-1,5,5,1,-1,0,6,0,0,0,0,3,1,-1,9,1,16,4,-1,-1,-1,-1,8,E01021677,0,1
2024010523686,2024,010523686,2,9,0,13,13,9,9,99,99,1,9,99,9,99,9,9,6,6,3,-1,-1,-1,-1,-1,-1,-1,-1,0,-1
2024351516793,2024,351516793,1,9,-1,-1,-1,-1,-1,-1,-1,0,-1,-1,-1,0,-1,9,-1,6,3,-1,-1,-1,-1,-1,-1,-1,-1,0,-1
2024010542809,2024,010542809,1,1,9,99,99,9,9,99,99,9,9,99,9,99,9,1,2,2,1,54,8,-1,-1,-1,-1,8,E01004748,0,2
2024041504519,2024,041504519,1,9,0,-1,19,-1,-1,-1,0,1,0,0,0,0,-1,9,-1,6,3,-1,-1,-1,-1,-1,-1,-1,-1,0,-1
2024991403562,2024,991403562,1,1,0,-1,19,7,2,-1,0,2,0,0,0,0,3,1,-1,9,1,55,8,-1,-1,-1,-1,8,-1,0,1
2024471431212,2024,471431212,2,9,0,-1,19,1,5,-1,0,1,0,0,0,0,1,1,-1,9,2,52,8,-1,-1,-1,-1,3,E01031459,0,3
2024061451479,2024,061451479,1,9,0,-1,19,7,3,-1,0,2,0,0,0,0,1,1,-1,6,1,21,5,-1,-1,-1,-1,-1,-1,0,-1