collision_index,collision_year,collision_ref_no,vehicle_reference,vehicle_type,towing_and_articulation,vehicle_manoeuvre_historic,vehicle_manoeuvre,vehicle_direction_from,vehicle_direction_to,vehicle_location_restricted_lane_historic,vehicle_location_restricted_lane,junction_location,skidding_and_overturning,hit_object_in_carriageway,vehicle_leaving_carriageway,hit_object_off_carriageway,first_point_of_impact,vehicle_left_hand_drive,journey_purpose_of_driver_historic,journey_purpose_of_driver,sex_of_driver,age_of_driver,age_band_of_driver,engine_capacity_cc,propulsion_code,age_of_vehicle,generic_make_model,driver_imd_decile,lsoa_of_driver,escooter_flag,driver_distance_banding
2024401396207,2024,401396207,1,19,0,-1,19,-1,-1,-1,-1,8,0,0,0,0,-1,9,-1,6,3,-1,-1,-1,-1,-1,-1,-1,-1,0,-1
2024401498481,2024,401498481,2,1,0,-1,19,1,5,-1,0,1,0,0,0,0,1,1,-1,6,1,16,4,-1,-1,-1,-1,3,E01015730,0,1
2024010544963,2024,010544963,1,1,0,5,5,1,5,0,0,3,0,0,0,0,1,1,2,2,2,56,9,-1,-1,-1,-1,9,E01003365,0,1
2024501473140,2024,501473140,2,19,0,-1,19,2,6,-1,0,0,0,0,0,0,1,1,-1,9,1,41,7,-1,-1,-1,-1,9,E01012346,0,5
2024010490973,2024,010490973,1,4,0,3,3,5,1,0,0,4,0,0,0,0,2,1,6,6,1,35,6,-1,-1,-1,-1,4,E01001995,0,2
2024010532263,2024,010532263,2,5,0,3,3,2,6,0,0,1,2,0,0,0,1,1,6,6,1,65,9,-1,-1,-1,-1,9,E01015684,0,5
2024481566996,2024,481566996,2,1,0,-1,13,3,7,-1,0,0,0,0,0,0,3,1,-1,9,1,28,6,-1,-1,-1,-1,-1,-1,0,-1
2024141507881,2024,141507881,2,9,0,-1,19,1,5,-1,0,0,0,0,0,0,1,1,-1,6,1,50,8,-1,-1,-1,-1,10,E01008237,0,5
2024010526584,2024,010526584,1,9,0,18,19,5,1,0,0,1,0,0,0,0,3,1,6,6,3,24,5,-1,-1,-1,-1,6,E01000623,0,3
2024552400659,2024,552400659,2,1,0,18,19,1,5,4,4,8,0,0,0,0,3,1,6,6,1,63,9,-1,-1,-1,-1,4,E01020584,0,1
2024302401594,2024,302401594,2,-1,0,18,19,6,2,0,0,8,0,0,0,0,4,1,6,6,1,8,2,-1,-1,-1,-1,1,E01019488,1,3
2024010538580,2024,010538580,2,1,9,99,99,9,9,99,99,9,9,99,9,99,9,1,6,6,1,32,6,-1,-1,-1,-1,6,E01001029,0,1
2024010493351,2024,010493351,2,1,0,9,9,8,5,9,9,2,0,0,0,0,2,1,2,2,2,27,6,-1,-1,-1,-1,3,E01004062,0,1
2024361508119,2024,361508119,2,19,-1,-1,-1,-1,-1,-1,-1,0,-1,-1,-1,0,-1,1,-1,9,2,33,6,-1,-1,-1,-1,4,E01026677,0,1
2024430160032,2024,430160032,1,9,0,9,9,1,7,0,0,1,0,0,0,0,1,1,6,6,1,75,10,-1,-1,-1,-1,8,E01035255,0,1
2024010486993,2024,010486993,1,8,0,99,99,9,9,99,99,9,9,99,9,99,2,9,1,1,1,50,8,-1,-1,-1,-1,7,E01001346,0,3
2024061466035,2024,061466035,2,9,-1,-1,-1,-1,-1,-1,-1,0,-1,-1,-1,0,-1,9,-1,6,3,-1,-1,-1,-1,-1,-1,-1,-1,0,-1
2024201525118,2024,201525118,1,9,0,-1,19,2,8,-1,9,6,0,0,0,0,1,9,-1,6,1,20,4,-1,-1,-1,-1,-1,-1,0,-1
2024010513621,2024,010513621,1,9,0,18,19,7,3,0,0,1,0,0,0,0,1,2,6,6,3,-1,-1,-1,-1,-1,-1,-1,-1,0,-1
2024231404236,2024,231404236,2,9,0,-1,4,8,4,-1,0,0,0,0,0,0,2,1,-1,7,1,42,7,-1,-1,-1,-1,3,E01032254,0,1
2024161401459,2024,161401459,2,-1,0,-1,9,5,1,-1,0,4,0,0,0,0,2,1,-1,9,1,12,3,-1,-1,-1,-1,1,E01012842,1,1
2024211426162,2024,211426162,1,9,0,-1,7,3,5,-1,0,6,1,0,0,0,4,1,-1,2,2,17,4,-1,-1,-1,-1,6,E01029647,0,1
2024461518445,2024,461518445,1,9,0,-1,19,8,4,-1,0,0,1,0,7,9,1,9,-1,6,1,31,6,-1,-1,-1,-1,2,E01000052,0,4
2024440186786,2024,440186786,1,1,0,18,19,8,4,0,0,0,0,0,0,0,4,1,6,6,1,53,8,-1,-1,-1,-1,9,E01023701,0,5
2024010494425,2024,010494425,1,9,0,99,99,9,9,99,99,0,9,99,9,99,2,9,6,6,1,40,7,-1,-1,-1,-1,3,E01003221,0,3
2024161496090,2024,161496090,2,1,0,-1,7,5,7,-1,0,4,0,0,0,0,3,1,-1,6,2,46,8,-1,-1,-1,-1,1,E01012859,0,1
2024010533269,2024,010533269,2,9,0,99,99,9,9,99,99,9,9,99,9,99,1,9,6,6,3,-1,-1,-1,-1,-1,-1,-1,-1,0,-1
2024351440758,2024,351440758,1,-1,0,-1,19,1,5,-1,0,0,0,0,0,0,1,1,-1,9,1,21,5,-1,-1,-1,-1,5,E01018273,1,1
2024122400816,2024,122400816,1,9,0,4,4,3,7,0,0,8,0,0,0,0,1,1,6,6,1,40,7,-1,-1,-1,-1,6,E01010594,0,4
2024540978024,2024,540978024,2,9,0,18,19,1,4,0,0,0,0,0,0,0,1,1,3,7,2,38,7,-1,-1,-1,-1,8,E01034530,0,3
2024430586065,2024,430586065,1,9,0,15,15,5,1,0,0,0,0,0,0,0,1,1,2,2,1,41,7,-1,-1,-1,-1,6,E01016478,0,2
2024201437372,2024,201437372,2,8,0,-1,13,6,2,-1,0,0,0,0,0,0,2,9,-1,6,3,-1,-1,-1,-1,-1,-1,-1,-1,0,-1
2024361473685,2024,361473685,2,1,0,-1,19,6,4,-1,0,1,2,0,0,0,1,1,-1,9,1,45,7,-1,-1,-1,-1,6,E01033435,0,2
2024610021824,2024,610021824,1,1,0,16,19,1,4,0,0,3,0,4,0,0,1,1,6,6,1,38,7,-1,-1,-1,-1,5,W01001603,0,1
2024320155943,2024,320155943,1,9,0,-1,-1,8,4,0,0,1,0,0,0,0,1,1,6,6,1,86,11,-1,-1,-1,-1,4,E01026268,0,4
2024361497805,2024,361497805,1,98,0,-1,19,8,5,-1,0,8,0,0,0,0,0,9,-1,6,3,-1,-1,-1,-1,-1,-1,-1,-1,0,-1
2024010499605,2024,010499605,1,-1,0,18,19,7,3,0,0,0,0,0,0,0,4,1,6,6,1,-1,-1,-1,-1,-1,-1,-1,-1,1,-1
2024161450826,2024,161450826,2,1,0,-1,7,4,6,-1,0,1,0,0,0,0,3,1,-1,2,1,55,8,-1,-1,-1,-1,5,E01012995,0,1
2024231489661,2024,231489661,3,9,0,-1,4,1,5,-1,0,1,0,0,0,0,2,1,-1,6,1,42,7,-1,-1,-1,-1,7,E01031011,0,1
2024010496948,2024,010496948,2,9,0,2,2,0,0,0,0,1,0,0,0,0,1,1,6,6,3,-1,-1,-1,-1,-1,-1,-1,-1,0,-1
2024522401759,2024,522401759,1,1,0,18,19,7,3,0,0,8,0,0,0,0,3,1,6,6,1,44,7,-1,-1,-1,-1,5,E01014973,0,1
2024552401004,2024,552401004,2,1,0,16,19,2,5,0,0,8,0,0,0,0,1,1,6,6,2,66,10,-1,-1,-1,-1,7,E01015370,0,1
2024101480017,2024,101480017,2,9,0,-1,5,5,1,-1,0,4,0,0,0,0,4,1,-1,6,2,18,4,-1,-1,-1,-1,1,E01027542,0,1
2024101403212,2024,101403212,2,1,0,-1,19,2,6,-1,0,8,0,0,0,0,1,1,-1,9,1,70,10,-1,-1,-1,-1,3,E01032483,0,1
2024201488435,2024,201488435,1,-1,0,-1,19,6,2,-1,9,0,0,0,0,0,4,1,-1,6,1,18,4,-1,-1,-1,-1,-1,-1,1,-1
2024010535674,2024,010535674,1,1,9,99,99,9,9,99,99,1,9,99,9,99,9,1,2,2,3,40,7,-1,-1,-1,-1,10,E01003380,0,2
2024401526011,2024,401526011,1,9,0,-1,5,-1,-1,-1,0,0,0,0,1,0,1,9,-1,9,2,42,7,-1,-1,-1,-1,7,E01017578,0,1
2024440328206,2024,440328206,2,21,1,18,19,6,2,0,0,0,0,0,0,0,1,1,1,1,1,70,10,-1,-1,-1,-1,8,E01030950,0,4
2024545728424,2024,545728424,2,4,0,18,19,2,6,0,0,1,0,0,0,0,3,1,6,6,1,66,10,-1,-1,-1,-1,4,E01032008,0,1
2024501401401,2024,501401401,3,9,0,-1,10,8,6,-1,0,1,0,0,0,0,2,1,-1,6,3,-1,-1,-1,-1,-1,-1,-1,-1,0,-1
2024461481802,2024,461481802,1,1,0,-1,19,2,6,-1,0,1,0,0,0,0,1,1,-1,9,1,50,8,-1,-1,-1,-1,10,E01024474,0,1
2024010544400,2024,010544400,1,1,0,18,19,3,7,4,4,1,0,0,0,0,1,1,2,2,1,49,8,-1,-1,-1,-1,2,E01034176,0,3
2024501415010,2024,501415010,2,9,0,-1,19,8,4,-1,0,0,0,0,0,0,1,9,-1,9,2,59,9,-1,-1,-1,-1,9,E01030934,0,5
2024471425454,2024,471425454,2,1,0,-1,4,1,4,-1,0,4,0,0,0,0,2,1,-1,9,1,59,9,-1,-1,-1,-1,5,E01021211,0,1
2024131469865,2024,131469865,1,9,0,-1,-1,-1,-1,-1,-1,-1,-1,-1,-1,-1,-1,1,-1,6,3,-1,-1,-1,-1,-1,-1,-1,-1,0,-1
2024311400338,2024,311400338,1,9,0,-1,19,5,1,-1,0,1,0,0,0,0,1,1,-1,6,1,49,8,-1,-1,-1,-1,-1,-1,0,-1
2024221457650,2024,221457650,2,9,0,-1,4,2,6,-1,0,0,0,0,0,0,2,9,-1,6,3,42,7,-1,-1,-1,-1,-1,-1,0,-1
2024421498057,2024,421498057,3,9,0,-1,-1,-1,-1,-1,-1,-1,-1,-1,-1,0,-1,9,-1,6,3,-1,-1,-1,-1,-1,-1,-1,-1,0,-1
2024010517785,2024,010517785,2,9,0,99,99,9,9,99,99,9,9,99,9,99,9,9,6,6,3,-1,-1,-1,-1,-1,-1,-1,-1,0,-1
2024101486367,2024,101486367,1,8,0,-1,5,1,2,-1,0,0,0,0,0,0,0,1,-1,1,1,-1,-1,-1,-1,-1,-1,-1,-1,0,-1
2024461451270,2024,461451270,2,1,0,-1,19,1,5,-1,0,1,0,0,0,0,1,1,-1,9,1,57,9,-1,-1,-1,-1,10,E01024781,0,4
2024332401175,2024,332401175,2,9,0,-1,2,0,0,-1,-1,1,0,0,0,0,3,1,-1,6,2,77,11,-1,-1,-1,-1,8,E01032599,0,1
2024131434331,2024,131434331,1,1,0,-1,19,5,1,-1,9,8,0,0,0,0,1,1,-1,6,1,33,6,-1,-1,-1,-1,2,E01010815,0,1
2024401458395,2024,401458395,1,8,0,-1,1,2,6,-1,0,0,5,4,0,0,1,1,-1,9,1,20,4,-1,-1,-1,-1,2,E01015704,0,1
2024071054965,2024,071054965,1,9,0,-1,19,2,6,-1,0,8,0,0,1,0,1,1,-1,6,2,74,10,-1,-1,-1,-1,9,E01018470,0,1
2024311463998,2024,311463998,2,1,0,-1,19,1,5,-1,0,0,0,0,0,0,3,1,-1,9,1,15,3,-1,-1,-1,-1,-1,-1,0,-1
2024052401881,2024,052401881,1,1,0,18,19,4,8,0,0,0,0,0,0,0,1,1,6,6,1,14,3,-1,-1,-1,-1,3,E01007236,0,1
2024010532590,2024,010532590,2,3,0,99,99,9,9,99,99,9,9,99,9,99,1,1,6,6,3,-1,-1,-1,-1,-1,-1,-1,-1,0,-1
2024461440673,2024,461440673,1,9,0,-1,19,1,5,-1,0,0,0,0,0,0,4,9,-1,6,3,-1,-1,-1,-1,-1,-1,-1,-1,0,-1
2024501515849,2024,501515849,2,22,0,-1,19,4,8,-1,0,0,5,0,0,0,3,1,-1,6,2,89,11,-1,-1,-1,-1,6,E01020231,0,1
2024010490749,2024,010490749,1,9,0,9,9,7,5,0,0,8,0,0,0,0,1,1,6,6,3,-1,-1,-1,-1,-1,-1,-1,-1,0,-1
2024211464819,2024,211464819,2,9,-1,-1,-1,-1,-1,-1,-1,-1,-1,-1,-1,0,-1,9,-1,1,1,-1,-1,-1,-1,-1,-1,-1,-1,0,-1
2024010543152,2024,010543152,1,1,9,99,99,9,9,99,99,9,9,99,9,99,9,1,6,6,1,28,6,-1,-1,-1,-1,5,E01001863,0,2
2024010487649,2024,010487649,1,9,0,99,99,9,9,99,99,9,9,99,9,99,1,9,6,6,3,-1,-1,-1,-1,-1,-1,-1,-1,0,-1
2024010496814,2024,010496814,1,9,0,18,19,5,1,0,0,0,0,0,0,0,2,1,6,6,1,21,5,-1,-1,-1,-1,6,E01003312,0,2
2024501482373,2024,501482373,2,9,0,-1,19,7,3,-1,0,0,0,0,0,0,1,1,-1,2,1,42,7,-1,-1,-1,-1,3,E01015209,0,3
2024311429543,2024,311429543,1,9,0,-1,19,1,5,-1,0,1,0,0,0,0,1,1,-1,6,1,40,7,-1,-1,-1,-1,-1,-1,0,-1
2024221461218,2024,221461218,1,1,0,-1,19,2,6,-1,9,8,0,0,0,0,1,1,-1,9,1,15,3,-1,-1,-1,-1,8,E01013988,0,1
2024302401299,2024,302401299,2,1,0,18,19,4,8,0,0,8,1,0,0,0,3,1,6,6,1,58,9,-1,-1,-1,-1,2,E01013598,0,1
2024401528717,2024,401528717,1,9,0,-1,19,1,3,-1,0,3,0,0,0,0,1,9,-1,6,1,-1,-1,-1,-1,-1,-1,-1,-1,0,-1
2024010488946,2024,010488946,2,9,0,99,99,9,9,99,99,9,9,99,9,99,1,9,6,6,3,-1,-1,-1,-1,-1,-1,-1,-1,0,-1
2024070734663,2024,070734663,2,5,0,-1,3,3,7,-1,0,1,0,0,0,0,2,1,-1,9,1,46,8,-1,-1,-1,-1,7,W01000206,0,4
2024231493530,2024,231493530,2,9,0,-1,19,2,6,-1,0,8,0,0,0,0,0,9,-1,6,1,62,9,-1,-1,-1,-1,10,E01017436,0,4
2024010524090,2024,010524090,1,1,9,99,99,9,9,99,99,9,9,99,9,99,9,1,6,6,2,26,6,-1,-1,-1,-1,3,E01001731,0,1
2024440134516,2024,440134516,1,9,0,7,7,3,5,0,0,5,0,0,0,0,4,1,6,6,1,39,7,-1,-1,-1,-1,10,E01022793,0,1
2024421422363,2024,421422363,2,9,0,-1,4,7,3,-1,0,0,0,0,0,0,2,9,-1,6,1,41,7,-1,-1,-1,-1,2,E01021270,0,3
2024010539429,2024,010539429,2,1,0,18,19,3,7,0,0,1,0,0,0,0,1,1,6,6,1,12,3,-1,-1,-1,-1,9,E01001018,0,1
2024010540824,2024,010540824,2,9,0,99,99,9,9,99,99,9,9,99,9,99,9,9,6,6,3,-1,-1,-1,-1,-1,-1,-1,-1,0,-1
2024101484164,2024,101484164,1,9,0,-1,19,8,4,-1,0,0,0,0,0,0,1,9,-1,6,1,55,8,-1,-1,-1,-1,5,E01008686,0,2
2024010544665,2024,010544665,1,11,0,4,4,3,7,0,0,1,0,0,0,0,0,1,6,6,1,53,8,-1,-1,-1,-1,3,E01030745,0,2
2024041481133,2024,041481133,1,9,0,-1,19,2,6,-1,0,1,0,0,0,0,1,9,-1,6,3,-1,-1,-1,-1,-1,-1,-1,-1,0,-1
2024411531538,2024,411531538,2,1,0,-1,4,2,6,-1,0,4,1,0,0,0,1,1,-1,7,1,17,4,-1,-1,-1,-1,5,E01023324,0,1
2024201463402,2024,201463402,2,9,0,-1,9,7,6,-1,0,5,0,0,0,0,3,9,-1,6,1,42,7,-1,-1,-1,-1,3,E01010501,0,2
2024061519914,2024,061519914,3,9,0,-1,3,1,5,-1,0,0,0,0,0,0,2,1,-1,6,1,61,9,-1,-1,-1,-1,-1,-1,0,-1
2024010526083,2024,010526083,1,4,0,99,99,9,9,99,99,9,9,99,9,99,1,1,6,6,3,-1,-1,-1,-1,-1,-1,-1,-1,0,-1
2024041499271,2024,041499271,2,23,0,-1,19,1,5,-1,0,8,5,0,0,0,1,1,-1,9,1,63,9,-1,-1,-1,-1,1,E01012683,0,1
2024010491543,2024,010491543,2,9,9,99,99,9,9,99,99,9,9,99,9,99,9,9,6,6,3,-1,-1,-1,-1,-1,-1,-1,-1,0,-1
2024440404961,2024,440404961,2,1,0,18,19,1,5,0,0,6,0,0,0,0,3,1,4,7,1,11,3,-1,-1,-1,-1,6,E01035434,0,1
2024010492455,2024,010492455,1,9,0,9,9,5,3,0,0,1,0,0,0,0,3,1,6,6,1,20,4,-1,-1,-1,-1,1,E01004005,0,1
2024461532366,2024,461532366,3,9,0,-1,4,3,7,-1,0,0,0,0,0,0,2,1,-1,6,2,26,6,-1,-1,-1,-1,6,E01035281,0,1
2024201518370,2024,201518370,2,-1,0,-1,19,8,5,-1,0,8,0,0,0,0,4,1,-1,9,1,17,4,-1,-1,-1,-1,1,E01009371,1,1
2024351462656,2024,351462656,1,98,0,-1,14,3,7,-1,0,0,0,4,0,0,1,1,-1,2,1,44,7,-1,-1,-1,-1,3,E01015652,0,2
2024440281482,2024,440281482,2,9,0,4,4,1,5,0,0,0,0,0,0,0,3,1,6,6,1,69,10,-1,-1,-1,-1,9,E01004596,0,5
2024101417712,2024,101417712,1,9,0,-1,5,4,8,-1,0,1,0,0,0,0,1,1,-1,6,1,45,7,-1,-1,-1,-1,-1,-1,0,-1
2024440214197,2024,440214197,4,9,0,18,19,1,5,0,0,8,0,0,0,0,1,1,6,6,2,62,9,-1,-1,-1,-1,10,E01032616,0,2
2024522402982,2024,522402982,1,9,0,1,1,1,5,0,0,2,0,0,0,0,2,1,6,6,3,-1,-1,-1,-1,-1,-1,-1,-1,0,-1
2024201517547,2024,201517547,1,9,0,-1,19,5,8,-1,0,0,0,0,0,0,1,1,-1,9,1,46,8,-1,-1,-1,-1,-1,-1,0,-1
2024010503999,2024,010503999,2,11,0,5,5,3,7,0,0,1,0,0,0,0,1,1,6,6,3,-1,-1,-1,-1,-1,-1,-1,-1,0,-1
2024010510054,2024,010510054,2,1,0,18,19,1,5,0,0,8,0,0,0,0,1,1,1,1,1,29,6,-1,-1,-1,-1,3,E01004062,0,1
2024302401340,2024,302401340,2,19,0,2,2,0,0,0,0,0,0,0,0,0,0,1,6,6,3,-1,-1,-1,-1,-1,-1,-1,-1,0,-1
2024010488129,2024,010488129,2,9,0,99,99,9,9,99,99,0,9,99,9,99,9,9,6,6,3,-1,-1,-1,-1,-1,-1,-1,-1,0,-1
2024201470353,2024,201470353,1,9,0,-1,9,6,4,-1,0,6,0,0,0,0,1,1,-1,6,2,40,7,-1,-1,-1,-1,-1,-1,0,-1
2024302400593,2024,302400593,2,17,0,18,19,6,2,0,0,0,0,0,0,0,0,1,6,6,3,-1,-1,-1,-1,-1,-1,5,E01019456,0,3
2024010529440,2024,010529440,2,9,0,4,4,5,1,0,0,0,0,0,0,0,2,1,6,6,1,49,8,-1,-1,-1,-1,2,E01001971,0,3
2024320706728,2024,320706728,2,1,0,-1,-1,8,4,0,0,0,5,0,0,0,3,1,6,6,1,41,7,-1,-1,-1,-1,1,E01026010,0,1
2024221474483,2024,221474483,1,21,1,-1,19,8,4,-1,0,0,0,0,0,0,3,2,-1,1,1,39,7,-1,-1,-1,-1,-1,-1,0,-1
2024161423200,2024,161423200,2,1,0,-1,19,3,7,-1,0,0,0,0,0,0,2,1,-1,6,2,38,7,-1,-1,-1,-1,10,E01013060,0,3
2024041507202,2024,041507202,2,1,0,-1,19,7,3,-1,0,2,0,0,3,0,4,1,-1,9,1,17,4,-1,-1,-1,-1,3,E01025312,0,1
2024010495656,2024,010495656,3,9,0,18,19,1,5,0,0,1,0,0,0,0,1,1,6,6,2,76,11,-1,-1,-1,-1,8,E01003417,0,1
2024451525630,2024,451525630,3,90,0,-1,19,5,1,-1,0,0,0,0,0,0,0,9,-1,6,1,30,6,-1,-1,-1,-1,-1,-1,0,-1
2024061451084,2024,061451084,1,1,-1,-1,19,5,1,-1,0,1,0,0,0,0,-1,1,-1,6,1,-1,-1,-1,-1,-1,-1,-1,-1,0,-1
2024161463926,2024,161463926,1,1,0,-1,19,6,2,-1,0,0,0,0,0,0,0,1,-1,6,2,49,8,-1,-1,-1,-1,1,E01012893,0,1
2024111435128,2024,111435128,1,9,0,-1,19,2,6,-1,0,1,0,0,0,0,4,9,-1,6,2,60,9,-1,-1,-1,-1,5,E01020660,0,3
2024201513000,2024,201513000,1,9,0,-1,19,2,6,-1,0,0,0,0,0,0,1,2,-1,6,1,-1,-1,-1,-1,-1,-1,-1,-1,0,-1
2024481561729,2024,481561729,2,1,0,-1,19,3,7,-1,0,2,0,0,0,0,3,1,-1,2,2,37,7,-1,-1,-1,-1,-1,-1,0,-1
2024161412695,2024,161412695,2,1,0,-1,19,6,2,-1,4,8,0,0,0,0,1,1,-1,6,1,45,7,-1,-1,-1,-1,-1,-1,0,-1
2024010540828,2024,010540828,2,1,0,18,19,7,3,0,0,8,5,0,3,0,4,1,2,2,2,36,7,-1,-1,-1,-1,4,E01004525,0,2
2024010495931,2024,010495931,1,9,0,99,99,9,9,99,99,0,9,99,9,99,2,9,6,6,2,31,6,-1,-1,-1,-1,2,E01002392,0,1
2024131449992,2024,131449992,2,1,0,-1,19,5,1,-1,0,0,0,0,0,0,4,1,-1,9,1,10,2,-1,-1,-1,-1,2,E01011355,0,1
2024421398595,2024,421398595,1,9,0,-1,19,4,8,-1,0,0,0,0,1,0,1,1,-1,6,1,41,7,-1,-1,-1,-1,1,E01021968,0,1
2024522402398,2024,522402398,2,9,0,18,19,6,2,0,0,1,0,0,0,0,1,1,6,6,3,-1,-1,-1,-1,-1,-1,-1,-1,0,-1
2024461419731,2024,461419731,1,19,0,-1,19,7,3,-1,0,1,0,0,0,0,4,9,-1,6,3,-1,-1,-1,-1,-1,-1,-1,-1,0,-1
2024010537024,2024,010537024,2,1,9,99,99,9,9,99,99,9,9,99,9,99,9,1,6,6,1,-1,-1,-1,-1,-1,-1,-1,-1,0,-1
2024421402216,2024,421402216,2,9,0,-1,19,5,1,-1,0,0,0,0,0,0,4,1,-1,6,1,73,10,-1,-1,-1,-1,6,E01021875,0,1
2024141471285,2024,141471285,2,9,0,-1,19,4,6,-1,0,0,0,0,0,0,1,1,-1,2,2,18,4,-1,-1,-1,-1,7,E01011825,0,4
2024201526018,2024,201526018,1,9,0,-1,19,8,4,-1,0,1,0,0,0,0,1,9,-1,6,3,-1,-1,-1,-1,-1,-1,-1,-1,0,-1
2024010532116,2024,010532116,2,9,9,99,99,9,9,99,99,9,9,99,9,99,9,1,6,6,3,-1,-1,-1,-1,-1,-1,-1,-1,0,-1
2024010517521,2024,010517521,2,1,9,18,19,9,9,99,99,0,9,99,9,99,1,1,6,6,3,-1,-1,-1,-1,-1,-1,-1,-1,0,-1
2024211411277,2024,211411277,2,1,0,-1,19,4,8,-1,0,0,0,0,0,0,1,1,-1,6,1,19,4,-1,-1,-1,-1,5,E01034104,0,2
2024141557883,2024,141557883,2,22,0,-1,2,1,1,-1,0,0,0,0,0,0,1,1,-1,6,2,51,8,-1,-1,-1,-1,2,E01007465,0,1
2024010487525,2024,010487525,1,2,0,99,99,9,9,99,99,9,9,99,9,99,9,1,2,2,1,28,6,-1,-1,-1,-1,7,E01000250,0,2
2024311469117,2024,311469117,1,18,-1,-1,19,4,8,-1,1,0,0,0,0,0,1,1,-1,1,1,40,7,-1,-1,-1,-1,1,E01013833,0,2
2024201535906,2024,201535906,3,99,0,-1,2,0,0,-1,0,1,0,0,0,0,4,1,-1,6,3,-1,-1,-1,-1,-1,-1,-1,-1,0,-1
202460Q086759,2024,60Q086759,1,9,0,18,19,7,3,0,0,4,0,0,3,0,3,1,2,2,1,21,5,-1,-1,-1,-1,-1,-1,0,-1
2024111498988,2024,111498988,2,1,0,-1,9,6,4,-1,0,1,5,0,0,0,3,1,-1,6,1,15,3,-1,-1,-1,-1,7,E01033482,0,3
2024141457256,2024,141457256,2,1,0,-1,15,3,7,-1,0,0,0,0,0,0,4,1,-1,6,1,25,5,-1,-1,-1,-1,1,E01007531,0,1
2024361443335,2024,361443335,2,1,0,-1,14,-1,-1,-1,0,1,0,0,0,0,4,1,-1,2,2,55,8,-1,-1,-1,-1,4,E01026884,0,3
2024161483932,2024,161483932,1,9,0,-1,19,1,5,-1,0,1,0,0,1,0,1,1,-1,6,1,60,9,-1,-1,-1,-1,4,E01013079,0,4
2024131493898,2024,131493898,2,1,0,-1,7,5,2,-1,0,0,0,0,0,0,1,1,-1,6,1,17,4,-1,-1,-1,-1,8,E01011185,0,1
2024371443317,2024,371443317,1,1,0,-1,19,-1,-1,-1,0,4,0,0,0,0,1,1,-1,6,1,-1,-1,-1,-1,-1,-1,-1,-1,0,-1
2024481569571,2024,481569571,2,1,0,-1,19,3,7,-1,0,8,0,0,0,0,3,1,-1,2,1,32,6,-1,-1,-1,-1,-1,-1,0,-1
2024211466750,2024,211466750,2,9,0,-1,19,3,7,-1,0,1,0,0,0,0,4,9,-1,6,2,39,7,-1,-1,-1,-1,4,E01029598,0,2
2024052401243,2024,052401243,1,9,4,11,11,1,5,0,0,0,0,0,0,0,4,1,6,6,3,-1,-1,-1,-1,-1,-1,-1,-1,0,-1
2024522402682,2024,522402682,1,9,0,18,19,5,1,0,0,0,0,0,0,0,1,1,6,6,2,50,8,-1,-1,-1,-1,-1,-1,0,-1
2024552400882,2024,552400882,2,1,0,18,19,6,2,0,0,0,0,0,0,0,3,1,6,6,1,75,10,-1,-1,-1,-1,4,E01034271,0,1
2024010541276,2024,010541276,2,1,0,18,19,6,2,0,0,1,0,0,0,0,1,1,6,6,1,27,6,-1,-1,-1,-1,5,E01004503,0,1
2024501526707,2024,501526707,1,9,0,-1,19,2,6,-1,0,1,1,0,0,0,1,2,-1,1,1,26,6,-1,-1,-1,-1,7,E01019912,0,3
2024552400571,2024,552400571,2,90,0,2,2,0,0,0,0,0,0,0,0,0,0,1,1,1,1,53,8,-1,-1,-1,-1,7,E01015340,0,1
2024361566697,2024,361566697,2,9,0,-1,9,5,7,-1,0,1,0,0,0,0,0,1,-1,6,1,56,9,-1,-1,-1,-1,3,E01026639,0,3
2024041478272,2024,041478272,2,1,0,-1,19,1,5,-1,0,1,0,0,0,0,1,1,-1,6,1,80,11,-1,-1,-1,-1,1,E01012649,0,1
2024361518913,2024,361518913,1,9,0,-1,7,1,5,-1,0,0,0,0,7,4,1,1,-1,6,1,44,7,-1,-1,-1,-1,3,E01026453,0,1
2024010496736,2024,010496736,1,4,0,99,99,9,9,99,99,9,9,99,9,99,1,1,6,6,1,28,6,-1,-1,-1,-1,2,E01002840,0,1
2024010496075,2024,010496075,2,9,0,99,99,9,9,0,0,5,0,0,1,0,1,9,6,6,1,23,5,-1,-1,-1,-1,-1,-1,0,-1
2024451394568,2024,451394568,2,9,0,-1,19,7,3,-1,0,8,0,0,0,0,4,9,-1,6,3,45,7,-1,-1,-1,-1,-1,-1,0,-1
2024201482179,2024,201482179,1,1,0,-1,19,5,1,-1,0,0,0,0,0,0,2,1,-1,9,2,23,5,-1,-1,-1,-1,1,E01009413,0,1
2024471533656,2024,471533656,2,9,0,-1,19,4,8,-1,0,0,0,0,0,0,3,1,-1,9,1,77,11,-1,-1,-1,-1,8,E01021214,0,3
2024131467533,2024,131467533,2,98,0,-1,9,7,3,-1,0,8,0,0,0,0,1,1,-1,1,1,25,5,-1,-1,-1,-1,9,E01011572,0,1
2024131513123,2024,131513123,1,1,0,-1,19,1,5,-1,0,8,0,0,0,0,1,1,-1,2,1,60,9,-1,-1,-1,-1,8,E01011583,0,1
2024010540679,2024,010540679,2,9,0,18,19,3,7,0,0,9,0,99,9,0,9,9,6,6,2,-1,-1,-1,-1,-1,-1,-1,-1,0,-1
2024131403095,2024,131403095,2,1,0,-1,19,8,4,-1,0,0,0,0,0,0,1,1,-1,6,1,47,8,-1,-1,-1,-1,1,E01011332,0,1
2024411487156,2024,411487156,1,98,-1,-1,-1,-1,-1,-1,-1,0,-1,-1,-1,0,-1,9,-1,1,1,24,5,-1,-1,-1,-1,10,E01017773,0,4
2024461510299,2024,461510299,1,9,0,-1,12,3,7,-1,0,0,0,0,0,0,1,9,-1,6,1,45,7,-1,-1,-1,-1,8,E01024313,0,2
2024010487874,2024,010487874,2,8,0,9,9,7,4,0,0,2,0,0,0,0,2,1,1,1,1,61,9,-1,-1,-1,-1,7,E01001280,0,3
2024161443570,2024,161443570,1,9,0,-1,9,4,2,-1,0,1,0,0,0,0,3,1,-1,2,2,32,6,-1,-1,-1,-1,9,E01035478,0,1
2024052400498,2024,052400498,1,9,0,9,9,5,3,0,0,1,0,0,0,0,3,1,6,6,3,-1,-1,-1,-1,-1,-1,-1,-1,0,-1