collision_index,collision_year,collision_ref_no,vehicle_reference,vehicle_type,towing_and_articulation,vehicle_manoeuvre_historic,vehicle_manoeuvre,vehicle_direction_from,vehicle_direction_to,vehicle_location_restricted_lane_historic,vehicle_location_restricted_lane,junction_location,skidding_and_overturning,hit_object_in_carriageway,vehicle_leaving_carriageway,hit_object_off_carriageway,first_point_of_impact,vehicle_left_hand_drive,journey_purpose_of_driver_historic,journey_purpose_of_driver,sex_of_driver,age_of_driver,age_band_of_driver,engine_capacity_cc,propulsion_code,age_of_vehicle,generic_make_model,driver_imd_decile,lsoa_of_driver,escooter_flag,driver_distance_banding
2024461437442,2024,461437442,1,9,0,-1,1,3,7,-1,0,0,0,0,0,0,2,9,-1,6,3,-1,-1,-1,-1,-1,-1,-1,-1,0,-1
2024010490856,2024,010490856,2,97,9,99,99,9,9,99,99,9,9,99,9,99,9,1,6,6,3,23,5,-1,-1,-1,-1,8,E01021171,0,4
2024010503173,2024,010503173,2,9,0,13,13,1,5,9,9,1,0,0,7,4,1,1,6,6,1,24,5,-1,-1,-1,-1,-1,-1,0,-1
2024411529008,2024,411529008,2,9,0,-1,19,1,5,-1,0,0,0,0,0,0,1,1,-1,6,1,29,6,-1,-1,-1,-1,6,E01023769,0,4
2024010496327,2024,010496327,1,9,0,3,3,7,3,0,0,1,0,0,0,0,2,1,6,6,1,69,10,-1,-1,-1,-1,8,E01024605,0,4
2024610032824,2024,610032824,2,1,0,18,19,8,4,0,0,0,0,0,0,0,1,1,6,6,1,11,3,-1,-1,-1,-1,2,W01001531,0,1
2024010546909,2024,010546909,1,9,0,18,19,7,3,0,0,8,0,0,0,0,1,1,6,6,1,54,8,-1,-1,-1,-1,8,E01002132,0,1
2024131522236,2024,131522236,2,1,0,-1,-1,-1,-1,-1,-1,-1,-1,-1,-1,0,-1,1,-1,6,1,62,9,-1,-1,-1,-1,1,E01011332,0,1
2024061500994,2024,061500994,1,-1,0,-1,19,8,4,-1,9,0,0,0,0,0,1,1,-1,7,1,-1,-1,-1,-1,-1,-1,-1,-1,0,-1
2024070686085,2024,070686085,2,1,0,-1,-1,4,2,0,0,4,0,0,0,0,1,1,6,6,1,37,7,-1,-1,-1,-1,-1,-1,0,-1
2024010508545,2024,010508545,2,9,0,99,99,9,9,99,99,9,9,99,9,99,2,9,6,6,3,-1,-1,-1,-1,-1,-1,-1,-1,0,-1
2024501423475,2024,501423475,1,9,0,-1,19,5,1,-1,0,0,0,0,-1,0,3,9,-1,6,3,-1,-1,-1,-1,-1,-1,-1,-1,0,-1
2024010495943,2024,010495943,2,1,0,18,19,4,8,0,0,1,0,10,0,0,3,1,6,6,1,31,6,-1,-1,-1,-1,-1,-1,0,-1
2024201395230,2024,201395230,1,9,0,-1,19,4,8,-1,0,1,0,0,0,0,1,9,-1,6,1,-1,-1,-1,-1,-1,-1,-1,-1,0,-1
2024010533171,2024,010533171,1,19,0,18,19,5,1,0,0,0,0,0,0,0,2,1,6,6,1,57,9,-1,-1,-1,-1,1,E01002095,0,1
2024421474239,2024,421474239,2,1,0,-1,19,-1,-1,-1,0,0,0,0,0,0,3,1,-1,9,1,39,7,-1,-1,-1,-1,8,E01016001,0,1
2024371419775,2024,371419775,1,9,-1,-1,19,1,5,-1,0,1,0,0,0,0,1,9,-1,6,3,-1,-1,-1,-1,-1,-1,-1,-1,0,-1
2024520001372,2024,520001372,1,9,9,99,99,9,9,0,0,1,0,0,0,0,9,9,6,6,3,-1,-1,-1,-1,-1,-1,-1,-1,0,-1
2024010542251,2024,010542251,2,9,0,99,99,9,9,99,99,9,9,99,9,99,9,9,6,6,3,-1,-1,-1,-1,-1,-1,-1,-1,0,-1
2024061448058,2024,061448058,2,1,0,-1,19,1,5,-1,0,4,0,0,0,0,1,1,-1,9,1,54,8,-1,-1,-1,-1,1,E01006005,0,1
2024010493494,2024,010493494,2,9,0,99,99,9,9,99,99,9,9,99,9,99,0,9,6,6,3,-1,-1,-1,-1,-1,-1,3,E01003377,0,1
2024131453566,2024,131453566,1,9,0,-1,-1,-1,-1,-1,-1,-1,-1,-1,-1,-1,-1,1,-1,6,3,-1,-1,-1,-1,-1,-1,-1,-1,0,-1
2024430087372,2024,430087372,1,9,0,18,19,8,4,0,0,1,0,0,0,0,1,1,6,6,1,-1,-1,-1,-1,-1,-1,-1,-1,0,-1
2024320393167,2024,320393167,2,1,0,-1,-1,4,8,0,0,0,0,0,0,0,3,1,6,6,1,34,6,-1,-1,-1,-1,-1,-1,0,-1
2024231471503,2024,231471503,2,19,0,-1,19,4,8,-1,0,0,0,0,1,9,1,9,-1,2,1,61,9,-1,-1,-1,-1,6,E01031189,0,3
2024461532654,2024,461532654,1,9,0,-1,7,5,7,-1,0,2,0,0,0,0,1,9,-1,9,2,38,7,-1,-1,-1,-1,10,E01024850,0,1
2024061515173,2024,061515173,1,99,-1,-1,-1,-1,-1,-1,-1,-1,-1,-1,-1,0,-1,9,-1,6,3,-1,-1,-1,-1,-1,-1,-1,-1,0,-1
2024361525469,2024,361525469,2,1,0,-1,19,5,1,-1,0,0,0,0,0,0,2,1,-1,6,1,26,6,-1,-1,-1,-1,5,E01026738,0,1
2024010491390,2024,010491390,1,9,0,5,5,1,5,0,0,3,0,10,0,0,1,1,6,6,1,75,10,-1,-1,-1,-1,8,E01002436,0,1
2024161487353,2024,161487353,1,1,0,-1,19,6,2,-1,0,5,0,0,0,0,1,1,-1,6,1,52,8,-1,-1,-1,-1,6,E01013119,0,1
2024052402215,2024,052402215,1,9,0,7,7,2,5,0,0,8,0,0,0,0,0,1,6,6,1,78,11,-1,-1,-1,-1,1,E01006703,0,1
2024421499567,2024,421499567,1,9,0,-1,10,3,1,-1,0,6,0,0,0,0,3,1,-1,6,2,24,5,-1,-1,-1,-1,3,E01021864,0,1
2024991448111,2024,991448111,1,5,0,-1,4,5,1,-1,0,1,5,0,1,10,0,1,-1,9,1,60,9,-1,-1,-1,-1,-1,-1,0,-1
2024471514281,2024,471514281,2,1,0,-1,19,1,5,-1,0,3,0,0,0,0,4,1,-1,2,1,46,8,-1,-1,-1,-1,3,E01031360,0,2
2024010513239,2024,010513239,1,9,9,99,99,9,9,99,99,9,9,99,9,99,9,9,6,6,3,-1,-1,-1,-1,-1,-1,-1,-1,0,-1
2024421407441,2024,421407441,2,9,0,-1,19,-1,-1,-1,0,0,0,0,0,0,0,1,-1,6,1,51,8,-1,-1,-1,-1,3,E01001412,0,3
2024131444255,2024,131444255,2,-1,0,-1,5,3,7,-1,0,8,0,0,0,0,1,1,-1,9,1,11,3,-1,-1,-1,-1,1,E01010777,1,1
2024131533678,2024,131533678,1,9,0,-1,19,1,1,-1,0,0,1,0,0,0,1,1,-1,6,2,18,4,-1,-1,-1,-1,10,E01007619,0,4
2024010514086,2024,010514086,1,1,9,99,99,9,9,99,99,1,9,99,9,99,1,1,2,2,2,30,6,-1,-1,-1,-1,6,E01002006,0,2
2024451447313,2024,451447313,1,1,0,-1,19,3,7,-1,0,0,2,0,0,0,0,1,-1,9,1,74,10,-1,-1,-1,-1,9,E01030809,0,1
2024111476784,2024,111476784,1,1,0,-1,19,8,4,-1,0,0,0,0,0,0,1,1,-1,9,2,13,3,-1,-1,-1,-1,4,E01020832,0,1
2024991502302,2024,991502302,1,90,0,-1,19,3,7,-1,5,0,0,0,0,0,1,1,-1,6,3,18,4,-1,-1,-1,-1,-1,-1,0,-1
2024070802744,2024,070802744,2,1,0,-1,19,3,7,-1,0,1,0,0,0,0,1,1,-1,2,1,24,5,-1,-1,-1,-1,3,E01018482,0,1
2024041394509,2024,041394509,1,9,0,-1,19,7,3,-1,0,1,0,0,0,0,1,1,-1,9,2,18,4,-1,-1,-1,-1,9,E01025273,0,2
2024061434863,2024,061434863,1,19,0,-1,19,6,2,-1,0,0,0,0,0,0,2,1,-1,2,1,46,8,-1,-1,-1,-1,2,E01006010,0,1
2024010496087,2024,010496087,2,8,0,99,99,9,9,99,99,9,9,99,9,99,1,9,6,6,3,-1,-1,-1,-1,-1,-1,-1,-1,0,-1
2024010532962,2024,010532962,3,97,0,3,3,5,1,0,0,1,0,0,0,0,2,1,6,6,1,-1,-1,-1,-1,-1,-1,-1,-1,0,-1
2024340WN2812,2024,340WN2812,2,9,0,-1,19,5,2,-1,0,8,0,0,0,0,4,1,-1,9,1,44,7,-1,-1,-1,-1,5,E01035424,0,2
2024440360755,2024,440360755,2,9,0,18,19,7,3,0,0,1,0,0,0,0,2,1,6,6,1,60,9,-1,-1,-1,-1,7,E01022795,0,1
202454C324524,2024,54C324524,1,9,0,5,5,7,3,0,0,1,0,0,0,0,1,1,6,6,2,59,9,-1,-1,-1,-1,8,E01032693,0,1
2024211431105,2024,211431105,1,9,0,-1,19,5,1,-1,0,1,0,0,0,0,1,1,-1,6,2,41,7,-1,-1,-1,-1,8,E01029505,0,1
2024010529086,2024,010529086,1,1,0,18,19,3,7,4,4,8,0,0,0,0,1,1,6,6,1,58,9,-1,-1,-1,-1,2,E01000097,0,1
2024131423662,2024,131423662,1,9,0,-1,-1,-1,-1,-1,-1,-1,-1,-1,-1,-1,-1,1,-1,6,3,-1,-1,-1,-1,-1,-1,-1,-1,0,-1
2024010496780,2024,010496780,1,19,0,99,99,9,9,99,99,0,9,99,9,99,2,9,1,1,1,59,9,-1,-1,-1,-1,5,E01004549,0,2
2024421518791,2024,421518791,2,1,0,-1,19,-1,-1,-1,0,0,2,0,0,0,1,1,-1,9,1,17,4,-1,-1,-1,-1,2,E01015896,0,1
2024201502621,2024,201502621,3,99,0,-1,5,6,2,-1,0,0,0,0,0,0,0,1,-1,6,3,40,7,-1,-1,-1,-1,1,E01010421,0,2
2024010494690,2024,010494690,2,9,0,99,99,9,9,99,99,0,9,99,9,99,1,9,6,6,3,-1,-1,-1,-1,-1,-1,-1,-1,0,-1
2024531472234,2024,531472234,1,9,0,-1,19,7,3,-1,0,0,0,0,0,0,1,9,-1,6,3,-1,-1,-1,-1,-1,-1,-1,-1,0,-1
2024010489343,2024,010489343,1,9,9,99,99,9,9,99,99,9,9,99,9,99,1,9,6,6,3,-1,-1,-1,-1,-1,-1,-1,-1,0,-1
2024320176966,2024,320176966,1,9,0,9,9,2,8,0,0,6,0,0,0,0,3,1,-1,-1,2,39,7,-1,-1,-1,-1,7,E01028353,0,3
2024461530800,2024,461530800,2,1,0,-1,15,6,2,-1,0,0,0,0,0,0,4,1,-1,6,1,-1,-1,-1,-1,-1,-1,5,E01024647,0,1
2024010543310,2024,010543310,2,9,0,99,99,9,9,99,99,9,9,99,9,99,1,9,6,6,3,-1,-1,-1,-1,-1,-1,-1,-1,0,-1
2024471442951,2024,471442951,2,9,0,-1,9,7,3,-1,9,1,2,0,0,0,2,1,-1,9,1,36,7,-1,-1,-1,-1,9,E01035593,0,5
2024010511403,2024,010511403,1,9,0,99,99,9,9,99,99,9,9,99,9,99,9,9,6,6,3,-1,-1,-1,-1,-1,-1,-1,-1,0,-1
2024340NN0572,2024,340NN0572,1,9,0,-1,11,4,8,-1,0,3,0,0,0,0,1,1,-1,9,2,56,9,-1,-1,-1,-1,8,E01027071,0,3
2024010499582,2024,010499582,2,9,0,99,99,9,9,99,99,9,9,99,9,99,1,9,6,6,3,-1,-1,-1,-1,-1,-1,-1,-1,0,-1
2024010529826,2024,010529826,2,1,9,99,99,9,9,99,99,9,9,99,9,99,1,1,6,6,1,-1,-1,-1,-1,-1,-1,-1,-1,0,-1
2024061441176,2024,061441176,1,1,0,-1,19,5,1,-1,0,1,0,0,0,0,4,1,-1,6,1,45,7,-1,-1,-1,-1,2,E01006054,0,1
2024430067740,2024,430067740,2,9,0,18,19,8,4,0,0,8,0,0,0,0,4,1,6,6,3,-1,-1,-1,-1,-1,-1,-1,-1,0,-1
2024010534761,2024,010534761,2,9,0,18,19,3,7,0,0,1,0,0,0,0,1,1,6,6,1,28,6,-1,-1,-1,-1,5,E01003632,0,1
2024320134903,2024,320134903,2,1,0,-1,-1,2,6,0,0,8,5,0,0,0,4,1,6,6,1,68,10,-1,-1,-1,-1,1,E01026152,0,1
2024010517581,2024,010517581,1,3,0,15,15,3,7,9,9,8,0,0,0,0,1,1,1,1,1,47,8,-1,-1,-1,-1,-1,-1,0,-1
2024332400797,2024,332400797,2,98,0,-1,19,6,2,-1,0,0,0,0,0,0,4,1,-1,6,3,-1,-1,-1,-1,-1,-1,-1,-1,0,-1
2024221522645,2024,221522645,1,9,0,-1,1,5,1,-1,0,0,0,0,0,0,2,9,-1,9,1,47,8,-1,-1,-1,-1,5,E01028886,0,1
2024302401502,2024,302401502,1,19,0,6,6,7,7,0,0,8,0,0,0,0,2,1,6,6,3,-1,-1,-1,-1,-1,-1,5,E01019456,0,4
2024131393751,2024,131393751,1,9,0,-1,19,1,5,-1,0,0,0,0,0,0,4,1,-1,6,-1,-1,-1,-1,-1,-1,-1,-1,-1,0,-1
2024010504898,2024,010504898,1,1,9,18,19,9,9,4,4,9,9,99,9,99,9,1,2,2,1,31,6,-1,-1,-1,-1,3,E01004000,0,1
2024010543104,2024,010543104,2,9,9,18,19,1,5,0,0,1,9,0,0,0,2,9,6,6,3,-1,-1,-1,-1,-1,-1,-1,-1,0,-1
2024434011143,2024,434011143,2,9,0,10,10,8,4,0,0,1,0,0,0,0,2,2,6,6,2,34,6,-1,-1,-1,-1,5,E01016841,0,1
2024471493054,2024,471493054,2,1,0,-1,9,6,4,-1,0,8,0,0,0,0,1,1,-1,2,1,35,6,-1,-1,-1,-1,4,E01021006,0,1
2024201510524,2024,201510524,1,9,0,-1,9,7,5,-1,0,8,0,0,0,0,1,1,-1,6,1,40,7,-1,-1,-1,-1,-1,-1,0,-1
2024141515888,2024,141515888,2,23,0,-1,19,-1,-1,-1,0,0,0,0,0,0,-1,1,-1,6,3,-1,-1,-1,-1,-1,-1,-1,-1,0,-1
2024991527493,2024,991527493,1,9,0,-1,19,6,2,-1,0,1,1,0,0,0,1,1,-1,9,2,24,5,-1,-1,-1,-1,10,-1,0,4
2024161424737,2024,161424737,1,22,0,-1,19,5,5,-1,0,0,5,10,1,0,0,1,-1,9,2,83,11,-1,-1,-1,-1,3,E01012943,0,1
2024010532685,2024,010532685,2,1,9,99,99,9,9,99,99,9,9,99,9,99,9,1,6,6,3,-1,-1,-1,-1,-1,-1,-1,-1,0,-1
2024471393889,2024,471393889,2,19,0,-1,19,4,8,-1,0,0,0,0,1,4,1,1,-1,1,1,33,6,-1,-1,-1,-1,5,E01021113,0,2
2024041416586,2024,041416586,2,98,0,-1,3,7,3,-1,0,0,0,0,0,0,2,1,-1,9,2,38,7,-1,-1,-1,-1,7,E01012581,0,3
2024161469616,2024,161469616,1,1,0,-1,19,2,6,-1,0,0,0,0,0,0,3,1,-1,6,1,15,3,-1,-1,-1,-1,-1,-1,0,-1
2024010528846,2024,010528846,1,1,9,99,99,9,9,99,99,0,9,99,9,99,9,1,1,1,1,21,5,-1,-1,-1,-1,2,E01003551,0,1
2024010526992,2024,010526992,1,90,0,99,99,9,9,99,99,9,9,99,9,99,1,9,1,1,1,59,9,-1,-1,-1,-1,2,E01002508,0,1
2024201448014,2024,201448014,1,1,0,-1,19,8,4,-1,0,0,5,0,0,0,1,1,-1,2,1,26,6,-1,-1,-1,-1,1,E01034914,0,1
2024471499136,2024,471499136,2,17,2,-1,2,0,0,-1,0,2,0,0,0,0,2,1,-1,6,-1,-1,-1,-1,-1,-1,-1,-1,-1,0,-1
2024451486243,2024,451486243,1,90,0,-1,19,7,3,-1,0,0,1,4,0,0,1,9,-1,6,1,34,6,-1,-1,-1,-1,10,E01030489,0,1
2024061528809,2024,061528809,1,9,-1,-1,-1,-1,-1,-1,-1,0,-1,-1,-1,0,2,9,-1,9,1,24,5,-1,-1,-1,-1,5,E01028944,0,4
2024451526191,2024,451526191,1,9,0,-1,19,5,1,-1,0,0,1,0,4,6,1,1,-1,9,1,27,6,-1,-1,-1,-1,7,E01031618,0,4
2024010503911,2024,010503911,1,1,9,99,99,9,9,99,99,9,9,99,9,99,9,1,6,6,1,60,9,-1,-1,-1,-1,8,E01000913,0,1
2024010515398,2024,010515398,2,9,9,99,99,9,9,99,99,9,9,99,9,99,4,9,6,6,3,-1,-1,-1,-1,-1,-1,-1,-1,0,-1
2024440068609,2024,440068609,1,1,0,9,9,2,8,0,0,8,0,0,0,0,1,1,2,2,1,56,9,-1,-1,-1,-1,8,E01023087,0,2
2024332400331,2024,332400331,2,9,0,-1,19,6,2,-1,0,1,0,0,0,0,1,1,-1,6,1,-1,-1,-1,-1,-1,-1,-1,-1,0,-1
202460Q050463,2024,60Q050463,1,5,0,17,19,6,3,0,0,0,0,0,1,11,4,1,6,6,1,56,9,-1,-1,-1,-1,-1,-1,0,-1
2024010497167,2024,010497167,1,9,0,9,9,3,1,0,0,2,0,0,0,0,1,1,6,6,1,54,8,-1,-1,-1,-1,3,E01004271,0,1
2024010510317,2024,010510317,2,1,0,18,19,5,1,0,0,8,0,0,0,0,1,1,2,2,1,57,9,-1,-1,-1,-1,4,E01004019,0,1
2024361473962,2024,361473962,2,9,0,-1,19,7,3,-1,0,0,2,0,1,7,3,1,-1,2,1,24,5,-1,-1,-1,-1,2,E01026829,0,4
2024010492203,2024,010492203,1,9,0,18,19,2,6,0,0,3,0,0,0,0,1,1,6,6,3,-1,-1,-1,-1,-1,-1,-1,-1,0,-1
2024302401042,2024,302401042,2,-1,0,18,19,5,1,9,9,1,1,0,0,0,3,1,6,6,1,24,5,-1,-1,-1,-1,1,E01034257,1,1
2024552400070,2024,552400070,2,1,0,3,3,8,4,0,0,0,0,0,0,0,3,1,3,7,1,30,6,-1,-1,-1,-1,3,E01015442,0,1
2024010550297,2024,010550297,2,1,0,-1,-1,4,8,0,0,0,0,0,0,0,1,1,6,6,1,53,8,-1,-1,-1,-1,4,E01003220,0,3
2024052400256,2024,052400256,1,9,0,18,19,4,8,0,0,1,0,0,0,0,1,1,6,6,3,-1,-1,-1,-1,-1,-1,-1,-1,0,-1
2024010547179,2024,010547179,2,1,0,18,19,1,5,9,9,8,0,0,0,0,4,1,6,6,1,46,8,-1,-1,-1,-1,2,E01001828,0,1
202417H100224,2024,17H100224,2,19,0,18,19,5,1,0,0,8,5,0,7,10,4,1,1,1,2,43,7,-1,-1,-1,-1,5,E01011996,0,1
2024122400341,2024,122400341,2,1,0,18,19,6,5,0,0,1,0,0,0,0,0,1,6,6,1,72,10,-1,-1,-1,-1,10,E01027614,0,1
2024010516038,2024,010516038,1,1,0,5,5,0,1,0,0,1,0,0,0,0,1,1,6,6,1,32,6,-1,-1,-1,-1,2,E01033455,0,1
2024520002317,2024,520002317,1,9,0,18,19,9,9,0,0,0,0,0,0,0,4,1,6,6,3,-1,-1,-1,-1,-1,-1,-1,-1,0,-1
2024052401887,2024,052401887,2,1,0,18,19,3,7,0,0,0,0,0,0,0,2,1,6,6,2,80,11,-1,-1,-1,-1,5,E01007106,0,1
2024340WN6632,2024,340WN6632,1,9,0,-1,99,7,3,-1,0,1,0,0,0,0,2,1,-1,6,3,-1,-1,-1,-1,-1,-1,-1,-1,0,-1
2024631416455,2024,631416455,2,9,0,-1,4,8,4,-1,0,0,0,0,0,0,2,1,-1,1,2,46,8,-1,-1,-1,-1,6,W01000500,0,2
2024010495847,2024,010495847,2,9,0,99,99,9,9,99,99,9,9,99,9,99,1,9,6,6,3,-1,-1,-1,-1,-1,-1,-1,-1,0,-1
2024440466425,2024,440466425,2,9,0,18,19,5,1,0,0,0,0,0,0,0,2,1,6,6,1,58,9,-1,-1,-1,-1,8,E01032699,0,4
2024421398150,2024,421398150,1,1,0,-1,19,5,1,-1,0,1,0,0,0,0,1,1,-1,6,1,14,3,-1,-1,-1,-1,-1,-1,0,-1
2024351484922,2024,351484922,2,1,0,-1,19,-1,-1,-1,0,8,5,0,0,0,1,1,-1,9,1,44,7,-1,-1,-1,-1,6,E01035535,0,1
2024010497385,2024,010497385,1,9,0,99,99,9,9,99,99,0,9,99,9,99,9,9,2,2,2,32,6,-1,-1,-1,-1,3,E01021418,0,4
2024991415863,2024,991415863,2,1,0,-1,19,5,8,-1,9,0,0,0,0,0,3,1,-1,2,1,11,3,-1,-1,-1,-1,9,-1,0,1
2024302400230,2024,302400230,2,1,0,18,19,8,4,0,0,8,0,0,0,0,1,1,1,1,1,15,3,-1,-1,-1,-1,2,E01019688,0,1
2024010493079,2024,010493079,2,1,0,18,19,5,1,0,0,8,0,0,0,0,1,1,2,2,1,51,8,-1,-1,-1,-1,5,E01000475,0,1
2024340WN3852,2024,340WN3852,2,22,0,-1,19,1,5,-1,0,8,0,0,0,0,1,1,-1,9,2,69,10,-1,-1,-1,-1,5,E01027183,0,1
2024141428644,2024,141428644,1,98,0,-1,19,7,3,-1,0,0,0,0,0,0,1,1,-1,6,3,-1,-1,-1,-1,-1,-1,-1,-1,0,-1
2024131478874,2024,131478874,1,23,0,-1,19,3,7,-1,0,8,0,0,0,0,4,1,-1,9,1,20,4,-1,-1,-1,-1,1,E01011429,0,1
2024332400726,2024,332400726,2,1,0,-1,19,1,5,-1,0,0,0,0,0,0,1,1,-1,9,1,16,4,-1,-1,-1,-1,7,E01031055,0,3
2024461500344,2024,461500344,3,21,1,-1,19,6,1,-1,0,0,0,0,0,0,4,2,-1,1,1,59,9,-1,-1,-1,-1,-1,-1,0,-1
2024461513777,2024,461513777,2,9,-1,-1,5,5,1,-1,0,0,0,0,0,0,3,9,-1,6,2,55,8,-1,-1,-1,-1,7,E01024096,0,1
2024430048536,2024,430048536,2,9,0,18,19,3,7,0,0,6,0,0,0,0,1,1,6,6,1,50,8,-1,-1,-1,-1,-1,-1,0,-1
2024010510346,2024,010510346,2,98,0,99,99,9,9,99,99,9,9,99,9,99,9,9,6,6,3,-1,-1,-1,-1,-1,-1,-1,-1,0,-1
2024430127187,2024,430127187,1,9,0,3,3,3,7,0,0,1,0,0,0,0,2,1,6,6,3,-1,-1,-1,-1,-1,-1,-1,-1,0,-1
2024101410929,2024,101410929,2,1,0,-1,19,1,5,-1,0,3,2,0,0,0,1,1,-1,6,1,47,8,-1,-1,-1,-1,5,E01008740,0,1
2024371449731,2024,371449731,1,9,0,-1,15,3,7,-1,0,0,0,0,0,0,0,1,-1,6,-1,-1,-1,-1,-1,-1,-1,-1,-1,0,-1
2024311525421,2024,311525421,2,1,0,-1,5,1,5,-1,0,8,0,0,0,0,2,1,-1,9,1,29,6,-1,-1,-1,-1,3,E01013874,0,1
2024340WN3762,2024,340WN3762,1,-1,0,-1,19,3,7,-1,0,6,0,0,0,0,1,1,-1,6,1,25,5,-1,-1,-1,-1,6,E01009531,1,4
2024552400122,2024,552400122,1,9,0,13,13,2,6,0,0,0,0,0,0,0,4,1,6,6,3,-1,-1,-1,-1,-1,-1,-1,-1,0,-1
2024411476827,2024,411476827,1,9,0,-1,19,5,1,-1,0,2,0,0,0,0,1,1,-1,6,1,44,7,-1,-1,-1,-1,7,E01023771,0,1
2024061423523,2024,061423523,1,9,-1,-1,-1,-1,-1,-1,-1,0,-1,-1,-1,0,-1,9,-1,6,1,-1,-1,-1,-1,-1,-1,-1,-1,0,-1
2024430016174,2024,430016174,2,9,0,18,19,8,4,0,0,1,0,0,0,0,1,1,6,6,1,35,6,-1,-1,-1,-1,-1,-1,0,-1
2024361430965,2024,361430965,1,9,0,-1,9,6,2,-1,0,1,0,0,0,0,1,1,-1,9,1,29,6,-1,-1,-1,-1,-1,-1,0,-1
2024122400339,2024,122400339,2,1,0,14,14,7,3,0,0,0,1,0,0,0,1,1,6,6,1,67,10,-1,-1,-1,-1,10,E01027712,0,1
2024221447220,2024,221447220,2,19,0,-1,19,6,1,-1,0,0,0,0,0,0,1,9,-1,2,1,63,9,-1,-1,-1,-1,5,E01028832,0,3
2024131423676,2024,131423676,1,90,0,-1,19,7,3,-1,0,0,0,0,0,0,4,1,-1,1,1,50,8,-1,-1,-1,-1,9,E01011117,0,4
2024540197724,2024,540197724,2,16,0,18,19,7,3,0,0,0,0,0,0,0,0,1,6,6,1,9,2,-1,-1,-1,-1,8,E01031885,0,1
202460Q171821,2024,60Q171821,1,9,0,18,19,8,4,1,1,0,0,0,0,0,1,1,6,6,2,60,9,-1,-1,-1,-1,-1,-1,0,-1
2024010491837,2024,010491837,2,9,0,18,19,4,8,0,0,8,0,0,0,0,2,1,6,6,3,-1,-1,-1,-1,-1,-1,-1,-1,0,-1
2024471522243,2024,471522243,1,9,0,-1,19,6,2,-1,0,0,0,0,0,0,4,9,-1,6,3,-1,-1,-1,-1,-1,-1,-1,-1,0,-1
2024201416624,2024,201416624,1,1,0,-1,19,8,4,-1,0,8,0,0,0,0,3,1,-1,9,1,28,6,-1,-1,-1,-1,2,E01009273,0,1
2024531429608,2024,531429608,2,1,0,-1,9,7,5,-1,0,8,0,0,0,0,4,1,-1,2,1,32,6,-1,-1,-1,-1,10,E01022106,0,1
2024131513655,2024,131513655,1,1,0,-1,19,5,1,-1,0,5,0,0,0,0,4,1,-1,9,1,16,4,-1,-1,-1,-1,2,E01011853,0,1
2024010537610,2024,010537610,2,9,0,99,99,9,9,99,99,9,9,99,9,99,9,9,6,6,2,25,5,-1,-1,-1,-1,1,E01001178,0,1
2024451456882,2024,451456882,2,1,0,-1,19,1,4,-1,0,0,0,0,0,0,1,1,-1,6,2,52,8,-1,-1,-1,-1,7,E01030402,0,1
2024141469103,2024,141469103,2,9,0,-1,19,7,2,-1,0,1,0,0,0,0,1,9,-1,6,3,-1,-1,-1,-1,-1,-1,-1,-1,0,-1
2024332400835,2024,332400835,1,9,0,-1,19,4,8,-1,0,8,0,0,0,0,1,1,-1,9,1,33,6,-1,-1,-1,-1,9,E01025998,0,1
2024471536309,2024,471536309,2,1,0,-1,19,3,7,-1,0,1,0,0,0,0,1,1,-1,1,2,37,7,-1,-1,-1,-1,7,E01031493,0,1
2024131440032,2024,131440032,3,9,0,-1,19,1,5,-1,0,1,0,0,0,0,0,1,-1,6,-1,-1,-1,-1,-1,-1,-1,-1,-1,0,-1
2024010532272,2024,010532272,1,9,0,99,99,9,9,99,99,9,9,99,9,99,1,9,6,6,3,-1,-1,-1,-1,-1,-1,-1,-1,0,-1
2024010529146,2024,010529146,2,1,0,7,7,5,7,2,2,6,0,0,0,0,2,1,2,2,2,30,6,-1,-1,-1,-1,5,E01001720,0,2
2024211410965,2024,211410965,2,11,1,-1,2,0,0,-1,2,0,0,0,0,0,3,9,-1,1,1,-1,-1,-1,-1,-1,-1,-1,-1,0,-1
2024440466317,2024,440466317,1,1,0,1,1,7,3,0,0,8,0,0,0,0,2,1,6,6,1,47,8,-1,-1,-1,-1,8,E01023090,0,1
2024010520044,2024,010520044,2,9,0,99,99,9,9,99,99,0,9,99,9,99,9,9,6,6,3,-1,-1,-1,-1,-1,-1,-1,-1,0,-1
2024070286671,2024,070286671,2,9,0,4,4,1,5,0,0,1,0,0,0,0,2,1,6,6,2,51,8,-1,-1,-1,-1,-1,-1,0,-1
2024622400739,2024,622400739,2,9,0,2,2,0,0,0,0,1,0,0,0,0,1,1,6,6,3,-1,-1,-1,-1,-1,-1,-1,-1,0,-1
2024221457829,2024,221457829,2,1,-1,-1,-1,-1,-1,-1,-1,0,-1,-1,-1,0,-1,1,-1,1,1,24,5,-1,-1,-1,-1,2,E01013994,0,1
2024010516588,2024,010516588,1,1,0,18,19,8,4,9,9,0,0,0,0,0,2,1,6,6,1,43,7,-1,-1,-1,-1,-1,-1,0,-1
2024010547064,2024,010547064,1,1,0,18,19,5,1,0,0,1,0,0,0,0,4,1,1,1,2,52,8,-1,-1,-1,-1,3,E01004434,0,2
2024052401754,2024,052401754,1,1,0,5,5,5,1,0,0,4,0,0,0,0,1,1,6,6,1,-1,-1,-1,-1,-1,-1,-1,-1,0,-1
2024411460840,2024,411460840,1,9,0,-1,1,7,3,-1,0,1,0,0,0,0,2,1,-1,6,2,43,7,-1,-1,-1,-1,9,E01023619,0,1
2024070223670,2024,070223670,1,9,0,18,19,5,7,0,0,3,0,11,0,0,1,1,2,2,1,62,9,-1,-1,-1,-1,3,E01008678,0,5
2024141526778,2024,141526778,1,9,0,-1,3,5,1,-1,0,0,0,0,0,0,3,1,-1,6,3,20,4,-1,-1,-1,-1,-1,-1,0,-1
2024461428207,2024,461428207,1,21,0,-1,12,8,4,-1,0,0,0,0,0,0,1,2,-1,1,1,38,7,-1,-1,-1,-1,-1,-1,0,-1
2024430116968,2024,430116968,2,1,0,18,19,4,8,4,4,1,0,0,0,0,1,1,6,6,1,19,4,-1,-1,-1,-1,8,E01028578,0,1