collision_index,collision_year,collision_ref_no,vehicle_reference,vehicle_type,towing_and_articulation,vehicle_manoeuvre_historic,vehicle_manoeuvre,vehicle_direction_from,vehicle_direction_to,vehicle_location_restricted_lane_historic,vehicle_location_restricted_lane,junction_location,skidding_and_overturning,hit_object_in_carriageway,vehicle_leaving_carriageway,hit_object_off_carriageway,first_point_of_impact,vehicle_left_hand_drive,journey_purpose_of_driver_historic,journey_purpose_of_driver,sex_of_driver,age_of_driver,age_band_of_driver,engine_capacity_cc,propulsion_code,age_of_vehicle,generic_make_model,driver_imd_decile,lsoa_of_driver,escooter_flag,driver_distance_banding
2024010498709,2024,010498709,1,1,9,18,19,9,9,99,99,9,9,99,9,99,9,1,6,6,1,51,8,-1,-1,-1,-1,6,E01034579,0,3
2024340WN3642,2024,340WN3642,2,9,0,-1,3,6,2,-1,0,1,0,0,0,0,2,1,-1,9,1,52,8,-1,-1,-1,-1,3,E01026992,0,1
2024010522173,2024,010522173,2,1,0,18,19,5,1,4,4,1,0,0,3,0,1,1,2,2,1,39,7,-1,-1,-1,-1,3,E01003544,0,1
2024522401917,2024,522401917,1,-1,0,11,11,9,9,0,0,0,0,0,0,0,9,1,6,6,2,38,7,-1,-1,-1,-1,1,E01014658,1,1
2024010491846,2024,010491846,1,3,0,18,19,5,1,0,0,1,0,0,0,0,1,1,6,6,1,34,6,-1,-1,-1,-1,8,E01001039,0,1
2024010516619,2024,010516619,2,90,2,18,19,7,3,0,0,0,0,0,0,0,0,2,6,6,1,30,6,-1,-1,-1,-1,2,E01002508,0,2
2024010541286,2024,010541286,1,1,9,99,99,9,9,99,99,9,9,8,9,99,9,1,6,6,2,70,10,-1,-1,-1,-1,7,E01004173,0,3
2024131508269,2024,131508269,2,1,0,-1,19,6,4,-1,0,8,0,0,0,0,1,1,-1,9,1,12,3,-1,-1,-1,-1,1,E01011346,0,1
2024031496114,2024,031496114,1,9,0,-1,19,1,6,-1,0,0,0,0,0,0,1,1,-1,9,1,66,10,-1,-1,-1,-1,-1,-1,0,-1
2024010514698,2024,010514698,1,1,0,18,19,3,7,0,0,1,0,0,0,0,1,1,6,6,1,23,5,-1,-1,-1,-1,-1,-1,0,-1
2024161497608,2024,161497608,2,9,0,-1,19,7,3,-1,0,0,0,0,0,0,9,9,-1,6,3,-1,-1,-1,-1,-1,-1,-1,-1,0,-1
2024010534396,2024,010534396,3,19,0,18,19,5,1,0,0,2,0,0,0,0,1,1,1,1,1,37,7,-1,-1,-1,-1,3,E01021596,0,4
2024461405554,2024,461405554,2,90,0,-1,19,1,5,-1,9,8,0,0,0,0,4,9,-1,9,2,38,7,-1,-1,-1,-1,2,E01024066,0,1
2024461532598,2024,461532598,1,9,0,-1,19,1,5,-1,0,0,0,6,1,7,1,1,-1,2,1,58,9,-1,-1,-1,-1,6,E01024117,0,1
2024421471436,2024,421471436,2,1,0,-1,19,5,1,-1,0,8,0,0,0,0,4,1,-1,2,1,46,8,-1,-1,-1,-1,5,E01021664,0,1
2024041449542,2024,041449542,2,9,0,-1,4,5,1,-1,0,0,0,0,0,0,1,1,-1,1,1,63,9,-1,-1,-1,-1,3,E01006831,0,4
2024201423905,2024,201423905,2,9,0,-1,19,6,2,-1,0,8,0,0,0,0,1,9,-1,6,3,-1,-1,-1,-1,-1,-1,-1,-1,0,-1
2024010495486,2024,010495486,1,9,0,99,99,9,9,99,99,9,9,99,9,99,2,9,6,6,1,71,10,-1,-1,-1,-1,8,E01001069,0,1
2024332401109,2024,332401109,2,9,0,-1,13,1,5,-1,0,0,0,0,0,0,1,1,-1,9,1,45,7,-1,-1,-1,-1,10,E01025799,0,1
2024070262747,2024,070262747,1,19,0,18,19,5,1,0,0,0,0,0,0,0,1,1,6,6,1,-1,-1,-1,-1,-1,-1,-1,-1,0,-1
2024052401576,2024,052401576,1,9,0,7,7,6,7,0,0,1,0,0,0,0,4,1,6,6,3,-1,-1,-1,-1,-1,-1,-1,-1,0,-1
2024010488298,2024,010488298,2,9,9,99,99,9,9,99,99,0,9,99,9,99,9,9,6,6,3,-1,-1,-1,-1,-1,-1,-1,-1,0,-1
2024010490677,2024,010490677,2,9,0,99,99,9,9,99,99,9,9,99,9,99,1,9,6,6,3,-1,-1,-1,-1,-1,-1,-1,-1,0,-1
2024010497132,2024,010497132,1,5,0,17,19,5,2,0,0,1,0,10,0,0,1,1,6,6,3,-1,-1,-1,-1,-1,-1,-1,-1,0,-1
2024440336271,2024,440336271,1,9,0,18,19,5,1,0,0,3,0,0,4,0,1,1,6,6,1,26,6,-1,-1,-1,-1,8,E01023089,0,1
2024332400673,2024,332400673,2,1,0,-1,19,8,4,-1,9,8,0,0,0,0,1,1,-1,6,1,2,1,-1,-1,-1,-1,2,E01032602,0,1
2024451512413,2024,451512413,1,1,0,-1,19,5,1,-1,0,8,0,0,0,0,3,1,-1,6,1,13,3,-1,-1,-1,-1,9,E01030712,0,1
2024340WN1212,2024,340WN1212,1,9,0,-1,19,8,4,-1,0,1,0,0,0,0,1,1,-1,9,3,-1,-1,-1,-1,-1,-1,-1,-1,0,-1
2024161444267,2024,161444267,1,9,0,-1,5,1,7,-1,0,6,0,0,0,0,1,1,-1,9,2,56,9,-1,-1,-1,-1,1,E01012840,0,1
2024430523145,2024,430523145,1,3,0,11,11,1,5,0,0,3,0,0,0,0,4,1,6,6,1,26,6,-1,-1,-1,-1,8,E01017910,0,1
2024610038324,2024,610038324,2,1,0,18,19,1,5,0,0,0,0,0,0,0,2,1,6,6,1,14,3,-1,-1,-1,-1,7,W01001677,0,1
2024411425330,2024,411425330,1,9,0,-1,19,1,5,-1,0,0,0,0,0,0,1,9,-1,6,3,-1,-1,-1,-1,-1,-1,-1,-1,0,-1
2024231505548,2024,231505548,2,1,0,-1,19,8,4,-1,9,8,0,0,0,0,1,1,-1,2,2,17,4,-1,-1,-1,-1,8,E01035018,0,1
2024010487670,2024,010487670,1,9,9,2,2,0,0,99,99,0,9,99,9,99,9,1,6,6,3,-1,-1,-1,-1,-1,-1,-1,-1,0,-1
2024010519714,2024,010519714,2,9,0,99,99,9,9,99,99,9,9,99,9,99,9,9,6,6,3,-1,-1,-1,-1,-1,-1,-1,-1,0,-1
2024010491134,2024,010491134,1,9,0,18,19,3,7,0,0,1,0,0,0,0,1,1,1,1,1,62,9,-1,-1,-1,-1,8,E01002470,0,1
2024501518979,2024,501518979,2,9,0,-1,14,8,4,-1,0,0,0,4,0,0,4,1,-1,6,3,-1,-1,-1,-1,-1,-1,-1,-1,0,-1
2024010531799,2024,010531799,2,1,0,18,19,5,1,2,2,0,0,4,0,0,1,1,6,6,1,-1,-1,-1,-1,-1,-1,-1,-1,0,-1
2024010495184,2024,010495184,2,9,0,12,12,3,7,0,0,6,0,0,0,0,1,1,6,6,1,44,7,-1,-1,-1,-1,3,E01033943,0,1
2024201485860,2024,201485860,2,9,0,-1,19,6,2,-1,0,0,0,0,0,0,1,9,-1,1,1,23,5,-1,-1,-1,-1,4,E01010015,0,1
2024122400484,2024,122400484,2,9,0,18,19,5,1,0,0,0,0,0,0,0,1,1,6,6,1,74,10,-1,-1,-1,-1,9,E01013342,0,1
2024501456848,2024,501456848,2,9,0,-1,19,1,5,-1,0,0,0,0,0,0,4,9,-1,6,3,-1,-1,-1,-1,-1,-1,-1,-1,0,-1
2024481442471,2024,481442471,1,1,0,-1,19,5,1,-1,5,0,0,0,0,0,1,1,-1,1,1,48,8,-1,-1,-1,-1,-1,-1,0,-1
2024010489333,2024,010489333,1,19,0,18,19,3,7,0,0,0,0,0,0,0,3,1,6,6,1,34,6,-1,-1,-1,-1,3,E01000403,0,3
2024430103627,2024,430103627,1,9,0,14,14,5,1,0,0,0,0,0,0,0,4,1,6,6,2,32,6,-1,-1,-1,-1,-1,-1,0,-1
2024401471031,2024,401471031,1,9,-1,-1,-1,-1,-1,-1,-1,-1,-1,-1,-1,0,-1,9,-1,6,3,-1,-1,-1,-1,-1,-1,-1,-1,0,-1
2024520403315,2024,520403315,1,9,0,18,19,3,7,0,0,0,0,0,0,0,3,1,6,6,1,20,4,-1,-1,-1,-1,4,E01014448,0,2
202417M318624,2024,17M318624,5,19,0,-1,19,4,7,-1,0,8,0,0,0,0,3,1,-1,1,1,42,7,-1,-1,-1,-1,1,E01012044,0,1
2024430601190,2024,430601190,1,-1,0,18,19,8,4,0,0,1,0,0,0,0,1,1,6,6,1,-1,-1,-1,-1,-1,-1,-1,-1,1,-1
2024131406094,2024,131406094,2,1,0,-1,3,0,0,-1,0,1,0,0,0,0,1,1,-1,6,1,55,8,-1,-1,-1,-1,3,E01011871,0,1
202417S212024,2024,17S212024,1,9,0,-1,19,8,5,-1,0,8,0,0,0,0,4,1,-1,2,2,47,8,-1,-1,-1,-1,8,E01033480,0,1
2024010492036,2024,010492036,2,5,0,7,7,5,6,0,0,3,1,0,0,0,1,1,6,6,1,54,8,-1,-1,-1,-1,-1,-1,0,-1
2024311473894,2024,311473894,1,1,0,-1,19,3,7,-1,9,0,0,0,0,0,1,1,-1,9,1,30,6,-1,-1,-1,-1,-1,-1,0,-1
2024201510883,2024,201510883,1,1,0,-1,19,7,3,-1,0,0,0,0,0,0,1,1,-1,6,-1,-1,-1,-1,-1,-1,-1,-1,-1,0,-1
2024041426082,2024,041426082,2,9,0,-1,7,3,5,-1,0,2,0,0,0,0,2,1,-1,9,2,62,9,-1,-1,-1,-1,7,E01025130,0,1
2024122400352,2024,122400352,2,1,0,18,19,1,5,0,0,0,0,0,0,0,2,1,6,6,1,12,3,-1,-1,-1,-1,6,E01013384,0,1
202454C548224,2024,54C548224,1,90,0,18,19,2,6,0,0,0,0,0,0,0,4,1,6,6,3,-1,-1,-1,-1,-1,-1,-1,-1,0,-1
2024411489059,2024,411489059,1,5,0,-1,19,3,7,-1,0,0,2,0,1,0,1,1,-1,6,1,29,6,-1,-1,-1,-1,6,E01033311,0,4
2024010503105,2024,010503105,2,1,9,99,99,9,9,99,99,0,9,99,9,99,9,1,6,6,3,-1,-1,-1,-1,-1,-1,2,E01034488,0,1
2024010535360,2024,010535360,3,9,4,18,19,3,7,0,0,1,0,0,0,0,2,1,6,6,3,-1,-1,-1,-1,-1,-1,-1,-1,0,-1
2024520500299,2024,520500299,2,90,0,18,19,2,6,0,0,8,0,0,0,0,3,1,6,6,3,-1,-1,-1,-1,-1,-1,-1,-1,0,-1
2024451430178,2024,451430178,2,9,0,-1,19,1,5,-1,0,0,0,0,0,0,4,1,-1,1,1,32,6,-1,-1,-1,-1,8,E01023124,0,3
2024991404842,2024,991404842,2,90,0,-1,2,0,0,-1,0,0,0,0,0,0,2,1,-1,6,-1,-1,-1,-1,-1,-1,-1,-1,-1,0,-1
2024010493481,2024,010493481,3,9,9,99,99,9,9,99,99,9,9,99,9,99,9,9,6,6,3,-1,-1,-1,-1,-1,-1,-1,-1,0,-1
2024520000099,2024,520000099,1,1,0,18,19,3,7,0,0,0,0,0,0,0,2,1,6,6,2,42,7,-1,-1,-1,-1,4,E01014448,0,1
2024010529094,2024,010529094,2,1,0,3,3,1,5,0,0,2,0,0,0,0,0,1,6,6,1,76,11,-1,-1,-1,-1,4,E01004747,0,1
2024211413539,2024,211413539,1,99,0,-1,5,5,7,-1,0,2,0,0,0,0,1,9,-1,6,3,30,6,-1,-1,-1,-1,-1,-1,0,-1
2024101452574,2024,101452574,1,97,0,-1,7,7,1,-1,0,8,0,0,0,0,1,1,-1,9,1,-1,-1,-1,-1,-1,-1,-1,-1,0,-1
2024010495909,2024,010495909,2,9,0,99,99,9,9,99,99,0,9,99,9,99,9,9,6,6,2,-1,-1,-1,-1,-1,-1,-1,-1,0,-1
2024010488172,2024,010488172,2,9,0,99,99,9,9,99,99,9,9,99,9,99,9,9,6,6,3,-1,-1,-1,-1,-1,-1,-1,-1,0,-1
2024010494097,2024,010494097,2,9,9,99,99,9,9,99,99,9,9,99,9,99,9,9,6,6,3,-1,-1,-1,-1,-1,-1,-1,-1,0,-1
2024010541319,2024,010541319,2,1,0,18,19,1,5,0,0,6,0,0,0,0,1,1,1,1,1,33,6,-1,-1,-1,-1,4,E01004217,0,1
2024332400804,2024,332400804,2,1,0,-1,19,7,3,-1,0,0,0,0,0,0,1,1,-1,6,1,57,9,-1,-1,-1,-1,5,E01013790,0,1
2024461440765,2024,461440765,2,1,0,-1,7,1,7,-1,0,1,0,0,0,0,4,1,-1,6,2,71,10,-1,-1,-1,-1,6,E01024848,0,1
2024010532374,2024,010532374,2,1,0,18,19,1,5,0,0,8,0,0,0,0,0,1,2,2,2,24,5,-1,-1,-1,-1,7,E01002679,0,1
2024010494204,2024,010494204,1,1,0,18,19,5,1,0,0,2,0,0,0,0,1,1,1,1,1,25,5,-1,-1,-1,-1,4,E01002704,0,1
2024061488970,2024,061488970,1,19,0,-1,19,6,1,-1,0,0,0,0,0,0,1,9,-1,6,1,-1,-1,-1,-1,-1,-1,-1,-1,0,-1
2024430596691,2024,430596691,2,9,0,18,19,7,3,0,0,0,0,0,0,0,0,1,6,6,3,-1,-1,-1,-1,-1,-1,-1,-1,0,-1
2024991421830,2024,991421830,2,9,0,-1,19,8,4,-1,0,0,0,0,0,0,3,1,-1,2,1,31,6,-1,-1,-1,-1,6,-1,0,1
2024302401500,2024,302401500,1,9,0,16,19,8,2,0,0,0,0,0,0,0,1,1,6,6,3,-1,-1,-1,-1,-1,-1,5,E01019456,0,4
2024010549497,2024,010549497,1,11,0,18,19,1,5,0,0,8,0,0,0,0,1,1,6,6,1,-1,-1,-1,-1,-1,-1,-1,-1,0,-1
2024010523457,2024,010523457,2,98,1,99,99,9,9,0,0,0,9,99,9,99,0,9,6,6,3,-1,-1,-1,-1,-1,-1,-1,-1,0,-1
2024522402351,2024,522402351,1,1,0,18,19,5,1,0,0,0,0,0,0,0,2,1,6,6,1,30,6,-1,-1,-1,-1,2,E01033361,0,1
2024451536401,2024,451536401,2,1,0,-1,19,1,5,-1,0,0,0,0,0,0,1,1,-1,6,1,65,9,-1,-1,-1,-1,7,E01030956,0,1
2024320497611,2024,320497611,1,9,0,7,7,5,7,0,0,6,0,0,0,0,1,1,-1,-1,1,33,6,-1,-1,-1,-1,7,E01026066,0,1
2024010495908,2024,010495908,1,9,0,9,9,5,2,0,0,8,0,0,0,0,1,1,4,7,2,41,7,-1,-1,-1,-1,2,E01003432,0,1
2024451495142,2024,451495142,1,98,0,-1,19,5,1,-1,0,0,0,0,0,0,4,1,-1,6,3,30,6,-1,-1,-1,-1,-1,-1,0,-1
2024231492055,2024,231492055,1,9,0,-1,10,4,2,-1,0,5,0,0,0,0,4,1,-1,1,2,18,4,-1,-1,-1,-1,1,E01009097,0,2
2024371462037,2024,371462037,2,9,0,-1,9,5,1,-1,0,0,0,0,0,0,2,1,-1,1,1,43,7,-1,-1,-1,-1,5,E01029941,0,1
2024302400644,2024,302400644,1,9,0,16,19,5,8,0,0,0,0,0,7,0,3,1,6,6,2,65,9,-1,-1,-1,-1,4,E01019822,0,1
2024010490442,2024,010490442,1,9,0,17,19,3,1,0,0,8,2,9,0,0,0,1,6,6,1,28,6,-1,-1,-1,-1,9,E01000425,0,1
2024211460779,2024,211460779,2,1,0,-1,5,3,7,-1,0,0,0,0,0,0,4,1,-1,2,1,40,7,-1,-1,-1,-1,-1,-1,0,-1
2024351455682,2024,351455682,2,1,0,-1,19,2,6,-1,0,0,0,0,0,0,4,1,-1,2,2,30,6,-1,-1,-1,-1,4,E01018009,0,1
202417M115224,2024,17M115224,1,1,0,-1,19,2,6,-1,9,0,0,0,0,0,1,1,-1,6,3,-1,-1,-1,-1,-1,-1,-1,-1,0,-1
2024361393894,2024,361393894,1,9,-1,-1,-1,-1,-1,-1,-1,0,-1,-1,-1,0,-1,1,-1,6,1,-1,-1,-1,-1,-1,-1,-1,-1,0,-1
2024010496367,2024,010496367,2,9,0,18,19,5,1,0,0,8,1,0,0,0,1,1,6,6,1,25,5,-1,-1,-1,-1,2,E01003047,0,2
2024010496131,2024,010496131,1,19,0,99,99,9,9,99,99,9,9,99,9,99,9,9,1,1,1,20,4,-1,-1,-1,-1,2,E01001653,0,1
2024430309020,2024,430309020,1,1,0,18,19,5,1,0,0,6,1,0,0,0,1,1,6,6,1,13,3,-1,-1,-1,-1,-1,-1,0,-1
2024010507985,2024,010507985,1,9,0,99,99,9,9,99,99,9,9,99,9,99,1,1,6,6,3,-1,-1,-1,-1,-1,-1,-1,-1,0,-1
2024411516675,2024,411516675,2,9,0,-1,19,2,6,-1,0,2,1,0,3,0,1,1,-1,6,1,86,11,-1,-1,-1,-1,9,E01023548,0,1
2024061478900,2024,061478900,2,90,9,-1,99,-1,-1,-1,0,8,0,99,0,0,9,9,-1,6,3,-1,-1,-1,-1,-1,-1,-1,-1,0,-1
2024201508171,2024,201508171,2,1,0,-1,19,8,4,-1,0,8,0,0,0,0,1,1,-1,6,1,12,3,-1,-1,-1,-1,9,E01010183,0,1
2024101479065,2024,101479065,2,19,0,-1,19,4,8,-1,0,3,0,0,0,0,2,2,-1,6,1,69,10,-1,-1,-1,-1,-1,-1,0,-1
2024471416023,2024,471416023,2,90,4,-1,19,8,4,-1,0,0,0,0,0,0,0,9,-1,6,2,67,10,-1,-1,-1,-1,6,E01031375,0,3
2024430460807,2024,430460807,2,9,0,3,3,6,2,0,0,1,0,0,0,0,2,1,6,6,2,43,7,-1,-1,-1,-1,-1,-1,0,-1
2024010525016,2024,010525016,2,1,9,18,19,5,1,0,0,1,9,99,0,0,1,1,6,6,1,-1,-1,-1,-1,-1,-1,9,E01004058,0,1
2024411488915,2024,411488915,1,1,0,-1,19,5,1,-1,0,1,0,0,0,0,3,1,-1,6,2,48,8,-1,-1,-1,-1,10,E01023454,0,1
2024430314641,2024,430314641,1,1,0,4,4,3,7,0,0,1,0,0,0,0,2,1,6,6,1,44,7,-1,-1,-1,-1,8,E01016758,0,1
2024010504905,2024,010504905,1,9,0,99,99,9,9,99,99,9,9,99,9,99,9,9,6,6,3,-1,-1,-1,-1,-1,-1,-1,-1,0,-1
2024451395302,2024,451395302,1,9,0,-1,19,5,1,-1,0,0,0,0,0,0,1,1,-1,9,1,27,6,-1,-1,-1,-1,4,E01016462,0,2
2024122400559,2024,122400559,1,22,0,18,19,2,6,9,9,0,0,0,0,0,0,1,6,6,3,-1,-1,-1,-1,-1,-1,-1,-1,0,-1
2024302400151,2024,302400151,2,21,0,18,19,5,1,0,0,0,0,0,0,0,2,1,1,1,1,67,10,-1,-1,-1,-1,3,E01007357,0,4
2024101442108,2024,101442108,1,9,0,-1,12,5,1,-1,0,0,0,0,0,0,1,1,-1,1,1,23,5,-1,-1,-1,-1,2,E01008336,0,1
2024010514541,2024,010514541,1,9,0,18,19,7,3,0,0,8,0,0,0,0,1,1,6,6,3,-1,-1,-1,-1,-1,-1,-1,-1,0,-1
2024010518869,2024,010518869,1,1,0,14,14,4,8,0,0,3,0,0,0,0,1,1,6,6,1,40,7,-1,-1,-1,-1,4,E01001883,0,1
2024010531755,2024,010531755,1,9,0,99,99,9,9,99,99,9,9,99,9,99,2,9,6,6,3,-1,-1,-1,-1,-1,-1,-1,-1,0,-1
2024131509222,2024,131509222,2,17,0,-1,19,1,1,-1,0,0,0,0,0,0,2,1,-1,1,1,57,9,-1,-1,-1,-1,8,E01011873,0,4
2024430315695,2024,430315695,2,-1,0,18,19,5,1,0,0,1,0,0,0,0,4,1,6,6,1,28,6,-1,-1,-1,-1,-1,-1,1,-1
2024451515987,2024,451515987,1,1,0,-1,19,6,2,-1,0,0,0,11,0,0,3,1,-1,9,1,66,10,-1,-1,-1,-1,9,E01000831,0,3
2024010522433,2024,010522433,1,1,0,15,15,4,8,0,0,8,5,0,0,0,1,1,2,2,2,30,6,-1,-1,-1,-1,5,E01033457,0,1
2024101468940,2024,101468940,2,1,0,-1,19,3,7,-1,5,0,5,0,0,0,1,1,-1,2,1,58,9,-1,-1,-1,-1,2,E01008487,0,1
2024351500570,2024,351500570,1,1,0,-1,19,3,7,-1,0,0,0,0,0,0,3,1,-1,6,1,57,9,-1,-1,-1,-1,-1,-1,0,-1
2024010503497,2024,010503497,1,9,0,18,19,2,6,0,0,0,0,0,0,0,1,1,6,6,3,-1,-1,-1,-1,-1,-1,-1,-1,0,-1
2024131482785,2024,131482785,1,1,0,-1,5,1,5,-1,0,0,5,0,0,0,1,1,-1,6,1,36,7,-1,-1,-1,-1,2,E01010993,0,1
2024010518743,2024,010518743,2,23,0,18,19,5,1,0,0,2,0,0,0,0,0,1,6,6,1,23,5,-1,-1,-1,-1,6,E01004520,0,1
2024371446366,2024,371446366,2,1,0,-1,19,-1,-1,-1,0,1,0,0,0,0,4,1,-1,2,1,20,4,-1,-1,-1,-1,6,E01030134,0,1
2024041397378,2024,041397378,1,9,0,-1,19,5,1,-1,0,0,0,10,0,0,1,1,-1,9,2,19,4,-1,-1,-1,-1,6,E01024957,0,3
2024010530530,2024,010530530,2,90,9,99,99,9,9,99,99,9,9,99,9,99,1,9,6,6,3,-1,-1,-1,-1,-1,-1,5,E01015718,0,4
2024332400292,2024,332400292,2,1,0,-1,19,5,1,-1,0,8,0,0,0,0,1,1,-1,1,1,24,5,-1,-1,-1,-1,4,E01034012,0,1
2024430285542,2024,430285542,2,1,0,18,19,6,2,2,2,0,0,0,0,0,2,1,2,2,3,31,6,-1,-1,-1,-1,6,E01028580,0,1
2024552500081,2024,552500081,1,9,0,18,19,2,6,0,0,0,0,0,0,0,1,1,6,6,3,-1,-1,-1,-1,-1,-1,-1,-1,0,-1
2024010489940,2024,010489940,2,9,0,18,19,5,1,0,0,1,0,0,0,0,0,1,6,6,3,34,6,-1,-1,-1,-1,-1,-1,0,-1
2024451416883,2024,451416883,1,1,0,-1,19,1,5,-1,0,0,0,0,0,0,2,1,-1,9,1,61,9,-1,-1,-1,-1,9,E01030492,0,2
2024061495505,2024,061495505,2,97,0,-1,13,7,1,-1,0,8,0,0,0,0,4,1,-1,9,3,-1,-1,-1,-1,-1,-1,-1,-1,0,-1
2024010503784,2024,010503784,1,1,9,99,99,9,9,99,99,9,9,99,9,99,0,1,6,6,1,33,6,-1,-1,-1,-1,6,E01003038,0,1
2024131439729,2024,131439729,1,9,0,-1,-1,-1,-1,-1,-1,-1,-1,-1,-1,0,-1,1,-1,6,3,-1,-1,-1,-1,-1,-1,-1,-1,0,-1
2024041480841,2024,041480841,1,1,0,-1,19,5,1,-1,0,6,2,0,0,0,3,1,-1,9,2,14,3,-1,-1,-1,-1,9,E01024983,0,1
2024440471323,2024,440471323,1,9,0,4,4,1,5,0,0,1,0,0,0,0,4,1,6,6,2,43,7,-1,-1,-1,-1,-1,-1,0,-1
2024231415309,2024,231415309,2,1,0,-1,19,8,4,-1,0,8,2,0,0,0,4,1,-1,9,1,31,6,-1,-1,-1,-1,10,E01031228,0,2
2024371555589,2024,371555589,2,9,0,-1,2,0,0,-1,0,2,0,0,0,0,1,1,-1,6,-1,-1,-1,-1,-1,-1,-1,-1,-1,0,-1
2024010534187,2024,010534187,2,1,9,5,5,5,1,0,0,0,9,99,9,99,9,1,6,6,1,-1,-1,-1,-1,-1,-1,4,E01004057,0,1
2024010500650,2024,010500650,1,1,9,99,99,9,9,99,99,9,9,99,9,99,9,1,2,2,2,25,5,-1,-1,-1,-1,2,E01004185,0,1
2024141431589,2024,141431589,1,9,0,-1,19,4,7,-1,0,0,2,0,7,4,1,9,-1,6,1,29,6,-1,-1,-1,-1,-1,-1,0,-1
2024010522743,2024,010522743,1,1,9,99,99,9,9,99,99,9,9,99,9,99,1,1,6,6,2,34,6,-1,-1,-1,-1,3,E01000548,0,1
2024010489167,2024,010489167,1,9,9,4,4,5,1,99,99,0,9,99,9,10,9,9,6,6,1,35,6,-1,-1,-1,-1,3,E01034395,0,2
2024122401171,2024,122401171,1,1,0,18,19,8,4,0,0,2,0,0,0,0,0,1,6,6,2,51,8,-1,-1,-1,-1,9,E01013422,0,1
2024201479335,2024,201479335,1,9,0,-1,19,3,7,-1,0,8,1,0,0,0,1,1,-1,6,1,79,11,-1,-1,-1,-1,10,E01029513,0,2
2024411427520,2024,411427520,2,9,-1,-1,-1,-1,-1,-1,-1,1,-1,-1,-1,0,-1,9,-1,6,3,-1,-1,-1,-1,-1,-1,-1,-1,0,-1
2024010529667,2024,010529667,3,9,0,18,19,6,2,0,0,1,0,0,0,0,1,1,6,6,3,-1,-1,-1,-1,-1,-1,-1,-1,0,-1
2024302400501,2024,302400501,1,9,0,7,7,1,3,0,0,2,0,0,0,0,4,1,6,6,3,-1,-1,-1,-1,-1,-1,5,E01019456,0,3
2024351414471,2024,351414471,1,9,0,-1,3,5,1,-1,0,7,0,0,0,0,2,1,-1,2,1,54,8,-1,-1,-1,-1,9,E01034697,0,4
2024991417437,2024,991417437,1,19,0,-1,19,1,5,-1,0,0,0,0,0,0,1,1,-1,1,1,33,6,-1,-1,-1,-1,-1,-1,0,-1
2024221486714,2024,221486714,2,5,0,-1,19,5,1,-1,0,8,0,0,0,0,3,1,-1,1,1,37,7,-1,-1,-1,-1,5,E01014008,0,4
2024010494106,2024,010494106,2,9,9,99,99,9,9,99,99,6,9,99,9,99,9,9,6,6,3,-1,-1,-1,-1,-1,-1,-1,-1,0,-1
2024131434134,2024,131434134,1,9,0,-1,19,7,3,-1,0,8,0,0,0,0,3,1,-1,6,2,38,7,-1,-1,-1,-1,6,E01011182,0,1
2024201451163,2024,201451163,2,1,0,-1,19,3,7,-1,0,0,0,0,0,0,3,1,-1,9,1,22,5,-1,-1,-1,-1,6,E01009531,0,1
2024471476461,2024,471476461,2,9,0,-1,13,7,3,-1,0,0,0,0,0,0,3,1,-1,6,1,67,10,-1,-1,-1,-1,5,E01031611,0,1
2024440186827,2024,440186827,2,1,0,18,19,2,6,0,0,0,0,0,0,0,3,1,6,6,1,15,3,-1,-1,-1,-1,4,E01017090,0,1
2024520001366,2024,520001366,2,1,0,18,19,5,1,0,0,0,0,0,0,0,1,1,6,6,1,40,7,-1,-1,-1,-1,5,E01014431,0,1
2024010523998,2024,010523998,2,9,0,99,99,9,9,99,99,9,9,99,9,99,1,9,6,6,3,-1,-1,-1,-1,-1,-1,-1,-1,0,-1
2024501426351,2024,501426351,1,9,0,-1,19,8,4,-1,0,0,0,0,0,0,3,9,-1,6,3,-1,-1,-1,-1,-1,-1,-1,-1,0,-1
2024010542375,2024,010542375,1,9,0,18,19,7,3,0,0,8,1,0,0,0,4,1,1,1,1,33,6,-1,-1,-1,-1,1,E01001730,0,1
2024010491945,2024,010491945,2,-1,0,18,19,7,3,0,0,2,0,0,0,0,1,1,6,6,1,37,7,-1,-1,-1,-1,3,E01004287,1,1
2024141531992,2024,141531992,1,9,0,-1,19,5,1,-1,0,1,0,0,0,0,1,9,-1,6,3,-1,-1,-1,-1,-1,-1,-1,-1,0,-1
2024122401158,2024,122401158,1,9,0,7,7,1,5,0,0,5,0,0,1,10,1,1,6,6,3,17,4,-1,-1,-1,-1,5,E01027916,0,1
2024061401697,2024,061401697,2,1,-1,-1,-1,-1,-1,-1,-1,0,-1,-1,-1,0,-1,1,-1,2,2,59,9,-1,-1,-1,-1,-1,-1,0,-1
2024010548731,2024,010548731,2,1,0,18,19,1,5,0,0,1,0,0,0,0,4,1,2,2,1,50,8,-1,-1,-1,-1,4,E01003277,0,1
2024010493489,2024,010493489,2,9,0,99,99,9,9,99,99,0,9,99,9,99,2,9,6,6,3,-1,-1,-1,-1,-1,-1,2,E01001900,0,1
2024010489202,2024,010489202,2,1,0,18,19,5,1,0,0,8,0,0,0,0,4,1,2,2,1,40,7,-1,-1,-1,-1,9,E01035488,0,1
2024201423867,2024,201423867,2,9,0,-1,19,2,6,-1,0,0,0,0,0,0,2,9,-1,6,2,39,7,-1,-1,-1,-1,1,E01010053,0,1
2024231452133,2024,231452133,1,9,0,-1,19,4,8,-1,0,0,0,0,0,0,1,1,-1,6,3,32,6,-1,-1,-1,-1,-1,-1,0,-1
2024351479970,2024,351479970,1,19,0,-1,4,4,8,-1,0,1,0,0,0,0,2,1,-1,9,1,80,11,-1,-1,-1,-1,3,E01030109,0,3
2024201435460,2024,201435460,1,9,0,-1,19,8,3,-1,0,8,0,0,0,0,1,9,-1,6,2,-1,-1,-1,-1,-1,-1,-1,-1,0,-1
2024122400806,2024,122400806,1,11,0,4,4,5,1,0,0,0,0,0,0,0,4,1,1,1,1,55,8,-1,-1,-1,-1,8,E01027691,0,1
2024131486568,2024,131486568,2,9,0,-1,-1,-1,-1,-1,-1,-1,-1,-1,-1,-1,-1,1,-1,6,3,-1,-1,-1,-1,-1,-1,-1,-1,0,-1