collision_index,collision_year,collision_ref_no,vehicle_reference,vehicle_type,towing_and_articulation,vehicle_manoeuvre_historic,vehicle_manoeuvre,vehicle_direction_from,vehicle_direction_to,vehicle_location_restricted_lane_historic,vehicle_location_restricted_lane,junction_location,skidding_and_overturning,hit_object_in_carriageway,vehicle_leaving_carriageway,hit_object_off_carriageway,first_point_of_impact,vehicle_left_hand_drive,journey_purpose_of_driver_historic,journey_purpose_of_driver,sex_of_driver,age_of_driver,age_band_of_driver,engine_capacity_cc,propulsion_code,age_of_vehicle,generic_make_model,driver_imd_decile,lsoa_of_driver,escooter_flag,driver_distance_banding
2024430053204,2024,430053204,2,9,0,2,2,0,0,0,0,0,0,0,0,11,2,1,6,6,3,-1,-1,-1,-1,-1,-1,-1,-1,0,-1
2024201434830,2024,201434830,1,9,0,-1,5,7,6,-1,0,6,0,0,0,0,1,9,-1,6,3,30,6,-1,-1,-1,-1,-1,-1,0,-1
2024520001562,2024,520001562,1,19,0,18,19,6,2,0,0,0,0,0,0,0,1,1,6,6,1,64,9,-1,-1,-1,-1,9,E01014441,0,3
2024421515928,2024,421515928,2,1,0,-1,19,1,5,-1,0,8,5,0,0,0,3,1,-1,9,1,59,9,-1,-1,-1,-1,4,E01021669,0,2
2024520002316,2024,520002316,1,1,0,18,19,5,1,0,0,1,0,0,0,0,0,1,6,6,2,55,8,-1,-1,-1,-1,6,E01014480,0,1
2024320607742,2024,320607742,1,9,0,-1,-1,7,3,0,0,0,5,0,7,0,1,1,1,1,1,55,8,-1,-1,-1,-1,9,E01026223,0,1
2024061424300,2024,061424300,1,97,0,-1,19,1,4,-1,0,0,0,0,7,0,1,1,-1,6,1,34,6,-1,-1,-1,-1,-1,-1,0,-1
2024010487527,2024,010487527,2,9,0,99,99,9,9,99,99,9,9,99,9,99,9,9,6,6,3,46,8,-1,-1,-1,-1,4,E01003537,0,3
2024010501205,2024,010501205,1,1,9,99,99,9,9,99,99,0,9,99,9,99,9,1,1,1,2,30,6,-1,-1,-1,-1,6,E01004560,0,1
2024430462814,2024,430462814,1,9,0,18,19,7,3,0,0,1,0,0,0,0,1,1,6,6,1,30,6,-1,-1,-1,-1,10,E01028628,0,1
2024131564284,2024,131564284,2,9,0,-1,-1,-1,-1,-1,-1,0,-1,-1,-1,0,-1,1,-1,6,3,-1,-1,-1,-1,-1,-1,-1,-1,0,-1
2024041523810,2024,041523810,1,9,0,-1,5,1,5,-1,0,2,0,0,0,0,1,1,-1,6,-1,-1,-1,-1,-1,-1,-1,-1,-1,0,-1
2024101502502,2024,101502502,1,-1,0,-1,9,4,2,-1,0,6,0,0,0,0,1,1,-1,1,1,25,5,-1,-1,-1,-1,-1,-1,0,-1
2024622400646,2024,622400646,1,9,0,9,9,1,7,0,0,5,0,0,0,0,1,1,6,6,2,83,11,-1,-1,-1,-1,9,W01001797,0,1
2024141514347,2024,141514347,2,9,4,-1,19,3,7,-1,0,0,0,10,0,0,0,1,-1,2,1,36,7,-1,-1,-1,-1,6,E01007565,0,1
2024430006738,2024,430006738,1,1,0,18,19,7,3,0,0,8,0,0,0,0,2,1,2,2,1,24,5,-1,-1,-1,-1,6,E01017809,0,2
2024010545662,2024,010545662,2,1,0,18,19,5,1,0,0,6,5,0,0,0,1,1,1,1,1,78,11,-1,-1,-1,-1,7,E01030505,0,4
2024221476807,2024,221476807,2,1,0,-1,19,3,7,-1,0,0,0,0,0,0,3,1,-1,9,1,14,3,-1,-1,-1,-1,4,E01014138,0,1
2024010518485,2024,010518485,1,1,0,18,19,3,7,4,4,1,0,0,0,0,1,1,2,2,1,25,5,-1,-1,-1,-1,3,E01035498,0,1
2024111414703,2024,111414703,1,1,0,-1,5,2,6,-1,0,0,0,0,0,0,3,1,-1,7,1,13,3,-1,-1,-1,-1,4,E01020826,0,1
2024430215177,2024,430215177,2,9,0,14,14,5,1,0,0,0,0,0,0,0,4,1,6,6,2,-1,-1,-1,-1,-1,-1,-1,-1,0,-1
2024320184555,2024,320184555,1,9,0,-1,-1,2,6,0,0,0,2,0,1,9,1,1,6,6,1,55,8,-1,-1,-1,-1,4,E01026336,0,1
2024311505647,2024,311505647,1,9,-1,-1,-1,-1,-1,-1,-1,0,-1,-1,-1,0,-1,9,-1,6,3,-1,-1,-1,-1,-1,-1,-1,-1,0,-1
2024610016124,2024,610016124,2,19,0,5,5,3,5,0,0,8,0,0,0,0,3,1,6,6,1,32,6,-1,-1,-1,-1,3,W01001177,0,3
2024010490309,2024,010490309,1,9,0,18,19,1,5,0,0,0,0,10,0,0,1,1,1,1,1,28,6,-1,-1,-1,-1,2,E01004008,0,1
2024010530067,2024,010530067,1,1,9,99,99,9,9,99,99,1,9,99,9,99,1,1,2,2,1,31,6,-1,-1,-1,-1,3,E01000556,0,2
2024061519206,2024,061519206,1,9,0,-1,19,8,4,-1,0,0,0,0,0,0,1,9,-1,6,3,-1,-1,-1,-1,-1,-1,-1,-1,0,-1
2024531490067,2024,531490067,1,9,0,-1,19,7,3,-1,0,0,0,0,0,0,1,1,-1,1,1,37,7,-1,-1,-1,-1,8,E01022278,0,1
2024461452000,2024,461452000,1,9,0,-1,11,1,2,-1,0,8,0,0,0,0,4,9,-1,9,2,19,4,-1,-1,-1,-1,2,E01024241,0,4
2024010490766,2024,010490766,2,90,0,99,99,9,9,99,99,9,9,99,9,99,9,9,6,6,3,-1,-1,-1,-1,-1,-1,-1,-1,0,-1
2024221407442,2024,221407442,2,1,0,-1,19,2,6,-1,0,1,0,0,0,0,3,1,-1,7,2,28,6,-1,-1,-1,-1,5,E01032391,0,1
2024010516790,2024,010516790,2,98,9,99,99,9,9,0,0,0,0,0,0,0,9,9,6,6,1,40,7,-1,-1,-1,-1,2,E01003507,0,1
2024340WN5872,2024,340WN5872,1,9,0,-1,19,3,7,-1,0,0,0,0,0,0,1,1,-1,6,1,-1,-1,-1,-1,-1,-1,-1,-1,0,-1
2024111409266,2024,111409266,1,9,0,-1,19,2,6,-1,0,2,0,0,1,0,1,1,-1,6,1,50,8,-1,-1,-1,-1,8,E01020828,0,1
2024361541849,2024,361541849,2,1,0,-1,19,1,5,-1,0,1,0,0,0,0,1,1,-1,6,1,17,4,-1,-1,-1,-1,2,E01026592,0,1
2024010488562,2024,010488562,2,19,0,16,19,5,1,0,0,0,0,0,0,0,1,1,1,1,1,40,7,-1,-1,-1,-1,9,E01033313,0,3
2024430037288,2024,430037288,2,9,0,18,19,5,1,0,0,4,0,0,0,0,1,1,6,6,3,-1,-1,-1,-1,-1,-1,-1,-1,0,-1
2024411399932,2024,411399932,1,9,-1,-1,-1,-1,-1,-1,-1,0,-1,-1,-1,0,-1,9,-1,6,3,-1,-1,-1,-1,-1,-1,-1,-1,0,-1
2024520401114,2024,520401114,1,9,0,18,19,8,4,0,0,0,0,0,0,0,1,1,6,6,2,77,11,-1,-1,-1,-1,8,E01035118,0,1
2024141406093,2024,141406093,1,9,0,-1,19,1,5,-1,0,0,0,0,0,0,1,9,-1,6,3,-1,-1,-1,-1,-1,-1,-1,-1,0,-1
2024421488418,2024,421488418,2,1,0,-1,19,3,7,-1,0,0,5,0,0,0,2,1,-1,7,1,15,3,-1,-1,-1,-1,2,E01021314,0,1
2024061456083,2024,061456083,1,9,0,-1,5,1,5,-1,0,6,0,0,0,0,1,1,-1,6,-1,-1,-1,-1,-1,-1,-1,-1,-1,0,-1
2024461516815,2024,461516815,1,9,0,-1,19,7,3,-1,0,0,0,0,0,0,1,1,-1,9,2,88,11,-1,-1,-1,-1,3,E01024529,0,1
2024340NN3812,2024,340NN3812,2,1,0,-1,19,8,4,-1,0,1,0,0,0,0,3,1,-1,9,1,75,10,-1,-1,-1,-1,-1,-1,0,-1
2024201470462,2024,201470462,2,9,0,-1,2,0,0,-1,0,0,0,0,0,0,3,9,-1,6,-1,-1,-1,-1,-1,-1,-1,-1,-1,0,-1
2024010495827,2024,010495827,1,9,0,3,3,3,7,0,0,1,0,0,0,0,2,1,2,2,1,56,9,-1,-1,-1,-1,2,E01002094,0,2
2024552400672,2024,552400672,1,9,0,18,19,8,4,0,0,0,0,0,0,0,1,1,1,1,1,26,6,-1,-1,-1,-1,3,E01022739,0,4
2024161440158,2024,161440158,1,1,9,-1,19,1,7,-1,0,8,0,0,0,0,9,1,-1,9,2,22,5,-1,-1,-1,-1,1,E01035466,0,1
2024201454674,2024,201454674,2,1,0,-1,19,5,1,-1,0,1,0,0,0,0,1,1,-1,2,1,27,6,-1,-1,-1,-1,1,E01010029,0,1
2024401500594,2024,401500594,1,98,-1,-1,-1,-1,-1,-1,-1,-1,-1,-1,-1,0,1,9,-1,6,1,-1,-1,-1,-1,-1,-1,-1,-1,0,-1
2024010495317,2024,010495317,1,3,0,99,99,9,9,99,99,0,9,99,9,99,9,1,6,6,3,30,6,-1,-1,-1,-1,3,E01001175,0,3
2024430201950,2024,430201950,1,9,0,18,19,7,3,0,0,8,0,0,0,0,3,1,6,6,2,32,6,-1,-1,-1,-1,8,E01035762,0,2
2024141515603,2024,141515603,2,1,0,-1,19,5,1,-1,0,0,5,0,0,0,1,1,-1,6,1,57,9,-1,-1,-1,-1,2,E01007773,0,1
202454D856324,2024,54D856324,2,1,0,18,19,5,1,0,0,8,0,0,0,0,4,1,6,6,1,49,8,-1,-1,-1,-1,8,E01015556,0,1
2024010542435,2024,010542435,2,9,0,7,7,4,7,0,0,1,0,0,0,0,1,1,6,6,1,54,8,-1,-1,-1,-1,-1,-1,0,-1
2024411489493,2024,411489493,1,9,-1,-1,-1,-1,-1,-1,-1,-1,-1,-1,-1,0,-1,9,-1,6,2,-1,-1,-1,-1,-1,-1,-1,-1,0,-1
2024010518888,2024,010518888,2,1,0,18,19,7,3,0,0,8,0,0,0,0,1,1,6,6,1,23,5,-1,-1,-1,-1,4,E01003969,0,1
2024010489171,2024,010489171,1,9,0,18,19,7,3,0,0,4,0,0,0,0,4,1,6,6,2,20,4,-1,-1,-1,-1,2,E01001320,0,1
2024101473196,2024,101473196,3,9,0,-1,5,3,1,-1,0,1,0,0,0,0,0,1,-1,6,-1,-1,-1,-1,-1,-1,-1,-1,-1,0,-1
2024041534662,2024,041534662,1,1,0,-1,19,3,7,-1,0,1,0,0,0,0,1,1,-1,1,1,46,8,-1,-1,-1,-1,4,E01033071,0,1
2024552400999,2024,552400999,2,19,0,9,9,3,8,0,0,6,0,0,0,0,3,1,2,2,1,25,5,-1,-1,-1,-1,9,E01020391,0,2
202454A922824,2024,54A922824,1,90,0,18,19,8,4,0,0,0,0,0,0,0,1,1,6,6,1,21,5,-1,-1,-1,-1,7,E01022198,0,3
2024411440191,2024,411440191,1,9,-1,-1,-1,-1,-1,-1,-1,0,-1,-1,-1,0,-1,9,-1,6,3,-1,-1,-1,-1,-1,-1,-1,-1,0,-1
2024411526477,2024,411526477,1,1,0,-1,19,1,5,-1,0,0,0,0,0,0,1,1,-1,9,1,18,4,-1,-1,-1,-1,5,E01023755,0,1
2024430456489,2024,430456489,1,1,0,18,19,1,5,0,0,8,0,0,0,0,4,1,6,6,1,14,3,-1,-1,-1,-1,4,E01016367,0,1
2024010491671,2024,010491671,3,9,0,18,19,5,1,0,0,0,0,0,0,0,2,2,6,6,1,61,9,-1,-1,-1,-1,3,E01003137,0,1
2024522500447,2024,522500447,2,9,0,18,19,6,2,0,0,0,0,0,0,0,1,1,6,6,1,-1,-1,-1,-1,-1,-1,-1,-1,0,-1
2024501480844,2024,501480844,2,9,0,-1,19,8,4,-1,0,0,0,0,0,0,2,1,-1,9,1,62,9,-1,-1,-1,-1,5,E01018992,0,2
2024010494784,2024,010494784,1,8,0,18,19,1,5,0,0,0,0,0,0,0,1,1,1,1,1,56,9,-1,-1,-1,-1,2,E01003236,0,1
2024010493022,2024,010493022,1,1,9,99,99,9,9,99,99,0,9,99,9,99,2,1,1,1,2,36,7,-1,-1,-1,-1,5,E01003186,0,1
2024311475159,2024,311475159,1,1,0,-1,19,7,1,-1,0,1,5,0,0,0,4,1,-1,6,1,14,3,-1,-1,-1,-1,-1,-1,0,-1
2024231419397,2024,231419397,2,9,0,-1,19,3,7,-1,0,8,0,0,0,0,1,1,-1,2,1,50,8,-1,-1,-1,-1,8,E01032228,0,4
2024201457377,2024,201457377,2,1,0,-1,19,6,2,-1,0,8,0,0,0,0,1,1,-1,6,1,48,8,-1,-1,-1,-1,1,E01009363,0,1
2024430283039,2024,430283039,2,1,0,18,19,4,1,0,0,0,0,8,1,0,1,1,6,6,2,20,4,-1,-1,-1,-1,5,E01028581,0,1
2024010495719,2024,010495719,1,3,0,99,99,9,9,99,99,9,9,99,9,99,9,1,1,1,1,35,6,-1,-1,-1,-1,3,E01001188,0,3
202417L306724,2024,17L306724,1,-1,0,-1,19,1,5,-1,0,8,0,0,0,0,1,1,-1,9,1,15,3,-1,-1,-1,-1,5,E01012129,1,1
2024010489352,2024,010489352,2,4,0,18,19,2,6,2,2,1,0,0,0,0,3,1,2,2,1,54,8,-1,-1,-1,-1,7,E01001341,0,2
2024141518766,2024,141518766,4,9,0,-1,19,1,5,-1,0,0,0,0,0,0,4,1,-1,9,1,38,7,-1,-1,-1,-1,1,E01011720,0,4
2024311445242,2024,311445242,1,9,0,-1,19,1,5,-1,0,8,0,0,0,0,1,1,-1,6,1,62,9,-1,-1,-1,-1,4,E01013929,0,1
2024031506160,2024,031506160,2,9,0,-1,4,6,2,-1,0,0,0,0,0,0,2,1,-1,6,1,67,10,-1,-1,-1,-1,-1,-1,0,-1
2024010539744,2024,010539744,1,1,9,99,99,9,9,99,99,9,9,99,9,99,9,1,6,6,1,27,6,-1,-1,-1,-1,3,E01002906,0,1
2024471533771,2024,471533771,3,9,0,-1,2,0,0,-1,0,0,0,0,0,0,1,1,-1,9,1,38,7,-1,-1,-1,-1,9,E01031829,0,2
2024010507515,2024,010507515,1,9,0,99,99,9,9,99,99,9,9,99,9,99,2,9,2,2,2,26,6,-1,-1,-1,-1,5,E01002214,0,1
2024041440219,2024,041440219,1,9,0,-1,19,1,5,-1,0,1,0,0,0,0,-1,9,-1,6,3,-1,-1,-1,-1,-1,-1,-1,-1,0,-1
2024010522812,2024,010522812,1,9,9,3,3,5,1,0,0,9,9,99,9,99,9,9,6,6,1,-1,-1,-1,-1,-1,-1,-1,-1,0,-1
2024010522864,2024,010522864,1,19,0,18,19,5,1,0,0,0,0,0,0,0,0,1,6,6,3,-1,-1,-1,-1,-1,-1,-1,-1,0,-1
2024311406092,2024,311406092,1,8,0,-1,19,8,6,-1,0,1,0,0,0,0,4,1,-1,1,1,-1,-1,-1,-1,-1,-1,-1,-1,0,-1
2024311515021,2024,311515021,2,9,0,-1,5,3,7,-1,0,0,0,0,0,0,2,1,-1,6,2,59,9,-1,-1,-1,-1,-1,-1,0,-1
2024471477947,2024,471477947,1,9,0,-1,-1,-1,-1,-1,-1,0,-1,-1,-1,0,-1,9,-1,6,3,-1,-1,-1,-1,-1,-1,-1,-1,0,-1
2024131468576,2024,131468576,2,1,0,-1,19,1,5,-1,0,8,0,0,0,0,1,1,-1,9,1,5,1,-1,-1,-1,-1,1,E01033697,0,1
2024010520051,2024,010520051,2,1,0,18,19,7,3,0,0,0,0,0,0,0,2,1,6,6,1,37,7,-1,-1,-1,-1,3,E01002543,0,2
2024010519759,2024,010519759,2,1,0,18,19,2,6,0,0,3,0,0,3,0,4,1,2,2,1,21,5,-1,-1,-1,-1,3,E01001371,0,1
2024131491677,2024,131491677,2,9,0,-1,9,5,1,-1,0,1,0,0,0,0,-1,1,-1,6,3,-1,-1,-1,-1,-1,-1,-1,-1,0,-1
2024201458658,2024,201458658,1,99,0,-1,19,4,8,-1,0,8,0,0,0,0,9,9,-1,6,3,-1,-1,-1,-1,-1,-1,-1,-1,0,-1
2024522401906,2024,522401906,1,1,0,18,19,9,9,0,0,0,0,0,0,0,2,1,6,6,1,55,8,-1,-1,-1,-1,5,E01032516,0,1
2024501407436,2024,501407436,2,1,0,-1,19,5,1,-1,0,0,0,0,0,0,1,1,-1,1,1,-1,-1,-1,-1,-1,-1,-1,-1,0,-1
2024011471020,2024,011471020,2,1,0,-1,-1,2,6,-1,-1,4,0,0,0,0,3,1,-1,-1,1,52,8,-1,-1,-1,-1,8,E01030325,0,1
2024461517757,2024,461517757,2,9,0,-1,5,7,3,-1,0,0,0,0,0,0,4,1,-1,6,1,28,6,-1,-1,-1,-1,5,E01024366,0,2
2024122400431,2024,122400431,2,9,0,18,19,7,3,0,0,8,0,0,0,0,4,1,6,6,1,30,6,-1,-1,-1,-1,2,E01027825,0,1
2024991502759,2024,991502759,1,5,0,-1,19,1,3,-1,0,8,1,0,0,0,3,1,-1,9,1,63,9,-1,-1,-1,-1,-1,-1,0,-1
2024221454900,2024,221454900,1,9,0,-1,19,6,2,-1,0,0,0,4,0,0,1,1,-1,6,1,78,11,-1,-1,-1,-1,10,E01032367,0,1
2024041491605,2024,041491605,1,9,0,-1,9,5,2,-1,0,5,0,0,0,0,1,1,-1,6,2,22,5,-1,-1,-1,-1,1,E01012733,0,1
2024010509121,2024,010509121,2,1,0,5,5,7,3,0,0,1,0,0,0,0,2,1,6,6,1,19,4,-1,-1,-1,-1,2,E01001848,0,1
2024010492040,2024,010492040,2,9,0,99,99,9,9,99,99,9,9,99,9,99,1,9,6,6,3,-1,-1,-1,-1,-1,-1,-1,-1,0,-1
2024351469262,2024,351469262,2,90,0,-1,19,3,7,-1,0,0,0,0,0,0,1,1,-1,6,-1,-1,-1,-1,-1,-1,-1,-1,-1,0,-1
2024131444414,2024,131444414,2,-1,0,-1,19,1,5,-1,0,0,5,0,0,0,4,1,-1,6,1,22,5,-1,-1,-1,-1,1,E01011312,1,1
2024430215545,2024,430215545,1,9,0,18,19,4,8,0,0,0,0,0,0,0,9,1,6,6,3,-1,-1,-1,-1,-1,-1,-1,-1,0,-1
2024161492299,2024,161492299,1,1,0,-1,3,7,3,-1,0,1,0,0,0,0,1,1,-1,9,1,-1,-1,-1,-1,-1,-1,4,E01012820,0,1
2024221432581,2024,221432581,1,17,0,-1,9,2,8,-1,9,6,0,0,0,0,1,9,-1,1,3,45,7,-1,-1,-1,-1,-1,-1,0,-1
2024520000141,2024,520000141,1,9,0,18,19,3,7,0,0,0,0,0,0,0,1,1,2,2,1,48,8,-1,-1,-1,-1,10,E01014393,0,1
2024131413597,2024,131413597,2,9,0,-1,-1,-1,-1,-1,-1,-1,-1,-1,-1,-1,-1,1,-1,6,3,-1,-1,-1,-1,-1,-1,-1,-1,0,-1
2024340WN0222,2024,340WN0222,1,9,0,-1,9,3,8,-1,0,8,0,0,0,0,1,1,-1,9,1,40,7,-1,-1,-1,-1,6,E01027169,0,1
2024430367908,2024,430367908,2,9,0,18,19,5,1,0,0,3,0,0,0,0,4,1,6,6,3,-1,-1,-1,-1,-1,-1,-1,-1,0,-1
2024131479417,2024,131479417,1,9,0,-1,19,1,5,-1,0,0,0,10,0,0,1,1,-1,9,1,18,4,-1,-1,-1,-1,2,E01011852,0,1
2024522403278,2024,522403278,1,1,0,18,19,4,8,0,0,1,0,0,0,0,1,1,6,6,1,29,6,-1,-1,-1,-1,5,E01014678,0,1
2024010494776,2024,010494776,2,9,0,99,99,9,9,99,99,9,9,99,9,99,1,9,6,6,1,32,6,-1,-1,-1,-1,4,E01003090,0,1
2024547160024,2024,547160024,1,9,0,18,19,5,7,0,0,8,0,0,0,0,1,1,6,6,1,76,11,-1,-1,-1,-1,9,E01031870,0,2
2024991407357,2024,991407357,2,1,0,-1,19,1,4,-1,4,1,0,0,0,0,3,1,-1,1,1,36,7,-1,-1,-1,-1,-1,-1,0,-1
2024101422663,2024,101422663,1,9,0,-1,19,2,6,-1,0,0,0,0,0,0,1,1,-1,9,1,52,8,-1,-1,-1,-1,5,E01027516,0,2
2024471410748,2024,471410748,2,1,0,-1,19,2,6,-1,0,2,0,0,0,0,1,1,-1,1,1,32,6,-1,-1,-1,-1,8,E01021107,0,2
2024010487040,2024,010487040,1,8,0,18,19,7,3,0,0,8,0,0,0,0,4,1,1,1,1,64,9,-1,-1,-1,-1,8,E01002163,0,2
2024520401772,2024,520401772,1,9,0,18,19,3,8,0,0,8,0,0,0,0,1,1,6,6,1,36,7,-1,-1,-1,-1,6,E01014439,0,4
2024361462928,2024,361462928,2,1,0,-1,9,3,1,-1,0,8,0,0,0,0,3,1,-1,9,1,70,10,-1,-1,-1,-1,5,E01026445,0,2
2024471470923,2024,471470923,1,1,0,-1,19,1,5,-1,0,1,0,0,0,0,1,1,-1,6,1,32,6,-1,-1,-1,-1,6,E01020960,0,1
2024010491046,2024,010491046,1,3,0,99,99,9,9,99,99,9,9,99,9,99,9,1,1,1,3,29,6,-1,-1,-1,-1,3,E01035241,0,4
2024010535525,2024,010535525,2,1,0,17,19,7,3,0,0,8,0,0,0,0,4,1,1,1,1,55,8,-1,-1,-1,-1,5,E01003547,0,1
2024010541345,2024,010541345,1,1,0,18,19,3,7,0,0,0,5,4,0,0,1,1,6,6,1,42,7,-1,-1,-1,-1,3,E01002056,0,1
2024041425768,2024,041425768,1,9,0,-1,-1,-1,-1,-1,-1,0,-1,-1,-1,0,-1,9,-1,6,3,-1,-1,-1,-1,-1,-1,-1,-1,0,-1
2024010489937,2024,010489937,1,1,0,18,19,6,2,4,4,1,0,0,0,0,2,1,2,2,1,52,8,-1,-1,-1,-1,2,E01004205,0,3
2024010493026,2024,010493026,2,9,0,18,19,7,3,0,0,0,0,0,0,0,1,1,6,6,2,50,8,-1,-1,-1,-1,5,E01002229,0,4
2024332400872,2024,332400872,3,9,0,-1,19,6,2,-1,0,0,0,0,0,0,1,1,-1,9,1,40,7,-1,-1,-1,-1,5,E01009716,0,4
2024471415121,2024,471415121,2,1,0,-1,9,7,5,-1,0,8,0,0,0,0,3,1,-1,6,1,31,6,-1,-1,-1,-1,4,E01031386,0,4
2024031428096,2024,031428096,2,22,0,-1,2,1,5,-1,0,0,0,0,0,0,2,1,-1,6,2,61,9,-1,-1,-1,-1,-1,-1,0,-1
2024101512171,2024,101512171,2,9,0,-1,3,7,3,-1,0,0,0,0,0,0,2,1,-1,2,1,34,6,-1,-1,-1,-1,3,E01008805,0,1
2024041508820,2024,041508820,3,9,0,-1,7,7,5,-1,0,1,0,0,0,0,4,1,-1,9,2,58,9,-1,-1,-1,-1,7,E01025131,0,2
2024161487817,2024,161487817,2,1,0,-1,19,5,1,-1,0,8,0,0,0,0,3,1,-1,6,1,28,6,-1,-1,-1,-1,2,E01033104,0,1
2024361491794,2024,361491794,1,9,0,-1,19,7,3,-1,0,0,2,0,0,0,3,1,-1,9,1,20,4,-1,-1,-1,-1,5,E01026879,0,1
2024991484522,2024,991484522,1,11,0,-1,4,7,3,-1,2,0,0,0,0,0,0,9,-1,1,1,47,8,-1,-1,-1,-1,1,-1,0,1
2024010497959,2024,010497959,1,1,9,99,99,9,9,4,4,1,9,99,9,99,9,1,2,2,1,32,6,-1,-1,-1,-1,6,E01034182,0,1
2024010532328,2024,010532328,1,1,9,99,99,9,9,99,99,9,9,99,9,99,1,1,6,6,1,26,6,-1,-1,-1,-1,3,E01001717,0,1
2024201422505,2024,201422505,1,9,0,-1,19,6,2,-1,0,8,0,0,0,0,1,9,-1,6,1,-1,-1,-1,-1,-1,-1,-1,-1,0,-1
2024520403294,2024,520403294,2,9,0,18,19,4,8,0,0,0,0,0,0,0,1,1,6,6,1,21,5,-1,-1,-1,-1,6,E01029139,0,1
2024010536846,2024,010536846,2,1,0,15,15,5,1,2,2,0,5,0,0,0,1,1,2,2,1,55,8,-1,-1,-1,-1,3,E01004364,0,2
2024361570039,2024,361570039,1,1,0,-1,19,3,7,-1,0,0,0,0,0,0,1,1,-1,6,2,24,5,-1,-1,-1,-1,4,E01026807,0,1
2024430006526,2024,430006526,2,19,0,18,19,4,8,0,0,0,0,0,0,0,1,1,6,6,1,57,9,-1,-1,-1,-1,10,E01016349,0,1
2024361469261,2024,361469261,2,1,0,-1,19,6,2,-1,0,2,0,0,0,0,3,1,-1,9,1,17,4,-1,-1,-1,-1,1,E01026624,0,1
2024201463425,2024,201463425,1,9,0,-1,13,7,3,-1,0,0,0,0,0,0,4,9,-1,6,3,-1,-1,-1,-1,-1,-1,-1,-1,0,-1
2024201451097,2024,201451097,2,1,0,-1,19,4,8,-1,0,0,0,0,0,0,1,1,-1,6,1,12,3,-1,-1,-1,-1,-1,-1,0,-1
2024010489270,2024,010489270,1,3,0,18,19,1,5,0,0,1,0,0,0,0,1,1,1,1,1,21,5,-1,-1,-1,-1,6,E01001644,0,1
2024340NN4582,2024,340NN4582,1,-1,0,-1,12,3,7,-1,0,0,0,0,0,0,1,1,-1,9,2,45,7,-1,-1,-1,-1,7,E01032963,1,1
2024501455337,2024,501455337,1,19,0,-1,19,1,5,-1,0,1,0,0,0,0,4,1,-1,6,3,-1,-1,-1,-1,-1,-1,-1,-1,0,-1
2024461397242,2024,461397242,2,1,0,-1,19,2,6,-1,0,1,0,0,0,0,3,1,-1,2,1,66,10,-1,-1,-1,-1,2,E01016068,0,1
2024010492300,2024,010492300,1,8,0,5,5,1,5,0,0,1,0,0,0,0,0,1,1,1,1,44,7,-1,-1,-1,-1,5,E01002236,0,3
2024010536448,2024,010536448,1,1,9,99,99,9,9,99,99,9,9,99,9,99,1,1,6,6,1,-1,-1,-1,-1,-1,-1,-1,-1,0,-1
2024522402634,2024,522402634,2,9,0,18,19,2,6,0,0,8,0,0,0,0,1,1,6,6,1,-1,-1,-1,-1,-1,-1,-1,-1,0,-1
2024141471116,2024,141471116,2,98,0,-1,13,7,3,-1,0,0,0,0,0,0,4,9,-1,6,3,-1,-1,-1,-1,-1,-1,-1,-1,0,-1
2024991477532,2024,991477532,2,9,0,-1,12,4,8,-1,0,0,1,1,0,0,1,1,-1,6,1,70,10,-1,-1,-1,-1,5,-1,0,4
2024010548455,2024,010548455,1,1,0,99,99,9,9,0,0,8,0,0,9,0,9,1,1,1,2,57,9,-1,-1,-1,-1,4,E01001739,0,1
2024010528384,2024,010528384,2,1,0,18,19,1,5,0,0,1,0,0,0,0,1,1,6,6,1,25,5,-1,-1,-1,-1,5,E01002529,0,1
2024010522920,2024,010522920,2,9,0,18,19,3,7,0,0,8,0,0,0,0,1,1,1,1,1,24,5,-1,-1,-1,-1,5,E01021790,0,2
2024421533231,2024,421533231,1,9,0,-1,-1,-1,-1,-1,-1,0,-1,-1,-1,0,-1,9,-1,6,3,-1,-1,-1,-1,-1,-1,-1,-1,0,-1
2024332401160,2024,332401160,2,3,0,-1,19,3,7,-1,0,8,0,0,0,0,1,1,-1,6,1,17,4,-1,-1,-1,-1,9,E01025820,0,1
2024052401043,2024,052401043,2,9,0,18,19,5,1,0,0,1,0,0,0,0,1,1,6,6,3,-1,-1,-1,-1,-1,-1,-1,-1,0,-1
2024421470888,2024,421470888,2,21,0,-1,19,6,6,-1,0,0,0,0,0,0,3,1,-1,1,1,53,8,-1,-1,-1,-1,8,E01018270,0,4
2024010548420,2024,010548420,2,90,0,99,99,9,9,99,99,9,9,99,9,99,2,9,6,6,3,22,5,-1,-1,-1,-1,7,E01031767,0,4
2024320109066,2024,320109066,1,9,0,-1,-1,2,6,0,0,0,0,0,0,0,1,1,6,6,1,27,6,-1,-1,-1,-1,5,E01026241,0,3
2024010529111,2024,010529111,1,1,9,99,99,9,9,4,4,9,9,99,9,99,1,1,2,2,1,35,6,-1,-1,-1,-1,3,E01003924,0,1
2024340NN3162,2024,340NN3162,2,9,0,-1,19,4,8,-1,0,8,0,0,0,0,4,1,-1,9,2,37,7,-1,-1,-1,-1,5,E01027061,0,3
2024501521096,2024,501521096,2,9,0,-1,19,4,6,-1,0,7,0,0,0,0,9,1,-1,6,3,-1,-1,-1,-1,-1,-1,-1,-1,0,-1
2024010526218,2024,010526218,1,1,0,18,19,5,1,0,0,0,2,0,0,0,0,1,6,6,1,27,6,-1,-1,-1,-1,10,E01030297,0,3
2024111429642,2024,111429642,1,1,0,-1,19,6,2,-1,0,1,0,0,0,0,1,1,-1,6,1,49,8,-1,-1,-1,-1,5,E01020814,0,1
2024421417518,2024,421417518,1,9,0,-1,19,1,5,-1,0,1,0,0,0,0,1,9,-1,6,3,-1,-1,-1,-1,-1,-1,-1,-1,0,-1
2024201443240,2024,201443240,1,9,0,-1,14,5,1,-1,0,1,0,0,0,0,4,9,-1,6,1,-1,-1,-1,-1,-1,-1,-1,-1,0,-1
2024010530585,2024,010530585,1,-1,0,18,19,1,5,0,0,1,0,0,0,0,1,1,6,6,1,-1,-1,-1,-1,-1,-1,-1,-1,1,-1