collision_index,collision_year,collision_ref_no,vehicle_reference,vehicle_type,towing_and_articulation,vehicle_manoeuvre_historic,vehicle_manoeuvre,vehicle_direction_from,vehicle_direction_to,vehicle_location_restricted_lane_historic,vehicle_location_restricted_lane,junction_location,skidding_and_overturning,hit_object_in_carriageway,vehicle_leaving_carriageway,hit_object_off_carriageway,first_point_of_impact,vehicle_left_hand_drive,journey_purpose_of_driver_historic,journey_purpose_of_driver,sex_of_driver,age_of_driver,age_band_of_driver,engine_capacity_cc,propulsion_code,age_of_vehicle,generic_make_model,driver_imd_decile,lsoa_of_driver,escooter_flag,driver_distance_banding
2024371455278,2024,371455278,1,1,0,-1,19,5,1,-1,0,8,0,0,0,0,1,1,-1,9,1,73,10,-1,-1,-1,-1,1,E01030247,0,1
2024520402605,2024,520402605,1,19,0,18,19,5,1,0,0,0,0,0,0,0,3,1,6,6,1,26,6,-1,-1,-1,-1,-1,-1,0,-1
2024991462282,2024,991462282,2,9,0,-1,3,8,4,-1,0,4,0,0,0,0,3,1,-1,6,1,46,8,-1,-1,-1,-1,1,-1,0,1
2024351509788,2024,351509788,1,9,0,-1,19,7,3,-1,0,0,0,0,0,0,1,1,-1,9,1,70,10,-1,-1,-1,-1,6,E01005114,0,5
2024131499694,2024,131499694,2,1,0,-1,19,8,4,-1,0,8,0,0,0,0,3,1,-1,9,1,22,5,-1,-1,-1,-1,2,E01032608,0,1
2024010532690,2024,010532690,2,1,0,18,19,1,5,0,0,1,0,0,0,0,3,1,6,6,1,16,4,-1,-1,-1,-1,8,E01004131,0,1
2024101437129,2024,101437129,1,9,0,-1,19,1,5,-1,0,0,0,0,0,0,1,1,-1,1,2,24,5,-1,-1,-1,-1,3,E01008533,0,1
2024520401913,2024,520401913,1,9,0,18,19,1,5,0,0,0,0,0,1,0,1,1,6,6,2,63,9,-1,-1,-1,-1,6,E01029199,0,2
2024101408732,2024,101408732,1,-1,0,-1,19,5,1,-1,0,1,0,0,0,0,1,1,-1,6,1,-1,-1,-1,-1,-1,-1,-1,-1,1,-1
2024211479017,2024,211479017,1,9,0,-1,2,6,3,-1,9,0,0,0,0,0,1,2,-1,9,2,60,9,-1,-1,-1,-1,8,E01029865,0,1
2024481563915,2024,481563915,1,1,0,-1,19,5,1,-1,0,1,0,0,0,0,1,1,-1,9,1,23,5,-1,-1,-1,-1,-1,-1,0,-1
2024041504733,2024,041504733,2,9,0,-1,3,7,3,-1,0,1,0,0,0,0,3,1,-1,9,1,22,5,-1,-1,-1,-1,10,E01024970,0,1
2024311517401,2024,311517401,2,1,0,-1,9,1,7,-1,0,1,0,0,0,0,3,1,-1,1,1,62,9,-1,-1,-1,-1,2,E01028044,0,1
2024501514235,2024,501514235,1,23,0,-1,19,8,4,-1,0,0,5,0,0,0,1,1,-1,9,1,32,6,-1,-1,-1,-1,6,E01034634,0,1
2024231473801,2024,231473801,1,97,0,-1,9,4,2,-1,0,5,0,0,0,0,1,1,-1,6,3,22,5,-1,-1,-1,-1,-1,-1,0,-1
2024531431253,2024,531431253,1,97,0,-1,13,5,1,-1,0,1,0,0,7,1,1,1,-1,6,1,44,7,-1,-1,-1,-1,8,E01035565,0,4
2024010558323,2024,010558323,1,11,0,99,99,9,9,0,0,0,0,99,9,99,9,1,6,6,3,-1,-1,-1,-1,-1,-1,-1,-1,0,-1
2024010540012,2024,010540012,2,9,0,99,99,9,9,0,0,0,0,0,0,0,9,9,6,6,3,-1,-1,-1,-1,-1,-1,-1,-1,0,-1
2024010509433,2024,010509433,1,11,0,18,19,5,1,0,0,1,0,10,0,0,1,1,1,1,3,74,10,-1,-1,-1,-1,-1,-1,0,-1
202454B616024,2024,54B616024,2,1,0,18,19,3,7,9,9,8,0,0,0,0,1,1,4,7,1,13,3,-1,-1,-1,-1,9,E01015566,0,1
2024010517908,2024,010517908,1,9,0,18,19,5,1,9,9,0,0,0,1,0,4,1,6,6,3,-1,-1,-1,-1,-1,-1,-1,-1,0,-1
2024552400869,2024,552400869,1,9,0,13,13,6,2,0,0,0,0,0,0,0,0,1,6,6,3,-1,-1,-1,-1,-1,-1,-1,-1,0,-1
2024010512472,2024,010512472,2,19,0,99,99,9,9,99,99,9,9,99,9,99,1,9,6,6,3,-1,-1,-1,-1,-1,-1,-1,-1,0,-1
2024221419302,2024,221419302,3,9,0,-1,4,5,1,-1,0,8,0,0,0,0,1,9,-1,6,1,40,7,-1,-1,-1,-1,5,E01014060,0,3
2024351463459,2024,351463459,2,1,-1,-1,-1,-1,-1,-1,-1,0,-1,-1,-1,0,-1,1,-1,2,2,21,5,-1,-1,-1,-1,6,E01018300,0,2
2024311526127,2024,311526127,2,1,0,-1,19,7,3,-1,0,8,5,0,0,0,2,1,-1,2,2,45,7,-1,-1,-1,-1,5,E01028076,0,1
2024221467236,2024,221467236,2,9,0,-1,9,8,5,-1,0,5,0,0,0,0,1,1,-1,9,1,51,8,-1,-1,-1,-1,7,E01032382,0,1
2024501460586,2024,501460586,1,1,0,-1,4,7,3,-1,0,2,0,10,1,0,3,1,-1,2,1,18,4,-1,-1,-1,-1,2,E01018854,0,1
2024421462900,2024,421462900,1,9,0,-1,19,3,7,-1,0,0,0,0,0,0,1,1,-1,6,2,-1,-1,-1,-1,-1,-1,-1,-1,0,-1
2024201443569,2024,201443569,1,9,0,-1,9,8,6,-1,0,5,0,0,0,0,3,9,-1,6,3,-1,-1,-1,-1,-1,-1,-1,-1,0,-1
2024231476900,2024,231476900,1,9,0,-1,19,6,2,-1,0,0,0,0,0,0,9,9,-1,6,3,28,6,-1,-1,-1,-1,-1,-1,0,-1
2024302401000,2024,302401000,1,9,0,4,4,4,6,0,0,1,0,0,0,0,1,1,6,6,3,-1,-1,-1,-1,-1,-1,5,E01019456,0,3
2024461406283,2024,461406283,2,1,0,-1,19,1,4,-1,0,3,0,0,0,0,2,1,-1,2,1,58,9,-1,-1,-1,-1,2,E01000724,0,2
2024430043737,2024,430043737,2,9,0,18,19,2,6,0,0,1,0,0,0,0,1,1,1,1,1,34,6,-1,-1,-1,-1,9,E01017672,0,1
2024610047824,2024,610047824,1,97,0,9,9,2,8,0,0,1,0,0,0,0,1,1,6,6,1,24,5,-1,-1,-1,-1,10,W01001574,0,1
2024161477492,2024,161477492,2,21,0,-1,4,7,3,-1,0,0,0,0,0,0,2,1,-1,6,3,-1,-1,-1,-1,-1,-1,-1,-1,0,-1
2024122500318,2024,122500318,2,1,0,18,19,5,1,0,0,0,0,0,0,0,0,1,2,2,2,23,5,-1,-1,-1,-1,10,E01027893,0,1
2024546918324,2024,546918324,2,9,0,18,19,8,4,0,0,0,0,0,0,0,3,1,6,6,1,63,9,-1,-1,-1,-1,9,E01031858,0,2
2024101495617,2024,101495617,1,1,-1,-1,19,1,5,-1,0,8,0,0,0,0,1,1,-1,6,1,-1,-1,-1,-1,-1,-1,-1,-1,0,-1
2024161406364,2024,161406364,2,1,0,-1,19,5,1,-1,0,8,0,0,0,0,4,1,-1,6,1,22,5,-1,-1,-1,-1,1,E01013209,0,1
2024201523871,2024,201523871,1,9,0,-1,5,8,4,-1,0,0,0,0,0,0,0,9,-1,6,1,72,10,-1,-1,-1,-1,2,E01010021,0,2
2024311406008,2024,311406008,2,22,0,-1,5,3,7,-1,9,8,5,0,0,0,1,1,-1,9,1,40,7,-1,-1,-1,-1,-1,-1,0,-1
2024010531328,2024,010531328,1,1,9,99,99,9,9,99,99,9,9,99,9,99,9,1,3,7,1,46,8,-1,-1,-1,-1,4,E01004401,0,1
2024161521658,2024,161521658,1,9,0,-1,9,1,5,-1,0,8,1,0,8,0,1,1,-1,2,2,26,6,-1,-1,-1,-1,5,E01012773,0,1
2024010511156,2024,010511156,1,1,9,99,99,9,9,99,99,9,9,99,9,99,1,1,6,6,3,-1,-1,-1,-1,-1,-1,-1,-1,0,-1
2024311488013,2024,311488013,2,1,0,-1,19,3,7,-1,9,0,0,0,0,0,3,1,-1,9,2,42,7,-1,-1,-1,-1,6,E01028188,0,1
2024430299050,2024,430299050,2,9,0,7,7,6,7,0,0,4,0,0,0,0,3,1,6,6,1,-1,-1,-1,-1,-1,-1,-1,-1,0,-1
2024041480349,2024,041480349,1,9,0,-1,12,7,3,-1,0,0,0,0,0,0,3,9,-1,6,3,-1,-1,-1,-1,-1,-1,-1,-1,0,-1
2024161406988,2024,161406988,1,9,0,-1,19,5,1,-1,0,1,0,0,0,0,1,1,-1,6,2,75,10,-1,-1,-1,-1,4,E01012883,0,1
2024070839201,2024,070839201,1,1,0,-1,19,7,3,-1,0,1,0,0,0,0,3,1,-1,9,1,15,3,-1,-1,-1,-1,9,E01012502,0,1
2024430069025,2024,430069025,1,9,0,18,19,4,8,0,0,1,0,0,0,0,1,1,6,6,1,-1,-1,-1,-1,-1,-1,-1,-1,0,-1
2024501420904,2024,501420904,1,9,0,-1,9,1,3,-1,0,8,0,0,0,0,4,9,-1,2,2,53,8,-1,-1,-1,-1,5,E01020060,0,3
2024361435238,2024,361435238,1,1,0,-1,19,3,7,-1,0,0,0,0,0,0,1,1,-1,1,1,44,7,-1,-1,-1,-1,9,E01026714,0,1
2024061420233,2024,061420233,2,1,0,-1,3,2,8,-1,0,1,0,0,0,0,3,1,-1,1,1,26,6,-1,-1,-1,-1,4,E01005673,0,2
2024302400040,2024,302400040,2,9,0,18,19,7,3,0,0,8,0,0,0,0,4,1,6,6,2,23,5,-1,-1,-1,-1,10,E01013574,0,1
2024411473339,2024,411473339,1,98,0,-1,19,5,2,-1,0,0,0,11,2,2,1,1,-1,6,1,42,7,-1,-1,-1,-1,6,E01023671,0,1
2024031454190,2024,031454190,1,1,0,-1,19,7,3,-1,0,0,2,0,0,0,1,1,-1,9,2,20,4,-1,-1,-1,-1,5,E01015092,0,5
2024161441409,2024,161441409,1,9,0,-1,19,7,3,-1,0,1,0,0,0,0,1,1,-1,6,3,-1,-1,-1,-1,-1,-1,-1,-1,0,-1
2024991455948,2024,991455948,1,9,0,-1,9,5,3,-1,0,6,0,0,0,0,1,1,-1,9,1,73,10,-1,-1,-1,-1,10,-1,0,4
2024401497604,2024,401497604,2,1,-1,-1,19,-1,-1,-1,0,8,5,0,0,0,3,1,-1,7,1,11,3,-1,-1,-1,-1,8,E01034414,0,1
2024520000065,2024,520000065,1,1,0,18,19,6,2,0,0,0,0,0,0,0,0,1,6,6,1,46,8,-1,-1,-1,-1,10,E01014435,0,1
2024311400317,2024,311400317,1,99,0,-1,19,6,6,-1,0,1,0,0,0,0,0,9,-1,6,3,-1,-1,-1,-1,-1,-1,-1,-1,0,-1
2024231454853,2024,231454853,1,9,0,-1,6,7,7,-1,0,0,0,0,7,0,3,1,-1,9,2,28,6,-1,-1,-1,-1,10,E01009560,0,3
2024451518423,2024,451518423,2,1,0,-1,19,7,5,-1,0,1,0,0,0,0,4,1,-1,9,2,52,8,-1,-1,-1,-1,8,E01016576,0,1
2024131536303,2024,131536303,1,9,0,-1,19,1,1,-1,0,0,2,0,1,11,1,1,-1,9,1,60,9,-1,-1,-1,-1,9,E01011180,0,1
2024010495809,2024,010495809,1,19,0,99,99,9,9,99,99,9,9,99,9,99,2,9,1,1,1,61,9,-1,-1,-1,-1,8,E01022636,0,4
2024991520677,2024,991520677,2,1,0,-1,19,6,6,-1,0,1,0,0,0,0,4,1,-1,9,1,66,10,-1,-1,-1,-1,1,-1,0,4
2024320735483,2024,320735483,1,9,0,-1,-1,2,6,0,0,1,0,0,0,0,1,1,6,6,1,-1,-1,-1,-1,-1,-1,-1,-1,0,-1
2024471499608,2024,471499608,2,1,0,-1,11,6,2,-1,0,0,0,0,0,0,2,1,-1,6,1,12,3,-1,-1,-1,-1,1,E01021020,0,1
2024041448414,2024,041448414,2,9,0,-1,19,3,7,-1,0,1,0,0,0,0,1,1,-1,9,1,38,7,-1,-1,-1,-1,2,E01025274,0,1
2024010548203,2024,010548203,2,1,9,99,99,9,9,99,99,9,9,99,9,99,1,1,2,2,1,27,6,-1,-1,-1,-1,8,E01033728,0,1
2024010531274,2024,010531274,1,1,9,99,99,9,9,99,99,9,9,99,9,99,1,1,6,6,1,27,6,-1,-1,-1,-1,6,E01003641,0,1
2024471424466,2024,471424466,1,9,0,-1,19,2,6,-1,0,2,0,0,0,0,3,9,-1,6,3,-1,-1,-1,-1,-1,-1,-1,-1,0,-1
2024520401314,2024,520401314,2,9,0,18,19,5,1,0,0,8,0,0,0,0,1,1,6,6,1,18,4,-1,-1,-1,-1,7,E01029147,0,3
2024010543866,2024,010543866,2,1,0,18,19,7,3,0,0,1,0,0,0,0,1,1,6,6,1,33,6,-1,-1,-1,-1,7,E01001866,0,1
2024010488091,2024,010488091,2,9,0,9,9,2,8,0,0,8,0,0,1,11,3,1,6,6,1,44,7,-1,-1,-1,-1,-1,-1,0,-1
2024201479423,2024,201479423,2,1,0,-1,19,2,6,-1,0,2,0,0,0,0,2,1,-1,6,1,-1,-1,-1,-1,-1,-1,2,E01010343,0,1
2024340WN4582,2024,340WN4582,2,9,0,-1,19,4,8,-1,0,0,0,0,0,0,2,1,-1,9,1,48,8,-1,-1,-1,-1,9,E01027002,0,1
2024010548923,2024,010548923,1,1,9,99,99,9,9,99,99,9,9,99,9,99,9,1,3,7,2,34,6,-1,-1,-1,-1,3,E01004011,0,1
2024061535032,2024,061535032,1,9,-1,-1,-1,-1,-1,-1,-1,0,-1,-1,-1,0,-1,9,-1,6,3,-1,-1,-1,-1,-1,-1,-1,-1,0,-1
2024201457419,2024,201457419,1,9,0,-1,13,4,8,-1,0,1,0,0,0,0,1,2,-1,6,1,-1,-1,-1,-1,-1,-1,-1,-1,0,-1
2024451498806,2024,451498806,2,1,0,-1,19,7,3,-1,0,1,0,0,0,0,1,1,-1,6,1,30,6,-1,-1,-1,-1,-1,-1,0,-1
2024131476789,2024,131476789,2,19,0,-1,7,7,5,-1,0,8,5,0,0,0,4,1,-1,1,1,37,7,-1,-1,-1,-1,3,E01011606,0,3
2024522401607,2024,522401607,1,1,0,18,19,2,6,0,0,8,0,0,0,0,1,1,6,6,1,33,6,-1,-1,-1,-1,2,E01014529,0,1
2024522402006,2024,522402006,3,98,0,18,19,3,1,0,0,0,0,0,0,0,3,1,6,6,1,60,9,-1,-1,-1,-1,7,E01035217,0,4
2024522401805,2024,522401805,1,-1,0,5,5,2,6,0,0,8,0,0,0,0,9,1,6,6,1,51,8,-1,-1,-1,-1,5,E01014732,1,1
2024311448841,2024,311448841,2,9,0,-1,3,4,8,-1,9,0,0,0,0,0,4,1,-1,6,3,20,4,-1,-1,-1,-1,-1,-1,0,-1
2024401537216,2024,401537216,5,9,0,-1,19,3,7,-1,0,0,0,0,0,0,2,1,-1,6,1,26,6,-1,-1,-1,-1,6,E01015766,0,1
2024122400539,2024,122400539,2,1,0,18,19,4,8,9,9,0,0,0,0,0,3,1,1,1,1,13,3,-1,-1,-1,-1,8,E01027896,0,1
2024070988061,2024,070988061,1,9,0,-1,19,5,1,-1,0,0,0,0,1,11,1,1,-1,6,2,32,6,-1,-1,-1,-1,7,E01018374,0,1
2024531445781,2024,531445781,1,9,0,-1,19,5,1,-1,0,0,0,0,0,0,1,1,-1,6,1,17,4,-1,-1,-1,-1,3,E01022294,0,2
2024351400290,2024,351400290,2,1,-1,-1,19,2,6,-1,0,1,5,10,0,0,3,1,-1,2,1,37,7,-1,-1,-1,-1,5,E01017973,0,1
2024010532542,2024,010532542,2,98,0,99,99,9,9,99,99,9,9,99,9,99,9,9,6,6,3,-1,-1,-1,-1,-1,-1,-1,-1,0,-1
2024430522533,2024,430522533,1,9,0,12,12,8,4,0,0,1,0,0,0,0,3,1,6,6,1,62,9,-1,-1,-1,-1,10,E01016618,0,1
2024010512106,2024,010512106,2,1,0,18,19,4,8,0,0,1,0,0,0,0,1,1,6,6,1,10,2,-1,-1,-1,-1,6,E01001070,0,1
2024131552666,2024,131552666,1,97,0,-1,19,2,6,-1,9,0,1,0,0,0,1,1,-1,9,1,47,8,-1,-1,-1,-1,6,E01011607,0,1
2024141522634,2024,141522634,2,9,0,-1,13,2,6,-1,0,1,0,0,0,0,4,9,-1,6,3,-1,-1,-1,-1,-1,-1,-1,-1,0,-1
2024351473771,2024,351473771,2,1,0,-1,11,4,8,-1,0,3,0,0,0,0,4,1,-1,6,2,53,8,-1,-1,-1,-1,5,E01017961,0,1
2024991487328,2024,991487328,2,1,0,-1,19,4,8,-1,0,8,0,0,0,0,4,1,-1,1,1,23,5,-1,-1,-1,-1,-1,-1,0,-1
2024201487514,2024,201487514,1,9,0,-1,9,7,5,-1,0,6,0,0,0,0,1,1,-1,6,1,33,6,-1,-1,-1,-1,7,E01032170,0,4
2024440299888,2024,440299888,1,19,0,13,13,8,3,0,0,0,0,0,0,0,4,1,6,6,3,-1,-1,-1,-1,-1,-1,-1,-1,0,-1
2024141517370,2024,141517370,1,98,0,-1,19,4,8,-1,0,0,0,0,0,0,1,9,-1,6,3,-1,-1,-1,-1,-1,-1,-1,-1,0,-1
2024010546501,2024,010546501,2,9,0,99,99,9,9,0,0,8,0,99,9,99,2,9,6,6,3,-1,-1,-1,-1,-1,-1,-1,-1,0,-1
2024010506576,2024,010506576,1,11,0,99,99,9,9,99,99,9,9,99,9,99,9,9,6,6,3,-1,-1,-1,-1,-1,-1,-1,-1,0,-1
2024070730868,2024,070730868,2,1,0,-1,19,5,1,-1,0,1,0,0,0,0,4,1,-1,2,2,53,8,-1,-1,-1,-1,8,E01018493,0,1
2024201519323,2024,201519323,1,9,-1,-1,-1,-1,-1,-1,-1,0,-1,-1,-1,0,-1,9,-1,6,1,38,7,-1,-1,-1,-1,2,E01009390,0,1
2024320345021,2024,320345021,2,1,0,-1,-1,5,1,0,0,0,0,0,0,0,1,1,6,6,1,13,3,-1,-1,-1,-1,-1,-1,0,-1
2024520403269,2024,520403269,1,9,0,5,5,2,6,0,0,2,0,0,0,0,1,1,6,6,2,20,4,-1,-1,-1,-1,4,E01029036,0,2
2024010510747,2024,010510747,1,1,0,18,19,3,7,4,4,1,0,0,0,0,1,1,6,6,1,46,8,-1,-1,-1,-1,3,E01003992,0,1
2024010547007,2024,010547007,1,90,0,18,19,7,3,0,0,8,0,0,0,0,1,1,6,6,3,-1,-1,-1,-1,-1,-1,-1,-1,0,-1
2024010507113,2024,010507113,2,9,0,10,10,3,1,0,0,1,0,0,0,0,1,1,6,6,1,33,6,-1,-1,-1,-1,-1,-1,0,-1
2024041532309,2024,041532309,1,1,0,-1,9,7,3,-1,0,0,0,0,0,0,3,1,-1,2,1,19,4,-1,-1,-1,-1,1,E01025297,0,1
202460Q156276,2024,60Q156276,1,9,0,18,19,8,4,0,0,0,0,0,0,0,3,1,6,6,2,65,9,-1,-1,-1,-1,-1,-1,0,-1
2024052400867,2024,052400867,2,1,0,18,19,5,1,0,0,1,0,0,0,0,3,1,6,6,1,11,3,-1,-1,-1,-1,-1,-1,0,-1
2024161426603,2024,161426603,2,9,0,-1,19,2,6,-1,0,0,2,0,0,0,1,1,-1,9,2,76,11,-1,-1,-1,-1,7,E01013292,0,2
2024361493781,2024,361493781,1,9,0,-1,19,1,5,-1,0,1,0,10,0,0,4,1,-1,9,1,19,4,-1,-1,-1,-1,7,E01026517,0,1
2024302400492,2024,302400492,2,1,0,17,19,4,1,0,0,0,0,0,0,0,3,1,6,6,1,16,4,-1,-1,-1,-1,1,E01013590,0,1
2024311453188,2024,311453188,1,9,0,-1,19,2,6,-1,0,0,0,0,0,0,2,1,-1,6,1,54,8,-1,-1,-1,-1,7,E01026080,0,5
2024471394658,2024,471394658,2,1,0,-1,19,8,4,-1,0,1,0,0,0,0,1,1,-1,7,1,44,7,-1,-1,-1,-1,4,E01031433,0,1
2024201398249,2024,201398249,2,1,0,-1,19,8,4,-1,0,0,0,0,0,0,1,1,-1,6,2,38,7,-1,-1,-1,-1,3,E01009626,0,1
2024311473687,2024,311473687,1,9,0,-1,19,5,1,-1,0,0,0,0,0,0,0,9,-1,6,3,40,7,-1,-1,-1,-1,-1,-1,0,-1
2024010494754,2024,010494754,1,9,0,10,10,5,3,0,0,6,0,0,0,0,1,1,6,6,1,45,7,-1,-1,-1,-1,7,E01001231,0,1
2024010524181,2024,010524181,1,1,9,99,99,9,9,99,99,9,9,99,9,99,1,1,6,6,1,26,6,-1,-1,-1,-1,4,E01004031,0,2
2024010491962,2024,010491962,2,1,0,18,19,3,7,4,4,1,5,0,0,0,3,1,2,2,1,38,7,-1,-1,-1,-1,7,E01002827,0,1
2024010499657,2024,010499657,1,1,9,99,99,9,9,99,99,9,9,99,9,99,1,1,2,2,2,52,8,-1,-1,-1,-1,5,E01002874,0,1
2024131426585,2024,131426585,2,9,0,-1,9,7,1,-1,0,5,0,0,0,0,3,1,-1,9,2,32,6,-1,-1,-1,-1,1,E01011360,0,1
2024052401191,2024,052401191,1,8,0,5,5,3,7,0,0,0,0,0,0,0,4,1,1,1,1,-1,-1,-1,-1,-1,-1,-1,-1,0,-1
2024421477484,2024,421477484,1,99,0,-1,19,5,1,-1,0,1,0,0,0,0,4,1,-1,6,1,50,8,-1,-1,-1,-1,-1,-1,0,-1
2024522403428,2024,522403428,1,1,0,7,7,1,4,0,0,5,0,0,0,0,1,1,6,6,2,23,5,-1,-1,-1,-1,4,E01014686,0,1
2024161518736,2024,161518736,1,9,0,-1,19,7,3,-1,0,0,1,0,1,7,1,9,-1,6,1,40,7,-1,-1,-1,-1,7,E01013100,0,2
2024010525660,2024,010525660,1,1,9,99,99,9,9,99,99,9,9,99,9,99,1,1,1,1,1,19,4,-1,-1,-1,-1,2,E01003196,0,1
2024141424857,2024,141424857,1,9,0,-1,19,5,1,-1,0,1,0,0,0,0,1,1,-1,6,3,-1,-1,-1,-1,-1,-1,-1,-1,0,-1
2024311488110,2024,311488110,2,1,0,-1,19,1,5,-1,0,0,0,4,7,0,1,1,-1,9,1,13,3,-1,-1,-1,-1,4,E01027996,0,1
2024101403180,2024,101403180,2,9,0,-1,3,5,1,-1,0,0,0,0,0,0,2,1,-1,9,2,54,8,-1,-1,-1,-1,7,E01011959,0,4
2024010488650,2024,010488650,2,9,0,9,9,7,5,0,0,8,0,0,0,0,1,1,1,1,1,25,5,-1,-1,-1,-1,9,E01003823,0,4
2024461409774,2024,461409774,2,1,0,-1,5,1,5,-1,0,0,0,0,0,0,4,1,-1,6,1,49,8,-1,-1,-1,-1,10,E01024449,0,2
2024481563460,2024,481563460,1,1,0,-1,15,5,1,-1,0,1,0,0,0,0,1,1,-1,6,1,25,5,-1,-1,-1,-1,-1,-1,0,-1
2024340NN0282,2024,340NN0282,1,9,0,-1,19,3,7,-1,0,3,0,0,0,0,4,1,-1,6,1,-1,-1,-1,-1,-1,-1,-1,-1,0,-1
2024421460144,2024,421460144,1,9,0,-1,19,4,8,-1,0,0,0,0,0,0,3,2,-1,9,1,81,11,-1,-1,-1,-1,6,E01021768,0,1
2024052400360,2024,052400360,1,10,0,18,19,5,1,0,0,1,0,0,0,0,1,1,6,6,1,20,4,-1,-1,-1,-1,6,E01006221,0,4
2024161423609,2024,161423609,1,1,0,-1,19,8,4,-1,0,1,5,0,1,0,1,1,-1,6,1,17,4,-1,-1,-1,-1,-1,-1,0,-1
2024332400099,2024,332400099,3,21,0,-1,19,8,4,-1,0,0,1,0,4,6,1,1,-1,1,1,57,9,-1,-1,-1,-1,8,E01025967,0,2
2024471468981,2024,471468981,1,1,0,-1,-1,-1,-1,-1,-1,-1,-1,-1,-1,0,-1,1,-1,2,2,31,6,-1,-1,-1,-1,7,E01016970,0,1
2024161459690,2024,161459690,1,1,0,-1,3,4,8,-1,0,1,0,0,0,0,2,1,-1,6,1,12,3,-1,-1,-1,-1,9,E01013110,0,1
2024061475098,2024,061475098,2,23,0,-1,19,5,1,-1,0,4,0,0,0,0,1,1,-1,1,1,19,4,-1,-1,-1,-1,5,E01006268,0,1
2024311418221,2024,311418221,1,9,0,-1,2,7,3,-1,0,2,0,0,0,0,2,9,-1,6,2,40,7,-1,-1,-1,-1,-1,-1,0,-1
2024041449614,2024,041449614,2,9,0,-1,19,8,4,-1,0,1,0,0,0,0,1,1,-1,2,2,55,8,-1,-1,-1,-1,7,E01025174,0,3
2024451411317,2024,451411317,2,9,0,-1,4,1,5,-1,0,1,0,0,0,0,1,1,-1,6,3,45,7,-1,-1,-1,-1,-1,-1,0,-1
2024010532183,2024,010532183,2,1,0,18,19,3,7,2,2,0,0,4,0,0,1,1,6,6,1,44,7,-1,-1,-1,-1,8,E01004762,0,1
2024221469738,2024,221469738,1,11,0,-1,19,4,8,-1,0,0,0,0,0,0,1,9,-1,1,3,47,8,-1,-1,-1,-1,-1,-1,0,-1
2024320039892,2024,320039892,1,9,0,-1,-1,2,6,0,0,1,0,0,0,0,1,1,6,6,3,-1,-1,-1,-1,-1,-1,-1,-1,0,-1
2024991485927,2024,991485927,2,1,0,-1,9,7,3,-1,0,2,5,0,0,0,2,1,-1,9,2,63,9,-1,-1,-1,-1,10,-1,0,4
2024302401325,2024,302401325,1,9,0,18,19,5,1,0,0,8,0,0,0,0,1,1,2,2,1,44,7,-1,-1,-1,-1,6,E01029789,0,4
2024010543564,2024,010543564,2,1,0,18,19,7,3,4,4,1,0,0,0,0,1,1,2,2,1,30,6,-1,-1,-1,-1,2,E01002075,0,3
2024201421058,2024,201421058,1,1,0,-1,19,8,4,-1,9,0,0,0,0,0,1,1,-1,6,1,32,6,-1,-1,-1,-1,-1,-1,0,-1
2024201492067,2024,201492067,1,9,0,-1,19,6,1,-1,0,1,0,0,0,0,4,1,-1,6,1,-1,-1,-1,-1,-1,-1,-1,-1,0,-1
2024430071183,2024,430071183,2,9,0,4,4,4,8,0,0,0,0,0,0,0,2,1,6,6,1,-1,-1,-1,-1,-1,-1,-1,-1,0,-1
2024131516398,2024,131516398,2,9,0,-1,2,0,0,-1,9,8,0,0,0,0,3,1,-1,6,-1,-1,-1,-1,-1,-1,-1,-1,-1,0,-1
2024430584801,2024,430584801,2,9,0,7,7,6,8,0,0,6,0,0,0,0,3,1,6,6,2,-1,-1,-1,-1,-1,-1,-1,-1,0,-1
2024302401206,2024,302401206,2,9,0,12,12,8,4,0,0,0,0,0,0,0,2,1,6,6,3,-1,-1,-1,-1,-1,-1,5,E01019456,0,4
2024010491593,2024,010491593,1,9,0,4,4,5,1,0,0,0,0,0,0,0,1,1,6,6,1,34,6,-1,-1,-1,-1,9,E01002416,0,1
2024531485303,2024,531485303,1,9,0,-1,19,6,2,-1,0,0,0,0,2,4,1,1,-1,9,2,71,10,-1,-1,-1,-1,10,E01022138,0,1
2024052401326,2024,052401326,1,9,0,18,19,8,4,0,0,0,0,0,0,0,4,1,6,6,3,-1,-1,-1,-1,-1,-1,-1,-1,0,-1
2024320716209,2024,320716209,1,22,0,-1,-1,3,7,9,9,0,5,0,0,0,0,1,-1,-1,2,77,11,-1,-1,-1,-1,8,E01026319,0,1
2024351503838,2024,351503838,2,1,0,-1,-1,-1,-1,-1,-1,-1,-1,-1,-1,0,3,1,-1,7,1,15,3,-1,-1,-1,-1,6,E01035553,0,1
2024010520282,2024,010520282,1,9,0,99,99,9,9,99,99,9,9,99,9,99,9,9,6,6,3,-1,-1,-1,-1,-1,-1,-1,-1,0,-1
2024111412943,2024,111412943,1,99,0,-1,4,8,4,-1,0,0,0,0,0,0,1,1,-1,6,1,30,6,-1,-1,-1,-1,-1,-1,0,-1
2024411402978,2024,411402978,1,9,0,-1,19,5,1,-1,0,0,2,10,0,0,4,1,-1,6,1,19,4,-1,-1,-1,-1,5,E01021837,0,3
2024411539663,2024,411539663,1,9,0,-1,9,3,1,-1,0,8,0,0,0,0,4,1,-1,6,1,43,7,-1,-1,-1,-1,4,E01023877,0,1
2024332400444,2024,332400444,2,9,0,-1,19,8,4,-1,0,1,0,0,0,0,1,1,-1,6,3,-1,-1,-1,-1,-1,-1,-1,-1,0,-1
2024010499898,2024,010499898,2,9,0,99,99,9,9,99,99,9,9,99,9,99,9,9,6,6,1,-1,-1,-1,-1,-1,-1,2,E01035710,0,1
2024010521786,2024,010521786,1,1,9,99,99,9,9,99,99,9,9,99,9,99,1,1,2,2,1,51,8,-1,-1,-1,-1,7,E01002972,0,2
2024010517346,2024,010517346,2,1,0,18,19,5,1,0,0,1,0,0,0,0,3,1,2,2,1,26,6,-1,-1,-1,-1,5,E01001974,0,1
2024991416589,2024,991416589,1,9,0,-1,19,7,3,-1,0,0,0,0,0,0,1,1,-1,9,1,72,10,-1,-1,-1,-1,-1,-1,0,-1