collision_index,collision_year,collision_ref_no,vehicle_reference,vehicle_type,towing_and_articulation,vehicle_manoeuvre_historic,vehicle_manoeuvre,vehicle_direction_from,vehicle_direction_to,vehicle_location_restricted_lane_historic,vehicle_location_restricted_lane,junction_location,skidding_and_overturning,hit_object_in_carriageway,vehicle_leaving_carriageway,hit_object_off_carriageway,first_point_of_impact,vehicle_left_hand_drive,journey_purpose_of_driver_historic,journey_purpose_of_driver,sex_of_driver,age_of_driver,age_band_of_driver,engine_capacity_cc,propulsion_code,age_of_vehicle,generic_make_model,driver_imd_decile,lsoa_of_driver,escooter_flag,driver_distance_banding
2024401556255,2024,401556255,1,9,0,-1,1,5,1,-1,0,1,0,4,0,0,2,1,-1,6,1,54,8,-1,-1,-1,-1,10,E01017626,0,1
2024430172101,2024,430172101,2,11,0,18,19,3,7,0,0,0,0,0,0,0,1,1,1,1,1,60,9,-1,-1,-1,-1,-1,-1,0,-1
2024231442153,2024,231442153,1,4,0,-1,19,4,8,-1,0,0,0,0,0,0,3,1,-1,1,1,63,9,-1,-1,-1,-1,10,E01028461,0,4
2024320733637,2024,320733637,1,19,0,-1,-1,5,1,0,0,1,1,0,0,0,1,-1,1,1,1,22,5,-1,-1,-1,-1,-1,-1,0,-1
2024010545564,2024,010545564,2,9,9,99,99,9,9,99,99,9,9,99,9,99,9,9,6,6,3,-1,-1,-1,-1,-1,-1,-1,-1,0,-1
2024311490388,2024,311490388,1,9,0,-1,7,1,5,-1,4,5,0,0,0,0,2,9,-1,6,1,64,9,-1,-1,-1,-1,5,E01028159,0,1
2024501530012,2024,501530012,1,97,0,-1,19,5,8,-1,0,0,0,0,0,0,1,1,-1,6,1,-1,-1,-1,-1,-1,-1,-1,-1,0,-1
2024221480715,2024,221480715,2,1,0,-1,19,6,3,-1,0,8,0,0,0,0,1,1,-1,6,1,62,9,-1,-1,-1,-1,9,E01028865,0,3
2024461519586,2024,461519586,1,9,-1,-1,19,7,3,-1,0,0,0,0,0,0,-1,9,-1,9,2,36,7,-1,-1,-1,-1,2,E01024093,0,3
2024010547443,2024,010547443,2,1,0,18,19,3,7,4,4,6,1,0,0,0,1,1,1,1,1,38,7,-1,-1,-1,-1,6,E01001829,0,1
2024311468937,2024,311468937,1,9,0,-1,19,1,5,-1,0,0,0,0,1,0,1,1,-1,1,1,28,6,-1,-1,-1,-1,2,E01008695,0,5
2024610012024,2024,610012024,1,9,0,5,5,2,6,0,0,1,0,0,0,0,0,1,6,6,2,37,7,-1,-1,-1,-1,6,W01001599,0,1
2024161465675,2024,161465675,3,19,0,-1,19,6,2,-1,0,1,0,0,0,0,0,9,-1,6,3,-1,-1,-1,-1,-1,-1,-1,-1,0,-1
2024111471050,2024,111471050,1,9,0,-1,1,1,5,-1,0,0,0,0,0,0,2,1,-1,6,2,50,8,-1,-1,-1,-1,6,E01012366,0,1
2024471493009,2024,471493009,2,1,0,-1,19,1,5,-1,0,8,0,99,0,0,1,1,-1,6,3,-1,-1,-1,-1,-1,-1,-1,-1,0,-1
2024361498364,2024,361498364,1,9,0,-1,19,7,4,-1,0,8,0,0,0,0,1,1,-1,9,2,20,4,-1,-1,-1,-1,1,E01026704,0,1
2024111460609,2024,111460609,2,1,0,-1,19,3,7,-1,0,1,0,0,0,0,1,1,-1,6,1,71,10,-1,-1,-1,-1,4,E01012364,0,3
2024311423124,2024,311423124,1,1,0,-1,19,6,2,-1,0,1,1,0,0,0,1,1,-1,6,1,-1,-1,-1,-1,-1,-1,-1,-1,0,-1
2024070873538,2024,070873538,1,90,0,-1,19,8,2,-1,0,1,0,0,0,0,1,9,-1,-1,3,-1,-1,-1,-1,-1,-1,-1,-1,0,-1
2024211499700,2024,211499700,2,1,0,-1,19,2,5,-1,9,0,0,0,0,0,1,1,-1,9,2,9,2,-1,-1,-1,-1,10,E01029757,0,1
2024010493874,2024,010493874,2,9,0,10,10,1,7,0,0,6,0,0,0,0,1,1,6,6,1,47,8,-1,-1,-1,-1,2,E01003181,0,3
2024010491574,2024,010491574,1,9,5,18,19,1,5,0,0,8,0,10,0,0,1,1,6,6,2,29,6,-1,-1,-1,-1,5,E01002549,0,1
2024010493099,2024,010493099,1,9,0,99,99,9,9,99,99,9,9,99,9,99,2,9,6,6,1,31,6,-1,-1,-1,-1,6,E01003226,0,1
2024991422984,2024,991422984,1,1,0,-1,19,1,5,-1,0,0,0,0,7,0,2,1,-1,9,1,21,5,-1,-1,-1,-1,7,-1,0,4
2024501411301,2024,501411301,1,9,0,-1,19,3,7,-1,0,2,0,0,0,0,3,1,-1,9,1,77,11,-1,-1,-1,-1,2,E01020277,0,1
2024320484231,2024,320484231,1,9,0,-1,-1,6,2,0,0,2,0,0,0,0,1,1,-1,-1,2,84,11,-1,-1,-1,-1,7,E01026333,0,2
2024471463378,2024,471463378,2,9,0,-1,10,7,3,-1,0,1,0,0,0,0,2,1,-1,7,2,27,6,-1,-1,-1,-1,8,E01034821,0,1
2024401524820,2024,401524820,1,98,-1,-1,-1,-1,-1,-1,-1,0,-1,-1,-1,0,-1,9,-1,6,3,-1,-1,-1,-1,-1,-1,-1,-1,0,-1
2024351398817,2024,351398817,2,9,0,-1,19,5,1,-1,0,0,0,0,0,0,1,1,-1,6,2,24,5,-1,-1,-1,-1,10,E01033114,0,1
2024010531163,2024,010531163,2,97,0,5,5,0,7,0,0,1,0,0,0,0,1,1,6,6,3,-1,-1,-1,-1,-1,-1,-1,-1,0,-1
2024544292524,2024,544292524,2,1,0,18,19,7,3,0,0,8,0,0,0,0,1,1,6,6,1,63,9,-1,-1,-1,-1,7,E01015552,0,1
2024052402438,2024,052402438,2,1,0,18,19,6,2,0,0,8,0,0,0,0,4,1,1,1,1,25,5,-1,-1,-1,-1,1,E01006604,0,1
2024010504097,2024,010504097,1,1,9,99,99,9,9,99,99,9,9,99,9,99,1,1,6,6,1,16,4,-1,-1,-1,-1,6,E01000587,0,1
2024471435590,2024,471435590,1,1,0,-1,9,-1,-1,-1,0,5,2,0,0,0,9,1,-1,9,1,14,3,-1,-1,-1,-1,9,E01021072,0,1
2024010542661,2024,010542661,4,9,9,99,99,9,9,99,99,9,9,99,9,99,9,9,6,6,3,-1,-1,-1,-1,-1,-1,-1,-1,0,-1
2024610015424,2024,610015424,2,9,0,18,19,3,7,0,0,8,0,0,0,0,1,1,2,2,1,42,7,-1,-1,-1,-1,5,W01001675,0,1
2024010531217,2024,010531217,1,11,0,4,4,5,1,2,2,0,0,0,0,0,2,1,6,6,3,-1,-1,-1,-1,-1,-1,-1,-1,0,-1
2024461470639,2024,461470639,2,1,0,-1,19,1,5,-1,0,0,0,0,0,0,1,1,-1,6,1,41,7,-1,-1,-1,-1,5,E01024495,0,1
2024010504884,2024,010504884,1,3,0,99,99,9,9,0,0,2,9,99,9,99,9,1,6,6,3,-1,-1,-1,-1,-1,-1,-1,-1,0,-1
2024010540933,2024,010540933,2,9,0,7,7,3,5,0,0,6,0,0,0,0,4,1,6,6,3,-1,-1,-1,-1,-1,-1,-1,-1,0,-1
2024430106210,2024,430106210,2,9,0,9,9,6,4,0,0,6,0,0,0,0,3,1,6,6,2,40,7,-1,-1,-1,-1,8,E01028562,0,1
2024471401439,2024,471401439,1,-1,0,-1,19,6,2,-1,0,0,0,0,0,0,1,1,-1,9,1,31,6,-1,-1,-1,-1,3,E01020927,1,1
2024461422192,2024,461422192,2,9,0,-1,9,3,7,-1,0,8,0,0,0,0,4,1,-1,9,2,49,8,-1,-1,-1,-1,5,E01024356,0,1
2024052401480,2024,052401480,2,1,0,18,19,7,3,0,0,3,0,0,0,0,3,1,6,6,1,34,6,-1,-1,-1,-1,5,E01006802,0,1
2024401482622,2024,401482622,2,9,0,-1,2,0,0,-1,0,0,0,0,0,0,3,1,-1,6,-1,-1,-1,-1,-1,-1,-1,-1,-1,0,-1
2024520401130,2024,520401130,2,3,0,18,19,5,1,0,0,8,0,0,0,0,1,1,6,6,1,18,4,-1,-1,-1,-1,4,E01029152,0,1
2024401460761,2024,401460761,2,1,0,-1,19,8,4,-1,0,0,0,0,0,0,1,1,-1,6,1,54,8,-1,-1,-1,-1,2,E01017537,0,1
2024461467632,2024,461467632,1,97,0,-1,19,5,1,-1,0,2,1,0,0,0,2,1,-1,6,1,37,7,-1,-1,-1,-1,5,E01024228,0,3
2024131489309,2024,131489309,2,90,0,-1,19,7,3,-1,0,0,0,0,0,0,1,1,-1,9,1,30,6,-1,-1,-1,-1,1,E01011336,0,1
2024041498825,2024,041498825,2,1,0,-1,19,7,3,-1,0,0,0,0,0,0,2,1,-1,9,1,31,6,-1,-1,-1,-1,5,E01024888,0,2
2024052402528,2024,052402528,1,9,0,18,19,2,6,0,0,1,0,0,0,0,1,1,6,6,3,-1,-1,-1,-1,-1,-1,-1,-1,0,-1
2024430587037,2024,430587037,2,9,0,18,19,7,3,0,0,0,0,0,0,0,1,1,6,6,1,30,6,-1,-1,-1,-1,8,E01028821,0,1
2024231506744,2024,231506744,1,21,1,-1,19,8,4,-1,0,0,0,0,0,0,1,9,-1,6,1,45,7,-1,-1,-1,-1,-1,-1,0,-1
2024122500283,2024,122500283,1,1,0,18,19,8,4,0,0,8,0,0,0,0,1,1,1,1,2,26,6,-1,-1,-1,-1,3,E01013366,0,1
2024010509431,2024,010509431,2,1,5,18,19,3,7,0,0,8,0,0,0,0,4,1,1,1,1,43,7,-1,-1,-1,-1,3,E01003321,0,1
2024332400678,2024,332400678,2,19,0,-1,99,9,9,-1,0,8,0,0,0,0,1,1,-1,6,1,-1,-1,-1,-1,-1,-1,-1,-1,0,-1
2024371454358,2024,371454358,1,9,0,-1,19,1,7,-1,0,0,0,0,0,0,1,1,-1,6,1,76,11,-1,-1,-1,-1,6,E01030150,0,3
2024131503024,2024,131503024,1,9,0,-1,6,5,1,-1,0,1,0,0,0,0,4,1,-1,9,2,51,8,-1,-1,-1,-1,5,E01010873,0,1
2024430160311,2024,430160311,1,9,0,7,7,5,7,0,0,6,0,0,0,0,1,1,6,6,1,32,6,-1,-1,-1,-1,3,E01001367,0,4
2024520403026,2024,520403026,2,9,0,18,19,5,1,0,0,8,0,0,1,10,4,1,6,6,1,61,9,-1,-1,-1,-1,4,E01020506,0,2
2024520401671,2024,520401671,1,9,0,4,4,8,4,0,0,0,0,0,0,0,2,1,6,6,1,51,8,-1,-1,-1,-1,4,E01035117,0,1
2024320672706,2024,320672706,1,9,0,9,9,4,2,0,0,6,0,0,0,0,1,1,-1,-1,2,54,8,-1,-1,-1,-1,7,E01026218,0,1
2024010542817,2024,010542817,2,90,0,99,99,9,9,99,99,0,9,99,9,99,4,9,6,6,1,21,5,-1,-1,-1,-1,2,E01008185,0,5
2024411435154,2024,411435154,1,9,0,-1,20,0,0,-1,0,0,0,0,0,0,0,1,-1,2,1,32,6,-1,-1,-1,-1,8,E01017383,0,4
2024302401373,2024,302401373,1,9,0,13,13,1,5,0,0,8,0,0,7,10,1,1,6,6,1,16,4,-1,-1,-1,-1,5,E01013493,0,1
2024131407388,2024,131407388,1,8,0,-1,-1,7,3,-1,-1,8,-1,-1,-1,0,-1,1,-1,6,3,-1,-1,-1,-1,-1,-1,-1,-1,0,-1
2024161510002,2024,161510002,6,9,0,-1,2,0,0,-1,0,0,0,0,0,0,2,9,-1,6,-1,-1,-1,-1,-1,-1,-1,-1,-1,0,-1
2024622400227,2024,622400227,2,9,0,4,4,8,4,0,0,0,0,0,0,0,1,1,6,6,1,43,7,-1,-1,-1,-1,9,W01001104,0,1
2024010498770,2024,010498770,1,1,0,18,19,5,1,0,0,0,0,0,0,0,1,1,1,1,1,28,6,-1,-1,-1,-1,3,E01001367,0,2
2024440419162,2024,440419162,1,1,0,3,3,6,2,0,0,1,0,0,0,0,1,1,6,6,1,78,11,-1,-1,-1,-1,9,E01023134,0,1
2024520402704,2024,520402704,2,1,0,18,19,5,1,0,0,1,0,0,0,0,1,1,6,6,1,52,8,-1,-1,-1,-1,4,E01029111,0,2
2024302400493,2024,302400493,2,1,0,9,9,5,2,0,0,3,0,0,0,0,2,1,2,2,1,50,8,-1,-1,-1,-1,8,E01028093,0,2
2024010490039,2024,010490039,2,3,0,18,19,5,1,0,0,2,0,0,0,0,4,1,6,6,1,42,7,-1,-1,-1,-1,7,E01001223,0,1
2024010496782,2024,010496782,1,1,0,18,19,3,7,4,4,1,0,0,0,0,1,1,1,1,2,48,8,-1,-1,-1,-1,5,E01004065,0,1
2024010511268,2024,010511268,2,9,0,99,99,9,9,99,99,9,9,99,9,99,9,9,6,6,3,-1,-1,-1,-1,-1,-1,2,E01003047,0,1
2024221399399,2024,221399399,3,9,0,-1,9,3,8,-1,0,5,0,0,0,0,0,9,-1,6,1,33,6,-1,-1,-1,-1,-1,-1,0,-1
2024522500350,2024,522500350,2,9,0,2,2,0,0,0,0,2,0,0,0,0,2,1,6,6,3,-1,-1,-1,-1,-1,-1,-1,-1,0,-1
2024531477356,2024,531477356,1,9,0,-1,4,1,3,-1,4,8,0,0,0,0,2,1,-1,6,-1,-1,-1,-1,-1,-1,-1,-1,-1,0,-1
2024201514345,2024,201514345,1,9,0,-1,4,6,5,-1,0,1,0,0,0,0,1,9,-1,6,2,20,4,-1,-1,-1,-1,-1,-1,0,-1
2024010547789,2024,010547789,1,1,9,99,99,9,9,4,4,9,9,99,9,99,1,1,2,2,1,51,8,-1,-1,-1,-1,5,E01001607,0,2
2024471402528,2024,471402528,2,-1,0,-1,9,8,6,-1,0,8,5,99,0,0,3,1,-1,6,1,-1,-1,-1,-1,-1,-1,-1,-1,1,-1
2024070893886,2024,070893886,1,1,0,-1,19,5,1,-1,9,0,0,0,0,0,1,1,-1,6,1,19,4,-1,-1,-1,-1,2,E01033300,0,1
2024201478228,2024,201478228,2,9,0,-1,14,1,5,-1,0,8,0,0,0,0,1,1,-1,6,1,20,4,-1,-1,-1,-1,6,E01009931,0,2
2024131459075,2024,131459075,2,10,0,-1,9,8,4,-1,0,8,0,0,0,0,4,1,-1,1,1,51,8,-1,-1,-1,-1,2,E01011157,0,1
2024010527746,2024,010527746,1,9,0,18,19,3,7,0,0,7,0,0,0,0,1,1,6,6,1,28,6,-1,-1,-1,-1,3,E01001326,0,1
2024010493936,2024,010493936,2,9,0,2,2,0,0,0,0,0,0,0,0,0,3,1,6,6,3,-1,-1,-1,-1,-1,-1,-1,-1,0,-1
2024320352187,2024,320352187,2,9,0,13,13,7,3,0,0,0,1,0,7,9,1,1,-1,-1,1,35,6,-1,-1,-1,-1,4,E01026019,0,3
2024131499223,2024,131499223,2,1,0,-1,19,1,5,-1,0,0,0,0,0,0,1,1,-1,9,1,57,9,-1,-1,-1,-1,9,E01011887,0,3
2024010487808,2024,010487808,2,2,0,18,19,5,1,0,0,2,0,0,7,0,4,1,1,1,1,53,8,-1,-1,-1,-1,2,E01003304,0,1
2024010500376,2024,010500376,2,1,0,18,19,5,1,0,0,8,0,0,0,0,4,1,6,6,1,52,8,-1,-1,-1,-1,10,E01002286,0,2
2024122400615,2024,122400615,2,9,0,16,19,3,7,0,0,0,0,0,0,0,1,1,6,6,1,52,8,-1,-1,-1,-1,1,E01011431,0,4
2024131400169,2024,131400169,2,9,0,-1,19,2,6,-1,0,3,0,0,0,0,4,1,-1,6,1,41,7,-1,-1,-1,-1,7,E01028015,0,4
2024451452193,2024,451452193,2,9,0,-1,19,5,1,-1,0,2,0,0,0,0,2,1,-1,2,1,19,4,-1,-1,-1,-1,9,E01030715,0,1
2024201530653,2024,201530653,1,9,0,-1,5,1,2,-1,0,1,1,0,0,0,2,9,-1,6,3,20,4,-1,-1,-1,-1,-1,-1,0,-1
2024010511793,2024,010511793,1,1,9,99,99,9,9,99,99,9,9,99,9,99,1,1,2,2,1,47,8,-1,-1,-1,-1,5,E01000949,0,1
2024061418450,2024,061418450,3,21,1,-1,4,3,7,-1,0,0,0,0,0,0,2,1,-1,1,1,36,7,-1,-1,-1,-1,6,E01027557,0,4
2024461405800,2024,461405800,2,9,0,-1,19,3,7,-1,0,0,0,0,0,0,1,1,-1,6,1,44,7,-1,-1,-1,-1,-1,-1,0,-1
2024052402571,2024,052402571,1,23,0,18,19,1,5,0,0,1,0,0,0,0,1,1,6,6,3,-1,-1,-1,-1,-1,-1,-1,-1,0,-1
2024010493017,2024,010493017,1,1,9,99,99,9,9,99,99,9,9,99,9,99,0,1,2,2,1,34,6,-1,-1,-1,-1,2,E01003049,0,1
2024440073947,2024,440073947,2,9,0,3,3,5,1,0,0,1,0,0,0,0,2,1,6,6,3,-1,-1,-1,-1,-1,-1,-1,-1,0,-1
2024010522505,2024,010522505,2,1,0,12,12,5,1,0,0,0,0,0,0,0,4,1,6,6,2,45,7,-1,-1,-1,-1,3,E01003101,0,2
2024311436360,2024,311436360,1,9,0,-1,19,2,1,-1,0,0,0,0,0,0,1,1,-1,2,1,33,6,-1,-1,-1,-1,5,E01028286,0,3
2024141517265,2024,141517265,1,9,0,-1,9,6,2,-1,0,2,0,0,0,0,1,1,-1,9,1,52,8,-1,-1,-1,-1,8,E01007918,0,2
2024371423989,2024,371423989,1,9,0,-1,10,5,1,-1,0,1,0,0,-1,0,1,9,-1,6,2,59,9,-1,-1,-1,-1,8,E01030117,0,1
2024440261287,2024,440261287,1,1,0,15,15,6,2,0,0,0,0,0,0,0,1,1,2,2,1,29,6,-1,-1,-1,-1,6,E01022764,0,1
2024161414707,2024,161414707,1,9,0,-1,9,3,5,-1,0,1,0,0,0,0,0,1,-1,2,2,20,4,-1,-1,-1,-1,6,E01013105,0,1
2024111529216,2024,111529216,3,9,0,-1,4,8,5,-1,0,0,0,0,0,0,2,1,-1,7,2,25,5,-1,-1,-1,-1,1,E01020841,0,1
2024041484300,2024,041484300,2,9,0,-1,19,5,5,-1,0,2,0,0,0,0,1,1,-1,1,1,49,8,-1,-1,-1,-1,5,E01012645,0,4
2024010544571,2024,010544571,1,1,9,14,14,9,9,99,99,1,9,99,9,99,1,1,2,2,1,33,6,-1,-1,-1,-1,6,E01004017,0,1
2024010539134,2024,010539134,1,9,0,99,99,9,9,99,99,9,9,99,9,99,1,9,6,6,2,41,7,-1,-1,-1,-1,4,E01004057,0,2
2024070395968,2024,070395968,4,9,0,3,3,5,1,0,0,0,0,0,0,0,1,1,2,2,1,38,7,-1,-1,-1,-1,8,E01018440,0,2
2024421497704,2024,421497704,1,-1,0,-1,-1,-1,-1,-1,-1,0,-1,-1,-1,0,-1,1,-1,6,1,-1,-1,-1,-1,-1,-1,-1,-1,1,-1
2024361485920,2024,361485920,1,9,0,-1,-1,-1,-1,-1,0,1,0,0,7,0,4,9,-1,6,1,-1,-1,-1,-1,-1,-1,-1,-1,0,-1
2024211516756,2024,211516756,1,9,0,-1,19,5,1,-1,0,3,0,10,3,0,1,1,-1,2,1,18,4,-1,-1,-1,-1,3,E01029558,0,1
2024430550350,2024,430550350,2,21,1,2,2,0,0,6,6,0,0,0,0,0,2,1,1,1,1,24,5,-1,-1,-1,-1,-1,-1,0,-1
2024101437091,2024,101437091,1,9,0,-1,15,1,5,-1,0,8,0,0,0,0,3,9,-1,6,3,-1,-1,-1,-1,-1,-1,-1,-1,0,-1
2024451539382,2024,451539382,1,1,-1,-1,19,-1,-1,-1,0,0,0,0,0,0,-1,1,-1,6,1,31,6,-1,-1,-1,-1,9,E01030358,0,1
2024010512299,2024,010512299,2,1,0,18,19,4,8,0,0,1,0,0,0,0,1,1,6,6,1,54,8,-1,-1,-1,-1,4,E01001704,0,2
2024010543572,2024,010543572,1,1,0,18,19,7,3,0,0,0,0,0,0,0,0,1,6,6,1,45,7,-1,-1,-1,-1,9,E01001926,0,2
2024131476334,2024,131476334,2,1,0,-1,19,1,1,-1,9,0,0,0,0,0,1,1,-1,6,1,16,4,-1,-1,-1,-1,5,E01011239,0,1
2024010493254,2024,010493254,2,9,0,1,1,9,9,99,99,9,9,99,9,99,0,9,6,6,3,-1,-1,-1,-1,-1,-1,-1,-1,0,-1
2024471406003,2024,471406003,2,9,0,-1,19,5,1,-1,0,0,0,0,0,0,2,1,-1,9,1,74,10,-1,-1,-1,-1,7,E01004657,0,4
2024161528698,2024,161528698,1,-1,0,-1,19,2,6,-1,0,8,2,0,0,0,1,9,-1,6,1,-1,-1,-1,-1,-1,-1,-1,-1,1,-1
2024430505493,2024,430505493,2,9,0,7,7,2,4,0,0,6,0,0,0,0,4,1,6,6,2,-1,-1,-1,-1,-1,-1,-1,-1,0,-1
2024440196091,2024,440196091,1,9,0,18,19,3,7,0,0,1,0,0,0,0,1,1,6,6,2,74,10,-1,-1,-1,-1,10,E01022608,0,1
2024522500391,2024,522500391,1,1,0,15,15,3,7,0,0,1,0,8,0,0,3,1,6,6,1,45,7,-1,-1,-1,-1,5,E01014732,0,2
2024010549361,2024,010549361,1,9,0,3,3,8,4,0,0,0,0,0,0,0,2,1,1,1,1,21,5,-1,-1,-1,-1,8,E01004500,0,1
2024010488072,2024,010488072,2,9,0,13,13,5,1,0,0,0,0,0,0,0,3,1,6,6,2,30,6,-1,-1,-1,-1,9,E01002451,0,1
2024010500439,2024,010500439,2,9,0,99,99,9,9,99,99,9,9,99,9,99,9,9,6,6,3,-1,-1,-1,-1,-1,-1,-1,-1,0,-1
2024010543282,2024,010543282,1,-1,0,18,19,5,1,9,9,8,0,0,0,0,1,1,6,6,1,21,5,-1,-1,-1,-1,4,E01002402,1,1
2024052400969,2024,052400969,1,9,0,16,19,1,5,0,0,0,1,0,7,5,1,1,6,6,1,53,8,-1,-1,-1,-1,1,E01007119,0,1
2024421509965,2024,421509965,1,98,0,-1,1,7,3,-1,0,0,0,0,0,0,2,1,-1,6,1,-1,-1,-1,-1,-1,-1,-1,-1,0,-1
2024991547552,2024,991547552,2,9,0,-1,19,1,5,-1,0,1,0,0,1,0,1,2,-1,6,1,18,4,-1,-1,-1,-1,3,-1,0,1
2024010531187,2024,010531187,2,1,0,9,9,5,3,0,0,8,0,0,0,0,1,1,6,6,2,19,4,-1,-1,-1,-1,5,E01004612,0,1
2024010490668,2024,010490668,2,9,0,99,99,9,9,99,99,9,9,99,9,99,2,9,6,6,3,-1,-1,-1,-1,-1,-1,-1,-1,0,-1
2024201460897,2024,201460897,2,-1,0,-1,19,5,1,-1,0,8,0,0,0,0,1,1,-1,6,1,21,5,-1,-1,-1,-1,2,E01010315,1,1
2024451489197,2024,451489197,2,9,0,-1,19,5,1,-1,0,0,0,0,0,0,2,1,-1,6,2,38,7,-1,-1,-1,-1,9,E01030590,0,1
2024161456127,2024,161456127,1,9,0,-1,19,2,6,-1,0,0,0,0,0,0,1,1,-1,9,2,49,8,-1,-1,-1,-1,3,E01007557,0,2
2024010517796,2024,010517796,2,1,0,18,19,7,3,0,0,8,0,0,0,0,1,1,2,2,1,36,7,-1,-1,-1,-1,4,E01003230,0,2
2024501437102,2024,501437102,2,1,0,-1,19,5,1,-1,0,8,5,0,0,0,4,1,-1,2,1,68,10,-1,-1,-1,-1,8,E01020133,0,1
2024010545932,2024,010545932,1,90,0,99,99,9,9,99,99,9,9,99,9,99,1,9,6,6,3,-1,-1,-1,-1,-1,-1,-1,-1,0,-1
2024461404620,2024,461404620,1,10,0,-1,13,8,4,-1,0,0,0,0,0,0,3,9,-1,1,1,-1,-1,-1,-1,-1,-1,1,E01035316,0,1
2024991518014,2024,991518014,1,9,0,-1,19,6,2,-1,0,1,0,0,0,0,1,1,-1,6,2,30,6,-1,-1,-1,-1,7,-1,0,4
2024552400768,2024,552400768,2,11,0,4,4,2,6,0,0,0,0,0,0,0,1,1,1,1,1,60,9,-1,-1,-1,-1,4,E01032104,0,4
2024141516911,2024,141516911,1,9,0,-1,19,6,2,-1,0,0,0,0,0,0,4,1,-1,9,1,22,5,-1,-1,-1,-1,7,E01007439,0,1
2024461508210,2024,461508210,2,1,0,-1,19,3,7,-1,0,0,0,0,0,0,1,1,-1,6,1,48,8,-1,-1,-1,-1,7,E01024433,0,1
2024010496196,2024,010496196,1,9,0,18,19,2,6,0,0,0,0,0,0,0,1,1,6,6,3,-1,-1,-1,-1,-1,-1,2,E01001821,0,1
2024501500055,2024,501500055,2,1,0,-1,19,7,3,-1,0,0,0,0,0,0,3,1,-1,2,1,32,6,-1,-1,-1,-1,6,E01018915,0,3
2024311448847,2024,311448847,2,99,0,-1,6,6,5,-1,0,0,0,0,0,0,1,1,-1,6,3,-1,-1,-1,-1,-1,-1,-1,-1,0,-1
2024430243938,2024,430243938,1,-1,0,5,5,6,4,0,0,1,0,0,0,0,3,1,6,6,1,-1,-1,-1,-1,-1,-1,-1,-1,1,-1
2024311407692,2024,311407692,1,-1,0,-1,19,5,5,-1,0,8,0,0,0,0,3,1,-1,6,1,19,4,-1,-1,-1,-1,2,E01013965,1,1
2024361436470,2024,361436470,1,1,0,-1,19,3,7,-1,0,1,0,0,0,0,1,1,-1,6,1,37,7,-1,-1,-1,-1,9,E01026852,0,1
2024430273139,2024,430273139,2,1,0,18,19,1,5,0,0,8,0,0,0,0,3,1,4,7,1,12,3,-1,-1,-1,-1,6,E01016507,0,1
2024332401152,2024,332401152,1,9,0,-1,3,3,7,-1,0,1,0,0,0,0,2,1,-1,9,2,39,7,-1,-1,-1,-1,9,E01019857,0,2
2024010495240,2024,010495240,2,9,0,99,99,9,9,99,99,9,9,99,9,99,2,9,6,6,3,-1,-1,-1,-1,-1,-1,-1,-1,0,-1
2024552400466,2024,552400466,1,1,0,18,19,3,7,0,0,0,0,0,0,0,3,1,6,6,1,74,10,-1,-1,-1,-1,3,E01015439,0,1
2024010489385,2024,010489385,1,3,0,99,99,9,9,99,99,9,9,99,9,99,1,1,6,6,1,33,6,-1,-1,-1,-1,2,E01000626,0,4
2024122500068,2024,122500068,1,1,0,18,19,4,8,0,0,6,0,0,0,0,1,1,3,7,1,14,3,-1,-1,-1,-1,5,E01013359,0,1
2024371468609,2024,371468609,2,1,-1,-1,7,-1,-1,-1,0,3,0,0,0,0,4,1,-1,6,2,32,6,-1,-1,-1,-1,4,E01030215,0,1
2024421407659,2024,421407659,1,9,-1,-1,5,-1,-1,-1,0,0,0,0,0,0,1,9,-1,6,3,-1,-1,-1,-1,-1,-1,-1,-1,0,-1
2024010517636,2024,010517636,2,9,0,-1,-1,9,9,0,0,1,0,0,0,0,9,9,6,6,3,-1,-1,-1,-1,-1,-1,-1,-1,0,-1
2024430014410,2024,430014410,2,9,0,2,2,0,0,0,0,1,0,0,1,0,2,1,6,6,3,-1,-1,-1,-1,-1,-1,-1,-1,0,-1
2024061482740,2024,061482740,1,1,0,-1,19,-1,-1,-1,4,8,0,0,0,0,4,1,-1,2,2,52,8,-1,-1,-1,-1,8,E01006130,0,1
2024440207471,2024,440207471,1,9,0,3,3,3,7,0,0,1,0,0,0,0,2,1,2,2,1,55,8,-1,-1,-1,-1,8,E01023195,0,4
2024010494776,2024,010494776,1,23,9,99,99,9,9,99,99,9,9,99,9,99,9,1,1,1,1,27,6,-1,-1,-1,-1,6,E01001091,0,2
2024010489554,2024,010489554,1,9,0,99,99,9,9,99,99,9,9,99,9,99,1,9,6,6,3,-1,-1,-1,-1,-1,-1,-1,-1,0,-1
2024101493947,2024,101493947,2,1,0,-1,15,2,7,-1,0,0,0,0,0,0,1,1,-1,9,1,49,8,-1,-1,-1,-1,10,E01008418,0,2
2024010524873,2024,010524873,1,9,9,99,99,9,9,99,99,9,9,99,9,99,9,9,6,6,3,-1,-1,-1,-1,-1,-1,-1,-1,0,-1
2024010487936,2024,010487936,1,9,0,18,19,5,1,0,0,1,0,0,1,0,4,1,6,6,1,30,6,-1,-1,-1,-1,4,E01003036,0,1
2024440187704,2024,440187704,1,1,0,18,19,4,8,0,0,8,0,0,0,0,4,1,2,2,1,43,7,-1,-1,-1,-1,6,E01017025,0,1
2024461501548,2024,461501548,2,1,0,-1,99,5,1,-1,0,1,0,0,0,0,1,1,-1,6,2,10,2,-1,-1,-1,-1,5,E01024225,0,1
2024320495169,2024,320495169,1,9,0,-1,-1,6,2,0,0,0,0,0,0,0,1,1,-1,-1,1,42,7,-1,-1,-1,-1,6,E01016837,0,5
2024010519987,2024,010519987,2,1,3,3,3,4,8,0,0,0,0,0,0,0,1,1,6,6,1,18,4,-1,-1,-1,-1,7,E01004516,0,1
2024440330940,2024,440330940,2,9,0,18,19,1,5,0,0,0,0,0,0,0,3,1,6,6,1,91,11,-1,-1,-1,-1,10,E01022974,0,2