collision_index,collision_year,collision_ref_no,vehicle_reference,vehicle_type,towing_and_articulation,vehicle_manoeuvre_historic,vehicle_manoeuvre,vehicle_direction_from,vehicle_direction_to,vehicle_location_restricted_lane_historic,vehicle_location_restricted_lane,junction_location,skidding_and_overturning,hit_object_in_carriageway,vehicle_leaving_carriageway,hit_object_off_carriageway,first_point_of_impact,vehicle_left_hand_drive,journey_purpose_of_driver_historic,journey_purpose_of_driver,sex_of_driver,age_of_driver,age_band_of_driver,engine_capacity_cc,propulsion_code,age_of_vehicle,generic_make_model,driver_imd_decile,lsoa_of_driver,escooter_flag,driver_distance_banding
2024471502218,2024,471502218,1,9,0,-1,19,1,5,-1,0,0,1,0,0,0,1,1,-1,2,1,49,8,-1,-1,-1,-1,8,E01024145,0,4
2024010491582,2024,010491582,1,9,0,99,99,9,9,99,99,0,9,99,9,99,9,9,6,6,1,36,7,-1,-1,-1,-1,5,E01003955,0,1
2024471504560,2024,471504560,1,1,0,-1,19,3,7,-1,0,2,0,0,0,0,4,1,-1,9,1,17,4,-1,-1,-1,-1,3,E01031549,0,1
2024010499897,2024,010499897,2,19,0,99,99,9,9,99,99,9,9,99,9,99,1,9,6,6,3,-1,-1,-1,-1,-1,-1,-1,-1,0,-1
2024010514322,2024,010514322,2,9,0,6,6,7,7,0,0,2,0,0,0,0,1,1,6,6,1,50,8,-1,-1,-1,-1,3,E01035665,0,1
2024141501739,2024,141501739,2,1,0,-1,12,1,1,-1,0,1,0,0,0,0,0,1,-1,9,2,41,7,-1,-1,-1,-1,2,E01008101,0,1
2024421410801,2024,421410801,1,90,0,-1,1,5,3,-1,0,1,0,0,0,0,2,9,-1,6,3,30,6,-1,-1,-1,-1,-1,-1,0,-1
2024430595522,2024,430595522,1,1,0,18,19,3,7,0,0,0,0,0,0,0,3,1,6,6,1,15,3,-1,-1,-1,-1,-1,-1,0,-1
2024371567029,2024,371567029,2,9,0,-1,2,0,0,-1,0,0,0,0,0,0,2,1,-1,6,1,38,7,-1,-1,-1,-1,8,E01030060,0,4
2024010491333,2024,010491333,3,19,0,18,19,1,5,0,0,1,9,0,0,0,1,9,6,6,3,-1,-1,-1,-1,-1,-1,-1,-1,0,-1
2024610001024,2024,610001024,2,9,0,18,19,4,8,0,0,8,0,0,0,0,1,1,6,6,2,46,8,-1,-1,-1,-1,4,W01001415,0,1
2024320132724,2024,320132724,1,9,0,-1,-1,6,1,0,0,1,5,0,1,11,1,1,-1,-1,1,43,7,-1,-1,-1,-1,7,E01026051,0,3
2024231404279,2024,231404279,2,9,0,-1,19,8,4,-1,0,0,1,0,1,7,3,1,-1,6,1,35,6,-1,-1,-1,-1,6,E01016737,0,4
2024471461329,2024,471461329,1,9,4,-1,13,1,5,-1,0,0,0,0,0,0,4,9,-1,6,3,-1,-1,-1,-1,-1,-1,-1,-1,0,-1
2024430043346,2024,430043346,1,9,0,7,7,6,8,0,0,4,0,0,0,0,1,1,6,6,2,22,5,-1,-1,-1,-1,8,E01017688,0,1
2024010493392,2024,010493392,2,9,9,99,99,9,9,99,99,9,9,99,9,99,9,9,6,6,3,-1,-1,-1,-1,-1,-1,-1,-1,0,-1
2024440432936,2024,440432936,1,-1,0,18,19,8,4,0,0,0,0,0,0,0,1,1,6,6,3,-1,-1,-1,-1,-1,-1,-1,-1,1,-1
2024552401470,2024,552401470,1,10,0,18,19,6,2,0,0,0,0,0,0,0,1,1,6,6,3,-1,-1,-1,-1,-1,-1,-1,-1,0,-1
2024010519183,2024,010519183,1,9,9,99,99,9,9,99,99,0,9,99,9,99,9,9,6,6,3,-1,-1,-1,-1,-1,-1,-1,-1,0,-1
2024070312783,2024,070312783,1,-1,0,18,19,3,7,0,0,8,0,0,0,0,1,1,6,6,1,25,5,-1,-1,-1,-1,-1,-1,1,-1
2024161454215,2024,161454215,1,1,0,-1,19,5,1,-1,0,0,0,0,0,0,1,1,-1,9,1,33,6,-1,-1,-1,-1,7,E01013301,0,1
2024010540210,2024,010540210,2,1,0,15,15,5,1,0,0,1,0,0,0,0,1,1,6,6,1,49,8,-1,-1,-1,-1,3,E01003162,0,2
2024440512844,2024,440512844,1,9,0,18,19,6,2,0,0,1,0,0,0,0,4,1,6,6,3,-1,-1,-1,-1,-1,-1,-1,-1,0,-1
2024430052972,2024,430052972,1,9,0,18,19,2,6,0,0,6,0,0,3,11,1,1,6,6,1,76,11,-1,-1,-1,-1,3,E01017857,0,1
2024131449819,2024,131449819,2,1,0,-1,4,4,8,-1,0,2,0,0,0,0,1,1,-1,9,1,19,4,-1,-1,-1,-1,1,E01011735,0,1
2024010535892,2024,010535892,1,1,0,18,19,5,1,0,0,8,0,0,0,0,1,1,2,2,1,23,5,-1,-1,-1,-1,7,E01023572,0,2
2024520003247,2024,520003247,2,9,0,10,10,2,6,0,0,8,0,0,0,0,4,1,6,6,1,40,7,-1,-1,-1,-1,6,E01031876,0,4
2024421496227,2024,421496227,2,-1,0,-1,19,1,5,-1,0,1,2,0,0,0,1,1,-1,6,1,23,5,-1,-1,-1,-1,3,E01021860,1,1
2024070911513,2024,070911513,2,1,0,-1,19,4,4,-1,0,0,0,0,0,0,2,1,-1,9,1,72,10,-1,-1,-1,-1,3,E01018646,0,1
2024010491135,2024,010491135,1,3,0,4,4,1,5,0,0,1,0,0,0,0,1,1,6,6,1,50,8,-1,-1,-1,-1,3,E01000499,0,2
2024010532451,2024,010532451,2,1,0,18,19,3,7,4,4,1,5,0,0,0,1,1,6,6,2,43,7,-1,-1,-1,-1,6,E01003359,0,1
2024631436735,2024,631436735,2,9,0,-1,19,1,5,-1,0,0,1,0,0,0,3,1,-1,9,1,61,9,-1,-1,-1,-1,5,W01000971,0,4
2024547553824,2024,547553824,2,-1,0,18,19,7,3,0,0,0,0,0,0,0,3,1,6,6,1,24,5,-1,-1,-1,-1,9,E01015483,1,1
2024010494907,2024,010494907,2,1,0,18,19,1,5,0,0,8,0,0,0,0,4,1,2,2,1,27,6,-1,-1,-1,-1,2,E01004219,0,1
2024440203283,2024,440203283,2,9,0,18,19,7,3,0,0,8,0,0,0,0,4,1,6,6,2,35,6,-1,-1,-1,-1,10,E01022756,0,2
2024361418242,2024,361418242,2,1,0,-1,14,4,6,-1,0,4,0,0,0,0,3,1,-1,6,1,47,8,-1,-1,-1,-1,7,E01026881,0,1
2024430429158,2024,430429158,1,-1,0,18,19,-1,-1,0,0,1,0,0,0,0,1,1,6,6,1,40,7,-1,-1,-1,-1,-1,-1,1,-1
202417L106624,2024,17L106624,2,1,0,18,19,3,7,0,0,8,0,0,0,0,1,1,6,6,1,17,4,-1,-1,-1,-1,6,E01012152,0,1
2024302400458,2024,302400458,1,9,0,17,19,4,2,0,0,0,0,0,1,4,1,1,1,1,1,21,5,-1,-1,-1,-1,5,E01013498,0,1
2024010549270,2024,010549270,1,1,0,13,13,7,3,0,0,2,0,0,0,0,3,1,1,1,1,20,4,-1,-1,-1,-1,4,E01002706,0,1
2024430230442,2024,430230442,1,9,0,18,19,2,6,0,0,1,0,0,0,0,1,1,6,6,1,-1,-1,-1,-1,-1,-1,-1,-1,0,-1
2024010529249,2024,010529249,1,1,0,18,19,1,5,0,0,1,0,0,0,0,1,1,6,6,1,13,3,-1,-1,-1,-1,3,E01001742,0,1
2024161460663,2024,161460663,1,-1,0,-1,19,3,7,-1,0,8,0,0,0,0,4,1,-1,6,1,15,3,-1,-1,-1,-1,1,E01012898,1,1
2024010523608,2024,010523608,2,1,0,18,19,7,3,0,0,8,0,0,0,0,3,1,6,6,1,16,4,-1,-1,-1,-1,3,E01001502,0,1
2024231505460,2024,231505460,1,9,0,-1,4,7,3,-1,0,3,0,0,0,0,2,9,-1,6,1,30,6,-1,-1,-1,-1,-1,-1,0,-1
2024221414155,2024,221414155,2,9,4,-1,3,5,1,-1,0,0,0,0,0,0,2,9,-1,6,1,42,7,-1,-1,-1,-1,5,E01010213,0,3
2024010534859,2024,010534859,2,1,0,18,19,3,7,0,0,8,0,0,0,0,1,1,6,6,1,26,6,-1,-1,-1,-1,7,E01003170,0,1
202454E197924,2024,54E197924,2,9,0,4,4,3,7,0,0,0,0,0,0,0,2,1,6,6,1,51,8,-1,-1,-1,-1,10,E01030691,0,5
2024401518761,2024,401518761,1,9,0,-1,19,-1,-1,-1,0,1,0,0,0,0,1,9,-1,6,3,-1,-1,-1,-1,-1,-1,-1,-1,0,-1
2024351394803,2024,351394803,1,9,0,-1,-1,-1,-1,-1,0,1,-1,-1,-1,0,-1,9,-1,6,3,-1,-1,-1,-1,-1,-1,-1,-1,0,-1
2024010543100,2024,010543100,1,1,0,16,19,5,1,0,0,1,0,0,0,0,0,1,6,6,1,24,5,-1,-1,-1,-1,-1,-1,0,-1
2024332400137,2024,332400137,1,9,0,-1,10,3,1,-1,0,1,0,0,0,0,2,1,-1,9,2,42,7,-1,-1,-1,-1,4,E01025936,0,2
2024111425019,2024,111425019,1,9,0,-1,19,8,4,-1,0,0,0,0,0,0,1,1,-1,6,3,24,5,-1,-1,-1,-1,2,E01020596,0,1
2024351473670,2024,351473670,2,9,0,-1,19,1,5,-1,0,0,0,0,0,0,2,1,-1,6,1,22,5,-1,-1,-1,-1,8,E01022060,0,4
2024010496539,2024,010496539,1,9,0,99,99,9,9,99,99,9,9,99,9,99,9,9,1,1,1,46,8,-1,-1,-1,-1,9,E01002516,0,1
2024101412244,2024,101412244,2,1,0,-1,19,2,6,-1,0,0,5,0,0,0,4,1,-1,6,1,14,3,-1,-1,-1,-1,4,E01008844,0,1
2024545005424,2024,545005424,2,97,0,18,19,4,8,0,0,1,0,0,0,0,1,1,6,6,1,81,11,-1,-1,-1,-1,7,E01031961,0,1
2024421509765,2024,421509765,1,19,0,-1,5,7,5,-1,0,4,0,0,0,0,1,1,-1,1,1,-1,-1,-1,-1,-1,-1,-1,-1,0,-1
2024010487170,2024,010487170,1,9,0,18,19,1,5,0,0,0,0,0,0,0,1,2,1,1,1,53,8,-1,-1,-1,-1,5,E01000398,0,1
2024610043024,2024,610043024,2,1,0,7,7,3,5,0,0,8,0,0,0,0,1,1,6,6,1,49,8,-1,-1,-1,-1,3,W01001455,0,1
2024552400865,2024,552400865,2,1,0,18,19,5,1,0,0,8,0,0,0,0,3,1,6,6,2,35,6,-1,-1,-1,-1,6,E01034282,0,3
2024522403400,2024,522403400,2,1,0,18,19,8,4,2,2,8,0,0,0,0,1,1,6,6,1,28,6,-1,-1,-1,-1,2,E01033359,0,1
2024340NN4102,2024,340NN4102,1,9,0,-1,19,2,6,-1,0,0,0,0,0,0,2,1,-1,9,2,68,10,-1,-1,-1,-1,9,E01027347,0,1
2024622400594,2024,622400594,1,9,0,18,19,1,5,0,0,8,0,0,0,0,1,1,6,6,1,78,11,-1,-1,-1,-1,8,W01001047,0,1
2024231531629,2024,231531629,2,1,0,-1,19,6,2,-1,0,8,0,0,0,0,1,1,-1,9,1,52,8,-1,-1,-1,-1,10,E01031123,0,1
2024070148880,2024,070148880,1,9,0,18,19,1,5,0,0,0,0,0,0,0,1,1,6,6,3,-1,-1,-1,-1,-1,-1,-1,-1,0,-1
2024311500526,2024,311500526,1,9,0,-1,11,3,1,-1,0,3,0,0,0,0,4,2,-1,6,1,69,10,-1,-1,-1,-1,8,W01000472,0,5
2024221414993,2024,221414993,2,21,1,-1,19,7,2,-1,0,8,0,0,0,0,4,1,-1,1,1,56,9,-1,-1,-1,-1,9,E01027088,0,4
2024141538549,2024,141538549,2,98,0,-1,19,2,6,-1,0,2,0,4,0,0,1,9,-1,6,3,-1,-1,-1,-1,-1,-1,-1,-1,0,-1
2024440073740,2024,440073740,3,9,0,4,4,2,6,0,0,0,0,0,0,0,2,1,6,6,2,61,9,-1,-1,-1,-1,-1,-1,0,-1
2024411409007,2024,411409007,2,9,-1,-1,-1,-1,-1,-1,-1,0,-1,-1,-1,0,-1,9,-1,9,1,64,9,-1,-1,-1,-1,6,E01023904,0,2
2024991460652,2024,991460652,1,9,0,-1,5,4,7,-1,0,8,0,0,0,0,3,1,-1,1,2,56,9,-1,-1,-1,-1,6,-1,0,1
2024361504681,2024,361504681,1,9,0,-1,19,1,5,-1,0,0,0,0,0,0,1,1,-1,9,1,35,6,-1,-1,-1,-1,3,E01034768,0,3
2024101531309,2024,101531309,1,9,-1,-1,19,-1,-1,-1,0,0,0,0,0,0,0,9,-1,6,3,-1,-1,-1,-1,-1,-1,-1,-1,0,-1
2024052402494,2024,052402494,1,1,0,18,19,2,6,0,0,1,0,0,0,0,1,1,6,6,3,-1,-1,-1,-1,-1,-1,-1,-1,0,-1
2024041446809,2024,041446809,1,9,0,-1,19,5,1,-1,0,1,0,0,0,0,3,1,-1,9,1,30,6,-1,-1,-1,-1,1,E01012646,0,1
2024451420235,2024,451420235,2,1,0,-1,9,1,3,-1,0,8,0,0,0,0,2,1,-1,9,2,63,9,-1,-1,-1,-1,10,E01030504,0,1
2024461438185,2024,461438185,1,19,0,-1,-1,-1,-1,-1,-1,0,-1,-1,-1,0,-1,9,-1,6,3,-1,-1,-1,-1,-1,-1,-1,-1,0,-1
2024010547421,2024,010547421,1,8,0,18,19,5,1,0,0,1,0,0,0,0,1,1,6,6,3,-1,-1,-1,-1,-1,-1,-1,-1,0,-1
2024010543683,2024,010543683,1,9,0,18,19,7,3,0,0,6,0,0,0,0,0,1,6,6,1,27,6,-1,-1,-1,-1,9,E01002460,0,4
2024471492590,2024,471492590,2,9,0,-1,19,1,5,-1,0,8,0,0,0,0,1,1,-1,6,2,50,8,-1,-1,-1,-1,9,E01020939,0,1
2024991449659,2024,991449659,2,18,-1,-1,19,1,5,-1,1,1,0,0,0,0,0,1,-1,1,1,52,8,-1,-1,-1,-1,7,-1,0,1
2024041480161,2024,041480161,1,9,0,-1,19,5,1,-1,0,0,0,0,7,11,1,1,-1,1,1,80,11,-1,-1,-1,-1,7,E01025199,0,2
2024010502112,2024,010502112,1,1,0,4,4,1,5,0,0,1,0,0,0,0,1,1,6,6,1,26,6,-1,-1,-1,-1,5,E01004484,0,1
2024440318419,2024,440318419,1,-1,0,18,19,8,4,9,9,1,0,0,0,0,1,1,6,6,1,19,4,-1,-1,-1,-1,6,E01017212,1,1
2024041462144,2024,041462144,1,9,0,-1,19,-1,-1,-1,0,1,0,0,0,0,1,9,-1,6,3,-1,-1,-1,-1,-1,-1,-1,-1,0,-1
2024010504182,2024,010504182,1,8,0,5,5,1,5,0,0,1,0,0,0,0,1,1,1,1,1,59,9,-1,-1,-1,-1,4,E01023857,0,4
2024010502972,2024,010502972,2,1,0,18,19,5,1,0,0,6,0,0,0,0,4,1,6,6,1,28,6,-1,-1,-1,-1,7,E01032768,0,1
2024010525591,2024,010525591,2,9,0,1,1,1,5,0,0,0,0,0,0,0,2,1,6,6,3,-1,-1,-1,-1,-1,-1,-1,-1,0,-1
2024010494441,2024,010494441,2,9,9,99,99,9,9,99,99,9,9,99,9,99,9,9,6,6,3,-1,-1,-1,-1,-1,-1,-1,-1,0,-1
202454A372424,2024,54A372424,2,1,0,18,19,7,3,0,0,0,0,0,0,0,1,1,6,6,1,38,7,-1,-1,-1,-1,9,E01032102,0,1
2024430251479,2024,430251479,1,9,0,7,7,8,2,0,0,5,0,0,0,0,3,1,6,6,2,-1,-1,-1,-1,-1,-1,-1,-1,0,-1
2024610022324,2024,610022324,1,9,0,18,19,1,5,0,0,8,0,0,0,0,3,1,6,6,1,-1,-1,-1,-1,-1,-1,-1,-1,0,-1
2024010525219,2024,010525219,1,1,9,12,12,9,9,99,99,0,9,99,9,99,1,1,2,2,2,23,5,-1,-1,-1,-1,4,E01003035,0,1
2024340NN0222,2024,340NN0222,1,9,0,-1,14,1,5,-1,0,0,0,4,0,0,1,1,-1,9,1,73,10,-1,-1,-1,-1,8,E01027348,0,1
2024520401537,2024,520401537,2,19,0,18,19,8,4,0,0,8,0,0,0,0,1,1,6,6,1,31,6,-1,-1,-1,-1,10,E01029115,0,1
2024351522054,2024,351522054,2,1,0,-1,19,1,5,-1,0,0,0,0,0,0,3,1,-1,9,1,14,3,-1,-1,-1,-1,2,E01015633,0,1
2024052402087,2024,052402087,1,1,0,7,7,1,5,0,0,8,0,0,0,0,3,1,6,6,1,11,3,-1,-1,-1,-1,5,E01007173,0,1
2024501486766,2024,501486766,1,1,0,-1,19,2,6,-1,0,8,2,0,0,0,1,1,-1,6,1,32,6,-1,-1,-1,-1,6,E01019971,0,1
2024461397207,2024,461397207,1,9,0,-1,9,2,8,-1,0,1,2,7,7,7,1,1,-1,9,1,35,6,-1,-1,-1,-1,-1,-1,0,-1
2024131461116,2024,131461116,1,9,0,-1,4,5,1,-1,1,0,0,0,0,0,1,1,-1,6,1,68,10,-1,-1,-1,-1,8,E01011555,0,2
2024430110116,2024,430110116,2,1,0,18,19,8,4,0,0,1,0,0,0,0,3,1,2,2,1,41,7,-1,-1,-1,-1,10,E01028734,0,1
2024320676858,2024,320676858,1,9,0,-1,-1,8,4,0,0,1,0,0,0,0,1,1,6,6,3,-1,-1,-1,-1,-1,-1,-1,-1,0,-1
2024991518393,2024,991518393,1,8,0,-1,9,4,3,-1,0,6,0,0,3,0,1,2,-1,1,1,40,7,-1,-1,-1,-1,-1,-1,0,-1
2024070302974,2024,070302974,1,9,0,9,9,7,5,0,0,8,0,0,0,0,1,1,6,6,3,-1,-1,-1,-1,-1,-1,-1,-1,0,-1
2024131522402,2024,131522402,2,9,0,-1,19,1,5,-1,0,0,1,0,0,0,1,1,-1,9,2,68,10,-1,-1,-1,-1,4,E01011192,0,3
2024332401178,2024,332401178,1,9,0,-1,19,5,1,-1,0,0,0,0,0,0,1,1,-1,6,1,59,9,-1,-1,-1,-1,9,E01035084,0,1
2024101520937,2024,101520937,1,98,0,-1,19,4,7,-1,0,2,0,0,0,0,1,9,-1,6,3,30,6,-1,-1,-1,-1,-1,-1,0,-1
2024010500010,2024,010500010,2,9,0,99,99,9,9,99,99,9,9,99,9,99,0,9,6,6,3,-1,-1,-1,-1,-1,-1,-1,-1,0,-1
2024010488218,2024,010488218,1,3,0,99,99,9,9,99,99,9,9,99,9,99,9,1,6,6,3,52,8,-1,-1,-1,-1,9,E01000349,0,1
2024430546862,2024,430546862,1,1,0,18,19,-1,-1,0,0,1,0,0,0,0,4,1,6,6,1,29,6,-1,-1,-1,-1,2,E01034453,0,1
2024131433886,2024,131433886,2,16,0,-1,19,7,3,-1,0,0,0,0,0,0,0,1,-1,6,2,40,7,-1,-1,-1,-1,4,E01010750,0,2
2024201402051,2024,201402051,1,9,0,-1,19,4,8,-1,0,6,0,0,0,0,1,9,-1,9,3,-1,-1,-1,-1,-1,-1,-1,-1,0,-1
2024520401277,2024,520401277,1,9,0,9,9,3,1,0,0,8,0,0,0,0,1,1,6,6,2,52,8,-1,-1,-1,-1,9,E01020464,0,2
2024371394294,2024,371394294,2,9,0,-1,19,7,4,-1,0,0,0,0,0,0,1,1,-1,6,2,56,9,-1,-1,-1,-1,7,E01021655,0,2
2024231427760,2024,231427760,2,9,0,-1,19,1,5,-1,0,8,0,0,0,0,4,9,-1,6,2,46,8,-1,-1,-1,-1,9,E01031082,0,2
2024010537071,2024,010537071,1,1,9,99,99,9,9,99,99,9,9,99,9,99,9,1,6,6,1,29,6,-1,-1,-1,-1,6,E01002788,0,1
2024461452047,2024,461452047,1,9,0,-1,1,3,3,-1,0,0,0,4,1,0,2,1,-1,9,2,55,8,-1,-1,-1,-1,4,E01024640,0,1
2024010526269,2024,010526269,2,1,0,18,19,1,5,0,0,1,0,0,0,0,1,1,6,6,1,40,7,-1,-1,-1,-1,5,E01001158,0,2
2024052402106,2024,052402106,1,97,0,18,19,5,1,0,0,4,0,0,0,0,1,1,6,6,1,18,4,-1,-1,-1,-1,1,E01007086,0,1
2024501445700,2024,501445700,2,1,0,-1,19,7,3,-1,0,8,0,0,0,0,1,1,-1,9,2,50,8,-1,-1,-1,-1,9,E01020038,0,1
2024010490769,2024,010490769,1,9,0,7,7,4,7,0,0,1,0,0,0,0,4,1,6,6,1,37,7,-1,-1,-1,-1,3,E01002772,0,1
2024010515195,2024,010515195,1,97,0,18,19,1,5,0,0,0,0,0,0,0,1,1,6,6,3,-1,-1,-1,-1,-1,-1,-1,-1,0,-1
2024461495092,2024,461495092,2,20,0,-1,3,0,0,-1,0,0,0,0,0,0,2,9,-1,6,3,18,4,-1,-1,-1,-1,-1,-1,0,-1
2024041411369,2024,041411369,2,9,0,-1,19,3,7,-1,0,2,0,0,0,0,1,1,-1,6,1,34,6,-1,-1,-1,-1,1,E01012721,0,1
2024311399134,2024,311399134,2,1,5,-1,9,4,2,-1,0,5,0,0,0,0,4,1,-1,9,1,41,7,-1,-1,-1,-1,5,E01019679,0,3
2024010496248,2024,010496248,1,9,0,9,9,5,3,0,0,8,0,0,0,0,4,1,6,6,1,69,10,-1,-1,-1,-1,8,E01003904,0,1
2024451433499,2024,451433499,1,9,0,-1,9,1,5,-1,0,0,0,0,0,0,0,1,-1,6,3,48,8,-1,-1,-1,-1,-1,-1,0,-1
2024371458366,2024,371458366,2,1,0,-1,19,8,4,-1,0,8,5,0,0,0,4,1,-1,9,2,58,9,-1,-1,-1,-1,8,E01029957,0,1
2024371410735,2024,371410735,2,1,0,-1,19,4,8,-1,0,1,1,0,0,0,0,1,-1,9,1,49,8,-1,-1,-1,-1,5,E01030275,0,1
2024101496729,2024,101496729,2,9,0,-1,19,7,3,-1,0,0,1,0,1,0,2,1,-1,6,2,61,9,-1,-1,-1,-1,7,E01020655,0,3
2024311515255,2024,311515255,2,9,0,-1,10,3,1,-1,0,8,0,0,0,0,4,1,-1,1,1,23,5,-1,-1,-1,-1,9,E01013982,0,1
2024041517097,2024,041517097,2,9,0,-1,19,7,3,-1,0,0,0,0,0,0,2,1,-1,9,2,55,8,-1,-1,-1,-1,10,E01018667,0,4
2024610044024,2024,610044024,1,1,0,18,19,3,7,0,0,8,0,0,0,0,1,1,2,2,1,27,6,-1,-1,-1,-1,1,W01001345,0,1
2024010508773,2024,010508773,1,1,0,18,19,1,5,0,0,1,0,0,0,0,1,1,6,6,1,38,7,-1,-1,-1,-1,3,E01001982,0,1
2024141406666,2024,141406666,1,1,0,-1,5,1,5,-1,0,0,0,0,0,0,3,1,-1,9,1,38,7,-1,-1,-1,-1,7,E01007983,0,1
2024332400838,2024,332400838,2,1,0,-1,19,3,7,-1,0,8,0,0,0,0,1,1,-1,6,1,57,9,-1,-1,-1,-1,10,E01025741,0,1
2024070890948,2024,070890948,2,9,0,-1,19,5,1,-1,0,0,0,0,0,0,1,1,-1,9,2,56,9,-1,-1,-1,-1,7,E01018670,0,1
2024010548397,2024,010548397,1,1,9,99,99,9,9,99,99,9,9,99,9,99,1,1,6,6,1,24,5,-1,-1,-1,-1,3,E01001784,0,1
2024421440228,2024,421440228,1,9,0,-1,1,3,7,-1,5,1,0,0,0,0,2,1,-1,6,1,40,7,-1,-1,-1,-1,5,E01021769,0,2
2024520402606,2024,520402606,2,1,0,18,19,7,3,0,0,0,0,0,0,0,1,1,6,6,1,50,8,-1,-1,-1,-1,-1,-1,0,-1
2024010529706,2024,010529706,1,9,0,3,3,5,1,0,0,0,0,0,0,0,4,1,1,1,1,68,10,-1,-1,-1,-1,-1,-1,0,-1
2024041480123,2024,041480123,2,9,0,-1,19,5,1,-1,0,0,5,0,0,0,3,1,-1,9,2,60,9,-1,-1,-1,-1,8,E01025108,0,1
2024501445451,2024,501445451,2,1,-1,-1,19,1,5,-1,0,8,5,0,0,0,4,1,-1,6,1,40,7,-1,-1,-1,-1,8,E01015098,0,1
2024010487555,2024,010487555,2,9,0,2,2,0,0,0,0,2,0,0,0,0,3,1,6,6,3,-1,-1,-1,-1,-1,-1,-1,-1,0,-1
2024010487375,2024,010487375,1,9,0,18,19,3,7,0,0,0,0,0,0,0,2,1,1,1,1,47,8,-1,-1,-1,-1,5,E01016065,0,4
2024010514352,2024,010514352,1,9,0,18,19,1,5,0,0,2,0,0,0,0,1,1,1,1,1,59,9,-1,-1,-1,-1,2,E01002784,0,2
2024201439311,2024,201439311,1,9,0,-1,19,4,8,-1,0,0,0,0,0,0,1,1,-1,6,1,30,6,-1,-1,-1,-1,-1,-1,0,-1
2024201509389,2024,201509389,1,9,0,-1,19,1,5,-1,0,5,0,0,0,0,1,9,-1,6,3,-1,-1,-1,-1,-1,-1,-1,-1,0,-1
2024010492788,2024,010492788,2,9,0,99,99,9,9,99,99,9,9,99,9,99,2,9,6,6,3,56,9,-1,-1,-1,-1,5,E01000375,0,1
2024061504389,2024,061504389,2,-1,0,-1,19,3,7,-1,0,0,0,0,0,0,3,1,-1,6,1,35,6,-1,-1,-1,-1,-1,-1,1,-1
2024610014124,2024,610014124,1,5,0,18,19,3,7,0,0,1,0,0,0,0,1,1,6,6,1,25,5,-1,-1,-1,-1,2,W01001663,0,1
2024451485456,2024,451485456,1,90,0,-1,13,5,1,-1,0,1,0,0,0,0,1,1,-1,9,1,19,4,-1,-1,-1,-1,9,E01030696,0,1
2024471444793,2024,471444793,2,1,0,-1,19,5,1,-1,0,1,0,11,0,0,1,1,-1,9,1,46,8,-1,-1,-1,-1,4,E01024831,0,4
2024010494868,2024,010494868,1,3,0,99,99,9,9,99,99,9,9,99,9,99,9,1,1,1,1,29,6,-1,-1,-1,-1,6,E01003085,0,1
2024471515389,2024,471515389,2,1,-1,-1,19,5,2,-1,0,1,0,0,0,0,0,1,-1,6,1,71,10,-1,-1,-1,-1,8,E01021147,0,1
2024010491966,2024,010491966,2,19,0,9,9,2,7,0,0,0,0,0,0,0,3,1,6,6,1,59,9,-1,-1,-1,-1,2,E01021273,0,3
2024231412107,2024,231412107,2,9,0,-1,10,8,5,-1,0,1,0,0,0,0,2,9,-1,9,2,27,6,-1,-1,-1,-1,2,E01031092,0,1
2024010487331,2024,010487331,1,90,0,99,99,9,9,99,99,9,9,99,9,99,2,9,6,6,1,58,9,-1,-1,-1,-1,9,E01001274,0,1
2024010503503,2024,010503503,2,9,0,3,3,3,7,0,0,1,0,0,0,0,1,2,2,2,1,25,5,-1,-1,-1,-1,2,E01002032,0,1
2024501507850,2024,501507850,2,1,0,-1,4,4,8,-1,9,1,0,0,0,0,1,1,-1,7,2,6,2,-1,-1,-1,-1,2,E01020015,0,1
2024351535073,2024,351535073,1,9,-1,-1,9,3,7,-1,0,6,1,0,0,0,1,9,-1,6,1,-1,-1,-1,-1,-1,-1,-1,-1,0,-1
202460Q171961,2024,60Q171961,1,9,0,18,19,5,1,0,0,7,0,0,0,0,4,1,6,6,3,-1,-1,-1,-1,-1,-1,-1,-1,0,-1
2024010516747,2024,010516747,1,1,0,18,19,2,6,0,0,8,0,0,0,0,1,1,2,2,1,28,6,-1,-1,-1,-1,6,E01034580,0,2
2024010517207,2024,010517207,1,9,0,18,19,1,5,0,0,1,0,0,0,0,1,1,6,6,3,-1,-1,-1,-1,-1,-1,-1,-1,0,-1
2024010496462,2024,010496462,2,1,0,18,19,1,5,0,0,1,0,0,0,0,2,1,6,6,2,40,7,-1,-1,-1,-1,1,E01004199,0,1
2024010492592,2024,010492592,1,1,9,99,99,9,9,99,99,9,9,99,9,99,1,1,2,2,1,17,4,-1,-1,-1,-1,4,E01001444,0,1
2024010503306,2024,010503306,1,1,0,18,19,7,3,4,4,8,0,0,0,0,3,1,2,2,1,31,6,-1,-1,-1,-1,3,E01003126,0,1
2024010521807,2024,010521807,2,19,0,99,99,9,9,99,99,2,9,99,9,99,9,9,6,6,3,30,6,-1,-1,-1,-1,3,E01003564,0,2
2024411437774,2024,411437774,1,9,-1,-1,5,3,7,-1,0,6,0,0,0,0,3,9,-1,6,1,-1,-1,-1,-1,-1,-1,-1,-1,0,-1
2024201412529,2024,201412529,1,9,0,-1,9,8,4,-1,0,5,0,0,0,0,1,9,-1,6,1,-1,-1,-1,-1,-1,-1,-1,-1,0,-1
2024610016124,2024,610016124,1,9,0,18,19,8,6,0,0,8,0,0,0,0,1,1,6,6,1,24,5,-1,-1,-1,-1,3,W01001402,0,1
2024221527938,2024,221527938,1,-1,0,-1,19,7,3,-1,9,8,0,0,0,0,1,1,-1,9,1,14,3,-1,-1,-1,-1,8,E01032299,1,1
2024610001424,2024,610001424,3,19,0,18,19,2,6,0,0,0,0,0,5,6,1,1,1,1,1,28,6,-1,-1,-1,-1,6,W01001472,0,4
2024010545148,2024,010545148,2,19,0,9,9,5,3,0,0,5,0,0,0,0,1,1,1,1,1,37,7,-1,-1,-1,-1,4,E01002487,0,2