collision_index,collision_year,collision_ref_no,vehicle_reference,vehicle_type,towing_and_articulation,vehicle_manoeuvre_historic,vehicle_manoeuvre,vehicle_direction_from,vehicle_direction_to,vehicle_location_restricted_lane_historic,vehicle_location_restricted_lane,junction_location,skidding_and_overturning,hit_object_in_carriageway,vehicle_leaving_carriageway,hit_object_off_carriageway,first_point_of_impact,vehicle_left_hand_drive,journey_purpose_of_driver_historic,journey_purpose_of_driver,sex_of_driver,age_of_driver,age_band_of_driver,engine_capacity_cc,propulsion_code,age_of_vehicle,generic_make_model,driver_imd_decile,lsoa_of_driver,escooter_flag,driver_distance_banding
2024201396736,2024,201396736,2,1,0,-1,19,6,2,-1,0,4,2,0,0,0,1,1,-1,9,2,78,11,-1,-1,-1,-1,5,E01009179,0,1
2024340NN3132,2024,340NN3132,1,9,0,-1,20,5,1,-1,0,1,0,0,0,0,1,1,-1,6,2,-1,-1,-1,-1,-1,-1,-1,-1,0,-1
2024461530550,2024,461530550,2,1,0,-1,19,2,6,-1,0,8,0,0,0,0,4,1,-1,2,1,21,5,-1,-1,-1,-1,4,E01016163,0,1
2024010492445,2024,010492445,1,9,0,18,19,7,3,0,0,8,0,0,0,0,1,1,6,6,1,57,9,-1,-1,-1,-1,6,E01002724,0,1
2024010515022,2024,010515022,2,19,0,18,19,7,3,0,0,0,0,0,0,0,1,1,6,6,3,-1,-1,-1,-1,-1,-1,-1,-1,0,-1
2024070402783,2024,070402783,1,9,0,18,19,3,7,0,0,0,0,0,0,0,1,1,6,6,3,-1,-1,-1,-1,-1,-1,-1,-1,0,-1
2024351449484,2024,351449484,2,1,-1,-1,-1,-1,-1,-1,-1,0,-1,-1,-1,0,3,1,-1,2,1,36,7,-1,-1,-1,-1,2,E01015608,0,1
2024320703802,2024,320703802,2,1,0,-1,-1,6,2,0,0,8,5,0,0,0,4,1,6,6,1,24,5,-1,-1,-1,-1,1,E01026152,0,1
2024041530524,2024,041530524,1,9,0,-1,19,3,7,-1,0,0,0,0,7,0,1,1,-1,9,1,33,6,-1,-1,-1,-1,7,E01025507,0,1
2024501426302,2024,501426302,2,23,0,-1,19,7,3,-1,0,8,5,0,0,0,1,1,-1,6,1,41,7,-1,-1,-1,-1,1,E01015080,0,1
2024010514042,2024,010514042,1,8,0,9,9,1,7,0,0,2,0,0,0,0,1,1,1,1,1,45,7,-1,-1,-1,-1,5,E01003217,0,1
2024211496970,2024,211496970,2,22,0,-1,5,1,5,-1,0,0,0,0,0,0,-1,1,-1,9,1,73,10,-1,-1,-1,-1,-1,-1,0,-1
2024302400836,2024,302400836,1,9,0,1,1,7,3,0,0,8,0,0,0,0,2,1,2,2,1,30,6,-1,-1,-1,-1,4,E01019491,0,1
2024549184024,2024,549184024,1,9,0,4,4,4,8,0,0,1,0,0,0,0,1,1,1,1,1,54,8,-1,-1,-1,-1,-1,-1,0,-1
2024631429219,2024,631429219,1,9,0,-1,12,2,6,-1,0,0,0,0,7,7,1,1,-1,9,1,27,6,-1,-1,-1,-1,8,W01000554,0,4
2024430606279,2024,430606279,1,9,0,7,7,8,2,0,0,6,0,0,0,0,1,1,6,6,1,60,9,-1,-1,-1,-1,-1,-1,0,-1
2024522401906,2024,522401906,2,97,0,18,19,9,9,0,0,0,0,0,0,0,1,1,6,6,3,-1,-1,-1,-1,-1,-1,-1,-1,0,-1
2024041471904,2024,041471904,1,1,0,-1,19,7,3,-1,0,1,0,0,0,0,1,1,-1,9,1,18,4,-1,-1,-1,-1,5,E01025231,0,1
2024361495660,2024,361495660,2,1,0,-1,19,7,3,-1,0,8,0,0,0,0,1,1,-1,9,1,33,6,-1,-1,-1,-1,7,E01026928,0,2
2024231447575,2024,231447575,1,1,0,-1,19,2,5,-1,0,8,1,0,0,0,0,1,-1,9,2,42,7,-1,-1,-1,-1,6,E01010221,0,2
2024461411921,2024,461411921,1,9,0,-1,9,2,3,-1,0,2,0,0,0,0,3,9,-1,6,3,-1,-1,-1,-1,-1,-1,-1,-1,0,-1
2024340NN4322,2024,340NN4322,2,9,0,-1,9,3,1,-1,0,3,0,0,0,0,4,1,-1,9,2,44,7,-1,-1,-1,-1,3,E01027038,0,1
2024010549631,2024,010549631,2,1,0,18,19,6,2,0,0,1,0,0,0,0,4,1,2,2,1,36,7,-1,-1,-1,-1,5,E01000038,0,1
2024010537071,2024,010537071,2,9,0,99,99,9,9,99,99,9,9,99,9,99,1,9,6,6,1,26,6,-1,-1,-1,-1,3,E01004402,0,2
2024131464395,2024,131464395,1,1,0,-1,19,2,2,-1,0,6,0,0,0,0,0,1,-1,9,1,49,8,-1,-1,-1,-1,1,E01011431,0,1
2024320751165,2024,320751165,1,9,0,14,14,2,6,0,0,0,0,0,0,0,3,1,6,6,1,43,7,-1,-1,-1,-1,4,E01026366,0,4
2024610021124,2024,610021124,1,-1,0,18,19,4,8,0,0,0,0,0,0,0,1,1,6,6,1,27,6,-1,-1,-1,-1,3,W01001605,1,1
2024010487674,2024,010487674,2,1,9,99,99,9,9,99,99,0,9,99,9,99,0,1,6,6,2,-1,-1,-1,-1,-1,-1,2,E01035677,0,1
2024010542039,2024,010542039,2,1,0,18,19,5,1,0,0,1,0,0,0,0,1,1,2,2,1,54,8,-1,-1,-1,-1,4,E01001015,0,3
2024311467974,2024,311467974,2,1,0,-1,5,2,6,-1,0,1,0,0,0,0,1,1,-1,6,1,20,4,-1,-1,-1,-1,1,E01013948,0,1
2024101569025,2024,101569025,1,9,0,-1,19,2,6,-1,0,2,0,0,0,0,3,1,-1,6,2,25,5,-1,-1,-1,-1,2,E01008719,0,4
2024161484612,2024,161484612,3,16,0,-1,19,7,3,-1,0,0,0,0,0,0,2,1,-1,9,1,62,9,-1,-1,-1,-1,6,E01012937,0,1
2024201522205,2024,201522205,2,23,0,-1,19,1,2,-1,0,0,0,0,0,0,4,1,-1,6,2,-1,-1,-1,-1,-1,-1,-1,-1,0,-1
2024061403757,2024,061403757,1,20,0,-1,19,7,3,-1,0,0,0,0,0,0,1,9,-1,6,1,-1,-1,-1,-1,-1,-1,-1,-1,0,-1
2024010491358,2024,010491358,2,9,0,2,2,0,0,0,0,1,0,0,0,0,1,1,6,6,3,-1,-1,-1,-1,-1,-1,-1,-1,0,-1
2024520001693,2024,520001693,2,9,0,18,19,5,3,0,0,8,0,0,0,0,1,1,6,6,3,-1,-1,-1,-1,-1,-1,-1,-1,0,-1
202460Q179287,2024,60Q179287,4,17,4,18,19,3,7,0,0,0,0,0,0,0,0,1,1,1,1,40,7,-1,-1,-1,-1,-1,-1,0,-1
2024010491438,2024,010491438,1,5,0,99,99,9,9,99,99,9,9,99,9,99,9,1,6,6,1,44,7,-1,-1,-1,-1,3,E01002235,0,2
2024010496031,2024,010496031,2,1,0,18,19,1,5,0,0,8,0,0,0,0,4,1,6,6,1,23,5,-1,-1,-1,-1,-1,-1,0,-1
2024361440367,2024,361440367,1,9,0,-1,4,-1,-1,-1,-1,-1,0,0,0,0,1,9,-1,6,2,-1,-1,-1,-1,-1,-1,-1,-1,0,-1
2024451532590,2024,451532590,2,90,0,-1,19,2,6,-1,9,1,5,0,0,0,1,1,-1,6,1,38,7,-1,-1,-1,-1,9,E01030692,0,1
2024010491141,2024,010491141,2,9,9,99,99,9,9,99,99,9,9,99,9,99,9,9,6,6,3,-1,-1,-1,-1,-1,-1,-1,-1,0,-1
2024131428834,2024,131428834,1,9,0,-1,19,5,1,-1,0,0,0,0,0,0,1,1,-1,1,1,33,6,-1,-1,-1,-1,4,E01010664,0,2
2024041489225,2024,041489225,2,1,0,-1,19,3,7,-1,0,1,0,0,0,0,1,1,-1,6,1,6,2,-1,-1,-1,-1,1,E01024906,0,1
2024101456558,2024,101456558,1,9,0,-1,19,3,7,-1,0,0,0,0,0,0,4,1,-1,9,2,17,4,-1,-1,-1,-1,9,E01008556,0,1
2024461496010,2024,461496010,1,21,-1,-1,12,7,7,-1,0,0,0,0,0,0,3,9,-1,2,1,-1,-1,-1,-1,-1,-1,-1,-1,0,-1
2024411423066,2024,411423066,2,9,0,-1,3,1,5,-1,0,1,0,0,0,0,2,1,-1,9,2,44,7,-1,-1,-1,-1,8,E01000258,0,1
2024320546164,2024,320546164,1,9,0,-1,-1,8,4,0,0,1,0,0,0,0,1,1,1,1,1,50,8,-1,-1,-1,-1,3,E01026043,0,1
2024340NN9052,2024,340NN9052,2,17,0,-1,19,1,5,-1,0,0,0,0,0,0,3,1,-1,1,1,28,6,-1,-1,-1,-1,5,E01028897,0,5
2024430524952,2024,430524952,2,9,0,4,4,7,3,-1,-1,0,0,0,0,0,2,1,2,2,2,19,4,-1,-1,-1,-1,7,E01016739,0,1
2024991484040,2024,991484040,1,9,0,-1,5,2,6,-1,0,6,0,0,0,0,1,2,-1,1,1,63,9,-1,-1,-1,-1,7,-1,0,1
2024371421528,2024,371421528,1,9,0,-1,19,1,5,-1,0,8,0,0,0,0,1,1,-1,2,1,41,7,-1,-1,-1,-1,3,E01000057,0,5
2024010486915,2024,010486915,1,9,0,5,5,7,3,0,0,3,0,0,0,0,4,1,6,6,1,43,7,-1,-1,-1,-1,5,E01000067,0,1
2024131533806,2024,131533806,1,9,0,-1,19,1,5,-1,0,0,1,10,0,0,1,1,-1,9,1,28,6,-1,-1,-1,-1,1,E01011318,0,1
2024131493491,2024,131493491,1,9,0,-1,-1,-1,-1,-1,-1,6,-1,-1,-1,0,-1,1,-1,6,3,-1,-1,-1,-1,-1,-1,-1,-1,0,-1
2024061397502,2024,061397502,1,9,-1,-1,19,-1,-1,-1,0,0,0,0,0,0,-1,9,-1,6,2,27,6,-1,-1,-1,-1,5,E01033660,0,1
2024351471007,2024,351471007,1,97,-1,-1,-1,-1,-1,-1,-1,-1,-1,-1,-1,0,-1,1,-1,6,1,-1,-1,-1,-1,-1,-1,-1,-1,0,-1
2024101518580,2024,101518580,1,17,0,-1,9,4,2,-1,0,5,0,0,0,0,3,1,-1,1,1,65,9,-1,-1,-1,-1,6,E01027511,0,1
2024430037288,2024,430037288,1,97,0,18,19,3,7,0,0,8,0,0,0,0,4,1,1,1,1,23,5,-1,-1,-1,-1,-1,-1,0,-1
2024131463168,2024,131463168,1,1,0,-1,19,3,7,-1,0,8,0,0,0,0,1,1,-1,9,1,65,9,-1,-1,-1,-1,6,E01011214,0,2
2024991411123,2024,991411123,1,9,0,-1,13,1,5,-1,0,0,1,0,7,0,3,1,-1,6,1,32,6,-1,-1,-1,-1,10,-1,0,3
2024461513751,2024,461513751,1,98,1,-1,13,1,5,-1,0,1,0,0,0,0,4,9,-1,6,3,-1,-1,-1,-1,-1,-1,-1,-1,0,-1
2024131461979,2024,131461979,1,97,0,-1,19,1,1,-1,0,0,1,10,1,2,1,1,-1,6,1,27,6,-1,-1,-1,-1,1,E01010666,0,2
2024010495473,2024,010495473,2,9,0,3,3,5,1,0,0,0,0,0,0,0,2,1,2,2,2,57,9,-1,-1,-1,-1,4,E01003062,0,1
2024201439564,2024,201439564,1,1,0,-1,19,1,4,-1,0,0,0,0,0,0,3,1,-1,6,1,15,3,-1,-1,-1,-1,-1,-1,0,-1
2024041518714,2024,041518714,1,9,0,-1,9,1,5,-1,0,1,0,0,0,0,1,1,-1,7,1,31,6,-1,-1,-1,-1,8,E01012583,0,1
2024010495878,2024,010495878,2,9,0,99,99,9,9,99,99,9,9,99,9,99,9,9,6,6,3,-1,-1,-1,-1,-1,-1,-1,-1,0,-1
2024440518504,2024,440518504,2,1,0,18,19,2,6,0,0,0,0,0,0,0,2,1,6,6,1,55,8,-1,-1,-1,-1,5,E01023192,0,2
2024010509478,2024,010509478,2,1,0,18,19,2,6,4,4,1,0,0,0,0,1,1,6,6,2,51,8,-1,-1,-1,-1,3,E01004364,0,1
2024361512706,2024,361512706,1,9,-1,-1,-1,-1,-1,-1,-1,0,-1,-1,-1,0,-1,9,-1,6,3,-1,-1,-1,-1,-1,-1,5,E01026724,0,2
2024161535065,2024,161535065,1,5,0,-1,19,7,3,-1,0,0,0,4,0,0,1,1,-1,6,1,35,6,-1,-1,-1,-1,10,E01034757,0,1
2024010550718,2024,010550718,2,1,0,15,15,1,5,0,0,1,0,0,0,0,3,1,1,1,1,20,4,-1,-1,-1,-1,3,E01003634,0,1
2024141407796,2024,141407796,2,1,0,-1,9,2,6,-1,0,0,0,0,0,0,3,1,-1,6,1,36,7,-1,-1,-1,-1,1,E01007328,0,1
2024052401964,2024,052401964,2,1,0,18,19,3,7,0,0,0,0,0,0,0,3,1,6,6,1,32,6,-1,-1,-1,-1,1,E01006766,0,1
2024010486821,2024,010486821,2,9,9,99,99,9,9,99,99,9,9,99,9,99,9,9,6,6,3,-1,-1,-1,-1,-1,-1,-1,-1,0,-1
2024531496928,2024,531496928,4,9,0,-1,10,3,7,-1,0,1,0,0,0,0,2,1,-1,6,2,76,11,-1,-1,-1,-1,9,E01022453,0,1
2024010538044,2024,010538044,2,9,0,99,99,9,9,99,99,9,9,99,9,99,1,9,6,6,3,-1,-1,-1,-1,-1,-1,-1,-1,0,-1
2024010505201,2024,010505201,1,-1,0,18,19,5,1,9,9,1,0,0,0,0,2,1,1,1,1,47,8,-1,-1,-1,-1,3,E01003265,1,1
2024471454501,2024,471454501,2,9,0,-1,7,5,7,-1,0,6,0,0,0,0,1,9,-1,6,2,-1,-1,-1,-1,-1,-1,-1,-1,0,-1
2024461524698,2024,461524698,2,98,0,-1,7,1,5,-1,0,4,0,0,0,0,1,1,-1,6,3,40,7,-1,-1,-1,-1,-1,-1,0,-1
2024041491603,2024,041491603,1,9,0,-1,19,7,3,-1,0,0,0,0,0,0,3,9,-1,6,3,-1,-1,-1,-1,-1,-1,-1,-1,0,-1
2024221490544,2024,221490544,2,9,0,-1,19,4,8,-1,0,8,0,0,0,0,1,1,-1,7,2,43,7,-1,-1,-1,-1,4,E01014149,0,2
2024201448177,2024,201448177,2,97,0,-1,15,7,3,-1,0,8,0,0,0,0,3,1,-1,6,1,19,4,-1,-1,-1,-1,1,E01009172,0,1
2024430238527,2024,430238527,2,9,0,2,2,5,1,0,0,1,0,0,0,0,2,1,2,2,2,38,7,-1,-1,-1,-1,10,E01028652,0,1
2024302400350,2024,302400350,2,1,0,16,19,5,7,0,0,3,0,0,0,0,3,1,6,6,1,73,10,-1,-1,-1,-1,7,E01019700,0,1
202454B422224,2024,54B422224,1,9,0,4,4,7,3,0,0,0,0,0,0,0,1,1,6,6,2,38,7,-1,-1,-1,-1,9,E01015525,0,1
2024421450734,2024,421450734,2,9,0,-1,4,5,1,-1,0,0,0,0,0,0,1,1,-1,9,1,59,9,-1,-1,-1,-1,3,E01021279,0,3
2024010549871,2024,010549871,2,19,0,99,99,9,9,99,99,9,9,99,9,99,1,9,6,6,3,-1,-1,-1,-1,-1,-1,-1,-1,0,-1
2024201455989,2024,201455989,2,9,0,-1,19,3,7,-1,0,0,0,0,0,0,2,1,-1,6,1,31,6,-1,-1,-1,-1,-1,-1,0,-1
2024010533540,2024,010533540,2,1,0,18,19,3,7,0,0,1,0,0,0,0,1,1,6,6,1,50,8,-1,-1,-1,-1,5,E01000586,0,1
2024010493097,2024,010493097,2,9,0,99,99,9,9,99,99,9,9,99,9,99,1,9,6,6,3,-1,-1,-1,-1,-1,-1,-1,-1,0,-1
2024991466680,2024,991466680,2,11,0,-1,19,3,7,-1,0,0,0,0,0,0,3,1,-1,1,1,66,10,-1,-1,-1,-1,7,-1,0,5
2024471469001,2024,471469001,2,9,0,-1,19,1,4,-1,0,1,0,0,0,0,-1,1,-1,6,3,-1,-1,-1,-1,-1,-1,-1,-1,0,-1
2024421481645,2024,421481645,2,9,0,-1,2,7,3,-1,0,2,0,0,0,0,2,1,-1,6,3,-1,-1,-1,-1,-1,-1,-1,-1,0,-1
2024010488830,2024,010488830,1,1,9,99,99,9,9,99,99,9,9,99,9,99,1,1,2,2,1,49,8,-1,-1,-1,-1,6,E01000921,0,1
2024201434795,2024,201434795,2,1,0,-1,19,7,3,-1,0,0,0,0,0,0,2,1,-1,2,1,32,6,-1,-1,-1,-1,4,E01009779,0,1
2024010509736,2024,010509736,1,1,9,99,99,9,9,99,99,9,9,99,9,99,1,1,6,6,1,35,6,-1,-1,-1,-1,2,E01004309,0,1
2024070877328,2024,070877328,1,9,0,-1,9,1,3,-1,9,8,0,0,0,1,1,1,-1,6,1,60,9,-1,-1,-1,-1,-1,-1,0,-1
2024131501159,2024,131501159,2,1,0,-1,19,3,7,-1,9,6,0,0,0,0,1,1,-1,9,1,45,7,-1,-1,-1,-1,1,E01011316,0,1
2024010551884,2024,010551884,2,9,0,99,99,9,9,99,99,9,9,99,9,99,1,9,6,6,3,-1,-1,-1,-1,-1,-1,6,E01035579,0,2
2024461499381,2024,461499381,1,17,1,-1,19,1,5,-1,0,0,0,0,0,0,1,9,-1,1,1,-1,-1,-1,-1,-1,-1,-1,-1,0,-1
2024430430780,2024,430430780,2,9,0,4,4,8,4,0,0,8,0,0,0,0,2,1,6,6,3,-1,-1,-1,-1,-1,-1,-1,-1,0,-1
2024101459920,2024,101459920,2,9,0,-1,19,5,1,-1,0,8,0,0,0,0,4,1,-1,9,1,38,7,-1,-1,-1,-1,7,E01035617,0,3
2024311474519,2024,311474519,1,9,0,-1,19,1,5,-1,0,0,0,0,0,0,0,9,-1,6,3,-1,-1,-1,-1,-1,-1,-1,-1,0,-1
2024141412452,2024,141412452,2,1,0,-1,19,5,1,-1,0,8,2,0,0,0,4,1,-1,6,1,-1,-1,-1,-1,-1,-1,-1,-1,0,-1
2024311449658,2024,311449658,2,9,0,-1,19,2,5,-1,0,4,0,0,0,0,1,1,-1,6,-1,-1,-1,-1,-1,-1,-1,-1,-1,0,-1
2024351567910,2024,351567910,3,21,0,-1,4,5,1,-1,0,0,0,0,0,0,2,1,-1,2,1,41,7,-1,-1,-1,-1,10,E01035351,0,5
2024161463926,2024,161463926,2,8,0,-1,19,6,2,-1,0,0,0,0,0,0,0,9,-1,1,1,-1,-1,-1,-1,-1,-1,-1,-1,0,-1
2024430016174,2024,430016174,1,9,0,18,19,8,4,0,0,1,0,0,0,0,2,1,6,6,1,53,8,-1,-1,-1,-1,10,E01032759,0,1
2024061410486,2024,061410486,1,9,-1,-1,-1,-1,-1,-1,-1,0,-1,-1,-1,0,-1,9,-1,6,3,-1,-1,-1,-1,-1,-1,-1,-1,0,-1
2024161444636,2024,161444636,2,1,0,-1,19,7,3,-1,0,0,0,0,0,0,1,1,-1,6,1,11,3,-1,-1,-1,-1,9,E01012954,0,1
2024010490008,2024,010490008,1,9,0,99,99,9,9,99,99,9,9,99,9,99,1,9,2,2,2,65,9,-1,-1,-1,-1,2,E01000087,0,1
2024991513686,2024,991513686,1,9,0,-1,19,4,8,-1,0,0,0,0,0,0,1,1,-1,6,1,57,9,-1,-1,-1,-1,1,-1,0,2
2024070432121,2024,070432121,2,1,0,10,10,1,5,0,0,8,0,0,0,0,2,1,6,6,1,40,7,-1,-1,-1,-1,9,E01018403,0,2
202460Q060805,2024,60Q060805,1,9,0,5,5,3,7,0,0,6,0,0,0,0,1,1,6,6,2,56,9,-1,-1,-1,-1,-1,-1,0,-1
2024302401079,2024,302401079,1,1,0,18,19,2,6,0,0,1,0,0,0,0,1,1,6,6,3,-1,-1,-1,-1,-1,-1,5,E01019456,0,4
2024010503983,2024,010503983,1,9,0,18,19,5,1,0,0,0,0,0,0,0,1,1,6,6,3,-1,-1,-1,-1,-1,-1,-1,-1,0,-1
2024471529885,2024,471529885,1,9,0,-1,19,1,5,-1,0,1,2,0,1,0,3,1,-1,9,2,18,4,-1,-1,-1,-1,7,E01021010,0,2
2024131458233,2024,131458233,1,90,0,-1,19,5,1,-1,0,8,0,0,0,0,1,1,-1,9,1,19,4,-1,-1,-1,-1,3,E01011822,0,1
2024471461329,2024,471461329,2,1,0,-1,19,1,5,-1,0,0,0,0,0,0,3,1,-1,9,1,59,9,-1,-1,-1,-1,10,E01031680,0,2
2024461517643,2024,461517643,2,1,0,-1,19,5,1,-1,0,2,0,0,0,0,1,1,-1,6,1,14,3,-1,-1,-1,-1,9,E01024849,0,1
2024471489964,2024,471489964,1,9,0,-1,19,8,2,-1,0,0,0,0,7,4,1,1,-1,1,1,60,9,-1,-1,-1,-1,3,E01017007,0,2
2024430220435,2024,430220435,1,9,0,3,3,4,8,0,0,1,0,0,0,0,2,1,6,6,1,58,9,-1,-1,-1,-1,7,E01016317,0,1
2024010487260,2024,010487260,2,9,0,99,99,9,9,99,99,9,9,99,9,99,1,9,6,6,3,30,6,-1,-1,-1,-1,4,E01004525,0,1
2024122400245,2024,122400245,2,1,0,18,19,8,4,4,4,0,0,0,0,0,2,1,1,1,2,52,8,-1,-1,-1,-1,10,E01027675,0,4
2024010492426,2024,010492426,1,9,0,4,4,7,3,0,0,2,0,0,0,0,1,1,6,6,3,-1,-1,-1,-1,-1,-1,-1,-1,0,-1
2024010490947,2024,010490947,2,9,0,5,5,5,1,0,0,1,0,0,0,0,1,1,1,1,1,64,9,-1,-1,-1,-1,10,E01004196,0,2
2024430610849,2024,430610849,2,9,0,18,19,-1,-1,0,0,0,0,99,9,99,4,1,6,6,2,50,8,-1,-1,-1,-1,-1,-1,0,-1
2024231478834,2024,231478834,2,8,0,-1,5,6,2,-1,0,6,0,10,1,0,4,1,-1,1,1,27,6,-1,-1,-1,-1,2,E01009014,0,4
2024010490137,2024,010490137,1,9,0,99,99,9,9,99,99,9,9,99,9,99,2,9,6,6,1,42,7,-1,-1,-1,-1,5,E01002492,0,3
2024010543178,2024,010543178,1,1,9,99,99,9,9,99,99,9,9,99,9,99,1,1,6,6,1,32,6,-1,-1,-1,-1,5,E01004441,0,2
2024010521507,2024,010521507,2,9,0,2,2,0,0,0,0,0,0,0,0,0,2,1,6,6,3,-1,-1,-1,-1,-1,-1,-1,-1,0,-1
2024141408702,2024,141408702,2,1,0,-1,19,8,5,-1,0,0,5,0,1,0,4,1,-1,6,1,21,5,-1,-1,-1,-1,7,E01007711,0,4
2024010496342,2024,010496342,1,11,0,15,15,5,1,2,2,1,0,0,0,0,1,1,1,1,1,35,6,-1,-1,-1,-1,2,E01002075,0,1
2024302400050,2024,302400050,1,4,0,18,19,2,4,0,0,1,0,0,0,0,1,1,6,6,1,34,6,-1,-1,-1,-1,4,E01013460,0,1
2024052401608,2024,052401608,1,1,0,7,7,2,6,0,0,1,0,0,0,0,1,1,6,6,1,19,4,-1,-1,-1,-1,5,E01006669,0,2
2024430484860,2024,430484860,1,9,0,18,19,4,8,0,0,0,0,0,0,0,1,1,6,6,3,-1,-1,-1,-1,-1,-1,-1,-1,0,-1
2024010540286,2024,010540286,2,3,0,99,99,9,9,99,99,9,9,99,9,99,1,1,6,6,3,-1,-1,-1,-1,-1,-1,-1,-1,0,-1
2024440464885,2024,440464885,2,9,0,5,5,0,6,8,6,2,0,0,0,0,1,1,6,6,1,-1,-1,-1,-1,-1,-1,-1,-1,0,-1
2024501470659,2024,501470659,2,-1,0,-1,19,4,2,-1,0,0,0,0,0,0,1,9,-1,9,2,10,2,-1,-1,-1,-1,6,E01034625,1,1
2024101512938,2024,101512938,1,9,0,-1,19,3,7,-1,0,0,0,0,0,0,1,1,-1,6,1,23,5,-1,-1,-1,-1,7,E01027554,0,3
2024141427767,2024,141427767,2,9,0,-1,2,0,0,-1,0,1,0,0,0,0,0,9,-1,6,-1,-1,-1,-1,-1,-1,-1,-1,-1,0,-1
2024201473478,2024,201473478,1,9,0,-1,19,5,1,-1,0,1,0,0,0,0,1,9,-1,6,1,54,8,-1,-1,-1,-1,6,E01010200,0,1
2024461456238,2024,461456238,1,9,0,-1,19,6,2,-1,0,0,0,0,0,0,3,2,-1,6,-1,-1,-1,-1,-1,-1,-1,-1,-1,0,-1
2024531471184,2024,531471184,1,-1,0,-1,19,7,3,-1,0,8,0,0,0,0,1,1,-1,6,1,28,6,-1,-1,-1,-1,9,E01022100,1,3
2024052402838,2024,052402838,1,19,0,18,19,3,7,0,0,1,0,0,0,0,1,1,6,6,3,-1,-1,-1,-1,-1,-1,-1,-1,0,-1
2024010539558,2024,010539558,1,9,0,18,19,1,5,0,0,0,0,0,0,0,1,1,6,6,3,-1,-1,-1,-1,-1,-1,-1,-1,0,-1
2024545412424,2024,545412424,1,9,0,5,5,5,1,0,0,0,0,0,0,0,1,1,6,6,2,44,7,-1,-1,-1,-1,8,E01032694,0,3
2024991431547,2024,991431547,1,9,0,-1,19,6,2,-1,0,0,1,0,7,4,1,1,-1,1,1,28,6,-1,-1,-1,-1,7,-1,0,4
2024131458189,2024,131458189,1,9,0,-1,-1,-1,-1,-1,-1,1,-1,-1,-1,0,-1,1,-1,6,3,-1,-1,-1,-1,-1,-1,-1,-1,0,-1
2024522402989,2024,522402989,1,9,0,18,19,1,5,0,0,1,0,0,0,0,1,1,6,6,3,-1,-1,-1,-1,-1,-1,-1,-1,0,-1
2024010487633,2024,010487633,2,9,0,3,3,3,7,0,0,1,0,0,0,0,2,1,6,6,1,51,8,-1,-1,-1,-1,7,E01004619,0,2
2024061469492,2024,061469492,2,1,0,-1,19,7,3,-1,4,8,0,0,0,0,2,1,-1,6,1,76,11,-1,-1,-1,-1,6,E01006166,0,1
2024351422776,2024,351422776,2,-1,0,-1,10,6,4,-1,0,8,0,0,0,0,1,1,-1,6,2,20,4,-1,-1,-1,-1,9,E01017998,1,1
2024501533880,2024,501533880,1,9,0,-1,19,6,2,-1,0,2,0,0,0,0,1,1,-1,2,2,24,5,-1,-1,-1,-1,4,E01018968,0,2
2024122401199,2024,122401199,2,1,0,13,13,2,8,0,0,4,0,0,0,0,1,1,6,6,1,41,7,-1,-1,-1,-1,8,E01034959,0,1
2024221488984,2024,221488984,2,1,0,-1,19,3,6,-1,0,8,0,0,0,0,1,1,-1,9,2,52,8,-1,-1,-1,-1,8,E01028917,0,1
2024430027490,2024,430027490,2,1,0,5,5,3,8,0,0,4,0,0,0,0,3,1,6,6,2,31,6,-1,-1,-1,-1,10,E01028563,0,1
2024010497341,2024,010497341,1,2,0,5,5,5,1,0,0,1,0,0,0,0,1,1,6,6,2,23,5,-1,-1,-1,-1,-1,-1,0,-1
2024361527187,2024,361527187,2,9,0,-1,4,6,2,-1,0,0,0,0,0,0,2,1,-1,9,1,73,10,-1,-1,-1,-1,8,E01034362,0,5
2024991529484,2024,991529484,1,9,0,-1,7,5,7,-1,0,2,0,0,0,0,3,1,-1,6,1,46,8,-1,-1,-1,-1,3,-1,0,1
2024070225773,2024,070225773,1,5,0,13,13,4,8,0,0,0,0,0,0,0,1,1,6,6,1,43,7,-1,-1,-1,-1,1,E01014212,0,3
2024061475325,2024,061475325,2,22,0,-1,19,3,6,-1,0,8,5,0,0,0,1,1,-1,9,2,49,8,-1,-1,-1,-1,1,E01006167,0,1
2024421488054,2024,421488054,2,9,0,-1,3,3,7,-1,0,4,0,0,0,0,2,1,-1,6,2,63,9,-1,-1,-1,-1,4,E01034370,0,3
2024101460881,2024,101460881,1,9,0,-1,19,2,6,-1,0,8,1,0,3,10,1,1,-1,6,1,22,5,-1,-1,-1,-1,2,E01027552,0,1
2024430268498,2024,430268498,1,9,0,18,19,3,7,0,0,1,0,0,0,0,1,1,6,6,1,39,7,-1,-1,-1,-1,8,E01035250,0,1
2024302400238,2024,302400238,2,9,0,3,3,6,2,0,0,1,0,0,0,0,2,1,6,6,2,23,5,-1,-1,-1,-1,3,E01019661,0,3
2024010519108,2024,010519108,2,1,0,17,19,3,7,0,0,1,0,0,0,0,1,1,6,6,1,11,3,-1,-1,-1,-1,6,E01001309,0,1
2024548099824,2024,548099824,2,9,0,4,4,3,7,0,0,1,0,0,0,0,3,1,6,6,1,30,6,-1,-1,-1,-1,4,E01032104,0,1
2024440452612,2024,440452612,2,1,0,18,19,3,7,3,2,0,0,0,0,0,4,1,6,6,2,16,4,-1,-1,-1,-1,5,E01022842,0,1
2024991531009,2024,991531009,2,19,0,-1,19,2,6,-1,0,0,0,0,0,0,1,9,-1,1,1,67,10,-1,-1,-1,-1,4,-1,0,3
2024991463805,2024,991463805,1,5,0,-1,13,7,3,-1,0,0,2,0,0,0,1,1,-1,9,1,29,6,-1,-1,-1,-1,2,-1,0,4
2024430321715,2024,430321715,1,9,0,17,19,6,2,0,0,0,0,0,0,0,3,1,6,6,2,50,8,-1,-1,-1,-1,9,E01017752,0,1
2024361456410,2024,361456410,1,9,0,-1,19,2,6,-1,0,0,0,0,1,0,4,1,-1,9,1,33,6,-1,-1,-1,-1,7,E01026427,0,4
2024131404720,2024,131404720,2,8,0,-1,4,-1,-1,-1,0,8,0,-1,-1,0,2,1,-1,6,3,-1,-1,-1,-1,-1,-1,-1,-1,0,-1