collision_index,collision_year,collision_ref_no,vehicle_reference,vehicle_type,towing_and_articulation,vehicle_manoeuvre_historic,vehicle_manoeuvre,vehicle_direction_from,vehicle_direction_to,vehicle_location_restricted_lane_historic,vehicle_location_restricted_lane,junction_location,skidding_and_overturning,hit_object_in_carriageway,vehicle_leaving_carriageway,hit_object_off_carriageway,first_point_of_impact,vehicle_left_hand_drive,journey_purpose_of_driver_historic,journey_purpose_of_driver,sex_of_driver,age_of_driver,age_band_of_driver,engine_capacity_cc,propulsion_code,age_of_vehicle,generic_make_model,driver_imd_decile,lsoa_of_driver,escooter_flag,driver_distance_banding
2024201425359,2024,201425359,1,9,0,-1,19,4,8,-1,0,8,0,0,0,0,1,9,-1,6,3,-1,-1,-1,-1,-1,-1,-1,-1,0,-1
2024010546319,2024,010546319,2,9,0,99,99,9,9,99,99,9,0,99,0,0,9,9,6,6,3,-1,-1,-1,-1,-1,-1,-1,-1,0,-1
2024211431242,2024,211431242,1,9,0,-1,19,8,4,-1,0,1,0,0,0,0,1,9,-1,6,2,46,8,-1,-1,-1,-1,8,E01029743,0,1
2024451401336,2024,451401336,1,9,0,-1,19,7,3,-1,0,1,0,0,0,0,1,1,-1,6,3,-1,-1,-1,-1,-1,-1,-1,-1,0,-1
2024471473925,2024,471473925,1,1,0,-1,19,7,3,-1,0,0,0,4,0,0,1,1,-1,6,1,75,10,-1,-1,-1,-1,7,E01031535,0,2
2024421453236,2024,421453236,2,21,1,-1,19,1,5,-1,0,0,0,0,0,0,3,1,-1,1,1,42,7,-1,-1,-1,-1,-1,-1,0,-1
2024991482489,2024,991482489,1,90,0,-1,19,6,2,-1,0,0,0,0,0,0,1,1,-1,1,1,46,8,-1,-1,-1,-1,9,E01025461,0,5
2024320654242,2024,320654242,2,1,0,-1,-1,6,2,0,0,8,0,0,0,0,3,1,6,6,1,54,8,-1,-1,-1,-1,1,E01026383,0,1
2024340WN4682,2024,340WN4682,1,9,0,-1,19,3,7,-1,0,0,0,0,0,0,1,1,-1,6,1,-1,-1,-1,-1,-1,-1,-1,-1,0,-1
2024070893886,2024,070893886,2,1,0,-1,19,5,1,-1,9,0,0,0,0,0,2,1,-1,9,1,10,2,-1,-1,-1,-1,1,E01012537,0,1
2024451521895,2024,451521895,2,9,0,-1,2,1,5,-1,0,0,0,0,0,0,1,1,-1,6,-1,-1,-1,-1,-1,-1,-1,-1,-1,0,-1
2024311458587,2024,311458587,1,9,0,-1,19,1,5,-1,0,0,1,0,7,4,1,1,-1,1,1,30,6,-1,-1,-1,-1,4,E01028211,0,2
2024440309864,2024,440309864,2,-1,0,18,19,3,7,0,0,0,0,0,0,0,2,1,6,6,1,34,6,-1,-1,-1,-1,2,E01017107,1,1
2024052400459,2024,052400459,1,9,0,1,1,5,1,0,0,0,0,0,0,0,2,1,6,6,2,52,8,-1,-1,-1,-1,2,E01006910,0,1
2024631456802,2024,631456802,3,9,0,-1,19,8,4,-1,0,0,0,0,0,0,1,1,-1,9,1,57,9,-1,-1,-1,-1,5,W01000650,0,3
2024010537995,2024,010537995,2,1,0,16,19,5,8,0,0,1,0,0,0,0,1,1,1,1,1,26,6,-1,-1,-1,-1,1,E01002081,0,1
2024440003491,2024,440003491,2,9,0,18,19,4,8,0,0,1,0,0,0,0,1,1,6,6,1,71,10,-1,-1,-1,-1,9,E01022991,0,2
2024010491295,2024,010491295,1,9,0,17,19,5,1,0,0,1,0,0,1,0,1,1,1,1,1,40,7,-1,-1,-1,-1,9,E01022136,0,5
2024211457754,2024,211457754,1,9,0,-1,4,5,1,-1,0,0,0,0,0,0,2,1,-1,1,1,58,9,-1,-1,-1,-1,9,E01031039,0,3
2024010517902,2024,010517902,2,3,0,99,99,9,9,99,99,9,9,99,9,99,9,9,6,6,3,-1,-1,-1,-1,-1,-1,-1,-1,0,-1
2024161402395,2024,161402395,1,1,0,-1,19,4,8,-1,4,0,0,4,0,0,1,1,-1,9,1,15,3,-1,-1,-1,-1,1,E01032595,0,1
2024351543015,2024,351543015,2,1,0,-1,19,7,3,-1,0,8,0,0,0,0,4,1,-1,6,1,55,8,-1,-1,-1,-1,2,E01015654,0,1
2024052401100,2024,052401100,2,1,0,18,19,1,5,0,0,0,0,0,0,0,2,1,6,6,1,47,8,-1,-1,-1,-1,2,E01006953,0,1
2024211426444,2024,211426444,1,9,0,-1,1,5,1,-1,0,0,0,0,0,0,2,9,-1,6,3,-1,-1,-1,-1,-1,-1,-1,-1,0,-1
2024371473928,2024,371473928,1,9,0,-1,19,1,5,-1,0,1,0,0,0,0,1,1,-1,9,1,36,7,-1,-1,-1,-1,-1,-1,0,-1
2024991416899,2024,991416899,2,9,0,-1,9,8,6,-1,0,5,0,0,0,0,2,1,-1,6,2,44,7,-1,-1,-1,-1,4,-1,0,1
2024622400780,2024,622400780,2,1,0,18,19,2,6,0,0,8,0,0,0,0,4,1,6,6,1,65,9,-1,-1,-1,-1,5,W01001068,0,1
2024421398595,2024,421398595,2,9,0,-1,19,4,8,-1,0,0,0,0,0,0,2,1,-1,6,1,67,10,-1,-1,-1,-1,4,E01021984,0,1
2024010502107,2024,010502107,1,9,0,7,7,5,7,0,0,6,0,0,0,0,1,1,6,6,1,24,5,-1,-1,-1,-1,5,E01002501,0,3
2024041526593,2024,041526593,2,9,0,-1,19,1,5,-1,0,0,0,0,0,0,1,1,-1,6,2,27,6,-1,-1,-1,-1,5,E01025395,0,1
2024231447575,2024,231447575,2,9,0,-1,19,5,2,-1,0,8,0,0,0,0,0,9,-1,6,-1,45,7,-1,-1,-1,-1,-1,-1,0,-1
2024351582939,2024,351582939,2,9,0,-1,3,3,8,-1,0,3,0,0,0,0,2,1,-1,6,1,45,7,-1,-1,-1,-1,6,E01034441,0,1
2024201458646,2024,201458646,3,9,0,-1,19,6,2,-1,0,0,0,0,0,0,1,9,-1,6,1,25,5,-1,-1,-1,-1,3,E01009089,0,1
2024010523620,2024,010523620,1,1,9,18,19,9,9,99,99,9,9,99,9,99,1,1,2,2,1,25,5,-1,-1,-1,-1,7,E01030949,0,4
2024070193153,2024,070193153,1,9,0,9,9,1,6,0,0,1,0,0,0,0,3,1,2,2,1,21,5,-1,-1,-1,-1,3,E01012505,0,1
2024552401357,2024,552401357,1,9,0,18,19,6,2,0,0,0,0,0,0,0,1,1,2,2,1,34,6,-1,-1,-1,-1,1,E01015288,0,1
2024520401093,2024,520401093,1,9,0,18,19,3,7,0,0,0,0,0,0,0,1,1,6,6,2,25,5,-1,-1,-1,-1,9,E01029024,0,3
2024010510898,2024,010510898,1,1,0,3,3,3,7,0,0,1,0,0,0,0,3,1,2,2,1,30,6,-1,-1,-1,-1,3,E01002729,0,1
2024010506382,2024,010506382,2,1,0,14,14,5,1,0,0,8,0,0,0,0,1,1,1,1,1,21,5,-1,-1,-1,-1,3,E01002806,0,1
2024991483875,2024,991483875,2,9,0,-1,2,0,0,-1,9,2,0,4,0,0,2,1,-1,6,-1,-1,-1,-1,-1,-1,-1,-1,-1,0,-1
2024010511137,2024,010511137,2,5,0,-1,-1,5,1,0,0,0,2,0,0,0,1,1,6,6,1,28,6,-1,-1,-1,-1,5,E01002759,0,1
2024451474473,2024,451474473,2,9,0,-1,19,1,1,-1,0,0,1,0,1,0,1,1,-1,6,1,55,8,-1,-1,-1,-1,5,E01030600,0,1
2024211422502,2024,211422502,1,9,0,-1,7,8,3,-1,0,2,0,0,0,0,4,9,-1,6,3,-1,-1,-1,-1,-1,-1,-1,-1,0,-1
2024991508783,2024,991508783,2,23,0,-1,19,1,5,-1,0,8,5,0,0,0,1,1,-1,9,1,31,6,-1,-1,-1,-1,2,-1,0,1
202454D287124,2024,54D287124,1,9,0,18,19,5,1,0,0,8,0,0,0,0,3,1,6,6,1,78,11,-1,-1,-1,-1,10,E01031966,0,2
2024471476460,2024,471476460,2,1,0,-1,19,8,7,-1,0,1,0,0,0,0,2,1,-1,6,2,-1,-1,-1,-1,-1,-1,4,E01016860,0,1
2024010492310,2024,010492310,1,8,0,7,7,7,1,0,0,1,0,0,1,11,1,1,1,1,1,39,7,-1,-1,-1,-1,4,E01001896,0,1
2024401502075,2024,401502075,2,1,-1,-1,-1,-1,-1,-1,-1,0,-1,-1,-1,0,-1,1,-1,6,2,21,5,-1,-1,-1,-1,4,E01017597,0,1
2024010501524,2024,010501524,2,1,0,18,19,7,3,4,4,8,0,0,0,0,3,1,1,1,1,19,4,-1,-1,-1,-1,5,E01004391,0,2
2024201425359,2024,201425359,2,9,0,-1,10,4,2,-1,0,8,0,0,0,0,2,1,-1,6,1,47,8,-1,-1,-1,-1,4,E01009235,0,1
2024010503637,2024,010503637,2,1,0,14,14,5,1,0,0,2,0,0,0,0,1,1,6,6,1,54,8,-1,-1,-1,-1,2,E01003174,0,2
2024010524301,2024,010524301,2,9,0,9,9,9,9,99,99,5,9,99,9,99,9,9,6,6,1,39,7,-1,-1,-1,-1,6,E01032780,0,1
2024111467938,2024,111467938,2,9,0,-1,19,1,4,-1,0,0,0,0,0,0,3,1,-1,6,3,30,6,-1,-1,-1,-1,-1,-1,0,-1
2024351465752,2024,351465752,2,9,0,-1,2,0,0,-1,0,0,0,0,0,0,1,1,-1,6,-1,-1,-1,-1,-1,-1,-1,-1,-1,0,-1
2024010529122,2024,010529122,1,9,0,18,19,5,1,0,0,1,0,0,0,0,1,1,6,6,3,-1,-1,-1,-1,-1,-1,-1,-1,0,-1
2024320612028,2024,320612028,1,9,0,-1,-1,6,2,0,0,4,0,0,0,0,1,1,-1,-1,1,23,5,-1,-1,-1,-1,4,E01026227,0,4
2024010513933,2024,010513933,1,9,0,99,99,9,9,0,0,1,0,0,0,0,3,9,2,2,1,55,8,-1,-1,-1,-1,3,E01034180,0,1
2024010522954,2024,010522954,2,9,0,99,99,9,9,99,99,9,9,99,9,99,9,9,6,6,3,-1,-1,-1,-1,-1,-1,-1,-1,0,-1
2024010489445,2024,010489445,2,9,0,99,99,9,9,99,99,6,9,99,9,99,0,9,6,6,3,-1,-1,-1,-1,-1,-1,-1,-1,0,-1
2024010494834,2024,010494834,1,1,9,99,99,9,9,99,99,9,9,99,9,99,1,1,6,6,1,44,7,-1,-1,-1,-1,9,E01030322,0,1
202460Q020304,2024,60Q020304,1,9,0,11,11,3,7,0,0,0,1,0,1,3,1,1,6,6,1,33,6,-1,-1,-1,-1,-1,-1,0,-1
2024010540452,2024,010540452,2,1,0,3,3,5,1,0,0,2,2,0,0,0,1,1,6,6,2,13,3,-1,-1,-1,-1,8,E01003796,0,1
2024430462814,2024,430462814,3,9,0,18,19,3,7,0,0,8,0,0,0,0,1,1,6,6,1,20,4,-1,-1,-1,-1,9,E01018882,0,5
2024430053204,2024,430053204,1,9,0,18,19,3,7,0,0,0,0,10,1,0,1,1,6,6,2,40,7,-1,-1,-1,-1,-1,-1,0,-1
2024461492739,2024,461492739,1,9,0,-1,19,3,7,-1,0,8,0,0,0,0,1,9,-1,6,3,-1,-1,-1,-1,-1,-1,-1,-1,0,-1
2024451459700,2024,451459700,1,1,0,-1,19,1,5,-1,0,0,0,0,1,4,1,1,-1,6,1,43,7,-1,-1,-1,-1,5,E01030787,0,3
2024471485488,2024,471485488,2,9,-1,-1,19,3,7,-1,0,0,0,0,0,0,4,9,-1,6,1,57,9,-1,-1,-1,-1,9,E01016985,0,1
2024122400968,2024,122400968,1,1,0,18,19,7,3,0,0,0,0,0,0,0,2,1,6,6,2,42,7,-1,-1,-1,-1,8,E01027566,0,1
2024522401354,2024,522401354,2,9,9,9,9,5,3,0,0,6,0,0,0,0,2,1,6,6,3,-1,-1,-1,-1,-1,-1,-1,-1,0,-1
2024522402832,2024,522402832,2,1,0,18,19,8,4,0,0,2,0,8,0,0,4,1,6,6,2,58,9,-1,-1,-1,-1,10,E01014716,0,1
2024320046925,2024,320046925,1,9,0,-1,-1,6,2,0,0,0,0,0,0,0,4,1,6,6,2,-1,-1,-1,-1,-1,-1,-1,-1,0,-1
2024010492138,2024,010492138,1,3,0,13,13,1,5,0,0,5,0,0,0,0,1,1,6,6,2,33,6,-1,-1,-1,-1,5,E01002619,0,1
2024451432703,2024,451432703,3,9,0,-1,3,5,1,-1,0,0,0,0,0,0,0,9,-1,6,3,55,8,-1,-1,-1,-1,-1,-1,0,-1
2024010494806,2024,010494806,2,4,0,9,9,7,5,0,0,0,0,10,0,0,0,1,2,2,1,55,8,-1,-1,-1,-1,3,E01000499,0,1
2024520002237,2024,520002237,2,9,0,18,19,5,7,0,0,4,0,0,0,0,9,1,6,6,3,-1,-1,-1,-1,-1,-1,-1,-1,0,-1
2024430424074,2024,430424074,1,1,0,18,19,6,2,0,0,1,0,0,0,0,1,1,6,6,1,12,3,-1,-1,-1,-1,6,E01016469,0,1
2024010551114,2024,010551114,2,9,0,99,99,9,9,99,99,9,9,99,9,99,9,9,6,6,3,49,8,-1,-1,-1,-1,4,E01034027,0,1
2024010517800,2024,010517800,2,1,0,5,5,1,5,0,0,1,0,0,0,0,1,1,2,2,2,31,6,-1,-1,-1,-1,2,E01033882,0,1
2024371449385,2024,371449385,2,21,0,-1,19,7,3,-1,0,1,0,0,0,0,2,1,-1,1,1,58,9,-1,-1,-1,-1,1,E01009585,0,5
2024430550475,2024,430550475,1,1,0,18,19,1,5,0,0,1,0,0,0,0,1,1,6,6,1,14,3,-1,-1,-1,-1,-1,-1,0,-1
2024231465281,2024,231465281,2,1,0,-1,19,8,6,-1,0,0,0,0,1,9,1,1,-1,9,2,54,8,-1,-1,-1,-1,8,E01031286,0,4
2024010529021,2024,010529021,2,1,0,13,13,1,5,0,0,0,0,0,0,0,1,1,6,6,1,27,6,-1,-1,-1,-1,5,E01002950,0,1
2024201521505,2024,201521505,1,9,0,-1,19,4,8,-1,0,2,0,4,0,0,9,9,-1,9,3,-1,-1,-1,-1,-1,-1,-1,-1,0,-1
2024052401413,2024,052401413,2,1,0,5,5,7,3,0,0,1,0,0,0,0,1,1,6,6,1,45,7,-1,-1,-1,-1,1,E01006646,0,1
2024231452516,2024,231452516,1,-1,0,-1,19,1,5,-1,9,6,0,0,0,0,3,1,-1,6,1,39,7,-1,-1,-1,-1,8,E01031192,1,1
2024010533023,2024,010533023,1,1,9,99,99,9,9,99,99,1,9,99,9,99,9,1,6,6,1,24,5,-1,-1,-1,-1,4,E01033942,0,2
2024041467055,2024,041467055,2,9,0,-1,19,7,7,-1,0,1,0,0,0,0,1,1,-1,2,1,52,8,-1,-1,-1,-1,1,E01025120,0,1
2024340WN2232,2024,340WN2232,2,1,0,-1,19,3,7,-1,0,8,0,0,0,0,3,1,-1,2,1,55,8,-1,-1,-1,-1,2,E01027156,0,1
2024411525917,2024,411525917,1,98,0,-1,19,1,6,-1,0,0,0,0,0,0,1,1,-1,2,1,26,6,-1,-1,-1,-1,5,E01021422,0,4
2024011471020,2024,011471020,3,1,0,-1,-1,5,1,-1,-1,8,0,0,0,0,2,1,-1,-1,1,63,9,-1,-1,-1,-1,5,E01002987,0,1
2024010516877,2024,010516877,1,1,9,18,19,9,9,99,99,0,9,99,9,99,0,1,2,2,1,39,7,-1,-1,-1,-1,5,E01000949,0,2
2024211499966,2024,211499966,2,9,0,-1,13,2,5,-1,0,0,0,0,0,0,3,1,-1,9,1,59,9,-1,-1,-1,-1,7,E01029517,0,3
2024161469718,2024,161469718,1,9,0,-1,19,2,6,-1,0,0,0,0,0,0,4,9,-1,6,2,24,5,-1,-1,-1,-1,-1,-1,0,-1
2024010518393,2024,010518393,1,1,9,99,99,9,9,99,99,0,9,99,9,99,9,1,6,6,1,24,5,-1,-1,-1,-1,3,E01000336,0,1
2024010493060,2024,010493060,1,11,0,5,5,7,3,0,0,0,0,0,0,0,4,1,1,1,1,40,7,-1,-1,-1,-1,3,E01004231,0,2
2024430415880,2024,430415880,2,1,0,18,19,2,6,0,0,1,0,0,0,0,1,1,6,6,1,30,6,-1,-1,-1,-1,8,E01017804,0,1
2024201515827,2024,201515827,1,19,0,-1,19,5,3,-1,0,2,0,0,0,0,1,1,-1,6,1,25,5,-1,-1,-1,-1,-1,-1,0,-1
2024010531784,2024,010531784,1,9,9,7,7,1,3,0,0,5,0,0,9,0,4,9,6,6,3,-1,-1,-1,-1,-1,-1,-1,-1,0,-1
2024520401176,2024,520401176,2,9,0,18,19,3,7,0,0,8,1,0,0,0,3,1,6,6,1,17,4,-1,-1,-1,-1,5,E01029066,0,1
2024320506784,2024,320506784,2,1,0,-1,-1,6,2,0,0,8,0,0,0,0,3,1,-1,-1,1,56,9,-1,-1,-1,-1,10,E01026324,0,1
2024010487723,2024,010487723,1,9,0,13,13,7,3,0,0,0,0,0,0,0,4,1,6,6,1,84,11,-1,-1,-1,-1,10,E01002920,0,2
2024340WN0602,2024,340WN0602,1,19,0,-1,19,1,5,-1,0,1,0,0,0,0,1,1,-1,6,3,-1,-1,-1,-1,-1,-1,-1,-1,0,-1
2024010542234,2024,010542234,2,1,0,18,19,1,5,0,0,1,5,8,1,0,1,1,1,1,1,34,6,-1,-1,-1,-1,8,E01032775,0,1
2024061410477,2024,061410477,1,9,-1,-1,19,-1,-1,-1,-1,0,0,0,0,0,-1,9,-1,6,3,-1,-1,-1,-1,-1,-1,-1,-1,0,-1
2024101458698,2024,101458698,1,9,0,-1,15,3,7,-1,0,8,0,0,0,0,3,9,-1,6,3,30,6,-1,-1,-1,-1,-1,-1,0,-1
2024631479139,2024,631479139,2,1,0,-1,19,8,4,-1,0,0,1,0,0,0,3,1,-1,6,1,34,6,-1,-1,-1,-1,2,E01002786,0,5
2024430608214,2024,430608214,1,5,0,18,19,8,4,0,0,1,1,0,7,0,1,1,6,6,1,24,5,-1,-1,-1,-1,10,E01028637,0,3
2024010526397,2024,010526397,2,1,0,18,19,5,1,0,0,1,0,0,0,0,1,1,6,6,1,26,6,-1,-1,-1,-1,6,E01034181,0,1
2024471493538,2024,471493538,1,9,0,-1,5,3,7,-1,0,8,0,0,0,0,3,1,-1,6,1,78,11,-1,-1,-1,-1,3,E01033328,0,1
2024440553270,2024,440553270,2,9,0,18,19,5,1,0,0,4,0,0,0,0,1,1,6,6,3,-1,-1,-1,-1,-1,-1,-1,-1,0,-1
2024010488160,2024,010488160,2,9,0,99,99,9,9,99,99,9,9,99,9,99,9,9,6,6,3,-1,-1,-1,-1,-1,-1,-1,-1,0,-1
2024461435023,2024,461435023,2,1,0,-1,19,7,3,-1,0,0,0,0,0,0,2,1,-1,6,1,37,7,-1,-1,-1,-1,5,E01035293,0,1
2024010519797,2024,010519797,2,1,0,18,19,7,3,0,0,8,0,0,0,0,1,1,2,2,2,39,7,-1,-1,-1,-1,5,E01002024,0,1
2024332401100,2024,332401100,2,9,0,-1,19,2,6,-1,0,8,0,0,0,0,1,1,-1,6,3,-1,-1,-1,-1,-1,-1,-1,-1,0,-1
2024622400233,2024,622400233,1,9,0,18,19,3,6,0,0,1,0,0,0,0,2,1,6,6,3,-1,-1,-1,-1,-1,-1,-1,-1,0,-1
2024340WN0562,2024,340WN0562,2,9,0,-1,19,1,5,-1,0,0,0,0,8,6,2,1,-1,9,2,48,8,-1,-1,-1,-1,10,E01013539,0,4
2024010495842,2024,010495842,1,3,0,99,99,9,9,99,99,9,9,99,9,99,1,1,1,1,1,41,7,-1,-1,-1,-1,8,E01004074,0,1
2024010517271,2024,010517271,2,9,0,99,99,9,9,99,99,9,9,99,9,99,9,9,6,6,3,-1,-1,-1,-1,-1,-1,-1,-1,0,-1
2024010544418,2024,010544418,2,1,9,99,99,9,9,4,4,1,9,99,9,99,1,1,6,6,1,-1,-1,-1,-1,-1,-1,2,E01000526,0,2
2024161417534,2024,161417534,1,97,0,-1,19,-1,-1,-1,0,2,0,4,0,0,1,1,-1,6,1,16,4,-1,-1,-1,-1,1,E01012854,0,1
2024201467764,2024,201467764,1,-1,0,-1,19,5,1,-1,0,4,0,0,0,0,2,1,-1,6,1,31,6,-1,-1,-1,-1,5,E01009283,1,2
2024401504390,2024,401504390,1,9,0,-1,7,-1,-1,-1,0,8,0,0,0,0,0,1,-1,6,3,-1,-1,-1,-1,-1,-1,-1,-1,0,-1
2024351548092,2024,351548092,1,9,0,-1,9,5,3,-1,0,0,0,0,0,0,1,1,-1,6,2,18,4,-1,-1,-1,-1,6,E01023663,0,3
2024361395331,2024,361395331,2,1,4,-1,19,-1,-1,-1,0,8,5,0,0,0,4,1,-1,9,1,59,9,-1,-1,-1,-1,1,E01033436,0,1
2024161474093,2024,161474093,1,9,0,-1,9,8,6,-1,0,1,0,0,0,0,4,1,-1,6,1,50,8,-1,-1,-1,-1,3,E01013198,0,1
2024201454028,2024,201454028,1,9,0,-1,19,8,4,-1,0,8,0,0,0,0,4,9,-1,6,3,-1,-1,-1,-1,-1,-1,-1,-1,0,-1
2024010547566,2024,010547566,2,9,0,99,99,9,9,99,99,9,9,99,9,99,1,9,6,6,3,-1,-1,-1,-1,-1,-1,-1,-1,0,-1
2024010489492,2024,010489492,1,1,0,18,19,5,1,5,5,0,0,0,0,0,1,1,2,2,2,37,7,-1,-1,-1,-1,10,E01016586,0,4
2024061532639,2024,061532639,1,9,-1,-1,9,3,1,-1,0,8,0,0,0,0,-1,9,-1,6,2,-1,-1,-1,-1,-1,-1,-1,-1,0,-1
2024221526374,2024,221526374,1,19,0,-1,1,7,3,-1,0,1,0,0,0,0,2,9,-1,6,3,44,7,-1,-1,-1,-1,-1,-1,0,-1
2024010506353,2024,010506353,2,9,9,5,5,9,9,99,99,0,9,99,9,99,4,9,6,6,2,-1,-1,-1,-1,-1,-1,-1,-1,0,-1
2024010495255,2024,010495255,1,9,0,18,19,5,1,9,9,1,0,0,7,2,1,1,2,2,1,71,10,-1,-1,-1,-1,1,E01033879,0,1
2024010491282,2024,010491282,1,9,0,99,99,9,9,99,99,9,9,99,9,99,9,9,6,6,1,79,11,-1,-1,-1,-1,5,E01000240,0,2
2024010506422,2024,010506422,2,1,0,5,5,7,3,0,0,0,0,0,0,0,0,1,6,6,1,29,6,-1,-1,-1,-1,2,E01001558,0,2
2024010543861,2024,010543861,2,1,0,18,19,5,1,0,0,4,0,4,3,0,1,1,6,6,1,19,4,-1,-1,-1,-1,4,E01001199,0,1
2024311427935,2024,311427935,1,9,0,-1,9,2,6,-1,0,8,0,0,0,0,4,1,-1,9,1,86,11,-1,-1,-1,-1,8,E01028018,0,1
2024010502396,2024,010502396,2,97,0,99,99,9,9,99,99,9,9,99,9,99,2,9,6,6,3,-1,-1,-1,-1,-1,-1,-1,-1,0,-1
2024552401099,2024,552401099,1,-1,0,18,19,8,4,9,9,0,0,0,0,0,1,1,6,6,3,-1,-1,-1,-1,-1,-1,-1,-1,1,-1
2024522401774,2024,522401774,2,1,0,18,19,4,1,0,0,8,0,0,0,0,1,1,6,6,1,67,10,-1,-1,-1,-1,10,E01014990,0,1
2024201489763,2024,201489763,1,97,0,-1,19,2,6,-1,0,8,0,0,0,0,4,1,-1,6,1,19,4,-1,-1,-1,-1,-1,-1,0,-1
2024010528261,2024,010528261,1,9,0,18,19,1,5,0,0,1,0,0,1,0,1,1,6,6,3,24,5,-1,-1,-1,-1,-1,-1,0,-1
2024501506514,2024,501506514,1,19,0,-1,19,2,6,-1,0,1,0,0,0,0,1,1,-1,6,3,-1,-1,-1,-1,-1,-1,-1,-1,0,-1
2024231473801,2024,231473801,2,1,0,-1,19,4,8,-1,0,8,0,0,0,0,1,1,-1,9,1,12,3,-1,-1,-1,-1,3,E01009589,0,1
2024340NN4742,2024,340NN4742,2,1,0,-1,19,5,1,-1,0,8,0,0,0,0,4,1,-1,2,1,41,7,-1,-1,-1,-1,6,E01027079,0,1
2024010490265,2024,010490265,1,19,0,9,9,1,7,0,0,1,0,0,0,0,1,1,6,6,1,39,7,-1,-1,-1,-1,3,E01001864,0,1
2024461396435,2024,461396435,2,1,0,-1,19,5,1,-1,0,1,0,0,0,0,3,1,-1,6,1,50,8,-1,-1,-1,-1,7,E01024360,0,2
2024461485287,2024,461485287,1,98,-1,-1,19,5,1,-1,0,0,0,0,0,0,1,9,-1,6,1,35,6,-1,-1,-1,-1,6,E01024022,0,1
2024010519699,2024,010519699,2,1,0,18,19,1,5,0,0,1,0,4,0,0,1,1,6,6,1,28,6,-1,-1,-1,-1,3,E01001722,0,1
2024440117518,2024,440117518,1,9,0,18,19,3,7,0,0,1,0,0,0,0,4,1,6,6,3,-1,-1,-1,-1,-1,-1,-1,-1,0,-1
2024010543101,2024,010543101,2,9,0,11,11,9,9,99,99,1,9,99,9,99,1,9,6,6,3,-1,-1,-1,-1,-1,-1,8,E01034049,0,5
2024041469615,2024,041469615,2,1,0,-1,19,1,5,-1,0,1,0,0,0,0,1,1,-1,9,1,39,7,-1,-1,-1,-1,9,E01004807,0,3
2024401455671,2024,401455671,6,9,-1,-1,-1,-1,-1,-1,-1,1,-1,-1,-1,0,-1,9,-1,6,3,-1,-1,-1,-1,-1,-1,-1,-1,0,-1
2024991421437,2024,991421437,2,90,0,-1,9,3,1,-1,0,0,0,0,0,0,1,1,-1,9,1,42,7,-1,-1,-1,-1,9,-1,0,2
2024211472351,2024,211472351,1,9,-1,-1,-1,-1,-1,-1,-1,-1,-1,-1,-1,0,-1,9,-1,6,3,-1,-1,-1,-1,-1,-1,-1,-1,0,-1
2024122400855,2024,122400855,1,9,0,13,13,3,7,0,0,0,0,0,7,7,1,1,1,1,2,44,7,-1,-1,-1,-1,4,E01025459,0,4
2024461399535,2024,461399535,1,9,0,-1,19,8,4,-1,0,0,0,0,0,0,1,9,-1,6,1,56,9,-1,-1,-1,-1,9,E01016081,0,1
2024061464677,2024,061464677,1,1,0,-1,19,8,4,-1,0,0,0,0,0,0,1,1,-1,6,1,40,7,-1,-1,-1,-1,5,E01005347,0,1
2024010495070,2024,010495070,2,9,0,11,11,3,7,0,0,0,1,0,0,0,1,1,6,6,1,31,6,-1,-1,-1,-1,5,E01002369,0,1
2024501470599,2024,501470599,1,1,0,-1,19,8,4,-1,9,0,0,0,0,0,0,1,-1,6,2,-1,-1,-1,-1,-1,-1,2,E01019995,0,1
2024052401895,2024,052401895,3,9,0,18,19,7,4,0,0,1,0,0,0,0,0,1,6,6,1,25,5,-1,-1,-1,-1,6,E01006927,0,1
2024451408505,2024,451408505,2,1,0,-1,19,1,4,-1,0,0,0,0,0,0,1,1,-1,9,1,56,9,-1,-1,-1,-1,9,E01030760,0,1
2024010522817,2024,010522817,2,1,0,18,19,1,5,0,0,1,0,0,0,0,3,1,6,6,1,17,4,-1,-1,-1,-1,2,E01001487,0,2
2024501412451,2024,501412451,2,1,0,-1,4,5,1,-1,0,0,0,0,0,0,1,1,-1,9,2,64,9,-1,-1,-1,-1,6,E01018985,0,2
2024461511424,2024,461511424,2,9,0,-1,4,5,1,-1,0,0,1,10,0,0,2,1,-1,1,1,42,7,-1,-1,-1,-1,5,E01024238,0,4
2024010539416,2024,010539416,1,1,9,99,99,9,9,99,99,0,9,0,0,0,1,1,6,6,1,-1,-1,-1,-1,-1,-1,-1,-1,0,-1
2024041530806,2024,041530806,1,11,0,-1,4,1,5,-1,-1,1,0,0,0,0,4,9,-1,6,3,-1,-1,-1,-1,-1,-1,-1,-1,0,-1
2024622500006,2024,622500006,2,9,0,17,19,4,8,0,0,0,0,0,0,0,2,1,6,6,2,32,6,-1,-1,-1,-1,2,W01001810,0,3
2024430371796,2024,430371796,1,11,0,13,13,1,5,0,0,0,0,0,0,0,4,1,1,1,1,62,9,-1,-1,-1,-1,-1,-1,0,-1
2024010535678,2024,010535678,2,1,0,18,19,8,4,0,0,4,0,0,0,0,1,1,2,2,1,41,7,-1,-1,-1,-1,10,E01000276,0,2
2024010522421,2024,010522421,3,1,0,18,19,5,1,4,4,1,0,0,0,0,1,1,6,6,1,55,8,-1,-1,-1,-1,-1,-1,0,-1
2024451430882,2024,451430882,1,1,0,-1,19,6,2,-1,0,0,0,0,0,0,1,1,-1,9,1,26,6,-1,-1,-1,-1,-1,-1,0,-1
2024201462768,2024,201462768,1,9,0,-1,19,1,5,-1,0,8,0,0,0,0,4,9,-1,6,1,-1,-1,-1,-1,-1,-1,-1,-1,0,-1
2024070923723,2024,070923723,1,1,0,-1,19,7,3,-1,9,1,0,10,0,0,1,1,-1,6,1,29,6,-1,-1,-1,-1,1,E01005063,0,3
2024141483769,2024,141483769,4,9,0,-1,2,0,0,-1,0,1,0,0,0,0,2,1,-1,6,-1,-1,-1,-1,-1,-1,-1,-1,-1,0,-1