collision_index,collision_year,collision_ref_no,vehicle_reference,vehicle_type,towing_and_articulation,vehicle_manoeuvre_historic,vehicle_manoeuvre,vehicle_direction_from,vehicle_direction_to,vehicle_location_restricted_lane_historic,vehicle_location_restricted_lane,junction_location,skidding_and_overturning,hit_object_in_carriageway,vehicle_leaving_carriageway,hit_object_off_carriageway,first_point_of_impact,vehicle_left_hand_drive,journey_purpose_of_driver_historic,journey_purpose_of_driver,sex_of_driver,age_of_driver,age_band_of_driver,engine_capacity_cc,propulsion_code,age_of_vehicle,generic_make_model,driver_imd_decile,lsoa_of_driver,escooter_flag,driver_distance_banding
2024501511543,2024,501511543,2,9,0,-1,2,0,0,-1,0,2,0,0,0,0,2,2,-1,6,-1,-1,-1,-1,-1,-1,-1,-1,-1,0,-1
2024071042538,2024,071042538,1,9,0,-1,9,7,3,-1,0,6,0,0,0,0,4,-1,-1,6,3,-1,-1,-1,-1,-1,-1,-1,-1,0,-1
2024010504236,2024,010504236,2,8,0,9,9,8,6,0,0,1,0,0,0,0,4,1,6,6,2,64,9,-1,-1,-1,-1,3,E01000955,0,1
2024461494474,2024,461494474,2,1,0,-1,19,1,5,-1,0,1,0,0,0,0,3,1,-1,9,1,13,3,-1,-1,-1,-1,1,E01024581,0,1
2024991398588,2024,991398588,2,9,0,-1,19,1,6,-1,0,0,0,0,0,0,1,1,-1,9,1,40,7,-1,-1,-1,-1,3,-1,0,5
2024991514415,2024,991514415,2,1,0,-1,19,7,3,-1,0,1,0,0,0,0,1,1,-1,6,1,19,4,-1,-1,-1,-1,9,-1,0,5
2024161491131,2024,161491131,1,22,0,-1,4,5,1,-1,9,8,0,0,0,0,1,1,-1,6,2,63,9,-1,-1,-1,-1,1,E01012928,0,1
2024010541799,2024,010541799,1,1,0,18,19,4,8,5,5,0,0,0,0,0,1,1,6,6,1,22,5,-1,-1,-1,-1,3,E01004443,0,1
2024071055804,2024,071055804,1,1,0,-1,19,5,1,-1,9,8,0,0,0,0,1,1,-1,7,1,15,3,-1,-1,-1,-1,2,E01018478,0,1
2024411526090,2024,411526090,2,19,0,-1,19,5,3,-1,0,0,0,0,0,0,1,1,-1,6,1,44,7,-1,-1,-1,-1,2,E01001977,0,4
2024010501611,2024,010501611,2,9,0,3,3,3,7,0,0,1,0,0,0,0,1,1,1,1,1,42,7,-1,-1,-1,-1,7,E01003270,0,3
2024161412482,2024,161412482,1,1,0,-1,19,1,5,-1,0,1,0,0,0,0,1,1,-1,6,1,22,5,-1,-1,-1,-1,7,E01032596,0,1
2024101535292,2024,101535292,1,-1,0,-1,19,3,7,-1,9,0,0,0,0,0,1,1,-1,6,1,30,6,-1,-1,-1,-1,-1,-1,1,-1
202417M203424,2024,17M203424,1,9,0,4,4,4,8,0,0,1,0,0,0,0,2,1,6,6,2,35,6,-1,-1,-1,-1,1,E01012015,0,1
2024010518107,2024,010518107,1,9,0,99,99,9,9,99,99,0,9,99,9,99,2,9,6,6,3,-1,-1,-1,-1,-1,-1,4,E01002645,0,1
2024041511587,2024,041511587,1,9,0,-1,19,-1,-1,-1,0,1,0,0,0,0,4,9,-1,6,3,-1,-1,-1,-1,-1,-1,-1,-1,0,-1
2024041448718,2024,041448718,1,98,0,-1,19,5,1,-1,0,1,0,0,0,0,3,1,-1,9,1,79,11,-1,-1,-1,-1,2,E01005580,0,1
2024991525427,2024,991525427,1,9,0,-1,7,2,5,-1,0,4,0,0,0,0,4,1,-1,2,2,44,7,-1,-1,-1,-1,1,-1,0,1
2024010512484,2024,010512484,2,1,9,99,99,9,9,99,99,9,9,8,9,99,1,1,6,6,2,-1,-1,-1,-1,-1,-1,-1,-1,0,-1
2024371403173,2024,371403173,1,9,0,-1,19,7,1,-1,0,1,0,0,0,0,1,1,-1,2,1,19,4,-1,-1,-1,-1,6,E01021980,0,4
2024311406291,2024,311406291,1,1,0,-1,19,4,8,-1,9,8,0,0,0,0,1,1,-1,1,1,-1,-1,-1,-1,-1,-1,-1,-1,0,-1
202460Q130012,2024,60Q130012,1,-1,0,18,19,4,8,9,9,0,0,0,0,0,1,-1,6,6,3,-1,-1,-1,-1,-1,-1,-1,-1,1,-1
2024101447897,2024,101447897,1,19,0,-1,19,5,1,-1,0,0,0,0,0,0,1,2,-1,1,1,45,7,-1,-1,-1,-1,-1,-1,0,-1
2024471452675,2024,471452675,2,1,0,-1,19,6,6,-1,9,1,0,0,0,0,1,1,-1,6,1,20,4,-1,-1,-1,-1,2,E01020922,0,1
2024340WN3512,2024,340WN3512,1,9,0,-1,12,7,3,-1,0,8,0,0,0,0,3,1,-1,6,2,-1,-1,-1,-1,-1,-1,-1,-1,0,-1
2024430161232,2024,430161232,6,19,0,4,4,5,1,0,0,0,0,0,0,0,2,1,6,6,1,26,6,-1,-1,-1,-1,1,E01032471,0,5
2024320550614,2024,320550614,1,9,0,14,14,4,8,0,0,0,0,0,0,0,1,1,-1,-1,2,22,5,-1,-1,-1,-1,10,E01026186,0,1
2024501409520,2024,501409520,2,1,0,-1,19,1,4,-1,0,8,0,0,0,0,4,1,-1,9,1,18,4,-1,-1,-1,-1,6,E01018824,0,1
2024411491822,2024,411491822,2,1,0,-1,19,-1,-1,-1,0,0,0,0,0,0,2,1,-1,9,1,23,5,-1,-1,-1,-1,6,E01023871,0,1
2024131527029,2024,131527029,2,1,0,-1,19,5,1,-1,0,0,0,0,0,0,1,1,-1,6,1,62,9,-1,-1,-1,-1,8,E01010577,0,3
2024520402324,2024,520402324,1,1,0,18,19,4,2,0,0,0,0,0,0,0,1,1,6,6,1,32,6,-1,-1,-1,-1,3,E01011986,0,5
2024041521971,2024,041521971,1,9,0,-1,19,1,5,-1,0,1,0,0,0,0,-1,9,-1,6,3,-1,-1,-1,-1,-1,-1,-1,-1,0,-1
2024340NN4052,2024,340NN4052,1,9,0,-1,19,3,7,-1,0,0,0,0,0,0,4,1,-1,6,3,-1,-1,-1,-1,-1,-1,-1,-1,0,-1
2024131489077,2024,131489077,2,1,0,-1,5,1,1,-1,0,8,0,0,0,0,3,1,-1,6,1,38,7,-1,-1,-1,-1,7,E01011051,0,2
2024631442923,2024,631442923,1,9,0,-1,19,2,5,-1,0,0,1,0,0,0,0,1,-1,9,1,59,9,-1,-1,-1,-1,7,E01029277,0,5
2024461467660,2024,461467660,1,9,-1,-1,7,1,3,-1,0,5,0,0,0,0,-1,9,-1,6,1,-1,-1,-1,-1,-1,-1,-1,-1,0,-1
2024041436384,2024,041436384,1,9,0,-1,19,1,5,-1,0,1,0,0,0,0,1,9,-1,6,3,-1,-1,-1,-1,-1,-1,-1,-1,0,-1
2024161466563,2024,161466563,2,11,0,-1,2,4,8,-1,0,1,0,0,0,0,0,9,-1,1,3,-1,-1,-1,-1,-1,-1,-1,-1,0,-1
2024010516223,2024,010516223,2,19,0,7,7,9,9,99,99,1,9,99,9,99,9,9,6,6,1,28,6,-1,-1,-1,-1,4,E01033729,0,3
2024010502892,2024,010502892,2,19,9,99,99,9,9,99,99,0,9,99,9,99,9,9,6,6,3,-1,-1,-1,-1,-1,-1,-1,-1,0,-1
2024201508237,2024,201508237,2,9,0,-1,9,2,6,-1,0,8,0,10,1,0,3,1,-1,6,1,35,6,-1,-1,-1,-1,6,E01009975,0,1
2024131480025,2024,131480025,1,9,0,-1,19,3,7,-1,0,0,0,0,0,0,1,1,-1,6,3,-1,-1,-1,-1,-1,-1,-1,-1,0,-1
2024131496008,2024,131496008,1,9,0,-1,19,1,5,-1,0,4,1,0,6,0,1,1,-1,2,2,54,8,-1,-1,-1,-1,2,E01011918,0,1
2024010487478,2024,010487478,1,9,0,99,99,9,9,99,99,9,9,99,9,99,3,9,1,1,1,50,8,-1,-1,-1,-1,2,E01001334,0,1
2024302400821,2024,302400821,2,1,0,18,19,4,1,0,0,8,0,0,0,0,2,1,6,6,2,13,3,-1,-1,-1,-1,6,E01019862,0,1
2024411487217,2024,411487217,2,19,0,-1,19,3,7,-1,0,0,0,0,0,0,1,1,-1,6,-1,-1,-1,-1,-1,-1,-1,-1,-1,0,-1
2024522500175,2024,522500175,1,8,0,6,6,1,1,0,0,8,0,0,0,0,9,1,1,1,1,-1,-1,-1,-1,-1,-1,-1,-1,0,-1
2024010523272,2024,010523272,2,19,0,7,7,9,9,99,99,9,9,99,9,99,9,9,6,6,3,-1,-1,-1,-1,-1,-1,-1,-1,0,-1
202460Q162400,2024,60Q162400,1,9,0,18,19,5,1,0,0,0,0,0,0,0,2,1,6,6,1,21,5,-1,-1,-1,-1,-1,-1,0,-1
2024010493456,2024,010493456,1,9,0,99,99,9,9,99,99,9,9,99,9,99,2,9,6,6,3,45,7,-1,-1,-1,-1,2,E01001576,0,3
2024010515403,2024,010515403,1,1,9,99,99,9,9,99,99,9,9,99,9,99,9,1,2,2,2,33,6,-1,-1,-1,-1,2,E01002100,0,2
2024522401468,2024,522401468,1,9,0,18,19,1,5,0,0,0,1,0,0,0,2,1,6,6,1,20,4,-1,-1,-1,-1,-1,-1,0,-1
2024010511534,2024,010511534,1,1,9,99,99,9,9,99,99,9,9,99,9,99,1,1,2,2,1,36,7,-1,-1,-1,-1,5,E01000567,0,1
2024141405366,2024,141405366,2,1,0,-1,5,3,7,-1,0,6,0,0,0,0,1,1,-1,6,1,13,3,-1,-1,-1,-1,2,E01007533,0,1
2024131431307,2024,131431307,3,9,0,-1,-1,-1,-1,-1,-1,0,-1,-1,-1,-1,-1,1,-1,6,3,-1,-1,-1,-1,-1,-1,-1,-1,0,-1
2024010521646,2024,010521646,2,9,0,99,99,9,9,99,99,9,9,99,9,99,1,9,6,6,3,-1,-1,-1,-1,-1,-1,-1,-1,0,-1
2024311509117,2024,311509117,1,9,0,-1,2,0,0,-1,0,0,0,0,0,0,1,1,-1,9,1,54,8,-1,-1,-1,-1,10,W01000327,0,5
2024010505357,2024,010505357,1,1,9,99,99,9,9,99,99,9,9,99,9,99,9,1,6,6,1,45,7,-1,-1,-1,-1,9,E01001377,0,1
2024461478993,2024,461478993,1,23,0,-1,19,3,7,-1,9,0,0,0,0,0,1,1,-1,6,3,30,6,-1,-1,-1,-1,-1,-1,0,-1
2024010529138,2024,010529138,2,2,0,18,19,4,8,9,9,2,0,7,1,1,1,1,6,6,1,15,3,-1,-1,-1,-1,1,E01004042,0,1
2024501445764,2024,501445764,2,9,0,-1,19,4,6,-1,0,0,0,0,0,0,3,1,-1,9,1,54,8,-1,-1,-1,-1,8,E01020170,0,4
2024552400430,2024,552400430,2,1,0,18,19,8,4,0,0,8,0,0,0,0,4,1,2,2,2,33,6,-1,-1,-1,-1,8,E01015314,0,1
2024320571500,2024,320571500,2,9,0,-1,-1,6,2,0,0,8,0,0,0,0,1,1,-1,-1,1,76,11,-1,-1,-1,-1,5,E01018080,0,4
2024421523440,2024,421523440,4,9,0,-1,2,0,0,-1,0,1,0,0,0,0,4,1,-1,6,-1,-1,-1,-1,-1,-1,-1,-1,-1,0,-1
2024161482045,2024,161482045,2,19,0,-1,19,7,3,-1,0,8,0,0,0,0,1,1,-1,9,1,38,7,-1,-1,-1,-1,7,E01013100,0,1
2024010490454,2024,010490454,2,9,0,99,99,9,9,99,99,6,9,99,9,99,9,9,6,6,1,36,7,-1,-1,-1,-1,5,E01000219,0,1
2024411493959,2024,411493959,3,90,-1,-1,-1,-1,-1,-1,-1,0,-1,-1,-1,0,-1,9,-1,6,3,-1,-1,-1,-1,-1,-1,-1,-1,0,-1
2024451414096,2024,451414096,3,9,0,-1,19,1,5,-1,0,0,0,0,0,0,1,9,-1,6,3,60,9,-1,-1,-1,-1,-1,-1,0,-1
2024010493832,2024,010493832,1,9,9,99,99,9,9,99,99,9,9,99,9,99,9,1,6,6,3,-1,-1,-1,-1,-1,-1,-1,-1,0,-1
2024461460240,2024,461460240,1,9,0,-1,19,5,1,-1,0,0,0,0,0,0,1,9,-1,6,2,38,7,-1,-1,-1,-1,9,E01016092,0,1
2024221523265,2024,221523265,2,1,0,-1,19,5,2,-1,0,8,0,0,0,0,4,1,-1,2,1,43,7,-1,-1,-1,-1,3,E01032277,0,1
2024522500310,2024,522500310,1,1,0,18,19,7,3,0,0,0,0,0,0,0,9,1,6,6,2,58,9,-1,-1,-1,-1,10,E01014710,0,1
2024111480384,2024,111480384,1,9,0,-1,9,8,2,-1,0,1,0,0,0,0,1,1,-1,1,1,26,6,-1,-1,-1,-1,2,E01020894,0,2
2024531472713,2024,531472713,2,1,0,-1,5,3,7,-1,0,6,5,0,0,0,2,1,-1,6,2,13,3,-1,-1,-1,-1,2,E01022332,0,1
2024481510857,2024,481510857,2,1,0,-1,19,3,7,-1,0,8,0,0,0,0,1,1,-1,2,1,27,6,-1,-1,-1,-1,-1,-1,0,-1
2024610049624,2024,610049624,1,4,0,13,13,8,4,0,0,0,1,0,0,0,1,1,1,1,1,29,6,-1,-1,-1,-1,6,W01001344,0,2
202454B697524,2024,54B697524,1,9,0,18,19,2,6,0,0,0,0,0,0,0,1,1,6,6,3,-1,-1,-1,-1,-1,-1,-1,-1,0,-1
2024461433320,2024,461433320,1,9,0,-1,9,8,6,-1,0,1,0,0,0,0,4,1,-1,9,2,94,11,-1,-1,-1,-1,8,E01024105,0,3
2024411533921,2024,411533921,1,9,-1,-1,-1,-1,-1,-1,-1,-1,-1,-1,-1,0,-1,9,-1,6,1,-1,-1,-1,-1,-1,-1,-1,-1,0,-1
2024070641964,2024,070641964,2,1,0,10,10,3,1,0,0,1,0,0,0,0,1,1,1,1,2,59,9,-1,-1,-1,-1,4,E01018622,0,1
2024430004310,2024,430004310,1,3,0,18,19,5,1,0,0,1,0,0,0,0,1,1,2,2,1,32,6,-1,-1,-1,-1,4,E01016448,0,1
2024531425593,2024,531425593,1,9,0,-1,19,3,7,-1,0,0,1,0,1,0,1,2,-1,9,1,19,4,-1,-1,-1,-1,7,E01022407,0,4
2024411488946,2024,411488946,2,9,0,-1,4,6,2,-1,0,0,0,0,0,0,1,1,-1,6,1,30,6,-1,-1,-1,-1,5,E01004348,0,4
2024010549864,2024,010549864,1,9,0,9,9,5,3,9,9,1,0,11,1,0,1,1,3,7,1,47,8,-1,-1,-1,-1,1,E01032569,0,1
2024052402816,2024,052402816,1,19,0,18,19,7,3,0,0,0,0,0,0,0,4,1,6,6,3,-1,-1,-1,-1,-1,-1,-1,-1,0,-1
2024131505598,2024,131505598,1,9,0,-1,-1,-1,-1,-1,-1,-1,-1,-1,-1,-1,-1,1,-1,6,3,-1,-1,-1,-1,-1,-1,-1,-1,0,-1
2024201508572,2024,201508572,1,9,0,-1,7,2,4,-1,0,1,1,0,0,0,2,1,-1,9,1,29,6,-1,-1,-1,-1,1,E01009379,0,1
2024131486841,2024,131486841,1,9,0,-1,19,1,5,-1,0,6,0,0,0,0,1,1,-1,9,2,40,7,-1,-1,-1,-1,8,E01011514,0,1
2024052401111,2024,052401111,1,9,0,1,1,1,5,0,0,0,0,0,0,0,2,1,6,6,3,-1,-1,-1,-1,-1,-1,-1,-1,0,-1
2024010537674,2024,010537674,1,9,9,99,99,9,9,99,99,9,9,99,9,99,9,9,6,6,3,-1,-1,-1,-1,-1,-1,-1,-1,0,-1
2024010488527,2024,010488527,2,1,0,18,19,3,7,0,0,1,0,0,0,0,3,1,2,2,2,38,7,-1,-1,-1,-1,6,E01002422,0,1
2024010493687,2024,010493687,1,8,0,1,1,9,9,99,99,0,9,99,9,99,2,9,6,6,3,-1,-1,-1,-1,-1,-1,-1,-1,0,-1
2024010491379,2024,010491379,1,9,0,99,99,9,9,99,99,9,9,99,9,99,9,1,6,6,1,27,6,-1,-1,-1,-1,4,E01001618,0,2
2024440484502,2024,440484502,1,1,0,18,19,2,6,0,0,0,0,0,1,9,1,1,6,6,1,11,3,-1,-1,-1,-1,10,E01023239,0,1
2024041529000,2024,041529000,1,23,0,-1,19,3,7,-1,0,6,1,0,1,0,1,1,-1,6,1,35,6,-1,-1,-1,-1,1,E01006861,0,4
2024501526207,2024,501526207,1,9,0,-1,9,3,1,-1,0,6,0,0,0,0,4,1,-1,9,2,83,11,-1,-1,-1,-1,-1,-1,0,-1
2024201462732,2024,201462732,1,9,0,-1,19,5,1,-1,0,0,0,0,0,0,1,1,-1,6,-1,-1,-1,-1,-1,-1,-1,-1,-1,0,-1
2024061532324,2024,061532324,2,9,0,-1,3,-1,-1,-1,0,0,0,0,0,0,1,1,-1,6,2,-1,-1,-1,-1,-1,-1,-1,-1,0,-1
2024010487254,2024,010487254,1,1,9,99,99,9,9,99,99,9,9,99,9,99,9,1,2,2,2,26,6,-1,-1,-1,-1,6,E01002670,0,1
2024131525245,2024,131525245,2,1,0,-1,19,5,1,-1,4,8,0,0,0,0,1,1,-1,6,1,58,9,-1,-1,-1,-1,-1,-1,0,-1
2024131470417,2024,131470417,1,9,0,-1,-1,-1,-1,-1,-1,0,-1,-1,-1,0,-1,1,-1,6,3,-1,-1,-1,-1,-1,-1,-1,-1,0,-1
2024401479099,2024,401479099,2,1,0,-1,19,1,5,-1,0,4,0,0,0,0,1,1,-1,6,1,57,9,-1,-1,-1,-1,8,E01034415,0,4
2024540263024,2024,540263024,1,9,0,14,14,4,8,0,0,0,0,0,0,0,4,1,6,6,3,-1,-1,-1,-1,-1,-1,-1,-1,0,-1
2024531442206,2024,531442206,2,1,0,-1,19,3,7,-1,0,1,0,0,0,0,1,1,-1,6,1,32,6,-1,-1,-1,-1,7,E01022127,0,1
2024221407270,2024,221407270,1,9,0,-1,19,1,5,-1,0,0,1,0,0,0,1,1,-1,1,1,62,9,-1,-1,-1,-1,4,E01032479,0,1
2024461410426,2024,461410426,2,9,0,-1,5,2,6,-1,0,3,5,0,0,0,4,9,-1,6,2,44,7,-1,-1,-1,-1,-1,-1,0,-1
2024631417585,2024,631417585,1,98,0,-1,19,7,3,-1,0,0,0,0,0,0,4,1,-1,6,1,51,8,-1,-1,-1,-1,3,W01000658,0,1
2024010494864,2024,010494864,1,11,0,4,4,5,1,2,2,1,0,0,0,0,0,1,6,6,1,52,8,-1,-1,-1,-1,2,E01001745,0,3
2024411416765,2024,411416765,1,97,-1,-1,-1,-1,-1,-1,-1,0,-1,-1,-1,0,1,1,-1,6,3,-1,-1,-1,-1,-1,-1,-1,-1,0,-1
2024141487801,2024,141487801,2,18,0,-1,19,3,7,-1,1,0,0,0,0,0,1,9,-1,1,1,60,9,-1,-1,-1,-1,3,E01008095,0,2
2024440308793,2024,440308793,1,9,0,9,9,7,1,0,0,1,0,0,0,0,3,1,1,1,1,59,9,-1,-1,-1,-1,2,E01017253,0,4
2024010495992,2024,010495992,1,1,0,18,19,1,5,0,0,0,0,0,0,0,1,1,1,1,1,22,5,-1,-1,-1,-1,8,E01003817,0,1
2024010539491,2024,010539491,1,1,0,18,19,1,5,4,4,1,5,0,0,0,1,1,2,2,1,43,7,-1,-1,-1,-1,2,E01033876,0,1
2024311460163,2024,311460163,2,9,0,-1,4,4,4,-1,0,1,0,0,0,0,2,1,-1,6,1,65,9,-1,-1,-1,-1,-1,-1,0,-1
2024010535107,2024,010535107,1,1,9,18,19,9,9,2,2,0,9,8,9,99,1,1,1,1,1,22,5,-1,-1,-1,-1,2,E01001875,0,2
2024010491881,2024,010491881,1,19,0,99,99,9,9,99,99,9,9,99,9,99,1,9,1,1,1,31,6,-1,-1,-1,-1,2,E01001559,0,2
2024131502576,2024,131502576,2,1,0,-1,19,7,3,-1,0,0,1,0,0,0,2,1,-1,6,2,14,3,-1,-1,-1,-1,3,E01010751,0,1
2024010511784,2024,010511784,1,1,9,99,99,9,9,99,99,9,9,99,9,99,9,1,2,2,2,23,5,-1,-1,-1,-1,8,E01004552,0,1
2024440094899,2024,440094899,2,1,0,18,19,4,8,0,0,0,0,0,0,0,4,1,2,2,1,14,3,-1,-1,-1,-1,10,E01023194,0,1
2024522500358,2024,522500358,1,9,0,18,19,3,7,0,0,0,0,4,0,0,1,1,6,6,1,30,6,-1,-1,-1,-1,8,E01014634,0,1
2024101516388,2024,101516388,1,97,0,-1,9,4,2,-1,0,8,5,0,0,0,1,1,-1,6,1,16,4,-1,-1,-1,-1,-1,-1,0,-1
2024010530159,2024,010530159,2,9,9,99,99,9,9,99,99,9,9,99,9,99,9,1,6,6,3,-1,-1,-1,-1,-1,-1,-1,-1,0,-1
2024010547175,2024,010547175,1,9,0,99,99,9,9,99,99,9,9,99,9,99,2,9,6,6,1,58,9,-1,-1,-1,-1,8,E01001918,0,1
2024131460137,2024,131460137,1,9,0,-1,19,1,7,-1,0,0,1,0,0,0,1,1,-1,9,1,36,7,-1,-1,-1,-1,1,E01011378,0,3
2024340WN9092,2024,340WN9092,2,9,0,-1,19,7,3,-1,0,2,0,0,0,0,1,1,-1,9,2,34,6,-1,-1,-1,-1,7,E01027282,0,1
2024221508176,2024,221508176,2,9,4,-1,2,0,0,-1,0,0,0,0,0,0,2,1,-1,6,-1,45,7,-1,-1,-1,-1,-1,-1,0,-1
2024141506381,2024,141506381,2,98,0,-1,19,3,7,-1,0,0,0,0,0,0,1,2,-1,6,1,64,9,-1,-1,-1,-1,-1,-1,0,-1
2024371409562,2024,371409562,2,1,0,-1,9,1,7,-1,0,8,5,0,0,0,2,1,-1,6,1,18,4,-1,-1,-1,-1,2,E01030024,0,1
2024041532176,2024,041532176,1,9,0,-1,4,3,7,-1,0,1,0,0,0,0,1,1,-1,6,2,29,6,-1,-1,-1,-1,10,E01025278,0,2
2024461498961,2024,461498961,1,1,0,-1,3,-1,-1,-1,9,0,0,0,0,0,1,1,-1,6,1,-1,-1,-1,-1,-1,-1,2,E01035297,0,1
2024520401091,2024,520401091,1,9,0,18,19,4,1,0,0,0,0,7,0,0,3,1,6,6,1,92,11,-1,-1,-1,-1,10,E01020062,0,3
2024361418583,2024,361418583,2,1,0,-1,19,3,7,-1,0,0,0,0,0,0,1,1,-1,1,1,32,6,-1,-1,-1,-1,2,E01026844,0,1
2024131531147,2024,131531147,1,9,0,-1,1,3,5,-1,0,8,0,0,0,0,-1,1,-1,6,3,-1,-1,-1,-1,-1,-1,-1,-1,0,-1
2024430453354,2024,430453354,2,1,0,18,19,6,2,0,0,0,0,0,0,0,2,1,6,6,1,14,3,-1,-1,-1,-1,-1,-1,0,-1
2024430073552,2024,430073552,2,9,0,18,19,5,1,0,0,8,0,0,0,0,3,1,6,6,1,51,8,-1,-1,-1,-1,10,E01017865,0,2
2024141432178,2024,141432178,1,9,0,-1,4,8,4,-1,0,1,0,0,0,0,1,1,-1,1,1,34,6,-1,-1,-1,-1,3,E01007761,0,2
2024010533269,2024,010533269,1,1,9,99,99,9,9,99,99,9,9,99,9,99,9,1,6,6,2,31,6,-1,-1,-1,-1,4,E01003277,0,1
2024361463646,2024,361463646,2,1,0,-1,19,5,1,-1,0,6,0,0,0,0,1,1,-1,9,1,6,2,-1,-1,-1,-1,1,E01026688,0,1
2024332400423,2024,332400423,2,9,0,-1,19,4,8,-1,0,1,0,0,0,0,1,1,-1,6,3,-1,-1,-1,-1,-1,-1,-1,-1,0,-1
2024211494302,2024,211494302,1,9,0,-1,19,1,5,-1,0,0,0,11,2,0,1,2,-1,6,1,20,4,-1,-1,-1,-1,3,E01010085,0,3
2024010504922,2024,010504922,2,1,0,7,7,5,7,0,0,1,1,0,0,0,4,1,6,6,1,20,4,-1,-1,-1,-1,3,E01034608,0,1
2024201494703,2024,201494703,1,9,0,-1,9,3,4,-1,0,5,0,0,0,0,1,9,-1,6,1,-1,-1,-1,-1,-1,-1,-1,-1,0,-1
2024010492683,2024,010492683,2,9,9,99,99,9,9,99,99,9,9,99,9,99,1,9,6,6,3,-1,-1,-1,-1,-1,-1,-1,-1,0,-1
2024101518104,2024,101518104,2,1,-1,-1,19,3,7,-1,4,1,0,0,0,0,3,1,-1,2,1,34,6,-1,-1,-1,-1,4,E01008274,0,2
2024010493239,2024,010493239,2,19,0,2,2,0,0,0,0,1,0,0,0,0,2,1,6,6,3,-1,-1,-1,-1,-1,-1,-1,-1,0,-1
2024302401712,2024,302401712,2,9,0,9,9,3,1,0,0,8,0,0,0,0,1,1,6,6,1,36,7,-1,-1,-1,-1,2,E01013512,0,1
2024010518349,2024,010518349,3,9,0,99,99,9,9,99,99,9,9,99,9,99,1,1,6,6,2,-1,-1,-1,-1,-1,-1,-1,-1,0,-1
2024010490579,2024,010490579,1,1,9,99,99,9,9,99,99,9,9,99,9,99,9,1,2,2,1,48,8,-1,-1,-1,-1,7,E01003419,0,1
2024161470609,2024,161470609,1,-1,0,-1,19,8,4,-1,9,1,0,0,0,0,0,9,-1,6,3,-1,-1,-1,-1,-1,-1,-1,-1,1,-1
2024631428503,2024,631428503,3,98,0,-1,20,0,0,-1,0,0,0,0,0,0,3,1,-1,6,-1,-1,-1,-1,-1,-1,-1,-1,-1,0,-1
2024201438370,2024,201438370,2,9,0,-1,12,2,6,-1,0,8,0,0,0,0,1,9,-1,6,2,25,5,-1,-1,-1,-1,10,E01010190,0,2
2024010534443,2024,010534443,1,1,0,18,19,5,1,0,0,8,0,0,0,0,4,1,2,2,1,25,5,-1,-1,-1,-1,8,E01003027,0,1
2024010538697,2024,010538697,1,1,0,18,19,1,5,2,2,9,0,99,9,0,9,1,2,2,2,22,5,-1,-1,-1,-1,2,E01002784,0,1
2024320598581,2024,320598581,1,19,0,-1,-1,6,2,0,0,1,0,0,0,0,1,1,6,6,3,-1,-1,-1,-1,-1,-1,-1,-1,0,-1
2024201499501,2024,201499501,5,9,0,-1,19,7,4,-1,0,0,0,0,0,0,0,1,-1,8,1,-1,-1,-1,-1,-1,-1,4,E01009234,0,2
2024161452169,2024,161452169,1,9,0,-1,5,5,1,-1,0,1,0,0,0,0,1,1,-1,9,2,74,10,-1,-1,-1,-1,8,E01013065,0,1
2024421428545,2024,421428545,2,11,0,-1,19,2,6,-1,0,1,0,0,0,0,3,1,-1,1,1,31,6,-1,-1,-1,-1,2,E01023339,0,4
2024010503752,2024,010503752,2,9,0,18,19,3,7,0,0,1,0,0,7,0,4,1,6,6,2,29,6,-1,-1,-1,-1,4,E01003230,0,1
2024461397539,2024,461397539,2,9,0,-1,2,0,0,-1,0,2,0,7,0,0,1,1,-1,2,2,44,7,-1,-1,-1,-1,4,E01024586,0,3
2024010545919,2024,010545919,1,1,9,99,99,9,9,99,99,0,9,99,9,99,2,1,2,2,1,30,6,-1,-1,-1,-1,3,E01003105,0,1
2024351460010,2024,351460010,2,8,0,-1,5,2,6,-1,0,8,0,0,0,0,-1,9,-1,1,3,-1,-1,-1,-1,-1,-1,-1,-1,0,-1
2024311418755,2024,311418755,2,9,0,-1,19,4,8,-1,0,2,0,0,0,0,1,9,-1,6,1,-1,-1,-1,-1,-1,-1,-1,-1,0,-1
2024991507039,2024,991507039,2,1,0,-1,9,7,3,-1,0,1,0,0,0,0,3,1,-1,6,1,66,10,-1,-1,-1,-1,-1,-1,0,-1
2024631448308,2024,631448308,1,5,0,-1,10,2,8,-1,0,8,0,0,0,0,3,1,-1,9,1,33,6,-1,-1,-1,-1,6,E01004925,0,5
2024010505392,2024,010505392,2,1,0,18,19,1,5,0,0,1,0,0,0,0,4,1,2,2,1,51,8,-1,-1,-1,-1,9,E01002575,0,1
2024061444219,2024,061444219,1,9,0,-1,10,-1,-1,-1,0,0,0,0,0,0,1,1,-1,6,3,-1,-1,-1,-1,-1,-1,-1,-1,0,-1
2024010491680,2024,010491680,2,1,0,18,19,7,3,0,0,1,1,0,0,0,1,1,6,6,1,25,5,-1,-1,-1,-1,8,E01002902,0,1
2024131462617,2024,131462617,1,90,0,-1,19,1,5,-1,0,0,0,0,0,0,3,1,-1,6,3,-1,-1,-1,-1,-1,-1,-1,-1,0,-1
2024371484907,2024,371484907,2,1,0,-1,19,5,1,-1,0,1,0,0,0,0,1,1,-1,2,1,32,6,-1,-1,-1,-1,1,E01029980,0,1
2024201580431,2024,201580431,3,1,0,-1,5,1,5,-1,0,1,0,0,0,0,1,1,-1,6,1,20,4,-1,-1,-1,-1,1,E01009215,0,1
2024010508083,2024,010508083,2,1,0,18,19,1,5,0,0,0,0,0,0,0,1,1,6,6,1,9,2,-1,-1,-1,-1,4,E01000402,0,1
2024351401686,2024,351401686,1,9,0,-1,19,7,3,-1,0,0,0,0,1,0,1,1,-1,6,1,54,8,-1,-1,-1,-1,-1,-1,0,-1
2024141500857,2024,141500857,1,1,0,-1,9,2,7,-1,0,8,5,0,0,0,4,1,-1,6,1,20,4,-1,-1,-1,-1,1,E01008057,0,1
2024461504252,2024,461504252,1,9,0,-1,19,4,2,-1,0,0,0,0,0,0,1,9,-1,6,3,-1,-1,-1,-1,-1,-1,-1,-1,0,-1