collision_index,collision_year,collision_ref_no,vehicle_reference,vehicle_type,towing_and_articulation,vehicle_manoeuvre_historic,vehicle_manoeuvre,vehicle_direction_from,vehicle_direction_to,vehicle_location_restricted_lane_historic,vehicle_location_restricted_lane,junction_location,skidding_and_overturning,hit_object_in_carriageway,vehicle_leaving_carriageway,hit_object_off_carriageway,first_point_of_impact,vehicle_left_hand_drive,journey_purpose_of_driver_historic,journey_purpose_of_driver,sex_of_driver,age_of_driver,age_band_of_driver,engine_capacity_cc,propulsion_code,age_of_vehicle,generic_make_model,driver_imd_decile,lsoa_of_driver,escooter_flag,driver_distance_banding
2024440474781,2024,440474781,2,9,0,18,19,6,2,0,0,8,0,0,0,0,1,1,6,6,2,34,6,-1,-1,-1,-1,-1,-1,0,-1
2024010491774,2024,010491774,2,9,0,99,99,9,9,99,99,9,9,99,9,99,9,9,6,6,3,-1,-1,-1,-1,-1,-1,-1,-1,0,-1
2024371410907,2024,371410907,2,9,0,-1,19,5,1,-1,0,1,0,0,0,0,0,1,-1,6,3,-1,-1,-1,-1,-1,-1,-1,-1,0,-1
2024161417946,2024,161417946,2,9,0,-1,9,7,3,-1,0,1,0,0,0,0,0,9,-1,6,2,35,6,-1,-1,-1,-1,-1,-1,0,-1
2024543036224,2024,543036224,3,8,0,18,19,5,1,0,0,0,0,0,1,0,1,1,6,6,1,36,7,-1,-1,-1,-1,5,E01029367,0,5
2024010521500,2024,010521500,1,1,9,99,99,9,9,99,99,9,9,99,9,99,9,1,2,2,2,34,6,-1,-1,-1,-1,3,E01035642,0,1
2024031436398,2024,031436398,1,9,4,-1,10,2,8,-1,0,0,0,0,0,0,3,1,-1,6,1,55,8,-1,-1,-1,-1,7,-1,0,4
2024010541094,2024,010541094,1,1,9,18,19,9,9,99,99,9,9,99,9,99,9,1,2,2,1,38,7,-1,-1,-1,-1,6,E01003948,0,3
2024531505629,2024,531505629,1,9,0,-1,6,1,5,-1,0,0,0,0,0,0,1,9,-1,6,3,-1,-1,-1,-1,-1,-1,-1,-1,0,-1
2024041410031,2024,041410031,2,1,0,-1,19,7,3,-1,0,8,0,0,0,0,4,1,-1,2,1,52,8,-1,-1,-1,-1,8,E01025540,0,1
2024351442559,2024,351442559,2,1,-1,-1,-1,-1,-1,-1,-1,-1,-1,-1,-1,0,-1,1,-1,6,1,-1,-1,-1,-1,-1,-1,2,E01015640,0,1
2024421408174,2024,421408174,2,90,0,-1,19,3,8,-1,0,0,0,0,0,0,4,1,-1,9,1,14,3,-1,-1,-1,-1,8,E01034363,0,1
2024371518908,2024,371518908,2,1,0,-1,19,-1,-1,-1,0,1,0,0,0,0,1,1,-1,7,1,17,4,-1,-1,-1,-1,9,E01030008,0,1
2024440335875,2024,440335875,1,9,0,18,19,4,8,0,0,1,0,0,0,0,3,1,2,2,1,38,7,-1,-1,-1,-1,10,E01022518,0,3
2024430510775,2024,430510775,1,9,0,7,7,7,3,0,0,6,0,0,0,0,1,1,6,6,3,-1,-1,-1,-1,-1,-1,-1,-1,0,-1
2024221507326,2024,221507326,2,1,0,-1,19,6,2,-1,0,8,0,0,0,0,4,1,-1,2,1,42,7,-1,-1,-1,-1,10,E01014102,0,1
2024010536115,2024,010536115,2,1,9,99,99,9,9,99,99,9,9,99,9,99,1,1,6,6,3,-1,-1,-1,-1,-1,-1,-1,-1,0,-1
2024520401342,2024,520401342,1,9,0,18,19,5,1,0,0,0,0,0,0,0,3,1,6,6,2,62,9,-1,-1,-1,-1,6,E01014439,0,1
2024131402231,2024,131402231,1,9,0,-1,19,8,4,-1,0,0,0,10,0,0,1,1,-1,9,2,33,6,-1,-1,-1,-1,9,E01011180,0,1
2024440183024,2024,440183024,1,1,0,18,19,3,7,0,0,8,0,0,0,0,4,1,6,6,1,43,7,-1,-1,-1,-1,1,E01017280,0,1
2024010495563,2024,010495563,1,9,0,99,99,9,9,99,99,9,9,99,9,99,1,9,6,6,3,-1,-1,-1,-1,-1,-1,-1,-1,0,-1
2024522500169,2024,522500169,1,9,0,12,12,8,4,0,0,0,0,0,0,0,1,1,6,6,1,30,6,-1,-1,-1,-1,1,E01014647,0,1
2024010494973,2024,010494973,2,9,0,99,99,9,9,99,99,9,9,99,9,99,9,9,6,6,3,-1,-1,-1,-1,-1,-1,-1,-1,0,-1
2024010494087,2024,010494087,1,3,0,99,99,9,9,99,99,9,9,99,9,99,9,1,1,1,3,29,6,-1,-1,-1,-1,4,E01004617,0,1
2024010511950,2024,010511950,1,97,0,18,19,8,4,0,0,2,0,0,0,0,1,1,6,6,3,-1,-1,-1,-1,-1,-1,-1,-1,0,-1
2024221431055,2024,221431055,2,9,0,-1,19,5,1,-1,0,8,0,0,0,0,1,1,-1,9,1,75,10,-1,-1,-1,-1,7,E01032191,0,2
2024340WN2192,2024,340WN2192,1,9,0,-1,19,7,3,-1,0,1,0,0,0,0,1,1,-1,6,1,-1,-1,-1,-1,-1,-1,-1,-1,0,-1
2024411431767,2024,411431767,1,1,0,-1,19,3,7,-1,0,8,0,0,0,0,1,1,-1,9,1,46,8,-1,-1,-1,-1,5,E01023324,0,1
2024010531490,2024,010531490,1,9,9,99,99,9,9,99,99,9,9,99,9,99,9,9,6,6,3,-1,-1,-1,-1,-1,-1,-1,-1,0,-1
2024440238899,2024,440238899,1,1,0,18,19,5,1,0,0,0,0,0,0,0,3,1,2,2,1,52,8,-1,-1,-1,-1,3,E01017299,0,2
2024311499881,2024,311499881,1,9,0,-1,9,5,2,-1,0,1,0,8,0,0,3,2,-1,6,2,42,7,-1,-1,-1,-1,1,E01013810,0,1
2024520401149,2024,520401149,2,9,0,18,19,2,4,0,0,3,0,0,0,0,3,1,6,6,1,28,6,-1,-1,-1,-1,9,E01029258,0,1
2024061426139,2024,061426139,2,1,0,-1,19,1,5,-1,0,8,0,0,0,0,1,1,-1,6,1,49,8,-1,-1,-1,-1,3,E01004939,0,2
2024010526257,2024,010526257,2,1,0,12,12,7,3,0,0,6,0,0,0,0,0,1,6,6,1,71,10,-1,-1,-1,-1,3,E01002105,0,2
2024401508076,2024,401508076,1,9,0,-1,19,-1,-1,-1,0,0,0,0,0,0,1,9,-1,6,3,-1,-1,-1,-1,-1,-1,-1,-1,0,-1
2024010550841,2024,010550841,3,90,0,2,2,0,0,0,0,2,0,0,0,0,3,1,6,6,3,-1,-1,-1,-1,-1,-1,-1,-1,0,-1
2024052400112,2024,052400112,1,1,0,7,7,5,1,0,0,8,1,0,0,0,1,1,6,6,1,45,7,-1,-1,-1,-1,3,E01025469,0,3
2024141534885,2024,141534885,1,9,0,-1,19,1,5,-1,0,1,0,0,0,0,1,1,-1,9,2,34,6,-1,-1,-1,-1,1,E01007790,0,1
2024010539989,2024,010539989,2,1,9,99,99,9,9,99,99,9,9,99,9,99,9,1,2,2,2,21,5,-1,-1,-1,-1,2,E01000501,0,1
2024010493167,2024,010493167,1,9,9,99,99,9,9,0,0,9,9,0,0,0,9,1,6,6,3,-1,-1,-1,-1,-1,-1,-1,-1,0,-1
2024010492325,2024,010492325,2,9,0,18,19,1,5,0,0,1,0,0,0,0,0,1,1,1,1,33,6,-1,-1,-1,-1,7,E01002514,0,2
2024031442905,2024,031442905,2,9,0,-1,19,1,5,-1,0,0,0,0,0,0,3,1,-1,1,1,32,6,-1,-1,-1,-1,5,W01001551,0,5
2024440478176,2024,440478176,1,9,0,18,19,1,5,0,0,0,0,0,0,0,1,1,6,6,3,-1,-1,-1,-1,-1,-1,-1,-1,0,-1
2024440204683,2024,440204683,1,-1,0,18,19,3,7,0,0,8,0,0,0,0,4,1,2,2,1,24,5,-1,-1,-1,-1,5,E01017158,1,1
2024101394292,2024,101394292,2,1,0,-1,19,8,5,-1,0,0,0,0,0,0,2,1,-1,2,1,64,9,-1,-1,-1,-1,1,E01008390,0,2
2024991493463,2024,991493463,1,9,0,-1,2,5,1,-1,0,0,0,0,0,0,3,1,-1,6,2,44,7,-1,-1,-1,-1,3,-1,0,1
2024161434147,2024,161434147,2,1,0,-1,19,3,7,-1,4,8,0,0,0,0,3,1,-1,6,1,26,6,-1,-1,-1,-1,1,E01012862,0,1
2024340NN9102,2024,340NN9102,1,9,0,-1,19,7,3,-1,0,0,0,0,0,0,1,1,-1,6,1,60,9,-1,-1,-1,-1,10,E01027333,0,2
2024421518007,2024,421518007,1,99,0,-1,-1,-1,-1,-1,-1,0,-1,-1,-1,0,-1,9,-1,6,3,-1,-1,-1,-1,-1,-1,-1,-1,0,-1
2024520401671,2024,520401671,2,5,0,18,19,8,4,0,0,0,1,0,0,0,1,1,6,6,1,35,6,-1,-1,-1,-1,4,E01035117,0,1
2024221438177,2024,221438177,1,21,1,-1,12,8,2,-1,0,7,0,0,0,0,3,9,-1,1,1,36,7,-1,-1,-1,-1,-1,-1,0,-1
2024052402478,2024,052402478,1,9,0,13,13,7,3,0,0,0,0,0,0,0,4,1,6,6,3,-1,-1,-1,-1,-1,-1,-1,-1,0,-1
2024411466756,2024,411466756,2,1,0,-1,19,3,7,-1,0,1,0,0,0,0,1,1,-1,9,1,14,3,-1,-1,-1,-1,6,E01023593,0,1
2024041408431,2024,041408431,1,9,0,-1,19,3,5,-1,0,0,0,0,0,0,1,1,-1,2,1,52,8,-1,-1,-1,-1,9,E01025569,0,1
2024440313485,2024,440313485,2,9,0,9,9,1,7,0,0,8,0,0,0,0,3,1,6,6,2,63,9,-1,-1,-1,-1,5,E01023140,0,1
2024010528954,2024,010528954,2,9,0,18,19,1,5,0,0,0,0,0,0,0,3,1,6,6,3,-1,-1,-1,-1,-1,-1,-1,-1,0,-1
2024010548937,2024,010548937,2,9,0,99,99,9,9,99,99,9,9,99,9,99,2,9,6,6,2,35,6,-1,-1,-1,-1,1,E01000782,0,1
2024221529880,2024,221529880,2,9,0,-1,19,8,4,-1,0,8,0,0,0,0,1,1,-1,6,3,26,6,-1,-1,-1,-1,-1,-1,0,-1
2024440365516,2024,440365516,2,9,0,18,19,6,2,0,0,4,0,0,0,0,3,1,6,6,3,-1,-1,-1,-1,-1,-1,-1,-1,0,-1
2024010521092,2024,010521092,1,9,0,99,99,9,9,99,99,9,9,99,9,99,9,9,6,6,3,-1,-1,-1,-1,-1,-1,-1,-1,0,-1
2024101472728,2024,101472728,1,9,0,-1,19,4,6,-1,0,8,0,0,0,0,3,1,-1,6,3,-1,-1,-1,-1,-1,-1,-1,-1,0,-1
2024991474533,2024,991474533,1,9,0,-1,19,4,7,-1,0,8,1,0,0,0,3,1,-1,9,1,69,10,-1,-1,-1,-1,5,-1,0,3
2024371515764,2024,371515764,1,9,0,-1,19,1,5,-1,0,0,0,0,0,0,1,1,-1,9,1,24,5,-1,-1,-1,-1,5,E01030189,0,2
2024430160032,2024,430160032,2,1,0,10,10,7,5,0,0,2,0,0,0,0,1,1,6,6,1,54,8,-1,-1,-1,-1,9,E01032950,0,1
2024991515882,2024,991515882,1,9,0,-1,5,6,3,-1,0,8,0,0,0,0,1,1,-1,2,1,28,6,-1,-1,-1,-1,8,-1,0,3
2024201525809,2024,201525809,2,9,0,-1,19,4,8,-1,0,8,0,0,0,0,1,1,-1,6,2,21,5,-1,-1,-1,-1,10,E01026004,0,4
2024340WN3062,2024,340WN3062,2,9,0,-1,19,1,5,-1,0,0,0,0,0,0,3,1,-1,2,1,56,9,-1,-1,-1,-1,10,E01025798,0,3
2024041489298,2024,041489298,2,1,0,-1,19,1,5,-1,0,1,5,0,0,0,0,1,-1,6,1,71,10,-1,-1,-1,-1,1,E01025290,0,1
2024610021324,2024,610021324,2,1,0,18,19,7,3,0,0,0,0,0,1,11,1,1,6,6,1,10,2,-1,-1,-1,-1,4,W01001523,0,1
2024010500067,2024,010500067,1,9,0,18,19,1,5,0,0,1,0,0,1,0,1,1,6,6,3,-1,-1,-1,-1,-1,-1,-1,-1,0,-1
2024010490813,2024,010490813,1,9,0,5,5,5,1,0,0,2,0,4,0,0,1,1,2,2,2,35,6,-1,-1,-1,-1,3,E01000152,0,2
2024522401622,2024,522401622,2,9,0,5,5,9,9,0,0,4,0,0,0,0,1,1,6,6,3,-1,-1,-1,-1,-1,-1,-1,-1,0,-1
2024010515452,2024,010515452,2,1,0,18,19,1,5,0,0,1,0,0,0,0,2,1,6,6,1,50,8,-1,-1,-1,-1,7,E01004583,0,1
2024010520748,2024,010520748,2,1,0,12,12,8,4,0,0,1,0,0,0,0,1,1,4,7,1,14,3,-1,-1,-1,-1,5,E01000554,0,1
2024010524094,2024,010524094,1,3,0,18,19,7,3,0,0,0,0,0,0,0,1,1,6,6,3,-1,-1,-1,-1,-1,-1,-1,-1,0,-1
2024501466366,2024,501466366,1,9,0,-1,4,4,2,-1,0,1,0,0,0,0,4,1,-1,6,3,-1,-1,-1,-1,-1,-1,-1,-1,0,-1
2024622500056,2024,622500056,1,1,0,7,7,4,7,0,0,3,0,0,0,0,2,1,2,2,1,-1,-1,-1,-1,-1,-1,3,W01001293,0,1
2024440226440,2024,440226440,2,1,0,9,9,2,8,0,0,2,0,0,0,0,3,1,6,6,1,59,9,-1,-1,-1,-1,5,E01022973,0,1
2024010513665,2024,010513665,1,9,0,9,9,5,3,0,0,1,0,0,0,0,1,1,6,6,3,-1,-1,-1,-1,-1,-1,-1,-1,0,-1
2024302401384,2024,302401384,2,9,0,10,10,3,1,0,0,8,0,0,0,0,2,1,6,6,2,55,8,-1,-1,-1,-1,8,E01019603,0,1
2024461447545,2024,461447545,1,90,0,-1,3,4,3,-1,0,1,0,0,1,0,1,9,-1,6,1,29,6,-1,-1,-1,-1,9,E01016145,0,4
2024010487605,2024,010487605,2,19,9,99,99,9,9,99,99,9,9,99,9,99,9,9,6,6,1,-1,-1,-1,-1,-1,-1,2,E01001485,0,2
2024201478605,2024,201478605,2,-1,0,-1,19,3,7,-1,0,6,0,0,0,0,4,1,-1,9,1,14,3,-1,-1,-1,-1,-1,-1,1,-1
2024161485079,2024,161485079,1,1,0,-1,19,8,4,-1,0,0,0,0,0,0,9,1,-1,6,1,15,3,-1,-1,-1,-1,1,E01013138,0,1
2024471476943,2024,471476943,1,9,0,-1,7,5,7,-1,0,8,0,0,0,0,1,1,-1,6,3,-1,-1,-1,-1,-1,-1,-1,-1,0,-1
2024401474233,2024,401474233,2,9,0,-1,4,5,1,-1,0,0,0,0,1,7,3,2,-1,6,1,69,10,-1,-1,-1,-1,-1,-1,0,-1
2024302400371,2024,302400371,3,9,0,4,4,8,4,0,0,0,0,0,0,0,2,1,6,6,2,38,7,-1,-1,-1,-1,8,E01019834,0,2
2024031457172,2024,031457172,3,9,4,-1,3,5,1,-1,0,1,0,0,0,0,3,1,-1,6,1,61,9,-1,-1,-1,-1,5,E01019386,0,1
2024010517337,2024,010517337,1,1,9,99,99,9,9,99,99,9,9,99,9,99,1,1,6,6,2,34,6,-1,-1,-1,-1,2,E01003174,0,1
2024061524484,2024,061524484,1,9,0,-1,9,7,5,-1,0,8,0,0,0,0,3,1,-1,9,2,40,7,-1,-1,-1,-1,6,E01018595,0,1
2024010488416,2024,010488416,1,11,9,99,99,9,9,99,99,9,9,99,9,99,1,1,6,6,3,56,9,-1,-1,-1,-1,6,E01003314,0,3
2024991507726,2024,991507726,2,1,0,-1,19,1,5,-1,5,2,0,0,0,0,1,1,-1,9,1,57,9,-1,-1,-1,-1,1,-1,0,2
2024211489712,2024,211489712,1,9,0,-1,13,1,1,-1,0,0,1,0,1,0,3,1,-1,9,1,38,7,-1,-1,-1,-1,-1,-1,0,-1
2024010520196,2024,010520196,2,9,9,99,99,9,9,99,99,9,9,99,9,99,9,1,6,6,3,-1,-1,-1,-1,-1,-1,-1,-1,0,-1
2024010505273,2024,010505273,2,19,0,99,99,9,9,99,99,9,9,99,9,99,9,9,6,6,1,37,7,-1,-1,-1,-1,7,E01023832,0,4
202460Q056473,2024,60Q056473,2,9,0,2,2,0,0,0,0,2,0,0,0,0,0,1,3,7,2,34,6,-1,-1,-1,-1,-1,-1,0,-1
2024520401086,2024,520401086,2,9,0,18,19,2,6,0,0,8,1,0,1,10,1,1,6,6,2,45,7,-1,-1,-1,-1,8,E01029209,0,3
2024010513780,2024,010513780,1,9,0,99,99,9,9,99,99,9,9,99,9,99,1,9,6,6,1,29,6,-1,-1,-1,-1,5,E01000468,0,1
2024010494554,2024,010494554,1,1,0,18,19,1,5,5,5,0,1,0,0,0,1,1,6,6,1,34,6,-1,-1,-1,-1,-1,-1,0,-1
2024010497296,2024,010497296,2,9,0,99,99,9,9,99,99,9,9,99,9,99,9,9,6,6,3,49,8,-1,-1,-1,-1,5,E01001928,0,1
2024991487175,2024,991487175,2,1,0,-1,19,5,1,-1,4,8,0,0,0,0,3,1,-1,2,1,49,8,-1,-1,-1,-1,-1,-1,0,-1
2024041432342,2024,041432342,1,98,0,-1,7,3,5,-1,0,0,0,0,0,0,1,1,-1,1,1,33,6,-1,-1,-1,-1,2,E01025503,0,2
2024201470324,2024,201470324,1,9,0,-1,19,2,6,-1,0,4,0,0,0,0,1,9,-1,2,2,26,6,-1,-1,-1,-1,9,E01027267,0,4
2024010502548,2024,010502548,2,1,0,7,7,5,8,0,0,6,0,0,0,0,4,1,6,6,1,35,6,-1,-1,-1,-1,3,E01004290,0,2
2024010494074,2024,010494074,2,1,9,99,99,9,9,99,99,9,9,99,9,99,1,1,6,6,3,-1,-1,-1,-1,-1,-1,-1,-1,0,-1
2024010518148,2024,010518148,2,1,0,18,19,7,3,0,0,1,0,0,0,0,1,1,6,6,1,40,7,-1,-1,-1,-1,3,E01001246,0,3
2024010507193,2024,010507193,2,1,0,18,19,8,4,4,4,8,0,0,0,0,1,1,6,6,1,24,5,-1,-1,-1,-1,5,E01004709,0,1
2024010491920,2024,010491920,1,9,0,18,19,7,3,0,0,1,0,11,0,0,1,9,6,6,2,43,7,-1,-1,-1,-1,5,E01001348,0,1
2024610006124,2024,610006124,1,9,0,7,7,5,7,0,0,2,0,0,0,0,1,1,6,6,1,45,7,-1,-1,-1,-1,9,W01001604,0,1
2024010494889,2024,010494889,2,19,0,99,99,9,9,99,99,6,9,99,9,99,1,9,6,6,1,37,7,-1,-1,-1,-1,7,E01021628,0,4
2024451497494,2024,451497494,2,1,0,-1,9,6,8,-1,0,8,5,0,0,0,4,1,-1,9,1,48,8,-1,-1,-1,-1,7,E01035492,0,4
2024161488371,2024,161488371,1,9,0,-1,19,1,5,-1,0,0,0,0,0,0,1,1,-1,6,1,-1,-1,-1,-1,-1,-1,-1,-1,0,-1
2024010495602,2024,010495602,1,8,0,18,19,7,3,0,0,8,0,0,0,0,4,1,1,1,1,47,8,-1,-1,-1,-1,2,E01004301,0,1
2024010522608,2024,010522608,2,5,0,11,11,5,1,0,0,1,2,0,1,10,4,1,6,6,1,24,5,-1,-1,-1,-1,4,E01003688,0,1
2024010529995,2024,010529995,1,9,0,99,99,9,9,99,99,9,9,99,9,99,2,1,6,6,3,-1,-1,-1,-1,-1,-1,-1,-1,0,-1
2024440152036,2024,440152036,1,3,0,5,5,2,6,0,0,8,0,0,0,0,0,1,6,6,1,59,9,-1,-1,-1,-1,2,E01017156,0,1
2024991454869,2024,991454869,2,1,0,-1,4,3,7,-1,0,1,0,0,0,0,2,1,-1,9,1,57,9,-1,-1,-1,-1,-1,-1,0,-1
2024221525413,2024,221525413,1,1,0,-1,19,7,3,-1,0,0,0,0,0,0,1,1,-1,7,1,11,3,-1,-1,-1,-1,3,E01032131,0,1
2024361485286,2024,361485286,2,9,4,-1,19,2,6,-1,0,0,0,0,0,0,3,1,-1,1,1,20,4,-1,-1,-1,-1,6,E01026757,0,3
2024520401314,2024,520401314,1,9,0,9,9,3,5,0,0,8,0,0,3,2,3,1,6,6,2,35,6,-1,-1,-1,-1,6,E01029120,0,1
2024161444319,2024,161444319,1,-1,0,-1,19,4,8,-1,0,1,2,0,0,0,1,9,-1,6,1,42,7,-1,-1,-1,-1,4,E01013019,1,1
2024531410191,2024,531410191,2,98,0,-1,4,5,1,-1,0,0,0,0,0,0,1,1,-1,1,1,43,7,-1,-1,-1,-1,5,E01014025,0,4
2024101437818,2024,101437818,2,1,0,-1,19,3,7,-1,0,0,5,0,1,0,3,1,-1,6,1,44,7,-1,-1,-1,-1,4,E01008855,0,1
2024201484511,2024,201484511,1,9,0,-1,19,6,2,-1,0,2,0,0,0,0,2,9,-1,6,3,-1,-1,-1,-1,-1,-1,-1,-1,0,-1
2024471479314,2024,471479314,2,1,0,-1,19,1,5,-1,0,8,0,0,0,0,1,1,-1,6,1,-1,-1,-1,-1,-1,-1,-1,-1,0,-1
2024302401028,2024,302401028,1,1,0,18,19,8,4,0,0,8,0,0,0,0,1,1,6,6,1,21,5,-1,-1,-1,-1,10,E01007957,0,3
2024421465613,2024,421465613,2,9,0,-1,19,4,8,-1,0,0,0,0,0,0,3,1,-1,1,1,29,6,-1,-1,-1,-1,5,E01021420,0,1
2024471416027,2024,471416027,24,19,0,-1,19,7,3,-1,0,0,1,0,0,0,1,1,-1,6,1,43,7,-1,-1,-1,-1,5,E01001179,0,4
2024010498367,2024,010498367,2,1,0,18,19,3,7,0,0,1,0,0,0,0,1,1,2,2,1,42,7,-1,-1,-1,-1,8,E01004653,0,2
2024131425050,2024,131425050,1,9,0,-1,19,3,7,-1,0,0,0,0,0,0,1,1,-1,7,2,82,11,-1,-1,-1,-1,10,E01010697,0,3
2024549516124,2024,549516124,2,1,0,18,19,6,4,0,0,1,0,0,0,0,1,1,6,6,1,16,4,-1,-1,-1,-1,8,E01035111,0,2
2024010510935,2024,010510935,2,9,0,9,9,1,7,0,0,1,0,0,0,0,1,1,1,1,1,27,6,-1,-1,-1,-1,2,E01000073,0,3
2024010503952,2024,010503952,2,1,0,9,9,5,2,0,0,5,0,0,0,0,4,1,6,6,1,34,6,-1,-1,-1,-1,4,E01001768,0,1
2024351395900,2024,351395900,2,1,0,-1,19,5,1,-1,0,8,0,0,0,0,1,1,-1,7,1,16,4,-1,-1,-1,-1,9,E01033173,0,1
2024440459406,2024,440459406,2,1,0,18,19,7,3,0,0,1,0,0,0,0,1,1,6,6,1,20,4,-1,-1,-1,-1,10,E01017745,0,4
2024141460789,2024,141460789,2,9,0,-1,19,5,1,-1,0,2,0,0,0,0,1,9,-1,6,1,-1,-1,-1,-1,-1,-1,-1,-1,0,-1
2024471507868,2024,471507868,2,1,0,-1,19,7,3,-1,0,1,0,0,0,0,3,1,-1,1,1,38,7,-1,-1,-1,-1,8,E01031701,0,1
2024991499013,2024,991499013,1,9,0,-1,19,4,8,-1,0,0,0,0,0,0,1,1,-1,9,2,49,8,-1,-1,-1,-1,6,-1,0,4
2024211481050,2024,211481050,2,1,0,-1,19,3,7,-1,9,0,5,0,0,0,2,1,-1,9,1,14,3,-1,-1,-1,-1,-1,-1,0,-1
2024320208963,2024,320208963,1,19,0,1,1,7,3,9,9,1,0,0,0,0,2,1,1,1,1,27,6,-1,-1,-1,-1,6,E01026047,0,1
2024361456453,2024,361456453,1,9,-1,-1,-1,-1,-1,-1,-1,-1,-1,-1,-1,0,-1,9,-1,6,3,-1,-1,-1,-1,-1,-1,-1,-1,0,-1
2024131489660,2024,131489660,1,9,0,-1,19,8,4,-1,0,8,0,0,0,0,1,1,-1,6,3,-1,-1,-1,-1,-1,-1,-1,-1,0,-1
2024052402875,2024,052402875,1,9,0,18,19,4,8,0,0,8,0,0,0,0,1,1,6,6,3,-1,-1,-1,-1,-1,-1,-1,-1,0,-1
2024010542441,2024,010542441,2,1,0,18,19,7,3,0,0,8,0,0,0,0,3,1,6,6,1,57,9,-1,-1,-1,-1,9,E01004730,0,1
2024101411859,2024,101411859,2,19,0,-1,19,3,7,-1,0,0,0,0,0,0,0,1,-1,1,1,58,9,-1,-1,-1,-1,3,E01033545,0,1
2024010527887,2024,010527887,2,1,0,18,19,3,7,0,0,7,0,0,0,0,1,1,6,6,1,19,4,-1,-1,-1,-1,6,E01003437,0,1
2024520500058,2024,520500058,1,9,0,18,19,1,5,0,0,0,0,0,0,0,2,1,6,6,1,42,7,-1,-1,-1,-1,5,E01019938,0,3
2024430155338,2024,430155338,2,19,0,12,12,3,7,0,0,0,0,0,0,0,2,1,6,6,3,-1,-1,-1,-1,-1,-1,-1,-1,0,-1
2024211535597,2024,211535597,2,1,0,-1,19,8,5,-1,0,4,0,0,0,0,2,1,-1,9,1,53,8,-1,-1,-1,-1,3,E01029602,0,1
2024311513382,2024,311513382,2,9,0,-1,19,1,5,-1,0,0,0,0,0,0,0,1,-1,9,1,68,10,-1,-1,-1,-1,-1,-1,0,-1
2024991402969,2024,991402969,1,1,0,-1,19,8,4,-1,0,0,0,0,0,0,1,1,-1,6,1,23,5,-1,-1,-1,-1,1,-1,0,4
2024010489250,2024,010489250,2,19,0,17,19,7,3,0,0,0,0,0,0,0,1,1,1,1,1,57,9,-1,-1,-1,-1,4,E01012820,0,5
2024401454789,2024,401454789,1,8,0,-1,-1,-1,-1,-1,-1,-1,-1,-1,-1,0,-1,9,-1,6,1,-1,-1,-1,-1,-1,-1,-1,-1,0,-1
2024010525720,2024,010525720,2,9,0,99,99,9,9,99,99,9,9,99,9,99,1,9,6,6,3,-1,-1,-1,-1,-1,-1,-1,-1,0,-1
2024451461897,2024,451461897,1,1,0,-1,7,2,5,-1,0,2,2,0,0,0,1,1,-1,9,1,57,9,-1,-1,-1,-1,9,E01030554,0,1
2024991535004,2024,991535004,1,1,0,-1,19,7,3,-1,5,2,0,0,0,0,1,1,-1,6,1,29,6,-1,-1,-1,-1,5,-1,0,1
2024201439978,2024,201439978,1,1,0,-1,19,7,3,-1,0,0,0,0,0,0,1,1,-1,6,1,40,7,-1,-1,-1,-1,-1,-1,0,-1
2024531496454,2024,531496454,1,9,0,-1,19,2,4,-1,0,1,0,0,0,0,1,1,-1,1,1,41,7,-1,-1,-1,-1,6,E01034777,0,3
2024520500144,2024,520500144,2,9,0,6,6,5,5,0,0,0,0,0,0,0,3,1,6,6,1,62,9,-1,-1,-1,-1,7,E01035112,0,1
2024010512144,2024,010512144,1,3,0,14,14,1,5,0,0,9,0,99,0,0,2,1,6,6,3,-1,-1,-1,-1,-1,-1,-1,-1,0,-1
2024430432239,2024,430432239,1,9,0,13,13,5,1,0,0,0,0,0,0,0,4,1,6,6,3,-1,-1,-1,-1,-1,-1,-1,-1,0,-1
2024010492346,2024,010492346,1,1,9,99,99,9,9,99,99,2,9,99,9,99,1,1,6,6,1,34,6,-1,-1,-1,-1,5,E01033884,0,1
2024610020124,2024,610020124,2,9,0,5,5,5,1,0,0,4,0,0,0,0,1,1,2,2,1,40,7,-1,-1,-1,-1,7,W01001507,0,1
2024010541128,2024,010541128,2,1,0,5,5,3,7,0,0,2,0,0,0,0,3,1,6,6,2,38,7,-1,-1,-1,-1,3,E01002502,0,1
2024201428391,2024,201428391,3,9,0,-1,19,1,5,-1,0,0,0,0,0,0,1,1,-1,9,2,30,6,-1,-1,-1,-1,2,E01010086,0,2
2024421429023,2024,421429023,1,9,0,-1,19,4,8,-1,0,2,0,0,0,0,3,9,-1,6,2,57,9,-1,-1,-1,-1,7,E01021510,0,1
2024010514695,2024,010514695,2,9,0,99,99,9,9,99,99,9,9,99,9,99,9,9,6,6,3,-1,-1,-1,-1,-1,-1,-1,-1,0,-1
2024531484394,2024,531484394,2,9,0,-1,3,7,3,-1,0,0,0,0,0,0,3,1,-1,9,2,35,6,-1,-1,-1,-1,8,E01034810,0,1
2024052400430,2024,052400430,2,9,0,9,9,1,7,0,0,1,0,0,0,0,3,1,6,6,1,79,11,-1,-1,-1,-1,5,E01006802,0,1
2024351530575,2024,351530575,1,9,-1,-1,-1,-1,-1,-1,-1,0,-1,-1,-1,0,-1,9,-1,6,3,-1,-1,-1,-1,-1,-1,-1,-1,0,-1
2024461526099,2024,461526099,2,1,0,-1,19,7,3,-1,0,0,0,0,0,0,1,1,-1,6,2,58,9,-1,-1,-1,-1,4,E01024111,0,1
2024010492574,2024,010492574,1,3,0,99,99,9,9,99,99,9,9,99,9,99,9,1,1,1,2,26,6,-1,-1,-1,-1,6,E01000779,0,3
2024061517862,2024,061517862,1,19,0,-1,4,-1,-1,-1,0,0,0,0,0,0,2,1,-1,7,2,55,8,-1,-1,-1,-1,1,E01005104,0,2
2024052402161,2024,052402161,1,9,0,18,19,8,4,0,0,1,0,0,0,0,1,1,6,6,3,-1,-1,-1,-1,-1,-1,-1,-1,0,-1
2024201505635,2024,201505635,1,9,0,-1,5,7,3,-1,0,6,0,0,0,0,1,1,-1,6,-1,-1,-1,-1,-1,-1,-1,-1,-1,0,-1