collision_index,collision_year,collision_ref_no,vehicle_reference,vehicle_type,towing_and_articulation,vehicle_manoeuvre_historic,vehicle_manoeuvre,vehicle_direction_from,vehicle_direction_to,vehicle_location_restricted_lane_historic,vehicle_location_restricted_lane,junction_location,skidding_and_overturning,hit_object_in_carriageway,vehicle_leaving_carriageway,hit_object_off_carriageway,first_point_of_impact,vehicle_left_hand_drive,journey_purpose_of_driver_historic,journey_purpose_of_driver,sex_of_driver,age_of_driver,age_band_of_driver,engine_capacity_cc,propulsion_code,age_of_vehicle,generic_make_model,driver_imd_decile,lsoa_of_driver,escooter_flag,driver_distance_banding
2024401501692,2024,401501692,2,1,0,-1,19,5,1,-1,0,0,0,0,0,0,0,1,-1,9,1,22,5,-1,-1,-1,-1,9,E01023565,0,4
2024520401369,2024,520401369,2,9,0,18,19,7,4,0,0,0,0,0,0,0,1,1,6,6,1,25,5,-1,-1,-1,-1,2,E01029109,0,1
2024522401483,2024,522401483,1,1,0,14,14,2,6,0,0,0,0,0,0,0,3,1,6,6,1,53,8,-1,-1,-1,-1,7,E01014677,0,1
2024010502741,2024,010502741,1,-1,0,18,19,4,8,0,0,1,0,0,0,0,1,1,6,6,1,19,4,-1,-1,-1,-1,3,E01004010,1,1
2024010489066,2024,010489066,2,9,0,99,99,9,9,99,99,9,9,99,9,99,2,9,6,6,3,-1,-1,-1,-1,-1,-1,-1,-1,0,-1
2024320606634,2024,320606634,1,9,0,-1,-1,4,8,0,0,2,5,0,0,3,1,1,6,6,1,18,4,-1,-1,-1,-1,3,E01026102,0,3
2024101471248,2024,101471248,2,1,0,-1,19,1,5,-1,0,-1,0,0,0,0,1,1,-1,6,1,26,6,-1,-1,-1,-1,1,E01008203,0,1
2024010527504,2024,010527504,2,1,0,18,19,7,3,0,0,0,0,0,0,0,3,1,6,6,1,43,7,-1,-1,-1,-1,-1,-1,0,-1
2024302401065,2024,302401065,1,9,0,17,19,3,8,0,0,0,0,0,0,0,1,1,6,6,3,-1,-1,-1,-1,-1,-1,5,E01019456,0,4
2024201488322,2024,201488322,2,9,0,-1,19,6,2,-1,0,2,0,0,0,0,0,1,-1,6,-1,17,4,-1,-1,-1,-1,-1,-1,0,-1
2024531496259,2024,531496259,2,1,0,-1,19,7,3,-1,0,8,0,0,0,0,1,1,-1,6,1,55,8,-1,-1,-1,-1,9,E01022129,0,2
2024010544859,2024,010544859,1,1,9,99,99,9,9,99,99,9,9,99,9,99,9,1,2,2,1,45,7,-1,-1,-1,-1,6,E01001033,0,1
2024010544564,2024,010544564,1,1,9,99,99,9,9,99,99,1,9,99,9,99,9,1,6,6,3,17,4,-1,-1,-1,-1,3,E01000640,0,2
2024010514552,2024,010514552,2,1,0,18,19,5,1,0,0,8,0,0,0,0,3,1,2,2,1,28,6,-1,-1,-1,-1,10,E01004087,0,1
2024302401685,2024,302401685,1,9,0,-1,5,7,3,-1,0,0,0,0,0,0,1,1,-1,9,2,39,7,-1,-1,-1,-1,6,E01019651,0,1
2024461576544,2024,461576544,1,98,1,-1,12,2,6,-1,0,0,0,0,0,0,3,2,-1,1,1,44,7,-1,-1,-1,-1,-1,-1,0,-1
2024201471158,2024,201471158,2,1,0,-1,19,5,1,-1,0,6,0,0,0,0,3,1,-1,2,1,30,6,-1,-1,-1,-1,2,E01033642,0,1
2024010491878,2024,010491878,1,9,0,99,99,9,9,99,99,9,9,99,9,99,1,9,6,6,2,43,7,-1,-1,-1,-1,6,E01002680,0,1
2024161410571,2024,161410571,2,9,0,-1,19,7,3,-1,0,0,0,0,0,0,1,9,-1,6,1,-1,-1,-1,-1,-1,-1,-1,-1,0,-1
2024052400590,2024,052400590,2,1,0,18,19,7,3,0,0,1,0,0,0,0,1,1,2,2,1,27,6,-1,-1,-1,-1,1,E01006691,0,1
2024131510138,2024,131510138,2,23,0,-1,14,5,1,-1,0,0,0,0,0,0,1,1,-1,1,1,21,5,-1,-1,-1,-1,1,E01010850,0,1
2024552400587,2024,552400587,1,99,0,1,1,1,5,0,0,0,0,0,0,0,2,1,6,6,3,-1,-1,-1,-1,-1,-1,-1,-1,0,-1
2024221409003,2024,221409003,2,1,0,-1,19,1,5,-1,0,6,0,0,0,0,1,1,-1,2,2,12,3,-1,-1,-1,-1,2,E01034331,0,1
2024311464455,2024,311464455,1,1,0,-1,5,2,5,-1,0,0,0,0,0,0,2,1,-1,6,1,12,3,-1,-1,-1,-1,4,E01028045,0,1
2024010539288,2024,010539288,1,1,9,18,19,9,9,99,99,1,9,99,9,99,1,1,2,2,2,50,8,-1,-1,-1,-1,3,E01003574,0,1
2024111487215,2024,111487215,1,9,0,-1,19,1,5,-1,0,0,0,0,0,0,0,9,-1,6,3,30,6,-1,-1,-1,-1,-1,-1,0,-1
2024052402481,2024,052402481,2,1,0,18,19,3,7,0,0,8,0,0,0,0,3,1,6,6,1,59,9,-1,-1,-1,-1,2,E01007181,0,1
2024031442713,2024,031442713,2,9,4,-1,19,7,4,-1,0,1,0,0,0,0,4,1,-1,2,1,34,6,-1,-1,-1,-1,1,E01019193,0,1
2024010534240,2024,010534240,1,1,0,18,19,7,3,0,0,1,0,0,7,0,1,1,1,1,1,18,4,-1,-1,-1,-1,3,E01034395,0,3
2024991514334,2024,991514334,1,9,0,-1,19,4,8,-1,0,0,2,0,8,0,1,1,-1,6,1,21,5,-1,-1,-1,-1,8,-1,0,2
2024302400617,2024,302400617,4,9,0,1,1,2,6,0,0,8,0,0,0,0,0,1,6,6,3,-1,-1,-1,-1,-1,-1,5,E01019456,0,4
2024122400323,2024,122400323,2,1,0,18,19,5,1,0,0,0,0,0,0,0,3,1,2,2,1,29,6,-1,-1,-1,-1,5,E01027892,0,2
2024430140928,2024,430140928,1,9,0,18,19,9,9,0,0,0,2,0,1,0,1,1,6,6,2,23,5,-1,-1,-1,-1,10,E01022892,0,2
2024211513175,2024,211513175,1,9,0,-1,19,1,5,-1,0,0,1,0,1,0,1,1,-1,6,1,22,5,-1,-1,-1,-1,6,E01029532,0,1
2024031507193,2024,031507193,1,9,0,-1,19,7,4,-1,0,1,1,0,1,11,1,1,-1,6,1,24,5,-1,-1,-1,-1,3,E01019099,0,3
2024622400255,2024,622400255,1,9,0,16,19,2,5,0,0,0,1,0,2,7,4,1,6,6,1,21,5,-1,-1,-1,-1,9,E01035229,0,4
2024010492116,2024,010492116,1,9,0,18,19,3,7,0,0,1,0,11,0,0,1,1,2,2,1,23,5,-1,-1,-1,-1,4,E01001252,0,2
2024010491677,2024,010491677,2,9,0,99,99,9,9,99,99,9,9,99,9,99,1,9,6,6,3,-1,-1,-1,-1,-1,-1,-1,-1,0,-1
2024451432420,2024,451432420,2,9,0,-1,19,3,7,-1,0,0,0,0,1,0,3,1,-1,1,1,32,6,-1,-1,-1,-1,6,E01030653,0,1
2024311524164,2024,311524164,2,9,0,-1,19,2,6,-1,0,4,0,0,0,0,1,9,-1,6,2,-1,-1,-1,-1,-1,-1,-1,-1,0,-1
2024531400432,2024,531400432,2,1,0,-1,19,7,3,-1,0,8,0,0,0,0,4,1,-1,9,1,55,8,-1,-1,-1,-1,10,E01022339,0,1
2024421511217,2024,421511217,1,9,0,-1,15,1,5,-1,0,0,0,0,0,0,0,9,-1,6,3,-1,-1,-1,-1,-1,-1,-1,-1,0,-1
2024421417627,2024,421417627,2,1,0,-1,15,1,5,-1,9,0,0,0,1,0,0,1,-1,2,2,48,8,-1,-1,-1,-1,3,E01022044,0,1
2024201527884,2024,201527884,1,9,0,-1,19,1,5,-1,0,0,1,7,1,0,1,1,-1,2,1,19,4,-1,-1,-1,-1,2,E01009747,0,1
2024401449527,2024,401449527,2,9,0,-1,19,5,1,-1,0,1,0,0,0,0,1,1,-1,2,1,26,6,-1,-1,-1,-1,6,E01035553,0,4
2024991488376,2024,991488376,1,97,0,-1,19,7,3,-1,0,4,0,0,0,0,0,1,-1,9,1,66,10,-1,-1,-1,-1,-1,-1,0,-1
2024430287925,2024,430287925,2,11,0,3,3,7,3,0,0,0,0,0,0,0,0,1,1,1,3,-1,-1,-1,-1,-1,-1,-1,-1,0,-1
2024302400775,2024,302400775,3,5,0,13,13,5,1,0,0,1,0,0,0,0,4,1,6,6,1,52,8,-1,-1,-1,-1,6,W01000162,0,5
2024991492921,2024,991492921,2,98,0,-1,9,3,7,-1,0,0,0,0,0,0,1,1,-1,1,1,24,5,-1,-1,-1,-1,4,-1,0,2
2024440162765,2024,440162765,1,1,0,18,19,3,7,0,0,2,0,4,0,0,1,1,6,6,1,50,8,-1,-1,-1,-1,2,E01017119,0,1
2024552400483,2024,552400483,1,9,0,18,19,1,5,0,0,4,0,0,0,0,1,1,6,6,1,87,11,-1,-1,-1,-1,10,E01015452,0,1
2024991407746,2024,991407746,1,1,0,-1,19,3,7,-1,0,0,0,0,0,0,4,1,-1,9,1,20,4,-1,-1,-1,-1,2,-1,0,1
2024361568679,2024,361568679,1,1,0,-1,19,3,7,-1,0,0,0,0,0,0,0,1,-1,6,1,38,7,-1,-1,-1,-1,1,E01026626,0,1
2024201528785,2024,201528785,1,9,0,-1,4,7,3,-1,0,4,0,0,0,0,1,1,-1,1,1,54,8,-1,-1,-1,-1,3,E01017054,0,5
2024440459325,2024,440459325,1,9,0,18,19,1,5,0,0,4,0,0,0,0,1,1,6,6,3,-1,-1,-1,-1,-1,-1,-1,-1,0,-1
2024340NN4182,2024,340NN4182,1,9,0,-1,4,1,5,-1,0,0,0,0,0,0,1,1,-1,9,1,57,9,-1,-1,-1,-1,10,E01027324,0,1
2024332400717,2024,332400717,4,9,0,-1,2,0,0,-1,0,0,0,0,0,0,0,1,-1,6,3,-1,-1,-1,-1,-1,-1,-1,-1,0,-1
2024461445306,2024,461445306,1,1,0,-1,19,3,7,-1,9,1,0,0,0,0,1,1,-1,2,-1,45,7,-1,-1,-1,-1,3,E01035313,0,3
2024461405280,2024,461405280,5,9,0,-1,3,2,6,-1,0,0,0,0,0,0,2,1,-1,1,1,31,6,-1,-1,-1,-1,5,E01003148,0,4
2024010536602,2024,010536602,1,1,9,99,99,9,9,99,99,9,9,99,9,99,1,1,2,2,1,49,8,-1,-1,-1,-1,5,E01003247,0,1
2024401432922,2024,401432922,2,1,-1,-1,-1,-1,-1,-1,-1,-1,-1,-1,-1,0,-1,1,-1,9,2,50,8,-1,-1,-1,-1,8,E01017467,0,1
2024010546407,2024,010546407,1,97,9,99,99,9,9,0,0,9,9,0,0,0,1,1,6,6,3,-1,-1,-1,-1,-1,-1,-1,-1,0,-1
2024481472433,2024,481472433,1,9,0,-1,19,3,7,-1,0,8,0,0,0,0,1,1,-1,6,1,77,11,-1,-1,-1,-1,-1,-1,0,-1
2024421461460,2024,421461460,2,-1,0,-1,19,7,3,-1,5,0,0,0,0,0,1,1,-1,9,1,15,3,-1,-1,-1,-1,-1,-1,1,-1
2024010492026,2024,010492026,1,1,9,99,99,9,9,99,99,1,9,99,9,99,1,1,6,6,1,31,6,-1,-1,-1,-1,5,E01003029,0,1
2024221521206,2024,221521206,1,20,0,-1,9,7,6,-1,0,6,0,0,0,0,1,9,-1,1,1,60,9,-1,-1,-1,-1,8,E01022451,0,1
2024041487800,2024,041487800,2,1,0,-1,19,3,7,-1,0,1,0,0,0,0,1,1,-1,9,1,36,7,-1,-1,-1,-1,6,E01008104,0,4
2024520401342,2024,520401342,2,17,4,18,19,1,5,0,0,0,0,0,0,0,2,1,6,6,1,34,6,-1,-1,-1,-1,6,E01020547,0,4
202454E684524,2024,54E684524,1,9,0,18,19,1,5,0,0,1,0,0,0,0,1,1,6,6,2,-1,-1,-1,-1,-1,-1,-1,-1,0,-1
2024461523104,2024,461523104,2,1,0,-1,19,5,1,-1,9,1,1,0,0,0,1,1,-1,6,1,32,6,-1,-1,-1,-1,3,E01024166,0,1
2024361503810,2024,361503810,1,9,0,-1,19,1,5,-1,0,0,0,0,0,0,1,1,-1,6,2,69,10,-1,-1,-1,-1,4,E01030263,0,2
2024061470119,2024,061470119,1,9,0,-1,19,4,8,-1,0,1,0,0,0,0,1,9,-1,6,3,-1,-1,-1,-1,-1,-1,-1,-1,0,-1
2024010542422,2024,010542422,1,9,0,99,99,9,9,99,99,9,9,99,9,99,2,9,6,6,2,57,9,-1,-1,-1,-1,3,E01003550,0,2
2024471453136,2024,471453136,1,9,0,-1,19,8,4,-1,0,0,0,0,0,0,1,1,-1,9,1,26,6,-1,-1,-1,-1,10,E01021162,0,2
2024010537091,2024,010537091,2,9,0,9,9,3,1,0,0,8,0,0,0,0,0,1,6,6,3,-1,-1,-1,-1,-1,-1,-1,-1,0,-1
2024010487696,2024,010487696,2,8,0,99,99,9,9,99,99,9,9,99,9,99,9,9,6,6,3,-1,-1,-1,-1,-1,-1,-1,-1,0,-1
2024131532239,2024,131532239,2,9,0,-1,19,1,5,-1,0,0,0,0,0,0,4,1,-1,9,2,42,7,-1,-1,-1,-1,3,E01011039,0,1
2024010488889,2024,010488889,3,9,0,18,19,3,7,0,0,1,0,0,0,0,3,1,6,6,1,66,10,-1,-1,-1,-1,-1,-1,0,-1
2024010500345,2024,010500345,1,9,0,99,99,9,9,99,99,9,9,99,9,99,9,9,6,6,2,28,6,-1,-1,-1,-1,5,E01001146,0,1
2024061458785,2024,061458785,2,9,-1,-1,-1,-1,-1,-1,-1,0,-1,-1,-1,0,-1,9,-1,6,3,-1,-1,-1,-1,-1,-1,-1,-1,0,-1
2024052402055,2024,052402055,1,9,0,5,5,8,4,0,0,8,0,0,0,0,1,1,6,6,3,-1,-1,-1,-1,-1,-1,-1,-1,0,-1
2024440527670,2024,440527670,2,9,0,18,19,7,2,0,0,0,0,0,0,0,1,1,6,6,1,61,9,-1,-1,-1,-1,6,E01031520,0,1
2024548609824,2024,548609824,2,1,0,18,19,4,8,0,0,1,0,0,0,0,1,1,6,6,1,76,11,-1,-1,-1,-1,7,E01015550,0,1
2024421525649,2024,421525649,1,9,0,-1,5,1,5,-1,99,4,0,0,0,0,1,1,-1,6,3,-1,-1,-1,-1,-1,-1,-1,-1,0,-1
2024010489096,2024,010489096,1,1,9,99,99,9,9,99,99,9,9,99,9,99,1,1,6,6,2,29,6,-1,-1,-1,-1,5,E01001895,0,1
2024501473140,2024,501473140,1,9,0,-1,19,2,6,-1,0,0,0,0,0,0,1,1,-1,1,1,44,7,-1,-1,-1,-1,2,E01019074,0,4
2024430507014,2024,430507014,2,-1,0,18,19,1,5,0,0,6,0,0,0,0,2,1,4,7,1,15,3,-1,-1,-1,-1,-1,-1,1,-1
2024010490979,2024,010490979,1,9,0,99,99,9,9,99,99,9,9,99,9,99,9,9,6,6,1,49,8,-1,-1,-1,-1,7,E01002939,0,1
2024461518143,2024,461518143,2,9,0,-1,4,5,1,-1,0,0,0,0,0,0,2,9,-1,6,2,31,6,-1,-1,-1,-1,2,E01024192,0,4
2024361410927,2024,361410927,1,19,0,-1,19,-1,-1,-1,0,2,0,0,0,0,4,1,-1,6,3,-1,-1,-1,-1,-1,-1,-1,-1,0,-1
2024211533111,2024,211533111,3,2,0,-1,19,1,5,-1,0,1,0,0,0,0,1,1,-1,2,1,18,4,-1,-1,-1,-1,3,E01029568,0,1
2024552500094,2024,552500094,1,19,0,18,19,6,2,9,9,6,0,0,0,0,1,1,6,6,3,-1,-1,-1,-1,-1,-1,-1,-1,0,-1
2024531484798,2024,531484798,1,9,0,-1,19,3,7,-1,0,0,0,0,0,0,0,1,-1,6,1,78,11,-1,-1,-1,-1,10,E01022197,0,3
2024440490229,2024,440490229,1,-1,0,18,19,1,5,9,9,1,0,0,0,0,1,1,2,2,3,-1,-1,-1,-1,-1,-1,-1,-1,1,-1
2024010495566,2024,010495566,1,1,9,99,99,9,9,99,99,9,9,99,9,99,9,1,6,6,3,44,7,-1,-1,-1,-1,9,E01003827,0,1
2024061528907,2024,061528907,2,98,0,-1,1,-1,-1,-1,99,0,0,0,1,99,2,1,-1,6,3,-1,-1,-1,-1,-1,-1,-1,-1,0,-1
2024041501248,2024,041501248,1,9,0,-1,19,7,1,-1,0,0,5,0,1,0,4,1,-1,9,2,28,6,-1,-1,-1,-1,7,E01024921,0,2
2024010543211,2024,010543211,2,1,0,18,19,5,1,0,0,0,0,0,0,0,4,1,6,6,2,55,8,-1,-1,-1,-1,3,E01001930,0,1
2024010524209,2024,010524209,2,1,0,17,19,7,4,0,0,8,5,0,0,0,1,1,6,6,1,39,7,-1,-1,-1,-1,3,E01003288,0,2
2024010534320,2024,010534320,2,1,9,99,99,9,9,99,99,6,9,99,9,99,9,1,6,6,3,-1,-1,-1,-1,-1,-1,4,E01003686,0,1
2024161513163,2024,161513163,1,1,0,-1,19,8,4,-1,5,2,2,0,0,0,1,1,-1,6,1,38,7,-1,-1,-1,-1,2,E01035481,0,1
2024311497470,2024,311497470,1,11,0,-1,4,1,5,-1,0,1,0,0,0,0,0,1,-1,1,1,48,8,-1,-1,-1,-1,-1,-1,0,-1
2024481563462,2024,481563462,2,1,0,-1,19,5,1,-1,0,1,0,0,0,0,4,1,-1,2,1,38,7,-1,-1,-1,-1,-1,-1,0,-1
2024010492277,2024,010492277,1,9,0,9,9,7,4,0,0,1,0,0,0,0,1,1,6,6,2,62,9,-1,-1,-1,-1,2,E01000020,0,1
2024010502923,2024,010502923,1,9,0,99,99,9,9,99,99,9,9,99,9,99,2,9,2,2,2,52,8,-1,-1,-1,-1,2,E01001257,0,1
2024010497178,2024,010497178,2,9,0,9,9,8,5,0,0,1,0,0,0,0,1,1,6,6,1,39,7,-1,-1,-1,-1,3,E01001744,0,2
2024201465223,2024,201465223,2,9,0,-1,13,6,2,-1,0,0,0,0,0,0,4,1,-1,6,3,-1,-1,-1,-1,-1,-1,-1,-1,0,-1
2024122400703,2024,122400703,2,19,0,5,5,7,3,0,0,0,0,0,0,0,2,1,2,2,1,53,8,-1,-1,-1,-1,5,E01027835,0,1
2024010545011,2024,010545011,2,1,0,18,19,7,3,4,4,8,0,0,0,0,1,1,6,6,1,26,6,-1,-1,-1,-1,2,E01004219,0,1
2024991444010,2024,991444010,2,1,0,-1,5,7,4,-1,0,8,0,0,0,0,1,1,-1,9,1,48,8,-1,-1,-1,-1,1,-1,0,1
2024201469186,2024,201469186,2,9,0,-1,5,8,4,-1,0,8,0,0,0,0,1,9,-1,1,2,46,8,-1,-1,-1,-1,2,E01010056,0,1
2024451539382,2024,451539382,2,99,-1,-1,-1,-1,-1,-1,-1,0,-1,-1,-1,0,-1,1,-1,6,1,30,6,-1,-1,-1,-1,-1,-1,0,-1
2024010489476,2024,010489476,1,9,0,9,9,4,2,0,0,5,0,0,0,0,3,1,1,1,2,42,7,-1,-1,-1,-1,3,E01003431,0,1
2024010512096,2024,010512096,2,1,0,5,5,7,3,0,0,0,0,10,0,0,2,1,6,6,1,52,8,-1,-1,-1,-1,4,E01004212,0,1
2024061410331,2024,061410331,2,1,-1,-1,-1,-1,-1,-1,-1,-1,-1,-1,-1,0,-1,1,-1,6,1,-1,-1,-1,-1,-1,-1,3,E01033661,0,1
2024010535096,2024,010535096,1,9,5,11,11,5,1,0,0,3,1,0,0,0,1,1,1,1,2,23,5,-1,-1,-1,-1,8,E01003845,0,1
2024461469465,2024,461469465,3,21,1,-1,19,6,2,-1,0,0,0,0,0,0,0,2,-1,1,1,18,4,-1,-1,-1,-1,-1,-1,0,-1
2024991489833,2024,991489833,2,1,0,-1,19,8,4,-1,0,1,0,0,0,0,2,1,-1,9,1,58,9,-1,-1,-1,-1,8,-1,0,2
2024991456011,2024,991456011,2,22,0,-1,19,5,1,-1,0,0,0,0,0,0,3,1,-1,6,2,60,9,-1,-1,-1,-1,3,-1,0,1
2024061436101,2024,061436101,2,1,0,-1,19,3,7,-1,0,1,0,0,0,0,1,1,-1,6,1,34,6,-1,-1,-1,-1,1,E01005205,0,1
2024010523965,2024,010523965,1,1,9,99,99,9,9,99,99,9,9,99,9,99,1,1,2,2,1,27,6,-1,-1,-1,-1,8,E01001913,0,1
2024522402722,2024,522402722,1,2,0,18,19,6,2,0,0,0,0,0,0,0,1,1,6,6,1,22,5,-1,-1,-1,-1,1,E01014800,0,1
2024010507424,2024,010507424,2,1,0,9,9,1,7,0,0,1,0,0,0,0,1,1,6,6,1,27,6,-1,-1,-1,-1,3,E01001557,0,2
2024161538816,2024,161538816,1,11,0,-1,19,2,6,-1,0,0,0,0,0,0,0,9,-1,1,1,37,7,-1,-1,-1,-1,2,E01027812,0,4
2024010489696,2024,010489696,2,19,9,99,99,9,9,99,99,6,0,99,9,99,9,9,6,6,1,-1,-1,-1,-1,-1,-1,-1,-1,0,-1
2024010492949,2024,010492949,2,9,0,99,99,9,9,99,99,1,9,99,9,99,9,9,6,6,3,-1,-1,-1,-1,-1,-1,-1,-1,0,-1
2024430253972,2024,430253972,1,-1,0,18,19,8,4,9,9,1,0,0,0,0,2,1,6,6,1,55,8,-1,-1,-1,-1,6,E01016212,1,1
2024010548686,2024,010548686,1,9,0,18,19,5,1,0,0,8,0,0,0,0,3,1,1,1,1,25,5,-1,-1,-1,-1,3,E01034144,0,2
2024471426724,2024,471426724,1,9,0,-1,4,6,2,-1,0,0,0,0,0,0,2,1,-1,9,1,60,9,-1,-1,-1,-1,-1,-1,0,-1
2024461428002,2024,461428002,2,9,0,-1,19,3,7,-1,0,0,0,0,0,0,4,9,-1,2,1,42,7,-1,-1,-1,-1,3,E01024795,0,4
2024440101091,2024,440101091,1,19,0,4,4,1,5,0,0,0,0,0,0,0,2,1,1,1,1,-1,-1,-1,-1,-1,-1,-1,-1,0,-1
2024440251939,2024,440251939,1,9,0,18,19,2,6,0,0,0,0,0,0,0,4,1,6,6,1,24,5,-1,-1,-1,-1,8,E01022718,0,2
2024010539393,2024,010539393,2,98,9,99,99,9,9,0,0,9,9,99,9,99,1,9,6,6,3,-1,-1,-1,-1,-1,-1,-1,-1,0,-1
2024371532092,2024,371532092,1,9,0,-1,19,7,3,-1,0,0,0,0,0,0,1,1,-1,1,1,53,8,-1,-1,-1,-1,6,E01030151,0,1
2024421518890,2024,421518890,1,9,0,-1,19,3,7,-1,0,4,0,0,0,0,4,1,-1,6,1,59,9,-1,-1,-1,-1,7,E01021902,0,2
2024010537498,2024,010537498,1,-1,0,18,19,4,8,9,9,0,0,0,0,0,0,1,6,6,1,30,6,-1,-1,-1,-1,2,E01004055,1,2
2024351530776,2024,351530776,1,9,0,-1,9,1,7,-1,0,0,0,0,0,0,3,1,-1,6,1,42,7,-1,-1,-1,-1,10,E01018284,0,1
2024531413019,2024,531413019,2,97,0,-1,14,5,1,-1,0,1,0,0,0,0,4,1,-1,9,1,36,7,-1,-1,-1,-1,6,E01032117,0,4
2024041463500,2024,041463500,1,9,0,-1,9,4,1,-1,0,1,0,0,0,0,1,1,-1,9,1,61,9,-1,-1,-1,-1,4,-1,0,5
2024351465630,2024,351465630,1,9,0,-1,13,1,5,-1,0,0,2,0,1,4,1,1,-1,9,1,22,5,-1,-1,-1,-1,5,E01026679,0,2
2024302400650,2024,302400650,1,9,0,17,19,1,4,0,0,1,0,0,0,0,1,1,1,1,1,-1,-1,-1,-1,-1,-1,5,E01019456,0,3
2024010512842,2024,010512842,2,1,9,11,11,9,9,99,99,5,9,99,9,99,9,1,6,6,2,-1,-1,-1,-1,-1,-1,2,E01004301,0,1
2024010526730,2024,010526730,1,1,9,99,99,9,9,99,99,9,9,99,9,99,1,1,2,2,1,35,6,-1,-1,-1,-1,7,E01003397,0,1
2024052400156,2024,052400156,1,9,0,18,19,7,3,0,0,0,1,0,0,0,1,1,6,6,1,27,6,-1,-1,-1,-1,2,E01004140,0,5
2024141528314,2024,141528314,2,1,0,-1,19,4,8,-1,0,1,0,0,0,0,1,1,-1,6,1,24,5,-1,-1,-1,-1,9,E01007581,0,2
2024061508163,2024,061508163,1,99,-1,-1,-1,-1,-1,-1,-1,0,-1,-1,-1,0,-1,9,-1,6,3,-1,-1,-1,-1,-1,-1,-1,-1,0,-1
2024991448407,2024,991448407,2,-1,0,-1,5,7,3,-1,0,1,0,0,0,0,1,1,-1,6,1,13,3,-1,-1,-1,-1,-1,-1,1,-1
2024991415184,2024,991415184,2,9,0,-1,19,7,3,-1,0,0,0,0,0,0,2,1,-1,9,1,46,8,-1,-1,-1,-1,8,-1,0,1
2024401539350,2024,401539350,1,9,0,-1,9,6,2,-1,0,1,0,0,0,0,1,1,-1,9,2,40,7,-1,-1,-1,-1,10,E01018245,0,2
2024010496787,2024,010496787,1,19,0,18,19,3,7,0,0,2,0,0,0,0,3,1,1,1,1,40,7,-1,-1,-1,-1,4,E01030710,0,4
2024430563502,2024,430563502,3,9,0,18,19,2,6,0,0,0,0,0,0,0,2,1,2,2,1,-1,-1,-1,-1,-1,-1,-1,-1,0,-1
2024122500319,2024,122500319,2,1,0,18,19,1,5,0,0,1,0,0,0,0,1,1,6,6,1,30,6,-1,-1,-1,-1,3,E01013445,0,1
2024010502361,2024,010502361,2,9,0,99,99,9,9,99,99,9,9,99,9,99,9,9,6,6,3,-1,-1,-1,-1,-1,-1,-1,-1,0,-1
2024501426691,2024,501426691,1,1,0,-1,19,5,1,-1,0,1,0,0,0,0,3,1,-1,2,1,17,4,-1,-1,-1,-1,4,E01019916,0,1
2024131465106,2024,131465106,1,9,0,-1,-1,-1,-1,-1,-1,0,-1,-1,-1,-1,-1,1,-1,6,3,-1,-1,-1,-1,-1,-1,-1,-1,0,-1
2024010490381,2024,010490381,1,9,0,18,19,7,3,0,0,2,0,0,1,0,1,1,6,6,1,57,9,-1,-1,-1,-1,10,E01021244,0,4
2024010493756,2024,010493756,1,9,0,99,99,9,9,99,99,9,9,99,9,99,2,9,6,6,1,26,6,-1,-1,-1,-1,9,E01002192,0,2
2024610048324,2024,610048324,1,9,0,18,19,7,3,0,0,1,0,0,0,0,1,1,6,6,1,17,4,-1,-1,-1,-1,1,W01001453,0,2
2024610057324,2024,610057324,3,9,0,3,3,6,2,0,0,1,0,0,0,0,2,1,6,6,2,30,6,-1,-1,-1,-1,2,W01001325,0,2
2024141473548,2024,141473548,2,1,0,-1,19,2,6,-1,9,0,0,0,0,0,2,1,-1,6,1,-1,-1,-1,-1,-1,-1,-1,-1,0,-1
2024010496244,2024,010496244,2,19,0,99,99,9,9,99,99,9,9,99,9,99,9,9,6,6,3,40,7,-1,-1,-1,-1,4,E01000722,0,3
2024010534598,2024,010534598,1,9,0,99,99,9,9,99,99,9,9,99,9,99,1,9,6,6,3,-1,-1,-1,-1,-1,-1,-1,-1,0,-1
2024201498623,2024,201498623,1,9,0,-1,9,2,8,-1,0,6,0,0,0,0,3,1,-1,6,1,31,6,-1,-1,-1,-1,8,E01023880,0,5
2024052400298,2024,052400298,1,1,0,18,19,3,7,0,0,0,0,4,0,0,1,1,6,6,1,-1,-1,-1,-1,-1,-1,-1,-1,0,-1
2024010506945,2024,010506945,1,8,0,18,19,5,1,2,2,0,0,0,0,0,1,1,6,6,3,-1,-1,-1,-1,-1,-1,-1,-1,0,-1
2024231482114,2024,231482114,2,1,0,-1,19,8,4,-1,0,8,0,0,0,0,4,1,-1,6,1,38,7,-1,-1,-1,-1,8,E01031236,0,1
2024201453514,2024,201453514,2,99,0,-1,19,8,4,-1,0,0,0,0,0,0,0,1,-1,6,3,25,5,-1,-1,-1,-1,-1,-1,0,-1
2024201510903,2024,201510903,2,1,0,-1,19,5,1,-1,0,0,5,0,0,0,3,1,-1,2,1,36,7,-1,-1,-1,-1,3,E01009296,0,1
2024501535479,2024,501535479,2,1,0,-1,19,3,7,-1,0,1,0,0,0,0,1,1,-1,6,1,48,8,-1,-1,-1,-1,6,E01015201,0,2
2024010498065,2024,010498065,1,1,9,99,99,9,9,99,99,0,9,99,9,99,9,1,2,2,1,28,6,-1,-1,-1,-1,10,E01000874,0,1
2024201414408,2024,201414408,2,9,0,-1,19,4,8,-1,0,0,0,0,0,0,3,1,-1,6,1,-1,-1,-1,-1,-1,-1,-1,-1,0,-1
2024052401963,2024,052401963,1,23,0,9,9,1,7,0,0,8,0,0,0,0,1,1,6,6,1,32,6,-1,-1,-1,-1,3,E01007302,0,1
2024451459352,2024,451459352,1,11,0,-1,3,1,5,-1,0,0,0,0,0,0,-1,2,-1,1,1,21,5,-1,-1,-1,-1,8,E01016609,0,2
2024010505718,2024,010505718,2,9,0,99,99,9,9,99,99,5,9,99,9,99,1,9,6,6,3,-1,-1,-1,-1,-1,-1,-1,-1,0,-1