collision_index,collision_year,collision_ref_no,vehicle_reference,vehicle_type,towing_and_articulation,vehicle_manoeuvre_historic,vehicle_manoeuvre,vehicle_direction_from,vehicle_direction_to,vehicle_location_restricted_lane_historic,vehicle_location_restricted_lane,junction_location,skidding_and_overturning,hit_object_in_carriageway,vehicle_leaving_carriageway,hit_object_off_carriageway,first_point_of_impact,vehicle_left_hand_drive,journey_purpose_of_driver_historic,journey_purpose_of_driver,sex_of_driver,age_of_driver,age_band_of_driver,engine_capacity_cc,propulsion_code,age_of_vehicle,generic_make_model,driver_imd_decile,lsoa_of_driver,escooter_flag,driver_distance_banding
2024010542945,2024,010542945,2,9,0,99,99,9,9,99,99,9,9,99,9,99,1,9,6,6,3,-1,-1,-1,-1,-1,-1,-1,-1,0,-1
2024131462664,2024,131462664,2,9,0,-1,19,5,1,-1,0,8,0,0,0,0,1,1,-1,1,1,31,6,-1,-1,-1,-1,5,E01011026,0,3
2024311433599,2024,311433599,2,1,0,-1,4,1,5,-1,0,8,1,0,0,0,1,1,-1,7,1,15,3,-1,-1,-1,-1,1,E01013879,0,1
2024501508940,2024,501508940,2,1,0,-1,19,7,4,-1,0,1,5,0,0,0,4,1,-1,6,1,16,4,-1,-1,-1,-1,6,E01020006,0,1
2024610029124,2024,610029124,2,9,0,18,19,5,7,0,0,8,0,0,0,0,1,1,6,6,1,28,6,-1,-1,-1,-1,3,W01000977,0,4
2024440370613,2024,440370613,2,19,0,7,7,7,5,0,0,8,0,0,0,0,1,1,6,6,3,-1,-1,-1,-1,-1,-1,-1,-1,0,-1
2024461464433,2024,461464433,2,9,0,-1,19,1,5,-1,0,3,0,0,0,0,1,9,-1,6,3,20,4,-1,-1,-1,-1,-1,-1,0,-1
2024052401207,2024,052401207,2,9,0,18,19,7,3,0,0,1,0,0,0,0,1,1,6,6,3,-1,-1,-1,-1,-1,-1,-1,-1,0,-1
2024311426375,2024,311426375,1,19,0,-1,19,-1,-1,-1,0,0,0,0,0,0,1,1,-1,6,1,-1,-1,-1,-1,-1,-1,-1,-1,0,-1
2024320641029,2024,320641029,1,9,0,-1,-1,6,2,0,0,1,0,0,0,0,1,1,6,6,3,-1,-1,-1,-1,-1,-1,-1,-1,0,-1
2024622400392,2024,622400392,2,1,0,18,19,2,6,0,0,1,0,0,0,0,3,1,6,6,1,36,7,-1,-1,-1,-1,2,W01001764,0,1
2024430238243,2024,430238243,2,11,0,2,2,0,0,0,0,0,0,0,0,0,0,1,2,2,3,-1,-1,-1,-1,-1,-1,-1,-1,0,-1
2024991443819,2024,991443819,1,9,0,-1,9,8,6,-1,0,1,0,0,0,0,1,2,-1,9,1,38,7,-1,-1,-1,-1,-1,-1,0,-1
2024010511178,2024,010511178,1,23,0,9,9,7,4,0,0,1,0,0,0,0,1,1,6,6,3,-1,-1,-1,-1,-1,-1,-1,-1,0,-1
2024531424705,2024,531424705,2,9,0,-1,19,1,5,-1,0,1,0,0,0,0,1,1,-1,2,1,30,6,-1,-1,-1,-1,6,E01022261,0,1
2024052400284,2024,052400284,1,9,0,18,19,8,4,0,0,8,0,0,0,0,1,1,6,6,3,-1,-1,-1,-1,-1,-1,-1,-1,0,-1
2024141513080,2024,141513080,2,9,0,-1,19,1,5,-1,0,0,0,0,0,0,1,9,-1,6,3,-1,-1,-1,-1,-1,-1,-1,-1,0,-1
2024052402142,2024,052402142,1,9,0,18,19,3,7,0,0,0,0,0,0,0,1,1,6,6,3,-1,-1,-1,-1,-1,-1,-1,-1,0,-1
2024201407205,2024,201407205,1,9,0,-1,1,6,2,-1,0,0,0,4,0,0,2,9,-1,6,1,25,5,-1,-1,-1,-1,-1,-1,0,-1
2024546328124,2024,546328124,2,9,0,4,4,1,5,0,0,1,0,0,0,0,2,1,6,6,2,45,7,-1,-1,-1,-1,6,E01032076,0,4
2024430171810,2024,430171810,2,9,0,18,19,2,6,0,0,1,0,0,0,0,1,1,6,6,1,45,7,-1,-1,-1,-1,-1,-1,0,-1
2024481567014,2024,481567014,1,19,0,-1,9,5,3,-1,0,8,0,0,0,0,3,1,-1,1,1,40,7,-1,-1,-1,-1,-1,-1,0,-1
2024332400836,2024,332400836,2,9,0,-1,2,0,0,-1,0,2,0,0,0,0,2,1,-1,6,3,-1,-1,-1,-1,-1,-1,-1,-1,0,-1
2024351539814,2024,351539814,1,9,-1,-1,-1,-1,-1,-1,-1,0,-1,-1,-1,0,-1,9,-1,6,3,-1,-1,-1,-1,-1,-1,-1,-1,0,-1
2024520401388,2024,520401388,1,9,0,5,5,7,5,0,0,5,0,0,0,0,3,1,6,6,1,64,9,-1,-1,-1,-1,6,E01032636,0,1
2024101453162,2024,101453162,2,1,-1,-1,19,2,6,-1,0,1,2,0,0,0,4,1,-1,9,1,47,8,-1,-1,-1,-1,2,E01008254,0,1
2024543172124,2024,543172124,1,9,0,16,19,6,1,0,0,1,0,0,0,0,3,1,1,1,1,50,8,-1,-1,-1,-1,7,E01029023,0,3
2024531402737,2024,531402737,1,9,0,-1,19,8,4,-1,0,2,0,0,0,0,4,1,-1,9,1,18,4,-1,-1,-1,-1,8,E01022355,0,1
2024101412244,2024,101412244,1,9,0,-1,19,2,6,-1,0,0,0,0,0,0,0,1,-1,6,3,-1,-1,-1,-1,-1,-1,-1,-1,0,-1
2024231545739,2024,231545739,2,9,0,-1,3,8,4,-1,0,4,0,0,0,0,2,1,-1,6,1,62,9,-1,-1,-1,-1,5,E01010578,0,5
2024010549809,2024,010549809,2,1,0,18,19,8,4,0,0,0,0,0,0,0,4,1,2,2,1,54,8,-1,-1,-1,-1,6,E01002693,0,1
2024010493002,2024,010493002,1,9,0,18,19,7,3,0,0,8,0,7,0,0,1,1,6,6,2,44,7,-1,-1,-1,-1,2,E01000098,0,1
2024010516580,2024,010516580,1,1,9,99,99,9,9,99,99,9,9,99,9,99,9,1,2,2,1,67,10,-1,-1,-1,-1,6,E01001350,0,3
202417L202124,2024,17L202124,1,9,0,9,9,2,6,0,0,8,0,0,0,0,1,1,6,6,1,32,6,-1,-1,-1,-1,1,E01012170,0,1
2024311441212,2024,311441212,2,1,0,-1,5,3,7,-1,0,1,0,0,0,0,3,1,-1,6,2,41,7,-1,-1,-1,-1,10,E01028414,0,1
2024010521842,2024,010521842,2,9,0,99,99,9,9,99,99,9,9,99,9,99,9,9,6,6,3,-1,-1,-1,-1,-1,-1,-1,-1,0,-1
202454A869324,2024,54A869324,2,9,0,9,9,8,7,0,0,5,0,0,0,0,3,1,6,6,2,58,9,-1,-1,-1,-1,6,E01034539,0,2
2024010488611,2024,010488611,2,1,0,18,19,2,6,0,0,8,5,0,0,0,1,1,6,6,1,18,4,-1,-1,-1,-1,2,E01002003,0,1
2024010530793,2024,010530793,1,90,9,99,99,9,9,99,99,9,9,99,9,99,9,1,6,6,3,-1,-1,-1,-1,-1,-1,-1,-1,0,-1
2024430190544,2024,430190544,1,1,0,9,9,8,6,0,0,8,0,0,0,0,4,1,6,6,2,80,11,-1,-1,-1,-1,10,E01016652,0,1
2024991485677,2024,991485677,2,-1,0,-1,19,8,4,-1,9,8,0,0,0,0,4,1,-1,6,1,26,6,-1,-1,-1,-1,5,-1,1,2
2024010498405,2024,010498405,2,1,0,18,19,3,7,0,0,2,2,0,0,0,1,1,6,6,1,60,9,-1,-1,-1,-1,2,E01002870,0,1
2024401412002,2024,401412002,2,1,0,-1,5,7,1,-1,0,0,0,0,0,0,3,1,-1,6,1,23,5,-1,-1,-1,-1,3,E01017601,0,1
2024421495323,2024,421495323,1,9,0,-1,19,7,3,-1,0,0,0,0,0,0,1,1,-1,6,2,-1,-1,-1,-1,-1,-1,-1,-1,0,-1
2024430586085,2024,430586085,1,3,0,14,14,4,8,0,0,1,1,10,0,0,1,1,6,6,1,29,6,-1,-1,-1,-1,4,E01002442,0,2
2024520401181,2024,520401181,1,9,0,3,3,5,7,0,0,1,0,0,0,0,1,1,6,6,1,26,6,-1,-1,-1,-1,9,E01032651,0,1
2024052402383,2024,052402383,1,9,0,18,19,8,4,0,0,1,0,0,0,0,1,1,6,6,1,-1,-1,-1,-1,-1,-1,-1,-1,0,-1
2024320733667,2024,320733667,1,9,0,9,9,8,6,0,0,6,0,0,0,0,1,1,-1,-1,2,44,7,-1,-1,-1,-1,9,E01034697,0,1
2024471526534,2024,471526534,1,1,0,-1,19,1,5,-1,4,8,0,0,0,0,3,1,-1,2,1,58,9,-1,-1,-1,-1,9,E01017002,0,1
2024991478442,2024,991478442,1,9,0,-1,19,8,5,-1,0,1,0,0,0,0,3,1,-1,9,1,57,9,-1,-1,-1,-1,7,-1,0,3
2024010489329,2024,010489329,4,9,0,3,3,3,7,0,0,1,0,0,0,0,3,1,6,6,2,52,8,-1,-1,-1,-1,9,E01001533,0,1
2024311499496,2024,311499496,2,1,0,-1,4,2,6,-1,0,1,0,0,0,0,2,1,-1,2,1,59,9,-1,-1,-1,-1,-1,-1,0,-1
2024531503732,2024,531503732,2,1,0,-1,19,7,3,-1,0,8,0,0,0,0,4,1,-1,9,2,30,6,-1,-1,-1,-1,1,E01034793,0,1
2024351438260,2024,351438260,2,1,0,-1,19,1,5,-1,0,1,0,0,0,0,4,1,-1,9,2,41,7,-1,-1,-1,-1,5,E01018080,0,1
2024010547792,2024,010547792,1,9,0,18,19,7,3,0,0,0,0,0,0,0,2,1,2,2,2,62,9,-1,-1,-1,-1,10,E01023458,0,4
2024311515785,2024,311515785,1,1,0,-1,19,5,2,-1,9,0,0,0,0,0,1,1,-1,6,1,-1,-1,-1,-1,-1,-1,-1,-1,0,-1
2024010490678,2024,010490678,1,3,0,99,99,9,9,99,99,9,9,99,9,99,1,1,6,6,1,34,6,-1,-1,-1,-1,7,E01022502,0,4
2024421493260,2024,421493260,2,9,0,-1,-1,-1,-1,-1,-1,0,-1,-1,-1,0,-1,9,-1,6,2,33,6,-1,-1,-1,-1,6,E01003702,0,1
2024552400259,2024,552400259,1,9,0,18,19,8,4,0,0,0,0,0,0,0,1,1,6,6,3,-1,-1,-1,-1,-1,-1,-1,-1,0,-1
2024221452032,2024,221452032,2,19,0,-1,19,1,6,-1,0,0,0,0,0,0,1,9,-1,6,1,37,7,-1,-1,-1,-1,-1,-1,0,-1
2024061463399,2024,061463399,2,9,0,-1,5,-1,-1,-1,0,9,0,99,0,0,1,1,-1,6,3,-1,-1,-1,-1,-1,-1,-1,-1,0,-1
2024070870159,2024,070870159,2,9,0,-1,19,1,5,-1,0,8,0,0,1,1,4,1,-1,9,2,18,4,-1,-1,-1,-1,10,E01012393,0,1
2024221506975,2024,221506975,1,21,1,-1,19,2,6,-1,0,0,3,0,0,0,1,1,-1,1,1,36,7,-1,-1,-1,-1,5,E01013991,0,2
2024010549451,2024,010549451,2,1,0,18,19,5,1,0,0,8,0,0,0,0,1,1,4,7,1,15,3,-1,-1,-1,-1,3,E01004020,0,1
2024440144533,2024,440144533,1,9,0,7,7,8,2,0,0,5,0,0,0,0,4,1,6,6,1,37,7,-1,-1,-1,-1,-1,-1,0,-1
2024991488105,2024,991488105,1,9,0,-1,2,0,0,-1,0,0,0,0,0,0,4,1,-1,6,3,-1,-1,-1,-1,-1,-1,-1,-1,0,-1
2024991503670,2024,991503670,1,9,0,-1,5,4,8,-1,0,1,0,0,0,0,1,1,-1,6,2,60,9,-1,-1,-1,-1,7,-1,0,1
2024061397873,2024,061397873,1,9,0,-1,9,5,1,-1,0,8,0,0,0,0,1,9,-1,9,3,-1,-1,-1,-1,-1,-1,-1,-1,0,-1
2024302400116,2024,302400116,1,9,0,13,13,6,2,0,0,1,0,0,0,0,1,1,6,6,2,77,11,-1,-1,-1,-1,9,E01019853,0,1
2024471417648,2024,471417648,3,99,-1,-1,19,3,7,-1,0,1,0,0,0,0,0,9,-1,6,3,-1,-1,-1,-1,-1,-1,-1,-1,0,-1
2024010488871,2024,010488871,1,9,0,9,9,3,1,0,0,1,0,0,0,0,2,1,2,2,2,41,7,-1,-1,-1,-1,7,E01000427,0,3
2024010540650,2024,010540650,1,1,9,99,99,9,9,99,99,9,9,99,9,99,9,1,2,2,1,32,6,-1,-1,-1,-1,2,E01002528,0,1
2024461403327,2024,461403327,2,1,0,-1,19,5,1,-1,0,1,0,0,0,0,1,1,-1,9,1,47,8,-1,-1,-1,-1,4,E01024651,0,2
2024010534948,2024,010534948,1,1,9,99,99,9,9,99,99,9,9,99,9,99,2,1,1,1,1,54,8,-1,-1,-1,-1,3,E01002771,0,1
2024010487513,2024,010487513,1,3,0,99,99,9,9,99,99,9,9,99,9,99,2,1,6,6,3,26,6,-1,-1,-1,-1,7,E01034593,0,3
2024451429759,2024,451429759,2,9,0,-1,19,4,5,-1,0,1,0,0,0,0,1,9,-1,6,3,50,8,-1,-1,-1,-1,-1,-1,0,-1
2024302401628,2024,302401628,2,9,0,9,9,3,1,0,0,1,0,0,0,0,4,1,3,7,2,52,8,-1,-1,-1,-1,10,E01034654,0,2
2024052400968,2024,052400968,1,9,0,18,19,8,4,0,0,0,0,12,0,0,1,1,2,2,2,60,9,-1,-1,-1,-1,10,E01006943,0,1
2024161510449,2024,161510449,2,1,0,-1,19,3,7,-1,0,0,0,0,0,0,1,1,-1,6,1,44,7,-1,-1,-1,-1,-1,-1,0,-1
2024361479288,2024,361479288,2,9,0,-1,2,0,0,-1,0,0,0,0,0,0,4,1,-1,9,1,44,7,-1,-1,-1,-1,4,E01026628,0,1
2024010492328,2024,010492328,1,9,0,18,19,4,8,0,0,0,1,0,0,0,1,1,6,6,1,32,6,-1,-1,-1,-1,7,E01002127,0,1
2024010490039,2024,010490039,1,9,0,9,9,7,5,0,0,2,0,0,0,0,1,1,2,2,1,18,4,-1,-1,-1,-1,3,E01000381,0,4
2024421406378,2024,421406378,1,9,0,-1,19,1,5,-1,0,0,0,0,0,0,4,9,-1,6,1,-1,-1,-1,-1,-1,-1,-1,-1,0,-1
2024010537258,2024,010537258,2,9,0,99,99,9,9,99,99,9,9,99,9,99,1,9,6,6,3,-1,-1,-1,-1,-1,-1,-1,-1,0,-1
2024010495304,2024,010495304,2,1,0,14,14,1,5,0,0,8,0,0,0,0,1,1,2,2,1,17,4,-1,-1,-1,-1,6,E01004699,0,1
2024351396344,2024,351396344,1,9,-1,-1,-1,-1,-1,-1,-1,-1,-1,-1,-1,0,-1,9,-1,6,3,-1,-1,-1,-1,-1,-1,-1,-1,0,-1
2024340NN4392,2024,340NN4392,2,9,0,-1,2,0,0,-1,0,0,0,0,0,0,3,1,-1,1,1,62,9,-1,-1,-1,-1,3,E01027330,0,1
2024010487723,2024,010487723,3,9,0,3,3,7,3,0,0,0,0,0,0,0,3,1,6,6,2,30,6,-1,-1,-1,-1,4,E01003136,0,2
2024122400577,2024,122400577,2,1,0,14,14,4,8,0,0,0,0,0,0,0,1,1,6,6,1,58,9,-1,-1,-1,-1,7,E01013336,0,1
2024361416977,2024,361416977,1,19,-1,-1,-1,-1,-1,-1,-1,0,-1,-1,-1,0,-1,9,-1,6,3,-1,-1,-1,-1,-1,-1,-1,-1,0,-1
2024552400661,2024,552400661,1,-1,0,18,19,2,6,4,4,0,0,0,0,0,1,1,6,6,1,35,6,-1,-1,-1,-1,1,E01034275,1,1
2024440032683,2024,440032683,2,-1,0,18,19,1,5,0,0,0,0,0,0,0,1,1,6,6,1,35,6,-1,-1,-1,-1,4,E01022568,1,1
2024430424074,2024,430424074,2,9,0,9,9,4,2,0,0,1,0,0,0,0,4,1,6,6,2,32,6,-1,-1,-1,-1,5,E01016483,0,1
2024302401508,2024,302401508,2,1,0,18,19,4,8,0,0,2,0,0,0,0,1,1,6,6,1,35,6,-1,-1,-1,-1,10,E01013468,0,1
2024522401262,2024,522401262,2,1,0,18,19,1,5,0,0,8,0,0,0,0,4,1,6,6,2,33,6,-1,-1,-1,-1,6,E01014984,0,1
2024010536851,2024,010536851,1,1,0,18,19,3,7,0,0,0,0,0,0,0,2,1,6,6,1,19,4,-1,-1,-1,-1,2,E01003184,0,2
2024991484952,2024,991484952,2,9,0,-1,19,4,8,-1,0,0,0,0,0,0,0,1,-1,9,2,57,9,-1,-1,-1,-1,4,-1,0,4
2024061400233,2024,061400233,1,9,0,-1,19,1,1,-1,0,0,0,0,0,0,1,2,-1,6,3,30,6,-1,-1,-1,-1,-1,-1,0,-1
2024351503838,2024,351503838,1,9,0,-1,-1,-1,-1,-1,-1,-1,-1,-1,-1,0,-1,9,-1,6,1,-1,-1,-1,-1,-1,-1,-1,-1,0,-1
2024201494419,2024,201494419,1,19,4,-1,5,1,5,-1,0,0,0,0,0,0,1,2,-1,1,1,30,6,-1,-1,-1,-1,-1,-1,0,-1
2024010533121,2024,010533121,2,1,0,15,15,7,3,0,0,2,2,0,0,0,3,1,1,1,1,47,8,-1,-1,-1,-1,3,E01002702,0,2
2024010546750,2024,010546750,1,1,9,99,99,9,9,99,99,9,9,99,9,99,9,1,2,2,1,41,7,-1,-1,-1,-1,5,E01004501,0,1
2024302401793,2024,302401793,2,9,0,18,19,6,2,0,0,8,0,0,0,0,4,1,1,1,2,57,9,-1,-1,-1,-1,4,E01029470,0,1
2024430346248,2024,430346248,1,9,0,18,19,6,2,0,0,0,0,0,0,0,1,1,6,6,1,20,4,-1,-1,-1,-1,10,E01016665,0,2
2024361506703,2024,361506703,2,1,0,-1,19,4,8,-1,0,4,0,0,0,0,2,1,-1,6,1,17,4,-1,-1,-1,-1,1,E01026599,0,1
2024320611507,2024,320611507,1,9,0,9,9,8,6,0,0,5,0,0,7,2,4,1,-1,-1,1,80,11,-1,-1,-1,-1,9,E01028367,0,4
2024010515382,2024,010515382,2,9,0,18,19,7,3,0,0,1,0,99,9,0,9,9,6,6,3,-1,-1,-1,-1,-1,-1,-1,-1,0,-1
2024531484716,2024,531484716,2,1,0,-1,19,8,4,-1,0,0,1,0,0,0,0,1,-1,9,1,40,7,-1,-1,-1,-1,10,E01022197,0,2
2024131449066,2024,131449066,1,9,0,-1,19,3,7,-1,0,1,0,0,0,0,3,1,-1,9,1,19,4,-1,-1,-1,-1,3,E01010986,0,1
2024010486913,2024,010486913,1,9,0,18,19,1,5,0,0,8,0,0,0,0,1,1,6,6,2,29,6,-1,-1,-1,-1,-1,-1,0,-1
2024010501648,2024,010501648,2,1,0,16,19,3,7,0,0,1,0,0,0,0,1,1,6,6,1,39,7,-1,-1,-1,-1,5,E01002399,0,2
2024061442120,2024,061442120,2,9,0,-1,19,-1,-1,-1,99,6,9,0,0,0,1,1,-1,6,3,-1,-1,-1,-1,-1,-1,-1,-1,0,-1
2024501514304,2024,501514304,2,9,0,-1,19,6,1,-1,0,0,0,0,0,0,3,1,-1,6,2,58,9,-1,-1,-1,-1,6,E01018763,0,1
2024451461013,2024,451461013,1,1,0,-1,19,5,1,-1,0,2,5,0,0,0,1,1,-1,7,1,12,3,-1,-1,-1,-1,5,E01030946,0,1
2024991502805,2024,991502805,1,19,0,-1,19,5,8,-1,0,0,0,4,0,0,1,1,-1,6,1,38,7,-1,-1,-1,-1,3,-1,0,1
2024361483155,2024,361483155,3,99,0,-1,19,2,6,-1,0,2,0,0,0,0,0,9,-1,6,3,-1,-1,-1,-1,-1,-1,-1,-1,0,-1
2024520402636,2024,520402636,1,9,0,18,19,6,2,0,0,0,0,0,0,0,1,1,6,6,1,69,10,-1,-1,-1,-1,7,E01029086,0,1
2024010488993,2024,010488993,2,20,0,99,99,9,9,99,99,9,9,99,9,99,9,9,6,6,1,35,6,-1,-1,-1,-1,9,E01033310,0,4
2024052400359,2024,052400359,2,9,0,2,2,0,0,0,0,0,0,0,0,0,2,1,6,6,2,29,6,-1,-1,-1,-1,5,E01007226,0,1
2024041502590,2024,041502590,1,9,0,-1,19,1,5,-1,0,0,0,0,0,0,1,1,-1,6,1,65,9,-1,-1,-1,-1,8,E01034349,0,1
2024430162882,2024,430162882,1,9,0,9,9,6,4,0,0,5,0,0,0,0,1,1,6,6,1,40,7,-1,-1,-1,-1,-1,-1,0,-1
2024041537535,2024,041537535,1,9,0,-1,-1,-1,-1,-1,-1,0,-1,-1,-1,0,-1,9,-1,6,3,-1,-1,-1,-1,-1,-1,-1,-1,0,-1
2024101520635,2024,101520635,1,9,0,-1,12,7,3,-1,0,0,0,0,0,0,-1,9,-1,6,3,-1,-1,-1,-1,-1,-1,-1,-1,0,-1
2024471416027,2024,471416027,20,19,0,-1,19,7,3,-1,0,0,1,0,0,0,2,1,-1,1,1,58,9,-1,-1,-1,-1,8,E01006130,0,5
2024010542802,2024,010542802,1,1,9,3,3,9,9,99,99,9,9,99,9,99,1,1,6,6,1,58,9,-1,-1,-1,-1,4,E01004677,0,1
2024052401229,2024,052401229,1,9,0,5,5,7,3,0,0,0,0,0,0,0,1,1,6,6,3,-1,-1,-1,-1,-1,-1,-1,-1,0,-1
2024351468217,2024,351468217,2,1,0,-1,19,1,5,-1,0,8,0,0,0,0,4,1,-1,9,1,64,9,-1,-1,-1,-1,2,E01015599,0,1
2024010543592,2024,010543592,1,1,0,18,19,1,5,2,2,0,0,10,1,0,1,1,2,2,1,63,9,-1,-1,-1,-1,7,E01032739,0,1
2024440037915,2024,440037915,2,1,0,18,19,3,7,0,0,1,0,0,0,0,1,1,6,6,2,16,4,-1,-1,-1,-1,8,E01022607,0,1
2024451432874,2024,451432874,3,9,0,-1,19,1,5,-1,0,0,0,0,0,0,2,1,-1,9,1,24,5,-1,-1,-1,-1,9,E01030646,0,2
2024010541117,2024,010541117,2,1,0,9,9,8,5,7,6,1,0,0,0,0,1,1,2,2,1,33,6,-1,-1,-1,-1,3,E01035645,0,1
2024211477042,2024,211477042,2,1,0,-1,19,2,6,-1,0,1,0,0,0,0,0,1,-1,9,1,16,4,-1,-1,-1,-1,4,E01028876,0,2
2024421410885,2024,421410885,1,9,0,-1,15,5,1,-1,0,4,0,0,0,0,4,1,-1,6,3,-1,-1,-1,-1,-1,-1,-1,-1,0,-1
2024010518692,2024,010518692,1,1,9,99,99,9,9,99,99,9,9,8,9,99,9,1,2,2,1,39,7,-1,-1,-1,-1,2,E01003921,0,1
2024010538603,2024,010538603,2,19,0,7,7,3,6,0,0,1,0,0,0,0,4,1,6,6,3,-1,-1,-1,-1,-1,-1,-1,-1,0,-1
2024440179360,2024,440179360,2,8,0,1,1,0,6,0,0,1,0,0,0,0,2,1,1,1,3,-1,-1,-1,-1,-1,-1,-1,-1,0,-1
2024430585954,2024,430585954,1,9,0,18,19,6,2,0,0,0,0,0,0,0,4,1,2,2,1,32,6,-1,-1,-1,-1,6,E01016388,0,4
2024610016724,2024,610016724,3,9,0,18,19,2,6,0,0,1,0,0,0,0,3,1,6,6,1,44,7,-1,-1,-1,-1,1,W01001609,0,2
2024010489140,2024,010489140,1,11,0,18,19,3,7,0,0,1,0,0,0,0,0,1,6,6,1,45,7,-1,-1,-1,-1,-1,-1,0,-1
2024010539717,2024,010539717,2,1,0,7,7,7,1,0,0,8,0,0,0,0,0,1,6,6,1,37,7,-1,-1,-1,-1,9,E01003158,0,1
2024010498528,2024,010498528,2,9,0,18,19,7,3,0,0,8,0,7,0,0,4,1,2,2,2,23,5,-1,-1,-1,-1,6,E01002616,0,1
2024010518503,2024,010518503,1,9,0,18,19,5,1,0,0,1,0,0,0,0,3,1,6,6,1,47,8,-1,-1,-1,-1,-1,-1,0,-1
2024010493323,2024,010493323,1,1,9,99,99,9,9,99,99,9,9,99,9,99,1,1,2,2,2,45,7,-1,-1,-1,-1,7,E01001255,0,1
2024471422006,2024,471422006,3,1,0,-1,19,1,5,-1,0,8,0,0,0,0,3,1,-1,7,1,4,1,-1,-1,-1,-1,5,E01031570,0,1
2024522402116,2024,522402116,2,9,0,13,13,3,7,0,0,1,0,0,0,0,0,1,6,6,1,-1,-1,-1,-1,-1,-1,-1,-1,0,-1
2024401457146,2024,401457146,2,1,0,-1,19,8,6,-1,0,1,0,0,0,0,1,1,-1,9,1,43,7,-1,-1,-1,-1,2,E01033805,0,1
2024010494794,2024,010494794,2,9,0,18,19,5,1,0,0,1,0,0,0,0,1,1,2,2,2,37,7,-1,-1,-1,-1,9,E01000829,0,1
2024010524479,2024,010524479,1,1,9,99,99,9,9,99,99,9,9,99,9,99,9,1,2,2,1,33,6,-1,-1,-1,-1,8,E01004175,0,1
2024010520679,2024,010520679,1,1,9,99,99,9,9,99,99,9,9,99,9,99,9,1,2,2,2,29,6,-1,-1,-1,-1,8,E01002690,0,1
2024010532196,2024,010532196,2,10,0,99,99,9,9,99,99,9,9,99,9,99,9,9,6,6,3,-1,-1,-1,-1,-1,-1,-1,-1,0,-1
2024221411433,2024,221411433,1,9,0,-1,19,1,5,-1,0,0,0,0,0,0,4,9,-1,6,3,74,10,-1,-1,-1,-1,-1,-1,0,-1
2024520500143,2024,520500143,1,9,0,18,19,1,5,0,0,0,0,0,0,0,1,1,6,6,3,-1,-1,-1,-1,-1,-1,-1,-1,0,-1
2024522500181,2024,522500181,1,9,0,9,9,7,4,0,0,5,0,0,0,0,1,1,6,6,3,-1,-1,-1,-1,-1,-1,-1,-1,0,-1
2024471488006,2024,471488006,1,1,0,-1,19,3,7,-1,0,8,0,0,0,0,4,1,-1,6,1,16,4,-1,-1,-1,-1,8,E01031491,0,1
2024361430212,2024,361430212,2,1,0,-1,19,3,7,-1,0,0,0,0,0,0,1,1,-1,6,1,6,2,-1,-1,-1,-1,2,E01035134,0,1
2024010488162,2024,010488162,1,9,0,9,9,1,7,0,0,8,0,0,0,0,1,1,6,6,2,57,9,-1,-1,-1,-1,9,E01030356,0,3
2024411507936,2024,411507936,1,9,0,-1,14,3,7,-1,0,0,0,0,0,0,1,9,-1,6,1,-1,-1,-1,-1,-1,-1,-1,-1,0,-1
2024451440970,2024,451440970,2,9,0,-1,19,6,2,-1,0,1,0,0,0,0,2,1,-1,1,1,69,10,-1,-1,-1,-1,5,E01030719,0,2
2024010489592,2024,010489592,2,9,0,99,99,9,9,99,99,9,9,99,9,99,9,9,6,6,3,-1,-1,-1,-1,-1,-1,-1,-1,0,-1
2024061557617,2024,061557617,1,21,1,-1,19,6,1,-1,0,0,0,0,1,0,4,9,-1,6,3,-1,-1,-1,-1,-1,-1,-1,-1,0,-1
2024010488861,2024,010488861,1,8,0,18,19,3,7,0,0,1,0,0,0,0,4,1,1,1,1,80,11,-1,-1,-1,-1,6,E01035606,0,4
2024430092578,2024,430092578,1,-1,0,9,9,8,6,0,0,6,0,0,0,0,1,1,6,6,1,20,4,-1,-1,-1,-1,-1,-1,1,-1
2024461501881,2024,461501881,2,1,0,-1,19,6,4,-1,0,0,0,0,0,0,3,1,-1,9,1,51,8,-1,-1,-1,-1,6,E01035310,0,3
2024010535130,2024,010535130,2,1,9,99,99,9,9,99,99,9,9,99,9,99,9,1,6,6,1,22,5,-1,-1,-1,-1,4,E01002707,0,1
2024010496095,2024,010496095,1,9,0,6,6,7,7,0,0,0,0,0,0,0,1,1,6,6,1,31,6,-1,-1,-1,-1,5,E01000520,0,1
2024501501481,2024,501501481,1,9,0,-1,15,8,4,-1,0,0,0,0,5,0,3,1,-1,6,1,38,7,-1,-1,-1,-1,7,E01020251,0,2
2024010488372,2024,010488372,1,8,0,99,99,9,9,99,99,9,9,99,9,99,2,9,1,1,1,53,8,-1,-1,-1,-1,4,E01003597,0,1
2024531513178,2024,531513178,2,1,0,-1,19,3,7,-1,0,1,0,0,0,0,1,1,-1,6,1,40,7,-1,-1,-1,-1,3,E01022457,0,3
2024101517062,2024,101517062,1,9,0,-1,19,7,3,-1,0,0,5,0,0,0,1,1,-1,9,1,30,6,-1,-1,-1,-1,7,E01019375,0,4
2024451486189,2024,451486189,1,1,0,-1,3,1,5,-1,0,0,0,0,0,0,1,1,-1,6,1,24,5,-1,-1,-1,-1,4,E01030793,0,1
202417S307424,2024,17S307424,1,9,0,-1,19,8,6,-1,0,0,0,0,0,0,1,1,-1,6,3,-1,-1,-1,-1,-1,-1,-1,-1,0,-1
2024010495180,2024,010495180,1,1,9,99,99,9,9,99,99,9,9,99,9,99,9,1,6,6,1,31,6,-1,-1,-1,-1,1,E01002093,0,1
2024302400104,2024,302400104,1,9,0,18,19,8,4,0,0,0,0,0,0,0,1,1,2,2,1,28,6,-1,-1,-1,-1,1,E01013486,0,1
2024451482455,2024,451482455,3,9,0,-1,2,0,0,-1,9,0,1,0,0,0,3,1,-1,6,-1,-1,-1,-1,-1,-1,-1,-1,-1,0,-1
2024010491706,2024,010491706,1,9,0,99,99,9,9,99,99,9,9,99,9,99,9,9,6,6,1,36,7,-1,-1,-1,-1,-1,-1,0,-1
2024361423357,2024,361423357,1,9,0,-1,7,7,1,-1,0,3,0,0,0,0,1,9,-1,6,-1,-1,-1,-1,-1,-1,-1,-1,-1,0,-1