collision_index,collision_year,collision_ref_no,vehicle_reference,vehicle_type,towing_and_articulation,vehicle_manoeuvre_historic,vehicle_manoeuvre,vehicle_direction_from,vehicle_direction_to,vehicle_location_restricted_lane_historic,vehicle_location_restricted_lane,junction_location,skidding_and_overturning,hit_object_in_carriageway,vehicle_leaving_carriageway,hit_object_off_carriageway,first_point_of_impact,vehicle_left_hand_drive,journey_purpose_of_driver_historic,journey_purpose_of_driver,sex_of_driver,age_of_driver,age_band_of_driver,engine_capacity_cc,propulsion_code,age_of_vehicle,generic_make_model,driver_imd_decile,lsoa_of_driver,escooter_flag,driver_distance_banding
2024340WN1622,2024,340WN1622,1,9,0,-1,19,4,8,-1,0,0,0,4,0,0,3,1,-1,6,1,28,6,-1,-1,-1,-1,9,E01027264,0,2
2024991494192,2024,991494192,2,9,0,-1,3,3,7,-1,0,3,0,0,0,0,2,1,-1,9,1,43,7,-1,-1,-1,-1,3,-1,0,1
2024221443112,2024,221443112,2,1,0,-1,19,2,6,-1,0,4,0,0,0,0,2,1,-1,6,1,58,9,-1,-1,-1,-1,2,E01014140,0,1
2024010546299,2024,010546299,2,9,0,7,7,9,9,99,99,9,9,99,9,99,9,9,6,6,3,-1,-1,-1,-1,-1,-1,5,E01002394,0,1
2024010497153,2024,010497153,2,9,0,99,99,9,9,99,99,9,9,99,9,99,9,9,6,6,3,-1,-1,-1,-1,-1,-1,-1,-1,0,-1
2024010488403,2024,010488403,1,3,0,99,99,9,9,99,99,9,9,99,9,99,9,1,6,6,1,26,6,-1,-1,-1,-1,3,E01035640,0,2
2024010528175,2024,010528175,1,1,9,18,19,9,9,99,99,0,9,99,9,99,9,1,2,2,2,26,6,-1,-1,-1,-1,5,E01003022,0,1
2024501494285,2024,501494285,1,19,0,-1,19,7,3,-1,0,0,0,0,0,0,1,2,-1,9,1,56,9,-1,-1,-1,-1,-1,-1,0,-1
2024010496744,2024,010496744,2,9,0,99,99,9,9,99,99,9,9,99,9,99,9,9,6,6,3,-1,-1,-1,-1,-1,-1,-1,-1,0,-1
2024501461037,2024,501461037,2,9,0,-1,19,6,2,-1,0,0,0,0,2,11,2,1,-1,9,1,74,10,-1,-1,-1,-1,6,E01018973,0,1
2024010490512,2024,010490512,2,9,0,9,9,3,1,0,0,4,0,0,0,0,1,1,2,2,1,40,7,-1,-1,-1,-1,5,E01003939,0,2
2024371395664,2024,371395664,1,9,0,-1,9,8,6,-1,0,8,0,0,0,0,1,1,-1,6,1,50,8,-1,-1,-1,-1,4,E01030028,0,1
2024991461271,2024,991461271,2,9,0,-1,19,2,6,-1,0,0,0,0,1,0,1,1,-1,2,1,59,9,-1,-1,-1,-1,-1,-1,0,-1
2024991430188,2024,991430188,4,9,0,-1,4,2,6,-1,0,0,0,0,0,0,2,1,-1,9,1,49,8,-1,-1,-1,-1,10,-1,0,4
2024430316062,2024,430316062,2,9,0,9,9,7,5,0,0,5,0,0,0,0,3,1,6,6,1,37,7,-1,-1,-1,-1,-1,-1,0,-1
2024010493444,2024,010493444,1,19,0,18,19,7,3,0,0,0,0,0,0,0,1,1,1,1,1,58,9,-1,-1,-1,-1,2,E01004088,0,1
2024211430194,2024,211430194,2,9,0,-1,2,0,0,-1,0,0,0,0,0,0,2,1,-1,6,1,73,10,-1,-1,-1,-1,-1,-1,0,-1
2024061465456,2024,061465456,3,9,0,-1,7,5,3,-1,0,1,0,0,0,0,3,1,-1,6,2,25,5,-1,-1,-1,-1,2,E01005670,0,1
2024361483935,2024,361483935,1,9,0,-1,19,-1,-1,-1,0,0,0,0,0,0,-1,9,-1,6,1,-1,-1,-1,-1,-1,-1,-1,-1,0,-1
2024351438801,2024,351438801,2,98,0,-1,19,7,3,-1,0,0,0,0,0,0,1,1,-1,6,1,45,7,-1,-1,-1,-1,5,E01008233,0,5
2024010502847,2024,010502847,1,1,0,7,7,7,1,0,0,8,0,0,0,0,3,1,6,6,1,36,7,-1,-1,-1,-1,2,E01001775,0,1
2024010521790,2024,010521790,2,9,0,99,99,9,9,99,99,9,9,99,9,99,9,9,6,6,3,-1,-1,-1,-1,-1,-1,-1,-1,0,-1
2024471423028,2024,471423028,2,5,0,-1,19,4,8,-1,0,8,0,0,0,0,1,1,-1,6,1,22,5,-1,-1,-1,-1,5,E01031373,0,2
2024010515417,2024,010515417,2,19,0,99,99,9,9,99,99,9,9,99,9,99,9,9,6,6,3,-1,-1,-1,-1,-1,-1,-1,-1,0,-1
2024531495783,2024,531495783,1,9,0,-1,19,3,7,-1,0,2,0,0,0,0,1,9,-1,6,3,-1,-1,-1,-1,-1,-1,-1,-1,0,-1
2024520401358,2024,520401358,3,9,0,3,3,7,3,0,0,0,0,0,0,0,2,1,6,6,2,59,9,-1,-1,-1,-1,8,E01032112,0,4
202460Q078453,2024,60Q078453,3,9,0,2,2,0,0,0,0,1,0,0,0,0,4,1,6,6,1,79,11,-1,-1,-1,-1,-1,-1,0,-1
2024010491910,2024,010491910,1,9,0,18,19,5,1,0,0,1,0,0,0,0,1,1,6,6,1,63,9,-1,-1,-1,-1,6,E01023835,0,2
2024430081663,2024,430081663,2,3,0,12,12,1,6,0,0,8,0,0,0,0,4,1,1,1,1,40,7,-1,-1,-1,-1,-1,-1,0,-1
2024052400311,2024,052400311,2,1,0,18,19,5,1,0,0,0,0,0,0,0,2,1,6,6,1,13,3,-1,-1,-1,-1,1,E01033228,0,1
2024111461627,2024,111461627,2,1,0,-1,19,1,5,-1,0,0,0,0,0,0,2,1,-1,9,2,68,10,-1,-1,-1,-1,3,E01012358,0,1
2024061477818,2024,061477818,1,1,-1,-1,-1,-1,-1,-1,-1,-1,-1,-1,-1,0,2,1,-1,6,2,13,3,-1,-1,-1,-1,-1,-1,0,-1
2024610013224,2024,610013224,1,9,0,18,19,1,5,0,0,0,0,0,0,0,3,1,3,7,1,35,6,-1,-1,-1,-1,1,W01001811,0,2
2024471472783,2024,471472783,2,9,0,-1,2,0,0,-1,0,2,0,0,0,0,2,9,-1,6,-1,-1,-1,-1,-1,-1,-1,-1,-1,0,-1
2024421408496,2024,421408496,2,8,0,-1,19,1,1,-1,0,1,1,0,0,0,1,1,-1,1,1,31,6,-1,-1,-1,-1,4,E01015903,0,1
2024552400448,2024,552400448,2,1,0,18,19,7,3,0,0,8,0,0,0,0,4,1,2,2,2,50,8,-1,-1,-1,-1,7,E01015418,0,1
2024141439222,2024,141439222,1,9,0,-1,19,3,7,-1,0,8,0,0,0,0,3,1,-1,6,1,-1,-1,-1,-1,-1,-1,-1,-1,0,-1
2024101475461,2024,101475461,1,-1,0,-1,19,3,7,-1,9,1,0,0,0,0,1,9,-1,6,1,-1,-1,-1,-1,-1,-1,-1,-1,1,-1
2024320576464,2024,320576464,1,17,0,2,2,0,0,0,0,0,0,0,0,0,2,1,1,1,1,77,11,-1,-1,-1,-1,-1,-1,0,-1
2024010511312,2024,010511312,1,1,9,99,99,9,9,99,99,9,9,99,9,99,9,1,2,2,1,30,6,-1,-1,-1,-1,2,E01034174,0,1
2024430598727,2024,430598727,1,9,0,12,12,4,8,0,0,1,0,0,0,0,3,1,6,6,1,17,4,-1,-1,-1,-1,3,E01002608,0,4
2024010506955,2024,010506955,1,1,9,99,99,9,9,99,99,0,9,99,9,99,9,1,2,2,2,34,6,-1,-1,-1,-1,-1,-1,0,-1
2024471490753,2024,471490753,2,97,0,-1,19,3,7,-1,0,1,1,0,0,0,1,1,-1,6,3,-1,-1,-1,-1,-1,-1,-1,-1,0,-1
2024010491204,2024,010491204,1,3,0,99,99,9,9,99,99,9,9,99,9,99,9,1,6,6,3,29,6,-1,-1,-1,-1,3,E01000506,0,1
2024010498032,2024,010498032,1,9,0,99,99,9,9,99,99,9,9,99,9,99,9,9,6,6,1,46,8,-1,-1,-1,-1,4,E01001623,0,2
2024501454824,2024,501454824,1,19,0,-1,5,1,6,-1,0,8,0,0,0,0,3,9,-1,6,1,41,7,-1,-1,-1,-1,2,E01020039,0,4
2024320158903,2024,320158903,1,1,0,-1,-1,3,7,9,9,2,0,0,0,0,0,1,6,6,1,-1,-1,-1,-1,-1,-1,-1,-1,0,-1
2024010541625,2024,010541625,1,1,9,99,99,9,9,99,99,0,9,99,9,99,9,1,2,2,1,47,8,-1,-1,-1,-1,7,E01001255,0,1
2024522402462,2024,522402462,2,8,0,7,7,3,5,0,0,5,0,0,0,0,4,1,1,1,1,-1,-1,-1,-1,-1,-1,-1,-1,0,-1
2024010490158,2024,010490158,2,9,0,18,19,1,5,0,0,0,0,0,0,0,1,1,6,6,3,-1,-1,-1,-1,-1,-1,-1,-1,0,-1
2024010523426,2024,010523426,1,9,0,18,19,1,5,0,0,1,0,0,0,0,4,1,1,1,1,59,9,-1,-1,-1,-1,-1,-1,0,-1
2024052402433,2024,052402433,1,-1,0,18,19,3,7,0,0,6,0,0,0,0,1,1,6,6,1,27,6,-1,-1,-1,-1,3,E01033757,1,1
2024010511145,2024,010511145,2,1,0,18,19,3,7,0,0,1,0,0,0,0,2,1,6,6,2,59,9,-1,-1,-1,-1,2,E01001849,0,1
2024311411341,2024,311411341,2,1,0,-1,19,6,2,-1,0,1,0,0,0,0,1,1,-1,9,1,65,9,-1,-1,-1,-1,9,E01028415,0,1
2024010526904,2024,010526904,1,1,9,99,99,9,9,99,99,0,9,99,9,99,1,1,2,2,1,24,5,-1,-1,-1,-1,9,E01002976,0,1
2024546628424,2024,546628424,1,9,0,1,1,3,7,0,0,0,0,0,0,0,2,1,1,1,1,59,9,-1,-1,-1,-1,10,E01015563,0,3
2024231517718,2024,231517718,2,9,0,-1,19,5,1,-1,0,0,0,0,0,0,2,9,-1,6,1,45,7,-1,-1,-1,-1,-1,-1,0,-1
2024010498746,2024,010498746,2,1,0,18,19,3,7,0,0,8,1,0,0,0,1,1,6,6,1,23,5,-1,-1,-1,-1,3,E01000641,0,1
2024031443817,2024,031443817,2,9,0,-1,4,5,1,-1,0,0,0,0,0,0,2,1,-1,2,1,19,4,-1,-1,-1,-1,10,E01019393,0,3
2024430106579,2024,430106579,2,1,0,18,19,1,5,4,4,0,0,0,0,0,3,1,2,2,2,38,7,-1,-1,-1,-1,10,E01028734,0,2
2024061491808,2024,061491808,1,1,0,-1,19,1,5,-1,9,0,0,0,0,0,1,1,-1,9,1,27,6,-1,-1,-1,-1,4,E01006399,0,1
2024311498997,2024,311498997,1,19,0,-1,19,5,1,-1,0,8,0,0,0,0,1,9,-1,6,3,34,6,-1,-1,-1,-1,-1,-1,0,-1
2024161487454,2024,161487454,1,9,0,-1,9,6,2,-1,0,0,0,0,1,1,1,1,-1,2,1,64,9,-1,-1,-1,-1,8,E01013305,0,1
2024101470391,2024,101470391,1,9,0,-1,6,3,7,-1,0,0,0,0,0,0,1,1,-1,1,1,18,4,-1,-1,-1,-1,1,-1,0,5
2024440203564,2024,440203564,2,9,0,18,19,5,1,0,0,1,0,0,0,0,1,1,6,6,3,-1,-1,-1,-1,-1,-1,-1,-1,0,-1
2024010487291,2024,010487291,1,1,9,99,99,9,9,99,99,9,9,99,9,99,2,1,2,2,1,65,9,-1,-1,-1,-1,6,E01001091,0,1
2024070878296,2024,070878296,1,90,0,-1,19,8,4,-1,9,0,9,99,9,99,1,1,-1,6,3,-1,-1,-1,-1,-1,-1,-1,-1,0,-1
2024010487183,2024,010487183,2,9,0,99,99,9,9,99,99,9,9,99,9,99,1,9,6,6,3,57,9,-1,-1,-1,-1,2,E01003912,0,2
2024430590107,2024,430590107,2,3,0,18,19,5,1,0,0,8,0,0,0,0,4,1,6,6,1,50,8,-1,-1,-1,-1,10,E01017820,0,1
2024221412094,2024,221412094,1,9,0,-1,19,8,3,-1,0,0,0,0,2,10,1,9,-1,9,1,17,4,-1,-1,-1,-1,4,E01014033,0,1
2024010498585,2024,010498585,2,-1,0,18,19,5,1,0,0,8,0,0,0,0,1,1,2,2,1,28,6,-1,-1,-1,-1,9,E01004559,1,1
2024010489167,2024,010489167,2,9,9,18,19,1,5,99,99,0,9,99,9,99,9,9,6,6,1,-1,-1,-1,-1,-1,-1,-1,-1,0,-1
2024430561402,2024,430561402,2,1,0,18,19,3,7,0,0,6,0,0,0,0,1,1,6,6,1,60,9,-1,-1,-1,-1,7,E01028427,0,1
2024421475598,2024,421475598,1,9,0,-1,19,3,7,-1,0,0,5,0,5,2,1,1,-1,9,2,70,10,-1,-1,-1,-1,-1,-1,0,-1
2024010496948,2024,010496948,1,9,0,18,19,1,5,9,9,1,1,4,1,11,1,1,6,6,2,39,7,-1,-1,-1,-1,1,E01003192,0,1
2024201500553,2024,201500553,2,9,0,-1,19,7,3,-1,0,8,0,0,0,0,1,9,-1,6,3,30,6,-1,-1,-1,-1,-1,-1,0,-1
2024201519615,2024,201519615,2,9,0,-1,19,8,4,-1,0,1,0,0,0,0,1,9,-1,6,3,18,4,-1,-1,-1,-1,-1,-1,0,-1
2024991493463,2024,991493463,2,1,0,-1,14,8,4,-1,0,0,0,0,0,0,1,1,-1,6,1,60,9,-1,-1,-1,-1,-1,-1,0,-1
2024131529153,2024,131529153,2,1,0,-1,19,1,1,-1,0,2,0,0,0,0,2,1,-1,9,1,33,6,-1,-1,-1,-1,3,E01033690,0,1
2024201534217,2024,201534217,2,9,0,-1,19,2,6,-1,0,0,0,0,0,0,1,2,-1,6,3,-1,-1,-1,-1,-1,-1,-1,-1,0,-1
2024522403439,2024,522403439,1,-1,0,5,5,8,4,0,0,8,0,0,0,0,1,1,6,6,2,32,6,-1,-1,-1,-1,1,E01014608,1,1
2024461462499,2024,461462499,2,90,0,-1,19,7,3,-1,0,0,0,0,0,0,3,9,-1,7,1,52,8,-1,-1,-1,-1,6,E01024067,0,1
2024041430635,2024,041430635,1,1,0,-1,13,1,3,-1,0,1,2,0,0,0,4,1,-1,9,1,25,5,-1,-1,-1,-1,3,E01012731,0,1
2024231422343,2024,231422343,1,9,0,-1,19,4,8,-1,0,8,0,0,0,0,4,9,-1,9,3,45,7,-1,-1,-1,-1,-1,-1,0,-1
2024501500982,2024,501500982,1,9,0,-1,19,8,4,-1,0,4,1,0,0,0,3,1,-1,2,2,52,8,-1,-1,-1,-1,-1,-1,0,-1
2024991526356,2024,991526356,1,98,0,-1,1,5,3,-1,0,0,0,0,1,0,2,1,-1,1,1,52,8,-1,-1,-1,-1,6,-1,0,1
2024221453771,2024,221453771,2,1,-1,-1,19,-1,-1,-1,0,0,0,0,0,0,2,1,-1,6,1,63,9,-1,-1,-1,-1,7,E01010498,0,3
2024052401109,2024,052401109,2,1,0,17,19,2,7,0,0,8,0,0,0,0,1,1,6,6,1,57,9,-1,-1,-1,-1,4,E01007231,0,3
2024522401440,2024,522401440,2,1,0,18,19,3,7,0,0,8,0,0,0,0,1,1,6,6,1,32,6,-1,-1,-1,-1,5,E01015006,0,1
2024332400725,2024,332400725,1,9,0,-1,19,1,5,-1,0,0,0,0,0,0,1,1,-1,6,3,-1,-1,-1,-1,-1,-1,-1,-1,0,-1
2024010533193,2024,010533193,2,9,0,99,99,9,9,99,99,9,9,99,9,99,9,9,6,6,3,-1,-1,-1,-1,-1,-1,-1,-1,0,-1
2024010496925,2024,010496925,1,8,0,99,99,9,9,99,99,0,9,0,0,0,2,9,6,6,3,-1,-1,-1,-1,-1,-1,-1,-1,0,-1
2024010533764,2024,010533764,1,1,9,99,99,9,9,99,99,9,9,99,9,99,1,1,2,2,1,25,5,-1,-1,-1,-1,4,E01004208,0,1
2024131485763,2024,131485763,1,1,0,-1,19,1,5,-1,9,0,0,0,0,0,1,1,-1,9,1,-1,-1,-1,-1,-1,-1,7,E01011067,0,1
2024010489100,2024,010489100,1,8,0,18,19,1,5,0,0,8,0,0,0,0,1,1,1,1,1,40,7,-1,-1,-1,-1,5,E01000067,0,3
2024311526142,2024,311526142,2,22,0,-1,19,1,5,-1,0,8,0,0,0,0,3,1,-1,6,1,80,11,-1,-1,-1,-1,-1,-1,0,-1
2024302500210,2024,302500210,4,9,0,-1,14,3,7,-1,0,0,0,0,0,0,0,1,-1,6,3,-1,-1,-1,-1,-1,-1,-1,-1,0,-1
2024010546512,2024,010546512,1,9,0,18,19,1,5,0,0,0,0,0,0,0,1,1,6,6,3,-1,-1,-1,-1,-1,-1,-1,-1,0,-1
2024061493104,2024,061493104,1,99,0,-1,9,8,5,-1,0,2,0,0,0,0,3,9,-1,6,2,-1,-1,-1,-1,-1,-1,-1,-1,0,-1
2024302400702,2024,302400702,2,9,0,4,4,2,6,0,0,8,0,0,0,0,1,1,2,2,1,31,6,-1,-1,-1,-1,7,E01019448,0,1
2024411476799,2024,411476799,2,1,0,-1,19,3,7,-1,0,1,0,0,0,0,1,1,-1,6,1,9,2,-1,-1,-1,-1,-1,-1,0,-1
2024211436747,2024,211436747,2,1,0,-1,19,7,3,-1,0,0,0,0,0,0,1,1,-1,9,1,62,9,-1,-1,-1,-1,7,E01029649,0,1
2024421396128,2024,421396128,1,-1,0,-1,9,2,7,-1,0,8,0,0,0,0,2,1,-1,9,1,15,3,-1,-1,-1,-1,6,E01021723,1,1
2024440565240,2024,440565240,2,1,0,18,19,3,5,0,0,4,0,0,0,0,3,1,6,6,1,18,4,-1,-1,-1,-1,2,E01034727,0,1
2024440125545,2024,440125545,1,9,0,9,9,6,4,0,0,8,0,0,0,0,3,1,6,6,1,59,9,-1,-1,-1,-1,6,E01023075,0,1
2024010493899,2024,010493899,1,9,0,99,99,9,9,99,99,9,9,99,9,99,1,9,1,1,1,25,5,-1,-1,-1,-1,5,E01000615,0,1
2024061432845,2024,061432845,1,1,0,-1,19,-1,-1,-1,4,0,2,0,1,0,1,1,-1,1,1,38,7,-1,-1,-1,-1,3,E01033680,0,1
2024351458321,2024,351458321,3,9,0,-1,4,1,5,-1,0,0,0,0,0,0,2,1,-1,9,2,20,4,-1,-1,-1,-1,6,E01017943,0,1
2024131437658,2024,131437658,1,9,0,-1,7,3,7,-1,0,0,1,0,7,1,1,1,-1,9,2,22,5,-1,-1,-1,-1,2,E01011315,0,1
2024351443571,2024,351443571,2,1,0,-1,99,-1,-1,-1,0,9,0,99,0,0,0,1,-1,2,1,49,8,-1,-1,-1,-1,8,E01017987,0,1
2024061495090,2024,061495090,1,9,0,-1,19,1,4,-1,0,2,0,0,0,0,1,9,-1,6,1,-1,-1,-1,-1,-1,-1,-1,-1,0,-1
2024421440217,2024,421440217,1,98,1,-1,19,2,5,-1,0,0,0,0,0,0,1,2,-1,6,3,-1,-1,-1,-1,-1,-1,-1,-1,0,-1
2024461505956,2024,461505956,2,1,0,-1,19,6,2,-1,0,0,0,0,0,0,1,1,-1,9,1,27,6,-1,-1,-1,-1,7,E01024519,0,3
2024451470194,2024,451470194,2,9,0,-1,19,4,3,-1,0,1,0,0,0,0,0,9,-1,6,3,35,6,-1,-1,-1,-1,-1,-1,0,-1
2024430352930,2024,430352930,2,19,0,16,19,4,7,0,0,0,0,0,0,0,1,1,6,6,1,40,7,-1,-1,-1,-1,-1,-1,0,-1
2024440343806,2024,440343806,1,9,0,18,19,5,1,0,0,0,0,0,0,0,1,1,6,6,3,-1,-1,-1,-1,-1,-1,-1,-1,0,-1
2024430000667,2024,430000667,1,9,0,10,10,7,4,0,0,1,0,0,0,0,2,1,6,6,1,60,9,-1,-1,-1,-1,9,E01016269,0,2
2024501408854,2024,501408854,1,11,0,-1,19,1,4,-1,0,0,0,0,0,0,3,9,-1,6,3,-1,-1,-1,-1,-1,-1,-1,-1,0,-1
2024610013424,2024,610013424,1,9,0,9,9,6,4,0,0,8,0,0,0,0,1,1,6,6,1,19,4,-1,-1,-1,-1,1,W01001022,0,4
2024010487475,2024,010487475,2,9,0,18,19,3,7,0,0,8,0,10,0,0,1,1,6,6,2,53,8,-1,-1,-1,-1,3,E01000137,0,1
2024010505271,2024,010505271,1,19,0,3,3,1,5,0,0,2,0,0,0,0,3,1,1,1,1,48,8,-1,-1,-1,-1,5,E01020512,0,5
2024311495122,2024,311495122,2,1,0,-1,19,3,7,-1,4,2,0,0,0,0,4,1,-1,2,1,25,5,-1,-1,-1,-1,-1,-1,0,-1
2024061490901,2024,061490901,2,1,0,-1,19,2,6,-1,0,0,0,0,0,0,4,1,-1,2,1,34,6,-1,-1,-1,-1,1,E01004851,0,1
2024010502247,2024,010502247,1,97,0,99,99,9,9,99,99,9,9,99,9,99,1,1,6,6,3,-1,-1,-1,-1,-1,-1,-1,-1,0,-1
2024010491633,2024,010491633,2,9,0,99,99,9,9,99,99,9,9,99,9,99,1,9,6,6,3,-1,-1,-1,-1,-1,-1,-1,-1,0,-1
2024351482199,2024,351482199,1,9,0,-1,19,1,5,-1,0,0,1,0,0,0,4,1,-1,6,1,86,11,-1,-1,-1,-1,10,E01027075,0,4
2024010517737,2024,010517737,1,1,9,99,99,9,9,99,99,9,9,99,9,99,1,1,1,1,1,40,7,-1,-1,-1,-1,7,E01002678,0,2
2024141532201,2024,141532201,1,9,0,-1,4,5,1,-1,0,0,0,0,0,0,2,1,-1,6,1,30,6,-1,-1,-1,-1,2,E01007548,0,1
2024131468307,2024,131468307,2,1,0,-1,19,-1,-1,-1,-1,-1,1,-1,-1,0,-1,1,-1,6,1,38,7,-1,-1,-1,-1,7,E01011351,0,1
2024411499155,2024,411499155,2,9,0,-1,5,1,5,-1,0,4,0,0,0,0,1,1,-1,9,2,43,7,-1,-1,-1,-1,4,E01023933,0,1
2024201443288,2024,201443288,1,9,0,-1,19,6,4,-1,0,0,0,0,0,0,3,9,-1,9,1,34,6,-1,-1,-1,-1,5,E01009798,0,3
2024141520587,2024,141520587,1,9,0,-1,5,-1,-1,-1,-1,0,0,0,-1,0,1,9,-1,6,1,-1,-1,-1,-1,-1,-1,-1,-1,0,-1
2024111436191,2024,111436191,2,9,0,-1,19,3,7,-1,0,1,0,0,0,0,4,1,-1,2,2,57,9,-1,-1,-1,-1,4,E01020903,0,1
2024430578902,2024,430578902,2,1,0,18,19,2,6,0,0,2,0,0,0,0,3,1,6,6,2,48,8,-1,-1,-1,-1,-1,-1,0,-1
2024010488070,2024,010488070,2,9,0,99,99,9,9,99,99,9,9,99,9,99,1,9,6,6,2,82,11,-1,-1,-1,-1,4,E01003141,0,1
2024041469947,2024,041469947,1,9,0,-1,19,5,1,-1,0,0,0,0,0,0,1,1,-1,9,1,24,5,-1,-1,-1,-1,2,E01012580,0,3
2024010509564,2024,010509564,2,9,0,99,99,9,9,99,99,9,9,99,9,99,4,9,6,6,3,-1,-1,-1,-1,-1,-1,-1,-1,0,-1
2024131492676,2024,131492676,1,1,0,-1,2,0,0,-1,9,0,0,0,0,0,1,1,-1,6,3,-1,-1,-1,-1,-1,-1,-1,-1,0,-1
2024451432767,2024,451432767,1,9,0,-1,19,4,8,-1,0,0,0,99,0,0,3,1,-1,6,3,-1,-1,-1,-1,-1,-1,-1,-1,0,-1
2024451450370,2024,451450370,1,1,0,-1,19,1,1,-1,0,1,0,0,0,0,1,1,-1,6,1,51,8,-1,-1,-1,-1,10,E01030329,0,1
2024520403384,2024,520403384,2,9,0,4,4,7,3,0,0,0,0,0,0,0,2,1,6,6,2,47,8,-1,-1,-1,-1,4,E01029241,0,1
2024430529907,2024,430529907,1,9,0,5,5,5,1,0,0,1,0,0,0,0,4,1,6,6,3,-1,-1,-1,-1,-1,-1,-1,-1,0,-1
2024010494295,2024,010494295,2,9,0,99,99,9,9,99,99,9,9,99,9,99,9,9,6,6,3,-1,-1,-1,-1,-1,-1,-1,-1,0,-1
2024010513888,2024,010513888,1,1,0,18,19,1,5,9,9,2,0,0,0,0,2,1,6,6,1,-1,-1,-1,-1,-1,-1,-1,-1,0,-1
2024421443598,2024,421443598,2,9,0,-1,19,5,1,-1,0,1,0,0,0,0,1,1,-1,6,1,69,10,-1,-1,-1,-1,10,E01021673,0,1
2024421496662,2024,421496662,1,9,0,-1,7,1,3,-1,0,1,0,0,0,0,1,1,-1,6,3,-1,-1,-1,-1,-1,-1,-1,-1,0,-1
2024201486293,2024,201486293,1,9,0,-1,19,1,5,-1,0,8,0,0,0,0,0,1,-1,6,1,55,8,-1,-1,-1,-1,-1,-1,0,-1
2024070742424,2024,070742424,1,9,0,-1,19,8,4,-1,0,0,0,0,0,0,1,1,-1,6,1,-1,-1,-1,-1,-1,-1,-1,-1,0,-1
2024010490151,2024,010490151,1,9,0,18,19,1,5,0,0,0,0,0,0,0,1,1,6,6,1,26,6,-1,-1,-1,-1,2,E01032787,0,3
2024010521099,2024,010521099,1,1,9,18,19,9,9,2,2,9,9,99,9,99,0,1,6,6,1,31,6,-1,-1,-1,-1,5,E01001974,0,3
2024010545277,2024,010545277,1,1,0,9,9,1,7,0,0,5,5,0,0,0,1,1,1,1,1,36,7,-1,-1,-1,-1,-1,-1,0,-1
2024131533123,2024,131533123,2,9,0,-1,9,8,4,-1,0,8,0,0,0,0,3,1,-1,6,2,23,5,-1,-1,-1,-1,2,E01010799,0,2
2024221400395,2024,221400395,2,1,0,-1,19,7,3,-1,0,0,0,0,0,0,3,1,-1,6,1,18,4,-1,-1,-1,-1,2,E01032453,0,1
2024320277653,2024,320277653,1,1,0,-1,-1,3,7,0,0,8,0,0,0,0,1,1,-1,-1,1,46,8,-1,-1,-1,-1,4,E01022040,0,5
2024070846964,2024,070846964,2,1,0,-1,7,1,5,-1,0,6,0,0,0,0,3,1,-1,6,1,15,3,-1,-1,-1,-1,8,E01018455,0,1
2024201507499,2024,201507499,1,19,0,-1,19,2,6,-1,9,0,0,10,7,0,1,1,-1,6,3,-1,-1,-1,-1,-1,-1,-1,-1,0,-1
2024461432927,2024,461432927,2,19,0,-1,19,4,8,-1,0,0,0,0,0,0,2,9,-1,6,1,19,4,-1,-1,-1,-1,2,E01032815,0,4
2024070638239,2024,070638239,2,19,0,4,4,1,5,0,0,0,0,0,5,6,2,1,6,6,1,55,8,-1,-1,-1,-1,1,E01005348,0,4
2024501505519,2024,501505519,1,9,0,-1,15,3,7,-1,0,8,0,0,0,0,4,9,-1,6,3,50,8,-1,-1,-1,-1,-1,-1,0,-1
2024991502860,2024,991502860,2,9,0,-1,19,4,8,-1,0,1,0,0,0,0,1,1,-1,9,1,76,11,-1,-1,-1,-1,-1,-1,0,-1
2024221428508,2024,221428508,2,9,0,-1,2,0,0,-1,9,0,0,0,0,0,4,1,-1,6,2,50,8,-1,-1,-1,-1,5,E01032159,0,1
2024320298728,2024,320298728,1,9,0,-1,-1,5,1,0,0,8,0,0,0,0,1,1,6,6,1,20,4,-1,-1,-1,-1,7,E01026242,0,3
2024411406453,2024,411406453,2,9,-1,-1,-1,-1,-1,-1,-1,0,-1,-1,-1,0,-1,9,-1,6,3,-1,-1,-1,-1,-1,-1,-1,-1,0,-1
2024430334261,2024,430334261,4,9,0,18,19,8,4,0,0,0,0,0,0,0,1,1,6,6,3,-1,-1,-1,-1,-1,-1,-1,-1,0,-1
2024122400366,2024,122400366,1,1,0,18,19,6,2,0,0,0,0,0,0,0,1,1,4,7,1,12,3,-1,-1,-1,-1,9,E01027631,0,1
2024552400534,2024,552400534,1,9,0,18,19,2,6,9,9,0,0,0,0,0,1,1,6,6,3,-1,-1,-1,-1,-1,-1,-1,-1,0,-1
2024031434808,2024,031434808,2,21,1,-1,5,3,1,-1,0,6,0,0,0,0,3,2,-1,1,1,43,7,-1,-1,-1,-1,-1,-1,0,-1
2024201446237,2024,201446237,2,9,0,-1,2,0,0,-1,0,2,0,0,0,0,2,9,-1,9,2,48,8,-1,-1,-1,-1,10,E01010188,0,2
2024461428092,2024,461428092,2,1,0,-1,19,-1,-1,-1,0,6,0,0,0,0,1,1,-1,6,1,9,2,-1,-1,-1,-1,2,E01024263,0,1
2024010496774,2024,010496774,2,9,0,99,99,9,9,99,99,9,9,99,9,99,1,9,6,6,3,-1,-1,-1,-1,-1,-1,5,E01001895,0,1
2024302401496,2024,302401496,2,-1,0,18,19,8,4,0,0,1,0,0,0,0,3,1,6,6,1,17,4,-1,-1,-1,-1,6,E01013528,1,1
2024991507851,2024,991507851,1,8,0,-1,19,5,1,-1,0,0,0,0,0,0,1,1,-1,1,2,47,8,-1,-1,-1,-1,9,-1,0,3
2024010492120,2024,010492120,2,9,0,3,3,7,3,0,0,0,0,4,0,0,2,1,6,6,2,45,7,-1,-1,-1,-1,7,E01030707,0,1
2024010487384,2024,010487384,2,19,9,99,99,9,9,0,0,1,9,0,0,0,1,1,6,6,1,22,5,-1,-1,-1,-1,3,E01034473,0,2
2024371466734,2024,371466734,2,1,0,-1,19,4,8,-1,0,0,0,0,0,0,1,1,-1,9,1,13,3,-1,-1,-1,-1,2,E01029971,0,1