collision_index,collision_year,collision_ref_no,vehicle_reference,vehicle_type,towing_and_articulation,vehicle_manoeuvre_historic,vehicle_manoeuvre,vehicle_direction_from,vehicle_direction_to,vehicle_location_restricted_lane_historic,vehicle_location_restricted_lane,junction_location,skidding_and_overturning,hit_object_in_carriageway,vehicle_leaving_carriageway,hit_object_off_carriageway,first_point_of_impact,vehicle_left_hand_drive,journey_purpose_of_driver_historic,journey_purpose_of_driver,sex_of_driver,age_of_driver,age_band_of_driver,engine_capacity_cc,propulsion_code,age_of_vehicle,generic_make_model,driver_imd_decile,lsoa_of_driver,escooter_flag,driver_distance_banding
2024302401316,2024,302401316,2,1,0,18,19,4,8,0,0,8,1,0,0,0,0,1,2,2,1,53,8,-1,-1,-1,-1,7,E01013490,0,1
2024351409339,2024,351409339,2,1,0,-1,19,-1,-1,-1,0,1,5,0,0,0,-1,1,-1,6,1,21,5,-1,-1,-1,-1,8,E01017987,0,1
2024501480482,2024,501480482,2,9,0,-1,19,5,1,-1,0,0,0,0,0,0,1,9,-1,6,2,-1,-1,-1,-1,-1,-1,-1,-1,0,-1
2024161485432,2024,161485432,2,1,0,-1,5,7,3,-1,0,0,0,0,0,0,2,1,-1,6,1,38,7,-1,-1,-1,-1,-1,-1,0,-1
2024320223669,2024,320223669,1,9,0,13,13,2,4,0,0,1,0,0,0,0,2,1,6,6,3,-1,-1,-1,-1,-1,-1,-1,-1,0,-1
2024010490823,2024,010490823,1,3,9,99,99,9,9,99,99,9,9,99,9,99,9,1,2,2,1,19,4,-1,-1,-1,-1,5,E01031403,0,4
2024070966586,2024,070966586,1,9,0,-1,7,4,7,-1,0,8,0,0,0,0,4,9,-1,6,3,-1,-1,-1,-1,-1,-1,-1,-1,0,-1
2024552401155,2024,552401155,2,1,0,18,19,5,1,0,0,1,0,0,0,0,1,1,6,6,1,13,3,-1,-1,-1,-1,7,E01015424,0,1
2024622400328,2024,622400328,1,9,0,18,19,4,8,0,0,0,0,0,0,0,1,1,2,2,2,24,5,-1,-1,-1,-1,2,W01001990,0,3
2024461419144,2024,461419144,2,-1,0,-1,19,7,3,-1,0,4,0,0,0,0,1,9,-1,6,2,-1,-1,-1,-1,-1,-1,-1,-1,1,-1
2024052400564,2024,052400564,1,9,0,5,5,6,2,0,0,1,0,0,0,0,1,1,6,6,3,-1,-1,-1,-1,-1,-1,-1,-1,0,-1
2024010521754,2024,010521754,2,1,9,99,99,9,9,99,99,9,9,99,9,99,2,1,6,6,1,24,5,-1,-1,-1,-1,3,E01004004,0,1
2024161492287,2024,161492287,1,1,0,-1,19,7,3,-1,0,1,0,0,0,0,4,1,-1,9,2,26,6,-1,-1,-1,-1,2,E01013128,0,1
2024451469568,2024,451469568,1,9,0,-1,19,7,3,-1,0,3,0,0,0,0,1,9,-1,6,3,30,6,-1,-1,-1,-1,-1,-1,0,-1
2024010500112,2024,010500112,2,1,0,18,19,5,1,0,0,1,0,0,0,0,1,1,6,6,1,34,6,-1,-1,-1,-1,4,E01035652,0,1
2024610046824,2024,610046824,2,9,0,18,19,1,5,0,0,1,0,0,0,0,0,1,6,6,3,-1,-1,-1,-1,-1,-1,-1,-1,0,-1
2024010532328,2024,010532328,2,9,0,99,99,9,9,99,99,9,9,99,9,99,2,9,6,6,3,-1,-1,-1,-1,-1,-1,-1,-1,0,-1
2024131408102,2024,131408102,2,9,0,-1,19,5,5,-1,0,4,0,0,0,0,2,2,-1,6,1,29,6,-1,-1,-1,-1,6,E01010915,0,2
2024361478464,2024,361478464,1,1,0,-1,19,3,7,-1,0,0,0,0,0,0,0,1,-1,9,1,59,9,-1,-1,-1,-1,5,E01026783,0,3
2024010532711,2024,010532711,1,1,9,99,99,9,9,99,99,9,9,99,9,99,9,1,2,2,1,28,6,-1,-1,-1,-1,6,E01003368,0,1
2024010507873,2024,010507873,3,9,0,99,99,9,9,99,99,9,9,99,9,99,0,9,6,6,3,-1,-1,-1,-1,-1,-1,9,E01035260,0,4
2024211495471,2024,211495471,2,9,0,-1,12,1,1,-1,0,1,0,0,0,0,4,1,-1,6,2,50,8,-1,-1,-1,-1,-1,-1,0,-1
2024041397070,2024,041397070,1,9,0,-1,19,3,7,-1,0,0,0,0,0,0,1,9,-1,6,1,-1,-1,-1,-1,-1,-1,-1,-1,0,-1
2024010493398,2024,010493398,2,9,0,99,99,9,9,99,99,9,9,99,9,99,9,9,6,6,3,-1,-1,-1,-1,-1,-1,-1,-1,0,-1
2024010542154,2024,010542154,2,9,0,18,19,1,5,0,0,2,1,0,0,0,1,1,6,6,1,69,10,-1,-1,-1,-1,9,E01004730,0,3
2024010545088,2024,010545088,2,9,0,9,9,6,4,0,0,2,0,0,0,0,1,1,6,6,3,-1,-1,-1,-1,-1,-1,-1,-1,0,-1
2024302400412,2024,302400412,2,9,0,17,19,3,8,0,0,0,0,0,0,0,1,1,6,6,2,34,6,-1,-1,-1,-1,2,E01028044,0,3
202460Q070178,2024,60Q070178,1,9,0,9,9,8,4,0,0,8,0,0,0,0,1,1,6,6,2,56,9,-1,-1,-1,-1,-1,-1,0,-1
2024010529634,2024,010529634,2,1,0,18,19,7,3,0,0,8,0,0,0,0,1,1,6,6,1,14,3,-1,-1,-1,-1,5,E01003415,0,1
2024010487684,2024,010487684,1,9,0,18,19,7,3,0,0,2,5,2,7,5,1,1,6,6,1,27,6,-1,-1,-1,-1,4,E01001646,0,2
2024010525761,2024,010525761,2,9,0,99,99,9,9,99,99,9,9,99,9,99,1,9,6,6,3,-1,-1,-1,-1,-1,-1,-1,-1,0,-1
2024461407845,2024,461407845,2,1,0,-1,4,5,7,-1,0,1,0,0,0,0,1,1,-1,9,1,71,10,-1,-1,-1,-1,8,E01024636,0,1
2024010510812,2024,010510812,1,1,0,18,19,7,3,4,4,0,0,0,0,0,1,1,2,2,1,30,6,-1,-1,-1,-1,4,E01032764,0,1
2024201437735,2024,201437735,2,9,0,-1,19,8,4,-1,0,8,0,0,0,0,1,9,-1,6,2,39,7,-1,-1,-1,-1,1,E01009893,0,1
2024061497028,2024,061497028,1,9,0,-1,5,5,1,-1,0,3,0,0,0,0,4,1,-1,9,1,21,5,-1,-1,-1,-1,1,E01024877,0,4
2024548088224,2024,548088224,1,9,0,12,12,8,4,0,0,0,1,0,0,0,1,1,2,2,1,77,11,-1,-1,-1,-1,4,E01017312,0,4
2024430482450,2024,430482450,1,9,0,18,19,5,1,0,0,0,0,4,0,0,1,1,6,6,1,-1,-1,-1,-1,-1,-1,-1,-1,0,-1
2024010488325,2024,010488325,2,9,0,99,99,9,9,99,99,4,9,99,9,99,9,9,6,6,3,-1,-1,-1,-1,-1,-1,-1,-1,0,-1
2024201517680,2024,201517680,3,9,0,-1,19,5,1,-1,0,0,0,0,0,0,2,1,-1,6,2,58,9,-1,-1,-1,-1,4,E01009320,0,2
2024471528667,2024,471528667,2,1,0,-1,19,6,2,-1,0,8,0,0,0,0,4,1,-1,6,2,26,6,-1,-1,-1,-1,6,E01031669,0,1
2024351412031,2024,351412031,1,9,0,-1,19,7,3,-1,0,0,0,0,0,0,1,1,-1,6,1,49,8,-1,-1,-1,-1,4,E01026661,0,2
2024052401490,2024,052401490,2,8,0,18,19,3,7,0,0,0,0,0,0,0,2,1,6,6,1,47,8,-1,-1,-1,-1,8,E01006128,0,4
2024010494353,2024,010494353,3,9,0,18,19,5,1,0,0,8,0,0,0,0,1,1,6,6,3,-1,-1,-1,-1,-1,-1,-1,-1,0,-1
2024161487720,2024,161487720,1,1,0,-1,19,2,6,-1,0,1,0,0,0,0,3,1,-1,6,1,65,9,-1,-1,-1,-1,3,E01012774,0,1
2024201454737,2024,201454737,2,1,0,-1,19,8,4,-1,0,8,0,0,0,0,2,1,-1,6,1,57,9,-1,-1,-1,-1,8,E01010206,0,1
2024552401046,2024,552401046,2,1,0,18,19,6,2,0,0,8,0,0,0,0,1,1,2,2,1,36,7,-1,-1,-1,-1,8,E01020425,0,1
2024010539317,2024,010539317,1,90,0,99,99,9,9,99,99,9,9,99,9,99,9,9,2,2,1,28,6,-1,-1,-1,-1,4,E01000644,0,1
2024161479459,2024,161479459,2,9,0,-1,19,3,7,-1,0,0,0,0,1,11,1,1,-1,6,1,36,7,-1,-1,-1,-1,2,E01007556,0,3
2024421496447,2024,421496447,1,1,0,-1,19,4,8,-1,0,1,0,0,0,0,2,1,-1,1,1,44,7,-1,-1,-1,-1,3,E01015899,0,1
2024411435081,2024,411435081,1,9,0,-1,9,1,5,-1,0,1,0,0,0,0,3,1,-1,6,2,40,7,-1,-1,-1,-1,9,E01023430,0,1
2024052400607,2024,052400607,2,1,0,18,19,6,2,0,0,0,0,0,0,0,1,1,6,6,1,22,5,-1,-1,-1,-1,2,E01006785,0,1
2024991464609,2024,991464609,2,9,0,-1,2,0,0,-1,0,1,0,0,0,0,2,1,-1,6,-1,-1,-1,-1,-1,-1,-1,-1,-1,0,-1
2024201504959,2024,201504959,2,1,0,-1,5,3,7,-1,0,0,0,0,0,0,1,1,-1,6,1,12,3,-1,-1,-1,-1,3,E01010290,0,1
2024010538301,2024,010538301,2,9,0,99,99,9,9,99,99,9,9,99,9,99,1,9,6,6,3,21,5,-1,-1,-1,-1,3,E01004365,0,1
2024421511610,2024,421511610,1,1,0,-1,19,5,1,-1,0,1,2,0,0,0,1,1,-1,9,1,15,3,-1,-1,-1,-1,-1,-1,0,-1
2024122401309,2024,122401309,2,1,0,18,19,7,3,0,0,1,0,0,0,0,1,1,6,6,2,11,3,-1,-1,-1,-1,6,E01034965,0,1
2024320294366,2024,320294366,2,1,0,-1,-1,1,5,0,0,8,0,0,0,0,4,1,6,6,1,34,6,-1,-1,-1,-1,10,E01026395,0,4
2024141432694,2024,141432694,2,1,0,-1,4,7,3,-1,0,1,0,0,0,0,1,1,-1,6,2,-1,-1,-1,-1,-1,-1,-1,-1,0,-1
2024201507922,2024,201507922,1,9,0,-1,19,8,4,-1,0,2,0,0,0,0,2,1,-1,6,1,57,9,-1,-1,-1,-1,4,E01009085,0,4
2024440080441,2024,440080441,1,9,0,18,19,1,7,0,0,8,2,10,2,1,4,1,6,6,1,41,7,-1,-1,-1,-1,8,E01022829,0,1
2024010528740,2024,010528740,1,1,9,99,99,9,9,99,99,9,9,99,9,99,2,1,2,2,1,34,6,-1,-1,-1,-1,3,E01002375,0,1
2024351431776,2024,351431776,1,9,9,-1,20,2,6,-1,0,0,9,99,0,0,1,9,-1,6,3,-1,-1,-1,-1,-1,-1,-1,-1,0,-1
2024440164639,2024,440164639,1,16,0,18,19,7,3,0,0,0,0,0,0,0,0,1,6,6,2,35,6,-1,-1,-1,-1,6,E01034548,0,3
2024552400827,2024,552400827,1,9,0,18,19,2,6,0,0,2,0,0,0,0,1,1,6,6,1,34,6,-1,-1,-1,-1,4,E01022988,0,3
2024471417648,2024,471417648,4,99,-1,-1,9,1,7,-1,0,8,0,0,0,0,0,9,-1,6,3,-1,-1,-1,-1,-1,-1,-1,-1,0,-1
2024501431220,2024,501431220,2,9,0,-1,19,2,6,-1,0,8,0,0,0,0,4,1,-1,2,1,32,6,-1,-1,-1,-1,1,E01015087,0,1
2024010489156,2024,010489156,2,3,0,18,19,5,1,0,0,1,0,0,0,0,1,1,6,6,1,45,7,-1,-1,-1,-1,2,E01004013,0,2
2024010521101,2024,010521101,2,1,0,18,19,3,7,0,0,1,0,0,0,0,1,1,2,2,1,35,6,-1,-1,-1,-1,7,E01003434,0,3
2024010493391,2024,010493391,2,5,0,9,9,3,1,0,0,5,0,0,0,0,1,1,2,2,1,24,5,-1,-1,-1,-1,10,E01023553,0,2
2024211532641,2024,211532641,2,9,0,-1,19,4,8,-1,0,0,0,4,0,0,1,1,-1,6,1,64,9,-1,-1,-1,-1,5,E01028834,0,4
2024010505013,2024,010505013,1,-1,0,18,19,2,6,0,0,1,0,0,1,0,1,1,6,6,3,-1,-1,-1,-1,-1,-1,-1,-1,1,-1
2024010488810,2024,010488810,2,9,0,99,99,9,9,99,99,6,9,99,9,99,9,9,6,6,3,-1,-1,-1,-1,-1,-1,-1,-1,0,-1
2024430088235,2024,430088235,2,-1,0,16,19,7,4,4,4,2,5,0,0,0,4,1,6,6,1,21,5,-1,-1,-1,-1,9,E01035740,1,1
2024411486430,2024,411486430,1,9,0,-1,-1,-1,-1,-1,-1,0,-1,-1,-1,0,-1,9,-1,6,1,18,4,-1,-1,-1,-1,8,E01035600,0,1
2024501414263,2024,501414263,2,9,0,-1,19,2,7,-1,-1,3,0,0,0,0,1,1,-1,1,1,57,9,-1,-1,-1,-1,4,E01015177,0,4
2024010549901,2024,010549901,2,1,0,-1,-1,1,5,0,0,2,0,0,0,0,3,1,6,6,1,13,3,-1,-1,-1,-1,1,E01001220,0,1
2024311537712,2024,311537712,2,9,0,-1,3,4,8,-1,0,0,0,0,0,0,2,1,-1,9,1,59,9,-1,-1,-1,-1,3,E01011519,0,4
2024231501620,2024,231501620,1,21,1,-1,19,4,8,-1,0,0,0,0,0,0,1,9,-1,6,3,55,8,-1,-1,-1,-1,-1,-1,0,-1
2024440486012,2024,440486012,1,1,0,18,19,2,6,0,0,8,0,0,0,0,1,1,2,2,2,32,6,-1,-1,-1,-1,9,E01034720,0,1
2024552401319,2024,552401319,1,9,0,18,19,4,8,0,0,4,0,0,0,0,1,1,6,6,3,-1,-1,-1,-1,-1,-1,-1,-1,0,-1
2024351404327,2024,351404327,2,1,0,-1,19,1,5,-1,0,0,0,0,0,0,3,1,-1,7,2,14,3,-1,-1,-1,-1,7,E01018168,0,1
2024201419824,2024,201419824,1,1,0,-1,19,4,2,-1,0,8,0,0,0,0,4,1,-1,1,1,31,6,-1,-1,-1,-1,7,E01009976,0,1
2024622400203,2024,622400203,2,9,0,18,19,8,4,0,0,8,0,0,0,0,1,1,6,6,1,21,5,-1,-1,-1,-1,8,W01001157,0,1
2024991474929,2024,991474929,1,1,0,-1,19,5,1,-1,0,0,0,0,1,0,1,1,-1,9,1,59,9,-1,-1,-1,-1,2,-1,0,2
2024991401669,2024,991401669,1,9,0,-1,19,7,3,-1,0,4,0,0,0,0,1,1,-1,9,1,31,6,-1,-1,-1,-1,1,-1,0,4
2024320421417,2024,320421417,1,9,0,-1,-1,5,1,0,0,1,0,0,0,0,1,1,-1,-1,2,30,6,-1,-1,-1,-1,4,E01026230,0,3
202454E453524,2024,54E453524,1,19,0,18,19,1,5,0,0,0,0,2,0,0,1,1,2,2,1,65,9,-1,-1,-1,-1,4,E01032036,0,1
2024101425725,2024,101425725,1,19,0,-1,19,5,1,-1,0,1,0,0,0,0,2,9,-1,6,3,-1,-1,-1,-1,-1,-1,-1,-1,0,-1
2024052400765,2024,052400765,1,-1,0,18,19,3,7,0,0,0,0,0,0,0,0,1,2,2,2,30,6,-1,-1,-1,-1,1,E01006697,1,1
2024440161805,2024,440161805,2,9,0,5,5,5,1,0,0,6,0,0,0,0,1,1,6,6,2,23,5,-1,-1,-1,-1,8,E01023001,0,3
2024010506806,2024,010506806,1,1,0,5,5,5,1,0,0,0,0,0,0,0,1,1,2,2,1,37,7,-1,-1,-1,-1,3,E01003911,0,2
2024010548649,2024,010548649,1,1,0,18,19,3,7,0,0,1,0,11,0,0,1,1,6,6,1,41,7,-1,-1,-1,-1,7,E01032820,0,4
2024546566824,2024,546566824,2,9,0,2,2,0,0,9,9,5,0,0,0,0,4,1,6,6,1,55,8,-1,-1,-1,-1,7,E01015581,0,1
2024311408416,2024,311408416,1,9,0,-1,3,4,4,-1,0,8,0,0,0,0,1,9,-1,1,1,46,8,-1,-1,-1,-1,5,E01013914,0,1
2024061422972,2024,061422972,2,1,0,-1,9,4,1,-1,0,8,0,0,0,0,1,1,-1,1,1,37,7,-1,-1,-1,-1,-1,-1,0,-1
2024052401990,2024,052401990,1,9,0,5,5,4,1,0,0,0,0,0,0,0,4,1,6,6,3,-1,-1,-1,-1,-1,-1,-1,-1,0,-1
2024552401019,2024,552401019,2,-1,0,9,9,1,7,0,0,8,0,0,0,0,4,1,6,6,1,22,5,-1,-1,-1,-1,7,E01015368,1,1
2024311505180,2024,311505180,2,9,0,-1,4,1,3,-1,0,0,0,0,0,0,2,1,-1,2,1,57,9,-1,-1,-1,-1,2,E01013856,0,1
2024421512644,2024,421512644,2,1,0,-1,2,0,0,-1,0,0,0,0,0,0,2,1,-1,6,3,41,7,-1,-1,-1,-1,2,E01021700,0,1
2024552400936,2024,552400936,1,5,0,18,19,7,3,0,0,1,0,0,0,0,1,1,6,6,1,58,9,-1,-1,-1,-1,4,E01018863,0,5
2024411497789,2024,411497789,2,1,0,-1,-1,-1,-1,-1,-1,-1,-1,-1,-1,0,1,1,-1,6,2,12,3,-1,-1,-1,-1,5,E01023868,0,1
2024010489153,2024,010489153,1,9,0,18,19,3,7,0,0,1,0,0,0,0,0,1,1,1,1,33,6,-1,-1,-1,-1,-1,-1,0,-1
2024010487527,2024,010487527,1,9,0,99,99,9,9,99,99,9,9,99,9,99,9,9,6,6,2,50,8,-1,-1,-1,-1,2,E01002748,0,2
2024010547558,2024,010547558,1,3,0,18,19,7,3,0,0,6,0,0,0,0,3,1,6,6,3,-1,-1,-1,-1,-1,-1,-1,-1,0,-1
2024010542356,2024,010542356,1,19,0,99,99,9,9,99,99,9,9,99,9,99,9,9,6,6,3,-1,-1,-1,-1,-1,-1,9,E01002274,0,1
2024010492570,2024,010492570,1,9,0,4,4,7,3,7,6,1,0,0,0,0,2,1,6,6,1,43,7,-1,-1,-1,-1,4,E01002050,0,1
2024052400866,2024,052400866,2,1,0,18,19,2,6,0,0,0,0,0,0,0,1,1,6,6,1,-1,-1,-1,-1,-1,-1,-1,-1,0,-1
2024010526167,2024,010526167,1,9,0,5,5,3,7,0,0,1,0,0,0,0,1,1,6,6,3,-1,-1,-1,-1,-1,-1,-1,-1,0,-1
2024302400080,2024,302400080,1,3,0,18,19,8,4,0,0,0,0,0,0,0,3,1,6,6,1,17,4,-1,-1,-1,-1,7,E01010785,0,4
2024161408636,2024,161408636,2,9,0,-1,9,1,7,-1,0,6,0,0,2,0,1,1,-1,9,1,39,7,-1,-1,-1,-1,10,E01013451,0,1
2024010534630,2024,010534630,2,9,4,99,99,9,9,99,99,9,9,99,9,99,1,9,6,6,3,-1,-1,-1,-1,-1,-1,-1,-1,0,-1
2024371484505,2024,371484505,2,22,0,-1,19,7,5,-1,0,0,0,0,0,0,3,1,-1,6,1,90,11,-1,-1,-1,-1,1,E01030261,0,1
2024320428976,2024,320428976,1,9,0,9,9,5,3,0,0,5,0,0,0,0,1,1,6,6,1,92,11,-1,-1,-1,-1,10,E01026184,0,1
2024461421794,2024,461421794,1,19,0,-1,19,7,3,-1,0,1,0,0,0,0,4,9,-1,6,3,-1,-1,-1,-1,-1,-1,-1,-1,0,-1
2024401512116,2024,401512116,2,1,0,-1,19,3,7,-1,0,1,0,0,0,0,1,1,-1,6,-1,15,3,-1,-1,-1,-1,8,E01015695,0,1
2024010519026,2024,010519026,2,1,0,18,19,5,1,0,0,0,0,8,0,0,4,1,6,6,1,38,7,-1,-1,-1,-1,3,E01003572,0,1
2024522402464,2024,522402464,1,1,0,18,19,9,9,0,0,1,0,0,0,0,3,1,6,6,1,20,4,-1,-1,-1,-1,8,E01014637,0,1
2024522402442,2024,522402442,1,1,0,18,19,9,9,0,0,0,0,0,0,0,9,1,6,6,1,54,8,-1,-1,-1,-1,1,E01033358,0,1
2024010501817,2024,010501817,2,90,0,18,19,3,7,0,0,0,0,0,0,0,1,1,6,6,3,-1,-1,-1,-1,-1,-1,-1,-1,0,-1
2024552400896,2024,552400896,2,1,0,14,14,1,5,0,0,0,0,0,0,0,1,1,6,6,1,54,8,-1,-1,-1,-1,8,E01020583,0,1
2024061535745,2024,061535745,1,9,0,-1,19,1,4,-1,0,0,0,0,0,0,1,1,-1,9,1,24,5,-1,-1,-1,-1,-1,-1,0,-1
2024010522587,2024,010522587,1,9,0,18,19,7,3,0,0,1,0,0,0,0,1,1,6,6,1,21,5,-1,-1,-1,-1,4,E01015958,0,2
2024010495201,2024,010495201,1,3,0,9,9,5,2,0,0,2,0,0,0,0,1,1,6,6,1,17,4,-1,-1,-1,-1,3,E01003917,0,1
2024501527721,2024,501527721,1,9,0,-1,19,3,7,-1,0,0,0,0,0,0,2,1,-1,6,1,50,8,-1,-1,-1,-1,6,E01015139,0,1
2024010548284,2024,010548284,2,2,0,99,99,9,9,99,99,9,9,99,9,99,1,1,6,6,3,-1,-1,-1,-1,-1,-1,-1,-1,0,-1
2024010544146,2024,010544146,1,9,9,99,99,9,9,99,99,9,9,99,9,99,9,1,6,6,3,-1,-1,-1,-1,-1,-1,-1,-1,0,-1
2024430041585,2024,430041585,2,-1,0,18,19,8,4,0,0,0,5,0,0,0,3,1,6,6,1,19,4,-1,-1,-1,-1,9,E01028531,1,1
2024031526492,2024,031526492,2,1,0,-1,10,5,3,-1,0,5,0,0,0,0,1,1,-1,9,2,36,7,-1,-1,-1,-1,5,E01019360,0,1
2024010553771,2024,010553771,1,1,9,99,99,9,9,99,99,1,9,99,9,99,1,1,6,6,2,23,5,-1,-1,-1,-1,2,E01003021,0,1
2024451401460,2024,451401460,3,9,0,-1,19,1,5,-1,0,0,0,0,0,0,1,1,-1,1,1,46,8,-1,-1,-1,-1,4,E01003412,0,3
2024010501910,2024,010501910,1,1,9,99,99,9,9,99,99,9,9,99,9,99,1,1,2,2,1,25,5,-1,-1,-1,-1,5,E01004366,0,2
2024070565983,2024,070565983,1,1,0,5,5,5,1,0,0,2,0,0,0,0,4,1,4,7,1,10,2,-1,-1,-1,-1,4,E01018594,0,1
2024201502110,2024,201502110,1,19,0,-1,19,2,8,-1,0,0,0,0,0,0,1,1,-1,6,1,-1,-1,-1,-1,-1,-1,-1,-1,0,-1
2024010498337,2024,010498337,1,1,9,99,99,9,9,99,99,9,9,99,9,99,9,1,2,2,1,53,8,-1,-1,-1,-1,6,E01003223,0,3
2024141523091,2024,141523091,2,10,0,-1,19,1,5,-1,0,0,0,0,0,0,1,9,-1,6,3,-1,-1,-1,-1,-1,-1,-1,-1,0,-1
2024010490763,2024,010490763,1,3,0,99,99,9,9,99,99,9,9,99,9,99,2,1,1,1,1,49,8,-1,-1,-1,-1,2,E01000042,0,1
2024061511996,2024,061511996,1,9,0,-1,1,3,4,-1,0,0,0,0,0,0,2,1,-1,6,1,-1,-1,-1,-1,-1,-1,-1,-1,0,-1
2024052402796,2024,052402796,1,9,0,9,9,4,2,0,0,8,0,0,0,0,1,1,6,6,3,-1,-1,-1,-1,-1,-1,-1,-1,0,-1
2024991422397,2024,991422397,2,1,0,-1,19,8,5,-1,0,2,0,0,0,0,3,1,-1,6,2,56,9,-1,-1,-1,-1,9,-1,0,1
2024101405438,2024,101405438,1,9,0,-1,19,7,3,-1,0,0,0,0,0,0,1,9,-1,6,3,-1,-1,-1,-1,-1,-1,-1,-1,0,-1
2024010507338,2024,010507338,1,97,0,18,19,5,1,0,0,0,0,0,0,0,1,1,6,6,3,-1,-1,-1,-1,-1,-1,-1,-1,0,-1
2024111417935,2024,111417935,2,1,0,-1,5,7,3,-1,0,8,0,0,0,0,4,1,-1,9,2,46,8,-1,-1,-1,-1,2,E01012332,0,1
2024010490370,2024,010490370,1,9,0,99,99,9,9,99,99,9,9,99,9,99,9,9,6,6,2,62,9,-1,-1,-1,-1,2,E01002786,0,1
2024010505340,2024,010505340,1,19,0,3,3,1,5,0,0,8,0,0,0,0,1,1,1,1,1,43,7,-1,-1,-1,-1,8,E01030479,0,4
2024101523974,2024,101523974,2,19,0,-1,3,7,3,-1,0,0,0,0,0,0,2,1,-1,6,1,47,8,-1,-1,-1,-1,8,E01008328,0,1
2024430045542,2024,430045542,2,9,0,18,19,5,1,0,0,8,0,0,0,0,1,1,6,6,1,-1,-1,-1,-1,-1,-1,-1,-1,0,-1
2024552400670,2024,552400670,2,1,0,18,19,4,8,0,0,8,0,0,0,0,1,1,6,6,1,79,11,-1,-1,-1,-1,2,E01015367,0,1
2024111435177,2024,111435177,1,9,0,-1,9,6,4,-1,0,1,0,0,0,0,0,9,-1,6,3,30,6,-1,-1,-1,-1,-1,-1,0,-1
2024401430469,2024,401430469,2,1,0,-1,19,7,3,-1,0,1,0,0,0,0,3,1,-1,6,1,40,7,-1,-1,-1,-1,2,E01015726,0,1
2024010539310,2024,010539310,1,1,9,99,99,9,9,99,99,0,9,99,9,99,2,1,6,6,3,-1,-1,-1,-1,-1,-1,-1,-1,0,-1
2024010531700,2024,010531700,1,9,0,99,99,9,9,99,99,9,9,99,9,99,1,9,6,6,3,34,6,-1,-1,-1,-1,-1,-1,0,-1
2024221451321,2024,221451321,1,1,0,-1,19,1,5,-1,0,1,1,4,0,0,1,1,-1,9,2,42,7,-1,-1,-1,-1,2,E01013994,0,1
2024010507479,2024,010507479,2,1,0,9,9,7,5,0,0,1,2,0,0,0,1,1,6,6,1,18,4,-1,-1,-1,-1,4,E01004536,0,1
2024520500287,2024,520500287,2,9,0,13,13,6,2,0,0,0,0,0,0,0,4,1,6,6,3,-1,-1,-1,-1,-1,-1,-1,-1,0,-1
2024471417629,2024,471417629,2,9,0,-1,19,7,3,-1,0,1,0,0,0,0,1,1,-1,7,1,43,7,-1,-1,-1,-1,5,E01021021,0,1
2024010497032,2024,010497032,1,9,0,9,9,2,7,0,0,8,0,0,0,0,1,1,6,6,2,66,10,-1,-1,-1,-1,10,E01000682,0,2
2024501398070,2024,501398070,1,21,0,-1,19,2,6,-1,0,0,0,0,0,0,0,9,-1,6,3,-1,-1,-1,-1,-1,-1,-1,-1,0,-1
2024440282981,2024,440282981,1,9,0,9,9,3,1,0,0,6,0,0,0,0,3,1,6,6,2,35,6,-1,-1,-1,-1,10,E01023228,0,1
2024010496074,2024,010496074,1,9,0,18,19,7,3,0,0,8,0,0,0,0,4,1,2,2,1,26,6,-1,-1,-1,-1,4,E01003561,0,3
2024471418726,2024,471418726,2,1,0,-1,19,5,1,-1,0,0,0,0,1,9,0,1,-1,9,2,34,6,-1,-1,-1,-1,4,E01001756,0,4
2024332400384,2024,332400384,1,9,0,-1,19,5,1,-1,0,8,0,0,0,0,1,1,-1,9,1,20,4,-1,-1,-1,-1,6,E01013668,0,1
202417L211624,2024,17L211624,2,1,0,-1,19,6,2,-1,0,8,0,0,0,0,4,1,-1,2,1,29,6,-1,-1,-1,-1,7,E01012174,0,1
2024141487727,2024,141487727,2,-1,0,-1,19,3,7,-1,0,1,0,0,1,0,3,1,-1,6,1,7,2,-1,-1,-1,-1,1,E01007760,1,1
2024440376971,2024,440376971,2,-1,0,18,19,2,6,0,0,8,0,0,0,0,1,1,6,6,1,31,6,-1,-1,-1,-1,10,E01022747,1,1
2024061434953,2024,061434953,1,1,0,-1,19,-1,-1,-1,0,1,0,0,0,0,4,1,-1,7,1,15,3,-1,-1,-1,-1,5,E01006022,0,1
2024332400512,2024,332400512,2,1,0,-1,15,5,1,-1,0,8,0,0,0,0,1,1,-1,6,1,19,4,-1,-1,-1,-1,3,E01034013,0,1
2024101432747,2024,101432747,1,19,0,-1,19,1,5,-1,0,0,0,0,0,0,1,9,-1,6,3,-1,-1,-1,-1,-1,-1,-1,-1,0,-1
2024991464514,2024,991464514,2,9,0,-1,9,8,6,-1,0,0,0,0,0,0,4,1,-1,6,1,33,6,-1,-1,-1,-1,-1,-1,0,-1
2024351522711,2024,351522711,2,1,-1,-1,-1,-1,-1,-1,-1,0,-1,-1,-1,0,1,1,-1,9,1,22,5,-1,-1,-1,-1,3,E01017944,0,1
2024311495119,2024,311495119,1,1,0,-1,19,8,4,-1,0,0,0,0,0,0,1,1,-1,9,1,53,8,-1,-1,-1,-1,-1,-1,0,-1
2024451453570,2024,451453570,1,9,0,-1,5,3,7,-1,0,8,0,0,0,0,3,9,-1,6,1,55,8,-1,-1,-1,-1,-1,-1,0,-1
2024351525331,2024,351525331,1,17,4,-1,-1,-1,-1,-1,-1,0,-1,-1,-1,0,-1,9,-1,6,1,-1,-1,-1,-1,-1,-1,-1,-1,0,-1
2024622400504,2024,622400504,2,3,0,3,3,1,5,0,0,1,1,0,0,0,2,1,1,1,1,27,6,-1,-1,-1,-1,5,W01001831,0,1
2024010554040,2024,010554040,1,1,9,3,3,9,9,5,5,0,9,99,0,99,9,1,6,6,1,27,6,-1,-1,-1,-1,2,E01003060,0,1
2024332400843,2024,332400843,2,1,0,-1,19,8,4,-1,0,0,0,0,0,0,1,1,-1,6,1,24,5,-1,-1,-1,-1,4,E01013696,0,1