collision_index,collision_year,collision_ref_no,vehicle_reference,vehicle_type,towing_and_articulation,vehicle_manoeuvre_historic,vehicle_manoeuvre,vehicle_direction_from,vehicle_direction_to,vehicle_location_restricted_lane_historic,vehicle_location_restricted_lane,junction_location,skidding_and_overturning,hit_object_in_carriageway,vehicle_leaving_carriageway,hit_object_off_carriageway,first_point_of_impact,vehicle_left_hand_drive,journey_purpose_of_driver_historic,journey_purpose_of_driver,sex_of_driver,age_of_driver,age_band_of_driver,engine_capacity_cc,propulsion_code,age_of_vehicle,generic_make_model,driver_imd_decile,lsoa_of_driver,escooter_flag,driver_distance_banding
2024201460973,2024,201460973,2,1,0,-1,19,4,8,-1,0,8,2,0,0,0,1,1,-1,2,1,19,4,-1,-1,-1,-1,7,E01009530,0,1
2024610017924,2024,610017924,2,1,0,4,4,7,2,0,0,1,0,0,0,0,2,1,6,6,1,15,3,-1,-1,-1,-1,10,W01001597,0,1
2024141504939,2024,141504939,1,1,0,-1,19,8,6,-1,0,3,5,0,0,0,2,1,-1,2,1,29,6,-1,-1,-1,-1,9,E01007624,0,1
2024302401294,2024,302401294,2,19,0,18,19,5,1,0,0,0,0,0,0,0,1,1,6,6,1,32,6,-1,-1,-1,-1,9,E01011398,0,4
2024010534303,2024,010534303,1,1,9,99,99,9,9,99,99,9,9,99,9,99,9,1,2,2,1,-1,-1,-1,-1,-1,-1,-1,-1,0,-1
2024351502035,2024,351502035,2,1,0,-1,-1,-1,-1,-1,-1,0,-1,-1,-1,0,-1,1,-1,9,1,46,8,-1,-1,-1,-1,7,E01018182,0,1
2024010509956,2024,010509956,1,9,0,5,5,4,8,0,0,1,0,99,9,0,1,9,6,6,3,-1,-1,-1,-1,-1,-1,-1,-1,0,-1
2024440167274,2024,440167274,2,9,0,9,9,7,5,0,0,8,0,0,0,0,1,1,6,6,1,53,8,-1,-1,-1,-1,2,E01017276,0,2
2024221493768,2024,221493768,1,9,0,-1,1,2,6,-1,0,5,0,0,0,0,2,9,-1,6,1,67,10,-1,-1,-1,-1,3,E01014145,0,1
2024141472850,2024,141472850,2,9,0,-1,5,7,3,-1,0,6,0,0,0,0,3,1,-1,6,1,35,6,-1,-1,-1,-1,2,E01008056,0,1
2024010535785,2024,010535785,2,9,0,18,19,1,5,0,0,2,0,0,0,0,1,1,6,6,2,63,9,-1,-1,-1,-1,4,E01033835,0,4
2024531469667,2024,531469667,1,9,0,-1,19,-1,-1,-1,0,0,-1,0,0,0,1,9,-1,6,3,-1,-1,-1,-1,-1,-1,-1,-1,0,-1
2024471399458,2024,471399458,1,9,0,-1,9,1,5,-1,0,0,0,0,0,0,1,1,-1,2,1,22,5,-1,-1,-1,-1,10,E01031744,0,1
2024010501630,2024,010501630,2,9,0,99,99,9,9,99,99,9,9,99,9,99,9,9,6,6,3,-1,-1,-1,-1,-1,-1,-1,-1,0,-1
2024031449109,2024,031449109,1,9,0,-1,19,3,7,-1,0,0,0,0,0,0,1,1,-1,1,1,30,6,-1,-1,-1,-1,4,E01019128,0,1
2024010498274,2024,010498274,1,9,0,9,9,1,6,0,0,1,0,0,0,0,4,1,6,6,2,83,11,-1,-1,-1,-1,9,E01002430,0,1
2024440561171,2024,440561171,1,1,0,9,9,8,5,0,0,6,0,0,0,0,4,1,6,6,1,34,6,-1,-1,-1,-1,2,E01017272,0,1
2024522401202,2024,522401202,1,9,0,18,19,5,1,0,0,1,0,0,0,0,1,1,6,6,3,-1,-1,-1,-1,-1,-1,-1,-1,0,-1
2024010511718,2024,010511718,1,9,0,9,9,6,3,0,0,8,0,0,0,0,1,1,6,6,3,-1,-1,-1,-1,-1,-1,-1,-1,0,-1
2024061505198,2024,061505198,1,-1,0,-1,13,3,7,-1,0,1,0,0,0,0,1,1,-1,9,1,31,6,-1,-1,-1,-1,1,E01005067,1,1
2024520401902,2024,520401902,1,9,0,18,19,6,2,0,0,8,0,0,0,0,1,1,6,6,1,24,5,-1,-1,-1,-1,8,E01035111,0,2
2024201492850,2024,201492850,1,9,0,-1,19,6,2,-1,0,0,0,0,0,0,1,9,-1,6,1,-1,-1,-1,-1,-1,-1,-1,-1,0,-1
2024430012825,2024,430012825,1,9,0,18,19,8,4,0,0,0,0,0,0,0,1,1,6,6,2,43,7,-1,-1,-1,-1,10,E01033965,0,1
2024201483903,2024,201483903,2,22,0,-1,5,7,3,-1,0,0,0,0,0,0,1,1,-1,6,2,70,10,-1,-1,-1,-1,3,E01009918,0,1
2024531410734,2024,531410734,1,9,0,-1,19,1,5,-1,0,8,0,0,0,0,1,9,-1,6,3,-1,-1,-1,-1,-1,-1,-1,-1,0,-1
2024440219236,2024,440219236,2,1,0,13,13,5,1,0,0,0,0,0,0,0,4,1,6,6,1,35,6,-1,-1,-1,-1,10,E01023278,0,1
2024052402015,2024,052402015,1,1,0,9,9,4,6,0,0,8,0,0,0,0,1,1,6,6,2,41,7,-1,-1,-1,-1,1,E01006721,0,1
2024041533700,2024,041533700,2,90,0,-1,19,7,3,-1,0,0,0,0,0,0,1,1,-1,9,1,44,7,-1,-1,-1,-1,-1,-1,0,-1
2024141476252,2024,141476252,1,9,0,-1,7,1,7,-1,0,2,0,0,0,0,1,1,-1,6,2,51,8,-1,-1,-1,-1,3,E01007371,0,1
2024430394285,2024,430394285,1,9,0,18,19,1,5,0,0,0,0,0,0,0,1,1,6,6,3,-1,-1,-1,-1,-1,-1,-1,-1,0,-1
2024010518690,2024,010518690,1,23,0,18,19,3,7,0,0,1,0,0,0,0,1,1,1,1,1,17,4,-1,-1,-1,-1,2,E01001191,0,2
202460Q038691,2024,60Q038691,2,9,0,2,2,0,0,0,0,0,0,0,0,0,1,1,6,6,1,62,9,-1,-1,-1,-1,-1,-1,0,-1
2024061532059,2024,061532059,2,1,0,-1,4,6,2,-1,0,1,0,0,0,0,1,1,-1,2,1,33,6,-1,-1,-1,-1,2,E01005938,0,1
2024122400678,2024,122400678,2,9,0,18,19,5,1,0,0,2,0,0,0,0,1,1,2,2,1,35,6,-1,-1,-1,-1,4,E01027813,0,2
2024111488350,2024,111488350,2,9,0,-1,19,5,1,-1,0,8,2,0,0,0,4,1,-1,9,1,34,6,-1,-1,-1,-1,7,E01020879,0,3
2024010514927,2024,010514927,2,23,0,5,5,5,1,0,0,0,0,0,0,0,0,1,1,1,1,21,5,-1,-1,-1,-1,3,E01002046,0,1
2024991470266,2024,991470266,2,1,0,-1,19,7,3,-1,4,0,0,8,0,0,1,1,-1,1,1,22,5,-1,-1,-1,-1,-1,-1,0,-1
2024010540225,2024,010540225,1,3,0,14,14,7,3,0,0,1,0,0,0,0,1,1,6,6,3,-1,-1,-1,-1,-1,-1,-1,-1,0,-1
2024471480114,2024,471480114,1,-1,0,-1,14,3,7,-1,0,0,0,0,0,0,1,1,-1,6,1,36,7,-1,-1,-1,-1,6,E01031359,1,1
2024461533323,2024,461533323,1,20,0,-1,19,5,1,-1,0,0,0,4,0,0,1,1,-1,6,-1,-1,-1,-1,-1,-1,-1,-1,-1,0,-1
2024201403815,2024,201403815,3,9,0,-1,19,4,8,-1,0,0,1,0,0,0,1,9,-1,1,2,51,8,-1,-1,-1,-1,1,E01008896,0,2
2024010521608,2024,010521608,1,1,9,99,99,9,9,99,99,9,9,99,9,99,1,1,2,2,1,15,3,-1,-1,-1,-1,6,E01003413,0,1
2024010492981,2024,010492981,2,1,0,18,19,7,3,0,0,8,5,0,0,0,1,1,6,6,2,43,7,-1,-1,-1,-1,4,E01034026,0,2
2024522403205,2024,522403205,1,9,0,18,19,1,5,0,0,8,0,0,7,4,1,1,6,6,1,19,4,-1,-1,-1,-1,10,E01014714,0,3
2024421481980,2024,421481980,2,9,0,-1,5,3,1,-1,0,0,0,0,0,0,1,1,-1,9,1,45,7,-1,-1,-1,-1,4,E01021863,0,1
2024340WN5342,2024,340WN5342,3,9,0,-1,3,3,7,-1,0,0,0,0,0,0,2,1,-1,1,1,39,7,-1,-1,-1,-1,2,E01027214,0,1
2024010536527,2024,010536527,1,1,0,99,99,9,9,0,0,1,0,0,0,0,1,1,2,2,1,22,5,-1,-1,-1,-1,5,E01004624,0,1
2024161415594,2024,161415594,2,1,0,-1,19,1,5,-1,0,1,0,0,0,0,2,1,-1,6,1,14,3,-1,-1,-1,-1,1,E01012875,0,1
2024010511189,2024,010511189,2,98,9,99,99,9,9,0,0,9,9,99,9,99,9,2,6,6,3,-1,-1,-1,-1,-1,-1,-1,-1,0,-1
2024010496804,2024,010496804,2,9,0,99,99,9,9,99,99,9,9,99,9,99,9,9,6,6,3,-1,-1,-1,-1,-1,-1,-1,-1,0,-1
2024440116585,2024,440116585,2,1,0,18,19,7,4,0,0,8,0,0,0,0,4,1,6,6,1,10,2,-1,-1,-1,-1,2,E01017117,0,1
2024471431051,2024,471431051,1,9,0,-1,19,3,7,-1,0,0,0,7,2,7,1,1,-1,9,1,31,6,-1,-1,-1,-1,4,E01030824,0,4
2024411412378,2024,411412378,1,9,-1,-1,7,3,7,-1,0,3,0,0,0,0,1,9,-1,6,3,-1,-1,-1,-1,-1,-1,-1,-1,0,-1
2024010541013,2024,010541013,2,9,0,99,99,9,9,99,99,9,9,99,9,99,9,9,6,6,3,-1,-1,-1,-1,-1,-1,-1,-1,0,-1
2024061427285,2024,061427285,2,9,0,-1,3,2,6,-1,0,0,0,0,0,0,2,1,-1,1,1,27,6,-1,-1,-1,-1,1,E01006023,0,4
2024401409470,2024,401409470,1,1,0,-1,-1,-1,-1,-1,-1,0,-1,-1,-1,0,-1,1,-1,6,1,-1,-1,-1,-1,-1,-1,-1,-1,0,-1
2024010527860,2024,010527860,2,9,0,99,99,9,9,99,99,9,9,99,9,99,2,9,6,6,3,-1,-1,-1,-1,-1,-1,-1,-1,0,-1
2024031461098,2024,031461098,1,22,0,-1,5,1,2,-1,0,0,0,0,0,0,1,1,-1,6,3,-1,-1,-1,-1,-1,-1,-1,-1,0,-1
2024311472482,2024,311472482,1,17,4,-1,19,3,7,-1,0,0,0,0,0,0,2,1,-1,1,1,40,7,-1,-1,-1,-1,-1,-1,0,-1
2024131523773,2024,131523773,2,9,0,-1,9,5,2,-1,0,6,0,0,0,0,1,1,-1,9,1,41,7,-1,-1,-1,-1,3,E01011033,0,3
2024010545642,2024,010545642,1,9,0,3,3,7,3,0,0,1,0,0,0,0,2,1,3,7,2,40,7,-1,-1,-1,-1,4,E01000114,0,1
2024522401451,2024,522401451,1,1,0,18,19,1,5,4,4,8,0,0,0,0,4,1,3,7,1,42,7,-1,-1,-1,-1,5,E01032516,0,1
2024991438329,2024,991438329,1,90,0,-1,4,5,1,-1,0,4,0,0,0,0,1,1,-1,2,1,63,9,-1,-1,-1,-1,7,-1,0,1
2024010489697,2024,010489697,1,9,0,9,9,5,4,0,0,8,0,0,0,0,1,1,6,6,2,36,7,-1,-1,-1,-1,4,E01024293,0,4
2024010500147,2024,010500147,1,9,0,3,3,7,3,0,0,9,0,0,0,0,4,9,6,6,3,-1,-1,-1,-1,-1,-1,-1,-1,0,-1
2024440152477,2024,440152477,1,9,0,18,19,7,3,0,0,0,5,10,0,0,1,1,6,6,1,26,6,-1,-1,-1,-1,8,E01022591,0,1
2024061495350,2024,061495350,1,9,0,-1,19,5,1,-1,0,0,0,0,0,0,3,9,-1,6,2,20,4,-1,-1,-1,-1,-1,-1,0,-1
2024010507883,2024,010507883,2,1,0,18,19,7,3,0,0,4,0,0,0,0,1,1,6,6,1,59,9,-1,-1,-1,-1,7,E01002944,0,2
2024471521722,2024,471521722,2,9,0,-1,15,2,6,-1,0,0,0,0,0,0,4,1,-1,6,3,-1,-1,-1,-1,-1,-1,-1,-1,0,-1
2024141460342,2024,141460342,2,9,0,-1,9,2,8,-1,0,1,0,0,0,0,1,9,-1,6,3,-1,-1,-1,-1,-1,-1,-1,-1,0,-1
2024401531276,2024,401531276,3,98,1,-1,19,4,8,-1,0,0,0,0,0,0,0,1,-1,6,-1,-1,-1,-1,-1,-1,-1,-1,-1,0,-1
2024340WN5732,2024,340WN5732,1,9,0,-1,19,7,3,-1,0,6,0,0,0,0,1,1,-1,6,3,-1,-1,-1,-1,-1,-1,-1,-1,0,-1
2024010496846,2024,010496846,1,9,0,18,19,1,5,0,0,5,0,0,0,0,1,1,6,6,2,74,10,-1,-1,-1,-1,-1,-1,0,-1
2024070355960,2024,070355960,2,1,0,4,4,8,4,0,0,1,5,0,0,0,1,1,6,6,1,60,9,-1,-1,-1,-1,9,E01018568,0,1
2024201467331,2024,201467331,1,-1,0,-1,19,4,8,-1,9,0,0,0,0,0,1,1,-1,6,1,14,3,-1,-1,-1,-1,2,E01009966,1,1
2024101486782,2024,101486782,1,1,0,-1,13,6,2,-1,0,0,0,11,0,0,1,1,-1,9,1,34,6,-1,-1,-1,-1,8,E01008558,0,1
2024010496146,2024,010496146,2,9,0,99,99,9,9,99,99,9,9,99,9,99,3,9,6,6,3,-1,-1,-1,-1,-1,-1,-1,-1,0,-1
2024010512366,2024,010512366,2,1,0,9,9,5,3,0,0,1,0,0,0,0,3,1,2,2,1,34,6,-1,-1,-1,-1,3,E01002730,0,1
2024070522357,2024,070522357,2,9,0,4,4,2,6,0,0,0,0,0,0,0,2,1,2,2,1,28,6,-1,-1,-1,-1,4,E01006228,0,3
2024451449519,2024,451449519,2,9,0,-1,19,1,5,-1,0,0,0,0,0,0,1,9,-1,6,-1,-1,-1,-1,-1,-1,-1,-1,-1,0,-1
2024131400811,2024,131400811,1,9,0,-1,-1,-1,-1,-1,-1,8,-1,-1,-1,0,-1,1,-1,6,1,21,5,-1,-1,-1,-1,1,E01011133,0,1
2024547577524,2024,547577524,1,9,0,16,19,7,3,0,0,0,5,0,0,0,3,1,1,1,1,39,7,-1,-1,-1,-1,9,W01000845,0,5
2024451407447,2024,451407447,2,9,0,-1,9,1,3,-1,0,8,0,0,0,0,1,9,-1,6,3,30,6,-1,-1,-1,-1,-1,-1,0,-1
2024371500529,2024,371500529,1,99,0,-1,19,1,5,-1,0,1,0,0,0,0,1,9,-1,6,3,-1,-1,-1,-1,-1,-1,-1,-1,0,-1
2024531484965,2024,531484965,2,1,0,-1,19,7,3,-1,4,1,0,0,0,0,1,1,-1,9,1,34,6,-1,-1,-1,-1,7,E01022376,0,1
2024471418637,2024,471418637,2,9,0,-1,19,7,3,-1,0,1,0,0,0,0,3,1,-1,9,1,86,11,-1,-1,-1,-1,6,E01031376,0,2
2024501442840,2024,501442840,1,9,0,-1,19,1,5,-1,0,0,5,0,0,0,4,9,-1,9,2,19,4,-1,-1,-1,-1,2,E01019053,0,1
2024141514331,2024,141514331,2,9,0,-1,19,4,1,-1,0,1,0,0,0,0,1,1,-1,9,1,55,8,-1,-1,-1,-1,8,E01007423,0,1
2024451508781,2024,451508781,1,1,0,-1,19,1,5,-1,4,8,9,0,1,0,3,1,-1,2,1,25,5,-1,-1,-1,-1,4,E01030793,0,1
2024010488748,2024,010488748,1,3,0,99,99,9,9,99,99,9,9,99,9,99,2,1,2,2,1,28,6,-1,-1,-1,-1,4,E01034288,0,3
202460Q106841,2024,60Q106841,1,9,0,18,19,7,3,0,0,0,0,0,0,0,3,1,6,6,3,-1,-1,-1,-1,-1,-1,-1,-1,0,-1
2024332400989,2024,332400989,3,9,0,-1,2,0,0,-1,0,0,0,0,0,0,2,1,-1,6,3,-1,-1,-1,-1,-1,-1,-1,-1,0,-1
2024430234146,2024,430234146,2,9,0,18,19,2,6,0,0,0,2,0,0,0,1,1,6,6,2,61,9,-1,-1,-1,-1,9,E01016543,0,1
2024451429392,2024,451429392,1,1,0,-1,19,3,7,-1,0,0,5,0,0,0,1,1,-1,2,1,63,9,-1,-1,-1,-1,10,E01030328,0,1
2024041423362,2024,041423362,1,9,0,-1,19,1,5,-1,0,0,1,0,1,0,1,1,-1,9,1,26,6,-1,-1,-1,-1,7,-1,0,5
2024991439948,2024,991439948,1,9,0,-1,9,3,1,-1,0,5,0,0,0,0,3,1,-1,6,3,50,8,-1,-1,-1,-1,-1,-1,0,-1
2024101449034,2024,101449034,2,1,0,-1,19,5,1,-1,0,0,0,0,0,0,2,1,-1,9,1,41,7,-1,-1,-1,-1,2,E01008776,0,1
2024991506752,2024,991506752,1,9,0,-1,6,5,1,-1,0,0,0,0,7,0,4,1,-1,1,1,19,4,-1,-1,-1,-1,4,-1,0,1
2024552400206,2024,552400206,2,1,0,18,19,2,6,0,0,8,0,0,0,0,1,1,2,2,1,58,9,-1,-1,-1,-1,3,E01015294,0,1
2024161517474,2024,161517474,2,1,0,-1,19,1,5,-1,0,0,2,0,0,0,4,1,-1,6,2,33,6,-1,-1,-1,-1,1,E01012903,0,1
2024010514592,2024,010514592,1,9,9,99,99,9,9,99,99,0,9,99,9,99,9,1,6,6,3,-1,-1,-1,-1,-1,-1,-1,-1,0,-1
202417L200224,2024,17L200224,1,9,0,18,19,8,4,0,0,0,0,0,0,0,3,1,3,7,2,31,6,-1,-1,-1,-1,1,E01012112,0,1
2024010496039,2024,010496039,1,19,0,17,19,3,1,0,0,0,0,0,0,0,1,1,2,2,1,27,6,-1,-1,-1,-1,7,E01000160,0,1
2024141495248,2024,141495248,1,9,0,-1,2,0,0,-1,0,0,0,0,0,0,3,1,-1,6,3,-1,-1,-1,-1,-1,-1,-1,-1,0,-1
2024430012255,2024,430012255,1,19,0,18,19,8,4,0,0,0,0,0,0,0,4,1,6,6,1,45,7,-1,-1,-1,-1,7,E01028677,0,3
2024302401118,2024,302401118,3,19,0,18,19,3,7,0,0,0,0,0,0,0,0,1,6,6,3,-1,-1,-1,-1,-1,-1,5,E01019456,0,4
2024421453348,2024,421453348,2,9,0,-1,10,3,7,-1,0,1,0,0,0,0,2,1,-1,1,1,23,5,-1,-1,-1,-1,5,E01003645,0,3
2024061420219,2024,061420219,1,21,4,-1,19,5,8,-1,0,8,0,0,0,0,0,2,-1,1,1,54,8,-1,-1,-1,-1,-1,-1,0,-1
2024440232683,2024,440232683,2,1,0,7,7,1,3,0,0,6,0,0,0,0,1,1,6,6,1,24,5,-1,-1,-1,-1,8,E01022780,0,1
2024010545224,2024,010545224,2,19,0,4,4,5,1,0,0,0,0,0,0,0,2,2,1,1,1,39,7,-1,-1,-1,-1,-1,-1,0,-1
2024010524403,2024,010524403,1,9,0,14,14,1,5,0,0,8,0,0,0,0,1,1,6,6,3,-1,-1,-1,-1,-1,-1,-1,-1,0,-1
2024471423028,2024,471423028,1,9,0,-1,5,6,-1,-1,0,6,0,0,0,0,0,9,-1,6,3,-1,-1,-1,-1,-1,-1,-1,-1,0,-1
2024141430807,2024,141430807,1,1,0,-1,19,5,1,-1,4,1,5,0,0,0,1,1,-1,2,3,40,7,-1,-1,-1,-1,-1,-1,0,-1
2024010524913,2024,010524913,2,1,0,18,19,5,1,0,0,8,5,0,0,0,1,1,2,2,1,29,6,-1,-1,-1,-1,4,E01003117,0,1
2024010541760,2024,010541760,1,-1,0,18,19,3,7,0,0,1,0,0,0,0,1,1,6,6,1,24,5,-1,-1,-1,-1,-1,-1,1,-1
2024332400246,2024,332400246,1,9,0,-1,19,5,1,-1,0,1,0,0,0,0,1,1,-1,6,2,40,7,-1,-1,-1,-1,5,E01013616,0,1
2024070871851,2024,070871851,1,9,0,-1,5,4,8,-1,0,1,0,0,0,0,1,1,-1,1,1,32,6,-1,-1,-1,-1,-1,-1,0,-1
2024211504042,2024,211504042,2,9,0,-1,19,3,3,-1,0,0,0,0,0,0,1,1,-1,6,1,58,9,-1,-1,-1,-1,4,E01029361,0,1
2024201406119,2024,201406119,1,11,0,-1,19,3,7,-1,0,0,0,0,0,0,4,9,-1,6,3,-1,-1,-1,-1,-1,-1,-1,-1,0,-1
2024010496440,2024,010496440,2,19,0,5,5,1,5,0,0,1,0,0,0,0,1,2,1,1,1,58,9,-1,-1,-1,-1,-1,-1,0,-1
2024161516533,2024,161516533,2,9,-1,-1,5,7,3,-1,9,0,0,0,0,0,-1,9,-1,6,3,-1,-1,-1,-1,-1,-1,-1,-1,0,-1
2024131436580,2024,131436580,1,97,0,-1,-1,-1,-1,-1,-1,0,-1,-1,-1,0,-1,1,-1,6,3,-1,-1,-1,-1,-1,-1,-1,-1,0,-1
2024401510754,2024,401510754,1,99,0,-1,19,-1,-1,-1,0,0,0,0,0,0,4,9,-1,6,3,-1,-1,-1,-1,-1,-1,-1,-1,0,-1
2024141452362,2024,141452362,2,9,0,-1,19,2,6,-1,0,8,1,0,0,0,1,1,-1,9,1,22,5,-1,-1,-1,-1,1,E01022323,0,5
2024430303647,2024,430303647,1,9,0,18,19,5,1,0,0,0,0,0,0,0,1,1,6,6,1,-1,-1,-1,-1,-1,-1,-1,-1,0,-1
2024010519663,2024,010519663,1,8,0,18,19,5,1,0,0,0,0,0,0,0,3,1,1,1,1,62,9,-1,-1,-1,-1,3,E01002185,0,1
2024010492289,2024,010492289,2,10,0,99,99,9,9,99,99,0,9,99,9,99,1,9,6,6,3,-1,-1,-1,-1,-1,-1,-1,-1,0,-1
2024451476674,2024,451476674,1,98,0,-1,4,1,5,-1,0,4,0,0,0,0,3,1,-1,1,1,54,8,-1,-1,-1,-1,6,E01002680,0,3
2024332400867,2024,332400867,1,1,0,-1,19,8,4,-1,0,0,0,0,0,0,2,1,-1,1,1,39,7,-1,-1,-1,-1,2,E01013746,0,1
2024010550603,2024,010550603,2,9,0,99,99,9,9,99,99,9,9,0,9,99,1,9,6,6,1,-1,-1,-1,-1,-1,-1,-1,-1,0,-1
2024221405118,2024,221405118,2,1,0,-1,15,2,6,-1,0,8,0,0,0,0,1,1,-1,6,1,52,8,-1,-1,-1,-1,9,E01032337,0,1
2024010545554,2024,010545554,1,1,9,99,99,9,9,99,99,9,9,99,9,99,9,1,2,2,1,33,6,-1,-1,-1,-1,7,E01035492,0,1
2024061436687,2024,061436687,1,9,0,-1,9,4,2,-1,0,1,0,0,0,0,1,1,-1,9,2,60,9,-1,-1,-1,-1,3,E01006272,0,1
2024440113370,2024,440113370,1,9,0,1,1,3,7,0,0,0,0,0,0,0,2,1,6,6,2,45,7,-1,-1,-1,-1,2,E01033237,0,3
202417M112724,2024,17M112724,2,1,0,-1,19,7,3,-1,0,0,0,0,0,0,3,1,-1,9,1,7,2,-1,-1,-1,-1,2,E01012014,0,1
2024010519436,2024,010519436,1,9,0,5,5,7,3,0,0,2,0,0,0,0,3,1,6,6,2,36,7,-1,-1,-1,-1,2,E01002316,0,3
2024631458928,2024,631458928,1,1,0,-1,19,7,4,-1,0,0,0,0,0,0,2,1,-1,9,1,54,8,-1,-1,-1,-1,7,E01028940,0,4
2024141479186,2024,141479186,1,97,0,-1,19,8,4,-1,0,0,0,0,1,0,1,1,-1,9,1,53,8,-1,-1,-1,-1,9,E01013251,0,3
2024010499804,2024,010499804,1,19,0,1,1,1,5,0,0,6,0,0,0,0,2,1,1,1,1,59,9,-1,-1,-1,-1,6,E01016224,0,4
2024010497659,2024,010497659,2,9,0,99,99,9,9,99,99,9,9,99,9,99,1,9,6,6,3,-1,-1,-1,-1,-1,-1,-1,-1,0,-1
2024302400162,2024,302400162,2,9,0,18,19,4,8,0,0,6,0,0,0,0,1,1,6,6,1,54,8,-1,-1,-1,-1,5,E01019813,0,1
2024430186075,2024,430186075,2,9,0,17,19,7,5,0,0,0,0,0,0,0,1,1,6,6,2,76,11,-1,-1,-1,-1,10,E01017682,0,3
2024010534079,2024,010534079,2,1,0,3,3,5,1,0,0,1,0,0,1,0,1,1,6,6,1,45,7,-1,-1,-1,-1,9,E01030358,0,3
2024041407884,2024,041407884,1,9,0,-1,19,1,5,-1,0,0,0,4,0,0,1,1,-1,9,1,33,6,-1,-1,-1,-1,4,E01025459,0,1
2024221400400,2024,221400400,2,9,0,-1,5,3,7,-1,0,8,0,0,0,0,1,9,-1,6,1,47,8,-1,-1,-1,-1,-1,-1,0,-1
2024440343806,2024,440343806,2,1,0,18,19,5,1,0,0,0,0,0,0,0,2,1,6,6,1,18,4,-1,-1,-1,-1,2,E01022969,0,1
2024070621056,2024,070621056,1,9,0,5,5,7,1,0,0,6,0,0,0,0,4,1,6,6,2,53,8,-1,-1,-1,-1,2,E01014262,0,3
2024351526508,2024,351526508,2,-1,0,-1,19,5,1,-1,4,1,1,0,0,0,3,1,-1,2,2,28,6,-1,-1,-1,-1,8,E01018001,1,1
2024201444158,2024,201444158,2,19,0,-1,19,1,5,-1,0,0,0,0,0,0,1,1,-1,1,1,57,9,-1,-1,-1,-1,4,E01032592,0,1
2024061469113,2024,061469113,2,1,0,-1,19,1,1,-1,0,0,0,0,0,0,1,1,-1,6,1,45,7,-1,-1,-1,-1,-1,-1,0,-1
2024471411622,2024,471411622,1,9,0,-1,19,7,3,-1,0,2,0,0,0,0,-1,9,-1,6,1,-1,-1,-1,-1,-1,-1,-1,-1,0,-1
2024131482206,2024,131482206,1,-1,0,-1,19,1,1,-1,9,0,0,0,0,0,0,1,-1,6,2,29,6,-1,-1,-1,-1,6,E01011600,1,2
2024351430445,2024,351430445,1,99,-1,-1,-1,-1,-1,-1,-1,0,-1,-1,-1,0,-1,9,-1,6,1,-1,-1,-1,-1,-1,-1,-1,-1,0,-1
2024201413509,2024,201413509,1,9,0,-1,5,2,8,-1,0,6,0,0,0,0,3,9,-1,6,1,27,6,-1,-1,-1,-1,10,E01029678,0,2
2024161406314,2024,161406314,1,9,0,-1,9,1,7,-1,0,3,0,0,0,0,3,9,-1,9,1,18,4,-1,-1,-1,-1,6,E01012912,0,1
2024311438734,2024,311438734,2,1,0,-1,19,6,2,-1,9,1,0,0,0,0,1,1,-1,1,1,28,6,-1,-1,-1,-1,-1,-1,0,-1
2024041395641,2024,041395641,1,1,0,-1,19,1,5,-1,0,0,0,0,0,0,1,1,-1,6,1,27,6,-1,-1,-1,-1,2,E01025269,0,1
2024161448702,2024,161448702,1,9,0,-1,9,4,2,-1,0,0,0,0,0,0,4,1,-1,6,1,65,9,-1,-1,-1,-1,1,E01012894,0,4
2024501455259,2024,501455259,1,8,0,-1,19,1,5,-1,0,1,0,0,0,0,-1,9,-1,6,3,-1,-1,-1,-1,-1,-1,-1,-1,0,-1
2024221521699,2024,221521699,2,21,0,-1,3,1,5,-1,0,0,0,0,0,0,2,1,-1,1,1,32,6,-1,-1,-1,-1,7,E01035079,0,4
2024430563589,2024,430563589,2,9,0,7,7,3,5,0,0,6,0,0,0,0,3,1,6,6,3,-1,-1,-1,-1,-1,-1,-1,-1,0,-1
2024061466865,2024,061466865,1,1,0,-1,19,1,5,-1,0,2,0,0,0,0,1,1,-1,1,1,25,5,-1,-1,-1,-1,1,E01033676,0,1
2024010544837,2024,010544837,2,98,0,18,19,1,5,0,0,9,0,99,9,99,9,9,1,1,1,-1,-1,-1,-1,-1,-1,-1,-1,0,-1
2024332400735,2024,332400735,2,9,0,-1,9,7,5,-1,4,6,0,0,0,0,3,1,-1,6,2,-1,-1,-1,-1,-1,-1,-1,-1,0,-1
202417M110024,2024,17M110024,2,9,0,-1,19,5,1,-1,0,0,0,0,0,0,1,1,-1,6,3,-1,-1,-1,-1,-1,-1,-1,-1,0,-1
2024010516409,2024,010516409,2,1,0,18,19,5,1,5,5,6,0,0,0,0,1,1,6,6,2,31,6,-1,-1,-1,-1,8,W01000597,0,5
2024041472552,2024,041472552,1,1,0,-1,19,3,7,-1,9,1,0,0,0,0,1,1,-1,9,1,23,5,-1,-1,-1,-1,2,E01025292,0,1
2024101459950,2024,101459950,2,97,0,-1,7,2,4,-1,0,1,0,0,0,0,2,1,-1,6,3,-1,-1,-1,-1,-1,-1,-1,-1,0,-1
2024031449109,2024,031449109,2,9,0,-1,19,3,6,-1,0,0,0,0,0,0,0,1,-1,9,1,49,8,-1,-1,-1,-1,5,E01019094,0,3
2024221455459,2024,221455459,2,1,0,-1,19,5,1,-1,0,8,0,0,0,0,4,1,-1,6,1,19,4,-1,-1,-1,-1,5,E01035068,0,1
2024201453321,2024,201453321,2,9,0,-1,2,0,0,-1,0,0,0,0,0,0,2,1,-1,1,1,33,6,-1,-1,-1,-1,1,E01009514,0,2
2024161404903,2024,161404903,1,1,0,-1,19,3,7,-1,0,0,0,0,0,0,1,1,-1,6,1,-1,-1,-1,-1,-1,-1,-1,-1,0,-1
2024302401205,2024,302401205,2,9,0,10,10,4,1,0,0,1,0,0,0,0,2,1,1,1,1,38,7,-1,-1,-1,-1,9,E01019597,0,1
2024340WN6482,2024,340WN6482,1,1,0,-1,7,5,7,-1,0,6,0,11,0,0,1,1,-1,9,1,36,7,-1,-1,-1,-1,1,E01027153,0,1
2024471494397,2024,471494397,1,9,0,-1,11,2,6,-1,0,0,1,0,7,9,1,1,-1,1,1,28,6,-1,-1,-1,-1,3,E01031562,0,1