collision_index,collision_year,collision_ref_no,vehicle_reference,vehicle_type,towing_and_articulation,vehicle_manoeuvre_historic,vehicle_manoeuvre,vehicle_direction_from,vehicle_direction_to,vehicle_location_restricted_lane_historic,vehicle_location_restricted_lane,junction_location,skidding_and_overturning,hit_object_in_carriageway,vehicle_leaving_carriageway,hit_object_off_carriageway,first_point_of_impact,vehicle_left_hand_drive,journey_purpose_of_driver_historic,journey_purpose_of_driver,sex_of_driver,age_of_driver,age_band_of_driver,engine_capacity_cc,propulsion_code,age_of_vehicle,generic_make_model,driver_imd_decile,lsoa_of_driver,escooter_flag,driver_distance_banding
2024471397559,2024,471397559,2,1,0,-1,19,1,5,-1,0,0,5,0,0,0,2,1,-1,6,1,65,9,-1,-1,-1,-1,8,E01034298,0,1
2024991410615,2024,991410615,1,2,0,-1,19,3,7,-1,0,1,2,0,0,0,1,1,-1,6,1,22,5,-1,-1,-1,-1,-1,-1,0,-1
2024061435629,2024,061435629,2,9,0,-1,19,3,7,-1,0,8,0,0,0,0,1,9,-1,1,1,30,6,-1,-1,-1,-1,-1,-1,0,-1
2024131402354,2024,131402354,1,1,0,-1,19,3,7,-1,9,1,0,0,0,0,1,1,-1,2,1,25,5,-1,-1,-1,-1,1,E01011620,0,1
2024061522676,2024,061522676,1,9,-1,-1,-1,-1,-1,-1,-1,-1,-1,-1,-1,0,-1,9,-1,6,3,-1,-1,-1,-1,-1,-1,-1,-1,0,-1
2024061534700,2024,061534700,1,22,0,-1,12,-1,-1,-1,0,1,0,99,0,0,3,1,-1,6,1,35,6,-1,-1,-1,-1,3,E01005179,0,1
2024010513988,2024,010513988,1,9,0,18,19,3,7,0,0,1,0,0,0,0,2,1,2,2,1,48,8,-1,-1,-1,-1,4,E01002592,0,1
2024332400408,2024,332400408,1,3,0,-1,15,1,5,-1,0,8,0,0,1,0,1,1,-1,2,1,20,4,-1,-1,-1,-1,4,E01025953,0,1
2024522403273,2024,522403273,1,9,0,18,19,4,8,0,0,8,0,0,0,0,1,1,6,6,3,-1,-1,-1,-1,-1,-1,-1,-1,0,-1
2024531402664,2024,531402664,1,-1,0,-1,19,4,8,-1,0,8,0,0,0,0,1,1,-1,9,1,57,9,-1,-1,-1,-1,10,E01022114,1,1
2024101442670,2024,101442670,2,1,0,-1,19,7,3,-1,0,0,0,0,0,0,2,1,-1,6,1,53,8,-1,-1,-1,-1,2,E01008477,0,2
2024010487443,2024,010487443,1,9,0,16,19,7,3,0,0,0,0,0,7,0,1,1,6,6,2,29,6,-1,-1,-1,-1,7,E01004491,0,1
2024991413629,2024,991413629,2,1,0,-1,19,1,4,-1,0,1,0,0,0,0,1,1,-1,9,1,20,4,-1,-1,-1,-1,-1,-1,0,-1
2024131433886,2024,131433886,3,97,0,-1,-1,-1,-1,-1,-1,0,-1,-1,-1,-1,-1,1,-1,6,3,-1,-1,-1,-1,-1,-1,-1,-1,0,-1
2024340NN0862,2024,340NN0862,1,98,0,-1,11,5,1,-1,0,0,0,0,0,0,4,1,-1,6,1,-1,-1,-1,-1,-1,-1,-1,-1,0,-1
2024041400200,2024,041400200,1,9,0,-1,19,5,1,-1,0,8,0,0,0,0,3,1,-1,7,2,29,6,-1,-1,-1,-1,5,E01025061,0,1
2024201401354,2024,201401354,1,8,0,-1,5,4,8,-1,0,0,0,0,0,0,4,1,-1,1,1,39,7,-1,-1,-1,-1,3,E01009508,0,2
2024101457000,2024,101457000,2,1,0,-1,19,3,7,-1,9,0,0,0,0,0,1,1,-1,9,1,17,4,-1,-1,-1,-1,5,E01008861,0,1
2024010513051,2024,010513051,1,1,9,99,99,9,9,99,99,9,9,99,9,99,1,1,6,6,1,28,6,-1,-1,-1,-1,4,E01035484,0,1
2024010491911,2024,010491911,1,9,0,99,99,9,9,99,99,0,9,99,9,99,1,9,2,2,2,23,5,-1,-1,-1,-1,6,E01030610,0,2
2024010538000,2024,010538000,1,1,9,99,99,9,9,99,99,9,9,99,9,99,2,1,6,6,2,54,8,-1,-1,-1,-1,2,E01001588,0,1
2024991441190,2024,991441190,1,9,0,-1,4,6,2,-1,0,1,0,0,0,0,1,1,-1,6,2,73,10,-1,-1,-1,-1,7,-1,0,1
2024631483867,2024,631483867,1,9,0,-1,19,2,5,-1,0,4,0,0,0,0,1,1,-1,6,2,65,9,-1,-1,-1,-1,7,W01000619,0,1
2024111535969,2024,111535969,2,1,0,-1,19,5,1,-1,0,8,0,0,0,0,1,1,-1,9,1,55,8,-1,-1,-1,-1,2,E01020805,0,1
2024401480463,2024,401480463,2,1,-1,-1,-1,-1,-1,-1,-1,0,-1,-1,-1,0,-1,1,-1,9,1,16,4,-1,-1,-1,-1,8,E01015747,0,1
2024301522902,2024,301522902,1,90,0,-1,-1,8,4,-1,-1,0,0,99,0,0,2,1,-1,-1,1,71,10,-1,-1,-1,-1,5,E01028189,0,4
2024461433294,2024,461433294,1,21,1,-1,19,8,4,-1,0,0,0,7,0,0,3,1,-1,1,1,33,6,-1,-1,-1,-1,-1,-1,0,-1
2024471469765,2024,471469765,1,9,0,-1,19,2,6,-1,0,0,0,0,0,0,-1,9,-1,6,1,68,10,-1,-1,-1,-1,8,E01031617,0,3
2024430060924,2024,430060924,1,9,0,9,9,5,3,0,0,6,0,0,0,0,1,1,6,6,1,30,6,-1,-1,-1,-1,-1,-1,0,-1
2024010548722,2024,010548722,1,1,0,18,19,5,1,0,0,1,0,0,0,0,1,1,6,6,1,27,6,-1,-1,-1,-1,2,E01004239,0,1
2024430599517,2024,430599517,1,4,0,18,19,1,5,0,0,8,0,0,1,11,3,1,6,6,1,23,5,-1,-1,-1,-1,2,E01016443,0,1
2024440073773,2024,440073773,2,19,0,13,13,7,3,0,0,0,0,0,0,0,1,1,6,6,3,-1,-1,-1,-1,-1,-1,-1,-1,0,-1
2024430523145,2024,430523145,2,97,0,18,19,1,5,0,0,3,0,0,0,0,3,1,6,6,3,-1,-1,-1,-1,-1,-1,-1,-1,0,-1
2024522403451,2024,522403451,2,1,0,18,19,5,1,0,0,0,0,0,0,0,1,1,6,6,1,24,5,-1,-1,-1,-1,1,E01014647,0,1
2024010535375,2024,010535375,2,9,0,99,99,9,9,99,99,9,9,99,9,99,1,9,6,6,3,-1,-1,-1,-1,-1,-1,-1,-1,0,-1
2024010541580,2024,010541580,1,1,9,99,99,9,9,99,99,9,9,99,9,99,9,1,6,6,1,15,3,-1,-1,-1,-1,6,E01004381,0,3
2024010504354,2024,010504354,3,1,9,99,99,9,9,99,99,9,9,99,9,99,9,1,6,6,3,-1,-1,-1,-1,-1,-1,-1,-1,0,-1
2024430521011,2024,430521011,2,1,0,18,19,7,3,0,0,8,0,0,0,0,1,1,6,6,1,46,8,-1,-1,-1,-1,10,E01028654,0,3
2024041527886,2024,041527886,1,98,0,-1,5,1,5,-1,0,0,0,0,0,0,3,1,-1,1,1,44,7,-1,-1,-1,-1,7,E01025052,0,3
2024430468443,2024,430468443,2,9,0,7,7,4,6,0,0,1,0,0,0,0,1,1,6,6,2,-1,-1,-1,-1,-1,-1,-1,-1,0,-1
2024320352802,2024,320352802,1,5,0,-1,-1,8,4,0,0,0,0,12,1,0,1,1,-1,-1,1,59,9,-1,-1,-1,-1,10,E01026187,0,4
2024010535775,2024,010535775,1,9,0,99,99,9,9,99,99,9,9,99,9,99,1,9,6,6,3,-1,-1,-1,-1,-1,-1,-1,-1,0,-1
2024010490571,2024,010490571,1,1,9,99,99,9,9,99,99,9,9,99,9,99,9,1,2,2,1,68,10,-1,-1,-1,-1,6,E01035491,0,1
2024111479215,2024,111479215,1,9,0,-1,19,2,6,-1,0,1,0,0,0,0,1,1,-1,6,3,30,6,-1,-1,-1,-1,-1,-1,0,-1
2024161425907,2024,161425907,2,1,0,-1,3,1,5,-1,9,1,0,0,0,0,-1,1,-1,6,1,18,4,-1,-1,-1,-1,1,E01013208,0,1
2024010518753,2024,010518753,2,1,0,5,5,7,3,0,0,1,0,0,0,0,1,1,1,1,1,29,6,-1,-1,-1,-1,4,E01003150,0,2
2024010502689,2024,010502689,1,1,9,99,99,9,9,99,99,9,9,99,9,99,1,1,6,6,1,40,7,-1,-1,-1,-1,2,E01004264,0,1
2024041425489,2024,041425489,1,23,0,-1,19,1,5,-1,0,1,0,0,0,0,1,1,-1,6,3,-1,-1,-1,-1,-1,-1,-1,-1,0,-1
2024010547260,2024,010547260,1,97,0,99,99,9,9,99,99,9,9,99,9,99,1,1,6,6,3,-1,-1,-1,-1,-1,-1,-1,-1,0,-1
2024461532933,2024,461532933,2,9,0,-1,19,7,3,-1,0,0,0,0,0,0,1,9,-1,6,3,17,4,-1,-1,-1,-1,-1,-1,0,-1
2024070565043,2024,070565043,2,9,0,18,19,5,1,0,0,0,0,0,0,0,1,1,1,1,1,60,9,-1,-1,-1,-1,5,E01034676,0,3
2024401430124,2024,401430124,1,9,0,-1,9,6,4,-1,0,8,0,0,0,0,1,1,-1,6,1,-1,-1,-1,-1,-1,-1,-1,-1,0,-1
2024131459066,2024,131459066,2,1,0,-1,19,3,7,-1,0,6,0,0,0,0,3,1,-1,6,1,29,6,-1,-1,-1,-1,4,E01011832,0,2
202454A582424,2024,54A582424,2,9,0,18,19,7,3,0,0,0,5,0,7,0,3,1,6,6,1,28,6,-1,-1,-1,-1,5,E01015475,0,4
2024010487371,2024,010487371,1,19,0,7,7,5,7,0,0,8,0,0,0,0,1,1,6,6,1,53,8,-1,-1,-1,-1,2,E01003735,0,3
2024041469809,2024,041469809,2,1,0,-1,19,-1,-1,-1,9,0,0,0,0,0,-1,1,-1,6,1,16,4,-1,-1,-1,-1,1,E01012683,0,1
2024010535154,2024,010535154,2,9,0,1,1,9,9,99,99,9,9,99,9,99,9,9,6,6,3,-1,-1,-1,-1,-1,-1,-1,-1,0,-1
2024302500216,2024,302500216,1,5,0,18,19,8,7,0,0,8,0,0,0,0,1,1,2,2,1,34,6,-1,-1,-1,-1,4,E01019491,0,1
2024161469156,2024,161469156,1,8,0,-1,9,5,3,-1,0,2,0,0,0,0,-1,9,-1,6,3,-1,-1,-1,-1,-1,-1,-1,-1,0,-1
2024141510697,2024,141510697,2,9,0,-1,19,7,3,-1,0,1,0,0,0,0,3,9,-1,6,1,-1,-1,-1,-1,-1,-1,-1,-1,0,-1
2024461521341,2024,461521341,1,21,1,-1,19,3,7,-1,0,0,0,11,0,0,1,1,-1,1,1,37,7,-1,-1,-1,-1,-1,-1,0,-1
2024141416792,2024,141416792,2,9,0,-1,19,7,4,-1,0,3,0,0,0,0,4,9,-1,6,3,-1,-1,-1,-1,-1,-1,-1,-1,0,-1
2024552401404,2024,552401404,2,1,5,18,19,8,4,0,0,8,0,0,0,0,4,1,3,7,1,39,7,-1,-1,-1,-1,8,E01020504,0,1
2024111460435,2024,111460435,1,1,0,-1,7,6,7,-1,0,2,0,0,0,0,2,1,-1,9,1,14,3,-1,-1,-1,-1,2,E01020802,0,1
2024430154802,2024,430154802,1,9,0,18,19,1,5,0,0,3,0,0,0,0,1,1,6,6,1,40,7,-1,-1,-1,-1,2,E01034453,0,1
2024461427657,2024,461427657,1,21,1,-1,9,1,5,-1,0,1,0,0,0,0,1,2,-1,1,1,49,8,-1,-1,-1,-1,-1,-1,0,-1
2024451483872,2024,451483872,1,1,0,-1,19,4,8,-1,0,0,0,0,0,0,1,1,-1,9,1,24,5,-1,-1,-1,-1,9,E01003859,0,3
2024010509587,2024,010509587,1,1,9,3,3,9,9,99,99,9,9,99,9,99,1,1,2,2,1,36,7,-1,-1,-1,-1,2,E01004067,0,1
2024361492321,2024,361492321,2,9,0,-1,19,1,8,-1,0,0,0,0,0,0,1,1,-1,6,2,22,5,-1,-1,-1,-1,3,E01034768,0,1
2024340NN4292,2024,340NN4292,2,1,0,-1,19,5,1,-1,0,8,0,0,0,0,4,1,-1,9,1,52,8,-1,-1,-1,-1,8,E01027044,0,1
2024010535559,2024,010535559,2,1,9,99,99,9,9,99,99,9,9,99,9,99,1,1,2,2,2,34,6,-1,-1,-1,-1,6,E01000581,0,1
2024201398147,2024,201398147,3,1,0,-1,3,6,2,-1,0,1,0,0,0,0,1,1,-1,9,2,66,10,-1,-1,-1,-1,3,E01009441,0,1
2024221503814,2024,221503814,1,9,0,-1,19,3,7,-1,0,0,0,0,0,0,1,2,-1,6,1,40,7,-1,-1,-1,-1,5,E01032426,0,1
2024010517751,2024,010517751,1,1,0,18,19,7,3,0,0,0,0,0,0,0,1,1,6,6,1,17,4,-1,-1,-1,-1,2,E01004615,0,1
2024131417392,2024,131417392,1,1,0,-1,19,1,5,-1,0,1,0,0,0,0,1,1,-1,6,1,22,5,-1,-1,-1,-1,5,E01011678,0,1
2024010537256,2024,010537256,1,1,9,99,99,9,9,99,99,0,9,99,9,99,9,1,2,2,1,44,7,-1,-1,-1,-1,7,E01002931,0,1
2024211496970,2024,211496970,1,9,0,-1,19,3,7,-1,0,0,0,0,0,0,1,1,-1,6,1,80,11,-1,-1,-1,-1,-1,-1,0,-1
2024430505751,2024,430505751,2,9,0,18,19,8,4,0,0,1,0,0,0,0,1,1,6,6,1,-1,-1,-1,-1,-1,-1,8,E01033519,0,1
2024010498416,2024,010498416,1,1,9,99,99,9,9,99,99,9,9,99,9,99,9,1,6,6,1,53,8,-1,-1,-1,-1,2,E01001959,0,3
2024010497234,2024,010497234,1,9,0,9,9,5,3,0,0,8,0,0,0,0,1,1,2,2,1,46,8,-1,-1,-1,-1,1,E01001838,0,1
2024340WN4522,2024,340WN4522,1,9,0,-1,9,8,5,-1,0,5,0,0,0,0,4,1,-1,1,2,53,8,-1,-1,-1,-1,6,E01027176,0,2
2024991526792,2024,991526792,2,9,0,-1,2,5,1,-1,0,0,0,0,0,0,2,9,-1,1,2,30,6,-1,-1,-1,-1,2,-1,0,2
2024401489491,2024,401489491,1,9,0,-1,-1,-1,-1,-1,-1,0,-1,-1,-1,0,-1,9,-1,6,3,-1,-1,-1,-1,-1,-1,-1,-1,0,-1
2024041401441,2024,041401441,1,9,0,-1,19,1,5,-1,0,0,0,0,0,0,-1,9,-1,6,3,-1,-1,-1,-1,-1,-1,-1,-1,0,-1
2024430074481,2024,430074481,1,9,0,10,10,2,8,0,0,5,0,0,0,0,3,1,6,6,1,40,7,-1,-1,-1,-1,6,E01017922,0,1
2024010489390,2024,010489390,1,9,0,99,99,9,9,99,99,9,9,99,9,99,1,9,6,6,3,-1,-1,-1,-1,-1,-1,-1,-1,0,-1
2024010506343,2024,010506343,1,1,9,99,99,9,9,99,99,9,9,99,9,99,9,1,1,1,1,18,4,-1,-1,-1,-1,4,E01004406,0,1
2024522402973,2024,522402973,2,9,0,7,7,8,2,0,0,6,0,0,0,0,1,1,6,6,3,-1,-1,-1,-1,-1,-1,-1,-1,0,-1
2024111520641,2024,111520641,1,90,0,-1,19,1,4,-1,0,6,0,0,0,0,1,1,-1,6,1,18,4,-1,-1,-1,-1,2,E01020734,0,1
2024131499632,2024,131499632,2,9,0,-1,9,1,5,-1,0,0,0,0,0,0,3,1,-1,9,1,63,9,-1,-1,-1,-1,10,E01011549,0,2
2024010544096,2024,010544096,2,9,0,99,99,9,9,99,99,9,9,99,9,99,9,9,6,6,3,-1,-1,-1,-1,-1,-1,-1,-1,0,-1
2024340NN2902,2024,340NN2902,2,9,0,-1,11,6,1,-1,0,8,0,0,0,0,4,1,-1,9,1,32,6,-1,-1,-1,-1,8,E01035398,0,2
2024471486147,2024,471486147,2,9,0,-1,19,1,5,-1,0,0,0,0,1,0,1,1,-1,6,2,67,10,-1,-1,-1,-1,9,E01031380,0,4
2024461452375,2024,461452375,1,9,0,-1,19,5,1,-1,0,1,0,0,0,0,1,9,-1,6,3,-1,-1,-1,-1,-1,-1,-1,-1,0,-1
2024052402151,2024,052402151,2,1,0,18,19,2,6,0,0,1,0,0,0,0,0,1,2,2,2,33,6,-1,-1,-1,-1,3,E01034408,0,1
2024010526247,2024,010526247,1,1,9,99,99,9,9,99,99,9,9,99,9,99,9,1,2,2,2,24,5,-1,-1,-1,-1,7,E01002679,0,1
2024061483573,2024,061483573,2,9,0,-1,19,-1,-1,-1,0,1,0,0,0,0,1,1,-1,6,2,-1,-1,-1,-1,-1,-1,-1,-1,0,-1
2024010522461,2024,010522461,1,1,0,18,19,5,1,0,0,7,0,0,0,0,1,1,2,2,1,30,6,-1,-1,-1,-1,3,E01000641,0,1
2024010488055,2024,010488055,2,3,0,18,19,7,3,0,0,2,0,0,0,0,4,1,1,1,1,27,6,-1,-1,-1,-1,3,E01003586,0,2
2024010542506,2024,010542506,1,1,0,99,99,9,9,99,99,9,0,0,9,0,9,1,6,6,3,-1,-1,-1,-1,-1,-1,-1,-1,0,-1
2024010546774,2024,010546774,1,1,9,4,4,9,9,99,99,9,9,99,9,99,2,1,6,6,1,20,4,-1,-1,-1,-1,5,E01004501,0,1
2024552400675,2024,552400675,2,22,0,18,19,7,3,0,0,8,5,0,0,0,3,1,6,6,2,84,11,-1,-1,-1,-1,9,E01020367,0,1
2024340NN2972,2024,340NN2972,2,-1,0,-1,19,1,5,-1,0,8,0,0,0,0,3,1,-1,1,1,27,6,-1,-1,-1,-1,6,E01027062,1,1
2024131520920,2024,131520920,2,1,0,-1,19,5,1,-1,0,1,0,0,0,0,1,1,-1,9,1,17,4,-1,-1,-1,-1,1,E01011344,0,1
2024010499897,2024,010499897,1,1,9,99,99,9,9,99,99,9,9,99,9,99,9,1,6,6,1,60,9,-1,-1,-1,-1,5,E01004439,0,1
2024522402115,2024,522402115,1,-1,0,18,19,4,8,9,9,8,0,0,0,0,4,1,6,6,1,18,4,-1,-1,-1,-1,6,E01014614,1,1
2024131488755,2024,131488755,2,11,0,-1,9,5,3,-1,0,8,0,0,0,0,4,2,-1,9,2,45,7,-1,-1,-1,-1,3,E01010657,0,1
2024421491549,2024,421491549,1,9,0,-1,12,1,5,-1,0,0,0,0,0,0,1,9,-1,6,3,-1,-1,-1,-1,-1,-1,-1,-1,0,-1
2024010527888,2024,010527888,2,1,0,5,5,7,3,0,0,8,0,0,0,0,1,1,6,6,1,37,7,-1,-1,-1,-1,4,E01034601,0,1
2024010533685,2024,010533685,1,1,0,18,19,1,5,4,4,8,0,0,0,0,1,1,6,6,1,20,4,-1,-1,-1,-1,5,E01004733,0,1
2024131405030,2024,131405030,1,21,0,-1,12,3,7,-1,0,0,0,0,0,0,3,1,-1,1,1,37,7,-1,-1,-1,-1,-1,-1,0,-1
2024440537005,2024,440537005,2,1,0,18,19,1,5,0,0,0,0,0,0,0,3,1,1,1,1,43,7,-1,-1,-1,-1,4,E01017211,0,2
2024010503850,2024,010503850,1,1,9,99,99,9,9,99,99,0,9,99,9,99,9,1,6,6,1,37,7,-1,-1,-1,-1,3,E01004367,0,1
2024201517443,2024,201517443,2,9,0,-1,3,5,1,-1,0,0,0,0,0,0,2,1,-1,6,2,40,7,-1,-1,-1,-1,8,E01010395,0,1
2024010528489,2024,010528489,2,1,0,18,19,1,5,0,0,0,0,0,0,0,2,1,6,6,1,16,4,-1,-1,-1,-1,4,E01033790,0,1
2024231425014,2024,231425014,1,9,0,-1,19,3,7,-1,0,0,0,0,1,1,1,1,-1,6,1,36,7,-1,-1,-1,-1,4,E01031052,0,4
2024010491439,2024,010491439,2,9,0,99,99,9,9,99,99,9,9,99,9,99,1,9,6,6,3,-1,-1,-1,-1,-1,-1,7,E01000585,0,2
2024522401381,2024,522401381,2,-1,0,99,99,9,9,0,0,8,0,0,0,0,9,1,1,1,3,-1,-1,-1,-1,-1,-1,-1,-1,1,-1
2024201469019,2024,201469019,2,1,0,-1,19,6,2,-1,0,0,0,0,0,0,1,1,-1,6,1,60,9,-1,-1,-1,-1,6,E01010350,0,2
2024361527114,2024,361527114,1,1,-1,-1,-1,-1,-1,-1,-1,0,-1,-1,-1,0,-1,1,-1,6,3,-1,-1,-1,-1,-1,-1,-1,-1,0,-1
2024520401757,2024,520401757,1,9,0,18,19,7,3,0,0,0,0,0,0,0,1,1,6,6,1,19,4,-1,-1,-1,-1,9,E01029024,0,1
2024211506486,2024,211506486,2,9,0,-1,-1,-1,-1,-1,-1,-1,-1,-1,-1,0,-1,1,-1,6,1,32,6,-1,-1,-1,-1,-1,-1,0,-1
2024351493346,2024,351493346,1,-1,0,-1,19,-1,-1,-1,0,1,0,0,0,0,3,1,-1,9,2,21,5,-1,-1,-1,-1,7,E01035525,1,1
2024440325383,2024,440325383,3,9,0,9,9,5,3,0,0,1,0,0,0,0,3,1,6,6,3,-1,-1,-1,-1,-1,-1,-1,-1,0,-1
2024411492481,2024,411492481,2,98,-1,-1,-1,-1,-1,-1,-1,2,-1,-1,-1,0,-1,9,-1,6,3,-1,-1,-1,-1,-1,-1,-1,-1,0,-1
2024361473570,2024,361473570,1,9,0,-1,19,7,3,-1,0,0,1,0,7,0,3,1,-1,2,1,46,8,-1,-1,-1,-1,7,E01026928,0,2
2024461397242,2024,461397242,1,9,0,-1,7,4,6,-1,0,6,0,0,0,0,1,9,-1,6,3,-1,-1,-1,-1,-1,-1,-1,-1,0,-1
2024010489748,2024,010489748,1,3,9,99,99,9,9,99,99,9,9,99,9,99,9,1,6,6,3,26,6,-1,-1,-1,-1,4,E01001232,0,1
2024302500269,2024,302500269,2,9,0,-1,19,8,5,-1,0,1,0,0,0,0,0,1,-1,6,3,-1,-1,-1,-1,-1,-1,5,E01019456,0,4
2024411469294,2024,411469294,1,9,0,-1,3,7,3,-1,0,1,0,0,0,0,1,9,-1,6,3,-1,-1,-1,-1,-1,-1,-1,-1,0,-1
2024451504660,2024,451504660,1,1,0,-1,9,5,1,-1,0,0,0,0,0,0,1,1,-1,2,1,47,8,-1,-1,-1,-1,6,E01030482,0,1
2024302401450,2024,302401450,1,9,0,18,19,2,6,0,0,0,5,0,0,0,1,1,6,6,2,64,9,-1,-1,-1,-1,9,E01019409,0,1
2024471485875,2024,471485875,2,1,0,-1,19,2,6,-1,0,8,0,0,0,0,1,1,-1,6,1,28,6,-1,-1,-1,-1,5,E01016991,0,1
2024041410240,2024,041410240,1,9,0,-1,9,7,3,-1,0,1,0,0,0,0,0,9,-1,6,3,-1,-1,-1,-1,-1,-1,-1,-1,0,-1
2024440208487,2024,440208487,2,9,0,18,19,5,1,0,0,0,0,0,0,0,1,1,6,6,1,-1,-1,-1,-1,-1,-1,-1,-1,0,-1
2024010529351,2024,010529351,1,1,9,9,9,5,2,0,0,9,9,99,9,99,9,1,6,6,2,39,7,-1,-1,-1,-1,2,E01003060,0,1
2024011513158,2024,011513158,1,19,0,-1,5,2,6,-1,0,4,0,0,0,0,1,1,-1,9,1,29,6,-1,-1,-1,-1,-1,-1,0,-1
2024991394418,2024,991394418,1,9,0,-1,19,5,1,-1,0,0,0,0,0,0,1,1,-1,6,1,40,7,-1,-1,-1,-1,-1,-1,0,-1
2024061500850,2024,061500850,1,9,0,-1,5,1,1,-1,0,3,0,0,0,0,4,1,-1,2,1,55,8,-1,-1,-1,-1,6,E01004998,0,4
2024010530162,2024,010530162,1,1,9,99,99,9,9,99,99,9,9,99,9,99,9,1,2,2,2,42,7,-1,-1,-1,-1,9,E01003908,0,1
2024320583889,2024,320583889,1,9,0,9,9,6,4,0,0,6,0,0,0,0,1,1,-1,-1,2,56,9,-1,-1,-1,-1,1,E01026092,0,2
2024161430406,2024,161430406,1,9,0,-1,1,6,2,-1,0,0,0,0,0,0,2,9,-1,9,1,25,5,-1,-1,-1,-1,2,E01013130,0,1
2024471441193,2024,471441193,1,1,0,-1,19,3,7,-1,0,4,0,0,0,0,3,1,-1,9,1,30,6,-1,-1,-1,-1,6,E01031405,0,2
2024061501834,2024,061501834,3,9,-1,-1,-1,-1,-1,-1,-1,0,-1,-1,-1,0,-1,9,-1,6,3,-1,-1,-1,-1,-1,-1,-1,-1,0,-1
2024501426728,2024,501426728,1,1,0,-1,5,4,8,-1,0,0,5,0,0,0,2,1,-1,9,1,12,3,-1,-1,-1,-1,8,E01018806,0,1
2024501427449,2024,501427449,2,1,0,-1,19,2,6,-1,0,0,0,0,0,0,1,1,-1,6,1,87,11,-1,-1,-1,-1,3,E01020018,0,1
2024991516414,2024,991516414,2,1,0,-1,9,6,2,-1,0,1,0,0,0,0,1,1,-1,2,1,25,5,-1,-1,-1,-1,6,-1,0,1
2024010502512,2024,010502512,1,1,9,99,99,9,9,99,99,1,9,99,9,99,9,1,2,2,2,26,6,-1,-1,-1,-1,4,E01001354,0,1
2024451428119,2024,451428119,1,97,0,-1,13,3,1,-1,0,1,0,0,0,0,4,1,-1,6,3,34,6,-1,-1,-1,-1,-1,-1,0,-1
2024311413717,2024,311413717,2,1,0,-1,19,3,7,-1,0,2,0,0,0,0,1,1,-1,9,1,34,6,-1,-1,-1,-1,-1,-1,0,-1
2024010495305,2024,010495305,2,9,9,99,99,9,9,99,99,9,9,99,9,99,1,9,6,6,3,-1,-1,-1,-1,-1,-1,-1,-1,0,-1
2024430013335,2024,430013335,1,9,0,9,9,8,6,0,0,5,0,0,0,0,4,1,6,6,1,30,6,-1,-1,-1,-1,-1,-1,0,-1
2024461506353,2024,461506353,3,9,0,-1,2,7,7,-1,-1,0,0,0,0,0,2,1,-1,2,1,32,6,-1,-1,-1,-1,1,E01033767,0,5
2024010494216,2024,010494216,1,9,0,99,99,9,9,99,99,9,9,99,9,99,3,9,1,1,1,34,6,-1,-1,-1,-1,5,E01002682,0,2
2024451516479,2024,451516479,2,1,0,-1,19,3,7,-1,0,1,0,0,0,0,4,1,-1,9,1,62,9,-1,-1,-1,-1,9,E01030992,0,1
2024201433449,2024,201433449,2,1,0,-1,19,3,8,-1,0,8,0,0,0,0,1,1,-1,1,1,56,9,-1,-1,-1,-1,7,E01009682,0,1
2024131494617,2024,131494617,2,3,0,-1,19,7,3,-1,0,6,2,0,1,0,1,1,-1,9,1,14,3,-1,-1,-1,-1,1,E01010777,0,1
2024991527576,2024,991527576,1,19,0,-1,19,4,8,-1,0,0,0,0,1,0,1,1,-1,2,1,34,6,-1,-1,-1,-1,8,-1,0,3
2024401505368,2024,401505368,1,9,0,-1,19,4,8,-1,0,0,0,0,0,0,1,9,-1,6,1,-1,-1,-1,-1,-1,-1,-1,-1,0,-1
2024070148765,2024,070148765,2,9,0,6,6,7,3,0,0,0,0,0,0,0,3,1,2,2,1,33,6,-1,-1,-1,-1,4,E01035382,0,1
2024131446092,2024,131446092,1,9,0,-1,-1,-1,-1,-1,-1,-1,-1,-1,-1,-1,-1,1,-1,6,3,-1,-1,-1,-1,-1,-1,-1,-1,0,-1
2024430283031,2024,430283031,2,9,0,18,19,2,6,0,0,1,0,0,0,0,1,1,6,6,3,-1,-1,-1,-1,-1,-1,-1,-1,0,-1
2024122400965,2024,122400965,1,1,0,16,19,5,3,0,0,8,0,0,7,11,1,1,4,7,1,44,7,-1,-1,-1,-1,6,E01005041,0,5
2024531536296,2024,531536296,2,9,0,-1,19,4,8,-1,0,4,0,0,3,0,2,1,-1,9,2,37,7,-1,-1,-1,-1,9,E01031968,0,4
2024471507113,2024,471507113,2,1,0,-1,19,4,6,-1,0,1,0,0,0,0,1,1,-1,6,1,71,10,-1,-1,-1,-1,9,E01031532,0,2
2024010516290,2024,010516290,2,19,9,99,99,9,9,99,99,9,9,99,9,99,1,9,6,6,3,-1,-1,-1,-1,-1,-1,-1,-1,0,-1
2024401498750,2024,401498750,2,-1,0,-1,19,3,7,-1,0,1,0,0,0,0,1,1,-1,6,2,-1,-1,-1,-1,-1,-1,3,E01015715,1,1
2024221470644,2024,221470644,2,9,0,-1,19,3,7,-1,0,0,0,0,0,0,3,9,-1,9,1,69,10,-1,-1,-1,-1,4,E01010006,0,4
2024052401187,2024,052401187,2,9,0,18,19,5,1,0,0,0,0,0,0,0,2,1,6,6,2,59,9,-1,-1,-1,-1,1,E01006913,0,1
2024122401117,2024,122401117,2,9,0,9,9,2,7,0,0,1,0,0,0,0,4,1,6,6,3,-1,-1,-1,-1,-1,-1,-1,-1,0,-1
2024332401261,2024,332401261,1,9,0,-1,3,2,6,-1,0,0,0,0,0,0,4,1,-1,6,3,-1,-1,-1,-1,-1,-1,-1,-1,0,-1
2024430246318,2024,430246318,2,1,0,18,19,3,7,0,0,8,0,10,0,0,1,1,1,1,1,20,4,-1,-1,-1,-1,2,E01016397,0,1
2024010516277,2024,010516277,2,1,0,18,19,1,5,0,0,8,0,0,1,11,4,1,6,6,1,22,5,-1,-1,-1,-1,10,E01013113,0,5