collision_index,collision_year,collision_ref_no,vehicle_reference,vehicle_type,towing_and_articulation,vehicle_manoeuvre_historic,vehicle_manoeuvre,vehicle_direction_from,vehicle_direction_to,vehicle_location_restricted_lane_historic,vehicle_location_restricted_lane,junction_location,skidding_and_overturning,hit_object_in_carriageway,vehicle_leaving_carriageway,hit_object_off_carriageway,first_point_of_impact,vehicle_left_hand_drive,journey_purpose_of_driver_historic,journey_purpose_of_driver,sex_of_driver,age_of_driver,age_band_of_driver,engine_capacity_cc,propulsion_code,age_of_vehicle,generic_make_model,driver_imd_decile,lsoa_of_driver,escooter_flag,driver_distance_banding
2024411468263,2024,411468263,1,9,0,-1,5,6,3,-1,0,0,0,0,0,0,0,9,-1,6,3,-1,-1,-1,-1,-1,-1,-1,-1,0,-1
2024361555508,2024,361555508,1,9,0,-1,5,3,5,-1,0,6,0,0,0,0,1,1,-1,9,2,42,7,-1,-1,-1,-1,8,E01030269,0,3
2024501495849,2024,501495849,2,1,0,-1,19,6,2,-1,0,1,5,0,0,0,1,1,-1,9,1,49,8,-1,-1,-1,-1,6,E01020074,0,1
2024010487769,2024,010487769,1,9,0,99,99,9,9,99,99,0,9,99,9,99,9,9,6,6,2,64,9,-1,-1,-1,-1,5,E01001348,0,2
2024471481221,2024,471481221,1,1,0,-1,19,1,5,-1,0,0,0,0,0,0,4,1,-1,9,1,42,7,-1,-1,-1,-1,6,E01021143,0,3
2024340WN2182,2024,340WN2182,2,1,0,-1,19,2,6,-1,0,1,0,0,0,0,4,1,-1,9,1,22,5,-1,-1,-1,-1,-1,-1,0,-1
2024010507592,2024,010507592,1,1,9,99,99,9,9,99,99,0,9,99,9,99,9,1,2,2,1,36,7,-1,-1,-1,-1,7,E01001302,0,3
2024361422874,2024,361422874,2,1,0,-1,19,5,1,-1,0,0,0,8,0,0,4,1,-1,6,1,45,7,-1,-1,-1,-1,1,E01026625,0,1
2024501484565,2024,501484565,2,3,0,-1,19,4,8,-1,0,1,2,0,7,0,0,1,-1,6,1,71,10,-1,-1,-1,-1,10,E01019909,0,4
2024161457046,2024,161457046,2,1,0,-1,19,3,7,-1,0,0,0,0,0,0,1,1,-1,7,1,-1,-1,-1,-1,-1,-1,-1,-1,0,-1
2024010528485,2024,010528485,2,1,0,17,19,1,5,0,0,1,0,0,0,0,1,1,6,6,1,20,4,-1,-1,-1,-1,4,E01002704,0,1
2024430117495,2024,430117495,1,9,0,18,19,5,1,0,0,0,0,0,0,0,1,1,3,7,1,36,7,-1,-1,-1,-1,-1,-1,0,-1
2024501410869,2024,501410869,1,20,0,-1,4,7,3,-1,0,1,0,0,0,0,0,9,-1,1,1,35,6,-1,-1,-1,-1,7,E01019908,0,3
2024041528460,2024,041528460,1,98,0,-1,9,3,1,-1,-1,0,0,0,1,0,3,1,-1,9,1,58,9,-1,-1,-1,-1,8,E01025105,0,2
2024501467933,2024,501467933,2,9,0,-1,5,5,7,-1,0,1,0,0,0,0,1,9,-1,6,3,-1,-1,-1,-1,-1,-1,-1,-1,0,-1
2024101534432,2024,101534432,1,9,0,-1,19,2,7,-1,0,0,0,0,0,0,4,9,-1,6,3,35,6,-1,-1,-1,-1,-1,-1,0,-1
2024302401329,2024,302401329,1,9,0,5,5,2,6,0,0,4,0,0,0,0,1,1,2,2,1,44,7,-1,-1,-1,-1,7,E01019411,0,1
2024201474898,2024,201474898,3,9,0,-1,19,5,1,-1,0,8,0,0,0,0,4,1,-1,6,2,58,9,-1,-1,-1,-1,5,E01009183,0,1
2024101477255,2024,101477255,1,21,1,-1,11,7,3,-1,0,8,0,0,0,0,4,1,-1,1,1,52,8,-1,-1,-1,-1,3,E01011915,0,5
2024991394919,2024,991394919,1,9,0,-1,9,7,3,-1,0,6,0,0,0,0,2,1,-1,6,1,35,6,-1,-1,-1,-1,-1,-1,0,-1
2024440301929,2024,440301929,1,1,0,18,19,3,7,0,0,8,0,0,0,0,1,1,6,6,1,52,8,-1,-1,-1,-1,1,E01012683,0,5
2024161530173,2024,161530173,2,9,0,-1,7,3,5,-1,0,0,0,0,0,0,1,1,-1,6,1,27,6,-1,-1,-1,-1,7,E01013228,0,2
2024320533278,2024,320533278,2,9,0,-1,-1,7,2,0,0,0,0,0,0,0,3,1,-1,-1,1,55,8,-1,-1,-1,-1,-1,-1,0,-1
2024010539545,2024,010539545,2,9,9,99,99,9,9,99,99,9,9,99,9,99,9,9,6,6,3,-1,-1,-1,-1,-1,-1,-1,-1,0,-1
202454E415024,2024,54E415024,2,1,0,18,19,4,8,0,0,0,0,0,0,0,4,1,6,6,1,33,6,-1,-1,-1,-1,8,E01032704,0,2
2024010537294,2024,010537294,1,9,0,18,19,7,3,0,0,4,0,0,0,0,1,1,6,6,3,-1,-1,-1,-1,-1,-1,-1,-1,0,-1
2024340WN0482,2024,340WN0482,1,19,0,-1,11,4,8,-1,0,0,0,0,0,0,4,1,-1,6,3,-1,-1,-1,-1,-1,-1,-1,-1,0,-1
2024371408644,2024,371408644,3,9,0,-1,3,7,3,-1,0,1,0,0,0,0,2,1,-1,6,2,46,8,-1,-1,-1,-1,5,E01030106,0,1
2024141519580,2024,141519580,2,1,0,-1,19,5,1,-1,0,1,0,0,0,0,1,1,-1,6,1,34,6,-1,-1,-1,-1,1,E01008090,0,2
2024991450576,2024,991450576,2,90,0,-1,19,1,5,-1,0,8,0,0,0,0,1,1,-1,9,1,82,11,-1,-1,-1,-1,-1,-1,0,-1
2024141516162,2024,141516162,1,1,0,-1,19,7,3,-1,0,0,5,0,0,0,1,1,-1,6,1,56,9,-1,-1,-1,-1,-1,-1,0,-1
2024131489180,2024,131489180,1,1,0,-1,19,3,7,-1,0,1,0,0,0,0,0,1,-1,6,1,62,9,-1,-1,-1,-1,7,E01011188,0,1
2024010496084,2024,010496084,1,9,0,18,19,5,1,0,0,8,0,0,0,0,3,1,1,1,1,34,6,-1,-1,-1,-1,3,E01003550,0,3
2024231439850,2024,231439850,2,1,0,-1,19,2,6,-1,4,8,0,0,0,0,4,1,-1,6,1,38,7,-1,-1,-1,-1,9,E01031329,0,1
2024010516193,2024,010516193,2,9,0,99,99,9,9,99,99,0,9,99,9,99,4,9,6,6,3,-1,-1,-1,-1,-1,-1,-1,-1,0,-1
2024451433030,2024,451433030,1,1,0,-1,19,5,1,-1,0,8,5,0,0,0,1,1,-1,2,1,41,7,-1,-1,-1,-1,5,E01001158,0,3
2024061506042,2024,061506042,2,9,-1,-1,-1,-1,-1,-1,-1,-1,-1,-1,-1,0,-1,9,-1,6,3,-1,-1,-1,-1,-1,-1,-1,-1,0,-1
2024010490708,2024,010490708,1,9,0,5,5,5,1,0,0,6,0,0,0,0,1,1,6,6,2,51,8,-1,-1,-1,-1,3,E01000195,0,1
2024311471476,2024,311471476,1,1,0,-1,19,1,5,-1,0,1,0,0,0,0,0,1,-1,1,1,30,6,-1,-1,-1,-1,-1,-1,0,-1
2024101530044,2024,101530044,1,9,0,-1,4,1,5,-1,0,0,0,0,0,0,1,9,-1,9,2,31,6,-1,-1,-1,-1,10,E01013152,0,5
2024401398471,2024,401398471,2,1,0,-1,5,4,8,-1,0,8,2,0,0,0,1,1,-1,2,1,31,6,-1,-1,-1,-1,9,E01017614,0,1
2024010494823,2024,010494823,1,3,0,99,99,9,9,99,99,9,9,99,9,99,9,1,1,1,3,48,8,-1,-1,-1,-1,2,E01002051,0,1
2024010528711,2024,010528711,3,9,0,18,19,1,5,0,0,1,0,0,0,0,1,1,6,6,1,37,7,-1,-1,-1,-1,9,E01004589,0,2
2024451519949,2024,451519949,2,9,0,-1,9,1,1,-1,0,6,0,0,0,0,3,1,-1,6,1,55,8,-1,-1,-1,-1,-1,-1,0,-1
2024061526268,2024,061526268,1,1,0,-1,10,-1,-1,-1,0,8,5,0,0,0,2,1,-1,6,2,42,7,-1,-1,-1,-1,2,E01004855,0,1
2024411462290,2024,411462290,2,1,0,-1,19,7,3,-1,0,0,0,0,0,0,1,1,-1,6,1,80,11,-1,-1,-1,-1,7,E01001566,0,2
2024010509996,2024,010509996,1,1,9,99,99,9,9,99,99,9,9,8,9,99,9,1,2,2,1,22,5,-1,-1,-1,-1,9,E01035488,0,1
2024231424850,2024,231424850,2,-1,0,-1,4,2,6,-1,9,8,1,0,0,0,4,1,-1,9,1,28,6,-1,-1,-1,-1,3,E01031073,1,1
2024131417016,2024,131417016,2,9,0,-1,9,3,1,-1,2,1,0,0,3,0,1,1,-1,6,1,32,6,-1,-1,-1,-1,3,E01010763,0,1
2024041421495,2024,041421495,1,98,0,-1,19,-1,-1,-1,0,1,0,0,0,0,4,9,-1,6,3,-1,-1,-1,-1,-1,-1,-1,-1,0,-1
2024221456963,2024,221456963,1,9,0,-1,19,7,3,-1,0,0,0,0,0,0,1,9,-1,6,3,27,6,-1,-1,-1,-1,-1,-1,0,-1
2024320641668,2024,320641668,1,9,0,-1,-1,4,8,0,0,0,0,0,0,0,4,1,-1,-1,1,45,7,-1,-1,-1,-1,4,E01028017,0,4
2024161412823,2024,161412823,1,1,0,-1,19,5,1,-1,0,1,0,0,0,0,4,1,-1,2,2,41,7,-1,-1,-1,-1,1,E01013208,0,1
2024010504111,2024,010504111,1,5,0,18,19,3,7,0,0,0,5,0,0,0,3,1,6,6,1,65,9,-1,-1,-1,-1,5,E01002660,0,3
2024010503874,2024,010503874,2,9,0,99,99,9,9,99,99,9,9,99,9,99,9,9,6,6,3,-1,-1,-1,-1,-1,-1,-1,-1,0,-1
2024010497777,2024,010497777,1,1,9,99,99,9,9,99,99,9,9,99,9,99,9,1,2,2,1,31,6,-1,-1,-1,-1,2,E01001318,0,1
2024320252122,2024,320252122,2,9,0,-1,-1,4,8,0,0,8,0,0,0,0,4,1,-1,-1,1,32,6,-1,-1,-1,-1,4,E01026025,0,4
2024440339892,2024,440339892,1,1,0,18,19,2,6,0,0,0,0,10,1,0,4,1,6,6,1,66,10,-1,-1,-1,-1,10,E01032870,0,1
2024451462950,2024,451462950,1,9,0,-1,7,5,1,-1,0,0,0,0,4,0,1,1,-1,9,1,49,8,-1,-1,-1,-1,8,E01022639,0,2
2024010497837,2024,010497837,2,90,0,18,19,1,5,0,0,1,0,0,0,0,2,1,1,1,1,35,6,-1,-1,-1,-1,2,E01001161,0,1
2024010532237,2024,010532237,1,19,0,99,99,9,9,99,99,9,9,99,9,99,9,9,6,6,3,-1,-1,-1,-1,-1,-1,-1,-1,0,-1
2024501420535,2024,501420535,2,1,0,-1,19,1,5,-1,0,0,0,0,0,0,3,1,-1,2,1,40,7,-1,-1,-1,-1,2,E01015186,0,1
2024141448294,2024,141448294,3,9,0,-1,2,0,0,-1,0,0,0,4,0,0,2,1,-1,6,-1,-1,-1,-1,-1,-1,-1,-1,-1,0,-1
2024010488639,2024,010488639,3,9,0,18,19,3,7,0,0,1,0,0,0,0,3,1,6,6,1,53,8,-1,-1,-1,-1,8,E01004149,0,1
2024311513778,2024,311513778,2,1,-1,-1,5,3,7,-1,0,0,0,0,0,0,2,1,-1,9,1,14,3,-1,-1,-1,-1,4,E01028380,0,1
2024461521928,2024,461521928,1,9,0,-1,19,7,5,-1,0,1,0,4,0,0,1,1,-1,9,1,37,7,-1,-1,-1,-1,9,E01021203,0,3
2024010490525,2024,010490525,2,9,0,99,99,9,9,99,99,9,9,99,0,0,9,9,6,6,3,-1,-1,-1,-1,-1,-1,7,E01000442,0,1
2024471421881,2024,471421881,2,-1,0,-1,19,7,3,-1,0,2,0,0,0,0,4,9,-1,7,2,11,3,-1,-1,-1,-1,5,E01034817,1,1
2024201542326,2024,201542326,1,98,0,-1,9,6,3,-1,0,1,0,0,0,0,1,9,-1,1,1,23,5,-1,-1,-1,-1,1,E01010277,0,1
2024531480032,2024,531480032,1,98,0,-1,19,7,3,-1,0,1,0,0,0,0,1,1,-1,1,1,60,9,-1,-1,-1,-1,4,E01029638,0,4
2024361512681,2024,361512681,1,9,-1,-1,-1,-1,-1,-1,-1,0,-1,-1,-1,0,-1,1,-1,6,3,-1,-1,-1,-1,-1,-1,-1,-1,0,-1
2024010549268,2024,010549268,2,9,0,12,12,4,8,0,0,0,0,0,0,0,3,1,6,6,1,58,9,-1,-1,-1,-1,8,E01002891,0,1
2024430034313,2024,430034313,1,1,0,18,19,5,1,0,0,8,0,0,0,0,4,1,6,6,2,24,5,-1,-1,-1,-1,8,E01016418,0,1
2024101478654,2024,101478654,1,9,-1,-1,19,2,6,-1,0,1,0,0,0,0,1,9,-1,6,1,56,9,-1,-1,-1,-1,3,E01008219,0,3
2024522402851,2024,522402851,1,19,0,9,9,8,6,0,0,5,0,0,0,0,1,1,1,1,1,42,7,-1,-1,-1,-1,10,E01014885,0,4
202454A492724,2024,54A492724,1,9,0,18,19,7,3,0,0,0,0,0,0,0,0,1,6,6,3,-1,-1,-1,-1,-1,-1,-1,-1,0,-1
2024010531059,2024,010531059,2,9,0,9,9,3,1,0,0,5,0,0,0,0,2,1,6,6,1,35,6,-1,-1,-1,-1,1,E01002038,0,1
2024430027263,2024,430027263,1,9,0,16,19,6,1,0,0,0,1,0,0,0,1,1,6,6,1,28,6,-1,-1,-1,-1,5,E01032961,0,2
2024010500369,2024,010500369,1,9,0,9,9,3,1,0,0,5,0,0,0,0,0,1,6,6,2,37,7,-1,-1,-1,-1,-1,-1,0,-1
2024161502660,2024,161502660,1,97,0,-1,19,5,3,-1,0,4,5,0,0,0,4,1,-1,6,1,36,7,-1,-1,-1,-1,-1,-1,0,-1
2024010495885,2024,010495885,1,-1,9,99,99,9,9,99,99,0,9,99,9,99,9,1,6,6,2,58,9,-1,-1,-1,-1,2,E01002843,1,1
2024430232315,2024,430232315,1,9,0,16,19,1,4,0,0,0,0,0,0,0,1,1,6,6,3,-1,-1,-1,-1,-1,-1,-1,-1,0,-1
2024351413178,2024,351413178,1,9,0,-1,5,7,3,-1,0,1,0,0,0,0,1,1,-1,9,2,29,6,-1,-1,-1,-1,8,E01018148,0,1
2024501451694,2024,501451694,2,9,0,-1,19,4,8,-1,0,1,0,0,6,0,1,1,-1,6,2,74,10,-1,-1,-1,-1,6,E01019027,0,3
2024440522257,2024,440522257,1,-1,0,18,19,0,6,9,9,8,0,0,0,0,1,1,6,6,2,15,3,-1,-1,-1,-1,4,E01017275,1,1
202454A039524,2024,54A039524,1,19,0,18,19,3,7,0,0,1,1,0,0,0,1,1,6,6,1,48,8,-1,-1,-1,-1,-1,-1,0,-1
2024430424657,2024,430424657,1,21,1,15,15,4,1,0,0,0,0,0,0,0,3,1,6,6,3,-1,-1,-1,-1,-1,-1,-1,-1,0,-1
2024010497877,2024,010497877,2,9,0,99,99,9,9,99,99,9,9,99,9,99,9,9,6,6,3,-1,-1,-1,-1,-1,-1,-1,-1,0,-1
2024421422213,2024,421422213,3,9,0,-1,19,4,8,-1,0,0,1,0,1,0,2,2,-1,9,1,68,10,-1,-1,-1,-1,-1,-1,0,-1
2024010516322,2024,010516322,2,1,0,18,19,5,1,4,4,1,0,0,0,0,1,1,6,6,1,18,4,-1,-1,-1,-1,4,E01004342,0,2
2024010537814,2024,010537814,2,1,0,5,5,3,7,0,0,1,0,0,0,0,3,1,6,6,1,13,3,-1,-1,-1,-1,5,E01002143,0,1
2024461449493,2024,461449493,1,9,0,-1,19,8,1,-1,0,0,0,0,0,0,1,1,-1,9,2,78,11,-1,-1,-1,-1,6,E01024540,0,4
2024141500440,2024,141500440,2,1,0,-1,19,5,1,-1,0,8,2,0,0,0,4,1,-1,6,1,48,8,-1,-1,-1,-1,10,E01007954,0,1
2024131415127,2024,131415127,2,1,0,-1,14,7,7,-1,0,2,1,4,0,0,1,1,-1,9,1,61,9,-1,-1,-1,-1,3,E01011304,0,1
2024052402252,2024,052402252,1,9,0,18,19,1,5,0,0,0,0,0,0,0,2,1,6,6,1,-1,-1,-1,-1,-1,-1,-1,-1,0,-1
2024340NN2162,2024,340NN2162,2,9,0,-1,3,1,6,-1,0,1,0,0,0,0,2,1,-1,9,1,59,9,-1,-1,-1,-1,4,E01026956,0,1
2024201452335,2024,201452335,1,9,0,-1,19,6,2,-1,0,0,0,0,0,0,1,1,-1,6,1,17,4,-1,-1,-1,-1,5,E01009948,0,1
2024010510075,2024,010510075,1,9,0,18,19,5,1,0,0,0,0,0,0,0,1,1,6,6,3,-1,-1,-1,-1,-1,-1,-1,-1,0,-1
2024471477102,2024,471477102,2,1,0,-1,7,2,5,-1,0,2,0,0,0,0,3,1,-1,6,2,57,9,-1,-1,-1,-1,8,E01016972,0,3
2024421401192,2024,421401192,1,9,0,-1,-1,-1,-1,-1,-1,0,-1,-1,-1,0,-1,9,-1,6,3,-1,-1,-1,-1,-1,-1,-1,-1,0,-1
2024010529772,2024,010529772,2,1,0,18,19,7,3,2,2,2,0,0,0,0,1,1,6,6,1,48,8,-1,-1,-1,-1,2,E01035708,0,1
2024101412829,2024,101412829,1,9,0,-1,19,1,5,-1,0,0,0,0,0,0,0,9,-1,6,3,-1,-1,-1,-1,-1,-1,-1,-1,0,-1
2024440033946,2024,440033946,1,-1,0,18,19,2,6,4,4,1,0,0,0,0,1,1,6,6,1,22,5,-1,-1,-1,-1,1,E01017166,1,1
2024361493619,2024,361493619,1,97,0,-1,19,7,2,-1,0,8,0,0,0,0,1,1,-1,6,1,33,6,-1,-1,-1,-1,5,E01026878,0,2
2024010533442,2024,010533442,1,1,9,99,99,9,9,99,99,9,9,99,9,99,9,1,6,6,1,37,7,-1,-1,-1,-1,7,E01002714,0,3
2024010538262,2024,010538262,1,-1,0,18,19,7,3,0,0,1,0,0,0,0,0,1,6,6,2,59,9,-1,-1,-1,-1,2,E01002003,1,1
2024351497687,2024,351497687,1,9,0,-1,19,7,3,-1,0,4,0,0,0,0,1,1,-1,6,1,-1,-1,-1,-1,-1,-1,-1,-1,0,-1
2024201518655,2024,201518655,1,9,0,-1,3,1,2,-1,0,0,0,0,1,0,4,1,-1,6,1,-1,-1,-1,-1,-1,-1,5,E01008934,0,2
2024010548983,2024,010548983,2,9,0,99,99,9,9,99,99,9,9,99,9,99,9,9,6,6,3,-1,-1,-1,-1,-1,-1,-1,-1,0,-1
2024610013124,2024,610013124,1,19,0,3,3,1,5,0,0,0,0,0,0,0,2,1,6,6,1,58,9,-1,-1,-1,-1,9,W01001578,0,2
2024052400584,2024,052400584,2,1,0,18,19,5,1,0,0,6,0,0,0,0,3,1,6,6,1,68,10,-1,-1,-1,-1,1,E01006821,0,1
202417S110124,2024,17S110124,2,1,0,-1,19,8,4,-1,0,8,0,0,0,0,4,1,-1,9,1,48,8,-1,-1,-1,-1,-1,-1,0,-1
2024501529825,2024,501529825,1,1,0,-1,19,7,3,-1,0,0,0,0,0,0,4,1,-1,6,1,75,10,-1,-1,-1,-1,9,E01034633,0,1
2024211515066,2024,211515066,2,1,0,-1,19,5,2,-1,0,0,5,0,0,0,4,1,-1,9,1,13,3,-1,-1,-1,-1,1,E01014218,0,1
2024991510009,2024,991510009,1,9,0,-1,19,7,3,-1,0,0,0,0,0,0,4,9,-1,6,3,20,4,-1,-1,-1,-1,-1,-1,0,-1
2024991418653,2024,991418653,6,9,0,-1,2,0,0,-1,0,0,0,0,0,0,2,1,-1,6,-1,-1,-1,-1,-1,-1,-1,-1,-1,0,-1
202460Q007702,2024,60Q007702,2,22,0,18,19,3,7,0,0,6,0,0,0,0,3,1,6,6,1,72,10,-1,-1,-1,-1,-1,-1,0,-1
2024991534995,2024,991534995,1,9,0,-1,5,6,2,-1,0,1,0,0,0,0,4,1,-1,9,2,25,5,-1,-1,-1,-1,7,-1,0,1
2024010548488,2024,010548488,1,9,0,9,9,3,1,0,0,8,0,0,0,0,1,1,6,6,3,-1,-1,-1,-1,-1,-1,-1,-1,0,-1
2024531476154,2024,531476154,2,9,0,-1,13,5,1,-1,0,0,0,0,0,0,3,1,-1,1,1,26,6,-1,-1,-1,-1,8,E01034802,0,2
2024141425629,2024,141425629,1,98,0,-1,12,5,1,-1,0,0,0,0,0,0,3,9,-1,6,3,-1,-1,-1,-1,-1,-1,-1,-1,0,-1
2024340WN4822,2024,340WN4822,1,21,0,-1,19,7,3,-1,0,0,0,0,0,0,2,1,-1,6,3,-1,-1,-1,-1,-1,-1,-1,-1,0,-1
2024010493073,2024,010493073,1,19,0,4,4,3,7,0,0,0,0,0,0,0,2,1,1,1,1,37,7,-1,-1,-1,-1,6,E01002145,0,3
2024231559450,2024,231559450,1,9,0,-1,9,7,5,-1,0,1,0,0,0,0,1,9,-1,6,3,30,6,-1,-1,-1,-1,-1,-1,0,-1
2024351518121,2024,351518121,2,1,-1,-1,-1,-1,-1,-1,-1,0,-1,-1,-1,0,-1,1,-1,2,2,35,6,-1,-1,-1,-1,6,E01015691,0,1
2024440121260,2024,440121260,1,21,0,18,19,3,7,0,0,0,0,0,0,0,1,1,1,1,1,45,7,-1,-1,-1,-1,-1,-1,0,-1
2024201506010,2024,201506010,2,-1,0,-1,13,8,4,-1,0,8,0,0,0,0,1,1,-1,9,1,26,6,-1,-1,-1,-1,1,E01009321,1,1
2024302400270,2024,302400270,1,9,0,18,19,3,7,0,0,0,1,0,5,6,3,1,6,6,1,63,9,-1,-1,-1,-1,2,E01013858,0,2
2024010534105,2024,010534105,2,1,0,18,19,4,8,9,9,1,0,0,7,0,4,1,1,1,1,36,7,-1,-1,-1,-1,4,E01002446,0,1
2024201456434,2024,201456434,2,-1,0,-1,19,1,5,-1,0,1,0,0,0,0,2,1,-1,6,1,20,4,-1,-1,-1,-1,6,E01009690,1,1
2024501443702,2024,501443702,1,1,0,-1,19,7,3,-1,0,0,0,11,0,0,1,1,-1,9,1,63,9,-1,-1,-1,-1,6,E01020246,0,1
2024010538591,2024,010538591,1,1,9,99,99,9,9,99,99,9,9,99,9,99,1,1,6,6,1,57,9,-1,-1,-1,-1,4,E01001391,0,1
2024010538000,2024,010538000,2,9,0,99,99,9,9,99,99,9,9,99,9,99,1,9,6,6,3,-1,-1,-1,-1,-1,-1,-1,-1,0,-1
2024320462037,2024,320462037,1,9,0,10,10,2,1,0,0,5,0,0,0,0,1,1,-1,-1,2,54,8,-1,-1,-1,-1,6,E01026039,0,1
2024010487135,2024,010487135,1,3,0,4,4,5,1,2,2,0,1,0,0,0,0,1,1,1,1,26,6,-1,-1,-1,-1,3,E01003251,0,2
2024010498941,2024,010498941,2,1,0,9,9,5,3,0,0,6,0,0,0,0,2,1,1,1,1,34,6,-1,-1,-1,-1,3,E01033601,0,3
2024540275324,2024,540275324,1,9,0,5,5,6,2,0,0,1,0,0,0,0,1,1,6,6,1,-1,-1,-1,-1,-1,-1,-1,-1,0,-1
2024201467536,2024,201467536,1,-1,0,-1,19,3,7,-1,0,8,0,0,0,0,1,1,-1,6,2,13,3,-1,-1,-1,-1,1,E01009310,1,1
2024320086242,2024,320086242,1,9,0,-1,-1,4,8,0,0,0,0,0,0,0,0,1,6,6,2,-1,-1,-1,-1,-1,-1,-1,-1,0,-1
2024440298686,2024,440298686,2,1,0,18,19,8,4,0,0,2,0,0,0,0,1,1,6,6,1,20,4,-1,-1,-1,-1,9,E01022667,0,1
2024010488436,2024,010488436,1,9,0,99,99,9,9,99,99,0,9,99,9,99,0,9,6,6,1,40,7,-1,-1,-1,-1,10,E01004276,0,1
2024201428739,2024,201428739,1,9,0,-1,9,6,2,-1,0,4,1,7,0,0,1,1,-1,6,-1,-1,-1,-1,-1,-1,-1,-1,-1,0,-1
2024201473875,2024,201473875,2,9,0,-1,11,3,7,-1,0,1,1,0,0,0,1,1,-1,2,1,52,8,-1,-1,-1,-1,1,E01009274,0,1
2024010496185,2024,010496185,1,1,9,99,99,9,9,99,99,0,9,99,9,99,9,1,1,1,1,34,6,-1,-1,-1,-1,2,E01035692,0,3
2024101433447,2024,101433447,2,9,0,-1,19,3,7,-1,0,8,1,0,0,0,4,1,-1,1,1,29,6,-1,-1,-1,-1,7,E01008283,0,2
2024340NN0192,2024,340NN0192,2,9,0,-1,19,1,5,-1,0,1,0,0,0,0,4,1,-1,9,2,37,7,-1,-1,-1,-1,3,E01027065,0,1
2024440523613,2024,440523613,2,1,0,4,4,5,1,0,0,6,0,0,0,0,3,1,2,2,1,18,4,-1,-1,-1,-1,4,E01017234,0,1
2024430599269,2024,430599269,2,1,0,18,19,2,6,0,0,8,0,0,0,0,1,1,2,2,2,22,5,-1,-1,-1,-1,10,E01016661,0,1
2024622400257,2024,622400257,1,9,0,7,7,6,8,0,0,6,0,0,1,0,1,1,6,6,3,-1,-1,-1,-1,-1,-1,-1,-1,0,-1
2024052402814,2024,052402814,1,1,0,18,19,2,6,0,0,0,0,0,0,0,1,1,6,6,3,-1,-1,-1,-1,-1,-1,-1,-1,0,-1
2024552401496,2024,552401496,1,9,0,16,19,4,6,0,0,7,0,7,7,7,1,1,6,6,1,25,5,-1,-1,-1,-1,-1,-1,0,-1
2024461498601,2024,461498601,1,9,0,-1,9,3,6,-1,0,1,0,0,0,0,1,1,-1,1,2,21,5,-1,-1,-1,-1,7,E01024094,0,1
2024010550389,2024,010550389,2,9,0,4,4,1,5,0,0,2,0,0,0,0,2,1,6,6,1,38,7,-1,-1,-1,-1,3,E01003379,0,2
2024052400508,2024,052400508,1,8,0,18,19,1,5,0,0,0,0,0,0,0,4,1,6,6,3,-1,-1,-1,-1,-1,-1,-1,-1,0,-1
2024052402088,2024,052402088,1,9,0,18,19,5,1,0,0,0,0,0,0,0,1,1,6,6,3,-1,-1,-1,-1,-1,-1,-1,-1,0,-1
2024471461088,2024,471461088,1,9,0,-1,19,5,1,-1,0,0,0,0,0,0,3,1,-1,1,1,39,7,-1,-1,-1,-1,7,E01016970,0,1
2024302401717,2024,302401717,1,9,0,18,19,6,2,0,0,0,0,0,0,0,1,1,6,6,3,-1,-1,-1,-1,-1,-1,5,E01019456,0,3
2024010491285,2024,010491285,1,3,0,99,99,9,9,99,99,9,9,99,9,99,9,1,1,1,1,35,6,-1,-1,-1,-1,2,E01001783,0,2
2024010539536,2024,010539536,2,1,0,7,7,1,3,0,0,1,0,0,0,0,2,1,2,2,1,30,6,-1,-1,-1,-1,3,E01035667,0,1
2024141424568,2024,141424568,2,9,0,-1,3,7,3,-1,0,0,0,0,0,0,1,1,-1,6,3,-1,-1,-1,-1,-1,-1,-1,-1,0,-1
2024010523645,2024,010523645,1,1,9,99,99,9,9,99,99,9,9,99,9,99,9,1,6,6,1,67,10,-1,-1,-1,-1,6,E01004343,0,1
2024501437206,2024,501437206,1,9,0,-1,19,4,8,-1,0,0,0,0,0,0,0,9,-1,6,-1,-1,-1,-1,-1,-1,-1,-1,-1,0,-1
2024311397995,2024,311397995,2,-1,0,-1,19,3,7,-1,0,2,1,0,0,0,4,1,-1,6,1,21,5,-1,-1,-1,-1,9,E01028117,1,1
2024302401235,2024,302401235,1,9,0,4,4,6,2,0,0,1,0,0,0,0,2,1,6,6,3,-1,-1,-1,-1,-1,-1,5,E01019456,0,3
2024010524180,2024,010524180,2,1,9,99,99,9,9,4,4,1,9,99,9,99,0,1,6,6,3,-1,-1,-1,-1,-1,-1,4,E01004744,0,2
2024101482053,2024,101482053,2,97,0,-1,19,7,3,-1,0,1,0,0,0,0,1,1,-1,9,1,17,4,-1,-1,-1,-1,-1,-1,0,-1
2024332400735,2024,332400735,1,1,0,-1,19,5,1,-1,4,8,0,0,0,0,2,1,-1,2,1,44,7,-1,-1,-1,-1,10,E01025783,0,2
2024101481673,2024,101481673,1,9,0,-1,19,3,7,-1,0,0,0,0,0,0,4,9,-1,6,1,40,7,-1,-1,-1,-1,-1,-1,0,-1
2024010491090,2024,010491090,2,9,0,99,99,9,9,99,99,9,9,99,9,99,1,9,6,6,3,-1,-1,-1,-1,-1,-1,-1,-1,0,-1
2024010491360,2024,010491360,2,9,0,4,4,1,5,0,0,4,0,0,0,0,0,1,2,2,2,44,7,-1,-1,-1,-1,-1,-1,0,-1
2024440009002,2024,440009002,1,9,0,13,13,7,3,0,0,0,0,0,0,0,4,1,6,6,2,-1,-1,-1,-1,-1,-1,-1,-1,0,-1
2024421434209,2024,421434209,2,1,0,-1,19,5,1,-1,0,0,0,0,0,0,1,1,-1,6,1,14,3,-1,-1,-1,-1,1,E01021325,0,1
2024991481622,2024,991481622,2,90,0,-1,19,8,4,-1,0,0,1,0,0,0,3,1,-1,9,2,51,8,-1,-1,-1,-1,6,-1,0,3
2024010514405,2024,010514405,1,9,0,9,9,3,2,0,0,8,0,0,0,0,1,1,6,6,2,50,8,-1,-1,-1,-1,7,E01002871,0,1
2024122401209,2024,122401209,1,9,0,18,19,6,2,0,0,0,0,0,2,10,4,1,6,6,1,65,9,-1,-1,-1,-1,1,E01025186,0,4