collision_index,collision_year,collision_ref_no,vehicle_reference,vehicle_type,towing_and_articulation,vehicle_manoeuvre_historic,vehicle_manoeuvre,vehicle_direction_from,vehicle_direction_to,vehicle_location_restricted_lane_historic,vehicle_location_restricted_lane,junction_location,skidding_and_overturning,hit_object_in_carriageway,vehicle_leaving_carriageway,hit_object_off_carriageway,first_point_of_impact,vehicle_left_hand_drive,journey_purpose_of_driver_historic,journey_purpose_of_driver,sex_of_driver,age_of_driver,age_band_of_driver,engine_capacity_cc,propulsion_code,age_of_vehicle,generic_make_model,driver_imd_decile,lsoa_of_driver,escooter_flag,driver_distance_banding
2024131396763,2024,131396763,1,-1,0,-1,19,1,3,-1,0,1,0,0,0,0,4,1,-1,6,1,33,6,-1,-1,-1,-1,1,E01011363,1,1
2024610015024,2024,610015024,1,9,0,10,10,1,7,0,0,8,0,0,0,0,2,1,6,6,2,34,6,-1,-1,-1,-1,5,W01001557,0,2
2024041397785,2024,041397785,1,9,0,-1,19,3,7,-1,0,8,0,0,0,0,4,1,-1,1,1,56,9,-1,-1,-1,-1,1,E01012687,0,1
2024010500005,2024,010500005,2,22,0,18,19,3,7,0,0,1,0,0,0,0,1,1,6,6,2,67,10,-1,-1,-1,-1,4,E01003447,0,1
2024010543074,2024,010543074,2,-1,0,99,99,9,9,99,99,9,0,99,9,99,9,1,6,6,1,-1,-1,-1,-1,-1,-1,1,E01001517,1,1
2024610016824,2024,610016824,2,1,0,18,19,2,6,0,0,8,0,0,0,0,3,1,6,6,1,13,3,-1,-1,-1,-1,9,W01001543,0,1
2024421432036,2024,421432036,1,9,0,-1,19,1,5,-1,0,0,0,0,0,0,1,9,-1,6,2,-1,-1,-1,-1,-1,-1,-1,-1,0,-1
2024010487161,2024,010487161,2,1,0,15,15,3,7,4,4,1,0,0,0,0,0,1,6,6,1,63,9,-1,-1,-1,-1,10,E01003866,0,1
2024471416303,2024,471416303,3,19,0,-1,5,3,6,-1,0,3,0,0,0,0,2,1,-1,9,1,53,8,-1,-1,-1,-1,9,E01021129,0,4
2024201428890,2024,201428890,1,9,0,-1,19,4,8,-1,0,2,0,0,0,0,4,9,-1,6,1,35,6,-1,-1,-1,-1,3,E01010048,0,2
2024471477269,2024,471477269,1,9,0,-1,5,1,5,-1,0,0,0,0,0,0,1,9,-1,6,3,-1,-1,-1,-1,-1,-1,-1,-1,0,-1
2024302400130,2024,302400130,1,9,0,17,19,4,8,0,0,2,0,0,0,0,1,1,6,6,1,70,10,-1,-1,-1,-1,8,E01019766,0,1
2024440282659,2024,440282659,3,9,0,18,19,1,5,0,0,0,0,0,0,0,1,1,6,6,3,51,8,-1,-1,-1,-1,2,E01017107,0,1
2024052402524,2024,052402524,1,9,0,18,19,6,2,0,0,1,0,0,0,0,1,1,6,6,3,-1,-1,-1,-1,-1,-1,-1,-1,0,-1
2024440316401,2024,440316401,2,9,0,18,19,1,5,0,0,8,0,0,0,0,1,1,6,6,1,37,7,-1,-1,-1,-1,7,E01031417,0,4
2024010543647,2024,010543647,1,-1,0,18,19,7,3,0,0,1,5,0,0,0,1,1,6,6,1,17,4,-1,-1,-1,-1,9,E01000848,1,1
2024211443010,2024,211443010,1,9,0,-1,14,3,7,-1,0,0,0,0,0,0,1,1,-1,6,1,30,6,-1,-1,-1,-1,5,E01014319,0,1
2024451457894,2024,451457894,1,9,0,-1,19,3,5,-1,0,1,0,0,0,0,1,9,-1,6,1,30,6,-1,-1,-1,-1,10,E01030593,0,2
2024451508621,2024,451508621,1,1,0,-1,5,5,1,-1,0,0,2,0,0,0,4,1,-1,9,1,11,3,-1,-1,-1,-1,7,E01030949,0,1
2024010491198,2024,010491198,1,9,0,99,99,9,9,99,99,9,9,99,9,99,1,9,6,6,3,-1,-1,-1,-1,-1,-1,-1,-1,0,-1
2024141458954,2024,141458954,2,9,0,-1,19,6,2,-1,0,1,0,0,0,0,0,1,-1,9,2,51,8,-1,-1,-1,-1,2,E01007942,0,1
2024542680724,2024,542680724,1,9,0,18,19,5,1,0,0,3,0,0,0,0,3,1,6,6,2,36,7,-1,-1,-1,-1,3,W01000586,0,5
2024332401191,2024,332401191,1,9,0,-1,19,4,8,-1,0,8,0,0,0,0,1,1,-1,6,3,-1,-1,-1,-1,-1,-1,-1,-1,0,-1
2024070341049,2024,070341049,2,1,0,18,19,4,1,0,0,1,0,0,0,0,3,1,6,6,1,41,7,-1,-1,-1,-1,6,E01005156,0,3
2024010489692,2024,010489692,1,97,0,18,19,1,5,0,0,2,0,0,0,0,1,1,6,6,3,-1,-1,-1,-1,-1,-1,-1,-1,0,-1
2024131493491,2024,131493491,2,1,0,-1,19,7,7,-1,4,8,0,0,0,0,3,1,-1,2,1,21,5,-1,-1,-1,-1,-1,-1,0,-1
2024101475940,2024,101475940,1,19,0,-1,19,2,6,-1,0,8,0,0,0,0,3,9,-1,6,1,-1,-1,-1,-1,-1,-1,-1,-1,0,-1
2024471457993,2024,471457993,2,1,0,-1,19,4,8,-1,0,8,0,0,0,0,-1,1,-1,6,1,-1,-1,-1,-1,-1,-1,-1,-1,0,-1
2024010538853,2024,010538853,2,9,0,99,99,9,9,99,99,9,9,99,9,99,9,9,6,6,3,-1,-1,-1,-1,-1,-1,6,E01004548,0,1
2024361430212,2024,361430212,1,9,-1,-1,5,1,7,-1,9,0,0,0,0,0,1,9,-1,6,3,40,7,-1,-1,-1,-1,-1,-1,0,-1
2024010488436,2024,010488436,2,9,9,99,99,9,9,99,99,0,9,99,9,99,9,9,6,6,3,-1,-1,-1,-1,-1,-1,-1,-1,0,-1
2024061433444,2024,061433444,2,9,-1,-1,-1,-1,-1,-1,-1,0,-1,-1,-1,0,-1,9,-1,6,3,17,4,-1,-1,-1,-1,1,E01006392,0,1
2024010489010,2024,010489010,2,9,0,3,3,1,5,0,0,1,0,0,0,0,2,1,6,6,1,30,6,-1,-1,-1,-1,3,E01003374,0,1
2024052401390,2024,052401390,1,9,0,1,1,7,3,0,0,0,0,0,0,0,2,1,6,6,3,-1,-1,-1,-1,-1,-1,-1,-1,0,-1
2024010516886,2024,010516886,2,9,0,99,99,9,9,99,99,0,9,99,9,99,9,9,6,6,3,-1,-1,-1,-1,-1,-1,-1,-1,0,-1
2024430120544,2024,430120544,2,3,0,18,19,1,5,0,0,0,0,0,1,0,2,1,6,6,1,35,6,-1,-1,-1,-1,7,E01028731,0,3
2024231420915,2024,231420915,1,9,0,-1,19,4,7,-1,0,0,0,0,0,0,1,9,-1,6,2,21,5,-1,-1,-1,-1,9,E01009706,0,2
2024010494138,2024,010494138,2,90,0,99,99,9,9,99,99,9,9,99,9,99,9,9,6,6,3,-1,-1,-1,-1,-1,-1,-1,-1,0,-1
2024332401195,2024,332401195,2,1,0,-1,9,7,5,-1,0,5,0,0,0,0,1,1,-1,6,1,-1,-1,-1,-1,-1,-1,1,E01013638,0,1
2024061442209,2024,061442209,2,9,0,-1,3,5,1,-1,0,6,0,0,0,0,3,1,-1,6,2,39,7,-1,-1,-1,-1,9,E01006076,0,3
2024991431965,2024,991431965,2,9,0,-1,4,6,2,-1,0,0,0,0,1,0,2,1,-1,9,1,28,6,-1,-1,-1,-1,9,-1,0,3
2024010520536,2024,010520536,1,1,9,99,99,9,9,99,99,9,9,99,9,99,9,1,6,6,1,28,6,-1,-1,-1,-1,3,E01003988,0,1
2024320063135,2024,320063135,1,19,0,7,7,7,5,9,9,6,0,0,0,0,4,1,1,1,3,-1,-1,-1,-1,-1,-1,-1,-1,0,-1
2024451444199,2024,451444199,3,9,0,-1,5,7,3,-1,0,0,0,0,0,0,3,1,-1,6,1,29,6,-1,-1,-1,-1,4,E01002425,0,3
2024991534765,2024,991534765,3,9,0,-1,2,0,0,-1,0,0,0,0,0,0,4,1,-1,6,-1,-1,-1,-1,-1,-1,-1,-1,-1,0,-1
2024122400685,2024,122400685,4,9,0,18,19,3,7,0,0,0,0,0,0,0,1,1,6,6,2,23,5,-1,-1,-1,-1,1,E01011283,0,4
2024010502282,2024,010502282,2,9,0,18,19,7,3,0,0,8,0,4,0,0,1,1,6,6,3,-1,-1,-1,-1,-1,-1,-1,-1,0,-1
2024430536893,2024,430536893,1,19,0,18,19,9,9,0,0,8,0,0,0,0,1,1,6,6,1,21,5,-1,-1,-1,-1,-1,-1,0,-1
2024320657078,2024,320657078,2,9,0,-1,-1,8,4,0,0,8,0,0,0,0,1,1,-1,-1,2,27,6,-1,-1,-1,-1,6,E01026020,0,3
2024201451137,2024,201451137,2,1,0,-1,19,4,8,-1,0,0,0,0,1,0,3,1,-1,9,1,71,10,-1,-1,-1,-1,3,E01008970,0,2
2024010491111,2024,010491111,2,90,0,99,99,9,9,99,99,9,9,99,9,99,9,9,6,6,3,-1,-1,-1,-1,-1,-1,-1,-1,0,-1
2024622400857,2024,622400857,1,9,0,18,19,8,4,0,0,1,0,0,0,0,1,1,6,6,3,-1,-1,-1,-1,-1,-1,-1,-1,0,-1
2024430034946,2024,430034946,2,9,0,2,2,0,0,0,0,0,0,0,0,0,3,1,6,6,1,-1,-1,-1,-1,-1,-1,-1,-1,0,-1
2024471418726,2024,471418726,1,9,0,-1,19,4,7,-1,0,0,0,0,0,0,1,9,-1,9,1,43,7,-1,-1,-1,-1,8,E01021115,0,2
2024061520100,2024,061520100,1,1,0,-1,19,-1,-1,-1,0,1,0,0,1,0,3,1,-1,6,1,49,8,-1,-1,-1,-1,3,E01006020,0,1
2024101512965,2024,101512965,2,1,0,-1,19,5,8,-1,0,1,0,0,0,0,2,1,-1,6,1,15,3,-1,-1,-1,-1,7,E01008650,0,1
2024351535073,2024,351535073,2,1,-1,-1,19,7,3,-1,0,8,2,0,0,0,1,1,-1,9,2,22,5,-1,-1,-1,-1,8,E01017992,0,1
2024010490094,2024,010490094,2,9,0,99,99,9,9,99,99,9,9,99,9,99,1,9,6,6,3,-1,-1,-1,-1,-1,-1,4,E01000171,0,2
2024371397876,2024,371397876,1,99,0,-1,-1,-1,-1,-1,-1,0,-1,-1,-1,0,-1,9,-1,6,2,35,6,-1,-1,-1,-1,2,E01029988,0,1
2024052400366,2024,052400366,1,1,0,18,19,3,7,0,0,0,0,0,0,0,1,1,4,7,1,12,3,-1,-1,-1,-1,8,E01007107,0,1
2024340NN2572,2024,340NN2572,1,3,0,-1,7,5,7,-1,0,8,1,0,0,0,1,1,-1,9,1,17,4,-1,-1,-1,-1,8,E01035397,0,3
2024522402771,2024,522402771,2,9,0,18,19,5,1,0,0,2,0,0,0,0,1,1,6,6,3,-1,-1,-1,-1,-1,-1,-1,-1,0,-1
2024471441005,2024,471441005,2,1,0,-1,19,8,4,-1,0,0,0,0,0,0,3,1,-1,6,2,53,8,-1,-1,-1,-1,3,E01031372,0,1
202417H106724,2024,17H106724,2,9,0,-1,19,1,5,-1,0,1,0,0,0,0,1,1,-1,9,1,25,5,-1,-1,-1,-1,2,E01011964,0,1
2024161527188,2024,161527188,1,9,0,-1,12,7,3,-1,0,0,0,0,0,0,0,1,-1,6,3,-1,-1,-1,-1,-1,-1,-1,-1,0,-1
2024451451395,2024,451451395,2,1,0,-1,19,1,5,-1,0,8,5,0,0,0,3,1,-1,6,1,26,6,-1,-1,-1,-1,-1,-1,0,-1
2024010486835,2024,010486835,1,9,0,18,19,1,5,0,0,0,0,0,0,0,1,1,1,1,1,55,8,-1,-1,-1,-1,6,E01024411,0,4
2024131501125,2024,131501125,1,-1,0,-1,-1,-1,-1,-1,-1,0,-1,-1,-1,0,-1,1,-1,9,1,14,3,-1,-1,-1,-1,4,E01011896,1,1
2024520401404,2024,520401404,2,9,0,18,19,2,6,0,0,8,0,0,0,0,1,1,6,6,3,-1,-1,-1,-1,-1,-1,-1,-1,0,-1
2024231506362,2024,231506362,1,9,0,-1,19,8,2,-1,0,6,0,0,0,0,1,1,-1,1,1,35,6,-1,-1,-1,-1,7,E01034319,0,4
2024501430898,2024,501430898,1,22,0,-1,19,5,1,-1,9,5,5,0,0,0,0,1,-1,9,2,78,11,-1,-1,-1,-1,7,E01018789,0,1
2024010545123,2024,010545123,2,1,0,18,19,1,5,0,0,8,0,0,0,0,1,1,6,6,2,33,6,-1,-1,-1,-1,3,E01001774,0,1
2024010506830,2024,010506830,1,1,9,99,99,9,9,99,99,9,9,99,9,99,9,1,2,2,1,51,8,-1,-1,-1,-1,7,E01000197,0,1
2024451407805,2024,451407805,2,9,0,-1,19,5,1,-1,0,8,0,0,0,0,1,9,-1,6,3,30,6,-1,-1,-1,-1,-1,-1,0,-1
2024461476660,2024,461476660,2,-1,0,-1,19,5,1,-1,0,8,0,0,0,0,4,1,-1,9,1,64,9,-1,-1,-1,-1,2,E01033215,1,1
2024471431488,2024,471431488,2,1,0,-1,19,8,4,-1,0,1,0,4,0,0,1,1,-1,9,1,47,8,-1,-1,-1,-1,10,E01031680,0,1
2024010488109,2024,010488109,2,9,0,99,99,9,9,99,99,9,9,99,9,99,9,9,6,6,3,-1,-1,-1,-1,-1,-1,-1,-1,0,-1
2024061408813,2024,061408813,2,8,0,-1,19,8,4,-1,0,1,0,0,0,0,4,9,-1,1,3,-1,-1,-1,-1,-1,-1,-1,-1,0,-1
2024461517645,2024,461517645,2,1,0,-1,19,3,7,-1,0,3,0,0,0,0,2,1,-1,6,1,12,3,-1,-1,-1,-1,7,E01032820,0,1
2024010496769,2024,010496769,1,9,0,18,19,1,5,0,0,2,0,0,0,0,1,1,6,6,3,-1,-1,-1,-1,-1,-1,-1,-1,0,-1
2024340WN3532,2024,340WN3532,2,9,0,-1,19,1,5,-1,0,3,1,0,8,6,3,1,-1,2,1,38,7,-1,-1,-1,-1,3,E01027082,0,3
2024061458502,2024,061458502,2,1,0,-1,19,1,5,-1,0,0,0,0,0,0,4,1,-1,6,1,9,2,-1,-1,-1,-1,1,E01032558,0,1
2024010487254,2024,010487254,2,9,0,99,99,9,9,99,99,9,9,99,9,99,9,9,6,6,3,-1,-1,-1,-1,-1,-1,-1,-1,0,-1
2024461462045,2024,461462045,1,9,0,-1,19,7,3,-1,0,0,0,0,0,0,1,9,-1,6,3,-1,-1,-1,-1,-1,-1,-1,-1,0,-1
2024010490339,2024,010490339,1,9,0,99,99,9,9,99,99,9,9,99,9,99,2,9,2,2,2,18,4,-1,-1,-1,-1,5,E01024171,0,3
2024061403429,2024,061403429,2,-1,0,-1,9,1,6,-1,0,8,0,0,0,0,3,1,-1,1,2,23,5,-1,-1,-1,-1,5,E01006180,1,2
2024371526215,2024,371526215,3,98,0,-1,2,0,0,-1,0,0,0,0,0,0,0,1,-1,6,-1,-1,-1,-1,-1,-1,-1,-1,-1,0,-1
2024501517258,2024,501517258,1,9,0,-1,19,-1,-1,-1,0,0,0,0,0,0,4,1,-1,6,3,-1,-1,-1,-1,-1,-1,-1,-1,0,-1
2024010488062,2024,010488062,1,9,0,9,9,5,3,0,0,2,0,0,0,0,1,1,2,2,1,31,6,-1,-1,-1,-1,5,E01001041,0,2
2024041505305,2024,041505305,1,9,0,-1,19,7,3,-1,0,0,0,0,0,0,1,1,-1,6,2,55,8,-1,-1,-1,-1,3,E01012708,0,1
2024501486989,2024,501486989,2,9,0,-1,9,3,1,-1,0,6,0,0,0,0,3,1,-1,2,1,77,11,-1,-1,-1,-1,-1,-1,0,-1
2024231433479,2024,231433479,2,5,0,-1,4,3,1,-1,0,1,0,0,0,0,3,1,-1,9,1,65,9,-1,-1,-1,-1,8,E01031301,0,2
2024522403023,2024,522403023,2,9,0,99,99,9,9,9,9,8,0,0,0,0,9,1,6,6,3,-1,-1,-1,-1,-1,-1,-1,-1,0,-1
2024501517336,2024,501517336,2,1,0,-1,19,3,7,-1,0,2,5,0,0,0,1,1,-1,6,1,38,7,-1,-1,-1,-1,7,E01019920,0,1
2024332400890,2024,332400890,2,9,0,-1,19,7,3,-1,0,3,0,0,0,0,1,1,-1,6,2,43,7,-1,-1,-1,-1,6,E01013606,0,1
2024351438659,2024,351438659,1,9,0,-1,19,5,1,-1,0,2,2,0,7,9,1,1,-1,6,1,61,9,-1,-1,-1,-1,3,E01018087,0,1
2024501470995,2024,501470995,2,1,0,-1,19,1,4,-1,0,6,0,0,0,0,1,1,-1,6,1,12,3,-1,-1,-1,-1,1,E01015261,0,1
2024451417086,2024,451417086,1,9,0,-1,19,1,5,-1,0,0,0,0,0,0,1,1,-1,1,1,34,6,-1,-1,-1,-1,6,E01002138,0,4
2024061507197,2024,061507197,1,23,0,-1,5,3,7,-1,9,0,1,10,1,0,1,1,-1,6,1,17,4,-1,-1,-1,-1,-1,-1,0,-1
202417M308024,2024,17M308024,1,-1,0,-1,19,3,7,-1,0,6,0,0,0,0,1,1,-1,9,1,14,3,-1,-1,-1,-1,1,E01012045,1,1
2024010527954,2024,010527954,2,1,0,18,19,1,5,0,0,1,0,0,1,0,1,1,6,6,1,60,9,-1,-1,-1,-1,10,E01023885,0,2
2024010505968,2024,010505968,1,1,9,99,99,9,9,99,99,9,9,8,9,99,9,1,2,2,2,41,7,-1,-1,-1,-1,6,E01004621,0,2
202460Q155251,2024,60Q155251,1,19,0,18,19,2,6,0,0,0,0,0,0,0,4,-1,6,6,3,-1,-1,-1,-1,-1,-1,-1,-1,0,-1
2024351423134,2024,351423134,2,1,0,-1,19,7,3,-1,0,0,0,0,0,0,4,1,-1,7,2,16,4,-1,-1,-1,-1,6,E01015659,0,1
2024471468921,2024,471468921,1,1,0,-1,-1,-1,-1,-1,-1,0,-1,-1,-1,0,1,1,-1,6,3,-1,-1,-1,-1,-1,-1,-1,-1,0,-1
202417L211424,2024,17L211424,2,1,0,-1,19,5,1,-1,0,8,0,0,0,0,3,1,-1,2,1,42,7,-1,-1,-1,-1,1,E01012170,0,1
2024461460382,2024,461460382,1,9,0,-1,19,5,1,-1,0,0,0,0,0,0,4,1,-1,9,1,20,4,-1,-1,-1,-1,2,E01016025,0,1
2024351516322,2024,351516322,2,-1,0,-1,19,8,4,-1,1,8,0,0,0,0,4,9,-1,9,2,29,6,-1,-1,-1,-1,10,E01018251,1,2
2024131494570,2024,131494570,2,1,0,-1,19,1,1,-1,0,3,0,0,0,0,2,1,-1,6,1,55,8,-1,-1,-1,-1,9,E01011278,0,1
2024031403690,2024,031403690,1,97,0,-1,19,4,8,-1,0,0,0,4,0,0,1,1,-1,6,1,17,4,-1,-1,-1,-1,3,E01019284,0,1
2024421536377,2024,421536377,1,-1,0,-1,19,-1,-1,-1,9,0,9,11,0,0,1,1,-1,6,3,-1,-1,-1,-1,-1,-1,-1,-1,0,-1
2024430100189,2024,430100189,1,9,0,17,19,2,7,0,0,0,0,0,1,4,1,1,2,2,1,54,8,-1,-1,-1,-1,6,E01017852,0,2
2024010516829,2024,010516829,1,1,9,99,99,9,9,99,99,9,9,99,9,99,2,1,2,2,2,45,7,-1,-1,-1,-1,10,E01004157,0,1
2024471449127,2024,471449127,2,1,0,-1,15,7,4,-1,0,8,0,0,0,0,4,1,-1,6,1,50,8,-1,-1,-1,-1,-1,-1,0,-1
2024361433617,2024,361433617,3,1,0,-1,19,7,3,-1,0,1,2,0,0,0,1,1,-1,6,2,45,7,-1,-1,-1,-1,3,E01026602,0,1
2024302400746,2024,302400746,1,9,0,18,19,3,7,0,0,2,0,0,0,0,4,1,6,6,2,36,7,-1,-1,-1,-1,4,E01019574,0,1
2024010493953,2024,010493953,1,11,0,18,19,5,1,0,0,8,0,0,0,0,1,1,1,1,1,49,8,-1,-1,-1,-1,2,E01000798,0,3
2024010527872,2024,010527872,1,1,0,13,13,3,7,4,4,0,0,0,0,0,1,1,2,2,1,47,8,-1,-1,-1,-1,5,E01001863,0,2
2024430189074,2024,430189074,1,9,0,18,19,2,6,0,0,0,1,0,1,0,2,1,6,6,2,24,5,-1,-1,-1,-1,2,E01016520,0,1
2024211522352,2024,211522352,1,1,0,-1,14,-1,-1,-1,0,0,5,10,1,99,3,1,-1,2,1,47,8,-1,-1,-1,-1,9,E01035100,0,3
2024061479481,2024,061479481,2,1,0,-1,-1,1,-1,-1,-1,0,-1,-1,-1,0,3,1,-1,6,1,-1,-1,-1,-1,-1,-1,-1,-1,0,-1
2024131412123,2024,131412123,1,9,0,-1,-1,-1,-1,-1,-1,-1,-1,-1,-1,-1,-1,1,-1,6,3,-1,-1,-1,-1,-1,-1,-1,-1,0,-1
2024201483738,2024,201483738,2,1,0,-1,19,4,8,-1,0,1,0,0,0,0,4,1,-1,1,1,51,8,-1,-1,-1,-1,7,E01009614,0,1
2024231404462,2024,231404462,1,9,0,-1,19,6,2,-1,0,1,0,0,0,0,2,9,-1,6,1,35,6,-1,-1,-1,-1,-1,-1,0,-1
2024010493438,2024,010493438,2,9,0,99,99,9,9,99,99,9,9,99,9,99,9,9,6,6,3,-1,-1,-1,-1,-1,-1,-1,-1,0,-1
2024351420649,2024,351420649,1,9,-1,-1,-1,-1,-1,-1,-1,-1,-1,-1,-1,0,-1,9,-1,6,3,-1,-1,-1,-1,-1,-1,-1,-1,0,-1
2024461412097,2024,461412097,2,11,0,-1,19,7,3,-1,0,6,0,0,0,0,2,9,-1,1,3,-1,-1,-1,-1,-1,-1,-1,-1,0,-1
2024010536500,2024,010536500,2,1,0,18,19,8,4,0,0,1,0,0,0,0,1,1,2,2,1,33,6,-1,-1,-1,-1,2,E01002505,0,1
2024161445408,2024,161445408,1,1,0,-1,19,5,1,-1,0,1,0,0,0,0,2,1,-1,6,2,15,3,-1,-1,-1,-1,1,E01013203,0,1
2024052401459,2024,052401459,1,9,0,18,19,4,8,0,0,0,0,0,0,0,2,1,6,6,3,-1,-1,-1,-1,-1,-1,-1,-1,0,-1
2024161490494,2024,161490494,2,9,0,-1,19,2,6,-1,0,0,0,0,0,0,2,1,-1,6,1,52,8,-1,-1,-1,-1,8,E01013011,0,3
2024131416280,2024,131416280,2,1,0,-1,7,3,7,-1,0,2,0,0,0,0,1,1,-1,1,2,42,7,-1,-1,-1,-1,1,E01011667,0,1
2024221528849,2024,221528849,2,1,0,-1,9,6,4,-1,0,5,0,0,0,0,2,1,-1,6,1,48,8,-1,-1,-1,-1,5,E01028948,0,1
2024320348491,2024,320348491,1,9,0,-1,-1,6,2,0,0,1,0,0,0,0,1,1,6,6,3,-1,-1,-1,-1,-1,-1,-1,-1,0,-1
2024991402731,2024,991402731,2,9,0,-1,3,3,7,-1,0,0,0,0,0,0,1,1,-1,6,2,28,6,-1,-1,-1,-1,6,-1,0,1
2024421471357,2024,421471357,1,1,0,-1,14,1,6,-1,0,1,0,0,0,0,1,1,-1,2,1,24,5,-1,-1,-1,-1,6,E01021355,0,1
2024440326597,2024,440326597,2,1,0,15,15,8,8,0,0,0,0,0,0,0,1,1,6,6,1,57,9,-1,-1,-1,-1,4,E01017034,0,1
2024332401064,2024,332401064,2,9,0,-1,1,5,1,-1,0,0,0,0,0,0,2,1,-1,6,3,-1,-1,-1,-1,-1,-1,-1,-1,0,-1
2024451533568,2024,451533568,1,1,0,-1,19,1,5,-1,0,0,0,0,0,0,1,1,-1,9,1,68,10,-1,-1,-1,-1,9,E01030861,0,1
2024552400996,2024,552400996,2,9,0,9,9,7,5,0,0,5,0,0,0,0,4,1,6,6,2,53,8,-1,-1,-1,-1,4,E01032087,0,4
2024052401939,2024,052401939,1,-1,0,18,19,1,5,0,0,1,0,0,0,0,1,1,6,6,1,20,4,-1,-1,-1,-1,1,E01006697,1,1
2024010488442,2024,010488442,2,8,0,9,9,5,3,0,0,8,0,0,0,0,3,1,1,1,1,52,8,-1,-1,-1,-1,2,E01033605,0,1
2024411510749,2024,411510749,2,1,0,-1,3,5,1,-1,0,1,0,0,0,0,3,1,-1,2,2,50,8,-1,-1,-1,-1,7,E01023856,0,1
2024010547719,2024,010547719,1,1,9,99,99,9,9,99,99,9,9,99,9,99,2,1,6,6,1,59,9,-1,-1,-1,-1,4,E01003532,0,1
2024131476155,2024,131476155,2,1,0,-1,13,5,1,-1,0,2,0,0,0,0,1,1,-1,2,1,28,6,-1,-1,-1,-1,3,E01011670,0,1
2024522401802,2024,522401802,1,-1,0,18,19,2,6,0,0,0,0,0,0,0,3,1,6,6,1,21,5,-1,-1,-1,-1,8,E01014511,1,1
2024201545228,2024,201545228,1,9,0,-1,19,4,8,-1,0,1,0,0,0,0,1,9,-1,6,1,-1,-1,-1,-1,-1,-1,-1,-1,0,-1
2024010496760,2024,010496760,1,1,9,99,99,9,9,99,99,9,9,99,9,99,9,1,6,6,1,20,4,-1,-1,-1,-1,7,E01002965,0,1
2024361427304,2024,361427304,1,1,0,-1,9,3,1,-1,0,1,0,0,0,0,3,1,-1,9,1,61,9,-1,-1,-1,-1,10,E01026813,0,2
2024520400348,2024,520400348,1,19,0,18,19,5,1,0,0,0,0,0,0,0,4,1,6,6,1,58,9,-1,-1,-1,-1,7,E01035113,0,3
2024451396355,2024,451396355,1,9,0,-1,5,7,3,-1,0,6,0,0,0,0,1,1,-1,1,1,56,9,-1,-1,-1,-1,8,E01035361,0,1
2024010534706,2024,010534706,2,1,0,-1,-1,3,7,0,0,8,0,0,0,0,1,1,2,2,1,46,8,-1,-1,-1,-1,10,E01004196,0,3
2024070409849,2024,070409849,1,9,0,1,1,3,7,0,0,8,0,0,0,0,2,1,6,6,1,-1,-1,-1,-1,-1,-1,-1,-1,0,-1
2024041450920,2024,041450920,1,9,0,-1,19,3,5,-1,9,2,5,0,1,11,1,1,-1,6,2,55,8,-1,-1,-1,-1,3,E01012587,0,1
2024361416557,2024,361416557,1,9,-1,-1,-1,1,5,-1,-1,0,-1,-1,-1,0,-1,1,-1,6,3,-1,-1,-1,-1,-1,-1,-1,-1,0,-1
2024351468634,2024,351468634,3,5,0,-1,2,5,1,-1,0,0,0,0,0,0,1,1,-1,6,-1,-1,-1,-1,-1,-1,-1,-1,-1,0,-1
2024401493087,2024,401493087,2,-1,-1,-1,-1,-1,-1,-1,-1,-1,-1,-1,-1,0,0,1,-1,6,3,-1,-1,-1,-1,-1,-1,-1,-1,1,-1
2024451455883,2024,451455883,2,9,0,-1,7,1,5,-1,0,1,5,0,2,10,1,1,-1,2,1,51,8,-1,-1,-1,-1,9,E01030492,0,2
2024052401061,2024,052401061,2,1,0,18,19,7,3,0,0,1,0,0,0,0,4,1,1,1,1,68,10,-1,-1,-1,-1,7,E01006947,0,1
2024221509262,2024,221509262,2,1,0,-1,19,8,4,-1,0,0,0,0,1,0,2,1,-1,6,1,22,5,-1,-1,-1,-1,-1,-1,0,-1
2024471530374,2024,471530374,1,1,0,-1,19,1,5,-1,0,1,0,0,0,0,1,1,-1,6,1,54,8,-1,-1,-1,-1,7,E01016938,0,1
2024201458778,2024,201458778,3,9,0,-1,19,5,1,-1,0,0,0,0,0,0,2,1,-1,6,1,47,8,-1,-1,-1,-1,8,E01029641,0,3
2024141418623,2024,141418623,2,23,0,-1,19,6,3,-1,0,1,1,0,0,0,1,1,-1,6,1,20,4,-1,-1,-1,-1,4,E01007704,0,2
2024161528577,2024,161528577,2,9,0,-1,19,5,1,-1,0,8,0,0,0,0,1,9,-1,6,3,-1,-1,-1,-1,-1,-1,-1,-1,0,-1
2024161423442,2024,161423442,1,1,0,-1,19,3,7,-1,4,0,0,0,0,0,3,1,-1,9,1,15,3,-1,-1,-1,-1,2,E01013130,0,2
2024010547302,2024,010547302,1,1,9,99,99,9,9,99,99,9,9,99,9,99,9,1,2,2,1,66,10,-1,-1,-1,-1,10,E01030386,0,1
2024010488628,2024,010488628,1,3,0,99,99,9,9,99,99,9,9,99,9,99,1,1,6,6,1,22,5,-1,-1,-1,-1,6,E01004485,0,2
2024320661963,2024,320661963,2,9,0,-1,-1,8,6,0,0,8,0,0,0,0,4,1,6,6,3,-1,-1,-1,-1,-1,-1,-1,-1,0,-1
2024471450081,2024,471450081,1,9,0,-1,9,1,7,-1,0,0,0,0,0,0,4,1,-1,9,1,26,6,-1,-1,-1,-1,10,E01031715,0,2
2024010515335,2024,010515335,1,9,0,18,19,1,5,0,0,3,0,4,0,0,1,1,2,2,1,30,6,-1,-1,-1,-1,2,E01033937,0,1
2024041536914,2024,041536914,1,22,0,-1,5,5,1,-1,0,6,0,0,0,0,1,1,-1,9,2,75,10,-1,-1,-1,-1,3,E01025011,0,1
2024131449486,2024,131449486,2,1,0,-1,19,7,3,-1,0,0,0,0,0,0,3,1,-1,2,1,65,9,-1,-1,-1,-1,2,E01011268,0,1
2024522402541,2024,522402541,2,9,0,2,2,0,0,0,0,0,0,0,0,0,3,1,6,6,1,-1,-1,-1,-1,-1,-1,1,E01033358,0,1
2024991445168,2024,991445168,1,5,0,-1,13,7,3,-1,0,0,1,0,7,0,4,1,-1,9,1,28,6,-1,-1,-1,-1,-1,-1,0,-1