collision_index,collision_year,collision_ref_no,vehicle_reference,vehicle_type,towing_and_articulation,vehicle_manoeuvre_historic,vehicle_manoeuvre,vehicle_direction_from,vehicle_direction_to,vehicle_location_restricted_lane_historic,vehicle_location_restricted_lane,junction_location,skidding_and_overturning,hit_object_in_carriageway,vehicle_leaving_carriageway,hit_object_off_carriageway,first_point_of_impact,vehicle_left_hand_drive,journey_purpose_of_driver_historic,journey_purpose_of_driver,sex_of_driver,age_of_driver,age_band_of_driver,engine_capacity_cc,propulsion_code,age_of_vehicle,generic_make_model,driver_imd_decile,lsoa_of_driver,escooter_flag,driver_distance_banding
2024052401527,2024,052401527,2,9,0,17,19,6,2,0,0,8,0,0,0,0,4,1,6,6,2,62,9,-1,-1,-1,-1,2,E01007217,0,1
2024010546014,2024,010546014,2,-1,5,18,19,7,3,0,0,3,0,0,0,0,3,1,6,6,1,17,4,-1,-1,-1,-1,9,E01004554,1,1
2024010521702,2024,010521702,2,-1,0,18,19,3,7,0,0,1,0,0,0,0,1,1,6,6,1,46,8,-1,-1,-1,-1,8,E01001300,1,1
2024544254324,2024,544254324,1,9,0,18,19,3,7,0,0,1,0,0,0,0,1,1,6,6,1,60,9,-1,-1,-1,-1,8,E01015514,0,1
2024010508144,2024,010508144,2,-1,0,15,15,7,3,2,2,1,0,0,0,0,1,1,6,6,1,25,5,-1,-1,-1,-1,1,E01021317,1,4
2024010501950,2024,010501950,1,1,9,99,99,9,9,99,99,9,9,99,9,99,9,1,2,2,2,41,7,-1,-1,-1,-1,3,E01002672,0,2
2024010545248,2024,010545248,1,19,9,99,99,9,9,99,99,9,9,99,9,99,9,1,6,6,3,-1,-1,-1,-1,-1,-1,-1,-1,0,-1
2024061500429,2024,061500429,2,1,0,-1,19,3,6,-1,0,1,0,0,0,0,1,1,-1,9,1,20,4,-1,-1,-1,-1,1,E01033330,0,1
2024471481083,2024,471481083,1,5,0,-1,19,7,3,-1,0,1,0,0,1,0,1,1,-1,6,1,29,6,-1,-1,-1,-1,1,E01020993,0,4
2024501475382,2024,501475382,2,1,0,-1,19,7,3,-1,0,8,5,0,0,0,1,1,-1,6,2,41,7,-1,-1,-1,-1,9,E01015133,0,2
2024461492295,2024,461492295,1,-1,0,-1,19,1,5,-1,0,0,0,0,0,0,1,9,-1,6,1,-1,-1,-1,-1,-1,-1,-1,-1,1,-1
2024430307142,2024,430307142,2,1,0,18,19,5,1,0,0,1,0,0,0,0,1,1,6,6,1,-1,-1,-1,-1,-1,-1,-1,-1,0,-1
202460Q093019,2024,60Q093019,2,1,0,18,19,7,3,0,0,1,0,0,0,0,2,1,1,1,1,60,9,-1,-1,-1,-1,-1,-1,0,-1
2024201468012,2024,201468012,2,9,-1,-1,-1,-1,-1,-1,-1,-1,-1,-1,-1,0,-1,9,-1,6,1,-1,-1,-1,-1,-1,-1,-1,-1,0,-1
2024010494377,2024,010494377,1,8,0,99,99,9,9,99,99,9,9,99,9,99,4,9,1,1,1,72,10,-1,-1,-1,-1,3,E01003073,0,2
2024302401280,2024,302401280,2,1,0,18,19,7,3,0,0,0,0,0,0,0,3,1,6,6,1,73,10,-1,-1,-1,-1,8,E01019596,0,1
2024052402818,2024,052402818,2,1,0,18,19,5,1,0,0,0,0,0,0,0,1,1,6,6,1,27,6,-1,-1,-1,-1,5,E01006665,0,2
2024131457321,2024,131457321,1,3,0,-1,9,5,1,-1,0,2,0,4,0,0,1,1,-1,6,1,26,6,-1,-1,-1,-1,5,E01011819,0,1
2024201450686,2024,201450686,1,9,0,-1,19,6,2,-1,0,0,0,0,0,0,1,9,-1,6,3,-1,-1,-1,-1,-1,-1,-1,-1,0,-1
2024010496848,2024,010496848,2,9,0,18,19,5,1,0,0,1,0,0,0,0,4,1,6,6,2,78,11,-1,-1,-1,-1,6,E01002223,0,1
2024421398908,2024,421398908,2,9,0,-1,3,2,6,-1,0,0,0,0,0,0,2,1,-1,7,2,18,4,-1,-1,-1,-1,7,E01021910,0,3
2024361496412,2024,361496412,2,1,0,-1,19,2,5,-1,0,8,0,0,0,0,1,1,-1,9,1,24,5,-1,-1,-1,-1,8,E01026856,0,1
2024041459024,2024,041459024,2,1,0,-1,19,5,1,-1,0,0,0,0,0,0,1,1,-1,6,1,60,9,-1,-1,-1,-1,7,E01004775,0,3
2024440502083,2024,440502083,1,9,0,18,19,1,0,0,0,2,0,0,0,0,0,1,6,6,1,30,6,-1,-1,-1,-1,-1,-1,0,-1
2024522500226,2024,522500226,1,9,0,3,3,8,4,0,0,0,0,0,0,0,2,1,6,6,2,34,6,-1,-1,-1,-1,10,E01014091,0,4
2024010496095,2024,010496095,2,9,0,18,19,3,7,0,0,0,0,0,0,0,1,1,6,6,1,77,11,-1,-1,-1,-1,6,E01002111,0,1
2024361456533,2024,361456533,1,9,0,-1,19,2,6,-1,0,0,1,0,0,0,4,1,-1,6,1,22,5,-1,-1,-1,-1,6,E01026451,0,2
2024430475683,2024,430475683,1,9,0,18,19,8,4,0,0,1,0,0,0,0,4,1,6,6,3,-1,-1,-1,-1,-1,-1,-1,-1,0,-1
2024010489287,2024,010489287,2,9,0,3,3,1,5,0,0,1,0,0,0,0,2,1,6,6,2,35,6,-1,-1,-1,-1,6,E01026391,0,5
2024010490406,2024,010490406,2,9,0,99,99,9,9,99,99,0,9,99,9,99,1,9,6,6,3,-1,-1,-1,-1,-1,-1,8,E01001398,0,1
2024061436841,2024,061436841,1,9,0,-1,19,2,6,-1,0,1,2,10,8,10,1,1,-1,6,1,39,7,-1,-1,-1,-1,8,E01012984,0,5
2024061505251,2024,061505251,2,1,0,-1,19,1,1,-1,0,0,0,0,0,0,1,1,-1,6,3,30,6,-1,-1,-1,-1,9,E01006075,0,1
2024061516785,2024,061516785,1,97,0,-1,19,8,4,-1,0,0,0,0,0,0,1,1,-1,9,3,-1,-1,-1,-1,-1,-1,-1,-1,0,-1
2024161411885,2024,161411885,1,1,0,-1,9,7,3,-1,0,0,0,0,0,0,3,1,-1,7,1,10,2,-1,-1,-1,-1,1,E01013205,0,1
2024010517448,2024,010517448,1,9,9,99,99,9,9,99,99,9,9,99,9,99,9,9,6,6,3,-1,-1,-1,-1,-1,-1,-1,-1,0,-1
2024010494768,2024,010494768,1,9,0,18,19,3,7,0,0,8,0,0,0,0,3,1,2,2,1,23,5,-1,-1,-1,-1,4,E01000570,0,1
2024010531218,2024,010531218,2,1,0,18,19,1,5,0,0,1,0,0,0,0,3,1,6,6,1,63,9,-1,-1,-1,-1,3,E01001796,0,1
2024991481077,2024,991481077,2,1,0,-1,19,5,3,-1,5,6,0,0,0,0,1,1,-1,9,2,7,2,-1,-1,-1,-1,-1,-1,0,-1
2024010487645,2024,010487645,2,1,0,9,9,7,6,0,0,1,0,0,0,0,3,1,6,6,1,22,5,-1,-1,-1,-1,2,E01003059,0,1
2024221479595,2024,221479595,1,9,0,-1,19,7,3,-1,0,0,0,0,0,0,4,9,-1,6,3,57,9,-1,-1,-1,-1,-1,-1,0,-1
2024440002763,2024,440002763,2,1,0,18,19,4,8,0,0,1,0,0,0,0,2,1,6,6,1,50,8,-1,-1,-1,-1,5,E01017055,0,1
2024131491195,2024,131491195,1,9,0,-1,19,6,2,-1,0,8,0,0,0,0,-1,1,-1,6,3,-1,-1,-1,-1,-1,-1,-1,-1,0,-1
2024421515525,2024,421515525,1,21,1,-1,19,2,6,-1,0,0,0,0,0,0,1,1,-1,6,1,65,9,-1,-1,-1,-1,7,E01021662,0,4
2024461521957,2024,461521957,2,1,0,-1,7,2,6,-1,0,3,0,0,0,0,3,1,-1,7,2,20,4,-1,-1,-1,-1,2,E01024093,0,1
2024311480988,2024,311480988,2,1,-1,-1,-1,-1,-1,-1,-1,0,-1,-1,-1,0,-1,1,-1,6,2,10,2,-1,-1,-1,-1,-1,-1,0,-1
2024010549047,2024,010549047,2,9,0,99,99,9,9,99,99,9,9,99,9,99,1,9,6,6,3,-1,-1,-1,-1,-1,-1,-1,-1,0,-1
2024430160311,2024,430160311,2,1,0,18,19,3,7,0,0,1,0,0,0,0,4,1,6,6,2,44,7,-1,-1,-1,-1,8,E01028547,0,1
2024351465730,2024,351465730,2,1,0,-1,19,1,5,-1,0,1,0,0,0,0,1,1,-1,7,1,15,3,-1,-1,-1,-1,5,E01018082,0,1
2024141456964,2024,141456964,1,98,0,-1,19,2,6,-1,0,0,0,0,0,0,1,1,-1,9,2,79,11,-1,-1,-1,-1,1,E01007543,0,2
2024421510444,2024,421510444,2,3,0,-1,19,1,5,-1,0,2,0,0,0,0,1,1,-1,6,1,30,6,-1,-1,-1,-1,2,E01001055,0,4
2024302400460,2024,302400460,1,19,0,18,19,2,6,0,0,0,0,0,0,0,1,1,6,6,1,55,8,-1,-1,-1,-1,9,E01019825,0,1
2024061454160,2024,061454160,1,9,0,-1,19,5,1,-1,0,1,0,0,0,0,1,1,-1,6,1,-1,-1,-1,-1,-1,-1,-1,-1,0,-1
2024010535389,2024,010535389,2,1,0,-1,-1,3,7,4,4,8,0,0,0,0,1,1,6,6,1,22,5,-1,-1,-1,-1,-1,-1,0,-1
2024451479819,2024,451479819,3,9,0,-1,19,3,1,-1,0,1,0,0,0,0,1,9,-1,6,3,26,6,-1,-1,-1,-1,-1,-1,0,-1
2024010512042,2024,010512042,2,1,0,18,19,1,5,4,4,1,0,0,0,0,1,1,2,2,1,45,7,-1,-1,-1,-1,-1,-1,0,-1
2024010530919,2024,010530919,2,9,0,99,99,9,9,99,99,9,9,99,9,99,2,9,6,6,3,-1,-1,-1,-1,-1,-1,-1,-1,0,-1
2024440176491,2024,440176491,1,9,0,18,19,6,2,0,0,0,0,0,0,0,1,1,6,6,1,-1,-1,-1,-1,-1,-1,-1,-1,0,-1
2024161423385,2024,161423385,2,1,0,-1,19,1,5,-1,0,8,0,0,0,0,1,1,-1,9,1,13,3,-1,-1,-1,-1,4,E01013076,0,1
2024070140696,2024,070140696,1,9,0,4,4,1,5,0,0,1,0,0,0,0,4,1,3,7,1,32,6,-1,-1,-1,-1,5,E01018483,0,1
2024010529585,2024,010529585,1,1,9,99,99,9,9,99,99,9,9,99,9,99,1,1,2,2,2,37,7,-1,-1,-1,-1,9,E01002107,0,1
2024991517468,2024,991517468,2,9,0,-1,19,3,7,-1,0,8,0,0,0,0,1,1,-1,2,1,45,7,-1,-1,-1,-1,-1,-1,0,-1
2024411474258,2024,411474258,1,1,0,-1,19,1,5,-1,0,1,0,0,0,0,1,1,-1,6,1,20,4,-1,-1,-1,-1,4,E01023401,0,1
2024430201272,2024,430201272,1,9,0,13,13,1,5,0,0,1,0,0,0,0,4,1,6,6,3,-1,-1,-1,-1,-1,-1,-1,-1,0,-1
2024161444243,2024,161444243,2,1,0,-1,19,7,3,-1,0,8,0,0,0,0,4,1,-1,6,1,43,7,-1,-1,-1,-1,3,E01012943,0,1
2024010530295,2024,010530295,1,9,9,18,19,2,6,99,99,9,9,99,9,99,0,9,6,6,3,-1,-1,-1,-1,-1,-1,7,E01035279,0,4
2024141399461,2024,141399461,1,9,0,-1,19,1,5,-1,0,0,0,0,0,0,2,9,-1,6,2,57,9,-1,-1,-1,-1,-1,-1,0,-1
2024010529993,2024,010529993,2,1,9,99,99,9,9,99,99,9,9,99,9,99,9,1,2,2,1,33,6,-1,-1,-1,-1,2,E01035677,0,1
2024052402246,2024,052402246,1,9,0,1,1,4,8,0,0,0,0,0,0,0,2,1,6,6,3,-1,-1,-1,-1,-1,-1,-1,-1,0,-1
2024542584124,2024,542584124,2,1,0,18,19,7,3,0,0,0,0,0,0,0,2,1,6,6,1,15,3,-1,-1,-1,-1,6,E01031926,0,1
2024430484683,2024,430484683,2,1,0,18,19,1,5,0,0,6,0,0,0,0,1,1,6,6,1,17,4,-1,-1,-1,-1,9,E01035266,0,1
2024010489701,2024,010489701,1,9,0,99,99,9,9,99,99,0,9,99,9,99,9,9,6,6,3,-1,-1,-1,-1,-1,-1,-1,-1,0,-1
2024430004459,2024,430004459,2,9,0,18,19,4,8,0,0,0,0,0,0,0,0,1,2,2,1,43,7,-1,-1,-1,-1,10,E01016571,0,3
2024101408785,2024,101408785,1,9,0,-1,7,4,2,-1,0,1,0,0,0,0,4,9,-1,6,2,-1,-1,-1,-1,-1,-1,-1,-1,0,-1
2024010496398,2024,010496398,2,9,9,99,99,9,9,99,99,9,9,99,9,99,9,9,6,6,3,-1,-1,-1,-1,-1,-1,-1,-1,0,-1
2024101429465,2024,101429465,2,-1,0,-1,9,5,1,-1,0,0,5,0,0,0,0,1,-1,6,1,7,2,-1,-1,-1,-1,6,E01035635,1,1
2024122401150,2024,122401150,1,9,0,10,10,7,3,0,0,1,0,0,0,0,2,1,6,6,1,59,9,-1,-1,-1,-1,6,E01027780,0,1
2024501447781,2024,501447781,2,1,0,-1,19,5,1,-1,9,1,5,0,0,0,1,1,-1,6,1,34,6,-1,-1,-1,-1,1,E01015255,0,1
2024010501626,2024,010501626,1,1,9,99,99,9,9,99,99,9,9,99,9,99,1,1,6,6,1,46,8,-1,-1,-1,-1,6,E01004492,0,1
2024010526615,2024,010526615,1,1,9,99,99,9,9,99,99,9,9,99,9,99,1,1,6,6,1,59,9,-1,-1,-1,-1,7,E01004483,0,1
2024010527519,2024,010527519,1,9,0,17,19,4,2,0,0,2,0,0,0,0,1,1,6,6,3,-1,-1,-1,-1,-1,-1,-1,-1,0,-1
2024201458923,2024,201458923,2,1,0,-1,19,4,8,-1,0,8,0,0,0,0,1,1,-1,6,2,39,7,-1,-1,-1,-1,3,E01010218,0,1
2024131480458,2024,131480458,1,9,0,-1,-1,-1,-1,-1,-1,-1,-1,-1,-1,-1,-1,1,-1,6,3,-1,-1,-1,-1,-1,-1,-1,-1,0,-1
2024991410865,2024,991410865,1,97,0,-1,19,6,2,-1,0,8,1,0,0,0,1,1,-1,6,1,16,4,-1,-1,-1,-1,9,-1,0,1
2024221415327,2024,221415327,1,9,0,-1,19,3,7,-1,0,0,5,0,7,3,1,1,-1,6,1,73,10,-1,-1,-1,-1,4,E01014098,0,1
2024101432295,2024,101432295,1,9,0,-1,6,7,3,-1,0,6,0,0,0,0,3,1,-1,6,1,25,5,-1,-1,-1,-1,2,E01008166,0,1
2024440496300,2024,440496300,1,1,0,18,19,5,1,9,9,1,0,0,0,0,0,1,4,7,1,10,2,-1,-1,-1,-1,-1,-1,0,-1
2024131530034,2024,131530034,1,9,0,-1,19,5,8,-1,0,0,0,0,1,11,1,1,-1,9,1,47,8,-1,-1,-1,-1,2,E01032502,0,1
2024010492077,2024,010492077,2,9,0,99,99,9,9,99,99,9,9,99,9,99,9,9,6,6,3,-1,-1,-1,-1,-1,-1,-1,-1,0,-1
2024471444236,2024,471444236,1,9,0,-1,19,4,1,-1,0,0,0,0,0,0,-1,9,-1,6,3,-1,-1,-1,-1,-1,-1,-1,-1,0,-1
2024010489287,2024,010489287,1,9,0,3,3,1,5,0,0,1,0,0,0,0,2,1,6,6,1,43,7,-1,-1,-1,-1,8,E01035715,0,1
2024520401193,2024,520401193,2,9,0,16,19,4,6,0,0,0,0,0,1,0,1,1,6,6,1,47,8,-1,-1,-1,-1,3,E01029326,0,3
2024131435591,2024,131435591,2,9,0,-1,4,1,5,-1,0,0,0,0,0,0,2,1,-1,1,2,49,8,-1,-1,-1,-1,4,E01010783,0,1
2024010505683,2024,010505683,1,5,0,99,99,9,9,99,99,9,9,99,9,99,9,1,6,6,2,30,6,-1,-1,-1,-1,4,E01001724,0,1
2024411460860,2024,411460860,2,9,-1,-1,-1,-1,-1,-1,-1,0,-1,-1,-1,0,-1,9,-1,6,1,21,5,-1,-1,-1,-1,8,E01004386,0,2
2024010518212,2024,010518212,2,9,9,99,99,9,9,99,99,9,9,99,9,99,9,9,6,6,3,-1,-1,-1,-1,-1,-1,-1,-1,0,-1
2024141534609,2024,141534609,2,1,0,-1,14,1,5,-1,0,1,0,0,0,0,4,1,-1,2,2,57,9,-1,-1,-1,-1,10,E01019783,0,2
2024451421743,2024,451421743,1,97,0,-1,19,7,3,-1,0,0,0,0,0,0,4,1,-1,6,2,30,6,-1,-1,-1,-1,9,E01030450,0,1
2024320547571,2024,320547571,2,9,0,3,3,4,8,0,0,1,0,0,1,0,2,1,1,1,1,38,7,-1,-1,-1,-1,2,E01013962,0,4
2024501419961,2024,501419961,1,9,0,-1,19,2,6,-1,0,1,1,0,0,0,1,1,-1,9,2,48,8,-1,-1,-1,-1,4,E01020271,0,1
2024010518508,2024,010518508,1,1,9,18,19,9,9,99,99,1,9,99,9,99,9,1,2,2,2,24,5,-1,-1,-1,-1,3,E01003926,0,1
2024421418864,2024,421418864,1,9,0,-1,19,3,7,-1,0,0,0,0,0,0,0,9,-1,6,3,-1,-1,-1,-1,-1,-1,-1,-1,0,-1
2024221501296,2024,221501296,2,1,0,-1,19,6,3,-1,0,3,0,0,0,0,2,1,-1,6,2,64,9,-1,-1,-1,-1,10,E01032284,0,1
2024430582319,2024,430582319,2,9,0,18,19,5,1,0,0,1,0,0,1,0,1,1,1,1,1,60,9,-1,-1,-1,-1,9,E01028708,0,3
2024622400083,2024,622400083,1,19,0,18,19,4,8,0,0,8,0,0,0,0,2,1,1,1,1,20,4,-1,-1,-1,-1,6,W01001726,0,1
2024340WN6012,2024,340WN6012,1,-1,0,-1,19,1,5,-1,0,0,0,0,0,0,1,1,-1,6,1,24,5,-1,-1,-1,-1,4,E01026988,1,1
2024010521054,2024,010521054,2,1,0,4,4,1,5,0,0,1,0,0,0,0,1,1,6,6,1,34,6,-1,-1,-1,-1,4,E01003999,0,1
2024501402965,2024,501402965,2,9,0,-1,19,2,5,-1,0,0,1,0,0,0,4,1,-1,9,1,39,7,-1,-1,-1,-1,6,E01020175,0,2
2024440327053,2024,440327053,1,1,0,18,19,3,7,9,9,0,0,0,0,0,1,1,6,6,3,-1,-1,-1,-1,-1,-1,-1,-1,0,-1
2024302400475,2024,302400475,1,19,0,1,1,8,4,9,9,8,0,0,0,0,0,1,6,6,3,-1,-1,-1,-1,-1,-1,5,E01019456,0,4
2024991535706,2024,991535706,2,9,0,-1,10,7,3,-1,0,0,0,0,0,0,1,1,-1,2,2,40,7,-1,-1,-1,-1,1,-1,0,1
2024451409942,2024,451409942,3,90,0,-1,4,4,8,-1,0,0,0,0,0,0,1,9,-1,6,3,40,7,-1,-1,-1,-1,-1,-1,0,-1
2024010524183,2024,010524183,1,1,0,13,13,7,3,0,0,1,0,0,0,0,1,1,6,6,1,22,5,-1,-1,-1,-1,6,E01004682,0,1
2024311454967,2024,311454967,1,9,0,-1,1,2,6,-1,0,2,0,0,0,0,2,1,-1,1,1,48,8,-1,-1,-1,-1,-1,-1,0,-1
2024131394463,2024,131394463,1,9,0,-1,19,2,6,-1,0,1,0,0,0,0,-1,1,-1,6,3,-1,-1,-1,-1,-1,-1,-1,-1,0,-1
2024010496180,2024,010496180,2,9,0,18,19,5,1,0,0,0,0,0,1,0,2,1,6,6,1,23,5,-1,-1,-1,-1,5,E01021837,0,3
2024622400615,2024,622400615,1,9,0,7,7,7,2,0,0,5,0,0,0,0,1,1,6,6,1,81,11,-1,-1,-1,-1,3,W01001293,0,1
2024010539944,2024,010539944,2,9,9,99,99,9,9,99,99,9,9,99,9,99,9,9,6,6,3,-1,-1,-1,-1,-1,-1,-1,-1,0,-1
2024411512262,2024,411512262,1,9,0,-1,19,7,5,-1,0,8,0,0,0,0,1,9,-1,6,3,-1,-1,-1,-1,-1,-1,-1,-1,0,-1
2024010495392,2024,010495392,1,11,0,4,4,1,5,0,0,2,0,0,0,0,0,1,1,1,1,53,8,-1,-1,-1,-1,6,E01003411,0,2
2024010539752,2024,010539752,2,9,0,6,6,7,7,0,0,0,0,0,0,0,3,1,6,6,1,-1,-1,-1,-1,-1,-1,7,E01021913,0,4
2024421463107,2024,421463107,1,9,0,-1,15,2,6,-1,0,0,0,0,0,0,0,9,-1,6,3,-1,-1,-1,-1,-1,-1,-1,-1,0,-1
2024041518834,2024,041518834,2,9,0,-1,3,5,1,-1,0,1,0,0,0,0,0,9,-1,6,-1,-1,-1,-1,-1,-1,-1,-1,-1,0,-1
2024010518207,2024,010518207,2,90,0,99,99,9,9,99,99,9,9,99,9,99,9,9,6,6,3,-1,-1,-1,-1,-1,-1,3,E01001983,0,2
2024010497034,2024,010497034,2,1,0,13,13,3,7,0,0,1,0,0,0,0,3,1,4,7,1,9,2,-1,-1,-1,-1,4,E01002104,0,1
2024201558806,2024,201558806,1,2,0,-1,19,7,5,-1,0,0,0,0,0,0,1,1,-1,6,3,24,5,-1,-1,-1,-1,-1,-1,0,-1
202460Q089516,2024,60Q089516,2,1,0,18,19,5,1,0,0,0,0,0,0,0,1,1,6,6,2,45,7,-1,-1,-1,-1,-1,-1,0,-1
2024010504319,2024,010504319,2,9,0,99,99,9,9,99,99,9,9,99,9,99,0,9,6,6,3,-1,-1,-1,-1,-1,-1,-1,-1,0,-1
2024010498238,2024,010498238,1,9,0,99,99,9,9,99,99,9,9,99,9,99,4,9,6,6,3,-1,-1,-1,-1,-1,-1,3,E01004460,0,1
2024061402071,2024,061402071,1,9,-1,-1,-1,-1,-1,-1,-1,-1,-1,-1,-1,0,-1,1,-1,6,1,-1,-1,-1,-1,-1,-1,-1,-1,0,-1
2024010526545,2024,010526545,1,9,9,99,99,9,9,99,99,6,9,99,9,99,9,9,6,6,3,-1,-1,-1,-1,-1,-1,-1,-1,0,-1
2024461433086,2024,461433086,1,19,0,-1,5,3,5,-1,0,6,1,0,0,0,1,1,-1,1,1,23,5,-1,-1,-1,-1,8,E01000680,0,1
2024010487265,2024,010487265,1,19,0,99,99,9,9,99,99,0,9,99,9,99,9,9,6,6,3,-1,-1,-1,-1,-1,-1,-1,-1,0,-1
2024340WN0592,2024,340WN0592,1,9,0,-1,13,4,8,-1,0,1,0,0,0,0,1,1,-1,6,3,-1,-1,-1,-1,-1,-1,-1,-1,0,-1
2024991518498,2024,991518498,2,9,0,-1,5,8,5,-1,0,0,0,0,0,0,1,9,-1,2,1,38,7,-1,-1,-1,-1,1,E01022001,0,5
2024061474046,2024,061474046,2,9,0,-1,8,1,1,-1,0,0,0,0,0,0,4,1,-1,6,3,30,6,-1,-1,-1,-1,-1,-1,0,-1
2024131398217,2024,131398217,1,97,0,-1,19,5,1,-1,0,8,1,0,7,0,3,1,-1,6,1,31,6,-1,-1,-1,-1,3,E01005278,0,4
2024430389790,2024,430389790,2,9,0,18,19,4,8,0,0,6,0,0,0,0,1,1,6,6,2,-1,-1,-1,-1,-1,-1,-1,-1,0,-1
2024010546662,2024,010546662,5,9,0,18,19,5,1,0,0,0,0,0,0,0,0,1,6,6,3,-1,-1,-1,-1,-1,-1,-1,-1,0,-1
2024010495946,2024,010495946,1,3,0,3,3,9,9,99,99,9,9,99,9,99,1,1,1,1,1,25,5,-1,-1,-1,-1,2,E01002508,0,1
2024010496002,2024,010496002,2,9,0,11,11,5,1,0,0,1,0,0,0,0,1,1,2,2,2,54,8,-1,-1,-1,-1,2,E01001802,0,2
2024401447128,2024,401447128,1,9,0,-1,19,2,6,-1,0,0,0,0,0,0,3,9,-1,6,3,-1,-1,-1,-1,-1,-1,-1,-1,0,-1
2024361476912,2024,361476912,1,9,0,-1,19,6,2,-1,0,0,1,0,0,0,1,1,-1,1,1,34,6,-1,-1,-1,-1,9,E01035147,0,3
2024201487462,2024,201487462,1,9,0,-1,9,7,8,-1,0,1,0,0,0,0,1,1,-1,2,2,44,7,-1,-1,-1,-1,2,E01009832,0,2
2024201519441,2024,201519441,1,9,0,-1,19,5,1,-1,0,0,0,0,0,0,1,1,-1,6,3,-1,-1,-1,-1,-1,-1,-1,-1,0,-1
2024461482042,2024,461482042,1,9,0,-1,19,2,6,-1,0,0,0,0,0,0,1,1,-1,6,1,24,5,-1,-1,-1,-1,1,E01021271,0,4
2024201420380,2024,201420380,2,1,0,-1,19,8,4,-1,1,8,0,0,0,0,1,1,-1,1,1,31,6,-1,-1,-1,-1,1,E01034921,0,1
2024549184024,2024,549184024,2,21,0,10,10,4,2,0,0,1,0,0,0,0,2,1,6,6,1,23,5,-1,-1,-1,-1,1,E01015575,0,1
2024111505141,2024,111505141,1,90,0,-1,4,8,4,-1,0,0,0,0,0,0,0,1,-1,6,1,32,6,-1,-1,-1,-1,2,E01020748,0,1
2024522401302,2024,522401302,2,-1,0,9,9,6,4,0,0,5,0,0,0,0,3,1,6,6,2,19,4,-1,-1,-1,-1,1,E01014729,1,1
2024440474060,2024,440474060,2,9,0,13,13,7,3,0,0,0,0,0,0,0,4,1,6,6,3,-1,-1,-1,-1,-1,-1,-1,-1,0,-1
2024122400558,2024,122400558,2,1,0,18,19,8,4,9,9,8,0,0,0,0,1,1,6,6,1,21,5,-1,-1,-1,-1,5,E01027851,0,1
202417S409424,2024,17S409424,2,9,0,-1,19,6,2,-1,0,1,0,0,0,0,1,1,-1,6,3,-1,-1,-1,-1,-1,-1,-1,-1,0,-1
2024610008024,2024,610008024,2,9,0,2,2,7,3,0,0,2,0,0,0,11,3,1,6,6,2,30,6,-1,-1,-1,-1,6,W01001382,0,1
2024010548077,2024,010548077,1,9,0,99,99,9,9,99,99,9,9,99,9,99,9,9,6,6,3,-1,-1,-1,-1,-1,-1,-1,-1,0,-1
2024052400763,2024,052400763,1,5,0,18,19,1,5,0,0,2,0,4,0,0,1,1,6,6,1,42,7,-1,-1,-1,-1,4,E01006976,0,3
2024052400830,2024,052400830,2,1,0,18,19,8,4,0,0,0,0,0,0,0,4,1,6,6,2,46,8,-1,-1,-1,-1,2,E01007052,0,1
2024421521095,2024,421521095,2,1,0,-1,19,2,6,-1,0,0,0,0,0,0,3,1,-1,6,1,9,2,-1,-1,-1,-1,-1,-1,0,-1
2024522402264,2024,522402264,1,97,0,18,19,2,6,0,0,2,0,0,0,0,1,1,6,6,3,-1,-1,-1,-1,-1,-1,-1,-1,0,-1
2024991404870,2024,991404870,2,-1,0,-1,19,7,3,-1,0,8,5,0,0,0,1,1,-1,9,1,16,4,-1,-1,-1,-1,1,-1,1,1
2024010496797,2024,010496797,1,3,0,99,99,9,9,99,99,9,9,8,9,99,9,1,1,1,1,23,5,-1,-1,-1,-1,3,E01000630,0,3
2024471459635,2024,471459635,2,1,0,-1,19,1,5,-1,0,8,0,0,0,0,1,1,-1,9,1,59,9,-1,-1,-1,-1,4,E01021076,0,2
2024421485223,2024,421485223,1,9,0,-1,19,6,1,-1,0,0,0,0,0,0,1,1,-1,1,1,55,8,-1,-1,-1,-1,10,E01033053,0,3
2024041450786,2024,041450786,1,9,0,-1,19,3,7,-1,0,0,0,0,0,0,3,1,-1,2,1,39,7,-1,-1,-1,-1,1,E01025110,0,4
2024481561505,2024,481561505,2,1,0,-1,19,7,3,-1,4,8,0,0,1,10,0,1,-1,9,1,54,8,-1,-1,-1,-1,-1,-1,0,-1
2024411525537,2024,411525537,1,9,-1,-1,-1,-1,-1,-1,-1,0,-1,-1,-1,0,1,9,-1,6,2,-1,-1,-1,-1,-1,-1,-1,-1,0,-1
2024610018024,2024,610018024,2,1,0,18,19,7,3,0,0,0,0,0,0,0,4,1,6,6,1,13,3,-1,-1,-1,-1,5,W01001373,0,1
2024371472374,2024,371472374,1,9,0,-1,19,2,6,-1,0,1,0,0,0,0,1,1,-1,6,1,19,4,-1,-1,-1,-1,7,E01030200,0,3
2024332400034,2024,332400034,1,9,0,-1,13,1,5,-1,0,0,0,0,0,0,4,1,-1,6,2,26,6,-1,-1,-1,-1,10,E01025661,0,1
2024471508416,2024,471508416,1,9,0,-1,19,1,5,-1,0,2,0,0,0,0,3,9,-1,6,3,-1,-1,-1,-1,-1,-1,-1,-1,0,-1
2024052401549,2024,052401549,1,1,0,12,12,1,5,0,0,0,0,0,0,0,4,1,4,7,1,12,3,-1,-1,-1,-1,7,E01007310,0,1
2024361480103,2024,361480103,1,9,0,-1,7,6,8,-1,0,6,0,0,0,0,1,1,-1,6,2,64,9,-1,-1,-1,-1,2,E01026716,0,1
2024552400723,2024,552400723,1,1,0,18,19,7,3,0,0,8,0,0,0,0,1,1,2,2,1,39,7,-1,-1,-1,-1,1,E01015288,0,1
2024010509430,2024,010509430,1,19,0,1,1,3,7,0,0,6,0,0,0,0,2,1,6,6,3,-1,-1,-1,-1,-1,-1,-1,-1,0,-1
2024471409021,2024,471409021,2,1,0,-1,19,7,3,-1,0,1,0,0,0,0,1,1,-1,9,2,53,8,-1,-1,-1,-1,4,E01016955,0,1