collision_index,collision_year,collision_ref_no,vehicle_reference,vehicle_type,towing_and_articulation,vehicle_manoeuvre_historic,vehicle_manoeuvre,vehicle_direction_from,vehicle_direction_to,vehicle_location_restricted_lane_historic,vehicle_location_restricted_lane,junction_location,skidding_and_overturning,hit_object_in_carriageway,vehicle_leaving_carriageway,hit_object_off_carriageway,first_point_of_impact,vehicle_left_hand_drive,journey_purpose_of_driver_historic,journey_purpose_of_driver,sex_of_driver,age_of_driver,age_band_of_driver,engine_capacity_cc,propulsion_code,age_of_vehicle,generic_make_model,driver_imd_decile,lsoa_of_driver,escooter_flag,driver_distance_banding
2024320269503,2024,320269503,1,9,0,5,5,4,2,0,0,0,0,0,0,0,0,1,6,6,1,53,8,-1,-1,-1,-1,9,E01026304,0,1
2024010535552,2024,010535552,2,9,0,99,99,9,9,0,0,0,9,99,9,99,1,9,6,6,3,-1,-1,-1,-1,-1,-1,-1,-1,0,-1
2024411514801,2024,411514801,2,1,0,-1,5,3,7,-1,0,0,0,0,0,0,1,1,-1,6,1,15,3,-1,-1,-1,-1,4,E01023358,0,1
2024401516320,2024,401516320,1,5,0,-1,19,3,7,-1,0,8,0,0,0,0,1,1,-1,6,1,54,8,-1,-1,-1,-1,7,E01022067,0,4
2024211420991,2024,211420991,2,9,0,-1,19,5,6,-1,0,0,0,0,0,0,2,9,-1,1,1,39,7,-1,-1,-1,-1,4,E01014245,0,1
2024361518181,2024,361518181,2,1,0,-1,19,-1,-1,-1,0,1,0,0,0,0,-1,1,-1,9,1,10,2,-1,-1,-1,-1,8,E01035151,0,1
2024201425693,2024,201425693,2,9,0,-1,11,4,8,-1,0,0,0,0,0,0,1,9,-1,6,3,-1,-1,-1,-1,-1,-1,-1,-1,0,-1
2024010509463,2024,010509463,1,4,0,18,19,1,5,0,0,2,0,0,0,0,4,1,1,1,1,34,6,-1,-1,-1,-1,3,E01004528,0,1
2024010544520,2024,010544520,2,9,0,99,99,9,9,99,99,9,9,99,9,99,4,9,6,6,3,-1,-1,-1,-1,-1,-1,-1,-1,0,-1
2024531466782,2024,531466782,2,1,0,-1,19,3,7,-1,0,1,0,0,0,0,1,1,-1,7,1,14,3,-1,-1,-1,-1,5,E01022312,0,1
2024122400729,2024,122400729,3,9,0,4,4,5,1,0,0,1,0,0,0,0,2,1,6,6,3,-1,-1,-1,-1,-1,-1,-1,-1,0,-1
2024461511388,2024,461511388,2,-1,0,-1,19,7,3,-1,0,1,0,0,0,0,2,1,-1,2,2,36,7,-1,-1,-1,-1,4,E01024002,1,1
2024430530559,2024,430530559,1,9,0,18,19,2,6,0,0,0,-1,0,0,0,1,1,6,6,2,19,4,-1,-1,-1,-1,8,E01016713,0,1
2024141422404,2024,141422404,1,9,0,-1,19,3,5,-1,0,5,0,0,0,0,1,9,-1,6,3,-1,-1,-1,-1,-1,-1,-1,-1,0,-1
2024622400494,2024,622400494,1,23,0,18,19,7,3,0,0,2,0,0,0,0,1,1,6,6,3,-1,-1,-1,-1,-1,-1,-1,-1,0,-1
2024010494557,2024,010494557,1,9,0,15,15,1,5,0,0,1,0,0,0,0,1,1,6,6,1,22,5,-1,-1,-1,-1,9,E01001098,0,1
2024211526451,2024,211526451,1,9,0,-1,19,5,1,-1,0,1,2,0,0,0,4,1,-1,2,2,54,8,-1,-1,-1,-1,2,E01029734,0,1
2024010546065,2024,010546065,1,-1,0,5,5,5,1,0,0,0,0,0,0,0,4,1,6,6,1,16,4,-1,-1,-1,-1,3,E01004305,1,1
2024010490779,2024,010490779,2,9,9,99,99,9,9,99,99,9,9,99,9,99,9,9,6,6,3,-1,-1,-1,-1,-1,-1,-1,-1,0,-1
2024991521463,2024,991521463,2,1,0,-1,19,2,6,-1,0,8,0,0,0,0,1,1,-1,9,1,38,7,-1,-1,-1,-1,-1,-1,0,-1
2024471490985,2024,471490985,2,1,0,-1,5,4,8,-1,0,3,0,0,0,0,2,1,-1,6,2,26,6,-1,-1,-1,-1,6,E01031669,0,1
2024061416949,2024,061416949,1,9,0,-1,6,5,5,-1,0,0,0,0,0,0,3,1,-1,6,1,28,6,-1,-1,-1,-1,7,E01018338,0,4
2024440300897,2024,440300897,1,3,0,18,19,4,8,0,0,0,1,0,0,0,0,1,2,2,1,22,5,-1,-1,-1,-1,4,E01022723,0,4
2024440267515,2024,440267515,1,1,0,17,19,6,2,0,0,0,0,11,0,0,1,1,6,6,1,74,10,-1,-1,-1,-1,10,E01022898,0,2
2024332400477,2024,332400477,3,9,0,-1,2,0,0,-1,0,2,0,0,0,0,4,1,-1,6,3,-1,-1,-1,-1,-1,-1,-1,-1,0,-1
2024161487750,2024,161487750,2,1,0,-1,19,7,3,-1,0,0,0,0,0,0,4,1,-1,6,1,31,6,-1,-1,-1,-1,-1,-1,0,-1
2024421422748,2024,421422748,1,9,0,-1,19,5,1,-1,0,0,0,0,0,0,3,9,-1,6,3,-1,-1,-1,-1,-1,-1,-1,-1,0,-1
2024201522269,2024,201522269,1,9,0,-1,19,1,5,-1,0,0,0,0,0,0,1,1,-1,6,1,21,5,-1,-1,-1,-1,2,E01010305,0,3
2024501455933,2024,501455933,1,10,0,-1,19,3,7,-1,0,1,0,0,0,0,0,1,-1,1,1,47,8,-1,-1,-1,-1,8,E01018899,0,1
2024010507972,2024,010507972,1,19,0,99,99,9,9,99,99,9,9,99,9,99,9,9,6,6,3,-1,-1,-1,-1,-1,-1,-1,-1,0,-1
2024010525737,2024,010525737,1,9,0,99,99,9,9,99,99,9,9,99,9,99,1,9,2,2,1,39,7,-1,-1,-1,-1,2,E01002804,0,1
2024061509172,2024,061509172,2,90,0,-1,19,2,1,-1,0,0,0,0,0,0,1,1,-1,6,1,7,2,-1,-1,-1,-1,2,E01006253,0,1
2024010546517,2024,010546517,1,1,0,18,19,7,3,0,0,1,0,0,1,0,3,1,1,1,1,47,8,-1,-1,-1,-1,9,E01000848,0,1
2024010549985,2024,010549985,1,97,0,16,19,7,3,0,0,1,0,0,3,0,1,1,6,6,3,-1,-1,-1,-1,-1,-1,-1,-1,0,-1
2024010528371,2024,010528371,2,9,0,13,13,9,9,99,99,0,9,99,9,99,9,9,6,6,3,-1,-1,-1,-1,-1,-1,-1,-1,0,-1
2024010517626,2024,010517626,2,1,0,15,15,5,1,2,2,2,5,0,1,4,3,1,1,1,1,24,5,-1,-1,-1,-1,5,E01004048,0,1
202460Q123782,2024,60Q123782,1,9,0,13,13,4,8,0,0,0,0,0,0,0,0,1,6,6,1,18,4,-1,-1,-1,-1,-1,-1,0,-1
2024101451281,2024,101451281,3,9,0,-1,4,6,2,-1,0,8,0,0,0,0,2,1,-1,6,1,40,7,-1,-1,-1,-1,-1,-1,0,-1
2024610010924,2024,610010924,1,9,0,18,19,2,7,0,0,0,2,0,1,7,1,1,1,1,1,24,5,-1,-1,-1,-1,5,W01001430,0,3
2024201470619,2024,201470619,2,9,0,-1,19,4,8,-1,0,2,0,0,0,0,1,1,-1,6,-1,-1,-1,-1,-1,-1,-1,-1,-1,0,-1
2024440344601,2024,440344601,1,1,0,17,19,6,2,0,0,8,0,0,0,0,0,1,6,6,1,56,9,-1,-1,-1,-1,10,E01022698,0,1
2024221530245,2024,221530245,1,9,0,-1,19,6,2,-1,0,0,0,0,7,2,1,1,-1,6,2,78,11,-1,-1,-1,-1,9,E01032227,0,1
2024231462951,2024,231462951,3,19,0,-1,-1,7,3,-1,-1,0,0,0,0,0,1,9,-1,-1,-1,55,8,-1,-1,-1,-1,4,E01010402,0,4
2024332400904,2024,332400904,2,1,0,-1,19,3,7,-1,0,0,0,0,0,0,1,1,-1,6,1,10,2,-1,-1,-1,-1,1,E01013755,0,1
2024010515437,2024,010515437,1,9,0,18,19,1,5,0,0,2,0,0,0,0,1,1,6,6,1,21,5,-1,-1,-1,-1,5,E01004127,0,1
2024332400916,2024,332400916,1,9,0,-1,19,8,4,-1,0,0,0,0,0,0,1,1,-1,6,2,-1,-1,-1,-1,-1,-1,8,E01025926,0,1
2024141399648,2024,141399648,1,9,0,-1,19,1,5,-1,0,0,0,0,0,0,2,1,-1,1,2,27,6,-1,-1,-1,-1,3,E01028025,0,2
2024061501315,2024,061501315,1,1,0,-1,19,-1,-1,-1,5,0,5,11,0,0,1,1,-1,9,1,43,7,-1,-1,-1,-1,4,E01005084,0,1
2024122401068,2024,122401068,1,23,0,18,19,7,3,9,9,0,0,0,0,0,1,1,6,6,3,-1,-1,-1,-1,-1,-1,-1,-1,0,-1
2024501410648,2024,501410648,1,9,0,-1,19,7,3,-1,0,0,0,0,0,0,1,9,-1,6,1,73,10,-1,-1,-1,-1,5,E01015029,0,1
2024351457033,2024,351457033,3,98,5,-1,19,5,7,-1,0,0,0,0,0,0,0,1,-1,1,1,46,8,-1,-1,-1,-1,8,E01027332,0,4
2024101474179,2024,101474179,1,9,0,-1,19,7,3,-1,0,3,0,0,0,0,1,1,-1,6,2,31,6,-1,-1,-1,-1,1,E01027431,0,1
2024201503533,2024,201503533,1,23,0,-1,19,6,2,-1,0,0,5,4,7,0,1,1,-1,6,1,19,4,-1,-1,-1,-1,3,E01009538,0,1
2024471499189,2024,471499189,1,9,0,-1,4,7,3,-1,0,0,1,0,0,0,2,1,-1,2,2,26,6,-1,-1,-1,-1,10,E01021151,0,4
2024471494402,2024,471494402,1,9,0,-1,-1,-1,-1,-1,-1,8,-1,-1,-1,0,1,9,-1,6,2,33,6,-1,-1,-1,-1,6,E01001419,0,4
2024122500331,2024,122500331,1,1,0,10,10,7,3,0,0,1,0,0,0,0,2,1,2,2,1,47,8,-1,-1,-1,-1,5,E01027564,0,2
2024010520636,2024,010520636,1,1,9,14,14,9,9,99,99,9,9,8,9,99,9,1,6,6,2,28,6,-1,-1,-1,-1,4,E01003018,0,1
2024471395899,2024,471395899,2,1,0,-1,5,1,5,-1,0,0,0,0,0,0,1,1,-1,6,2,55,8,-1,-1,-1,-1,3,E01031347,0,2
2024061528586,2024,061528586,1,9,0,-1,9,3,8,-1,0,1,0,0,0,0,1,9,-1,6,2,-1,-1,-1,-1,-1,-1,5,E01006349,0,1
2024211495834,2024,211495834,1,21,1,-1,19,8,4,-1,0,1,0,0,0,0,1,1,-1,1,1,78,11,-1,-1,-1,-1,6,E01018281,0,5
2024531450087,2024,531450087,1,-1,0,-1,19,1,5,-1,0,2,5,0,0,0,4,1,-1,6,1,41,7,-1,-1,-1,-1,8,E01022402,1,1
2024010514273,2024,010514273,1,1,9,99,99,9,9,99,99,0,9,99,9,99,1,1,6,6,3,-1,-1,-1,-1,-1,-1,-1,-1,0,-1
2024101409382,2024,101409382,2,9,0,-1,4,2,7,-1,0,0,0,0,0,0,2,1,-1,2,1,35,6,-1,-1,-1,-1,1,E01012090,0,4
202417L500524,2024,17L500524,1,9,0,17,19,6,2,0,0,0,5,0,0,0,4,1,6,6,1,34,6,-1,-1,-1,-1,2,E01033473,0,1
2024061410736,2024,061410736,1,9,0,-1,19,3,7,-1,0,0,0,0,0,0,1,1,-1,1,1,57,9,-1,-1,-1,-1,2,E01004895,0,2
2024111418852,2024,111418852,1,90,0,-1,19,3,7,-1,0,0,5,10,0,0,4,1,-1,6,1,15,3,-1,-1,-1,-1,2,E01020797,0,1
2024991508033,2024,991508033,2,1,0,-1,19,5,8,-1,0,4,0,0,0,0,2,1,-1,6,2,59,9,-1,-1,-1,-1,-1,-1,0,-1
2024461401268,2024,461401268,1,9,0,-1,19,3,7,-1,0,0,0,0,0,0,-1,9,-1,9,3,-1,-1,-1,-1,-1,-1,-1,-1,0,-1
2024320121684,2024,320121684,1,9,0,9,9,6,3,0,0,6,0,0,0,0,1,1,-1,-1,1,67,10,-1,-1,-1,-1,-1,-1,0,-1
2024010499161,2024,010499161,1,1,9,99,99,9,9,99,99,9,9,99,9,99,1,1,2,2,1,27,6,-1,-1,-1,-1,3,E01003183,0,1
2024010506618,2024,010506618,2,9,0,9,9,3,1,0,0,1,0,0,0,0,1,1,6,6,2,34,6,-1,-1,-1,-1,7,E01001049,0,1
2024010513821,2024,010513821,2,1,0,18,19,3,7,0,0,1,0,0,0,0,1,1,6,6,2,26,6,-1,-1,-1,-1,8,E01030703,0,3
2024122500213,2024,122500213,1,9,0,18,19,1,5,0,0,0,0,0,0,0,1,1,6,6,1,50,8,-1,-1,-1,-1,10,E01011562,0,4
2024430475058,2024,430475058,1,9,0,1,1,9,9,0,0,1,0,0,0,0,2,1,6,6,3,-1,-1,-1,-1,-1,-1,-1,-1,0,-1
2024010527383,2024,010527383,2,9,0,7,7,1,3,0,0,6,1,0,0,0,1,1,6,6,1,84,11,-1,-1,-1,-1,7,E01003696,0,1
2024320035403,2024,320035403,2,1,0,-1,-1,6,2,0,0,2,0,0,0,0,3,1,6,6,1,17,4,-1,-1,-1,-1,8,E01026238,0,1
2024461486212,2024,461486212,1,9,0,-1,11,5,1,-1,0,0,0,0,0,0,2,9,-1,6,2,-1,-1,-1,-1,-1,-1,5,E01024039,0,1
2024361408478,2024,361408478,1,11,0,-1,2,0,0,-1,0,5,0,0,0,0,4,1,-1,1,1,28,6,-1,-1,-1,-1,8,E01026917,0,2
2024010514050,2024,010514050,1,1,9,99,99,9,9,99,99,9,9,99,9,99,1,1,6,6,1,40,7,-1,-1,-1,-1,10,E01002189,0,1
2024010495680,2024,010495680,2,9,9,99,99,9,9,99,99,9,9,99,9,99,9,9,6,6,3,-1,-1,-1,-1,-1,-1,-1,-1,0,-1
2024501396976,2024,501396976,2,9,0,-1,19,1,5,-1,0,0,1,0,0,0,1,1,-1,1,2,46,8,-1,-1,-1,-1,3,E01015229,0,1
2024451442429,2024,451442429,3,9,0,-1,19,3,1,-1,0,0,0,0,0,0,0,9,-1,6,3,52,8,-1,-1,-1,-1,-1,-1,0,-1
2024461431216,2024,461431216,2,9,0,-1,2,5,1,-1,0,0,0,0,0,0,2,1,-1,9,2,31,6,-1,-1,-1,-1,3,E01016038,0,1
202454B855324,2024,54B855324,2,19,0,4,4,3,7,0,0,1,0,0,0,0,2,1,1,1,1,56,9,-1,-1,-1,-1,6,E01022486,0,4
2024010505125,2024,010505125,2,1,0,18,19,5,1,0,0,1,0,0,0,0,1,1,6,6,1,17,4,-1,-1,-1,-1,3,E01003992,0,2
2024311454210,2024,311454210,1,1,0,-1,19,1,5,-1,0,1,2,10,7,0,1,1,-1,9,1,14,3,-1,-1,-1,-1,-1,-1,0,-1
2024061425412,2024,061425412,1,9,0,-1,19,7,3,-1,0,0,0,0,0,0,1,9,-1,6,2,-1,-1,-1,-1,-1,-1,-1,-1,0,-1
2024471518368,2024,471518368,1,1,0,-1,19,5,1,-1,0,0,0,0,0,0,1,1,-1,6,1,62,9,-1,-1,-1,-1,4,E01020966,0,1
2024010504565,2024,010504565,2,9,0,99,99,9,9,99,99,9,9,99,9,99,3,9,6,6,3,40,7,-1,-1,-1,-1,5,E01000516,0,1
2024201438339,2024,201438339,2,1,0,-1,19,8,4,-1,0,8,0,8,0,0,4,1,-1,6,2,52,8,-1,-1,-1,-1,4,E01010325,0,1
2024010532686,2024,010532686,1,1,9,99,99,9,9,99,99,9,9,99,9,99,2,1,6,6,1,22,5,-1,-1,-1,-1,7,E01002981,0,1
2024061521408,2024,061521408,1,9,0,-1,19,7,3,-1,0,1,0,0,0,0,1,9,-1,6,3,-1,-1,-1,-1,-1,-1,-1,-1,0,-1
2024461405097,2024,461405097,1,9,0,-1,19,3,7,-1,0,0,0,0,0,0,1,9,-1,6,3,-1,-1,-1,-1,-1,-1,-1,-1,0,-1
2024211456855,2024,211456855,1,97,0,-1,7,2,4,-1,0,0,0,0,7,0,1,1,-1,6,2,34,6,-1,-1,-1,-1,-1,-1,0,-1
2024052401972,2024,052401972,1,9,0,18,19,8,4,0,0,1,0,0,0,0,1,1,6,6,3,-1,-1,-1,-1,-1,-1,-1,-1,0,-1
2024131511653,2024,131511653,2,-1,0,-1,19,3,7,-1,9,0,0,0,0,0,1,1,-1,6,1,23,5,-1,-1,-1,-1,1,E01011357,1,2
2024010512751,2024,010512751,1,1,9,99,99,9,9,99,99,9,9,99,9,99,9,1,2,2,1,52,8,-1,-1,-1,-1,6,E01001897,0,1
2024010520512,2024,010520512,2,-1,0,-1,-1,5,1,0,0,1,0,0,0,0,1,1,6,6,1,34,6,-1,-1,-1,-1,3,E01000059,1,3
2024471517851,2024,471517851,1,1,0,-1,19,2,6,-1,0,1,0,0,0,0,3,1,-1,9,1,24,5,-1,-1,-1,-1,5,E01020999,0,1
2024991426097,2024,991426097,2,1,0,-1,14,8,3,-1,0,2,0,0,1,0,1,1,-1,6,2,50,8,-1,-1,-1,-1,-1,-1,0,-1
2024531407806,2024,531407806,2,1,0,-1,19,1,5,-1,0,8,0,0,0,0,4,1,-1,9,1,13,3,-1,-1,-1,-1,4,E01022421,0,1
2024440370549,2024,440370549,1,1,0,18,19,1,5,9,9,8,0,0,0,0,0,1,6,6,1,60,9,-1,-1,-1,-1,10,E01017146,0,1
2024430522693,2024,430522693,1,9,0,7,7,1,4,0,0,6,0,0,0,0,1,1,6,6,2,-1,-1,-1,-1,-1,-1,-1,-1,0,-1
2024461415304,2024,461415304,1,9,0,-1,19,3,7,-1,0,0,0,0,0,0,3,9,-1,9,3,-1,-1,-1,-1,-1,-1,-1,-1,0,-1
2024041406629,2024,041406629,1,98,0,-1,19,3,7,-1,0,1,0,0,0,0,3,1,-1,6,-1,-1,-1,-1,-1,-1,-1,-1,-1,0,-1
2024311478169,2024,311478169,2,1,0,-1,19,3,7,-1,0,8,0,0,0,0,4,1,-1,6,1,23,5,-1,-1,-1,-1,2,E01013904,0,1
2024010496130,2024,010496130,1,1,0,99,99,9,9,0,0,9,0,0,0,0,0,1,6,6,1,32,6,-1,-1,-1,-1,2,E01003055,0,1
2024542514024,2024,542514024,2,9,0,18,19,2,6,0,0,0,0,0,0,0,1,1,6,6,2,77,11,-1,-1,-1,-1,6,E01031971,0,1
2024010495712,2024,010495712,2,9,0,99,99,9,9,99,99,9,9,99,9,99,1,9,6,6,3,-1,-1,-1,-1,-1,-1,5,E01003941,0,2
2024520401435,2024,520401435,1,9,0,18,19,5,1,0,0,1,0,0,0,0,1,1,6,6,2,51,8,-1,-1,-1,-1,6,E01029043,0,2
2024010509622,2024,010509622,1,1,9,99,99,9,9,99,99,9,9,99,9,99,1,1,6,6,1,40,7,-1,-1,-1,-1,7,E01000160,0,1
2024471423387,2024,471423387,1,5,0,-1,19,5,1,-1,0,0,5,0,5,6,3,1,-1,6,1,39,7,-1,-1,-1,-1,1,E01031558,0,1
2024221435024,2024,221435024,1,9,0,-1,9,6,5,-1,0,5,0,0,0,0,3,9,-1,6,2,27,6,-1,-1,-1,-1,-1,-1,0,-1
2024010549591,2024,010549591,1,19,0,4,4,7,3,0,0,0,0,0,0,0,1,1,1,1,1,44,7,-1,-1,-1,-1,4,E01024258,0,3
2024141505026,2024,141505026,1,9,0,-1,19,1,5,-1,0,8,0,0,0,0,4,1,-1,2,2,50,8,-1,-1,-1,-1,4,E01007393,0,1
2024311510952,2024,311510952,2,1,0,-1,19,6,2,-1,0,0,0,0,0,0,3,1,-1,6,1,38,7,-1,-1,-1,-1,4,E01028260,0,1
2024010501321,2024,010501321,1,1,9,99,99,9,9,99,99,9,9,99,9,99,9,1,6,6,2,37,7,-1,-1,-1,-1,9,E01004546,0,2
2024010489866,2024,010489866,1,3,0,99,99,9,9,99,99,9,9,99,9,99,1,1,2,2,1,32,6,-1,-1,-1,-1,3,E01004367,0,2
2024552400374,2024,552400374,1,1,0,18,19,7,3,0,0,8,0,0,0,0,1,1,6,6,1,16,4,-1,-1,-1,-1,7,E01020486,0,1
2024522401601,2024,522401601,1,1,0,12,12,6,2,0,0,2,0,0,0,0,1,1,6,6,2,30,6,-1,-1,-1,-1,2,E01014574,0,1
2024302400474,2024,302400474,2,1,0,9,9,4,2,0,0,1,0,0,0,0,4,1,6,6,1,13,3,-1,-1,-1,-1,9,E01019706,0,1
2024010522901,2024,010522901,1,9,9,99,99,9,9,99,99,9,9,99,9,99,9,9,6,6,3,-1,-1,-1,-1,-1,-1,-1,-1,0,-1
2024131404340,2024,131404340,1,9,0,-1,19,1,5,-1,0,0,0,0,1,11,1,1,-1,1,2,48,8,-1,-1,-1,-1,3,E01010629,0,1
2024010500868,2024,010500868,3,9,0,3,3,6,2,0,0,1,0,0,0,0,2,1,6,6,2,36,7,-1,-1,-1,-1,5,E01000219,0,1
2024440508042,2024,440508042,1,9,0,18,19,3,7,0,0,8,0,0,0,0,1,1,6,6,1,-1,-1,-1,-1,-1,-1,-1,-1,0,-1
2024141436821,2024,141436821,2,1,0,-1,19,2,6,-1,0,0,2,0,0,0,2,1,-1,6,1,17,4,-1,-1,-1,-1,2,E01007464,0,1
2024440175167,2024,440175167,1,8,0,1,1,0,8,0,0,8,0,0,0,0,2,1,1,1,3,-1,-1,-1,-1,-1,-1,-1,-1,0,-1
2024302401176,2024,302401176,1,9,0,18,19,4,8,0,0,0,0,0,0,0,3,1,6,6,3,-1,-1,-1,-1,-1,-1,5,E01019456,0,4
2024201508823,2024,201508823,2,22,0,-1,5,8,6,-1,0,6,0,0,0,0,1,1,-1,6,1,69,10,-1,-1,-1,-1,1,E01034309,0,1
2024041418866,2024,041418866,1,9,0,-1,9,4,2,-1,0,6,0,0,0,0,1,1,-1,9,1,23,5,-1,-1,-1,-1,2,E01025305,0,1
2024471513722,2024,471513722,1,90,0,-1,19,3,7,-1,0,0,5,0,0,0,0,1,-1,9,1,17,4,-1,-1,-1,-1,1,E01020972,0,2
2024440489349,2024,440489349,2,4,0,18,19,5,1,0,0,4,0,0,0,0,1,1,6,6,1,26,6,-1,-1,-1,-1,10,E01022518,0,1
2024311529664,2024,311529664,1,98,0,-1,1,7,3,-1,0,1,0,0,0,0,2,1,-1,1,1,30,6,-1,-1,-1,-1,-1,-1,0,-1
2024141513711,2024,141513711,1,1,0,-1,5,5,1,-1,9,1,1,0,0,0,1,1,-1,2,1,30,6,-1,-1,-1,-1,2,E01008072,0,1
2024461460112,2024,461460112,1,23,0,-1,-1,4,2,-1,-1,4,-1,-1,-1,0,-1,1,-1,6,3,-1,-1,-1,-1,-1,-1,-1,-1,0,-1
2024430265073,2024,430265073,1,9,0,10,10,7,5,0,0,6,0,0,0,0,1,1,2,2,2,24,5,-1,-1,-1,-1,5,E01031027,0,4
2024010501683,2024,010501683,1,1,9,99,99,9,9,99,99,9,9,99,9,99,9,1,2,2,1,49,8,-1,-1,-1,-1,3,E01003326,0,1
2024010491458,2024,010491458,1,4,0,18,19,7,3,0,0,0,0,0,0,0,1,1,6,6,1,26,6,-1,-1,-1,-1,3,E01004755,0,1
2024430165214,2024,430165214,2,9,0,12,12,7,3,0,0,0,0,0,0,0,3,1,6,6,1,45,7,-1,-1,-1,-1,-1,-1,0,-1
2024351512195,2024,351512195,2,1,0,-1,3,3,7,-1,0,0,0,0,0,0,2,1,-1,6,2,32,6,-1,-1,-1,-1,8,E01017990,0,1
2024010509788,2024,010509788,2,1,0,18,19,1,5,2,2,1,0,0,0,0,1,1,6,6,1,58,9,-1,-1,-1,-1,5,E01003084,0,1
2024061450410,2024,061450410,1,1,0,-1,19,-1,-1,-1,4,1,0,0,0,0,3,1,-1,2,1,29,6,-1,-1,-1,-1,4,E01006141,0,1
2024131400989,2024,131400989,3,9,0,-1,19,6,2,-1,0,0,0,0,0,0,-1,1,-1,6,3,-1,-1,-1,-1,-1,-1,-1,-1,0,-1
2024501505040,2024,501505040,2,1,0,-1,19,3,7,-1,0,3,0,0,0,0,1,1,-1,6,1,58,9,-1,-1,-1,-1,5,E01020279,0,3
2024010505369,2024,010505369,2,1,0,9,9,3,8,0,0,1,0,0,0,0,2,1,6,6,1,71,10,-1,-1,-1,-1,4,E01003562,0,1
2024041489489,2024,041489489,2,1,0,-1,19,5,1,-1,0,4,0,0,0,0,4,1,-1,6,1,17,4,-1,-1,-1,-1,3,E01024952,0,3
2024010502909,2024,010502909,1,1,9,99,99,9,9,99,99,9,9,99,9,99,9,1,2,2,3,23,5,-1,-1,-1,-1,8,E01016956,0,4
2024161456326,2024,161456326,1,97,0,-1,19,3,7,-1,0,0,0,0,0,0,4,1,-1,6,1,78,11,-1,-1,-1,-1,6,E01013048,0,2
2024430507802,2024,430507802,2,9,0,4,4,6,2,0,0,1,0,0,0,0,2,1,6,6,3,-1,-1,-1,-1,-1,-1,-1,-1,0,-1
2024061483051,2024,061483051,1,1,0,-1,19,-1,-1,-1,0,2,0,0,0,0,1,1,-1,2,1,43,7,-1,-1,-1,-1,5,E01006391,0,1
2024041494312,2024,041494312,1,9,0,-1,19,-1,-1,-1,0,1,0,0,0,0,-1,9,-1,6,3,-1,-1,-1,-1,-1,-1,-1,-1,0,-1
2024531409615,2024,531409615,2,9,0,-1,19,3,7,-1,0,0,0,0,0,0,3,9,-1,6,1,23,5,-1,-1,-1,-1,8,E01022221,0,2
2024010501555,2024,010501555,1,1,9,99,99,9,9,99,99,9,9,99,9,99,1,1,6,6,2,31,6,-1,-1,-1,-1,3,E01004226,0,1
2024161488779,2024,161488779,1,1,0,-1,19,7,3,-1,0,0,0,0,0,0,1,1,-1,9,1,14,3,-1,-1,-1,-1,4,E01012828,0,1
2024010488459,2024,010488459,2,9,0,99,99,9,9,99,99,9,9,99,9,99,9,9,6,6,3,-1,-1,-1,-1,-1,-1,-1,-1,0,-1
2024631529739,2024,631529739,2,1,0,-1,19,8,4,-1,0,1,0,0,1,10,0,1,-1,6,2,41,7,-1,-1,-1,-1,2,W01000659,0,1
2024061399320,2024,061399320,4,9,0,-1,19,3,7,-1,0,0,0,0,0,0,2,1,-1,1,1,41,7,-1,-1,-1,-1,4,E01008001,0,4
2024440309744,2024,440309744,2,9,0,18,19,2,6,0,0,0,0,0,0,0,1,1,6,6,2,23,5,-1,-1,-1,-1,-1,-1,0,-1
2024320499908,2024,320499908,1,90,0,13,13,5,1,0,0,1,0,0,0,0,3,-1,-1,-1,1,27,6,-1,-1,-1,-1,-1,-1,0,-1
2024201469000,2024,201469000,1,9,0,-1,19,1,5,-1,0,1,0,0,0,0,1,9,-1,6,3,-1,-1,-1,-1,-1,-1,-1,-1,0,-1
2024010527043,2024,010527043,1,1,0,18,19,5,1,0,0,8,0,0,0,0,1,1,6,6,1,28,6,-1,-1,-1,-1,4,E01032764,0,1
2024440520292,2024,440520292,1,1,0,18,19,5,1,0,0,6,0,0,0,0,3,1,6,6,1,13,3,-1,-1,-1,-1,7,E01022713,0,1
2024010488297,2024,010488297,2,9,0,99,99,9,9,99,99,0,9,99,9,99,1,9,6,6,2,-1,-1,-1,-1,-1,-1,2,E01001687,0,1
202417S101724,2024,17S101724,2,9,0,18,19,2,6,0,0,8,0,0,0,0,2,1,6,6,2,19,4,-1,-1,-1,-1,2,E01012247,0,1
2024161429882,2024,161429882,2,9,0,-1,7,7,1,-1,0,1,0,0,0,0,2,9,-1,6,3,-1,-1,-1,-1,-1,-1,-1,-1,0,-1
2024010488939,2024,010488939,1,4,0,18,19,3,7,0,0,2,0,0,0,0,1,1,6,6,3,-1,-1,-1,-1,-1,-1,-1,-1,0,-1
2024430045124,2024,430045124,2,9,0,18,19,1,5,0,0,6,0,0,0,0,1,1,6,6,1,-1,-1,-1,-1,-1,-1,-1,-1,0,-1
2024201463402,2024,201463402,1,9,0,-1,19,6,1,-1,0,1,0,10,1,11,1,9,-1,6,1,39,7,-1,-1,-1,-1,2,E01010409,0,1
2024010519829,2024,010519829,1,9,0,18,19,1,5,0,0,1,0,0,0,0,1,1,6,6,3,-1,-1,-1,-1,-1,-1,-1,-1,0,-1
2024991475707,2024,991475707,2,5,0,-1,13,8,4,-1,0,0,0,0,7,1,4,1,-1,6,1,70,10,-1,-1,-1,-1,-1,-1,0,-1
2024052402608,2024,052402608,1,9,0,18,19,3,7,0,0,0,0,0,0,0,1,1,6,6,3,-1,-1,-1,-1,-1,-1,-1,-1,0,-1
2024221492084,2024,221492084,3,9,0,-1,19,4,8,-1,0,0,0,0,0,0,1,1,-1,6,2,33,6,-1,-1,-1,-1,9,E01032183,0,1
2024010548091,2024,010548091,1,9,0,99,99,9,9,99,99,9,9,99,9,99,2,9,6,6,3,-1,-1,-1,-1,-1,-1,-1,-1,0,-1
2024302401614,2024,302401614,2,4,0,18,19,3,7,0,0,8,0,0,0,0,1,1,6,6,1,17,4,-1,-1,-1,-1,8,E01019812,0,1