collision_index,collision_year,collision_ref_no,vehicle_reference,vehicle_type,towing_and_articulation,vehicle_manoeuvre_historic,vehicle_manoeuvre,vehicle_direction_from,vehicle_direction_to,vehicle_location_restricted_lane_historic,vehicle_location_restricted_lane,junction_location,skidding_and_overturning,hit_object_in_carriageway,vehicle_leaving_carriageway,hit_object_off_carriageway,first_point_of_impact,vehicle_left_hand_drive,journey_purpose_of_driver_historic,journey_purpose_of_driver,sex_of_driver,age_of_driver,age_band_of_driver,engine_capacity_cc,propulsion_code,age_of_vehicle,generic_make_model,driver_imd_decile,lsoa_of_driver,escooter_flag,driver_distance_banding
2024430611916,2024,430611916,1,9,0,18,19,5,1,0,0,4,0,0,0,0,1,1,6,6,2,47,8,-1,-1,-1,-1,9,E01028788,0,1
2024010494111,2024,010494111,1,3,0,99,99,9,9,99,99,9,9,99,9,99,9,1,1,1,1,25,5,-1,-1,-1,-1,6,E01000244,0,3
2024520000347,2024,520000347,1,9,0,16,19,-1,-1,0,0,0,0,0,0,0,0,1,6,6,2,28,6,-1,-1,-1,-1,6,E01035206,0,1
2024010494685,2024,010494685,1,3,0,99,99,9,9,99,99,9,9,99,9,99,9,1,1,1,1,30,6,-1,-1,-1,-1,2,E01002041,0,1
2024061463377,2024,061463377,2,1,0,-1,19,-1,-1,-1,0,0,0,0,0,0,0,1,-1,1,1,50,8,-1,-1,-1,-1,2,E01005946,0,1
2024340WN1382,2024,340WN1382,1,9,0,-1,19,2,6,-1,0,4,0,0,0,0,1,1,-1,6,1,-1,-1,-1,-1,-1,-1,-1,-1,0,-1
2024131503158,2024,131503158,1,9,0,-1,-1,-1,-1,-1,-1,0,-1,-1,-1,-1,-1,1,-1,6,3,-1,-1,-1,-1,-1,-1,-1,-1,0,-1
2024041400235,2024,041400235,2,9,0,-1,19,5,1,-1,0,1,0,0,0,0,1,1,-1,2,1,27,6,-1,-1,-1,-1,8,E01025272,0,3
2024201513489,2024,201513489,2,9,0,-1,19,7,3,-1,0,0,0,0,0,0,3,1,-1,6,1,33,6,-1,-1,-1,-1,1,E01034735,0,4
2024501396141,2024,501396141,1,-1,0,-1,19,8,3,-1,0,0,0,0,0,0,3,1,-1,9,1,35,6,-1,-1,-1,-1,1,E01020103,1,1
2024111512944,2024,111512944,2,1,0,-1,19,5,1,-1,0,8,0,0,0,0,4,1,-1,9,2,56,9,-1,-1,-1,-1,7,E01008761,0,3
2024010497851,2024,010497851,1,90,0,99,99,9,9,99,99,9,9,99,9,99,1,9,6,6,3,-1,-1,-1,-1,-1,-1,-1,-1,0,-1
2024440340418,2024,440340418,2,19,0,1,1,6,2,0,0,1,0,0,0,0,2,1,6,6,1,-1,-1,-1,-1,-1,-1,-1,-1,0,-1
2024131406614,2024,131406614,1,1,0,-1,9,5,2,-1,0,0,0,0,2,10,1,1,-1,9,1,41,7,-1,-1,-1,-1,1,E01011621,0,1
2024231401197,2024,231401197,2,9,0,-1,9,3,8,-1,0,5,0,0,0,0,3,9,-1,6,1,26,6,-1,-1,-1,-1,4,E01031105,0,3
2024010536602,2024,010536602,2,1,9,99,99,9,9,99,99,9,9,99,9,99,1,1,6,6,3,-1,-1,-1,-1,-1,-1,-1,-1,0,-1
2024471504975,2024,471504975,1,9,0,-1,19,5,1,-1,0,0,0,0,0,0,1,2,-1,2,2,22,5,-1,-1,-1,-1,7,E01021170,0,2
2024010522573,2024,010522573,1,1,9,99,99,9,9,99,99,9,9,99,9,99,1,1,6,6,3,-1,-1,-1,-1,-1,-1,-1,-1,0,-1
2024311494960,2024,311494960,2,17,0,-1,9,1,8,-1,0,0,0,0,0,0,1,1,-1,1,1,33,6,-1,-1,-1,-1,-1,-1,0,-1
2024010496395,2024,010496395,1,19,0,18,19,1,5,0,0,1,1,0,0,0,1,1,6,6,1,37,7,-1,-1,-1,-1,3,E01021811,0,3
2024311525435,2024,311525435,2,9,4,-1,7,4,6,-1,0,3,0,0,0,0,1,1,-1,1,1,40,7,-1,-1,-1,-1,6,E01026284,0,4
2024302401567,2024,302401567,1,9,0,18,19,8,4,0,0,0,0,0,0,0,3,1,6,6,3,-1,-1,-1,-1,-1,-1,5,E01019456,0,4
2024010518695,2024,010518695,1,1,9,99,99,9,9,99,99,9,9,99,9,99,1,1,6,6,3,-1,-1,-1,-1,-1,-1,-1,-1,0,-1
2024010493736,2024,010493736,1,9,0,99,99,9,9,99,99,9,9,99,9,99,9,9,6,6,2,40,7,-1,-1,-1,-1,1,E01033456,0,1
2024010533938,2024,010533938,1,1,0,18,19,3,7,0,0,1,0,0,0,0,0,1,6,6,2,31,6,-1,-1,-1,-1,4,E01004303,0,1
2024451398222,2024,451398222,1,9,0,-1,4,1,3,-1,0,4,0,0,0,0,3,9,-1,2,2,30,6,-1,-1,-1,-1,3,E01030914,0,2
2024201513642,2024,201513642,1,-1,0,-1,9,1,7,-1,0,5,0,0,0,0,1,9,-1,6,2,33,6,-1,-1,-1,-1,1,E01034929,1,1
2024371545169,2024,371545169,1,99,0,-1,19,-1,-1,-1,0,0,0,0,0,0,-1,9,-1,6,3,-1,-1,-1,-1,-1,-1,-1,-1,0,-1
2024361559331,2024,361559331,1,9,-1,-1,-1,-1,-1,-1,-1,0,-1,-1,-1,0,-1,9,-1,6,3,-1,-1,-1,-1,-1,-1,-1,-1,0,-1
2024340NN0152,2024,340NN0152,1,9,0,-1,13,2,6,-1,0,1,0,0,0,0,4,1,-1,2,2,51,8,-1,-1,-1,-1,9,E01027074,0,3
2024451483741,2024,451483741,2,9,0,-1,19,5,1,-1,0,0,0,0,0,0,1,1,-1,6,3,30,6,-1,-1,-1,-1,-1,-1,0,-1
2024201482804,2024,201482804,2,9,0,-1,3,6,2,-1,0,1,0,0,0,0,3,9,-1,6,1,30,6,-1,-1,-1,-1,1,E01009965,0,1
2024010511723,2024,010511723,2,-1,0,18,19,1,5,0,0,8,0,10,0,0,4,2,6,6,1,43,7,-1,-1,-1,-1,-1,-1,1,-1
2024991444531,2024,991444531,2,9,0,-1,15,2,6,-1,0,0,0,0,0,0,4,1,-1,9,1,57,9,-1,-1,-1,-1,7,-1,0,3
2024010544700,2024,010544700,2,1,9,99,99,9,9,99,99,9,9,99,9,99,9,1,6,6,1,62,9,-1,-1,-1,-1,5,E01000996,0,1
2024010488382,2024,010488382,1,1,9,99,99,9,9,99,99,9,9,99,9,99,1,1,2,2,2,27,6,-1,-1,-1,-1,6,E01033098,0,1
2024531491491,2024,531491491,2,1,0,-1,4,2,6,-1,0,8,2,0,0,0,1,1,-1,7,2,11,3,-1,-1,-1,-1,5,E01022428,0,1
202417L200724,2024,17L200724,1,9,0,9,9,8,6,0,0,1,0,0,0,0,1,1,6,6,1,56,9,-1,-1,-1,-1,2,E01012275,0,3
2024010551035,2024,010551035,2,1,0,18,19,5,1,4,4,2,0,8,0,0,4,1,6,6,1,23,5,-1,-1,-1,-1,3,E01035499,0,1
2024131520006,2024,131520006,2,9,0,-1,19,7,3,-1,0,0,0,0,0,0,2,1,-1,2,1,30,6,-1,-1,-1,-1,4,E01012333,0,4
2024131408301,2024,131408301,2,9,0,-1,2,6,2,-1,0,0,0,0,0,0,3,1,-1,6,-1,-1,-1,-1,-1,-1,-1,-1,-1,0,-1
2024061470350,2024,061470350,2,1,-1,-1,19,7,3,-1,0,0,0,0,0,0,0,1,-1,6,1,63,9,-1,-1,-1,-1,2,E01005250,0,1
2024201458469,2024,201458469,1,9,0,-1,7,6,8,-1,9,6,0,0,0,0,1,1,-1,6,1,-1,-1,-1,-1,-1,-1,-1,-1,0,-1
2024141511644,2024,141511644,1,9,0,-1,19,4,8,-1,0,0,0,0,7,2,1,1,-1,9,1,83,11,-1,-1,-1,-1,3,E01007363,0,1
2024440204545,2024,440204545,1,1,0,18,19,2,6,0,0,1,0,0,0,0,0,1,6,6,1,41,7,-1,-1,-1,-1,10,E01030902,0,4
2024991468923,2024,991468923,1,5,0,-1,13,3,7,-1,0,0,1,0,0,0,1,1,-1,9,1,58,9,-1,-1,-1,-1,-1,-1,0,-1
2024041476585,2024,041476585,1,9,0,-1,19,-1,-1,-1,0,0,0,0,0,0,-1,9,-1,6,3,-1,-1,-1,-1,-1,-1,-1,-1,0,-1
2024440381295,2024,440381295,2,9,0,18,19,7,3,0,0,8,0,0,0,0,1,1,6,6,1,35,6,-1,-1,-1,-1,1,E01017130,0,1
2024141486097,2024,141486097,1,9,0,-1,19,6,2,-1,0,0,1,0,0,0,1,1,-1,1,1,62,9,-1,-1,-1,-1,5,E01008000,0,4
2024340NN1242,2024,340NN1242,2,1,0,-1,19,6,2,-1,0,8,0,0,0,0,3,1,-1,9,1,46,8,-1,-1,-1,-1,-1,-1,0,-1
2024471507704,2024,471507704,2,1,0,-1,19,5,1,-1,4,1,0,0,0,0,1,1,-1,7,1,18,4,-1,-1,-1,-1,6,E01016927,0,1
2024010533250,2024,010533250,1,9,9,18,19,1,5,8,6,3,9,99,1,99,9,9,6,6,3,-1,-1,-1,-1,-1,-1,-1,-1,0,-1
2024052401414,2024,052401414,2,9,0,18,19,2,6,0,0,8,0,0,0,0,2,1,2,2,2,52,8,-1,-1,-1,-1,5,E01032905,0,3
2024010516121,2024,010516121,2,1,0,18,19,5,1,0,0,1,0,0,0,0,1,1,6,6,1,40,7,-1,-1,-1,-1,10,E01000688,0,1
2024481569657,2024,481569657,2,1,0,-1,19,1,5,-1,0,8,0,0,0,0,3,1,-1,1,1,27,6,-1,-1,-1,-1,-1,-1,0,-1
2024231512939,2024,231512939,2,9,0,-1,19,5,1,-1,0,8,0,0,0,0,3,9,-1,6,3,35,6,-1,-1,-1,-1,-1,-1,0,-1
2024010537289,2024,010537289,2,1,0,18,19,5,1,0,0,8,5,0,0,0,1,1,6,6,1,17,4,-1,-1,-1,-1,2,E01003556,0,1
2024061528693,2024,061528693,1,8,0,-1,9,1,7,-1,0,1,0,0,0,0,1,9,-1,6,3,-1,-1,-1,-1,-1,-1,-1,-1,0,-1
2024010487204,2024,010487204,1,9,0,18,19,1,5,0,0,1,0,0,0,0,1,1,2,2,1,52,8,-1,-1,-1,-1,9,E01023352,0,4
2024010501577,2024,010501577,2,9,0,99,99,9,9,99,99,0,9,99,9,99,3,9,6,6,3,-1,-1,-1,-1,-1,-1,-1,-1,0,-1
2024421498290,2024,421498290,2,1,0,-1,19,8,4,-1,0,0,0,0,0,0,1,1,-1,2,1,19,4,-1,-1,-1,-1,6,E01021595,0,1
2024302500096,2024,302500096,2,1,0,-1,19,3,7,-1,0,1,0,0,0,0,3,1,-1,6,1,41,7,-1,-1,-1,-1,2,E01013585,0,1
2024311535959,2024,311535959,1,9,0,-1,1,3,7,-1,0,0,0,0,0,0,2,9,-1,6,2,66,10,-1,-1,-1,-1,6,E01028013,0,1
2024501461447,2024,501461447,2,9,0,-1,19,4,8,-1,0,0,0,0,0,0,1,1,-1,1,1,30,6,-1,-1,-1,-1,2,E01003432,0,5
2024141449895,2024,141449895,1,9,0,-1,19,1,5,-1,0,1,0,0,0,0,1,1,-1,6,1,69,10,-1,-1,-1,-1,6,E01007598,0,1
2024471501042,2024,471501042,2,9,0,-1,2,0,0,-1,0,0,0,0,0,0,3,1,-1,6,-1,-1,-1,-1,-1,-1,-1,-1,-1,0,-1
2024311419151,2024,311419151,1,1,0,-1,19,6,2,-1,9,0,0,0,0,0,3,1,-1,6,1,13,3,-1,-1,-1,-1,6,E01028273,0,1
2024010494629,2024,010494629,2,9,9,99,99,9,9,99,99,9,9,99,9,99,9,9,6,6,3,-1,-1,-1,-1,-1,-1,-1,-1,0,-1
2024161427708,2024,161427708,2,1,0,-1,5,1,5,-1,0,0,0,0,0,0,1,1,-1,9,1,12,3,-1,-1,-1,-1,10,E01012921,0,1
2024010487534,2024,010487534,1,1,9,18,19,9,9,99,99,1,9,99,9,99,9,1,2,2,2,30,6,-1,-1,-1,-1,3,E01004251,0,1
2024430309020,2024,430309020,2,9,0,18,19,7,3,0,0,8,0,0,0,0,3,1,6,6,2,32,6,-1,-1,-1,-1,2,E01028569,0,1
2024010544403,2024,010544403,1,1,9,99,99,9,9,99,99,9,9,99,9,99,9,1,2,2,2,29,6,-1,-1,-1,-1,4,E01001946,0,1
2024520401985,2024,520401985,1,9,0,18,19,2,6,0,0,0,0,0,7,11,1,1,6,6,2,60,9,-1,-1,-1,-1,8,E01035127,0,1
2024010487814,2024,010487814,1,9,0,18,19,3,7,0,0,8,0,0,0,0,1,1,1,1,1,34,6,-1,-1,-1,-1,3,E01003567,0,1
2024471483757,2024,471483757,1,1,0,-1,19,3,7,-1,0,0,0,0,0,0,3,1,-1,9,1,24,5,-1,-1,-1,-1,9,E01031727,0,3
2024421440544,2024,421440544,2,1,0,-1,7,-1,-1,-1,0,1,0,0,0,0,1,1,-1,1,1,28,6,-1,-1,-1,-1,3,E01021851,0,1
2024010493081,2024,010493081,1,9,0,3,3,7,3,0,0,0,0,0,0,0,3,1,2,2,1,46,8,-1,-1,-1,-1,4,E01000722,0,1
2024061450293,2024,061450293,1,9,0,-1,3,1,1,-1,0,1,0,0,0,0,2,1,-1,6,1,77,11,-1,-1,-1,-1,5,E01005922,0,2
2024010497136,2024,010497136,1,9,0,18,19,5,1,0,0,0,0,0,0,0,2,1,6,6,1,25,5,-1,-1,-1,-1,4,E01023883,0,3
2024451495550,2024,451495550,1,98,0,-1,12,3,7,-1,0,0,0,0,0,0,1,2,-1,1,1,47,8,-1,-1,-1,-1,-1,-1,0,-1
2024071001058,2024,071001058,2,9,0,-1,19,7,3,-1,0,0,0,11,0,0,1,1,-1,6,1,60,9,-1,-1,-1,-1,1,E01007131,0,4
2024430060722,2024,430060722,2,1,0,18,19,8,4,0,0,0,0,0,0,0,3,1,6,6,1,17,4,-1,-1,-1,-1,4,E01017708,0,1
2024430124455,2024,430124455,2,1,0,18,19,8,4,0,0,1,0,0,0,0,1,1,6,6,1,19,4,-1,-1,-1,-1,8,E01016418,0,1
2024421529836,2024,421529836,2,1,0,-1,19,4,8,-1,0,8,0,0,0,0,3,1,-1,2,1,31,6,-1,-1,-1,-1,5,E01021670,0,1
2024131501358,2024,131501358,6,90,0,-1,19,1,5,-1,0,0,0,0,0,0,3,1,-1,9,1,60,9,-1,-1,-1,-1,3,E01007550,0,4
2024311530753,2024,311530753,1,19,-1,-1,7,7,2,-1,0,3,0,0,0,0,1,9,-1,6,3,-1,-1,-1,-1,-1,-1,-1,-1,0,-1
2024010489094,2024,010489094,4,9,0,18,19,7,3,0,0,5,0,0,0,0,2,1,6,6,1,62,9,-1,-1,-1,-1,-1,-1,0,-1
2024010511777,2024,010511777,2,1,0,9,9,7,4,0,0,1,0,0,0,0,1,1,3,7,1,31,6,-1,-1,-1,-1,3,E01001830,0,1
2024411478721,2024,411478721,1,98,0,-1,12,5,3,-1,0,3,0,0,0,0,1,1,-1,1,1,53,8,-1,-1,-1,-1,6,E01033311,0,3
2024471475212,2024,471475212,2,1,0,-1,19,7,3,-1,0,2,0,0,0,0,2,1,-1,9,2,77,11,-1,-1,-1,-1,10,E01031367,0,1
2024451444412,2024,451444412,1,9,-1,-1,-1,1,5,-1,-1,0,-1,-1,-1,0,-1,9,-1,6,1,-1,-1,-1,-1,-1,-1,-1,-1,0,-1
2024010493639,2024,010493639,2,9,0,99,99,9,9,99,99,9,9,99,9,99,9,9,6,6,3,-1,-1,-1,-1,-1,-1,-1,-1,0,-1
2024421505357,2024,421505357,2,1,0,-1,9,5,3,-1,0,8,0,0,0,0,2,1,-1,9,1,62,9,-1,-1,-1,-1,-1,-1,0,-1
2024430598776,2024,430598776,1,19,0,4,4,1,5,0,0,1,0,0,0,0,1,1,6,6,1,-1,-1,-1,-1,-1,-1,-1,-1,0,-1
2024101518448,2024,101518448,1,9,0,-1,19,3,7,-1,0,0,0,0,0,0,1,1,-1,9,1,56,9,-1,-1,-1,-1,8,E01020850,0,4
2024430213617,2024,430213617,1,9,0,5,5,8,4,0,0,1,0,0,0,0,1,1,6,6,1,30,6,-1,-1,-1,-1,-1,-1,0,-1
2024010513632,2024,010513632,2,1,0,18,19,1,5,0,0,8,0,0,0,0,1,1,6,6,1,36,7,-1,-1,-1,-1,2,E01000544,0,1
2024010490307,2024,010490307,2,9,0,11,11,3,7,0,0,3,0,0,0,0,2,1,6,6,1,63,9,-1,-1,-1,-1,9,E01000382,0,1
2024552400062,2024,552400062,1,9,0,18,19,6,2,0,0,0,0,0,0,0,1,1,6,6,2,29,6,-1,-1,-1,-1,5,E01015365,0,2
2024141509207,2024,141509207,2,1,0,-1,19,6,2,-1,0,0,0,0,0,0,1,1,-1,6,1,18,4,-1,-1,-1,-1,2,E01007975,0,1
2024991465634,2024,991465634,1,9,0,-1,19,7,3,-1,0,0,0,0,0,0,1,1,-1,9,1,26,6,-1,-1,-1,-1,8,-1,0,4
2024991444858,2024,991444858,2,1,0,-1,19,8,4,-1,9,1,0,0,0,0,1,1,-1,6,2,9,2,-1,-1,-1,-1,-1,-1,0,-1
2024401521072,2024,401521072,1,9,0,-1,4,7,3,-1,0,0,0,9,4,10,1,1,-1,1,1,21,5,-1,-1,-1,-1,-1,-1,0,-1
2024520400998,2024,520400998,1,1,0,99,99,5,1,0,0,8,0,0,0,0,9,1,6,6,1,44,7,-1,-1,-1,-1,8,E01029256,0,1
2024122401012,2024,122401012,1,9,0,9,9,1,7,0,0,6,0,0,0,0,1,1,2,2,2,29,6,-1,-1,-1,-1,8,E01034967,0,3
2024131458472,2024,131458472,2,9,0,-1,6,1,4,-1,0,8,0,0,0,0,1,1,-1,9,1,50,8,-1,-1,-1,-1,5,E01011855,0,1
2024421440103,2024,421440103,2,1,0,-1,19,5,1,-1,0,3,5,0,0,0,4,1,-1,1,1,43,7,-1,-1,-1,-1,6,E01033719,0,1
2024131484889,2024,131484889,2,1,0,-1,5,1,1,-1,0,0,0,0,0,0,0,1,-1,9,1,17,4,-1,-1,-1,-1,1,E01010826,0,1
2024991404121,2024,991404121,1,9,0,-1,4,2,6,-1,0,0,0,0,0,0,1,1,-1,6,2,20,4,-1,-1,-1,-1,-1,-1,0,-1
2024010489294,2024,010489294,1,9,0,18,19,5,1,0,0,8,0,0,0,0,1,1,1,1,2,35,6,-1,-1,-1,-1,4,E01000922,0,1
2024010500914,2024,010500914,2,3,0,99,99,9,9,99,99,9,9,99,9,99,9,1,6,6,3,-1,-1,-1,-1,-1,-1,-1,-1,0,-1
2024461438421,2024,461438421,1,9,0,-1,19,2,6,-1,0,0,0,0,0,0,1,1,-1,6,3,20,4,-1,-1,-1,-1,-1,-1,0,-1
2024302400026,2024,302400026,1,1,0,18,19,2,6,0,0,1,0,0,0,0,1,1,6,6,2,53,8,-1,-1,-1,-1,5,E01019623,0,1
2024010493714,2024,010493714,1,9,0,99,99,9,9,99,99,9,9,99,9,99,9,9,2,2,1,22,5,-1,-1,-1,-1,3,E01003525,0,1
2024010538608,2024,010538608,1,1,9,99,99,9,9,99,99,9,9,99,9,99,9,1,1,1,1,18,4,-1,-1,-1,-1,4,E01000035,0,2
2024010521775,2024,010521775,2,1,0,18,19,3,7,0,0,1,0,0,0,0,4,1,6,6,1,54,8,-1,-1,-1,-1,8,E01003677,0,1
2024201523144,2024,201523144,1,21,0,-1,7,1,5,-1,0,8,0,0,0,0,3,1,-1,6,3,-1,-1,-1,-1,-1,-1,-1,-1,0,-1
2024311426575,2024,311426575,1,9,0,-1,4,3,7,-1,0,0,0,4,0,0,1,1,-1,6,3,-1,-1,-1,-1,-1,-1,-1,-1,0,-1
2024041436164,2024,041436164,2,1,0,-1,19,7,5,-1,0,3,0,0,0,0,2,1,-1,6,1,82,11,-1,-1,-1,-1,3,E01025536,0,2
2024041426548,2024,041426548,2,9,0,-1,19,5,1,-1,0,0,0,0,0,0,1,1,-1,9,1,17,4,-1,-1,-1,-1,3,E01006388,0,3
2024481561425,2024,481561425,2,1,0,-1,9,1,7,-1,0,0,0,0,0,0,3,1,-1,9,1,25,5,-1,-1,-1,-1,-1,-1,0,-1
2024991435685,2024,991435685,2,9,0,-1,19,6,2,-1,0,0,0,0,0,0,1,1,-1,1,1,67,10,-1,-1,-1,-1,2,-1,0,3
2024430046174,2024,430046174,1,19,0,9,9,8,6,0,0,1,0,0,0,0,1,1,6,6,1,30,6,-1,-1,-1,-1,-1,-1,0,-1
2024440305007,2024,440305007,2,9,0,18,19,4,8,0,0,1,0,0,0,0,3,1,6,6,1,18,4,-1,-1,-1,-1,-1,-1,0,-1
2024010510555,2024,010510555,2,9,0,99,99,9,9,99,99,6,9,99,9,99,1,9,6,6,3,-1,-1,-1,-1,-1,-1,-1,-1,0,-1
2024070154676,2024,070154676,1,1,0,12,12,1,5,0,0,0,0,0,0,0,1,1,6,6,1,22,5,-1,-1,-1,-1,3,E01018489,0,1
2024522402757,2024,522402757,3,9,0,4,4,6,2,0,0,8,0,0,0,0,2,1,6,6,1,27,6,-1,-1,-1,-1,3,E01014502,0,2
2024010547484,2024,010547484,1,3,9,99,99,9,9,99,99,9,9,99,9,99,9,1,6,6,3,-1,-1,-1,-1,-1,-1,-1,-1,0,-1
2024131417920,2024,131417920,1,9,0,-1,19,3,3,-1,0,1,0,0,0,0,4,1,-1,9,2,65,9,-1,-1,-1,-1,1,E01010611,0,2
2024141534885,2024,141534885,3,90,0,-1,19,3,7,-1,0,6,5,4,0,0,1,9,-1,6,1,10,2,-1,-1,-1,-1,1,E01007790,0,1
2024221401778,2024,221401778,1,19,0,-1,19,8,4,-1,0,0,0,0,0,0,1,1,-1,2,1,37,7,-1,-1,-1,-1,4,E01014068,0,2
2024461529462,2024,461529462,2,9,0,-1,19,1,5,-1,0,1,0,0,0,0,1,1,-1,9,2,21,5,-1,-1,-1,-1,5,E01035299,0,1
2024201399990,2024,201399990,1,-1,0,-1,19,2,6,-1,0,0,0,0,0,0,1,9,-1,6,1,16,4,-1,-1,-1,-1,-1,-1,1,-1
2024141408443,2024,141408443,1,9,0,-1,19,1,4,-1,0,1,0,0,0,0,1,1,-1,9,1,53,8,-1,-1,-1,-1,2,E01007457,0,1
2024421528765,2024,421528765,3,1,0,-1,99,2,6,-1,0,1,1,99,0,0,1,1,-1,6,1,47,8,-1,-1,-1,-1,4,E01021915,0,2
2024211484308,2024,211484308,1,98,0,-1,19,1,5,-1,0,0,0,0,0,0,3,1,-1,6,-1,-1,-1,-1,-1,-1,-1,-1,-1,0,-1
2024421398257,2024,421398257,1,9,0,-1,19,7,3,-1,0,0,0,0,0,0,1,1,-1,6,1,24,5,-1,-1,-1,-1,6,E01021879,0,1
2024451395405,2024,451395405,1,9,0,-1,9,7,3,-1,0,1,1,0,1,0,2,1,-1,9,2,27,6,-1,-1,-1,-1,9,E01035489,0,4
2024010513369,2024,010513369,2,9,0,99,99,9,9,99,99,9,9,99,9,99,9,9,6,6,3,-1,-1,-1,-1,-1,-1,-1,-1,0,-1
2024010495629,2024,010495629,1,9,0,18,19,5,1,0,0,0,1,0,0,0,1,1,6,6,1,31,6,-1,-1,-1,-1,4,E01017790,0,4
2024010523751,2024,010523751,1,1,9,99,99,9,9,99,99,9,9,99,9,99,1,1,2,2,1,47,8,-1,-1,-1,-1,5,E01004127,0,1
2024991410201,2024,991410201,1,9,0,-1,19,6,2,-1,0,0,0,0,0,0,0,9,-1,6,1,20,4,-1,-1,-1,-1,-1,-1,0,-1
2024552400030,2024,552400030,1,1,0,18,19,8,4,0,0,0,0,0,0,0,0,1,6,6,1,50,8,-1,-1,-1,-1,1,E01034276,0,1
2024351410122,2024,351410122,1,21,1,-1,19,5,1,-1,0,0,0,0,0,0,-1,9,-1,1,3,-1,-1,-1,-1,-1,-1,-1,-1,0,-1
2024122500173,2024,122500173,2,1,0,9,9,5,3,0,0,1,0,0,0,0,1,1,6,6,1,81,11,-1,-1,-1,-1,9,E01027882,0,1
2024320533235,2024,320533235,3,9,0,-1,-1,4,8,0,0,1,0,0,0,0,2,1,6,6,1,41,7,-1,-1,-1,-1,4,-1,0,5
2024548602524,2024,548602524,2,1,0,18,19,3,8,0,0,3,0,0,0,0,4,1,6,6,1,71,10,-1,-1,-1,-1,9,E01015535,0,1
2024010492851,2024,010492851,2,9,9,99,99,9,9,99,99,0,9,99,9,99,9,9,6,6,3,-1,-1,-1,-1,-1,-1,-1,-1,0,-1
2024111490637,2024,111490637,1,1,0,-1,19,3,7,-1,0,0,0,0,0,0,3,1,-1,6,1,32,6,-1,-1,-1,-1,1,E01012349,0,1
2024010546249,2024,010546249,1,90,0,99,99,9,9,99,99,9,9,99,9,99,1,1,6,6,1,50,8,-1,-1,-1,-1,3,E01035645,0,1
2024010524379,2024,010524379,1,1,9,18,19,5,1,99,99,9,9,99,9,99,1,1,1,1,1,28,6,-1,-1,-1,-1,6,E01001644,0,1
2024351508430,2024,351508430,2,1,0,-1,19,3,1,-1,0,8,1,0,0,0,1,1,-1,6,1,43,7,-1,-1,-1,-1,4,E01018100,0,1
2024101405291,2024,101405291,2,1,0,-1,19,6,2,-1,0,8,0,0,0,0,1,1,-1,2,1,27,6,-1,-1,-1,-1,4,E01008483,0,1
2024440332222,2024,440332222,2,3,0,17,19,1,6,0,0,0,1,0,0,0,0,1,6,6,1,29,6,-1,-1,-1,-1,9,E01030358,0,4
2024010546384,2024,010546384,1,9,0,-1,-1,1,5,0,0,0,0,0,0,0,1,1,6,6,1,17,4,-1,-1,-1,-1,3,E01002627,0,1
2024010518328,2024,010518328,1,1,9,99,99,9,9,99,99,9,9,99,9,99,9,1,6,6,3,-1,-1,-1,-1,-1,-1,-1,-1,0,-1
2024411460823,2024,411460823,2,1,0,-1,19,-1,-1,-1,0,1,0,0,0,0,1,1,-1,9,1,31,6,-1,-1,-1,-1,6,E01001998,0,4
2024340NN1562,2024,340NN1562,2,21,0,-1,19,5,1,-1,0,1,0,0,0,0,1,1,-1,9,1,54,8,-1,-1,-1,-1,-1,-1,0,-1
2024010541420,2024,010541420,2,1,9,99,99,9,9,99,99,9,9,99,9,99,9,1,2,2,2,25,5,-1,-1,-1,-1,9,E01004606,0,1
2024010546567,2024,010546567,2,9,0,99,99,9,9,99,99,9,9,99,9,99,2,9,6,6,1,53,8,-1,-1,-1,-1,2,E01016066,0,4
2024430317669,2024,430317669,2,8,0,18,19,4,8,0,0,1,0,0,1,0,1,1,1,1,1,40,7,-1,-1,-1,-1,7,E01017561,0,4
2024041526734,2024,041526734,1,98,0,-1,9,7,1,-1,0,1,0,0,0,0,-1,9,-1,6,3,-1,-1,-1,-1,-1,-1,-1,-1,0,-1
2024052400645,2024,052400645,1,9,0,18,19,3,7,0,0,0,0,0,0,0,1,1,6,6,3,-1,-1,-1,-1,-1,-1,-1,-1,0,-1
2024111515111,2024,111515111,1,98,0,-1,19,1,2,-1,0,8,0,0,0,0,1,1,-1,6,3,30,6,-1,-1,-1,-1,-1,-1,0,-1
2024631479139,2024,631479139,1,9,0,-1,19,4,8,-1,0,0,0,0,0,0,3,1,-1,6,3,-1,-1,-1,-1,-1,-1,-1,-1,0,-1
2024010497810,2024,010497810,1,9,0,18,19,7,3,0,0,0,0,0,0,0,3,1,6,6,1,19,4,-1,-1,-1,-1,2,E01009740,0,5
2024041497911,2024,041497911,1,9,0,-1,19,5,1,-1,0,1,0,0,0,0,1,1,-1,9,1,37,7,-1,-1,-1,-1,6,E01025541,0,1
2024340WN2942,2024,340WN2942,2,9,0,-1,19,5,1,-1,0,0,0,0,0,0,1,1,-1,2,1,41,7,-1,-1,-1,-1,2,E01031119,0,4
2024351540100,2024,351540100,1,9,0,-1,19,5,1,-1,0,8,0,0,0,0,1,1,-1,6,1,53,8,-1,-1,-1,-1,2,E01015608,0,2
2024122400114,2024,122400114,1,9,0,18,19,5,1,0,0,1,1,0,0,0,1,1,6,6,2,22,5,-1,-1,-1,-1,7,E01027681,0,1
2024461490374,2024,461490374,2,9,0,-1,19,5,1,-1,0,0,0,0,0,0,3,9,-1,6,2,35,6,-1,-1,-1,-1,6,E01024064,0,1
2024010489665,2024,010489665,1,10,0,99,99,9,9,99,99,9,9,99,9,99,9,9,6,6,3,-1,-1,-1,-1,-1,-1,-1,-1,0,-1
2024010526131,2024,010526131,1,9,0,15,15,7,3,0,0,6,0,0,0,0,1,1,6,6,3,-1,-1,-1,-1,-1,-1,-1,-1,0,-1
2024501475814,2024,501475814,2,9,0,-1,19,1,5,-1,0,0,0,0,0,0,3,1,-1,6,1,35,6,-1,-1,-1,-1,4,E01018891,0,1
2024461397049,2024,461397049,2,9,0,-1,9,2,2,-1,0,0,0,0,0,0,2,1,-1,6,2,37,7,-1,-1,-1,-1,9,E01024724,0,1