collision_index,collision_year,collision_ref_no,vehicle_reference,vehicle_type,towing_and_articulation,vehicle_manoeuvre_historic,vehicle_manoeuvre,vehicle_direction_from,vehicle_direction_to,vehicle_location_restricted_lane_historic,vehicle_location_restricted_lane,junction_location,skidding_and_overturning,hit_object_in_carriageway,vehicle_leaving_carriageway,hit_object_off_carriageway,first_point_of_impact,vehicle_left_hand_drive,journey_purpose_of_driver_historic,journey_purpose_of_driver,sex_of_driver,age_of_driver,age_band_of_driver,engine_capacity_cc,propulsion_code,age_of_vehicle,generic_make_model,driver_imd_decile,lsoa_of_driver,escooter_flag,driver_distance_banding
2024361398208,2024,361398208,2,9,0,-1,19,3,7,-1,0,0,0,0,0,0,1,1,-1,9,1,73,10,-1,-1,-1,-1,-1,-1,0,-1
2024361463566,2024,361463566,2,9,0,-1,19,8,4,-1,0,0,0,0,0,0,4,1,-1,2,2,25,5,-1,-1,-1,-1,5,E01026726,0,1
2024010528684,2024,010528684,1,9,0,18,19,5,1,0,0,1,0,10,0,0,1,1,2,2,1,38,7,-1,-1,-1,-1,3,E01000548,0,3
2024010523363,2024,010523363,1,9,0,99,99,9,9,99,99,9,9,99,9,99,1,9,6,6,3,-1,-1,-1,-1,-1,-1,-1,-1,0,-1
2024302400288,2024,302400288,3,19,0,18,19,6,2,0,0,1,0,0,0,0,1,1,6,6,1,59,9,-1,-1,-1,-1,1,E01013481,0,1
2024010514903,2024,010514903,2,1,0,18,19,7,3,0,0,1,0,0,0,0,1,1,1,1,1,29,6,-1,-1,-1,-1,6,E01003033,0,2
2024411451498,2024,411451498,1,9,-1,-1,-1,-1,-1,-1,-1,0,-1,-1,-1,0,-1,9,-1,6,3,-1,-1,-1,-1,-1,-1,-1,-1,0,-1
2024371411380,2024,371411380,1,9,0,-1,9,7,4,-1,0,1,0,0,0,0,4,1,-1,9,1,75,10,-1,-1,-1,-1,7,E01030003,0,1
2024520403135,2024,520403135,2,9,0,18,19,7,3,0,0,8,0,0,0,0,1,1,6,6,2,17,4,-1,-1,-1,-1,7,E01014744,0,1
2024061469042,2024,061469042,2,9,0,-1,99,-1,-1,-1,99,6,0,0,0,0,1,1,-1,6,3,-1,-1,-1,-1,-1,-1,-1,-1,0,-1
2024131461026,2024,131461026,2,9,0,-1,19,5,1,-1,0,8,1,0,0,0,4,1,-1,9,1,21,5,-1,-1,-1,-1,5,E01027889,0,2
2024010491503,2024,010491503,2,9,0,18,19,7,3,0,0,2,0,0,1,0,2,2,2,2,1,52,8,-1,-1,-1,-1,8,E01022298,0,5
2024340NN2422,2024,340NN2422,1,9,0,-1,19,8,4,-1,0,1,0,0,0,0,1,1,-1,6,1,-1,-1,-1,-1,-1,-1,-1,-1,0,-1
2024440488102,2024,440488102,2,1,0,18,19,2,6,0,0,0,0,0,0,0,2,1,6,6,2,36,7,-1,-1,-1,-1,2,E01017253,0,1
2024461415575,2024,461415575,1,9,0,-1,19,7,1,-1,0,0,1,0,1,0,4,1,-1,9,2,27,6,-1,-1,-1,-1,1,E01001781,0,4
2024010487382,2024,010487382,2,4,0,4,4,3,7,0,0,1,1,0,0,0,4,1,6,6,1,44,7,-1,-1,-1,-1,1,E01003347,0,1
2024991527703,2024,991527703,1,1,0,-1,19,2,6,-1,9,0,0,0,0,0,2,1,-1,6,3,44,7,-1,-1,-1,-1,-1,-1,0,-1
2024471425346,2024,471425346,2,9,0,-1,11,3,7,-1,0,0,9,0,1,0,3,1,-1,6,3,-1,-1,-1,-1,-1,-1,-1,-1,0,-1
2024211526799,2024,211526799,2,1,0,-1,19,4,1,-1,0,8,0,0,0,0,2,1,-1,6,1,50,8,-1,-1,-1,-1,1,E01014254,0,1
2024201404169,2024,201404169,1,9,0,-1,9,2,8,-1,0,5,0,0,0,0,4,9,-1,2,1,28,6,-1,-1,-1,-1,2,E01009098,0,1
2024010492475,2024,010492475,2,9,9,18,19,1,5,99,99,9,9,99,9,99,9,2,6,6,3,-1,-1,-1,-1,-1,-1,-1,-1,0,-1
2024201436427,2024,201436427,2,90,0,-1,5,5,1,-1,0,0,0,0,0,0,1,1,-1,6,1,36,7,-1,-1,-1,-1,1,E01009539,0,1
2024440459391,2024,440459391,1,1,0,18,19,5,1,0,0,8,0,0,0,0,3,1,2,2,1,57,9,-1,-1,-1,-1,9,E01032615,0,2
2024010496158,2024,010496158,1,19,0,99,99,9,9,99,99,9,9,99,9,99,1,9,6,6,2,37,7,-1,-1,-1,-1,-1,-1,0,-1
2024440180453,2024,440180453,1,1,0,9,9,1,6,0,0,0,0,0,0,0,1,1,6,6,1,52,8,-1,-1,-1,-1,5,E01017027,0,2
2024631504111,2024,631504111,3,9,0,-1,2,0,0,-1,9,0,0,0,0,0,1,1,-1,6,-1,-1,-1,-1,-1,-1,-1,-1,-1,0,-1
2024211490655,2024,211490655,1,1,0,-1,7,7,3,-1,0,3,5,0,0,0,2,1,-1,6,1,33,6,-1,-1,-1,-1,1,E01029566,0,1
2024161445313,2024,161445313,1,1,0,-1,19,2,6,-1,0,1,0,0,0,0,1,1,-1,2,1,34,6,-1,-1,-1,-1,1,E01012850,0,1
2024010540870,2024,010540870,1,5,0,15,15,8,4,0,0,0,0,0,0,0,1,1,2,2,1,48,8,-1,-1,-1,-1,9,E01000808,0,4
2024501490361,2024,501490361,2,1,0,-1,19,3,5,-1,0,0,0,0,0,0,1,1,-1,6,1,43,7,-1,-1,-1,-1,5,E01020068,0,1
2024141420301,2024,141420301,2,90,0,-1,13,8,4,-1,0,1,5,0,0,0,1,1,-1,2,1,26,6,-1,-1,-1,-1,4,E01007842,0,1
2024311453023,2024,311453023,1,1,0,-1,7,5,8,-1,0,7,0,6,0,0,1,1,-1,2,1,45,7,-1,-1,-1,-1,-1,-1,0,-1
2024052402001,2024,052402001,1,9,0,5,5,7,1,0,0,0,0,0,0,0,3,1,6,6,1,32,6,-1,-1,-1,-1,2,E01006535,0,2
2024070332256,2024,070332256,1,1,0,18,19,5,1,9,9,1,0,0,0,0,1,1,6,6,1,14,3,-1,-1,-1,-1,10,E01018411,0,1
2024010503895,2024,010503895,1,1,9,99,99,9,9,99,99,9,9,99,9,99,9,1,6,6,1,28,6,-1,-1,-1,-1,3,E01001762,0,2
2024010523989,2024,010523989,1,1,0,9,9,3,1,0,0,8,0,0,0,0,4,1,6,6,1,76,11,-1,-1,-1,-1,8,E01000671,0,3
2024161481600,2024,161481600,2,1,0,-1,19,6,2,-1,0,0,0,0,0,0,1,1,-1,6,1,33,6,-1,-1,-1,-1,1,E01013174,0,1
2024161448274,2024,161448274,2,1,0,-1,19,1,5,-1,0,4,0,0,0,0,3,1,-1,6,1,58,9,-1,-1,-1,-1,1,E01013219,0,1
2024010487935,2024,010487935,1,3,0,99,99,9,9,99,99,9,9,99,9,99,9,1,2,2,1,36,7,-1,-1,-1,-1,6,E01023118,0,4
2024991508725,2024,991508725,1,9,0,-1,13,3,7,-1,0,8,0,0,0,0,1,1,-1,6,1,22,5,-1,-1,-1,-1,10,-1,0,1
2024131496697,2024,131496697,2,1,0,-1,19,3,1,-1,0,8,0,0,0,0,4,1,-1,6,1,58,9,-1,-1,-1,-1,8,E01011181,0,3
2024201398839,2024,201398839,2,9,0,-1,10,7,5,-1,0,1,0,0,0,0,2,9,-1,9,1,33,6,-1,-1,-1,-1,2,E01010506,0,2
2024201509726,2024,201509726,5,9,0,-1,19,1,5,-1,0,8,0,0,0,0,0,9,-1,1,-1,23,5,-1,-1,-1,-1,-1,-1,0,-1
2024010519675,2024,010519675,1,1,0,99,99,9,9,0,0,1,9,0,0,0,3,1,2,2,1,25,5,-1,-1,-1,-1,2,E01000042,0,1
2024991526975,2024,991526975,2,9,0,-1,5,3,1,-1,0,6,0,0,0,0,1,1,-1,6,2,36,7,-1,-1,-1,-1,9,-1,0,1
2024010494159,2024,010494159,1,3,0,99,99,9,9,99,99,9,9,99,9,99,9,1,1,1,1,31,6,-1,-1,-1,-1,6,E01002123,0,1
2024461405800,2024,461405800,3,9,0,-1,19,7,5,-1,0,0,0,0,0,0,1,1,-1,6,1,75,10,-1,-1,-1,-1,6,E01024361,0,3
2024461436658,2024,461436658,1,98,1,-1,4,5,1,-1,0,0,0,0,0,0,1,9,-1,9,1,38,7,-1,-1,-1,-1,-1,-1,0,-1
2024010492967,2024,010492967,2,9,0,2,2,0,0,0,0,0,0,0,0,0,3,1,6,6,3,-1,-1,-1,-1,-1,-1,-1,-1,0,-1
2024361506076,2024,361506076,2,16,-1,-1,-1,-1,-1,-1,-1,-1,-1,-1,-1,0,-1,1,-1,9,2,57,9,-1,-1,-1,-1,2,E01026711,0,1
2024201436708,2024,201436708,3,9,0,-1,3,4,8,-1,0,1,0,0,0,0,2,1,-1,9,2,-1,-1,-1,-1,-1,-1,-1,-1,0,-1
2024471407765,2024,471407765,1,1,0,-1,19,3,8,-1,0,1,0,0,0,0,2,1,-1,6,1,40,7,-1,-1,-1,-1,2,E01016906,0,1
2024421520134,2024,421520134,2,1,0,-1,4,-1,-1,-1,99,3,9,0,3,0,1,1,-1,6,1,21,5,-1,-1,-1,-1,9,E01015858,0,1
2024010514835,2024,010514835,1,1,9,99,99,9,9,99,99,9,9,99,9,99,9,1,6,6,3,-1,-1,-1,-1,-1,-1,-1,-1,0,-1
2024010530885,2024,010530885,2,9,0,17,19,1,5,0,0,0,0,0,1,0,1,1,6,6,1,38,7,-1,-1,-1,-1,2,E01033586,0,1
2024549395724,2024,549395724,2,9,0,18,19,8,4,0,0,8,0,0,0,0,4,1,6,6,2,40,7,-1,-1,-1,-1,6,E01034547,0,2
2024331432997,2024,331432997,4,9,0,-1,-1,2,6,-1,-1,0,0,0,0,0,2,9,-1,-1,3,42,7,-1,-1,-1,-1,-1,-1,0,-1
2024631497137,2024,631497137,1,9,0,-1,19,1,5,-1,0,0,5,0,1,3,1,1,-1,9,2,78,11,-1,-1,-1,-1,7,W01000561,0,2
2024101409700,2024,101409700,2,1,0,-1,19,1,5,-1,0,1,0,0,0,0,1,1,-1,9,2,33,6,-1,-1,-1,-1,1,E01008201,0,1
2024430117523,2024,430117523,1,9,0,18,19,5,1,0,0,2,0,0,0,0,1,1,6,6,3,-1,-1,-1,-1,-1,-1,-1,-1,0,-1
2024010500698,2024,010500698,1,1,0,18,19,6,2,0,0,0,0,0,0,0,4,1,6,6,1,57,9,-1,-1,-1,-1,4,E01004037,0,1
2024547664424,2024,547664424,1,9,0,9,9,6,4,0,0,6,0,0,0,0,3,1,6,6,1,29,6,-1,-1,-1,-1,10,E01032097,0,1
2024320377211,2024,320377211,2,1,0,-1,-1,4,8,0,0,4,0,0,0,0,1,1,6,6,1,55,8,-1,-1,-1,-1,2,E01026108,0,1
2024010516085,2024,010516085,2,1,9,99,99,9,9,99,99,9,9,99,9,99,1,1,6,6,3,-1,-1,-1,-1,-1,-1,-1,-1,0,-1
2024421401552,2024,421401552,1,9,0,-1,19,3,7,-1,0,1,0,0,0,0,3,9,-1,6,3,-1,-1,-1,-1,-1,-1,-1,-1,0,-1
2024471506240,2024,471506240,2,9,0,-1,19,2,6,-1,0,2,0,0,1,0,1,1,-1,2,2,20,4,-1,-1,-1,-1,7,E01031387,0,1
2024010526169,2024,010526169,2,1,0,18,19,6,2,0,0,6,0,11,0,0,2,1,1,1,1,33,6,-1,-1,-1,-1,3,E01001325,0,1
2024311407909,2024,311407909,2,9,-1,-1,8,7,1,-1,0,1,1,0,0,0,2,1,-1,2,2,64,9,-1,-1,-1,-1,3,E01033769,0,1
2024430095311,2024,430095311,2,9,0,18,19,8,4,0,0,1,0,0,0,0,1,1,1,1,1,40,7,-1,-1,-1,-1,9,E01028423,0,1
2024141505425,2024,141505425,2,90,0,-1,19,4,7,-1,0,0,5,0,1,0,1,1,-1,6,1,22,5,-1,-1,-1,-1,1,E01007919,0,1
2024141431178,2024,141431178,2,9,0,-1,19,5,8,-1,0,0,0,0,0,0,1,1,-1,6,1,33,6,-1,-1,-1,-1,1,E01007462,0,1
2024111395133,2024,111395133,1,9,0,-1,19,6,3,-1,0,0,0,0,0,0,1,1,-1,6,3,30,6,-1,-1,-1,-1,-1,-1,0,-1
2024131397853,2024,131397853,1,9,0,-1,19,-1,-1,-1,0,0,0,0,0,0,-1,1,-1,6,3,-1,-1,-1,-1,-1,-1,-1,-1,0,-1
2024010488548,2024,010488548,1,3,0,99,99,9,9,99,99,9,9,99,9,99,1,1,6,6,1,36,7,-1,-1,-1,-1,6,E01003398,0,1
2024221468620,2024,221468620,1,1,0,-1,9,6,5,-1,0,5,0,0,0,0,4,1,-1,9,1,76,11,-1,-1,-1,-1,8,E01032197,0,1
2024010515312,2024,010515312,2,9,0,99,99,9,9,99,99,9,9,99,9,99,1,9,6,6,3,-1,-1,-1,-1,-1,-1,-1,-1,0,-1
2024520401265,2024,520401265,2,9,0,18,19,2,6,0,0,0,0,0,0,0,1,1,6,6,2,43,7,-1,-1,-1,-1,4,E01029238,0,1
2024421456622,2024,421456622,1,9,0,-1,19,7,3,-1,0,0,0,0,0,0,1,1,-1,6,3,-1,-1,-1,-1,-1,-1,-1,-1,0,-1
2024131533319,2024,131533319,1,9,0,-1,15,3,7,-1,0,2,0,0,0,0,-1,1,-1,6,3,-1,-1,-1,-1,-1,-1,-1,-1,0,-1
2024010490937,2024,010490937,2,90,0,99,99,9,9,99,99,9,9,99,9,99,1,9,6,6,3,-1,-1,-1,-1,-1,-1,-1,-1,0,-1
2024010533538,2024,010533538,2,1,0,18,19,4,8,0,0,8,5,0,0,0,3,1,6,6,1,28,6,-1,-1,-1,-1,6,E01004577,0,1
2024010527716,2024,010527716,2,1,0,13,13,5,1,0,0,4,0,0,0,0,3,1,6,6,1,31,6,-1,-1,-1,-1,1,E01004042,0,1
2024010525801,2024,010525801,1,1,0,18,19,1,5,0,0,8,0,0,0,0,1,1,2,2,1,43,7,-1,-1,-1,-1,6,E01001592,0,2
2024010495119,2024,010495119,1,9,0,18,19,7,3,0,0,5,0,0,0,0,2,1,6,6,1,40,7,-1,-1,-1,-1,3,E01000094,0,1
2024010492445,2024,010492445,2,5,0,4,4,7,3,0,0,8,0,0,0,0,2,1,6,6,1,39,7,-1,-1,-1,-1,3,E01000870,0,1
2024430466959,2024,430466959,1,9,0,9,9,8,6,0,0,5,0,0,0,0,4,1,6,6,1,39,7,-1,-1,-1,-1,6,E01016385,0,1
2024010514558,2024,010514558,1,-1,0,18,19,3,7,0,0,0,0,0,0,0,1,1,6,6,1,27,6,-1,-1,-1,-1,6,E01002246,1,1
2024430184263,2024,430184263,1,1,0,18,19,7,3,0,0,1,0,0,0,0,1,1,4,7,2,32,6,-1,-1,-1,-1,6,E01028586,0,1
2024451424721,2024,451424721,2,1,0,-1,19,1,5,-1,0,8,0,0,0,0,2,1,-1,2,2,53,8,-1,-1,-1,-1,8,E01030574,0,1
2024440081229,2024,440081229,2,1,0,18,19,2,6,0,0,0,0,0,0,0,1,1,2,2,1,21,5,-1,-1,-1,-1,1,E01017035,0,1
2024141397772,2024,141397772,2,9,0,-1,19,5,1,-1,0,0,0,0,0,0,2,9,-1,6,1,44,7,-1,-1,-1,-1,8,E01007379,0,3
2024201403535,2024,201403535,1,9,0,-1,19,7,3,-1,0,0,0,0,0,0,1,9,-1,6,3,-1,-1,-1,-1,-1,-1,-1,-1,0,-1
2024010513794,2024,010513794,2,1,0,18,19,3,7,0,0,0,5,0,0,0,3,1,6,6,1,58,9,-1,-1,-1,-1,7,E01004077,0,2
2024061494754,2024,061494754,1,9,0,-1,19,-1,-1,-1,0,0,0,11,2,1,4,1,-1,6,3,-1,-1,-1,-1,-1,-1,-1,-1,0,-1
2024052400674,2024,052400674,1,9,0,18,19,3,7,0,0,0,0,0,0,0,1,1,6,6,2,-1,-1,-1,-1,-1,-1,-1,-1,0,-1
2024552400918,2024,552400918,1,1,0,18,19,1,5,0,0,0,0,0,0,0,0,1,4,7,1,11,3,-1,-1,-1,-1,7,E01020429,0,1
2024161401690,2024,161401690,2,9,0,-1,7,5,7,-1,0,5,0,0,0,0,4,9,-1,6,3,-1,-1,-1,-1,-1,-1,-1,-1,0,-1
2024351545599,2024,351545599,1,-1,0,-1,19,7,3,-1,0,0,5,0,0,0,1,1,-1,6,1,17,4,-1,-1,-1,-1,6,E01018017,1,4
2024991449090,2024,991449090,1,1,0,-1,4,6,2,-1,0,4,0,0,0,0,0,1,-1,1,2,56,9,-1,-1,-1,-1,6,-1,0,1
2024371437361,2024,371437361,2,1,0,-1,-1,-1,-1,-1,-1,0,-1,-1,-1,0,-1,1,-1,6,1,40,7,-1,-1,-1,-1,10,E01033447,0,2
2024141412180,2024,141412180,2,1,0,-1,19,1,6,-1,0,8,5,0,1,0,1,1,-1,6,2,18,4,-1,-1,-1,-1,1,E01007883,0,1
2024332400058,2024,332400058,2,9,0,-1,8,1,3,-1,0,1,0,0,1,11,3,1,-1,9,2,74,10,-1,-1,-1,-1,9,E01027002,0,4
2024543663324,2024,543663324,1,1,0,18,19,2,6,0,0,0,0,0,0,0,0,1,6,6,1,34,6,-1,-1,-1,-1,6,E01022210,0,3
2024131525538,2024,131525538,2,1,0,-1,12,5,3,-1,0,2,0,0,0,0,3,1,-1,2,1,40,7,-1,-1,-1,-1,8,E01011934,0,2
2024010508599,2024,010508599,1,9,0,18,19,7,3,0,0,0,0,0,0,0,4,1,6,6,2,36,7,-1,-1,-1,-1,-1,-1,0,-1
2024131523689,2024,131523689,1,4,0,-1,19,2,6,-1,0,0,1,0,0,0,3,1,-1,6,1,69,10,-1,-1,-1,-1,3,E01007374,0,3
2024010487459,2024,010487459,1,9,0,99,99,9,9,99,99,9,9,99,9,99,9,9,2,2,2,44,7,-1,-1,-1,-1,2,E01016040,0,4
2024311497463,2024,311497463,2,9,0,-1,19,1,4,-1,0,1,0,0,0,0,1,1,-1,6,2,35,6,-1,-1,-1,-1,-1,-1,0,-1
2024461532883,2024,461532883,3,21,1,-1,19,1,5,-1,0,0,0,0,0,0,3,2,-1,1,1,62,9,-1,-1,-1,-1,-1,-1,0,-1
2024010489521,2024,010489521,1,9,0,18,19,1,5,0,0,6,0,0,0,0,1,1,6,6,3,-1,-1,-1,-1,-1,-1,-1,-1,0,-1
2024430392203,2024,430392203,1,-1,0,5,5,3,7,0,0,1,1,0,0,0,1,1,6,6,1,-1,-1,-1,-1,-1,-1,5,E01016841,1,1
2024991498284,2024,991498284,1,19,0,-1,13,3,7,-1,0,0,2,0,0,0,1,1,-1,1,1,21,5,-1,-1,-1,-1,-1,-1,0,-1
2024361440398,2024,361440398,1,9,0,-1,19,5,1,-1,0,0,0,0,7,0,1,1,-1,2,2,53,8,-1,-1,-1,-1,4,E01026741,0,1
2024010549305,2024,010549305,2,9,0,16,19,8,4,0,0,8,0,0,0,0,1,1,6,6,3,-1,-1,-1,-1,-1,-1,-1,-1,0,-1
2024010489397,2024,010489397,2,9,0,99,99,9,9,99,99,9,9,99,9,99,2,9,6,6,3,-1,-1,-1,-1,-1,-1,2,E01003601,0,1
2024320247505,2024,320247505,2,9,0,-1,-1,3,7,0,0,8,0,0,0,0,1,1,-1,-1,1,33,6,-1,-1,-1,-1,-1,-1,0,-1
2024010543633,2024,010543633,1,9,0,3,3,5,1,0,0,8,0,0,0,0,2,1,6,6,2,58,9,-1,-1,-1,-1,5,E01002613,0,1
2024041508780,2024,041508780,1,9,0,-1,19,4,8,-1,0,1,0,0,0,0,4,9,-1,6,3,-1,-1,-1,-1,-1,-1,-1,-1,0,-1
2024010490817,2024,010490817,1,5,0,13,13,1,5,0,0,1,0,0,0,0,1,1,2,2,1,34,6,-1,-1,-1,-1,3,E01001774,0,1
2024201470559,2024,201470559,2,8,0,-1,7,8,2,-1,0,5,0,0,0,0,1,1,-1,6,-1,23,5,-1,-1,-1,-1,-1,-1,0,-1
2024010495393,2024,010495393,1,9,0,10,10,7,4,0,0,2,0,0,0,0,1,1,6,6,2,35,6,-1,-1,-1,-1,2,E01004615,0,1
2024211528775,2024,211528775,1,9,0,-1,19,3,7,-1,0,0,0,0,0,0,3,1,-1,6,2,21,5,-1,-1,-1,-1,6,E01031169,0,4
2024311460162,2024,311460162,2,1,0,-1,19,5,5,-1,0,2,0,0,0,0,3,1,-1,1,1,25,5,-1,-1,-1,-1,2,E01013945,0,1
2024010487553,2024,010487553,1,9,0,4,4,1,5,0,0,1,0,0,0,0,2,1,6,6,1,52,8,-1,-1,-1,-1,3,E01003528,0,1
2024010491910,2024,010491910,2,9,0,18,19,5,1,0,0,1,0,0,0,0,1,1,6,6,2,53,8,-1,-1,-1,-1,3,E01002185,0,1
2024052401359,2024,052401359,1,1,0,18,19,5,1,0,0,1,0,0,0,0,1,1,6,6,1,14,3,-1,-1,-1,-1,1,E01007016,0,1
2024131461055,2024,131461055,2,1,0,-1,19,3,1,-1,5,1,0,0,0,0,1,1,-1,6,-1,-1,-1,-1,-1,-1,-1,-1,-1,0,-1
2024010491494,2024,010491494,1,9,0,18,19,3,7,0,0,0,0,0,0,0,3,1,6,6,1,30,6,-1,-1,-1,-1,6,E01032728,0,4
2024522401700,2024,522401700,1,1,0,11,11,5,8,0,0,3,0,0,0,0,1,1,6,6,1,32,6,-1,-1,-1,-1,7,E01014651,0,1
2024332400856,2024,332400856,1,1,0,-1,19,6,2,-1,0,8,0,0,0,0,4,1,-1,2,1,60,9,-1,-1,-1,-1,10,E01025665,0,2
2024010550485,2024,010550485,1,9,0,99,99,9,9,99,99,9,9,99,9,99,1,9,6,6,3,-1,-1,-1,-1,-1,-1,-1,-1,0,-1
2024201462768,2024,201462768,2,1,0,-1,7,3,5,-1,0,6,0,0,0,0,3,1,-1,2,1,23,5,-1,-1,-1,-1,6,E01009189,0,1
2024991461485,2024,991461485,1,9,0,-1,19,2,6,-1,0,0,0,11,0,0,1,1,-1,9,1,60,9,-1,-1,-1,-1,9,E01032859,0,5
2024010533527,2024,010533527,1,1,9,99,99,9,9,99,99,0,9,99,9,99,1,1,6,6,2,30,6,-1,-1,-1,-1,3,E01001762,0,1
2024211441945,2024,211441945,2,22,0,-1,19,8,4,-1,0,8,0,0,0,0,3,1,-1,9,1,93,11,-1,-1,-1,-1,-1,-1,0,-1
2024221535698,2024,221535698,1,9,0,-1,9,8,7,-1,0,6,0,0,0,0,3,1,-1,6,1,45,7,-1,-1,-1,-1,-1,-1,0,-1
2024543736224,2024,543736224,2,1,0,18,19,7,3,0,0,1,0,0,0,0,4,1,6,6,1,54,8,-1,-1,-1,-1,10,E01022884,0,4
2024052401525,2024,052401525,2,9,0,18,19,1,5,0,0,8,0,0,0,0,4,1,6,6,1,56,9,-1,-1,-1,-1,5,E01007159,0,1
2024552400453,2024,552400453,1,9,0,18,19,3,7,0,0,3,0,0,0,0,1,1,6,6,1,54,8,-1,-1,-1,-1,7,E01015428,0,1
2024010533249,2024,010533249,1,1,9,99,99,9,9,99,99,9,9,99,9,99,9,1,2,2,1,25,5,-1,-1,-1,-1,2,E01033877,0,1
2024501414265,2024,501414265,1,9,0,-1,5,4,1,-1,0,1,0,0,0,0,1,1,-1,9,2,64,9,-1,-1,-1,-1,5,E01018976,0,4
2024430450469,2024,430450469,1,9,0,14,14,5,1,0,0,0,0,0,0,0,1,1,6,6,1,-1,-1,-1,-1,-1,-1,-1,-1,0,-1
2024010502575,2024,010502575,1,-1,0,18,19,3,7,9,9,5,0,0,0,0,1,1,6,6,3,23,5,-1,-1,-1,-1,-1,-1,1,-1
2024401450116,2024,401450116,2,19,0,-1,4,-1,-1,-1,0,3,1,0,0,0,2,9,-1,6,1,26,6,-1,-1,-1,-1,4,E01017536,0,1
2024161457486,2024,161457486,2,1,0,-1,9,6,4,-1,0,4,0,0,0,0,3,1,-1,6,1,59,9,-1,-1,-1,-1,7,E01013226,0,1
2024451506448,2024,451506448,1,9,0,-1,19,5,1,-1,0,0,1,0,0,0,1,1,-1,7,2,38,7,-1,-1,-1,-1,10,E01030839,0,1
2024320494182,2024,320494182,2,1,0,-1,-1,4,8,9,9,1,0,0,0,0,1,1,6,6,2,7,2,-1,-1,-1,-1,3,E01034686,0,1
2024010494836,2024,010494836,2,3,0,18,19,5,1,0,0,4,0,0,0,0,1,1,2,2,2,25,5,-1,-1,-1,-1,4,E01000477,0,1
2024201425368,2024,201425368,1,9,0,-1,12,1,5,-1,0,0,0,0,0,0,3,2,-1,6,1,30,6,-1,-1,-1,-1,-1,-1,0,-1
2024401525416,2024,401525416,2,9,0,-1,19,1,5,-1,0,8,0,0,0,0,4,1,-1,2,1,54,8,-1,-1,-1,-1,7,E01012241,0,5
2024501505347,2024,501505347,2,9,0,-1,19,7,3,-1,0,1,9,0,0,0,1,1,-1,6,1,82,11,-1,-1,-1,-1,8,E01018899,0,1
2024411526179,2024,411526179,1,9,0,-1,1,3,7,-1,0,1,0,0,0,0,2,1,-1,1,1,31,6,-1,-1,-1,-1,6,E01023836,0,1
2024010492701,2024,010492701,1,97,0,99,99,9,9,0,0,1,0,0,0,0,9,1,6,6,3,-1,-1,-1,-1,-1,-1,-1,-1,0,-1
2024610022124,2024,610022124,1,9,0,17,19,2,7,0,0,0,0,0,0,0,4,1,6,6,1,-1,-1,-1,-1,-1,-1,-1,-1,0,-1
2024131395567,2024,131395567,1,9,0,-1,19,1,5,-1,0,1,0,0,0,0,1,1,-1,6,3,-1,-1,-1,-1,-1,-1,-1,-1,0,-1
2024520401378,2024,520401378,1,9,0,18,19,7,3,0,0,0,0,0,0,0,1,1,6,6,2,18,4,-1,-1,-1,-1,7,E01029164,0,1
2024471519368,2024,471519368,1,9,0,-1,19,2,6,-1,0,1,0,0,0,0,4,1,-1,6,2,-1,-1,-1,-1,-1,-1,-1,-1,0,-1
2024010488822,2024,010488822,2,9,0,99,99,9,9,99,99,0,9,99,9,99,1,1,6,6,3,-1,-1,-1,-1,-1,-1,1,E01000521,0,1
2024201474394,2024,201474394,1,9,0,-1,19,6,2,-1,0,1,0,0,0,0,1,1,-1,6,1,60,9,-1,-1,-1,-1,-1,-1,0,-1
2024421427301,2024,421427301,1,21,1,-1,10,7,1,-1,0,6,0,0,0,0,3,1,-1,1,1,50,8,-1,-1,-1,-1,6,E01026872,0,4
2024421474773,2024,421474773,1,9,0,-1,7,1,3,-1,0,2,0,0,0,0,1,1,-1,6,1,-1,-1,-1,-1,-1,-1,-1,-1,0,-1
2024070697348,2024,070697348,2,9,0,18,19,8,4,0,0,0,0,0,0,0,4,1,6,6,2,50,8,-1,-1,-1,-1,9,E01018474,0,1
2024201490927,2024,201490927,1,9,0,-1,19,1,5,-1,0,0,0,0,0,0,3,9,-1,6,3,-1,-1,-1,-1,-1,-1,-1,-1,0,-1
2024411432513,2024,411432513,1,9,-1,-1,-1,-1,-1,-1,-1,0,-1,-1,-1,0,-1,9,-1,6,1,24,5,-1,-1,-1,-1,6,E01023855,0,1
2024010515027,2024,010515027,1,1,0,18,19,2,6,0,0,8,0,0,0,0,1,1,6,6,1,39,7,-1,-1,-1,-1,8,E01004508,0,2
2024122401103,2024,122401103,2,90,0,18,19,5,1,0,0,8,0,0,1,0,3,1,6,6,1,42,7,-1,-1,-1,-1,7,E01027601,0,2
2024010495105,2024,010495105,1,9,0,18,19,7,3,0,0,1,0,4,0,0,1,1,6,6,1,66,10,-1,-1,-1,-1,5,E01001677,0,1
2024010489636,2024,010489636,2,9,0,99,99,9,9,99,99,0,9,99,9,99,1,9,6,6,3,-1,-1,-1,-1,-1,-1,-1,-1,0,-1
2024451460192,2024,451460192,1,97,0,-1,19,3,7,-1,0,0,0,0,0,0,1,1,-1,6,3,45,7,-1,-1,-1,-1,-1,-1,0,-1
2024010490111,2024,010490111,1,9,0,99,99,9,9,99,99,9,9,99,9,99,1,9,6,6,3,-1,-1,-1,-1,-1,-1,-1,-1,0,-1
2024991508654,2024,991508654,2,9,0,-1,19,2,6,-1,0,1,0,0,0,0,1,1,-1,9,1,29,6,-1,-1,-1,-1,8,-1,0,1
2024010545272,2024,010545272,2,9,0,1,1,5,1,0,0,4,0,0,0,0,2,1,6,6,3,-1,-1,-1,-1,-1,-1,-1,-1,0,-1
2024451412669,2024,451412669,1,9,0,-1,19,3,1,-1,0,0,0,0,0,0,4,9,-1,6,3,35,6,-1,-1,-1,-1,-1,-1,0,-1
2024311440064,2024,311440064,1,19,0,-1,19,6,6,-1,0,0,0,0,0,0,2,1,-1,6,2,70,10,-1,-1,-1,-1,-1,-1,0,-1