collision_index,collision_year,collision_ref_no,vehicle_reference,vehicle_type,towing_and_articulation,vehicle_manoeuvre_historic,vehicle_manoeuvre,vehicle_direction_from,vehicle_direction_to,vehicle_location_restricted_lane_historic,vehicle_location_restricted_lane,junction_location,skidding_and_overturning,hit_object_in_carriageway,vehicle_leaving_carriageway,hit_object_off_carriageway,first_point_of_impact,vehicle_left_hand_drive,journey_purpose_of_driver_historic,journey_purpose_of_driver,sex_of_driver,age_of_driver,age_band_of_driver,engine_capacity_cc,propulsion_code,age_of_vehicle,generic_make_model,driver_imd_decile,lsoa_of_driver,escooter_flag,driver_distance_banding
2024010544731,2024,010544731,2,9,0,18,19,8,4,9,9,1,0,0,0,0,2,1,6,6,1,58,9,-1,-1,-1,-1,-1,-1,0,-1
2024610022524,2024,610022524,2,3,0,6,6,3,3,0,0,0,0,0,1,0,1,1,1,1,1,26,6,-1,-1,-1,-1,9,W01001543,0,1
2024221467555,2024,221467555,2,9,0,-1,19,4,1,-1,0,8,0,0,0,0,1,1,-1,6,2,47,8,-1,-1,-1,-1,5,E01014060,0,1
2024302401492,2024,302401492,1,9,0,18,19,4,8,0,0,8,0,0,1,11,3,1,6,6,1,-1,-1,-1,-1,-1,-1,7,E01019617,0,1
2024061415071,2024,061415071,1,19,0,-1,-1,-1,-1,-1,-1,0,-1,-1,-1,0,-1,9,-1,6,3,-1,-1,-1,-1,-1,-1,-1,-1,0,-1
2024010496248,2024,010496248,2,9,0,18,19,7,3,0,0,1,0,0,0,0,3,1,6,6,1,35,6,-1,-1,-1,-1,8,E01003904,0,1
202454E801124,2024,54E801124,2,1,0,12,12,4,2,0,0,1,0,0,0,0,4,1,6,6,1,69,10,-1,-1,-1,-1,6,E01023179,0,4
2024302400906,2024,302400906,1,9,0,18,19,8,4,0,0,8,0,0,0,0,1,1,6,6,1,38,7,-1,-1,-1,-1,1,E01013536,0,1
2024010487102,2024,010487102,1,9,0,99,99,9,9,99,99,9,9,99,9,99,2,9,2,2,2,51,8,-1,-1,-1,-1,4,E01003793,0,1
2024411455189,2024,411455189,1,9,-1,-1,19,-1,-1,-1,0,0,0,0,0,0,-1,9,-1,6,3,-1,-1,-1,-1,-1,-1,-1,-1,0,-1
2024122401125,2024,122401125,2,9,4,18,19,6,3,0,0,2,0,0,0,0,3,1,1,1,1,47,8,-1,-1,-1,-1,8,E01027753,0,4
2024070941967,2024,070941967,1,9,0,-1,19,5,1,-1,0,4,0,99,9,99,1,1,-1,6,3,40,7,-1,-1,-1,-1,-1,-1,0,-1
2024481507973,2024,481507973,1,1,0,-1,19,7,3,-1,0,8,0,0,0,0,1,1,-1,9,2,22,5,-1,-1,-1,-1,-1,-1,0,-1
2024010488321,2024,010488321,1,9,9,99,99,9,9,99,99,0,9,99,9,99,9,9,6,6,3,-1,-1,-1,-1,-1,-1,-1,-1,0,-1
2024052400488,2024,052400488,2,1,0,18,19,6,2,0,0,1,0,0,0,0,4,1,6,6,1,20,4,-1,-1,-1,-1,5,E01006933,0,1
2024440022060,2024,440022060,2,9,0,18,19,5,1,0,0,0,0,8,0,0,4,1,6,6,3,-1,-1,-1,-1,-1,-1,-1,-1,0,-1
2024101398143,2024,101398143,2,1,0,-1,19,5,1,-1,0,0,0,0,0,0,1,1,-1,2,1,45,7,-1,-1,-1,-1,3,E01008857,0,1
2024010518098,2024,010518098,2,1,0,13,13,7,3,0,0,0,2,0,0,0,1,1,1,1,1,24,5,-1,-1,-1,-1,4,E01032772,0,1
2024010525662,2024,010525662,4,9,0,8,8,3,4,0,0,1,0,0,0,0,3,1,1,1,1,24,5,-1,-1,-1,-1,-1,-1,0,-1
2024201467345,2024,201467345,2,9,0,-1,9,2,8,-1,0,6,0,0,0,0,1,9,-1,6,3,-1,-1,-1,-1,-1,-1,-1,-1,0,-1
2024302401141,2024,302401141,3,9,0,18,19,8,4,0,0,0,0,0,0,0,0,1,6,6,3,-1,-1,-1,-1,-1,-1,-1,-1,0,-1
2024610035024,2024,610035024,2,9,0,18,19,2,6,0,0,0,0,0,0,0,1,1,6,6,3,-1,-1,-1,-1,-1,-1,-1,-1,0,-1
2024010514582,2024,010514582,2,98,9,99,99,9,9,99,99,9,9,99,9,99,1,9,6,6,3,-1,-1,-1,-1,-1,-1,5,E01035423,0,5
2024161513931,2024,161513931,2,9,0,-1,19,1,5,-1,0,8,0,0,0,0,4,9,-1,6,1,-1,-1,-1,-1,-1,-1,-1,-1,0,-1
2024131471772,2024,131471772,1,9,0,-1,10,1,1,-1,0,8,0,0,0,0,1,1,-1,2,2,23,5,-1,-1,-1,-1,8,E01007381,0,3
2024161529038,2024,161529038,1,9,0,-1,19,5,1,-1,0,0,1,10,0,0,1,1,-1,2,2,40,7,-1,-1,-1,-1,4,E01012827,0,3
2024010530269,2024,010530269,1,1,0,18,19,7,3,0,0,1,5,0,0,0,1,1,2,2,2,33,6,-1,-1,-1,-1,2,E01001849,0,1
2024201533665,2024,201533665,1,9,0,-1,15,3,7,-1,0,0,0,0,0,0,4,9,-1,6,3,50,8,-1,-1,-1,-1,-1,-1,0,-1
2024010515493,2024,010515493,1,1,9,99,99,9,9,99,99,1,9,99,9,99,9,1,2,2,1,59,9,-1,-1,-1,-1,8,E01001127,0,2
2024052402738,2024,052402738,1,8,0,9,9,4,2,0,0,1,0,0,0,0,1,1,6,6,3,-1,-1,-1,-1,-1,-1,-1,-1,0,-1
2024070089528,2024,070089528,1,9,0,7,7,5,7,0,0,5,0,0,0,0,1,1,6,6,1,-1,-1,-1,-1,-1,-1,-1,-1,0,-1
2024471481528,2024,471481528,1,1,0,-1,19,3,7,-1,0,1,0,0,0,0,1,1,-1,9,2,34,6,-1,-1,-1,-1,3,E01004263,0,4
2024061491328,2024,061491328,2,9,-1,-1,-1,-1,-1,-1,-1,0,-1,-1,-1,0,-1,9,-1,6,3,30,6,-1,-1,-1,-1,-1,-1,0,-1
2024010522497,2024,010522497,2,1,0,18,19,1,5,0,0,8,0,0,0,0,1,1,6,6,2,33,6,-1,-1,-1,-1,3,E01004240,0,1
2024010535798,2024,010535798,2,1,0,18,19,7,3,0,0,1,0,0,0,0,3,1,6,6,2,29,6,-1,-1,-1,-1,4,E01001934,0,1
2024010547042,2024,010547042,2,9,0,18,19,2,6,0,0,2,0,0,0,0,1,1,6,6,3,-1,-1,-1,-1,-1,-1,-1,-1,0,-1
2024440496863,2024,440496863,2,9,0,18,19,5,1,0,0,0,0,0,0,0,2,1,2,2,1,46,8,-1,-1,-1,-1,1,E01006659,0,5
2024201433919,2024,201433919,1,9,0,-1,5,2,6,-1,0,1,0,0,0,0,0,9,-1,6,3,-1,-1,-1,-1,-1,-1,-1,-1,0,-1
2024010543653,2024,010543653,2,9,0,99,99,9,9,99,99,9,9,99,9,99,1,9,6,6,3,-1,-1,-1,-1,-1,-1,-1,-1,0,-1
2024401443966,2024,401443966,1,9,0,-1,5,2,5,-1,0,4,0,0,0,0,3,1,-1,9,2,73,10,-1,-1,-1,-1,5,E01017579,0,1
2024302400278,2024,302400278,1,22,0,18,19,5,1,9,9,0,0,0,0,0,1,1,6,6,3,-1,-1,-1,-1,-1,-1,5,E01019456,0,4
2024010488314,2024,010488314,2,9,0,18,19,6,2,0,0,6,0,0,0,0,1,1,6,6,3,34,6,-1,-1,-1,-1,-1,-1,0,-1
2024161494458,2024,161494458,2,8,0,-1,5,7,3,-1,9,0,0,0,0,0,1,1,-1,6,1,-1,-1,-1,-1,-1,-1,-1,-1,0,-1
2024201564110,2024,201564110,2,-1,0,-1,19,8,4,-1,0,8,0,0,0,0,2,1,-1,6,1,24,5,-1,-1,-1,-1,-1,-1,1,-1
2024201470640,2024,201470640,2,9,0,-1,19,5,1,-1,0,0,0,0,0,0,2,1,-1,6,2,33,6,-1,-1,-1,-1,-1,-1,0,-1
2024101493881,2024,101493881,1,23,0,-1,19,4,8,-1,0,8,0,0,0,0,3,1,-1,9,1,27,6,-1,-1,-1,-1,1,E01008572,0,2
2024010511117,2024,010511117,3,9,0,18,19,3,7,0,0,9,9,99,9,99,1,9,6,6,3,-1,-1,-1,-1,-1,-1,-1,-1,0,-1
2024231402881,2024,231402881,1,9,0,-1,19,7,3,-1,0,0,0,0,0,0,1,9,-1,6,3,38,7,-1,-1,-1,-1,-1,-1,0,-1
2024052401716,2024,052401716,2,9,0,18,19,4,8,0,0,6,0,0,0,0,1,1,6,6,3,-1,-1,-1,-1,-1,-1,-1,-1,0,-1
2024052402678,2024,052402678,2,1,0,18,19,6,2,0,0,2,0,0,0,0,1,1,6,6,1,65,9,-1,-1,-1,-1,2,E01006520,0,1
2024440229278,2024,440229278,1,9,0,16,19,6,1,0,0,1,0,0,0,0,4,1,6,6,3,-1,-1,-1,-1,-1,-1,-1,-1,0,-1
2024010530608,2024,010530608,2,9,0,18,19,4,8,0,0,8,0,0,0,0,1,1,6,6,3,-1,-1,-1,-1,-1,-1,-1,-1,0,-1
2024461405433,2024,461405433,1,9,0,-1,4,3,7,-1,0,0,1,0,0,0,1,9,-1,6,1,62,9,-1,-1,-1,-1,1,E01024612,0,4
2024430278278,2024,430278278,1,9,0,7,7,1,3,0,0,6,0,0,0,0,1,1,1,1,2,60,9,-1,-1,-1,-1,7,E01016509,0,1
2024401411424,2024,401411424,1,9,-1,-1,-1,-1,-1,-1,-1,0,-1,-1,-1,0,3,9,-1,6,1,-1,-1,-1,-1,-1,-1,-1,-1,0,-1
2024201527359,2024,201527359,1,9,0,-1,5,8,5,-1,0,6,0,0,0,0,1,1,-1,6,3,-1,-1,-1,-1,-1,-1,-1,-1,0,-1
2024131492215,2024,131492215,2,90,0,-1,19,3,3,-1,0,0,0,0,0,0,3,1,-1,9,1,41,7,-1,-1,-1,-1,9,E01011296,0,2
2024010488387,2024,010488387,1,19,0,1,1,3,7,0,0,8,0,0,0,0,2,1,2,2,1,26,6,-1,-1,-1,-1,3,E01000133,0,3
2024010498162,2024,010498162,2,1,0,13,13,3,7,4,4,1,0,0,0,0,1,1,2,2,1,32,6,-1,-1,-1,-1,8,E01002690,0,1
2024421453195,2024,421453195,1,9,0,-1,19,1,5,-1,0,1,0,0,0,0,4,9,-1,6,3,46,8,-1,-1,-1,-1,8,E01021463,0,1
2024010490387,2024,010490387,2,8,0,99,99,9,9,99,99,9,9,99,9,99,9,9,6,6,3,-1,-1,-1,-1,-1,-1,-1,-1,0,-1
2024421526049,2024,421526049,2,9,0,-1,5,6,1,-1,99,8,0,0,0,0,3,1,-1,6,2,34,6,-1,-1,-1,-1,8,E01021621,0,1
2024071089671,2024,071089671,1,19,0,-1,19,5,1,-1,0,0,0,0,0,0,4,1,-1,6,1,56,9,-1,-1,-1,-1,8,E01018434,0,1
2024131424733,2024,131424733,2,98,0,-1,9,1,1,-1,0,6,0,0,0,0,3,1,-1,1,1,58,9,-1,-1,-1,-1,9,E01010589,0,2
2024010491476,2024,010491476,1,9,0,18,19,7,3,0,0,2,0,0,0,0,4,1,6,6,2,57,9,-1,-1,-1,-1,5,E01002344,0,1
2024010517905,2024,010517905,2,9,9,99,99,9,9,9,9,0,9,99,9,99,9,9,6,6,2,-1,-1,-1,-1,-1,-1,-1,-1,0,-1
2024302401013,2024,302401013,2,97,0,18,19,8,4,0,0,1,0,0,0,0,1,1,6,6,1,27,6,-1,-1,-1,-1,1,E01033279,0,2
2024010508631,2024,010508631,2,1,0,18,19,1,5,0,0,1,0,4,0,0,1,1,6,6,1,20,4,-1,-1,-1,-1,8,E01000536,0,1
2024111532123,2024,111532123,2,1,0,-1,19,2,6,-1,0,1,0,0,0,0,3,1,-1,6,1,19,4,-1,-1,-1,-1,8,E01034493,0,1
2024070337121,2024,070337121,2,9,0,10,10,3,7,0,0,1,0,0,0,0,4,1,6,6,1,23,5,-1,-1,-1,-1,10,E01018642,0,2
2024201413878,2024,201413878,1,9,0,-1,19,1,6,-1,0,3,0,0,0,0,1,1,-1,6,3,-1,-1,-1,-1,-1,-1,-1,-1,0,-1
2024991494097,2024,991494097,2,90,0,-1,2,0,0,-1,0,0,0,0,0,0,3,1,-1,6,-1,-1,-1,-1,-1,-1,-1,-1,-1,0,-1
2024552400687,2024,552400687,2,1,0,18,19,8,4,4,4,1,0,0,0,0,1,1,6,6,1,62,9,-1,-1,-1,-1,8,E01015320,0,1
2024340WN7302,2024,340WN7302,1,9,0,-1,19,7,3,-1,0,3,0,0,0,0,1,1,-1,6,1,-1,-1,-1,-1,-1,-1,-1,-1,0,-1
2024041503554,2024,041503554,1,9,0,-1,19,1,5,-1,0,0,1,0,1,0,1,1,-1,6,3,-1,-1,-1,-1,-1,-1,-1,-1,0,-1
2024071011820,2024,071011820,1,1,0,-1,19,4,8,-1,9,0,0,12,0,0,1,1,-1,9,1,38,7,-1,-1,-1,-1,3,E01018378,0,1
2024201502623,2024,201502623,2,9,0,-1,19,7,3,-1,0,8,0,0,0,0,1,1,-1,6,1,23,5,-1,-1,-1,-1,5,E01009796,0,1
2024010548215,2024,010548215,2,9,0,99,99,9,9,99,99,9,9,99,9,99,1,9,6,6,3,-1,-1,-1,-1,-1,-1,-1,-1,0,-1
2024481437407,2024,481437407,2,1,0,-1,19,3,7,-1,0,0,0,0,0,0,0,1,-1,2,2,39,7,-1,-1,-1,-1,-1,-1,0,-1
2024520002524,2024,520002524,1,1,0,18,19,1,5,0,0,2,0,0,0,0,2,1,6,6,1,60,9,-1,-1,-1,-1,9,E01031890,0,3
2024522402249,2024,522402249,2,9,0,99,99,9,9,0,0,6,0,0,0,0,9,1,6,6,3,-1,-1,-1,-1,-1,-1,-1,-1,0,-1
2024070656702,2024,070656702,3,9,0,-1,-1,5,1,0,0,0,0,0,0,0,1,1,6,6,1,72,10,-1,-1,-1,-1,8,E01018493,0,2
2024351491022,2024,351491022,2,1,0,-1,7,1,5,-1,0,0,0,0,0,0,4,1,-1,6,1,32,6,-1,-1,-1,-1,8,E01018224,0,2
2024010508859,2024,010508859,2,9,0,99,99,9,9,99,99,9,9,99,9,99,9,9,6,6,2,43,7,-1,-1,-1,-1,2,E01001282,0,1
2024010524197,2024,010524197,2,9,0,13,13,9,9,99,99,9,9,99,9,99,4,9,6,6,2,40,7,-1,-1,-1,-1,5,E01000728,0,1
2024131488477,2024,131488477,1,9,0,-1,-1,-1,-1,-1,-1,0,-1,-1,-1,0,-1,1,-1,6,3,-1,-1,-1,-1,-1,-1,-1,-1,0,-1
2024610014024,2024,610014024,1,4,0,5,5,1,5,0,0,0,0,0,1,3,1,1,6,6,1,19,4,-1,-1,-1,-1,2,W01001973,0,1
2024221446598,2024,221446598,2,90,0,-1,4,8,4,-1,0,0,0,0,0,0,2,1,-1,2,1,40,7,-1,-1,-1,-1,2,E01032453,0,2
2024371409076,2024,371409076,2,1,-1,-1,19,-1,-1,-1,0,3,0,0,0,0,-1,1,-1,6,1,29,6,-1,-1,-1,-1,3,E01030169,0,1
2024141408179,2024,141408179,2,9,0,-1,19,5,1,-1,0,1,0,0,0,0,1,9,-1,6,3,-1,-1,-1,-1,-1,-1,-1,-1,0,-1
2024161459550,2024,161459550,2,9,0,-1,5,4,8,-1,0,4,0,0,0,0,1,1,-1,2,2,23,5,-1,-1,-1,-1,7,E01012792,0,1
2024520500293,2024,520500293,2,-1,0,9,9,1,3,0,0,8,0,0,0,0,1,1,6,6,1,16,4,-1,-1,-1,-1,4,E01029119,1,1
2024302400825,2024,302400825,2,19,0,16,19,5,8,0,0,2,0,0,0,0,4,1,6,6,3,-1,-1,-1,-1,-1,-1,5,E01019456,0,2
2024201508941,2024,201508941,1,9,0,-1,9,7,5,-1,0,6,1,0,0,0,3,1,-1,6,1,25,5,-1,-1,-1,-1,-1,-1,0,-1
2024622400253,2024,622400253,2,90,0,18,19,5,1,0,0,0,0,0,0,0,0,1,6,6,2,43,7,-1,-1,-1,-1,1,W01001857,0,1
2024010516124,2024,010516124,2,1,0,3,3,7,3,0,0,2,0,0,0,0,1,1,6,6,1,48,8,-1,-1,-1,-1,2,E01001249,0,1
2024010522125,2024,010522125,2,1,9,99,99,9,9,99,99,9,9,99,9,99,9,1,6,6,2,36,7,-1,-1,-1,-1,2,E01002784,0,1
2024311436759,2024,311436759,2,9,0,-1,19,4,8,-1,0,1,0,0,0,0,4,1,-1,6,2,41,7,-1,-1,-1,-1,7,E01028107,0,3
2024991450719,2024,991450719,1,1,0,-1,19,5,7,-1,0,0,2,0,0,0,4,1,-1,2,2,66,10,-1,-1,-1,-1,1,-1,0,1
2024371403760,2024,371403760,1,99,-1,-1,-1,-1,-1,-1,-1,-1,-1,-1,-1,0,-1,9,-1,6,3,-1,-1,-1,-1,-1,-1,-1,-1,0,-1
2024201450856,2024,201450856,1,9,0,-1,19,2,6,-1,0,1,0,0,0,0,1,9,-1,6,3,20,4,-1,-1,-1,-1,-1,-1,0,-1
2024440443689,2024,440443689,2,9,0,2,2,0,0,0,0,1,0,0,0,0,1,1,6,6,3,-1,-1,-1,-1,-1,-1,-1,-1,0,-1
2024010530894,2024,010530894,1,1,0,18,19,5,1,0,0,4,0,0,0,0,1,1,6,6,1,16,4,-1,-1,-1,-1,3,E01004169,0,1
2024041477955,2024,041477955,1,9,0,-1,9,7,3,-1,0,1,0,0,0,0,1,1,-1,6,1,18,4,-1,-1,-1,-1,2,E01012642,0,1
2024201447744,2024,201447744,1,8,0,-1,19,6,2,-1,0,0,0,0,0,0,4,1,-1,2,1,40,7,-1,-1,-1,-1,2,E01010046,0,1
2024461489586,2024,461489586,1,2,0,-1,13,6,2,-1,0,0,0,0,0,0,1,1,-1,6,1,31,6,-1,-1,-1,-1,7,E01024316,0,2
2024122500097,2024,122500097,2,1,0,18,19,7,3,0,0,0,0,0,0,0,1,1,6,6,1,69,10,-1,-1,-1,-1,9,E01027567,0,1
2024010531709,2024,010531709,2,1,0,14,14,3,7,0,0,0,0,0,0,0,1,1,2,2,2,54,8,-1,-1,-1,-1,7,E01004107,0,1
2024061503619,2024,061503619,1,1,0,-1,5,-1,-1,-1,4,9,0,0,0,0,3,1,-1,9,1,47,8,-1,-1,-1,-1,3,E01006246,0,1
2024010495990,2024,010495990,2,3,0,99,99,9,9,99,99,9,9,99,9,99,1,1,6,6,3,-1,-1,-1,-1,-1,-1,-1,-1,0,-1
2024430450469,2024,430450469,2,11,0,2,2,0,0,0,0,0,0,0,0,0,0,1,1,1,1,-1,-1,-1,-1,-1,-1,-1,-1,0,-1
2024052400841,2024,052400841,1,8,0,5,5,2,6,0,0,0,0,0,0,0,1,1,1,1,3,-1,-1,-1,-1,-1,-1,-1,-1,0,-1
2024010488567,2024,010488567,1,9,0,99,99,9,9,99,99,0,9,99,9,99,9,9,6,6,3,76,11,-1,-1,-1,-1,5,E01004048,0,1
2024461521928,2024,461521928,2,9,0,-1,2,0,0,-1,0,1,1,0,1,4,1,1,-1,6,-1,-1,-1,-1,-1,-1,-1,-1,-1,0,-1
2024101442736,2024,101442736,1,9,0,-1,19,4,8,-1,0,0,0,0,0,0,1,1,-1,1,1,38,7,-1,-1,-1,-1,1,E01012001,0,4
2024501522981,2024,501522981,1,98,0,-1,19,1,5,-1,0,1,0,0,0,0,1,1,-1,6,3,-1,-1,-1,-1,-1,-1,-1,-1,0,-1
2024010488974,2024,010488974,1,11,0,16,19,1,5,0,0,8,0,0,0,0,1,1,1,1,1,61,9,-1,-1,-1,-1,2,E01002091,0,2
202417S200724,2024,17S200724,1,9,0,18,19,2,6,0,0,0,0,0,0,0,1,1,6,6,2,-1,-1,-1,-1,-1,-1,-1,-1,0,-1
2024010499085,2024,010499085,2,1,0,18,19,7,3,4,4,8,0,0,0,0,3,1,2,2,1,62,9,-1,-1,-1,-1,4,E01002645,0,1
2024010532394,2024,010532394,1,9,9,99,99,9,9,99,99,9,9,99,9,99,9,9,6,6,3,-1,-1,-1,-1,-1,-1,-1,-1,0,-1
2024421506520,2024,421506520,1,1,0,-1,-1,-1,-1,-1,-1,-1,-1,-1,-1,0,-1,1,-1,6,1,58,9,-1,-1,-1,-1,5,E01021518,0,1
2024010511605,2024,010511605,2,9,0,99,99,9,9,99,99,9,9,99,9,99,1,9,6,6,3,-1,-1,-1,-1,-1,-1,-1,-1,0,-1
2024610009324,2024,610009324,1,9,0,1,1,9,9,0,0,1,0,0,0,0,2,1,6,6,1,-1,-1,-1,-1,-1,-1,-1,-1,0,-1
2024211461648,2024,211461648,2,1,0,-1,19,7,3,-1,9,1,0,0,0,0,-1,1,-1,6,1,24,5,-1,-1,-1,-1,2,E01014345,0,1
2024061489354,2024,061489354,1,-1,0,-1,19,1,5,-1,9,1,0,0,0,0,1,1,-1,6,1,-1,-1,-1,-1,-1,-1,-1,-1,1,-1
2024340WN5342,2024,340WN5342,2,19,0,-1,3,3,7,-1,0,0,0,0,0,0,2,1,-1,1,1,77,11,-1,-1,-1,-1,-1,-1,0,-1
2024010536287,2024,010536287,2,1,0,15,15,1,5,0,0,0,1,0,0,0,2,1,6,6,1,33,6,-1,-1,-1,-1,2,E01003253,0,2
2024311417798,2024,311417798,2,1,0,-1,19,3,7,-1,0,0,0,0,0,0,3,1,-1,7,1,9,2,-1,-1,-1,-1,2,E01013823,0,1
2024010490701,2024,010490701,1,9,0,99,99,9,9,99,99,9,9,99,9,99,9,9,6,6,3,-1,-1,-1,-1,-1,-1,-1,-1,0,-1
2024201468351,2024,201468351,1,9,0,-1,19,8,6,-1,0,0,0,0,0,0,1,9,-1,6,3,-1,-1,-1,-1,-1,-1,-1,-1,0,-1
2024401466286,2024,401466286,2,1,0,-1,9,-1,-1,-1,5,5,0,0,0,0,1,1,-1,2,1,52,8,-1,-1,-1,-1,3,E01017514,0,1
2024401525243,2024,401525243,2,1,0,-1,19,5,1,-1,0,0,5,0,0,0,2,1,-1,6,1,22,5,-1,-1,-1,-1,5,E01015714,0,2
2024221441872,2024,221441872,1,9,0,-1,19,4,6,-1,0,0,0,0,0,0,1,1,-1,9,2,91,11,-1,-1,-1,-1,4,E01032445,0,2
2024361521444,2024,361521444,2,1,0,-1,19,1,5,-1,0,0,5,0,0,0,-1,1,-1,6,3,-1,-1,-1,-1,-1,-1,-1,-1,0,-1
2024010495079,2024,010495079,1,5,0,99,99,9,9,0,0,0,0,0,0,0,9,1,6,6,1,39,7,-1,-1,-1,-1,7,E01021765,0,3
2024991537485,2024,991537485,1,9,0,-1,19,5,1,-1,0,8,0,0,0,0,1,1,-1,1,2,23,5,-1,-1,-1,-1,3,-1,0,3
2024340WN5792,2024,340WN5792,1,9,0,-1,7,2,4,-1,0,6,0,0,0,0,3,1,-1,6,2,47,8,-1,-1,-1,-1,10,E01035427,0,1
2024010499266,2024,010499266,1,1,9,99,99,9,9,99,99,9,9,99,9,99,9,1,2,2,1,27,6,-1,-1,-1,-1,1,E01001790,0,2
2024430412094,2024,430412094,2,9,0,9,9,6,4,0,0,6,0,0,0,0,1,1,6,6,1,-1,-1,-1,-1,-1,-1,-1,-1,0,-1
2024131523243,2024,131523243,1,9,0,-1,-1,-1,-1,-1,-1,-1,-1,-1,-1,-1,-1,1,-1,6,3,-1,-1,-1,-1,-1,-1,-1,-1,0,-1
2024201406944,2024,201406944,1,9,0,-1,3,2,6,-1,0,1,0,0,0,0,4,1,-1,1,1,68,10,-1,-1,-1,-1,-1,-1,0,-1
2024131411182,2024,131411182,1,9,0,-1,19,1,5,-1,0,2,0,0,0,0,3,1,-1,9,2,43,7,-1,-1,-1,-1,7,E01010968,0,1
2024430507415,2024,430507415,2,1,0,18,19,7,3,0,0,8,0,0,0,0,4,1,2,2,1,56,9,-1,-1,-1,-1,9,E01016793,0,1
2024461508471,2024,461508471,2,9,0,-1,19,3,5,-1,0,0,0,0,0,0,1,9,-1,6,3,-1,-1,-1,-1,-1,-1,-1,-1,0,-1
2024111481487,2024,111481487,2,9,0,-1,9,1,6,-1,0,8,0,0,0,0,1,1,-1,6,2,44,7,-1,-1,-1,-1,2,E01012307,0,1
2024531491789,2024,531491789,2,9,0,-1,19,6,2,-1,0,0,0,0,0,0,0,9,-1,6,-1,-1,-1,-1,-1,-1,-1,-1,-1,0,-1
2024041421134,2024,041421134,2,97,0,-1,19,6,2,-1,0,1,0,0,0,0,1,1,-1,9,1,52,8,-1,-1,-1,-1,1,E01012702,0,1
2024010523737,2024,010523737,1,1,9,99,99,9,9,99,99,9,9,99,9,99,9,1,2,2,1,18,4,-1,-1,-1,-1,4,E01001995,0,1
2024231550558,2024,231550558,1,9,0,-1,5,7,3,-1,0,0,0,0,0,0,1,9,-1,6,1,40,7,-1,-1,-1,-1,-1,-1,0,-1
2024311450613,2024,311450613,1,-1,0,-1,19,6,2,-1,0,1,0,0,0,0,0,1,-1,6,1,41,7,-1,-1,-1,-1,-1,-1,1,-1
2024010536884,2024,010536884,1,9,9,18,19,7,3,99,99,9,9,99,9,99,1,1,6,6,3,-1,-1,-1,-1,-1,-1,-1,-1,0,-1
2024010496907,2024,010496907,1,9,0,18,19,3,7,0,0,0,1,4,0,0,1,1,6,6,1,52,8,-1,-1,-1,-1,5,E01032567,0,1
2024471438424,2024,471438424,1,1,0,-1,19,1,5,-1,0,8,5,0,0,0,3,1,-1,9,1,52,8,-1,-1,-1,-1,2,E01034827,0,1
2024201449649,2024,201449649,1,9,0,-1,19,5,1,-1,0,0,0,0,0,0,1,9,-1,6,3,-1,-1,-1,-1,-1,-1,-1,-1,0,-1
2024221441244,2024,221441244,1,9,0,-1,19,1,5,-1,0,0,0,0,0,0,1,9,-1,6,3,24,5,-1,-1,-1,-1,-1,-1,0,-1
2024552401288,2024,552401288,1,1,0,18,19,5,1,0,0,8,0,0,0,0,1,1,6,6,1,44,7,-1,-1,-1,-1,9,E01015364,0,1
2024131464004,2024,131464004,2,-1,0,-1,19,1,5,-1,0,0,0,0,0,0,4,1,-1,6,1,14,3,-1,-1,-1,-1,1,E01010627,1,1
2024302400196,2024,302400196,1,19,0,18,19,6,2,9,9,2,0,0,0,0,2,2,6,6,3,-1,-1,-1,-1,-1,-1,5,E01019456,0,3
2024201484183,2024,201484183,1,9,0,-1,19,4,8,-1,0,8,0,0,0,0,1,1,-1,6,1,50,8,-1,-1,-1,-1,2,-1,0,5
202460Q172660,2024,60Q172660,1,9,0,5,5,0,4,0,0,0,0,0,0,0,0,1,6,6,1,40,7,-1,-1,-1,-1,-1,-1,0,-1
2024351454382,2024,351454382,2,1,0,-1,-1,-1,-1,-1,-1,-1,-1,-1,-1,0,1,1,-1,9,1,34,6,-1,-1,-1,-1,3,E01017975,0,1
2024430555643,2024,430555643,1,9,0,9,9,2,8,0,0,5,0,0,0,0,1,1,6,6,2,47,8,-1,-1,-1,-1,-1,-1,0,-1
2024211438053,2024,211438053,1,9,0,-1,19,2,6,-1,0,1,0,0,0,0,1,1,-1,6,1,22,5,-1,-1,-1,-1,1,E01014249,0,1
2024052400449,2024,052400449,1,9,0,18,19,4,8,0,0,1,0,0,0,0,1,1,6,6,3,-1,-1,-1,-1,-1,-1,-1,-1,0,-1
2024041499278,2024,041499278,2,1,0,-1,19,3,7,-1,0,8,0,0,0,0,4,1,-1,2,1,60,9,-1,-1,-1,-1,9,E01025553,0,2
2024320654396,2024,320654396,2,1,0,-1,-1,4,8,0,0,8,0,0,0,0,1,1,-1,-1,1,69,10,-1,-1,-1,-1,7,E01026013,0,1
2024430602534,2024,430602534,1,9,0,18,19,6,2,0,0,4,0,0,0,0,1,1,6,6,3,-1,-1,-1,-1,-1,-1,-1,-1,0,-1
2024401414588,2024,401414588,1,90,0,-1,12,4,8,-1,0,0,0,0,0,0,1,1,-1,6,-1,-1,-1,-1,-1,-1,-1,-1,-1,0,-1
2024320649370,2024,320649370,1,9,0,7,7,6,8,0,0,6,0,0,0,0,1,-1,6,6,3,-1,-1,-1,-1,-1,-1,-1,-1,0,-1
2024411541418,2024,411541418,2,-1,0,-1,19,7,3,-1,0,0,0,0,0,0,1,1,-1,6,1,15,3,-1,-1,-1,-1,9,E01023655,1,1
2024052401462,2024,052401462,1,9,0,5,5,2,6,0,0,0,0,0,0,0,3,1,6,6,3,-1,-1,-1,-1,-1,-1,-1,-1,0,-1
2024010516402,2024,010516402,2,9,0,99,99,9,9,99,99,0,9,99,9,99,3,9,6,6,3,-1,-1,-1,-1,-1,-1,-1,-1,0,-1
2024052400311,2024,052400311,1,9,0,18,19,5,1,0,0,0,0,0,0,0,1,1,6,6,3,-1,-1,-1,-1,-1,-1,-1,-1,0,-1
2024201397906,2024,201397906,2,1,0,-1,19,4,8,-1,0,8,0,0,0,0,2,1,-1,2,1,56,9,-1,-1,-1,-1,1,E01009404,0,1
2024031411079,2024,031411079,1,90,-1,-1,-1,-1,-1,-1,-1,-1,-1,-1,-1,0,-1,9,-1,6,3,-1,-1,-1,-1,-1,-1,-1,-1,0,-1