collision_index,collision_year,collision_ref_no,vehicle_reference,vehicle_type,towing_and_articulation,vehicle_manoeuvre_historic,vehicle_manoeuvre,vehicle_direction_from,vehicle_direction_to,vehicle_location_restricted_lane_historic,vehicle_location_restricted_lane,junction_location,skidding_and_overturning,hit_object_in_carriageway,vehicle_leaving_carriageway,hit_object_off_carriageway,first_point_of_impact,vehicle_left_hand_drive,journey_purpose_of_driver_historic,journey_purpose_of_driver,sex_of_driver,age_of_driver,age_band_of_driver,engine_capacity_cc,propulsion_code,age_of_vehicle,generic_make_model,driver_imd_decile,lsoa_of_driver,escooter_flag,driver_distance_banding
2024302401631,2024,302401631,4,9,0,9,9,8,6,0,0,0,0,0,0,0,0,2,6,6,3,-1,-1,-1,-1,-1,-1,5,E01019456,0,4
2024010487513,2024,010487513,2,9,0,99,99,9,9,99,99,9,9,99,9,99,1,9,6,6,3,-1,-1,-1,-1,-1,-1,-1,-1,0,-1
2024451517017,2024,451517017,1,9,0,-1,19,1,5,-1,0,1,0,0,0,0,-1,9,-1,6,3,-1,-1,-1,-1,-1,-1,-1,-1,0,-1
2024411463412,2024,411463412,2,1,0,-1,19,1,5,-1,0,0,0,0,0,0,2,1,-1,2,2,57,9,-1,-1,-1,-1,3,E01023957,0,1
2024361402498,2024,361402498,1,9,0,-1,19,5,1,-1,9,0,0,0,0,0,1,9,-1,6,3,-1,-1,-1,-1,-1,-1,-1,-1,0,-1
2024141469320,2024,141469320,1,1,0,-1,19,7,3,-1,0,1,5,0,0,0,1,1,-1,9,1,28,6,-1,-1,-1,-1,5,E01007953,0,1
2024161472453,2024,161472453,2,-1,0,-1,19,1,5,-1,0,1,0,0,0,0,1,1,-1,6,1,12,3,-1,-1,-1,-1,6,E01013105,1,1
2024052400125,2024,052400125,1,9,0,5,5,4,8,0,0,2,0,0,0,0,1,1,6,6,3,-1,-1,-1,-1,-1,-1,-1,-1,0,-1
2024010545232,2024,010545232,1,9,0,99,99,9,9,99,99,9,9,99,9,99,9,9,6,6,3,-1,-1,-1,-1,-1,-1,-1,-1,0,-1
2024991418849,2024,991418849,2,1,0,-1,10,8,6,-1,0,6,0,0,0,0,2,1,-1,2,2,40,7,-1,-1,-1,-1,5,-1,0,1
2024010551700,2024,010551700,2,3,0,99,99,9,9,99,99,9,9,99,9,99,9,1,6,6,3,-1,-1,-1,-1,-1,-1,-1,-1,0,-1
2024010511674,2024,010511674,1,19,0,7,7,5,8,99,99,5,0,0,0,0,2,9,6,6,3,-1,-1,-1,-1,-1,-1,-1,-1,0,-1
2024320472066,2024,320472066,2,9,0,-1,-1,6,2,0,0,3,1,0,0,0,1,1,-1,-1,1,33,6,-1,-1,-1,-1,4,E01015622,0,4
2024501491609,2024,501491609,2,9,0,-1,9,6,3,-1,0,2,0,0,0,0,0,9,-1,6,-1,-1,-1,-1,-1,-1,-1,-1,-1,0,-1
2024501419117,2024,501419117,1,9,0,-1,19,3,7,-1,0,1,0,0,0,0,1,9,-1,6,3,-1,-1,-1,-1,-1,-1,-1,-1,0,-1
2024421534878,2024,421534878,1,-1,0,-1,19,5,1,-1,99,0,0,0,0,0,9,1,-1,6,2,-1,-1,-1,-1,-1,-1,-1,-1,1,-1
2024052402261,2024,052402261,2,1,0,18,19,8,4,0,0,1,0,0,0,0,1,1,6,6,1,15,3,-1,-1,-1,-1,1,E01006442,0,1
2024531488519,2024,531488519,2,1,0,-1,5,7,3,-1,0,6,0,0,0,0,3,1,-1,6,2,58,9,-1,-1,-1,-1,-1,-1,0,-1
2024010489077,2024,010489077,1,9,0,18,19,3,7,0,0,1,0,0,0,0,4,1,6,6,1,27,6,-1,-1,-1,-1,-1,-1,0,-1
2024010498874,2024,010498874,1,1,9,99,99,9,9,99,99,9,9,99,9,99,9,1,2,2,1,30,6,-1,-1,-1,-1,3,E01002085,0,1
2024631477241,2024,631477241,2,9,0,-1,13,3,7,-1,0,0,0,0,0,0,1,1,-1,6,3,-1,-1,-1,-1,-1,-1,-1,-1,0,-1
2024351421002,2024,351421002,2,1,0,-1,19,5,1,-1,0,0,0,0,0,0,3,1,-1,7,1,15,3,-1,-1,-1,-1,8,E01018054,0,3
2024471398071,2024,471398071,1,9,0,-1,19,8,5,-1,0,4,0,0,0,0,1,1,-1,9,1,18,4,-1,-1,-1,-1,9,E01030635,0,3
2024471457546,2024,471457546,2,1,0,-1,5,1,5,-1,0,3,2,0,0,0,3,1,-1,6,1,54,8,-1,-1,-1,-1,10,E01021234,0,2
2024361487444,2024,361487444,1,9,0,-1,-1,-1,-1,-1,-1,0,-1,-1,-1,0,-1,1,-1,6,3,-1,-1,-1,-1,-1,-1,-1,-1,0,-1
2024552401292,2024,552401292,1,9,0,18,19,4,8,0,0,4,0,0,0,0,1,1,6,6,3,-1,-1,-1,-1,-1,-1,-1,-1,0,-1
2024421504382,2024,421504382,3,8,0,-1,4,4,8,-1,0,0,0,0,0,0,2,9,-1,1,3,-1,-1,-1,-1,-1,-1,-1,-1,0,-1
202460Q126146,2024,60Q126146,1,9,0,18,19,3,7,9,9,0,0,0,1,4,1,1,6,6,1,40,7,-1,-1,-1,-1,-1,-1,0,-1
2024010536092,2024,010536092,2,22,9,99,99,9,9,99,99,9,9,99,9,99,9,1,6,6,1,49,8,-1,-1,-1,-1,2,E01034471,0,1
2024631439618,2024,631439618,1,97,0,-1,19,7,2,-1,0,8,1,0,0,0,0,1,-1,9,1,60,9,-1,-1,-1,-1,5,W01000846,0,3
2024430057313,2024,430057313,2,9,0,3,3,2,6,0,0,1,0,0,0,0,2,1,6,6,1,47,8,-1,-1,-1,-1,8,E01016783,0,1
2024332400281,2024,332400281,2,1,0,-1,19,3,7,-1,0,0,0,0,0,0,1,1,-1,7,1,10,2,-1,-1,-1,-1,10,E01025709,0,1
2024522402117,2024,522402117,1,1,0,18,19,5,1,0,0,0,1,0,0,0,4,1,6,6,1,21,5,-1,-1,-1,-1,9,E01014547,0,1
2024531489460,2024,531489460,2,1,0,-1,19,4,8,-1,0,6,5,0,0,0,1,1,-1,6,1,63,9,-1,-1,-1,-1,1,E01022329,0,1
2024010488487,2024,010488487,3,9,0,18,19,7,3,0,0,1,0,0,0,0,1,1,6,6,3,-1,-1,-1,-1,-1,-1,-1,-1,0,-1
2024221511261,2024,221511261,1,1,0,-1,19,8,4,-1,0,8,0,0,0,0,1,1,-1,9,1,16,4,-1,-1,-1,-1,4,E01014206,0,1
2024010494937,2024,010494937,1,3,0,9,9,4,1,0,0,4,0,0,0,0,3,1,2,2,1,33,6,-1,-1,-1,-1,3,E01004365,0,2
2024010515522,2024,010515522,2,9,0,99,99,9,9,99,99,9,9,99,9,99,4,9,6,6,3,-1,-1,-1,-1,-1,-1,-1,-1,0,-1
2024481472341,2024,481472341,2,1,0,-1,13,5,1,-1,5,2,0,0,0,0,4,1,-1,2,2,44,7,-1,-1,-1,-1,-1,-1,0,-1
2024440315785,2024,440315785,1,1,0,18,19,4,8,0,0,1,0,0,0,0,1,1,2,2,1,43,7,-1,-1,-1,-1,3,E01022549,0,1
2024201428651,2024,201428651,1,9,0,-1,19,2,6,-1,0,1,0,0,0,0,1,9,-1,6,2,45,7,-1,-1,-1,-1,-1,-1,0,-1
2024041493583,2024,041493583,1,23,0,-1,19,1,5,-1,9,0,0,0,0,0,1,1,-1,6,1,31,6,-1,-1,-1,-1,3,E01025460,0,1
2024010499887,2024,010499887,1,1,9,99,99,9,9,99,99,1,9,99,9,99,1,1,6,6,2,30,6,-1,-1,-1,-1,2,E01003246,0,1
2024010492319,2024,010492319,4,9,0,2,2,0,0,0,0,0,0,0,0,0,2,1,6,6,3,-1,-1,-1,-1,-1,-1,-1,-1,0,-1
2024010503957,2024,010503957,2,-1,0,18,19,3,7,0,0,8,0,0,0,0,1,1,6,6,2,57,9,-1,-1,-1,-1,3,E01001239,1,1
2024010495793,2024,010495793,3,8,0,18,19,7,3,0,0,0,1,0,0,0,2,1,2,2,1,54,8,-1,-1,-1,-1,5,E01003645,0,2
2024522402204,2024,522402204,1,1,0,18,19,5,1,0,0,1,0,0,0,0,4,1,6,6,2,24,5,-1,-1,-1,-1,3,E01033903,0,1
2024061521408,2024,061521408,2,1,0,-1,19,1,5,-1,0,1,0,0,0,0,2,1,-1,6,1,45,7,-1,-1,-1,-1,7,E01006169,0,1
2024421498102,2024,421498102,1,9,0,-1,14,1,5,-1,0,1,0,0,0,0,1,1,-1,6,3,-1,-1,-1,-1,-1,-1,-1,-1,0,-1
2024320180333,2024,320180333,1,9,3,13,13,5,1,0,0,0,1,0,0,6,1,1,-1,-1,2,60,9,-1,-1,-1,-1,1,E01027131,0,4
2024991481963,2024,991481963,3,9,0,-1,19,8,4,-1,0,0,1,0,0,0,1,1,-1,2,2,26,6,-1,-1,-1,-1,5,-1,0,2
2024010488415,2024,010488415,1,3,0,99,99,9,9,99,99,9,9,99,9,99,1,1,1,1,1,36,7,-1,-1,-1,-1,3,E01001814,0,2
2024010549378,2024,010549378,1,1,9,99,99,9,9,99,99,9,9,99,9,99,2,1,6,6,2,45,7,-1,-1,-1,-1,2,E01004459,0,1
2024131529610,2024,131529610,2,22,0,-1,19,8,4,-1,9,1,0,0,0,0,1,1,-1,9,1,68,10,-1,-1,-1,-1,2,E01010665,0,1
2024141487668,2024,141487668,1,9,0,-1,19,5,1,-1,9,2,0,0,0,0,1,9,-1,6,3,-1,-1,-1,-1,-1,-1,-1,-1,0,-1
2024320546166,2024,320546166,2,1,0,-1,-1,8,4,0,0,4,0,0,0,0,1,1,6,6,2,12,3,-1,-1,-1,-1,-1,-1,0,-1
2024548726824,2024,548726824,1,9,0,18,19,1,5,0,0,0,0,0,0,0,1,1,6,6,1,59,9,-1,-1,-1,-1,6,E01031867,0,2
2024052401099,2024,052401099,1,1,0,18,19,3,7,0,0,6,0,0,0,0,1,1,6,6,1,10,2,-1,-1,-1,-1,9,E01007145,0,1
2024052402725,2024,052402725,1,9,0,18,19,6,2,0,0,0,0,0,0,0,1,1,6,6,3,-1,-1,-1,-1,-1,-1,-1,-1,0,-1
2024522403065,2024,522403065,1,90,0,9,9,5,2,0,0,5,0,0,0,0,0,1,1,1,1,38,7,-1,-1,-1,-1,1,E01014653,0,1
2024010492124,2024,010492124,1,9,0,18,19,5,1,0,0,3,0,0,0,0,4,1,6,6,1,21,5,-1,-1,-1,-1,2,E01000781,0,1
2024501404224,2024,501404224,2,9,0,-1,19,4,8,-1,0,0,0,0,0,0,3,9,-1,6,1,52,8,-1,-1,-1,-1,7,E01020318,0,1
2024531439626,2024,531439626,2,9,0,-1,4,1,5,-1,0,0,0,0,0,0,2,1,-1,9,2,35,6,-1,-1,-1,-1,6,E01022176,0,1
2024361417678,2024,361417678,2,9,0,-1,19,7,3,-1,0,0,0,0,0,0,2,1,-1,9,1,18,4,-1,-1,-1,-1,5,E01026674,0,4
2024111438150,2024,111438150,1,97,0,-1,15,3,7,-1,0,1,2,0,0,0,4,1,-1,6,3,30,6,-1,-1,-1,-1,-1,-1,0,-1
2024542864224,2024,542864224,1,1,0,18,19,1,5,0,0,1,0,0,0,0,1,1,2,2,1,51,8,-1,-1,-1,-1,8,E01015549,0,1
2024141528194,2024,141528194,2,1,0,-1,19,8,5,-1,0,4,0,0,0,0,3,1,-1,6,1,50,8,-1,-1,-1,-1,5,E01007396,0,3
2024010489492,2024,010489492,2,1,0,18,19,1,5,5,5,0,0,0,0,0,1,1,6,6,1,-1,-1,-1,-1,-1,-1,-1,-1,0,-1
2024101394711,2024,101394711,1,23,0,-1,19,1,5,-1,9,1,0,0,0,0,1,1,-1,6,1,18,4,-1,-1,-1,-1,1,E01008291,0,1
2024010512029,2024,010512029,2,1,0,18,19,3,7,9,9,0,0,0,1,11,3,1,2,2,1,33,6,-1,-1,-1,-1,8,E01001584,0,1
2024061405320,2024,061405320,1,9,0,-1,9,2,6,-1,0,5,0,0,0,0,4,9,-1,6,3,18,4,-1,-1,-1,-1,-1,-1,0,-1
2024430630439,2024,430630439,2,9,0,18,19,7,3,0,0,6,0,0,0,0,1,1,6,6,1,44,7,-1,-1,-1,-1,-1,-1,0,-1
2024411435185,2024,411435185,1,-1,0,-1,19,2,6,-1,9,0,0,0,0,0,-1,1,-1,6,1,-1,-1,-1,-1,-1,-1,-1,-1,1,-1
2024101395273,2024,101395273,1,9,0,-1,5,7,3,-1,0,0,0,0,0,0,4,9,-1,6,1,-1,-1,-1,-1,-1,-1,-1,-1,0,-1
2024311431257,2024,311431257,1,1,0,-1,12,5,1,-1,0,0,0,0,0,0,0,1,-1,1,-1,-1,-1,-1,-1,-1,-1,-1,-1,0,-1
2024501405374,2024,501405374,2,9,0,-1,19,8,4,-1,0,0,0,0,0,0,1,1,-1,6,2,51,8,-1,-1,-1,-1,4,E01020291,0,2
2024111513848,2024,111513848,2,9,0,-1,9,1,7,-1,0,1,0,0,0,0,1,1,-1,9,1,72,10,-1,-1,-1,-1,5,E01020863,0,1
2024010516628,2024,010516628,2,1,0,10,10,5,3,0,0,3,0,0,0,0,1,1,1,1,1,18,4,-1,-1,-1,-1,4,E01001995,0,1
2024320654242,2024,320654242,1,9,0,9,9,2,7,0,0,5,0,0,0,0,4,1,6,6,1,-1,-1,-1,-1,-1,-1,-1,-1,0,-1
2024451527210,2024,451527210,2,1,0,-1,5,8,4,-1,0,6,5,0,0,0,2,1,-1,6,-1,-1,-1,-1,-1,-1,-1,-1,-1,0,-1
2024332400873,2024,332400873,2,1,0,-1,19,1,5,-1,0,2,0,0,0,0,1,1,-1,7,1,12,3,-1,-1,-1,-1,1,E01013600,0,1
2024332401224,2024,332401224,2,9,0,-1,9,1,7,-1,0,6,0,0,0,0,1,1,-1,6,3,-1,-1,-1,-1,-1,-1,-1,-1,0,-1
2024010492221,2024,010492221,1,3,0,99,99,9,9,99,99,9,9,99,9,99,9,1,6,6,3,41,7,-1,-1,-1,-1,-1,-1,0,-1
2024010495655,2024,010495655,2,4,0,18,19,3,7,0,0,1,0,0,0,0,1,1,1,1,1,31,6,-1,-1,-1,-1,7,E01002226,0,3
202454B830024,2024,54B830024,2,22,0,18,19,2,6,0,0,0,5,0,0,0,2,1,6,6,2,63,9,-1,-1,-1,-1,5,E01032010,0,1
2024131463171,2024,131463171,4,9,0,-1,19,3,7,-1,0,0,0,0,0,0,1,1,-1,9,2,32,6,-1,-1,-1,-1,9,E01013251,0,4
2024440431562,2024,440431562,1,97,0,18,19,5,1,9,9,0,0,0,1,0,1,1,6,6,3,-1,-1,-1,-1,-1,-1,-1,-1,0,-1
2024010529627,2024,010529627,2,1,0,18,19,7,3,0,0,1,0,4,0,0,1,1,6,6,2,18,4,-1,-1,-1,-1,4,E01003409,0,1
2024131459456,2024,131459456,1,17,0,-1,19,1,5,-1,0,8,0,0,0,0,1,1,-1,9,2,76,11,-1,-1,-1,-1,9,E01010764,0,1
2024010538293,2024,010538293,2,1,0,18,19,1,5,4,4,1,0,0,0,0,1,1,1,1,1,27,6,-1,-1,-1,-1,3,E01035494,0,2
2024311401496,2024,311401496,1,9,0,-1,3,1,5,-1,0,7,0,0,0,0,2,1,-1,2,1,20,4,-1,-1,-1,-1,6,E01007598,0,3
2024471449540,2024,471449540,1,98,0,-1,19,4,8,-1,0,0,0,4,0,0,1,1,-1,1,1,63,9,-1,-1,-1,-1,7,E01021110,0,4
2024501485502,2024,501485502,2,9,0,-1,5,6,2,-1,0,1,0,0,0,0,1,1,-1,6,3,-1,-1,-1,-1,-1,-1,-1,-1,0,-1
2024522402117,2024,522402117,2,9,0,12,12,5,1,0,0,0,0,0,0,0,3,1,6,6,3,-1,-1,-1,-1,-1,-1,-1,-1,0,-1
2024421492417,2024,421492417,1,9,0,-1,5,5,1,-1,0,0,0,0,0,0,4,1,-1,6,1,22,5,-1,-1,-1,-1,4,E01022051,0,1
2024041500779,2024,041500779,1,1,0,-1,19,-1,-1,-1,9,1,0,0,0,0,-1,1,-1,6,3,-1,-1,-1,-1,-1,-1,-1,-1,0,-1
2024010516515,2024,010516515,2,1,0,17,19,7,3,4,4,8,0,0,0,0,1,1,6,6,1,51,8,-1,-1,-1,-1,5,E01001319,0,3
2024471531957,2024,471531957,3,99,-1,-1,9,5,3,-1,0,1,0,0,0,0,0,9,-1,6,3,-1,-1,-1,-1,-1,-1,-1,-1,0,-1
2024201448959,2024,201448959,1,9,0,-1,13,2,6,-1,0,1,0,0,0,0,1,9,-1,6,1,30,6,-1,-1,-1,-1,-1,-1,0,-1
2024610013424,2024,610013424,2,9,0,18,19,4,8,0,0,1,0,0,0,0,1,1,6,6,1,50,8,-1,-1,-1,-1,5,W01001430,0,1
2024010523941,2024,010523941,1,1,0,18,19,1,5,0,0,1,5,0,0,0,1,1,6,6,2,35,6,-1,-1,-1,-1,5,E01004580,0,1
2024430541265,2024,430541265,2,99,0,3,3,5,1,0,0,0,0,0,0,0,9,1,6,6,3,-1,-1,-1,-1,-1,-1,-1,-1,0,-1
2024461448413,2024,461448413,1,9,0,-1,9,7,4,-1,0,0,0,0,0,0,1,1,-1,9,1,85,11,-1,-1,-1,-1,9,E01024754,0,1
2024991484219,2024,991484219,2,1,0,-1,19,5,8,-1,0,1,0,0,0,0,1,1,-1,2,1,33,6,-1,-1,-1,-1,5,-1,0,1
2024302400639,2024,302400639,2,1,0,18,19,8,4,0,0,1,1,0,0,0,1,1,6,6,1,14,3,-1,-1,-1,-1,3,E01019468,0,1
202417S212024,2024,17S212024,2,1,0,-1,19,2,6,-1,0,6,0,0,0,0,1,1,-1,2,1,43,7,-1,-1,-1,-1,2,E01012216,0,1
2024052401769,2024,052401769,1,9,0,1,1,8,4,0,0,0,0,0,0,0,2,1,6,6,1,-1,-1,-1,-1,-1,-1,-1,-1,0,-1
2024351427987,2024,351427987,2,1,0,-1,19,1,5,-1,0,0,0,0,0,0,3,1,-1,6,1,75,10,-1,-1,-1,-1,6,E01020255,0,5
2024440039248,2024,440039248,2,9,0,18,19,8,4,0,0,0,0,0,1,11,1,1,6,6,1,46,8,-1,-1,-1,-1,10,E01023243,0,3
2024522500469,2024,522500469,1,1,0,12,12,8,4,0,0,1,0,0,0,0,1,1,6,6,1,26,6,-1,-1,-1,-1,2,E01014575,0,1
2024320593066,2024,320593066,2,9,0,4,4,5,1,0,0,0,0,1,1,0,1,1,1,1,1,69,10,-1,-1,-1,-1,3,E01007639,0,4
2024471405756,2024,471405756,1,9,0,-1,1,0,7,-1,0,0,0,0,0,0,2,1,-1,6,1,-1,-1,-1,-1,-1,-1,5,E01031743,0,1
2024010489588,2024,010489588,1,3,0,5,5,1,5,0,0,1,0,0,0,0,1,1,2,2,2,58,9,-1,-1,-1,-1,2,E01002069,0,1
2024131394055,2024,131394055,1,9,0,-1,19,7,3,-1,0,0,1,0,7,9,4,1,-1,9,1,27,6,-1,-1,-1,-1,5,E01011392,0,1
2024010551606,2024,010551606,2,9,9,99,99,9,9,99,99,4,9,99,9,99,9,9,6,6,3,-1,-1,-1,-1,-1,-1,-1,-1,0,-1
2024501412690,2024,501412690,1,9,0,-1,4,7,3,-1,0,6,0,0,0,0,3,9,-1,6,1,50,8,-1,-1,-1,-1,5,E01018837,0,1
2024440208523,2024,440208523,1,9,0,17,19,4,1,0,0,0,0,0,0,0,3,1,6,6,1,39,7,-1,-1,-1,-1,10,E01023276,0,1
2024451406998,2024,451406998,2,1,0,-1,19,3,1,-1,0,0,0,0,0,0,1,1,-1,9,1,10,2,-1,-1,-1,-1,4,E01030739,0,1
2024010496097,2024,010496097,2,9,0,99,99,9,9,99,99,9,9,99,9,99,9,9,6,6,3,-1,-1,-1,-1,-1,-1,5,E01003740,0,1
2024010525957,2024,010525957,1,1,9,99,99,9,9,99,99,1,9,99,9,99,1,1,6,6,1,18,4,-1,-1,-1,-1,9,E01001379,0,1
2024070254700,2024,070254700,1,9,0,18,19,5,1,0,0,2,0,0,0,0,1,1,6,6,1,82,11,-1,-1,-1,-1,3,E01018461,0,1
2024131511653,2024,131511653,1,1,0,-1,-1,-1,-1,-1,-1,0,-1,-1,-1,-1,-1,1,-1,6,3,-1,-1,-1,-1,-1,-1,-1,-1,0,-1
2024010548075,2024,010548075,1,1,9,99,99,9,9,99,99,9,9,99,9,99,9,1,2,2,1,57,9,-1,-1,-1,-1,6,E01001496,0,1
2024211474769,2024,211474769,1,9,0,-1,19,3,7,-1,0,1,0,0,0,0,1,1,-1,9,1,53,8,-1,-1,-1,-1,-1,-1,0,-1
2024010492703,2024,010492703,1,11,0,5,5,0,5,2,2,5,0,0,0,0,0,1,1,1,1,61,9,-1,-1,-1,-1,6,E01004343,0,2
2024010499174,2024,010499174,2,9,0,99,99,9,9,99,99,9,9,99,9,99,3,9,6,6,3,-1,-1,-1,-1,-1,-1,-1,-1,0,-1
2024610031624,2024,610031624,2,11,0,5,5,4,8,0,0,1,0,0,0,0,1,1,1,1,1,38,7,-1,-1,-1,-1,4,W01001405,0,3
2024122400496,2024,122400496,2,1,0,18,19,2,6,0,0,1,0,0,0,0,1,1,6,6,1,35,6,-1,-1,-1,-1,3,E01027861,0,1
2024010511310,2024,010511310,2,1,0,18,19,6,2,0,0,0,0,0,0,0,1,1,6,6,1,33,6,-1,-1,-1,-1,4,E01003102,0,2
2024430418849,2024,430418849,1,5,0,15,15,2,6,0,0,0,0,0,0,0,1,1,6,6,1,35,6,-1,-1,-1,-1,-1,-1,0,-1
2024440458255,2024,440458255,1,9,0,14,14,7,3,0,0,0,0,0,0,0,1,1,6,6,3,-1,-1,-1,-1,-1,-1,-1,-1,0,-1
2024052401946,2024,052401946,2,9,0,10,10,1,3,0,0,1,0,0,0,0,4,1,2,2,1,37,7,-1,-1,-1,-1,3,E01006533,0,2
2024010503745,2024,010503745,2,1,9,99,99,9,9,99,99,9,9,99,9,99,1,1,6,6,3,-1,-1,-1,-1,-1,-1,-1,-1,0,-1
2024010518106,2024,010518106,2,9,0,99,99,9,9,99,99,9,9,99,9,99,1,9,6,6,3,-1,-1,-1,-1,-1,-1,-1,-1,0,-1
2024010545728,2024,010545728,1,9,0,9,9,4,1,0,0,8,0,0,0,0,1,1,6,6,2,68,10,-1,-1,-1,-1,9,E01002225,0,1
2024991485444,2024,991485444,1,1,0,-1,9,3,1,-1,2,1,0,0,0,0,3,1,-1,1,1,26,6,-1,-1,-1,-1,2,-1,0,2
2024631456802,2024,631456802,4,9,0,-1,2,0,0,-1,-1,0,0,0,0,0,4,1,-1,6,-1,-1,-1,-1,-1,-1,-1,-1,-1,0,-1
2024010549799,2024,010549799,2,1,9,12,12,9,9,99,99,9,9,99,9,99,9,1,6,6,3,-1,-1,-1,-1,-1,-1,-1,-1,0,-1
2024522402624,2024,522402624,1,1,0,17,19,2,8,0,0,2,0,0,0,0,1,1,6,6,1,-1,-1,-1,-1,-1,-1,-1,-1,0,-1
2024520500024,2024,520500024,1,9,0,18,19,1,5,0,0,0,0,0,0,0,3,1,6,6,3,-1,-1,-1,-1,-1,-1,-1,-1,0,-1
2024111433062,2024,111433062,1,9,0,-1,5,7,3,-1,0,0,0,0,0,0,3,9,-1,7,1,18,4,-1,-1,-1,-1,4,E01020875,0,3
2024520401358,2024,520401358,1,9,0,4,4,7,3,0,0,0,0,0,0,0,1,1,6,6,1,20,4,-1,-1,-1,-1,6,E01029020,0,1
2024522402125,2024,522402125,1,1,0,14,14,1,5,0,0,1,0,0,0,0,3,1,6,6,1,56,9,-1,-1,-1,-1,7,W01001584,0,3
2024451465299,2024,451465299,1,1,0,-1,19,1,5,-1,0,0,0,0,0,0,3,1,-1,9,2,56,9,-1,-1,-1,-1,9,E01030453,0,1
2024010535637,2024,010535637,1,9,0,99,99,9,9,99,99,9,9,99,9,99,9,9,6,6,3,-1,-1,-1,-1,-1,-1,-1,-1,0,-1
2024430181133,2024,430181133,1,-1,0,18,19,3,7,0,0,0,0,0,0,0,3,1,6,6,1,15,3,-1,-1,-1,-1,4,E01016435,1,1
2024010505293,2024,010505293,2,1,0,18,19,1,5,0,0,1,0,0,0,0,3,1,6,6,1,36,7,-1,-1,-1,-1,1,E01001798,0,2
2024010506106,2024,010506106,1,9,0,13,13,5,1,0,0,2,0,0,0,0,1,1,6,6,1,66,10,-1,-1,-1,-1,4,E01003169,0,1
2024421407441,2024,421407441,1,9,0,-1,19,-1,-1,-1,0,0,0,0,0,0,0,1,-1,6,3,-1,-1,-1,-1,-1,-1,-1,-1,0,-1
2024041473523,2024,041473523,2,1,0,-1,19,4,8,-1,0,2,0,0,0,0,4,1,-1,9,1,73,10,-1,-1,-1,-1,9,E01025552,0,1
2024231433347,2024,231433347,2,1,0,-1,19,1,5,-1,0,0,0,0,0,0,0,1,-1,6,1,65,9,-1,-1,-1,-1,2,E01033630,0,3
2024010521245,2024,010521245,1,1,0,18,19,7,3,0,0,0,5,0,0,0,0,1,6,6,2,20,4,-1,-1,-1,-1,3,E01003942,0,1
2024552401330,2024,552401330,2,1,0,9,9,2,8,0,0,5,0,0,0,0,2,1,6,6,1,46,8,-1,-1,-1,-1,6,E01020541,0,1
2024411415395,2024,411415395,2,1,0,-1,19,5,1,-1,0,0,0,0,1,0,1,1,-1,9,1,50,8,-1,-1,-1,-1,-1,-1,0,-1
2024421426285,2024,421426285,1,-1,0,-1,19,7,3,-1,0,8,0,0,0,0,1,1,-1,6,1,38,7,-1,-1,-1,-1,3,E01015877,1,1
2024351460248,2024,351460248,2,98,1,-1,19,5,1,-1,0,8,0,0,0,0,0,1,-1,1,1,41,7,-1,-1,-1,-1,5,E01026493,0,4
2024010488487,2024,010488487,1,9,0,6,6,7,7,0,0,2,0,0,1,5,3,1,6,6,1,21,5,-1,-1,-1,-1,9,E01002516,0,2
2024010499856,2024,010499856,1,1,0,17,19,5,1,0,0,0,0,0,0,0,0,1,6,6,1,32,6,-1,-1,-1,-1,3,E01032774,0,3
2024231411609,2024,231411609,1,4,0,-1,19,4,8,-1,0,0,0,0,0,0,1,1,-1,6,1,22,5,-1,-1,-1,-1,7,E01031029,0,1
2024332400440,2024,332400440,2,19,0,-1,19,3,8,-1,0,0,0,0,1,7,1,1,-1,6,1,30,6,-1,-1,-1,-1,4,E01019844,0,4
2024332400040,2024,332400040,1,9,0,-1,7,3,5,-1,0,5,0,0,0,0,1,1,-1,6,1,-1,-1,-1,-1,-1,-1,-1,-1,0,-1
2024161417986,2024,161417986,1,1,0,-1,19,6,2,-1,0,8,0,0,0,0,4,1,-1,2,2,22,5,-1,-1,-1,-1,4,E01012767,0,1
2024211480579,2024,211480579,2,9,0,-1,9,1,8,-1,0,0,1,0,0,0,1,1,-1,1,1,-1,-1,-1,-1,-1,-1,-1,-1,0,-1
2024430000667,2024,430000667,2,9,0,18,19,7,3,0,0,1,0,0,0,0,1,1,6,6,1,50,8,-1,-1,-1,-1,7,E01016383,0,1
2024461485116,2024,461485116,1,9,0,-1,9,1,5,-1,0,0,5,4,0,0,3,1,-1,9,1,54,8,-1,-1,-1,-1,7,E01035306,0,3
2024010491219,2024,010491219,1,3,0,99,99,9,9,99,99,9,9,99,9,99,9,1,2,2,1,32,6,-1,-1,-1,-1,5,E01001085,0,1
2024010515284,2024,010515284,1,9,0,99,99,9,9,99,99,0,9,99,9,99,1,1,6,6,2,-1,-1,-1,-1,-1,-1,-1,-1,0,-1
2024052401144,2024,052401144,1,1,0,18,19,2,6,0,0,0,0,0,0,0,1,1,6,6,1,7,2,-1,-1,-1,-1,3,E01006671,0,1
2024010503297,2024,010503297,1,9,9,99,99,9,9,99,99,9,9,99,9,99,9,1,6,6,3,-1,-1,-1,-1,-1,-1,-1,-1,0,-1
2024010546281,2024,010546281,1,9,0,-1,-1,7,5,0,0,8,0,0,0,0,1,1,6,6,3,-1,-1,-1,-1,-1,-1,-1,-1,0,-1
2024451413439,2024,451413439,1,9,0,-1,19,8,4,-1,0,0,0,0,4,6,1,1,-1,9,1,21,5,-1,-1,-1,-1,9,E01030978,0,3
2024461414150,2024,461414150,2,9,0,-1,19,1,5,-1,0,0,0,0,0,0,3,9,-1,2,2,65,9,-1,-1,-1,-1,10,E01024443,0,3
2024010513880,2024,010513880,1,4,0,18,19,1,5,0,0,0,0,0,0,0,2,1,6,6,1,28,6,-1,-1,-1,-1,5,E01030725,0,3
2024340NN0452,2024,340NN0452,1,9,0,-1,9,2,8,-1,0,5,0,0,0,0,1,1,-1,6,1,-1,-1,-1,-1,-1,-1,-1,-1,0,-1
2024991518219,2024,991518219,2,1,0,-1,5,7,3,-1,0,4,0,0,0,0,1,1,-1,6,1,46,8,-1,-1,-1,-1,2,-1,0,3
2024052401463,2024,052401463,1,8,0,5,5,2,5,0,0,1,0,0,0,0,1,1,6,6,3,-1,-1,-1,-1,-1,-1,-1,-1,0,-1