collision_index,collision_year,collision_ref_no,vehicle_reference,vehicle_type,towing_and_articulation,vehicle_manoeuvre_historic,vehicle_manoeuvre,vehicle_direction_from,vehicle_direction_to,vehicle_location_restricted_lane_historic,vehicle_location_restricted_lane,junction_location,skidding_and_overturning,hit_object_in_carriageway,vehicle_leaving_carriageway,hit_object_off_carriageway,first_point_of_impact,vehicle_left_hand_drive,journey_purpose_of_driver_historic,journey_purpose_of_driver,sex_of_driver,age_of_driver,age_band_of_driver,engine_capacity_cc,propulsion_code,age_of_vehicle,generic_make_model,driver_imd_decile,lsoa_of_driver,escooter_flag,driver_distance_banding
2024361404413,2024,361404413,1,9,0,-1,19,6,2,-1,0,0,2,0,7,10,4,1,-1,7,2,20,4,-1,-1,-1,-1,6,E01026462,0,1
2024061410305,2024,061410305,2,9,0,-1,14,7,3,-1,0,0,0,0,8,0,1,1,-1,2,2,55,8,-1,-1,-1,-1,10,E01006124,0,1
2024231524345,2024,231524345,1,9,0,-1,19,2,6,-1,0,0,1,0,1,11,1,1,-1,9,2,24,5,-1,-1,-1,-1,7,E01031303,0,3
2024010543111,2024,010543111,2,9,0,3,3,5,1,0,0,2,0,0,0,0,2,1,6,6,1,27,6,-1,-1,-1,-1,7,E01024124,0,4
2024010528907,2024,010528907,1,9,0,17,19,5,1,0,0,0,0,10,1,0,1,1,6,6,3,-1,-1,-1,-1,-1,-1,-1,-1,0,-1
2024201458862,2024,201458862,1,21,0,-1,5,7,3,-1,0,0,0,10,1,0,1,2,-1,1,1,57,9,-1,-1,-1,-1,-1,-1,0,-1
2024430177217,2024,430177217,1,9,0,18,19,8,4,9,9,8,0,0,0,0,3,1,1,1,1,42,7,-1,-1,-1,-1,3,E01023310,0,4
2024361517556,2024,361517556,1,9,0,-1,19,3,7,-1,0,6,1,0,0,0,1,9,-1,6,3,-1,-1,-1,-1,-1,-1,-1,-1,0,-1
2024541837524,2024,541837524,1,9,0,16,19,4,8,0,0,0,1,0,7,0,1,1,2,2,1,36,7,-1,-1,-1,-1,10,E01031948,0,3
2024430029369,2024,430029369,2,9,0,18,19,8,4,0,0,1,0,0,0,0,1,1,6,6,1,-1,-1,-1,-1,-1,-1,-1,-1,0,-1
2024440371203,2024,440371203,2,9,0,5,5,1,5,0,0,1,0,0,0,0,1,1,6,6,1,54,8,-1,-1,-1,-1,7,E01020465,0,4
2024010505436,2024,010505436,2,8,0,99,99,9,9,99,99,5,9,99,9,99,2,9,6,6,3,-1,-1,-1,-1,-1,-1,-1,-1,0,-1
2024430255551,2024,430255551,1,9,0,18,19,1,5,0,0,4,0,0,0,0,3,1,6,6,1,60,9,-1,-1,-1,-1,6,E01016530,0,3
2024031429303,2024,031429303,1,9,0,-1,19,7,2,-1,0,0,2,0,8,4,3,1,-1,9,1,18,4,-1,-1,-1,-1,4,E01027485,0,3
2024041468920,2024,041468920,1,98,0,-1,19,4,8,-1,0,0,0,0,0,0,2,9,-1,6,1,39,7,-1,-1,-1,-1,3,E01024926,0,2
2024010487678,2024,010487678,2,9,0,18,19,7,3,0,0,1,0,0,0,0,1,1,6,6,1,59,9,-1,-1,-1,-1,9,E01003384,0,1
2024061435488,2024,061435488,2,9,0,-1,2,0,0,-1,0,1,0,0,1,11,2,1,-1,6,1,36,7,-1,-1,-1,-1,5,E01004833,0,1
2024991447547,2024,991447547,2,9,0,-1,19,2,6,-1,0,0,0,0,1,0,1,1,-1,9,1,76,11,-1,-1,-1,-1,5,-1,0,2
2024010501625,2024,010501625,1,90,9,99,99,9,9,99,99,0,9,99,9,99,9,9,6,6,3,-1,-1,-1,-1,-1,-1,-1,-1,0,-1
2024161480910,2024,161480910,2,1,0,-1,19,6,2,-1,0,1,0,0,0,0,1,1,-1,6,1,32,6,-1,-1,-1,-1,2,E01012763,0,1
2024010520679,2024,010520679,2,19,0,99,99,9,9,99,99,1,9,99,9,99,9,9,6,6,3,-1,-1,-1,-1,-1,-1,-1,-1,0,-1
2024411399887,2024,411399887,1,19,0,-1,19,5,8,-1,0,0,2,0,4,0,1,1,-1,6,1,-1,-1,-1,-1,-1,-1,4,E01023925,0,3
2024010516132,2024,010516132,1,1,9,99,99,9,9,99,99,9,9,99,9,99,9,1,2,2,1,45,7,-1,-1,-1,-1,3,E01004573,0,1
2024010520534,2024,010520534,2,1,0,18,19,1,5,0,0,0,2,0,0,0,0,1,1,1,1,33,6,-1,-1,-1,-1,4,E01001756,0,1
2024430583134,2024,430583134,2,9,0,6,6,5,5,0,0,0,0,0,0,0,3,1,6,6,1,-1,-1,-1,-1,-1,-1,-1,-1,0,-1
2024122500253,2024,122500253,1,1,0,18,19,6,1,0,0,8,0,0,0,0,1,1,4,7,2,9,2,-1,-1,-1,-1,2,E01013399,0,1
2024201497740,2024,201497740,2,1,0,-1,19,3,7,-1,0,1,0,0,0,0,2,1,-1,6,1,17,4,-1,-1,-1,-1,1,E01010107,0,3
2024070898731,2024,070898731,1,1,0,-1,9,5,1,-1,0,0,0,0,0,0,3,1,-1,6,1,85,11,-1,-1,-1,-1,10,E01019727,0,4
2024481561231,2024,481561231,2,1,0,-1,15,5,1,-1,0,1,0,0,0,0,1,1,-1,9,2,28,6,-1,-1,-1,-1,-1,-1,0,-1
2024010490357,2024,010490357,2,9,0,99,99,9,9,99,99,9,9,99,9,99,1,9,6,6,3,-1,-1,-1,-1,-1,-1,-1,-1,0,-1
2024622400833,2024,622400833,1,9,0,18,19,6,2,0,0,2,0,0,0,0,1,1,6,6,2,71,10,-1,-1,-1,-1,3,W01001071,0,1
2024201523209,2024,201523209,2,1,0,-1,19,6,2,-1,0,8,0,0,0,0,3,1,-1,6,1,31,6,-1,-1,-1,-1,1,E01009502,0,1
2024131405678,2024,131405678,1,9,0,-1,-1,-1,-1,-1,-1,-1,-1,-1,-1,-1,-1,1,-1,6,3,-1,-1,-1,-1,-1,-1,-1,-1,0,-1
2024501474448,2024,501474448,1,1,0,-1,19,3,7,-1,0,8,5,0,0,0,2,1,-1,2,1,32,6,-1,-1,-1,-1,2,E01019990,0,1
2024520402342,2024,520402342,1,19,0,18,19,3,6,0,0,0,0,0,0,0,1,1,6,6,1,66,10,-1,-1,-1,-1,5,E01035132,0,1
2024101485965,2024,101485965,3,19,0,-1,2,3,3,-1,-1,0,0,0,0,0,0,1,-1,6,3,-1,-1,-1,-1,-1,-1,-1,-1,0,-1
2024131515932,2024,131515932,2,9,0,-1,19,1,5,-1,0,1,0,0,0,0,-1,1,-1,6,3,-1,-1,-1,-1,-1,-1,-1,-1,0,-1
2024010541396,2024,010541396,1,19,0,18,19,7,3,0,0,8,0,0,0,0,1,1,6,6,3,-1,-1,-1,-1,-1,-1,-1,-1,0,-1
2024522402426,2024,522402426,2,9,0,18,19,4,8,0,0,1,0,0,0,0,1,1,6,6,2,-1,-1,-1,-1,-1,-1,-1,-1,0,-1
2024070319916,2024,070319916,2,1,0,9,9,2,8,0,0,3,0,0,0,0,4,1,6,6,2,27,6,-1,-1,-1,-1,8,E01006345,0,1
2024161452066,2024,161452066,1,1,0,-1,19,2,4,-1,0,1,0,0,0,0,3,1,-1,6,2,49,8,-1,-1,-1,-1,9,E01013251,0,3
2024461526645,2024,461526645,1,9,0,-1,19,7,3,-1,0,1,0,0,0,0,3,9,-1,6,2,-1,-1,-1,-1,-1,-1,8,E01024652,0,1
2024552400876,2024,552400876,1,9,0,9,9,7,5,0,0,6,0,0,0,0,4,1,6,6,3,-1,-1,-1,-1,-1,-1,-1,-1,0,-1
2024101502889,2024,101502889,1,9,0,-1,19,2,6,-1,-1,0,0,0,0,0,4,1,-1,6,3,30,6,-1,-1,-1,-1,-1,-1,0,-1
2024010502839,2024,010502839,1,1,9,99,99,9,9,99,99,9,9,99,9,99,2,1,1,1,1,31,6,-1,-1,-1,-1,2,E01001802,0,1
2024010488612,2024,010488612,1,9,0,16,19,5,1,0,0,0,1,0,0,0,1,1,6,6,1,19,4,-1,-1,-1,-1,3,E01004295,0,2
2024320636698,2024,320636698,2,1,0,-1,-1,3,7,0,0,2,0,4,0,0,1,1,-1,-1,1,34,6,-1,-1,-1,-1,3,E01026124,0,1
2024010521689,2024,010521689,2,9,9,99,99,9,9,99,99,6,9,99,9,99,9,1,6,6,1,-1,-1,-1,-1,-1,-1,4,E01003532,0,1
2024010499465,2024,010499465,2,3,0,18,19,3,7,0,0,1,0,8,0,0,3,1,1,1,2,35,6,-1,-1,-1,-1,1,E01002036,0,2
2024010496866,2024,010496866,1,9,0,99,99,9,9,99,99,9,9,99,9,99,9,9,6,6,1,54,8,-1,-1,-1,-1,7,W01001017,0,5
2024302400503,2024,302400503,1,9,0,18,19,3,7,0,0,0,0,0,0,0,1,1,6,6,3,-1,-1,-1,-1,-1,-1,5,E01019456,0,3
2024302400176,2024,302400176,1,19,0,9,9,6,4,0,0,1,0,0,0,0,2,1,1,1,1,69,10,-1,-1,-1,-1,5,E01019723,0,1
2024320732359,2024,320732359,2,1,0,10,10,2,8,0,0,1,0,0,0,0,3,1,6,6,2,68,10,-1,-1,-1,-1,3,E01026064,0,1
2024311452447,2024,311452447,1,9,0,-1,19,3,7,-1,0,0,0,0,0,0,1,1,-1,6,1,20,4,-1,-1,-1,-1,-1,-1,0,-1
2024010502056,2024,010502056,1,1,9,99,99,9,9,99,99,9,9,99,9,99,9,1,2,2,1,26,6,-1,-1,-1,-1,2,E01004541,0,1
2024440073773,2024,440073773,1,-1,0,18,19,7,3,0,0,0,0,0,0,0,2,1,6,6,1,14,3,-1,-1,-1,-1,2,E01017051,1,1
2024010536467,2024,010536467,2,23,9,99,99,9,9,99,99,9,9,12,9,99,9,1,6,6,1,-1,-1,-1,-1,-1,-1,5,E01000728,0,1
2024010493657,2024,010493657,2,20,0,18,19,5,1,0,0,0,0,0,0,0,1,9,6,6,1,-1,-1,-1,-1,-1,-1,3,E01001143,0,3
2024311492828,2024,311492828,1,9,-1,-1,19,5,1,-1,0,0,0,0,0,0,4,9,-1,6,3,-1,-1,-1,-1,-1,-1,-1,-1,0,-1
2024061413506,2024,061413506,1,23,0,-1,19,3,7,-1,0,1,0,0,0,0,1,1,-1,6,1,16,4,-1,-1,-1,-1,2,E01006253,0,1
2024010503681,2024,010503681,2,1,9,99,99,9,9,99,99,9,9,99,9,99,1,1,6,6,3,-1,-1,-1,-1,-1,-1,-1,-1,0,-1
2024010514065,2024,010514065,1,19,0,6,6,1,1,0,0,0,0,0,0,0,2,1,6,6,1,25,5,-1,-1,-1,-1,-1,-1,0,-1
2024010497170,2024,010497170,2,1,0,17,19,7,3,4,4,1,0,0,0,0,1,1,2,2,1,40,7,-1,-1,-1,-1,6,E01004370,0,2
2024010506862,2024,010506862,2,1,0,9,9,4,1,0,0,8,0,0,0,0,1,1,6,6,1,30,6,-1,-1,-1,-1,5,E01003067,0,1
2024071047868,2024,071047868,2,1,0,-1,19,4,8,-1,0,8,0,0,0,0,1,1,-1,6,1,33,6,-1,-1,-1,-1,8,E01018673,0,1
2024231406707,2024,231406707,1,9,0,-1,19,6,2,-1,0,8,0,0,0,0,1,9,-1,6,3,38,7,-1,-1,-1,-1,-1,-1,0,-1
2024421495334,2024,421495334,2,1,0,-1,-1,-1,-1,-1,-1,-1,-1,-1,-1,0,-1,1,-1,6,1,10,2,-1,-1,-1,-1,4,E01022024,0,1
2024010522546,2024,010522546,2,9,9,99,99,9,9,99,99,9,9,99,9,99,9,9,6,6,3,-1,-1,-1,-1,-1,-1,-1,-1,0,-1
2024010519969,2024,010519969,2,19,0,99,99,9,9,99,99,9,9,99,9,99,1,9,6,6,3,-1,-1,-1,-1,-1,-1,-1,-1,0,-1
2024421422268,2024,421422268,2,1,0,-1,5,6,2,-1,0,0,0,0,0,0,3,1,-1,6,2,55,8,-1,-1,-1,-1,9,E01021692,0,1
2024522401874,2024,522401874,1,-1,0,17,19,5,2,0,0,8,0,0,0,0,1,1,6,6,1,21,5,-1,-1,-1,-1,4,E01007675,1,5
2024421495856,2024,421495856,2,1,0,-1,9,1,7,-1,0,0,2,0,0,0,-1,1,-1,9,1,20,4,-1,-1,-1,-1,4,E01021984,0,1
2024320444315,2024,320444315,1,1,0,-1,-1,6,2,0,0,1,5,0,0,0,0,1,-1,-1,1,44,7,-1,-1,-1,-1,6,E01026266,0,1
2024440034254,2024,440034254,2,1,0,18,19,7,3,0,0,8,0,0,0,0,4,1,6,6,1,13,3,-1,-1,-1,-1,8,E01022786,0,1
2024061528356,2024,061528356,1,1,0,-1,19,-1,-1,-1,0,9,0,0,0,0,3,1,-1,2,1,23,5,-1,-1,-1,-1,2,E01006030,0,1
2024430146590,2024,430146590,2,9,0,5,5,2,6,9,9,8,0,0,0,0,1,1,6,6,1,-1,-1,-1,-1,-1,-1,8,E01028772,0,1
2024351531155,2024,351531155,2,1,-1,-1,-1,-1,-1,-1,-1,-1,-1,-1,-1,0,-1,1,-1,2,2,38,7,-1,-1,-1,-1,8,E01015682,0,1
2024041464718,2024,041464718,1,1,0,-1,19,-1,-1,-1,0,0,0,0,0,0,-1,1,-1,6,3,-1,-1,-1,-1,-1,-1,-1,-1,0,-1
2024061502769,2024,061502769,1,1,0,-1,99,-1,-1,-1,99,0,9,99,0,0,3,1,-1,9,1,7,2,-1,-1,-1,-1,1,E01005653,0,1
2024010529046,2024,010529046,2,9,0,99,99,9,9,99,99,0,9,99,9,99,9,9,6,6,3,-1,-1,-1,-1,-1,-1,-1,-1,0,-1
2024501405809,2024,501405809,2,9,0,-1,19,7,3,-1,0,1,0,0,0,0,1,9,-1,6,3,-1,-1,-1,-1,-1,-1,-1,-1,0,-1
2024501399073,2024,501399073,1,9,0,-1,19,3,7,-1,0,0,0,0,0,0,1,1,-1,1,1,52,8,-1,-1,-1,-1,5,E01034642,0,4
2024201525373,2024,201525373,1,19,0,-1,19,5,1,-1,0,0,0,0,0,0,1,1,-1,6,1,30,6,-1,-1,-1,-1,-1,-1,0,-1
2024361397449,2024,361397449,1,19,-1,-1,-1,7,3,-1,-1,0,-1,-1,-1,0,-1,1,-1,6,3,-1,-1,-1,-1,-1,-1,-1,-1,0,-1
2024122400830,2024,122400830,2,8,0,17,19,8,4,0,0,0,0,0,0,0,1,1,1,1,1,56,9,-1,-1,-1,-1,2,E01010728,0,1
2024061420574,2024,061420574,2,1,0,-1,19,6,2,-1,0,-1,-1,-1,-1,0,3,1,-1,2,2,30,6,-1,-1,-1,-1,5,E01005268,0,1
2024520001192,2024,520001192,1,3,0,18,19,7,3,0,0,0,0,0,0,0,0,1,6,6,3,-1,-1,-1,-1,-1,-1,-1,-1,0,-1
2024461474641,2024,461474641,1,9,0,-1,19,5,3,-1,0,0,0,0,0,0,1,9,-1,6,3,-1,-1,-1,-1,-1,-1,-1,-1,0,-1
2024421517907,2024,421517907,2,9,0,-1,3,3,7,-1,0,0,0,0,0,0,2,1,-1,9,1,36,7,-1,-1,-1,-1,4,E01021834,0,1
2024332400349,2024,332400349,2,9,0,-1,13,2,6,-1,0,8,0,0,0,0,1,1,-1,6,3,-1,-1,-1,-1,-1,-1,-1,-1,0,-1
2024461410475,2024,461410475,3,9,0,-1,2,0,0,-1,9,0,0,0,0,0,1,1,-1,6,-1,-1,-1,-1,-1,-1,-1,-1,-1,0,-1
2024440285578,2024,440285578,1,1,0,18,19,6,2,9,9,0,0,0,0,0,1,1,1,1,1,-1,-1,-1,-1,-1,-1,-1,-1,0,-1
2024552400087,2024,552400087,2,9,0,18,19,2,6,0,0,8,0,0,0,0,1,1,1,1,1,27,6,-1,-1,-1,-1,3,E01035444,0,4
2024131482449,2024,131482449,1,9,0,-1,5,1,5,-1,0,8,0,0,0,0,-1,1,-1,6,3,-1,-1,-1,-1,-1,-1,-1,-1,0,-1
2024991512892,2024,991512892,2,1,0,-1,9,3,8,-1,0,4,0,0,0,0,1,1,-1,9,1,41,7,-1,-1,-1,-1,6,-1,0,1
2024010544911,2024,010544911,1,1,9,99,99,9,9,99,99,9,9,99,9,99,2,1,1,1,2,37,7,-1,-1,-1,-1,9,E01004155,0,1
2024010497174,2024,010497174,2,9,0,99,99,9,9,99,99,0,9,99,9,99,0,9,6,6,3,-1,-1,-1,-1,-1,-1,-1,-1,0,-1
2024131433265,2024,131433265,1,9,0,-1,15,5,1,-1,0,0,0,0,0,0,1,1,-1,6,-1,-1,-1,-1,-1,-1,-1,-1,-1,0,-1
2024401466763,2024,401466763,1,9,0,-1,3,4,7,-1,0,4,0,0,0,0,1,1,-1,9,1,20,4,-1,-1,-1,-1,4,E01017482,0,1
2024131423761,2024,131423761,1,19,0,-1,19,3,7,-1,0,0,0,0,0,0,1,1,-1,2,1,37,7,-1,-1,-1,-1,4,E01034956,0,2
2024201456113,2024,201456113,3,9,0,-1,19,8,4,-1,0,3,0,0,0,0,1,9,-1,6,3,-1,-1,-1,-1,-1,-1,-1,-1,0,-1
2024320237020,2024,320237020,1,1,0,-1,-1,2,6,0,0,6,5,0,1,0,4,1,-1,-1,2,58,9,-1,-1,-1,-1,4,E01026271,0,1
2024522401182,2024,522401182,1,9,0,18,19,4,8,0,0,0,0,0,0,0,1,1,6,6,3,-1,-1,-1,-1,-1,-1,-1,-1,0,-1
2024549892224,2024,549892224,1,9,0,5,5,8,4,0,0,0,0,0,0,0,1,1,6,6,1,-1,-1,-1,-1,-1,-1,-1,-1,0,-1
2024131472450,2024,131472450,2,1,0,-1,5,1,7,-1,0,1,0,0,0,0,3,1,-1,9,2,24,5,-1,-1,-1,-1,1,E01010610,0,1
2024101449225,2024,101449225,2,1,0,-1,19,7,3,-1,0,1,0,0,0,0,4,1,-1,6,1,61,9,-1,-1,-1,-1,2,E01008840,0,1
2024161401690,2024,161401690,1,2,0,-1,19,5,1,-1,4,1,0,0,0,0,1,1,-1,6,1,47,8,-1,-1,-1,-1,6,E01012953,0,2
202460Q153178,2024,60Q153178,2,9,0,4,4,5,1,0,0,4,0,0,0,0,2,1,6,6,1,59,9,-1,-1,-1,-1,-1,-1,0,-1
2024010507712,2024,010507712,2,9,9,18,19,5,1,8,6,6,0,11,1,99,1,9,6,6,3,-1,-1,-1,-1,-1,-1,-1,-1,0,-1
2024991474872,2024,991474872,2,5,0,-1,19,1,5,-1,0,1,0,0,0,0,1,1,-1,6,1,55,8,-1,-1,-1,-1,10,-1,0,1
2024440331748,2024,440331748,1,23,0,18,19,5,1,0,0,0,0,10,0,0,4,1,2,2,2,25,5,-1,-1,-1,-1,9,E01017232,0,1
2024520001632,2024,520001632,1,-1,0,18,19,4,8,0,0,0,0,0,0,0,9,1,6,6,1,47,8,-1,-1,-1,-1,1,E01014536,1,1
2024531492163,2024,531492163,2,1,0,-1,19,4,8,-1,0,2,2,0,0,0,2,1,-1,7,1,11,3,-1,-1,-1,-1,9,E01022129,0,1
2024052400452,2024,052400452,1,9,0,18,19,2,6,0,0,8,0,0,0,0,1,1,6,6,3,-1,-1,-1,-1,-1,-1,-1,-1,0,-1
2024131405578,2024,131405578,1,9,0,-1,-1,-1,-1,-1,-1,-1,-1,-1,-1,0,-1,1,-1,6,3,-1,-1,-1,-1,-1,-1,-1,-1,0,-1
2024122400813,2024,122400813,1,1,0,18,19,7,3,0,0,0,0,0,0,0,1,1,6,6,1,82,11,-1,-1,-1,-1,9,E01012335,0,3
2024991514890,2024,991514890,1,9,0,-1,7,1,3,-1,0,8,0,0,0,0,4,9,-1,6,2,35,6,-1,-1,-1,-1,-1,-1,0,-1
2024061416949,2024,061416949,2,9,0,-1,19,5,2,-1,0,0,0,0,0,0,4,1,-1,1,1,32,6,-1,-1,-1,-1,4,E01005254,0,3
2024161443127,2024,161443127,1,19,0,-1,4,7,3,-1,0,0,0,0,0,0,4,9,-1,6,1,52,8,-1,-1,-1,-1,3,E01012963,0,2
2024320349501,2024,320349501,2,8,0,-1,-1,2,6,0,0,0,0,0,0,0,1,1,1,1,1,48,8,-1,-1,-1,-1,1,E01026114,0,1
2024010551482,2024,010551482,1,97,0,4,4,5,1,0,0,0,0,11,0,0,2,1,6,6,3,-1,-1,-1,-1,-1,-1,-1,-1,0,-1
2024320065488,2024,320065488,1,9,0,-1,-1,2,6,0,0,0,0,0,0,0,4,1,6,6,3,-1,-1,-1,-1,-1,-1,-1,-1,0,-1
2024010536985,2024,010536985,1,1,9,99,99,9,9,99,99,9,9,99,9,99,9,1,6,6,1,40,7,-1,-1,-1,-1,4,E01002558,0,1
2024131514135,2024,131514135,1,9,0,-1,-1,-1,-1,-1,-1,8,-1,-1,-1,0,-1,1,-1,6,3,-1,-1,-1,-1,-1,-1,-1,-1,0,-1
2024070436268,2024,070436268,2,1,0,18,19,2,6,0,0,0,0,0,0,0,4,1,6,6,2,49,8,-1,-1,-1,-1,6,E01005836,0,1
2024010546958,2024,010546958,1,1,5,99,99,9,9,99,99,9,9,99,9,99,9,1,6,6,3,43,7,-1,-1,-1,-1,4,E01004643,0,1
2024451494986,2024,451494986,1,1,0,-1,19,1,5,-1,0,1,0,0,0,0,1,1,-1,7,1,12,3,-1,-1,-1,-1,9,E01030334,0,1
2024311454048,2024,311454048,1,9,0,-1,13,4,8,-1,0,3,0,0,0,0,3,9,-1,6,3,40,7,-1,-1,-1,-1,-1,-1,0,-1
2024430438312,2024,430438312,1,9,0,14,14,1,5,0,0,0,0,0,0,0,1,1,6,6,3,-1,-1,-1,-1,-1,-1,-1,-1,0,-1
2024471485167,2024,471485167,1,9,0,-1,3,5,1,-1,0,1,0,0,0,0,2,2,-1,9,1,40,7,-1,-1,-1,-1,5,E01031595,0,1
2024010531516,2024,010531516,1,9,0,99,99,9,9,99,99,9,9,99,9,99,9,9,1,1,1,27,6,-1,-1,-1,-1,4,E01000639,0,1
2024052400638,2024,052400638,1,9,0,18,19,7,3,0,0,1,0,0,0,0,1,1,6,6,1,42,7,-1,-1,-1,-1,1,E01007010,0,2
2024010496335,2024,010496335,4,9,0,2,2,0,0,0,0,1,0,0,0,0,4,1,6,6,3,-1,-1,-1,-1,-1,-1,-1,-1,0,-1
2024010538371,2024,010538371,1,9,0,3,3,5,1,0,0,1,0,0,0,0,3,1,6,6,3,-1,-1,-1,-1,-1,-1,-1,-1,0,-1
2024010537750,2024,010537750,2,9,0,99,99,9,9,99,99,9,9,99,9,99,1,9,6,6,3,34,6,-1,-1,-1,-1,-1,-1,0,-1
2024131403253,2024,131403253,1,9,0,-1,19,1,5,-1,0,8,0,0,0,0,1,1,-1,1,1,21,5,-1,-1,-1,-1,2,E01010715,0,3
2024010500553,2024,010500553,2,9,9,99,99,9,9,99,99,9,9,99,9,99,9,9,6,6,3,-1,-1,-1,-1,-1,-1,-1,-1,0,-1
2024061521946,2024,061521946,1,9,-1,-1,-1,-1,-1,-1,-1,-1,-1,-1,-1,0,-1,9,-1,6,1,-1,-1,-1,-1,-1,-1,-1,-1,0,-1
2024340WN6692,2024,340WN6692,2,1,0,-1,19,3,7,-1,0,0,0,0,0,0,4,1,-1,9,1,10,2,-1,-1,-1,-1,-1,-1,0,-1
2024010539523,2024,010539523,2,1,9,99,99,9,9,99,99,9,9,99,9,99,1,1,2,2,1,26,6,-1,-1,-1,-1,4,E01034183,0,1
2024010488357,2024,010488357,1,9,0,16,19,5,1,0,0,0,0,0,0,0,1,1,6,6,2,67,10,-1,-1,-1,-1,9,E01000409,0,1
2024061456169,2024,061456169,2,19,0,-1,19,1,5,-1,0,5,0,0,0,0,1,1,-1,6,3,-1,-1,-1,-1,-1,-1,-1,-1,0,-1
2024010546324,2024,010546324,2,9,9,99,99,9,9,99,99,9,9,99,9,99,9,9,6,6,3,-1,-1,-1,-1,-1,-1,-1,-1,0,-1
2024201531213,2024,201531213,1,20,0,-1,5,0,5,-1,9,1,0,0,0,0,2,9,-1,1,1,40,7,-1,-1,-1,-1,-1,-1,0,-1
2024161479109,2024,161479109,1,19,0,-1,19,1,5,-1,0,0,0,0,0,0,1,9,-1,6,1,-1,-1,-1,-1,-1,-1,-1,-1,0,-1
2024010503205,2024,010503205,2,11,9,99,99,9,9,99,99,9,9,99,9,99,9,9,6,6,3,-1,-1,-1,-1,-1,-1,-1,-1,0,-1
2024552401527,2024,552401527,2,9,0,18,19,3,7,0,0,8,0,0,1,0,1,1,6,6,1,73,10,-1,-1,-1,-1,6,E01023023,0,4
2024052400704,2024,052400704,1,8,0,5,5,8,4,0,0,0,0,0,0,0,3,1,1,1,3,-1,-1,-1,-1,-1,-1,-1,-1,0,-1
2024461462479,2024,461462479,1,20,0,-1,19,5,1,-1,0,0,0,0,0,0,1,1,-1,1,1,57,9,-1,-1,-1,-1,-1,-1,0,-1
2024010488855,2024,010488855,2,1,0,15,15,7,3,0,0,1,0,0,0,0,1,1,2,2,1,26,6,-1,-1,-1,-1,2,E01003921,0,1
2024010548870,2024,010548870,2,1,0,7,7,5,7,4,4,1,0,0,1,0,1,1,1,1,1,25,5,-1,-1,-1,-1,6,E01001573,0,1
2024010518302,2024,010518302,1,1,9,99,99,9,9,99,99,9,9,99,9,99,2,1,2,2,2,62,9,-1,-1,-1,-1,9,E01030705,0,2
2024070822644,2024,070822644,1,9,9,-1,4,6,2,-1,0,1,0,0,0,0,4,9,-1,6,1,40,7,-1,-1,-1,-1,-1,-1,0,-1
2024010526080,2024,010526080,1,1,9,99,99,9,9,99,99,9,9,99,9,99,1,1,2,2,1,34,6,-1,-1,-1,-1,10,E01004120,0,2
2024010539489,2024,010539489,2,1,0,14,14,1,5,9,9,1,5,0,0,0,3,1,6,6,3,25,5,-1,-1,-1,-1,2,E01001900,0,1
2024430019401,2024,430019401,2,9,0,18,19,5,1,0,0,8,0,0,0,0,1,1,6,6,1,53,8,-1,-1,-1,-1,10,E01016526,0,4
2024631527268,2024,631527268,2,9,0,-1,19,1,5,-1,0,0,1,0,1,11,3,1,-1,9,1,56,9,-1,-1,-1,-1,7,W01000453,0,4
2024520402064,2024,520402064,1,9,4,18,19,2,6,0,0,0,0,0,0,0,1,1,6,6,1,57,9,-1,-1,-1,-1,6,E01020243,0,4
2024010503524,2024,010503524,1,2,9,99,99,9,9,99,99,9,9,99,9,99,9,1,6,6,3,-1,-1,-1,-1,-1,-1,-1,-1,0,-1
2024010514793,2024,010514793,1,1,9,18,19,3,7,0,0,0,9,0,0,0,1,1,6,6,1,48,8,-1,-1,-1,-1,8,E01000714,0,1
2024010547428,2024,010547428,1,1,9,99,99,9,9,99,99,9,9,99,9,99,9,1,2,2,2,38,7,-1,-1,-1,-1,2,E01001732,0,1
2024552401217,2024,552401217,2,9,0,3,3,8,4,0,0,0,0,0,0,0,2,1,6,6,1,57,9,-1,-1,-1,-1,7,E01020357,0,4
2024430339996,2024,430339996,1,23,0,18,19,6,2,0,0,8,0,0,0,0,3,1,6,6,1,21,5,-1,-1,-1,-1,9,E01016276,0,2
2024451461840,2024,451461840,1,1,0,-1,4,3,2,-1,0,5,0,0,0,0,2,1,-1,9,2,33,6,-1,-1,-1,-1,7,E01030927,0,3
2024201488435,2024,201488435,2,1,0,-1,19,6,2,-1,9,0,0,0,0,0,3,1,-1,6,1,64,9,-1,-1,-1,-1,1,E01010408,0,1
2024440454138,2024,440454138,2,1,0,18,19,1,5,0,0,1,0,0,0,0,3,1,6,6,2,16,4,-1,-1,-1,-1,8,E01022958,0,1
2024351482676,2024,351482676,2,1,0,-1,19,7,5,-1,0,1,0,0,0,0,0,1,-1,1,1,54,8,-1,-1,-1,-1,6,E01018052,0,1
202460Q010228,2024,60Q010228,1,9,0,18,19,3,7,0,0,0,0,0,0,0,4,1,6,6,3,-1,-1,-1,-1,-1,-1,-1,-1,0,-1
2024010493573,2024,010493573,1,9,0,18,19,7,3,0,0,2,0,4,7,2,1,1,6,6,1,31,6,-1,-1,-1,-1,7,E01035490,0,1
2024010526644,2024,010526644,2,1,0,9,9,6,4,9,9,8,0,0,0,0,1,1,6,6,2,23,5,-1,-1,-1,-1,2,E01001735,0,1
2024010490848,2024,010490848,2,9,0,99,99,9,9,99,99,6,9,99,9,99,9,9,6,6,3,-1,-1,-1,-1,-1,-1,-1,-1,0,-1
2024131502061,2024,131502061,1,19,0,-1,-1,-1,-1,-1,-1,-1,-1,-1,-1,-1,-1,1,-1,6,3,-1,-1,-1,-1,-1,-1,-1,-1,0,-1
2024201413505,2024,201413505,2,9,0,-1,1,5,3,-1,0,5,0,0,0,0,3,9,-1,6,2,62,9,-1,-1,-1,-1,4,E01010427,0,1
2024010519025,2024,010519025,1,1,9,18,19,9,9,99,99,0,9,8,9,99,1,1,6,6,2,26,6,-1,-1,-1,-1,2,E01003966,0,1