collision_index,collision_year,collision_ref_no,vehicle_reference,vehicle_type,towing_and_articulation,vehicle_manoeuvre_historic,vehicle_manoeuvre,vehicle_direction_from,vehicle_direction_to,vehicle_location_restricted_lane_historic,vehicle_location_restricted_lane,junction_location,skidding_and_overturning,hit_object_in_carriageway,vehicle_leaving_carriageway,hit_object_off_carriageway,first_point_of_impact,vehicle_left_hand_drive,journey_purpose_of_driver_historic,journey_purpose_of_driver,sex_of_driver,age_of_driver,age_band_of_driver,engine_capacity_cc,propulsion_code,age_of_vehicle,generic_make_model,driver_imd_decile,lsoa_of_driver,escooter_flag,driver_distance_banding
2024471503542,2024,471503542,2,9,0,-1,19,8,3,-1,0,8,0,0,0,0,1,1,-1,6,2,19,4,-1,-1,-1,-1,3,E01020937,0,3
2024010494245,2024,010494245,1,1,0,18,19,5,1,0,0,1,0,0,1,0,1,1,1,1,2,44,7,-1,-1,-1,-1,4,E01000976,0,1
2024010488072,2024,010488072,1,11,0,5,5,5,1,0,0,0,0,0,0,0,3,1,1,1,1,57,9,-1,-1,-1,-1,5,E01002395,0,1
2024161471303,2024,161471303,1,9,0,-1,19,5,1,-1,0,0,0,0,1,0,1,1,-1,6,1,70,10,-1,-1,-1,-1,7,E01013074,0,3
2024010517188,2024,010517188,1,9,0,9,9,7,5,0,0,6,0,0,0,0,1,1,6,6,2,40,7,-1,-1,-1,-1,-1,-1,0,-1
2024010489449,2024,010489449,2,1,0,5,5,2,6,0,0,0,0,0,0,0,4,1,6,6,1,41,7,-1,-1,-1,-1,3,E01035667,0,1
2024070425790,2024,070425790,1,9,0,18,19,3,7,0,0,8,0,0,0,0,1,1,6,6,2,-1,-1,-1,-1,-1,-1,-1,-1,0,-1
2024010550435,2024,010550435,1,1,9,99,99,9,9,99,99,9,9,99,9,99,9,1,6,6,1,15,3,-1,-1,-1,-1,9,E01003364,0,1
2024221411225,2024,221411225,1,9,0,-1,19,3,7,-1,0,0,1,0,1,4,1,1,-1,6,1,45,7,-1,-1,-1,-1,9,E01028986,0,3
2024010537020,2024,010537020,1,1,0,18,19,3,7,0,0,1,0,0,0,0,1,1,6,6,1,44,7,-1,-1,-1,-1,6,E01003948,0,1
2024131443877,2024,131443877,1,9,0,-1,19,7,3,-1,0,0,0,0,0,0,3,1,-1,9,1,83,11,-1,-1,-1,-1,8,E01027856,0,4
2024101451487,2024,101451487,1,1,0,-1,19,5,1,-1,0,0,5,0,0,0,1,1,-1,2,1,31,6,-1,-1,-1,-1,1,E01008333,0,1
2024430323325,2024,430323325,1,23,-1,18,19,-1,-1,0,0,0,-1,-1,-1,-1,-1,1,6,6,2,43,7,-1,-1,-1,-1,-1,-1,0,-1
2024411455201,2024,411455201,1,9,-1,-1,19,-1,-1,-1,0,4,1,0,0,0,1,9,-1,6,3,-1,-1,-1,-1,-1,-1,-1,-1,0,-1
2024451491670,2024,451491670,2,9,0,-1,19,8,4,-1,0,1,1,0,0,0,1,1,-1,6,1,28,6,-1,-1,-1,-1,7,E01030850,0,1
2024010492319,2024,010492319,3,9,0,2,2,0,0,0,0,0,0,4,0,0,1,1,6,6,3,-1,-1,-1,-1,-1,-1,-1,-1,0,-1
2024052400212,2024,052400212,2,9,0,18,19,5,1,0,0,2,0,10,0,0,3,1,2,2,2,23,5,-1,-1,-1,-1,1,E01007017,0,1
2024461492690,2024,461492690,1,9,0,-1,19,1,3,-1,0,0,0,0,1,0,1,1,-1,6,1,32,6,-1,-1,-1,-1,7,E01024003,0,3
2024010489464,2024,010489464,1,4,0,4,4,1,5,0,0,1,0,0,0,0,3,1,2,2,1,52,8,-1,-1,-1,-1,3,E01001112,0,3
2024161412290,2024,161412290,2,9,0,-1,19,3,7,-1,0,0,0,0,0,0,1,9,-1,6,3,-1,-1,-1,-1,-1,-1,-1,-1,0,-1
2024071058302,2024,071058302,1,21,1,-1,19,3,7,-1,9,0,0,0,0,0,1,1,-1,1,1,47,8,-1,-1,-1,-1,6,W01000088,0,5
2024531425363,2024,531425363,2,1,0,-1,8,8,4,-1,0,1,0,0,0,0,2,1,-1,2,2,38,7,-1,-1,-1,-1,10,E01022106,0,2
2024010497645,2024,010497645,2,9,0,99,99,9,9,99,99,9,9,99,9,99,9,9,6,6,3,-1,-1,-1,-1,-1,-1,-1,-1,0,-1
2024010531239,2024,010531239,1,1,0,4,4,1,5,0,0,1,0,11,0,0,1,1,2,2,1,24,5,-1,-1,-1,-1,-1,-1,0,-1
2024371407127,2024,371407127,1,99,-1,-1,19,2,6,-1,9,0,0,0,0,0,-1,9,-1,6,3,-1,-1,-1,-1,-1,-1,-1,-1,0,-1
2024231482483,2024,231482483,1,9,0,-1,5,5,1,-1,0,0,0,0,0,0,1,1,-1,1,1,56,9,-1,-1,-1,-1,8,W01000116,0,5
202460Q106987,2024,60Q106987,1,9,0,18,19,3,7,0,0,0,0,0,0,0,3,1,6,6,1,55,8,-1,-1,-1,-1,-1,-1,0,-1
2024010542060,2024,010542060,1,19,0,9,9,6,4,0,0,8,0,0,0,0,1,1,1,1,1,50,8,-1,-1,-1,-1,4,E01004569,0,1
2024471484827,2024,471484827,2,5,0,-1,13,7,3,-1,0,8,0,0,0,0,1,1,-1,6,1,52,8,-1,-1,-1,-1,2,E01031454,0,1
2024061405736,2024,061405736,2,5,0,-1,19,5,1,-1,0,0,2,0,1,0,3,1,-1,6,1,42,7,-1,-1,-1,-1,2,E01005603,0,1
2024461512240,2024,461512240,2,9,0,-1,9,8,5,-1,0,3,0,0,0,0,2,1,-1,9,2,47,8,-1,-1,-1,-1,4,E01024364,0,4
2024010486897,2024,010486897,2,9,0,99,99,9,9,99,99,9,9,99,9,99,1,9,6,6,3,-1,-1,-1,-1,-1,-1,-1,-1,0,-1
2024010501280,2024,010501280,2,9,0,99,99,9,9,99,99,9,9,99,9,99,9,9,6,6,3,-1,-1,-1,-1,-1,-1,-1,-1,0,-1
2024070490876,2024,070490876,2,19,0,3,3,5,1,0,0,0,0,0,0,0,2,1,1,1,1,25,5,-1,-1,-1,-1,6,E01004466,0,5
2024340WN0682,2024,340WN0682,2,9,0,-1,3,4,8,-1,0,1,0,0,0,0,2,1,-1,9,1,69,10,-1,-1,-1,-1,8,E01027260,0,1
2024545051624,2024,545051624,1,9,0,18,19,5,1,0,0,1,0,0,0,0,1,1,1,1,1,75,10,-1,-1,-1,-1,4,E01014891,0,3
2024010497328,2024,010497328,2,-1,0,18,19,1,5,0,0,1,0,0,0,0,1,1,2,2,2,34,6,-1,-1,-1,-1,3,E01001860,1,1
2024201497850,2024,201497850,1,9,0,-1,9,2,8,-1,0,6,0,0,0,0,1,9,-1,6,1,61,9,-1,-1,-1,-1,8,E01010119,0,2
2024361400422,2024,361400422,4,9,0,-1,4,7,7,-1,0,6,0,0,0,0,1,1,-1,6,2,73,10,-1,-1,-1,-1,5,E01026679,0,1
2024302401044,2024,302401044,3,-1,0,18,19,4,8,0,0,0,0,0,0,0,1,1,6,6,1,11,3,-1,-1,-1,-1,5,E01019876,1,1
2024010541814,2024,010541814,1,1,9,99,99,9,9,99,99,9,9,99,9,99,9,1,6,6,3,-1,-1,-1,-1,-1,-1,-1,-1,0,-1
2024302401344,2024,302401344,1,9,0,13,13,1,3,0,0,1,1,0,0,0,1,1,6,6,1,27,6,-1,-1,-1,-1,5,E01019861,0,1
2024010504510,2024,010504510,2,9,0,99,99,9,9,99,99,9,9,99,9,99,9,9,6,6,3,-1,-1,-1,-1,-1,-1,-1,-1,0,-1
2024161513166,2024,161513166,2,9,0,-1,9,1,7,-1,0,8,0,0,0,0,1,9,-1,6,1,42,7,-1,-1,-1,-1,1,E01013331,0,1
2024430101521,2024,430101521,2,3,0,18,19,4,8,0,0,1,0,0,0,0,1,1,2,2,1,30,6,-1,-1,-1,-1,9,E01017635,0,1
2024401487940,2024,401487940,2,9,0,-1,19,4,8,-1,0,0,0,0,0,0,3,1,-1,1,1,56,9,-1,-1,-1,-1,9,E01034426,0,1
2024371400701,2024,371400701,2,1,0,-1,19,-1,-1,-1,0,3,0,0,0,0,-1,1,-1,6,2,-1,-1,-1,-1,-1,-1,-1,-1,0,-1
2024461480891,2024,461480891,1,21,1,-1,19,5,1,-1,0,0,0,0,0,0,2,2,-1,1,1,45,7,-1,-1,-1,-1,-1,-1,0,-1
2024131439517,2024,131439517,2,9,0,-1,2,0,0,-1,0,8,0,0,7,11,1,1,-1,6,-1,-1,-1,-1,-1,-1,-1,-1,-1,0,-1
2024430548309,2024,430548309,1,9,0,18,19,3,7,0,0,8,0,0,1,10,1,1,6,6,2,31,6,-1,-1,-1,-1,-1,-1,0,-1
2024211469830,2024,211469830,2,9,0,-1,3,2,6,-1,0,0,0,0,0,0,2,1,-1,9,2,28,6,-1,-1,-1,-1,-1,-1,0,-1
2024052401672,2024,052401672,1,1,0,18,19,1,5,0,0,6,0,0,0,0,1,1,6,6,1,19,4,-1,-1,-1,-1,1,E01007131,0,1
2024010523434,2024,010523434,2,1,0,18,19,7,3,0,0,1,0,0,0,0,1,1,6,6,1,54,8,-1,-1,-1,-1,1,E01001425,0,1
2024430337242,2024,430337242,2,9,0,5,5,5,1,0,0,2,0,0,0,0,4,1,2,2,1,60,9,-1,-1,-1,-1,2,E01014492,0,4
2024131516833,2024,131516833,1,9,0,-1,5,5,8,-1,0,8,0,0,0,0,3,1,-1,6,3,-1,-1,-1,-1,-1,-1,-1,-1,0,-1
2024440051082,2024,440051082,1,1,0,18,19,6,2,0,0,0,0,0,0,0,1,1,6,6,1,28,6,-1,-1,-1,-1,10,E01022856,0,1
2024061404076,2024,061404076,2,9,0,-1,19,6,2,-1,0,0,0,0,0,0,1,1,-1,9,3,20,4,-1,-1,-1,-1,-1,-1,0,-1
2024010497243,2024,010497243,2,9,0,99,99,9,9,99,99,9,9,99,9,99,1,9,6,6,3,-1,-1,-1,-1,-1,-1,-1,-1,0,-1
2024411455698,2024,411455698,1,9,-1,-1,-1,-1,-1,-1,-1,-1,-1,-1,-1,0,-1,9,-1,6,3,-1,-1,-1,-1,-1,-1,-1,-1,0,-1
2024421433053,2024,421433053,2,1,0,-1,19,5,1,-1,0,3,0,0,0,0,4,1,-1,6,1,38,7,-1,-1,-1,-1,3,E01021823,0,1
2024010535283,2024,010535283,1,1,9,99,99,9,9,99,99,9,9,99,9,99,1,1,2,2,1,54,8,-1,-1,-1,-1,5,E01004441,0,1
2024440515712,2024,440515712,2,9,0,18,19,2,6,0,0,8,0,0,0,0,2,1,6,6,3,-1,-1,-1,-1,-1,-1,-1,-1,0,-1
2024361475072,2024,361475072,2,19,0,-1,2,8,8,-1,0,8,0,0,0,0,3,1,-1,6,1,43,7,-1,-1,-1,-1,1,E01026467,0,1
2024010546164,2024,010546164,1,97,9,99,99,9,9,0,0,1,9,0,0,0,9,1,6,6,3,-1,-1,-1,-1,-1,-1,-1,-1,0,-1
2024041483412,2024,041483412,2,1,0,-1,19,3,7,-1,0,8,0,0,0,0,1,1,-1,2,1,22,5,-1,-1,-1,-1,9,E01024994,0,1
2024010492026,2024,010492026,2,9,0,99,99,9,9,99,99,6,9,99,9,99,9,9,6,6,3,-1,-1,-1,-1,-1,-1,-1,-1,0,-1
2024010543155,2024,010543155,2,9,0,99,99,9,9,99,99,9,9,99,9,99,9,9,6,6,3,-1,-1,-1,-1,-1,-1,-1,-1,0,-1
2024141422964,2024,141422964,2,9,0,-1,12,7,3,-1,0,3,0,0,0,0,1,1,-1,9,1,39,7,-1,-1,-1,-1,1,E01007500,0,1
2024161419067,2024,161419067,1,21,0,-1,19,5,1,-1,0,0,0,0,1,0,4,1,-1,1,1,40,7,-1,-1,-1,-1,-1,-1,0,-1
2024320648924,2024,320648924,2,1,0,-1,-1,4,8,0,0,8,0,0,0,0,1,1,-1,-1,2,52,8,-1,-1,-1,-1,9,E01026214,0,1
2024010491268,2024,010491268,1,3,0,99,99,9,9,99,99,9,9,99,9,99,9,1,1,1,1,47,8,-1,-1,-1,-1,3,E01035667,0,1
2024010522332,2024,010522332,1,2,0,13,13,1,5,0,0,1,5,10,1,2,1,1,6,6,1,17,4,-1,-1,-1,-1,2,E01000429,0,1
2024010513871,2024,010513871,1,8,0,13,13,3,7,0,0,0,0,0,0,0,4,1,6,6,3,-1,-1,-1,-1,-1,-1,-1,-1,0,-1
2024010531780,2024,010531780,1,1,9,99,99,9,9,99,99,9,9,99,9,99,1,1,6,6,1,23,5,-1,-1,-1,-1,3,E01002797,0,1
2024101440449,2024,101440449,1,1,-1,-1,19,3,7,-1,9,8,0,0,0,0,1,1,-1,6,1,37,7,-1,-1,-1,-1,1,E01008392,0,1
2024010487070,2024,010487070,1,3,0,99,99,9,9,99,99,9,9,99,9,99,1,1,6,6,3,26,6,-1,-1,-1,-1,5,E01000512,0,1
2024010524090,2024,010524090,2,9,0,99,99,9,9,99,99,9,9,99,9,99,9,9,6,6,3,-1,-1,-1,-1,-1,-1,-1,-1,0,-1
2024991531857,2024,991531857,1,11,0,-1,12,7,5,-1,0,2,0,0,0,0,3,9,-1,9,1,-1,-1,-1,-1,-1,-1,1,-1,0,1
2024311531750,2024,311531750,2,1,0,-1,19,7,3,-1,0,1,1,0,0,0,1,1,-1,2,1,14,3,-1,-1,-1,-1,9,E01028121,0,1
2024010520187,2024,010520187,2,1,0,9,9,3,1,7,6,6,0,0,0,0,1,1,1,1,2,31,6,-1,-1,-1,-1,2,E01004040,0,1
2024440541208,2024,440541208,1,1,0,18,19,3,7,0,0,8,0,0,0,0,4,1,6,6,1,62,9,-1,-1,-1,-1,7,E01023113,0,1
2024471489221,2024,471489221,1,-1,0,-1,19,2,5,-1,9,1,2,0,0,0,1,1,-1,9,1,14,3,-1,-1,-1,-1,1,E01020912,1,1
2024411474656,2024,411474656,2,1,0,-1,5,7,3,-1,0,8,0,0,0,0,1,1,-1,6,2,47,8,-1,-1,-1,-1,3,E01023650,0,1
2024071065145,2024,071065145,1,9,9,-1,9,2,6,-1,0,8,0,0,0,0,3,9,-1,6,3,-1,-1,-1,-1,-1,-1,-1,-1,0,-1
2024501467933,2024,501467933,1,19,0,-1,19,7,3,-1,0,1,0,0,0,0,3,1,-1,1,2,25,5,-1,-1,-1,-1,6,E01020143,0,1
2024061491799,2024,061491799,1,1,0,-1,19,1,5,-1,0,1,0,0,0,0,1,1,-1,6,1,-1,-1,-1,-1,-1,-1,-1,-1,0,-1
2024461393694,2024,461393694,13,9,0,-1,4,4,8,-1,0,0,0,0,0,0,4,1,-1,9,2,47,8,-1,-1,-1,-1,8,E01016132,0,3
2024552401009,2024,552401009,2,1,0,18,19,8,4,0,0,8,0,0,0,0,3,1,6,6,1,26,6,-1,-1,-1,-1,5,E01015427,0,1
2024421417215,2024,421417215,1,9,0,-1,1,7,3,-1,0,0,0,0,0,0,2,1,-1,6,1,23,5,-1,-1,-1,-1,1,E01015841,0,1
2024501510245,2024,501510245,1,9,0,-1,19,8,3,-1,0,4,0,0,0,0,1,1,-1,6,1,23,5,-1,-1,-1,-1,5,E01018885,0,5
2024371411380,2024,371411380,2,9,0,-1,19,1,3,-1,0,1,0,0,0,0,1,1,-1,9,1,20,4,-1,-1,-1,-1,8,E01029909,0,1
2024610032024,2024,610032024,1,9,0,18,19,7,3,0,0,0,0,0,0,0,1,1,1,1,1,62,9,-1,-1,-1,-1,5,W01001611,0,1
2024320432719,2024,320432719,1,9,0,-1,-1,4,8,0,0,0,0,0,0,0,1,1,-1,-1,1,53,8,-1,-1,-1,-1,1,E01026109,0,1
2024311394343,2024,311394343,1,9,0,-1,9,5,4,-1,0,0,0,0,0,0,2,1,-1,2,2,27,6,-1,-1,-1,-1,4,E01013555,0,4
2024522402757,2024,522402757,2,9,0,4,4,6,2,0,0,8,0,0,0,0,2,1,6,6,1,27,6,-1,-1,-1,-1,5,E01014518,0,2
2024010488129,2024,010488129,1,3,0,99,99,9,9,99,99,0,9,8,9,99,9,1,1,1,1,40,7,-1,-1,-1,-1,7,E01004695,0,1
2024522401945,2024,522401945,1,97,0,18,19,7,3,0,0,0,0,0,0,0,1,1,6,6,3,-1,-1,-1,-1,-1,-1,-1,-1,0,-1
2024501454938,2024,501454938,2,1,0,-1,19,3,7,-1,0,8,2,0,0,0,4,1,-1,6,1,59,9,-1,-1,-1,-1,7,E01015136,0,1
2024101440230,2024,101440230,1,9,0,-1,1,5,3,-1,0,1,0,0,0,0,2,9,-1,6,2,40,7,-1,-1,-1,-1,-1,-1,0,-1
2024991487788,2024,991487788,1,9,0,-1,13,5,1,-1,0,1,0,0,0,0,4,9,-1,6,3,20,4,-1,-1,-1,-1,-1,-1,0,-1
2024010504408,2024,010504408,2,9,0,99,99,9,9,99,99,9,9,99,9,99,9,9,6,6,3,-1,-1,-1,-1,-1,-1,5,E01003743,0,1
2024010487572,2024,010487572,2,9,9,99,99,9,9,99,99,9,9,99,9,99,9,9,6,6,3,-1,-1,-1,-1,-1,-1,-1,-1,0,-1
2024052401620,2024,052401620,1,1,0,18,19,7,3,0,0,8,0,0,0,0,1,1,2,2,1,15,3,-1,-1,-1,-1,2,E01007300,0,2
2024010495309,2024,010495309,2,9,9,99,99,9,9,99,99,9,9,99,9,99,1,9,6,6,3,-1,-1,-1,-1,-1,-1,-1,-1,0,-1
2024340WN5652,2024,340WN5652,1,90,0,-1,19,1,5,-1,0,0,0,0,0,0,1,1,-1,6,3,-1,-1,-1,-1,-1,-1,-1,-1,0,-1
2024622400836,2024,622400836,2,9,0,18,19,4,8,0,0,1,0,0,0,0,1,1,6,6,1,21,5,-1,-1,-1,-1,9,W01001968,0,3
2024010510267,2024,010510267,1,1,9,99,99,9,9,99,99,9,9,99,9,99,9,1,2,2,2,25,5,-1,-1,-1,-1,4,E01004437,0,1
2024010530276,2024,010530276,2,9,9,99,99,9,9,99,99,9,9,99,9,99,9,9,6,6,3,-1,-1,-1,-1,-1,-1,-1,-1,0,-1
2024461441077,2024,461441077,1,98,1,-1,11,6,2,-1,0,0,0,0,0,0,3,9,-1,6,3,-1,-1,-1,-1,-1,-1,-1,-1,0,-1
2024010490912,2024,010490912,1,3,0,99,99,9,9,99,99,9,9,99,9,99,9,1,1,1,1,27,6,-1,-1,-1,-1,3,E01033933,0,1
2024430064621,2024,430064621,3,19,0,18,19,6,2,0,0,0,0,0,0,0,1,1,6,6,1,34,6,-1,-1,-1,-1,6,E01016732,0,1
2024471399956,2024,471399956,2,1,0,-1,8,8,2,-1,0,0,0,0,0,0,4,1,-1,9,1,78,11,-1,-1,-1,-1,3,E01031562,0,1
2024010518525,2024,010518525,1,9,0,1,1,4,8,0,0,1,0,0,0,0,2,1,6,6,1,23,5,-1,-1,-1,-1,-1,-1,0,-1
2024010529365,2024,010529365,1,1,9,99,99,9,9,99,99,9,9,99,9,99,9,1,2,2,2,20,4,-1,-1,-1,-1,-1,-1,0,-1
2024311428725,2024,311428725,1,9,0,-1,19,4,8,-1,0,1,0,0,0,0,3,1,-1,2,2,36,7,-1,-1,-1,-1,6,E01028078,0,1
2024501500434,2024,501500434,2,9,0,-1,19,4,8,-1,0,0,0,0,0,0,3,1,-1,6,2,34,6,-1,-1,-1,-1,3,E01034171,0,2
2024010548800,2024,010548800,1,1,0,18,19,7,3,0,0,2,0,0,0,0,3,1,2,2,2,30,6,-1,-1,-1,-1,4,E01003165,0,1
2024421475905,2024,421475905,1,9,0,-1,19,1,5,-1,0,0,0,0,0,0,1,1,-1,6,3,46,8,-1,-1,-1,-1,-1,-1,0,-1
2024010495798,2024,010495798,2,9,0,99,99,9,9,99,99,9,9,99,9,99,9,9,6,6,3,-1,-1,-1,-1,-1,-1,2,E01003604,0,1
2024544353224,2024,544353224,2,1,0,18,19,6,2,0,0,1,0,0,0,0,3,1,1,1,2,41,7,-1,-1,-1,-1,-1,-1,0,-1
2024010494987,2024,010494987,2,9,0,99,99,9,9,99,99,9,9,99,9,99,1,9,6,6,3,42,7,-1,-1,-1,-1,2,E01001820,0,1
2024010536958,2024,010536958,1,1,9,99,99,9,9,99,99,1,9,99,9,99,9,1,6,6,3,-1,-1,-1,-1,-1,-1,6,E01004178,0,1
2024010492923,2024,010492923,2,9,0,18,19,7,3,0,0,0,0,0,0,0,2,1,6,6,1,52,8,-1,-1,-1,-1,6,E01002616,0,3
2024161462455,2024,161462455,2,9,0,-1,19,1,5,-1,0,1,0,0,0,0,1,1,-1,6,3,-1,-1,-1,-1,-1,-1,-1,-1,0,-1
2024201493917,2024,201493917,1,9,0,-1,14,7,3,-1,0,0,0,0,0,0,1,9,-1,6,3,-1,-1,-1,-1,-1,-1,-1,-1,0,-1
2024201440823,2024,201440823,2,9,0,-1,19,6,2,-1,0,8,0,0,0,0,1,1,-1,9,2,26,6,-1,-1,-1,-1,2,E01009091,0,2
2024421447667,2024,421447667,1,3,0,-1,14,3,7,-1,0,6,0,4,0,0,1,1,-1,6,1,27,6,-1,-1,-1,-1,9,E01015857,0,2
2024010491632,2024,010491632,1,3,9,99,99,9,9,99,99,9,9,99,9,99,1,1,1,1,1,24,5,-1,-1,-1,-1,8,E01000311,0,2
2024430525515,2024,430525515,1,9,0,18,19,3,7,0,0,0,0,0,1,4,1,1,6,6,1,58,9,-1,-1,-1,-1,7,E01015581,0,4
2024052401523,2024,052401523,1,9,0,17,19,8,5,0,0,0,0,0,1,2,1,1,6,6,2,67,10,-1,-1,-1,-1,5,E01006951,0,1
2024070033009,2024,070033009,1,9,0,18,19,2,6,0,0,0,1,0,0,4,1,1,6,6,1,29,6,-1,-1,-1,-1,7,E01012475,0,1
2024161396423,2024,161396423,2,1,0,-1,19,8,4,-1,0,0,0,0,0,0,2,1,-1,6,2,62,9,-1,-1,-1,-1,4,E01012799,0,1
2024440246025,2024,440246025,3,9,0,2,2,0,0,0,0,0,0,0,0,0,2,1,6,6,1,-1,-1,-1,-1,-1,-1,-1,-1,0,-1
2024141402031,2024,141402031,2,-1,0,-1,19,8,3,-1,0,0,0,0,0,0,1,9,-1,6,1,23,5,-1,-1,-1,-1,1,E01007532,1,1
2024311499960,2024,311499960,1,9,0,-1,19,5,1,-1,0,1,0,0,0,0,3,1,-1,9,2,33,6,-1,-1,-1,-1,4,E01013903,0,2
2024010546721,2024,010546721,1,1,0,-1,-1,1,5,0,0,1,0,0,0,0,3,1,2,2,2,52,8,-1,-1,-1,-1,5,E01003077,0,1
2024371447566,2024,371447566,1,9,0,-1,5,8,2,-1,0,0,0,0,0,0,4,1,-1,9,1,80,11,-1,-1,-1,-1,5,E01030073,0,1
2024440527681,2024,440527681,2,1,0,18,19,1,5,0,0,8,0,0,0,0,4,1,2,2,1,33,6,-1,-1,-1,-1,2,E01017106,0,1
2024302400002,2024,302400002,1,9,0,18,19,2,6,0,0,0,1,0,8,11,1,1,6,6,1,31,6,-1,-1,-1,-1,8,E01019781,0,2
2024052401117,2024,052401117,2,1,0,18,19,3,7,0,0,6,0,0,0,0,1,1,6,6,1,72,10,-1,-1,-1,-1,4,E01006976,0,1
2024471444877,2024,471444877,2,9,0,-1,2,0,0,-1,0,1,0,0,0,0,2,1,-1,6,-1,-1,-1,-1,-1,-1,-1,-1,-1,0,-1
2024461531580,2024,461531580,2,1,0,-1,19,3,1,-1,0,1,0,0,0,0,4,1,-1,6,2,-1,-1,-1,-1,-1,-1,5,E01023992,0,1
2024631497921,2024,631497921,2,9,0,-1,19,4,8,-1,0,0,0,0,0,0,0,1,-1,6,3,-1,-1,-1,-1,-1,-1,-1,-1,0,-1
2024010540217,2024,010540217,2,1,0,9,9,7,5,0,0,1,0,0,0,0,1,1,6,6,1,18,4,-1,-1,-1,-1,10,E01023810,0,2
2024231524818,2024,231524818,1,19,0,-1,19,6,2,-1,0,0,0,0,0,0,1,1,-1,9,1,72,10,-1,-1,-1,-1,4,E01031086,0,1
2024010490388,2024,010490388,1,9,0,14,14,1,5,0,0,0,0,4,0,0,1,1,6,6,2,81,11,-1,-1,-1,-1,9,E01003365,0,1
2024991451126,2024,991451126,2,9,0,-1,19,6,2,-1,0,1,2,0,7,0,2,1,-1,9,1,21,5,-1,-1,-1,-1,5,-1,0,3
2024332400119,2024,332400119,2,1,0,-1,19,8,4,-1,0,8,0,0,0,0,2,1,-1,2,1,48,8,-1,-1,-1,-1,5,E01025747,0,1
2024010544262,2024,010544262,1,19,0,99,99,9,9,99,99,9,9,99,9,99,9,9,6,6,3,-1,-1,-1,-1,-1,-1,-1,-1,0,-1
2024522500176,2024,522500176,2,9,0,7,7,7,1,0,0,6,0,0,0,0,1,1,6,6,3,-1,-1,-1,-1,-1,-1,-1,-1,0,-1
2024131471959,2024,131471959,2,1,0,-1,19,5,1,-1,0,4,0,0,0,0,1,1,-1,6,2,36,7,-1,-1,-1,-1,2,E01011726,0,1
2024311448841,2024,311448841,1,1,0,-1,5,6,6,-1,0,0,0,0,0,0,4,1,-1,2,1,40,7,-1,-1,-1,-1,-1,-1,0,-1
2024401414639,2024,401414639,1,9,0,-1,19,8,2,-1,0,6,0,11,0,0,1,9,-1,6,3,-1,-1,-1,-1,-1,-1,-1,-1,0,-1
2024991476294,2024,991476294,2,9,0,-1,19,7,3,-1,0,0,0,0,0,0,1,1,-1,6,1,43,7,-1,-1,-1,-1,5,-1,0,3
2024010487672,2024,010487672,1,11,1,18,19,5,1,0,0,6,0,0,0,0,4,1,1,1,1,44,7,-1,-1,-1,-1,2,E01001979,0,3
2024010490579,2024,010490579,2,19,0,99,99,9,9,99,99,9,9,99,9,99,1,9,6,6,3,64,9,-1,-1,-1,-1,3,E01003439,0,1
2024421509161,2024,421509161,1,9,0,-1,19,7,3,-1,0,0,0,0,0,0,1,1,-1,9,1,24,5,-1,-1,-1,-1,3,E01030026,0,4
2024610041124,2024,610041124,1,9,0,18,19,5,1,0,0,1,0,0,0,0,1,1,6,6,2,61,9,-1,-1,-1,-1,4,W01001335,0,1
2024481564390,2024,481564390,1,1,0,-1,19,1,5,-1,5,2,0,0,0,0,1,1,-1,9,1,38,7,-1,-1,-1,-1,-1,-1,0,-1
2024010489143,2024,010489143,1,9,0,99,99,9,9,99,99,9,9,99,9,99,9,9,6,6,2,30,6,-1,-1,-1,-1,6,E01034589,0,1
2024010514974,2024,010514974,1,9,0,18,19,8,4,0,0,1,1,10,0,0,1,1,6,6,1,25,5,-1,-1,-1,-1,3,E01000138,0,2
2024332400029,2024,332400029,2,1,0,-1,19,3,7,-1,0,0,0,0,0,0,1,1,-1,6,1,60,9,-1,-1,-1,-1,8,E01025777,0,1
2024522402541,2024,522402541,1,1,0,18,19,7,3,0,0,0,0,8,0,0,1,1,6,6,1,55,8,-1,-1,-1,-1,3,E01014673,0,1
2024311454602,2024,311454602,1,97,0,-1,19,3,3,-1,0,0,0,0,0,0,1,1,-1,6,3,20,4,-1,-1,-1,-1,-1,-1,0,-1
2024991526084,2024,991526084,1,9,0,-1,14,6,2,-1,0,0,0,0,0,0,1,1,-1,2,1,48,8,-1,-1,-1,-1,-1,-1,0,-1
2024010492994,2024,010492994,1,9,0,99,99,9,9,99,99,0,9,99,9,99,2,9,6,6,1,36,7,-1,-1,-1,-1,2,E01001978,0,2
2024141405064,2024,141405064,1,9,0,-1,19,6,2,-1,0,0,0,4,1,0,3,1,-1,9,1,66,10,-1,-1,-1,-1,1,E01007597,0,3
2024340NN1492,2024,340NN1492,2,9,0,-1,19,5,1,-1,0,1,0,0,0,0,3,1,-1,6,1,29,6,-1,-1,-1,-1,7,E01026014,0,4
2024070297110,2024,070297110,1,9,0,18,19,3,8,0,0,2,0,2,0,0,0,1,6,6,3,-1,-1,-1,-1,-1,-1,-1,-1,0,-1
2024010493481,2024,010493481,1,9,0,99,99,9,9,99,99,9,9,99,9,99,2,9,6,6,1,29,6,-1,-1,-1,-1,3,E01002595,0,1
2024991471416,2024,991471416,2,9,4,-1,2,2,6,-1,-1,0,0,0,0,0,2,1,-1,1,1,58,9,-1,-1,-1,-1,6,-1,0,4
2024461510640,2024,461510640,1,9,0,-1,19,5,1,-1,9,8,0,0,3,4,1,9,-1,9,-1,30,6,-1,-1,-1,-1,-1,-1,0,-1
2024531470957,2024,531470957,2,9,0,-1,10,3,7,-1,0,1,0,0,0,0,2,1,-1,6,1,55,8,-1,-1,-1,-1,7,E01022226,0,3
2024311402579,2024,311402579,1,8,0,-1,9,3,8,-1,0,0,0,0,0,0,1,1,-1,6,3,-1,-1,-1,-1,-1,-1,-1,-1,0,-1
2024010503887,2024,010503887,2,9,9,99,99,9,9,99,99,9,9,99,9,99,9,9,6,6,3,39,7,-1,-1,-1,-1,2,E01001625,0,1