collision_index,collision_year,collision_ref_no,vehicle_reference,vehicle_type,towing_and_articulation,vehicle_manoeuvre_historic,vehicle_manoeuvre,vehicle_direction_from,vehicle_direction_to,vehicle_location_restricted_lane_historic,vehicle_location_restricted_lane,junction_location,skidding_and_overturning,hit_object_in_carriageway,vehicle_leaving_carriageway,hit_object_off_carriageway,first_point_of_impact,vehicle_left_hand_drive,journey_purpose_of_driver_historic,journey_purpose_of_driver,sex_of_driver,age_of_driver,age_band_of_driver,engine_capacity_cc,propulsion_code,age_of_vehicle,generic_make_model,driver_imd_decile,lsoa_of_driver,escooter_flag,driver_distance_banding
2024010487485,2024,010487485,1,9,0,18,19,8,4,0,0,0,0,0,0,0,1,1,6,6,1,18,4,-1,-1,-1,-1,10,E01002482,0,2
2024471418998,2024,471418998,1,9,0,-1,19,8,4,-1,0,1,0,0,0,0,1,1,-1,9,1,31,6,-1,-1,-1,-1,8,E01031821,0,1
2024010512842,2024,010512842,1,1,9,18,19,9,9,99,99,1,9,99,9,99,9,1,2,2,1,58,9,-1,-1,-1,-1,7,E01032781,0,1
2024201458844,2024,201458844,1,9,0,-1,7,4,7,-1,0,5,0,0,0,0,1,1,-1,6,1,20,4,-1,-1,-1,-1,2,E01009044,0,1
2024201518880,2024,201518880,1,9,0,-1,19,7,3,-1,0,1,1,0,7,0,1,9,-1,6,1,-1,-1,-1,-1,-1,-1,-1,-1,0,-1
2024010494745,2024,010494745,1,97,0,18,19,2,6,0,0,0,0,0,0,0,1,1,6,6,1,-1,-1,-1,-1,-1,-1,-1,-1,0,-1
2024041520645,2024,041520645,2,16,0,-1,19,6,2,-1,0,0,0,0,0,0,4,1,-1,6,2,36,7,-1,-1,-1,-1,10,E01025160,0,2
2024531423459,2024,531423459,2,1,0,-1,19,3,7,-1,0,8,0,0,0,0,3,1,-1,9,1,30,6,-1,-1,-1,-1,6,E01034791,0,1
2024070802700,2024,070802700,1,19,0,-1,19,7,3,-1,0,0,0,0,0,0,4,2,-1,1,3,40,7,-1,-1,-1,-1,-1,-1,0,-1
2024440161805,2024,440161805,1,1,0,18,19,3,7,0,0,1,0,0,0,0,4,1,2,2,1,34,6,-1,-1,-1,-1,3,E01017193,0,1
2024010489957,2024,010489957,2,3,5,5,5,5,1,0,0,0,1,0,0,0,1,1,6,6,1,25,5,-1,-1,-1,-1,6,E01003843,0,2
2024010515139,2024,010515139,1,1,9,99,99,9,9,99,99,9,9,99,9,99,9,1,1,1,1,29,6,-1,-1,-1,-1,2,E01001877,0,1
2024991534009,2024,991534009,2,9,0,-1,3,7,3,-1,0,0,0,0,0,0,2,1,-1,9,2,24,5,-1,-1,-1,-1,1,-1,0,3
2024440245764,2024,440245764,1,9,0,17,19,4,1,0,0,0,0,0,0,0,1,1,6,6,1,57,9,-1,-1,-1,-1,5,E01017353,0,1
2024070343970,2024,070343970,1,1,0,18,19,4,6,9,9,3,0,0,0,0,1,1,6,6,1,14,3,-1,-1,-1,-1,1,E01018310,0,1
2024430009146,2024,430009146,1,5,0,13,13,2,8,0,0,1,0,0,0,0,1,1,6,6,1,58,9,-1,-1,-1,-1,8,E01017587,0,3
2024440560485,2024,440560485,2,-1,0,18,19,1,5,0,0,1,0,0,0,0,1,1,6,6,1,14,3,-1,-1,-1,-1,3,E01017133,1,1
2024010500485,2024,010500485,1,9,0,7,7,7,1,0,0,6,0,0,0,0,1,1,6,6,1,-1,-1,-1,-1,-1,-1,3,E01001421,0,3
2024520401631,2024,520401631,2,9,0,18,19,3,7,0,0,1,0,0,0,0,1,1,6,6,1,70,10,-1,-1,-1,-1,5,E01029268,0,3
2024531500412,2024,531500412,1,1,0,-1,19,6,2,-1,0,1,0,0,0,0,1,1,-1,6,1,87,11,-1,-1,-1,-1,2,E01022131,0,1
2024111409297,2024,111409297,1,9,0,-1,19,3,7,-1,0,4,0,9,0,0,1,1,-1,6,1,77,11,-1,-1,-1,-1,5,E01020863,0,3
2024052402411,2024,052402411,1,19,0,9,9,6,2,0,0,1,0,0,0,0,0,1,6,6,3,-1,-1,-1,-1,-1,-1,-1,-1,0,-1
2024010498685,2024,010498685,2,1,0,5,5,5,1,0,0,8,1,0,0,0,2,1,6,6,1,67,10,-1,-1,-1,-1,2,E01003044,0,1
2024052402320,2024,052402320,1,3,0,18,19,7,3,0,0,0,0,0,0,0,4,1,6,6,3,-1,-1,-1,-1,-1,-1,-1,-1,0,-1
2024052400954,2024,052400954,2,1,0,18,19,7,3,0,0,1,0,0,0,0,3,1,1,1,1,21,5,-1,-1,-1,-1,1,E01006734,0,1
2024070244285,2024,070244285,2,9,0,18,19,3,8,0,0,0,0,0,0,0,1,1,2,2,1,45,7,-1,-1,-1,-1,5,E01018514,0,2
2024010490267,2024,010490267,2,19,9,99,99,9,9,99,99,9,9,99,9,99,2,9,6,6,3,-1,-1,-1,-1,-1,-1,-1,-1,0,-1
2024131396499,2024,131396499,1,1,0,-1,-1,-1,-1,-1,-1,0,-1,-1,-1,-1,-1,1,-1,6,3,-1,-1,-1,-1,-1,-1,-1,-1,0,-1
2024471495665,2024,471495665,1,1,0,-1,19,1,5,-1,0,8,2,0,0,0,4,1,-1,9,2,30,6,-1,-1,-1,-1,9,E01017000,0,2
2024451487117,2024,451487117,2,9,0,-1,3,5,1,-1,0,8,0,0,0,0,1,1,-1,6,1,44,7,-1,-1,-1,-1,8,E01030346,0,3
2024320070910,2024,320070910,1,9,0,-1,-1,4,8,0,0,0,5,0,7,4,3,1,-1,-1,1,56,9,-1,-1,-1,-1,5,E01026221,0,2
2024501531003,2024,501531003,2,19,0,-1,19,7,3,-1,0,0,0,0,0,0,1,2,-1,6,1,39,7,-1,-1,-1,-1,4,E01018874,0,1
2024430043346,2024,430043346,2,9,0,9,9,2,8,0,0,8,1,0,3,10,4,1,6,6,1,26,6,-1,-1,-1,-1,4,E01017723,0,1
2024471439139,2024,471439139,1,-1,0,-1,19,4,8,-1,0,1,0,0,0,0,1,9,-1,6,3,-1,-1,-1,-1,-1,-1,-1,-1,1,-1
2024221528862,2024,221528862,1,19,0,-1,19,8,5,-1,0,8,0,0,0,0,1,9,-1,6,1,48,8,-1,-1,-1,-1,-1,-1,0,-1
2024041498826,2024,041498826,1,9,0,-1,5,3,7,-1,0,0,0,0,2,0,4,1,-1,6,1,42,7,-1,-1,-1,-1,4,E01012723,0,1
2024010520739,2024,010520739,2,1,0,18,19,5,1,9,9,1,0,0,0,0,1,1,6,6,1,64,9,-1,-1,-1,-1,7,E01001064,0,1
2024131522223,2024,131522223,1,9,0,-1,-1,-1,-1,-1,-1,0,-1,-1,-1,-1,-1,1,-1,6,3,-1,-1,-1,-1,-1,-1,-1,-1,0,-1
2024101412273,2024,101412273,2,1,0,-1,19,5,1,-1,0,8,5,0,0,0,1,1,-1,6,1,68,10,-1,-1,-1,-1,10,E01008422,0,1
2024430408040,2024,430408040,2,9,0,2,2,0,0,0,0,0,0,0,0,0,4,1,6,6,2,27,6,-1,-1,-1,-1,10,E01028617,0,1
2024010533399,2024,010533399,2,1,0,18,19,5,1,4,4,1,9,0,0,0,1,1,2,2,1,58,9,-1,-1,-1,-1,1,E01001517,0,1
2024201444256,2024,201444256,2,1,0,-1,19,6,2,-1,0,6,0,0,0,0,1,1,-1,6,1,37,7,-1,-1,-1,-1,3,E01008989,0,1
202417L109124,2024,17L109124,2,19,0,-1,10,2,8,-1,0,1,0,0,0,0,2,1,-1,1,1,48,8,-1,-1,-1,-1,1,E01008773,0,4
2024010493694,2024,010493694,6,9,0,18,19,1,5,0,0,0,0,0,0,0,3,1,6,6,1,23,5,-1,-1,-1,-1,2,E01035683,0,3
2024622400407,2024,622400407,2,1,0,18,19,8,4,0,0,8,0,0,0,0,1,1,6,6,1,74,10,-1,-1,-1,-1,3,W01001050,0,2
2024421451886,2024,421451886,1,9,0,-1,19,6,2,-1,0,0,0,0,0,0,3,9,-1,6,1,35,6,-1,-1,-1,-1,-1,-1,0,-1
2024211505659,2024,211505659,1,9,0,-1,19,3,7,-1,0,1,0,0,0,0,1,1,-1,6,1,56,9,-1,-1,-1,-1,10,E01034101,0,3
2024440205511,2024,440205511,2,9,0,18,19,3,7,0,0,1,0,0,0,0,3,1,6,6,2,37,7,-1,-1,-1,-1,5,E01022956,0,1
2024010491215,2024,010491215,1,9,0,17,19,1,5,0,0,9,0,0,0,0,1,1,1,1,1,24,5,-1,-1,-1,-1,5,E01033922,0,1
2024041505410,2024,041505410,2,1,0,-1,19,1,5,-1,0,0,0,0,0,0,1,1,-1,9,1,30,6,-1,-1,-1,-1,1,E01025189,0,1
2024131454537,2024,131454537,1,90,0,-1,19,3,7,-1,0,8,0,0,0,0,1,1,-1,6,1,20,4,-1,-1,-1,-1,1,E01011429,0,1
2024201517776,2024,201517776,1,9,0,-1,19,5,1,-1,0,0,0,0,0,0,1,9,-1,6,2,-1,-1,-1,-1,-1,-1,-1,-1,0,-1
2024421508833,2024,421508833,1,97,0,-1,13,2,2,-1,0,2,1,0,0,0,1,1,-1,9,1,17,4,-1,-1,-1,-1,6,E01021758,0,1
2024501437002,2024,501437002,2,1,0,-1,19,2,6,-1,0,3,5,0,1,0,4,1,-1,6,1,67,10,-1,-1,-1,-1,8,E01019015,0,1
2024302400481,2024,302400481,1,1,0,18,19,2,6,0,0,8,0,0,0,0,1,1,6,6,1,28,6,-1,-1,-1,-1,2,E01013473,0,1
202454C624524,2024,54C624524,1,1,0,18,19,4,8,0,0,0,0,0,0,0,1,1,6,6,1,42,7,-1,-1,-1,-1,4,E01032094,0,1
2024340NN2522,2024,340NN2522,1,-1,0,-1,19,3,7,-1,0,8,0,0,0,0,1,1,-1,6,1,28,6,-1,-1,-1,-1,5,E01026981,1,1
2024010508955,2024,010508955,2,9,0,9,9,3,8,0,0,1,0,0,0,0,1,1,1,1,1,40,7,-1,-1,-1,-1,5,E01032961,0,4
2024041452458,2024,041452458,2,1,0,-1,19,2,6,-1,0,3,0,0,0,0,1,1,-1,6,1,37,7,-1,-1,-1,-1,4,E01033281,0,1
2024010488500,2024,010488500,2,9,0,2,2,0,0,0,0,0,0,0,0,0,0,1,6,6,3,-1,-1,-1,-1,-1,-1,-1,-1,0,-1
2024101416524,2024,101416524,1,9,0,-1,7,7,1,-1,0,0,0,0,0,0,1,1,-1,6,3,-1,-1,-1,-1,-1,-1,-1,-1,0,-1
2024421462238,2024,421462238,2,1,0,-1,19,-1,-1,-1,9,0,0,0,0,0,1,1,-1,2,1,39,7,-1,-1,-1,-1,2,E01021486,0,1
2024111485735,2024,111485735,3,3,0,-1,15,5,1,-1,0,1,0,0,0,0,0,1,-1,6,-1,30,6,-1,-1,-1,-1,-1,-1,0,-1
2024461531133,2024,461531133,2,1,0,-1,19,3,7,-1,0,0,5,0,0,0,1,1,-1,2,1,30,6,-1,-1,-1,-1,3,E01024634,0,1
2024041469535,2024,041469535,1,9,0,-1,4,2,6,-1,0,0,1,11,0,0,1,1,-1,9,2,36,7,-1,-1,-1,-1,3,E01025460,0,1
2024451533676,2024,451533676,1,9,0,-1,19,1,5,-1,0,0,0,0,0,0,4,1,-1,6,3,35,6,-1,-1,-1,-1,-1,-1,0,-1
2024361419754,2024,361419754,2,1,0,-1,19,6,1,-1,0,4,2,0,0,0,1,1,-1,6,1,57,9,-1,-1,-1,-1,5,E01026935,0,1
2024101435558,2024,101435558,1,19,0,-1,7,4,8,-1,0,8,0,0,0,0,4,9,-1,6,3,-1,-1,-1,-1,-1,-1,-1,-1,0,-1
2024061529949,2024,061529949,1,19,0,-1,5,7,3,-1,0,1,0,0,0,0,4,2,-1,6,-1,45,7,-1,-1,-1,-1,-1,-1,0,-1
2024041477565,2024,041477565,2,1,0,-1,19,8,6,-1,0,0,0,0,0,0,1,1,-1,6,1,42,7,-1,-1,-1,-1,2,E01025173,0,1
2024161458437,2024,161458437,2,97,0,-1,19,2,6,-1,0,0,0,0,1,0,1,1,-1,6,3,-1,-1,-1,-1,-1,-1,-1,-1,0,-1
2024320114822,2024,320114822,1,9,0,12,12,6,2,0,0,0,0,0,0,0,3,1,-1,-1,2,35,6,-1,-1,-1,-1,9,E01026226,0,2
2024010493237,2024,010493237,2,1,9,99,99,9,9,99,99,9,9,99,9,99,9,1,6,6,1,-1,-1,-1,-1,-1,-1,-1,-1,0,-1
2024010547808,2024,010547808,2,90,0,11,11,5,1,0,0,3,1,0,0,0,3,1,6,6,2,31,6,-1,-1,-1,-1,4,E01001903,0,1
2024010504922,2024,010504922,1,9,0,18,19,5,1,0,0,1,0,0,0,0,1,1,6,6,1,35,6,-1,-1,-1,-1,6,E01017828,0,1
2024141423913,2024,141423913,2,9,0,-1,19,5,1,-1,0,0,0,0,0,0,2,1,-1,6,2,48,8,-1,-1,-1,-1,2,E01010894,0,4
2024451469029,2024,451469029,2,1,0,-1,19,6,8,-1,0,8,0,0,0,0,1,1,-1,9,1,28,6,-1,-1,-1,-1,9,E01030992,0,1
2024010522298,2024,010522298,2,1,0,15,15,6,2,0,0,2,0,8,0,0,1,1,6,6,1,41,7,-1,-1,-1,-1,9,E01003381,0,1
2024010501881,2024,010501881,1,1,9,99,99,9,9,99,99,0,9,99,9,99,1,1,2,2,1,44,7,-1,-1,-1,-1,6,E01000352,0,1
2024010497227,2024,010497227,1,11,0,18,19,8,4,0,0,0,0,0,0,0,1,1,1,1,1,47,8,-1,-1,-1,-1,4,E01000518,0,2
2024010489930,2024,010489930,2,9,0,3,3,5,1,0,0,1,0,0,0,0,4,1,1,1,1,26,6,-1,-1,-1,-1,6,E01003711,0,1
2024131453577,2024,131453577,1,1,0,-1,19,7,3,-1,0,4,0,0,0,0,3,1,-1,2,1,57,9,-1,-1,-1,-1,7,E01011550,0,1
2024522500156,2024,522500156,1,23,0,18,19,5,1,0,0,1,0,0,0,0,1,1,6,6,1,60,9,-1,-1,-1,-1,5,E01035225,0,2
2024061474462,2024,061474462,1,1,0,-1,99,-1,-1,-1,99,0,9,99,9,99,3,1,-1,6,1,11,3,-1,-1,-1,-1,4,E01005724,0,1
2024010489398,2024,010489398,2,9,0,18,19,5,1,0,0,4,0,0,0,0,4,1,2,2,1,53,8,-1,-1,-1,-1,5,E01001855,0,1
2024451414834,2024,451414834,2,9,0,-1,4,1,5,-1,0,1,0,0,0,0,2,1,-1,6,1,44,7,-1,-1,-1,-1,6,E01030594,0,1
2024010491226,2024,010491226,1,9,0,9,9,7,6,0,0,6,0,0,0,0,3,1,6,6,1,24,5,-1,-1,-1,-1,7,E01011825,0,5
2024411468185,2024,411468185,2,9,0,-1,19,5,1,-1,0,1,0,0,0,0,1,1,-1,1,1,55,8,-1,-1,-1,-1,2,E01015608,0,4
2024052400369,2024,052400369,1,9,0,9,9,5,3,0,0,1,0,0,0,0,1,1,6,6,3,-1,-1,-1,-1,-1,-1,-1,-1,0,-1
2024041499861,2024,041499861,2,1,0,-1,19,3,7,-1,0,0,0,0,0,0,-1,1,-1,6,1,48,8,-1,-1,-1,-1,4,E01012620,0,1
2024501487477,2024,501487477,2,1,0,-1,19,7,3,-1,0,2,0,0,0,0,1,1,-1,6,-1,-1,-1,-1,-1,-1,-1,-1,-1,0,-1
2024010512303,2024,010512303,1,19,0,18,19,3,7,0,0,1,0,0,0,0,4,1,1,1,1,28,6,-1,-1,-1,-1,2,E01001772,0,1
2024440315785,2024,440315785,2,9,0,4,4,4,8,0,0,1,0,0,0,0,2,1,6,6,3,-1,-1,-1,-1,-1,-1,-1,-1,0,-1
2024010491257,2024,010491257,1,9,0,99,99,9,9,0,0,0,0,0,0,0,9,1,6,6,3,-1,-1,-1,-1,-1,-1,-1,-1,0,-1
2024010489380,2024,010489380,1,1,9,99,99,9,9,99,99,9,9,8,9,99,1,1,2,2,1,32,6,-1,-1,-1,-1,9,E01003895,0,2
2024161408818,2024,161408818,2,9,0,-1,19,7,3,-1,0,0,0,0,0,0,1,9,-1,9,1,-1,-1,-1,-1,-1,-1,-1,-1,0,-1
2024451534779,2024,451534779,1,-1,0,-1,9,5,3,-1,0,0,5,0,0,0,3,1,-1,9,1,17,4,-1,-1,-1,-1,10,E01030387,1,1
2024461456937,2024,461456937,2,97,0,-1,15,5,5,-1,0,1,1,0,0,0,1,1,-1,6,1,32,6,-1,-1,-1,-1,-1,-1,0,-1
2024991445937,2024,991445937,1,9,0,-1,4,4,8,-1,0,1,0,0,0,0,1,1,-1,6,1,30,6,-1,-1,-1,-1,1,-1,0,2
2024522402426,2024,522402426,1,1,0,7,7,2,4,0,0,5,0,0,0,0,1,1,6,6,1,38,7,-1,-1,-1,-1,9,E01014509,0,2
2024311448340,2024,311448340,1,9,0,-1,19,6,2,-1,0,0,0,0,7,4,3,1,-1,2,1,62,9,-1,-1,-1,-1,6,E01019545,0,4
2024430143817,2024,430143817,1,8,0,18,19,4,8,0,0,1,0,0,0,0,1,1,1,1,1,30,6,-1,-1,-1,-1,-1,-1,0,-1
2024010488066,2024,010488066,1,9,0,9,9,5,4,0,0,8,0,0,1,11,1,1,6,6,1,48,8,-1,-1,-1,-1,4,E01021845,0,4
2024201401805,2024,201401805,1,9,0,-1,19,6,2,-1,0,8,0,0,0,0,1,9,-1,6,3,25,5,-1,-1,-1,-1,-1,-1,0,-1
2024010535014,2024,010535014,2,1,0,5,5,5,1,4,4,1,0,0,0,0,1,1,1,1,1,25,5,-1,-1,-1,-1,7,E01000983,0,1
2024211435047,2024,211435047,1,99,-1,-1,13,8,4,-1,-1,0,-1,-1,-1,0,-1,9,-1,6,3,-1,-1,-1,-1,-1,-1,-1,-1,0,-1
2024122401038,2024,122401038,1,9,0,18,19,7,3,0,0,0,0,0,0,0,1,1,6,6,1,25,5,-1,-1,-1,-1,6,E01013369,0,1
2024421452865,2024,421452865,2,1,0,-1,19,2,6,-1,0,1,0,0,0,0,1,1,-1,6,1,55,8,-1,-1,-1,-1,9,E01021693,0,1
2024411414577,2024,411414577,1,1,0,-1,19,1,5,-1,0,0,0,0,0,0,0,1,-1,6,1,51,8,-1,-1,-1,-1,9,E01023713,0,1
2024501464248,2024,501464248,2,9,0,-1,19,5,1,-1,0,2,0,0,0,0,4,1,-1,9,1,49,8,-1,-1,-1,-1,1,E01015030,0,1
2024010538446,2024,010538446,1,1,9,99,99,9,9,99,99,9,9,99,9,99,9,1,2,2,1,21,5,-1,-1,-1,-1,2,E01000956,0,1
2024522403184,2024,522403184,2,-1,0,5,5,1,5,0,0,6,0,0,0,0,1,1,6,6,1,16,4,-1,-1,-1,-1,1,E01014658,1,1
2024010487283,2024,010487283,1,9,0,4,4,6,2,0,0,1,0,0,0,0,1,1,2,2,2,35,6,-1,-1,-1,-1,-1,-1,0,-1
2024522402972,2024,522402972,1,9,0,16,19,6,8,0,0,2,1,10,5,1,1,1,6,6,1,32,6,-1,-1,-1,-1,-1,-1,0,-1
2024201476214,2024,201476214,2,5,0,-1,5,6,2,-1,0,8,0,0,0,0,3,1,-1,2,1,50,8,-1,-1,-1,-1,7,E01031011,0,4
2024631511945,2024,631511945,1,9,0,-1,19,8,5,-1,0,8,0,0,0,0,1,2,-1,6,3,-1,-1,-1,-1,-1,-1,-1,-1,0,-1
2024010487160,2024,010487160,1,9,0,18,19,1,5,0,0,0,0,0,0,0,1,1,6,6,1,83,11,-1,-1,-1,-1,6,E01001494,0,1
2024010495401,2024,010495401,1,9,0,99,99,9,9,99,99,9,9,99,9,99,9,9,6,6,2,32,6,-1,-1,-1,-1,3,E01004233,0,1
2024010526901,2024,010526901,2,1,0,15,15,7,3,0,0,0,0,0,0,0,1,1,1,1,1,59,9,-1,-1,-1,-1,6,E01024578,0,4
2024161410153,2024,161410153,1,1,0,-1,19,6,2,-1,0,8,0,0,0,0,4,1,-1,9,1,35,6,-1,-1,-1,-1,1,E01012849,0,1
2024461403649,2024,461403649,1,9,0,-1,19,2,6,-1,0,1,0,0,0,0,1,9,-1,6,3,-1,-1,-1,-1,-1,-1,-1,-1,0,-1
2024131516455,2024,131516455,2,20,0,-1,19,3,7,-1,0,0,0,0,0,0,1,1,-1,9,1,36,7,-1,-1,-1,-1,2,-1,0,5
2024622400242,2024,622400242,1,1,0,18,19,5,2,0,0,8,0,0,0,0,3,1,6,6,1,34,6,-1,-1,-1,-1,1,W01001704,0,1
2024543057524,2024,543057524,2,1,0,18,19,2,6,9,9,1,0,0,0,0,1,1,6,6,1,32,6,-1,-1,-1,-1,3,E01031914,0,1
2024061461150,2024,061461150,2,9,-1,-1,-1,-1,-1,-1,-1,0,-1,-1,-1,0,-1,9,-1,6,3,-1,-1,-1,-1,-1,-1,-1,-1,0,-1
2024010508130,2024,010508130,1,1,9,99,99,9,9,99,99,9,9,99,9,99,1,1,2,2,1,34,6,-1,-1,-1,-1,6,E01001540,0,1
2024471400735,2024,471400735,1,9,0,-1,19,1,5,-1,0,0,0,0,0,0,3,1,-1,6,3,-1,-1,-1,-1,-1,-1,-1,-1,0,-1
2024430510775,2024,430510775,2,1,0,18,19,5,1,4,4,8,2,0,0,0,1,1,3,7,2,39,7,-1,-1,-1,-1,9,E01028531,0,1
2024520402233,2024,520402233,2,1,0,3,3,7,2,0,0,1,0,0,0,0,2,1,6,6,1,48,8,-1,-1,-1,-1,8,E01020156,0,4
2024211467317,2024,211467317,2,1,0,-1,19,7,3,-1,0,0,0,0,0,0,4,1,-1,1,1,34,6,-1,-1,-1,-1,1,E01032898,0,1
2024311462378,2024,311462378,1,9,0,-1,4,8,3,-1,0,1,0,0,0,0,3,9,-1,6,3,-1,-1,-1,-1,-1,-1,-1,-1,0,-1
2024361471315,2024,361471315,1,9,0,-1,19,7,5,-1,0,0,0,0,0,0,1,9,-1,6,3,40,7,-1,-1,-1,-1,-1,-1,0,-1
2024991449115,2024,991449115,1,9,0,-1,19,6,3,-1,0,8,0,0,0,0,3,2,-1,9,1,57,9,-1,-1,-1,-1,-1,-1,0,-1
2024471433277,2024,471433277,1,9,0,-1,19,4,8,-1,9,0,0,10,1,1,1,1,-1,9,1,66,10,-1,-1,-1,-1,9,E01021235,0,1
2024010490805,2024,010490805,2,1,0,5,5,3,7,4,4,6,5,0,0,0,1,1,1,1,1,29,6,-1,-1,-1,-1,2,E01003961,0,1
2024340WN6732,2024,340WN6732,1,9,0,-1,19,9,9,-1,0,1,0,0,0,0,1,1,-1,6,3,-1,-1,-1,-1,-1,-1,-1,-1,0,-1
2024010488451,2024,010488451,1,9,0,99,99,9,9,0,0,9,0,99,0,0,9,9,6,6,1,50,8,-1,-1,-1,-1,4,E01000958,0,1
2024522403293,2024,522403293,2,1,0,17,19,3,1,0,0,8,0,0,0,0,4,1,6,6,1,50,8,-1,-1,-1,-1,7,E01014845,0,1
2024010492088,2024,010492088,2,5,0,18,19,5,1,0,0,1,0,0,0,0,1,1,6,6,1,26,6,-1,-1,-1,-1,-1,-1,0,-1
2024061491692,2024,061491692,1,9,0,-1,19,1,5,-1,0,0,0,0,0,0,0,1,-1,6,1,30,6,-1,-1,-1,-1,-1,-1,0,-1
2024010511049,2024,010511049,2,9,0,99,99,9,9,99,99,0,9,99,9,99,9,9,6,6,3,-1,-1,-1,-1,-1,-1,-1,-1,0,-1
2024622400455,2024,622400455,1,1,0,18,19,2,6,0,0,0,0,0,0,0,4,1,6,6,1,14,3,-1,-1,-1,-1,10,W01001850,0,1
2024340WN4992,2024,340WN4992,2,9,0,-1,19,1,5,-1,0,0,0,0,0,0,4,1,-1,6,1,55,8,-1,-1,-1,-1,8,E01027004,0,3
2024010522786,2024,010522786,2,1,0,18,19,3,7,0,0,2,0,0,0,0,1,1,6,6,1,23,5,-1,-1,-1,-1,-1,-1,0,-1
2024440240791,2024,440240791,1,1,0,18,19,6,2,0,0,0,0,0,0,0,1,1,6,6,1,58,9,-1,-1,-1,-1,9,E01023016,0,3
2024461397369,2024,461397369,2,9,0,-1,3,5,2,-1,0,0,0,0,0,0,2,9,-1,2,2,56,9,-1,-1,-1,-1,8,E01024434,0,1
2024010517979,2024,010517979,1,19,9,13,13,5,1,99,99,9,9,99,9,99,3,1,1,1,1,56,9,-1,-1,-1,-1,4,E01001047,0,3
2024010526109,2024,010526109,1,9,0,18,19,1,5,0,0,1,0,0,0,0,1,1,6,6,3,-1,-1,-1,-1,-1,-1,-1,-1,0,-1
2024010521699,2024,010521699,2,1,0,18,19,7,3,5,5,8,0,0,0,0,1,1,2,2,1,24,5,-1,-1,-1,-1,2,E01003604,0,1
2024101414377,2024,101414377,2,9,0,-1,2,0,0,-1,-1,0,0,0,1,0,3,1,-1,6,1,43,7,-1,-1,-1,-1,-1,-1,0,-1
2024010497163,2024,010497163,2,9,9,99,99,9,9,99,99,9,9,99,9,99,9,9,6,6,3,-1,-1,-1,-1,-1,-1,-1,-1,0,-1
2024010501787,2024,010501787,2,1,0,4,4,3,7,0,0,5,0,0,0,0,1,1,1,1,1,35,6,-1,-1,-1,-1,8,E01016903,0,4
2024052402080,2024,052402080,2,1,0,18,19,3,7,0,0,0,0,0,0,0,4,1,6,6,1,54,8,-1,-1,-1,-1,7,E01007193,0,1
2024201452991,2024,201452991,1,9,0,-1,19,6,2,-1,0,0,0,0,0,0,4,1,-1,6,-1,-1,-1,-1,-1,-1,-1,-1,-1,0,-1
2024010532502,2024,010532502,1,3,0,18,19,1,5,0,0,0,0,0,0,0,1,1,6,6,3,-1,-1,-1,-1,-1,-1,-1,-1,0,-1
2024531483065,2024,531483065,3,9,0,-1,10,1,5,-1,0,1,0,0,0,0,3,1,-1,9,1,27,6,-1,-1,-1,-1,9,E01022183,0,4
2024010493372,2024,010493372,2,19,0,9,9,5,3,0,0,5,9,0,0,0,1,1,6,6,3,-1,-1,-1,-1,-1,-1,-1,-1,0,-1
2024311456647,2024,311456647,2,1,0,-1,5,1,2,-1,0,0,0,0,0,0,1,1,-1,6,1,9,2,-1,-1,-1,-1,-1,-1,0,-1
2024052401899,2024,052401899,1,9,0,1,1,7,4,0,0,0,0,0,0,0,2,1,6,6,3,-1,-1,-1,-1,-1,-1,-1,-1,0,-1
2024201484813,2024,201484813,2,-1,0,-1,19,5,1,-1,0,8,0,0,0,0,1,1,-1,6,1,16,4,-1,-1,-1,-1,-1,-1,1,-1
2024520002524,2024,520002524,2,9,0,18,19,1,5,0,0,2,0,0,0,0,1,1,6,6,3,-1,-1,-1,-1,-1,-1,-1,-1,0,-1
2024010487552,2024,010487552,2,9,0,99,99,9,9,99,99,9,9,99,9,99,9,9,6,6,3,-1,-1,-1,-1,-1,-1,-1,-1,0,-1
2024332400095,2024,332400095,1,9,0,-1,19,1,4,-1,0,0,1,0,1,10,1,1,-1,9,1,20,4,-1,-1,-1,-1,9,E01025893,0,1
2024522402388,2024,522402388,2,90,0,11,11,3,7,0,0,0,0,0,0,0,2,1,6,6,3,-1,-1,-1,-1,-1,-1,-1,-1,0,-1
2024131402232,2024,131402232,1,9,0,-1,19,7,3,-1,0,0,0,0,0,0,1,1,-1,6,2,25,5,-1,-1,-1,-1,1,E01010618,0,1
2024122401178,2024,122401178,2,1,0,18,19,3,7,0,0,8,0,0,0,0,1,1,2,2,1,40,7,-1,-1,-1,-1,7,E01033068,0,1
2024440426057,2024,440426057,1,1,0,18,19,4,8,0,0,0,0,10,0,0,1,1,4,7,1,16,4,-1,-1,-1,-1,5,E01017027,0,1
2024201428652,2024,201428652,1,8,0,-1,3,5,1,-1,0,1,0,0,0,0,1,1,-1,6,1,40,7,-1,-1,-1,-1,-1,-1,0,-1
2024552400964,2024,552400964,1,9,0,13,13,2,6,0,0,0,0,0,0,0,4,1,6,6,3,-1,-1,-1,-1,-1,-1,-1,-1,0,-1
2024010490032,2024,010490032,1,3,0,99,99,9,9,99,99,9,9,99,9,99,9,1,1,1,1,26,6,-1,-1,-1,-1,4,E01000637,0,1
2024010496456,2024,010496456,2,1,0,18,19,7,3,0,0,2,0,0,0,0,4,1,1,1,1,26,6,-1,-1,-1,-1,2,E01004205,0,1
2024351440596,2024,351440596,2,1,-1,-1,-1,-1,-1,-1,-1,0,-1,-1,-1,0,-1,1,-1,9,1,18,4,-1,-1,-1,-1,8,E01018224,0,3
2024531474484,2024,531474484,2,1,0,-1,19,7,3,-1,0,1,0,0,0,0,1,1,-1,2,2,36,7,-1,-1,-1,-1,5,E01022102,0,2
2024522403276,2024,522403276,1,1,0,18,19,1,5,0,0,8,0,0,0,0,3,1,6,6,1,16,4,-1,-1,-1,-1,10,E01014615,0,1