collision_index,collision_year,collision_ref_no,vehicle_reference,vehicle_type,towing_and_articulation,vehicle_manoeuvre_historic,vehicle_manoeuvre,vehicle_direction_from,vehicle_direction_to,vehicle_location_restricted_lane_historic,vehicle_location_restricted_lane,junction_location,skidding_and_overturning,hit_object_in_carriageway,vehicle_leaving_carriageway,hit_object_off_carriageway,first_point_of_impact,vehicle_left_hand_drive,journey_purpose_of_driver_historic,journey_purpose_of_driver,sex_of_driver,age_of_driver,age_band_of_driver,engine_capacity_cc,propulsion_code,age_of_vehicle,generic_make_model,driver_imd_decile,lsoa_of_driver,escooter_flag,driver_distance_banding
2024010517246,2024,010517246,2,1,0,18,19,1,5,0,0,1,0,0,0,0,1,1,2,2,1,28,6,-1,-1,-1,-1,6,E01000274,0,1
2024440228796,2024,440228796,1,3,0,18,19,2,6,0,0,0,0,0,0,0,1,1,6,6,1,33,6,-1,-1,-1,-1,9,E01022594,0,1
2024010497918,2024,010497918,2,9,0,99,99,9,9,99,99,9,9,99,9,99,2,9,6,6,3,-1,-1,-1,-1,-1,-1,10,E01000794,0,1
2024010491337,2024,010491337,2,9,0,18,19,3,7,0,0,0,0,0,0,0,3,1,2,2,1,62,9,-1,-1,-1,-1,5,E01004676,0,1
2024421434444,2024,421434444,1,9,0,-1,9,7,4,-1,0,0,0,0,0,0,1,9,-1,2,2,56,9,-1,-1,-1,-1,-1,-1,0,-1
2024622400051,2024,622400051,2,22,0,18,19,6,2,0,0,1,0,0,0,0,4,1,6,6,2,79,11,-1,-1,-1,-1,2,W01000834,0,1
2024991450976,2024,991450976,1,1,0,-1,19,8,3,-1,0,0,5,0,0,0,1,1,-1,9,1,26,6,-1,-1,-1,-1,6,-1,0,1
2024351430109,2024,351430109,1,9,0,-1,7,-1,-1,-1,4,5,0,0,0,0,4,9,-1,6,3,-1,-1,-1,-1,-1,-1,-1,-1,0,-1
2024010548103,2024,010548103,2,19,9,99,99,9,9,99,99,9,9,99,9,99,2,9,6,6,3,-1,-1,-1,-1,-1,-1,-1,-1,0,-1
2024501403032,2024,501403032,1,19,0,-1,1,1,5,-1,0,0,0,0,0,0,2,1,-1,1,1,42,7,-1,-1,-1,-1,4,E01019037,0,1
2024411420158,2024,411420158,1,1,0,-1,19,7,3,-1,9,0,0,0,0,0,1,1,-1,9,1,16,4,-1,-1,-1,-1,-1,-1,0,-1
2024161444853,2024,161444853,1,97,0,-1,19,8,4,-1,0,0,1,0,0,0,0,1,-1,6,1,16,4,-1,-1,-1,-1,1,E01012785,0,1
2024311524347,2024,311524347,1,1,0,-1,19,1,5,-1,0,1,0,0,0,0,1,1,-1,6,1,40,7,-1,-1,-1,-1,-1,-1,0,-1
2024101464978,2024,101464978,1,9,-1,-1,19,7,1,-1,0,1,0,0,0,0,-1,9,-1,6,3,-1,-1,-1,-1,-1,-1,-1,-1,0,-1
2024311406084,2024,311406084,2,1,0,-1,19,4,7,-1,0,2,5,0,0,0,4,1,-1,2,1,66,10,-1,-1,-1,-1,1,E01013881,0,1
2024371416770,2024,371416770,1,9,0,-1,19,7,3,-1,0,0,0,0,0,0,0,9,-1,6,3,16,4,-1,-1,-1,-1,-1,-1,0,-1
2024141518810,2024,141518810,1,1,0,-1,10,7,5,-1,0,8,5,0,0,0,2,1,-1,2,1,16,4,-1,-1,-1,-1,1,E01007378,0,2
2024991439049,2024,991439049,2,9,0,-1,2,0,0,-1,0,0,0,0,0,0,0,1,-1,1,1,40,7,-1,-1,-1,-1,-1,-1,0,-1
2024461410291,2024,461410291,2,19,0,-1,4,7,3,-1,0,0,0,0,0,0,2,1,-1,2,1,30,6,-1,-1,-1,-1,3,E01035313,0,4
2024461393694,2024,461393694,2,9,0,-1,4,4,8,-1,0,0,0,0,0,0,3,1,-1,9,1,33,6,-1,-1,-1,-1,5,E01024571,0,4
2024010526790,2024,010526790,2,11,0,99,99,9,9,99,99,9,9,99,9,99,1,9,6,6,3,-1,-1,-1,-1,-1,-1,-1,-1,0,-1
2024161418806,2024,161418806,1,9,3,-1,9,5,3,-1,0,6,0,0,0,0,3,1,-1,9,1,68,10,-1,-1,-1,-1,3,E01007374,0,4
2024211402668,2024,211402668,2,1,0,-1,19,7,3,-1,0,1,0,0,0,0,1,1,-1,9,1,14,3,-1,-1,-1,-1,4,E01029692,0,1
2024201437943,2024,201437943,1,9,0,-1,19,6,2,-1,0,0,0,0,0,0,1,1,-1,6,3,-1,-1,-1,-1,-1,-1,-1,-1,0,-1
2024481564129,2024,481564129,2,1,0,-1,7,3,5,-1,5,1,0,0,0,0,4,1,-1,2,2,48,8,-1,-1,-1,-1,-1,-1,0,-1
2024101394233,2024,101394233,1,9,0,-1,19,8,4,-1,0,2,1,4,0,0,1,1,-1,6,1,78,11,-1,-1,-1,-1,1,E01027392,0,1
2024311450416,2024,311450416,1,9,-1,-1,19,4,8,-1,0,0,0,0,0,0,0,9,-1,6,3,-1,-1,-1,-1,-1,-1,-1,-1,0,-1
2024161438438,2024,161438438,2,1,0,-1,19,8,4,-1,0,1,0,0,0,0,1,1,-1,6,1,9,2,-1,-1,-1,-1,7,E01013126,0,1
2024471527371,2024,471527371,1,9,0,-1,2,0,0,-1,9,2,0,0,0,0,4,1,-1,6,1,20,4,-1,-1,-1,-1,10,E01031627,0,3
2024010526660,2024,010526660,3,1,9,99,99,9,9,99,99,9,9,99,9,99,0,1,6,6,3,-1,-1,-1,-1,-1,-1,-1,-1,0,-1
2024231401695,2024,231401695,1,9,0,-1,13,2,6,-1,0,0,1,0,1,1,2,9,-1,9,2,41,7,-1,-1,-1,-1,10,E01031305,0,2
2024111473979,2024,111473979,3,9,0,-1,19,8,4,-1,0,2,0,0,0,0,1,1,-1,9,1,65,9,-1,-1,-1,-1,4,E01020891,0,3
2024010490251,2024,010490251,4,9,0,3,3,1,5,0,0,2,0,0,0,0,2,1,6,6,2,46,8,-1,-1,-1,-1,1,E01002673,0,1
2024010523306,2024,010523306,1,1,9,99,99,9,9,99,99,9,9,99,9,99,1,1,6,6,3,-1,-1,-1,-1,-1,-1,-1,-1,0,-1
2024481569641,2024,481569641,1,1,0,-1,19,1,5,-1,0,1,0,0,0,0,1,1,-1,6,1,30,6,-1,-1,-1,-1,-1,-1,0,-1
2024061502157,2024,061502157,2,99,-1,-1,-1,-1,-1,-1,-1,0,-1,-1,-1,0,-1,9,-1,6,3,-1,-1,-1,-1,-1,-1,-1,-1,0,-1
2024061468656,2024,061468656,2,1,-1,-1,-1,-1,-1,-1,-1,0,-1,-1,-1,0,-1,1,-1,6,3,39,7,-1,-1,-1,-1,7,E01005173,0,1
2024041418215,2024,041418215,2,1,0,-1,3,5,1,-1,0,0,5,0,0,0,2,1,-1,2,1,25,5,-1,-1,-1,-1,7,E01025411,0,1
2024411501099,2024,411501099,2,5,0,-1,4,1,1,-1,0,1,0,0,0,0,2,1,-1,6,1,58,9,-1,-1,-1,-1,8,E01023486,0,3
2024010506425,2024,010506425,1,9,0,99,99,9,9,99,99,9,9,99,9,99,1,9,6,6,3,-1,-1,-1,-1,-1,-1,-1,-1,0,-1
2024221427856,2024,221427856,1,9,0,-1,19,8,4,-1,0,0,0,0,0,0,0,9,-1,6,3,45,7,-1,-1,-1,-1,-1,-1,0,-1
2024471535110,2024,471535110,2,1,0,-1,19,5,1,-1,0,8,0,0,0,0,4,1,-1,1,1,40,7,-1,-1,-1,-1,4,E01020957,0,2
2024211481199,2024,211481199,1,9,0,-1,19,7,3,-1,0,0,0,0,0,0,2,1,-1,6,1,25,5,-1,-1,-1,-1,-1,-1,0,-1
2024440218142,2024,440218142,1,9,0,2,2,0,0,0,0,0,0,0,0,0,3,1,6,6,3,-1,-1,-1,-1,-1,-1,-1,-1,0,-1
2024010537225,2024,010537225,2,9,9,99,99,9,9,99,99,9,9,99,9,99,9,9,6,6,3,32,6,-1,-1,-1,-1,10,E01030604,0,4
2024010510073,2024,010510073,1,9,0,18,19,6,2,0,0,1,0,0,0,0,1,1,6,6,3,-1,-1,-1,-1,-1,-1,-1,-1,0,-1
2024430019942,2024,430019942,2,9,0,18,19,3,7,0,0,0,1,0,0,0,2,1,6,6,1,59,9,-1,-1,-1,-1,4,E01033930,0,3
2024010536851,2024,010536851,2,9,0,18,19,3,7,0,0,0,0,0,0,0,1,1,6,6,3,-1,-1,-1,-1,-1,-1,-1,-1,0,-1
2024010491118,2024,010491118,1,9,0,9,9,4,2,0,0,6,0,0,0,0,1,1,2,2,1,21,5,-1,-1,-1,-1,2,E01003243,0,1
2024211529779,2024,211529779,1,99,0,-1,19,5,1,-1,0,0,0,0,0,0,1,9,-1,6,3,21,5,-1,-1,-1,-1,-1,-1,0,-1
2024010524011,2024,010524011,1,1,9,18,19,9,9,99,99,9,9,99,9,99,9,1,1,1,1,17,4,-1,-1,-1,-1,4,E01003440,0,1
2024991413682,2024,991413682,1,9,0,-1,9,7,5,-1,0,8,0,0,0,0,4,1,-1,9,1,35,6,-1,-1,-1,-1,8,-1,0,2
2024471473925,2024,471473925,2,1,0,-1,19,7,3,-1,0,0,0,0,0,0,1,1,-1,6,1,73,10,-1,-1,-1,-1,6,E01022940,0,3
2024010533347,2024,010533347,2,1,0,18,19,8,4,4,4,1,0,0,0,0,1,1,6,6,2,36,7,-1,-1,-1,-1,3,E01001011,0,1
2024332400964,2024,332400964,1,98,0,-1,12,1,5,-1,0,0,0,0,0,0,3,1,-1,6,3,-1,-1,-1,-1,-1,-1,-1,-1,0,-1
2024010495023,2024,010495023,1,9,0,18,19,3,7,0,0,0,0,0,0,0,2,1,1,1,1,59,9,-1,-1,-1,-1,3,E01000385,0,3
2024351406749,2024,351406749,1,1,0,-1,9,1,5,-1,0,0,2,0,0,0,3,1,-1,6,2,19,4,-1,-1,-1,-1,4,E01008997,0,5
2024461471454,2024,461471454,1,9,0,-1,14,5,1,-1,0,8,5,0,0,0,3,9,-1,6,1,58,9,-1,-1,-1,-1,5,E01024223,0,1
2024411507839,2024,411507839,2,9,0,-1,5,5,1,-1,0,0,0,0,0,0,2,1,-1,6,-1,24,5,-1,-1,-1,-1,4,E01023772,0,3
2024010496275,2024,010496275,2,3,0,15,15,3,7,0,0,4,0,0,0,0,3,1,6,6,1,31,6,-1,-1,-1,-1,6,E01003675,0,1
2024122400829,2024,122400829,1,1,0,18,19,5,1,0,0,0,0,0,0,0,1,1,1,1,1,32,6,-1,-1,-1,-1,2,E01013399,0,1
2024052401927,2024,052401927,2,9,0,2,2,0,0,0,0,8,0,0,0,0,1,1,6,6,3,-1,-1,-1,-1,-1,-1,-1,-1,0,-1
2024201469558,2024,201469558,2,9,0,-1,4,5,1,-1,0,0,0,0,0,0,2,1,-1,6,1,49,8,-1,-1,-1,-1,1,E01009122,0,1
2024501456921,2024,501456921,2,9,0,-1,19,4,8,-1,0,8,0,0,0,0,1,1,-1,9,1,68,10,-1,-1,-1,-1,4,E01018866,0,1
2024351436053,2024,351436053,2,1,0,-1,7,5,7,-1,0,6,0,0,0,0,1,1,-1,6,1,48,8,-1,-1,-1,-1,5,E01017954,0,1
2024501453148,2024,501453148,2,9,0,-1,19,8,4,-1,0,8,0,0,2,0,1,1,-1,9,1,57,9,-1,-1,-1,-1,2,E01015082,0,1
2024141452487,2024,141452487,2,9,0,-1,-1,-1,-1,-1,-1,-1,-1,-1,-1,0,-1,9,-1,6,1,-1,-1,-1,-1,-1,-1,-1,-1,0,-1
2024010506430,2024,010506430,2,9,0,99,99,9,9,99,99,9,9,99,9,99,1,9,6,6,3,-1,-1,-1,-1,-1,-1,-1,-1,0,-1
2024131476256,2024,131476256,1,9,0,-1,4,1,3,-1,0,0,0,0,0,0,1,1,-1,2,1,58,9,-1,-1,-1,-1,4,E01010756,0,4
2024231437819,2024,231437819,1,21,1,-1,11,3,6,-1,0,8,0,0,0,0,1,9,-1,1,1,45,7,-1,-1,-1,-1,-1,-1,0,-1
2024340NN2712,2024,340NN2712,1,19,0,-1,9,1,3,-1,0,6,0,0,0,0,3,1,-1,1,1,32,6,-1,-1,-1,-1,3,E01027330,0,1
2024031453128,2024,031453128,1,9,0,-1,2,3,7,-1,0,2,0,0,0,0,1,9,-1,6,1,32,6,-1,-1,-1,-1,4,E01019118,0,1
2024302401050,2024,302401050,3,19,0,2,2,0,0,0,0,0,0,0,0,0,1,1,6,6,3,-1,-1,-1,-1,-1,-1,-1,-1,0,-1
2024311514463,2024,311514463,2,23,0,-1,19,6,2,-1,0,0,0,0,0,0,1,1,-1,6,1,16,4,-1,-1,-1,-1,-1,-1,0,-1
2024141466341,2024,141466341,2,98,0,-1,19,2,6,-1,0,0,0,0,0,0,1,9,-1,6,3,-1,-1,-1,-1,-1,-1,-1,-1,0,-1
2024320160274,2024,320160274,2,21,0,-1,-1,1,5,0,0,2,0,0,1,9,1,1,1,1,1,48,8,-1,-1,-1,-1,4,E01007331,0,5
2024052402682,2024,052402682,1,9,0,11,11,1,5,0,0,0,0,0,0,0,4,1,6,6,3,-1,-1,-1,-1,-1,-1,-1,-1,0,-1
2024361529567,2024,361529567,2,9,0,-1,19,6,3,-1,0,2,0,0,0,0,1,1,-1,9,2,55,8,-1,-1,-1,-1,6,E01033541,0,1
2024010493048,2024,010493048,2,9,9,99,99,9,9,99,99,9,9,99,9,99,9,9,6,6,3,-1,-1,-1,-1,-1,-1,-1,-1,0,-1
2024010528820,2024,010528820,2,1,0,18,19,7,3,0,0,1,0,0,0,0,0,1,6,6,2,41,7,-1,-1,-1,-1,1,E01000524,0,2
2024010489439,2024,010489439,2,9,0,99,99,9,9,99,99,9,9,99,9,99,1,9,6,6,3,-1,-1,-1,-1,-1,-1,-1,-1,0,-1
2024421504812,2024,421504812,2,9,-1,-1,19,5,1,-1,0,1,-1,-1,-1,0,2,9,-1,6,3,-1,-1,-1,-1,-1,-1,-1,-1,0,-1
2024471397011,2024,471397011,2,1,0,-1,19,7,3,-1,0,8,0,0,0,0,4,1,-1,6,2,57,9,-1,-1,-1,-1,4,E01031428,0,1
2024549715324,2024,549715324,1,9,0,18,19,6,2,0,0,4,0,0,0,0,3,1,1,1,1,76,11,-1,-1,-1,-1,9,E01015501,0,1
2024122400891,2024,122400891,2,1,0,18,19,2,6,0,0,1,0,0,0,0,2,1,2,2,1,39,7,-1,-1,-1,-1,5,E01013359,0,1
2024501461447,2024,501461447,1,99,0,-1,4,4,8,-1,0,0,0,0,0,0,2,9,-1,6,3,10,2,-1,-1,-1,-1,-1,-1,0,-1
2024010503723,2024,010503723,2,98,0,99,99,9,9,0,0,9,0,0,0,0,9,9,6,6,3,37,7,-1,-1,-1,-1,7,E01023963,0,4
2024010490303,2024,010490303,1,9,0,7,7,1,4,0,0,1,2,7,0,0,1,1,6,6,1,41,7,-1,-1,-1,-1,3,E01000107,0,3
202417M215724,2024,17M215724,2,1,0,-1,19,8,4,-1,9,0,0,0,0,0,2,1,-1,9,1,14,3,-1,-1,-1,-1,1,E01012061,0,1
2024010492839,2024,010492839,2,9,0,9,9,5,3,0,0,6,0,0,0,0,1,1,1,1,1,44,7,-1,-1,-1,-1,4,E01003719,0,1
2024311452379,2024,311452379,1,9,0,-1,19,1,5,-1,0,0,0,0,0,0,1,9,-1,6,3,-1,-1,-1,-1,-1,-1,-1,-1,0,-1
2024522401818,2024,522401818,2,1,0,18,19,8,4,0,0,8,0,0,0,0,1,1,6,6,3,-1,-1,-1,-1,-1,-1,-1,-1,0,-1
2024010545878,2024,010545878,2,1,0,18,19,1,5,0,0,1,0,0,1,0,3,1,2,2,1,29,6,-1,-1,-1,-1,2,E01002760,0,1
2024010493096,2024,010493096,1,3,0,99,99,9,9,99,99,9,9,99,9,99,9,1,2,2,1,24,5,-1,-1,-1,-1,3,E01001491,0,1
2024440476149,2024,440476149,2,1,0,18,19,2,6,0,0,1,0,0,0,0,4,1,6,6,1,77,11,-1,-1,-1,-1,10,E01022663,0,1
2024501463850,2024,501463850,3,9,0,-1,8,4,7,-1,0,1,0,0,0,0,3,1,-1,6,1,60,9,-1,-1,-1,-1,8,E01011217,0,5
2024010505124,2024,010505124,1,3,0,18,19,5,1,0,0,8,0,0,1,0,4,1,6,6,1,21,5,-1,-1,-1,-1,4,E01000611,0,3
2024161456057,2024,161456057,1,1,0,-1,19,6,2,-1,0,4,0,0,1,0,1,1,-1,9,1,31,6,-1,-1,-1,-1,8,E01012814,0,2
2024451471967,2024,451471967,2,9,0,-1,3,7,3,-1,0,1,0,0,0,0,1,9,-1,6,2,-1,-1,-1,-1,-1,-1,-1,-1,0,-1
2024161441883,2024,161441883,2,9,0,-1,19,7,3,-1,0,0,0,0,0,0,2,1,-1,9,1,53,8,-1,-1,-1,-1,8,E01013256,0,2
2024451479616,2024,451479616,2,9,0,-1,9,8,4,-1,0,2,0,0,0,0,0,1,-1,6,3,30,6,-1,-1,-1,-1,-1,-1,0,-1
2024471486530,2024,471486530,3,19,0,-1,3,3,7,-1,0,0,0,0,0,0,0,9,-1,6,-1,-1,-1,-1,-1,-1,-1,-1,-1,0,-1
2024361395397,2024,361395397,1,9,0,-1,19,7,3,-1,0,0,1,0,7,0,1,9,-1,6,2,18,4,-1,-1,-1,-1,5,E01026491,0,2
2024501512813,2024,501512813,2,1,0,-1,19,3,7,-1,4,1,5,4,0,0,1,1,-1,6,1,54,8,-1,-1,-1,-1,4,E01034158,0,1
202454C190224,2024,54C190224,1,9,0,9,9,2,6,0,0,8,0,0,0,0,1,1,6,6,1,-1,-1,-1,-1,-1,-1,-1,-1,0,-1
2024361434693,2024,361434693,1,1,0,-1,19,-1,-1,-1,0,1,0,0,0,0,-1,1,-1,6,1,-1,-1,-1,-1,-1,-1,-1,-1,0,-1
2024010545316,2024,010545316,1,-1,9,99,99,9,9,99,99,9,9,99,9,99,9,9,6,6,3,-1,-1,-1,-1,-1,-1,-1,-1,1,-1
2024101456590,2024,101456590,2,1,0,-1,9,7,4,-1,0,1,0,0,0,0,3,1,-1,2,1,34,6,-1,-1,-1,-1,1,E01008438,0,1
2024010490195,2024,010490195,2,9,0,99,99,9,9,99,99,5,9,99,9,99,1,9,6,6,3,-1,-1,-1,-1,-1,-1,-1,-1,0,-1
2024070654495,2024,070654495,2,9,0,4,4,1,5,0,0,1,0,0,0,0,3,1,6,6,2,48,8,-1,-1,-1,-1,10,E01018456,0,1
2024010532621,2024,010532621,1,1,9,99,99,9,9,99,99,9,9,99,9,99,1,1,2,2,1,22,5,-1,-1,-1,-1,5,E01032783,0,2
2024052400081,2024,052400081,1,19,0,18,19,7,3,0,0,0,0,0,0,0,4,1,1,1,3,-1,-1,-1,-1,-1,-1,-1,-1,0,-1
2024548236424,2024,548236424,1,5,0,16,19,8,4,0,0,0,0,0,0,0,1,1,6,6,1,56,9,-1,-1,-1,-1,9,E01022217,0,4
2024010495123,2024,010495123,1,3,0,5,5,1,5,0,0,2,0,0,0,0,0,1,6,6,1,20,4,-1,-1,-1,-1,2,E01000045,0,4
2024010516770,2024,010516770,2,9,0,99,99,9,9,99,99,9,9,99,9,99,1,9,6,6,3,-1,-1,-1,-1,-1,-1,-1,-1,0,-1
2024010515958,2024,010515958,2,9,0,99,99,9,9,99,99,9,9,99,9,99,9,9,6,6,3,-1,-1,-1,-1,-1,-1,-1,-1,0,-1
2024302401391,2024,302401391,2,9,0,16,19,3,6,0,0,0,5,0,0,0,3,1,6,6,1,51,8,-1,-1,-1,-1,1,E01009758,0,5
2024061469494,2024,061469494,1,1,0,-1,12,6,3,-1,0,0,0,0,0,0,3,1,-1,1,1,42,7,-1,-1,-1,-1,8,E01006339,0,1
2024010491526,2024,010491526,1,9,0,9,9,3,1,0,0,8,0,0,0,0,1,1,2,2,1,26,6,-1,-1,-1,-1,3,E01033491,0,1
2024531480032,2024,531480032,3,9,0,-1,9,7,4,-1,0,8,0,0,0,0,0,9,-1,6,-1,-1,-1,-1,-1,-1,-1,-1,-1,0,-1
2024010517067,2024,010517067,2,9,0,99,99,9,9,99,99,9,9,99,9,99,1,9,6,6,3,-1,-1,-1,-1,-1,-1,-1,-1,0,-1
2024421445824,2024,421445824,1,97,0,-1,19,2,6,-1,0,0,0,0,0,0,-1,1,-1,6,3,-1,-1,-1,-1,-1,-1,-1,-1,0,-1
2024501405809,2024,501405809,1,97,0,-1,19,1,5,-1,0,2,1,0,4,0,2,1,-1,6,1,18,4,-1,-1,-1,-1,6,E01015243,0,2
2024010529151,2024,010529151,2,97,0,15,15,9,9,99,99,0,9,99,9,99,9,1,6,6,3,-1,-1,-1,-1,-1,-1,-1,-1,0,-1
2024010539502,2024,010539502,2,1,0,18,19,5,1,0,0,1,0,0,0,0,2,1,6,6,1,23,5,-1,-1,-1,-1,3,E01004011,0,1
2024311464572,2024,311464572,2,23,0,-1,19,4,4,-1,0,0,0,0,0,0,1,1,-1,6,1,19,4,-1,-1,-1,-1,-1,-1,0,-1
2024041439686,2024,041439686,1,-1,0,-1,19,3,7,-1,0,0,0,0,0,0,0,1,-1,6,1,13,3,-1,-1,-1,-1,1,E01025154,1,1
2024010497694,2024,010497694,2,1,0,18,19,7,3,0,0,1,0,0,0,0,1,1,6,6,1,59,9,-1,-1,-1,-1,8,E01004623,0,1
2024221517999,2024,221517999,1,21,1,-1,19,6,2,-1,0,0,0,10,1,10,1,9,-1,1,1,57,9,-1,-1,-1,-1,-1,-1,0,-1
2024421500248,2024,421500248,1,9,0,-1,19,8,3,-1,0,0,0,0,0,0,3,1,-1,9,1,20,4,-1,-1,-1,-1,5,E01021420,0,4
2024332400388,2024,332400388,1,9,0,-1,19,8,4,-1,0,0,0,0,7,0,1,1,-1,9,1,34,6,-1,-1,-1,-1,10,E01025648,0,2
2024440373576,2024,440373576,2,99,0,18,19,1,5,0,0,4,0,0,0,0,0,1,6,6,3,-1,-1,-1,-1,-1,-1,-1,-1,0,-1
2024141450031,2024,141450031,1,9,0,-1,19,8,4,-1,0,0,5,4,0,0,4,1,-1,9,2,71,10,-1,-1,-1,-1,8,E01007890,0,1
2024141525833,2024,141525833,1,9,0,-1,19,1,5,-1,0,1,0,0,0,0,1,1,-1,6,3,-1,-1,-1,-1,-1,-1,-1,-1,0,-1
2024302401497,2024,302401497,3,9,0,18,19,6,2,0,0,1,0,0,0,0,0,1,6,6,3,-1,-1,-1,-1,-1,-1,5,E01019456,0,4
2024010496454,2024,010496454,2,1,0,18,19,3,7,0,0,7,0,0,0,0,1,1,6,6,1,24,5,-1,-1,-1,-1,3,E01002264,0,1
2024010495962,2024,010495962,1,9,0,99,99,9,9,99,99,9,9,99,9,99,1,9,6,6,1,50,8,-1,-1,-1,-1,9,E01004692,0,1
2024421508184,2024,421508184,1,9,0,-1,-1,-1,-1,-1,-1,0,-1,-1,-1,0,-1,9,-1,6,2,-1,-1,-1,-1,-1,-1,-1,-1,0,-1
2024991522009,2024,991522009,2,19,0,-1,19,4,8,-1,0,8,0,0,0,0,4,1,-1,1,1,32,6,-1,-1,-1,-1,4,-1,0,2
2024421429834,2024,421429834,2,9,0,-1,19,5,1,-1,0,0,0,0,0,0,4,9,-1,6,2,35,6,-1,-1,-1,-1,5,E01021907,0,1
2024311518915,2024,311518915,1,9,0,-1,9,3,1,-1,0,8,0,0,0,0,1,1,-1,9,2,20,4,-1,-1,-1,-1,8,E01028420,0,2
2024052400475,2024,052400475,1,9,0,5,5,4,1,0,0,1,0,0,0,0,1,1,6,6,3,-1,-1,-1,-1,-1,-1,-1,-1,0,-1
2024340NN4292,2024,340NN4292,1,9,0,-1,9,7,5,-1,0,6,0,0,0,0,4,1,-1,6,3,-1,-1,-1,-1,-1,-1,-1,-1,0,-1
2024010541348,2024,010541348,1,1,0,12,12,5,1,0,0,0,0,0,0,0,2,1,6,6,1,43,7,-1,-1,-1,-1,10,E01003891,0,1
2024231456737,2024,231456737,1,9,0,-1,4,1,3,-1,0,4,0,10,7,1,1,1,-1,9,1,35,6,-1,-1,-1,-1,2,E01034745,0,3
2024471479742,2024,471479742,1,23,0,-1,19,4,8,-1,9,0,0,0,1,0,1,1,-1,6,1,18,4,-1,-1,-1,-1,6,E01031712,0,1
2024311413925,2024,311413925,2,1,0,-1,19,8,2,-1,0,1,0,0,0,0,2,1,-1,6,1,56,9,-1,-1,-1,-1,4,E01013890,0,1
2024161519761,2024,161519761,1,1,0,-1,19,7,3,-1,0,0,0,4,0,0,1,1,-1,6,2,24,5,-1,-1,-1,-1,1,E01012847,0,1
2024010496840,2024,010496840,2,19,0,7,7,9,9,99,99,9,9,99,9,99,9,9,6,6,3,48,8,-1,-1,-1,-1,4,E01001002,0,2
2024522402590,2024,522402590,2,9,0,9,9,3,1,0,0,5,0,0,0,0,3,1,6,6,1,36,7,-1,-1,-1,-1,8,E01014705,0,1
2024010529022,2024,010529022,2,1,0,18,19,3,7,0,0,8,5,0,0,0,1,1,1,1,1,38,7,-1,-1,-1,-1,4,E01003534,0,1
2024430037275,2024,430037275,2,9,0,18,19,1,5,0,0,4,0,0,0,0,1,1,6,6,1,-1,-1,-1,-1,-1,-1,-1,-1,0,-1
2024010526204,2024,010526204,1,1,0,18,19,2,6,0,0,2,9,0,0,0,1,1,6,6,1,24,5,-1,-1,-1,-1,-1,-1,0,-1
2024201553744,2024,201553744,1,9,0,-1,14,4,8,-1,0,0,0,0,0,0,1,9,-1,2,1,55,8,-1,-1,-1,-1,2,E01033642,0,1
2024131524144,2024,131524144,2,9,0,-1,19,5,1,-1,0,8,0,0,1,11,3,1,-1,6,1,30,6,-1,-1,-1,-1,2,E01010619,0,1
2024101555845,2024,101555845,1,9,0,-1,19,1,5,-1,0,1,0,0,0,0,1,1,-1,6,2,23,5,-1,-1,-1,-1,9,E01008448,0,2
2024010494826,2024,010494826,1,9,0,7,7,1,2,0,0,2,0,0,0,0,1,1,6,6,3,-1,-1,-1,-1,-1,-1,-1,-1,0,-1
2024010516829,2024,010516829,2,9,0,99,99,9,9,99,99,9,9,99,9,99,1,9,6,6,3,-1,-1,-1,-1,-1,-1,-1,-1,0,-1
2024461523751,2024,461523751,2,9,0,-1,19,3,7,-1,0,2,1,4,0,0,1,1,-1,6,2,28,6,-1,-1,-1,-1,2,E01024684,0,4
2024131444890,2024,131444890,1,90,0,-1,15,1,5,-1,0,1,1,0,0,0,1,1,-1,6,1,19,4,-1,-1,-1,-1,1,E01011134,0,1
2024411525839,2024,411525839,2,9,0,-1,19,7,3,-1,0,0,0,0,0,0,2,9,-1,6,3,25,5,-1,-1,-1,-1,-1,-1,0,-1
2024010525011,2024,010525011,2,1,0,15,15,2,6,0,0,1,5,8,0,0,4,1,6,6,2,42,7,-1,-1,-1,-1,4,E01000608,0,1
2024351423595,2024,351423595,1,9,-1,-1,-1,-1,-1,-1,-1,-1,-1,-1,-1,0,-1,9,-1,6,3,-1,-1,-1,-1,-1,-1,-1,-1,0,-1
2024302400154,2024,302400154,1,9,0,18,19,8,4,0,0,0,0,0,0,0,1,1,6,6,1,22,5,-1,-1,-1,-1,9,E01019829,0,4
2024201465741,2024,201465741,1,9,0,-1,19,4,8,-1,0,1,0,0,0,0,1,9,-1,9,3,-1,-1,-1,-1,-1,-1,-1,-1,0,-1
2024070532517,2024,070532517,1,98,5,18,19,5,1,0,0,0,4,0,1,4,1,1,1,1,1,38,7,-1,-1,-1,-1,3,E01018461,0,2
2024010543860,2024,010543860,1,9,0,99,99,9,9,99,99,9,9,99,9,99,9,9,6,6,2,62,9,-1,-1,-1,-1,8,E01002372,0,1
2024430000878,2024,430000878,2,9,0,18,19,7,3,0,0,0,1,0,0,0,3,1,6,6,2,54,8,-1,-1,-1,-1,8,E01023182,0,4
2024211514254,2024,211514254,2,21,1,-1,19,5,1,-1,0,0,0,0,0,0,1,2,-1,1,1,39,7,-1,-1,-1,-1,-1,-1,0,-1
2024340WN6742,2024,340WN6742,1,9,0,-1,19,9,9,-1,0,2,0,0,0,0,4,1,-1,6,1,20,4,-1,-1,-1,-1,-1,-1,0,-1
2024052401413,2024,052401413,1,9,0,18,19,1,5,0,0,1,0,0,0,0,1,1,6,6,3,-1,-1,-1,-1,-1,-1,-1,-1,0,-1
2024471473638,2024,471473638,2,9,0,-1,19,2,6,-1,0,0,0,0,0,0,0,9,-1,6,3,-1,-1,-1,-1,-1,-1,-1,-1,0,-1
2024101464204,2024,101464204,2,1,0,-1,19,7,3,-1,0,8,5,0,0,0,4,1,-1,7,1,13,3,-1,-1,-1,-1,1,E01027412,0,1
2024010504414,2024,010504414,1,3,0,99,99,9,9,99,99,9,9,99,9,99,9,1,1,1,1,37,7,-1,-1,-1,-1,2,E01001202,0,2
2024010543319,2024,010543319,1,90,9,99,99,9,9,0,0,0,9,99,9,99,9,9,6,6,3,-1,-1,-1,-1,-1,-1,-1,-1,0,-1