collision_index,collision_year,collision_ref_no,vehicle_reference,vehicle_type,towing_and_articulation,vehicle_manoeuvre_historic,vehicle_manoeuvre,vehicle_direction_from,vehicle_direction_to,vehicle_location_restricted_lane_historic,vehicle_location_restricted_lane,junction_location,skidding_and_overturning,hit_object_in_carriageway,vehicle_leaving_carriageway,hit_object_off_carriageway,first_point_of_impact,vehicle_left_hand_drive,journey_purpose_of_driver_historic,journey_purpose_of_driver,sex_of_driver,age_of_driver,age_band_of_driver,engine_capacity_cc,propulsion_code,age_of_vehicle,generic_make_model,driver_imd_decile,lsoa_of_driver,escooter_flag,driver_distance_banding
2024131450597,2024,131450597,1,98,0,-1,-1,-1,-1,-1,-1,-1,-1,-1,-1,0,-1,1,-1,6,3,-1,-1,-1,-1,-1,-1,3,E01010595,0,1
2024010495105,2024,010495105,2,9,0,2,2,0,0,0,0,2,0,0,0,0,2,1,6,6,3,-1,-1,-1,-1,-1,-1,-1,-1,0,-1
2024131437011,2024,131437011,1,-1,0,-1,19,3,7,-1,0,8,0,0,0,0,3,1,-1,9,1,23,5,-1,-1,-1,-1,6,E01011883,1,1
2024010494889,2024,010494889,1,8,9,99,99,9,9,99,99,2,9,99,9,99,9,9,6,6,1,27,6,-1,-1,-1,-1,4,E01004234,0,3
2024311467748,2024,311467748,1,22,0,-1,19,7,1,-1,9,0,0,0,0,0,1,1,-1,6,1,55,8,-1,-1,-1,-1,-1,-1,0,-1
2024440459285,2024,440459285,1,1,0,18,19,5,1,0,0,1,0,0,0,0,1,1,6,6,1,46,8,-1,-1,-1,-1,9,E01017060,0,1
2024010523970,2024,010523970,1,1,9,99,99,9,9,99,99,9,9,99,9,99,1,1,2,2,1,23,5,-1,-1,-1,-1,4,E01004270,0,1
2024421402706,2024,421402706,2,1,0,-1,19,7,3,-1,0,1,0,0,0,0,4,1,-1,9,1,75,10,-1,-1,-1,-1,9,E01021352,0,1
2024161487353,2024,161487353,2,9,0,-1,19,2,6,-1,0,8,0,0,0,0,1,1,-1,6,1,33,6,-1,-1,-1,-1,8,E01013058,0,2
2024320407117,2024,320407117,1,9,0,-1,-1,8,4,0,0,0,0,0,0,0,1,1,6,6,3,-1,-1,-1,-1,-1,-1,-1,-1,0,-1
2024010521754,2024,010521754,1,11,0,99,99,9,9,99,99,9,9,99,9,99,1,9,6,6,3,-1,-1,-1,-1,-1,-1,-1,-1,0,-1
2024010496146,2024,010496146,1,3,0,99,99,9,9,99,99,9,9,99,9,99,1,1,1,1,1,32,6,-1,-1,-1,-1,3,E01000553,0,1
2024061458351,2024,061458351,2,1,0,-1,19,1,5,-1,0,8,0,0,0,0,1,1,-1,2,1,56,9,-1,-1,-1,-1,6,E01005861,0,1
2024010500005,2024,010500005,1,98,0,9,9,3,8,0,0,1,0,0,0,0,1,1,6,6,3,-1,-1,-1,-1,-1,-1,-1,-1,0,-1
2024041422148,2024,041422148,2,1,0,-1,19,1,5,-1,0,0,0,0,0,0,1,1,-1,6,1,-1,-1,-1,-1,-1,-1,-1,-1,0,-1
2024131428351,2024,131428351,2,90,0,-1,19,7,3,-1,0,0,0,0,0,0,2,1,-1,9,1,45,7,-1,-1,-1,-1,3,E01024933,0,4
2024501521863,2024,501521863,2,9,0,-1,2,0,0,-1,0,0,0,0,0,0,4,1,-1,6,-1,-1,-1,-1,-1,-1,-1,-1,-1,0,-1
2024010491063,2024,010491063,1,9,0,18,19,3,7,0,0,4,0,0,0,0,1,1,3,7,1,46,8,-1,-1,-1,-1,9,E01002991,0,1
2024010541672,2024,010541672,2,1,9,99,99,9,9,99,99,0,9,99,9,99,1,1,6,6,3,34,6,-1,-1,-1,-1,-1,-1,0,-1
2024041490824,2024,041490824,2,9,0,-1,2,0,0,-1,0,0,0,0,0,0,3,2,-1,6,-1,-1,-1,-1,-1,-1,-1,-1,-1,0,-1
2024302400192,2024,302400192,1,9,0,5,5,7,1,0,0,6,0,0,0,0,3,1,6,6,1,30,6,-1,-1,-1,-1,4,E01019807,0,2
2024201526556,2024,201526556,1,1,0,-1,19,4,8,-1,9,0,0,0,0,0,1,1,-1,6,3,-1,-1,-1,-1,-1,-1,-1,-1,0,-1
2024052402189,2024,052402189,1,9,0,18,19,8,4,0,0,1,0,0,0,0,1,1,6,6,3,-1,-1,-1,-1,-1,-1,-1,-1,0,-1
2024010494346,2024,010494346,2,90,0,7,7,1,2,5,5,0,0,0,0,0,4,2,6,6,1,-1,-1,-1,-1,-1,-1,-1,-1,0,-1
2024010494238,2024,010494238,2,2,0,18,19,3,7,0,0,1,0,0,0,0,3,1,1,1,1,35,6,-1,-1,-1,-1,2,E01000551,0,1
2024211433300,2024,211433300,1,9,0,-1,19,6,2,-1,0,0,0,0,0,0,2,1,-1,2,1,23,5,-1,-1,-1,-1,-1,-1,0,-1
2024111451460,2024,111451460,1,9,0,-1,19,6,2,-1,0,0,0,0,0,0,3,1,-1,6,3,30,6,-1,-1,-1,-1,-1,-1,0,-1
2024430296119,2024,430296119,1,9,0,7,7,6,8,0,0,4,0,0,0,0,3,1,6,6,2,41,7,-1,-1,-1,-1,10,E01016635,0,1
2024201497443,2024,201497443,2,1,0,-1,19,8,4,-1,0,0,0,0,0,0,4,1,-1,1,1,48,8,-1,-1,-1,-1,4,E01009218,0,1
2024010549901,2024,010549901,1,9,0,-1,-1,1,5,0,0,2,0,0,0,0,1,1,6,6,2,48,8,-1,-1,-1,-1,-1,-1,0,-1
2024440552019,2024,440552019,2,9,0,4,4,5,1,0,0,2,0,0,0,0,2,1,6,6,2,49,8,-1,-1,-1,-1,9,E01023241,0,1
2024010514451,2024,010514451,2,97,9,99,99,9,9,99,99,9,9,99,9,99,9,9,6,6,3,-1,-1,-1,-1,-1,-1,-1,-1,0,-1
2024010515309,2024,010515309,2,99,0,99,99,9,9,99,99,0,9,99,9,99,9,1,6,6,3,-1,-1,-1,-1,-1,-1,-1,-1,0,-1
2024302400183,2024,302400183,1,9,0,18,19,6,2,0,0,0,0,0,7,10,1,1,6,6,1,41,7,-1,-1,-1,-1,1,E01009571,0,4
2024201412152,2024,201412152,1,19,0,-1,4,8,4,-1,0,1,0,0,0,0,1,9,-1,1,1,-1,-1,-1,-1,-1,-1,-1,-1,0,-1
2024010542331,2024,010542331,1,1,9,99,99,9,9,99,99,9,9,99,9,99,9,1,2,2,3,42,7,-1,-1,-1,-1,6,E01001962,0,2
2024351486741,2024,351486741,2,9,0,-1,-1,-1,-1,-1,-1,-1,-1,-1,-1,0,-1,1,-1,9,2,18,4,-1,-1,-1,-1,6,E01035553,0,2
2024010497003,2024,010497003,1,23,0,99,99,9,9,99,99,0,9,99,9,99,9,9,2,2,1,25,5,-1,-1,-1,-1,8,E01021766,0,3
2024010498765,2024,010498765,1,8,0,18,19,7,3,0,0,8,0,0,0,0,4,1,1,1,1,47,8,-1,-1,-1,-1,1,E01000528,0,2
2024010494746,2024,010494746,1,9,0,8,8,1,3,0,0,6,0,0,0,0,4,1,6,6,1,43,7,-1,-1,-1,-1,3,E01004036,0,1
2024061474614,2024,061474614,1,19,0,-1,19,8,2,-1,0,1,0,0,0,0,1,9,-1,6,1,-1,-1,-1,-1,-1,-1,-1,-1,0,-1
2024010537050,2024,010537050,2,1,0,18,19,7,3,0,0,2,0,4,0,0,1,1,2,2,1,24,5,-1,-1,-1,-1,4,E01004686,0,1
2024440318215,2024,440318215,2,9,0,18,19,1,0,0,0,0,0,0,0,11,1,1,6,6,1,44,7,-1,-1,-1,-1,6,E01016388,0,4
2024131446328,2024,131446328,1,9,0,-1,-1,-1,-1,-1,-1,0,-1,-1,-1,-1,-1,1,-1,6,3,-1,-1,-1,-1,-1,-1,-1,-1,0,-1
2024010550879,2024,010550879,1,-1,0,99,99,9,9,99,99,9,9,99,9,99,9,9,6,6,1,16,4,-1,-1,-1,-1,6,E01000193,1,1
2024302400765,2024,302400765,2,19,0,3,3,1,5,0,0,8,0,0,0,0,3,1,2,2,1,32,6,-1,-1,-1,-1,7,E01025952,0,2
2024231532263,2024,231532263,1,9,0,-1,19,4,8,-1,0,0,0,0,7,4,1,1,-1,9,1,52,8,-1,-1,-1,-1,6,E01029371,0,4
2024201511631,2024,201511631,2,1,0,-1,19,6,2,-1,0,1,2,0,0,0,3,1,-1,6,1,64,9,-1,-1,-1,-1,4,E01009187,0,1
2024332400256,2024,332400256,1,9,0,-1,9,5,3,-1,0,6,0,0,0,0,1,1,-1,9,1,62,9,-1,-1,-1,-1,3,E01013682,0,1
2024010494477,2024,010494477,2,19,0,1,1,9,9,99,99,1,9,99,9,99,2,9,6,6,3,-1,-1,-1,-1,-1,-1,-1,-1,0,-1
2024231522211,2024,231522211,2,22,0,-1,19,4,8,-1,9,0,0,0,0,0,2,1,-1,9,2,84,11,-1,-1,-1,-1,1,E01031043,0,1
2024010501702,2024,010501702,2,9,0,18,19,5,1,0,0,0,0,0,0,0,2,9,6,6,3,-1,-1,-1,-1,-1,-1,-1,-1,0,-1
2024461469144,2024,461469144,2,1,0,-1,19,3,7,-1,0,1,0,0,1,0,1,1,-1,6,1,15,3,-1,-1,-1,-1,-1,-1,0,-1
2024010486981,2024,010486981,2,1,0,18,19,3,7,0,0,4,0,0,0,0,3,1,2,2,1,48,8,-1,-1,-1,-1,6,E01001248,0,1
2024552400854,2024,552400854,2,1,0,14,14,4,8,0,0,0,0,0,0,0,1,1,6,6,2,22,5,-1,-1,-1,-1,-1,-1,0,-1
2024543628924,2024,543628924,1,9,0,3,3,2,6,0,0,0,0,0,0,0,1,1,6,6,3,-1,-1,-1,-1,-1,-1,-1,-1,0,-1
2024201413529,2024,201413529,1,9,0,-1,19,4,8,-1,0,6,0,7,4,1,4,9,-1,6,1,52,8,-1,-1,-1,-1,1,E01009769,0,3
2024010539873,2024,010539873,1,1,0,18,19,3,7,0,0,2,5,0,0,0,1,1,6,6,3,34,6,-1,-1,-1,-1,-1,-1,0,-1
2024421488531,2024,421488531,2,9,0,-1,19,1,3,-1,0,0,0,0,0,0,1,1,-1,9,1,27,6,-1,-1,-1,-1,7,E01021660,0,1
2024361484079,2024,361484079,1,9,0,-1,19,3,7,-1,0,1,0,0,7,3,1,1,-1,2,1,25,5,-1,-1,-1,-1,7,E01026281,0,4
2024052402615,2024,052402615,1,1,0,18,19,1,5,0,0,0,0,0,0,0,1,1,6,6,3,-1,-1,-1,-1,-1,-1,-1,-1,0,-1
2024421470853,2024,421470853,2,9,0,-1,9,5,3,-1,0,8,0,0,0,0,3,1,-1,1,1,21,5,-1,-1,-1,-1,6,E01021659,0,3
2024451524553,2024,451524553,2,9,0,-1,19,5,1,-1,0,0,1,0,1,7,2,1,-1,1,1,43,7,-1,-1,-1,-1,5,E01030496,0,1
2024201500492,2024,201500492,2,1,0,-1,9,7,3,-1,0,8,0,0,0,0,4,1,-1,2,1,42,7,-1,-1,-1,-1,3,E01008947,0,1
2024991493180,2024,991493180,2,5,0,-1,19,1,5,-1,0,1,0,0,0,0,1,1,-1,9,1,37,7,-1,-1,-1,-1,4,-1,0,2
2024451422952,2024,451422952,1,90,0,-1,19,5,1,-1,0,1,0,0,0,0,3,1,-1,6,-1,20,4,-1,-1,-1,-1,-1,-1,0,-1
2024031497233,2024,031497233,1,9,0,-1,19,3,7,-1,0,1,0,0,0,0,1,1,-1,9,1,52,8,-1,-1,-1,-1,7,E01019133,0,3
2024430169367,2024,430169367,3,9,0,3,3,7,3,0,0,1,0,0,0,0,2,1,6,6,1,30,6,-1,-1,-1,-1,-1,-1,0,-1
2024552400196,2024,552400196,2,1,0,18,19,1,5,4,4,8,0,0,0,0,4,1,2,2,1,54,8,-1,-1,-1,-1,2,E01015379,0,1
2024201441223,2024,201441223,1,99,0,-1,19,1,5,-1,0,1,0,0,0,0,1,9,-1,6,1,-1,-1,-1,-1,-1,-1,-1,-1,0,-1
2024440341232,2024,440341232,1,9,0,9,9,4,2,0,0,1,0,0,0,0,2,1,6,6,1,-1,-1,-1,-1,-1,-1,-1,-1,0,-1
2024101413244,2024,101413244,2,1,0,-1,19,7,3,-1,4,0,0,0,0,0,1,1,-1,6,1,19,4,-1,-1,-1,-1,2,E01008825,0,1
2024991536080,2024,991536080,2,1,0,-1,10,6,3,-1,0,1,0,0,0,0,2,1,-1,6,1,57,9,-1,-1,-1,-1,2,-1,0,1
2024430365651,2024,430365651,2,98,0,18,19,5,0,0,0,0,0,0,0,0,3,1,6,6,3,-1,-1,-1,-1,-1,-1,-1,-1,0,-1
2024010491158,2024,010491158,1,9,0,99,99,9,9,99,99,9,9,99,9,99,2,9,6,6,1,37,7,-1,-1,-1,-1,3,E01000058,0,1
2024552400986,2024,552400986,2,1,0,18,19,1,5,0,0,8,0,0,0,0,4,1,6,6,2,26,6,-1,-1,-1,-1,4,E01020584,0,2
2024161476464,2024,161476464,2,9,0,-1,19,1,5,-1,0,0,0,0,0,0,2,9,-1,6,1,-1,-1,-1,-1,-1,-1,-1,-1,0,-1
2024991434375,2024,991434375,2,9,0,-1,3,3,7,-1,0,2,0,0,0,0,2,1,-1,9,1,59,9,-1,-1,-1,-1,6,-1,0,2
2024351530589,2024,351530589,1,9,-1,-1,-1,-1,-1,-1,-1,-1,-1,-1,-1,0,-1,9,-1,6,3,-1,-1,-1,-1,-1,-1,-1,-1,0,-1
2024622400107,2024,622400107,2,1,0,9,9,3,8,0,0,6,0,0,0,0,4,1,6,6,2,30,6,-1,-1,-1,-1,1,W01001255,0,2
2024201580971,2024,201580971,1,9,0,-1,19,5,1,-1,0,0,0,0,0,0,1,9,-1,6,2,29,6,-1,-1,-1,-1,1,E01034306,0,2
2024520401939,2024,520401939,2,1,0,18,19,7,3,0,0,0,0,0,0,0,1,1,4,7,1,14,3,-1,-1,-1,-1,4,E01029102,0,1
2024010522467,2024,010522467,2,9,0,99,99,9,9,99,99,9,9,99,9,99,1,9,6,6,3,48,8,-1,-1,-1,-1,3,E01003594,0,1
2024430553587,2024,430553587,1,1,0,18,19,5,1,0,0,1,0,0,0,0,1,1,2,2,1,27,6,-1,-1,-1,-1,2,E01016415,0,1
2024421473779,2024,421473779,1,9,0,-1,19,6,2,-1,0,1,0,0,0,0,1,9,-1,6,1,45,7,-1,-1,-1,-1,-1,-1,0,-1
2024440206402,2024,440206402,1,1,0,18,19,2,6,0,0,1,0,0,0,0,4,1,6,6,1,-1,-1,-1,-1,-1,-1,10,E01022624,0,1
2024041430601,2024,041430601,2,9,0,-1,19,2,7,-1,0,0,0,0,0,0,1,1,-1,6,2,-1,-1,-1,-1,-1,-1,-1,-1,0,-1
2024430075808,2024,430075808,2,1,0,18,19,3,7,5,5,6,0,0,0,0,1,1,2,2,2,38,7,-1,-1,-1,-1,7,E01028639,0,1
2024101450567,2024,101450567,2,1,0,-1,5,5,1,-1,0,6,5,0,0,0,3,1,-1,9,1,12,3,-1,-1,-1,-1,2,E01008480,0,1
2024010573567,2024,010573567,1,3,0,99,99,9,9,99,99,9,9,99,9,99,1,1,2,2,1,45,7,-1,-1,-1,-1,3,E01021836,0,4
2024010549392,2024,010549392,1,1,9,99,99,9,9,99,99,9,9,99,9,99,1,1,6,6,1,56,9,-1,-1,-1,-1,3,E01004315,0,1
2024010490618,2024,010490618,1,9,0,18,19,7,3,0,0,1,0,0,0,0,1,1,6,6,1,24,5,-1,-1,-1,-1,-1,-1,0,-1
2024471513717,2024,471513717,1,1,0,-1,19,1,5,-1,9,2,0,0,0,0,1,1,-1,9,1,13,3,-1,-1,-1,-1,1,E01016868,0,1
2024421525441,2024,421525441,2,1,0,-1,5,4,8,-1,0,1,0,0,0,0,9,1,-1,6,1,12,3,-1,-1,-1,-1,-1,-1,0,-1
2024101530712,2024,101530712,1,9,0,-1,19,8,4,-1,0,0,0,0,0,0,1,1,-1,6,1,-1,-1,-1,-1,-1,-1,-1,-1,0,-1
2024201436378,2024,201436378,1,9,0,-1,19,2,6,-1,0,0,0,0,0,0,1,9,-1,6,3,-1,-1,-1,-1,-1,-1,-1,-1,0,-1
2024501450878,2024,501450878,2,19,0,-1,19,6,2,-1,0,2,0,0,0,0,1,2,-1,6,1,53,8,-1,-1,-1,-1,-1,-1,0,-1
2024201440558,2024,201440558,1,9,0,-1,14,8,4,-1,0,0,0,12,0,0,1,2,-1,9,2,23,5,-1,-1,-1,-1,9,E01029672,0,2
2024010492295,2024,010492295,1,9,0,18,19,1,5,0,0,1,0,0,0,0,0,2,6,6,1,37,7,-1,-1,-1,-1,8,E01002367,0,2
2024010516739,2024,010516739,2,1,0,18,19,3,7,0,0,2,0,0,0,0,1,1,6,6,1,16,4,-1,-1,-1,-1,4,E01004037,0,1
2024332400703,2024,332400703,1,9,0,-1,19,7,3,-1,0,0,0,0,0,0,0,1,-1,6,3,-1,-1,-1,-1,-1,-1,-1,-1,0,-1
2024052402407,2024,052402407,1,9,0,18,19,6,3,0,0,0,0,0,0,0,1,1,6,6,3,-1,-1,-1,-1,-1,-1,-1,-1,0,-1
2024471437628,2024,471437628,2,1,0,-1,19,8,7,-1,0,8,0,0,0,0,1,1,-1,6,1,47,8,-1,-1,-1,-1,4,E01031671,0,1
2024010504268,2024,010504268,2,9,0,99,99,9,9,99,99,9,9,99,9,99,1,9,6,6,3,-1,-1,-1,-1,-1,-1,-1,-1,0,-1
2024131525221,2024,131525221,1,90,0,-1,19,5,1,-1,9,8,5,0,1,0,1,1,-1,6,1,31,6,-1,-1,-1,-1,6,E01011500,0,1
2024031527167,2024,031527167,1,9,0,-1,4,2,6,-1,0,4,0,0,0,0,1,1,-1,9,1,56,9,-1,-1,-1,-1,-1,-1,0,-1
2024161438230,2024,161438230,2,9,0,-1,1,1,5,-1,0,1,0,0,0,0,2,9,-1,6,2,-1,-1,-1,-1,-1,-1,-1,-1,0,-1
2024041458919,2024,041458919,1,9,0,-1,19,5,1,-1,0,0,5,0,0,0,4,1,-1,6,2,58,9,-1,-1,-1,-1,6,E01025123,0,4
2024010531603,2024,010531603,2,9,9,99,99,9,9,99,99,9,9,99,9,99,9,9,6,6,3,-1,-1,-1,-1,-1,-1,-1,-1,0,-1
2024161445598,2024,161445598,3,19,0,-1,7,7,1,-1,0,3,0,0,0,0,2,9,-1,6,3,-1,-1,-1,-1,-1,-1,-1,-1,0,-1
2024451400512,2024,451400512,2,97,0,-1,19,1,5,-1,0,1,0,0,0,0,1,1,-1,6,1,15,3,-1,-1,-1,-1,9,E01034709,0,4
2024520400574,2024,520400574,2,9,9,1,1,9,9,0,0,0,0,0,0,0,2,9,6,6,3,-1,-1,-1,-1,-1,-1,-1,-1,0,-1
2024010505997,2024,010505997,2,1,0,-1,-1,7,3,0,0,0,0,0,0,0,1,1,6,6,1,53,8,-1,-1,-1,-1,7,E01003152,0,3
2024061515688,2024,061515688,1,9,0,-1,19,3,7,-1,0,0,0,0,2,0,1,1,-1,6,2,18,4,-1,-1,-1,-1,10,E01006082,0,1
2024411488911,2024,411488911,2,9,0,-1,-1,-1,-1,-1,-1,0,-1,-1,-1,0,-1,9,-1,6,1,-1,-1,-1,-1,-1,-1,-1,-1,0,-1
2024052402410,2024,052402410,2,1,0,18,19,1,5,0,0,1,0,0,0,0,1,1,6,6,1,55,8,-1,-1,-1,-1,9,E01007264,0,3
2024211512101,2024,211512101,2,9,0,-1,3,7,6,-1,0,0,0,0,0,0,1,1,-1,2,1,62,9,-1,-1,-1,-1,-1,-1,0,-1
2024010541098,2024,010541098,1,1,9,99,99,9,9,99,99,0,9,99,9,99,9,1,1,1,1,32,6,-1,-1,-1,-1,1,E01000521,0,1
2024010515480,2024,010515480,1,11,0,99,99,9,9,99,99,0,9,99,9,99,1,1,6,6,3,-1,-1,-1,-1,-1,-1,-1,-1,0,-1
2024141449745,2024,141449745,2,9,0,-1,19,1,5,-1,0,0,0,0,0,0,1,9,-1,6,1,-1,-1,-1,-1,-1,-1,-1,-1,0,-1
2024052401012,2024,052401012,1,9,0,18,19,3,7,0,0,0,0,0,0,0,1,1,6,6,3,-1,-1,-1,-1,-1,-1,-1,-1,0,-1
2024461413121,2024,461413121,1,9,0,-1,19,7,3,-1,0,0,0,0,9,0,1,9,-1,6,2,49,8,-1,-1,-1,-1,2,E01024840,0,1
2024010487670,2024,010487670,2,3,9,99,99,9,9,99,99,0,9,99,9,99,9,1,6,6,1,-1,-1,-1,-1,-1,-1,4,E01001176,0,1
2024501405976,2024,501405976,3,9,0,-1,2,4,1,-1,-1,2,0,0,0,0,2,1,-1,6,-1,-1,-1,-1,-1,-1,-1,-1,-1,0,-1
2024622400729,2024,622400729,1,1,0,18,19,2,6,0,0,0,0,0,0,0,3,1,1,1,1,27,6,-1,-1,-1,-1,-1,-1,0,-1
2024430279575,2024,430279575,2,2,0,2,2,0,0,0,0,1,0,0,0,10,1,1,6,6,1,18,4,-1,-1,-1,-1,2,E01028692,0,4
2024351533958,2024,351533958,1,9,-1,-1,4,-1,-1,-1,0,1,0,0,0,0,1,9,-1,6,1,-1,-1,-1,-1,-1,-1,-1,-1,0,-1
2024991513177,2024,991513177,1,9,0,-1,19,7,3,-1,0,2,0,0,0,0,1,1,-1,6,1,69,10,-1,-1,-1,-1,3,-1,0,1
2024061441995,2024,061441995,1,23,-1,-1,-1,-1,-1,-1,0,0,0,0,0,0,-1,1,-1,6,3,-1,-1,-1,-1,-1,-1,5,E01004997,0,1
2024361397841,2024,361397841,2,1,0,-1,19,-1,-1,-1,0,0,0,0,7,0,-1,1,-1,9,2,47,8,-1,-1,-1,-1,1,E01026626,0,1
2024211413359,2024,211413359,2,9,0,-1,9,1,6,-1,0,1,0,0,0,0,3,9,-1,9,1,75,10,-1,-1,-1,-1,6,E01029524,0,1
2024161490086,2024,161490086,2,1,0,-1,19,7,3,-1,0,1,0,0,0,0,4,1,-1,7,2,13,3,-1,-1,-1,-1,1,E01013208,0,1
202417H106024,2024,17H106024,1,9,0,-1,19,1,5,-1,0,1,0,0,0,0,1,1,-1,9,1,25,5,-1,-1,-1,-1,8,E01012212,0,3
2024101451114,2024,101451114,1,9,0,-1,19,1,5,-1,0,1,5,0,8,4,1,9,-1,6,3,-1,-1,-1,-1,-1,-1,-1,-1,0,-1
2024010489104,2024,010489104,1,9,0,9,9,1,7,0,0,8,0,0,0,0,1,1,6,6,1,52,8,-1,-1,-1,-1,4,E01000644,0,1
2024501580782,2024,501580782,2,9,0,-1,19,3,7,-1,0,8,0,0,0,0,1,9,-1,6,3,-1,-1,-1,-1,-1,-1,-1,-1,0,-1
2024010525276,2024,010525276,2,1,0,18,19,3,7,0,0,1,0,0,0,0,4,1,6,6,1,22,5,-1,-1,-1,-1,3,E01004235,0,1
2024451457494,2024,451457494,3,9,0,-1,19,7,3,-1,0,1,0,0,0,0,0,9,-1,6,3,30,6,-1,-1,-1,-1,-1,-1,0,-1
2024311481897,2024,311481897,2,1,0,-1,19,5,1,-1,0,1,0,0,0,0,1,1,-1,1,1,36,7,-1,-1,-1,-1,1,E01013841,0,1
2024010502353,2024,010502353,2,9,0,99,99,9,9,99,99,9,9,99,9,99,1,9,6,6,3,-1,-1,-1,-1,-1,-1,2,E01003207,0,1
2024041478945,2024,041478945,1,9,0,-1,19,5,5,-1,0,1,0,0,0,0,1,1,-1,6,1,-1,-1,-1,-1,-1,-1,-1,-1,0,-1
2024010493036,2024,010493036,1,3,0,99,99,9,9,99,99,9,9,99,9,99,1,1,1,1,3,40,7,-1,-1,-1,-1,1,E01001776,0,1
2024421519448,2024,421519448,1,9,0,-1,9,-1,-1,-1,0,2,9,0,0,0,3,1,-1,6,3,-1,-1,-1,-1,-1,-1,-1,-1,0,-1
2024522401254,2024,522401254,1,1,0,18,19,6,2,4,4,8,0,0,0,0,1,1,6,6,1,29,6,-1,-1,-1,-1,2,E01033348,0,1
2024010499491,2024,010499491,2,19,0,99,99,9,9,99,99,0,9,99,9,99,1,9,6,6,3,-1,-1,-1,-1,-1,-1,3,E01024176,0,3
2024552400615,2024,552400615,1,90,4,2,2,0,0,5,5,0,0,0,0,0,4,1,6,6,3,-1,-1,-1,-1,-1,-1,-1,-1,0,-1
2024501408059,2024,501408059,2,1,0,-1,19,4,8,-1,0,0,1,4,0,0,1,1,-1,2,1,23,5,-1,-1,-1,-1,7,E01018803,0,1
2024552400155,2024,552400155,1,97,0,18,19,5,1,0,0,0,0,0,0,0,1,1,6,6,1,15,3,-1,-1,-1,-1,3,E01015442,0,1
2024010538637,2024,010538637,1,9,9,99,99,9,9,0,0,0,9,99,9,99,9,9,6,6,3,-1,-1,-1,-1,-1,-1,-1,-1,0,-1
2024361448602,2024,361448602,2,1,0,-1,19,7,3,-1,0,0,0,0,0,0,3,1,-1,9,1,73,10,-1,-1,-1,-1,9,E01026714,0,4
2024501535671,2024,501535671,2,9,0,-1,19,7,3,-1,0,1,0,0,0,0,2,1,-1,9,2,64,9,-1,-1,-1,-1,5,E01020069,0,3
2024481564157,2024,481564157,2,1,0,-1,14,7,3,-1,0,1,0,0,0,0,2,1,-1,2,1,28,6,-1,-1,-1,-1,-1,-1,0,-1
2024401435898,2024,401435898,1,19,-1,-1,-1,-1,-1,-1,-1,0,-1,-1,-1,0,0,2,-1,6,3,-1,-1,-1,-1,-1,-1,-1,-1,0,-1
2024010494411,2024,010494411,1,1,9,99,99,9,9,99,99,0,9,99,9,0,9,1,1,1,1,36,7,-1,-1,-1,-1,3,E01003583,0,1
2024041423329,2024,041423329,1,9,0,-1,19,5,1,-1,0,0,0,0,0,0,1,2,-1,9,2,36,7,-1,-1,-1,-1,9,E01024997,0,1
2024991419713,2024,991419713,2,9,0,-1,2,7,7,-1,0,3,0,0,0,0,4,1,-1,1,1,29,6,-1,-1,-1,-1,4,-1,0,1
202454D563024,2024,54D563024,2,1,0,18,19,1,5,0,0,8,0,0,0,0,3,1,6,6,1,42,7,-1,-1,-1,-1,2,E01015570,0,1
2024161452635,2024,161452635,1,9,0,-1,19,6,2,-1,0,0,0,0,0,0,1,1,-1,9,2,18,4,-1,-1,-1,-1,10,E01012978,0,1
2024010511573,2024,010511573,1,9,0,99,99,9,9,99,99,0,9,99,9,99,2,9,6,6,2,47,8,-1,-1,-1,-1,10,E01000684,0,1
2024010488748,2024,010488748,2,9,0,99,99,9,9,99,99,9,9,99,9,99,1,9,6,6,3,47,8,-1,-1,-1,-1,7,E01003407,0,1
2024010550557,2024,010550557,2,9,0,99,99,9,9,99,99,9,9,99,9,99,1,9,6,6,3,57,9,-1,-1,-1,-1,3,E01003923,0,1
2024010507917,2024,010507917,1,1,9,99,99,9,9,99,99,9,9,99,9,99,9,1,6,6,3,34,6,-1,-1,-1,-1,3,E01003550,0,1
2024061491344,2024,061491344,1,9,0,-1,3,5,6,-1,0,6,9,0,0,0,-1,1,-1,6,2,-1,-1,-1,-1,-1,-1,-1,-1,0,-1
2024451484052,2024,451484052,2,9,0,-1,19,1,5,-1,0,0,0,0,0,0,1,9,-1,6,3,30,6,-1,-1,-1,-1,-1,-1,0,-1
2024061434953,2024,061434953,2,9,0,-1,7,-1,-1,-1,0,1,0,0,0,0,1,1,-1,6,3,-1,-1,-1,-1,-1,-1,-1,-1,0,-1
2024430280787,2024,430280787,1,9,0,14,14,5,1,0,0,0,0,0,0,0,1,1,6,6,1,-1,-1,-1,-1,-1,-1,-1,-1,0,-1
2024531406533,2024,531406533,1,11,0,-1,9,7,5,-1,0,0,0,0,0,0,3,1,-1,1,1,56,9,-1,-1,-1,-1,4,E01014991,0,3
2024010524215,2024,010524215,2,9,9,99,99,9,9,99,99,0,9,99,9,99,9,9,6,6,3,-1,-1,-1,-1,-1,-1,-1,-1,0,-1
2024201584334,2024,201584334,2,9,0,-1,19,5,1,-1,0,0,0,0,0,0,3,9,-1,6,1,53,8,-1,-1,-1,-1,3,E01009001,0,1
2024010514527,2024,010514527,1,1,9,99,99,9,9,99,99,9,9,99,9,99,9,1,1,1,1,32,6,-1,-1,-1,-1,2,E01003508,0,1
2024061481250,2024,061481250,1,-1,0,-1,19,6,8,-1,9,0,0,0,0,0,1,1,-1,6,1,32,6,-1,-1,-1,-1,-1,-1,1,-1
2024371488927,2024,371488927,2,9,0,-1,15,2,6,-1,0,1,1,0,0,0,4,1,-1,6,1,-1,-1,-1,-1,-1,-1,-1,-1,0,-1
2024010519835,2024,010519835,1,9,0,18,19,3,7,0,0,1,0,0,0,0,1,1,6,6,3,-1,-1,-1,-1,-1,-1,-1,-1,0,-1
2024361411914,2024,361411914,1,9,0,-1,9,3,1,-1,0,1,0,0,0,0,1,1,-1,2,1,57,9,-1,-1,-1,-1,5,E01026726,0,2
2024010530927,2024,010530927,1,9,0,18,19,3,7,0,0,0,0,0,0,0,4,1,6,6,1,23,5,-1,-1,-1,-1,6,E01002410,0,1