collision_index,collision_year,collision_ref_no,vehicle_reference,vehicle_type,towing_and_articulation,vehicle_manoeuvre_historic,vehicle_manoeuvre,vehicle_direction_from,vehicle_direction_to,vehicle_location_restricted_lane_historic,vehicle_location_restricted_lane,junction_location,skidding_and_overturning,hit_object_in_carriageway,vehicle_leaving_carriageway,hit_object_off_carriageway,first_point_of_impact,vehicle_left_hand_drive,journey_purpose_of_driver_historic,journey_purpose_of_driver,sex_of_driver,age_of_driver,age_band_of_driver,engine_capacity_cc,propulsion_code,age_of_vehicle,generic_make_model,driver_imd_decile,lsoa_of_driver,escooter_flag,driver_distance_banding
2024010511731,2024,010511731,1,9,0,99,99,9,9,99,99,0,9,99,9,99,2,9,6,6,3,-1,-1,-1,-1,-1,-1,-1,-1,0,-1
2024061478779,2024,061478779,2,1,0,-1,19,1,5,-1,0,3,0,0,0,0,4,1,-1,9,1,61,9,-1,-1,-1,-1,2,E01006218,0,1
2024552401478,2024,552401478,1,9,0,11,11,6,2,0,0,8,0,0,0,0,4,1,6,6,3,-1,-1,-1,-1,-1,-1,-1,-1,0,-1
2024010507016,2024,010507016,1,1,0,99,99,9,9,0,0,9,0,99,9,0,9,1,6,6,3,-1,-1,-1,-1,-1,-1,-1,-1,0,-1
2024471402528,2024,471402528,1,1,0,-1,9,8,6,-1,0,8,2,7,0,0,4,1,-1,9,1,23,5,-1,-1,-1,-1,8,E01016932,0,1
2024531484798,2024,531484798,2,1,0,-1,19,7,3,-1,0,0,2,0,1,0,0,1,-1,9,1,46,8,-1,-1,-1,-1,10,E01004707,0,5
2024010496991,2024,010496991,2,9,0,99,99,9,9,99,99,9,9,99,9,99,9,9,6,6,3,-1,-1,-1,-1,-1,-1,-1,-1,0,-1
2024141400944,2024,141400944,2,9,0,-1,19,1,5,-1,0,1,0,0,0,0,4,2,-1,6,1,-1,-1,-1,-1,-1,-1,-1,-1,0,-1
2024131436700,2024,131436700,2,9,0,-1,-1,-1,-1,-1,-1,-1,-1,-1,-1,-1,-1,1,-1,6,3,-1,-1,-1,-1,-1,-1,-1,-1,0,-1
2024010528928,2024,010528928,1,1,0,18,19,7,3,0,0,1,0,0,0,0,1,1,6,6,1,25,5,-1,-1,-1,-1,-1,-1,0,-1
2024351448870,2024,351448870,1,1,-1,-1,-1,-1,-1,-1,-1,0,-1,-1,-1,0,-1,1,-1,6,3,-1,-1,-1,-1,-1,-1,-1,-1,0,-1
2024610053724,2024,610053724,1,9,0,3,3,7,3,0,0,0,0,0,0,0,2,1,1,1,2,39,7,-1,-1,-1,-1,8,W01001392,0,2
2024041455197,2024,041455197,2,1,0,-1,19,1,5,-1,0,1,0,0,0,0,3,1,-1,6,1,30,6,-1,-1,-1,-1,3,E01012668,0,1
2024544610724,2024,544610724,2,9,0,7,7,2,4,0,0,1,0,0,0,0,1,1,2,2,1,41,7,-1,-1,-1,-1,7,E01034541,0,1
2024421497056,2024,421497056,2,1,0,-1,19,3,8,-1,0,0,0,0,0,0,1,1,-1,9,1,63,9,-1,-1,-1,-1,8,E01021911,0,3
2024332400234,2024,332400234,1,9,0,-1,19,5,1,-1,0,0,0,0,1,0,4,1,-1,6,3,-1,-1,-1,-1,-1,-1,-1,-1,0,-1
2024351530738,2024,351530738,1,9,0,-1,19,8,4,-1,0,4,1,0,0,0,1,1,-1,9,2,19,4,-1,-1,-1,-1,1,E01015647,0,1
2024010506722,2024,010506722,1,9,0,99,99,9,9,99,99,9,9,99,9,99,9,9,6,6,2,50,8,-1,-1,-1,-1,3,E01002084,0,1
2024131463916,2024,131463916,1,1,0,-1,19,8,4,-1,0,1,0,0,0,0,3,1,-1,9,1,31,6,-1,-1,-1,-1,7,E01010726,0,2
2024010545924,2024,010545924,1,1,0,18,19,5,1,0,0,8,0,4,0,0,1,1,6,6,1,25,5,-1,-1,-1,-1,3,E01002768,0,1
2024010539500,2024,010539500,1,1,9,18,19,1,5,99,99,9,9,99,9,99,9,1,6,6,2,26,6,-1,-1,-1,-1,3,E01001795,0,1
2024052401647,2024,052401647,1,9,0,18,19,4,8,0,0,0,0,0,0,0,1,1,6,6,3,-1,-1,-1,-1,-1,-1,-1,-1,0,-1
2024010494215,2024,010494215,1,1,9,99,99,9,9,99,99,9,9,99,9,99,9,1,1,1,1,30,6,-1,-1,-1,-1,4,E01032639,0,1
2024122401269,2024,122401269,2,1,0,9,9,2,8,0,0,8,0,0,0,0,2,1,2,2,1,29,6,-1,-1,-1,-1,4,E01013404,0,1
2024010489232,2024,010489232,1,9,0,7,7,7,2,0,0,2,0,0,0,0,1,1,6,6,1,22,5,-1,-1,-1,-1,3,E01003430,0,1
2024440144533,2024,440144533,2,1,0,18,19,8,4,0,0,1,0,0,0,0,3,1,2,2,1,47,8,-1,-1,-1,-1,5,E01017127,0,1
2024221427793,2024,221427793,1,9,0,-1,19,7,3,-1,0,4,0,0,0,0,1,9,-1,6,2,25,5,-1,-1,-1,-1,-1,-1,0,-1
2024010526110,2024,010526110,1,9,0,18,19,5,1,0,0,1,0,0,0,0,3,1,6,6,2,62,9,-1,-1,-1,-1,-1,-1,0,-1
2024010489603,2024,010489603,2,9,9,99,99,9,9,99,99,9,9,99,9,99,9,9,6,6,3,-1,-1,-1,-1,-1,-1,-1,-1,0,-1
2024351543337,2024,351543337,1,98,-1,-1,7,-1,-1,-1,0,0,-1,-1,-1,0,-1,9,-1,6,3,-1,-1,-1,-1,-1,-1,-1,-1,0,-1
2024010496848,2024,010496848,1,9,0,2,2,0,0,0,0,1,0,0,0,0,4,1,6,6,3,-1,-1,-1,-1,-1,-1,-1,-1,0,-1
2024010527977,2024,010527977,1,1,9,99,99,9,9,99,99,9,9,99,9,99,9,1,2,2,1,56,9,-1,-1,-1,-1,3,E01000041,0,2
2024010499914,2024,010499914,1,1,9,99,99,9,9,99,99,9,9,99,9,99,1,1,6,6,1,24,5,-1,-1,-1,-1,3,E01002772,0,1
2024501499423,2024,501499423,1,1,-1,-1,19,4,8,-1,-1,0,-1,-1,-1,0,1,1,-1,6,1,16,4,-1,-1,-1,-1,4,E01020116,0,1
2024522401940,2024,522401940,1,9,0,18,19,8,4,0,0,1,0,0,0,0,3,1,6,6,1,32,6,-1,-1,-1,-1,10,E01014759,0,3
2024201455344,2024,201455344,1,9,0,-1,19,2,6,-1,0,1,0,0,0,0,1,1,-1,6,3,-1,-1,-1,-1,-1,-1,-1,-1,0,-1
2024520500303,2024,520500303,1,1,0,18,19,7,4,0,0,8,0,0,0,0,1,1,6,6,1,65,9,-1,-1,-1,-1,2,E01029284,0,3
2024010506353,2024,010506353,1,1,9,99,99,9,9,99,99,0,9,99,9,99,1,1,6,6,1,37,7,-1,-1,-1,-1,7,E01000924,0,1
2024070342624,2024,070342624,1,9,0,15,15,4,8,0,0,0,0,0,0,0,1,1,1,1,1,56,9,-1,-1,-1,-1,6,E01019619,0,4
2024631417396,2024,631417396,2,9,0,-1,19,2,5,-1,0,0,0,0,0,0,1,1,-1,9,2,55,8,-1,-1,-1,-1,4,W01000646,0,1
2024440209837,2024,440209837,2,1,0,17,19,8,5,0,0,1,0,0,0,0,1,1,6,6,1,-1,-1,-1,-1,-1,-1,-1,-1,0,-1
2024320751101,2024,320751101,2,1,0,-1,-1,2,6,0,0,8,5,0,0,0,4,1,-1,-1,1,36,7,-1,-1,-1,-1,8,E01034700,0,1
2024531441751,2024,531441751,2,1,0,-1,19,5,1,-1,0,1,0,0,0,0,2,1,-1,6,1,17,4,-1,-1,-1,-1,7,E01014890,0,3
2024302401035,2024,302401035,1,1,0,9,9,8,6,0,0,8,0,0,0,0,3,1,2,2,1,45,7,-1,-1,-1,-1,5,E01019813,0,2
2024320402117,2024,320402117,2,22,0,3,3,1,5,0,0,2,0,0,0,0,2,1,6,6,2,83,11,-1,-1,-1,-1,2,E01019826,0,5
2024041526321,2024,041526321,1,9,0,-1,19,1,7,-1,0,0,0,0,0,0,3,1,-1,9,1,21,5,-1,-1,-1,-1,1,E01025036,0,1
2024430108749,2024,430108749,2,9,0,18,19,8,4,0,0,0,0,0,0,0,1,1,6,6,3,-1,-1,-1,-1,-1,-1,-1,-1,0,-1
2024052400690,2024,052400690,2,9,0,18,19,5,1,0,0,0,0,0,0,0,2,1,6,6,1,44,7,-1,-1,-1,-1,10,E01018533,0,2
2024211507198,2024,211507198,1,9,0,-1,9,4,5,-1,0,1,5,0,1,11,4,1,-1,9,2,18,4,-1,-1,-1,-1,5,E01029403,0,2
2024010503042,2024,010503042,2,9,9,4,4,7,3,0,0,0,9,0,0,0,0,9,6,6,3,-1,-1,-1,-1,-1,-1,-1,-1,0,-1
2024010496928,2024,010496928,1,3,0,99,99,9,9,99,99,1,9,99,9,99,1,1,1,1,1,37,7,-1,-1,-1,-1,2,E01003243,0,3
2024221396412,2024,221396412,1,1,0,-1,19,5,2,-1,0,3,0,0,0,0,1,1,-1,6,1,16,4,-1,-1,-1,-1,5,E01013986,0,1
2024451495010,2024,451495010,1,9,0,-1,19,3,1,-1,0,0,0,0,0,0,3,9,-1,6,3,22,5,-1,-1,-1,-1,-1,-1,0,-1
2024010495689,2024,010495689,2,3,0,18,19,5,1,0,0,1,0,0,0,0,1,1,1,1,1,36,7,-1,-1,-1,-1,6,E01001415,0,1
2024531486650,2024,531486650,1,9,0,-1,19,3,7,-1,0,0,0,0,0,0,1,9,-1,6,3,-1,-1,-1,-1,-1,-1,-1,-1,0,-1
2024061466394,2024,061466394,2,9,-1,-1,-1,-1,-1,-1,-1,-1,-1,-1,-1,0,-1,9,-1,6,2,-1,-1,-1,-1,-1,-1,9,E01005576,0,1
2024311435104,2024,311435104,2,1,0,-1,19,1,5,-1,0,0,0,0,0,0,3,1,-1,6,1,26,6,-1,-1,-1,-1,3,E01019690,0,2
2024211469853,2024,211469853,2,98,0,-1,19,1,5,-1,0,3,0,0,0,0,1,1,-1,6,1,41,7,-1,-1,-1,-1,7,E01010436,0,4
2024320518473,2024,320518473,2,1,0,9,9,4,2,0,0,5,5,0,7,10,3,1,6,6,1,34,6,-1,-1,-1,-1,8,E01026200,0,1
2024520401599,2024,520401599,1,9,9,18,19,9,9,0,0,0,0,0,0,0,9,9,6,6,3,-1,-1,-1,-1,-1,-1,-1,-1,0,-1
2024520500442,2024,520500442,1,19,0,18,19,8,4,0,0,2,0,0,0,0,4,1,6,6,3,-1,-1,-1,-1,-1,-1,-1,-1,0,-1
2024461441413,2024,461441413,1,-1,0,-1,2,4,8,-1,0,2,5,10,0,0,0,1,-1,6,1,28,6,-1,-1,-1,-1,5,E01024654,1,1
2024010499430,2024,010499430,2,1,0,18,19,1,5,0,0,1,0,0,0,0,1,1,1,1,1,22,5,-1,-1,-1,-1,9,E01000456,0,1
2024461473321,2024,461473321,2,1,0,-1,3,-1,-1,-1,0,0,0,0,0,0,1,1,-1,6,1,44,7,-1,-1,-1,-1,2,E01016004,0,3
2024010501971,2024,010501971,1,1,9,99,99,9,9,99,99,9,9,99,9,99,9,1,6,6,1,28,6,-1,-1,-1,-1,1,E01002037,0,1
2024201425431,2024,201425431,2,1,0,-1,19,6,2,-1,0,8,0,0,0,0,2,1,-1,6,1,26,6,-1,-1,-1,-1,1,E01034923,0,1
2024430403997,2024,430403997,1,9,0,18,19,2,6,0,0,1,0,0,0,0,4,1,6,6,3,-1,-1,-1,-1,-1,-1,-1,-1,0,-1
2024010487777,2024,010487777,1,11,0,5,5,3,7,0,0,0,0,0,0,0,0,1,1,1,1,59,9,-1,-1,-1,-1,2,E01001875,0,2
2024070131065,2024,070131065,2,5,0,18,19,2,5,0,0,1,0,0,0,0,1,1,6,6,1,70,10,-1,-1,-1,-1,3,E01018672,0,2
2024332401130,2024,332401130,2,9,0,-1,19,2,6,-1,0,1,0,0,0,0,1,1,-1,6,3,-1,-1,-1,-1,-1,-1,-1,-1,0,-1
2024010505958,2024,010505958,2,1,0,18,19,2,6,0,0,2,0,0,0,0,3,1,2,2,1,53,8,-1,-1,-1,-1,3,E01001722,0,1
2024010525871,2024,010525871,1,1,9,99,99,9,9,99,99,9,9,99,9,99,1,1,6,6,1,18,4,-1,-1,-1,-1,5,E01001708,0,2
2024440469223,2024,440469223,1,9,0,10,10,3,1,0,0,1,0,0,0,0,2,1,6,6,1,63,9,-1,-1,-1,-1,10,E01032032,0,4
2024131462872,2024,131462872,2,-1,0,-1,19,7,3,-1,9,0,0,0,0,0,1,1,-1,6,1,31,6,-1,-1,-1,-1,2,E01011609,1,1
2024302401593,2024,302401593,1,9,0,18,19,1,5,0,0,8,0,0,0,0,1,1,1,1,1,55,8,-1,-1,-1,-1,8,E01019722,0,3
2024461536410,2024,461536410,2,1,0,-1,19,7,3,-1,0,2,0,0,0,0,1,1,-1,2,1,51,8,-1,-1,-1,-1,5,E01024161,0,1
2024131427506,2024,131427506,1,21,0,-1,12,1,1,-1,0,1,0,0,0,0,4,2,-1,6,3,30,6,-1,-1,-1,-1,-1,-1,0,-1
2024401467903,2024,401467903,1,1,0,-1,19,1,5,-1,0,2,0,0,0,0,1,1,-1,6,1,16,4,-1,-1,-1,-1,3,E01015730,0,1
2024461424651,2024,461424651,3,90,0,-1,3,4,8,-1,0,0,0,0,0,0,2,1,-1,9,1,52,8,-1,-1,-1,-1,2,E01024108,0,4
2024161430294,2024,161430294,2,9,0,-1,19,7,3,-1,0,1,0,0,0,0,1,9,-1,6,1,-1,-1,-1,-1,-1,-1,-1,-1,0,-1
2024631424708,2024,631424708,2,9,0,-1,13,2,6,-1,0,0,5,0,1,11,3,1,-1,2,1,26,6,-1,-1,-1,-1,7,W01000548,0,3
2024311527602,2024,311527602,2,9,0,-1,19,1,5,-1,0,0,0,0,0,0,2,1,-1,6,3,30,6,-1,-1,-1,-1,-1,-1,0,-1
2024544506024,2024,544506024,2,5,0,17,19,8,4,0,0,0,0,0,0,0,3,1,6,6,1,44,7,-1,-1,-1,-1,10,E01020415,0,4
2024481437284,2024,481437284,1,19,0,-1,3,1,5,-1,0,0,0,0,0,0,2,9,-1,1,1,40,7,-1,-1,-1,-1,-1,-1,0,-1
2024332400018,2024,332400018,2,9,0,-1,19,7,3,-1,0,8,0,0,0,0,1,1,-1,9,2,52,8,-1,-1,-1,-1,3,E01013763,0,1
2024421509944,2024,421509944,2,9,0,-1,19,5,1,-1,0,8,0,0,0,0,4,1,-1,6,1,60,9,-1,-1,-1,-1,3,E01021800,0,3
2024161432338,2024,161432338,2,9,0,-1,4,3,7,-1,0,1,0,0,0,0,2,1,-1,1,1,60,9,-1,-1,-1,-1,3,E01013231,0,1
2024531435675,2024,531435675,2,9,0,-1,19,3,7,-1,0,0,0,0,0,0,1,1,-1,1,2,43,7,-1,-1,-1,-1,9,E01028794,0,3
2024520401403,2024,520401403,2,9,0,18,19,8,4,0,0,0,0,0,0,0,1,1,6,6,1,31,6,-1,-1,-1,-1,-1,-1,0,-1
2024010534750,2024,010534750,2,9,0,18,19,3,7,0,0,8,0,0,0,0,1,1,6,6,1,33,6,-1,-1,-1,-1,5,E01002229,0,2
2024010518966,2024,010518966,1,9,0,99,99,9,9,99,99,9,9,99,9,99,1,1,6,6,3,-1,-1,-1,-1,-1,-1,-1,-1,0,-1
2024440161427,2024,440161427,1,3,0,4,4,6,2,0,0,0,0,0,0,0,1,1,6,6,1,29,6,-1,-1,-1,-1,7,E01030794,0,2
2024332400341,2024,332400341,2,1,0,-1,19,3,7,-1,0,8,1,0,0,0,1,1,-1,6,1,31,6,-1,-1,-1,-1,4,E01025936,0,1
2024010500952,2024,010500952,2,1,0,18,19,8,4,0,0,1,0,0,0,0,4,1,6,6,1,50,8,-1,-1,-1,-1,5,E01001179,0,1
2024010519657,2024,010519657,2,1,9,99,99,9,9,99,99,9,9,99,9,99,9,1,2,2,1,59,9,-1,-1,-1,-1,4,E01000689,0,3
2024122400938,2024,122400938,1,1,0,18,19,7,3,0,0,0,0,0,0,0,0,1,6,6,2,44,7,-1,-1,-1,-1,5,E01034973,0,2
202454E327724,2024,54E327724,1,97,0,18,19,2,6,5,5,1,0,0,0,0,1,1,6,6,1,-1,-1,-1,-1,-1,-1,-1,-1,0,-1
2024010495323,2024,010495323,1,3,0,99,99,9,9,99,99,9,9,99,9,99,9,1,6,6,3,34,6,-1,-1,-1,-1,3,E01001747,0,1
2024061403307,2024,061403307,1,9,0,-1,19,8,4,-1,0,0,0,0,8,0,1,1,-1,6,-1,-1,-1,-1,-1,-1,-1,-1,-1,0,-1
2024010548531,2024,010548531,1,9,0,15,15,2,6,0,0,1,0,0,0,0,1,1,6,6,3,-1,-1,-1,-1,-1,-1,-1,-1,0,-1
2024461438974,2024,461438974,1,98,0,-1,19,2,6,-1,0,0,1,0,0,0,1,1,-1,1,1,39,7,-1,-1,-1,-1,9,E01016090,0,4
2024552400435,2024,552400435,2,1,0,18,19,2,6,0,0,8,0,0,0,0,0,1,6,6,1,53,8,-1,-1,-1,-1,10,E01015396,0,3
2024111492504,2024,111492504,2,9,0,-1,19,4,1,-1,0,1,0,0,0,0,4,1,-1,6,2,45,7,-1,-1,-1,-1,3,E01020667,0,2
2024010496741,2024,010496741,1,3,0,99,99,9,9,99,99,9,9,99,9,99,1,1,1,1,1,18,4,-1,-1,-1,-1,3,E01002799,0,3
2024430549999,2024,430549999,2,9,0,14,14,8,4,0,0,3,0,0,0,0,4,1,6,6,2,-1,-1,-1,-1,-1,-1,-1,-1,0,-1
2024351402798,2024,351402798,2,-1,0,-1,-1,-1,-1,-1,-1,0,-1,-1,-1,0,0,1,-1,6,3,-1,-1,-1,-1,-1,-1,-1,-1,1,-1
2024421403648,2024,421403648,2,1,0,-1,19,3,7,-1,0,8,0,0,0,0,4,1,-1,2,1,37,7,-1,-1,-1,-1,7,E01015961,0,1
2024340WN4032,2024,340WN4032,1,8,0,-1,19,4,8,-1,0,0,0,0,0,0,1,1,-1,1,1,-1,-1,-1,-1,-1,-1,-1,-1,0,-1
2024010517327,2024,010517327,1,11,9,99,99,9,9,99,99,9,9,99,9,99,9,1,6,6,3,-1,-1,-1,-1,-1,-1,-1,-1,0,-1
2024201523491,2024,201523491,1,9,0,-1,19,8,4,-1,0,0,0,0,0,0,1,1,-1,6,2,40,7,-1,-1,-1,-1,1,E01009337,0,2
2024061412485,2024,061412485,2,1,0,-1,19,3,7,-1,0,8,0,0,0,0,2,1,-1,1,1,60,9,-1,-1,-1,-1,3,E01033680,0,2
2024010511902,2024,010511902,2,1,0,7,7,8,2,0,0,8,2,10,1,0,1,1,6,6,1,24,5,-1,-1,-1,-1,10,E01000827,0,1
2024061410311,2024,061410311,1,9,-1,-1,-1,-1,-1,-1,-1,-1,-1,-1,-1,0,-1,9,-1,6,3,-1,-1,-1,-1,-1,-1,-1,-1,0,-1
2024141445081,2024,141445081,1,1,0,-1,19,7,3,-1,0,1,0,0,0,0,1,1,-1,6,1,24,5,-1,-1,-1,-1,9,E01007960,0,1
2024421469212,2024,421469212,1,21,0,-1,19,3,7,-1,0,1,0,0,0,0,1,1,-1,1,1,31,6,-1,-1,-1,-1,9,E01021285,0,1
2024481569319,2024,481569319,2,1,0,-1,19,5,1,-1,0,1,0,0,0,0,2,1,-1,2,1,71,10,-1,-1,-1,-1,-1,-1,0,-1
2024101393701,2024,101393701,1,9,0,-1,13,1,4,-1,0,1,0,0,0,0,1,1,-1,6,1,34,6,-1,-1,-1,-1,4,E01008675,0,4
2024131513964,2024,131513964,1,9,0,-1,-1,-1,-1,-1,-1,8,-1,-1,-1,0,-1,1,-1,6,3,-1,-1,-1,-1,-1,-1,-1,-1,0,-1
2024451404216,2024,451404216,2,1,0,-1,19,7,3,-1,0,4,0,0,0,0,1,1,-1,7,1,17,4,-1,-1,-1,-1,10,E01030489,0,1
2024332400566,2024,332400566,2,17,5,-1,9,4,2,-1,0,5,0,0,0,0,3,1,-1,1,1,20,4,-1,-1,-1,-1,8,E01035086,0,4
2024411477743,2024,411477743,3,9,-1,-1,-1,-1,-1,-1,-1,0,-1,-1,-1,0,-1,9,-1,6,3,-1,-1,-1,-1,-1,-1,-1,-1,0,-1
2024501444993,2024,501444993,2,9,0,-1,4,1,5,-1,0,0,0,0,0,0,1,9,-1,1,2,40,7,-1,-1,-1,-1,3,E01018761,0,1
2024010508267,2024,010508267,1,1,9,99,99,9,9,99,99,9,9,99,9,99,9,1,6,6,1,41,7,-1,-1,-1,-1,3,E01003560,0,1
2024201491617,2024,201491617,1,9,0,-1,13,1,5,-1,0,0,0,0,1,0,0,1,-1,6,1,42,7,-1,-1,-1,-1,7,E01032420,0,3
2024440183024,2024,440183024,2,9,0,9,9,5,3,0,0,6,0,0,0,0,1,1,6,6,1,-1,-1,-1,-1,-1,-1,-1,-1,0,-1
2024010493909,2024,010493909,1,9,0,9,9,1,7,9,9,2,0,0,1,4,1,1,6,6,1,20,4,-1,-1,-1,-1,3,E01001436,0,1
2024440253163,2024,440253163,1,9,0,11,11,5,1,0,0,8,0,0,0,0,1,1,6,6,2,38,7,-1,-1,-1,-1,9,E01034558,0,3
2024010513669,2024,010513669,2,9,0,99,99,9,9,99,99,9,9,99,9,99,2,9,6,6,3,-1,-1,-1,-1,-1,-1,8,E01001399,0,1
2024221415867,2024,221415867,1,19,0,-1,19,1,5,-1,0,6,0,0,0,0,3,9,-1,1,1,70,10,-1,-1,-1,-1,6,E01014053,0,1
2024991486308,2024,991486308,1,9,0,-1,19,1,5,-1,0,0,5,0,7,10,1,1,-1,2,2,22,5,-1,-1,-1,-1,2,-1,0,2
2024991467041,2024,991467041,1,9,0,-1,19,5,1,-1,0,0,0,0,0,0,1,1,-1,6,1,64,9,-1,-1,-1,-1,4,-1,0,4
2024522500358,2024,522500358,4,9,0,2,2,0,0,0,0,0,0,0,0,0,3,1,6,6,3,-1,-1,-1,-1,-1,-1,-1,-1,0,-1
2024221492867,2024,221492867,1,9,0,-1,15,5,1,-1,0,4,0,0,0,0,1,9,-1,2,1,56,9,-1,-1,-1,-1,2,E01008942,0,1
2024531531214,2024,531531214,2,22,0,-1,19,3,7,-1,0,1,0,0,0,0,3,1,-1,6,2,53,8,-1,-1,-1,-1,4,E01022450,0,1
2024440371677,2024,440371677,1,1,0,18,19,1,5,0,0,8,0,0,0,0,4,1,6,6,1,23,5,-1,-1,-1,-1,3,E01017189,0,1
2024361440402,2024,361440402,2,9,0,-1,19,-1,-1,-1,0,1,0,0,0,0,1,1,-1,1,2,64,9,-1,-1,-1,-1,10,E01035143,0,3
2024471463259,2024,471463259,1,1,0,-1,19,2,7,-1,5,1,0,0,0,0,1,1,-1,6,-1,-1,-1,-1,-1,-1,-1,-1,-1,0,-1
2024201508049,2024,201508049,1,8,0,-1,19,6,2,-1,0,1,0,0,0,0,1,1,-1,6,3,-1,-1,-1,-1,-1,-1,-1,-1,0,-1
2024010522581,2024,010522581,2,9,0,18,19,4,8,0,0,1,0,0,0,0,1,1,6,6,2,73,10,-1,-1,-1,-1,9,E01001614,0,1
2024010509117,2024,010509117,1,9,0,99,99,9,9,99,99,9,9,99,9,99,9,9,6,6,3,-1,-1,-1,-1,-1,-1,-1,-1,0,-1
2024041441922,2024,041441922,2,9,0,-1,19,5,1,-1,0,4,0,0,0,0,3,1,-1,1,1,40,7,-1,-1,-1,-1,1,E01034335,0,3
2024041519124,2024,041519124,1,9,0,-1,19,-1,-1,-1,0,1,0,0,0,0,-1,9,-1,6,3,-1,-1,-1,-1,-1,-1,-1,-1,0,-1
2024201492463,2024,201492463,2,1,0,-1,19,4,8,-1,0,8,0,0,0,0,3,1,-1,9,1,50,8,-1,-1,-1,-1,1,E01009007,0,1
2024471463384,2024,471463384,1,1,0,-1,19,5,1,-1,0,8,1,0,0,0,4,1,-1,2,1,57,9,-1,-1,-1,-1,6,E01031607,0,1
2024061527384,2024,061527384,1,-1,0,-1,19,-1,-1,-1,9,0,0,4,0,0,1,1,-1,6,3,-1,-1,-1,-1,-1,-1,-1,-1,0,-1
2024010543121,2024,010543121,1,9,0,18,19,1,5,0,0,8,0,0,0,0,1,1,6,6,3,-1,-1,-1,-1,-1,-1,-1,-1,0,-1
2024522401381,2024,522401381,1,1,0,18,19,1,5,0,0,8,0,0,0,0,9,1,6,6,1,45,7,-1,-1,-1,-1,2,E01033353,0,1
2024010542631,2024,010542631,1,1,9,99,99,9,9,99,99,9,9,99,9,99,9,1,2,2,2,29,6,-1,-1,-1,-1,2,E01004223,0,1
2024211440259,2024,211440259,2,19,0,-1,19,4,8,-1,0,0,0,0,0,0,0,1,-1,2,1,48,8,-1,-1,-1,-1,7,E01029580,0,2
2024531409694,2024,531409694,3,98,0,-1,7,1,2,-1,0,4,0,0,0,0,0,9,-1,6,3,-1,-1,-1,-1,-1,-1,-1,-1,0,-1
2024201484016,2024,201484016,1,9,0,-1,19,1,5,-1,0,4,0,0,0,0,1,1,-1,6,-1,-1,-1,-1,-1,-1,-1,-1,-1,0,-1
2024010490797,2024,010490797,2,9,0,99,99,9,9,99,99,9,9,99,9,99,1,9,6,6,3,-1,-1,-1,-1,-1,-1,-1,-1,0,-1
2024332400535,2024,332400535,1,1,0,-1,19,5,1,-1,9,8,0,0,0,0,1,1,-1,9,1,50,8,-1,-1,-1,-1,3,E01013613,0,1
2024351411951,2024,351411951,2,-1,-1,-1,-1,-1,-1,-1,-1,2,0,0,0,0,-1,9,-1,6,1,-1,-1,-1,-1,-1,-1,-1,-1,1,-1
2024430239816,2024,430239816,2,9,0,18,19,4,8,0,0,0,0,0,0,0,1,1,6,6,3,-1,-1,-1,-1,-1,-1,-1,-1,0,-1
2024302401550,2024,302401550,1,9,0,9,9,2,8,0,0,0,0,0,0,0,1,1,6,6,3,-1,-1,-1,-1,-1,-1,5,E01019456,0,3
2024010499123,2024,010499123,1,1,9,99,99,9,9,99,99,9,9,8,9,99,1,1,6,6,1,53,8,-1,-1,-1,-1,3,E01035679,0,1
2024201445201,2024,201445201,1,98,0,-1,7,3,5,-1,0,3,0,0,0,0,1,9,-1,6,1,30,6,-1,-1,-1,-1,-1,-1,0,-1
2024631397736,2024,631397736,1,9,0,-1,13,2,6,-1,0,0,0,0,0,0,4,1,-1,6,1,-1,-1,-1,-1,-1,-1,-1,-1,0,-1
2024010493393,2024,010493393,1,9,0,9,9,7,5,0,0,8,0,0,0,0,1,1,3,7,2,45,7,-1,-1,-1,-1,5,E01004076,0,1
2024311443771,2024,311443771,1,1,0,-1,19,4,1,-1,0,1,0,0,0,0,2,1,-1,9,1,53,8,-1,-1,-1,-1,2,E01013569,0,3
2024332401206,2024,332401206,1,9,0,-1,9,8,6,-1,0,3,0,0,0,0,1,1,-1,9,1,70,10,-1,-1,-1,-1,7,E01025757,0,1
2024320462881,2024,320462881,2,9,0,-1,-1,6,2,0,0,8,0,0,0,0,1,1,6,6,1,69,10,-1,-1,-1,-1,1,E01007328,0,4
2024501409625,2024,501409625,2,19,0,-1,19,1,5,-1,0,0,0,0,0,0,1,1,-1,6,1,35,6,-1,-1,-1,-1,8,E01019921,0,1
2024010522044,2024,010522044,2,9,0,18,19,9,9,99,99,9,9,99,9,99,1,9,6,6,3,-1,-1,-1,-1,-1,-1,5,E01000593,0,1
2024332400897,2024,332400897,1,9,0,-1,19,2,6,-1,0,8,0,0,0,0,0,1,-1,1,1,49,8,-1,-1,-1,-1,1,E01013661,0,1
2024520001119,2024,520001119,1,9,0,18,19,2,6,0,0,0,0,0,0,0,1,1,6,6,1,46,8,-1,-1,-1,-1,5,E01031898,0,4
2024361397863,2024,361397863,2,1,0,-1,19,3,7,-1,0,0,0,0,0,0,2,1,-1,6,1,73,10,-1,-1,-1,-1,3,E01026665,0,1
2024010487968,2024,010487968,2,3,0,99,99,9,9,99,99,9,9,99,9,99,1,1,6,6,3,-1,-1,-1,-1,-1,-1,-1,-1,0,-1
2024361479232,2024,361479232,2,1,0,-1,19,3,7,-1,0,8,0,0,0,0,1,1,-1,9,1,16,4,-1,-1,-1,-1,1,E01026867,0,1
2024430310805,2024,430310805,2,9,0,17,19,1,7,0,0,0,0,0,0,0,1,1,1,1,1,-1,-1,-1,-1,-1,-1,-1,-1,0,-1
2024440214709,2024,440214709,1,1,0,18,19,3,7,0,0,8,0,0,0,0,3,1,6,6,1,23,5,-1,-1,-1,-1,2,E01022902,0,4
2024520001688,2024,520001688,1,9,9,18,19,9,9,0,0,8,0,0,0,0,1,9,6,6,3,-1,-1,-1,-1,-1,-1,-1,-1,0,-1
2024010494006,2024,010494006,1,9,0,99,99,9,9,99,99,9,9,99,9,99,1,9,6,6,3,-1,-1,-1,-1,-1,-1,-1,-1,0,-1