collision_index,collision_year,collision_ref_no,vehicle_reference,vehicle_type,towing_and_articulation,vehicle_manoeuvre_historic,vehicle_manoeuvre,vehicle_direction_from,vehicle_direction_to,vehicle_location_restricted_lane_historic,vehicle_location_restricted_lane,junction_location,skidding_and_overturning,hit_object_in_carriageway,vehicle_leaving_carriageway,hit_object_off_carriageway,first_point_of_impact,vehicle_left_hand_drive,journey_purpose_of_driver_historic,journey_purpose_of_driver,sex_of_driver,age_of_driver,age_band_of_driver,engine_capacity_cc,propulsion_code,age_of_vehicle,generic_make_model,driver_imd_decile,lsoa_of_driver,escooter_flag,driver_distance_banding
2024471415166,2024,471415166,2,9,0,-1,9,1,3,-1,0,2,0,0,0,0,2,9,-1,6,1,73,10,-1,-1,-1,-1,4,E01031434,0,3
2024421518879,2024,421518879,1,9,0,-1,19,5,1,-1,0,0,0,0,0,0,1,1,-1,6,3,-1,-1,-1,-1,-1,-1,-1,-1,0,-1
2024061512180,2024,061512180,1,1,0,-1,19,-1,-1,-1,0,1,9,0,0,0,1,1,-1,2,1,38,7,-1,-1,-1,-1,6,E01005699,0,2
2024052402789,2024,052402789,1,19,0,7,7,8,2,0,0,8,0,0,0,0,4,1,6,6,3,-1,-1,-1,-1,-1,-1,-1,-1,0,-1
2024302401568,2024,302401568,1,9,0,9,9,7,3,0,0,8,0,0,0,0,1,1,1,1,1,45,7,-1,-1,-1,-1,2,E01028057,0,4
2024010492066,2024,010492066,1,9,0,1,1,8,4,0,0,0,0,0,0,0,2,1,6,6,2,39,7,-1,-1,-1,-1,1,E01000596,0,1
2024991495519,2024,991495519,1,9,0,-1,19,7,3,-1,0,0,0,0,0,0,1,1,-1,6,2,27,6,-1,-1,-1,-1,-1,-1,0,-1
2024010491360,2024,010491360,1,9,0,18,19,1,5,0,0,4,0,0,0,0,1,1,2,2,1,26,6,-1,-1,-1,-1,-1,-1,0,-1
2024311456986,2024,311456986,2,1,0,-1,19,2,2,-1,4,1,0,0,1,0,3,1,-1,6,1,60,9,-1,-1,-1,-1,6,E01028202,0,1
2024471469805,2024,471469805,3,9,0,-1,19,7,3,-1,0,0,0,0,0,0,1,1,-1,9,2,57,9,-1,-1,-1,-1,6,E01021108,0,3
2024010504291,2024,010504291,2,1,9,99,99,9,9,4,4,9,9,99,9,99,1,1,6,6,3,-1,-1,-1,-1,-1,-1,-1,-1,0,-1
2024101497461,2024,101497461,1,9,0,-1,19,5,1,-1,0,0,0,0,0,0,1,1,-1,2,1,22,5,-1,-1,-1,-1,5,E01020590,0,2
202417H100924,2024,17H100924,1,1,0,18,19,7,3,0,0,1,0,0,0,0,3,1,6,6,1,14,3,-1,-1,-1,-1,2,E01011964,0,1
2024061486004,2024,061486004,2,1,0,-1,7,3,3,-1,0,0,0,0,0,0,2,1,-1,6,1,14,3,-1,-1,-1,-1,1,E01005349,0,1
2024471462019,2024,471462019,1,9,0,-1,19,1,5,-1,0,1,0,0,0,0,1,9,-1,9,1,36,7,-1,-1,-1,-1,1,E01020994,0,3
2024031448588,2024,031448588,2,1,0,-1,11,6,2,-1,0,3,0,0,0,0,2,1,-1,9,1,33,6,-1,-1,-1,-1,8,E01019242,0,1
2024101523941,2024,101523941,2,9,0,-1,2,0,0,-1,0,8,0,0,0,0,0,1,-1,6,1,58,9,-1,-1,-1,-1,4,E01008211,0,1
2024010489164,2024,010489164,2,9,9,99,99,9,9,99,99,9,9,99,9,99,9,9,6,6,3,-1,-1,-1,-1,-1,-1,-1,-1,0,-1
2024061491651,2024,061491651,2,-1,0,-1,19,5,3,-1,9,0,0,0,0,0,1,1,-1,9,1,31,6,-1,-1,-1,-1,1,E01005165,1,1
2024440562316,2024,440562316,1,9,0,9,9,1,7,0,0,3,0,0,0,0,4,1,6,6,2,57,9,-1,-1,-1,-1,7,E01022672,0,2
2024461477205,2024,461477205,2,1,0,-1,19,1,5,-1,0,8,0,0,0,0,4,1,-1,9,1,55,8,-1,-1,-1,-1,10,E01024467,0,4
2024440443689,2024,440443689,1,-1,0,18,19,4,8,0,0,2,0,0,0,0,1,1,6,6,1,22,5,-1,-1,-1,-1,8,E01017215,1,1
2024010517996,2024,010517996,1,1,9,99,99,9,9,99,99,9,9,99,9,99,9,1,1,1,1,36,7,-1,-1,-1,-1,6,E01004485,0,1
2024010522626,2024,010522626,1,9,0,99,99,9,9,99,99,9,9,99,9,99,9,9,6,6,3,-1,-1,-1,-1,-1,-1,-1,-1,0,-1
2024461422672,2024,461422672,1,21,0,-1,19,6,2,-1,0,0,0,0,0,0,1,9,-1,6,3,-1,-1,-1,-1,-1,-1,-1,-1,0,-1
2024010497586,2024,010497586,1,9,0,99,99,9,9,0,0,9,0,99,9,99,9,1,6,6,3,-1,-1,-1,-1,-1,-1,-1,-1,0,-1
2024461406876,2024,461406876,2,9,0,-1,5,3,7,-1,0,8,0,0,0,0,3,2,-1,1,1,48,8,-1,-1,-1,-1,-1,-1,0,-1
2024041470480,2024,041470480,2,1,0,-1,19,3,7,-1,0,1,0,0,0,0,3,1,-1,2,1,56,9,-1,-1,-1,-1,10,E01025327,0,2
2024131503129,2024,131503129,2,9,0,-1,9,1,7,-1,0,8,0,0,0,0,4,1,-1,9,1,36,7,-1,-1,-1,-1,1,E01011723,0,2
2024141466469,2024,141466469,2,9,0,-1,19,5,1,-1,0,1,0,0,0,0,1,9,-1,6,3,-1,-1,-1,-1,-1,-1,-1,-1,0,-1
2024461502450,2024,461502450,1,9,0,-1,7,2,4,-1,0,1,0,0,0,0,0,9,-1,9,3,50,8,-1,-1,-1,-1,-1,-1,0,-1
2024430217348,2024,430217348,1,1,0,18,19,5,1,0,0,0,0,0,0,0,3,1,6,6,1,15,3,-1,-1,-1,-1,-1,-1,0,-1
2024471507797,2024,471507797,3,9,0,-1,4,3,7,-1,0,1,0,0,0,0,2,1,-1,1,1,36,7,-1,-1,-1,-1,7,E01031399,0,1
2024371504802,2024,371504802,1,98,1,-1,19,5,1,-1,0,0,0,0,0,0,4,1,-1,6,1,47,8,-1,-1,-1,-1,8,E01033460,0,4
2024010500911,2024,010500911,1,1,9,99,99,9,9,99,99,9,9,99,9,99,9,1,2,2,1,36,7,-1,-1,-1,-1,7,E01004483,0,1
2024010487622,2024,010487622,1,11,0,18,19,7,3,0,0,0,0,0,0,0,0,1,1,1,1,33,6,-1,-1,-1,-1,4,E01001148,0,3
2024161458500,2024,161458500,2,1,0,-1,19,2,6,-1,0,0,0,0,0,0,1,1,-1,6,1,16,4,-1,-1,-1,-1,1,E01012858,0,1
202454A933324,2024,54A933324,2,9,0,3,3,4,8,0,0,0,0,0,0,0,2,1,6,6,2,22,5,-1,-1,-1,-1,8,E01034525,0,2
2024010539395,2024,010539395,3,97,0,13,13,5,1,0,0,1,0,0,0,0,0,1,6,6,3,-1,-1,-1,-1,-1,-1,-1,-1,0,-1
2024302400437,2024,302400437,1,9,0,9,9,4,1,0,0,8,0,0,1,11,1,1,6,6,1,21,5,-1,-1,-1,-1,6,E01019524,0,1
2024010548303,2024,010548303,1,20,0,99,99,9,9,99,99,9,9,99,9,99,1,9,6,6,3,-1,-1,-1,-1,-1,-1,-1,-1,0,-1
2024430561754,2024,430561754,1,9,0,3,3,5,1,0,0,1,0,0,0,0,3,1,6,6,2,47,8,-1,-1,-1,-1,-1,-1,0,-1
2024161464651,2024,161464651,1,97,0,-1,19,3,7,-1,0,8,5,99,0,0,4,1,-1,9,1,40,7,-1,-1,-1,-1,3,E01012866,0,1
2024010488894,2024,010488894,2,9,0,18,19,1,5,0,0,1,0,0,0,0,1,1,6,6,3,-1,-1,-1,-1,-1,-1,-1,-1,0,-1
2024010518696,2024,010518696,2,19,0,99,99,9,9,99,99,9,9,99,9,99,2,9,6,6,3,60,9,-1,-1,-1,-1,9,E01000648,0,3
2024131533546,2024,131533546,2,9,0,-1,4,3,7,-1,0,0,0,0,0,0,2,1,-1,1,1,34,6,-1,-1,-1,-1,1,E01011360,0,1
2024010492036,2024,010492036,1,9,0,5,5,3,7,0,0,4,0,0,0,0,1,1,6,6,2,29,6,-1,-1,-1,-1,6,E01002319,0,1
2024101486196,2024,101486196,1,1,0,-1,19,1,5,-1,0,0,0,0,0,0,1,1,-1,6,1,-1,-1,-1,-1,-1,-1,3,E01008451,0,1
2024010490190,2024,010490190,1,9,0,1,1,3,7,0,0,2,0,0,0,0,2,1,6,6,2,27,6,-1,-1,-1,-1,6,E01001415,0,1
2024010506300,2024,010506300,1,9,0,18,19,5,1,0,0,0,0,0,0,0,1,1,1,1,1,68,10,-1,-1,-1,-1,4,E01003376,0,1
2024131525428,2024,131525428,1,9,0,-1,-1,-1,-1,-1,-1,0,-1,-1,-1,-1,-1,1,-1,6,3,-1,-1,-1,-1,-1,-1,-1,-1,0,-1
2024161433217,2024,161433217,1,9,0,-1,6,8,4,-1,0,8,0,0,0,0,3,1,-1,9,1,34,6,-1,-1,-1,-1,4,E01013225,0,2
2024141431213,2024,141431213,1,9,0,-1,19,1,5,-1,0,1,0,0,0,0,1,1,-1,9,2,36,7,-1,-1,-1,-1,2,E01007627,0,1
2024010538459,2024,010538459,1,9,0,99,99,9,9,99,99,9,9,99,9,99,2,9,1,1,2,50,8,-1,-1,-1,-1,3,E01002646,0,1
2024302400791,2024,302400791,3,9,0,17,19,8,5,0,0,8,0,0,0,0,4,1,6,6,1,35,6,-1,-1,-1,-1,10,E01019848,0,1
2024010507074,2024,010507074,5,19,0,18,19,5,1,0,0,1,0,0,0,0,1,1,1,1,1,59,9,-1,-1,-1,-1,6,E01003711,0,1
2024010488314,2024,010488314,1,3,0,18,19,6,2,0,0,2,0,0,1,0,3,1,1,1,1,23,5,-1,-1,-1,-1,4,E01003485,0,1
2024221501071,2024,221501071,1,1,0,-1,19,6,2,-1,9,1,0,0,0,0,1,1,-1,7,1,11,3,-1,-1,-1,-1,6,E01032457,0,1
2024351435109,2024,351435109,2,1,0,-1,5,3,7,-1,0,5,0,0,0,0,0,1,-1,6,-1,-1,-1,-1,-1,-1,-1,-1,-1,0,-1
2024302400407,2024,302400407,2,9,0,18,19,3,7,0,0,0,0,0,0,0,1,1,6,6,1,65,9,-1,-1,-1,-1,5,E01019520,0,3
2024141405909,2024,141405909,2,1,0,-1,19,6,3,-1,0,0,2,0,0,0,3,1,-1,2,1,47,8,-1,-1,-1,-1,1,E01007511,0,2
2024010496154,2024,010496154,1,3,0,99,99,9,9,99,99,9,9,99,9,99,1,1,6,6,3,-1,-1,-1,-1,-1,-1,-1,-1,0,-1
2024340NN1262,2024,340NN1262,1,9,0,-1,9,4,2,-1,0,6,0,10,0,0,3,1,-1,6,2,-1,-1,-1,-1,-1,-1,-1,-1,0,-1
2024340WN5072,2024,340WN5072,1,9,0,-1,19,1,5,-1,0,1,0,0,0,0,1,1,-1,6,2,-1,-1,-1,-1,-1,-1,-1,-1,0,-1
2024371566592,2024,371566592,2,9,0,-1,19,7,3,-1,0,1,0,0,0,0,3,1,-1,6,1,72,10,-1,-1,-1,-1,5,E01033446,0,2
2024340WN2452,2024,340WN2452,1,-1,0,-1,19,2,6,-1,0,1,0,0,0,0,1,1,-1,6,1,41,7,-1,-1,-1,-1,3,E01027228,1,1
2024471520329,2024,471520329,1,9,0,-1,9,7,3,-1,0,8,0,0,0,0,4,2,-1,9,1,54,8,-1,-1,-1,-1,-1,-1,0,-1
2024060847531,2024,060847531,2,21,0,-1,19,4,8,-1,0,0,0,0,7,9,3,1,-1,1,1,47,8,-1,-1,-1,-1,2,E01013611,0,5
2024461451857,2024,461451857,2,1,0,-1,19,7,3,-1,0,8,5,0,0,0,1,1,-1,6,1,-1,-1,-1,-1,-1,-1,7,E01024721,0,1
202454E409424,2024,54E409424,2,9,0,3,3,7,3,0,0,1,0,0,0,0,2,1,2,2,2,52,8,-1,-1,-1,-1,9,E01015523,0,2
2024010507799,2024,010507799,1,9,0,18,19,3,7,0,0,2,0,0,0,0,0,1,6,6,1,39,7,-1,-1,-1,-1,10,E01000878,0,1
2024991482975,2024,991482975,1,9,0,-1,9,2,7,-1,0,6,0,0,0,0,1,1,-1,7,1,30,6,-1,-1,-1,-1,-1,-1,0,-1
2024010522437,2024,010522437,2,1,0,18,19,3,7,0,0,8,0,0,0,0,4,1,2,2,2,29,6,-1,-1,-1,-1,3,E01032765,0,1
2024411463108,2024,411463108,2,9,-1,-1,-1,-1,-1,-1,-1,1,-1,-1,-1,0,-1,9,-1,6,3,-1,-1,-1,-1,-1,-1,-1,-1,0,-1
2024501398417,2024,501398417,2,16,0,-1,9,6,3,-1,0,8,5,0,0,0,0,1,-1,6,1,34,6,-1,-1,-1,-1,8,E01020261,0,2
2024201426008,2024,201426008,2,9,0,-1,19,1,5,-1,0,8,0,7,4,1,4,1,-1,6,2,49,8,-1,-1,-1,-1,10,E01032138,0,2
2024010495977,2024,010495977,1,19,0,9,9,4,1,0,0,1,0,0,0,0,1,1,1,1,1,61,9,-1,-1,-1,-1,2,E01002078,0,1
2024332400290,2024,332400290,2,9,0,-1,19,1,5,-1,0,3,0,10,0,0,1,1,-1,6,3,-1,-1,-1,-1,-1,-1,-1,-1,0,-1
2024010541207,2024,010541207,1,1,9,99,99,9,9,99,99,9,9,99,9,99,1,1,6,6,1,33,6,-1,-1,-1,-1,2,E01033866,0,1
2024010546713,2024,010546713,1,1,9,99,99,9,9,99,99,9,9,99,9,99,1,1,6,6,2,40,7,-1,-1,-1,-1,2,E01004444,0,1
2024010509887,2024,010509887,1,1,0,18,19,3,7,0,0,0,1,0,0,0,2,1,1,1,1,29,6,-1,-1,-1,-1,4,E01003530,0,3
2024010529798,2024,010529798,1,9,0,18,19,7,3,0,0,0,0,0,0,0,1,1,6,6,3,-1,-1,-1,-1,-1,-1,-1,-1,0,-1
2024440472971,2024,440472971,1,1,0,14,14,3,7,0,0,0,0,0,0,0,4,1,6,6,1,53,8,-1,-1,-1,-1,10,E01022726,0,1
2024010523111,2024,010523111,1,1,9,99,99,9,9,99,99,9,9,99,9,99,9,1,6,6,3,-1,-1,-1,-1,-1,-1,-1,-1,0,-1
2024201463061,2024,201463061,2,1,0,-1,19,7,3,-1,0,1,0,0,0,0,2,1,-1,6,1,21,5,-1,-1,-1,-1,1,E01009351,0,1
2024070213940,2024,070213940,1,21,1,10,10,7,3,0,0,8,0,4,0,0,1,2,1,1,1,38,7,-1,-1,-1,-1,-1,-1,0,-1
2024440355870,2024,440355870,1,-1,0,18,19,6,2,0,0,2,0,0,0,0,2,1,6,6,2,21,5,-1,-1,-1,-1,2,E01003190,1,5
2024340NN3172,2024,340NN3172,2,1,0,-1,19,5,1,-1,0,0,0,0,0,0,4,1,-1,6,2,16,4,-1,-1,-1,-1,7,E01027344,0,1
2024010493296,2024,010493296,2,9,9,99,99,9,9,99,99,9,9,99,9,99,9,9,6,6,3,-1,-1,-1,-1,-1,-1,-1,-1,0,-1
2024991404290,2024,991404290,2,1,0,-1,19,1,5,-1,0,8,5,0,0,0,1,1,-1,2,1,37,7,-1,-1,-1,-1,-1,-1,0,-1
2024440344601,2024,440344601,2,9,0,18,19,8,4,0,0,4,0,0,0,0,0,1,6,6,3,-1,-1,-1,-1,-1,-1,-1,-1,0,-1
2024052400889,2024,052400889,2,1,0,18,19,3,7,0,0,0,0,0,0,0,2,1,6,6,1,48,8,-1,-1,-1,-1,6,E01006685,0,2
2024010516012,2024,010516012,1,4,0,18,19,2,6,0,0,2,0,0,0,0,1,1,6,6,3,-1,-1,-1,-1,-1,-1,-1,-1,0,-1
2024461465602,2024,461465602,1,9,0,-1,9,3,1,-1,0,1,0,0,0,0,0,9,-1,6,3,-1,-1,-1,-1,-1,-1,-1,-1,0,-1
2024070387038,2024,070387038,1,19,0,18,19,6,2,0,0,0,0,0,0,0,1,1,6,6,1,-1,-1,-1,-1,-1,-1,-1,-1,0,-1
2024201510247,2024,201510247,2,9,0,-1,9,8,7,-1,0,5,0,0,0,0,0,9,-1,6,1,40,7,-1,-1,-1,-1,3,E01009876,0,1
2024501476690,2024,501476690,2,9,0,-1,19,5,1,-1,0,1,1,0,0,0,1,1,-1,6,1,23,5,-1,-1,-1,-1,8,E01019035,0,1
2024546888424,2024,546888424,2,9,0,10,10,2,8,0,0,6,0,0,0,0,1,1,6,6,3,-1,-1,-1,-1,-1,-1,-1,-1,0,-1
2024010550289,2024,010550289,2,9,0,99,99,9,9,99,99,9,9,99,9,99,9,9,6,6,3,42,7,-1,-1,-1,-1,8,E01003417,0,1
2024010536989,2024,010536989,1,1,9,99,99,9,9,4,4,9,9,99,9,99,2,1,2,2,2,29,6,-1,-1,-1,-1,4,E01001738,0,2
2024010489846,2024,010489846,2,1,0,7,7,3,5,0,0,1,0,0,0,0,3,1,2,2,1,43,7,-1,-1,-1,-1,8,E01004507,0,2
2024991478014,2024,991478014,2,9,0,-1,9,6,4,-1,0,5,0,0,0,0,1,1,-1,9,1,81,11,-1,-1,-1,-1,7,-1,0,3
2024101478385,2024,101478385,1,23,0,-1,-1,-1,-1,-1,0,8,0,0,0,0,1,1,-1,6,3,21,5,-1,-1,-1,-1,-1,-1,0,-1
2024101532339,2024,101532339,1,9,0,-1,13,4,8,-1,0,8,0,0,0,0,1,9,-1,6,3,-1,-1,-1,-1,-1,-1,-1,-1,0,-1
2024622400301,2024,622400301,1,10,0,16,19,8,4,0,0,1,0,0,0,0,1,1,6,6,1,33,6,-1,-1,-1,-1,1,W01001884,0,2
2024010527680,2024,010527680,2,1,0,18,19,1,5,0,0,1,0,0,0,0,4,1,6,6,1,27,6,-1,-1,-1,-1,6,E01004353,0,2
2024201462864,2024,201462864,1,9,0,-1,19,2,8,-1,0,8,0,0,0,0,4,1,-1,6,1,50,8,-1,-1,-1,-1,-1,-1,0,-1
2024010504263,2024,010504263,1,1,9,99,99,9,9,99,99,9,9,99,9,99,9,1,2,2,1,58,9,-1,-1,-1,-1,9,E01004085,0,3
2024320385803,2024,320385803,2,9,0,-1,-1,5,1,0,0,8,1,0,0,0,1,1,-1,-1,1,18,4,-1,-1,-1,-1,9,E01027894,0,4
2024010505995,2024,010505995,2,1,0,18,19,1,5,0,0,1,0,0,0,0,1,1,6,6,1,52,8,-1,-1,-1,-1,6,E01002122,0,3
2024361397449,2024,361397449,2,1,-1,-1,-1,7,3,-1,-1,0,-1,-1,-1,0,-1,1,-1,1,1,49,8,-1,-1,-1,-1,5,E01026909,0,1
2024010494281,2024,010494281,2,9,0,99,99,9,9,99,99,9,9,99,9,99,2,9,6,6,3,-1,-1,-1,-1,-1,-1,3,E01000485,0,1
2024010494618,2024,010494618,1,9,0,18,19,7,3,0,0,8,0,0,0,0,3,1,2,2,2,37,7,-1,-1,-1,-1,4,E01003410,0,2
2024451408914,2024,451408914,1,99,0,-1,-1,3,7,-1,-1,0,-1,-1,-1,0,-1,9,-1,6,3,-1,-1,-1,-1,-1,-1,-1,-1,0,-1
2024010522260,2024,010522260,1,1,9,99,99,9,9,99,99,9,9,99,9,99,1,1,6,6,1,-1,-1,-1,-1,-1,-1,-1,-1,0,-1
2024522401717,2024,522401717,2,9,0,4,4,2,6,0,0,0,0,0,0,0,2,1,1,1,3,-1,-1,-1,-1,-1,-1,-1,-1,0,-1
2024991419475,2024,991419475,2,19,0,-1,19,6,2,-1,0,0,0,0,0,0,1,1,-1,9,2,28,6,-1,-1,-1,-1,-1,-1,0,-1
2024430279068,2024,430279068,2,9,0,17,19,1,6,0,0,0,0,0,0,0,1,1,6,6,2,73,10,-1,-1,-1,-1,9,E01028600,0,3
2024332401045,2024,332401045,1,9,0,-1,19,3,7,-1,0,3,0,0,0,0,2,1,-1,2,1,23,5,-1,-1,-1,-1,3,E01033400,0,4
2024501428807,2024,501428807,2,9,0,-1,19,5,1,-1,0,1,0,0,0,0,1,1,-1,9,1,23,5,-1,-1,-1,-1,3,E01020228,0,3
2024131498723,2024,131498723,1,9,0,-1,14,8,4,-1,0,0,0,0,0,0,1,1,-1,6,2,-1,-1,-1,-1,-1,-1,-1,-1,0,-1
2024520401932,2024,520401932,1,9,0,4,4,7,4,0,0,0,0,0,0,0,2,1,6,6,1,38,7,-1,-1,-1,-1,4,E01035114,0,3
2024052402846,2024,052402846,1,9,0,18,19,4,1,0,0,0,0,0,0,0,1,1,6,6,3,-1,-1,-1,-1,-1,-1,-1,-1,0,-1
2024131428386,2024,131428386,2,1,0,-1,19,3,7,-1,4,8,0,0,0,0,4,1,-1,6,1,46,8,-1,-1,-1,-1,5,E01011733,0,1
2024461501881,2024,461501881,1,9,0,-1,11,6,4,-1,0,0,0,0,0,0,4,9,-1,6,2,32,6,-1,-1,-1,-1,4,E01024702,0,3
2024061515250,2024,061515250,1,21,0,-1,5,1,5,-1,0,0,0,0,0,0,4,1,-1,1,1,30,6,-1,-1,-1,-1,-1,-1,0,-1
2024351518234,2024,351518234,2,9,0,-1,19,1,5,-1,0,0,0,0,0,0,0,1,-1,1,1,37,7,-1,-1,-1,-1,10,E01035149,0,4
2024052402251,2024,052402251,1,9,0,18,19,5,1,0,0,0,0,0,0,0,1,1,6,6,3,-1,-1,-1,-1,-1,-1,-1,-1,0,-1
2024061422136,2024,061422136,1,9,0,-1,7,1,3,-1,0,0,0,0,0,0,1,1,-1,9,1,57,9,-1,-1,-1,-1,2,E01005978,0,1
2024071084277,2024,071084277,1,9,0,-1,19,5,1,-1,9,0,0,0,1,0,1,9,-1,6,3,-1,-1,-1,-1,-1,-1,-1,-1,0,-1
2024010492466,2024,010492466,2,9,0,99,99,9,9,99,99,9,9,99,9,99,9,9,6,6,1,-1,-1,-1,-1,-1,-1,6,E01004715,0,3
2024010539954,2024,010539954,2,1,0,18,19,5,1,0,0,1,0,10,0,0,1,1,6,6,1,25,5,-1,-1,-1,-1,4,E01001459,0,1
2024552400506,2024,552400506,2,1,0,18,19,2,6,0,0,8,0,0,0,0,3,1,6,6,1,41,7,-1,-1,-1,-1,6,E01030451,0,4
2024440164629,2024,440164629,2,1,0,18,19,5,1,0,0,1,0,0,0,0,1,1,6,6,3,-1,-1,-1,-1,-1,-1,-1,-1,0,-1
2024010540341,2024,010540341,1,1,9,99,99,9,9,99,99,0,9,99,9,99,9,1,6,6,3,-1,-1,-1,-1,-1,-1,-1,-1,0,-1
2024010535695,2024,010535695,1,1,9,99,99,9,9,99,99,9,9,99,9,99,9,1,6,6,2,23,5,-1,-1,-1,-1,6,E01000549,0,2
2024311475981,2024,311475981,2,1,0,-1,5,2,8,-1,0,1,0,0,0,0,1,1,-1,1,1,22,5,-1,-1,-1,-1,-1,-1,0,-1
2024471490945,2024,471490945,1,1,0,-1,19,7,3,-1,0,8,0,0,0,0,3,1,-1,9,1,61,9,-1,-1,-1,-1,6,E01021143,0,1
2024010519608,2024,010519608,2,9,0,99,99,9,9,99,99,9,9,99,9,99,9,9,6,6,3,24,5,-1,-1,-1,-1,6,E01002433,0,1
2024501413880,2024,501413880,2,1,0,-1,19,5,1,-1,0,0,0,0,0,0,2,1,-1,9,1,59,9,-1,-1,-1,-1,5,E01018890,0,3
2024010516021,2024,010516021,2,9,0,99,99,9,9,0,0,1,0,0,0,0,9,9,6,6,3,-1,-1,-1,-1,-1,-1,-1,-1,0,-1
2024552400506,2024,552400506,1,9,0,9,9,1,6,0,0,6,0,0,0,0,1,1,2,2,2,37,7,-1,-1,-1,-1,6,E01023054,0,1
2024320509908,2024,320509908,1,19,0,1,1,2,6,0,0,5,0,0,0,0,2,1,1,1,1,21,5,-1,-1,-1,-1,1,E01026157,0,1
2024010486907,2024,010486907,1,9,0,99,99,9,9,99,99,9,9,99,9,99,2,9,6,6,2,34,6,-1,-1,-1,-1,5,E01002245,0,2
2024101408091,2024,101408091,1,9,0,-1,5,5,7,-1,-1,1,0,0,0,0,1,9,-1,6,2,18,4,-1,-1,-1,-1,8,E01027549,0,1
2024522402715,2024,522402715,1,1,0,18,19,5,1,5,5,0,0,0,0,0,1,1,6,6,2,62,9,-1,-1,-1,-1,7,E01014734,0,1
2024131528384,2024,131528384,1,17,0,-1,-1,-1,-1,-1,-1,-1,-1,-1,-1,-1,-1,1,-1,6,3,-1,-1,-1,-1,-1,-1,-1,-1,0,-1
2024041411675,2024,041411675,2,9,0,-1,3,7,3,-1,0,1,0,0,0,0,2,1,-1,9,1,35,6,-1,-1,-1,-1,6,E01025593,0,2
2024471500952,2024,471500952,1,9,0,-1,-1,-1,-1,-1,0,2,0,11,1,0,-1,9,-1,6,2,70,10,-1,-1,-1,-1,9,E01021235,0,1
2024141506183,2024,141506183,1,9,0,-1,19,7,4,-1,0,2,0,0,0,0,4,9,-1,6,3,-1,-1,-1,-1,-1,-1,-1,-1,0,-1
2024201476210,2024,201476210,2,5,0,-1,3,8,4,-1,0,0,1,0,0,0,2,1,-1,6,-1,-1,-1,-1,-1,-1,-1,-1,-1,0,-1
2024610017024,2024,610017024,1,9,0,18,19,8,4,0,0,0,2,4,0,0,1,1,6,6,1,28,6,-1,-1,-1,-1,2,W01001529,0,1
2024320635033,2024,320635033,1,4,0,-1,-1,8,4,0,0,0,2,0,1,0,1,1,-1,-1,1,57,9,-1,-1,-1,-1,2,E01026166,0,3
2024161513163,2024,161513163,2,-1,0,-1,19,4,8,-1,5,2,2,0,0,0,1,9,-1,6,1,-1,-1,-1,-1,-1,-1,-1,-1,1,-1
2024010492127,2024,010492127,1,3,0,14,14,1,5,0,0,0,0,0,0,0,1,1,6,6,1,20,4,-1,-1,-1,-1,2,E01002051,0,1
2024070997091,2024,070997091,1,21,1,-1,19,1,1,-1,0,0,0,0,0,0,1,9,-1,6,3,-1,-1,-1,-1,-1,-1,-1,-1,0,-1
2024461483690,2024,461483690,2,9,0,-1,19,3,7,-1,0,1,0,0,0,0,1,2,-1,9,1,60,9,-1,-1,-1,-1,7,E01032620,0,1
2024522500247,2024,522500247,1,9,0,18,19,5,1,0,0,1,0,0,0,0,1,1,6,6,3,-1,-1,-1,-1,-1,-1,-1,-1,0,-1
2024041414309,2024,041414309,1,1,0,-1,19,7,3,-1,0,0,1,0,0,0,1,1,-1,2,1,45,7,-1,-1,-1,-1,4,E01025360,0,1
2024440289624,2024,440289624,2,-1,0,18,19,5,1,0,0,8,0,0,0,0,1,1,6,6,2,34,6,-1,-1,-1,-1,3,E01017104,1,1
2024201436848,2024,201436848,1,17,0,-1,19,4,8,-1,0,1,0,0,0,0,2,1,-1,9,1,21,5,-1,-1,-1,-1,-1,-1,0,-1
2024010520951,2024,010520951,1,8,9,99,99,9,9,0,0,1,9,99,9,99,9,9,6,6,3,-1,-1,-1,-1,-1,-1,-1,-1,0,-1
2024010545161,2024,010545161,1,1,0,4,4,3,7,0,0,8,0,0,0,0,1,1,6,6,2,29,6,-1,-1,-1,-1,3,E01003154,0,2
2024522500473,2024,522500473,2,9,0,18,19,5,1,0,0,8,0,0,0,0,1,1,6,6,3,-1,-1,-1,-1,-1,-1,-1,-1,0,-1
2024411463919,2024,411463919,1,1,0,-1,5,1,5,-1,0,6,0,0,0,0,1,1,-1,1,1,56,9,-1,-1,-1,-1,6,E01023334,0,1
2024552401125,2024,552401125,2,1,0,18,19,3,7,0,0,0,0,0,0,0,2,1,4,7,1,13,3,-1,-1,-1,-1,9,E01015432,0,1
2024010507803,2024,010507803,1,1,9,99,99,9,9,99,99,9,9,99,9,99,9,1,2,2,2,55,8,-1,-1,-1,-1,7,E01003170,0,1
2024122401161,2024,122401161,1,9,0,18,19,1,3,0,0,1,0,0,0,0,3,1,6,6,3,-1,-1,-1,-1,-1,-1,-1,-1,0,-1
2024010491868,2024,010491868,1,9,9,99,99,9,9,99,99,9,9,99,9,99,9,9,6,6,3,-1,-1,-1,-1,-1,-1,-1,-1,0,-1
2024311457927,2024,311457927,2,1,0,-1,19,3,7,-1,9,1,0,0,0,0,1,1,-1,6,1,41,7,-1,-1,-1,-1,2,E01013957,0,1
2024131458249,2024,131458249,1,1,0,-1,19,7,3,-1,9,0,2,0,0,0,1,1,-1,6,1,62,9,-1,-1,-1,-1,1,E01011432,0,1
2024061496342,2024,061496342,2,9,0,-1,19,-1,-1,-1,0,0,0,0,0,0,1,1,-1,6,3,-1,-1,-1,-1,-1,-1,-1,-1,0,-1
2024440314059,2024,440314059,1,1,0,18,19,5,1,0,0,8,0,0,0,0,4,1,6,6,1,24,5,-1,-1,-1,-1,4,E01017135,0,1
2024311472705,2024,311472705,2,1,0,-1,19,7,4,-1,0,4,0,0,0,0,3,1,-1,6,2,29,6,-1,-1,-1,-1,9,E01028376,0,2