collision_index,collision_year,collision_ref_no,vehicle_reference,vehicle_type,towing_and_articulation,vehicle_manoeuvre_historic,vehicle_manoeuvre,vehicle_direction_from,vehicle_direction_to,vehicle_location_restricted_lane_historic,vehicle_location_restricted_lane,junction_location,skidding_and_overturning,hit_object_in_carriageway,vehicle_leaving_carriageway,hit_object_off_carriageway,first_point_of_impact,vehicle_left_hand_drive,journey_purpose_of_driver_historic,journey_purpose_of_driver,sex_of_driver,age_of_driver,age_band_of_driver,engine_capacity_cc,propulsion_code,age_of_vehicle,generic_make_model,driver_imd_decile,lsoa_of_driver,escooter_flag,driver_distance_banding
2024991401776,2024,991401776,1,9,0,-1,4,7,3,-1,0,0,0,0,0,0,1,1,-1,1,1,43,7,-1,-1,-1,-1,4,-1,0,2
2024010516002,2024,010516002,2,1,0,18,19,6,2,5,5,1,5,0,0,0,1,1,6,6,2,46,8,-1,-1,-1,-1,3,E01004364,0,1
2024010502081,2024,010502081,1,97,0,18,19,1,5,9,9,0,0,10,0,0,1,1,6,6,3,-1,-1,-1,-1,-1,-1,-1,-1,0,-1
2024041468477,2024,041468477,2,90,0,-1,19,3,7,-1,0,2,0,0,0,0,2,1,-1,9,1,32,6,-1,-1,-1,-1,7,E01024999,0,2
2024010505511,2024,010505511,2,1,0,18,19,1,5,0,0,0,0,4,0,0,1,1,2,2,1,43,7,-1,-1,-1,-1,1,E01000105,0,1
2024332400747,2024,332400747,1,11,0,-1,19,5,1,-1,0,0,0,0,1,0,4,1,-1,6,3,-1,-1,-1,-1,-1,-1,-1,-1,0,-1
2024010535138,2024,010535138,1,23,0,18,19,5,1,0,0,8,0,0,0,0,1,1,6,6,1,23,5,-1,-1,-1,-1,2,E01003046,0,1
2024010503860,2024,010503860,2,8,0,99,99,9,9,99,99,9,9,99,9,99,9,9,6,6,3,-1,-1,-1,-1,-1,-1,-1,-1,0,-1
2024010496131,2024,010496131,2,9,0,99,99,9,9,99,99,9,9,99,9,99,9,9,6,6,3,-1,-1,-1,-1,-1,-1,7,E01004635,0,3
2024052402702,2024,052402702,1,9,0,9,9,2,6,0,0,8,0,0,0,0,1,1,6,6,3,-1,-1,-1,-1,-1,-1,-1,-1,0,-1
2024471521544,2024,471521544,2,1,0,-1,19,2,6,-1,0,8,0,0,0,0,1,1,-1,7,1,15,3,-1,-1,-1,-1,4,E01031671,0,1
2024010549789,2024,010549789,1,1,9,99,99,9,9,99,99,1,9,99,9,99,1,1,2,2,1,26,6,-1,-1,-1,-1,3,E01004125,0,3
2024201414537,2024,201414537,1,9,0,-1,13,2,7,-1,0,0,0,0,0,0,3,9,-1,6,3,-1,-1,-1,-1,-1,-1,-1,-1,0,-1
2024010498272,2024,010498272,2,9,0,99,99,9,9,99,99,9,9,99,9,99,9,9,6,6,3,-1,-1,-1,-1,-1,-1,-1,-1,0,-1
2024010496005,2024,010496005,1,9,0,9,9,5,3,0,0,0,0,0,0,0,1,1,6,6,2,43,7,-1,-1,-1,-1,3,E01000305,0,3
2024010488653,2024,010488653,2,1,0,9,9,1,7,0,0,1,0,0,0,0,2,1,6,6,1,26,6,-1,-1,-1,-1,3,E01002703,0,1
2024061451698,2024,061451698,2,9,0,-1,5,-1,-1,-1,0,1,0,0,0,0,1,1,-1,6,3,-1,-1,-1,-1,-1,-1,-1,-1,0,-1
2024361497442,2024,361497442,2,1,0,-1,19,1,7,-1,0,3,0,0,0,0,1,1,-1,6,1,43,7,-1,-1,-1,-1,7,E01026881,0,1
2024461450262,2024,461450262,1,1,0,-1,4,-1,-1,-1,5,0,0,0,0,0,3,1,-1,9,1,43,7,-1,-1,-1,-1,6,E01024692,0,1
2024311426108,2024,311426108,1,9,0,-1,19,4,8,-1,0,8,0,0,0,0,1,9,-1,6,1,-1,-1,-1,-1,-1,-1,-1,-1,0,-1
2024231486415,2024,231486415,1,9,0,-1,19,6,2,-1,0,0,0,0,6,6,1,9,-1,6,2,60,9,-1,-1,-1,-1,-1,-1,0,-1
2024520401181,2024,520401181,2,9,0,9,9,1,8,0,0,6,0,0,0,0,2,1,6,6,1,66,10,-1,-1,-1,-1,7,E01029262,0,1
2024421515705,2024,421515705,2,9,0,-1,4,5,1,-1,0,0,0,0,0,0,2,1,-1,1,1,46,8,-1,-1,-1,-1,5,E01021380,0,3
2024351471663,2024,351471663,1,9,0,-1,19,5,1,-1,0,3,0,10,1,1,1,1,-1,6,1,32,6,-1,-1,-1,-1,6,E01018190,0,1
2024010494105,2024,010494105,1,98,0,99,99,9,9,99,99,9,9,99,9,99,2,9,6,6,1,42,7,-1,-1,-1,-1,8,E01023910,0,3
2024010547988,2024,010547988,1,1,9,99,99,9,9,99,99,9,9,99,9,99,1,1,6,6,1,26,6,-1,-1,-1,-1,6,E01002698,0,1
2024440090279,2024,440090279,1,1,0,18,19,8,4,0,0,2,0,0,0,0,3,1,2,2,1,59,9,-1,-1,-1,-1,4,E01017020,0,1
2024010524034,2024,010524034,2,1,0,18,19,3,7,0,0,4,0,0,0,0,4,1,6,6,2,24,5,-1,-1,-1,-1,4,E01004628,0,4
2024501441989,2024,501441989,2,1,0,-1,19,6,2,-1,0,0,0,0,0,0,2,1,-1,6,1,85,11,-1,-1,-1,-1,3,E01019001,0,1
2024461452394,2024,461452394,1,97,0,-1,19,3,7,-1,0,0,0,0,0,0,1,1,-1,6,3,-1,-1,-1,-1,-1,-1,-1,-1,0,-1
2024010500508,2024,010500508,1,1,0,99,99,9,9,4,4,1,0,0,9,99,1,1,2,2,1,34,6,-1,-1,-1,-1,5,E01004375,0,1
2024221490524,2024,221490524,2,90,0,-1,15,3,7,-1,0,0,0,0,0,0,2,1,-1,6,1,66,10,-1,-1,-1,-1,2,E01019563,0,5
2024010543186,2024,010543186,3,9,0,99,99,9,9,99,99,9,9,99,9,99,2,9,6,6,3,-1,-1,-1,-1,-1,-1,7,E01000391,0,1
2024351462643,2024,351462643,2,1,-1,-1,-1,-1,-1,-1,-1,0,-1,-1,-1,0,-1,1,-1,2,1,48,8,-1,-1,-1,-1,5,E01033120,0,1
2024010508958,2024,010508958,2,9,0,99,99,9,9,99,99,9,9,99,9,99,9,9,6,6,3,-1,-1,-1,-1,-1,-1,-1,-1,0,-1
2024520000121,2024,520000121,1,9,0,18,19,3,7,0,0,0,0,0,0,0,1,2,6,6,1,80,11,-1,-1,-1,-1,-1,-1,0,-1
2024010512361,2024,010512361,2,1,0,18,19,1,5,0,0,8,0,0,0,0,4,1,6,6,1,55,8,-1,-1,-1,-1,4,E01034610,0,1
2024052402499,2024,052402499,1,9,0,17,19,5,2,0,0,2,0,0,0,0,3,1,6,6,3,-1,-1,-1,-1,-1,-1,-1,-1,0,-1
2024010544826,2024,010544826,2,9,0,5,5,7,3,0,0,1,0,0,0,0,1,1,6,6,1,37,7,-1,-1,-1,-1,4,E01003537,0,3
2024471442263,2024,471442263,2,1,0,-1,5,1,5,-1,0,8,5,0,0,0,4,1,-1,2,-1,37,7,-1,-1,-1,-1,1,E01016868,0,1
2024520402011,2024,520402011,2,1,0,18,19,5,8,0,0,8,0,0,0,0,3,1,6,6,3,-1,-1,-1,-1,-1,-1,-1,-1,0,-1
2024161474171,2024,161474171,1,9,0,-1,19,6,2,-1,0,0,0,0,0,0,4,9,-1,6,1,44,7,-1,-1,-1,-1,1,E01013083,0,4
2024332400569,2024,332400569,2,99,0,-1,6,6,6,-1,0,0,0,0,0,0,4,1,-1,6,3,-1,-1,-1,-1,-1,-1,-1,-1,0,-1
2024401427857,2024,401427857,3,9,0,-1,4,6,2,-1,0,0,0,0,0,0,2,1,-1,1,1,37,7,-1,-1,-1,-1,2,E01015720,0,1
2024201457549,2024,201457549,2,1,0,-1,19,2,6,-1,0,0,0,0,0,0,4,1,-1,7,1,15,3,-1,-1,-1,-1,4,E01008891,0,1
2024010532859,2024,010532859,1,1,9,99,99,9,9,99,99,9,9,99,9,99,9,1,6,6,1,45,7,-1,-1,-1,-1,4,E01003042,0,1
2024010516454,2024,010516454,1,1,9,99,99,9,9,99,99,9,9,0,0,0,9,1,6,6,1,-1,-1,-1,-1,-1,-1,-1,-1,0,-1
2024311479591,2024,311479591,2,1,0,-1,5,6,4,-1,0,0,0,0,0,0,0,1,-1,6,1,23,5,-1,-1,-1,-1,2,E01027986,0,2
2024052401993,2024,052401993,1,23,0,18,19,2,6,0,0,0,0,0,0,0,1,1,6,6,1,17,4,-1,-1,-1,-1,6,E01007183,0,1
202454C686824,2024,54C686824,1,9,0,18,19,2,6,0,0,2,0,0,0,0,1,1,6,6,3,-1,-1,-1,-1,-1,-1,-1,-1,0,-1
2024552400742,2024,552400742,2,1,0,18,19,8,4,0,0,8,0,0,0,0,3,1,6,6,1,53,8,-1,-1,-1,-1,6,E01015363,0,1
2024010545112,2024,010545112,2,1,0,18,19,7,3,0,0,1,0,0,3,0,1,1,6,6,1,18,4,-1,-1,-1,-1,6,E01001343,0,1
2024010500375,2024,010500375,2,9,0,99,99,9,9,99,99,9,9,99,9,99,1,9,6,6,3,-1,-1,-1,-1,-1,-1,-1,-1,0,-1
2024122400809,2024,122400809,2,1,0,5,5,5,1,0,0,0,0,0,0,0,2,1,6,6,1,24,5,-1,-1,-1,-1,9,E01013368,0,1
2024010513885,2024,010513885,1,1,9,99,99,9,9,99,99,9,9,99,9,99,2,1,2,2,1,41,7,-1,-1,-1,-1,8,E01033736,0,2
2024010547550,2024,010547550,1,9,0,1,1,5,1,0,0,0,0,0,0,0,2,1,6,6,3,-1,-1,-1,-1,-1,-1,-1,-1,0,-1
2024231460821,2024,231460821,1,23,0,-1,19,8,4,-1,0,1,0,0,0,0,1,1,-1,6,1,26,6,-1,-1,-1,-1,5,E01031311,0,1
2024451507215,2024,451507215,2,9,0,-1,4,7,3,-1,0,1,0,0,0,0,1,1,-1,9,1,33,6,-1,-1,-1,-1,6,E01023135,0,3
2024501400161,2024,501400161,2,1,0,-1,19,5,3,-1,0,0,0,0,0,0,1,1,-1,6,1,57,9,-1,-1,-1,-1,2,E01018860,0,1
2024201553053,2024,201553053,3,9,0,-1,2,0,0,-1,0,0,0,4,0,0,1,9,-1,6,-1,-1,-1,-1,-1,-1,-1,-1,-1,0,-1
2024010489737,2024,010489737,1,9,0,18,19,1,5,0,0,1,0,0,0,0,3,1,6,6,2,19,4,-1,-1,-1,-1,2,E01000091,0,2
2024461517346,2024,461517346,2,9,0,-1,2,0,0,-1,0,1,0,4,0,0,2,1,-1,9,1,55,8,-1,-1,-1,-1,9,E01016091,0,1
202417L100324,2024,17L100324,2,1,0,18,19,4,8,0,0,8,0,0,0,0,4,1,6,6,1,57,9,-1,-1,-1,-1,-1,-1,0,-1
2024010550299,2024,010550299,1,1,9,99,99,9,9,99,99,9,9,99,9,99,1,1,1,1,1,36,7,-1,-1,-1,-1,2,E01033879,0,1
2024052402337,2024,052402337,1,1,0,18,19,8,4,0,0,1,0,0,0,0,1,1,6,6,1,11,3,-1,-1,-1,-1,1,E01006676,0,1
2024101447918,2024,101447918,2,9,0,-1,19,8,4,-1,0,4,0,0,0,0,4,1,-1,6,1,23,5,-1,-1,-1,-1,-1,-1,0,-1
2024010511741,2024,010511741,2,90,0,99,99,9,9,99,99,9,9,99,9,99,1,9,6,6,3,-1,-1,-1,-1,-1,-1,-1,-1,0,-1
2024421405233,2024,421405233,1,19,0,-1,1,-1,-1,-1,0,0,0,0,0,0,-1,1,-1,6,1,-1,-1,-1,-1,-1,-1,8,E01022092,0,4
2024411406526,2024,411406526,2,9,0,-1,3,8,4,-1,0,4,0,0,0,0,2,1,-1,9,1,58,9,-1,-1,-1,-1,10,E01033609,0,3
2024531424001,2024,531424001,1,9,0,-1,19,1,5,-1,0,0,0,0,0,0,1,1,-1,2,1,25,5,-1,-1,-1,-1,5,E01034805,0,1
2024010516076,2024,010516076,1,9,0,16,19,7,3,0,0,2,0,0,0,0,2,1,6,6,3,-1,-1,-1,-1,-1,-1,-1,-1,0,-1
2024311410420,2024,311410420,2,1,0,-1,19,1,5,-1,0,8,2,11,1,0,1,1,-1,2,1,29,6,-1,-1,-1,-1,1,E01013921,0,1
2024471434998,2024,471434998,1,9,0,-1,19,3,7,-1,0,1,0,0,0,0,1,1,-1,2,1,49,8,-1,-1,-1,-1,5,E01021064,0,1
2024411498608,2024,411498608,1,9,0,-1,19,1,5,-1,0,1,0,0,0,0,4,1,-1,6,1,19,4,-1,-1,-1,-1,6,E01023801,0,1
2024531533155,2024,531533155,1,9,0,-1,13,3,7,-1,0,0,0,0,0,0,1,1,-1,9,1,29,6,-1,-1,-1,-1,6,W01001587,0,1
2024010505718,2024,010505718,1,1,9,99,99,9,9,99,99,1,9,99,9,99,9,1,2,2,1,35,6,-1,-1,-1,-1,5,E01033325,0,1
2024010531162,2024,010531162,1,-1,0,18,19,5,1,9,9,0,2,0,0,0,1,1,6,6,2,34,6,-1,-1,-1,-1,-1,-1,1,-1
2024161502696,2024,161502696,2,9,0,-1,19,1,5,-1,0,1,0,0,0,0,1,1,-1,6,3,-1,-1,-1,-1,-1,-1,-1,-1,0,-1
2024221434269,2024,221434269,2,1,0,-1,9,4,2,-1,0,5,0,0,0,0,2,1,-1,2,2,26,6,-1,-1,-1,-1,2,E01028873,0,1
2024340WN3952,2024,340WN3952,2,22,0,-1,19,1,5,-1,0,0,0,0,0,0,4,1,-1,6,1,78,11,-1,-1,-1,-1,2,E01032978,0,1
2024401410190,2024,401410190,1,9,0,-1,5,4,8,-1,0,0,0,0,1,0,1,1,-1,6,1,45,7,-1,-1,-1,-1,9,E01017398,0,3
2024061415973,2024,061415973,1,9,0,-1,9,3,8,-1,0,5,0,0,0,0,1,1,-1,9,1,53,8,-1,-1,-1,-1,5,E01006006,0,1
2024061494604,2024,061494604,2,1,0,-1,19,3,7,-1,0,3,2,0,0,0,4,1,-1,2,1,36,7,-1,-1,-1,-1,8,E01005852,0,1
2024340NN0682,2024,340NN0682,1,-1,0,-1,19,5,1,-1,9,1,0,0,0,10,1,1,-1,9,1,13,3,-1,-1,-1,-1,6,E01027311,1,1
2024010548490,2024,010548490,2,9,0,4,4,1,5,0,0,6,0,0,0,0,1,1,6,6,1,64,9,-1,-1,-1,-1,6,E01000180,0,2
2024041430199,2024,041430199,2,9,0,-1,19,1,5,-1,0,0,0,0,0,0,3,1,-1,2,1,26,6,-1,-1,-1,-1,3,E01024887,0,4
2024471452274,2024,471452274,1,1,0,-1,12,3,8,-1,0,0,0,0,0,0,1,1,-1,9,1,17,4,-1,-1,-1,-1,4,E01031377,0,1
2024010534373,2024,010534373,2,-1,0,99,99,9,9,99,99,9,0,99,0,0,9,1,6,6,1,-1,-1,-1,-1,-1,-1,3,E01034143,1,1
2024631472022,2024,631472022,1,9,0,-1,19,8,4,-1,0,6,0,0,3,10,1,1,-1,9,1,22,5,-1,-1,-1,-1,2,W01001375,0,4
2024010519777,2024,010519777,2,9,0,13,13,9,9,99,99,5,9,99,9,99,1,9,6,6,3,-1,-1,-1,-1,-1,-1,-1,-1,0,-1
2024320294073,2024,320294073,1,9,0,-1,-1,3,8,0,0,0,0,0,0,0,1,1,6,6,1,-1,-1,-1,-1,-1,-1,-1,-1,0,-1
2024421514830,2024,421514830,1,9,0,-1,3,5,7,-1,0,1,0,0,0,0,3,1,-1,2,1,55,8,-1,-1,-1,-1,10,E01021600,0,1
2024201520113,2024,201520113,1,9,0,-1,6,7,3,-1,0,1,0,0,0,0,1,1,-1,6,3,30,6,-1,-1,-1,-1,-1,-1,0,-1
2024052401752,2024,052401752,2,1,0,17,19,2,6,0,0,0,0,0,0,0,4,1,2,2,1,70,10,-1,-1,-1,-1,3,E01006554,0,3
2024552400739,2024,552400739,2,1,0,18,19,1,5,0,0,1,0,0,0,0,1,1,6,6,1,24,5,-1,-1,-1,-1,5,E01015441,0,2
2024522403170,2024,522403170,2,9,0,17,19,5,2,0,0,0,0,0,0,0,1,1,6,6,1,20,4,-1,-1,-1,-1,6,E01014733,0,1
2024522402564,2024,522402564,2,9,0,18,19,3,7,0,0,8,0,0,0,0,1,1,6,6,1,26,6,-1,-1,-1,-1,8,E01014771,0,1
2024451421817,2024,451421817,2,9,0,-1,19,2,6,-1,0,1,0,0,0,0,4,1,-1,1,1,32,6,-1,-1,-1,-1,7,E01030858,0,1
2024440335875,2024,440335875,2,9,0,18,19,8,4,0,0,2,0,0,0,0,3,1,2,2,1,51,8,-1,-1,-1,-1,9,E01023281,0,3
2024010502500,2024,010502500,2,1,0,7,7,3,4,0,0,8,0,0,0,0,2,1,6,6,1,42,7,-1,-1,-1,-1,5,E01035690,0,1
2024340WN2152,2024,340WN2152,1,9,0,-1,7,5,8,-1,0,5,1,0,1,4,1,1,-1,7,2,29,6,-1,-1,-1,-1,7,E01026987,0,1
202417S104724,2024,17S104724,2,9,0,-1,19,6,2,-1,0,0,0,0,0,0,0,1,-1,9,1,25,5,-1,-1,-1,-1,8,E01033480,0,2
2024010492644,2024,010492644,1,9,0,99,99,9,9,99,99,9,9,99,9,99,9,9,6,6,1,34,6,-1,-1,-1,-1,5,E01001347,0,1
2024451448117,2024,451448117,2,1,0,-1,19,1,5,-1,0,0,0,0,0,0,1,1,-1,9,1,14,3,-1,-1,-1,-1,6,E01030765,0,1
2024010513281,2024,010513281,1,9,0,99,99,9,9,99,99,0,9,99,9,99,9,9,6,6,3,-1,-1,-1,-1,-1,-1,-1,-1,0,-1
2024010521001,2024,010521001,2,1,0,18,19,1,5,2,2,1,5,0,0,0,1,1,1,1,2,26,6,-1,-1,-1,-1,2,E01002760,0,1
2024451532590,2024,451532590,1,9,0,-1,19,7,1,-1,0,8,0,0,0,0,1,1,-1,9,1,30,6,-1,-1,-1,-1,10,E01030691,0,1
2024421516990,2024,421516990,2,1,0,-1,10,8,4,-1,0,6,0,0,0,0,1,1,-1,9,1,65,9,-1,-1,-1,-1,9,E01021693,0,1
2024991394494,2024,991394494,2,17,0,-1,5,2,4,-1,0,4,0,0,0,0,1,1,-1,6,2,47,8,-1,-1,-1,-1,-1,-1,0,-1
2024401457625,2024,401457625,2,-1,0,-1,5,1,5,-1,0,0,0,0,0,0,1,1,-1,6,1,14,3,-1,-1,-1,-1,7,E01017578,1,1
2024520402781,2024,520402781,2,1,0,18,19,3,7,0,0,0,0,0,0,0,1,1,6,6,1,16,4,-1,-1,-1,-1,10,E01014421,0,3
2024010519332,2024,010519332,2,9,0,18,19,5,1,0,0,0,0,0,0,0,1,1,6,6,1,-1,-1,-1,-1,-1,-1,3,E01003550,0,1
2024122400895,2024,122400895,2,9,0,4,4,5,1,0,0,8,0,0,0,0,2,2,6,6,1,67,10,-1,-1,-1,-1,-1,-1,0,-1
2024471497981,2024,471497981,1,1,0,-1,19,5,1,-1,0,4,0,0,0,0,1,1,-1,2,1,54,8,-1,-1,-1,-1,4,E01031599,0,1
2024010523083,2024,010523083,1,1,9,99,99,9,9,99,99,9,9,99,9,99,2,1,6,6,1,29,6,-1,-1,-1,-1,5,E01003228,0,1
2024501438301,2024,501438301,2,9,0,-1,7,2,6,-1,0,8,0,0,0,0,1,9,-1,2,2,27,6,-1,-1,-1,-1,4,E01020126,0,1
2024471409048,2024,471409048,2,1,0,-1,5,1,5,-1,0,8,0,0,0,0,2,1,-1,6,1,63,9,-1,-1,-1,-1,6,E01031807,0,1
2024440237047,2024,440237047,2,9,0,4,4,1,5,0,0,1,0,0,0,0,2,1,6,6,1,-1,-1,-1,-1,-1,-1,-1,-1,0,-1
2024201482652,2024,201482652,2,1,0,-1,19,2,6,-1,0,8,0,0,0,0,1,1,-1,6,1,26,6,-1,-1,-1,-1,-1,-1,0,-1
2024991510947,2024,991510947,1,9,0,-1,19,1,5,-1,0,0,0,4,1,0,1,1,-1,9,1,34,6,-1,-1,-1,-1,3,-1,0,1
2024010505365,2024,010505365,2,9,0,99,99,9,9,99,99,9,9,99,9,99,9,9,6,6,3,-1,-1,-1,-1,-1,-1,-1,-1,0,-1
2024411400232,2024,411400232,1,9,0,-1,19,3,1,-1,0,1,0,0,0,0,1,9,-1,6,3,-1,-1,-1,-1,-1,-1,-1,-1,0,-1
2024411524702,2024,411524702,1,9,0,-1,11,8,4,-1,0,8,0,0,0,0,0,9,-1,6,3,-1,-1,-1,-1,-1,-1,-1,-1,0,-1
2024041400839,2024,041400839,1,97,0,-1,19,6,2,-1,0,1,5,0,1,0,1,1,-1,9,1,21,5,-1,-1,-1,-1,2,E01025051,0,1
2024522401416,2024,522401416,2,1,0,18,19,7,3,0,0,2,0,0,0,0,1,1,6,6,1,17,4,-1,-1,-1,-1,-1,-1,0,-1
2024010523665,2024,010523665,1,1,9,99,99,9,9,99,99,9,9,99,9,99,1,1,2,2,1,25,5,-1,-1,-1,-1,5,E01002004,0,1
2024061521490,2024,061521490,1,1,0,-1,14,-1,-1,-1,0,0,0,8,1,0,1,1,-1,2,2,48,8,-1,-1,-1,-1,10,E01005789,0,2
2024311416779,2024,311416779,1,97,0,-1,19,5,1,-1,0,1,0,0,0,0,2,1,-1,9,1,23,5,-1,-1,-1,-1,-1,-1,0,-1
2024531425508,2024,531425508,1,9,0,-1,19,3,7,-1,0,0,0,0,0,0,1,1,-1,2,1,47,8,-1,-1,-1,-1,7,E01022165,0,1
2024122500029,2024,122500029,1,9,0,16,19,5,2,0,0,0,0,0,7,9,1,1,6,6,2,52,8,-1,-1,-1,-1,9,E01027904,0,1
2024041480060,2024,041480060,1,9,0,-1,19,3,7,-1,0,0,0,0,0,0,1,1,-1,9,1,31,6,-1,-1,-1,-1,3,E01024889,0,1
2024010545058,2024,010545058,1,9,0,7,7,4,6,0,0,1,0,0,0,0,1,1,6,6,3,-1,-1,-1,-1,-1,-1,-1,-1,0,-1
2024010531011,2024,010531011,1,16,9,99,99,9,9,99,99,9,9,99,9,99,9,1,6,6,3,-1,-1,-1,-1,-1,-1,-1,-1,0,-1
2024010537202,2024,010537202,1,9,9,99,99,9,9,99,99,9,0,99,9,99,9,9,6,6,1,-1,-1,-1,-1,-1,-1,4,E01004458,0,1
2024371423694,2024,371423694,1,1,0,-1,19,3,7,-1,4,1,0,0,0,0,4,1,-1,6,1,17,4,-1,-1,-1,-1,3,E01029996,0,1
2024070248705,2024,070248705,1,21,0,16,19,6,2,0,0,0,0,0,0,0,3,1,1,1,1,28,6,-1,-1,-1,-1,4,E01018638,0,3
2024010491901,2024,010491901,1,9,0,18,19,1,5,0,0,8,0,7,1,10,1,1,6,6,1,61,9,-1,-1,-1,-1,6,E01003741,0,1
2024311498522,2024,311498522,1,9,0,-1,13,8,4,-1,0,2,0,0,7,0,1,1,-1,9,1,21,5,-1,-1,-1,-1,4,E01013934,0,3
2024010548938,2024,010548938,1,1,9,99,99,9,9,99,99,9,9,99,9,99,2,1,1,1,1,42,7,-1,-1,-1,-1,5,E01004513,0,1
2024430112506,2024,430112506,1,1,0,18,19,5,1,0,0,8,0,0,0,0,1,1,2,2,1,18,4,-1,-1,-1,-1,3,E01016373,0,1
2024461437530,2024,461437530,2,1,0,-1,3,7,3,-1,0,2,0,0,0,0,1,1,-1,9,1,47,8,-1,-1,-1,-1,7,E01024109,0,1
2024052401394,2024,052401394,1,9,0,14,14,5,1,0,0,2,0,0,0,0,4,1,6,6,3,-1,-1,-1,-1,-1,-1,-1,-1,0,-1
2024041513752,2024,041513752,2,1,0,-1,19,7,7,-1,9,1,0,0,0,0,1,1,-1,7,1,15,3,-1,-1,-1,-1,8,E01025277,0,2
2024461455057,2024,461455057,1,1,0,-1,19,5,1,-1,0,0,2,0,0,0,3,1,-1,9,1,88,11,-1,-1,-1,-1,7,E01024405,0,3
2024061432400,2024,061432400,1,1,0,-1,19,-1,-1,-1,0,1,0,10,7,0,3,1,-1,9,1,52,8,-1,-1,-1,-1,7,E01006127,0,2
2024501417673,2024,501417673,1,9,9,-1,19,8,4,-1,0,0,0,0,0,0,1,9,-1,6,3,-1,-1,-1,-1,-1,-1,-1,-1,0,-1
2024010511571,2024,010511571,3,9,0,2,2,0,0,9,9,1,0,0,0,0,2,1,6,6,3,-1,-1,-1,-1,-1,-1,-1,-1,0,-1
2024522402171,2024,522402171,4,19,0,4,4,4,8,0,0,0,0,0,0,0,1,1,6,6,1,44,7,-1,-1,-1,-1,9,E01015485,0,4
2024010509478,2024,010509478,1,9,0,9,9,7,5,5,5,5,0,0,0,0,4,1,3,7,2,28,6,-1,-1,-1,-1,2,E01004423,0,1
2024010517061,2024,010517061,2,1,9,99,99,9,9,99,99,0,9,99,9,99,9,1,2,2,1,59,9,-1,-1,-1,-1,4,E01003277,0,1
2024010523484,2024,010523484,2,9,0,3,3,7,3,0,0,1,0,0,0,0,2,1,6,6,1,36,7,-1,-1,-1,-1,-1,-1,0,-1
2024201513043,2024,201513043,1,9,0,-1,19,4,8,-1,0,1,0,0,0,0,1,9,-1,6,1,20,4,-1,-1,-1,-1,2,E01010103,0,1
2024010550280,2024,010550280,1,1,9,99,99,9,9,99,99,9,9,99,9,99,9,1,2,2,1,39,7,-1,-1,-1,-1,8,E01002946,0,1
2024351473682,2024,351473682,8,1,0,-1,19,7,3,-1,0,8,0,0,0,0,1,1,-1,9,1,49,8,-1,-1,-1,-1,8,E01017983,0,3
2024401423538,2024,401423538,1,1,-1,-1,-1,-1,-1,-1,-1,0,-1,-1,-1,0,-1,1,-1,6,1,13,3,-1,-1,-1,-1,8,E01033191,0,1
2024991419659,2024,991419659,1,9,0,-1,19,8,4,-1,0,0,0,0,1,11,1,1,-1,2,1,63,9,-1,-1,-1,-1,8,-1,0,1
2024451394601,2024,451394601,2,9,0,-1,19,1,5,-1,0,0,0,0,0,0,2,9,-1,6,2,45,7,-1,-1,-1,-1,-1,-1,0,-1
2024041399069,2024,041399069,1,9,0,-1,9,1,5,-1,0,0,0,0,0,0,1,1,-1,9,2,76,11,-1,-1,-1,-1,3,E01025213,0,2
2024610055224,2024,610055224,1,9,0,4,4,3,1,0,0,1,0,0,0,0,2,1,6,6,1,58,9,-1,-1,-1,-1,8,W01001596,0,1
2024010509980,2024,010509980,2,1,0,18,19,3,7,5,5,1,0,0,0,0,1,1,6,6,1,38,7,-1,-1,-1,-1,9,E01002416,0,1
2024332400042,2024,332400042,1,9,0,-1,19,3,7,-1,0,8,1,0,0,0,4,1,-1,6,1,57,9,-1,-1,-1,-1,7,E01025702,0,3
2024010533903,2024,010533903,2,1,9,99,99,9,9,99,99,9,9,99,9,99,9,1,2,2,1,37,7,-1,-1,-1,-1,3,E01003519,0,2
2024010507001,2024,010507001,2,1,0,18,19,2,6,0,0,8,0,0,0,0,1,1,1,1,1,41,7,-1,-1,-1,-1,5,E01002426,0,1
2024430566456,2024,430566456,1,19,0,7,7,5,7,0,0,6,0,0,0,0,3,1,6,6,1,-1,-1,-1,-1,-1,-1,-1,-1,0,-1
2024010494981,2024,010494981,2,9,0,99,99,9,9,99,99,9,9,99,9,99,1,9,6,6,3,-1,-1,-1,-1,-1,-1,8,E01003445,0,1
2024522403239,2024,522403239,1,1,0,18,19,5,1,0,0,8,0,0,0,0,1,1,6,6,3,-1,-1,-1,-1,-1,-1,-1,-1,0,-1
2024471486957,2024,471486957,2,1,0,-1,19,7,3,-1,0,1,0,0,0,0,3,1,-1,9,1,38,7,-1,-1,-1,-1,6,E01016856,0,1
2024070224505,2024,070224505,1,9,0,18,19,1,5,0,0,0,0,0,0,0,1,1,6,6,1,21,5,-1,-1,-1,-1,4,E01007046,0,4
2024421531446,2024,421531446,2,9,0,-1,6,-1,-1,-1,0,0,0,0,0,0,1,1,-1,6,3,-1,-1,-1,-1,-1,-1,-1,-1,0,-1
2024411429152,2024,411429152,2,9,0,-1,19,8,4,-1,0,8,0,0,0,0,1,1,-1,2,1,-1,-1,-1,-1,-1,-1,3,E01021858,0,4
2024111420620,2024,111420620,2,11,0,-1,19,5,1,-1,0,1,0,0,0,0,0,9,-1,1,1,27,6,-1,-1,-1,-1,3,E01027531,0,4
2024501495751,2024,501495751,2,9,0,-1,19,1,5,-1,0,0,0,0,0,0,1,9,-1,6,3,-1,-1,-1,-1,-1,-1,-1,-1,0,-1
2024302401591,2024,302401591,1,1,0,18,19,1,5,9,9,1,0,0,0,0,1,1,6,6,3,-1,-1,-1,-1,-1,-1,5,E01019456,0,2
2024440152685,2024,440152685,1,1,0,17,19,7,4,0,0,8,0,0,0,0,4,1,6,6,1,17,4,-1,-1,-1,-1,9,E01033384,0,3