collision_index,collision_year,collision_ref_no,vehicle_reference,vehicle_type,towing_and_articulation,vehicle_manoeuvre_historic,vehicle_manoeuvre,vehicle_direction_from,vehicle_direction_to,vehicle_location_restricted_lane_historic,vehicle_location_restricted_lane,junction_location,skidding_and_overturning,hit_object_in_carriageway,vehicle_leaving_carriageway,hit_object_off_carriageway,first_point_of_impact,vehicle_left_hand_drive,journey_purpose_of_driver_historic,journey_purpose_of_driver,sex_of_driver,age_of_driver,age_band_of_driver,engine_capacity_cc,propulsion_code,age_of_vehicle,generic_make_model,driver_imd_decile,lsoa_of_driver,escooter_flag,driver_distance_banding
2024010519414,2024,010519414,1,1,9,99,99,9,9,99,99,9,9,99,9,99,1,1,6,6,2,29,6,-1,-1,-1,-1,5,E01004698,0,3
2024340WN3812,2024,340WN3812,1,9,0,-1,19,3,7,-1,0,0,0,0,0,0,1,1,-1,6,2,-1,-1,-1,-1,-1,-1,-1,-1,0,-1
2024440115245,2024,440115245,1,9,0,16,19,2,5,0,0,1,0,0,0,0,4,1,6,6,3,-1,-1,-1,-1,-1,-1,-1,-1,0,-1
2024010521321,2024,010521321,1,1,0,99,99,9,9,0,0,2,9,99,0,0,9,1,6,6,1,34,6,-1,-1,-1,-1,-1,-1,0,-1
2024010537047,2024,010537047,2,1,0,3,3,4,8,0,0,2,0,0,0,0,2,1,6,6,1,32,6,-1,-1,-1,-1,4,E01003388,0,1
2024010543570,2024,010543570,2,9,0,99,99,9,9,99,99,9,9,99,9,99,9,9,6,6,2,-1,-1,-1,-1,-1,-1,-1,-1,0,-1
2024351447093,2024,351447093,1,98,1,-1,19,1,3,-1,0,3,0,0,0,0,1,2,-1,1,1,44,7,-1,-1,-1,-1,-1,-1,0,-1
2024041514936,2024,041514936,2,1,0,-1,11,3,5,-1,0,0,0,0,0,0,3,1,-1,9,1,18,4,-1,-1,-1,-1,8,E01025005,0,1
2024221510227,2024,221510227,1,9,0,-1,19,2,6,-1,0,6,0,4,0,0,1,9,-1,6,1,52,8,-1,-1,-1,-1,6,E01014055,0,4
2024010503093,2024,010503093,1,1,9,99,99,9,9,99,99,9,9,99,9,99,1,1,6,6,3,-1,-1,-1,-1,-1,-1,-1,-1,0,-1
2024522402116,2024,522402116,1,1,0,12,12,3,7,0,0,1,0,0,0,0,9,1,6,6,2,46,8,-1,-1,-1,-1,9,E01014544,0,1
2024010499414,2024,010499414,1,1,9,99,99,9,9,99,99,0,9,8,9,99,9,1,2,2,1,56,9,-1,-1,-1,-1,4,E01004201,0,1
2024440281845,2024,440281845,2,9,0,18,19,3,7,0,0,8,0,0,0,0,1,1,6,6,2,26,6,-1,-1,-1,-1,10,E01023193,0,2
2024101501114,2024,101501114,1,1,0,-1,19,6,2,-1,0,0,5,0,0,0,1,1,-1,6,1,25,5,-1,-1,-1,-1,7,E01008364,0,2
2024031404312,2024,031404312,1,4,0,-1,19,8,4,-1,0,0,0,12,0,0,1,1,-1,1,1,65,9,-1,-1,-1,-1,7,E01019240,0,3
2024522401729,2024,522401729,1,-1,0,18,19,6,2,4,4,0,0,0,0,0,9,1,6,6,1,21,5,-1,-1,-1,-1,6,E01033904,1,1
2024061453332,2024,061453332,1,9,0,-1,19,2,5,-1,0,1,0,0,0,0,2,9,-1,6,1,50,8,-1,-1,-1,-1,-1,-1,0,-1
2024320078331,2024,320078331,3,9,0,10,10,4,2,0,0,1,0,0,0,0,2,1,-1,-1,1,62,9,-1,-1,-1,-1,4,E01026082,0,4
2024471458901,2024,471458901,1,23,0,-1,6,3,3,-1,9,0,0,0,0,0,4,1,-1,9,1,26,6,-1,-1,-1,-1,1,E01016942,0,1
2024010514637,2024,010514637,2,1,0,5,5,5,1,0,0,1,0,0,0,0,1,1,6,6,1,37,7,-1,-1,-1,-1,4,E01001646,0,1
2024010537710,2024,010537710,1,1,0,18,19,3,7,0,0,1,0,0,0,0,1,1,6,6,1,24,5,-1,-1,-1,-1,6,E01034579,0,1
2024371489865,2024,371489865,2,97,0,-1,19,1,2,-1,0,1,0,0,0,0,2,1,-1,9,1,16,4,-1,-1,-1,-1,6,E01029992,0,3
2024311409855,2024,311409855,1,9,0,-1,19,3,7,-1,0,2,0,0,0,0,1,9,-1,6,3,-1,-1,-1,-1,-1,-1,-1,-1,0,-1
2024201475574,2024,201475574,2,90,0,-1,19,5,1,-1,0,8,0,0,0,0,1,1,-1,1,1,27,6,-1,-1,-1,-1,1,E01009333,0,2
2024131486342,2024,131486342,1,-1,0,-1,-1,-1,-1,-1,-1,-1,-1,-1,-1,-1,-1,1,-1,6,3,-1,-1,-1,-1,-1,-1,-1,-1,1,-1
2024411425685,2024,411425685,1,9,0,-1,9,-1,-1,-1,0,1,0,0,0,0,1,1,-1,6,1,60,9,-1,-1,-1,-1,10,E01023422,0,1
2024371516216,2024,371516216,1,17,0,-1,19,7,3,-1,0,0,0,0,0,0,0,1,-1,1,-1,16,4,-1,-1,-1,-1,-1,-1,0,-1
2024201456060,2024,201456060,2,-1,0,-1,19,4,8,-1,1,0,0,0,0,0,2,9,-1,6,1,19,4,-1,-1,-1,-1,1,E01009143,1,1
2024101527070,2024,101527070,1,9,0,-1,19,8,4,-1,0,1,0,0,0,0,3,9,-1,6,3,-1,-1,-1,-1,-1,-1,-1,-1,0,-1
2024421419107,2024,421419107,5,9,0,-1,19,1,5,-1,0,0,0,0,0,0,1,1,-1,2,2,24,5,-1,-1,-1,-1,5,E01026279,0,4
2024201545326,2024,201545326,1,9,0,-1,19,2,6,-1,0,0,0,0,0,0,4,9,-1,6,1,59,9,-1,-1,-1,-1,6,E01022263,0,5
2024010509622,2024,010509622,3,1,9,99,99,9,9,99,99,9,9,99,9,99,9,1,6,6,1,11,3,-1,-1,-1,-1,7,E01000160,0,1
2024010527476,2024,010527476,3,1,9,18,19,9,9,5,5,1,9,99,0,99,1,1,6,6,3,-1,-1,-1,-1,-1,-1,-1,-1,0,-1
2024461445418,2024,461445418,1,1,0,-1,19,1,5,-1,0,0,0,0,0,0,1,1,-1,9,1,13,3,-1,-1,-1,-1,-1,-1,0,-1
2024451396711,2024,451396711,2,9,0,-1,1,1,1,-1,0,0,0,0,0,0,1,9,-1,6,1,60,9,-1,-1,-1,-1,-1,-1,0,-1
2024010508724,2024,010508724,2,9,0,99,99,9,9,99,99,9,9,99,9,99,1,9,6,6,3,-1,-1,-1,-1,-1,-1,-1,-1,0,-1
2024430476013,2024,430476013,2,9,0,1,1,-1,-1,0,0,1,0,0,0,0,2,1,6,6,1,-1,-1,-1,-1,-1,-1,-1,-1,0,-1
2024991498350,2024,991498350,1,1,0,-1,19,6,1,-1,0,4,0,0,0,0,1,1,-1,6,1,24,5,-1,-1,-1,-1,-1,-1,0,-1
2024010543451,2024,010543451,1,1,0,18,19,2,6,0,0,1,0,0,3,0,1,1,6,6,1,24,5,-1,-1,-1,-1,-1,-1,0,-1
2024311544900,2024,311544900,2,1,0,-1,19,8,4,-1,0,0,0,0,0,0,3,1,-1,6,1,25,5,-1,-1,-1,-1,-1,-1,0,-1
2024991424274,2024,991424274,1,90,0,-1,7,4,8,-1,0,4,0,0,0,0,1,1,-1,9,1,66,10,-1,-1,-1,-1,8,-1,0,1
2024010540852,2024,010540852,2,1,9,99,99,9,9,99,99,9,9,99,9,99,9,1,2,2,2,29,6,-1,-1,-1,-1,5,E01001720,0,1
2024010535199,2024,010535199,1,1,9,99,99,9,9,99,99,9,9,99,9,99,1,1,2,2,1,23,5,-1,-1,-1,-1,3,E01033923,0,1
2024131413812,2024,131413812,2,1,0,-1,19,6,2,-1,9,1,2,0,0,0,1,1,-1,6,-1,-1,-1,-1,-1,-1,-1,-1,-1,0,-1
2024010510678,2024,010510678,1,9,0,3,3,1,5,0,0,1,0,0,0,0,1,1,6,6,1,66,10,-1,-1,-1,-1,3,E01021283,0,4
2024010522993,2024,010522993,1,9,9,99,99,9,9,99,99,9,9,99,9,99,9,9,6,6,3,-1,-1,-1,-1,-1,-1,-1,-1,0,-1
2024010551457,2024,010551457,1,1,0,18,19,2,6,0,0,0,5,0,0,0,0,1,6,6,1,33,6,-1,-1,-1,-1,6,E01004137,0,3
2024010488612,2024,010488612,3,19,0,18,19,1,5,0,0,0,0,0,0,0,1,1,1,1,1,63,9,-1,-1,-1,-1,3,E01034213,0,2
2024010499752,2024,010499752,1,9,9,99,99,9,9,99,99,9,9,99,9,99,9,9,6,6,2,53,8,-1,-1,-1,-1,4,E01004454,0,2
2024371397027,2024,371397027,2,9,4,-1,2,0,0,-1,0,0,0,0,0,0,3,1,-1,6,-1,-1,-1,-1,-1,-1,-1,-1,-1,0,-1
2024161433698,2024,161433698,2,9,0,-1,2,0,0,-1,0,0,0,0,0,0,4,1,-1,6,-1,-1,-1,-1,-1,-1,-1,-1,-1,0,-1
2024481566758,2024,481566758,2,1,0,-1,19,3,7,-1,0,0,0,0,0,0,1,1,-1,6,1,26,6,-1,-1,-1,-1,-1,-1,0,-1
2024461522465,2024,461522465,2,1,0,-1,19,3,7,-1,0,2,0,0,0,0,3,1,-1,6,1,-1,-1,-1,-1,-1,-1,-1,-1,0,-1
2024010487373,2024,010487373,1,3,0,99,99,9,9,99,99,9,9,99,9,99,1,1,1,1,2,53,8,-1,-1,-1,-1,2,E01000603,0,2
2024010506711,2024,010506711,2,19,0,99,99,9,9,99,99,9,9,99,9,99,1,9,6,6,3,-1,-1,-1,-1,-1,-1,-1,-1,0,-1
2024010554867,2024,010554867,1,97,0,99,99,9,9,0,0,1,0,0,0,0,9,1,6,6,3,-1,-1,-1,-1,-1,-1,-1,-1,0,-1
202417H101324,2024,17H101324,3,9,0,18,19,4,8,0,0,4,0,0,0,0,1,1,6,6,3,-1,-1,-1,-1,-1,-1,-1,-1,0,-1
2024010542189,2024,010542189,1,1,9,99,99,9,9,99,99,9,9,99,9,99,1,1,2,2,1,32,6,-1,-1,-1,-1,2,E01001828,0,1
2024361440402,2024,361440402,1,1,0,-1,-1,-1,-1,-1,0,1,0,0,0,0,3,1,-1,6,2,-1,-1,-1,-1,-1,-1,10,E01026908,0,1
2024231471574,2024,231471574,2,1,0,-1,19,2,6,-1,0,0,0,0,0,0,3,1,-1,2,1,27,6,-1,-1,-1,-1,7,E01031260,0,1
2024010487469,2024,010487469,2,3,0,14,14,7,3,0,0,8,0,0,0,0,1,1,1,1,1,28,6,-1,-1,-1,-1,2,E01001900,0,1
2024991399161,2024,991399161,2,1,0,-1,19,8,5,-1,0,4,0,0,0,0,4,1,-1,9,1,46,8,-1,-1,-1,-1,-1,-1,0,-1
2024061422763,2024,061422763,2,1,0,-1,19,2,6,-1,0,0,0,0,0,0,2,1,-1,2,1,69,10,-1,-1,-1,-1,2,E01005553,0,1
2024522402320,2024,522402320,2,9,0,2,2,0,0,0,0,1,0,0,0,0,0,1,6,6,3,-1,-1,-1,-1,-1,-1,-1,-1,0,-1
2024211467250,2024,211467250,1,9,0,-1,19,5,1,-1,0,0,0,0,0,0,1,1,-1,2,2,58,9,-1,-1,-1,-1,8,E01029430,0,1
2024061525453,2024,061525453,1,20,1,-1,19,6,1,-1,0,0,0,0,0,0,1,9,-1,6,1,-1,-1,-1,-1,-1,-1,-1,-1,0,-1
2024531418629,2024,531418629,1,98,0,-1,19,5,1,-1,0,1,0,0,0,0,2,9,-1,6,3,-1,-1,-1,-1,-1,-1,-1,-1,0,-1
2024221395897,2024,221395897,1,1,0,-1,19,6,2,-1,0,0,0,0,0,0,1,1,-1,6,1,44,7,-1,-1,-1,-1,7,E01032195,0,4
2024141512841,2024,141512841,2,9,0,-1,19,4,8,-1,0,0,0,0,0,0,1,9,-1,6,3,30,6,-1,-1,-1,-1,-1,-1,0,-1
2024041399040,2024,041399040,1,9,0,-1,19,3,7,-1,0,0,2,0,1,11,1,1,-1,1,1,61,9,-1,-1,-1,-1,7,E01025106,0,2
2024622400804,2024,622400804,1,1,0,17,19,2,6,0,0,8,0,0,0,0,1,1,6,6,1,18,4,-1,-1,-1,-1,5,W01001863,0,2
2024461518520,2024,461518520,1,9,0,-1,19,3,7,-1,0,0,0,0,0,0,1,9,-1,6,1,65,9,-1,-1,-1,-1,3,E01024620,0,1
2024052400811,2024,052400811,2,1,0,18,19,2,6,0,0,8,0,0,0,0,3,1,2,2,2,38,7,-1,-1,-1,-1,1,E01006412,0,1
2024010508884,2024,010508884,2,19,9,99,99,9,9,99,99,9,9,99,9,99,9,9,6,6,3,-1,-1,-1,-1,-1,-1,-1,-1,0,-1
2024010538266,2024,010538266,2,1,0,15,15,5,1,0,0,0,0,8,0,0,1,1,6,6,1,34,6,-1,-1,-1,-1,1,E01002095,0,2
2024302401484,2024,302401484,2,9,0,9,9,7,6,0,0,6,0,0,0,0,1,1,1,1,1,33,6,-1,-1,-1,-1,-1,-1,0,-1
2024411510821,2024,411510821,1,9,0,-1,9,4,2,-1,0,0,0,0,0,0,3,1,-1,6,3,-1,-1,-1,-1,-1,-1,-1,-1,0,-1
2024371419927,2024,371419927,3,9,0,-1,10,2,8,-1,0,8,0,0,0,0,2,1,-1,9,2,68,10,-1,-1,-1,-1,9,E01030193,0,1
2024320409120,2024,320409120,2,9,0,3,3,6,2,0,0,1,0,0,0,0,2,1,6,6,1,54,8,-1,-1,-1,-1,8,E01032992,0,1
2024501455861,2024,501455861,2,1,0,-1,19,5,1,-1,0,0,1,0,0,0,1,1,-1,6,1,30,6,-1,-1,-1,-1,7,E01018901,0,2
2024461515350,2024,461515350,1,9,0,-1,4,5,3,-1,9,0,0,4,0,0,1,2,-1,9,1,90,11,-1,-1,-1,-1,7,E01024558,0,1
2024302400648,2024,302400648,1,9,0,18,19,7,2,0,0,1,0,0,0,0,1,1,6,6,3,-1,-1,-1,-1,-1,-1,5,E01019456,0,3
2024501448118,2024,501448118,2,19,0,-1,5,8,4,-1,0,8,0,0,0,0,1,1,-1,6,1,32,6,-1,-1,-1,-1,6,E01015106,0,1
2024061465707,2024,061465707,2,1,0,-1,19,8,4,-1,0,8,0,0,0,0,0,1,-1,6,1,34,6,-1,-1,-1,-1,9,E01005854,0,2
2024201444629,2024,201444629,2,90,0,-1,19,6,2,-1,0,1,0,0,0,0,1,1,-1,6,1,48,8,-1,-1,-1,-1,3,E01009071,0,1
2024010489113,2024,010489113,2,9,0,99,99,9,9,99,99,9,9,99,9,99,0,9,6,6,3,-1,-1,-1,-1,-1,-1,-1,-1,0,-1
2024101437701,2024,101437701,1,9,0,-1,-1,-1,-1,-1,-1,-1,-1,-1,-1,0,-1,1,-1,6,3,-1,-1,-1,-1,-1,-1,-1,-1,0,-1
2024101422173,2024,101422173,2,1,0,-1,19,6,2,-1,0,8,0,0,0,0,1,1,-1,6,1,51,8,-1,-1,-1,-1,4,E01008172,0,1
2024131444894,2024,131444894,1,-1,0,-1,19,5,1,-1,0,6,0,0,0,0,1,1,-1,6,1,23,5,-1,-1,-1,-1,1,E01011370,1,1
2024010491046,2024,010491046,2,9,9,99,99,9,9,99,99,9,9,99,9,99,9,9,6,6,3,-1,-1,-1,-1,-1,-1,-1,-1,0,-1
2024211395706,2024,211395706,1,19,0,-1,19,5,1,-1,0,0,5,0,1,0,1,1,-1,1,1,22,5,-1,-1,-1,-1,-1,-1,0,-1
2024440377574,2024,440377574,2,9,0,9,9,8,6,0,0,8,0,0,0,0,1,1,2,2,1,41,7,-1,-1,-1,-1,7,E01026179,0,5
2024010513418,2024,010513418,1,1,9,99,99,9,9,99,99,9,9,99,9,99,9,1,2,2,2,33,6,-1,-1,-1,-1,5,E01004391,0,1
2024501470870,2024,501470870,2,1,0,-1,19,3,7,-1,0,8,5,0,0,0,3,1,-1,9,1,80,11,-1,-1,-1,-1,5,E01034853,0,1
2024371487426,2024,371487426,4,9,0,-1,19,7,3,-1,0,0,0,0,0,0,3,1,-1,6,1,-1,-1,-1,-1,-1,-1,-1,-1,0,-1
2024041447248,2024,041447248,1,9,0,-1,4,1,5,-1,0,1,1,0,0,0,1,1,-1,7,1,42,7,-1,-1,-1,-1,5,E01012706,0,1
2024451474925,2024,451474925,1,1,0,-1,9,3,1,-1,0,3,1,0,0,0,0,1,-1,9,1,75,10,-1,-1,-1,-1,10,E01030408,0,1
2024131525197,2024,131525197,2,1,0,-1,19,8,4,-1,0,8,0,0,0,0,4,1,-1,2,1,55,8,-1,-1,-1,-1,1,E01011312,0,1
2024141473214,2024,141473214,1,9,0,-1,19,8,4,-1,0,0,0,0,0,0,4,9,-1,6,3,-1,-1,-1,-1,-1,-1,-1,-1,0,-1
2024010550269,2024,010550269,1,1,0,18,19,1,5,0,0,0,2,0,1,0,0,1,6,6,1,61,9,-1,-1,-1,-1,6,E01004517,0,1
2024010494320,2024,010494320,1,3,0,99,99,9,9,99,99,9,9,0,9,99,1,1,1,1,1,52,8,-1,-1,-1,-1,8,E01000281,0,1
2024430149149,2024,430149149,1,9,0,11,11,8,4,0,0,0,0,0,0,0,1,1,6,6,1,-1,-1,-1,-1,-1,-1,-1,-1,0,-1
2024031486757,2024,031486757,2,19,0,-1,4,3,7,-1,0,1,0,0,0,0,1,9,-1,1,1,69,10,-1,-1,-1,-1,9,E01019085,0,4
2024010520664,2024,010520664,4,9,0,18,19,7,3,0,0,1,0,0,0,0,3,1,6,6,2,31,6,-1,-1,-1,-1,-1,-1,0,-1
2024501511210,2024,501511210,2,9,0,-1,19,5,1,-1,0,0,0,0,0,0,2,1,-1,2,2,49,8,-1,-1,-1,-1,6,E01020153,0,3
2024481442464,2024,481442464,1,9,0,-1,3,3,7,-1,0,0,0,0,0,0,4,1,-1,6,1,40,7,-1,-1,-1,-1,-1,-1,0,-1
2024320637775,2024,320637775,1,9,0,-1,-1,1,5,0,0,0,0,0,7,4,1,1,6,6,1,82,11,-1,-1,-1,-1,4,E01025335,0,5
2024451398142,2024,451398142,1,1,0,-1,9,2,7,-1,0,3,0,0,0,0,4,1,-1,2,1,20,4,-1,-1,-1,-1,9,E01030784,0,1
2024010495985,2024,010495985,2,9,0,4,4,5,1,0,0,1,0,0,0,0,2,1,6,6,2,-1,-1,-1,-1,-1,-1,2,E01001441,0,2
2024010544278,2024,010544278,1,9,9,99,99,9,9,99,99,9,9,99,9,99,9,9,6,6,3,-1,-1,-1,-1,-1,-1,-1,-1,0,-1
2024991522363,2024,991522363,2,9,0,-1,19,7,3,-1,0,0,0,0,0,0,2,1,-1,6,2,34,6,-1,-1,-1,-1,9,-1,0,2
2024221402939,2024,221402939,2,1,0,-1,19,4,2,-1,0,8,0,0,0,0,1,1,-1,7,1,39,7,-1,-1,-1,-1,8,E01014130,0,1
2024451514486,2024,451514486,1,1,0,-1,19,1,5,-1,0,0,0,0,0,0,2,1,-1,9,1,30,6,-1,-1,-1,-1,8,E01004627,0,3
2024430053071,2024,430053071,2,9,0,2,2,0,0,0,0,1,0,0,0,0,3,1,6,6,2,45,7,-1,-1,-1,-1,10,E01028764,0,1
2024501474894,2024,501474894,1,9,0,-1,19,1,5,-1,0,0,0,0,0,0,1,1,-1,6,2,55,8,-1,-1,-1,-1,7,E01020047,0,1
2024332400242,2024,332400242,2,9,0,-1,13,5,1,-1,0,0,0,0,0,0,2,1,-1,9,2,-1,-1,-1,-1,-1,-1,7,E01013789,0,2
2024131406160,2024,131406160,2,1,0,-1,19,5,1,-1,0,8,2,0,0,0,1,1,-1,6,1,33,6,-1,-1,-1,-1,7,E01011588,0,1
2024161469811,2024,161469811,2,1,0,-1,19,6,2,-1,4,2,0,0,0,0,3,1,-1,6,1,-1,-1,-1,-1,-1,-1,-1,-1,0,-1
2024471478160,2024,471478160,2,19,0,-1,7,6,8,-1,0,1,0,0,0,0,4,1,-1,6,1,-1,-1,-1,-1,-1,-1,-1,-1,0,-1
2024201558495,2024,201558495,1,9,0,-1,19,8,4,-1,0,0,0,0,0,0,1,9,-1,6,3,-1,-1,-1,-1,-1,-1,-1,-1,0,-1
2024411396740,2024,411396740,1,9,-1,-1,-1,-1,-1,-1,-1,-1,-1,-1,-1,0,-1,9,-1,7,2,35,6,-1,-1,-1,-1,10,E01023878,0,1
2024361483746,2024,361483746,1,1,-1,-1,-1,7,3,-1,-1,-1,-1,-1,-1,0,-1,1,-1,6,3,-1,-1,-1,-1,-1,-1,-1,-1,0,-1
2024440531217,2024,440531217,2,1,0,18,19,8,4,0,0,0,0,0,0,0,3,1,6,6,1,59,9,-1,-1,-1,-1,5,E01023079,0,1
2024311443771,2024,311443771,2,9,5,-1,13,4,1,-1,0,1,0,0,0,0,4,1,-1,6,3,-1,-1,-1,-1,-1,-1,-1,-1,0,-1
2024161455795,2024,161455795,2,1,0,-1,19,2,6,-1,4,0,0,0,0,0,3,1,-1,6,1,66,10,-1,-1,-1,-1,1,E01032595,0,1
2024161482910,2024,161482910,2,9,0,-1,19,5,1,-1,0,8,0,0,0,0,1,9,-1,6,3,-1,-1,-1,-1,-1,-1,-1,-1,0,-1
2024201502913,2024,201502913,1,9,0,-1,19,6,2,-1,0,0,0,4,0,0,1,1,-1,6,1,34,6,-1,-1,-1,-1,2,E01009887,0,1
2024131532968,2024,131532968,2,1,0,-1,12,6,1,-1,0,3,0,0,0,0,4,1,-1,2,1,36,7,-1,-1,-1,-1,3,E01011449,0,1
2024161448974,2024,161448974,1,1,0,-1,19,6,2,-1,0,0,0,0,0,0,1,1,-1,9,1,62,9,-1,-1,-1,-1,6,E01013023,0,1
2024101528040,2024,101528040,4,9,0,-1,19,5,1,-1,0,0,0,0,0,0,1,9,-1,6,3,50,8,-1,-1,-1,-1,-1,-1,0,-1
2024010490060,2024,010490060,2,9,9,99,99,9,9,99,99,9,9,99,9,99,9,9,6,6,3,-1,-1,-1,-1,-1,-1,-1,-1,0,-1
2024481472433,2024,481472433,2,1,0,-1,19,7,3,-1,0,8,0,0,0,0,1,1,-1,6,1,21,5,-1,-1,-1,-1,-1,-1,0,-1
2024061474605,2024,061474605,2,1,0,-1,9,3,1,-1,0,8,0,0,0,0,1,1,-1,6,1,18,4,-1,-1,-1,-1,1,E01005484,0,1
2024010488627,2024,010488627,1,9,0,18,19,5,1,0,0,2,0,0,0,0,1,1,2,2,2,35,6,-1,-1,-1,-1,5,E01002398,0,1
2024010533208,2024,010533208,1,9,9,99,99,9,9,99,99,9,9,99,9,99,9,9,6,6,3,-1,-1,-1,-1,-1,-1,-1,-1,0,-1
2024351449009,2024,351449009,1,98,1,-1,9,3,7,-1,0,0,0,0,0,0,3,2,-1,1,1,45,7,-1,-1,-1,-1,-1,-1,0,-1
2024501416117,2024,501416117,1,19,4,-1,19,8,4,-1,0,0,0,0,0,0,4,9,-1,6,1,-1,-1,-1,-1,-1,-1,-1,-1,0,-1
2024211443384,2024,211443384,1,9,0,-1,19,5,1,-1,0,3,0,0,0,0,4,1,-1,6,1,26,6,-1,-1,-1,-1,-1,-1,0,-1
2024430578498,2024,430578498,2,1,0,18,19,5,1,0,0,8,0,0,0,0,1,1,6,6,1,28,6,-1,-1,-1,-1,-1,-1,0,-1
2024131473243,2024,131473243,2,1,0,-1,3,0,0,-1,9,0,0,0,0,0,4,1,-1,7,1,13,3,-1,-1,-1,-1,3,E01011908,0,1
2024141484959,2024,141484959,2,9,0,-1,19,2,6,-1,0,0,0,0,0,0,1,9,-1,6,3,-1,-1,-1,-1,-1,-1,-1,-1,0,-1
2024302401449,2024,302401449,1,98,0,18,19,5,1,0,0,0,0,0,0,0,1,1,6,6,1,30,6,-1,-1,-1,-1,2,E01013598,0,4
2024547215524,2024,547215524,1,90,0,13,13,1,5,0,0,3,0,0,0,0,4,1,6,6,1,25,5,-1,-1,-1,-1,4,E01015492,0,1
2024311475229,2024,311475229,2,97,0,-1,19,8,4,-1,0,2,2,0,0,0,1,1,-1,9,1,21,5,-1,-1,-1,-1,1,E01013826,0,1
2024340WN0582,2024,340WN0582,2,19,0,-1,19,0,0,-1,0,8,0,0,0,0,3,1,-1,6,1,-1,-1,-1,-1,-1,-1,-1,-1,0,-1
2024552401429,2024,552401429,1,9,0,9,9,4,2,0,0,5,0,0,0,0,1,1,6,6,3,-1,-1,-1,-1,-1,-1,-1,-1,0,-1
2024302400294,2024,302400294,1,8,0,1,1,6,2,9,9,1,0,0,0,0,2,1,6,6,3,-1,-1,-1,-1,-1,-1,5,E01019456,0,3
2024550340205,2024,550340205,1,9,0,16,19,6,1,0,0,0,1,0,7,10,1,1,6,6,1,18,4,-1,-1,-1,-1,-1,-1,0,-1
2024991444876,2024,991444876,1,1,0,-1,19,7,3,-1,0,0,0,11,0,0,4,1,-1,6,1,67,10,-1,-1,-1,-1,10,-1,0,4
2024461465111,2024,461465111,1,9,0,-1,19,8,4,-1,0,0,0,0,0,0,1,1,-1,6,1,37,7,-1,-1,-1,-1,5,E01024561,0,3
2024522401589,2024,522401589,1,1,0,9,9,1,6,0,0,5,0,0,0,0,2,1,6,6,1,21,5,-1,-1,-1,-1,7,E01017376,0,5
2024010491345,2024,010491345,2,9,0,99,99,9,9,0,0,9,0,0,9,0,9,1,6,6,3,-1,-1,-1,-1,-1,-1,4,E01000466,0,3
2024501471720,2024,501471720,2,9,0,-1,19,4,2,-1,0,0,0,0,0,0,1,1,-1,9,1,19,4,-1,-1,-1,-1,4,E01020289,0,4
2024201436475,2024,201436475,1,9,0,-1,5,1,5,-1,0,6,0,0,0,0,1,1,-1,6,2,-1,-1,-1,-1,-1,-1,-1,-1,0,-1
2024548475024,2024,548475024,2,9,0,18,19,3,7,0,0,1,0,0,0,0,1,1,6,6,1,-1,-1,-1,-1,-1,-1,-1,-1,0,-1
2024361513552,2024,361513552,2,9,0,-1,3,7,7,-1,0,1,0,0,0,0,0,1,-1,6,2,42,7,-1,-1,-1,-1,1,E01026666,0,1
2024010550989,2024,010550989,2,19,9,18,19,5,1,99,99,1,9,99,9,99,9,9,6,6,3,-1,-1,-1,-1,-1,-1,-1,-1,0,-1
2024520401284,2024,520401284,1,9,0,18,19,1,5,0,0,8,0,0,0,0,1,1,6,6,1,31,6,-1,-1,-1,-1,7,E01029056,0,1
2024010531272,2024,010531272,2,1,9,99,99,9,9,99,99,9,9,99,9,99,9,1,2,2,1,47,8,-1,-1,-1,-1,10,E01003892,0,2
2024991455940,2024,991455940,2,90,1,-1,19,5,1,-1,0,1,0,0,7,0,1,1,-1,1,1,58,9,-1,-1,-1,-1,8,-1,0,5
2024451450623,2024,451450623,2,9,0,-1,15,-1,-1,-1,0,0,0,0,0,0,-1,9,-1,6,3,40,7,-1,-1,-1,-1,-1,-1,0,-1
2024631434820,2024,631434820,2,9,0,-1,19,3,7,-1,0,8,1,0,1,10,3,1,-1,1,1,28,6,-1,-1,-1,-1,10,E01010212,0,5
2024552401034,2024,552401034,1,9,0,7,7,8,2,0,0,8,0,0,0,0,1,1,6,6,3,-1,-1,-1,-1,-1,-1,-1,-1,0,-1
2024131495871,2024,131495871,2,1,0,-1,19,2,6,-1,0,1,0,0,0,0,1,1,-1,2,1,46,8,-1,-1,-1,-1,6,E01011693,0,1
2024430161232,2024,430161232,7,9,0,4,4,5,1,0,0,0,0,0,0,0,2,1,6,6,1,52,8,-1,-1,-1,-1,6,E01034994,0,4
2024461487001,2024,461487001,3,21,1,-1,19,7,3,-1,0,0,0,0,0,0,3,2,-1,1,1,53,8,-1,-1,-1,-1,-1,-1,0,-1
2024411539420,2024,411539420,1,9,0,-1,19,3,7,-1,0,0,0,0,0,0,1,1,-1,6,3,-1,-1,-1,-1,-1,-1,-1,-1,0,-1
2024451446648,2024,451446648,1,-1,0,-1,19,1,5,-1,0,0,2,0,0,0,4,1,-1,6,1,12,3,-1,-1,-1,-1,9,E01030976,1,1
2024010487984,2024,010487984,1,4,0,10,10,5,2,0,0,1,0,0,0,0,2,1,2,2,1,47,8,-1,-1,-1,-1,8,E01002134,0,1
2024010489947,2024,010489947,1,9,0,17,19,1,5,0,0,1,0,0,0,0,3,1,1,1,1,44,7,-1,-1,-1,-1,3,E01004448,0,2
2024461405492,2024,461405492,2,9,0,-1,4,1,5,-1,0,0,0,0,0,0,2,9,-1,9,3,-1,-1,-1,-1,-1,-1,-1,-1,0,-1
2024401466229,2024,401466229,3,17,0,-1,1,0,0,-1,0,2,0,0,0,0,3,1,-1,6,1,57,9,-1,-1,-1,-1,-1,-1,0,-1
2024430269097,2024,430269097,1,9,0,18,19,7,3,0,0,0,0,0,0,0,3,1,6,6,1,47,8,-1,-1,-1,-1,-1,-1,0,-1
2024302400185,2024,302400185,2,9,0,9,9,6,4,0,0,1,0,0,0,0,4,1,1,1,2,44,7,-1,-1,-1,-1,-1,-1,0,-1
2024010547633,2024,010547633,1,1,9,99,99,9,9,99,99,9,9,99,9,99,9,1,2,2,1,23,5,-1,-1,-1,-1,4,E01000406,0,1