collision_index,collision_year,collision_ref_no,vehicle_reference,vehicle_type,towing_and_articulation,vehicle_manoeuvre_historic,vehicle_manoeuvre,vehicle_direction_from,vehicle_direction_to,vehicle_location_restricted_lane_historic,vehicle_location_restricted_lane,junction_location,skidding_and_overturning,hit_object_in_carriageway,vehicle_leaving_carriageway,hit_object_off_carriageway,first_point_of_impact,vehicle_left_hand_drive,journey_purpose_of_driver_historic,journey_purpose_of_driver,sex_of_driver,age_of_driver,age_band_of_driver,engine_capacity_cc,propulsion_code,age_of_vehicle,generic_make_model,driver_imd_decile,lsoa_of_driver,escooter_flag,driver_distance_banding
2024041412687,2024,041412687,2,9,0,-1,19,5,1,-1,0,0,0,0,0,0,1,1,-1,9,2,29,6,-1,-1,-1,-1,2,E01025529,0,1
2024991536840,2024,991536840,2,9,0,-1,2,1,5,-1,0,0,0,0,0,0,2,1,-1,6,-1,-1,-1,-1,-1,-1,-1,-1,-1,0,-1
2024461409653,2024,461409653,2,9,0,-1,19,7,3,-1,0,0,0,0,9,0,9,9,-1,6,1,-1,-1,-1,-1,-1,-1,6,E01000803,0,3
2024440207204,2024,440207204,2,9,0,9,9,4,2,0,0,1,0,0,0,0,4,1,6,6,3,-1,-1,-1,-1,-1,-1,-1,-1,0,-1
2024041486434,2024,041486434,2,9,0,-1,2,5,1,-1,0,0,0,0,0,0,1,1,-1,1,2,46,8,-1,-1,-1,-1,1,E01025287,0,3
2024061515165,2024,061515165,2,98,1,-1,11,3,7,-1,0,0,0,0,0,0,3,2,-1,1,1,23,5,-1,-1,-1,-1,-1,-1,0,-1
2024440258643,2024,440258643,1,9,0,18,19,1,5,0,0,0,0,0,1,4,1,1,6,6,1,23,5,-1,-1,-1,-1,2,E01017139,0,2
2024131422970,2024,131422970,1,1,0,-1,19,1,5,-1,0,8,0,0,0,0,1,1,-1,2,1,28,6,-1,-1,-1,-1,1,E01011434,0,1
2024411471570,2024,411471570,3,9,-1,-1,19,1,5,-1,0,2,0,0,0,0,-1,1,-1,6,3,-1,-1,-1,-1,-1,-1,-1,-1,0,-1
2024522500047,2024,522500047,2,9,0,18,19,7,3,0,0,8,0,0,0,0,1,1,6,6,3,-1,-1,-1,-1,-1,-1,-1,-1,0,-1
2024010527498,2024,010527498,2,1,0,18,19,3,7,0,0,1,0,0,0,0,3,1,6,6,2,24,5,-1,-1,-1,-1,2,E01035682,0,1
2024332401122,2024,332401122,1,1,0,-1,19,9,9,-1,0,8,0,0,0,0,3,1,-1,2,1,19,4,-1,-1,-1,-1,1,E01013640,0,1
2024471527555,2024,471527555,1,1,0,-1,19,1,5,-1,0,0,1,4,0,0,1,1,-1,2,1,65,9,-1,-1,-1,-1,3,E01020971,0,1
2024010542989,2024,010542989,1,9,0,99,99,9,9,99,99,0,9,99,9,99,9,1,6,6,3,-1,-1,-1,-1,-1,-1,-1,-1,0,-1
2024010532939,2024,010532939,1,1,0,18,19,3,7,0,0,8,0,0,1,0,1,1,6,6,1,33,6,-1,-1,-1,-1,7,E01004493,0,1
2024201530465,2024,201530465,2,1,0,-1,19,5,1,-1,0,0,0,0,0,0,1,1,-1,6,-1,-1,-1,-1,-1,-1,-1,-1,-1,0,-1
2024010504024,2024,010504024,1,9,0,18,19,5,1,0,0,2,0,4,3,0,1,1,6,6,3,-1,-1,-1,-1,-1,-1,-1,-1,0,-1
2024010512872,2024,010512872,2,9,0,99,99,9,9,99,99,0,9,99,9,99,2,9,6,6,3,-1,-1,-1,-1,-1,-1,7,E01003152,0,1
2024010489439,2024,010489439,1,3,0,99,99,9,9,99,99,9,9,99,9,99,2,1,1,1,1,32,6,-1,-1,-1,-1,2,E01000052,0,2
2024010506459,2024,010506459,2,9,0,99,99,9,9,99,99,9,9,99,9,99,1,9,6,6,3,-1,-1,-1,-1,-1,-1,-1,-1,0,-1
2024010540668,2024,010540668,2,9,0,99,99,9,9,99,99,6,9,99,9,99,1,9,6,6,3,-1,-1,-1,-1,-1,-1,-1,-1,0,-1
2024201466716,2024,201466716,1,99,0,-1,19,2,5,-1,0,2,0,0,0,0,1,9,-1,6,3,-1,-1,-1,-1,-1,-1,-1,-1,0,-1
2024010488576,2024,010488576,2,9,0,99,99,9,9,99,99,9,9,99,9,99,9,9,6,6,3,-1,-1,-1,-1,-1,-1,-1,-1,0,-1
2024010488412,2024,010488412,2,9,9,18,19,3,7,99,99,9,0,99,9,99,1,1,6,6,3,-1,-1,-1,-1,-1,-1,-1,-1,0,-1
2024211513045,2024,211513045,1,19,-1,-1,-1,-1,-1,-1,-1,-1,-1,-1,-1,0,-1,9,-1,6,3,-1,-1,-1,-1,-1,-1,-1,-1,0,-1
2024351428188,2024,351428188,1,-1,0,-1,13,2,6,-1,0,1,0,0,0,0,3,1,-1,6,1,16,4,-1,-1,-1,-1,2,E01017946,1,1
2024161514598,2024,161514598,1,9,0,-1,19,5,1,-1,0,0,0,0,0,0,1,1,-1,6,3,-1,-1,-1,-1,-1,-1,-1,-1,0,-1
2024041403196,2024,041403196,1,9,0,-1,5,1,2,-1,0,0,0,0,0,0,1,1,-1,9,2,45,7,-1,-1,-1,-1,3,E01025246,0,1
2024631511726,2024,631511726,2,90,0,-1,4,7,3,-1,0,0,0,0,0,0,3,1,-1,9,2,41,7,-1,-1,-1,-1,6,W01000471,0,1
2024552400834,2024,552400834,1,97,0,18,19,8,4,0,0,0,0,0,0,0,1,1,6,6,3,-1,-1,-1,-1,-1,-1,-1,-1,0,-1
2024010498404,2024,010498404,2,9,9,18,19,5,1,0,0,2,1,0,0,0,4,9,6,6,1,-1,-1,-1,-1,-1,-1,-1,-1,0,-1
2024401463882,2024,401463882,1,11,0,-1,5,8,4,-1,0,0,0,0,0,0,4,1,-1,6,1,62,9,-1,-1,-1,-1,3,E01015788,0,1
2024361400870,2024,361400870,1,9,-1,-1,-1,-1,-1,-1,-1,0,-1,-1,-1,0,-1,9,-1,6,3,-1,-1,-1,-1,-1,-1,-1,-1,0,-1
2024311400336,2024,311400336,1,99,0,-1,19,1,5,-1,0,0,0,0,0,0,1,9,-1,6,3,21,5,-1,-1,-1,-1,-1,-1,0,-1
2024041457134,2024,041457134,2,90,0,-1,19,1,5,-1,0,8,0,0,0,0,1,1,-1,9,2,4,1,-1,-1,-1,-1,2,E01025205,0,1
2024622400036,2024,622400036,1,9,0,16,19,8,4,0,0,0,1,0,0,0,1,1,6,6,1,21,5,-1,-1,-1,-1,3,W01001137,0,1
2024522401302,2024,522401302,1,9,0,18,19,2,6,0,0,8,0,0,0,0,3,1,6,6,3,-1,-1,-1,-1,-1,-1,-1,-1,0,-1
2024211529807,2024,211529807,2,99,1,-1,19,8,4,-1,0,0,0,0,0,0,4,9,-1,6,3,-1,-1,-1,-1,-1,-1,-1,-1,0,-1
2024440394750,2024,440394750,1,1,0,18,19,7,3,9,9,2,0,0,0,0,1,1,2,2,1,41,7,-1,-1,-1,-1,2,E01017218,0,1
2024010510457,2024,010510457,2,9,0,99,99,9,9,99,99,9,9,99,9,99,9,9,6,6,3,-1,-1,-1,-1,-1,-1,-1,-1,0,-1
2024010495363,2024,010495363,1,9,0,18,19,7,3,0,0,0,0,0,0,0,3,1,6,6,3,-1,-1,-1,-1,-1,-1,-1,-1,0,-1
2024552400492,2024,552400492,3,1,0,18,19,6,2,0,0,2,0,0,0,0,4,1,6,6,1,40,7,-1,-1,-1,-1,6,E01015460,0,1
2024302401049,2024,302401049,2,9,0,2,2,0,0,0,0,0,0,0,0,0,3,1,6,6,3,-1,-1,-1,-1,-1,-1,-1,-1,0,-1
2024010490638,2024,010490638,1,1,9,99,99,9,9,99,99,9,9,99,9,99,9,1,2,2,1,58,9,-1,-1,-1,-1,4,E01004642,0,2
2024340NN4382,2024,340NN4382,1,9,0,-1,19,1,5,-1,0,2,0,0,0,0,1,1,-1,6,3,-1,-1,-1,-1,-1,-1,-1,-1,0,-1
2024010496953,2024,010496953,2,9,0,99,99,9,9,99,99,9,9,99,9,99,1,9,6,6,3,-1,-1,-1,-1,-1,-1,-1,-1,0,-1
2024221399330,2024,221399330,2,5,0,-1,19,4,8,-1,0,4,0,0,0,0,4,1,-1,6,1,55,8,-1,-1,-1,-1,6,E01029708,0,3
2024610017724,2024,610017724,2,9,0,16,19,5,8,0,0,0,0,0,0,0,1,1,6,6,2,81,11,-1,-1,-1,-1,8,W01000485,0,4
2024010536986,2024,010536986,3,9,0,10,10,3,1,0,0,1,0,0,0,0,2,1,6,6,1,28,6,-1,-1,-1,-1,8,E01000680,0,2
2024501514200,2024,501514200,1,11,0,-1,19,5,1,-1,2,2,0,0,0,0,4,9,-1,6,2,-1,-1,-1,-1,-1,-1,-1,-1,0,-1
2024522402463,2024,522402463,1,-1,0,12,12,6,2,0,0,5,0,4,0,0,1,1,6,6,1,14,3,-1,-1,-1,-1,4,E01014488,1,1
2024111476887,2024,111476887,2,1,0,-1,19,7,5,-1,-1,0,0,0,0,0,1,1,-1,6,1,43,7,-1,-1,-1,-1,4,E01020614,0,1
2024991441965,2024,991441965,1,9,0,-1,19,2,7,-1,0,4,0,0,0,0,1,1,-1,9,1,66,10,-1,-1,-1,-1,-1,-1,0,-1
2024340WN3802,2024,340WN3802,1,9,0,-1,19,1,5,-1,0,0,0,0,0,0,1,1,-1,6,1,-1,-1,-1,-1,-1,-1,-1,-1,0,-1
2024052401456,2024,052401456,1,9,0,1,1,3,7,0,0,2,0,0,0,0,2,1,6,6,3,-1,-1,-1,-1,-1,-1,-1,-1,0,-1
2024070339966,2024,070339966,2,9,0,10,10,2,8,0,0,1,0,0,0,0,0,1,6,6,3,-1,-1,-1,-1,-1,-1,-1,-1,0,-1
2024131474009,2024,131474009,1,19,0,-1,19,7,3,-1,0,1,0,0,0,0,-1,1,-1,6,1,38,7,-1,-1,-1,-1,-1,-1,0,-1
2024131485725,2024,131485725,2,1,0,-1,19,3,7,-1,4,0,5,0,1,0,1,1,-1,9,1,57,9,-1,-1,-1,-1,9,E01027725,0,3
2024421521593,2024,421521593,1,1,0,-1,19,-1,3,-1,9,0,0,0,0,0,1,1,-1,6,1,-1,-1,-1,-1,-1,-1,-1,-1,0,-1
2024010510290,2024,010510290,2,9,0,99,99,9,9,99,99,9,9,99,9,99,1,9,6,6,3,-1,-1,-1,-1,-1,-1,5,E01003684,0,1
2024010535700,2024,010535700,1,9,9,99,99,9,9,0,0,1,9,99,9,99,9,1,6,6,3,-1,-1,-1,-1,-1,-1,-1,-1,0,-1
2024481569588,2024,481569588,1,1,0,-1,19,7,3,-1,0,2,0,0,0,0,1,1,-1,9,1,33,6,-1,-1,-1,-1,-1,-1,0,-1
2024141477583,2024,141477583,1,9,0,-1,2,5,1,-1,0,1,0,0,0,0,2,1,-1,1,1,49,8,-1,-1,-1,-1,1,E01007332,0,2
2024010506379,2024,010506379,1,1,9,99,99,9,9,99,99,9,9,99,9,99,1,1,2,2,1,28,6,-1,-1,-1,-1,5,E01000313,0,3
2024201465014,2024,201465014,2,9,0,-1,4,8,4,-1,0,0,0,0,0,0,2,1,-1,9,1,63,9,-1,-1,-1,-1,2,E01010564,0,1
2024010490552,2024,010490552,1,11,0,7,7,2,4,2,2,0,0,0,0,0,1,1,6,6,1,43,7,-1,-1,-1,-1,7,E01003232,0,3
2024061449137,2024,061449137,1,1,0,-1,19,1,5,-1,0,1,0,0,0,0,4,1,-1,6,1,15,3,-1,-1,-1,-1,1,E01006241,0,1
2024440030361,2024,440030361,2,1,0,18,19,6,2,0,0,1,0,0,0,0,4,1,2,2,1,65,9,-1,-1,-1,-1,4,E01035447,0,1
2024201455359,2024,201455359,1,-1,0,-1,19,3,7,-1,0,0,0,0,0,0,1,9,-1,1,1,19,4,-1,-1,-1,-1,1,E01009733,1,1
2024421433260,2024,421433260,1,9,0,-1,13,5,1,-1,0,0,0,0,1,0,1,1,-1,6,1,25,5,-1,-1,-1,-1,7,E01022088,0,3
2024141525625,2024,141525625,1,1,0,-1,19,5,2,-1,0,8,0,0,0,0,3,1,-1,9,1,54,8,-1,-1,-1,-1,2,E01007651,0,1
2024161502162,2024,161502162,2,9,0,-1,19,8,4,-1,0,2,0,0,0,0,1,1,-1,1,2,51,8,-1,-1,-1,-1,7,E01013224,0,2
2024010493631,2024,010493631,1,3,0,99,99,9,9,99,99,9,9,99,9,99,2,1,1,1,1,24,5,-1,-1,-1,-1,7,E01028647,0,4
2024010489581,2024,010489581,2,1,0,5,5,5,1,0,0,1,0,0,1,0,4,1,6,6,1,29,6,-1,-1,-1,-1,7,E01001937,0,1
2024471456433,2024,471456433,1,90,0,-1,6,5,1,-1,0,0,1,0,1,0,3,1,-1,6,1,45,7,-1,-1,-1,-1,7,E01021110,0,2
2024052402756,2024,052402756,1,9,0,7,7,1,3,0,0,8,0,0,0,0,4,1,6,6,3,-1,-1,-1,-1,-1,-1,-1,-1,0,-1
2024010493907,2024,010493907,2,9,0,9,9,7,6,0,0,8,0,0,0,0,1,1,6,6,1,58,9,-1,-1,-1,-1,7,E01000517,0,1
2024010495322,2024,010495322,1,9,0,9,9,7,5,0,0,5,0,0,0,0,4,1,1,1,1,67,10,-1,-1,-1,-1,9,E01003910,0,1
2024401493460,2024,401493460,1,9,-1,-1,19,1,3,-1,0,0,0,0,0,0,4,9,-1,6,3,-1,-1,-1,-1,-1,-1,-1,-1,0,-1
2024451462756,2024,451462756,2,20,0,-1,1,1,3,-1,0,0,0,0,0,0,0,1,-1,6,1,37,7,-1,-1,-1,-1,4,E01001216,0,4
2024471441193,2024,471441193,2,9,0,-1,10,1,7,-1,0,1,0,0,0,0,3,1,-1,6,3,-1,-1,-1,-1,-1,-1,-1,-1,0,-1
2024302400719,2024,302400719,2,9,0,18,19,5,1,0,0,0,0,0,0,0,3,1,6,6,1,58,9,-1,-1,-1,-1,8,E01019616,0,2
2024141523089,2024,141523089,2,9,0,-1,4,5,1,-1,0,0,0,0,0,0,2,1,-1,1,1,52,8,-1,-1,-1,-1,8,E01033170,0,4
2024430314641,2024,430314641,2,9,0,-1,-1,3,7,0,0,6,0,0,0,0,-1,-1,6,6,1,-1,-1,-1,-1,-1,-1,-1,-1,0,-1
2024061444874,2024,061444874,1,9,0,-1,9,5,3,-1,0,8,0,0,0,0,1,1,-1,9,1,83,11,-1,-1,-1,-1,9,E01004810,0,1
2024041411032,2024,041411032,1,9,0,-1,-1,-1,-1,-1,-1,0,-1,-1,-1,0,-1,9,-1,6,3,-1,-1,-1,-1,-1,-1,-1,-1,0,-1
2024061438033,2024,061438033,2,9,-1,-1,-1,-1,-1,-1,-1,0,-1,-1,-1,0,-1,9,-1,6,3,-1,-1,-1,-1,-1,-1,-1,-1,0,-1
2024010504750,2024,010504750,2,9,9,99,99,9,9,99,99,9,9,99,9,99,9,9,6,6,3,-1,-1,-1,-1,-1,-1,-1,-1,0,-1
2024201485971,2024,201485971,2,9,0,-1,19,1,4,-1,0,1,0,0,0,0,1,9,-1,6,3,-1,-1,-1,-1,-1,-1,-1,-1,0,-1
2024131436700,2024,131436700,3,1,0,-1,10,3,1,-1,0,1,0,0,0,0,1,1,-1,6,1,52,8,-1,-1,-1,-1,2,E01032502,0,1
2024430154976,2024,430154976,2,1,0,18,19,5,1,0,0,8,0,0,0,0,3,1,6,6,1,41,7,-1,-1,-1,-1,4,E01016484,0,1
2024302400478,2024,302400478,2,1,0,18,19,1,5,0,0,8,0,0,0,0,4,1,6,6,1,-1,-1,-1,-1,-1,-1,2,E01013571,0,1
2024010492367,2024,010492367,1,3,0,99,99,9,9,99,99,1,9,99,9,99,9,1,1,1,3,29,6,-1,-1,-1,-1,6,E01001494,0,2
2024351397222,2024,351397222,1,1,0,-1,3,3,7,-1,4,1,0,0,0,0,2,1,-1,6,1,42,7,-1,-1,-1,-1,5,E01017953,0,1
2024631528341,2024,631528341,2,1,0,-1,19,1,6,-1,0,8,0,0,0,0,2,1,-1,9,1,66,10,-1,-1,-1,-1,7,W01000635,0,1
2024131497912,2024,131497912,1,1,0,-1,4,5,1,-1,0,1,2,0,0,0,1,1,-1,7,1,19,4,-1,-1,-1,-1,1,E01011347,0,1
2024101415460,2024,101415460,2,1,0,-1,19,1,5,-1,9,0,0,0,0,0,4,1,-1,9,1,12,3,-1,-1,-1,-1,1,E01008841,0,1
2024010549426,2024,010549426,1,1,9,99,99,9,9,99,99,9,9,99,9,99,1,1,6,6,1,29,6,-1,-1,-1,-1,2,E01003159,0,2
2024010494952,2024,010494952,2,9,0,99,99,9,9,99,99,0,9,99,9,99,1,9,6,6,3,30,6,-1,-1,-1,-1,4,E01003091,0,2
2024991453224,2024,991453224,2,5,0,-1,19,3,7,-1,0,0,1,0,0,0,1,1,-1,6,1,32,6,-1,-1,-1,-1,6,-1,0,1
2024546093024,2024,546093024,2,1,0,18,19,1,5,0,0,8,0,0,0,0,1,1,1,1,1,28,6,-1,-1,-1,-1,2,E01015537,0,1
2024052402821,2024,052402821,2,1,0,5,5,1,5,0,0,8,0,0,0,0,4,1,6,6,1,21,5,-1,-1,-1,-1,4,E01033760,0,1
2024010531749,2024,010531749,1,1,9,99,99,9,9,99,99,9,9,99,9,99,0,1,2,2,2,23,5,-1,-1,-1,-1,3,E01003997,0,1
2024010537307,2024,010537307,2,9,0,99,99,9,9,99,99,9,9,99,9,99,9,9,6,6,3,-1,-1,-1,-1,-1,-1,-1,-1,0,-1
2024161481750,2024,161481750,1,9,0,-1,19,5,1,-1,0,2,0,0,8,0,1,1,-1,9,2,41,7,-1,-1,-1,-1,5,E01027889,0,4
2024501416203,2024,501416203,1,9,0,-1,3,1,5,-1,0,1,0,0,0,0,1,9,-1,6,1,33,6,-1,-1,-1,-1,5,E01020083,0,3
2024471461804,2024,471461804,2,9,0,-1,19,1,5,-1,0,1,0,0,0,0,1,1,-1,9,1,19,4,-1,-1,-1,-1,6,E01021018,0,2
2024010538995,2024,010538995,1,9,0,18,19,1,5,0,0,8,0,0,0,0,1,1,6,6,3,-1,-1,-1,-1,-1,-1,-1,-1,0,-1
2024501477169,2024,501477169,1,9,0,-1,19,1,5,-1,0,0,1,0,0,0,1,1,-1,1,1,19,4,-1,-1,-1,-1,4,E01020309,0,1
2024430327524,2024,430327524,1,9,0,18,19,1,5,0,0,8,0,0,0,-1,-1,-1,6,6,2,-1,-1,-1,-1,-1,-1,-1,-1,0,-1
2024010515077,2024,010515077,2,9,0,7,7,7,2,0,0,8,1,0,0,0,1,1,6,6,1,23,5,-1,-1,-1,-1,-1,-1,0,-1
2024401484970,2024,401484970,2,1,0,-1,19,4,1,-1,0,0,0,0,0,0,4,1,-1,6,1,37,7,-1,-1,-1,-1,7,E01017577,0,1
2024991528906,2024,991528906,1,9,0,-1,5,6,1,-1,0,8,0,0,0,0,1,1,-1,6,1,60,9,-1,-1,-1,-1,-1,-1,0,-1
2024010492590,2024,010492590,2,9,0,99,99,9,9,99,99,0,9,99,9,99,1,9,6,6,3,-1,-1,-1,-1,-1,-1,5,E01003690,0,2
2024430109796,2024,430109796,1,19,0,18,19,8,4,0,0,0,0,0,0,0,0,1,1,1,3,-1,-1,-1,-1,-1,-1,-1,-1,0,-1
2024631429389,2024,631429389,1,9,0,-1,19,7,3,-1,0,6,0,0,3,0,4,1,-1,9,1,23,5,-1,-1,-1,-1,4,W01000516,0,3
2024010497437,2024,010497437,1,1,9,99,99,9,9,99,99,9,9,99,9,99,1,1,6,6,1,13,3,-1,-1,-1,-1,7,E01004070,0,1
2024010494950,2024,010494950,1,9,0,9,9,5,3,0,0,8,0,0,0,0,1,1,6,6,3,-1,-1,-1,-1,-1,-1,-1,-1,0,-1
2024061451089,2024,061451089,2,1,0,-1,19,7,3,-1,0,6,0,0,0,0,1,1,-1,1,1,23,5,-1,-1,-1,-1,-1,-1,0,-1
2024010496337,2024,010496337,1,9,0,18,19,3,7,0,0,0,0,0,0,0,1,1,6,6,1,39,7,-1,-1,-1,-1,9,E01035172,0,4
2024440194736,2024,440194736,1,9,0,5,5,7,3,0,0,8,0,0,0,0,1,1,6,6,3,-1,-1,-1,-1,-1,-1,-1,-1,0,-1
2024371566631,2024,371566631,1,1,0,-1,19,7,3,-1,0,1,1,0,0,0,1,1,-1,6,1,-1,-1,-1,-1,-1,-1,3,E01030026,0,1
2024471467221,2024,471467221,2,9,0,-1,4,1,5,-1,0,0,0,0,0,0,2,2,-1,9,1,22,5,-1,-1,-1,-1,-1,-1,0,-1
2024231425218,2024,231425218,1,9,0,-1,19,1,5,-1,0,8,0,0,0,0,3,1,-1,6,1,18,4,-1,-1,-1,-1,8,E01035091,0,3
2024991440389,2024,991440389,1,5,0,-1,19,5,1,-1,0,0,5,0,0,0,4,1,-1,9,2,54,8,-1,-1,-1,-1,-1,-1,0,-1
2024451436832,2024,451436832,1,9,0,-1,19,3,7,-1,0,0,5,0,7,1,1,1,-1,9,1,34,6,-1,-1,-1,-1,1,E01006963,0,5
2024430194130,2024,430194130,1,9,0,18,19,7,3,0,0,0,0,0,0,0,1,1,6,6,1,62,9,-1,-1,-1,-1,-1,-1,0,-1
2024471427222,2024,471427222,2,1,0,-1,9,5,3,-1,0,3,0,0,0,0,1,1,-1,1,1,32,6,-1,-1,-1,-1,10,E01031824,0,1
2024991524803,2024,991524803,1,9,0,-1,19,3,7,-1,0,0,0,0,0,0,4,1,-1,2,2,52,8,-1,-1,-1,-1,9,-1,0,4
2024440168565,2024,440168565,1,9,0,7,7,2,3,0,0,5,0,0,0,0,4,1,6,6,3,-1,-1,-1,-1,-1,-1,-1,-1,0,-1
2024371488927,2024,371488927,3,1,0,-1,19,2,6,-1,0,1,0,0,1,0,3,1,-1,9,1,59,9,-1,-1,-1,-1,5,E01030283,0,3
2024440042285,2024,440042285,3,9,0,4,4,8,4,0,0,0,0,0,0,0,2,1,6,6,1,66,10,-1,-1,-1,-1,8,E01022768,0,1
2024501530294,2024,501530294,2,1,0,-1,19,2,6,-1,0,8,0,0,0,0,1,1,-1,6,1,45,7,-1,-1,-1,-1,6,E01015225,0,1
2024991466560,2024,991466560,1,9,0,-1,5,7,3,-1,0,0,0,0,0,0,1,1,-1,1,1,37,7,-1,-1,-1,-1,1,-1,0,1
2024070685212,2024,070685212,1,1,0,18,19,1,5,9,9,1,0,0,0,0,1,1,6,6,1,26,6,-1,-1,-1,-1,3,E01012458,0,1
2024311446493,2024,311446493,1,99,0,-1,1,1,6,-1,9,0,0,0,0,0,2,9,-1,6,3,-1,-1,-1,-1,-1,-1,-1,-1,0,-1
2024531473138,2024,531473138,2,9,0,-1,19,7,3,-1,0,1,0,0,0,0,1,1,-1,9,1,51,8,-1,-1,-1,-1,10,E01022318,0,4
2024010496098,2024,010496098,1,9,0,11,11,5,1,0,0,2,1,10,7,10,2,1,1,1,1,38,7,-1,-1,-1,-1,-1,-1,0,-1
2024411451493,2024,411451493,1,9,0,-1,3,6,2,-1,0,8,0,0,0,0,4,1,-1,6,1,18,4,-1,-1,-1,-1,4,E01023652,0,1
2024010493370,2024,010493370,2,9,0,99,99,9,9,99,99,9,9,99,9,99,1,9,6,6,3,-1,-1,-1,-1,-1,-1,4,E01032733,0,4
2024522401216,2024,522401216,2,1,0,18,19,5,1,0,0,8,0,0,0,0,2,1,6,6,1,66,10,-1,-1,-1,-1,7,E01014770,0,1
2024010492898,2024,010492898,3,9,0,4,4,2,6,0,0,2,0,0,0,0,1,1,2,2,1,25,5,-1,-1,-1,-1,7,E01000573,0,1
2024010542014,2024,010542014,1,-1,0,10,10,5,2,0,0,2,0,0,0,0,4,1,6,6,1,25,5,-1,-1,-1,-1,5,E01001007,1,1
2024311417781,2024,311417781,1,1,0,-1,5,5,1,-1,0,2,0,0,0,0,2,1,-1,2,1,20,4,-1,-1,-1,-1,1,E01013880,0,1
2024610004324,2024,610004324,2,9,0,18,19,1,5,0,0,1,0,0,0,0,1,1,6,6,1,57,9,-1,-1,-1,-1,2,W01001352,0,1
2024430061519,2024,430061519,1,9,0,4,4,1,1,0,0,1,0,0,0,0,1,1,6,6,2,63,9,-1,-1,-1,-1,7,E01016778,0,1
2024101515229,2024,101515229,2,1,0,-1,19,8,2,-1,0,8,0,0,0,0,3,1,-1,9,1,13,3,-1,-1,-1,-1,-1,-1,0,-1
2024131517872,2024,131517872,1,2,0,-1,19,3,3,-1,9,8,0,0,0,0,4,1,-1,9,1,7,2,-1,-1,-1,-1,1,E01011284,0,1
2024421512620,2024,421512620,1,9,-1,-1,19,-1,-1,-1,0,1,0,0,0,0,-1,9,-1,6,2,-1,-1,-1,-1,-1,-1,-1,-1,0,-1
2024201477907,2024,201477907,2,1,0,-1,19,7,3,-1,0,2,0,0,0,0,2,1,-1,6,1,32,6,-1,-1,-1,-1,3,E01009928,0,2
2024211417839,2024,211417839,1,19,0,-1,2,1,5,-1,0,0,0,0,0,0,0,1,-1,1,1,22,5,-1,-1,-1,-1,-1,-1,0,-1
2024010531837,2024,010531837,3,1,0,9,9,1,7,0,0,8,0,0,0,0,4,1,2,2,2,25,5,-1,-1,-1,-1,1,E01004245,0,1
2024531524007,2024,531524007,1,98,0,-1,9,2,7,-1,0,8,0,0,0,0,1,1,-1,6,1,43,7,-1,-1,-1,-1,10,E01022112,0,1
2024991532171,2024,991532171,2,99,0,-1,2,0,0,-1,0,0,0,0,0,0,3,1,-1,6,3,-1,-1,-1,-1,-1,-1,-1,-1,0,-1
2024010492000,2024,010492000,1,9,0,99,99,9,9,99,99,9,9,99,9,99,1,9,6,6,1,23,5,-1,-1,-1,-1,1,E01002736,0,2
2024430580202,2024,430580202,2,1,0,18,19,1,5,0,0,1,2,0,7,0,4,1,6,6,1,32,6,-1,-1,-1,-1,9,E01028571,0,1
2024010546022,2024,010546022,2,1,0,18,19,7,3,0,0,8,0,0,0,0,1,1,6,6,2,24,5,-1,-1,-1,-1,9,E01004292,0,1
2024311463729,2024,311463729,1,9,0,-1,19,3,6,-1,0,1,0,0,0,0,0,9,-1,6,3,-1,-1,-1,-1,-1,-1,-1,-1,0,-1
2024471401474,2024,471401474,2,9,0,-1,19,3,7,-1,0,8,1,0,0,0,4,1,-1,1,1,47,8,-1,-1,-1,-1,6,E01031406,0,2
2024010493768,2024,010493768,2,5,0,10,10,5,3,0,0,1,0,0,0,0,2,1,6,6,1,56,9,-1,-1,-1,-1,-1,-1,0,-1
2024461457810,2024,461457810,1,19,0,-1,-1,-1,-1,-1,-1,0,-1,-1,-1,0,-1,9,-1,9,3,-1,-1,-1,-1,-1,-1,-1,-1,0,-1
2024340NN3472,2024,340NN3472,1,9,0,-1,19,3,7,-1,0,1,0,0,0,0,1,1,-1,9,1,77,11,-1,-1,-1,-1,9,E01027053,0,1
2024061434760,2024,061434760,2,1,0,-1,-1,-1,-1,-1,-1,-1,-1,-1,-1,0,-1,1,-1,6,1,29,6,-1,-1,-1,-1,2,E01004887,0,1
2024371427535,2024,371427535,1,9,0,-1,19,5,1,-1,0,0,0,0,0,0,4,9,-1,6,3,-1,-1,-1,-1,-1,-1,-1,-1,0,-1
2024421534532,2024,421534532,1,9,0,-1,13,3,7,-1,0,0,0,0,0,0,1,1,-1,6,3,-1,-1,-1,-1,-1,-1,-1,-1,0,-1
2024070211278,2024,070211278,2,1,0,18,19,2,7,0,0,8,0,0,0,0,4,1,6,6,1,70,10,-1,-1,-1,-1,10,E01018490,0,3
2024411482923,2024,411482923,2,19,0,-1,19,6,2,-1,0,0,0,0,0,0,9,1,-1,2,1,53,8,-1,-1,-1,-1,6,E01017852,0,3
2024070424581,2024,070424581,1,9,0,18,19,7,3,0,0,2,0,0,3,9,1,1,6,6,1,84,11,-1,-1,-1,-1,9,E01012448,0,2
2024131526461,2024,131526461,1,97,0,-1,-1,-1,-1,-1,0,8,-1,-1,-1,0,-1,1,-1,9,1,28,6,-1,-1,-1,-1,5,E01010990,0,1
2024122400929,2024,122400929,1,9,0,18,19,7,3,0,0,4,0,0,0,0,1,1,6,6,1,65,9,-1,-1,-1,-1,7,E01027684,0,2
2024031499227,2024,031499227,1,9,2,-1,19,7,1,-1,0,0,3,0,0,0,2,1,-1,1,1,43,7,-1,-1,-1,-1,7,E01019379,0,2
2024122400476,2024,122400476,1,1,0,18,19,7,3,9,9,0,0,0,0,0,1,1,6,6,1,14,3,-1,-1,-1,-1,5,E01027676,0,1
2024332400034,2024,332400034,2,1,0,-1,19,1,5,-1,0,0,0,0,0,0,3,1,-1,6,1,71,10,-1,-1,-1,-1,8,E01025663,0,1
2024361467876,2024,361467876,2,9,0,-1,5,7,2,-1,0,8,0,0,0,0,1,1,-1,6,2,37,7,-1,-1,-1,-1,6,E01026489,0,1
2024010549762,2024,010549762,1,90,9,99,99,9,9,99,99,9,9,99,9,99,9,1,6,6,3,-1,-1,-1,-1,-1,-1,-1,-1,0,-1