collision_index,collision_year,collision_ref_no,vehicle_reference,vehicle_type,towing_and_articulation,vehicle_manoeuvre_historic,vehicle_manoeuvre,vehicle_direction_from,vehicle_direction_to,vehicle_location_restricted_lane_historic,vehicle_location_restricted_lane,junction_location,skidding_and_overturning,hit_object_in_carriageway,vehicle_leaving_carriageway,hit_object_off_carriageway,first_point_of_impact,vehicle_left_hand_drive,journey_purpose_of_driver_historic,journey_purpose_of_driver,sex_of_driver,age_of_driver,age_band_of_driver,engine_capacity_cc,propulsion_code,age_of_vehicle,generic_make_model,driver_imd_decile,lsoa_of_driver,escooter_flag,driver_distance_banding
2024052402492,2024,052402492,2,1,0,18,19,4,8,0,0,1,0,0,0,0,4,1,4,7,1,20,4,-1,-1,-1,-1,1,E01006691,0,1
2024501494422,2024,501494422,1,9,0,-1,19,4,8,-1,0,0,0,0,1,10,3,1,-1,9,1,48,8,-1,-1,-1,-1,4,E01018856,0,2
2024430296119,2024,430296119,2,1,0,18,19,4,8,0,0,8,0,0,0,0,4,1,6,6,1,-1,-1,-1,-1,-1,-1,9,E01016647,0,1
2024010492214,2024,010492214,1,19,0,5,5,5,1,0,0,0,0,0,0,0,3,1,6,6,1,58,9,-1,-1,-1,-1,3,E01001175,0,4
2024461506809,2024,461506809,2,1,0,-1,7,3,7,-1,0,1,0,0,0,0,2,1,-1,6,1,14,3,-1,-1,-1,-1,6,E01024592,0,1
2024201528719,2024,201528719,1,-1,0,-1,7,7,2,-1,0,0,0,0,0,0,4,1,-1,1,1,34,6,-1,-1,-1,-1,1,E01009700,1,2
2024052401713,2024,052401713,1,1,0,18,19,1,5,0,0,2,0,0,0,0,0,1,6,6,2,66,10,-1,-1,-1,-1,2,E01006523,0,1
2024010511562,2024,010511562,2,9,4,7,7,5,8,0,0,8,0,0,0,0,1,1,6,6,1,41,7,-1,-1,-1,-1,3,E01033863,0,2
2024610014924,2024,610014924,1,9,0,9,9,2,8,9,9,8,0,0,1,0,1,1,6,6,1,83,11,-1,-1,-1,-1,10,W01001585,0,1
2024101404292,2024,101404292,1,19,-1,-1,19,1,5,-1,0,4,0,0,0,0,1,9,-1,6,3,-1,-1,-1,-1,-1,-1,-1,-1,0,-1
2024111448623,2024,111448623,2,9,0,-1,4,3,7,-1,0,0,0,0,0,0,2,1,-1,9,2,31,6,-1,-1,-1,-1,1,E01032542,0,4
2024010489825,2024,010489825,1,9,0,18,19,5,1,0,0,1,0,0,0,0,4,1,6,6,1,34,6,-1,-1,-1,-1,2,E01024477,0,4
2024320361187,2024,320361187,2,9,0,2,2,0,0,0,0,0,0,0,0,0,3,1,6,6,2,29,6,-1,-1,-1,-1,1,E01026083,0,1
2024610043224,2024,610043224,1,9,0,16,19,7,2,0,0,0,0,0,7,0,1,1,6,6,2,22,5,-1,-1,-1,-1,7,W01001571,0,1
2024231481901,2024,231481901,1,9,0,-1,19,2,6,-1,0,0,0,10,1,0,1,2,-1,9,1,66,10,-1,-1,-1,-1,-1,-1,0,-1
2024141417894,2024,141417894,2,9,0,-1,19,7,3,-1,0,0,0,0,0,0,1,1,-1,6,1,31,6,-1,-1,-1,-1,6,E01007455,0,1
2024430036864,2024,430036864,2,1,0,18,19,5,8,0,0,4,0,0,0,0,1,1,2,2,2,28,6,-1,-1,-1,-1,8,E01028547,0,1
2024361412018,2024,361412018,2,-1,-1,-1,-1,-1,-1,-1,-1,-1,-1,-1,-1,0,-1,1,-1,6,3,-1,-1,-1,-1,-1,-1,-1,-1,0,-1
2024421436506,2024,421436506,1,9,0,-1,13,4,8,-1,0,0,1,0,0,0,2,9,-1,6,3,-1,-1,-1,-1,-1,-1,-1,-1,0,-1
2024010506343,2024,010506343,2,9,0,99,99,9,9,99,99,9,9,99,9,99,1,9,6,6,3,-1,-1,-1,-1,-1,-1,-1,-1,0,-1
2024010496078,2024,010496078,2,21,0,18,19,5,1,0,0,0,0,0,0,0,2,1,1,1,1,44,7,-1,-1,-1,-1,7,E01023328,0,4
2024010496852,2024,010496852,1,9,0,1,1,9,9,99,99,0,9,99,9,99,2,9,6,6,3,-1,-1,-1,-1,-1,-1,-1,-1,0,-1
2024430462814,2024,430462814,2,9,0,10,10,7,3,0,0,1,0,0,0,0,2,1,6,6,1,-1,-1,-1,-1,-1,-1,-1,-1,0,-1
202417M111524,2024,17M111524,3,9,0,-1,19,6,4,-1,0,8,0,0,0,0,1,1,-1,2,1,40,7,-1,-1,-1,-1,9,E01027597,0,3
2024201504342,2024,201504342,2,1,0,-1,19,4,8,-1,0,1,0,0,0,0,1,1,-1,6,1,22,5,-1,-1,-1,-1,1,E01009062,0,1
2024461393687,2024,461393687,2,9,0,-1,5,5,3,-1,0,4,0,0,0,0,3,1,-1,6,1,37,7,-1,-1,-1,-1,5,E01016075,0,1
2024052400965,2024,052400965,1,9,0,11,11,7,3,0,0,0,0,0,0,0,4,1,6,6,3,-1,-1,-1,-1,-1,-1,-1,-1,0,-1
2024010491680,2024,010491680,1,8,0,9,9,3,2,0,0,6,0,0,0,0,1,1,6,6,1,31,6,-1,-1,-1,-1,3,E01003125,0,1
2024010491904,2024,010491904,3,1,0,18,19,6,2,0,0,1,0,0,0,0,3,1,6,6,2,31,6,-1,-1,-1,-1,-1,-1,0,-1
2024451450208,2024,451450208,1,9,0,-1,19,7,3,-1,0,1,0,0,0,0,1,1,-1,1,1,26,6,-1,-1,-1,-1,9,E01022882,0,3
2024991438513,2024,991438513,2,1,0,-1,4,1,6,-1,0,0,0,0,0,0,1,1,-1,9,2,23,5,-1,-1,-1,-1,1,-1,0,1
2024991474927,2024,991474927,2,9,0,-1,19,5,2,-1,0,8,0,0,0,0,3,1,-1,1,1,36,7,-1,-1,-1,-1,1,-1,0,1
2024320628533,2024,320628533,1,9,0,-1,-1,8,4,0,0,6,0,0,0,0,1,1,6,6,3,-1,-1,-1,-1,-1,-1,-1,-1,0,-1
2024440380298,2024,440380298,1,11,0,18,19,7,3,0,0,1,0,0,0,0,4,1,1,1,3,-1,-1,-1,-1,-1,-1,-1,-1,0,-1
2024302400708,2024,302400708,2,20,0,18,19,8,4,0,0,2,0,0,0,0,1,1,6,6,3,-1,-1,-1,-1,-1,-1,5,E01019456,0,2
2024421541938,2024,421541938,1,9,0,-1,19,7,3,-1,0,1,0,0,0,0,1,1,-1,6,3,-1,-1,-1,-1,-1,-1,-1,-1,0,-1
2024552401514,2024,552401514,1,9,0,4,4,5,1,0,0,4,0,0,0,0,1,1,6,6,2,36,7,-1,-1,-1,-1,9,E01020419,0,3
2024061475624,2024,061475624,2,9,0,-1,1,-1,-1,-1,99,0,0,0,0,0,9,1,-1,6,3,-1,-1,-1,-1,-1,-1,-1,-1,0,-1
2024471427316,2024,471427316,4,97,0,-1,19,8,3,-1,0,1,0,0,0,0,0,1,-1,6,1,68,10,-1,-1,-1,-1,6,E01016887,0,1
2024311433185,2024,311433185,4,9,0,-1,11,5,2,-1,0,8,0,0,0,0,0,1,-1,6,3,50,8,-1,-1,-1,-1,-1,-1,0,-1
2024070488756,2024,070488756,1,1,0,18,19,3,1,0,0,1,0,0,0,0,3,1,6,6,1,16,4,-1,-1,-1,-1,6,E01012501,0,1
2024522401650,2024,522401650,3,9,0,18,19,6,2,0,0,1,0,0,0,0,1,1,6,6,3,-1,-1,-1,-1,-1,-1,-1,-1,0,-1
2024552400665,2024,552400665,2,1,0,18,19,2,6,0,0,0,0,0,0,0,1,1,6,6,1,17,4,-1,-1,-1,-1,7,E01015354,0,2
2024461527316,2024,461527316,2,9,0,-1,19,1,5,-1,0,1,1,0,0,0,3,1,-1,9,2,59,9,-1,-1,-1,-1,4,E01023997,0,1
202417S208924,2024,17S208924,1,9,0,-1,19,4,8,-1,0,0,0,0,0,0,0,1,-1,2,1,33,6,-1,-1,-1,-1,1,E01012252,0,1
2024010496605,2024,010496605,2,1,0,18,19,3,7,0,0,0,0,0,0,0,1,1,6,6,1,41,7,-1,-1,-1,-1,5,E01023322,0,4
2024421476906,2024,421476906,1,9,0,-1,14,7,3,-1,0,1,0,0,0,0,1,1,-1,2,1,22,5,-1,-1,-1,-1,6,E01035155,0,1
2024010532652,2024,010532652,2,1,0,7,7,1,4,0,0,1,0,0,0,0,2,1,2,2,1,25,5,-1,-1,-1,-1,2,E01001594,0,3
2024991430186,2024,991430186,1,9,0,-1,19,6,2,-1,0,1,0,0,0,0,1,1,-1,6,1,50,8,-1,-1,-1,-1,-1,-1,0,-1
2024010499762,2024,010499762,1,9,0,99,99,9,9,99,99,9,9,99,9,99,2,9,6,6,2,40,7,-1,-1,-1,-1,5,E01000067,0,1
2024061496246,2024,061496246,2,9,0,-1,5,-1,-1,-1,-1,0,0,0,0,0,3,1,-1,6,1,-1,-1,-1,-1,-1,-1,1,E01005525,0,1
2024052400992,2024,052400992,1,-1,0,18,19,5,1,0,0,1,0,0,0,0,4,1,2,2,1,32,6,-1,-1,-1,-1,7,E01007105,1,2
2024411422358,2024,411422358,2,9,0,-1,19,2,8,-1,0,0,1,0,0,0,1,1,-1,6,1,46,8,-1,-1,-1,-1,10,E01023502,0,4
2024430144076,2024,430144076,2,9,0,9,9,8,6,0,0,6,0,0,0,0,1,1,6,6,1,41,7,-1,-1,-1,-1,6,E01017858,0,1
2024010496084,2024,010496084,2,19,0,18,19,7,3,0,0,8,0,0,0,0,1,1,1,1,1,23,5,-1,-1,-1,-1,6,E01021917,0,4
2024131468530,2024,131468530,2,9,0,-1,2,3,3,-1,0,0,0,0,0,0,2,1,-1,6,-1,-1,-1,-1,-1,-1,-1,-1,-1,0,-1
2024430564982,2024,430564982,1,9,0,18,19,6,2,0,0,7,0,0,0,0,3,1,6,6,3,-1,-1,-1,-1,-1,-1,-1,-1,0,-1
2024501509173,2024,501509173,2,1,0,-1,19,6,2,-1,0,0,2,0,0,0,1,1,-1,6,1,49,8,-1,-1,-1,-1,3,E01019000,0,2
2024552401530,2024,552401530,1,9,0,18,19,6,2,0,0,8,0,0,0,0,1,1,6,6,3,-1,-1,-1,-1,-1,-1,-1,-1,0,-1
2024430564120,2024,430564120,1,1,0,18,19,5,1,9,9,0,0,0,0,0,1,1,6,6,1,-1,-1,-1,-1,-1,-1,-1,-1,0,-1
2024401516640,2024,401516640,1,97,0,-1,19,2,6,-1,0,1,0,0,0,0,3,1,-1,9,1,40,7,-1,-1,-1,-1,7,E01015764,0,1
2024411501683,2024,411501683,2,9,-1,-1,-1,-1,-1,-1,-1,0,-1,-1,-1,0,-1,9,-1,6,3,-1,-1,-1,-1,-1,-1,-1,-1,0,-1
2024122400609,2024,122400609,2,20,0,17,19,3,7,0,0,0,2,0,0,0,1,1,6,6,1,57,9,-1,-1,-1,-1,10,E01011696,0,4
2024991486993,2024,991486993,2,9,0,-1,19,7,3,-1,0,0,0,0,0,0,2,1,-1,9,1,54,8,-1,-1,-1,-1,8,-1,0,3
2024010540775,2024,010540775,1,1,0,18,19,7,3,0,0,1,0,0,0,0,2,1,6,6,1,24,5,-1,-1,-1,-1,3,E01000481,0,1
2024520401298,2024,520401298,1,9,0,18,19,4,8,0,0,0,0,0,0,0,1,1,6,6,2,20,4,-1,-1,-1,-1,4,E01029111,0,1
2024440503844,2024,440503844,1,9,0,18,19,5,1,0,0,0,0,0,8,10,4,1,6,6,3,-1,-1,-1,-1,-1,-1,-1,-1,0,-1
2024201532343,2024,201532343,2,23,0,-1,14,6,2,-1,0,8,5,0,0,0,1,1,-1,6,1,23,5,-1,-1,-1,-1,7,E01009442,0,1
2024010489221,2024,010489221,2,9,9,99,99,9,9,99,99,9,9,99,9,99,9,9,6,6,3,-1,-1,-1,-1,-1,-1,-1,-1,0,-1
2024010550343,2024,010550343,2,1,0,5,5,8,4,0,0,1,0,0,0,0,1,1,6,6,2,73,10,-1,-1,-1,-1,6,E01002668,0,1
2024061518960,2024,061518960,3,9,0,-1,5,3,7,-1,0,0,0,0,0,0,4,1,-1,6,1,55,8,-1,-1,-1,-1,3,E01005286,0,1
2024371448331,2024,371448331,1,9,-1,-1,-1,-1,-1,-1,-1,0,-1,-1,-1,0,-1,9,-1,6,3,-1,-1,-1,-1,-1,-1,-1,-1,0,-1
2024401471122,2024,401471122,1,3,-1,-1,19,5,1,-1,9,0,0,0,0,0,2,1,-1,6,3,-1,-1,-1,-1,-1,-1,-1,-1,0,-1
2024221487820,2024,221487820,1,9,0,-1,19,6,1,-1,0,0,0,0,0,0,1,9,-1,6,3,18,4,-1,-1,-1,-1,-1,-1,0,-1
2024010525310,2024,010525310,3,19,0,18,19,7,3,0,0,0,0,0,0,0,1,1,6,6,3,-1,-1,-1,-1,-1,-1,-1,-1,0,-1
2024101491643,2024,101491643,2,1,-1,-1,19,7,3,-1,0,1,0,0,0,0,4,1,-1,6,1,16,4,-1,-1,-1,-1,1,E01008854,0,1
2024411478836,2024,411478836,2,9,0,-1,9,4,2,-1,0,1,0,0,0,0,3,1,-1,6,1,39,7,-1,-1,-1,-1,6,E01033311,0,1
2024010499668,2024,010499668,2,9,0,99,99,9,9,99,99,9,9,99,9,99,9,9,6,6,3,-1,-1,-1,-1,-1,-1,7,E01002887,0,1
2024481510838,2024,481510838,2,1,0,-1,5,1,5,-1,0,1,0,0,0,0,3,1,-1,2,2,30,6,-1,-1,-1,-1,-1,-1,0,-1
2024010487916,2024,010487916,1,9,0,99,99,9,9,99,99,9,9,99,9,99,9,9,6,6,1,30,6,-1,-1,-1,-1,2,E01035709,0,1
2024131508583,2024,131508583,1,9,0,-1,-1,-1,-1,-1,-1,0,-1,-1,-1,-1,-1,1,-1,6,3,-1,-1,-1,-1,-1,-1,-1,-1,0,-1
2024440537525,2024,440537525,2,1,0,18,19,6,2,0,0,8,0,0,0,0,1,1,6,6,1,-1,-1,-1,-1,-1,-1,-1,-1,0,-1
2024010541396,2024,010541396,2,-1,0,18,19,1,5,0,0,8,0,0,0,0,1,1,6,6,1,25,5,-1,-1,-1,-1,1,E01002853,1,1
2024471472709,2024,471472709,1,9,0,-1,19,2,7,-1,0,0,0,0,1,0,-1,9,-1,6,3,-1,-1,-1,-1,-1,-1,-1,-1,0,-1
2024522401664,2024,522401664,2,9,0,7,7,1,3,0,0,6,0,0,0,0,1,1,6,6,1,68,10,-1,-1,-1,-1,7,E01014858,0,1
2024471416491,2024,471416491,1,9,0,-1,19,5,1,-1,9,0,1,0,1,7,1,1,-1,9,1,52,8,-1,-1,-1,-1,6,E01021108,0,3
2024531480938,2024,531480938,1,9,0,-1,19,2,6,-1,0,0,0,0,8,4,1,1,-1,2,1,19,4,-1,-1,-1,-1,9,E01022213,0,1
2024421509614,2024,421509614,2,9,0,-1,3,6,2,-1,0,0,0,0,0,0,2,1,-1,6,1,41,7,-1,-1,-1,-1,6,E01001403,0,4
2024311416197,2024,311416197,1,9,0,-1,3,7,3,-1,0,0,0,0,0,0,2,1,-1,9,2,34,6,-1,-1,-1,-1,1,E01032597,0,4
2024552401122,2024,552401122,2,2,0,14,14,2,6,0,0,8,0,0,0,0,4,1,6,6,2,17,4,-1,-1,-1,-1,4,E01015409,0,1
2024522403365,2024,522403365,1,9,0,18,19,8,4,0,0,8,0,0,0,0,4,1,6,6,2,27,6,-1,-1,-1,-1,1,E01014638,0,2
2024552401481,2024,552401481,1,9,0,18,19,5,1,0,0,4,0,0,0,0,1,1,6,6,3,-1,-1,-1,-1,-1,-1,-1,-1,0,-1
2024221493020,2024,221493020,2,9,0,-1,10,4,2,-1,0,8,0,0,0,0,2,1,-1,2,2,25,5,-1,-1,-1,-1,8,E01034255,0,5
2024351504879,2024,351504879,2,1,0,-1,19,3,7,-1,0,1,0,0,0,0,3,1,-1,9,2,43,7,-1,-1,-1,-1,4,E01021956,0,4
2024440510834,2024,440510834,1,9,0,14,14,7,3,0,0,0,0,0,0,0,1,1,6,6,1,78,11,-1,-1,-1,-1,4,E01017164,0,1
2024311534704,2024,311534704,1,9,0,-1,19,6,2,-1,0,0,2,0,1,0,-1,1,-1,6,1,66,10,-1,-1,-1,-1,3,E01019775,0,4
2024010541976,2024,010541976,1,1,9,99,99,9,9,99,99,9,9,99,9,99,9,1,2,2,1,50,8,-1,-1,-1,-1,6,E01003711,0,3
2024430011789,2024,430011789,1,1,0,18,19,5,1,0,0,0,0,0,0,0,2,1,1,1,1,25,5,-1,-1,-1,-1,8,E01016418,0,1
2024471482647,2024,471482647,4,9,-1,-1,4,1,5,-1,0,0,0,0,0,0,0,9,-1,6,3,-1,-1,-1,-1,-1,-1,-1,-1,0,-1
2024201511631,2024,201511631,1,9,0,-1,19,6,2,-1,0,2,0,0,0,0,4,1,-1,6,3,-1,-1,-1,-1,-1,-1,-1,-1,0,-1
2024501434067,2024,501434067,2,19,0,-1,19,3,7,-1,0,3,0,0,0,0,3,2,-1,9,2,69,10,-1,-1,-1,-1,8,E01015271,0,2
2024421412596,2024,421412596,1,9,0,-1,4,5,6,-1,0,4,0,0,0,0,3,9,-1,6,3,50,8,-1,-1,-1,-1,-1,-1,0,-1
2024332400868,2024,332400868,1,17,0,-1,5,6,2,-1,0,6,0,0,0,0,3,1,-1,1,1,20,4,-1,-1,-1,-1,7,E01025910,0,1
2024061526039,2024,061526039,1,9,0,-1,-1,-1,-1,-1,-1,-1,-1,-1,-1,0,-1,1,-1,6,1,32,6,-1,-1,-1,-1,7,E01025373,0,4
202460Q171589,2024,60Q171589,2,1,0,18,19,1,6,0,0,4,0,0,0,0,1,1,6,6,1,32,6,-1,-1,-1,-1,-1,-1,0,-1
2024052402632,2024,052402632,2,1,0,18,19,5,1,0,0,0,0,0,0,0,1,1,4,7,2,15,3,-1,-1,-1,-1,1,E01005639,0,3
2024421393680,2024,421393680,1,9,0,-1,19,5,1,-1,0,0,0,0,0,0,2,1,-1,6,1,34,6,-1,-1,-1,-1,-1,-1,0,-1
2024440089988,2024,440089988,2,1,0,18,19,4,8,0,0,1,0,0,0,0,1,1,6,6,2,65,9,-1,-1,-1,-1,3,E01034067,0,1
2024041512693,2024,041512693,1,98,0,-1,19,3,7,-1,0,8,0,0,0,0,4,1,-1,1,2,26,6,-1,-1,-1,-1,1,E01006248,0,4
2024122400847,2024,122400847,2,1,0,18,19,7,3,0,0,6,0,0,0,0,1,1,6,6,2,-1,-1,-1,-1,-1,-1,-1,-1,0,-1
2024461477600,2024,461477600,1,98,0,-1,19,3,7,-1,0,0,0,0,0,0,3,9,-1,6,1,21,5,-1,-1,-1,-1,8,E01017838,0,4
2024522402678,2024,522402678,1,23,0,18,19,7,3,0,0,0,0,4,0,0,1,1,6,6,1,23,5,-1,-1,-1,-1,4,E01014623,0,1
2024010487933,2024,010487933,1,3,0,99,99,9,9,99,99,9,9,99,9,99,9,1,1,1,1,33,6,-1,-1,-1,-1,2,E01001554,0,3
2024010510345,2024,010510345,2,4,0,-1,-1,1,5,0,0,0,0,0,0,0,1,1,6,6,2,38,7,-1,-1,-1,-1,2,E01002090,0,1
2024552400830,2024,552400830,1,2,0,13,13,5,1,0,0,0,0,0,0,0,1,1,6,6,3,-1,-1,-1,-1,-1,-1,-1,-1,0,-1
2024010523842,2024,010523842,2,9,0,5,5,3,7,0,0,1,0,0,0,0,2,1,6,6,2,31,6,-1,-1,-1,-1,-1,-1,0,-1
2024411473849,2024,411473849,1,-1,-1,-1,19,5,1,-1,0,0,0,0,0,0,1,1,-1,6,1,20,4,-1,-1,-1,-1,-1,-1,1,-1
2024010494794,2024,010494794,1,9,0,7,7,1,3,0,0,1,0,0,0,0,1,1,2,2,2,32,6,-1,-1,-1,-1,8,E01000671,0,1
2024010535613,2024,010535613,1,1,9,99,99,9,9,99,99,9,9,99,9,99,9,1,1,1,2,38,7,-1,-1,-1,-1,3,E01004563,0,1
2024991510586,2024,991510586,1,23,0,-1,19,1,5,-1,0,0,0,0,0,0,1,1,-1,9,1,29,6,-1,-1,-1,-1,-1,-1,0,-1
2024201520431,2024,201520431,1,9,0,-1,9,6,5,-1,0,2,0,0,0,0,3,9,-1,6,1,-1,-1,-1,-1,-1,-1,-1,-1,0,-1
2024421411004,2024,421411004,1,9,0,-1,19,6,4,-1,0,4,0,0,0,0,1,1,-1,9,1,29,6,-1,-1,-1,-1,8,E01035176,0,1
2024451492370,2024,451492370,1,9,0,-1,19,3,7,-1,0,1,0,0,0,0,1,1,-1,2,1,19,4,-1,-1,-1,-1,10,E01030641,0,1
2024340WN5792,2024,340WN5792,2,1,0,-1,19,8,4,-1,0,8,0,0,0,0,1,1,-1,6,1,70,10,-1,-1,-1,-1,6,E01027292,0,2
2024010536372,2024,010536372,2,-1,0,18,19,1,5,0,0,1,0,0,0,0,1,1,6,6,1,17,4,-1,-1,-1,-1,-1,-1,1,-1
2024010504164,2024,010504164,1,-1,0,99,99,9,9,99,99,9,9,99,9,99,1,9,6,6,3,-1,-1,-1,-1,-1,-1,-1,-1,1,-1
2024421536139,2024,421536139,2,22,0,-1,-1,-1,-1,-1,-1,0,-1,-1,-1,0,-1,1,-1,6,1,88,11,-1,-1,-1,-1,10,E01015912,0,1
2024131413368,2024,131413368,2,9,0,-1,19,7,1,-1,0,8,0,0,0,0,1,1,-1,1,2,46,8,-1,-1,-1,-1,3,E01010669,0,1
2024340WN0682,2024,340WN0682,1,9,0,-1,19,4,8,-1,0,1,0,0,0,0,1,1,-1,6,1,-1,-1,-1,-1,-1,-1,-1,-1,0,-1
2024421448745,2024,421448745,1,11,0,-1,19,5,2,-1,0,4,2,9,3,0,3,1,-1,1,1,66,10,-1,-1,-1,-1,-1,-1,0,-1
2024010542742,2024,010542742,2,9,0,99,99,9,9,99,99,9,9,99,9,99,1,9,6,6,3,-1,-1,-1,-1,-1,-1,-1,-1,0,-1
2024201533659,2024,201533659,1,9,0,-1,5,2,6,-1,0,1,1,0,0,0,1,1,-1,8,1,37,7,-1,-1,-1,-1,5,E01004733,0,5
2024421523224,2024,421523224,2,19,0,-1,19,8,2,-1,0,8,0,0,0,0,0,1,-1,6,3,30,6,-1,-1,-1,-1,-1,-1,0,-1
2024340NN0522,2024,340NN0522,1,9,0,-1,19,4,8,-1,0,1,0,0,0,0,1,1,-1,6,3,-1,-1,-1,-1,-1,-1,-1,-1,0,-1
2024010533116,2024,010533116,1,1,9,99,99,9,9,99,99,9,9,99,9,99,9,1,2,2,1,31,6,-1,-1,-1,-1,5,E01035170,0,4
2024461464720,2024,461464720,2,1,0,-1,19,7,3,-1,0,2,0,0,0,0,3,1,-1,9,1,44,7,-1,-1,-1,-1,4,E01024293,0,1
2024031448523,2024,031448523,1,97,0,-1,19,8,7,-1,9,0,0,0,0,0,1,1,-1,6,1,14,3,-1,-1,-1,-1,-1,-1,0,-1
2024340NN3782,2024,340NN3782,1,9,0,-1,19,1,5,-1,0,0,0,0,0,0,1,1,-1,6,1,-1,-1,-1,-1,-1,-1,-1,-1,0,-1
2024411526514,2024,411526514,2,1,0,-1,19,1,5,-1,0,3,0,0,0,0,2,1,-1,6,1,52,8,-1,-1,-1,-1,-1,-1,0,-1
2024010493436,2024,010493436,2,9,0,99,99,9,9,99,99,6,9,99,9,99,1,9,6,6,2,-1,-1,-1,-1,-1,-1,-1,-1,0,-1
2024010493194,2024,010493194,1,1,9,99,99,9,9,99,99,9,9,99,9,99,9,1,2,2,2,54,8,-1,-1,-1,-1,6,E01002410,0,1
2024010500844,2024,010500844,1,1,9,99,99,9,9,99,99,9,9,99,9,99,9,1,2,2,1,22,5,-1,-1,-1,-1,2,E01002735,0,1
2024610014424,2024,610014424,1,9,0,13,13,5,2,0,0,1,0,0,1,0,1,1,1,1,1,59,9,-1,-1,-1,-1,2,W01001482,0,1
2024411399442,2024,411399442,3,9,0,-1,19,1,5,-1,0,0,0,0,0,0,2,9,-1,9,2,38,7,-1,-1,-1,-1,7,E01025757,0,5
2024201434992,2024,201434992,2,97,0,-1,19,8,2,-1,0,0,0,0,0,0,2,1,-1,2,1,46,8,-1,-1,-1,-1,2,E01009982,0,1
202460Q040873,2024,60Q040873,1,9,0,18,19,5,1,0,0,1,2,0,8,10,4,1,6,6,1,18,4,-1,-1,-1,-1,-1,-1,0,-1
2024101395578,2024,101395578,2,9,0,-1,19,7,4,-1,0,2,0,0,0,0,3,9,-1,6,2,50,8,-1,-1,-1,-1,1,E01008837,0,1
2024010491119,2024,010491119,2,9,0,99,99,9,9,99,99,9,9,99,9,99,9,9,6,6,3,-1,-1,-1,-1,-1,-1,-1,-1,0,-1
2024010488788,2024,010488788,2,9,0,99,99,9,9,99,99,9,9,99,9,99,9,9,6,6,2,48,8,-1,-1,-1,-1,-1,-1,0,-1
2024231460755,2024,231460755,1,1,0,-1,19,3,7,-1,0,6,0,0,0,0,1,1,-1,6,1,13,3,-1,-1,-1,-1,6,E01031033,0,1
2024010531998,2024,010531998,1,-1,0,15,15,5,1,0,0,2,0,0,0,0,0,1,2,2,2,40,7,-1,-1,-1,-1,2,E01003070,1,1
2024161455751,2024,161455751,1,10,0,-1,19,5,1,-1,0,0,0,0,0,0,1,1,-1,6,1,61,9,-1,-1,-1,-1,5,E01013306,0,2
2024201512548,2024,201512548,2,-1,0,-1,3,4,8,-1,0,0,0,0,0,0,1,9,-1,6,1,15,3,-1,-1,-1,-1,1,E01034915,1,1
2024631454402,2024,631454402,1,9,0,-1,19,1,5,-1,0,8,0,0,0,0,1,1,-1,6,2,-1,-1,-1,-1,-1,-1,-1,-1,0,-1
2024991516169,2024,991516169,1,9,0,-1,19,3,7,-1,0,0,1,0,7,0,1,1,-1,6,2,60,9,-1,-1,-1,-1,-1,-1,0,-1
2024141448755,2024,141448755,1,18,0,-1,4,3,8,-1,1,0,0,0,0,0,1,9,-1,1,2,55,8,-1,-1,-1,-1,3,E01007907,0,2
2024101439967,2024,101439967,1,-1,0,-1,19,3,7,-1,0,1,2,0,0,0,1,1,-1,6,1,-1,-1,-1,-1,-1,-1,-1,-1,1,-1
2024122500185,2024,122500185,2,1,0,14,14,6,2,0,0,1,0,0,0,0,1,1,6,6,1,52,8,-1,-1,-1,-1,7,E01027657,0,1
2024320471263,2024,320471263,2,22,0,-1,-1,5,1,0,0,0,0,0,0,0,4,1,6,6,1,46,8,-1,-1,-1,-1,3,E01026122,0,1
2024421512095,2024,421512095,1,-1,0,-1,19,3,7,-1,9,0,0,0,0,0,3,9,-1,6,1,-1,-1,-1,-1,-1,-1,-1,-1,1,-1
2024610015724,2024,610015724,2,20,0,12,12,6,2,0,0,0,0,0,0,0,3,2,6,6,3,-1,-1,-1,-1,-1,-1,-1,-1,0,-1
2024430516130,2024,430516130,2,9,0,16,19,8,3,0,0,0,0,0,0,0,1,1,6,6,2,39,7,-1,-1,-1,-1,7,E01016217,0,1
2024010524448,2024,010524448,1,1,9,99,99,9,9,99,99,9,9,99,9,99,1,1,6,6,3,-1,-1,-1,-1,-1,-1,-1,-1,0,-1
2024471464212,2024,471464212,1,1,0,-1,9,6,3,-1,0,8,1,0,0,0,1,1,-1,6,1,72,10,-1,-1,-1,-1,7,E01021010,0,1
2024111468542,2024,111468542,1,23,0,-1,19,2,6,-1,0,4,0,0,0,0,1,1,-1,9,1,25,5,-1,-1,-1,-1,3,E01034504,0,1
2024010520854,2024,010520854,2,4,0,6,6,9,9,99,99,9,9,99,9,99,9,1,6,6,3,-1,-1,-1,-1,-1,-1,-1,-1,0,-1
2024430467884,2024,430467884,2,9,0,18,19,9,9,0,0,8,0,0,0,0,1,1,6,6,1,45,7,-1,-1,-1,-1,-1,-1,0,-1
2024231510806,2024,231510806,1,1,0,-1,9,4,2,-1,0,6,0,0,0,0,3,1,-1,9,1,60,9,-1,-1,-1,-1,2,E01031044,0,1
2024201485678,2024,201485678,2,1,0,-1,19,3,7,-1,0,1,0,0,0,0,4,1,-1,9,1,50,8,-1,-1,-1,-1,4,E01009065,0,1
2024610047224,2024,610047224,1,22,0,18,19,8,4,0,0,0,0,0,0,0,1,1,6,6,2,71,10,-1,-1,-1,-1,4,W01002035,0,1
2024430148714,2024,430148714,2,9,0,18,19,8,4,0,0,8,0,0,0,0,1,1,6,6,2,48,8,-1,-1,-1,-1,10,E01032956,0,3
2024010499194,2024,010499194,1,1,9,99,99,9,9,99,99,9,9,99,9,99,2,1,2,2,1,29,6,-1,-1,-1,-1,4,E01033871,0,1
202417M109424,2024,17M109424,2,9,0,-1,19,6,2,-1,0,0,0,0,0,0,4,1,-1,2,1,61,9,-1,-1,-1,-1,9,E01035185,0,4
2024430004994,2024,430004994,1,9,0,18,19,3,7,0,0,3,0,0,3,2,1,1,6,6,2,79,11,-1,-1,-1,-1,10,E01017924,0,1