collision_index,collision_year,collision_ref_no,vehicle_reference,vehicle_type,towing_and_articulation,vehicle_manoeuvre_historic,vehicle_manoeuvre,vehicle_direction_from,vehicle_direction_to,vehicle_location_restricted_lane_historic,vehicle_location_restricted_lane,junction_location,skidding_and_overturning,hit_object_in_carriageway,vehicle_leaving_carriageway,hit_object_off_carriageway,first_point_of_impact,vehicle_left_hand_drive,journey_purpose_of_driver_historic,journey_purpose_of_driver,sex_of_driver,age_of_driver,age_band_of_driver,engine_capacity_cc,propulsion_code,age_of_vehicle,generic_make_model,driver_imd_decile,lsoa_of_driver,escooter_flag,driver_distance_banding
2024221493790,2024,221493790,1,9,0,-1,13,8,3,-1,0,0,0,0,0,0,1,9,-1,2,2,48,8,-1,-1,-1,-1,4,E01029005,0,1
2024430350487,2024,430350487,1,9,0,18,19,4,8,0,0,8,0,0,1,7,1,1,6,6,2,67,10,-1,-1,-1,-1,6,E01032728,0,1
2024061474462,2024,061474462,2,1,-1,-1,-1,-1,-1,-1,-1,0,-1,-1,-1,0,-1,1,-1,6,3,-1,-1,-1,-1,-1,-1,-1,-1,0,-1
2024010489213,2024,010489213,2,11,9,99,99,9,9,99,99,9,9,99,9,99,9,1,6,6,2,39,7,-1,-1,-1,-1,3,E01001980,0,3
2024010525597,2024,010525597,2,9,0,2,2,9,9,99,99,0,9,99,9,99,9,9,6,6,3,-1,-1,-1,-1,-1,-1,-1,-1,0,-1
2024440166020,2024,440166020,1,1,0,18,19,7,3,9,9,0,0,0,0,0,0,1,6,6,1,11,3,-1,-1,-1,-1,9,E01022667,0,1
2024421484541,2024,421484541,2,5,0,-1,19,7,3,-1,0,8,0,0,0,0,1,1,-1,6,1,59,9,-1,-1,-1,-1,2,E01015875,0,1
2024421409957,2024,421409957,1,9,0,-1,12,3,7,-1,0,0,0,0,0,0,0,1,-1,6,-1,24,5,-1,-1,-1,-1,-1,-1,0,-1
2024010510244,2024,010510244,2,1,0,18,19,3,7,0,0,1,0,0,0,0,1,1,6,6,1,53,8,-1,-1,-1,-1,9,E01021748,0,3
2024371479515,2024,371479515,1,98,-1,-1,19,3,7,-1,0,0,0,0,0,0,0,1,-1,6,3,-1,-1,-1,-1,-1,-1,-1,-1,0,-1
2024221519132,2024,221519132,1,9,0,-1,19,3,7,-1,0,0,0,0,0,0,1,9,-1,6,3,45,7,-1,-1,-1,-1,-1,-1,0,-1
2024010494989,2024,010494989,1,19,0,12,12,1,5,0,0,8,0,0,0,0,0,1,6,6,3,-1,-1,-1,-1,-1,-1,-1,-1,0,-1
2024010547689,2024,010547689,1,9,9,99,99,9,9,99,99,9,9,99,9,99,1,9,6,6,3,-1,-1,-1,-1,-1,-1,-1,-1,0,-1
2024010489792,2024,010489792,2,1,0,9,9,7,5,0,0,1,0,0,0,0,1,1,2,2,2,50,8,-1,-1,-1,-1,10,E01000878,0,1
2024010513338,2024,010513338,1,1,9,99,99,9,9,99,99,9,9,99,9,99,1,1,2,2,1,24,5,-1,-1,-1,-1,8,E01034448,0,4
2024451494777,2024,451494777,2,9,0,-1,99,5,1,-1,0,0,0,0,0,0,1,1,-1,6,2,30,6,-1,-1,-1,-1,6,E01030631,0,4
2024010491573,2024,010491573,1,9,0,9,9,1,7,0,0,8,0,0,0,0,1,1,6,6,1,45,7,-1,-1,-1,-1,1,E01001811,0,1
2024421541698,2024,421541698,2,1,-1,-1,19,-1,-1,-1,0,0,-1,-1,-1,0,2,1,-1,6,1,25,5,-1,-1,-1,-1,2,E01021486,0,1
2024010492176,2024,010492176,1,19,0,9,9,7,6,0,0,1,0,0,0,0,1,1,1,1,1,33,6,-1,-1,-1,-1,4,E01014353,0,5
2024520500287,2024,520500287,1,1,0,18,19,6,2,0,0,0,0,0,0,0,3,1,2,2,1,25,5,-1,-1,-1,-1,2,E01029105,0,1
2024411533955,2024,411533955,2,9,0,-1,3,7,1,-1,0,0,0,0,0,0,2,1,-1,2,1,46,8,-1,-1,-1,-1,8,E01015806,0,3
2024311420402,2024,311420402,2,1,0,-1,19,2,6,-1,0,0,5,0,1,10,3,1,-1,2,1,37,7,-1,-1,-1,-1,7,E01028100,0,1
2024332400614,2024,332400614,1,9,0,-1,9,1,8,-1,0,6,0,0,0,0,3,1,-1,6,1,50,8,-1,-1,-1,-1,4,E01013767,0,2
2024991413663,2024,991413663,2,9,0,-1,19,2,6,-1,0,1,0,0,7,11,4,1,-1,9,2,41,7,-1,-1,-1,-1,2,-1,0,1
2024340WN7342,2024,340WN7342,1,9,0,-1,12,1,5,-1,0,5,0,0,0,0,3,1,-1,6,2,62,9,-1,-1,-1,-1,-1,-1,0,-1
2024010492281,2024,010492281,2,9,0,13,13,3,7,0,0,8,0,0,0,0,1,1,6,6,3,-1,-1,-1,-1,-1,-1,-1,-1,0,-1
2024010492545,2024,010492545,2,8,0,-1,-1,1,5,0,0,1,0,0,0,0,4,1,6,6,1,43,7,-1,-1,-1,-1,5,E01002326,0,3
2024010525283,2024,010525283,2,23,0,5,5,1,5,0,0,1,0,0,0,0,1,1,6,6,1,26,6,-1,-1,-1,-1,8,E01023625,0,4
2024201499806,2024,201499806,1,17,4,-1,19,6,2,-1,0,0,0,0,0,0,4,1,-1,1,1,37,7,-1,-1,-1,-1,-1,-1,0,-1
2024010542856,2024,010542856,2,1,0,18,19,7,3,0,0,1,0,0,0,0,4,1,6,6,1,20,4,-1,-1,-1,-1,3,E01004400,0,1
2024201476095,2024,201476095,2,1,0,-1,19,8,4,-1,0,1,0,10,1,0,3,1,-1,2,1,37,7,-1,-1,-1,-1,1,E01008962,0,1
2024471451465,2024,471451465,2,1,0,-1,-1,-1,-1,-1,-1,0,-1,-1,-1,0,-1,1,-1,6,1,13,3,-1,-1,-1,-1,9,E01031458,0,1
2024201512242,2024,201512242,2,9,0,-1,4,4,2,-1,0,1,0,0,0,0,1,1,-1,9,2,36,7,-1,-1,-1,-1,-1,-1,0,-1
2024302401341,2024,302401341,1,9,0,18,19,4,8,0,0,2,0,0,0,0,1,1,6,6,2,22,5,-1,-1,-1,-1,9,E01010116,0,4
2024501511419,2024,501511419,1,90,9,-1,99,1,5,-1,0,8,9,99,0,0,9,9,-1,6,3,-1,-1,-1,-1,-1,-1,-1,-1,0,-1
2024340WN4042,2024,340WN4042,1,9,0,-1,5,5,1,-1,0,0,0,0,0,0,1,1,-1,9,1,39,7,-1,-1,-1,-1,7,E01033817,0,4
2024211494661,2024,211494661,1,90,0,-1,19,4,7,-1,0,0,1,0,1,4,1,1,-1,9,1,16,4,-1,-1,-1,-1,4,E01029817,0,1
2024010493498,2024,010493498,2,3,0,99,99,9,9,99,99,9,9,99,9,99,1,1,6,6,3,22,5,-1,-1,-1,-1,2,E01000525,0,1
2024552400353,2024,552400353,2,1,0,10,10,2,8,0,0,5,0,0,0,0,2,1,6,6,1,23,5,-1,-1,-1,-1,1,E01015384,0,1
2024010490127,2024,010490127,2,9,0,18,19,1,5,0,0,1,0,0,0,0,2,1,6,6,2,38,7,-1,-1,-1,-1,8,E01002163,0,1
2024320571800,2024,320571800,2,1,0,-1,-1,8,4,0,0,0,2,0,1,0,2,1,-1,-1,1,55,8,-1,-1,-1,-1,-1,-1,0,-1
2024131483248,2024,131483248,3,9,0,-1,19,5,1,-1,0,1,0,0,0,0,1,1,-1,6,3,-1,-1,-1,-1,-1,-1,-1,-1,0,-1
2024430626328,2024,430626328,2,9,0,18,19,-1,-1,0,0,4,0,0,0,0,1,1,6,6,1,-1,-1,-1,-1,-1,-1,-1,-1,0,-1
2024501495689,2024,501495689,2,22,0,-1,19,6,2,-1,0,0,5,0,0,0,0,1,-1,6,1,54,8,-1,-1,-1,-1,1,E01015046,0,1
2024010507336,2024,010507336,2,9,0,18,19,7,3,0,0,8,0,7,7,1,1,1,6,6,1,59,9,-1,-1,-1,-1,3,E01024169,0,1
2024501474022,2024,501474022,1,19,0,-1,7,1,3,-1,0,2,0,0,0,0,4,1,-1,6,1,48,8,-1,-1,-1,-1,1,E01020103,0,1
2024031485850,2024,031485850,1,4,5,-1,19,2,6,-1,0,0,5,0,0,0,4,1,-1,6,1,74,10,-1,-1,-1,-1,-1,-1,0,-1
2024052401422,2024,052401422,1,1,0,18,19,1,5,0,0,6,0,0,0,0,1,1,6,6,1,40,7,-1,-1,-1,-1,1,E01006871,0,1
2024501470995,2024,501470995,1,9,0,-1,5,8,4,-1,0,2,0,0,0,0,4,2,-1,2,2,52,8,-1,-1,-1,-1,5,E01015237,0,1
2024340NN4252,2024,340NN4252,1,99,0,-1,1,1,5,-1,0,0,0,0,0,0,2,1,-1,6,3,-1,-1,-1,-1,-1,-1,-1,-1,0,-1
2024010491195,2024,010491195,1,3,0,3,3,5,1,0,0,6,0,10,1,2,2,1,2,2,1,37,7,-1,-1,-1,-1,5,E01000995,0,1
2024010547653,2024,010547653,2,1,0,18,19,3,7,0,0,8,0,0,0,0,3,1,4,7,1,16,4,-1,-1,-1,-1,8,E01001521,0,2
2024010547284,2024,010547284,2,1,0,18,19,1,5,0,0,2,0,0,0,0,1,1,1,1,1,16,4,-1,-1,-1,-1,7,E01000304,0,2
2024421518184,2024,421518184,2,9,-1,-1,3,-1,-1,-1,0,0,0,0,0,0,2,9,-1,6,2,23,5,-1,-1,-1,-1,10,E01035587,0,4
2024221474836,2024,221474836,1,9,0,-1,19,7,3,-1,0,8,0,0,0,0,1,1,-1,9,2,81,11,-1,-1,-1,-1,2,E01014048,0,3
2024131478420,2024,131478420,1,90,0,-1,19,7,3,-1,0,0,0,0,0,0,3,1,-1,6,1,-1,-1,-1,-1,-1,-1,-1,-1,0,-1
2024211472645,2024,211472645,1,1,0,-1,19,3,7,-1,0,1,0,0,0,0,1,1,-1,9,1,29,6,-1,-1,-1,-1,1,E01014275,0,1
2024522402099,2024,522402099,2,1,0,9,9,8,6,0,0,6,0,0,0,0,2,1,6,6,1,40,7,-1,-1,-1,-1,9,E01035230,0,2
2024122400813,2024,122400813,2,1,0,18,19,7,3,0,0,0,0,0,0,0,2,1,6,6,3,-1,-1,-1,-1,-1,-1,-1,-1,0,-1
2024421525782,2024,421525782,1,9,0,-1,7,8,3,-1,0,3,0,0,0,0,1,1,-1,9,1,47,8,-1,-1,-1,-1,8,E01021717,0,1
2024161479560,2024,161479560,1,1,0,-1,3,4,8,-1,0,0,0,0,0,0,1,1,-1,9,2,43,7,-1,-1,-1,-1,8,E01011169,0,5
2024311509570,2024,311509570,2,1,0,-1,19,1,5,-1,0,8,0,0,0,0,1,1,-1,9,2,21,5,-1,-1,-1,-1,4,E01035507,0,1
2024421503637,2024,421503637,3,-1,0,-1,19,5,1,-1,9,8,0,0,0,0,1,1,-1,9,2,14,3,-1,-1,-1,-1,9,E01022074,1,1
2024201438897,2024,201438897,1,9,0,-1,3,3,7,-1,0,0,0,0,0,0,2,1,-1,6,1,52,8,-1,-1,-1,-1,1,E01010283,0,1
2024471501541,2024,471501541,2,1,0,-1,13,1,5,-1,0,0,0,0,0,0,1,1,-1,6,1,-1,-1,-1,-1,-1,-1,2,E01016905,0,1
2024010531644,2024,010531644,2,19,0,99,99,9,9,99,99,9,9,99,9,99,9,9,6,6,3,-1,-1,-1,-1,-1,-1,-1,-1,0,-1
2024461408490,2024,461408490,1,-1,0,-1,19,7,3,-1,9,0,0,0,0,0,1,1,-1,9,1,40,7,-1,-1,-1,-1,3,E01024695,1,1
2024421467254,2024,421467254,2,1,0,-1,19,7,3,-1,0,1,0,0,0,0,2,1,-1,9,1,56,9,-1,-1,-1,-1,10,E01021893,0,2
2024010531161,2024,010531161,1,1,9,99,99,9,9,99,99,9,9,99,9,99,1,1,2,2,1,36,7,-1,-1,-1,-1,2,E01003313,0,2
2024061528903,2024,061528903,1,9,0,-1,19,-1,-1,-1,0,2,0,0,0,0,3,1,-1,6,2,78,11,-1,-1,-1,-1,10,E01005883,0,2
2024070533546,2024,070533546,2,4,0,13,13,5,1,0,0,1,0,0,0,0,1,1,6,6,1,17,4,-1,-1,-1,-1,-1,-1,0,-1
2024061493399,2024,061493399,2,1,0,-1,19,1,5,-1,0,1,0,0,0,0,1,1,-1,6,1,61,9,-1,-1,-1,-1,10,E01004951,0,1
2024010490212,2024,010490212,2,9,0,18,19,5,1,0,0,0,0,0,0,0,1,1,6,6,2,49,8,-1,-1,-1,-1,3,E01021811,0,3
2024122401235,2024,122401235,2,1,0,18,19,7,3,0,0,1,0,0,0,0,4,1,1,1,1,43,7,-1,-1,-1,-1,4,E01013390,0,1
2024501475311,2024,501475311,1,1,0,-1,19,2,6,-1,0,2,2,0,0,0,4,1,-1,9,2,66,10,-1,-1,-1,-1,3,E01018838,0,4
202417H105924,2024,17H105924,2,1,0,-1,19,7,3,-1,0,6,0,0,0,0,1,1,-1,9,1,16,4,-1,-1,-1,-1,2,E01032541,0,1
2024052402622,2024,052402622,1,19,0,5,5,7,3,0,0,0,0,0,0,0,3,1,6,6,1,-1,-1,-1,-1,-1,-1,-1,-1,0,-1
2024131437142,2024,131437142,1,9,0,-1,-1,-1,-1,-1,-1,-1,-1,-1,-1,-1,-1,1,-1,6,3,-1,-1,-1,-1,-1,-1,-1,-1,0,-1
2024501486774,2024,501486774,2,9,0,-1,19,1,5,-1,0,8,1,0,0,0,3,1,-1,6,2,18,4,-1,-1,-1,-1,5,E01022227,0,5
2024430068102,2024,430068102,1,9,0,18,19,4,7,0,0,0,0,0,0,0,1,-1,6,6,1,22,5,-1,-1,-1,-1,-1,-1,0,-1
2024451400214,2024,451400214,1,9,0,-1,19,5,1,-1,0,0,0,0,0,0,1,1,-1,2,1,59,9,-1,-1,-1,-1,8,E01030567,0,1
2024501522633,2024,501522633,2,21,1,-1,3,4,8,-1,0,0,0,0,1,0,2,1,-1,1,1,51,8,-1,-1,-1,-1,8,E01027688,0,5
2024010542788,2024,010542788,1,9,5,99,99,9,9,0,0,8,0,0,0,0,1,9,6,6,3,-1,-1,-1,-1,-1,-1,-1,-1,0,-1
2024211469658,2024,211469658,2,9,0,-1,19,8,4,-1,0,1,0,0,0,0,1,1,-1,1,1,34,6,-1,-1,-1,-1,3,E01010396,0,4
2024451459800,2024,451459800,1,9,0,-1,19,3,7,-1,9,1,0,0,0,0,1,9,-1,6,3,25,5,-1,-1,-1,-1,-1,-1,0,-1
2024010491035,2024,010491035,2,9,0,99,99,9,9,99,99,9,9,99,9,99,9,9,6,6,3,-1,-1,-1,-1,-1,-1,-1,-1,0,-1
2024991521212,2024,991521212,1,9,0,-1,5,7,1,-1,4,1,0,0,0,0,1,1,-1,2,1,54,8,-1,-1,-1,-1,10,-1,0,1
2024010524014,2024,010524014,2,1,0,18,19,1,5,4,4,0,0,4,0,0,0,1,6,6,2,25,5,-1,-1,-1,-1,4,E01002057,0,1
2024421509299,2024,421509299,2,1,0,-1,-1,-1,-1,-1,-1,0,-1,-1,-1,0,-1,1,-1,6,1,57,9,-1,-1,-1,-1,9,E01021395,0,1
2024041536914,2024,041536914,2,9,0,-1,9,5,3,-1,0,8,0,0,0,0,3,1,-1,9,2,33,6,-1,-1,-1,-1,8,E01025010,0,1
2024010499425,2024,010499425,2,9,0,99,99,9,9,99,99,9,9,99,9,99,1,9,6,6,3,-1,-1,-1,-1,-1,-1,-1,-1,0,-1
2024052400659,2024,052400659,2,1,0,18,19,9,9,0,0,5,0,99,9,99,1,1,6,6,1,15,3,-1,-1,-1,-1,1,E01006662,0,1
2024351502035,2024,351502035,1,11,-1,-1,-1,-1,-1,-1,-1,0,-1,-1,-1,0,-1,9,-1,2,2,49,8,-1,-1,-1,-1,7,E01018223,0,3
2024010492466,2024,010492466,1,9,0,99,99,9,9,99,99,9,9,99,9,99,9,9,6,6,2,33,6,-1,-1,-1,-1,5,E01002652,0,1
2024411510256,2024,411510256,2,1,0,-1,9,3,5,-1,0,8,0,0,0,0,4,1,-1,9,1,65,9,-1,-1,-1,-1,9,E01023477,0,1
2024010521491,2024,010521491,2,1,0,18,19,5,1,0,0,0,0,4,0,0,1,1,1,1,1,29,6,-1,-1,-1,-1,4,E01001285,0,1
2024010496957,2024,010496957,1,9,0,7,7,5,7,0,0,2,0,0,0,0,0,1,3,7,1,43,7,-1,-1,-1,-1,9,E01002116,0,1
2024351452116,2024,351452116,2,9,0,-1,19,8,4,-1,0,0,0,0,0,0,3,1,-1,6,2,41,7,-1,-1,-1,-1,10,E01026356,0,4
2024302401672,2024,302401672,2,-1,0,-1,19,5,8,-1,0,8,0,0,0,0,3,1,-1,6,1,18,4,-1,-1,-1,-1,1,E01013487,1,1
2024010535630,2024,010535630,1,1,9,99,99,9,9,99,99,9,9,99,9,99,9,1,6,6,1,27,6,-1,-1,-1,-1,4,E01003096,0,1
2024340WN2262,2024,340WN2262,1,-1,0,-1,19,2,6,-1,0,1,0,0,0,0,1,1,-1,6,2,-1,-1,-1,-1,-1,-1,-1,-1,1,-1
2024501510504,2024,501510504,1,9,0,-1,19,6,2,-1,0,0,1,0,0,0,2,9,-1,6,1,63,9,-1,-1,-1,-1,-1,-1,0,-1
2024010497625,2024,010497625,1,9,0,18,19,1,5,0,0,1,0,0,0,0,1,1,6,6,3,-1,-1,-1,-1,-1,-1,-1,-1,0,-1
2024501535816,2024,501535816,1,1,0,-1,3,5,1,-1,0,0,0,0,0,0,1,1,-1,6,1,54,8,-1,-1,-1,-1,5,E01018837,0,2
2024010488876,2024,010488876,2,19,0,2,2,0,0,6,6,0,0,0,0,0,2,1,6,6,3,-1,-1,-1,-1,-1,-1,-1,-1,0,-1
2024052401476,2024,052401476,1,9,0,10,10,5,3,0,0,8,0,0,0,0,2,1,6,6,3,-1,-1,-1,-1,-1,-1,-1,-1,0,-1
2024010494869,2024,010494869,2,5,0,18,19,1,5,0,0,1,0,0,0,0,1,1,1,1,1,25,5,-1,-1,-1,-1,9,E01017603,0,4
2024010490410,2024,010490410,2,9,0,2,2,0,0,0,0,2,0,0,0,0,1,1,6,6,3,-1,-1,-1,-1,-1,-1,-1,-1,0,-1
2024411423525,2024,411423525,1,9,0,-1,19,7,3,-1,0,1,0,0,0,0,1,1,-1,9,1,20,4,-1,-1,-1,-1,8,W01001959,0,5
2024320325239,2024,320325239,1,19,0,1,1,1,5,0,0,0,0,0,0,0,2,1,1,1,1,54,8,-1,-1,-1,-1,4,E01026190,0,2
2024010496975,2024,010496975,1,9,0,99,99,9,9,99,99,9,9,99,9,99,2,9,6,6,2,54,8,-1,-1,-1,-1,6,E01032789,0,1
2024302401357,2024,302401357,2,1,0,18,19,1,5,0,0,0,0,0,0,0,3,1,6,6,1,21,5,-1,-1,-1,-1,3,E01013513,0,2
2024471412852,2024,471412852,2,1,0,-1,7,7,1,-1,0,1,0,0,0,0,0,1,-1,2,1,53,8,-1,-1,-1,-1,4,E01031791,0,1
2024520001460,2024,520001460,2,9,0,18,19,6,3,0,0,1,0,0,0,0,1,1,6,6,3,-1,-1,-1,-1,-1,-1,-1,-1,0,-1
2024010487101,2024,010487101,1,9,5,18,19,1,5,0,0,8,5,0,0,0,1,1,6,6,3,-1,-1,-1,-1,-1,-1,-1,-1,0,-1
2024010521254,2024,010521254,1,1,9,99,99,9,9,99,99,9,9,99,9,99,0,1,6,6,1,14,3,-1,-1,-1,-1,4,E01001514,0,1
2024010506793,2024,010506793,2,9,0,18,19,7,3,99,99,9,9,99,9,99,1,1,6,6,3,-1,-1,-1,-1,-1,-1,3,E01000094,0,2
2024052402383,2024,052402383,2,1,0,18,19,6,2,0,0,1,0,0,0,0,4,1,6,6,1,13,3,-1,-1,-1,-1,1,E01006467,0,1
2024010498906,2024,010498906,1,1,0,18,19,2,6,0,0,8,0,0,0,0,2,1,4,7,2,24,5,-1,-1,-1,-1,2,E01035708,0,1
2024351506954,2024,351506954,1,9,0,-1,99,1,5,-1,5,6,0,99,0,0,1,9,-1,6,1,49,8,-1,-1,-1,-1,6,E01017949,0,2
2024451464469,2024,451464469,2,1,0,-1,19,5,1,-1,0,0,0,0,0,0,3,1,-1,9,1,58,9,-1,-1,-1,-1,8,E01031664,0,4
2024010492367,2024,010492367,2,9,0,99,99,9,9,99,99,6,9,99,9,99,9,9,6,6,3,-1,-1,-1,-1,-1,-1,-1,-1,0,-1
2024311427937,2024,311427937,1,99,0,-1,19,-1,-1,-1,0,0,0,0,0,0,-1,1,-1,6,1,-1,-1,-1,-1,-1,-1,-1,-1,0,-1
2024122400033,2024,122400033,1,9,0,9,9,8,4,0,0,2,0,0,0,0,3,1,2,2,2,46,8,-1,-1,-1,-1,5,E01027796,0,2
2024531502695,2024,531502695,1,9,0,-1,5,3,7,-1,0,8,1,0,0,0,3,1,-1,1,1,31,6,-1,-1,-1,-1,5,E01022312,0,3
2024061441833,2024,061441833,1,97,0,-1,19,7,3,-1,0,0,5,10,0,0,4,1,-1,6,-1,-1,-1,-1,-1,-1,-1,-1,-1,0,-1
2024010496051,2024,010496051,1,3,0,99,99,9,9,99,99,9,9,99,9,99,9,1,2,2,1,20,4,-1,-1,-1,-1,6,E01021344,0,4
2024010540613,2024,010540613,1,9,0,18,19,7,3,0,0,8,0,0,0,0,1,1,6,6,3,-1,-1,-1,-1,-1,-1,-1,-1,0,-1
2024401522698,2024,401522698,2,99,0,-1,5,2,6,-1,0,6,0,0,0,0,1,9,-1,6,3,-1,-1,-1,-1,-1,-1,-1,-1,0,-1
2024231496345,2024,231496345,1,9,0,-1,13,5,1,-1,0,0,1,0,7,10,3,1,-1,6,1,39,7,-1,-1,-1,-1,9,E01031315,0,1
2024520401088,2024,520401088,1,9,0,9,9,7,5,0,0,1,0,0,0,0,3,1,6,6,2,87,11,-1,-1,-1,-1,5,E01029180,0,2
2024010490483,2024,010490483,2,9,0,99,99,9,9,99,99,9,9,99,9,99,9,9,6,6,3,-1,-1,-1,-1,-1,-1,5,E01002611,0,2
2024010500750,2024,010500750,1,1,9,99,99,9,9,99,99,9,9,99,9,99,1,1,3,7,2,41,7,-1,-1,-1,-1,10,E01003879,0,1
2024010487746,2024,010487746,3,9,0,2,2,0,0,0,0,0,0,0,0,0,4,1,6,6,3,-1,-1,-1,-1,-1,-1,-1,-1,0,-1
2024520002559,2024,520002559,2,1,0,18,19,4,8,0,0,8,0,0,0,0,1,1,6,6,1,42,7,-1,-1,-1,-1,10,E01014477,0,1
2024010494723,2024,010494723,1,11,0,8,8,5,6,3,2,1,0,0,0,0,0,1,1,1,1,52,8,-1,-1,-1,-1,3,E01034204,0,2
2024401400040,2024,401400040,2,9,0,-1,19,5,1,-1,0,0,0,0,0,0,1,1,-1,9,1,-1,-1,-1,-1,-1,-1,-1,-1,0,-1
2024070268835,2024,070268835,1,9,0,18,19,1,5,0,0,0,0,6,0,10,2,1,6,6,1,25,5,-1,-1,-1,-1,8,E01018443,0,2
2024430249352,2024,430249352,2,1,0,18,19,7,3,0,0,2,0,0,1,11,3,1,6,6,2,30,6,-1,-1,-1,-1,2,E01000868,0,4
2024101472712,2024,101472712,2,9,0,-1,19,2,6,-1,0,8,0,0,0,0,4,1,-1,6,2,30,6,-1,-1,-1,-1,10,E01033714,0,4
2024201400906,2024,201400906,2,9,0,-1,10,2,6,-1,0,1,0,0,0,0,2,1,-1,6,2,60,9,-1,-1,-1,-1,8,E01009794,0,1
2024131458478,2024,131458478,2,1,0,-1,13,3,7,-1,0,1,0,0,0,0,1,1,-1,9,1,51,8,-1,-1,-1,-1,3,E01011064,0,2
2024361428234,2024,361428234,1,9,0,-1,19,2,5,-1,0,0,0,0,0,0,1,1,-1,6,3,-1,-1,-1,-1,-1,-1,-1,-1,0,-1
2024010546190,2024,010546190,1,9,0,99,99,9,9,99,99,0,9,99,9,99,2,9,2,2,1,41,7,-1,-1,-1,-1,4,E01002814,0,1
202454A072224,2024,54A072224,2,1,0,13,13,6,2,0,0,1,5,0,0,0,3,1,6,6,2,35,6,-1,-1,-1,-1,9,E01032026,0,3
2024010494388,2024,010494388,1,19,0,18,19,7,3,0,0,8,0,0,0,0,1,1,2,2,1,36,7,-1,-1,-1,-1,-1,-1,0,-1
2024340NN3942,2024,340NN3942,1,9,0,-1,19,7,3,-1,0,0,1,0,7,0,3,1,-1,6,3,-1,-1,-1,-1,-1,-1,-1,-1,0,-1
2024161410530,2024,161410530,1,11,0,-1,19,2,6,-1,2,1,0,0,0,0,0,9,-1,1,3,-1,-1,-1,-1,-1,-1,-1,-1,0,-1
2024461531046,2024,461531046,1,9,0,-1,19,3,7,-1,0,0,0,0,0,0,1,9,-1,6,3,-1,-1,-1,-1,-1,-1,-1,-1,0,-1
2024332400139,2024,332400139,2,1,0,-1,19,5,1,-1,0,8,0,0,0,0,2,1,-1,6,1,59,9,-1,-1,-1,-1,8,E01025660,0,2
2024371547745,2024,371547745,1,9,0,-1,5,3,7,-1,0,0,0,0,0,0,0,9,-1,6,3,-1,-1,-1,-1,-1,-1,-1,-1,0,-1
2024631434185,2024,631434185,3,16,0,-1,19,3,7,-1,0,0,0,0,0,0,0,1,-1,9,2,14,3,-1,-1,-1,-1,4,W01000542,0,1
2024052400249,2024,052400249,1,9,0,18,19,1,5,0,0,1,0,0,0,0,1,1,6,6,3,-1,-1,-1,-1,-1,-1,-1,-1,0,-1
2024041425392,2024,041425392,1,17,0,-1,-1,-1,-1,-1,-1,0,-1,-1,-1,0,-1,9,-1,6,3,-1,-1,-1,-1,-1,-1,-1,-1,0,-1
2024010489402,2024,010489402,1,9,0,99,99,9,9,0,0,9,9,99,9,99,2,9,6,6,2,53,8,-1,-1,-1,-1,3,E01001546,0,1
2024010550616,2024,010550616,2,9,0,99,99,9,9,99,99,9,9,99,9,99,2,9,6,6,3,-1,-1,-1,-1,-1,-1,-1,-1,0,-1
2024141434929,2024,141434929,2,1,0,-1,19,2,6,-1,0,1,0,0,0,0,3,1,-1,6,1,79,11,-1,-1,-1,-1,10,E01007961,0,1
2024991408453,2024,991408453,1,9,0,-1,19,6,2,-1,0,0,0,0,0,0,1,1,-1,9,1,30,6,-1,-1,-1,-1,-1,-1,0,-1
2024501395654,2024,501395654,1,1,0,-1,19,5,1,-1,0,0,5,0,2,10,4,1,-1,6,2,52,8,-1,-1,-1,-1,6,E01020241,0,2
2024070885374,2024,070885374,2,1,0,-1,19,4,8,-1,0,1,0,0,0,0,1,1,-1,9,1,56,9,-1,-1,-1,-1,5,E01018504,0,1
2024332401114,2024,332401114,2,9,0,-1,19,8,4,-1,0,8,1,0,0,0,1,1,-1,1,1,38,7,-1,-1,-1,-1,10,E01025835,0,2
2024101440874,2024,101440874,2,90,4,-1,19,5,1,-1,0,0,0,0,0,0,1,1,-1,9,1,78,11,-1,-1,-1,-1,10,E01030476,0,5
2024332400196,2024,332400196,2,9,0,-1,19,2,6,-1,0,0,1,0,0,0,3,1,-1,6,1,-1,-1,-1,-1,-1,-1,2,E01013678,0,3
2024471412835,2024,471412835,2,1,0,-1,2,7,3,-1,9,1,0,0,0,0,4,1,-1,7,2,9,2,-1,-1,-1,-1,3,E01031811,0,1
2024010543268,2024,010543268,2,1,0,16,19,3,5,0,0,1,0,0,0,0,2,1,2,2,1,27,6,-1,-1,-1,-1,4,E01035686,0,1
2024461482882,2024,461482882,2,1,-1,-1,19,-1,-1,-1,9,1,0,0,-1,0,1,1,-1,6,1,-1,-1,-1,-1,-1,-1,9,E01024297,0,1
2024010491523,2024,010491523,2,9,0,99,99,9,9,99,99,9,9,99,9,99,1,9,6,6,3,-1,-1,-1,-1,-1,-1,3,E01001089,0,1
2024522402788,2024,522402788,2,9,0,18,19,1,5,0,0,1,0,0,0,0,1,1,6,6,3,-1,-1,-1,-1,-1,-1,-1,-1,0,-1
2024430038719,2024,430038719,2,11,0,18,19,3,7,0,0,1,0,0,0,0,1,1,6,6,1,-1,-1,-1,-1,-1,-1,-1,-1,0,-1
2024161450152,2024,161450152,2,1,0,-1,19,1,5,-1,0,6,2,0,0,0,4,1,-1,6,1,16,4,-1,-1,-1,-1,-1,-1,0,-1
2024201456419,2024,201456419,1,9,0,-1,7,7,1,-1,0,6,0,0,0,0,1,1,-1,6,1,35,6,-1,-1,-1,-1,-1,-1,0,-1
2024221471458,2024,221471458,2,9,0,-1,13,7,3,-1,0,0,0,0,0,0,3,1,-1,6,2,75,10,-1,-1,-1,-1,5,E01032428,0,1
2024010505975,2024,010505975,2,9,0,18,19,3,7,0,0,1,0,0,0,0,1,2,6,6,1,34,6,-1,-1,-1,-1,3,E01033862,0,1
2024131506883,2024,131506883,1,9,0,-1,9,3,1,-1,0,8,0,0,0,0,1,1,-1,9,2,31,6,-1,-1,-1,-1,4,E01011839,0,2