collision_index,collision_year,collision_ref_no,vehicle_reference,vehicle_type,towing_and_articulation,vehicle_manoeuvre_historic,vehicle_manoeuvre,vehicle_direction_from,vehicle_direction_to,vehicle_location_restricted_lane_historic,vehicle_location_restricted_lane,junction_location,skidding_and_overturning,hit_object_in_carriageway,vehicle_leaving_carriageway,hit_object_off_carriageway,first_point_of_impact,vehicle_left_hand_drive,journey_purpose_of_driver_historic,journey_purpose_of_driver,sex_of_driver,age_of_driver,age_band_of_driver,engine_capacity_cc,propulsion_code,age_of_vehicle,generic_make_model,driver_imd_decile,lsoa_of_driver,escooter_flag,driver_distance_banding
2024061446300,2024,061446300,1,9,0,-1,19,8,4,-1,0,0,1,0,0,0,1,1,-1,1,1,52,8,-1,-1,-1,-1,9,E01025022,0,4
2024010527742,2024,010527742,1,3,0,5,5,5,1,0,0,0,0,4,0,0,1,1,6,6,1,33,6,-1,-1,-1,-1,2,E01001911,0,1
2024351505020,2024,351505020,2,1,0,-1,-1,-1,-1,-1,-1,0,-1,-1,-1,0,1,1,-1,2,1,42,7,-1,-1,-1,-1,9,E01015635,0,2
2024052401027,2024,052401027,1,1,0,7,7,5,1,0,0,1,0,0,0,0,1,1,6,6,1,14,3,-1,-1,-1,-1,8,E01006827,0,1
2024361403984,2024,361403984,2,9,0,-1,5,8,2,-1,0,0,0,0,0,0,3,1,-1,7,2,28,6,-1,-1,-1,-1,9,E01026563,0,2
2024010540078,2024,010540078,1,3,0,18,19,8,4,0,0,8,0,0,0,0,1,1,6,6,3,-1,-1,-1,-1,-1,-1,-1,-1,0,-1
2024010506290,2024,010506290,2,1,9,99,99,9,9,99,99,9,9,99,9,99,9,1,6,6,1,-1,-1,-1,-1,-1,-1,9,E01001281,0,1
2024411458289,2024,411458289,3,90,0,-1,2,0,0,-1,0,0,0,0,0,0,0,1,-1,1,1,37,7,-1,-1,-1,-1,8,E01023753,0,2
2024201451097,2024,201451097,1,8,0,-1,19,2,6,-1,0,0,0,0,0,0,1,1,-1,1,1,53,8,-1,-1,-1,-1,-1,-1,0,-1
2024411518782,2024,411518782,1,98,-1,-1,-1,-1,-1,-1,-1,0,-1,-1,-1,0,-1,9,-1,6,3,-1,-1,-1,-1,-1,-1,-1,-1,0,-1
2024161476541,2024,161476541,2,9,0,-1,19,6,2,-1,0,0,0,0,0,0,3,1,-1,6,3,-1,-1,-1,-1,-1,-1,-1,-1,0,-1
2024371489342,2024,371489342,2,98,0,-1,19,4,1,-1,0,0,0,0,0,0,1,1,-1,6,2,33,6,-1,-1,-1,-1,3,E01026696,0,4
2024411543332,2024,411543332,1,98,-1,-1,9,1,5,-1,0,0,-1,-1,-1,0,-1,9,-1,6,3,-1,-1,-1,-1,-1,-1,-1,-1,0,-1
2024010501079,2024,010501079,2,1,0,18,19,1,5,0,0,1,0,0,0,0,1,1,6,6,2,53,8,-1,-1,-1,-1,9,E01002991,0,1
2024430007630,2024,430007630,1,9,0,18,19,8,4,0,0,1,0,0,0,0,1,1,6,6,1,65,9,-1,-1,-1,-1,10,E01016668,0,1
2024481570190,2024,481570190,1,1,0,-1,19,7,3,-1,0,0,0,0,0,0,1,1,-1,2,1,49,8,-1,-1,-1,-1,-1,-1,0,-1
2024010548133,2024,010548133,2,9,0,99,99,9,9,99,99,9,9,99,9,99,1,9,6,6,3,-1,-1,-1,-1,-1,-1,-1,-1,0,-1
2024101484616,2024,101484616,4,9,0,-1,3,7,3,-1,0,1,0,0,0,0,0,9,-1,6,1,35,6,-1,-1,-1,-1,10,E01008497,0,2
2024101516624,2024,101516624,2,9,0,-1,15,7,3,-1,0,0,0,0,0,0,0,1,-1,6,2,56,9,-1,-1,-1,-1,5,E01027409,0,4
2024041433016,2024,041433016,1,9,0,-1,19,7,3,-1,0,0,0,0,0,0,1,1,-1,9,1,26,6,-1,-1,-1,-1,4,E01012607,0,1
2024010507095,2024,010507095,1,1,9,99,99,9,9,99,99,0,9,99,9,99,1,1,6,6,1,21,5,-1,-1,-1,-1,4,E01003210,0,1
2024311544900,2024,311544900,1,9,0,-1,19,2,6,-1,0,0,0,0,0,0,3,9,-1,6,3,20,4,-1,-1,-1,-1,-1,-1,0,-1
2024351441203,2024,351441203,2,98,0,-1,12,5,2,-1,0,3,0,0,0,0,1,2,-1,1,1,21,5,-1,-1,-1,-1,-1,-1,0,-1
2024451474516,2024,451474516,2,1,0,-1,19,7,3,-1,0,0,5,0,1,0,4,1,-1,2,1,45,7,-1,-1,-1,-1,6,E01030426,0,1
2024201452058,2024,201452058,1,9,0,-1,19,7,3,-1,0,0,0,0,0,0,1,9,-1,1,1,50,8,-1,-1,-1,-1,-1,-1,0,-1
2024221464943,2024,221464943,1,3,0,-1,19,1,6,-1,0,0,1,10,1,10,1,1,-1,6,1,18,4,-1,-1,-1,-1,8,E01032410,0,3
2024371441011,2024,371441011,1,9,0,-1,11,3,7,-1,0,0,2,0,0,0,4,1,-1,6,1,54,8,-1,-1,-1,-1,5,E01030138,0,4
2024531420943,2024,531420943,2,9,0,-1,19,3,7,-1,0,1,0,0,1,9,1,1,-1,2,1,73,10,-1,-1,-1,-1,7,E01022449,0,3
2024061402856,2024,061402856,1,9,0,-1,19,8,4,-1,0,0,0,0,0,0,1,1,-1,1,1,62,9,-1,-1,-1,-1,2,E01004969,0,2
2024101439233,2024,101439233,1,9,0,-1,19,2,6,-1,0,5,0,0,0,0,1,1,-1,6,3,-1,-1,-1,-1,-1,-1,-1,-1,0,-1
2024060847531,2024,060847531,1,9,0,-1,19,8,4,-1,0,0,0,0,1,9,3,1,-1,9,1,27,6,-1,-1,-1,-1,7,E01018670,0,3
2024311525964,2024,311525964,1,9,-1,-1,19,-1,-1,-1,0,0,-1,-1,-1,0,1,9,-1,6,1,41,7,-1,-1,-1,-1,-1,-1,0,-1
2024010493922,2024,010493922,2,19,0,2,2,0,0,0,0,6,0,0,0,0,1,2,6,6,3,-1,-1,-1,-1,-1,-1,-1,-1,0,-1
2024211513187,2024,211513187,2,9,0,-1,-1,-1,-1,-1,-1,-1,-1,-1,-1,0,-1,9,-1,6,3,40,7,-1,-1,-1,-1,-1,-1,0,-1
2024302401134,2024,302401134,1,9,0,18,19,2,6,0,0,0,0,0,0,0,1,1,6,6,3,-1,-1,-1,-1,-1,-1,5,E01019456,0,3
2024421436534,2024,421436534,2,1,0,-1,19,1,5,-1,0,0,0,0,0,0,4,1,-1,2,1,26,6,-1,-1,-1,-1,5,E01021664,0,1
2024161473833,2024,161473833,2,17,4,-1,9,3,1,-1,0,5,0,0,0,0,3,9,-1,1,1,47,8,-1,-1,-1,-1,-1,-1,0,-1
2024041499275,2024,041499275,1,1,0,-1,7,1,5,-1,0,0,0,0,1,0,1,1,-1,9,1,29,6,-1,-1,-1,-1,4,E01025288,0,1
2024231460284,2024,231460284,1,9,0,-1,19,6,2,-1,0,0,0,0,0,0,0,9,-1,6,3,38,7,-1,-1,-1,-1,-1,-1,0,-1
2024201442133,2024,201442133,1,9,0,-1,9,2,8,-1,0,6,0,0,0,0,1,1,-1,6,2,-1,-1,-1,-1,-1,-1,-1,-1,0,-1
2024010526580,2024,010526580,1,9,0,9,9,1,7,0,0,8,0,0,0,0,1,1,6,6,1,25,5,-1,-1,-1,-1,5,E01002162,0,1
2024320403727,2024,320403727,1,1,0,-1,-1,5,1,0,0,2,5,0,1,10,3,1,6,6,1,19,4,-1,-1,-1,-1,6,E01026020,0,2
2024010512008,2024,010512008,2,1,0,5,5,7,3,0,0,2,0,0,0,0,3,1,6,6,1,41,7,-1,-1,-1,-1,4,E01001723,0,2
2024201399587,2024,201399587,1,19,0,-1,19,5,8,-1,0,0,0,0,0,0,1,9,-1,6,2,-1,-1,-1,-1,-1,-1,-1,-1,0,-1
2024201465013,2024,201465013,3,8,0,-1,19,5,1,-1,0,0,0,0,0,0,0,1,-1,1,3,-1,-1,-1,-1,-1,-1,-1,-1,0,-1
2024411415306,2024,411415306,1,1,-1,-1,5,8,4,-1,0,2,0,0,0,0,2,1,-1,9,1,46,8,-1,-1,-1,-1,10,E01023568,0,1
2024061398684,2024,061398684,1,9,0,-1,19,1,5,-1,0,0,0,0,0,0,3,1,-1,6,3,-1,-1,-1,-1,-1,-1,-1,-1,0,-1
2024991485826,2024,991485826,1,9,0,-1,5,1,5,-1,0,0,0,0,7,0,1,1,-1,9,1,77,11,-1,-1,-1,-1,2,-1,0,4
2024010496190,2024,010496190,1,1,9,99,99,9,9,99,99,9,9,99,9,99,1,1,1,1,1,33,6,-1,-1,-1,-1,4,E01002624,0,3
2024010504338,2024,010504338,1,5,0,18,19,3,7,0,0,0,0,0,5,2,4,1,2,2,2,37,7,-1,-1,-1,-1,6,E01002331,0,3
2024010498468,2024,010498468,1,9,0,5,5,7,3,0,0,1,0,0,0,0,3,1,6,6,2,36,7,-1,-1,-1,-1,8,E01000347,0,1
2024010494902,2024,010494902,1,3,0,99,99,9,9,99,99,9,9,99,9,99,9,1,6,6,1,36,7,-1,-1,-1,-1,6,E01003703,0,3
2024061487653,2024,061487653,2,9,0,-1,19,4,1,-1,0,8,0,0,0,0,1,1,-1,6,1,37,7,-1,-1,-1,-1,2,E01006380,0,2
2024991424212,2024,991424212,1,97,0,-1,19,4,8,-1,0,1,0,0,0,0,3,1,-1,6,1,21,5,-1,-1,-1,-1,1,-1,0,2
2024010535824,2024,010535824,1,4,0,18,19,5,1,0,0,1,5,0,0,0,1,1,6,6,1,29,6,-1,-1,-1,-1,6,E01000161,0,1
2024430267031,2024,430267031,2,1,0,13,13,5,1,0,0,0,0,0,0,0,1,1,6,6,1,39,7,-1,-1,-1,-1,2,E01028520,0,2
2024430424009,2024,430424009,1,1,0,18,19,7,3,0,0,4,0,0,0,0,1,1,6,6,1,35,6,-1,-1,-1,-1,6,E01017809,0,1
2024531475434,2024,531475434,1,9,0,-1,19,3,7,-1,0,0,0,0,0,0,1,1,-1,6,3,-1,-1,-1,-1,-1,-1,-1,-1,0,-1
2024111412382,2024,111412382,1,9,0,-1,9,7,5,-1,0,8,0,0,0,0,1,1,-1,6,3,30,6,-1,-1,-1,-1,-1,-1,0,-1
2024010490504,2024,010490504,2,9,0,99,99,9,9,99,99,0,9,99,9,99,9,9,6,6,3,-1,-1,-1,-1,-1,-1,-1,-1,0,-1
2024411538233,2024,411538233,1,9,0,-1,99,-1,-1,-1,0,1,0,0,0,0,9,1,-1,9,1,-1,-1,-1,-1,-1,-1,-1,-1,0,-1
2024211516718,2024,211516718,2,9,0,-1,8,1,3,-1,0,1,0,0,0,0,4,2,-1,6,2,52,8,-1,-1,-1,-1,4,E01029462,0,1
2024010530180,2024,010530180,1,1,9,99,99,9,9,99,99,9,9,99,9,99,9,1,2,2,1,24,5,-1,-1,-1,-1,5,E01004631,0,1
2024010495880,2024,010495880,1,9,0,18,19,7,3,0,0,4,1,0,0,0,4,1,6,6,1,30,6,-1,-1,-1,-1,7,E01000778,0,3
2024031454802,2024,031454802,2,19,0,-1,7,5,3,-1,0,0,0,0,0,0,1,1,-1,6,1,17,4,-1,-1,-1,-1,-1,-1,0,-1
2024201405420,2024,201405420,1,9,0,-1,9,8,6,-1,0,6,0,0,0,0,1,1,-1,6,2,35,6,-1,-1,-1,-1,-1,-1,0,-1
202460Q096990,2024,60Q096990,1,9,0,18,19,6,2,0,0,2,0,0,0,0,1,1,6,6,3,-1,-1,-1,-1,-1,-1,-1,-1,0,-1
2024122400867,2024,122400867,1,9,0,2,2,0,0,0,0,0,0,0,0,0,1,1,6,6,2,50,8,-1,-1,-1,-1,9,-1,0,5
2024991502853,2024,991502853,1,1,0,-1,19,2,6,-1,0,0,5,0,0,0,1,1,-1,1,1,43,7,-1,-1,-1,-1,6,-1,0,2
2024052402429,2024,052402429,1,4,0,18,19,6,2,0,0,0,0,0,0,0,3,1,6,6,1,41,7,-1,-1,-1,-1,1,E01006448,0,1
2024071066481,2024,071066481,1,9,0,-1,10,5,2,-1,0,1,0,0,0,0,3,1,-1,6,2,28,6,-1,-1,-1,-1,10,W01000324,0,3
2024031492199,2024,031492199,1,1,0,-1,9,7,4,-1,0,1,0,0,0,0,4,1,-1,9,1,13,3,-1,-1,-1,-1,4,E01019359,0,1
2024141435762,2024,141435762,1,9,0,-1,8,1,3,-1,0,4,0,0,0,0,2,1,-1,6,2,49,8,-1,-1,-1,-1,4,E01034247,0,1
2024061534155,2024,061534155,2,-1,0,-1,19,5,1,-1,0,8,0,0,0,0,3,1,-1,6,1,19,4,-1,-1,-1,-1,-1,-1,0,-1
2024131453288,2024,131453288,2,1,0,-1,19,7,3,-1,0,8,0,0,0,0,1,1,-1,6,1,30,6,-1,-1,-1,-1,1,E01011493,0,1
2024332401256,2024,332401256,1,9,0,-1,9,1,7,-1,0,5,0,0,0,0,4,1,-1,9,1,54,8,-1,-1,-1,-1,10,E01025769,0,1
2024010491089,2024,010491089,1,9,0,17,19,1,5,0,0,4,5,10,0,0,4,1,6,6,2,75,10,-1,-1,-1,-1,8,E01003004,0,1
2024122500024,2024,122500024,2,1,0,18,19,1,5,0,0,8,0,0,0,0,0,1,6,6,1,52,8,-1,-1,-1,-1,7,E01027587,0,3
2024471502149,2024,471502149,1,9,0,-1,19,7,3,-1,0,8,0,0,0,0,4,1,-1,9,1,71,10,-1,-1,-1,-1,10,E01031487,0,1
2024340NN0182,2024,340NN0182,2,9,0,-1,19,5,1,-1,0,8,0,0,7,11,4,1,-1,2,2,42,7,-1,-1,-1,-1,5,E01027114,0,1
2024010486863,2024,010486863,2,9,0,18,19,5,1,0,0,4,0,0,0,0,1,1,6,6,1,86,11,-1,-1,-1,-1,10,E01003824,0,1
2024010520043,2024,010520043,2,9,0,15,15,3,7,0,0,8,0,0,0,0,0,1,6,6,3,-1,-1,-1,-1,-1,-1,-1,-1,0,-1
2024231460948,2024,231460948,1,9,0,-1,5,7,4,-1,0,6,0,0,0,0,2,1,-1,9,2,82,11,-1,-1,-1,-1,5,E01028498,0,4
2024010550435,2024,010550435,2,9,0,99,99,9,9,99,99,9,9,99,9,99,9,9,6,6,3,-1,-1,-1,-1,-1,-1,-1,-1,0,-1
2024461497682,2024,461497682,2,97,0,-1,19,-1,-1,-1,0,0,0,0,0,0,1,1,-1,6,1,64,9,-1,-1,-1,-1,5,E01024703,0,1
2024332400972,2024,332400972,2,9,0,-1,19,1,5,-1,0,0,0,0,0,0,1,1,-1,6,3,-1,-1,-1,-1,-1,-1,-1,-1,0,-1
2024501505636,2024,501505636,2,9,0,-1,4,6,2,-1,0,0,0,0,0,0,2,1,-1,6,1,36,7,-1,-1,-1,-1,9,E01015108,0,1
2024201400394,2024,201400394,2,1,0,-1,5,6,2,-1,0,1,0,0,0,0,1,1,-1,1,1,35,6,-1,-1,-1,-1,-1,-1,0,-1
2024361493159,2024,361493159,1,11,-1,-1,-1,5,6,-1,-1,-1,-1,-1,-1,0,-1,9,-1,6,3,-1,-1,-1,-1,-1,-1,6,E01033539,0,4
2024161412481,2024,161412481,2,9,0,-1,19,3,7,-1,0,0,0,0,0,0,4,9,-1,6,3,-1,-1,-1,-1,-1,-1,-1,-1,0,-1
2024302400073,2024,302400073,1,9,0,16,19,4,8,0,0,0,1,0,0,0,3,1,6,6,1,40,7,-1,-1,-1,-1,8,E01019474,0,2
2024622400073,2024,622400073,1,9,0,9,9,8,6,0,0,6,0,0,0,0,1,1,6,6,1,34,6,-1,-1,-1,-1,8,W01000843,0,1
2024010492471,2024,010492471,2,19,0,9,9,5,2,0,0,1,0,0,0,0,1,1,3,7,1,40,7,-1,-1,-1,-1,6,E01004616,0,2
2024221486224,2024,221486224,2,1,0,-1,3,7,3,-1,0,0,0,0,0,0,2,1,-1,6,1,27,6,-1,-1,-1,-1,7,E01032319,0,1
2024522401944,2024,522401944,3,9,0,14,14,2,6,0,0,0,0,0,0,0,0,1,6,6,3,-1,-1,-1,-1,-1,-1,-1,-1,0,-1
2024010550572,2024,010550572,2,9,0,99,99,9,9,99,99,9,9,99,9,99,9,9,6,6,3,-1,-1,-1,-1,-1,-1,-1,-1,0,-1
2024430165301,2024,430165301,2,1,0,18,19,3,7,0,0,8,0,0,0,0,1,1,6,6,1,57,9,-1,-1,-1,-1,9,E01035729,0,2
2024161462309,2024,161462309,1,90,0,-1,10,4,2,-1,0,5,0,0,0,0,2,1,-1,6,2,41,7,-1,-1,-1,-1,10,E01012926,0,4
2024201495786,2024,201495786,3,97,0,-1,19,3,7,-1,0,1,0,0,0,0,1,1,-1,6,3,-1,-1,-1,-1,-1,-1,-1,-1,0,-1
2024552400078,2024,552400078,2,9,0,18,19,4,8,0,0,0,0,0,1,10,1,1,2,2,2,41,7,-1,-1,-1,-1,4,E01032645,0,4
2024010527586,2024,010527586,1,1,9,14,14,9,9,99,99,0,9,8,9,99,1,1,6,6,1,-1,-1,-1,-1,-1,-1,8,E01000702,0,1
2024010490395,2024,010490395,1,9,0,18,19,8,4,0,0,1,0,0,0,0,1,1,6,6,3,-1,-1,-1,-1,-1,-1,-1,-1,0,-1
2024041531194,2024,041531194,1,9,0,-1,19,-1,-1,-1,0,1,0,0,0,0,-1,9,-1,6,3,-1,-1,-1,-1,-1,-1,-1,-1,0,-1
2024991532184,2024,991532184,2,1,0,-1,19,7,3,-1,0,1,0,0,0,0,1,1,-1,2,2,29,6,-1,-1,-1,-1,-1,-1,0,-1
2024122500028,2024,122500028,2,16,0,18,19,8,4,0,0,0,0,0,0,0,3,1,6,6,2,51,8,-1,-1,-1,-1,7,E01027666,0,1
2024461405717,2024,461405717,2,90,0,-1,19,1,5,-1,0,8,0,0,0,0,1,1,-1,1,1,42,7,-1,-1,-1,-1,7,E01024740,0,1
2024010510627,2024,010510627,1,1,9,99,99,9,9,99,99,9,9,8,9,99,9,1,2,2,1,22,5,-1,-1,-1,-1,2,E01003057,0,2
2024101518929,2024,101518929,1,9,0,-1,-1,5,1,-1,-1,0,-1,-1,-1,0,-1,9,-1,6,1,-1,-1,-1,-1,-1,-1,-1,-1,0,-1
2024451509255,2024,451509255,1,1,0,-1,19,7,3,-1,0,0,0,0,0,0,1,1,-1,9,1,16,4,-1,-1,-1,-1,10,E01030561,0,1
2024501521098,2024,501521098,2,1,0,-1,9,2,8,-1,0,8,5,0,0,0,1,1,-1,6,2,56,9,-1,-1,-1,-1,4,E01020081,0,1
2024440348488,2024,440348488,2,23,0,18,19,6,2,0,0,1,0,0,0,0,4,1,1,1,1,39,7,-1,-1,-1,-1,3,E01017082,0,1
2024440316466,2024,440316466,2,19,0,4,4,2,6,0,0,0,0,0,0,0,2,1,2,2,1,72,10,-1,-1,-1,-1,10,E01020413,0,4
2024430513439,2024,430513439,2,4,0,18,19,8,4,0,0,8,0,0,0,0,1,1,6,6,1,28,6,-1,-1,-1,-1,-1,-1,0,-1
2024471422006,2024,471422006,2,1,0,-1,19,1,5,-1,0,8,0,0,0,0,3,1,-1,7,2,10,2,-1,-1,-1,-1,5,E01031570,0,1
2024010514416,2024,010514416,2,9,0,99,99,9,9,99,99,9,9,99,9,99,1,9,6,6,1,26,6,-1,-1,-1,-1,4,E01003969,0,1
2024221452565,2024,221452565,2,9,0,-1,3,5,1,-1,0,0,0,0,0,0,2,9,-1,6,1,65,9,-1,-1,-1,-1,-1,-1,0,-1
2024440492034,2024,440492034,1,1,0,9,9,8,6,0,0,1,0,0,0,0,3,1,6,6,1,18,4,-1,-1,-1,-1,8,E01023089,0,1
2024122400906,2024,122400906,2,1,0,18,19,5,1,0,0,0,0,0,0,0,2,1,2,2,1,54,8,-1,-1,-1,-1,7,E01027571,0,1
2024411471528,2024,411471528,1,9,-1,-1,5,3,7,-1,0,0,0,0,0,0,1,9,-1,6,3,-1,-1,-1,-1,-1,-1,-1,-1,0,-1
2024361500916,2024,361500916,3,9,0,-1,2,0,0,-1,0,0,0,0,0,0,2,1,-1,6,-1,-1,-1,-1,-1,-1,-1,-1,-1,0,-1
2024461408211,2024,461408211,1,8,0,-1,13,1,5,-1,0,0,0,0,0,0,0,9,-1,6,3,40,7,-1,-1,-1,-1,-1,-1,0,-1
2024010522174,2024,010522174,1,11,0,99,99,9,9,99,99,0,9,99,9,99,9,9,6,6,1,-1,-1,-1,-1,-1,-1,-1,-1,0,-1
2024501443295,2024,501443295,2,9,0,-1,2,0,0,-1,0,0,0,0,0,0,1,1,-1,6,-1,-1,-1,-1,-1,-1,-1,-1,-1,0,-1
2024070371237,2024,070371237,2,9,0,18,19,8,4,0,0,2,0,0,0,0,3,1,1,1,1,32,6,-1,-1,-1,-1,3,E01006916,0,3
2024010527988,2024,010527988,2,1,0,7,7,4,6,0,0,8,0,0,0,0,1,1,1,1,1,24,5,-1,-1,-1,-1,3,E01000853,0,1
2024461442455,2024,461442455,3,1,0,-1,19,1,3,-1,0,1,0,0,0,0,1,1,-1,9,1,13,3,-1,-1,-1,-1,1,E01024611,0,1
2024480544321,2024,480544321,2,1,0,3,3,3,7,2,2,9,0,0,9,0,2,1,1,1,1,29,6,-1,-1,-1,-1,3,E01003545,0,2
2024010497043,2024,010497043,1,11,0,5,5,3,7,0,0,3,0,0,0,0,0,1,1,1,1,22,5,-1,-1,-1,-1,3,E01000016,0,2
2024070450706,2024,070450706,1,19,0,17,19,8,3,0,0,0,0,0,0,0,4,1,6,6,1,-1,-1,-1,-1,-1,-1,-1,-1,0,-1
2024010513447,2024,010513447,1,9,0,99,99,9,9,99,99,9,9,99,9,99,9,9,6,6,3,-1,-1,-1,-1,-1,-1,-1,-1,0,-1
2024201431097,2024,201431097,1,-1,0,-1,19,3,7,-1,5,0,0,0,0,0,1,1,-1,6,3,21,5,-1,-1,-1,-1,-1,-1,1,-1
2024211522845,2024,211522845,1,9,0,-1,4,8,4,-1,0,1,0,0,0,0,1,1,-1,2,2,35,6,-1,-1,-1,-1,8,E01034098,0,3
2024430000857,2024,430000857,2,1,0,17,19,3,8,0,0,8,0,0,0,0,1,1,6,6,1,30,6,-1,-1,-1,-1,-1,-1,0,-1
2024440292019,2024,440292019,2,5,0,18,19,7,3,0,0,8,0,0,0,0,1,1,6,6,1,61,9,-1,-1,-1,-1,9,E01030781,0,4
2024010533912,2024,010533912,1,1,0,14,14,6,2,0,0,1,0,4,0,0,1,1,6,6,1,51,8,-1,-1,-1,-1,6,E01028550,0,4
2024010504410,2024,010504410,1,1,9,99,99,9,9,99,99,9,9,99,9,99,9,1,2,2,2,44,7,-1,-1,-1,-1,4,E01001197,0,1
2024311431538,2024,311431538,2,9,0,-1,19,5,1,-1,0,0,0,0,0,0,1,1,-1,9,1,86,11,-1,-1,-1,-1,9,E01007752,0,2
2024211470927,2024,211470927,2,9,0,-1,9,3,2,-1,0,1,0,0,0,0,1,9,-1,6,3,-1,-1,-1,-1,-1,-1,-1,-1,0,-1
2024547341624,2024,547341624,2,9,0,18,19,7,3,0,0,1,0,0,0,0,1,1,6,6,1,50,8,-1,-1,-1,-1,8,E01032701,0,1
2024991522472,2024,991522472,3,9,0,-1,19,7,3,-1,0,0,0,0,0,0,1,1,-1,2,1,25,5,-1,-1,-1,-1,-1,-1,0,-1
2024010534776,2024,010534776,2,1,0,16,19,1,5,0,0,1,0,0,0,0,1,1,6,6,2,30,6,-1,-1,-1,-1,4,E01002057,0,1
2024161536008,2024,161536008,1,1,0,-1,12,1,5,-1,0,3,0,0,0,0,3,1,-1,9,1,74,10,-1,-1,-1,-1,3,E01012899,0,1
2024610011624,2024,610011624,2,1,0,18,19,1,5,0,0,8,0,0,0,0,1,1,1,1,1,35,6,-1,-1,-1,-1,1,W01001661,0,1
2024211428734,2024,211428734,2,9,0,-1,19,4,7,-1,0,0,0,0,0,0,3,1,-1,1,1,63,9,-1,-1,-1,-1,8,E01027558,0,5
2024430207369,2024,430207369,1,1,0,18,19,8,4,0,0,0,0,0,0,0,0,1,6,6,1,39,7,-1,-1,-1,-1,9,E01035256,0,2
2024010533319,2024,010533319,1,9,0,18,19,5,1,0,0,0,0,0,0,0,4,1,6,6,3,-1,-1,-1,-1,-1,-1,-1,-1,0,-1
2024332401032,2024,332401032,2,1,0,-1,19,3,7,-1,4,8,0,0,0,0,1,1,-1,6,2,53,8,-1,-1,-1,-1,10,E01025814,0,2
2024201418735,2024,201418735,2,9,0,-1,19,8,4,-1,0,4,0,0,0,0,3,1,-1,6,2,26,6,-1,-1,-1,-1,4,E01009085,0,1
2024440495117,2024,440495117,2,1,0,18,19,5,1,0,0,1,0,0,0,0,3,1,4,7,1,16,4,-1,-1,-1,-1,5,E01017014,0,1
2024111464302,2024,111464302,2,1,0,-1,3,1,5,-1,0,4,0,0,0,0,2,1,-1,9,1,77,11,-1,-1,-1,-1,5,E01011968,0,3
202417H101624,2024,17H101624,1,1,0,-1,19,7,3,-1,0,8,0,0,0,0,1,1,-1,9,1,35,6,-1,-1,-1,-1,1,E01035188,0,1
2024544511524,2024,544511524,1,9,0,4,4,4,8,0,0,0,0,0,0,0,0,1,6,6,1,72,10,-1,-1,-1,-1,7,E01019387,0,5
2024010494563,2024,010494563,2,9,0,99,99,9,9,99,99,9,9,99,9,99,1,9,6,6,1,50,8,-1,-1,-1,-1,3,E01000011,0,2
2024302400849,2024,302400849,2,9,0,18,19,2,6,0,0,0,0,0,0,0,1,1,6,6,1,22,5,-1,-1,-1,-1,2,E01028271,0,1
2024440474781,2024,440474781,1,1,0,18,19,4,8,0,0,8,0,0,0,0,4,1,6,6,1,13,3,-1,-1,-1,-1,3,E01023058,0,1
2024211517855,2024,211517855,2,98,1,-1,19,8,4,-1,0,0,0,0,0,0,2,1,-1,1,1,-1,-1,-1,-1,-1,-1,-1,-1,0,-1
2024552400349,2024,552400349,1,9,0,9,9,4,2,0,0,5,0,0,0,0,1,1,6,6,2,78,11,-1,-1,-1,-1,5,E01024393,0,5
2024010495621,2024,010495621,2,8,0,99,99,9,9,99,99,9,9,99,9,99,1,9,6,6,3,-1,-1,-1,-1,-1,-1,2,E01002097,0,1
2024010542742,2024,010542742,1,8,0,99,99,9,9,99,99,9,9,99,9,99,1,9,1,1,1,35,6,-1,-1,-1,-1,8,E01022639,0,4
2024010490477,2024,010490477,2,9,0,99,99,9,9,99,99,9,9,99,9,99,1,9,6,6,3,47,8,-1,-1,-1,-1,5,E01003076,0,2
2024010526769,2024,010526769,1,9,0,18,19,1,5,0,0,8,0,0,0,0,1,1,6,6,3,-1,-1,-1,-1,-1,-1,-1,-1,0,-1
2024631430380,2024,631430380,1,90,0,-1,19,4,8,-1,0,0,0,0,0,0,0,1,-1,6,3,-1,-1,-1,-1,-1,-1,-1,-1,0,-1
2024010518853,2024,010518853,2,9,0,7,7,1,4,0,0,5,0,0,0,0,0,1,6,6,3,34,6,-1,-1,-1,-1,-1,-1,0,-1
2024430199786,2024,430199786,2,9,0,18,19,1,5,0,0,0,0,0,0,0,1,1,6,6,1,-1,-1,-1,-1,-1,-1,-1,-1,0,-1
2024430509460,2024,430509460,2,9,0,18,19,3,7,0,0,0,0,0,0,0,1,1,6,6,3,-1,-1,-1,-1,-1,-1,-1,-1,0,-1
2024041433324,2024,041433324,1,9,0,-1,19,3,7,-1,0,0,0,0,0,0,1,9,-1,6,3,-1,-1,-1,-1,-1,-1,-1,-1,0,-1
2024411541389,2024,411541389,2,22,0,-1,5,2,6,-1,0,4,0,0,0,0,1,1,-1,6,1,85,11,-1,-1,-1,-1,8,E01023292,0,1
2024440362227,2024,440362227,1,1,0,18,19,7,3,0,0,0,0,0,0,0,1,1,6,6,1,40,7,-1,-1,-1,-1,6,E01023135,0,1
2024531476855,2024,531476855,1,9,0,-1,9,6,4,-1,0,0,0,0,0,0,1,9,-1,6,3,-1,-1,-1,-1,-1,-1,-1,-1,0,-1
2024430076565,2024,430076565,1,9,0,18,19,3,7,0,0,0,0,0,0,0,1,1,6,6,3,-1,-1,-1,-1,-1,-1,-1,-1,0,-1
2024461404610,2024,461404610,2,9,0,-1,4,5,1,-1,0,0,0,0,0,0,2,9,-1,6,2,43,7,-1,-1,-1,-1,-1,-1,0,-1
2024070516320,2024,070516320,1,9,0,18,19,1,5,0,0,1,0,0,0,0,1,1,6,6,2,-1,-1,-1,-1,-1,-1,-1,-1,0,-1
2024351481410,2024,351481410,1,-1,0,-1,5,7,3,-1,0,0,0,0,0,0,1,1,-1,6,1,52,8,-1,-1,-1,-1,5,E01026693,1,4
2024231498230,2024,231498230,1,9,0,-1,19,4,8,-1,0,0,0,0,0,0,1,9,-1,6,3,45,7,-1,-1,-1,-1,-1,-1,0,-1
2024010507678,2024,010507678,2,1,0,18,19,5,1,0,0,7,0,0,0,0,4,1,6,6,1,21,5,-1,-1,-1,-1,3,E01003539,0,1