collision_index,collision_year,collision_ref_no,vehicle_reference,vehicle_type,towing_and_articulation,vehicle_manoeuvre_historic,vehicle_manoeuvre,vehicle_direction_from,vehicle_direction_to,vehicle_location_restricted_lane_historic,vehicle_location_restricted_lane,junction_location,skidding_and_overturning,hit_object_in_carriageway,vehicle_leaving_carriageway,hit_object_off_carriageway,first_point_of_impact,vehicle_left_hand_drive,journey_purpose_of_driver_historic,journey_purpose_of_driver,sex_of_driver,age_of_driver,age_band_of_driver,engine_capacity_cc,propulsion_code,age_of_vehicle,generic_make_model,driver_imd_decile,lsoa_of_driver,escooter_flag,driver_distance_banding
2024440425638,2024,440425638,1,9,0,4,4,8,4,0,0,1,0,0,0,0,1,1,6,6,3,-1,-1,-1,-1,-1,-1,-1,-1,0,-1
2024401526448,2024,401526448,2,1,0,-1,7,1,3,-1,0,4,0,0,0,0,3,1,-1,1,2,63,9,-1,-1,-1,-1,3,E01017619,0,1
2024131493932,2024,131493932,1,9,0,-1,19,6,1,-1,0,0,0,0,0,0,1,1,-1,2,1,49,8,-1,-1,-1,-1,3,E01010652,0,1
2024010519851,2024,010519851,1,9,0,99,99,9,9,99,99,0,9,99,9,99,2,9,6,6,2,38,7,-1,-1,-1,-1,5,E01003559,0,1
2024522402341,2024,522402341,1,9,0,18,19,3,7,0,0,2,0,0,0,0,1,1,6,6,3,-1,-1,-1,-1,-1,-1,-1,-1,0,-1
2024471510902,2024,471510902,1,9,0,-1,19,7,6,-1,0,0,0,0,0,0,4,9,-1,6,3,-1,-1,-1,-1,-1,-1,-1,-1,0,-1
2024302401324,2024,302401324,2,9,0,18,19,6,2,0,0,0,0,0,0,0,1,2,6,6,1,29,6,-1,-1,-1,-1,3,E01019797,0,1
2024231521574,2024,231521574,2,1,0,-1,9,5,3,-1,0,8,0,0,0,0,4,1,-1,6,1,74,10,-1,-1,-1,-1,7,E01031334,0,1
2024010515587,2024,010515587,1,9,0,5,5,1,5,0,0,0,0,0,0,0,1,1,6,6,1,80,11,-1,-1,-1,-1,2,E01002099,0,3
2024201460861,2024,201460861,1,9,0,-1,7,-1,-1,-1,99,0,0,99,0,0,9,9,-1,9,1,-1,-1,-1,-1,-1,-1,-1,-1,0,-1
2024010535210,2024,010535210,2,9,0,99,99,9,9,99,99,9,9,99,9,99,1,9,6,6,3,-1,-1,-1,-1,-1,-1,-1,-1,0,-1
2024010521989,2024,010521989,2,1,9,99,99,9,9,99,99,9,9,99,9,99,1,1,6,6,3,-1,-1,-1,-1,-1,-1,-1,-1,0,-1
2024052400768,2024,052400768,1,97,0,18,19,6,2,0,0,0,0,0,0,0,0,1,6,6,3,-1,-1,-1,-1,-1,-1,-1,-1,0,-1
2024461402752,2024,461402752,1,3,0,-1,19,4,8,-1,0,1,1,0,0,0,1,1,-1,6,1,22,5,-1,-1,-1,-1,6,E01024084,0,1
2024411461186,2024,411461186,1,19,-1,-1,-1,-1,-1,-1,-1,0,-1,-1,-1,0,-1,9,-1,6,3,-1,-1,-1,-1,-1,-1,-1,-1,0,-1
2024320553281,2024,320553281,2,5,0,-1,-1,4,8,0,0,1,0,0,0,0,1,1,6,6,1,31,6,-1,-1,-1,-1,9,E01026229,0,1
2024061534502,2024,061534502,2,9,0,-1,19,-1,-1,-1,99,0,0,0,0,0,1,1,-1,6,3,-1,-1,-1,-1,-1,-1,-1,-1,0,-1
2024440374171,2024,440374171,2,1,0,18,19,7,2,0,0,1,0,0,0,0,2,1,6,6,1,67,10,-1,-1,-1,-1,10,E01023276,0,1
202460Q079937,2024,60Q079937,2,9,0,3,3,4,8,0,0,7,0,0,1,7,2,1,6,6,2,22,5,-1,-1,-1,-1,-1,-1,0,-1
2024231463123,2024,231463123,2,9,0,-1,19,2,6,-1,0,8,0,0,0,0,1,1,-1,9,1,70,10,-1,-1,-1,-1,9,E01018403,0,5
2024010488454,2024,010488454,2,9,9,99,99,9,9,99,99,9,9,99,9,99,9,9,6,6,3,60,9,-1,-1,-1,-1,7,E01002818,0,1
2024010514995,2024,010514995,2,9,9,99,99,9,9,99,99,9,9,99,9,99,9,9,1,1,3,54,8,-1,-1,-1,-1,2,E01000053,0,4
2024552400972,2024,552400972,2,1,0,17,19,2,7,0,0,0,0,0,0,0,4,1,6,6,1,19,4,-1,-1,-1,-1,4,E01015326,0,1
2024311483219,2024,311483219,1,9,0,-1,19,2,6,-1,0,1,0,0,0,0,1,1,-1,9,1,77,11,-1,-1,-1,-1,9,E01028332,0,3
2024070635365,2024,070635365,2,9,0,2,2,0,0,0,0,0,0,0,0,0,2,1,6,6,1,26,6,-1,-1,-1,-1,9,E01018684,0,2
2024471431187,2024,471431187,2,1,0,-1,19,7,3,-1,0,1,0,0,0,0,4,1,-1,6,1,60,9,-1,-1,-1,-1,8,E01031620,0,1
2024302500224,2024,302500224,2,9,0,-1,13,1,5,-1,0,8,0,0,0,0,1,1,-1,6,3,-1,-1,-1,-1,-1,-1,5,E01019456,0,3
2024161530525,2024,161530525,1,9,0,-1,19,5,1,-1,0,0,0,0,0,0,1,1,-1,2,1,28,6,-1,-1,-1,-1,10,E01013118,0,1
2024421393680,2024,421393680,2,9,0,-1,19,5,1,-1,0,0,0,0,0,0,1,1,-1,1,1,41,7,-1,-1,-1,-1,10,E01016343,0,5
2024010499314,2024,010499314,2,9,0,99,99,9,9,99,99,9,9,99,9,99,9,9,6,6,3,-1,-1,-1,-1,-1,-1,-1,-1,0,-1
2024332401086,2024,332401086,2,9,0,-1,19,9,9,-1,0,0,0,0,0,0,1,1,-1,6,3,-1,-1,-1,-1,-1,-1,-1,-1,0,-1
202417M108624,2024,17M108624,2,1,0,-1,19,6,2,-1,0,6,0,0,0,0,1,1,-1,7,1,6,2,-1,-1,-1,-1,1,E01012050,0,1
2024010543459,2024,010543459,1,9,0,13,13,7,3,0,0,0,0,0,0,0,4,1,6,6,1,42,7,-1,-1,-1,-1,-1,-1,0,-1
2024010508111,2024,010508111,2,1,0,18,19,5,1,2,2,8,0,0,0,0,2,1,2,2,2,26,6,-1,-1,-1,-1,4,E01003017,0,1
2024302401516,2024,302401516,3,9,0,2,2,0,0,0,0,1,0,0,0,0,0,1,6,6,3,-1,-1,-1,-1,-1,-1,-1,-1,0,-1
2024461474250,2024,461474250,1,1,0,-1,19,1,5,-1,0,0,0,0,0,0,3,1,-1,9,1,61,9,-1,-1,-1,-1,9,E01001063,0,4
2024010498699,2024,010498699,2,9,0,99,99,9,9,99,99,9,9,99,9,99,1,9,6,6,3,-1,-1,-1,-1,-1,-1,-1,-1,0,-1
2024201464424,2024,201464424,1,9,0,-1,9,7,5,-1,0,5,0,10,0,0,4,1,-1,9,1,23,5,-1,-1,-1,-1,5,E01009973,0,2
2024010536600,2024,010536600,2,1,0,15,15,5,1,0,0,2,0,0,0,0,1,1,6,6,1,28,6,-1,-1,-1,-1,3,E01033132,0,1
2024010542475,2024,010542475,1,9,0,99,99,9,9,99,99,9,9,99,9,99,2,9,6,6,3,67,10,-1,-1,-1,-1,2,E01004247,0,1
2024010488570,2024,010488570,2,9,9,99,99,9,9,99,99,9,9,99,9,99,9,9,6,6,3,-1,-1,-1,-1,-1,-1,-1,-1,0,-1
2024311478092,2024,311478092,1,9,0,-1,9,6,3,-1,0,8,0,0,0,0,1,9,-1,6,3,-1,-1,-1,-1,-1,-1,-1,-1,0,-1
2024430299342,2024,430299342,2,9,0,18,19,8,4,0,0,8,0,0,0,0,3,1,6,6,2,-1,-1,-1,-1,-1,-1,-1,-1,0,-1
2024421435087,2024,421435087,2,1,0,-1,19,3,7,-1,0,0,0,0,0,0,4,1,-1,2,1,27,6,-1,-1,-1,-1,2,E01035164,0,1
2024991445279,2024,991445279,1,1,0,-1,19,1,5,-1,0,6,5,0,0,0,1,1,-1,6,1,14,3,-1,-1,-1,-1,7,-1,0,1
2024101432295,2024,101432295,2,9,0,-1,19,1,1,-1,0,8,0,0,0,0,4,1,-1,1,1,40,7,-1,-1,-1,-1,10,E01018416,0,5
2024010487965,2024,010487965,1,3,0,99,99,9,9,99,99,0,9,99,9,99,9,1,1,1,2,34,6,-1,-1,-1,-1,5,E01003547,0,3
2024041416463,2024,041416463,1,9,0,-1,9,7,5,-1,0,8,0,0,0,0,1,1,-1,6,1,53,8,-1,-1,-1,-1,4,E01025572,0,1
2024320389200,2024,320389200,1,9,0,13,13,6,2,0,0,0,1,0,0,0,1,1,6,6,1,25,5,-1,-1,-1,-1,10,E01026204,0,3
2024351409301,2024,351409301,2,1,0,-1,19,5,1,-1,0,8,0,0,0,0,1,1,-1,6,2,40,7,-1,-1,-1,-1,10,E01018256,0,1
2024461483667,2024,461483667,1,9,0,-1,9,4,1,-1,0,1,0,0,0,0,2,2,-1,6,1,37,7,-1,-1,-1,-1,-1,-1,0,-1
2024610004124,2024,610004124,2,22,0,18,19,0,0,0,0,0,0,0,0,0,2,1,6,6,1,-1,-1,-1,-1,-1,-1,-1,-1,0,-1
2024131500753,2024,131500753,3,9,0,-1,-1,-1,-1,-1,-1,0,-1,-1,-1,-1,-1,1,-1,6,3,-1,-1,-1,-1,-1,-1,-1,-1,0,-1
2024010538558,2024,010538558,1,4,0,18,19,7,3,0,0,5,0,0,0,0,1,1,6,6,3,-1,-1,-1,-1,-1,-1,-1,-1,0,-1
2024610038324,2024,610038324,1,9,0,18,19,1,5,0,0,0,0,0,0,0,1,1,6,6,3,-1,-1,-1,-1,-1,-1,-1,-1,0,-1
2024010541827,2024,010541827,1,1,0,99,99,9,9,0,0,2,9,99,0,0,9,1,6,6,2,67,10,-1,-1,-1,-1,10,E01004640,0,1
2024440445802,2024,440445802,1,9,0,18,19,7,3,0,0,0,0,0,0,0,1,1,6,6,3,-1,-1,-1,-1,-1,-1,-1,-1,0,-1
2024401521975,2024,401521975,1,9,0,-1,19,2,5,-1,0,4,0,0,0,0,3,9,-1,6,1,-1,-1,-1,-1,-1,-1,-1,-1,0,-1
2024101427374,2024,101427374,1,1,0,-1,19,2,6,-1,0,0,0,0,0,0,1,1,-1,9,1,13,3,-1,-1,-1,-1,5,E01008643,0,1
2024547601924,2024,547601924,2,9,0,2,2,0,0,0,0,2,0,0,0,0,2,1,6,6,3,-1,-1,-1,-1,-1,-1,-1,-1,0,-1
2024411469165,2024,411469165,2,1,0,-1,9,8,3,-1,0,6,0,0,0,0,1,1,-1,7,1,12,3,-1,-1,-1,-1,9,E01023644,0,1
2024461396429,2024,461396429,1,9,0,-1,19,5,1,-1,0,0,0,0,0,0,0,9,-1,6,-1,-1,-1,-1,-1,-1,-1,-1,-1,0,-1
2024010505005,2024,010505005,1,1,9,99,99,9,9,99,99,9,9,99,9,99,1,1,6,6,1,31,6,-1,-1,-1,-1,6,E01001563,0,1
2024010507091,2024,010507091,2,9,0,99,99,9,9,99,99,9,9,99,9,99,9,9,6,6,3,-1,-1,-1,-1,-1,-1,-1,-1,0,-1
2024161471869,2024,161471869,2,11,0,-1,-1,-1,-1,-1,-1,0,-1,-1,-1,-1,-1,1,-1,6,3,-1,-1,-1,-1,-1,-1,-1,-1,0,-1
2024421521192,2024,421521192,1,9,0,-1,19,3,7,-1,0,0,0,0,0,0,1,1,-1,6,2,-1,-1,-1,-1,-1,-1,-1,-1,0,-1
2024991405577,2024,991405577,1,1,0,-1,19,5,8,-1,9,2,0,0,0,0,1,1,-1,9,1,53,8,-1,-1,-1,-1,7,-1,0,1
2024010494691,2024,010494691,1,19,0,18,19,3,7,0,0,8,0,0,0,0,3,1,2,2,1,28,6,-1,-1,-1,-1,6,E01002676,0,3
2024010496880,2024,010496880,1,1,9,99,99,9,9,99,99,0,9,99,9,99,9,1,3,7,1,14,3,-1,-1,-1,-1,8,E01001211,0,1
2024010498656,2024,010498656,2,98,9,99,99,9,9,99,99,9,9,99,9,99,2,9,6,6,3,31,6,-1,-1,-1,-1,9,E01021824,0,4
2024411427249,2024,411427249,1,19,-1,-1,19,8,4,-1,0,0,1,0,0,0,1,9,-1,6,3,-1,-1,-1,-1,-1,-1,-1,-1,0,-1
2024010523119,2024,010523119,1,1,0,18,19,5,1,0,0,2,0,0,0,0,2,1,6,6,1,51,8,-1,-1,-1,-1,9,E01004694,0,1
2024320136603,2024,320136603,2,1,0,-1,-1,2,6,0,0,0,5,0,1,9,4,1,-1,-1,1,78,11,-1,-1,-1,-1,3,E01026183,0,1
2024141442266,2024,141442266,3,9,0,-1,19,3,7,-1,0,0,0,0,0,0,1,2,-1,9,2,66,10,-1,-1,-1,-1,2,E01007348,0,1
2024010519919,2024,010519919,1,1,9,18,19,9,9,99,99,0,9,99,9,99,2,1,2,2,2,42,7,-1,-1,-1,-1,4,E01033081,0,1
2024221399414,2024,221399414,2,1,0,-1,19,8,3,-1,0,0,0,0,0,0,1,1,-1,6,1,16,4,-1,-1,-1,-1,5,E01032472,0,1
2024332400418,2024,332400418,2,1,0,-1,19,3,7,-1,0,1,0,0,0,0,3,1,-1,6,1,31,6,-1,-1,-1,-1,2,E01013694,0,1
2024010534336,2024,010534336,2,1,0,18,19,1,5,9,9,1,0,0,0,0,1,1,2,2,2,23,5,-1,-1,-1,-1,10,E01003008,0,2
2024471451808,2024,471451808,2,9,0,-1,19,7,3,-1,0,0,0,0,0,0,2,1,-1,9,1,23,5,-1,-1,-1,-1,9,E01034298,0,4
2024311399409,2024,311399409,2,90,0,-1,2,3,3,-1,0,0,0,0,0,0,3,1,-1,1,1,40,7,-1,-1,-1,-1,6,E01028050,0,1
2024031472494,2024,031472494,2,9,0,-1,9,5,3,-1,0,8,0,0,0,0,3,1,-1,6,1,62,9,-1,-1,-1,-1,7,-1,0,5
2024522401590,2024,522401590,1,1,0,18,19,9,9,0,0,8,0,0,0,0,9,1,6,6,2,29,6,-1,-1,-1,-1,4,E01014570,0,1
2024501443568,2024,501443568,2,9,0,-1,3,5,2,-1,0,0,0,0,0,0,2,1,-1,9,1,69,10,-1,-1,-1,-1,5,E01020319,0,4
2024061485518,2024,061485518,1,9,-1,-1,-1,-1,-1,-1,-1,0,-1,-1,-1,0,-1,9,-1,6,3,-1,-1,-1,-1,-1,-1,-1,-1,0,-1
2024031479599,2024,031479599,2,4,0,-1,19,7,3,-1,0,0,2,0,1,11,1,1,-1,6,1,25,5,-1,-1,-1,-1,1,E01019143,0,1
2024161434264,2024,161434264,1,9,0,-1,1,6,2,-1,0,1,0,0,0,0,1,9,-1,6,1,-1,-1,-1,-1,-1,-1,-1,-1,0,-1
2024430015267,2024,430015267,3,20,0,18,19,8,4,0,0,0,0,0,0,0,1,1,1,1,1,27,6,-1,-1,-1,-1,10,E01017935,0,3
2024010518871,2024,010518871,2,1,0,18,19,1,5,0,0,8,5,0,0,0,1,1,1,1,1,31,6,-1,-1,-1,-1,4,E01004747,0,1
2024010502912,2024,010502912,2,9,0,99,99,9,9,99,99,0,9,99,9,99,1,9,6,6,3,33,6,-1,-1,-1,-1,-1,-1,0,-1
2024010518062,2024,010518062,2,19,0,18,19,1,5,0,0,8,0,0,0,0,2,1,6,6,3,-1,-1,-1,-1,-1,-1,-1,-1,0,-1
2024041496123,2024,041496123,1,9,0,-1,19,5,1,-1,0,0,0,0,0,0,-1,9,-1,6,3,-1,-1,-1,-1,-1,-1,-1,-1,0,-1
2024010495430,2024,010495430,1,3,0,18,19,1,5,0,0,0,0,0,0,0,1,1,6,6,1,21,5,-1,-1,-1,-1,2,E01002227,0,1
2024010495027,2024,010495027,1,9,0,18,19,3,7,0,0,1,0,0,0,0,4,1,6,6,1,35,6,-1,-1,-1,-1,2,E01000053,0,1
2024430385389,2024,430385389,2,1,0,18,19,6,3,0,0,1,0,0,1,10,3,1,2,2,1,48,8,-1,-1,-1,-1,7,E01028773,0,2
2024520402444,2024,520402444,1,19,4,18,19,9,9,0,0,0,0,0,0,0,9,-1,-1,-1,3,-1,-1,-1,-1,-1,-1,-1,-1,0,-1
2024010513712,2024,010513712,1,11,0,18,19,3,7,0,0,0,0,0,0,0,1,1,6,6,3,-1,-1,-1,-1,-1,-1,-1,-1,0,-1
2024411412483,2024,411412483,1,9,0,-1,19,5,1,-1,0,1,0,0,0,0,1,1,-1,6,1,68,10,-1,-1,-1,-1,5,E01031242,0,5
2024161455314,2024,161455314,1,9,0,-1,19,5,1,-1,0,0,0,0,0,0,1,1,-1,6,3,-1,-1,-1,-1,-1,-1,-1,-1,0,-1
2024010496422,2024,010496422,1,3,0,99,99,9,9,99,99,9,9,99,9,99,1,1,2,2,1,41,7,-1,-1,-1,-1,4,E01002313,0,4
2024041404560,2024,041404560,1,9,0,-1,19,4,5,-1,0,0,0,0,0,0,1,1,-1,6,2,50,8,-1,-1,-1,-1,2,E01024959,0,1
2024430571398,2024,430571398,2,9,0,18,19,3,7,0,0,8,0,0,0,0,1,1,6,6,1,38,7,-1,-1,-1,-1,2,E01034455,0,2
2024010491495,2024,010491495,2,9,0,17,19,1,5,0,0,1,0,0,0,0,1,1,6,6,1,21,5,-1,-1,-1,-1,5,E01001393,0,4
2024010511117,2024,010511117,1,9,0,3,3,3,7,0,0,9,9,99,9,99,2,9,6,6,1,32,6,-1,-1,-1,-1,7,E01002177,0,3
2024052401947,2024,052401947,2,1,0,18,19,7,3,0,0,1,0,0,0,0,3,1,6,6,1,13,3,-1,-1,-1,-1,3,E01006994,0,1
2024430461814,2024,430461814,1,9,0,18,19,4,1,0,0,1,0,0,0,0,1,1,6,6,1,-1,-1,-1,-1,-1,-1,-1,-1,0,-1
2024010489468,2024,010489468,1,9,0,99,99,9,9,0,0,0,0,0,0,0,9,1,6,6,3,-1,-1,-1,-1,-1,-1,-1,-1,0,-1
2024201501769,2024,201501769,2,1,0,-1,19,3,1,-1,0,3,0,0,0,0,1,1,-1,6,1,60,9,-1,-1,-1,-1,4,E01009250,0,1
2024111442583,2024,111442583,3,9,4,-1,7,4,8,-1,0,5,0,0,0,0,0,1,-1,1,1,46,8,-1,-1,-1,-1,5,E01020604,0,1
2024131452228,2024,131452228,1,98,0,-1,19,7,7,-1,0,1,0,0,0,0,1,2,-1,1,1,30,6,-1,-1,-1,-1,8,E01011694,0,1
2024010541122,2024,010541122,1,1,9,99,99,9,9,99,99,9,9,99,9,99,9,1,2,2,2,33,6,-1,-1,-1,-1,2,E01003432,0,2
2024010489611,2024,010489611,1,3,0,99,99,9,9,99,99,9,9,99,9,99,9,1,1,1,1,35,6,-1,-1,-1,-1,3,E01001980,0,2
2024411501472,2024,411501472,1,-1,0,-1,-1,-1,-1,-1,-1,6,-1,-1,-1,0,1,1,-1,7,1,14,3,-1,-1,-1,-1,10,E01023457,1,1
2024010496150,2024,010496150,3,9,0,4,4,3,7,0,0,0,0,0,0,0,2,1,6,6,1,52,8,-1,-1,-1,-1,7,E01003665,0,1
2024361433368,2024,361433368,2,1,0,-1,19,3,7,-1,9,1,0,0,0,0,3,1,-1,6,2,10,2,-1,-1,-1,-1,2,E01033040,0,1
2024311439007,2024,311439007,2,1,0,-1,19,3,7,-1,4,1,0,0,0,0,0,1,-1,6,1,22,5,-1,-1,-1,-1,-1,-1,0,-1
2024010494107,2024,010494107,2,11,0,18,19,5,1,0,0,8,0,0,0,0,1,1,1,1,1,40,7,-1,-1,-1,-1,3,E01000948,0,2
2024010511693,2024,010511693,2,9,0,99,99,9,9,99,99,9,9,99,9,99,9,9,6,6,3,-1,-1,-1,-1,-1,-1,-1,-1,0,-1
2024010489881,2024,010489881,2,9,0,18,19,1,5,0,0,8,0,0,0,0,1,1,2,2,1,48,8,-1,-1,-1,-1,3,E01002429,0,1
2024461460697,2024,461460697,1,19,0,-1,4,7,3,-1,0,0,0,0,0,0,0,9,-1,6,3,-1,-1,-1,-1,-1,-1,-1,-1,0,-1
2024501408224,2024,501408224,2,9,0,-1,19,4,8,-1,0,1,0,0,0,0,3,1,-1,6,1,40,7,-1,-1,-1,-1,10,E01030396,0,5
2024311521682,2024,311521682,1,9,-1,-1,7,3,6,-1,0,6,0,0,0,0,1,9,-1,6,1,-1,-1,-1,-1,-1,-1,-1,-1,0,-1
2024061447572,2024,061447572,1,1,9,-1,19,-1,-1,-1,0,0,0,0,0,0,1,1,-1,9,1,22,5,-1,-1,-1,-1,1,E01005219,0,1
2024010488365,2024,010488365,1,9,9,99,99,9,9,99,99,9,9,99,9,99,9,9,6,6,3,-1,-1,-1,-1,-1,-1,-1,-1,0,-1
2024201523636,2024,201523636,2,1,0,-1,19,1,1,-1,0,3,0,0,0,0,4,1,-1,6,1,51,8,-1,-1,-1,-1,1,E01008972,0,2
2024010524892,2024,010524892,2,9,0,99,99,9,9,99,99,9,9,99,9,99,2,9,6,6,2,30,6,-1,-1,-1,-1,5,E01002449,0,1
2024501509327,2024,501509327,2,1,0,-1,19,3,7,-1,0,1,2,0,0,0,1,1,-1,9,1,22,5,-1,-1,-1,-1,5,E01018785,0,2
2024052401679,2024,052401679,1,9,0,18,19,5,1,0,0,0,0,0,0,0,0,1,6,6,3,-1,-1,-1,-1,-1,-1,-1,-1,0,-1
2024430563495,2024,430563495,1,19,0,18,19,1,5,0,0,6,0,0,0,0,1,1,6,6,3,-1,-1,-1,-1,-1,-1,-1,-1,0,-1
2024131469960,2024,131469960,1,21,1,-1,19,3,7,-1,0,8,0,0,0,0,1,2,-1,1,1,53,8,-1,-1,-1,-1,-1,-1,0,-1
2024451408713,2024,451408713,3,9,0,-1,19,7,3,-1,0,0,0,0,0,0,1,1,-1,6,1,63,9,-1,-1,-1,-1,9,E01030781,0,1
2024461536744,2024,461536744,1,9,0,-1,19,6,2,-1,0,0,0,0,0,0,1,9,-1,6,3,-1,-1,-1,-1,-1,-1,-1,-1,0,-1
2024010489671,2024,010489671,1,19,9,-1,-1,1,5,0,0,1,0,0,0,0,9,9,1,1,1,35,6,-1,-1,-1,-1,10,E01023894,0,4
2024010489795,2024,010489795,1,9,0,18,19,5,1,0,0,2,0,0,0,0,1,1,3,7,2,39,7,-1,-1,-1,-1,10,E01000681,0,1
2024010531549,2024,010531549,1,9,9,99,99,9,9,99,99,0,9,99,9,99,9,9,6,6,2,43,7,-1,-1,-1,-1,7,E01003270,0,3
2024552401358,2024,552401358,2,1,0,18,19,5,1,0,0,1,0,0,0,0,4,1,6,6,2,51,8,-1,-1,-1,-1,8,E01020349,0,1
2024421477655,2024,421477655,2,1,0,-1,19,3,7,-1,0,1,2,0,0,0,1,1,-1,6,1,13,3,-1,-1,-1,-1,1,E01034096,0,3
2024991484952,2024,991484952,3,9,0,-1,19,8,4,-1,0,0,0,0,0,0,0,9,-1,6,3,30,6,-1,-1,-1,-1,-1,-1,0,-1
2024201499800,2024,201499800,2,-1,0,-1,19,7,3,-1,0,2,0,0,0,0,2,1,-1,9,1,20,4,-1,-1,-1,-1,2,E01009741,1,1
2024010530363,2024,010530363,2,9,0,99,99,9,9,99,99,9,9,99,9,99,9,9,6,6,3,-1,-1,-1,-1,-1,-1,-1,-1,0,-1
2024522402061,2024,522402061,2,1,0,18,19,8,4,0,0,3,0,0,0,0,1,1,6,6,1,50,8,-1,-1,-1,-1,8,E01035228,0,1
2024546916024,2024,546916024,1,9,0,16,19,3,7,0,0,1,0,0,0,0,0,1,6,6,3,-1,-1,-1,-1,-1,-1,-1,-1,0,-1
2024501460520,2024,501460520,2,19,0,-1,9,5,1,-1,0,0,0,0,0,0,3,1,-1,1,1,38,7,-1,-1,-1,-1,9,E01034632,0,1
2024991439094,2024,991439094,1,97,0,-1,7,5,7,-1,0,8,0,0,0,0,1,1,-1,6,3,-1,-1,-1,-1,-1,-1,-1,-1,0,-1
2024302400665,2024,302400665,2,1,0,18,19,6,2,0,0,0,0,0,0,0,0,1,6,6,1,19,4,-1,-1,-1,-1,1,E01013568,0,1
2024451467423,2024,451467423,2,9,0,-1,7,3,7,-1,0,0,0,0,0,0,1,9,-1,9,2,19,4,-1,-1,-1,-1,10,E01030870,0,3
2024451441663,2024,451441663,1,1,0,-1,19,7,3,-1,0,2,1,11,0,0,3,1,-1,9,1,62,9,-1,-1,-1,-1,10,E01030418,0,3
2024610014124,2024,610014124,2,19,0,9,9,5,2,0,0,8,0,0,0,0,1,1,6,6,1,58,9,-1,-1,-1,-1,1,W01001691,0,1
2024010511652,2024,010511652,2,9,0,16,19,3,7,0,0,0,0,0,0,0,1,1,6,6,3,-1,-1,-1,-1,-1,-1,-1,-1,0,-1
2024440526670,2024,440526670,1,9,0,12,12,1,4,0,0,3,0,0,0,0,2,1,6,6,3,-1,-1,-1,-1,-1,-1,-1,-1,0,-1
2024161533850,2024,161533850,2,1,0,-1,4,8,4,-1,0,1,0,0,0,0,1,1,-1,6,1,40,7,-1,-1,-1,-1,3,E01013045,0,1
2024991484365,2024,991484365,2,1,0,-1,19,4,8,-1,4,0,0,0,0,0,1,1,-1,6,1,40,7,-1,-1,-1,-1,8,-1,0,3
2024991418578,2024,991418578,2,90,0,-1,19,1,5,-1,0,1,0,0,1,0,4,1,-1,1,1,37,7,-1,-1,-1,-1,8,-1,0,4
2024052401949,2024,052401949,2,1,0,18,19,7,3,0,0,1,0,0,0,0,1,1,6,6,1,30,6,-1,-1,-1,-1,5,E01007223,0,1
2024010530113,2024,010530113,2,11,9,99,99,9,9,99,99,9,9,99,9,99,9,1,6,6,3,-1,-1,-1,-1,-1,-1,-1,-1,0,-1
2024201508907,2024,201508907,1,9,0,-1,19,2,6,-1,0,1,0,0,0,0,0,1,-1,9,2,52,8,-1,-1,-1,-1,9,E01009817,0,2
2024201471412,2024,201471412,3,9,0,-1,19,8,3,-1,0,0,0,0,0,0,2,1,-1,6,1,25,5,-1,-1,-1,-1,1,E01034914,0,2
2024302500106,2024,302500106,2,9,0,-1,19,1,5,-1,0,0,0,0,7,4,1,1,-1,6,3,57,9,-1,-1,-1,-1,4,E01019851,0,1
2024010490813,2024,010490813,2,9,0,2,2,0,0,0,0,2,0,0,0,0,3,1,6,6,3,-1,-1,-1,-1,-1,-1,-1,-1,0,-1
2024122400795,2024,122400795,1,9,0,5,5,3,7,0,0,4,0,0,0,0,1,1,6,6,3,-1,-1,-1,-1,-1,-1,-1,-1,0,-1
2024302401283,2024,302401283,1,22,0,18,19,6,2,0,0,6,5,0,0,0,1,1,6,6,1,80,11,-1,-1,-1,-1,5,E01019514,0,1
2024610025524,2024,610025524,1,9,0,18,19,2,6,0,0,0,2,0,5,6,3,1,2,2,2,22,5,-1,-1,-1,-1,5,W01001615,0,3
2024461497572,2024,461497572,1,9,0,-1,19,5,1,-1,0,0,0,0,0,0,1,9,-1,9,3,-1,-1,-1,-1,-1,-1,-1,-1,0,-1
2024231498279,2024,231498279,5,9,0,-1,12,4,8,-1,0,0,0,0,0,0,0,1,-1,6,1,81,11,-1,-1,-1,-1,6,E01031187,0,4
2024041523968,2024,041523968,1,98,0,-1,19,-1,-1,-1,0,1,0,0,0,0,-1,9,-1,6,3,-1,-1,-1,-1,-1,-1,-1,-1,0,-1
2024141486815,2024,141486815,1,1,0,-1,19,5,1,-1,0,0,0,0,0,0,3,1,-1,9,2,26,6,-1,-1,-1,-1,2,E01007784,0,1
2024401542241,2024,401542241,2,1,-1,-1,19,-1,-1,-1,0,0,2,0,0,0,1,1,-1,2,1,33,6,-1,-1,-1,-1,8,E01034416,0,1
2024201515690,2024,201515690,1,9,0,-1,19,5,1,-1,0,8,5,0,0,0,4,9,-1,2,1,37,7,-1,-1,-1,-1,3,E01009792,0,1
2024440314795,2024,440314795,1,1,0,18,19,5,1,0,0,1,0,0,0,0,1,1,2,2,2,60,9,-1,-1,-1,-1,1,E01022843,0,2
2024451412804,2024,451412804,4,9,0,-1,19,3,7,-1,0,0,0,0,0,0,4,1,-1,7,2,31,6,-1,-1,-1,-1,8,E01030373,0,1
2024061505198,2024,061505198,3,9,0,-1,19,3,7,-1,0,1,0,0,0,0,0,1,-1,6,-1,25,5,-1,-1,-1,-1,-1,-1,0,-1
2024991477872,2024,991477872,2,9,0,-1,3,6,1,-1,0,0,0,0,0,0,2,1,-1,6,1,22,5,-1,-1,-1,-1,3,-1,0,1
2024131508187,2024,131508187,2,1,0,-1,19,1,2,-1,0,1,0,0,0,0,0,1,-1,9,1,22,5,-1,-1,-1,-1,6,E01010955,0,2
2024461500416,2024,461500416,2,9,0,-1,4,3,7,-1,0,8,0,0,0,0,1,9,-1,9,2,49,8,-1,-1,-1,-1,10,E01024272,0,2
2024010524247,2024,010524247,2,1,0,18,19,5,1,0,0,8,5,0,0,0,1,1,2,2,1,33,6,-1,-1,-1,-1,3,E01000553,0,1