collision_index,collision_year,collision_ref_no,vehicle_reference,vehicle_type,towing_and_articulation,vehicle_manoeuvre_historic,vehicle_manoeuvre,vehicle_direction_from,vehicle_direction_to,vehicle_location_restricted_lane_historic,vehicle_location_restricted_lane,junction_location,skidding_and_overturning,hit_object_in_carriageway,vehicle_leaving_carriageway,hit_object_off_carriageway,first_point_of_impact,vehicle_left_hand_drive,journey_purpose_of_driver_historic,journey_purpose_of_driver,sex_of_driver,age_of_driver,age_band_of_driver,engine_capacity_cc,propulsion_code,age_of_vehicle,generic_make_model,driver_imd_decile,lsoa_of_driver,escooter_flag,driver_distance_banding
2024101538436,2024,101538436,2,9,0,-1,19,5,1,-1,0,0,1,0,0,0,3,9,-1,6,2,43,7,-1,-1,-1,-1,8,E01008527,0,3
202454D548124,2024,54D548124,2,9,0,18,19,2,6,0,0,3,0,0,1,0,4,1,6,6,1,24,5,-1,-1,-1,-1,9,E01015548,0,1
2024141414103,2024,141414103,2,9,0,-1,4,7,3,-1,0,0,0,0,0,0,1,1,-1,2,1,40,7,-1,-1,-1,-1,5,E01007426,0,3
2024440267737,2024,440267737,1,1,0,4,4,2,6,5,5,1,0,0,0,0,1,1,2,2,2,37,7,-1,-1,-1,-1,2,E01017139,0,1
2024010508341,2024,010508341,2,9,0,99,99,9,9,99,99,9,9,99,9,99,0,9,6,6,3,-1,-1,-1,-1,-1,-1,-1,-1,0,-1
2024421507073,2024,421507073,5,9,0,-1,2,0,0,-1,0,0,0,0,0,0,3,1,-1,6,3,-1,-1,-1,-1,-1,-1,-1,-1,0,-1
2024161494316,2024,161494316,2,9,0,-1,8,1,5,-1,0,0,0,0,3,0,4,1,-1,6,1,-1,-1,-1,-1,-1,-1,-1,-1,0,-1
2024411460743,2024,411460743,1,9,0,-1,4,8,4,-1,0,0,0,0,0,0,1,1,-1,9,2,42,7,-1,-1,-1,-1,5,E01023386,0,1
2024161456184,2024,161456184,1,9,0,-1,3,8,3,-1,0,1,0,0,0,0,2,1,-1,9,1,41,7,-1,-1,-1,-1,6,E01013085,0,1
2024122500123,2024,122500123,1,9,0,18,19,7,3,0,0,1,0,0,0,0,1,1,6,6,1,61,9,-1,-1,-1,-1,7,E01027707,0,1
2024010494366,2024,010494366,1,3,0,99,99,9,9,99,99,9,9,99,9,99,9,1,1,1,1,23,5,-1,-1,-1,-1,3,E01032581,0,3
2024411504511,2024,411504511,2,9,0,-1,4,1,5,-1,0,4,0,0,0,0,1,9,-1,6,3,-1,-1,-1,-1,-1,-1,-1,-1,0,-1
2024351498240,2024,351498240,2,1,0,-1,-1,-1,-1,-1,-1,0,-1,-1,-1,0,-1,1,-1,7,1,17,4,-1,-1,-1,-1,8,E01035511,0,1
2024991411345,2024,991411345,2,9,0,-1,3,5,1,-1,0,8,0,0,0,0,2,1,-1,9,2,40,7,-1,-1,-1,-1,-1,-1,0,-1
2024421452779,2024,421452779,2,1,0,-1,19,8,4,-1,0,1,0,0,0,0,1,1,-1,2,1,42,7,-1,-1,-1,-1,3,E01021852,0,1
2024061494973,2024,061494973,4,9,0,-1,7,5,7,-1,0,1,0,0,0,0,1,1,-1,6,2,42,7,-1,-1,-1,-1,-1,-1,0,-1
2024430376377,2024,430376377,1,9,0,5,5,3,1,0,0,6,0,0,0,0,1,1,6,6,2,19,4,-1,-1,-1,-1,9,E01035728,0,3
2024430391484,2024,430391484,1,9,0,18,19,5,1,0,0,1,0,0,0,0,1,1,6,6,3,-1,-1,-1,-1,-1,-1,-1,-1,0,-1
2024122401113,2024,122401113,1,9,0,17,19,6,3,0,0,0,1,0,1,4,1,1,6,6,1,24,5,-1,-1,-1,-1,1,E01025229,0,3
2024461522854,2024,461522854,2,1,0,-1,19,6,2,-1,9,0,0,11,0,0,2,1,-1,9,1,18,4,-1,-1,-1,-1,7,E01024129,0,1
2024421423658,2024,421423658,2,1,0,-1,5,1,5,-1,0,0,0,0,0,0,4,1,-1,6,1,26,6,-1,-1,-1,-1,2,E01015896,0,1
2024549127224,2024,549127224,1,9,0,18,19,8,4,0,0,1,0,0,0,0,1,1,6,6,3,-1,-1,-1,-1,-1,-1,-1,-1,0,-1
2024010497090,2024,010497090,2,9,0,6,6,2,2,0,0,0,0,0,0,0,1,1,6,6,3,-1,-1,-1,-1,-1,-1,-1,-1,0,-1
2024622400159,2024,622400159,1,9,0,18,19,2,6,0,0,1,0,0,0,0,1,1,6,6,3,-1,-1,-1,-1,-1,-1,-1,-1,0,-1
2024131500237,2024,131500237,2,1,0,-1,10,3,1,-1,0,6,5,0,0,0,1,1,-1,9,1,41,7,-1,-1,-1,-1,7,E01011878,0,3
2024122401217,2024,122401217,2,1,0,17,19,1,7,0,0,8,0,0,0,0,2,1,2,2,1,34,6,-1,-1,-1,-1,10,E01013381,0,1
2024361411383,2024,361411383,2,9,0,-1,4,2,6,-1,0,0,0,0,0,0,1,1,-1,9,2,49,8,-1,-1,-1,-1,8,E01035087,0,5
2024010540288,2024,010540288,2,22,0,18,19,1,5,99,99,1,0,0,0,0,3,1,6,6,1,64,9,-1,-1,-1,-1,4,E01004208,0,1
2024371404665,2024,371404665,1,9,0,-1,-1,-1,-1,-1,-1,-1,-1,-1,-1,0,-1,9,-1,6,3,-1,-1,-1,-1,-1,-1,-1,-1,0,-1
2024201414882,2024,201414882,2,1,0,-1,19,6,2,-1,0,0,0,0,0,0,2,1,-1,6,1,15,3,-1,-1,-1,-1,3,E01010290,0,1
2024201518400,2024,201518400,1,9,0,-1,9,8,6,-1,0,5,0,0,0,0,1,1,-1,6,3,18,4,-1,-1,-1,-1,-1,-1,0,-1
2024991444273,2024,991444273,1,4,0,-1,19,3,7,-1,0,1,2,0,0,0,4,1,-1,9,1,28,6,-1,-1,-1,-1,4,-1,0,1
2024471458771,2024,471458771,1,9,0,-1,19,6,2,-1,0,1,0,0,0,0,1,1,-1,6,1,-1,-1,-1,-1,-1,-1,3,E01024001,0,4
2024010495385,2024,010495385,2,19,0,18,19,7,3,0,0,0,0,0,0,0,3,1,1,1,1,37,7,-1,-1,-1,-1,3,E01001546,0,4
2024401472074,2024,401472074,1,9,0,-1,13,-1,-1,-1,0,4,0,11,9,0,4,9,-1,6,3,-1,-1,-1,-1,-1,-1,-1,-1,0,-1
2024471451763,2024,471451763,2,9,0,-1,99,-1,-1,-1,0,1,9,99,0,0,9,1,-1,6,3,-1,-1,-1,-1,-1,-1,-1,-1,0,-1
2024061488034,2024,061488034,1,9,9,-1,19,5,7,-1,99,0,0,0,0,0,1,1,-1,6,3,-1,-1,-1,-1,-1,-1,-1,-1,0,-1
2024221507946,2024,221507946,1,9,0,-1,19,1,5,-1,0,0,1,0,7,11,1,1,-1,2,1,26,6,-1,-1,-1,-1,2,E01009064,0,3
2024041419080,2024,041419080,1,1,0,-1,19,1,5,-1,0,8,0,0,0,0,1,1,-1,9,1,19,4,-1,-1,-1,-1,-1,-1,0,-1
2024481561500,2024,481561500,1,1,0,-1,19,5,1,-1,0,0,0,0,0,0,1,1,-1,9,1,40,7,-1,-1,-1,-1,-1,-1,0,-1
2024010497033,2024,010497033,2,98,0,99,99,9,9,99,99,9,9,99,9,99,1,9,6,6,3,-1,-1,-1,-1,-1,-1,-1,-1,0,-1
2024430417819,2024,430417819,2,1,0,18,19,4,8,0,0,1,0,0,0,0,1,1,6,6,1,28,6,-1,-1,-1,-1,2,E01028518,0,1
2024320390827,2024,320390827,1,9,0,-1,-1,6,2,0,0,0,0,0,0,0,1,1,6,6,1,50,8,-1,-1,-1,-1,-1,-1,0,-1
2024161523880,2024,161523880,4,9,0,-1,19,7,3,-1,0,0,0,0,0,0,0,1,-1,1,1,35,6,-1,-1,-1,-1,8,E01012962,0,4
2024548452124,2024,548452124,2,9,0,18,19,2,6,0,0,0,5,10,0,0,1,1,6,6,2,38,7,-1,-1,-1,-1,4,E01032040,0,1
2024010549687,2024,010549687,2,1,9,99,99,9,9,99,99,9,9,99,9,99,9,1,6,6,3,-1,-1,-1,-1,-1,-1,-1,-1,0,-1
2024201465184,2024,201465184,1,9,0,-1,19,3,7,-1,0,8,0,0,0,0,1,9,-1,6,3,18,4,-1,-1,-1,-1,-1,-1,0,-1
2024010508037,2024,010508037,1,-1,0,18,19,5,1,0,0,5,0,0,0,0,1,1,6,6,3,-1,-1,-1,-1,-1,-1,-1,-1,1,-1
2024010496619,2024,010496619,1,1,9,99,99,9,9,99,99,9,9,99,9,99,1,1,6,6,1,23,5,-1,-1,-1,-1,4,E01003969,0,1
2024430405754,2024,430405754,2,9,0,18,19,2,6,0,0,0,0,0,0,6,2,1,6,6,1,40,7,-1,-1,-1,-1,-1,-1,0,-1
2024451529778,2024,451529778,1,1,0,-1,19,5,1,-1,0,0,0,11,0,0,0,1,-1,2,2,39,7,-1,-1,-1,-1,9,E01030331,0,1
2024010488698,2024,010488698,1,9,0,3,3,1,5,0,0,2,0,0,0,0,3,1,6,6,1,56,9,-1,-1,-1,-1,4,E01001294,0,3
2024421406660,2024,421406660,2,9,0,-1,8,5,7,-1,0,1,0,0,0,0,2,1,-1,6,2,31,6,-1,-1,-1,-1,2,E01021288,0,1
2024311406548,2024,311406548,2,1,0,-1,19,1,5,-1,0,2,0,0,0,0,1,1,-1,6,1,12,3,-1,-1,-1,-1,8,E01028052,0,1
2024070821184,2024,070821184,1,1,0,-1,19,9,9,-1,0,0,0,0,0,0,1,1,-1,6,1,8,2,-1,-1,-1,-1,6,E01018380,0,1
2024332400261,2024,332400261,1,1,0,-1,19,3,7,-1,9,8,0,0,0,0,4,1,-1,2,2,57,9,-1,-1,-1,-1,3,E01025989,0,1
2024010505455,2024,010505455,1,1,9,99,99,9,9,99,99,0,9,99,9,99,0,1,6,6,1,52,8,-1,-1,-1,-1,2,E01000027,0,1
2024010518349,2024,010518349,1,8,0,99,99,9,9,99,99,9,9,99,9,99,2,1,6,6,1,44,7,-1,-1,-1,-1,5,E01002696,0,3
2024070480816,2024,070480816,2,5,0,9,9,7,5,0,0,3,0,0,0,0,0,1,6,6,1,48,8,-1,-1,-1,-1,9,E01018655,0,1
2024010496080,2024,010496080,2,9,0,99,99,9,9,99,99,9,9,99,9,99,1,9,6,6,3,-1,-1,-1,-1,-1,-1,-1,-1,0,-1
2024031488605,2024,031488605,1,9,0,-1,19,3,7,-1,-1,0,1,0,7,0,1,1,-1,9,2,39,7,-1,-1,-1,-1,-1,-1,0,-1
2024430341687,2024,430341687,1,9,0,13,13,3,7,0,0,0,0,0,0,0,4,1,6,6,3,-1,-1,-1,-1,-1,-1,-1,-1,0,-1
2024991506685,2024,991506685,1,9,0,-1,9,7,5,-1,0,1,0,0,0,0,1,1,-1,6,1,30,6,-1,-1,-1,-1,-1,-1,0,-1
2024440305030,2024,440305030,2,9,0,7,7,4,3,0,0,6,0,0,0,0,1,1,6,6,1,24,5,-1,-1,-1,-1,7,E01023166,0,1
2024320744490,2024,320744490,2,9,0,7,7,8,2,0,0,8,0,0,0,0,1,1,6,6,1,21,5,-1,-1,-1,-1,2,E01026113,0,1
2024320369542,2024,320369542,1,9,0,13,13,8,4,0,0,8,0,0,0,0,4,1,6,6,3,-1,-1,-1,-1,-1,-1,-1,-1,0,-1
2024320531946,2024,320531946,1,17,0,-1,-1,7,3,0,0,0,0,0,0,0,2,1,6,6,1,-1,-1,-1,-1,-1,-1,-1,-1,0,-1
2024010510032,2024,010510032,1,9,0,99,99,9,9,99,99,0,9,99,9,99,9,1,6,6,3,58,9,-1,-1,-1,-1,8,E01000256,0,1
2024010507320,2024,010507320,2,9,0,18,19,5,1,0,0,8,0,0,7,0,1,1,6,6,1,23,5,-1,-1,-1,-1,4,E01024673,0,4
2024411487572,2024,411487572,3,19,0,-1,-1,-1,-1,-1,-1,0,-1,-1,-1,0,-1,9,-1,1,1,62,9,-1,-1,-1,-1,10,E01023724,0,2
2024141538525,2024,141538525,2,9,0,-1,5,8,-1,-1,0,6,0,0,0,0,1,9,-1,6,3,-1,-1,-1,-1,-1,-1,-1,-1,0,-1
2024131441225,2024,131441225,1,90,0,-1,1,3,7,-1,0,0,0,0,0,0,2,1,-1,6,1,-1,-1,-1,-1,-1,-1,-1,-1,0,-1
2024010489635,2024,010489635,1,9,9,13,13,5,1,99,99,0,9,99,0,0,9,9,6,6,3,-1,-1,-1,-1,-1,-1,-1,-1,0,-1
2024010524008,2024,010524008,1,1,0,17,19,7,3,0,0,0,0,0,0,0,0,1,6,6,1,7,2,-1,-1,-1,-1,5,E01033885,0,3
2024010496020,2024,010496020,2,9,0,99,99,9,9,99,99,9,9,99,9,99,9,9,6,6,3,-1,-1,-1,-1,-1,-1,-1,-1,0,-1
2024010490664,2024,010490664,1,19,0,7,7,7,1,5,5,8,0,0,0,0,1,1,1,1,1,60,9,-1,-1,-1,-1,8,E01004149,0,3
2024991509274,2024,991509274,2,1,0,-1,5,7,6,-1,0,8,5,0,0,0,1,1,-1,1,1,42,7,-1,-1,-1,-1,5,-1,0,1
2024141454975,2024,141454975,2,-1,0,-1,19,1,6,-1,0,0,5,0,0,0,1,9,-1,6,1,12,3,-1,-1,-1,-1,2,E01007968,1,1
2024361470779,2024,361470779,1,9,0,-1,9,-1,-1,-1,0,2,0,0,0,0,0,1,-1,6,3,-1,-1,-1,-1,-1,-1,-1,-1,0,-1
2024041401645,2024,041401645,1,9,0,-1,19,3,7,-1,1,8,0,0,0,0,1,1,-1,6,3,-1,-1,-1,-1,-1,-1,-1,-1,0,-1
2024991439386,2024,991439386,2,9,0,-1,19,5,1,-1,0,1,0,0,0,0,1,1,-1,2,1,43,7,-1,-1,-1,-1,9,-1,0,1
2024351475115,2024,351475115,1,21,4,-1,19,6,2,-1,0,0,0,0,0,0,2,2,-1,1,1,38,7,-1,-1,-1,-1,2,E01015592,0,4
2024010522631,2024,010522631,2,1,0,18,19,1,5,0,0,8,0,0,0,0,3,1,6,6,1,52,8,-1,-1,-1,-1,9,E01003837,0,1
2024061526329,2024,061526329,2,21,1,-1,12,-1,-1,-1,0,1,0,0,0,0,1,2,-1,6,1,27,6,-1,-1,-1,-1,-1,-1,0,-1
2024461420061,2024,461420061,1,9,-1,-1,19,1,5,-1,0,1,0,0,0,0,1,9,-1,6,3,-1,-1,-1,-1,-1,-1,-1,-1,0,-1
2024361448266,2024,361448266,1,9,0,-1,19,7,3,-1,0,0,0,0,0,0,1,9,-1,6,3,25,5,-1,-1,-1,-1,-1,-1,0,-1
2024451479513,2024,451479513,3,9,0,-1,19,1,5,-1,0,0,0,0,0,0,1,1,-1,2,1,44,7,-1,-1,-1,-1,9,E01016247,0,2
2024501501305,2024,501501305,1,5,0,-1,5,7,3,-1,9,2,0,0,0,0,4,1,-1,9,1,29,6,-1,-1,-1,-1,2,E01018996,0,1
202460Q095342,2024,60Q095342,1,1,0,7,7,5,7,0,0,2,0,0,0,0,1,1,6,6,1,32,6,-1,-1,-1,-1,-1,-1,0,-1
2024010490259,2024,010490259,1,19,0,99,99,9,9,99,99,9,9,99,9,99,1,9,1,1,1,58,9,-1,-1,-1,-1,2,E01001594,0,2
2024501555496,2024,501555496,2,1,0,-1,19,2,6,-1,0,1,0,0,0,0,0,1,-1,6,1,25,5,-1,-1,-1,-1,3,E01015061,0,1
2024161427283,2024,161427283,1,9,0,-1,7,3,3,-1,0,2,0,0,0,0,1,1,-1,1,1,33,6,-1,-1,-1,-1,-1,-1,0,-1
2024061394078,2024,061394078,3,9,0,-1,19,3,8,-1,0,1,0,0,0,0,1,1,-1,1,1,25,5,-1,-1,-1,-1,1,E01005463,0,1
2024010517546,2024,010517546,2,1,0,18,19,3,7,9,9,2,0,0,0,0,1,1,6,6,2,15,3,-1,-1,-1,-1,3,E01001645,0,1
2024101433357,2024,101433357,1,1,0,-1,19,1,5,-1,0,8,1,0,0,0,1,1,-1,6,1,10,2,-1,-1,-1,-1,1,E01008380,0,1
2024010494747,2024,010494747,1,9,0,18,19,1,5,0,0,8,0,0,0,0,1,1,1,1,2,20,4,-1,-1,-1,-1,2,E01001283,0,2
2024010532497,2024,010532497,2,1,0,18,19,3,7,0,0,0,0,0,0,0,4,1,6,6,1,36,7,-1,-1,-1,-1,6,E01030714,0,1
2024320409577,2024,320409577,1,1,0,-1,-1,2,6,0,0,0,0,0,0,0,1,1,-1,-1,1,12,3,-1,-1,-1,-1,5,E01026241,0,1
2024548032724,2024,548032724,3,8,0,8,8,5,7,0,0,2,0,0,0,0,3,1,6,6,1,64,9,-1,-1,-1,-1,6,E01014058,0,4
2024421531605,2024,421531605,1,9,0,-1,-1,-1,-1,-1,-1,-1,-1,-1,-1,0,-1,9,-1,6,3,-1,-1,-1,-1,-1,-1,-1,-1,0,-1
2024441536526,2024,441536526,2,2,0,-1,-1,3,7,-1,-1,0,0,0,0,0,1,1,-1,-1,3,30,6,-1,-1,-1,-1,-1,-1,0,-1
2024010530566,2024,010530566,1,1,9,99,99,9,9,99,99,9,9,99,9,99,9,1,6,6,1,12,3,-1,-1,-1,-1,2,E01000106,0,1
2024010550571,2024,010550571,2,1,9,99,99,9,9,99,99,9,9,99,9,99,1,1,1,1,3,-1,-1,-1,-1,-1,-1,-1,-1,0,-1
2024010488946,2024,010488946,1,1,9,99,99,9,9,99,99,9,9,99,9,99,9,1,6,6,1,27,6,-1,-1,-1,-1,2,E01003052,0,1
2024141399289,2024,141399289,2,1,0,-1,19,3,7,-1,0,1,5,0,0,0,1,1,-1,2,1,56,9,-1,-1,-1,-1,3,E01007374,0,1
2024031423803,2024,031423803,2,9,0,-1,19,8,4,-1,0,0,0,0,0,0,4,1,-1,6,-1,-1,-1,-1,-1,-1,-1,-1,-1,0,-1
2024131472046,2024,131472046,1,9,0,-1,-1,-1,-1,-1,-1,8,-1,-1,-1,0,-1,1,-1,6,3,-1,-1,-1,-1,-1,-1,-1,-1,0,-1
2024552401424,2024,552401424,2,9,0,2,2,0,0,0,0,0,0,4,0,0,3,1,6,6,3,-1,-1,-1,-1,-1,-1,-1,-1,0,-1
2024411434776,2024,411434776,1,9,0,-1,19,7,3,-1,0,0,1,0,1,0,1,1,-1,6,2,27,6,-1,-1,-1,-1,9,E01028818,0,4
2024010531504,2024,010531504,2,90,0,99,99,9,9,99,99,9,9,99,9,99,1,1,6,6,3,-1,-1,-1,-1,-1,-1,-1,-1,0,-1
2024461494822,2024,461494822,2,1,0,-1,19,3,7,-1,0,0,0,0,0,0,1,1,-1,9,1,85,11,-1,-1,-1,-1,10,E01024404,0,1
2024101414702,2024,101414702,2,5,0,-1,19,1,5,-1,0,1,0,0,0,0,3,1,-1,9,1,39,7,-1,-1,-1,-1,4,E01008306,0,1
2024010487492,2024,010487492,2,1,0,4,4,2,6,0,0,1,0,0,0,0,1,1,6,6,2,25,5,-1,-1,-1,-1,2,E01002716,0,1
2024010494563,2024,010494563,1,1,9,99,99,9,9,99,99,9,9,99,9,99,9,1,2,2,1,45,7,-1,-1,-1,-1,4,E01003637,0,1
2024201408877,2024,201408877,2,9,0,-1,2,1,5,-1,0,0,0,0,0,0,2,1,-1,6,1,40,7,-1,-1,-1,-1,-1,-1,0,-1
2024471467629,2024,471467629,1,98,0,-1,5,2,7,-1,0,1,0,0,0,0,1,2,-1,6,2,37,7,-1,-1,-1,-1,-1,-1,0,-1
2024061469513,2024,061469513,1,19,0,-1,19,4,8,-1,0,0,0,0,0,0,1,9,-1,6,3,-1,-1,-1,-1,-1,-1,-1,-1,0,-1
2024010493075,2024,010493075,1,9,0,18,19,5,1,0,0,8,0,0,0,0,1,1,6,6,1,27,6,-1,-1,-1,-1,4,E01002594,0,1
2024010497120,2024,010497120,1,9,0,5,5,1,5,0,0,2,0,0,0,0,4,1,2,2,2,37,7,-1,-1,-1,-1,6,E01001245,0,1
2024311414295,2024,311414295,2,-1,0,-1,19,6,2,-1,0,0,0,0,0,0,1,1,-1,7,1,16,4,-1,-1,-1,-1,-1,-1,1,-1
2024430161080,2024,430161080,1,1,0,9,9,7,5,0,0,5,0,0,0,0,1,1,2,2,1,46,8,-1,-1,-1,-1,10,E01017749,0,1
2024141511731,2024,141511731,1,9,0,-1,7,5,7,-1,0,6,0,0,0,0,1,9,-1,6,1,39,7,-1,-1,-1,-1,2,E01007595,0,1
2024610001724,2024,610001724,2,9,0,18,19,4,8,0,0,0,0,0,0,0,1,1,6,6,2,22,5,-1,-1,-1,-1,2,W01001483,0,2
2024141474368,2024,141474368,2,9,0,-1,-1,-1,-1,-1,-1,0,-1,-1,-1,0,-1,9,-1,6,3,-1,-1,-1,-1,-1,-1,-1,-1,0,-1
2024430494492,2024,430494492,1,9,0,15,15,3,7,0,0,4,0,0,0,0,3,1,6,6,3,-1,-1,-1,-1,-1,-1,-1,-1,0,-1
2024010513330,2024,010513330,2,9,9,99,99,9,9,99,99,9,9,99,9,99,9,9,6,6,3,-1,-1,-1,-1,-1,-1,-1,-1,0,-1
2024010550447,2024,010550447,1,1,9,99,99,9,9,99,99,9,9,99,9,99,9,1,6,6,2,30,6,-1,-1,-1,-1,9,E01004546,0,1
2024631403148,2024,631403148,1,9,0,-1,19,3,8,-1,0,0,5,0,2,10,4,1,-1,9,1,17,4,-1,-1,-1,-1,7,W01000523,0,2
2024010494101,2024,010494101,1,1,9,99,99,9,9,99,99,9,9,99,9,99,2,1,2,2,1,57,9,-1,-1,-1,-1,6,E01004521,0,1
2024010511269,2024,010511269,2,1,0,4,4,5,1,0,0,1,0,0,0,0,3,1,6,6,1,68,10,-1,-1,-1,-1,3,E01004645,0,1
2024430021050,2024,430021050,1,9,0,18,19,2,6,0,0,1,1,0,0,0,1,1,2,2,1,50,8,-1,-1,-1,-1,-1,-1,0,-1
2024461471589,2024,461471589,2,1,0,-1,15,7,3,-1,0,1,0,0,0,0,1,1,-1,6,1,28,6,-1,-1,-1,-1,2,E01024214,0,1
2024010525866,2024,010525866,2,1,0,5,5,3,7,0,0,1,0,0,0,0,1,1,1,1,1,24,5,-1,-1,-1,-1,7,E01004681,0,1
2024010489141,2024,010489141,1,23,0,18,19,5,1,0,0,0,1,0,0,0,0,1,1,1,1,19,4,-1,-1,-1,-1,2,E01033148,0,2
2024461427357,2024,461427357,2,9,0,-1,19,4,7,-1,0,0,0,1,0,0,1,9,-1,6,1,40,7,-1,-1,-1,-1,7,E01024569,0,4
2024401489485,2024,401489485,2,9,0,-1,19,8,4,-1,0,1,0,0,0,0,1,1,-1,6,2,29,6,-1,-1,-1,-1,9,E01017613,0,1
2024332401007,2024,332401007,2,9,0,-1,19,2,6,-1,0,8,0,0,0,0,1,1,-1,6,3,-1,-1,-1,-1,-1,-1,-1,-1,0,-1
2024401453814,2024,401453814,2,9,0,-1,13,3,7,-1,0,1,0,0,0,0,4,1,-1,9,1,72,10,-1,-1,-1,-1,3,E01015807,0,1
2024010513363,2024,010513363,2,9,9,99,99,9,9,99,99,9,9,99,9,99,1,9,6,6,3,48,8,-1,-1,-1,-1,8,E01021813,0,3
2024010492439,2024,010492439,1,11,0,99,99,9,9,99,99,9,9,99,9,99,0,9,1,1,1,64,9,-1,-1,-1,-1,3,E01001188,0,2
2024610003624,2024,610003624,1,9,0,18,19,1,0,0,0,0,0,0,0,0,0,1,6,6,1,-1,-1,-1,-1,-1,-1,-1,-1,0,-1
2024010501101,2024,010501101,2,1,0,5,5,3,7,0,0,1,0,0,0,0,1,1,1,1,1,53,8,-1,-1,-1,-1,3,E01001170,0,3
2024201511489,2024,201511489,1,9,0,-1,19,5,1,-1,0,1,0,0,0,0,1,9,-1,6,3,30,6,-1,-1,-1,-1,-1,-1,0,-1
2024010493868,2024,010493868,2,9,0,4,4,7,3,0,0,1,1,0,0,0,1,1,6,6,1,67,10,-1,-1,-1,-1,4,E01002311,0,1
2024531454100,2024,531454100,1,9,0,-1,7,3,1,-1,0,1,0,0,0,0,1,1,-1,9,1,26,6,-1,-1,-1,-1,7,E01022225,0,1
2024522402112,2024,522402112,2,1,0,18,19,7,3,0,0,6,0,0,0,0,1,1,6,6,2,33,6,-1,-1,-1,-1,2,E01033353,0,1
2024421441770,2024,421441770,1,9,0,-1,19,3,7,-1,0,8,1,0,4,0,4,1,-1,9,1,80,11,-1,-1,-1,-1,9,E01021725,0,4
2024010512871,2024,010512871,2,9,0,99,99,9,9,99,99,0,9,99,9,99,1,9,6,6,3,-1,-1,-1,-1,-1,-1,-1,-1,0,-1
2024991462097,2024,991462097,2,1,0,-1,19,7,3,-1,0,1,1,0,0,0,3,1,-1,6,1,44,7,-1,-1,-1,-1,-1,-1,0,-1
2024302401503,2024,302401503,2,1,0,18,19,2,6,0,0,8,0,0,0,0,1,1,6,6,1,73,10,-1,-1,-1,-1,1,E01019561,0,1
2024052400294,2024,052400294,2,1,0,17,19,4,8,0,0,0,0,0,0,0,1,1,6,6,2,56,9,-1,-1,-1,-1,4,E01006628,0,1
2024161510002,2024,161510002,4,9,0,-1,2,0,0,-1,0,0,0,0,0,0,2,9,-1,6,-1,-1,-1,-1,-1,-1,-1,-1,-1,0,-1
2024010487790,2024,010487790,2,9,0,18,19,7,3,0,0,1,0,0,0,0,3,1,6,6,3,34,6,-1,-1,-1,-1,-1,-1,0,-1
2024010519363,2024,010519363,1,1,0,18,19,3,7,0,0,6,0,0,0,0,1,1,6,6,1,29,6,-1,-1,-1,-1,5,E01003714,0,3
2024010535966,2024,010535966,2,9,9,99,99,9,9,99,99,9,9,99,9,99,9,9,6,6,3,-1,-1,-1,-1,-1,-1,-1,-1,0,-1
2024010496091,2024,010496091,2,9,0,99,99,9,9,99,99,9,9,99,9,99,9,9,6,6,3,-1,-1,-1,-1,-1,-1,-1,-1,0,-1
2024520403070,2024,520403070,1,9,0,18,19,4,1,0,0,8,0,0,0,0,1,1,6,6,2,20,4,-1,-1,-1,-1,4,E01029111,0,3
2024010518252,2024,010518252,2,1,0,5,5,5,1,0,0,1,0,0,0,0,4,1,6,6,1,51,8,-1,-1,-1,-1,8,E01002579,0,1
2024161527905,2024,161527905,2,9,0,-1,19,2,6,-1,0,0,0,0,0,0,2,1,-1,6,1,47,8,-1,-1,-1,-1,2,E01013259,0,1
2024010490754,2024,010490754,2,9,0,99,99,9,9,99,99,9,9,99,9,99,9,9,6,6,3,-1,-1,-1,-1,-1,-1,-1,-1,0,-1
2024361411367,2024,361411367,2,9,0,-1,3,6,2,-1,0,0,0,0,0,0,1,1,-1,9,1,28,6,-1,-1,-1,-1,-1,-1,0,-1
2024141557321,2024,141557321,2,98,0,-1,19,5,1,-1,0,2,0,0,0,0,1,9,-1,6,3,-1,-1,-1,-1,-1,-1,-1,-1,0,-1
2024161477468,2024,161477468,1,9,0,-1,9,3,7,-1,0,1,0,0,0,0,3,1,-1,9,1,73,10,-1,-1,-1,-1,-1,-1,0,-1
2024531473337,2024,531473337,1,98,0,-1,19,3,7,-1,0,6,0,0,0,0,1,9,-1,6,3,-1,-1,-1,-1,-1,-1,-1,-1,0,-1
2024061417849,2024,061417849,1,-1,0,-1,19,3,7,-1,0,8,0,0,0,0,1,1,-1,6,1,20,4,-1,-1,-1,-1,6,E01005649,1,1
2024421523406,2024,421523406,2,9,0,-1,19,7,3,-1,0,0,0,0,0,0,2,1,-1,9,2,28,6,-1,-1,-1,-1,5,E01022014,0,3
2024451401460,2024,451401460,2,9,0,-1,19,5,1,-1,0,0,0,0,0,0,1,1,-1,1,1,49,8,-1,-1,-1,-1,3,E01031562,0,4
2024010499461,2024,010499461,2,9,0,99,99,9,9,99,99,9,9,99,9,99,1,9,6,6,3,-1,-1,-1,-1,-1,-1,-1,-1,0,-1
2024440403052,2024,440403052,2,1,0,4,4,5,1,0,0,1,0,0,0,0,4,1,6,6,1,56,9,-1,-1,-1,-1,4,E01023019,0,1
2024320762976,2024,320762976,2,9,0,-1,-1,2,6,0,0,8,1,10,0,0,4,1,6,6,1,68,10,-1,-1,-1,-1,3,E01026009,0,2
2024430444362,2024,430444362,2,9,0,18,19,4,4,0,0,1,0,0,0,-1,1,1,6,6,1,-1,-1,-1,-1,-1,-1,-1,-1,0,-1
2024010528670,2024,010528670,1,9,0,18,19,5,1,0,0,0,0,0,0,0,1,1,6,6,3,-1,-1,-1,-1,-1,-1,-1,-1,0,-1
2024010544133,2024,010544133,1,1,9,99,99,9,9,99,99,9,9,99,9,99,9,1,2,2,1,41,7,-1,-1,-1,-1,8,E01001569,0,1
2024201410479,2024,201410479,1,9,0,-1,19,1,4,-1,0,3,0,0,0,0,1,9,-1,6,3,-1,-1,-1,-1,-1,-1,-1,-1,0,-1
2024010517381,2024,010517381,2,9,0,18,19,1,5,0,0,8,0,0,0,0,1,1,6,6,3,-1,-1,-1,-1,-1,-1,-1,-1,0,-1