collision_index,collision_year,collision_ref_no,vehicle_reference,vehicle_type,towing_and_articulation,vehicle_manoeuvre_historic,vehicle_manoeuvre,vehicle_direction_from,vehicle_direction_to,vehicle_location_restricted_lane_historic,vehicle_location_restricted_lane,junction_location,skidding_and_overturning,hit_object_in_carriageway,vehicle_leaving_carriageway,hit_object_off_carriageway,first_point_of_impact,vehicle_left_hand_drive,journey_purpose_of_driver_historic,journey_purpose_of_driver,sex_of_driver,age_of_driver,age_band_of_driver,engine_capacity_cc,propulsion_code,age_of_vehicle,generic_make_model,driver_imd_decile,lsoa_of_driver,escooter_flag,driver_distance_banding
2024461526511,2024,461526511,1,9,0,-1,5,3,7,-1,0,1,0,0,0,0,1,9,-1,6,2,-1,-1,-1,-1,-1,-1,-1,-1,0,-1
2024361469481,2024,361469481,1,19,-1,-1,1,1,5,-1,0,1,-1,-1,-1,0,-1,9,-1,6,3,-1,-1,-1,-1,-1,-1,-1,-1,0,-1
2024010539141,2024,010539141,1,1,0,18,19,3,7,9,9,0,0,0,0,0,1,1,6,6,1,23,5,-1,-1,-1,-1,-1,-1,0,-1
2024010493529,2024,010493529,1,9,0,18,19,3,7,0,0,2,0,0,0,0,0,1,6,6,1,30,6,-1,-1,-1,-1,1,E01001798,0,1
2024010512757,2024,010512757,2,19,0,99,99,9,9,99,99,9,9,99,9,99,9,9,6,6,3,-1,-1,-1,-1,-1,-1,-1,-1,0,-1
2024231414269,2024,231414269,1,19,0,-1,19,8,4,-1,0,0,0,0,0,0,1,9,-1,9,3,45,7,-1,-1,-1,-1,-1,-1,0,-1
2024531466383,2024,531466383,1,98,0,-1,19,-1,-1,-1,0,0,0,0,0,0,1,1,-1,6,1,-1,-1,-1,-1,-1,-1,-1,-1,0,-1
2024010489094,2024,010489094,2,9,0,18,19,7,3,0,0,5,0,0,0,0,2,1,6,6,1,39,7,-1,-1,-1,-1,7,E01034440,0,4
2024061503356,2024,061503356,2,1,0,-1,19,5,1,-1,0,0,0,0,0,0,2,1,-1,6,1,-1,-1,-1,-1,-1,-1,-1,-1,0,-1
2024010490393,2024,010490393,2,9,0,99,99,9,9,99,99,0,9,99,9,99,9,9,6,6,3,-1,-1,-1,-1,-1,-1,-1,-1,0,-1
2024010497549,2024,010497549,1,9,0,99,99,9,9,0,0,1,0,0,0,0,0,1,6,6,3,-1,-1,-1,-1,-1,-1,-1,-1,0,-1
2024430450489,2024,430450489,2,9,0,18,19,8,4,0,0,0,0,0,0,0,1,1,6,6,3,-1,-1,-1,-1,-1,-1,-1,-1,0,-1
2024421406398,2024,421406398,1,98,1,-1,-1,-1,-1,-1,-1,0,-1,-1,-1,0,-1,9,-1,1,3,-1,-1,-1,-1,-1,-1,-1,-1,0,-1
2024201444409,2024,201444409,1,9,0,-1,1,3,7,-1,0,0,0,0,0,0,2,1,-1,1,1,30,6,-1,-1,-1,-1,-1,-1,0,-1
2024010523142,2024,010523142,2,1,9,99,99,9,9,99,99,9,9,99,9,99,1,1,6,6,1,30,6,-1,-1,-1,-1,7,E01004544,0,2
2024010496664,2024,010496664,1,1,9,99,99,9,9,0,0,9,0,99,0,0,9,1,1,1,1,28,6,-1,-1,-1,-1,3,E01034204,0,1
2024041485220,2024,041485220,2,97,0,-1,19,7,3,-1,0,0,0,0,0,0,1,1,-1,9,1,41,7,-1,-1,-1,-1,4,E01006223,0,3
2024161462367,2024,161462367,2,1,0,-1,19,7,3,-1,0,1,0,0,0,0,1,1,-1,6,1,29,6,-1,-1,-1,-1,3,E01013164,0,1
2024201488585,2024,201488585,1,19,0,-1,7,2,4,-1,0,5,0,0,0,0,1,9,-1,6,3,-1,-1,-1,-1,-1,-1,-1,-1,0,-1
2024351518765,2024,351518765,1,9,0,-1,19,1,5,-1,0,1,1,0,1,0,4,1,-1,6,2,26,6,-1,-1,-1,-1,2,E01015666,0,1
2024010491097,2024,010491097,1,9,0,99,99,9,9,99,99,0,9,99,9,99,1,9,6,6,3,-1,-1,-1,-1,-1,-1,-1,-1,0,-1
2024010496221,2024,010496221,1,3,0,4,4,5,1,0,0,6,0,0,0,0,2,1,6,6,1,29,6,-1,-1,-1,-1,7,E01002222,0,2
2024991472758,2024,991472758,2,9,0,-1,19,1,5,-1,0,1,0,0,0,0,4,1,-1,9,2,30,6,-1,-1,-1,-1,7,-1,0,3
2024461461750,2024,461461750,1,9,0,-1,5,7,4,-1,0,1,0,0,0,0,1,1,-1,6,1,26,6,-1,-1,-1,-1,2,E01024192,0,1
2024052402029,2024,052402029,1,9,0,5,5,8,6,0,0,1,0,0,0,0,1,1,6,6,3,-1,-1,-1,-1,-1,-1,-1,-1,0,-1
202454A409824,2024,54A409824,1,5,0,18,19,5,7,0,0,0,1,0,0,0,1,1,1,1,1,34,6,-1,-1,-1,-1,9,E01031988,0,1
2024461453270,2024,461453270,1,21,4,-1,13,5,1,-1,0,0,0,0,0,0,4,2,-1,2,1,56,9,-1,-1,-1,-1,-1,-1,0,-1
2024010537433,2024,010537433,1,1,9,99,99,9,9,99,99,9,9,99,9,99,9,1,6,6,2,30,6,-1,-1,-1,-1,5,E01001973,0,1
2024430053467,2024,430053467,1,9,0,18,19,6,2,0,0,8,0,0,0,0,1,1,6,6,2,25,5,-1,-1,-1,-1,10,E01016246,0,1
2024201455272,2024,201455272,1,9,0,-1,5,7,3,-1,0,0,0,0,0,0,1,9,-1,9,1,18,4,-1,-1,-1,-1,10,E01029514,0,2
2024622400412,2024,622400412,1,-1,0,18,19,7,3,0,0,6,0,0,0,0,0,1,2,2,2,27,6,-1,-1,-1,-1,7,W01001757,1,1
2024421402323,2024,421402323,1,9,0,-1,19,3,5,-1,0,0,0,0,0,0,1,1,-1,9,1,35,6,-1,-1,-1,-1,9,E01000343,0,4
2024440272535,2024,440272535,1,11,0,17,19,8,5,0,0,8,1,0,0,0,0,1,1,1,3,-1,-1,-1,-1,-1,-1,-1,-1,0,-1
2024010524758,2024,010524758,2,9,0,9,9,7,4,0,0,2,0,0,0,0,1,1,6,6,3,-1,-1,-1,-1,-1,-1,-1,-1,0,-1
2024010524930,2024,010524930,1,1,9,99,99,9,9,99,99,9,9,99,9,99,9,1,2,2,1,24,5,-1,-1,-1,-1,5,E01035707,0,1
2024371439917,2024,371439917,2,90,0,-1,19,1,5,-1,9,1,0,0,0,0,3,1,-1,6,1,37,7,-1,-1,-1,-1,4,E01030266,0,1
2024010521751,2024,010521751,2,1,0,9,9,1,7,0,0,0,0,0,0,0,1,1,6,6,2,25,5,-1,-1,-1,-1,6,E01002719,0,1
2024131427339,2024,131427339,2,1,0,-1,19,1,5,-1,0,8,0,0,0,0,1,1,-1,6,1,15,3,-1,-1,-1,-1,2,E01011943,0,1
2024351420641,2024,351420641,2,1,0,-1,15,6,2,-1,0,1,5,0,0,0,1,1,-1,2,1,34,6,-1,-1,-1,-1,1,E01015639,0,1
2024122400302,2024,122400302,1,9,0,9,9,6,5,0,0,4,0,0,0,0,3,1,6,6,3,-1,-1,-1,-1,-1,-1,-1,-1,0,-1
2024440442850,2024,440442850,3,9,0,18,19,3,7,0,0,0,0,0,0,0,1,1,6,6,2,81,11,-1,-1,-1,-1,10,E01022661,0,4
2024061455500,2024,061455500,2,9,9,-1,19,-1,-1,-1,0,8,0,0,0,0,1,1,-1,6,3,-1,-1,-1,-1,-1,-1,-1,-1,0,-1
2024411501724,2024,411501724,1,9,-1,-1,-1,-1,-1,-1,-1,-1,-1,-1,-1,0,-1,9,-1,6,3,-1,-1,-1,-1,-1,-1,-1,-1,0,-1
2024141484168,2024,141484168,1,9,0,-1,5,1,7,-1,0,2,0,0,0,0,2,9,-1,6,3,-1,-1,-1,-1,-1,-1,-1,-1,0,-1
2024131519923,2024,131519923,1,9,0,-1,9,5,5,-1,0,5,0,0,7,0,1,1,-1,9,1,22,5,-1,-1,-1,-1,3,E01011212,0,1
2024610015924,2024,610015924,1,9,0,17,19,2,8,0,0,0,0,0,0,0,1,1,6,6,1,23,5,-1,-1,-1,-1,5,W01001478,0,2
2024430055927,2024,430055927,1,1,0,18,19,2,6,0,0,1,0,0,0,0,1,1,4,7,1,13,3,-1,-1,-1,-1,4,E01028516,0,1
2024520401189,2024,520401189,2,9,0,18,19,4,8,0,0,2,2,0,0,0,1,1,6,6,1,66,10,-1,-1,-1,-1,7,E01029151,0,1
2024010528238,2024,010528238,2,9,0,99,99,9,9,0,0,0,0,0,0,0,1,1,6,6,3,-1,-1,-1,-1,-1,-1,-1,-1,0,-1
2024010492465,2024,010492465,1,9,0,18,19,7,3,0,0,2,0,0,0,0,4,1,6,6,1,47,8,-1,-1,-1,-1,3,E01001809,0,2
2024141500789,2024,141500789,1,9,0,-1,19,4,8,-1,0,0,0,0,0,0,1,9,-1,6,3,-1,-1,-1,-1,-1,-1,-1,-1,0,-1
2024201535811,2024,201535811,1,9,0,-1,19,3,7,-1,0,0,0,0,0,0,1,9,-1,6,2,30,6,-1,-1,-1,-1,-1,-1,0,-1
2024531463837,2024,531463837,3,5,0,-1,2,0,0,-1,0,0,0,0,0,0,4,1,-1,6,-1,-1,-1,-1,-1,-1,-1,-1,-1,0,-1
2024101527940,2024,101527940,1,9,0,-1,19,1,3,-1,0,8,0,0,0,0,1,9,-1,6,3,40,7,-1,-1,-1,-1,-1,-1,0,-1
2024010509267,2024,010509267,2,90,0,18,19,5,1,0,0,8,0,0,0,0,1,1,6,6,1,14,3,-1,-1,-1,-1,4,E01001182,0,1
2024131402232,2024,131402232,2,9,0,-1,19,3,7,-1,0,0,0,0,0,0,1,1,-1,6,1,32,6,-1,-1,-1,-1,1,E01010610,0,1
2024430265913,2024,430265913,1,9,0,17,19,6,2,0,0,6,0,0,0,0,3,1,3,7,2,55,8,-1,-1,-1,-1,7,E01028501,0,1
2024440329706,2024,440329706,2,8,0,18,19,5,1,0,0,4,1,0,1,0,1,1,6,6,1,31,6,-1,-1,-1,-1,6,E01017176,0,3
2024201512801,2024,201512801,2,9,0,-1,19,3,7,-1,0,0,0,0,0,0,4,1,-1,2,1,37,7,-1,-1,-1,-1,5,E01010513,0,1
2024131395421,2024,131395421,1,9,0,-1,19,6,2,-1,0,8,0,0,0,0,3,1,-1,6,1,77,11,-1,-1,-1,-1,2,E01010792,0,2
2024070893754,2024,070893754,1,9,0,-1,99,3,7,-1,0,8,0,0,0,0,1,1,-1,6,2,37,7,-1,-1,-1,-1,3,E01033303,0,1
2024141522599,2024,141522599,1,98,0,-1,7,2,7,-1,0,0,0,0,0,0,3,1,-1,6,3,-1,-1,-1,-1,-1,-1,-1,-1,0,-1
202417L209824,2024,17L209824,1,1,0,-1,19,2,6,-1,0,0,0,0,0,0,3,1,-1,9,1,40,7,-1,-1,-1,-1,3,E01012109,0,1
2024010501516,2024,010501516,2,1,0,18,19,3,7,0,0,8,0,10,0,0,3,1,1,1,1,26,6,-1,-1,-1,-1,5,E01002118,0,2
2024991469503,2024,991469503,1,9,0,-1,10,6,4,-1,0,6,0,0,0,0,1,1,-1,9,2,44,7,-1,-1,-1,-1,8,-1,0,1
2024501503993,2024,501503993,1,1,0,-1,4,-1,-1,-1,0,8,0,0,0,0,3,1,-1,9,1,59,9,-1,-1,-1,-1,9,E01018796,0,1
2024451406221,2024,451406221,2,9,0,-1,19,3,1,-1,0,0,0,0,0,0,3,9,-1,6,3,32,6,-1,-1,-1,-1,-1,-1,0,-1
2024052401203,2024,052401203,1,1,0,18,19,7,3,0,0,1,0,0,0,0,3,1,6,6,1,22,5,-1,-1,-1,-1,4,E01025517,0,3
2024010488443,2024,010488443,1,3,0,99,99,9,9,99,99,9,9,99,9,99,1,1,1,1,3,37,7,-1,-1,-1,-1,2,E01000603,0,1
2024991522519,2024,991522519,2,9,0,-1,5,7,3,-1,0,8,0,0,2,10,3,1,-1,9,2,26,6,-1,-1,-1,-1,-1,-1,0,-1
2024131471339,2024,131471339,2,97,0,-1,19,5,5,-1,0,3,0,0,0,0,3,1,-1,2,1,38,7,-1,-1,-1,-1,5,E01035052,0,1
2024501499523,2024,501499523,1,-1,0,-1,19,3,1,-1,0,1,0,0,0,0,1,1,-1,6,1,-1,-1,-1,-1,-1,-1,-1,-1,1,-1
2024010514115,2024,010514115,2,9,0,99,99,9,9,99,99,9,9,99,9,99,2,9,6,6,3,-1,-1,-1,-1,-1,-1,-1,-1,0,-1
2024461504384,2024,461504384,2,1,-1,-1,-1,-1,-1,-1,-1,0,-1,-1,-1,0,-1,1,-1,6,1,13,3,-1,-1,-1,-1,1,E01024682,0,1
2024010542850,2024,010542850,1,9,0,9,9,2,7,0,0,2,0,4,0,0,1,1,6,6,2,60,9,-1,-1,-1,-1,6,E01002618,0,1
2024552401212,2024,552401212,2,19,0,10,10,7,5,0,0,5,0,0,0,0,2,1,1,1,1,38,7,-1,-1,-1,-1,5,E01015444,0,2
2024041487717,2024,041487717,2,1,0,-1,19,1,5,-1,0,1,0,0,0,0,1,1,-1,6,1,59,9,-1,-1,-1,-1,7,E01025557,0,1
2024010543678,2024,010543678,1,9,0,-1,-1,7,3,9,9,0,0,0,0,0,0,1,6,6,3,-1,-1,-1,-1,-1,-1,-1,-1,0,-1
2024320392842,2024,320392842,1,1,0,-1,-1,8,4,0,0,2,5,0,0,0,0,1,-1,-1,1,74,10,-1,-1,-1,-1,4,E01026044,0,1
2024010511844,2024,010511844,2,9,0,18,19,7,3,0,0,4,0,0,3,10,1,1,6,6,1,38,7,-1,-1,-1,-1,8,E01003815,0,2
2024010538590,2024,010538590,1,1,0,18,19,1,5,4,4,1,0,0,0,0,1,1,2,2,2,31,6,-1,-1,-1,-1,3,E01032765,0,1
2024010534379,2024,010534379,2,9,0,99,99,9,9,99,99,9,0,99,9,99,9,9,6,6,3,-1,-1,-1,-1,-1,-1,-1,-1,0,-1
2024548047124,2024,548047124,1,9,0,5,5,3,7,0,0,6,0,0,0,0,1,1,2,2,1,71,10,-1,-1,-1,-1,8,E01031932,0,1
2024010530346,2024,010530346,1,19,0,18,19,5,1,0,0,0,0,0,0,0,1,1,6,6,1,58,9,-1,-1,-1,-1,2,E01002508,0,1
2024010551538,2024,010551538,1,1,9,99,99,9,9,99,99,9,9,99,9,99,9,1,2,2,3,27,6,-1,-1,-1,-1,3,E01004260,0,1
2024451422983,2024,451422983,2,1,0,-1,19,6,4,-1,0,0,0,0,0,0,1,1,-1,2,1,61,9,-1,-1,-1,-1,10,E01030382,0,1
2024501471917,2024,501471917,2,9,0,-1,19,7,3,-1,0,0,0,0,0,0,1,1,-1,9,1,45,7,-1,-1,-1,-1,8,E01015111,0,1
2024549476124,2024,549476124,2,5,0,18,19,6,2,0,0,1,0,0,0,0,3,1,6,6,1,50,8,-1,-1,-1,-1,9,E01032034,0,1
2024131471346,2024,131471346,2,1,0,-1,19,3,7,-1,0,1,0,0,0,0,3,1,-1,6,1,38,7,-1,-1,-1,-1,8,E01011884,0,2
2024421453096,2024,421453096,2,9,0,-1,2,0,0,-1,9,1,1,4,0,0,2,1,-1,6,-1,-1,-1,-1,-1,-1,-1,-1,-1,0,-1
2024122400458,2024,122400458,1,1,0,18,19,1,5,9,9,0,0,0,0,0,1,1,6,6,1,19,4,-1,-1,-1,-1,10,E01027606,0,1
2024010528507,2024,010528507,1,1,0,18,19,5,1,0,0,5,0,0,0,0,2,1,6,6,1,24,5,-1,-1,-1,-1,2,E01003194,0,1
2024010519032,2024,010519032,1,1,9,99,99,9,9,99,99,9,9,99,9,99,9,1,6,6,1,30,6,-1,-1,-1,-1,5,E01003914,0,1
2024010514970,2024,010514970,1,8,0,3,3,5,1,0,0,0,0,0,4,0,2,1,6,6,1,32,6,-1,-1,-1,-1,4,E01033081,0,4
2024522403273,2024,522403273,3,9,0,3,3,4,8,0,0,8,0,0,0,0,2,1,6,6,3,-1,-1,-1,-1,-1,-1,-1,-1,0,-1
2024010492720,2024,010492720,2,1,0,18,19,5,1,0,0,8,0,0,0,0,1,1,1,1,1,29,6,-1,-1,-1,-1,3,E01002084,0,1
2024351438597,2024,351438597,1,97,0,-1,19,3,7,-1,0,8,0,0,0,0,3,1,-1,6,1,44,7,-1,-1,-1,-1,5,E01018273,0,1
2024010488597,2024,010488597,2,9,0,18,19,5,1,0,0,1,1,0,0,0,1,1,6,6,1,18,4,-1,-1,-1,-1,2,E01000126,0,2
2024141434711,2024,141434711,3,9,0,-1,2,0,0,-1,0,0,0,0,0,0,1,1,-1,6,-1,-1,-1,-1,-1,-1,-1,-1,-1,0,-1
2024010519741,2024,010519741,1,1,9,99,99,9,9,99,99,9,9,99,9,99,9,1,6,6,1,27,6,-1,-1,-1,-1,4,E01003096,0,1
2024340NN1122,2024,340NN1122,1,9,0,-1,19,6,2,-1,0,0,0,0,0,0,1,1,-1,9,2,46,8,-1,-1,-1,-1,7,E01035394,0,1
2024471499416,2024,471499416,1,9,0,-1,19,2,7,-1,0,0,0,0,0,0,3,1,-1,1,1,62,9,-1,-1,-1,-1,6,E01031579,0,2
2024211401903,2024,211401903,1,9,0,-1,19,2,6,-1,0,0,2,0,1,0,1,9,-1,2,1,37,7,-1,-1,-1,-1,4,E01014369,0,2
2024131522971,2024,131522971,1,9,0,-1,19,5,1,-1,0,2,0,0,0,0,0,1,-1,6,3,20,4,-1,-1,-1,-1,-1,-1,0,-1
2024411538176,2024,411538176,2,9,0,-1,19,5,1,-1,0,0,0,0,0,0,1,1,-1,6,1,48,8,-1,-1,-1,-1,7,E01029955,0,4
2024461499715,2024,461499715,2,9,0,-1,2,0,0,-1,0,0,0,4,1,0,2,1,-1,6,-1,-1,-1,-1,-1,-1,-1,-1,-1,0,-1
2024401516350,2024,401516350,1,9,0,-1,19,3,7,-1,0,0,0,0,0,0,1,1,-1,6,3,-1,-1,-1,-1,-1,-1,-1,-1,0,-1
2024010498501,2024,010498501,1,9,9,99,99,9,9,99,99,9,9,99,9,99,9,9,6,6,3,-1,-1,-1,-1,-1,-1,-1,-1,0,-1
2024371421563,2024,371421563,1,19,0,-1,19,7,3,-1,0,8,0,0,0,0,3,9,-1,2,2,48,8,-1,-1,-1,-1,4,E01030219,0,1
2024010488582,2024,010488582,1,3,0,99,99,9,9,99,99,9,9,99,9,99,2,1,6,6,1,35,6,-1,-1,-1,-1,5,E01002613,0,1
2024010491438,2024,010491438,2,9,0,99,99,9,9,99,99,9,9,99,9,99,0,9,6,6,3,-1,-1,-1,-1,-1,-1,-1,-1,0,-1
2024010542338,2024,010542338,2,9,9,99,99,9,9,99,99,9,9,99,9,99,9,9,6,6,3,-1,-1,-1,-1,-1,-1,-1,-1,0,-1
2024430188453,2024,430188453,1,9,0,17,19,7,4,0,0,0,0,0,0,0,4,1,6,6,3,-1,-1,-1,-1,-1,-1,-1,-1,0,-1
2024010514833,2024,010514833,2,1,0,18,19,5,1,0,0,0,0,0,0,0,0,1,6,6,1,32,6,-1,-1,-1,-1,9,E01000716,0,1
2024541692624,2024,541692624,1,9,0,18,19,8,3,0,0,1,0,0,0,0,0,1,6,6,3,-1,-1,-1,-1,-1,-1,-1,-1,0,-1
2024010488882,2024,010488882,1,11,0,5,5,5,1,0,0,0,0,0,0,0,0,1,1,1,1,58,9,-1,-1,-1,-1,4,E01002098,0,1
2024231499514,2024,231499514,2,9,0,-1,9,3,1,-1,0,6,0,0,0,0,4,2,-1,6,2,35,6,-1,-1,-1,-1,6,E01031291,0,2
2024010545827,2024,010545827,2,9,0,18,19,1,5,0,0,4,0,0,0,0,1,1,6,6,3,-1,-1,-1,-1,-1,-1,-1,-1,0,-1
2024201442480,2024,201442480,2,1,0,-1,5,4,8,-1,0,0,0,0,0,0,1,1,-1,9,1,12,3,-1,-1,-1,-1,1,E01010532,0,1
2024041394887,2024,041394887,1,9,0,-1,11,5,1,-1,0,0,0,0,0,0,0,1,-1,6,3,-1,-1,-1,-1,-1,-1,-1,-1,0,-1
2024041445795,2024,041445795,1,9,0,-1,19,5,1,-1,0,1,5,0,2,11,1,1,-1,9,1,18,4,-1,-1,-1,-1,7,E01006252,0,3
2024421414647,2024,421414647,1,9,0,-1,1,3,7,-1,0,2,0,0,0,0,2,1,-1,6,2,-1,-1,-1,-1,-1,-1,-1,-1,0,-1
2024052400707,2024,052400707,1,8,0,1,1,1,5,0,0,1,0,0,0,0,2,1,6,6,1,52,8,-1,-1,-1,-1,1,E01034401,0,1
2024010488665,2024,010488665,5,9,0,2,2,0,0,0,0,0,0,4,0,0,1,1,6,6,3,-1,-1,-1,-1,-1,-1,-1,-1,0,-1
2024131470943,2024,131470943,2,9,0,-1,-1,-1,-1,-1,-1,2,-1,-1,-1,-1,-1,1,-1,6,3,-1,-1,-1,-1,-1,-1,-1,-1,0,-1
2024101511612,2024,101511612,1,9,0,-1,19,3,7,-1,0,0,0,0,0,0,4,1,-1,6,3,40,7,-1,-1,-1,-1,-1,-1,0,-1
2024010493577,2024,010493577,1,9,0,18,19,7,3,0,0,1,5,0,0,0,1,1,6,6,1,22,5,-1,-1,-1,-1,7,E01033133,0,1
2024031408356,2024,031408356,2,1,-1,-1,-1,-1,-1,-1,-1,-1,-1,-1,-1,0,-1,1,-1,9,2,27,6,-1,-1,-1,-1,3,E01035611,0,4
2024010493611,2024,010493611,1,11,0,5,5,7,3,0,0,2,0,0,0,0,0,1,1,1,1,65,9,-1,-1,-1,-1,2,E01003783,0,2
2024010487654,2024,010487654,1,2,0,18,19,8,4,0,0,1,2,0,0,0,1,1,6,6,1,22,5,-1,-1,-1,-1,3,E01002768,0,1
2024010501239,2024,010501239,2,20,9,99,99,9,9,99,99,0,9,99,9,99,1,9,6,6,3,-1,-1,-1,-1,-1,-1,-1,-1,0,-1
2024430128422,2024,430128422,1,9,0,8,8,4,6,0,0,1,0,0,0,0,2,1,6,6,2,47,8,-1,-1,-1,-1,9,E01032957,0,1
2024411542358,2024,411542358,2,20,4,-1,19,4,8,-1,0,1,0,0,0,0,3,1,-1,6,3,-1,-1,-1,-1,-1,-1,-1,-1,0,-1
2024010494998,2024,010494998,2,9,9,99,99,9,9,99,99,0,9,99,9,99,9,1,6,6,3,-1,-1,-1,-1,-1,-1,-1,-1,0,-1
2024131450657,2024,131450657,1,9,0,-1,-1,-1,-1,-1,-1,0,-1,-1,-1,-1,-1,1,-1,6,3,-1,-1,-1,-1,-1,-1,-1,-1,0,-1
2024471519673,2024,471519673,2,1,0,-1,19,1,5,-1,0,8,0,0,0,0,4,1,-1,9,1,68,10,-1,-1,-1,-1,1,E01020985,0,1
2024302401272,2024,302401272,4,9,0,2,2,0,0,0,0,1,0,0,0,0,0,1,6,6,3,-1,-1,-1,-1,-1,-1,-1,-1,0,-1
2024010489856,2024,010489856,1,9,0,99,99,9,9,99,99,9,9,99,9,99,9,9,6,6,3,-1,-1,-1,-1,-1,-1,-1,-1,0,-1
2024340WN4102,2024,340WN4102,2,1,0,-1,7,7,1,-1,0,5,0,0,0,0,2,1,-1,6,1,18,4,-1,-1,-1,-1,3,E01027188,0,1
2024010544801,2024,010544801,1,97,0,5,5,7,3,0,0,8,0,0,3,0,1,1,6,6,3,-1,-1,-1,-1,-1,-1,-1,-1,0,-1
2024340WN6272,2024,340WN6272,2,-1,0,-1,10,7,5,-1,0,8,0,0,0,0,3,1,-1,2,1,23,5,-1,-1,-1,-1,1,E01027177,1,1
2024401502039,2024,401502039,1,9,-1,-1,-1,-1,-1,-1,-1,0,-1,-1,-1,0,-1,9,-1,6,3,-1,-1,-1,-1,-1,-1,-1,-1,0,-1
2024010513176,2024,010513176,1,1,9,99,99,9,9,99,99,9,9,99,9,99,9,1,6,6,1,51,8,-1,-1,-1,-1,8,E01002963,0,1
2024471477651,2024,471477651,1,9,0,-1,19,5,1,-1,0,0,1,0,0,0,1,1,-1,2,1,28,6,-1,-1,-1,-1,5,E01031611,0,2
2024332400824,2024,332400824,2,9,0,-1,19,5,1,-1,0,4,0,0,0,0,1,1,-1,6,3,-1,-1,-1,-1,-1,-1,-1,-1,0,-1
2024361456453,2024,361456453,2,9,-1,-1,-1,-1,-1,-1,-1,-1,-1,-1,-1,0,-1,9,-1,6,3,-1,-1,-1,-1,-1,-1,-1,-1,0,-1
2024010531520,2024,010531520,1,1,9,99,99,9,9,99,99,9,9,99,9,99,9,1,2,2,1,27,6,-1,-1,-1,-1,6,E01035715,0,1
2024430148761,2024,430148761,1,1,0,18,19,3,7,0,0,1,0,0,0,0,1,1,6,6,1,33,6,-1,-1,-1,-1,3,E01022132,0,4
2024010494143,2024,010494143,1,11,0,18,19,1,5,0,0,2,0,0,0,0,0,1,1,1,1,66,10,-1,-1,-1,-1,2,E01001687,0,3
2024320424726,2024,320424726,2,9,0,-1,-1,4,8,0,0,0,0,0,1,0,1,1,-1,-1,1,73,10,-1,-1,-1,-1,5,E01026213,0,3
2024111420750,2024,111420750,2,9,0,-1,19,4,8,-1,0,0,0,1,1,0,2,1,-1,6,2,27,6,-1,-1,-1,-1,7,E01027418,0,4
2024010540263,2024,010540263,2,9,0,9,9,2,8,0,0,1,0,0,0,0,3,1,6,6,3,-1,-1,-1,-1,-1,-1,-1,-1,0,-1
2024340WN3412,2024,340WN3412,2,9,0,-1,19,3,7,-1,0,1,0,0,3,0,4,1,-1,9,1,80,11,-1,-1,-1,-1,8,E01027212,0,2
2024070641848,2024,070641848,1,9,0,18,19,1,5,0,0,1,0,0,0,0,3,1,6,6,2,-1,-1,-1,-1,-1,-1,-1,-1,0,-1
2024361544694,2024,361544694,2,1,0,-1,19,8,4,-1,0,0,0,0,0,0,2,1,-1,6,1,86,11,-1,-1,-1,-1,5,E01026737,0,3
2024010497879,2024,010497879,1,9,0,14,14,7,3,0,0,0,0,0,0,0,4,1,6,6,2,25,5,-1,-1,-1,-1,8,E01002328,0,1
2024061492605,2024,061492605,2,1,0,-1,13,4,8,-1,0,9,2,0,0,0,3,1,-1,6,1,30,6,-1,-1,-1,-1,5,E01019752,0,2
2024991422221,2024,991422221,2,19,0,-1,2,0,0,-1,9,2,0,0,0,0,0,1,-1,6,3,-1,-1,-1,-1,-1,-1,-1,-1,0,-1
2024610012524,2024,610012524,2,9,0,18,19,7,3,0,0,0,0,0,0,0,3,1,6,6,2,85,11,-1,-1,-1,-1,9,W01001641,0,1
2024010516462,2024,010516462,1,1,0,18,19,1,5,0,0,8,0,0,0,0,1,1,6,6,2,29,6,-1,-1,-1,-1,9,E01000849,0,1
2024211530952,2024,211530952,1,23,0,-1,13,6,1,-1,0,0,0,0,0,0,1,1,-1,6,-1,-1,-1,-1,-1,-1,-1,-1,-1,0,-1
2024122400115,2024,122400115,1,9,0,18,19,4,8,0,0,0,0,0,0,0,1,1,6,6,3,-1,-1,-1,-1,-1,-1,-1,-1,0,-1
2024131511104,2024,131511104,2,-1,0,-1,19,3,7,-1,0,1,0,0,0,0,4,1,-1,1,1,22,5,-1,-1,-1,-1,3,E01011944,1,1
2024201513659,2024,201513659,1,9,0,-1,19,7,3,-1,0,8,0,0,0,0,1,1,-1,6,1,29,6,-1,-1,-1,-1,9,E01019326,0,5
2024451494180,2024,451494180,1,1,0,-1,19,6,2,-1,0,8,0,0,0,0,1,1,-1,9,1,40,7,-1,-1,-1,-1,10,E01030923,0,1
2024201475140,2024,201475140,1,9,0,-1,19,7,3,-1,0,8,0,0,0,0,1,1,-1,6,1,52,8,-1,-1,-1,-1,2,E01009890,0,2
2024010492641,2024,010492641,2,9,0,99,99,9,9,99,99,0,9,99,9,99,9,9,6,6,1,22,5,-1,-1,-1,-1,3,E01003164,0,1
2024010487268,2024,010487268,1,3,0,99,99,9,9,99,99,0,9,99,9,99,2,1,6,6,1,24,5,-1,-1,-1,-1,6,E01003140,0,2
2024421417017,2024,421417017,2,9,0,-1,9,4,6,-1,0,1,0,0,0,0,1,1,-1,9,1,44,7,-1,-1,-1,-1,6,E01026924,0,5
2024161482872,2024,161482872,2,1,0,-1,19,3,7,-1,0,0,0,0,0,0,4,1,-1,6,1,64,9,-1,-1,-1,-1,8,E01035469,0,1
2024141478293,2024,141478293,2,1,0,-1,19,1,5,-1,0,1,0,0,0,0,4,1,-1,6,1,18,4,-1,-1,-1,-1,2,E01008107,0,1
2024520500026,2024,520500026,1,1,0,18,19,4,8,0,0,1,0,0,0,0,3,1,6,6,2,12,3,-1,-1,-1,-1,5,E01029094,0,1
2024548529924,2024,548529924,2,1,0,18,19,7,3,0,0,1,0,0,0,0,1,1,6,6,1,53,8,-1,-1,-1,-1,3,E01031856,0,1
2024161455225,2024,161455225,2,9,0,-1,19,6,1,-1,0,1,0,0,0,0,1,9,-1,6,3,-1,-1,-1,-1,-1,-1,-1,-1,0,-1
2024201457316,2024,201457316,2,22,0,-1,5,6,2,-1,0,0,0,0,0,0,1,1,-1,6,1,60,9,-1,-1,-1,-1,-1,-1,0,-1