collision_index,collision_year,collision_ref_no,vehicle_reference,vehicle_type,towing_and_articulation,vehicle_manoeuvre_historic,vehicle_manoeuvre,vehicle_direction_from,vehicle_direction_to,vehicle_location_restricted_lane_historic,vehicle_location_restricted_lane,junction_location,skidding_and_overturning,hit_object_in_carriageway,vehicle_leaving_carriageway,hit_object_off_carriageway,first_point_of_impact,vehicle_left_hand_drive,journey_purpose_of_driver_historic,journey_purpose_of_driver,sex_of_driver,age_of_driver,age_band_of_driver,engine_capacity_cc,propulsion_code,age_of_vehicle,generic_make_model,driver_imd_decile,lsoa_of_driver,escooter_flag,driver_distance_banding
2024010490345,2024,010490345,1,8,0,99,99,9,9,99,99,9,9,99,9,99,2,9,1,1,1,47,8,-1,-1,-1,-1,6,E01001214,0,2
2024010489299,2024,010489299,2,9,0,99,99,9,9,99,99,9,9,99,9,99,9,9,6,6,3,-1,-1,-1,-1,-1,-1,-1,-1,0,-1
2024010511257,2024,010511257,1,1,0,18,19,1,5,0,0,1,0,0,0,0,3,1,6,6,1,25,5,-1,-1,-1,-1,4,E01003549,0,2
2024041470432,2024,041470432,1,98,0,-1,19,5,1,-1,0,0,0,0,0,0,1,1,-1,6,3,-1,-1,-1,-1,-1,-1,-1,-1,0,-1
2024211496991,2024,211496991,1,99,0,-1,19,5,1,-1,0,0,0,0,0,0,3,1,-1,6,3,20,4,-1,-1,-1,-1,-1,-1,0,-1
2024440481272,2024,440481272,2,19,0,18,19,5,1,0,0,8,0,0,0,0,4,1,2,2,1,47,8,-1,-1,-1,-1,5,E01023129,0,1
2024010515512,2024,010515512,2,1,0,18,19,7,3,0,0,1,0,0,0,0,1,1,6,6,1,62,9,-1,-1,-1,-1,3,E01004755,0,1
2024531531066,2024,531531066,2,9,0,-1,2,5,1,-1,0,0,0,0,0,0,2,1,-1,2,1,54,8,-1,-1,-1,-1,6,E01022442,0,2
2024471432292,2024,471432292,1,1,0,-1,9,1,5,-1,0,2,0,0,0,0,1,1,-1,6,1,13,3,-1,-1,-1,-1,10,E01016984,0,1
2024010497383,2024,010497383,1,3,0,99,99,9,9,99,99,9,9,99,9,99,1,1,1,1,1,46,8,-1,-1,-1,-1,2,E01001558,0,2
2024430336172,2024,430336172,1,1,0,18,19,7,3,0,0,1,0,0,0,0,1,1,4,7,2,12,3,-1,-1,-1,-1,9,E01028723,0,1
2024361398650,2024,361398650,2,1,0,-1,19,7,3,-1,0,1,0,0,0,0,3,1,-1,9,1,20,4,-1,-1,-1,-1,1,E01026824,0,1
2024421482484,2024,421482484,1,9,0,-1,5,6,8,-1,0,6,0,0,0,0,1,9,-1,6,3,-1,-1,-1,-1,-1,-1,-1,-1,0,-1
2024522403170,2024,522403170,1,1,0,16,19,2,5,0,0,0,0,0,0,0,1,1,6,6,1,13,3,-1,-1,-1,-1,3,E01014736,0,1
2024010518365,2024,010518365,1,1,9,99,99,9,9,99,99,9,9,99,9,99,2,1,2,2,1,61,9,-1,-1,-1,-1,10,E01003358,0,1
2024031401432,2024,031401432,1,9,0,-1,19,7,1,-1,0,0,1,0,1,0,4,9,-1,9,2,25,5,-1,-1,-1,-1,4,E01019359,0,2
202454A901524,2024,54A901524,1,19,4,18,19,5,1,0,0,0,5,0,0,0,3,1,1,1,1,29,6,-1,-1,-1,-1,-1,-1,0,-1
2024451531302,2024,451531302,2,9,0,-1,7,-1,-1,-1,0,1,0,0,0,0,4,1,-1,6,3,30,6,-1,-1,-1,-1,-1,-1,0,-1
2024161451534,2024,161451534,2,9,0,-1,19,2,6,-1,0,1,0,0,0,0,1,9,-1,6,3,-1,-1,-1,-1,-1,-1,-1,-1,0,-1
2024320546050,2024,320546050,1,9,0,9,9,6,3,0,0,6,0,0,0,0,1,1,-1,-1,2,70,10,-1,-1,-1,-1,8,E01026228,0,2
2024211429316,2024,211429316,2,9,0,-1,4,6,4,-1,0,0,0,0,0,0,2,9,-1,1,1,61,9,-1,-1,-1,-1,5,E01034104,0,3
2024010536759,2024,010536759,1,9,0,18,19,1,5,99,99,9,0,99,0,0,9,1,6,6,3,-1,-1,-1,-1,-1,-1,-1,-1,0,-1
2024010488228,2024,010488228,2,1,0,18,19,5,1,0,0,8,0,0,0,0,3,1,6,6,2,48,8,-1,-1,-1,-1,6,E01003167,0,1
2024340WN2932,2024,340WN2932,1,9,0,-1,13,3,7,-1,0,1,0,0,0,0,1,1,-1,6,1,34,6,-1,-1,-1,-1,-1,-1,0,-1
202417L106524,2024,17L106524,2,9,0,-1,9,8,6,-1,0,6,0,0,0,0,1,1,-1,9,1,65,9,-1,-1,-1,-1,5,E01012164,0,1
2024531424758,2024,531424758,3,9,0,-1,19,2,6,-1,0,0,0,0,0,0,0,9,-1,1,1,51,8,-1,-1,-1,-1,-1,-1,0,-1
2024361537337,2024,361537337,1,1,0,-1,19,2,6,-1,9,2,5,0,0,0,1,1,-1,6,1,14,3,-1,-1,-1,-1,9,E01026527,0,1
2024122401124,2024,122401124,1,17,0,9,9,8,4,0,0,1,0,0,0,0,3,1,1,1,1,17,4,-1,-1,-1,-1,6,E01027562,0,1
2024010500065,2024,010500065,1,8,0,9,9,1,8,0,0,8,0,0,7,0,1,1,1,1,1,44,7,-1,-1,-1,-1,-1,-1,0,-1
2024122500158,2024,122500158,1,1,0,18,19,4,8,0,0,1,0,0,0,0,1,1,6,6,3,-1,-1,-1,-1,-1,-1,-1,-1,0,-1
2024010536888,2024,010536888,1,9,0,18,19,2,6,0,0,0,0,0,1,0,1,1,6,6,3,-1,-1,-1,-1,-1,-1,-1,-1,0,-1
2024041437856,2024,041437856,1,9,0,-1,5,-1,-1,-1,0,0,0,0,0,0,1,9,-1,6,3,-1,-1,-1,-1,-1,-1,-1,-1,0,-1
2024501498843,2024,501498843,2,19,0,-1,19,-1,-1,-1,0,2,0,0,0,0,4,1,-1,6,3,-1,-1,-1,-1,-1,-1,-1,-1,0,-1
2024010490235,2024,010490235,1,1,9,13,13,9,9,99,99,1,9,99,9,99,1,1,6,6,1,29,6,-1,-1,-1,-1,2,E01003984,0,1
2024010521745,2024,010521745,1,1,9,99,99,9,9,99,99,9,9,99,9,99,9,1,6,6,1,66,10,-1,-1,-1,-1,3,E01004344,0,1
2024211500363,2024,211500363,3,5,0,-1,19,3,7,-1,0,0,0,0,0,0,0,1,-1,9,1,63,9,-1,-1,-1,-1,6,E01026205,0,5
2024010511505,2024,010511505,1,9,0,4,4,3,7,0,0,1,0,0,0,0,1,1,1,1,1,52,8,-1,-1,-1,-1,-1,-1,0,-1
2024141466036,2024,141466036,2,1,0,-1,19,6,2,-1,0,1,0,0,0,0,1,1,-1,6,1,58,9,-1,-1,-1,-1,1,E01007677,0,1
2024441452076,2024,441452076,1,9,0,-1,19,5,1,-1,0,1,0,0,0,0,1,2,-1,6,1,84,11,-1,-1,-1,-1,10,E01023112,0,1
2024072400683,2024,072400683,1,21,1,12,12,3,7,0,0,1,0,0,0,0,3,1,1,1,3,-1,-1,-1,-1,-1,-1,-1,-1,0,-1
2024061478432,2024,061478432,1,1,9,-1,19,-1,-1,-1,0,0,5,0,0,0,1,1,-1,2,1,22,5,-1,-1,-1,-1,1,E01005067,0,1
2024351427053,2024,351427053,1,9,0,-1,19,5,3,-1,-1,1,0,0,0,0,4,1,-1,6,3,-1,-1,-1,-1,-1,-1,-1,-1,0,-1
2024501487395,2024,501487395,1,9,0,-1,19,7,3,-1,0,0,0,0,1,3,1,1,-1,2,2,29,6,-1,-1,-1,-1,4,E01019054,0,2
2024302400756,2024,302400756,3,1,0,18,19,8,4,0,0,8,0,0,0,0,1,1,6,6,1,36,7,-1,-1,-1,-1,2,E01019471,0,1
2024010503155,2024,010503155,2,19,0,99,99,9,9,99,99,6,9,99,9,99,1,9,6,6,3,-1,-1,-1,-1,-1,-1,-1,-1,0,-1
2024371460857,2024,371460857,2,99,0,-1,-1,-1,-1,-1,-1,2,0,0,0,0,-1,1,-1,6,3,-1,-1,-1,-1,-1,-1,-1,-1,0,-1
2024161507806,2024,161507806,1,9,0,-1,5,3,7,-1,0,1,0,0,0,0,1,1,-1,6,3,-1,-1,-1,-1,-1,-1,-1,-1,0,-1
2024552400359,2024,552400359,2,22,0,18,19,5,1,0,0,8,0,0,0,0,4,1,6,6,2,80,11,-1,-1,-1,-1,1,E01021500,0,5
2024552400174,2024,552400174,1,9,0,18,19,4,8,0,0,4,0,0,0,0,1,1,6,6,3,-1,-1,-1,-1,-1,-1,-1,-1,0,-1
2024211445477,2024,211445477,1,19,0,-1,19,1,5,-1,0,0,0,0,0,0,1,1,-1,1,1,49,8,-1,-1,-1,-1,4,E01008971,0,4
2024451452090,2024,451452090,1,9,0,-1,19,3,7,-1,0,0,0,0,0,0,3,1,-1,9,1,21,5,-1,-1,-1,-1,1,E01016863,0,4
2024052401165,2024,052401165,1,9,0,18,19,8,4,0,0,0,0,0,0,0,1,1,6,6,1,70,10,-1,-1,-1,-1,10,E01018698,0,3
2024141528314,2024,141528314,1,9,0,-1,19,1,4,-1,0,1,0,0,0,0,1,1,-1,1,1,61,9,-1,-1,-1,-1,3,E01007591,0,3
2024141426304,2024,141426304,1,9,0,-1,19,6,2,-1,0,0,1,0,1,3,1,9,-1,6,1,35,6,-1,-1,-1,-1,1,E01007729,0,2
2024111535022,2024,111535022,1,9,0,-1,9,1,5,-1,0,0,0,0,0,0,4,1,-1,6,3,30,6,-1,-1,-1,-1,-1,-1,0,-1
2024631499148,2024,631499148,2,9,0,-1,19,1,5,-1,0,0,0,0,1,10,3,1,-1,2,1,61,9,-1,-1,-1,-1,5,W01000543,0,3
2024231513112,2024,231513112,2,1,0,-1,19,3,7,-1,0,0,0,0,0,0,3,1,-1,6,1,41,7,-1,-1,-1,-1,7,E01035033,0,2
2024440310706,2024,440310706,2,9,0,18,19,5,1,0,0,1,0,0,0,4,1,1,1,1,2,65,9,-1,-1,-1,-1,6,E01023056,0,2
2024010522392,2024,010522392,1,1,0,18,19,1,5,0,0,0,0,0,0,0,2,1,6,6,1,33,6,-1,-1,-1,-1,3,E01002084,0,2
2024010520070,2024,010520070,1,1,0,18,19,2,6,0,0,1,0,0,0,0,1,1,6,6,2,42,7,-1,-1,-1,-1,6,E01002968,0,2
2024031416991,2024,031416991,1,98,0,-1,6,1,5,-1,0,6,0,0,0,0,1,2,-1,1,1,40,7,-1,-1,-1,-1,-1,-1,0,-1
2024440344416,2024,440344416,2,1,0,18,19,1,5,0,0,1,0,0,0,0,1,1,6,6,2,23,5,-1,-1,-1,-1,5,E01022835,0,1
2024522500305,2024,522500305,2,9,0,13,13,5,1,0,0,8,0,0,0,0,1,1,6,6,3,-1,-1,-1,-1,-1,-1,-1,-1,0,-1
2024010492658,2024,010492658,2,9,0,99,99,9,9,99,99,9,9,99,9,99,9,9,6,6,3,-1,-1,-1,-1,-1,-1,-1,-1,0,-1
2024010516729,2024,010516729,1,9,4,18,19,5,1,0,0,0,0,4,0,0,1,1,6,6,1,42,7,-1,-1,-1,-1,9,E01010642,0,5
2024610042724,2024,610042724,3,9,0,18,19,7,3,0,0,0,0,0,0,0,2,1,6,6,2,34,6,-1,-1,-1,-1,5,E01014050,0,4
2024211438440,2024,211438440,2,9,0,-1,19,6,2,-1,0,0,1,0,7,0,1,1,-1,6,1,36,7,-1,-1,-1,-1,7,E01029683,0,2
2024320063451,2024,320063451,2,9,0,-1,-1,8,4,0,0,1,0,0,0,0,1,1,-1,-1,2,45,7,-1,-1,-1,-1,2,E01026049,0,4
2024440039041,2024,440039041,1,9,0,18,19,3,7,0,0,1,0,0,3,4,1,1,6,6,2,63,9,-1,-1,-1,-1,9,E01022943,0,1
2024522403023,2024,522403023,1,1,0,99,99,9,9,9,9,8,0,0,0,0,9,1,6,6,1,10,2,-1,-1,-1,-1,5,E01014633,0,1
2024421408976,2024,421408976,1,9,0,-1,19,7,3,-1,0,1,0,0,0,0,4,9,-1,2,1,55,8,-1,-1,-1,-1,6,E01021894,0,1
2024201524269,2024,201524269,2,1,0,-1,5,6,2,-1,0,6,0,0,0,0,1,1,-1,9,1,31,6,-1,-1,-1,-1,4,E01029394,0,2
2024201465216,2024,201465216,2,-1,0,-1,19,1,8,-1,0,2,0,0,0,0,1,1,-1,6,1,18,4,-1,-1,-1,-1,-1,-1,1,-1
2024052402320,2024,052402320,2,1,0,18,19,7,3,0,0,0,0,4,0,0,0,1,1,1,1,24,5,-1,-1,-1,-1,1,E01007162,0,1
2024430204180,2024,430204180,2,1,0,18,19,4,8,0,0,0,0,0,0,0,4,1,6,6,1,63,9,-1,-1,-1,-1,-1,-1,0,-1
2024010525431,2024,010525431,1,3,0,17,19,5,1,0,0,0,0,0,0,0,1,1,6,6,1,29,6,-1,-1,-1,-1,3,E01000731,0,1
2024421478673,2024,421478673,2,1,0,-1,19,7,3,-1,0,0,5,0,1,4,2,1,-1,6,2,53,8,-1,-1,-1,-1,10,E01021738,0,1
2024351468632,2024,351468632,2,1,0,-1,19,2,7,-1,4,0,0,0,0,0,4,1,-1,6,2,20,4,-1,-1,-1,-1,6,E01034441,0,1
2024501404557,2024,501404557,3,9,0,-1,4,8,4,-1,0,0,0,0,0,0,2,1,-1,6,2,67,10,-1,-1,-1,-1,4,E01018922,0,2
2024010488291,2024,010488291,1,9,0,18,19,6,2,0,0,0,0,0,0,0,1,1,6,6,1,17,4,-1,-1,-1,-1,1,E01002095,0,1
2024010487676,2024,010487676,1,9,0,14,14,5,1,0,0,1,0,0,0,0,1,1,6,6,1,31,6,-1,-1,-1,-1,6,E01002006,0,2
2024010508387,2024,010508387,1,1,0,99,99,9,9,99,99,9,0,99,9,99,9,1,6,6,3,47,8,-1,-1,-1,-1,8,E01004075,0,2
2024070803994,2024,070803994,1,9,0,-1,19,3,7,-1,0,0,0,0,0,0,1,1,-1,9,1,41,7,-1,-1,-1,-1,5,E01034678,0,1
2024010491561,2024,010491561,1,8,0,99,99,9,9,0,0,0,0,0,0,0,4,9,6,6,3,-1,-1,-1,-1,-1,-1,-1,-1,0,-1
2024052400768,2024,052400768,2,1,0,18,19,6,2,0,0,0,0,0,0,0,1,1,2,2,1,22,5,-1,-1,-1,-1,2,E01006565,0,1
2024161403361,2024,161403361,3,9,0,-1,19,7,3,-1,0,0,0,0,0,0,2,1,-1,6,1,24,5,-1,-1,-1,-1,-1,-1,0,-1
2024471536026,2024,471536026,3,1,0,-1,19,5,1,-1,0,1,0,0,0,0,1,1,-1,6,1,14,3,-1,-1,-1,-1,7,E01016987,0,3
2024061535238,2024,061535238,2,1,0,-1,19,-1,-1,-1,0,9,0,0,0,0,1,1,-1,6,1,-1,-1,-1,-1,-1,-1,8,E01005862,0,2
2024501495478,2024,501495478,1,9,0,-1,19,2,6,-1,0,1,0,0,0,0,1,1,-1,6,1,-1,-1,-1,-1,-1,-1,-1,-1,0,-1
2024010489483,2024,010489483,1,9,0,99,99,9,9,99,99,9,9,99,9,99,2,9,6,6,1,42,7,-1,-1,-1,-1,9,E01003381,0,3
2024010503237,2024,010503237,1,9,0,18,19,1,5,0,0,2,0,10,0,0,3,1,1,1,1,56,9,-1,-1,-1,-1,6,E01035346,0,4
2024371507657,2024,371507657,2,20,1,-1,19,5,1,-1,0,0,0,0,0,0,1,1,-1,1,1,33,6,-1,-1,-1,-1,8,E01008627,0,5
2024131508651,2024,131508651,2,9,0,-1,-1,7,7,-1,-1,1,-1,-1,0,0,1,1,-1,6,3,-1,-1,-1,-1,-1,-1,-1,-1,0,-1
2024061441878,2024,061441878,2,9,0,-1,9,-1,-1,-1,99,6,0,0,8,0,4,1,-1,6,3,-1,-1,-1,-1,-1,-1,-1,-1,0,-1
2024421439339,2024,421439339,2,1,0,-1,19,2,5,-1,0,0,0,0,0,0,3,1,-1,9,1,62,9,-1,-1,-1,-1,3,E01016014,0,1
2024131412053,2024,131412053,1,1,0,-1,-1,-1,-1,-1,-1,0,-1,-1,-1,-1,-1,1,-1,6,3,-1,-1,-1,-1,-1,-1,-1,-1,0,-1
2024161395023,2024,161395023,2,1,0,-1,19,2,6,-1,0,8,0,0,0,0,1,1,-1,2,1,52,8,-1,-1,-1,-1,10,E01028629,0,5
2024451441536,2024,451441536,1,9,0,-1,19,-1,-1,-1,0,0,0,0,0,0,3,9,-1,9,1,39,7,-1,-1,-1,-1,4,E01030400,0,2
2024010509974,2024,010509974,2,19,0,99,99,9,9,99,99,0,9,99,9,99,9,9,6,6,3,-1,-1,-1,-1,-1,-1,-1,-1,0,-1
2024520401928,2024,520401928,2,1,0,12,12,3,7,0,0,0,0,0,0,0,3,1,6,6,1,78,11,-1,-1,-1,-1,4,E01029281,0,1
2024010536226,2024,010536226,2,1,9,99,99,9,9,99,99,9,9,99,9,99,2,1,6,6,1,31,6,-1,-1,-1,-1,3,E01004319,0,2
2024052401327,2024,052401327,1,8,0,4,4,1,4,0,0,1,0,0,0,0,2,1,1,1,1,-1,-1,-1,-1,-1,-1,-1,-1,0,-1
2024549545524,2024,549545524,1,9,0,18,19,2,6,0,0,0,0,0,0,0,1,1,6,6,1,85,11,-1,-1,-1,-1,1,E01032096,0,1
2024070200561,2024,070200561,1,9,0,9,9,5,3,0,0,6,0,0,0,0,1,1,6,6,2,28,6,-1,-1,-1,-1,1,E01012399,0,4
2024201495494,2024,201495494,2,3,0,-1,19,7,3,-1,0,0,0,4,0,0,1,1,-1,9,1,35,6,-1,-1,-1,-1,1,E01009612,0,1
2024041511399,2024,041511399,1,9,0,-1,19,5,1,-1,0,0,0,0,0,0,4,9,-1,6,3,-1,-1,-1,-1,-1,-1,-1,-1,0,-1
2024111408289,2024,111408289,1,8,0,-1,15,5,1,-1,0,1,0,0,0,0,1,1,-1,7,2,42,7,-1,-1,-1,-1,3,E01020881,0,3
2024061525852,2024,061525852,1,9,0,-1,6,6,8,-1,0,1,0,0,0,0,3,1,-1,6,1,-1,-1,-1,-1,-1,-1,-1,-1,0,-1
2024221503265,2024,221503265,2,1,0,-1,10,4,2,-1,0,1,0,0,0,0,1,1,-1,2,1,39,7,-1,-1,-1,-1,7,E01028940,0,1
2024991450742,2024,991450742,3,9,0,-1,9,2,7,-1,0,8,0,0,0,0,0,1,-1,9,1,53,8,-1,-1,-1,-1,9,-1,0,2
2024411406481,2024,411406481,1,98,1,-1,12,7,3,-1,0,0,0,0,0,0,4,2,-1,1,1,45,7,-1,-1,-1,-1,-1,-1,0,-1
2024010538123,2024,010538123,2,1,0,9,9,3,2,0,0,3,2,0,0,0,3,1,1,1,2,32,6,-1,-1,-1,-1,6,E01004046,0,1
2024522401621,2024,522401621,1,1,0,18,19,8,4,0,0,8,0,0,0,0,3,1,6,6,1,50,8,-1,-1,-1,-1,4,E01014958,0,1
2024070110508,2024,070110508,1,9,0,5,5,3,1,0,0,6,0,0,0,0,3,1,2,2,2,29,6,-1,-1,-1,-1,6,E01018332,0,2
2024371491556,2024,371491556,1,9,0,-1,19,2,5,-1,0,0,0,0,0,0,1,9,-1,6,3,-1,-1,-1,-1,-1,-1,-1,-1,0,-1
2024061472553,2024,061472553,2,9,0,-1,19,8,4,-1,0,1,0,0,0,0,3,1,-1,6,1,21,5,-1,-1,-1,-1,1,E01005232,0,4
2024101414048,2024,101414048,2,1,0,-1,19,5,1,-1,0,0,1,0,0,0,4,1,-1,9,2,52,8,-1,-1,-1,-1,10,E01008497,0,1
2024010534248,2024,010534248,2,9,0,99,99,9,9,99,99,9,9,99,9,99,9,9,6,6,3,-1,-1,-1,-1,-1,-1,-1,-1,0,-1
2024201510599,2024,201510599,1,9,0,-1,19,3,7,-1,0,0,0,0,0,0,4,1,-1,9,2,59,9,-1,-1,-1,-1,6,E01010174,0,1
2024440128543,2024,440128543,1,1,0,18,19,4,8,0,0,1,0,0,0,0,3,1,6,6,1,16,4,-1,-1,-1,-1,6,E01022941,0,1
2024052402471,2024,052402471,1,19,0,1,1,2,6,0,0,0,0,0,0,0,2,1,6,6,3,-1,-1,-1,-1,-1,-1,-1,-1,0,-1
2024061502605,2024,061502605,2,90,0,-1,19,-1,-1,-1,0,0,0,10,0,0,4,9,-1,6,1,29,6,-1,-1,-1,-1,-1,-1,0,-1
2024122400471,2024,122400471,2,1,0,5,5,5,1,0,0,0,0,0,0,0,1,1,6,6,1,48,8,-1,-1,-1,-1,10,E01013381,0,1
2024421498420,2024,421498420,2,21,1,-1,2,3,7,-1,-1,0,0,0,0,0,2,2,-1,1,1,60,9,-1,-1,-1,-1,-1,-1,0,-1
2024471508920,2024,471508920,1,9,0,-1,19,1,5,-1,0,0,0,0,0,0,4,1,-1,9,1,27,6,-1,-1,-1,-1,4,E01034288,0,4
2024471525628,2024,471525628,2,22,0,-1,3,1,5,-1,9,1,5,0,0,0,1,1,-1,9,2,88,11,-1,-1,-1,-1,3,E01021092,0,1
2024010546482,2024,010546482,1,8,0,99,99,9,9,99,99,9,9,99,9,99,9,9,6,6,3,-1,-1,-1,-1,-1,-1,-1,-1,0,-1
2024010541207,2024,010541207,2,19,0,99,99,9,9,99,99,9,9,99,9,99,9,9,6,6,3,-1,-1,-1,-1,-1,-1,-1,-1,0,-1
2024501533716,2024,501533716,2,1,0,-1,9,1,7,-1,0,1,0,0,8,0,3,1,-1,6,1,15,3,-1,-1,-1,-1,7,E01020206,0,1
2024131516385,2024,131516385,1,9,0,-1,-1,-1,-1,-1,-1,8,-1,-1,-1,0,-1,1,-1,6,3,-1,-1,-1,-1,-1,-1,-1,-1,0,-1
2024070705874,2024,070705874,2,90,0,-1,19,2,6,-1,0,0,0,0,0,0,2,1,-1,6,1,35,6,-1,-1,-1,-1,-1,-1,0,-1
2024430101877,2024,430101877,1,9,0,18,19,3,7,0,0,0,2,0,7,11,1,1,1,1,2,24,5,-1,-1,-1,-1,1,E01016811,0,2
2024221454292,2024,221454292,1,9,0,-1,9,2,8,-1,0,5,0,0,0,0,1,9,-1,2,1,52,8,-1,-1,-1,-1,8,E01032441,0,1
2024161511005,2024,161511005,2,9,0,-1,2,0,0,-1,0,1,0,0,0,0,1,1,-1,6,-1,-1,-1,-1,-1,-1,-1,-1,-1,0,-1
2024421419672,2024,421419672,1,-1,0,-1,19,7,3,-1,0,6,5,0,0,0,1,1,-1,1,1,17,4,-1,-1,-1,-1,4,E01021277,1,1
2024311494578,2024,311494578,1,97,0,-1,19,4,8,-1,0,1,0,0,0,0,1,1,-1,6,3,-1,-1,-1,-1,-1,-1,-1,-1,0,-1
2024440274705,2024,440274705,1,9,0,18,19,2,6,0,0,1,0,0,0,0,1,1,6,6,2,29,6,-1,-1,-1,-1,6,E01032000,0,2
2024201435947,2024,201435947,2,9,0,-1,19,4,8,-1,0,0,0,0,0,0,2,9,-1,6,1,47,8,-1,-1,-1,-1,5,E01010499,0,1
2024141428322,2024,141428322,2,9,0,-1,19,8,4,-1,0,0,0,0,0,0,3,1,-1,6,2,44,7,-1,-1,-1,-1,2,E01007779,0,1
2024070394732,2024,070394732,1,9,0,18,19,2,5,0,0,0,0,0,0,0,1,1,6,6,2,53,8,-1,-1,-1,-1,8,E01035390,0,1
2024061453150,2024,061453150,1,19,0,-1,19,7,3,-1,0,0,0,7,0,0,1,1,-1,6,1,40,7,-1,-1,-1,-1,1,E01005482,0,1
2024411399999,2024,411399999,2,1,0,-1,19,8,4,-1,0,0,0,0,0,0,1,1,-1,2,2,34,6,-1,-1,-1,-1,3,E01004004,0,4
2024010489360,2024,010489360,2,9,0,99,99,9,9,99,99,9,9,99,9,99,9,9,6,6,3,-1,-1,-1,-1,-1,-1,-1,-1,0,-1
2024201487922,2024,201487922,1,9,0,-1,9,2,8,-1,0,6,0,0,0,0,1,9,-1,6,1,-1,-1,-1,-1,-1,-1,-1,-1,0,-1
2024070163144,2024,070163144,2,1,0,18,19,6,2,0,0,1,0,0,0,0,2,1,6,6,2,-1,-1,-1,-1,-1,-1,-1,-1,0,-1
2024010540995,2024,010540995,2,1,0,10,10,7,4,0,0,1,0,0,0,0,1,1,1,1,1,23,5,-1,-1,-1,-1,3,E01003552,0,1
2024991474048,2024,991474048,1,11,0,-1,5,2,6,-1,0,1,0,0,0,0,4,9,-1,1,3,18,4,-1,-1,-1,-1,-1,-1,0,-1
2024010492864,2024,010492864,2,9,0,99,99,9,9,99,99,9,9,99,9,99,9,9,6,6,3,-1,-1,-1,-1,-1,-1,-1,-1,0,-1
2024201527675,2024,201527675,1,9,0,-1,19,7,3,-1,0,8,0,0,0,0,1,1,-1,6,3,-1,-1,-1,-1,-1,-1,-1,-1,0,-1
2024101485323,2024,101485323,2,23,0,-1,19,3,7,-1,0,1,0,0,0,0,1,1,-1,1,1,38,7,-1,-1,-1,-1,4,E01008406,0,1
2024010493124,2024,010493124,2,1,0,18,19,5,1,0,0,0,0,0,0,0,3,1,1,1,1,27,6,-1,-1,-1,-1,3,E01003526,0,1
2024010497149,2024,010497149,1,3,0,99,99,9,9,99,99,9,9,99,9,99,1,1,1,1,3,-1,-1,-1,-1,-1,-1,4,E01000929,0,1
202417H102124,2024,17H102124,2,19,0,-1,19,5,1,-1,0,0,0,0,0,0,1,1,-1,6,1,-1,-1,-1,-1,-1,-1,-1,-1,0,-1
2024201456794,2024,201456794,1,9,0,-1,19,1,4,-1,0,8,0,0,0,0,1,2,-1,6,1,40,7,-1,-1,-1,-1,-1,-1,0,-1
2024101515149,2024,101515149,1,9,0,-1,19,1,5,-1,0,0,0,0,0,0,2,1,-1,9,2,33,6,-1,-1,-1,-1,5,E01008293,0,1
2024371491556,2024,371491556,2,1,0,-1,19,2,6,-1,0,0,0,0,0,0,2,1,-1,9,1,18,4,-1,-1,-1,-1,2,E01033122,0,1
2024311406594,2024,311406594,2,1,0,-1,19,6,3,-1,0,4,0,0,0,0,1,1,-1,6,1,20,4,-1,-1,-1,-1,-1,-1,0,-1
2024440566555,2024,440566555,2,9,0,18,19,6,2,0,0,1,0,0,0,0,2,1,6,6,2,31,6,-1,-1,-1,-1,2,E01017168,0,1
2024451527507,2024,451527507,2,1,0,-1,19,3,7,-1,0,0,5,0,1,0,2,1,-1,9,1,29,6,-1,-1,-1,-1,3,E01032582,0,4
2024070072056,2024,070072056,2,1,0,18,19,2,6,0,0,8,0,0,0,0,2,1,6,6,1,16,4,-1,-1,-1,-1,10,E01018644,0,1
2024010489858,2024,010489858,2,9,0,99,99,9,9,99,99,9,9,99,9,99,9,9,6,6,3,-1,-1,-1,-1,-1,-1,-1,-1,0,-1
2024010517038,2024,010517038,2,19,0,18,19,8,4,0,0,8,0,0,0,0,1,1,1,1,1,37,7,-1,-1,-1,-1,6,E01030586,0,4
2024471500032,2024,471500032,2,9,0,-1,19,3,7,-1,0,8,0,0,7,0,1,1,-1,9,1,26,6,-1,-1,-1,-1,6,E01021145,0,1
2024010491646,2024,010491646,2,19,0,2,2,0,0,2,2,0,0,0,0,0,4,1,6,6,3,-1,-1,-1,-1,-1,-1,-1,-1,0,-1
2024061525440,2024,061525440,1,4,0,-1,13,5,1,-1,0,0,0,0,0,0,1,1,-1,9,1,24,5,-1,-1,-1,-1,-1,-1,0,-1
2024010528861,2024,010528861,1,1,0,18,19,3,7,0,0,0,0,0,0,0,1,1,6,6,1,33,6,-1,-1,-1,-1,2,E01001820,0,2
2024010522508,2024,010522508,2,90,9,99,99,9,9,99,99,9,9,99,9,99,9,1,6,6,1,-1,-1,-1,-1,-1,-1,-1,-1,0,-1
2024010489378,2024,010489378,2,1,9,99,99,9,9,99,99,9,9,99,9,99,1,1,6,6,3,-1,-1,-1,-1,-1,-1,-1,-1,0,-1
2024991416712,2024,991416712,1,9,0,-1,19,2,6,-1,0,8,0,0,0,0,1,1,-1,6,2,19,4,-1,-1,-1,-1,8,-1,0,1
2024211499966,2024,211499966,1,97,0,-1,13,6,1,-1,0,0,0,0,0,0,3,1,-1,9,1,70,10,-1,-1,-1,-1,3,E01026614,0,5
2024320423010,2024,320423010,1,1,0,-1,-1,1,5,0,0,0,5,0,0,0,2,1,6,6,1,11,3,-1,-1,-1,-1,7,E01026013,0,1
2024430559480,2024,430559480,1,97,0,18,19,8,4,0,0,1,0,0,0,0,1,1,6,6,1,32,6,-1,-1,-1,-1,-1,-1,0,-1
2024501454899,2024,501454899,4,9,0,-1,4,3,7,-1,0,0,0,2,0,0,2,1,-1,9,2,37,7,-1,-1,-1,-1,1,E01013602,0,5
2024010491607,2024,010491607,2,9,0,18,19,1,5,0,0,1,1,0,0,0,1,1,6,6,1,31,6,-1,-1,-1,-1,3,E01016038,0,4