collision_index,collision_year,collision_ref_no,vehicle_reference,vehicle_type,towing_and_articulation,vehicle_manoeuvre_historic,vehicle_manoeuvre,vehicle_direction_from,vehicle_direction_to,vehicle_location_restricted_lane_historic,vehicle_location_restricted_lane,junction_location,skidding_and_overturning,hit_object_in_carriageway,vehicle_leaving_carriageway,hit_object_off_carriageway,first_point_of_impact,vehicle_left_hand_drive,journey_purpose_of_driver_historic,journey_purpose_of_driver,sex_of_driver,age_of_driver,age_band_of_driver,engine_capacity_cc,propulsion_code,age_of_vehicle,generic_make_model,driver_imd_decile,lsoa_of_driver,escooter_flag,driver_distance_banding
2024461459520,2024,461459520,1,9,0,-1,12,3,7,-1,0,0,0,0,0,0,0,1,-1,6,-1,70,10,-1,-1,-1,-1,-1,-1,0,-1
2024340WN0412,2024,340WN0412,2,9,0,-1,13,0,0,-1,0,0,0,0,0,0,4,1,-1,2,2,24,5,-1,-1,-1,-1,6,E01016827,0,4
2024141522634,2024,141522634,1,9,0,-1,19,4,8,-1,0,1,0,0,0,0,3,1,-1,9,2,60,9,-1,-1,-1,-1,8,E01007686,0,1
2024421460309,2024,421460309,1,1,0,-1,12,5,3,-1,0,0,0,0,0,0,3,1,-1,6,1,-1,-1,-1,-1,-1,-1,-1,-1,0,-1
2024010546595,2024,010546595,1,1,9,99,99,9,9,99,99,9,9,8,9,99,1,1,6,6,1,34,6,-1,-1,-1,-1,5,E01004056,0,1
2024010490676,2024,010490676,1,19,0,4,4,5,1,0,0,1,0,0,0,0,1,1,1,1,1,38,7,-1,-1,-1,-1,3,E01021851,0,3
2024010500461,2024,010500461,1,1,9,99,99,9,9,99,99,9,9,99,9,99,2,1,1,1,1,39,7,-1,-1,-1,-1,3,E01004755,0,1
2024010528402,2024,010528402,2,1,9,99,99,9,9,99,99,9,9,99,9,99,9,1,2,2,2,23,5,-1,-1,-1,-1,1,E01035639,0,1
2024401525402,2024,401525402,2,98,0,-1,19,1,5,-1,0,0,0,0,0,0,4,1,-1,6,1,51,8,-1,-1,-1,-1,7,E01032845,0,4
2024010491044,2024,010491044,2,9,0,99,99,9,9,99,99,9,9,99,9,99,9,9,6,6,1,46,8,-1,-1,-1,-1,6,E01001520,0,1
2024371403850,2024,371403850,2,22,0,-1,19,1,5,-1,9,0,1,0,0,0,1,1,-1,6,1,-1,-1,-1,-1,-1,-1,8,E01030237,0,1
2024010489959,2024,010489959,1,9,0,18,19,5,1,0,0,1,0,0,0,0,1,1,6,6,3,-1,-1,-1,-1,-1,-1,-1,-1,0,-1
2024010521376,2024,010521376,1,1,0,18,19,3,7,5,5,1,0,0,0,0,1,1,2,2,1,29,6,-1,-1,-1,-1,6,E01002676,0,1
2024371415084,2024,371415084,1,9,0,-1,19,5,3,-1,0,0,2,0,0,0,1,1,-1,9,1,17,4,-1,-1,-1,-1,3,E01029886,0,3
2024010508152,2024,010508152,2,9,0,99,99,9,9,99,99,9,9,99,9,99,9,9,6,6,3,-1,-1,-1,-1,-1,-1,-1,-1,0,-1
2024161501550,2024,161501550,1,19,0,-1,19,7,3,-1,5,0,0,0,1,0,4,9,-1,6,1,-1,-1,-1,-1,-1,-1,-1,-1,0,-1
2024371501900,2024,371501900,2,9,0,-1,19,5,1,-1,0,8,0,0,0,0,1,1,-1,1,1,54,8,-1,-1,-1,-1,6,E01030059,0,4
2024010499174,2024,010499174,1,1,0,99,99,9,9,0,0,8,0,99,9,99,9,1,2,2,1,46,8,-1,-1,-1,-1,9,E01000178,0,3
2024411401246,2024,411401246,1,9,0,-1,19,5,1,-1,0,4,0,0,0,0,1,9,-1,6,1,-1,-1,-1,-1,-1,-1,-1,-1,0,-1
2024440348488,2024,440348488,1,1,0,18,19,8,4,0,0,1,0,0,0,0,1,1,1,1,1,41,7,-1,-1,-1,-1,5,E01017126,0,1
2024440346542,2024,440346542,2,1,0,18,19,3,7,0,0,8,0,0,0,0,3,1,2,2,2,57,9,-1,-1,-1,-1,9,E01022659,0,1
2024041432987,2024,041432987,2,9,0,-1,19,1,5,-1,0,0,0,0,0,0,2,1,-1,9,1,40,7,-1,-1,-1,-1,8,E01012583,0,1
2024201448014,2024,201448014,2,9,0,-1,7,4,8,-1,0,0,0,0,0,0,4,1,-1,6,-1,16,4,-1,-1,-1,-1,-1,-1,0,-1
2024161462906,2024,161462906,2,1,0,-1,19,8,5,-1,0,0,5,0,0,0,1,1,-1,6,1,53,8,-1,-1,-1,-1,3,E01012807,0,3
2024010488454,2024,010488454,1,1,9,99,99,9,9,99,99,9,9,99,9,99,9,1,6,6,3,43,7,-1,-1,-1,-1,5,E01004644,0,2
2024061445647,2024,061445647,2,9,9,-1,19,-1,-1,-1,0,0,0,0,0,0,1,1,-1,6,3,-1,-1,-1,-1,-1,-1,-1,-1,0,-1
2024440340967,2024,440340967,2,1,0,18,19,7,3,0,0,1,0,0,0,0,1,1,6,6,1,26,6,-1,-1,-1,-1,6,E01022735,0,1
2024991498284,2024,991498284,3,9,0,-1,19,3,7,-1,0,0,0,0,0,0,0,1,-1,6,-1,40,7,-1,-1,-1,-1,-1,-1,0,-1
2024041396015,2024,041396015,1,9,0,-1,19,8,4,-1,0,0,0,0,0,0,4,9,-1,6,3,-1,-1,-1,-1,-1,-1,-1,-1,0,-1
2024201402616,2024,201402616,1,9,0,-1,19,5,1,-1,0,0,0,0,0,0,3,1,-1,6,3,50,8,-1,-1,-1,-1,-1,-1,0,-1
2024522500208,2024,522500208,1,19,0,1,1,1,5,0,0,0,0,0,0,0,2,1,6,6,1,-1,-1,-1,-1,-1,-1,-1,-1,0,-1
2024010516718,2024,010516718,1,1,9,99,99,9,9,99,99,9,9,99,9,99,1,1,2,2,1,35,6,-1,-1,-1,-1,6,E01003790,0,1
2024010491806,2024,010491806,2,9,0,2,2,0,0,0,0,2,0,0,0,0,3,1,6,6,3,-1,-1,-1,-1,-1,-1,-1,-1,0,-1
2024552400404,2024,552400404,2,1,0,18,19,6,2,4,4,8,0,0,0,0,1,1,2,2,1,40,7,-1,-1,-1,-1,9,E01015316,0,1
2024010547766,2024,010547766,1,9,0,99,99,9,9,99,99,9,9,99,9,99,1,9,6,6,1,43,7,-1,-1,-1,-1,3,E01001712,0,1
2024010511634,2024,010511634,2,9,0,99,99,9,9,99,99,9,9,99,9,99,1,9,6,6,2,-1,-1,-1,-1,-1,-1,-1,-1,0,-1
2024010509339,2024,010509339,1,1,9,99,99,9,9,99,99,0,9,99,9,99,9,1,6,6,1,19,4,-1,-1,-1,-1,3,E01003605,0,1
2024010491841,2024,010491841,1,9,0,18,19,7,3,0,0,2,0,0,0,0,4,1,2,2,1,46,8,-1,-1,-1,-1,4,E01002241,0,1
2024010508081,2024,010508081,1,9,0,2,2,0,0,0,0,1,0,0,0,0,2,1,6,6,3,-1,-1,-1,-1,-1,-1,-1,-1,0,-1
2024131488520,2024,131488520,1,-1,0,-1,19,2,6,-1,9,8,0,0,0,0,3,1,-1,9,1,8,2,-1,-1,-1,-1,2,E01011139,1,1
2024231464895,2024,231464895,2,1,0,-1,19,2,6,-1,0,8,5,0,0,0,1,1,-1,6,1,20,4,-1,-1,-1,-1,10,E01031317,0,1
2024010551439,2024,010551439,2,98,0,99,99,9,9,99,99,9,9,99,9,99,9,9,6,6,3,-1,-1,-1,-1,-1,-1,-1,-1,0,-1
2024430585440,2024,430585440,2,1,0,18,19,8,4,0,0,0,0,0,0,0,1,1,2,2,1,57,9,-1,-1,-1,-1,6,E01028586,0,1
2024010529527,2024,010529527,1,90,0,99,99,9,9,99,99,9,9,99,9,99,9,1,6,6,3,-1,-1,-1,-1,-1,-1,-1,-1,0,-1
2024471507531,2024,471507531,1,1,0,-1,10,5,3,-1,0,6,0,0,0,0,0,1,-1,6,2,57,9,-1,-1,-1,-1,3,E01033328,0,1
2024041523980,2024,041523980,1,9,0,-1,9,7,7,-1,0,2,0,0,3,0,1,1,-1,1,2,73,10,-1,-1,-1,-1,9,E01025532,0,1
2024531477668,2024,531477668,2,1,0,-1,19,5,1,-1,0,8,0,0,0,0,4,1,-1,2,1,39,7,-1,-1,-1,-1,8,E01022144,0,1
2024631447236,2024,631447236,2,9,0,-1,19,4,8,-1,0,0,0,0,7,10,1,1,-1,6,1,44,7,-1,-1,-1,-1,4,W01000608,0,3
2024101400341,2024,101400341,1,9,0,-1,19,6,2,-1,0,1,0,0,0,0,1,1,-1,6,1,55,8,-1,-1,-1,-1,-1,-1,0,-1
2024421513244,2024,421513244,1,9,0,-1,19,3,7,-1,0,1,0,0,0,0,1,9,-1,6,3,-1,-1,-1,-1,-1,-1,-1,-1,0,-1
2024010487143,2024,010487143,1,1,9,99,99,9,9,99,99,0,9,8,9,99,1,1,2,2,2,39,7,-1,-1,-1,-1,6,E01001852,0,2
2024010493667,2024,010493667,1,3,0,99,99,9,9,99,99,0,9,99,9,99,1,1,1,1,1,27,6,-1,-1,-1,-1,3,E01002756,0,1
2024552401077,2024,552401077,2,1,0,18,19,6,2,0,0,8,0,0,0,0,4,1,6,6,1,41,7,-1,-1,-1,-1,8,E01020435,0,4
2024010491049,2024,010491049,1,3,0,13,13,6,2,0,0,1,1,0,0,0,1,1,2,2,1,26,6,-1,-1,-1,-1,9,E01004706,0,2
2024161440047,2024,161440047,2,1,0,-1,19,7,3,-1,0,1,0,0,0,0,1,1,-1,6,1,42,7,-1,-1,-1,-1,6,E01012914,0,1
2024440444484,2024,440444484,1,1,0,18,19,7,3,0,0,0,0,0,0,0,1,1,6,6,1,67,10,-1,-1,-1,-1,8,E01022958,0,1
2024052400405,2024,052400405,2,1,0,3,3,4,8,0,0,1,0,0,0,0,1,1,6,6,1,34,6,-1,-1,-1,-1,8,E01034411,0,1
202460Q076696,2024,60Q076696,1,9,0,18,19,1,5,0,0,7,0,0,0,0,3,1,6,6,3,-1,-1,-1,-1,-1,-1,-1,-1,0,-1
2024471531582,2024,471531582,1,19,0,-1,19,7,3,-1,0,1,0,0,0,0,1,1,-1,6,3,-1,-1,-1,-1,-1,-1,-1,-1,0,-1
2024421437644,2024,421437644,2,9,0,-1,19,5,1,-1,0,8,0,0,0,0,1,1,-1,9,1,62,9,-1,-1,-1,-1,6,E01021356,0,3
2024201502369,2024,201502369,1,9,0,-1,19,5,1,-1,0,1,0,4,1,11,1,9,-1,1,1,34,6,-1,-1,-1,-1,7,E01009949,0,1
2024010525597,2024,010525597,1,1,9,99,99,9,9,99,99,0,9,8,9,99,9,1,2,2,1,18,4,-1,-1,-1,-1,3,E01001242,0,1
2024471462235,2024,471462235,2,1,0,-1,19,3,7,-1,0,1,0,0,0,0,1,1,-1,6,1,25,5,-1,-1,-1,-1,6,E01016890,0,1
2024052400206,2024,052400206,1,8,0,2,2,0,0,0,0,0,0,0,0,0,3,1,1,1,3,-1,-1,-1,-1,-1,-1,-1,-1,0,-1
2024401433486,2024,401433486,1,9,0,-1,-1,-1,-1,-1,-1,0,-1,-1,-1,0,-1,9,-1,6,2,-1,-1,-1,-1,-1,-1,-1,-1,0,-1
2024421461414,2024,421461414,1,9,0,-1,9,3,8,-1,0,5,0,0,0,0,4,1,-1,9,1,40,7,-1,-1,-1,-1,7,E01021553,0,2
2024361443769,2024,361443769,1,1,0,-1,-1,-1,-1,-1,-1,0,-1,-1,-1,0,2,1,-1,6,1,53,8,-1,-1,-1,-1,2,E01035134,0,1
2024010489446,2024,010489446,2,9,0,99,99,9,9,99,99,9,9,99,9,99,9,9,6,6,3,-1,-1,-1,-1,-1,-1,-1,-1,0,-1
2024070547835,2024,070547835,2,1,0,18,19,8,4,0,0,0,0,0,1,0,3,1,6,6,1,48,8,-1,-1,-1,-1,3,E01006335,0,4
2024141394541,2024,141394541,1,9,0,-1,19,5,1,-1,0,1,0,0,0,0,1,9,-1,6,3,-1,-1,-1,-1,-1,-1,-1,-1,0,-1
2024522402503,2024,522402503,1,1,0,18,19,1,5,0,0,8,0,0,0,0,3,1,6,6,1,30,6,-1,-1,-1,-1,5,E01014533,0,1
2024010523222,2024,010523222,2,1,0,13,13,1,5,0,0,1,0,0,0,0,3,1,6,6,1,15,3,-1,-1,-1,-1,3,E01000032,0,3
2024010508055,2024,010508055,2,3,0,99,99,9,9,99,99,9,9,99,9,99,1,1,6,6,3,20,4,-1,-1,-1,-1,3,E01001154,0,1
2024061417099,2024,061417099,2,1,0,-1,9,3,5,-1,0,1,0,0,0,0,1,1,-1,6,2,20,4,-1,-1,-1,-1,4,E01005185,0,1
2024546603824,2024,546603824,2,1,0,18,19,1,5,0,0,1,0,0,0,0,2,1,6,6,1,48,8,-1,-1,-1,-1,9,E01032710,0,1
2024440183945,2024,440183945,1,9,0,18,19,6,2,0,0,0,0,0,0,0,1,1,6,6,1,23,5,-1,-1,-1,-1,4,E01033381,0,1
2024010541849,2024,010541849,1,19,0,99,99,9,9,99,99,0,9,99,9,99,1,9,6,6,3,-1,-1,-1,-1,-1,-1,-1,-1,0,-1
2024430523096,2024,430523096,1,9,0,18,19,4,8,0,0,3,0,0,0,0,4,1,6,6,3,-1,-1,-1,-1,-1,-1,-1,-1,0,-1
2024411396729,2024,411396729,2,9,0,-1,4,4,8,-1,0,0,0,0,0,0,1,1,-1,9,1,48,8,-1,-1,-1,-1,8,E01022068,0,3
2024010530559,2024,010530559,1,1,9,99,99,9,9,99,99,9,9,99,9,99,2,1,6,6,1,53,8,-1,-1,-1,-1,2,E01034190,0,1
2024141473818,2024,141473818,1,1,0,-1,19,5,1,-1,0,0,0,0,0,0,3,1,-1,6,1,64,9,-1,-1,-1,-1,1,E01007847,0,1
2024411548579,2024,411548579,2,1,0,-1,19,1,2,-1,0,8,5,0,0,0,1,1,-1,6,1,48,8,-1,-1,-1,-1,4,E01023403,0,1
2024451421161,2024,451421161,1,1,0,-1,19,6,2,-1,0,8,5,0,0,0,4,1,-1,9,1,32,6,-1,-1,-1,-1,4,E01030551,0,3
2024371476373,2024,371476373,1,9,0,-1,10,2,6,-1,0,1,0,0,0,0,0,1,-1,6,2,61,9,-1,-1,-1,-1,7,E01026524,0,4
2024531488860,2024,531488860,1,9,0,-1,5,5,6,-1,0,2,0,0,0,0,1,1,-1,9,1,29,6,-1,-1,-1,-1,1,E01032937,0,1
2024351438938,2024,351438938,2,1,0,-1,5,7,3,-1,0,0,0,0,0,0,0,1,-1,9,1,65,9,-1,-1,-1,-1,5,E01018142,0,1
2024010501802,2024,010501802,1,1,9,99,99,9,9,99,99,9,9,99,9,99,0,1,1,1,1,29,6,-1,-1,-1,-1,2,E01003087,0,1
2024231514652,2024,231514652,1,1,0,-1,19,3,7,-1,0,1,0,0,1,0,1,1,-1,9,1,53,8,-1,-1,-1,-1,8,E01031136,0,1
2024010496845,2024,010496845,2,9,0,99,99,9,9,99,99,9,9,99,9,99,1,9,6,6,3,-1,-1,-1,-1,-1,-1,-1,-1,0,-1
2024161448224,2024,161448224,2,90,0,-1,19,4,8,-1,0,0,5,0,0,0,2,1,-1,7,1,12,3,-1,-1,-1,-1,5,E01012824,0,1
2024131434876,2024,131434876,1,9,0,-1,7,6,1,-1,0,1,0,0,0,0,4,1,-1,6,3,-1,-1,-1,-1,-1,-1,-1,-1,0,-1
2024010517951,2024,010517951,1,9,0,18,19,1,5,0,0,1,0,0,0,0,1,1,6,6,3,-1,-1,-1,-1,-1,-1,-1,-1,0,-1
2024302400218,2024,302400218,3,19,0,2,2,0,0,0,0,0,0,0,0,0,0,1,6,6,3,-1,-1,-1,-1,-1,-1,-1,-1,0,-1
2024522401204,2024,522401204,1,1,0,10,10,3,1,0,0,6,0,0,0,0,3,1,6,6,2,36,7,-1,-1,-1,-1,4,E01014704,0,1
2024401475088,2024,401475088,2,1,0,-1,19,3,7,-1,0,0,5,0,0,0,0,1,-1,6,1,40,7,-1,-1,-1,-1,9,E01017603,0,1
2024471484485,2024,471484485,1,19,0,-1,19,3,7,-1,0,1,0,0,0,0,4,1,-1,6,3,-1,-1,-1,-1,-1,-1,-1,-1,0,-1
2024070479384,2024,070479384,1,1,0,5,5,3,7,0,0,0,0,0,0,0,1,1,6,6,2,11,3,-1,-1,-1,-1,4,E01018733,0,1
2024430135782,2024,430135782,1,9,0,18,19,8,4,0,0,0,0,0,2,4,1,1,6,6,1,21,5,-1,-1,-1,-1,3,E01016486,0,4
2024101498631,2024,101498631,2,1,0,-1,19,1,5,-1,0,0,0,8,0,0,1,1,-1,2,1,47,8,-1,-1,-1,-1,3,E01008375,0,1
2024451534779,2024,451534779,2,9,0,-1,13,5,1,-1,0,0,0,0,0,0,4,1,-1,1,1,22,5,-1,-1,-1,-1,10,E01030382,0,1
2024451408491,2024,451408491,1,90,0,-1,19,5,1,-1,0,0,1,10,0,0,3,1,-1,1,1,78,11,-1,-1,-1,-1,10,E01030418,0,1
2024010531021,2024,010531021,2,1,9,99,99,9,9,99,99,9,9,99,9,99,1,1,6,6,3,-1,-1,-1,-1,-1,-1,-1,-1,0,-1
2024070552573,2024,070552573,1,17,0,18,19,7,3,0,0,2,0,0,0,0,1,2,6,6,1,-1,-1,-1,-1,-1,-1,-1,-1,0,-1
2024010508477,2024,010508477,2,9,0,99,99,9,9,99,99,9,9,99,9,99,1,9,6,6,3,-1,-1,-1,-1,-1,-1,-1,-1,0,-1
2024052400647,2024,052400647,1,-1,0,18,19,2,6,0,0,0,0,0,0,0,1,1,6,6,1,10,2,-1,-1,-1,-1,1,E01006909,1,1
2024061528264,2024,061528264,2,1,0,-1,19,4,8,-1,4,8,0,0,0,0,4,1,-1,2,1,62,9,-1,-1,-1,-1,-1,-1,0,-1
2024451504520,2024,451504520,3,9,0,-1,4,5,1,-1,0,0,0,0,0,0,2,1,-1,9,1,24,5,-1,-1,-1,-1,3,E01017228,0,4
2024041494357,2024,041494357,2,9,0,-1,2,3,8,-1,0,0,0,0,0,0,2,1,-1,6,-1,-1,-1,-1,-1,-1,-1,-1,-1,0,-1
2024522401643,2024,522401643,2,9,0,9,9,3,1,0,0,6,1,0,0,0,4,1,6,6,1,-1,-1,-1,-1,-1,-1,-1,-1,0,-1
2024010526776,2024,010526776,1,1,9,99,99,9,9,99,99,9,9,99,9,99,9,1,6,6,1,32,6,-1,-1,-1,-1,3,E01001844,0,1
2024010493868,2024,010493868,1,19,0,4,4,7,3,0,0,1,0,0,0,0,0,1,1,1,1,50,8,-1,-1,-1,-1,1,E01001517,0,4
2024141406458,2024,141406458,1,9,0,-1,19,6,2,-1,0,0,0,0,0,0,1,1,-1,6,2,32,6,-1,-1,-1,-1,3,E01007538,0,1
2024622400337,2024,622400337,1,9,0,9,9,1,7,0,0,2,0,0,0,0,1,1,6,6,2,41,7,-1,-1,-1,-1,9,E01032052,0,4
2024141522078,2024,141522078,1,9,0,-1,1,-1,-1,-1,0,0,0,0,0,0,2,9,-1,6,3,-1,-1,-1,-1,-1,-1,-1,-1,0,-1
2024411489531,2024,411489531,1,90,0,-1,19,-1,-1,-1,0,0,0,0,0,0,3,9,-1,6,1,17,4,-1,-1,-1,-1,-1,-1,0,-1
2024161402740,2024,161402740,2,1,0,-1,19,6,2,-1,0,8,0,0,0,0,4,1,-1,6,1,22,5,-1,-1,-1,-1,8,E01013151,0,2
2024010488750,2024,010488750,2,5,0,18,19,1,5,0,0,8,2,0,0,0,1,1,6,6,1,21,5,-1,-1,-1,-1,2,E01001001,0,1
2024010495551,2024,010495551,2,9,0,99,99,9,9,99,99,9,9,99,9,99,9,9,6,6,3,-1,-1,-1,-1,-1,-1,7,E01001049,0,1
2024010488665,2024,010488665,2,9,0,2,2,0,0,0,0,0,0,4,0,0,1,1,6,6,3,-1,-1,-1,-1,-1,-1,-1,-1,0,-1
2024520403395,2024,520403395,1,1,0,7,7,2,4,0,0,6,0,0,0,0,4,1,6,6,1,66,10,-1,-1,-1,-1,6,E01029275,0,1
2024401477290,2024,401477290,1,9,-1,-1,-1,-1,-1,-1,-1,0,-1,-1,-1,0,-1,9,-1,6,3,-1,-1,-1,-1,-1,-1,-1,-1,0,-1
2024991483251,2024,991483251,1,9,0,-1,19,7,3,-1,0,1,0,0,0,0,1,1,-1,6,1,69,10,-1,-1,-1,-1,7,-1,0,1
2024430000536,2024,430000536,2,9,0,13,13,7,3,0,0,0,0,0,0,0,4,1,6,6,3,-1,-1,-1,-1,-1,-1,-1,-1,0,-1
2024440170287,2024,440170287,2,1,0,18,19,1,5,0,0,8,0,0,0,0,1,1,6,6,1,37,7,-1,-1,-1,-1,3,E01017079,0,1
2024101503407,2024,101503407,1,9,0,-1,19,5,1,-1,0,0,0,0,0,0,4,1,-1,6,2,40,7,-1,-1,-1,-1,7,E01008197,0,1
2024010550381,2024,010550381,2,1,0,13,13,1,5,0,0,1,0,0,0,0,4,1,6,6,1,26,6,-1,-1,-1,-1,5,E01000417,0,1
2024522403426,2024,522403426,2,4,0,18,19,8,4,0,0,8,0,0,0,0,1,1,6,6,1,59,9,-1,-1,-1,-1,4,E01014607,0,1
2024471414006,2024,471414006,2,1,0,-1,19,8,3,-1,0,1,0,0,0,0,1,1,-1,9,1,50,8,-1,-1,-1,-1,8,E01035722,0,4
2024141453185,2024,141453185,2,1,0,-1,19,6,2,-1,2,8,5,0,0,0,1,1,-1,6,2,28,6,-1,-1,-1,-1,1,E01007566,0,4
2024991503656,2024,991503656,1,9,0,-1,5,1,5,-1,0,0,0,0,0,0,1,1,-1,6,1,44,7,-1,-1,-1,-1,7,-1,0,2
2024070360213,2024,070360213,1,1,0,18,19,4,7,0,0,0,0,0,0,0,1,1,6,6,1,-1,-1,-1,-1,-1,-1,1,E01006249,0,1
2024411499094,2024,411499094,2,1,0,-1,19,7,3,-1,0,3,0,0,0,0,2,1,-1,2,1,41,7,-1,-1,-1,-1,9,E01023319,0,1
2024371436966,2024,371436966,1,9,0,-1,13,5,1,-1,0,0,0,0,1,9,1,1,-1,6,1,41,7,-1,-1,-1,-1,2,E01026818,0,4
2024302401345,2024,302401345,2,1,0,18,19,5,1,0,0,8,0,0,0,0,3,1,4,7,1,12,3,-1,-1,-1,-1,8,E01019705,0,1
2024010492475,2024,010492475,1,9,0,99,99,9,9,99,99,9,9,99,9,99,2,9,6,6,1,27,6,-1,-1,-1,-1,3,E01001731,0,1
2024531520744,2024,531520744,2,9,0,-1,12,7,3,-1,0,1,0,0,0,0,0,9,-1,6,-1,-1,-1,-1,-1,-1,-1,-1,-1,0,-1
2024041505985,2024,041505985,1,23,0,-1,19,1,5,-1,0,0,0,0,0,0,3,1,-1,9,1,14,3,-1,-1,-1,-1,2,E01025521,0,1
2024010530598,2024,010530598,1,1,9,99,99,9,9,99,99,9,9,99,9,99,1,1,2,2,1,28,6,-1,-1,-1,-1,4,E01003637,0,1
2024041508554,2024,041508554,2,97,0,-1,13,6,2,-1,0,5,0,0,0,0,1,1,-1,9,2,19,4,-1,-1,-1,-1,10,E01025466,0,1
2024430465753,2024,430465753,1,9,0,18,19,1,5,0,0,1,0,0,0,0,1,1,6,6,1,20,4,-1,-1,-1,-1,-1,-1,0,-1
2024010496388,2024,010496388,2,9,0,2,2,0,0,0,0,0,0,0,0,0,0,1,6,6,3,-1,-1,-1,-1,-1,-1,-1,-1,0,-1
2024131415553,2024,131415553,1,8,0,-1,-1,-1,-1,-1,-1,-1,-1,-1,-1,-1,-1,1,-1,6,3,-1,-1,-1,-1,-1,-1,-1,-1,0,-1
2024010524595,2024,010524595,2,1,0,-1,-1,5,1,0,0,0,0,0,0,0,1,1,1,1,2,29,6,-1,-1,-1,-1,3,E01000007,0,1
2024332400842,2024,332400842,1,9,0,-1,19,1,5,-1,0,2,5,10,2,4,3,1,-1,9,1,88,11,-1,-1,-1,-1,10,E01025783,0,1
2024010493463,2024,010493463,2,-1,0,18,19,3,7,0,0,1,0,0,0,0,1,1,6,6,2,17,4,-1,-1,-1,-1,4,E01004686,1,1
2024010542495,2024,010542495,2,1,9,18,19,9,9,99,99,9,9,99,9,99,0,1,6,6,3,-1,-1,-1,-1,-1,-1,-1,-1,0,-1
2024010496228,2024,010496228,1,9,0,18,19,5,1,0,0,2,0,0,0,0,1,1,6,6,3,-1,-1,-1,-1,-1,-1,-1,-1,0,-1
2024010523789,2024,010523789,1,1,9,18,19,5,1,0,0,9,9,99,0,0,9,1,6,6,1,22,5,-1,-1,-1,-1,8,E01004504,0,1
2024311492939,2024,311492939,2,-1,0,-1,19,7,3,-1,0,0,0,0,0,0,1,2,-1,9,2,18,4,-1,-1,-1,-1,-1,-1,1,-1
2024161512050,2024,161512050,2,9,0,-1,3,5,3,-1,0,1,0,0,0,0,1,1,-1,6,1,45,7,-1,-1,-1,-1,-1,-1,0,-1
2024010517174,2024,010517174,2,1,0,18,19,1,5,0,0,1,0,0,0,0,1,1,6,6,1,8,2,-1,-1,-1,-1,2,E01004541,0,1
2024471402921,2024,471402921,2,4,0,-1,19,5,1,-1,0,1,0,0,0,0,1,1,-1,6,1,37,7,-1,-1,-1,-1,8,E01031474,0,1
2024010540568,2024,010540568,2,1,0,18,19,3,7,0,0,0,0,0,0,0,4,1,6,6,1,27,6,-1,-1,-1,-1,4,E01001370,0,1
2024010510430,2024,010510430,1,9,0,99,99,9,9,99,99,9,9,99,9,99,9,9,6,6,3,-1,-1,-1,-1,-1,-1,-1,-1,0,-1
2024631451545,2024,631451545,2,9,0,-1,9,6,4,-1,0,5,0,0,0,0,3,1,-1,9,2,48,8,-1,-1,-1,-1,7,W01000523,0,4
2024440066592,2024,440066592,1,9,0,9,9,5,3,0,0,5,0,0,0,0,1,1,6,6,1,44,7,-1,-1,-1,-1,9,E01017284,0,2
2024440389281,2024,440389281,1,9,0,4,4,5,1,0,0,1,0,0,0,0,1,1,6,6,3,-1,-1,-1,-1,-1,-1,-1,-1,0,-1
202454A582424,2024,54A582424,1,21,0,18,19,3,7,0,0,0,0,0,0,0,3,1,6,6,3,-1,-1,-1,-1,-1,-1,-1,-1,0,-1
2024471450713,2024,471450713,2,9,0,-1,4,8,4,-1,0,1,0,0,0,0,2,1,-1,9,2,41,7,-1,-1,-1,-1,4,E01020957,0,1
2024010495938,2024,010495938,1,9,0,99,99,9,9,0,0,0,9,99,9,99,2,9,1,1,2,29,6,-1,-1,-1,-1,6,E01001951,0,2
2024010511108,2024,010511108,1,19,9,99,99,9,9,0,0,0,0,99,9,99,9,1,6,6,3,-1,-1,-1,-1,-1,-1,-1,-1,0,-1
2024221510455,2024,221510455,1,9,0,-1,19,4,8,-1,0,0,0,4,0,0,1,9,-1,9,2,27,6,-1,-1,-1,-1,4,E01028836,0,1
2024231491037,2024,231491037,1,9,0,-1,19,2,6,-1,0,0,0,0,0,0,1,9,-1,6,3,45,7,-1,-1,-1,-1,-1,-1,0,-1
2024501496756,2024,501496756,2,9,0,-1,19,3,7,-1,0,1,0,0,1,0,1,1,-1,1,1,50,8,-1,-1,-1,-1,1,E01015030,0,1
2024010522848,2024,010522848,2,1,9,99,99,9,9,99,99,9,9,99,9,99,9,1,6,6,1,33,6,-1,-1,-1,-1,6,E01001935,0,1
2024010530701,2024,010530701,1,1,9,99,99,9,9,99,99,9,9,99,9,99,9,1,6,6,1,25,5,-1,-1,-1,-1,2,E01002100,0,1
2024351508065,2024,351508065,1,21,1,-1,19,1,5,-1,0,0,0,0,0,0,-1,1,-1,6,1,-1,-1,-1,-1,-1,-1,-1,-1,0,-1
2024061527024,2024,061527024,1,1,0,-1,19,-1,-1,-1,0,3,0,0,0,0,2,1,-1,6,1,53,8,-1,-1,-1,-1,8,E01006130,0,1
2024351398966,2024,351398966,1,9,0,-1,13,8,4,-1,0,0,0,0,0,0,3,9,-1,2,1,33,6,-1,-1,-1,-1,5,E01018139,0,4
2024061529021,2024,061529021,1,9,0,-1,9,1,6,-1,0,1,0,0,0,0,1,9,-1,6,1,-1,-1,-1,-1,-1,-1,-1,-1,0,-1
2024201472016,2024,201472016,2,23,0,-1,3,5,1,-1,0,1,5,0,0,0,1,1,-1,6,1,16,4,-1,-1,-1,-1,2,E01010315,0,1
2024440263717,2024,440263717,2,1,0,18,19,3,7,0,0,8,0,0,0,0,1,1,6,6,2,29,6,-1,-1,-1,-1,1,E01017039,0,1
2024501508632,2024,501508632,1,-1,0,-1,19,1,5,-1,0,8,1,0,0,0,1,1,-1,9,1,14,3,-1,-1,-1,-1,3,E01015192,1,1
2024471488258,2024,471488258,3,9,0,-1,9,3,1,-1,0,0,0,0,0,0,0,9,-1,6,-1,-1,-1,-1,-1,-1,-1,-1,-1,0,-1