collision_index,collision_year,collision_ref_no,vehicle_reference,vehicle_type,towing_and_articulation,vehicle_manoeuvre_historic,vehicle_manoeuvre,vehicle_direction_from,vehicle_direction_to,vehicle_location_restricted_lane_historic,vehicle_location_restricted_lane,junction_location,skidding_and_overturning,hit_object_in_carriageway,vehicle_leaving_carriageway,hit_object_off_carriageway,first_point_of_impact,vehicle_left_hand_drive,journey_purpose_of_driver_historic,journey_purpose_of_driver,sex_of_driver,age_of_driver,age_band_of_driver,engine_capacity_cc,propulsion_code,age_of_vehicle,generic_make_model,driver_imd_decile,lsoa_of_driver,escooter_flag,driver_distance_banding
2024131521939,2024,131521939,2,1,0,-1,19,1,5,-1,0,0,0,0,0,0,3,1,-1,6,1,40,7,-1,-1,-1,-1,9,E01011905,0,1
2024311440381,2024,311440381,2,21,1,-1,19,1,5,-1,0,0,0,0,0,0,1,1,-1,1,1,62,9,-1,-1,-1,-1,-1,-1,0,-1
2024221444990,2024,221444990,1,9,0,-1,7,4,6,-1,0,6,0,0,0,0,1,9,-1,6,1,57,9,-1,-1,-1,-1,-1,-1,0,-1
2024010528369,2024,010528369,2,1,0,18,19,3,7,5,5,2,0,0,0,0,3,1,6,6,3,-1,-1,-1,-1,-1,-1,-1,-1,0,-1
2024451458522,2024,451458522,2,1,0,-1,19,5,3,-1,0,8,0,0,0,0,4,1,-1,6,1,34,6,-1,-1,-1,-1,7,E01030548,0,1
2024052402040,2024,052402040,1,21,0,11,11,4,8,0,0,0,0,0,0,0,0,1,1,1,1,-1,-1,-1,-1,-1,-1,-1,-1,0,-1
2024010526058,2024,010526058,2,1,9,99,99,9,9,99,99,9,9,99,9,99,1,1,6,6,1,-1,-1,-1,-1,-1,-1,3,E01001112,0,1
2024010535907,2024,010535907,2,9,0,99,99,9,9,99,99,9,9,99,9,99,9,9,6,6,3,-1,-1,-1,-1,-1,-1,-1,-1,0,-1
2024552400321,2024,552400321,2,9,0,3,3,5,1,0,0,1,0,0,0,0,2,1,6,6,2,26,6,-1,-1,-1,-1,5,E01020410,0,2
2024991465581,2024,991465581,1,9,0,-1,19,8,3,-1,0,0,0,0,0,0,4,1,-1,6,3,20,4,-1,-1,-1,-1,-1,-1,0,-1
2024041464190,2024,041464190,1,9,0,-1,19,-1,-1,-1,0,0,0,0,0,0,4,9,-1,6,3,-1,-1,-1,-1,-1,-1,-1,-1,0,-1
2024401467800,2024,401467800,1,-1,0,-1,19,3,7,-1,2,1,0,0,0,0,1,1,-1,1,1,34,6,-1,-1,-1,-1,8,E01015799,1,2
2024010492279,2024,010492279,2,3,0,8,8,1,3,0,0,6,0,0,0,0,4,1,1,1,1,38,7,-1,-1,-1,-1,3,E01004233,0,3
2024501448835,2024,501448835,1,19,0,-1,13,4,8,-1,0,0,0,0,0,0,0,1,-1,6,3,-1,-1,-1,-1,-1,-1,-1,-1,0,-1
2024201487870,2024,201487870,2,9,0,-1,7,1,8,-1,0,5,0,0,1,0,2,9,-1,9,1,54,8,-1,-1,-1,-1,-1,-1,0,-1
2024201548688,2024,201548688,2,1,0,-1,19,2,6,-1,0,0,0,0,0,0,1,1,-1,6,1,8,2,-1,-1,-1,-1,-1,-1,0,-1
2024010538679,2024,010538679,1,9,9,99,99,9,9,99,99,9,9,99,9,99,9,9,6,6,3,-1,-1,-1,-1,-1,-1,-1,-1,0,-1
2024430353992,2024,430353992,1,9,0,18,19,4,8,0,0,0,0,0,0,0,1,1,1,1,1,45,7,-1,-1,-1,-1,6,E01017793,0,1
2024061504829,2024,061504829,2,9,0,-1,3,7,3,-1,0,0,0,0,0,0,2,1,-1,6,2,41,7,-1,-1,-1,-1,3,E01005604,0,1
2024131420226,2024,131420226,1,9,0,-1,-1,-1,-1,-1,-1,-1,-1,-1,-1,-1,-1,1,-1,6,3,-1,-1,-1,-1,-1,-1,-1,-1,0,-1
2024052400371,2024,052400371,2,-1,0,18,19,3,7,0,0,3,0,0,0,0,1,1,6,6,1,26,6,-1,-1,-1,-1,2,E01006586,1,1
2024131528799,2024,131528799,1,9,0,-1,19,6,2,-1,0,1,5,0,0,0,1,1,-1,6,1,84,11,-1,-1,-1,-1,4,E01011896,0,1
2024471402962,2024,471402962,1,1,0,-1,19,1,5,-1,0,0,0,0,0,0,1,1,-1,9,1,16,4,-1,-1,-1,-1,6,E01031402,0,1
2024311513273,2024,311513273,2,1,0,-1,19,2,4,-1,0,1,0,0,0,0,1,1,-1,2,1,25,5,-1,-1,-1,-1,1,E01013959,0,1
2024440389220,2024,440389220,1,1,0,18,19,8,4,0,0,0,0,0,0,0,1,1,6,6,3,-1,-1,-1,-1,-1,-1,-1,-1,0,-1
2024010536176,2024,010536176,2,1,0,5,5,1,5,0,0,2,0,0,0,0,2,1,6,6,1,28,6,-1,-1,-1,-1,2,E01000508,0,2
2024311508536,2024,311508536,1,1,0,-1,9,2,8,-1,5,1,0,0,0,0,1,1,-1,9,1,12,3,-1,-1,-1,-1,6,E01028142,0,1
2024041414268,2024,041414268,1,9,0,-1,5,1,5,-1,0,0,0,0,0,0,1,1,-1,2,2,57,9,-1,-1,-1,-1,9,E01025342,0,2
2024161500710,2024,161500710,1,9,0,-1,7,5,7,-1,0,1,0,0,0,0,1,1,-1,6,3,-1,-1,-1,-1,-1,-1,-1,-1,0,-1
2024522402766,2024,522402766,1,9,0,3,3,2,6,0,0,1,0,0,0,0,2,1,6,6,1,50,8,-1,-1,-1,-1,2,W01001526,0,4
2024430550021,2024,430550021,2,9,0,18,19,8,4,0,0,0,0,0,0,0,1,1,6,6,1,-1,-1,-1,-1,-1,-1,-1,-1,0,-1
2024141417354,2024,141417354,1,98,0,-1,19,1,5,-1,0,0,0,0,0,0,1,9,-1,6,-1,-1,-1,-1,-1,-1,-1,-1,-1,0,-1
2024332400059,2024,332400059,2,9,0,-1,19,2,6,-1,0,4,0,0,0,0,1,1,-1,6,3,-1,-1,-1,-1,-1,-1,-1,-1,0,-1
2024131472365,2024,131472365,1,9,0,-1,2,3,7,-1,9,8,0,0,0,0,3,1,-1,6,3,-1,-1,-1,-1,-1,-1,-1,-1,0,-1
2024161442867,2024,161442867,2,1,0,-1,7,1,6,-1,0,3,0,0,0,0,2,1,-1,6,1,64,9,-1,-1,-1,-1,4,E01012964,0,1
2024631522309,2024,631522309,2,1,0,-1,19,2,6,-1,9,8,0,0,0,0,1,1,-1,9,1,44,7,-1,-1,-1,-1,4,W01000656,0,1
2024631479911,2024,631479911,2,1,0,-1,19,3,7,-1,0,0,0,0,0,0,3,1,-1,9,1,45,7,-1,-1,-1,-1,7,W01000731,0,2
2024411539846,2024,411539846,1,9,0,-1,19,5,1,-1,0,0,0,0,0,0,1,9,-1,6,3,-1,-1,-1,-1,-1,-1,-1,-1,0,-1
2024131492852,2024,131492852,1,9,0,-1,-1,-1,-1,-1,-1,-1,-1,-1,-1,-1,-1,1,-1,6,3,-1,-1,-1,-1,-1,-1,-1,-1,0,-1
2024430367426,2024,430367426,2,9,0,18,19,7,3,0,0,0,0,0,0,0,1,1,6,6,1,-1,-1,-1,-1,-1,-1,-1,-1,0,-1
2024991475095,2024,991475095,1,1,0,-1,19,7,3,-1,0,0,0,0,0,0,1,1,-1,9,1,34,6,-1,-1,-1,-1,8,-1,0,3
2024461421277,2024,461421277,2,9,0,-1,2,3,7,-1,0,0,0,0,0,0,2,1,-1,6,-1,-1,-1,-1,-1,-1,-1,-1,-1,0,-1
2024351413184,2024,351413184,2,1,0,-1,9,-1,-1,-1,0,3,0,0,0,0,4,1,-1,2,1,35,6,-1,-1,-1,-1,7,E01035527,0,1
2024302401402,2024,302401402,2,1,0,18,19,2,6,9,9,6,0,0,0,0,4,1,6,6,1,8,2,-1,-1,-1,-1,2,E01019453,0,1
2024421421692,2024,421421692,1,9,-1,-1,5,6,2,-1,0,6,0,0,0,0,1,9,-1,6,3,30,6,-1,-1,-1,-1,-1,-1,0,-1
2024061499495,2024,061499495,1,9,0,-1,19,5,1,-1,0,8,0,0,0,0,3,9,-1,6,3,-1,-1,-1,-1,-1,-1,-1,-1,0,-1
2024010530975,2024,010530975,2,9,0,99,99,9,9,99,99,9,9,99,9,99,1,9,6,6,3,-1,-1,-1,-1,-1,-1,-1,-1,0,-1
2024451512738,2024,451512738,2,1,0,-1,19,1,5,-1,0,0,0,0,0,0,1,1,-1,9,1,49,8,-1,-1,-1,-1,10,E01004122,0,1
2024991449534,2024,991449534,1,1,0,-1,5,6,1,-1,0,6,0,0,0,0,4,1,-1,9,1,27,6,-1,-1,-1,-1,2,-1,0,2
2024302401045,2024,302401045,2,9,0,18,19,3,7,0,0,0,0,0,1,0,1,1,6,6,1,33,6,-1,-1,-1,-1,3,E01028103,0,4
2024201473274,2024,201473274,1,8,0,-1,19,3,7,-1,0,4,0,0,0,0,1,9,-1,6,3,-1,-1,-1,-1,-1,-1,-1,-1,0,-1
2024522402601,2024,522402601,2,1,0,18,19,1,5,0,0,0,0,0,0,0,1,1,6,6,1,69,10,-1,-1,-1,-1,5,E01014804,0,1
2024131504196,2024,131504196,2,9,0,-1,19,1,5,-1,0,2,0,0,1,0,1,1,-1,6,1,22,5,-1,-1,-1,-1,1,E01010655,0,1
2024010509449,2024,010509449,1,1,9,99,99,9,9,99,99,9,9,99,9,99,9,1,6,6,1,30,6,-1,-1,-1,-1,7,E01032768,0,2
2024302400091,2024,302400091,1,9,0,17,19,7,5,0,0,1,0,0,0,0,1,1,6,6,3,-1,-1,-1,-1,-1,-1,5,E01019456,0,3
2024010531514,2024,010531514,2,9,0,18,19,1,5,0,0,0,0,0,0,0,1,1,6,6,3,-1,-1,-1,-1,-1,-1,-1,-1,0,-1
2024201510763,2024,201510763,2,9,0,-1,19,4,8,-1,0,0,0,0,0,0,2,1,-1,1,1,42,7,-1,-1,-1,-1,1,E01009200,0,1
2024401492756,2024,401492756,1,98,0,-1,19,1,5,-1,0,0,0,0,0,0,4,9,-1,6,3,-1,-1,-1,-1,-1,-1,-1,-1,0,-1
2024041514404,2024,041514404,2,9,0,-1,19,6,2,-1,0,1,0,0,0,0,3,1,-1,6,3,-1,-1,-1,-1,-1,-1,-1,-1,0,-1
2024451469529,2024,451469529,1,1,0,-1,19,1,3,-1,0,0,0,0,0,0,1,1,-1,6,3,20,4,-1,-1,-1,-1,-1,-1,0,-1
2024430471672,2024,430471672,1,9,0,18,19,2,6,0,0,1,0,0,0,0,4,1,6,6,3,-1,-1,-1,-1,-1,-1,-1,-1,0,-1
2024010526701,2024,010526701,2,9,0,99,99,9,9,99,99,0,9,99,9,99,9,9,6,6,3,-1,-1,-1,-1,-1,-1,-1,-1,0,-1
2024010506620,2024,010506620,2,9,0,99,99,9,9,99,99,6,9,99,9,99,1,9,6,6,3,-1,-1,-1,-1,-1,-1,-1,-1,0,-1
2024211525425,2024,211525425,2,21,1,-1,19,5,1,-1,0,0,0,0,0,0,4,9,-1,1,3,-1,-1,-1,-1,-1,-1,-1,-1,0,-1
2024320528210,2024,320528210,1,16,0,-1,-1,4,8,0,0,0,5,0,0,0,0,1,-1,-1,2,23,5,-1,-1,-1,-1,-1,-1,0,-1
2024070779541,2024,070779541,1,9,0,-1,19,7,3,-1,0,1,0,0,0,0,1,9,-1,6,3,30,6,-1,-1,-1,-1,-1,-1,0,-1
2024052402407,2024,052402407,2,1,0,18,19,6,3,0,0,0,0,0,0,0,2,1,6,6,1,53,8,-1,-1,-1,-1,1,E01007210,0,1
2024010517337,2024,010517337,2,9,0,99,99,9,9,99,99,9,9,99,9,99,1,9,6,6,3,-1,-1,-1,-1,-1,-1,-1,-1,0,-1
2024311523940,2024,311523940,2,1,0,-1,19,3,7,-1,0,0,0,0,0,0,2,1,-1,6,1,14,3,-1,-1,-1,-1,-1,-1,0,-1
2024010510435,2024,010510435,1,9,0,9,9,5,3,0,0,8,0,0,0,0,0,1,6,6,1,51,8,-1,-1,-1,-1,8,E01023315,0,4
2024340WN5842,2024,340WN5842,2,9,0,-1,19,1,5,-1,0,0,0,0,0,0,2,1,-1,9,2,26,6,-1,-1,-1,-1,8,E01007664,0,5
2024161418251,2024,161418251,1,9,0,-1,19,7,3,-1,0,2,0,4,0,0,1,2,-1,6,1,24,5,-1,-1,-1,-1,6,E01013318,0,1
2024361440664,2024,361440664,1,9,0,-1,2,-1,-1,-1,0,0,0,0,0,0,1,1,-1,6,1,29,6,-1,-1,-1,-1,3,E01026782,0,1
2024471437191,2024,471437191,2,-1,0,-1,19,6,2,-1,0,0,0,0,0,0,4,1,-1,6,1,13,3,-1,-1,-1,-1,6,E01020950,1,1
2024552400072,2024,552400072,1,9,0,7,7,2,4,0,0,6,0,0,0,0,3,1,2,2,2,45,7,-1,-1,-1,-1,3,E01015385,0,1
2024471405636,2024,471405636,1,98,0,-1,19,5,3,-1,0,0,0,0,0,0,-1,9,-1,6,3,-1,-1,-1,-1,-1,-1,-1,-1,0,-1
2024010496322,2024,010496322,1,9,0,99,99,9,9,99,99,9,9,99,9,99,1,9,6,6,1,30,6,-1,-1,-1,-1,3,E01003586,0,1
2024332401166,2024,332401166,2,1,0,-1,19,4,8,-1,0,8,0,0,0,0,1,1,-1,1,1,33,6,-1,-1,-1,-1,2,E01025701,0,1
2024440219577,2024,440219577,1,-1,0,18,19,7,3,0,0,1,0,0,0,0,1,1,6,6,1,-1,-1,-1,-1,-1,-1,-1,-1,1,-1
2024520401309,2024,520401309,1,9,0,18,19,7,3,0,0,8,0,0,0,0,1,1,6,6,2,81,11,-1,-1,-1,-1,7,E01029151,0,1
2024201443978,2024,201443978,1,9,0,-1,19,6,2,-1,0,0,0,0,0,0,1,1,-1,9,3,30,6,-1,-1,-1,-1,-1,-1,0,-1
2024201512640,2024,201512640,3,9,0,-1,19,8,4,-1,0,8,0,0,0,0,1,9,-1,9,2,68,10,-1,-1,-1,-1,4,E01009620,0,1
2024122401291,2024,122401291,2,1,0,18,19,1,5,4,4,1,0,0,0,0,1,1,6,6,1,16,4,-1,-1,-1,-1,3,E01013350,0,1
2024361490351,2024,361490351,1,97,0,-1,14,3,4,-1,0,8,0,0,0,0,1,1,-1,9,2,46,8,-1,-1,-1,-1,6,E01027057,0,4
2024471520371,2024,471520371,1,9,0,-1,7,2,4,-1,0,6,0,0,0,0,1,1,-1,6,1,49,8,-1,-1,-1,-1,10,E01021228,0,1
2024430190321,2024,430190321,2,9,0,18,19,4,7,0,0,1,0,0,0,0,1,1,6,6,1,45,7,-1,-1,-1,-1,-1,-1,0,-1
2024991510846,2024,991510846,1,9,0,-1,19,4,8,-1,0,0,0,0,0,0,1,1,-1,6,2,21,5,-1,-1,-1,-1,3,-1,0,4
2024010532590,2024,010532590,1,1,9,99,99,9,9,99,99,9,9,99,9,99,1,1,6,6,1,16,4,-1,-1,-1,-1,3,E01002764,0,1
2024052400180,2024,052400180,2,1,0,18,19,4,8,0,0,0,0,0,0,0,3,1,6,6,1,29,6,-1,-1,-1,-1,2,E01007026,0,2
2024010517816,2024,010517816,2,1,0,18,19,5,1,0,0,1,0,0,0,0,4,1,6,6,2,26,6,-1,-1,-1,-1,5,E01003023,0,1
2024440220602,2024,440220602,1,9,0,9,9,4,2,0,0,6,0,0,0,0,3,1,6,6,1,77,11,-1,-1,-1,-1,6,E01023015,0,1
2024010495910,2024,010495910,2,19,0,99,99,9,9,99,99,9,9,99,9,99,2,9,6,6,3,-1,-1,-1,-1,-1,-1,-1,-1,0,-1
2024010547990,2024,010547990,1,1,9,99,99,9,9,99,99,9,9,99,9,99,9,1,6,6,1,32,6,-1,-1,-1,-1,3,E01004271,0,1
2024231459248,2024,231459248,2,9,0,-1,19,5,1,-1,0,8,0,0,0,0,3,1,-1,1,1,43,7,-1,-1,-1,-1,10,E01029380,0,4
2024061512331,2024,061512331,2,9,0,-1,9,1,6,-1,0,8,0,0,0,0,3,1,-1,2,1,45,7,-1,-1,-1,-1,2,E01006284,0,1
2024440377735,2024,440377735,1,3,0,18,19,3,7,0,0,8,0,0,0,0,1,1,6,6,1,18,4,-1,-1,-1,-1,5,E01017353,0,2
2024052401400,2024,052401400,2,1,0,18,19,3,8,0,0,0,0,0,0,0,2,1,6,6,2,12,3,-1,-1,-1,-1,1,E01006963,0,1
2024070527433,2024,070527433,1,9,0,5,5,3,6,0,0,8,0,0,0,0,1,1,6,6,2,38,7,-1,-1,-1,-1,9,E01029600,0,3
2024430021409,2024,430021409,1,9,0,7,7,7,2,0,0,3,0,0,0,0,4,1,6,6,1,50,8,-1,-1,-1,-1,-1,-1,0,-1
2024211511029,2024,211511029,2,1,-1,-1,3,3,7,-1,0,0,0,0,0,0,1,1,-1,6,1,33,6,-1,-1,-1,-1,10,E01034051,0,1
2024302401657,2024,302401657,2,1,0,-1,19,4,8,-1,0,8,0,0,0,0,3,1,-1,2,1,51,8,-1,-1,-1,-1,5,E01019440,0,3
2024010491622,2024,010491622,2,1,0,14,14,7,3,0,0,0,0,8,0,0,1,1,2,2,1,26,6,-1,-1,-1,-1,2,E01004219,0,1
2024501503401,2024,501503401,2,1,0,-1,19,3,7,-1,0,1,5,0,0,0,1,1,-1,6,2,35,6,-1,-1,-1,-1,6,E01019030,0,1
2024302401423,2024,302401423,1,9,0,13,13,5,1,0,0,0,2,0,1,7,1,1,6,6,1,40,7,-1,-1,-1,-1,5,E01019633,0,3
2024010487964,2024,010487964,2,9,9,99,99,9,9,99,99,9,9,99,9,99,9,9,6,6,3,-1,-1,-1,-1,-1,-1,-1,-1,0,-1
2024061437443,2024,061437443,1,9,0,-1,1,8,4,-1,0,0,0,0,0,0,2,1,-1,9,1,55,8,-1,-1,-1,-1,7,E01012717,0,4
2024010529244,2024,010529244,2,9,0,9,9,1,7,0,0,6,0,0,0,0,1,1,6,6,2,53,8,-1,-1,-1,-1,7,E01034034,0,1
2024010495105,2024,010495105,3,9,0,4,4,7,3,0,0,1,0,10,1,2,3,1,6,6,2,24,5,-1,-1,-1,-1,3,E01001591,0,1
2024520401554,2024,520401554,1,1,0,18,19,5,7,0,0,0,0,0,0,0,9,1,6,6,1,16,4,-1,-1,-1,-1,7,E01029150,0,4
2024221467746,2024,221467746,2,1,0,-1,19,6,2,-1,4,8,0,0,0,0,1,1,-1,6,1,15,3,-1,-1,-1,-1,3,E01014010,0,1
2024010509326,2024,010509326,1,1,0,18,19,3,7,0,0,5,0,0,0,0,1,1,6,6,1,25,5,-1,-1,-1,-1,3,E01003942,0,1
2024430145746,2024,430145746,2,9,0,18,19,1,5,0,0,8,0,0,0,0,1,1,6,6,1,18,4,-1,-1,-1,-1,3,E01017906,0,1
2024101444406,2024,101444406,1,9,0,-1,19,5,1,-1,0,0,0,0,0,0,1,9,-1,6,1,-1,-1,-1,-1,-1,-1,-1,-1,0,-1
2024451524034,2024,451524034,2,9,-1,-1,-1,-1,-1,-1,-1,0,-1,-1,-1,0,-1,9,-1,6,1,50,8,-1,-1,-1,-1,-1,-1,0,-1
2024231531709,2024,231531709,3,9,0,-1,4,1,5,-1,0,0,0,0,0,0,2,1,-1,6,1,24,5,-1,-1,-1,-1,7,E01009870,0,4
2024052400507,2024,052400507,1,1,0,9,9,6,4,0,0,1,0,0,0,0,1,1,6,6,3,-1,-1,-1,-1,-1,-1,-1,-1,0,-1
2024361465485,2024,361465485,1,9,0,-1,19,2,6,-1,0,0,0,0,0,0,1,1,-1,6,1,33,6,-1,-1,-1,-1,8,E01026480,0,2
2024622400136,2024,622400136,2,8,0,4,4,8,4,0,0,0,0,0,0,0,2,1,1,1,2,27,6,-1,-1,-1,-1,6,W01001369,0,3
2024010526812,2024,010526812,3,9,0,2,2,0,0,0,0,0,0,0,0,0,1,1,6,6,3,-1,-1,-1,-1,-1,-1,-1,-1,0,-1
2024440178866,2024,440178866,2,1,0,18,19,6,2,0,0,0,0,0,0,0,3,1,4,7,1,11,3,-1,-1,-1,-1,10,E01022776,0,1
2024221411530,2024,221411530,2,9,0,-1,7,6,8,-1,0,6,0,0,0,0,1,9,-1,1,2,77,11,-1,-1,-1,-1,5,E01028943,0,1
2024201460272,2024,201460272,1,1,0,-1,19,1,5,-1,0,0,0,0,0,0,1,1,-1,6,3,20,4,-1,-1,-1,-1,-1,-1,0,-1
2024010505202,2024,010505202,2,9,0,2,2,0,0,0,0,2,0,0,0,0,2,1,6,6,3,-1,-1,-1,-1,-1,-1,-1,-1,0,-1
2024010495000,2024,010495000,1,3,0,99,99,9,9,99,99,9,9,99,9,99,9,1,6,6,1,22,5,-1,-1,-1,-1,-1,-1,0,-1
2024010523240,2024,010523240,1,1,9,99,99,9,9,99,99,9,9,99,9,99,0,1,2,2,1,35,6,-1,-1,-1,-1,5,E01001164,0,3
2024332400108,2024,332400108,1,9,0,-1,6,4,4,-1,0,0,0,0,0,0,1,1,-1,6,1,-1,-1,-1,-1,-1,-1,-1,-1,0,-1
2024010542225,2024,010542225,2,19,9,18,19,4,8,0,0,9,9,99,9,99,1,1,6,6,1,-1,-1,-1,-1,-1,-1,-1,-1,0,-1
2024131514740,2024,131514740,2,9,0,-1,19,5,5,-1,0,8,0,0,0,0,2,1,-1,2,1,27,6,-1,-1,-1,-1,6,E01010911,0,2
2024010489695,2024,010489695,1,9,0,99,99,9,9,99,99,9,9,99,9,99,2,9,2,2,2,32,6,-1,-1,-1,-1,3,E01002548,0,2
202460Q040852,2024,60Q040852,2,9,0,18,19,5,1,0,0,1,0,0,1,10,3,1,6,6,2,49,8,-1,-1,-1,-1,-1,-1,0,-1
2024411486773,2024,411486773,1,9,0,-1,5,1,7,-1,0,2,0,0,0,0,4,1,-1,6,1,42,7,-1,-1,-1,-1,6,E01023807,0,1
2024010491454,2024,010491454,2,10,0,99,99,9,9,99,99,9,9,99,9,99,9,9,6,6,3,-1,-1,-1,-1,-1,-1,-1,-1,0,-1
2024451459896,2024,451459896,1,1,0,-1,19,1,3,-1,9,0,5,0,1,2,4,1,-1,9,1,42,7,-1,-1,-1,-1,8,E01030703,0,1
2024531471380,2024,531471380,1,1,0,-1,9,2,8,-1,0,2,2,0,0,0,0,1,-1,9,1,62,9,-1,-1,-1,-1,9,E01022140,0,1
2024131525044,2024,131525044,1,9,0,-1,-1,-1,-1,-1,-1,0,-1,-1,-1,-1,-1,1,-1,6,3,-1,-1,-1,-1,-1,-1,-1,-1,0,-1
2024421481362,2024,421481362,1,1,0,-1,19,2,5,-1,0,1,0,0,0,0,1,1,-1,6,2,46,8,-1,-1,-1,-1,9,E01021352,0,1
2024461505041,2024,461505041,1,21,1,-1,19,3,7,-1,0,8,0,0,0,0,1,2,-1,1,1,66,10,-1,-1,-1,-1,-1,-1,0,-1
2024231418676,2024,231418676,2,9,0,-1,19,6,2,-1,0,0,0,0,0,0,4,1,-1,9,1,36,7,-1,-1,-1,-1,4,E01031045,0,1
2024991436915,2024,991436915,2,9,0,-1,19,3,7,-1,0,1,5,0,1,11,1,1,-1,9,1,27,6,-1,-1,-1,-1,-1,-1,0,-1
2024010501685,2024,010501685,2,1,0,18,19,3,7,0,0,1,0,0,0,0,1,1,6,6,1,21,5,-1,-1,-1,-1,3,E01002765,0,1
2024471479386,2024,471479386,1,1,0,-1,19,1,6,-1,0,0,1,0,1,9,1,1,-1,9,1,28,6,-1,-1,-1,-1,8,E01035013,0,2
2024061518244,2024,061518244,1,99,0,-1,9,1,8,-1,0,1,0,0,0,0,3,9,-1,6,3,-1,-1,-1,-1,-1,-1,-1,-1,0,-1
2024061421888,2024,061421888,1,98,-1,-1,-1,-1,-1,-1,0,0,0,0,0,0,-1,9,-1,6,3,-1,-1,-1,-1,-1,-1,-1,-1,0,-1
2024010545300,2024,010545300,1,1,0,5,5,7,3,0,0,8,0,0,0,0,1,1,6,6,1,17,4,-1,-1,-1,-1,8,E01004724,0,1
2024131441830,2024,131441830,1,9,0,-1,-1,-1,-1,-1,-1,-1,-1,-1,-1,-1,-1,1,-1,6,3,-1,-1,-1,-1,-1,-1,-1,-1,0,-1
2024010502376,2024,010502376,1,9,0,99,99,9,9,99,99,9,9,99,9,99,1,9,6,6,1,-1,-1,-1,-1,-1,-1,-1,-1,0,-1
2024010525081,2024,010525081,2,-1,0,18,19,3,7,0,0,8,0,0,1,0,1,1,6,6,1,33,6,-1,-1,-1,-1,2,E01004721,1,1
2024010519109,2024,010519109,2,9,0,99,99,9,9,99,99,6,9,99,9,99,9,9,6,6,3,-1,-1,-1,-1,-1,-1,-1,-1,0,-1
2024430042796,2024,430042796,2,9,0,18,19,3,7,0,0,8,0,0,0,0,3,1,6,6,1,89,11,-1,-1,-1,-1,3,E01016555,0,3
2024010503891,2024,010503891,2,9,0,99,99,9,9,99,99,0,9,99,9,99,1,9,6,6,3,-1,-1,-1,-1,-1,-1,-1,-1,0,-1
2024201521489,2024,201521489,1,9,0,-1,19,1,5,-1,0,1,0,0,0,0,1,9,-1,9,-1,-1,-1,-1,-1,-1,-1,-1,-1,0,-1
2024161462345,2024,161462345,2,9,0,-1,19,-1,-1,-1,0,0,0,0,0,0,4,1,-1,6,3,-1,-1,-1,-1,-1,-1,-1,-1,0,-1
2024141466550,2024,141466550,2,1,0,-1,19,1,5,-1,0,1,0,0,0,0,1,1,-1,6,1,55,8,-1,-1,-1,-1,7,E01007671,0,1
2024010528345,2024,010528345,1,1,0,18,19,5,1,0,0,8,0,0,0,0,2,1,6,6,1,42,7,-1,-1,-1,-1,9,E01003859,0,1
2024411404226,2024,411404226,2,9,0,-1,2,0,0,-1,0,0,0,0,0,0,1,9,-1,1,-1,-1,-1,-1,-1,-1,-1,-1,-1,0,-1
2024010534896,2024,010534896,1,1,9,99,99,9,9,99,99,9,9,99,9,99,2,1,6,6,1,25,5,-1,-1,-1,-1,7,E01002965,0,1
2024451508083,2024,451508083,1,1,0,-1,5,3,7,-1,4,1,5,0,7,0,4,1,-1,2,2,54,8,-1,-1,-1,-1,7,E01030618,0,1
2024052402833,2024,052402833,2,1,0,18,19,7,3,0,0,6,1,0,0,0,1,1,2,2,1,16,4,-1,-1,-1,-1,3,E01007060,0,1
2024201402967,2024,201402967,2,1,0,-1,19,6,2,-1,0,8,0,0,0,0,4,1,-1,2,1,50,8,-1,-1,-1,-1,1,E01009579,0,1
2024361458038,2024,361458038,2,9,0,-1,2,0,0,-1,0,0,0,0,0,0,1,1,-1,6,-1,-1,-1,-1,-1,-1,-1,-1,-1,0,-1
2024201536002,2024,201536002,1,9,0,-1,5,4,6,-1,0,4,0,0,0,0,1,1,-1,9,1,20,4,-1,-1,-1,-1,6,E01009699,0,2
2024010494667,2024,010494667,1,9,0,18,19,5,1,0,0,8,0,0,0,0,1,1,6,6,3,-1,-1,-1,-1,-1,-1,-1,-1,0,-1
2024461439996,2024,461439996,1,1,0,-1,19,1,5,-1,0,0,1,0,0,0,1,1,-1,9,2,32,6,-1,-1,-1,-1,2,E01035684,0,4
2024010503612,2024,010503612,2,9,0,99,99,9,9,99,99,9,9,99,9,99,2,9,6,6,3,-1,-1,-1,-1,-1,-1,4,E01001420,0,1
2024010504546,2024,010504546,1,1,9,99,99,9,9,99,99,9,9,99,9,99,2,1,6,6,1,72,10,-1,-1,-1,-1,5,E01000037,0,1
2024430226724,2024,430226724,1,1,0,18,19,2,6,0,0,0,0,0,0,0,4,1,6,6,1,-1,-1,-1,-1,-1,-1,-1,-1,0,-1
2024010512306,2024,010512306,1,9,0,16,19,5,1,0,0,0,0,0,0,0,1,1,6,6,1,23,5,-1,-1,-1,-1,6,E01003751,0,1
2024430035181,2024,430035181,1,9,0,7,7,1,3,0,0,5,0,0,0,0,4,1,6,6,3,-1,-1,-1,-1,-1,-1,-1,-1,0,-1
2024041514195,2024,041514195,2,1,0,-1,9,1,7,-1,0,3,0,0,0,0,4,1,-1,9,1,76,11,-1,-1,-1,-1,7,E01024991,0,1
2024501413197,2024,501413197,2,1,0,-1,19,3,7,-1,4,1,0,0,0,0,3,1,-1,9,1,41,7,-1,-1,-1,-1,8,E01015120,0,1
2024430557499,2024,430557499,2,1,0,18,19,5,1,0,0,0,0,0,0,0,4,1,6,6,2,26,6,-1,-1,-1,-1,9,E01028584,0,1
2024440242903,2024,440242903,1,1,0,18,19,1,5,9,9,1,0,0,0,0,1,1,2,2,2,56,9,-1,-1,-1,-1,7,E01017316,0,1
2024371484896,2024,371484896,1,9,0,-1,9,5,3,-1,0,8,0,0,0,0,3,1,-1,6,3,-1,-1,-1,-1,-1,-1,-1,-1,0,-1
2024311434051,2024,311434051,2,1,0,-1,19,6,2,-1,0,0,0,0,0,0,1,1,-1,9,1,34,6,-1,-1,-1,-1,2,E01027937,0,1
2024122400940,2024,122400940,2,1,0,16,19,6,2,0,0,0,0,0,0,0,3,1,6,6,1,56,9,-1,-1,-1,-1,7,E01027762,0,1