collision_index,collision_year,collision_ref_no,vehicle_reference,vehicle_type,towing_and_articulation,vehicle_manoeuvre_historic,vehicle_manoeuvre,vehicle_direction_from,vehicle_direction_to,vehicle_location_restricted_lane_historic,vehicle_location_restricted_lane,junction_location,skidding_and_overturning,hit_object_in_carriageway,vehicle_leaving_carriageway,hit_object_off_carriageway,first_point_of_impact,vehicle_left_hand_drive,journey_purpose_of_driver_historic,journey_purpose_of_driver,sex_of_driver,age_of_driver,age_band_of_driver,engine_capacity_cc,propulsion_code,age_of_vehicle,generic_make_model,driver_imd_decile,lsoa_of_driver,escooter_flag,driver_distance_banding
2024010519336,2024,010519336,2,1,0,18,19,1,5,4,4,2,0,0,0,0,1,1,2,2,1,41,7,-1,-1,-1,-1,9,E01023701,0,4
2024340WN6472,2024,340WN6472,1,9,0,-1,10,6,4,-1,0,6,0,0,0,0,1,1,-1,9,1,59,9,-1,-1,-1,-1,8,E01027194,0,1
2024131443882,2024,131443882,2,1,0,-1,19,3,7,-1,0,0,0,0,0,0,1,1,-1,2,1,26,6,-1,-1,-1,-1,3,E01011488,0,1
2024010495138,2024,010495138,1,1,9,99,99,9,9,99,99,9,9,99,9,99,9,1,6,6,2,24,5,-1,-1,-1,-1,4,E01001353,0,1
2024991477031,2024,991477031,1,9,0,-1,9,5,1,-1,0,1,0,0,0,0,2,1,-1,9,1,74,10,-1,-1,-1,-1,7,-1,0,3
2024010542021,2024,010542021,1,9,0,6,6,4,4,0,0,0,0,0,7,0,1,1,6,6,2,51,8,-1,-1,-1,-1,3,E01004010,0,1
2024371538213,2024,371538213,2,1,0,-1,19,1,1,-1,0,1,2,0,0,0,1,1,-1,6,2,34,6,-1,-1,-1,-1,5,E01029961,0,1
2024421458277,2024,421458277,1,9,0,-1,6,3,7,-1,0,8,0,0,0,0,3,1,-1,9,1,41,7,-1,-1,-1,-1,7,E01023335,0,1
2024631417208,2024,631417208,1,9,0,-1,11,1,4,-1,0,8,0,0,0,0,1,1,-1,6,1,28,6,-1,-1,-1,-1,2,W01000707,0,4
2024201510674,2024,201510674,2,9,0,-1,4,7,7,-1,0,1,0,0,0,0,1,1,-1,6,2,29,6,-1,-1,-1,-1,6,E01031098,0,2
2024351495238,2024,351495238,1,9,0,-1,5,8,4,-1,0,0,0,0,0,0,1,1,-1,1,1,27,6,-1,-1,-1,-1,6,E01018187,0,4
2024010532238,2024,010532238,1,1,9,99,99,9,9,99,99,9,9,99,9,99,9,1,6,6,1,34,6,-1,-1,-1,-1,3,E01003056,0,4
2024332400179,2024,332400179,2,3,0,-1,14,8,4,-1,0,0,0,0,1,0,1,1,-1,6,1,17,4,-1,-1,-1,-1,1,E01013691,0,1
2024010533561,2024,010533561,2,9,0,4,4,1,5,0,0,0,0,0,0,0,0,1,6,6,1,21,5,-1,-1,-1,-1,4,E01004202,0,1
2024010507044,2024,010507044,1,1,9,99,99,9,9,99,99,9,9,99,9,99,1,1,6,6,1,66,10,-1,-1,-1,-1,2,E01001828,0,1
2024010506594,2024,010506594,2,21,0,18,19,5,1,0,0,1,0,0,0,0,3,1,1,1,1,51,8,-1,-1,-1,-1,-1,-1,0,-1
2024201450412,2024,201450412,1,9,0,-1,19,5,1,-1,0,0,0,0,0,0,3,1,-1,9,2,40,7,-1,-1,-1,-1,1,E01009136,0,2
2024411434674,2024,411434674,1,9,0,-1,19,2,6,-1,0,1,0,0,0,0,1,1,-1,6,1,60,9,-1,-1,-1,-1,9,E01023706,0,1
2024070020324,2024,070020324,2,1,0,18,19,6,2,0,0,8,0,0,0,0,4,1,6,6,1,54,8,-1,-1,-1,-1,7,E01012509,0,1
2024010491911,2024,010491911,2,98,9,99,99,9,9,99,99,0,9,99,9,99,9,9,6,6,1,55,8,-1,-1,-1,-1,6,E01003072,0,3
2024010537956,2024,010537956,2,1,9,99,99,9,9,99,99,1,9,99,9,99,9,1,6,6,2,29,6,-1,-1,-1,-1,7,E01003139,0,1
2024451459127,2024,451459127,3,9,0,-1,12,7,3,-1,0,0,0,0,0,0,0,1,-1,6,3,40,7,-1,-1,-1,-1,-1,-1,0,-1
2024430521844,2024,430521844,2,1,0,18,19,5,1,0,0,1,0,0,0,0,1,1,6,6,1,57,9,-1,-1,-1,-1,2,E01028567,0,1
2024302400187,2024,302400187,2,9,0,18,19,5,1,0,0,8,0,0,0,0,1,1,6,6,1,40,7,-1,-1,-1,-1,4,E01019776,0,1
2024010488077,2024,010488077,1,9,0,9,9,5,3,0,0,1,0,0,0,0,4,1,1,1,1,36,7,-1,-1,-1,-1,3,E01003583,0,2
2024351460754,2024,351460754,1,22,-1,-1,-1,-1,-1,-1,-1,-1,-1,-1,-1,0,-1,1,-1,6,2,-1,-1,-1,-1,-1,-1,-1,-1,0,-1
2024010490438,2024,010490438,2,9,0,99,99,9,9,99,99,0,9,99,9,99,1,9,6,6,3,-1,-1,-1,-1,-1,-1,-1,-1,0,-1
2024010512167,2024,010512167,2,-1,0,9,9,6,4,0,0,5,5,4,0,0,1,1,6,6,1,28,6,-1,-1,-1,-1,6,E01004520,1,1
2024371519744,2024,371519744,2,1,0,-1,19,8,4,-1,0,1,0,0,0,0,4,1,-1,6,2,56,9,-1,-1,-1,-1,5,E01029961,0,1
2024548529624,2024,548529624,2,9,0,18,19,4,8,0,0,1,0,0,0,0,1,1,6,6,2,30,6,-1,-1,-1,-1,5,E01032065,0,1
2024052400796,2024,052400796,1,19,0,18,19,8,4,0,0,0,0,0,0,0,3,1,6,6,3,-1,-1,-1,-1,-1,-1,-1,-1,0,-1
2024010486912,2024,010486912,1,9,0,9,9,1,7,0,0,8,0,0,0,0,1,1,1,1,1,44,7,-1,-1,-1,-1,5,E01003559,0,3
2024231484261,2024,231484261,1,9,0,-1,11,8,4,-1,0,0,0,0,0,0,1,9,-1,6,1,35,6,-1,-1,-1,-1,10,E01025914,0,4
2024031470777,2024,031470777,1,9,-1,-1,13,7,3,-1,0,0,0,0,0,0,1,9,-1,6,3,-1,-1,-1,-1,-1,-1,-1,-1,0,-1
2024440527632,2024,440527632,1,9,4,18,19,6,2,0,0,0,0,0,0,0,3,1,6,6,3,-1,-1,-1,-1,-1,-1,-1,-1,0,-1
2024010493855,2024,010493855,1,9,0,99,99,9,9,99,99,9,9,99,9,99,2,9,6,6,2,60,9,-1,-1,-1,-1,8,E01024145,0,3
2024010518986,2024,010518986,2,1,0,18,19,5,1,0,0,4,0,0,0,0,1,1,6,6,1,41,7,-1,-1,-1,-1,7,E01001522,0,1
2024161405240,2024,161405240,1,21,0,-1,19,3,7,-1,0,0,0,0,0,0,3,1,-1,6,1,50,8,-1,-1,-1,-1,6,E01012882,0,3
2024141476252,2024,141476252,2,1,0,-1,19,7,3,-1,0,1,2,0,0,0,4,1,-1,6,2,10,2,-1,-1,-1,-1,1,E01007369,0,1
2024141433522,2024,141433522,2,97,0,-1,19,7,3,-1,0,0,0,0,0,0,1,1,-1,6,3,-1,-1,-1,-1,-1,-1,-1,-1,0,-1
2024471493003,2024,471493003,2,9,0,-1,4,4,8,-1,0,0,0,0,0,0,2,1,-1,6,1,74,10,-1,-1,-1,-1,6,E01031770,0,1
2024430036864,2024,430036864,1,9,0,3,3,5,8,0,0,4,0,0,0,0,1,1,6,6,3,47,8,-1,-1,-1,-1,-1,-1,0,-1
2024440437646,2024,440437646,1,1,0,18,19,7,3,0,0,0,0,0,0,0,1,1,6,6,1,-1,-1,-1,-1,-1,-1,-1,-1,0,-1
2024010537096,2024,010537096,1,9,0,6,6,9,9,99,99,9,9,99,9,99,0,9,6,6,3,-1,-1,-1,-1,-1,-1,-1,-1,0,-1
2024501504964,2024,501504964,2,9,0,-1,19,5,1,-1,0,0,0,0,0,0,1,1,-1,1,1,47,8,-1,-1,-1,-1,6,E01020179,0,2
2024010496767,2024,010496767,2,1,0,5,5,1,5,0,0,1,0,0,0,0,3,1,6,6,2,27,6,-1,-1,-1,-1,6,E01004715,0,1
2024010491076,2024,010491076,2,9,9,99,99,9,9,99,99,9,9,99,9,99,9,9,6,6,3,-1,-1,-1,-1,-1,-1,-1,-1,0,-1
2024451480654,2024,451480654,4,9,0,-1,2,1,5,-1,9,1,0,0,0,0,3,1,-1,6,-1,-1,-1,-1,-1,-1,-1,-1,-1,0,-1
2024411515533,2024,411515533,2,9,0,-1,13,2,6,-1,0,0,0,0,0,0,4,9,-1,6,3,22,5,-1,-1,-1,-1,-1,-1,0,-1
2024610009524,2024,610009524,1,9,0,16,19,6,8,0,0,0,1,0,0,0,1,1,6,6,1,36,7,-1,-1,-1,-1,8,W01001565,0,1
2024332400077,2024,332400077,2,9,0,-1,7,5,7,-1,0,4,0,0,0,0,1,1,-1,6,2,-1,-1,-1,-1,-1,-1,-1,-1,0,-1
2024010533888,2024,010533888,1,1,9,99,99,9,9,99,99,9,9,99,9,99,9,1,2,2,1,37,7,-1,-1,-1,-1,3,E01004755,0,1
2024622400249,2024,622400249,1,9,0,4,4,8,3,0,0,4,0,0,0,0,1,1,6,6,3,-1,-1,-1,-1,-1,-1,-1,-1,0,-1
2024430014410,2024,430014410,1,9,0,18,19,6,2,0,0,1,0,0,0,0,1,1,6,6,2,-1,-1,-1,-1,-1,-1,-1,-1,0,-1
2024010494097,2024,010494097,1,3,9,99,99,9,9,99,99,9,9,99,9,99,9,1,6,6,3,32,6,-1,-1,-1,-1,8,E01030647,0,4
2024010531389,2024,010531389,2,1,0,18,19,5,1,4,4,1,0,0,0,0,1,1,6,6,1,29,6,-1,-1,-1,-1,5,E01001659,0,1
2024061490230,2024,061490230,1,9,0,-1,19,5,2,-1,9,0,0,0,1,0,1,1,-1,6,1,25,5,-1,-1,-1,-1,-1,-1,0,-1
2024991455508,2024,991455508,1,9,0,-1,19,5,1,-1,0,1,0,0,0,0,1,1,-1,2,2,26,6,-1,-1,-1,-1,9,-1,0,4
2024070673148,2024,070673148,2,1,0,-1,-1,8,4,0,0,8,0,0,0,0,0,1,6,6,1,60,9,-1,-1,-1,-1,-1,-1,0,-1
2024041442359,2024,041442359,1,9,0,-1,19,3,7,-1,0,0,0,0,0,0,1,1,-1,6,1,23,5,-1,-1,-1,-1,1,E01025041,0,1
2024041445152,2024,041445152,2,1,0,-1,19,5,1,-1,0,0,0,0,0,0,2,1,-1,6,1,25,5,-1,-1,-1,-1,2,E01025220,0,2
2024010491182,2024,010491182,2,9,0,99,99,9,9,99,99,9,9,99,9,99,9,9,6,6,3,-1,-1,-1,-1,-1,-1,-1,-1,0,-1
2024340NN1842,2024,340NN1842,2,9,0,-1,2,0,0,-1,0,0,0,0,0,0,2,1,-1,6,2,43,7,-1,-1,-1,-1,7,E01035394,0,3
2024141476255,2024,141476255,2,9,0,-1,4,5,1,-1,0,2,0,0,0,0,2,1,-1,6,1,42,7,-1,-1,-1,-1,8,E01034843,0,1
2024010495308,2024,010495308,1,4,0,5,5,1,5,0,0,5,0,0,0,0,4,1,6,6,2,49,8,-1,-1,-1,-1,5,E01002042,0,1
2024010538538,2024,010538538,2,9,0,99,99,9,9,99,99,9,9,99,9,99,9,9,6,6,3,-1,-1,-1,-1,-1,-1,-1,-1,0,-1
2024161440231,2024,161440231,2,9,0,-1,19,7,3,-1,0,0,0,0,0,0,2,9,-1,6,3,-1,-1,-1,-1,-1,-1,-1,-1,0,-1
2024010551223,2024,010551223,2,-1,0,18,19,1,5,0,0,1,0,0,0,0,1,1,2,2,2,35,6,-1,-1,-1,-1,-1,-1,1,-1
2024351545599,2024,351545599,2,-1,0,-1,19,3,7,-1,0,0,5,0,0,0,1,1,-1,6,1,24,5,-1,-1,-1,-1,10,E01017955,1,1
2024131512728,2024,131512728,2,1,0,-1,19,5,1,-1,0,0,0,0,0,0,1,1,-1,9,2,26,6,-1,-1,-1,-1,7,E01032946,0,1
2024221504792,2024,221504792,1,8,0,-1,19,1,5,-1,0,0,0,0,0,0,1,1,-1,1,1,39,7,-1,-1,-1,-1,3,E01014106,0,1
2024311460070,2024,311460070,1,9,0,-1,19,5,1,-1,0,0,0,0,0,0,3,1,-1,6,-1,-1,-1,-1,-1,-1,-1,-1,-1,0,-1
2024052400493,2024,052400493,1,-1,0,18,19,3,7,0,0,1,0,0,0,0,1,1,6,6,1,44,7,-1,-1,-1,-1,1,E01006699,1,1
2024201444142,2024,201444142,1,9,0,-1,20,8,4,-1,0,8,0,0,0,0,1,9,-1,6,2,-1,-1,-1,-1,-1,-1,-1,-1,0,-1
2024122500350,2024,122500350,1,9,0,18,19,7,3,0,0,8,5,0,1,0,1,1,6,6,1,46,8,-1,-1,-1,-1,5,E01027871,0,3
2024522402831,2024,522402831,3,9,0,4,4,4,8,0,0,0,0,0,0,0,1,1,6,6,1,60,9,-1,-1,-1,-1,1,E01015541,0,4
2024991502118,2024,991502118,1,9,0,-1,4,8,4,-1,0,1,0,11,0,0,1,1,-1,6,1,25,5,-1,-1,-1,-1,9,-1,0,1
2024041424090,2024,041424090,1,9,0,-1,-1,-1,-1,-1,-1,0,-1,-1,-1,0,-1,9,-1,6,3,-1,-1,-1,-1,-1,-1,-1,-1,0,-1
2024061454734,2024,061454734,1,1,9,-1,19,-1,-1,-1,0,0,5,0,0,0,1,1,-1,9,1,25,5,-1,-1,-1,-1,1,E01005219,0,2
202417S300124,2024,17S300124,2,9,0,9,9,6,4,0,0,8,0,0,0,0,1,1,6,6,2,33,6,-1,-1,-1,-1,2,E01012291,0,1
2024320752921,2024,320752921,2,9,0,10,10,4,2,0,0,1,0,0,0,0,2,1,-1,-1,1,57,9,-1,-1,-1,-1,7,E01026080,0,1
2024371507407,2024,371507407,1,9,0,-1,19,1,5,-1,0,2,0,0,0,0,1,1,-1,6,1,-1,-1,-1,-1,-1,-1,-1,-1,0,-1
2024501431185,2024,501431185,2,1,0,-1,19,8,4,-1,0,8,5,0,0,0,2,1,-1,6,2,51,8,-1,-1,-1,-1,5,E01020097,0,3
2024430094367,2024,430094367,1,9,0,4,4,1,5,0,0,1,0,0,0,0,2,1,2,2,1,21,5,-1,-1,-1,-1,7,E01028725,0,1
2024161502696,2024,161502696,1,1,0,-1,19,6,2,-1,0,8,5,0,0,0,2,1,-1,6,2,59,9,-1,-1,-1,-1,1,E01012838,0,1
2024070922498,2024,070922498,1,3,0,-1,19,3,7,-1,2,0,0,0,0,0,1,1,-1,6,3,-1,-1,-1,-1,-1,-1,-1,-1,0,-1
2024421509614,2024,421509614,1,9,0,-1,15,6,3,-1,0,0,1,0,0,0,1,1,-1,6,1,21,5,-1,-1,-1,-1,6,E01021646,0,4
2024131418321,2024,131418321,1,9,0,-1,19,3,7,-1,0,0,0,0,0,0,1,1,-1,1,1,63,9,-1,-1,-1,-1,7,E01010892,0,2
2024010496989,2024,010496989,2,19,0,3,3,1,5,0,0,1,0,0,0,0,1,1,6,6,3,-1,-1,-1,-1,-1,-1,-1,-1,0,-1
2024430152697,2024,430152697,1,9,0,18,19,5,1,0,0,0,5,0,2,4,1,1,6,6,1,56,9,-1,-1,-1,-1,10,E01028752,0,2
2024010487591,2024,010487591,2,9,0,18,19,7,3,0,0,1,0,0,0,0,4,1,6,6,1,40,7,-1,-1,-1,-1,1,E01000061,0,3
2024010488048,2024,010488048,1,3,0,99,99,9,9,99,99,9,9,99,9,99,1,1,1,1,1,20,4,-1,-1,-1,-1,5,E01000699,0,1
2024010512536,2024,010512536,1,1,9,99,99,9,9,99,99,9,9,99,9,99,9,1,2,2,1,27,6,-1,-1,-1,-1,3,E01003439,0,1
2024201435471,2024,201435471,1,9,0,-1,19,4,8,-1,0,1,0,0,0,0,0,1,-1,7,2,35,6,-1,-1,-1,-1,2,E01009982,0,1
2024010491434,2024,010491434,2,3,0,15,15,5,1,0,0,2,2,0,0,0,3,1,6,6,1,33,6,-1,-1,-1,-1,1,E01001115,0,1
2024531431594,2024,531431594,2,1,0,-1,19,3,7,-1,0,0,0,0,0,0,3,1,-1,9,1,62,9,-1,-1,-1,-1,6,E01022175,0,1
2024440497721,2024,440497721,1,9,0,1,1,6,2,0,0,0,0,0,0,0,2,1,1,1,1,70,10,-1,-1,-1,-1,7,E01017361,0,4
2024052402650,2024,052402650,1,9,0,18,19,7,2,0,0,8,0,0,0,0,1,1,6,6,3,-1,-1,-1,-1,-1,-1,-1,-1,0,-1
2024440499489,2024,440499489,3,9,0,2,2,0,0,0,0,0,0,0,0,0,2,1,6,6,3,-1,-1,-1,-1,-1,-1,-1,-1,0,-1
2024010498674,2024,010498674,2,1,0,18,19,5,1,4,4,1,0,10,7,0,1,1,2,2,1,33,6,-1,-1,-1,-1,1,E01035639,0,1
2024031478530,2024,031478530,1,9,0,-1,19,5,5,-1,0,1,0,4,0,0,1,1,-1,6,1,22,5,-1,-1,-1,-1,3,E01019210,0,1
2024010494844,2024,010494844,1,5,0,18,19,7,3,0,0,2,0,0,0,0,1,1,6,6,1,52,8,-1,-1,-1,-1,-1,-1,0,-1
2024201553460,2024,201553460,3,9,0,-1,2,0,0,-1,0,0,0,0,0,0,4,9,-1,6,1,-1,-1,-1,-1,-1,-1,-1,-1,0,-1
2024211529116,2024,211529116,2,9,0,-1,19,5,1,-1,0,0,0,0,0,0,2,1,-1,9,1,30,6,-1,-1,-1,-1,-1,-1,0,-1
2024544225624,2024,544225624,3,1,0,18,19,3,7,0,0,8,0,0,0,0,4,1,6,6,1,34,6,-1,-1,-1,-1,10,E01015564,0,1
2024052401827,2024,052401827,2,9,0,18,19,5,1,0,0,0,0,0,0,0,1,1,2,2,1,25,5,-1,-1,-1,-1,4,E01006617,0,2
2024010520981,2024,010520981,2,1,0,18,19,7,3,0,0,0,0,0,0,0,1,1,6,6,1,38,7,-1,-1,-1,-1,7,-1,0,5
2024010507265,2024,010507265,1,1,9,99,99,9,9,99,99,9,9,99,9,99,9,1,6,6,1,16,4,-1,-1,-1,-1,5,E01001194,0,1
2024010507045,2024,010507045,2,9,9,14,14,3,7,99,99,0,9,99,9,99,9,9,6,6,2,-1,-1,-1,-1,-1,-1,5,E01001099,0,1
2024421427301,2024,421427301,2,9,0,-1,19,1,5,-1,0,1,1,0,0,0,1,1,-1,6,1,27,6,-1,-1,-1,-1,9,E01021533,0,1
2024430098847,2024,430098847,2,9,0,18,19,2,6,0,0,1,0,0,0,0,1,1,6,6,2,-1,-1,-1,-1,-1,-1,-1,-1,0,-1
2024161494337,2024,161494337,2,1,0,-1,19,5,1,-1,0,0,5,0,0,0,2,1,-1,7,1,15,3,-1,-1,-1,-1,6,E01013318,0,1
2024010500286,2024,010500286,1,1,9,99,99,9,9,99,99,9,9,99,9,99,1,1,6,6,1,37,7,-1,-1,-1,-1,3,E01003545,0,1
2024010537497,2024,010537497,1,1,0,18,19,3,7,0,0,2,0,0,1,0,3,1,6,6,1,25,5,-1,-1,-1,-1,9,E01001305,0,3
2024010490058,2024,010490058,2,9,0,9,9,5,3,0,0,4,0,0,0,0,3,1,2,2,2,63,9,-1,-1,-1,-1,3,E01000485,0,1
202460Q139662,2024,60Q139662,1,9,0,18,19,7,3,0,0,0,2,0,1,9,4,1,6,6,1,17,4,-1,-1,-1,-1,-1,-1,0,-1
2024041400146,2024,041400146,1,9,0,-1,9,7,5,-1,0,6,0,0,0,0,1,1,-1,6,3,-1,-1,-1,-1,-1,-1,-1,-1,0,-1
2024010517633,2024,010517633,1,19,0,2,2,0,0,0,0,1,0,0,0,0,2,1,6,6,3,-1,-1,-1,-1,-1,-1,-1,-1,0,-1
2024010494245,2024,010494245,2,9,0,18,19,1,5,0,0,1,0,0,0,0,1,1,1,1,1,27,6,-1,-1,-1,-1,2,E01001152,0,1
2024141516962,2024,141516962,2,9,0,-1,7,6,8,-1,0,2,0,0,0,0,1,9,-1,6,3,-1,-1,-1,-1,-1,-1,-1,-1,0,-1
2024430541450,2024,430541450,1,1,0,18,19,2,6,0,0,1,0,0,0,0,1,1,6,6,1,21,5,-1,-1,-1,-1,-1,-1,0,-1
2024010529240,2024,010529240,2,1,0,15,15,1,5,0,0,1,0,0,1,0,4,1,1,1,1,34,6,-1,-1,-1,-1,2,E01004424,0,1
2024430157740,2024,430157740,1,9,0,18,19,1,5,0,0,0,0,0,0,0,0,1,6,6,1,17,4,-1,-1,-1,-1,8,E01034449,0,1
2024440053781,2024,440053781,2,1,0,18,19,5,1,0,0,8,0,0,0,0,1,1,6,6,1,51,8,-1,-1,-1,-1,4,E01022603,0,4
2024141501346,2024,141501346,2,9,0,-1,19,3,7,-1,0,1,0,10,5,0,1,1,-1,9,1,89,11,-1,-1,-1,-1,6,E01034253,0,1
2024010530421,2024,010530421,1,1,9,99,99,9,9,99,99,9,9,99,9,99,1,1,6,6,1,55,8,-1,-1,-1,-1,2,E01034176,0,1
2024332400222,2024,332400222,2,1,0,-1,19,5,1,-1,0,8,0,0,0,0,4,1,-1,6,1,16,4,-1,-1,-1,-1,5,E01026003,0,1
2024302400299,2024,302400299,2,1,0,5,5,3,7,0,0,1,0,0,0,0,3,1,4,7,1,14,3,-1,-1,-1,-1,6,E01013495,0,1
2024302400118,2024,302400118,1,19,0,9,9,4,2,0,0,8,0,0,0,0,4,1,1,1,1,23,5,-1,-1,-1,-1,1,E01013566,0,1
2024010487295,2024,010487295,2,9,0,18,19,7,3,0,0,1,9,99,9,10,1,9,6,6,3,-1,-1,-1,-1,-1,-1,-1,-1,0,-1
2024552401467,2024,552401467,1,9,0,9,9,5,3,0,0,6,0,0,0,0,4,1,6,6,3,-1,-1,-1,-1,-1,-1,-1,-1,0,-1
2024122500429,2024,122500429,3,9,0,10,10,1,5,0,0,1,0,0,0,0,1,1,6,6,2,58,9,-1,-1,-1,-1,7,E01027647,0,1
2024010552135,2024,010552135,2,9,0,99,99,9,9,99,99,9,9,99,9,99,9,9,6,6,3,-1,-1,-1,-1,-1,-1,-1,-1,0,-1
2024411446061,2024,411446061,1,9,-1,-1,-1,-1,-1,-1,-1,0,-1,-1,-1,0,-1,9,-1,6,3,-1,-1,-1,-1,-1,-1,-1,-1,0,-1
2024071014528,2024,071014528,1,-1,9,-1,19,7,1,-1,0,8,9,99,9,99,9,-1,-1,-1,3,-1,-1,-1,-1,-1,-1,-1,-1,0,-1
2024522401478,2024,522401478,2,1,0,18,19,9,9,0,0,8,0,0,0,0,9,1,6,6,3,-1,-1,-1,-1,-1,-1,-1,-1,0,-1
2024010539727,2024,010539727,1,1,0,18,19,5,1,0,0,8,0,0,0,0,3,1,6,6,1,29,6,-1,-1,-1,-1,3,E01002131,0,1
2024111427125,2024,111427125,1,9,0,-1,19,6,2,-1,0,1,0,0,0,0,1,1,-1,6,3,30,6,-1,-1,-1,-1,-1,-1,0,-1
2024010537396,2024,010537396,2,9,0,99,99,9,9,99,99,9,9,99,9,99,1,9,6,6,3,-1,-1,-1,-1,-1,-1,7,E01003867,0,2
2024131505613,2024,131505613,1,9,0,-1,9,3,1,-1,0,6,0,0,0,0,1,1,-1,6,2,27,6,-1,-1,-1,-1,8,E01011893,0,1
2024052402512,2024,052402512,1,9,0,18,19,4,8,0,0,1,0,0,0,0,4,1,6,6,3,-1,-1,-1,-1,-1,-1,-1,-1,0,-1
2024311441613,2024,311441613,1,97,0,-1,8,3,7,-1,0,1,0,0,0,0,2,1,-1,6,1,61,9,-1,-1,-1,-1,-1,-1,0,-1
2024371443647,2024,371443647,2,9,0,-1,19,5,1,-1,0,1,0,0,0,0,2,1,-1,2,2,54,8,-1,-1,-1,-1,6,E01030020,0,1
2024010493629,2024,010493629,1,1,9,99,99,4,8,99,99,9,9,99,9,99,1,1,6,6,3,-1,-1,-1,-1,-1,-1,6,E01003946,0,2
2024544345624,2024,544345624,1,1,0,18,19,1,5,0,0,0,0,0,0,0,1,1,6,6,1,65,9,-1,-1,-1,-1,9,E01033847,0,2
2024320188980,2024,320188980,1,2,0,-1,-1,2,6,9,9,0,0,0,0,0,1,1,6,6,1,-1,-1,-1,-1,-1,-1,-1,-1,0,-1
2024070417616,2024,070417616,1,5,0,18,19,6,2,0,0,4,5,9,3,0,1,1,2,2,1,43,7,-1,-1,-1,-1,2,E01006866,0,4
2024101449677,2024,101449677,1,23,0,-1,9,2,7,-1,0,8,0,0,0,0,1,1,-1,6,1,17,4,-1,-1,-1,-1,-1,-1,0,-1
2024010525657,2024,010525657,1,9,0,9,9,2,7,0,0,8,0,0,0,0,1,1,2,2,1,37,7,-1,-1,-1,-1,6,E01003033,0,1
2024010515336,2024,010515336,2,98,9,99,99,9,9,99,99,9,9,99,9,99,9,9,6,6,3,-1,-1,-1,-1,-1,-1,-1,-1,0,-1
2024311425952,2024,311425952,1,1,0,-1,3,7,3,-1,0,1,0,0,0,0,2,1,-1,6,1,31,6,-1,-1,-1,-1,-1,-1,0,-1
2024070028378,2024,070028378,1,9,0,5,5,1,7,0,0,6,0,0,0,11,1,1,2,2,2,37,7,-1,-1,-1,-1,-1,-1,0,-1
2024041529515,2024,041529515,1,9,0,-1,9,4,8,-1,0,1,0,0,0,0,1,9,-1,6,3,-1,-1,-1,-1,-1,-1,-1,-1,0,-1
2024411470662,2024,411470662,2,1,0,-1,19,7,3,-1,9,1,2,0,0,0,0,1,-1,2,1,58,9,-1,-1,-1,-1,10,E01023878,0,1
2024231405486,2024,231405486,2,9,0,-1,19,8,4,-1,0,0,0,0,0,0,2,1,-1,6,1,23,5,-1,-1,-1,-1,2,E01009662,0,2
2024201393684,2024,201393684,1,9,0,-1,19,2,6,-1,0,0,0,0,0,0,1,1,-1,6,1,-1,-1,-1,-1,-1,-1,-1,-1,0,-1
202460Q162400,2024,60Q162400,2,1,0,18,19,1,5,0,0,0,0,0,0,0,1,1,6,6,1,38,7,-1,-1,-1,-1,-1,-1,0,-1
2024531403564,2024,531403564,1,9,0,-1,7,7,1,-1,5,0,0,0,2,0,1,1,-1,9,1,65,9,-1,-1,-1,-1,7,E01034807,0,1
2024010490881,2024,010490881,1,3,0,99,99,9,9,99,99,9,9,99,9,99,2,1,1,1,1,23,5,-1,-1,-1,-1,4,E01001459,0,2
2024010498502,2024,010498502,1,9,0,9,9,5,2,0,0,8,0,0,0,0,1,1,6,6,2,54,8,-1,-1,-1,-1,2,E01001603,0,1
2024131477026,2024,131477026,2,1,0,-1,12,3,7,-1,0,2,5,0,0,0,3,1,-1,6,1,73,10,-1,-1,-1,-1,3,E01011776,0,1
2024320338732,2024,320338732,1,9,0,-1,-1,5,1,0,0,1,0,0,2,2,4,1,6,6,1,74,10,-1,-1,-1,-1,8,E01026202,0,3
2024411425285,2024,411425285,3,9,0,-1,19,5,1,-1,0,0,0,0,1,2,2,1,-1,9,2,38,7,-1,-1,-1,-1,8,E01018254,0,4
2024501424576,2024,501424576,2,1,0,-1,12,7,5,-1,0,1,5,0,0,0,3,1,-1,2,1,51,8,-1,-1,-1,-1,2,E01020014,0,1
2024231462259,2024,231462259,2,1,0,-1,19,4,7,-1,0,8,0,0,0,0,1,1,-1,9,2,38,7,-1,-1,-1,-1,5,E01031327,0,2
2024201467712,2024,201467712,1,9,0,-1,19,2,6,-1,0,0,0,0,0,0,1,1,-1,6,-1,-1,-1,-1,-1,-1,-1,-1,-1,0,-1
2024010492592,2024,010492592,2,9,0,99,99,9,9,99,99,9,9,99,9,99,1,9,6,6,3,-1,-1,-1,-1,-1,-1,-1,-1,0,-1
2024440532993,2024,440532993,2,9,0,18,19,4,8,0,0,1,0,0,0,0,1,1,6,6,1,27,6,-1,-1,-1,-1,7,E01022673,0,1
2024991501294,2024,991501294,2,9,0,-1,19,1,5,-1,0,0,0,0,0,0,2,1,-1,6,1,37,7,-1,-1,-1,-1,-1,-1,0,-1
2024440105912,2024,440105912,1,19,0,18,19,1,5,0,0,1,0,0,0,0,4,1,6,6,3,-1,-1,-1,-1,-1,-1,-1,-1,0,-1
2024201482897,2024,201482897,2,9,0,-1,2,0,0,-1,0,0,0,0,0,0,2,9,-1,7,2,40,7,-1,-1,-1,-1,1,E01033646,0,1
2024371455147,2024,371455147,2,1,0,-1,-1,-1,-1,-1,-1,0,-1,-1,-1,0,1,1,-1,6,1,55,8,-1,-1,-1,-1,10,E01030204,0,1
2024401498320,2024,401498320,1,98,-1,-1,-1,-1,-1,-1,-1,0,-1,-1,-1,0,-1,9,-1,6,3,-1,-1,-1,-1,-1,-1,-1,-1,0,-1
2024061459137,2024,061459137,2,9,0,-1,3,6,2,-1,0,0,0,0,0,0,2,1,-1,9,1,32,6,-1,-1,-1,-1,5,E01004934,0,2
2024471496951,2024,471496951,3,9,0,-1,19,6,2,-1,0,0,0,0,0,0,1,2,-1,9,2,32,6,-1,-1,-1,-1,-1,-1,0,-1