collision_index,collision_year,collision_ref_no,vehicle_reference,vehicle_type,towing_and_articulation,vehicle_manoeuvre_historic,vehicle_manoeuvre,vehicle_direction_from,vehicle_direction_to,vehicle_location_restricted_lane_historic,vehicle_location_restricted_lane,junction_location,skidding_and_overturning,hit_object_in_carriageway,vehicle_leaving_carriageway,hit_object_off_carriageway,first_point_of_impact,vehicle_left_hand_drive,journey_purpose_of_driver_historic,journey_purpose_of_driver,sex_of_driver,age_of_driver,age_band_of_driver,engine_capacity_cc,propulsion_code,age_of_vehicle,generic_make_model,driver_imd_decile,lsoa_of_driver,escooter_flag,driver_distance_banding
2024131492136,2024,131492136,1,23,0,-1,-1,-1,-1,-1,9,1,-1,-1,-1,-1,-1,1,-1,6,3,-1,-1,-1,-1,-1,-1,-1,-1,0,-1
2024501496702,2024,501496702,1,-1,0,-1,19,3,7,-1,9,1,0,0,0,0,2,1,-1,6,3,-1,-1,-1,-1,-1,-1,-1,-1,1,-1
2024461471484,2024,461471484,1,9,0,-1,19,7,3,-1,0,1,0,0,0,0,0,9,-1,6,2,-1,-1,-1,-1,-1,-1,-1,-1,0,-1
2024010491773,2024,010491773,1,9,0,99,99,9,9,99,99,9,9,99,9,99,2,9,6,6,1,44,7,-1,-1,-1,-1,5,E01002492,0,1
2024201437103,2024,201437103,1,1,0,-1,19,6,2,-1,9,0,0,0,0,0,1,1,-1,9,1,15,3,-1,-1,-1,-1,1,E01009130,0,1
2024430571003,2024,430571003,1,9,0,18,19,4,8,0,0,0,1,0,1,4,1,1,6,6,1,78,11,-1,-1,-1,-1,8,E01028666,0,2
2024010521464,2024,010521464,2,1,0,18,19,5,1,0,0,1,0,0,0,0,2,1,1,1,1,25,5,-1,-1,-1,-1,3,E01003563,0,1
2024010489010,2024,010489010,3,9,0,18,19,1,5,0,0,1,0,0,0,0,1,1,6,6,2,58,9,-1,-1,-1,-1,3,E01004125,0,1
2024161474256,2024,161474256,1,9,0,-1,1,5,1,-1,9,0,0,0,0,0,2,9,-1,6,2,-1,-1,-1,-1,-1,-1,-1,-1,0,-1
2024010517736,2024,010517736,2,9,0,7,7,1,3,0,0,8,0,0,0,0,1,1,6,6,3,23,5,-1,-1,-1,-1,-1,-1,0,-1
2024320091977,2024,320091977,1,9,0,-1,-1,4,8,0,0,8,0,0,0,0,1,1,1,1,2,35,6,-1,-1,-1,-1,9,E01026370,0,4
2024010487832,2024,010487832,3,9,0,2,2,0,0,0,0,0,0,0,0,0,1,1,6,6,3,-1,-1,-1,-1,-1,-1,-1,-1,0,-1
2024311435353,2024,311435353,1,9,0,-1,1,3,7,-1,0,0,0,0,0,0,2,1,-1,2,3,41,7,-1,-1,-1,-1,6,E01028003,0,1
2024411455376,2024,411455376,1,1,0,-1,19,6,2,-1,0,4,0,0,0,0,1,1,-1,6,1,73,10,-1,-1,-1,-1,4,E01023930,0,1
2024471464037,2024,471464037,2,1,0,-1,19,7,3,-1,0,8,0,0,0,0,3,1,-1,6,1,36,7,-1,-1,-1,-1,7,E01031837,0,2
2024501503169,2024,501503169,1,9,0,-1,2,0,0,-1,4,0,0,0,0,0,2,1,-1,6,-1,-1,-1,-1,-1,-1,-1,-1,-1,0,-1
2024010491847,2024,010491847,1,9,0,99,99,9,9,99,99,9,9,99,9,99,9,9,6,6,2,34,6,-1,-1,-1,-1,8,E01000236,0,1
2024111529140,2024,111529140,2,9,0,-1,15,5,1,-1,0,8,5,0,0,0,1,1,-1,6,1,31,6,-1,-1,-1,-1,5,E01033543,0,4
2024010489318,2024,010489318,2,9,0,18,19,7,3,0,0,0,0,12,0,0,1,1,6,6,2,53,8,-1,-1,-1,-1,8,E01001027,0,1
2024010517395,2024,010517395,2,-1,0,18,19,5,1,0,0,8,0,0,0,0,1,1,6,6,1,27,6,-1,-1,-1,-1,7,E01032767,1,1
2024010538175,2024,010538175,1,1,9,99,99,9,9,99,99,9,9,99,9,99,9,1,2,2,1,39,7,-1,-1,-1,-1,2,E01004286,0,1
2024520002880,2024,520002880,2,1,0,18,19,-1,-1,0,0,8,0,0,0,0,1,1,6,6,1,35,6,-1,-1,-1,-1,4,E01014448,0,1
2024320078331,2024,320078331,2,9,0,-1,-1,4,8,0,0,1,0,0,0,0,2,1,-1,-1,2,38,7,-1,-1,-1,-1,3,E01026060,0,3
2024010517615,2024,010517615,1,19,0,2,2,7,3,0,0,0,0,0,7,0,0,1,6,6,2,59,9,-1,-1,-1,-1,2,E01004236,0,1
2024361440909,2024,361440909,1,19,0,-1,5,6,3,-1,0,7,0,0,0,0,3,1,-1,9,1,60,9,-1,-1,-1,-1,5,E01026879,0,3
2024010530716,2024,010530716,1,1,0,99,99,9,9,0,0,9,0,0,0,0,9,1,2,2,1,62,9,-1,-1,-1,-1,7,E01002334,0,1
2024010488596,2024,010488596,1,9,0,99,99,9,9,99,99,9,9,99,9,99,2,9,2,2,1,68,10,-1,-1,-1,-1,5,E01004644,0,1
2024010492258,2024,010492258,1,3,0,99,99,9,9,99,99,0,9,99,9,99,2,1,1,1,1,22,5,-1,-1,-1,-1,3,E01003594,0,2
2024010495839,2024,010495839,2,19,0,99,99,9,9,99,99,0,9,99,9,99,2,9,6,6,3,36,7,-1,-1,-1,-1,3,E01034483,0,1
2024302400487,2024,302400487,2,9,0,2,2,0,0,0,0,1,0,0,0,0,2,1,6,6,3,-1,-1,-1,-1,-1,-1,-1,-1,0,-1
2024321516211,2024,321516211,1,9,0,-1,19,8,4,-1,0,0,1,0,2,11,1,1,-1,2,2,19,4,-1,-1,-1,-1,9,E01032683,0,1
2024231479078,2024,231479078,1,9,0,-1,11,8,4,-1,0,0,0,0,0,0,0,9,-1,6,3,38,7,-1,-1,-1,-1,-1,-1,0,-1
2024010488013,2024,010488013,1,1,9,99,99,9,9,99,99,0,9,99,9,99,9,1,6,6,1,39,7,-1,-1,-1,-1,3,E01004467,0,1
2024320045077,2024,320045077,1,9,0,13,13,6,2,0,0,0,5,0,1,0,2,1,-1,-1,1,59,9,-1,-1,-1,-1,-1,-1,0,-1
2024010515709,2024,010515709,1,-1,0,18,19,7,3,0,0,8,0,0,0,0,1,1,6,6,3,-1,-1,-1,-1,-1,-1,-1,-1,1,-1
2024070360458,2024,070360458,1,9,0,9,9,5,3,0,0,8,0,0,0,0,1,1,6,6,2,52,8,-1,-1,-1,-1,9,E01012448,0,2
2024010487863,2024,010487863,3,19,9,99,99,9,9,99,99,9,9,99,0,0,9,9,6,6,3,-1,-1,-1,-1,-1,-1,-1,-1,0,-1
202460Q153726,2024,60Q153726,2,9,0,5,5,1,6,0,0,4,0,0,0,0,4,1,6,6,1,32,6,-1,-1,-1,-1,-1,-1,0,-1
2024440160271,2024,440160271,2,19,0,9,9,1,7,0,0,8,0,0,0,0,4,1,6,6,3,-1,-1,-1,-1,-1,-1,-1,-1,0,-1
2024440260999,2024,440260999,2,19,0,17,19,6,3,0,0,0,0,0,0,0,1,1,2,2,1,19,4,-1,-1,-1,-1,10,E01023180,0,1
2024070397596,2024,070397596,1,9,0,2,2,3,7,0,0,1,0,4,0,0,1,1,6,6,1,65,9,-1,-1,-1,-1,-1,-1,0,-1
2024010489194,2024,010489194,1,3,0,99,99,9,9,99,99,9,9,99,9,99,2,1,6,6,1,43,7,-1,-1,-1,-1,2,E01000603,0,1
2024052400369,2024,052400369,2,1,0,18,19,1,5,0,0,1,0,0,0,0,1,1,6,6,1,28,6,-1,-1,-1,-1,5,E01033762,0,1
2024010545499,2024,010545499,2,9,0,99,99,9,9,99,99,9,9,99,9,99,1,9,6,6,3,-1,-1,-1,-1,-1,-1,-1,-1,0,-1
2024010490611,2024,010490611,1,11,0,5,5,3,7,0,0,1,0,0,0,0,1,1,1,1,1,65,9,-1,-1,-1,-1,3,E01001864,0,1
2024052400630,2024,052400630,2,-1,0,18,19,8,4,0,0,1,0,0,0,0,3,1,6,6,1,14,3,-1,-1,-1,-1,3,E01006717,1,1
2024070771641,2024,070771641,1,9,0,-1,19,5,1,-1,0,1,0,0,1,4,4,1,-1,6,2,-1,-1,-1,-1,-1,-1,-1,-1,0,-1
2024122400496,2024,122400496,1,9,0,13,13,2,6,0,0,1,0,0,0,0,3,1,6,6,3,-1,-1,-1,-1,-1,-1,-1,-1,0,-1
2024010521864,2024,010521864,1,9,0,18,19,7,3,0,0,5,0,0,0,0,0,1,6,6,1,39,7,-1,-1,-1,-1,4,E01000472,0,2
2024122400999,2024,122400999,1,1,0,18,19,8,4,0,0,1,0,0,0,0,1,1,6,6,3,-1,-1,-1,-1,-1,-1,-1,-1,0,-1
2024131453463,2024,131453463,2,1,0,-1,19,5,1,-1,0,6,0,0,0,0,1,1,-1,7,1,11,3,-1,-1,-1,-1,2,E01011224,0,1
2024201455643,2024,201455643,1,9,0,-1,19,2,6,-1,0,3,0,0,0,0,1,9,-1,6,1,35,6,-1,-1,-1,-1,-1,-1,0,-1
2024471466400,2024,471466400,1,9,0,-1,19,6,2,-1,0,0,1,0,0,0,3,1,-1,2,1,31,6,-1,-1,-1,-1,7,E01031516,0,3
2024531513324,2024,531513324,2,1,0,-1,19,4,7,-1,0,0,0,0,0,0,3,1,-1,2,1,45,7,-1,-1,-1,-1,10,E01022168,0,1
2024332400173,2024,332400173,1,1,0,-1,19,4,8,-1,0,6,0,0,0,0,1,1,-1,6,1,30,6,-1,-1,-1,-1,8,E01013643,0,1
2024010496388,2024,010496388,1,9,0,13,13,5,1,0,0,0,5,4,0,0,3,1,6,6,1,21,5,-1,-1,-1,-1,4,E01015933,0,4
2024520500057,2024,520500057,1,9,0,16,19,4,8,0,0,0,0,0,7,4,1,1,6,6,1,45,7,-1,-1,-1,-1,-1,-1,0,-1
2024320277703,2024,320277703,1,22,0,-1,-1,7,3,9,9,0,5,0,0,0,3,1,-1,-1,2,88,11,-1,-1,-1,-1,2,E01026095,0,1
2024061443380,2024,061443380,1,1,0,-1,15,-1,-1,-1,0,0,5,99,1,99,1,1,-1,2,1,46,8,-1,-1,-1,-1,1,E01032920,0,1
2024131491901,2024,131491901,2,1,0,-1,19,5,1,-1,0,0,0,0,0,0,2,1,-1,1,1,59,9,-1,-1,-1,-1,6,E01027923,0,3
2024991491077,2024,991491077,1,5,0,-1,19,1,5,-1,0,0,0,0,0,0,1,1,-1,9,1,67,10,-1,-1,-1,-1,8,E01007713,0,5
2024010494389,2024,010494389,2,9,0,99,99,9,9,99,99,9,9,99,9,99,2,9,6,6,1,48,8,-1,-1,-1,-1,5,E01004363,0,2
2024430393463,2024,430393463,2,1,0,18,19,3,7,0,0,8,0,0,0,0,4,1,6,6,1,59,9,-1,-1,-1,-1,-1,-1,0,-1
2024451530128,2024,451530128,1,9,0,-1,9,5,1,-1,0,1,0,0,0,0,3,1,-1,9,1,39,7,-1,-1,-1,-1,10,E01030789,0,1
2024471452677,2024,471452677,2,1,0,-1,19,1,5,-1,0,1,0,0,0,0,1,1,-1,6,1,-1,-1,-1,-1,-1,-1,-1,-1,0,-1
2024351457571,2024,351457571,1,98,0,-1,4,3,7,-1,0,1,0,0,0,0,2,9,-1,6,1,41,7,-1,-1,-1,-1,8,E01018152,0,2
2024070642567,2024,070642567,2,19,0,18,19,3,6,0,0,3,0,0,0,0,4,1,6,6,2,34,6,-1,-1,-1,-1,2,E01018463,0,1
2024010498145,2024,010498145,1,1,9,99,99,9,9,99,99,0,9,99,9,99,2,1,2,2,1,41,7,-1,-1,-1,-1,2,E01004721,0,1
2024471456584,2024,471456584,1,9,0,-1,19,2,6,-1,0,0,1,0,7,0,4,1,-1,6,1,57,9,-1,-1,-1,-1,6,E01021022,0,2
2024340NN1292,2024,340NN1292,1,97,0,-1,19,5,1,-1,0,1,0,0,0,0,0,1,-1,6,1,26,6,-1,-1,-1,-1,-1,-1,0,-1
2024430592457,2024,430592457,1,19,0,9,9,7,5,0,0,6,0,0,0,0,1,1,6,6,3,-1,-1,-1,-1,-1,-1,-1,-1,0,-1
2024461442614,2024,461442614,1,9,0,-1,19,7,3,-1,0,8,0,0,0,0,1,9,-1,9,2,-1,-1,-1,-1,-1,-1,-1,-1,0,-1
2024440274711,2024,440274711,1,1,0,18,19,7,3,0,0,0,0,10,0,0,4,1,6,6,1,53,8,-1,-1,-1,-1,3,E01034064,0,2
2024010495078,2024,010495078,2,3,0,18,19,2,6,0,0,1,0,0,0,0,1,1,1,1,1,20,4,-1,-1,-1,-1,4,E01002104,0,1
2024481567014,2024,481567014,2,1,0,-1,19,3,7,-1,0,8,0,0,0,0,1,1,-1,2,1,29,6,-1,-1,-1,-1,-1,-1,0,-1
2024622400455,2024,622400455,2,9,0,18,19,6,2,0,0,0,0,0,0,0,4,1,6,6,2,43,7,-1,-1,-1,-1,10,W01001777,0,1
2024471415949,2024,471415949,2,9,0,-1,3,6,2,-1,0,0,0,0,0,0,2,1,-1,1,2,56,9,-1,-1,-1,-1,7,E01031566,0,1
2024010486825,2024,010486825,1,3,0,3,3,1,5,0,0,1,0,0,0,0,1,1,6,6,1,33,6,-1,-1,-1,-1,2,E01001687,0,1
2024320612549,2024,320612549,1,9,0,9,9,7,5,0,0,6,0,0,0,0,3,1,-1,-1,1,49,8,-1,-1,-1,-1,8,E01026202,0,2
2024430304916,2024,430304916,1,9,0,18,19,6,1,0,0,0,0,0,7,4,1,1,6,6,1,58,9,-1,-1,-1,-1,2,E01015539,0,4
2024010496827,2024,010496827,1,9,0,8,8,2,3,0,0,1,0,0,0,0,3,1,6,6,1,55,8,-1,-1,-1,-1,3,E01015923,0,3
2024041444144,2024,041444144,1,1,0,-1,19,7,3,-1,0,0,0,0,0,0,1,1,-1,9,1,9,2,-1,-1,-1,-1,10,E01025015,0,1
2024131397611,2024,131397611,1,9,0,-1,11,2,6,-1,0,0,0,0,0,0,1,1,-1,6,3,-1,-1,-1,-1,-1,-1,-1,-1,0,-1
2024411451602,2024,411451602,2,1,0,-1,7,3,4,-1,0,1,0,0,0,0,1,1,-1,6,1,45,7,-1,-1,-1,-1,7,E01023832,0,1
2024461463331,2024,461463331,2,9,0,-1,19,6,2,-1,0,1,1,0,0,0,1,1,-1,9,1,34,6,-1,-1,-1,-1,5,E01010948,0,5
2024061482997,2024,061482997,1,1,0,-1,19,-1,-1,-1,4,0,2,0,0,0,4,1,-1,2,1,27,6,-1,-1,-1,-1,2,E01034001,0,1
2024201482177,2024,201482177,1,9,9,-1,99,-1,-1,-1,99,9,9,99,9,0,9,9,-1,6,3,-1,-1,-1,-1,-1,-1,-1,-1,0,-1
2024430430769,2024,430430769,3,1,0,18,19,6,2,0,0,8,0,0,0,0,0,1,6,6,3,-1,-1,-1,-1,-1,-1,-1,-1,0,-1
2024440430731,2024,440430731,1,9,0,5,5,3,7,0,0,0,0,0,0,0,1,1,6,6,1,75,10,-1,-1,-1,-1,10,E01023218,0,1
2024052401447,2024,052401447,1,1,0,18,19,8,4,0,0,0,0,0,0,0,1,1,6,6,1,-1,-1,-1,-1,-1,-1,8,E01006889,0,1
2024430343808,2024,430343808,2,1,0,18,19,4,8,0,0,0,0,0,0,0,1,1,6,6,1,58,9,-1,-1,-1,-1,9,E01035263,0,2
2024311431500,2024,311431500,2,1,0,-1,5,5,1,-1,0,1,0,0,0,0,1,1,-1,6,1,53,8,-1,-1,-1,-1,7,E01013977,0,1
2024061535916,2024,061535916,1,1,0,-1,19,3,7,-1,0,1,0,99,0,0,2,1,-1,6,1,27,6,-1,-1,-1,-1,1,E01034137,0,1
2024010501108,2024,010501108,2,1,9,5,5,9,9,4,4,0,9,99,9,99,1,1,6,6,2,-1,-1,-1,-1,-1,-1,-1,-1,0,-1
2024010537686,2024,010537686,2,97,0,99,99,9,9,99,99,0,9,99,9,99,9,1,6,6,3,-1,-1,-1,-1,-1,-1,-1,-1,0,-1
2024122500071,2024,122500071,2,9,0,18,19,3,7,0,0,0,0,0,0,0,0,1,6,6,3,-1,-1,-1,-1,-1,-1,-1,-1,0,-1
2024302400309,2024,302400309,2,9,0,18,19,3,7,0,0,8,0,0,0,0,2,1,2,2,1,50,8,-1,-1,-1,-1,1,E01028276,0,3
2024010505616,2024,010505616,1,1,0,18,19,5,1,0,0,0,0,0,0,0,1,1,1,1,1,38,7,-1,-1,-1,-1,7,E01004108,0,2
2024031460744,2024,031460744,2,1,0,-1,19,4,8,-1,0,1,0,0,0,0,1,1,-1,6,2,30,6,-1,-1,-1,-1,2,E01019175,0,1
2024351519870,2024,351519870,2,1,-1,-1,-1,-1,-1,-1,-1,-1,-1,-1,-1,0,-1,1,-1,9,1,32,6,-1,-1,-1,-1,3,E01015624,0,1
2024010534025,2024,010534025,1,1,9,18,19,9,9,99,99,0,5,99,9,99,3,1,2,2,3,36,7,-1,-1,-1,-1,5,E01003116,0,1
2024461505904,2024,461505904,1,9,0,-1,19,8,4,-1,0,1,1,0,0,0,1,2,-1,9,1,63,9,-1,-1,-1,-1,-1,-1,0,-1
2024440306308,2024,440306308,2,9,0,7,7,6,8,0,0,6,0,0,0,0,1,1,1,1,1,55,8,-1,-1,-1,-1,8,E01023245,0,3
2024131526591,2024,131526591,2,1,0,-1,19,7,3,-1,0,8,0,0,0,0,1,1,-1,9,1,54,8,-1,-1,-1,-1,5,E01010991,0,4
2024520401579,2024,520401579,1,19,0,9,9,2,8,0,0,4,0,0,0,0,4,1,6,6,1,63,9,-1,-1,-1,-1,6,E01019902,0,4
2024131441178,2024,131441178,1,20,0,-1,-1,-1,-1,-1,-1,0,-1,-1,-1,-1,-1,1,-1,6,3,-1,-1,-1,-1,-1,-1,-1,-1,0,-1
2024061403082,2024,061403082,1,9,0,-1,19,3,7,-1,0,2,0,0,0,0,0,9,-1,6,-1,-1,-1,-1,-1,-1,-1,-1,-1,0,-1
2024991429746,2024,991429746,1,21,1,-1,19,5,1,-1,0,0,5,0,1,0,4,1,-1,1,1,64,9,-1,-1,-1,-1,2,-1,0,4
2024161529038,2024,161529038,2,19,0,-1,19,5,1,-1,0,0,0,0,0,0,0,1,-1,6,3,-1,-1,-1,-1,-1,-1,-1,-1,0,-1
2024991534777,2024,991534777,1,9,0,-1,19,3,7,-1,0,0,0,0,0,0,4,1,-1,6,3,-1,-1,-1,-1,-1,-1,-1,-1,0,-1
2024411479126,2024,411479126,2,1,0,-1,19,5,1,-1,0,0,0,0,7,0,3,1,-1,9,2,57,9,-1,-1,-1,-1,7,E01023682,0,2
2024430289705,2024,430289705,1,9,0,18,19,5,1,0,0,1,0,0,0,0,3,1,6,6,1,-1,-1,-1,-1,-1,-1,-1,-1,0,-1
2024501453028,2024,501453028,2,1,0,-1,19,-1,-1,-1,9,0,5,0,0,0,4,1,-1,2,1,25,5,-1,-1,-1,-1,4,E01015173,0,1
2024010547635,2024,010547635,2,9,0,5,5,5,1,0,0,4,0,0,0,0,1,1,6,6,3,-1,-1,-1,-1,-1,-1,-1,-1,0,-1
2024070668965,2024,070668965,1,9,0,18,19,2,6,0,0,0,0,0,0,0,1,1,6,6,1,40,7,-1,-1,-1,-1,-1,-1,0,-1
2024430011715,2024,430011715,2,9,0,9,9,8,6,0,0,6,0,0,0,0,3,1,6,6,2,-1,-1,-1,-1,-1,-1,-1,-1,0,-1
2024201454799,2024,201454799,2,9,0,-1,3,5,1,-1,0,1,0,0,0,0,1,1,-1,2,2,33,6,-1,-1,-1,-1,1,E01009079,0,1
2024531501212,2024,531501212,1,98,4,-1,19,1,5,-1,0,0,0,0,0,0,1,1,-1,1,1,34,6,-1,-1,-1,-1,10,E01015014,0,4
2024131481570,2024,131481570,1,9,0,-1,19,7,3,-1,0,8,0,0,0,0,4,1,-1,9,1,69,10,-1,-1,-1,-1,8,E01011773,0,1
2024340WN2372,2024,340WN2372,1,9,0,-1,13,5,3,-1,0,1,0,0,0,0,4,1,-1,6,2,31,6,-1,-1,-1,-1,8,E01034461,0,4
2024211524013,2024,211524013,2,9,0,-1,19,2,5,-1,0,0,0,0,0,0,1,1,-1,9,1,36,7,-1,-1,-1,-1,9,E01029791,0,3
2024111429037,2024,111429037,2,-1,0,-1,19,4,8,-1,0,2,5,0,0,0,2,9,-1,6,1,12,3,-1,-1,-1,-1,2,E01020751,1,1
2024311475286,2024,311475286,1,9,0,-1,19,7,3,-1,0,8,0,0,0,0,2,1,-1,6,1,59,9,-1,-1,-1,-1,10,E01028390,0,1
2024061491328,2024,061491328,1,9,0,-1,99,-1,-1,-1,99,0,9,99,0,0,2,1,-1,9,1,49,8,-1,-1,-1,-1,1,E01005664,0,1
2024311526709,2024,311526709,1,9,0,-1,19,3,8,-1,0,0,0,0,0,0,0,1,-1,1,1,41,7,-1,-1,-1,-1,-1,-1,0,-1
2024010495343,2024,010495343,2,9,0,99,99,9,9,99,99,9,9,99,9,99,9,9,6,6,3,-1,-1,-1,-1,-1,-1,-1,-1,0,-1
2024340NN2542,2024,340NN2542,1,19,0,-1,7,1,3,-1,0,8,0,0,0,0,3,1,-1,6,1,26,6,-1,-1,-1,-1,6,E01002111,0,4
2024010492881,2024,010492881,1,9,0,8,8,5,7,0,0,6,0,0,0,0,3,1,1,1,1,23,5,-1,-1,-1,-1,7,E01030402,0,2
2024471465527,2024,471465527,2,9,0,-1,4,1,5,-1,0,0,0,0,0,0,2,1,-1,1,1,35,6,-1,-1,-1,-1,6,E01035330,0,2
2024010544798,2024,010544798,1,1,0,18,19,3,7,4,4,1,0,0,0,0,1,1,6,6,1,43,7,-1,-1,-1,-1,7,E01003792,0,1
2024302400868,2024,302400868,2,1,0,18,19,3,7,0,0,8,0,0,0,0,4,1,1,1,1,20,4,-1,-1,-1,-1,1,E01013480,0,1
2024010489707,2024,010489707,1,1,9,99,99,9,9,99,99,9,9,99,9,99,9,1,2,2,1,31,6,-1,-1,-1,-1,10,E01017610,0,4
2024141439610,2024,141439610,2,9,0,-1,19,6,8,-1,0,2,0,0,3,0,1,1,-1,9,1,54,8,-1,-1,-1,-1,3,E01007515,0,1
2024361482723,2024,361482723,1,16,-1,-1,-1,3,7,-1,-1,-1,-1,-1,-1,0,-1,1,-1,6,1,73,10,-1,-1,-1,-1,6,E01029926,0,1
2024010500352,2024,010500352,2,1,0,18,19,1,5,0,0,5,0,0,0,0,1,1,6,6,3,23,5,-1,-1,-1,-1,-1,-1,0,-1
2024052402833,2024,052402833,1,9,0,18,19,5,1,0,0,8,0,0,0,0,4,1,6,6,3,-1,-1,-1,-1,-1,-1,-1,-1,0,-1
2024991490838,2024,991490838,2,20,0,-1,13,7,2,-1,0,0,0,0,0,0,0,9,-1,6,3,21,5,-1,-1,-1,-1,-1,-1,0,-1
2024010537010,2024,010537010,1,1,9,99,99,9,9,99,99,9,9,99,9,99,9,1,2,2,2,34,6,-1,-1,-1,-1,9,E01035520,0,4
2024991451012,2024,991451012,1,98,0,-1,19,3,7,-1,0,0,0,4,0,0,4,9,-1,6,3,-1,-1,-1,-1,-1,-1,-1,-1,0,-1
2024010536738,2024,010536738,1,9,0,99,99,9,9,99,99,9,9,99,9,99,2,9,1,1,1,36,7,-1,-1,-1,-1,3,E01002809,0,2
2024430278606,2024,430278606,2,5,0,3,3,3,7,0,0,1,0,0,0,0,2,1,6,6,1,30,6,-1,-1,-1,-1,8,E01016339,0,1
2024010515099,2024,010515099,1,9,0,1,1,5,1,9,9,6,0,0,0,0,2,1,6,6,3,-1,-1,-1,-1,-1,-1,-1,-1,0,-1
2024041444119,2024,041444119,1,9,0,-1,19,1,5,-1,0,1,0,0,0,0,4,1,-1,9,1,33,6,-1,-1,-1,-1,4,E01005491,0,1
2024351430342,2024,351430342,1,2,0,-1,19,1,5,-1,0,0,0,0,0,0,2,1,-1,6,2,31,6,-1,-1,-1,-1,8,E01030098,0,4
2024010494378,2024,010494378,2,9,0,18,19,1,5,0,0,1,0,99,0,0,1,9,6,6,3,-1,-1,-1,-1,-1,-1,-1,-1,0,-1
2024522401368,2024,522401368,3,98,0,12,12,4,8,0,0,4,0,0,0,0,0,1,6,6,1,48,8,-1,-1,-1,-1,1,E01029100,0,4
2024010551206,2024,010551206,2,90,0,18,19,3,7,0,0,0,0,0,0,0,0,1,6,6,1,-1,-1,-1,-1,-1,-1,-1,-1,0,-1
2024471452650,2024,471452650,1,1,0,-1,19,1,5,-1,9,0,0,0,1,10,1,1,-1,6,1,19,4,-1,-1,-1,-1,1,E01020983,0,1
2024010507015,2024,010507015,1,9,0,18,19,3,7,99,99,9,0,0,9,0,1,9,2,2,3,-1,-1,-1,-1,-1,-1,-1,-1,0,-1
2024010486958,2024,010486958,2,9,0,4,4,5,1,0,0,0,0,0,0,0,2,1,1,1,1,64,9,-1,-1,-1,-1,2,E01001631,0,1
2024430389686,2024,430389686,2,1,0,18,19,2,6,0,0,6,0,0,0,0,3,1,6,6,1,7,2,-1,-1,-1,-1,4,E01016521,0,1
2024991418957,2024,991418957,2,1,0,-1,19,8,4,-1,0,1,0,0,0,0,-1,1,-1,6,2,24,5,-1,-1,-1,-1,4,-1,0,1
2024520000186,2024,520000186,2,1,0,18,19,3,7,0,0,8,0,0,0,0,1,1,6,6,1,21,5,-1,-1,-1,-1,-1,-1,0,-1
2024161476795,2024,161476795,2,1,0,-1,19,6,2,-1,0,0,0,0,0,0,2,1,-1,6,1,52,8,-1,-1,-1,-1,10,E01011845,0,4
2024332400806,2024,332400806,2,9,0,-1,9,2,4,-1,0,5,0,0,0,0,1,1,-1,6,3,-1,-1,-1,-1,-1,-1,-1,-1,0,-1
2024010512107,2024,010512107,2,-1,0,18,19,5,1,0,0,1,5,0,0,0,1,1,6,6,1,13,3,-1,-1,-1,-1,5,E01001265,1,1
2024010524907,2024,010524907,1,1,9,99,99,9,9,99,99,9,9,99,9,99,9,1,2,2,2,40,7,-1,-1,-1,-1,4,E01001724,0,1
2024991490049,2024,991490049,1,9,0,-1,19,5,1,-1,0,0,0,0,0,0,1,9,-1,6,3,30,6,-1,-1,-1,-1,-1,-1,0,-1
2024161534411,2024,161534411,2,9,0,-1,12,4,8,-1,0,0,0,0,0,0,4,1,-1,6,3,-1,-1,-1,-1,-1,-1,-1,-1,0,-1
2024361441100,2024,361441100,2,9,0,-1,4,-1,-1,-1,0,1,0,0,0,0,2,1,-1,9,2,50,8,-1,-1,-1,-1,7,E01026885,0,3
2024411522500,2024,411522500,2,9,-1,-1,-1,-1,-1,-1,-1,0,-1,-1,-1,0,2,9,-1,9,1,22,5,-1,-1,-1,-1,9,E01023436,0,1
2024430578360,2024,430578360,2,9,0,18,19,6,2,0,0,0,0,0,0,0,1,1,6,6,3,-1,-1,-1,-1,-1,-1,-1,-1,0,-1
2024010497976,2024,010497976,1,9,0,18,19,3,7,0,0,8,0,0,0,0,1,1,6,6,3,-1,-1,-1,-1,-1,-1,-1,-1,0,-1
2024440034240,2024,440034240,1,9,0,9,9,3,1,0,0,1,0,0,0,0,1,1,1,1,1,22,5,-1,-1,-1,-1,4,E01017129,0,1
2024141429501,2024,141429501,2,9,0,-1,15,2,6,-1,0,1,0,0,7,11,1,1,-1,2,1,25,5,-1,-1,-1,-1,2,E01007627,0,2
2024031521619,2024,031521619,3,9,0,-1,5,3,1,-1,0,6,2,0,0,0,3,9,-1,6,1,40,7,-1,-1,-1,-1,-1,-1,0,-1
2024631470523,2024,631470523,1,9,0,-1,19,1,4,-1,0,3,0,0,1,10,4,1,-1,9,1,25,5,-1,-1,-1,-1,7,W01000645,0,4
2024010522368,2024,010522368,2,9,0,99,99,9,9,99,99,9,9,99,9,99,1,9,6,6,1,58,9,-1,-1,-1,-1,2,E01033926,0,3
2024552401357,2024,552401357,2,9,0,18,19,2,6,0,0,0,0,0,1,0,1,1,2,2,1,39,7,-1,-1,-1,-1,5,E01015461,0,1
2024010521906,2024,010521906,1,1,9,99,99,9,9,99,99,9,9,99,9,99,1,1,6,6,1,36,7,-1,-1,-1,-1,4,E01000805,0,1
2024010488681,2024,010488681,1,8,0,5,5,6,2,0,0,8,0,0,0,0,1,1,1,1,1,63,9,-1,-1,-1,-1,3,E01002217,0,3
2024522500407,2024,522500407,1,9,0,18,19,8,4,0,0,0,0,0,0,0,1,1,6,6,3,-1,-1,-1,-1,-1,-1,-1,-1,0,-1
2024320586656,2024,320586656,2,19,0,-1,-1,6,2,0,0,1,0,0,0,0,1,1,6,6,1,63,9,-1,-1,-1,-1,6,E01026210,0,2
2024430245378,2024,430245378,2,11,0,18,19,7,3,0,0,1,0,0,0,0,2,1,1,1,1,62,9,-1,-1,-1,-1,-1,-1,0,-1
2024010549136,2024,010549136,2,9,0,18,19,7,3,0,0,0,0,0,0,0,0,1,6,6,3,24,5,-1,-1,-1,-1,-1,-1,0,-1