collision_index,collision_year,collision_ref_no,vehicle_reference,vehicle_type,towing_and_articulation,vehicle_manoeuvre_historic,vehicle_manoeuvre,vehicle_direction_from,vehicle_direction_to,vehicle_location_restricted_lane_historic,vehicle_location_restricted_lane,junction_location,skidding_and_overturning,hit_object_in_carriageway,vehicle_leaving_carriageway,hit_object_off_carriageway,first_point_of_impact,vehicle_left_hand_drive,journey_purpose_of_driver_historic,journey_purpose_of_driver,sex_of_driver,age_of_driver,age_band_of_driver,engine_capacity_cc,propulsion_code,age_of_vehicle,generic_make_model,driver_imd_decile,lsoa_of_driver,escooter_flag,driver_distance_banding
2024010495522,2024,010495522,2,9,0,99,99,9,9,99,99,9,9,99,9,99,9,9,6,6,3,-1,-1,-1,-1,-1,-1,-1,-1,0,-1
2024471530253,2024,471530253,1,9,0,-1,19,2,6,-1,0,0,0,0,1,4,1,1,-1,6,1,19,4,-1,-1,-1,-1,9,E01031722,0,1
2024131484717,2024,131484717,1,9,0,-1,5,5,1,-1,0,4,0,0,0,0,1,1,-1,2,2,27,6,-1,-1,-1,-1,2,E01011781,0,1
2024991421305,2024,991421305,2,1,0,-1,19,1,5,-1,0,0,0,0,0,0,4,1,-1,6,1,50,8,-1,-1,-1,-1,-1,-1,0,-1
2024430545149,2024,430545149,2,1,0,18,19,8,4,0,0,0,0,0,0,0,2,1,6,6,1,58,9,-1,-1,-1,-1,4,E01035248,0,1
2024101503042,2024,101503042,1,9,0,-1,13,5,1,-1,0,8,0,0,0,0,4,9,-1,6,3,30,6,-1,-1,-1,-1,-1,-1,0,-1
2024010496332,2024,010496332,1,9,0,18,19,7,3,4,4,0,0,7,7,2,1,1,6,6,1,39,7,-1,-1,-1,-1,9,E01014998,0,5
2024010495783,2024,010495783,1,8,0,18,19,6,2,0,0,2,0,0,0,0,3,1,1,1,1,68,10,-1,-1,-1,-1,9,E01021925,0,4
2024991502050,2024,991502050,2,19,0,-1,19,2,6,-1,0,0,1,0,1,0,1,1,-1,1,1,44,7,-1,-1,-1,-1,3,E01005618,0,5
2024421504334,2024,421504334,1,9,0,-1,19,5,1,-1,0,2,0,0,0,0,1,1,-1,6,3,-1,-1,-1,-1,-1,-1,-1,-1,0,-1
2024471526300,2024,471526300,1,19,0,-1,9,5,3,-1,0,0,0,0,0,0,1,1,-1,6,3,-1,-1,-1,-1,-1,-1,-1,-1,0,-1
2024010504342,2024,010504342,1,1,9,99,99,9,9,4,4,1,9,99,9,99,9,1,6,6,1,37,7,-1,-1,-1,-1,8,E01004051,0,1
2024052400807,2024,052400807,2,9,0,18,19,3,7,0,0,8,0,0,0,0,1,1,6,6,1,58,9,-1,-1,-1,-1,1,E01006700,0,1
2024052400873,2024,052400873,2,1,0,18,19,2,5,0,0,0,0,4,0,0,1,1,2,2,1,51,8,-1,-1,-1,-1,3,E01018552,0,3
2024141469499,2024,141469499,2,9,0,-1,3,6,2,-1,0,1,0,0,0,0,4,9,-1,6,-1,-1,-1,-1,-1,-1,-1,-1,-1,0,-1
2024010489726,2024,010489726,3,9,0,99,99,9,9,99,99,9,9,99,9,99,2,9,6,6,3,-1,-1,-1,-1,-1,-1,-1,-1,0,-1
2024041465339,2024,041465339,2,9,0,-1,19,1,1,-1,0,2,0,0,0,0,1,2,-1,2,2,55,8,-1,-1,-1,-1,4,E01025427,0,1
2024070855501,2024,070855501,1,99,9,-1,13,5,3,-1,0,8,0,99,0,0,1,9,-1,6,3,-1,-1,-1,-1,-1,-1,-1,-1,0,-1
2024471443729,2024,471443729,1,9,0,-1,19,7,3,-1,0,3,2,10,1,0,1,1,-1,1,1,37,7,-1,-1,-1,-1,7,E01031500,0,4
2024332400745,2024,332400745,2,1,0,-1,19,2,6,-1,0,8,0,0,0,0,4,1,-1,6,1,56,9,-1,-1,-1,-1,3,E01025705,0,1
2024361407912,2024,361407912,2,9,0,-1,9,1,7,-1,0,6,0,0,0,0,1,1,-1,6,2,73,10,-1,-1,-1,-1,7,E01026436,0,1
2024161491757,2024,161491757,1,1,0,-1,19,4,8,-1,99,1,0,0,0,0,4,1,-1,2,2,58,9,-1,-1,-1,-1,3,E01013045,0,1
2024131492586,2024,131492586,2,1,0,-1,9,1,1,-1,0,0,0,0,0,0,1,1,-1,2,1,33,6,-1,-1,-1,-1,2,E01011223,0,1
2024010523932,2024,010523932,2,1,0,14,14,7,3,0,0,0,0,0,0,0,3,1,6,6,2,34,6,-1,-1,-1,-1,6,E01002740,0,1
2024010520527,2024,010520527,1,1,9,99,99,9,9,99,99,9,9,99,9,99,9,1,6,6,1,40,7,-1,-1,-1,-1,3,E01004062,0,1
2024351438152,2024,351438152,1,9,-1,-1,-1,-1,-1,-1,-1,8,-1,-1,-1,0,-1,9,-1,6,3,-1,-1,-1,-1,-1,-1,-1,-1,0,-1
2024010511543,2024,010511543,1,9,0,99,99,9,9,99,99,9,9,99,9,99,2,9,6,6,3,-1,-1,-1,-1,-1,-1,-1,-1,0,-1
2024461484101,2024,461484101,2,1,0,-1,19,3,7,-1,0,0,0,0,0,0,3,1,-1,6,1,35,6,-1,-1,-1,-1,5,E01024571,0,1
2024070146826,2024,070146826,2,20,1,18,19,3,7,0,0,0,0,0,0,0,3,1,1,1,3,-1,-1,-1,-1,-1,-1,-1,-1,0,-1
2024010514821,2024,010514821,2,9,0,99,99,9,9,99,99,9,9,99,9,99,9,9,6,6,3,-1,-1,-1,-1,-1,-1,-1,-1,0,-1
2024010488476,2024,010488476,1,9,0,17,19,8,4,0,0,8,0,0,0,0,1,1,6,6,1,55,8,-1,-1,-1,-1,4,E01000171,0,1
2024010491783,2024,010491783,1,4,0,13,13,3,7,0,0,2,0,7,0,0,1,1,1,1,1,57,9,-1,-1,-1,-1,6,E01003071,0,2
2024141489930,2024,141489930,1,9,0,-1,19,3,7,-1,0,0,0,0,0,0,1,1,-1,1,1,51,8,-1,-1,-1,-1,4,E01008142,0,3
2024131494076,2024,131494076,1,90,0,-1,-1,-1,-1,-1,-1,0,-1,-1,-1,-1,-1,1,-1,6,3,-1,-1,-1,-1,-1,-1,-1,-1,0,-1
2024010554831,2024,010554831,1,9,9,99,99,9,9,99,99,9,9,99,9,99,1,9,6,6,3,-1,-1,-1,-1,-1,-1,-1,-1,0,-1
2024010522336,2024,010522336,1,9,9,18,19,1,5,99,99,9,0,0,9,0,1,9,6,6,3,-1,-1,-1,-1,-1,-1,-1,-1,0,-1
2024061441988,2024,061441988,2,1,0,-1,19,8,4,-1,0,1,0,0,0,0,1,1,-1,9,1,52,8,-1,-1,-1,-1,2,E01005708,0,2
2024010489828,2024,010489828,1,1,0,18,19,3,7,0,0,1,0,0,0,0,3,1,6,6,3,24,5,-1,-1,-1,-1,-1,-1,0,-1
2024451436737,2024,451436737,2,19,-1,-1,-1,-1,-1,-1,-1,0,-1,-1,-1,0,-1,9,-1,6,1,-1,-1,-1,-1,-1,-1,-1,-1,0,-1
2024010516148,2024,010516148,1,1,0,18,19,1,5,0,0,1,9,0,0,0,1,1,2,2,1,33,6,-1,-1,-1,-1,1,E01002095,0,1
2024052401418,2024,052401418,2,1,0,18,19,5,1,0,0,8,0,0,0,0,1,1,6,6,1,45,7,-1,-1,-1,-1,1,E01006675,0,1
2024430593761,2024,430593761,1,1,0,18,19,3,7,0,0,1,0,0,0,0,1,1,6,6,1,14,3,-1,-1,-1,-1,10,E01016597,0,1
2024430582951,2024,430582951,1,1,0,12,12,8,4,4,4,0,0,0,0,0,2,1,6,6,1,44,7,-1,-1,-1,-1,6,E01028580,0,1
2024320345597,2024,320345597,2,90,0,-1,-1,6,2,0,0,0,0,0,0,0,3,1,6,6,2,12,3,-1,-1,-1,-1,-1,-1,0,-1
2024351432609,2024,351432609,2,9,0,-1,3,5,1,-1,0,1,0,0,0,0,2,1,-1,6,2,57,9,-1,-1,-1,-1,6,E01017963,0,1
2024221420144,2024,221420144,2,9,0,-1,7,8,2,-1,0,4,0,0,0,0,1,9,-1,6,3,56,9,-1,-1,-1,-1,-1,-1,0,-1
2024440332962,2024,440332962,2,1,0,18,19,6,2,0,0,3,0,0,0,0,2,1,2,2,1,60,9,-1,-1,-1,-1,9,E01034719,0,3
2024471400753,2024,471400753,1,98,0,-1,19,1,5,-1,0,8,0,0,0,0,0,9,-1,6,3,-1,-1,-1,-1,-1,-1,-1,-1,0,-1
2024010488046,2024,010488046,2,9,0,7,7,7,8,0,0,6,0,0,0,0,1,1,6,6,3,-1,-1,-1,-1,-1,-1,-1,-1,0,-1
2024461532883,2024,461532883,1,21,0,-1,19,5,1,-1,0,0,0,0,6,0,3,2,-1,1,1,45,7,-1,-1,-1,-1,-1,-1,0,-1
2024010524257,2024,010524257,2,1,9,99,99,9,9,99,99,9,9,99,9,99,9,1,6,6,1,40,7,-1,-1,-1,-1,2,E01003305,0,2
2024131400734,2024,131400734,2,9,0,-1,9,3,8,-1,0,8,0,0,0,0,3,1,-1,6,1,25,5,-1,-1,-1,-1,8,E01032491,0,1
2024161523727,2024,161523727,2,1,0,-1,99,6,2,-1,0,1,0,0,0,0,3,1,-1,6,3,17,4,-1,-1,-1,-1,-1,-1,0,-1
2024430266268,2024,430266268,2,9,0,9,9,8,6,0,0,8,0,0,0,0,4,1,6,6,2,30,6,-1,-1,-1,-1,9,E01035256,0,1
2024440427930,2024,440427930,1,9,0,7,7,2,5,0,0,8,0,0,0,0,1,1,2,2,2,43,7,-1,-1,-1,-1,3,E01017242,0,1
202454A078324,2024,54A078324,1,9,0,18,19,4,8,0,0,0,0,0,0,0,1,1,2,2,2,-1,-1,-1,-1,-1,-1,7,E01016495,0,4
2024201514257,2024,201514257,2,9,0,-1,19,7,2,-1,0,0,0,0,0,0,1,1,-1,1,1,25,5,-1,-1,-1,-1,1,E01009355,0,2
2024311471378,2024,311471378,2,9,0,-1,4,3,7,-1,0,2,0,0,0,0,1,2,-1,1,1,34,6,-1,-1,-1,-1,-1,-1,0,-1
2024461462047,2024,461462047,2,1,0,-1,19,5,6,-1,0,0,0,10,0,0,-1,1,-1,2,1,50,8,-1,-1,-1,-1,3,E01024090,0,1
2024311493210,2024,311493210,2,-1,0,-1,9,1,7,-1,0,1,0,0,0,0,1,1,-1,6,1,50,8,-1,-1,-1,-1,-1,-1,1,-1
2024471486353,2024,471486353,1,1,0,-1,19,5,1,-1,0,1,0,0,0,0,1,1,-1,6,1,15,3,-1,-1,-1,-1,3,E01031348,0,1
2024361494017,2024,361494017,1,9,0,-1,9,5,1,-1,0,4,1,0,0,0,1,1,-1,6,2,43,7,-1,-1,-1,-1,6,E01030240,0,4
2024010495910,2024,010495910,1,3,0,99,99,9,9,99,99,9,9,99,9,99,1,1,2,2,1,32,6,-1,-1,-1,-1,3,E01003533,0,3
2024440513142,2024,440513142,2,9,0,13,13,8,4,0,0,1,0,0,0,0,4,1,6,6,1,-1,-1,-1,-1,-1,-1,-1,-1,0,-1
2024221491700,2024,221491700,2,1,0,-1,19,8,4,-1,0,0,0,0,1,4,1,1,-1,9,1,74,10,-1,-1,-1,-1,10,E01033062,0,4
2024421539690,2024,421539690,1,9,0,-1,-1,-1,-1,-1,-1,0,-1,-1,-1,0,-1,9,-1,6,1,26,6,-1,-1,-1,-1,4,E01021817,0,2
2024440351028,2024,440351028,2,9,0,18,19,7,3,0,0,0,0,0,0,0,1,1,6,6,3,-1,-1,-1,-1,-1,-1,-1,-1,0,-1
2024010489449,2024,010489449,1,11,1,5,5,2,6,0,0,0,0,0,0,0,4,1,6,6,1,38,7,-1,-1,-1,-1,3,E01004295,0,1
2024061480267,2024,061480267,1,99,0,-1,12,7,2,-1,0,0,0,0,0,0,3,9,-1,6,3,-1,-1,-1,-1,-1,-1,-1,-1,0,-1
2024421445593,2024,421445593,1,21,1,-1,12,3,7,-1,0,0,0,0,0,0,3,2,-1,1,1,50,8,-1,-1,-1,-1,-1,-1,0,-1
2024531496389,2024,531496389,2,9,0,-1,7,1,3,-1,0,2,0,0,0,0,2,2,-1,6,1,52,8,-1,-1,-1,-1,7,E01022230,0,2
2024041509700,2024,041509700,2,98,0,-1,9,1,3,-1,0,0,0,0,0,0,2,1,-1,9,1,40,7,-1,-1,-1,-1,7,E01025603,0,1
2024302401190,2024,302401190,2,23,0,18,19,8,4,0,0,0,0,0,0,0,1,1,6,6,1,16,4,-1,-1,-1,-1,5,E01019763,0,1
2024332400343,2024,332400343,2,16,0,-1,19,1,5,-1,0,0,0,0,0,0,3,1,-1,6,2,40,7,-1,-1,-1,-1,8,E01025777,0,1
2024010490008,2024,010490008,2,9,0,99,99,9,9,99,99,9,9,99,9,99,1,9,6,6,1,52,8,-1,-1,-1,-1,3,E01000088,0,1
2024010494283,2024,010494283,1,3,0,99,99,9,9,99,99,9,9,99,9,99,2,1,6,6,1,27,6,-1,-1,-1,-1,4,E01001879,0,3
2024010505281,2024,010505281,1,9,0,13,13,3,7,0,0,0,0,4,0,0,4,1,6,6,1,24,5,-1,-1,-1,-1,2,E01000931,0,1
2024010500893,2024,010500893,1,9,9,99,99,9,9,99,99,9,9,99,9,99,1,1,6,6,3,-1,-1,-1,-1,-1,-1,-1,-1,0,-1
2024440346815,2024,440346815,1,9,0,18,19,3,7,0,0,1,0,0,0,0,1,1,6,6,1,26,6,-1,-1,-1,-1,6,E01017025,0,1
2024501451086,2024,501451086,1,9,0,-1,19,1,5,-1,0,0,0,12,0,0,1,9,-1,6,3,-1,-1,-1,-1,-1,-1,-1,-1,0,-1
2024052400927,2024,052400927,2,1,0,18,19,3,7,0,0,0,0,0,0,0,4,1,4,7,1,11,3,-1,-1,-1,-1,1,E01007055,0,1
2024201434337,2024,201434337,1,11,0,-1,19,4,8,-1,0,0,0,0,0,0,1,1,-1,1,2,30,6,-1,-1,-1,-1,-1,-1,0,-1
2024010492874,2024,010492874,2,9,0,5,5,9,9,99,99,6,9,99,9,99,9,9,6,6,3,-1,-1,-1,-1,-1,-1,-1,-1,0,-1
2024440324616,2024,440324616,1,1,0,18,19,5,1,0,0,1,0,0,0,0,4,1,6,6,1,17,4,-1,-1,-1,-1,7,E01022815,0,1
2024010495385,2024,010495385,4,9,0,18,19,7,3,0,0,0,0,0,0,0,0,1,1,1,1,34,6,-1,-1,-1,-1,3,E01003221,0,2
2024371485154,2024,371485154,1,9,0,-1,9,7,4,-1,0,8,0,0,0,0,3,1,-1,9,2,37,7,-1,-1,-1,-1,6,E01030056,0,1
2024010515943,2024,010515943,1,98,0,7,7,5,8,0,0,1,0,0,0,0,1,1,6,6,3,-1,-1,-1,-1,-1,-1,-1,-1,0,-1
2024991513967,2024,991513967,1,99,0,-1,5,2,6,-1,0,1,0,0,0,0,1,1,-1,2,2,53,8,-1,-1,-1,-1,5,-1,0,1
2024332400227,2024,332400227,2,19,0,-1,9,5,3,-1,0,5,0,0,0,0,1,1,-1,6,3,-1,-1,-1,-1,-1,-1,-1,-1,0,-1
2024361450994,2024,361450994,1,9,-1,-1,5,4,8,-1,0,1,0,0,0,0,-1,9,-1,6,2,57,9,-1,-1,-1,-1,-1,-1,0,-1
2024451415533,2024,451415533,3,98,0,-1,19,4,8,-1,0,0,0,0,0,0,1,1,-1,1,1,62,9,-1,-1,-1,-1,3,E01002429,0,4
2024010537165,2024,010537165,2,9,0,18,19,3,7,0,0,2,0,0,0,0,4,1,3,7,1,42,7,-1,-1,-1,-1,-1,-1,0,-1
2024440092821,2024,440092821,1,1,0,18,19,6,2,0,0,0,0,0,0,0,1,1,6,6,1,64,9,-1,-1,-1,-1,10,E01022661,0,3
2024201444439,2024,201444439,2,9,0,-1,4,6,2,-1,0,1,0,0,0,0,4,1,-1,9,3,33,6,-1,-1,-1,-1,-1,-1,0,-1
2024440009951,2024,440009951,2,-1,0,7,7,3,5,0,0,6,0,0,0,0,1,1,4,7,1,12,3,-1,-1,-1,-1,6,E01022927,1,1
2024320475991,2024,320475991,2,1,0,-1,-1,5,1,0,0,0,5,0,1,0,3,1,-1,-1,1,82,11,-1,-1,-1,-1,9,E01032999,0,1
2024061492918,2024,061492918,1,-1,0,-1,19,5,1,-1,0,2,0,0,0,0,1,1,-1,6,1,14,3,-1,-1,-1,-1,-1,-1,1,-1
2024461498421,2024,461498421,2,-1,0,-1,2,0,0,-1,0,4,0,0,0,0,3,1,-1,9,1,19,4,-1,-1,-1,-1,-1,-1,1,-1
2024361399276,2024,361399276,2,1,0,-1,5,4,4,-1,0,3,0,0,0,0,2,1,-1,6,1,49,8,-1,-1,-1,-1,9,E01034765,0,2
2024221434139,2024,221434139,2,90,4,-1,9,2,8,-1,0,6,0,0,0,0,3,1,-1,6,1,75,10,-1,-1,-1,-1,8,E01032190,0,1
2024010488632,2024,010488632,1,9,0,99,99,9,9,0,0,1,0,0,0,0,1,1,6,6,3,-1,-1,-1,-1,-1,-1,-1,-1,0,-1
2024211466348,2024,211466348,1,9,5,-1,5,1,1,-1,0,2,0,0,0,0,1,2,-1,2,1,54,8,-1,-1,-1,-1,2,E01014230,0,1
2024010545099,2024,010545099,2,1,0,18,19,1,5,0,0,2,0,0,0,0,3,1,6,6,1,45,7,-1,-1,-1,-1,2,E01001147,0,1
2024010508815,2024,010508815,2,97,0,99,99,9,9,0,0,6,0,99,0,0,9,1,6,6,1,24,5,-1,-1,-1,-1,-1,-1,0,-1
2024010521266,2024,010521266,1,9,0,18,19,6,2,0,0,2,0,4,0,0,1,1,1,1,1,55,8,-1,-1,-1,-1,6,E01021525,0,4
2024552400269,2024,552400269,1,1,0,18,19,3,7,0,0,8,0,10,0,0,0,1,6,6,2,33,6,-1,-1,-1,-1,-1,-1,0,-1
2024010496582,2024,010496582,1,9,0,18,19,1,5,9,9,0,0,0,7,11,1,1,1,1,2,49,8,-1,-1,-1,-1,3,E01001368,0,1
2024010510804,2024,010510804,1,1,9,99,99,9,9,99,99,9,9,99,9,99,9,1,6,6,3,-1,-1,-1,-1,-1,-1,-1,-1,0,-1
2024131531208,2024,131531208,2,1,0,-1,19,7,3,-1,0,1,0,0,0,0,1,1,-1,6,1,14,3,-1,-1,-1,-1,7,E01011630,0,1
2024141515941,2024,141515941,1,9,0,-1,7,6,2,-1,0,0,0,0,0,0,1,1,-1,1,2,31,6,-1,-1,-1,-1,1,E01007783,0,1
2024471422589,2024,471422589,2,9,0,-1,13,3,5,-1,0,1,0,0,0,0,0,9,-1,6,3,-1,-1,-1,-1,-1,-1,-1,-1,0,-1
2024471466162,2024,471466162,2,1,0,-1,19,4,8,-1,9,0,0,0,0,0,1,1,-1,6,1,13,3,-1,-1,-1,-1,3,E01020971,0,1
2024061522484,2024,061522484,1,1,0,-1,19,-1,-1,-1,99,9,0,0,0,0,4,1,-1,2,1,53,8,-1,-1,-1,-1,10,E01006196,0,1
2024340WN3642,2024,340WN3642,1,9,0,-1,19,6,2,-1,0,1,0,0,0,0,1,1,-1,6,3,-1,-1,-1,-1,-1,-1,-1,-1,0,-1
2024471423368,2024,471423368,2,9,0,-1,12,7,3,-1,0,0,0,0,0,0,2,2,-1,9,2,31,6,-1,-1,-1,-1,9,E01031495,0,1
2024542606024,2024,542606024,1,9,0,6,6,2,2,0,0,6,0,0,0,0,0,1,6,6,3,-1,-1,-1,-1,-1,-1,-1,-1,0,-1
2024010491807,2024,010491807,2,1,0,18,19,7,3,9,9,2,0,0,0,0,0,1,6,6,2,41,7,-1,-1,-1,-1,3,E01004004,0,2
2024041508635,2024,041508635,2,9,0,-1,19,5,1,-1,0,1,0,0,0,0,1,1,-1,9,2,35,6,-1,-1,-1,-1,3,E01012668,0,1
2024010508770,2024,010508770,1,98,9,99,99,9,9,99,99,9,9,99,9,99,9,9,6,6,3,-1,-1,-1,-1,-1,-1,-1,-1,0,-1
2024061434424,2024,061434424,1,1,0,-1,19,-1,-1,-1,0,8,0,0,0,0,4,1,-1,2,1,27,6,-1,-1,-1,-1,3,E01005273,0,1
2024451431578,2024,451431578,1,9,0,-1,-1,-1,-1,-1,-1,0,-1,-1,-1,-1,-1,9,-1,6,3,45,7,-1,-1,-1,-1,6,E01024729,0,4
2024440008986,2024,440008986,1,5,0,18,19,5,1,0,0,1,0,0,0,0,3,1,6,6,1,40,7,-1,-1,-1,-1,1,E01022968,0,3
2024201418813,2024,201418813,2,1,0,-1,19,8,4,-1,0,8,0,0,0,0,1,1,-1,6,1,32,6,-1,-1,-1,-1,-1,-1,0,-1
2024361494117,2024,361494117,1,9,0,-1,-1,-1,-1,-1,-1,0,-1,-1,-1,0,-1,9,-1,6,2,-1,-1,-1,-1,-1,-1,-1,-1,0,-1
2024010523718,2024,010523718,1,9,0,18,19,7,3,0,0,8,0,11,0,0,1,2,6,6,3,-1,-1,-1,-1,-1,-1,-1,-1,0,-1
2024440216078,2024,440216078,3,1,0,18,19,1,5,0,0,0,0,0,0,0,3,1,6,6,1,59,9,-1,-1,-1,-1,-1,-1,0,-1
2024061453987,2024,061453987,2,9,0,-1,5,-1,-1,-1,99,0,0,99,0,0,2,1,-1,6,3,-1,-1,-1,-1,-1,-1,-1,-1,0,-1
2024351518689,2024,351518689,1,5,0,-1,19,2,6,-1,0,1,0,0,0,0,1,1,-1,6,1,40,7,-1,-1,-1,-1,2,E01015640,0,1
2024010491239,2024,010491239,2,9,9,99,99,9,9,99,99,9,9,99,9,99,9,9,6,6,3,-1,-1,-1,-1,-1,-1,-1,-1,0,-1
2024010505240,2024,010505240,1,9,0,99,99,9,9,99,99,9,9,99,9,99,9,9,6,6,3,-1,-1,-1,-1,-1,-1,-1,-1,0,-1
2024010532884,2024,010532884,2,1,0,18,19,3,7,0,0,1,0,0,0,0,1,1,2,2,1,52,8,-1,-1,-1,-1,9,E01003467,0,1
2024101479315,2024,101479315,2,1,0,-1,19,5,1,-1,0,4,0,0,0,0,1,1,-1,6,1,39,7,-1,-1,-1,-1,8,E01008370,0,1
2024041534568,2024,041534568,2,1,0,-1,19,5,1,-1,0,8,0,0,0,0,4,1,-1,2,1,27,6,-1,-1,-1,-1,1,E01012733,0,1
2024211476357,2024,211476357,1,99,0,-1,19,5,1,-1,0,1,0,0,0,0,1,1,-1,6,3,27,6,-1,-1,-1,-1,-1,-1,0,-1
2024010524834,2024,010524834,1,8,0,7,7,3,5,0,0,3,0,0,0,0,0,2,1,1,1,50,8,-1,-1,-1,-1,2,E01002002,0,2
2024010508071,2024,010508071,2,1,0,4,4,1,5,0,0,1,0,0,0,0,1,1,2,2,1,37,7,-1,-1,-1,-1,2,E01002072,0,1
2024991461752,2024,991461752,2,23,0,-1,19,1,5,-1,0,0,0,0,0,0,1,1,-1,1,1,19,4,-1,-1,-1,-1,-1,-1,0,-1
2024010497047,2024,010497047,2,1,0,18,19,6,2,0,0,1,0,0,0,0,1,1,6,6,1,18,4,-1,-1,-1,-1,3,E01002045,0,1
2024371516193,2024,371516193,2,1,0,-1,19,5,1,-1,0,0,5,0,0,0,4,1,-1,9,1,57,9,-1,-1,-1,-1,10,E01030195,0,1
2024201402531,2024,201402531,1,9,0,-1,19,3,7,-1,0,0,0,0,0,0,1,9,-1,6,3,40,7,-1,-1,-1,-1,-1,-1,0,-1
2024010513174,2024,010513174,2,98,0,99,99,9,9,99,99,9,9,99,9,99,9,9,6,6,3,-1,-1,-1,-1,-1,-1,-1,-1,0,-1
2024201453180,2024,201453180,2,1,0,-1,19,1,5,-1,0,3,0,0,0,0,4,1,-1,2,1,25,5,-1,-1,-1,-1,4,E01009873,0,2
2024010504249,2024,010504249,2,8,9,99,99,9,9,99,99,0,9,99,9,99,9,9,6,6,3,-1,-1,-1,-1,-1,-1,-1,-1,0,-1
2024010520954,2024,010520954,1,1,9,18,19,9,9,99,99,9,9,99,9,99,9,1,2,2,2,63,9,-1,-1,-1,-1,3,E01003923,0,1
202460Q155000,2024,60Q155000,1,9,0,18,19,5,1,0,0,0,0,0,0,0,1,1,2,2,2,22,5,-1,-1,-1,-1,-1,-1,0,-1
2024340WN7322,2024,340WN7322,2,9,0,-1,10,7,5,-1,0,1,0,0,3,0,2,1,-1,9,2,44,7,-1,-1,-1,-1,-1,-1,0,-1
2024501511376,2024,501511376,1,9,0,-1,19,8,3,-1,0,1,0,0,0,0,4,1,-1,9,2,51,8,-1,-1,-1,-1,6,E01020326,0,3
2024631439271,2024,631439271,1,9,0,-1,7,8,3,-1,0,4,1,0,8,1,1,1,-1,6,2,28,6,-1,-1,-1,-1,2,W01000942,0,4
2024010510498,2024,010510498,2,23,0,18,19,5,1,4,4,8,0,0,0,0,1,1,1,1,1,37,7,-1,-1,-1,-1,3,E01002056,0,2
2024010524948,2024,010524948,2,1,0,18,19,1,5,0,0,4,0,0,0,0,4,1,1,1,1,17,4,-1,-1,-1,-1,5,E01000110,0,1
2024070265579,2024,070265579,1,9,0,18,19,7,3,0,0,0,0,0,0,0,1,1,6,6,3,-1,-1,-1,-1,-1,-1,-1,-1,0,-1
2024010548553,2024,010548553,1,1,9,99,99,9,9,99,99,9,9,99,9,99,2,1,2,2,1,32,6,-1,-1,-1,-1,4,E01033940,0,3
202460Q086119,2024,60Q086119,1,9,0,13,13,1,5,0,0,0,0,0,0,0,3,1,6,6,1,40,7,-1,-1,-1,-1,-1,-1,0,-1
2024991516543,2024,991516543,2,1,0,-1,19,5,1,-1,0,0,0,0,0,0,2,1,-1,6,1,61,9,-1,-1,-1,-1,1,-1,0,1
2024440566590,2024,440566590,2,9,0,18,19,5,1,0,0,0,0,0,0,0,3,1,6,6,3,-1,-1,-1,-1,-1,-1,-1,-1,0,-1
2024221431721,2024,221431721,2,1,0,-1,19,2,6,-1,0,8,0,0,0,0,1,1,-1,6,1,49,8,-1,-1,-1,-1,4,E01014149,0,1
2024430487203,2024,430487203,2,9,0,18,19,2,6,0,0,2,0,0,0,0,1,1,6,6,3,-1,-1,-1,-1,-1,-1,-1,-1,0,-1
2024302400090,2024,302400090,1,9,0,18,19,2,6,0,0,0,0,0,0,0,1,1,2,2,2,44,7,-1,-1,-1,-1,7,E01019634,0,2
2024010489597,2024,010489597,2,1,0,18,19,2,6,0,0,1,0,0,1,0,3,1,6,6,1,38,7,-1,-1,-1,-1,7,E01000391,0,1
2024010521089,2024,010521089,2,1,0,18,19,5,1,0,0,0,5,0,1,0,3,1,6,6,1,17,4,-1,-1,-1,-1,3,E01001861,0,1
2024461435750,2024,461435750,2,9,0,-1,19,4,2,-1,0,2,0,0,0,0,3,1,-1,6,2,21,5,-1,-1,-1,-1,5,E01032829,0,2
2024522500333,2024,522500333,1,9,0,5,5,2,6,9,9,0,0,0,7,0,1,1,6,6,1,-1,-1,-1,-1,-1,-1,-1,-1,0,-1
2024991419139,2024,991419139,2,9,0,-1,2,0,0,-1,0,0,0,0,1,0,3,1,-1,6,-1,-1,-1,-1,-1,-1,-1,-1,-1,0,-1
2024010526699,2024,010526699,2,90,0,99,99,9,9,99,99,9,9,99,9,99,9,9,6,6,3,-1,-1,-1,-1,-1,-1,-1,-1,0,-1
2024552400842,2024,552400842,1,17,0,17,19,6,3,0,0,0,0,0,0,0,1,1,1,1,3,-1,-1,-1,-1,-1,-1,-1,-1,0,-1
2024010542034,2024,010542034,2,1,0,9,9,1,7,0,0,2,0,0,0,0,2,1,6,6,1,30,6,-1,-1,-1,-1,6,E01002719,0,1
2024501445089,2024,501445089,2,1,0,-1,19,7,3,-1,0,1,2,0,0,0,1,1,-1,6,2,65,9,-1,-1,-1,-1,8,E01018810,0,1
2024010495517,2024,010495517,1,3,0,99,99,9,9,99,99,9,9,99,9,99,2,1,1,1,1,31,6,-1,-1,-1,-1,4,E01001727,0,1
2024421491846,2024,421491846,2,1,0,-1,19,1,5,-1,0,0,0,0,0,0,1,1,-1,9,1,9,2,-1,-1,-1,-1,9,E01022081,0,1
2024010521133,2024,010521133,2,1,0,18,19,6,2,4,4,1,0,0,0,0,1,1,2,2,1,32,6,-1,-1,-1,-1,8,E01004479,0,1
2024010492809,2024,010492809,1,4,0,15,15,7,3,0,0,1,5,0,0,0,3,1,6,6,1,27,6,-1,-1,-1,-1,5,E01004676,0,1
2024010529965,2024,010529965,2,1,0,9,9,3,2,0,0,0,0,0,0,0,4,1,6,6,1,42,7,-1,-1,-1,-1,2,E01001433,0,1
2024041439134,2024,041439134,1,98,-1,-1,19,3,7,-1,0,0,0,0,0,0,0,9,-1,6,3,-1,-1,-1,-1,-1,-1,-1,-1,0,-1
2024522500022,2024,522500022,2,9,0,2,2,0,0,0,0,0,0,0,0,0,9,1,6,6,1,39,7,-1,-1,-1,-1,3,E01014588,0,1
2024361400422,2024,361400422,1,9,0,-1,19,1,5,-1,0,1,5,0,1,0,1,1,-1,6,1,72,10,-1,-1,-1,-1,9,E01018299,0,4