collision_index,collision_year,collision_ref_no,vehicle_reference,vehicle_type,towing_and_articulation,vehicle_manoeuvre_historic,vehicle_manoeuvre,vehicle_direction_from,vehicle_direction_to,vehicle_location_restricted_lane_historic,vehicle_location_restricted_lane,junction_location,skidding_and_overturning,hit_object_in_carriageway,vehicle_leaving_carriageway,hit_object_off_carriageway,first_point_of_impact,vehicle_left_hand_drive,journey_purpose_of_driver_historic,journey_purpose_of_driver,sex_of_driver,age_of_driver,age_band_of_driver,engine_capacity_cc,propulsion_code,age_of_vehicle,generic_make_model,driver_imd_decile,lsoa_of_driver,escooter_flag,driver_distance_banding
2024501436674,2024,501436674,1,9,0,-1,19,7,3,-1,0,0,1,0,2,10,1,2,-1,6,2,58,9,-1,-1,-1,-1,5,E01034847,0,2
2024501525090,2024,501525090,1,9,0,-1,19,8,4,-1,0,2,5,10,3,8,1,1,-1,6,2,78,11,-1,-1,-1,-1,10,E01020336,0,1
2024501414903,2024,501414903,2,9,0,-1,3,6,2,-1,0,1,0,0,9,0,2,9,-1,6,2,21,5,-1,-1,-1,-1,9,E01015025,0,1
2024010507822,2024,010507822,1,1,9,99,99,9,9,99,99,9,9,99,9,99,9,1,2,2,2,38,7,-1,-1,-1,-1,6,E01001034,0,3
2024311433185,2024,311433185,3,9,0,-1,11,5,2,-1,0,8,0,0,0,0,0,1,-1,6,3,50,8,-1,-1,-1,-1,-1,-1,0,-1
2024131402354,2024,131402354,2,-1,0,-1,12,3,7,-1,9,1,0,0,7,0,1,1,-1,2,1,62,9,-1,-1,-1,-1,1,E01011344,1,1
2024010490849,2024,010490849,2,1,9,99,99,9,9,99,99,9,9,99,9,99,9,1,6,6,2,-1,-1,-1,-1,-1,-1,2,E01003540,0,1
2024522500165,2024,522500165,2,9,0,12,12,6,2,0,0,1,0,0,0,0,1,1,6,6,3,-1,-1,-1,-1,-1,-1,-1,-1,0,-1
2024991516186,2024,991516186,1,9,0,-1,19,1,5,-1,0,1,0,0,0,0,4,1,-1,2,2,34,6,-1,-1,-1,-1,2,-1,0,1
2024311527347,2024,311527347,2,9,0,-1,3,8,4,-1,0,1,0,0,0,0,1,1,-1,6,1,34,6,-1,-1,-1,-1,-1,-1,0,-1
2024010488290,2024,010488290,2,9,0,18,19,3,7,0,0,8,0,0,0,0,1,1,6,6,3,-1,-1,-1,-1,-1,-1,-1,-1,0,-1
202454C750924,2024,54C750924,1,9,0,5,5,1,4,0,0,4,0,0,0,0,1,1,6,6,1,-1,-1,-1,-1,-1,-1,-1,-1,0,-1
2024122500451,2024,122500451,1,19,0,18,19,1,5,0,0,0,0,0,0,0,1,1,6,6,3,-1,-1,-1,-1,-1,-1,-1,-1,0,-1
2024340WN0352,2024,340WN0352,1,9,0,-1,9,6,2,-1,0,6,0,0,0,0,1,1,-1,6,2,27,6,-1,-1,-1,-1,-1,-1,0,-1
2024471425183,2024,471425183,1,19,0,-1,19,3,1,-1,0,2,0,0,0,0,1,1,-1,1,1,43,7,-1,-1,-1,-1,3,E01031409,0,3
2024161468987,2024,161468987,1,9,0,-1,19,3,7,-1,0,0,0,0,0,0,1,1,-1,6,2,36,7,-1,-1,-1,-1,1,E01012798,0,1
2024471394946,2024,471394946,2,1,0,-1,19,1,5,-1,0,1,2,0,0,0,1,1,-1,6,1,25,5,-1,-1,-1,-1,9,E01030846,0,4
2024052402535,2024,052402535,2,1,0,18,19,3,7,0,0,0,0,0,0,0,3,1,6,6,1,31,6,-1,-1,-1,-1,1,E01007131,0,1
2024522403152,2024,522403152,1,1,0,18,19,3,7,0,0,8,0,0,0,0,4,1,6,6,1,34,6,-1,-1,-1,-1,3,E01014682,0,1
2024531555865,2024,531555865,2,1,0,-1,19,6,3,-1,0,8,0,0,0,0,1,1,-1,1,1,24,5,-1,-1,-1,-1,10,E01022167,0,1
2024010488905,2024,010488905,2,19,0,4,4,5,1,0,0,4,0,0,0,0,2,1,2,2,1,61,9,-1,-1,-1,-1,8,E01000768,0,2
2024131448585,2024,131448585,1,9,0,-1,7,7,5,-1,0,2,1,0,0,0,1,1,-1,6,3,-1,-1,-1,-1,-1,-1,-1,-1,0,-1
2024010549222,2024,010549222,1,9,0,18,19,1,5,0,0,2,0,0,0,0,3,1,6,6,1,-1,-1,-1,-1,-1,-1,-1,-1,0,-1
2024631402622,2024,631402622,1,9,0,-1,19,2,6,-1,0,0,0,0,0,0,1,1,-1,9,2,27,6,-1,-1,-1,-1,7,W01001933,0,4
2024131461313,2024,131461313,2,9,0,-1,7,7,3,-1,0,8,0,0,0,0,1,1,-1,6,1,17,4,-1,-1,-1,-1,7,E01034266,0,2
2024351538022,2024,351538022,1,9,-1,-1,-1,-1,-1,-1,-1,0,-1,-1,-1,0,-1,9,-1,6,3,-1,-1,-1,-1,-1,-1,-1,-1,0,-1
2024991480283,2024,991480283,2,1,0,-1,19,5,1,-1,0,0,0,0,0,0,1,1,-1,1,1,27,6,-1,-1,-1,-1,7,-1,0,1
2024070341049,2024,070341049,1,9,0,10,10,1,6,0,0,1,0,0,0,0,1,1,6,6,1,93,11,-1,-1,-1,-1,10,E01006134,0,1
2024010507211,2024,010507211,2,8,0,99,99,9,9,99,99,9,9,99,9,99,1,9,6,6,3,61,9,-1,-1,-1,-1,3,E01004004,0,1
2024010501472,2024,010501472,1,1,0,99,99,9,9,9,9,0,0,0,9,0,9,1,6,6,1,24,5,-1,-1,-1,-1,-1,-1,0,-1
2024010515903,2024,010515903,1,1,9,99,99,9,9,4,4,1,9,99,9,99,9,1,2,2,1,32,6,-1,-1,-1,-1,3,E01034191,0,2
2024401451156,2024,401451156,1,23,0,-1,19,4,8,-1,0,0,5,0,0,0,1,1,-1,6,1,32,6,-1,-1,-1,-1,1,E01015789,0,1
2024010496996,2024,010496996,1,9,9,18,19,5,1,0,0,3,9,99,0,0,3,9,6,6,3,-1,-1,-1,-1,-1,-1,-1,-1,0,-1
2024311439007,2024,311439007,1,9,0,-1,9,4,3,-1,0,2,0,0,0,0,0,9,-1,6,1,30,6,-1,-1,-1,-1,-1,-1,0,-1
2024421522897,2024,421522897,1,9,0,-1,19,7,3,-1,0,0,0,0,1,0,1,1,-1,9,1,79,11,-1,-1,-1,-1,4,E01022011,0,4
2024041424487,2024,041424487,2,1,0,-1,19,2,6,-1,0,8,0,0,0,0,1,1,-1,2,1,32,6,-1,-1,-1,-1,-1,-1,0,-1
202417M114224,2024,17M114224,1,1,0,-1,19,1,5,-1,0,1,0,0,0,0,1,1,-1,9,1,22,5,-1,-1,-1,-1,1,E01035189,0,1
2024010510741,2024,010510741,1,1,9,99,99,9,9,99,99,0,9,8,9,99,1,1,1,1,1,25,5,-1,-1,-1,-1,4,E01003249,0,3
2024010489106,2024,010489106,2,1,0,18,19,7,3,0,0,1,0,0,0,0,1,1,6,6,1,38,7,-1,-1,-1,-1,4,E01004006,0,1
2024501487380,2024,501487380,2,5,0,-1,19,3,7,-1,0,1,0,0,0,0,3,1,-1,9,1,58,9,-1,-1,-1,-1,-1,-1,0,-1
2024522401411,2024,522401411,1,19,0,1,1,7,3,9,9,8,0,0,0,0,2,1,6,6,3,-1,-1,-1,-1,-1,-1,-1,-1,0,-1
2024201447182,2024,201447182,2,1,0,-1,19,7,4,-1,2,8,0,0,0,0,1,1,-1,9,1,61,9,-1,-1,-1,-1,1,E01008907,0,1
2024351415446,2024,351415446,2,1,0,-1,19,-1,-1,-1,0,2,0,0,0,0,3,1,-1,2,1,44,7,-1,-1,-1,-1,10,E01018260,0,1
2024430254543,2024,430254543,1,9,0,18,19,8,4,0,0,0,1,0,1,4,1,1,6,6,3,34,6,-1,-1,-1,-1,9,E01028794,0,3
2024201487874,2024,201487874,1,9,0,-1,7,8,1,-1,0,6,0,10,4,0,1,1,-1,6,2,30,6,-1,-1,-1,-1,9,E01010248,0,3
2024311530834,2024,311530834,2,-1,0,-1,19,2,4,-1,0,0,1,11,0,0,1,1,-1,9,1,14,3,-1,-1,-1,-1,-1,-1,1,-1
2024010520933,2024,010520933,1,1,9,99,99,9,9,99,99,9,9,99,9,99,2,1,2,2,2,28,6,-1,-1,-1,-1,2,E01001839,0,1
2024010519866,2024,010519866,2,1,0,18,19,2,6,4,4,1,0,0,0,0,1,1,6,6,1,19,4,-1,-1,-1,-1,3,E01004436,0,1
2024546824024,2024,546824024,1,9,0,18,19,4,8,0,0,0,0,0,0,0,4,1,2,2,1,33,6,-1,-1,-1,-1,7,E01033861,0,2
2024010491772,2024,010491772,3,1,9,99,99,9,9,99,99,9,9,99,9,99,0,1,6,6,3,-1,-1,-1,-1,-1,-1,5,E01002769,0,1
2024010548369,2024,010548369,1,1,9,99,99,9,9,5,5,0,9,99,0,99,9,1,2,2,2,26,6,-1,-1,-1,-1,2,E01003933,0,1
2024070649318,2024,070649318,1,1,0,18,19,3,7,9,9,8,0,0,0,0,1,1,6,6,1,29,6,-1,-1,-1,-1,-1,-1,0,-1
2024401441132,2024,401441132,1,9,0,-1,19,3,7,-1,0,1,0,0,0,0,1,1,-1,6,1,69,10,-1,-1,-1,-1,3,E01017619,0,1
2024351421056,2024,351421056,2,1,0,-1,3,1,5,-1,0,4,0,0,0,0,2,1,-1,6,2,30,6,-1,-1,-1,-1,7,E01017989,0,1
2024522402932,2024,522402932,2,9,0,2,2,0,0,0,0,2,0,0,0,0,9,1,6,6,1,-1,-1,-1,-1,-1,-1,-1,-1,0,-1
2024010487483,2024,010487483,1,1,9,99,99,9,9,4,4,9,9,99,9,99,9,1,6,6,1,24,5,-1,-1,-1,-1,2,E01035683,0,1
2024010528178,2024,010528178,2,-1,0,15,15,7,3,0,0,1,0,0,0,0,1,1,6,6,1,20,4,-1,-1,-1,-1,2,E01000743,1,1
2024010493873,2024,010493873,1,9,0,18,19,5,1,0,0,1,0,0,0,0,3,1,6,6,3,55,8,-1,-1,-1,-1,-1,-1,0,-1
2024211405356,2024,211405356,2,19,0,-1,2,0,0,-1,9,0,0,0,0,0,2,1,-1,6,-1,-1,-1,-1,-1,-1,-1,-1,-1,0,-1
2024531502646,2024,531502646,2,9,0,-1,4,3,7,-1,0,0,0,11,0,0,2,1,-1,2,1,21,5,-1,-1,-1,-1,7,E01022376,0,2
2024010553044,2024,010553044,1,1,9,99,99,9,9,99,99,9,9,99,9,99,1,1,2,2,1,17,4,-1,-1,-1,-1,10,E01004084,0,1
2024201407307,2024,201407307,1,9,0,-1,5,6,2,-1,0,0,0,0,0,0,1,1,-1,6,1,40,7,-1,-1,-1,-1,-1,-1,0,-1
2024311456597,2024,311456597,2,1,0,-1,19,3,7,-1,0,0,0,0,0,0,1,1,-1,6,1,13,3,-1,-1,-1,-1,1,E01013846,0,1
2024430007564,2024,430007564,2,9,0,1,1,4,8,0,0,0,0,0,0,0,2,1,6,6,1,-1,-1,-1,-1,-1,-1,-1,-1,0,-1
2024010528338,2024,010528338,3,5,9,18,19,9,9,99,99,9,9,99,9,99,9,9,6,6,3,-1,-1,-1,-1,-1,-1,-1,-1,0,-1
2024052402315,2024,052402315,1,9,0,5,5,2,6,0,0,1,0,0,0,0,1,1,6,6,3,-1,-1,-1,-1,-1,-1,-1,-1,0,-1
2024401503375,2024,401503375,4,99,0,-1,-1,-1,-1,-1,-1,0,-1,-1,-1,0,0,9,-1,6,3,-1,-1,-1,-1,-1,-1,-1,-1,0,-1
2024430324259,2024,430324259,2,19,0,18,19,2,6,0,0,3,0,0,0,0,2,1,1,1,1,42,7,-1,-1,-1,-1,6,E01016837,0,2
2024070294034,2024,070294034,2,90,0,18,19,7,3,0,0,1,0,0,0,0,1,1,6,6,1,15,3,-1,-1,-1,-1,8,E01012495,0,1
2024161528560,2024,161528560,1,1,0,-1,7,8,2,-1,4,1,0,0,0,0,1,1,-1,6,1,30,6,-1,-1,-1,-1,1,E01012856,0,1
2024111404652,2024,111404652,2,9,0,-1,19,8,4,-1,0,0,1,0,0,0,4,1,-1,2,1,55,8,-1,-1,-1,-1,8,E01012269,0,3
2024311521720,2024,311521720,2,-1,0,-1,19,3,7,-1,0,8,2,0,0,0,1,1,-1,6,1,35,6,-1,-1,-1,-1,-1,-1,1,-1
2024401401301,2024,401401301,1,19,0,-1,19,4,8,-1,0,8,0,0,9,0,1,9,-1,2,1,28,6,-1,-1,-1,-1,7,E01017577,0,1
2024211473402,2024,211473402,2,1,0,-1,19,1,5,-1,0,0,2,0,0,0,1,1,-1,9,1,53,8,-1,-1,-1,-1,8,E01018515,0,2
2024411435079,2024,411435079,2,1,-1,-1,-1,5,1,-1,-1,-1,-1,-1,-1,0,-1,1,-1,6,1,63,9,-1,-1,-1,-1,4,E01023937,0,1
2024552400164,2024,552400164,2,1,0,18,19,6,2,0,0,8,0,0,0,0,4,1,6,6,1,20,4,-1,-1,-1,-1,4,E01034278,0,1
2024461514260,2024,461514260,1,9,0,-1,19,1,5,-1,0,0,0,0,0,0,3,9,-1,6,3,-1,-1,-1,-1,-1,-1,-1,-1,0,-1
2024211522845,2024,211522845,3,9,0,-1,3,8,4,-1,0,1,0,0,0,0,2,1,-1,2,1,52,8,-1,-1,-1,-1,8,E01034097,0,3
2024010498790,2024,010498790,2,1,0,18,19,3,7,0,0,8,0,0,0,0,1,1,2,2,2,28,6,-1,-1,-1,-1,4,E01004406,0,3
2024340WN5712,2024,340WN5712,1,1,0,-1,19,8,4,-1,0,8,0,0,0,0,3,1,-1,6,1,47,8,-1,-1,-1,-1,-1,-1,0,-1
2024461432000,2024,461432000,2,90,0,-1,4,4,4,-1,0,1,0,0,0,0,2,9,-1,9,1,62,9,-1,-1,-1,-1,2,E01024534,0,1
2024010492513,2024,010492513,1,9,0,7,7,1,3,0,0,1,0,0,0,0,4,1,1,1,2,39,7,-1,-1,-1,-1,7,E01000160,0,1
2024010492546,2024,010492546,2,1,9,99,99,9,9,99,99,9,9,99,9,99,1,1,6,6,3,-1,-1,-1,-1,-1,-1,-1,-1,0,-1
2024471473524,2024,471473524,2,1,0,-1,19,3,7,-1,0,8,0,0,0,0,1,1,-1,6,1,32,6,-1,-1,-1,-1,2,E01034827,0,1
2024471495440,2024,471495440,1,1,0,-1,19,3,7,-1,5,0,0,0,0,0,3,1,-1,9,1,75,10,-1,-1,-1,-1,7,E01031471,0,2
2024041497935,2024,041497935,1,9,0,-1,19,1,5,-1,0,0,0,0,0,0,1,1,-1,9,1,71,10,-1,-1,-1,-1,8,E01025005,0,1
2024311434406,2024,311434406,2,1,0,-1,19,4,4,-1,0,1,0,0,0,0,1,1,-1,6,1,16,4,-1,-1,-1,-1,4,E01027935,0,1
2024522402096,2024,522402096,1,1,0,18,19,1,5,4,4,1,0,0,0,0,3,1,6,6,2,23,5,-1,-1,-1,-1,6,E01014508,0,1
2024010536243,2024,010536243,1,1,0,18,19,3,7,0,0,1,0,0,0,0,4,1,6,6,1,51,8,-1,-1,-1,-1,3,E01034608,0,1
2024010549758,2024,010549758,2,1,0,5,5,1,5,0,0,1,0,7,0,0,3,1,6,6,1,28,6,-1,-1,-1,-1,2,E01002786,0,1
2024440002228,2024,440002228,1,9,0,18,19,4,8,0,0,0,0,0,0,0,1,1,6,6,1,25,5,-1,-1,-1,-1,7,E01023071,0,2
2024340WN7192,2024,340WN7192,1,8,0,-1,1,1,5,-1,0,1,0,0,0,0,2,1,-1,1,1,-1,-1,-1,-1,-1,-1,-1,-1,0,-1
2024010496823,2024,010496823,1,9,0,18,19,3,7,0,0,8,0,0,0,0,1,1,6,6,2,27,6,-1,-1,-1,-1,3,E01003567,0,1
2024332401261,2024,332401261,2,1,0,-1,19,2,6,-1,4,0,0,0,0,0,1,1,-1,6,1,19,4,-1,-1,-1,-1,5,E01025655,0,1
2024430557504,2024,430557504,2,19,0,11,11,4,8,0,0,4,0,0,0,0,4,1,6,6,1,-1,-1,-1,-1,-1,-1,-1,-1,0,-1
2024440249170,2024,440249170,2,9,0,4,4,8,4,0,0,0,0,0,0,0,0,1,6,6,3,-1,-1,-1,-1,-1,-1,-1,-1,0,-1
2024461510424,2024,461510424,1,9,0,-1,19,3,6,-1,0,0,0,0,0,0,1,1,-1,9,2,27,6,-1,-1,-1,-1,-1,-1,0,-1
2024361493159,2024,361493159,2,9,0,-1,-1,-1,-1,-1,0,1,0,0,0,0,-1,9,-1,6,1,-1,-1,-1,-1,-1,-1,1,E01001885,0,5
2024991410768,2024,991410768,2,9,0,-1,2,0,0,-1,0,0,0,0,0,0,1,1,-1,6,-1,-1,-1,-1,-1,-1,-1,-1,-1,0,-1
2024531499008,2024,531499008,2,1,0,-1,4,2,6,-1,0,0,0,0,0,0,3,1,-1,6,1,68,10,-1,-1,-1,-1,7,E01022392,0,1
2024320617604,2024,320617604,1,9,0,-1,-1,8,4,0,0,0,0,0,0,0,1,1,6,6,1,-1,-1,-1,-1,-1,-1,-1,-1,0,-1
2024101478753,2024,101478753,2,9,-1,-1,19,3,8,-1,0,8,0,0,0,0,4,9,-1,9,1,28,6,-1,-1,-1,-1,2,E01010714,0,5
2024501500252,2024,501500252,1,8,0,-1,19,2,6,-1,0,0,0,0,0,0,4,9,-1,1,3,-1,-1,-1,-1,-1,-1,-1,-1,0,-1
2024991538786,2024,991538786,1,9,0,-1,11,5,8,-1,0,8,0,0,7,0,1,1,-1,6,1,27,6,-1,-1,-1,-1,-1,-1,0,-1
2024610032724,2024,610032724,2,9,0,18,19,8,4,0,0,2,0,0,0,0,1,1,6,6,3,-1,-1,-1,-1,-1,-1,-1,-1,0,-1
2024061453721,2024,061453721,1,1,-1,-1,19,5,1,-1,0,6,0,0,0,0,1,1,-1,6,2,-1,-1,-1,-1,-1,-1,-1,-1,0,-1
2024548332524,2024,548332524,1,1,0,4,4,6,2,0,0,1,0,0,0,0,3,1,4,7,1,17,4,-1,-1,-1,-1,9,E01032712,0,1
2024061454385,2024,061454385,2,9,0,-1,10,4,2,-1,0,1,0,0,0,0,2,9,-1,6,2,61,9,-1,-1,-1,-1,5,E01005942,0,1
2024201458831,2024,201458831,1,9,0,-1,19,1,4,-1,9,0,0,10,1,4,4,1,-1,9,1,19,4,-1,-1,-1,-1,1,E01009889,0,1
2024010496162,2024,010496162,2,1,0,18,19,7,3,0,0,5,0,0,0,0,1,1,6,6,1,24,5,-1,-1,-1,-1,4,E01003114,0,1
2024371414271,2024,371414271,1,9,0,-1,19,3,7,-1,0,0,0,0,0,0,1,1,-1,6,1,60,9,-1,-1,-1,-1,-1,-1,0,-1
2024421531934,2024,421531934,2,9,0,-1,19,5,1,-1,0,0,0,0,0,0,1,1,-1,9,1,58,9,-1,-1,-1,-1,2,E01018949,0,5
2024340NN2802,2024,340NN2802,2,2,0,-1,19,3,7,-1,0,3,0,0,0,0,4,1,-1,2,2,32,6,-1,-1,-1,-1,2,E01026949,0,1
2024421411830,2024,421411830,2,9,0,-1,10,1,3,-1,0,1,0,0,0,0,4,1,-1,6,2,66,10,-1,-1,-1,-1,6,E01021980,0,3
2024411495859,2024,411495859,1,9,0,-1,9,1,7,-1,0,8,0,0,0,0,1,1,-1,6,2,21,5,-1,-1,-1,-1,10,E01017392,0,2
2024010526315,2024,010526315,1,1,9,99,99,9,9,99,99,9,9,99,9,99,1,1,2,2,2,19,4,-1,-1,-1,-1,4,E01004763,0,1
2024141421160,2024,141421160,1,9,0,-1,2,1,5,-1,0,0,0,0,0,0,0,2,-1,6,-1,-1,-1,-1,-1,-1,-1,-1,-1,0,-1
2024010490472,2024,010490472,1,9,0,18,19,1,5,0,0,0,0,0,0,0,1,1,6,6,1,-1,-1,-1,-1,-1,-1,-1,-1,0,-1
2024361522462,2024,361522462,3,9,0,-1,19,2,6,-1,0,0,0,0,0,0,3,1,-1,9,1,55,8,-1,-1,-1,-1,6,E01026785,0,3
2024010488582,2024,010488582,2,9,0,99,99,9,9,99,99,9,9,99,9,99,1,9,6,6,3,-1,-1,-1,-1,-1,-1,4,E01002645,0,1
2024546964624,2024,546964624,1,9,0,4,4,8,4,0,0,0,1,0,0,0,1,1,6,6,1,21,5,-1,-1,-1,-1,8,E01029997,0,5
2024471505152,2024,471505152,1,9,0,-1,19,-1,-1,-1,0,0,0,0,0,0,1,1,-1,6,3,-1,-1,-1,-1,-1,-1,-1,-1,0,-1
2024201428261,2024,201428261,2,1,0,-1,19,6,2,-1,0,4,0,0,0,0,1,1,-1,9,1,22,5,-1,-1,-1,-1,1,E01009477,0,1
2024520401901,2024,520401901,2,9,0,18,19,5,1,0,0,0,0,0,0,0,1,1,6,6,1,70,10,-1,-1,-1,-1,6,E01029321,0,1
2024041488687,2024,041488687,1,9,0,-1,19,-1,-1,-1,9,0,0,0,-1,0,-1,9,-1,6,3,-1,-1,-1,-1,-1,-1,-1,-1,0,-1
2024332400002,2024,332400002,1,9,0,-1,13,6,2,-1,0,0,1,0,1,4,1,1,-1,9,1,33,6,-1,-1,-1,-1,5,E01025887,0,3
2024201489236,2024,201489236,2,9,0,-1,19,2,6,-1,0,5,0,0,0,0,3,9,-1,6,3,-1,-1,-1,-1,-1,-1,-1,-1,0,-1
2024430580266,2024,430580266,1,-1,0,18,19,3,7,0,0,1,0,0,0,0,0,1,6,6,1,51,8,-1,-1,-1,-1,7,E01028559,1,1
2024622400822,2024,622400822,2,9,0,18,19,4,8,0,0,0,0,0,0,0,2,1,6,6,2,39,7,-1,-1,-1,-1,6,W01001878,0,1
2024340WN1052,2024,340WN1052,1,9,0,-1,19,3,7,-1,0,1,0,0,0,0,1,1,-1,6,3,-1,-1,-1,-1,-1,-1,-1,-1,0,-1
2024440262407,2024,440262407,1,1,0,18,19,7,3,0,0,2,0,0,0,0,0,1,6,6,1,23,5,-1,-1,-1,-1,10,E01022537,0,1
2024010532500,2024,010532500,1,-1,0,9,9,2,1,6,6,1,0,0,1,0,1,1,6,6,1,34,6,-1,-1,-1,-1,-1,-1,1,-1
2024052401715,2024,052401715,2,19,0,18,19,1,5,0,0,0,0,0,0,0,1,1,1,1,1,38,7,-1,-1,-1,-1,1,E01006644,0,2
2024547128824,2024,547128824,1,-1,0,16,19,1,5,0,0,0,0,4,0,0,1,1,6,6,1,20,4,-1,-1,-1,-1,3,E01034533,1,1
2024010489893,2024,010489893,1,9,0,18,19,1,5,0,0,9,0,0,0,0,1,2,6,6,2,71,10,-1,-1,-1,-1,4,E01004590,0,3
2024010538452,2024,010538452,2,3,0,18,19,3,7,0,0,0,0,0,0,0,1,1,6,6,1,24,5,-1,-1,-1,-1,10,E01023568,0,3
2024320329555,2024,320329555,1,9,0,-1,-1,8,4,0,0,2,1,0,0,11,1,2,-1,-1,1,45,7,-1,-1,-1,-1,2,E01026382,0,2
2024430452887,2024,430452887,3,9,0,6,6,3,3,0,0,0,0,0,0,0,0,1,6,6,2,-1,-1,-1,-1,-1,-1,-1,-1,0,-1
2024411472326,2024,411472326,2,9,0,-1,4,5,1,-1,0,0,0,0,0,0,1,1,-1,9,2,19,4,-1,-1,-1,-1,6,E01023582,0,1
2024430098847,2024,430098847,1,22,0,18,19,4,8,0,0,1,0,0,0,0,3,1,6,6,2,56,9,-1,-1,-1,-1,1,E01016441,0,1
2024231484069,2024,231484069,1,1,0,-1,19,4,8,-1,0,0,0,0,0,0,1,1,-1,6,1,68,10,-1,-1,-1,-1,6,E01031244,0,2
2024101511123,2024,101511123,2,1,0,-1,5,3,7,-1,0,0,0,0,0,0,3,1,-1,9,2,12,3,-1,-1,-1,-1,5,E01008622,0,1
2024010490841,2024,010490841,2,2,0,18,19,5,1,2,2,8,1,0,0,0,0,1,6,6,1,48,8,-1,-1,-1,-1,2,E01035694,0,1
2024131406035,2024,131406035,1,97,0,-1,19,-1,-1,-1,0,1,0,0,-1,0,-1,1,-1,9,1,39,7,-1,-1,-1,-1,2,E01011060,0,1
2024520500180,2024,520500180,1,9,0,18,19,4,8,0,0,8,0,0,0,0,1,1,6,6,1,46,8,-1,-1,-1,-1,6,W01001484,0,4
2024010496386,2024,010496386,1,9,0,99,99,9,9,99,99,9,9,99,9,99,9,9,6,6,2,23,5,-1,-1,-1,-1,10,E01030324,0,1
2024520401174,2024,520401174,1,21,0,18,19,7,3,0,0,8,0,0,0,0,1,1,6,6,1,54,8,-1,-1,-1,-1,6,E01029052,0,3
2024101512965,2024,101512965,1,9,0,-1,19,4,8,-1,0,1,0,0,0,0,1,9,-1,6,3,-1,-1,-1,-1,-1,-1,-1,-1,0,-1
2024201468360,2024,201468360,2,-1,0,-1,19,5,1,-1,0,2,0,0,0,0,2,1,-1,6,1,52,8,-1,-1,-1,-1,1,E01009143,1,1
2024010543710,2024,010543710,1,9,0,11,11,7,3,99,99,8,0,0,9,0,3,1,6,6,3,21,5,-1,-1,-1,-1,2,E01001172,0,1
2024141451351,2024,141451351,2,1,0,-1,19,5,1,-1,0,8,0,0,0,0,1,1,-1,2,1,19,4,-1,-1,-1,-1,4,E01007623,0,1
2024522402517,2024,522402517,2,9,0,3,3,2,6,0,0,0,0,0,0,0,2,1,6,6,2,66,10,-1,-1,-1,-1,5,E01032391,0,4
2024070806293,2024,070806293,1,1,0,-1,19,1,5,-1,0,1,0,0,0,0,1,1,-1,2,1,30,6,-1,-1,-1,-1,9,E01018494,0,1
2024010523155,2024,010523155,2,1,0,18,19,4,8,4,4,8,0,0,0,0,1,1,2,2,2,30,6,-1,-1,-1,-1,3,E01003295,0,2
2024401497604,2024,401497604,1,9,0,-1,7,1,3,-1,0,2,0,0,0,0,1,1,-1,6,3,-1,-1,-1,-1,-1,-1,-1,-1,0,-1
2024010509860,2024,010509860,1,1,9,99,99,9,9,99,99,0,9,8,9,99,1,1,6,6,1,24,5,-1,-1,-1,-1,6,E01004699,0,1
2024070629021,2024,070629021,2,1,0,18,19,8,4,9,9,0,0,0,0,0,3,1,6,6,1,8,2,-1,-1,-1,-1,8,E01018556,0,1
2024622400020,2024,622400020,2,9,0,3,3,3,7,0,0,8,0,0,0,0,2,1,6,6,2,22,5,-1,-1,-1,-1,4,W01001973,0,4
2024010544403,2024,010544403,2,9,0,99,99,9,9,99,99,9,9,99,9,99,9,9,6,6,3,-1,-1,-1,-1,-1,-1,-1,-1,0,-1
2024010506450,2024,010506450,1,1,9,99,99,9,9,99,99,9,9,99,9,99,9,1,6,6,3,38,7,-1,-1,-1,-1,2,E01003060,0,1
2024141417857,2024,141417857,1,9,0,-1,9,6,2,-1,0,2,0,0,0,0,1,1,-1,9,1,44,7,-1,-1,-1,-1,6,E01007833,0,1
2024501401621,2024,501401621,2,1,0,-1,19,2,6,-1,0,8,5,0,0,0,2,1,-1,6,1,65,9,-1,-1,-1,-1,3,E01015228,0,1
2024010544774,2024,010544774,2,9,0,99,99,9,9,99,99,9,9,99,9,99,9,9,6,6,3,-1,-1,-1,-1,-1,-1,-1,-1,0,-1
2024361466702,2024,361466702,1,1,0,-1,19,-1,-1,-1,0,8,0,0,0,0,-1,1,-1,9,2,43,7,-1,-1,-1,-1,7,E01026556,0,1
2024201502110,2024,201502110,2,9,0,-1,19,2,8,-1,0,0,0,0,0,0,2,1,-1,6,1,21,5,-1,-1,-1,-1,2,E01008943,0,3
2024351440758,2024,351440758,2,1,0,-1,19,1,3,-1,0,0,0,0,0,0,4,1,-1,9,1,7,2,-1,-1,-1,-1,8,E01032792,0,1
2024201447141,2024,201447141,2,9,0,-1,19,7,3,-1,0,8,0,0,0,0,1,1,-1,6,1,18,4,-1,-1,-1,-1,-1,-1,0,-1
2024011563672,2024,011563672,1,1,0,-1,15,5,1,-1,0,0,0,0,0,0,1,1,-1,9,2,21,5,-1,-1,-1,-1,-1,-1,0,-1
2024311477049,2024,311477049,1,97,0,-1,19,6,3,-1,0,2,5,0,1,0,4,1,-1,6,1,28,6,-1,-1,-1,-1,4,E01028252,0,1
2024010500021,2024,010500021,1,1,0,5,5,3,7,0,0,1,0,4,0,0,1,1,6,6,1,20,4,-1,-1,-1,-1,2,E01033699,0,1
2024430448581,2024,430448581,2,1,0,18,19,1,5,0,0,1,0,0,0,0,1,1,4,7,1,14,3,-1,-1,-1,-1,10,E01016222,0,1
2024061512839,2024,061512839,1,23,0,-1,19,5,1,-1,0,1,0,0,0,0,1,1,-1,9,1,32,6,-1,-1,-1,-1,1,E01005255,0,2
2024010498913,2024,010498913,1,1,9,99,99,9,9,99,99,9,9,99,9,99,1,1,1,1,1,35,6,-1,-1,-1,-1,7,E01003013,0,1
2024451414790,2024,451414790,2,98,0,-1,12,7,4,-1,0,0,0,0,0,0,1,2,-1,1,1,45,7,-1,-1,-1,-1,-1,-1,0,-1