collision_index,collision_year,collision_ref_no,vehicle_reference,vehicle_type,towing_and_articulation,vehicle_manoeuvre_historic,vehicle_manoeuvre,vehicle_direction_from,vehicle_direction_to,vehicle_location_restricted_lane_historic,vehicle_location_restricted_lane,junction_location,skidding_and_overturning,hit_object_in_carriageway,vehicle_leaving_carriageway,hit_object_off_carriageway,first_point_of_impact,vehicle_left_hand_drive,journey_purpose_of_driver_historic,journey_purpose_of_driver,sex_of_driver,age_of_driver,age_band_of_driver,engine_capacity_cc,propulsion_code,age_of_vehicle,generic_make_model,driver_imd_decile,lsoa_of_driver,escooter_flag,driver_distance_banding
2024522402258,2024,522402258,2,19,0,4,4,8,4,0,0,1,0,0,0,0,1,1,6,6,3,-1,-1,-1,-1,-1,-1,-1,-1,0,-1
2024401453950,2024,401453950,1,9,0,-1,5,7,3,-1,0,0,0,0,7,10,1,1,-1,9,2,79,11,-1,-1,-1,-1,9,E01017375,0,1
2024421478861,2024,421478861,3,97,0,-1,19,7,3,-1,0,1,0,0,0,0,4,1,-1,6,1,-1,-1,-1,-1,-1,-1,-1,-1,0,-1
2024531398199,2024,531398199,1,9,0,-1,19,8,4,-1,0,1,0,0,0,0,1,9,-1,6,3,-1,-1,-1,-1,-1,-1,-1,-1,0,-1
2024440090279,2024,440090279,2,11,0,13,13,8,4,0,0,2,0,0,0,0,4,1,1,1,3,-1,-1,-1,-1,-1,-1,-1,-1,0,-1
2024010524404,2024,010524404,1,9,0,18,19,7,3,0,0,0,0,0,0,0,1,1,6,6,3,-1,-1,-1,-1,-1,-1,-1,-1,0,-1
2024991533897,2024,991533897,1,1,0,-1,5,8,4,-1,0,0,0,0,0,0,2,1,-1,1,1,35,6,-1,-1,-1,-1,9,-1,0,1
2024111489052,2024,111489052,2,9,0,-1,19,6,2,-1,0,0,0,0,0,0,2,1,-1,6,1,52,8,-1,-1,-1,-1,3,E01020787,0,2
2024991451214,2024,991451214,1,9,0,-1,5,2,5,-1,0,1,0,0,0,0,4,1,-1,9,1,39,7,-1,-1,-1,-1,9,-1,0,1
2024451520740,2024,451520740,1,9,0,-1,19,5,1,-1,0,0,0,4,0,0,1,1,-1,9,1,43,7,-1,-1,-1,-1,4,E01016951,0,4
2024351501619,2024,351501619,1,20,1,-1,12,5,1,-1,0,0,0,0,0,0,1,1,-1,1,1,63,9,-1,-1,-1,-1,-1,-1,0,-1
2024041496521,2024,041496521,1,1,0,-1,19,1,5,-1,0,1,0,0,0,0,1,1,-1,2,1,31,6,-1,-1,-1,-1,3,E01025058,0,1
2024061454734,2024,061454734,2,9,9,-1,19,-1,-1,-1,0,0,0,0,0,0,1,1,-1,6,3,-1,-1,-1,-1,-1,-1,-1,-1,0,-1
2024522401589,2024,522401589,2,9,0,13,13,1,5,0,0,8,0,0,0,0,1,1,6,6,3,-1,-1,-1,-1,-1,-1,-1,-1,0,-1
2024010550723,2024,010550723,1,1,9,99,99,9,9,99,99,0,9,99,9,99,1,1,6,6,3,-1,-1,-1,-1,-1,-1,-1,-1,0,-1
2024311406967,2024,311406967,1,9,0,-1,2,2,6,-1,0,1,0,0,0,0,1,1,-1,1,1,39,7,-1,-1,-1,-1,8,E01028118,0,1
2024231501151,2024,231501151,2,9,0,-1,4,4,8,-1,0,0,0,0,0,0,4,9,-1,2,2,31,6,-1,-1,-1,-1,6,E01019871,0,4
2024522402925,2024,522402925,2,9,0,1,1,7,3,0,0,0,0,0,0,0,2,1,6,6,3,-1,-1,-1,-1,-1,-1,-1,-1,0,-1
2024522401702,2024,522401702,2,9,0,9,9,1,7,0,0,5,0,0,0,0,4,1,6,6,3,-1,-1,-1,-1,-1,-1,-1,-1,0,-1
2024430467299,2024,430467299,1,9,0,18,19,6,2,0,0,0,0,8,0,0,1,1,6,6,3,-1,-1,-1,-1,-1,-1,-1,-1,0,-1
2024010535811,2024,010535811,2,9,0,99,99,9,9,99,99,9,9,99,9,99,0,9,6,6,3,29,6,-1,-1,-1,-1,-1,-1,0,-1
2024010539064,2024,010539064,2,1,0,18,19,5,1,1,1,8,0,0,0,0,4,1,6,6,1,33,6,-1,-1,-1,-1,-1,-1,0,-1
2024010513933,2024,010513933,2,9,9,99,99,9,9,0,0,1,0,0,0,0,1,9,6,6,3,-1,-1,-1,-1,-1,-1,-1,-1,0,-1
2024010535435,2024,010535435,1,1,9,18,19,7,3,4,4,1,9,99,0,0,3,1,2,2,3,28,6,-1,-1,-1,-1,8,E01002826,0,1
2024131420375,2024,131420375,1,9,0,-1,19,5,1,-1,0,0,0,0,1,0,1,1,-1,9,1,41,7,-1,-1,-1,-1,6,E01010644,0,1
2024430108873,2024,430108873,1,19,0,11,11,3,7,0,0,1,0,0,0,0,1,1,6,6,1,20,4,-1,-1,-1,-1,-1,-1,0,-1
2024010490754,2024,010490754,1,3,0,99,99,9,9,99,99,9,9,99,9,99,1,1,6,6,1,28,6,-1,-1,-1,-1,3,E01003120,0,1
2024010493303,2024,010493303,1,3,0,18,19,1,5,0,0,2,0,0,0,0,1,1,1,1,1,35,6,-1,-1,-1,-1,7,E01002198,0,1
2024041460217,2024,041460217,2,9,0,-1,10,8,2,-1,0,5,0,0,0,0,1,2,-1,9,1,43,7,-1,-1,-1,-1,2,E01024904,0,2
2024010499922,2024,010499922,2,9,0,18,19,3,7,0,0,0,0,0,0,0,3,1,6,6,1,51,8,-1,-1,-1,-1,2,E01001850,0,1
2024061456876,2024,061456876,2,9,-1,-1,-1,-1,-1,-1,-1,0,-1,-1,-1,0,-1,9,-1,6,3,-1,-1,-1,-1,-1,-1,-1,-1,0,-1
2024411447682,2024,411447682,1,9,0,-1,19,2,6,-1,0,0,0,0,0,0,1,1,-1,2,1,66,10,-1,-1,-1,-1,7,E01023519,0,1
2024552401484,2024,552401484,1,9,0,7,7,1,4,0,0,8,0,0,0,0,1,1,6,6,2,75,10,-1,-1,-1,-1,4,E01034278,0,1
2024440562947,2024,440562947,2,3,0,2,2,0,0,0,0,2,0,0,0,0,1,1,6,6,1,19,4,-1,-1,-1,-1,10,E01022688,0,1
2024010533629,2024,010533629,2,9,0,99,99,9,9,0,0,1,9,0,0,0,1,9,6,6,3,34,6,-1,-1,-1,-1,-1,-1,0,-1
2024340WN5062,2024,340WN5062,1,19,0,-1,12,7,3,-1,0,8,0,0,0,0,3,1,-1,6,1,-1,-1,-1,-1,-1,-1,-1,-1,0,-1
2024161422194,2024,161422194,2,90,0,-1,19,1,5,-1,0,0,0,0,0,0,1,1,-1,9,1,10,2,-1,-1,-1,-1,-1,-1,0,-1
2024161442320,2024,161442320,2,1,0,-1,4,6,2,-1,0,0,0,0,0,0,1,1,-1,2,1,46,8,-1,-1,-1,-1,1,E01012838,0,1
2024320671365,2024,320671365,1,9,0,-1,-1,4,8,0,0,0,5,0,0,10,1,1,-1,-1,1,20,4,-1,-1,-1,-1,8,E01026365,0,4
2024161497184,2024,161497184,1,1,0,-1,19,1,5,-1,0,8,0,0,0,0,3,1,-1,2,1,50,8,-1,-1,-1,-1,1,E01012864,0,1
2024501497350,2024,501497350,3,3,0,-1,4,4,1,-1,0,1,0,0,0,0,0,1,-1,6,3,-1,-1,-1,-1,-1,-1,-1,-1,0,-1
2024010508514,2024,010508514,2,1,0,18,19,1,5,0,0,0,5,0,7,0,1,1,6,6,1,58,9,-1,-1,-1,-1,8,E01001968,0,1
2024411429675,2024,411429675,1,20,0,-1,19,7,3,-1,0,1,1,0,0,0,1,1,-1,6,1,54,8,-1,-1,-1,-1,5,E01023828,0,1
2024351500973,2024,351500973,1,8,0,-1,19,3,7,-1,0,0,1,0,0,0,1,1,-1,1,1,35,6,-1,-1,-1,-1,4,E01018146,0,4
2024101420919,2024,101420919,1,9,0,-1,19,2,6,-1,0,0,0,0,0,0,1,1,-1,1,1,45,7,-1,-1,-1,-1,3,E01030657,0,5
2024161434372,2024,161434372,1,9,-1,-1,7,6,8,-1,0,8,0,0,0,0,1,9,-1,6,3,-1,-1,-1,-1,-1,-1,-1,-1,0,-1
2024131448398,2024,131448398,1,9,0,-1,19,5,4,-1,0,2,2,0,8,5,1,1,-1,9,1,42,7,-1,-1,-1,-1,1,E01011080,0,3
2024010514041,2024,010514041,1,9,0,99,99,9,9,99,99,0,9,99,9,99,9,9,2,2,2,23,5,-1,-1,-1,-1,3,E01001970,0,1
2024991526806,2024,991526806,1,90,0,-1,15,4,8,-1,0,0,0,0,0,0,1,1,-1,6,3,20,4,-1,-1,-1,-1,-1,-1,0,-1
2024461521520,2024,461521520,1,9,-1,-1,19,2,6,-1,0,0,0,0,0,0,1,9,-1,6,3,-1,-1,-1,-1,-1,-1,-1,-1,0,-1
2024201435025,2024,201435025,2,1,0,-1,19,6,2,-1,0,0,0,0,0,0,2,1,-1,6,1,-1,-1,-1,-1,-1,-1,-1,-1,0,-1
2024501491309,2024,501491309,2,9,0,-1,4,7,3,-1,0,0,1,0,0,0,1,1,-1,2,1,27,6,-1,-1,-1,-1,9,E01019965,0,3
2024010523636,2024,010523636,1,9,0,99,99,9,9,99,99,9,9,99,9,99,1,9,6,6,3,-1,-1,-1,-1,-1,-1,-1,-1,0,-1
2024010516395,2024,010516395,1,9,9,99,99,9,9,99,99,9,9,99,9,99,9,9,6,6,1,37,7,-1,-1,-1,-1,6,E01001309,0,2
2024052401126,2024,052401126,2,1,0,18,19,5,1,0,0,1,0,0,0,0,1,1,6,6,1,39,7,-1,-1,-1,-1,9,E01006917,0,2
2024201523260,2024,201523260,1,9,0,-1,7,7,3,-1,0,0,0,0,0,0,4,1,-1,6,1,30,6,-1,-1,-1,-1,-1,-1,0,-1
2024351443246,2024,351443246,2,1,-1,-1,-1,-1,-1,-1,-1,-1,-1,-1,-1,0,-1,1,-1,9,2,34,6,-1,-1,-1,-1,6,E01017949,0,1
2024430381341,2024,430381341,2,1,0,18,19,4,8,0,0,8,0,0,0,0,3,1,6,6,1,29,6,-1,-1,-1,-1,3,E01016381,0,1
2024010527431,2024,010527431,2,1,0,18,19,1,5,0,0,1,0,0,0,0,1,1,6,6,1,60,9,-1,-1,-1,-1,5,E01000037,0,1
2024141498200,2024,141498200,1,1,0,-1,19,4,1,-1,0,1,5,0,1,0,0,1,-1,6,1,69,10,-1,-1,-1,-1,5,E01007361,0,3
2024461406272,2024,461406272,1,9,0,-1,19,7,3,-1,0,0,1,0,0,0,1,9,-1,6,1,27,6,-1,-1,-1,-1,9,E01024269,0,1
2024471418228,2024,471418228,2,1,0,-1,19,5,1,-1,0,1,0,0,0,0,1,1,-1,6,1,61,9,-1,-1,-1,-1,10,E01031646,0,1
2024010528955,2024,010528955,2,9,0,18,19,9,9,99,99,0,9,99,9,99,9,9,6,6,3,-1,-1,-1,-1,-1,-1,4,E01001683,0,2
2024201436371,2024,201436371,2,1,0,-1,19,1,5,-1,4,1,0,0,0,0,0,1,-1,6,1,26,6,-1,-1,-1,-1,1,E01009270,0,2
2024461528842,2024,461528842,3,9,0,-1,12,3,7,-1,0,0,0,0,0,0,2,9,-1,6,3,-1,-1,-1,-1,-1,-1,-1,-1,0,-1
2024430072783,2024,430072783,2,9,0,18,19,8,4,0,0,1,0,0,7,7,0,1,6,6,3,-1,-1,-1,-1,-1,-1,-1,-1,0,-1
2024522402836,2024,522402836,1,-1,0,18,19,3,7,5,5,8,0,0,0,10,1,1,6,6,1,56,9,-1,-1,-1,-1,3,E01014695,1,1
2024361484926,2024,361484926,2,1,0,-1,19,3,7,-1,0,0,5,0,0,0,2,1,-1,9,1,63,9,-1,-1,-1,-1,7,E01026778,0,3
2024161406285,2024,161406285,1,1,0,-1,19,7,3,-1,4,1,0,0,0,0,3,1,-1,7,1,17,4,-1,-1,-1,-1,2,E01013130,0,1
2024440181049,2024,440181049,1,1,0,18,19,3,7,0,0,0,0,0,0,0,1,1,6,6,1,-1,-1,-1,-1,-1,-1,-1,-1,0,-1
2024010496667,2024,010496667,2,9,0,4,4,1,5,0,0,0,0,0,0,0,0,1,6,6,3,34,6,-1,-1,-1,-1,-1,-1,0,-1
2024302401151,2024,302401151,1,9,0,18,19,8,4,0,0,0,1,0,1,2,2,1,6,6,1,26,6,-1,-1,-1,-1,2,E01013510,0,3
2024201506766,2024,201506766,2,1,0,-1,19,8,3,-1,0,4,0,0,0,0,0,1,-1,6,1,60,9,-1,-1,-1,-1,10,E01009845,0,1
2024010529336,2024,010529336,2,9,0,99,99,9,9,99,99,0,9,99,9,99,2,9,6,6,3,-1,-1,-1,-1,-1,-1,-1,-1,0,-1
2024010491224,2024,010491224,1,9,0,18,19,5,1,0,0,8,0,0,0,0,1,1,6,6,1,39,7,-1,-1,-1,-1,6,E01003698,0,1
2024320606011,2024,320606011,1,9,0,-1,-1,3,7,0,0,0,0,0,0,0,1,1,6,6,1,-1,-1,-1,-1,-1,-1,-1,-1,0,-1
2024131512404,2024,131512404,1,1,0,-1,19,1,5,-1,4,8,5,0,0,0,3,1,-1,2,1,21,5,-1,-1,-1,-1,2,E01010728,0,4
2024440099264,2024,440099264,2,1,0,14,14,4,8,0,0,1,0,0,0,0,1,1,6,6,1,74,10,-1,-1,-1,-1,10,E01022931,0,1
2024010514633,2024,010514633,1,9,0,4,4,1,5,0,0,4,0,0,0,0,1,1,6,6,1,86,11,-1,-1,-1,-1,10,E01000458,0,2
2024440486199,2024,440486199,1,1,0,18,19,7,3,0,0,6,0,0,0,0,3,1,4,7,1,12,3,-1,-1,-1,-1,6,E01022777,0,1
2024131502976,2024,131502976,6,9,0,-1,2,0,0,-1,0,0,0,0,0,0,2,2,-1,6,-1,-1,-1,-1,-1,-1,-1,-1,-1,0,-1
2024302401146,2024,302401146,1,9,0,9,9,2,1,0,0,8,0,0,0,0,4,1,6,6,2,30,6,-1,-1,-1,-1,3,E01013548,0,1
2024141496710,2024,141496710,2,9,0,-1,9,1,3,-1,0,4,0,0,0,0,4,1,-1,6,1,18,4,-1,-1,-1,-1,2,E01007740,0,1
2024201517498,2024,201517498,2,1,0,-1,19,2,6,-1,0,0,0,0,0,0,2,1,-1,2,1,29,6,-1,-1,-1,-1,3,E01008950,0,1
2024311429797,2024,311429797,3,9,0,-1,2,0,0,-1,-1,0,0,4,0,0,2,1,-1,6,-1,-1,-1,-1,-1,-1,-1,-1,-1,0,-1
2024010536125,2024,010536125,2,97,0,18,19,7,3,0,0,6,0,0,0,0,1,1,6,6,3,-1,-1,-1,-1,-1,-1,-1,-1,0,-1
2024010506383,2024,010506383,1,1,0,99,99,9,9,0,0,0,0,0,0,0,2,1,6,6,3,-1,-1,-1,-1,-1,-1,-1,-1,0,-1
2024451491163,2024,451491163,2,9,0,-1,19,3,7,-1,0,8,0,0,0,0,1,9,-1,6,3,58,9,-1,-1,-1,-1,-1,-1,0,-1
2024430085743,2024,430085743,1,9,0,4,4,6,2,0,0,1,0,0,0,0,1,1,6,6,1,-1,-1,-1,-1,-1,-1,-1,-1,0,-1
2024430578902,2024,430578902,1,9,0,18,19,8,4,0,0,3,0,0,0,0,1,1,6,6,3,-1,-1,-1,-1,-1,-1,-1,-1,0,-1
2024430578652,2024,430578652,1,9,0,18,19,5,1,0,0,0,0,11,0,0,1,1,6,6,1,64,9,-1,-1,-1,-1,8,E01028506,0,1
2024201444093,2024,201444093,2,9,0,-1,4,3,6,-1,0,3,0,0,0,0,2,9,-1,9,2,19,4,-1,-1,-1,-1,2,E01010052,0,1
2024461485821,2024,461485821,2,9,0,-1,4,5,1,-1,0,0,0,0,0,0,2,1,-1,9,1,21,5,-1,-1,-1,-1,1,E01024049,0,4
2024231493840,2024,231493840,2,9,0,-1,19,8,4,-1,0,0,0,0,0,0,1,1,-1,9,1,37,7,-1,-1,-1,-1,8,E01031210,0,2
2024461418782,2024,461418782,2,9,0,-1,5,1,5,-1,0,1,0,0,0,0,1,9,-1,2,1,32,6,-1,-1,-1,-1,-1,-1,0,-1
2024101397050,2024,101397050,1,9,0,-1,9,5,3,-1,0,0,0,0,0,0,1,9,-1,6,1,-1,-1,-1,-1,-1,-1,-1,-1,0,-1
2024131460796,2024,131460796,2,1,0,-1,19,4,8,-1,0,1,0,0,0,0,0,1,-1,9,1,29,6,-1,-1,-1,-1,3,E01010789,0,1
2024471459584,2024,471459584,1,9,0,-1,13,2,6,-1,0,0,0,0,0,0,4,1,-1,9,2,39,7,-1,-1,-1,-1,8,E01024203,0,4
2024010489057,2024,010489057,1,9,0,18,19,6,2,0,0,6,0,0,0,0,4,1,6,6,1,51,8,-1,-1,-1,-1,10,E01003759,0,1
2024451540900,2024,451540900,2,1,0,-1,19,5,1,-1,0,1,0,0,1,0,3,1,-1,6,1,58,9,-1,-1,-1,-1,10,E01030807,0,3
2024052401405,2024,052401405,2,1,0,18,19,5,1,0,0,0,0,0,0,0,1,1,6,6,1,54,8,-1,-1,-1,-1,7,E01007315,0,2
2024471502922,2024,471502922,2,17,0,-1,19,7,2,-1,0,0,0,0,0,0,3,1,-1,1,1,78,11,-1,-1,-1,-1,6,E01021205,0,1
2024071035284,2024,071035284,1,20,0,-1,4,6,2,-1,0,0,1,0,0,0,1,1,-1,6,3,-1,-1,-1,-1,-1,-1,-1,-1,0,-1
2024070207131,2024,070207131,2,1,0,18,19,7,3,0,0,3,0,0,0,0,1,1,2,2,2,40,7,-1,-1,-1,-1,3,E01012539,0,1
2024010523718,2024,010523718,2,-1,0,18,19,7,3,0,0,2,0,0,0,0,3,1,6,6,1,16,4,-1,-1,-1,-1,3,E01001213,1,1
2024010539148,2024,010539148,1,9,0,18,19,5,1,6,6,8,0,0,0,0,1,1,6,6,2,56,9,-1,-1,-1,-1,8,E01024693,0,4
2024401503824,2024,401503824,1,9,0,-1,7,6,2,-1,0,8,0,0,0,0,3,1,-1,7,2,47,8,-1,-1,-1,-1,6,E01033811,0,1
2024351447605,2024,351447605,2,9,0,-1,19,5,1,-1,0,1,0,0,1,9,1,1,-1,6,1,55,8,-1,-1,-1,-1,9,E01018204,0,3
2024010518696,2024,010518696,1,1,9,99,99,9,9,99,99,9,9,99,9,99,2,1,6,6,1,22,5,-1,-1,-1,-1,2,E01004205,0,1
2024320409905,2024,320409905,1,9,0,13,13,2,6,0,0,0,2,0,7,9,1,1,6,6,1,20,4,-1,-1,-1,-1,6,E01026244,0,1
2024010492812,2024,010492812,1,8,0,18,19,1,5,0,0,0,0,0,0,0,1,1,1,1,1,39,7,-1,-1,-1,-1,5,E01003195,0,2
2024061433578,2024,061433578,2,9,0,-1,19,-1,-1,-1,0,9,0,0,0,0,1,1,-1,6,1,-1,-1,-1,-1,-1,-1,8,E01005416,0,2
2024010494629,2024,010494629,1,3,0,99,99,9,9,99,99,9,9,99,9,99,9,1,1,1,3,31,6,-1,-1,-1,-1,2,E01002051,0,1
2024010487561,2024,010487561,3,11,0,10,10,5,3,0,0,1,0,0,0,0,1,1,1,1,2,52,8,-1,-1,-1,-1,4,E01002486,0,1
2024010506922,2024,010506922,1,1,9,99,99,9,9,99,99,9,9,99,9,99,9,1,6,6,1,50,8,-1,-1,-1,-1,4,E01002850,0,3
2024010492847,2024,010492847,1,3,0,99,99,9,9,99,99,9,9,99,9,99,9,1,2,2,1,25,5,-1,-1,-1,-1,3,E01003636,0,3
2024010493452,2024,010493452,2,19,0,18,19,1,5,0,0,1,1,0,0,0,1,1,1,1,1,29,6,-1,-1,-1,-1,10,E01004094,0,2
2024161415642,2024,161415642,2,9,0,-1,19,6,2,-1,0,1,0,0,0,0,1,1,-1,9,2,50,8,-1,-1,-1,-1,3,E01026077,0,4
2024991528574,2024,991528574,3,9,0,-1,2,0,0,-1,0,0,0,4,0,0,2,1,-1,6,-1,-1,-1,-1,-1,-1,-1,-1,-1,0,-1
202417M105224,2024,17M105224,1,1,0,-1,19,7,3,-1,0,8,0,0,0,0,1,1,-1,9,1,58,9,-1,-1,-1,-1,-1,-1,0,-1
2024052401941,2024,052401941,1,19,0,9,9,5,2,0,0,8,0,0,0,0,1,1,6,6,3,-1,-1,-1,-1,-1,-1,-1,-1,0,-1
2024461506353,2024,461506353,2,9,0,-1,1,7,6,-1,0,0,0,0,0,0,1,1,-1,2,1,37,7,-1,-1,-1,-1,1,E01007124,0,5
2024522500428,2024,522500428,1,1,0,18,19,5,1,5,5,0,0,0,0,0,3,1,6,6,1,20,4,-1,-1,-1,-1,5,E01014613,0,1
2024010535198,2024,010535198,1,10,0,18,19,3,7,0,0,0,0,4,1,0,1,1,1,1,1,58,9,-1,-1,-1,-1,2,E01032579,0,3
2024302400884,2024,302400884,2,11,0,2,2,0,0,0,0,1,0,0,0,0,0,1,1,1,1,46,8,-1,-1,-1,-1,3,E01019531,0,1
2024302401544,2024,302401544,1,21,1,12,12,1,6,0,0,0,0,0,0,0,3,1,6,6,3,-1,-1,-1,-1,-1,-1,5,E01019456,0,3
2024010508510,2024,010508510,2,9,0,99,99,9,9,0,0,1,0,0,0,0,4,1,6,6,3,-1,-1,-1,-1,-1,-1,-1,-1,0,-1
2024131416692,2024,131416692,2,1,0,-1,19,7,3,-1,0,0,0,0,0,0,1,1,-1,6,1,12,3,-1,-1,-1,-1,1,E01011540,0,2
2024522401694,2024,522401694,1,1,0,18,19,6,2,0,0,8,0,0,0,0,3,1,6,6,1,28,6,-1,-1,-1,-1,8,E01004072,0,5
2024010516597,2024,010516597,2,9,9,99,99,9,9,99,99,9,9,99,9,99,9,9,6,6,3,-1,-1,-1,-1,-1,-1,2,E01034056,0,5
2024131451369,2024,131451369,5,9,0,-1,2,0,0,-1,0,0,0,4,0,0,2,1,-1,6,-1,-1,-1,-1,-1,-1,-1,-1,-1,0,-1
2024010487298,2024,010487298,1,9,0,5,5,1,5,0,0,5,0,10,7,11,1,1,6,6,1,28,6,-1,-1,-1,-1,5,E01033791,0,1
2024201529024,2024,201529024,2,9,0,-1,2,0,0,-1,0,0,0,10,1,0,2,9,-1,6,-1,-1,-1,-1,-1,-1,-1,-1,-1,0,-1
2024451525630,2024,451525630,2,98,0,-1,19,3,7,-1,0,0,0,0,0,0,1,1,-1,6,1,48,8,-1,-1,-1,-1,7,E01030735,0,1
2024461483686,2024,461483686,1,9,0,-1,9,8,5,-1,0,8,0,0,0,0,4,9,-1,6,3,30,6,-1,-1,-1,-1,-1,-1,0,-1
2024010495509,2024,010495509,1,3,0,99,99,9,9,99,99,1,9,99,9,99,2,1,6,6,1,45,7,-1,-1,-1,-1,2,E01000509,0,2
2024010551282,2024,010551282,1,1,9,18,19,9,9,99,99,9,9,99,9,99,0,1,6,6,1,33,6,-1,-1,-1,-1,3,E01001298,0,2
2024052400686,2024,052400686,1,17,0,9,9,4,2,0,0,8,0,0,0,0,1,1,6,6,1,54,8,-1,-1,-1,-1,7,E01018742,0,4
2024545718024,2024,545718024,2,4,0,4,4,5,1,0,0,1,0,0,0,0,3,1,6,6,1,61,9,-1,-1,-1,-1,7,E01015493,0,2
2024201395153,2024,201395153,3,9,0,-1,19,1,4,-1,0,0,0,0,0,0,2,9,-1,6,-1,-1,-1,-1,-1,-1,-1,-1,-1,0,-1
2024061506552,2024,061506552,2,99,-1,-1,-1,-1,-1,-1,-1,-1,-1,-1,-1,0,-1,9,-1,6,3,-1,-1,-1,-1,-1,-1,-1,-1,0,-1
2024471508007,2024,471508007,1,1,0,-1,19,5,1,-1,9,1,0,0,0,0,1,1,-1,6,1,57,9,-1,-1,-1,-1,6,E01031782,0,1
2024131444919,2024,131444919,1,9,0,-1,19,5,1,-1,0,8,0,0,5,6,3,1,-1,2,1,27,6,-1,-1,-1,-1,2,E01011224,0,3
2024430156717,2024,430156717,2,9,0,18,19,3,7,0,0,1,0,0,0,0,1,1,6,6,1,50,8,-1,-1,-1,-1,-1,-1,0,-1
2024010547478,2024,010547478,1,1,9,99,99,9,9,99,99,9,9,99,9,99,1,1,6,6,1,51,8,-1,-1,-1,-1,4,E01004229,0,1
2024201438684,2024,201438684,1,9,0,-1,13,1,5,-1,0,0,0,0,0,0,3,1,-1,6,3,30,6,-1,-1,-1,-1,-1,-1,0,-1
2024010493008,2024,010493008,1,9,0,18,19,1,5,0,0,0,5,4,0,0,4,1,6,6,2,20,4,-1,-1,-1,-1,3,E01003611,0,4
2024421437180,2024,421437180,2,9,0,-1,19,7,3,-1,0,1,0,0,0,0,1,1,-1,9,1,74,10,-1,-1,-1,-1,9,E01021335,0,1
2024430565054,2024,430565054,1,9,0,16,19,1,4,0,0,2,2,0,1,4,4,1,1,1,1,34,6,-1,-1,-1,-1,9,E01033810,0,4
2024461531557,2024,461531557,1,99,0,-1,19,8,4,-1,0,0,0,0,0,0,1,9,-1,6,3,-1,-1,-1,-1,-1,-1,-1,-1,0,-1
2024991499690,2024,991499690,2,9,0,-1,19,7,3,-1,0,0,1,0,1,1,3,1,-1,6,1,73,10,-1,-1,-1,-1,7,-1,0,1
2024201395116,2024,201395116,1,9,0,-1,19,7,3,-1,0,0,0,0,0,0,1,9,-1,6,2,-1,-1,-1,-1,-1,-1,2,E01009942,0,3
2024340WN5362,2024,340WN5362,1,19,0,-1,19,1,5,-1,0,0,0,0,0,0,1,1,-1,6,1,55,8,-1,-1,-1,-1,7,E01027282,0,2
2024221501079,2024,221501079,2,9,0,-1,4,8,4,-1,0,0,0,0,0,0,2,1,-1,6,1,78,11,-1,-1,-1,-1,8,E01034781,0,3
2024991400572,2024,991400572,2,1,0,-1,19,7,4,-1,0,1,0,4,0,0,1,1,-1,2,1,24,5,-1,-1,-1,-1,4,-1,0,1
2024010513639,2024,010513639,2,9,0,99,99,9,9,99,99,9,9,99,9,99,9,9,6,6,3,-1,-1,-1,-1,-1,-1,-1,-1,0,-1
2024501451547,2024,501451547,2,9,0,-1,19,3,7,-1,0,1,0,0,0,0,2,9,-1,1,1,55,8,-1,-1,-1,-1,6,E01015174,0,4
2024111420750,2024,111420750,1,9,0,-1,19,4,8,-1,0,0,0,0,1,0,1,1,-1,6,1,29,6,-1,-1,-1,-1,1,E01020880,0,1
2024531494408,2024,531494408,2,9,0,-1,2,0,0,-1,0,2,0,0,0,0,3,1,-1,6,-1,-1,-1,-1,-1,-1,-1,-1,-1,0,-1
2024332401063,2024,332401063,2,1,0,-1,19,3,7,-1,0,8,0,0,0,0,1,1,-1,7,1,9,2,-1,-1,-1,-1,8,E01025622,0,1
2024501475284,2024,501475284,1,9,0,-1,19,3,7,-1,0,0,0,0,0,0,1,2,-1,9,1,63,9,-1,-1,-1,-1,-1,-1,0,-1
2024010497309,2024,010497309,2,9,0,99,99,9,9,99,99,9,9,99,9,99,9,9,6,6,3,-1,-1,-1,-1,-1,-1,-1,-1,0,-1
2024010491137,2024,010491137,3,9,0,4,4,1,5,0,0,0,0,0,0,0,2,1,6,6,2,57,9,-1,-1,-1,-1,10,E01023474,0,4
2024010495222,2024,010495222,2,1,0,18,19,1,5,0,0,3,0,0,0,0,2,1,1,1,1,37,7,-1,-1,-1,-1,2,E01001339,0,1
2024010496969,2024,010496969,2,1,0,18,19,1,5,0,0,1,0,0,0,0,1,1,1,1,1,19,4,-1,-1,-1,-1,2,E01000863,0,1
2024320254379,2024,320254379,1,9,0,13,13,7,3,0,0,1,0,0,0,0,4,1,-1,-1,2,24,5,-1,-1,-1,-1,9,E01026223,0,1
2024010549093,2024,010549093,1,9,0,99,99,9,9,99,99,9,9,99,9,99,1,1,6,6,3,-1,-1,-1,-1,-1,-1,4,E01001481,0,3
2024361435408,2024,361435408,2,1,0,-1,19,7,3,-1,0,0,0,0,0,0,2,1,-1,6,2,35,6,-1,-1,-1,-1,5,E01026674,0,1
2024111487234,2024,111487234,1,1,0,-1,19,2,5,-1,0,0,1,0,0,0,0,1,-1,6,1,54,8,-1,-1,-1,-1,9,E01020718,0,3
2024320142812,2024,320142812,2,9,0,-1,-1,8,4,0,0,8,0,0,0,0,3,1,-1,-1,2,59,9,-1,-1,-1,-1,9,E01034696,0,1
2024522403234,2024,522403234,2,9,0,7,7,3,5,0,0,6,0,0,0,0,1,1,6,6,3,-1,-1,-1,-1,-1,-1,-1,-1,0,-1
2024501468086,2024,501468086,1,1,0,-1,14,2,6,-1,0,0,0,0,0,0,1,1,-1,2,1,28,6,-1,-1,-1,-1,4,E01018922,0,1
2024430524714,2024,430524714,1,9,0,18,19,7,3,0,0,0,0,0,0,0,1,1,6,6,2,50,8,-1,-1,-1,-1,-1,-1,0,-1
2024421454961,2024,421454961,2,9,0,-1,19,1,5,-1,0,0,0,0,0,0,3,1,-1,6,3,-1,-1,-1,-1,-1,-1,-1,-1,0,-1
2024421517990,2024,421517990,2,1,0,-1,19,5,1,-1,0,4,0,0,0,0,1,1,-1,2,1,57,9,-1,-1,-1,-1,7,E01021350,0,1