collision_index,collision_year,collision_ref_no,vehicle_reference,vehicle_type,towing_and_articulation,vehicle_manoeuvre_historic,vehicle_manoeuvre,vehicle_direction_from,vehicle_direction_to,vehicle_location_restricted_lane_historic,vehicle_location_restricted_lane,junction_location,skidding_and_overturning,hit_object_in_carriageway,vehicle_leaving_carriageway,hit_object_off_carriageway,first_point_of_impact,vehicle_left_hand_drive,journey_purpose_of_driver_historic,journey_purpose_of_driver,sex_of_driver,age_of_driver,age_band_of_driver,engine_capacity_cc,propulsion_code,age_of_vehicle,generic_make_model,driver_imd_decile,lsoa_of_driver,escooter_flag,driver_distance_banding
2024010494347,2024,010494347,1,19,0,9,9,1,7,0,0,5,0,0,0,0,1,1,1,1,1,27,6,-1,-1,-1,-1,10,E01002208,0,3
2024010510659,2024,010510659,2,1,0,18,19,5,1,0,0,8,5,0,0,0,1,1,6,6,1,20,4,-1,-1,-1,-1,4,E01003410,0,1
2024010495504,2024,010495504,1,9,0,18,19,1,5,0,0,2,0,0,0,0,1,1,6,6,2,43,7,-1,-1,-1,-1,-1,-1,0,-1
2024440206402,2024,440206402,2,1,0,7,7,6,1,0,0,2,0,0,0,0,1,1,6,6,1,-1,-1,-1,-1,-1,-1,-1,-1,0,-1
2024041431979,2024,041431979,1,9,0,-1,19,5,1,-1,0,0,0,0,1,4,1,1,-1,9,1,51,8,-1,-1,-1,-1,5,-1,0,5
2024332401101,2024,332401101,1,1,0,-1,19,8,4,-1,5,8,0,0,0,0,3,1,-1,2,1,32,6,-1,-1,-1,-1,7,E01025623,0,1
2024010492058,2024,010492058,1,1,0,18,19,2,6,0,0,1,2,0,0,0,1,1,6,6,1,21,5,-1,-1,-1,-1,7,E01023935,0,4
2024522402617,2024,522402617,2,19,0,18,19,6,2,0,0,8,0,0,0,0,1,1,1,1,1,53,8,-1,-1,-1,-1,5,E01014532,0,1
2024010496596,2024,010496596,3,9,0,2,2,0,0,0,0,8,0,0,0,0,0,1,6,6,3,-1,-1,-1,-1,-1,-1,-1,-1,0,-1
2024332401068,2024,332401068,1,9,0,-1,19,6,2,-1,0,0,0,0,0,0,4,1,-1,6,3,-1,-1,-1,-1,-1,-1,-1,-1,0,-1
2024501448430,2024,501448430,2,1,0,-1,19,6,2,-1,0,0,0,0,0,0,1,1,-1,9,2,61,9,-1,-1,-1,-1,4,E01020271,0,3
2024111455280,2024,111455280,2,1,0,-1,19,1,5,-1,0,8,5,0,0,0,3,1,-1,6,1,20,4,-1,-1,-1,-1,2,E01012353,0,1
2024010538688,2024,010538688,2,1,0,18,19,3,7,2,2,0,0,10,0,0,3,1,2,2,1,37,7,-1,-1,-1,-1,7,E01000427,0,3
2024332400983,2024,332400983,1,9,0,-1,19,5,1,-1,0,8,0,0,0,0,1,1,-1,9,2,23,5,-1,-1,-1,-1,5,E01031159,0,4
2024101433783,2024,101433783,2,1,0,-1,19,3,7,-1,0,1,0,0,0,0,3,1,-1,2,1,37,7,-1,-1,-1,-1,8,E01008370,0,1
2024552400980,2024,552400980,2,4,0,18,19,1,5,0,0,8,0,0,0,0,1,1,6,6,1,21,5,-1,-1,-1,-1,7,E01015330,0,1
2024061503356,2024,061503356,1,9,0,-1,19,5,1,-1,0,0,0,0,0,0,1,1,-1,6,-1,-1,-1,-1,-1,-1,-1,-1,-1,0,-1
2024071075470,2024,071075470,2,1,0,-1,99,9,9,-1,0,0,0,0,0,0,9,1,-1,6,1,28,6,-1,-1,-1,-1,9,E01018655,0,1
2024421492452,2024,421492452,1,9,0,-1,19,-1,-1,-1,0,1,0,0,0,0,1,1,-1,6,1,-1,-1,-1,-1,-1,-1,-1,-1,0,-1
2024430236576,2024,430236576,2,1,0,14,14,2,6,0,0,8,0,0,0,0,4,1,6,6,1,-1,-1,-1,-1,-1,-1,-1,-1,0,-1
2024161533872,2024,161533872,2,1,0,-1,19,7,3,-1,0,2,2,0,0,0,3,1,-1,6,1,15,3,-1,-1,-1,-1,-1,-1,0,-1
2024010520385,2024,010520385,1,1,9,99,99,9,9,99,99,0,9,99,9,99,1,1,6,6,3,-1,-1,-1,-1,-1,-1,-1,-1,0,-1
2024010528717,2024,010528717,2,1,0,5,5,1,5,0,0,1,0,0,1,0,1,1,6,6,1,49,8,-1,-1,-1,-1,2,E01002879,0,1
2024010486949,2024,010486949,2,9,0,18,19,7,3,0,0,8,0,0,0,0,1,1,6,6,3,-1,-1,-1,-1,-1,-1,-1,-1,0,-1
2024131505613,2024,131505613,3,9,0,-1,2,0,0,-1,0,2,0,0,0,0,3,1,-1,6,-1,-1,-1,-1,-1,-1,-1,-1,-1,0,-1
2024430456422,2024,430456422,1,97,0,7,7,8,2,0,0,4,1,0,0,0,1,1,6,6,2,55,8,-1,-1,-1,-1,-1,-1,0,-1
2024010497137,2024,010497137,1,9,0,99,99,9,9,99,99,9,9,99,9,99,9,9,6,6,1,30,6,-1,-1,-1,-1,5,E01003142,0,1
2024440241076,2024,440241076,2,9,0,3,3,4,7,0,0,0,0,0,0,0,1,1,2,2,2,34,6,-1,-1,-1,-1,8,E01023286,0,3
2024010542550,2024,010542550,2,1,9,99,99,9,9,99,99,9,9,99,9,99,9,1,6,6,2,-1,-1,-1,-1,-1,-1,-1,-1,0,-1
2024061491719,2024,061491719,1,9,0,-1,19,7,7,-1,0,0,0,0,0,0,2,1,-1,6,1,61,9,-1,-1,-1,-1,3,E01005495,0,3
2024401428205,2024,401428205,1,90,0,-1,15,3,7,-1,0,1,0,0,0,0,3,1,-1,6,1,16,4,-1,-1,-1,-1,5,E01017430,0,3
2024311492741,2024,311492741,1,9,0,-1,19,8,4,-1,0,8,0,0,0,0,0,9,-1,6,3,-1,-1,-1,-1,-1,-1,-1,-1,0,-1
2024311431087,2024,311431087,1,9,0,-1,19,1,2,-1,0,0,0,0,0,0,1,1,-1,6,1,-1,-1,-1,-1,-1,-1,-1,-1,0,-1
2024010488432,2024,010488432,3,3,0,9,9,3,8,0,0,6,0,0,0,0,1,1,1,1,2,26,6,-1,-1,-1,-1,4,E01001586,0,1
2024061418917,2024,061418917,1,99,-1,-1,-1,-1,-1,-1,-1,0,-1,-1,-1,0,-1,9,-1,6,3,-1,-1,-1,-1,-1,-1,-1,-1,0,-1
2024070920729,2024,070920729,1,5,0,-1,4,4,8,-1,0,4,2,0,0,0,1,1,-1,2,1,51,8,-1,-1,-1,-1,3,E01018548,0,4
2024471435055,2024,471435055,2,9,0,-1,4,7,3,-1,0,1,0,0,0,0,2,1,-1,9,2,36,7,-1,-1,-1,-1,10,E01021219,0,2
2024302400245,2024,302400245,1,11,0,4,4,2,6,2,2,0,0,0,0,0,4,1,1,1,1,48,8,-1,-1,-1,-1,5,E01033171,0,1
2024010489930,2024,010489930,1,9,0,5,5,7,3,0,0,8,0,0,0,0,1,1,6,6,2,24,5,-1,-1,-1,-1,7,E01002338,0,1
2024122500154,2024,122500154,1,9,0,18,19,8,5,0,0,8,0,0,0,0,3,1,6,6,2,28,6,-1,-1,-1,-1,8,E01027836,0,1
2024471516791,2024,471516791,2,1,0,-1,19,1,5,-1,0,1,0,0,0,0,1,1,-1,6,1,32,6,-1,-1,-1,-1,7,E01021038,0,3
2024411452803,2024,411452803,1,98,1,-1,11,7,3,-1,0,0,0,0,0,0,4,1,-1,1,1,50,8,-1,-1,-1,-1,6,E01009676,0,5
2024522402431,2024,522402431,1,1,0,18,19,7,3,5,5,0,0,0,0,0,1,1,6,6,1,37,7,-1,-1,-1,-1,1,E01014654,0,1
2024010488980,2024,010488980,1,9,0,99,99,9,9,99,99,9,9,99,9,99,9,9,6,6,2,53,8,-1,-1,-1,-1,4,E01002511,0,2
2024371447286,2024,371447286,2,9,0,-1,19,5,1,-1,0,1,0,0,0,0,1,1,-1,6,1,56,9,-1,-1,-1,-1,4,E01026894,0,2
2024010549105,2024,010549105,2,1,0,18,19,7,3,0,0,1,0,0,0,0,1,1,1,1,1,20,4,-1,-1,-1,-1,6,E01003781,0,1
2024451475340,2024,451475340,2,1,0,-1,19,5,1,-1,0,0,0,0,0,0,2,1,-1,1,1,62,9,-1,-1,-1,-1,10,E01030375,0,1
2024540675024,2024,540675024,3,9,0,18,19,6,1,0,0,1,0,0,0,0,2,1,6,6,1,59,9,-1,-1,-1,-1,9,E01031939,0,1
2024451439468,2024,451439468,3,9,0,-1,2,0,0,-1,5,0,0,0,0,0,4,1,-1,6,-1,-1,-1,-1,-1,-1,-1,-1,-1,0,-1
2024010529108,2024,010529108,2,9,9,99,99,9,9,99,99,9,9,99,9,0,9,9,6,6,3,-1,-1,-1,-1,-1,-1,-1,-1,0,-1
2024010518796,2024,010518796,1,1,0,18,19,5,1,0,0,1,0,0,0,0,4,1,6,6,1,24,5,-1,-1,-1,-1,2,E01003051,0,2
2024430378885,2024,430378885,1,1,0,18,19,6,2,0,0,8,0,0,0,0,4,1,2,2,1,38,7,-1,-1,-1,-1,1,E01016420,0,1
2024010494661,2024,010494661,2,1,0,16,19,1,5,4,4,1,0,0,0,0,3,1,2,2,1,34,6,-1,-1,-1,-1,4,E01035652,0,1
2024421501858,2024,421501858,1,1,0,-1,19,8,4,-1,0,0,0,0,1,0,1,1,-1,9,1,13,3,-1,-1,-1,-1,7,E01021655,0,1
2024501420864,2024,501420864,1,9,0,-1,5,1,5,-1,-1,0,0,0,1,0,2,1,-1,9,1,33,6,-1,-1,-1,-1,3,E01000630,0,5
2024440552019,2024,440552019,1,1,0,18,19,5,0,0,0,2,0,0,0,0,1,1,1,1,1,34,6,-1,-1,-1,-1,9,E01023267,0,1
2024010546713,2024,010546713,2,9,0,99,99,9,9,99,99,9,9,99,9,99,2,9,6,6,3,34,6,-1,-1,-1,-1,-1,-1,0,-1
2024421527657,2024,421527657,1,9,0,-1,3,3,7,-1,0,4,0,0,0,0,1,1,-1,6,3,-1,-1,-1,-1,-1,-1,-1,-1,0,-1
2024010521299,2024,010521299,2,9,0,18,19,2,6,0,0,0,0,0,0,0,1,1,6,6,3,-1,-1,-1,-1,-1,-1,-1,-1,0,-1
2024520403328,2024,520403328,1,9,0,18,19,2,6,0,0,0,0,0,0,0,3,1,6,6,1,65,9,-1,-1,-1,-1,7,E01029227,0,1
2024010534250,2024,010534250,2,9,0,99,99,9,9,99,99,9,9,99,9,99,1,9,6,6,3,-1,-1,-1,-1,-1,-1,-1,-1,0,-1
2024461405554,2024,461405554,1,9,0,-1,-1,-1,-1,-1,-1,-1,-1,-1,-1,0,2,9,-1,6,3,-1,-1,-1,-1,-1,-1,-1,-1,0,-1
2024401429863,2024,401429863,1,21,-1,-1,12,5,1,-1,0,0,0,0,0,0,3,9,-1,1,3,-1,-1,-1,-1,-1,-1,-1,-1,0,-1
2024430238243,2024,430238243,1,9,0,14,14,4,8,0,0,0,0,0,0,0,1,1,6,6,1,47,8,-1,-1,-1,-1,10,E01023626,0,4
2024471488627,2024,471488627,2,1,0,-1,19,1,5,-1,0,0,0,0,0,0,1,1,-1,7,1,-1,-1,-1,-1,-1,-1,-1,-1,0,-1
2024610008724,2024,610008724,2,1,0,18,19,5,1,0,0,8,0,0,0,0,4,1,6,6,1,-1,-1,-1,-1,-1,-1,-1,-1,0,-1
2024122400793,2024,122400793,2,23,0,18,19,5,1,0,0,1,0,0,0,0,1,1,6,6,1,31,6,-1,-1,-1,-1,2,E01027872,0,1
2024010493853,2024,010493853,2,9,0,99,99,9,9,99,99,9,9,99,9,99,9,9,6,6,3,-1,-1,-1,-1,-1,-1,3,E01006521,0,5
2024991497568,2024,991497568,2,9,0,-1,3,6,2,-1,0,0,0,0,0,0,2,1,-1,9,1,52,8,-1,-1,-1,-1,8,-1,0,5
2024461442451,2024,461442451,1,-1,0,-1,19,7,3,-1,9,1,0,0,0,0,1,9,-1,6,3,-1,-1,-1,-1,-1,-1,-1,-1,1,-1
2024451522413,2024,451522413,2,9,0,-1,3,1,5,-1,0,0,0,0,0,0,2,1,-1,9,1,27,6,-1,-1,-1,-1,1,W01001884,0,5
2024101523695,2024,101523695,1,9,0,-1,19,1,5,-1,0,0,0,0,0,0,1,9,-1,6,1,-1,-1,-1,-1,-1,-1,-1,-1,0,-1
2024010545155,2024,010545155,1,-1,0,18,19,3,7,9,9,0,0,0,0,0,1,1,1,1,1,36,7,-1,-1,-1,-1,7,E01015983,1,3
2024991477761,2024,991477761,1,21,1,-1,13,8,4,-1,0,0,1,0,7,0,1,1,-1,1,1,39,7,-1,-1,-1,-1,2,-1,0,5
2024461555468,2024,461555468,1,9,0,-1,19,1,5,-1,0,0,0,0,0,0,1,9,-1,6,3,-1,-1,-1,-1,-1,-1,-1,-1,0,-1
2024311526860,2024,311526860,1,9,0,-1,9,2,6,-1,0,0,1,0,7,0,1,1,-1,9,2,38,7,-1,-1,-1,-1,6,E01026380,0,2
2024471426590,2024,471426590,1,9,0,-1,5,8,4,-1,0,0,0,0,7,0,1,1,-1,6,1,46,8,-1,-1,-1,-1,-1,-1,0,-1
2024041490732,2024,041490732,3,9,0,-1,19,5,1,-1,0,4,0,0,0,0,1,1,-1,9,2,56,9,-1,-1,-1,-1,9,E01025319,0,3
2024010497091,2024,010497091,1,9,0,18,19,6,2,0,0,0,0,0,0,0,1,1,2,2,1,28,6,-1,-1,-1,-1,2,E01004382,0,1
2024531418633,2024,531418633,1,9,0,-1,19,7,3,-1,0,1,0,0,0,0,1,1,-1,9,2,26,6,-1,-1,-1,-1,10,E01022315,0,4
2024101490937,2024,101490937,1,9,0,-1,5,0,5,-1,0,8,0,0,0,0,1,1,-1,1,2,43,7,-1,-1,-1,-1,5,E01008433,0,1
2024501407506,2024,501407506,2,1,0,-1,19,3,7,-1,0,0,0,0,0,0,3,1,-1,7,1,12,3,-1,-1,-1,-1,6,E01019954,0,1
2024231408015,2024,231408015,1,9,0,-1,9,8,6,-1,0,5,0,0,0,0,3,1,-1,9,2,62,9,-1,-1,-1,-1,7,E01031007,0,2
2024461457405,2024,461457405,1,-1,0,-1,19,5,1,-1,9,0,0,0,0,0,2,9,-1,6,1,-1,-1,-1,-1,-1,-1,-1,-1,1,-1
2024221412247,2024,221412247,2,1,0,-1,19,2,6,-1,0,1,0,4,0,0,1,1,-1,2,1,49,8,-1,-1,-1,-1,8,E01032334,0,1
2024211478284,2024,211478284,2,9,0,-1,19,3,7,-1,0,1,0,0,0,0,1,1,-1,9,1,73,10,-1,-1,-1,-1,-1,-1,0,-1
2024451487178,2024,451487178,1,9,0,-1,19,6,2,-1,0,0,0,0,0,0,3,9,-1,6,1,60,9,-1,-1,-1,-1,-1,-1,0,-1
2024991474900,2024,991474900,1,1,0,-1,9,5,1,-1,0,0,0,0,0,0,2,1,-1,2,1,15,3,-1,-1,-1,-1,-1,-1,0,-1
2024010490178,2024,010490178,1,9,0,18,19,5,1,0,0,7,0,0,0,0,1,1,6,6,2,35,6,-1,-1,-1,-1,4,E01002631,0,1
2024061412237,2024,061412237,1,23,0,-1,19,3,8,-1,0,8,0,0,0,0,1,1,-1,6,1,27,6,-1,-1,-1,-1,1,E01033984,0,1
2024522500209,2024,522500209,1,1,0,18,19,4,8,0,0,8,0,0,0,0,1,1,6,6,1,47,8,-1,-1,-1,-1,10,E01014715,0,2
2024371474243,2024,371474243,2,9,-1,-1,19,6,4,-1,0,0,0,0,0,0,1,9,-1,6,1,53,8,-1,-1,-1,-1,7,E01029966,0,2
2024061435418,2024,061435418,2,99,0,-1,19,2,6,-1,0,6,0,0,0,0,-1,9,-1,6,3,-1,-1,-1,-1,-1,-1,-1,-1,0,-1
2024461513909,2024,461513909,2,9,0,-1,19,7,3,-1,0,0,0,0,0,0,4,9,-1,6,1,25,5,-1,-1,-1,-1,-1,-1,0,-1
2024010538766,2024,010538766,2,9,0,99,99,9,9,99,99,9,9,99,9,99,9,9,6,6,3,-1,-1,-1,-1,-1,-1,-1,-1,0,-1
2024010490035,2024,010490035,1,1,0,99,99,9,9,0,0,0,0,0,0,0,9,1,6,6,2,53,8,-1,-1,-1,-1,4,E01002752,0,2
2024052401500,2024,052401500,1,-1,0,18,19,2,6,0,0,2,0,0,0,0,1,1,6,6,3,-1,-1,-1,-1,-1,-1,-1,-1,1,-1
2024522402693,2024,522402693,2,-1,0,18,19,5,8,0,0,6,0,0,0,0,3,1,6,6,1,16,4,-1,-1,-1,-1,1,E01014829,1,1
2024101404373,2024,101404373,1,9,0,-1,19,3,7,-1,0,8,0,0,0,0,1,9,-1,6,2,-1,-1,-1,-1,-1,-1,-1,-1,0,-1
2024010540494,2024,010540494,2,1,9,99,99,9,9,99,99,0,9,99,9,99,9,1,1,1,3,-1,-1,-1,-1,-1,-1,-1,-1,0,-1
2024440006789,2024,440006789,2,9,0,9,9,1,6,0,0,1,0,0,0,0,1,1,6,6,2,51,8,-1,-1,-1,-1,7,E01022812,0,1
2024361522394,2024,361522394,1,1,0,-1,19,6,6,-1,9,0,0,0,0,0,1,1,-1,6,1,30,6,-1,-1,-1,-1,-1,-1,0,-1
2024010487303,2024,010487303,3,9,0,2,2,0,0,0,0,2,0,0,0,0,2,1,6,6,3,-1,-1,-1,-1,-1,-1,-1,-1,0,-1
2024211430983,2024,211430983,2,9,-1,-1,3,8,4,-1,-1,-1,0,0,0,0,1,1,-1,6,2,35,6,-1,-1,-1,-1,3,E01029387,0,1
2024531410915,2024,531410915,1,9,0,-1,4,4,8,-1,0,1,0,0,0,0,0,9,-1,6,3,-1,-1,-1,-1,-1,-1,-1,-1,0,-1
2024361454667,2024,361454667,1,9,0,-1,19,3,7,-1,0,0,0,0,0,0,3,1,-1,6,-1,-1,-1,-1,-1,-1,-1,-1,-1,0,-1
2024461461831,2024,461461831,1,9,0,-1,9,1,6,-1,0,8,0,0,0,0,1,1,-1,9,1,57,9,-1,-1,-1,-1,7,E01024810,0,3
2024010494785,2024,010494785,1,9,0,99,99,9,9,99,99,9,9,99,9,99,1,9,6,6,3,-1,-1,-1,-1,-1,-1,-1,-1,0,-1
2024421524628,2024,421524628,1,5,0,-1,19,1,5,-1,0,0,0,0,0,0,3,1,-1,9,1,22,5,-1,-1,-1,-1,3,E01015971,0,1
202460Q090748,2024,60Q090748,2,1,0,18,19,8,4,0,0,8,0,0,0,0,1,1,6,6,1,13,3,-1,-1,-1,-1,-1,-1,0,-1
2024041516488,2024,041516488,2,1,0,-1,19,5,1,-1,4,2,0,0,0,0,4,1,-1,6,1,54,8,-1,-1,-1,-1,1,E01012601,0,1
2024010487211,2024,010487211,2,19,0,99,99,9,9,99,99,9,9,99,9,99,9,9,6,6,3,-1,-1,-1,-1,-1,-1,-1,-1,0,-1
2024010548701,2024,010548701,3,1,0,4,4,7,3,2,2,1,0,0,0,0,1,1,2,2,1,44,7,-1,-1,-1,-1,-1,-1,0,-1
2024061496317,2024,061496317,2,1,0,-1,19,1,5,-1,0,0,0,0,0,0,1,1,-1,6,1,35,6,-1,-1,-1,-1,2,E01005032,0,1
2024411482918,2024,411482918,2,1,0,-1,9,3,7,-1,0,0,0,0,0,0,0,1,-1,6,1,46,8,-1,-1,-1,-1,7,E01023618,0,1
2024041532022,2024,041532022,2,1,0,-1,19,5,1,-1,0,6,0,0,0,0,4,1,-1,7,1,9,2,-1,-1,-1,-1,1,E01012672,0,1
2024501491243,2024,501491243,1,9,0,-1,19,5,2,-1,0,0,0,0,0,0,4,9,-1,6,3,-1,-1,-1,-1,-1,-1,-1,-1,0,-1
2024201486241,2024,201486241,2,9,0,-1,3,5,1,-1,0,1,0,0,0,0,1,9,-1,6,2,80,11,-1,-1,-1,-1,10,E01009421,0,2
2024440038253,2024,440038253,2,9,0,18,19,1,5,0,0,0,0,0,0,0,1,1,6,6,3,-1,-1,-1,-1,-1,-1,-1,-1,0,-1
2024052401581,2024,052401581,2,1,0,18,19,8,4,0,0,8,0,0,0,0,3,1,6,6,1,30,6,-1,-1,-1,-1,3,E01006554,0,1
2024440270597,2024,440270597,1,1,0,18,19,2,6,0,0,1,0,0,0,0,1,1,6,6,1,35,6,-1,-1,-1,-1,6,E01017173,0,1
2024421451815,2024,421451815,1,20,-1,-1,12,3,7,-1,0,0,0,0,0,0,3,9,-1,6,3,-1,-1,-1,-1,-1,-1,-1,-1,0,-1
2024471504678,2024,471504678,1,9,0,-1,19,4,8,-1,0,1,0,0,0,0,1,1,-1,2,1,60,9,-1,-1,-1,-1,10,E01000445,0,4
2024471500620,2024,471500620,1,9,0,-1,19,8,4,-1,0,1,0,0,7,0,1,1,-1,2,1,29,6,-1,-1,-1,-1,2,E01021179,0,4
2024991484353,2024,991484353,1,9,0,-1,19,3,7,-1,0,1,0,0,0,0,1,1,-1,9,2,57,9,-1,-1,-1,-1,7,-1,0,1
2024010495513,2024,010495513,2,1,0,10,10,5,3,5,5,1,0,0,0,0,2,1,6,6,1,34,6,-1,-1,-1,-1,-1,-1,0,-1
2024010545491,2024,010545491,2,1,0,7,7,1,2,0,0,5,5,0,0,0,3,1,6,6,1,39,7,-1,-1,-1,-1,2,E01001839,0,1
2024010489318,2024,010489318,1,19,0,18,19,3,7,0,0,0,0,0,0,0,3,1,2,2,1,25,5,-1,-1,-1,-1,7,E01002207,0,4
2024461419556,2024,461419556,2,9,0,-1,19,2,4,-1,0,0,5,0,0,0,1,1,-1,1,1,39,7,-1,-1,-1,-1,-1,-1,0,-1
2024411437272,2024,411437272,1,19,0,-1,3,1,5,-1,0,1,0,0,0,0,1,9,-1,6,3,-1,-1,-1,-1,-1,-1,-1,-1,0,-1
2024471484299,2024,471484299,2,19,0,-1,11,3,7,-1,0,0,0,0,0,0,4,1,-1,6,1,-1,-1,-1,-1,-1,-1,-1,-1,0,-1
2024161409761,2024,161409761,2,-1,0,-1,7,7,1,-1,0,3,0,0,0,0,3,9,-1,6,2,37,7,-1,-1,-1,-1,1,E01012838,1,1
2024010531169,2024,010531169,2,1,0,18,19,3,7,0,0,8,0,0,0,0,1,1,2,2,2,43,7,-1,-1,-1,-1,5,E01002677,0,1
2024461549655,2024,461549655,1,9,0,-1,9,6,7,-1,0,1,0,0,7,3,1,1,-1,6,1,35,6,-1,-1,-1,-1,2,E01024083,0,2
2024010517794,2024,010517794,2,1,0,18,19,3,7,0,0,1,0,0,0,0,3,1,6,6,1,55,8,-1,-1,-1,-1,3,E01003925,0,1
2024010493468,2024,010493468,1,9,0,18,19,6,2,0,0,1,0,7,0,0,1,1,6,6,1,38,7,-1,-1,-1,-1,-1,-1,0,-1
2024201439564,2024,201439564,2,19,0,-1,19,1,4,-1,0,0,0,0,0,0,3,1,-1,6,3,-1,-1,-1,-1,-1,-1,-1,-1,0,-1
2024010544756,2024,010544756,1,9,0,99,99,9,9,0,0,0,9,99,9,99,2,9,6,6,1,58,9,-1,-1,-1,-1,10,E01021747,0,3
2024471490409,2024,471490409,2,1,0,-1,19,3,7,-1,0,1,0,8,0,0,4,1,-1,9,1,78,11,-1,-1,-1,-1,6,E01031363,0,1
2024991429994,2024,991429994,2,9,0,-1,14,5,1,-1,0,1,0,0,0,0,1,1,-1,9,1,38,7,-1,-1,-1,-1,-1,-1,0,-1
2024010543915,2024,010543915,1,1,0,14,14,1,5,0,0,0,0,8,0,0,1,1,6,6,1,46,8,-1,-1,-1,-1,5,E01003292,0,1
2024010512536,2024,010512536,2,8,0,99,99,9,9,99,99,9,9,99,9,99,9,9,6,6,3,-1,-1,-1,-1,-1,-1,-1,-1,0,-1
2024471398648,2024,471398648,3,9,0,-1,2,0,0,-1,0,0,0,0,0,0,0,9,-1,6,-1,-1,-1,-1,-1,-1,-1,-1,-1,0,-1
2024311489717,2024,311489717,1,9,0,-1,10,5,1,-1,0,1,0,0,0,0,4,1,-1,2,1,62,9,-1,-1,-1,-1,4,E01028143,0,3
2024430161794,2024,430161794,1,9,0,18,19,8,4,0,0,4,0,0,0,0,4,1,6,6,1,83,11,-1,-1,-1,-1,9,E01017655,0,1
2024401404855,2024,401404855,2,1,0,-1,19,6,3,-1,0,1,0,0,0,0,4,1,-1,9,1,52,8,-1,-1,-1,-1,10,E01017407,0,1
2024991474595,2024,991474595,1,1,0,-1,19,1,4,-1,9,0,0,0,0,0,1,1,-1,2,1,28,6,-1,-1,-1,-1,-1,-1,0,-1
2024010494939,2024,010494939,2,9,0,9,9,2,7,0,0,1,0,0,0,0,1,1,6,6,2,31,6,-1,-1,-1,-1,3,E01000130,0,1
2024010500814,2024,010500814,2,-1,0,18,19,5,1,0,0,1,0,0,0,0,1,1,2,2,1,19,4,-1,-1,-1,-1,3,E01033591,1,3
2024161484612,2024,161484612,2,16,0,-1,19,7,3,-1,0,0,0,0,0,0,2,1,-1,9,2,28,6,-1,-1,-1,-1,6,E01012937,0,1
2024401535954,2024,401535954,3,5,0,-1,15,3,7,-1,0,0,0,0,1,0,2,1,-1,6,1,72,10,-1,-1,-1,-1,6,E01017511,0,3
2024010491671,2024,010491671,2,9,0,18,19,5,1,0,0,0,0,0,0,0,2,2,6,6,1,49,8,-1,-1,-1,-1,3,E01003132,0,1
2024010533641,2024,010533641,1,1,9,99,99,9,9,99,99,0,9,8,9,99,1,1,2,2,1,20,4,-1,-1,-1,-1,4,E01001087,0,3
2024010523335,2024,010523335,2,9,0,99,99,9,9,99,99,6,9,99,9,99,1,9,6,6,3,-1,-1,-1,-1,-1,-1,-1,-1,0,-1
2024131503615,2024,131503615,2,1,0,-1,19,7,3,-1,0,0,0,0,0,0,2,1,-1,6,1,34,6,-1,-1,-1,-1,1,E01011671,0,1
2024302400093,2024,302400093,2,9,0,4,4,2,6,0,0,0,0,0,0,0,2,1,6,6,1,54,8,-1,-1,-1,-1,6,E01009450,0,4
2024430006526,2024,430006526,1,9,0,18,19,8,4,0,0,0,0,0,0,0,1,1,6,6,1,53,8,-1,-1,-1,-1,10,E01016315,0,1
2024522402268,2024,522402268,2,9,0,99,99,9,9,0,0,8,0,0,0,0,9,1,6,6,2,-1,-1,-1,-1,-1,-1,-1,-1,0,-1
2024320504379,2024,320504379,1,1,0,-1,-1,4,8,0,0,0,5,4,0,0,1,1,-1,-1,1,32,6,-1,-1,-1,-1,3,E01034682,0,1
2024430197003,2024,430197003,2,9,0,18,19,5,1,0,0,4,0,0,0,0,3,1,6,6,2,-1,-1,-1,-1,-1,-1,-1,-1,0,-1
2024430034910,2024,430034910,2,9,0,1,1,6,2,0,0,0,0,0,0,0,2,1,6,6,1,-1,-1,-1,-1,-1,-1,-1,-1,0,-1
2024461472671,2024,461472671,1,9,0,-1,19,1,5,-1,0,0,5,0,0,0,1,1,-1,9,1,18,4,-1,-1,-1,-1,6,E01024187,0,3
2024332400760,2024,332400760,5,9,0,-1,4,5,1,-1,0,0,0,0,0,0,2,1,-1,6,3,-1,-1,-1,-1,-1,-1,-1,-1,0,-1
2024471455328,2024,471455328,1,9,0,-1,-1,-1,-1,-1,-1,0,-1,-1,-1,0,-1,9,-1,6,3,-1,-1,-1,-1,-1,-1,-1,-1,0,-1
2024010492603,2024,010492603,1,9,0,99,99,9,9,99,99,9,9,99,9,99,1,9,6,6,2,34,6,-1,-1,-1,-1,4,E01021829,0,3
2024010496259,2024,010496259,1,9,0,99,99,9,9,99,99,9,9,99,9,99,2,9,6,6,2,34,6,-1,-1,-1,-1,6,E01034290,0,3
2024010522119,2024,010522119,1,9,0,99,99,9,9,0,0,2,9,99,0,0,9,9,6,6,3,-1,-1,-1,-1,-1,-1,-1,-1,0,-1
2024501495847,2024,501495847,1,1,0,-1,19,4,8,-1,0,8,0,0,0,0,1,1,-1,2,2,31,6,-1,-1,-1,-1,-1,-1,0,-1
2024361536415,2024,361536415,2,1,0,-1,19,3,7,-1,0,0,0,0,0,0,3,1,-1,9,1,19,4,-1,-1,-1,-1,9,E01026708,0,2
2024010504306,2024,010504306,2,9,0,99,99,9,9,99,99,9,9,99,9,99,1,9,6,6,3,-1,-1,-1,-1,-1,-1,-1,-1,0,-1
2024041405376,2024,041405376,1,1,0,-1,19,3,7,-1,0,4,0,0,0,0,1,1,-1,9,1,15,3,-1,-1,-1,-1,3,E01034348,0,1
2024231453832,2024,231453832,2,9,0,-1,4,1,5,-1,0,1,0,0,0,0,2,1,-1,9,1,66,10,-1,-1,-1,-1,2,E01008919,0,4
2024111416649,2024,111416649,2,1,0,-1,19,1,5,-1,0,0,5,0,0,0,1,1,-1,7,1,12,3,-1,-1,-1,-1,3,E01012355,0,1
2024461507623,2024,461507623,1,19,0,-1,19,4,2,-1,0,8,0,0,0,0,1,1,-1,1,1,44,7,-1,-1,-1,-1,-1,-1,0,-1
2024451482311,2024,451482311,2,9,0,-1,99,1,5,-1,0,3,0,0,0,0,9,1,-1,6,3,30,6,-1,-1,-1,-1,-1,-1,0,-1