collision_index,collision_year,collision_ref_no,vehicle_reference,vehicle_type,towing_and_articulation,vehicle_manoeuvre_historic,vehicle_manoeuvre,vehicle_direction_from,vehicle_direction_to,vehicle_location_restricted_lane_historic,vehicle_location_restricted_lane,junction_location,skidding_and_overturning,hit_object_in_carriageway,vehicle_leaving_carriageway,hit_object_off_carriageway,first_point_of_impact,vehicle_left_hand_drive,journey_purpose_of_driver_historic,journey_purpose_of_driver,sex_of_driver,age_of_driver,age_band_of_driver,engine_capacity_cc,propulsion_code,age_of_vehicle,generic_make_model,driver_imd_decile,lsoa_of_driver,escooter_flag,driver_distance_banding
2024221451497,2024,221451497,1,9,0,-1,19,7,3,-1,0,4,0,0,0,0,1,9,-1,6,2,56,9,-1,-1,-1,-1,-1,-1,0,-1
2024631453930,2024,631453930,2,9,0,-1,19,6,2,-1,0,0,0,0,0,0,1,1,-1,6,3,-1,-1,-1,-1,-1,-1,-1,-1,0,-1
2024061441176,2024,061441176,2,9,0,-1,19,5,1,-1,0,1,0,0,0,0,0,1,-1,6,1,43,7,-1,-1,-1,-1,4,E01006110,0,3
2024010546862,2024,010546862,1,1,0,18,19,3,7,0,0,8,0,0,0,0,3,1,6,6,1,34,6,-1,-1,-1,-1,4,E01002057,0,1
2024010521166,2024,010521166,1,11,9,99,99,9,9,99,99,9,9,99,9,99,9,1,6,6,3,-1,-1,-1,-1,-1,-1,-1,-1,0,-1
2024010528685,2024,010528685,2,-1,0,18,19,3,7,9,9,1,0,0,0,0,1,1,6,6,2,18,4,-1,-1,-1,-1,9,E01004158,1,1
2024501529384,2024,501529384,2,1,0,-1,3,4,8,-1,0,0,0,0,0,0,1,1,-1,2,1,33,6,-1,-1,-1,-1,2,E01019995,0,1
2024201486688,2024,201486688,2,1,0,-1,19,6,2,-1,0,8,0,0,0,0,1,1,-1,6,1,-1,-1,-1,-1,-1,-1,1,E01034917,0,1
2024340WN1542,2024,340WN1542,1,1,0,-1,19,3,7,-1,0,6,0,0,0,0,1,1,-1,6,1,62,9,-1,-1,-1,-1,7,E01027024,0,3
2024010515258,2024,010515258,2,9,0,3,3,9,9,99,99,9,9,99,9,99,9,9,6,6,1,49,8,-1,-1,-1,-1,5,E01003913,0,1
2024430046174,2024,430046174,2,1,0,10,10,6,4,0,0,2,0,0,0,0,1,1,2,2,1,33,6,-1,-1,-1,-1,6,E01028530,0,1
2024010497240,2024,010497240,1,9,0,9,9,7,5,0,0,3,0,0,0,0,3,1,6,6,2,44,7,-1,-1,-1,-1,9,E01003363,0,1
2024010490790,2024,010490790,1,19,0,18,19,5,1,0,0,7,0,0,0,0,1,1,1,1,1,39,7,-1,-1,-1,-1,7,E01035219,0,5
2024440104701,2024,440104701,2,9,0,3,3,1,5,0,0,0,0,0,0,0,2,1,6,6,3,-1,-1,-1,-1,-1,-1,-1,-1,0,-1
2024201524192,2024,201524192,2,9,0,-1,19,4,8,-1,0,0,0,0,0,0,3,9,-1,9,2,51,8,-1,-1,-1,-1,1,E01008998,0,1
2024201436643,2024,201436643,1,8,0,-1,5,3,7,-1,0,4,0,10,1,0,1,1,-1,1,1,59,9,-1,-1,-1,-1,1,E01009491,0,1
2024461468638,2024,461468638,1,9,0,-1,19,2,4,-1,0,0,0,0,0,0,4,9,-1,6,3,-1,-1,-1,-1,-1,-1,-1,-1,0,-1
2024501528094,2024,501528094,2,9,0,-1,19,5,1,-1,0,8,0,0,0,0,1,9,-1,6,2,26,6,-1,-1,-1,-1,6,E01015132,0,1
2024010487205,2024,010487205,1,2,0,4,4,5,1,0,0,8,0,0,0,0,1,1,6,6,1,22,5,-1,-1,-1,-1,4,E01003133,0,1
2024010506911,2024,010506911,1,98,0,99,99,9,9,0,0,8,0,0,0,0,9,1,6,6,3,-1,-1,-1,-1,-1,-1,-1,-1,0,-1
2024010487533,2024,010487533,2,1,9,99,99,3,7,99,99,9,9,99,9,99,1,1,1,1,3,-1,-1,-1,-1,-1,-1,-1,-1,0,-1
2024010532926,2024,010532926,2,1,0,9,9,3,1,0,0,8,0,0,0,0,1,1,1,1,1,37,7,-1,-1,-1,-1,7,E01002700,0,1
2024311445656,2024,311445656,2,1,-1,-1,19,7,3,-1,0,1,0,0,0,0,4,1,-1,9,1,12,3,-1,-1,-1,-1,9,E01028047,0,1
2024101426664,2024,101426664,1,9,0,-1,19,7,3,-1,0,1,0,0,0,0,0,1,-1,6,3,-1,-1,-1,-1,-1,-1,-1,-1,0,-1
2024010540334,2024,010540334,1,1,0,99,99,9,9,99,99,1,0,99,9,99,9,1,6,6,2,28,6,-1,-1,-1,-1,6,E01033098,0,1
2024430507415,2024,430507415,1,9,0,18,19,1,5,0,0,8,0,0,0,0,1,1,6,6,3,-1,-1,-1,-1,-1,-1,-1,-1,0,-1
2024361465494,2024,361465494,2,21,1,-1,19,3,8,-1,0,0,0,0,0,0,4,1,-1,1,1,43,7,-1,-1,-1,-1,6,E01027701,0,5
2024061506529,2024,061506529,2,1,0,-1,19,2,6,-1,0,8,0,0,0,0,1,1,-1,6,2,30,6,-1,-1,-1,-1,3,E01005179,0,1
2024010492154,2024,010492154,1,8,0,4,4,1,5,0,0,1,0,0,0,0,2,1,1,1,1,45,7,-1,-1,-1,-1,3,E01001712,0,2
2024101454405,2024,101454405,2,1,0,-1,19,1,5,-1,0,8,0,0,0,0,2,1,-1,6,1,63,9,-1,-1,-1,-1,9,E01008365,0,1
2024010494987,2024,010494987,1,1,9,99,99,9,9,99,99,9,9,99,9,99,2,1,1,1,1,57,9,-1,-1,-1,-1,3,E01033706,0,1
2024430283031,2024,430283031,3,9,0,3,3,2,6,0,0,1,0,0,0,0,2,1,6,6,1,30,6,-1,-1,-1,-1,-1,-1,0,-1
2024440035343,2024,440035343,1,22,0,18,19,4,8,0,0,1,0,0,0,0,1,1,6,6,2,76,11,-1,-1,-1,-1,7,E01032078,0,4
2024211403447,2024,211403447,2,1,0,-1,19,4,8,-1,0,1,0,0,0,0,1,1,-1,6,1,38,7,-1,-1,-1,-1,5,E01034103,0,1
2024451523462,2024,451523462,1,9,0,-1,19,7,3,-1,0,0,5,0,0,0,4,1,-1,9,1,17,4,-1,-1,-1,-1,4,E01034288,0,2
2024052400913,2024,052400913,2,1,0,18,19,5,1,0,0,1,0,0,0,0,0,1,6,6,1,76,11,-1,-1,-1,-1,8,E01006992,0,1
2024451395461,2024,451395461,1,9,0,-1,19,5,1,-1,0,0,0,0,0,0,1,1,-1,9,1,19,4,-1,-1,-1,-1,6,E01035334,0,3
2024161416683,2024,161416683,1,9,0,-1,99,3,7,-1,99,0,0,0,9,99,9,9,-1,6,1,-1,-1,-1,-1,-1,-1,6,E01013097,0,2
2024161496411,2024,161496411,2,1,0,-1,19,1,5,-1,0,1,0,0,0,0,1,1,-1,6,1,33,6,-1,-1,-1,-1,1,E01012944,0,1
2024430624739,2024,430624739,2,9,0,18,19,5,1,0,0,0,0,0,1,0,2,1,6,6,1,50,8,-1,-1,-1,-1,-1,-1,0,-1
202454A003524,2024,54A003524,2,9,0,18,19,2,6,0,0,8,0,0,0,0,1,1,6,6,1,18,4,-1,-1,-1,-1,8,E01015556,0,1
2024201425429,2024,201425429,1,9,0,-1,7,4,6,-1,0,5,0,0,0,0,1,9,-1,6,1,18,4,-1,-1,-1,-1,-1,-1,0,-1
2024201512495,2024,201512495,1,1,0,-1,4,3,7,-1,9,0,0,0,0,0,4,1,-1,7,1,11,3,-1,-1,-1,-1,-1,-1,0,-1
2024311402206,2024,311402206,2,9,0,-1,19,5,6,-1,0,0,0,0,0,0,1,1,-1,1,2,31,6,-1,-1,-1,-1,10,E01035510,0,2
2024010534027,2024,010534027,1,1,9,99,99,9,9,99,99,0,9,99,9,99,1,1,6,6,1,33,6,-1,-1,-1,-1,2,E01033699,0,1
202417S112524,2024,17S112524,1,1,0,-1,9,4,2,-1,0,1,0,0,0,0,2,1,-1,9,1,39,7,-1,-1,-1,-1,2,E01012247,0,1
2024010499366,2024,010499366,1,1,9,99,99,9,9,99,99,9,9,99,9,99,9,1,2,2,1,47,8,-1,-1,-1,-1,2,E01002800,0,1
2024052401281,2024,052401281,1,9,0,18,19,4,8,0,0,1,0,0,0,0,1,1,6,6,3,-1,-1,-1,-1,-1,-1,-1,-1,0,-1
2024131504442,2024,131504442,2,1,0,-1,19,3,7,-1,4,8,0,0,0,0,1,1,-1,6,1,43,7,-1,-1,-1,-1,10,E01010768,0,3
2024041443826,2024,041443826,1,1,0,-1,19,1,5,-1,0,1,0,0,0,0,1,1,-1,6,2,13,3,-1,-1,-1,-1,3,E01025399,0,1
2024622400596,2024,622400596,1,9,0,18,19,4,8,0,0,0,0,0,0,0,1,1,1,1,1,19,4,-1,-1,-1,-1,3,W01001963,0,1
2024401531642,2024,401531642,1,9,-1,-1,-1,-1,-1,-1,-1,-1,-1,-1,-1,0,-1,9,-1,6,3,-1,-1,-1,-1,-1,-1,-1,-1,0,-1
2024010488576,2024,010488576,1,3,0,99,99,9,9,99,99,9,9,99,9,99,1,1,6,6,1,32,6,-1,-1,-1,-1,6,E01003435,0,1
2024201431455,2024,201431455,1,98,0,-1,1,1,5,-1,9,0,0,0,0,0,2,9,-1,1,1,40,7,-1,-1,-1,-1,-1,-1,0,-1
2024430566456,2024,430566456,2,1,0,18,19,3,7,0,0,8,0,0,0,0,4,1,2,2,1,26,6,-1,-1,-1,-1,4,E01028546,0,1
2024070719053,2024,070719053,2,1,0,-1,19,9,9,-1,0,0,0,0,0,0,0,1,-1,6,1,69,10,-1,-1,-1,-1,7,E01018670,0,4
2024031485275,2024,031485275,1,19,0,-1,19,0,0,-1,0,0,0,0,0,0,3,1,-1,6,1,60,9,-1,-1,-1,-1,6,E01035051,0,5
2024010516060,2024,010516060,1,1,9,99,99,9,9,99,99,9,9,99,9,99,2,1,6,6,1,52,8,-1,-1,-1,-1,5,E01001914,0,1
2024471397189,2024,471397189,2,1,0,-1,19,5,1,-1,4,1,0,0,0,0,1,1,-1,9,1,73,10,-1,-1,-1,-1,10,E01031487,0,1
2024010489314,2024,010489314,1,9,0,99,99,9,9,99,99,9,9,99,9,99,9,9,2,2,1,20,4,-1,-1,-1,-1,4,E01001674,0,1
2024471436247,2024,471436247,2,98,0,-1,19,3,7,-1,0,1,0,0,0,0,0,9,-1,6,3,-1,-1,-1,-1,-1,-1,-1,-1,0,-1
2024461452459,2024,461452459,1,98,1,-1,19,5,1,-1,0,2,0,0,0,0,4,2,-1,6,-1,-1,-1,-1,-1,-1,-1,-1,-1,0,-1
2024461414373,2024,461414373,1,9,0,-1,7,6,6,-1,0,2,0,0,0,0,1,1,-1,6,2,38,7,-1,-1,-1,-1,5,E01024356,0,4
2024010540329,2024,010540329,1,1,9,99,99,9,9,99,99,9,9,99,9,99,9,1,6,6,2,44,7,-1,-1,-1,-1,2,E01033699,0,1
2024010494416,2024,010494416,2,1,0,18,19,2,6,0,0,0,2,7,0,0,1,1,6,6,1,42,7,-1,-1,-1,-1,3,E01003387,0,2
2024451486548,2024,451486548,2,98,0,-1,19,6,8,-1,0,0,0,0,0,0,3,1,-1,1,1,58,9,-1,-1,-1,-1,8,E01032088,0,5
2024451518841,2024,451518841,1,9,0,-1,19,2,8,-1,0,8,0,99,0,0,4,1,-1,6,3,40,7,-1,-1,-1,-1,-1,-1,0,-1
2024010491936,2024,010491936,1,9,0,6,6,1,1,0,0,0,0,0,0,0,1,1,6,6,2,23,5,-1,-1,-1,-1,5,E01002584,0,4
2024451506661,2024,451506661,2,9,0,-1,7,2,6,-1,0,1,0,0,0,0,1,1,-1,6,1,50,8,-1,-1,-1,-1,-1,-1,0,-1
2024010488788,2024,010488788,1,9,0,99,99,9,9,99,99,9,9,99,9,99,1,9,6,6,1,25,5,-1,-1,-1,-1,3,E01004041,0,1
2024351454717,2024,351454717,2,1,0,-1,19,-1,-1,-1,0,8,5,-1,-1,0,4,1,-1,2,2,25,5,-1,-1,-1,-1,5,E01026345,0,4
2024631504112,2024,631504112,1,9,0,-1,12,4,8,-1,0,0,5,0,0,0,3,1,-1,6,1,67,10,-1,-1,-1,-1,7,W01000506,0,1
2024010543979,2024,010543979,1,11,0,4,4,1,5,2,2,0,0,0,0,0,0,1,1,1,1,66,10,-1,-1,-1,-1,3,E01033881,0,1
2024061426004,2024,061426004,2,1,0,-1,4,-1,-1,-1,0,0,2,0,0,0,3,1,-1,6,1,-1,-1,-1,-1,-1,-1,-1,-1,0,-1
2024471490920,2024,471490920,2,1,0,-1,19,3,7,-1,0,1,0,0,0,0,2,1,-1,6,1,49,8,-1,-1,-1,-1,5,E01016989,0,1
2024610015024,2024,610015024,3,3,0,18,19,1,5,0,0,1,0,0,1,0,1,1,6,6,1,19,4,-1,-1,-1,-1,1,W01001326,0,3
2024201499928,2024,201499928,1,9,0,-1,5,3,7,-1,9,6,0,0,0,0,1,9,-1,6,3,-1,-1,-1,-1,-1,-1,-1,-1,0,-1
2024411432966,2024,411432966,3,98,1,-1,19,1,5,-1,0,0,0,0,0,0,2,2,-1,1,1,40,7,-1,-1,-1,-1,-1,-1,0,-1
2024131463920,2024,131463920,1,9,0,-1,19,6,2,-1,0,6,0,0,0,0,1,1,-1,6,1,-1,-1,-1,-1,-1,-1,-1,-1,0,-1
2024010493694,2024,010493694,3,9,0,18,19,1,5,0,0,0,0,0,0,0,0,1,1,1,1,23,5,-1,-1,-1,-1,5,E01003666,0,1
2024430012255,2024,430012255,2,1,0,18,19,8,4,0,0,0,0,0,0,0,3,1,2,2,1,56,9,-1,-1,-1,-1,10,E01028645,0,3
2024010491985,2024,010491985,1,9,0,18,19,1,5,0,0,0,0,0,0,0,1,1,2,2,1,48,8,-1,-1,-1,-1,4,E01016048,0,4
2024010489024,2024,010489024,1,4,0,18,19,3,7,0,0,1,2,10,7,10,2,1,6,6,1,22,5,-1,-1,-1,-1,2,E01003197,0,1
2024421468142,2024,421468142,1,1,0,-1,19,7,3,-1,0,1,0,0,0,0,0,1,-1,6,1,67,10,-1,-1,-1,-1,4,E01022036,0,1
2024141416196,2024,141416196,32,23,0,-1,19,3,7,-1,0,0,5,0,7,0,1,1,-1,6,3,-1,-1,-1,-1,-1,-1,-1,-1,0,-1
2024430050855,2024,430050855,2,1,0,18,19,7,3,4,4,8,0,0,0,0,1,1,3,7,2,41,7,-1,-1,-1,-1,10,E01028534,0,1
2024010515208,2024,010515208,1,1,9,99,99,9,9,99,99,9,9,99,9,99,1,1,6,6,2,28,6,-1,-1,-1,-1,3,E01004004,0,1
2024631493194,2024,631493194,2,9,0,-1,10,6,4,-1,0,8,0,0,0,0,2,1,-1,6,2,55,8,-1,-1,-1,-1,7,W01000547,0,1
2024101487461,2024,101487461,2,16,-1,-1,19,2,7,-1,0,8,0,0,0,0,-1,1,-1,6,2,38,7,-1,-1,-1,-1,2,E01008780,0,1
2024131456073,2024,131456073,1,9,0,-1,19,5,1,-1,0,0,0,0,0,0,1,1,-1,6,3,-1,-1,-1,-1,-1,-1,-1,-1,0,-1
2024421485074,2024,421485074,2,9,-1,-1,13,-1,-1,-1,0,1,0,-1,-1,0,-1,9,-1,6,3,-1,-1,-1,-1,-1,-1,-1,-1,0,-1
2024401449527,2024,401449527,1,9,0,-1,9,7,3,-1,0,6,0,0,0,0,3,1,-1,2,2,35,6,-1,-1,-1,-1,5,E01034427,0,2
2024201480931,2024,201480931,1,8,0,-1,19,7,3,-1,0,8,0,0,0,0,2,1,-1,1,1,39,7,-1,-1,-1,-1,2,E01009989,0,1
2024311503734,2024,311503734,1,-1,0,-1,19,7,3,-1,0,1,0,0,0,0,1,9,-1,6,1,11,3,-1,-1,-1,-1,-1,-1,1,-1
2024010493031,2024,010493031,2,9,0,1,1,9,9,99,99,0,9,99,9,99,9,9,6,6,3,-1,-1,-1,-1,-1,-1,-1,-1,0,-1
2024552401317,2024,552401317,1,9,0,7,7,1,3,0,0,8,0,0,0,0,1,1,6,6,1,83,11,-1,-1,-1,-1,5,E01015421,0,1
2024131433136,2024,131433136,1,9,0,-1,-1,-1,-1,-1,-1,8,-1,-1,-1,0,-1,1,-1,6,3,-1,-1,-1,-1,-1,-1,-1,-1,0,-1
2024430190821,2024,430190821,2,9,0,18,19,3,7,0,0,1,0,0,0,0,1,1,6,6,1,-1,-1,-1,-1,-1,-1,-1,-1,0,-1
202417S309724,2024,17S309724,1,1,0,-1,19,7,3,-1,0,0,0,0,0,0,2,1,-1,9,1,12,3,-1,-1,-1,-1,3,E01012287,0,1
2024411490934,2024,411490934,1,99,0,-1,19,5,1,-1,0,1,0,0,0,0,4,9,-1,6,3,-1,-1,-1,-1,-1,-1,-1,-1,0,-1
2024061493650,2024,061493650,2,1,0,-1,19,5,1,-1,0,8,0,0,0,0,4,1,-1,6,2,7,2,-1,-1,-1,-1,1,E01005265,0,1
2024522500438,2024,522500438,2,9,0,18,19,5,1,2,2,2,0,0,0,0,1,1,6,6,3,-1,-1,-1,-1,-1,-1,-1,-1,0,-1
2024451464458,2024,451464458,1,1,0,-1,19,5,1,-1,0,0,0,0,0,0,2,1,-1,6,1,17,4,-1,-1,-1,-1,4,E01030609,0,1
2024041503482,2024,041503482,1,9,0,-1,19,5,1,-1,9,0,0,0,0,0,-1,9,-1,6,3,-1,-1,-1,-1,-1,-1,-1,-1,0,-1
2024161469128,2024,161469128,1,9,0,-1,19,7,3,-1,0,0,0,0,0,0,-1,9,-1,6,2,-1,-1,-1,-1,-1,-1,-1,-1,0,-1
2024061403601,2024,061403601,1,9,0,-1,19,1,5,-1,0,0,0,0,0,0,1,1,-1,9,1,42,7,-1,-1,-1,-1,1,E01004869,0,1
2024421525062,2024,421525062,3,9,0,-1,3,6,2,-1,0,0,0,0,0,0,3,1,-1,9,1,61,9,-1,-1,-1,-1,10,E01021896,0,3
2024161521257,2024,161521257,1,17,0,-1,19,1,5,-1,0,1,1,0,0,0,1,1,-1,1,1,51,8,-1,-1,-1,-1,2,E01021975,0,5
2024041529741,2024,041529741,2,9,0,-1,19,1,5,-1,0,6,0,0,0,0,0,1,-1,2,2,44,7,-1,-1,-1,-1,7,E01025159,0,1
2024010490623,2024,010490623,1,9,0,9,9,7,5,0,0,6,0,0,0,0,3,1,6,6,1,64,9,-1,-1,-1,-1,3,E01001715,0,1
2024131455380,2024,131455380,2,1,0,-1,19,8,4,-1,0,8,0,0,0,0,1,1,-1,9,1,40,7,-1,-1,-1,-1,5,E01005520,0,1
2024991406617,2024,991406617,1,1,0,-1,19,1,5,-1,0,2,0,0,0,0,1,1,-1,6,1,22,5,-1,-1,-1,-1,1,-1,0,1
2024622400704,2024,622400704,1,1,0,18,19,2,6,0,0,8,0,0,0,0,1,1,6,6,1,28,6,-1,-1,-1,-1,5,W01001724,0,1
2024361490495,2024,361490495,1,9,0,-1,19,3,7,-1,0,0,0,0,7,0,1,1,-1,1,1,26,6,-1,-1,-1,-1,1,E01015573,0,5
2024421515096,2024,421515096,1,9,0,-1,19,4,8,-1,0,2,0,0,0,0,0,9,-1,6,3,-1,-1,-1,-1,-1,-1,-1,-1,0,-1
2024010530124,2024,010530124,1,9,0,18,19,2,6,0,0,1,0,0,0,0,1,1,6,6,3,-1,-1,-1,-1,-1,-1,-1,-1,0,-1
2024052402816,2024,052402816,2,1,0,18,19,7,3,0,0,0,0,0,0,0,2,1,6,6,1,16,4,-1,-1,-1,-1,3,E01006619,0,1
2024010516731,2024,010516731,1,9,0,7,7,7,1,0,0,3,0,0,0,0,4,1,1,1,1,46,8,-1,-1,-1,-1,9,E01001379,0,1
2024010506410,2024,010506410,1,97,0,99,99,9,9,99,99,0,9,99,9,99,9,1,6,6,3,-1,-1,-1,-1,-1,-1,-1,-1,0,-1
2024411415311,2024,411415311,1,9,-1,-1,14,1,5,-1,0,1,0,0,0,0,0,1,-1,6,3,-1,-1,-1,-1,-1,-1,-1,-1,0,-1
2024351495176,2024,351495176,2,1,0,-1,19,1,1,-1,0,0,0,0,0,0,1,1,-1,9,1,23,5,-1,-1,-1,-1,5,E01033121,0,1
2024161447130,2024,161447130,2,9,0,-1,7,6,2,-1,0,1,0,0,0,0,1,9,-1,6,2,-1,-1,-1,-1,-1,-1,-1,-1,0,-1
2024501451032,2024,501451032,2,1,0,-1,19,8,4,-1,0,1,0,0,1,0,1,1,-1,9,1,68,10,-1,-1,-1,-1,2,E01018857,0,1
2024622400545,2024,622400545,2,9,0,17,19,3,7,0,0,0,0,0,0,0,1,1,6,6,1,57,9,-1,-1,-1,-1,9,W01001423,0,2
2024111406793,2024,111406793,2,9,0,-1,19,2,6,-1,0,0,0,0,0,0,1,1,-1,6,1,28,6,-1,-1,-1,-1,7,E01020637,0,1
2024451427941,2024,451427941,2,9,0,-1,19,3,7,-1,0,0,0,0,0,0,1,1,-1,9,1,50,8,-1,-1,-1,-1,6,E01030721,0,1
2024320358393,2024,320358393,2,90,0,-1,-1,6,2,0,0,8,0,0,0,0,3,1,6,6,2,15,3,-1,-1,-1,-1,-1,-1,0,-1
2024010539994,2024,010539994,1,1,9,99,99,9,9,99,99,5,9,99,9,99,2,1,2,2,1,30,6,-1,-1,-1,-1,3,E01004290,0,1
2024461528712,2024,461528712,1,9,0,-1,5,1,3,-1,0,0,1,0,0,0,3,9,-1,9,1,32,6,-1,-1,-1,-1,7,E01024569,0,3
2024401486731,2024,401486731,2,1,0,-1,19,1,3,-1,0,0,0,0,0,0,1,1,-1,1,2,42,7,-1,-1,-1,-1,4,E01017476,0,1
2024311440445,2024,311440445,2,1,0,-1,19,5,1,-1,0,8,0,0,0,0,4,1,-1,2,1,50,8,-1,-1,-1,-1,9,E01028009,0,1
2024430003670,2024,430003670,1,9,0,18,19,4,8,0,0,8,0,0,0,0,1,1,6,6,1,30,6,-1,-1,-1,-1,6,E01016704,0,2
2024421421966,2024,421421966,1,99,0,-1,5,-1,-1,-1,0,3,0,0,0,0,1,9,-1,6,3,-1,-1,-1,-1,-1,-1,-1,-1,0,-1
2024991439256,2024,991439256,2,9,0,-1,9,1,6,-1,0,2,0,0,0,0,3,1,-1,9,1,19,4,-1,-1,-1,-1,8,-1,0,3
2024332400705,2024,332400705,1,9,0,-1,19,1,5,-1,0,0,0,0,0,0,1,1,-1,9,1,52,8,-1,-1,-1,-1,8,E01025728,0,1
2024351435264,2024,351435264,2,98,-1,-1,12,5,1,-1,0,1,0,0,0,0,-1,1,-1,6,3,-1,-1,-1,-1,-1,-1,-1,-1,0,-1
2024430140934,2024,430140934,2,11,0,18,19,5,1,0,0,8,0,0,0,0,1,1,1,1,1,-1,-1,-1,-1,-1,-1,-1,-1,0,-1
2024010543294,2024,010543294,2,1,0,-1,-1,1,5,0,0,8,0,0,0,0,1,1,6,6,2,28,6,-1,-1,-1,-1,3,E01034038,0,1
2024531423655,2024,531423655,2,9,0,-1,19,7,3,-1,0,8,0,0,0,0,1,1,-1,9,1,71,10,-1,-1,-1,-1,9,E01029509,0,4
2024520002861,2024,520002861,1,1,0,18,19,9,9,0,0,8,0,0,0,0,0,1,6,6,2,50,8,-1,-1,-1,-1,7,E01032667,0,4
2024070732219,2024,070732219,1,1,0,-1,19,8,4,-1,9,3,0,0,1,0,1,1,-1,9,1,15,3,-1,-1,-1,-1,9,E01018527,0,1
2024302400226,2024,302400226,1,9,0,13,13,2,6,0,0,0,0,0,0,0,1,1,1,1,1,42,7,-1,-1,-1,-1,7,E01029582,0,4
2024052402716,2024,052402716,1,9,0,18,19,4,8,0,0,0,0,0,0,0,1,1,6,6,1,-1,-1,-1,-1,-1,-1,-1,-1,0,-1
2024010491163,2024,010491163,2,1,9,99,99,9,9,99,99,9,9,99,9,99,2,1,1,1,1,42,7,-1,-1,-1,-1,2,E01003553,0,2
2024211491593,2024,211491593,3,1,0,-1,3,8,3,-1,0,1,0,0,0,0,4,1,-1,9,1,53,8,-1,-1,-1,-1,-1,-1,0,-1
2024010546521,2024,010546521,2,1,0,18,19,1,5,0,0,2,2,0,0,0,1,1,6,6,1,35,6,-1,-1,-1,-1,6,E01035703,0,2
2024010489038,2024,010489038,1,4,0,13,13,3,7,0,0,1,0,7,0,0,4,1,6,6,1,28,6,-1,-1,-1,-1,5,E01002651,0,1
2024522500062,2024,522500062,2,1,0,18,19,3,7,0,0,1,0,0,0,0,1,1,6,6,1,65,9,-1,-1,-1,-1,10,E01014901,0,1
2024221458653,2024,221458653,2,1,0,-1,19,4,1,-1,9,8,0,0,0,0,1,1,-1,6,2,27,6,-1,-1,-1,-1,8,E01032190,0,1
2024320363666,2024,320363666,3,9,0,7,7,6,8,0,0,5,0,0,0,0,0,1,6,6,1,50,8,-1,-1,-1,-1,-1,-1,0,-1
2024461502791,2024,461502791,2,9,0,-1,19,7,3,-1,0,0,0,0,0,0,2,1,-1,9,1,-1,-1,-1,-1,-1,-1,4,E01000788,0,3
2024010546753,2024,010546753,1,1,0,18,19,1,5,0,0,1,0,0,0,0,0,1,6,6,2,43,7,-1,-1,-1,-1,2,E01004241,0,1
2024351428196,2024,351428196,2,8,0,-1,2,0,0,-1,0,2,0,0,0,0,-1,1,-1,1,3,-1,-1,-1,-1,-1,-1,-1,-1,0,-1
2024010539439,2024,010539439,1,9,0,7,7,1,4,0,0,6,0,0,1,0,1,1,3,7,2,47,8,-1,-1,-1,-1,4,E01002048,0,1
2024010492545,2024,010492545,1,1,0,-1,-1,1,5,0,0,1,9,0,0,0,3,1,2,2,1,32,6,-1,-1,-1,-1,3,E01003976,0,1
2024302401032,2024,302401032,2,3,0,18,19,4,8,0,0,8,0,0,0,0,1,1,6,6,1,22,5,-1,-1,-1,-1,3,E01019530,0,1
2024010526920,2024,010526920,2,9,9,18,19,1,5,99,99,9,9,99,0,0,4,9,6,6,1,21,5,-1,-1,-1,-1,3,E01002702,0,1
2024211461827,2024,211461827,2,1,0,-1,19,2,6,-1,0,1,0,0,0,0,1,1,-1,9,1,46,8,-1,-1,-1,-1,8,E01029788,0,1
2024010539903,2024,010539903,2,19,9,99,99,9,9,99,99,9,9,99,9,99,9,9,6,6,3,-1,-1,-1,-1,-1,-1,-1,-1,0,-1
2024010494467,2024,010494467,1,9,0,18,19,3,7,0,0,6,0,0,0,0,2,1,6,6,1,63,9,-1,-1,-1,-1,-1,-1,0,-1
2024302400087,2024,302400087,1,9,0,18,19,2,6,0,0,1,0,0,0,0,1,1,6,6,1,22,5,-1,-1,-1,-1,6,E01013541,0,2
2024010507721,2024,010507721,2,9,9,99,99,9,9,99,99,9,9,99,9,99,1,9,6,6,3,-1,-1,-1,-1,-1,-1,-1,-1,0,-1
2024991538019,2024,991538019,2,1,0,-1,19,5,1,-1,0,1,0,0,0,0,1,1,-1,6,1,61,9,-1,-1,-1,-1,3,-1,0,1
2024351537544,2024,351537544,1,9,-1,-1,15,5,1,-1,0,8,0,0,0,0,-1,9,-1,6,3,-1,-1,-1,-1,-1,-1,-1,-1,0,-1
2024421417716,2024,421417716,1,9,0,-1,19,3,7,-1,0,0,0,0,1,2,4,1,-1,9,1,61,9,-1,-1,-1,-1,7,E01015974,0,1
2024010495924,2024,010495924,1,9,0,1,1,7,3,0,0,5,0,0,0,0,4,1,6,6,2,38,7,-1,-1,-1,-1,7,E01002197,0,1
2024101456092,2024,101456092,1,22,0,-1,5,8,4,-1,0,8,5,0,0,0,1,1,-1,6,1,73,10,-1,-1,-1,-1,-1,-1,0,-1
2024211458152,2024,211458152,1,9,0,-1,5,1,5,-1,0,0,0,0,0,0,1,1,-1,6,2,33,6,-1,-1,-1,-1,2,E01014359,0,1
2024010529483,2024,010529483,1,1,0,10,10,4,2,0,0,1,0,0,0,0,2,1,2,2,2,29,6,-1,-1,-1,-1,5,E01004065,0,1
2024201430831,2024,201430831,2,9,0,-1,19,1,5,-1,0,8,0,0,0,0,2,9,-1,6,2,62,9,-1,-1,-1,-1,10,E01009784,0,1
2024131502245,2024,131502245,3,9,0,-1,4,1,1,-1,0,0,0,0,0,0,2,1,-1,2,2,62,9,-1,-1,-1,-1,9,E01010687,0,1
2024440311744,2024,440311744,1,9,0,9,9,7,5,0,0,1,0,0,0,0,4,1,1,1,1,20,4,-1,-1,-1,-1,6,E01031520,0,1
2024131499635,2024,131499635,2,9,0,-1,5,6,8,-1,0,8,0,0,0,0,3,1,-1,9,2,55,8,-1,-1,-1,-1,9,E01011935,0,3
2024052402402,2024,052402402,1,1,0,18,19,7,3,0,0,8,0,0,0,0,3,1,6,6,1,19,4,-1,-1,-1,-1,1,E01007055,0,1
2024010539451,2024,010539451,1,1,9,99,99,9,9,99,99,9,9,99,9,99,1,1,2,2,2,18,4,-1,-1,-1,-1,9,E01003909,0,1