collision_index,collision_year,collision_ref_no,vehicle_reference,vehicle_type,towing_and_articulation,vehicle_manoeuvre_historic,vehicle_manoeuvre,vehicle_direction_from,vehicle_direction_to,vehicle_location_restricted_lane_historic,vehicle_location_restricted_lane,junction_location,skidding_and_overturning,hit_object_in_carriageway,vehicle_leaving_carriageway,hit_object_off_carriageway,first_point_of_impact,vehicle_left_hand_drive,journey_purpose_of_driver_historic,journey_purpose_of_driver,sex_of_driver,age_of_driver,age_band_of_driver,engine_capacity_cc,propulsion_code,age_of_vehicle,generic_make_model,driver_imd_decile,lsoa_of_driver,escooter_flag,driver_distance_banding
2024010542799,2024,010542799,1,1,0,18,19,1,5,4,4,0,0,0,0,0,1,1,6,6,1,49,8,-1,-1,-1,-1,8,E01000118,0,1
202417S211724,2024,17S211724,2,1,0,-1,10,3,5,-1,0,1,0,0,0,0,3,1,-1,6,1,39,7,-1,-1,-1,-1,2,E01012193,0,1
2024440490011,2024,440490011,2,1,0,18,19,4,8,0,0,0,0,0,0,0,1,1,6,6,1,19,4,-1,-1,-1,-1,5,E01017024,0,1
2024101460285,2024,101460285,2,9,0,-1,9,7,3,-1,0,8,0,0,0,0,3,1,-1,9,2,41,7,-1,-1,-1,-1,2,E01008263,0,2
2024302401112,2024,302401112,3,9,0,9,9,2,8,0,0,8,0,0,0,0,0,1,6,6,3,-1,-1,-1,-1,-1,-1,5,E01019456,0,4
2024141429975,2024,141429975,2,9,0,-1,19,6,4,-1,0,0,0,0,0,0,1,1,-1,1,1,53,8,-1,-1,-1,-1,3,E01007632,0,1
2024010491140,2024,010491140,1,1,9,99,99,9,9,99,99,9,9,99,9,99,9,1,2,2,1,40,7,-1,-1,-1,-1,5,E01000973,0,1
2024061529458,2024,061529458,1,1,0,-1,19,-1,-1,-1,0,8,5,0,0,0,4,1,-1,6,1,19,4,-1,-1,-1,-1,4,E01034115,0,1
2024320559529,2024,320559529,2,17,0,-1,-1,2,6,0,0,1,0,0,0,0,0,1,1,1,3,-1,-1,-1,-1,-1,-1,-1,-1,0,-1
2024430477096,2024,430477096,1,1,0,18,19,8,4,0,0,0,0,0,0,0,2,1,2,2,1,44,7,-1,-1,-1,-1,9,E01028531,0,3
2024540718724,2024,540718724,1,9,0,13,13,6,2,0,0,1,0,7,1,0,3,1,2,2,1,19,4,-1,-1,-1,-1,10,E01032032,0,2
2024430286228,2024,430286228,1,9,0,18,19,5,1,0,0,1,0,0,0,0,3,1,6,6,1,-1,-1,-1,-1,-1,-1,-1,-1,0,-1
2024522402660,2024,522402660,3,9,0,3,3,2,6,0,0,2,0,0,0,0,2,1,6,6,3,-1,-1,-1,-1,-1,-1,-1,-1,0,-1
2024010507468,2024,010507468,2,1,0,18,19,7,3,0,0,2,0,0,0,0,1,1,6,6,1,30,6,-1,-1,-1,-1,3,E01003768,0,3
2024131484751,2024,131484751,2,16,0,-1,15,6,2,-1,0,8,0,0,0,0,3,1,-1,6,2,32,6,-1,-1,-1,-1,9,E01011177,0,3
2024061513990,2024,061513990,1,1,0,-1,19,-1,-1,-1,0,1,0,1,0,0,1,1,-1,2,1,35,6,-1,-1,-1,-1,4,E01006186,0,1
2024461433876,2024,461433876,2,1,0,-1,19,3,7,-1,0,2,0,0,0,0,1,1,-1,9,1,52,8,-1,-1,-1,-1,9,E01024797,0,3
2024471454267,2024,471454267,2,90,0,-1,10,-1,-1,-1,99,0,0,0,0,0,1,9,-1,6,3,-1,-1,-1,-1,-1,-1,-1,-1,0,-1
2024461420836,2024,461420836,4,98,0,-1,4,5,5,-1,0,0,1,0,0,0,1,1,-1,1,1,47,8,-1,-1,-1,-1,4,E01008646,0,5
2024010495854,2024,010495854,1,11,0,3,3,4,8,2,2,0,0,0,0,0,0,1,1,1,1,32,6,-1,-1,-1,-1,3,E01002774,0,1
2024010494058,2024,010494058,1,9,0,18,19,7,3,0,0,1,5,0,0,0,1,1,1,1,1,25,5,-1,-1,-1,-1,3,E01002697,0,2
2024010493699,2024,010493699,1,3,0,99,99,9,9,99,99,0,9,99,9,99,9,1,1,1,3,23,5,-1,-1,-1,-1,6,E01003149,0,1
2024302400189,2024,302400189,3,19,0,2,2,0,0,0,0,0,0,0,0,0,0,1,6,6,3,-1,-1,-1,-1,-1,-1,-1,-1,0,-1
2024070463333,2024,070463333,2,1,0,18,19,3,7,0,0,0,0,0,0,0,4,1,6,6,1,62,9,-1,-1,-1,-1,9,E01012562,0,1
2024421429861,2024,421429861,2,1,0,-1,19,6,2,-1,0,2,5,0,0,0,1,1,-1,6,1,52,8,-1,-1,-1,-1,9,E01021748,0,2
2024010506433,2024,010506433,1,9,0,9,9,1,7,0,0,5,0,0,0,0,1,1,6,6,3,-1,-1,-1,-1,-1,-1,-1,-1,0,-1
2024010526720,2024,010526720,2,1,0,18,19,7,3,0,0,6,0,0,1,0,1,1,6,6,2,24,5,-1,-1,-1,-1,3,E01003520,0,1
2024401517839,2024,401517839,1,8,0,-1,-1,-1,-1,-1,-1,-1,-1,-1,-1,0,-1,9,-1,6,3,-1,-1,-1,-1,-1,-1,-1,-1,0,-1
2024622400567,2024,622400567,2,1,0,18,19,6,2,0,0,1,0,0,0,0,1,1,6,6,2,47,8,-1,-1,-1,-1,9,W01002025,0,1
2024052401543,2024,052401543,1,9,0,18,19,5,1,0,0,2,0,0,0,0,1,1,6,6,3,-1,-1,-1,-1,-1,-1,-1,-1,0,-1
2024010490920,2024,010490920,1,9,0,5,5,0,7,9,9,2,0,0,0,0,3,1,6,6,1,34,6,-1,-1,-1,-1,-1,-1,0,-1
2024010540732,2024,010540732,2,9,0,99,99,9,9,99,99,9,9,99,9,99,1,9,6,6,3,-1,-1,-1,-1,-1,-1,5,E01003700,0,3
2024101508363,2024,101508363,2,9,-1,-1,3,3,7,-1,0,0,0,0,0,0,2,9,-1,6,2,23,5,-1,-1,-1,-1,1,E01027427,0,1
2024141463206,2024,141463206,2,1,0,-1,19,2,6,-1,0,6,0,0,0,0,1,1,-1,6,1,9,2,-1,-1,-1,-1,2,E01007895,0,1
2024520403127,2024,520403127,2,9,0,4,4,5,1,0,0,0,0,0,0,0,1,1,6,6,2,59,9,-1,-1,-1,-1,5,E01029222,0,3
2024131461364,2024,131461364,2,1,0,-1,9,6,3,-1,0,8,0,0,0,0,4,1,-1,9,1,22,5,-1,-1,-1,-1,5,E01033010,0,1
2024010531599,2024,010531599,2,9,0,99,99,9,9,99,99,9,9,99,9,99,1,9,6,6,3,-1,-1,-1,-1,-1,-1,-1,-1,0,-1
2024010547195,2024,010547195,1,1,9,99,99,9,9,99,99,9,9,99,9,99,1,1,2,2,1,49,8,-1,-1,-1,-1,10,E01003884,0,1
2024010522314,2024,010522314,1,1,0,5,5,0,3,0,0,2,0,0,0,0,1,1,6,6,1,23,5,-1,-1,-1,-1,-1,-1,0,-1
2024041521793,2024,041521793,2,9,0,-1,9,5,1,-1,0,1,0,0,0,0,2,1,-1,9,2,45,7,-1,-1,-1,-1,3,E01012699,0,1
2024501508906,2024,501508906,2,1,0,-1,19,4,8,-1,0,6,5,0,0,0,4,1,-1,6,2,13,3,-1,-1,-1,-1,6,E01034635,0,1
2024010544452,2024,010544452,1,1,9,99,99,9,9,99,99,9,9,99,9,99,9,1,6,6,3,42,7,-1,-1,-1,-1,5,E01002083,0,1
2024471493045,2024,471493045,1,9,0,-1,5,5,7,-1,0,4,0,0,0,0,3,1,-1,6,2,69,10,-1,-1,-1,-1,3,E01031409,0,1
2024552400978,2024,552400978,1,9,0,11,11,1,5,0,0,0,0,0,0,0,0,1,6,6,3,-1,-1,-1,-1,-1,-1,-1,-1,0,-1
2024440368549,2024,440368549,2,9,0,18,19,7,3,0,0,0,0,0,0,0,1,1,6,6,2,-1,-1,-1,-1,-1,-1,6,E01017041,0,4
2024610020424,2024,610020424,2,9,0,13,13,5,1,0,0,3,0,0,0,0,4,1,6,6,3,-1,-1,-1,-1,-1,-1,-1,-1,0,-1
2024131532286,2024,131532286,2,1,0,-1,19,1,5,-1,0,1,0,0,0,0,2,1,-1,6,1,33,6,-1,-1,-1,-1,4,E01011463,0,2
2024010488438,2024,010488438,2,1,0,18,19,5,1,4,4,1,0,0,0,0,0,1,6,6,2,35,6,-1,-1,-1,-1,6,E01002984,0,2
2024540577124,2024,540577124,2,1,0,18,19,8,3,0,0,4,0,0,0,0,4,1,6,6,1,60,9,-1,-1,-1,-1,7,E01015582,0,1
2024430415951,2024,430415951,2,1,0,18,19,1,5,4,4,8,0,0,0,0,3,1,2,2,1,27,6,-1,-1,-1,-1,6,E01028657,0,1
2024610029224,2024,610029224,2,1,0,18,19,2,6,0,0,1,0,0,0,0,1,1,6,6,2,10,2,-1,-1,-1,-1,2,W01001660,0,1
202417M102224,2024,17M102224,1,9,0,18,19,6,2,0,0,4,0,0,0,0,1,1,6,6,2,-1,-1,-1,-1,-1,-1,-1,-1,0,-1
2024430602796,2024,430602796,1,21,0,12,12,2,6,0,0,0,0,0,0,0,1,1,1,1,1,24,5,-1,-1,-1,-1,-1,-1,0,-1
2024041459308,2024,041459308,1,17,0,-1,19,-1,-1,-1,0,0,0,0,0,0,3,9,-1,6,3,-1,-1,-1,-1,-1,-1,-1,-1,0,-1
2024302401538,2024,302401538,1,9,0,1,1,4,6,9,9,0,0,0,0,0,2,1,6,6,3,-1,-1,-1,-1,-1,-1,5,E01019456,0,3
2024052402609,2024,052402609,2,1,0,18,19,5,1,0,0,0,0,0,0,0,3,1,4,7,1,12,3,-1,-1,-1,-1,1,E01007155,0,1
2024010504655,2024,010504655,2,-1,0,18,19,8,4,0,0,1,0,0,0,0,1,1,6,6,1,36,7,-1,-1,-1,-1,5,E01000975,1,1
2024131427611,2024,131427611,1,9,0,-1,-1,-1,-1,-1,-1,-1,-1,-1,-1,-1,-1,1,-1,6,3,-1,-1,-1,-1,-1,-1,-1,-1,0,-1
2024010490026,2024,010490026,2,9,0,99,99,9,9,99,99,6,9,99,9,99,9,9,6,6,3,-1,-1,-1,-1,-1,-1,-1,-1,0,-1
2024010509268,2024,010509268,2,-1,0,18,19,3,7,9,9,1,0,0,0,0,1,1,4,7,1,12,3,-1,-1,-1,-1,7,E01003370,1,1
2024361490358,2024,361490358,2,9,0,-1,9,1,5,-1,0,2,0,0,0,0,1,1,-1,6,2,34,6,-1,-1,-1,-1,3,E01026696,0,3
2024041487773,2024,041487773,2,1,0,-1,19,8,4,-1,0,2,0,0,0,0,3,1,-1,2,1,35,6,-1,-1,-1,-1,3,E01012715,0,1
2024201410745,2024,201410745,2,1,0,-1,15,8,4,-1,0,0,0,10,1,0,1,1,-1,6,1,50,8,-1,-1,-1,-1,1,E01010125,0,1
2024010497243,2024,010497243,1,1,9,99,99,9,9,99,99,9,9,99,9,99,2,1,6,6,1,20,4,-1,-1,-1,-1,4,E01035652,0,1
2024041419897,2024,041419897,1,9,0,-1,19,3,7,-1,0,0,0,0,0,0,1,1,-1,9,1,33,6,-1,-1,-1,-1,2,E01025124,0,1
2024131461671,2024,131461671,1,9,0,-1,19,6,2,-1,0,8,0,0,0,0,-1,1,-1,6,3,-1,-1,-1,-1,-1,-1,-1,-1,0,-1
202460Q185050,2024,60Q185050,1,9,0,18,19,7,3,0,0,7,0,0,0,0,1,1,2,2,1,37,7,-1,-1,-1,-1,-1,-1,0,-1
2024552400647,2024,552400647,1,9,0,4,4,1,5,0,0,8,0,0,0,0,2,1,6,6,3,-1,-1,-1,-1,-1,-1,-1,-1,0,-1
2024010488258,2024,010488258,2,1,0,15,15,7,3,0,0,8,0,0,0,0,3,1,6,6,1,11,3,-1,-1,-1,-1,4,E01003730,0,1
2024231416432,2024,231416432,2,1,0,-1,19,5,1,-1,9,8,0,0,0,0,1,1,-1,1,1,56,9,-1,-1,-1,-1,4,E01031087,0,1
2024070844772,2024,070844772,2,1,0,-1,19,5,7,-1,0,5,0,0,0,0,3,1,-1,6,1,32,6,-1,-1,-1,-1,5,E01034660,0,1
2024991418351,2024,991418351,5,9,0,-1,19,8,4,-1,0,0,0,0,0,0,4,1,-1,2,1,22,5,-1,-1,-1,-1,5,-1,0,1
2024501400084,2024,501400084,2,1,0,-1,19,2,6,-1,0,0,0,0,0,0,2,1,-1,6,2,66,10,-1,-1,-1,-1,7,E01020063,0,1
2024010496386,2024,010496386,2,9,0,99,99,9,9,99,99,9,9,99,9,99,9,9,6,6,3,-1,-1,-1,-1,-1,-1,-1,-1,0,-1
202417M110324,2024,17M110324,1,9,0,-1,7,2,4,-1,0,2,0,0,0,0,1,1,-1,6,1,-1,-1,-1,-1,-1,-1,-1,-1,0,-1
2024221513366,2024,221513366,2,9,0,-1,3,4,8,-1,0,1,0,0,0,0,2,1,-1,1,1,19,4,-1,-1,-1,-1,-1,-1,0,-1
2024610012524,2024,610012524,1,9,0,18,19,7,3,0,0,0,0,0,0,0,1,1,6,6,1,76,11,-1,-1,-1,-1,9,W01001641,0,1
2024010539709,2024,010539709,1,1,9,99,99,9,9,99,99,9,9,99,9,99,1,1,6,6,1,-1,-1,-1,-1,-1,-1,-1,-1,0,-1
2024991517000,2024,991517000,3,9,0,-1,19,8,4,-1,0,0,0,0,0,0,1,1,-1,9,2,34,6,-1,-1,-1,-1,2,-1,0,5
2024361452390,2024,361452390,1,9,0,-1,19,7,3,-1,0,1,0,0,1,0,3,1,-1,9,1,18,4,-1,-1,-1,-1,5,E01026790,0,2
2024520500217,2024,520500217,1,1,0,18,19,2,6,0,0,1,0,0,0,0,1,1,6,6,1,13,3,-1,-1,-1,-1,1,E01029100,0,1
2024430438446,2024,430438446,1,19,0,7,7,8,4,0,0,1,0,0,0,0,4,1,1,1,1,46,8,-1,-1,-1,-1,9,E01028469,0,1
2024471462433,2024,471462433,1,1,0,-1,19,2,7,-1,0,0,0,0,0,0,1,1,-1,9,2,11,3,-1,-1,-1,-1,8,E01032835,0,2
2024340WN3632,2024,340WN3632,2,90,0,-1,2,0,0,-1,0,0,0,0,0,0,2,1,-1,1,3,-1,-1,-1,-1,-1,-1,-1,-1,0,-1
2024010547225,2024,010547225,2,9,9,99,99,9,9,99,99,9,9,99,9,99,9,9,6,6,1,-1,-1,-1,-1,-1,-1,-1,-1,0,-1
2024461401463,2024,461401463,1,9,0,-1,7,7,1,-1,0,2,0,0,0,0,1,9,-1,6,3,-1,-1,-1,-1,-1,-1,-1,-1,0,-1
2024440515507,2024,440515507,1,1,0,18,19,1,5,0,0,8,0,0,0,0,1,1,6,6,1,27,6,-1,-1,-1,-1,7,E01035448,0,1
2024401502465,2024,401502465,1,9,-1,-1,-1,-1,-1,-1,-1,0,-1,-1,-1,0,1,9,-1,6,3,-1,-1,-1,-1,-1,-1,-1,-1,0,-1
2024631523302,2024,631523302,1,9,0,-1,19,6,2,-1,0,0,0,0,0,0,3,1,-1,1,1,37,7,-1,-1,-1,-1,6,W01000475,0,3
2024010527860,2024,010527860,1,1,9,99,99,9,9,99,99,9,9,99,9,99,1,1,2,2,1,30,6,-1,-1,-1,-1,5,E01000036,0,1
2024320544053,2024,320544053,2,9,0,-1,-1,8,4,0,0,0,0,0,0,0,1,1,6,6,1,44,7,-1,-1,-1,-1,1,E01026149,0,2
202454B919024,2024,54B919024,1,22,0,18,19,3,7,0,0,1,0,0,0,0,1,1,6,6,2,57,9,-1,-1,-1,-1,3,E01015569,0,1
2024520402460,2024,520402460,1,4,0,18,19,3,7,0,0,8,0,0,0,0,4,1,6,6,1,46,8,-1,-1,-1,-1,3,E01019985,0,4
2024201527580,2024,201527580,1,9,0,-1,19,8,4,-1,0,2,0,0,0,0,1,1,-1,6,2,21,5,-1,-1,-1,-1,3,E01010099,0,1
2024010489213,2024,010489213,1,1,9,99,99,9,9,99,99,9,9,99,9,99,9,1,6,6,1,28,6,-1,-1,-1,-1,8,E01002157,0,3
2024201481814,2024,201481814,2,9,0,-1,19,5,1,-1,0,8,0,0,0,0,1,9,-1,6,3,30,6,-1,-1,-1,-1,-1,-1,0,-1
2024201467225,2024,201467225,1,9,0,-1,3,4,8,-1,0,1,0,0,0,0,1,1,-1,6,3,-1,-1,-1,-1,-1,-1,-1,-1,0,-1
2024101470766,2024,101470766,2,4,0,-1,19,5,1,-1,0,1,0,0,0,0,1,1,-1,6,1,31,6,-1,-1,-1,-1,-1,-1,0,-1
2024221484203,2024,221484203,1,9,0,-1,19,3,7,-1,0,0,0,0,0,0,1,1,-1,9,1,61,9,-1,-1,-1,-1,10,E01014181,0,3
2024131449585,2024,131449585,2,2,0,-1,-1,-1,-1,-1,-1,8,-1,-1,-1,0,-1,1,-1,9,2,18,4,-1,-1,-1,-1,3,E01011776,0,1
2024610001624,2024,610001624,2,9,0,7,7,4,6,0,0,8,0,0,0,0,3,1,6,6,1,-1,-1,-1,-1,-1,-1,-1,-1,0,-1
2024070221826,2024,070221826,1,9,0,16,19,8,4,0,0,1,1,0,7,11,1,1,6,6,1,23,5,-1,-1,-1,-1,6,E01018651,0,3
2024421479336,2024,421479336,1,9,0,-1,19,4,8,-1,0,0,0,0,1,0,1,1,-1,1,1,18,4,-1,-1,-1,-1,6,E01029473,0,5
2024320593066,2024,320593066,1,9,0,4,4,5,1,0,0,0,0,0,1,0,2,1,6,6,1,36,7,-1,-1,-1,-1,7,E01034248,0,4
2024111495217,2024,111495217,1,9,0,-1,5,1,5,-1,0,8,0,0,0,0,1,9,-1,6,3,30,6,-1,-1,-1,-1,-1,-1,0,-1
2024010515897,2024,010515897,1,97,0,15,15,6,2,0,0,2,5,0,0,0,1,1,6,6,3,-1,-1,-1,-1,-1,-1,-1,-1,0,-1
2024411526986,2024,411526986,2,1,0,-1,-1,-1,-1,-1,-1,-1,-1,-1,-1,0,-1,1,-1,6,1,58,9,-1,-1,-1,-1,10,E01023313,0,3
2024010488894,2024,010488894,1,3,0,4,4,1,5,0,0,1,0,0,0,0,2,1,6,6,1,28,6,-1,-1,-1,-1,3,E01003585,0,1
2024201493550,2024,201493550,1,19,0,-1,19,5,1,-1,0,1,0,0,0,0,1,9,-1,6,1,30,6,-1,-1,-1,-1,-1,-1,0,-1
2024440198468,2024,440198468,2,1,0,16,19,2,5,0,0,0,0,0,0,0,1,1,6,6,1,42,7,-1,-1,-1,-1,8,E01022685,0,3
2024010499572,2024,010499572,2,9,0,99,99,9,9,99,99,9,9,99,9,99,1,9,6,6,3,-1,-1,-1,-1,-1,-1,2,E01004067,0,1
2024371488025,2024,371488025,2,9,0,-1,7,4,6,-1,0,1,0,0,0,0,1,1,-1,9,1,55,8,-1,-1,-1,-1,-1,-1,0,-1
2024010494074,2024,010494074,1,19,0,99,99,9,9,99,99,9,9,99,9,99,9,9,1,1,1,45,7,-1,-1,-1,-1,9,E01002322,0,1
2024010493378,2024,010493378,1,9,9,99,99,9,9,99,99,9,9,99,9,99,9,9,6,6,3,-1,-1,-1,-1,-1,-1,-1,-1,0,-1
2024302401690,2024,302401690,2,1,0,-1,19,8,4,-1,0,1,0,0,0,0,1,1,-1,6,1,55,8,-1,-1,-1,-1,1,E01013456,0,1
2024010507420,2024,010507420,1,9,0,9,9,3,1,0,0,1,0,0,0,0,1,1,6,6,3,-1,-1,-1,-1,-1,-1,-1,-1,0,-1
2024332400259,2024,332400259,2,9,0,-1,9,4,2,-1,0,6,0,0,0,0,1,1,-1,6,3,-1,-1,-1,-1,-1,-1,-1,-1,0,-1
2024061492643,2024,061492643,2,1,0,-1,19,1,5,-1,0,1,0,0,0,0,3,1,-1,6,1,49,8,-1,-1,-1,-1,1,E01005447,0,1
2024221441803,2024,221441803,2,1,0,-1,19,8,4,-1,0,0,0,0,0,0,3,1,-1,6,1,21,5,-1,-1,-1,-1,8,E01032329,0,1
2024440209026,2024,440209026,2,9,0,18,19,6,2,0,0,1,0,0,0,0,3,1,6,6,1,-1,-1,-1,-1,-1,-1,-1,-1,0,-1
2024332401121,2024,332401121,2,9,0,-1,5,4,8,-1,0,6,0,0,0,0,0,1,-1,6,1,-1,-1,-1,-1,-1,-1,-1,-1,0,-1
2024522401177,2024,522401177,2,-1,0,12,12,3,5,0,0,6,0,0,0,0,3,1,6,6,1,17,4,-1,-1,-1,-1,10,E01015014,1,1
2024340WN5392,2024,340WN5392,1,1,0,-1,15,1,5,-1,0,2,1,0,1,0,0,1,-1,2,2,46,8,-1,-1,-1,-1,8,E01027193,0,1
2024440102846,2024,440102846,1,1,0,14,14,5,1,0,0,0,0,4,0,0,1,1,6,6,1,75,10,-1,-1,-1,-1,7,E01023164,0,2
2024440451409,2024,440451409,3,9,0,18,19,2,6,0,0,0,0,0,1,9,1,1,6,6,2,21,5,-1,-1,-1,-1,9,E01022618,0,1
2024061422693,2024,061422693,1,9,0,-1,9,1,7,-1,0,0,0,0,0,0,4,1,-1,6,2,-1,-1,-1,-1,-1,-1,1,E01005485,0,3
2024041406127,2024,041406127,3,98,0,-1,2,1,5,-1,9,0,0,0,0,0,2,1,-1,6,-1,-1,-1,-1,-1,-1,-1,-1,-1,0,-1
2024052401805,2024,052401805,3,9,0,18,19,1,5,0,0,1,0,0,0,0,4,1,6,6,2,40,7,-1,-1,-1,-1,3,E01006982,0,2
2024430101521,2024,430101521,3,9,0,9,9,2,8,0,0,6,0,0,0,0,0,1,2,2,2,21,5,-1,-1,-1,-1,8,E01017660,0,1
2024010543274,2024,010543274,1,4,9,99,99,9,9,0,0,9,9,99,9,99,4,1,6,6,3,-1,-1,-1,-1,-1,-1,-1,-1,0,-1
2024430148714,2024,430148714,1,9,0,18,19,2,6,0,0,6,0,0,0,0,1,1,6,6,1,43,7,-1,-1,-1,-1,8,E01017931,0,1
2024302400212,2024,302400212,2,1,0,18,19,8,4,0,0,0,0,0,0,0,3,1,6,6,1,65,9,-1,-1,-1,-1,6,E01027962,0,2
2024131474933,2024,131474933,2,9,0,-1,-1,-1,-1,-1,-1,1,-1,-1,-1,0,-1,1,-1,6,3,-1,-1,-1,-1,-1,-1,-1,-1,0,-1
2024010490759,2024,010490759,1,5,0,99,99,9,9,99,99,9,9,99,9,99,1,1,2,2,1,29,6,-1,-1,-1,-1,9,E01002471,0,3
2024010491015,2024,010491015,2,9,0,99,99,9,9,99,99,9,9,99,9,99,1,9,6,6,3,43,7,-1,-1,-1,-1,10,E01003403,0,1
2024052402568,2024,052402568,1,1,0,18,19,5,1,0,0,1,0,0,0,0,3,1,6,6,1,18,4,-1,-1,-1,-1,1,E01007155,0,1
2024010494809,2024,010494809,1,9,0,18,19,5,1,0,0,8,0,0,0,0,1,1,6,6,1,61,9,-1,-1,-1,-1,3,E01002031,0,2
2024141464128,2024,141464128,2,-1,0,-1,19,3,7,-1,0,8,0,0,0,0,3,1,-1,6,1,16,4,-1,-1,-1,-1,6,E01008087,1,1
2024010487042,2024,010487042,2,19,0,99,99,9,9,99,99,9,9,99,9,99,2,9,6,6,3,-1,-1,-1,-1,-1,-1,9,E01030970,0,4
2024010550962,2024,010550962,1,1,0,18,19,5,1,0,0,6,0,0,0,0,1,1,6,6,3,24,5,-1,-1,-1,-1,-1,-1,0,-1
2024052402167,2024,052402167,3,90,0,4,4,2,6,0,0,0,0,0,0,0,1,1,6,6,1,42,7,-1,-1,-1,-1,5,E01006999,0,1
2024010494791,2024,010494791,2,1,0,18,19,3,7,0,0,1,5,0,0,0,4,1,6,6,1,54,8,-1,-1,-1,-1,8,E01000910,0,1
2024010489946,2024,010489946,1,9,0,9,9,1,7,8,6,6,0,0,0,0,3,1,2,2,2,53,8,-1,-1,-1,-1,8,E01002193,0,2
2024552401055,2024,552401055,1,99,0,18,19,2,6,0,0,0,0,0,0,0,1,1,6,6,3,-1,-1,-1,-1,-1,-1,-1,-1,0,-1
2024010542553,2024,010542553,1,1,0,18,19,7,3,0,0,0,5,0,0,0,0,1,6,6,1,13,3,-1,-1,-1,-1,-1,-1,0,-1
2024052401878,2024,052401878,2,1,0,18,19,5,1,0,0,0,0,0,0,0,3,1,6,6,1,11,3,-1,-1,-1,-1,1,E01006979,0,1
2024451403461,2024,451403461,1,1,0,-1,19,7,3,-1,0,1,1,0,0,0,1,1,-1,2,1,33,6,-1,-1,-1,-1,7,E01030361,0,1
2024010535988,2024,010535988,2,9,0,18,19,5,1,0,0,1,0,0,0,0,2,1,6,6,1,33,6,-1,-1,-1,-1,6,E01002674,0,1
2024010512046,2024,010512046,2,1,0,12,12,1,5,0,0,1,0,0,0,0,0,1,1,1,2,29,6,-1,-1,-1,-1,4,E01003328,0,2
2024430108399,2024,430108399,1,1,0,18,19,6,2,0,0,1,0,0,0,0,3,1,4,7,1,15,3,-1,-1,-1,-1,7,E01016401,0,1
2024411473714,2024,411473714,1,97,0,-1,19,2,6,-1,0,0,2,0,0,0,2,1,-1,6,1,27,6,-1,-1,-1,-1,8,E01023680,0,1
2024070849713,2024,070849713,1,98,1,-1,19,3,7,-1,0,8,0,0,0,0,0,1,-1,1,3,31,6,-1,-1,-1,-1,4,E01018535,0,4
2024430297518,2024,430297518,2,1,0,18,19,8,4,0,0,8,0,0,0,0,1,1,6,6,1,-1,-1,-1,-1,-1,-1,4,E01016360,0,1
2024610009824,2024,610009824,1,9,0,9,9,3,1,0,0,6,0,0,0,0,1,1,6,6,1,44,7,-1,-1,-1,-1,2,W01001483,0,1
2024430316062,2024,430316062,1,23,0,13,13,7,3,0,0,1,0,0,0,0,1,1,6,6,1,26,6,-1,-1,-1,-1,-1,-1,0,-1
2024061447595,2024,061447595,2,9,0,-1,-1,-1,-1,-1,-1,0,-1,-1,-1,0,-1,1,-1,6,3,-1,-1,-1,-1,-1,-1,-1,-1,0,-1
2024201477882,2024,201477882,2,1,0,-1,19,1,5,-1,0,6,0,0,0,0,1,1,-1,6,1,9,2,-1,-1,-1,-1,-1,-1,0,-1
2024231414947,2024,231414947,1,19,0,-1,19,6,2,-1,0,0,0,0,0,0,1,2,-1,6,1,29,6,-1,-1,-1,-1,6,E01033296,0,5
2024010545852,2024,010545852,1,10,0,99,99,9,9,99,99,9,9,99,9,99,9,9,6,6,3,-1,-1,-1,-1,-1,-1,-1,-1,0,-1
2024471420901,2024,471420901,2,9,9,-1,9,3,1,-1,0,6,9,99,0,0,3,1,-1,6,3,-1,-1,-1,-1,-1,-1,-1,-1,0,-1
2024010490151,2024,010490151,2,9,0,18,19,5,1,0,0,0,0,0,0,0,3,1,6,6,1,47,8,-1,-1,-1,-1,2,E01001283,0,4
2024311414931,2024,311414931,2,-1,0,-1,5,4,1,-1,0,1,0,0,0,0,1,1,-1,7,2,13,3,-1,-1,-1,-1,1,E01028275,1,1
2024421530937,2024,421530937,1,9,0,-1,9,7,5,-1,0,6,0,0,0,0,3,1,-1,6,3,-1,-1,-1,-1,-1,-1,-1,-1,0,-1
2024440239200,2024,440239200,1,9,0,18,19,5,1,0,0,1,0,0,0,0,1,1,6,6,1,32,6,-1,-1,-1,-1,4,E01017151,0,2
2024411530593,2024,411530593,2,9,0,-1,19,1,5,-1,0,0,0,0,0,0,2,1,-1,9,2,45,7,-1,-1,-1,-1,9,E01023629,0,1
2024061422693,2024,061422693,2,1,0,-1,19,5,1,-1,4,0,0,0,0,0,3,1,-1,7,2,20,4,-1,-1,-1,-1,3,E01005312,0,1
2024010488908,2024,010488908,2,9,0,99,99,9,9,99,99,9,9,99,9,99,1,9,6,6,3,-1,-1,-1,-1,-1,-1,-1,-1,0,-1
2024371517685,2024,371517685,2,1,0,-1,19,3,7,-1,0,1,0,0,0,0,1,1,-1,9,2,68,10,-1,-1,-1,-1,6,E01029879,0,1
2024201502753,2024,201502753,1,9,0,-1,19,6,2,-1,0,0,0,0,0,0,1,1,-1,6,3,-1,-1,-1,-1,-1,-1,-1,-1,0,-1
2024131519187,2024,131519187,1,22,0,-1,19,5,1,-1,9,8,0,0,0,0,1,1,-1,9,1,53,8,-1,-1,-1,-1,-1,-1,0,-1
2024471517146,2024,471517146,2,9,0,-1,19,2,6,-1,0,1,0,0,0,0,3,2,-1,1,1,63,9,-1,-1,-1,-1,6,E01024466,0,4
2024201436917,2024,201436917,1,11,0,-1,19,7,3,-1,0,8,0,0,0,0,0,1,-1,1,1,-1,-1,-1,-1,-1,-1,-1,-1,0,-1
2024461429649,2024,461429649,2,9,0,-1,9,2,3,-1,0,1,0,0,0,0,2,9,-1,9,2,45,7,-1,-1,-1,-1,6,E01024234,0,2
2024010494211,2024,010494211,2,9,0,99,99,9,9,99,99,9,9,99,9,99,9,9,6,6,3,-1,-1,-1,-1,-1,-1,-1,-1,0,-1