collision_index,collision_year,collision_ref_no,vehicle_reference,vehicle_type,towing_and_articulation,vehicle_manoeuvre_historic,vehicle_manoeuvre,vehicle_direction_from,vehicle_direction_to,vehicle_location_restricted_lane_historic,vehicle_location_restricted_lane,junction_location,skidding_and_overturning,hit_object_in_carriageway,vehicle_leaving_carriageway,hit_object_off_carriageway,first_point_of_impact,vehicle_left_hand_drive,journey_purpose_of_driver_historic,journey_purpose_of_driver,sex_of_driver,age_of_driver,age_band_of_driver,engine_capacity_cc,propulsion_code,age_of_vehicle,generic_make_model,driver_imd_decile,lsoa_of_driver,escooter_flag,driver_distance_banding
2024461429022,2024,461429022,1,9,0,-1,7,6,5,-1,0,6,0,0,0,0,3,1,-1,2,1,36,7,-1,-1,-1,-1,5,E01035293,0,1
2024122500040,2024,122500040,2,16,0,18,19,8,4,0,0,0,0,0,0,0,3,1,6,6,2,29,6,-1,-1,-1,-1,5,E01027777,0,1
2024131525720,2024,131525720,1,23,0,-1,19,3,7,-1,0,0,0,0,0,0,1,1,-1,9,1,17,4,-1,-1,-1,-1,1,E01010617,0,1
2024430043583,2024,430043583,1,9,0,16,19,4,8,0,0,0,2,0,7,9,1,1,6,6,1,18,4,-1,-1,-1,-1,8,E01016801,0,2
2024010487453,2024,010487453,1,9,0,5,5,6,2,0,0,8,0,0,0,0,1,1,6,6,3,-1,-1,-1,-1,-1,-1,-1,-1,0,-1
2024461460203,2024,461460203,1,1,0,-1,19,3,7,-1,0,4,0,0,0,0,1,1,-1,9,1,18,4,-1,-1,-1,-1,7,E01016087,0,1
2024010533364,2024,010533364,2,1,0,18,19,3,7,0,0,8,0,0,0,0,1,1,6,6,1,12,3,-1,-1,-1,-1,3,E01003911,0,1
2024320248200,2024,320248200,2,1,0,-1,-1,4,8,0,0,8,0,0,0,0,4,1,-1,-1,1,64,9,-1,-1,-1,-1,8,E01026335,0,1
2024302400015,2024,302400015,1,9,0,17,19,6,3,0,0,0,0,0,0,0,1,1,6,6,3,-1,-1,-1,-1,-1,-1,5,E01019456,0,4
2024010550421,2024,010550421,2,21,1,18,19,5,1,0,0,8,0,0,0,0,3,2,1,1,1,44,7,-1,-1,-1,-1,-1,-1,0,-1
2024430520868,2024,430520868,1,9,0,12,12,4,8,0,0,0,0,0,0,0,3,1,6,6,3,-1,-1,-1,-1,-1,-1,-1,-1,0,-1
2024010497171,2024,010497171,2,1,0,18,19,1,5,0,0,1,0,0,0,0,1,1,6,6,1,18,4,-1,-1,-1,-1,2,E01000121,0,1
2024052401703,2024,052401703,1,9,0,18,19,6,2,0,0,4,0,0,0,0,4,1,6,6,3,-1,-1,-1,-1,-1,-1,-1,-1,0,-1
2024010507453,2024,010507453,1,11,0,99,99,9,9,99,99,9,9,99,9,99,1,1,1,1,1,54,8,-1,-1,-1,-1,2,E01034208,0,3
2024010506542,2024,010506542,2,1,0,5,5,4,8,0,0,8,0,0,0,0,3,1,6,6,2,39,7,-1,-1,-1,-1,7,E01003651,0,1
2024332401037,2024,332401037,2,9,0,-1,2,0,0,-1,0,0,0,0,0,0,1,1,-1,6,3,-1,-1,-1,-1,-1,-1,-1,-1,0,-1
2024141523888,2024,141523888,1,97,0,-1,4,6,1,-1,0,2,0,0,0,0,1,1,-1,6,1,15,3,-1,-1,-1,-1,1,E01007466,0,1
2024010530717,2024,010530717,2,90,0,99,99,9,9,99,99,9,9,99,9,99,9,9,6,6,1,58,9,-1,-1,-1,-1,-1,-1,0,-1
2024501417816,2024,501417816,2,9,0,-1,19,4,7,-1,0,0,0,0,0,0,2,1,-1,6,1,42,7,-1,-1,-1,-1,5,E01020279,0,1
2024991499299,2024,991499299,3,90,0,-1,19,3,7,-1,0,0,0,0,0,0,2,2,-1,9,1,59,9,-1,-1,-1,-1,-1,-1,0,-1
202417L104024,2024,17L104024,1,9,0,-1,1,5,1,-1,0,0,0,0,0,0,2,1,-1,1,1,38,7,-1,-1,-1,-1,1,E01012015,0,3
2024471447265,2024,471447265,1,1,0,-1,19,3,7,-1,5,1,0,0,0,0,1,1,-1,2,2,59,9,-1,-1,-1,-1,6,E01031402,0,1
2024052402411,2024,052402411,2,1,0,18,19,8,4,0,0,1,0,0,0,0,0,1,2,2,2,61,9,-1,-1,-1,-1,1,E01006417,0,1
2024221466365,2024,221466365,1,1,0,-1,9,2,8,-1,0,5,0,0,0,0,3,1,-1,6,1,42,7,-1,-1,-1,-1,3,E01014104,0,2
2024010534289,2024,010534289,1,1,9,99,99,9,9,99,99,9,9,99,9,99,1,1,2,2,2,26,6,-1,-1,-1,-1,6,E01002533,0,1
2024010493058,2024,010493058,1,1,9,99,99,9,9,99,99,1,9,99,9,99,9,1,2,2,1,52,8,-1,-1,-1,-1,2,E01004537,0,1
2024320059022,2024,320059022,2,1,0,-1,-1,2,6,0,0,8,0,0,0,0,3,1,1,1,1,25,5,-1,-1,-1,-1,9,E01026231,0,1
2024440388892,2024,440388892,1,1,0,14,14,4,8,0,0,0,0,0,0,0,1,1,6,6,1,20,4,-1,-1,-1,-1,10,E01023276,0,3
2024010525378,2024,010525378,1,1,9,99,99,9,9,99,99,9,9,99,9,99,1,1,2,2,1,41,7,-1,-1,-1,-1,2,E01001729,0,2
2024010487561,2024,010487561,1,9,0,18,19,3,7,0,0,8,0,0,1,1,1,1,6,6,2,52,8,-1,-1,-1,-1,4,E01034610,0,1
2024421472861,2024,421472861,2,21,1,-1,3,3,7,-1,0,0,0,0,0,0,2,2,-1,1,1,52,8,-1,-1,-1,-1,-1,-1,0,-1
2024320437483,2024,320437483,2,17,0,2,2,0,0,0,0,0,5,0,0,0,2,1,6,6,1,16,4,-1,-1,-1,-1,7,E01026392,0,3
2024061460692,2024,061460692,1,9,0,-1,6,3,7,-1,0,0,0,0,0,0,3,2,-1,9,1,41,7,-1,-1,-1,-1,5,E01005773,0,3
2024471493814,2024,471493814,2,1,0,-1,19,2,6,-1,0,1,0,0,0,0,1,1,-1,2,1,24,5,-1,-1,-1,-1,1,E01020972,0,1
2024010539500,2024,010539500,2,9,9,99,99,9,9,99,99,9,9,99,9,99,9,9,6,6,3,-1,-1,-1,-1,-1,-1,-1,-1,0,-1
2024501534398,2024,501534398,2,1,0,-1,19,4,8,-1,0,1,5,0,0,0,3,1,-1,6,1,-1,-1,-1,-1,-1,-1,1,E01015155,0,1
2024041433492,2024,041433492,1,90,0,-1,19,5,1,-1,0,0,0,0,0,0,1,1,-1,1,1,56,9,-1,-1,-1,-1,6,E01025548,0,3
2024010504823,2024,010504823,1,-1,0,18,19,7,3,0,0,8,0,0,0,0,1,1,6,6,1,37,7,-1,-1,-1,-1,2,E01002392,1,1
2024451449519,2024,451449519,1,1,0,-1,19,7,3,-1,0,0,0,0,0,0,4,1,-1,9,1,41,7,-1,-1,-1,-1,3,E01030914,0,2
2024991450760,2024,991450760,2,10,0,-1,19,7,2,-1,0,0,0,0,0,0,1,1,-1,6,1,53,8,-1,-1,-1,-1,-1,-1,0,-1
2024052402649,2024,052402649,1,9,0,4,4,8,4,0,0,4,0,0,0,0,1,1,6,6,3,-1,-1,-1,-1,-1,-1,-1,-1,0,-1
2024131495430,2024,131495430,2,1,0,-1,19,7,3,-1,9,1,0,0,0,0,1,1,-1,9,1,11,3,-1,-1,-1,-1,1,E01010713,0,1
2024161497094,2024,161497094,2,1,0,-1,19,1,5,-1,0,0,0,0,0,0,2,1,-1,6,2,-1,-1,-1,-1,-1,-1,-1,-1,0,-1
2024545412724,2024,545412724,1,1,0,18,19,8,4,9,9,0,0,0,0,0,3,1,6,6,1,-1,-1,-1,-1,-1,-1,-1,-1,0,-1
2024411465722,2024,411465722,1,19,-1,-1,5,-1,-1,-1,0,3,0,0,0,0,-1,9,-1,6,3,-1,-1,-1,-1,-1,-1,-1,-1,0,-1
2024522402714,2024,522402714,2,9,0,18,19,2,6,0,0,1,0,0,0,0,1,1,6,6,1,55,8,-1,-1,-1,-1,10,E01014988,0,1
2024461504963,2024,461504963,1,1,0,-1,19,7,3,-1,0,0,0,0,0,0,1,1,-1,9,2,12,3,-1,-1,-1,-1,3,E01024535,0,1
2024991535557,2024,991535557,1,9,0,-1,19,3,7,-1,0,0,0,0,0,0,1,1,-1,9,1,82,11,-1,-1,-1,-1,9,-1,0,1
2024010519190,2024,010519190,1,1,9,99,99,9,9,99,99,9,9,99,9,99,9,1,6,6,1,26,6,-1,-1,-1,-1,3,E01002413,0,3
2024010522030,2024,010522030,2,1,0,5,5,3,7,4,4,0,0,0,0,0,4,1,2,2,2,61,9,-1,-1,-1,-1,3,E01003439,0,1
2024161458437,2024,161458437,1,1,0,-1,19,6,2,-1,9,0,1,0,0,0,1,1,-1,2,1,27,6,-1,-1,-1,-1,7,E01013294,0,2
2024010494593,2024,010494593,2,9,0,11,11,5,1,0,0,0,0,0,0,0,4,1,6,6,1,-1,-1,-1,-1,-1,-1,-1,-1,0,-1
2024531493453,2024,531493453,2,1,0,-1,7,5,8,-1,0,3,0,0,0,0,4,1,-1,2,2,29,6,-1,-1,-1,-1,8,E01022402,0,1
2024010532789,2024,010532789,2,19,9,99,99,9,9,99,99,9,9,99,9,99,9,9,6,6,3,-1,-1,-1,-1,-1,-1,-1,-1,0,-1
2024061497808,2024,061497808,2,9,0,-1,99,1,1,-1,0,0,0,4,0,0,1,1,-1,1,3,30,6,-1,-1,-1,-1,-1,-1,0,-1
2024231493804,2024,231493804,1,1,0,-1,19,4,8,-1,9,8,0,0,0,0,1,1,-1,7,1,16,4,-1,-1,-1,-1,6,E01031316,0,1
2024010494251,2024,010494251,2,9,9,99,99,9,9,99,99,6,9,99,9,99,9,9,6,6,3,-1,-1,-1,-1,-1,-1,-1,-1,0,-1
2024332400378,2024,332400378,2,1,0,-1,19,7,3,-1,0,8,0,0,0,0,1,1,-1,6,1,19,4,-1,-1,-1,-1,5,E01032868,0,1
2024201454706,2024,201454706,2,1,0,-1,19,6,2,-1,0,0,0,0,0,0,2,1,-1,6,1,12,3,-1,-1,-1,-1,-1,-1,0,-1
2024010501007,2024,010501007,2,1,0,14,14,5,1,0,0,1,0,8,0,0,1,1,2,2,1,40,7,-1,-1,-1,-1,2,E01004067,0,1
2024451446758,2024,451446758,2,9,0,-1,2,0,0,-1,0,0,0,0,0,0,2,1,-1,6,-1,-1,-1,-1,-1,-1,-1,-1,-1,0,-1
2024131426809,2024,131426809,2,21,0,-1,-1,-1,-1,-1,-1,0,-1,-1,-1,-1,-1,1,-1,6,3,-1,-1,-1,-1,-1,-1,-1,-1,0,-1
2024010496585,2024,010496585,1,1,9,99,99,9,9,99,99,9,9,99,9,99,1,1,2,2,1,17,4,-1,-1,-1,-1,6,E01002928,0,1
2024430255551,2024,430255551,2,1,0,18,19,7,3,0,0,8,0,0,0,0,1,1,6,6,1,47,8,-1,-1,-1,-1,10,E01016553,0,1
2024061515767,2024,061515767,2,1,-1,-1,19,7,3,-1,0,8,1,0,0,0,-1,1,-1,6,1,43,7,-1,-1,-1,-1,1,E01005464,0,1
2024122500046,2024,122500046,2,1,0,18,19,5,1,0,0,1,0,0,0,0,4,1,6,6,2,53,8,-1,-1,-1,-1,10,E01013360,0,1
2024010515403,2024,010515403,2,9,0,99,99,9,9,99,99,9,9,99,9,99,9,9,6,6,3,-1,-1,-1,-1,-1,-1,-1,-1,0,-1
2024440134674,2024,440134674,1,1,0,18,19,2,6,0,0,1,0,0,0,0,1,1,6,6,1,32,6,-1,-1,-1,-1,7,E01035449,0,3
2024461451338,2024,461451338,2,1,0,-1,4,8,4,-1,0,1,0,0,0,0,3,1,-1,9,1,43,7,-1,-1,-1,-1,-1,-1,0,-1
202460Q087704,2024,60Q087704,2,1,0,18,19,3,7,0,0,1,0,0,0,0,1,1,2,2,1,26,6,-1,-1,-1,-1,-1,-1,0,-1
2024010508451,2024,010508451,3,9,0,18,19,1,5,0,0,7,0,0,0,0,2,1,2,2,2,38,7,-1,-1,-1,-1,5,E01016013,0,3
2024201505860,2024,201505860,2,9,0,-1,19,5,1,-1,0,8,0,0,0,0,4,1,-1,6,2,52,8,-1,-1,-1,-1,4,E01009813,0,3
2024302400942,2024,302400942,1,9,0,9,9,5,4,0,0,6,0,0,0,0,1,1,6,6,2,63,9,-1,-1,-1,-1,3,E01019484,0,2
2024430098841,2024,430098841,2,1,0,15,15,7,3,0,0,0,0,0,0,0,3,1,6,6,1,29,6,-1,-1,-1,-1,4,E01028516,0,1
2024421404638,2024,421404638,1,9,0,-1,7,5,7,-1,0,0,0,0,0,0,1,1,-1,6,1,31,6,-1,-1,-1,-1,5,E01021802,0,1
2024481442464,2024,481442464,2,1,0,-1,15,3,7,-1,4,0,0,0,0,0,1,1,-1,2,2,25,5,-1,-1,-1,-1,-1,-1,0,-1
2024141446778,2024,141446778,1,-1,0,-1,19,3,2,-1,0,0,0,0,0,0,1,9,-1,6,3,-1,-1,-1,-1,-1,-1,-1,-1,1,-1
2024520401654,2024,520401654,1,19,0,1,1,4,8,0,0,0,0,0,0,0,4,1,6,6,1,36,7,-1,-1,-1,-1,8,E01029206,0,1
2024010540067,2024,010540067,1,9,0,99,99,9,9,99,99,9,9,99,9,99,1,9,6,6,1,30,6,-1,-1,-1,-1,2,E01004236,0,1
2024401503972,2024,401503972,2,1,0,-1,19,-1,-1,-1,0,1,0,0,0,0,1,1,-1,6,1,36,7,-1,-1,-1,-1,-1,-1,0,-1
2024161410489,2024,161410489,1,9,0,-1,9,1,5,-1,0,5,0,0,0,0,3,9,-1,6,2,40,7,-1,-1,-1,-1,2,E01035481,0,3
2024010525412,2024,010525412,3,9,0,18,19,7,3,0,0,0,0,0,0,0,0,1,6,6,1,37,7,-1,-1,-1,-1,3,E01003541,0,1
2024010494215,2024,010494215,2,90,0,99,99,9,9,99,99,9,9,99,9,99,1,9,6,6,3,-1,-1,-1,-1,-1,-1,-1,-1,0,-1
2024010496737,2024,010496737,1,3,0,99,99,9,9,99,99,9,9,99,9,99,9,1,2,2,1,29,6,-1,-1,-1,-1,9,E01024143,0,3
2024071033587,2024,071033587,2,19,0,-1,19,3,7,-1,0,0,0,0,0,4,1,1,-1,1,1,54,8,-1,-1,-1,-1,6,E01018472,0,3
2024010544919,2024,010544919,1,1,9,99,99,9,9,99,99,9,9,99,9,99,9,1,2,2,1,60,9,-1,-1,-1,-1,7,E01000288,0,3
2024010536434,2024,010536434,2,9,0,99,99,9,9,99,99,9,9,99,9,99,9,9,6,6,3,-1,-1,-1,-1,-1,-1,-1,-1,0,-1
2024522402127,2024,522402127,1,9,0,2,2,0,0,0,0,0,0,0,0,0,2,1,6,6,1,42,7,-1,-1,-1,-1,9,E01014784,0,3
2024340WN7032,2024,340WN7032,2,-1,0,-1,19,1,5,-1,0,1,0,0,0,0,1,1,-1,2,1,42,7,-1,-1,-1,-1,7,E01027162,1,1
2024010554652,2024,010554652,2,9,0,5,5,9,9,0,0,6,0,0,0,0,1,9,6,6,3,28,6,-1,-1,-1,-1,-1,-1,0,-1
2024010533640,2024,010533640,1,9,0,99,99,9,9,99,99,9,9,99,9,99,9,9,6,6,1,47,8,-1,-1,-1,-1,8,E01004691,0,1
2024201533292,2024,201533292,1,9,0,-1,15,6,2,-1,0,0,0,4,0,0,1,1,-1,6,1,-1,-1,-1,-1,-1,-1,-1,-1,0,-1
2024211434110,2024,211434110,1,9,0,-1,19,6,2,-1,0,0,0,0,0,0,1,9,-1,6,2,-1,-1,-1,-1,-1,-1,-1,-1,0,-1
2024211486905,2024,211486905,2,9,0,-1,5,1,7,-1,0,0,0,0,0,0,4,1,-1,9,1,80,11,-1,-1,-1,-1,6,E01029556,0,1
2024991448502,2024,991448502,1,9,0,-1,19,7,3,-1,0,0,1,0,1,6,1,1,-1,9,1,31,6,-1,-1,-1,-1,3,-1,0,3
2024320753028,2024,320753028,1,19,0,9,9,6,2,0,0,6,0,0,1,0,1,1,1,1,2,57,9,-1,-1,-1,-1,4,E01013258,0,4
2024991428045,2024,991428045,1,1,0,-1,19,7,3,-1,4,1,0,0,0,0,4,1,-1,2,1,28,6,-1,-1,-1,-1,10,-1,0,1
2024031495915,2024,031495915,2,1,0,-1,8,4,3,-1,0,0,0,0,0,0,4,1,-1,6,1,76,11,-1,-1,-1,-1,7,E01019155,0,1
2024131472215,2024,131472215,1,9,0,-1,1,3,7,-1,9,6,0,0,0,0,2,1,-1,9,1,79,11,-1,-1,-1,-1,8,E01011643,0,1
2024231405486,2024,231405486,1,9,0,-1,12,8,4,-1,0,0,1,0,0,0,1,1,-1,6,1,25,5,-1,-1,-1,-1,2,E01012579,0,5
2024991531039,2024,991531039,1,9,0,-1,5,5,1,-1,0,0,0,0,0,0,1,1,-1,6,2,38,7,-1,-1,-1,-1,9,-1,0,1
2024430365949,2024,430365949,2,1,0,18,19,5,1,0,0,0,0,0,7,0,3,1,6,6,2,34,6,-1,-1,-1,-1,3,E01028525,0,1
2024010491549,2024,010491549,2,9,0,18,19,5,1,0,0,0,0,0,0,0,1,9,6,6,3,-1,-1,-1,-1,-1,-1,-1,-1,0,-1
2024421496758,2024,421496758,2,9,0,-1,4,7,6,-1,0,0,0,0,0,0,2,9,-1,6,1,69,10,-1,-1,-1,-1,4,E01022036,0,1
2024070626808,2024,070626808,2,1,0,14,14,6,2,9,9,0,0,0,0,0,1,1,6,6,1,17,4,-1,-1,-1,-1,4,E01018511,0,1
2024010524417,2024,010524417,2,-1,0,18,19,1,5,0,0,0,0,4,0,0,1,1,6,6,1,33,6,-1,-1,-1,-1,2,E01034176,1,1
2024201420638,2024,201420638,2,1,0,-1,19,2,6,-1,0,8,0,0,0,0,1,1,-1,9,2,68,10,-1,-1,-1,-1,-1,-1,0,-1
2024371485259,2024,371485259,2,9,0,-1,19,1,5,-1,0,1,0,0,0,0,1,1,-1,6,1,63,9,-1,-1,-1,-1,10,E01029908,0,4
2024010524026,2024,010524026,1,1,0,18,19,3,7,0,0,1,0,0,0,0,0,1,6,6,1,31,6,-1,-1,-1,-1,7,E01001882,0,1
2024411459668,2024,411459668,1,19,0,-1,19,3,7,-1,0,0,0,12,0,0,1,1,-1,1,1,30,6,-1,-1,-1,-1,9,E01023309,0,2
2024522402817,2024,522402817,1,9,0,18,19,4,8,0,0,0,0,0,0,0,1,1,6,6,3,-1,-1,-1,-1,-1,-1,-1,-1,0,-1
202417H105824,2024,17H105824,2,1,0,-1,19,7,3,-1,0,0,0,0,0,0,1,1,-1,9,1,33,6,-1,-1,-1,-1,1,E01011950,0,1
2024010538200,2024,010538200,1,9,0,9,9,7,5,0,0,1,0,0,0,0,1,1,6,6,2,-1,-1,-1,-1,-1,-1,-1,-1,0,-1
2024061418917,2024,061418917,2,90,0,-1,19,1,1,-1,0,0,0,0,0,0,0,1,-1,6,1,29,6,-1,-1,-1,-1,1,E01005615,0,1
2024010492709,2024,010492709,2,9,0,7,7,5,7,0,0,1,0,0,0,0,0,1,6,6,2,32,6,-1,-1,-1,-1,5,E01000443,0,2
2024991506685,2024,991506685,2,1,0,-1,19,3,7,-1,0,1,0,0,0,0,2,1,-1,6,1,57,9,-1,-1,-1,-1,-1,-1,0,-1
202460Q122394,2024,60Q122394,1,1,0,18,19,5,1,0,0,8,1,0,0,0,1,1,6,6,1,36,7,-1,-1,-1,-1,-1,-1,0,-1
2024010488266,2024,010488266,2,1,0,13,13,5,1,0,0,1,0,0,0,0,2,1,2,2,1,27,6,-1,-1,-1,-1,3,E01001999,0,1
2024010496615,2024,010496615,1,3,0,99,99,9,9,99,99,0,9,99,9,99,9,1,1,1,1,34,6,-1,-1,-1,-1,5,E01001686,0,1
2024421536416,2024,421536416,1,9,0,-1,19,6,2,-1,0,1,0,0,0,0,1,1,-1,9,1,29,6,-1,-1,-1,-1,9,E01021352,0,2
2024547455524,2024,547455524,2,1,0,9,9,6,2,0,0,1,0,0,0,0,3,1,2,2,1,45,7,-1,-1,-1,-1,1,E01015508,0,1
2024471450577,2024,471450577,2,9,0,-1,4,8,4,-1,0,1,0,0,0,0,0,1,-1,1,1,44,7,-1,-1,-1,-1,7,E01021094,0,1
2024010519620,2024,010519620,2,1,0,18,19,1,5,2,2,1,0,0,0,0,1,1,6,6,1,-1,-1,-1,-1,-1,-1,3,E01001981,0,1
2024010492497,2024,010492497,2,9,0,3,3,5,1,0,0,4,0,0,0,0,2,1,6,6,1,41,7,-1,-1,-1,-1,5,E01033837,0,4
2024430227945,2024,430227945,2,1,0,18,19,5,1,4,4,8,0,0,0,0,1,1,6,6,1,31,6,-1,-1,-1,-1,2,E01028552,0,1
2024471516905,2024,471516905,1,1,0,-1,19,-1,-1,-1,0,6,0,0,0,0,1,1,-1,2,1,15,3,-1,-1,-1,-1,7,E01031398,0,1
2024320768420,2024,320768420,2,1,0,-1,-1,8,4,9,9,1,5,0,0,0,1,1,6,6,1,43,7,-1,-1,-1,-1,8,E01026372,0,3
2024010516076,2024,010516076,2,1,0,18,19,7,3,0,0,2,5,0,0,0,2,1,6,6,1,32,6,-1,-1,-1,-1,7,E01004717,0,1
2024522401191,2024,522401191,1,3,0,4,4,2,6,0,0,0,0,0,0,0,1,1,6,6,1,36,7,-1,-1,-1,-1,10,E01014881,0,1
2024101501508,2024,101501508,2,9,0,-1,3,8,4,-1,0,8,0,0,0,0,2,1,-1,6,1,69,10,-1,-1,-1,-1,4,E01008796,0,1
2024031467042,2024,031467042,1,1,0,-1,-1,-1,-1,-1,-1,0,-1,-1,-1,0,3,1,-1,2,1,-1,-1,-1,-1,-1,-1,-1,-1,0,-1
2024031397090,2024,031397090,2,9,0,-1,19,5,1,-1,0,0,0,0,0,0,1,1,-1,1,1,40,7,-1,-1,-1,-1,-1,-1,0,-1
2024501530181,2024,501530181,2,9,0,-1,4,8,4,-1,0,0,0,0,0,0,2,1,-1,9,2,45,7,-1,-1,-1,-1,7,E01020031,0,2
2024430459379,2024,430459379,2,9,0,4,4,7,3,0,0,0,0,0,0,0,2,1,6,6,1,45,7,-1,-1,-1,-1,-1,-1,0,-1
2024461407874,2024,461407874,1,99,0,-1,7,1,5,-1,0,1,0,0,0,0,1,9,-1,6,3,-1,-1,-1,-1,-1,-1,-1,-1,0,-1
2024101452192,2024,101452192,2,9,0,-1,19,1,5,-1,0,0,0,0,1,0,1,1,-1,6,1,48,8,-1,-1,-1,-1,10,E01033714,0,1
2024471492495,2024,471492495,2,-1,0,-1,19,3,7,-1,0,1,5,0,0,0,1,1,-1,6,1,14,3,-1,-1,-1,-1,2,E01031450,1,1
2024010531115,2024,010531115,1,1,0,18,19,1,5,99,99,1,0,0,0,0,1,1,6,6,1,33,6,-1,-1,-1,-1,7,E01000370,0,1
2024411411899,2024,411411899,3,9,0,-1,19,7,3,-1,0,1,0,0,0,0,1,1,-1,6,2,49,8,-1,-1,-1,-1,5,E01035584,0,3
2024340NN2312,2024,340NN2312,2,4,0,-1,13,1,5,-1,0,0,2,0,7,0,4,1,-1,6,1,41,7,-1,-1,-1,-1,8,E01032972,0,1
2024010487085,2024,010487085,2,9,0,99,99,9,9,99,99,9,9,99,9,99,1,9,6,6,3,-1,-1,-1,-1,-1,-1,-1,-1,0,-1
2024161525094,2024,161525094,1,9,0,-1,19,4,8,-1,0,0,2,0,1,0,4,1,-1,6,2,23,5,-1,-1,-1,-1,6,E01013023,0,2
2024421495537,2024,421495537,2,1,0,-1,19,5,2,-1,0,1,0,0,0,0,2,1,-1,6,1,20,4,-1,-1,-1,-1,8,E01021923,0,1
2024361503763,2024,361503763,1,98,4,-1,19,1,5,-1,0,0,0,0,0,0,1,2,-1,6,1,44,7,-1,-1,-1,-1,-1,-1,0,-1
2024061505149,2024,061505149,2,-1,0,-1,19,2,8,-1,0,0,0,0,0,0,3,1,-1,6,2,-1,-1,-1,-1,-1,-1,-1,-1,1,-1
202417M101724,2024,17M101724,1,9,0,9,9,4,3,0,0,8,0,0,0,0,1,1,6,6,1,27,6,-1,-1,-1,-1,-1,-1,0,-1
2024501407878,2024,501407878,3,9,0,-1,4,7,3,-1,0,1,0,0,0,0,2,9,-1,1,2,45,7,-1,-1,-1,-1,8,E01020102,0,1
2024351507363,2024,351507363,1,11,0,-1,19,5,1,-1,0,0,0,0,0,0,4,9,-1,1,3,-1,-1,-1,-1,-1,-1,-1,-1,0,-1
2024440284822,2024,440284822,2,9,0,18,19,3,7,0,0,1,0,0,0,0,1,1,6,6,2,71,10,-1,-1,-1,-1,6,E01017173,0,1
2024221472107,2024,221472107,2,9,0,-1,9,4,2,-1,0,8,0,0,0,0,3,1,-1,2,1,24,5,-1,-1,-1,-1,4,E01032454,0,1
2024131489151,2024,131489151,1,9,0,-1,19,5,1,-1,0,1,0,0,0,0,1,1,-1,6,3,-1,-1,-1,-1,-1,-1,-1,-1,0,-1
2024471521543,2024,471521543,1,9,0,-1,9,4,2,-1,0,4,0,0,0,0,3,1,-1,1,1,38,7,-1,-1,-1,-1,4,E01021045,0,3
2024461484468,2024,461484468,1,9,0,-1,-1,-1,-1,-1,-1,-1,-1,-1,-1,0,-1,9,-1,6,3,-1,-1,-1,-1,-1,-1,-1,-1,0,-1
2024461534340,2024,461534340,1,19,-1,-1,19,7,3,-1,0,0,0,0,0,0,4,9,-1,6,3,-1,-1,-1,-1,-1,-1,-1,-1,0,-1
2024070519079,2024,070519079,2,1,0,18,19,6,2,9,9,8,0,0,0,0,1,1,4,7,1,13,3,-1,-1,-1,-1,4,E01018709,0,1
2024161422283,2024,161422283,1,1,0,-1,14,1,5,-1,0,0,0,10,7,11,4,1,-1,9,1,27,6,-1,-1,-1,-1,7,E01013014,0,1
202417H100524,2024,17H100524,1,90,0,7,7,7,1,0,0,2,0,0,0,0,1,1,6,6,1,-1,-1,-1,-1,-1,-1,-1,-1,0,-1
202460Q086256,2024,60Q086256,1,97,0,18,19,1,5,0,0,1,0,0,0,0,1,1,6,6,1,27,6,-1,-1,-1,-1,-1,-1,0,-1
2024041445702,2024,041445702,2,1,0,-1,19,5,1,-1,0,2,0,0,0,0,1,1,-1,9,1,62,9,-1,-1,-1,-1,1,E01025293,0,1
2024052401238,2024,052401238,2,1,0,18,19,3,7,0,0,2,0,0,0,0,2,1,2,2,1,33,6,-1,-1,-1,-1,1,E01006545,0,2
2024501517904,2024,501517904,2,9,0,-1,2,0,0,-1,0,0,0,0,0,0,-1,9,-1,6,1,-1,-1,-1,-1,-1,-1,-1,-1,0,-1
2024471452800,2024,471452800,2,-1,0,-1,19,1,5,-1,0,2,0,0,0,0,3,1,-1,6,1,22,5,-1,-1,-1,-1,6,E01016990,1,1
2024010531147,2024,010531147,2,9,0,99,99,9,9,99,99,9,9,99,9,99,9,9,6,6,3,-1,-1,-1,-1,-1,-1,-1,-1,0,-1
2024201441086,2024,201441086,2,9,0,-1,10,3,8,-1,0,8,0,0,0,0,4,9,-1,9,2,27,6,-1,-1,-1,-1,1,E01008887,0,1
2024501467943,2024,501467943,2,19,0,-1,19,5,1,-1,0,0,0,0,0,0,2,1,-1,2,1,45,7,-1,-1,-1,-1,8,E01020249,0,2
2024430111252,2024,430111252,2,9,0,18,19,3,7,0,0,1,0,0,0,0,1,1,6,6,3,-1,-1,-1,-1,-1,-1,-1,-1,0,-1
2024010509870,2024,010509870,2,1,0,18,19,3,7,0,0,1,5,0,0,0,1,1,6,6,1,24,5,-1,-1,-1,-1,8,E01002574,0,1
2024451532210,2024,451532210,1,1,0,-1,99,5,1,-1,0,8,0,0,0,0,1,1,-1,9,1,36,7,-1,-1,-1,-1,2,E01030599,0,1
2024071001272,2024,071001272,2,9,0,-1,3,4,8,-1,0,1,0,0,0,0,0,1,-1,9,2,42,7,-1,-1,-1,-1,4,E01033299,0,3
2024010528405,2024,010528405,2,9,0,99,99,9,9,99,99,0,9,99,9,99,2,9,6,6,3,-1,-1,-1,-1,-1,-1,-1,-1,0,-1
2024320746097,2024,320746097,3,9,0,-1,-1,5,1,0,0,2,0,0,0,0,2,1,-1,-1,2,57,9,-1,-1,-1,-1,-1,-1,0,-1
2024161407294,2024,161407294,1,9,0,-1,19,1,5,-1,0,1,0,0,7,0,1,1,-1,2,1,24,5,-1,-1,-1,-1,6,E01013318,0,2
2024010505205,2024,010505205,1,1,0,18,19,1,5,0,0,4,0,0,0,0,3,1,6,6,2,30,6,-1,-1,-1,-1,3,E01004203,0,1
2024010492647,2024,010492647,2,9,0,6,6,1,1,0,0,0,0,0,0,0,4,1,6,6,1,34,6,-1,-1,-1,-1,3,E01003321,0,2
2024332400478,2024,332400478,2,5,0,-1,19,2,7,-1,0,0,1,0,0,0,1,1,-1,9,1,29,6,-1,-1,-1,-1,7,E01025825,0,4