collision_index,collision_year,collision_ref_no,vehicle_reference,vehicle_type,towing_and_articulation,vehicle_manoeuvre_historic,vehicle_manoeuvre,vehicle_direction_from,vehicle_direction_to,vehicle_location_restricted_lane_historic,vehicle_location_restricted_lane,junction_location,skidding_and_overturning,hit_object_in_carriageway,vehicle_leaving_carriageway,hit_object_off_carriageway,first_point_of_impact,vehicle_left_hand_drive,journey_purpose_of_driver_historic,journey_purpose_of_driver,sex_of_driver,age_of_driver,age_band_of_driver,engine_capacity_cc,propulsion_code,age_of_vehicle,generic_make_model,driver_imd_decile,lsoa_of_driver,escooter_flag,driver_distance_banding
2024010506484,2024,010506484,1,1,9,99,99,9,9,99,99,9,9,99,9,99,9,1,6,6,1,60,9,-1,-1,-1,-1,3,E01000130,0,1
2024141506655,2024,141506655,2,1,0,-1,19,7,3,-1,0,8,0,0,0,0,3,1,-1,6,1,39,7,-1,-1,-1,-1,1,E01007714,0,1
2024201508991,2024,201508991,2,9,0,-1,19,5,1,-1,0,3,0,0,0,0,3,1,-1,6,1,22,5,-1,-1,-1,-1,8,E01010398,0,2
2024161531168,2024,161531168,1,1,0,-1,19,7,3,-1,0,0,0,8,0,0,1,1,-1,2,2,52,8,-1,-1,-1,-1,8,E01035469,0,1
2024440378563,2024,440378563,1,-1,0,18,19,1,5,0,0,2,0,0,0,0,2,1,6,6,1,26,6,-1,-1,-1,-1,3,E01017078,1,1
2024421419107,2024,421419107,3,9,0,-1,4,1,5,-1,0,0,0,0,0,0,2,1,-1,2,1,40,7,-1,-1,-1,-1,3,E01003720,0,4
2024141411071,2024,141411071,1,9,0,-1,9,1,7,-1,0,8,0,0,0,0,2,1,-1,1,1,43,7,-1,-1,-1,-1,2,E01008112,0,1
2024010506328,2024,010506328,2,1,0,18,19,3,7,0,0,1,0,0,0,0,3,1,1,1,1,28,6,-1,-1,-1,-1,-1,-1,0,-1
2024010525005,2024,010525005,1,1,9,18,19,5,1,4,4,1,9,99,0,0,1,1,6,6,1,48,8,-1,-1,-1,-1,2,E01033327,0,2
2024351442508,2024,351442508,2,9,-1,-1,3,5,1,-1,0,0,1,0,0,0,2,9,-1,2,2,29,6,-1,-1,-1,-1,4,E01017505,0,4
2024010524249,2024,010524249,1,1,9,99,99,9,9,99,99,9,9,99,9,99,1,1,6,6,3,-1,-1,-1,-1,-1,-1,-1,-1,0,-1
2024451458890,2024,451458890,1,9,0,-1,5,5,1,-1,0,1,0,0,0,0,1,9,-1,6,3,45,7,-1,-1,-1,-1,-1,-1,0,-1
2024010532004,2024,010532004,1,9,0,9,9,1,8,0,0,1,0,0,1,0,4,1,2,2,1,20,4,-1,-1,-1,-1,2,E01004185,0,1
2024111471218,2024,111471218,1,-1,0,-1,5,3,7,-1,0,6,0,0,0,0,1,1,-1,6,1,45,7,-1,-1,-1,-1,3,E01012355,1,1
2024332401032,2024,332401032,1,9,0,-1,7,3,5,-1,4,5,0,0,0,0,4,1,-1,9,2,74,10,-1,-1,-1,-1,10,E01035105,0,4
2024041480970,2024,041480970,2,1,0,-1,9,3,5,-1,0,1,0,0,0,0,0,1,-1,6,1,12,3,-1,-1,-1,-1,6,E01025351,0,1
2024991480895,2024,991480895,2,5,0,-1,15,1,5,-1,0,8,0,0,7,0,1,1,-1,6,1,33,6,-1,-1,-1,-1,7,-1,0,4
2024052401444,2024,052401444,2,23,0,99,99,8,4,0,0,1,0,0,0,0,9,1,6,6,1,49,8,-1,-1,-1,-1,1,E01006611,0,1
2024031475295,2024,031475295,2,9,0,-1,12,5,5,-1,0,0,0,0,0,0,0,1,-1,2,1,43,7,-1,-1,-1,-1,-1,-1,0,-1
2024440262118,2024,440262118,1,1,0,18,19,5,1,0,0,6,0,0,0,0,3,1,6,6,1,9,2,-1,-1,-1,-1,3,E01017079,0,1
2024010493102,2024,010493102,2,1,0,15,15,3,7,4,4,1,0,11,0,0,1,1,6,6,1,57,9,-1,-1,-1,-1,5,E01001613,0,1
2024131448127,2024,131448127,1,9,0,-1,19,7,1,-1,0,0,0,0,0,0,1,1,-1,9,1,55,8,-1,-1,-1,-1,7,E01011550,0,3
2024201488712,2024,201488712,2,1,0,-1,19,1,3,-1,0,0,0,0,0,0,2,1,-1,6,1,19,4,-1,-1,-1,-1,2,E01009790,0,1
2024610003624,2024,610003624,2,1,0,18,19,2,6,0,0,0,0,0,7,10,1,1,6,6,1,45,7,-1,-1,-1,-1,3,W01001455,0,1
2024430437504,2024,430437504,1,9,0,18,19,7,3,0,0,1,0,0,0,0,1,1,6,6,2,-1,-1,-1,-1,-1,-1,-1,-1,0,-1
2024010518199,2024,010518199,1,9,0,99,99,9,9,99,99,9,9,99,9,99,1,9,6,6,3,-1,-1,-1,-1,-1,-1,-1,-1,0,-1
2024010488801,2024,010488801,1,9,0,3,3,7,3,0,0,1,0,0,0,0,2,1,1,1,1,53,8,-1,-1,-1,-1,3,E01003221,0,1
2024201532177,2024,201532177,1,9,0,-1,9,2,8,-1,0,5,0,0,0,0,3,9,-1,6,1,-1,-1,-1,-1,-1,-1,-1,-1,0,-1
2024471420901,2024,471420901,1,1,0,-1,19,1,5,-1,0,1,5,0,0,0,1,1,-1,2,2,40,7,-1,-1,-1,-1,9,E01031829,0,1
2024471495020,2024,471495020,1,9,0,-1,19,3,7,-1,0,0,0,0,0,0,3,1,-1,2,1,62,9,-1,-1,-1,-1,8,E01022951,0,4
2024052401709,2024,052401709,1,9,0,9,9,6,4,0,0,8,0,0,0,0,4,1,6,6,3,-1,-1,-1,-1,-1,-1,-1,-1,0,-1
2024010487892,2024,010487892,1,11,0,99,99,9,9,99,99,0,9,99,9,99,1,9,6,6,3,-1,-1,-1,-1,-1,-1,-1,-1,0,-1
2024070884295,2024,070884295,1,9,0,-1,19,2,2,-1,-1,1,0,0,0,0,1,1,-1,9,1,80,11,-1,-1,-1,-1,7,E01007142,0,2
2024531407759,2024,531407759,1,98,0,-1,19,7,3,-1,0,0,0,0,0,0,1,1,-1,1,1,50,8,-1,-1,-1,-1,4,E01032378,0,4
2024351473736,2024,351473736,2,1,0,-1,19,1,5,-1,0,1,0,0,0,0,1,1,-1,6,1,58,9,-1,-1,-1,-1,7,E01035523,0,2
2024201435932,2024,201435932,1,9,0,-1,9,8,6,-1,0,5,0,0,0,0,4,1,-1,6,2,44,7,-1,-1,-1,-1,2,E01009587,0,1
2024421461495,2024,421461495,1,9,0,-1,19,4,8,-1,0,0,2,10,6,0,1,1,-1,9,1,27,6,-1,-1,-1,-1,-1,-1,0,-1
2024401467968,2024,401467968,1,9,-1,-1,-1,-1,-1,-1,-1,-1,-1,-1,-1,0,-1,9,-1,6,2,-1,-1,-1,-1,-1,-1,-1,-1,0,-1
2024440119831,2024,440119831,1,1,0,18,19,1,5,0,0,1,0,0,0,0,1,1,2,2,1,61,9,-1,-1,-1,-1,7,E01022627,0,3
2024421397009,2024,421397009,1,9,0,-1,2,0,0,-1,0,3,2,0,1,2,1,1,-1,6,2,19,4,-1,-1,-1,-1,6,E01021355,0,1
2024221429836,2024,221429836,2,19,0,-1,19,2,7,-1,0,0,0,0,0,0,1,1,-1,2,1,55,8,-1,-1,-1,-1,6,E01014135,0,3
2024522500302,2024,522500302,1,1,0,7,7,5,8,0,0,4,0,10,0,0,4,1,6,6,1,37,7,-1,-1,-1,-1,7,E01014916,0,1
202460Q114609,2024,60Q114609,1,9,0,16,19,8,4,0,0,0,0,0,1,4,1,1,6,6,1,17,4,-1,-1,-1,-1,-1,-1,0,-1
2024520401291,2024,520401291,2,9,0,9,9,8,5,0,0,8,0,0,0,0,3,1,6,6,1,37,7,-1,-1,-1,-1,2,E01029105,0,1
2024411407133,2024,411407133,2,9,0,-1,4,4,2,-1,0,1,0,0,0,0,2,1,-1,6,2,38,7,-1,-1,-1,-1,9,E01023463,0,1
2024440484502,2024,440484502,2,9,0,13,13,2,6,0,0,0,0,0,0,0,4,1,6,6,3,-1,-1,-1,-1,-1,-1,-1,-1,0,-1
2024221431973,2024,221431973,1,9,0,-1,9,1,8,-1,0,5,0,0,0,0,1,1,-1,6,1,64,9,-1,-1,-1,-1,10,E01032300,0,1
2024451492912,2024,451492912,1,1,-1,-1,-1,-1,-1,-1,-1,-1,-1,-1,-1,0,-1,1,-1,6,2,56,9,-1,-1,-1,-1,-1,-1,0,-1
2024010529603,2024,010529603,1,1,0,18,19,1,5,0,0,8,0,0,0,0,1,1,6,6,1,23,5,-1,-1,-1,-1,-1,-1,0,-1
2024501463737,2024,501463737,1,9,0,-1,19,7,3,-1,0,0,0,0,0,0,1,1,-1,6,2,31,6,-1,-1,-1,-1,5,E01019938,0,1
2024010488259,2024,010488259,1,9,0,4,4,3,7,0,0,1,0,11,1,2,1,1,2,2,1,24,5,-1,-1,-1,-1,4,E01002558,0,3
2024010494049,2024,010494049,2,9,9,99,99,9,9,0,0,9,9,0,0,0,9,1,6,6,1,20,4,-1,-1,-1,-1,3,E01000043,0,1
202417M103824,2024,17M103824,1,9,0,18,19,4,8,0,0,1,0,0,0,0,1,1,6,6,2,-1,-1,-1,-1,-1,-1,-1,-1,0,-1
2024010489957,2024,010489957,1,8,0,6,6,5,5,0,0,0,0,0,0,0,1,1,2,2,1,52,8,-1,-1,-1,-1,2,E01001339,0,2
2024101427186,2024,101427186,2,9,0,-1,19,3,7,-1,0,1,0,0,0,0,1,1,-1,6,2,67,10,-1,-1,-1,-1,-1,-1,0,-1
2024552401440,2024,552401440,2,1,0,18,19,8,4,0,0,8,0,0,0,0,2,1,6,6,1,41,7,-1,-1,-1,-1,1,E01015384,0,1
2024010490357,2024,010490357,1,9,0,99,99,9,9,99,99,9,9,99,9,99,9,9,6,6,1,62,9,-1,-1,-1,-1,8,E01002199,0,1
2024231524175,2024,231524175,1,9,0,-1,19,4,8,-1,0,0,0,0,0,0,1,9,-1,6,3,45,7,-1,-1,-1,-1,-1,-1,0,-1
2024430300746,2024,430300746,2,1,0,18,19,2,5,0,0,8,0,0,0,0,3,1,6,6,1,65,9,-1,-1,-1,-1,-1,-1,0,-1
2024991483638,2024,991483638,2,9,0,-1,9,3,8,-1,0,0,0,0,0,0,1,1,-1,9,2,33,6,-1,-1,-1,-1,5,-1,0,2
2024201480935,2024,201480935,2,1,0,-1,19,3,7,-1,0,8,0,0,0,0,4,1,-1,6,1,23,5,-1,-1,-1,-1,3,E01010422,0,1
2024211487745,2024,211487745,2,9,0,-1,9,6,3,-1,0,1,0,0,0,0,4,9,-1,1,1,27,6,-1,-1,-1,-1,4,E01014312,0,3
2024010487457,2024,010487457,1,19,0,18,19,1,5,0,0,1,0,0,0,0,1,1,6,6,1,33,6,-1,-1,-1,-1,2,E01003961,0,3
2024471500409,2024,471500409,2,1,0,-1,19,5,1,-1,0,8,0,0,0,0,1,1,-1,6,1,69,10,-1,-1,-1,-1,8,E01031812,0,3
2024101475454,2024,101475454,1,97,0,-1,19,5,1,-1,9,0,2,0,0,0,4,1,-1,6,1,-1,-1,-1,-1,-1,-1,-1,-1,0,-1
2024010493739,2024,010493739,2,11,9,9,9,5,2,0,0,9,0,0,0,0,2,1,6,6,3,-1,-1,-1,-1,-1,-1,-1,-1,0,-1
2024052401088,2024,052401088,1,9,0,18,19,2,6,0,0,1,0,0,1,10,1,1,6,6,3,-1,-1,-1,-1,-1,-1,-1,-1,0,-1
2024010500729,2024,010500729,2,9,0,99,99,9,9,99,99,9,9,99,9,99,1,9,6,6,3,-1,-1,-1,-1,-1,-1,-1,-1,0,-1
2024451450417,2024,451450417,2,21,1,-1,19,4,4,-1,0,0,0,0,0,0,1,2,-1,1,1,33,6,-1,-1,-1,-1,-1,-1,0,-1
2024010493493,2024,010493493,2,1,0,18,19,5,1,0,0,1,9,99,9,99,2,1,4,7,2,11,3,-1,-1,-1,-1,2,E01033709,0,1
2024010499080,2024,010499080,1,1,9,99,99,9,9,99,99,9,9,99,9,99,9,1,6,6,1,34,6,-1,-1,-1,-1,2,E01002786,0,1
2024302500210,2024,302500210,2,20,0,-1,2,0,0,-1,0,0,0,0,0,0,0,1,-1,6,2,50,8,-1,-1,-1,-1,3,E01019690,0,2
2024501505597,2024,501505597,1,9,0,-1,19,5,1,-1,0,0,0,7,0,0,1,1,-1,1,1,36,7,-1,-1,-1,-1,2,E01019055,0,1
2024631447908,2024,631447908,1,90,0,-1,13,8,4,-1,0,8,0,0,0,0,1,1,-1,6,1,20,4,-1,-1,-1,-1,1,W01000631,0,1
2024340WN1072,2024,340WN1072,1,21,0,-1,9,6,1,-1,0,8,0,0,0,1,1,1,-1,1,1,50,8,-1,-1,-1,-1,-1,-1,0,-1
2024201486191,2024,201486191,2,9,0,-1,3,0,0,-1,0,0,0,0,0,0,0,9,-1,6,1,46,8,-1,-1,-1,-1,1,E01033894,0,1
2024430004390,2024,430004390,1,19,0,18,19,1,5,0,0,4,0,9,7,1,1,1,1,1,1,30,6,-1,-1,-1,-1,-1,-1,0,-1
2024461438802,2024,461438802,1,9,0,-1,19,1,5,-1,0,0,0,0,0,0,1,9,-1,9,3,-1,-1,-1,-1,-1,-1,-1,-1,0,-1
2024010493145,2024,010493145,1,1,9,99,99,9,9,99,99,9,9,99,9,99,9,1,2,2,1,65,9,-1,-1,-1,-1,10,E01000896,0,1
2024430209901,2024,430209901,2,97,0,18,19,2,5,0,0,4,0,0,0,0,4,1,6,6,1,20,4,-1,-1,-1,-1,-1,-1,0,-1
2024161396807,2024,161396807,1,9,0,-1,19,3,7,-1,0,0,0,0,0,0,1,9,-1,9,3,-1,-1,-1,-1,-1,-1,-1,-1,0,-1
2024520001798,2024,520001798,2,9,9,99,99,9,9,0,0,0,0,0,0,0,9,9,6,6,3,-1,-1,-1,-1,-1,-1,-1,-1,0,-1
2024302400104,2024,302400104,2,9,0,18,19,8,4,0,0,0,0,0,0,0,2,1,6,6,2,44,7,-1,-1,-1,-1,2,E01013477,0,1
2024010506395,2024,010506395,4,9,0,2,2,0,0,0,0,2,0,4,0,0,1,1,6,6,3,-1,-1,-1,-1,-1,-1,-1,-1,0,-1
2024010524430,2024,010524430,2,1,0,16,19,1,3,9,9,2,0,0,0,0,4,1,6,6,1,18,4,-1,-1,-1,-1,2,E01002072,0,1
2024991431234,2024,991431234,2,9,0,-1,19,6,2,-1,0,0,0,0,0,0,1,1,-1,9,1,62,9,-1,-1,-1,-1,1,-1,0,1
2024131488793,2024,131488793,2,1,0,-1,19,1,5,-1,0,8,0,0,0,0,1,1,-1,9,1,14,3,-1,-1,-1,-1,3,E01011323,0,1
2024440471930,2024,440471930,1,1,0,18,19,2,6,0,0,8,0,0,0,0,1,1,1,1,1,39,7,-1,-1,-1,-1,3,E01017082,0,1
2024522403078,2024,522403078,1,-1,0,18,19,2,6,0,0,8,0,0,0,0,3,1,6,6,1,44,7,-1,-1,-1,-1,8,E01014637,1,1
2024010491230,2024,010491230,2,9,0,99,99,9,9,99,99,9,9,99,9,99,2,9,6,6,3,-1,-1,-1,-1,-1,-1,-1,-1,0,-1
2024451439229,2024,451439229,2,9,0,-1,9,5,1,-1,0,5,0,0,0,0,1,1,-1,9,2,87,11,-1,-1,-1,-1,8,E01030916,0,3
2024231447693,2024,231447693,1,3,0,-1,19,5,1,-1,0,8,0,0,0,0,1,1,-1,6,1,22,5,-1,-1,-1,-1,4,E01031026,0,1
2024231429684,2024,231429684,2,1,0,-1,19,6,2,-1,0,8,0,0,0,0,4,1,-1,6,1,66,10,-1,-1,-1,-1,9,E01031289,0,1
2024430161232,2024,430161232,4,9,0,4,4,5,1,0,0,0,0,0,0,0,2,1,6,6,1,19,4,-1,-1,-1,-1,6,E01002661,0,3
2024010493075,2024,010493075,2,9,0,18,19,1,5,0,0,8,0,0,0,0,4,1,6,6,2,52,8,-1,-1,-1,-1,8,E01030469,0,4
2024451519099,2024,451519099,2,1,0,-1,14,3,7,-1,0,0,0,0,0,0,1,1,-1,2,1,60,9,-1,-1,-1,-1,7,E01030734,0,1
2024010506111,2024,010506111,1,9,0,13,13,7,3,0,0,0,1,0,0,0,2,1,6,6,1,28,6,-1,-1,-1,-1,-1,-1,0,-1
2024101455212,2024,101455212,2,9,0,-1,19,5,1,-1,0,0,0,0,0,0,1,1,-1,1,1,43,7,-1,-1,-1,-1,7,E01008877,0,1
2024991473188,2024,991473188,1,5,0,-1,19,7,4,-1,0,0,0,0,7,0,4,1,-1,9,1,37,7,-1,-1,-1,-1,5,E01027553,0,4
2024010507513,2024,010507513,1,1,9,99,99,9,9,99,99,9,9,99,9,99,9,1,6,6,2,28,6,-1,-1,-1,-1,5,E01002798,0,1
2024010496686,2024,010496686,1,8,0,18,19,7,3,0,0,2,0,10,7,2,1,1,6,6,1,40,7,-1,-1,-1,-1,3,E01033944,0,1
2024311488253,2024,311488253,2,1,0,-1,12,3,7,-1,0,8,0,0,0,0,2,1,-1,9,2,53,8,-1,-1,-1,-1,-1,-1,0,-1
2024320722922,2024,320722922,2,1,0,-1,-1,3,7,0,0,8,0,0,0,0,4,1,6,6,1,14,3,-1,-1,-1,-1,9,E01034697,0,1
2024010537378,2024,010537378,2,9,0,99,99,9,9,99,99,9,9,99,9,99,1,9,6,6,3,-1,-1,-1,-1,-1,-1,-1,-1,0,-1
2024070659593,2024,070659593,1,1,0,18,19,5,1,0,0,1,0,0,0,0,1,1,6,6,1,-1,-1,-1,-1,-1,-1,8,E01018359,0,1
2024451433173,2024,451433173,1,19,0,-1,19,6,2,-1,0,0,1,0,0,0,3,1,-1,2,1,45,7,-1,-1,-1,-1,7,E01031616,0,4
2024010538320,2024,010538320,1,21,0,18,19,4,8,0,0,0,0,0,0,0,3,1,1,1,1,66,10,-1,-1,-1,-1,9,E01017406,0,4
2024522402681,2024,522402681,2,-1,0,18,19,5,1,0,0,0,0,0,0,0,1,1,6,6,1,25,5,-1,-1,-1,-1,8,E01015003,1,1
2024122400799,2024,122400799,2,9,0,11,11,1,4,0,0,3,1,7,7,1,2,1,6,6,1,51,8,-1,-1,-1,-1,9,E01013431,0,1
2024340WN3332,2024,340WN3332,2,9,0,-1,19,5,1,-1,0,1,0,0,1,9,3,1,-1,6,1,45,7,-1,-1,-1,-1,8,E01027028,0,1
2024501528088,2024,501528088,3,1,0,-1,19,-1,-1,-1,0,9,0,0,0,0,1,1,-1,2,1,63,9,-1,-1,-1,-1,6,E01018808,0,1
2024052402458,2024,052402458,1,9,0,18,19,3,7,0,0,0,0,0,0,0,0,1,1,1,1,-1,-1,-1,-1,-1,-1,-1,-1,0,-1
2024010487287,2024,010487287,1,9,0,18,19,5,1,0,0,0,0,0,0,0,2,1,6,6,1,40,7,-1,-1,-1,-1,3,E01002672,0,3
2024010500788,2024,010500788,2,9,9,99,99,9,9,99,99,0,9,99,9,99,9,9,6,6,3,-1,-1,-1,-1,-1,-1,-1,-1,0,-1
2024010528342,2024,010528342,2,8,0,99,99,9,9,99,99,9,9,99,9,99,2,9,6,6,3,-1,-1,-1,-1,-1,-1,7,E01016491,0,1
2024041453622,2024,041453622,1,9,0,-1,14,7,3,-1,0,1,1,0,7,0,1,1,-1,9,1,58,9,-1,-1,-1,-1,9,E01010774,0,4
2024131565479,2024,131565479,2,1,0,-1,19,5,1,-1,0,2,0,0,0,0,1,1,-1,6,1,25,5,-1,-1,-1,-1,2,E01011010,0,1
2024411540872,2024,411540872,2,1,0,-1,19,5,1,-1,0,8,0,0,0,0,3,1,-1,6,2,32,6,-1,-1,-1,-1,10,E01023460,0,1
2024010532560,2024,010532560,2,9,0,9,9,2,8,0,0,8,0,0,0,0,1,1,6,6,2,25,5,-1,-1,-1,-1,4,E01033915,0,1
2024161394361,2024,161394361,1,9,0,-1,19,8,4,-1,0,0,0,0,0,0,1,1,-1,9,1,45,7,-1,-1,-1,-1,2,E01012871,0,2
2024010493051,2024,010493051,2,9,0,99,99,9,9,99,99,9,9,99,9,99,9,9,6,6,3,-1,-1,-1,-1,-1,-1,-1,-1,0,-1
2024010511384,2024,010511384,1,9,0,99,99,9,9,99,99,9,9,99,9,99,2,9,6,6,1,59,9,-1,-1,-1,-1,2,E01003502,0,1
2024302400103,2024,302400103,1,9,0,6,6,6,6,0,0,8,0,0,0,0,3,1,6,6,1,33,6,-1,-1,-1,-1,3,E01019577,0,1
2024070124795,2024,070124795,1,1,0,18,19,7,3,0,0,8,0,0,0,0,1,1,6,6,1,64,9,-1,-1,-1,-1,5,E01018728,0,3
2024111395110,2024,111395110,2,1,0,-1,19,1,5,-1,0,8,0,0,1,0,1,1,-1,9,1,63,9,-1,-1,-1,-1,-1,-1,0,-1
2024401403810,2024,401403810,1,9,0,-1,19,7,3,-1,0,1,0,0,0,0,1,9,-1,6,3,-1,-1,-1,-1,-1,-1,-1,-1,0,-1
2024421530546,2024,421530546,1,-1,0,-1,14,2,4,-1,9,2,5,0,0,0,1,1,-1,9,1,18,4,-1,-1,-1,-1,3,E01021418,1,2
2024522401125,2024,522401125,2,-1,0,18,19,4,8,0,0,8,0,0,0,0,1,1,6,6,2,29,6,-1,-1,-1,-1,1,E01014729,1,1
2024522401742,2024,522401742,2,9,0,1,1,1,5,0,0,8,0,0,0,0,2,1,6,6,1,-1,-1,-1,-1,-1,-1,-1,-1,0,-1
2024052401729,2024,052401729,6,9,0,18,19,4,8,0,0,0,0,0,0,0,2,1,6,6,1,21,5,-1,-1,-1,-1,2,E01006868,0,4
2024131498358,2024,131498358,1,9,0,-1,19,1,5,-1,0,0,0,0,0,0,1,1,-1,9,2,35,6,-1,-1,-1,-1,4,E01010855,0,1
2024010526211,2024,010526211,1,1,9,5,5,9,9,99,99,9,9,99,9,99,9,1,6,6,1,50,8,-1,-1,-1,-1,4,E01003209,0,1
2024010526382,2024,010526382,1,9,0,17,19,5,1,0,0,1,0,0,0,0,2,1,6,6,1,52,8,-1,-1,-1,-1,8,E01000393,0,1
2024131474707,2024,131474707,2,22,0,-1,19,1,5,-1,0,8,0,0,0,0,3,1,-1,9,1,75,10,-1,-1,-1,-1,8,E01011605,0,1
2024141532266,2024,141532266,1,9,0,-1,19,2,6,-1,0,1,0,0,0,0,4,1,-1,6,1,52,8,-1,-1,-1,-1,7,E01034252,0,1
202417L204324,2024,17L204324,1,9,0,-1,14,8,4,-1,0,0,0,0,0,0,1,1,-1,6,2,-1,-1,-1,-1,-1,-1,-1,-1,0,-1
2024010546902,2024,010546902,2,1,0,10,10,3,1,0,0,8,0,0,0,0,1,1,6,6,1,45,7,-1,-1,-1,-1,2,E01001753,0,1
2024101496620,2024,101496620,1,9,0,-1,5,1,5,-1,0,3,0,0,0,0,0,1,-1,6,3,-1,-1,-1,-1,-1,-1,-1,-1,0,-1
2024522401397,2024,522401397,2,1,0,18,19,5,1,0,0,2,0,7,0,0,2,1,6,6,1,61,9,-1,-1,-1,-1,7,E01014803,0,1
2024411395112,2024,411395112,1,9,0,-1,4,-1,-1,-1,0,0,0,0,0,0,1,9,-1,6,3,-1,-1,-1,-1,-1,-1,-1,-1,0,-1
2024302401368,2024,302401368,1,9,0,9,9,2,7,0,0,1,0,0,0,0,1,1,6,6,1,31,6,-1,-1,-1,-1,6,E01019786,0,2
2024061530902,2024,061530902,1,-1,0,-1,5,-1,-1,-1,99,9,0,0,0,0,4,1,-1,6,1,13,3,-1,-1,-1,-1,1,E01005340,0,1
2024421423292,2024,421423292,2,9,0,-1,3,5,1,-1,0,1,0,0,0,0,2,9,-1,6,1,27,6,-1,-1,-1,-1,7,E01015979,0,1
2024351463908,2024,351463908,2,1,0,-1,7,1,5,-1,0,0,0,0,0,0,4,1,-1,7,1,12,3,-1,-1,-1,-1,5,E01018069,0,1
2024340WN4912,2024,340WN4912,1,9,0,-1,19,7,3,-1,0,0,0,0,0,0,4,1,-1,9,2,28,6,-1,-1,-1,-1,5,E01027192,0,1
2024010545477,2024,010545477,1,19,0,99,99,9,9,0,0,6,0,0,0,0,2,9,6,6,3,-1,-1,-1,-1,-1,-1,-1,-1,0,-1
2024161396594,2024,161396594,1,1,0,-1,19,2,6,-1,0,1,0,0,0,0,1,1,-1,6,1,22,5,-1,-1,-1,-1,-1,-1,0,-1
2024991515834,2024,991515834,1,9,0,-1,19,5,1,-1,0,0,0,0,0,0,3,1,-1,2,2,25,5,-1,-1,-1,-1,10,-1,0,1
2024340NN3432,2024,340NN3432,1,4,0,-1,19,1,5,-1,0,1,1,0,0,0,0,1,-1,1,1,40,7,-1,-1,-1,-1,4,E01027352,0,1
2024221525576,2024,221525576,1,3,0,-1,3,6,2,-1,0,8,0,0,1,0,2,1,-1,1,1,38,7,-1,-1,-1,-1,2,E01013994,0,1
2024520401336,2024,520401336,1,9,0,18,19,3,7,0,0,0,0,0,0,0,1,1,6,6,1,48,8,-1,-1,-1,-1,8,E01035118,0,1
2024041460975,2024,041460975,1,9,0,-1,19,-1,-1,-1,0,0,0,0,0,0,-1,9,-1,6,3,-1,-1,-1,-1,-1,-1,-1,-1,0,-1
2024141508063,2024,141508063,2,1,0,-1,19,7,8,-1,0,1,5,0,0,0,2,1,-1,6,1,8,2,-1,-1,-1,-1,2,E01007579,0,1
2024991429117,2024,991429117,2,9,0,-1,4,7,3,-1,0,0,0,0,0,0,1,1,-1,2,1,24,5,-1,-1,-1,-1,7,-1,0,3
202460Q190906,2024,60Q190906,1,9,0,5,5,5,7,0,0,1,0,0,0,0,1,1,6,6,3,-1,-1,-1,-1,-1,-1,-1,-1,0,-1
2024440538465,2024,440538465,1,9,0,7,7,6,8,0,0,1,0,0,0,0,4,1,6,6,1,44,7,-1,-1,-1,-1,7,E01002986,0,4
2024061404537,2024,061404537,2,9,0,-1,19,5,1,-1,0,0,0,0,0,0,0,1,-1,2,1,51,8,-1,-1,-1,-1,-1,-1,0,-1
2024471508890,2024,471508890,2,1,0,-1,19,5,2,-1,9,2,0,0,0,0,1,1,-1,6,1,43,7,-1,-1,-1,-1,2,E01031432,0,1
2024010549035,2024,010549035,1,97,0,99,99,9,9,99,99,9,9,99,9,99,1,1,6,6,3,-1,-1,-1,-1,-1,-1,-1,-1,0,-1
2024340WN3862,2024,340WN3862,1,9,0,-1,11,1,5,-1,0,0,0,0,0,0,0,1,-1,6,1,-1,-1,-1,-1,-1,-1,-1,-1,0,-1
2024010503453,2024,010503453,1,1,9,99,99,9,9,99,99,1,9,99,9,99,9,1,2,2,1,35,6,-1,-1,-1,-1,4,E01004031,0,1
2024461491662,2024,461491662,1,9,0,-1,19,2,6,-1,0,0,0,4,1,0,2,9,-1,6,1,41,7,-1,-1,-1,-1,-1,-1,0,-1
2024161407576,2024,161407576,1,1,0,-1,19,3,7,-1,0,1,0,0,0,0,4,1,-1,1,1,29,6,-1,-1,-1,-1,1,E01012850,0,1
2024201480594,2024,201480594,2,-1,0,-1,19,2,6,-1,0,0,0,8,0,0,1,1,-1,2,1,25,5,-1,-1,-1,-1,1,E01033648,1,1
2024351452608,2024,351452608,1,9,0,-1,2,0,0,-1,-1,0,0,0,0,0,3,1,-1,6,3,-1,-1,-1,-1,-1,-1,-1,-1,0,-1
2024461471443,2024,461471443,2,1,0,-1,19,3,7,-1,0,1,0,0,0,0,1,1,-1,6,1,12,3,-1,-1,-1,-1,4,E01024492,0,1
2024440009050,2024,440009050,2,1,0,17,19,7,4,0,0,8,0,0,0,0,1,1,6,6,1,52,8,-1,-1,-1,-1,8,E01023170,0,1
2024332401184,2024,332401184,1,1,0,-1,5,1,5,-1,0,1,0,0,0,0,1,1,-1,9,1,66,10,-1,-1,-1,-1,6,E01013609,0,1
2024010527820,2024,010527820,1,1,9,99,99,9,9,99,99,0,9,99,9,99,1,1,2,2,1,29,6,-1,-1,-1,-1,4,E01003031,0,1
2024161506562,2024,161506562,1,9,9,-1,99,1,5,-1,99,0,9,99,9,0,9,9,-1,6,1,-1,-1,-1,-1,-1,-1,-1,-1,0,-1
2024421452332,2024,421452332,1,9,0,-1,19,6,2,-1,0,1,0,0,0,0,1,9,-1,6,3,-1,-1,-1,-1,-1,-1,-1,-1,0,-1
2024332400114,2024,332400114,1,9,0,-1,9,3,8,-1,0,6,0,0,0,0,4,1,-1,6,1,83,11,-1,-1,-1,-1,7,E01025674,0,1
2024451458951,2024,451458951,1,9,0,-1,19,1,5,-1,0,1,0,0,2,4,1,1,-1,9,1,18,4,-1,-1,-1,-1,4,E01030788,0,3
2024371440775,2024,371440775,1,9,0,-1,4,7,3,-1,0,0,0,0,0,0,4,1,-1,9,1,41,7,-1,-1,-1,-1,6,E01030002,0,2
2024371442531,2024,371442531,1,9,0,-1,19,2,8,-1,0,3,0,0,0,0,1,9,-1,6,3,-1,-1,-1,-1,-1,-1,-1,-1,0,-1