collision_index,collision_year,collision_ref_no,vehicle_reference,vehicle_type,towing_and_articulation,vehicle_manoeuvre_historic,vehicle_manoeuvre,vehicle_direction_from,vehicle_direction_to,vehicle_location_restricted_lane_historic,vehicle_location_restricted_lane,junction_location,skidding_and_overturning,hit_object_in_carriageway,vehicle_leaving_carriageway,hit_object_off_carriageway,first_point_of_impact,vehicle_left_hand_drive,journey_purpose_of_driver_historic,journey_purpose_of_driver,sex_of_driver,age_of_driver,age_band_of_driver,engine_capacity_cc,propulsion_code,age_of_vehicle,generic_make_model,driver_imd_decile,lsoa_of_driver,escooter_flag,driver_distance_banding
2024101520936,2024,101520936,1,9,0,-1,19,5,1,-1,0,8,0,0,0,0,0,9,-1,6,3,-1,-1,-1,-1,-1,-1,-1,-1,0,-1
2024041569079,2024,041569079,2,1,0,-1,19,6,2,-1,0,0,0,0,0,0,1,1,-1,6,1,65,9,-1,-1,-1,-1,3,E01024889,0,3
2024010496160,2024,010496160,2,9,0,9,9,2,7,0,0,1,0,0,0,0,1,1,6,6,1,33,6,-1,-1,-1,-1,9,E01023036,0,5
2024991449255,2024,991449255,1,9,0,-1,3,7,3,-1,0,4,0,0,0,0,0,1,-1,9,2,67,10,-1,-1,-1,-1,10,-1,0,1
2024010511296,2024,010511296,1,9,9,99,99,9,9,0,0,6,0,99,9,99,9,9,6,6,3,-1,-1,-1,-1,-1,-1,-1,-1,0,-1
2024010536894,2024,010536894,1,9,0,4,4,1,5,0,0,1,0,0,0,0,1,1,6,6,1,52,8,-1,-1,-1,-1,6,E01000231,0,1
2024520500440,2024,520500440,2,9,0,9,9,2,1,0,0,8,0,0,0,0,1,1,6,6,3,-1,-1,-1,-1,-1,-1,-1,-1,0,-1
2024622400270,2024,622400270,1,1,0,18,19,6,2,0,0,0,0,0,0,0,0,1,6,6,1,14,3,-1,-1,-1,-1,2,W01000788,0,1
2024010493873,2024,010493873,2,9,0,18,19,5,1,0,0,1,0,0,0,0,3,1,6,6,1,57,9,-1,-1,-1,-1,6,E01001065,0,2
2024010495602,2024,010495602,2,1,0,12,12,7,3,0,0,8,0,0,0,0,3,1,2,2,1,37,7,-1,-1,-1,-1,3,E01035650,0,1
2024991433555,2024,991433555,3,9,0,-1,2,1,1,-1,0,8,0,0,0,0,3,1,-1,6,3,-1,-1,-1,-1,-1,-1,-1,-1,0,-1
2024010522874,2024,010522874,2,9,0,18,19,3,7,0,0,1,0,0,0,0,1,1,6,6,3,-1,-1,-1,-1,-1,-1,-1,-1,0,-1
2024041435492,2024,041435492,1,9,0,-1,19,2,6,-1,0,2,0,0,0,0,-1,9,-1,6,3,-1,-1,-1,-1,-1,-1,-1,-1,0,-1
2024141472697,2024,141472697,2,1,0,-1,19,5,1,-1,0,1,0,0,1,10,4,1,-1,6,1,11,3,-1,-1,-1,-1,1,E01007372,0,1
2024451422565,2024,451422565,2,90,0,-1,19,8,4,-1,0,0,0,0,0,0,1,1,-1,6,1,42,7,-1,-1,-1,-1,6,E01017049,0,4
2024010494932,2024,010494932,2,9,0,9,9,7,4,0,0,1,0,0,0,0,1,1,6,6,1,41,7,-1,-1,-1,-1,6,E01031601,0,4
2024131433505,2024,131433505,1,9,0,-1,19,2,6,-1,0,1,0,0,0,0,1,1,-1,6,3,-1,-1,-1,-1,-1,-1,-1,-1,0,-1
2024010487903,2024,010487903,3,9,0,14,14,1,5,0,0,0,1,0,0,0,1,1,6,6,1,-1,-1,-1,-1,-1,-1,3,E01032774,0,1
2024221476158,2024,221476158,2,1,0,-1,19,4,7,-1,0,8,0,0,0,0,4,1,-1,6,1,46,8,-1,-1,-1,-1,4,E01014191,0,1
2024302401006,2024,302401006,1,9,0,18,19,1,5,0,0,0,2,0,0,0,1,1,6,6,1,21,5,-1,-1,-1,-1,4,E01019742,0,1
2024010532940,2024,010532940,1,1,9,99,99,9,9,99,99,9,9,99,9,99,1,1,6,6,1,31,6,-1,-1,-1,-1,7,E01017420,0,4
2024010550424,2024,010550424,1,9,0,18,19,4,8,0,0,0,0,0,0,0,1,1,6,6,1,30,6,-1,-1,-1,-1,7,E01002203,0,1
2024010517887,2024,010517887,1,1,9,18,19,9,9,99,99,0,9,99,9,99,1,1,2,2,2,27,6,-1,-1,-1,-1,5,E01035707,0,1
2024351502467,2024,351502467,4,9,0,-1,19,3,7,-1,0,0,1,0,0,0,1,1,-1,6,1,20,4,-1,-1,-1,-1,9,E01018012,0,2
2024451458890,2024,451458890,3,1,0,-1,19,5,1,-1,0,1,0,0,1,0,2,1,-1,9,1,60,9,-1,-1,-1,-1,10,E01030967,0,3
2024101520291,2024,101520291,2,1,0,-1,19,5,2,-1,0,8,0,0,0,0,1,1,-1,9,1,35,6,-1,-1,-1,-1,3,E01008511,0,2
2024371498048,2024,371498048,1,1,0,-1,19,7,3,-1,0,0,0,0,0,0,1,1,-1,7,1,13,3,-1,-1,-1,-1,4,E01030267,0,1
2024052402324,2024,052402324,1,23,0,18,19,7,3,0,0,8,0,0,0,0,1,1,6,6,1,22,5,-1,-1,-1,-1,2,E01007216,0,2
2024010496257,2024,010496257,2,9,0,9,9,1,6,0,0,5,0,0,0,0,4,1,6,6,1,34,6,-1,-1,-1,-1,4,E01000474,0,1
2024010545347,2024,010545347,1,9,0,5,5,1,5,0,0,8,0,0,0,0,1,1,6,6,3,-1,-1,-1,-1,-1,-1,-1,-1,0,-1
2024332400398,2024,332400398,2,9,0,-1,19,9,9,-1,0,0,0,0,0,0,1,1,-1,6,3,-1,-1,-1,-1,-1,-1,-1,-1,0,-1
2024010488622,2024,010488622,2,4,0,10,10,2,1,0,0,1,0,0,0,0,2,1,1,1,1,34,6,-1,-1,-1,-1,6,E01003163,0,2
2024430432968,2024,430432968,2,9,0,18,19,2,6,0,0,0,0,0,1,4,3,1,6,6,2,35,6,-1,-1,-1,-1,3,E01016449,0,1
2024201474642,2024,201474642,2,-1,0,-1,19,7,3,-1,0,1,1,0,0,0,3,1,-1,9,1,19,4,-1,-1,-1,-1,2,E01010472,1,1
2024501442435,2024,501442435,1,9,0,-1,19,1,5,-1,0,0,0,0,0,0,1,1,-1,6,3,-1,-1,-1,-1,-1,-1,-1,-1,0,-1
2024211543505,2024,211543505,2,1,0,-1,19,3,3,-1,0,1,0,0,0,0,1,1,-1,2,1,17,4,-1,-1,-1,-1,-1,-1,0,-1
2024471486454,2024,471486454,2,5,0,-1,19,3,7,-1,0,1,0,0,0,0,1,1,-1,6,1,36,7,-1,-1,-1,-1,7,E01021009,0,1
2024010514756,2024,010514756,1,9,9,99,99,9,9,99,99,9,9,99,9,99,9,1,6,6,3,-1,-1,-1,-1,-1,-1,-1,-1,0,-1
2024440454122,2024,440454122,1,9,0,5,5,4,8,0,0,0,0,0,0,0,1,1,6,6,1,-1,-1,-1,-1,-1,-1,-1,-1,0,-1
2024010526226,2024,010526226,2,9,9,99,99,9,9,99,99,9,9,99,9,99,9,9,6,6,3,-1,-1,-1,-1,-1,-1,-1,-1,0,-1
2024101410443,2024,101410443,1,9,0,-1,19,4,8,-1,0,0,0,0,0,0,1,1,-1,6,2,30,6,-1,-1,-1,-1,-1,-1,0,-1
2024010516284,2024,010516284,1,1,0,18,19,7,3,0,0,1,0,0,0,0,1,1,6,6,1,23,5,-1,-1,-1,-1,2,E01001719,0,1
2024070642502,2024,070642502,2,1,0,18,19,3,7,0,0,1,0,0,0,0,1,1,6,6,1,57,9,-1,-1,-1,-1,1,E01012420,0,3
2024201418971,2024,201418971,1,9,0,-1,19,1,5,-1,0,0,0,0,0,0,1,9,-1,6,2,30,6,-1,-1,-1,-1,-1,-1,0,-1
2024430009724,2024,430009724,6,9,0,18,19,8,4,0,0,0,0,0,0,0,1,1,6,6,1,69,10,-1,-1,-1,-1,10,E01017746,0,4
2024010492627,2024,010492627,2,3,0,18,19,6,2,0,0,1,0,0,0,0,3,1,6,6,2,24,5,-1,-1,-1,-1,7,E01001160,0,2
2024010537193,2024,010537193,1,9,9,99,99,9,9,99,99,9,9,99,9,99,9,9,6,6,3,-1,-1,-1,-1,-1,-1,-1,-1,0,-1
2024010536781,2024,010536781,2,90,0,99,99,9,9,99,99,9,9,99,9,99,9,9,6,6,3,-1,-1,-1,-1,-1,-1,5,E01000609,0,1
2024010521537,2024,010521537,1,9,0,99,99,9,9,99,99,9,9,99,9,99,9,9,6,6,1,25,5,-1,-1,-1,-1,8,E01002238,0,1
2024010487936,2024,010487936,2,9,0,8,8,7,2,0,0,1,0,0,0,0,1,1,6,6,1,23,5,-1,-1,-1,-1,2,E01003092,0,1
2024010532685,2024,010532685,1,1,9,99,99,9,9,99,99,9,9,99,9,99,9,1,6,6,1,50,8,-1,-1,-1,-1,6,E01000911,0,1
2024010494388,2024,010494388,2,9,0,18,19,1,5,0,0,6,0,0,0,0,3,1,6,6,2,23,5,-1,-1,-1,-1,6,E01001991,0,2
2024221498674,2024,221498674,1,9,0,-1,19,1,4,-1,0,0,0,0,0,0,4,9,-1,2,2,48,8,-1,-1,-1,-1,4,E01032479,0,3
2024421469212,2024,421469212,2,9,0,-1,7,3,5,-1,0,8,0,0,1,3,2,1,-1,1,2,51,8,-1,-1,-1,-1,4,E01002313,0,2
2024440360963,2024,440360963,2,-1,0,18,19,4,8,0,0,1,0,0,0,0,3,1,6,6,1,55,8,-1,-1,-1,-1,4,E01017071,1,1
2024302401610,2024,302401610,3,9,0,2,2,0,0,0,0,1,0,0,0,0,0,1,6,6,3,-1,-1,-1,-1,-1,-1,-1,-1,0,-1
2024122401222,2024,122401222,1,9,0,18,19,2,6,0,0,0,0,0,0,0,1,1,6,6,3,-1,-1,-1,-1,-1,-1,-1,-1,0,-1
2024549392624,2024,549392624,1,9,0,18,19,6,2,0,0,1,0,0,0,0,1,1,6,6,1,76,11,-1,-1,-1,-1,5,E01031908,0,1
2024052400257,2024,052400257,1,9,0,18,19,5,1,0,0,1,0,0,0,0,1,1,6,6,3,-1,-1,-1,-1,-1,-1,-1,-1,0,-1
2024010544869,2024,010544869,2,90,0,99,99,9,9,99,99,9,9,99,9,99,1,9,6,6,3,-1,-1,-1,-1,-1,-1,-1,-1,0,-1
2024302400738,2024,302400738,2,1,0,18,19,4,8,0,0,6,0,0,0,0,1,1,6,6,1,4,1,-1,-1,-1,-1,2,E01019498,0,1
2024041518877,2024,041518877,1,1,0,-1,19,3,7,-1,0,4,0,0,0,0,3,1,-1,6,1,25,5,-1,-1,-1,-1,2,E01025503,0,1
2024010490065,2024,010490065,2,9,0,99,99,9,9,99,99,9,9,99,9,99,1,9,6,6,1,67,10,-1,-1,-1,-1,8,E01001134,0,3
2024010497174,2024,010497174,1,9,0,99,99,9,9,99,99,0,9,99,9,99,9,9,6,6,1,24,5,-1,-1,-1,-1,5,E01004172,0,1
2024010518563,2024,010518563,1,9,0,18,19,5,1,5,5,8,0,0,0,0,1,1,1,1,1,51,8,-1,-1,-1,-1,2,E01004204,0,1
202417S101124,2024,17S101124,2,1,0,18,19,5,1,0,0,6,0,0,0,0,1,1,2,2,1,36,7,-1,-1,-1,-1,-1,-1,0,-1
2024320542710,2024,320542710,2,9,0,4,4,8,4,0,0,0,0,0,0,0,2,1,6,6,1,45,7,-1,-1,-1,-1,-1,-1,0,-1
2024111487959,2024,111487959,1,9,0,-1,19,5,1,-1,0,0,0,0,0,0,1,1,-1,6,3,30,6,-1,-1,-1,-1,-1,-1,0,-1
2024111401505,2024,111401505,2,9,0,-1,19,3,7,-1,0,1,0,0,0,0,1,1,-1,2,2,32,6,-1,-1,-1,-1,1,E01020724,0,1
2024010493359,2024,010493359,2,9,0,99,99,9,9,99,99,9,9,99,9,99,9,9,6,6,3,-1,-1,-1,-1,-1,-1,-1,-1,0,-1
2024471483914,2024,471483914,3,9,0,-1,19,7,3,-1,0,0,0,0,0,0,0,9,-1,6,3,-1,-1,-1,-1,-1,-1,-1,-1,0,-1
2024141490886,2024,141490886,2,1,0,-1,19,3,7,-1,0,1,5,0,0,0,4,1,-1,2,1,54,8,-1,-1,-1,-1,8,E01007678,0,1
2024545340124,2024,545340124,1,1,0,9,9,4,2,0,0,1,0,0,0,0,1,1,2,2,1,17,4,-1,-1,-1,-1,7,E01033842,0,2
2024010547753,2024,010547753,2,9,0,18,19,6,2,0,0,2,0,0,0,0,1,1,6,6,3,-1,-1,-1,-1,-1,-1,-1,-1,0,-1
2024481563668,2024,481563668,3,1,0,-1,19,5,1,-1,0,1,0,0,0,0,1,1,-1,2,2,27,6,-1,-1,-1,-1,-1,-1,0,-1
2024461420414,2024,461420414,2,9,0,-1,2,8,4,-1,-1,0,0,0,4,0,2,1,-1,2,1,23,5,-1,-1,-1,-1,9,E01024483,0,2
2024461438491,2024,461438491,2,1,0,-1,19,3,7,-1,0,1,0,11,0,0,3,1,-1,2,1,60,9,-1,-1,-1,-1,6,E01024301,0,3
2024201413671,2024,201413671,1,9,0,-1,9,6,4,-1,0,6,0,0,0,0,1,1,-1,6,3,-1,-1,-1,-1,-1,-1,-1,-1,0,-1
2024131434589,2024,131434589,2,1,0,-1,19,8,4,-1,0,8,0,0,0,0,1,1,-1,6,1,15,3,-1,-1,-1,-1,4,E01010849,0,1
2024430441078,2024,430441078,2,1,0,18,19,7,3,0,0,8,0,0,0,0,1,1,6,6,2,40,7,-1,-1,-1,-1,-1,-1,0,-1
2024991471626,2024,991471626,1,9,0,-1,3,5,8,-1,0,1,0,0,0,0,3,9,-1,6,3,-1,-1,-1,-1,-1,-1,-1,-1,0,-1
2024010506377,2024,010506377,1,9,0,9,9,5,2,0,0,1,0,0,0,0,1,1,6,6,3,-1,-1,-1,-1,-1,-1,-1,-1,0,-1
2024061445405,2024,061445405,1,9,0,-1,19,4,-1,-1,0,1,0,0,0,0,1,9,-1,6,1,-1,-1,-1,-1,-1,-1,-1,-1,0,-1
2024071089609,2024,071089609,1,9,0,-1,9,7,1,-1,0,8,1,0,0,0,1,1,-1,6,1,23,5,-1,-1,-1,-1,10,E01035384,0,1
2024010543304,2024,010543304,2,1,0,9,9,7,5,9,9,1,2,0,0,0,3,1,6,6,2,20,4,-1,-1,-1,-1,3,E01004283,0,1
2024131485879,2024,131485879,1,9,0,-1,19,5,1,-1,0,1,1,0,1,1,1,1,-1,1,1,29,6,-1,-1,-1,-1,4,E01032489,0,3
2024430008330,2024,430008330,1,9,0,18,19,2,6,0,0,1,0,0,0,0,0,1,6,6,1,-1,-1,-1,-1,-1,-1,-1,-1,0,-1
2024552400351,2024,552400351,2,9,0,10,10,4,1,0,0,1,0,0,0,0,3,1,2,2,2,41,7,-1,-1,-1,-1,2,E01015273,0,1
2024052400313,2024,052400313,2,9,0,18,19,5,1,0,0,1,0,0,0,0,1,1,6,6,1,24,5,-1,-1,-1,-1,2,E01007218,0,1
2024010488418,2024,010488418,1,97,0,18,19,3,7,2,2,0,5,0,0,0,1,1,6,6,3,-1,-1,-1,-1,-1,-1,-1,-1,0,-1
2024351496667,2024,351496667,2,1,0,-1,5,2,6,-1,4,0,0,0,0,0,1,1,-1,7,2,9,2,-1,-1,-1,-1,10,E01017955,0,1
2024010550875,2024,010550875,4,9,0,18,19,7,3,0,0,0,0,0,0,0,2,1,6,6,1,32,6,-1,-1,-1,-1,10,E01026187,0,5
2024221447230,2024,221447230,1,9,0,-1,1,8,2,-1,0,8,0,0,0,0,2,9,-1,6,2,50,8,-1,-1,-1,-1,5,E01014035,0,4
2024010515058,2024,010515058,1,9,0,99,99,9,9,99,99,9,9,99,9,99,9,9,2,2,2,58,9,-1,-1,-1,-1,3,E01002139,0,1
2024061501214,2024,061501214,2,1,0,-1,19,8,4,-1,4,1,0,0,1,0,3,1,-1,9,1,27,6,-1,-1,-1,-1,3,E01005998,0,2
2024411451520,2024,411451520,2,9,0,-1,19,3,7,-1,0,8,0,0,0,0,1,1,-1,6,1,49,8,-1,-1,-1,-1,4,E01023418,0,1
2024010495791,2024,010495791,2,19,0,3,3,6,2,0,0,1,0,0,0,0,2,1,1,1,1,54,8,-1,-1,-1,-1,2,E01024306,0,4
2024451527505,2024,451527505,2,9,0,-1,19,1,8,-1,0,1,0,0,0,0,1,2,-1,9,2,21,5,-1,-1,-1,-1,6,E01026494,0,5
2024440305030,2024,440305030,1,5,0,18,19,7,3,0,0,1,0,0,0,0,3,1,6,6,1,61,9,-1,-1,-1,-1,8,E01032033,0,2
2024430466959,2024,430466959,2,5,0,18,19,4,8,0,0,8,0,0,0,0,1,1,6,6,1,56,9,-1,-1,-1,-1,7,E01016285,0,3
2024520402260,2024,520402260,1,90,0,9,9,8,6,0,0,8,0,0,0,0,1,1,6,6,1,24,5,-1,-1,-1,-1,8,E01029176,0,1
2024302400581,2024,302400581,1,90,0,18,19,2,6,0,0,0,0,0,0,0,3,2,6,6,3,-1,-1,-1,-1,-1,-1,5,E01019456,0,4
2024010545895,2024,010545895,1,1,9,99,99,9,9,99,99,9,9,99,9,99,9,1,6,6,1,33,6,-1,-1,-1,-1,5,E01004591,0,1
2024631399672,2024,631399672,2,9,0,-1,19,4,8,-1,0,0,0,0,1,10,3,1,-1,2,2,70,10,-1,-1,-1,-1,8,W01000573,0,2
2024010544030,2024,010544030,1,9,0,-1,-1,7,3,0,0,0,1,0,2,7,1,1,6,6,2,41,7,-1,-1,-1,-1,2,E01033737,0,2
2024131395382,2024,131395382,1,9,0,-1,19,1,1,-1,9,0,1,0,1,0,1,1,-1,9,1,19,4,-1,-1,-1,-1,5,E01011602,0,1
2024041495763,2024,041495763,2,1,0,-1,19,5,1,-1,9,0,0,0,0,0,1,1,-1,6,2,6,2,-1,-1,-1,-1,5,E01025589,0,1
2024461472628,2024,461472628,1,9,0,-1,5,7,3,-1,0,8,0,0,0,0,1,9,-1,6,3,24,5,-1,-1,-1,-1,-1,-1,0,-1
2024131426214,2024,131426214,2,98,0,-1,19,1,5,-1,0,1,0,0,0,0,1,1,-1,6,1,-1,-1,-1,-1,-1,-1,-1,-1,0,-1
2024471504323,2024,471504323,2,9,0,-1,19,5,1,-1,0,0,0,0,0,0,3,9,-1,6,3,-1,-1,-1,-1,-1,-1,-1,-1,0,-1
2024141470279,2024,141470279,1,9,0,-1,19,8,4,-1,0,0,0,0,0,0,2,1,-1,6,2,49,8,-1,-1,-1,-1,-1,-1,0,-1
2024010487547,2024,010487547,1,3,0,99,99,9,9,99,99,9,9,99,9,99,1,1,1,1,1,34,6,-1,-1,-1,-1,4,E01000633,0,1
2024211479767,2024,211479767,1,1,0,-1,19,1,5,-1,0,2,0,0,0,0,1,1,-1,9,1,19,4,-1,-1,-1,-1,1,E01029453,0,1
2024010527185,2024,010527185,1,1,9,99,99,9,9,99,99,9,9,99,9,99,1,1,1,1,1,34,6,-1,-1,-1,-1,2,E01003045,0,1
2024320588100,2024,320588100,1,1,0,-1,-1,8,6,0,0,8,5,0,1,10,1,1,6,6,1,40,7,-1,-1,-1,-1,7,E01026147,0,1
2024430299437,2024,430299437,2,21,1,13,13,8,4,0,0,0,0,0,0,0,1,1,1,1,1,33,6,-1,-1,-1,-1,4,E01023870,0,4
2024061417175,2024,061417175,1,9,-1,-1,-1,-1,-1,-1,-1,-1,-1,-1,-1,0,-1,9,-1,6,3,-1,-1,-1,-1,-1,-1,-1,-1,0,-1
2024311440039,2024,311440039,2,1,0,-1,19,3,7,-1,9,1,1,0,0,0,3,1,-1,9,1,14,3,-1,-1,-1,-1,8,E01028052,0,1
2024361404029,2024,361404029,1,19,0,-1,11,7,4,-1,0,3,0,0,1,2,4,1,-1,2,1,29,6,-1,-1,-1,-1,6,E01027616,0,5
2024010510440,2024,010510440,2,9,0,99,99,9,9,99,99,9,9,99,9,99,1,9,6,6,3,-1,-1,-1,-1,-1,-1,7,E01029166,0,5
2024311477934,2024,311477934,1,9,0,-1,19,5,1,-1,0,0,0,0,0,0,0,1,-1,6,2,56,9,-1,-1,-1,-1,8,E01028348,0,3
2024430478977,2024,430478977,1,3,0,18,19,5,2,0,0,0,0,0,0,0,1,1,6,6,1,28,6,-1,-1,-1,-1,7,E01016778,0,1
2024440222122,2024,440222122,1,9,0,18,19,4,8,0,0,2,0,0,0,0,4,1,6,6,3,-1,-1,-1,-1,-1,-1,-1,-1,0,-1
2024302500142,2024,302500142,2,1,0,-1,19,5,1,-1,0,8,0,0,0,0,1,1,-1,2,1,18,4,-1,-1,-1,-1,4,E01013494,0,1
2024221478763,2024,221478763,1,9,0,-1,14,1,5,-1,0,1,0,0,0,0,4,9,-1,6,3,21,5,-1,-1,-1,-1,-1,-1,0,-1
2024531500809,2024,531500809,2,1,0,-1,19,6,2,-1,0,0,0,0,1,9,3,1,-1,9,1,24,5,-1,-1,-1,-1,9,E01022185,0,1
2024010549124,2024,010549124,2,9,0,14,14,5,1,0,0,2,0,0,0,0,1,1,6,6,3,-1,-1,-1,-1,-1,-1,-1,-1,0,-1
2024545410324,2024,545410324,1,9,0,2,2,0,0,0,0,0,0,0,0,0,3,1,6,6,1,31,6,-1,-1,-1,-1,4,E01032087,0,1
2024401427129,2024,401427129,1,9,-1,-1,19,5,1,-1,0,0,0,0,0,0,4,1,-1,6,3,-1,-1,-1,-1,-1,-1,-1,-1,0,-1
2024131484623,2024,131484623,1,9,0,-1,-1,-1,-1,-1,-1,-1,-1,-1,-1,-1,-1,1,-1,6,3,-1,-1,-1,-1,-1,-1,-1,-1,0,-1
2024131425088,2024,131425088,1,1,0,-1,19,7,3,-1,0,0,0,0,0,0,3,1,-1,9,1,35,6,-1,-1,-1,-1,3,E01011319,0,1
2024111414898,2024,111414898,1,9,0,-1,4,2,6,-1,0,0,0,0,0,0,1,1,-1,6,1,30,6,-1,-1,-1,-1,-1,-1,0,-1
2024010517207,2024,010517207,2,1,0,18,19,8,4,0,0,1,5,0,0,0,4,1,6,6,1,23,5,-1,-1,-1,-1,4,E01003017,0,2
2024461487405,2024,461487405,1,9,0,-1,-1,-1,-1,-1,-1,-1,-1,-1,-1,0,-1,9,-1,6,1,78,11,-1,-1,-1,-1,7,E01018064,0,5
2024991448772,2024,991448772,1,19,3,-1,7,4,6,-1,0,6,0,0,0,0,2,2,-1,9,1,69,10,-1,-1,-1,-1,-1,-1,0,-1
2024131477374,2024,131477374,2,1,0,-1,-1,-1,-1,-1,-1,0,-1,-1,-1,0,-1,1,-1,9,2,7,2,-1,-1,-1,-1,3,E01011776,0,1
2024131413695,2024,131413695,1,9,0,-1,-1,-1,-1,-1,-1,-1,-1,-1,-1,-1,-1,1,-1,6,3,-1,-1,-1,-1,-1,-1,-1,-1,0,-1
2024010527300,2024,010527300,1,1,9,18,19,9,9,99,99,9,9,99,9,99,9,1,6,6,1,46,8,-1,-1,-1,-1,8,E01004514,0,1
2024440196646,2024,440196646,1,1,0,18,19,6,2,0,0,0,0,0,0,0,2,1,2,2,1,25,5,-1,-1,-1,-1,7,E01023165,0,4
2024010539723,2024,010539723,2,1,0,18,19,1,5,0,0,1,0,0,0,0,1,1,6,6,2,27,6,-1,-1,-1,-1,4,E01003211,0,1
2024101404769,2024,101404769,1,19,0,-1,19,4,8,-1,0,8,0,0,0,0,0,9,-1,6,3,-1,-1,-1,-1,-1,-1,-1,-1,0,-1
2024010500458,2024,010500458,1,1,9,99,99,9,9,99,99,0,9,99,9,99,9,1,6,6,1,43,7,-1,-1,-1,-1,9,E01003362,0,1
2024501413892,2024,501413892,2,1,0,-1,19,7,4,-1,0,8,5,0,0,0,9,1,-1,6,1,46,8,-1,-1,-1,-1,4,E01015142,0,1
2024010494526,2024,010494526,2,19,0,18,19,1,5,0,0,3,0,0,0,0,0,1,6,6,1,54,8,-1,-1,-1,-1,6,E01001266,0,2
2024010533894,2024,010533894,1,1,0,18,19,5,1,0,0,0,0,0,0,0,4,1,6,6,1,42,7,-1,-1,-1,-1,5,E01001164,0,1
2024010542152,2024,010542152,2,1,0,18,19,1,5,0,0,0,0,8,0,0,1,1,6,6,1,74,10,-1,-1,-1,-1,6,E01003843,0,1
2024010503740,2024,010503740,2,1,0,18,19,5,1,2,2,1,0,0,0,0,1,1,6,6,2,25,5,-1,-1,-1,-1,5,E01004676,0,1
2024010524154,2024,010524154,1,9,0,99,99,9,9,99,99,9,9,99,9,99,2,9,6,6,1,40,7,-1,-1,-1,-1,6,E01001217,0,1
2024211512509,2024,211512509,2,9,0,-1,2,0,0,-1,0,1,0,0,0,0,2,1,-1,6,-1,-1,-1,-1,-1,-1,-1,-1,-1,0,-1
2024201413512,2024,201413512,2,1,0,-1,19,7,3,-1,0,4,0,0,0,0,1,1,-1,2,1,43,7,-1,-1,-1,-1,1,E01010404,0,1
2024161423609,2024,161423609,2,9,0,-1,9,6,4,-1,0,1,0,0,0,0,1,9,-1,6,2,-1,-1,-1,-1,-1,-1,-1,-1,0,-1
2024010530004,2024,010530004,1,19,0,99,99,9,9,99,99,9,9,99,9,99,9,9,6,6,3,-1,-1,-1,-1,-1,-1,-1,-1,0,-1
2024041421180,2024,041421180,1,9,0,-1,5,5,1,-1,0,1,0,0,0,0,3,9,-1,6,3,-1,-1,-1,-1,-1,-1,-1,-1,0,-1
2024991499971,2024,991499971,1,9,0,-1,19,7,3,-1,0,0,0,0,0,0,1,1,-1,2,1,30,6,-1,-1,-1,-1,6,-1,0,4
2024122500033,2024,122500033,2,1,0,7,7,7,3,0,0,4,0,0,0,0,2,1,6,6,2,45,7,-1,-1,-1,-1,7,E01027707,0,1
2024501406814,2024,501406814,2,9,0,-1,19,5,1,-1,0,8,0,0,0,0,4,9,-1,1,2,57,9,-1,-1,-1,-1,6,E01020204,0,1
2024501447537,2024,501447537,1,9,0,-1,19,3,1,-1,0,1,0,0,0,0,1,1,-1,6,3,-1,-1,-1,-1,-1,-1,-1,-1,0,-1
2024991517345,2024,991517345,2,1,0,-1,19,1,5,-1,9,0,0,0,0,0,1,1,-1,9,1,34,6,-1,-1,-1,-1,-1,-1,0,-1
2024440507160,2024,440507160,1,9,0,18,19,3,7,0,0,0,0,0,0,0,1,1,6,6,1,44,7,-1,-1,-1,-1,-1,-1,0,-1
2024010505535,2024,010505535,1,9,0,13,13,5,1,0,0,1,1,10,0,0,3,1,6,6,1,28,6,-1,-1,-1,-1,-1,-1,0,-1
2024231433347,2024,231433347,1,99,0,-1,19,5,1,-1,0,0,0,0,0,0,0,9,-1,6,3,45,7,-1,-1,-1,-1,-1,-1,0,-1
2024122401285,2024,122401285,2,9,0,18,19,5,1,0,0,0,0,0,0,0,2,1,6,6,1,49,8,-1,-1,-1,-1,8,E01027216,0,5
2024311488347,2024,311488347,2,1,-1,-1,19,7,3,-1,0,0,0,0,0,0,4,1,-1,6,2,11,3,-1,-1,-1,-1,-1,-1,0,-1
2024340WN3072,2024,340WN3072,2,1,0,-1,19,1,5,-1,0,1,0,0,0,0,1,1,-1,6,1,29,6,-1,-1,-1,-1,7,E01027135,0,1
2024101483636,2024,101483636,1,11,0,-1,19,7,3,-1,2,0,0,0,0,0,0,9,-1,1,3,40,7,-1,-1,-1,-1,-1,-1,0,-1
2024522402516,2024,522402516,1,1,0,18,19,7,3,0,0,8,0,0,0,0,1,1,6,6,2,54,8,-1,-1,-1,-1,9,E01014794,0,1
2024451441661,2024,451441661,2,9,0,-1,19,8,4,-1,0,1,0,0,0,0,1,1,-1,9,2,60,9,-1,-1,-1,-1,9,E01030821,0,1
2024041462410,2024,041462410,2,9,0,-1,8,1,3,-1,0,2,0,0,0,0,3,1,-1,2,2,33,6,-1,-1,-1,-1,3,E01025071,0,3
2024010514636,2024,010514636,1,23,5,99,99,9,9,99,99,9,9,99,9,99,9,1,6,6,2,-1,-1,-1,-1,-1,-1,3,E01001812,0,1
2024461506898,2024,461506898,2,9,0,-1,19,2,5,-1,0,4,0,0,0,0,4,9,-1,9,2,36,7,-1,-1,-1,-1,8,E01016096,0,1
2024411516719,2024,411516719,1,20,0,-1,3,2,4,-1,0,1,0,0,0,0,1,1,-1,6,3,-1,-1,-1,-1,-1,-1,-1,-1,0,-1
2024141522520,2024,141522520,1,9,0,-1,4,6,1,-1,0,1,0,0,0,0,2,1,-1,9,2,64,9,-1,-1,-1,-1,3,E01008148,0,2
2024520401208,2024,520401208,1,9,0,17,19,3,1,0,0,8,1,0,7,0,3,1,6,6,1,19,4,-1,-1,-1,-1,7,E01029243,0,2
2024201506040,2024,201506040,3,9,0,-1,10,3,1,-1,0,8,0,0,0,0,0,1,-1,8,1,39,7,-1,-1,-1,-1,1,E01008913,0,1
2024161503808,2024,161503808,1,11,0,-1,19,7,3,-1,0,0,0,0,0,0,9,9,-1,1,1,53,8,-1,-1,-1,-1,-1,-1,0,-1