collision_index,collision_year,collision_ref_no,vehicle_reference,vehicle_type,towing_and_articulation,vehicle_manoeuvre_historic,vehicle_manoeuvre,vehicle_direction_from,vehicle_direction_to,vehicle_location_restricted_lane_historic,vehicle_location_restricted_lane,junction_location,skidding_and_overturning,hit_object_in_carriageway,vehicle_leaving_carriageway,hit_object_off_carriageway,first_point_of_impact,vehicle_left_hand_drive,journey_purpose_of_driver_historic,journey_purpose_of_driver,sex_of_driver,age_of_driver,age_band_of_driver,engine_capacity_cc,propulsion_code,age_of_vehicle,generic_make_model,driver_imd_decile,lsoa_of_driver,escooter_flag,driver_distance_banding
2024161506321,2024,161506321,2,1,0,-1,19,7,3,-1,9,1,0,0,0,0,1,1,-1,6,1,12,3,-1,-1,-1,-1,-1,-1,0,-1
2024461471876,2024,461471876,1,-1,0,-1,19,4,8,-1,0,8,0,0,0,0,3,1,-1,9,1,42,7,-1,-1,-1,-1,1,E01016017,1,1
2024401518026,2024,401518026,2,1,-1,-1,-1,-1,-1,-1,-1,0,-1,-1,-1,0,4,1,-1,6,1,-1,-1,-1,-1,-1,-1,4,E01015785,0,1
2024141472536,2024,141472536,2,1,0,-1,7,6,8,-1,0,0,0,0,0,0,1,1,-1,6,1,40,7,-1,-1,-1,-1,5,E01007882,0,1
2024122400878,2024,122400878,1,9,0,5,5,4,8,0,0,0,0,0,0,0,2,1,6,6,1,31,6,-1,-1,-1,-1,1,E01012059,0,4
2024231468169,2024,231468169,1,97,0,-1,19,4,8,-1,0,1,0,0,0,0,0,1,-1,6,1,35,6,-1,-1,-1,-1,-1,-1,0,-1
2024471454544,2024,471454544,4,1,0,-1,4,3,7,-1,9,1,0,0,0,0,1,1,-1,9,1,11,3,-1,-1,-1,-1,5,E01031385,0,1
2024461458533,2024,461458533,2,1,0,-1,9,3,1,-1,0,8,0,0,0,0,2,1,-1,9,1,54,8,-1,-1,-1,-1,10,E01024733,0,1
2024991537721,2024,991537721,2,9,0,-1,3,4,7,-1,0,1,0,0,0,0,2,1,-1,2,2,23,5,-1,-1,-1,-1,-1,-1,0,-1
2024991447860,2024,991447860,1,9,0,-1,9,2,8,-1,0,8,0,0,0,0,1,1,-1,9,1,41,7,-1,-1,-1,-1,7,-1,0,1
2024451457933,2024,451457933,1,9,0,-1,9,7,3,-1,9,1,0,0,0,0,1,1,-1,1,1,48,8,-1,-1,-1,-1,7,E01030968,0,3
2024201448771,2024,201448771,2,9,0,-1,19,3,6,-1,0,4,0,0,0,0,1,1,-1,6,3,16,4,-1,-1,-1,-1,-1,-1,0,-1
2024440063492,2024,440063492,1,22,0,18,19,6,2,9,9,0,0,0,0,0,3,1,6,6,2,79,11,-1,-1,-1,-1,10,E01022790,0,1
2024991495535,2024,991495535,1,1,0,-1,19,3,6,-1,0,0,0,0,0,0,1,1,-1,2,1,26,6,-1,-1,-1,-1,10,-1,0,1
2024010495990,2024,010495990,1,9,0,99,99,9,9,99,99,9,9,99,9,99,9,9,6,6,1,29,6,-1,-1,-1,-1,2,E01001147,0,1
2024351409293,2024,351409293,1,9,0,-1,19,1,5,-1,0,0,1,0,0,0,1,1,-1,9,1,45,7,-1,-1,-1,-1,6,E01002497,0,4
2024520500146,2024,520500146,1,1,0,18,19,5,1,0,0,1,0,0,0,0,9,1,6,6,2,10,2,-1,-1,-1,-1,4,E01029337,0,1
2024010490944,2024,010490944,1,1,9,99,99,9,9,99,99,9,9,8,9,99,1,1,2,2,1,37,7,-1,-1,-1,-1,2,E01000743,0,3
2024010499678,2024,010499678,2,9,9,99,99,9,9,99,99,9,9,99,9,99,9,9,6,6,3,-1,-1,-1,-1,-1,-1,-1,-1,0,-1
2024332400771,2024,332400771,1,9,0,-1,19,3,7,-1,0,8,0,0,0,0,1,1,-1,2,1,23,5,-1,-1,-1,-1,6,E01025986,0,1
2024010493683,2024,010493683,1,9,0,99,99,9,9,99,99,9,9,99,9,99,9,9,6,6,1,58,9,-1,-1,-1,-1,9,E01004171,0,1
2024010549206,2024,010549206,3,1,0,18,19,5,1,0,0,1,5,0,0,0,1,1,6,6,1,21,5,-1,-1,-1,-1,-1,-1,0,-1
2024471456551,2024,471456551,2,9,0,-1,19,3,7,-1,0,2,0,0,0,0,3,1,-1,6,1,56,9,-1,-1,-1,-1,3,E01016944,0,2
2024201457456,2024,201457456,1,8,0,-1,9,8,6,-1,0,6,0,0,0,0,3,1,-1,1,1,27,6,-1,-1,-1,-1,2,E01009487,0,1
2024522500157,2024,522500157,1,19,0,18,19,1,5,0,0,2,0,0,0,0,1,1,6,6,3,-1,-1,-1,-1,-1,-1,-1,-1,0,-1
2024522402280,2024,522402280,1,1,0,18,19,4,8,0,0,0,0,0,0,0,1,1,6,6,3,-1,-1,-1,-1,-1,-1,-1,-1,0,-1
2024010509504,2024,010509504,1,1,0,18,19,1,5,0,0,0,0,0,0,0,1,1,6,6,1,29,6,-1,-1,-1,-1,6,E01004052,0,1
2024161508955,2024,161508955,2,9,0,-1,13,1,5,-1,0,3,0,0,0,0,1,1,-1,6,3,-1,-1,-1,-1,-1,-1,-1,-1,0,-1
2024211526836,2024,211526836,2,97,0,-1,19,3,2,-1,0,0,0,0,-1,0,1,1,-1,6,1,22,5,-1,-1,-1,-1,1,E01013591,0,3
2024471492174,2024,471492174,1,90,0,-1,19,6,2,-1,0,0,0,0,0,0,1,1,-1,2,1,30,6,-1,-1,-1,-1,8,E01034298,0,1
2024302500064,2024,302500064,2,1,0,-1,19,5,1,-1,0,8,0,0,0,0,1,1,-1,6,1,46,8,-1,-1,-1,-1,1,E01019650,0,1
2024311442262,2024,311442262,1,1,0,-1,19,1,5,-1,0,8,0,0,0,0,1,1,-1,9,2,22,5,-1,-1,-1,-1,-1,-1,0,-1
2024010518744,2024,010518744,1,9,0,99,99,9,9,99,99,9,9,99,9,99,9,9,6,6,3,-1,-1,-1,-1,-1,-1,-1,-1,0,-1
2024010505321,2024,010505321,1,9,0,99,99,9,9,99,99,9,9,99,9,99,9,9,6,6,3,-1,-1,-1,-1,-1,-1,2,E01033000,0,3
2024430308737,2024,430308737,2,9,0,18,19,8,4,0,0,0,0,0,0,0,2,1,6,6,1,-1,-1,-1,-1,-1,-1,-1,-1,0,-1
2024440564554,2024,440564554,3,9,0,17,19,1,7,0,0,0,0,0,0,0,1,1,6,6,1,40,7,-1,-1,-1,-1,3,E01017299,0,2
2024221469374,2024,221469374,2,19,0,-1,2,0,0,-1,0,0,0,0,0,0,2,9,-1,1,1,38,7,-1,-1,-1,-1,1,E01010235,0,4
2024311462392,2024,311462392,2,-1,0,-1,19,7,4,-1,0,0,0,0,0,0,1,1,-1,6,1,43,7,-1,-1,-1,-1,-1,-1,1,-1
2024052402029,2024,052402029,2,-1,0,18,19,2,4,0,0,1,0,0,0,0,1,1,1,1,1,29,6,-1,-1,-1,-1,1,E01034396,1,1
2024440431562,2024,440431562,2,1,0,18,19,1,5,9,9,0,0,0,0,0,1,1,6,6,2,16,4,-1,-1,-1,-1,7,E01034722,0,1
2024052402556,2024,052402556,2,9,0,2,2,0,0,0,0,0,0,0,1,0,1,2,6,6,3,-1,-1,-1,-1,-1,-1,-1,-1,0,-1
2024311517654,2024,311517654,1,1,0,-1,5,3,7,-1,0,2,0,0,0,0,1,1,-1,6,1,-1,-1,-1,-1,-1,-1,8,E01024440,0,5
202454C209724,2024,54C209724,1,98,0,18,19,2,6,0,0,0,0,0,0,0,1,1,1,1,1,31,6,-1,-1,-1,-1,-1,-1,0,-1
2024201477129,2024,201477129,3,9,0,-1,19,6,2,-1,0,0,0,0,0,0,4,9,-1,6,3,-1,-1,-1,-1,-1,-1,-1,-1,0,-1
2024461463292,2024,461463292,3,9,0,-1,2,0,0,-1,0,1,0,0,0,0,1,1,-1,6,-1,-1,-1,-1,-1,-1,-1,-1,-1,0,-1
2024070293092,2024,070293092,1,19,0,18,19,7,3,0,0,0,0,0,0,0,4,1,6,6,3,-1,-1,-1,-1,-1,-1,-1,-1,0,-1
2024221435106,2024,221435106,2,9,0,-1,9,6,4,-1,0,5,0,0,0,0,2,9,-1,7,2,49,8,-1,-1,-1,-1,4,E01028928,0,1
2024471427263,2024,471427263,2,1,0,-1,19,1,5,-1,0,1,0,0,0,0,3,1,-1,6,1,80,11,-1,-1,-1,-1,8,E01021209,0,1
2024201459245,2024,201459245,1,9,0,-1,19,6,2,-1,0,1,0,0,0,0,1,1,-1,6,2,40,7,-1,-1,-1,-1,-1,-1,0,-1
2024010492506,2024,010492506,1,9,0,99,99,9,9,0,0,0,0,0,9,0,1,1,6,6,3,28,6,-1,-1,-1,-1,-1,-1,0,-1
2024201418735,2024,201418735,1,98,0,-1,19,8,4,-1,0,4,0,0,0,0,1,1,-1,6,1,-1,-1,-1,-1,-1,-1,-1,-1,0,-1
2024101496620,2024,101496620,2,1,0,-1,4,1,5,-1,0,3,1,0,0,0,0,1,-1,6,1,31,6,-1,-1,-1,-1,-1,-1,0,-1
2024070549236,2024,070549236,1,9,0,18,19,3,7,0,0,0,0,0,8,4,1,1,6,6,2,21,5,-1,-1,-1,-1,10,E01018575,0,1
2024010518344,2024,010518344,1,1,9,99,99,9,9,99,99,9,9,99,9,99,1,1,6,6,1,29,6,-1,-1,-1,-1,4,E01021829,0,4
2024141512663,2024,141512663,1,9,0,-1,19,1,5,-1,0,0,0,0,0,0,2,9,-1,6,2,39,7,-1,-1,-1,-1,6,E01034244,0,2
2024461463364,2024,461463364,1,9,0,-1,19,4,4,-1,0,8,0,0,0,0,3,1,-1,9,1,43,7,-1,-1,-1,-1,1,E01024215,0,1
2024070505433,2024,070505433,1,1,0,5,5,2,6,0,0,6,0,0,0,0,3,1,1,1,1,22,5,-1,-1,-1,-1,8,E01018510,0,1
2024141464416,2024,141464416,2,9,0,-1,9,1,6,-1,0,1,0,0,0,0,3,1,-1,6,2,22,5,-1,-1,-1,-1,4,E01007641,0,1
2024010532350,2024,010532350,1,1,0,18,19,1,5,4,4,0,0,0,0,0,0,1,1,1,1,26,6,-1,-1,-1,-1,3,E01004397,0,1
2024052400675,2024,052400675,1,-1,0,18,19,8,4,0,0,0,0,0,0,0,1,1,6,6,1,25,5,-1,-1,-1,-1,6,E01024961,1,4
2024451485575,2024,451485575,1,9,0,-1,19,5,1,-1,0,0,5,0,0,0,4,1,-1,9,2,39,7,-1,-1,-1,-1,8,E01030823,0,1
2024010529856,2024,010529856,2,1,0,18,19,7,3,0,0,0,5,0,0,0,0,1,6,6,1,26,6,-1,-1,-1,-1,4,E01003035,0,1
2024201470257,2024,201470257,2,9,0,-1,4,8,4,-1,0,0,0,0,0,0,2,1,-1,6,2,52,8,-1,-1,-1,-1,10,E01029513,0,1
2024061464050,2024,061464050,2,1,0,-1,19,3,1,-1,9,1,0,0,0,0,1,1,-1,6,1,16,4,-1,-1,-1,-1,-1,-1,0,-1
2024010538595,2024,010538595,1,1,9,18,19,9,9,4,4,1,9,99,9,99,1,1,2,2,2,28,6,-1,-1,-1,-1,8,E01002817,0,2
2024201463423,2024,201463423,2,9,0,-1,19,4,8,-1,0,0,0,0,0,0,1,9,-1,6,2,45,7,-1,-1,-1,-1,7,E01010352,0,2
2024501396119,2024,501396119,4,9,0,-1,3,1,5,-1,0,0,0,0,0,0,2,1,-1,2,1,61,9,-1,-1,-1,-1,5,E01020057,0,1
2024010527898,2024,010527898,1,9,0,99,99,9,9,99,99,9,9,99,9,99,9,9,1,1,1,35,6,-1,-1,-1,-1,2,E01001052,0,3
2024332400473,2024,332400473,1,21,0,-1,9,6,4,-1,0,6,0,0,7,0,3,2,-1,1,1,46,8,-1,-1,-1,-1,-1,-1,0,-1
2024501484694,2024,501484694,1,22,0,-1,19,7,3,-1,0,0,5,0,0,0,1,1,-1,6,1,79,11,-1,-1,-1,-1,1,E01015261,0,1
2024471512812,2024,471512812,1,1,0,-1,9,4,2,-1,0,5,0,0,0,0,3,1,-1,9,1,21,5,-1,-1,-1,-1,2,E01024548,0,1
2024010543953,2024,010543953,1,1,0,18,19,5,1,4,4,2,0,0,0,0,4,1,6,6,1,23,5,-1,-1,-1,-1,4,E01002620,0,4
2024052402149,2024,052402149,1,9,0,18,19,2,5,0,0,1,0,0,0,0,1,1,6,6,3,-1,-1,-1,-1,-1,-1,-1,-1,0,-1
2024010528161,2024,010528161,2,1,0,18,19,7,3,4,4,0,0,0,0,0,1,1,6,6,1,45,7,-1,-1,-1,-1,3,E01003531,0,1
2024010502287,2024,010502287,2,9,0,7,7,7,2,0,0,8,0,0,0,0,2,1,6,6,2,42,7,-1,-1,-1,-1,5,E01002635,0,1
2024430012854,2024,430012854,2,9,0,18,19,8,4,0,0,1,0,0,0,0,1,1,1,1,1,51,8,-1,-1,-1,-1,8,E01001211,0,4
2024201481404,2024,201481404,1,9,0,-1,5,2,6,-1,0,6,0,0,3,0,1,1,-1,9,1,77,11,-1,-1,-1,-1,3,E01009256,0,1
2024131415103,2024,131415103,1,9,0,-1,-1,-1,-1,-1,-1,-1,-1,-1,-1,-1,-1,1,-1,6,3,-1,-1,-1,-1,-1,-1,-1,-1,0,-1
2024010505014,2024,010505014,2,-1,0,9,9,1,6,0,0,3,0,0,0,0,4,1,6,6,1,19,4,-1,-1,-1,-1,3,E01004167,1,1
2024201440167,2024,201440167,1,9,0,-1,5,6,4,-1,0,5,0,0,0,0,1,9,-1,7,1,68,10,-1,-1,-1,-1,3,E01031012,0,4
2024430426549,2024,430426549,1,9,0,18,19,8,4,0,0,6,0,0,0,0,1,1,6,6,1,-1,-1,-1,-1,-1,-1,-1,-1,0,-1
2024131449526,2024,131449526,2,90,0,-1,4,3,7,-1,0,0,0,0,0,0,2,1,-1,1,1,41,7,-1,-1,-1,-1,1,E01011467,0,1
2024340NN4042,2024,340NN4042,3,90,0,-1,2,0,0,-1,0,0,0,0,0,0,0,1,-1,1,1,33,6,-1,-1,-1,-1,9,E01028117,0,4
2024101542355,2024,101542355,1,9,0,-1,19,2,6,-1,0,0,0,0,0,0,1,1,-1,6,2,50,8,-1,-1,-1,-1,1,E01027519,0,1
2024010554867,2024,010554867,2,1,0,18,19,3,7,0,0,1,0,0,0,0,9,1,6,6,1,-1,-1,-1,-1,-1,-1,2,E01001775,0,1
2024070432783,2024,070432783,2,1,0,18,19,4,8,0,0,0,0,0,0,0,4,1,6,6,1,15,3,-1,-1,-1,-1,5,E01018367,0,1
2024501462220,2024,501462220,1,9,0,-1,19,4,8,-1,0,0,0,0,0,0,3,9,-1,6,3,-1,-1,-1,-1,-1,-1,-1,-1,0,-1
2024010508418,2024,010508418,1,1,9,99,99,9,9,99,99,9,9,99,9,99,9,1,2,2,1,49,8,-1,-1,-1,-1,4,E01002047,0,1
2024610018424,2024,610018424,3,9,0,2,2,0,0,0,0,0,0,0,0,0,1,1,6,6,3,-1,-1,-1,-1,-1,-1,-1,-1,0,-1
2024471414113,2024,471414113,2,9,0,-1,19,6,2,-1,0,0,0,0,0,0,2,1,-1,1,1,28,6,-1,-1,-1,-1,4,E01021224,0,3
2024010536745,2024,010536745,1,9,0,9,9,5,2,0,0,2,0,0,0,0,1,1,2,2,1,34,6,-1,-1,-1,-1,6,E01002692,0,2
2024061501925,2024,061501925,1,1,-1,-1,-1,-1,-1,-1,-1,0,-1,-1,-1,0,-1,1,-1,6,3,31,6,-1,-1,-1,-1,3,E01005531,0,1
2024010492601,2024,010492601,1,3,0,99,99,9,9,99,99,0,9,99,9,99,2,1,6,6,1,18,4,-1,-1,-1,-1,6,E01002614,0,3
2024101436035,2024,101436035,1,9,0,-1,19,2,6,-1,0,1,0,0,0,0,4,1,-1,6,3,-1,-1,-1,-1,-1,-1,-1,-1,0,-1
2024622400699,2024,622400699,2,1,0,18,19,8,4,0,0,8,0,0,0,0,4,1,6,6,1,13,3,-1,-1,-1,-1,1,W01001738,0,1
2024401457554,2024,401457554,1,1,0,-1,19,8,4,-1,0,0,0,0,0,0,3,1,-1,6,1,27,6,-1,-1,-1,-1,5,E01017384,0,1
2024052401849,2024,052401849,1,9,0,5,5,7,3,0,0,4,0,0,0,0,3,1,6,6,2,45,7,-1,-1,-1,-1,8,E01032904,0,1
2024070445015,2024,070445015,1,19,0,18,19,5,8,0,0,1,0,0,0,0,1,1,6,6,1,-1,-1,-1,-1,-1,-1,-1,-1,0,-1
2024631486240,2024,631486240,1,9,0,-1,19,4,8,-1,0,0,1,0,0,0,1,1,-1,9,2,35,6,-1,-1,-1,-1,7,W01000429,0,2
2024430002665,2024,430002665,2,9,0,18,19,5,1,0,0,0,0,0,0,0,1,1,6,6,1,30,6,-1,-1,-1,-1,-1,-1,0,-1
2024010516753,2024,010516753,2,1,0,9,9,7,5,0,0,6,0,0,0,0,1,1,6,6,1,13,3,-1,-1,-1,-1,3,E01002765,0,2
2024201568913,2024,201568913,2,9,0,-1,4,7,8,-1,0,3,0,0,0,0,1,9,-1,9,1,43,7,-1,-1,-1,-1,1,E01009117,0,1
2024440154529,2024,440154529,2,9,0,18,19,7,3,0,0,1,0,0,0,0,1,1,6,6,1,-1,-1,-1,-1,-1,-1,-1,-1,0,-1
2024401491107,2024,401491107,1,97,-1,-1,-1,-1,-1,-1,-1,-1,-1,-1,-1,0,-1,1,-1,6,3,-1,-1,-1,-1,-1,-1,-1,-1,0,-1
2024531419232,2024,531419232,3,9,0,-1,4,3,7,-1,0,0,0,0,0,0,2,1,-1,6,3,-1,-1,-1,-1,-1,-1,-1,-1,0,-1
2024201488501,2024,201488501,2,9,0,-1,19,3,7,-1,0,8,0,0,0,0,1,9,-1,6,2,40,7,-1,-1,-1,-1,3,E01010099,0,1
2024201514001,2024,201514001,1,21,0,-1,19,4,7,-1,0,8,0,0,0,0,3,1,-1,8,1,25,5,-1,-1,-1,-1,2,E01009932,0,3
2024061444321,2024,061444321,2,9,0,-1,2,0,0,-1,0,0,0,0,0,0,3,1,-1,6,-1,-1,-1,-1,-1,-1,-1,-1,-1,0,-1
2024361417380,2024,361417380,1,8,0,-1,4,4,8,-1,0,0,0,0,0,0,4,1,-1,9,1,66,10,-1,-1,-1,-1,3,E01026632,0,4
2024010492994,2024,010492994,3,8,0,99,99,9,9,99,99,0,9,99,9,99,1,9,6,6,3,-1,-1,-1,-1,-1,-1,-1,-1,0,-1
2024471515939,2024,471515939,2,9,0,-1,5,7,3,-1,0,8,0,0,0,0,1,1,-1,6,1,52,8,-1,-1,-1,-1,7,E01016976,0,1
2024471454501,2024,471454501,1,1,0,-1,19,3,7,-1,0,1,0,0,0,0,1,1,-1,6,1,31,6,-1,-1,-1,-1,3,E01031348,0,1
2024010513305,2024,010513305,2,9,0,99,99,9,9,99,99,9,9,99,9,99,2,9,6,6,3,-1,-1,-1,-1,-1,-1,-1,-1,0,-1
2024552400302,2024,552400302,2,17,0,2,2,0,0,0,0,0,0,0,0,0,2,1,6,6,3,-1,-1,-1,-1,-1,-1,-1,-1,0,-1
2024451447712,2024,451447712,1,1,0,-1,19,1,5,-1,0,0,2,0,0,0,1,1,-1,9,1,18,4,-1,-1,-1,-1,9,E01030334,0,1
2024351417248,2024,351417248,2,9,0,-1,19,7,3,-1,0,8,0,0,0,0,3,1,-1,1,1,60,9,-1,-1,-1,-1,9,E01032886,0,5
2024430511101,2024,430511101,1,-1,0,5,5,7,3,0,0,0,0,0,0,0,1,1,6,6,2,28,6,-1,-1,-1,-1,6,E01016745,1,1
2024201414537,2024,201414537,2,1,0,-1,19,2,6,-1,0,0,0,0,0,0,3,1,-1,1,1,34,6,-1,-1,-1,-1,-1,-1,0,-1
2024010515949,2024,010515949,1,1,9,99,99,9,9,99,99,0,9,99,9,99,9,1,2,2,1,64,9,-1,-1,-1,-1,7,E01004493,0,1
2024041412664,2024,041412664,1,9,0,-1,19,5,1,-1,0,0,0,0,0,0,1,1,-1,6,1,58,9,-1,-1,-1,-1,8,E01024912,0,3
2024161435550,2024,161435550,1,9,0,-1,19,5,1,-1,0,0,0,0,0,0,9,9,-1,6,1,-1,-1,-1,-1,-1,-1,-1,-1,0,-1
2024351435182,2024,351435182,2,9,0,-1,19,8,4,-1,0,0,0,0,0,0,2,9,-1,6,3,-1,-1,-1,-1,-1,-1,-1,-1,0,-1
2024991419532,2024,991419532,2,-1,0,-1,19,5,1,-1,0,0,1,0,0,0,3,1,-1,6,1,52,8,-1,-1,-1,-1,-1,-1,1,-1
2024010514451,2024,010514451,1,1,9,99,99,9,9,99,99,9,9,99,9,99,1,1,2,2,2,25,5,-1,-1,-1,-1,5,E01003147,0,1
2024010540286,2024,010540286,1,1,9,99,99,9,9,99,99,9,9,99,9,99,9,1,6,6,1,28,6,-1,-1,-1,-1,2,E01003057,0,1
2024010530919,2024,010530919,1,1,9,99,99,9,9,99,99,9,9,99,9,99,2,1,6,6,2,26,6,-1,-1,-1,-1,2,E01000501,0,1
2024141516962,2024,141516962,1,1,0,-1,19,4,8,-1,0,1,0,0,0,0,0,1,-1,6,1,29,6,-1,-1,-1,-1,1,E01007341,0,1
2024401452554,2024,401452554,1,9,-1,-1,-1,-1,-1,-1,-1,0,-1,-1,-1,0,-1,9,-1,6,2,39,7,-1,-1,-1,-1,4,E01017506,0,1
2024141396810,2024,141396810,3,9,0,-1,19,5,1,-1,0,0,0,0,0,0,2,1,-1,6,3,35,6,-1,-1,-1,-1,-1,-1,0,-1
2024010494279,2024,010494279,2,9,0,18,19,5,1,0,0,1,0,0,0,0,1,1,6,6,2,58,9,-1,-1,-1,-1,8,E01030393,0,2
2024311511962,2024,311511962,1,1,0,-1,7,5,7,-1,0,0,1,10,0,0,1,1,-1,6,1,24,5,-1,-1,-1,-1,-1,-1,0,-1
2024010514694,2024,010514694,2,1,0,18,19,5,1,0,0,0,0,0,0,0,1,1,1,1,1,32,6,-1,-1,-1,-1,5,E01000131,0,3
2024101401676,2024,101401676,1,19,0,-1,9,1,7,-1,0,0,0,0,0,0,4,1,-1,1,1,35,6,-1,-1,-1,-1,-1,-1,0,-1
2024541605524,2024,541605524,2,9,0,3,3,0,0,0,0,0,0,0,0,0,2,1,1,1,1,53,8,-1,-1,-1,-1,7,E01031868,0,1
2024361460041,2024,361460041,2,9,0,-1,19,2,6,-1,0,1,1,0,1,0,1,1,-1,2,2,57,9,-1,-1,-1,-1,7,E01026876,0,3
2024010497347,2024,010497347,1,3,0,99,99,9,9,99,99,9,9,99,9,99,9,1,1,1,1,25,5,-1,-1,-1,-1,7,E01003696,0,3
2024340NN1812,2024,340NN1812,1,19,0,-1,19,5,1,-1,0,2,0,0,0,0,1,1,-1,1,1,59,9,-1,-1,-1,-1,6,E01026239,0,4
2024010491295,2024,010491295,2,5,0,4,4,5,1,0,0,1,0,0,1,0,2,1,1,1,1,35,6,-1,-1,-1,-1,3,E01003618,0,2
2024320285348,2024,320285348,2,9,0,-1,-1,2,4,0,0,7,0,0,0,0,3,1,1,1,2,28,6,-1,-1,-1,-1,8,E01026313,0,1
2024421410207,2024,421410207,1,9,0,-1,19,-1,-1,-1,0,0,0,0,0,0,-1,9,-1,6,3,-1,-1,-1,-1,-1,-1,-1,-1,0,-1
2024991438007,2024,991438007,2,9,0,-1,19,7,5,-1,0,4,0,10,0,0,4,1,-1,2,2,48,8,-1,-1,-1,-1,10,-1,0,1
2024010495663,2024,010495663,1,1,0,99,99,9,9,0,0,0,0,99,0,0,9,1,6,6,3,-1,-1,-1,-1,-1,-1,-1,-1,0,-1
2024010490857,2024,010490857,2,9,0,99,99,9,9,99,99,9,9,99,9,99,9,9,6,6,3,-1,-1,-1,-1,-1,-1,-1,-1,0,-1
2024010494134,2024,010494134,2,9,9,99,99,9,9,99,99,9,9,99,9,99,9,9,6,6,3,-1,-1,-1,-1,-1,-1,-1,-1,0,-1
2024201407651,2024,201407651,1,9,0,-1,9,2,7,-1,0,6,0,0,0,0,1,9,-1,6,1,20,4,-1,-1,-1,-1,9,E01009416,0,1
2024320675963,2024,320675963,1,19,0,-1,-1,8,4,0,0,1,0,0,1,1,1,1,6,6,3,-1,-1,-1,-1,-1,-1,-1,-1,0,-1
2024010538608,2024,010538608,2,9,0,99,99,9,9,99,99,9,9,99,9,99,1,9,6,6,3,-1,-1,-1,-1,-1,-1,-1,-1,0,-1
2024041458651,2024,041458651,1,9,0,-1,19,-1,-1,-1,0,0,0,0,0,0,-1,9,-1,6,3,-1,-1,-1,-1,-1,-1,-1,-1,0,-1
2024122401107,2024,122401107,1,9,0,9,9,7,3,0,0,1,0,0,0,0,1,1,6,6,1,27,6,-1,-1,-1,-1,7,E01027571,0,2
2024010489779,2024,010489779,1,1,9,99,99,9,9,99,99,9,9,99,9,99,1,1,2,2,1,54,8,-1,-1,-1,-1,4,E01004342,0,1
2024991491432,2024,991491432,2,1,0,-1,19,7,3,-1,0,5,0,0,0,0,4,1,-1,6,1,40,7,-1,-1,-1,-1,2,-1,0,1
2024201496192,2024,201496192,2,9,0,-1,19,6,2,-1,0,1,0,0,0,0,1,1,-1,6,3,-1,-1,-1,-1,-1,-1,-1,-1,0,-1
2024010517610,2024,010517610,1,9,0,99,99,9,9,99,99,9,9,99,9,99,1,9,6,6,1,-1,-1,-1,-1,-1,-1,-1,-1,0,-1
2024501528819,2024,501528819,2,16,0,-1,19,1,5,-1,0,1,0,0,0,0,0,1,-1,9,2,67,10,-1,-1,-1,-1,8,E01020170,0,1
2024010512391,2024,010512391,1,4,0,18,19,5,1,0,0,6,0,10,3,11,1,1,6,6,1,21,5,-1,-1,-1,-1,-1,-1,0,-1
2024010491552,2024,010491552,1,9,0,18,19,1,5,0,0,0,0,4,0,0,1,1,2,2,2,54,8,-1,-1,-1,-1,-1,-1,0,-1
2024010496123,2024,010496123,1,3,0,99,99,9,9,99,99,1,9,99,9,99,9,1,1,1,1,-1,-1,-1,-1,-1,-1,4,E01000633,0,2
2024010511133,2024,010511133,1,9,0,16,19,1,5,0,0,1,0,0,0,0,1,1,6,6,1,19,4,-1,-1,-1,-1,5,E01021837,0,3
2024361409540,2024,361409540,2,1,0,-1,7,5,1,-1,0,3,0,0,0,0,3,1,-1,1,1,52,8,-1,-1,-1,-1,9,E01035146,0,1
2024991527576,2024,991527576,2,9,0,-1,19,5,8,-1,0,0,0,0,1,7,2,1,-1,2,1,58,9,-1,-1,-1,-1,6,-1,0,4
2024531472510,2024,531472510,1,9,0,-1,9,1,7,-1,0,5,0,0,0,0,1,9,-1,6,3,-1,-1,-1,-1,-1,-1,-1,-1,0,-1
2024221412393,2024,221412393,1,9,0,-1,10,1,7,-1,0,8,0,0,0,0,2,9,-1,2,2,37,7,-1,-1,-1,-1,6,E01010133,0,2
2024991429633,2024,991429633,1,3,0,-1,19,2,6,-1,0,1,0,0,0,0,3,1,-1,9,1,38,7,-1,-1,-1,-1,1,-1,0,4
2024010538019,2024,010538019,2,1,0,18,19,3,7,0,0,8,0,0,0,0,1,1,6,6,1,28,6,-1,-1,-1,-1,7,E01004483,0,1
2024101452023,2024,101452023,1,9,0,-1,10,2,8,-1,0,5,0,0,3,0,1,1,-1,6,2,66,10,-1,-1,-1,-1,-1,-1,0,-1
2024461419266,2024,461419266,2,1,0,-1,19,1,5,-1,0,5,1,0,0,0,1,1,-1,9,1,16,4,-1,-1,-1,-1,2,E01024154,0,1
2024991474517,2024,991474517,2,1,0,-1,19,6,3,-1,0,8,0,0,0,0,3,1,-1,9,2,26,6,-1,-1,-1,-1,5,-1,0,2
2024111429596,2024,111429596,1,97,0,-1,19,1,5,-1,0,1,2,0,0,0,1,1,-1,6,1,20,4,-1,-1,-1,-1,-1,-1,0,-1
2024010491787,2024,010491787,1,5,0,9,9,6,3,0,0,1,0,0,0,0,1,1,1,1,2,44,7,-1,-1,-1,-1,6,E01017114,0,4
2024522401927,2024,522401927,2,1,0,18,19,8,4,2,2,0,0,0,0,0,3,1,6,6,1,41,7,-1,-1,-1,-1,5,E01032516,0,1
2024461441992,2024,461441992,1,9,0,-1,19,2,4,-1,0,0,0,0,3,0,1,9,-1,6,3,-1,-1,-1,-1,-1,-1,-1,-1,0,-1
2024010532567,2024,010532567,2,9,0,13,13,5,1,0,0,8,1,0,0,0,3,1,6,6,3,-1,-1,-1,-1,-1,-1,-1,-1,0,-1
2024010506578,2024,010506578,5,1,0,18,19,5,1,0,0,1,2,0,0,0,3,1,6,6,1,22,5,-1,-1,-1,-1,-1,-1,0,-1
2024010504014,2024,010504014,2,9,0,99,99,9,9,99,99,6,9,99,9,99,9,9,6,6,3,-1,-1,-1,-1,-1,-1,-1,-1,0,-1