collision_index,collision_year,collision_ref_no,vehicle_reference,vehicle_type,towing_and_articulation,vehicle_manoeuvre_historic,vehicle_manoeuvre,vehicle_direction_from,vehicle_direction_to,vehicle_location_restricted_lane_historic,vehicle_location_restricted_lane,junction_location,skidding_and_overturning,hit_object_in_carriageway,vehicle_leaving_carriageway,hit_object_off_carriageway,first_point_of_impact,vehicle_left_hand_drive,journey_purpose_of_driver_historic,journey_purpose_of_driver,sex_of_driver,age_of_driver,age_band_of_driver,engine_capacity_cc,propulsion_code,age_of_vehicle,generic_make_model,driver_imd_decile,lsoa_of_driver,escooter_flag,driver_distance_banding
2024471427817,2024,471427817,1,9,0,-1,9,1,4,-1,0,5,0,0,0,0,-1,9,-1,6,1,73,10,-1,-1,-1,-1,8,E01031766,0,1
2024421531588,2024,421531588,2,9,0,-1,-1,-1,-1,-1,-1,0,-1,-1,-1,0,-1,9,-1,6,1,-1,-1,-1,-1,-1,-1,1,E01021988,0,1
2024101405462,2024,101405462,1,9,0,-1,19,7,3,-1,0,0,0,0,0,0,1,9,-1,6,3,-1,-1,-1,-1,-1,-1,-1,-1,0,-1
2024340NN9082,2024,340NN9082,1,9,0,-1,19,1,5,-1,0,1,1,0,0,0,1,1,-1,1,1,44,7,-1,-1,-1,-1,1,E01027231,0,2
2024522401907,2024,522401907,2,9,0,2,2,0,0,0,0,0,0,0,0,0,9,1,6,6,3,-1,-1,-1,-1,-1,-1,-1,-1,0,-1
2024010525640,2024,010525640,1,1,9,99,99,9,9,99,99,9,9,99,9,99,0,1,2,2,1,47,8,-1,-1,-1,-1,4,E01016479,0,1
2024010534780,2024,010534780,2,9,0,99,99,9,9,99,99,9,9,99,9,99,9,9,6,6,3,-1,-1,-1,-1,-1,-1,-1,-1,0,-1
2024991416810,2024,991416810,2,9,0,-1,19,5,1,-1,0,1,0,0,0,0,1,1,-1,6,3,16,4,-1,-1,-1,-1,-1,-1,0,-1
2024451531680,2024,451531680,2,9,0,-1,9,8,2,-1,0,6,0,0,0,0,3,1,-1,6,3,30,6,-1,-1,-1,-1,-1,-1,0,-1
2024440216598,2024,440216598,1,8,0,18,19,8,4,0,0,0,0,0,0,0,1,1,1,1,1,55,8,-1,-1,-1,-1,6,E01035436,0,2
2024440511671,2024,440511671,3,9,0,4,4,1,5,0,0,0,0,0,0,0,2,1,6,6,3,-1,-1,-1,-1,-1,-1,-1,-1,0,-1
2024351509799,2024,351509799,1,19,-1,-1,19,3,7,-1,0,0,0,0,0,0,1,9,-1,2,1,37,7,-1,-1,-1,-1,6,E01030005,0,4
2024131448044,2024,131448044,2,1,0,-1,7,1,1,-1,0,1,0,0,0,0,3,1,-1,9,1,37,7,-1,-1,-1,-1,-1,-1,0,-1
2024991510825,2024,991510825,1,1,0,-1,5,6,2,-1,0,8,0,0,0,0,3,1,-1,7,1,26,6,-1,-1,-1,-1,-1,-1,0,-1
2024340WN0472,2024,340WN0472,2,9,0,-1,7,4,6,-1,0,6,0,0,0,0,1,1,-1,7,2,33,6,-1,-1,-1,-1,8,E01027216,0,1
2024010541003,2024,010541003,2,11,0,99,99,9,9,99,99,0,9,99,9,99,0,9,6,6,3,-1,-1,-1,-1,-1,-1,-1,-1,0,-1
2024430154365,2024,430154365,2,9,0,18,19,3,7,0,0,1,0,0,0,0,1,1,2,2,2,51,8,-1,-1,-1,-1,10,E01028615,0,3
2024991408679,2024,991408679,2,1,0,-1,19,8,6,-1,0,1,0,0,0,0,0,1,-1,6,2,52,8,-1,-1,-1,-1,9,-1,0,1
2024440463959,2024,440463959,2,9,0,9,9,3,1,0,0,8,0,0,0,0,4,1,6,6,3,-1,-1,-1,-1,-1,-1,-1,-1,0,-1
2024010541178,2024,010541178,1,9,0,6,6,1,1,0,0,2,0,0,0,0,1,1,6,6,3,-1,-1,-1,-1,-1,-1,-1,-1,0,-1
2024010512054,2024,010512054,3,98,1,18,19,3,7,0,0,8,0,0,0,0,1,1,6,6,3,-1,-1,-1,-1,-1,-1,-1,-1,0,-1
2024471534020,2024,471534020,2,9,0,-1,2,0,0,-1,0,0,0,0,0,0,3,1,-1,6,3,-1,-1,-1,-1,-1,-1,-1,-1,0,-1
2024501440917,2024,501440917,1,3,0,-1,5,5,3,-1,0,6,2,0,0,0,1,1,-1,9,1,28,6,-1,-1,-1,-1,4,E01015178,0,1
2024461529493,2024,461529493,2,9,0,-1,19,3,7,-1,0,1,0,0,0,0,1,2,-1,9,1,62,9,-1,-1,-1,-1,5,E01024379,0,2
2024010527036,2024,010527036,1,1,0,18,19,3,7,0,0,1,5,0,0,0,1,1,6,6,1,25,5,-1,-1,-1,-1,4,E01002780,0,1
2024010494557,2024,010494557,2,9,0,9,9,1,6,0,0,1,0,0,1,0,2,1,6,6,1,53,8,-1,-1,-1,-1,4,E01001165,0,2
2024430237512,2024,430237512,2,1,0,18,19,3,7,0,0,1,0,0,0,0,1,1,6,6,2,67,10,-1,-1,-1,-1,9,E01028782,0,1
2024010497511,2024,010497511,1,98,0,18,19,1,5,0,0,1,0,0,0,0,1,1,6,6,1,-1,-1,-1,-1,-1,-1,-1,-1,0,-1
2024201462077,2024,201462077,2,1,0,-1,5,1,5,-1,0,0,0,0,0,0,1,1,-1,6,1,12,3,-1,-1,-1,-1,10,E01010172,0,1
2024010494012,2024,010494012,2,19,0,3,3,5,1,0,0,1,0,0,0,0,3,1,1,1,1,23,5,-1,-1,-1,-1,3,E01004573,0,1
2024461474641,2024,461474641,2,22,0,-1,19,5,3,-1,9,0,0,0,0,0,4,1,-1,6,2,38,7,-1,-1,-1,-1,1,E01016049,0,1
2024461485721,2024,461485721,1,9,0,-1,19,2,6,-1,0,0,0,0,0,0,1,2,-1,9,1,41,7,-1,-1,-1,-1,-1,-1,0,-1
2024010523745,2024,010523745,1,9,0,7,7,5,7,0,0,1,0,0,0,0,1,1,6,6,3,-1,-1,-1,-1,-1,-1,-1,-1,0,-1
2024010505357,2024,010505357,2,9,0,99,99,9,9,99,99,9,9,99,9,99,9,9,6,6,3,-1,-1,-1,-1,-1,-1,9,E01001377,0,1
2024461528490,2024,461528490,1,9,0,-1,19,1,5,-1,0,0,0,0,0,0,3,1,-1,9,1,27,6,-1,-1,-1,-1,4,E01024226,0,2
2024201440486,2024,201440486,1,90,0,-1,19,2,6,-1,0,1,0,0,0,0,3,9,-1,9,1,29,6,-1,-1,-1,-1,1,E01009182,0,1
2024461443809,2024,461443809,2,1,0,-1,19,5,6,-1,0,8,0,0,0,0,3,1,-1,9,2,51,8,-1,-1,-1,-1,10,E01024468,0,1
2024311511479,2024,311511479,2,23,0,-1,19,6,2,-1,0,8,0,0,0,0,4,1,-1,6,1,16,4,-1,-1,-1,-1,4,E01035507,0,1
2024010489711,2024,010489711,1,1,9,99,99,9,9,99,99,9,9,99,9,99,1,1,6,6,1,28,6,-1,-1,-1,-1,5,E01000932,0,1
2024302401008,2024,302401008,1,9,0,1,1,1,5,0,0,8,0,0,0,0,2,1,6,6,3,-1,-1,-1,-1,-1,-1,5,E01019456,0,3
2024010507091,2024,010507091,1,1,9,99,99,9,9,99,99,9,9,99,9,99,1,1,6,6,1,33,6,-1,-1,-1,-1,2,E01034042,0,1
2024520402428,2024,520402428,1,-1,0,17,19,5,1,0,0,0,0,10,1,0,3,1,6,6,2,48,8,-1,-1,-1,-1,-1,-1,1,-1
2024010495455,2024,010495455,1,9,0,18,19,1,5,0,0,1,0,0,0,0,4,1,6,6,3,-1,-1,-1,-1,-1,-1,-1,-1,0,-1
2024531523675,2024,531523675,1,1,0,-1,19,5,1,-1,0,1,2,0,0,0,0,1,-1,9,1,15,3,-1,-1,-1,-1,10,E01014987,0,3
2024991497991,2024,991497991,2,1,0,-1,19,5,1,-1,0,3,0,0,1,0,2,1,-1,2,1,32,6,-1,-1,-1,-1,2,-1,0,2
2024361503943,2024,361503943,1,1,0,-1,19,3,7,-1,0,0,0,0,0,0,1,1,-1,6,1,9,2,-1,-1,-1,-1,2,E01026689,0,1
2024010489258,2024,010489258,2,9,9,99,99,9,9,99,99,9,9,99,9,99,9,9,6,6,3,-1,-1,-1,-1,-1,-1,-1,-1,0,-1
2024430180370,2024,430180370,2,1,0,18,19,4,8,0,0,0,0,0,0,0,1,1,6,6,1,11,3,-1,-1,-1,-1,-1,-1,0,-1
2024231481348,2024,231481348,2,-1,0,-1,19,6,2,-1,0,6,0,0,0,0,1,1,-1,9,2,7,2,-1,-1,-1,-1,10,E01031214,1,1
2024201517437,2024,201517437,1,9,0,-1,19,5,1,-1,0,0,0,0,0,0,1,1,-1,1,1,22,5,-1,-1,-1,-1,-1,-1,0,-1
2024371480331,2024,371480331,2,16,0,-1,3,7,5,-1,-1,0,0,0,0,0,2,1,-1,9,2,15,3,-1,-1,-1,-1,7,E01033454,0,1
2024010489726,2024,010489726,1,9,0,99,99,9,9,99,99,9,9,99,9,99,2,9,6,6,1,36,7,-1,-1,-1,-1,6,E01001309,0,1
2024010496659,2024,010496659,2,9,0,99,99,9,9,99,99,9,9,99,9,99,9,9,6,6,3,-1,-1,-1,-1,-1,-1,-1,-1,0,-1
2024548766824,2024,548766824,2,22,0,18,19,5,1,9,9,1,0,0,0,0,3,1,6,6,2,35,6,-1,-1,-1,-1,5,E01015519,0,1
2024010535659,2024,010535659,2,1,9,99,99,9,9,99,99,9,9,99,9,99,9,1,6,6,1,47,8,-1,-1,-1,-1,7,E01033571,0,1
2024201426657,2024,201426657,2,1,0,-1,19,8,4,-1,0,1,0,0,0,0,2,1,-1,6,1,53,8,-1,-1,-1,-1,-1,-1,0,-1
2024101479028,2024,101479028,1,9,0,-1,1,6,2,-1,0,8,0,0,0,0,2,9,-1,6,1,-1,-1,-1,-1,-1,-1,-1,-1,0,-1
2024430596802,2024,430596802,1,9,0,18,19,7,3,0,0,2,0,0,0,0,1,1,6,6,3,-1,-1,-1,-1,-1,-1,-1,-1,0,-1
2024010529267,2024,010529267,2,1,9,99,99,9,9,99,99,9,9,99,9,99,0,1,6,6,2,22,5,-1,-1,-1,-1,3,E01001492,0,1
2024440356031,2024,440356031,2,-1,0,18,19,1,5,0,0,6,0,0,0,0,4,1,6,6,1,18,4,-1,-1,-1,-1,1,E01017037,1,1
2024010508861,2024,010508861,1,1,9,99,99,9,9,99,99,9,9,99,9,99,9,1,2,2,1,53,8,-1,-1,-1,-1,8,E01004352,0,3
2024471521543,2024,471521543,2,1,0,-1,19,2,7,-1,0,8,0,0,0,0,4,1,-1,1,1,58,9,-1,-1,-1,-1,6,E01021204,0,4
2024461420956,2024,461420956,1,21,1,-1,19,1,5,-1,0,4,0,0,0,0,3,9,-1,1,1,31,6,-1,-1,-1,-1,-1,-1,0,-1
2024061487802,2024,061487802,2,9,0,-1,4,4,7,-1,0,5,0,0,0,0,2,1,-1,9,2,29,6,-1,-1,-1,-1,4,E01002589,0,5
2024610004524,2024,610004524,1,9,0,17,19,6,3,0,0,0,5,0,0,0,1,1,6,6,1,53,8,-1,-1,-1,-1,8,W01001897,0,4
2024548755324,2024,548755324,2,5,0,13,13,4,8,0,0,1,0,0,0,0,1,1,6,6,1,49,8,-1,-1,-1,-1,6,E01015489,0,3
2024010542268,2024,010542268,1,9,0,99,99,9,9,99,99,9,9,99,9,99,9,9,1,1,3,24,5,-1,-1,-1,-1,2,E01001509,0,1
2024320136310,2024,320136310,1,1,0,-1,-1,6,8,9,9,6,0,0,0,0,1,1,-1,-1,1,15,3,-1,-1,-1,-1,2,E01026142,0,1
2024122401157,2024,122401157,2,1,0,18,19,4,8,0,0,2,0,0,0,0,2,1,6,6,2,39,7,-1,-1,-1,-1,7,E01013345,0,1
2024471491093,2024,471491093,1,9,0,-1,9,7,5,-1,0,8,0,0,0,0,1,9,-1,6,2,23,5,-1,-1,-1,-1,7,E01024810,0,1
2024991486607,2024,991486607,1,19,0,-1,19,8,4,-1,0,1,0,0,0,0,1,1,-1,9,2,48,8,-1,-1,-1,-1,5,-1,0,2
2024010510891,2024,010510891,2,1,0,5,5,7,3,0,0,1,0,0,0,0,1,1,6,6,1,28,6,-1,-1,-1,-1,6,E01003149,0,2
202454C392624,2024,54C392624,1,1,0,18,19,5,1,0,0,1,0,0,0,0,4,1,6,6,1,18,4,-1,-1,-1,-1,1,E01015541,0,1
2024010536269,2024,010536269,1,1,9,99,99,9,9,99,99,9,9,99,9,99,9,1,2,2,1,37,7,-1,-1,-1,-1,8,E01001985,0,1
2024010496615,2024,010496615,2,9,0,99,99,9,9,99,99,0,9,99,9,99,9,9,6,6,3,-1,-1,-1,-1,-1,-1,-1,-1,0,-1
2024131404674,2024,131404674,2,9,0,-1,19,6,2,-1,0,0,0,0,0,0,1,1,-1,1,2,22,5,-1,-1,-1,-1,1,E01011143,0,1
2024131464522,2024,131464522,1,9,0,-1,19,8,4,-1,0,8,0,0,0,0,-1,1,-1,6,3,-1,-1,-1,-1,-1,-1,-1,-1,0,-1
2024481507980,2024,481507980,2,9,0,-1,2,0,0,-1,0,0,0,0,0,0,2,1,-1,6,1,39,7,-1,-1,-1,-1,-1,-1,0,-1
2024302400202,2024,302400202,2,9,0,3,3,4,8,0,0,0,0,0,0,0,2,1,6,6,1,58,9,-1,-1,-1,-1,10,E01019762,0,1
2024201503177,2024,201503177,2,1,0,-1,19,7,3,-1,0,8,0,0,0,0,3,1,-1,6,1,30,6,-1,-1,-1,-1,3,E01009565,0,1
2024052402318,2024,052402318,1,9,0,5,5,7,3,0,0,0,0,0,0,0,4,1,6,6,3,-1,-1,-1,-1,-1,-1,-1,-1,0,-1
2024430297318,2024,430297318,3,9,0,18,19,1,5,0,0,0,0,0,0,0,1,1,6,6,2,59,9,-1,-1,-1,-1,3,W01001052,0,5
2024302400251,2024,302400251,2,1,0,14,14,5,1,0,0,8,0,0,0,0,4,1,6,6,1,19,4,-1,-1,-1,-1,2,E01019877,0,1
202417S402924,2024,17S402924,1,9,0,18,19,6,2,0,0,1,5,10,1,11,1,1,6,6,1,35,6,-1,-1,-1,-1,1,E01012262,0,1
2024161428249,2024,161428249,2,11,0,-1,19,2,6,-1,0,0,0,0,0,0,-1,9,-1,6,3,-1,-1,-1,-1,-1,-1,-1,-1,0,-1
2024430419487,2024,430419487,2,90,-1,-1,-1,4,8,-1,-1,1,1,0,0,0,0,-1,6,6,1,60,9,-1,-1,-1,-1,4,E01016716,0,1
2024430093293,2024,430093293,2,9,0,18,19,7,3,0,0,2,0,0,0,0,4,1,6,6,1,-1,-1,-1,-1,-1,-1,-1,-1,0,-1
2024552400613,2024,552400613,1,1,0,18,19,1,5,0,0,6,0,0,0,0,1,1,6,6,2,21,5,-1,-1,-1,-1,7,E01015352,0,1
2024531480866,2024,531480866,3,9,0,-1,19,1,5,-1,0,0,0,0,1,0,1,1,-1,9,1,80,11,-1,-1,-1,-1,6,E01014058,0,4
2024201481101,2024,201481101,1,9,0,-1,12,6,2,-1,0,8,0,0,0,0,3,9,-1,6,3,-1,-1,-1,-1,-1,-1,-1,-1,0,-1
2024010520235,2024,010520235,1,1,9,99,99,9,9,99,99,9,9,99,9,99,1,1,6,6,1,21,5,-1,-1,-1,-1,3,E01004033,0,2
2024440217990,2024,440217990,2,9,0,18,19,0,0,0,0,0,0,0,0,0,3,1,6,6,1,65,9,-1,-1,-1,-1,-1,-1,0,-1
2024991413063,2024,991413063,4,9,0,-1,19,1,5,-1,0,0,1,0,5,6,1,1,-1,1,1,32,6,-1,-1,-1,-1,8,-1,0,4
2024010519173,2024,010519173,1,9,0,9,9,7,5,0,0,1,0,0,0,0,1,1,6,6,3,-1,-1,-1,-1,-1,-1,-1,-1,0,-1
2024010538219,2024,010538219,1,1,9,99,99,9,9,99,99,9,9,99,9,99,1,1,2,2,1,21,5,-1,-1,-1,-1,6,E01001494,0,1
2024401449437,2024,401449437,2,1,0,-1,19,-1,-1,-1,0,1,0,0,0,0,3,1,-1,6,2,41,7,-1,-1,-1,-1,3,E01015715,0,1
2024548527024,2024,548527024,1,9,0,7,7,5,7,0,0,5,0,0,0,0,1,1,6,6,1,-1,-1,-1,-1,-1,-1,-1,-1,0,-1
2024010512188,2024,010512188,3,9,0,17,19,5,1,0,0,1,0,0,0,0,1,1,6,6,1,73,10,-1,-1,-1,-1,4,E01002629,0,1
2024122400871,2024,122400871,1,9,0,1,1,7,3,0,0,0,0,0,0,0,2,1,6,6,3,-1,-1,-1,-1,-1,-1,-1,-1,0,-1
2024010541048,2024,010541048,1,1,9,99,99,9,9,99,99,9,9,99,9,99,9,1,2,2,2,27,6,-1,-1,-1,-1,3,E01002777,0,1
2024010504373,2024,010504373,2,11,0,99,99,9,9,99,99,9,9,99,9,99,1,9,6,6,3,-1,-1,-1,-1,-1,-1,-1,-1,0,-1
2024340WN2652,2024,340WN2652,2,9,0,-1,19,7,3,-1,0,1,0,0,0,0,1,1,-1,7,1,52,8,-1,-1,-1,-1,9,E01027211,0,2
2024010487489,2024,010487489,1,11,0,16,19,7,1,2,2,8,0,0,0,0,4,1,1,1,1,33,6,-1,-1,-1,-1,4,E01033869,0,1
2024131421043,2024,131421043,2,1,0,-1,19,1,5,-1,4,8,0,0,0,0,3,1,-1,2,1,51,8,-1,-1,-1,-1,6,E01010786,0,1
2024440530599,2024,440530599,2,9,0,18,19,1,5,0,0,0,0,0,0,0,2,1,6,6,1,33,6,-1,-1,-1,-1,3,W01001489,0,5
2024010508757,2024,010508757,2,1,0,18,19,1,5,0,0,1,0,0,0,0,2,1,6,6,1,20,4,-1,-1,-1,-1,2,E01033864,0,2
202460Q181935,2024,60Q181935,2,1,0,18,19,2,6,0,0,4,0,0,0,0,1,1,6,6,1,53,8,-1,-1,-1,-1,-1,-1,0,-1
2024010535736,2024,010535736,2,20,0,99,99,9,9,99,99,9,9,99,9,99,9,9,6,6,3,-1,-1,-1,-1,-1,-1,6,E01030653,0,2
2024141495204,2024,141495204,2,1,0,-1,19,6,2,-1,0,8,0,0,0,0,1,1,-1,6,1,50,8,-1,-1,-1,-1,10,E01007937,0,1
2024061441172,2024,061441172,1,1,9,-1,19,-1,-1,-1,0,1,5,0,0,0,3,1,-1,1,1,24,5,-1,-1,-1,-1,4,E01005673,0,2
2024302401459,2024,302401459,1,9,0,18,19,5,2,0,0,0,0,0,1,9,1,1,6,6,1,20,4,-1,-1,-1,-1,10,E01019635,0,1
2024440293125,2024,440293125,1,5,0,9,9,7,5,0,0,5,0,0,0,0,1,1,6,6,1,49,8,-1,-1,-1,-1,-1,-1,0,-1
2024302401476,2024,302401476,2,1,0,18,19,3,7,0,0,2,0,0,0,0,3,1,6,6,1,23,5,-1,-1,-1,-1,4,E01013460,0,1
2024071026016,2024,071026016,1,1,0,-1,19,3,7,-1,0,8,0,0,0,0,1,1,-1,6,2,16,4,-1,-1,-1,-1,-1,-1,0,-1
2024411427168,2024,411427168,2,1,0,-1,19,7,7,-1,0,4,0,0,0,0,1,1,-1,6,2,58,9,-1,-1,-1,-1,10,E01023483,0,1
2024531454517,2024,531454517,1,9,4,-1,13,2,6,-1,0,0,0,0,0,0,0,1,-1,9,1,59,9,-1,-1,-1,-1,8,E01022411,0,1
2024061502769,2024,061502769,2,8,0,-1,19,-1,-1,-1,99,0,9,99,0,0,1,1,-1,6,3,-1,-1,-1,-1,-1,-1,-1,-1,0,-1
2024351412335,2024,351412335,2,1,0,-1,19,1,5,-1,4,8,0,0,0,0,3,1,-1,2,1,39,7,-1,-1,-1,-1,10,E01017955,0,1
2024010509751,2024,010509751,1,1,0,18,19,1,5,0,0,8,0,0,0,0,2,1,6,6,1,48,8,-1,-1,-1,-1,4,E01033320,0,1
2024061532099,2024,061532099,2,1,0,-1,19,3,7,-1,0,8,0,0,0,0,3,1,-1,6,1,40,7,-1,-1,-1,-1,-1,-1,0,-1
2024501439602,2024,501439602,2,9,0,-1,7,1,7,-1,0,6,0,0,0,0,1,1,-1,9,1,53,8,-1,-1,-1,-1,-1,-1,0,-1
2024501454771,2024,501454771,2,9,0,-1,19,7,3,-1,0,0,0,0,0,0,3,9,-1,6,1,23,5,-1,-1,-1,-1,6,E01018957,0,2
2024141515747,2024,141515747,1,9,0,-1,19,5,1,-1,0,0,0,0,0,0,1,9,-1,6,2,-1,-1,-1,-1,-1,-1,-1,-1,0,-1
2024480492224,2024,480492224,1,11,0,5,5,7,3,0,0,8,0,0,0,0,1,1,1,1,1,61,9,-1,-1,-1,-1,3,E01000099,0,3
2024010530640,2024,010530640,1,19,0,5,5,4,8,0,0,1,0,0,0,0,0,1,6,6,3,24,5,-1,-1,-1,-1,-1,-1,0,-1
2024991459519,2024,991459519,3,9,0,-1,8,3,5,-1,0,6,0,0,0,0,1,1,-1,6,1,27,6,-1,-1,-1,-1,5,-1,0,1
2024010530209,2024,010530209,1,9,9,99,99,9,9,99,99,6,9,99,9,99,9,9,6,6,3,-1,-1,-1,-1,-1,-1,-1,-1,0,-1
2024302400812,2024,302400812,1,9,0,17,19,2,4,0,0,8,0,0,0,0,4,1,6,6,3,-1,-1,-1,-1,-1,-1,5,E01019456,0,3
2024010492930,2024,010492930,2,19,0,2,2,0,0,0,0,0,0,0,0,0,3,1,6,6,3,-1,-1,-1,-1,-1,-1,-1,-1,0,-1
2024401435241,2024,401435241,2,1,-1,-1,-1,-1,-1,-1,-1,-1,-1,-1,-1,0,-1,1,-1,2,1,24,5,-1,-1,-1,-1,1,E01017477,0,1
2024991528434,2024,991528434,1,9,0,-1,19,3,7,-1,0,0,5,6,0,0,3,1,-1,9,1,75,10,-1,-1,-1,-1,8,-1,0,3
2024201537857,2024,201537857,2,90,0,-1,19,7,3,-1,0,4,0,0,0,0,2,9,-1,2,1,43,7,-1,-1,-1,-1,5,E01013493,0,4
2024101512991,2024,101512991,1,9,0,-1,19,3,7,-1,0,1,0,0,0,0,1,9,-1,6,2,-1,-1,-1,-1,-1,-1,-1,-1,0,-1
2024131458472,2024,131458472,1,97,0,-1,19,5,1,-1,0,1,0,0,0,0,1,1,-1,6,1,29,6,-1,-1,-1,-1,2,E01011852,0,2
2024010493389,2024,010493389,1,9,0,2,2,0,0,99,99,0,9,99,9,99,2,1,6,6,3,-1,-1,-1,-1,-1,-1,-1,-1,0,-1
2024010525385,2024,010525385,1,1,9,99,99,9,9,99,99,9,9,99,9,99,9,1,6,6,1,22,5,-1,-1,-1,-1,3,E01002235,0,1
2024501410501,2024,501410501,1,9,9,-1,19,5,1,-1,0,1,0,0,0,0,1,9,-1,6,1,-1,-1,-1,-1,-1,-1,-1,-1,0,-1
2024010488198,2024,010488198,2,9,0,2,2,0,0,0,0,2,0,0,0,0,4,1,6,6,3,-1,-1,-1,-1,-1,-1,-1,-1,0,-1
2024501394879,2024,501394879,2,1,0,-1,9,8,6,-1,0,1,5,0,0,0,2,1,-1,6,1,62,9,-1,-1,-1,-1,7,E01019969,0,1
2024421505818,2024,421505818,1,99,0,-1,19,3,7,-1,0,0,0,0,0,0,1,9,-1,6,3,-1,-1,-1,-1,-1,-1,-1,-1,0,-1
2024131486770,2024,131486770,1,1,0,-1,19,5,1,-1,0,0,0,0,0,0,3,1,-1,9,1,15,3,-1,-1,-1,-1,1,E01011364,0,1
2024545364524,2024,545364524,2,5,0,18,19,7,3,0,0,8,0,0,0,0,1,1,6,6,1,66,10,-1,-1,-1,-1,8,E01031940,0,3
2024440542384,2024,440542384,1,1,0,9,9,7,3,0,0,0,0,0,0,0,1,1,4,7,1,13,3,-1,-1,-1,-1,3,E01032738,0,1
2024010493602,2024,010493602,2,9,0,99,99,9,9,99,99,9,9,99,9,99,1,9,6,6,1,42,7,-1,-1,-1,-1,4,E01000239,0,2
2024371480177,2024,371480177,2,1,0,-1,19,7,2,-1,0,3,0,0,0,0,2,1,-1,2,1,38,7,-1,-1,-1,-1,3,E01030163,0,1
2024010551439,2024,010551439,1,9,0,99,99,9,9,99,99,9,9,99,9,99,9,9,6,6,1,34,6,-1,-1,-1,-1,8,E01015389,0,5
2024041445152,2024,041445152,1,9,0,-1,19,5,1,-1,0,0,0,0,0,0,1,9,-1,6,3,-1,-1,-1,-1,-1,-1,-1,-1,0,-1
2024010511366,2024,010511366,2,1,0,15,15,5,1,0,0,0,0,0,0,0,3,1,6,6,1,35,6,-1,-1,-1,-1,6,E01004521,0,1
2024061496746,2024,061496746,1,9,0,-1,9,7,5,-1,0,0,0,0,0,0,1,9,-1,6,3,20,4,-1,-1,-1,-1,-1,-1,0,-1
2024010487205,2024,010487205,2,9,0,7,7,1,3,0,0,8,0,0,1,0,1,1,6,6,1,34,6,-1,-1,-1,-1,2,E01003984,0,1
2024631503581,2024,631503581,2,1,0,-1,19,3,7,-1,0,0,0,0,0,0,1,1,-1,6,1,86,11,-1,-1,-1,-1,5,W01000599,0,1
2024101515812,2024,101515812,1,98,0,-1,19,4,8,-1,0,0,1,0,1,0,2,1,-1,1,1,55,8,-1,-1,-1,-1,-1,-1,0,-1
2024041532292,2024,041532292,2,9,0,-1,2,0,0,-1,0,0,0,0,0,0,4,1,-1,6,3,-1,-1,-1,-1,-1,-1,-1,-1,0,-1
2024010494781,2024,010494781,1,9,0,9,9,3,1,0,0,8,0,0,0,0,1,1,6,6,1,27,6,-1,-1,-1,-1,3,E01035666,0,2
2024302400803,2024,302400803,3,9,0,2,2,0,0,0,0,0,0,0,0,0,0,1,6,6,3,-1,-1,-1,-1,-1,-1,-1,-1,0,-1
2024010524011,2024,010524011,2,9,0,7,7,9,9,99,99,9,9,99,9,99,9,9,6,6,3,-1,-1,-1,-1,-1,-1,-1,-1,0,-1
2024331465642,2024,331465642,2,9,0,-1,19,8,4,-1,0,4,0,0,0,0,3,1,-1,6,2,39,7,-1,-1,-1,-1,8,E01031120,0,1
2024010493160,2024,010493160,1,9,0,99,99,9,9,99,99,9,0,99,9,99,4,9,6,6,1,50,8,-1,-1,-1,-1,7,E01001131,0,4
2024302401123,2024,302401123,2,9,0,18,19,6,2,0,0,0,0,0,0,0,1,1,6,6,2,55,8,-1,-1,-1,-1,1,E01013496,0,1
2024211498295,2024,211498295,1,9,0,-1,19,1,1,-1,0,0,0,0,0,0,1,9,-1,6,3,30,6,-1,-1,-1,-1,-1,-1,0,-1
2024221498900,2024,221498900,1,9,0,-1,19,1,4,-1,0,0,0,0,0,0,1,1,-1,6,2,29,6,-1,-1,-1,-1,2,E01010261,0,4
2024201531880,2024,201531880,2,9,0,-1,9,1,8,-1,0,6,0,0,0,0,1,1,-1,6,2,28,6,-1,-1,-1,-1,1,E01010269,0,1
2024311416780,2024,311416780,2,18,-1,-1,19,3,7,-1,1,0,0,0,0,0,1,1,-1,1,1,56,9,-1,-1,-1,-1,6,E01028109,0,2
2024201486307,2024,201486307,1,9,0,-1,19,1,5,-1,0,1,0,4,0,0,1,1,-1,6,1,75,10,-1,-1,-1,-1,2,E01010503,0,1
2024052402443,2024,052402443,1,9,0,18,19,3,7,0,0,1,0,0,0,0,1,1,6,6,3,-1,-1,-1,-1,-1,-1,-1,-1,0,-1
2024411540899,2024,411540899,2,9,0,-1,9,5,1,-1,0,3,0,0,0,0,4,1,-1,6,2,47,8,-1,-1,-1,-1,7,E01023544,0,1
2024411443618,2024,411443618,2,1,0,-1,4,7,3,-1,0,0,0,0,0,0,1,1,-1,6,1,13,3,-1,-1,-1,-1,2,E01023294,0,1
2024010502073,2024,010502073,2,8,0,99,99,9,9,99,99,9,9,99,9,99,9,9,6,6,3,-1,-1,-1,-1,-1,-1,-1,-1,0,-1
2024101454315,2024,101454315,1,9,0,-1,4,3,7,-1,0,1,0,0,0,0,1,1,-1,9,2,75,10,-1,-1,-1,-1,8,E01008721,0,2
2024545286824,2024,545286824,2,9,0,18,19,8,4,0,0,8,0,0,1,0,3,1,6,6,1,32,6,-1,-1,-1,-1,10,E01030906,0,4
2024161519152,2024,161519152,1,90,0,-1,19,5,1,-1,0,0,0,0,0,0,4,9,-1,6,1,55,8,-1,-1,-1,-1,-1,-1,0,-1
2024010508459,2024,010508459,1,9,9,99,99,9,9,0,0,3,9,99,9,99,1,9,6,6,3,-1,-1,-1,-1,-1,-1,-1,-1,0,-1
2024481471150,2024,481471150,1,9,0,-1,1,7,3,-1,0,1,0,0,0,0,2,1,-1,2,1,52,8,-1,-1,-1,-1,-1,-1,0,-1
2024010489929,2024,010489929,1,9,0,99,99,9,9,99,99,0,9,99,9,99,9,9,6,6,1,38,7,-1,-1,-1,-1,5,E01030311,0,3
2024122401180,2024,122401180,2,1,0,18,19,5,1,0,0,0,0,0,0,0,4,1,6,6,1,23,5,-1,-1,-1,-1,2,E01027872,0,1
2024371440686,2024,371440686,2,99,-1,-1,-1,-1,-1,-1,-1,0,-1,-1,-1,0,-1,9,-1,6,3,-1,-1,-1,-1,-1,-1,-1,-1,0,-1