collision_index,collision_year,collision_ref_no,vehicle_reference,vehicle_type,towing_and_articulation,vehicle_manoeuvre_historic,vehicle_manoeuvre,vehicle_direction_from,vehicle_direction_to,vehicle_location_restricted_lane_historic,vehicle_location_restricted_lane,junction_location,skidding_and_overturning,hit_object_in_carriageway,vehicle_leaving_carriageway,hit_object_off_carriageway,first_point_of_impact,vehicle_left_hand_drive,journey_purpose_of_driver_historic,journey_purpose_of_driver,sex_of_driver,age_of_driver,age_band_of_driver,engine_capacity_cc,propulsion_code,age_of_vehicle,generic_make_model,driver_imd_decile,lsoa_of_driver,escooter_flag,driver_distance_banding
2024122500146,2024,122500146,3,9,0,3,3,3,7,0,0,1,0,0,0,0,2,1,6,6,1,49,8,-1,-1,-1,-1,3,E01027749,0,1
2024070535785,2024,070535785,1,1,0,18,19,7,3,0,0,0,0,0,0,0,1,1,6,6,1,71,10,-1,-1,-1,-1,6,E01018369,0,1
2024010487266,2024,010487266,1,9,0,5,5,3,7,0,0,2,0,0,0,0,1,1,6,6,2,38,7,-1,-1,-1,-1,9,E01001422,0,3
2024440349050,2024,440349050,1,97,0,18,19,5,1,0,0,0,0,0,0,0,1,1,6,6,3,-1,-1,-1,-1,-1,-1,-1,-1,0,-1
2024010496928,2024,010496928,2,9,0,99,99,9,9,99,99,5,9,99,9,99,9,9,6,6,3,-1,-1,-1,-1,-1,-1,-1,-1,0,-1
2024332401212,2024,332401212,1,1,0,-1,19,1,5,-1,0,8,0,0,0,0,3,1,-1,7,1,13,3,-1,-1,-1,-1,6,E01025763,0,1
2024430561766,2024,430561766,1,-1,-1,-1,-1,-1,-1,-1,-1,-1,-1,-1,-1,-1,-1,-1,6,6,1,-1,-1,-1,-1,-1,-1,-1,-1,0,-1
2024340NN1442,2024,340NN1442,3,9,0,-1,3,6,2,-1,0,0,0,0,0,0,2,1,-1,1,1,52,8,-1,-1,-1,-1,6,E01027326,0,2
2024061516204,2024,061516204,2,9,0,-1,19,-1,-1,-1,99,0,0,0,0,0,1,1,-1,6,3,-1,-1,-1,-1,-1,-1,-1,-1,0,-1
2024010487339,2024,010487339,2,9,0,99,99,9,9,99,99,9,9,99,9,99,9,9,6,6,3,-1,-1,-1,-1,-1,-1,-1,-1,0,-1
2024010501365,2024,010501365,1,9,0,9,9,1,7,0,0,8,0,0,0,0,1,2,6,6,3,-1,-1,-1,-1,-1,-1,-1,-1,0,-1
2024041469501,2024,041469501,1,1,0,-1,5,1,1,-1,9,0,0,0,0,0,1,1,-1,6,3,-1,-1,-1,-1,-1,-1,-1,-1,0,-1
2024201450654,2024,201450654,2,1,0,-1,14,5,1,-1,0,0,0,0,0,0,1,1,-1,6,1,45,7,-1,-1,-1,-1,5,E01034951,0,1
2024421474239,2024,421474239,1,9,0,-1,19,-1,-1,-1,0,0,0,0,0,0,3,1,-1,6,3,-1,-1,-1,-1,-1,-1,-1,-1,0,-1
2024451486958,2024,451486958,2,9,0,-1,19,3,7,-1,0,0,0,0,0,0,1,1,-1,2,1,26,6,-1,-1,-1,-1,10,E01030828,0,2
2024461419843,2024,461419843,1,19,0,-1,7,5,8,-1,0,5,0,0,0,0,1,9,-1,6,1,-1,-1,-1,-1,-1,-1,-1,-1,0,-1
2024991415139,2024,991415139,2,9,0,-1,19,7,3,-1,0,0,0,0,0,0,2,1,-1,6,1,73,10,-1,-1,-1,-1,7,-1,0,3
2024361506076,2024,361506076,1,11,-1,-1,-1,-1,-1,-1,-1,-1,-1,-1,-1,0,-1,9,-1,1,3,-1,-1,-1,-1,-1,-1,-1,-1,0,-1
2024052402410,2024,052402410,1,9,0,5,5,3,7,0,0,1,0,0,0,0,3,1,6,6,3,-1,-1,-1,-1,-1,-1,-1,-1,0,-1
2024361482669,2024,361482669,2,1,0,-1,19,7,3,-1,0,8,0,0,0,0,1,1,-1,9,1,38,7,-1,-1,-1,-1,1,E01026625,0,1
2024010551368,2024,010551368,1,9,0,99,99,9,9,99,99,9,9,99,9,99,1,9,6,6,3,-1,-1,-1,-1,-1,-1,-1,-1,0,-1
2024131420457,2024,131420457,1,9,0,-1,9,8,6,-1,0,2,0,0,0,0,4,1,-1,9,2,76,11,-1,-1,-1,-1,3,E01011085,0,1
2024010488745,2024,010488745,1,9,0,9,9,3,1,0,0,5,0,4,0,0,1,1,6,6,2,32,6,-1,-1,-1,-1,5,E01032790,0,2
2024010488899,2024,010488899,1,4,0,99,99,9,9,99,99,9,9,99,9,99,0,1,6,6,2,29,6,-1,-1,-1,-1,4,E01002057,0,1
2024430074029,2024,430074029,2,1,0,18,19,8,4,0,0,8,0,0,0,0,4,1,6,6,1,-1,-1,-1,-1,-1,-1,-1,-1,0,-1
2024010488738,2024,010488738,1,3,0,99,99,9,9,99,99,9,9,99,9,99,1,1,1,1,1,44,7,-1,-1,-1,-1,3,E01004344,0,2
2024401497732,2024,401497732,2,1,0,-1,19,2,6,-1,0,1,0,0,0,0,3,1,-1,9,1,45,7,-1,-1,-1,-1,10,E01033966,0,4
2024141450297,2024,141450297,1,9,0,-1,19,3,7,-1,0,1,0,0,0,0,4,2,-1,6,1,51,8,-1,-1,-1,-1,6,E01007666,0,1
2024131447780,2024,131447780,1,1,0,-1,19,7,3,-1,0,8,0,0,0,0,1,1,-1,6,1,22,5,-1,-1,-1,-1,1,E01011316,0,1
2024351477797,2024,351477797,1,9,0,-1,3,8,4,-1,0,0,0,0,0,0,1,9,-1,6,3,-1,-1,-1,-1,-1,-1,-1,-1,0,-1
2024131404563,2024,131404563,1,90,0,-1,-1,-1,-1,-1,-1,-1,-1,-1,-1,-1,-1,1,-1,6,3,-1,-1,-1,-1,-1,-1,-1,-1,0,-1
2024320730507,2024,320730507,1,19,0,-1,-1,5,1,0,0,1,0,0,0,0,1,1,6,6,3,-1,-1,-1,-1,-1,-1,-1,-1,0,-1
2024211528561,2024,211528561,2,9,0,-1,19,8,4,-1,0,3,2,0,0,0,3,1,-1,6,1,48,8,-1,-1,-1,-1,4,E01032897,0,1
2024010511699,2024,010511699,1,19,0,1,1,5,1,0,0,1,0,0,0,0,2,1,6,6,1,37,7,-1,-1,-1,-1,3,E01003172,0,3
2024440035202,2024,440035202,2,9,0,18,19,8,4,0,0,0,0,8,0,0,1,1,6,6,3,-1,-1,-1,-1,-1,-1,-1,-1,0,-1
2024010549705,2024,010549705,2,1,0,18,19,5,1,0,0,1,0,0,0,0,1,1,6,6,1,59,9,-1,-1,-1,-1,3,E01004575,0,3
2024010494611,2024,010494611,1,3,0,99,99,9,9,99,99,9,9,99,9,99,1,1,1,1,2,22,5,-1,-1,-1,-1,3,E01003120,0,1
202460Q090329,2024,60Q090329,2,9,0,18,19,1,5,0,0,1,0,0,0,0,0,1,6,6,3,-1,-1,-1,-1,-1,-1,-1,-1,0,-1
2024501423171,2024,501423171,1,9,0,-1,6,6,2,-1,0,0,0,0,0,0,1,9,-1,6,2,30,6,-1,-1,-1,-1,3,E01018990,0,3
2024411531590,2024,411531590,1,9,-1,-1,-1,-1,-1,-1,-1,0,-1,-1,-1,0,-1,9,-1,6,3,-1,-1,-1,-1,-1,-1,-1,-1,0,-1
2024371511251,2024,371511251,2,9,0,-1,9,5,2,-1,0,0,0,0,0,0,3,1,-1,1,1,42,7,-1,-1,-1,-1,6,E01030099,0,3
2024010554652,2024,010554652,1,1,9,99,99,9,9,99,99,9,9,99,9,99,9,1,1,1,1,47,8,-1,-1,-1,-1,-1,-1,0,-1
2024531532965,2024,531532965,2,1,0,-1,9,3,5,-1,0,3,0,0,0,0,1,1,-1,6,2,33,6,-1,-1,-1,-1,6,E01034777,0,1
2024501451032,2024,501451032,1,9,0,-1,9,4,8,-1,0,8,0,0,0,0,1,1,-1,6,1,34,6,-1,-1,-1,-1,3,E01019072,0,3
2024071009287,2024,071009287,1,9,9,-1,99,9,9,-1,99,2,9,99,9,99,9,9,-1,6,1,-1,-1,-1,-1,-1,-1,-1,-1,0,-1
2024991451403,2024,991451403,1,11,0,-1,5,7,3,-1,2,2,0,0,0,0,4,1,-1,1,3,24,5,-1,-1,-1,-1,-1,-1,0,-1
2024131477847,2024,131477847,2,9,0,-1,4,3,7,-1,0,8,0,0,0,0,1,1,-1,1,1,49,8,-1,-1,-1,-1,1,E01010811,0,1
2024010542155,2024,010542155,1,1,9,99,99,9,9,99,99,9,9,99,9,99,1,1,6,6,1,47,8,-1,-1,-1,-1,5,E01035712,0,1
2024351413120,2024,351413120,1,9,0,-1,19,-1,-1,-1,0,4,0,0,0,0,-1,9,-1,6,3,-1,-1,-1,-1,-1,-1,-1,-1,0,-1
2024531524324,2024,531524324,2,1,0,-1,19,6,2,-1,0,0,0,0,0,0,3,1,-1,2,1,47,8,-1,-1,-1,-1,1,E01022291,0,1
2024131482129,2024,131482129,2,90,0,-1,19,1,5,-1,0,1,0,0,0,0,3,1,-1,2,1,40,7,-1,-1,-1,-1,2,E01011137,0,2
2024340NN3872,2024,340NN3872,1,9,0,-1,4,1,5,-1,0,0,0,0,1,9,4,1,-1,6,1,25,5,-1,-1,-1,-1,4,E01032980,0,4
2024302401279,2024,302401279,1,20,4,9,9,6,4,0,0,1,0,0,0,0,4,1,6,6,3,-1,-1,-1,-1,-1,-1,5,E01019456,0,4
2024201447992,2024,201447992,2,90,0,-1,19,2,6,-1,0,8,0,0,0,0,1,9,-1,6,1,46,8,-1,-1,-1,-1,1,E01010054,0,1
2024010491448,2024,010491448,1,9,0,99,99,9,9,99,99,9,9,99,9,99,9,9,6,6,2,32,6,-1,-1,-1,-1,4,E01034601,0,1
2024010528275,2024,010528275,1,1,9,99,99,9,9,99,99,8,9,99,9,99,9,1,1,1,3,29,6,-1,-1,-1,-1,4,E01000571,0,1
2024010515081,2024,010515081,2,1,0,18,19,7,3,0,0,8,0,0,0,0,3,1,6,6,1,33,6,-1,-1,-1,-1,5,E01035696,0,1
2024061515621,2024,061515621,1,9,0,-1,19,6,2,-1,0,0,0,0,0,0,-1,1,-1,6,3,-1,-1,-1,-1,-1,-1,-1,-1,0,-1
2024010515767,2024,010515767,2,9,0,99,99,9,9,99,99,9,9,99,9,99,9,9,6,6,3,-1,-1,-1,-1,-1,-1,-1,-1,0,-1
2024411476018,2024,411476018,2,-1,-1,-1,-1,-1,-1,-1,-1,-1,-1,-1,-1,0,-1,1,-1,9,1,36,7,-1,-1,-1,-1,3,E01023793,1,1
2024010536504,2024,010536504,1,9,0,99,99,9,9,99,99,9,9,99,9,99,9,9,6,6,1,-1,-1,-1,-1,-1,-1,-1,-1,0,-1
2024141415947,2024,141415947,1,9,0,-1,15,-1,-1,-1,0,0,-1,0,-1,0,-1,9,-1,6,3,-1,-1,-1,-1,-1,-1,-1,-1,0,-1
2024501468459,2024,501468459,1,1,0,-1,5,3,5,-1,0,6,0,0,0,0,3,1,-1,6,1,15,3,-1,-1,-1,-1,4,E01018980,0,2
2024201480751,2024,201480751,2,1,0,-1,3,1,5,-1,0,1,0,0,0,0,4,1,-1,6,1,46,8,-1,-1,-1,-1,4,E01009907,0,1
2024161535876,2024,161535876,2,9,0,-1,19,3,7,-1,0,0,0,0,0,0,1,9,-1,6,3,-1,-1,-1,-1,-1,-1,-1,-1,0,-1
2024531441791,2024,531441791,1,97,0,-1,19,5,1,-1,0,0,1,10,0,0,4,1,-1,6,1,19,4,-1,-1,-1,-1,6,E01032935,0,2
2024010494687,2024,010494687,2,-1,0,18,19,1,5,0,0,2,0,0,0,0,4,1,6,6,1,25,5,-1,-1,-1,-1,6,E01002692,1,1
2024451483593,2024,451483593,1,9,0,-1,9,5,1,-1,0,5,0,0,0,0,1,1,-1,9,1,54,8,-1,-1,-1,-1,8,E01030875,0,1
2024421399043,2024,421399043,1,9,0,-1,19,1,5,-1,0,1,0,0,0,0,1,9,-1,6,2,-1,-1,-1,-1,-1,-1,-1,-1,0,-1
2024201397644,2024,201397644,1,9,0,-1,19,8,4,-1,0,0,0,0,0,0,0,1,-1,6,1,-1,-1,-1,-1,-1,-1,-1,-1,0,-1
2024101444420,2024,101444420,1,23,0,-1,19,5,1,-1,0,1,0,0,0,0,1,1,-1,6,1,22,5,-1,-1,-1,-1,2,E01008456,0,1
2024461463534,2024,461463534,1,90,0,-1,10,3,7,-1,0,2,0,0,0,0,1,1,-1,1,1,59,9,-1,-1,-1,-1,5,E01024198,0,2
2024010522508,2024,010522508,1,1,9,99,99,9,9,99,99,9,9,99,9,99,1,1,6,6,2,21,5,-1,-1,-1,-1,8,E01001965,0,3
2024010525609,2024,010525609,2,9,0,18,19,3,7,0,0,7,0,0,0,0,1,1,6,6,1,19,4,-1,-1,-1,-1,10,E01017816,0,4
2024440298139,2024,440298139,1,4,0,18,19,2,5,0,0,0,0,0,7,0,0,1,6,6,1,74,10,-1,-1,-1,-1,4,E01017217,0,4
2024430341946,2024,430341946,2,19,0,18,19,1,5,0,0,1,0,0,0,0,1,1,6,6,3,-1,-1,-1,-1,-1,-1,-1,-1,0,-1
2024131444172,2024,131444172,2,1,0,-1,19,6,2,-1,0,0,0,0,7,0,2,1,-1,9,1,10,2,-1,-1,-1,-1,1,E01011101,0,1
2024411462300,2024,411462300,2,98,0,-1,19,5,1,-1,0,1,0,12,0,0,1,1,-1,6,-1,-1,-1,-1,-1,-1,-1,-1,-1,0,-1
2024010510673,2024,010510673,1,3,0,5,5,1,5,0,0,1,0,0,0,0,1,1,6,6,1,23,5,-1,-1,-1,-1,6,E01002497,0,1
2024451414096,2024,451414096,2,9,0,-1,19,5,1,-1,0,0,0,0,0,0,3,1,-1,9,1,34,6,-1,-1,-1,-1,10,E01012967,0,5
2024010489667,2024,010489667,1,1,9,99,99,9,9,99,99,9,9,99,9,99,1,1,2,2,1,42,7,-1,-1,-1,-1,10,E01002967,0,3
2024131474450,2024,131474450,2,1,0,-1,19,2,6,-1,0,0,0,0,1,11,3,1,-1,6,1,18,4,-1,-1,-1,-1,6,E01010594,0,2
2024991506019,2024,991506019,2,9,0,-1,19,1,5,-1,0,6,0,4,3,0,2,1,-1,6,2,46,8,-1,-1,-1,-1,7,-1,0,4
2024161408818,2024,161408818,1,9,0,-1,19,7,3,-1,0,0,0,0,0,0,2,9,-1,9,1,58,9,-1,-1,-1,-1,2,E01013129,0,1
2024440546845,2024,440546845,1,19,0,5,5,2,6,0,0,8,0,0,0,0,1,1,6,6,3,-1,-1,-1,-1,-1,-1,-1,-1,0,-1
2024010535269,2024,010535269,3,1,0,18,19,3,7,0,0,1,0,0,0,0,2,1,2,2,1,46,8,-1,-1,-1,-1,8,E01017231,0,4
2024351413257,2024,351413257,2,9,0,-1,4,4,8,-1,0,0,0,0,0,0,2,1,-1,6,2,40,7,-1,-1,-1,-1,2,E01015599,0,1
2024201438748,2024,201438748,1,9,0,-1,19,8,4,-1,0,0,0,0,0,0,1,1,-1,6,3,-1,-1,-1,-1,-1,-1,-1,-1,0,-1
2024430516866,2024,430516866,2,9,0,18,19,6,2,0,0,4,0,0,0,0,1,1,6,6,1,-1,-1,-1,-1,-1,-1,-1,-1,0,-1
2024122401097,2024,122401097,2,1,0,18,19,8,4,0,0,8,0,0,0,0,3,1,6,6,1,56,9,-1,-1,-1,-1,6,E01027770,0,1
2024201475625,2024,201475625,2,9,0,-1,9,6,4,-1,0,5,0,0,0,0,3,9,-1,6,3,24,5,-1,-1,-1,-1,2,E01009043,0,1
2024122400349,2024,122400349,1,9,0,18,19,3,7,0,0,0,1,0,4,10,4,1,6,6,1,17,4,-1,-1,-1,-1,2,E01011781,0,4
2024010523035,2024,010523035,1,1,9,18,19,9,9,4,4,9,9,99,9,99,9,1,6,6,1,29,6,-1,-1,-1,-1,8,E01004507,0,1
2024631480799,2024,631480799,1,5,0,-1,19,2,6,-1,0,1,0,0,0,0,1,1,-1,9,1,39,7,-1,-1,-1,-1,8,E01024973,0,5
2024010544538,2024,010544538,2,9,0,4,4,5,1,0,0,0,1,0,0,0,1,1,2,2,2,32,6,-1,-1,-1,-1,4,E01001737,0,3
2024010544475,2024,010544475,1,1,0,15,15,7,3,0,0,1,0,0,0,0,1,1,6,6,1,18,4,-1,-1,-1,-1,4,E01004270,0,1
2024520400813,2024,520400813,2,9,0,18,19,3,6,0,0,0,0,0,0,0,1,1,6,6,2,58,9,-1,-1,-1,-1,8,E01029145,0,3
2024302400450,2024,302400450,1,5,0,7,7,8,4,0,0,3,0,0,0,0,1,1,6,6,1,54,8,-1,-1,-1,-1,6,E01013476,0,1
2024010544013,2024,010544013,1,9,0,18,19,2,6,0,0,1,0,0,0,0,1,1,6,6,1,-1,-1,-1,-1,-1,-1,-1,-1,0,-1
2024542584124,2024,542584124,1,9,0,18,19,7,3,0,0,0,0,0,0,0,1,1,6,6,3,-1,-1,-1,-1,-1,-1,-1,-1,0,-1
2024101510225,2024,101510225,1,1,0,-1,19,2,6,-1,0,8,0,0,0,0,1,1,-1,6,1,-1,-1,-1,-1,-1,-1,-1,-1,0,-1
2024010543418,2024,010543418,1,1,9,99,99,9,9,99,99,0,9,99,9,99,1,1,1,1,1,23,5,-1,-1,-1,-1,5,E01002202,0,3
2024010489547,2024,010489547,2,9,9,99,99,9,9,99,99,9,9,99,9,99,9,9,6,6,3,-1,-1,-1,-1,-1,-1,-1,-1,0,-1
2024010512591,2024,010512591,1,1,9,99,99,9,9,99,99,9,9,99,9,99,1,1,2,2,1,25,5,-1,-1,-1,-1,2,E01004541,0,1
2024501509165,2024,501509165,2,1,0,-1,19,2,6,-1,0,0,0,0,0,0,2,1,-1,9,1,59,9,-1,-1,-1,-1,5,E01020235,0,1
2024421464425,2024,421464425,3,9,0,-1,2,0,0,-1,0,1,0,0,0,0,1,1,-1,6,-1,-1,-1,-1,-1,-1,-1,-1,-1,0,-1
2024010490099,2024,010490099,2,9,0,18,19,1,5,0,0,8,0,0,0,0,1,1,6,6,2,52,8,-1,-1,-1,-1,8,E01001544,0,2
2024351541147,2024,351541147,1,1,-1,-1,-1,-1,-1,-1,-1,0,-1,-1,-1,0,-1,1,-1,6,3,-1,-1,-1,-1,-1,-1,-1,-1,0,-1
2024522403030,2024,522403030,1,1,0,18,19,7,3,4,4,8,0,0,0,0,1,1,6,6,1,43,7,-1,-1,-1,-1,4,E01014570,0,1
2024161525372,2024,161525372,2,1,0,-1,19,8,4,-1,0,0,0,8,0,0,1,1,-1,6,1,24,5,-1,-1,-1,-1,6,E01013163,0,1
2024010528369,2024,010528369,3,1,0,18,19,3,7,5,5,1,0,0,0,0,1,1,6,6,3,-1,-1,-1,-1,-1,-1,-1,-1,0,-1
2024010531529,2024,010531529,1,3,0,18,19,1,5,2,2,2,0,0,0,0,3,1,6,6,1,24,5,-1,-1,-1,-1,5,E01015952,0,4
2024010514630,2024,010514630,2,3,0,16,19,5,1,2,2,1,0,0,0,0,1,1,6,6,3,-1,-1,-1,-1,-1,-1,-1,-1,0,-1
2024451486142,2024,451486142,2,1,0,-1,3,7,2,-1,0,4,0,0,0,0,2,1,-1,9,2,58,9,-1,-1,-1,-1,8,E01030965,0,1
202460Q190906,2024,60Q190906,2,1,0,18,19,3,7,0,0,1,0,0,0,0,4,1,2,2,1,26,6,-1,-1,-1,-1,-1,-1,0,-1
2024340WN2732,2024,340WN2732,2,90,0,-1,-1,0,0,-1,0,2,0,0,0,0,2,1,-1,1,1,38,7,-1,-1,-1,-1,10,E01027324,0,2
2024131523519,2024,131523519,2,1,0,-1,19,2,6,-1,0,0,0,0,0,0,2,1,-1,2,1,49,8,-1,-1,-1,-1,1,E01010632,0,1
2024010551418,2024,010551418,1,9,0,9,9,5,3,0,0,1,0,0,0,0,1,1,6,6,2,41,7,-1,-1,-1,-1,3,E01001504,0,1
2024221514274,2024,221514274,1,1,0,-1,5,2,6,-1,0,0,0,0,0,0,1,1,-1,9,1,11,3,-1,-1,-1,-1,2,E01032453,0,1
2024010487490,2024,010487490,1,1,9,99,99,9,9,99,99,9,9,99,9,99,9,1,6,6,1,36,7,-1,-1,-1,-1,2,E01004732,0,1
2024461474647,2024,461474647,2,1,-1,-1,-1,-1,-1,-1,-1,-1,0,0,0,0,-1,1,-1,6,1,17,4,-1,-1,-1,-1,-1,-1,0,-1
2024461396165,2024,461396165,2,1,0,-1,7,6,2,-1,0,8,0,10,1,0,3,1,-1,6,1,72,10,-1,-1,-1,-1,7,E01032807,0,1
2024010497274,2024,010497274,2,9,0,9,9,1,7,0,0,2,1,0,0,0,1,1,6,6,1,24,5,-1,-1,-1,-1,-1,-1,0,-1
2024010510631,2024,010510631,2,9,0,9,9,8,6,0,0,6,0,0,0,0,0,1,1,1,2,61,9,-1,-1,-1,-1,-1,-1,0,-1
2024320305746,2024,320305746,4,9,0,-1,-1,8,4,0,0,0,0,0,0,0,1,1,6,6,1,67,10,-1,-1,-1,-1,6,E01026404,0,2
2024361535507,2024,361535507,1,9,0,-1,19,6,4,-1,0,8,0,0,0,0,1,1,-1,9,1,72,10,-1,-1,-1,-1,7,E01026526,0,4
2024351479687,2024,351479687,2,-1,0,-1,5,1,5,-1,9,8,0,0,0,0,2,1,-1,6,2,48,8,-1,-1,-1,-1,1,E01015639,1,1
2024421508184,2024,421508184,2,23,0,-1,-1,-1,-1,-1,-1,0,-1,-1,-1,0,-1,1,-1,6,1,13,3,-1,-1,-1,-1,3,E01015935,0,1
2024161528824,2024,161528824,1,9,0,-1,5,8,4,-1,0,4,0,0,1,0,1,1,-1,2,1,44,7,-1,-1,-1,-1,6,E01013276,0,4
2024351411434,2024,351411434,2,1,-1,-1,-1,-1,-1,-1,-1,0,-1,-1,-1,0,-1,1,-1,2,1,20,4,-1,-1,-1,-1,9,E01026269,0,4
2024070568014,2024,070568014,1,9,0,18,19,8,4,0,0,0,0,0,0,0,1,1,6,6,3,-1,-1,-1,-1,-1,-1,-1,-1,0,-1
2024010528516,2024,010528516,1,1,9,99,99,9,9,99,99,9,9,99,9,99,9,1,2,2,1,30,6,-1,-1,-1,-1,3,E01034484,0,1
2024610018424,2024,610018424,2,9,0,2,2,0,0,0,0,0,0,0,0,0,1,1,6,6,3,-1,-1,-1,-1,-1,-1,-1,-1,0,-1
2024991421534,2024,991421534,2,9,0,-1,19,6,3,-1,0,1,0,0,7,0,4,1,-1,2,1,60,9,-1,-1,-1,-1,3,-1,0,1
2024010534389,2024,010534389,2,9,9,99,99,9,9,99,99,0,9,99,9,99,9,9,6,6,3,-1,-1,-1,-1,-1,-1,-1,-1,0,-1
2024461474250,2024,461474250,2,9,0,-1,19,1,5,-1,0,0,0,0,0,0,4,9,-1,6,3,-1,-1,-1,-1,-1,-1,-1,-1,0,-1
2024010496391,2024,010496391,2,9,0,99,99,9,9,99,99,9,9,99,9,99,9,9,6,6,3,31,6,-1,-1,-1,-1,8,E01030991,0,4
2024371447286,2024,371447286,1,9,0,-1,19,7,3,-1,0,1,0,0,0,0,1,1,-1,6,2,66,10,-1,-1,-1,-1,4,E01030225,0,1
2024010543969,2024,010543969,2,1,0,12,12,7,3,0,0,0,0,0,0,0,1,1,6,6,1,51,8,-1,-1,-1,-1,6,E01003223,0,1
2024361500064,2024,361500064,1,9,-1,-1,-1,-1,-1,-1,-1,-1,-1,-1,-1,0,-1,9,-1,6,3,-1,-1,-1,-1,-1,-1,-1,-1,0,-1
2024010511936,2024,010511936,2,1,0,5,5,7,3,0,0,1,0,0,0,0,4,1,4,7,1,12,3,-1,-1,-1,-1,7,E01002499,0,1
2024332401158,2024,332401158,2,1,0,-1,19,5,1,-1,0,8,0,0,0,0,1,1,-1,6,1,43,7,-1,-1,-1,-1,1,E01013725,0,1
2024010512064,2024,010512064,2,1,0,18,19,6,2,0,0,0,0,0,0,0,1,1,6,6,1,34,6,-1,-1,-1,-1,6,E01004482,0,1
2024010512895,2024,010512895,1,1,9,99,99,9,9,99,99,9,9,99,9,99,9,1,6,6,3,-1,-1,-1,-1,-1,-1,-1,-1,0,-1
2024161493955,2024,161493955,1,1,0,-1,19,7,3,-1,9,1,0,0,0,0,4,1,-1,2,2,19,4,-1,-1,-1,-1,1,E01013281,0,1
2024010511338,2024,010511338,1,90,0,99,99,9,9,99,99,9,9,99,9,99,2,9,6,6,1,49,8,-1,-1,-1,-1,8,E01021798,0,4
2024161467543,2024,161467543,1,9,0,-1,9,7,3,-1,0,6,0,0,0,0,3,1,-1,6,2,54,8,-1,-1,-1,-1,10,E01013064,0,1
2024161479718,2024,161479718,1,5,0,-1,19,5,1,-1,0,0,1,0,0,0,0,1,-1,9,1,65,9,-1,-1,-1,-1,2,E01033104,0,3
2024302400152,2024,302400152,1,9,0,14,14,6,2,0,0,1,0,0,0,0,3,1,6,6,2,29,6,-1,-1,-1,-1,3,E01019552,0,1
2024141433259,2024,141433259,2,1,0,-1,19,3,7,-1,0,1,0,4,0,0,1,1,-1,1,1,16,4,-1,-1,-1,-1,2,E01008114,0,1
2024201445051,2024,201445051,1,23,0,-1,19,-1,-1,-1,0,1,-1,-1,-1,0,-1,1,-1,9,1,13,3,-1,-1,-1,-1,6,E01010133,0,1
2024161481751,2024,161481751,2,9,0,-1,4,7,1,-1,0,1,0,0,0,0,3,9,-1,6,1,-1,-1,-1,-1,-1,-1,-1,-1,0,-1
2024522402145,2024,522402145,2,1,0,18,19,2,6,0,0,8,0,0,0,0,3,1,6,6,1,15,3,-1,-1,-1,-1,10,E01014778,0,1
2024411413206,2024,411413206,1,9,0,-1,19,2,6,-1,0,0,0,4,0,0,1,1,-1,1,1,51,8,-1,-1,-1,-1,8,E01023658,0,1
2024421507073,2024,421507073,9,9,0,-1,2,0,0,-1,0,0,0,0,0,0,3,1,-1,6,1,53,8,-1,-1,-1,-1,-1,-1,0,-1
2024122400561,2024,122400561,2,1,0,18,19,2,6,0,0,0,0,0,0,0,3,1,6,6,2,18,4,-1,-1,-1,-1,7,E01013363,0,1
2024070823971,2024,070823971,1,9,0,-1,19,5,1,-1,0,0,1,0,0,0,1,1,-1,2,1,32,6,-1,-1,-1,-1,2,E01006869,0,4
2024010534333,2024,010534333,1,9,0,99,99,9,9,99,99,9,9,99,9,99,1,9,6,6,3,-1,-1,-1,-1,-1,-1,-1,-1,0,-1
2024471451652,2024,471451652,2,1,0,-1,19,8,4,-1,4,1,0,0,0,0,2,1,-1,2,1,61,9,-1,-1,-1,-1,9,E01016888,0,1
2024010504063,2024,010504063,2,9,0,18,19,1,5,0,0,1,0,0,0,0,1,1,6,6,1,24,5,-1,-1,-1,-1,-1,-1,0,-1
2024440425552,2024,440425552,2,1,0,18,19,1,7,0,0,8,0,0,0,0,4,1,1,1,2,42,7,-1,-1,-1,-1,1,E01017250,0,2
2024991416468,2024,991416468,3,9,0,-1,3,1,5,-1,0,0,0,0,0,0,2,1,-1,9,1,79,11,-1,-1,-1,-1,6,-1,0,4
2024461487460,2024,461487460,1,9,0,-1,19,4,8,-1,0,1,0,0,0,0,3,9,-1,6,1,-1,-1,-1,-1,-1,-1,-1,-1,0,-1
2024430139102,2024,430139102,2,9,0,9,9,3,1,0,0,8,0,0,0,0,4,1,6,6,2,-1,-1,-1,-1,-1,-1,-1,-1,0,-1
2024371465256,2024,371465256,1,9,0,-1,11,7,3,-1,0,0,0,0,0,0,1,1,-1,9,1,29,6,-1,-1,-1,-1,6,E01033500,0,5
2024010519777,2024,010519777,1,1,9,18,19,9,9,4,4,1,9,99,9,99,1,1,6,6,1,24,5,-1,-1,-1,-1,7,E01034540,0,5
2024010495198,2024,010495198,2,9,0,10,10,8,5,0,0,8,0,0,0,0,4,1,6,6,1,62,9,-1,-1,-1,-1,6,E01000594,0,2
2024010514288,2024,010514288,2,9,0,99,99,9,9,99,99,9,9,99,9,99,9,9,6,6,3,-1,-1,-1,-1,-1,-1,-1,-1,0,-1
2024991497136,2024,991497136,2,1,0,-1,19,4,1,-1,0,0,0,0,0,0,3,1,-1,2,1,38,7,-1,-1,-1,-1,-1,-1,0,-1
2024122500262,2024,122500262,2,1,0,9,9,5,3,0,0,1,0,0,0,0,2,1,2,2,1,60,9,-1,-1,-1,-1,9,E01013368,0,1
2024552500086,2024,552500086,2,1,0,7,7,3,5,0,0,8,0,0,0,0,4,1,6,6,1,40,7,-1,-1,-1,-1,2,E01020573,0,1
2024061522060,2024,061522060,1,9,0,-1,9,1,8,-1,0,0,0,0,0,0,3,9,-1,6,1,-1,-1,-1,-1,-1,-1,-1,-1,0,-1
2024430377864,2024,430377864,1,9,0,4,4,6,3,0,0,4,1,0,1,1,1,1,1,1,1,21,5,-1,-1,-1,-1,9,E01035760,0,3
2024471508478,2024,471508478,2,1,0,-1,19,4,8,-1,5,0,0,0,0,0,3,1,-1,7,1,11,3,-1,-1,-1,-1,4,E01031550,0,1