collision_index,collision_year,collision_ref_no,vehicle_reference,vehicle_type,towing_and_articulation,vehicle_manoeuvre_historic,vehicle_manoeuvre,vehicle_direction_from,vehicle_direction_to,vehicle_location_restricted_lane_historic,vehicle_location_restricted_lane,junction_location,skidding_and_overturning,hit_object_in_carriageway,vehicle_leaving_carriageway,hit_object_off_carriageway,first_point_of_impact,vehicle_left_hand_drive,journey_purpose_of_driver_historic,journey_purpose_of_driver,sex_of_driver,age_of_driver,age_band_of_driver,engine_capacity_cc,propulsion_code,age_of_vehicle,generic_make_model,driver_imd_decile,lsoa_of_driver,escooter_flag,driver_distance_banding
2024010551091,2024,010551091,1,5,0,18,19,5,1,0,0,1,0,0,0,0,1,1,6,6,1,23,5,-1,-1,-1,-1,2,E01034208,0,3
202460Q131101,2024,60Q131101,1,90,0,17,19,4,8,0,0,0,0,4,0,0,1,1,6,6,1,19,4,-1,-1,-1,-1,-1,-1,0,-1
2024302401364,2024,302401364,3,9,0,18,19,8,4,0,0,0,0,0,0,0,0,1,6,6,3,-1,-1,-1,-1,-1,-1,5,E01019456,0,4
2024122401090,2024,122401090,2,21,0,4,4,7,3,0,0,0,0,0,0,0,1,1,1,1,1,53,8,-1,-1,-1,-1,4,E01012333,0,4
2024451477350,2024,451477350,1,1,0,-1,4,4,5,-1,9,1,0,0,0,0,3,1,-1,9,1,15,3,-1,-1,-1,-1,5,E01034297,0,1
2024991534721,2024,991534721,1,9,0,-1,13,7,3,-1,0,0,0,0,7,0,1,1,-1,6,1,72,10,-1,-1,-1,-1,-1,-1,0,-1
2024010513646,2024,010513646,1,9,0,18,19,3,7,0,0,8,0,0,0,0,1,1,6,6,3,-1,-1,-1,-1,-1,-1,-1,-1,0,-1
2024010558757,2024,010558757,2,9,0,99,99,9,9,99,99,0,9,99,9,99,9,9,6,6,3,-1,-1,-1,-1,-1,-1,-1,-1,0,-1
2024320725849,2024,320725849,1,9,0,-1,-1,2,6,0,0,2,1,0,0,0,1,1,-1,-1,1,32,6,-1,-1,-1,-1,-1,-1,0,-1
2024010537748,2024,010537748,1,1,0,18,19,1,5,0,0,1,0,0,0,0,1,1,6,6,1,18,4,-1,-1,-1,-1,7,E01003657,0,1
2024520401195,2024,520401195,2,9,4,18,19,8,4,0,0,0,0,0,0,0,3,1,6,6,3,-1,-1,-1,-1,-1,-1,-1,-1,0,-1
2024201531640,2024,201531640,1,9,0,-1,19,3,7,-1,0,4,0,0,0,0,1,2,-1,6,1,44,7,-1,-1,-1,-1,-1,-1,0,-1
2024010487268,2024,010487268,2,11,0,99,99,9,9,99,99,0,9,99,9,99,1,9,6,6,3,-1,-1,-1,-1,-1,-1,-1,-1,0,-1
2024010547562,2024,010547562,1,9,0,99,99,9,9,99,99,9,9,99,9,99,1,9,6,6,3,-1,-1,-1,-1,-1,-1,-1,-1,0,-1
2024070865099,2024,070865099,1,9,0,-1,19,5,1,-1,0,8,0,0,0,0,3,1,-1,9,1,68,10,-1,-1,-1,-1,10,E01006081,0,2
2024231406867,2024,231406867,1,9,0,-1,19,1,5,-1,0,1,1,0,1,0,1,1,-1,9,1,77,11,-1,-1,-1,-1,6,E01031187,0,1
2024141454658,2024,141454658,1,1,0,-1,19,3,7,-1,0,0,5,0,0,0,1,1,-1,1,1,30,6,-1,-1,-1,-1,1,E01007905,0,1
2024451485782,2024,451485782,1,1,0,-1,19,3,7,-1,0,0,0,0,0,0,0,1,-1,9,1,30,6,-1,-1,-1,-1,8,E01030950,0,2
2024131474060,2024,131474060,1,9,0,-1,-1,-1,-1,-1,9,8,0,0,-1,0,-1,1,-1,6,3,-1,-1,-1,-1,-1,-1,-1,-1,0,-1
2024010536444,2024,010536444,1,19,0,1,1,6,4,0,0,0,0,0,0,0,2,1,1,1,1,32,6,-1,-1,-1,-1,10,E01003454,0,2
2024010537534,2024,010537534,1,1,9,99,99,9,9,99,99,9,9,99,9,99,9,1,6,6,3,-1,-1,-1,-1,-1,-1,4,E01003333,0,1
2024311517143,2024,311517143,1,8,0,-1,9,7,5,-1,0,5,0,0,0,0,1,9,-1,6,1,-1,-1,-1,-1,-1,-1,-1,-1,0,-1
2024302400974,2024,302400974,1,9,0,5,5,5,1,0,0,0,0,0,0,0,1,1,6,6,2,44,7,-1,-1,-1,-1,7,E01019859,0,1
2024201480931,2024,201480931,2,9,0,-1,19,2,6,-1,0,4,0,0,0,0,1,9,-1,6,3,-1,-1,-1,-1,-1,-1,-1,-1,0,-1
2024010492355,2024,010492355,2,9,0,10,10,4,2,0,0,6,0,0,0,0,1,9,6,6,2,-1,-1,-1,-1,-1,-1,-1,-1,0,-1
2024010548980,2024,010548980,2,98,0,99,99,9,9,99,99,0,9,99,9,99,1,9,6,6,3,-1,-1,-1,-1,-1,-1,-1,-1,0,-1
2024070122653,2024,070122653,1,9,0,18,19,1,5,0,0,2,0,0,0,0,1,1,6,6,1,63,9,-1,-1,-1,-1,5,E01034677,0,3
2024010492280,2024,010492280,1,9,0,5,5,1,5,0,0,6,0,0,0,0,1,1,6,6,3,-1,-1,-1,-1,-1,-1,-1,-1,0,-1
2024451447313,2024,451447313,2,98,0,-1,13,3,7,-1,0,0,0,0,0,0,4,9,-1,6,1,35,6,-1,-1,-1,-1,-1,-1,0,-1
2024131478891,2024,131478891,2,1,0,-1,19,5,1,-1,1,0,5,0,0,0,1,1,-1,9,1,7,2,-1,-1,-1,-1,2,E01010929,0,1
2024010496452,2024,010496452,1,9,0,9,9,5,3,0,0,1,1,0,0,0,1,1,6,6,1,32,6,-1,-1,-1,-1,5,E01002443,0,2
2024061525763,2024,061525763,2,1,0,-1,99,-1,-1,-1,99,0,9,99,8,99,4,1,-1,6,3,-1,-1,-1,-1,-1,-1,-1,-1,0,-1
2024122401075,2024,122401075,1,9,0,18,19,3,7,0,0,0,0,0,0,0,1,1,6,6,3,-1,-1,-1,-1,-1,-1,-1,-1,0,-1
2024131515241,2024,131515241,1,98,0,-1,-1,-1,-1,-1,-1,-1,-1,-1,-1,-1,-1,1,-1,6,3,-1,-1,-1,-1,-1,-1,-1,-1,0,-1
2024041397801,2024,041397801,2,18,0,-1,19,1,5,-1,1,0,0,0,0,0,1,1,-1,1,1,41,7,-1,-1,-1,-1,4,E01012729,0,1
2024041507624,2024,041507624,2,97,0,-1,19,7,3,-1,0,0,1,0,0,0,1,1,-1,9,1,65,9,-1,-1,-1,-1,8,E01007067,0,4
2024052401327,2024,052401327,2,8,0,4,4,1,4,0,0,1,0,0,0,0,1,1,1,1,3,-1,-1,-1,-1,-1,-1,-1,-1,0,-1
2024451480599,2024,451480599,1,9,0,-1,19,-1,-1,-1,0,1,0,0,-1,0,1,9,-1,6,3,40,7,-1,-1,-1,-1,-1,-1,0,-1
2024991411939,2024,991411939,1,1,0,-1,19,1,5,-1,0,8,0,0,0,0,4,1,-1,6,1,34,6,-1,-1,-1,-1,2,-1,0,1
2024161407374,2024,161407374,2,9,0,-1,19,8,4,-1,0,1,0,0,0,0,1,1,-1,6,3,23,5,-1,-1,-1,-1,-1,-1,0,-1
2024041506977,2024,041506977,3,9,0,-1,19,5,1,-1,0,2,0,0,0,0,1,1,-1,1,1,26,6,-1,-1,-1,-1,9,E01025340,0,1
2024549238724,2024,549238724,2,9,0,5,5,2,6,0,0,4,0,0,0,0,4,1,6,6,1,29,6,-1,-1,-1,-1,3,E01015527,0,1
2024522402075,2024,522402075,2,9,0,18,19,1,5,0,0,8,0,0,0,0,1,1,6,6,3,-1,-1,-1,-1,-1,-1,-1,-1,0,-1
2024131434954,2024,131434954,1,9,0,-1,-1,-1,-1,-1,-1,0,-1,-1,-1,-1,-1,1,-1,6,3,-1,-1,-1,-1,-1,-1,-1,-1,0,-1
2024421432898,2024,421432898,2,9,0,-1,19,2,6,-1,0,0,0,0,0,0,2,1,-1,1,2,27,6,-1,-1,-1,-1,7,E01015866,0,3
2024122500441,2024,122500441,2,1,0,3,3,7,3,0,0,1,0,0,0,0,2,1,6,6,1,55,8,-1,-1,-1,-1,10,E01027639,0,4
2024041466034,2024,041466034,2,1,0,-1,19,1,5,-1,0,1,0,0,0,0,2,1,-1,9,1,35,6,-1,-1,-1,-1,4,E01012723,0,1
2024501442649,2024,501442649,2,1,0,-1,4,1,5,-1,0,0,0,0,0,0,4,1,-1,9,1,62,9,-1,-1,-1,-1,9,E01019956,0,3
2024010546674,2024,010546674,2,1,0,18,19,5,1,0,0,1,0,0,1,0,1,1,6,6,1,25,5,-1,-1,-1,-1,2,E01004721,0,1
2024440154419,2024,440154419,1,9,0,13,13,2,6,0,0,7,1,10,1,4,1,1,2,2,1,28,6,-1,-1,-1,-1,6,E01022919,0,1
2024010539470,2024,010539470,2,1,0,17,19,1,7,0,0,2,5,0,0,0,0,1,4,7,1,23,5,-1,-1,-1,-1,4,E01004569,0,1
2024010495477,2024,010495477,1,9,0,99,99,9,9,99,99,9,9,99,9,99,9,9,2,2,2,57,9,-1,-1,-1,-1,2,E01003984,0,1
2024351534057,2024,351534057,2,1,-1,-1,19,-1,-1,-1,9,0,0,0,0,0,1,1,-1,9,3,46,8,-1,-1,-1,-1,5,E01017953,0,1
2024461486044,2024,461486044,1,1,0,-1,5,3,7,-1,0,0,0,0,0,0,1,1,-1,6,1,15,3,-1,-1,-1,-1,-1,-1,0,-1
2024010516982,2024,010516982,2,1,0,18,19,5,1,0,0,2,0,0,0,0,4,1,6,6,1,22,5,-1,-1,-1,-1,9,E01003807,0,2
2024481561442,2024,481561442,1,9,0,-1,2,0,0,-1,0,1,0,0,0,0,3,1,-1,9,1,25,5,-1,-1,-1,-1,-1,-1,0,-1
2024531395315,2024,531395315,1,9,0,-1,12,5,1,-1,0,0,0,0,0,0,0,9,-1,6,3,-1,-1,-1,-1,-1,-1,-1,-1,0,-1
2024010535464,2024,010535464,2,1,0,18,19,1,5,0,0,8,0,0,0,0,1,1,4,7,1,17,4,-1,-1,-1,-1,4,E01003441,0,1
2024111467740,2024,111467740,2,1,0,-1,5,7,3,-1,0,3,5,0,0,0,4,1,-1,9,1,54,8,-1,-1,-1,-1,9,E01035185,0,1
2024302400193,2024,302400193,2,9,0,4,4,4,8,0,0,1,0,0,0,0,2,1,6,6,2,28,6,-1,-1,-1,-1,7,E01019695,0,2
2024471445792,2024,471445792,2,5,0,-1,19,7,3,-1,0,8,0,0,0,0,1,1,-1,9,1,23,5,-1,-1,-1,-1,7,E01021201,0,4
2024010551200,2024,010551200,2,9,0,18,19,7,3,0,0,1,0,0,0,0,1,1,6,6,3,-1,-1,-1,-1,-1,-1,-1,-1,0,-1
2024010492198,2024,010492198,2,2,0,18,19,6,2,0,0,1,0,0,0,0,1,1,6,6,1,16,4,-1,-1,-1,-1,5,E01004048,0,2
2024430366477,2024,430366477,2,1,0,18,19,8,4,0,0,2,0,0,0,0,3,1,6,6,1,32,6,-1,-1,-1,-1,-1,-1,0,-1
2024991491270,2024,991491270,1,5,0,-1,19,1,5,-1,0,0,1,0,1,9,3,1,-1,9,1,29,6,-1,-1,-1,-1,8,-1,0,4
2024361569488,2024,361569488,1,9,0,-1,19,7,3,-1,0,0,0,0,1,0,3,1,-1,9,1,18,4,-1,-1,-1,-1,4,E01026884,0,2
2024351493346,2024,351493346,3,-1,-1,-1,-1,-1,-1,-1,-1,-1,-1,-1,-1,0,-1,1,-1,9,2,23,5,-1,-1,-1,-1,7,E01035525,1,1
2024061519601,2024,061519601,1,9,0,-1,19,4,2,-1,0,1,0,0,0,0,1,1,-1,2,2,28,6,-1,-1,-1,-1,1,E01006248,0,3
2024010516304,2024,010516304,2,1,0,14,14,1,5,0,0,2,0,8,0,0,1,1,1,1,1,25,5,-1,-1,-1,-1,1,E01032569,0,1
2024010544461,2024,010544461,2,1,0,18,19,6,2,0,0,8,0,0,0,0,4,1,2,2,1,33,6,-1,-1,-1,-1,8,E01004170,0,1
2024201417000,2024,201417000,1,9,0,-1,19,6,2,-1,0,0,0,0,0,0,1,9,-1,6,3,-1,-1,-1,-1,-1,-1,-1,-1,0,-1
2024010494836,2024,010494836,1,9,0,5,5,7,3,0,0,4,0,0,0,0,1,1,2,2,1,37,7,-1,-1,-1,-1,8,E01000539,0,1
2024010505528,2024,010505528,2,99,9,99,99,9,9,99,99,9,9,99,9,99,9,9,6,6,2,-1,-1,-1,-1,-1,-1,-1,-1,0,-1
2024991458512,2024,991458512,1,1,0,-1,19,5,1,-1,0,1,5,0,0,0,1,1,-1,6,1,19,4,-1,-1,-1,-1,-1,-1,0,-1
2024010544676,2024,010544676,1,1,9,99,99,9,9,99,99,9,9,99,9,99,9,1,6,6,2,27,6,-1,-1,-1,-1,4,E01003127,0,1
2024332400127,2024,332400127,2,9,0,-1,19,3,7,-1,0,1,0,0,0,0,1,1,-1,6,3,-1,-1,-1,-1,-1,-1,-1,-1,0,-1
2024320480586,2024,320480586,2,9,0,-1,-1,1,5,0,0,8,0,0,0,0,1,1,-1,-1,1,30,6,-1,-1,-1,-1,-1,-1,0,-1
2024010551497,2024,010551497,2,-1,0,-1,-1,3,7,0,0,1,0,0,0,0,4,1,6,6,2,33,6,-1,-1,-1,-1,3,E01001508,1,1
2024501524409,2024,501524409,1,9,0,-1,19,6,2,-1,0,0,0,0,0,0,2,1,-1,6,1,45,7,-1,-1,-1,-1,6,E01018853,0,4
2024440289244,2024,440289244,2,1,0,4,4,1,5,0,0,2,0,0,0,0,0,1,4,7,1,14,3,-1,-1,-1,-1,5,E01017028,0,1
2024522401405,2024,522401405,1,23,0,18,19,1,5,0,0,8,0,0,0,0,1,1,6,6,1,20,4,-1,-1,-1,-1,7,E01035218,0,2
2024010528302,2024,010528302,3,1,9,99,99,9,9,99,99,9,9,99,9,99,2,1,6,6,1,-1,-1,-1,-1,-1,-1,10,E01034726,0,4
2024122401183,2024,122401183,2,9,0,9,9,7,5,0,0,6,0,0,0,0,4,1,6,6,1,66,10,-1,-1,-1,-1,10,E01012968,0,5
2024421477419,2024,421477419,1,9,4,-1,19,3,7,-1,0,0,0,0,0,0,1,9,-1,6,3,-1,-1,-1,-1,-1,-1,-1,-1,0,-1
2024161518843,2024,161518843,2,98,0,-1,8,3,5,-1,0,0,9,99,0,0,3,2,-1,6,1,-1,-1,-1,-1,-1,-1,-1,-1,0,-1
2024070464585,2024,070464585,1,9,0,15,15,2,6,0,0,1,0,0,0,0,1,1,1,1,1,55,8,-1,-1,-1,-1,6,E01018682,0,4
2024401505038,2024,401505038,2,-1,0,-1,19,2,6,-1,0,1,5,0,0,0,1,1,-1,9,1,12,3,-1,-1,-1,-1,2,E01017474,1,1
2024471405768,2024,471405768,1,9,0,-1,19,5,1,-1,0,0,5,0,0,0,4,1,-1,9,1,40,7,-1,-1,-1,-1,8,E01021115,0,3
2024201511625,2024,201511625,1,9,0,-1,19,4,8,-1,0,0,0,10,1,0,3,1,-1,6,3,-1,-1,-1,-1,-1,-1,-1,-1,0,-1
2024522402431,2024,522402431,2,-1,0,18,19,3,7,5,5,0,0,0,0,0,1,1,6,6,1,-1,-1,-1,-1,-1,-1,-1,-1,1,-1
2024461528503,2024,461528503,1,9,0,-1,19,1,5,-1,0,0,0,0,0,0,0,9,-1,6,3,30,6,-1,-1,-1,-1,-1,-1,0,-1
2024052400573,2024,052400573,2,9,0,2,2,0,0,0,0,0,0,0,0,0,3,1,6,6,3,-1,-1,-1,-1,-1,-1,-1,-1,0,-1
2024221404503,2024,221404503,2,1,0,-1,19,3,7,-1,0,0,0,0,0,0,2,1,-1,2,1,40,7,-1,-1,-1,-1,8,E01032376,0,1
2024010491552,2024,010491552,2,8,0,18,19,1,5,0,0,0,0,0,0,0,2,1,1,1,1,27,6,-1,-1,-1,-1,4,E01021776,0,4
2024430503141,2024,430503141,2,9,0,18,19,8,4,0,0,1,0,0,0,0,1,1,6,6,1,-1,-1,-1,-1,-1,-1,-1,-1,0,-1
2024041516823,2024,041516823,1,9,0,-1,19,1,5,-1,0,0,0,0,0,0,1,9,-1,6,1,-1,-1,-1,-1,-1,-1,-1,-1,0,-1
2024041488191,2024,041488191,1,1,0,-1,19,8,4,-1,0,8,0,0,0,0,1,1,-1,9,1,75,10,-1,-1,-1,-1,8,E01024944,0,1
2024010541842,2024,010541842,2,1,9,99,99,9,9,99,99,9,9,99,9,99,1,1,2,2,2,41,7,-1,-1,-1,-1,6,E01002062,0,2
2024440294111,2024,440294111,2,9,0,9,9,4,2,0,0,6,0,0,0,0,1,1,6,6,2,-1,-1,-1,-1,-1,-1,-1,-1,0,-1
2024010492052,2024,010492052,1,3,0,99,99,9,9,99,99,9,9,99,9,99,9,1,1,1,3,35,6,-1,-1,-1,-1,9,E01000765,0,1
2024010497301,2024,010497301,1,1,9,99,99,9,9,99,99,9,9,99,9,99,9,1,6,6,3,36,7,-1,-1,-1,-1,4,E01035485,0,1
2024201408562,2024,201408562,1,9,0,-1,19,2,4,-1,0,0,0,0,0,0,1,9,-1,6,1,16,4,-1,-1,-1,-1,-1,-1,0,-1
2024131395383,2024,131395383,1,9,0,-1,-1,-1,-1,-1,-1,-1,-1,-1,-1,-1,-1,1,-1,6,3,-1,-1,-1,-1,-1,-1,-1,-1,0,-1
2024531516803,2024,531516803,2,1,0,-1,19,1,5,-1,0,2,0,0,0,0,1,1,-1,6,2,61,9,-1,-1,-1,-1,9,E01022129,0,1
2024320770621,2024,320770621,2,1,0,-1,-1,4,2,0,0,1,0,0,0,0,1,1,-1,-1,1,58,9,-1,-1,-1,-1,7,E01026066,0,1
2024061506361,2024,061506361,1,1,0,-1,19,6,2,-1,0,0,0,4,0,0,1,1,-1,2,1,61,9,-1,-1,-1,-1,2,E01005954,0,1
2024010488992,2024,010488992,2,1,0,14,14,3,7,0,0,1,0,0,0,0,4,1,6,6,1,28,6,-1,-1,-1,-1,3,E01034221,0,1
2024201526290,2024,201526290,1,9,0,-1,19,8,5,-1,0,0,0,0,0,0,1,9,-1,6,3,-1,-1,-1,-1,-1,-1,-1,-1,0,-1
2024552500120,2024,552500120,2,1,0,18,19,5,1,0,0,8,0,0,0,0,1,1,6,6,1,50,8,-1,-1,-1,-1,2,E01032659,0,1
2024311479237,2024,311479237,1,9,0,-1,7,3,7,-1,0,0,0,0,0,0,0,1,-1,1,1,23,5,-1,-1,-1,-1,6,E01028220,0,1
2024010498301,2024,010498301,2,1,0,9,9,3,1,0,0,8,0,0,0,0,1,1,6,6,2,36,7,-1,-1,-1,-1,3,E01035673,0,1
2024010487961,2024,010487961,1,5,0,15,15,1,5,0,0,1,0,0,0,0,1,1,6,6,1,36,7,-1,-1,-1,-1,6,E01004560,0,1
2024101503758,2024,101503758,2,1,0,-1,19,4,8,-1,4,8,0,0,0,0,1,1,-1,6,2,31,6,-1,-1,-1,-1,1,E01008164,0,1
2024010507513,2024,010507513,2,9,0,99,99,9,9,99,99,9,9,99,9,99,0,9,6,6,3,-1,-1,-1,-1,-1,-1,-1,-1,0,-1
2024161489258,2024,161489258,2,9,0,-1,19,1,5,-1,0,1,0,0,0,0,1,1,-1,6,2,-1,-1,-1,-1,-1,-1,9,E01013191,0,1
2024052401479,2024,052401479,2,1,0,18,19,1,5,0,0,4,0,0,0,0,1,1,6,6,1,12,3,-1,-1,-1,-1,-1,-1,0,-1
2024471430808,2024,471430808,1,1,0,-1,19,2,6,-1,0,0,5,12,1,0,1,1,-1,9,1,68,10,-1,-1,-1,-1,9,E01021191,0,2
2024010496177,2024,010496177,1,3,0,18,19,7,3,0,0,3,0,0,0,0,1,1,2,2,1,18,4,-1,-1,-1,-1,4,E01032639,0,1
2024061520729,2024,061520729,2,1,0,-1,19,3,7,-1,0,8,0,0,0,0,4,1,-1,9,1,19,4,-1,-1,-1,-1,-1,-1,0,-1
2024401450116,2024,401450116,1,9,0,-1,99,-1,-1,-1,0,3,0,0,0,0,1,1,-1,6,1,18,4,-1,-1,-1,-1,9,E01033821,0,2
2024010535684,2024,010535684,2,1,0,-1,-1,3,7,0,0,1,0,0,0,0,1,1,6,6,1,19,4,-1,-1,-1,-1,5,E01003953,0,1
2024052400027,2024,052400027,1,8,0,5,5,6,2,0,0,1,0,0,0,0,4,1,6,6,3,-1,-1,-1,-1,-1,-1,-1,-1,0,-1
2024010549924,2024,010549924,2,1,9,99,99,9,9,4,4,9,9,99,9,99,9,1,6,6,3,-1,-1,-1,-1,-1,-1,-1,-1,0,-1
2024010493550,2024,010493550,1,9,0,5,5,1,5,0,0,1,0,0,0,0,1,1,2,2,1,22,5,-1,-1,-1,-1,4,E01001232,0,1
2024010514792,2024,010514792,2,1,0,13,13,5,1,0,0,1,5,0,0,0,1,1,2,2,1,38,7,-1,-1,-1,-1,8,E01002824,0,2
2024010514038,2024,010514038,2,1,0,18,19,3,7,0,0,3,0,0,0,0,1,1,6,6,1,33,6,-1,-1,-1,-1,9,E01004135,0,2
2024141397999,2024,141397999,1,97,0,-1,13,1,1,-1,0,0,1,0,7,0,0,1,-1,6,3,-1,-1,-1,-1,-1,-1,-1,-1,0,-1
2024361526747,2024,361526747,1,19,0,-1,6,-1,-1,-1,0,1,0,99,0,0,2,1,-1,6,3,-1,-1,-1,-1,-1,-1,-1,-1,0,-1
2024461533619,2024,461533619,2,1,0,-1,19,2,7,-1,0,8,0,0,0,0,4,1,-1,9,2,73,10,-1,-1,-1,-1,10,E01024474,0,1
2024141512535,2024,141512535,1,19,0,-1,19,1,5,-1,0,0,0,0,0,0,4,9,-1,6,3,-1,-1,-1,-1,-1,-1,-1,-1,0,-1
2024010555469,2024,010555469,2,9,9,99,99,9,9,99,99,9,9,99,9,99,9,9,6,6,3,-1,-1,-1,-1,-1,-1,-1,-1,0,-1
2024361404443,2024,361404443,1,9,-1,-1,19,5,1,-1,0,0,0,0,0,0,1,9,-1,6,3,-1,-1,-1,-1,-1,-1,-1,-1,0,-1
2024421401781,2024,421401781,2,-1,0,-1,3,3,7,-1,0,0,5,0,0,0,1,1,-1,2,1,24,5,-1,-1,-1,-1,4,E01021849,1,1
2024201444974,2024,201444974,1,23,0,-1,19,5,1,-1,0,8,0,0,0,0,2,1,-1,2,1,20,4,-1,-1,-1,-1,3,E01010501,0,1
2024010512718,2024,010512718,1,1,9,99,99,9,9,99,99,9,9,99,9,99,9,1,6,6,3,-1,-1,-1,-1,-1,-1,-1,-1,0,-1
2024340WN0102,2024,340WN0102,1,-1,0,-1,19,3,7,-1,9,1,0,0,0,0,1,1,-1,6,1,-1,-1,-1,-1,-1,-1,-1,-1,1,-1
2024501413400,2024,501413400,3,9,0,-1,2,8,4,-1,0,0,0,0,0,0,2,9,-1,6,1,56,9,-1,-1,-1,-1,4,E01018951,0,3
2024610057124,2024,610057124,2,9,0,4,4,2,6,0,0,0,0,0,0,0,0,1,6,6,3,-1,-1,-1,-1,-1,-1,-1,-1,0,-1
2024991411391,2024,991411391,1,9,0,-1,12,3,6,-1,0,0,0,0,0,0,3,1,-1,2,1,47,8,-1,-1,-1,-1,8,-1,0,1
2024010510271,2024,010510271,2,5,0,99,99,9,9,99,99,9,9,99,9,99,1,1,6,6,3,-1,-1,-1,-1,-1,-1,-1,-1,0,-1
2024201398861,2024,201398861,2,9,0,-1,19,5,1,-1,0,1,0,0,0,0,0,9,-1,6,3,-1,-1,-1,-1,-1,-1,-1,-1,0,-1
2024211482033,2024,211482033,1,9,0,-1,-1,4,1,-1,0,0,-1,-1,-1,0,-1,9,-1,6,3,-1,-1,-1,-1,-1,-1,-1,-1,0,-1
2024311509117,2024,311509117,2,9,0,-1,7,5,8,-1,0,0,0,0,0,0,4,9,-1,6,3,-1,-1,-1,-1,-1,-1,-1,-1,0,-1
2024302400807,2024,302400807,1,19,0,18,19,1,5,0,0,0,0,0,0,0,3,1,6,6,3,-1,-1,-1,-1,-1,-1,5,E01019456,0,3
2024010491140,2024,010491140,2,9,0,99,99,9,9,99,99,9,9,99,9,99,1,9,6,6,3,-1,-1,-1,-1,-1,-1,-1,-1,0,-1
2024101506755,2024,101506755,1,19,0,-1,19,5,7,-1,0,8,0,0,0,0,1,9,-1,6,1,30,6,-1,-1,-1,-1,-1,-1,0,-1
2024161534873,2024,161534873,2,9,0,-1,19,6,1,-1,0,3,0,0,0,0,1,2,-1,6,3,-1,-1,-1,-1,-1,-1,-1,-1,0,-1
2024440240498,2024,440240498,1,1,0,18,19,5,1,0,0,0,0,0,0,0,1,1,6,6,1,46,8,-1,-1,-1,-1,10,E01030428,0,4
2024010497561,2024,010497561,2,4,0,18,19,7,3,0,0,1,0,0,0,0,0,1,6,6,1,-1,-1,-1,-1,-1,-1,-1,-1,0,-1
2024010490116,2024,010490116,1,2,0,99,99,9,9,99,99,9,9,99,9,99,9,1,6,6,1,56,9,-1,-1,-1,-1,4,E01002101,0,1
2024010550225,2024,010550225,2,1,9,99,99,9,9,99,99,9,9,99,9,99,9,1,6,6,1,-1,-1,-1,-1,-1,-1,-1,-1,0,-1
2024201448593,2024,201448593,1,21,1,-1,19,3,7,-1,0,0,1,0,0,0,1,9,-1,1,1,55,8,-1,-1,-1,-1,-1,-1,0,-1
2024552400998,2024,552400998,2,1,0,18,19,4,8,0,0,8,0,0,0,0,1,1,6,6,1,45,7,-1,-1,-1,-1,5,E01029183,0,2
2024631449742,2024,631449742,1,9,0,-1,19,1,5,-1,0,1,0,0,0,0,3,1,-1,6,3,-1,-1,-1,-1,-1,-1,-1,-1,0,-1
2024320275101,2024,320275101,2,1,0,-1,-1,8,4,0,0,1,5,0,0,0,1,1,6,6,1,29,6,-1,-1,-1,-1,6,E01026020,0,1
2024371402680,2024,371402680,2,90,-1,-1,-1,-1,-1,-1,-1,0,-1,-1,-1,0,-1,1,-1,6,1,32,6,-1,-1,-1,-1,2,E01029987,0,1
2024010494310,2024,010494310,1,8,0,99,99,9,9,99,99,0,9,99,9,99,2,9,1,1,1,48,8,-1,-1,-1,-1,4,E01002594,0,1
2024411415823,2024,411415823,1,9,0,-1,19,4,8,-1,0,0,0,0,0,0,4,1,-1,1,1,30,6,-1,-1,-1,-1,6,E01023598,0,3
2024010533452,2024,010533452,2,1,9,99,99,9,9,99,99,9,9,99,9,99,1,1,6,6,3,-1,-1,-1,-1,-1,-1,-1,-1,0,-1
2024351540092,2024,351540092,2,20,1,-1,19,7,3,-1,0,0,0,0,0,0,4,1,-1,1,1,31,6,-1,-1,-1,-1,2,E01008892,0,5
2024161506466,2024,161506466,1,1,9,-1,12,8,3,-1,0,0,9,99,9,0,1,1,-1,6,1,13,3,-1,-1,-1,-1,1,E01012889,0,1
2024010538582,2024,010538582,1,1,9,99,99,9,9,99,99,9,9,99,9,99,9,1,6,6,2,34,6,-1,-1,-1,-1,3,E01002809,0,1
2024340WN7352,2024,340WN7352,1,9,0,-1,19,5,1,-1,0,0,0,0,0,0,1,1,-1,2,1,47,8,-1,-1,-1,-1,5,E01027126,0,4
2024520401303,2024,520401303,2,9,0,18,19,5,1,0,0,0,0,0,0,0,1,1,6,6,2,31,6,-1,-1,-1,-1,8,E01029319,0,1
2024302401373,2024,302401373,2,9,0,6,6,1,1,0,0,8,0,0,0,0,0,1,6,6,3,-1,-1,-1,-1,-1,-1,5,E01019456,0,4
2024421487566,2024,421487566,2,9,0,-1,19,5,1,-1,0,0,0,0,0,0,1,1,-1,2,1,59,9,-1,-1,-1,-1,9,E01015982,0,1
2024401504026,2024,401504026,1,10,0,-1,19,-1,-1,-1,0,0,0,0,0,0,9,9,-1,6,3,-1,-1,-1,-1,-1,-1,-1,-1,0,-1
2024010545918,2024,010545918,2,1,9,99,99,9,9,4,4,9,9,99,9,99,9,1,2,2,1,52,8,-1,-1,-1,-1,5,E01021024,0,4
2024440158939,2024,440158939,1,9,0,1,1,1,5,0,0,0,0,0,0,0,2,1,6,6,1,-1,-1,-1,-1,-1,-1,-1,-1,0,-1
2024111484200,2024,111484200,2,1,0,-1,19,4,6,-1,0,1,0,0,0,0,1,1,-1,6,1,39,7,-1,-1,-1,-1,1,E01012318,0,1
2024520401194,2024,520401194,2,4,0,18,19,4,8,0,0,0,0,0,1,0,1,1,6,6,1,33,6,-1,-1,-1,-1,5,E01029108,0,1
2024461415211,2024,461415211,1,9,0,-1,19,3,7,-1,0,0,5,4,0,0,1,1,-1,9,1,83,11,-1,-1,-1,-1,6,E01024536,0,3
2024010497225,2024,010497225,2,9,9,18,19,9,9,99,99,9,9,99,9,99,9,9,6,6,1,-1,-1,-1,-1,-1,-1,10,E01000272,0,1
2024461458247,2024,461458247,2,22,0,-1,19,-1,-1,-1,9,0,0,0,0,0,-1,1,-1,6,2,-1,-1,-1,-1,-1,-1,7,E01024737,0,1