collision_index,collision_year,collision_ref_no,vehicle_reference,vehicle_type,towing_and_articulation,vehicle_manoeuvre_historic,vehicle_manoeuvre,vehicle_direction_from,vehicle_direction_to,vehicle_location_restricted_lane_historic,vehicle_location_restricted_lane,junction_location,skidding_and_overturning,hit_object_in_carriageway,vehicle_leaving_carriageway,hit_object_off_carriageway,first_point_of_impact,vehicle_left_hand_drive,journey_purpose_of_driver_historic,journey_purpose_of_driver,sex_of_driver,age_of_driver,age_band_of_driver,engine_capacity_cc,propulsion_code,age_of_vehicle,generic_make_model,driver_imd_decile,lsoa_of_driver,escooter_flag,driver_distance_banding
2024131499210,2024,131499210,1,90,0,-1,13,5,5,-1,0,1,0,0,0,0,1,1,-1,1,1,20,4,-1,-1,-1,-1,1,E01010813,0,3
2024501468030,2024,501468030,2,1,0,-1,9,7,5,-1,0,8,0,0,0,0,1,1,-1,2,1,32,6,-1,-1,-1,-1,9,E01019989,0,1
2024440017320,2024,440017320,1,9,0,18,19,6,2,0,0,0,5,0,7,0,1,1,6,6,1,29,6,-1,-1,-1,-1,7,E01023271,0,1
2024010549050,2024,010549050,2,9,0,99,99,9,9,99,99,9,9,99,9,99,9,9,6,6,3,-1,-1,-1,-1,-1,-1,-1,-1,0,-1
2024141445379,2024,141445379,2,9,0,-1,19,5,2,-1,0,8,0,0,0,0,1,9,-1,6,3,-1,-1,-1,-1,-1,-1,-1,-1,0,-1
2024010500348,2024,010500348,2,1,0,18,19,5,1,0,0,1,0,0,0,0,1,1,1,1,1,48,8,-1,-1,-1,-1,5,E01002492,0,3
2024041400536,2024,041400536,1,9,0,-1,5,-1,-1,-1,0,0,0,0,0,0,-1,9,-1,6,3,-1,-1,-1,-1,-1,-1,-1,-1,0,-1
2024371460472,2024,371460472,1,9,-1,-1,19,6,2,-1,0,1,0,0,0,0,1,9,-1,6,3,-1,-1,-1,-1,-1,-1,-1,-1,0,-1
2024461419850,2024,461419850,2,1,0,-1,5,5,1,-1,0,4,0,0,0,0,1,1,-1,9,2,75,10,-1,-1,-1,-1,-1,-1,0,-1
2024010526032,2024,010526032,2,9,0,18,19,1,5,0,0,1,0,0,0,0,1,1,6,6,1,-1,-1,-1,-1,-1,-1,-1,-1,0,-1
2024161498391,2024,161498391,2,21,1,-1,19,8,4,-1,0,0,0,0,0,0,2,1,-1,2,1,62,9,-1,-1,-1,-1,6,E01013095,0,4
2024122401175,2024,122401175,1,19,0,18,19,7,3,0,0,3,0,0,0,0,3,1,6,6,3,-1,-1,-1,-1,-1,-1,-1,-1,0,-1
2024440027857,2024,440027857,1,9,0,9,9,7,5,0,0,8,1,0,0,0,1,1,6,6,1,22,5,-1,-1,-1,-1,4,E01022567,0,2
2024302401086,2024,302401086,2,98,0,16,19,5,8,0,0,0,0,0,0,0,3,1,1,1,1,52,8,-1,-1,-1,-1,-1,-1,0,-1
2024332400617,2024,332400617,1,9,0,-1,19,1,5,-1,0,8,0,0,0,0,1,1,-1,6,3,-1,-1,-1,-1,-1,-1,-1,-1,0,-1
2024010494331,2024,010494331,2,9,0,99,99,9,9,99,99,9,9,99,9,99,1,9,6,6,3,-1,-1,-1,-1,-1,-1,-1,-1,0,-1
2024302400068,2024,302400068,2,1,0,18,19,6,2,0,0,1,1,0,0,0,3,1,6,6,1,62,9,-1,-1,-1,-1,9,E01013469,0,1
2024041432150,2024,041432150,2,9,0,-1,19,5,1,-1,0,0,1,0,5,6,1,1,-1,2,1,60,9,-1,-1,-1,-1,5,E01025025,0,4
2024010525335,2024,010525335,1,9,0,18,19,7,3,0,0,1,0,0,0,0,1,1,1,1,1,40,7,-1,-1,-1,-1,5,E01003718,0,1
2024010531603,2024,010531603,1,9,9,99,99,9,9,99,99,9,9,99,9,99,9,9,2,2,2,57,9,-1,-1,-1,-1,6,E01021742,0,2
2024211481587,2024,211481587,1,1,0,-1,19,6,2,-1,0,3,0,0,0,0,4,1,-1,1,1,68,10,-1,-1,-1,-1,2,E01029447,0,1
2024371501092,2024,371501092,1,9,0,-1,9,8,3,-1,0,2,0,0,0,0,1,1,-1,9,1,19,4,-1,-1,-1,-1,6,E01029874,0,3
2024430029355,2024,430029355,1,9,0,18,19,8,4,0,0,8,0,0,0,0,1,1,6,6,1,-1,-1,-1,-1,-1,-1,-1,-1,0,-1
2024340WN5372,2024,340WN5372,1,9,0,-1,-1,6,8,-1,0,1,-1,0,0,0,1,9,-1,6,3,-1,-1,-1,-1,-1,-1,-1,-1,0,-1
2024010497192,2024,010497192,2,9,0,18,19,2,6,0,0,8,0,0,0,0,4,1,6,6,1,86,11,-1,-1,-1,-1,10,E01000423,0,1
2024501423632,2024,501423632,1,19,0,-1,19,1,5,-1,0,0,0,0,0,0,1,9,-1,6,1,-1,-1,-1,-1,-1,-1,-1,-1,0,-1
2024010494754,2024,010494754,2,-1,0,18,19,7,3,0,0,1,1,0,0,0,1,1,6,6,1,34,6,-1,-1,-1,-1,6,E01001237,1,1
2024010488173,2024,010488173,2,9,9,99,99,9,9,99,99,9,9,99,9,99,9,9,6,6,3,-1,-1,-1,-1,-1,-1,9,E01004171,0,1
2024311480818,2024,311480818,2,1,0,-1,19,4,8,-1,1,8,0,0,0,0,1,1,-1,9,1,28,6,-1,-1,-1,-1,-1,-1,0,-1
2024041407426,2024,041407426,1,97,0,-1,19,6,8,-1,0,1,0,0,0,0,1,1,-1,9,1,16,4,-1,-1,-1,-1,1,E01024856,0,1
2024010516931,2024,010516931,1,1,9,99,99,9,9,99,99,9,9,99,9,99,2,1,6,6,1,30,6,-1,-1,-1,-1,2,E01000551,0,3
2024010494749,2024,010494749,1,4,0,5,5,3,7,0,0,8,0,0,0,0,1,1,2,2,1,30,6,-1,-1,-1,-1,1,E01003318,0,2
202417S100224,2024,17S100224,2,19,0,18,19,3,7,0,0,0,0,0,0,0,0,1,6,6,1,27,6,-1,-1,-1,-1,3,E01020789,0,4
2024552400701,2024,552400701,2,5,0,14,14,3,7,0,0,8,1,0,0,0,1,1,6,6,1,56,9,-1,-1,-1,-1,7,E01020579,0,1
2024052400769,2024,052400769,2,1,0,18,19,3,7,0,0,3,0,0,0,0,1,1,6,6,1,25,5,-1,-1,-1,-1,1,E01007207,0,2
2024520401132,2024,520401132,1,9,0,18,19,7,3,0,0,0,1,0,1,3,4,1,6,6,1,37,7,-1,-1,-1,-1,7,E01032668,0,2
2024061494805,2024,061494805,1,19,0,-1,8,8,6,-1,0,1,0,0,0,0,3,9,-1,6,1,-1,-1,-1,-1,-1,-1,-1,-1,0,-1
2024122400379,2024,122400379,2,1,0,18,19,5,1,0,0,8,0,0,0,0,1,1,4,7,1,13,3,-1,-1,-1,-1,9,E01013372,0,1
2024010546302,2024,010546302,1,1,9,99,99,9,9,4,4,9,9,99,9,99,1,1,6,6,1,-1,-1,-1,-1,-1,-1,-1,-1,0,-1
2024991467384,2024,991467384,1,19,0,-1,19,1,5,-1,0,1,0,0,0,0,0,1,-1,6,3,-1,-1,-1,-1,-1,-1,-1,-1,0,-1
2024501439413,2024,501439413,1,19,0,-1,19,7,3,-1,0,0,2,0,7,10,1,1,-1,9,1,71,10,-1,-1,-1,-1,9,E01020090,0,3
2024371474243,2024,371474243,1,9,0,-1,19,6,2,-1,0,0,0,0,0,0,1,9,-1,6,1,34,6,-1,-1,-1,-1,9,E01030011,0,2
2024351422838,2024,351422838,1,1,0,-1,19,7,3,-1,0,0,0,0,0,0,1,1,-1,9,1,71,10,-1,-1,-1,-1,6,E01018156,0,1
2024010539171,2024,010539171,2,-1,0,5,5,3,7,0,0,6,0,0,0,0,1,1,6,6,2,48,8,-1,-1,-1,-1,5,E01001613,1,1
2024991456877,2024,991456877,1,97,0,-1,19,8,4,-1,0,1,5,4,0,0,1,1,-1,6,1,12,3,-1,-1,-1,-1,-1,-1,0,-1
2024522402369,2024,522402369,1,9,0,5,5,7,3,0,0,0,0,0,0,0,1,1,6,6,3,-1,-1,-1,-1,-1,-1,-1,-1,0,-1
2024340WN6782,2024,340WN6782,1,9,0,-1,19,8,4,-1,0,0,0,0,7,11,1,1,-1,9,1,80,11,-1,-1,-1,-1,4,E01027142,0,1
2024031394100,2024,031394100,1,1,0,-1,12,4,8,-1,0,0,0,0,0,0,2,1,-1,6,1,15,3,-1,-1,-1,-1,-1,-1,0,-1
2024010487940,2024,010487940,1,9,0,99,99,9,9,99,99,9,9,99,9,99,9,9,6,6,1,33,6,-1,-1,-1,-1,3,E01000992,0,4
2024520401579,2024,520401579,2,9,0,18,19,4,8,0,0,4,0,0,0,0,3,1,6,6,2,85,11,-1,-1,-1,-1,6,E01029178,0,2
2024010491463,2024,010491463,1,9,0,9,9,7,5,0,0,1,0,0,0,0,4,1,6,6,1,21,5,-1,-1,-1,-1,6,E01001091,0,2
2024061497693,2024,061497693,1,1,0,-1,19,5,1,-1,99,0,0,0,0,0,1,1,-1,9,1,22,5,-1,-1,-1,-1,1,E01005257,0,1
2024610012724,2024,610012724,1,9,0,1,1,8,4,0,0,0,0,0,0,0,2,1,6,6,1,23,5,-1,-1,-1,-1,10,W01001669,0,1
2024141449502,2024,141449502,1,1,0,-1,19,7,3,-1,0,0,0,0,0,0,1,1,-1,9,1,31,6,-1,-1,-1,-1,1,E01007370,0,3
2024161485394,2024,161485394,1,9,0,-1,4,6,2,-1,0,1,0,0,0,0,4,9,-1,6,2,20,4,-1,-1,-1,-1,3,E01013004,0,4
2024991498404,2024,991498404,1,9,0,-1,19,5,1,-1,0,0,0,0,7,10,1,1,-1,9,2,82,11,-1,-1,-1,-1,7,-1,0,1
2024010530227,2024,010530227,1,9,0,99,99,9,9,99,99,9,9,99,9,99,1,9,6,6,3,-1,-1,-1,-1,-1,-1,-1,-1,0,-1
2024010501046,2024,010501046,2,1,0,5,5,7,3,4,4,8,0,0,0,0,3,1,1,1,1,27,6,-1,-1,-1,-1,5,E01003939,0,1
2024010490700,2024,010490700,1,9,0,18,19,6,2,0,0,1,0,0,0,0,3,1,3,7,2,24,5,-1,-1,-1,-1,5,E01003284,0,1
2024302401265,2024,302401265,2,1,0,17,19,4,1,0,0,0,0,0,0,0,3,1,6,6,1,53,8,-1,-1,-1,-1,5,E01019740,0,1
2024010487956,2024,010487956,1,9,0,14,14,4,8,9,9,8,5,10,1,9,2,1,6,6,1,18,4,-1,-1,-1,-1,8,E01023549,0,1
2024010507482,2024,010507482,1,9,0,18,19,7,3,0,0,2,0,0,0,0,0,1,2,2,1,50,8,-1,-1,-1,-1,3,E01001371,0,1
2024231405534,2024,231405534,1,9,0,-1,19,5,1,-1,0,0,2,0,7,9,1,1,-1,2,1,34,6,-1,-1,-1,-1,7,E01035026,0,1
2024010499777,2024,010499777,2,1,0,18,19,7,3,0,0,1,0,0,0,0,3,1,6,6,2,16,4,-1,-1,-1,-1,3,E01004020,0,1
2024041491094,2024,041491094,1,9,0,-1,19,1,5,-1,0,0,1,7,0,0,1,1,-1,1,1,45,7,-1,-1,-1,-1,7,E01025496,0,2
2024320604282,2024,320604282,2,9,0,2,2,0,0,0,0,2,0,0,0,0,1,1,6,6,3,-1,-1,-1,-1,-1,-1,-1,-1,0,-1
2024991469848,2024,991469848,1,90,0,-1,19,7,3,-1,0,1,0,0,0,0,1,1,-1,9,2,21,5,-1,-1,-1,-1,7,-1,0,1
2024440525144,2024,440525144,3,9,0,18,19,1,7,0,0,1,0,0,0,0,3,1,6,6,1,57,9,-1,-1,-1,-1,4,E01032040,0,4
2024010535594,2024,010535594,1,9,0,7,7,4,6,0,0,1,0,0,0,0,1,1,6,6,3,-1,-1,-1,-1,-1,-1,-1,-1,0,-1
2024041415111,2024,041415111,1,98,0,-1,7,5,7,-1,0,3,0,0,0,0,3,1,-1,9,1,38,7,-1,-1,-1,-1,1,E01008979,0,5
2024031478047,2024,031478047,2,1,0,-1,19,7,3,-1,0,1,9,0,0,0,1,1,-1,9,1,30,6,-1,-1,-1,-1,-1,-1,0,-1
2024311442262,2024,311442262,2,9,0,-1,2,0,0,-1,0,8,0,0,0,0,2,1,-1,2,2,22,5,-1,-1,-1,-1,-1,-1,0,-1
2024520402480,2024,520402480,2,9,0,4,4,2,6,6,6,0,0,0,1,11,2,1,6,6,2,58,9,-1,-1,-1,-1,-1,-1,0,-1
2024440331125,2024,440331125,1,90,0,18,19,6,2,0,0,0,0,0,0,0,4,1,6,6,1,33,6,-1,-1,-1,-1,7,E01022477,0,3
2024522402498,2024,522402498,2,1,0,18,19,3,7,0,0,0,0,0,0,0,1,1,6,6,2,23,5,-1,-1,-1,-1,1,E01014831,0,1
2024461416221,2024,461416221,2,1,0,-1,19,5,8,-1,0,6,0,0,0,0,2,1,-1,9,1,17,4,-1,-1,-1,-1,4,E01024204,0,1
2024131510499,2024,131510499,1,19,0,-1,19,1,5,-1,0,8,0,0,0,0,0,1,-1,6,3,-1,-1,-1,-1,-1,-1,-1,-1,0,-1
2024221405163,2024,221405163,1,1,0,-1,19,4,8,-1,0,0,0,0,0,0,3,1,-1,9,1,70,10,-1,-1,-1,-1,5,E01032205,0,1
2024010533778,2024,010533778,1,1,0,18,19,1,5,0,0,1,5,8,0,0,2,1,6,6,2,26,6,-1,-1,-1,-1,-1,-1,0,-1
2024161424474,2024,161424474,2,1,0,-1,5,7,5,-1,0,4,0,0,0,0,2,1,-1,6,1,18,4,-1,-1,-1,-1,-1,-1,0,-1
2024010490278,2024,010490278,2,9,0,18,19,5,1,0,0,0,0,0,0,0,2,1,6,6,2,40,7,-1,-1,-1,-1,3,E01035645,0,2
2024010494546,2024,010494546,2,9,0,99,99,9,9,99,99,0,9,99,9,99,9,9,6,6,3,53,8,-1,-1,-1,-1,3,E01004226,0,1
2024052400131,2024,052400131,1,2,0,14,14,6,2,0,0,0,0,0,4,0,1,1,6,6,3,-1,-1,-1,-1,-1,-1,-1,-1,0,-1
2024430085734,2024,430085734,2,1,0,18,19,1,5,0,0,0,0,0,0,0,3,1,2,2,1,27,6,-1,-1,-1,-1,7,E01028588,0,1
2024302401413,2024,302401413,4,17,0,17,19,4,2,0,0,1,0,0,0,0,0,1,6,6,3,-1,-1,-1,-1,-1,-1,5,E01019456,0,4
2024041445498,2024,041445498,1,98,0,-1,15,3,7,-1,0,8,0,0,0,0,-1,9,-1,6,3,-1,-1,-1,-1,-1,-1,-1,-1,0,-1
2024471458188,2024,471458188,1,9,0,-1,19,1,5,-1,0,0,0,10,0,0,1,1,-1,9,2,18,4,-1,-1,-1,-1,8,E01020963,0,1
2024010510650,2024,010510650,2,90,0,99,99,9,9,99,99,9,9,99,9,99,9,9,6,6,3,-1,-1,-1,-1,-1,-1,-1,-1,0,-1
2024061506431,2024,061506431,2,99,-1,-1,-1,-1,-1,-1,-1,-1,-1,-1,-1,0,-1,9,-1,6,3,-1,-1,-1,-1,-1,-1,-1,-1,0,-1
2024201471786,2024,201471786,2,1,0,-1,19,8,4,-1,0,8,0,0,0,0,1,1,-1,6,1,46,8,-1,-1,-1,-1,3,E01009411,0,1
2024010498029,2024,010498029,1,1,9,99,99,9,9,99,99,9,9,99,9,99,9,1,6,6,3,33,6,-1,-1,-1,-1,1,E01002907,0,1
2024501470929,2024,501470929,2,9,0,-1,19,4,8,-1,0,0,0,0,0,0,4,1,-1,6,3,-1,-1,-1,-1,-1,-1,-1,-1,0,-1
2024421516934,2024,421516934,1,9,0,-1,19,3,7,-1,0,0,0,0,0,0,4,1,-1,9,1,75,10,-1,-1,-1,-1,2,E01021303,0,1
2024010489635,2024,010489635,2,1,9,99,99,9,9,99,99,0,9,99,0,0,9,1,6,6,1,38,7,-1,-1,-1,-1,6,E01002410,0,1
2024361477001,2024,361477001,1,3,-1,-1,-1,5,3,-1,-1,-1,-1,-1,-1,0,-1,1,-1,6,3,-1,-1,-1,-1,-1,-1,-1,-1,0,-1
2024451491583,2024,451491583,1,1,0,-1,19,5,1,-1,0,2,0,0,0,0,1,1,-1,1,1,32,6,-1,-1,-1,-1,5,E01030579,0,1
2024440453294,2024,440453294,2,9,0,18,19,7,3,0,0,1,0,0,0,0,2,1,2,2,1,21,5,-1,-1,-1,-1,6,E01022669,0,1
2024122500104,2024,122500104,1,9,0,18,19,1,5,0,0,1,0,0,0,0,1,1,6,6,1,34,6,-1,-1,-1,-1,9,E01027665,0,2
2024430121746,2024,430121746,1,21,1,12,12,8,4,0,0,0,0,0,0,0,3,2,1,1,1,63,9,-1,-1,-1,-1,-1,-1,0,-1
2024522402074,2024,522402074,2,97,0,18,19,7,3,2,2,8,0,0,0,0,1,1,6,6,3,-1,-1,-1,-1,-1,-1,-1,-1,0,-1
2024552400923,2024,552400923,2,10,0,16,19,8,3,0,0,0,0,0,0,0,2,1,2,2,1,58,9,-1,-1,-1,-1,8,E01020360,0,2
2024461502281,2024,461502281,2,9,0,-1,19,1,5,-1,0,0,0,0,0,0,4,1,-1,2,2,48,8,-1,-1,-1,-1,8,E01024542,0,1
2024010491142,2024,010491142,1,3,0,18,19,1,5,0,0,8,0,0,0,0,3,1,6,6,1,19,4,-1,-1,-1,-1,3,E01000095,0,1
2024052400548,2024,052400548,1,9,0,13,13,7,3,0,0,0,0,0,0,0,4,1,6,6,3,-1,-1,-1,-1,-1,-1,-1,-1,0,-1
202460Q187745,2024,60Q187745,1,19,0,18,19,3,7,0,0,0,0,0,0,0,0,1,6,6,3,-1,-1,-1,-1,-1,-1,-1,-1,0,-1
2024041534807,2024,041534807,1,9,0,-1,19,-1,-1,-1,0,1,0,0,0,0,-1,9,-1,6,3,-1,-1,-1,-1,-1,-1,-1,-1,0,-1
2024201421612,2024,201421612,2,9,0,-1,19,5,1,-1,0,8,1,0,0,0,0,1,-1,6,2,52,8,-1,-1,-1,-1,9,E01009724,0,1
2024401502604,2024,401502604,8,90,0,-1,19,6,2,-1,0,0,0,0,0,0,0,1,-1,8,-1,-1,-1,-1,-1,-1,-1,-1,-1,0,-1
2024010540557,2024,010540557,1,1,9,99,99,9,9,99,99,9,9,99,9,99,9,1,2,2,1,42,7,-1,-1,-1,-1,7,E01002974,0,1
2024131401338,2024,131401338,1,9,0,-1,19,1,6,-1,0,8,0,0,0,0,4,1,-1,9,2,65,9,-1,-1,-1,-1,7,E01010876,0,1
2024421532610,2024,421532610,2,9,0,-1,19,8,4,-1,0,8,0,0,0,0,1,1,-1,9,1,46,8,-1,-1,-1,-1,6,E01021491,0,2
2024501415889,2024,501415889,1,9,0,-1,9,8,6,-1,0,1,0,0,0,0,3,1,-1,1,1,77,11,-1,-1,-1,-1,7,E01020258,0,2
2024041416109,2024,041416109,1,9,0,-1,14,5,1,-1,0,0,0,0,0,0,4,9,-1,6,3,-1,-1,-1,-1,-1,-1,-1,-1,0,-1
2024311465128,2024,311465128,1,5,0,-1,19,5,1,-1,0,0,2,10,3,0,1,1,-1,6,1,41,7,-1,-1,-1,-1,6,E01028205,0,1
2024061427755,2024,061427755,1,9,0,-1,19,5,5,-1,0,1,0,0,0,0,1,1,-1,8,1,34,6,-1,-1,-1,-1,-1,-1,0,-1
2024547180324,2024,547180324,1,9,0,18,19,3,7,0,0,1,0,0,0,0,1,1,6,6,2,-1,-1,-1,-1,-1,-1,-1,-1,0,-1
2024520401233,2024,520401233,1,9,0,18,19,6,2,0,0,8,5,0,1,0,1,1,6,6,2,80,11,-1,-1,-1,-1,5,E01029066,0,3
2024311494221,2024,311494221,2,9,0,-1,7,1,7,-1,0,0,0,0,0,0,2,1,-1,2,2,41,7,-1,-1,-1,-1,2,E01029429,0,4
2024041440057,2024,041440057,1,9,0,-1,19,3,7,-1,0,0,0,4,0,0,1,1,-1,2,1,24,5,-1,-1,-1,-1,9,E01012609,0,1
2024010546201,2024,010546201,2,1,0,18,19,8,4,0,0,1,0,0,0,0,4,1,6,6,1,19,4,-1,-1,-1,-1,7,E01004029,0,1
2024461468704,2024,461468704,1,9,0,-1,19,3,7,-1,0,0,0,0,0,0,1,9,-1,6,3,-1,-1,-1,-1,-1,-1,-1,-1,0,-1
2024201416704,2024,201416704,1,9,0,-1,5,2,1,-1,0,0,0,0,0,0,1,1,-1,6,1,40,7,-1,-1,-1,-1,-1,-1,0,-1
2024161482961,2024,161482961,2,9,0,-1,19,5,1,-1,0,0,1,0,0,0,1,1,-1,9,1,29,6,-1,-1,-1,-1,10,E01013043,0,4
2024522500150,2024,522500150,1,9,0,17,19,6,4,0,0,8,0,0,0,0,3,1,6,6,2,23,5,-1,-1,-1,-1,2,E01014579,0,1
2024122500024,2024,122500024,1,9,0,18,19,6,2,0,0,4,0,0,0,0,0,1,6,6,3,28,6,-1,-1,-1,-1,8,E01027635,0,3
2024141529799,2024,141529799,2,98,0,-1,5,3,7,-1,0,1,0,0,0,0,1,9,-1,6,3,-1,-1,-1,-1,-1,-1,-1,-1,0,-1
2024430015121,2024,430015121,2,21,0,18,19,4,8,0,0,0,0,0,1,0,2,1,1,1,1,-1,-1,-1,-1,-1,-1,10,E01016237,0,4
2024520000392,2024,520000392,2,9,0,9,9,1,6,0,0,5,0,0,0,0,4,1,6,6,3,-1,-1,-1,-1,-1,-1,-1,-1,0,-1
2024302400883,2024,302400883,1,9,0,16,19,5,7,0,0,1,1,0,7,11,1,1,6,6,2,20,4,-1,-1,-1,-1,6,E01019629,0,1
2024161496465,2024,161496465,2,-1,0,-1,19,2,6,-1,9,0,0,0,0,0,3,1,-1,6,1,16,4,-1,-1,-1,-1,3,E01012839,1,1
2024052400892,2024,052400892,1,9,0,17,19,5,1,0,0,8,0,0,0,0,3,1,6,6,3,-1,-1,-1,-1,-1,-1,-1,-1,0,-1
2024010527797,2024,010527797,1,1,0,14,14,1,5,0,0,1,0,0,0,0,1,1,6,6,1,32,6,-1,-1,-1,-1,4,E01002841,0,1
2024361397453,2024,361397453,1,21,4,-1,9,5,4,-1,0,0,0,0,0,0,3,9,-1,1,2,22,5,-1,-1,-1,-1,9,E01033185,0,5
2024440399485,2024,440399485,2,3,0,18,19,3,7,0,0,8,0,0,0,0,1,1,6,6,3,-1,-1,-1,-1,-1,-1,-1,-1,0,-1
2024520401159,2024,520401159,2,9,0,18,19,8,4,0,0,0,0,0,1,0,1,1,6,6,1,77,11,-1,-1,-1,-1,4,E01029329,0,3
2024010541003,2024,010541003,1,1,9,99,99,9,9,99,99,0,9,99,9,99,9,1,6,6,1,43,7,-1,-1,-1,-1,3,E01002102,0,2
2024010489130,2024,010489130,2,9,0,14,14,1,5,0,0,8,0,0,0,0,1,1,6,6,1,23,5,-1,-1,-1,-1,4,E01001023,0,2
2024061514839,2024,061514839,1,1,0,-1,3,-1,-1,-1,9,0,0,0,0,0,2,1,-1,9,2,38,7,-1,-1,-1,-1,10,E01006151,0,1
2024041533066,2024,041533066,1,98,0,-1,19,7,7,-1,0,8,0,0,0,0,-1,9,-1,6,3,-1,-1,-1,-1,-1,-1,-1,-1,0,-1
2024131480630,2024,131480630,1,9,0,-1,7,2,6,-1,0,1,0,0,0,0,3,1,-1,6,1,76,11,-1,-1,-1,-1,3,E01010959,0,1
2024131493484,2024,131493484,2,21,0,-1,2,5,1,-1,0,0,0,0,0,0,2,1,-1,7,1,55,8,-1,-1,-1,-1,9,E01011385,0,1
2024161496035,2024,161496035,1,9,0,-1,13,6,2,-1,0,1,0,0,0,0,1,9,-1,6,3,-1,-1,-1,-1,-1,-1,-1,-1,0,-1
2024430312736,2024,430312736,2,9,0,18,19,3,7,0,0,4,0,0,0,0,1,1,6,6,1,21,5,-1,-1,-1,-1,-1,-1,0,-1
2024010506023,2024,010506023,1,3,0,17,19,1,5,0,0,0,0,4,0,0,1,1,6,6,1,34,6,-1,-1,-1,-1,2,E01001513,0,1
2024061473613,2024,061473613,2,9,-1,-1,-1,-1,-1,-1,-1,-1,-1,-1,-1,0,-1,9,-1,6,3,-1,-1,-1,-1,-1,-1,-1,-1,0,-1
2024052401909,2024,052401909,2,1,0,18,19,7,3,0,0,8,1,0,0,0,4,1,6,6,1,35,6,-1,-1,-1,-1,1,E01006967,0,3
2024101443986,2024,101443986,1,-1,0,-1,19,3,7,-1,0,0,0,0,0,0,1,1,-1,9,1,13,3,-1,-1,-1,-1,-1,-1,1,-1
2024010496585,2024,010496585,2,9,0,99,99,9,9,99,99,9,9,99,9,99,9,9,6,6,3,-1,-1,-1,-1,-1,-1,9,E01002953,0,1
2024201472676,2024,201472676,2,9,0,-1,9,5,1,-1,0,8,0,0,0,0,1,1,-1,9,1,37,7,-1,-1,-1,-1,1,E01009366,0,1
2024421503216,2024,421503216,2,9,0,-1,19,3,4,-1,-1,0,0,0,0,0,1,1,-1,9,1,50,8,-1,-1,-1,-1,3,E01000094,0,4
2024622400389,2024,622400389,3,21,0,2,2,0,0,0,0,1,0,0,0,0,0,1,1,1,3,-1,-1,-1,-1,-1,-1,-1,-1,0,-1
2024061399394,2024,061399394,1,19,-1,-1,-1,-1,-1,-1,-1,0,-1,-1,-1,0,-1,9,-1,6,3,-1,-1,-1,-1,-1,-1,-1,-1,0,-1
2024531418862,2024,531418862,1,-1,0,-1,19,5,1,-1,0,2,0,0,0,0,0,2,-1,9,1,50,8,-1,-1,-1,-1,10,E01022297,1,1
2024010497978,2024,010497978,2,9,0,99,99,9,9,99,99,9,9,99,9,99,1,9,6,6,3,-1,-1,-1,-1,-1,-1,-1,-1,0,-1
2024052401917,2024,052401917,1,9,0,5,5,7,3,0,0,1,0,0,0,0,3,1,6,6,2,-1,-1,-1,-1,-1,-1,-1,-1,0,-1
2024010527124,2024,010527124,1,9,0,18,19,5,1,0,0,1,0,0,0,0,1,1,6,6,3,-1,-1,-1,-1,-1,-1,-1,-1,0,-1
2024131419011,2024,131419011,2,1,0,-1,19,1,5,-1,0,8,5,0,0,0,1,1,-1,2,2,41,7,-1,-1,-1,-1,3,E01011330,0,1
2024010494049,2024,010494049,1,9,0,99,99,9,9,99,99,9,9,99,9,99,9,9,6,6,1,22,5,-1,-1,-1,-1,2,E01032787,0,2
2024010488768,2024,010488768,1,1,9,99,99,9,9,99,99,0,9,99,9,99,1,1,6,6,2,52,8,-1,-1,-1,-1,2,E01000956,0,1
2024991473156,2024,991473156,2,1,0,-1,19,4,8,-1,0,1,0,0,0,0,1,1,-1,6,1,13,3,-1,-1,-1,-1,8,-1,0,1
2024371487915,2024,371487915,2,1,0,-1,19,4,8,-1,0,8,5,0,0,0,1,1,-1,6,2,23,5,-1,-1,-1,-1,1,E01030035,0,1
2024421430280,2024,421430280,2,1,-1,-1,19,1,5,-1,0,0,0,0,0,0,3,1,-1,6,2,46,8,-1,-1,-1,-1,10,E01022070,0,1
2024010505034,2024,010505034,2,-1,0,18,19,5,1,0,0,8,0,0,0,0,4,1,2,2,1,30,6,-1,-1,-1,-1,3,E01000889,1,1
2024101462517,2024,101462517,1,9,0,-1,19,1,5,-1,0,6,0,0,0,0,1,2,-1,9,1,49,8,-1,-1,-1,-1,-1,-1,0,-1
2024440121131,2024,440121131,1,9,0,13,13,2,6,0,0,0,0,0,0,0,4,1,6,6,1,73,10,-1,-1,-1,-1,4,E01035446,0,1
2024010527539,2024,010527539,1,9,9,99,99,9,9,99,99,0,9,99,9,99,9,9,6,6,3,-1,-1,-1,-1,-1,-1,-1,-1,0,-1
2024041451433,2024,041451433,2,1,0,-1,19,5,1,-1,0,1,0,0,0,0,1,1,-1,6,1,22,5,-1,-1,-1,-1,4,E01025427,0,1
2024421414319,2024,421414319,2,9,0,-1,19,5,1,-1,0,0,0,0,1,0,1,1,-1,6,1,61,9,-1,-1,-1,-1,-1,-1,0,-1
2024522402573,2024,522402573,2,97,0,12,12,9,9,0,0,6,0,0,0,0,1,1,6,6,1,-1,-1,-1,-1,-1,-1,-1,-1,0,-1
2024010545112,2024,010545112,1,9,0,18,19,7,3,0,0,1,0,0,3,0,3,1,6,6,1,48,8,-1,-1,-1,-1,8,E01001211,0,1
2024471489257,2024,471489257,1,9,0,-1,9,6,4,-1,99,1,0,0,0,0,4,1,-1,2,2,33,6,-1,-1,-1,-1,9,E01031623,0,2
2024010536076,2024,010536076,1,1,9,99,99,9,9,99,99,9,9,99,9,99,9,1,2,2,2,37,7,-1,-1,-1,-1,10,E01004640,0,3
2024320331646,2024,320331646,1,9,0,11,11,4,8,0,0,0,2,0,1,9,1,1,6,6,2,38,7,-1,-1,-1,-1,8,E01015645,0,3
2024430510198,2024,430510198,1,1,0,14,14,4,8,0,0,1,0,0,0,0,4,1,6,6,1,37,7,-1,-1,-1,-1,2,E01016415,0,1
2024231494749,2024,231494749,1,19,0,-1,19,1,5,-1,0,0,0,0,0,0,1,9,-1,6,1,23,5,-1,-1,-1,-1,10,E01032891,0,1