collision_index,collision_year,collision_ref_no,vehicle_reference,vehicle_type,towing_and_articulation,vehicle_manoeuvre_historic,vehicle_manoeuvre,vehicle_direction_from,vehicle_direction_to,vehicle_location_restricted_lane_historic,vehicle_location_restricted_lane,junction_location,skidding_and_overturning,hit_object_in_carriageway,vehicle_leaving_carriageway,hit_object_off_carriageway,first_point_of_impact,vehicle_left_hand_drive,journey_purpose_of_driver_historic,journey_purpose_of_driver,sex_of_driver,age_of_driver,age_band_of_driver,engine_capacity_cc,propulsion_code,age_of_vehicle,generic_make_model,driver_imd_decile,lsoa_of_driver,escooter_flag,driver_distance_banding
2024440309600,2024,440309600,2,9,0,18,19,7,3,0,0,3,0,0,0,0,4,1,6,6,3,-1,-1,-1,-1,-1,-1,-1,-1,0,-1
2024451438472,2024,451438472,2,9,0,-1,12,6,5,-1,0,1,0,0,0,0,3,1,-1,2,1,63,9,-1,-1,-1,-1,5,E01016088,0,4
2024031518747,2024,031518747,1,99,0,-1,4,1,5,-1,0,2,0,0,0,0,1,1,-1,1,1,50,8,-1,-1,-1,-1,-1,-1,0,-1
2024061427364,2024,061427364,1,9,0,-1,5,5,7,-1,0,6,0,0,0,0,1,1,-1,6,2,-1,-1,-1,-1,-1,-1,-1,-1,0,-1
2024141532679,2024,141532679,2,1,0,-1,19,4,3,-1,0,0,0,0,0,0,4,1,-1,6,1,40,7,-1,-1,-1,-1,7,E01007992,0,1
2024141434082,2024,141434082,2,90,0,-1,19,2,6,-1,0,1,1,0,7,0,1,9,-1,6,1,-1,-1,-1,-1,-1,-1,-1,-1,0,-1
2024101397223,2024,101397223,1,9,0,-1,7,5,7,-1,0,8,0,0,0,0,0,9,-1,6,3,-1,-1,-1,-1,-1,-1,-1,-1,0,-1
2024061522349,2024,061522349,1,9,0,-1,9,1,1,-1,0,6,0,0,0,0,1,1,-1,9,1,-1,-1,-1,-1,-1,-1,-1,-1,0,-1
2024010529326,2024,010529326,1,1,9,99,99,9,9,99,99,9,9,0,9,0,9,1,6,6,1,-1,-1,-1,-1,-1,-1,3,E01003079,0,1
2024010548520,2024,010548520,1,9,0,18,19,3,7,0,0,2,0,0,0,0,1,1,2,2,1,24,5,-1,-1,-1,-1,5,E01000747,0,1
2024351543925,2024,351543925,4,9,0,-1,19,2,6,-1,0,0,1,0,1,9,1,1,-1,6,2,55,8,-1,-1,-1,-1,5,E01018088,0,3
2024010517490,2024,010517490,1,1,9,99,99,9,9,99,99,9,9,99,9,99,9,1,6,6,2,62,9,-1,-1,-1,-1,2,E01035708,0,1
2024451510337,2024,451510337,3,9,0,-1,19,7,3,-1,0,0,0,0,0,0,1,1,-1,1,1,33,6,-1,-1,-1,-1,1,E01024676,0,5
2024221448937,2024,221448937,1,90,0,-1,19,8,4,-1,0,4,0,0,0,0,3,9,-1,1,1,29,6,-1,-1,-1,-1,10,E01014181,0,1
2024430467903,2024,430467903,1,1,0,9,9,4,2,0,0,5,0,0,0,0,3,1,6,6,1,40,7,-1,-1,-1,-1,3,E01016486,0,1
2024221399864,2024,221399864,1,9,0,-1,19,2,6,-1,0,4,0,0,0,0,1,9,-1,6,1,48,8,-1,-1,-1,-1,-1,-1,0,-1
2024430346248,2024,430346248,2,19,0,1,1,2,6,0,0,0,0,0,0,0,2,1,6,6,1,-1,-1,-1,-1,-1,-1,-1,-1,0,-1
2024131500348,2024,131500348,2,1,0,-1,19,7,3,-1,4,8,0,0,0,0,3,1,-1,1,1,25,5,-1,-1,-1,-1,5,E01035046,0,1
2024052400955,2024,052400955,1,9,0,18,19,3,7,0,0,0,0,0,0,0,1,1,6,6,3,-1,-1,-1,-1,-1,-1,-1,-1,0,-1
2024010531031,2024,010531031,1,-1,9,99,99,9,9,99,99,0,9,99,9,99,9,9,6,6,3,-1,-1,-1,-1,-1,-1,-1,-1,1,-1
2024031475295,2024,031475295,1,9,0,-1,15,5,5,-1,0,0,2,7,0,0,1,1,-1,2,2,25,5,-1,-1,-1,-1,-1,-1,0,-1
2024351451621,2024,351451621,2,-1,0,-1,19,4,8,-1,0,8,0,0,0,0,2,1,-1,6,1,15,3,-1,-1,-1,-1,9,E01033115,1,1
2024161410447,2024,161410447,2,98,0,-1,19,1,5,-1,0,4,0,0,0,0,1,1,-1,6,3,-1,-1,-1,-1,-1,-1,-1,-1,0,-1
2024161418806,2024,161418806,2,9,0,-1,19,7,3,-1,0,1,0,0,0,0,2,1,-1,1,1,66,10,-1,-1,-1,-1,1,E01012898,0,4
2024430254642,2024,430254642,1,1,0,18,19,6,2,0,0,0,0,0,0,0,3,1,6,6,1,13,3,-1,-1,-1,-1,7,E01033962,0,1
2024041414533,2024,041414533,2,1,0,-1,9,3,1,-1,0,1,0,0,0,0,1,1,-1,2,1,29,6,-1,-1,-1,-1,1,E01012678,0,1
2024430014672,2024,430014672,1,9,0,14,14,6,2,0,0,0,0,0,0,0,1,1,6,6,1,58,9,-1,-1,-1,-1,5,E01033973,0,3
2024201508993,2024,201508993,4,9,0,-1,2,0,0,-1,0,2,0,0,0,0,2,1,-1,6,-1,-1,-1,-1,-1,-1,-1,-1,-1,0,-1
2024201484016,2024,201484016,2,1,0,-1,19,7,3,-1,0,8,0,0,0,0,1,1,-1,6,1,23,5,-1,-1,-1,-1,2,E01010080,0,1
2024010491311,2024,010491311,1,8,0,99,99,9,9,99,99,9,9,99,9,99,2,9,1,1,1,44,7,-1,-1,-1,-1,6,E01000232,0,3
2024451474503,2024,451474503,2,1,0,-1,19,1,4,-1,0,1,0,0,0,0,1,1,-1,6,1,13,3,-1,-1,-1,-1,6,E01030957,0,1
2024440266364,2024,440266364,1,8,0,4,4,7,3,0,0,8,0,0,0,0,0,1,1,1,1,-1,-1,-1,-1,-1,-1,-1,-1,0,-1
2024010493186,2024,010493186,1,1,0,18,19,7,3,5,5,1,0,0,0,0,1,1,6,6,3,24,5,-1,-1,-1,-1,-1,-1,0,-1
2024122400256,2024,122400256,2,9,0,4,4,3,7,0,0,0,0,0,0,0,2,1,1,1,1,41,7,-1,-1,-1,-1,1,E01013443,0,2
2024340WN2882,2024,340WN2882,2,9,0,-1,9,1,7,-1,0,3,0,0,0,0,4,1,-1,2,2,50,8,-1,-1,-1,-1,7,E01026999,0,2
2024010489298,2024,010489298,2,19,0,99,99,9,9,99,99,9,9,99,9,99,1,9,6,6,3,42,7,-1,-1,-1,-1,7,E01001522,0,1
2024340WN6392,2024,340WN6392,2,1,0,-1,9,3,1,-1,0,8,0,0,0,0,1,1,-1,6,1,23,5,-1,-1,-1,-1,4,E01035418,0,1
2024430484312,2024,430484312,1,9,0,18,19,8,4,0,0,0,0,0,0,0,1,1,6,6,1,44,7,-1,-1,-1,-1,-1,-1,0,-1
2024010501751,2024,010501751,2,1,0,16,19,7,2,4,4,8,2,0,0,0,1,1,2,2,1,51,8,-1,-1,-1,-1,10,E01001375,0,3
202454E608324,2024,54E608324,1,9,0,9,9,1,6,0,0,6,0,0,0,0,1,1,6,6,1,84,11,-1,-1,-1,-1,7,E01032100,0,2
2024131449179,2024,131449179,1,1,0,-1,19,1,5,-1,0,8,1,0,0,0,1,1,-1,9,1,20,4,-1,-1,-1,-1,1,E01011740,0,1
2024010540913,2024,010540913,1,1,9,99,99,9,9,99,99,9,9,99,9,99,2,1,2,2,1,18,4,-1,-1,-1,-1,5,E01002398,0,1
2024430205139,2024,430205139,2,1,0,9,9,3,1,0,0,8,0,0,0,0,4,1,6,6,1,66,10,-1,-1,-1,-1,8,E01016797,0,2
2024131462544,2024,131462544,2,9,0,-1,-1,-1,-1,-1,-1,8,-1,-1,-1,0,-1,1,-1,6,3,-1,-1,-1,-1,-1,-1,-1,-1,0,-1
2024041430601,2024,041430601,1,1,0,-1,19,7,2,-1,0,0,5,0,0,0,3,1,-1,6,1,7,2,-1,-1,-1,-1,9,E01025545,0,1
2024522402332,2024,522402332,1,9,0,9,9,2,1,0,0,6,0,0,0,0,3,1,6,6,2,49,8,-1,-1,-1,-1,4,E01014576,0,1
2024332400874,2024,332400874,2,9,0,-1,5,9,9,-1,0,0,0,0,0,0,1,1,-1,6,3,-1,-1,-1,-1,-1,-1,-1,-1,0,-1
2024111422293,2024,111422293,1,9,0,-1,9,2,8,-1,0,0,0,0,0,0,1,1,-1,6,3,30,6,-1,-1,-1,-1,-1,-1,0,-1
2024010542717,2024,010542717,1,9,0,18,19,7,3,0,0,0,0,0,0,0,0,1,6,6,3,-1,-1,-1,-1,-1,-1,-1,-1,0,-1
2024430030607,2024,430030607,3,9,0,18,19,8,4,0,0,1,0,0,0,0,1,1,6,6,1,43,7,-1,-1,-1,-1,10,E01017764,0,2
2024411410606,2024,411410606,2,9,0,-1,2,2,7,-1,0,1,0,0,0,0,3,1,-1,6,1,51,8,-1,-1,-1,-1,6,E01021597,0,4
2024991512081,2024,991512081,1,11,0,-1,19,3,7,-1,0,0,0,0,0,0,3,2,-1,9,1,46,8,-1,-1,-1,-1,-1,-1,0,-1
2024010489354,2024,010489354,1,9,0,99,99,9,9,99,99,9,9,99,9,99,2,9,2,2,2,37,7,-1,-1,-1,-1,4,E01017581,0,4
2024010528943,2024,010528943,2,9,0,99,99,9,9,99,99,9,9,99,9,99,9,9,6,6,1,60,9,-1,-1,-1,-1,3,E01002027,0,1
2024430146740,2024,430146740,1,9,0,9,9,6,4,0,0,6,0,0,0,0,1,1,6,6,1,72,10,-1,-1,-1,-1,8,E01017783,0,1
2024552400262,2024,552400262,1,19,0,18,19,5,1,0,0,0,0,0,0,0,4,1,6,6,3,-1,-1,-1,-1,-1,-1,-1,-1,0,-1
2024010541755,2024,010541755,2,1,9,99,99,9,9,99,99,9,9,99,9,99,9,1,2,2,1,30,6,-1,-1,-1,-1,1,E01001562,0,2
2024010522029,2024,010522029,2,90,0,99,99,9,9,99,99,9,9,99,9,99,9,9,6,6,3,-1,-1,-1,-1,-1,-1,-1,-1,0,-1
2024211448592,2024,211448592,1,9,0,-1,3,5,1,-1,0,1,0,0,0,0,1,1,-1,9,2,22,5,-1,-1,-1,-1,8,E01029650,0,1
2024052400782,2024,052400782,1,9,0,18,19,4,8,0,0,0,0,0,0,0,1,1,6,6,1,-1,-1,-1,-1,-1,-1,-1,-1,0,-1
2024451472495,2024,451472495,2,1,0,-1,4,5,7,-1,0,1,0,0,0,0,1,1,-1,6,2,47,8,-1,-1,-1,-1,3,E01003979,0,4
2024451441376,2024,451441376,2,98,0,-1,19,1,5,-1,0,1,0,0,0,0,1,1,-1,1,1,28,6,-1,-1,-1,-1,6,E01035335,0,3
2024320381855,2024,320381855,1,9,0,17,19,2,6,0,0,0,5,0,1,0,1,1,6,6,1,23,5,-1,-1,-1,-1,4,E01013572,0,5
2024201491647,2024,201491647,3,9,0,-1,19,7,3,-1,0,0,0,0,0,0,2,1,-1,6,2,52,8,-1,-1,-1,-1,8,E01029675,0,2
2024010548411,2024,010548411,1,1,9,99,99,9,9,99,99,9,9,99,9,99,1,1,2,2,1,33,6,-1,-1,-1,-1,3,E01035650,0,1
2024411447314,2024,411447314,2,1,0,-1,19,5,1,-1,0,2,0,0,0,0,2,1,-1,6,1,55,8,-1,-1,-1,-1,3,E01000901,0,4
2024461486974,2024,461486974,1,97,0,-1,19,2,6,-1,0,0,0,0,0,0,1,1,-1,6,1,-1,-1,-1,-1,-1,-1,-1,-1,0,-1
2024052401218,2024,052401218,1,9,0,18,19,2,6,0,0,0,0,0,0,0,4,1,6,6,3,-1,-1,-1,-1,-1,-1,-1,-1,0,-1
2024201462732,2024,201462732,2,1,0,-1,9,2,1,-1,0,0,0,0,0,0,1,1,-1,6,1,56,9,-1,-1,-1,-1,3,E01009140,0,1
2024201482757,2024,201482757,2,1,0,-1,19,2,6,-1,0,1,5,0,0,0,3,1,-1,9,1,31,6,-1,-1,-1,-1,2,E01009865,0,1
2024430498509,2024,430498509,4,9,0,2,2,0,0,0,0,2,0,0,0,0,2,1,6,6,3,-1,-1,-1,-1,-1,-1,-1,-1,0,-1
2024101461350,2024,101461350,1,9,0,-1,-1,-1,-1,-1,-1,0,-1,-1,-1,0,-1,9,-1,6,1,-1,-1,-1,-1,-1,-1,-1,-1,0,-1
2024010534396,2024,010534396,4,21,1,18,19,5,1,0,0,2,0,0,0,0,1,2,1,1,1,32,6,-1,-1,-1,-1,-1,-1,0,-1
2024552400647,2024,552400647,2,1,0,18,19,1,5,0,0,8,0,0,0,0,1,1,6,6,1,29,6,-1,-1,-1,-1,8,E01015297,0,1
2024010512998,2024,010512998,2,8,0,99,99,9,9,99,99,9,9,99,9,99,9,9,6,6,3,-1,-1,-1,-1,-1,-1,-1,-1,0,-1
2024631464463,2024,631464463,3,90,0,-1,19,3,7,-1,0,1,1,0,0,0,1,1,-1,9,2,45,7,-1,-1,-1,-1,10,W01001896,0,4
2024010540591,2024,010540591,1,1,9,99,99,9,9,4,4,9,9,99,9,99,9,1,2,2,1,36,7,-1,-1,-1,-1,3,E01035670,0,1
2024010523536,2024,010523536,1,1,9,99,99,9,9,99,99,0,9,99,9,99,1,1,6,6,1,24,5,-1,-1,-1,-1,9,E01002865,0,1
2024351532784,2024,351532784,2,1,0,-1,-1,-1,-1,-1,-1,-1,-1,-1,-1,0,-1,1,-1,6,1,59,9,-1,-1,-1,-1,2,E01017977,0,1
202454C365124,2024,54C365124,3,9,0,4,4,5,3,0,0,1,0,0,0,0,2,1,6,6,3,-1,-1,-1,-1,-1,-1,-1,-1,0,-1
2024061516353,2024,061516353,3,9,0,-1,3,3,7,-1,0,1,0,0,0,0,2,9,-1,6,1,-1,-1,-1,-1,-1,-1,-1,-1,0,-1
2024545280224,2024,545280224,2,1,0,18,19,6,2,0,0,0,0,0,0,0,3,1,6,6,1,57,9,-1,-1,-1,-1,9,E01014862,0,4
2024061449318,2024,061449318,2,1,0,-1,19,2,7,-1,0,1,0,0,0,0,1,1,-1,1,1,35,6,-1,-1,-1,-1,2,E01005250,0,1
2024201488496,2024,201488496,1,99,0,-1,19,2,6,-1,0,2,0,0,0,0,1,1,-1,6,3,-1,-1,-1,-1,-1,-1,-1,-1,0,-1
2024101488697,2024,101488697,2,1,0,-1,19,8,4,-1,0,8,5,0,0,0,1,1,-1,9,1,58,9,-1,-1,-1,-1,2,E01008632,0,2
2024471408212,2024,471408212,1,9,0,-1,19,-1,-1,-1,0,0,-1,-1,-1,0,1,9,-1,6,3,-1,-1,-1,-1,-1,-1,-1,-1,0,-1
2024141489235,2024,141489235,2,97,0,-1,19,8,8,-1,0,1,2,0,0,0,1,1,-1,6,1,23,5,-1,-1,-1,-1,3,E01007345,0,1
2024041463146,2024,041463146,1,9,0,-1,11,1,5,-1,0,0,0,0,0,0,4,9,-1,6,3,-1,-1,-1,-1,-1,-1,-1,-1,0,-1
2024010515737,2024,010515737,2,98,2,99,99,9,9,99,99,0,9,99,9,99,2,9,6,6,3,-1,-1,-1,-1,-1,-1,-1,-1,0,-1
2024302500257,2024,302500257,2,9,0,-1,19,7,3,-1,0,0,0,0,0,0,3,1,-1,6,3,-1,-1,-1,-1,-1,-1,5,E01019456,0,2
2024440518274,2024,440518274,2,21,0,3,3,7,3,0,0,7,0,0,0,0,2,1,6,6,1,52,8,-1,-1,-1,-1,9,E01017843,0,4
2024010489043,2024,010489043,3,9,0,2,2,0,0,0,0,0,0,0,0,0,1,1,6,6,3,-1,-1,-1,-1,-1,-1,-1,-1,0,-1
2024010491100,2024,010491100,2,9,0,99,99,9,9,99,99,9,9,99,9,99,1,9,6,6,3,-1,-1,-1,-1,-1,-1,-1,-1,0,-1
2024010494854,2024,010494854,2,1,0,18,19,1,5,0,0,0,0,0,0,0,4,1,6,6,1,26,6,-1,-1,-1,-1,3,E01002056,0,1
202460Q156392,2024,60Q156392,1,98,0,17,19,7,3,9,9,2,1,0,7,11,1,1,6,6,1,28,6,-1,-1,-1,-1,-1,-1,0,-1
2024010544007,2024,010544007,2,-1,0,5,5,1,5,0,0,2,0,0,0,0,3,1,6,6,1,54,8,-1,-1,-1,-1,7,E01001851,1,1
2024061417033,2024,061417033,2,1,0,-1,19,-1,-1,-1,0,0,0,0,0,0,-1,1,-1,6,1,37,7,-1,-1,-1,-1,7,E01005869,0,1
2024201536204,2024,201536204,2,1,0,-1,19,1,5,-1,0,1,0,0,0,0,2,1,-1,7,1,11,3,-1,-1,-1,-1,1,E01009577,0,1
2024440211003,2024,440211003,1,9,0,7,7,3,5,0,0,8,0,0,0,0,4,1,6,6,1,-1,-1,-1,-1,-1,-1,-1,-1,0,-1
2024131439903,2024,131439903,2,1,0,-1,7,3,7,-1,0,8,0,0,1,0,3,1,-1,6,1,51,8,-1,-1,-1,-1,2,E01011123,0,3
2024421486604,2024,421486604,1,9,0,-1,19,1,5,-1,0,0,0,0,0,0,1,9,-1,6,3,-1,-1,-1,-1,-1,-1,-1,-1,0,-1
2024131503211,2024,131503211,1,9,0,-1,19,3,7,-1,0,0,0,0,0,0,1,1,-1,9,1,39,7,-1,-1,-1,-1,1,E01010613,0,3
2024440440674,2024,440440674,2,9,0,18,19,1,5,0,0,0,0,0,0,0,1,1,6,6,3,-1,-1,-1,-1,-1,-1,-1,-1,0,-1
2024010534850,2024,010534850,1,1,9,99,99,9,9,99,99,9,9,99,9,99,9,1,6,6,1,23,5,-1,-1,-1,-1,2,E01001755,0,1
2024010490609,2024,010490609,1,9,9,99,99,9,9,99,99,9,9,99,9,99,9,9,6,6,3,-1,-1,-1,-1,-1,-1,-1,-1,0,-1
2024361496493,2024,361496493,1,9,0,-1,5,7,7,-1,0,0,1,0,7,9,1,1,-1,6,1,64,9,-1,-1,-1,-1,-1,-1,0,-1
2024221514702,2024,221514702,2,1,0,-1,19,6,2,-1,0,0,0,0,0,0,3,1,-1,6,2,42,7,-1,-1,-1,-1,-1,-1,0,-1
2024131491648,2024,131491648,2,9,0,-1,5,5,1,-1,0,8,0,0,0,0,0,1,-1,9,1,22,5,-1,-1,-1,-1,6,E01011273,0,1
2024332400451,2024,332400451,2,9,0,-1,3,6,2,-1,0,0,0,0,0,0,2,1,-1,6,1,30,6,-1,-1,-1,-1,-1,-1,0,-1
2024311511409,2024,311511409,1,-1,0,-1,19,2,7,-1,5,0,0,0,0,0,1,1,-1,9,1,16,4,-1,-1,-1,-1,1,E01013940,1,1
2024311412131,2024,311412131,1,1,0,-1,19,1,5,-1,0,8,0,0,0,0,1,1,-1,6,1,65,9,-1,-1,-1,-1,8,E01028417,0,1
2024010489072,2024,010489072,2,98,0,99,99,9,9,99,99,9,9,99,9,99,9,9,6,6,3,-1,-1,-1,-1,-1,-1,-1,-1,0,-1
2024520401409,2024,520401409,1,9,0,12,12,3,8,0,0,8,0,0,0,0,3,1,6,6,2,64,9,-1,-1,-1,-1,5,E01029054,0,3
2024161525389,2024,161525389,1,1,0,-1,19,7,3,-1,0,2,0,8,0,0,1,1,-1,6,1,37,7,-1,-1,-1,-1,7,E01012811,0,1
2024552400788,2024,552400788,1,9,0,18,19,4,8,0,0,8,0,0,0,0,1,1,6,6,1,76,11,-1,-1,-1,-1,8,E01020504,0,2
2024421481536,2024,421481536,2,9,0,-1,2,0,0,-1,0,1,0,0,0,0,4,1,-1,6,-1,-1,-1,-1,-1,-1,-1,-1,-1,0,-1
2024061512409,2024,061512409,1,1,0,-1,14,4,8,-1,0,8,0,0,0,0,1,1,-1,9,1,15,3,-1,-1,-1,-1,3,E01006340,0,1
2024340WN5252,2024,340WN5252,1,9,0,-1,5,7,3,-1,0,0,0,0,0,0,1,1,-1,9,2,22,5,-1,-1,-1,-1,4,E01027252,0,1
2024061496388,2024,061496388,2,19,0,-1,2,-1,-1,-1,0,8,0,0,0,0,0,1,-1,6,3,-1,-1,-1,-1,-1,-1,-1,-1,0,-1
2024221417425,2024,221417425,3,9,0,-1,2,0,0,-1,9,1,0,0,0,0,2,2,-1,6,1,58,9,-1,-1,-1,-1,6,E01032383,0,1
2024010489420,2024,010489420,2,9,0,99,99,9,9,99,99,9,9,99,9,99,1,9,6,6,3,41,7,-1,-1,-1,-1,2,E01003304,0,1
2024010540444,2024,010540444,1,1,9,99,99,9,9,99,99,9,9,99,9,99,9,1,2,2,1,63,9,-1,-1,-1,-1,2,E01003066,0,1
2024010489235,2024,010489235,2,8,0,99,99,9,9,99,99,9,9,99,9,99,9,9,6,6,3,-1,-1,-1,-1,-1,-1,3,E01003589,0,1
2024320563920,2024,320563920,1,1,0,-1,-1,6,2,0,0,8,2,0,0,0,1,1,6,6,1,18,4,-1,-1,-1,-1,2,E01026166,0,1
2024520403447,2024,520403447,2,9,0,18,19,4,8,0,0,0,0,0,0,0,1,1,6,6,1,26,6,-1,-1,-1,-1,7,E01029092,0,1
2024361522462,2024,361522462,2,9,0,-1,19,2,6,-1,0,0,0,0,0,0,3,1,-1,9,1,49,8,-1,-1,-1,-1,6,E01026615,0,2
2024061465047,2024,061465047,2,1,0,-1,4,7,3,-1,4,1,0,0,0,0,1,1,-1,9,2,65,9,-1,-1,-1,-1,1,E01005082,0,1
2024061518981,2024,061518981,1,1,0,-1,19,-1,-1,-1,4,8,0,0,0,0,1,1,-1,6,2,29,6,-1,-1,-1,-1,1,E01033674,0,1
2024610045024,2024,610045024,1,9,0,18,19,1,5,0,0,8,0,0,0,0,1,1,6,6,1,41,7,-1,-1,-1,-1,5,W01001615,0,1
2024401425827,2024,401425827,2,-1,0,-1,7,6,8,-1,0,1,0,0,0,0,1,1,-1,6,1,16,4,-1,-1,-1,-1,4,E01017522,1,1
2024010533084,2024,010533084,1,9,0,18,19,6,2,0,0,2,0,0,0,0,1,1,6,6,1,-1,-1,-1,-1,-1,-1,-1,-1,0,-1
2024010492987,2024,010492987,1,9,0,18,19,5,1,0,0,1,0,0,0,0,0,1,1,1,1,34,6,-1,-1,-1,-1,3,E01002612,0,1
2024122401042,2024,122401042,2,9,0,4,4,2,6,0,0,0,0,0,0,0,2,1,6,6,2,35,6,-1,-1,-1,-1,2,E01011313,0,4
2024010487873,2024,010487873,1,9,0,18,19,7,3,0,0,1,0,12,0,0,1,1,6,6,3,-1,-1,-1,-1,-1,-1,-1,-1,0,-1
2024231463799,2024,231463799,2,9,0,-1,19,5,1,-1,0,0,0,0,0,0,1,1,-1,9,2,37,7,-1,-1,-1,-1,6,E01031048,0,1
2024041423645,2024,041423645,1,9,0,-1,19,7,3,-1,0,0,0,4,0,0,3,1,-1,9,2,72,10,-1,-1,-1,-1,2,E01012677,0,1
2024421436882,2024,421436882,2,9,0,-1,10,5,3,-1,0,1,0,0,0,0,2,1,-1,6,1,25,5,-1,-1,-1,-1,10,E01023516,0,3
2024111522326,2024,111522326,2,9,0,-1,19,3,7,-1,0,1,0,0,0,0,1,1,-1,9,1,25,5,-1,-1,-1,-1,2,E01008719,0,1
2024201547850,2024,201547850,2,9,0,-1,5,8,4,-1,0,1,0,0,0,0,3,9,-1,6,1,-1,-1,-1,-1,-1,-1,-1,-1,0,-1
2024520401251,2024,520401251,1,9,0,18,19,1,5,0,0,0,0,0,0,0,3,1,6,6,2,32,6,-1,-1,-1,-1,6,E01029320,0,4
2024061409304,2024,061409304,1,-1,0,-1,-1,-1,-1,-1,-1,-1,-1,-1,-1,0,-1,1,-1,6,1,61,9,-1,-1,-1,-1,1,E01005124,1,1
2024320475876,2024,320475876,1,9,0,-1,-1,5,1,0,0,0,0,0,0,0,1,1,6,6,3,-1,-1,-1,-1,-1,-1,-1,-1,0,-1
2024010496659,2024,010496659,1,9,0,99,99,9,9,99,99,9,9,99,9,99,9,9,6,6,2,28,6,-1,-1,-1,-1,4,E01002315,0,1
2024010489766,2024,010489766,1,1,9,99,99,9,9,99,99,9,9,99,9,99,9,1,3,7,2,45,7,-1,-1,-1,-1,3,E01004400,0,1
2024041441071,2024,041441071,1,9,0,-1,19,7,3,-1,0,0,0,0,0,0,1,9,-1,6,3,-1,-1,-1,-1,-1,-1,-1,-1,0,-1
2024041510157,2024,041510157,2,9,0,-1,9,1,1,-1,0,0,0,0,0,0,1,1,-1,2,1,26,6,-1,-1,-1,-1,9,E01025319,0,3
2024010526032,2024,010526032,1,1,0,5,5,1,5,4,4,1,0,0,0,0,2,1,6,6,2,28,6,-1,-1,-1,-1,4,E01004212,0,1
2024421433402,2024,421433402,1,9,0,-1,5,8,4,-1,0,0,1,0,0,0,1,1,-1,6,1,24,5,-1,-1,-1,-1,8,E01021515,0,3
2024010551386,2024,010551386,1,1,0,18,19,1,5,0,0,0,0,0,0,0,1,1,6,6,1,22,5,-1,-1,-1,-1,9,E01003859,0,1
2024552401146,2024,552401146,1,19,0,18,19,6,2,0,0,3,0,0,0,0,1,1,1,1,2,47,8,-1,-1,-1,-1,7,E01015368,0,1
2024401449702,2024,401449702,1,9,0,-1,9,1,7,-1,0,5,0,0,0,0,3,1,-1,6,1,-1,-1,-1,-1,-1,-1,-1,-1,0,-1
2024010510808,2024,010510808,1,1,9,18,19,9,9,4,4,9,9,10,9,99,9,1,2,2,1,63,9,-1,-1,-1,-1,10,E01004478,0,1
2024552401527,2024,552401527,1,9,0,9,9,5,3,0,0,6,0,0,0,0,3,1,6,6,1,38,7,-1,-1,-1,-1,6,E01020549,0,1
2024010510966,2024,010510966,1,1,9,99,99,9,9,99,99,9,9,99,9,99,1,1,6,6,1,25,5,-1,-1,-1,-1,3,E01003972,0,2
2024471474109,2024,471474109,2,9,0,-1,19,3,7,-1,0,0,0,0,1,0,1,1,-1,2,1,57,9,-1,-1,-1,-1,6,E01034824,0,3
2024161497590,2024,161497590,3,19,9,-1,19,-1,-1,-1,0,0,9,99,9,0,0,9,-1,6,3,-1,-1,-1,-1,-1,-1,-1,-1,0,-1
2024201405202,2024,201405202,1,9,0,-1,9,7,5,-1,0,5,0,0,0,0,1,9,-1,6,1,-1,-1,-1,-1,-1,-1,-1,-1,0,-1
2024221531271,2024,221531271,1,8,0,-1,9,8,6,-1,0,6,0,0,0,0,1,1,-1,6,1,31,6,-1,-1,-1,-1,1,E01034939,0,4
2024320224873,2024,320224873,1,9,0,-1,-1,4,8,0,0,0,0,0,0,0,1,1,6,6,3,-1,-1,-1,-1,-1,-1,-1,-1,0,-1
2024010510803,2024,010510803,1,1,9,99,99,9,9,99,99,9,9,99,9,99,9,1,2,2,1,32,6,-1,-1,-1,-1,3,E01003298,0,1
2024221509767,2024,221509767,1,9,0,-1,13,2,6,-1,0,0,0,0,0,0,0,9,-1,6,3,26,6,-1,-1,-1,-1,-1,-1,0,-1
2024401477359,2024,401477359,2,1,0,-1,19,3,7,-1,0,8,2,0,1,0,1,1,-1,1,1,39,7,-1,-1,-1,-1,3,E01017515,0,1
2024010548032,2024,010548032,1,9,0,99,99,9,9,99,99,9,9,99,9,99,2,9,6,6,3,-1,-1,-1,-1,-1,-1,-1,-1,0,-1
2024421422344,2024,421422344,1,21,1,-1,19,4,8,-1,0,0,0,0,0,0,3,2,-1,1,1,-1,-1,-1,-1,-1,-1,-1,-1,0,-1
2024010521207,2024,010521207,2,1,0,5,5,3,7,0,0,1,0,0,0,0,1,1,6,6,1,71,10,-1,-1,-1,-1,5,E01000375,0,1
2024440140321,2024,440140321,1,2,0,18,19,1,5,0,0,6,0,0,0,0,3,1,6,6,1,16,4,-1,-1,-1,-1,4,E01022800,0,1
2024451500307,2024,451500307,1,1,0,-1,19,1,5,-1,0,6,0,0,0,0,1,1,-1,6,1,21,5,-1,-1,-1,-1,10,E01030623,0,1
2024010505432,2024,010505432,2,9,9,99,99,9,9,99,99,9,9,99,9,99,1,9,6,6,3,-1,-1,-1,-1,-1,-1,6,E01030653,0,3
2024010517721,2024,010517721,1,9,0,99,99,9,9,99,99,9,9,99,9,99,1,9,6,6,3,-1,-1,-1,-1,-1,-1,-1,-1,0,-1
2024010493898,2024,010493898,2,9,0,99,99,9,9,99,99,9,9,99,9,99,1,9,6,6,3,-1,-1,-1,-1,-1,-1,-1,-1,0,-1
2024430297502,2024,430297502,2,9,0,18,19,6,2,0,0,0,0,0,0,0,3,1,6,6,3,-1,-1,-1,-1,-1,-1,-1,-1,0,-1
2024010503533,2024,010503533,2,90,0,99,99,9,9,99,99,9,9,99,9,99,1,9,6,6,3,-1,-1,-1,-1,-1,-1,-1,-1,0,-1
2024351457131,2024,351457131,1,9,0,-1,19,1,7,-1,0,6,0,0,0,0,2,1,-1,6,1,65,9,-1,-1,-1,-1,8,E01027160,0,4
2024131502878,2024,131502878,2,1,0,-1,4,5,1,-1,0,8,5,0,0,0,1,1,-1,6,1,10,2,-1,-1,-1,-1,4,E01010603,0,1