collision_index,collision_year,collision_ref_no,vehicle_reference,vehicle_type,towing_and_articulation,vehicle_manoeuvre_historic,vehicle_manoeuvre,vehicle_direction_from,vehicle_direction_to,vehicle_location_restricted_lane_historic,vehicle_location_restricted_lane,junction_location,skidding_and_overturning,hit_object_in_carriageway,vehicle_leaving_carriageway,hit_object_off_carriageway,first_point_of_impact,vehicle_left_hand_drive,journey_purpose_of_driver_historic,journey_purpose_of_driver,sex_of_driver,age_of_driver,age_band_of_driver,engine_capacity_cc,propulsion_code,age_of_vehicle,generic_make_model,driver_imd_decile,lsoa_of_driver,escooter_flag,driver_distance_banding
2024231511169,2024,231511169,1,1,0,-1,19,6,2,-1,0,8,0,0,0,0,4,1,-1,6,1,20,4,-1,-1,-1,-1,10,E01031259,0,1
2024061532639,2024,061532639,2,1,-1,-1,19,5,1,-1,0,8,0,0,0,0,4,1,-1,6,1,15,3,-1,-1,-1,-1,1,E01005781,0,1
2024311430094,2024,311430094,1,9,0,-1,7,8,2,-1,0,5,0,0,0,0,4,1,-1,6,3,-1,-1,-1,-1,-1,-1,-1,-1,0,-1
2024131535245,2024,131535245,1,1,0,-1,19,1,5,-1,0,1,0,0,0,0,1,1,-1,6,1,27,6,-1,-1,-1,-1,1,E01011735,0,1
2024401466461,2024,401466461,1,98,-1,-1,11,6,2,-1,0,0,0,0,0,0,0,9,-1,1,3,-1,-1,-1,-1,-1,-1,-1,-1,0,-1
2024991438266,2024,991438266,2,1,0,-1,19,5,1,-1,0,0,0,0,0,0,1,1,-1,1,1,36,7,-1,-1,-1,-1,2,-1,0,1
2024201434675,2024,201434675,1,9,0,-1,19,8,4,-1,0,0,0,0,0,0,1,1,-1,6,2,30,6,-1,-1,-1,-1,1,E01032888,0,2
2024122400590,2024,122400590,2,1,0,18,19,3,7,0,0,0,0,0,0,0,1,1,6,6,1,28,6,-1,-1,-1,-1,5,E01027829,0,1
2024471435884,2024,471435884,2,9,0,-1,-1,-1,-1,-1,0,1,-1,-1,-1,0,-1,9,-1,6,1,-1,-1,-1,-1,-1,-1,-1,-1,0,-1
2024131440071,2024,131440071,1,1,0,-1,19,1,5,-1,9,0,0,0,0,0,1,1,-1,6,1,12,3,-1,-1,-1,-1,1,E01011340,0,1
2024552401260,2024,552401260,2,3,0,3,3,8,4,0,0,8,0,0,0,0,2,1,6,6,1,24,5,-1,-1,-1,-1,5,E01015461,0,2
2024010531392,2024,010531392,2,5,0,15,15,3,7,2,2,1,1,0,1,10,4,1,1,1,1,26,6,-1,-1,-1,-1,-1,-1,0,-1
2024361477660,2024,361477660,3,1,0,-1,19,5,7,-1,0,2,2,0,0,0,0,1,-1,9,2,65,9,-1,-1,-1,-1,7,E01026881,0,1
2024461466096,2024,461466096,1,3,0,-1,14,8,4,-1,0,1,0,0,0,0,1,1,-1,6,3,20,4,-1,-1,-1,-1,-1,-1,0,-1
2024010542004,2024,010542004,1,9,0,18,19,3,7,0,0,2,0,0,0,0,1,1,6,6,2,81,11,-1,-1,-1,-1,9,E01004135,0,1
2024471404451,2024,471404451,2,9,0,-1,19,5,1,-1,0,8,0,0,0,0,1,1,-1,1,2,50,8,-1,-1,-1,-1,9,E01031505,0,1
2024440058209,2024,440058209,1,9,0,18,19,5,1,0,0,0,5,0,1,1,4,1,6,6,1,20,4,-1,-1,-1,-1,8,E01017814,0,4
2024131516335,2024,131516335,1,9,0,-1,-1,-1,-1,-1,-1,-1,-1,-1,-1,-1,-1,1,-1,6,3,-1,-1,-1,-1,-1,-1,-1,-1,0,-1
2024101397007,2024,101397007,3,1,0,-1,10,1,7,-1,0,0,0,0,0,0,2,1,-1,6,2,34,6,-1,-1,-1,-1,9,E01008378,0,1
2024061513252,2024,061513252,2,9,0,-1,19,-1,-1,-1,0,2,0,0,0,0,1,1,-1,6,3,-1,-1,-1,-1,-1,-1,-1,-1,0,-1
2024141459327,2024,141459327,1,9,-1,-1,19,-1,-1,-1,0,1,0,0,0,0,1,9,-1,6,3,-1,-1,-1,-1,-1,-1,-1,-1,0,-1
2024461401616,2024,461401616,1,19,0,-1,9,6,2,-1,0,5,0,0,0,0,1,9,-1,9,1,-1,-1,-1,-1,-1,-1,1,E01024611,0,4
2024010512688,2024,010512688,2,9,9,99,99,9,9,99,99,9,9,99,9,99,1,9,6,6,3,-1,-1,-1,-1,-1,-1,-1,-1,0,-1
2024211403552,2024,211403552,1,9,0,-1,19,8,4,-1,0,0,0,0,0,0,1,9,-1,6,1,57,9,-1,-1,-1,-1,10,E01029572,0,1
2024522401187,2024,522401187,1,-1,0,18,19,5,1,0,0,8,0,0,0,0,1,1,6,6,1,25,5,-1,-1,-1,-1,4,E01014904,1,1
2024471431187,2024,471431187,3,9,0,-1,19,3,7,-1,0,1,0,0,0,0,0,9,-1,6,2,37,7,-1,-1,-1,-1,8,E01030529,0,2
2024010505054,2024,010505054,2,19,0,99,99,9,9,99,99,9,9,99,9,99,1,9,6,6,3,-1,-1,-1,-1,-1,-1,-1,-1,0,-1
2024122401236,2024,122401236,2,1,0,18,19,5,1,0,0,0,0,0,0,0,2,1,3,7,1,49,8,-1,-1,-1,-1,8,E01013391,0,1
2024010516949,2024,010516949,1,9,0,9,9,5,3,0,0,8,0,0,0,0,0,1,6,6,3,-1,-1,-1,-1,-1,-1,-1,-1,0,-1
2024010540414,2024,010540414,1,1,9,99,99,9,9,99,99,9,9,99,9,99,9,1,1,1,1,18,4,-1,-1,-1,-1,2,E01032744,0,1
2024320463038,2024,320463038,1,9,0,-1,-1,2,4,0,0,0,0,0,0,0,1,1,-1,-1,1,51,8,-1,-1,-1,-1,9,E01026139,0,4
2024010523583,2024,010523583,1,1,9,99,99,9,9,99,99,9,9,99,9,99,0,1,6,6,1,31,6,-1,-1,-1,-1,7,E01024158,0,4
2024340WN3272,2024,340WN3272,2,9,0,-1,2,0,0,-1,0,0,0,0,0,0,2,1,-1,6,3,-1,-1,-1,-1,-1,-1,-1,-1,0,-1
2024471474868,2024,471474868,1,8,-1,-1,-1,-1,-1,-1,0,2,0,0,0,0,-1,9,-1,6,3,-1,-1,-1,-1,-1,-1,-1,-1,0,-1
2024471489739,2024,471489739,2,1,0,-1,19,8,4,-1,0,8,0,4,0,0,2,1,-1,6,1,-1,-1,-1,-1,-1,-1,-1,-1,0,-1
2024010503502,2024,010503502,2,1,0,18,19,7,3,1,1,1,0,0,0,0,1,1,6,6,1,22,5,-1,-1,-1,-1,7,E01000701,0,1
2024010515906,2024,010515906,2,1,0,18,19,5,1,5,5,1,0,0,0,0,1,1,6,6,1,54,8,-1,-1,-1,-1,4,E01000621,0,2
2024991435976,2024,991435976,1,1,0,-1,19,5,1,-1,0,8,0,0,0,0,0,1,-1,9,1,74,10,-1,-1,-1,-1,8,-1,0,1
2024302400219,2024,302400219,2,22,0,18,19,2,6,0,0,0,0,0,0,0,3,1,6,6,2,49,8,-1,-1,-1,-1,2,E01013521,0,1
2024010546195,2024,010546195,2,1,0,-1,-1,7,3,0,0,8,0,0,0,0,4,1,6,6,1,19,4,-1,-1,-1,-1,5,E01002454,0,1
2024010508273,2024,010508273,1,1,0,9,9,7,5,9,9,1,0,0,0,0,2,1,2,2,2,28,6,-1,-1,-1,-1,2,E01033713,0,2
2024010499178,2024,010499178,2,9,0,99,99,9,9,0,0,0,9,99,9,99,1,9,6,6,3,-1,-1,-1,-1,-1,-1,-1,-1,0,-1
2024010567435,2024,010567435,1,1,9,99,99,9,9,99,99,9,9,99,9,99,9,1,6,6,1,30,6,-1,-1,-1,-1,6,E01000549,0,3
2024010543765,2024,010543765,1,9,0,3,3,9,9,99,99,9,9,99,9,99,2,9,6,6,1,38,7,-1,-1,-1,-1,2,E01004324,0,1
2024010487897,2024,010487897,2,3,0,5,5,0,3,0,0,8,5,0,0,0,3,1,1,1,1,37,7,-1,-1,-1,-1,3,E01035657,0,1
2024461485257,2024,461485257,1,9,0,-1,5,3,5,-1,0,0,0,0,0,0,1,9,-1,6,2,34,6,-1,-1,-1,-1,8,E01024438,0,2
2024221413483,2024,221413483,2,9,0,-1,4,5,2,-1,0,1,0,0,0,0,2,1,-1,6,1,70,10,-1,-1,-1,-1,6,E01032283,0,2
2024101523129,2024,101523129,2,9,0,-1,19,2,6,-1,0,8,0,0,0,0,4,1,-1,6,1,64,9,-1,-1,-1,-1,1,E01008333,0,1
2024991476525,2024,991476525,2,1,0,-1,19,1,5,-1,4,1,0,0,0,0,4,1,-1,6,1,26,6,-1,-1,-1,-1,-1,-1,0,-1
2024010487986,2024,010487986,2,1,0,18,19,6,2,0,0,1,0,0,0,0,1,1,6,6,2,27,6,-1,-1,-1,-1,4,E01001953,0,1
2024010524273,2024,010524273,1,1,9,99,99,9,9,99,99,9,9,99,9,99,9,1,6,6,1,33,6,-1,-1,-1,-1,9,E01004546,0,1
2024010493502,2024,010493502,1,9,0,18,19,3,7,0,0,2,0,0,0,0,4,1,2,2,1,44,7,-1,-1,-1,-1,6,E01000159,0,2
2024010521584,2024,010521584,2,90,0,9,9,5,3,0,0,8,0,0,0,0,1,1,2,2,2,44,7,-1,-1,-1,-1,6,E01002674,0,1
2024211511557,2024,211511557,2,1,0,-1,19,7,3,-1,0,1,0,0,0,0,1,1,-1,9,1,15,3,-1,-1,-1,-1,3,E01029752,0,1
2024421461920,2024,421461920,3,9,0,-1,10,4,1,-1,0,1,0,0,0,0,1,1,-1,6,2,61,9,-1,-1,-1,-1,10,E01021447,0,2
2024622400451,2024,622400451,3,9,0,3,3,8,4,0,0,0,0,0,0,0,2,1,6,6,1,26,6,-1,-1,-1,-1,5,W01000505,0,3
2024131424625,2024,131424625,1,9,0,-1,19,4,8,-1,0,0,0,0,0,0,1,1,-1,6,3,-1,-1,-1,-1,-1,-1,-1,-1,0,-1
2024340NN0862,2024,340NN0862,2,9,0,-1,19,5,1,-1,0,0,0,0,0,0,3,1,-1,9,2,34,6,-1,-1,-1,-1,7,E01035395,0,1
2024201444722,2024,201444722,1,9,0,-1,19,1,5,-1,0,8,0,0,0,0,1,1,-1,6,3,50,8,-1,-1,-1,-1,-1,-1,0,-1
2024201413327,2024,201413327,2,9,0,-1,19,5,1,-1,0,0,0,0,0,0,3,1,-1,6,2,40,7,-1,-1,-1,-1,3,E01009597,0,1
2024411437109,2024,411437109,1,1,0,-1,19,4,8,-1,0,6,0,0,0,0,1,1,-1,6,1,-1,-1,-1,-1,-1,-1,-1,-1,0,-1
2024010495405,2024,010495405,2,9,0,99,99,9,9,99,99,0,9,99,9,99,9,9,6,6,3,60,9,-1,-1,-1,-1,9,E01000452,0,1
2024010496102,2024,010496102,2,9,0,99,99,9,9,99,99,9,9,99,9,99,1,9,6,6,3,-1,-1,-1,-1,-1,-1,6,E01001295,0,2
2024221398621,2024,221398621,1,9,0,-1,9,2,8,-1,0,1,0,0,0,0,1,9,-1,6,1,75,10,-1,-1,-1,-1,-1,-1,0,-1
2024401455713,2024,401455713,2,9,0,-1,19,1,5,-1,0,1,0,0,0,0,4,1,-1,6,2,55,8,-1,-1,-1,-1,3,E01017568,0,1
2024430386401,2024,430386401,2,1,0,16,19,1,4,0,0,0,0,0,1,9,2,1,2,2,2,64,9,-1,-1,-1,-1,-1,-1,0,-1
2024010512140,2024,010512140,2,9,0,1,1,5,1,0,0,0,0,0,0,0,4,1,6,6,2,57,9,-1,-1,-1,-1,2,E01004239,0,2
2024991535609,2024,991535609,2,9,0,-1,19,4,8,-1,0,1,0,0,0,0,1,1,-1,9,2,26,6,-1,-1,-1,-1,10,-1,0,1
2024161449825,2024,161449825,2,9,0,-1,4,8,5,-1,0,1,0,0,0,0,3,9,-1,6,2,60,9,-1,-1,-1,-1,-1,-1,0,-1
2024070851391,2024,070851391,1,1,9,-1,19,6,2,-1,0,1,0,0,0,0,1,1,-1,6,1,10,2,-1,-1,-1,-1,-1,-1,0,-1
2024340NN4532,2024,340NN4532,2,9,0,-1,19,5,1,-1,0,1,0,0,0,0,2,1,-1,6,1,38,7,-1,-1,-1,-1,7,E01027344,0,2
2024461411727,2024,461411727,1,21,1,-1,12,6,2,-1,0,0,0,0,0,0,3,2,-1,1,1,38,7,-1,-1,-1,-1,-1,-1,0,-1
2024131533696,2024,131533696,1,1,0,-1,19,5,1,-1,9,0,0,0,0,0,0,1,-1,9,2,14,3,-1,-1,-1,-1,5,E01010788,0,1
2024991500772,2024,991500772,1,9,0,-1,7,8,5,-1,0,2,0,0,7,4,3,1,-1,2,1,24,5,-1,-1,-1,-1,-1,-1,0,-1
2024440145880,2024,440145880,1,-1,0,18,19,4,8,9,9,0,0,0,0,0,1,1,6,6,1,-1,-1,-1,-1,-1,-1,-1,-1,1,-1
2024010536734,2024,010536734,1,1,9,99,99,9,9,99,99,9,9,99,9,99,9,1,6,6,2,18,4,-1,-1,-1,-1,2,E01001765,0,1
2024552401435,2024,552401435,1,9,0,4,4,3,7,0,0,0,0,0,0,0,1,1,6,6,1,20,4,-1,-1,-1,-1,5,E01020512,0,2
2024552401058,2024,552401058,3,9,0,4,4,8,4,0,0,0,0,0,0,0,2,1,6,6,1,46,8,-1,-1,-1,-1,9,E01020419,0,3
2024351495357,2024,351495357,1,1,0,-1,19,1,5,-1,4,4,0,0,0,0,4,1,-1,2,1,23,5,-1,-1,-1,-1,5,E01017967,0,1
2024430015220,2024,430015220,2,9,0,18,19,2,6,0,0,0,0,0,0,0,2,1,2,2,2,31,6,-1,-1,-1,-1,9,E01035734,0,2
2024122400371,2024,122400371,2,9,0,18,19,6,2,0,0,1,0,0,0,0,1,1,6,6,3,-1,-1,-1,-1,-1,-1,-1,-1,0,-1
2024451454320,2024,451454320,1,1,0,-1,19,2,6,-1,0,0,0,0,0,0,1,1,-1,9,1,49,8,-1,-1,-1,-1,10,E01030353,0,2
2024421406986,2024,421406986,1,1,0,-1,7,2,4,-1,0,5,1,0,0,0,4,1,-1,9,1,54,8,-1,-1,-1,-1,10,E01021580,0,1
2024332400518,2024,332400518,2,1,0,-1,19,5,1,-1,0,8,0,0,0,0,2,1,-1,6,1,18,4,-1,-1,-1,-1,1,E01013601,0,1
2024010492394,2024,010492394,2,19,0,18,19,1,5,0,0,1,0,0,0,0,1,1,1,1,1,32,6,-1,-1,-1,-1,7,E01000871,0,2
2024141422790,2024,141422790,1,9,0,-1,19,2,2,-1,0,0,0,4,0,0,1,1,-1,2,2,-1,-1,-1,-1,-1,-1,6,E01007455,0,2
2024547661124,2024,547661124,2,9,0,18,19,6,1,0,0,1,0,0,0,0,1,1,6,6,2,35,6,-1,-1,-1,-1,1,E01015541,0,1
202454A201524,2024,54A201524,2,22,0,18,19,1,5,9,9,1,5,0,0,0,1,1,6,6,2,62,9,-1,-1,-1,-1,5,E01032090,0,1
2024461523178,2024,461523178,2,9,0,-1,4,2,8,-1,0,1,0,0,0,0,2,2,-1,9,1,52,8,-1,-1,-1,-1,-1,-1,0,-1
2024471423900,2024,471423900,3,9,-1,-1,4,4,8,-1,0,0,0,0,0,0,0,9,-1,6,3,-1,-1,-1,-1,-1,-1,-1,-1,0,-1
2024430307643,2024,430307643,1,1,0,18,19,4,8,0,0,1,0,0,0,0,2,1,6,6,1,76,11,-1,-1,-1,-1,10,E01016702,0,1
2024340WN2942,2024,340WN2942,1,9,0,-1,19,1,5,-1,0,0,0,0,7,0,1,1,-1,6,3,-1,-1,-1,-1,-1,-1,-1,-1,0,-1
2024010499825,2024,010499825,2,9,0,99,99,9,9,99,99,9,9,99,9,99,1,9,6,6,3,-1,-1,-1,-1,-1,-1,-1,-1,0,-1
2024010499313,2024,010499313,1,1,9,99,99,9,9,99,99,0,9,99,9,99,9,1,2,2,1,53,8,-1,-1,-1,-1,7,E01033927,0,3
2024201534881,2024,201534881,2,9,0,-1,19,6,3,-1,0,3,1,0,7,3,4,1,-1,6,1,19,4,-1,-1,-1,-1,1,E01009377,0,1
2024461442974,2024,461442974,3,9,0,-1,14,3,7,-1,0,0,0,4,0,0,1,9,-1,6,3,50,8,-1,-1,-1,-1,-1,-1,0,-1
2024501395364,2024,501395364,2,9,0,-1,19,1,3,-1,0,0,1,0,0,0,1,9,-1,6,-1,-1,-1,-1,-1,-1,-1,-1,-1,0,-1
2024201466296,2024,201466296,2,-1,0,-1,13,7,3,-1,0,8,0,7,7,0,1,9,-1,6,1,-1,-1,-1,-1,-1,-1,1,E01009445,1,1
2024522500358,2024,522500358,2,9,0,2,2,0,0,0,0,0,0,0,0,0,3,1,6,6,3,-1,-1,-1,-1,-1,-1,-1,-1,0,-1
2024421482752,2024,421482752,2,1,0,-1,19,4,7,-1,0,1,0,0,0,0,4,1,-1,6,1,39,7,-1,-1,-1,-1,3,E01015907,0,1
2024522402399,2024,522402399,2,98,0,18,19,9,9,0,0,8,0,0,0,0,9,1,6,6,3,-1,-1,-1,-1,-1,-1,-1,-1,0,-1
2024041520877,2024,041520877,1,9,0,-1,7,2,6,-1,0,3,0,0,0,0,1,1,-1,6,1,25,5,-1,-1,-1,-1,8,E01025277,0,1
2024010489463,2024,010489463,1,1,9,99,99,9,9,99,99,9,9,99,9,99,9,1,6,6,3,-1,-1,-1,-1,-1,-1,-1,-1,0,-1
2024010520614,2024,010520614,2,1,0,18,19,7,3,0,0,1,0,0,0,0,3,1,6,6,1,59,9,-1,-1,-1,-1,2,E01004423,0,2
2024010488029,2024,010488029,2,9,0,99,99,9,9,99,99,9,9,99,9,99,1,9,6,6,3,-1,-1,-1,-1,-1,-1,-1,-1,0,-1
2024522500160,2024,522500160,1,1,0,18,19,4,8,0,0,1,0,0,0,0,1,1,6,6,1,23,5,-1,-1,-1,-1,5,E01014530,0,1
2024010542428,2024,010542428,1,9,0,9,9,1,7,0,0,3,0,0,0,0,1,1,6,6,1,-1,-1,-1,-1,-1,-1,-1,-1,0,-1
2024451465212,2024,451465212,2,90,0,-1,19,7,7,-1,0,0,0,0,0,0,0,1,-1,6,-1,56,9,-1,-1,-1,-1,-1,-1,0,-1
2024430277641,2024,430277641,2,1,0,9,9,7,5,0,0,8,0,0,0,0,4,1,6,6,1,52,8,-1,-1,-1,-1,9,E01003859,0,4
2024010535558,2024,010535558,1,1,9,18,19,1,5,99,99,6,9,0,0,0,4,1,2,2,1,36,7,-1,-1,-1,-1,2,E01002073,0,1
2024061527062,2024,061527062,2,99,-1,-1,-1,-1,-1,-1,-1,0,-1,-1,-1,0,-1,9,-1,6,3,-1,-1,-1,-1,-1,-1,-1,-1,0,-1
2024010494834,2024,010494834,2,19,0,99,99,9,9,99,99,9,9,99,9,99,4,9,6,6,3,-1,-1,-1,-1,-1,-1,9,E01002983,0,1
2024122500244,2024,122500244,2,1,0,18,19,5,1,4,4,0,0,0,0,0,1,1,2,2,1,52,8,-1,-1,-1,-1,10,E01013417,0,1
2024451507203,2024,451507203,1,9,0,-1,7,7,2,-1,99,5,0,0,0,0,2,1,-1,9,2,46,8,-1,-1,-1,-1,9,E01030340,0,1
202460Q182431,2024,60Q182431,1,9,0,5,5,5,1,0,0,1,1,0,0,0,1,1,1,1,1,40,7,-1,-1,-1,-1,-1,-1,0,-1
2024010540390,2024,010540390,1,9,9,99,99,9,9,99,99,9,9,99,9,99,9,9,6,6,3,-1,-1,-1,-1,-1,-1,-1,-1,0,-1
2024451496866,2024,451496866,2,9,0,-1,19,7,3,-1,0,0,0,0,0,0,1,1,-1,6,1,77,11,-1,-1,-1,-1,8,E01030800,0,2
2024141408432,2024,141408432,2,1,0,-1,19,4,8,-1,0,0,5,0,0,0,4,1,-1,6,1,37,7,-1,-1,-1,-1,2,E01033270,0,1
2024010492939,2024,010492939,1,3,9,99,99,9,9,99,99,9,9,99,9,99,1,1,2,2,1,19,4,-1,-1,-1,-1,3,E01001489,0,4
2024010550875,2024,010550875,1,21,1,18,19,7,3,0,0,0,0,0,0,0,1,2,1,1,1,46,8,-1,-1,-1,-1,-1,-1,0,-1
2024052401747,2024,052401747,3,9,0,2,2,0,0,0,0,0,0,0,0,0,2,1,6,6,3,-1,-1,-1,-1,-1,-1,-1,-1,0,-1
2024461477598,2024,461477598,1,9,0,-1,19,5,7,-1,0,3,0,0,0,0,-1,9,-1,6,3,-1,-1,-1,-1,-1,-1,-1,-1,0,-1
2024302401418,2024,302401418,2,-1,0,18,19,6,2,0,0,8,0,0,0,0,1,1,6,6,1,22,5,-1,-1,-1,-1,3,E01013532,1,1
2024122401120,2024,122401120,2,5,0,13,13,5,1,0,0,0,0,0,7,3,1,1,6,6,1,33,6,-1,-1,-1,-1,8,E01035469,0,4
2024440274523,2024,440274523,2,9,0,18,19,8,4,0,0,0,0,0,0,0,3,1,6,6,3,-1,-1,-1,-1,-1,-1,-1,-1,0,-1
2024201457334,2024,201457334,1,9,0,-1,19,4,8,-1,0,0,0,0,0,0,1,1,-1,6,1,43,7,-1,-1,-1,-1,5,E01031078,0,1
2024371479120,2024,371479120,1,19,0,-1,15,8,4,-1,0,0,0,0,0,0,4,1,-1,6,-1,-1,-1,-1,-1,-1,-1,-1,-1,0,-1
2024010535032,2024,010535032,2,1,9,99,99,9,9,99,99,9,9,99,9,99,1,1,6,6,3,-1,-1,-1,-1,-1,-1,-1,-1,0,-1
2024122400271,2024,122400271,2,1,0,18,19,6,2,0,0,8,0,0,0,0,1,1,2,2,2,33,6,-1,-1,-1,-1,7,E01033068,0,1
2024430339650,2024,430339650,1,9,0,18,19,4,8,0,0,1,0,0,0,0,1,1,6,6,3,-1,-1,-1,-1,-1,-1,-1,-1,0,-1
2024211533062,2024,211533062,4,9,0,-1,2,0,0,-1,0,0,0,0,0,0,2,1,-1,6,1,19,4,-1,-1,-1,-1,-1,-1,0,-1
2024010498133,2024,010498133,1,9,0,99,99,9,9,99,99,0,9,99,9,99,1,9,6,6,3,-1,-1,-1,-1,-1,-1,-1,-1,0,-1
2024131401360,2024,131401360,1,19,0,-1,19,1,5,-1,0,0,0,0,0,0,3,1,-1,2,1,41,7,-1,-1,-1,-1,2,E01011837,0,1
2024552400478,2024,552400478,1,9,0,5,5,2,6,0,0,6,0,0,0,0,1,1,6,6,2,33,6,-1,-1,-1,-1,6,E01020550,0,2
2024461506801,2024,461506801,2,97,0,-1,19,1,5,-1,0,0,0,0,0,0,1,1,-1,6,1,34,6,-1,-1,-1,-1,4,E01001002,0,4
2024161494337,2024,161494337,1,9,0,-1,19,5,1,-1,0,0,0,0,0,0,1,1,-1,6,3,-1,-1,-1,-1,-1,-1,-1,-1,0,-1
2024070193153,2024,070193153,2,19,0,10,10,5,3,0,0,2,0,0,0,0,1,1,2,2,1,21,5,-1,-1,-1,-1,10,E01012559,0,1
2024010486825,2024,010486825,2,9,0,5,5,1,5,0,0,8,0,0,0,0,1,1,6,6,3,-1,-1,-1,-1,-1,-1,-1,-1,0,-1
2024401539670,2024,401539670,1,9,0,-1,19,3,7,-1,0,8,0,0,0,0,4,1,-1,6,2,46,8,-1,-1,-1,-1,9,E01015697,0,1
2024010544342,2024,010544342,1,9,9,99,99,9,9,99,99,9,9,99,9,99,9,9,6,6,3,-1,-1,-1,-1,-1,-1,-1,-1,0,-1
2024131513997,2024,131513997,3,9,0,-1,2,0,0,-1,0,8,0,0,0,0,2,1,-1,6,-1,-1,-1,-1,-1,-1,-1,-1,-1,0,-1
2024622400518,2024,622400518,1,1,0,18,19,3,7,0,0,5,0,0,0,0,1,1,6,6,1,9,2,-1,-1,-1,-1,5,W01001088,0,1
2024421495334,2024,421495334,1,9,0,-1,-1,-1,-1,-1,-1,-1,-1,-1,-1,0,-1,9,-1,6,3,-1,-1,-1,-1,-1,-1,-1,-1,0,-1
2024010489273,2024,010489273,1,11,9,99,99,9,9,99,99,0,9,99,9,99,9,1,6,6,3,57,9,-1,-1,-1,-1,4,E01000637,0,2
2024631512796,2024,631512796,2,9,4,-1,19,2,6,-1,0,8,1,0,0,0,1,1,-1,1,1,40,7,-1,-1,-1,-1,1,W01000511,0,3
2024201532925,2024,201532925,2,1,0,-1,19,8,4,-1,0,8,0,0,0,0,1,1,-1,6,1,31,6,-1,-1,-1,-1,1,E01034918,0,1
2024010532060,2024,010532060,1,9,0,18,19,5,1,0,0,0,0,0,0,0,1,1,6,6,3,-1,-1,-1,-1,-1,-1,-1,-1,0,-1
2024010490738,2024,010490738,2,9,0,3,3,7,3,0,0,4,0,0,3,0,1,1,6,6,2,60,9,-1,-1,-1,-1,5,E01001677,0,1
2024461429464,2024,461429464,1,9,0,-1,5,5,1,-1,0,2,0,0,0,0,1,9,-1,6,3,-1,-1,-1,-1,-1,-1,-1,-1,0,-1
2024440520193,2024,440520193,2,9,0,18,19,2,6,0,0,1,0,0,0,0,3,1,6,6,1,64,9,-1,-1,-1,-1,8,E01023089,0,2
2024440340687,2024,440340687,2,1,0,18,19,3,7,0,0,8,0,0,0,0,3,1,6,6,1,57,9,-1,-1,-1,-1,6,E01023179,0,1
2024361440814,2024,361440814,1,9,0,-1,1,8,4,-1,9,0,0,0,0,0,2,2,-1,9,2,78,11,-1,-1,-1,-1,5,E01026679,0,3
2024430066696,2024,430066696,1,19,0,18,19,7,3,0,0,2,0,0,0,0,1,1,6,6,1,42,7,-1,-1,-1,-1,5,E01016398,0,4
2024010504204,2024,010504204,1,9,0,99,99,9,9,99,99,9,9,99,9,99,9,9,6,6,3,-1,-1,-1,-1,-1,-1,-1,-1,0,-1
2024471479360,2024,471479360,1,9,0,-1,19,7,4,-1,0,4,0,0,0,0,1,1,-1,6,1,33,6,-1,-1,-1,-1,4,E01017087,0,4
2024010501815,2024,010501815,2,9,0,2,2,0,0,0,0,0,0,0,0,0,3,1,6,6,3,-1,-1,-1,-1,-1,-1,-1,-1,0,-1
2024010487426,2024,010487426,2,1,0,5,5,7,3,5,5,2,5,0,0,0,4,1,1,1,2,62,9,-1,-1,-1,-1,7,E01000700,0,3
2024010550526,2024,010550526,2,1,0,14,14,3,7,0,0,1,0,0,0,0,1,1,1,1,2,55,8,-1,-1,-1,-1,5,E01000534,0,1
2024501477113,2024,501477113,3,1,0,-1,4,7,3,-1,0,0,0,0,0,0,3,1,-1,6,1,14,3,-1,-1,-1,-1,3,E01015095,0,1
2024610003824,2024,610003824,2,90,0,18,19,6,2,0,0,2,0,0,0,0,1,1,6,6,1,-1,-1,-1,-1,-1,-1,-1,-1,0,-1
2024440372625,2024,440372625,2,9,0,18,19,7,3,0,0,1,0,0,0,0,1,1,6,6,2,78,11,-1,-1,-1,-1,7,E01023057,0,2
2024451484052,2024,451484052,1,9,0,-1,19,1,5,-1,0,0,0,0,0,0,4,1,-1,9,2,50,8,-1,-1,-1,-1,3,E01003056,0,4
2024052401457,2024,052401457,1,1,0,18,19,8,4,0,0,1,0,0,0,0,4,1,4,7,1,12,3,-1,-1,-1,-1,1,E01006638,0,1
2024010556708,2024,010556708,1,1,9,-1,-1,9,9,99,99,0,9,99,9,99,1,1,6,6,1,19,4,-1,-1,-1,-1,2,E01002709,0,1
2024320415924,2024,320415924,1,2,0,-1,-1,8,4,0,0,0,5,0,0,0,1,1,6,6,1,16,4,-1,-1,-1,-1,-1,-1,0,-1
2024131445357,2024,131445357,2,9,0,-1,7,3,7,-1,0,0,0,0,0,0,-1,1,-1,6,3,-1,-1,-1,-1,-1,-1,-1,-1,0,-1
2024610001824,2024,610001824,1,9,0,12,12,6,2,0,0,0,0,0,0,0,1,1,2,2,1,50,8,-1,-1,-1,-1,3,W01001287,0,4
2024061410477,2024,061410477,2,1,-1,-1,19,-1,-1,-1,0,0,0,0,0,0,-1,1,-1,6,2,29,6,-1,-1,-1,-1,1,E01033674,0,2
2024010550373,2024,010550373,1,1,0,18,19,3,7,0,0,2,0,0,0,0,1,1,6,6,1,66,10,-1,-1,-1,-1,2,E01001758,0,1
2024010501492,2024,010501492,2,9,0,18,19,5,1,0,0,0,0,0,0,0,2,1,6,6,1,45,7,-1,-1,-1,-1,3,E01035659,0,1
2024010501211,2024,010501211,1,1,9,99,99,9,9,99,99,1,9,99,9,99,1,1,2,2,3,31,6,-1,-1,-1,-1,6,E01004530,0,1
2024101411388,2024,101411388,1,-1,0,-1,19,7,3,-1,0,1,0,0,0,0,1,1,-1,6,1,60,9,-1,-1,-1,-1,-1,-1,1,-1
2024201462883,2024,201462883,1,9,0,-1,19,8,4,-1,0,0,0,0,0,0,1,1,-1,6,-1,16,4,-1,-1,-1,-1,-1,-1,0,-1
2024430217170,2024,430217170,2,9,0,1,1,9,9,0,0,0,0,0,0,0,2,1,6,6,1,45,7,-1,-1,-1,-1,-1,-1,0,-1
2024501508632,2024,501508632,2,9,0,-1,9,7,5,-1,0,6,0,0,0,0,4,1,-1,6,1,-1,-1,-1,-1,-1,-1,-1,-1,0,-1