collision_index,collision_year,collision_ref_no,vehicle_reference,vehicle_type,towing_and_articulation,vehicle_manoeuvre_historic,vehicle_manoeuvre,vehicle_direction_from,vehicle_direction_to,vehicle_location_restricted_lane_historic,vehicle_location_restricted_lane,junction_location,skidding_and_overturning,hit_object_in_carriageway,vehicle_leaving_carriageway,hit_object_off_carriageway,first_point_of_impact,vehicle_left_hand_drive,journey_purpose_of_driver_historic,journey_purpose_of_driver,sex_of_driver,age_of_driver,age_band_of_driver,engine_capacity_cc,propulsion_code,age_of_vehicle,generic_make_model,driver_imd_decile,lsoa_of_driver,escooter_flag,driver_distance_banding
2024161423139,2024,161423139,2,1,0,-1,19,3,7,-1,4,0,0,0,1,0,2,1,-1,9,1,13,3,-1,-1,-1,-1,1,E01012864,0,1
2024311406099,2024,311406099,2,1,0,-1,19,5,1,-1,0,8,1,0,0,0,4,1,-1,2,1,34,6,-1,-1,-1,-1,1,E01028301,0,1
2024471442947,2024,471442947,1,9,0,-1,19,7,3,-1,0,0,0,0,1,0,1,1,-1,6,1,26,6,-1,-1,-1,-1,2,E01031454,0,1
2024471482953,2024,471482953,1,9,0,-1,19,5,1,-1,0,2,5,0,0,0,1,1,-1,9,1,60,9,-1,-1,-1,-1,8,E01031757,0,1
2024010540944,2024,010540944,1,-1,0,18,19,3,7,0,0,0,0,0,0,0,1,1,6,6,3,-1,-1,-1,-1,-1,-1,-1,-1,1,-1
2024440069134,2024,440069134,1,1,0,3,3,7,3,0,0,2,0,0,0,0,2,1,2,2,1,39,7,-1,-1,-1,-1,2,E01022655,0,2
2024010550973,2024,010550973,1,9,0,99,99,9,9,99,99,9,9,99,9,99,9,1,6,6,3,-1,-1,-1,-1,-1,-1,-1,-1,0,-1
2024211431303,2024,211431303,2,3,0,-1,19,7,3,-1,0,0,1,0,0,0,1,1,-1,6,1,16,4,-1,-1,-1,-1,6,E01029693,0,2
2024520401355,2024,520401355,1,9,0,18,19,3,7,0,0,0,0,0,1,4,1,1,6,6,1,18,4,-1,-1,-1,-1,8,E01035110,0,1
2024311475292,2024,311475292,1,1,0,-1,19,3,7,-1,9,0,2,0,0,0,1,1,-1,9,1,72,10,-1,-1,-1,-1,2,E01013814,0,1
2024421462631,2024,421462631,1,21,1,-1,12,3,7,-1,0,0,0,0,0,0,1,2,-1,1,1,55,8,-1,-1,-1,-1,-1,-1,0,-1
2024440523135,2024,440523135,2,9,0,18,19,1,5,0,0,0,0,0,0,0,1,1,6,6,2,19,4,-1,-1,-1,-1,9,E01020414,0,4
2024440417269,2024,440417269,1,90,0,18,19,7,3,9,9,0,0,0,0,0,4,1,4,7,1,15,3,-1,-1,-1,-1,4,E01017282,0,1
2024451398402,2024,451398402,2,1,0,-1,19,1,5,-1,0,0,0,0,0,0,2,1,-1,2,1,33,6,-1,-1,-1,-1,5,E01030801,0,3
2024052402050,2024,052402050,1,19,0,18,19,6,2,0,0,0,0,0,0,0,4,1,6,6,3,-1,-1,-1,-1,-1,-1,-1,-1,0,-1
2024010532486,2024,010532486,1,9,0,18,19,3,7,9,9,8,1,0,1,11,2,1,6,6,1,21,5,-1,-1,-1,-1,2,E01000525,0,2
2024520500303,2024,520500303,2,9,0,18,19,4,7,0,0,8,0,0,0,0,1,1,6,6,3,-1,-1,-1,-1,-1,-1,-1,-1,0,-1
2024010530010,2024,010530010,1,1,0,18,19,7,3,9,9,0,0,0,0,0,1,1,6,6,1,-1,-1,-1,-1,-1,-1,-1,-1,0,-1
2024010524666,2024,010524666,2,19,9,99,99,9,9,99,99,9,9,99,9,99,9,1,6,6,3,-1,-1,-1,-1,-1,-1,-1,-1,0,-1
2024010509264,2024,010509264,1,1,0,18,19,1,5,4,4,0,0,0,0,0,0,1,6,6,2,43,7,-1,-1,-1,-1,9,E01030317,0,4
2024010499835,2024,010499835,2,1,0,9,9,5,2,0,0,4,0,0,0,0,1,1,2,2,2,32,6,-1,-1,-1,-1,3,E01004033,0,1
2024010490899,2024,010490899,1,19,0,5,5,3,7,0,0,8,0,0,0,0,1,1,1,1,1,26,6,-1,-1,-1,-1,-1,-1,0,-1
2024440276055,2024,440276055,2,9,0,9,9,4,2,0,0,8,0,0,0,0,3,1,6,6,3,-1,-1,-1,-1,-1,-1,-1,-1,0,-1
2024311489743,2024,311489743,2,1,0,-1,19,1,5,-1,9,0,0,0,0,0,1,1,-1,1,1,25,5,-1,-1,-1,-1,-1,-1,0,-1
2024010544754,2024,010544754,1,1,0,17,19,1,5,5,5,7,5,0,0,0,1,1,6,6,1,11,3,-1,-1,-1,-1,2,E01003267,0,1
2024010512605,2024,010512605,2,9,0,99,99,9,9,99,99,9,9,99,9,99,9,9,6,6,3,-1,-1,-1,-1,-1,-1,6,E01004581,0,1
2024010509269,2024,010509269,2,9,0,18,19,7,3,0,0,8,0,0,0,0,1,1,6,6,3,-1,-1,-1,-1,-1,-1,-1,-1,0,-1
2024052401404,2024,052401404,2,1,0,18,19,8,4,0,0,0,0,0,0,0,1,1,6,6,1,60,9,-1,-1,-1,-1,1,E01033094,0,1
2024461453783,2024,461453783,1,19,0,-1,14,1,5,-1,0,0,0,0,0,0,3,9,-1,6,1,-1,-1,-1,-1,-1,-1,-1,-1,0,-1
2024010514275,2024,010514275,1,1,9,99,99,9,9,99,99,9,9,99,9,99,0,1,2,2,1,26,6,-1,-1,-1,-1,5,E01004580,0,1
2024010488280,2024,010488280,1,9,9,99,99,9,9,99,99,9,9,99,9,99,1,9,6,6,3,-1,-1,-1,-1,-1,-1,-1,-1,0,-1
2024010502073,2024,010502073,1,1,9,99,99,9,9,99,99,9,9,99,9,99,0,1,2,2,1,32,6,-1,-1,-1,-1,8,E01004731,0,1
2024010519407,2024,010519407,1,1,9,99,99,9,9,99,99,9,9,99,9,99,1,1,6,6,1,24,5,-1,-1,-1,-1,4,E01003529,0,1
2024371444403,2024,371444403,2,1,0,-1,19,4,8,-1,0,0,0,0,0,0,0,1,-1,9,1,24,5,-1,-1,-1,-1,7,E01029995,0,1
2024010515382,2024,010515382,4,9,9,18,19,7,3,0,0,1,9,0,9,0,9,9,6,6,3,-1,-1,-1,-1,-1,-1,-1,-1,0,-1
2024451402314,2024,451402314,1,9,0,-1,5,3,7,-1,0,0,0,0,0,0,1,9,-1,6,2,70,10,-1,-1,-1,-1,-1,-1,0,-1
2024131526344,2024,131526344,3,19,0,-1,19,5,1,-1,0,0,0,0,0,0,2,1,-1,2,1,43,7,-1,-1,-1,-1,8,E01027895,0,4
2024010510265,2024,010510265,1,9,9,99,99,9,9,99,99,9,9,99,9,99,9,9,6,6,3,-1,-1,-1,-1,-1,-1,-1,-1,0,-1
2024010487511,2024,010487511,2,21,0,7,7,1,3,0,0,5,0,0,0,0,2,1,1,1,1,57,9,-1,-1,-1,-1,2,E01003500,0,1
2024010514682,2024,010514682,1,9,9,99,99,9,9,99,99,9,9,99,9,99,9,9,6,6,3,-1,-1,-1,-1,-1,-1,-1,-1,0,-1
2024430535497,2024,430535497,1,1,0,18,19,3,7,0,0,0,0,0,0,0,1,1,6,6,3,21,5,-1,-1,-1,-1,-1,-1,0,-1
2024010546452,2024,010546452,3,9,9,99,99,9,9,99,99,9,9,99,9,99,9,9,6,6,3,-1,-1,-1,-1,-1,-1,-1,-1,0,-1
2024501447949,2024,501447949,3,11,0,-1,2,0,0,-1,0,0,0,0,0,0,1,1,-1,6,-1,-1,-1,-1,-1,-1,-1,-1,-1,0,-1
2024010553851,2024,010553851,1,9,9,99,99,9,9,99,99,9,9,99,9,99,9,9,6,6,3,-1,-1,-1,-1,-1,-1,-1,-1,0,-1
2024546693324,2024,546693324,2,4,0,18,19,7,3,0,0,1,0,0,0,0,1,1,6,6,1,73,10,-1,-1,-1,-1,8,E01032074,0,1
2024471492143,2024,471492143,2,20,0,-1,9,7,5,-1,0,8,0,0,0,0,3,1,-1,1,1,31,6,-1,-1,-1,-1,10,E01031745,0,1
2024461506292,2024,461506292,1,21,1,-1,19,8,4,-1,0,0,0,11,0,0,1,2,-1,1,1,57,9,-1,-1,-1,-1,-1,-1,0,-1
2024010497483,2024,010497483,1,3,0,18,19,1,5,0,0,0,0,0,0,0,1,1,6,6,3,-1,-1,-1,-1,-1,-1,-1,-1,0,-1
2024201485840,2024,201485840,1,19,0,-1,19,2,6,-1,0,0,0,0,0,0,1,1,-1,6,1,41,7,-1,-1,-1,-1,1,E01009366,0,2
2024201511515,2024,201511515,4,9,0,-1,19,6,2,-1,0,0,0,0,0,0,1,1,-1,6,2,36,7,-1,-1,-1,-1,2,E01010535,0,1
2024631434820,2024,631434820,1,9,0,-1,11,3,7,-1,0,8,1,0,4,10,1,1,-1,6,1,51,8,-1,-1,-1,-1,6,W01000802,0,4
2024430444168,2024,430444168,1,9,0,5,5,5,1,0,0,4,0,0,0,0,1,1,6,6,2,66,10,-1,-1,-1,-1,6,E01016287,0,4
2024131464096,2024,131464096,2,9,0,-1,9,7,7,-1,0,8,0,0,1,0,1,1,-1,2,1,39,7,-1,-1,-1,-1,10,E01011894,0,1
2024411530711,2024,411530711,1,9,-1,-1,-1,-1,-1,-1,-1,0,-1,-1,-1,0,-1,9,-1,6,3,-1,-1,-1,-1,-1,-1,-1,-1,0,-1
2024610017824,2024,610017824,3,19,0,2,2,0,0,0,0,0,0,0,0,0,3,1,6,6,3,-1,-1,-1,-1,-1,-1,-1,-1,0,-1
2024401457056,2024,401457056,1,9,0,-1,19,2,6,-1,0,8,0,0,0,0,1,1,-1,2,1,32,6,-1,-1,-1,-1,6,E01034431,0,3
2024201400666,2024,201400666,2,1,0,-1,19,6,2,-1,0,8,1,0,0,0,1,1,-1,2,1,32,6,-1,-1,-1,-1,2,E01009930,0,1
2024101439072,2024,101439072,2,9,0,-1,19,1,5,-1,0,0,0,0,0,0,1,1,-1,9,2,43,7,-1,-1,-1,-1,-1,-1,0,-1
2024401412070,2024,401412070,1,9,0,-1,4,-1,-1,-1,0,0,0,0,0,0,1,9,-1,6,1,31,6,-1,-1,-1,-1,2,E01009058,0,5
2024991485321,2024,991485321,2,1,0,-1,19,1,5,-1,5,1,0,0,0,0,1,1,-1,2,1,45,7,-1,-1,-1,-1,8,-1,0,2
2024010508369,2024,010508369,1,11,0,7,7,7,1,0,0,1,0,0,0,0,1,1,6,6,1,24,5,-1,-1,-1,-1,-1,-1,0,-1
2024461475476,2024,461475476,1,9,0,-1,19,8,4,-1,0,8,2,0,7,9,3,1,-1,9,1,18,4,-1,-1,-1,-1,4,E01024042,0,1
2024430003881,2024,430003881,1,3,0,18,19,8,4,0,0,1,0,7,0,0,1,1,1,1,1,34,6,-1,-1,-1,-1,7,E01016332,0,1
2024031491150,2024,031491150,1,9,0,-1,19,2,6,-1,0,8,0,0,0,0,4,1,-1,9,1,17,4,-1,-1,-1,-1,7,E01034072,0,1
2024361505418,2024,361505418,1,9,0,-1,5,7,4,-1,0,0,0,0,0,0,0,9,-1,6,1,24,5,-1,-1,-1,-1,3,E01026853,0,1
2024201498453,2024,201498453,1,9,0,-1,19,2,6,-1,0,8,0,0,0,0,1,1,-1,6,1,57,9,-1,-1,-1,-1,7,E01009474,0,1
2024631449742,2024,631449742,2,9,0,-1,19,5,1,-1,0,2,0,0,0,0,0,1,-1,6,3,-1,-1,-1,-1,-1,-1,-1,-1,0,-1
2024461482037,2024,461482037,1,1,0,-1,19,5,1,-1,5,0,0,0,1,0,4,1,-1,9,2,55,8,-1,-1,-1,-1,3,E01024059,0,1
2024041411946,2024,041411946,1,98,0,-1,4,3,7,-1,0,0,0,0,0,0,1,1,-1,6,1,60,9,-1,-1,-1,-1,1,E01006863,0,4
2024451469549,2024,451469549,3,9,0,-1,19,6,2,-1,0,0,0,0,0,0,4,1,-1,9,1,41,7,-1,-1,-1,-1,8,E01031416,0,4
2024440161427,2024,440161427,2,9,0,4,4,6,2,0,0,0,0,0,0,0,2,1,6,6,3,-1,-1,-1,-1,-1,-1,-1,-1,0,-1
2024010540017,2024,010540017,1,1,0,5,5,7,3,0,0,0,0,0,0,0,2,1,6,6,1,47,8,-1,-1,-1,-1,3,E01002702,0,2
2024991394520,2024,991394520,2,9,0,-1,19,3,7,-1,0,1,0,0,0,0,3,1,-1,6,1,31,6,-1,-1,-1,-1,5,-1,0,1
2024340WN0202,2024,340WN0202,2,19,0,-1,19,4,8,-1,0,0,1,0,0,7,2,1,-1,6,1,45,7,-1,-1,-1,-1,1,E01009197,0,4
2024010512753,2024,010512753,1,1,9,99,99,9,9,99,99,0,9,99,9,99,9,1,2,2,2,35,6,-1,-1,-1,-1,5,E01003262,0,1
2024201508989,2024,201508989,1,9,0,-1,19,4,3,-1,0,0,0,7,7,6,4,2,-1,9,1,25,5,-1,-1,-1,-1,2,E01009887,0,1
2024531497359,2024,531497359,1,9,0,-1,19,5,1,-1,0,1,0,0,0,0,1,9,-1,6,2,70,10,-1,-1,-1,-1,-1,-1,0,-1
2024052401031,2024,052401031,2,1,0,18,19,8,4,0,0,8,0,0,0,0,1,1,6,6,1,70,10,-1,-1,-1,-1,1,E01006768,0,1
2024010503999,2024,010503999,1,1,0,5,5,7,3,0,0,1,0,0,1,0,1,1,6,6,1,43,7,-1,-1,-1,-1,8,E01003455,0,2
2024471522439,2024,471522439,3,9,0,-1,19,2,6,-1,0,0,1,0,1,9,1,1,-1,2,1,41,7,-1,-1,-1,-1,5,E01031501,0,2
2024010530319,2024,010530319,2,1,9,99,99,9,9,99,99,9,9,99,9,99,9,1,2,2,2,25,5,-1,-1,-1,-1,5,E01001854,0,1
202454E033124,2024,54E033124,2,9,0,4,4,3,7,0,0,0,0,0,0,0,2,1,6,6,1,39,7,-1,-1,-1,-1,9,E01001385,0,5
2024101408747,2024,101408747,2,1,0,-1,-1,-1,-1,-1,-1,0,-1,-1,-1,0,-1,1,-1,6,1,33,6,-1,-1,-1,-1,2,E01008492,0,1
2024010536660,2024,010536660,1,19,0,18,19,1,5,0,0,1,0,0,0,0,2,1,1,1,1,23,5,-1,-1,-1,-1,-1,-1,0,-1
2024101426605,2024,101426605,2,3,0,-1,19,7,3,-1,0,0,0,0,0,0,4,1,-1,1,1,30,6,-1,-1,-1,-1,1,E01008438,0,1
2024010498330,2024,010498330,1,1,9,99,99,9,9,4,4,1,9,99,9,99,1,1,2,2,1,29,6,-1,-1,-1,-1,3,E01004267,0,1
2024211503757,2024,211503757,1,9,0,-1,19,8,4,-1,0,0,0,12,0,0,1,1,-1,6,1,73,10,-1,-1,-1,-1,8,E01029650,0,2
2024610028024,2024,610028024,1,9,0,18,19,2,6,0,0,0,0,0,0,0,2,1,6,6,1,72,10,-1,-1,-1,-1,8,W01001579,0,4
2024031412743,2024,031412743,1,9,0,-1,7,6,8,-1,0,6,0,0,0,0,1,1,-1,6,1,-1,-1,-1,-1,-1,-1,-1,-1,0,-1
2024471535382,2024,471535382,2,22,0,-1,14,2,6,-1,0,0,0,0,0,0,4,1,-1,9,1,58,9,-1,-1,-1,-1,3,E01031482,0,1
2024131467370,2024,131467370,2,-1,0,-1,19,6,2,-1,0,0,0,0,0,0,3,9,-1,9,1,12,3,-1,-1,-1,-1,1,E01010676,1,1
2024010521594,2024,010521594,1,1,0,18,19,1,5,0,0,0,0,0,0,0,3,1,6,6,1,76,11,-1,-1,-1,-1,7,E01000275,0,1
2024010493538,2024,010493538,4,11,0,5,5,7,3,0,0,0,0,0,0,0,1,1,1,1,1,43,7,-1,-1,-1,-1,3,E01001203,0,2
2024522500064,2024,522500064,2,1,0,18,19,3,7,0,0,8,0,0,0,0,1,1,6,6,1,60,9,-1,-1,-1,-1,-1,-1,0,-1
2024010517070,2024,010517070,2,1,0,18,19,7,3,0,0,1,0,0,0,0,2,1,6,6,1,18,4,-1,-1,-1,-1,3,E01004575,0,1
2024010487441,2024,010487441,1,9,0,18,19,5,1,0,0,1,0,0,0,0,1,1,6,6,1,61,9,-1,-1,-1,-1,8,E01033580,0,1
2024461441506,2024,461441506,3,1,0,-1,19,1,5,-1,0,3,0,4,1,0,1,1,-1,9,1,50,8,-1,-1,-1,-1,7,E01000328,0,3
2024061474522,2024,061474522,2,9,0,-1,19,-1,-1,-1,0,0,9,99,0,0,9,1,-1,6,3,-1,-1,-1,-1,-1,-1,-1,-1,0,-1
2024010529368,2024,010529368,1,9,0,99,99,9,9,99,99,9,9,99,9,99,9,9,6,6,3,-1,-1,-1,-1,-1,-1,-1,-1,0,-1
2024070817463,2024,070817463,1,9,4,-1,5,9,9,-1,0,0,0,0,0,0,3,1,-1,6,3,-1,-1,-1,-1,-1,-1,-1,-1,0,-1
2024010492454,2024,010492454,2,9,0,99,99,9,9,99,99,9,9,99,9,99,1,9,6,6,2,57,9,-1,-1,-1,-1,10,E01003424,0,1
2024311497770,2024,311497770,1,11,0,-1,-1,-1,-1,-1,-1,0,-1,-1,-1,0,-1,1,-1,1,1,-1,-1,-1,-1,-1,-1,-1,-1,0,-1
2024401538532,2024,401538532,2,1,0,-1,13,6,2,-1,0,0,5,0,0,0,2,1,-1,6,1,37,7,-1,-1,-1,-1,5,E01017388,0,1
2024401509948,2024,401509948,1,11,0,-1,9,5,3,-1,0,0,0,0,0,0,3,9,-1,1,3,-1,-1,-1,-1,-1,-1,-1,-1,0,-1
2024010494685,2024,010494685,2,9,9,99,99,9,9,99,99,9,9,99,9,99,9,9,6,6,3,-1,-1,-1,-1,-1,-1,-1,-1,0,-1
2024461492760,2024,461492760,2,1,0,-1,19,-1,-1,-1,0,0,0,0,0,0,3,1,-1,6,1,61,9,-1,-1,-1,-1,10,E01024835,0,1
2024320475119,2024,320475119,2,21,0,-1,-1,5,1,0,0,0,0,0,0,0,3,1,1,1,1,56,9,-1,-1,-1,-1,7,E01011051,0,4
2024411445366,2024,411445366,2,9,0,-1,19,1,5,-1,0,0,0,0,0,0,3,1,-1,1,1,68,10,-1,-1,-1,-1,7,E01017720,0,4
2024340NN1232,2024,340NN1232,1,-1,0,-1,19,1,5,-1,9,2,0,0,0,0,1,1,-1,6,3,-1,-1,-1,-1,-1,-1,-1,-1,1,-1
2024351522062,2024,351522062,1,9,0,-1,19,1,5,-1,0,1,0,0,0,0,1,1,-1,6,1,29,6,-1,-1,-1,-1,3,E01015667,0,2
2024361416331,2024,361416331,2,9,0,-1,19,1,5,-1,0,1,0,0,0,0,0,1,-1,9,1,57,9,-1,-1,-1,-1,9,E01026554,0,2
2024122400403,2024,122400403,2,19,0,18,19,2,5,0,0,8,0,0,0,0,1,1,6,6,3,-1,-1,-1,-1,-1,-1,-1,-1,0,-1
2024501424321,2024,501424321,2,9,0,-1,19,8,4,-1,0,1,0,0,0,0,1,1,-1,9,2,80,11,-1,-1,-1,-1,5,E01015091,0,1
2024371410914,2024,371410914,1,21,0,-1,19,7,3,-1,0,0,0,0,0,0,0,1,-1,6,1,-1,-1,-1,-1,-1,-1,-1,-1,0,-1
2024010530411,2024,010530411,2,1,0,9,9,7,4,2,2,8,0,0,0,0,0,1,6,6,3,-1,-1,-1,-1,-1,-1,-1,-1,0,-1
2024461516267,2024,461516267,2,1,0,-1,10,5,1,-1,0,1,2,0,0,0,1,1,-1,6,2,34,6,-1,-1,-1,-1,3,E01024508,0,1
2024010538207,2024,010538207,2,-1,0,18,19,7,3,5,5,6,0,0,0,0,1,1,6,6,1,20,4,-1,-1,-1,-1,4,E01003441,1,1
2024010520826,2024,010520826,1,9,0,99,99,9,9,99,99,9,9,99,9,99,9,9,6,6,3,-1,-1,-1,-1,-1,-1,-1,-1,0,-1
2024010542428,2024,010542428,2,1,0,16,19,5,6,0,0,1,0,0,0,0,2,1,2,2,1,54,8,-1,-1,-1,-1,5,E01003662,0,2
2024131509956,2024,131509956,1,1,0,-1,19,3,7,-1,4,1,0,0,0,0,1,1,-1,6,1,19,4,-1,-1,-1,-1,1,E01010626,0,1
2024552400698,2024,552400698,1,9,0,18,19,5,1,0,0,4,0,0,0,0,1,1,6,6,3,-1,-1,-1,-1,-1,-1,-1,-1,0,-1
2024010521912,2024,010521912,2,1,0,18,19,5,1,0,0,1,2,0,0,0,1,1,6,6,1,56,9,-1,-1,-1,-1,4,E01033929,0,2
2024010514965,2024,010514965,2,9,0,6,6,5,5,0,0,2,0,0,0,0,4,1,6,6,3,-1,-1,-1,-1,-1,-1,-1,-1,0,-1
2024070790370,2024,070790370,2,1,0,-1,19,8,2,-1,0,8,0,0,0,0,3,1,-1,7,2,32,6,-1,-1,-1,-1,2,E01033300,0,1
2024010512696,2024,010512696,1,9,0,99,99,9,9,99,99,9,9,99,9,99,9,9,6,6,2,57,9,-1,-1,-1,-1,4,E01001674,0,1
2024010488466,2024,010488466,1,9,0,99,99,9,9,99,99,9,9,99,9,99,9,9,6,6,1,57,9,-1,-1,-1,-1,9,E01000301,0,1
2024545444424,2024,545444424,1,9,0,18,19,4,8,0,0,2,0,0,0,0,3,1,6,6,3,-1,-1,-1,-1,-1,-1,-1,-1,0,-1
2024131492238,2024,131492238,1,21,0,-1,-1,-1,-1,-1,-1,0,-1,-1,-1,-1,-1,1,-1,6,3,-1,-1,-1,-1,-1,-1,-1,-1,0,-1
2024141457951,2024,141457951,1,98,0,-1,2,0,0,-1,0,1,0,0,0,0,2,9,-1,1,1,46,8,-1,-1,-1,-1,3,E01011323,0,4
2024070246036,2024,070246036,2,1,0,18,19,4,8,0,0,1,0,0,0,0,2,1,2,2,1,38,7,-1,-1,-1,-1,2,E01018498,0,2
2024061505382,2024,061505382,1,9,0,-1,1,3,1,-1,0,0,0,4,0,0,2,9,-1,6,2,-1,-1,-1,-1,-1,-1,-1,-1,0,-1
2024320412575,2024,320412575,2,1,0,-1,-1,8,4,9,9,0,5,0,0,0,0,1,6,6,2,14,3,-1,-1,-1,-1,3,E01026064,0,1
2024610018724,2024,610018724,2,9,0,18,19,4,8,0,0,0,1,0,0,0,1,1,6,6,1,44,7,-1,-1,-1,-1,7,W01001372,0,2
2024501434931,2024,501434931,1,19,0,-1,19,3,7,-1,0,0,0,0,0,0,4,1,-1,6,3,30,6,-1,-1,-1,-1,-1,-1,0,-1
2024010509581,2024,010509581,2,97,0,18,19,1,5,0,0,1,0,0,0,0,2,1,6,6,3,-1,-1,-1,-1,-1,-1,-1,-1,0,-1
2024552400428,2024,552400428,1,19,0,1,1,1,5,0,0,0,0,0,0,0,2,1,6,6,3,-1,-1,-1,-1,-1,-1,-1,-1,0,-1
2024520402183,2024,520402183,1,9,0,18,19,3,7,0,0,0,0,0,1,9,1,1,6,6,1,41,7,-1,-1,-1,-1,9,E01008775,0,5
2024122401031,2024,122401031,1,1,0,18,19,5,2,9,9,0,0,0,0,0,1,1,6,6,2,77,11,-1,-1,-1,-1,1,E01007318,0,5
2024201527745,2024,201527745,1,9,0,-1,19,8,4,-1,0,8,0,0,0,0,1,1,-1,6,3,-1,-1,-1,-1,-1,-1,-1,-1,0,-1
2024991461969,2024,991461969,1,9,0,-1,19,3,7,-1,0,0,0,0,1,0,1,1,-1,9,1,47,8,-1,-1,-1,-1,1,-1,0,4
2024991494502,2024,991494502,1,9,0,-1,19,8,4,-1,0,1,0,0,0,0,0,1,-1,9,1,72,10,-1,-1,-1,-1,10,-1,0,4
2024010550476,2024,010550476,1,1,0,18,19,5,1,0,0,8,5,0,0,0,2,1,1,1,1,21,5,-1,-1,-1,-1,3,E01002585,0,1
2024221450669,2024,221450669,2,9,0,-1,19,3,7,-1,0,8,0,0,0,0,1,9,-1,1,1,53,8,-1,-1,-1,-1,5,E01031190,0,2
2024061431408,2024,061431408,1,19,0,-1,19,5,1,-1,0,1,0,0,0,0,1,1,-1,6,3,30,6,-1,-1,-1,-1,-1,-1,0,-1
2024430538665,2024,430538665,2,1,0,18,19,7,2,0,0,8,2,0,0,0,0,1,6,6,2,49,8,-1,-1,-1,-1,7,E01028570,0,1
2024471457764,2024,471457764,1,98,0,-1,19,1,5,-1,0,1,0,0,0,0,1,2,-1,1,1,38,7,-1,-1,-1,-1,-1,-1,0,-1
2024501526213,2024,501526213,1,9,0,-1,19,5,1,-1,0,0,0,0,0,0,3,1,-1,6,1,38,7,-1,-1,-1,-1,7,E01034624,0,2
2024520401631,2024,520401631,1,9,0,18,19,7,3,0,0,1,0,0,0,0,1,1,6,6,1,19,4,-1,-1,-1,-1,4,E01020138,0,4
2024311534671,2024,311534671,1,99,0,-1,19,2,6,-1,0,0,0,0,0,0,4,1,-1,6,3,24,5,-1,-1,-1,-1,2,E01027964,0,4
2024010501380,2024,010501380,2,9,0,99,99,9,9,99,99,9,9,99,9,99,1,9,6,6,3,-1,-1,-1,-1,-1,-1,-1,-1,0,-1
2024061467079,2024,061467079,2,1,0,-1,19,-1,-1,-1,0,0,0,0,0,0,1,1,-1,6,3,-1,-1,-1,-1,-1,-1,-1,-1,0,-1
2024010487678,2024,010487678,1,9,0,6,6,1,1,0,0,6,0,0,0,0,3,1,6,6,2,48,8,-1,-1,-1,-1,9,E01002915,0,1
2024340NN3412,2024,340NN3412,1,-1,0,-1,19,3,7,-1,0,4,0,0,0,0,1,1,-1,6,1,37,7,-1,-1,-1,-1,-1,-1,1,-1
2024320277472,2024,320277472,4,9,0,-1,-1,4,8,0,0,0,0,0,0,0,1,1,-1,-1,1,41,7,-1,-1,-1,-1,1,E01007327,0,4
2024231535008,2024,231535008,1,9,0,-1,19,3,8,-1,0,0,1,4,0,0,1,1,-1,9,1,51,8,-1,-1,-1,-1,1,E01035017,0,1
2024041502942,2024,041502942,1,1,0,-1,19,1,5,-1,0,0,0,0,0,0,0,1,-1,9,1,14,3,-1,-1,-1,-1,2,E01012694,0,1
2024010535354,2024,010535354,2,11,0,99,99,9,9,99,99,9,9,99,9,99,1,1,6,6,3,-1,-1,-1,-1,-1,-1,-1,-1,0,-1
2024471498709,2024,471498709,1,9,0,-1,5,3,7,-1,0,1,0,0,0,0,1,1,-1,2,1,35,6,-1,-1,-1,-1,7,E01016889,0,1
2024471530433,2024,471530433,1,1,0,-1,19,1,5,-1,0,1,1,0,0,0,1,1,-1,9,1,78,11,-1,-1,-1,-1,6,E01021193,0,3
2024041468552,2024,041468552,1,9,0,-1,19,1,5,-1,0,8,0,0,0,0,4,1,-1,6,-1,-1,-1,-1,-1,-1,-1,-1,-1,0,-1
2024010491021,2024,010491021,1,9,0,18,19,1,5,0,0,6,0,11,0,0,3,1,6,6,3,-1,-1,-1,-1,-1,-1,-1,-1,0,-1
2024231504841,2024,231504841,2,1,0,-1,19,6,2,-1,9,6,0,0,0,0,3,1,-1,6,1,21,5,-1,-1,-1,-1,-1,-1,0,-1
2024010491529,2024,010491529,1,5,9,99,99,9,9,99,99,9,9,99,9,99,9,1,6,6,1,20,4,-1,-1,-1,-1,4,E01033738,0,1
202454F039624,2024,54F039624,1,9,0,14,14,5,1,0,0,0,0,0,0,0,1,1,6,6,2,42,7,-1,-1,-1,-1,-1,-1,0,-1
2024421419294,2024,421419294,2,1,0,-1,19,-1,-1,-1,0,8,0,0,0,0,4,1,-1,2,1,31,6,-1,-1,-1,-1,6,E01021810,0,1
2024010525071,2024,010525071,2,1,0,18,19,1,5,0,0,1,0,0,0,0,1,1,6,6,1,47,8,-1,-1,-1,-1,3,E01001801,0,2
2024070371488,2024,070371488,3,98,1,15,15,3,8,0,0,0,0,0,0,0,0,1,1,1,1,-1,-1,-1,-1,-1,-1,-1,-1,0,-1
2024471412197,2024,471412197,2,1,0,-1,19,7,3,-1,0,1,0,0,0,0,1,1,-1,2,1,28,6,-1,-1,-1,-1,2,E01031808,0,1
2024471464843,2024,471464843,1,1,0,-1,19,6,2,-1,0,1,1,0,0,0,3,1,-1,2,1,48,8,-1,-1,-1,-1,7,E01021010,0,1
2024061520861,2024,061520861,1,9,0,-1,7,7,1,-1,0,1,0,0,0,0,1,1,-1,6,1,49,8,-1,-1,-1,-1,2,E01005774,0,1
2024010490393,2024,010490393,1,1,9,99,99,9,9,99,99,0,9,99,9,99,1,1,2,2,2,38,7,-1,-1,-1,-1,4,E01004228,0,1
2024010533657,2024,010533657,2,9,0,3,3,7,3,0,0,1,0,0,0,0,2,1,6,6,2,60,9,-1,-1,-1,-1,8,E01001967,0,1
2024531474554,2024,531474554,1,97,0,-1,19,3,7,-1,0,0,0,0,7,0,1,1,-1,9,2,42,7,-1,-1,-1,-1,1,E01015558,0,3
2024010524189,2024,010524189,1,11,0,4,4,7,3,0,0,1,0,0,0,0,0,1,1,1,1,33,6,-1,-1,-1,-1,5,E01002186,0,3
2024010505795,2024,010505795,2,9,0,99,99,9,9,99,99,9,9,99,9,99,9,9,6,6,3,-1,-1,-1,-1,-1,-1,-1,-1,0,-1