collision_index,collision_year,collision_ref_no,vehicle_reference,vehicle_type,towing_and_articulation,vehicle_manoeuvre_historic,vehicle_manoeuvre,vehicle_direction_from,vehicle_direction_to,vehicle_location_restricted_lane_historic,vehicle_location_restricted_lane,junction_location,skidding_and_overturning,hit_object_in_carriageway,vehicle_leaving_carriageway,hit_object_off_carriageway,first_point_of_impact,vehicle_left_hand_drive,journey_purpose_of_driver_historic,journey_purpose_of_driver,sex_of_driver,age_of_driver,age_band_of_driver,engine_capacity_cc,propulsion_code,age_of_vehicle,generic_make_model,driver_imd_decile,lsoa_of_driver,escooter_flag,driver_distance_banding
2024010492677,2024,010492677,1,3,0,18,19,7,3,0,0,8,1,0,0,0,1,1,2,2,1,28,6,-1,-1,-1,-1,3,E01034204,0,2
2024302401336,2024,302401336,2,1,0,18,19,3,7,0,0,8,0,0,0,0,4,1,6,6,2,13,3,-1,-1,-1,-1,8,E01019652,0,1
2024061393759,2024,061393759,2,1,0,-1,19,4,8,-1,0,8,0,0,0,0,3,1,-1,9,1,51,8,-1,-1,-1,-1,1,E01005721,0,1
2024302400027,2024,302400027,2,9,0,13,13,6,2,0,0,8,0,0,7,11,3,1,2,2,1,45,7,-1,-1,-1,-1,-1,-1,0,-1
2024010515821,2024,010515821,1,1,0,18,19,3,7,0,0,6,0,0,0,0,1,1,1,1,2,55,8,-1,-1,-1,-1,4,E01000922,0,1
2024010492746,2024,010492746,1,9,0,4,4,8,4,0,0,1,0,0,0,0,2,1,6,6,1,49,8,-1,-1,-1,-1,6,E01033812,0,4
2024440519966,2024,440519966,1,1,0,18,19,7,3,0,0,1,0,0,0,0,3,1,6,6,1,42,7,-1,-1,-1,-1,2,E01022900,0,2
2024440419512,2024,440419512,2,9,0,18,19,6,2,0,0,8,0,0,0,0,1,1,6,6,2,-1,-1,-1,-1,-1,-1,-1,-1,0,-1
2024061433777,2024,061433777,4,9,0,-1,19,4,7,-1,0,0,0,0,0,0,3,1,-1,9,1,50,8,-1,-1,-1,-1,3,E01012429,0,4
2024070826713,2024,070826713,2,4,0,-1,19,2,3,-1,0,8,0,0,0,0,1,1,-1,7,1,21,5,-1,-1,-1,-1,5,E01018547,0,1
2024052401908,2024,052401908,1,19,0,15,15,3,7,0,0,0,0,0,0,0,4,1,6,6,3,-1,-1,-1,-1,-1,-1,-1,-1,0,-1
2024010512136,2024,010512136,2,1,0,9,9,7,6,0,0,8,0,0,0,0,1,1,6,6,1,30,6,-1,-1,-1,-1,4,E01003532,0,1
2024201527498,2024,201527498,2,9,0,-1,19,8,4,-1,0,8,0,0,0,0,1,1,-1,6,1,20,4,-1,-1,-1,-1,3,E01009856,0,2
2024451427470,2024,451427470,2,9,0,-1,19,1,5,-1,0,0,0,0,0,0,1,1,-1,1,1,68,10,-1,-1,-1,-1,9,E01030644,0,3
2024052400225,2024,052400225,2,1,0,18,19,7,3,0,0,1,0,0,0,0,3,1,6,6,1,57,9,-1,-1,-1,-1,4,E01007160,0,1
2024440057304,2024,440057304,2,98,0,18,19,2,6,0,0,4,0,0,0,0,3,1,1,1,3,-1,-1,-1,-1,-1,-1,-1,-1,0,-1
2024010519405,2024,010519405,2,97,0,99,99,9,9,99,99,9,9,99,9,99,0,9,6,6,3,-1,-1,-1,-1,-1,-1,-1,-1,0,-1
2024501532779,2024,501532779,1,1,0,-1,19,7,3,-1,0,1,0,0,0,0,3,1,-1,2,2,54,8,-1,-1,-1,-1,8,E01018810,0,1
2024430478583,2024,430478583,1,19,0,5,5,2,6,0,0,1,0,0,0,0,1,1,6,6,1,50,8,-1,-1,-1,-1,7,E01017577,0,3
2024010487926,2024,010487926,1,9,0,18,19,1,5,0,0,8,0,0,0,0,1,1,6,6,1,50,8,-1,-1,-1,-1,3,E01002284,0,2
2024010542259,2024,010542259,1,1,9,99,99,9,9,99,99,9,9,99,9,99,9,1,2,2,1,28,6,-1,-1,-1,-1,7,E01004476,0,2
2024131494417,2024,131494417,2,1,0,-1,19,7,3,-1,0,4,0,0,0,0,1,1,-1,6,-1,-1,-1,-1,-1,-1,-1,-1,-1,0,-1
2024010488980,2024,010488980,2,9,0,99,99,9,9,99,99,9,9,99,9,99,1,9,6,6,3,-1,-1,-1,-1,-1,-1,-1,-1,0,-1
2024010532095,2024,010532095,1,19,0,18,19,1,5,0,0,2,0,0,0,0,4,1,6,6,3,-1,-1,-1,-1,-1,-1,-1,-1,0,-1
2024371467790,2024,371467790,1,1,0,-1,19,-1,-1,-1,0,0,1,0,0,0,3,1,-1,9,1,57,9,-1,-1,-1,-1,7,E01021737,0,3
2024141505642,2024,141505642,1,9,0,-1,19,6,2,-1,0,1,0,0,0,0,1,1,-1,9,1,53,8,-1,-1,-1,-1,7,E01007671,0,2
2024010517637,2024,010517637,2,10,0,2,2,0,0,0,0,1,0,4,0,0,2,1,6,6,3,-1,-1,-1,-1,-1,-1,-1,-1,0,-1
2024122400842,2024,122400842,1,9,0,18,19,2,7,0,0,0,0,0,0,0,1,2,6,6,3,54,8,-1,-1,-1,-1,9,E01027737,0,2
2024070287726,2024,070287726,1,-1,0,18,19,3,7,0,0,1,0,0,0,0,1,1,6,6,3,-1,-1,-1,-1,-1,-1,-1,-1,1,-1
2024461465036,2024,461465036,1,9,0,-1,3,5,1,-1,0,1,0,0,0,0,1,1,-1,9,2,37,7,-1,-1,-1,-1,8,E01024816,0,1
2024411515805,2024,411515805,2,9,0,-1,19,5,1,-1,0,2,0,0,0,0,2,9,-1,6,3,25,5,-1,-1,-1,-1,-1,-1,0,-1
2024451520110,2024,451520110,1,1,0,-1,5,1,5,-1,4,0,1,0,0,0,2,1,-1,2,1,21,5,-1,-1,-1,-1,3,E01030952,0,2
2024451487178,2024,451487178,2,9,0,-1,2,6,2,-1,0,0,0,0,0,0,4,9,-1,1,1,32,6,-1,-1,-1,-1,-1,-1,0,-1
2024471461870,2024,471461870,3,3,0,-1,19,6,2,-1,0,8,1,0,0,0,1,1,-1,9,1,70,10,-1,-1,-1,-1,3,E01031409,0,4
2024010490325,2024,010490325,1,1,9,99,99,9,9,99,99,9,9,99,9,99,1,1,6,6,1,28,6,-1,-1,-1,-1,7,E01002812,0,1
2024610057824,2024,610057824,1,9,0,2,2,0,0,0,0,0,0,0,0,0,1,1,6,6,1,46,8,-1,-1,-1,-1,5,W01001391,0,1
2024440426185,2024,440426185,1,-1,0,18,19,6,2,0,0,8,0,0,0,0,4,1,6,6,1,29,6,-1,-1,-1,-1,7,E01017026,1,1
2024351438260,2024,351438260,1,9,-1,-1,10,3,5,-1,0,6,0,0,0,0,1,9,-1,6,3,-1,-1,-1,-1,-1,-1,-1,-1,0,-1
2024010536990,2024,010536990,1,9,9,99,99,9,9,99,99,9,9,99,9,99,9,9,6,6,3,-1,-1,-1,-1,-1,-1,-1,-1,0,-1
2024010526383,2024,010526383,1,9,0,12,12,1,5,0,0,0,0,0,0,0,3,1,2,2,2,19,4,-1,-1,-1,-1,3,E01001423,0,1
2024201498485,2024,201498485,1,99,0,-1,19,3,7,-1,0,0,0,0,0,0,1,9,-1,6,3,-1,-1,-1,-1,-1,-1,-1,-1,0,-1
2024991487328,2024,991487328,1,8,0,-1,19,2,6,-1,0,1,0,0,0,0,4,9,-1,1,1,48,8,-1,-1,-1,-1,10,-1,0,1
2024552400288,2024,552400288,2,22,0,18,19,6,2,0,0,8,5,0,0,0,3,1,6,6,2,44,7,-1,-1,-1,-1,1,E01015312,0,1
2024340WN0072,2024,340WN0072,1,21,0,-1,12,8,4,-1,0,0,0,0,0,0,1,1,-1,1,1,50,8,-1,-1,-1,-1,-1,-1,0,-1
2024041441982,2024,041441982,1,9,0,-1,19,5,1,-1,0,1,0,0,0,0,1,1,-1,6,1,27,6,-1,-1,-1,-1,1,E01012748,0,1
2024440294111,2024,440294111,1,1,0,14,14,2,6,0,0,8,0,0,0,0,4,1,6,6,1,22,5,-1,-1,-1,-1,6,E01022960,0,1
2024061430909,2024,061430909,1,1,0,-1,19,-1,-1,-1,0,3,5,0,0,0,2,1,-1,9,1,58,9,-1,-1,-1,-1,9,E01004842,0,1
2024552400611,2024,552400611,1,9,0,18,19,8,4,0,0,1,0,0,0,0,1,1,6,6,2,22,5,-1,-1,-1,-1,5,E01031530,0,4
2024302400386,2024,302400386,3,19,0,9,9,5,3,0,0,5,0,0,0,0,0,1,6,6,3,-1,-1,-1,-1,-1,-1,5,E01019456,0,3
2024010511394,2024,010511394,2,9,0,99,99,9,9,99,99,9,9,99,9,99,1,9,6,6,3,-1,-1,-1,-1,-1,-1,-1,-1,0,-1
2024320701804,2024,320701804,2,1,0,9,9,2,8,0,0,6,5,0,0,0,2,1,6,6,1,17,4,-1,-1,-1,-1,4,E01026230,0,1
2024010499898,2024,010499898,1,1,9,99,99,9,9,99,99,9,9,99,9,99,1,1,2,2,1,33,6,-1,-1,-1,-1,2,E01000863,0,1
2024010493074,2024,010493074,2,9,0,99,99,9,9,99,99,5,9,99,9,99,9,9,6,6,3,-1,-1,-1,-1,-1,-1,-1,-1,0,-1
2024010535252,2024,010535252,2,1,9,99,99,9,9,99,99,9,9,99,9,99,1,1,6,6,3,-1,-1,-1,-1,-1,-1,-1,-1,0,-1
2024221518073,2024,221518073,1,9,0,-1,9,5,2,-1,0,5,0,0,0,0,4,1,-1,1,1,41,7,-1,-1,-1,-1,5,E01014062,0,3
2024610055824,2024,610055824,2,1,0,18,19,3,7,0,0,0,0,0,0,0,3,1,2,2,1,43,7,-1,-1,-1,-1,2,W01001690,0,1
2024461431285,2024,461431285,1,1,0,-1,7,7,3,-1,5,1,0,0,0,0,2,1,-1,9,1,15,3,-1,-1,-1,-1,-1,-1,0,-1
2024211505393,2024,211505393,2,9,0,-1,19,5,1,-1,0,0,1,0,0,0,3,1,-1,9,2,43,7,-1,-1,-1,-1,8,E01014346,0,1
2024131477601,2024,131477601,2,1,0,-1,19,1,5,-1,0,8,5,0,0,0,1,1,-1,2,2,25,5,-1,-1,-1,-1,6,E01011441,0,1
2024070465770,2024,070465770,1,9,0,1,1,3,7,0,0,2,0,0,0,0,2,1,6,6,2,29,6,-1,-1,-1,-1,-1,-1,0,-1
2024221500634,2024,221500634,1,9,0,-1,4,2,6,-1,0,1,0,10,1,1,1,1,-1,2,2,49,8,-1,-1,-1,-1,8,E01032438,0,1
2024520401198,2024,520401198,1,1,0,18,19,8,3,0,0,8,0,0,0,0,9,1,6,6,2,12,3,-1,-1,-1,-1,-1,-1,0,-1
2024131518804,2024,131518804,1,9,0,-1,-1,-1,-1,-1,-1,8,-1,-1,-1,0,-1,1,-1,6,3,-1,-1,-1,-1,-1,-1,-1,-1,0,-1
2024351472330,2024,351472330,2,9,0,-1,9,4,2,-1,0,0,0,0,0,0,3,1,-1,1,1,41,7,-1,-1,-1,-1,7,E01018065,0,3
2024010494523,2024,010494523,2,9,0,99,99,9,9,99,99,9,9,99,9,99,9,9,6,6,3,-1,-1,-1,-1,-1,-1,7,E01000983,0,1
2024010546329,2024,010546329,1,1,9,99,99,9,9,99,99,0,9,99,9,99,9,1,2,2,2,30,6,-1,-1,-1,-1,3,E01034395,0,1
2024201524236,2024,201524236,2,99,0,-1,19,2,6,-1,0,2,0,0,0,0,1,9,-1,6,3,-1,-1,-1,-1,-1,-1,-1,-1,0,-1
2024451494777,2024,451494777,3,9,-1,-1,19,5,1,-1,0,0,0,0,0,0,0,9,-1,6,3,40,7,-1,-1,-1,-1,-1,-1,0,-1
2024501411304,2024,501411304,2,1,0,-1,19,7,3,-1,0,0,0,0,0,0,2,1,-1,9,1,65,9,-1,-1,-1,-1,5,E01020305,0,4
2024501421425,2024,501421425,2,11,0,-1,19,7,3,-1,0,0,0,0,0,0,0,9,-1,1,3,-1,-1,-1,-1,-1,-1,-1,-1,0,-1
2024371484958,2024,371484958,2,1,0,-1,19,3,7,-1,0,0,0,0,0,0,4,1,-1,9,1,12,3,-1,-1,-1,-1,1,E01029979,0,1
2024440507244,2024,440507244,1,1,0,18,19,2,6,0,0,1,0,0,0,0,1,1,6,6,1,31,6,-1,-1,-1,-1,9,E01032753,0,1
2024061475324,2024,061475324,1,1,0,-1,19,1,5,-1,0,0,0,0,0,0,1,1,-1,9,1,14,3,-1,-1,-1,-1,2,E01004872,0,1
2024522402029,2024,522402029,2,9,0,18,19,2,6,0,0,0,0,0,0,0,1,1,6,6,3,-1,-1,-1,-1,-1,-1,-1,-1,0,-1
2024010532193,2024,010532193,1,9,9,99,99,9,9,99,99,9,9,99,9,99,9,9,6,6,2,34,6,-1,-1,-1,-1,6,E01000824,0,3
2024430517540,2024,430517540,2,9,0,3,3,2,6,0,0,0,0,0,0,0,2,1,6,6,1,17,4,-1,-1,-1,-1,-1,-1,0,-1
2024201452410,2024,201452410,2,1,0,-1,19,6,2,-1,0,8,0,0,0,0,1,1,-1,1,2,50,8,-1,-1,-1,-1,2,E01009385,0,2
2024010489396,2024,010489396,2,1,0,18,19,5,1,4,4,1,0,0,0,0,1,1,2,2,1,31,6,-1,-1,-1,-1,9,E01004557,0,1
2024010523930,2024,010523930,1,9,0,18,19,1,5,0,0,0,0,0,0,0,1,1,6,6,3,-1,-1,-1,-1,-1,-1,-1,-1,0,-1
2024361490639,2024,361490639,2,1,0,-1,19,4,8,-1,0,2,0,0,0,0,1,1,-1,6,1,-1,-1,-1,-1,-1,-1,-1,-1,0,-1
2024471521867,2024,471521867,1,9,0,-1,19,8,4,-1,0,0,1,0,1,10,1,1,-1,9,2,52,8,-1,-1,-1,-1,10,E01031724,0,1
2024041493873,2024,041493873,1,1,0,-1,19,3,7,-1,0,0,5,0,0,0,1,1,-1,9,2,18,4,-1,-1,-1,-1,4,E01025282,0,1
2024451508621,2024,451508621,2,19,0,-1,19,3,7,-1,0,0,0,0,0,0,3,1,-1,6,3,41,7,-1,-1,-1,-1,-1,-1,0,-1
2024451508085,2024,451508085,2,97,0,-1,99,-1,-1,-1,0,0,0,0,0,0,0,1,-1,6,3,18,4,-1,-1,-1,-1,-1,-1,0,-1
2024421465109,2024,421465109,2,1,0,-1,19,2,6,-1,0,1,0,0,0,0,3,1,-1,9,1,19,4,-1,-1,-1,-1,2,E01021697,0,1
2024052400676,2024,052400676,2,9,0,18,19,1,5,0,0,0,0,0,0,0,2,1,2,2,1,50,8,-1,-1,-1,-1,5,E01025474,0,2
2024332400843,2024,332400843,1,8,0,-1,3,8,4,-1,0,0,0,0,0,0,3,1,-1,6,1,-1,-1,-1,-1,-1,-1,-1,-1,0,-1
2024361468692,2024,361468692,1,9,-1,-1,13,-1,-1,-1,0,0,0,0,0,0,4,9,-1,6,3,-1,-1,-1,-1,-1,-1,-1,-1,0,-1
2024211403629,2024,211403629,1,9,0,-1,5,1,5,-1,0,0,0,0,0,0,1,1,-1,6,2,36,7,-1,-1,-1,-1,5,E01029623,0,1
2024141457876,2024,141457876,2,9,0,-1,19,3,7,-1,0,0,0,0,0,0,1,9,-1,6,3,-1,-1,-1,-1,-1,-1,-1,-1,0,-1
2024320700670,2024,320700670,1,9,0,-1,-1,4,8,0,0,0,1,0,8,4,1,1,-1,-1,1,34,6,-1,-1,-1,-1,-1,-1,0,-1
2024430163383,2024,430163383,1,3,0,8,8,7,2,0,0,1,0,0,0,0,2,1,1,1,1,43,7,-1,-1,-1,-1,6,E01017852,0,1
2024501429511,2024,501429511,2,1,0,-1,19,2,6,-1,0,8,1,0,0,0,4,1,-1,6,1,51,8,-1,-1,-1,-1,5,E01034643,0,4
2024340WN1592,2024,340WN1592,2,1,0,-1,19,8,4,-1,0,1,0,0,0,0,1,1,-1,6,1,58,9,-1,-1,-1,-1,3,E01027152,0,1
2024332400967,2024,332400967,2,9,0,-1,19,8,4,-1,0,0,2,0,0,0,3,1,-1,2,1,26,6,-1,-1,-1,-1,5,E01019679,0,2
2024010533778,2024,010533778,2,8,0,1,1,1,5,0,0,1,0,0,0,0,3,1,1,1,1,61,9,-1,-1,-1,-1,3,E01000930,0,1
2024161507596,2024,161507596,1,1,9,-1,19,1,6,-1,0,8,1,0,0,0,4,1,-1,9,2,69,10,-1,-1,-1,-1,8,E01013065,0,1
2024371441007,2024,371441007,1,9,0,-1,4,-1,-1,-1,0,1,0,0,0,0,1,9,-1,6,1,-1,-1,-1,-1,-1,-1,-1,-1,0,-1
2024302400298,2024,302400298,1,9,0,16,19,6,1,0,0,1,2,0,3,0,1,1,6,6,2,28,6,-1,-1,-1,-1,5,E01019564,0,4
2024010540833,2024,010540833,1,9,0,99,99,9,9,99,99,0,9,99,9,99,9,9,6,6,3,-1,-1,-1,-1,-1,-1,-1,-1,0,-1
2024991442444,2024,991442444,1,9,0,-1,19,5,1,-1,0,0,1,0,1,11,1,1,-1,1,1,58,9,-1,-1,-1,-1,6,E01019477,0,5
2024302500093,2024,302500093,3,11,0,-1,2,0,0,-1,0,0,0,0,0,0,0,1,-1,1,3,-1,-1,-1,-1,-1,-1,-1,-1,0,-1
2024010510457,2024,010510457,1,1,9,99,99,9,9,99,99,9,9,99,9,99,1,1,2,2,1,23,5,-1,-1,-1,-1,6,E01000069,0,1
2024522401884,2024,522401884,1,1,0,18,19,3,7,0,0,8,0,0,0,0,3,1,6,6,1,58,9,-1,-1,-1,-1,5,E01014533,0,2
2024010534142,2024,010534142,1,1,9,3,3,9,9,99,99,9,9,99,9,99,1,1,1,1,3,30,6,-1,-1,-1,-1,2,E01004256,0,1
2024061421940,2024,061421940,1,9,0,-1,19,3,6,-1,0,1,0,0,0,0,1,1,-1,6,3,-1,-1,-1,-1,-1,-1,-1,-1,0,-1
2024501458476,2024,501458476,2,9,0,-1,15,3,7,-1,0,2,0,0,0,0,0,1,-1,6,2,24,5,-1,-1,-1,-1,7,E01019960,0,2
2024201525182,2024,201525182,1,9,0,-1,19,8,4,-1,0,0,0,0,0,0,1,1,-1,6,3,-1,-1,-1,-1,-1,-1,-1,-1,0,-1
2024991434104,2024,991434104,2,1,0,-1,19,1,5,-1,0,1,0,0,0,0,1,1,-1,6,1,15,3,-1,-1,-1,-1,-1,-1,0,-1
2024461418705,2024,461418705,2,9,0,-1,15,3,7,-1,0,1,0,0,0,0,1,2,-1,6,2,52,8,-1,-1,-1,-1,8,E01024175,0,1
2024052401974,2024,052401974,1,19,0,12,12,3,7,0,0,0,0,0,0,0,3,1,6,6,3,-1,-1,-1,-1,-1,-1,-1,-1,0,-1
2024440363959,2024,440363959,1,3,0,18,19,5,1,0,0,1,0,0,0,0,2,1,6,6,2,52,8,-1,-1,-1,-1,5,E01023027,0,3
2024061532549,2024,061532549,2,1,0,-1,15,-1,-1,-1,0,1,0,8,0,0,1,1,-1,1,1,59,9,-1,-1,-1,-1,3,E01025099,0,4
2024010494579,2024,010494579,1,9,9,99,99,9,9,99,99,9,9,99,9,99,9,1,6,6,3,-1,-1,-1,-1,-1,-1,-1,-1,0,-1
2024221406406,2024,221406406,1,9,0,-1,19,6,2,-1,0,0,5,10,1,11,1,9,-1,9,1,80,11,-1,-1,-1,-1,7,E01029006,0,3
2024522401467,2024,522401467,1,9,0,18,19,4,8,0,0,0,0,0,0,0,1,1,6,6,3,-1,-1,-1,-1,-1,-1,-1,-1,0,-1
2024546258624,2024,546258624,4,9,0,2,2,0,0,-1,-1,2,0,0,0,0,1,1,6,6,3,-1,-1,-1,-1,-1,-1,-1,-1,0,-1
2024010516030,2024,010516030,1,9,0,99,99,9,9,99,99,0,9,99,9,99,1,9,6,6,3,-1,-1,-1,-1,-1,-1,-1,-1,0,-1
2024010520588,2024,010520588,1,9,9,99,99,9,9,99,99,9,9,99,9,99,9,9,6,6,3,-1,-1,-1,-1,-1,-1,-1,-1,0,-1
2024411452401,2024,411452401,2,1,0,-1,-1,-1,-1,-1,-1,8,-1,-1,-1,0,-1,1,-1,6,1,51,8,-1,-1,-1,-1,7,E01023935,0,1
2024010513106,2024,010513106,1,9,0,99,99,9,9,99,99,0,9,99,9,99,2,9,6,6,1,28,6,-1,-1,-1,-1,4,E01001182,0,1
2024010496676,2024,010496676,1,8,9,18,19,9,9,99,99,9,9,99,9,99,9,9,6,6,3,-1,-1,-1,-1,-1,-1,-1,-1,0,-1
2024041480486,2024,041480486,1,97,0,-1,13,7,3,-1,0,0,0,0,0,0,1,1,-1,9,1,76,11,-1,-1,-1,-1,6,E01025495,0,3
2024411503517,2024,411503517,3,9,0,-1,19,3,7,-1,0,1,0,0,0,0,1,1,-1,1,1,42,7,-1,-1,-1,-1,10,E01021351,0,4
2024440319355,2024,440319355,1,90,0,4,4,4,8,0,0,8,0,0,0,0,1,1,1,1,1,30,6,-1,-1,-1,-1,-1,-1,0,-1
2024052402312,2024,052402312,2,23,0,18,19,8,4,0,0,8,0,0,0,0,1,1,6,6,1,73,10,-1,-1,-1,-1,1,E01006769,0,1
2024010488106,2024,010488106,2,1,9,99,99,9,9,99,99,9,9,99,9,99,9,1,6,6,1,-1,-1,-1,-1,-1,-1,-1,-1,0,-1
2024440496863,2024,440496863,1,9,0,18,19,5,1,0,0,0,0,0,0,0,1,1,6,6,1,63,9,-1,-1,-1,-1,7,E01028690,0,4
2024010519971,2024,010519971,2,9,0,3,3,5,1,0,0,0,0,0,0,0,1,1,6,6,2,33,6,-1,-1,-1,-1,3,E01000737,0,1
2024401501692,2024,401501692,1,97,-1,-1,14,5,1,-1,0,0,0,0,0,0,0,1,-1,6,3,-1,-1,-1,-1,-1,-1,-1,-1,0,-1
2024010501971,2024,010501971,2,9,0,99,99,9,9,99,99,9,9,99,9,99,9,9,6,6,3,-1,-1,-1,-1,-1,-1,-1,-1,0,-1
2024101479667,2024,101479667,1,-1,0,-1,19,3,7,-1,0,0,0,0,0,0,1,1,-1,9,1,12,3,-1,-1,-1,-1,1,E01008399,1,1
2024201491327,2024,201491327,2,9,0,-1,19,5,3,-1,0,6,0,0,0,0,1,1,-1,6,-1,-1,-1,-1,-1,-1,-1,-1,-1,0,-1
2024320574708,2024,320574708,2,19,0,9,9,6,2,0,0,8,0,0,0,0,3,1,-1,-1,1,64,9,-1,-1,-1,-1,3,E01034685,0,1
2024010502548,2024,010502548,1,9,0,7,7,5,7,0,0,5,0,0,0,0,3,1,1,1,2,50,8,-1,-1,-1,-1,2,E01000008,0,1
2024547953124,2024,547953124,2,9,0,18,19,8,4,0,0,1,0,0,0,0,1,1,6,6,1,53,8,-1,-1,-1,-1,10,E01032055,0,2
2024548853224,2024,548853224,1,11,0,13,13,5,1,0,0,0,0,0,0,0,4,1,6,6,1,40,7,-1,-1,-1,-1,-1,-1,0,-1
2024201520385,2024,201520385,1,19,0,-1,19,5,1,-1,0,1,0,0,0,0,1,1,-1,6,1,-1,-1,-1,-1,-1,-1,-1,-1,0,-1
2024010547210,2024,010547210,1,9,0,18,19,1,5,0,0,7,0,0,0,0,1,1,6,6,3,-1,-1,-1,-1,-1,-1,-1,-1,0,-1
2024010508081,2024,010508081,2,1,0,18,19,5,1,0,0,1,0,4,7,0,1,1,1,1,1,20,4,-1,-1,-1,-1,4,E01001137,0,1
2024010541785,2024,010541785,1,1,9,99,99,9,9,99,99,9,9,99,9,99,9,1,2,2,2,28,6,-1,-1,-1,-1,6,E01002861,0,1
2024010528951,2024,010528951,3,19,0,18,19,8,4,0,0,1,0,0,0,0,3,1,1,1,1,30,6,-1,-1,-1,-1,5,E01032800,0,4
2024461402475,2024,461402475,1,9,0,-1,19,3,7,-1,-1,0,0,0,0,0,1,9,-1,2,1,45,7,-1,-1,-1,-1,7,E01035306,0,4
2024522401197,2024,522401197,1,1,0,5,5,3,7,0,0,0,0,0,0,0,4,1,6,6,1,64,9,-1,-1,-1,-1,10,E01014849,0,2
2024161524567,2024,161524567,2,1,0,-1,9,8,6,-1,0,1,0,0,0,0,1,1,-1,2,1,39,7,-1,-1,-1,-1,5,E01013244,0,1
2024101408338,2024,101408338,1,8,0,-1,7,4,6,-1,0,8,0,0,0,0,1,9,-1,6,1,-1,-1,-1,-1,-1,-1,-1,-1,0,-1
2024440188671,2024,440188671,3,9,0,3,3,2,6,0,0,5,0,0,0,0,2,1,6,6,1,22,5,-1,-1,-1,-1,6,E01030912,0,4
2024010510791,2024,010510791,1,1,9,99,99,9,9,99,99,9,9,99,9,99,2,1,6,6,2,-1,-1,-1,-1,-1,-1,10,E01002967,0,1
2024010498609,2024,010498609,1,1,9,99,99,9,9,99,99,9,9,99,9,99,9,1,2,2,2,34,6,-1,-1,-1,-1,3,E01035643,0,1
2024991466988,2024,991466988,2,1,0,-1,9,6,4,-1,0,8,0,0,0,0,1,1,-1,6,1,42,7,-1,-1,-1,-1,9,-1,0,1
2024131523094,2024,131523094,2,1,0,-1,19,6,8,-1,0,1,5,0,0,0,4,1,-1,9,1,48,8,-1,-1,-1,-1,5,E01011356,0,1
2024010528678,2024,010528678,1,9,0,3,3,3,7,0,0,1,0,0,0,0,2,1,6,6,1,21,5,-1,-1,-1,-1,2,E01001364,0,1
2024522401322,2024,522401322,2,1,0,13,13,8,4,0,0,8,0,0,0,0,1,1,6,6,1,56,9,-1,-1,-1,-1,5,E01014671,0,1
2024311527832,2024,311527832,1,9,0,-1,19,4,8,-1,0,5,0,7,1,0,1,1,-1,9,1,51,8,-1,-1,-1,-1,-1,-1,0,-1
2024201448996,2024,201448996,1,9,0,-1,19,4,8,-1,0,0,0,0,0,0,1,1,-1,6,2,36,7,-1,-1,-1,-1,1,E01010363,0,3
2024991482194,2024,991482194,2,9,0,-1,6,8,4,-1,0,0,0,0,0,0,3,1,-1,9,2,47,8,-1,-1,-1,-1,1,E01024081,0,5
2024471425754,2024,471425754,5,9,-1,-1,4,5,3,-1,0,1,0,0,0,0,2,9,-1,6,3,-1,-1,-1,-1,-1,-1,-1,-1,0,-1
2024461511768,2024,461511768,1,19,0,-1,19,5,1,-1,0,0,0,11,0,0,1,1,-1,6,-1,-1,-1,-1,-1,-1,-1,-1,-1,0,-1
2024010493996,2024,010493996,3,9,9,99,99,9,9,99,99,0,9,99,9,99,9,1,6,6,3,-1,-1,-1,-1,-1,-1,-1,-1,0,-1
202417L307224,2024,17L307224,2,23,0,-1,19,5,1,-1,0,8,0,0,0,0,1,1,-1,9,1,17,4,-1,-1,-1,-1,5,E01012129,0,1
2024371431492,2024,371431492,2,-1,5,-1,19,7,3,-1,0,0,0,0,1,0,1,1,-1,9,1,58,9,-1,-1,-1,-1,-1,-1,1,-1
2024430038665,2024,430038665,1,9,0,7,7,8,2,0,0,5,0,0,0,0,4,1,6,6,3,-1,-1,-1,-1,-1,-1,-1,-1,0,-1
2024610006524,2024,610006524,1,9,0,18,19,7,3,9,9,0,0,0,0,0,1,1,6,6,3,-1,-1,-1,-1,-1,-1,-1,-1,0,-1
2024332400586,2024,332400586,1,9,0,-1,19,3,7,-1,0,8,0,0,0,0,1,1,-1,9,1,45,7,-1,-1,-1,-1,7,E01013615,0,1
2024430268489,2024,430268489,1,9,0,16,19,4,8,0,0,4,0,0,0,0,1,1,6,6,3,32,6,-1,-1,-1,-1,-1,-1,0,-1
2024430199374,2024,430199374,1,9,0,4,4,9,9,0,0,4,0,0,0,0,1,1,6,6,1,32,6,-1,-1,-1,-1,-1,-1,0,-1
2024440455744,2024,440455744,1,9,0,5,5,5,1,0,0,3,1,0,5,6,3,1,2,2,1,45,7,-1,-1,-1,-1,3,E01017185,0,1
2024991493690,2024,991493690,2,9,0,-1,19,1,5,-1,0,2,0,0,0,0,1,1,-1,6,1,33,6,-1,-1,-1,-1,-1,-1,0,-1
2024430451033,2024,430451033,1,1,0,18,19,8,4,0,0,8,0,0,0,0,3,1,2,2,1,59,9,-1,-1,-1,-1,7,E01016493,0,1
2024451485356,2024,451485356,2,9,0,-1,2,0,0,-1,9,0,0,0,0,0,2,1,-1,6,-1,-1,-1,-1,-1,-1,-1,-1,-1,0,-1
2024010544070,2024,010544070,1,1,9,18,19,9,9,99,99,9,9,99,9,99,1,1,2,2,1,38,7,-1,-1,-1,-1,3,E01001834,0,2
2024010530052,2024,010530052,2,1,5,18,19,3,7,0,0,4,0,0,0,0,4,1,6,6,2,23,5,-1,-1,-1,-1,5,E01001275,0,1
2024440419162,2024,440419162,2,9,0,7,7,2,4,0,0,1,0,0,0,0,1,1,6,6,1,-1,-1,-1,-1,-1,-1,-1,-1,0,-1
2024010493633,2024,010493633,2,9,0,99,99,9,9,99,99,9,9,99,9,99,9,9,6,6,3,-1,-1,-1,-1,-1,-1,-1,-1,0,-1
2024010519024,2024,010519024,1,9,0,18,19,1,5,0,0,8,0,0,0,0,4,1,6,6,1,47,8,-1,-1,-1,-1,-1,-1,0,-1