collision_index,collision_year,collision_ref_no,vehicle_reference,vehicle_type,towing_and_articulation,vehicle_manoeuvre_historic,vehicle_manoeuvre,vehicle_direction_from,vehicle_direction_to,vehicle_location_restricted_lane_historic,vehicle_location_restricted_lane,junction_location,skidding_and_overturning,hit_object_in_carriageway,vehicle_leaving_carriageway,hit_object_off_carriageway,first_point_of_impact,vehicle_left_hand_drive,journey_purpose_of_driver_historic,journey_purpose_of_driver,sex_of_driver,age_of_driver,age_band_of_driver,engine_capacity_cc,propulsion_code,age_of_vehicle,generic_make_model,driver_imd_decile,lsoa_of_driver,escooter_flag,driver_distance_banding
2024010548909,2024,010548909,1,1,9,99,99,9,9,99,99,9,9,99,9,99,1,1,6,6,1,-1,-1,-1,-1,-1,-1,-1,-1,0,-1
2024010544531,2024,010544531,1,9,0,18,19,7,3,0,0,8,0,0,0,0,1,1,6,6,3,-1,-1,-1,-1,-1,-1,-1,-1,0,-1
2024131483975,2024,131483975,1,9,0,-1,19,1,1,-1,0,0,0,0,0,0,3,1,-1,2,1,21,5,-1,-1,-1,-1,1,E01010811,0,1
2024201514442,2024,201514442,2,9,0,-1,5,4,8,-1,0,8,0,0,3,0,4,1,-1,7,2,39,7,-1,-1,-1,-1,6,E01010184,0,3
2024010526741,2024,010526741,1,1,9,99,99,9,9,99,99,9,9,99,9,99,9,1,6,6,1,33,6,-1,-1,-1,-1,7,E01001084,0,1
2024421438257,2024,421438257,4,9,0,-1,4,3,7,-1,0,0,0,1,0,0,2,1,-1,2,1,43,7,-1,-1,-1,-1,5,E01024561,0,4
2024010538040,2024,010538040,2,1,0,4,4,3,7,0,0,1,5,0,0,0,1,1,6,6,1,30,6,-1,-1,-1,-1,6,E01001245,0,1
2024401539350,2024,401539350,2,9,0,-1,19,2,6,-1,0,1,0,0,0,0,1,1,-1,1,2,44,7,-1,-1,-1,-1,7,E01017427,0,1
2024010491745,2024,010491745,2,9,0,99,99,9,9,99,99,9,9,99,9,99,2,9,6,6,3,-1,-1,-1,-1,-1,-1,-1,-1,0,-1
2024451471694,2024,451471694,2,11,0,-1,19,3,7,-1,0,0,0,0,0,0,4,9,-1,6,1,-1,-1,-1,-1,-1,-1,-1,-1,0,-1
2024201494511,2024,201494511,1,9,0,-1,5,5,1,-1,2,0,0,0,0,0,1,9,-1,6,2,-1,-1,-1,-1,-1,-1,-1,-1,0,-1
2024340NN0462,2024,340NN0462,1,9,0,-1,19,4,8,-1,0,1,0,0,0,0,1,1,-1,6,2,-1,-1,-1,-1,-1,-1,-1,-1,0,-1
2024061524071,2024,061524071,2,9,0,-1,19,-1,-1,-1,0,1,0,0,0,0,1,1,-1,6,3,-1,-1,-1,-1,-1,-1,-1,-1,0,-1
2024010518607,2024,010518607,1,1,9,99,99,9,9,99,99,0,9,99,0,0,9,1,6,6,1,36,7,-1,-1,-1,-1,5,E01001240,0,2
2024991449710,2024,991449710,2,9,0,-1,19,1,5,-1,0,0,0,0,0,0,4,1,-1,2,1,60,9,-1,-1,-1,-1,5,-1,0,1
2024010505483,2024,010505483,1,9,0,99,99,9,9,99,99,9,9,99,9,99,1,9,6,6,3,-1,-1,-1,-1,-1,-1,-1,-1,0,-1
2024010541767,2024,010541767,1,1,9,99,99,9,9,99,99,9,9,99,9,99,9,1,6,6,1,45,7,-1,-1,-1,-1,5,E01002667,0,1
2024522401370,2024,522401370,2,1,0,18,19,1,5,0,0,8,0,0,0,0,3,1,6,6,1,55,8,-1,-1,-1,-1,2,E01014802,0,1
2024010534814,2024,010534814,1,9,0,99,99,9,9,99,99,9,9,99,9,99,9,9,6,6,3,-1,-1,-1,-1,-1,-1,-1,-1,0,-1
2024010505677,2024,010505677,1,1,9,99,99,9,9,99,99,9,9,99,9,99,9,1,2,2,1,36,7,-1,-1,-1,-1,6,E01001989,0,2
2024201406944,2024,201406944,2,1,0,-1,3,2,4,-1,0,2,0,0,0,0,1,1,-1,6,1,27,6,-1,-1,-1,-1,-1,-1,0,-1
2024010507854,2024,010507854,1,1,9,99,99,9,9,99,99,1,9,99,9,99,9,1,6,6,2,31,6,-1,-1,-1,-1,2,E01003246,0,1
2024052400632,2024,052400632,1,19,0,5,5,3,7,0,0,1,0,0,0,0,3,1,6,6,3,-1,-1,-1,-1,-1,-1,-1,-1,0,-1
2024520002326,2024,520002326,1,1,0,4,4,4,8,0,0,0,0,0,0,0,9,1,6,6,1,66,10,-1,-1,-1,-1,8,E01014452,0,1
2024010496734,2024,010496734,1,3,9,99,99,9,9,99,99,1,9,99,9,99,9,1,1,1,3,34,6,-1,-1,-1,-1,3,E01000511,0,1
2024131473480,2024,131473480,2,1,0,-1,19,2,6,-1,0,1,0,0,0,0,1,1,-1,6,2,24,5,-1,-1,-1,-1,6,E01010955,0,2
2024041450630,2024,041450630,1,9,0,-1,19,1,5,-1,0,1,0,0,0,0,1,1,-1,6,2,21,5,-1,-1,-1,-1,9,E01025490,0,1
202460Q185162,2024,60Q185162,1,1,0,9,9,5,1,0,0,8,0,0,0,0,3,1,6,6,1,30,6,-1,-1,-1,-1,-1,-1,0,-1
2024610008224,2024,610008224,1,9,0,18,19,2,6,0,0,8,0,0,0,0,1,1,6,6,1,63,9,-1,-1,-1,-1,7,W01001625,0,1
2024332400072,2024,332400072,1,8,0,-1,19,7,3,-1,0,6,0,0,0,0,1,1,-1,1,1,32,6,-1,-1,-1,-1,1,E01013726,0,3
2024411561288,2024,411561288,2,1,0,-1,19,5,3,-1,0,8,5,0,0,0,4,1,-1,6,1,55,8,-1,-1,-1,-1,10,E01023826,0,1
2024070985788,2024,070985788,2,21,0,-1,19,1,5,-1,0,0,0,0,0,0,1,9,-1,1,3,-1,-1,-1,-1,-1,-1,-1,-1,0,-1
2024010489241,2024,010489241,1,9,0,9,9,6,3,0,0,2,0,0,0,0,1,1,1,1,2,41,7,-1,-1,-1,-1,4,E01000900,0,1
2024440165422,2024,440165422,2,1,0,18,19,4,8,5,5,8,0,0,0,0,1,1,6,6,1,69,10,-1,-1,-1,-1,2,E01017201,0,1
2024610018024,2024,610018024,1,9,0,18,19,1,5,0,0,0,0,0,0,0,1,1,6,6,1,18,4,-1,-1,-1,-1,3,W01001787,0,2
2024520402613,2024,520402613,3,9,0,2,2,0,0,0,0,0,0,0,1,11,2,1,6,6,3,-1,-1,-1,-1,-1,-1,-1,-1,0,-1
2024201454674,2024,201454674,1,9,0,-1,9,5,3,-1,0,5,0,0,0,0,1,9,-1,6,2,24,5,-1,-1,-1,-1,7,E01009771,0,1
2024010495714,2024,010495714,1,9,0,18,19,3,7,0,0,8,0,0,0,0,4,1,1,1,2,32,6,-1,-1,-1,-1,4,E01001484,0,1
2024052401134,2024,052401134,2,9,0,18,19,4,8,0,0,8,0,0,0,0,3,1,2,2,1,28,6,-1,-1,-1,-1,9,E01007150,0,2
2024101535590,2024,101535590,2,22,0,-1,4,2,4,-1,9,2,0,99,0,0,3,1,-1,6,1,81,11,-1,-1,-1,-1,7,E01027364,0,1
2024991416468,2024,991416468,1,9,0,-1,3,1,5,-1,0,0,0,0,0,0,1,1,-1,9,1,37,7,-1,-1,-1,-1,7,-1,0,4
2024052401043,2024,052401043,1,9,0,9,9,1,7,0,0,1,0,0,0,0,3,1,1,1,2,-1,-1,-1,-1,-1,-1,-1,-1,0,-1
2024991462248,2024,991462248,2,22,0,-1,19,1,5,-1,0,0,0,0,0,0,3,1,-1,9,1,32,6,-1,-1,-1,-1,5,E01022258,0,5
2024041452423,2024,041452423,1,9,0,-1,19,-1,-1,-1,0,0,0,0,0,0,1,9,-1,6,3,-1,-1,-1,-1,-1,-1,-1,-1,0,-1
2024101424867,2024,101424867,1,9,0,-1,9,1,2,-1,0,1,0,0,0,0,3,1,-1,6,1,65,9,-1,-1,-1,-1,6,E01008685,0,1
2024231410218,2024,231410218,2,1,0,-1,7,1,2,-1,0,6,0,0,0,0,4,1,-1,6,2,53,8,-1,-1,-1,-1,10,E01031305,0,1
202460Q156685,2024,60Q156685,1,11,0,18,19,3,7,0,0,1,0,0,0,0,4,1,6,6,3,-1,-1,-1,-1,-1,-1,-1,-1,0,-1
2024052401460,2024,052401460,1,-1,0,18,19,2,6,0,0,0,0,0,0,0,0,1,6,6,1,10,2,-1,-1,-1,-1,1,E01006574,1,1
2024010506768,2024,010506768,1,1,9,99,99,9,9,99,99,9,9,99,9,99,2,1,2,2,1,41,7,-1,-1,-1,-1,3,E01000481,0,1
2024071037517,2024,071037517,2,1,0,-1,19,6,2,-1,9,0,0,0,1,0,2,1,-1,9,1,42,7,-1,-1,-1,-1,7,E01018395,0,1
2024101429294,2024,101429294,1,9,0,-1,-1,-1,-1,-1,-1,0,-1,-1,-1,0,-1,9,-1,6,3,-1,-1,-1,-1,-1,-1,-1,-1,0,-1
2024061475172,2024,061475172,1,90,0,-1,19,1,5,-1,0,1,0,0,0,0,1,1,-1,9,1,20,4,-1,-1,-1,-1,-1,-1,0,-1
2024421501783,2024,421501783,2,1,0,-1,19,3,3,-1,0,0,0,0,1,0,3,1,-1,6,1,31,6,-1,-1,-1,-1,-1,-1,0,-1
2024010492576,2024,010492576,2,9,0,99,99,9,9,99,99,9,9,99,9,99,9,9,6,6,3,-1,-1,-1,-1,-1,-1,8,E01004119,0,4
2024522403045,2024,522403045,1,9,0,18,19,2,6,0,0,6,0,0,0,0,4,1,6,6,2,46,8,-1,-1,-1,-1,10,E01014714,0,1
2024351503901,2024,351503901,2,1,0,-1,19,5,1,-1,0,0,0,0,0,0,1,1,-1,9,2,16,4,-1,-1,-1,-1,5,E01033121,0,1
2024548048424,2024,548048424,1,9,0,18,19,5,1,0,0,2,0,0,0,0,1,1,6,6,3,-1,-1,-1,-1,-1,-1,-1,-1,0,-1
2024311453011,2024,311453011,1,-1,0,-1,19,7,3,-1,0,6,0,0,3,0,4,1,-1,6,3,16,4,-1,-1,-1,-1,-1,-1,1,-1
2024161423703,2024,161423703,2,9,0,-1,19,7,1,-1,0,0,0,0,0,0,1,1,-1,9,1,52,8,-1,-1,-1,-1,5,E01013027,0,1
2024010538328,2024,010538328,2,1,9,99,99,9,9,99,99,9,9,99,9,99,2,1,1,1,2,37,7,-1,-1,-1,-1,4,E01003145,0,1
2024991401421,2024,991401421,1,9,0,-1,9,4,2,-1,0,1,0,0,0,0,1,1,-1,6,1,41,7,-1,-1,-1,-1,2,-1,0,4
2024430134998,2024,430134998,3,9,0,3,3,2,6,0,0,0,0,0,0,0,2,1,6,6,2,48,8,-1,-1,-1,-1,-1,-1,0,-1
2024440244613,2024,440244613,2,9,0,3,3,5,8,0,0,1,0,0,0,0,1,1,6,6,3,-1,-1,-1,-1,-1,-1,-1,-1,0,-1
2024430030607,2024,430030607,1,9,0,18,19,4,8,0,0,1,0,0,0,0,1,1,6,6,1,19,4,-1,-1,-1,-1,10,E01017882,0,1
2024201432088,2024,201432088,1,9,0,-1,5,8,4,-1,0,4,0,0,0,0,3,9,-1,2,1,23,5,-1,-1,-1,-1,2,E01009980,0,1
2024461515468,2024,461515468,2,9,0,-1,19,1,5,-1,0,0,0,0,0,0,1,1,-1,2,1,36,7,-1,-1,-1,-1,5,E01024254,0,2
2024010517017,2024,010517017,1,1,9,18,19,4,8,4,4,1,9,0,0,0,1,1,1,1,1,19,4,-1,-1,-1,-1,1,E01033873,0,1
2024010533342,2024,010533342,2,9,0,99,99,9,9,99,99,9,9,99,9,99,9,9,6,6,3,-1,-1,-1,-1,-1,-1,-1,-1,0,-1
2024010510535,2024,010510535,2,1,0,5,5,3,7,0,0,8,0,0,0,0,1,1,6,6,2,33,6,-1,-1,-1,-1,-1,-1,0,-1
2024201452859,2024,201452859,1,9,0,-1,5,1,4,-1,0,1,0,0,0,0,1,9,-1,6,1,44,7,-1,-1,-1,-1,4,E01010427,0,3
2024010548448,2024,010548448,1,9,0,99,99,9,9,99,99,9,9,99,9,99,9,1,6,6,3,-1,-1,-1,-1,-1,-1,-1,-1,0,-1
2024131452197,2024,131452197,2,1,0,-1,19,7,3,-1,9,0,0,0,0,0,1,1,-1,9,1,8,2,-1,-1,-1,-1,8,E01011931,0,1
2024332400971,2024,332400971,2,1,0,-1,19,2,6,-1,0,8,0,0,0,0,1,1,-1,6,1,31,6,-1,-1,-1,-1,3,E01025997,0,1
2024010512902,2024,010512902,1,1,9,99,99,9,9,99,99,5,9,99,9,99,2,1,6,6,1,56,9,-1,-1,-1,-1,3,E01034388,0,1
2024311444698,2024,311444698,2,1,0,-1,19,1,5,-1,0,1,0,8,0,0,1,1,-1,2,1,32,6,-1,-1,-1,-1,8,E01028405,0,1
2024361436387,2024,361436387,1,9,0,-1,5,8,4,-1,0,0,0,0,0,0,1,1,-1,6,1,76,11,-1,-1,-1,-1,7,E01029955,0,4
2024010520152,2024,010520152,3,1,0,10,10,2,1,0,0,5,0,0,0,0,2,1,6,6,2,16,4,-1,-1,-1,-1,4,E01002706,0,1
2024010507943,2024,010507943,1,1,9,99,99,9,9,99,99,9,9,99,9,99,1,1,6,6,1,-1,-1,-1,-1,-1,-1,-1,-1,0,-1
2024340WN5782,2024,340WN5782,1,9,0,-1,7,7,1,-1,0,6,0,0,0,0,1,1,-1,6,1,-1,-1,-1,-1,-1,-1,-1,-1,0,-1
2024010545140,2024,010545140,2,1,0,18,19,1,5,0,0,8,5,0,0,0,4,1,6,6,2,30,6,-1,-1,-1,-1,2,E01035685,0,1
2024440204078,2024,440204078,1,9,0,16,19,4,7,0,0,1,0,0,0,0,3,1,6,6,1,30,6,-1,-1,-1,-1,10,E01022590,0,2
2024111521012,2024,111521012,1,9,0,-1,19,8,3,-1,0,0,0,0,0,0,1,1,-1,6,3,30,6,-1,-1,-1,-1,-1,-1,0,-1
2024440463959,2024,440463959,1,1,0,18,19,7,3,0,0,8,0,0,0,0,1,1,6,6,1,19,4,-1,-1,-1,-1,3,E01032751,0,1
202460Q098098,2024,60Q098098,2,98,1,18,19,5,1,0,0,1,0,0,0,0,1,1,6,6,1,56,9,-1,-1,-1,-1,-1,-1,0,-1
2024320083242,2024,320083242,1,9,0,-1,-1,2,6,0,0,0,0,0,0,0,1,1,6,6,1,42,7,-1,-1,-1,-1,10,E01026189,0,1
2024231536706,2024,231536706,1,9,0,-1,7,2,4,-1,0,5,0,0,0,0,1,1,-1,9,1,51,8,-1,-1,-1,-1,6,E01031178,0,1
2024991459577,2024,991459577,1,9,0,-1,12,7,3,-1,0,0,0,0,0,0,3,1,-1,9,1,51,8,-1,-1,-1,-1,6,-1,0,4
2024361520910,2024,361520910,1,9,0,-1,19,3,7,-1,0,0,0,0,0,0,1,9,-1,6,1,42,7,-1,-1,-1,-1,-1,-1,0,-1
2024010496275,2024,010496275,1,21,1,7,7,3,6,0,0,4,0,0,0,0,4,1,1,1,1,30,6,-1,-1,-1,-1,3,E01021328,0,4
2024451422522,2024,451422522,2,9,0,-1,5,7,3,-1,99,0,9,99,5,99,9,1,-1,6,1,-1,-1,-1,-1,-1,-1,-1,-1,0,-1
2024371504514,2024,371504514,1,9,0,-1,19,5,1,-1,0,0,0,0,0,0,4,1,-1,6,3,-1,-1,-1,-1,-1,-1,-1,-1,0,-1
2024010489402,2024,010489402,2,8,0,99,99,9,9,0,0,9,9,99,9,99,2,9,6,6,3,-1,-1,-1,-1,-1,-1,-1,-1,0,-1
2024991447739,2024,991447739,2,1,0,-1,19,6,1,-1,0,8,0,0,0,0,1,1,-1,9,1,15,3,-1,-1,-1,-1,9,-1,0,1
2024461476425,2024,461476425,1,9,0,-1,19,6,4,-1,0,3,0,0,0,0,0,9,-1,9,1,67,10,-1,-1,-1,-1,7,E01024458,0,2
2024061461654,2024,061461654,2,1,0,-1,19,-1,-1,-1,0,0,1,0,0,0,9,1,-1,6,1,-1,-1,-1,-1,-1,-1,3,E01005628,0,1
2024371498702,2024,371498702,2,1,0,-1,19,6,2,-1,0,1,5,0,0,0,1,1,-1,6,1,28,6,-1,-1,-1,-1,6,E01030112,0,1
2024010521618,2024,010521618,1,1,9,99,99,9,9,99,99,9,9,99,9,99,1,1,2,2,1,18,4,-1,-1,-1,-1,8,E01003446,0,1
2024302401697,2024,302401697,2,9,0,-1,19,3,7,-1,0,1,0,0,0,0,1,1,-1,6,3,-1,-1,-1,-1,-1,-1,-1,-1,0,-1
2024010522185,2024,010522185,1,1,9,99,99,9,9,99,99,9,9,99,9,99,2,1,2,2,1,22,5,-1,-1,-1,-1,7,E01002714,0,1
2024061414596,2024,061414596,1,3,0,-1,19,3,7,-1,9,0,0,10,7,0,1,1,-1,6,1,18,4,-1,-1,-1,-1,1,E01005141,0,1
2024061517967,2024,061517967,1,8,0,-1,19,4,7,-1,0,0,0,0,0,0,3,9,-1,6,3,-1,-1,-1,-1,-1,-1,-1,-1,0,-1
2024070982855,2024,070982855,1,1,0,-1,19,7,3,-1,0,6,0,0,0,0,1,1,-1,9,1,12,3,-1,-1,-1,-1,9,E01012562,0,1
2024052402678,2024,052402678,1,8,0,2,2,0,0,0,0,9,0,0,0,0,3,1,6,6,3,-1,-1,-1,-1,-1,-1,-1,-1,0,-1
2024010492571,2024,010492571,1,9,0,9,9,7,4,0,0,1,0,0,0,0,1,1,6,6,2,70,10,-1,-1,-1,-1,10,E01003892,0,1
202460Q149566,2024,60Q149566,2,9,0,18,19,4,8,0,0,1,0,0,1,9,1,1,6,6,1,63,9,-1,-1,-1,-1,-1,-1,0,-1
2024141502896,2024,141502896,1,9,0,-1,19,6,2,-1,0,0,0,0,0,0,1,9,-1,6,1,36,7,-1,-1,-1,-1,1,E01007738,0,3
2024231442478,2024,231442478,1,9,0,-1,9,8,6,-1,0,5,0,0,0,0,4,1,-1,6,2,26,6,-1,-1,-1,-1,1,E01009978,0,4
2024302400144,2024,302400144,1,9,0,7,7,8,2,0,0,1,0,0,0,0,1,1,6,6,3,-1,-1,-1,-1,-1,-1,5,E01019456,0,3
2024111511343,2024,111511343,2,9,-1,-1,2,6,2,-1,0,0,0,0,0,0,-1,9,-1,6,2,36,7,-1,-1,-1,-1,-1,-1,0,-1
2024010491463,2024,010491463,2,5,0,3,3,5,1,0,0,1,0,0,0,0,1,1,1,1,1,50,8,-1,-1,-1,-1,10,E01024337,0,4
2024501424005,2024,501424005,1,1,0,-1,19,5,3,-1,0,6,0,0,0,0,1,1,-1,2,2,47,8,-1,-1,-1,-1,10,E01020004,0,1
2024231408754,2024,231408754,1,9,0,-1,19,6,2,-1,0,0,0,0,0,0,1,9,-1,6,3,40,7,-1,-1,-1,-1,-1,-1,0,-1
2024052400097,2024,052400097,2,1,0,18,19,4,8,0,0,1,0,0,0,0,2,1,6,6,1,15,3,-1,-1,-1,-1,1,E01006762,0,1
2024010495829,2024,010495829,1,1,0,18,19,5,1,0,0,1,2,11,0,0,1,1,6,6,1,21,5,-1,-1,-1,-1,-1,-1,0,-1
2024010500073,2024,010500073,2,1,0,18,19,3,7,4,4,2,0,0,0,0,1,1,6,6,1,30,6,-1,-1,-1,-1,5,E01003116,0,2
2024311423289,2024,311423289,2,9,0,-1,-1,-1,-1,-1,0,6,0,0,0,0,-1,1,-1,6,1,-1,-1,-1,-1,-1,-1,-1,-1,0,-1
2024221473705,2024,221473705,3,9,0,-1,4,5,1,-1,0,2,0,4,0,0,2,9,-1,9,2,48,8,-1,-1,-1,-1,5,E01032328,0,1
2024010529022,2024,010529022,1,19,0,18,19,5,1,0,0,8,0,0,0,0,3,1,6,6,3,-1,-1,-1,-1,-1,-1,-1,-1,0,-1
2024052400798,2024,052400798,1,9,0,4,4,5,1,0,0,0,0,0,0,0,1,1,6,6,1,-1,-1,-1,-1,-1,-1,-1,-1,0,-1
2024440371852,2024,440371852,1,9,0,17,19,7,3,0,0,0,0,0,0,0,1,1,2,2,1,33,6,-1,-1,-1,-1,3,E01017185,0,1
202417L211024,2024,17L211024,2,9,0,-1,4,2,6,-1,0,1,0,0,0,0,2,1,-1,6,1,-1,-1,-1,-1,-1,-1,-1,-1,0,-1
2024131407360,2024,131407360,2,1,0,-1,19,8,4,-1,0,8,5,0,0,0,1,1,-1,6,1,21,5,-1,-1,-1,-1,6,E01010911,0,1
2024543459224,2024,543459224,2,11,0,2,2,0,0,0,0,0,0,0,0,0,0,1,1,1,3,-1,-1,-1,-1,-1,-1,-1,-1,0,-1
2024010542278,2024,010542278,2,1,0,18,19,3,7,9,9,4,0,0,0,0,1,1,1,1,1,35,6,-1,-1,-1,-1,3,E01004251,0,1
2024010540701,2024,010540701,2,9,0,99,99,9,9,99,99,9,9,99,9,99,9,9,6,6,3,-1,-1,-1,-1,-1,-1,2,E01001625,0,1
2024430437896,2024,430437896,2,9,0,18,19,5,1,0,0,0,0,0,0,0,1,1,6,6,1,-1,-1,-1,-1,-1,-1,-1,-1,0,-1
2024411452384,2024,411452384,2,1,-1,-1,-1,-1,-1,-1,-1,-1,-1,-1,-1,0,-1,1,-1,2,1,51,8,-1,-1,-1,-1,10,E01023654,0,1
2024010513321,2024,010513321,1,-1,0,18,19,1,5,9,9,1,0,0,0,0,9,9,6,6,3,-1,-1,-1,-1,-1,-1,-1,-1,1,-1
2024401400055,2024,401400055,2,16,0,-1,19,5,1,-1,0,8,0,0,0,0,0,1,-1,6,2,58,9,-1,-1,-1,-1,5,E01017412,0,2
2024221416670,2024,221416670,1,19,0,-1,19,7,3,-1,0,0,0,0,0,0,1,9,-1,6,3,38,7,-1,-1,-1,-1,-1,-1,0,-1
2024010545602,2024,010545602,2,1,9,99,99,9,9,99,99,9,9,99,9,99,1,1,2,2,2,30,6,-1,-1,-1,-1,4,E01003169,0,1
2024010537325,2024,010537325,1,90,0,99,99,9,9,99,99,9,9,99,9,99,1,9,6,6,3,-1,-1,-1,-1,-1,-1,-1,-1,0,-1
2024010530337,2024,010530337,1,19,0,18,19,7,3,0,0,0,0,0,0,0,1,1,6,6,1,25,5,-1,-1,-1,-1,4,E01003608,0,2
2024201522274,2024,201522274,2,9,0,-1,9,4,2,-1,0,5,0,0,0,0,1,1,-1,1,1,22,5,-1,-1,-1,-1,2,E01009393,0,3
2024010517719,2024,010517719,2,1,0,18,19,1,5,0,0,2,5,0,0,0,1,1,1,1,1,38,7,-1,-1,-1,-1,2,E01001710,0,3
2024010488218,2024,010488218,2,9,0,99,99,9,9,99,99,9,9,99,9,99,9,9,6,6,1,33,6,-1,-1,-1,-1,10,E01000445,0,1
2024161423711,2024,161423711,2,9,0,-1,9,3,5,-1,0,8,0,0,0,0,3,1,-1,6,1,41,7,-1,-1,-1,-1,4,E01012804,0,1
2024501409994,2024,501409994,2,9,4,-1,19,2,7,-1,0,8,3,0,0,0,1,1,-1,6,1,62,9,-1,-1,-1,-1,5,E01018902,0,4
2024451521035,2024,451521035,2,1,0,-1,19,7,3,-1,0,1,0,0,0,0,4,1,-1,2,1,40,7,-1,-1,-1,-1,2,E01001021,0,3
2024440121945,2024,440121945,2,1,0,18,19,1,5,0,0,8,0,0,0,0,1,1,6,6,1,22,5,-1,-1,-1,-1,4,E01017192,0,1
2024471397189,2024,471397189,1,9,0,-1,7,7,3,-1,0,6,0,0,0,0,3,1,-1,1,1,58,9,-1,-1,-1,-1,4,E01020427,0,4
2024991480138,2024,991480138,1,9,0,-1,9,5,2,-1,0,1,0,0,0,0,1,2,-1,9,1,45,7,-1,-1,-1,-1,-1,-1,0,-1
2024010501659,2024,010501659,1,1,9,99,99,9,9,99,99,0,9,99,9,99,9,1,2,2,2,35,6,-1,-1,-1,-1,7,E01002675,0,3
2024211400073,2024,211400073,1,9,-1,-1,-1,-1,-1,-1,-1,-1,-1,-1,-1,0,-1,9,-1,6,2,-1,-1,-1,-1,-1,-1,-1,-1,0,-1
2024201431382,2024,201431382,1,9,0,-1,7,3,7,-1,0,3,0,0,0,0,1,9,-1,1,1,16,4,-1,-1,-1,-1,-1,-1,0,-1
2024010543154,2024,010543154,2,22,0,18,19,3,7,0,0,8,0,0,0,0,2,1,6,6,1,60,9,-1,-1,-1,-1,3,E01001688,0,1
2024141504831,2024,141504831,1,9,0,-1,19,3,7,-1,0,8,0,0,0,0,-1,9,-1,6,2,-1,-1,-1,-1,-1,-1,-1,-1,0,-1
2024531409064,2024,531409064,1,9,0,-1,19,7,3,-1,0,0,0,0,0,0,3,1,-1,1,1,58,9,-1,-1,-1,-1,10,E01022461,0,3
2024501509967,2024,501509967,1,9,0,-1,19,2,6,-1,0,0,0,0,0,0,0,9,-1,9,3,-1,-1,-1,-1,-1,-1,-1,-1,0,-1
2024340WN5822,2024,340WN5822,1,9,0,-1,19,5,1,-1,0,8,0,0,0,0,1,1,-1,6,1,-1,-1,-1,-1,-1,-1,-1,-1,0,-1
2024201467688,2024,201467688,1,9,0,-1,19,7,3,-1,0,0,0,0,0,0,1,1,-1,6,-1,-1,-1,-1,-1,-1,-1,-1,-1,0,-1
2024101479283,2024,101479283,1,19,-1,-1,-1,-1,-1,-1,-1,0,-1,-1,-1,0,-1,9,-1,6,3,-1,-1,-1,-1,-1,-1,-1,-1,0,-1
2024010521282,2024,010521282,1,1,9,99,99,9,9,99,99,9,9,99,9,99,9,1,2,2,1,42,7,-1,-1,-1,-1,2,E01001786,0,1
2024010526672,2024,010526672,2,9,9,1,1,9,9,99,99,9,9,99,9,99,2,9,6,6,3,-1,-1,-1,-1,-1,-1,-1,-1,0,-1
2024122500304,2024,122500304,1,9,0,18,19,7,3,0,0,0,1,0,0,0,1,1,6,6,1,17,4,-1,-1,-1,-1,7,E01027622,0,2
2024010531599,2024,010531599,1,9,0,99,99,9,9,99,99,9,9,99,9,99,2,9,6,6,1,61,9,-1,-1,-1,-1,10,E01003780,0,2
2024361489144,2024,361489144,1,9,0,-1,9,3,5,-1,0,8,0,0,0,0,1,1,-1,9,2,75,10,-1,-1,-1,-1,7,E01026517,0,1
2024052401566,2024,052401566,1,9,0,18,19,5,1,0,0,0,0,0,0,0,0,1,6,6,3,-1,-1,-1,-1,-1,-1,-1,-1,0,-1
2024991402969,2024,991402969,2,9,0,-1,5,2,6,-1,0,0,0,0,0,0,1,1,-1,6,1,62,9,-1,-1,-1,-1,6,-1,0,4
2024010537728,2024,010537728,1,9,0,18,19,1,5,0,0,1,0,0,0,0,1,1,2,2,2,31,6,-1,-1,-1,-1,2,E01001130,0,1
2024201433272,2024,201433272,1,9,0,-1,5,4,8,-1,0,4,0,0,0,0,1,1,-1,6,3,40,7,-1,-1,-1,-1,-1,-1,0,-1
2024520401684,2024,520401684,1,1,0,18,19,3,7,0,0,0,0,0,0,0,1,1,6,6,1,15,3,-1,-1,-1,-1,2,E01029105,0,1
2024522401259,2024,522401259,2,9,0,18,19,3,7,2,2,0,0,0,0,0,1,1,6,6,2,72,10,-1,-1,-1,-1,9,E01015419,0,4
2024061498791,2024,061498791,1,9,0,-1,7,7,1,-1,0,6,0,0,0,0,4,1,-1,1,1,48,8,-1,-1,-1,-1,9,E01005802,0,1
2024161490697,2024,161490697,2,9,0,-1,19,8,4,-1,0,1,0,0,0,0,1,1,-1,9,1,42,7,-1,-1,-1,-1,3,E01013099,0,1
2024010494165,2024,010494165,1,9,0,99,99,9,9,99,99,1,9,99,9,99,2,9,6,6,1,25,5,-1,-1,-1,-1,7,E01001226,0,3
2024101440431,2024,101440431,2,9,0,-1,13,3,2,-1,0,0,0,0,0,0,1,9,-1,6,3,-1,-1,-1,-1,-1,-1,-1,-1,0,-1
2024010525811,2024,010525811,1,9,0,4,4,5,1,0,0,1,0,0,0,0,2,1,6,6,1,26,6,-1,-1,-1,-1,-1,-1,0,-1
2024010496734,2024,010496734,2,9,9,99,99,9,9,99,99,6,9,99,9,99,9,9,6,6,3,34,6,-1,-1,-1,-1,-1,-1,0,-1
2024101441105,2024,101441105,2,1,0,-1,10,7,5,-1,0,1,5,0,0,0,4,1,-1,6,1,59,9,-1,-1,-1,-1,1,E01027392,0,1
2024451397665,2024,451397665,2,9,0,-1,9,3,1,-1,0,6,0,0,0,0,3,1,-1,6,2,57,9,-1,-1,-1,-1,3,E01007363,0,5
2024041530914,2024,041530914,2,1,0,-1,19,5,1,-1,0,0,0,0,0,0,1,1,-1,6,1,32,6,-1,-1,-1,-1,1,E01012724,0,1
2024471487225,2024,471487225,4,9,0,-1,19,6,2,-1,0,1,0,0,0,0,0,9,-1,6,-1,-1,-1,-1,-1,-1,-1,-1,-1,0,-1
2024101398470,2024,101398470,2,90,0,-1,19,2,6,-1,0,8,0,0,0,0,1,1,-1,9,1,20,4,-1,-1,-1,-1,6,E01008574,0,2
202454F260024,2024,54F260024,1,9,0,9,9,7,5,0,0,6,0,0,0,0,1,1,6,6,2,36,7,-1,-1,-1,-1,3,E01002697,0,5