collision_index,collision_year,collision_ref_no,vehicle_reference,vehicle_type,towing_and_articulation,vehicle_manoeuvre_historic,vehicle_manoeuvre,vehicle_direction_from,vehicle_direction_to,vehicle_location_restricted_lane_historic,vehicle_location_restricted_lane,junction_location,skidding_and_overturning,hit_object_in_carriageway,vehicle_leaving_carriageway,hit_object_off_carriageway,first_point_of_impact,vehicle_left_hand_drive,journey_purpose_of_driver_historic,journey_purpose_of_driver,sex_of_driver,age_of_driver,age_band_of_driver,engine_capacity_cc,propulsion_code,age_of_vehicle,generic_make_model,driver_imd_decile,lsoa_of_driver,escooter_flag,driver_distance_banding
2024131401018,2024,131401018,1,9,0,-1,19,1,5,-1,0,8,0,0,0,0,1,1,-1,6,1,25,5,-1,-1,-1,-1,4,E01010795,0,1
2024320030907,2024,320030907,1,9,0,13,13,2,6,0,0,0,1,0,7,0,4,1,1,1,1,41,7,-1,-1,-1,-1,3,E01026033,0,2
2024010494214,2024,010494214,1,9,0,99,99,9,9,99,99,9,9,99,9,99,1,9,6,6,2,60,9,-1,-1,-1,-1,5,E01001157,0,1
2024010521543,2024,010521543,2,9,9,99,99,9,9,0,0,4,0,0,0,0,9,9,6,6,3,-1,-1,-1,-1,-1,-1,-1,-1,0,-1
2024010538252,2024,010538252,1,19,9,99,99,9,9,99,99,9,9,0,0,0,9,9,6,6,1,-1,-1,-1,-1,-1,-1,-1,-1,0,-1
2024052400453,2024,052400453,2,1,0,18,19,3,7,0,0,1,0,0,0,0,1,1,2,2,1,51,8,-1,-1,-1,-1,1,E01006483,0,1
2024070796402,2024,070796402,1,4,0,-1,4,2,4,-1,0,2,5,11,0,4,1,1,-1,2,1,25,5,-1,-1,-1,-1,3,E01018482,0,2
2024471418598,2024,471418598,1,-1,0,-1,19,7,3,-1,0,0,0,0,0,0,0,1,-1,9,1,13,3,-1,-1,-1,-1,3,E01021044,1,2
2024201453637,2024,201453637,2,9,0,-1,5,3,7,-1,0,0,0,0,0,0,3,1,-1,1,1,54,8,-1,-1,-1,-1,9,E01009816,0,3
2024010548921,2024,010548921,2,1,0,18,19,7,3,4,4,8,0,0,0,0,1,1,6,6,1,40,7,-1,-1,-1,-1,3,E01004403,0,1
2024481563500,2024,481563500,1,1,0,-1,19,7,3,-1,0,1,0,0,0,0,1,1,-1,6,1,41,7,-1,-1,-1,-1,-1,-1,0,-1
2024201441822,2024,201441822,1,97,0,-1,19,8,4,-1,0,0,0,0,0,0,1,1,-1,6,1,24,5,-1,-1,-1,-1,2,E01010045,0,1
2024010518663,2024,010518663,1,1,9,99,99,9,9,99,99,0,9,99,9,99,9,1,2,2,1,24,5,-1,-1,-1,-1,7,E01002965,0,1
2024610035224,2024,610035224,2,9,0,18,19,6,2,0,0,0,0,0,0,0,1,1,1,1,1,41,7,-1,-1,-1,-1,5,E01022361,0,4
2024201485087,2024,201485087,2,9,0,-1,19,7,8,-1,0,8,0,0,0,0,1,9,-1,6,3,-1,-1,-1,-1,-1,-1,-1,-1,0,-1
2024211514679,2024,211514679,1,9,0,-1,19,8,5,-1,0,3,0,0,0,0,1,1,-1,2,1,54,8,-1,-1,-1,-1,5,E01029374,0,1
2024010503019,2024,010503019,1,1,0,18,19,1,5,0,0,2,0,0,0,0,3,1,2,2,1,27,6,-1,-1,-1,-1,2,E01001509,0,1
2024371458731,2024,371458731,1,9,0,-1,9,1,5,-1,0,1,0,0,0,0,3,1,-1,6,1,63,9,-1,-1,-1,-1,2,E01030025,0,1
2024010540091,2024,010540091,1,9,0,18,19,1,5,0,0,0,0,4,0,0,4,1,6,6,3,-1,-1,-1,-1,-1,-1,-1,-1,0,-1
2024010516959,2024,010516959,2,1,9,99,99,9,9,99,99,0,9,99,9,99,1,1,2,2,1,30,6,-1,-1,-1,-1,4,E01001884,0,1
2024010505271,2024,010505271,2,1,0,18,19,3,7,0,0,1,0,0,0,0,1,1,6,6,1,32,6,-1,-1,-1,-1,2,E01033865,0,1
2024010495848,2024,010495848,1,9,0,99,99,9,9,99,99,9,9,99,9,99,1,9,6,6,2,25,5,-1,-1,-1,-1,6,E01003314,0,1
2024302400079,2024,302400079,4,9,0,18,19,2,6,0,0,0,0,0,0,0,3,1,6,6,1,24,5,-1,-1,-1,-1,6,E01029467,0,4
2024010533145,2024,010533145,2,1,0,18,19,1,5,0,0,1,0,0,0,0,1,1,6,6,1,24,5,-1,-1,-1,-1,4,E01001241,0,1
2024520002513,2024,520002513,2,9,0,5,5,9,9,0,0,8,0,0,0,0,1,1,6,6,3,-1,-1,-1,-1,-1,-1,-1,-1,0,-1
2024111528127,2024,111528127,1,19,0,-1,19,4,2,-1,0,8,0,0,0,0,2,1,-1,6,3,30,6,-1,-1,-1,-1,-1,-1,0,-1
2024010528775,2024,010528775,2,9,0,9,9,7,5,0,0,1,0,0,0,0,1,1,6,6,3,-1,-1,-1,-1,-1,-1,-1,-1,0,-1
2024440033424,2024,440033424,1,9,0,18,19,2,6,0,0,1,0,0,0,0,1,1,6,6,2,-1,-1,-1,-1,-1,-1,-1,-1,0,-1
2024122401117,2024,122401117,1,1,0,18,19,5,2,0,0,1,0,0,0,0,1,1,6,6,2,18,4,-1,-1,-1,-1,8,E01027566,0,1
2024010487645,2024,010487645,1,3,0,18,19,7,3,0,0,1,0,0,0,0,3,1,2,2,2,23,5,-1,-1,-1,-1,4,E01004355,0,3
2024411469685,2024,411469685,3,9,0,-1,19,1,5,-1,0,1,0,0,0,0,0,1,-1,6,-1,-1,-1,-1,-1,-1,-1,-1,-1,0,-1
2024010522239,2024,010522239,1,1,0,13,13,7,3,0,0,0,0,0,0,0,1,1,6,6,1,15,3,-1,-1,-1,-1,7,E01003013,0,1
2024201432210,2024,201432210,2,1,0,-1,5,6,2,-1,0,1,0,0,0,0,1,1,-1,6,1,20,4,-1,-1,-1,-1,1,E01009062,0,1
2024991502570,2024,991502570,2,1,0,-1,19,5,7,-1,0,1,0,0,0,0,4,1,-1,9,2,51,8,-1,-1,-1,-1,-1,-1,0,-1
2024041461058,2024,041461058,1,9,0,-1,19,5,7,-1,0,2,0,0,0,0,1,1,-1,9,1,35,6,-1,-1,-1,-1,5,E01012616,0,1
2024430310995,2024,430310995,1,1,0,18,19,3,7,0,0,0,0,0,0,0,1,1,6,6,1,24,5,-1,-1,-1,-1,5,E01016405,0,1
2024451497207,2024,451497207,1,1,0,-1,19,1,5,-1,0,0,2,0,0,0,0,1,-1,2,1,47,8,-1,-1,-1,-1,9,E01030625,0,1
2024221398608,2024,221398608,1,8,0,-1,19,7,3,-1,0,8,0,0,0,0,1,1,-1,1,1,55,8,-1,-1,-1,-1,10,E01032324,0,3
2024010496112,2024,010496112,1,3,0,99,99,9,9,99,99,1,9,99,9,99,0,1,2,2,2,33,6,-1,-1,-1,-1,3,E01001175,0,2
2024010516350,2024,010516350,1,1,9,18,19,9,9,99,99,9,9,99,9,99,1,1,6,6,1,34,6,-1,-1,-1,-1,5,E01003080,0,1
2024010502034,2024,010502034,1,1,9,99,99,9,9,4,4,9,9,99,9,99,4,1,2,2,1,45,7,-1,-1,-1,-1,8,E01003422,0,2
202417S107124,2024,17S107124,2,9,0,-1,19,2,6,-1,0,3,0,0,0,0,1,1,-1,2,1,-1,-1,-1,-1,-1,-1,5,E01012290,0,1
2024547272324,2024,547272324,1,9,0,18,19,7,3,0,0,0,0,0,0,0,1,1,6,6,1,32,6,-1,-1,-1,-1,6,E01015489,0,1
2024010536305,2024,010536305,1,1,0,18,19,5,1,0,0,1,0,0,0,0,1,1,1,1,1,27,6,-1,-1,-1,-1,-1,-1,0,-1
2024201484904,2024,201484904,1,5,0,-1,13,7,3,-1,0,8,0,0,0,0,1,1,-1,9,1,30,6,-1,-1,-1,-1,4,E01009168,0,2
2024421433543,2024,421433543,6,9,0,-1,19,6,2,-1,0,0,0,0,0,0,4,1,-1,1,1,-1,-1,-1,-1,-1,-1,-1,-1,0,-1
2024461402090,2024,461402090,1,9,0,-1,19,5,1,-1,0,0,0,0,0,0,3,9,-1,9,3,-1,-1,-1,-1,-1,-1,-1,-1,0,-1
2024471516464,2024,471516464,1,9,0,-1,5,4,2,-1,0,2,0,0,0,0,3,9,-1,6,3,-1,-1,-1,-1,-1,-1,-1,-1,0,-1
2024340WN5812,2024,340WN5812,2,9,0,-1,19,4,2,-1,0,8,0,0,0,0,3,1,-1,9,2,21,5,-1,-1,-1,-1,10,E01027355,0,3
2024471458458,2024,471458458,3,1,0,-1,14,8,4,-1,0,1,0,0,0,0,3,1,-1,6,1,71,10,-1,-1,-1,-1,8,E01031416,0,1
2024231495339,2024,231495339,2,9,0,-1,9,8,6,-1,0,5,0,0,0,0,1,9,-1,6,3,28,6,-1,-1,-1,-1,-1,-1,0,-1
2024010492633,2024,010492633,1,9,0,18,19,5,1,0,0,0,0,0,0,0,1,1,6,6,2,81,11,-1,-1,-1,-1,2,E01002100,0,1
2024201520634,2024,201520634,1,9,0,-1,-1,-1,-1,-1,-1,-1,-1,-1,-1,0,-1,9,-1,6,3,-1,-1,-1,-1,-1,-1,-1,-1,0,-1
2024320062397,2024,320062397,2,1,0,-1,-1,6,2,0,0,1,0,0,0,0,2,1,1,1,1,26,6,-1,-1,-1,-1,2,E01026154,0,2
2024201477770,2024,201477770,2,1,0,-1,19,2,5,-1,0,8,0,0,0,0,3,1,-1,1,1,37,7,-1,-1,-1,-1,3,E01009864,0,1
2024010494541,2024,010494541,1,23,0,13,13,3,7,0,0,1,0,0,0,0,3,1,6,6,1,53,8,-1,-1,-1,-1,9,E01003797,0,2
2024371448339,2024,371448339,1,1,0,-1,19,8,4,-1,0,1,2,0,0,0,1,1,-1,6,1,36,7,-1,-1,-1,-1,9,E01030190,0,1
2024010508206,2024,010508206,1,1,9,99,99,9,9,99,99,9,9,99,9,99,9,1,6,6,3,-1,-1,-1,-1,-1,-1,-1,-1,0,-1
2024522402641,2024,522402641,1,19,0,18,19,2,6,9,9,0,0,0,1,0,4,1,6,6,1,-1,-1,-1,-1,-1,-1,-1,-1,0,-1
2024520002513,2024,520002513,1,1,0,18,19,5,1,0,0,8,0,0,0,0,4,1,6,6,2,42,7,-1,-1,-1,-1,7,E01014472,0,1
2024421407659,2024,421407659,2,1,-1,-1,19,-1,-1,-1,0,0,0,0,0,0,2,1,-1,6,1,14,3,-1,-1,-1,-1,4,E01021427,0,1
2024010547904,2024,010547904,1,1,9,99,99,9,9,99,99,9,9,99,9,99,1,1,2,2,1,30,6,-1,-1,-1,-1,6,E01000926,0,1
2024991423759,2024,991423759,2,1,0,-1,19,5,2,-1,0,1,0,0,0,0,3,1,-1,6,1,33,6,-1,-1,-1,-1,-1,-1,0,-1
2024010514388,2024,010514388,2,1,9,99,99,9,9,99,99,0,9,99,9,99,1,1,6,6,1,37,7,-1,-1,-1,-1,3,E01000930,0,1
2024451417875,2024,451417875,1,1,0,-1,19,7,3,-1,0,0,0,0,0,0,4,1,-1,9,1,51,8,-1,-1,-1,-1,6,E01003281,0,3
2024421394461,2024,421394461,2,9,0,-1,19,7,7,-1,0,0,0,0,0,0,1,1,-1,1,1,40,7,-1,-1,-1,-1,4,E01029960,0,4
2024421420194,2024,421420194,1,19,0,-1,19,2,7,-1,0,0,0,0,0,0,4,9,-1,8,1,45,7,-1,-1,-1,-1,-1,-1,0,-1
2024010496713,2024,010496713,2,9,0,99,99,9,9,99,99,9,9,99,9,99,9,9,6,6,2,39,7,-1,-1,-1,-1,5,E01001404,0,1
2024421422423,2024,421422423,1,1,0,-1,12,5,1,-1,0,0,0,0,2,0,2,1,-1,6,1,-1,-1,-1,-1,-1,-1,-1,-1,0,-1
2024101451330,2024,101451330,1,9,0,-1,5,8,4,-1,0,8,0,0,0,0,4,1,-1,6,2,30,6,-1,-1,-1,-1,-1,-1,0,-1
2024061488970,2024,061488970,2,19,0,-1,-1,6,1,-1,0,0,0,0,0,0,2,1,-1,6,2,46,8,-1,-1,-1,-1,10,E01005925,0,2
2024461511229,2024,461511229,2,1,0,-1,19,7,3,-1,0,0,0,0,0,0,4,1,-1,9,1,47,8,-1,-1,-1,-1,9,E01024253,0,4
2024010495880,2024,010495880,3,9,0,18,19,3,7,0,0,1,0,0,0,0,1,1,6,6,2,30,6,-1,-1,-1,-1,-1,-1,0,-1
2024010535760,2024,010535760,1,19,0,13,13,7,3,2,2,0,0,0,7,0,3,1,6,6,3,-1,-1,-1,-1,-1,-1,-1,-1,0,-1
2024440167918,2024,440167918,1,9,0,18,19,8,4,0,0,0,0,0,0,0,1,1,6,6,2,-1,-1,-1,-1,-1,-1,-1,-1,0,-1
2024010523183,2024,010523183,2,1,0,18,19,7,3,0,0,1,0,0,0,0,3,1,6,6,1,36,7,-1,-1,-1,-1,3,E01000367,0,1
2024101532199,2024,101532199,1,1,0,-1,19,8,4,-1,0,6,0,0,0,0,1,1,-1,6,1,71,10,-1,-1,-1,-1,-1,-1,0,-1
2024991514044,2024,991514044,2,9,0,-1,19,7,3,-1,0,0,0,0,0,0,1,1,-1,6,2,51,8,-1,-1,-1,-1,6,-1,0,4
2024010528430,2024,010528430,2,9,9,99,99,9,9,99,99,9,9,99,9,99,9,9,6,6,3,-1,-1,-1,-1,-1,-1,-1,-1,0,-1
2024010533749,2024,010533749,1,90,0,99,99,9,9,99,99,9,9,99,9,99,1,9,6,6,3,-1,-1,-1,-1,-1,-1,-1,-1,0,-1
2024411480488,2024,411480488,1,9,0,-1,5,3,7,-1,0,8,0,0,0,0,1,9,-1,6,1,80,11,-1,-1,-1,-1,10,E01023743,0,3
2024211411375,2024,211411375,1,19,0,-1,19,5,1,-1,0,1,0,0,0,0,3,9,-1,6,1,42,7,-1,-1,-1,-1,1,E01014255,0,1
2024061502481,2024,061502481,2,1,0,-1,10,7,3,-1,0,0,0,0,0,0,3,1,-1,2,1,31,6,-1,-1,-1,-1,-1,-1,0,-1
2024101425418,2024,101425418,2,9,0,-1,3,3,7,-1,0,0,0,0,0,0,1,1,-1,6,2,60,9,-1,-1,-1,-1,2,E01008584,0,1
2024501502388,2024,501502388,1,9,0,-1,19,3,7,-1,0,0,0,0,0,0,4,9,-1,6,3,-1,-1,-1,-1,-1,-1,-1,-1,0,-1
2024211511635,2024,211511635,1,99,0,-1,19,7,3,-1,0,0,0,0,0,0,4,1,-1,6,3,20,4,-1,-1,-1,-1,-1,-1,0,-1
2024991462399,2024,991462399,2,9,0,-1,19,3,7,-1,0,1,0,0,0,0,1,1,-1,9,2,38,7,-1,-1,-1,-1,7,-1,0,1
2024201432404,2024,201432404,3,9,0,-1,14,5,4,-1,0,1,0,0,0,0,4,9,-1,6,-1,-1,-1,-1,-1,-1,-1,-1,-1,0,-1
2024440541090,2024,440541090,2,9,0,18,19,5,1,0,0,1,0,0,0,0,1,1,6,6,2,85,11,-1,-1,-1,-1,4,E01022576,0,2
2024061462830,2024,061462830,2,9,0,-1,19,3,8,-1,0,1,0,0,0,0,3,1,-1,6,1,66,10,-1,-1,-1,-1,3,E01005363,0,1
2024010514793,2024,010514793,2,97,0,4,4,7,3,99,99,0,0,0,0,0,1,1,1,1,1,-1,-1,-1,-1,-1,-1,-1,-1,0,-1
2024371414311,2024,371414311,2,9,0,-1,19,1,5,-1,0,0,0,0,0,0,3,1,-1,2,1,45,7,-1,-1,-1,-1,9,E01034559,0,2
2024010528824,2024,010528824,1,19,0,99,99,9,9,99,99,9,9,99,9,99,9,9,6,6,3,-1,-1,-1,-1,-1,-1,-1,-1,0,-1
2024010536551,2024,010536551,2,2,0,99,99,9,9,99,99,0,9,99,9,99,9,1,6,6,3,-1,-1,-1,-1,-1,-1,-1,-1,0,-1
202460Q116579,2024,60Q116579,4,22,0,2,2,0,0,0,0,2,0,0,0,0,4,1,6,6,2,71,10,-1,-1,-1,-1,-1,-1,0,-1
2024010534346,2024,010534346,1,1,9,99,99,9,9,99,99,9,9,99,9,99,1,1,2,2,1,27,6,-1,-1,-1,-1,2,E01002720,0,1
2024520403017,2024,520403017,1,90,2,18,19,6,2,0,0,0,0,0,0,0,0,1,6,6,1,36,7,-1,-1,-1,-1,5,E01029101,0,4
2024991464808,2024,991464808,1,9,0,-1,19,5,1,-1,0,0,0,0,0,0,1,1,-1,6,1,59,9,-1,-1,-1,-1,1,-1,0,4
2024131449952,2024,131449952,2,1,0,-1,19,3,7,-1,0,1,0,0,0,0,3,1,-1,1,1,25,5,-1,-1,-1,-1,1,E01011358,0,1
2024440065147,2024,440065147,2,1,0,18,19,1,4,0,0,8,0,0,0,0,4,1,2,2,2,38,7,-1,-1,-1,-1,10,E01032880,0,2
2024471441848,2024,471441848,3,9,0,-1,4,6,2,-1,0,0,0,0,0,0,0,1,-1,6,3,-1,-1,-1,-1,-1,-1,-1,-1,0,-1
2024010495669,2024,010495669,1,9,9,99,99,9,9,0,0,0,9,99,9,99,9,9,6,6,1,29,6,-1,-1,-1,-1,4,E01002267,0,1
2024010501577,2024,010501577,1,1,9,99,99,9,9,99,99,0,9,8,9,99,1,1,3,7,2,43,7,-1,-1,-1,-1,3,E01003572,0,1
2024061498850,2024,061498850,1,9,0,-1,19,5,1,-1,0,1,0,0,0,0,1,9,-1,6,3,-1,-1,-1,-1,-1,-1,-1,-1,0,-1
2024471514298,2024,471514298,1,9,0,-1,7,7,5,-1,0,5,0,0,0,0,1,9,-1,6,3,-1,-1,-1,-1,-1,-1,-1,-1,0,-1
2024010524593,2024,010524593,1,1,9,99,99,9,9,99,99,9,9,99,9,99,9,1,1,1,1,41,7,-1,-1,-1,-1,4,E01004425,0,1
2024061501747,2024,061501747,1,1,0,-1,19,1,1,-1,99,0,9,99,0,0,4,1,-1,2,1,21,5,-1,-1,-1,-1,8,E01006090,0,2
2024010494035,2024,010494035,1,9,0,99,99,9,9,99,99,9,9,99,9,99,9,9,6,6,1,22,5,-1,-1,-1,-1,6,E01004361,0,1
2024041503584,2024,041503584,2,1,0,-1,19,5,3,-1,0,8,0,0,0,0,4,1,-1,6,1,60,9,-1,-1,-1,-1,8,E01012652,0,2
2024302401559,2024,302401559,1,9,0,9,9,5,2,0,0,8,0,0,0,0,4,1,6,6,3,-1,-1,-1,-1,-1,-1,5,E01019456,0,3
2024461495564,2024,461495564,2,1,0,-1,2,0,0,-1,0,1,0,0,0,0,0,1,-1,6,1,12,3,-1,-1,-1,-1,9,E01024394,0,3
2024622400193,2024,622400193,1,9,0,18,19,2,6,0,0,0,0,0,8,3,1,1,2,2,2,35,6,-1,-1,-1,-1,10,W01000904,0,3
2024302401775,2024,302401775,1,9,0,-1,19,4,8,-1,0,8,0,0,0,0,1,1,-1,6,3,-1,-1,-1,-1,-1,-1,5,E01019456,0,4
2024010500840,2024,010500840,1,1,9,99,99,9,9,99,99,9,9,99,9,99,1,1,2,2,1,16,4,-1,-1,-1,-1,2,E01002720,0,1
2024471419061,2024,471419061,2,9,0,-1,4,4,3,-1,0,1,0,0,0,0,1,1,-1,6,3,-1,-1,-1,-1,-1,-1,-1,-1,0,-1
2024522401414,2024,522401414,2,9,0,13,13,5,1,0,0,0,0,0,0,0,4,1,6,6,3,-1,-1,-1,-1,-1,-1,-1,-1,0,-1
2024122401159,2024,122401159,1,22,0,14,14,1,7,0,0,2,0,4,0,0,4,1,6,6,1,62,9,-1,-1,-1,-1,3,E01027906,0,1
2024430245378,2024,430245378,1,1,0,18,19,1,5,9,9,1,0,0,0,0,1,1,6,6,1,13,3,-1,-1,-1,-1,-1,-1,0,-1
2024010546559,2024,010546559,1,97,9,99,99,9,9,99,99,0,9,99,9,99,9,1,6,6,3,-1,-1,-1,-1,-1,-1,-1,-1,0,-1
2024311523430,2024,311523430,1,9,0,-1,19,2,6,-1,0,0,1,0,7,0,1,1,-1,6,1,20,4,-1,-1,-1,-1,-1,-1,0,-1
2024552401055,2024,552401055,2,1,0,18,19,2,6,0,0,0,0,0,0,0,2,1,6,6,1,17,4,-1,-1,-1,-1,4,E01015345,0,1
2024231409682,2024,231409682,1,4,0,-1,9,1,7,-1,0,5,0,0,0,0,4,1,-1,6,1,21,5,-1,-1,-1,-1,3,E01031264,0,1
2024471425754,2024,471425754,4,19,0,-1,19,5,1,-1,0,1,0,0,0,0,1,1,-1,6,2,36,7,-1,-1,-1,-1,5,E01031529,0,1
2024320293445,2024,320293445,1,9,0,-1,-1,2,6,0,0,6,0,0,0,0,1,1,6,6,3,-1,-1,-1,-1,-1,-1,-1,-1,0,-1
2024461474188,2024,461474188,1,9,0,-1,7,3,7,-1,0,1,0,0,0,0,1,9,-1,6,1,-1,-1,-1,-1,-1,-1,-1,-1,0,-1
2024010530314,2024,010530314,1,1,9,99,99,9,9,99,99,9,9,99,9,99,1,1,6,6,3,-1,-1,-1,-1,-1,-1,-1,-1,0,-1
2024010518633,2024,010518633,1,11,0,18,19,5,1,0,0,0,0,0,0,0,0,1,6,6,3,34,6,-1,-1,-1,-1,6,E01003642,0,1
2024201425362,2024,201425362,2,90,0,-1,5,6,2,-1,0,8,0,0,0,0,3,1,-1,2,2,5,1,-1,-1,-1,-1,2,E01008936,0,1
2024010491644,2024,010491644,1,3,0,18,19,1,5,0,0,1,0,0,0,0,1,1,6,6,1,46,8,-1,-1,-1,-1,3,E01004400,0,3
2024010541671,2024,010541671,1,1,9,99,99,9,9,99,99,9,9,99,9,99,1,1,6,6,3,-1,-1,-1,-1,-1,-1,-1,-1,0,-1
2024471475668,2024,471475668,2,9,0,-1,19,3,7,-1,0,0,0,0,0,0,1,9,-1,6,3,-1,-1,-1,-1,-1,-1,-1,-1,0,-1
2024070069346,2024,070069346,1,9,0,18,19,2,6,0,0,0,0,0,0,0,1,1,6,6,3,-1,-1,-1,-1,-1,-1,-1,-1,0,-1
2024631481965,2024,631481965,2,9,0,-1,19,6,2,-1,0,8,0,0,0,0,1,1,-1,6,1,19,4,-1,-1,-1,-1,6,W01000713,0,1
2024311436140,2024,311436140,2,1,0,-1,19,2,7,-1,0,1,2,0,0,0,1,1,-1,9,1,59,9,-1,-1,-1,-1,7,E01027993,0,1
2024010548979,2024,010548979,2,90,9,99,99,9,9,99,99,9,9,99,9,99,9,9,6,6,3,-1,-1,-1,-1,-1,-1,-1,-1,0,-1
2024471487761,2024,471487761,2,1,0,-1,19,5,1,-1,0,1,0,0,0,0,1,1,-1,2,1,28,6,-1,-1,-1,-1,7,E01031626,0,2
2024010523248,2024,010523248,1,1,9,99,99,9,9,99,99,5,9,99,9,99,9,1,2,2,1,34,6,-1,-1,-1,-1,2,E01003489,0,2
2024010488212,2024,010488212,2,9,9,99,99,9,9,99,99,6,9,99,9,99,9,9,6,6,3,-1,-1,-1,-1,-1,-1,-1,-1,0,-1
2024052400203,2024,052400203,1,9,0,13,13,5,1,0,0,0,0,0,0,0,1,1,6,6,1,27,6,-1,-1,-1,-1,3,E01006959,0,1
2024122400661,2024,122400661,2,1,0,18,19,2,6,0,0,8,0,0,0,0,1,1,6,6,1,13,3,-1,-1,-1,-1,1,E01013443,0,1
2024010528379,2024,010528379,2,1,0,18,19,3,7,4,4,1,0,0,0,0,3,1,2,2,2,47,8,-1,-1,-1,-1,7,E01002687,0,1
2024351413190,2024,351413190,2,9,0,-1,13,5,2,-1,0,2,0,0,0,0,0,1,-1,6,3,-1,-1,-1,-1,-1,-1,-1,-1,0,-1
2024010494631,2024,010494631,1,1,9,99,99,9,9,4,4,1,9,99,9,99,1,1,6,6,2,32,6,-1,-1,-1,-1,6,E01002801,0,1
2024070599713,2024,070599713,2,1,0,18,19,3,7,0,0,8,0,0,0,0,1,1,4,7,1,12,3,-1,-1,-1,-1,1,E01018748,0,1
2024141484856,2024,141484856,2,9,0,-1,7,8,2,-1,0,0,0,0,0,0,1,1,-1,9,1,71,10,-1,-1,-1,-1,1,E01008124,0,1
2024141527992,2024,141527992,1,9,0,-1,19,1,5,-1,0,0,0,0,0,0,1,1,-1,9,1,36,7,-1,-1,-1,-1,3,E01007479,0,1
2024131516043,2024,131516043,2,1,0,-1,5,1,1,-1,0,4,0,0,0,0,1,1,-1,1,2,38,7,-1,-1,-1,-1,1,E01010743,0,1
2024010489723,2024,010489723,1,8,0,99,99,9,9,99,99,9,9,99,9,99,9,9,1,1,1,51,8,-1,-1,-1,-1,8,E01001454,0,3
2024010510977,2024,010510977,1,9,9,18,19,1,5,99,99,9,9,99,9,99,9,9,6,6,3,-1,-1,-1,-1,-1,-1,-1,-1,0,-1
2024010494588,2024,010494588,1,9,0,18,19,7,3,0,0,0,0,0,0,0,1,1,6,6,1,31,6,-1,-1,-1,-1,4,E01004303,0,1
2024451522337,2024,451522337,3,11,0,-1,2,0,0,-1,9,1,0,0,0,0,4,1,-1,6,-1,-1,-1,-1,-1,-1,-1,-1,-1,0,-1
2024991424550,2024,991424550,2,19,0,-1,19,4,8,-1,0,8,0,0,0,0,1,2,-1,1,1,36,7,-1,-1,-1,-1,7,E01020392,0,5
2024141477057,2024,141477057,1,9,0,-1,19,3,7,-1,0,8,0,0,1,0,1,1,-1,2,2,43,7,-1,-1,-1,-1,8,E01028004,0,2
2024421497979,2024,421497979,2,1,0,-1,19,4,8,-1,0,3,0,0,0,0,2,1,-1,9,1,80,11,-1,-1,-1,-1,3,E01021726,0,1
2024320652759,2024,320652759,1,9,0,-1,-1,2,6,0,0,6,1,0,6,0,1,1,-1,-1,1,23,5,-1,-1,-1,-1,5,E01026940,0,5
2024421501783,2024,421501783,1,9,0,-1,19,3,3,-1,0,0,0,0,0,0,4,9,-1,6,3,16,4,-1,-1,-1,-1,-1,-1,0,-1
2024010507733,2024,010507733,1,1,0,7,7,3,5,0,0,3,1,0,0,0,4,1,6,6,1,41,7,-1,-1,-1,-1,7,E01002972,0,1
2024041452633,2024,041452633,1,22,0,-1,19,1,5,-1,9,1,5,0,0,0,4,1,-1,6,1,68,10,-1,-1,-1,-1,1,E01012739,0,1
2024440515712,2024,440515712,3,9,0,18,19,2,6,0,0,8,0,0,0,0,2,1,6,6,3,-1,-1,-1,-1,-1,-1,-1,-1,0,-1
2024010541854,2024,010541854,2,3,0,18,19,1,5,0,0,0,0,0,0,0,1,1,6,6,2,54,8,-1,-1,-1,-1,2,E01003984,0,1
2024010490683,2024,010490683,1,9,0,99,99,9,9,99,99,0,9,99,9,99,2,9,6,6,1,42,7,-1,-1,-1,-1,4,E01000031,0,1
2024010504024,2024,010504024,2,1,0,18,19,3,7,0,0,1,0,0,0,0,4,1,2,2,1,42,7,-1,-1,-1,-1,3,E01034223,0,1
2024010508737,2024,010508737,1,9,0,9,9,1,6,0,0,8,0,0,0,0,2,1,6,6,2,32,6,-1,-1,-1,-1,7,E01034186,0,2
2024010490790,2024,010490790,3,9,0,13,13,5,1,0,0,7,0,0,0,0,0,1,1,1,1,53,8,-1,-1,-1,-1,6,E01002138,0,2
2024471430215,2024,471430215,1,9,0,-1,19,4,8,-1,0,3,0,0,0,0,1,1,-1,6,1,77,11,-1,-1,-1,-1,9,E01031662,0,3
2024010543305,2024,010543305,2,1,0,18,19,7,3,0,0,1,0,0,0,0,3,1,6,6,1,37,7,-1,-1,-1,-1,6,E01003781,0,2
2024010536927,2024,010536927,2,9,9,18,19,1,5,99,99,6,9,99,1,99,9,9,6,6,1,-1,-1,-1,-1,-1,-1,-1,-1,0,-1
2024010524513,2024,010524513,1,1,0,18,19,3,7,0,0,0,0,0,0,0,4,1,6,6,1,9,2,-1,-1,-1,-1,4,E01004302,0,1
2024061471334,2024,061471334,1,1,0,-1,19,1,5,-1,0,0,0,0,0,0,1,1,-1,9,1,13,3,-1,-1,-1,-1,-1,-1,0,-1
2024471421241,2024,471421241,2,98,-1,-1,19,1,5,-1,0,0,0,0,0,0,0,9,-1,6,3,-1,-1,-1,-1,-1,-1,-1,-1,0,-1
2024122401162,2024,122401162,2,1,0,18,19,1,5,0,0,0,0,0,0,0,1,1,6,6,1,59,9,-1,-1,-1,-1,7,E01012360,0,4
2024302400024,2024,302400024,1,9,0,9,9,1,3,0,0,1,0,0,0,0,4,1,6,6,1,28,6,-1,-1,-1,-1,2,E01019505,0,1
2024440240498,2024,440240498,2,1,0,18,19,5,1,0,0,0,0,0,0,0,2,1,6,6,1,-1,-1,-1,-1,-1,-1,-1,-1,0,-1
2024010492212,2024,010492212,1,19,0,18,19,3,7,0,0,1,0,0,7,0,1,1,1,1,1,40,7,-1,-1,-1,-1,5,E01023780,0,4