collision_index,collision_year,collision_ref_no,vehicle_reference,vehicle_type,towing_and_articulation,vehicle_manoeuvre_historic,vehicle_manoeuvre,vehicle_direction_from,vehicle_direction_to,vehicle_location_restricted_lane_historic,vehicle_location_restricted_lane,junction_location,skidding_and_overturning,hit_object_in_carriageway,vehicle_leaving_carriageway,hit_object_off_carriageway,first_point_of_impact,vehicle_left_hand_drive,journey_purpose_of_driver_historic,journey_purpose_of_driver,sex_of_driver,age_of_driver,age_band_of_driver,engine_capacity_cc,propulsion_code,age_of_vehicle,generic_make_model,driver_imd_decile,lsoa_of_driver,escooter_flag,driver_distance_banding
2024311411806,2024,311411806,1,9,0,-1,19,6,2,-1,0,0,0,0,0,0,1,1,-1,6,2,63,9,-1,-1,-1,-1,4,E01028045,0,1
2024351414587,2024,351414587,2,1,0,-1,19,1,1,-1,0,0,0,0,0,0,0,1,-1,6,2,50,8,-1,-1,-1,-1,8,E01018236,0,1
2024451503659,2024,451503659,1,1,0,-1,19,5,1,-1,0,0,0,0,1,11,0,1,-1,6,1,56,9,-1,-1,-1,-1,10,E01030863,0,1
2024010527121,2024,010527121,1,1,9,99,99,9,9,99,99,9,9,99,9,99,1,1,2,2,1,21,5,-1,-1,-1,-1,3,E01004365,0,1
2024440379050,2024,440379050,3,9,0,18,19,4,8,0,0,1,0,0,0,0,1,1,2,2,2,21,5,-1,-1,-1,-1,10,E01016322,0,4
2024141405316,2024,141405316,1,9,0,-1,19,1,5,-1,0,8,0,0,0,0,2,1,-1,2,1,39,7,-1,-1,-1,-1,1,E01007727,0,1
2024010520196,2024,010520196,1,1,9,99,99,9,9,99,99,9,9,99,9,99,1,1,6,6,1,52,8,-1,-1,-1,-1,6,E01004616,0,2
2024141414399,2024,141414399,1,90,0,-1,9,7,3,-1,0,0,0,0,0,0,2,1,-1,7,1,57,9,-1,-1,-1,-1,3,E01007480,0,2
2024451527776,2024,451527776,2,19,0,-1,19,-1,-1,-1,0,0,0,0,0,0,9,1,-1,6,3,-1,-1,-1,-1,-1,-1,-1,-1,0,-1
2024010503953,2024,010503953,1,3,0,12,12,7,3,0,0,8,0,0,0,0,1,1,6,6,1,17,4,-1,-1,-1,-1,7,E01002427,0,1
2024010493418,2024,010493418,1,4,0,18,19,3,7,0,0,2,0,0,0,0,4,1,1,1,1,24,5,-1,-1,-1,-1,5,E01002584,0,3
2024010494797,2024,010494797,2,1,0,18,19,1,5,0,0,1,0,0,0,0,1,1,6,6,1,18,4,-1,-1,-1,-1,4,E01004571,0,1
2024041443782,2024,041443782,2,1,0,-1,19,6,2,-1,9,8,0,0,0,0,4,1,-1,6,1,40,7,-1,-1,-1,-1,1,E01025236,0,1
2024010543262,2024,010543262,1,9,0,3,3,5,1,0,0,1,0,0,0,0,2,1,6,6,2,58,9,-1,-1,-1,-1,6,E01001254,0,2
2024440142464,2024,440142464,2,9,0,18,19,7,3,0,0,6,0,0,0,0,1,1,6,6,3,-1,-1,-1,-1,-1,-1,-1,-1,0,-1
2024031437123,2024,031437123,1,9,0,-1,19,1,1,-1,0,0,0,0,0,0,2,9,-1,6,3,30,6,-1,-1,-1,-1,-1,-1,0,-1
2024101493739,2024,101493739,2,9,0,-1,19,1,5,-1,0,1,0,0,0,0,4,1,-1,6,1,29,6,-1,-1,-1,-1,10,E01027455,0,2
2024061424710,2024,061424710,1,1,9,-1,19,-1,-1,-1,4,8,5,0,0,0,9,1,-1,2,1,25,5,-1,-1,-1,-1,6,E01005154,0,1
2024101512099,2024,101512099,1,23,0,-1,19,1,5,-1,0,8,0,0,0,0,1,1,-1,9,1,24,5,-1,-1,-1,-1,2,E01008662,0,1
2024010492645,2024,010492645,2,9,0,6,6,1,1,0,0,1,0,0,0,0,1,1,6,6,2,41,7,-1,-1,-1,-1,-1,-1,0,-1
2024231526469,2024,231526469,1,9,0,-1,4,3,7,-1,0,0,0,0,0,0,2,2,-1,6,1,28,6,-1,-1,-1,-1,9,E01033780,0,4
2024320012525,2024,320012525,1,9,0,9,9,3,8,0,0,6,0,0,0,0,1,1,6,6,1,46,8,-1,-1,-1,-1,-1,-1,0,-1
2024010492165,2024,010492165,2,98,0,99,99,9,9,99,99,9,9,99,9,99,9,9,6,6,3,-1,-1,-1,-1,-1,-1,-1,-1,0,-1
2024421507397,2024,421507397,1,1,0,-1,19,1,5,-1,9,1,0,0,0,0,4,1,-1,6,1,18,4,-1,-1,-1,-1,4,E01021704,0,1
2024440079254,2024,440079254,3,19,0,18,19,7,3,0,0,8,0,0,0,0,1,1,6,6,3,-1,-1,-1,-1,-1,-1,-1,-1,0,-1
2024991406779,2024,991406779,1,9,0,-1,19,2,2,-1,0,0,5,0,7,4,1,1,-1,9,1,20,4,-1,-1,-1,-1,9,-1,0,1
2024520401336,2024,520401336,3,9,0,18,19,7,3,0,0,0,0,0,0,0,3,1,6,6,1,32,6,-1,-1,-1,-1,5,E01029108,0,1
2024501417687,2024,501417687,1,9,0,-1,19,2,8,-1,0,4,0,0,0,0,1,1,-1,6,3,-1,-1,-1,-1,-1,-1,-1,-1,0,-1
2024411433122,2024,411433122,2,9,0,-1,5,4,8,-1,0,6,0,0,0,0,1,1,-1,6,1,51,8,-1,-1,-1,-1,7,E01023961,0,1
2024061405990,2024,061405990,1,9,0,-1,9,3,1,-1,0,6,0,0,0,0,2,1,-1,6,1,76,11,-1,-1,-1,-1,7,E01004915,0,2
2024340NN9012,2024,340NN9012,3,10,0,-1,19,1,5,-1,0,1,1,0,2,0,1,1,-1,2,1,35,6,-1,-1,-1,-1,5,E01001185,0,5
2024311462476,2024,311462476,1,1,0,-1,19,2,6,-1,5,0,0,0,0,0,3,1,-1,2,1,45,7,-1,-1,-1,-1,-1,-1,0,-1
2024122400631,2024,122400631,1,9,0,18,19,4,8,0,0,8,5,0,1,11,1,1,6,6,1,27,6,-1,-1,-1,-1,6,E01027752,0,1
2024531462536,2024,531462536,1,1,0,-1,7,6,2,-1,0,0,0,0,0,0,1,1,-1,7,1,15,3,-1,-1,-1,-1,1,E01032937,0,1
2024520401433,2024,520401433,1,9,0,18,19,6,8,0,0,0,1,0,0,0,1,1,6,6,1,24,5,-1,-1,-1,-1,2,E01029311,0,3
2024010495320,2024,010495320,1,11,9,99,99,9,9,99,99,9,9,99,9,99,9,1,6,6,3,-1,-1,-1,-1,-1,-1,-1,-1,0,-1
2024440460126,2024,440460126,1,9,0,11,11,3,7,0,0,0,0,0,0,0,0,1,6,6,1,21,5,-1,-1,-1,-1,5,E01023285,0,2
2024421514453,2024,421514453,2,9,0,-1,10,1,7,-1,0,1,0,0,0,0,3,1,-1,1,1,46,8,-1,-1,-1,-1,1,E01015932,0,1
2024302400105,2024,302400105,1,9,0,18,19,6,2,0,0,0,0,0,0,0,2,1,6,6,2,58,9,-1,-1,-1,-1,7,E01027990,0,2
2024010496482,2024,010496482,1,9,0,18,19,6,2,0,0,0,0,0,0,0,1,1,6,6,1,44,7,-1,-1,-1,-1,-1,-1,0,-1
2024052400370,2024,052400370,1,19,0,18,19,3,7,0,0,1,0,0,0,0,1,1,6,6,3,-1,-1,-1,-1,-1,-1,-1,-1,0,-1
2024010487397,2024,010487397,1,9,0,18,19,7,3,0,0,0,0,4,0,0,1,1,6,6,1,53,8,-1,-1,-1,-1,8,E01004553,0,4
2024221498981,2024,221498981,2,9,0,-1,3,6,2,-1,0,8,0,0,0,0,2,9,-1,6,1,62,9,-1,-1,-1,-1,2,E01008939,0,1
2024131444822,2024,131444822,1,9,0,-1,9,2,8,-1,0,8,0,0,0,0,1,1,-1,6,1,-1,-1,-1,-1,-1,-1,-1,-1,0,-1
2024471452507,2024,471452507,4,9,0,-1,10,4,2,-1,0,0,0,0,0,0,2,1,-1,1,1,62,9,-1,-1,-1,-1,10,E01021159,0,3
2024010547731,2024,010547731,1,9,9,99,99,9,9,99,99,9,9,99,9,99,9,9,6,6,3,-1,-1,-1,-1,-1,-1,-1,-1,0,-1
2024010525105,2024,010525105,1,1,0,18,19,1,5,0,0,0,5,0,0,0,0,1,6,6,2,26,6,-1,-1,-1,-1,3,E01032730,0,4
2024010514782,2024,010514782,1,1,9,99,99,9,9,99,99,9,9,99,9,99,9,1,2,2,1,56,9,-1,-1,-1,-1,7,E01004516,0,1
2024201458721,2024,201458721,1,9,0,-1,19,3,7,-1,0,0,0,0,0,0,1,9,-1,6,2,-1,-1,-1,-1,-1,-1,-1,-1,0,-1
2024430170098,2024,430170098,1,9,0,18,19,9,9,0,0,0,0,0,0,0,9,1,6,6,3,-1,-1,-1,-1,-1,-1,-1,-1,0,-1
2024522402397,2024,522402397,2,9,9,99,99,9,9,0,0,1,0,0,0,0,9,1,6,6,3,-1,-1,-1,-1,-1,-1,-1,-1,0,-1
2024070370331,2024,070370331,1,9,0,1,1,2,6,0,0,6,0,0,0,0,2,1,6,6,3,-1,-1,-1,-1,-1,-1,-1,-1,0,-1
2024052401270,2024,052401270,1,9,0,5,5,4,8,0,0,1,0,0,0,0,4,1,6,6,3,-1,-1,-1,-1,-1,-1,-1,-1,0,-1
2024361514807,2024,361514807,1,9,0,-1,-1,-1,-1,-1,-1,0,-1,-1,-1,0,-1,9,-1,6,3,-1,-1,-1,-1,-1,-1,-1,-1,0,-1
2024031467110,2024,031467110,2,9,4,-1,7,5,7,-1,0,1,0,0,7,0,2,2,-1,1,1,38,7,-1,-1,-1,-1,4,E01019293,0,3
2024070580423,2024,070580423,2,1,0,-1,-1,7,3,0,0,0,0,0,0,0,1,1,6,6,1,32,6,-1,-1,-1,-1,-1,-1,0,-1
2024631454565,2024,631454565,3,90,0,-1,19,3,7,-1,0,8,0,0,0,0,1,1,-1,9,2,50,8,-1,-1,-1,-1,2,E01015216,0,5
2024522402318,2024,522402318,2,1,0,12,12,3,7,0,0,0,0,0,0,0,1,1,6,6,3,-1,-1,-1,-1,-1,-1,-1,-1,0,-1
2024010501952,2024,010501952,2,9,0,99,99,9,9,99,99,9,9,99,9,99,9,9,6,6,3,-1,-1,-1,-1,-1,-1,-1,-1,0,-1
2024010505708,2024,010505708,1,9,0,99,99,9,9,99,99,9,9,99,9,99,9,1,6,6,3,-1,-1,-1,-1,-1,-1,-1,-1,0,-1
2024010489094,2024,010489094,3,9,0,11,11,7,3,0,0,5,0,10,0,0,1,1,6,6,1,23,5,-1,-1,-1,-1,2,E01000052,0,1
2024010511010,2024,010511010,2,9,0,99,99,9,9,99,99,0,9,99,9,99,9,9,6,6,3,-1,-1,-1,-1,-1,-1,-1,-1,0,-1
2024010504610,2024,010504610,1,1,9,99,99,9,9,99,99,9,9,99,9,99,9,1,6,6,1,21,5,-1,-1,-1,-1,2,E01003984,0,1
2024010506935,2024,010506935,1,1,0,4,4,3,7,0,0,0,0,0,0,0,2,1,2,2,1,41,7,-1,-1,-1,-1,3,E01034207,0,1
2024421508185,2024,421508185,1,98,1,-1,2,0,0,-1,-1,0,0,0,0,0,0,1,-1,1,1,35,6,-1,-1,-1,-1,7,E01015821,0,4
2024010546812,2024,010546812,1,23,0,99,99,9,9,99,99,9,9,99,9,99,1,1,6,6,3,-1,-1,-1,-1,-1,-1,-1,-1,0,-1
2024311482507,2024,311482507,1,11,0,-1,-1,-1,-1,-1,-1,0,-1,-1,-1,0,-1,1,-1,6,3,-1,-1,-1,-1,-1,-1,-1,-1,0,-1
202417S202224,2024,17S202224,2,9,0,18,19,8,4,0,0,1,0,0,0,0,1,1,6,6,3,-1,-1,-1,-1,-1,-1,-1,-1,0,-1
2024302401571,2024,302401571,1,9,0,17,19,2,6,0,0,2,1,0,8,11,1,1,6,6,2,22,5,-1,-1,-1,-1,2,E01013565,0,1
2024010505372,2024,010505372,1,9,0,4,4,3,7,0,0,0,0,0,0,0,1,1,6,6,1,95,11,-1,-1,-1,-1,9,E01021767,0,1
2024371444332,2024,371444332,2,1,0,-1,19,7,3,-1,0,1,0,0,0,0,1,1,-1,6,1,61,9,-1,-1,-1,-1,10,E01030050,0,3
2024340WN3002,2024,340WN3002,2,1,0,-1,19,2,6,-1,0,1,2,0,0,0,4,1,-1,7,1,37,7,-1,-1,-1,-1,3,E01027191,0,1
2024122400940,2024,122400940,1,9,0,13,13,6,2,0,0,0,0,0,0,0,4,1,6,6,2,40,7,-1,-1,-1,-1,8,E01027759,0,1
2024131428420,2024,131428420,1,9,0,-1,-1,-1,-1,-1,-1,0,-1,-1,-1,-1,-1,1,-1,6,3,-1,-1,-1,-1,-1,-1,-1,-1,0,-1
2024440365180,2024,440365180,3,9,0,3,3,4,8,0,0,1,0,0,0,0,2,1,6,6,1,21,5,-1,-1,-1,-1,4,E01022670,0,2
2024010540703,2024,010540703,1,1,9,99,99,9,9,99,99,9,9,99,9,99,1,1,2,2,1,32,6,-1,-1,-1,-1,2,E01000907,0,1
2024471419605,2024,471419605,1,9,0,-1,19,5,1,-1,0,0,0,0,1,4,1,1,-1,1,1,38,7,-1,-1,-1,-1,6,E01031574,0,1
2024340WN3452,2024,340WN3452,1,19,0,-1,19,3,7,-1,0,0,0,0,0,0,1,1,-1,1,1,39,7,-1,-1,-1,-1,1,E01009353,0,4
2024010498810,2024,010498810,1,9,0,99,99,9,9,99,99,9,9,99,9,99,2,9,6,6,2,26,6,-1,-1,-1,-1,4,E01003722,0,2
2024010492069,2024,010492069,2,9,0,99,99,9,9,99,99,9,9,99,9,99,1,9,6,6,2,28,6,-1,-1,-1,-1,5,E01003690,0,1
2024520403044,2024,520403044,2,9,0,18,19,5,1,0,0,0,0,0,0,0,1,1,6,6,3,-1,-1,-1,-1,-1,-1,-1,-1,0,-1
2024010497276,2024,010497276,2,1,0,18,19,3,7,0,0,0,0,0,0,0,1,1,6,6,1,25,5,-1,-1,-1,-1,2,E01033455,0,1
2024010549014,2024,010549014,2,9,0,1,1,9,9,99,99,9,9,99,9,99,2,9,6,6,3,-1,-1,-1,-1,-1,-1,-1,-1,0,-1
202417S309624,2024,17S309624,2,1,0,-1,19,5,1,-1,0,8,0,0,0,0,4,1,-1,9,1,83,11,-1,-1,-1,-1,-1,-1,0,-1
2024141531468,2024,141531468,2,1,0,-1,19,1,5,-1,0,8,0,0,0,0,1,1,-1,6,1,13,3,-1,-1,-1,-1,1,E01008082,0,1
2024131432723,2024,131432723,1,9,0,-1,15,1,5,-1,0,0,0,0,0,0,3,1,-1,6,3,-1,-1,-1,-1,-1,-1,-1,-1,0,-1
2024461493172,2024,461493172,1,1,0,-1,7,2,5,-1,0,6,0,0,0,0,1,1,-1,9,1,13,3,-1,-1,-1,-1,2,E01024305,0,1
2024010493721,2024,010493721,2,3,0,4,4,3,7,0,0,8,0,0,0,0,1,1,6,6,1,21,5,-1,-1,-1,-1,2,E01003246,0,1
2024451474839,2024,451474839,5,1,0,-1,19,3,7,-1,0,0,0,0,0,0,1,1,-1,9,1,71,10,-1,-1,-1,-1,8,E01003831,0,3
2024430429836,2024,430429836,1,1,0,18,19,2,6,0,0,6,0,0,0,0,1,1,6,6,1,12,3,-1,-1,-1,-1,5,E01035735,0,1
2024991409909,2024,991409909,1,19,0,-1,7,3,5,-1,0,6,0,0,3,0,1,1,-1,2,1,31,6,-1,-1,-1,-1,1,E01013208,0,5
2024031470777,2024,031470777,2,1,0,-1,-1,-1,-1,-1,-1,0,-1,-1,-1,0,-1,1,-1,9,1,34,6,-1,-1,-1,-1,5,E01019363,0,2
2024461528417,2024,461528417,1,98,1,-1,12,3,7,-1,0,0,0,0,0,0,3,2,-1,1,1,33,6,-1,-1,-1,-1,-1,-1,0,-1
2024131444116,2024,131444116,1,1,0,-1,19,8,6,-1,0,0,1,0,0,0,1,1,-1,6,2,41,7,-1,-1,-1,-1,3,E01011722,0,1
2024052401559,2024,052401559,1,9,0,18,19,4,1,0,0,1,0,0,0,0,1,1,6,6,3,-1,-1,-1,-1,-1,-1,-1,-1,0,-1
2024451432633,2024,451432633,2,9,9,-1,3,5,1,-1,0,0,0,0,0,0,3,1,-1,6,1,40,7,-1,-1,-1,-1,-1,-1,0,-1
2024010488110,2024,010488110,1,3,0,99,99,9,9,99,99,9,9,99,9,99,9,1,1,1,3,24,5,-1,-1,-1,-1,2,E01001553,0,3
2024010535727,2024,010535727,1,1,9,99,99,9,9,99,99,9,9,99,9,99,9,1,6,6,1,46,8,-1,-1,-1,-1,2,E01003601,0,1
2024430035637,2024,430035637,2,9,0,18,19,6,2,0,0,1,0,0,0,0,1,1,6,6,2,44,7,-1,-1,-1,-1,7,E01016191,0,1
2024201534016,2024,201534016,1,9,0,-1,9,2,8,-1,0,5,0,0,0,0,3,9,-1,6,1,39,7,-1,-1,-1,-1,1,E01010131,0,1
2024010539310,2024,010539310,2,1,9,99,99,9,9,99,99,0,9,99,9,99,2,1,6,6,2,37,7,-1,-1,-1,-1,5,E01003034,0,1
2024610017824,2024,610017824,4,9,0,2,2,0,0,0,0,0,0,0,0,0,3,1,6,6,3,-1,-1,-1,-1,-1,-1,-1,-1,0,-1
2024351471062,2024,351471062,1,98,-1,-1,-1,-1,-1,-1,-1,0,-1,-1,-1,0,-1,9,-1,6,3,-1,-1,-1,-1,-1,-1,-1,-1,0,-1
2024010511580,2024,010511580,5,9,0,3,3,3,7,0,0,1,0,0,0,0,2,1,6,6,1,59,9,-1,-1,-1,-1,3,E01003544,0,2
2024440496863,2024,440496863,3,9,0,18,19,5,1,0,0,0,0,0,0,0,2,1,6,6,1,58,9,-1,-1,-1,-1,10,E01014944,0,4
2024010492692,2024,010492692,1,1,0,18,19,3,7,0,0,0,0,10,1,7,4,1,6,6,2,72,10,-1,-1,-1,-1,4,E01001873,0,2
2024010500473,2024,010500473,1,9,9,99,99,9,9,0,0,3,9,99,0,0,1,9,6,6,3,-1,-1,-1,-1,-1,-1,-1,-1,0,-1
2024131458485,2024,131458485,2,1,0,-1,19,7,3,-1,4,0,0,0,0,0,1,1,-1,6,1,22,5,-1,-1,-1,-1,5,E01011678,0,1
2024631523309,2024,631523309,1,9,0,-1,19,4,8,-1,0,0,0,0,0,0,4,1,-1,2,1,50,8,-1,-1,-1,-1,5,W01001925,0,1
2024131434484,2024,131434484,2,1,0,-1,19,4,2,-1,4,1,0,0,0,0,4,1,-1,6,1,68,10,-1,-1,-1,-1,8,E01011716,0,1
2024010540058,2024,010540058,2,9,0,1,1,1,5,9,9,0,0,0,0,0,0,1,6,6,3,-1,-1,-1,-1,-1,-1,-1,-1,0,-1
2024461523800,2024,461523800,1,9,0,-1,19,2,8,-1,0,0,0,0,0,0,1,1,-1,9,1,35,6,-1,-1,-1,-1,2,E01024604,0,4
2024122400650,2024,122400650,2,9,0,9,9,1,5,0,0,8,1,0,7,0,3,1,6,6,1,74,10,-1,-1,-1,-1,5,E01012941,0,4
2024010530164,2024,010530164,1,1,9,99,99,9,9,99,99,9,9,99,9,99,1,1,2,2,1,43,7,-1,-1,-1,-1,6,E01001254,0,2
2024522500040,2024,522500040,2,23,0,15,15,6,2,0,0,1,0,0,0,0,1,1,6,6,1,24,5,-1,-1,-1,-1,5,E01014548,0,1
2024010545723,2024,010545723,1,9,0,99,99,9,9,99,99,9,9,99,9,99,9,9,6,6,3,-1,-1,-1,-1,-1,-1,-1,-1,0,-1
202460Q190418,2024,60Q190418,1,19,0,9,9,6,2,0,0,8,0,0,0,0,4,1,6,6,3,-1,-1,-1,-1,-1,-1,-1,-1,0,-1
2024010538085,2024,010538085,1,1,9,99,99,9,9,99,99,9,9,99,9,99,9,1,2,2,2,42,7,-1,-1,-1,-1,3,E01001999,0,2
2024991402573,2024,991402573,2,9,0,-1,19,6,3,-1,0,8,0,0,0,0,1,1,-1,9,1,68,10,-1,-1,-1,-1,9,-1,0,4
2024351511206,2024,351511206,2,1,0,-1,7,-1,-1,-1,0,0,0,0,0,0,4,1,-1,9,2,16,4,-1,-1,-1,-1,4,E01018095,0,1
2024010486981,2024,010486981,1,9,0,18,19,5,1,0,0,4,0,0,0,0,1,1,2,2,1,51,8,-1,-1,-1,-1,4,E01002596,0,2
2024531468279,2024,531468279,2,1,0,-1,19,6,2,-1,0,0,0,0,0,0,3,1,-1,2,2,40,7,-1,-1,-1,-1,5,E01022344,0,1
2024010503837,2024,010503837,1,1,9,99,99,9,9,99,99,9,9,99,9,99,1,1,6,6,1,61,9,-1,-1,-1,-1,8,E01003138,0,3
2024010501380,2024,010501380,1,1,9,99,99,9,9,99,99,9,9,99,9,99,9,1,2,2,1,57,9,-1,-1,-1,-1,5,E01034040,0,1
2024010490744,2024,010490744,2,19,0,13,13,3,7,0,0,1,0,0,0,0,1,1,1,1,1,26,6,-1,-1,-1,-1,7,E01000306,0,3
2024010524099,2024,010524099,1,9,0,18,19,7,3,0,0,1,0,0,0,0,1,1,6,6,3,-1,-1,-1,-1,-1,-1,-1,-1,0,-1
2024371441030,2024,371441030,1,99,0,-1,19,-1,-1,-1,0,0,0,0,0,0,1,9,-1,6,3,-1,-1,-1,-1,-1,-1,-1,-1,0,-1
2024440243575,2024,440243575,1,9,0,1,1,4,8,0,0,0,0,0,0,0,2,1,6,6,1,-1,-1,-1,-1,-1,-1,-1,-1,0,-1
2024461472927,2024,461472927,1,9,0,-1,19,4,1,-1,0,0,2,10,1,4,4,2,-1,9,1,23,5,-1,-1,-1,-1,2,E01024028,0,2
2024622400753,2024,622400753,2,1,0,18,19,6,2,0,0,8,0,0,0,0,1,1,6,6,1,21,5,-1,-1,-1,-1,-1,-1,0,-1
2024302400115,2024,302400115,1,9,0,18,19,3,7,0,0,0,0,0,0,0,4,1,6,6,3,-1,-1,-1,-1,-1,-1,5,E01019456,0,3
2024201482533,2024,201482533,2,9,0,-1,19,6,2,-1,0,8,5,0,0,0,2,9,-1,1,2,39,7,-1,-1,-1,-1,5,E01034104,0,3
2024430302654,2024,430302654,1,9,0,18,19,5,1,0,0,1,0,0,0,0,1,1,6,6,1,20,4,-1,-1,-1,-1,-1,-1,0,-1
2024141498823,2024,141498823,2,1,0,-1,19,6,1,-1,0,0,2,0,0,0,1,1,-1,6,1,10,2,-1,-1,-1,-1,2,E01007967,0,1
2024010537603,2024,010537603,2,1,0,18,19,8,4,0,0,2,1,10,0,0,3,1,6,6,1,34,6,-1,-1,-1,-1,4,E01002749,0,1
2024161486497,2024,161486497,2,1,0,-1,19,5,1,-1,5,1,0,0,0,0,1,1,-1,6,1,-1,-1,-1,-1,-1,-1,-1,-1,0,-1
2024010522758,2024,010522758,2,9,0,18,19,3,7,0,0,0,0,0,0,0,1,1,6,6,1,24,5,-1,-1,-1,-1,6,E01004021,0,2
2024991493472,2024,991493472,2,99,0,-1,15,3,7,-1,0,0,0,0,0,0,1,9,-1,6,3,24,5,-1,-1,-1,-1,-1,-1,0,-1
2024010496488,2024,010496488,1,9,0,18,19,6,2,0,0,0,5,4,0,0,1,1,6,6,2,18,4,-1,-1,-1,-1,9,E01000694,0,1
2024031506177,2024,031506177,2,1,0,-1,19,7,2,-1,0,0,0,0,0,0,4,1,-1,9,1,12,3,-1,-1,-1,-1,8,E01019329,0,1
2024401397233,2024,401397233,1,9,0,-1,19,1,5,-1,0,0,0,0,0,0,1,9,-1,6,2,-1,-1,-1,-1,-1,-1,-1,-1,0,-1
2024061439644,2024,061439644,2,9,-1,-1,-1,-1,-1,-1,-1,0,-1,-1,-1,0,-1,9,-1,6,3,-1,-1,-1,-1,-1,-1,-1,-1,0,-1
2024231498239,2024,231498239,2,1,0,-1,19,5,1,-1,0,0,0,0,0,0,3,1,-1,6,2,15,3,-1,-1,-1,-1,6,E01035020,0,1
2024471536183,2024,471536183,2,1,0,-1,19,5,1,-1,0,0,0,1,0,0,2,1,-1,6,1,22,5,-1,-1,-1,-1,-1,-1,0,-1
2024010494941,2024,010494941,1,9,0,18,19,1,5,0,0,2,0,4,0,0,1,1,6,6,2,40,7,-1,-1,-1,-1,3,E01003630,0,1
2024430465451,2024,430465451,1,9,0,18,19,5,1,0,0,0,0,0,0,0,1,1,6,6,3,-1,-1,-1,-1,-1,-1,-1,-1,0,-1
2024421471437,2024,421471437,2,1,0,-1,19,3,7,-1,0,1,0,0,0,0,3,1,-1,9,1,36,7,-1,-1,-1,-1,6,E01004347,0,2
2024501532387,2024,501532387,2,9,0,-1,2,0,0,-1,0,0,0,0,1,0,1,1,-1,9,2,49,8,-1,-1,-1,-1,1,E01019056,0,2
2024161502243,2024,161502243,2,1,0,-1,5,5,1,-1,0,6,0,0,0,0,1,1,-1,6,2,11,3,-1,-1,-1,-1,1,E01013159,0,1
2024161459320,2024,161459320,2,1,0,-1,19,1,5,-1,0,0,0,0,0,0,1,1,-1,6,1,14,3,-1,-1,-1,-1,-1,-1,0,-1
2024161533850,2024,161533850,1,9,0,-1,19,2,6,-1,0,1,0,0,0,0,1,9,-1,6,3,-1,-1,-1,-1,-1,-1,-1,-1,0,-1
2024332400230,2024,332400230,2,-1,0,-1,19,7,3,-1,9,8,0,0,0,0,1,1,-1,6,2,-1,-1,-1,-1,-1,-1,-1,-1,1,-1
2024501500854,2024,501500854,2,9,0,-1,19,5,1,-1,0,0,0,0,0,0,0,9,-1,6,3,-1,-1,-1,-1,-1,-1,-1,-1,0,-1
2024010491674,2024,010491674,2,11,0,99,99,9,9,99,99,9,9,99,9,99,2,9,6,6,3,-1,-1,-1,-1,-1,-1,-1,-1,0,-1
2024010487630,2024,010487630,1,11,0,5,5,3,7,0,0,1,0,0,0,0,0,1,1,1,1,30,6,-1,-1,-1,-1,2,E01033865,0,2
2024010518178,2024,010518178,2,17,0,18,19,3,7,0,0,8,0,0,0,0,3,1,1,1,1,40,7,-1,-1,-1,-1,2,E01016009,0,3
2024041534062,2024,041534062,1,9,0,-1,5,2,2,-1,0,1,0,0,0,0,1,2,-1,6,1,-1,-1,-1,-1,-1,-1,-1,-1,0,-1
2024010520826,2024,010520826,2,1,9,99,99,9,9,99,99,9,9,99,9,99,9,1,6,6,2,24,5,-1,-1,-1,-1,10,E01004106,0,3
2024461404790,2024,461404790,2,9,0,-1,19,5,1,-1,0,8,0,0,0,0,3,9,-1,9,1,24,5,-1,-1,-1,-1,1,E01024662,0,1
2024131420429,2024,131420429,1,9,0,-1,1,7,3,-1,0,1,0,0,0,0,2,1,-1,6,3,-1,-1,-1,-1,-1,-1,-1,-1,0,-1
2024010486907,2024,010486907,2,9,9,99,99,9,9,99,99,9,9,99,9,99,9,9,6,6,1,62,9,-1,-1,-1,-1,3,E01003563,0,1
2024010510946,2024,010510946,1,1,9,99,99,9,9,99,99,9,9,99,9,99,1,1,6,6,3,-1,-1,-1,-1,-1,-1,-1,-1,0,-1
2024101403761,2024,101403761,1,9,0,-1,19,2,8,-1,0,0,0,0,0,0,1,1,-1,6,1,23,5,-1,-1,-1,-1,10,E01008371,0,1
2024010537568,2024,010537568,2,19,0,3,3,5,1,0,0,8,0,0,0,0,0,1,6,6,3,-1,-1,-1,-1,-1,-1,-1,-1,0,-1
2024031494393,2024,031494393,1,19,-1,-1,19,5,1,-1,0,0,0,0,0,0,1,9,-1,6,1,-1,-1,-1,-1,-1,-1,-1,-1,0,-1
2024361421746,2024,361421746,1,9,0,-1,19,3,7,-1,0,1,1,10,1,10,4,1,-1,9,1,40,7,-1,-1,-1,-1,7,E01026881,0,2
2024010489501,2024,010489501,1,9,0,9,9,1,7,0,0,6,0,0,1,0,1,1,6,6,2,68,10,-1,-1,-1,-1,3,E01001969,0,1
2024010490928,2024,010490928,1,9,0,9,9,5,3,0,0,5,0,0,0,0,1,1,2,2,2,47,8,-1,-1,-1,-1,5,E01000375,0,3
2024461420540,2024,461420540,1,9,0,-1,19,5,1,-1,0,1,0,0,0,0,1,9,-1,6,1,29,6,-1,-1,-1,-1,4,E01024492,0,1
2024131460841,2024,131460841,2,1,0,-1,19,6,2,-1,0,8,0,0,0,0,1,1,-1,6,1,58,9,-1,-1,-1,-1,6,E01011879,0,1
2024010489281,2024,010489281,2,9,0,99,99,9,9,99,99,9,9,99,9,99,9,9,6,6,2,-1,-1,-1,-1,-1,-1,3,E01002771,0,1
2024501410729,2024,501410729,3,9,0,-1,10,5,1,-1,0,1,0,0,0,0,0,9,-1,6,-1,-1,-1,-1,-1,-1,-1,-1,-1,0,-1
2024010525120,2024,010525120,1,-1,0,18,19,3,7,9,9,2,0,0,0,0,1,1,6,6,1,46,8,-1,-1,-1,-1,1,E01001790,1,1
2024610018524,2024,610018524,1,9,0,14,14,2,6,0,0,0,0,4,0,0,1,1,6,6,1,35,6,-1,-1,-1,-1,1,W01001361,0,2
2024010499624,2024,010499624,2,9,0,99,99,9,9,99,99,0,9,99,9,99,1,9,6,6,3,-1,-1,-1,-1,-1,-1,-1,-1,0,-1