collision_index,collision_year,collision_ref_no,vehicle_reference,vehicle_type,towing_and_articulation,vehicle_manoeuvre_historic,vehicle_manoeuvre,vehicle_direction_from,vehicle_direction_to,vehicle_location_restricted_lane_historic,vehicle_location_restricted_lane,junction_location,skidding_and_overturning,hit_object_in_carriageway,vehicle_leaving_carriageway,hit_object_off_carriageway,first_point_of_impact,vehicle_left_hand_drive,journey_purpose_of_driver_historic,journey_purpose_of_driver,sex_of_driver,age_of_driver,age_band_of_driver,engine_capacity_cc,propulsion_code,age_of_vehicle,generic_make_model,driver_imd_decile,lsoa_of_driver,escooter_flag,driver_distance_banding
2024010504430,2024,010504430,2,1,0,18,19,7,3,2,2,1,0,0,0,0,1,1,2,2,1,31,6,-1,-1,-1,-1,2,E01002003,0,1
2024332400103,2024,332400103,1,1,0,-1,19,1,5,-1,0,0,1,0,0,0,1,1,-1,1,1,26,6,-1,-1,-1,-1,2,E01013678,0,1
2024071075152,2024,071075152,2,5,0,-1,19,4,2,-1,0,1,2,0,0,4,4,1,-1,6,1,59,9,-1,-1,-1,-1,2,E01012383,0,1
2024991534795,2024,991534795,2,9,0,-1,19,1,5,-1,0,8,1,0,7,6,1,1,-1,2,1,53,8,-1,-1,-1,-1,9,-1,0,2
2024991533689,2024,991533689,2,1,0,-1,19,8,4,-1,0,0,0,0,0,0,1,1,-1,6,1,23,5,-1,-1,-1,-1,-1,-1,0,-1
2024010543155,2024,010543155,1,1,9,99,99,9,9,99,99,9,9,99,9,99,9,1,6,6,1,62,9,-1,-1,-1,-1,10,E01003881,0,1
2024520402406,2024,520402406,2,9,9,18,19,8,2,0,0,1,0,0,0,0,1,9,6,6,3,-1,-1,-1,-1,-1,-1,-1,-1,0,-1
2024991403393,2024,991403393,1,9,0,-1,19,1,5,-1,0,0,1,0,1,9,1,1,-1,6,1,77,11,-1,-1,-1,-1,7,-1,0,4
202417L500824,2024,17L500824,1,9,0,1,1,0,4,-1,-1,0,0,0,0,11,1,1,6,6,2,57,9,-1,-1,-1,-1,2,E01012165,0,1
2024421495291,2024,421495291,1,9,0,-1,-1,-1,-1,-1,-1,-1,-1,-1,-1,0,-1,9,-1,6,3,-1,-1,-1,-1,-1,-1,-1,-1,0,-1
2024161531329,2024,161531329,1,9,0,-1,5,3,7,-1,0,0,1,4,1,0,1,1,-1,9,1,80,11,-1,-1,-1,-1,10,E01013089,0,1
2024010544464,2024,010544464,1,9,9,99,99,9,9,99,99,9,9,99,9,99,9,9,6,6,3,-1,-1,-1,-1,-1,-1,-1,-1,0,-1
2024061427415,2024,061427415,2,1,0,-1,19,1,5,-1,0,8,0,0,0,0,1,1,-1,2,1,68,10,-1,-1,-1,-1,-1,-1,0,-1
2024520402216,2024,520402216,3,9,0,18,19,6,2,0,0,0,0,0,0,0,3,1,6,6,1,69,10,-1,-1,-1,-1,10,E01009704,0,5
2024131413291,2024,131413291,1,9,0,-1,19,6,2,-1,-1,8,-1,-1,-1,-1,1,1,-1,6,3,-1,-1,-1,-1,-1,-1,-1,-1,0,-1
2024052401097,2024,052401097,1,4,0,-1,-1,6,2,0,0,0,-1,0,0,0,-1,1,6,6,3,-1,-1,-1,-1,-1,-1,-1,-1,0,-1
2024221462863,2024,221462863,2,1,0,-1,19,4,8,-1,0,0,0,0,0,0,3,1,-1,6,1,32,6,-1,-1,-1,-1,7,E01014082,0,1
2024131460460,2024,131460460,2,22,0,-1,2,0,0,-1,9,8,0,0,0,0,1,1,-1,9,1,74,10,-1,-1,-1,-1,3,E01011267,0,1
2024010516055,2024,010516055,2,1,0,18,19,2,6,0,0,1,0,0,0,0,1,1,6,6,1,25,5,-1,-1,-1,-1,10,E01000793,0,3
2024131435349,2024,131435349,1,1,0,-1,12,4,8,-1,0,1,0,0,0,0,1,1,-1,7,1,18,4,-1,-1,-1,-1,9,E01011186,0,2
2024010543627,2024,010543627,2,1,0,18,19,7,3,0,0,2,0,0,0,0,1,1,2,2,2,20,4,-1,-1,-1,-1,4,E01003532,0,1
2024201437150,2024,201437150,2,1,0,-1,19,5,1,-1,0,0,0,0,0,0,1,1,-1,6,1,10,2,-1,-1,-1,-1,2,E01010041,0,1
2024471532049,2024,471532049,2,8,0,-1,9,5,2,-1,99,6,0,0,0,0,1,1,-1,6,1,-1,-1,-1,-1,-1,-1,-1,-1,0,-1
2024302401250,2024,302401250,2,1,0,18,19,1,6,0,0,3,1,0,0,0,4,1,6,6,2,31,6,-1,-1,-1,-1,10,E01013574,0,1
2024351397094,2024,351397094,1,9,0,-1,19,-1,-1,-1,0,0,1,0,7,0,-1,9,-1,6,3,-1,-1,-1,-1,-1,-1,-1,-1,0,-1
2024461526633,2024,461526633,1,19,0,-1,19,1,5,-1,0,2,0,0,0,0,4,9,-1,6,3,-1,-1,-1,-1,-1,-1,-1,-1,0,-1
2024522401160,2024,522401160,2,19,0,3,3,8,4,0,0,0,0,0,0,0,2,1,6,6,2,34,6,-1,-1,-1,-1,10,E01014393,0,3
2024010519109,2024,010519109,1,1,9,99,99,9,9,99,99,1,9,99,9,99,1,1,2,2,2,22,5,-1,-1,-1,-1,8,E01015876,0,4
2024552400964,2024,552400964,2,1,0,18,19,2,6,0,0,0,0,0,0,0,3,1,6,6,1,42,7,-1,-1,-1,-1,8,E01015453,0,1
2024010488883,2024,010488883,1,9,0,99,99,9,9,99,99,0,9,99,9,99,9,9,6,6,1,52,8,-1,-1,-1,-1,3,E01034204,0,1
2024010535108,2024,010535108,1,9,0,10,10,5,2,0,0,1,0,0,0,0,1,1,6,6,2,62,9,-1,-1,-1,-1,3,E01001180,0,1
2024041489225,2024,041489225,1,9,0,-1,19,1,1,-1,0,1,0,0,0,0,1,1,-1,6,3,-1,-1,-1,-1,-1,-1,-1,-1,0,-1
202460Q093025,2024,60Q093025,2,9,0,18,19,6,2,0,0,1,0,0,0,0,1,1,6,6,1,40,7,-1,-1,-1,-1,-1,-1,0,-1
2024211511938,2024,211511938,3,9,0,-1,2,1,5,-1,-1,0,0,0,0,0,3,1,-1,9,2,28,6,-1,-1,-1,-1,6,E01029556,0,3
2024010488955,2024,010488955,2,9,0,99,99,9,9,99,99,9,9,99,9,99,1,9,6,6,3,-1,-1,-1,-1,-1,-1,5,E01033916,0,1
2024552400784,2024,552400784,1,9,0,9,9,8,6,0,0,8,0,0,0,0,1,1,6,6,1,25,5,-1,-1,-1,-1,10,W01001919,0,5
2024010541098,2024,010541098,2,9,9,99,99,9,9,99,99,0,9,99,9,99,9,1,6,6,2,-1,-1,-1,-1,-1,-1,-1,-1,0,-1
2024461512367,2024,461512367,2,9,0,-1,19,7,3,-1,0,0,0,0,0,0,1,2,-1,2,1,30,6,-1,-1,-1,-1,2,E01024091,0,3
2024010494862,2024,010494862,2,1,0,4,4,5,1,0,0,2,0,0,0,0,1,1,6,6,2,58,9,-1,-1,-1,-1,3,E01003321,0,1
2024471515949,2024,471515949,2,1,0,-1,19,6,1,-1,0,0,0,0,0,0,1,1,-1,6,1,17,4,-1,-1,-1,-1,5,E01031834,0,1
2024010544324,2024,010544324,1,8,0,4,4,1,5,0,0,9,0,99,9,99,0,1,6,6,1,24,5,-1,-1,-1,-1,-1,-1,0,-1
2024141461076,2024,141461076,2,1,0,-1,19,3,7,-1,0,0,0,0,0,0,1,1,-1,6,1,9,2,-1,-1,-1,-1,1,E01007352,0,1
2024622400327,2024,622400327,1,19,0,1,1,2,6,0,0,1,0,0,0,0,2,1,1,1,1,56,9,-1,-1,-1,-1,3,W01001185,0,1
2024411428004,2024,411428004,1,9,0,-1,2,4,8,-1,0,0,0,0,0,0,4,1,-1,6,2,28,6,-1,-1,-1,-1,5,E01021769,0,4
2024010489219,2024,010489219,1,10,0,9,9,5,2,0,0,2,0,11,0,0,1,1,1,1,1,49,8,-1,-1,-1,-1,3,E01003120,0,3
2024421518944,2024,421518944,1,1,0,-1,19,4,1,-1,0,1,0,0,1,0,0,1,-1,6,1,-1,-1,-1,-1,-1,-1,-1,-1,0,-1
2024010549100,2024,010549100,1,1,9,99,99,9,9,99,99,9,9,99,9,99,2,1,1,1,1,36,7,-1,-1,-1,-1,5,E01004513,0,1
2024161428441,2024,161428441,1,19,0,-1,6,7,3,-1,0,0,0,0,0,0,3,2,-1,1,1,59,9,-1,-1,-1,-1,6,E01013078,0,3
2024991514157,2024,991514157,1,1,0,-1,12,7,4,-1,0,1,0,0,0,0,3,1,-1,6,2,35,6,-1,-1,-1,-1,-1,-1,0,-1
2024070476929,2024,070476929,1,9,0,18,19,4,8,0,0,0,0,0,0,0,1,1,6,6,1,38,7,-1,-1,-1,-1,3,E01018552,0,1
2024141443799,2024,141443799,1,9,0,-1,19,7,3,-1,0,0,0,0,0,0,4,9,-1,6,3,-1,-1,-1,-1,-1,-1,-1,-1,0,-1
2024010492180,2024,010492180,1,3,0,99,99,9,9,99,99,9,9,99,9,99,1,1,1,1,1,33,6,-1,-1,-1,-1,3,E01000553,0,2
202417S110924,2024,17S110924,1,19,0,-1,10,4,1,-1,0,8,0,0,0,0,2,1,-1,1,2,25,5,-1,-1,-1,-1,9,E01012211,0,1
2024430432068,2024,430432068,2,1,0,18,19,1,5,0,0,6,0,0,0,0,4,1,6,6,1,52,8,-1,-1,-1,-1,-1,-1,0,-1
2024131486475,2024,131486475,2,9,0,-1,19,4,8,-1,0,8,0,0,0,0,1,1,-1,1,1,63,9,-1,-1,-1,-1,4,E01011732,0,1
2024451406892,2024,451406892,1,9,0,-1,3,5,1,-1,0,1,0,0,0,0,2,2,-1,6,2,41,7,-1,-1,-1,-1,10,E01030435,0,1
2024471509770,2024,471509770,1,1,0,-1,4,1,5,-1,4,1,0,0,1,0,3,1,-1,2,1,26,6,-1,-1,-1,-1,7,E01016878,0,1
2024430188750,2024,430188750,1,3,0,7,7,8,4,0,0,6,1,0,0,0,0,1,1,1,2,17,4,-1,-1,-1,-1,10,E01028685,0,1
2024010492205,2024,010492205,1,9,0,99,99,9,9,99,99,0,9,99,9,99,9,9,6,6,1,39,7,-1,-1,-1,-1,6,E01002742,0,2
2024430280330,2024,430280330,2,1,0,18,19,3,7,0,0,8,0,0,0,0,4,1,6,6,1,66,10,-1,-1,-1,-1,10,E01023425,0,1
2024052401153,2024,052401153,2,9,0,18,19,7,3,0,0,1,0,0,0,0,1,1,6,6,3,-1,-1,-1,-1,-1,-1,-1,-1,0,-1
2024010517063,2024,010517063,2,1,0,18,19,8,4,0,0,1,0,0,0,0,1,1,6,6,1,33,6,-1,-1,-1,-1,7,E01004662,0,1
2024010488377,2024,010488377,2,9,0,99,99,9,9,99,99,9,9,99,9,99,9,9,6,6,3,-1,-1,-1,-1,-1,-1,-1,-1,0,-1
2024440021700,2024,440021700,1,1,0,3,3,3,7,0,0,1,0,0,0,0,2,1,6,6,1,52,8,-1,-1,-1,-1,8,E01032664,0,1
2024320659432,2024,320659432,2,9,0,2,2,0,0,0,0,0,0,0,0,0,3,1,6,6,2,28,6,-1,-1,-1,-1,4,E01026288,0,1
2024010507081,2024,010507081,1,9,9,99,99,9,9,99,99,9,9,99,9,99,9,9,6,6,3,-1,-1,-1,-1,-1,-1,-1,-1,0,-1
2024010544866,2024,010544866,2,1,0,-1,-1,7,3,0,0,1,0,0,1,0,3,1,6,6,1,37,7,-1,-1,-1,-1,2,E01001388,0,1
2024010507799,2024,010507799,2,1,0,18,19,3,7,0,0,2,0,0,0,0,0,1,6,6,1,37,7,-1,-1,-1,-1,2,E01000931,0,1
2024520401792,2024,520401792,1,19,0,18,19,7,2,0,0,0,0,0,0,0,4,1,6,6,3,-1,-1,-1,-1,-1,-1,-1,-1,0,-1
2024010498890,2024,010498890,2,9,0,9,9,5,3,0,0,7,0,0,0,0,1,1,6,6,3,-1,-1,-1,-1,-1,-1,-1,-1,0,-1
2024440154594,2024,440154594,1,-1,0,18,19,6,2,0,0,1,0,0,0,0,0,1,6,6,1,31,6,-1,-1,-1,-1,8,E01032605,1,1
2024520401859,2024,520401859,2,-1,0,18,19,7,3,0,0,8,0,0,0,0,4,1,6,6,2,-1,-1,-1,-1,-1,-1,-1,-1,1,-1
2024010544710,2024,010544710,1,1,9,99,99,9,9,99,99,9,9,99,9,99,9,1,2,2,2,29,6,-1,-1,-1,-1,4,E01004531,0,1
2024010548911,2024,010548911,1,9,0,99,99,9,9,99,99,9,9,99,9,99,1,9,6,6,2,60,9,-1,-1,-1,-1,6,E01001201,0,1
2024552400392,2024,552400392,1,9,0,18,19,4,8,0,0,0,1,0,8,4,3,1,6,6,1,18,4,-1,-1,-1,-1,9,E01020580,0,1
2024440034240,2024,440034240,2,1,0,18,19,7,3,0,0,1,0,0,0,0,1,1,6,6,1,41,7,-1,-1,-1,-1,2,E01032878,0,1
2024010511962,2024,010511962,2,1,0,16,19,6,2,0,0,1,5,0,0,0,2,1,6,6,2,25,5,-1,-1,-1,-1,5,E01001720,0,1
2024501513769,2024,501513769,2,9,0,-1,19,1,5,-1,0,1,0,0,7,0,1,1,-1,2,1,56,9,-1,-1,-1,-1,4,E01018968,0,2
2024430539420,2024,430539420,2,1,0,18,19,6,2,4,4,8,0,0,0,0,1,1,6,6,1,35,6,-1,-1,-1,-1,10,E01028594,0,1
2024010492212,2024,010492212,2,9,0,18,19,5,1,0,0,8,0,0,0,0,3,1,6,6,2,63,9,-1,-1,-1,-1,1,E01023536,0,1
2024320448986,2024,320448986,2,1,0,-1,-1,4,8,0,0,3,5,0,0,0,4,1,-1,-1,1,51,8,-1,-1,-1,-1,7,E01015636,0,1
2024552400662,2024,552400662,2,1,0,18,19,6,2,0,0,8,0,0,0,0,1,1,2,2,1,22,5,-1,-1,-1,-1,1,E01015384,0,1
2024471480485,2024,471480485,2,-1,0,-1,19,6,2,-1,0,1,0,0,0,0,1,1,-1,6,1,15,3,-1,-1,-1,-1,1,E01020920,1,1
2024010493325,2024,010493325,1,9,0,11,11,7,3,0,0,1,0,0,0,0,1,1,2,2,1,73,10,-1,-1,-1,-1,9,E01035572,0,3
2024991401819,2024,991401819,2,1,0,-1,19,2,7,-1,0,8,0,0,0,0,4,1,-1,9,1,50,8,-1,-1,-1,-1,10,-1,0,1
2024421395393,2024,421395393,1,9,0,-1,9,4,2,-1,0,8,0,0,0,0,1,9,-1,1,1,55,8,-1,-1,-1,-1,6,E01021258,0,1
2024010528507,2024,010528507,2,9,0,18,19,5,1,0,0,8,0,0,0,0,1,1,6,6,3,-1,-1,-1,-1,-1,-1,-1,-1,0,-1
2024052400911,2024,052400911,1,9,0,5,5,8,4,0,0,1,0,0,0,0,1,1,6,6,1,40,7,-1,-1,-1,-1,9,E01007068,0,1
2024522403014,2024,522403014,1,9,0,18,19,1,5,0,0,1,0,0,0,0,1,1,6,6,3,-1,-1,-1,-1,-1,-1,-1,-1,0,-1
2024631523933,2024,631523933,1,9,0,-1,19,4,8,-1,0,8,0,0,0,0,1,2,-1,9,1,47,8,-1,-1,-1,-1,5,W01001925,0,1
2024122400057,2024,122400057,1,1,0,18,19,7,3,0,0,0,0,0,0,0,1,1,6,6,1,47,8,-1,-1,-1,-1,8,E01027645,0,4
2024520401291,2024,520401291,1,9,0,18,19,4,8,0,0,8,0,7,0,0,4,1,6,6,2,50,8,-1,-1,-1,-1,4,E01029102,0,1
2024161529164,2024,161529164,1,11,0,-1,2,0,0,-1,0,2,0,0,0,0,0,9,-1,1,2,40,7,-1,-1,-1,-1,1,E01012894,0,1
2024010536336,2024,010536336,2,1,0,18,19,3,7,0,0,8,0,0,0,0,1,1,6,6,2,38,7,-1,-1,-1,-1,4,E01000819,0,2
2024052402053,2024,052402053,2,1,0,18,19,3,7,0,0,0,0,0,0,0,1,1,6,6,1,36,7,-1,-1,-1,-1,1,E01006548,0,1
2024010514721,2024,010514721,1,1,0,18,19,3,7,0,0,1,0,0,0,0,4,1,2,2,1,25,5,-1,-1,-1,-1,8,E01028640,0,4
2024061485258,2024,061485258,2,98,1,-1,5,1,5,-1,0,1,0,0,0,0,2,9,-1,1,1,37,7,-1,-1,-1,-1,8,E01026470,0,5
2024302401253,2024,302401253,2,1,0,18,19,7,3,0,0,0,0,0,0,0,1,1,6,6,2,56,9,-1,-1,-1,-1,9,E01013580,0,2
2024471460098,2024,471460098,1,9,0,-1,9,8,6,-1,0,5,0,0,0,0,3,1,-1,9,1,74,10,-1,-1,-1,-1,7,E01031543,0,1
2024351402798,2024,351402798,1,-1,0,-1,-1,-1,-1,-1,-1,0,-1,-1,-1,0,0,1,-1,6,3,-1,-1,-1,-1,-1,-1,-1,-1,1,-1
2024201505241,2024,201505241,2,9,0,-1,7,5,5,-1,0,6,0,0,0,0,3,9,-1,6,1,37,7,-1,-1,-1,-1,7,E01029385,0,3
2024522402932,2024,522402932,1,1,0,18,19,3,7,0,0,2,0,8,0,0,4,1,6,6,1,39,7,-1,-1,-1,-1,4,E01015007,0,1
2024430028939,2024,430028939,1,9,0,3,3,2,6,0,0,1,0,0,0,0,2,1,6,6,1,71,10,-1,-1,-1,-1,10,E01016695,0,1
202460Q012364,2024,60Q012364,2,1,0,18,19,7,3,0,0,8,0,0,0,0,1,1,6,6,1,65,9,-1,-1,-1,-1,-1,-1,0,-1
2024481558055,2024,481558055,1,1,0,-1,19,7,3,-1,4,2,0,0,0,0,1,1,-1,9,1,20,4,-1,-1,-1,-1,-1,-1,0,-1
2024161446402,2024,161446402,2,1,0,-1,19,3,7,-1,0,3,0,0,0,0,1,1,-1,6,1,15,3,-1,-1,-1,-1,1,E01013312,0,1
2024471462408,2024,471462408,1,1,0,-1,19,8,4,-1,0,1,0,0,0,0,4,1,-1,9,1,21,5,-1,-1,-1,-1,4,E01031344,0,3
2024451478959,2024,451478959,1,9,0,-1,4,4,8,-1,0,0,0,0,0,0,2,1,-1,9,1,47,8,-1,-1,-1,-1,10,E01016200,0,3
202454E933624,2024,54E933624,2,1,0,18,19,3,7,0,0,8,0,0,0,0,4,1,2,2,1,36,7,-1,-1,-1,-1,6,E01015568,0,1
2024610007224,2024,610007224,2,1,0,18,19,7,3,0,0,1,0,0,0,0,1,1,6,6,1,12,3,-1,-1,-1,-1,2,W01001660,0,1
2024061422370,2024,061422370,1,9,0,-1,19,5,5,-1,0,0,0,0,0,0,1,1,-1,9,2,57,9,-1,-1,-1,-1,7,E01005819,0,1
2024471502839,2024,471502839,2,19,-1,-1,-1,-1,-1,-1,-1,-1,0,0,0,0,-1,9,-1,6,3,-1,-1,-1,-1,-1,-1,-1,-1,0,-1
2024061469912,2024,061469912,1,99,0,-1,19,5,1,-1,-1,0,0,0,0,0,1,1,-1,6,3,-1,-1,-1,-1,-1,-1,-1,-1,0,-1
2024991486046,2024,991486046,1,97,0,-1,19,3,7,-1,0,2,0,0,0,0,3,1,-1,9,1,65,9,-1,-1,-1,-1,-1,-1,0,-1
2024041477565,2024,041477565,1,9,0,-1,10,8,6,-1,0,0,0,0,0,0,1,1,-1,2,1,33,6,-1,-1,-1,-1,2,E01025116,0,1
2024332400938,2024,332400938,1,1,0,-1,19,7,3,-1,0,8,0,0,0,0,1,1,-1,2,1,41,7,-1,-1,-1,-1,6,E01013668,0,1
2024010488480,2024,010488480,1,-1,0,18,19,6,2,0,0,8,0,0,0,0,1,1,6,6,3,-1,-1,-1,-1,-1,-1,-1,-1,1,-1
2024361495377,2024,361495377,2,1,0,-1,19,5,2,-1,0,8,0,0,0,0,1,1,-1,1,1,56,9,-1,-1,-1,-1,9,E01026503,0,3
2024471490463,2024,471490463,1,9,0,-1,19,5,1,-1,0,1,0,0,0,0,1,1,-1,6,1,-1,-1,-1,-1,-1,-1,-1,-1,0,-1
2024361470828,2024,361470828,2,1,0,-1,19,1,5,-1,0,0,0,0,0,0,2,1,-1,6,1,20,4,-1,-1,-1,-1,2,E01026828,0,1
2024201535725,2024,201535725,1,9,0,-1,19,6,2,-1,0,0,0,0,0,0,1,1,-1,6,-1,-1,-1,-1,-1,-1,-1,-1,-1,0,-1
2024430455966,2024,430455966,2,1,0,18,19,1,5,0,0,1,0,0,0,0,3,1,6,6,1,36,7,-1,-1,-1,-1,2,E01016415,0,1
2024231411539,2024,231411539,1,9,0,-1,19,1,5,-1,0,8,0,0,0,0,1,1,-1,6,1,37,7,-1,-1,-1,-1,8,E01035035,0,2
2024320242849,2024,320242849,2,1,0,-1,-1,2,6,0,0,8,5,0,0,0,2,1,-1,-1,1,11,3,-1,-1,-1,-1,6,E01026135,0,1
2024440244761,2024,440244761,1,-1,0,18,19,1,5,0,0,0,0,10,0,0,4,1,6,6,1,44,7,-1,-1,-1,-1,2,E01032750,1,1
2024041471904,2024,041471904,2,9,0,-1,9,5,7,-1,0,8,0,0,0,0,3,1,-1,9,2,68,10,-1,-1,-1,-1,3,E01025271,0,1
2024471423260,2024,471423260,2,9,0,-1,19,5,1,-1,0,1,0,0,0,0,4,1,-1,9,1,62,9,-1,-1,-1,-1,7,E01021220,0,3
2024201490057,2024,201490057,2,9,0,-1,3,5,1,-1,0,0,0,0,0,0,2,1,-1,6,1,35,6,-1,-1,-1,-1,8,E01029641,0,2
2024010523753,2024,010523753,1,1,0,18,19,7,3,0,0,1,0,0,0,0,1,1,2,2,1,26,6,-1,-1,-1,-1,3,E01032584,0,2
2024010500907,2024,010500907,1,1,9,99,99,9,9,99,99,9,9,99,9,99,9,1,2,2,1,34,6,-1,-1,-1,-1,3,E01004020,0,2
2024010489742,2024,010489742,4,21,0,18,19,7,3,0,0,0,0,0,0,0,1,1,1,1,1,41,7,-1,-1,-1,-1,7,E01016473,0,2
2024401484191,2024,401484191,1,9,-1,-1,13,5,1,-1,0,0,0,0,0,0,3,9,-1,6,3,-1,-1,-1,-1,-1,-1,-1,-1,0,-1
2024320393585,2024,320393585,1,9,0,9,9,6,4,0,0,6,0,0,0,0,4,-1,-1,-1,1,36,7,-1,-1,-1,-1,-1,-1,0,-1
2024332400191,2024,332400191,1,9,0,-1,9,5,3,-1,0,6,0,0,0,0,1,1,-1,1,1,64,9,-1,-1,-1,-1,3,E01013655,0,1
2024302401645,2024,302401645,1,1,0,9,9,5,3,0,0,1,0,0,0,0,1,1,6,6,1,19,4,-1,-1,-1,-1,9,E01013543,0,1
2024010538057,2024,010538057,2,1,0,18,19,5,1,2,2,8,0,0,0,0,4,1,2,2,1,48,8,-1,-1,-1,-1,5,E01003116,0,1
2024522403117,2024,522403117,3,20,0,18,19,4,7,0,0,2,0,0,0,0,3,1,6,6,3,-1,-1,-1,-1,-1,-1,-1,-1,0,-1
2024111433062,2024,111433062,2,1,0,-1,19,7,3,-1,0,0,5,0,0,0,1,1,-1,6,1,45,7,-1,-1,-1,-1,10,E01020712,0,1
2024421503637,2024,421503637,2,9,0,-1,9,1,7,-1,0,8,0,0,0,0,1,1,-1,9,1,55,8,-1,-1,-1,-1,10,E01022075,0,1
2024010505178,2024,010505178,2,9,0,99,99,9,9,99,99,9,9,99,9,99,2,9,6,6,3,-1,-1,-1,-1,-1,-1,1,E01000596,0,3
2024141554180,2024,141554180,2,1,0,-1,19,6,2,-1,0,2,2,0,0,0,3,1,-1,6,1,24,5,-1,-1,-1,-1,9,E01008048,0,1
2024161422969,2024,161422969,2,1,0,-1,9,3,5,-1,0,8,0,0,0,0,2,1,-1,9,1,39,7,-1,-1,-1,-1,9,E01013157,0,1
2024302401052,2024,302401052,2,9,0,4,4,5,1,0,0,0,0,0,0,0,1,1,6,6,2,19,4,-1,-1,-1,-1,3,E01019577,0,1
2024440123358,2024,440123358,1,9,0,18,19,8,4,0,0,1,0,0,0,0,1,1,6,6,1,-1,-1,-1,-1,-1,-1,-1,-1,0,-1
2024430531958,2024,430531958,2,9,0,18,19,1,5,0,0,0,0,0,0,0,1,1,6,6,2,60,9,-1,-1,-1,-1,6,E01002135,0,4
2024010522380,2024,010522380,1,1,0,18,19,7,3,2,2,0,0,0,0,0,4,1,6,6,2,36,7,-1,-1,-1,-1,2,E01002053,0,1
2024430585440,2024,430585440,1,-1,0,18,19,8,4,0,0,0,0,0,0,0,3,1,6,6,3,-1,-1,-1,-1,-1,-1,-1,-1,1,-1
2024201394381,2024,201394381,1,9,0,-1,19,7,3,-1,0,0,0,0,0,0,1,9,-1,6,1,-1,-1,-1,-1,-1,-1,-1,-1,0,-1
2024052402467,2024,052402467,2,1,0,18,19,5,1,0,0,8,0,0,0,0,2,1,6,6,1,14,3,-1,-1,-1,-1,1,E01032509,0,2
2024311397105,2024,311397105,3,9,0,-1,3,7,6,-1,0,0,0,0,0,0,2,1,-1,6,3,-1,-1,-1,-1,-1,-1,-1,-1,0,-1
2024501405207,2024,501405207,1,19,0,-1,1,1,5,-1,0,1,0,0,0,0,2,1,-1,6,1,46,8,-1,-1,-1,-1,9,E01020038,0,2
2024201472054,2024,201472054,1,98,0,-1,19,2,6,-1,0,0,0,0,0,0,4,9,-1,6,3,-1,-1,-1,-1,-1,-1,-1,-1,0,-1
2024141490805,2024,141490805,2,90,0,-1,19,8,4,-1,0,1,0,0,0,0,4,1,-1,6,1,14,3,-1,-1,-1,-1,6,E01007974,0,1
2024552500083,2024,552500083,1,99,0,18,19,3,7,0,0,0,0,0,0,0,2,1,6,6,3,-1,-1,-1,-1,-1,-1,-1,-1,0,-1
2024991425972,2024,991425972,2,1,0,-1,19,3,8,-1,0,0,0,0,1,0,2,1,-1,6,2,55,8,-1,-1,-1,-1,4,-1,0,1
2024320764497,2024,320764497,1,9,0,-1,-1,4,8,0,0,8,1,0,1,1,1,1,1,1,1,72,10,-1,-1,-1,-1,1,E01026115,0,2
2024010521092,2024,010521092,2,1,9,99,99,9,9,99,99,9,9,99,9,99,9,1,2,2,1,18,4,-1,-1,-1,-1,5,E01001310,0,1
2024522402356,2024,522402356,1,1,0,17,19,1,6,0,0,8,0,0,0,0,1,1,6,6,1,44,7,-1,-1,-1,-1,9,E01014544,0,1
2024440422187,2024,440422187,2,9,0,11,11,8,4,0,0,8,0,0,0,0,4,1,6,6,3,-1,-1,-1,-1,-1,-1,-1,-1,0,-1
2024361490532,2024,361490532,2,1,0,-1,19,7,3,-1,0,8,0,0,0,0,2,1,-1,2,1,22,5,-1,-1,-1,-1,10,E01035143,0,2
2024052400451,2024,052400451,1,9,0,18,19,8,4,0,0,0,0,0,0,0,1,1,6,6,3,-1,-1,-1,-1,-1,-1,-1,-1,0,-1
2024010495138,2024,010495138,2,98,0,99,99,9,9,99,99,9,9,99,9,99,1,9,6,6,3,-1,-1,-1,-1,-1,-1,-1,-1,0,-1
2024622400387,2024,622400387,1,9,0,18,19,6,2,0,0,0,0,0,7,0,1,1,6,6,2,51,8,-1,-1,-1,-1,8,W01001011,0,1
2024161481432,2024,161481432,1,1,0,-1,19,7,3,-1,0,1,0,0,0,0,9,1,-1,6,1,50,8,-1,-1,-1,-1,4,E01013334,0,1
2024010519942,2024,010519942,3,9,0,99,99,9,9,99,99,9,9,99,9,99,2,9,6,6,3,-1,-1,-1,-1,-1,-1,-1,-1,0,-1
2024010492418,2024,010492418,1,11,0,18,19,1,5,0,0,1,0,0,0,0,0,1,1,1,1,49,8,-1,-1,-1,-1,9,E01023580,0,3
2024010497437,2024,010497437,2,9,0,99,99,9,9,99,99,9,9,99,9,99,9,9,6,6,3,45,7,-1,-1,-1,-1,2,E01003048,0,1
2024010543721,2024,010543721,1,1,9,99,99,9,9,99,99,9,9,99,9,99,9,1,2,2,1,49,8,-1,-1,-1,-1,5,E01033739,0,1
2024031481842,2024,031481842,2,1,0,-1,19,4,1,-1,0,1,0,0,0,0,1,1,-1,9,1,56,9,-1,-1,-1,-1,-1,-1,0,-1
2024340WN0092,2024,340WN0092,1,9,0,-1,19,3,7,-1,0,1,0,0,0,0,1,1,-1,6,2,-1,-1,-1,-1,-1,-1,-1,-1,0,-1
2024311529203,2024,311529203,1,9,-1,-1,7,1,7,-1,0,8,0,0,0,0,1,9,-1,6,3,30,6,-1,-1,-1,-1,-1,-1,0,-1
2024201459638,2024,201459638,3,9,0,-1,5,4,8,-1,0,1,0,0,0,0,3,1,-1,2,1,56,9,-1,-1,-1,-1,1,E01009341,0,1
2024010533184,2024,010533184,2,1,0,5,5,0,7,5,5,8,0,0,0,0,4,1,6,6,1,27,6,-1,-1,-1,-1,7,E01004216,0,1
2024451480797,2024,451480797,1,1,0,-1,19,3,3,-1,0,0,0,0,0,0,0,1,-1,9,1,61,9,-1,-1,-1,-1,10,E01030620,0,2