collision_index,collision_year,collision_ref_no,vehicle_reference,vehicle_type,towing_and_articulation,vehicle_manoeuvre_historic,vehicle_manoeuvre,vehicle_direction_from,vehicle_direction_to,vehicle_location_restricted_lane_historic,vehicle_location_restricted_lane,junction_location,skidding_and_overturning,hit_object_in_carriageway,vehicle_leaving_carriageway,hit_object_off_carriageway,first_point_of_impact,vehicle_left_hand_drive,journey_purpose_of_driver_historic,journey_purpose_of_driver,sex_of_driver,age_of_driver,age_band_of_driver,engine_capacity_cc,propulsion_code,age_of_vehicle,generic_make_model,driver_imd_decile,lsoa_of_driver,escooter_flag,driver_distance_banding
2024440320761,2024,440320761,2,9,0,18,19,7,3,0,0,8,0,0,0,0,1,1,6,6,2,21,5,-1,-1,-1,-1,10,E01022517,0,1
2024052500002,2024,052500002,1,9,0,18,19,2,6,0,0,1,0,0,0,0,1,1,1,1,1,40,7,-1,-1,-1,-1,5,E01006576,0,1
2024332400461,2024,332400461,2,1,0,-1,19,1,5,-1,0,6,0,0,0,0,1,1,-1,6,1,21,5,-1,-1,-1,-1,4,E01013729,0,1
2024010518599,2024,010518599,2,1,0,18,19,5,1,0,0,1,0,0,0,0,4,1,2,2,1,50,8,-1,-1,-1,-1,6,E01034589,0,1
202417H100724,2024,17H100724,2,9,0,18,19,6,2,0,0,8,0,0,0,0,1,1,6,6,1,19,4,-1,-1,-1,-1,7,E01011959,0,1
2024131408327,2024,131408327,2,1,0,-1,10,3,7,-1,0,1,0,0,0,0,1,1,-1,9,1,62,9,-1,-1,-1,-1,7,E01011645,0,1
2024501455513,2024,501455513,2,9,0,-1,3,5,1,-1,0,1,0,0,0,0,2,1,-1,6,1,84,11,-1,-1,-1,-1,-1,-1,0,-1
2024501505873,2024,501505873,2,1,0,-1,19,3,7,-1,0,0,5,0,0,0,2,1,-1,9,1,68,10,-1,-1,-1,-1,4,E01015163,0,1
2024401451431,2024,401451431,1,9,0,-1,19,7,3,-1,0,0,0,0,0,0,1,1,-1,6,2,22,5,-1,-1,-1,-1,9,E01017603,0,2
2024552401352,2024,552401352,1,1,0,18,19,4,8,0,0,0,1,0,0,0,0,1,6,6,1,65,9,-1,-1,-1,-1,10,E01020525,0,4
2024010551851,2024,010551851,1,9,0,18,19,3,7,0,0,1,0,0,0,0,1,1,6,6,1,28,6,-1,-1,-1,-1,2,E01001331,0,1
2024631460699,2024,631460699,2,9,0,-1,19,2,6,-1,0,0,0,0,0,0,1,1,-1,2,1,61,9,-1,-1,-1,-1,5,W01000541,0,2
2024010491529,2024,010491529,2,9,9,99,99,9,9,99,99,9,9,99,9,99,9,9,6,6,1,34,6,-1,-1,-1,-1,5,E01000454,0,1
2024471458418,2024,471458418,2,9,0,-1,19,7,3,-1,0,0,0,0,0,0,1,1,-1,1,1,40,7,-1,-1,-1,-1,6,E01020938,0,4
2024131514712,2024,131514712,1,9,0,-1,19,3,7,-1,0,8,0,0,0,0,1,1,-1,9,1,74,10,-1,-1,-1,-1,6,E01007358,0,3
2024131480835,2024,131480835,2,1,0,-1,13,3,7,-1,0,0,0,0,0,0,3,1,-1,6,1,33,6,-1,-1,-1,-1,2,E01001839,0,5
2024411445501,2024,411445501,2,1,0,-1,19,5,1,-1,0,1,0,0,0,0,1,1,-1,2,2,28,6,-1,-1,-1,-1,10,E01023744,0,1
2024010542884,2024,010542884,2,1,9,99,99,9,9,99,99,9,9,99,9,99,1,1,2,2,1,55,8,-1,-1,-1,-1,10,E01003358,0,1
2024010545466,2024,010545466,1,9,0,1,1,1,5,9,9,6,0,0,0,0,0,1,6,6,3,23,5,-1,-1,-1,-1,-1,-1,0,-1
2024501477845,2024,501477845,2,1,0,-1,19,4,1,-1,0,0,0,0,0,0,1,1,-1,9,1,64,9,-1,-1,-1,-1,9,E01020257,0,1
2024010487996,2024,010487996,1,9,0,9,9,6,3,0,0,5,0,0,0,0,3,1,6,6,1,69,10,-1,-1,-1,-1,4,E01001799,0,1
2024211508644,2024,211508644,2,1,0,-1,19,6,2,-1,0,3,0,0,0,0,4,1,-1,9,1,44,7,-1,-1,-1,-1,6,E01029753,0,1
2024201437849,2024,201437849,2,9,0,-1,12,4,8,-1,0,0,0,0,0,0,3,1,-1,6,3,40,7,-1,-1,-1,-1,-1,-1,0,-1
2024461458266,2024,461458266,4,1,0,-1,19,5,1,-1,0,0,0,0,0,0,0,1,-1,6,1,16,4,-1,-1,-1,-1,-1,-1,0,-1
2024010542987,2024,010542987,1,1,9,99,99,9,9,99,99,9,9,8,9,99,9,1,2,2,1,22,5,-1,-1,-1,-1,4,E01023899,0,4
2024201406297,2024,201406297,1,98,0,-1,19,4,8,-1,0,1,0,0,0,0,1,1,-1,6,1,-1,-1,-1,-1,-1,-1,-1,-1,0,-1
2024131405933,2024,131405933,1,9,0,-1,13,7,3,-1,0,2,0,0,0,0,1,1,-1,9,1,21,5,-1,-1,-1,-1,1,E01010744,0,1
2024141466095,2024,141466095,1,9,0,-1,-1,1,5,-1,-1,8,5,0,8,0,1,1,-1,-1,1,17,4,-1,-1,-1,-1,8,E01011174,0,2
2024320098394,2024,320098394,1,9,0,9,9,6,4,0,0,6,0,0,0,0,1,1,6,6,1,78,11,-1,-1,-1,-1,4,E01026259,0,1
2024131404918,2024,131404918,2,1,0,-1,19,5,1,-1,0,8,0,0,0,0,3,1,-1,1,1,22,5,-1,-1,-1,-1,1,E01011362,0,1
2024361436582,2024,361436582,1,9,0,-1,5,3,7,-1,0,0,0,0,0,0,1,1,-1,9,1,18,4,-1,-1,-1,-1,9,E01026901,0,3
2024010524427,2024,010524427,2,1,0,18,19,2,6,5,5,2,0,0,0,0,3,1,2,2,1,26,6,-1,-1,-1,-1,9,E01002991,0,1
2024052400766,2024,052400766,1,8,0,5,5,2,6,0,0,0,0,0,0,0,0,1,1,1,3,-1,-1,-1,-1,-1,-1,-1,-1,0,-1
2024161417721,2024,161417721,2,1,0,-1,19,7,3,-1,0,0,0,0,0,0,1,1,-1,7,1,14,3,-1,-1,-1,-1,1,E01012843,0,1
2024010496815,2024,010496815,1,1,9,99,99,9,9,99,99,0,9,99,9,99,1,1,6,6,1,21,5,-1,-1,-1,-1,3,E01000785,0,1
2024221442063,2024,221442063,4,9,0,-1,19,6,2,-1,0,0,0,0,0,0,0,1,-1,2,1,45,7,-1,-1,-1,-1,4,E01014011,0,4
2024201394880,2024,201394880,1,9,0,-1,19,8,4,-1,0,2,0,0,0,0,1,9,-1,6,2,-1,-1,-1,-1,-1,-1,-1,-1,0,-1
2024302400502,2024,302400502,1,9,0,18,19,5,1,0,0,0,0,0,0,0,2,1,6,6,3,-1,-1,-1,-1,-1,-1,5,E01019456,0,3
2024610050124,2024,610050124,2,9,0,18,19,7,3,0,0,0,0,0,0,0,1,1,2,2,1,46,8,-1,-1,-1,-1,4,W01001816,0,3
2024052401598,2024,052401598,1,9,0,4,4,7,3,0,0,4,0,0,0,0,1,1,6,6,3,-1,-1,-1,-1,-1,-1,-1,-1,0,-1
2024351493485,2024,351493485,2,9,0,-1,19,8,4,-1,0,0,0,0,0,0,1,1,-1,6,1,56,9,-1,-1,-1,-1,8,E01018221,0,1
2024361485646,2024,361485646,1,9,0,-1,5,-1,-1,-1,0,1,0,0,0,0,1,1,-1,6,1,-1,-1,-1,-1,-1,-1,-1,-1,0,-1
2024010488622,2024,010488622,1,9,0,18,19,5,1,0,0,1,0,0,0,0,1,1,6,6,1,41,7,-1,-1,-1,-1,3,E01004033,0,1
2024631395615,2024,631395615,1,9,0,-1,1,3,7,-1,0,0,0,0,0,0,2,1,-1,9,1,33,6,-1,-1,-1,-1,5,W01000614,0,3
2024522402518,2024,522402518,1,9,0,18,19,1,5,0,0,1,0,0,0,0,1,1,6,6,3,-1,-1,-1,-1,-1,-1,-1,-1,0,-1
2024471534058,2024,471534058,2,9,0,-1,19,4,8,-1,0,0,0,0,0,0,1,1,-1,6,1,30,6,-1,-1,-1,-1,8,E01021196,0,3
2024411487998,2024,411487998,1,1,-1,-1,-1,-1,-1,-1,-1,0,-1,-1,-1,0,-1,1,-1,6,1,34,6,-1,-1,-1,-1,-1,-1,0,-1
2024401504410,2024,401504410,2,-1,0,-1,19,2,5,-1,9,1,0,0,0,0,0,1,-1,9,1,34,6,-1,-1,-1,-1,10,E01017373,1,1
2024010488272,2024,010488272,2,19,0,18,19,3,7,0,0,8,0,0,0,0,3,1,1,1,1,36,7,-1,-1,-1,-1,3,E01000315,0,3
2024010533426,2024,010533426,1,1,9,99,99,9,9,99,99,9,9,99,9,99,9,1,2,2,1,34,6,-1,-1,-1,-1,6,E01000376,0,2
2024122400893,2024,122400893,1,1,0,16,19,7,3,0,0,0,1,0,1,0,1,1,6,6,1,64,9,-1,-1,-1,-1,4,E01027841,0,1
2024010492507,2024,010492507,2,9,0,18,19,7,3,0,0,8,0,0,0,0,1,1,2,2,1,33,6,-1,-1,-1,-1,2,E01000060,0,1
2024010547293,2024,010547293,1,1,9,99,99,9,9,99,99,1,9,99,9,99,9,1,6,6,1,41,7,-1,-1,-1,-1,4,E01004416,0,1
2024131512754,2024,131512754,1,9,0,-1,9,7,1,-1,0,1,0,0,0,0,4,1,-1,9,2,79,11,-1,-1,-1,-1,5,E01027892,0,1
2024451433643,2024,451433643,2,1,0,-1,14,3,1,-1,0,0,0,0,0,0,0,1,-1,6,1,43,7,-1,-1,-1,-1,8,E01030817,0,1
2024451453621,2024,451453621,2,98,0,-1,19,3,7,-1,0,0,0,0,0,0,3,9,-1,1,3,-1,-1,-1,-1,-1,-1,-1,-1,0,-1
2024471470131,2024,471470131,2,9,0,-1,19,-1,-1,-1,0,1,0,0,0,0,1,9,-1,6,3,-1,-1,-1,-1,-1,-1,-1,-1,0,-1
2024991421747,2024,991421747,1,9,0,-1,13,1,5,-1,0,1,0,0,0,0,3,1,-1,6,1,64,9,-1,-1,-1,-1,9,-1,0,1
2024440541191,2024,440541191,2,1,0,18,19,1,5,0,0,8,0,0,0,0,4,1,6,6,1,51,8,-1,-1,-1,-1,5,E01017027,0,1
2024010529542,2024,010529542,1,9,9,1,1,9,9,99,99,0,9,99,9,99,9,1,6,6,3,-1,-1,-1,-1,-1,-1,-1,-1,0,-1
2024010522969,2024,010522969,2,1,0,7,7,5,8,0,0,1,0,0,0,0,1,1,6,6,2,15,3,-1,-1,-1,-1,8,E01000967,0,1
2024041516426,2024,041516426,4,9,0,-1,4,3,7,-1,0,0,0,0,0,0,1,1,-1,6,2,42,7,-1,-1,-1,-1,4,E01012593,0,1
2024401518026,2024,401518026,1,9,-1,-1,-1,-1,-1,-1,-1,0,-1,-1,-1,0,-1,9,-1,6,3,-1,-1,-1,-1,-1,-1,-1,-1,0,-1
2024010543403,2024,010543403,2,22,9,99,99,9,9,99,99,9,9,99,9,99,9,1,6,6,3,-1,-1,-1,-1,-1,-1,-1,-1,0,-1
2024411434390,2024,411434390,2,9,0,-1,19,2,8,-1,0,1,0,0,0,0,1,1,-1,6,1,81,11,-1,-1,-1,-1,8,E01023831,0,1
2024361508692,2024,361508692,1,9,0,-1,19,3,7,-1,0,0,0,0,0,0,4,1,-1,9,1,28,6,-1,-1,-1,-1,3,E01026426,0,1
2024471455588,2024,471455588,1,1,0,-1,12,4,8,-1,0,3,0,0,8,10,0,1,-1,2,1,41,7,-1,-1,-1,-1,5,E01016991,0,1
2024131410886,2024,131410886,2,9,0,-1,19,1,5,-1,0,0,0,0,0,0,1,9,-1,6,3,-1,-1,-1,-1,-1,-1,-1,-1,0,-1
2024131485991,2024,131485991,1,1,0,-1,19,3,7,-1,0,8,0,0,0,0,1,1,-1,9,1,12,3,-1,-1,-1,-1,-1,-1,0,-1
2024010511199,2024,010511199,2,9,0,3,3,1,5,0,0,2,0,0,0,0,0,1,6,6,1,57,9,-1,-1,-1,-1,5,E01003715,0,2
2024531493742,2024,531493742,1,9,0,-1,19,1,5,-1,0,0,5,0,7,10,1,1,-1,2,1,35,6,-1,-1,-1,-1,7,E01011159,0,5
2024141446159,2024,141446159,2,3,0,-1,3,1,5,-1,0,0,0,0,0,0,1,1,-1,6,1,-1,-1,-1,-1,-1,-1,-1,-1,0,-1
2024010520280,2024,010520280,2,1,0,18,19,5,1,0,0,1,0,0,0,0,2,1,6,6,1,66,10,-1,-1,-1,-1,8,E01000217,0,1
2024461444623,2024,461444623,2,9,0,-1,5,1,5,-1,0,0,0,0,0,0,4,1,-1,1,1,39,7,-1,-1,-1,-1,6,E01003787,0,4
2024010494048,2024,010494048,1,11,0,5,5,2,6,3,2,1,0,0,0,0,0,1,1,1,1,31,6,-1,-1,-1,-1,-1,-1,0,-1
2024141433358,2024,141433358,1,-1,0,-1,19,7,2,-1,0,1,0,0,0,0,1,1,-1,6,3,-1,-1,-1,-1,-1,-1,-1,-1,1,-1
2024010491168,2024,010491168,1,9,0,18,19,3,7,0,0,4,0,0,0,0,4,1,6,6,1,23,5,-1,-1,-1,-1,7,E01002226,0,1
2024361471120,2024,361471120,1,9,-1,-1,4,-1,-1,-1,0,3,0,0,0,0,2,1,-1,6,1,-1,-1,-1,-1,-1,-1,-1,-1,0,-1
2024221487093,2024,221487093,1,9,0,-1,7,1,3,-1,0,6,0,0,0,0,4,9,-1,6,3,43,7,-1,-1,-1,-1,4,E01014085,0,3
2024461402086,2024,461402086,2,9,0,-1,3,3,7,-1,0,0,0,0,0,0,2,9,-1,6,1,53,8,-1,-1,-1,-1,3,E01016037,0,1
2024070865019,2024,070865019,1,9,0,-1,9,6,2,-1,0,8,0,0,0,0,1,1,-1,6,2,-1,-1,-1,-1,-1,-1,-1,-1,0,-1
2024010523886,2024,010523886,2,1,0,18,19,3,7,0,0,8,0,0,0,0,1,1,6,6,1,11,3,-1,-1,-1,-1,4,E01003224,0,1
2024631459181,2024,631459181,2,9,0,-1,19,5,2,-1,0,0,0,0,1,9,3,1,-1,9,1,60,9,-1,-1,-1,-1,7,W01000523,0,3
2024010506799,2024,010506799,2,1,0,18,19,1,5,0,0,1,9,0,9,0,1,1,6,6,1,35,6,-1,-1,-1,-1,2,E01003350,0,2
2024010517241,2024,010517241,1,1,9,99,99,9,9,99,99,9,9,99,9,99,1,1,2,2,1,46,8,-1,-1,-1,-1,9,E01003806,0,2
2024371474243,2024,371474243,3,9,-1,-1,4,6,2,-1,0,0,0,0,0,0,-1,9,-1,6,2,61,9,-1,-1,-1,-1,7,E01030007,0,2
2024070135158,2024,070135158,2,1,0,18,19,3,7,0,0,4,0,9,0,0,1,1,2,2,1,50,8,-1,-1,-1,-1,4,E01033373,0,1
2024430440599,2024,430440599,3,9,0,3,3,8,4,0,0,8,0,0,0,0,2,2,6,6,2,47,8,-1,-1,-1,-1,-1,-1,0,-1
2024010507510,2024,010507510,1,1,9,99,99,9,9,99,99,9,9,99,9,99,9,1,2,2,2,47,8,-1,-1,-1,-1,7,E01002261,0,1
2024440249991,2024,440249991,1,1,0,9,9,7,5,0,0,8,0,0,0,0,4,1,2,2,1,42,7,-1,-1,-1,-1,5,E01030801,0,2
2024622400790,2024,622400790,2,17,4,18,19,8,4,0,0,0,0,0,0,0,3,1,6,6,3,-1,-1,-1,-1,-1,-1,-1,-1,0,-1
2024010531645,2024,010531645,2,90,0,18,19,3,7,0,0,1,0,0,0,0,1,1,6,6,1,34,6,-1,-1,-1,-1,-1,-1,0,-1
2024361504024,2024,361504024,1,9,0,-1,9,1,2,-1,0,5,0,0,0,0,1,1,-1,6,2,23,5,-1,-1,-1,-1,1,E01018078,0,4
2024991455046,2024,991455046,1,9,0,-1,19,1,4,-1,0,0,1,11,7,10,1,1,-1,9,2,87,11,-1,-1,-1,-1,10,-1,0,1
2024451441505,2024,451441505,1,9,0,-1,3,1,5,-1,0,0,0,0,0,0,-1,9,-1,6,1,18,4,-1,-1,-1,-1,10,E01030907,0,1
2024501470929,2024,501470929,1,1,0,-1,19,8,4,-1,0,0,1,0,0,0,3,1,-1,9,2,54,8,-1,-1,-1,-1,6,E01034634,0,3
2024070351905,2024,070351905,1,9,0,18,19,8,3,0,0,8,0,0,0,0,4,1,6,6,1,-1,-1,-1,-1,-1,-1,-1,-1,0,-1
2024041503482,2024,041503482,2,1,0,-1,19,5,1,-1,9,0,0,0,0,0,2,1,-1,9,1,75,10,-1,-1,-1,-1,1,E01012704,0,1
2024010521270,2024,010521270,1,-1,0,18,19,7,3,0,0,0,5,0,0,0,4,1,6,6,1,15,3,-1,-1,-1,-1,3,E01001262,1,1
2024401403903,2024,401403903,1,21,0,-1,19,-1,-1,-1,0,0,0,0,0,0,3,2,-1,6,3,-1,-1,-1,-1,-1,-1,-1,-1,0,-1
2024041521167,2024,041521167,2,1,0,-1,19,7,3,-1,0,0,0,0,0,0,1,1,-1,9,1,35,6,-1,-1,-1,-1,3,E01012731,0,1
2024101492291,2024,101492291,1,9,0,-1,3,2,2,-1,0,1,0,0,0,0,1,1,-1,2,1,44,7,-1,-1,-1,-1,9,E01035636,0,1
2024041455052,2024,041455052,2,1,0,-1,19,5,1,-1,0,4,0,0,0,0,3,1,-1,6,1,53,8,-1,-1,-1,-1,3,E01012714,0,1
2024041488599,2024,041488599,1,9,0,-1,19,1,5,-1,0,0,0,0,0,0,1,1,-1,6,1,21,5,-1,-1,-1,-1,8,E01004835,0,2
2024430592170,2024,430592170,2,9,0,18,19,4,8,0,0,2,0,0,0,0,3,1,6,6,2,28,6,-1,-1,-1,-1,9,E01016202,0,1
2024302400323,2024,302400323,2,1,0,9,9,2,8,0,0,0,0,0,0,0,1,1,1,1,1,43,7,-1,-1,-1,-1,2,E01013569,0,1
2024161448319,2024,161448319,3,9,0,-1,19,5,2,-1,0,0,0,0,0,0,1,1,-1,6,1,22,5,-1,-1,-1,-1,2,E01026382,0,3
2024122401000,2024,122401000,1,9,0,8,8,1,3,0,0,1,0,0,0,0,3,1,1,1,1,51,8,-1,-1,-1,-1,7,E01033481,0,4
2024061513245,2024,061513245,1,1,0,-1,99,-1,-1,-1,99,0,9,99,9,99,3,1,-1,6,1,15,3,-1,-1,-1,-1,8,E01006122,0,1
2024041444882,2024,041444882,6,9,0,-1,2,0,0,-1,0,2,0,4,0,0,1,1,-1,6,-1,-1,-1,-1,-1,-1,-1,-1,-1,0,-1
2024610013924,2024,610013924,1,21,0,4,4,1,6,0,0,0,0,0,0,0,3,1,1,1,1,46,8,-1,-1,-1,-1,1,W01001376,0,4
2024421397970,2024,421397970,1,9,0,-1,19,1,4,-1,0,0,0,4,0,0,4,1,-1,6,1,23,5,-1,-1,-1,-1,9,E01022063,0,3
2024131522204,2024,131522204,1,98,0,-1,19,5,1,-1,0,2,0,4,0,0,4,1,-1,6,3,-1,-1,-1,-1,-1,-1,-1,-1,0,-1
2024332400664,2024,332400664,1,9,0,-1,19,1,5,-1,0,0,0,0,0,0,1,1,-1,9,1,75,10,-1,-1,-1,-1,10,E01025872,0,4
2024430526451,2024,430526451,1,9,0,18,19,2,6,0,0,1,0,0,0,0,1,1,6,6,3,-1,-1,-1,-1,-1,-1,-1,-1,0,-1
2024010525743,2024,010525743,2,1,9,99,99,9,9,99,99,9,9,99,9,99,9,1,6,6,3,-1,-1,-1,-1,-1,-1,6,E01001070,0,1
2024451454320,2024,451454320,2,9,0,-1,5,4,8,-1,0,0,0,0,0,0,3,1,-1,6,3,30,6,-1,-1,-1,-1,-1,-1,0,-1
2024411437388,2024,411437388,1,9,0,-1,10,-1,-1,-1,-1,6,0,0,0,0,1,1,-1,6,3,-1,-1,-1,-1,-1,-1,-1,-1,0,-1
2024541934424,2024,541934424,1,9,0,12,12,3,7,0,0,0,0,0,0,0,0,1,6,6,3,-1,-1,-1,-1,-1,-1,-1,-1,0,-1
2024531484716,2024,531484716,4,97,0,-1,19,8,4,-1,0,0,0,0,0,0,0,1,-1,6,2,-1,-1,-1,-1,-1,-1,-1,-1,0,-1
2024010518665,2024,010518665,1,-1,0,18,19,7,3,9,9,2,0,10,0,0,0,1,6,6,1,50,8,-1,-1,-1,-1,5,E01001615,1,1
2024401400002,2024,401400002,2,1,0,-1,5,7,3,-1,9,0,5,0,0,0,3,1,-1,6,1,42,7,-1,-1,-1,-1,2,E01017474,0,1
2024501511991,2024,501511991,1,9,0,-1,4,3,7,-1,0,4,0,0,0,0,1,1,-1,9,1,21,5,-1,-1,-1,-1,8,E01019983,0,1
2024311395195,2024,311395195,2,1,0,-1,19,8,5,-1,0,2,0,0,0,0,4,1,-1,9,1,15,3,-1,-1,-1,-1,-1,-1,0,-1
2024371442732,2024,371442732,1,1,0,-1,19,3,7,-1,0,1,0,0,0,0,1,1,-1,6,1,55,8,-1,-1,-1,-1,8,E01029885,0,1
2024161490024,2024,161490024,1,9,0,-1,19,3,7,-1,0,0,0,0,0,0,1,9,-1,6,2,-1,-1,-1,-1,-1,-1,-1,-1,0,-1
2024501464385,2024,501464385,2,19,0,-1,19,4,8,-1,0,1,5,0,0,0,4,1,-1,9,1,50,8,-1,-1,-1,-1,6,E01018826,0,1
2024501496819,2024,501496819,1,1,0,-1,19,5,1,-1,4,0,5,0,0,0,1,1,-1,2,2,32,6,-1,-1,-1,-1,7,E01034621,0,1
2024332400840,2024,332400840,1,9,0,-1,4,6,2,-1,0,0,0,0,0,0,0,1,-1,8,2,30,6,-1,-1,-1,-1,1,E01013619,0,1
2024122401172,2024,122401172,1,1,0,18,19,8,4,4,4,8,0,0,0,0,1,1,1,1,1,56,9,-1,-1,-1,-1,9,E01013368,0,1
2024332400192,2024,332400192,2,98,0,-1,13,5,1,-1,0,0,0,0,0,0,1,1,-1,6,1,-1,-1,-1,-1,-1,-1,8,E01024434,0,5
2024161486445,2024,161486445,2,1,0,-1,5,5,1,-1,9,0,0,0,0,0,1,1,-1,6,2,15,3,-1,-1,-1,-1,1,E01013205,0,1
2024010535059,2024,010535059,1,1,0,18,19,5,1,0,0,2,0,0,0,0,1,1,6,6,2,27,6,-1,-1,-1,-1,4,E01000312,0,2
2024991480985,2024,991480985,2,9,0,-1,19,5,1,-1,0,0,0,0,0,0,0,9,-1,6,2,40,7,-1,-1,-1,-1,-1,-1,0,-1
2024361525196,2024,361525196,1,9,0,-1,19,7,3,-1,0,1,0,0,0,0,1,1,-1,6,1,-1,-1,-1,-1,-1,-1,6,E01026896,0,2
2024061464774,2024,061464774,2,9,0,-1,10,2,8,-1,0,0,0,0,0,0,2,9,-1,1,1,31,6,-1,-1,-1,-1,4,E01032914,0,1
2024991419532,2024,991419532,1,19,0,-1,19,5,1,-1,0,0,0,0,0,0,3,1,-1,6,1,66,10,-1,-1,-1,-1,-1,-1,0,-1
2024010492960,2024,010492960,1,1,9,18,19,9,9,99,99,9,9,8,9,99,1,1,2,2,1,33,6,-1,-1,-1,-1,5,E01000586,0,1
2024101419911,2024,101419911,1,9,0,-1,3,5,1,-1,0,0,0,0,0,0,2,1,-1,2,2,51,8,-1,-1,-1,-1,4,E01008768,0,1
2024371476373,2024,371476373,3,11,0,-1,19,1,5,-1,0,1,0,0,0,0,1,1,-1,9,2,58,9,-1,-1,-1,-1,1,E01027318,0,4
2024201459076,2024,201459076,2,1,0,-1,19,7,3,-1,0,0,0,0,0,0,1,1,-1,9,1,50,8,-1,-1,-1,-1,5,E01010023,0,1
2024201564112,2024,201564112,1,9,0,-1,19,1,5,-1,0,1,5,4,0,0,1,1,-1,9,1,25,5,-1,-1,-1,-1,-1,-1,0,-1
2024201500411,2024,201500411,2,-1,0,-1,19,8,4,-1,0,2,0,0,0,0,4,9,-1,9,3,14,3,-1,-1,-1,-1,1,E01009002,1,1
2024010508025,2024,010508025,1,9,9,99,99,9,9,99,99,9,9,99,9,99,9,9,6,6,3,-1,-1,-1,-1,-1,-1,-1,-1,0,-1
2024471454003,2024,471454003,1,1,0,-1,19,7,3,-1,99,1,0,0,0,0,1,1,-1,7,1,12,3,-1,-1,-1,-1,3,E01031562,0,1
2024520001415,2024,520001415,2,9,0,18,19,6,2,0,0,2,0,0,0,0,2,1,6,6,1,71,10,-1,-1,-1,-1,10,E01031855,0,4
2024622400544,2024,622400544,2,9,0,9,9,2,7,0,0,8,0,0,0,0,1,1,6,6,1,44,7,-1,-1,-1,-1,5,W01001111,0,1
2024991512888,2024,991512888,1,9,0,-1,9,7,5,-1,0,0,0,0,0,0,1,1,-1,6,1,64,9,-1,-1,-1,-1,6,-1,0,1
2024302401015,2024,302401015,2,1,0,18,19,2,6,0,0,2,0,0,0,0,0,1,6,6,1,55,8,-1,-1,-1,-1,8,E01019517,0,2
2024052401146,2024,052401146,2,1,0,16,19,7,2,0,0,0,0,0,2,10,2,1,6,6,1,44,7,-1,-1,-1,-1,9,E01006882,0,2
2024201513582,2024,201513582,2,1,0,-1,19,2,6,-1,0,8,0,0,0,0,1,1,-1,6,1,59,9,-1,-1,-1,-1,5,E01031159,0,2
2024010516902,2024,010516902,2,23,0,7,7,5,7,0,0,5,5,0,0,0,1,1,1,1,1,36,7,-1,-1,-1,-1,4,E01000947,0,1
2024440430421,2024,440430421,1,-1,0,18,19,1,5,0,0,8,5,0,0,0,0,1,2,2,1,22,5,-1,-1,-1,-1,4,E01017275,1,1
2024201461574,2024,201461574,2,1,0,-1,19,8,4,-1,0,0,0,4,0,0,1,1,-1,6,1,11,3,-1,-1,-1,-1,1,E01009963,0,1
2024302400480,2024,302400480,2,1,0,18,19,4,8,9,9,0,0,0,0,0,1,1,6,6,1,10,2,-1,-1,-1,-1,4,E01019730,0,1
2024430038240,2024,430038240,2,9,0,18,19,4,8,0,0,8,0,0,0,0,0,1,6,6,3,-1,-1,-1,-1,-1,-1,-1,-1,0,-1
2024010496935,2024,010496935,1,9,0,17,19,3,7,0,0,3,0,0,0,0,2,1,1,1,1,43,7,-1,-1,-1,-1,8,E01002252,0,4
2024430396414,2024,430396414,1,9,0,18,19,8,4,0,0,1,0,0,0,0,3,1,6,6,2,31,6,-1,-1,-1,-1,10,E01017768,0,2
2024332401109,2024,332401109,4,21,0,-1,19,5,1,-1,0,0,0,0,0,0,3,1,-1,1,1,42,7,-1,-1,-1,-1,-1,-1,0,-1
2024522401987,2024,522401987,2,1,0,5,5,2,6,0,0,0,0,0,0,0,4,1,6,6,1,21,5,-1,-1,-1,-1,4,E01014485,0,1
2024010502056,2024,010502056,2,9,0,99,99,9,9,99,99,9,9,99,9,99,1,9,6,6,2,-1,-1,-1,-1,-1,-1,-1,-1,0,-1
2024131407813,2024,131407813,1,90,0,-1,13,1,5,-1,0,0,0,0,0,0,4,2,-1,1,1,51,8,-1,-1,-1,-1,-1,-1,0,-1
2024131552269,2024,131552269,1,9,0,-1,-1,-1,-1,-1,-1,0,-1,-1,-1,0,-1,1,-1,6,3,-1,-1,-1,-1,-1,-1,-1,-1,0,-1
2024631434185,2024,631434185,2,16,0,-1,19,3,7,-1,0,0,0,0,0,0,2,1,-1,9,2,42,7,-1,-1,-1,-1,4,W01000542,0,1
2024430484812,2024,430484812,1,1,0,18,19,3,7,5,5,0,0,0,0,-1,4,1,2,2,1,43,7,-1,-1,-1,-1,5,E01016721,0,1
2024302400782,2024,302400782,2,1,0,18,19,4,1,0,0,8,0,0,0,0,3,1,6,6,1,19,4,-1,-1,-1,-1,2,E01013538,0,1
2024501536085,2024,501536085,1,2,0,-1,19,5,1,-1,0,8,1,0,0,0,3,1,-1,6,2,16,4,-1,-1,-1,-1,7,E01015165,0,2
2024430066657,2024,430066657,1,9,0,7,7,6,8,0,0,6,0,0,0,0,4,1,1,1,1,76,11,-1,-1,-1,-1,9,E01016181,0,1
2024131444852,2024,131444852,1,97,0,-1,19,5,1,-1,0,8,1,0,0,0,1,1,-1,9,1,17,4,-1,-1,-1,-1,1,E01011656,0,1
2024211505763,2024,211505763,1,9,0,-1,19,5,1,-1,0,0,1,10,2,4,4,1,-1,2,1,25,5,-1,-1,-1,-1,1,E01010527,0,2
2024010515665,2024,010515665,1,1,0,18,19,7,3,2,2,1,0,0,0,0,4,1,2,2,2,41,7,-1,-1,-1,-1,1,E01035639,0,1
2024991485165,2024,991485165,1,1,0,-1,9,4,8,-1,0,6,0,0,0,0,3,1,-1,2,1,30,6,-1,-1,-1,-1,8,-1,0,1
2024041493245,2024,041493245,1,9,0,-1,19,1,5,-1,0,1,0,0,0,0,1,1,-1,6,1,52,8,-1,-1,-1,-1,4,E01012710,0,1
2024010521567,2024,010521567,2,9,0,18,19,5,1,0,0,1,0,0,0,0,2,1,6,6,3,-1,-1,-1,-1,-1,-1,-1,-1,0,-1