collision_index,collision_year,collision_ref_no,vehicle_reference,vehicle_type,towing_and_articulation,vehicle_manoeuvre_historic,vehicle_manoeuvre,vehicle_direction_from,vehicle_direction_to,vehicle_location_restricted_lane_historic,vehicle_location_restricted_lane,junction_location,skidding_and_overturning,hit_object_in_carriageway,vehicle_leaving_carriageway,hit_object_off_carriageway,first_point_of_impact,vehicle_left_hand_drive,journey_purpose_of_driver_historic,journey_purpose_of_driver,sex_of_driver,age_of_driver,age_band_of_driver,engine_capacity_cc,propulsion_code,age_of_vehicle,generic_make_model,driver_imd_decile,lsoa_of_driver,escooter_flag,driver_distance_banding
2024131521305,2024,131521305,2,1,0,-1,-1,-1,-1,-1,-1,8,-1,-1,-1,0,-1,1,-1,6,2,23,5,-1,-1,-1,-1,5,E01011435,0,1
2024361456047,2024,361456047,7,9,0,-1,19,4,8,-1,0,1,0,0,0,0,2,1,-1,6,1,58,9,-1,-1,-1,-1,10,E01018267,0,4
2024440511348,2024,440511348,2,1,0,18,19,5,1,0,0,0,0,0,0,0,3,1,6,6,1,21,5,-1,-1,-1,-1,2,E01032750,0,1
2024430286173,2024,430286173,1,9,0,18,19,9,9,0,0,0,0,0,0,0,4,1,6,6,3,-1,-1,-1,-1,-1,-1,-1,-1,0,-1
2024361425707,2024,361425707,1,9,0,-1,9,2,6,-1,0,2,0,0,0,0,1,1,-1,9,1,78,11,-1,-1,-1,-1,6,E01026569,0,1
2024201442596,2024,201442596,1,9,0,-1,14,8,4,-1,0,8,0,0,0,0,4,1,-1,1,1,40,7,-1,-1,-1,-1,1,E01009375,0,1
2024991459852,2024,991459852,2,9,0,-1,5,3,7,-1,0,6,0,0,0,0,1,2,-1,1,2,66,10,-1,-1,-1,-1,8,-1,0,1
2024141479300,2024,141479300,1,9,0,-1,19,1,5,-1,0,0,0,0,0,0,1,1,-1,9,2,64,9,-1,-1,-1,-1,1,E01007378,0,1
2024221498010,2024,221498010,1,90,0,-1,19,4,1,-1,0,0,0,0,0,0,1,1,-1,9,1,16,4,-1,-1,-1,-1,2,E01013993,0,1
2024451398818,2024,451398818,2,9,0,-1,19,5,1,-1,0,0,0,0,0,0,2,9,-1,6,1,41,7,-1,-1,-1,-1,-1,-1,0,-1
2024430074505,2024,430074505,1,9,0,4,4,4,8,0,0,0,0,0,0,0,2,1,1,1,2,59,9,-1,-1,-1,-1,7,E01023356,0,4
2024010547747,2024,010547747,2,19,0,18,19,1,5,0,0,1,0,0,0,0,3,1,1,1,1,49,8,-1,-1,-1,-1,5,E01033792,0,3
2024522403374,2024,522403374,2,1,0,18,19,1,5,0,0,8,0,0,0,0,1,1,6,6,1,23,5,-1,-1,-1,-1,3,E01014815,0,1
2024451450312,2024,451450312,2,9,0,-1,19,1,5,-1,0,0,0,0,0,0,1,1,-1,1,1,25,5,-1,-1,-1,-1,-1,-1,0,-1
2024430034946,2024,430034946,1,1,0,14,14,1,5,0,0,0,0,0,0,0,1,1,2,2,1,31,6,-1,-1,-1,-1,9,E01016403,0,1
2024411524882,2024,411524882,1,3,0,-1,19,7,3,-1,0,0,0,0,0,0,1,1,-1,6,1,45,7,-1,-1,-1,-1,4,E01023574,0,2
2024010543486,2024,010543486,2,9,0,15,15,3,7,0,0,1,0,0,0,0,1,1,6,6,3,-1,-1,-1,-1,-1,-1,-1,-1,0,-1
2024320708282,2024,320708282,2,1,0,-1,-1,6,2,0,0,8,5,0,0,0,3,1,6,6,1,63,9,-1,-1,-1,-1,8,E01026363,0,1
2024010534194,2024,010534194,1,1,0,18,19,7,3,5,5,3,0,7,0,0,1,1,2,2,2,40,7,-1,-1,-1,-1,8,E01002813,0,1
2024631448513,2024,631448513,2,1,0,-1,4,2,6,-1,0,8,0,0,0,0,2,1,-1,9,1,76,11,-1,-1,-1,-1,6,W01000553,0,1
2024101454346,2024,101454346,1,22,0,-1,19,3,7,-1,9,0,0,0,0,0,1,1,-1,6,1,-1,-1,-1,-1,-1,-1,-1,-1,0,-1
2024041404101,2024,041404101,3,9,0,-1,2,0,0,-1,0,0,0,0,0,0,1,1,-1,6,-1,-1,-1,-1,-1,-1,-1,-1,-1,0,-1
2024010495509,2024,010495509,2,9,0,18,19,9,9,99,99,1,9,99,9,99,1,9,6,6,3,-1,-1,-1,-1,-1,-1,-1,-1,0,-1
2024440185406,2024,440185406,1,-1,0,18,19,4,8,0,0,0,0,10,0,0,1,1,6,6,2,11,3,-1,-1,-1,-1,6,E01034063,1,1
2024440084467,2024,440084467,3,9,0,18,19,4,8,0,0,1,0,0,0,0,1,1,6,6,2,24,5,-1,-1,-1,-1,10,E01022856,0,2
2024010500844,2024,010500844,2,9,0,99,99,9,9,99,99,9,9,99,9,99,9,9,6,6,3,-1,-1,-1,-1,-1,-1,-1,-1,0,-1
2024010492497,2024,010492497,1,9,0,4,4,5,1,0,0,4,0,0,0,0,1,1,6,6,2,26,6,-1,-1,-1,-1,4,E01034029,0,2
2024201439260,2024,201439260,2,9,0,-1,19,7,3,-1,0,0,0,0,0,0,1,9,-1,6,3,-1,-1,-1,-1,-1,-1,-1,-1,0,-1
2024610001924,2024,610001924,1,9,0,18,19,2,6,0,0,0,0,0,0,0,1,1,6,6,1,71,10,-1,-1,-1,-1,2,W01001538,0,1
2024201477258,2024,201477258,2,9,0,-1,3,2,4,-1,0,0,0,0,0,0,2,1,-1,2,1,36,7,-1,-1,-1,-1,9,E01029672,0,3
2024010546835,2024,010546835,1,9,0,18,19,1,5,9,9,1,5,10,0,0,1,1,6,6,1,26,6,-1,-1,-1,-1,6,E01002220,0,4
2024131428499,2024,131428499,2,9,0,-1,19,7,3,-1,0,0,0,0,0,0,2,1,-1,1,1,31,6,-1,-1,-1,-1,1,E01006963,0,4
2024201554279,2024,201554279,2,-1,0,-1,19,7,3,-1,0,8,0,0,0,0,1,1,-1,9,1,36,7,-1,-1,-1,-1,1,E01009362,1,1
2024010543715,2024,010543715,1,1,9,99,99,9,9,99,99,9,9,99,9,99,9,1,6,6,1,24,5,-1,-1,-1,-1,7,E01003393,0,2
2024141406197,2024,141406197,2,90,0,-1,19,5,5,-1,0,0,1,0,0,0,1,1,-1,6,1,33,6,-1,-1,-1,-1,1,E01007764,0,1
202417S213024,2024,17S213024,2,9,0,-1,13,6,2,-1,0,0,0,0,0,0,1,1,-1,6,3,-1,-1,-1,-1,-1,-1,-1,-1,0,-1
2024010545945,2024,010545945,1,90,0,99,99,9,9,99,99,9,9,99,9,99,2,9,2,2,1,18,4,-1,-1,-1,-1,3,E01002276,0,3
2024131485554,2024,131485554,1,1,0,-1,12,7,4,-1,0,8,0,0,0,0,4,1,-1,6,1,64,9,-1,-1,-1,-1,1,E01011739,0,3
2024552400784,2024,552400784,2,22,0,18,19,6,2,0,0,8,0,0,0,0,3,1,6,6,1,92,11,-1,-1,-1,-1,6,E01020439,0,1
2024010542646,2024,010542646,1,1,9,18,19,9,9,99,99,9,9,99,9,99,9,1,6,6,1,30,6,-1,-1,-1,-1,7,E01004626,0,1
2024061473443,2024,061473443,1,9,0,-1,11,1,5,-1,0,0,0,0,0,0,4,1,-1,6,3,-1,-1,-1,-1,-1,-1,-1,-1,0,-1
2024010494091,2024,010494091,1,9,9,99,99,9,9,99,99,9,9,99,9,99,9,9,6,6,3,-1,-1,-1,-1,-1,-1,-1,-1,0,-1
2024010526876,2024,010526876,2,1,0,18,19,1,5,2,2,1,0,0,0,0,1,1,6,6,1,38,7,-1,-1,-1,-1,2,E01027230,0,4
2024430504341,2024,430504341,2,9,0,18,19,5,1,0,0,1,0,0,0,0,4,1,6,6,2,33,6,-1,-1,-1,-1,8,E01035762,0,1
2024520500344,2024,520500344,2,9,0,18,19,6,3,0,0,0,0,0,0,0,1,1,6,6,1,42,7,-1,-1,-1,-1,3,E01029339,0,1
2024010495474,2024,010495474,2,9,0,99,99,9,9,99,99,9,9,99,9,99,1,9,6,6,3,-1,-1,-1,-1,-1,-1,-1,-1,0,-1
2024031532500,2024,031532500,1,9,0,-1,19,3,1,-1,0,1,0,0,0,0,1,1,-1,2,1,61,9,-1,-1,-1,-1,7,E01019146,0,1
2024061403576,2024,061403576,2,1,0,-1,19,5,1,-1,0,8,1,0,0,0,4,1,-1,2,1,23,5,-1,-1,-1,-1,6,E01006157,0,1
2024522500106,2024,522500106,1,9,0,18,19,2,6,0,0,2,0,0,0,0,1,1,6,6,3,-1,-1,-1,-1,-1,-1,-1,-1,0,-1
2024201459076,2024,201459076,1,90,0,-1,1,1,5,-1,9,0,0,0,0,0,2,1,-1,9,1,36,7,-1,-1,-1,-1,5,E01010023,0,1
2024010521521,2024,010521521,2,1,0,18,19,3,7,0,0,1,0,0,0,0,1,1,6,6,1,21,5,-1,-1,-1,-1,5,E01001268,0,2
2024311433041,2024,311433041,2,23,0,-1,13,6,8,-1,0,1,2,0,0,0,1,1,-1,6,1,32,6,-1,-1,-1,-1,5,E01028161,0,1
2024010497825,2024,010497825,1,1,9,99,99,9,9,99,99,9,9,8,9,99,9,1,6,6,1,48,8,-1,-1,-1,-1,3,E01004235,0,1
2024201487362,2024,201487362,2,1,0,-1,19,6,2,-1,0,1,0,0,0,0,1,1,-1,6,1,15,3,-1,-1,-1,-1,2,E01009740,0,1
2024010504011,2024,010504011,1,1,9,99,99,9,9,99,99,9,9,99,9,99,9,1,6,6,1,31,6,-1,-1,-1,-1,-1,-1,0,-1
2024991427585,2024,991427585,1,9,0,-1,9,8,5,-1,0,1,0,0,7,1,3,1,-1,9,2,76,11,-1,-1,-1,-1,5,-1,0,1
2024131450065,2024,131450065,3,9,0,-1,19,3,7,-1,0,1,0,0,0,0,1,1,-1,6,1,86,11,-1,-1,-1,-1,1,E01011001,0,1
2024231519275,2024,231519275,1,98,1,-1,19,3,7,-1,0,0,0,0,0,0,1,9,-1,1,1,56,9,-1,-1,-1,-1,-1,-1,0,-1
2024010489385,2024,010489385,2,9,0,99,99,9,9,99,99,9,9,99,9,99,9,9,6,6,3,-1,-1,-1,-1,-1,-1,-1,-1,0,-1
2024991516326,2024,991516326,2,1,0,-1,19,6,2,-1,0,0,2,0,0,0,4,1,-1,6,2,47,8,-1,-1,-1,-1,-1,-1,0,-1
2024010515596,2024,010515596,2,9,0,15,15,8,4,0,0,8,0,0,3,0,3,9,6,6,3,-1,-1,-1,-1,-1,-1,-1,-1,0,-1
2024031449639,2024,031449639,1,9,0,-1,19,1,3,-1,0,0,0,0,8,0,1,9,-1,6,1,20,4,-1,-1,-1,-1,6,E01027479,0,4
2024201482433,2024,201482433,4,9,0,-1,19,8,4,-1,0,0,0,0,0,0,1,9,-1,6,3,-1,-1,-1,-1,-1,-1,-1,-1,0,-1
2024010491755,2024,010491755,1,1,9,99,99,9,9,99,99,9,9,99,9,99,9,1,6,6,2,49,8,-1,-1,-1,-1,10,E01003466,0,1
2024221536259,2024,221536259,1,9,0,-1,19,1,5,-1,0,4,0,9,0,0,1,1,-1,9,1,44,7,-1,-1,-1,-1,1,E01009886,0,4
2024010495105,2024,010495105,4,9,0,2,2,0,0,0,0,1,0,0,0,0,2,1,6,6,3,-1,-1,-1,-1,-1,-1,-1,-1,0,-1
2024430166221,2024,430166221,2,9,0,18,19,8,4,0,0,8,0,0,0,0,1,1,6,6,1,41,7,-1,-1,-1,-1,5,E01017659,0,1
2024531441281,2024,531441281,2,9,0,-1,10,3,7,-1,0,8,0,0,0,0,0,9,-1,6,-1,-1,-1,-1,-1,-1,-1,-1,-1,0,-1
2024481566713,2024,481566713,1,1,0,-1,11,7,3,-1,5,0,0,0,0,0,1,1,-1,1,1,30,6,-1,-1,-1,-1,-1,-1,0,-1
2024111456643,2024,111456643,1,1,0,-1,3,1,5,-1,0,1,0,0,0,0,1,1,-1,6,1,15,3,-1,-1,-1,-1,1,E01012314,0,1
2024421428040,2024,421428040,3,9,0,-1,3,8,4,-1,0,0,0,0,0,0,2,1,-1,9,2,33,6,-1,-1,-1,-1,3,E01021358,0,4
2024010526714,2024,010526714,1,1,0,18,19,6,2,0,0,8,0,0,1,0,3,1,6,6,1,32,6,-1,-1,-1,-1,4,E01001182,0,1
2024440527666,2024,440527666,3,9,0,4,4,7,2,0,0,0,0,0,0,0,1,1,1,1,1,31,6,-1,-1,-1,-1,1,E01022967,0,3
2024361502793,2024,361502793,1,19,0,-1,19,7,3,-1,0,4,0,0,0,0,1,9,-1,1,3,-1,-1,-1,-1,-1,-1,-1,-1,0,-1
2024010492410,2024,010492410,2,9,0,2,2,0,0,0,0,8,0,0,0,0,3,1,6,6,3,-1,-1,-1,-1,-1,-1,-1,-1,0,-1
2024471456951,2024,471456951,2,9,0,-1,9,6,3,-1,0,0,0,0,0,0,2,9,-1,6,3,-1,-1,-1,-1,-1,-1,-1,-1,0,-1
2024471472484,2024,471472484,1,9,0,-1,19,7,3,-1,0,1,0,0,0,0,1,1,-1,9,2,61,9,-1,-1,-1,-1,3,E01031348,0,3
2024010491885,2024,010491885,2,9,0,99,99,9,9,99,99,9,9,99,9,99,1,9,6,6,3,-1,-1,-1,-1,-1,-1,-1,-1,0,-1
2024430012955,2024,430012955,1,9,0,18,19,1,5,0,0,2,0,0,0,0,1,1,6,6,1,-1,-1,-1,-1,-1,-1,-1,-1,0,-1
2024471396075,2024,471396075,2,9,0,-1,10,7,6,-1,0,1,0,0,0,0,2,1,-1,1,1,55,8,-1,-1,-1,-1,5,E01020967,0,1
2024430096887,2024,430096887,2,1,0,18,19,2,6,0,0,8,0,0,0,0,1,1,6,6,1,49,8,-1,-1,-1,-1,8,E01028545,0,1
2024340WN4412,2024,340WN4412,1,1,0,-1,19,1,4,-1,0,0,0,0,0,0,3,1,-1,2,1,40,7,-1,-1,-1,-1,2,E01027230,0,2
2024451420888,2024,451420888,1,9,0,-1,19,5,1,-1,0,0,0,0,0,0,1,2,-1,6,2,32,6,-1,-1,-1,-1,10,E01030894,0,1
2024351435939,2024,351435939,1,9,-1,-1,14,5,1,-1,0,0,0,0,0,0,4,1,-1,6,3,-1,-1,-1,-1,-1,-1,-1,-1,0,-1
2024430506848,2024,430506848,2,19,0,18,19,2,6,0,0,0,0,0,0,0,1,1,6,6,1,35,6,-1,-1,-1,-1,-1,-1,0,-1
2024061445647,2024,061445647,1,1,9,-1,19,-1,-1,-1,0,0,5,0,0,0,1,1,-1,2,1,31,6,-1,-1,-1,-1,2,E01034110,0,1
2024401500940,2024,401500940,2,98,0,-1,19,8,4,-1,0,0,0,0,0,0,1,1,-1,9,1,48,8,-1,-1,-1,-1,7,E01034785,0,4
2024010494169,2024,010494169,1,9,0,99,99,9,9,99,99,0,9,99,9,99,2,9,6,6,2,49,8,-1,-1,-1,-1,1,E01002093,0,1
2024010533068,2024,010533068,1,97,0,18,19,1,5,0,0,9,0,99,0,0,9,1,6,6,3,-1,-1,-1,-1,-1,-1,-1,-1,0,-1
2024311529095,2024,311529095,1,9,0,-1,19,1,5,-1,0,1,0,0,0,0,1,9,-1,6,2,30,6,-1,-1,-1,-1,-1,-1,0,-1
2024070205326,2024,070205326,1,9,0,5,5,3,7,0,0,2,0,0,0,0,0,1,6,6,3,-1,-1,-1,-1,-1,-1,-1,-1,0,-1
2024231405486,2024,231405486,3,21,1,-1,19,8,4,-1,0,0,0,0,0,0,4,1,-1,1,1,25,5,-1,-1,-1,-1,1,E01014306,0,4
2024430624298,2024,430624298,2,1,0,18,19,4,8,0,0,0,0,0,1,9,2,1,6,6,1,58,9,-1,-1,-1,-1,-1,-1,0,-1
2024041453967,2024,041453967,2,1,0,-1,19,3,7,-1,0,8,0,0,0,0,1,1,-1,6,1,60,9,-1,-1,-1,-1,3,E01012632,0,3
2024340WN1242,2024,340WN1242,1,9,0,-1,19,1,5,-1,0,0,1,0,0,0,4,1,-1,6,3,-1,-1,-1,-1,-1,-1,-1,-1,0,-1
2024010502525,2024,010502525,1,1,0,9,9,5,3,0,0,1,0,0,0,0,3,1,6,6,2,44,7,-1,-1,-1,-1,4,E01004331,0,4
2024302400922,2024,302400922,2,1,0,18,19,7,3,0,0,8,0,0,0,0,4,1,6,6,1,26,6,-1,-1,-1,-1,4,E01019470,0,1
2024010497244,2024,010497244,1,8,0,99,99,9,9,99,99,0,9,99,9,99,2,9,6,6,1,49,8,-1,-1,-1,-1,9,E01015939,0,3
2024522500429,2024,522500429,2,1,0,5,5,7,3,0,0,1,0,0,0,0,1,1,6,6,1,28,6,-1,-1,-1,-1,6,E01015004,0,1
2024010492952,2024,010492952,1,9,0,99,99,9,9,99,99,0,9,99,9,99,1,9,2,2,2,43,7,-1,-1,-1,-1,5,E01035647,0,2
2024430490684,2024,430490684,2,1,0,18,19,2,6,0,0,6,0,0,0,0,1,1,6,6,1,47,8,-1,-1,-1,-1,2,E01028518,0,1
2024061517349,2024,061517349,1,1,0,-1,19,8,4,-1,4,0,0,0,0,0,3,1,-1,2,1,43,7,-1,-1,-1,-1,-1,-1,0,-1
2024010491847,2024,010491847,2,9,0,99,99,9,9,99,99,9,9,99,9,99,1,9,6,6,3,56,9,-1,-1,-1,-1,4,E01000307,0,1
2024010496925,2024,010496925,2,9,9,3,3,5,1,99,99,0,9,0,0,0,1,9,6,6,3,-1,-1,-1,-1,-1,-1,-1,-1,0,-1
2024631418003,2024,631418003,1,19,4,-1,5,2,6,-1,0,6,0,0,0,0,0,1,-1,6,3,-1,-1,-1,-1,-1,-1,-1,-1,0,-1
2024451480790,2024,451480790,2,9,0,-1,-1,-1,-1,-1,-1,0,-1,-1,-1,0,-1,9,-1,6,3,-1,-1,-1,-1,-1,-1,-1,-1,0,-1
2024010540170,2024,010540170,2,9,0,18,19,1,5,0,0,2,0,0,0,0,1,1,6,6,1,76,11,-1,-1,-1,-1,10,E01023474,0,4
2024141432241,2024,141432241,2,9,0,-1,19,7,1,-1,0,8,0,0,0,0,0,9,-1,6,3,-1,-1,-1,-1,-1,-1,-1,-1,0,-1
2024010500002,2024,010500002,1,1,9,99,99,9,9,99,99,2,9,99,9,99,9,1,2,2,2,36,7,-1,-1,-1,-1,3,E01032765,0,1
202417M208924,2024,17M208924,1,-1,0,-1,19,2,6,-1,0,8,0,0,0,0,1,1,-1,9,1,12,3,-1,-1,-1,-1,1,E01012058,0,1
2024440193251,2024,440193251,2,9,0,5,5,7,3,0,0,4,0,0,0,0,2,1,6,6,1,-1,-1,-1,-1,-1,-1,-1,-1,0,-1
2024010539405,2024,010539405,3,9,0,18,19,7,3,0,0,3,0,0,0,0,1,1,2,2,1,50,8,-1,-1,-1,-1,3,E01002429,0,1
2024131478715,2024,131478715,1,9,0,-1,11,1,5,-1,0,0,0,0,0,0,4,1,-1,6,1,-1,-1,-1,-1,-1,-1,-1,-1,0,-1
2024991474633,2024,991474633,1,23,0,-1,19,6,2,-1,5,0,0,0,0,0,1,1,-1,6,1,16,4,-1,-1,-1,-1,3,-1,0,1
2024430060823,2024,430060823,2,1,0,18,19,5,1,0,0,4,0,0,0,0,2,1,6,6,2,50,8,-1,-1,-1,-1,4,E01028494,0,1
202460Q084669,2024,60Q084669,2,1,0,18,19,7,3,0,0,1,0,0,0,0,1,1,6,6,2,65,9,-1,-1,-1,-1,-1,-1,0,-1
202460Q109483,2024,60Q109483,1,5,0,18,19,5,1,0,0,1,0,0,0,0,3,1,6,6,1,54,8,-1,-1,-1,-1,-1,-1,0,-1
2024061497176,2024,061497176,2,1,0,-1,19,1,5,-1,4,8,0,0,0,0,1,1,-1,9,2,20,4,-1,-1,-1,-1,1,E01005288,0,1
2024201514431,2024,201514431,1,19,0,-1,19,2,6,-1,0,0,0,0,0,0,1,1,-1,6,1,30,6,-1,-1,-1,-1,-1,-1,0,-1
2024010489929,2024,010489929,2,9,9,99,99,9,9,99,99,0,9,99,9,99,9,9,6,6,3,-1,-1,-1,-1,-1,-1,-1,-1,0,-1
2024991474633,2024,991474633,2,1,0,-1,9,8,6,-1,5,0,0,0,0,0,3,1,-1,6,1,60,9,-1,-1,-1,-1,4,-1,0,1
2024461412097,2024,461412097,1,9,0,-1,19,7,3,-1,0,4,0,0,0,0,1,9,-1,9,3,-1,-1,-1,-1,-1,-1,-1,-1,0,-1
2024010493538,2024,010493538,3,9,0,18,19,7,3,0,0,0,0,0,0,0,2,1,6,6,1,39,7,-1,-1,-1,-1,2,E01004316,0,1
2024320701804,2024,320701804,1,19,0,-1,-1,4,8,0,0,1,0,0,0,0,1,1,6,6,1,-1,-1,-1,-1,-1,-1,-1,-1,0,-1
2024201500590,2024,201500590,1,9,0,-1,1,5,1,-1,0,1,0,0,0,0,2,1,-1,6,3,-1,-1,-1,-1,-1,-1,-1,-1,0,-1
2024430042796,2024,430042796,1,9,0,7,7,5,7,0,0,6,0,0,0,0,1,1,6,6,2,74,10,-1,-1,-1,-1,5,E01030801,0,3
2024461431998,2024,461431998,3,9,0,-1,2,0,0,-1,-1,0,0,0,0,0,4,1,-1,6,-1,-1,-1,-1,-1,-1,-1,-1,-1,0,-1
2024461487867,2024,461487867,1,9,0,-1,7,-1,-1,-1,0,4,0,0,0,0,1,9,-1,6,1,-1,-1,-1,-1,-1,-1,-1,-1,0,-1
2024052400559,2024,052400559,1,-1,0,18,19,5,1,0,0,8,0,0,0,0,1,1,6,6,1,14,3,-1,-1,-1,-1,1,E01006849,1,1
2024061504843,2024,061504843,1,1,0,-1,10,-1,-1,-1,99,1,0,99,0,0,3,1,-1,2,1,39,7,-1,-1,-1,-1,7,E01005083,0,1
2024471396767,2024,471396767,3,90,0,-1,-1,-1,-1,-1,0,1,-1,-1,-1,0,-1,9,-1,6,3,-1,-1,-1,-1,-1,-1,-1,-1,0,-1
2024552400824,2024,552400824,2,2,0,17,19,5,2,0,0,8,0,0,0,0,3,1,6,6,1,34,6,-1,-1,-1,-1,3,E01015294,0,1
2024141448709,2024,141448709,1,97,0,-1,-1,-1,-1,-1,-1,0,-1,-1,-1,0,-1,1,-1,6,3,-1,-1,-1,-1,-1,-1,-1,-1,0,-1
2024010519290,2024,010519290,2,1,9,99,99,9,9,99,99,9,9,99,9,99,9,1,6,6,1,28,6,-1,-1,-1,-1,-1,-1,0,-1
2024010490780,2024,010490780,1,9,0,18,19,7,3,0,0,1,0,0,0,0,3,1,6,6,2,62,9,-1,-1,-1,-1,7,E01002412,0,1
2024101498914,2024,101498914,2,1,0,-1,9,5,3,-1,0,8,0,0,0,0,2,1,-1,2,2,53,8,-1,-1,-1,-1,10,E01008497,0,3
2024010497912,2024,010497912,1,3,4,99,99,9,9,99,99,9,9,99,9,99,9,1,6,6,1,-1,-1,-1,-1,-1,-1,8,E01023311,0,3
2024332400314,2024,332400314,2,1,0,-1,9,1,7,-1,0,5,0,0,0,0,1,1,-1,6,1,15,3,-1,-1,-1,-1,4,E01013705,0,1
2024430078486,2024,430078486,1,9,0,18,19,4,8,0,0,4,0,0,0,0,3,1,6,6,1,-1,-1,-1,-1,-1,-1,-1,-1,0,-1
2024010497200,2024,010497200,1,3,0,99,99,9,9,99,99,9,9,99,9,99,1,1,6,6,1,25,5,-1,-1,-1,-1,3,E01000009,0,1
2024101488783,2024,101488783,1,9,0,-1,19,1,5,-1,0,0,0,0,7,0,3,1,-1,6,1,86,11,-1,-1,-1,-1,8,E01027495,0,3
2024010515244,2024,010515244,2,1,0,18,19,7,3,0,0,5,0,0,0,0,1,1,6,6,2,47,8,-1,-1,-1,-1,3,E01034046,0,1
2024010543289,2024,010543289,1,9,0,18,19,1,5,0,0,0,0,0,0,0,1,1,6,6,2,24,5,-1,-1,-1,-1,-1,-1,0,-1
2024461517648,2024,461517648,2,9,0,-1,19,2,6,-1,0,0,0,0,0,0,3,9,-1,6,1,-1,-1,-1,-1,-1,-1,4,E01024293,0,1
2024991532535,2024,991532535,2,23,0,-1,19,8,4,-1,0,0,0,0,0,0,1,1,-1,9,1,16,4,-1,-1,-1,-1,1,-1,0,1
2024052402731,2024,052402731,1,9,0,5,5,7,3,0,0,4,0,0,0,0,1,1,6,6,3,-1,-1,-1,-1,-1,-1,-1,-1,0,-1
2024061522072,2024,061522072,1,9,0,-1,7,2,5,-1,0,8,0,7,0,0,3,1,-1,9,1,77,11,-1,-1,-1,-1,9,E01005926,0,1
2024221537352,2024,221537352,1,9,0,-1,19,5,1,-1,0,0,0,0,2,4,1,1,-1,6,1,35,6,-1,-1,-1,-1,6,E01032457,0,1
2024991494591,2024,991494591,2,1,0,-1,19,3,7,-1,0,1,0,0,0,0,4,1,-1,2,1,75,10,-1,-1,-1,-1,3,-1,0,1
2024231441160,2024,231441160,2,9,0,-1,19,3,7,-1,0,0,0,0,0,0,1,1,-1,9,1,50,8,-1,-1,-1,-1,6,E01031107,0,1
2024522401715,2024,522401715,2,1,0,18,19,2,6,2,2,8,0,0,0,0,4,1,6,6,2,37,7,-1,-1,-1,-1,4,E01033342,0,1
2024010531474,2024,010531474,1,11,0,18,19,6,2,0,0,8,0,0,0,0,0,1,6,6,3,-1,-1,-1,-1,-1,-1,-1,-1,0,-1
2024052400363,2024,052400363,2,1,0,18,19,6,2,0,0,8,0,0,0,0,1,1,6,6,1,33,6,-1,-1,-1,-1,1,E01006762,0,1
2024010493152,2024,010493152,1,97,0,18,19,5,1,0,0,1,0,0,0,0,1,1,6,6,3,-1,-1,-1,-1,-1,-1,-1,-1,0,-1
2024010549759,2024,010549759,1,19,0,9,9,3,1,0,0,8,0,0,0,0,1,1,1,1,1,67,10,-1,-1,-1,-1,3,E01034387,0,1
2024010548497,2024,010548497,1,1,9,99,99,9,9,99,99,9,9,99,9,99,9,1,2,2,1,34,6,-1,-1,-1,-1,4,E01004392,0,1
2024991511465,2024,991511465,1,9,0,-1,19,1,4,-1,0,0,1,0,0,0,1,1,-1,9,1,63,9,-1,-1,-1,-1,4,-1,0,4
2024320215323,2024,320215323,2,9,0,-1,-1,8,4,0,0,1,0,0,0,0,2,1,6,6,1,34,6,-1,-1,-1,-1,1,E01026383,0,1
2024440469255,2024,440469255,2,1,0,15,15,3,7,0,0,8,0,0,0,0,1,1,6,6,1,27,6,-1,-1,-1,-1,8,E01017231,0,1
2024610012124,2024,610012124,1,5,0,16,19,5,8,0,0,0,1,10,0,0,1,1,6,6,1,62,9,-1,-1,-1,-1,2,E01014640,0,4
2024201405666,2024,201405666,2,1,0,-1,19,6,2,-1,0,8,0,0,0,0,1,1,-1,1,1,47,8,-1,-1,-1,-1,3,E01008950,0,2
2024161453715,2024,161453715,1,1,0,-1,19,4,8,-1,4,1,0,0,0,0,1,1,-1,6,1,44,7,-1,-1,-1,-1,9,E01012957,0,1
2024161500937,2024,161500937,1,11,-1,-1,-1,-1,-1,-1,-1,0,-1,-1,-1,0,-1,9,-1,1,3,-1,-1,-1,-1,-1,-1,-1,-1,0,-1
2024010545095,2024,010545095,2,1,0,16,19,5,1,1,1,0,0,0,0,0,3,1,6,6,1,46,8,-1,-1,-1,-1,2,E01032787,0,1
2024070360400,2024,070360400,1,-1,0,18,19,5,1,0,0,1,0,0,0,0,1,1,6,6,1,11,3,-1,-1,-1,-1,-1,-1,1,-1
2024031502736,2024,031502736,2,1,0,-1,19,1,1,-1,0,1,0,0,0,0,2,1,-1,6,1,41,7,-1,-1,-1,-1,-1,-1,0,-1
2024340NN0652,2024,340NN0652,1,9,0,-1,13,2,6,-1,0,2,0,0,0,0,1,1,-1,6,3,-1,-1,-1,-1,-1,-1,-1,-1,0,-1
2024361452656,2024,361452656,1,19,0,-1,19,4,8,-1,0,0,0,0,0,0,1,1,-1,6,1,50,8,-1,-1,-1,-1,5,E01018069,0,3
2024010493652,2024,010493652,1,9,0,9,9,5,2,0,0,5,0,0,0,0,1,1,6,6,1,23,5,-1,-1,-1,-1,8,E01000236,0,1
2024131443351,2024,131443351,2,1,0,-1,19,3,7,-1,0,1,5,0,0,0,1,1,-1,9,1,57,9,-1,-1,-1,-1,4,E01010678,0,1
2024010541054,2024,010541054,2,1,9,99,99,9,9,99,99,9,9,99,9,99,9,1,6,6,1,29,6,-1,-1,-1,-1,3,E01004403,0,1
2024010545434,2024,010545434,1,9,0,18,19,1,5,0,0,1,0,0,0,0,1,1,6,6,3,-1,-1,-1,-1,-1,-1,-1,-1,0,-1
2024070974755,2024,070974755,1,9,0,-1,19,7,3,-1,0,2,0,0,1,4,1,1,-1,9,1,43,7,-1,-1,-1,-1,1,E01012381,0,3
2024440216078,2024,440216078,2,1,0,18,19,1,5,0,0,0,0,0,0,0,3,1,6,6,1,60,9,-1,-1,-1,-1,8,E01023066,0,2
2024351553743,2024,351553743,2,1,0,-1,19,6,2,-1,0,0,0,0,0,0,1,1,-1,6,1,14,3,-1,-1,-1,-1,-1,-1,0,-1