collision_index,collision_year,collision_ref_no,vehicle_reference,vehicle_type,towing_and_articulation,vehicle_manoeuvre_historic,vehicle_manoeuvre,vehicle_direction_from,vehicle_direction_to,vehicle_location_restricted_lane_historic,vehicle_location_restricted_lane,junction_location,skidding_and_overturning,hit_object_in_carriageway,vehicle_leaving_carriageway,hit_object_off_carriageway,first_point_of_impact,vehicle_left_hand_drive,journey_purpose_of_driver_historic,journey_purpose_of_driver,sex_of_driver,age_of_driver,age_band_of_driver,engine_capacity_cc,propulsion_code,age_of_vehicle,generic_make_model,driver_imd_decile,lsoa_of_driver,escooter_flag,driver_distance_banding
2024544947124,2024,544947124,2,9,0,18,19,3,7,0,0,0,0,0,1,0,1,1,6,6,1,31,6,-1,-1,-1,-1,5,E01034642,0,5
2024201486358,2024,201486358,2,22,0,-1,19,6,7,-1,0,2,0,0,0,0,1,1,-1,6,1,91,11,-1,-1,-1,-1,3,E01009553,0,1
2024440513238,2024,440513238,2,1,0,18,19,4,8,0,0,8,0,0,0,0,3,1,6,6,1,28,6,-1,-1,-1,-1,1,E01017205,0,1
2024010548450,2024,010548450,2,9,0,99,99,9,9,99,99,9,9,99,9,99,1,9,6,6,3,-1,-1,-1,-1,-1,-1,-1,-1,0,-1
2024430535843,2024,430535843,2,1,0,18,19,5,1,0,0,3,0,0,0,0,1,1,6,6,1,69,10,-1,-1,-1,-1,8,E01016319,0,1
2024010497014,2024,010497014,2,3,0,18,19,7,3,2,2,1,5,0,0,0,1,1,1,1,1,25,5,-1,-1,-1,-1,2,E01003712,0,3
2024471496200,2024,471496200,2,1,0,-1,5,3,7,-1,0,0,0,0,0,0,4,1,-1,7,1,9,2,-1,-1,-1,-1,2,E01034826,0,1
2024010522192,2024,010522192,1,1,0,18,19,7,3,4,4,1,0,0,0,0,1,1,6,6,1,38,7,-1,-1,-1,-1,9,E01004559,0,1
2024131515790,2024,131515790,2,9,0,-1,19,5,1,-1,0,8,0,0,0,0,3,1,-1,6,2,57,9,-1,-1,-1,-1,8,E01011743,0,3
2024361437990,2024,361437990,2,9,-1,-1,19,7,3,-1,0,1,0,0,0,0,-1,9,-1,6,3,-1,-1,-1,-1,-1,-1,-1,-1,0,-1
2024052402670,2024,052402670,1,-1,0,18,19,8,4,0,0,8,0,0,0,0,1,1,6,6,1,25,5,-1,-1,-1,-1,-1,-1,1,-1
2024201437802,2024,201437802,1,8,0,-1,12,4,6,-1,0,3,0,0,0,0,3,9,-1,6,1,30,6,-1,-1,-1,-1,-1,-1,0,-1
2024201437778,2024,201437778,2,1,0,-1,19,1,5,-1,0,0,0,0,0,0,4,1,-1,9,1,20,4,-1,-1,-1,-1,1,E01009479,0,1
202460Q008432,2024,60Q008432,2,90,0,18,19,1,5,0,0,1,0,0,0,0,1,1,6,6,1,44,7,-1,-1,-1,-1,-1,-1,0,-1
2024501494610,2024,501494610,2,1,0,-1,9,3,1,-1,0,8,0,0,1,0,2,1,-1,2,1,60,9,-1,-1,-1,-1,4,E01020032,0,2
2024430261781,2024,430261781,2,2,0,18,19,4,8,0,0,0,0,0,0,0,4,1,6,6,1,30,6,-1,-1,-1,-1,-1,-1,0,-1
2024440099948,2024,440099948,1,9,0,14,14,1,5,0,0,0,0,0,0,0,1,1,2,2,2,39,7,-1,-1,-1,-1,4,E01017121,0,1
2024351430816,2024,351430816,1,1,0,-1,19,1,5,-1,0,0,0,0,0,0,2,1,-1,6,2,48,8,-1,-1,-1,-1,9,E01018238,0,1
2024320234534,2024,320234534,1,9,0,6,6,6,6,0,0,8,0,0,0,0,1,1,1,1,1,22,5,-1,-1,-1,-1,4,E01026016,0,3
2024141515868,2024,141515868,2,1,0,-1,19,5,1,-1,0,2,0,0,0,0,1,1,-1,6,1,33,6,-1,-1,-1,-1,1,E01007945,0,2
2024010518570,2024,010518570,1,1,9,99,99,9,9,99,99,9,9,99,9,99,1,1,3,7,1,13,3,-1,-1,-1,-1,3,E01002235,0,1
2024061467427,2024,061467427,2,9,0,-1,13,1,1,-1,0,2,0,4,0,0,4,9,-1,6,3,30,6,-1,-1,-1,-1,-1,-1,0,-1
2024311465387,2024,311465387,1,9,0,-1,4,3,7,-1,0,0,0,0,0,0,1,1,-1,6,1,30,6,-1,-1,-1,-1,-1,-1,0,-1
2024421463894,2024,421463894,2,1,0,-1,19,3,7,-1,0,0,0,0,0,0,2,1,-1,6,1,73,10,-1,-1,-1,-1,-1,-1,0,-1
2024201484509,2024,201484509,2,9,0,-1,3,2,6,-1,0,0,0,0,0,0,2,9,-1,9,1,23,5,-1,-1,-1,-1,1,E01009103,0,1
2024471414113,2024,471414113,1,9,0,-1,19,6,2,-1,0,0,0,0,0,0,0,9,-1,6,3,-1,-1,-1,-1,-1,-1,-1,-1,0,-1
2024991485733,2024,991485733,1,9,0,-1,9,1,2,-1,0,8,0,0,0,0,3,1,-1,9,2,61,9,-1,-1,-1,-1,7,-1,0,1
2024010500586,2024,010500586,1,9,0,99,99,9,9,99,99,9,9,99,9,99,9,9,6,6,3,61,9,-1,-1,-1,-1,2,E01001479,0,3
202454A565424,2024,54A565424,1,1,0,18,19,3,7,0,0,1,5,0,0,0,4,1,4,7,1,13,3,-1,-1,-1,-1,6,E01015553,0,1
2024302400926,2024,302400926,1,9,0,18,19,3,7,0,0,1,0,0,0,0,1,1,6,6,2,45,7,-1,-1,-1,-1,2,E01019542,0,1
2024010486931,2024,010486931,1,9,0,18,19,1,5,0,0,0,1,4,0,0,1,1,6,6,2,77,11,-1,-1,-1,-1,8,E01001538,0,1
2024010527156,2024,010527156,2,1,0,14,14,3,7,0,0,1,0,0,0,0,4,1,6,6,2,64,9,-1,-1,-1,-1,-1,-1,0,-1
2024471457216,2024,471457216,2,1,0,-1,19,1,5,-1,0,1,0,0,0,0,2,1,-1,9,1,62,9,-1,-1,-1,-1,8,E01031815,0,1
2024010521284,2024,010521284,1,1,9,99,99,9,9,99,99,6,9,99,9,99,2,1,2,2,2,49,8,-1,-1,-1,-1,7,E01004372,0,1
2024052400457,2024,052400457,1,8,0,18,19,5,1,0,0,1,0,0,0,0,1,1,2,2,1,56,9,-1,-1,-1,-1,5,E01007039,0,1
2024141420458,2024,141420458,2,9,0,-1,9,1,7,-1,0,6,0,0,2,11,4,1,-1,9,1,69,10,-1,-1,-1,-1,1,E01007783,0,1
2024010488224,2024,010488224,2,9,0,3,3,1,5,0,0,6,0,0,0,0,0,1,6,6,2,46,8,-1,-1,-1,-1,6,E01000430,0,1
2024131459353,2024,131459353,1,9,0,-1,19,7,3,-1,0,4,0,0,0,0,1,1,-1,6,1,-1,-1,-1,-1,-1,-1,-1,-1,0,-1
2024552400966,2024,552400966,2,9,0,18,19,5,2,0,0,0,0,0,0,0,3,1,6,6,3,-1,-1,-1,-1,-1,-1,-1,-1,0,-1
2024041409639,2024,041409639,2,1,0,-1,19,7,3,-1,0,8,0,0,0,0,3,1,-1,6,1,61,9,-1,-1,-1,-1,1,E01012638,0,1
2024411442592,2024,411442592,1,9,0,-1,5,5,1,-1,0,6,0,0,0,0,1,9,-1,6,1,36,7,-1,-1,-1,-1,10,E01023471,0,1
2024052400613,2024,052400613,2,1,0,18,19,3,7,0,0,0,0,0,0,0,4,1,6,6,1,62,9,-1,-1,-1,-1,1,E01007133,0,1
2024010499156,2024,010499156,2,9,0,99,99,9,9,99,99,9,9,99,9,99,1,9,6,6,3,-1,-1,-1,-1,-1,-1,-1,-1,0,-1
2024010544252,2024,010544252,2,1,0,18,19,5,1,0,0,1,0,0,0,0,3,1,1,1,1,34,6,-1,-1,-1,-1,5,E01002565,0,2
2024101437350,2024,101437350,1,11,0,-1,19,3,7,-1,0,0,0,0,0,0,1,9,-1,6,3,-1,-1,-1,-1,-1,-1,-1,-1,0,-1
2024010524152,2024,010524152,1,5,0,18,19,1,5,0,0,0,0,10,1,0,0,1,6,6,1,35,6,-1,-1,-1,-1,-1,-1,0,-1
2024010523739,2024,010523739,1,19,0,15,15,6,2,0,0,1,0,0,0,0,2,1,6,6,1,52,8,-1,-1,-1,-1,5,E01026724,0,5
2024340NN4472,2024,340NN4472,1,9,0,-1,9,5,3,-1,0,8,0,0,0,0,1,1,-1,6,1,-1,-1,-1,-1,-1,-1,-1,-1,0,-1
2024101509354,2024,101509354,2,19,0,-1,5,3,1,-1,0,6,0,0,0,0,3,1,-1,1,1,53,8,-1,-1,-1,-1,-1,-1,0,-1
2024010492576,2024,010492576,1,1,9,99,99,9,9,99,99,9,9,99,9,99,1,1,6,6,1,30,6,-1,-1,-1,-1,4,E01032764,0,1
2024991490786,2024,991490786,1,9,0,-1,9,4,1,-1,0,1,0,0,0,0,3,1,-1,1,1,48,8,-1,-1,-1,-1,-1,-1,0,-1
2024010513818,2024,010513818,2,9,0,99,99,9,9,99,99,0,9,99,9,99,9,9,6,6,3,-1,-1,-1,-1,-1,-1,-1,-1,0,-1
2024451420159,2024,451420159,1,9,0,-1,8,7,1,-1,0,3,0,0,0,0,1,1,-1,6,3,50,8,-1,-1,-1,-1,-1,-1,0,-1
2024010489386,2024,010489386,2,9,0,99,99,9,9,99,99,9,9,99,9,99,9,9,6,6,3,-1,-1,-1,-1,-1,-1,-1,-1,0,-1
2024010487765,2024,010487765,1,9,0,99,99,9,9,0,0,0,0,0,0,0,1,1,6,6,2,-1,-1,-1,-1,-1,-1,-1,-1,0,-1
2024991424341,2024,991424341,1,9,0,-1,19,3,7,-1,0,0,5,0,0,0,4,1,-1,2,2,42,7,-1,-1,-1,-1,7,-1,0,2
2024070877672,2024,070877672,1,-1,0,-1,19,3,7,-1,0,6,0,0,0,0,4,1,-1,6,1,27,6,-1,-1,-1,-1,1,E01012433,0,1
2024052402247,2024,052402247,2,-1,0,18,19,8,4,0,0,8,0,0,0,0,1,1,2,2,1,26,6,-1,-1,-1,-1,5,E01007099,1,2
2024070891998,2024,070891998,1,9,0,-1,99,1,5,-1,0,0,0,0,0,0,1,1,-1,6,3,-1,-1,-1,-1,-1,-1,-1,-1,0,-1
2024010490665,2024,010490665,1,9,0,99,99,9,9,99,99,9,9,99,9,99,1,9,6,6,3,-1,-1,-1,-1,-1,-1,-1,-1,0,-1
2024311535524,2024,311535524,1,9,0,-1,19,4,8,-1,0,0,0,0,0,0,1,9,-1,6,3,-1,-1,-1,-1,-1,-1,-1,-1,0,-1
2024131504501,2024,131504501,1,9,0,-1,-1,-1,-1,-1,-1,0,-1,-1,-1,-1,-1,1,-1,6,3,-1,-1,-1,-1,-1,-1,-1,-1,0,-1
2024451405365,2024,451405365,1,9,0,-1,11,3,7,-1,0,0,0,7,0,0,1,1,-1,2,1,18,4,-1,-1,-1,-1,3,E01002276,0,4
2024991508972,2024,991508972,3,9,0,-1,19,8,4,-1,0,0,1,0,0,0,1,1,-1,9,1,40,7,-1,-1,-1,-1,4,-1,0,1
2024122400644,2024,122400644,1,9,0,5,5,8,4,0,0,4,0,0,0,0,3,1,2,2,1,34,6,-1,-1,-1,-1,3,E01011758,0,4
2024401430459,2024,401430459,1,9,-1,-1,-1,-1,-1,-1,-1,0,-1,-1,-1,0,-1,9,-1,6,3,-1,-1,-1,-1,-1,-1,-1,-1,0,-1
2024332401192,2024,332401192,2,9,0,-1,7,3,5,-1,0,6,0,0,0,0,3,1,-1,6,3,-1,-1,-1,-1,-1,-1,-1,-1,0,-1
2024010491232,2024,010491232,1,9,0,7,7,3,6,0,0,5,0,0,0,0,4,1,6,6,2,35,6,-1,-1,-1,-1,8,E01000540,0,2
2024061400294,2024,061400294,1,9,0,-1,19,8,4,-1,0,0,0,0,0,0,2,1,-1,9,2,21,5,-1,-1,-1,-1,4,E01004991,0,2
2024610017124,2024,610017124,1,9,0,18,19,3,7,0,0,0,5,0,1,4,1,1,6,6,1,72,10,-1,-1,-1,-1,9,W01001426,0,4
2024131400694,2024,131400694,1,9,0,-1,-1,5,7,-1,-1,-1,-1,-1,-1,-1,-1,1,-1,6,3,-1,-1,-1,-1,-1,-1,-1,-1,0,-1
202417S107324,2024,17S107324,2,9,0,-1,19,1,5,-1,0,0,0,0,0,0,1,1,-1,6,2,-1,-1,-1,-1,-1,-1,-1,-1,0,-1
2024201451909,2024,201451909,1,9,0,-1,9,8,5,-1,0,5,1,0,0,0,3,1,-1,9,1,47,8,-1,-1,-1,-1,2,E01008897,0,1
2024371479120,2024,371479120,2,1,0,-1,19,8,4,-1,0,0,0,0,0,0,3,1,-1,9,1,25,5,-1,-1,-1,-1,9,E01033443,0,1
2024010540591,2024,010540591,2,9,0,99,99,9,9,99,99,9,9,99,9,99,9,9,6,6,3,-1,-1,-1,-1,-1,-1,-1,-1,0,-1
2024061526493,2024,061526493,1,9,0,-1,7,2,4,-1,0,1,0,0,0,0,1,1,-1,9,2,26,6,-1,-1,-1,-1,2,E01006033,0,3
2024010505188,2024,010505188,2,1,0,18,19,1,5,0,0,8,0,0,0,0,1,1,2,2,1,40,7,-1,-1,-1,-1,5,E01002001,0,1
2024010546472,2024,010546472,2,1,0,18,19,3,7,0,0,0,0,10,0,0,1,1,1,1,1,21,5,-1,-1,-1,-1,3,E01034204,0,1
2024440525345,2024,440525345,2,19,0,9,9,3,7,0,0,8,0,0,0,0,3,1,6,6,3,-1,-1,-1,-1,-1,-1,-1,-1,0,-1
2024361424189,2024,361424189,1,9,0,-1,5,5,1,-1,0,1,0,0,0,0,1,9,-1,9,1,46,8,-1,-1,-1,-1,10,E01013113,0,5
2024302401506,2024,302401506,2,9,0,2,2,0,0,0,0,8,0,0,0,0,2,1,6,6,3,-1,-1,-1,-1,-1,-1,-1,-1,0,-1
2024991478479,2024,991478479,2,9,0,-1,9,2,7,-1,0,0,0,0,1,0,2,1,-1,9,2,47,8,-1,-1,-1,-1,-1,-1,0,-1
2024451427142,2024,451427142,2,1,0,-1,19,3,1,-1,0,0,0,0,0,0,4,1,-1,6,1,21,5,-1,-1,-1,-1,10,E01030999,0,1
2024522402788,2024,522402788,1,1,0,18,19,5,1,0,0,1,0,0,0,0,1,1,6,6,1,22,5,-1,-1,-1,-1,2,E01014640,0,1
2024010551223,2024,010551223,1,9,0,7,7,3,4,8,6,1,0,0,0,0,1,1,6,6,3,-1,-1,-1,-1,-1,-1,-1,-1,0,-1
2024111442583,2024,111442583,1,9,0,-1,19,4,8,-1,0,1,0,0,0,0,1,1,-1,1,1,30,6,-1,-1,-1,-1,4,E01020661,0,1
2024340WN1642,2024,340WN1642,1,9,0,-1,9,4,2,-1,0,5,0,0,0,0,3,1,-1,9,1,59,9,-1,-1,-1,-1,3,E01027185,0,1
2024010493801,2024,010493801,1,9,0,18,19,8,4,0,0,0,0,4,0,0,4,1,6,6,1,57,9,-1,-1,-1,-1,5,E01003329,0,1
2024010495932,2024,010495932,2,9,0,99,99,9,9,99,99,9,9,99,9,99,9,9,6,6,3,-1,-1,-1,-1,-1,-1,-1,-1,0,-1
2024010492454,2024,010492454,1,1,9,99,99,9,9,99,99,9,9,99,9,99,1,1,2,2,3,36,7,-1,-1,-1,-1,8,E01004147,0,1
2024101508475,2024,101508475,1,9,-1,-1,19,7,3,-1,0,1,0,0,0,0,1,9,-1,6,1,-1,-1,-1,-1,-1,-1,-1,-1,0,-1
2024010505986,2024,010505986,2,9,0,99,99,9,9,99,99,9,9,99,9,99,1,9,6,6,3,-1,-1,-1,-1,-1,-1,3,E01002627,0,1
2024052402248,2024,052402248,1,1,0,18,19,7,3,0,0,1,0,0,0,0,1,1,4,7,1,13,3,-1,-1,-1,-1,1,E01007005,0,1
2024221473254,2024,221473254,1,9,0,-1,7,5,7,-1,0,5,0,0,0,0,4,1,-1,1,2,26,6,-1,-1,-1,-1,1,E01032424,0,2
2024471526401,2024,471526401,2,1,0,-1,19,2,6,-1,0,1,0,0,0,0,4,1,-1,1,1,33,6,-1,-1,-1,-1,3,E01020971,0,1
2024010491183,2024,010491183,2,9,0,99,99,9,9,99,99,9,9,99,9,99,1,9,6,6,2,63,9,-1,-1,-1,-1,3,E01000630,0,1
2024010492939,2024,010492939,2,9,9,99,99,9,9,99,99,9,9,99,9,99,2,9,6,6,3,-1,-1,-1,-1,-1,-1,-1,-1,0,-1
2024421462900,2024,421462900,2,1,0,-1,19,5,1,-1,0,0,0,0,0,0,3,1,-1,9,1,24,5,-1,-1,-1,-1,4,E01015993,0,1
2024010491377,2024,010491377,1,19,0,2,2,0,0,0,0,9,0,0,0,0,3,1,6,6,3,-1,-1,-1,-1,-1,-1,-1,-1,0,-1
2024070371064,2024,070371064,1,9,0,1,1,2,6,0,0,6,0,0,0,0,2,2,6,6,2,-1,-1,-1,-1,-1,-1,-1,-1,0,-1
2024052401509,2024,052401509,2,1,0,18,19,2,7,0,0,1,0,0,0,0,3,1,6,6,1,-1,-1,-1,-1,-1,-1,-1,-1,0,-1
2024010505292,2024,010505292,1,1,0,18,19,1,5,0,0,2,0,0,0,0,1,1,6,6,1,22,5,-1,-1,-1,-1,-1,-1,0,-1
2024111533918,2024,111533918,1,1,0,-1,9,2,6,-1,0,0,0,0,7,0,3,1,-1,9,1,34,6,-1,-1,-1,-1,1,E01020885,0,1
2024461432805,2024,461432805,3,9,0,-1,10,3,6,-1,0,1,0,0,0,0,2,1,-1,9,1,25,5,-1,-1,-1,-1,-1,-1,0,-1
2024010493247,2024,010493247,2,1,0,18,19,5,1,0,0,1,0,0,0,0,2,1,1,1,1,46,8,-1,-1,-1,-1,-1,-1,0,-1
2024440546885,2024,440546885,2,-1,0,18,19,7,3,0,0,1,0,0,0,0,1,1,6,6,1,26,6,-1,-1,-1,-1,3,E01017220,1,1
2024430466979,2024,430466979,2,9,0,17,19,4,8,0,0,0,0,0,0,0,1,1,6,6,1,-1,-1,-1,-1,-1,-1,-1,-1,0,-1
2024201413581,2024,201413581,1,9,0,-1,19,6,2,-1,0,1,1,0,1,0,3,9,-1,6,1,17,4,-1,-1,-1,-1,9,E01029521,0,1
2024010544775,2024,010544775,1,1,9,99,99,9,9,99,99,9,9,99,9,99,9,1,3,7,2,14,3,-1,-1,-1,-1,6,E01003952,0,1
2024461511765,2024,461511765,2,19,4,-1,19,5,1,-1,0,0,0,0,0,0,2,2,-1,1,1,44,7,-1,-1,-1,-1,-1,-1,0,-1
2024302400151,2024,302400151,1,19,0,12,12,5,1,0,0,0,0,0,0,0,1,1,1,1,1,29,6,-1,-1,-1,-1,1,E01011130,0,4
2024010493679,2024,010493679,1,3,0,99,99,9,9,99,99,9,9,99,9,99,1,1,2,2,1,26,6,-1,-1,-1,-1,4,E01023337,0,3
2024991493497,2024,991493497,2,1,0,-1,19,3,7,-1,0,0,0,4,0,0,3,1,-1,6,1,26,6,-1,-1,-1,-1,3,-1,0,1
2024302400353,2024,302400353,2,9,0,17,19,6,3,0,0,0,0,0,0,0,1,1,6,6,2,68,10,-1,-1,-1,-1,5,E01026409,0,4
2024041459715,2024,041459715,1,9,0,-1,5,1,5,-1,0,1,0,0,7,0,3,1,-1,9,2,30,6,-1,-1,-1,-1,9,E01024964,0,3
2024061452512,2024,061452512,2,9,0,-1,19,-1,-1,-1,0,4,0,1,0,0,3,1,-1,6,1,-1,-1,-1,-1,-1,-1,-1,-1,0,-1
2024440158096,2024,440158096,1,22,0,18,19,2,6,9,9,0,0,0,0,0,4,1,6,6,2,61,9,-1,-1,-1,-1,2,E01023006,0,1
2024461496010,2024,461496010,4,21,0,-1,19,7,7,-1,0,0,0,0,0,0,1,2,-1,1,1,41,7,-1,-1,-1,-1,-1,-1,0,-1
2024010496955,2024,010496955,2,9,0,99,99,9,9,99,99,9,9,99,9,99,9,9,6,6,3,-1,-1,-1,-1,-1,-1,-1,-1,0,-1
2024471532386,2024,471532386,1,9,0,-1,19,-1,-1,-1,0,1,0,0,0,0,1,9,-1,6,2,-1,-1,-1,-1,-1,-1,-1,-1,0,-1
2024421465615,2024,421465615,1,19,0,-1,19,6,2,-1,0,1,0,0,0,0,1,1,-1,6,3,-1,-1,-1,-1,-1,-1,-1,-1,0,-1
2024131529337,2024,131529337,2,1,0,-1,19,3,7,-1,0,8,5,0,0,0,1,1,-1,7,2,22,5,-1,-1,-1,-1,5,E01011479,0,1
2024421521357,2024,421521357,1,9,0,-1,19,3,7,-1,0,1,0,0,0,0,1,1,-1,6,1,23,5,-1,-1,-1,-1,8,E01021397,0,1
2024461532654,2024,461532654,2,1,0,-1,19,3,7,-1,0,2,0,0,0,0,2,1,-1,6,1,30,6,-1,-1,-1,-1,7,E01021173,0,3
2024401539364,2024,401539364,3,9,0,-1,4,3,7,-1,0,0,0,0,0,0,1,1,-1,6,1,33,6,-1,-1,-1,-1,6,E01034443,0,1
2024991506421,2024,991506421,2,1,0,-1,19,8,4,-1,0,8,0,0,0,0,1,1,-1,9,1,54,8,-1,-1,-1,-1,9,-1,0,1
2024010531771,2024,010531771,1,1,0,4,4,5,1,0,0,1,0,0,0,0,1,1,4,7,1,17,4,-1,-1,-1,-1,6,E01000927,0,1
2024481564348,2024,481564348,2,1,0,-1,9,3,7,-1,5,0,0,0,0,0,3,1,-1,2,1,64,9,-1,-1,-1,-1,-1,-1,0,-1
2024010538471,2024,010538471,2,1,0,-1,-1,1,5,0,0,1,0,0,0,0,3,1,6,6,1,26,6,-1,-1,-1,-1,4,E01002850,0,1
2024631429097,2024,631429097,1,17,0,-1,19,3,7,-1,0,0,0,0,0,0,4,1,-1,6,3,-1,-1,-1,-1,-1,-1,-1,-1,0,-1
2024440405949,2024,440405949,1,1,0,5,5,8,4,0,0,8,0,0,0,0,1,1,4,7,1,14,3,-1,-1,-1,-1,6,E01017259,0,1
2024421406176,2024,421406176,1,9,0,-1,19,7,3,-1,0,0,0,0,0,0,4,1,-1,9,1,75,10,-1,-1,-1,-1,7,E01033145,0,1
2024991434892,2024,991434892,3,9,0,-1,2,4,8,-1,0,0,0,0,0,0,2,1,-1,6,1,45,7,-1,-1,-1,-1,9,-1,0,1
2024010495003,2024,010495003,2,9,0,99,99,9,9,99,99,9,9,99,9,99,9,9,6,6,3,-1,-1,-1,-1,-1,-1,4,E01001174,0,1
2024430302641,2024,430302641,2,9,0,18,19,5,1,0,0,1,0,0,0,0,1,1,6,6,3,-1,-1,-1,-1,-1,-1,-1,-1,0,-1
2024451486083,2024,451486083,2,9,0,-1,3,5,3,-1,0,1,0,0,0,0,3,1,-1,6,1,23,5,-1,-1,-1,-1,-1,-1,0,-1
2024411471169,2024,411471169,2,9,0,-1,19,1,5,-1,0,0,0,0,0,0,3,1,-1,6,1,73,10,-1,-1,-1,-1,10,E01023851,0,2
2024052402690,2024,052402690,1,9,0,18,19,1,5,0,0,0,0,0,0,0,1,1,6,6,1,-1,-1,-1,-1,-1,-1,-1,-1,0,-1
2024440450032,2024,440450032,1,1,0,18,19,1,5,9,9,0,0,0,0,0,1,1,6,6,3,-1,-1,-1,-1,-1,-1,-1,-1,0,-1
2024010494989,2024,010494989,2,9,0,18,19,1,5,0,0,8,0,0,0,0,2,1,6,6,2,35,6,-1,-1,-1,-1,6,E01034431,0,4
2024501460443,2024,501460443,2,22,0,-1,19,7,3,-1,0,0,5,0,0,0,1,1,-1,6,2,57,9,-1,-1,-1,-1,5,E01020334,0,1
2024471503614,2024,471503614,2,9,0,-1,3,7,3,-1,0,0,0,0,0,0,2,1,-1,2,1,66,10,-1,-1,-1,-1,8,E01021233,0,4
2024411521115,2024,411521115,1,1,0,-1,19,3,7,-1,5,0,0,0,0,0,9,1,-1,6,1,-1,-1,-1,-1,-1,-1,-1,-1,0,-1
2024141521970,2024,141521970,1,9,0,-1,19,-1,-1,-1,0,0,0,0,0,0,-1,9,-1,6,3,-1,-1,-1,-1,-1,-1,-1,-1,0,-1
2024161446167,2024,161446167,3,9,0,-1,19,5,1,-1,0,1,0,0,0,0,2,9,-1,6,3,-1,-1,-1,-1,-1,-1,-1,-1,0,-1
2024071085841,2024,071085841,2,1,0,-1,19,7,3,-1,0,1,0,0,0,0,1,1,-1,9,2,53,8,-1,-1,-1,-1,10,E01018666,0,1
2024131462810,2024,131462810,2,9,0,-1,5,7,3,-1,0,4,0,0,0,0,1,1,-1,9,1,52,8,-1,-1,-1,-1,4,E01011801,0,1
2024010509111,2024,010509111,2,9,4,99,99,9,9,99,99,9,9,99,9,99,1,9,6,6,1,25,5,-1,-1,-1,-1,3,E01003570,0,1
2024361449058,2024,361449058,2,9,0,-1,19,4,2,-1,0,0,0,0,0,0,2,2,-1,9,2,82,11,-1,-1,-1,-1,7,E01026897,0,4
2024010526971,2024,010526971,1,97,0,18,19,1,5,0,0,0,2,0,0,0,1,1,6,6,3,-1,-1,-1,-1,-1,-1,-1,-1,0,-1
2024351509476,2024,351509476,1,19,0,-1,1,1,5,-1,9,0,0,0,0,0,2,1,-1,6,1,34,6,-1,-1,-1,-1,5,E01018096,0,1
2024010538480,2024,010538480,2,1,0,18,19,1,5,0,0,8,0,0,0,0,4,1,6,6,1,23,5,-1,-1,-1,-1,5,E01002785,0,1
2024010534033,2024,010534033,1,1,9,3,3,9,9,99,99,0,9,99,9,99,2,1,6,6,1,26,6,-1,-1,-1,-1,3,E01034391,0,2
2024991493221,2024,991493221,3,90,0,-1,19,5,1,-1,0,0,2,0,1,0,0,1,-1,1,1,22,5,-1,-1,-1,-1,-1,-1,0,-1
2024131462544,2024,131462544,1,1,0,-1,19,1,5,-1,0,8,0,0,0,0,1,1,-1,1,2,59,9,-1,-1,-1,-1,2,E01010796,0,1
2024451498348,2024,451498348,1,98,0,-1,19,6,2,-1,0,0,0,0,0,0,1,1,-1,9,1,27,6,-1,-1,-1,-1,5,E01026132,0,5
2024010542513,2024,010542513,1,1,9,99,99,9,9,99,99,9,9,8,9,99,1,1,2,2,1,30,6,-1,-1,-1,-1,3,E01003594,0,3
2024430092578,2024,430092578,2,1,0,18,19,6,2,0,0,8,0,0,0,0,1,1,6,6,1,74,10,-1,-1,-1,-1,9,E01028535,0,1
2024052401882,2024,052401882,1,-1,0,18,19,8,4,0,0,0,0,0,0,0,1,1,6,6,3,-1,-1,-1,-1,-1,-1,-1,-1,1,-1
2024522402309,2024,522402309,2,9,0,18,19,2,6,0,0,0,0,8,0,0,1,1,6,6,3,-1,-1,-1,-1,-1,-1,-1,-1,0,-1
2024161404927,2024,161404927,2,-1,0,-1,19,5,1,-1,0,0,0,0,0,0,1,1,-1,9,2,13,3,-1,-1,-1,-1,1,E01012889,1,1
2024440167306,2024,440167306,2,9,0,5,5,8,4,0,0,8,0,0,0,0,0,1,6,6,3,-1,-1,-1,-1,-1,-1,-1,-1,0,-1
2024231539756,2024,231539756,1,8,0,-1,1,8,4,-1,0,0,0,0,0,0,2,1,-1,6,3,38,7,-1,-1,-1,-1,-1,-1,0,-1
2024401466286,2024,401466286,1,98,0,-1,9,8,6,-1,0,6,0,0,0,0,-1,1,-1,6,1,30,6,-1,-1,-1,-1,4,E01017505,0,1
2024421496804,2024,421496804,1,1,0,-1,19,6,7,-1,0,8,0,0,0,0,4,1,-1,9,1,11,3,-1,-1,-1,-1,4,E01021451,0,1
2024010551766,2024,010551766,2,1,0,18,19,4,8,0,0,1,0,0,0,0,1,1,1,1,1,19,4,-1,-1,-1,-1,3,E01035666,0,1
2024141505814,2024,141505814,1,9,0,-1,5,3,7,-1,0,8,0,0,0,0,1,9,-1,6,3,-1,-1,-1,-1,-1,-1,-1,-1,0,-1
2024421526145,2024,421526145,1,9,0,-1,9,1,5,-1,0,0,0,0,0,0,1,1,-1,1,1,48,8,-1,-1,-1,-1,-1,-1,0,-1
2024430246829,2024,430246829,2,1,0,18,19,3,7,0,0,0,0,0,0,0,1,1,6,6,1,21,5,-1,-1,-1,-1,9,E01016691,0,3
2024010492984,2024,010492984,2,9,0,99,99,9,9,99,99,0,9,99,9,99,9,9,6,6,1,46,8,-1,-1,-1,-1,7,E01000822,0,2
2024332400825,2024,332400825,2,1,0,-1,19,6,2,-1,9,8,0,0,0,0,1,1,-1,2,2,67,10,-1,-1,-1,-1,3,E01013731,0,1
2024461468689,2024,461468689,1,1,0,-1,10,2,4,-1,0,1,0,0,0,0,1,1,-1,6,1,-1,-1,-1,-1,-1,-1,1,E01035316,0,2
2024050579701,2024,050579701,1,9,0,18,19,2,8,0,0,2,0,0,4,0,3,1,6,6,2,41,7,-1,-1,-1,-1,9,E01007182,0,1
2024991398308,2024,991398308,2,9,0,-1,9,8,6,-1,0,8,0,0,0,0,2,1,-1,6,3,20,4,-1,-1,-1,-1,-1,-1,0,-1
2024010504957,2024,010504957,1,9,0,1,1,7,3,9,9,6,0,0,0,0,1,1,6,6,1,79,11,-1,-1,-1,-1,4,E01003776,0,1
2024131480513,2024,131480513,1,90,0,-1,-1,-1,-1,-1,-1,0,-1,-1,-1,-1,-1,1,-1,6,3,-1,-1,-1,-1,-1,-1,-1,-1,0,-1