collision_index,collision_year,collision_ref_no,vehicle_reference,vehicle_type,towing_and_articulation,vehicle_manoeuvre_historic,vehicle_manoeuvre,vehicle_direction_from,vehicle_direction_to,vehicle_location_restricted_lane_historic,vehicle_location_restricted_lane,junction_location,skidding_and_overturning,hit_object_in_carriageway,vehicle_leaving_carriageway,hit_object_off_carriageway,first_point_of_impact,vehicle_left_hand_drive,journey_purpose_of_driver_historic,journey_purpose_of_driver,sex_of_driver,age_of_driver,age_band_of_driver,engine_capacity_cc,propulsion_code,age_of_vehicle,generic_make_model,driver_imd_decile,lsoa_of_driver,escooter_flag,driver_distance_banding
2024622400038,2024,622400038,2,1,0,18,19,8,4,0,0,8,0,0,0,0,1,1,6,6,1,16,4,-1,-1,-1,-1,7,W01000813,0,1
2024010502077,2024,010502077,1,97,0,18,19,3,7,0,0,1,0,0,0,0,1,1,6,6,1,46,8,-1,-1,-1,-1,3,E01000100,0,1
2024010521705,2024,010521705,1,1,9,99,99,9,9,99,99,9,9,99,9,99,2,1,6,6,1,48,8,-1,-1,-1,-1,5,E01003116,0,1
2024430054470,2024,430054470,1,9,0,18,19,2,6,0,0,0,1,6,1,0,4,1,6,6,1,31,6,-1,-1,-1,-1,-1,-1,0,-1
2024010496002,2024,010496002,1,8,0,4,4,5,1,0,0,1,0,0,0,0,2,1,6,6,1,39,7,-1,-1,-1,-1,4,E01002308,0,3
2024371500048,2024,371500048,2,9,-1,-1,9,3,1,-1,0,8,0,0,0,0,-1,9,-1,9,3,-1,-1,-1,-1,-1,-1,-1,-1,0,-1
2024421520060,2024,421520060,2,1,0,-1,19,-1,-1,-1,0,6,0,0,0,0,3,1,-1,2,1,30,6,-1,-1,-1,-1,4,E01015957,0,1
2024041404099,2024,041404099,2,1,0,-1,19,3,7,-1,0,1,0,0,0,0,4,1,-1,6,1,23,5,-1,-1,-1,-1,8,E01025453,0,1
2024010499166,2024,010499166,2,9,0,6,6,9,9,99,99,0,9,99,9,99,9,9,6,6,3,-1,-1,-1,-1,-1,-1,-1,-1,0,-1
2024221435024,2024,221435024,2,1,0,-1,13,6,2,-1,0,8,0,0,0,0,4,1,-1,9,1,65,9,-1,-1,-1,-1,5,E01028980,0,2
2024552401454,2024,552401454,1,9,0,9,9,8,6,0,0,1,0,0,0,0,3,1,3,7,2,38,7,-1,-1,-1,-1,9,E01020400,0,1
2024351443246,2024,351443246,1,9,-1,-1,-1,-1,-1,-1,-1,-1,-1,-1,-1,0,-1,9,-1,6,1,-1,-1,-1,-1,-1,-1,-1,-1,0,-1
2024440032076,2024,440032076,2,9,0,18,19,6,2,0,0,4,0,0,0,0,3,1,2,2,1,45,7,-1,-1,-1,-1,6,-1,0,5
2024231479158,2024,231479158,2,16,0,-1,10,4,2,-1,0,6,0,0,0,0,0,1,-1,9,2,44,7,-1,-1,-1,-1,3,E01031081,0,1
2024501453822,2024,501453822,1,98,0,-1,19,8,4,-1,0,0,0,0,0,0,0,9,-1,6,1,27,6,-1,-1,-1,-1,4,E01020311,0,3
2024131408109,2024,131408109,2,9,0,-1,19,7,3,-1,0,8,0,0,0,0,3,1,-1,6,2,70,10,-1,-1,-1,-1,5,E01010970,0,3
2024010488581,2024,010488581,1,9,0,4,4,3,7,0,0,2,0,0,0,0,3,1,2,2,1,26,6,-1,-1,-1,-1,4,E01003725,0,3
2024552500003,2024,552500003,2,1,0,17,19,6,3,0,0,8,0,0,0,0,4,1,6,6,1,32,6,-1,-1,-1,-1,1,E01015281,0,1
2024201483826,2024,201483826,2,8,0,-1,19,6,2,-1,0,8,0,0,0,0,1,1,-1,6,1,41,7,-1,-1,-1,-1,1,E01010369,0,1
2024461493796,2024,461493796,2,1,0,-1,19,5,1,-1,9,0,2,0,0,0,3,1,-1,6,3,-1,-1,-1,-1,-1,-1,-1,-1,0,-1
2024351402546,2024,351402546,1,9,0,-1,99,-1,-1,-1,0,8,9,99,0,0,9,9,-1,6,3,-1,-1,-1,-1,-1,-1,-1,-1,0,-1
2024340WN3002,2024,340WN3002,1,9,0,-1,19,2,6,-1,0,1,0,0,0,0,3,1,-1,6,1,-1,-1,-1,-1,-1,-1,-1,-1,0,-1
2024010521826,2024,010521826,2,1,0,4,4,5,1,0,0,0,0,0,0,0,1,1,1,1,1,42,7,-1,-1,-1,-1,-1,-1,0,-1
2024010491465,2024,010491465,1,9,0,18,19,2,6,0,0,2,0,0,0,0,4,1,6,6,2,23,5,-1,-1,-1,-1,3,E01000154,0,1
2024061472061,2024,061472061,1,9,0,-1,-1,-1,-1,-1,-1,-1,-1,-1,-1,0,-1,1,-1,6,3,-1,-1,-1,-1,-1,-1,-1,-1,0,-1
2024340WN5402,2024,340WN5402,2,9,0,-1,3,5,7,-1,0,1,0,0,0,0,2,1,-1,7,2,37,7,-1,-1,-1,-1,6,E01035422,0,1
2024010496953,2024,010496953,1,3,0,99,99,9,9,99,99,9,9,99,9,99,9,1,1,1,3,23,5,-1,-1,-1,-1,6,E01003130,0,4
2024340WN5012,2024,340WN5012,1,9,0,-1,19,1,5,-1,0,0,0,0,0,0,1,1,-1,6,1,-1,-1,-1,-1,-1,-1,-1,-1,0,-1
2024991523569,2024,991523569,1,9,0,-1,19,5,1,-1,0,0,0,0,0,0,1,1,-1,2,1,29,6,-1,-1,-1,-1,4,-1,0,1
2024010501594,2024,010501594,1,9,9,18,19,7,3,99,99,9,9,99,9,99,3,1,6,6,3,-1,-1,-1,-1,-1,-1,-1,-1,0,-1
2024201524930,2024,201524930,1,9,0,-1,19,1,5,-1,0,4,0,0,0,0,1,9,-1,6,2,35,6,-1,-1,-1,-1,-1,-1,0,-1
2024461442989,2024,461442989,2,9,0,-1,19,2,6,-1,0,8,0,0,0,0,1,1,-1,6,1,42,7,-1,-1,-1,-1,6,E01024361,0,4
2024161443096,2024,161443096,1,11,0,-1,4,6,2,-1,0,1,0,0,0,0,0,9,-1,1,2,46,8,-1,-1,-1,-1,1,E01012855,0,2
2024061539824,2024,061539824,2,9,0,-1,19,6,2,-1,0,8,0,0,0,0,1,1,-1,6,2,45,7,-1,-1,-1,-1,1,E01005103,0,1
2024010487106,2024,010487106,2,9,0,6,6,7,7,0,0,1,0,0,0,0,1,1,1,1,1,48,8,-1,-1,-1,-1,1,E01002732,0,2
2024522402643,2024,522402643,1,1,0,15,15,1,5,0,0,8,0,0,0,0,3,1,6,6,1,26,6,-1,-1,-1,-1,5,E01035226,0,1
2024010495922,2024,010495922,1,1,0,18,19,1,5,2,2,1,0,0,0,0,1,1,2,2,1,47,8,-1,-1,-1,-1,2,E01001487,0,1
2024361490965,2024,361490965,1,9,0,-1,13,5,7,-1,0,0,0,0,0,0,3,1,-1,9,1,24,5,-1,-1,-1,-1,4,E01026609,0,3
2024052400644,2024,052400644,1,22,0,5,5,5,1,0,0,6,0,0,0,0,1,1,3,7,2,52,8,-1,-1,-1,-1,1,E01006706,0,3
2024231486426,2024,231486426,1,5,0,-1,4,5,1,-1,0,0,0,0,1,10,1,1,-1,9,2,30,6,-1,-1,-1,-1,1,E01008941,0,3
2024010543365,2024,010543365,2,9,0,6,6,1,1,0,0,1,0,4,0,0,3,1,6,6,3,-1,-1,-1,-1,-1,-1,-1,-1,0,-1
2024351430432,2024,351430432,1,1,0,-1,19,-1,-1,-1,0,2,0,0,0,0,4,1,-1,2,1,24,5,-1,-1,-1,-1,5,E01018163,0,1
2024201436859,2024,201436859,2,1,0,-1,19,3,7,-1,0,8,0,0,0,0,2,1,-1,2,1,28,6,-1,-1,-1,-1,1,E01009301,0,3
2024131447272,2024,131447272,2,1,0,-1,19,7,3,-1,0,8,5,0,0,0,3,1,-1,9,2,10,2,-1,-1,-1,-1,1,E01011864,0,1
2024231431110,2024,231431110,1,9,0,-1,4,8,4,-1,0,1,0,0,0,0,1,9,-1,6,3,32,6,-1,-1,-1,-1,-1,-1,0,-1
2024421461862,2024,421461862,3,9,0,-1,19,1,5,-1,0,0,0,0,0,0,1,1,-1,9,2,29,6,-1,-1,-1,-1,1,E01016007,0,1
2024010527624,2024,010527624,1,1,9,99,99,9,9,99,99,1,9,99,9,99,9,1,6,6,1,35,6,-1,-1,-1,-1,7,E01004476,0,1
2024552400800,2024,552400800,1,9,0,18,19,8,4,0,0,0,0,0,0,0,1,1,6,6,2,32,6,-1,-1,-1,-1,8,E01015314,0,1
2024052400898,2024,052400898,1,9,0,18,19,1,5,0,0,6,0,0,0,0,1,1,6,6,3,-1,-1,-1,-1,-1,-1,-1,-1,0,-1
2024101522552,2024,101522552,1,9,0,-1,19,7,3,-1,0,3,0,0,0,0,1,9,-1,6,3,-1,-1,-1,-1,-1,-1,-1,-1,0,-1
2024411519431,2024,411519431,1,9,0,-1,3,7,3,-1,0,1,0,0,0,0,3,1,-1,1,1,51,8,-1,-1,-1,-1,3,E01023757,0,1
2024010494952,2024,010494952,1,9,0,99,99,9,9,99,99,0,9,99,9,99,2,9,2,2,2,28,6,-1,-1,-1,-1,3,E01003387,0,3
2024010489042,2024,010489042,1,9,0,9,9,1,6,0,0,1,5,0,8,11,3,1,2,2,1,44,7,-1,-1,-1,-1,1,E01009147,0,5
2024501422174,2024,501422174,2,9,0,-1,19,4,8,-1,0,8,0,0,0,0,2,1,-1,2,1,25,5,-1,-1,-1,-1,5,E01018768,0,3
2024101402052,2024,101402052,1,9,0,-1,1,3,7,-1,9,0,0,0,0,0,2,1,-1,9,1,24,5,-1,-1,-1,-1,2,E01027397,0,1
2024221482994,2024,221482994,2,5,0,-1,19,8,4,-1,0,0,0,0,0,0,1,1,-1,6,1,29,6,-1,-1,-1,-1,-1,-1,0,-1
2024622400357,2024,622400357,2,9,0,10,10,3,7,0,0,5,0,0,0,0,2,1,6,6,1,62,9,-1,-1,-1,-1,8,W01001030,0,1
2024332400183,2024,332400183,3,9,0,-1,8,6,8,-1,0,1,0,0,0,0,1,1,-1,9,1,59,9,-1,-1,-1,-1,10,E01025737,0,2
2024010511888,2024,010511888,1,9,0,7,7,5,8,0,0,5,0,0,1,0,4,1,2,2,1,35,6,-1,-1,-1,-1,3,E01001516,0,2
2024461458240,2024,461458240,2,9,0,-1,3,4,3,-1,0,0,0,0,0,0,2,9,-1,6,1,42,7,-1,-1,-1,-1,4,E01016055,0,2
2024351465345,2024,351465345,2,1,0,-1,19,8,4,-1,9,5,0,11,0,0,1,1,-1,6,1,13,3,-1,-1,-1,-1,5,E01018131,0,1
2024451401838,2024,451401838,2,21,0,-1,19,3,1,-1,0,0,0,0,0,0,3,1,-1,1,3,45,7,-1,-1,-1,-1,-1,-1,0,-1
2024302400111,2024,302400111,1,9,0,9,9,7,5,0,0,5,0,0,0,0,1,1,6,6,2,59,9,-1,-1,-1,-1,7,E01019642,0,2
2024010489999,2024,010489999,1,1,0,18,19,1,5,0,0,8,0,0,0,0,1,1,2,2,1,58,9,-1,-1,-1,-1,6,E01000238,0,1
2024010548275,2024,010548275,1,90,0,99,99,9,9,99,99,9,9,99,9,99,1,9,6,6,3,51,8,-1,-1,-1,-1,2,E01004198,0,1
2024991429994,2024,991429994,1,9,0,-1,7,5,7,-1,0,1,0,0,0,0,2,1,-1,9,2,27,6,-1,-1,-1,-1,-1,-1,0,-1
2024622400730,2024,622400730,1,9,0,4,4,8,4,0,0,0,0,0,0,0,2,1,2,2,1,40,7,-1,-1,-1,-1,2,W01001142,0,3
2024430594300,2024,430594300,2,1,0,18,19,8,4,0,0,1,0,0,0,0,1,1,2,2,1,43,7,-1,-1,-1,-1,3,E01023348,0,4
2024549543024,2024,549543024,2,1,0,9,9,1,7,0,0,5,0,0,0,0,1,1,6,6,1,54,8,-1,-1,-1,-1,8,E01015482,0,1
2024122400487,2024,122400487,2,9,0,3,3,7,3,0,0,0,0,0,0,0,2,1,6,6,2,45,7,-1,-1,-1,-1,9,E01012998,0,3
2024010542953,2024,010542953,1,1,9,99,99,9,9,99,99,9,9,99,9,99,1,1,2,2,2,31,6,-1,-1,-1,-1,4,E01000490,0,1
2024161533000,2024,161533000,4,9,0,-1,19,3,7,-1,0,0,0,0,0,0,1,1,-1,2,1,28,6,-1,-1,-1,-1,9,E01012969,0,4
2024010520954,2024,010520954,2,9,0,7,7,9,9,99,99,9,9,99,9,99,9,9,6,6,3,-1,-1,-1,-1,-1,-1,-1,-1,0,-1
2024501397376,2024,501397376,2,90,0,-1,13,2,6,-1,0,0,5,0,0,0,3,9,-1,6,2,10,2,-1,-1,-1,-1,4,E01019007,0,1
2024221409283,2024,221409283,2,9,0,-1,19,2,6,-1,0,8,0,4,0,0,1,9,-1,9,1,30,6,-1,-1,-1,-1,3,E01014010,0,1
2024131473966,2024,131473966,2,1,0,-1,19,8,4,-1,0,0,0,0,0,0,4,1,-1,6,1,53,8,-1,-1,-1,-1,1,E01011750,0,1
2024520402310,2024,520402310,3,9,0,9,9,3,8,0,0,8,0,0,0,0,0,1,6,6,1,58,9,-1,-1,-1,-1,5,E01029053,0,1
2024052402703,2024,052402703,2,1,0,18,19,2,6,0,0,0,0,0,0,0,1,1,6,6,1,17,4,-1,-1,-1,-1,1,E01006662,0,1
2024010516163,2024,010516163,2,19,0,99,99,9,9,99,99,9,9,99,9,99,1,9,6,6,3,-1,-1,-1,-1,-1,-1,-1,-1,0,-1
2024430126630,2024,430126630,3,-1,0,18,19,2,6,0,0,0,0,0,0,0,2,1,2,2,1,21,5,-1,-1,-1,-1,10,E01028573,1,1
202460Q118295,2024,60Q118295,1,1,0,14,14,5,1,0,0,0,0,0,0,0,1,1,6,6,1,58,9,-1,-1,-1,-1,-1,-1,0,-1
2024010520463,2024,010520463,1,19,3,18,19,7,3,0,0,0,0,0,0,0,1,1,1,1,1,55,8,-1,-1,-1,-1,2,E01033712,0,2
2024010513573,2024,010513573,2,9,9,99,99,9,9,99,99,9,9,99,9,99,9,9,6,6,3,-1,-1,-1,-1,-1,-1,-1,-1,0,-1
2024131471723,2024,131471723,2,9,0,-1,19,2,6,-1,0,1,0,0,0,0,1,1,-1,1,1,33,6,-1,-1,-1,-1,7,E01011614,0,1
2024221521206,2024,221521206,2,1,0,-1,19,6,2,-1,0,8,0,0,0,0,1,1,-1,6,1,30,6,-1,-1,-1,-1,9,E01032347,0,1
2024010511649,2024,010511649,2,9,0,11,11,3,7,0,0,0,1,0,0,0,0,1,6,6,1,-1,-1,-1,-1,-1,-1,-1,-1,0,-1
2024340WN4352,2024,340WN4352,1,9,0,-1,12,4,8,-1,0,0,0,0,0,0,3,1,-1,6,3,-1,-1,-1,-1,-1,-1,-1,-1,0,-1
2024522401573,2024,522401573,1,1,0,18,19,6,2,0,0,8,0,0,0,0,1,1,6,6,1,22,5,-1,-1,-1,-1,6,E01014487,0,1
202417M111024,2024,17M111024,1,9,0,-1,9,5,3,-1,0,8,0,0,0,0,3,1,-1,9,1,-1,-1,-1,-1,-1,-1,-1,-1,0,-1
2024501442517,2024,501442517,2,1,0,-1,3,6,2,-1,0,1,0,0,1,0,3,1,-1,9,1,37,7,-1,-1,-1,-1,1,E01015046,0,1
2024461521716,2024,461521716,1,19,0,-1,5,7,3,-1,0,6,1,0,0,0,3,1,-1,9,1,54,8,-1,-1,-1,-1,6,E01024807,0,2
2024411474806,2024,411474806,2,9,0,-1,4,6,2,-1,0,1,0,0,0,0,3,1,-1,6,1,58,9,-1,-1,-1,-1,4,E01023921,0,1
2024010489475,2024,010489475,1,9,0,9,9,4,2,7,6,5,0,0,0,0,1,1,6,6,1,47,8,-1,-1,-1,-1,6,E01000332,0,1
2024520401961,2024,520401961,2,1,0,18,19,6,1,0,0,8,0,0,0,0,3,1,6,6,1,51,8,-1,-1,-1,-1,2,E01029291,0,1
2024141432335,2024,141432335,1,9,0,-1,19,7,3,-1,0,2,0,0,0,0,1,1,-1,1,1,31,6,-1,-1,-1,-1,4,E01019574,0,3
2024070184942,2024,070184942,1,9,0,4,4,3,7,0,0,0,0,0,0,0,1,2,6,6,3,-1,-1,-1,-1,-1,-1,-1,-1,0,-1
2024201447201,2024,201447201,3,9,0,-1,19,5,1,-1,0,8,1,0,0,0,1,1,-1,6,1,-1,-1,-1,-1,-1,-1,-1,-1,0,-1
2024010543435,2024,010543435,1,9,9,99,99,9,9,99,99,9,9,99,9,99,9,9,6,6,3,-1,-1,-1,-1,-1,-1,-1,-1,0,-1
2024430079729,2024,430079729,2,9,0,10,10,8,6,0,0,1,0,0,0,0,2,1,6,6,2,22,5,-1,-1,-1,-1,9,E01033851,0,3
2024131423662,2024,131423662,2,-1,0,-1,19,5,1,-1,0,8,5,0,0,0,3,1,-1,6,1,14,3,-1,-1,-1,-1,3,E01011035,1,1
2024010490829,2024,010490829,1,3,0,99,99,9,9,99,99,9,0,99,9,99,9,1,1,1,1,37,7,-1,-1,-1,-1,3,E01034204,0,2
2024430200390,2024,430200390,1,1,0,15,15,3,7,4,4,1,0,0,0,0,0,1,6,6,2,87,11,-1,-1,-1,-1,8,E01028562,0,1
2024411538486,2024,411538486,1,98,0,-1,19,1,5,-1,0,1,0,0,0,0,1,1,-1,1,1,32,6,-1,-1,-1,-1,4,E01015785,0,3
2024010494249,2024,010494249,1,1,0,18,19,7,3,4,4,0,0,0,0,0,1,1,6,6,3,-1,-1,-1,-1,-1,-1,-1,-1,0,-1
2024411427206,2024,411427206,2,9,-1,-1,-1,-1,-1,-1,-1,0,-1,-1,-1,0,-1,9,-1,6,1,40,7,-1,-1,-1,-1,3,E01023302,0,1
2024131491783,2024,131491783,1,1,0,-1,19,5,1,-1,0,1,0,0,0,0,0,1,-1,9,1,49,8,-1,-1,-1,-1,1,E01012952,0,4
2024010491905,2024,010491905,1,-1,0,15,15,7,3,0,0,1,0,0,0,0,1,1,2,2,1,19,4,-1,-1,-1,-1,2,E01003912,1,1
2024161434272,2024,161434272,2,9,0,-1,4,6,2,-1,0,0,0,0,0,0,1,1,-1,9,1,49,8,-1,-1,-1,-1,8,E01011945,0,4
2024461469292,2024,461469292,1,3,5,-1,19,1,5,-1,0,0,2,0,0,0,0,1,-1,6,2,-1,-1,-1,-1,-1,-1,-1,-1,0,-1
2024131515819,2024,131515819,1,9,0,-1,19,5,1,-1,0,0,0,0,0,0,0,1,-1,6,3,-1,-1,-1,-1,-1,-1,-1,-1,0,-1
2024010501853,2024,010501853,1,1,9,99,99,9,9,99,99,9,9,99,9,99,9,1,2,2,1,32,6,-1,-1,-1,-1,4,E01003133,0,1
2024131403025,2024,131403025,1,90,0,-1,19,8,4,-1,0,0,0,0,0,0,1,1,-1,1,1,25,5,-1,-1,-1,-1,7,E01011252,0,3
2024501501638,2024,501501638,2,22,0,-1,19,3,7,-1,0,2,5,0,0,0,3,1,-1,6,2,87,11,-1,-1,-1,-1,3,E01018998,0,1
2024052401936,2024,052401936,2,23,0,18,19,1,5,0,0,0,1,4,0,0,1,1,6,6,1,23,5,-1,-1,-1,-1,1,E01006417,0,2
2024461517341,2024,461517341,3,9,4,-1,2,8,4,-1,0,0,0,11,0,0,0,1,-1,1,1,44,7,-1,-1,-1,-1,6,E01021130,0,4
2024101470320,2024,101470320,1,9,0,-1,9,1,6,-1,0,8,0,0,0,0,1,1,-1,6,1,30,6,-1,-1,-1,-1,-1,-1,0,-1
202454A516824,2024,54A516824,2,9,0,18,19,4,8,0,0,0,0,0,0,0,0,1,6,6,3,-1,-1,-1,-1,-1,-1,-1,-1,0,-1
2024010493171,2024,010493171,1,9,0,18,19,6,2,0,0,1,0,0,0,0,1,1,6,6,1,40,7,-1,-1,-1,-1,3,E01003950,0,1
2024161501961,2024,161501961,2,9,0,-1,19,5,1,-1,0,0,0,0,0,0,1,9,-1,6,3,-1,-1,-1,-1,-1,-1,-1,-1,0,-1
2024320714410,2024,320714410,1,9,0,13,13,1,5,0,0,0,0,0,1,0,1,1,-1,-1,1,48,8,-1,-1,-1,-1,5,E01013329,0,2
2024501407436,2024,501407436,1,1,0,-1,19,5,1,-1,0,0,0,0,0,0,1,1,-1,1,1,-1,-1,-1,-1,-1,-1,-1,-1,0,-1
2024010537836,2024,010537836,2,1,9,99,99,9,9,99,99,9,9,99,9,99,9,1,6,6,2,-1,-1,-1,-1,-1,-1,-1,-1,0,-1
2024101444406,2024,101444406,2,1,0,-1,2,0,0,-1,0,0,0,0,0,0,4,1,-1,9,2,15,3,-1,-1,-1,-1,2,E01027397,0,1
2024010487849,2024,010487849,1,4,0,5,5,2,6,0,0,1,0,0,0,0,1,1,6,6,1,22,5,-1,-1,-1,-1,4,E01004329,0,2
2024201463423,2024,201463423,1,9,0,-1,19,8,4,-1,0,0,0,0,0,0,1,9,-1,6,2,60,9,-1,-1,-1,-1,7,E01029385,0,3
2024141557303,2024,141557303,4,9,0,-1,19,3,7,-1,0,0,0,0,0,0,-1,9,-1,6,3,-1,-1,-1,-1,-1,-1,-1,-1,0,-1
2024320178664,2024,320178664,2,1,0,-1,-1,8,4,0,0,0,5,0,7,0,4,1,-1,-1,2,75,10,-1,-1,-1,-1,6,E01026040,0,4
2024010497143,2024,010497143,1,3,0,99,99,9,9,99,99,9,9,99,9,99,1,1,1,1,1,26,6,-1,-1,-1,-1,4,E01001444,0,3
2024010548231,2024,010548231,1,97,0,18,19,1,5,0,0,0,0,0,0,0,1,1,6,6,3,-1,-1,-1,-1,-1,-1,-1,-1,0,-1
2024371506509,2024,371506509,1,9,0,-1,19,1,5,-1,0,8,0,0,1,0,1,1,-1,9,1,21,5,-1,-1,-1,-1,2,E01026633,0,3
2024531420851,2024,531420851,1,9,0,-1,9,3,7,-1,0,8,0,0,0,0,1,1,-1,9,1,19,4,-1,-1,-1,-1,5,E01022268,0,1
2024201510071,2024,201510071,1,9,0,-1,19,1,1,-1,0,0,0,4,0,0,1,9,-1,6,3,20,4,-1,-1,-1,-1,-1,-1,0,-1
2024061484275,2024,061484275,1,9,0,-1,4,3,7,-1,0,1,0,0,0,0,1,1,-1,9,1,58,9,-1,-1,-1,-1,-1,-1,0,-1
2024430113236,2024,430113236,1,9,0,14,14,1,5,0,0,0,5,4,0,0,1,1,6,6,2,23,5,-1,-1,-1,-1,4,E01028440,0,1
2024430108873,2024,430108873,2,1,0,18,19,3,7,0,0,1,0,0,0,0,2,1,2,2,1,61,9,-1,-1,-1,-1,-1,-1,0,-1
2024231438725,2024,231438725,2,1,0,-1,19,7,4,-1,0,8,0,0,0,0,1,1,-1,9,1,26,6,-1,-1,-1,-1,3,E01031008,0,1
2024411459366,2024,411459366,2,9,0,-1,-1,-1,-1,-1,-1,-1,-1,-1,-1,0,2,1,-1,9,1,76,11,-1,-1,-1,-1,6,E01023462,0,1
2024481564378,2024,481564378,1,1,0,-1,19,7,3,-1,0,2,0,0,0,0,1,1,-1,2,1,27,6,-1,-1,-1,-1,-1,-1,0,-1
2024991409609,2024,991409609,2,1,0,-1,19,3,7,-1,0,8,5,0,0,0,1,1,-1,2,1,60,9,-1,-1,-1,-1,8,-1,0,1
2024010496482,2024,010496482,2,9,0,2,2,0,0,0,0,0,0,0,0,0,2,1,6,6,3,-1,-1,-1,-1,-1,-1,-1,-1,0,-1
2024351430862,2024,351430862,2,9,0,-1,19,2,6,-1,0,1,0,0,0,0,1,1,-1,2,2,41,7,-1,-1,-1,-1,9,E01035559,0,3
2024311461663,2024,311461663,1,-1,0,-1,19,3,7,-1,0,0,0,0,0,0,1,1,-1,6,1,19,4,-1,-1,-1,-1,-1,-1,1,-1
2024052401502,2024,052401502,1,9,0,7,7,1,5,0,0,4,0,0,0,0,4,1,6,6,3,-1,-1,-1,-1,-1,-1,-1,-1,0,-1
2024320421586,2024,320421586,1,9,0,1,1,5,1,0,0,0,0,0,0,0,2,1,6,6,2,-1,-1,-1,-1,-1,-1,-1,-1,0,-1
2024471467909,2024,471467909,2,1,0,-1,19,2,6,-1,0,2,0,0,0,0,2,1,-1,6,2,54,8,-1,-1,-1,-1,6,E01016890,0,1
2024010492851,2024,010492851,1,3,0,99,99,9,9,99,99,0,9,99,9,99,1,1,1,1,3,35,6,-1,-1,-1,-1,5,E01030751,0,2
2024010535612,2024,010535612,2,1,0,3,3,1,5,0,0,1,0,0,0,0,2,1,2,2,1,47,8,-1,-1,-1,-1,7,E01002986,0,1
2024501480949,2024,501480949,1,9,0,-1,19,7,3,-1,0,6,1,0,1,4,1,1,-1,6,1,45,7,-1,-1,-1,-1,7,E01019920,0,1
2024401506980,2024,401506980,1,9,0,-1,-1,-1,-1,-1,-1,0,-1,-1,-1,0,-1,9,-1,6,3,-1,-1,-1,-1,-1,-1,-1,-1,0,-1
2024340WN3152,2024,340WN3152,1,5,0,-1,19,1,5,-1,0,3,1,0,0,0,2,1,-1,9,1,41,7,-1,-1,-1,-1,5,E01027134,0,1
2024131517155,2024,131517155,2,1,0,-1,7,6,2,-1,0,1,5,0,0,0,3,1,-1,2,1,31,6,-1,-1,-1,-1,8,E01011694,0,1
2024631472935,2024,631472935,2,9,0,-1,2,0,0,-1,0,0,0,0,0,0,4,1,-1,6,-1,-1,-1,-1,-1,-1,-1,-1,-1,0,-1
2024111420620,2024,111420620,1,9,0,-1,7,2,4,-1,0,6,0,0,0,0,0,9,-1,6,3,-1,-1,-1,-1,-1,-1,-1,-1,0,-1
2024552401003,2024,552401003,2,1,0,18,19,8,4,9,9,8,0,0,0,0,1,1,6,6,1,15,3,-1,-1,-1,-1,6,E01015392,0,1
2024010512887,2024,010512887,2,3,9,99,99,7,3,99,99,9,9,99,9,99,9,1,6,6,3,-1,-1,-1,-1,-1,-1,-1,-1,0,-1
2024061409762,2024,061409762,1,1,-1,-1,-1,-1,-1,-1,-1,-1,-1,-1,-1,0,-1,1,-1,6,1,27,6,-1,-1,-1,-1,3,E01005181,0,1
2024320694453,2024,320694453,1,9,0,7,7,2,6,0,0,6,0,0,0,0,3,1,6,6,1,-1,-1,-1,-1,-1,-1,-1,-1,0,-1
2024010547493,2024,010547493,2,9,0,99,99,9,9,99,99,9,9,99,9,99,9,9,6,6,3,-1,-1,-1,-1,-1,-1,8,E01000136,0,1
2024010488959,2024,010488959,1,9,0,18,19,1,5,0,0,1,0,0,0,0,3,1,6,6,1,52,8,-1,-1,-1,-1,4,E01034210,0,2
2024430281635,2024,430281635,2,1,0,7,7,7,1,0,0,5,0,0,0,0,3,1,6,6,2,50,8,-1,-1,-1,-1,10,E01028824,0,1
2024501445129,2024,501445129,1,9,0,-1,19,4,8,-1,0,8,1,0,0,0,1,9,-1,6,2,-1,-1,-1,-1,-1,-1,-1,-1,0,-1
2024430556985,2024,430556985,1,-1,0,18,19,3,7,0,0,0,0,0,0,0,3,1,6,6,1,23,5,-1,-1,-1,-1,3,E01016738,1,1
2024161497745,2024,161497745,1,9,0,-1,10,1,7,-1,0,1,0,0,9,0,9,9,-1,6,2,-1,-1,-1,-1,-1,-1,-1,-1,0,-1
2024361519659,2024,361519659,1,9,0,-1,19,1,5,-1,0,0,0,0,0,0,1,1,-1,6,1,41,7,-1,-1,-1,-1,2,E01026821,0,1
2024010505566,2024,010505566,1,1,9,99,99,9,9,99,99,9,9,99,9,99,2,1,2,2,2,27,6,-1,-1,-1,-1,6,E01002005,0,1
2024522403288,2024,522403288,1,9,0,18,19,2,6,0,0,8,0,0,0,0,1,1,6,6,3,-1,-1,-1,-1,-1,-1,-1,-1,0,-1
2024552500023,2024,552500023,1,9,0,18,19,3,7,0,0,8,0,0,0,0,1,1,6,6,1,44,7,-1,-1,-1,-1,5,E01020587,0,4
2024340WN1912,2024,340WN1912,1,9,0,-1,19,2,6,-1,0,3,1,4,0,7,3,1,-1,6,1,22,5,-1,-1,-1,-1,3,E01027191,0,1
2024522500049,2024,522500049,2,1,0,3,3,2,6,0,0,1,0,0,0,0,1,1,6,6,1,38,7,-1,-1,-1,-1,8,E01014507,0,1
2024010492915,2024,010492915,1,3,0,99,99,9,9,99,99,9,9,99,9,99,1,1,1,1,3,33,6,-1,-1,-1,-1,4,E01004453,0,1
2024430296263,2024,430296263,1,9,0,18,19,6,2,0,0,0,0,0,0,0,1,1,2,2,2,40,7,-1,-1,-1,-1,-1,-1,0,-1
2024010520041,2024,010520041,2,1,0,18,19,7,3,0,0,1,0,0,0,0,1,1,1,1,1,19,4,-1,-1,-1,-1,4,E01002490,0,3
2024010527144,2024,010527144,1,9,0,99,99,9,9,99,99,9,9,99,9,99,9,1,6,6,3,-1,-1,-1,-1,-1,-1,-1,-1,0,-1
2024311445656,2024,311445656,1,90,-1,-1,19,7,3,-1,0,1,0,0,0,0,3,9,-1,6,1,-1,-1,-1,-1,-1,-1,-1,-1,0,-1