collision_index,collision_year,collision_ref_no,vehicle_reference,vehicle_type,towing_and_articulation,vehicle_manoeuvre_historic,vehicle_manoeuvre,vehicle_direction_from,vehicle_direction_to,vehicle_location_restricted_lane_historic,vehicle_location_restricted_lane,junction_location,skidding_and_overturning,hit_object_in_carriageway,vehicle_leaving_carriageway,hit_object_off_carriageway,first_point_of_impact,vehicle_left_hand_drive,journey_purpose_of_driver_historic,journey_purpose_of_driver,sex_of_driver,age_of_driver,age_band_of_driver,engine_capacity_cc,propulsion_code,age_of_vehicle,generic_make_model,driver_imd_decile,lsoa_of_driver,escooter_flag,driver_distance_banding
2024461511278,2024,461511278,1,9,0,-1,19,6,3,-1,0,1,0,0,0,0,4,9,-1,6,1,22,5,-1,-1,-1,-1,5,E01024086,0,2
2024010515715,2024,010515715,2,1,0,18,19,1,5,4,4,8,0,0,0,0,1,1,2,2,1,30,6,-1,-1,-1,-1,1,E01000596,0,1
2024010488265,2024,010488265,1,9,0,99,99,9,9,99,99,9,9,99,9,99,1,9,6,6,3,-1,-1,-1,-1,-1,-1,-1,-1,0,-1
2024010536525,2024,010536525,1,9,0,99,99,9,9,99,99,9,9,99,9,99,9,9,6,6,3,-1,-1,-1,-1,-1,-1,-1,-1,0,-1
2024041497010,2024,041497010,2,1,0,-1,19,-1,-1,-1,0,1,0,0,0,0,-1,1,-1,6,1,67,10,-1,-1,-1,-1,8,E01024862,0,1
2024101433097,2024,101433097,1,9,0,-1,19,6,2,-1,0,0,0,0,0,0,1,9,-1,6,1,-1,-1,-1,-1,-1,-1,-1,-1,0,-1
2024411464733,2024,411464733,1,9,0,-1,11,3,7,-1,0,0,0,0,0,0,2,1,-1,6,2,23,5,-1,-1,-1,-1,3,E01023348,0,3
2024161462386,2024,161462386,2,1,0,-1,19,1,5,-1,0,1,0,0,0,0,2,1,-1,6,1,41,7,-1,-1,-1,-1,8,E01012955,0,1
2024451449631,2024,451449631,2,1,0,-1,19,3,7,-1,5,0,5,0,1,0,2,1,-1,9,1,48,8,-1,-1,-1,-1,9,E01030552,0,1
2024010489560,2024,010489560,1,9,0,99,99,9,9,99,99,0,9,99,9,99,9,9,6,6,3,-1,-1,-1,-1,-1,-1,-1,-1,0,-1
2024991468090,2024,991468090,1,9,0,-1,19,6,2,-1,0,0,0,0,0,0,1,1,-1,9,1,66,10,-1,-1,-1,-1,10,-1,0,1
2024320178165,2024,320178165,1,9,0,-1,-1,2,6,0,0,1,0,0,1,0,1,1,6,6,1,57,9,-1,-1,-1,-1,1,E01026176,0,1
2024302400012,2024,302400012,1,9,0,18,19,3,7,0,0,2,0,0,0,0,1,1,6,6,3,-1,-1,-1,-1,-1,-1,5,E01019456,0,3
2024531466291,2024,531466291,2,9,0,-1,9,1,5,-1,0,8,0,0,0,0,2,1,-1,1,1,54,8,-1,-1,-1,-1,9,E01022429,0,3
2024122401087,2024,122401087,2,1,0,18,19,1,5,0,0,8,0,0,0,0,2,1,1,1,1,45,7,-1,-1,-1,-1,10,E01027719,0,1
2024461403826,2024,461403826,1,9,0,-1,19,3,7,-1,0,0,0,0,0,0,1,9,-1,6,1,23,5,-1,-1,-1,-1,9,E01024088,0,1
2024421481128,2024,421481128,1,1,0,-1,19,3,7,-1,0,1,0,0,0,0,0,1,-1,9,1,77,11,-1,-1,-1,-1,10,E01021517,0,3
2024010528317,2024,010528317,2,8,0,99,99,9,9,99,99,9,9,99,9,99,1,9,6,6,3,-1,-1,-1,-1,-1,-1,-1,-1,0,-1
2024010523018,2024,010523018,2,1,0,9,9,3,2,0,0,8,0,0,0,0,3,1,6,6,2,11,3,-1,-1,-1,-1,6,E01003100,0,1
2024131505673,2024,131505673,2,9,0,-1,19,6,2,-1,0,0,1,10,0,0,1,1,-1,6,2,34,6,-1,-1,-1,-1,8,E01011514,0,3
2024631528073,2024,631528073,2,98,0,-1,19,2,6,-1,0,8,0,0,0,0,1,1,-1,6,1,23,5,-1,-1,-1,-1,7,W01000651,0,1
2024430420946,2024,430420946,1,90,0,18,19,4,8,0,0,1,0,0,0,0,4,1,2,2,1,37,7,-1,-1,-1,-1,3,E01017709,0,1
2024221484891,2024,221484891,1,5,0,-1,19,4,8,-1,0,0,1,0,0,0,3,1,-1,9,1,72,10,-1,-1,-1,-1,9,E01016800,0,5
2024201478136,2024,201478136,3,9,0,-1,2,0,0,-1,0,0,0,0,0,0,2,9,-1,6,3,-1,-1,-1,-1,-1,-1,-1,-1,0,-1
2024201394595,2024,201394595,1,9,0,-1,19,8,4,-1,0,2,0,0,0,0,1,9,-1,6,3,40,7,-1,-1,-1,-1,-1,-1,0,-1
2024052401813,2024,052401813,2,1,0,18,19,6,2,0,0,1,0,0,0,0,3,1,6,6,1,36,7,-1,-1,-1,-1,1,E01006739,0,2
2024531393655,2024,531393655,1,1,0,-1,7,6,2,-1,0,0,1,0,0,0,3,1,-1,9,1,80,11,-1,-1,-1,-1,6,E01022262,0,2
2024101469892,2024,101469892,2,23,0,-1,19,1,5,-1,0,0,0,0,0,0,1,1,-1,6,1,18,4,-1,-1,-1,-1,1,E01008291,0,2
2024991453581,2024,991453581,1,1,0,-1,19,1,6,-1,0,0,5,0,7,0,1,1,-1,9,1,19,4,-1,-1,-1,-1,2,-1,0,1
2024531478311,2024,531478311,2,1,0,-1,19,3,7,-1,0,8,2,0,0,0,4,1,-1,6,1,18,4,-1,-1,-1,-1,-1,-1,0,-1
2024010491342,2024,010491342,1,11,0,5,5,7,3,0,0,2,0,0,0,0,1,1,1,1,1,23,5,-1,-1,-1,-1,4,E01004212,0,1
2024010492894,2024,010492894,2,9,0,99,99,9,9,99,99,9,9,99,9,99,9,9,6,6,3,-1,-1,-1,-1,-1,-1,-1,-1,0,-1
2024010515649,2024,010515649,2,9,0,99,99,9,9,99,99,0,9,99,9,99,9,9,6,6,3,-1,-1,-1,-1,-1,-1,-1,-1,0,-1
2024010492488,2024,010492488,2,-1,0,3,3,3,7,0,0,8,0,0,0,0,4,1,6,6,1,45,7,-1,-1,-1,-1,2,E01003966,1,1
2024201479922,2024,201479922,3,9,0,-1,3,8,4,-1,0,0,0,0,0,0,0,9,-1,6,-1,-1,-1,-1,-1,-1,-1,-1,-1,0,-1
2024070975884,2024,070975884,1,9,0,-1,3,5,1,-1,0,1,0,0,0,0,1,1,-1,6,3,30,6,-1,-1,-1,-1,-1,-1,0,-1
2024010516963,2024,010516963,1,1,9,99,99,9,9,4,4,0,9,99,9,99,2,1,2,2,1,18,4,-1,-1,-1,-1,3,E01003182,0,2
2024010496093,2024,010496093,2,9,0,9,9,5,3,0,0,1,1,0,0,0,4,1,6,6,1,21,5,-1,-1,-1,-1,6,E01001266,0,2
2024010544124,2024,010544124,1,9,0,99,99,9,9,99,99,9,9,99,9,99,9,9,6,6,3,-1,-1,-1,-1,-1,-1,-1,-1,0,-1
2024010494994,2024,010494994,1,3,0,99,99,9,9,99,99,9,9,99,9,99,9,1,1,1,1,32,6,-1,-1,-1,-1,6,E01002661,0,1
2024010491919,2024,010491919,1,9,0,99,99,9,9,99,99,9,9,99,9,99,9,9,6,6,3,30,6,-1,-1,-1,-1,7,E01004493,0,2
2024320504379,2024,320504379,2,9,0,2,2,0,0,0,0,0,0,0,0,0,4,1,6,6,3,-1,-1,-1,-1,-1,-1,-1,-1,0,-1
2024161402096,2024,161402096,1,9,0,-1,3,3,7,-1,0,0,0,0,0,0,2,9,-1,1,2,18,4,-1,-1,-1,-1,9,E01012813,0,1
2024311400229,2024,311400229,2,1,0,-1,19,1,5,-1,0,8,0,0,0,0,2,1,-1,6,1,45,7,-1,-1,-1,-1,9,E01028386,0,2
2024430014672,2024,430014672,2,9,0,18,19,2,6,0,0,0,0,0,0,0,1,1,6,6,2,42,7,-1,-1,-1,-1,6,E01017911,0,3
2024440425114,2024,440425114,1,1,0,4,4,3,7,0,0,1,0,0,0,0,0,1,6,6,1,62,9,-1,-1,-1,-1,4,E01017129,0,1
2024061495233,2024,061495233,1,9,0,-1,19,8,4,-1,0,0,0,0,3,0,0,1,-1,6,3,-1,-1,-1,-1,-1,-1,-1,-1,0,-1
2024122400946,2024,122400946,2,19,0,16,19,1,5,0,0,0,0,0,0,0,1,1,6,6,2,50,8,-1,-1,-1,-1,8,E01027556,0,2
2024101465151,2024,101465151,2,9,0,-1,19,2,6,-1,0,8,0,0,0,0,1,1,-1,9,2,32,6,-1,-1,-1,-1,2,E01008186,0,1
2024201462734,2024,201462734,1,97,0,-1,19,6,2,-1,0,8,0,0,0,0,1,1,-1,6,1,18,4,-1,-1,-1,-1,-1,-1,0,-1
2024010506320,2024,010506320,2,1,0,13,13,1,5,0,0,2,0,0,0,0,3,1,2,2,1,23,5,-1,-1,-1,-1,2,E01001900,0,1
2024440068968,2024,440068968,1,9,0,18,19,6,2,0,0,1,0,0,0,0,1,1,6,6,1,61,9,-1,-1,-1,-1,7,E01035448,0,1
2024010544645,2024,010544645,2,9,0,99,99,9,9,99,99,9,9,99,9,99,1,9,6,6,1,23,5,-1,-1,-1,-1,5,E01002302,0,2
2024041479380,2024,041479380,1,1,0,-1,19,3,7,-1,0,2,0,0,0,0,4,1,-1,9,1,22,5,-1,-1,-1,-1,2,E01025152,0,1
2024302400308,2024,302400308,4,19,0,7,7,8,2,0,0,6,0,0,0,0,0,1,6,6,3,-1,-1,-1,-1,-1,-1,5,E01019456,0,4
2024991421128,2024,991421128,1,9,0,-1,1,3,7,-1,9,0,0,0,0,0,2,1,-1,9,2,20,4,-1,-1,-1,-1,-1,-1,0,-1
2024302401545,2024,302401545,2,1,0,18,19,2,6,0,0,0,0,0,0,0,4,1,6,6,2,7,2,-1,-1,-1,-1,1,E01019663,0,1
2024010504205,2024,010504205,2,1,0,18,19,5,1,0,0,1,0,0,1,0,1,1,2,2,1,31,6,-1,-1,-1,-1,5,E01001984,0,1
2024522401799,2024,522401799,1,1,0,18,19,6,2,0,0,0,0,0,0,0,3,1,6,6,1,41,7,-1,-1,-1,-1,2,E01014661,0,1
2024430306937,2024,430306937,1,9,0,9,9,5,4,0,0,1,0,11,0,0,3,1,6,6,1,84,11,-1,-1,-1,-1,-1,-1,0,-1
2024010506188,2024,010506188,3,9,0,99,99,9,9,99,99,9,9,99,9,99,9,9,6,6,3,-1,-1,-1,-1,-1,-1,-1,-1,0,-1
2024430022348,2024,430022348,1,9,0,18,19,8,4,0,0,1,2,0,7,0,3,1,6,6,1,18,4,-1,-1,-1,-1,5,E01015587,0,4
2024332400347,2024,332400347,1,9,0,-1,19,1,5,-1,0,0,0,0,0,0,3,1,-1,9,1,53,8,-1,-1,-1,-1,3,E01013658,0,1
2024061426042,2024,061426042,1,9,0,-1,3,1,1,-1,0,1,0,0,0,0,1,2,-1,6,-1,20,4,-1,-1,-1,-1,-1,-1,0,-1
202417L305024,2024,17L305024,1,9,0,-1,19,4,8,-1,0,8,0,0,0,0,1,1,-1,9,2,61,9,-1,-1,-1,-1,5,E01032560,0,1
2024041476926,2024,041476926,1,9,0,-1,19,1,5,-1,0,4,0,0,0,0,1,1,-1,9,1,72,10,-1,-1,-1,-1,3,E01012726,0,1
2024991472789,2024,991472789,1,1,0,-1,4,6,3,-1,0,4,0,0,0,0,2,1,-1,9,1,79,11,-1,-1,-1,-1,4,-1,0,3
2024161443959,2024,161443959,2,1,0,-1,19,3,7,-1,9,0,0,0,0,0,3,1,-1,9,1,16,4,-1,-1,-1,-1,9,E01035479,0,1
2024010537137,2024,010537137,1,9,0,99,99,9,9,99,99,9,9,99,9,99,9,9,6,6,3,-1,-1,-1,-1,-1,-1,-1,-1,0,-1
2024440312005,2024,440312005,1,9,0,18,19,5,3,0,0,0,0,0,0,0,1,1,6,6,3,-1,-1,-1,-1,-1,-1,-1,-1,0,-1
2024010519523,2024,010519523,2,9,0,99,99,9,9,99,99,9,9,99,9,99,2,9,6,6,3,-1,-1,-1,-1,-1,-1,-1,-1,0,-1
2024311536082,2024,311536082,3,99,0,-1,5,5,1,-1,0,0,0,0,0,0,0,9,-1,6,3,17,4,-1,-1,-1,-1,-1,-1,0,-1
2024430302042,2024,430302042,1,9,0,5,5,9,9,0,0,4,0,0,0,0,1,1,3,7,2,32,6,-1,-1,-1,-1,-1,-1,0,-1
2024430440632,2024,430440632,2,19,0,4,4,4,8,0,0,3,0,0,0,0,2,1,1,1,1,44,7,-1,-1,-1,-1,6,E01020143,0,5
2024451421218,2024,451421218,2,1,0,-1,19,7,3,-1,0,0,0,0,0,0,1,1,-1,6,3,45,7,-1,-1,-1,-1,-1,-1,0,-1
2024421489900,2024,421489900,1,9,0,-1,19,1,5,-1,0,4,0,0,0,0,2,1,-1,6,1,-1,-1,-1,-1,-1,-1,-1,-1,0,-1
2024052400883,2024,052400883,1,9,0,18,19,3,7,0,0,0,0,0,0,0,1,1,6,6,3,-1,-1,-1,-1,-1,-1,-1,-1,0,-1
2024010534667,2024,010534667,2,9,0,99,99,9,9,99,99,9,9,99,9,99,9,9,6,6,3,-1,-1,-1,-1,-1,-1,-1,-1,0,-1
2024610024324,2024,610024324,1,9,0,5,5,0,8,0,0,0,0,0,0,0,0,1,6,6,2,43,7,-1,-1,-1,-1,6,W01001908,0,1
2024371494144,2024,371494144,2,1,0,-1,19,7,3,-1,0,0,5,0,0,0,2,1,-1,6,2,65,9,-1,-1,-1,-1,6,E01030057,0,1
2024522500431,2024,522500431,2,19,0,12,12,6,2,0,0,2,0,0,0,0,3,1,6,6,1,-1,-1,-1,-1,-1,-1,-1,-1,0,-1
2024451394021,2024,451394021,1,98,0,-1,19,1,5,-1,0,1,0,0,0,0,1,1,-1,2,1,34,6,-1,-1,-1,-1,5,E01032724,0,4
2024122400477,2024,122400477,3,9,0,4,4,7,3,0,0,0,0,0,0,0,2,1,6,6,1,47,8,-1,-1,-1,-1,10,E01011376,0,3
2024010496131,2024,010496131,3,9,0,99,99,9,9,99,99,9,9,99,9,99,2,9,6,6,3,33,6,-1,-1,-1,-1,-1,-1,0,-1
2024351496093,2024,351496093,2,1,0,-1,5,-1,-1,-1,0,0,0,0,0,0,3,1,-1,9,2,27,6,-1,-1,-1,-1,4,E01015692,0,1
2024430549999,2024,430549999,1,1,0,18,19,8,4,0,0,2,0,0,0,0,3,1,2,2,1,16,4,-1,-1,-1,-1,4,E01016455,0,1
2024010493846,2024,010493846,2,1,0,18,19,1,5,4,4,1,0,0,0,0,3,1,2,2,1,42,7,-1,-1,-1,-1,9,E01004191,0,1
2024311536396,2024,311536396,2,1,0,-1,19,5,1,-1,0,1,0,0,0,0,1,1,-1,1,1,52,8,-1,-1,-1,-1,-1,-1,0,-1
2024010525363,2024,010525363,2,1,0,18,19,5,1,0,0,0,0,0,0,0,1,1,6,6,1,19,4,-1,-1,-1,-1,2,E01000525,0,1
2024010491059,2024,010491059,1,90,0,99,99,9,9,99,99,9,9,99,9,99,1,9,6,6,3,-1,-1,-1,-1,-1,-1,-1,-1,0,-1
2024421494204,2024,421494204,1,5,0,-1,19,3,6,-1,0,8,1,0,0,0,4,1,-1,9,1,79,11,-1,-1,-1,-1,9,E01021873,0,2
2024161411715,2024,161411715,2,9,0,-1,4,3,7,-1,0,0,0,0,0,0,2,1,-1,2,1,22,5,-1,-1,-1,-1,10,E01013275,0,1
2024471496889,2024,471496889,1,1,0,-1,9,3,1,-1,9,5,0,0,0,0,3,1,-1,6,1,12,3,-1,-1,-1,-1,7,E01021025,0,1
2024302400489,2024,302400489,2,9,0,9,9,5,2,0,0,8,0,0,0,0,4,1,1,1,1,29,6,-1,-1,-1,-1,8,E01025951,0,1
2024302400204,2024,302400204,1,9,0,18,19,7,3,0,0,1,0,0,0,0,1,1,6,6,3,-1,-1,-1,-1,-1,-1,5,E01019456,0,3
2024070886378,2024,070886378,2,1,0,-1,19,1,4,-1,0,4,0,0,0,0,3,1,-1,6,1,54,8,-1,-1,-1,-1,6,E01034675,0,1
2024471530374,2024,471530374,2,9,0,-1,15,1,5,-1,0,1,0,0,0,0,4,9,-1,6,3,-1,-1,-1,-1,-1,-1,-1,-1,0,-1
2024010486866,2024,010486866,1,9,0,18,19,1,5,0,0,0,0,0,0,0,1,1,6,6,1,18,4,-1,-1,-1,-1,2,E01003176,0,1
2024221499097,2024,221499097,1,9,0,-1,19,3,7,-1,0,1,0,0,0,0,1,1,-1,6,1,37,7,-1,-1,-1,-1,2,E01014199,0,2
2024522402989,2024,522402989,2,22,0,18,19,1,5,0,0,1,0,0,0,0,2,1,6,6,2,47,8,-1,-1,-1,-1,1,E01014829,0,1
202417S105924,2024,17S105924,2,9,0,-1,7,1,3,-1,0,6,0,0,0,0,1,1,-1,9,1,53,8,-1,-1,-1,-1,-1,-1,0,-1
2024101402003,2024,101402003,1,9,0,-1,19,1,5,-1,0,0,0,0,0,0,1,1,-1,9,2,80,11,-1,-1,-1,-1,-1,-1,0,-1
2024421530679,2024,421530679,2,9,0,-1,3,7,3,-1,0,1,0,0,0,0,2,1,-1,6,2,40,7,-1,-1,-1,-1,8,E01021948,0,2
2024010528240,2024,010528240,1,1,0,18,19,1,5,0,0,3,1,0,0,0,1,1,1,1,1,35,6,-1,-1,-1,-1,3,E01002445,0,1
2024991497173,2024,991497173,2,9,0,-1,19,4,8,-1,0,0,0,0,0,0,2,1,-1,9,1,57,9,-1,-1,-1,-1,-1,-1,0,-1
2024440398423,2024,440398423,2,9,0,18,19,2,6,0,0,6,0,0,0,0,1,1,6,6,3,-1,-1,-1,-1,-1,-1,-1,-1,0,-1
2024201397197,2024,201397197,1,11,0,-1,19,2,6,-1,0,4,0,0,0,0,1,1,-1,1,1,-1,-1,-1,-1,-1,-1,-1,-1,0,-1
2024610048924,2024,610048924,2,19,0,18,19,8,4,0,0,0,0,0,0,0,1,1,6,6,3,-1,-1,-1,-1,-1,-1,-1,-1,0,-1
2024101457817,2024,101457817,1,9,0,-1,12,5,1,-1,0,0,0,0,0,0,3,1,-1,9,1,19,4,-1,-1,-1,-1,3,E01027359,0,4
2024010489250,2024,010489250,1,9,0,16,19,7,3,0,0,0,0,0,0,0,1,1,6,6,2,84,11,-1,-1,-1,-1,6,E01002218,0,1
2024201438519,2024,201438519,2,9,0,-1,19,2,7,-1,0,8,0,0,0,0,2,9,-1,6,1,22,5,-1,-1,-1,-1,-1,-1,0,-1
2024131506104,2024,131506104,1,9,0,-1,-1,-1,-1,-1,-1,-1,-1,-1,-1,-1,-1,1,-1,6,3,-1,-1,-1,-1,-1,-1,-1,-1,0,-1
2024010499269,2024,010499269,3,9,9,99,99,9,9,99,99,9,9,99,9,99,9,9,6,6,1,79,11,-1,-1,-1,-1,3,E01003960,0,2
2024461468672,2024,461468672,1,9,0,-1,19,8,4,-1,0,0,0,0,0,0,1,9,-1,6,3,-1,-1,-1,-1,-1,-1,-1,-1,0,-1
2024332401252,2024,332401252,2,9,0,-1,2,0,0,-1,0,0,0,0,0,0,1,1,-1,6,3,-1,-1,-1,-1,-1,-1,-1,-1,0,-1
2024010532604,2024,010532604,1,1,9,99,99,9,9,99,99,9,9,8,9,99,9,1,6,6,1,42,7,-1,-1,-1,-1,4,E01004331,0,1
2024010518111,2024,010518111,2,1,0,18,19,1,5,0,0,1,5,0,0,0,4,1,6,6,1,65,9,-1,-1,-1,-1,9,E01004505,0,1
2024332400822,2024,332400822,2,9,0,-1,19,8,4,-1,0,0,0,0,0,0,3,1,-1,6,2,-1,-1,-1,-1,-1,-1,-1,-1,0,-1
2024010488899,2024,010488899,2,9,0,99,99,9,9,99,99,9,9,99,9,99,0,9,6,6,3,-1,-1,-1,-1,-1,-1,-1,-1,0,-1
2024501505939,2024,501505939,1,9,0,-1,5,6,4,-1,0,0,0,0,0,0,1,1,-1,9,2,77,11,-1,-1,-1,-1,4,E01034640,0,1
2024451412172,2024,451412172,1,9,0,-1,19,5,1,-1,0,1,0,0,0,0,1,1,-1,9,1,43,7,-1,-1,-1,-1,2,E01013899,0,5
2024201433713,2024,201433713,2,90,0,-1,19,6,2,-1,0,8,0,0,0,0,1,9,-1,6,1,35,6,-1,-1,-1,-1,6,E01010200,0,2
2024320052190,2024,320052190,2,9,0,-1,-1,6,2,0,0,0,0,0,1,0,1,1,6,6,1,53,8,-1,-1,-1,-1,5,E01026286,0,3
2024010520861,2024,010520861,2,1,0,13,13,7,3,0,0,0,0,0,0,0,1,1,6,6,1,16,4,-1,-1,-1,-1,7,E01001598,0,1
2024010494744,2024,010494744,2,3,0,18,19,5,1,0,0,0,0,0,0,0,1,1,6,6,1,16,4,-1,-1,-1,-1,6,E01003705,0,1
2024211533680,2024,211533680,1,9,0,-1,19,7,3,-1,0,0,1,0,0,0,1,1,-1,6,1,64,9,-1,-1,-1,-1,-1,-1,0,-1
2024010549846,2024,010549846,2,1,0,18,19,1,5,0,0,1,0,0,7,0,1,1,6,6,1,48,8,-1,-1,-1,-1,2,E01002002,0,1
2024201514897,2024,201514897,2,-1,0,-1,5,3,7,-1,0,0,0,0,0,0,1,1,-1,6,1,20,4,-1,-1,-1,-1,7,E01009811,1,1
2024531475592,2024,531475592,1,9,0,-1,8,7,3,-1,0,6,0,0,0,0,1,9,-1,6,3,-1,-1,-1,-1,-1,-1,-1,-1,0,-1
2024991437883,2024,991437883,1,1,0,-1,19,5,1,-1,0,1,0,0,0,0,1,1,-1,6,1,12,3,-1,-1,-1,-1,-1,-1,0,-1
202454A396624,2024,54A396624,1,9,0,4,4,8,4,0,0,0,0,2,0,0,1,1,6,6,1,58,9,-1,-1,-1,-1,-1,-1,0,-1
2024010493131,2024,010493131,1,9,0,5,5,5,1,0,0,3,0,0,0,0,3,2,1,1,1,42,7,-1,-1,-1,-1,7,E01004192,0,1
2024522401799,2024,522401799,2,9,0,13,13,6,2,0,0,0,0,0,0,0,4,1,6,6,3,-1,-1,-1,-1,-1,-1,-1,-1,0,-1
2024471499385,2024,471499385,1,97,0,-1,15,3,7,-1,0,0,0,0,0,0,4,1,-1,6,3,-1,-1,-1,-1,-1,-1,-1,-1,0,-1
2024010490477,2024,010490477,1,5,0,99,99,9,9,99,99,9,9,99,9,99,2,1,6,6,1,66,10,-1,-1,-1,-1,9,E01000446,0,4
2024010530098,2024,010530098,2,9,0,18,19,5,1,0,0,1,0,0,0,0,4,1,6,6,3,-1,-1,-1,-1,-1,-1,-1,-1,0,-1
2024231532373,2024,231532373,1,9,0,-1,19,-1,-1,-1,-1,0,0,0,-1,0,4,9,-1,6,3,-1,-1,-1,-1,-1,-1,-1,-1,0,-1
2024010488758,2024,010488758,1,8,9,99,99,9,9,99,99,9,9,99,9,99,9,9,1,1,1,-1,-1,-1,-1,-1,-1,3,E01004123,0,2
2024471460274,2024,471460274,1,9,0,-1,4,1,5,-1,0,1,0,0,0,0,4,1,-1,9,1,46,8,-1,-1,-1,-1,3,E01020971,0,2
2024440105684,2024,440105684,2,9,0,4,4,8,4,0,0,1,0,0,0,0,2,1,1,1,2,66,10,-1,-1,-1,-1,10,E01023040,0,3
2024471467277,2024,471467277,2,19,0,-1,19,8,5,-1,0,0,0,0,0,0,1,1,-1,9,1,36,7,-1,-1,-1,-1,6,E01031396,0,1
2024010493636,2024,010493636,1,9,0,18,19,1,5,0,0,4,0,0,0,0,1,1,6,6,1,34,6,-1,-1,-1,-1,5,E01002635,0,1
2024010537610,2024,010537610,1,1,9,99,99,9,9,99,99,9,9,99,9,99,1,1,6,6,1,58,9,-1,-1,-1,-1,4,E01003145,0,1
2024440108997,2024,440108997,1,9,0,16,19,8,3,0,0,0,0,0,0,0,1,1,6,6,1,73,10,-1,-1,-1,-1,9,E01033851,0,3
2024461500459,2024,461500459,1,90,0,-1,19,3,7,-1,0,0,0,0,0,0,1,1,-1,1,1,30,6,-1,-1,-1,-1,8,E01021340,0,4
2024501433939,2024,501433939,1,9,0,-1,4,3,7,-1,0,1,0,0,0,0,1,2,-1,6,1,76,11,-1,-1,-1,-1,9,E01020171,0,2
2024610038624,2024,610038624,2,1,0,18,19,7,3,0,0,1,0,0,0,0,2,1,6,6,1,39,7,-1,-1,-1,-1,6,W01001344,0,1
2024610024924,2024,610024924,1,1,0,18,19,5,1,0,0,8,0,0,0,0,4,1,6,6,1,12,3,-1,-1,-1,-1,-1,-1,0,-1
2024201457552,2024,201457552,1,9,0,-1,19,3,7,-1,0,0,0,0,0,0,1,9,-1,6,3,30,6,-1,-1,-1,-1,-1,-1,0,-1
2024461439150,2024,461439150,1,9,0,-1,9,1,6,-1,0,8,1,0,0,0,1,1,-1,1,1,44,7,-1,-1,-1,-1,8,E01024060,0,4
2024320113440,2024,320113440,2,1,0,-1,-1,6,2,0,0,8,5,0,0,0,3,1,6,6,1,65,9,-1,-1,-1,-1,4,E01026268,0,1
2024451486243,2024,451486243,3,9,0,-1,2,0,0,-1,5,0,0,0,0,0,0,1,-1,6,-1,-1,-1,-1,-1,-1,-1,-1,-1,0,-1
2024361423365,2024,361423365,2,9,0,-1,19,6,2,-1,0,0,0,11,0,0,1,1,-1,9,1,73,10,-1,-1,-1,-1,6,E01026489,0,2
2024421475046,2024,421475046,2,9,0,-1,19,7,3,-1,0,1,0,0,0,0,3,1,-1,6,1,-1,-1,-1,-1,-1,-1,-1,-1,0,-1
2024440003459,2024,440003459,1,9,0,9,9,3,1,0,0,8,0,0,0,0,1,1,6,6,1,46,8,-1,-1,-1,-1,6,E01035443,0,1
2024052400103,2024,052400103,1,9,0,18,19,2,6,0,0,0,0,0,0,0,3,1,6,6,3,-1,-1,-1,-1,-1,-1,-1,-1,0,-1
2024991503202,2024,991503202,1,97,0,-1,19,8,4,-1,0,0,0,0,0,0,1,1,-1,6,1,60,9,-1,-1,-1,-1,10,-1,0,4
2024101447918,2024,101447918,1,9,0,-1,19,8,4,-1,0,4,2,7,3,10,3,1,-1,6,1,22,5,-1,-1,-1,-1,6,E01008176,0,1
2024610025124,2024,610025124,1,19,0,18,19,2,6,0,0,0,0,0,0,0,4,1,1,1,1,-1,-1,-1,-1,-1,-1,-1,-1,0,-1
2024622400808,2024,622400808,2,1,0,5,5,2,6,0,0,1,0,0,0,0,1,1,6,6,1,16,4,-1,-1,-1,-1,8,W01001716,0,1
2024201500800,2024,201500800,2,1,0,-1,19,8,4,-1,0,0,0,0,0,0,2,1,-1,6,1,28,6,-1,-1,-1,-1,1,E01009581,0,1
2024451457933,2024,451457933,2,1,0,-1,19,3,7,-1,0,1,0,0,0,0,1,1,-1,6,1,45,7,-1,-1,-1,-1,4,E01030913,0,1
2024131514370,2024,131514370,1,1,0,-1,19,2,5,-1,4,8,0,0,0,0,1,1,-1,2,1,30,6,-1,-1,-1,-1,1,E01011433,0,1
2024430459951,2024,430459951,1,19,0,3,3,6,1,0,0,1,0,0,0,0,1,1,2,2,1,31,6,-1,-1,-1,-1,6,E01017934,0,2
2024522402841,2024,522402841,3,1,0,18,19,5,1,0,0,0,0,0,0,0,0,1,6,6,3,-1,-1,-1,-1,-1,-1,-1,-1,0,-1
2024052400226,2024,052400226,1,11,0,18,19,2,6,0,0,0,0,0,0,0,4,1,1,1,3,-1,-1,-1,-1,-1,-1,-1,-1,0,-1
2024131479445,2024,131479445,2,-1,0,-1,19,5,1,-1,4,0,0,0,0,0,1,1,-1,6,2,23,5,-1,-1,-1,-1,2,E01010747,1,1
2024371447582,2024,371447582,1,9,0,-1,19,1,3,-1,0,0,0,0,0,0,1,1,-1,1,1,37,7,-1,-1,-1,-1,7,E01033454,0,2
202454F064324,2024,54F064324,2,1,0,18,19,2,6,0,0,2,0,0,0,0,3,1,6,6,1,17,4,-1,-1,-1,-1,7,E01015585,0,1
2024052402425,2024,052402425,3,8,0,4,4,5,1,0,0,0,0,0,0,0,2,1,1,1,1,62,9,-1,-1,-1,-1,6,E01006939,0,3
2024320026491,2024,320026491,1,9,0,-1,-1,7,3,0,0,0,0,0,0,0,1,1,-1,-1,2,40,7,-1,-1,-1,-1,-1,-1,0,-1
2024320753204,2024,320753204,1,9,0,9,9,8,6,0,0,6,0,0,0,0,3,1,-1,-1,1,78,11,-1,-1,-1,-1,-1,-1,0,-1
2024320249477,2024,320249477,1,9,0,13,13,2,6,0,0,0,0,0,1,0,1,1,6,6,1,28,6,-1,-1,-1,-1,5,E01026052,0,3
2024430225818,2024,430225818,2,1,0,18,19,5,1,0,0,6,0,0,0,0,1,1,4,7,2,14,3,-1,-1,-1,-1,-1,-1,0,-1
2024401427466,2024,401427466,1,98,0,-1,19,7,3,-1,0,1,0,0,0,0,1,1,-1,1,1,37,7,-1,-1,-1,-1,6,E01034442,0,3