collision_index,collision_year,collision_ref_no,vehicle_reference,vehicle_type,towing_and_articulation,vehicle_manoeuvre_historic,vehicle_manoeuvre,vehicle_direction_from,vehicle_direction_to,vehicle_location_restricted_lane_historic,vehicle_location_restricted_lane,junction_location,skidding_and_overturning,hit_object_in_carriageway,vehicle_leaving_carriageway,hit_object_off_carriageway,first_point_of_impact,vehicle_left_hand_drive,journey_purpose_of_driver_historic,journey_purpose_of_driver,sex_of_driver,age_of_driver,age_band_of_driver,engine_capacity_cc,propulsion_code,age_of_vehicle,generic_make_model,driver_imd_decile,lsoa_of_driver,escooter_flag,driver_distance_banding
2024302401345,2024,302401345,1,9,0,18,19,2,6,0,0,8,0,0,0,0,1,1,6,6,3,-1,-1,-1,-1,-1,-1,5,E01019456,0,3
2024311461443,2024,311461443,1,1,0,-1,19,8,4,-1,9,6,2,0,0,0,0,1,-1,6,2,60,9,-1,-1,-1,-1,9,E01028415,0,1
2024052401077,2024,052401077,2,1,0,18,19,8,4,0,0,0,0,0,0,0,4,1,6,6,2,43,7,-1,-1,-1,-1,4,E01006617,0,1
2024991472789,2024,991472789,2,1,0,-1,19,2,6,-1,0,4,0,0,0,0,1,1,-1,9,1,56,9,-1,-1,-1,-1,-1,-1,0,-1
2024430291077,2024,430291077,2,9,0,9,9,8,6,0,0,6,0,0,0,0,1,1,6,6,1,-1,-1,-1,-1,-1,-1,-1,-1,0,-1
2024201436021,2024,201436021,2,9,0,-1,19,1,5,-1,0,8,0,0,0,0,1,9,-1,9,3,-1,-1,-1,-1,-1,-1,-1,-1,0,-1
2024522402507,2024,522402507,1,1,0,18,19,2,6,0,0,1,0,0,0,0,3,1,6,6,1,29,6,-1,-1,-1,-1,5,E01014678,0,1
2024041423774,2024,041423774,1,23,0,-1,19,3,7,-1,0,0,0,0,0,0,1,1,-1,6,1,18,4,-1,-1,-1,-1,1,E01024899,0,1
2024461461349,2024,461461349,1,9,0,-1,19,1,5,-1,0,0,0,4,0,0,1,1,-1,6,1,43,7,-1,-1,-1,-1,4,E01024624,0,4
2024010533234,2024,010533234,1,1,9,99,99,9,9,99,99,9,9,99,9,99,9,1,6,6,2,21,5,-1,-1,-1,-1,1,E01001714,0,1
2024041520149,2024,041520149,2,9,0,-1,2,0,0,-1,0,1,0,0,0,0,2,1,-1,6,-1,-1,-1,-1,-1,-1,-1,-1,-1,0,-1
2024010531559,2024,010531559,2,9,0,99,99,9,9,99,99,9,9,99,9,99,1,9,6,6,3,-1,-1,-1,-1,-1,-1,-1,-1,0,-1
2024010512420,2024,010512420,2,9,0,99,99,9,9,99,99,9,9,99,9,99,9,9,6,6,3,-1,-1,-1,-1,-1,-1,6,E01000352,0,1
2024010488800,2024,010488800,2,9,9,99,99,9,9,99,99,9,9,99,9,99,9,9,6,6,3,-1,-1,-1,-1,-1,-1,-1,-1,0,-1
2024440529412,2024,440529412,1,9,4,5,5,3,7,0,0,8,1,0,0,0,1,1,2,2,1,51,8,-1,-1,-1,-1,10,E01022682,0,1
2024010522243,2024,010522243,2,1,0,15,15,5,1,0,0,8,5,10,0,0,3,1,6,6,1,19,4,-1,-1,-1,-1,2,E01001788,0,1
2024141400147,2024,141400147,1,9,0,-1,19,5,8,-1,0,1,0,0,0,0,1,9,-1,6,1,52,8,-1,-1,-1,-1,1,E01007547,0,2
2024141448676,2024,141448676,2,9,0,-1,4,5,1,-1,0,1,0,0,0,0,2,1,-1,6,1,44,7,-1,-1,-1,-1,1,E01010482,0,5
2024548967124,2024,548967124,1,19,0,5,5,4,6,0,0,6,0,0,0,0,1,1,6,6,3,-1,-1,-1,-1,-1,-1,-1,-1,0,-1
2024231409337,2024,231409337,2,9,0,-1,19,6,2,-1,0,3,0,0,7,7,1,1,-1,9,2,72,10,-1,-1,-1,-1,7,E01030651,0,5
2024061530451,2024,061530451,2,1,0,-1,19,7,3,-1,0,6,0,1,0,0,3,1,-1,9,1,13,3,-1,-1,-1,-1,-1,-1,0,-1
2024131455637,2024,131455637,2,9,0,-1,-1,-1,-1,-1,-1,8,-1,-1,-1,0,-1,1,-1,6,3,-1,-1,-1,-1,-1,-1,-1,-1,0,-1
2024131529792,2024,131529792,2,9,0,-1,4,7,3,-1,0,0,0,0,0,0,1,1,-1,9,1,58,9,-1,-1,-1,-1,8,E01011744,0,2
2024131461116,2024,131461116,3,9,0,-1,4,5,1,-1,0,0,0,0,0,0,2,1,-1,9,2,37,7,-1,-1,-1,-1,6,E01011598,0,1
2024302400533,2024,302400533,2,9,0,9,9,5,1,0,0,1,0,0,0,0,2,1,6,6,2,51,8,-1,-1,-1,-1,9,E01019734,0,1
2024010495340,2024,010495340,2,9,0,99,99,9,9,99,99,9,9,99,9,99,9,9,6,6,3,-1,-1,-1,-1,-1,-1,-1,-1,0,-1
2024141443294,2024,141443294,1,98,0,-1,19,-1,-1,-1,0,1,0,0,0,0,1,9,-1,6,3,-1,-1,-1,-1,-1,-1,-1,-1,0,-1
2024991399386,2024,991399386,1,9,0,-1,19,5,8,-1,0,0,5,0,7,11,3,1,-1,6,1,17,4,-1,-1,-1,-1,1,-1,0,2
2024302401400,2024,302401400,3,9,0,3,3,1,5,0,0,0,0,0,0,0,2,1,6,6,1,87,11,-1,-1,-1,-1,7,E01019814,0,3
2024332400705,2024,332400705,2,1,0,-1,19,1,5,-1,0,0,0,0,0,0,2,1,-1,6,2,38,7,-1,-1,-1,-1,2,E01013781,0,3
2024610018324,2024,610018324,1,1,0,17,19,8,5,0,0,0,0,0,0,0,1,1,6,6,1,42,7,-1,-1,-1,-1,9,W01001841,0,1
2024010535243,2024,010535243,1,1,9,99,99,9,9,99,99,9,9,99,9,99,9,1,6,6,1,15,3,-1,-1,-1,-1,9,E01000156,0,1
2024351415469,2024,351415469,3,9,0,-1,4,5,1,-1,0,0,0,0,0,0,2,1,-1,2,1,38,7,-1,-1,-1,-1,6,E01033589,0,4
2024061475991,2024,061475991,2,1,0,-1,19,1,6,-1,0,2,0,0,0,0,1,1,-1,6,1,50,8,-1,-1,-1,-1,9,E01004937,0,1
2024141469852,2024,141469852,1,9,0,-1,19,5,1,-1,0,0,0,10,0,0,1,1,-1,9,2,56,9,-1,-1,-1,-1,9,E01007832,0,1
2024010540503,2024,010540503,1,1,0,4,4,7,3,0,0,1,0,0,0,0,1,1,6,6,2,18,4,-1,-1,-1,-1,-1,-1,0,-1
2024522401777,2024,522401777,2,9,0,3,3,7,3,0,0,2,0,0,0,0,3,1,6,6,1,77,11,-1,-1,-1,-1,9,E01014931,0,1
2024010487468,2024,010487468,1,9,0,18,19,5,1,0,0,1,0,4,0,0,1,1,6,6,1,43,7,-1,-1,-1,-1,-1,-1,0,-1
2024061519699,2024,061519699,1,-1,0,-1,-1,-1,-1,-1,-1,-1,-1,-1,-1,0,-1,1,-1,6,1,39,7,-1,-1,-1,-1,1,E01005667,0,1
2024161469562,2024,161469562,2,8,0,-1,9,4,2,-1,0,8,0,0,0,0,0,9,-1,6,3,-1,-1,-1,-1,-1,-1,-1,-1,0,-1
2024332400975,2024,332400975,2,-1,0,-1,19,5,1,-1,0,0,0,0,0,0,1,1,-1,7,1,9,2,-1,-1,-1,-1,6,E01025874,1,1
2024351447161,2024,351447161,2,1,-1,-1,-1,-1,-1,-1,-1,0,-1,-1,-1,0,3,1,-1,9,1,23,5,-1,-1,-1,-1,7,E01026897,0,4
2024010519379,2024,010519379,2,9,9,99,99,9,9,99,99,9,9,99,9,99,9,9,6,6,3,-1,-1,-1,-1,-1,-1,-1,-1,0,-1
2024991521212,2024,991521212,2,1,0,-1,19,1,3,-1,4,1,5,0,0,0,3,1,-1,2,1,31,6,-1,-1,-1,-1,-1,-1,0,-1
2024302401524,2024,302401524,1,90,0,9,9,8,6,0,0,6,0,0,0,0,1,1,1,1,1,54,8,-1,-1,-1,-1,1,E01019729,0,1
2024401539454,2024,401539454,2,1,0,-1,19,8,4,-1,0,8,0,0,0,0,3,1,-1,9,1,43,7,-1,-1,-1,-1,2,E01017400,0,3
2024501398164,2024,501398164,1,9,0,-1,4,4,8,-1,0,1,0,0,0,0,2,1,-1,6,2,53,8,-1,-1,-1,-1,2,E01020015,0,2
2024451523900,2024,451523900,1,9,0,-1,5,7,3,-1,0,6,0,0,0,0,1,9,-1,6,2,35,6,-1,-1,-1,-1,-1,-1,0,-1
2024421505252,2024,421505252,2,1,0,-1,19,7,7,-1,0,8,0,0,0,0,4,1,-1,2,1,30,6,-1,-1,-1,-1,5,E01015952,0,1
2024430080607,2024,430080607,1,1,0,18,19,5,1,0,0,8,0,0,0,0,4,1,6,6,1,48,8,-1,-1,-1,-1,10,E01016429,0,1
2024552400561,2024,552400561,2,1,0,18,19,2,6,0,0,8,0,0,0,0,3,1,6,6,1,56,9,-1,-1,-1,-1,5,E01015380,0,1
2024461479569,2024,461479569,1,9,0,-1,19,2,6,-1,0,0,0,0,0,0,1,9,-1,6,3,-1,-1,-1,-1,-1,-1,-1,-1,0,-1
2024421404685,2024,421404685,1,9,0,-1,19,5,3,-1,0,0,0,0,0,0,4,9,-1,6,3,93,11,-1,-1,-1,-1,10,E01015830,0,1
2024141491308,2024,141491308,2,98,0,-1,5,7,6,-1,0,0,0,0,0,0,3,1,-1,1,1,53,8,-1,-1,-1,-1,8,E01007599,0,1
2024010506148,2024,010506148,1,9,0,9,9,1,7,0,0,6,0,7,0,0,1,1,6,6,3,-1,-1,-1,-1,-1,-1,-1,-1,0,-1
2024531442385,2024,531442385,1,1,0,-1,9,7,3,-1,0,0,0,0,0,0,1,1,-1,9,1,16,4,-1,-1,-1,-1,3,E01022293,0,1
2024131507107,2024,131507107,1,-1,0,-1,19,3,7,-1,0,0,0,0,0,0,0,1,-1,9,1,21,5,-1,-1,-1,-1,1,E01011663,1,1
2024010490592,2024,010490592,1,9,0,18,19,5,1,0,0,2,0,11,0,0,1,1,6,6,1,76,11,-1,-1,-1,-1,5,E01002652,0,1
2024471417902,2024,471417902,3,9,0,-1,19,1,5,-1,0,0,0,0,0,0,2,1,-1,1,1,43,7,-1,-1,-1,-1,7,E01025941,0,5
2024010502038,2024,010502038,2,9,0,99,99,9,9,99,99,5,9,99,9,99,9,9,6,6,3,-1,-1,-1,-1,-1,-1,-1,-1,0,-1
2024471430418,2024,471430418,1,9,0,-1,19,-1,-1,-1,0,1,0,0,0,0,-1,9,-1,6,3,-1,-1,-1,-1,-1,-1,-1,-1,0,-1
2024161471997,2024,161471997,2,97,0,-1,19,6,2,-1,0,0,0,0,0,0,0,1,-1,6,3,-1,-1,-1,-1,-1,-1,-1,-1,0,-1
2024201447955,2024,201447955,2,9,0,-1,19,2,6,-1,0,2,0,0,0,0,1,9,-1,6,3,-1,-1,-1,-1,-1,-1,-1,-1,0,-1
2024101523605,2024,101523605,1,9,0,-1,9,7,5,-1,0,8,0,0,0,0,1,1,-1,6,1,-1,-1,-1,-1,-1,-1,-1,-1,0,-1
2024141462784,2024,141462784,1,21,0,-1,19,6,3,-1,0,1,0,0,0,0,1,1,-1,1,1,40,7,-1,-1,-1,-1,1,E01007945,0,2
2024520401668,2024,520401668,2,22,0,18,19,3,1,0,0,8,0,0,0,0,1,1,6,6,2,88,11,-1,-1,-1,-1,3,E01032635,0,1
2024421443487,2024,421443487,2,1,0,-1,19,7,3,-1,0,8,0,0,0,0,4,1,-1,6,1,60,9,-1,-1,-1,-1,10,E01021447,0,2
2024461432403,2024,461432403,1,8,0,-1,19,7,1,-1,0,8,0,0,0,0,1,9,-1,1,1,46,8,-1,-1,-1,-1,1,E01016017,0,1
2024061420248,2024,061420248,1,9,0,-1,19,7,3,-1,0,1,0,0,0,0,1,9,-1,6,3,-1,-1,-1,-1,-1,-1,-1,-1,0,-1
2024010497173,2024,010497173,1,3,0,99,99,9,9,99,99,9,9,99,9,99,9,1,1,1,1,48,8,-1,-1,-1,-1,5,E01001542,0,1
2024031487386,2024,031487386,1,9,4,-1,13,5,1,-1,0,0,0,0,0,0,4,1,-1,6,1,30,6,-1,-1,-1,-1,-1,-1,0,-1
2024061511291,2024,061511291,2,1,0,-1,19,5,1,-1,0,0,0,0,0,0,4,1,-1,6,1,17,4,-1,-1,-1,-1,5,E01005964,0,1
2024161473120,2024,161473120,1,9,0,-1,4,3,7,-1,0,0,0,0,0,0,2,1,-1,6,2,21,5,-1,-1,-1,-1,9,E01013266,0,2
2024211395696,2024,211395696,1,9,0,-1,19,2,6,-1,0,7,0,0,0,0,1,9,-1,2,1,53,8,-1,-1,-1,-1,4,E01010558,0,3
2024010503972,2024,010503972,1,9,0,18,19,5,1,0,0,3,0,0,0,0,1,1,6,6,3,-1,-1,-1,-1,-1,-1,-1,-1,0,-1
2024610020124,2024,610020124,1,9,0,5,5,5,1,0,0,4,0,0,0,0,2,1,3,7,2,52,8,-1,-1,-1,-1,4,W01001622,0,1
2024010487696,2024,010487696,1,1,9,99,99,9,9,99,99,9,9,99,9,99,9,1,2,2,1,33,6,-1,-1,-1,-1,3,E01001830,0,1
2024161411743,2024,161411743,1,20,0,-1,7,3,5,-1,0,8,0,0,0,0,1,1,-1,9,1,38,7,-1,-1,-1,-1,7,E01031543,0,5
2024122400449,2024,122400449,2,16,0,18,19,1,5,0,0,0,0,0,0,0,2,1,6,6,2,58,9,-1,-1,-1,-1,10,E01027893,0,1
2024552401537,2024,552401537,2,9,0,17,19,4,2,0,0,0,0,0,0,0,3,1,6,6,1,72,10,-1,-1,-1,-1,6,E01020494,0,1
2024010541807,2024,010541807,1,1,9,16,19,1,5,99,99,9,9,99,9,99,9,1,2,2,1,24,5,-1,-1,-1,-1,8,E01001384,0,1
2024471406358,2024,471406358,2,1,0,-1,19,4,8,-1,9,1,0,0,0,0,4,1,-1,7,1,13,3,-1,-1,-1,-1,6,E01021236,0,1
2024041403211,2024,041403211,1,9,0,-1,19,2,6,-1,0,0,0,0,0,0,1,9,-1,6,3,-1,-1,-1,-1,-1,-1,-1,-1,0,-1
2024010529449,2024,010529449,2,19,0,7,7,5,8,0,0,2,0,0,0,0,2,1,6,6,3,-1,-1,-1,-1,-1,-1,-1,-1,0,-1
2024631483972,2024,631483972,2,9,0,-1,2,1,5,-1,0,0,0,0,0,0,1,1,-1,6,-1,-1,-1,-1,-1,-1,-1,-1,-1,0,-1
2024122400248,2024,122400248,2,1,0,18,19,3,7,0,0,8,0,0,0,0,1,1,2,2,2,56,9,-1,-1,-1,-1,1,E01027907,0,1
2024501405926,2024,501405926,2,1,0,-1,19,1,5,-1,0,8,0,0,0,0,1,1,-1,6,1,15,3,-1,-1,-1,-1,9,E01015140,0,1
2024061476636,2024,061476636,1,99,0,-1,19,1,5,-1,0,1,0,0,0,0,1,9,-1,6,3,-1,-1,-1,-1,-1,-1,-1,-1,0,-1
2024061436983,2024,061436983,1,9,0,-1,19,1,4,-1,0,1,0,0,0,0,1,9,-1,6,1,-1,-1,-1,-1,-1,-1,2,E01006404,0,2
2024401402886,2024,401402886,1,19,0,-1,19,7,3,-1,0,0,0,0,0,0,0,9,-1,6,1,-1,-1,-1,-1,-1,-1,-1,-1,0,-1
2024471498378,2024,471498378,2,1,0,-1,19,7,3,-1,0,0,0,0,0,0,3,1,-1,6,1,45,7,-1,-1,-1,-1,3,E01031347,0,1
2024320620649,2024,320620649,1,23,0,-1,-1,6,2,5,5,0,0,0,0,0,1,1,6,6,1,-1,-1,-1,-1,-1,-1,-1,-1,0,-1
2024041426951,2024,041426951,1,9,0,-1,19,5,1,-1,0,0,1,0,0,0,1,1,-1,9,1,18,4,-1,-1,-1,-1,8,E01034351,0,2
2024302400439,2024,302400439,2,1,0,18,19,7,3,0,0,1,1,0,0,0,3,1,4,7,1,8,2,-1,-1,-1,-1,-1,-1,0,-1
2024041486566,2024,041486566,2,9,0,-1,19,5,1,-1,0,1,0,0,0,0,4,2,-1,6,1,26,6,-1,-1,-1,-1,1,E01034336,0,1
2024010507881,2024,010507881,2,1,0,7,7,4,7,0,0,8,0,0,0,0,2,1,6,6,1,24,5,-1,-1,-1,-1,-1,-1,0,-1
2024461477663,2024,461477663,2,1,0,-1,5,5,1,-1,9,0,0,0,0,0,1,1,-1,9,2,-1,-1,-1,-1,-1,-1,-1,-1,0,-1
2024421413667,2024,421413667,1,9,0,-1,19,3,7,-1,0,2,2,10,0,0,4,1,-1,6,1,58,9,-1,-1,-1,-1,7,E01015821,0,3
2024340WN6662,2024,340WN6662,2,1,0,-1,19,3,7,-1,0,8,0,0,0,0,4,1,-1,2,1,47,8,-1,-1,-1,-1,3,E01027228,0,1
2024161498749,2024,161498749,2,9,0,-1,4,7,3,-1,0,0,0,99,0,0,1,1,-1,6,3,-1,-1,-1,-1,-1,-1,-1,-1,0,-1
2024010499257,2024,010499257,1,9,9,1,1,7,3,99,99,9,0,99,0,0,2,9,6,6,3,-1,-1,-1,-1,-1,-1,-1,-1,0,-1
2024221454081,2024,221454081,2,1,0,-1,19,6,2,-1,0,0,0,0,0,0,3,1,-1,6,2,27,6,-1,-1,-1,-1,9,E01032297,0,1
2024421529595,2024,421529595,1,9,0,-1,19,1,5,-1,0,0,0,99,3,99,3,1,-1,6,3,-1,-1,-1,-1,-1,-1,-1,-1,0,-1
2024340WN4932,2024,340WN4932,5,9,0,-1,19,5,1,-1,0,0,0,0,0,0,3,1,-1,1,1,52,8,-1,-1,-1,-1,6,E01027005,0,4
2024371404178,2024,371404178,2,9,0,-1,19,2,8,-1,0,0,0,0,0,0,1,1,-1,9,2,34,6,-1,-1,-1,-1,6,E01029880,0,1
2024311475439,2024,311475439,1,1,0,-1,19,8,5,-1,4,1,0,0,0,0,1,1,-1,6,1,-1,-1,-1,-1,-1,-1,-1,-1,0,-1
2024010547553,2024,010547553,1,9,0,7,7,3,5,0,0,8,0,0,0,0,1,1,6,6,3,-1,-1,-1,-1,-1,-1,-1,-1,0,-1
2024631456034,2024,631456034,1,9,0,-1,19,3,6,-1,0,0,0,7,0,0,1,1,-1,2,1,28,6,-1,-1,-1,-1,3,W01000626,0,1
2024010487395,2024,010487395,2,20,0,16,19,4,8,0,0,0,0,0,0,0,3,1,1,1,1,42,7,-1,-1,-1,-1,5,E01024304,0,4
2024451472582,2024,451472582,1,1,0,-1,5,7,3,-1,0,8,0,0,1,0,3,1,-1,9,1,13,3,-1,-1,-1,-1,9,E01030856,0,1
2024010489034,2024,010489034,1,19,0,18,19,3,7,0,0,0,0,0,0,0,3,1,6,6,3,-1,-1,-1,-1,-1,-1,-1,-1,0,-1
2024010496225,2024,010496225,1,9,0,9,9,8,5,9,9,8,0,10,2,11,1,1,6,6,1,44,7,-1,-1,-1,-1,3,E01001650,0,2
2024061443376,2024,061443376,1,1,0,-1,19,-1,-1,-1,0,1,0,0,1,0,4,1,-1,9,1,14,3,-1,-1,-1,-1,4,E01006186,0,1
2024302400769,2024,302400769,2,10,0,9,9,2,8,0,0,5,0,0,0,0,1,1,6,6,1,34,6,-1,-1,-1,-1,1,E01007320,0,4
2024010546369,2024,010546369,1,1,9,99,99,9,9,99,99,9,9,99,9,99,1,1,6,6,1,32,6,-1,-1,-1,-1,4,E01001932,0,1
2024070463333,2024,070463333,1,-1,0,18,19,1,5,0,0,0,0,0,0,0,1,1,6,6,1,16,4,-1,-1,-1,-1,-1,-1,1,-1
2024010491960,2024,010491960,2,19,0,18,19,8,4,0,0,0,0,0,1,7,2,1,1,1,1,36,7,-1,-1,-1,-1,10,E01031737,0,4
2024430570886,2024,430570886,4,11,0,18,19,2,6,0,0,0,0,0,0,0,0,1,6,6,3,-1,-1,-1,-1,-1,-1,-1,-1,0,-1
2024041414847,2024,041414847,6,9,0,-1,2,0,0,-1,-1,0,0,0,0,0,1,1,-1,6,-1,-1,-1,-1,-1,-1,-1,-1,-1,0,-1
2024320063449,2024,320063449,1,9,0,-1,-1,6,2,0,0,0,0,0,0,10,1,1,-1,-1,2,28,6,-1,-1,-1,-1,1,E01026048,0,1
2024501496873,2024,501496873,2,9,0,-1,10,3,7,-1,0,0,0,0,0,0,2,1,-1,9,1,39,7,-1,-1,-1,-1,4,E01018880,0,2
2024141507658,2024,141507658,4,9,0,-1,2,0,0,-1,0,0,0,0,0,0,4,1,-1,6,-1,-1,-1,-1,-1,-1,-1,-1,-1,0,-1
2024522500140,2024,522500140,1,1,0,18,19,4,8,0,0,0,0,0,0,0,3,1,6,6,1,45,7,-1,-1,-1,-1,2,E01014640,0,1
2024320499023,2024,320499023,1,8,0,-1,-1,7,3,0,0,1,0,0,0,0,2,1,1,1,1,-1,-1,-1,-1,-1,-1,-1,-1,0,-1
2024010529994,2024,010529994,2,9,0,18,19,9,9,99,99,9,9,99,9,99,1,9,6,6,3,-1,-1,-1,-1,-1,-1,-1,-1,0,-1
2024010495077,2024,010495077,2,9,0,18,19,7,3,0,0,6,0,0,0,0,1,1,1,1,2,27,6,-1,-1,-1,-1,5,E01004661,0,1
2024010542809,2024,010542809,2,1,9,99,99,9,9,99,99,9,9,99,9,99,9,1,6,6,3,-1,-1,-1,-1,-1,-1,-1,-1,0,-1
2024010489198,2024,010489198,1,3,0,99,99,9,9,99,99,0,9,99,9,99,1,1,2,2,1,30,6,-1,-1,-1,-1,2,E01003961,0,2
2024991400936,2024,991400936,2,1,0,-1,19,3,8,-1,0,8,0,0,0,0,4,1,-1,6,1,40,7,-1,-1,-1,-1,-1,-1,0,-1
2024991536405,2024,991536405,1,9,0,-1,19,6,3,-1,0,0,0,0,1,0,1,1,-1,6,1,68,10,-1,-1,-1,-1,7,-1,0,2
2024201433419,2024,201433419,2,9,0,-1,19,1,5,-1,0,8,1,10,0,0,1,9,-1,6,1,37,7,-1,-1,-1,-1,-1,-1,0,-1
2024501533790,2024,501533790,2,9,0,-1,1,2,6,-1,0,0,0,0,0,0,4,1,-1,2,1,44,7,-1,-1,-1,-1,8,E01015036,0,1
2024010489920,2024,010489920,1,9,0,99,99,9,9,99,99,9,9,99,9,99,2,9,6,6,2,64,9,-1,-1,-1,-1,4,E01003043,0,1
2024010492308,2024,010492308,3,9,0,18,19,3,7,0,0,0,0,1,0,0,1,1,6,6,1,24,5,-1,-1,-1,-1,5,E01002140,0,3
2024161501913,2024,161501913,1,9,0,-1,9,5,1,-1,0,5,0,0,0,0,3,9,-1,9,1,33,6,-1,-1,-1,-1,4,E01012767,0,2
2024520401228,2024,520401228,1,9,0,18,19,5,1,0,0,0,0,0,1,7,1,1,6,6,1,37,7,-1,-1,-1,-1,-1,-1,0,-1
2024501494456,2024,501494456,1,19,0,-1,19,6,2,-1,0,1,0,0,0,0,1,1,-1,9,1,60,9,-1,-1,-1,-1,5,E01018903,0,3
2024320621688,2024,320621688,1,9,0,-1,-1,7,3,0,0,6,0,0,3,3,1,1,6,6,1,39,7,-1,-1,-1,-1,1,E01015607,0,4
2024131428869,2024,131428869,2,8,0,-1,19,1,5,-1,0,2,0,10,1,10,4,1,-1,1,1,54,8,-1,-1,-1,-1,1,E01011082,0,1
2024122500037,2024,122500037,2,1,0,18,19,1,5,0,0,8,0,0,0,0,4,1,2,2,2,28,6,-1,-1,-1,-1,6,E01013383,0,1
2024520403245,2024,520403245,2,9,0,17,19,8,4,0,0,0,1,0,2,99,1,1,6,6,3,-1,-1,-1,-1,-1,-1,-1,-1,0,-1
2024010502675,2024,010502675,2,1,9,99,99,9,9,99,99,9,9,99,9,99,9,1,6,6,1,-1,-1,-1,-1,-1,-1,-1,-1,0,-1
2024411440634,2024,411440634,2,1,0,-1,19,2,4,-1,0,1,0,0,0,0,1,1,-1,6,1,46,8,-1,-1,-1,-1,10,E01023483,0,1
2024041398638,2024,041398638,1,9,0,-1,7,5,1,-1,0,1,0,0,0,0,1,1,-1,6,3,-1,-1,-1,-1,-1,-1,-1,-1,0,-1
2024010528618,2024,010528618,1,3,9,99,99,9,9,0,0,8,9,99,9,99,9,1,6,6,3,-1,-1,-1,-1,-1,-1,-1,-1,0,-1
2024010526281,2024,010526281,2,9,0,4,4,7,3,0,0,0,0,0,0,0,2,1,6,6,1,72,10,-1,-1,-1,-1,7,E01003651,0,1
2024010497204,2024,010497204,1,8,0,99,99,9,9,99,99,9,9,99,9,99,9,9,6,6,3,-1,-1,-1,-1,-1,-1,-1,-1,0,-1
2024991513620,2024,991513620,1,23,0,-1,5,8,4,-1,9,0,1,0,0,0,1,1,-1,9,1,17,4,-1,-1,-1,-1,3,-1,0,1
2024041483694,2024,041483694,2,9,4,-1,2,1,5,-1,0,0,0,0,0,0,2,1,-1,9,1,44,7,-1,-1,-1,-1,4,E01005491,0,3
2024052402133,2024,052402133,2,9,0,3,3,7,3,0,0,0,0,0,0,0,2,1,6,6,2,33,6,-1,-1,-1,-1,4,E01006454,0,2
2024010504655,2024,010504655,1,9,0,18,19,7,3,0,0,1,0,0,0,0,1,1,6,6,1,-1,-1,-1,-1,-1,-1,-1,-1,0,-1
2024010489122,2024,010489122,1,1,9,99,99,9,9,99,99,9,9,99,9,99,9,1,3,7,2,35,6,-1,-1,-1,-1,4,E01002973,0,1
2024411440295,2024,411440295,1,1,0,-1,14,6,2,-1,0,0,0,4,0,0,1,1,-1,1,1,25,5,-1,-1,-1,-1,6,E01023651,0,1
2024010487791,2024,010487791,2,9,0,99,99,9,9,99,99,9,9,99,9,99,2,9,6,6,3,-1,-1,-1,-1,-1,-1,-1,-1,0,-1
2024201434516,2024,201434516,1,8,0,-1,5,5,1,-1,0,4,0,0,0,0,1,1,-1,1,1,29,6,-1,-1,-1,-1,1,E01009152,0,2
2024201453860,2024,201453860,1,9,0,-1,19,3,8,-1,0,0,0,0,0,0,3,1,-1,6,3,-1,-1,-1,-1,-1,-1,-1,-1,0,-1
2024061490854,2024,061490854,1,8,-1,-1,-1,-1,-1,-1,-1,0,-1,-1,-1,0,-1,9,-1,6,3,-1,-1,-1,-1,-1,-1,-1,-1,0,-1
2024430009006,2024,430009006,2,9,0,18,19,8,4,0,0,0,0,0,0,0,4,1,6,6,3,-1,-1,-1,-1,-1,-1,-1,-1,0,-1
2024361482669,2024,361482669,1,9,0,-1,19,1,3,-1,0,8,0,0,0,0,3,1,-1,6,-1,50,8,-1,-1,-1,-1,-1,-1,0,-1
2024421394461,2024,421394461,1,9,0,-1,19,8,7,-1,0,0,1,0,0,0,1,1,-1,9,2,50,8,-1,-1,-1,-1,5,E01022009,0,3
2024522403385,2024,522403385,3,9,0,9,9,8,6,0,0,6,0,0,0,0,0,1,6,6,3,-1,-1,-1,-1,-1,-1,-1,-1,0,-1
2024991495904,2024,991495904,1,9,0,-1,5,6,1,-1,0,3,0,0,7,0,0,9,-1,6,3,17,4,-1,-1,-1,-1,-1,-1,0,-1
2024211516940,2024,211516940,2,21,1,-1,12,1,5,-1,0,0,0,0,0,0,1,2,-1,1,1,63,9,-1,-1,-1,-1,-1,-1,0,-1
2024340WN6692,2024,340WN6692,1,9,0,-1,19,5,1,-1,0,0,0,0,0,0,1,1,-1,6,3,-1,-1,-1,-1,-1,-1,-1,-1,0,-1
202454E705424,2024,54E705424,2,9,0,18,19,5,1,0,0,0,0,0,0,0,1,1,1,1,1,51,8,-1,-1,-1,-1,9,E01031847,0,1
2024211505259,2024,211505259,3,98,-1,-1,2,0,0,-1,0,1,0,0,0,0,0,9,-1,6,1,-1,-1,-1,-1,-1,-1,-1,-1,0,-1
2024440084892,2024,440084892,1,9,0,17,19,2,6,0,0,0,0,0,0,0,1,1,6,6,1,-1,-1,-1,-1,-1,-1,-1,-1,0,-1
2024010515169,2024,010515169,2,1,9,99,99,9,9,99,99,9,9,99,9,99,2,1,2,2,1,45,7,-1,-1,-1,-1,2,E01004067,0,2
2024061529724,2024,061529724,1,1,0,-1,19,-1,-1,-1,4,1,2,0,0,0,4,1,-1,6,2,21,5,-1,-1,-1,-1,4,E01005208,0,1
2024131513713,2024,131513713,1,97,0,-1,19,1,5,-1,0,8,5,0,0,0,1,1,-1,6,1,17,4,-1,-1,-1,-1,1,E01011494,0,1
2024991473931,2024,991473931,1,1,0,-1,19,3,7,-1,0,0,5,0,1,0,1,1,-1,9,2,68,10,-1,-1,-1,-1,5,-1,0,1
2024522402678,2024,522402678,2,9,0,2,2,0,0,0,0,0,0,0,0,0,2,1,6,6,3,-1,-1,-1,-1,-1,-1,-1,-1,0,-1
2024351431822,2024,351431822,1,-1,-1,-1,-1,-1,-1,-1,-1,0,-1,-1,-1,0,-1,1,-1,6,1,-1,-1,-1,-1,-1,-1,-1,-1,1,-1
2024221398479,2024,221398479,1,9,0,-1,19,8,4,-1,0,6,0,0,0,0,1,9,-1,6,2,24,5,-1,-1,-1,-1,7,E01032286,0,3
2024071070623,2024,071070623,2,9,0,-1,19,3,7,-1,0,1,0,0,0,0,1,1,-1,6,2,34,6,-1,-1,-1,-1,7,E01018742,0,3