collision_index,collision_year,collision_ref_no,vehicle_reference,vehicle_type,towing_and_articulation,vehicle_manoeuvre_historic,vehicle_manoeuvre,vehicle_direction_from,vehicle_direction_to,vehicle_location_restricted_lane_historic,vehicle_location_restricted_lane,junction_location,skidding_and_overturning,hit_object_in_carriageway,vehicle_leaving_carriageway,hit_object_off_carriageway,first_point_of_impact,vehicle_left_hand_drive,journey_purpose_of_driver_historic,journey_purpose_of_driver,sex_of_driver,age_of_driver,age_band_of_driver,engine_capacity_cc,propulsion_code,age_of_vehicle,generic_make_model,driver_imd_decile,lsoa_of_driver,escooter_flag,driver_distance_banding
2024010519225,2024,010519225,1,5,0,99,99,9,9,99,99,9,9,99,9,99,2,1,6,6,1,29,6,-1,-1,-1,-1,8,E01003649,0,2
2024010493765,2024,010493765,2,19,0,99,99,9,9,99,99,9,9,99,9,99,1,9,6,6,3,-1,-1,-1,-1,-1,-1,5,E01004522,0,1
2024332400795,2024,332400795,1,9,0,-1,10,7,5,-1,0,8,0,0,0,0,3,1,-1,2,2,43,7,-1,-1,-1,-1,10,E01025970,0,2
2024131495211,2024,131495211,2,1,0,-1,19,1,5,-1,0,1,5,0,0,0,1,1,-1,6,1,38,7,-1,-1,-1,-1,2,E01011724,0,1
2024010543074,2024,010543074,1,9,0,99,99,9,9,99,99,9,9,99,9,99,1,9,6,6,3,-1,-1,-1,-1,-1,-1,-1,-1,0,-1
2024520402077,2024,520402077,3,9,0,18,19,1,7,0,0,0,0,0,0,0,0,1,6,6,3,-1,-1,-1,-1,-1,-1,-1,-1,0,-1
2024201529975,2024,201529975,1,9,0,-1,19,1,5,-1,0,8,0,0,0,0,1,1,-1,6,1,36,7,-1,-1,-1,-1,9,E01032246,0,3
2024010488250,2024,010488250,1,3,0,99,99,9,9,99,99,9,9,99,9,99,9,1,6,6,1,24,5,-1,-1,-1,-1,4,E01033919,0,2
2024122400949,2024,122400949,2,1,0,18,19,7,3,0,0,4,0,0,0,0,3,1,6,6,1,40,7,-1,-1,-1,-1,2,E01027872,0,1
2024501535539,2024,501535539,1,9,0,-1,19,3,7,-1,0,0,0,0,0,0,1,1,-1,2,1,52,8,-1,-1,-1,-1,4,E01018843,0,1
2024010526461,2024,010526461,1,1,0,18,19,8,4,2,2,1,0,0,0,0,1,1,1,1,1,33,6,-1,-1,-1,-1,3,E01004319,0,2
202460Q050406,2024,60Q050406,1,90,0,18,19,1,5,0,0,1,0,0,0,0,1,1,6,6,1,24,5,-1,-1,-1,-1,-1,-1,0,-1
2024131469563,2024,131469563,3,9,0,-1,19,5,1,-1,0,0,0,0,0,0,2,1,-1,1,1,31,6,-1,-1,-1,-1,10,E01034975,0,4
2024421417298,2024,421417298,3,9,0,-1,19,3,6,-1,0,4,0,0,0,0,0,1,-1,6,3,-1,-1,-1,-1,-1,-1,-1,-1,0,-1
2024010509029,2024,010509029,1,1,9,99,99,9,9,99,99,9,9,99,9,99,1,1,6,6,2,28,6,-1,-1,-1,-1,3,E01002056,0,1
2024471405566,2024,471405566,1,1,0,-1,19,5,1,-1,0,0,0,0,0,0,0,1,-1,7,2,32,6,-1,-1,-1,-1,6,E01034818,0,1
2024421401478,2024,421401478,2,9,0,-1,3,5,1,-1,0,0,0,0,0,0,2,9,-1,6,3,-1,-1,-1,-1,-1,-1,-1,-1,0,-1
2024461516253,2024,461516253,2,9,0,-1,3,1,5,-1,0,0,0,0,0,0,2,9,-1,9,2,68,10,-1,-1,-1,-1,5,E01024516,0,3
2024461561259,2024,461561259,1,9,0,-1,19,7,3,-1,0,1,0,0,0,0,1,9,-1,6,3,-1,-1,-1,-1,-1,-1,-1,-1,0,-1
2024010495290,2024,010495290,1,9,0,99,99,9,9,99,99,9,9,99,9,99,2,9,6,6,1,54,8,-1,-1,-1,-1,3,E01000515,0,3
2024201460724,2024,201460724,1,1,0,-1,5,1,5,-1,0,0,0,0,0,0,1,1,-1,9,1,18,4,-1,-1,-1,-1,-1,-1,0,-1
2024010534832,2024,010534832,2,1,0,18,19,3,7,0,0,8,0,0,0,0,3,1,6,6,1,21,5,-1,-1,-1,-1,3,E01003629,0,1
2024340WN0052,2024,340WN0052,1,9,0,-1,19,8,4,-1,0,1,0,0,0,0,1,1,-1,6,1,26,6,-1,-1,-1,-1,3,E01026992,0,3
2024010492814,2024,010492814,1,3,0,18,19,1,5,0,0,1,0,0,0,0,0,1,1,1,1,43,7,-1,-1,-1,-1,5,E01002129,0,3
2024052402656,2024,052402656,1,1,0,18,19,5,1,0,0,8,0,0,0,0,1,1,6,6,1,66,10,-1,-1,-1,-1,10,E01006993,0,1
2024311517424,2024,311517424,1,9,0,-1,1,7,3,-1,0,0,0,0,0,0,2,1,-1,6,3,-1,-1,-1,-1,-1,-1,-1,-1,0,-1
2024471480869,2024,471480869,1,1,0,-1,19,3,7,-1,0,0,2,0,0,0,1,1,-1,9,1,56,9,-1,-1,-1,-1,9,E01021226,0,3
2024052401866,2024,052401866,2,1,0,18,19,8,4,0,0,2,0,0,0,0,3,1,6,6,2,23,5,-1,-1,-1,-1,1,E01006730,0,1
2024522402149,2024,522402149,2,1,0,5,5,7,3,0,0,1,0,0,0,0,4,1,6,6,1,7,2,-1,-1,-1,-1,4,E01014567,0,1
2024010514544,2024,010514544,1,1,9,18,19,9,9,99,99,9,9,99,9,99,0,1,2,2,2,48,8,-1,-1,-1,-1,6,E01001573,0,1
2024010504431,2024,010504431,1,1,9,99,99,9,9,99,99,9,9,99,9,99,2,1,2,2,1,57,9,-1,-1,-1,-1,3,E01001834,0,1
2024010493150,2024,010493150,2,21,1,18,19,3,7,0,0,8,1,0,0,0,1,1,1,1,1,35,6,-1,-1,-1,-1,4,E01015956,0,3
2024302401240,2024,302401240,3,9,0,3,3,3,7,0,0,1,0,0,0,0,2,1,1,1,1,42,7,-1,-1,-1,-1,6,E01031240,0,4
2024010534193,2024,010534193,1,9,0,99,99,9,9,99,99,9,9,99,9,99,0,9,6,6,3,-1,-1,-1,-1,-1,-1,7,E01002412,0,1
2024552400961,2024,552400961,2,1,0,18,19,2,6,0,0,8,0,0,0,0,1,1,6,6,2,66,10,-1,-1,-1,-1,6,E01015355,0,1
2024010500471,2024,010500471,1,1,9,99,99,9,9,99,99,9,9,99,9,99,9,1,1,1,1,34,6,-1,-1,-1,-1,4,E01001420,0,1
2024010491239,2024,010491239,1,3,9,99,99,9,9,99,99,9,9,99,9,99,1,1,1,1,1,26,6,-1,-1,-1,-1,2,E01032575,0,1
2024201529074,2024,201529074,2,9,0,-1,4,8,4,-1,0,1,0,0,0,0,2,9,-1,6,2,38,7,-1,-1,-1,-1,1,E01009366,0,1
202417S105824,2024,17S105824,1,9,0,-1,4,4,8,-1,0,0,0,0,0,0,2,1,-1,6,2,70,10,-1,-1,-1,-1,1,E01012262,0,1
2024430167760,2024,430167760,2,9,0,10,10,8,6,0,0,1,0,0,0,0,2,1,6,6,1,55,8,-1,-1,-1,-1,10,E01016559,0,1
2024552400853,2024,552400853,1,1,0,18,19,2,6,9,9,0,0,0,0,0,1,1,6,6,3,-1,-1,-1,-1,-1,-1,-1,-1,0,-1
2024010487020,2024,010487020,1,9,0,7,7,1,4,0,0,1,0,11,0,0,4,1,6,6,2,47,8,-1,-1,-1,-1,3,E01002526,0,1
2024122401080,2024,122401080,1,9,0,18,19,3,7,0,0,0,0,0,2,4,1,1,6,6,1,74,10,-1,-1,-1,-1,4,E01007537,0,5
2024430009196,2024,430009196,1,9,0,18,19,4,8,0,0,8,0,0,1,10,1,1,6,6,1,56,9,-1,-1,-1,-1,7,E01017919,0,1
2024461476707,2024,461476707,1,9,0,-1,19,1,5,-1,0,0,0,4,0,0,1,2,-1,9,1,46,8,-1,-1,-1,-1,7,E01024350,0,1
2024311514734,2024,311514734,1,9,0,-1,19,3,7,-1,0,1,0,0,0,0,1,9,-1,6,3,-1,-1,-1,-1,-1,-1,-1,-1,0,-1
2024161535019,2024,161535019,1,-1,0,-1,19,1,5,-1,0,0,0,0,0,0,1,9,-1,6,2,-1,-1,-1,-1,-1,-1,9,E01012960,1,2
2024131402146,2024,131402146,1,98,0,-1,-1,-1,-1,-1,-1,-1,-1,-1,-1,0,-1,1,-1,6,3,-1,-1,-1,-1,-1,-1,-1,-1,0,-1
2024302400780,2024,302400780,1,9,0,9,9,4,2,0,0,6,1,0,0,0,3,1,6,6,1,22,5,-1,-1,-1,-1,8,E01013540,0,1
2024340WN7242,2024,340WN7242,1,21,1,-1,11,5,1,-1,0,0,0,0,0,0,4,1,-1,6,3,-1,-1,-1,-1,-1,-1,-1,-1,0,-1
2024010496890,2024,010496890,1,9,0,99,99,9,9,99,99,9,9,99,9,99,1,9,6,6,3,-1,-1,-1,-1,-1,-1,-1,-1,0,-1
2024201425361,2024,201425361,2,1,0,-1,19,4,8,-1,0,3,0,0,0,0,4,1,-1,6,1,55,8,-1,-1,-1,-1,1,E01009326,0,1
2024552401031,2024,552401031,1,19,0,9,9,8,6,0,0,5,0,0,0,0,1,1,6,6,3,-1,-1,-1,-1,-1,-1,-1,-1,0,-1
2024010516895,2024,010516895,2,1,9,18,19,3,7,0,0,1,9,99,9,99,4,1,6,6,2,13,3,-1,-1,-1,-1,3,E01002215,0,1
2024010494325,2024,010494325,1,9,0,1,1,9,9,99,99,1,9,99,9,99,2,1,6,6,1,60,9,-1,-1,-1,-1,3,E01034830,0,4
2024221461247,2024,221461247,2,1,0,-1,19,4,8,-1,0,0,0,0,0,0,3,1,-1,9,1,47,8,-1,-1,-1,-1,-1,-1,0,-1
2024010531820,2024,010531820,2,1,9,99,99,9,9,99,99,9,9,99,9,99,9,1,2,2,1,34,6,-1,-1,-1,-1,2,E01001161,0,2
2024041501953,2024,041501953,1,9,0,-1,19,-1,-1,-1,0,0,0,0,0,0,4,9,-1,6,3,-1,-1,-1,-1,-1,-1,-1,-1,0,-1
2024522401601,2024,522401601,2,19,0,18,19,2,6,0,0,1,0,0,0,0,1,1,6,6,1,-1,-1,-1,-1,-1,-1,-1,-1,0,-1
2024052402042,2024,052402042,1,1,0,17,19,2,6,0,0,0,0,0,0,0,1,1,4,7,1,13,3,-1,-1,-1,-1,5,E01006670,0,1
2024010525014,2024,010525014,2,1,0,18,19,5,1,0,0,8,5,0,0,0,1,1,2,2,1,26,6,-1,-1,-1,-1,5,E01001736,0,1
202417L100624,2024,17L100624,2,9,0,7,7,6,8,0,0,8,0,0,0,0,1,1,6,6,3,-1,-1,-1,-1,-1,-1,-1,-1,0,-1
2024101533229,2024,101533229,1,9,0,-1,20,3,1,-1,0,0,0,0,0,0,1,9,-1,6,3,-1,-1,-1,-1,-1,-1,-1,-1,0,-1
2024211466597,2024,211466597,2,9,0,-1,3,8,4,-1,0,0,0,0,0,0,2,1,-1,9,1,28,6,-1,-1,-1,-1,3,E01029549,0,1
2024430380172,2024,430380172,2,1,0,18,19,8,4,0,0,8,0,0,0,0,2,1,6,6,1,56,9,-1,-1,-1,-1,10,E01017849,0,3
2024440256481,2024,440256481,1,3,0,18,19,7,3,0,0,0,0,0,0,0,3,1,1,1,1,24,5,-1,-1,-1,-1,10,E01023247,0,3
2024440375126,2024,440375126,1,5,0,18,19,1,5,0,0,4,0,0,0,0,1,1,6,6,1,19,4,-1,-1,-1,-1,8,E01023234,0,4
2024351422800,2024,351422800,2,-1,-1,-1,-1,-1,-1,-1,-1,0,-1,-1,-1,0,-1,9,-1,2,1,46,8,-1,-1,-1,-1,6,E01017997,1,1
2024061485687,2024,061485687,2,9,9,-1,7,-1,-1,-1,0,0,0,0,0,0,1,1,-1,6,3,-1,-1,-1,-1,-1,-1,-1,-1,0,-1
2024061460004,2024,061460004,1,9,0,-1,9,5,2,-1,0,0,0,0,0,0,1,1,-1,6,2,46,8,-1,-1,-1,-1,-1,-1,0,-1
2024010493694,2024,010493694,2,9,0,18,19,1,5,0,0,0,0,0,0,0,0,1,1,1,1,23,5,-1,-1,-1,-1,5,E01003666,0,1
2024010491677,2024,010491677,1,3,0,99,99,9,9,99,99,9,9,99,9,99,9,1,2,2,1,56,9,-1,-1,-1,-1,4,E01034383,0,1
2024010541102,2024,010541102,1,1,9,99,99,9,9,99,99,9,9,99,9,99,1,1,6,6,2,27,6,-1,-1,-1,-1,3,E01035498,0,1
2024161516225,2024,161516225,2,1,0,-1,19,6,2,-1,0,0,0,0,0,0,1,1,-1,6,1,30,6,-1,-1,-1,-1,2,E01012872,0,1
2024010505285,2024,010505285,1,3,5,3,3,5,1,2,2,5,0,10,0,0,0,1,2,2,1,38,7,-1,-1,-1,-1,6,E01000911,0,1
2024010532769,2024,010532769,2,9,0,99,99,9,9,99,99,9,9,99,9,99,1,9,6,6,3,-1,-1,-1,-1,-1,-1,-1,-1,0,-1
2024161462098,2024,161462098,2,9,0,-1,9,1,7,-1,0,1,0,0,0,0,-1,9,-1,6,1,-1,-1,-1,-1,-1,-1,-1,-1,0,-1
2024131499698,2024,131499698,1,9,0,-1,12,7,3,-1,0,0,0,0,0,0,1,1,-1,9,1,34,6,-1,-1,-1,-1,6,E01014173,0,5
2024010487110,2024,010487110,1,2,0,18,19,3,7,0,0,1,0,0,0,0,1,1,1,1,1,40,7,-1,-1,-1,-1,5,E01003272,0,1
2024501531812,2024,501531812,2,9,0,-1,13,5,1,-1,0,1,0,0,0,0,1,1,-1,2,1,21,5,-1,-1,-1,-1,3,E01015270,0,1
2024471475321,2024,471475321,1,-1,0,-1,9,3,1,-1,0,1,0,0,0,0,1,1,-1,9,2,18,4,-1,-1,-1,-1,6,E01031673,1,1
2024631423557,2024,631423557,1,98,0,-1,19,3,6,-1,0,0,5,0,2,10,4,1,-1,7,2,52,8,-1,-1,-1,-1,8,W01000440,0,3
2024131395486,2024,131395486,2,9,0,-1,11,7,3,-1,0,0,0,0,0,0,4,1,-1,9,2,39,7,-1,-1,-1,-1,2,E01005220,0,4
2024211456812,2024,211456812,1,9,0,-1,3,3,7,-1,0,0,0,0,0,0,1,1,-1,6,2,29,6,-1,-1,-1,-1,-1,-1,0,-1
2024451469060,2024,451469060,1,1,0,-1,19,6,2,-1,9,0,0,0,0,0,0,1,-1,9,1,24,5,-1,-1,-1,-1,6,E01002616,0,2
2024141458199,2024,141458199,1,9,0,-1,19,3,7,-1,0,1,0,0,0,0,1,9,-1,6,3,16,4,-1,-1,-1,-1,-1,-1,0,-1
2024041442753,2024,041442753,2,1,0,-1,19,5,2,-1,0,8,0,0,0,0,1,1,-1,9,1,40,7,-1,-1,-1,-1,1,E01012621,0,1
2024552401109,2024,552401109,2,9,0,18,19,1,5,0,0,8,1,0,0,0,1,1,6,6,1,34,6,-1,-1,-1,-1,6,E01020442,0,1
2024101439598,2024,101439598,1,9,0,-1,9,7,5,-1,0,0,0,0,0,0,1,9,-1,6,1,-1,-1,-1,-1,-1,-1,-1,-1,0,-1
2024010488023,2024,010488023,2,8,9,99,99,9,9,99,99,9,9,99,9,99,9,9,6,6,3,-1,-1,-1,-1,-1,-1,-1,-1,0,-1
2024010495196,2024,010495196,2,9,0,99,99,9,9,99,99,9,9,99,9,99,1,9,6,6,3,-1,-1,-1,-1,-1,-1,-1,-1,0,-1
2024010545412,2024,010545412,2,1,0,18,19,5,1,0,0,1,0,0,0,0,1,1,2,2,1,40,7,-1,-1,-1,-1,2,E01001441,0,1
2024461394505,2024,461394505,4,11,0,-1,4,4,2,-1,0,2,0,0,0,0,0,1,-1,1,1,18,4,-1,-1,-1,-1,1,E01024615,0,1
2024010495852,2024,010495852,1,19,0,99,99,9,9,99,99,9,9,99,9,99,9,9,6,6,3,-1,-1,-1,-1,-1,-1,8,E01002453,0,4
2024010525485,2024,010525485,2,1,0,3,3,1,5,0,0,8,0,0,0,0,1,1,1,1,2,51,8,-1,-1,-1,-1,3,E01002102,0,1
2024010501603,2024,010501603,1,9,0,99,99,9,9,99,99,9,9,99,9,99,2,9,1,1,1,48,8,-1,-1,-1,-1,7,E01002617,0,3
2024161400138,2024,161400138,2,22,0,-1,5,1,5,-1,0,6,5,0,0,0,4,1,-1,6,2,68,10,-1,-1,-1,-1,1,E01012798,0,1
2024411541888,2024,411541888,2,9,0,-1,12,5,1,-1,0,0,0,0,0,0,2,1,-1,6,1,55,8,-1,-1,-1,-1,5,E01001590,0,4
2024552401056,2024,552401056,1,-1,0,18,19,8,4,0,0,0,0,0,0,0,1,1,6,6,1,18,4,-1,-1,-1,-1,4,E01015374,1,1
2024461421714,2024,461421714,2,9,0,-1,4,3,7,-1,0,0,0,0,0,0,2,1,-1,9,2,62,9,-1,-1,-1,-1,6,E01016080,0,1
2024211468124,2024,211468124,1,9,0,-1,19,3,7,-1,0,0,0,0,0,0,1,1,-1,6,1,24,5,-1,-1,-1,-1,-1,-1,0,-1
2024010502590,2024,010502590,2,1,0,18,19,7,3,0,0,1,0,0,0,0,4,1,6,6,1,27,6,-1,-1,-1,-1,3,E01002595,0,2
2024340NN4322,2024,340NN4322,1,9,0,-1,19,7,3,-1,0,3,0,0,0,0,1,1,-1,6,3,-1,-1,-1,-1,-1,-1,-1,-1,0,-1
2024421530523,2024,421530523,1,99,-1,-1,19,-1,-1,-1,0,0,-1,-1,-1,0,-1,9,-1,6,3,-1,-1,-1,-1,-1,-1,-1,-1,0,-1
2024010489664,2024,010489664,1,1,9,99,99,9,9,99,99,9,9,99,9,99,2,1,6,6,1,26,6,-1,-1,-1,-1,4,E01003578,0,1
2024010493829,2024,010493829,1,9,0,18,19,5,1,0,0,4,0,0,0,0,1,1,6,6,2,29,6,-1,-1,-1,-1,10,E01000811,0,1
2024010523264,2024,010523264,1,1,9,99,99,9,9,99,99,9,9,99,9,99,2,1,6,6,1,30,6,-1,-1,-1,-1,5,E01002565,0,2
202454C463824,2024,54C463824,2,1,0,5,5,7,3,0,0,4,0,0,0,0,3,1,6,6,1,37,7,-1,-1,-1,-1,10,E01015533,0,1
2024610013024,2024,610013024,2,9,0,2,2,0,0,0,0,4,0,0,0,0,0,1,6,6,1,40,7,-1,-1,-1,-1,5,W01001521,0,1
2024010535467,2024,010535467,2,1,0,18,19,5,1,0,0,8,0,0,0,0,3,1,2,2,1,27,6,-1,-1,-1,-1,3,E01001747,0,1
2024451497490,2024,451497490,2,9,0,-1,19,3,3,-1,0,0,0,0,0,0,2,1,-1,9,1,49,8,-1,-1,-1,-1,3,E01030608,0,1
2024010533324,2024,010533324,1,1,0,18,19,5,1,0,0,0,0,0,0,0,1,1,6,6,2,48,8,-1,-1,-1,-1,6,E01001245,0,1
2024991510583,2024,991510583,1,23,0,-1,4,4,1,-1,0,1,0,4,0,0,1,1,-1,8,1,24,5,-1,-1,-1,-1,2,-1,0,1
2024451455883,2024,451455883,1,9,0,-1,19,5,1,-1,0,1,0,0,0,0,1,9,-1,6,3,45,7,-1,-1,-1,-1,-1,-1,0,-1
2024010501227,2024,010501227,2,1,0,9,9,8,6,0,0,1,0,0,0,0,1,1,6,6,1,21,5,-1,-1,-1,-1,-1,-1,0,-1
2024010550249,2024,010550249,2,1,9,99,99,9,9,99,99,9,9,99,9,99,0,1,2,2,1,40,7,-1,-1,-1,-1,5,E01001138,0,1
2024221529385,2024,221529385,1,3,0,-1,19,8,4,-1,0,4,0,0,0,0,1,1,-1,6,1,24,5,-1,-1,-1,-1,-1,-1,0,-1
2024201401203,2024,201401203,2,1,0,-1,19,6,2,-1,0,8,0,0,0,0,3,1,-1,1,1,29,6,-1,-1,-1,-1,1,E01010410,0,1
2024010497040,2024,010497040,1,5,0,18,19,7,3,0,0,2,0,0,1,0,3,1,6,6,1,49,8,-1,-1,-1,-1,10,E01024474,0,2
2024141408179,2024,141408179,1,9,0,-1,9,5,4,-1,0,1,0,0,0,0,1,1,-1,2,1,63,9,-1,-1,-1,-1,8,E01007839,0,1
2024221402026,2024,221402026,1,9,0,-1,9,4,2,-1,0,5,0,0,0,0,1,9,-1,7,2,33,6,-1,-1,-1,-1,3,E01013992,0,1
2024201431814,2024,201431814,1,3,0,-1,15,2,7,-1,0,0,0,0,0,0,2,1,-1,2,1,22,5,-1,-1,-1,-1,1,E01009048,0,1
2024440164576,2024,440164576,1,9,0,18,19,8,4,0,0,1,0,0,0,0,1,1,6,6,2,35,6,-1,-1,-1,-1,4,E01017282,0,3
2024631535459,2024,631535459,1,9,0,-1,19,8,4,-1,0,0,5,4,0,0,1,1,-1,9,2,67,10,-1,-1,-1,-1,4,W01000605,0,1
2024010519157,2024,010519157,1,9,0,18,19,1,5,0,0,1,0,0,0,0,2,1,6,6,3,-1,-1,-1,-1,-1,-1,-1,-1,0,-1
2024101476044,2024,101476044,1,11,0,-1,2,0,0,-1,0,8,0,0,0,0,0,1,-1,1,3,-1,-1,-1,-1,-1,-1,-1,-1,0,-1
2024161495156,2024,161495156,1,1,0,-1,5,5,2,-1,9,1,0,0,0,0,1,1,-1,2,2,40,7,-1,-1,-1,-1,6,E01013039,0,1
2024010543718,2024,010543718,1,1,9,99,99,9,9,4,4,1,9,99,9,99,1,1,6,6,1,40,7,-1,-1,-1,-1,9,E01001377,0,1
2024471462433,2024,471462433,3,-1,0,-1,19,2,7,-1,0,0,0,0,0,0,0,1,-1,6,2,12,3,-1,-1,-1,-1,6,E01035330,1,1
2024991496419,2024,991496419,2,1,0,-1,9,1,7,-1,0,8,0,0,0,0,1,1,-1,6,1,26,6,-1,-1,-1,-1,9,-1,0,1
2024010537921,2024,010537921,1,9,0,18,19,8,4,0,0,1,0,0,0,0,1,1,6,6,3,-1,-1,-1,-1,-1,-1,-1,-1,0,-1
2024501498690,2024,501498690,1,9,0,-1,1,7,3,-1,0,0,0,0,0,0,2,1,-1,1,1,33,6,-1,-1,-1,-1,4,E01019919,0,3
2024430556498,2024,430556498,2,1,0,18,19,4,8,0,0,8,0,0,3,0,1,1,6,6,1,21,5,-1,-1,-1,-1,8,E01016748,0,1
2024201450401,2024,201450401,2,9,0,-1,10,6,4,-1,0,6,0,0,0,0,1,9,-1,2,1,65,9,-1,-1,-1,-1,2,E01009395,0,1
2024522401870,2024,522401870,1,1,0,10,10,3,1,0,0,8,0,0,0,0,2,1,6,6,2,34,6,-1,-1,-1,-1,2,E01014486,0,1
2024311482074,2024,311482074,1,22,0,-1,19,3,7,-1,9,0,0,0,0,0,1,1,-1,6,1,20,4,-1,-1,-1,-1,-1,-1,0,-1
2024461474564,2024,461474564,1,1,0,-1,19,7,3,-1,9,8,0,0,0,0,1,1,-1,6,1,16,4,-1,-1,-1,-1,3,E01035312,0,3
2024010494229,2024,010494229,1,4,0,99,99,9,9,99,99,9,9,99,9,99,9,1,1,1,1,44,7,-1,-1,-1,-1,1,E01002040,0,1
2024101401105,2024,101401105,1,9,0,-1,4,7,3,-1,0,0,0,0,0,0,0,1,-1,6,3,-1,-1,-1,-1,-1,-1,-1,-1,0,-1
2024471481221,2024,471481221,2,9,0,-1,19,1,5,-1,0,0,0,0,0,0,3,1,-1,6,3,-1,-1,-1,-1,-1,-1,-1,-1,0,-1
2024302401149,2024,302401149,2,1,0,18,19,5,1,0,0,8,0,0,0,0,4,1,6,6,1,59,9,-1,-1,-1,-1,2,E01013521,0,1
2024541466724,2024,541466724,1,9,0,13,13,7,3,0,0,2,1,10,7,11,3,1,2,2,1,41,7,-1,-1,-1,-1,10,E01031924,0,3
2024622400154,2024,622400154,1,9,0,5,5,4,8,0,0,2,0,0,0,0,1,1,6,6,3,-1,-1,-1,-1,-1,-1,-1,-1,0,-1
2024122400898,2024,122400898,2,1,0,18,19,4,8,0,0,1,1,0,0,0,1,1,6,6,1,10,2,-1,-1,-1,-1,1,E01027819,0,1
2024101473985,2024,101473985,1,-1,0,-1,19,1,5,-1,0,0,0,0,0,0,0,1,-1,6,1,38,7,-1,-1,-1,-1,-1,-1,1,-1
2024010493596,2024,010493596,1,9,0,9,9,7,4,0,0,1,0,0,0,0,3,1,2,2,2,57,9,-1,-1,-1,-1,2,E01001577,0,1
2024401435083,2024,401435083,2,-1,0,-1,5,1,5,-1,9,0,0,0,0,0,1,1,-1,6,1,14,3,-1,-1,-1,-1,3,E01015737,1,1
2024122401240,2024,122401240,1,9,0,18,19,3,8,0,0,0,0,0,0,0,1,9,6,6,3,-1,-1,-1,-1,-1,-1,-1,-1,0,-1
2024070715576,2024,070715576,2,1,0,-1,19,3,7,-1,0,8,0,0,0,0,3,1,-1,6,1,13,3,-1,-1,-1,-1,3,E01018378,0,1
2024552400880,2024,552400880,1,9,0,9,9,7,4,0,0,6,0,0,0,0,1,1,6,6,3,-1,-1,-1,-1,-1,-1,-1,-1,0,-1
2024201513025,2024,201513025,1,9,0,-1,19,8,4,-1,0,0,0,0,0,0,1,1,-1,6,1,50,8,-1,-1,-1,-1,-1,-1,0,-1
2024545458624,2024,545458624,1,98,1,18,19,6,1,0,0,0,0,0,0,0,3,1,6,6,1,38,7,-1,-1,-1,-1,-1,-1,0,-1
2024131458098,2024,131458098,2,9,0,-1,3,1,5,-1,0,8,0,0,0,0,2,1,-1,9,2,29,6,-1,-1,-1,-1,4,E01010598,0,1
2024430438466,2024,430438466,1,3,0,18,19,2,6,0,0,1,0,0,0,0,1,1,1,1,2,48,8,-1,-1,-1,-1,3,E01017580,0,2
2024131456928,2024,131456928,1,9,0,-1,9,3,7,-1,0,0,0,0,1,11,1,1,-1,9,1,23,5,-1,-1,-1,-1,3,E01034585,0,1
2024302400174,2024,302400174,1,9,0,6,6,1,1,0,0,0,0,0,0,0,1,1,6,6,1,53,8,-1,-1,-1,-1,8,E01028348,0,4
2024340WN5952,2024,340WN5952,2,1,0,-1,19,3,7,-1,0,8,0,0,0,0,3,1,-1,6,2,22,5,-1,-1,-1,-1,3,E01026992,0,1
2024010547469,2024,010547469,2,11,0,2,2,0,0,0,0,0,0,0,0,0,0,1,6,6,3,-1,-1,-1,-1,-1,-1,-1,-1,0,-1
2024471522446,2024,471522446,1,9,0,-1,19,6,2,-1,0,0,0,0,0,0,1,2,-1,9,2,60,9,-1,-1,-1,-1,-1,-1,0,-1
2024540377624,2024,540377624,2,9,0,18,19,4,8,0,0,1,0,0,0,0,1,1,6,6,1,80,11,-1,-1,-1,-1,6,E01031893,0,3
2024430373212,2024,430373212,1,8,0,99,99,9,9,0,0,0,0,0,0,0,9,9,6,6,1,35,6,-1,-1,-1,-1,-1,-1,0,-1
2024531484230,2024,531484230,1,9,0,-1,9,8,6,-1,0,8,0,0,0,0,3,1,-1,9,1,33,6,-1,-1,-1,-1,-1,-1,0,-1
2024010509197,2024,010509197,2,9,0,99,99,9,9,99,99,9,9,99,9,99,1,9,6,6,3,-1,-1,-1,-1,-1,-1,-1,-1,0,-1
2024201434301,2024,201434301,1,9,0,-1,9,6,4,-1,0,6,0,0,0,0,1,9,-1,6,1,30,6,-1,-1,-1,-1,-1,-1,0,-1
2024122400705,2024,122400705,2,1,0,18,19,5,2,0,0,8,0,0,0,0,4,1,6,6,1,81,11,-1,-1,-1,-1,9,E01011419,0,2
2024131440032,2024,131440032,2,23,0,-1,14,1,5,-1,0,1,0,0,0,0,-1,1,-1,6,3,-1,-1,-1,-1,-1,-1,-1,-1,0,-1
2024552401386,2024,552401386,1,9,0,18,19,6,2,0,0,0,0,0,0,0,1,1,6,6,2,84,11,-1,-1,-1,-1,5,E01020462,0,1
2024010490981,2024,010490981,2,9,0,18,19,1,5,0,0,8,0,0,0,0,1,1,6,6,3,-1,-1,-1,-1,-1,-1,-1,-1,0,-1
2024131475775,2024,131475775,1,1,0,-1,19,7,3,-1,9,0,0,0,0,0,1,1,-1,6,3,32,6,-1,-1,-1,-1,1,E01011316,0,1
2024061473182,2024,061473182,1,23,0,-1,5,1,3,-1,9,0,0,0,0,0,1,1,-1,9,2,33,6,-1,-1,-1,-1,2,E01004972,0,1
2024010493325,2024,010493325,2,9,0,18,19,7,3,0,0,6,0,0,0,0,1,1,6,6,1,20,4,-1,-1,-1,-1,8,E01000574,0,1
2024991475331,2024,991475331,2,9,0,-1,19,6,2,-1,0,0,0,0,0,0,3,2,-1,9,1,46,8,-1,-1,-1,-1,-1,-1,0,-1
2024010498678,2024,010498678,1,1,9,99,99,9,9,99,99,0,9,99,9,99,9,1,6,6,1,34,6,-1,-1,-1,-1,4,E01002047,0,1
2024010489130,2024,010489130,1,9,0,9,9,3,1,0,0,8,0,0,0,0,1,1,6,6,1,72,10,-1,-1,-1,-1,4,E01000571,0,3
2024052400154,2024,052400154,2,1,0,18,19,3,5,0,0,5,0,0,1,0,0,1,6,6,1,27,6,-1,-1,-1,-1,1,E01006692,0,1