collision_index,collision_year,collision_ref_no,vehicle_reference,vehicle_type,towing_and_articulation,vehicle_manoeuvre_historic,vehicle_manoeuvre,vehicle_direction_from,vehicle_direction_to,vehicle_location_restricted_lane_historic,vehicle_location_restricted_lane,junction_location,skidding_and_overturning,hit_object_in_carriageway,vehicle_leaving_carriageway,hit_object_off_carriageway,first_point_of_impact,vehicle_left_hand_drive,journey_purpose_of_driver_historic,journey_purpose_of_driver,sex_of_driver,age_of_driver,age_band_of_driver,engine_capacity_cc,propulsion_code,age_of_vehicle,generic_make_model,driver_imd_decile,lsoa_of_driver,escooter_flag,driver_distance_banding
2024011416663,2024,011416663,1,21,0,-1,-1,7,3,-1,-1,0,0,0,0,0,1,2,-1,-1,1,42,7,-1,-1,-1,-1,-1,-1,0,-1
2024010500512,2024,010500512,1,9,0,18,19,1,5,0,0,0,0,0,0,0,1,1,6,6,1,75,10,-1,-1,-1,-1,-1,-1,0,-1
2024471500911,2024,471500911,3,19,0,-1,3,4,8,-1,0,1,0,0,0,0,0,9,-1,6,3,-1,-1,-1,-1,-1,-1,-1,-1,0,-1
2024010493365,2024,010493365,1,9,0,9,9,2,8,0,0,8,0,0,0,0,1,1,6,6,1,45,7,-1,-1,-1,-1,7,E01003416,0,1
2024430118196,2024,430118196,1,9,0,4,4,6,2,0,0,0,0,0,0,0,2,1,6,6,2,45,7,-1,-1,-1,-1,-1,-1,0,-1
2024010537531,2024,010537531,1,1,9,99,99,9,9,99,99,9,9,99,9,99,9,1,2,2,1,61,9,-1,-1,-1,-1,2,E01003207,0,1
2024010500477,2024,010500477,1,9,0,1,1,3,7,0,0,0,0,0,0,0,2,1,6,6,1,22,5,-1,-1,-1,-1,1,E01002026,0,2
2024101514663,2024,101514663,1,9,0,-1,19,3,7,-1,0,3,0,0,0,0,0,9,-1,6,3,-1,-1,-1,-1,-1,-1,-1,-1,0,-1
2024070801352,2024,070801352,3,16,0,-1,19,7,3,-1,0,0,0,0,0,0,2,1,-1,9,2,51,8,-1,-1,-1,-1,7,E01018372,0,3
2024991489380,2024,991489380,2,9,0,-1,2,0,0,-1,0,1,0,0,0,0,2,1,-1,9,2,63,9,-1,-1,-1,-1,9,-1,0,1
2024010505403,2024,010505403,1,3,0,99,99,9,9,99,99,9,9,99,9,99,1,1,6,6,3,-1,-1,-1,-1,-1,-1,-1,-1,0,-1
2024131525548,2024,131525548,2,1,0,-1,19,3,7,-1,4,1,0,0,0,0,3,1,-1,6,1,30,6,-1,-1,-1,-1,2,E01011594,0,1
2024622400390,2024,622400390,2,23,0,9,9,4,2,0,0,8,0,0,0,0,1,1,1,1,1,25,5,-1,-1,-1,-1,4,W01001760,0,1
2024471465487,2024,471465487,1,9,0,-1,19,5,1,-1,0,0,1,0,1,2,3,1,-1,9,2,40,7,-1,-1,-1,-1,10,E01031820,0,1
2024411471231,2024,411471231,1,9,0,-1,3,1,5,-1,0,3,0,0,0,0,0,1,-1,6,2,25,5,-1,-1,-1,-1,5,E01017586,0,4
2024201469443,2024,201469443,1,9,0,-1,7,6,8,-1,0,5,0,0,0,0,1,1,-1,6,1,50,8,-1,-1,-1,-1,9,E01035477,0,5
2024461469290,2024,461469290,1,9,0,-1,19,7,3,-1,0,8,0,0,0,0,1,1,-1,1,1,24,5,-1,-1,-1,-1,2,E01035297,0,2
2024520400802,2024,520400802,1,9,0,18,19,4,2,0,0,2,0,0,0,0,1,1,6,6,2,21,5,-1,-1,-1,-1,6,E01029045,0,1
2024010495655,2024,010495655,1,9,0,9,9,5,2,0,0,6,0,0,0,0,1,1,6,6,1,44,7,-1,-1,-1,-1,6,E01004046,0,3
2024131447876,2024,131447876,2,1,0,-1,19,1,3,-1,0,8,0,0,0,0,2,1,-1,6,-1,-1,-1,-1,-1,-1,-1,-1,-1,0,-1
2024010491901,2024,010491901,2,9,0,5,5,7,3,0,0,6,0,0,0,0,1,1,6,6,1,23,5,-1,-1,-1,-1,3,E01034204,0,1
2024010503310,2024,010503310,1,1,9,99,99,9,9,99,99,9,9,99,9,99,9,1,2,2,2,33,6,-1,-1,-1,-1,6,E01002062,0,1
2024302401689,2024,302401689,1,9,0,-1,11,1,6,-1,0,8,0,0,0,0,4,1,-1,6,3,-1,-1,-1,-1,-1,-1,5,E01019456,0,4
2024546207924,2024,546207924,2,9,0,18,19,8,4,0,0,0,0,0,0,0,3,1,6,6,3,-1,-1,-1,-1,-1,-1,-1,-1,0,-1
2024531541993,2024,531541993,1,98,0,-1,9,7,5,-1,0,0,0,0,0,0,4,1,-1,9,1,24,5,-1,-1,-1,-1,5,E01014059,0,4
2024010510238,2024,010510238,2,19,0,99,99,9,9,99,99,9,9,99,9,99,1,9,6,6,3,-1,-1,-1,-1,-1,-1,-1,-1,0,-1
2024311481566,2024,311481566,1,9,0,-1,19,1,5,-1,0,0,1,0,0,0,1,1,-1,6,2,65,9,-1,-1,-1,-1,9,E01028178,0,1
2024440017318,2024,440017318,1,9,0,5,5,6,2,0,0,0,0,0,0,0,1,1,6,6,1,-1,-1,-1,-1,-1,-1,-1,-1,0,-1
2024131458433,2024,131458433,1,9,0,-1,-1,-1,-1,-1,-1,-1,-1,-1,-1,-1,-1,1,-1,6,3,-1,-1,-1,-1,-1,-1,-1,-1,0,-1
2024101438222,2024,101438222,1,9,-1,-1,19,6,2,-1,0,0,0,0,0,0,1,9,-1,6,3,-1,-1,-1,-1,-1,-1,-1,-1,0,-1
2024320334340,2024,320334340,1,9,0,7,7,4,6,0,0,2,0,0,0,0,0,1,6,6,3,-1,-1,-1,-1,-1,-1,-1,-1,0,-1
2024430161794,2024,430161794,2,1,0,18,19,8,4,0,0,4,0,0,0,0,3,1,6,6,2,56,9,-1,-1,-1,-1,8,E01017653,0,1
2024010495265,2024,010495265,1,9,0,99,99,9,9,99,99,5,9,99,9,99,9,9,6,6,1,52,8,-1,-1,-1,-1,4,E01002441,0,1
2024471458352,2024,471458352,1,98,0,-1,19,7,3,-1,0,2,0,0,0,0,1,1,-1,2,1,40,7,-1,-1,-1,-1,1,E01017112,0,3
2024071071576,2024,071071576,1,21,1,-1,12,7,3,-1,0,0,0,0,0,0,0,9,-1,6,3,-1,-1,-1,-1,-1,-1,-1,-1,0,-1
2024430234717,2024,430234717,1,9,0,18,19,2,6,0,0,4,0,0,0,0,2,1,6,6,1,72,10,-1,-1,-1,-1,3,E01035242,0,4
2024201501049,2024,201501049,2,19,0,-1,1,3,7,-1,0,0,0,0,0,0,2,1,-1,6,1,27,6,-1,-1,-1,-1,1,E01010286,0,1
2024010542265,2024,010542265,2,1,9,99,99,9,9,99,99,9,9,99,9,99,9,1,6,6,2,36,7,-1,-1,-1,-1,2,E01003245,0,1
2024010525803,2024,010525803,1,1,9,99,99,9,9,99,99,9,9,99,9,99,2,1,2,2,2,31,6,-1,-1,-1,-1,1,E01002783,0,1
2024371406765,2024,371406765,2,1,0,-1,19,8,4,-1,0,8,0,0,0,0,2,1,-1,2,2,48,8,-1,-1,-1,-1,6,E01029915,0,1
2024010504414,2024,010504414,2,9,0,99,99,9,9,99,99,9,9,99,9,99,1,9,6,6,3,-1,-1,-1,-1,-1,-1,3,E01002401,0,3
2024010494598,2024,010494598,1,4,0,15,15,3,7,4,4,1,1,0,0,0,1,1,6,6,1,75,10,-1,-1,-1,-1,9,E01003462,0,2
2024131520243,2024,131520243,2,9,0,-1,19,3,7,-1,0,1,0,0,0,0,1,1,-1,6,1,64,9,-1,-1,-1,-1,-1,-1,0,-1
2024991419604,2024,991419604,1,9,0,-1,19,5,1,-1,0,1,2,0,0,0,1,1,-1,9,1,34,6,-1,-1,-1,-1,8,-1,0,2
2024610057924,2024,610057924,1,5,0,5,5,9,9,0,0,1,0,0,0,0,1,1,6,6,1,59,9,-1,-1,-1,-1,1,W01001473,0,1
2024520403095,2024,520403095,1,9,0,18,19,4,8,0,0,0,0,0,0,0,3,1,6,6,3,-1,-1,-1,-1,-1,-1,-1,-1,0,-1
2024010512838,2024,010512838,1,1,9,99,99,9,9,99,99,9,9,99,9,99,1,1,6,6,1,26,6,-1,-1,-1,-1,4,E01001879,0,1
2024201428329,2024,201428329,2,1,0,-1,19,5,1,-1,0,1,5,0,0,0,1,1,-1,1,1,49,8,-1,-1,-1,-1,1,E01009396,0,1
2024122400959,2024,122400959,2,5,0,16,19,1,4,0,0,0,1,0,2,10,1,1,6,6,1,69,10,-1,-1,-1,-1,10,E01027732,0,3
2024061457543,2024,061457543,2,1,0,-1,19,6,2,-1,0,8,2,0,0,0,1,1,-1,9,1,58,9,-1,-1,-1,-1,5,E01004809,0,1
2024351402546,2024,351402546,2,1,0,-1,19,-1,-1,-1,0,8,0,0,0,0,9,1,-1,2,1,58,9,-1,-1,-1,-1,10,E01018295,0,1
2024071060212,2024,071060212,2,98,0,-1,2,0,0,-1,0,0,0,0,0,0,2,1,-1,1,1,36,7,-1,-1,-1,-1,1,E01013568,0,4
2024471432641,2024,471432641,2,9,0,-1,3,3,8,-1,0,4,0,0,0,0,1,1,-1,6,1,-1,-1,-1,-1,-1,-1,9,E01016980,0,3
2024501412713,2024,501412713,1,9,0,-1,4,3,7,-1,0,0,0,0,0,0,1,9,-1,6,3,-1,-1,-1,-1,-1,-1,-1,-1,0,-1
2024211517849,2024,211517849,2,9,0,-1,19,1,5,-1,0,0,0,0,0,0,1,1,-1,2,1,65,9,-1,-1,-1,-1,10,E01029657,0,1
2024332400013,2024,332400013,2,9,0,-1,19,1,5,-1,0,0,0,0,0,0,1,1,-1,6,1,47,8,-1,-1,-1,-1,1,E01013726,0,2
2024010505481,2024,010505481,2,1,0,18,19,1,5,4,4,1,2,0,0,0,0,1,2,2,1,29,6,-1,-1,-1,-1,4,E01002055,0,2
2024302400839,2024,302400839,2,9,0,17,19,6,4,0,0,0,0,0,1,0,3,1,1,1,1,34,6,-1,-1,-1,-1,7,E01019628,0,4
2024061441180,2024,061441180,1,1,0,-1,9,-1,-1,-1,0,6,9,0,0,0,9,1,-1,2,1,32,6,-1,-1,-1,-1,1,E01005317,0,1
2024552400584,2024,552400584,1,9,0,18,19,6,2,0,0,0,0,0,0,0,1,1,6,6,3,-1,-1,-1,-1,-1,-1,-1,-1,0,-1
2024622400652,2024,622400652,1,9,0,18,19,4,8,0,0,0,0,0,0,0,1,1,6,6,3,-1,-1,-1,-1,-1,-1,-1,-1,0,-1
2024161484700,2024,161484700,1,9,0,-1,19,2,4,-1,0,0,0,0,0,0,1,1,-1,6,1,30,6,-1,-1,-1,-1,-1,-1,0,-1
2024531466748,2024,531466748,1,9,0,-1,19,4,8,-1,0,0,0,0,0,0,1,9,-1,6,2,-1,-1,-1,-1,-1,-1,-1,-1,0,-1
2024522402538,2024,522402538,2,9,0,18,19,2,6,0,0,0,0,0,0,0,3,1,6,6,2,30,6,-1,-1,-1,-1,7,E01035109,0,4
2024010540479,2024,010540479,2,9,0,18,19,5,1,0,0,8,0,0,0,0,4,1,6,6,1,90,11,-1,-1,-1,-1,5,E01002011,0,1
2024201410758,2024,201410758,2,9,0,-1,3,2,6,-1,0,1,0,0,0,0,2,1,-1,6,1,52,8,-1,-1,-1,-1,1,E01034923,0,1
2024010537709,2024,010537709,2,9,0,13,13,1,5,0,0,1,0,0,0,0,1,1,6,6,1,20,4,-1,-1,-1,-1,7,E01003370,0,2
2024471495665,2024,471495665,2,9,0,-1,10,7,5,-1,0,1,0,0,0,0,1,1,-1,6,2,19,4,-1,-1,-1,-1,6,E01016990,0,2
2024440174039,2024,440174039,1,1,0,18,19,3,7,0,0,1,0,0,0,0,1,1,6,6,1,47,8,-1,-1,-1,-1,1,E01017167,0,1
2024131510421,2024,131510421,1,9,0,-1,19,1,5,-1,0,0,0,0,0,0,1,1,-1,1,1,31,6,-1,-1,-1,-1,5,E01011095,0,3
2024010536113,2024,010536113,2,1,9,99,99,9,9,99,99,9,9,99,9,99,9,1,6,6,3,-1,-1,-1,-1,-1,-1,7,E01004618,0,1
2024101511288,2024,101511288,1,9,0,-1,19,2,8,-1,0,2,0,0,0,0,0,9,-1,6,3,40,7,-1,-1,-1,-1,-1,-1,0,-1
2024430127697,2024,430127697,1,9,0,2,2,5,1,0,0,0,0,0,0,0,1,1,6,6,2,84,11,-1,-1,-1,-1,8,E01017670,0,2
2024451410057,2024,451410057,1,9,0,-1,19,5,1,-1,0,0,2,0,2,10,1,1,-1,6,1,26,6,-1,-1,-1,-1,3,E01030608,0,1
2024311537162,2024,311537162,1,9,0,-1,19,5,7,-1,0,0,0,0,0,0,1,1,-1,6,2,-1,-1,-1,-1,-1,-1,-1,-1,0,-1
2024461434461,2024,461434461,1,19,0,-1,5,7,3,-1,9,0,0,0,0,0,1,9,-1,9,1,54,8,-1,-1,-1,-1,7,E01000414,0,2
2024201450909,2024,201450909,1,9,0,-1,19,8,4,-1,0,1,0,0,0,0,1,9,-1,6,1,30,6,-1,-1,-1,-1,-1,-1,0,-1
2024010490329,2024,010490329,1,1,9,99,99,9,9,99,99,9,9,99,9,99,1,1,6,6,1,25,5,-1,-1,-1,-1,2,E01003246,0,1
2024430047512,2024,430047512,2,1,0,18,19,8,4,0,0,8,0,0,0,0,1,1,2,2,1,23,5,-1,-1,-1,-1,7,E01032943,0,1
2024161462386,2024,161462386,1,9,0,-1,19,1,5,-1,0,1,0,0,0,0,1,1,-1,6,1,-1,-1,-1,-1,-1,-1,-1,-1,0,-1
2024122400456,2024,122400456,1,1,0,18,19,7,3,0,0,0,0,0,0,0,2,1,6,6,2,57,9,-1,-1,-1,-1,8,E01011583,0,2
2024131407758,2024,131407758,2,1,0,-1,19,4,8,-1,0,8,5,0,0,0,4,1,-1,6,1,17,4,-1,-1,-1,-1,2,E01010792,0,1
2024610014424,2024,610014424,2,19,0,9,9,5,3,0,0,1,0,0,0,0,2,1,1,1,1,56,9,-1,-1,-1,-1,2,W01001483,0,1
2024440065968,2024,440065968,1,9,0,2,2,0,0,0,0,0,0,0,0,0,4,1,6,6,3,-1,-1,-1,-1,-1,-1,-1,-1,0,-1
2024010511359,2024,010511359,2,1,0,18,19,1,5,0,0,3,2,0,0,0,2,1,6,6,1,64,9,-1,-1,-1,-1,10,E01002317,0,1
2024991488858,2024,991488858,2,1,0,-1,19,8,4,-1,0,1,1,0,0,0,1,1,-1,2,2,55,8,-1,-1,-1,-1,1,-1,0,1
2024430123399,2024,430123399,1,1,0,18,19,7,3,5,5,1,0,0,0,0,1,1,6,6,1,43,7,-1,-1,-1,-1,6,E01032692,0,4
202417M109724,2024,17M109724,1,1,0,-1,19,2,6,-1,0,8,0,0,0,0,1,1,-1,9,1,65,9,-1,-1,-1,-1,2,E01012081,0,1
2024010521168,2024,010521168,2,9,9,99,99,9,9,99,99,9,9,99,9,99,9,9,6,6,3,-1,-1,-1,-1,-1,-1,-1,-1,0,-1
2024531457858,2024,531457858,1,9,0,-1,9,3,7,-1,0,6,0,0,0,0,3,1,-1,2,1,42,7,-1,-1,-1,-1,10,E01022118,0,1
2024161496706,2024,161496706,2,9,9,-1,99,1,5,-1,99,0,9,99,9,0,9,9,-1,6,2,-1,-1,-1,-1,-1,-1,-1,-1,0,-1
2024010540781,2024,010540781,1,-1,0,18,19,2,6,0,0,1,0,7,0,0,1,1,6,6,1,35,6,-1,-1,-1,-1,3,E01003522,1,1
2024201442929,2024,201442929,2,9,0,-1,19,7,3,-1,0,4,0,0,0,0,3,9,-1,6,1,-1,-1,-1,-1,-1,-1,1,E01010414,0,2
2024010529682,2024,010529682,1,9,0,99,99,9,9,99,99,9,9,99,9,99,9,9,6,6,3,-1,-1,-1,-1,-1,-1,-1,-1,0,-1
2024440250641,2024,440250641,2,9,0,5,5,1,5,0,0,6,0,0,0,0,0,1,6,6,3,-1,-1,-1,-1,-1,-1,-1,-1,0,-1
2024540019624,2024,540019624,1,9,0,4,4,3,7,0,0,4,0,0,0,0,1,1,6,6,3,-1,-1,-1,-1,-1,-1,-1,-1,0,-1
2024010545633,2024,010545633,2,1,0,18,19,3,7,4,4,1,0,10,0,0,1,1,6,6,1,33,6,-1,-1,-1,-1,3,E01004287,0,1
2024361483919,2024,361483919,1,9,0,-1,19,8,4,-1,0,0,0,0,0,0,0,9,-1,6,3,-1,-1,-1,-1,-1,-1,-1,-1,0,-1
2024631495692,2024,631495692,2,1,0,-1,19,1,5,-1,0,0,0,0,0,0,1,1,-1,9,1,43,7,-1,-1,-1,-1,7,W01000558,0,2
2024010536570,2024,010536570,1,1,0,4,4,5,1,0,0,1,1,0,0,0,1,1,6,6,2,31,6,-1,-1,-1,-1,6,E01000530,0,1
2024101493062,2024,101493062,2,1,-1,-1,12,4,8,-1,0,0,0,0,0,0,3,1,-1,6,1,30,6,-1,-1,-1,-1,4,E01008244,0,1
2024440128450,2024,440128450,1,1,0,18,19,4,8,0,0,8,0,0,0,0,3,1,6,6,1,30,6,-1,-1,-1,-1,5,E01017160,0,1
2024010542197,2024,010542197,1,9,0,99,99,9,9,99,99,9,9,99,9,99,1,9,6,6,3,-1,-1,-1,-1,-1,-1,-1,-1,0,-1
2024010541995,2024,010541995,2,1,0,18,19,1,5,0,0,2,0,0,0,0,3,1,6,6,1,59,9,-1,-1,-1,-1,8,E01001888,0,2
2024401431707,2024,401431707,2,1,-1,-1,-1,-1,-1,-1,-1,-1,-1,-1,-1,0,-1,1,-1,9,1,66,10,-1,-1,-1,-1,10,E01023749,0,3
2024010490133,2024,010490133,1,9,0,99,99,9,9,0,0,1,0,0,0,0,9,1,6,6,1,59,9,-1,-1,-1,-1,4,E01004187,0,1
2024041522240,2024,041522240,1,9,0,-1,19,5,1,-1,0,0,0,0,0,0,1,1,-1,9,2,44,7,-1,-1,-1,-1,8,E01025436,0,2
2024052400213,2024,052400213,1,9,0,1,1,2,6,0,0,0,0,0,0,0,2,1,6,6,3,-1,-1,-1,-1,-1,-1,-1,-1,0,-1
2024201515145,2024,201515145,2,1,0,-1,19,6,2,-1,0,3,0,0,0,0,1,1,-1,6,1,62,9,-1,-1,-1,-1,-1,-1,0,-1
2024010524878,2024,010524878,1,1,0,18,19,3,7,0,0,1,0,0,0,0,0,1,6,6,1,58,9,-1,-1,-1,-1,5,E01003718,0,1
2024451410804,2024,451410804,1,1,0,-1,19,1,3,-1,0,8,5,99,0,0,1,1,-1,9,1,65,9,-1,-1,-1,-1,8,E01030697,0,2
2024010494899,2024,010494899,1,9,0,99,99,9,9,99,99,9,9,99,9,99,9,9,6,6,2,37,7,-1,-1,-1,-1,7,E01004107,0,1
2024010528369,2024,010528369,4,1,0,18,19,3,7,5,5,3,0,0,0,0,3,1,2,2,1,41,7,-1,-1,-1,-1,6,E01001599,0,3
2024610006124,2024,610006124,2,9,0,9,9,7,5,0,0,1,0,0,0,0,1,1,6,6,3,-1,-1,-1,-1,-1,-1,-1,-1,0,-1
2024010491188,2024,010491188,1,9,0,99,99,9,9,99,99,0,9,99,9,99,2,9,2,2,1,48,8,-1,-1,-1,-1,9,E01033501,0,4
2024522402009,2024,522402009,2,-1,0,18,19,6,2,0,0,2,0,0,0,0,3,1,6,6,1,60,9,-1,-1,-1,-1,4,E01014676,1,1
2024010527608,2024,010527608,2,10,0,18,19,5,1,0,0,8,0,0,0,0,2,1,6,6,3,-1,-1,-1,-1,-1,-1,-1,-1,0,-1
2024221533988,2024,221533988,1,9,0,-1,4,4,8,-1,0,0,0,10,1,0,2,1,-1,6,2,56,9,-1,-1,-1,-1,7,E01028938,0,4
2024461442238,2024,461442238,2,-1,0,-1,19,6,2,-1,0,1,0,0,0,0,4,1,-1,6,2,18,4,-1,-1,-1,-1,1,E01024683,1,1
2024451415632,2024,451415632,1,9,0,-1,19,5,1,-1,0,0,0,0,0,0,1,1,-1,9,1,79,11,-1,-1,-1,-1,4,E01034287,0,1
2024221502677,2024,221502677,2,9,0,-1,9,1,7,-1,0,5,0,0,0,0,1,1,-1,6,2,71,10,-1,-1,-1,-1,5,E01014056,0,3
2024010510778,2024,010510778,1,1,9,99,99,9,9,99,99,9,9,99,9,99,9,1,2,2,2,31,6,-1,-1,-1,-1,6,E01001245,0,2
2024010523932,2024,010523932,1,9,0,6,6,7,7,0,0,0,0,0,0,0,2,1,6,6,3,-1,-1,-1,-1,-1,-1,-1,-1,0,-1
2024010488994,2024,010488994,1,9,0,5,5,3,7,0,0,8,0,0,0,0,1,1,6,6,1,44,7,-1,-1,-1,-1,4,E01003165,0,1
2024440508858,2024,440508858,2,1,0,18,19,5,2,0,0,0,0,0,0,0,4,1,6,6,1,60,9,-1,-1,-1,-1,4,E01017125,0,1
2024052401600,2024,052401600,1,9,0,18,19,8,4,0,0,1,5,0,0,0,3,1,1,1,1,56,9,-1,-1,-1,-1,3,E01007049,0,1
2024010506421,2024,010506421,2,9,0,18,19,1,5,0,0,0,0,0,0,0,1,1,6,6,3,-1,-1,-1,-1,-1,-1,-1,-1,0,-1
2024440351897,2024,440351897,2,9,0,4,4,8,4,0,0,0,0,0,0,0,2,1,6,6,1,60,9,-1,-1,-1,-1,-1,-1,0,-1
2024531519555,2024,531519555,2,1,0,-1,19,3,7,-1,0,8,0,0,0,0,1,1,-1,6,1,21,5,-1,-1,-1,-1,1,E01022329,0,2
2024141498681,2024,141498681,2,1,0,-1,8,3,5,-1,0,1,0,0,0,0,1,1,-1,6,1,27,6,-1,-1,-1,-1,1,E01007904,0,1
2024010514023,2024,010514023,2,9,0,14,14,1,5,0,0,1,0,0,0,0,1,1,6,6,1,20,4,-1,-1,-1,-1,4,E01034616,0,1
2024010504754,2024,010504754,1,1,0,99,99,9,9,99,99,0,9,99,9,99,9,1,6,6,2,41,7,-1,-1,-1,-1,9,E01003898,0,1
2024111480384,2024,111480384,2,9,0,-1,19,8,6,-1,0,1,0,0,1,0,1,1,-1,1,1,30,6,-1,-1,-1,-1,5,E01019305,0,4
2024451455755,2024,451455755,2,19,0,-1,19,6,2,-1,0,0,0,0,0,0,0,9,-1,6,3,-1,-1,-1,-1,-1,-1,-1,-1,0,-1
2024161510086,2024,161510086,1,-1,0,-1,19,5,1,-1,0,0,0,0,0,0,0,1,-1,6,1,13,3,-1,-1,-1,-1,1,E01032595,1,1
2024010536689,2024,010536689,2,97,0,99,99,9,9,99,99,9,9,99,9,99,9,9,6,6,3,-1,-1,-1,-1,-1,-1,-1,-1,0,-1
2024201443829,2024,201443829,1,9,0,-1,19,6,2,-1,0,8,0,10,7,11,1,1,-1,6,3,24,5,-1,-1,-1,-1,-1,-1,0,-1
2024010523807,2024,010523807,1,1,9,99,99,9,9,99,99,9,9,99,9,99,9,1,2,2,1,28,6,-1,-1,-1,-1,-1,-1,0,-1
2024101455401,2024,101455401,1,9,0,-1,19,8,5,-1,0,1,0,0,0,0,1,1,-1,6,1,30,6,-1,-1,-1,-1,-1,-1,0,-1
2024061498720,2024,061498720,1,1,0,-1,19,-1,-1,-1,99,0,1,0,0,0,3,1,-1,9,2,48,8,-1,-1,-1,-1,1,E01033984,0,1
2024161423178,2024,161423178,2,1,0,-1,19,1,4,-1,0,8,0,0,0,0,3,1,-1,2,1,31,6,-1,-1,-1,-1,1,E01013196,0,1
2024010497292,2024,010497292,2,1,0,13,13,7,3,0,0,1,0,0,0,0,1,1,2,2,1,22,5,-1,-1,-1,-1,-1,-1,0,-1
2024061524160,2024,061524160,2,1,0,-1,19,3,6,-1,0,1,5,0,0,0,3,1,-1,6,1,23,5,-1,-1,-1,-1,6,E01006176,0,2
2024010544741,2024,010544741,2,9,0,99,99,9,9,99,99,9,9,99,9,99,1,9,6,6,3,-1,-1,-1,-1,-1,-1,-1,-1,0,-1
2024010520609,2024,010520609,2,9,0,99,99,9,9,99,99,9,9,99,9,99,2,9,6,6,3,-1,-1,-1,-1,-1,-1,-1,-1,0,-1
2024471534909,2024,471534909,1,9,0,-1,19,3,7,-1,0,8,0,0,0,0,1,1,-1,2,1,25,5,-1,-1,-1,-1,8,E01024828,0,4
202454F269924,2024,54F269924,5,9,0,18,19,8,4,0,0,0,0,0,0,0,1,1,6,6,1,26,6,-1,-1,-1,-1,6,E01014053,0,4
2024610057824,2024,610057824,2,-1,0,18,19,9,9,0,0,0,0,0,0,0,1,1,6,6,1,12,3,-1,-1,-1,-1,5,W01001391,1,1
2024010498023,2024,010498023,2,9,9,99,99,9,9,99,99,9,9,99,9,99,9,9,6,6,3,-1,-1,-1,-1,-1,-1,-1,-1,0,-1
2024061448509,2024,061448509,1,9,0,-1,19,5,1,-1,0,0,0,-1,0,0,-1,9,-1,6,3,-1,-1,-1,-1,-1,-1,-1,-1,0,-1
2024991467400,2024,991467400,2,1,0,-1,19,5,1,-1,0,1,1,0,0,0,0,1,-1,9,1,29,6,-1,-1,-1,-1,10,-1,0,1
2024010515842,2024,010515842,1,97,0,99,99,9,9,99,99,9,9,99,9,99,1,1,6,6,3,-1,-1,-1,-1,-1,-1,-1,-1,0,-1
2024010542952,2024,010542952,1,9,0,99,99,9,9,99,99,9,9,99,9,99,1,9,6,6,2,55,8,-1,-1,-1,-1,6,E01000274,0,3
2024320548593,2024,320548593,1,4,0,13,13,5,1,0,0,3,2,0,0,0,4,1,6,6,1,58,9,-1,-1,-1,-1,8,E01028337,0,3
2024201516696,2024,201516696,1,9,0,-1,5,3,7,-1,0,6,0,0,0,0,0,9,-1,6,1,-1,-1,-1,-1,-1,-1,7,E01010436,0,1
2024461497407,2024,461497407,2,19,0,-1,14,1,5,-1,0,0,0,0,0,0,0,9,-1,6,3,-1,-1,-1,-1,-1,-1,-1,-1,0,-1
2024122401155,2024,122401155,1,9,0,18,19,1,5,0,0,0,1,0,0,0,1,1,2,2,1,27,6,-1,-1,-1,-1,10,E01027893,0,2
2024461515979,2024,461515979,2,21,1,-1,12,7,3,-1,0,0,0,0,0,0,3,2,-1,1,1,54,8,-1,-1,-1,-1,-1,-1,0,-1
2024991445262,2024,991445262,2,9,0,-1,2,0,0,-1,0,0,0,0,0,0,4,1,-1,6,-1,-1,-1,-1,-1,-1,-1,-1,-1,0,-1
2024302400690,2024,302400690,2,9,0,2,2,0,0,0,0,0,0,0,0,0,2,1,6,6,1,31,6,-1,-1,-1,-1,3,E01019503,0,4
2024010518689,2024,010518689,2,9,0,18,19,9,9,99,99,5,9,99,9,99,9,9,6,6,3,-1,-1,-1,-1,-1,-1,-1,-1,0,-1
2024461449226,2024,461449226,2,1,0,-1,19,5,1,-1,0,0,0,4,0,0,0,1,-1,6,2,46,8,-1,-1,-1,-1,7,E01024109,0,1
2024451410920,2024,451410920,3,9,0,-1,19,1,4,-1,0,0,0,0,0,0,1,9,-1,6,-1,44,7,-1,-1,-1,-1,-1,-1,0,-1
2024610055024,2024,610055024,3,9,0,18,19,4,8,0,0,2,0,0,0,0,0,1,1,1,3,-1,-1,-1,-1,-1,-1,-1,-1,0,-1
2024101513755,2024,101513755,1,9,0,-1,7,7,1,-1,0,0,0,0,0,0,3,9,-1,6,1,50,8,-1,-1,-1,-1,3,E01027461,0,2
2024010496876,2024,010496876,1,9,0,6,6,5,5,0,0,8,0,0,0,0,3,1,6,6,1,27,6,-1,-1,-1,-1,8,E01024385,0,4
2024010488889,2024,010488889,4,9,0,2,2,0,0,0,0,2,0,0,0,0,2,1,6,6,3,-1,-1,-1,-1,-1,-1,-1,-1,0,-1
2024010513243,2024,010513243,1,1,9,99,99,9,9,99,99,9,9,99,9,99,9,1,6,6,1,54,8,-1,-1,-1,-1,5,E01021809,0,3
2024471449556,2024,471449556,2,9,0,-1,19,5,1,-1,0,0,0,0,0,0,2,1,-1,1,1,58,9,-1,-1,-1,-1,7,E01031462,0,4
2024221533410,2024,221533410,1,9,0,-1,1,6,2,-1,0,6,0,4,0,0,2,1,-1,6,2,63,9,-1,-1,-1,-1,5,E01014038,0,1
2024221399342,2024,221399342,2,1,0,-1,19,6,2,-1,0,8,0,0,0,0,1,1,-1,2,1,26,6,-1,-1,-1,-1,3,E01032157,0,1
2024141398159,2024,141398159,2,9,0,-1,19,1,5,-1,0,4,0,0,0,0,1,9,-1,6,3,-1,-1,-1,-1,-1,-1,-1,-1,0,-1
2024461513809,2024,461513809,1,9,0,-1,19,1,5,-1,0,0,0,0,0,0,1,9,-1,6,3,-1,-1,-1,-1,-1,-1,-1,-1,0,-1
2024430331403,2024,430331403,2,9,0,18,19,1,5,0,0,4,0,0,0,0,1,1,6,6,3,-1,-1,-1,-1,-1,-1,-1,-1,0,-1