collision_index,collision_year,collision_ref_no,vehicle_reference,vehicle_type,towing_and_articulation,vehicle_manoeuvre_historic,vehicle_manoeuvre,vehicle_direction_from,vehicle_direction_to,vehicle_location_restricted_lane_historic,vehicle_location_restricted_lane,junction_location,skidding_and_overturning,hit_object_in_carriageway,vehicle_leaving_carriageway,hit_object_off_carriageway,first_point_of_impact,vehicle_left_hand_drive,journey_purpose_of_driver_historic,journey_purpose_of_driver,sex_of_driver,age_of_driver,age_band_of_driver,engine_capacity_cc,propulsion_code,age_of_vehicle,generic_make_model,driver_imd_decile,lsoa_of_driver,escooter_flag,driver_distance_banding
2024161445079,2024,161445079,1,1,0,-1,19,7,3,-1,0,0,0,0,0,0,4,1,-1,6,1,13,3,-1,-1,-1,-1,1,E01013136,0,1
2024010504726,2024,010504726,2,19,0,11,11,5,1,0,0,2,0,0,0,0,0,1,6,6,3,-1,-1,-1,-1,-1,-1,-1,-1,0,-1
2024141535839,2024,141535839,2,1,0,-1,19,5,1,-1,0,0,0,0,0,0,3,1,-1,1,1,29,6,-1,-1,-1,-1,10,E01008044,0,1
2024010506711,2024,010506711,1,1,9,99,99,9,9,99,99,9,9,99,9,99,9,1,2,2,2,23,5,-1,-1,-1,-1,3,E01004397,0,1
2024010509729,2024,010509729,2,23,0,18,19,8,4,0,0,1,0,0,0,0,1,1,6,6,1,27,6,-1,-1,-1,-1,3,E01002672,0,1
2024131400067,2024,131400067,1,9,0,-1,19,2,6,-1,0,0,0,0,0,0,1,1,-1,6,3,-1,-1,-1,-1,-1,-1,-1,-1,0,-1
2024421499357,2024,421499357,1,9,0,-1,-1,-1,-1,-1,-1,-1,-1,-1,-1,0,-1,9,-1,6,3,-1,-1,-1,-1,-1,-1,-1,-1,0,-1
2024471409475,2024,471409475,2,1,0,-1,19,7,2,-1,0,4,0,0,0,0,1,1,-1,2,1,44,7,-1,-1,-1,-1,1,E01021020,0,2
2024552400270,2024,552400270,2,1,0,18,19,3,7,0,0,8,0,0,0,0,3,1,4,7,1,13,3,-1,-1,-1,-1,9,E01015388,0,1
2024010490497,2024,010490497,1,9,0,18,19,1,5,0,0,8,0,0,0,0,1,1,6,6,3,-1,-1,-1,-1,-1,-1,-1,-1,0,-1
2024552401237,2024,552401237,1,9,0,18,19,2,6,0,0,0,0,0,0,0,1,1,6,6,3,-1,-1,-1,-1,-1,-1,-1,-1,0,-1
2024552401163,2024,552401163,1,9,0,9,9,7,5,0,0,6,0,0,0,0,1,1,6,6,3,-1,-1,-1,-1,-1,-1,-1,-1,0,-1
2024052402577,2024,052402577,2,9,0,7,7,5,7,0,0,6,0,0,0,0,1,1,6,6,3,-1,-1,-1,-1,-1,-1,-1,-1,0,-1
2024610018924,2024,610018924,2,1,0,18,19,8,4,0,0,8,0,0,0,0,3,1,6,6,1,9,2,-1,-1,-1,-1,2,W01001488,0,3
2024302400461,2024,302400461,1,-1,0,18,19,6,2,0,0,8,0,0,0,0,1,1,6,6,2,19,4,-1,-1,-1,-1,3,E01013471,1,1
2024401410258,2024,401410258,1,1,0,-1,19,8,4,-1,9,1,0,0,0,0,1,1,-1,6,1,44,7,-1,-1,-1,-1,8,E01034414,0,1
2024320328052,2024,320328052,1,23,0,11,11,2,6,0,0,6,5,0,0,0,1,1,6,6,1,27,6,-1,-1,-1,-1,6,E01026326,0,1
2024010540640,2024,010540640,1,1,9,99,99,9,9,99,99,9,9,99,9,99,1,1,2,2,1,31,6,-1,-1,-1,-1,3,E01035654,0,1
2024010518603,2024,010518603,1,1,9,99,99,9,9,99,99,9,9,99,9,99,1,1,6,6,1,61,9,-1,-1,-1,-1,5,E01001230,0,1
2024010492900,2024,010492900,2,9,0,99,99,9,9,99,99,9,9,99,9,99,9,9,6,6,3,-1,-1,-1,-1,-1,-1,-1,-1,0,-1
2024320766337,2024,320766337,1,23,0,-1,-1,2,6,9,9,0,0,0,0,0,1,1,6,6,3,-1,-1,-1,-1,-1,-1,-1,-1,0,-1
2024451496767,2024,451496767,2,9,0,-1,9,1,6,-1,0,6,0,0,0,0,0,9,-1,6,3,40,7,-1,-1,-1,-1,-1,-1,0,-1
2024010497027,2024,010497027,1,3,0,99,99,9,9,99,99,1,9,99,9,99,1,9,1,1,1,30,6,-1,-1,-1,-1,3,E01001113,0,2
2024070548502,2024,070548502,1,23,0,18,19,5,1,0,0,0,0,0,0,0,1,1,6,6,1,13,3,-1,-1,-1,-1,6,E01018679,0,1
2024010491015,2024,010491015,1,1,9,99,99,9,9,99,99,9,9,99,9,99,9,1,2,2,1,32,6,-1,-1,-1,-1,8,E01003420,0,1
2024010504523,2024,010504523,1,1,0,9,9,7,5,9,9,1,0,0,0,0,3,1,2,2,2,20,4,-1,-1,-1,-1,3,E01002730,0,1
2024010513647,2024,010513647,6,19,0,18,19,5,1,0,0,0,0,0,0,0,0,1,1,1,1,59,9,-1,-1,-1,-1,5,E01000636,0,4
2024010528670,2024,010528670,2,1,5,18,19,5,1,0,0,0,2,0,0,0,1,1,6,6,1,28,6,-1,-1,-1,-1,4,E01004259,0,1
2024131535264,2024,131535264,2,1,0,-1,19,3,7,-1,0,8,0,0,0,0,0,1,-1,6,1,21,5,-1,-1,-1,-1,1,E01011471,0,1
2024320277650,2024,320277650,1,4,0,-1,-1,3,7,0,0,0,2,0,1,9,1,1,6,6,1,63,9,-1,-1,-1,-1,1,E01026150,0,4
2024522401139,2024,522401139,1,1,0,14,14,2,6,0,0,0,0,0,0,0,1,1,6,6,1,19,4,-1,-1,-1,-1,1,E01014689,0,1
2024351528057,2024,351528057,1,19,0,-1,19,1,5,-1,0,0,0,0,0,0,4,1,-1,6,2,39,7,-1,-1,-1,-1,6,E01018076,0,1
2024302401307,2024,302401307,3,9,0,4,4,6,2,0,0,1,0,0,0,0,0,1,6,6,1,-1,-1,-1,-1,-1,-1,-1,-1,0,-1
2024221462602,2024,221462602,1,9,0,-1,19,5,2,-1,0,0,0,0,7,10,1,9,-1,6,1,52,8,-1,-1,-1,-1,8,E01032442,0,1
2024010492142,2024,010492142,2,9,0,9,9,8,6,0,0,1,0,0,0,0,1,1,6,6,2,31,6,-1,-1,-1,-1,7,E01004153,0,1
2024201467331,2024,201467331,2,1,0,-1,19,8,4,-1,9,0,0,0,0,0,1,1,-1,6,1,16,4,-1,-1,-1,-1,2,E01009995,0,1
2024471516467,2024,471516467,1,9,0,-1,3,1,3,-1,99,1,0,99,0,0,1,1,-1,6,2,-1,-1,-1,-1,-1,-1,-1,-1,0,-1
2024010512018,2024,010512018,1,1,0,18,19,1,5,4,4,2,2,0,0,0,1,1,2,2,2,56,9,-1,-1,-1,-1,8,E01001039,0,3
2024201413550,2024,201413550,2,22,0,-1,7,2,4,-1,0,5,5,0,0,0,1,1,-1,6,2,53,8,-1,-1,-1,-1,1,E01009748,0,1
2024411519888,2024,411519888,1,9,0,-1,3,3,6,-1,0,1,0,0,0,0,1,1,-1,6,2,31,6,-1,-1,-1,-1,2,E01035585,0,1
2024010547063,2024,010547063,1,1,9,99,99,9,9,99,99,0,9,99,9,99,9,1,2,2,1,35,6,-1,-1,-1,-1,4,E01003018,0,1
2024161424961,2024,161424961,2,9,0,-1,19,3,1,-1,0,0,0,0,0,0,2,9,-1,6,3,-1,-1,-1,-1,-1,-1,-1,-1,0,-1
2024010545945,2024,010545945,2,9,0,99,99,9,9,99,99,9,9,99,9,99,1,9,6,6,3,23,5,-1,-1,-1,-1,5,E01017907,0,4
2024320260528,2024,320260528,1,90,0,-1,-1,6,2,0,0,2,2,0,0,0,1,1,6,6,1,35,6,-1,-1,-1,-1,-1,-1,0,-1
2024541572924,2024,541572924,1,9,0,18,19,2,6,0,0,1,0,0,0,0,1,1,6,6,1,-1,-1,-1,-1,-1,-1,-1,-1,0,-1
2024161423065,2024,161423065,1,9,0,-1,9,7,3,-1,0,8,0,0,0,0,1,1,-1,6,2,17,4,-1,-1,-1,-1,8,E01013321,0,1
2024010523784,2024,010523784,2,1,0,18,19,5,1,0,0,1,0,0,0,0,0,1,6,6,1,31,6,-1,-1,-1,-1,5,E01032785,0,1
2024031446319,2024,031446319,1,9,0,-1,9,3,7,-1,0,0,5,0,0,0,3,1,-1,9,1,26,6,-1,-1,-1,-1,-1,-1,0,-1
2024201425241,2024,201425241,2,19,0,-1,19,5,1,-1,0,0,0,0,0,0,1,1,-1,6,1,40,7,-1,-1,-1,-1,-1,-1,0,-1
2024010491930,2024,010491930,2,9,0,99,99,9,9,99,99,9,9,99,9,99,1,9,6,6,3,-1,-1,-1,-1,-1,-1,-1,-1,0,-1
2024161528556,2024,161528556,2,1,0,-1,9,7,5,-1,0,3,0,0,0,0,1,1,-1,6,1,22,5,-1,-1,-1,-1,9,E01013316,0,1
2024430346459,2024,430346459,2,1,0,18,19,4,8,4,4,8,0,0,0,0,4,1,2,2,1,20,4,-1,-1,-1,-1,3,E01028525,0,1
2024430308730,2024,430308730,1,9,0,9,9,5,2,0,0,2,0,0,0,0,3,1,6,6,1,41,7,-1,-1,-1,-1,4,E01015492,0,4
2024010520932,2024,010520932,1,1,9,99,99,9,9,99,99,9,9,99,9,99,9,1,6,6,3,-1,-1,-1,-1,-1,-1,-1,-1,0,-1
2024201519029,2024,201519029,1,9,0,-1,6,8,3,-1,0,6,0,0,0,0,0,1,-1,2,1,57,9,-1,-1,-1,-1,-1,-1,0,-1
2024052402281,2024,052402281,2,1,0,15,15,3,7,0,0,0,0,0,0,0,3,1,6,6,1,27,6,-1,-1,-1,-1,1,E01006728,0,1
2024361553673,2024,361553673,2,9,0,-1,4,5,1,-1,0,0,0,0,0,0,2,1,-1,6,1,29,6,-1,-1,-1,-1,8,E01026432,0,3
2024052400975,2024,052400975,2,1,0,18,19,3,7,0,0,0,0,0,1,0,2,1,6,6,1,17,4,-1,-1,-1,-1,1,E01006414,0,1
2024471522038,2024,471522038,1,1,0,-1,9,-1,-1,-1,0,3,0,0,0,0,-1,1,-1,9,2,38,7,-1,-1,-1,-1,9,E01031380,0,1
2024351413230,2024,351413230,2,1,0,-1,9,6,4,-1,0,6,0,0,0,0,2,1,-1,2,2,35,6,-1,-1,-1,-1,8,E01035518,0,1
2024201517356,2024,201517356,2,-1,0,-1,19,8,4,-1,0,0,0,0,0,0,1,1,-1,1,1,17,4,-1,-1,-1,-1,10,E01032138,1,1
202417S100924,2024,17S100924,2,1,0,18,19,3,7,0,0,1,0,0,0,0,3,1,6,6,1,27,6,-1,-1,-1,-1,1,E01012195,0,1
2024201453741,2024,201453741,2,1,0,-1,19,7,2,-1,0,0,0,0,0,0,2,1,-1,6,1,11,3,-1,-1,-1,-1,2,E01010089,0,1
2024471480828,2024,471480828,2,9,0,-1,19,5,1,-1,0,8,0,0,0,0,4,1,-1,9,1,59,9,-1,-1,-1,-1,8,E01030565,0,4
2024010535377,2024,010535377,2,9,0,18,19,9,9,0,0,9,0,99,9,99,0,9,6,6,3,-1,-1,-1,-1,-1,-1,4,E01000068,0,1
2024201420753,2024,201420753,1,9,0,-1,7,2,4,-1,0,3,0,0,0,0,2,9,-1,6,3,-1,-1,-1,-1,-1,-1,-1,-1,0,-1
2024010533743,2024,010533743,2,9,0,18,19,1,5,2,2,1,0,0,1,2,3,1,1,1,1,40,7,-1,-1,-1,-1,9,E01021959,0,4
2024141465303,2024,141465303,1,9,0,-1,7,5,7,-1,0,8,0,0,0,0,4,1,-1,9,2,32,6,-1,-1,-1,-1,2,E01007815,0,1
2024461525500,2024,461525500,2,90,0,-1,19,3,7,-1,0,8,1,0,0,0,1,1,-1,1,1,37,7,-1,-1,-1,-1,4,E01024673,0,1
2024351403014,2024,351403014,1,9,0,-1,5,6,1,-1,0,4,0,0,0,0,3,9,-1,6,1,21,5,-1,-1,-1,-1,4,E01015676,0,2
2024010489996,2024,010489996,2,9,0,99,99,9,9,99,99,9,9,99,9,99,9,9,6,6,3,-1,-1,-1,-1,-1,-1,-1,-1,0,-1
2024411480375,2024,411480375,1,9,0,-1,7,8,4,-1,0,3,0,0,1,11,1,1,-1,6,1,18,4,-1,-1,-1,-1,9,E01023463,0,3
2024991464596,2024,991464596,2,9,0,-1,4,5,1,-1,0,5,0,0,0,0,1,1,-1,6,1,25,5,-1,-1,-1,-1,-1,-1,0,-1
2024010497895,2024,010497895,2,1,0,13,13,1,5,0,0,0,0,0,0,0,2,1,6,6,2,37,7,-1,-1,-1,-1,6,E01004699,0,1
2024141449776,2024,141449776,1,1,0,-1,19,3,7,-1,9,3,5,0,0,0,4,1,-1,2,1,49,8,-1,-1,-1,-1,8,E01034242,0,1
2024520403076,2024,520403076,1,20,0,18,19,4,8,0,0,8,0,0,0,0,1,1,6,6,1,47,8,-1,-1,-1,-1,-1,-1,0,-1
2024332400220,2024,332400220,2,9,0,-1,19,6,2,-1,0,1,0,0,0,0,1,1,-1,6,3,-1,-1,-1,-1,-1,-1,-1,-1,0,-1
2024010493090,2024,010493090,1,9,9,99,99,9,9,99,99,9,9,99,0,0,9,9,6,6,3,21,5,-1,-1,-1,-1,5,E01000728,0,1
2024461410029,2024,461410029,2,1,0,-1,19,4,2,-1,0,0,0,0,0,0,3,1,-1,2,1,23,5,-1,-1,-1,-1,2,E01024505,0,4
2024320369542,2024,320369542,2,4,0,9,9,8,6,0,0,6,5,0,0,0,3,1,-1,-1,1,73,10,-1,-1,-1,-1,4,E01026070,0,1
2024302400544,2024,302400544,1,90,0,1,1,2,6,0,0,0,0,0,0,0,2,2,6,6,1,50,8,-1,-1,-1,-1,-1,-1,0,-1
2024052400587,2024,052400587,1,9,9,99,99,9,9,0,0,9,0,99,9,99,9,9,6,6,1,38,7,-1,-1,-1,-1,1,E01007005,0,1
2024052500081,2024,052500081,2,1,0,18,19,3,7,0,0,0,0,0,0,0,1,1,6,6,1,45,7,-1,-1,-1,-1,3,E01006743,0,1
2024451435250,2024,451435250,1,9,0,-1,19,3,7,-1,0,0,0,0,1,4,1,9,-1,6,1,63,9,-1,-1,-1,-1,7,E01024417,0,2
2024010495711,2024,010495711,2,9,0,9,9,1,7,0,0,6,0,0,0,0,1,1,1,1,1,36,7,-1,-1,-1,-1,9,E01030733,0,2
2024141513399,2024,141513399,3,9,0,-1,3,7,8,-1,0,1,0,0,0,0,2,1,-1,6,3,-1,-1,-1,-1,-1,-1,-1,-1,0,-1
2024481569981,2024,481569981,2,1,0,-1,19,1,5,-1,5,8,0,0,0,0,1,1,-1,2,1,48,8,-1,-1,-1,-1,-1,-1,0,-1
2024052400817,2024,052400817,2,1,0,18,19,7,3,0,0,1,0,0,0,0,1,1,6,6,1,74,10,-1,-1,-1,-1,8,E01006582,0,1
2024010538629,2024,010538629,1,19,0,9,9,8,5,0,0,8,0,0,0,0,1,1,6,6,1,25,5,-1,-1,-1,-1,-1,-1,0,-1
2024411464903,2024,411464903,2,9,0,-1,19,1,5,-1,0,3,0,0,0,0,0,1,-1,1,1,-1,-1,-1,-1,-1,-1,-1,-1,0,-1
2024221538641,2024,221538641,2,1,0,-1,19,6,2,-1,0,0,0,0,0,0,2,1,-1,6,1,19,4,-1,-1,-1,-1,7,E01014204,0,1
202460Q185379,2024,60Q185379,2,1,0,9,9,3,7,0,0,3,5,0,0,0,4,1,6,6,1,43,7,-1,-1,-1,-1,-1,-1,0,-1
2024311407628,2024,311407628,1,11,0,-1,4,5,1,-1,0,1,0,0,0,0,1,1,-1,1,2,59,9,-1,-1,-1,-1,4,E01013903,0,1
2024010494955,2024,010494955,1,3,0,4,4,1,5,0,0,2,1,0,0,0,0,1,6,6,1,30,6,-1,-1,-1,-1,3,E01000506,0,1
2024041471764,2024,041471764,3,9,0,-1,19,7,3,-1,0,1,1,0,0,0,1,1,-1,9,2,34,6,-1,-1,-1,-1,3,E01006092,0,4
2024481563507,2024,481563507,2,-1,0,-1,19,3,7,-1,0,0,0,0,0,0,3,1,-1,9,1,19,4,-1,-1,-1,-1,-1,-1,1,-1
2024010544235,2024,010544235,2,4,0,99,99,9,9,99,99,9,9,99,9,99,1,1,6,6,3,-1,-1,-1,-1,-1,-1,-1,-1,0,-1
2024010527785,2024,010527785,2,1,0,15,15,7,3,0,0,1,0,0,0,0,1,1,2,2,1,53,8,-1,-1,-1,-1,9,E01035488,0,1
2024010520924,2024,010520924,1,1,0,18,19,7,3,0,0,1,0,0,0,0,1,1,6,6,1,37,7,-1,-1,-1,-1,2,E01033882,0,1
2024010487133,2024,010487133,1,9,0,18,19,1,5,0,0,1,0,0,1,11,1,1,6,6,1,43,7,-1,-1,-1,-1,10,E01023313,0,1
2024010518558,2024,010518558,1,9,0,7,7,4,6,0,0,5,0,0,0,0,1,1,6,6,3,-1,-1,-1,-1,-1,-1,-1,-1,0,-1
2024010526100,2024,010526100,1,9,0,18,19,1,5,0,0,0,0,0,0,0,1,1,6,6,3,-1,-1,-1,-1,-1,-1,-1,-1,0,-1
2024010510428,2024,010510428,1,9,0,99,99,9,9,99,99,9,9,99,9,99,1,9,6,6,3,-1,-1,-1,-1,-1,-1,-1,-1,0,-1
2024010519070,2024,010519070,1,1,9,99,99,9,9,99,99,9,9,99,9,99,9,1,6,6,1,24,5,-1,-1,-1,-1,6,E01003071,0,1
2024520401327,2024,520401327,2,9,0,18,19,8,4,0,0,8,0,0,0,0,1,1,6,6,2,43,7,-1,-1,-1,-1,3,E01014445,0,1
2024010486898,2024,010486898,1,9,0,18,19,7,3,0,0,0,0,0,7,11,1,1,1,1,1,27,6,-1,-1,-1,-1,-1,-1,0,-1
2024041481740,2024,041481740,2,1,0,-1,7,5,1,-1,0,1,0,0,0,0,1,1,-1,6,1,74,10,-1,-1,-1,-1,9,E01025342,0,2
2024161394991,2024,161394991,1,19,0,-1,15,7,3,-1,0,0,0,0,0,0,3,1,-1,6,1,33,6,-1,-1,-1,-1,1,E01012808,0,1
2024440561588,2024,440561588,2,9,0,18,19,7,3,0,0,0,0,0,0,0,1,1,6,6,1,44,7,-1,-1,-1,-1,7,E01002986,0,4
2024010493902,2024,010493902,1,4,0,18,19,2,6,0,0,2,5,0,0,0,1,1,6,6,1,33,6,-1,-1,-1,-1,2,E01001893,0,1
2024070845111,2024,070845111,2,9,0,-1,4,1,3,-1,0,7,0,0,0,0,1,1,-1,6,2,39,7,-1,-1,-1,-1,1,E01006706,0,2
2024010510914,2024,010510914,1,1,9,99,99,9,9,99,99,9,9,99,9,99,9,1,2,2,1,30,6,-1,-1,-1,-1,4,E01004047,0,1
2024010490308,2024,010490308,1,9,0,18,19,5,1,0,0,0,0,0,0,0,3,1,6,6,1,34,6,-1,-1,-1,-1,2,E01000096,0,2
2024010542565,2024,010542565,1,9,0,7,7,7,1,0,0,6,0,0,0,0,1,1,6,6,1,34,6,-1,-1,-1,-1,-1,-1,0,-1
2024010538603,2024,010538603,1,1,0,18,19,3,7,4,4,1,0,0,0,0,1,1,6,6,1,26,6,-1,-1,-1,-1,5,E01002651,0,1
2024440119573,2024,440119573,2,9,0,16,19,6,1,0,0,0,0,0,0,0,3,1,6,6,3,-1,-1,-1,-1,-1,-1,-1,-1,0,-1
2024421403189,2024,421403189,1,9,0,-1,19,1,5,-1,0,1,0,0,0,0,1,1,-1,9,2,73,10,-1,-1,-1,-1,6,E01021770,0,1
2024421436025,2024,421436025,2,1,0,-1,19,8,3,-1,9,8,1,0,0,0,1,1,-1,6,1,21,5,-1,-1,-1,-1,2,E01033722,0,1
2024520401858,2024,520401858,2,17,9,18,19,1,5,0,0,0,0,0,0,0,9,1,6,6,3,-1,-1,-1,-1,-1,-1,-1,-1,0,-1
2024101509385,2024,101509385,1,9,0,-1,19,8,4,-1,0,8,0,0,0,0,1,9,-1,6,3,-1,-1,-1,-1,-1,-1,-1,-1,0,-1
2024010489537,2024,010489537,1,9,0,9,9,3,1,0,0,2,0,0,0,0,1,1,6,6,1,37,7,-1,-1,-1,-1,9,E01002116,0,1
2024421453096,2024,421453096,3,9,0,-1,2,0,0,-1,9,1,1,4,0,0,2,1,-1,6,-1,-1,-1,-1,-1,-1,-1,-1,-1,0,-1
2024461457767,2024,461457767,1,5,0,-1,19,4,8,-1,0,0,0,7,0,0,1,1,-1,9,1,56,9,-1,-1,-1,-1,2,E01024664,0,1
2024010493196,2024,010493196,2,1,0,3,3,5,1,0,0,8,0,0,0,0,1,1,6,6,1,33,6,-1,-1,-1,-1,3,E01001807,0,1
2024010506739,2024,010506739,1,9,0,18,19,1,5,0,0,2,0,0,0,0,1,1,6,6,3,-1,-1,-1,-1,-1,-1,-1,-1,0,-1
2024430323243,2024,430323243,1,19,0,18,19,4,8,0,0,0,0,0,0,0,1,1,6,6,3,-1,-1,-1,-1,-1,-1,-1,-1,0,-1
2024461397539,2024,461397539,1,90,1,-1,19,3,7,-1,0,8,0,0,0,0,1,1,-1,1,1,29,6,-1,-1,-1,-1,3,E01021359,0,4
2024440328485,2024,440328485,1,9,0,18,19,4,8,0,0,1,0,0,3,10,1,1,6,6,1,26,6,-1,-1,-1,-1,1,E01022933,0,1
2024520001595,2024,520001595,1,9,0,18,19,1,5,0,0,0,0,0,0,0,1,1,6,6,1,20,4,-1,-1,-1,-1,2,E01014390,0,1
2024010495023,2024,010495023,2,9,0,15,15,3,7,0,0,0,0,0,0,0,1,1,6,6,3,-1,-1,-1,-1,-1,-1,-1,-1,0,-1
2024010547053,2024,010547053,1,1,9,99,99,9,9,99,99,9,9,99,9,99,9,1,2,2,1,37,7,-1,-1,-1,-1,2,E01002069,0,1
2024201563201,2024,201563201,1,9,0,-1,5,2,6,-1,0,8,0,0,0,0,1,9,-1,1,2,34,6,-1,-1,-1,-1,5,E01009895,0,2
2024430227800,2024,430227800,2,98,0,2,2,0,0,0,0,0,0,0,0,0,2,1,6,6,3,-1,-1,-1,-1,-1,-1,-1,-1,0,-1
2024070703830,2024,070703830,2,1,0,-1,-1,4,2,0,0,8,0,0,0,0,2,1,6,6,1,57,9,-1,-1,-1,-1,6,E01034409,0,4
2024010521528,2024,010521528,2,9,0,2,2,0,0,0,0,0,0,0,0,0,4,1,6,6,3,-1,-1,-1,-1,-1,-1,-1,-1,0,-1
2024010519015,2024,010519015,1,1,9,99,99,9,9,99,99,9,9,99,9,99,9,1,2,2,1,32,6,-1,-1,-1,-1,-1,-1,0,-1
2024332400645,2024,332400645,3,9,0,-1,4,6,2,-1,0,8,0,0,0,0,2,1,-1,6,1,65,9,-1,-1,-1,-1,9,E01025668,0,2
2024141557583,2024,141557583,1,9,0,-1,19,7,3,-1,0,2,0,0,0,0,3,9,-1,6,3,-1,-1,-1,-1,-1,-1,-1,-1,0,-1
2024010511756,2024,010511756,1,1,0,5,5,5,1,0,0,6,0,0,1,0,3,1,6,6,1,58,9,-1,-1,-1,-1,6,E01032780,0,2
2024991426614,2024,991426614,3,9,0,-1,9,7,3,-1,0,3,0,0,0,0,2,1,-1,9,2,51,8,-1,-1,-1,-1,6,-1,0,1
2024421427066,2024,421427066,2,1,-1,-1,-1,-1,-1,-1,-1,0,-1,-1,-1,0,-1,1,-1,9,1,58,9,-1,-1,-1,-1,7,E01015864,0,1
2024010499904,2024,010499904,2,9,0,99,99,9,9,99,99,9,9,99,9,99,1,9,6,6,3,-1,-1,-1,-1,-1,-1,-1,-1,0,-1
2024010488020,2024,010488020,1,9,0,18,19,7,3,0,0,1,0,10,0,0,1,1,6,6,1,24,5,-1,-1,-1,-1,-1,-1,0,-1
2024010521464,2024,010521464,1,9,0,5,5,3,7,0,0,2,0,0,0,0,1,1,6,6,3,-1,-1,-1,-1,-1,-1,-1,-1,0,-1
2024610011924,2024,610011924,2,19,0,13,13,3,7,0,0,0,1,0,0,0,1,1,6,6,1,45,7,-1,-1,-1,-1,1,W01001621,0,1
2024371429789,2024,371429789,2,9,0,-1,19,8,4,-1,0,4,0,0,0,0,1,1,-1,2,1,25,5,-1,-1,-1,-1,1,E01007511,0,5
2024401528680,2024,401528680,1,9,0,-1,19,8,4,-1,0,8,0,0,0,0,1,1,-1,2,1,36,7,-1,-1,-1,-1,4,E01017597,0,1
2024411500641,2024,411500641,4,9,0,-1,19,7,3,-1,0,0,0,0,0,0,1,1,-1,1,1,61,9,-1,-1,-1,-1,5,E01023331,0,1
2024471495286,2024,471495286,2,9,0,-1,19,7,3,-1,0,0,0,0,0,0,1,1,-1,6,3,-1,-1,-1,-1,-1,-1,-1,-1,0,-1
2024052402336,2024,052402336,2,1,0,18,19,2,6,0,0,3,0,0,0,0,1,1,6,6,1,16,4,-1,-1,-1,-1,1,E01006630,0,1
2024161531870,2024,161531870,1,19,0,-1,1,3,7,-1,0,0,0,0,0,0,4,1,-1,1,1,34,6,-1,-1,-1,-1,6,E01013023,0,1
2024211468128,2024,211468128,2,1,0,-1,19,4,8,-1,0,1,0,0,0,0,1,1,-1,6,2,44,7,-1,-1,-1,-1,10,E01029628,0,1
2024430513439,2024,430513439,1,9,0,18,19,2,6,0,0,4,0,0,0,0,3,1,6,6,2,-1,-1,-1,-1,-1,-1,-1,-1,0,-1
2024010505815,2024,010505815,1,3,0,99,99,9,9,99,99,9,9,99,9,99,1,1,1,1,1,25,5,-1,-1,-1,-1,7,E01002172,0,1
2024471409568,2024,471409568,1,-1,0,-1,19,3,7,-1,9,1,0,0,0,0,3,1,-1,6,3,-1,-1,-1,-1,-1,-1,-1,-1,0,-1
2024461424368,2024,461424368,3,90,0,-1,2,0,0,-1,0,0,0,0,0,0,4,1,-1,6,-1,-1,-1,-1,-1,-1,-1,-1,-1,0,-1
2024010527476,2024,010527476,2,1,9,18,19,9,9,5,5,1,9,99,0,99,1,1,6,6,3,-1,-1,-1,-1,-1,-1,-1,-1,0,-1
2024221396537,2024,221396537,1,9,0,-1,19,6,2,-1,0,1,0,0,0,0,1,9,-1,6,3,46,8,-1,-1,-1,-1,-1,-1,0,-1
2024421503105,2024,421503105,1,9,0,-1,19,6,2,-1,0,8,0,0,0,0,4,1,-1,9,2,37,7,-1,-1,-1,-1,3,E01034088,0,2
2024320412565,2024,320412565,2,9,0,-1,-1,2,6,0,0,8,5,0,0,0,1,1,-1,-1,1,24,5,-1,-1,-1,-1,6,E01026306,0,3
2024430522143,2024,430522143,2,9,0,18,19,8,4,0,0,0,0,0,0,0,3,1,6,6,3,-1,-1,-1,-1,-1,-1,-1,-1,0,-1
2024430091896,2024,430091896,2,1,0,18,19,1,0,0,0,8,0,0,0,0,0,1,6,6,1,55,8,-1,-1,-1,-1,10,E01028617,0,1
2024221511001,2024,221511001,1,9,0,-1,19,2,6,-1,0,0,1,0,1,7,1,1,-1,6,2,78,11,-1,-1,-1,-1,-1,-1,0,-1
2024070868256,2024,070868256,1,2,0,-1,9,4,2,-1,0,6,0,0,0,0,9,1,-1,6,1,-1,-1,-1,-1,-1,-1,-1,-1,0,-1
2024010504496,2024,010504496,2,9,9,99,99,9,9,99,99,9,9,99,9,99,9,1,6,6,3,-1,-1,-1,-1,-1,-1,-1,-1,0,-1
2024141466153,2024,141466153,2,97,0,-1,19,3,6,-1,0,2,0,0,0,0,1,1,-1,9,1,15,3,-1,-1,-1,-1,3,E01007774,0,1
2024201400724,2024,201400724,2,1,0,-1,19,1,5,-1,0,8,0,0,0,0,1,1,-1,9,1,56,9,-1,-1,-1,-1,1,E01010277,0,1
2024041439088,2024,041439088,2,9,0,-1,19,5,1,-1,0,0,0,0,0,0,1,1,-1,9,1,34,6,-1,-1,-1,-1,5,E01004840,0,3
2024520003098,2024,520003098,1,1,0,18,19,2,6,0,0,0,0,0,0,0,3,1,6,6,1,51,8,-1,-1,-1,-1,9,E01014391,0,1
2024332400518,2024,332400518,1,9,0,-1,6,1,1,-1,0,8,0,0,0,0,1,1,-1,6,3,-1,-1,-1,-1,-1,-1,-1,-1,0,-1
2024010536781,2024,010536781,1,90,0,99,99,9,9,99,99,9,9,99,9,99,1,9,1,1,1,27,6,-1,-1,-1,-1,3,E01000630,0,1
2024320636698,2024,320636698,1,9,0,2,2,0,0,0,0,2,0,0,0,0,4,1,6,6,3,-1,-1,-1,-1,-1,-1,-1,-1,0,-1
2024010488655,2024,010488655,1,9,0,99,99,9,9,99,99,9,9,99,9,99,2,9,6,6,2,40,7,-1,-1,-1,-1,2,E01001145,0,1
2024430464497,2024,430464497,1,9,0,18,19,5,7,0,0,4,0,0,0,0,1,1,6,6,3,-1,-1,-1,-1,-1,-1,-1,-1,0,-1
2024010519288,2024,010519288,1,9,0,99,99,9,9,99,99,0,9,99,9,99,2,9,6,6,2,59,9,-1,-1,-1,-1,4,E01000392,0,1
2024010495061,2024,010495061,1,11,0,9,9,3,1,2,2,3,0,0,0,0,0,1,1,1,1,59,9,-1,-1,-1,-1,4,E01000477,0,2