collision_index,collision_year,collision_ref_no,vehicle_reference,vehicle_type,towing_and_articulation,vehicle_manoeuvre_historic,vehicle_manoeuvre,vehicle_direction_from,vehicle_direction_to,vehicle_location_restricted_lane_historic,vehicle_location_restricted_lane,junction_location,skidding_and_overturning,hit_object_in_carriageway,vehicle_leaving_carriageway,hit_object_off_carriageway,first_point_of_impact,vehicle_left_hand_drive,journey_purpose_of_driver_historic,journey_purpose_of_driver,sex_of_driver,age_of_driver,age_band_of_driver,engine_capacity_cc,propulsion_code,age_of_vehicle,generic_make_model,driver_imd_decile,lsoa_of_driver,escooter_flag,driver_distance_banding
202460Q005779,2024,60Q005779,1,9,0,18,19,3,7,0,0,0,5,0,8,9,3,1,6,6,2,51,8,-1,-1,-1,-1,-1,-1,0,-1
2024061503078,2024,061503078,1,1,0,-1,9,-1,-1,-1,4,4,1,0,0,0,1,1,-1,2,2,29,6,-1,-1,-1,-1,2,E01005250,0,1
2024010491655,2024,010491655,2,90,0,99,99,5,1,99,99,0,9,99,9,99,2,9,6,6,3,-1,-1,-1,-1,-1,-1,-1,-1,0,-1
2024010492088,2024,010492088,1,9,0,9,9,1,7,0,0,1,0,0,0,0,4,1,3,7,1,41,7,-1,-1,-1,-1,3,E01001864,0,1
2024610015524,2024,610015524,1,1,0,5,5,6,2,0,0,2,0,0,0,0,1,1,6,6,2,52,8,-1,-1,-1,-1,2,W01001660,0,1
2024010538628,2024,010538628,1,1,9,99,99,9,9,99,99,9,9,99,9,99,9,1,2,2,1,49,8,-1,-1,-1,-1,6,E01000803,0,1
2024010491339,2024,010491339,2,9,0,99,99,9,9,99,99,9,9,99,9,99,1,9,6,6,3,-1,-1,-1,-1,-1,-1,-1,-1,0,-1
2024371439581,2024,371439581,1,9,0,-1,9,8,6,-1,0,2,0,0,0,0,1,1,-1,9,1,87,11,-1,-1,-1,-1,5,E01030066,0,1
2024131514930,2024,131514930,1,1,0,-1,19,5,1,-1,9,0,0,0,0,0,0,1,-1,6,1,67,10,-1,-1,-1,-1,7,E01011299,0,1
2024131499635,2024,131499635,1,1,0,-1,19,4,8,-1,0,8,5,0,0,0,1,1,-1,9,1,16,4,-1,-1,-1,-1,1,E01011745,0,1
2024111419393,2024,111419393,1,9,0,-1,19,5,8,-1,0,4,0,0,0,0,1,9,-1,6,3,30,6,-1,-1,-1,-1,-1,-1,0,-1
2024351481435,2024,351481435,2,1,0,-1,19,7,3,-1,0,2,0,0,0,0,9,1,-1,9,1,52,8,-1,-1,-1,-1,10,E01033425,0,1
2024010492635,2024,010492635,1,9,0,9,9,7,5,0,0,2,0,0,0,0,1,1,6,6,1,-1,-1,-1,-1,-1,-1,-1,-1,0,-1
2024122500524,2024,122500524,1,9,0,4,4,5,7,0,0,1,0,0,0,0,1,1,1,1,1,52,8,-1,-1,-1,-1,10,E01013420,0,1
2024421419290,2024,421419290,1,9,-1,-1,-1,-1,-1,-1,-1,-1,-1,-1,-1,0,1,9,-1,6,3,-1,-1,-1,-1,-1,-1,-1,-1,0,-1
2024401545362,2024,401545362,3,9,0,-1,2,0,0,-1,0,0,0,0,0,0,1,1,-1,6,-1,-1,-1,-1,-1,-1,-1,-1,-1,0,-1
2024520001205,2024,520001205,2,9,0,18,19,5,1,0,0,0,0,0,1,4,1,1,6,6,1,66,10,-1,-1,-1,-1,6,E01014399,0,1
2024610048724,2024,610048724,1,9,0,5,5,7,5,0,0,1,0,0,0,0,1,1,2,2,1,40,7,-1,-1,-1,-1,2,W01001491,0,3
2024010511117,2024,010511117,2,9,0,18,19,3,7,0,0,9,9,99,9,99,2,9,6,6,3,-1,-1,-1,-1,-1,-1,-1,-1,0,-1
2024010519741,2024,010519741,2,3,9,99,99,9,9,99,99,9,9,99,9,99,9,1,6,6,3,-1,-1,-1,-1,-1,-1,-1,-1,0,-1
202460Q008849,2024,60Q008849,1,9,0,18,19,8,4,0,0,1,0,0,0,0,1,1,6,6,2,57,9,-1,-1,-1,-1,-1,-1,0,-1
2024061520861,2024,061520861,2,-1,0,-1,19,7,3,-1,0,8,0,0,0,0,3,1,-1,6,1,15,3,-1,-1,-1,-1,6,E01005780,1,1
2024421520191,2024,421520191,3,1,0,-1,15,8,2,-1,0,0,0,0,0,0,0,1,-1,6,-1,30,6,-1,-1,-1,-1,-1,-1,0,-1
2024010489866,2024,010489866,2,9,0,99,99,9,9,99,99,9,9,99,9,99,2,9,6,6,3,-1,-1,-1,-1,-1,-1,-1,-1,0,-1
2024010516151,2024,010516151,2,9,0,13,13,9,9,99,99,5,9,99,9,99,2,9,6,6,3,-1,-1,-1,-1,-1,-1,-1,-1,0,-1
2024010488870,2024,010488870,2,9,0,18,19,7,3,0,0,1,0,0,0,0,1,1,6,6,1,57,9,-1,-1,-1,-1,4,E01002442,0,1
2024430089631,2024,430089631,1,9,0,16,19,6,1,0,0,0,1,0,1,4,1,1,6,6,1,21,5,-1,-1,-1,-1,6,E01035562,0,2
202454C610324,2024,54C610324,1,19,0,1,1,1,5,0,0,1,0,0,0,0,2,1,6,6,3,-1,-1,-1,-1,-1,-1,-1,-1,0,-1
2024010492900,2024,010492900,1,1,9,99,99,9,9,99,99,9,9,99,9,99,1,1,6,6,1,29,6,-1,-1,-1,-1,2,E01001155,0,1
2024421471460,2024,421471460,2,1,0,-1,19,6,2,-1,9,1,0,0,0,0,4,1,-1,7,1,14,3,-1,-1,-1,-1,7,E01021650,0,1
2024471441302,2024,471441302,2,1,0,-1,19,3,7,-1,0,0,0,0,0,0,1,1,-1,6,1,53,8,-1,-1,-1,-1,6,E01016877,0,1
2024052400725,2024,052400725,2,9,0,2,2,0,0,0,0,0,0,4,0,0,1,1,6,6,3,-1,-1,-1,-1,-1,-1,-1,-1,0,-1
2024522500260,2024,522500260,2,19,0,1,1,4,8,0,0,0,0,0,0,0,2,1,6,6,3,-1,-1,-1,-1,-1,-1,-1,-1,0,-1
2024461402020,2024,461402020,1,9,0,-1,19,3,7,-1,0,0,0,0,0,0,0,9,-1,6,1,47,8,-1,-1,-1,-1,7,E01024288,0,3
2024311421698,2024,311421698,1,9,0,-1,9,1,5,-1,0,4,0,0,0,0,0,9,-1,6,3,-1,-1,-1,-1,-1,-1,-1,-1,0,-1
2024361468005,2024,361468005,1,1,0,-1,5,-1,-1,-1,0,0,0,0,0,0,4,1,-1,6,1,-1,-1,-1,-1,-1,-1,-1,-1,0,-1
2024411501519,2024,411501519,1,9,0,-1,12,5,3,-1,0,1,0,0,7,0,3,1,-1,6,1,29,6,-1,-1,-1,-1,8,E01033849,0,4
2024302400136,2024,302400136,1,3,0,18,19,2,6,0,0,1,0,0,0,0,1,1,6,6,1,38,7,-1,-1,-1,-1,2,E01027954,0,3
2024411437009,2024,411437009,2,1,0,-1,19,3,7,-1,9,8,0,0,0,0,1,1,-1,7,1,14,3,-1,-1,-1,-1,7,E01023809,0,1
2024010509943,2024,010509943,3,9,0,2,2,0,0,0,0,2,0,0,0,0,0,1,6,6,3,-1,-1,-1,-1,-1,-1,-1,-1,0,-1
2024010537768,2024,010537768,1,-1,0,18,19,3,7,0,0,6,0,0,0,0,1,1,6,6,3,24,5,-1,-1,-1,-1,-1,-1,1,-1
2024010518911,2024,010518911,1,1,9,99,99,9,9,99,99,9,9,99,9,99,9,1,1,1,1,18,4,-1,-1,-1,-1,7,E01002061,0,1
2024161457861,2024,161457861,2,9,0,-1,19,5,1,-1,0,0,0,0,0,0,1,9,-1,6,1,-1,-1,-1,-1,-1,-1,-1,-1,0,-1
2024522402127,2024,522402127,2,9,0,5,5,9,9,0,0,0,0,0,0,0,1,1,6,6,3,-1,-1,-1,-1,-1,-1,-1,-1,0,-1
2024440095450,2024,440095450,1,9,0,2,2,0,0,0,0,0,0,0,0,0,4,1,6,6,3,36,7,-1,-1,-1,-1,7,E01022628,0,1
2024010543133,2024,010543133,1,3,9,99,99,9,9,99,99,9,9,99,9,99,9,1,6,6,3,-1,-1,-1,-1,-1,-1,-1,-1,0,-1
2024010539628,2024,010539628,1,-1,0,99,99,9,9,99,99,9,9,99,9,99,2,1,6,6,3,-1,-1,-1,-1,-1,-1,-1,-1,1,-1
2024320144932,2024,320144932,1,1,0,-1,-1,8,4,0,0,8,5,0,0,0,3,1,6,6,1,29,6,-1,-1,-1,-1,7,E01034684,0,1
2024010541937,2024,010541937,1,9,0,9,9,5,2,0,0,6,0,0,0,0,1,1,6,6,1,27,6,-1,-1,-1,-1,-1,-1,0,-1
2024010501558,2024,010501558,2,1,0,18,19,6,2,0,0,8,5,0,0,0,2,1,2,2,1,36,7,-1,-1,-1,-1,2,E01004014,0,2
2024201497269,2024,201497269,2,1,0,-1,19,2,6,-1,0,2,0,0,0,0,2,1,-1,6,1,36,7,-1,-1,-1,-1,-1,-1,0,-1
2024010515398,2024,010515398,1,1,9,99,99,9,9,9,9,9,9,99,9,99,3,1,6,6,2,25,5,-1,-1,-1,-1,7,E01004618,0,1
2024361525637,2024,361525637,1,9,0,-1,19,4,8,-1,0,0,1,0,0,0,1,1,-1,2,1,62,9,-1,-1,-1,-1,8,E01026450,0,4
2024440549202,2024,440549202,2,9,0,18,19,3,7,0,0,8,0,0,0,0,4,1,2,2,1,37,7,-1,-1,-1,-1,3,E01022739,0,1
2024361405760,2024,361405760,2,9,0,-1,19,7,3,-1,0,8,0,0,0,0,3,1,-1,9,1,29,6,-1,-1,-1,-1,2,E01033040,0,4
2024481471131,2024,481471131,1,1,0,-1,19,3,7,-1,5,0,0,0,0,0,1,1,-1,6,1,-1,-1,-1,-1,-1,-1,-1,-1,0,-1
2024010547308,2024,010547308,1,9,0,18,19,4,8,0,0,0,0,0,0,0,1,1,6,6,1,22,5,-1,-1,-1,-1,2,E01035682,0,1
2024010505229,2024,010505229,1,1,0,18,19,4,8,0,0,8,0,0,0,0,9,1,6,6,2,60,9,-1,-1,-1,-1,10,E01002951,0,1
202454E744724,2024,54E744724,2,9,0,8,8,1,3,0,0,4,0,0,0,0,3,1,6,6,1,48,8,-1,-1,-1,-1,7,E01015560,0,1
2024501443235,2024,501443235,2,1,0,-1,10,2,8,-1,0,1,0,0,0,0,1,1,-1,2,1,44,7,-1,-1,-1,-1,5,E01020247,0,1
2024481472341,2024,481472341,1,1,0,-1,19,5,1,-1,5,2,0,0,0,0,3,1,-1,2,2,30,6,-1,-1,-1,-1,-1,-1,0,-1
2024302400101,2024,302400101,1,9,0,17,19,2,8,0,0,0,1,11,1,10,1,1,6,6,2,27,6,-1,-1,-1,-1,6,E01019815,0,1
2024371490382,2024,371490382,1,1,0,-1,19,2,6,-1,0,8,5,0,0,0,1,1,-1,9,1,10,2,-1,-1,-1,-1,6,E01029983,0,1
2024010536352,2024,010536352,2,1,0,3,3,1,5,2,2,1,0,0,0,0,2,1,3,7,1,-1,-1,-1,-1,-1,-1,3,E01003452,0,2
2024061505929,2024,061505929,1,9,0,-1,3,-1,-1,-1,99,0,0,0,0,0,2,1,-1,6,3,-1,-1,-1,-1,-1,-1,-1,-1,0,-1
2024010499968,2024,010499968,1,1,9,99,99,9,9,99,99,9,9,99,9,99,9,1,2,2,2,35,6,-1,-1,-1,-1,1,E01003290,0,1
2024101403785,2024,101403785,2,1,0,-1,9,5,3,-1,0,3,2,0,0,0,1,1,-1,9,1,38,7,-1,-1,-1,-1,2,E01008298,0,3
2024041476585,2024,041476585,2,1,0,-1,19,7,3,-1,0,0,0,0,0,0,1,1,-1,9,1,19,4,-1,-1,-1,-1,7,E01025586,0,2
2024552400275,2024,552400275,2,1,0,18,19,2,6,0,0,8,0,0,0,0,1,1,6,6,2,53,8,-1,-1,-1,-1,8,E01020524,0,1
2024041398699,2024,041398699,1,9,0,-1,19,-1,-1,-1,0,1,0,0,0,0,-1,9,-1,6,1,-1,-1,-1,-1,-1,-1,-1,-1,0,-1
2024471456155,2024,471456155,1,9,0,-1,7,1,3,-1,0,5,0,0,0,0,4,1,-1,6,1,-1,-1,-1,-1,-1,-1,-1,-1,0,-1
2024461493252,2024,461493252,1,9,0,-1,19,1,5,-1,0,0,0,0,0,0,0,9,-1,6,3,-1,-1,-1,-1,-1,-1,-1,-1,0,-1
2024311492769,2024,311492769,1,8,0,-1,19,7,3,-1,0,0,0,0,0,0,0,2,-1,1,3,45,7,-1,-1,-1,-1,-1,-1,0,-1
2024010527615,2024,010527615,1,9,0,18,19,8,4,0,0,1,0,0,0,0,1,1,2,2,1,53,8,-1,-1,-1,-1,4,E01001694,0,3
2024141483838,2024,141483838,2,97,0,-1,5,8,5,-1,0,2,0,0,7,0,1,1,-1,2,1,29,6,-1,-1,-1,-1,8,E01007524,0,1
2024010490344,2024,010490344,1,9,0,9,9,2,7,0,0,1,0,0,0,0,1,1,6,6,1,30,6,-1,-1,-1,-1,3,E01000129,0,1
2024471475390,2024,471475390,2,1,0,-1,19,3,7,-1,4,1,1,10,1,10,1,1,-1,2,1,58,9,-1,-1,-1,-1,9,E01016875,0,1
2024421518620,2024,421518620,1,-1,0,-1,19,1,5,-1,0,4,0,0,0,0,1,9,-1,6,1,17,4,-1,-1,-1,-1,7,E01015866,1,1
2024010494046,2024,010494046,1,9,0,10,10,9,9,99,99,9,9,99,9,99,2,9,6,6,1,33,6,-1,-1,-1,-1,7,E01000267,0,2
2024010489928,2024,010489928,1,19,3,18,19,1,5,0,0,1,0,0,0,0,1,1,1,1,1,33,6,-1,-1,-1,-1,4,E01004259,0,1
2024421531366,2024,421531366,2,98,0,-1,4,4,8,-1,0,0,0,0,0,0,2,1,-1,2,1,30,6,-1,-1,-1,-1,2,E01021711,0,1
2024461418130,2024,461418130,1,9,0,-1,19,6,2,-1,0,0,0,0,0,0,0,9,-1,6,3,-1,-1,-1,-1,-1,-1,-1,-1,0,-1
2024552401245,2024,552401245,2,1,0,18,19,4,8,0,0,8,0,0,0,0,3,1,6,6,1,71,10,-1,-1,-1,-1,4,E01015420,0,1
2024010487485,2024,010487485,2,9,0,18,19,8,4,0,0,0,0,0,0,0,4,1,6,6,1,69,10,-1,-1,-1,-1,8,E01002239,0,1
2024141476640,2024,141476640,2,9,0,-1,19,5,1,-1,0,0,0,0,0,0,4,1,-1,9,1,36,7,-1,-1,-1,-1,6,E01007688,0,1
2024201421327,2024,201421327,2,1,0,-1,5,3,7,-1,0,6,0,0,0,0,1,1,-1,2,1,49,8,-1,-1,-1,-1,3,E01033626,0,1
2024010530583,2024,010530583,1,9,0,5,5,7,3,0,0,1,0,0,0,0,1,1,6,6,3,-1,-1,-1,-1,-1,-1,-1,-1,0,-1
2024440391656,2024,440391656,2,9,0,4,4,5,1,0,0,0,0,0,0,0,1,1,6,6,1,63,9,-1,-1,-1,-1,6,E01022210,0,4
2024471448746,2024,471448746,4,1,0,-1,19,3,7,-1,5,0,0,0,0,0,1,1,-1,6,1,25,5,-1,-1,-1,-1,5,E01031470,0,1
2024131470430,2024,131470430,1,9,0,-1,7,5,7,-1,0,6,0,0,0,0,1,1,-1,6,3,-1,-1,-1,-1,-1,-1,-1,-1,0,-1
2024010522087,2024,010522087,2,1,9,99,99,9,9,99,99,9,9,99,9,99,1,1,2,2,1,21,5,-1,-1,-1,-1,8,E01035714,0,1
2024430027272,2024,430027272,1,1,0,18,19,8,4,0,0,8,0,0,0,0,1,1,6,6,1,56,9,-1,-1,-1,-1,-1,-1,0,-1
2024111506940,2024,111506940,1,9,0,-1,19,8,4,-1,0,1,0,0,0,0,4,1,-1,6,2,30,6,-1,-1,-1,-1,-1,-1,0,-1
2024122400386,2024,122400386,1,8,0,18,19,8,4,0,0,1,0,0,1,1,1,1,1,1,1,39,7,-1,-1,-1,-1,9,E01013438,0,2
2024201444027,2024,201444027,2,9,0,-1,19,4,8,-1,0,8,0,0,0,0,1,9,-1,9,1,20,4,-1,-1,-1,-1,3,E01009216,0,1
2024101530651,2024,101530651,1,1,-1,-1,19,4,8,-1,-1,0,-1,-1,-1,0,-1,1,-1,6,1,-1,-1,-1,-1,-1,-1,7,E01008726,0,1
2024421431944,2024,421431944,1,-1,0,-1,19,1,7,-1,9,8,5,10,0,0,0,1,-1,9,1,14,3,-1,-1,-1,-1,2,E01021969,1,1
2024010542126,2024,010542126,1,1,0,14,14,5,1,0,0,6,0,0,1,0,1,1,2,2,1,26,6,-1,-1,-1,-1,6,E01003394,0,1
2024371411452,2024,371411452,1,9,0,-1,19,5,1,-1,0,2,0,0,0,0,0,1,-1,6,2,27,6,-1,-1,-1,-1,6,E01022096,0,4
2024010535086,2024,010535086,1,9,0,4,4,1,5,0,0,1,0,0,0,0,0,9,6,6,3,-1,-1,-1,-1,-1,-1,-1,-1,0,-1
2024221492407,2024,221492407,1,9,0,-1,5,2,6,-1,0,6,0,0,0,0,1,1,-1,9,1,69,10,-1,-1,-1,-1,6,E01017878,0,4
2024471452050,2024,471452050,2,1,0,-1,19,1,5,-1,9,0,0,0,0,0,2,1,-1,9,1,13,3,-1,-1,-1,-1,1,E01020994,0,1
2024421431060,2024,421431060,1,9,0,-1,19,5,1,-1,9,0,2,7,7,0,1,1,-1,6,1,18,4,-1,-1,-1,-1,-1,-1,0,-1
2024471464037,2024,471464037,1,9,0,-1,9,3,1,-1,0,5,0,0,0,0,1,2,-1,9,1,46,8,-1,-1,-1,-1,4,E01031386,0,3
2024401525356,2024,401525356,1,9,0,-1,19,5,1,-1,0,0,2,0,1,0,1,1,-1,6,1,27,6,-1,-1,-1,-1,9,E01033833,0,2
2024631478719,2024,631478719,1,9,0,-1,19,2,6,-1,0,0,0,4,0,0,4,2,-1,9,2,79,11,-1,-1,-1,-1,2,W01000296,0,5
2024501474887,2024,501474887,1,9,0,-1,19,8,5,-1,0,1,0,0,0,0,1,1,-1,9,2,65,9,-1,-1,-1,-1,6,E01018817,0,1
2024122500071,2024,122500071,1,1,0,18,19,7,3,0,0,0,1,0,0,0,0,1,6,6,1,69,10,-1,-1,-1,-1,7,E01027707,0,2
2024010526660,2024,010526660,1,1,9,99,99,9,9,99,99,9,9,99,9,99,9,1,1,1,1,55,8,-1,-1,-1,-1,4,E01004368,0,2
2024451476435,2024,451476435,2,9,0,-1,15,1,3,-1,0,0,0,0,0,0,0,9,-1,6,2,30,6,-1,-1,-1,-1,-1,-1,0,-1
2024061532879,2024,061532879,1,9,0,-1,19,1,5,-1,0,0,0,0,0,0,1,2,-1,6,1,41,7,-1,-1,-1,-1,9,E01006316,0,1
2024131421287,2024,131421287,1,9,0,-1,-1,-1,-1,-1,-1,8,-1,-1,-1,0,-1,1,-1,6,3,35,6,-1,-1,-1,-1,-1,-1,0,-1
2024520402582,2024,520402582,2,9,0,4,4,4,7,0,0,0,0,0,0,0,2,1,6,6,1,58,9,-1,-1,-1,-1,5,E01031571,0,5
2024311468204,2024,311468204,2,9,0,-1,7,4,6,-1,0,0,0,0,0,0,1,1,-1,6,1,-1,-1,-1,-1,-1,-1,-1,-1,0,-1
2024501507178,2024,501507178,1,1,0,-1,14,5,1,-1,0,0,0,0,0,0,3,1,-1,9,1,56,9,-1,-1,-1,-1,9,E01034633,0,3
2024320291498,2024,320291498,1,9,0,-1,-1,2,5,0,0,1,0,0,1,1,1,1,-1,-1,1,74,10,-1,-1,-1,-1,5,E01026276,0,4
2024531532003,2024,531532003,1,9,0,-1,19,1,5,-1,0,0,0,0,0,0,-1,9,-1,6,3,-1,-1,-1,-1,-1,-1,-1,-1,0,-1
2024471471711,2024,471471711,2,9,0,-1,19,-1,-1,-1,0,0,0,0,0,0,0,1,-1,6,3,-1,-1,-1,-1,-1,-1,-1,-1,0,-1
2024430089893,2024,430089893,2,9,0,18,19,4,8,0,0,0,1,11,0,0,1,1,1,1,2,65,9,-1,-1,-1,-1,5,E01017845,0,3
2024520401475,2024,520401475,2,19,9,18,19,6,1,0,0,8,0,0,0,0,1,9,6,6,3,-1,-1,-1,-1,-1,-1,-1,-1,0,-1
2024461402164,2024,461402164,2,1,0,-1,19,7,3,-1,0,1,0,0,0,0,1,1,-1,6,1,5,1,-1,-1,-1,-1,7,E01024236,0,1
2024440497485,2024,440497485,1,9,0,18,19,7,3,0,0,4,0,0,7,1,1,1,6,6,1,32,6,-1,-1,-1,-1,10,E01023270,0,3
2024061412838,2024,061412838,2,1,-1,-1,-1,-1,-1,-1,-1,0,-1,-1,-1,0,-1,1,-1,6,1,39,7,-1,-1,-1,-1,1,E01034122,0,1
2024421407112,2024,421407112,1,19,0,-1,19,3,7,-1,0,1,0,0,0,0,4,9,-1,1,1,-1,-1,-1,-1,-1,-1,-1,-1,0,-1
2024122401042,2024,122401042,3,9,0,4,4,2,6,0,0,0,0,0,0,0,2,1,6,6,1,53,8,-1,-1,-1,-1,9,E01034755,0,4
2024101490837,2024,101490837,1,4,0,-1,19,5,5,-1,0,8,0,0,0,0,1,1,-1,9,1,14,3,-1,-1,-1,-1,2,E01008628,0,1
2024010550833,2024,010550833,1,1,9,99,99,9,9,99,99,9,9,99,9,99,2,1,6,6,1,18,4,-1,-1,-1,-1,2,E01001734,0,2
2024131534937,2024,131534937,1,9,0,-1,2,7,1,-1,9,1,1,4,0,0,3,1,-1,6,-1,-1,-1,-1,-1,-1,-1,-1,-1,0,-1
2024552400727,2024,552400727,2,1,0,18,19,2,6,0,0,8,0,0,0,0,4,1,2,2,1,20,4,-1,-1,-1,-1,2,E01015367,0,1
2024010525981,2024,010525981,2,1,9,99,99,9,9,99,99,9,9,99,9,99,1,1,6,6,3,-1,-1,-1,-1,-1,-1,-1,-1,0,-1
2024371412754,2024,371412754,1,9,0,-1,9,6,4,-1,0,2,0,0,0,0,3,1,-1,2,2,57,9,-1,-1,-1,-1,7,E01030040,0,2
2024631528952,2024,631528952,1,9,0,-1,9,8,6,-1,0,6,0,0,0,0,3,1,-1,1,2,52,8,-1,-1,-1,-1,10,W01001084,0,4
2024543270324,2024,543270324,2,1,0,18,19,8,4,9,9,8,0,0,0,0,3,1,4,7,1,14,3,-1,-1,-1,-1,1,E01015558,0,1
2024010489369,2024,010489369,2,9,0,7,7,7,1,0,0,6,0,0,0,0,1,1,1,1,1,51,8,-1,-1,-1,-1,9,E01004158,0,1
2024070544698,2024,070544698,1,9,0,16,19,3,7,0,0,3,0,0,0,0,3,1,6,6,1,-1,-1,-1,-1,-1,-1,1,E01006873,0,4
2024070856171,2024,070856171,2,1,0,-1,19,3,7,-1,9,2,0,0,0,0,1,1,-1,2,1,18,4,-1,-1,-1,-1,1,E01018522,0,1
2024141476024,2024,141476024,1,9,0,-1,19,3,7,-1,0,1,0,0,0,0,1,1,-1,9,1,76,11,-1,-1,-1,-1,5,E01007387,0,1
2024421396546,2024,421396546,2,19,0,-1,3,3,7,-1,0,1,0,0,0,0,2,1,-1,9,1,31,6,-1,-1,-1,-1,4,E01021741,0,2
2024421450499,2024,421450499,1,9,0,-1,9,5,5,-1,0,0,5,0,0,0,0,9,-1,6,-1,40,7,-1,-1,-1,-1,-1,-1,0,-1
2024131527441,2024,131527441,2,1,0,-1,19,3,7,-1,0,8,0,0,0,0,1,1,-1,9,1,44,7,-1,-1,-1,-1,7,E01011112,0,1
2024010496504,2024,010496504,2,8,0,18,19,7,3,0,0,8,0,0,0,0,4,1,1,1,1,57,9,-1,-1,-1,-1,2,E01001428,0,1
2024302400928,2024,302400928,2,9,0,2,2,0,0,0,0,2,0,0,0,0,0,1,6,6,3,-1,-1,-1,-1,-1,-1,-1,-1,0,-1
2024351454739,2024,351454739,2,1,0,-1,19,1,5,-1,5,1,0,0,0,0,1,1,-1,2,1,19,4,-1,-1,-1,-1,7,E01034440,0,1
2024141463427,2024,141463427,3,9,0,-1,3,7,3,-1,0,1,0,0,0,0,2,9,-1,6,3,-1,-1,-1,-1,-1,-1,-1,-1,0,-1
2024430061708,2024,430061708,2,9,0,18,19,2,6,0,0,0,0,0,0,0,0,1,6,6,1,-1,-1,-1,-1,-1,-1,-1,-1,0,-1
2024461502274,2024,461502274,3,9,0,-1,3,4,7,-1,0,1,0,0,0,0,1,1,-1,9,1,42,7,-1,-1,-1,-1,2,E01024263,0,1
2024010491628,2024,010491628,2,19,0,18,19,8,4,0,0,8,0,0,0,0,0,1,1,1,1,42,7,-1,-1,-1,-1,10,E01027295,0,4
2024010539376,2024,010539376,2,9,0,99,99,9,9,99,99,5,9,99,9,99,4,9,6,6,3,-1,-1,-1,-1,-1,-1,-1,-1,0,-1
2024131432019,2024,131432019,1,-1,0,-1,19,1,5,-1,9,0,0,0,0,0,0,1,-1,9,1,16,4,-1,-1,-1,-1,3,E01010601,1,1
2024411456678,2024,411456678,1,9,-1,-1,-1,-1,-1,-1,-1,0,-1,-1,-1,0,-1,9,-1,9,2,82,11,-1,-1,-1,-1,9,E01023580,0,1
2024061489479,2024,061489479,2,1,0,-1,19,-1,-1,-1,99,8,0,99,0,0,9,1,-1,9,1,9,2,-1,-1,-1,-1,2,E01004956,0,1
2024010488091,2024,010488091,1,9,0,18,19,6,2,0,0,8,0,0,0,0,1,1,6,6,1,20,4,-1,-1,-1,-1,4,E01004432,0,1
2024302401727,2024,302401727,1,19,0,-1,7,4,6,-1,0,8,0,0,0,0,4,1,-1,6,3,-1,-1,-1,-1,-1,-1,5,E01019456,0,3
2024520401185,2024,520401185,1,9,0,9,9,8,6,0,0,8,0,0,0,0,3,1,6,6,2,25,5,-1,-1,-1,-1,4,E01029298,0,1
2024421407757,2024,421407757,1,9,0,-1,11,6,3,-1,0,0,0,0,0,0,0,1,-1,6,3,-1,-1,-1,-1,-1,-1,-1,-1,0,-1
2024461532379,2024,461532379,1,9,0,-1,19,1,6,-1,0,8,0,0,0,0,4,1,-1,9,2,33,6,-1,-1,-1,-1,3,E01021017,0,4
2024061412219,2024,061412219,1,8,0,-1,-1,-1,-1,-1,0,8,-1,-1,-1,0,1,9,-1,1,1,40,7,-1,-1,-1,-1,-1,-1,0,-1
2024010542531,2024,010542531,1,19,0,9,9,5,3,0,0,8,0,0,0,0,4,1,6,6,3,-1,-1,-1,-1,-1,-1,-1,-1,0,-1
2024440141038,2024,440141038,1,9,0,1,1,3,7,0,0,0,0,0,0,0,2,1,1,1,1,-1,-1,-1,-1,-1,-1,-1,-1,0,-1
2024141507723,2024,141507723,4,9,0,-1,19,7,3,-1,0,2,0,0,0,0,2,1,-1,2,1,41,7,-1,-1,-1,-1,3,E01007371,0,1
2024052400722,2024,052400722,2,1,0,18,19,8,6,0,0,2,0,0,0,0,1,1,6,6,1,16,4,-1,-1,-1,-1,1,E01006738,0,1
2024101410802,2024,101410802,1,9,0,-1,7,5,8,-1,0,8,0,0,0,0,1,1,-1,6,2,-1,-1,-1,-1,-1,-1,-1,-1,0,-1
2024320294677,2024,320294677,1,1,0,-1,-1,1,5,0,0,0,5,0,0,0,4,1,-1,-1,1,46,8,-1,-1,-1,-1,3,E01026270,0,1
2024010534513,2024,010534513,1,1,9,99,99,9,9,99,99,9,9,99,9,99,9,1,6,6,1,25,5,-1,-1,-1,-1,3,E01003496,0,1
2024201443646,2024,201443646,2,1,0,-1,19,1,5,-1,0,8,0,0,0,0,0,1,-1,9,1,37,7,-1,-1,-1,-1,4,E01009276,0,1
2024991491544,2024,991491544,2,9,0,-1,19,2,6,-1,0,0,0,6,2,0,4,1,-1,6,2,26,6,-1,-1,-1,-1,6,-1,0,2
2024041469809,2024,041469809,1,9,0,-1,19,-1,-1,-1,-1,0,0,0,0,0,-1,9,-1,6,3,-1,-1,-1,-1,-1,-1,-1,-1,0,-1
2024311492828,2024,311492828,2,1,-1,-1,19,5,1,-1,0,0,0,0,0,0,3,1,-1,6,1,41,7,-1,-1,-1,-1,3,E01019675,0,1
2024552400775,2024,552400775,2,1,0,17,19,4,2,0,0,8,0,0,0,0,1,1,6,6,1,43,7,-1,-1,-1,-1,10,E01015342,0,2
2024141501731,2024,141501731,1,9,0,-1,19,2,6,-1,0,1,0,0,0,0,1,1,-1,2,1,23,5,-1,-1,-1,-1,1,E01007332,0,3
2024010494899,2024,010494899,2,9,0,99,99,9,9,99,99,9,9,99,9,99,1,9,6,6,3,-1,-1,-1,-1,-1,-1,5,E01000728,0,4
2024071055683,2024,071055683,1,9,9,-1,7,7,1,-1,0,5,0,0,0,0,0,9,-1,6,1,-1,-1,-1,-1,-1,-1,-1,-1,0,-1
2024010512164,2024,010512164,2,-1,0,17,19,3,7,9,9,0,1,0,0,0,4,1,6,6,2,54,8,-1,-1,-1,-1,3,E01003132,1,1
2024122400605,2024,122400605,1,1,0,18,19,1,5,9,9,1,0,0,0,0,1,1,2,2,1,29,6,-1,-1,-1,-1,5,E01027851,0,1