collision_index,collision_year,collision_ref_no,vehicle_reference,vehicle_type,towing_and_articulation,vehicle_manoeuvre_historic,vehicle_manoeuvre,vehicle_direction_from,vehicle_direction_to,vehicle_location_restricted_lane_historic,vehicle_location_restricted_lane,junction_location,skidding_and_overturning,hit_object_in_carriageway,vehicle_leaving_carriageway,hit_object_off_carriageway,first_point_of_impact,vehicle_left_hand_drive,journey_purpose_of_driver_historic,journey_purpose_of_driver,sex_of_driver,age_of_driver,age_band_of_driver,engine_capacity_cc,propulsion_code,age_of_vehicle,generic_make_model,driver_imd_decile,lsoa_of_driver,escooter_flag,driver_distance_banding
2024131426857,2024,131426857,1,-1,0,-1,19,5,1,-1,0,0,0,0,0,0,1,1,-1,9,1,9,2,-1,-1,-1,-1,1,E01011740,1,1
2024031425780,2024,031425780,2,1,0,-1,3,1,5,-1,0,1,0,0,0,0,4,1,-1,2,1,60,9,-1,-1,-1,-1,-1,-1,0,-1
2024101415750,2024,101415750,1,97,0,-1,19,1,5,-1,0,0,5,0,0,0,3,1,-1,6,1,-1,-1,-1,-1,-1,-1,-1,-1,0,-1
2024211459632,2024,211459632,2,9,0,-1,2,0,0,-1,0,0,0,0,0,0,2,1,-1,6,-1,-1,-1,-1,-1,-1,-1,-1,-1,0,-1
2024430422310,2024,430422310,2,21,0,18,19,8,4,0,0,0,0,0,0,0,4,1,6,6,1,60,9,-1,-1,-1,-1,-1,-1,0,-1
2024471444830,2024,471444830,1,98,0,-1,5,3,1,-1,0,6,0,0,0,0,3,1,-1,9,1,30,6,-1,-1,-1,-1,-1,-1,0,-1
2024010544458,2024,010544458,2,1,0,18,19,3,7,0,0,3,0,0,0,0,2,1,6,6,1,26,6,-1,-1,-1,-1,5,E01033922,0,1
2024201427385,2024,201427385,1,1,0,-1,19,8,4,-1,0,8,0,0,0,0,3,1,-1,1,1,18,4,-1,-1,-1,-1,2,E01009239,0,1
2024461441373,2024,461441373,2,9,0,-1,19,7,3,-1,0,0,2,0,0,0,1,1,-1,1,1,50,8,-1,-1,-1,-1,4,E01024182,0,2
2024131453288,2024,131453288,1,19,0,-1,19,5,1,-1,0,8,0,0,0,0,4,1,-1,1,1,22,5,-1,-1,-1,-1,8,E01011496,0,2
2024371434457,2024,371434457,1,9,0,-1,-1,6,5,-1,0,8,0,0,0,0,-1,9,-1,6,3,-1,-1,-1,-1,-1,-1,-1,-1,0,-1
2024610041824,2024,610041824,2,9,0,4,4,4,8,0,0,0,0,0,0,0,2,1,6,6,1,-1,-1,-1,-1,-1,-1,2,W01001485,0,1
2024991501826,2024,991501826,2,9,0,-1,19,8,4,-1,0,1,0,0,0,0,1,1,-1,2,1,28,6,-1,-1,-1,-1,6,-1,0,4
2024010547817,2024,010547817,1,1,9,99,99,9,9,99,99,9,9,99,9,99,1,1,2,2,2,46,8,-1,-1,-1,-1,2,E01001955,0,1
2024302400942,2024,302400942,2,1,0,18,19,8,4,0,0,8,0,0,0,0,3,1,6,6,1,72,10,-1,-1,-1,-1,1,E01019566,0,1
2024101523913,2024,101523913,1,23,0,-1,19,5,1,-1,9,3,0,0,7,0,1,1,-1,6,1,21,5,-1,-1,-1,-1,-1,-1,0,-1
2024430278278,2024,430278278,2,1,0,18,19,7,3,0,0,8,0,0,0,0,4,1,6,6,1,77,11,-1,-1,-1,-1,7,E01016491,0,1
2024451498542,2024,451498542,2,21,1,-1,19,3,7,-1,0,0,9,99,0,0,1,2,-1,6,1,24,5,-1,-1,-1,-1,-1,-1,0,-1
2024031502608,2024,031502608,1,9,0,-1,5,5,5,-1,0,6,0,0,0,0,4,1,-1,6,1,49,8,-1,-1,-1,-1,-1,-1,0,-1
2024141526357,2024,141526357,1,9,0,-1,9,3,8,-1,0,0,0,0,0,0,2,1,-1,1,1,62,9,-1,-1,-1,-1,5,E01008113,0,1
2024061522997,2024,061522997,2,1,5,-1,19,1,5,-1,0,1,0,0,0,0,1,1,-1,7,1,18,4,-1,-1,-1,-1,-1,-1,0,-1
2024340NN0562,2024,340NN0562,2,9,0,-1,19,6,2,-1,0,3,0,0,1,11,4,1,-1,2,2,19,4,-1,-1,-1,-1,6,E01027045,0,3
2024302400020,2024,302400020,1,9,0,13,13,1,5,0,0,0,2,0,7,11,1,1,6,6,1,20,4,-1,-1,-1,-1,5,E01016254,0,5
2024991537680,2024,991537680,2,23,0,-1,19,7,3,-1,0,1,0,0,0,0,1,1,-1,9,1,23,5,-1,-1,-1,-1,2,-1,0,1
2024991437188,2024,991437188,1,9,0,-1,19,6,3,-1,-1,6,1,0,1,4,1,1,-1,2,1,24,5,-1,-1,-1,-1,3,-1,0,2
2024010512749,2024,010512749,1,1,0,99,99,9,9,0,0,1,0,99,9,99,9,1,6,6,2,28,6,-1,-1,-1,-1,9,E01004511,0,1
2024471469459,2024,471469459,2,1,0,-1,3,2,6,-1,4,0,0,0,0,0,2,1,-1,6,1,54,8,-1,-1,-1,-1,9,E01016985,0,1
2024010496752,2024,010496752,1,9,9,3,3,7,3,0,0,4,9,0,0,0,2,9,6,6,1,48,8,-1,-1,-1,-1,9,E01002242,0,1
2024440087544,2024,440087544,2,1,0,18,19,2,6,0,0,8,0,0,0,0,3,1,2,2,1,35,6,-1,-1,-1,-1,8,E01017069,0,1
2024041529889,2024,041529889,1,1,0,-1,13,7,3,-1,0,1,0,0,0,0,1,1,-1,6,1,14,3,-1,-1,-1,-1,2,E01024881,0,1
2024041499450,2024,041499450,1,9,0,-1,19,3,7,-1,0,3,0,0,0,0,1,1,-1,9,2,72,10,-1,-1,-1,-1,7,E01025028,0,1
2024201510247,2024,201510247,1,23,0,-1,13,8,4,-1,0,8,0,10,7,5,1,1,-1,6,1,19,4,-1,-1,-1,-1,1,E01009957,0,1
2024451394604,2024,451394604,2,9,0,-1,5,6,2,-1,0,1,0,0,0,0,4,1,-1,6,1,30,6,-1,-1,-1,-1,-1,-1,0,-1
2024010506215,2024,010506215,1,1,0,18,19,3,7,9,9,0,0,0,0,0,1,1,6,6,3,34,6,-1,-1,-1,-1,-1,-1,0,-1
2024440331747,2024,440331747,3,9,0,2,2,0,0,0,0,1,0,0,0,0,4,1,6,6,3,-1,-1,-1,-1,-1,-1,-1,-1,0,-1
2024052400867,2024,052400867,1,9,0,7,7,5,7,0,0,1,0,0,0,0,1,1,6,6,3,-1,-1,-1,-1,-1,-1,-1,-1,0,-1
2024010519516,2024,010519516,1,1,9,99,99,9,9,99,99,9,9,99,9,99,2,1,6,6,1,28,6,-1,-1,-1,-1,7,E01003853,0,3
2024430401380,2024,430401380,2,1,0,18,19,8,4,0,0,1,0,0,0,0,2,1,6,6,1,26,6,-1,-1,-1,-1,4,E01016519,0,1
2024101523911,2024,101523911,2,-1,0,-1,5,3,7,-1,0,6,0,0,7,0,1,1,-1,9,1,9,2,-1,-1,-1,-1,2,E01008692,1,1
2024531485249,2024,531485249,1,9,0,-1,9,7,5,-1,0,8,0,0,0,0,1,1,-1,9,2,22,5,-1,-1,-1,-1,7,E01028776,0,1
2024141517802,2024,141517802,2,9,0,-1,19,2,6,-1,0,8,0,0,0,0,1,1,-1,1,1,32,6,-1,-1,-1,-1,3,E01019400,0,4
2024010530774,2024,010530774,1,1,0,18,19,3,7,0,0,0,0,0,0,0,1,1,1,1,1,20,4,-1,-1,-1,-1,3,E01004226,0,1
2024010549406,2024,010549406,2,1,9,18,19,9,9,99,99,9,9,99,9,99,1,1,2,2,1,22,5,-1,-1,-1,-1,7,E01001228,0,1
2024141421001,2024,141421001,3,9,0,-1,19,5,1,-1,0,0,0,0,0,0,1,1,-1,6,1,63,9,-1,-1,-1,-1,3,E01028028,0,3
2024161495118,2024,161495118,2,1,0,-1,19,3,7,-1,0,1,0,0,0,0,1,1,-1,6,1,16,4,-1,-1,-1,-1,-1,-1,0,-1
2024010546060,2024,010546060,2,9,0,-1,-1,5,1,0,0,1,0,0,0,0,1,1,6,6,1,43,7,-1,-1,-1,-1,3,E01002404,0,1
2024122401053,2024,122401053,1,23,0,18,19,7,3,0,0,0,1,0,0,0,0,1,6,6,1,40,7,-1,-1,-1,-1,4,E01034981,0,1
2024131510485,2024,131510485,2,1,0,-1,19,5,1,-1,0,0,0,0,0,0,1,1,-1,6,1,27,6,-1,-1,-1,-1,1,E01010674,0,1
2024440355754,2024,440355754,2,22,0,18,19,6,2,0,0,2,0,0,0,0,4,1,6,6,1,67,10,-1,-1,-1,-1,1,E01017032,0,1
2024201514947,2024,201514947,1,9,0,-1,19,8,4,-1,0,0,0,0,0,0,1,1,-1,6,3,-1,-1,-1,-1,-1,-1,-1,-1,0,-1
2024552401293,2024,552401293,2,1,0,17,19,6,4,0,0,8,0,0,0,0,1,1,6,6,2,55,8,-1,-1,-1,-1,2,E01033200,0,1
2024421447857,2024,421447857,1,9,0,-1,19,2,6,-1,0,1,0,0,0,0,1,1,-1,2,1,37,7,-1,-1,-1,-1,6,E01000332,0,4
2024461469239,2024,461469239,2,97,0,-1,19,1,5,-1,0,1,0,0,0,0,1,1,-1,6,1,53,8,-1,-1,-1,-1,4,E01035303,0,3
2024010522604,2024,010522604,2,1,9,99,99,9,9,99,99,0,9,99,9,99,1,1,6,6,3,-1,-1,-1,-1,-1,-1,3,E01004710,0,1
2024010535915,2024,010535915,1,9,0,99,99,9,9,99,99,9,9,99,9,99,1,9,6,6,3,-1,-1,-1,-1,-1,-1,-1,-1,0,-1
2024421419821,2024,421419821,1,9,-1,-1,12,7,3,-1,0,0,0,0,0,0,4,1,-1,6,3,-1,-1,-1,-1,-1,-1,-1,-1,0,-1
2024461515769,2024,461515769,2,9,0,-1,19,6,2,-1,0,1,1,11,0,0,1,1,-1,1,1,36,7,-1,-1,-1,-1,4,E01024222,0,3
2024361509536,2024,361509536,2,99,-1,-1,-1,-1,-1,-1,-1,-1,-1,-1,-1,0,-1,9,-1,6,3,-1,-1,-1,-1,-1,-1,-1,-1,0,-1
2024010542250,2024,010542250,2,1,9,99,99,9,9,99,99,9,9,99,9,99,9,1,2,2,2,54,8,-1,-1,-1,-1,4,E01003043,0,1
2024320315141,2024,320315141,1,9,0,-1,-1,6,2,0,0,0,5,0,0,0,3,1,6,6,2,26,6,-1,-1,-1,-1,4,E01026140,0,2
2024141498764,2024,141498764,1,9,0,-1,9,4,2,-1,0,1,0,0,0,0,1,1,-1,1,1,64,9,-1,-1,-1,-1,5,E01011390,0,4
2024101501468,2024,101501468,1,9,0,-1,2,1,5,-1,0,0,0,0,0,0,3,1,-1,9,2,65,9,-1,-1,-1,-1,-1,-1,0,-1
2024201509420,2024,201509420,1,9,0,-1,1,2,6,-1,0,0,0,0,0,0,2,1,-1,6,1,63,9,-1,-1,-1,-1,8,E01009823,0,3
2024161435613,2024,161435613,1,9,0,-1,12,3,7,-1,0,0,0,0,0,0,1,1,-1,6,1,18,4,-1,-1,-1,-1,4,E01013082,0,4
2024201464856,2024,201464856,1,9,0,-1,5,1,3,-1,9,8,0,0,0,0,1,1,-1,6,2,-1,-1,-1,-1,-1,-1,-1,-1,0,-1
2024010542033,2024,010542033,1,1,0,9,9,3,2,9,9,1,0,0,0,0,1,1,6,6,1,24,5,-1,-1,-1,-1,-1,-1,0,-1
2024991512892,2024,991512892,1,9,0,-1,19,5,8,-1,0,4,0,0,0,0,4,1,-1,9,2,59,9,-1,-1,-1,-1,10,-1,0,1
2024010540470,2024,010540470,1,1,9,99,99,9,9,99,99,9,9,99,9,99,0,1,2,2,1,31,6,-1,-1,-1,-1,5,E01000699,0,2
2024440223280,2024,440223280,1,1,0,18,19,7,3,0,0,1,0,0,0,0,1,1,6,6,1,30,6,-1,-1,-1,-1,10,E01017063,0,1
2024010525385,2024,010525385,2,9,0,99,99,9,9,99,99,9,9,99,9,99,1,9,6,6,3,-1,-1,-1,-1,-1,-1,-1,-1,0,-1
2024991522393,2024,991522393,1,9,0,-1,1,4,8,-1,0,1,0,0,0,0,2,1,-1,6,3,30,6,-1,-1,-1,-1,-1,-1,0,-1
2024231529737,2024,231529737,2,9,0,-1,5,1,4,-1,0,4,0,0,0,0,2,9,-1,6,2,81,11,-1,-1,-1,-1,10,E01031139,0,1
2024010492253,2024,010492253,1,3,0,99,99,9,9,99,99,9,9,99,9,99,9,1,2,2,3,21,5,-1,-1,-1,-1,3,E01003430,0,1
2024991417062,2024,991417062,1,1,0,-1,19,6,2,-1,0,0,2,7,0,0,1,1,-1,9,1,23,5,-1,-1,-1,-1,-1,-1,0,-1
2024041469514,2024,041469514,1,9,0,-1,9,1,5,-1,0,1,0,0,0,0,0,1,-1,6,3,-1,-1,-1,-1,-1,-1,-1,-1,0,-1
2024201484150,2024,201484150,1,98,0,-1,19,1,5,-1,0,1,0,0,0,0,3,9,-1,6,3,16,4,-1,-1,-1,-1,-1,-1,0,-1
2024430585255,2024,430585255,1,1,0,9,9,2,6,4,4,8,0,0,0,0,1,1,1,1,1,-1,-1,-1,-1,-1,-1,-1,-1,0,-1
2024471406897,2024,471406897,1,9,0,-1,13,7,3,-1,0,0,0,0,0,0,1,1,-1,1,1,56,9,-1,-1,-1,-1,9,E01031497,0,3
2024430337985,2024,430337985,2,90,0,18,19,7,3,0,0,0,0,0,0,0,1,1,1,1,1,35,6,-1,-1,-1,-1,-1,-1,0,-1
2024161530596,2024,161530596,1,1,0,-1,9,6,4,-1,5,0,0,0,0,0,1,1,-1,9,1,40,7,-1,-1,-1,-1,9,E01013123,0,1
2024201529526,2024,201529526,1,9,0,-1,1,2,6,-1,0,4,0,0,0,0,2,9,-1,6,3,30,6,-1,-1,-1,-1,-1,-1,0,-1
2024211400898,2024,211400898,2,9,-1,-1,5,-1,-1,-1,-1,-1,-1,-1,-1,0,-1,9,-1,6,3,-1,-1,-1,-1,-1,-1,-1,-1,0,-1
2024010490796,2024,010490796,2,1,0,4,4,3,7,0,0,4,0,9,0,0,1,1,6,6,1,43,7,-1,-1,-1,-1,3,E01001938,0,1
2024501397773,2024,501397773,1,9,0,-1,12,5,1,-1,0,1,1,0,0,0,1,1,-1,6,1,22,5,-1,-1,-1,-1,5,E01032657,0,1
2024430086157,2024,430086157,1,9,0,18,19,2,6,0,0,0,0,0,0,0,1,1,1,1,1,74,10,-1,-1,-1,-1,10,E01028624,0,3
2024010515098,2024,010515098,1,1,9,99,99,9,9,99,99,9,9,99,9,99,9,1,6,6,1,38,7,-1,-1,-1,-1,3,E01004266,0,2
2024010531708,2024,010531708,1,9,9,99,99,9,9,99,99,9,9,99,9,99,9,9,6,6,3,-1,-1,-1,-1,-1,-1,-1,-1,0,-1
2024421445962,2024,421445962,1,19,0,-1,3,7,3,-1,0,0,0,0,0,0,4,9,-1,6,3,-1,-1,-1,-1,-1,-1,-1,-1,0,-1
2024430580216,2024,430580216,1,97,0,18,19,6,8,0,0,6,0,0,0,0,1,1,6,6,1,-1,-1,-1,-1,-1,-1,-1,-1,0,-1
2024070135694,2024,070135694,1,9,0,7,7,7,3,0,0,1,1,7,7,1,1,1,6,6,1,24,5,-1,-1,-1,-1,2,E01018477,0,1
2024320048312,2024,320048312,1,1,0,-1,-1,1,5,0,0,6,5,0,1,0,3,1,-1,-1,1,13,3,-1,-1,-1,-1,8,E01026322,0,1
2024010529599,2024,010529599,2,9,0,99,99,9,9,99,99,0,9,99,9,99,1,9,6,6,3,20,4,-1,-1,-1,-1,4,E01001015,0,2
2024041397296,2024,041397296,1,1,0,-1,19,3,7,-1,0,1,5,0,0,0,1,1,-1,9,1,40,7,-1,-1,-1,-1,3,E01024866,0,1
2024211536409,2024,211536409,1,9,-1,-1,19,1,1,-1,0,0,0,0,0,0,-1,9,-1,9,3,-1,-1,-1,-1,-1,-1,-1,-1,0,-1
2024440513410,2024,440513410,2,90,0,2,2,0,0,0,0,0,0,0,0,0,1,1,1,1,3,-1,-1,-1,-1,-1,-1,-1,-1,0,-1
2024010551555,2024,010551555,2,9,0,1,1,5,1,0,0,0,0,0,0,0,2,1,6,6,3,-1,-1,-1,-1,-1,-1,-1,-1,0,-1
2024010493074,2024,010493074,1,2,0,99,99,9,9,99,99,1,9,99,9,99,9,1,2,2,3,31,6,-1,-1,-1,-1,1,E01000524,0,2
2024161493847,2024,161493847,2,-1,0,-1,19,3,7,-1,0,0,0,0,0,0,1,9,-1,6,3,-1,-1,-1,-1,-1,-1,-1,-1,1,-1
2024440378199,2024,440378199,1,1,0,9,9,1,3,0,0,8,0,0,0,0,0,1,6,6,1,17,4,-1,-1,-1,-1,5,E01017159,0,1
2024531502564,2024,531502564,1,9,0,-1,7,5,7,-1,0,6,0,0,0,0,3,9,-1,6,2,-1,-1,-1,-1,-1,-1,-1,-1,0,-1
2024141428294,2024,141428294,3,9,0,-1,19,5,1,-1,0,3,0,0,0,0,1,1,-1,6,2,-1,-1,-1,-1,-1,-1,-1,-1,0,-1
2024061514839,2024,061514839,2,9,0,-1,3,-1,-1,-1,0,0,0,0,0,0,1,1,-1,6,3,-1,-1,-1,-1,-1,-1,-1,-1,0,-1
2024622400774,2024,622400774,2,1,0,9,9,8,6,0,0,0,0,0,0,0,2,1,6,6,1,17,4,-1,-1,-1,-1,2,W01001942,0,1
2024440269368,2024,440269368,1,9,0,17,19,2,4,0,0,0,1,0,1,1,4,1,6,6,1,65,9,-1,-1,-1,-1,10,E01022869,0,1
2024552400270,2024,552400270,1,9,0,18,19,1,5,0,0,3,0,0,0,0,1,1,6,6,3,-1,-1,-1,-1,-1,-1,-1,-1,0,-1
2024221521414,2024,221521414,1,9,0,-1,7,1,3,-1,0,6,0,0,0,0,1,9,-1,9,1,80,11,-1,-1,-1,-1,5,E01028832,0,2
2024302401673,2024,302401673,1,21,2,-1,19,6,1,-1,0,8,0,0,0,0,4,1,-1,1,1,42,7,-1,-1,-1,-1,3,E01007991,0,4
2024010501609,2024,010501609,1,3,0,99,99,9,9,99,99,9,9,99,9,99,2,1,1,1,1,-1,-1,-1,-1,-1,-1,6,E01034485,0,1
2024111429830,2024,111429830,1,1,0,-1,19,7,3,-1,9,0,2,7,0,0,1,1,-1,9,1,15,3,-1,-1,-1,-1,1,E01020724,0,1
2024061409341,2024,061409341,2,1,0,-1,-1,-1,-1,-1,-1,0,-1,-1,-1,0,1,1,-1,2,2,32,6,-1,-1,-1,-1,4,E01005035,0,1
2024010519197,2024,010519197,2,9,0,99,99,9,9,99,99,9,9,99,9,99,9,9,6,6,3,-1,-1,-1,-1,-1,-1,-1,-1,0,-1
2024141460645,2024,141460645,2,1,0,-1,12,6,2,-1,0,0,0,0,0,0,3,1,-1,6,1,50,8,-1,-1,-1,-1,-1,-1,0,-1
202454C152724,2024,54C152724,1,17,0,18,19,2,6,0,0,0,1,0,0,0,1,1,1,1,1,63,9,-1,-1,-1,-1,3,E01031854,0,3
2024991579213,2024,991579213,2,9,0,-1,7,7,6,-1,0,2,0,0,1,0,3,1,-1,9,2,68,10,-1,-1,-1,-1,7,-1,0,2
2024411496651,2024,411496651,1,9,0,-1,19,3,7,-1,0,0,0,0,0,0,2,1,-1,6,1,36,7,-1,-1,-1,-1,3,E01023866,0,1
2024991505914,2024,991505914,2,1,0,-1,19,8,4,-1,0,3,0,0,0,0,4,1,-1,9,1,59,9,-1,-1,-1,-1,10,-1,0,4
2024332400567,2024,332400567,1,9,0,-1,12,1,5,-1,0,0,0,0,0,0,1,1,-1,9,2,36,7,-1,-1,-1,-1,7,E01025960,0,1
2024010547304,2024,010547304,1,1,9,-1,-1,5,1,99,99,9,9,99,9,99,1,1,6,6,3,-1,-1,-1,-1,-1,-1,-1,-1,0,-1
2024141430208,2024,141430208,1,9,0,-1,7,6,2,-1,0,1,0,0,0,0,2,1,-1,6,1,50,8,-1,-1,-1,-1,6,E01007833,0,1
2024010508904,2024,010508904,2,1,0,18,19,1,5,9,9,1,0,0,0,0,1,1,6,6,1,36,7,-1,-1,-1,-1,3,E01003915,0,1
2024052402395,2024,052402395,1,9,9,99,99,9,9,0,0,9,9,99,9,99,9,9,6,6,3,-1,-1,-1,-1,-1,-1,-1,-1,0,-1
2024010542259,2024,010542259,3,9,0,99,99,9,9,99,99,9,9,99,9,99,9,9,6,6,3,-1,-1,-1,-1,-1,-1,10,E01016603,0,4
2024052402584,2024,052402584,1,19,0,18,19,1,5,0,0,1,0,0,0,0,1,1,6,6,3,-1,-1,-1,-1,-1,-1,-1,-1,0,-1
2024461500895,2024,461500895,2,22,0,-1,19,3,7,-1,0,8,0,0,0,0,3,1,-1,9,2,72,10,-1,-1,-1,-1,7,E01024813,0,1
2024520401360,2024,520401360,2,9,0,18,19,3,7,0,0,8,0,0,1,3,1,1,6,6,2,71,10,-1,-1,-1,-1,4,E01029336,0,1
2024332400116,2024,332400116,1,9,0,-1,19,7,3,-1,0,0,0,0,1,0,1,1,-1,6,1,56,9,-1,-1,-1,-1,9,E01025870,0,2
2024010548402,2024,010548402,2,19,0,99,99,9,9,99,99,9,9,99,9,99,9,9,6,6,3,-1,-1,-1,-1,-1,-1,-1,-1,0,-1
2024231424949,2024,231424949,1,99,0,-1,19,7,3,-1,0,1,0,0,0,0,1,9,-1,6,3,40,7,-1,-1,-1,-1,-1,-1,0,-1
2024545254624,2024,545254624,2,9,0,4,4,1,5,0,0,1,0,0,0,0,2,1,1,1,2,48,8,-1,-1,-1,-1,10,E01031966,0,3
2024061509200,2024,061509200,1,19,0,-1,4,3,7,-1,0,0,0,4,0,0,1,9,-1,6,3,-1,-1,-1,-1,-1,-1,-1,-1,0,-1
2024211447763,2024,211447763,1,21,1,-1,13,8,4,-1,0,0,1,0,0,0,3,9,-1,1,1,-1,-1,-1,-1,-1,-1,-1,-1,0,-1
2024010509950,2024,010509950,4,9,0,15,15,5,1,2,2,1,0,0,0,0,1,1,6,6,3,-1,-1,-1,-1,-1,-1,-1,-1,0,-1
2024430476550,2024,430476550,2,9,0,18,19,6,2,0,0,1,0,0,0,0,1,1,6,6,1,-1,-1,-1,-1,-1,-1,-1,-1,0,-1
2024070371488,2024,070371488,4,9,0,2,2,0,0,0,0,0,0,0,0,0,0,1,6,6,1,-1,-1,-1,-1,-1,-1,-1,-1,0,-1
2024320290197,2024,320290197,1,17,0,-1,-1,4,8,0,0,2,0,0,0,0,1,1,6,6,1,65,9,-1,-1,-1,-1,6,E01026265,0,4
2024201444326,2024,201444326,1,9,0,-1,19,2,6,-1,0,8,0,0,0,0,4,9,-1,6,3,-1,-1,-1,-1,-1,-1,-1,-1,0,-1
2024451444205,2024,451444205,2,1,0,-1,19,4,8,-1,0,0,0,0,1,0,3,1,-1,6,1,45,7,-1,-1,-1,-1,-1,-1,0,-1
2024201485825,2024,201485825,1,9,0,-1,14,4,8,-1,0,0,0,0,0,0,1,1,-1,9,1,29,6,-1,-1,-1,-1,5,E01010109,0,1
2024131511314,2024,131511314,2,1,0,-1,19,3,7,-1,0,0,1,0,0,0,1,1,-1,6,1,31,6,-1,-1,-1,-1,3,E01011328,0,2
2024010521371,2024,010521371,2,1,0,16,19,3,7,0,0,2,1,10,1,0,3,1,6,6,1,75,10,-1,-1,-1,-1,6,E01003107,0,1
2024010535732,2024,010535732,1,1,9,99,99,9,9,99,99,0,9,99,9,99,9,1,6,6,3,-1,-1,-1,-1,-1,-1,-1,-1,0,-1
2024351405599,2024,351405599,1,99,-1,-1,-1,-1,-1,-1,-1,0,-1,-1,-1,0,-1,9,-1,6,3,-1,-1,-1,-1,-1,-1,-1,-1,0,-1
2024430172311,2024,430172311,2,1,0,18,19,6,2,0,0,0,0,0,0,0,1,1,4,7,1,12,3,-1,-1,-1,-1,10,E01032962,0,1
2024311498077,2024,311498077,3,9,0,-1,19,1,5,-1,0,0,1,0,1,0,3,1,-1,9,1,55,8,-1,-1,-1,-1,10,E01028148,0,3
2024061502707,2024,061502707,2,1,0,-1,19,3,7,-1,0,8,0,0,0,0,3,1,-1,6,1,12,3,-1,-1,-1,-1,1,E01005202,0,1
2024221417560,2024,221417560,2,1,0,-1,9,2,8,-1,0,5,0,0,0,0,3,1,-1,6,2,43,7,-1,-1,-1,-1,9,E01028916,0,1
2024010536840,2024,010536840,1,1,9,99,99,9,9,99,99,9,9,99,9,99,9,1,2,2,1,33,6,-1,-1,-1,-1,3,E01003056,0,1
2024361483930,2024,361483930,1,9,-1,-1,-1,-1,-1,-1,-1,0,-1,-1,-1,0,-1,1,-1,6,1,31,6,-1,-1,-1,-1,8,E01029957,0,4
2024371537232,2024,371537232,2,1,0,-1,19,4,8,-1,0,8,1,0,0,0,1,1,-1,9,1,16,4,-1,-1,-1,-1,7,E01029937,0,1
2024302401679,2024,302401679,2,10,0,2,2,0,0,0,0,0,0,0,0,0,0,1,6,6,3,-1,-1,-1,-1,-1,-1,-1,-1,0,-1
2024401521626,2024,401521626,1,20,1,-1,19,1,5,-1,0,0,0,0,0,0,1,2,-1,6,3,-1,-1,-1,-1,-1,-1,-1,-1,0,-1
2024010524646,2024,010524646,2,9,9,99,99,9,9,99,99,9,9,99,9,99,2,9,6,6,3,-1,-1,-1,-1,-1,-1,-1,-1,0,-1
2024010531844,2024,010531844,2,1,0,18,19,7,3,0,0,1,0,0,0,0,0,1,2,2,1,38,7,-1,-1,-1,-1,5,E01002001,0,1
2024010488007,2024,010488007,1,3,9,99,99,9,9,99,99,9,9,99,9,99,1,1,1,1,1,30,6,-1,-1,-1,-1,6,E01034291,0,4
2024543219524,2024,543219524,2,21,0,18,19,4,8,0,0,0,0,0,0,0,3,1,1,1,1,59,9,-1,-1,-1,-1,5,E01031845,0,3
2024501518849,2024,501518849,1,9,0,-1,19,4,8,-1,0,0,5,0,2,10,1,1,-1,9,1,20,4,-1,-1,-1,-1,6,E01018821,0,2
2024010526059,2024,010526059,1,1,9,99,99,9,9,99,99,9,9,99,9,99,2,1,2,2,1,40,7,-1,-1,-1,-1,10,E01003883,0,1
2024610029424,2024,610029424,1,9,0,18,19,1,5,0,0,8,0,0,0,0,3,1,6,6,1,40,7,-1,-1,-1,-1,5,W01002030,0,1
2024141394469,2024,141394469,1,9,0,-1,5,3,5,-1,0,1,0,0,0,0,1,9,-1,6,1,40,7,-1,-1,-1,-1,4,E01007584,0,1
2024501441935,2024,501441935,1,1,0,-1,19,2,6,-1,0,0,2,0,7,0,3,1,-1,9,1,56,9,-1,-1,-1,-1,4,E01018950,0,4
2024010489093,2024,010489093,2,1,0,18,19,5,1,0,0,1,0,0,0,0,1,1,6,6,1,42,7,-1,-1,-1,-1,9,E01000880,0,1
2024010488653,2024,010488653,1,9,0,3,3,1,5,0,0,1,0,0,0,0,1,1,6,6,1,59,9,-1,-1,-1,-1,2,E01032787,0,1
2024061514626,2024,061514626,1,3,0,-1,13,5,1,-1,0,1,0,0,0,0,1,1,-1,6,1,66,10,-1,-1,-1,-1,2,E01005887,0,1
2024201467229,2024,201467229,1,9,0,-1,10,5,3,-1,0,1,0,0,0,0,1,1,-1,1,2,48,8,-1,-1,-1,-1,10,E01009853,0,3
2024411443676,2024,411443676,1,97,0,-1,15,8,4,-1,0,0,5,0,0,0,1,1,-1,6,1,21,5,-1,-1,-1,-1,8,E01033029,0,1
2024010503849,2024,010503849,1,1,9,99,99,9,9,99,99,9,9,99,9,99,1,1,6,6,1,61,9,-1,-1,-1,-1,10,E01003805,0,2
2024010504415,2024,010504415,2,9,0,99,99,9,9,99,99,9,9,99,9,99,9,9,6,6,3,-1,-1,-1,-1,-1,-1,-1,-1,0,-1
2024351503794,2024,351503794,1,9,0,-1,19,7,1,-1,0,4,1,0,0,0,3,1,-1,6,3,-1,-1,-1,-1,-1,-1,-1,-1,0,-1
2024520002906,2024,520002906,2,-1,0,18,19,1,5,0,0,0,0,0,0,0,1,1,6,6,1,13,3,-1,-1,-1,-1,1,E01014463,1,1
2024461427404,2024,461427404,1,9,0,-1,19,3,7,-1,0,0,0,0,0,0,1,9,-1,6,1,55,8,-1,-1,-1,-1,8,E01016121,0,1
2024010513332,2024,010513332,1,1,9,99,99,9,9,99,99,9,9,99,9,99,1,1,2,2,1,33,6,-1,-1,-1,-1,2,E01003174,0,2
2024552401223,2024,552401223,1,9,0,18,19,6,2,0,0,1,0,0,0,0,1,1,6,6,3,-1,-1,-1,-1,-1,-1,-1,-1,0,-1
2024201515704,2024,201515704,2,9,0,-1,19,3,7,-1,0,8,0,0,0,0,4,1,-1,6,2,42,7,-1,-1,-1,-1,7,E01008991,0,1
2024461469555,2024,461469555,1,9,0,-1,11,8,4,-1,0,0,0,0,0,0,3,9,-1,6,1,-1,-1,-1,-1,-1,-1,2,E01024391,0,4
2024991446527,2024,991446527,1,5,0,-1,13,8,4,-1,0,0,0,0,7,0,4,1,-1,9,1,60,9,-1,-1,-1,-1,7,E01012345,0,5