collision_index,collision_year,collision_ref_no,vehicle_reference,vehicle_type,towing_and_articulation,vehicle_manoeuvre_historic,vehicle_manoeuvre,vehicle_direction_from,vehicle_direction_to,vehicle_location_restricted_lane_historic,vehicle_location_restricted_lane,junction_location,skidding_and_overturning,hit_object_in_carriageway,vehicle_leaving_carriageway,hit_object_off_carriageway,first_point_of_impact,vehicle_left_hand_drive,journey_purpose_of_driver_historic,journey_purpose_of_driver,sex_of_driver,age_of_driver,age_band_of_driver,engine_capacity_cc,propulsion_code,age_of_vehicle,generic_make_model,driver_imd_decile,lsoa_of_driver,escooter_flag,driver_distance_banding
2024201505757,2024,201505757,1,98,0,-1,19,6,2,-1,0,0,0,0,0,0,4,1,-1,6,1,-1,-1,-1,-1,-1,-1,-1,-1,0,-1
2024221434326,2024,221434326,2,1,0,-1,19,6,8,-1,0,0,1,0,0,0,4,1,-1,9,1,72,10,-1,-1,-1,-1,2,W01000498,0,2
2024471487243,2024,471487243,2,1,0,-1,9,3,7,-1,0,1,0,0,0,0,3,1,-1,6,1,22,5,-1,-1,-1,-1,6,E01016887,0,1
2024231452984,2024,231452984,1,1,0,-1,9,4,2,-1,0,6,0,0,0,0,1,1,-1,6,1,-1,-1,-1,-1,-1,-1,9,E01032894,0,1
2024010538533,2024,010538533,2,1,0,9,9,1,7,0,0,3,0,0,0,0,1,1,6,6,1,61,9,-1,-1,-1,-1,10,E01000809,0,1
2024522403242,2024,522403242,1,1,0,18,19,1,5,0,0,8,0,0,0,0,1,1,6,6,1,44,7,-1,-1,-1,-1,3,E01014588,0,1
2024010533020,2024,010533020,1,1,9,99,99,9,9,99,99,9,9,99,9,99,1,1,2,2,1,30,6,-1,-1,-1,-1,10,E01033135,0,1
2024340NN4082,2024,340NN4082,1,9,0,-1,19,1,5,-1,0,4,0,0,0,0,1,1,-1,2,1,80,11,-1,-1,-1,-1,6,E01027032,0,1
2024211481639,2024,211481639,1,5,0,-1,15,3,7,-1,0,1,0,0,0,0,1,1,-1,6,1,60,9,-1,-1,-1,-1,-1,-1,0,-1
2024010488163,2024,010488163,1,3,0,99,99,9,9,99,99,9,9,99,9,99,9,1,2,2,3,20,4,-1,-1,-1,-1,2,E01004243,0,2
2024451480602,2024,451480602,2,98,0,-1,4,8,4,-1,0,0,0,0,0,0,4,1,-1,9,1,45,7,-1,-1,-1,-1,10,E01030296,0,4
2024451418566,2024,451418566,2,9,9,-1,19,7,3,-1,0,6,0,0,0,0,1,1,-1,6,2,50,8,-1,-1,-1,-1,-1,-1,0,-1
2024201531948,2024,201531948,2,9,0,-1,19,3,7,-1,0,8,0,0,0,0,4,1,-1,9,2,47,8,-1,-1,-1,-1,6,E01009676,0,1
2024101413094,2024,101413094,1,-1,0,-1,19,5,1,-1,0,6,0,0,0,0,3,1,-1,9,1,12,3,-1,-1,-1,-1,2,E01008324,1,1
2024070620284,2024,070620284,1,9,0,5,5,4,1,0,0,4,0,0,0,0,0,1,6,6,2,-1,-1,-1,-1,-1,-1,-1,-1,0,-1
2024061468675,2024,061468675,1,9,0,-1,15,1,3,-1,0,1,0,0,0,0,-1,9,-1,6,3,-1,-1,-1,-1,-1,-1,-1,-1,0,-1
2024421509765,2024,421509765,2,1,0,-1,5,1,5,-1,0,4,0,0,0,0,1,1,-1,9,2,53,8,-1,-1,-1,-1,4,E01021706,0,1
2024010491066,2024,010491066,2,9,0,99,99,9,9,99,99,9,9,99,9,99,9,9,6,6,3,-1,-1,-1,-1,-1,-1,-1,-1,0,-1
2024061407224,2024,061407224,2,1,0,-1,19,1,1,-1,0,1,0,0,0,0,1,1,-1,6,1,33,6,-1,-1,-1,-1,10,E01006173,0,2
2024320748812,2024,320748812,1,4,0,-1,-1,3,7,0,0,1,5,0,0,0,0,1,6,6,1,20,4,-1,-1,-1,-1,6,E01034688,0,1
2024010487918,2024,010487918,1,9,0,9,9,4,3,0,0,1,0,0,0,0,3,1,6,6,2,45,7,-1,-1,-1,-1,-1,-1,0,-1
2024061452170,2024,061452170,2,19,0,-1,4,-1,-1,-1,0,0,0,0,0,0,1,1,-1,6,3,-1,-1,-1,-1,-1,-1,-1,-1,0,-1
2024010503995,2024,010503995,1,1,9,99,99,9,9,99,99,9,9,99,9,99,1,1,6,6,3,-1,-1,-1,-1,-1,-1,-1,-1,0,-1
2024411443665,2024,411443665,2,1,0,-1,19,3,7,-1,0,8,5,0,0,0,4,1,-1,6,1,34,6,-1,-1,-1,-1,6,E01023305,0,2
2024411524960,2024,411524960,2,9,0,-1,-1,-1,-1,-1,-1,-1,-1,-1,-1,0,-1,9,-1,6,2,36,7,-1,-1,-1,-1,6,E01023804,0,1
2024361473269,2024,361473269,2,23,0,-1,19,1,5,-1,0,8,2,0,0,0,1,1,-1,6,1,58,9,-1,-1,-1,-1,1,E01026624,0,1
2024461516778,2024,461516778,2,97,0,-1,4,3,7,-1,0,0,0,0,0,0,2,1,-1,6,1,-1,-1,-1,-1,-1,-1,-1,-1,0,-1
2024631451545,2024,631451545,1,98,0,-1,13,6,2,-1,0,8,0,0,0,0,1,1,-1,6,3,-1,-1,-1,-1,-1,-1,-1,-1,0,-1
2024351452608,2024,351452608,2,1,0,-1,14,4,8,-1,4,0,5,4,7,0,3,1,-1,2,2,53,8,-1,-1,-1,-1,10,E01018234,0,2
2024010540604,2024,010540604,2,1,0,-1,-1,5,1,0,0,0,0,4,0,0,1,1,2,2,1,59,9,-1,-1,-1,-1,3,E01003989,0,1
202460Q008964,2024,60Q008964,2,9,0,18,19,4,8,0,0,3,0,0,0,0,4,1,6,6,1,43,7,-1,-1,-1,-1,-1,-1,0,-1
2024010532033,2024,010532033,1,9,0,18,19,2,6,0,0,0,0,0,0,0,1,1,6,6,3,-1,-1,-1,-1,-1,-1,-1,-1,0,-1
2024161412252,2024,161412252,1,9,0,-1,19,1,7,-1,0,0,0,0,1,9,1,9,-1,9,1,55,8,-1,-1,-1,-1,1,E01013000,0,1
2024041528960,2024,041528960,2,1,0,-1,19,3,7,-1,0,0,0,0,0,0,4,1,-1,9,1,15,3,-1,-1,-1,-1,5,E01025031,0,1
2024010500811,2024,010500811,1,1,9,99,99,9,9,99,99,1,9,99,9,99,1,1,2,2,1,32,6,-1,-1,-1,-1,2,E01004003,0,1
2024430318689,2024,430318689,1,8,0,18,19,7,3,0,0,2,1,0,1,0,4,1,6,6,1,35,6,-1,-1,-1,-1,8,E01016431,0,1
2024010493929,2024,010493929,1,9,0,9,9,3,1,0,0,1,0,0,0,0,1,1,6,6,2,32,6,-1,-1,-1,-1,-1,-1,0,-1
2024991513271,2024,991513271,1,1,0,-1,19,5,1,-1,0,0,0,12,0,0,1,1,-1,9,1,63,9,-1,-1,-1,-1,-1,-1,0,-1
2024430094367,2024,430094367,2,3,0,4,4,1,5,0,0,1,0,0,0,0,1,1,2,2,2,30,6,-1,-1,-1,-1,9,E01028723,0,1
2024131462230,2024,131462230,2,16,0,-1,19,1,5,-1,0,0,0,0,7,0,0,1,-1,9,2,24,5,-1,-1,-1,-1,1,E01010777,0,2
2024991508033,2024,991508033,1,19,0,-1,5,5,8,-1,0,8,0,0,1,0,1,1,-1,1,1,75,10,-1,-1,-1,-1,-1,-1,0,-1
2024010547327,2024,010547327,1,19,0,3,3,9,9,99,99,0,9,99,9,99,2,1,1,1,1,44,7,-1,-1,-1,-1,6,E01000238,0,2
2024010487377,2024,010487377,1,11,0,4,4,1,5,0,0,1,0,0,0,0,0,1,1,1,1,48,8,-1,-1,-1,-1,8,E01034386,0,3
2024201474703,2024,201474703,2,9,0,-1,19,8,4,-1,0,8,0,0,0,0,1,1,-1,9,1,37,7,-1,-1,-1,-1,6,E01029401,0,4
2024440344469,2024,440344469,2,9,0,18,19,5,1,0,0,0,0,0,0,0,0,1,1,1,2,49,8,-1,-1,-1,-1,10,E01023268,0,1
202460Q083015,2024,60Q083015,3,9,0,3,3,2,7,0,0,1,0,0,0,0,1,1,6,6,1,66,10,-1,-1,-1,-1,-1,-1,0,-1
2024010502318,2024,010502318,1,3,0,5,5,0,2,0,0,2,0,0,0,0,1,1,1,1,1,29,6,-1,-1,-1,-1,4,E01000610,0,1
2024351498696,2024,351498696,1,-1,0,-1,19,7,3,-1,0,1,0,0,0,0,4,1,-1,2,1,40,7,-1,-1,-1,-1,7,E01035522,1,1
2024520000186,2024,520000186,3,1,0,18,19,3,7,0,0,8,0,0,0,0,1,1,6,6,1,20,4,-1,-1,-1,-1,-1,-1,0,-1
2024320407014,2024,320407014,2,9,0,8,8,2,4,0,0,5,2,0,0,0,4,1,6,6,1,-1,-1,-1,-1,-1,-1,-1,-1,0,-1
2024430469128,2024,430469128,1,-1,0,18,19,1,5,9,9,2,0,8,0,0,1,1,6,6,2,47,8,-1,-1,-1,-1,-1,-1,1,-1
2024010532683,2024,010532683,1,1,9,99,99,9,9,99,99,9,9,99,9,99,0,1,2,2,2,33,6,-1,-1,-1,-1,2,E01001716,0,1
2024541934424,2024,541934424,2,9,0,18,19,3,7,0,0,0,0,0,4,6,1,1,6,6,2,27,6,-1,-1,-1,-1,5,E01014549,0,4
2024221490025,2024,221490025,2,9,0,-1,5,6,1,-1,0,4,0,0,0,0,1,1,-1,7,2,32,6,-1,-1,-1,-1,2,E01014185,0,1
2024010495785,2024,010495785,1,3,0,18,19,1,5,0,0,0,0,0,0,0,1,1,1,1,1,29,6,-1,-1,-1,-1,8,E01002495,0,2
2024440329111,2024,440329111,2,9,0,3,3,5,1,0,0,1,0,0,0,0,2,1,1,1,1,51,8,-1,-1,-1,-1,4,E01022657,0,3
2024010520810,2024,010520810,1,3,9,99,99,9,9,99,99,9,9,99,9,99,9,1,6,6,3,-1,-1,-1,-1,-1,-1,-1,-1,0,-1
2024052401294,2024,052401294,2,9,0,1,1,1,5,0,0,1,0,0,0,0,2,1,6,6,1,24,5,-1,-1,-1,-1,-1,-1,0,-1
2024131405545,2024,131405545,2,1,0,-1,19,1,5,-1,0,8,0,0,0,0,3,1,-1,9,1,41,7,-1,-1,-1,-1,10,E01010697,0,1
2024991419426,2024,991419426,1,9,0,-1,6,7,7,-1,0,0,0,0,0,0,3,1,-1,6,2,24,5,-1,-1,-1,-1,2,-1,0,2
2024010488779,2024,010488779,2,9,9,99,99,9,9,99,99,0,9,12,9,99,4,9,6,6,3,-1,-1,-1,-1,-1,-1,-1,-1,0,-1
2024010532290,2024,010532290,2,1,0,18,19,7,3,4,4,8,0,0,0,0,3,1,6,6,2,36,7,-1,-1,-1,-1,6,E01002828,0,1
2024010508696,2024,010508696,2,9,0,99,99,9,9,99,99,9,9,99,9,99,1,9,6,6,3,-1,-1,-1,-1,-1,-1,-1,-1,0,-1
2024430337103,2024,430337103,2,1,0,18,19,6,2,0,0,8,0,0,0,0,1,1,3,7,1,14,3,-1,-1,-1,-1,10,E01032759,0,1
2024131492519,2024,131492519,1,1,0,-1,19,7,3,-1,0,0,0,0,0,0,3,1,-1,6,1,10,2,-1,-1,-1,-1,1,E01011922,0,1
2024010488302,2024,010488302,1,9,0,9,9,3,1,0,0,5,0,0,0,0,1,1,6,6,1,-1,-1,-1,-1,-1,-1,-1,-1,0,-1
2024131435565,2024,131435565,1,9,0,-1,-1,-1,-1,-1,-1,0,-1,-1,-1,-1,-1,1,-1,6,3,-1,-1,-1,-1,-1,-1,-1,-1,0,-1
2024430097070,2024,430097070,1,9,0,5,5,3,7,0,0,1,0,0,0,0,4,1,6,6,1,60,9,-1,-1,-1,-1,-1,-1,0,-1
2024351437871,2024,351437871,1,98,0,-1,4,1,5,-1,0,0,1,0,0,0,1,2,-1,6,1,19,4,-1,-1,-1,-1,-1,-1,0,-1
2024061470962,2024,061470962,1,9,0,-1,19,7,2,-1,0,0,0,0,0,0,3,9,-1,6,3,18,4,-1,-1,-1,-1,-1,-1,0,-1
2024501484708,2024,501484708,1,97,0,-1,99,-1,-1,-1,9,0,0,0,7,0,0,1,-1,6,3,-1,-1,-1,-1,-1,-1,-1,-1,0,-1
2024010522208,2024,010522208,1,19,9,99,99,9,9,99,99,9,9,99,9,99,9,9,6,6,3,-1,-1,-1,-1,-1,-1,-1,-1,0,-1
2024010529808,2024,010529808,1,1,0,18,19,1,5,0,0,7,0,0,0,0,3,1,6,6,1,16,4,-1,-1,-1,-1,5,E01003292,0,1
2024440099963,2024,440099963,1,9,0,17,19,5,2,0,0,8,0,0,0,0,4,1,6,6,2,55,8,-1,-1,-1,-1,4,E01023085,0,1
2024231451659,2024,231451659,2,19,0,-1,9,4,2,-1,0,5,0,0,0,0,2,1,-1,6,1,35,6,-1,-1,-1,-1,6,E01009531,0,3
2024501434485,2024,501434485,2,98,0,-1,2,0,0,-1,0,0,0,0,0,0,3,1,-1,6,-1,-1,-1,-1,-1,-1,-1,-1,-1,0,-1
2024231454429,2024,231454429,3,9,0,-1,4,6,2,-1,0,0,0,0,0,0,0,1,-1,1,1,37,7,-1,-1,-1,-1,9,E01028415,0,4
2024332400704,2024,332400704,4,9,0,-1,2,0,0,-1,0,0,0,0,0,0,2,1,-1,6,3,-1,-1,-1,-1,-1,-1,-1,-1,0,-1
2024010536989,2024,010536989,2,1,9,99,99,9,9,4,4,9,9,99,9,99,1,1,6,6,3,-1,-1,-1,-1,-1,-1,-1,-1,0,-1
2024302400367,2024,302400367,1,19,0,18,19,6,2,0,0,2,0,0,0,0,4,1,6,6,3,-1,-1,-1,-1,-1,-1,5,E01019456,0,3
2024320022174,2024,320022174,1,9,0,-1,-1,6,2,0,0,0,0,0,0,0,2,1,6,6,1,22,5,-1,-1,-1,-1,4,E01026125,0,1
2024471486081,2024,471486081,1,1,0,-1,19,3,7,-1,0,0,1,0,0,0,1,1,-1,9,1,57,9,-1,-1,-1,-1,5,E01016986,0,1
2024141557331,2024,141557331,2,1,0,-1,19,6,7,-1,0,8,0,0,0,0,2,1,-1,6,1,29,6,-1,-1,-1,-1,1,E01007377,0,2
2024501484007,2024,501484007,2,9,0,-1,19,4,8,-1,0,1,5,0,7,11,1,1,-1,9,2,39,7,-1,-1,-1,-1,5,E01020334,0,2
2024531529847,2024,531529847,4,9,0,-1,3,1,5,-1,0,1,0,0,0,0,1,1,-1,6,1,75,10,-1,-1,-1,-1,9,E01022363,0,3
2024070821581,2024,070821581,1,9,0,-1,19,7,3,-1,0,0,0,0,0,0,1,1,-1,9,1,23,5,-1,-1,-1,-1,6,E01012501,0,1
2024010565719,2024,010565719,2,9,0,99,99,9,9,99,99,9,9,99,9,99,9,9,6,6,3,-1,-1,-1,-1,-1,-1,-1,-1,0,-1
2024610000924,2024,610000924,1,9,0,5,5,2,6,6,6,0,0,0,0,0,1,1,6,6,2,20,4,-1,-1,-1,-1,10,W01001602,0,2
2024351455688,2024,351455688,1,1,0,-1,-1,-1,-1,-1,-1,0,-1,-1,-1,0,-1,1,-1,6,1,-1,-1,-1,-1,-1,-1,-1,-1,0,-1
2024991423540,2024,991423540,2,9,0,-1,4,3,7,-1,0,1,0,0,0,0,4,1,-1,9,2,53,8,-1,-1,-1,-1,2,-1,0,1
2024991468854,2024,991468854,1,21,0,-1,9,5,3,-1,0,8,0,0,0,0,1,1,-1,1,1,65,9,-1,-1,-1,-1,6,-1,0,4
2024531439061,2024,531439061,3,9,0,-1,4,3,7,-1,0,0,0,0,0,0,2,9,-1,6,2,-1,-1,-1,-1,-1,-1,-1,-1,0,-1
2024991533717,2024,991533717,2,1,0,-1,5,8,4,-1,0,2,0,0,0,0,2,1,-1,6,1,36,7,-1,-1,-1,-1,5,-1,0,2
2024332400190,2024,332400190,1,-1,0,-1,5,7,3,-1,0,0,0,0,0,0,1,1,-1,6,1,16,4,-1,-1,-1,-1,5,E01025863,1,1
202454B533724,2024,54B533724,2,9,0,3,3,8,4,0,0,1,0,0,0,0,2,1,6,6,1,61,9,-1,-1,-1,-1,9,E01031992,0,1
2024991570796,2024,991570796,1,8,0,-1,1,1,5,-1,0,0,0,0,0,0,2,9,-1,6,1,40,7,-1,-1,-1,-1,-1,-1,0,-1
2024061475111,2024,061475111,2,1,0,-1,3,3,7,-1,0,1,0,0,0,0,1,1,-1,6,1,37,7,-1,-1,-1,-1,2,E01006309,0,1
2024010536323,2024,010536323,1,1,0,18,19,3,7,4,4,1,0,0,0,0,4,1,1,1,1,45,7,-1,-1,-1,-1,3,E01032583,0,1
2024010496633,2024,010496633,1,9,0,18,19,5,1,0,0,8,0,0,0,0,1,1,6,6,3,-1,-1,-1,-1,-1,-1,-1,-1,0,-1
2024031505605,2024,031505605,1,9,0,-1,5,3,7,-1,0,0,0,0,0,0,1,1,-1,2,1,19,4,-1,-1,-1,-1,4,E01019114,0,4
2024010505380,2024,010505380,2,9,0,18,19,3,7,0,0,8,0,0,0,0,1,1,6,6,1,19,4,-1,-1,-1,-1,4,E01000722,0,2
2024010497370,2024,010497370,1,3,0,99,99,9,9,99,99,9,9,99,9,99,9,1,1,1,1,25,5,-1,-1,-1,-1,2,E01033880,0,2
2024010542812,2024,010542812,1,1,0,7,7,6,7,0,0,6,0,0,0,0,4,1,2,2,1,25,5,-1,-1,-1,-1,4,E01001793,0,1
2024141417241,2024,141417241,1,98,0,-1,19,1,6,-1,0,2,0,0,0,0,2,2,-1,9,1,66,10,-1,-1,-1,-1,3,E01026024,0,5
2024501450225,2024,501450225,2,1,0,-1,19,6,2,-1,0,8,5,0,0,0,3,1,-1,6,1,56,9,-1,-1,-1,-1,2,E01015239,0,3
2024010515947,2024,010515947,1,1,9,99,99,9,9,99,99,9,9,99,9,99,9,1,6,6,1,59,9,-1,-1,-1,-1,6,E01002698,0,1
2024201487752,2024,201487752,1,1,0,-1,19,3,7,-1,0,0,0,0,0,0,1,1,-1,6,3,-1,-1,-1,-1,-1,-1,-1,-1,0,-1
2024531413057,2024,531413057,1,9,0,-1,19,7,3,-1,0,0,2,0,1,4,1,1,-1,2,2,25,5,-1,-1,-1,-1,6,E01022374,0,1
2024010496549,2024,010496549,1,9,0,18,19,8,4,0,0,8,0,0,0,0,1,1,1,1,1,49,8,-1,-1,-1,-1,-1,-1,0,-1
2024332400533,2024,332400533,2,9,0,-1,9,4,2,-1,4,5,0,0,0,0,1,1,-1,6,1,-1,-1,-1,-1,-1,-1,-1,-1,0,-1
2024430000878,2024,430000878,3,9,0,18,19,7,3,0,0,0,1,0,0,0,1,1,6,6,1,36,7,-1,-1,-1,-1,4,E01022568,0,3
2024421460830,2024,421460830,1,9,0,-1,19,-1,-1,-1,9,8,0,0,0,0,4,1,-1,6,3,-1,-1,-1,-1,-1,-1,-1,-1,0,-1
2024991529832,2024,991529832,2,9,0,-1,19,6,2,-1,0,1,0,0,0,0,1,1,-1,9,2,49,8,-1,-1,-1,-1,8,-1,0,2
2024161486255,2024,161486255,1,9,0,-1,19,6,2,-1,0,0,0,0,0,0,1,1,-1,6,1,20,4,-1,-1,-1,-1,3,E01013087,0,4
2024231525547,2024,231525547,1,9,0,-1,19,1,5,-1,0,0,0,0,0,0,1,9,-1,6,1,52,8,-1,-1,-1,-1,6,E01031061,0,1
2024471405566,2024,471405566,2,1,-1,-1,19,5,1,-1,9,0,0,0,0,0,3,1,-1,7,1,5,1,-1,-1,-1,-1,6,E01034818,0,1
2024010489188,2024,010489188,1,19,0,6,6,3,3,0,0,2,0,0,0,0,3,1,6,6,1,28,6,-1,-1,-1,-1,6,E01021491,0,4
2024010531449,2024,010531449,2,19,0,99,99,9,9,99,99,9,9,99,9,99,1,9,6,6,3,-1,-1,-1,-1,-1,-1,-1,-1,0,-1
2024631473308,2024,631473308,1,9,0,-1,4,4,8,-1,0,8,0,0,0,0,2,1,-1,6,1,34,6,-1,-1,-1,-1,9,W01001122,0,4
2024320385926,2024,320385926,1,9,0,4,4,5,1,0,0,0,0,0,0,0,2,1,6,6,3,-1,-1,-1,-1,-1,-1,-1,-1,0,-1
2024031448526,2024,031448526,1,97,0,-1,4,1,5,-1,0,0,2,11,0,0,3,1,-1,9,1,38,7,-1,-1,-1,-1,-1,-1,0,-1
2024451459896,2024,451459896,3,8,0,-1,19,1,3,-1,0,0,0,0,0,0,4,1,-1,6,3,40,7,-1,-1,-1,-1,-1,-1,0,-1
2024201482433,2024,201482433,1,9,9,-1,19,8,4,-1,0,0,0,0,0,0,2,9,-1,6,3,-1,-1,-1,-1,-1,-1,-1,-1,0,-1
2024010512961,2024,010512961,1,9,0,99,99,9,9,99,99,9,9,99,9,99,4,9,6,6,1,35,6,-1,-1,-1,-1,3,E01003573,0,1
2024070590027,2024,070590027,3,9,0,17,19,6,2,0,0,0,0,0,0,0,3,1,6,6,2,42,7,-1,-1,-1,-1,2,E01018445,0,3
2024070238469,2024,070238469,1,9,0,7,7,4,1,0,0,6,0,0,0,0,3,1,6,6,3,-1,-1,-1,-1,-1,-1,-1,-1,0,-1
2024201493069,2024,201493069,1,19,0,-1,14,7,3,-1,0,0,0,0,0,0,3,1,-1,2,1,35,6,-1,-1,-1,-1,9,E01032127,0,4
2024010525944,2024,010525944,2,1,0,9,9,7,5,0,0,8,0,0,0,0,1,1,6,6,1,17,4,-1,-1,-1,-1,-1,-1,0,-1
2024010534201,2024,010534201,2,9,0,11,11,1,5,0,0,1,0,0,0,0,0,1,6,6,3,-1,-1,-1,-1,-1,-1,-1,-1,0,-1
2024122401237,2024,122401237,1,9,0,18,19,3,1,0,0,8,0,0,0,0,1,1,2,2,1,20,4,-1,-1,-1,-1,9,E01027904,0,2
2024010493096,2024,010493096,2,9,0,99,99,9,9,99,99,9,9,99,9,99,1,9,6,6,3,-1,-1,-1,-1,-1,-1,-1,-1,0,-1
2024010497451,2024,010497451,2,1,0,18,19,1,5,0,0,1,0,0,0,0,1,1,2,2,1,41,7,-1,-1,-1,-1,5,E01024220,0,5
2024351470689,2024,351470689,1,1,0,-1,19,5,1,-1,5,1,0,0,0,0,1,1,-1,6,1,-1,-1,-1,-1,-1,-1,-1,-1,0,-1
2024481472309,2024,481472309,1,1,0,-1,7,5,7,-1,0,8,0,0,0,0,3,1,-1,2,1,58,9,-1,-1,-1,-1,-1,-1,0,-1
2024201484584,2024,201484584,2,1,0,-1,15,4,8,-1,0,1,1,0,0,0,1,1,-1,9,1,23,5,-1,-1,-1,-1,2,E01010477,0,1
2024101433405,2024,101433405,1,98,1,-1,19,1,5,-1,0,8,0,0,0,0,1,1,-1,1,1,-1,-1,-1,-1,-1,-1,4,E01019340,0,4
2024161526616,2024,161526616,1,9,0,-1,2,0,0,-1,0,0,0,0,0,0,3,9,-1,6,3,-1,-1,-1,-1,-1,-1,-1,-1,0,-1
2024010552388,2024,010552388,1,1,9,99,99,9,9,99,99,9,9,99,9,99,9,1,6,6,1,28,6,-1,-1,-1,-1,3,E01033700,0,3
2024010540066,2024,010540066,1,1,0,18,19,4,8,0,0,2,0,0,0,0,4,1,6,6,1,19,4,-1,-1,-1,-1,9,E01003818,0,1
2024122400545,2024,122400545,1,1,0,18,19,8,3,0,0,0,0,0,0,0,1,1,1,1,1,82,11,-1,-1,-1,-1,10,E01010694,0,2
2024131418244,2024,131418244,1,9,0,-1,5,1,1,-1,0,0,0,0,0,0,4,1,-1,9,1,50,8,-1,-1,-1,-1,1,E01010745,0,1
2024411427524,2024,411427524,3,9,0,-1,19,5,1,-1,0,0,0,0,0,0,1,9,-1,6,3,-1,-1,-1,-1,-1,-1,-1,-1,0,-1
2024061508616,2024,061508616,1,98,0,-1,9,1,3,-1,0,1,0,0,0,0,3,1,-1,6,1,30,6,-1,-1,-1,-1,1,E01005340,0,3
2024010512341,2024,010512341,2,19,0,6,6,7,7,0,0,1,0,0,0,0,1,1,1,1,1,21,5,-1,-1,-1,-1,-1,-1,0,-1
2024211522710,2024,211522710,1,99,0,-1,5,5,1,-1,0,0,0,0,0,0,3,9,-1,6,3,21,5,-1,-1,-1,-1,-1,-1,0,-1
2024430302320,2024,430302320,2,1,0,18,19,5,1,0,0,8,0,0,0,0,4,1,6,6,1,15,3,-1,-1,-1,-1,7,E01016366,0,1
2024501483099,2024,501483099,2,2,0,-1,13,8,4,-1,0,1,0,0,0,0,1,1,-1,9,1,56,9,-1,-1,-1,-1,6,E01034860,0,1
2024010491946,2024,010491946,1,9,9,99,99,9,9,0,0,9,9,0,9,0,1,9,6,6,1,24,5,-1,-1,-1,-1,-1,-1,0,-1
2024101444370,2024,101444370,1,1,0,-1,19,3,7,-1,9,0,0,0,0,0,1,1,-1,1,1,28,6,-1,-1,-1,-1,-1,-1,0,-1
2024010493266,2024,010493266,2,1,0,5,5,5,1,0,0,1,0,0,0,0,4,1,6,6,1,51,8,-1,-1,-1,-1,5,E01002894,0,1
2024440321006,2024,440321006,1,-1,0,18,19,3,7,9,9,0,0,0,0,0,1,1,6,6,1,21,5,-1,-1,-1,-1,2,E01017168,1,1
2024010550039,2024,010550039,2,1,9,99,99,9,9,99,99,9,9,99,9,99,9,9,6,6,3,-1,-1,-1,-1,-1,-1,5,E01003855,0,1
2024041509284,2024,041509284,2,9,0,-1,19,5,1,-1,0,0,0,0,0,0,2,1,-1,9,2,42,7,-1,-1,-1,-1,9,E01019179,0,4
2024221526363,2024,221526363,1,9,0,-1,19,3,7,-1,0,1,0,0,0,0,1,1,-1,6,3,24,5,-1,-1,-1,-1,-1,-1,0,-1
2024430092150,2024,430092150,2,1,0,18,19,5,1,0,0,8,0,0,0,0,1,1,6,6,1,21,5,-1,-1,-1,-1,-1,-1,0,-1
2024201421841,2024,201421841,2,1,0,-1,19,4,8,-1,0,8,0,0,0,0,3,1,-1,6,1,54,8,-1,-1,-1,-1,3,E01010323,0,1
2024010494425,2024,010494425,2,9,0,99,99,9,9,99,99,0,9,99,9,99,2,9,6,6,3,-1,-1,-1,-1,-1,-1,-1,-1,0,-1
2024010525123,2024,010525123,1,1,9,99,99,9,9,99,99,9,9,99,9,99,1,1,6,6,1,32,6,-1,-1,-1,-1,-1,-1,0,-1
2024010491238,2024,010491238,1,9,0,18,19,7,3,0,0,1,0,0,0,0,0,1,6,6,1,27,6,-1,-1,-1,-1,4,E01033738,0,2
2024430438221,2024,430438221,2,9,0,18,19,6,2,0,0,3,0,0,0,0,1,1,6,6,3,-1,-1,-1,-1,-1,-1,-1,-1,0,-1
2024451468504,2024,451468504,1,1,0,-1,19,1,7,-1,9,8,0,0,0,0,1,1,-1,6,1,3,1,-1,-1,-1,-1,6,E01030594,0,1
2024311478066,2024,311478066,2,1,0,-1,5,2,2,-1,0,0,0,0,0,0,4,1,-1,1,2,14,3,-1,-1,-1,-1,-1,-1,0,-1
2024471426464,2024,471426464,1,9,0,-1,-1,-1,-1,-1,0,1,0,0,0,0,1,9,-1,6,3,-1,-1,-1,-1,-1,-1,-1,-1,0,-1
2024010523853,2024,010523853,1,1,0,5,5,1,5,0,0,1,0,0,0,0,1,1,6,6,1,44,7,-1,-1,-1,-1,3,E01000930,0,1
2024221469663,2024,221469663,1,1,0,-1,19,1,4,-1,0,0,0,0,0,0,1,1,-1,9,1,44,7,-1,-1,-1,-1,5,E01028980,0,1
2024501521053,2024,501521053,1,9,0,-1,7,4,6,-1,0,6,0,0,0,0,1,1,-1,6,3,-1,-1,-1,-1,-1,-1,-1,-1,0,-1
2024451442387,2024,451442387,1,9,0,-1,19,1,5,-1,0,0,0,0,0,0,1,1,-1,1,1,30,6,-1,-1,-1,-1,4,E01004526,0,3
2024010547990,2024,010547990,2,1,9,99,99,9,9,99,99,9,9,99,9,99,1,1,6,6,3,-1,-1,-1,-1,-1,-1,-1,-1,0,-1
2024010509654,2024,010509654,2,9,0,6,6,3,3,0,0,0,0,0,0,0,4,1,1,1,1,60,9,-1,-1,-1,-1,4,E01000944,0,1
2024061432882,2024,061432882,1,9,0,-1,19,3,7,-1,0,0,0,0,0,0,0,9,-1,6,3,50,8,-1,-1,-1,-1,-1,-1,0,-1
2024052402124,2024,052402124,2,1,0,18,19,1,4,0,0,8,0,0,0,0,1,1,2,2,2,36,7,-1,-1,-1,-1,1,E01006674,0,1
2024131485766,2024,131485766,1,9,0,-1,9,1,5,-1,0,1,0,0,1,11,1,1,-1,1,2,39,7,-1,-1,-1,-1,6,E01011551,0,1
2024061433164,2024,061433164,1,10,0,-1,19,6,2,-1,0,1,0,0,0,0,3,9,-1,6,3,-1,-1,-1,-1,-1,-1,-1,-1,0,-1
2024430116852,2024,430116852,1,90,0,18,19,3,7,9,9,0,0,0,0,0,4,1,6,6,2,19,4,-1,-1,-1,-1,6,E01016734,0,1
2024622400570,2024,622400570,2,9,0,18,19,3,7,0,0,0,0,0,0,0,4,1,1,1,1,33,6,-1,-1,-1,-1,2,W01000942,0,1