collision_index,collision_year,collision_ref_no,vehicle_reference,vehicle_type,towing_and_articulation,vehicle_manoeuvre_historic,vehicle_manoeuvre,vehicle_direction_from,vehicle_direction_to,vehicle_location_restricted_lane_historic,vehicle_location_restricted_lane,junction_location,skidding_and_overturning,hit_object_in_carriageway,vehicle_leaving_carriageway,hit_object_off_carriageway,first_point_of_impact,vehicle_left_hand_drive,journey_purpose_of_driver_historic,journey_purpose_of_driver,sex_of_driver,age_of_driver,age_band_of_driver,engine_capacity_cc,propulsion_code,age_of_vehicle,generic_make_model,driver_imd_decile,lsoa_of_driver,escooter_flag,driver_distance_banding
2024201472542,2024,201472542,2,5,0,-1,19,7,3,-1,0,0,0,0,0,0,1,1,-1,6,-1,-1,-1,-1,-1,-1,-1,-1,-1,0,-1
2024461425239,2024,461425239,1,9,0,-1,19,6,1,-1,0,0,0,0,0,0,4,9,-1,6,1,29,6,-1,-1,-1,-1,4,E01024120,0,1
2024041527365,2024,041527365,1,98,0,-1,19,-1,-1,-1,0,0,0,0,0,0,-1,9,-1,6,3,-1,-1,-1,-1,-1,-1,-1,-1,0,-1
2024010536824,2024,010536824,2,1,0,18,19,3,7,0,0,1,0,0,0,0,1,1,6,6,1,21,5,-1,-1,-1,-1,-1,-1,0,-1
2024451430877,2024,451430877,1,9,0,-1,9,7,3,-1,0,0,0,0,0,0,3,1,-1,9,2,56,9,-1,-1,-1,-1,5,E01024485,0,2
2024546727424,2024,546727424,2,5,0,16,19,8,4,0,0,3,5,0,0,0,2,1,2,2,1,26,6,-1,-1,-1,-1,6,E01031884,0,3
2024010515296,2024,010515296,1,9,0,5,5,1,5,0,0,0,0,0,0,0,1,1,6,6,3,-1,-1,-1,-1,-1,-1,-1,-1,0,-1
2024201526500,2024,201526500,1,99,0,-1,19,6,2,-1,0,8,0,0,0,0,4,9,-1,9,3,-1,-1,-1,-1,-1,-1,-1,-1,0,-1
2024440236539,2024,440236539,1,1,0,9,9,1,7,0,0,8,0,0,0,0,4,1,6,6,1,40,7,-1,-1,-1,-1,9,E01022947,0,1
2024010512019,2024,010512019,1,9,0,1,1,2,6,6,6,0,0,0,0,0,2,1,6,6,3,-1,-1,-1,-1,-1,-1,-1,-1,0,-1
2024201463418,2024,201463418,2,1,0,-1,19,4,8,-1,0,8,0,0,0,0,4,1,-1,6,1,37,7,-1,-1,-1,-1,1,E01010273,0,1
2024401499042,2024,401499042,1,97,0,-1,19,3,6,-1,0,0,0,0,0,0,0,1,-1,6,-1,-1,-1,-1,-1,-1,-1,-1,-1,0,-1
2024141456347,2024,141456347,1,9,0,-1,19,5,1,-1,0,1,0,0,0,0,1,1,-1,1,1,22,5,-1,-1,-1,-1,3,E01007747,0,3
2024430298200,2024,430298200,1,8,0,9,9,3,1,0,0,5,0,0,0,0,1,1,1,1,1,47,8,-1,-1,-1,-1,-1,-1,0,-1
2024161492357,2024,161492357,1,-1,0,-1,99,7,3,-1,9,1,0,0,0,0,9,9,-1,6,1,13,3,-1,-1,-1,-1,3,E01012913,1,1
2024201500975,2024,201500975,2,9,0,-1,13,2,6,-1,0,1,0,0,0,0,4,9,-1,1,1,46,8,-1,-1,-1,-1,4,E01009660,0,1
2024010540943,2024,010540943,1,1,9,99,99,9,9,99,99,9,9,8,9,99,1,1,6,6,1,19,4,-1,-1,-1,-1,-1,-1,0,-1
2024421512241,2024,421512241,2,1,-1,-1,19,8,4,-1,0,0,0,0,1,0,0,1,-1,2,2,20,4,-1,-1,-1,-1,5,E01022004,0,1
2024010517997,2024,010517997,2,1,0,14,14,8,4,0,0,1,1,0,7,0,3,1,6,6,1,45,7,-1,-1,-1,-1,6,E01002246,0,4
2024010490329,2024,010490329,2,9,0,99,99,9,9,99,99,9,9,99,9,99,9,9,6,6,3,-1,-1,-1,-1,-1,-1,10,E01030903,0,4
2024311428640,2024,311428640,2,9,0,-1,9,7,5,-1,0,2,0,0,0,0,3,9,-1,6,1,23,5,-1,-1,-1,-1,8,E01028004,0,3
2024991475980,2024,991475980,1,9,0,-1,19,1,5,-1,0,0,2,0,1,9,1,1,-1,1,1,28,6,-1,-1,-1,-1,6,-1,0,2
2024501434106,2024,501434106,1,9,0,-1,19,-1,-1,-1,0,0,-1,-1,-1,0,4,9,-1,6,3,-1,-1,-1,-1,-1,-1,-1,-1,0,-1
2024520400853,2024,520400853,2,9,0,2,2,0,0,6,6,0,0,0,0,0,2,1,6,6,1,53,8,-1,-1,-1,-1,6,E01029021,0,3
2024211511643,2024,211511643,1,99,0,-1,1,1,5,-1,0,0,0,0,0,0,2,1,-1,6,3,20,4,-1,-1,-1,-1,-1,-1,0,-1
2024010504677,2024,010504677,1,9,0,5,5,0,3,9,9,0,0,0,1,0,1,1,6,6,3,-1,-1,-1,-1,-1,-1,-1,-1,0,-1
2024430183855,2024,430183855,2,1,0,16,19,6,2,0,0,2,0,0,0,0,3,1,6,6,1,90,11,-1,-1,-1,-1,7,E01028598,0,1
2024010508552,2024,010508552,2,-1,0,18,19,3,7,0,0,8,0,0,0,0,4,1,6,6,1,16,4,-1,-1,-1,-1,3,E01002605,1,3
2024122400327,2024,122400327,2,97,0,18,19,3,7,0,0,0,0,0,0,0,1,1,6,6,1,55,8,-1,-1,-1,-1,7,E01027738,0,1
2024010513278,2024,010513278,2,98,0,99,99,9,9,99,99,9,9,99,9,99,0,9,6,6,3,-1,-1,-1,-1,-1,-1,-1,-1,0,-1
2024010531566,2024,010531566,2,1,9,99,99,9,9,99,99,9,9,99,9,99,2,1,1,1,2,41,7,-1,-1,-1,-1,7,E01001966,0,1
2024070592372,2024,070592372,1,9,0,15,15,1,5,0,0,0,5,4,0,0,4,1,6,6,1,66,10,-1,-1,-1,-1,8,E01012485,0,1
2024061465733,2024,061465733,1,1,9,-1,19,-1,-1,-1,0,0,5,0,0,0,1,1,-1,2,1,32,6,-1,-1,-1,-1,4,E01005208,0,1
2024010497776,2024,010497776,1,1,9,99,99,9,9,99,99,9,9,99,9,99,9,1,2,2,1,21,5,-1,-1,-1,-1,2,E01000022,0,1
2024010487869,2024,010487869,2,9,0,18,19,1,5,0,0,1,0,0,0,0,1,1,6,6,2,29,6,-1,-1,-1,-1,3,E01000088,0,3
2024351411434,2024,351411434,1,9,-1,-1,-1,-1,-1,-1,-1,0,-1,-1,-1,0,-1,9,-1,6,3,-1,-1,-1,-1,-1,-1,-1,-1,0,-1
2024631417479,2024,631417479,2,1,0,-1,19,8,4,-1,0,0,0,0,0,0,1,1,-1,6,1,16,4,-1,-1,-1,-1,1,W01001924,0,1
2024421532335,2024,421532335,3,9,0,-1,10,1,7,-1,0,0,0,0,0,0,0,9,-1,6,2,-1,-1,-1,-1,-1,-1,-1,-1,0,-1
2024201515529,2024,201515529,2,1,0,-1,19,1,4,-1,0,8,0,0,0,0,1,1,-1,6,1,50,8,-1,-1,-1,-1,10,E01032135,0,1
2024481561489,2024,481561489,1,1,0,-1,19,7,3,-1,0,0,0,0,0,0,1,1,-1,6,3,30,6,-1,-1,-1,-1,-1,-1,0,-1
2024131457088,2024,131457088,1,98,0,-1,-1,-1,-1,-1,0,-1,-1,-1,-1,-1,-1,1,-1,6,1,-1,-1,-1,-1,-1,-1,-1,-1,0,-1
2024201462707,2024,201462707,2,1,0,-1,19,5,1,-1,0,0,0,0,0,0,4,1,-1,6,1,35,6,-1,-1,-1,-1,3,E01009624,0,1
2024010496552,2024,010496552,1,9,9,99,99,9,9,99,99,9,9,99,9,99,1,9,6,6,1,38,7,-1,-1,-1,-1,7,E01002381,0,1
2024440035202,2024,440035202,1,9,0,2,2,0,0,0,0,0,0,0,0,0,3,1,6,6,3,-1,-1,-1,-1,-1,-1,-1,-1,0,-1
2024610015524,2024,610015524,2,19,0,10,10,8,6,0,0,1,0,0,0,0,0,1,6,6,3,-1,-1,-1,-1,-1,-1,-1,-1,0,-1
2024201468669,2024,201468669,1,9,0,-1,19,1,5,-1,0,0,0,0,0,0,1,9,-1,6,3,-1,-1,-1,-1,-1,-1,-1,-1,0,-1
2024411474654,2024,411474654,1,9,0,-1,3,3,7,-1,0,0,0,0,0,0,2,1,-1,6,2,73,10,-1,-1,-1,-1,10,E01035587,0,3
2024010547745,2024,010547745,1,9,0,99,99,9,9,99,99,9,9,99,9,99,9,9,6,6,3,-1,-1,-1,-1,-1,-1,-1,-1,0,-1
2024201501652,2024,201501652,1,9,0,-1,19,1,5,-1,0,0,0,0,0,0,1,9,-1,6,3,-1,-1,-1,-1,-1,-1,-1,-1,0,-1
2024440109497,2024,440109497,1,9,0,5,5,3,7,0,0,8,0,0,0,0,1,1,6,6,2,55,8,-1,-1,-1,-1,7,E01017223,0,1
2024010526667,2024,010526667,1,5,0,18,19,3,7,0,0,2,5,0,0,0,1,1,6,6,1,34,6,-1,-1,-1,-1,4,E01001879,0,1
2024010503003,2024,010503003,1,1,9,99,99,9,9,99,99,0,9,99,9,99,2,1,6,6,1,25,5,-1,-1,-1,-1,6,E01002698,0,1
2024552400924,2024,552400924,1,9,0,18,19,7,3,4,4,0,0,0,0,0,1,1,6,6,3,-1,-1,-1,-1,-1,-1,-1,-1,0,-1
2024131458842,2024,131458842,2,90,0,-1,19,6,2,-1,0,8,0,0,0,0,1,1,-1,6,1,25,5,-1,-1,-1,-1,1,E01011130,0,1
2024991442599,2024,991442599,2,1,0,-1,19,6,2,-1,0,0,0,0,0,0,3,1,-1,9,1,38,7,-1,-1,-1,-1,7,-1,0,1
2024401489849,2024,401489849,1,9,0,-1,19,7,7,-1,0,1,0,0,0,0,4,1,-1,1,1,26,6,-1,-1,-1,-1,5,E01035424,0,4
2024010515865,2024,010515865,1,1,0,18,19,3,7,0,0,1,0,0,0,0,2,1,2,2,1,30,6,-1,-1,-1,-1,9,E01002990,0,1
2024061463145,2024,061463145,2,9,-1,-1,-1,-1,-1,-1,-1,0,-1,-1,-1,0,-1,9,-1,6,3,-1,-1,-1,-1,-1,-1,-1,-1,0,-1
2024332400616,2024,332400616,2,1,0,-1,19,5,1,-1,0,8,0,0,0,0,3,1,-1,6,1,18,4,-1,-1,-1,-1,8,E01013780,0,2
2024041510968,2024,041510968,1,1,0,-1,19,3,7,-1,0,0,0,0,0,0,3,1,-1,9,1,15,3,-1,-1,-1,-1,9,E01025257,0,1
2024610056624,2024,610056624,1,9,0,18,19,8,4,0,0,0,0,0,0,0,1,1,2,2,1,37,7,-1,-1,-1,-1,4,W01001816,0,4
2024631461922,2024,631461922,1,9,0,-1,19,2,6,-1,0,1,0,0,1,10,4,1,-1,6,3,-1,-1,-1,-1,-1,-1,-1,-1,0,-1
2024010510562,2024,010510562,1,1,9,99,99,9,9,99,99,9,9,99,9,99,9,1,2,2,1,49,8,-1,-1,-1,-1,6,E01001040,0,2
2024421515454,2024,421515454,1,98,5,-1,13,5,1,-1,0,8,0,0,0,0,0,9,-1,6,3,20,4,-1,-1,-1,-1,-1,-1,0,-1
2024010496907,2024,010496907,4,9,0,2,2,0,0,0,0,0,0,0,0,0,0,1,6,6,3,-1,-1,-1,-1,-1,-1,-1,-1,0,-1
2024010532805,2024,010532805,1,1,0,18,19,3,7,5,5,1,0,0,0,0,1,1,1,1,2,42,7,-1,-1,-1,-1,6,E01004353,0,1
2024351479196,2024,351479196,1,9,0,-1,-1,-1,-1,-1,-1,-1,-1,-1,-1,0,4,9,-1,6,3,-1,-1,-1,-1,-1,-1,-1,-1,0,-1
2024361437338,2024,361437338,1,9,0,-1,9,3,1,-1,0,6,0,0,0,0,4,1,-1,9,1,68,10,-1,-1,-1,-1,3,E01026659,0,3
2024340WN6622,2024,340WN6622,1,9,0,-1,19,8,4,-1,0,0,0,0,0,0,3,1,-1,6,1,32,6,-1,-1,-1,-1,-1,-1,0,-1
202460Q190418,2024,60Q190418,2,1,0,18,19,8,4,4,4,1,0,0,0,0,1,1,6,6,1,75,10,-1,-1,-1,-1,-1,-1,0,-1
2024440291861,2024,440291861,1,1,0,18,19,3,7,0,0,1,0,10,0,0,4,1,6,6,1,39,7,-1,-1,-1,-1,6,E01023081,0,2
2024101502024,2024,101502024,1,19,-1,-1,19,3,7,-1,0,1,0,0,0,0,1,9,-1,6,1,50,8,-1,-1,-1,-1,-1,-1,0,-1
2024010494308,2024,010494308,1,11,0,5,5,1,5,0,0,8,0,0,0,0,0,1,1,1,1,33,6,-1,-1,-1,-1,3,E01001362,0,2
2024461501885,2024,461501885,2,1,0,-1,19,3,7,-1,0,0,0,0,0,0,2,1,-1,6,1,78,11,-1,-1,-1,-1,7,E01024037,0,1
2024421489857,2024,421489857,2,9,0,-1,2,3,7,-1,0,0,0,0,0,0,4,1,-1,6,2,35,6,-1,-1,-1,-1,8,E01021887,0,1
2024010493418,2024,010493418,2,9,0,5,5,3,7,0,0,2,0,0,0,0,3,1,1,1,1,31,6,-1,-1,-1,-1,3,E01034046,0,2
2024461451178,2024,461451178,1,9,0,-1,9,3,7,-1,0,0,0,0,0,0,1,9,-1,6,3,-1,-1,-1,-1,-1,-1,-1,-1,0,-1
2024122400961,2024,122400961,2,1,0,18,19,8,4,0,0,1,0,0,0,0,4,1,6,6,1,30,6,-1,-1,-1,-1,2,E01013399,0,1
2024201554562,2024,201554562,3,9,0,-1,2,0,0,-1,9,1,0,0,0,0,3,9,-1,6,1,36,7,-1,-1,-1,-1,2,E01009481,0,1
2024302400043,2024,302400043,2,20,0,18,19,5,1,0,0,0,0,0,1,10,1,1,1,1,1,54,8,-1,-1,-1,-1,10,E01019558,0,3
2024471492228,2024,471492228,2,1,0,-1,19,5,1,-1,0,1,0,0,0,0,3,1,-1,6,2,77,11,-1,-1,-1,-1,8,E01016928,0,1
2024052401344,2024,052401344,2,1,0,18,19,1,5,0,0,1,0,0,0,0,1,1,6,6,1,47,8,-1,-1,-1,-1,1,E01006761,0,1
2024201529678,2024,201529678,1,9,0,-1,7,2,1,-1,0,6,0,0,0,0,3,9,-1,6,3,30,6,-1,-1,-1,-1,-1,-1,0,-1
2024010488065,2024,010488065,1,1,9,99,99,9,9,99,99,9,9,99,9,99,1,1,6,6,1,37,7,-1,-1,-1,-1,9,E01003477,0,1
2024201564110,2024,201564110,1,9,0,-1,19,8,4,-1,0,8,0,0,0,0,3,1,-1,6,2,54,8,-1,-1,-1,-1,-1,-1,0,-1
2024421518447,2024,421518447,1,9,0,-1,19,8,3,-1,0,8,0,0,0,0,1,1,-1,1,1,36,7,-1,-1,-1,-1,6,E01021595,0,4
2024010494107,2024,010494107,1,9,0,4,4,5,1,0,0,8,0,0,0,0,2,1,1,1,1,58,9,-1,-1,-1,-1,2,E01033086,0,1
2024471467367,2024,471467367,1,23,0,-1,19,3,7,-1,0,0,0,4,0,0,1,1,-1,6,1,31,6,-1,-1,-1,-1,8,E01016932,0,1
2024440428239,2024,440428239,2,1,0,18,19,6,2,0,0,1,0,0,0,0,1,1,2,2,1,23,5,-1,-1,-1,-1,9,E01017147,0,1
2024361448602,2024,361448602,1,9,0,-1,19,7,3,-1,0,0,0,0,0,0,4,1,-1,9,2,33,6,-1,-1,-1,-1,7,E01026528,0,1
2024430066657,2024,430066657,2,1,0,18,19,6,2,0,0,6,0,0,0,0,4,1,6,6,2,59,9,-1,-1,-1,-1,-1,-1,0,-1
2024401400297,2024,401400297,2,-1,0,-1,19,1,5,-1,0,8,5,0,0,0,3,9,-1,9,1,44,7,-1,-1,-1,-1,4,E01017535,1,1
2024070412809,2024,070412809,2,4,0,18,19,1,5,0,0,1,0,0,0,0,1,1,6,6,1,41,7,-1,-1,-1,-1,4,E01012510,0,1
2024421414390,2024,421414390,1,9,0,-1,19,1,5,-1,0,1,0,0,0,0,1,9,-1,6,2,81,11,-1,-1,-1,-1,3,E01021800,0,2
2024461443552,2024,461443552,1,9,0,-1,4,3,7,-1,0,1,0,0,0,0,1,9,-1,6,1,-1,-1,-1,-1,-1,-1,-1,-1,0,-1
2024010526365,2024,010526365,1,1,9,18,19,9,9,99,99,1,9,99,9,99,1,1,2,2,1,36,7,-1,-1,-1,-1,2,E01034209,0,2
2024471443801,2024,471443801,2,1,0,-1,19,7,3,-1,0,1,0,0,0,0,1,1,-1,2,1,59,9,-1,-1,-1,-1,4,E01020965,0,1
2024070629021,2024,070629021,1,9,0,2,2,5,1,0,0,0,0,0,0,0,4,1,4,7,2,43,7,-1,-1,-1,-1,9,E01018560,0,1
2024440051234,2024,440051234,2,21,0,12,12,2,6,0,0,0,0,0,0,0,3,1,1,1,1,42,7,-1,-1,-1,-1,-1,-1,0,-1
2024010543266,2024,010543266,2,-1,0,18,19,7,3,0,0,1,0,0,0,0,1,1,2,2,1,38,7,-1,-1,-1,-1,3,E01034046,1,1
2024522402487,2024,522402487,2,5,0,18,19,4,8,0,0,8,0,0,0,0,1,1,6,6,1,32,6,-1,-1,-1,-1,1,E01032514,0,1
2024010490117,2024,010490117,3,9,0,18,19,7,3,0,0,0,0,0,0,0,0,1,1,1,1,24,5,-1,-1,-1,-1,5,E01003666,0,1
2024991498247,2024,991498247,1,97,0,-1,19,2,6,-1,0,0,5,0,1,9,1,1,-1,9,1,70,10,-1,-1,-1,-1,-1,-1,0,-1
2024010524230,2024,010524230,2,9,0,3,3,7,3,0,0,2,0,0,0,0,1,1,6,6,1,32,6,-1,-1,-1,-1,2,E01003337,0,1
2024141449912,2024,141449912,2,9,0,-1,4,7,2,-1,0,1,0,0,0,0,1,9,-1,6,1,-1,-1,-1,-1,-1,-1,-1,-1,0,-1
2024010512719,2024,010512719,2,1,9,99,99,9,9,99,99,9,9,99,9,99,1,1,6,6,3,-1,-1,-1,-1,-1,-1,-1,-1,0,-1
2024440232246,2024,440232246,3,9,0,18,19,3,7,0,0,2,0,0,0,0,3,1,6,6,3,-1,-1,-1,-1,-1,-1,-1,-1,0,-1
2024440247820,2024,440247820,1,1,0,18,19,6,2,0,0,0,0,0,0,0,3,1,6,6,1,57,9,-1,-1,-1,-1,10,E01022870,0,1
2024010491315,2024,010491315,2,3,0,18,19,7,3,0,0,0,0,0,0,0,4,1,6,6,1,27,6,-1,-1,-1,-1,-1,-1,0,-1
2024461531761,2024,461531761,1,9,0,-1,4,3,7,-1,0,0,0,0,0,0,1,9,-1,6,1,-1,-1,-1,-1,-1,-1,-1,-1,0,-1
2024451492098,2024,451492098,1,-1,-1,-1,-1,-1,-1,-1,-1,0,-1,-1,-1,0,-1,9,-1,6,1,13,3,-1,-1,-1,-1,9,E01030997,1,1
2024131517299,2024,131517299,1,9,0,-1,9,2,8,-1,0,0,0,0,0,0,4,1,-1,9,2,79,11,-1,-1,-1,-1,6,E01011846,0,1
2024411482615,2024,411482615,1,9,0,-1,4,3,7,-1,0,0,0,0,0,0,1,1,-1,6,1,33,6,-1,-1,-1,-1,6,E01015721,0,3
2024544894824,2024,544894824,2,9,0,7,7,7,3,0,0,1,0,0,0,0,4,1,1,1,1,51,8,-1,-1,-1,-1,3,E01031956,0,1
2024531505137,2024,531505137,2,9,0,-1,19,4,8,-1,0,0,0,0,0,0,3,1,-1,2,2,32,6,-1,-1,-1,-1,6,E01034795,0,3
2024010488930,2024,010488930,1,3,0,18,19,7,3,0,0,0,0,0,0,0,1,1,6,6,1,44,7,-1,-1,-1,-1,8,E01021333,0,4
2024501469037,2024,501469037,1,9,0,-1,4,3,7,-1,0,4,0,10,7,2,1,1,-1,9,1,73,10,-1,-1,-1,-1,6,E01019903,0,3
2024340NN0152,2024,340NN0152,2,9,0,-1,9,2,8,-1,0,1,0,0,0,0,3,1,-1,6,1,-1,-1,-1,-1,-1,-1,5,E01017503,0,2
2024461531475,2024,461531475,1,9,0,-1,5,3,7,-1,0,0,0,0,0,0,1,1,-1,9,2,21,5,-1,-1,-1,-1,9,E01007926,0,5
2024010550187,2024,010550187,1,1,9,99,99,9,9,99,99,9,9,99,9,99,1,1,2,2,2,28,6,-1,-1,-1,-1,3,E01000523,0,1
2024991518224,2024,991518224,2,1,0,-1,7,3,6,-1,0,8,0,0,0,0,3,1,-1,1,1,37,7,-1,-1,-1,-1,1,-1,0,1
2024061446236,2024,061446236,1,1,0,-1,19,-1,-1,-1,0,0,0,0,1,0,4,1,-1,9,1,17,4,-1,-1,-1,-1,1,E01005087,0,1
2024320166153,2024,320166153,2,1,0,-1,-1,3,8,0,0,8,0,0,0,0,4,1,6,6,1,63,9,-1,-1,-1,-1,3,E01026043,0,1
2024010501528,2024,010501528,1,9,0,99,99,9,9,99,99,0,9,99,9,99,9,1,6,6,2,-1,-1,-1,-1,-1,-1,3,E01000503,0,1
2024010529268,2024,010529268,2,19,0,5,5,0,5,0,0,1,0,0,0,0,3,1,6,6,3,-1,-1,-1,-1,-1,-1,-1,-1,0,-1
2024201458694,2024,201458694,1,99,0,-1,7,8,2,-1,0,4,0,0,0,0,4,9,-1,6,3,-1,-1,-1,-1,-1,-1,-1,-1,0,-1
2024461424200,2024,461424200,1,21,1,-1,19,5,1,-1,0,0,1,0,0,0,1,2,-1,1,1,61,9,-1,-1,-1,-1,-1,-1,0,-1
2024131470233,2024,131470233,4,9,0,-1,2,0,0,-1,0,8,0,0,0,0,1,1,-1,6,-1,-1,-1,-1,-1,-1,-1,-1,-1,0,-1
2024332400062,2024,332400062,2,22,0,-1,19,7,3,-1,0,1,0,0,0,0,1,1,-1,6,2,90,11,-1,-1,-1,-1,1,E01013688,0,1
2024430482555,2024,430482555,2,9,0,5,5,8,4,0,0,2,0,0,0,0,3,1,6,6,3,-1,-1,-1,-1,-1,-1,-1,-1,0,-1
2024010491627,2024,010491627,2,9,0,99,99,9,9,99,99,9,9,99,9,99,1,9,6,6,3,42,7,-1,-1,-1,-1,2,E01015931,0,1
2024231454429,2024,231454429,2,9,0,-1,4,6,2,-1,0,0,0,0,0,0,2,1,-1,9,2,38,7,-1,-1,-1,-1,7,E01031303,0,2
2024101478176,2024,101478176,1,9,0,-1,19,7,3,-1,0,1,0,0,0,0,4,1,-1,6,1,52,8,-1,-1,-1,-1,5,E01027477,0,3
2024010534303,2024,010534303,2,9,0,99,99,9,9,99,99,9,9,99,9,99,2,9,6,6,3,-1,-1,-1,-1,-1,-1,-1,-1,0,-1
2024161396706,2024,161396706,1,8,0,-1,4,6,2,-1,0,5,0,0,0,0,2,9,-1,1,3,-1,-1,-1,-1,-1,-1,-1,-1,0,-1
202417H102524,2024,17H102524,2,9,0,-1,19,7,3,-1,0,8,0,0,0,0,1,1,-1,9,1,33,6,-1,-1,-1,-1,-1,-1,0,-1
2024440293848,2024,440293848,1,9,0,18,19,7,3,0,0,0,0,0,0,0,4,1,6,6,3,-1,-1,-1,-1,-1,-1,-1,-1,0,-1
2024991502125,2024,991502125,2,9,0,-1,3,6,2,-1,0,0,0,0,0,0,2,1,-1,6,2,28,6,-1,-1,-1,-1,4,-1,0,4
2024531437681,2024,531437681,2,1,0,-1,19,1,5,-1,0,8,5,0,0,0,4,1,-1,6,1,32,6,-1,-1,-1,-1,4,E01022326,0,1
2024010539247,2024,010539247,2,9,0,99,99,9,9,99,99,9,9,99,9,99,1,9,6,6,3,-1,-1,-1,-1,-1,-1,-1,-1,0,-1
2024471445310,2024,471445310,3,98,0,-1,7,5,8,-1,0,5,0,0,0,0,0,9,-1,6,3,-1,-1,-1,-1,-1,-1,-1,-1,0,-1
2024161467948,2024,161467948,2,1,0,-1,19,6,1,-1,0,0,2,0,0,0,1,1,-1,6,1,23,5,-1,-1,-1,-1,-1,-1,0,-1
2024430151816,2024,430151816,1,9,0,18,19,5,1,0,0,6,0,0,0,0,1,1,6,6,1,45,7,-1,-1,-1,-1,6,E01034340,0,5
2024010489062,2024,010489062,1,9,0,18,19,7,3,0,0,0,0,0,0,0,1,1,6,6,1,24,5,-1,-1,-1,-1,2,E01001912,0,3
2024010522039,2024,010522039,1,1,9,18,19,9,9,4,4,1,9,99,9,99,9,1,2,2,1,46,8,-1,-1,-1,-1,7,E01003903,0,2
2024401459233,2024,401459233,2,1,-1,-1,-1,-1,-1,-1,-1,-1,-1,-1,-1,0,-1,1,-1,6,1,68,10,-1,-1,-1,-1,7,E01017382,0,1
2024991530448,2024,991530448,1,9,0,-1,5,7,3,-1,0,1,0,0,0,0,2,1,-1,2,2,43,7,-1,-1,-1,-1,1,-1,0,3
2024552400370,2024,552400370,2,9,0,9,9,5,3,0,0,8,0,0,0,0,3,1,2,2,1,25,5,-1,-1,-1,-1,8,E01020421,0,2
2024332401075,2024,332401075,2,1,0,-1,5,7,3,-1,0,0,0,0,0,0,4,1,-1,6,1,15,3,-1,-1,-1,-1,3,E01025987,0,1
2024351572935,2024,351572935,2,1,0,-1,9,5,3,-1,0,1,5,0,0,0,4,1,-1,6,1,51,8,-1,-1,-1,-1,1,E01015600,0,1
2024052401365,2024,052401365,2,1,0,18,19,1,5,0,0,0,0,0,0,0,2,1,6,6,1,18,4,-1,-1,-1,-1,1,E01007048,0,1
2024061447604,2024,061447604,2,9,9,-1,7,-1,-1,-1,0,1,0,0,0,0,1,1,-1,6,3,-1,-1,-1,-1,-1,-1,-1,-1,0,-1
2024010522973,2024,010522973,2,1,0,18,19,6,2,0,0,9,0,0,0,0,2,1,6,6,1,76,11,-1,-1,-1,-1,5,E01002619,0,1
2024461445019,2024,461445019,1,90,4,-1,19,7,3,-1,0,0,0,0,0,0,0,9,-1,6,3,-1,-1,-1,-1,-1,-1,-1,-1,0,-1
2024010554831,2024,010554831,2,1,9,99,99,9,9,99,99,9,9,99,9,99,9,1,2,2,1,52,8,-1,-1,-1,-1,2,E01033587,0,1
2024101410062,2024,101410062,1,9,0,-1,19,4,8,-1,0,1,0,0,0,0,1,9,-1,6,1,-1,-1,-1,-1,-1,-1,-1,-1,0,-1
2024610017724,2024,610017724,1,5,0,17,19,8,5,0,0,0,0,0,7,9,1,1,6,6,1,20,4,-1,-1,-1,-1,10,W01001552,0,2
2024471490613,2024,471490613,1,9,0,-1,9,4,2,-1,0,8,0,0,0,0,1,1,-1,1,2,53,8,-1,-1,-1,-1,10,E01021026,0,3
2024010495930,2024,010495930,1,1,9,99,99,9,9,99,99,9,9,99,9,99,9,1,6,6,1,26,6,-1,-1,-1,-1,3,E01001747,0,1
2024461522442,2024,461522442,2,9,0,-1,5,3,7,-1,0,1,0,0,0,0,2,1,-1,9,1,38,7,-1,-1,-1,-1,-1,-1,0,-1
2024520500411,2024,520500411,2,9,0,5,5,9,9,0,0,4,0,0,0,0,1,1,6,6,3,-1,-1,-1,-1,-1,-1,-1,-1,0,-1
2024361435074,2024,361435074,2,1,0,-1,19,5,1,-1,0,0,0,0,0,0,3,1,-1,2,1,50,8,-1,-1,-1,-1,3,E01026640,0,1
2024010514086,2024,010514086,2,3,0,99,99,9,9,99,99,6,9,99,9,99,1,1,6,6,3,-1,-1,-1,-1,-1,-1,-1,-1,0,-1
2024430070621,2024,430070621,1,9,0,4,4,5,1,0,0,0,0,0,0,0,1,1,2,2,2,31,6,-1,-1,-1,-1,8,E01033816,0,4
2024522403306,2024,522403306,1,9,0,18,19,6,2,0,0,1,0,0,0,0,1,1,6,6,1,28,6,-1,-1,-1,-1,10,E01014935,0,2
2024010536205,2024,010536205,1,1,0,18,19,5,1,0,0,8,0,0,0,0,3,1,6,6,1,87,11,-1,-1,-1,-1,6,E01002433,0,1
2024461521166,2024,461521166,1,9,0,-1,5,5,1,-1,0,1,0,0,0,0,0,1,-1,6,1,59,9,-1,-1,-1,-1,5,E01000733,0,4
2024010525629,2024,010525629,2,11,0,18,19,5,1,0,0,6,0,0,0,0,1,2,1,1,1,45,7,-1,-1,-1,-1,4,E01000478,0,4
2024010538959,2024,010538959,2,9,0,18,19,9,9,99,99,0,9,99,9,99,9,9,6,6,3,-1,-1,-1,-1,-1,-1,-1,-1,0,-1
2024010532282,2024,010532282,1,9,0,99,99,9,9,99,99,9,9,99,9,99,2,9,6,6,1,24,5,-1,-1,-1,-1,3,E01002215,0,1
2024010496366,2024,010496366,1,9,0,9,9,1,7,0,0,1,0,0,0,0,1,1,6,6,2,20,4,-1,-1,-1,-1,7,E01022020,0,4
2024610026524,2024,610026524,1,1,0,18,19,7,3,0,0,0,0,0,0,0,3,1,6,6,1,48,8,-1,-1,-1,-1,1,W01001689,0,1
2024010515210,2024,010515210,1,9,0,18,19,3,7,0,0,8,0,0,0,0,1,1,6,6,3,-1,-1,-1,-1,-1,-1,-1,-1,0,-1
2024161528053,2024,161528053,2,9,0,-1,2,0,0,-1,0,0,1,0,0,0,3,1,-1,6,1,58,9,-1,-1,-1,-1,5,E01013306,0,1
2024010493566,2024,010493566,1,2,0,99,99,9,9,99,99,0,9,99,9,99,1,1,6,6,3,-1,-1,-1,-1,-1,-1,-1,-1,0,-1