collision_index,collision_year,collision_ref_no,vehicle_reference,vehicle_type,towing_and_articulation,vehicle_manoeuvre_historic,vehicle_manoeuvre,vehicle_direction_from,vehicle_direction_to,vehicle_location_restricted_lane_historic,vehicle_location_restricted_lane,junction_location,skidding_and_overturning,hit_object_in_carriageway,vehicle_leaving_carriageway,hit_object_off_carriageway,first_point_of_impact,vehicle_left_hand_drive,journey_purpose_of_driver_historic,journey_purpose_of_driver,sex_of_driver,age_of_driver,age_band_of_driver,engine_capacity_cc,propulsion_code,age_of_vehicle,generic_make_model,driver_imd_decile,lsoa_of_driver,escooter_flag,driver_distance_banding
2024440156066,2024,440156066,1,9,0,18,19,4,8,0,0,6,0,0,0,0,1,1,6,6,2,66,10,-1,-1,-1,-1,10,E01023043,0,1
2024531499518,2024,531499518,1,19,0,-1,9,1,7,-1,0,6,0,0,0,0,2,9,-1,6,1,37,7,-1,-1,-1,-1,8,E01002929,0,5
2024010492089,2024,010492089,2,9,0,10,10,3,1,0,0,1,0,0,0,0,4,1,6,6,2,22,5,-1,-1,-1,-1,9,E01004632,0,3
2024161416630,2024,161416630,2,9,0,-1,4,7,3,-1,0,1,0,0,0,0,1,9,-1,6,1,-1,-1,-1,-1,-1,-1,1,E01012948,0,3
2024430580202,2024,430580202,1,19,0,7,7,3,5,0,0,6,0,0,0,0,1,1,1,1,1,47,8,-1,-1,-1,-1,-1,-1,0,-1
2024501396980,2024,501396980,1,9,0,-1,9,6,4,-1,0,8,0,0,0,0,1,1,-1,9,2,21,5,-1,-1,-1,-1,9,E01029631,0,5
2024361469392,2024,361469392,2,9,0,-1,19,5,1,-1,0,1,0,0,0,0,4,1,-1,1,1,52,8,-1,-1,-1,-1,6,E01026479,0,3
2024041467155,2024,041467155,2,9,0,-1,19,1,5,-1,0,0,0,0,0,0,1,1,-1,9,1,29,6,-1,-1,-1,-1,6,E01025585,0,2
2024451507495,2024,451507495,1,1,0,-1,19,1,5,-1,0,0,1,0,0,0,0,1,-1,9,1,78,11,-1,-1,-1,-1,10,E01030870,0,1
2024481558156,2024,481558156,2,1,0,-1,19,5,1,-1,0,1,0,0,0,0,3,1,-1,2,1,52,8,-1,-1,-1,-1,-1,-1,0,-1
2024340WN7282,2024,340WN7282,2,9,0,-1,3,3,7,-1,0,2,0,0,0,0,2,1,-1,9,2,48,8,-1,-1,-1,-1,-1,-1,0,-1
2024421441572,2024,421441572,3,9,0,-1,2,8,8,-1,0,0,0,0,0,0,2,1,-1,6,-1,-1,-1,-1,-1,-1,-1,-1,-1,0,-1
2024010530669,2024,010530669,1,1,9,99,99,9,9,99,99,9,9,99,9,99,9,1,2,2,2,29,6,-1,-1,-1,-1,4,E01004234,0,1
2024440343171,2024,440343171,2,9,0,4,4,4,8,0,0,0,0,0,0,0,2,1,6,6,1,56,9,-1,-1,-1,-1,4,E01023088,0,1
2024010550877,2024,010550877,2,9,0,99,99,9,9,99,99,9,9,99,9,99,1,9,6,6,3,-1,-1,-1,-1,-1,-1,-1,-1,0,-1
2024141551246,2024,141551246,2,98,0,-1,12,7,3,-1,0,0,0,0,0,0,-1,9,-1,6,3,-1,-1,-1,-1,-1,-1,-1,-1,0,-1
2024010492319,2024,010492319,1,9,0,18,19,1,5,0,0,0,0,4,0,0,2,1,2,2,1,64,9,-1,-1,-1,-1,3,E01003528,0,1
2024991474466,2024,991474466,1,9,0,-1,19,2,6,-1,0,0,0,0,0,0,1,1,-1,6,2,52,8,-1,-1,-1,-1,4,-1,0,1
2024010550149,2024,010550149,2,8,0,99,99,9,9,99,99,9,9,99,9,99,9,9,6,6,1,-1,-1,-1,-1,-1,-1,-1,-1,0,-1
2024421417180,2024,421417180,1,9,-1,-1,6,-1,-1,-1,0,0,0,0,0,0,-1,9,-1,6,3,-1,-1,-1,-1,-1,-1,-1,-1,0,-1
2024010492777,2024,010492777,1,9,0,99,99,9,9,99,99,9,9,99,9,99,2,9,6,6,3,55,8,-1,-1,-1,-1,8,E01000233,0,2
2024461513458,2024,461513458,1,97,0,-1,7,3,5,-1,0,1,0,0,0,0,3,1,-1,6,3,-1,-1,-1,-1,-1,-1,-1,-1,0,-1
2024421423651,2024,421423651,1,9,0,-1,19,3,7,-1,0,3,0,0,0,0,4,9,-1,6,3,-1,-1,-1,-1,-1,-1,-1,-1,0,-1
2024991433234,2024,991433234,1,9,0,-1,19,2,5,-1,0,3,0,0,0,0,4,1,-1,2,2,26,6,-1,-1,-1,-1,6,-1,0,1
2024010548661,2024,010548661,1,9,0,99,99,9,9,99,99,9,9,99,9,99,1,1,6,6,3,-1,-1,-1,-1,-1,-1,-1,-1,0,-1
2024501470649,2024,501470649,2,90,0,-1,4,3,1,-1,0,0,0,0,0,0,2,9,-1,6,1,63,9,-1,-1,-1,-1,4,E01018781,0,2
2024131512604,2024,131512604,2,21,0,-1,19,5,1,-1,0,0,0,0,0,0,1,2,-1,1,1,41,7,-1,-1,-1,-1,-1,-1,0,-1
2024421412603,2024,421412603,2,9,0,-1,10,7,5,-1,0,1,0,0,0,0,3,1,-1,2,1,58,9,-1,-1,-1,-1,7,E01021895,0,3
2024131527354,2024,131527354,1,9,0,-1,-1,-1,-1,-1,-1,-1,-1,-1,-1,-1,-1,1,-1,6,3,-1,-1,-1,-1,-1,-1,-1,-1,0,-1
2024010495717,2024,010495717,1,1,9,99,99,9,9,9,9,9,9,99,9,99,9,1,2,2,1,36,7,-1,-1,-1,-1,2,E01004574,0,2
2024061474712,2024,061474712,1,9,0,-1,19,6,2,-1,0,1,0,0,0,0,1,1,-1,6,1,27,6,-1,-1,-1,-1,6,E01006271,0,2
2024010493911,2024,010493911,2,9,0,99,99,9,9,99,99,9,9,99,9,99,9,9,6,6,1,63,9,-1,-1,-1,-1,4,E01003608,0,2
2024010527880,2024,010527880,2,1,0,18,19,1,5,0,0,1,0,0,0,0,4,1,6,6,1,38,7,-1,-1,-1,-1,-1,-1,0,-1
2024471443999,2024,471443999,2,1,0,-1,19,7,3,-1,0,1,0,0,0,0,4,1,-1,6,1,27,6,-1,-1,-1,-1,8,E01016897,0,1
2024010494770,2024,010494770,2,4,0,16,19,5,1,0,0,3,0,10,0,0,4,1,2,2,1,34,6,-1,-1,-1,-1,5,E01034036,0,1
2024430334496,2024,430334496,1,9,0,18,19,4,8,0,0,0,0,0,0,0,1,1,6,6,1,47,8,-1,-1,-1,-1,-1,-1,0,-1
2024451535334,2024,451535334,2,99,0,-1,19,3,7,-1,0,0,0,0,0,0,1,1,-1,6,3,40,7,-1,-1,-1,-1,-1,-1,0,-1
2024010491628,2024,010491628,1,19,0,18,19,8,4,0,0,8,0,0,0,0,1,1,1,1,1,25,5,-1,-1,-1,-1,9,E01023308,0,4
2024010491238,2024,010491238,2,1,0,18,19,7,3,0,0,1,0,0,0,0,1,1,1,1,2,23,5,-1,-1,-1,-1,6,E01004581,0,1
2024221422361,2024,221422361,1,8,0,-1,19,4,8,-1,0,0,0,0,0,0,1,9,-1,1,2,59,9,-1,-1,-1,-1,2,E01014071,0,1
2024211482679,2024,211482679,2,9,0,-1,5,6,2,-1,0,4,0,0,0,0,1,2,-1,9,-1,-1,-1,-1,-1,-1,-1,-1,-1,0,-1
2024371491969,2024,371491969,2,1,-1,-1,-1,-1,-1,-1,-1,-1,-1,-1,-1,0,-1,1,-1,6,2,-1,-1,-1,-1,-1,-1,-1,-1,0,-1
2024101520682,2024,101520682,1,9,0,-1,9,7,5,-1,0,1,0,0,0,0,1,9,-1,6,1,-1,-1,-1,-1,-1,-1,-1,-1,0,-1
2024061425044,2024,061425044,1,9,0,-1,12,1,5,-1,0,0,0,0,0,0,0,1,-1,6,3,-1,-1,-1,-1,-1,-1,-1,-1,0,-1
2024522403407,2024,522403407,2,9,0,13,13,1,5,0,0,8,0,0,0,0,1,1,6,6,3,-1,-1,-1,-1,-1,-1,-1,-1,0,-1
2024311466653,2024,311466653,2,1,0,-1,19,8,4,-1,0,0,0,0,0,0,1,1,-1,2,1,53,8,-1,-1,-1,-1,5,E01028331,0,1
2024421394435,2024,421394435,1,9,0,-1,9,7,3,-1,0,0,2,0,7,9,3,1,-1,6,1,73,10,-1,-1,-1,-1,5,E01021901,0,1
2024010526882,2024,010526882,1,1,0,18,19,7,3,5,5,2,0,0,0,0,1,1,6,6,1,23,5,-1,-1,-1,-1,8,E01000970,0,3
2024221402939,2024,221402939,1,9,0,-1,7,6,2,-1,0,4,0,0,0,0,3,9,-1,7,1,45,7,-1,-1,-1,-1,-1,-1,0,-1
2024010533345,2024,010533345,1,1,0,7,7,3,6,0,0,2,0,0,0,0,0,1,4,7,1,15,3,-1,-1,-1,-1,3,E01002646,0,1
2024070278043,2024,070278043,2,1,0,18,19,4,7,0,0,1,0,0,0,0,4,1,6,6,2,35,6,-1,-1,-1,-1,8,E01018577,0,2
2024041447292,2024,041447292,2,98,0,-1,19,1,5,-1,0,0,0,0,0,0,3,1,-1,1,1,63,9,-1,-1,-1,-1,9,E01019347,0,4
2024430610563,2024,430610563,1,9,0,7,7,5,7,0,0,8,0,0,0,0,1,1,6,6,3,-1,-1,-1,-1,-1,-1,-1,-1,0,-1
2024211426484,2024,211426484,2,1,0,-1,19,5,3,-1,0,1,0,0,0,0,1,1,-1,6,1,51,8,-1,-1,-1,-1,5,E01029382,0,3
2024010520049,2024,010520049,1,1,0,18,19,7,3,0,0,2,5,0,0,0,0,1,6,6,1,25,5,-1,-1,-1,-1,9,E01002384,0,4
2024010518039,2024,010518039,2,1,0,18,19,5,1,0,0,1,0,0,0,0,3,1,6,6,1,53,8,-1,-1,-1,-1,7,E01003139,0,2
2024010493615,2024,010493615,1,9,0,99,99,9,9,99,99,9,9,99,9,99,1,9,6,6,1,52,8,-1,-1,-1,-1,9,E01001379,0,1
2024302400149,2024,302400149,1,9,0,18,19,5,1,0,0,0,0,0,0,0,4,1,1,1,2,48,8,-1,-1,-1,-1,5,E01009418,0,4
2024052400434,2024,052400434,2,22,0,18,19,7,3,0,0,0,0,0,0,0,4,1,6,6,2,66,10,-1,-1,-1,-1,1,E01007292,0,2
2024211416124,2024,211416124,2,9,0,-1,7,5,6,-1,0,2,0,0,0,0,1,9,-1,6,3,35,6,-1,-1,-1,-1,-1,-1,0,-1
2024010548491,2024,010548491,2,9,0,99,99,9,9,99,99,9,9,99,9,99,9,9,6,6,3,-1,-1,-1,-1,-1,-1,-1,-1,0,-1
2024440221990,2024,440221990,1,9,0,8,8,3,7,0,0,1,0,0,0,0,2,1,6,6,1,77,11,-1,-1,-1,-1,10,E01023231,0,1
2024311407732,2024,311407732,1,9,0,-1,5,7,1,-1,0,2,0,0,0,0,1,1,-1,6,2,-1,-1,-1,-1,-1,-1,-1,-1,0,-1
202460Q137522,2024,60Q137522,1,19,0,18,19,6,2,0,0,8,0,0,3,1,3,1,1,1,1,28,6,-1,-1,-1,-1,-1,-1,0,-1
2024070704995,2024,070704995,2,1,0,-1,9,5,7,-1,0,0,0,0,0,0,3,1,-1,1,1,60,9,-1,-1,-1,-1,2,E01018445,0,1
2024161498812,2024,161498812,1,1,0,-1,19,3,7,-1,4,1,0,0,0,0,4,1,-1,2,1,43,7,-1,-1,-1,-1,6,E01012910,0,1
2024340WN5022,2024,340WN5022,1,9,0,-1,14,3,7,-1,0,1,0,0,0,0,3,1,-1,6,1,-1,-1,-1,-1,-1,-1,-1,-1,0,-1
2024010532093,2024,010532093,1,1,9,99,99,9,9,99,99,9,9,99,9,99,1,1,6,6,1,-1,-1,-1,-1,-1,-1,-1,-1,0,-1
2024371537326,2024,371537326,2,1,0,-1,19,3,7,-1,0,1,0,0,0,0,1,1,-1,6,1,66,10,-1,-1,-1,-1,1,E01030258,0,1
2024421410738,2024,421410738,1,1,0,-1,19,7,4,-1,4,0,0,10,1,0,1,1,-1,1,1,53,8,-1,-1,-1,-1,1,E01034095,0,1
2024547390424,2024,547390424,2,9,4,17,19,1,6,0,0,1,0,0,0,0,3,1,6,6,1,25,5,-1,-1,-1,-1,4,E01020411,0,4
2024041486085,2024,041486085,2,1,0,-1,19,1,5,-1,0,1,5,0,0,0,1,1,-1,9,1,41,7,-1,-1,-1,-1,9,E01025281,0,1
2024141431866,2024,141431866,1,1,0,-1,5,4,7,-1,0,3,0,0,0,0,0,1,-1,2,1,57,9,-1,-1,-1,-1,2,E01007343,0,1
2024010537203,2024,010537203,1,9,9,99,99,9,9,99,99,9,9,99,9,99,9,9,6,6,1,61,9,-1,-1,-1,-1,-1,-1,0,-1
2024010489544,2024,010489544,1,3,0,99,99,9,9,99,99,9,9,99,9,99,2,1,1,1,2,44,7,-1,-1,-1,-1,5,E01003495,0,1
2024221460499,2024,221460499,2,9,0,-1,19,4,6,-1,0,0,0,0,0,0,3,1,-1,6,2,50,8,-1,-1,-1,-1,8,E01009959,0,4
2024461534542,2024,461534542,2,23,0,-1,19,7,3,-1,0,0,2,0,0,0,1,1,-1,6,1,22,5,-1,-1,-1,-1,-1,-1,0,-1
2024161506461,2024,161506461,2,9,-1,-1,-1,-1,-1,-1,-1,-1,-1,-1,-1,0,2,9,-1,6,3,-1,-1,-1,-1,-1,-1,-1,-1,0,-1
2024131437646,2024,131437646,1,1,0,-1,19,3,7,-1,0,1,0,0,0,0,4,1,-1,1,1,29,6,-1,-1,-1,-1,2,E01011424,0,1
2024361439050,2024,361439050,1,9,0,-1,13,5,1,-1,0,1,0,0,0,0,-1,9,-1,6,1,-1,-1,-1,-1,-1,-1,-1,-1,0,-1
2024010523620,2024,010523620,2,9,0,13,13,9,9,99,99,9,9,99,9,99,0,1,6,6,1,41,7,-1,-1,-1,-1,7,E01003370,0,1
2024211484176,2024,211484176,2,1,0,-1,19,4,1,-1,0,1,5,0,0,0,1,1,-1,6,1,37,7,-1,-1,-1,-1,-1,-1,0,-1
2024340WN7052,2024,340WN7052,1,9,0,-1,19,1,5,-1,0,0,0,0,0,0,1,1,-1,6,1,19,4,-1,-1,-1,-1,6,E01035400,0,1
2024991517892,2024,991517892,2,1,0,-1,19,7,5,-1,0,1,0,0,0,0,1,1,-1,2,2,21,5,-1,-1,-1,-1,-1,-1,0,-1
2024010537814,2024,010537814,1,9,0,5,5,3,7,0,0,1,0,0,0,0,1,1,6,6,3,-1,-1,-1,-1,-1,-1,-1,-1,0,-1
2024201523480,2024,201523480,1,9,0,-1,9,3,8,-1,0,6,0,0,0,0,1,1,-1,9,1,30,6,-1,-1,-1,-1,8,E01010161,0,1
2024501437981,2024,501437981,1,4,0,-1,6,1,7,-1,0,6,0,0,0,0,1,1,-1,9,2,55,8,-1,-1,-1,-1,-1,-1,0,-1
2024991460156,2024,991460156,1,19,-1,-1,19,7,3,-1,0,8,0,0,0,0,4,9,-1,6,1,-1,-1,-1,-1,-1,-1,-1,-1,0,-1
2024061459507,2024,061459507,1,97,0,-1,19,7,3,-1,0,0,0,0,7,11,3,1,-1,9,1,35,6,-1,-1,-1,-1,3,E01004978,0,1
2024041526499,2024,041526499,1,9,0,-1,9,4,3,-1,0,8,0,0,0,0,1,1,-1,2,1,51,8,-1,-1,-1,-1,8,E01025443,0,1
2024141505646,2024,141505646,1,9,0,-1,19,3,7,-1,0,0,0,0,0,0,1,9,-1,6,3,-1,-1,-1,-1,-1,-1,-1,-1,0,-1
2024201437101,2024,201437101,2,1,0,-1,19,5,8,-1,0,8,0,0,7,0,3,1,-1,9,1,23,5,-1,-1,-1,-1,4,E01009227,0,2
2024631400201,2024,631400201,1,9,0,-1,19,4,8,-1,0,0,5,0,1,11,1,1,-1,6,1,24,5,-1,-1,-1,-1,7,W01000429,0,2
2024471425708,2024,471425708,2,1,0,-1,19,5,1,-1,0,2,0,0,0,0,2,1,-1,6,2,46,8,-1,-1,-1,-1,2,E01031450,0,1
2024411405216,2024,411405216,2,9,0,-1,19,5,1,-1,0,0,0,0,0,0,2,1,-1,6,1,56,9,-1,-1,-1,-1,10,E01025712,0,5
2024481569303,2024,481569303,2,1,0,-1,15,3,7,-1,0,2,0,0,0,0,1,1,-1,2,1,34,6,-1,-1,-1,-1,-1,-1,0,-1
2024111481223,2024,111481223,1,9,0,-1,19,5,1,-1,0,0,0,0,0,0,1,9,-1,6,3,30,6,-1,-1,-1,-1,-1,-1,0,-1
2024010545639,2024,010545639,1,1,9,99,99,9,9,99,99,9,9,99,9,99,1,1,6,6,1,57,9,-1,-1,-1,-1,9,E01004121,0,1
2024461397369,2024,461397369,1,9,0,-1,19,5,8,-1,0,0,0,0,0,0,1,9,-1,2,2,24,5,-1,-1,-1,-1,6,E01024276,0,2
2024010503926,2024,010503926,1,1,9,99,99,9,9,99,99,9,9,8,9,99,9,1,6,6,1,28,6,-1,-1,-1,-1,8,E01004703,0,1
2024010487481,2024,010487481,1,9,0,18,19,7,3,0,0,1,0,0,0,0,1,1,6,6,1,52,8,-1,-1,-1,-1,8,E01001543,0,1
2024361479914,2024,361479914,2,9,0,-1,10,3,7,-1,0,0,0,0,0,0,0,1,-1,9,2,36,7,-1,-1,-1,-1,6,E01026494,0,2
2024010543413,2024,010543413,2,1,9,99,99,9,9,99,99,9,9,99,9,99,9,1,6,6,3,-1,-1,-1,-1,-1,-1,-1,-1,0,-1
2024010518085,2024,010518085,1,1,9,99,99,9,9,99,99,0,9,99,9,99,9,1,6,6,3,-1,-1,-1,-1,-1,-1,-1,-1,0,-1
2024340NN0252,2024,340NN0252,1,9,0,-1,9,6,2,-1,0,8,0,0,0,0,3,1,-1,6,3,-1,-1,-1,-1,-1,-1,-1,-1,0,-1
2024161520154,2024,161520154,2,1,0,-1,19,6,2,-1,0,8,2,0,0,0,1,1,-1,6,1,28,6,-1,-1,-1,-1,1,E01035466,0,1
2024351422838,2024,351422838,2,19,0,-1,4,7,3,-1,0,0,0,0,0,0,2,9,-1,9,3,-1,-1,-1,-1,-1,-1,-1,-1,0,-1
2024131515452,2024,131515452,2,1,0,-1,19,2,6,-1,0,1,0,0,0,0,1,1,-1,6,1,29,6,-1,-1,-1,-1,1,E01011375,0,1
2024010520617,2024,010520617,1,9,9,99,99,9,9,99,99,9,9,99,9,99,9,9,6,6,3,-1,-1,-1,-1,-1,-1,-1,-1,0,-1
2024010492319,2024,010492319,2,9,0,2,2,0,0,0,0,0,0,0,0,0,1,1,6,6,3,-1,-1,-1,-1,-1,-1,-1,-1,0,-1
2024010489027,2024,010489027,2,1,0,5,5,3,7,0,0,1,0,0,0,0,3,1,6,6,1,24,5,-1,-1,-1,-1,6,E01003085,0,2
2024141400077,2024,141400077,1,9,0,-1,9,7,5,-1,0,0,0,0,7,0,4,1,-1,9,1,70,10,-1,-1,-1,-1,1,E01007474,0,1
2024547917024,2024,547917024,1,1,0,18,19,6,2,0,0,0,0,0,0,0,1,1,6,6,1,46,8,-1,-1,-1,-1,7,E01032024,0,3
2024052402318,2024,052402318,2,1,0,18,19,7,3,0,0,0,0,0,0,0,3,1,6,6,2,13,3,-1,-1,-1,-1,6,E01007062,0,1
2024440125792,2024,440125792,2,9,0,18,19,5,1,0,0,0,0,0,0,0,1,1,6,6,1,54,8,-1,-1,-1,-1,6,E01022940,0,1
2024010493480,2024,010493480,1,20,0,5,5,0,7,0,0,8,0,0,0,0,3,1,1,1,1,57,9,-1,-1,-1,-1,6,E01030516,0,4
2024131505598,2024,131505598,2,1,0,-1,19,4,8,-1,0,1,0,0,0,0,1,1,-1,6,1,43,7,-1,-1,-1,-1,3,E01011758,0,2
2024010537407,2024,010537407,1,1,0,99,99,9,9,0,0,1,0,0,0,0,1,1,6,6,1,47,8,-1,-1,-1,-1,6,E01004374,0,1
2024430499881,2024,430499881,2,21,0,18,19,6,2,0,0,2,0,0,0,0,0,1,6,6,3,-1,-1,-1,-1,-1,-1,-1,-1,0,-1
2024010547315,2024,010547315,2,1,0,18,19,7,3,4,4,0,5,10,7,2,0,1,2,2,1,33,6,-1,-1,-1,-1,3,E01002672,0,3
2024320583362,2024,320583362,1,9,0,7,7,1,3,0,0,4,0,0,0,0,4,1,6,6,1,-1,-1,-1,-1,-1,-1,-1,-1,0,-1
2024010528437,2024,010528437,1,1,0,16,19,2,3,0,0,0,0,0,0,0,0,1,2,2,1,56,9,-1,-1,-1,-1,8,E01034286,0,2
2024552400240,2024,552400240,1,9,0,18,19,2,6,0,0,0,2,0,0,0,0,1,6,6,1,20,4,-1,-1,-1,-1,6,E01029240,0,2
2024991451121,2024,991451121,1,9,0,-1,19,8,4,-1,0,1,0,0,0,0,1,1,-1,6,3,20,4,-1,-1,-1,-1,-1,-1,0,-1
2024070644770,2024,070644770,1,1,0,5,5,4,8,0,0,0,0,0,0,0,1,1,6,6,1,8,2,-1,-1,-1,-1,1,E01018740,0,1
2024061403652,2024,061403652,2,-1,-1,-1,-1,-1,-1,-1,-1,0,-1,-1,-1,0,-1,1,-1,6,1,-1,-1,-1,-1,-1,-1,1,E01005681,1,1
2024101449758,2024,101449758,1,9,0,-1,19,8,6,-1,0,8,0,0,0,0,1,1,-1,6,2,40,7,-1,-1,-1,-1,-1,-1,0,-1
2024520401931,2024,520401931,1,97,0,18,19,9,9,0,0,8,0,0,0,0,9,1,6,6,3,-1,-1,-1,-1,-1,-1,-1,-1,0,-1
2024221461218,2024,221461218,2,19,0,-1,5,4,8,-1,9,8,0,0,0,0,3,1,-1,1,1,48,8,-1,-1,-1,-1,4,E01013989,0,1
2024010497009,2024,010497009,2,9,0,99,99,9,9,99,99,9,9,99,9,99,9,9,6,6,3,-1,-1,-1,-1,-1,-1,-1,-1,0,-1
2024131508923,2024,131508923,2,1,0,-1,19,1,1,-1,4,0,0,0,0,0,3,1,-1,6,3,-1,-1,-1,-1,-1,-1,-1,-1,0,-1
2024010502400,2024,010502400,2,4,0,18,19,3,7,0,0,8,0,0,0,0,1,1,6,6,2,31,6,-1,-1,-1,-1,2,E01000627,0,2
2024010521674,2024,010521674,2,1,9,99,99,9,9,99,99,6,9,99,9,99,9,1,2,2,1,31,6,-1,-1,-1,-1,4,E01004643,0,1
2024061485905,2024,061485905,1,9,0,-1,19,1,4,-1,0,8,2,0,0,0,1,1,-1,2,1,24,5,-1,-1,-1,-1,2,E01005960,0,1
2024010492874,2024,010492874,1,3,0,18,19,9,9,99,99,1,9,99,9,99,1,1,1,1,1,46,8,-1,-1,-1,-1,6,E01000150,0,1
2024411460777,2024,411460777,2,9,0,-1,5,8,4,-1,0,5,0,0,0,0,2,1,-1,6,1,64,9,-1,-1,-1,-1,8,E01023627,0,2
2024302400106,2024,302400106,2,9,0,18,19,4,8,0,0,8,0,0,0,0,1,1,6,6,2,48,8,-1,-1,-1,-1,9,E01028123,0,4
2024340WN5762,2024,340WN5762,2,1,0,-1,19,5,1,-1,0,0,0,0,0,0,4,1,-1,9,2,41,7,-1,-1,-1,-1,1,E01027200,0,1
2024302400028,2024,302400028,1,9,0,9,9,5,7,0,0,8,0,0,0,0,4,1,1,1,2,22,5,-1,-1,-1,-1,5,E01019813,0,1
2024141419581,2024,141419581,1,1,0,-1,19,6,2,-1,0,1,0,0,0,0,1,1,-1,7,1,34,6,-1,-1,-1,-1,-1,-1,0,-1
2024201516679,2024,201516679,1,99,0,-1,19,2,6,-1,0,1,0,0,0,0,1,9,-1,6,3,-1,-1,-1,-1,-1,-1,-1,-1,0,-1
2024411427808,2024,411427808,2,9,-1,-1,-1,-1,-1,-1,-1,0,-1,-1,-1,0,-1,9,-1,6,3,-1,-1,-1,-1,-1,-1,-1,-1,0,-1
2024052401807,2024,052401807,2,1,0,18,19,7,3,0,0,0,0,0,0,0,4,1,6,6,1,35,6,-1,-1,-1,-1,6,E01007247,0,1
2024430238527,2024,430238527,1,19,3,1,1,1,5,0,0,1,0,4,0,0,2,1,6,6,1,70,10,-1,-1,-1,-1,-1,-1,0,-1
2024531394844,2024,531394844,2,1,0,-1,19,5,1,-1,0,0,0,0,0,0,1,1,-1,9,2,66,10,-1,-1,-1,-1,2,E01022288,0,1
2024131461741,2024,131461741,2,9,0,-1,2,0,0,-1,0,0,0,0,0,0,3,1,-1,6,-1,-1,-1,-1,-1,-1,-1,-1,-1,0,-1
2024061454054,2024,061454054,2,9,0,-1,7,-1,-1,-1,0,1,0,0,0,0,4,1,-1,6,1,-1,-1,-1,-1,-1,-1,-1,-1,0,-1
2024501443123,2024,501443123,1,9,0,-1,19,1,5,-1,0,0,5,0,2,10,1,1,-1,1,1,21,5,-1,-1,-1,-1,6,E01020276,0,4
2024211477173,2024,211477173,2,1,0,-1,19,4,8,-1,0,0,0,0,0,0,1,1,-1,1,1,20,4,-1,-1,-1,-1,-1,-1,0,-1
2024010526507,2024,010526507,1,1,9,99,99,9,9,99,99,9,9,99,9,99,0,1,2,2,2,54,8,-1,-1,-1,-1,7,E01003287,0,1
2024471407716,2024,471407716,3,9,-1,-1,19,6,2,-1,0,1,0,0,0,0,0,9,-1,6,3,-1,-1,-1,-1,-1,-1,-1,-1,0,-1
2024401516374,2024,401516374,2,9,-1,-1,-1,-1,-1,-1,-1,0,-1,-1,-1,0,-1,9,-1,6,2,22,5,-1,-1,-1,-1,8,E01034451,0,2
2024631443427,2024,631443427,2,1,0,-1,9,5,4,-1,0,6,0,0,0,0,3,1,-1,9,1,49,8,-1,-1,-1,-1,3,W01000515,0,2
2024141514284,2024,141514284,2,9,0,-1,19,3,7,-1,0,1,0,0,0,0,4,1,-1,6,2,44,7,-1,-1,-1,-1,7,E01007778,0,1
2024401411624,2024,401411624,1,9,0,-1,5,1,5,-1,0,0,0,4,0,0,1,1,-1,9,1,68,10,-1,-1,-1,-1,9,E01017614,0,1
2024052400158,2024,052400158,2,1,0,18,19,3,7,0,0,1,0,0,0,0,3,1,1,1,2,55,8,-1,-1,-1,-1,1,E01006874,0,1
2024052400549,2024,052400549,1,9,0,18,19,7,3,0,0,0,0,0,0,0,1,1,6,6,1,80,11,-1,-1,-1,-1,6,E01006884,0,2
2024430073648,2024,430073648,1,19,0,7,7,7,2,0,0,3,0,0,0,0,4,1,6,6,3,-1,-1,-1,-1,-1,-1,-1,-1,0,-1
2024052400471,2024,052400471,2,9,0,18,19,2,6,0,0,0,0,0,7,1,1,1,6,6,3,-1,-1,-1,-1,-1,-1,-1,-1,0,-1
2024010532899,2024,010532899,1,1,0,18,19,1,5,0,0,2,5,0,0,0,0,1,2,2,2,30,6,-1,-1,-1,-1,4,E01003025,0,2
2024010496759,2024,010496759,1,9,0,18,19,4,8,0,0,0,0,0,0,0,1,1,6,6,3,-1,-1,-1,-1,-1,-1,-1,-1,0,-1
2024111462571,2024,111462571,1,1,0,-1,7,3,5,-1,0,6,0,0,0,0,1,1,-1,6,1,20,4,-1,-1,-1,-1,-1,-1,0,-1
2024052400668,2024,052400668,1,9,0,18,19,1,5,0,0,1,0,0,0,0,4,1,6,6,3,-1,-1,-1,-1,-1,-1,-1,-1,0,-1
2024131407025,2024,131407025,2,9,0,-1,-1,-1,-1,-1,0,8,-1,-1,-1,0,-1,1,-1,6,3,30,6,-1,-1,-1,-1,-1,-1,0,-1
2024411429622,2024,411429622,2,9,0,-1,19,5,1,-1,0,0,0,0,0,0,3,1,-1,6,1,18,4,-1,-1,-1,-1,5,E01017659,0,4
2024311521691,2024,311521691,2,1,0,-1,19,4,8,-1,0,8,0,0,0,0,1,1,-1,2,2,49,8,-1,-1,-1,-1,9,E01028123,0,1
2024302401547,2024,302401547,1,9,0,18,19,8,4,0,0,0,1,0,0,0,1,1,6,6,1,60,9,-1,-1,-1,-1,9,E01034652,0,1
202417S409424,2024,17S409424,1,1,0,-1,19,2,6,-1,0,1,0,0,0,0,1,1,-1,6,2,18,4,-1,-1,-1,-1,4,E01012300,0,1
2024010544139,2024,010544139,1,19,0,7,7,7,1,0,0,8,0,0,0,0,4,1,6,6,3,-1,-1,-1,-1,-1,-1,-1,-1,0,-1
2024430559364,2024,430559364,1,9,0,17,19,1,6,0,0,0,5,10,2,2,1,1,6,6,1,20,4,-1,-1,-1,-1,9,E01016631,0,2
2024010498755,2024,010498755,2,98,0,99,99,9,9,99,99,9,9,99,9,99,1,9,6,6,1,-1,-1,-1,-1,-1,-1,-1,-1,0,-1
2024411486622,2024,411486622,1,9,0,-1,19,4,8,-1,0,0,0,0,7,0,3,1,-1,6,2,59,9,-1,-1,-1,-1,7,E01023504,0,1
2024010545776,2024,010545776,1,1,9,99,99,9,9,99,99,9,9,99,9,99,9,1,2,2,1,28,6,-1,-1,-1,-1,5,E01002004,0,2
2024010495656,2024,010495656,1,9,0,5,5,7,3,0,0,6,0,0,0,0,1,1,2,2,1,45,7,-1,-1,-1,-1,10,E01003466,0,1
2024010531466,2024,010531466,2,8,0,99,99,9,9,99,99,9,9,99,9,99,1,9,6,6,3,-1,-1,-1,-1,-1,-1,-1,-1,0,-1