collision_index,collision_year,collision_ref_no,vehicle_reference,vehicle_type,towing_and_articulation,vehicle_manoeuvre_historic,vehicle_manoeuvre,vehicle_direction_from,vehicle_direction_to,vehicle_location_restricted_lane_historic,vehicle_location_restricted_lane,junction_location,skidding_and_overturning,hit_object_in_carriageway,vehicle_leaving_carriageway,hit_object_off_carriageway,first_point_of_impact,vehicle_left_hand_drive,journey_purpose_of_driver_historic,journey_purpose_of_driver,sex_of_driver,age_of_driver,age_band_of_driver,engine_capacity_cc,propulsion_code,age_of_vehicle,generic_make_model,driver_imd_decile,lsoa_of_driver,escooter_flag,driver_distance_banding
2024401412253,2024,401412253,1,9,0,-1,19,8,5,-1,0,0,0,4,0,0,1,1,-1,2,2,24,5,-1,-1,-1,-1,9,E01033188,0,1
2024501415134,2024,501415134,2,1,0,-1,19,8,3,-1,0,3,0,0,0,0,2,1,-1,6,2,55,8,-1,-1,-1,-1,8,E01020051,0,1
2024041437856,2024,041437856,2,1,0,-1,19,3,7,-1,0,0,0,0,0,0,4,1,-1,6,1,21,5,-1,-1,-1,-1,1,E01012625,0,1
2024430162307,2024,430162307,1,1,0,18,19,4,8,0,0,0,0,4,0,0,3,1,6,6,2,41,7,-1,-1,-1,-1,4,E01034494,0,5
2024421491846,2024,421491846,1,9,0,-1,19,5,1,-1,0,0,0,0,0,0,1,1,-1,6,3,-1,-1,-1,-1,-1,-1,-1,-1,0,-1
2024041490996,2024,041490996,1,97,0,-1,19,2,6,-1,9,0,0,0,0,0,3,1,-1,6,3,-1,-1,-1,-1,-1,-1,-1,-1,0,-1
2024010493584,2024,010493584,2,9,0,7,7,9,9,99,99,9,9,99,9,99,9,9,6,6,3,-1,-1,-1,-1,-1,-1,-1,-1,0,-1
2024461501788,2024,461501788,2,-1,0,-1,19,6,2,-1,9,2,0,0,0,0,1,1,-1,9,1,14,3,-1,-1,-1,-1,5,E01024588,1,1
2024361525162,2024,361525162,1,9,0,-1,19,1,5,-1,0,4,0,0,0,0,4,1,-1,6,1,53,8,-1,-1,-1,-1,1,E01026793,0,1
2024211519506,2024,211519506,1,99,0,-1,19,3,7,-1,0,0,0,0,0,0,4,9,-1,6,3,21,5,-1,-1,-1,-1,-1,-1,0,-1
2024501529943,2024,501529943,1,9,0,-1,19,5,1,-1,0,0,1,0,2,0,1,1,-1,9,1,22,5,-1,-1,-1,-1,6,E01023002,0,5
2024544506024,2024,544506024,1,9,0,9,9,4,8,0,0,0,0,0,0,0,1,1,6,6,2,66,10,-1,-1,-1,-1,5,E01020397,0,3
2024161482513,2024,161482513,1,1,0,-1,19,4,8,-1,0,1,0,0,0,0,2,1,-1,6,2,33,6,-1,-1,-1,-1,4,E01012772,0,1
2024010493259,2024,010493259,1,11,0,18,19,1,5,0,0,1,0,0,0,0,0,1,2,2,1,36,7,-1,-1,-1,-1,9,E01000686,0,1
2024131486475,2024,131486475,1,9,0,-1,9,8,5,-1,0,8,0,0,0,0,3,1,-1,1,1,38,7,-1,-1,-1,-1,5,E01009946,0,5
2024010527724,2024,010527724,2,9,0,99,99,9,9,99,99,0,9,99,9,99,9,9,6,6,3,-1,-1,-1,-1,-1,-1,-1,-1,0,-1
2024430528676,2024,430528676,1,8,0,18,19,8,4,0,0,0,0,0,0,0,1,1,6,6,3,-1,-1,-1,-1,-1,-1,-1,-1,0,-1
2024522500312,2024,522500312,1,1,0,9,9,7,6,0,0,3,0,0,0,0,4,1,6,6,1,24,5,-1,-1,-1,-1,2,E01014489,0,1
2024161506870,2024,161506870,2,9,0,-1,19,5,1,-1,2,1,0,0,0,0,9,9,-1,6,1,-1,-1,-1,-1,-1,-1,-1,-1,0,-1
2024041556245,2024,041556245,2,9,0,-1,19,3,7,-1,0,0,0,0,0,0,4,1,-1,9,2,66,10,-1,-1,-1,-1,7,E01025174,0,3
2024010499536,2024,010499536,2,9,0,99,99,9,9,99,99,9,9,99,9,99,2,9,6,6,3,-1,-1,-1,-1,-1,-1,-1,-1,0,-1
2024010492107,2024,010492107,2,1,0,18,19,1,5,0,0,1,0,0,0,0,4,1,6,6,1,37,7,-1,-1,-1,-1,3,E01001262,0,1
2024161496576,2024,161496576,2,1,0,-1,19,3,7,-1,0,8,0,0,0,0,2,1,-1,6,1,37,7,-1,-1,-1,-1,5,E01012819,0,1
2024010494063,2024,010494063,1,8,0,99,99,9,9,99,99,9,9,99,9,99,2,9,1,1,1,48,8,-1,-1,-1,-1,3,E01000800,0,1
2024131452684,2024,131452684,2,1,0,-1,19,3,3,-1,0,0,0,0,0,0,1,1,-1,9,1,56,9,-1,-1,-1,-1,1,E01011677,0,1
2024010537110,2024,010537110,1,23,0,18,19,3,7,0,0,1,0,0,0,0,1,1,6,6,3,-1,-1,-1,-1,-1,-1,-1,-1,0,-1
2024201451146,2024,201451146,1,9,0,-1,19,6,2,-1,0,6,0,0,0,0,0,1,-1,6,2,-1,-1,-1,-1,-1,-1,-1,-1,0,-1
2024122401022,2024,122401022,2,9,0,2,2,0,0,0,0,0,0,0,0,0,2,1,6,6,3,-1,-1,-1,-1,-1,-1,-1,-1,0,-1
2024311421758,2024,311421758,1,1,0,-1,19,3,7,-1,0,6,0,0,0,0,4,1,-1,9,1,18,4,-1,-1,-1,-1,-1,-1,0,-1
2024010488557,2024,010488557,1,9,0,9,9,4,2,0,0,8,0,0,0,0,1,1,6,6,1,52,8,-1,-1,-1,-1,8,E01002164,0,1
2024010493775,2024,010493775,1,9,0,18,19,5,1,0,0,1,0,0,0,0,0,1,1,1,1,34,6,-1,-1,-1,-1,7,E01003013,0,2
2024041481975,2024,041481975,1,9,0,-1,15,2,6,-1,0,0,0,0,0,0,1,1,-1,9,1,47,8,-1,-1,-1,-1,6,E01004910,0,4
2024131449846,2024,131449846,1,9,0,-1,-1,-1,-1,-1,-1,8,-1,-1,-1,0,-1,1,-1,6,3,50,8,-1,-1,-1,-1,-1,-1,0,-1
2024201499565,2024,201499565,1,9,0,-1,5,5,7,-1,0,2,0,0,0,0,4,1,-1,6,-1,-1,-1,-1,-1,-1,-1,-1,-1,0,-1
2024101471215,2024,101471215,2,1,0,-1,19,3,7,-1,0,0,0,0,0,0,2,1,-1,9,2,54,8,-1,-1,-1,-1,6,E01004919,0,5
2024531534760,2024,531534760,1,9,0,-1,19,1,5,-1,0,0,5,0,7,0,1,1,-1,9,1,37,7,-1,-1,-1,-1,8,E01022141,0,3
2024531491491,2024,531491491,1,9,0,-1,19,8,4,-1,0,1,0,0,0,0,1,9,-1,6,1,-1,-1,-1,-1,-1,-1,-1,-1,0,-1
2024991491248,2024,991491248,1,-1,0,-1,19,3,7,-1,0,0,0,0,0,0,1,1,-1,6,1,14,3,-1,-1,-1,-1,-1,-1,1,-1
2024010517994,2024,010517994,2,1,0,18,19,4,8,4,4,1,0,0,0,0,2,1,6,6,1,40,7,-1,-1,-1,-1,5,E01000928,0,1
2024302400126,2024,302400126,1,9,0,9,9,7,5,0,0,6,0,0,0,0,1,1,6,6,1,69,10,-1,-1,-1,-1,8,E01019423,0,1
2024451496456,2024,451496456,2,9,0,-1,4,-1,-1,-1,99,4,0,0,0,0,9,1,-1,6,1,40,7,-1,-1,-1,-1,-1,-1,0,-1
2024991410018,2024,991410018,2,9,0,-1,5,3,5,-1,0,4,0,0,0,0,1,2,-1,2,1,45,7,-1,-1,-1,-1,10,-1,0,2
2024010526737,2024,010526737,2,8,0,99,99,9,9,99,99,9,9,99,9,99,9,9,6,6,3,-1,-1,-1,-1,-1,-1,2,E01001631,0,3
2024471518357,2024,471518357,2,9,0,-1,4,-1,-1,-1,0,0,0,0,0,0,-1,9,-1,6,3,-1,-1,-1,-1,-1,-1,-1,-1,0,-1
2024430461015,2024,430461015,1,9,0,7,7,3,6,0,0,5,0,0,0,0,1,1,6,6,3,-1,-1,-1,-1,-1,-1,-1,-1,0,-1
2024010496118,2024,010496118,2,9,0,99,99,9,9,99,99,9,9,99,9,99,1,9,6,6,3,-1,-1,-1,-1,-1,-1,-1,-1,0,-1
2024141501592,2024,141501592,1,1,0,-1,19,5,1,-1,0,0,5,0,0,0,2,1,-1,6,2,45,7,-1,-1,-1,-1,5,E01008042,0,1
2024311433597,2024,311433597,2,1,0,-1,19,7,3,-1,0,1,0,0,0,0,1,1,-1,7,1,12,3,-1,-1,-1,-1,-1,-1,0,-1
2024010492018,2024,010492018,2,9,0,99,99,9,9,99,99,9,9,99,9,99,1,9,6,6,3,-1,-1,-1,-1,-1,-1,10,E01033609,0,4
2024231497700,2024,231497700,2,1,0,-1,19,6,2,-1,9,8,0,0,0,0,4,1,-1,9,1,16,4,-1,-1,-1,-1,7,E01031293,0,1
2024010534524,2024,010534524,1,9,0,9,9,5,4,0,0,1,0,0,0,0,3,1,6,6,1,20,4,-1,-1,-1,-1,2,E01033584,0,1
2024430604447,2024,430604447,1,9,0,18,19,1,5,0,0,4,0,0,0,0,1,1,6,6,1,75,10,-1,-1,-1,-1,6,E01016297,0,1
2024010491191,2024,010491191,1,9,0,9,9,5,3,0,0,8,0,0,0,0,1,1,2,2,2,27,6,-1,-1,-1,-1,5,E01003449,0,1
2024430483824,2024,430483824,1,-1,0,18,19,8,4,9,9,8,0,0,0,0,1,1,2,2,2,17,4,-1,-1,-1,-1,-1,-1,1,-1
2024010514363,2024,010514363,1,1,0,3,3,5,1,0,0,2,0,0,0,0,4,1,1,1,1,36,7,-1,-1,-1,-1,8,E01000678,0,2
2024131517428,2024,131517428,1,1,0,-1,19,3,7,-1,2,0,0,0,0,0,1,1,-1,9,1,43,7,-1,-1,-1,-1,1,E01011364,0,1
2024010505104,2024,010505104,2,9,9,99,99,9,9,99,99,9,9,99,9,99,1,9,6,6,3,-1,-1,-1,-1,-1,-1,-1,-1,0,-1
2024440201160,2024,440201160,1,1,0,7,7,8,2,0,0,8,0,0,0,0,1,1,2,2,1,47,8,-1,-1,-1,-1,8,E01022472,0,1
2024010555671,2024,010555671,2,9,0,99,99,9,9,99,99,9,9,99,9,99,9,9,6,6,3,-1,-1,-1,-1,-1,-1,-1,-1,0,-1
2024010497970,2024,010497970,2,1,0,5,5,3,7,0,0,2,0,0,0,0,4,1,2,2,2,36,7,-1,-1,-1,-1,4,E01004337,0,1
2024622400622,2024,622400622,2,1,0,18,19,7,3,0,0,1,0,0,0,0,1,1,6,6,1,21,5,-1,-1,-1,-1,1,W01001174,0,1
2024010545790,2024,010545790,1,1,9,99,99,9,9,99,99,9,9,99,9,99,1,1,2,2,1,70,10,-1,-1,-1,-1,9,E01003847,0,1
2024010525428,2024,010525428,2,-1,0,18,19,5,1,9,9,1,0,0,0,0,4,1,6,6,2,12,3,-1,-1,-1,-1,1,E01002758,1,1
2024552400884,2024,552400884,1,19,0,18,19,1,5,9,9,0,0,0,0,0,4,1,6,6,3,-1,-1,-1,-1,-1,-1,-1,-1,0,-1
2024010513383,2024,010513383,1,1,9,99,99,9,9,99,99,9,9,99,9,99,9,1,6,6,1,54,8,-1,-1,-1,-1,7,E01032573,0,1
2024061439253,2024,061439253,2,9,0,-1,19,5,1,-1,0,2,0,0,0,0,1,9,-1,6,1,30,6,-1,-1,-1,-1,-1,-1,0,-1
2024101490201,2024,101490201,1,19,0,-1,19,4,7,-1,2,8,0,0,0,0,0,1,-1,6,3,-1,-1,-1,-1,-1,-1,-1,-1,0,-1
2024010531052,2024,010531052,1,20,0,99,99,9,9,99,99,9,9,99,9,99,9,9,6,6,3,-1,-1,-1,-1,-1,-1,-1,-1,0,-1
2024440050130,2024,440050130,2,19,0,18,19,2,6,0,0,2,0,0,0,0,1,1,6,6,1,-1,-1,-1,-1,-1,-1,-1,-1,0,-1
2024221498581,2024,221498581,1,9,0,-1,19,4,8,-1,0,0,5,4,0,0,1,1,-1,6,1,67,10,-1,-1,-1,-1,5,E01028872,0,1
2024501406827,2024,501406827,2,1,0,-1,19,7,3,-1,0,8,0,0,0,0,1,1,-1,2,2,26,6,-1,-1,-1,-1,3,E01020096,0,1
2024122400177,2024,122400177,1,9,0,18,19,3,7,0,0,0,0,0,1,4,1,1,6,6,2,17,4,-1,-1,-1,-1,6,E01027775,0,1
2024010537805,2024,010537805,1,1,9,99,99,9,9,99,99,9,9,99,9,99,0,1,2,2,2,25,5,-1,-1,-1,-1,3,E01034218,0,3
2024371529072,2024,371529072,1,9,0,-1,19,5,1,-1,0,0,0,0,1,0,1,1,-1,6,2,67,10,-1,-1,-1,-1,5,E01030241,0,1
2024010519523,2024,010519523,1,1,9,99,99,9,9,99,99,9,9,99,9,99,2,1,6,6,3,-1,-1,-1,-1,-1,-1,-1,-1,0,-1
2024061471222,2024,061471222,1,19,0,-1,19,7,3,-1,0,1,0,0,0,0,-1,9,-1,6,3,-1,-1,-1,-1,-1,-1,-1,-1,0,-1
2024201492424,2024,201492424,2,9,0,-1,19,2,6,-1,0,8,0,0,0,0,2,1,-1,6,3,-1,-1,-1,-1,-1,-1,-1,-1,0,-1
2024351432222,2024,351432222,1,9,4,-1,4,5,1,-1,0,0,0,0,0,0,1,1,-1,1,1,49,8,-1,-1,-1,-1,6,E01026332,0,4
2024010542435,2024,010542435,1,1,0,5,5,0,1,0,0,6,0,0,3,0,3,1,6,6,2,22,5,-1,-1,-1,-1,3,E01004287,0,2
2024351513001,2024,351513001,1,9,0,-1,19,7,3,-1,0,0,0,0,0,0,1,1,-1,1,1,19,4,-1,-1,-1,-1,6,E01034442,0,1
2024340WN1812,2024,340WN1812,1,11,0,-1,7,3,7,-1,0,1,0,0,0,0,4,1,-1,1,1,-1,-1,-1,-1,-1,-1,-1,-1,0,-1
2024471475489,2024,471475489,2,9,0,-1,19,8,3,-1,0,1,0,0,0,0,1,1,-1,6,1,-1,-1,-1,-1,-1,-1,5,E01031465,0,2
2024302400202,2024,302400202,1,9,0,18,19,4,8,0,0,0,0,0,0,0,1,1,6,6,2,25,5,-1,-1,-1,-1,8,E01019713,0,2
2024471497174,2024,471497174,2,9,0,-1,19,1,5,-1,0,1,0,0,0,0,4,9,-1,6,3,-1,-1,-1,-1,-1,-1,-1,-1,0,-1
2024332400763,2024,332400763,1,9,0,-1,19,8,4,-1,0,0,0,0,1,4,1,1,-1,9,1,29,6,-1,-1,-1,-1,10,E01025859,0,2
2024010518902,2024,010518902,2,97,0,18,19,1,5,0,0,8,0,0,0,0,4,1,6,6,3,-1,-1,-1,-1,-1,-1,-1,-1,0,-1
2024231409748,2024,231409748,1,9,0,-1,19,6,2,-1,0,0,0,0,0,0,1,1,-1,6,1,59,9,-1,-1,-1,-1,7,E01031224,0,2
2024332400167,2024,332400167,2,9,0,-1,5,5,1,-1,0,6,0,0,0,0,1,1,-1,6,3,-1,-1,-1,-1,-1,-1,-1,-1,0,-1
2024010491378,2024,010491378,1,1,0,18,19,5,1,0,0,8,0,0,0,0,1,1,2,2,1,29,6,-1,-1,-1,-1,2,E01001388,0,2
2024061519369,2024,061519369,1,1,0,-1,19,6,2,-1,0,8,0,99,0,0,3,1,-1,6,1,20,4,-1,-1,-1,-1,2,E01005538,0,1
2024010492077,2024,010492077,1,3,0,99,99,9,9,99,99,9,9,99,9,99,9,1,2,2,1,23,5,-1,-1,-1,-1,7,E01000196,0,2
2024440404153,2024,440404153,3,9,0,2,2,0,0,0,0,0,0,0,0,0,2,1,6,6,3,-1,-1,-1,-1,-1,-1,-1,-1,0,-1
2024631475866,2024,631475866,1,9,0,-1,5,2,8,-1,0,6,0,0,3,10,3,1,-1,9,1,24,5,-1,-1,-1,-1,7,W01000429,0,1
2024010551406,2024,010551406,2,9,0,18,19,5,1,0,0,8,0,0,0,0,1,1,6,6,1,24,5,-1,-1,-1,-1,7,E01033960,0,4
2024501500055,2024,501500055,1,9,0,-1,13,7,3,-1,0,0,0,0,0,0,4,9,-1,6,-1,-1,-1,-1,-1,-1,-1,-1,-1,0,-1
2024991453299,2024,991453299,2,1,0,-1,14,6,2,-1,0,2,0,0,0,0,1,1,-1,6,1,55,8,-1,-1,-1,-1,10,-1,0,1
2024131456088,2024,131456088,2,1,0,-1,19,7,3,-1,9,8,0,0,0,0,1,1,-1,1,1,35,6,-1,-1,-1,-1,7,E01013363,0,4
2024531513324,2024,531513324,1,9,0,-1,13,3,7,-1,0,0,0,0,0,0,4,1,-1,9,1,46,8,-1,-1,-1,-1,10,E01022105,0,1
2024010487505,2024,010487505,1,9,0,7,7,7,2,2,2,1,0,0,0,0,1,1,6,6,1,25,5,-1,-1,-1,-1,4,E01000402,0,1
2024440549697,2024,440549697,1,9,0,9,9,3,1,0,0,6,1,0,0,0,1,1,6,6,2,49,8,-1,-1,-1,-1,2,E01017168,0,1
2024471443579,2024,471443579,1,19,0,-1,19,2,6,-1,0,1,0,0,0,0,4,1,-1,6,3,-1,-1,-1,-1,-1,-1,-1,-1,0,-1
2024461398370,2024,461398370,2,1,0,-1,3,5,1,-1,0,1,5,0,0,0,1,1,-1,6,1,-1,-1,-1,-1,-1,-1,2,E01033215,0,1
2024481564406,2024,481564406,2,1,0,-1,15,1,5,-1,0,0,0,0,0,0,3,1,-1,2,1,32,6,-1,-1,-1,-1,-1,-1,0,-1
2024440247392,2024,440247392,1,1,0,18,19,3,7,0,0,0,0,10,0,0,4,1,6,6,1,10,2,-1,-1,-1,-1,8,E01022654,0,1
2024302400079,2024,302400079,2,9,0,18,19,6,2,0,0,0,0,0,0,0,0,1,6,6,3,-1,-1,-1,-1,-1,-1,5,E01019456,0,3
2024451516742,2024,451516742,2,9,0,-1,19,7,3,-1,0,0,0,0,0,0,1,1,-1,6,1,40,7,-1,-1,-1,-1,-1,-1,0,-1
2024430260682,2024,430260682,1,1,0,18,19,5,1,9,9,1,0,0,0,0,1,1,1,1,2,35,6,-1,-1,-1,-1,6,E01028580,0,1
2024061489224,2024,061489224,1,9,0,-1,14,1,3,-1,0,1,0,4,0,0,3,1,-1,6,3,20,4,-1,-1,-1,-1,-1,-1,0,-1
2024361480404,2024,361480404,1,9,0,-1,19,1,5,-1,0,0,0,0,0,0,1,1,-1,6,3,55,8,-1,-1,-1,-1,-1,-1,0,-1
2024440427644,2024,440427644,2,9,0,13,13,1,5,0,0,0,0,0,0,0,1,1,6,6,1,-1,-1,-1,-1,-1,-1,-1,-1,0,-1
2024161450583,2024,161450583,1,9,0,-1,19,2,6,-1,0,0,0,0,0,0,1,1,-1,6,3,-1,-1,-1,-1,-1,-1,-1,-1,0,-1
2024010494377,2024,010494377,2,10,0,99,99,9,9,99,99,9,9,99,9,99,2,9,6,6,3,-1,-1,-1,-1,-1,-1,-1,-1,0,-1
2024440367586,2024,440367586,2,9,0,2,2,0,0,0,0,0,0,0,0,0,2,1,6,6,3,-1,-1,-1,-1,-1,-1,-1,-1,0,-1
2024501484789,2024,501484789,3,1,0,-1,3,7,3,-1,9,1,5,0,0,0,1,1,-1,6,2,51,8,-1,-1,-1,-1,4,E01015175,0,1
2024041429553,2024,041429553,1,97,0,-1,19,1,5,-1,0,1,0,0,0,0,1,1,-1,6,3,-1,-1,-1,-1,-1,-1,-1,-1,0,-1
2024201497671,2024,201497671,2,9,0,-1,5,8,4,-1,9,6,0,0,0,0,1,9,-1,6,1,40,7,-1,-1,-1,-1,-1,-1,0,-1
2024010537305,2024,010537305,1,1,9,99,99,9,9,99,99,0,9,99,9,99,9,1,1,1,1,21,5,-1,-1,-1,-1,6,E01002628,0,2
2024010486913,2024,010486913,2,9,0,9,9,5,3,0,0,8,0,0,0,0,4,1,6,6,2,43,7,-1,-1,-1,-1,4,E01033729,0,1
2024052401898,2024,052401898,1,9,0,15,15,3,7,0,0,0,0,0,0,0,0,1,6,6,3,-1,-1,-1,-1,-1,-1,-1,-1,0,-1
2024010488356,2024,010488356,1,9,0,18,19,5,1,0,0,0,0,0,0,0,1,1,6,6,1,72,10,-1,-1,-1,-1,3,E01001112,0,1
2024311535524,2024,311535524,2,8,0,-1,5,1,1,-1,0,0,0,0,0,0,1,9,-1,6,3,-1,-1,-1,-1,-1,-1,-1,-1,0,-1
2024311441245,2024,311441245,2,-1,0,-1,14,2,8,-1,0,1,0,0,0,0,1,1,-1,2,2,50,8,-1,-1,-1,-1,2,E01013962,1,1
2024010495141,2024,010495141,2,98,0,7,7,9,9,99,99,9,9,99,9,99,9,9,6,6,3,-1,-1,-1,-1,-1,-1,-1,-1,0,-1
2024041463671,2024,041463671,1,1,0,-1,19,1,5,-1,0,8,0,0,0,0,1,1,-1,6,1,13,3,-1,-1,-1,-1,3,E01025271,0,1
2024622400223,2024,622400223,2,9,0,4,4,4,8,0,0,0,0,0,0,0,2,2,6,6,3,-1,-1,-1,-1,-1,-1,-1,-1,0,-1
2024549530624,2024,549530624,1,9,4,18,19,2,6,0,0,0,0,0,0,0,4,1,1,1,1,23,5,-1,-1,-1,-1,9,E01031886,0,1
2024351518687,2024,351518687,2,1,0,-1,-1,-1,-1,-1,-1,-1,-1,-1,-1,0,2,1,-1,6,2,11,3,-1,-1,-1,-1,6,E01018281,0,1
2024010496843,2024,010496843,1,9,0,9,9,1,7,0,0,1,0,0,0,0,1,1,6,6,2,35,6,-1,-1,-1,-1,5,E01016158,0,4
2024430245431,2024,430245431,1,9,0,18,19,5,1,0,0,2,1,0,5,7,3,1,6,6,1,28,6,-1,-1,-1,-1,5,E01022761,0,4
2024131440346,2024,131440346,2,1,0,-1,19,3,7,-1,0,0,0,0,0,0,1,1,-1,2,2,26,6,-1,-1,-1,-1,-1,-1,0,-1
2024332400625,2024,332400625,2,1,0,-1,14,5,1,-1,0,0,1,0,0,0,1,1,-1,2,1,33,6,-1,-1,-1,-1,3,E01034022,0,1
2024061410311,2024,061410311,2,9,-1,-1,-1,-1,-1,-1,-1,-1,-1,-1,-1,0,-1,9,-1,6,3,-1,-1,-1,-1,-1,-1,-1,-1,0,-1
2024101456948,2024,101456948,2,9,0,-1,19,3,7,-1,0,0,0,0,0,0,1,1,-1,6,2,23,5,-1,-1,-1,-1,10,E01008264,0,1
2024010530672,2024,010530672,2,9,0,11,11,9,9,99,99,0,9,99,9,99,9,9,6,6,3,-1,-1,-1,-1,-1,-1,-1,-1,0,-1
2024061396817,2024,061396817,2,1,0,-1,19,5,8,-1,0,8,0,0,0,0,1,1,-1,6,1,11,3,-1,-1,-1,-1,1,E01005107,0,1
2024131435645,2024,131435645,1,21,0,-1,-1,-1,-1,-1,-1,0,-1,-1,-1,-1,-1,1,-1,6,3,-1,-1,-1,-1,-1,-1,-1,-1,0,-1
2024010492927,2024,010492927,2,9,0,99,99,9,9,99,99,1,9,99,9,99,1,9,6,6,1,33,6,-1,-1,-1,-1,2,E01002588,0,2
2024991503836,2024,991503836,2,1,0,-1,19,2,6,-1,2,1,0,0,0,0,1,1,-1,6,1,28,6,-1,-1,-1,-1,-1,-1,0,-1
2024302400567,2024,302400567,1,9,0,7,7,8,2,0,0,2,1,0,0,0,1,1,6,6,3,-1,-1,-1,-1,-1,-1,5,E01019456,0,4
2024371434627,2024,371434627,1,2,0,-1,19,4,7,-1,0,1,0,0,0,0,1,1,-1,7,1,16,4,-1,-1,-1,-1,4,E01030251,0,2
2024061500327,2024,061500327,2,9,0,-1,3,0,7,-1,0,0,0,4,0,0,2,1,-1,6,2,36,7,-1,-1,-1,-1,1,E01005683,0,1
2024430026154,2024,430026154,1,9,0,18,19,3,7,0,0,0,0,0,0,0,1,1,6,6,2,-1,-1,-1,-1,-1,-1,-1,-1,0,-1
2024440066592,2024,440066592,2,1,0,18,19,1,5,0,0,8,0,0,0,0,3,1,2,2,1,50,8,-1,-1,-1,-1,4,E01017282,0,1
2024430218261,2024,430218261,2,1,0,18,19,1,5,0,0,8,0,0,0,0,1,1,6,6,1,34,6,-1,-1,-1,-1,9,E01028492,0,1
2024631517962,2024,631517962,1,9,0,-1,19,4,8,-1,0,0,0,0,0,0,1,1,-1,6,3,-1,-1,-1,-1,-1,-1,-1,-1,0,-1
2024430034926,2024,430034926,1,9,0,18,19,6,2,0,0,0,0,0,0,0,1,1,6,6,2,-1,-1,-1,-1,-1,-1,-1,-1,0,-1
2024010545614,2024,010545614,2,1,0,15,15,1,5,0,0,8,0,0,0,0,2,1,6,6,1,28,6,-1,-1,-1,-1,5,E01003449,0,2
2024501454771,2024,501454771,1,90,-1,-1,19,3,7,-1,0,0,0,0,0,0,3,9,-1,6,1,-1,-1,-1,-1,-1,-1,-1,-1,0,-1
2024010518441,2024,010518441,1,9,0,18,19,3,7,0,0,8,0,0,0,0,4,1,6,6,3,-1,-1,-1,-1,-1,-1,-1,-1,0,-1
2024531487247,2024,531487247,3,9,0,-1,2,0,0,-1,0,0,0,0,0,0,1,1,-1,6,-1,-1,-1,-1,-1,-1,-1,-1,-1,0,-1
2024141531977,2024,141531977,1,9,0,-1,19,3,7,-1,0,1,0,0,0,0,4,9,-1,6,3,-1,-1,-1,-1,-1,-1,-1,-1,0,-1
2024547955524,2024,547955524,3,9,0,18,19,5,1,0,0,8,0,0,0,0,2,1,6,6,1,63,9,-1,-1,-1,-1,9,E01031999,0,3
2024010493452,2024,010493452,3,19,0,18,19,3,7,0,0,1,0,0,0,0,0,1,1,1,1,30,6,-1,-1,-1,-1,8,E01034386,0,2
2024010501526,2024,010501526,1,9,0,99,99,9,9,99,99,0,9,99,9,99,2,9,6,6,1,31,6,-1,-1,-1,-1,4,E01004031,0,2
2024401430459,2024,401430459,2,1,-1,-1,14,7,3,-1,0,0,0,0,0,0,-1,1,-1,6,2,11,3,-1,-1,-1,-1,5,E01017542,0,1
2024501448835,2024,501448835,2,1,0,-1,19,4,8,-1,0,0,2,10,0,0,1,1,-1,2,1,27,6,-1,-1,-1,-1,3,E01020018,0,1
2024302401539,2024,302401539,2,9,0,18,19,1,5,0,0,0,0,0,0,0,1,1,6,6,2,43,7,-1,-1,-1,-1,4,E01013617,0,4
2024471434919,2024,471434919,2,1,0,-1,19,3,7,-1,0,1,0,0,0,0,3,1,-1,6,1,90,11,-1,-1,-1,-1,9,E01016980,0,1
2024010524000,2024,010524000,2,1,0,18,19,3,7,0,0,0,0,0,0,0,2,1,6,6,1,30,6,-1,-1,-1,-1,4,E01004678,0,3
2024131532031,2024,131532031,1,9,0,-1,19,7,3,-1,0,7,0,0,0,0,-1,1,-1,6,3,-1,-1,-1,-1,-1,-1,-1,-1,0,-1
2024451539734,2024,451539734,2,9,-1,-1,-1,-1,-1,-1,-1,0,-1,-1,-1,0,-1,9,-1,6,3,50,8,-1,-1,-1,-1,-1,-1,0,-1
2024421498477,2024,421498477,1,1,0,-1,19,-1,-1,-1,9,0,0,0,0,0,4,1,-1,6,1,13,3,-1,-1,-1,-1,10,E01021965,0,1
2024010511444,2024,010511444,2,9,0,5,5,5,1,0,0,1,0,0,0,0,1,9,6,6,3,-1,-1,-1,-1,-1,-1,-1,-1,0,-1
2024010534652,2024,010534652,1,1,9,99,99,9,9,99,99,0,9,99,9,99,1,1,2,2,1,47,8,-1,-1,-1,-1,3,E01001620,0,3
2024522402437,2024,522402437,1,1,0,18,19,1,5,2,2,1,0,0,0,0,3,1,6,6,1,37,7,-1,-1,-1,-1,6,E01014508,0,1
2024471472854,2024,471472854,1,9,0,-1,19,3,5,-1,0,0,0,0,0,0,3,1,-1,2,2,29,6,-1,-1,-1,-1,4,E01031386,0,3
2024010535139,2024,010535139,2,1,9,18,19,5,1,4,4,1,0,99,0,0,3,1,2,2,1,37,7,-1,-1,-1,-1,4,E01004331,0,1
2024411460313,2024,411460313,1,19,-1,-1,7,1,3,-1,0,0,0,0,0,0,1,9,-1,6,3,-1,-1,-1,-1,-1,-1,-1,-1,0,-1
2024302400499,2024,302400499,2,1,0,18,19,5,1,0,0,0,1,0,1,0,3,1,1,1,1,43,7,-1,-1,-1,-1,1,E01013568,0,1
2024501468996,2024,501468996,1,9,0,-1,19,5,1,-1,0,0,0,0,0,0,1,2,-1,6,1,36,7,-1,-1,-1,-1,-1,-1,0,-1
2024501522785,2024,501522785,2,1,0,-1,9,2,1,-1,0,1,0,0,0,0,3,1,-1,9,1,30,6,-1,-1,-1,-1,4,E01015147,0,1
2024440160190,2024,440160190,2,1,0,9,9,4,6,0,0,8,0,0,0,0,4,1,4,7,1,14,3,-1,-1,-1,-1,5,E01017028,0,1
2024991407870,2024,991407870,1,9,0,-1,9,3,1,-1,0,6,0,0,0,0,1,1,-1,1,1,41,7,-1,-1,-1,-1,2,-1,0,4
2024991485832,2024,991485832,1,9,0,-1,13,5,1,-1,0,0,1,0,0,0,1,1,-1,9,1,17,4,-1,-1,-1,-1,10,-1,0,3
2024440272535,2024,440272535,2,9,0,7,7,8,3,0,0,3,0,0,0,0,0,1,6,6,3,-1,-1,-1,-1,-1,-1,-1,-1,0,-1