collision_index,collision_year,collision_ref_no,vehicle_reference,vehicle_type,towing_and_articulation,vehicle_manoeuvre_historic,vehicle_manoeuvre,vehicle_direction_from,vehicle_direction_to,vehicle_location_restricted_lane_historic,vehicle_location_restricted_lane,junction_location,skidding_and_overturning,hit_object_in_carriageway,vehicle_leaving_carriageway,hit_object_off_carriageway,first_point_of_impact,vehicle_left_hand_drive,journey_purpose_of_driver_historic,journey_purpose_of_driver,sex_of_driver,age_of_driver,age_band_of_driver,engine_capacity_cc,propulsion_code,age_of_vehicle,generic_make_model,driver_imd_decile,lsoa_of_driver,escooter_flag,driver_distance_banding
2024131488263,2024,131488263,4,9,0,-1,3,7,3,-1,0,1,0,0,0,0,3,1,-1,6,2,26,6,-1,-1,-1,-1,3,E01011257,0,1
2024070826182,2024,070826182,2,1,0,-1,19,3,7,-1,0,3,0,0,0,0,3,1,-1,1,1,41,7,-1,-1,-1,-1,-1,-1,0,-1
2024010496866,2024,010496866,2,9,0,99,99,9,9,99,99,9,9,99,9,99,9,9,6,6,3,-1,-1,-1,-1,-1,-1,-1,-1,0,-1
2024010514052,2024,010514052,1,9,0,99,99,9,9,99,99,9,9,99,9,99,4,1,6,6,3,-1,-1,-1,-1,-1,-1,-1,-1,0,-1
2024052402689,2024,052402689,2,1,0,18,19,8,4,0,0,1,0,0,0,0,3,1,6,6,1,10,2,-1,-1,-1,-1,1,E01007055,0,1
2024302400131,2024,302400131,2,9,0,18,19,6,1,0,0,8,0,0,0,0,1,1,2,2,2,38,7,-1,-1,-1,-1,5,E01013595,0,2
2024061505706,2024,061505706,2,1,0,-1,19,5,1,-1,0,2,0,0,0,0,1,1,-1,9,1,24,5,-1,-1,-1,-1,1,E01005190,0,1
2024471472928,2024,471472928,3,9,0,-1,10,4,2,-1,0,5,0,0,0,0,2,1,-1,2,1,49,8,-1,-1,-1,-1,8,E01021163,0,3
2024430308730,2024,430308730,2,19,0,18,19,2,6,0,0,1,0,0,0,0,1,1,6,6,1,34,6,-1,-1,-1,-1,9,E01028610,0,2
2024440390499,2024,440390499,2,1,0,14,14,7,3,0,0,8,0,8,0,0,1,1,6,6,2,44,7,-1,-1,-1,-1,4,E01017123,0,1
2024531475839,2024,531475839,1,9,0,-1,13,5,1,-1,0,0,1,0,7,1,1,1,-1,9,1,28,6,-1,-1,-1,-1,6,E01017710,0,4
2024131422950,2024,131422950,1,9,0,-1,-1,-1,-1,-1,-1,-1,-1,-1,-1,0,-1,1,-1,6,3,-1,-1,-1,-1,-1,-1,-1,-1,0,-1
2024201498418,2024,201498418,2,1,0,-1,19,8,4,-1,0,8,0,0,0,0,1,1,-1,6,1,19,4,-1,-1,-1,-1,1,E01009363,0,1
2024010488151,2024,010488151,1,9,0,9,9,1,7,0,0,5,0,0,0,0,3,1,6,6,2,32,6,-1,-1,-1,-1,3,E01000024,0,1
2024440026602,2024,440026602,1,-1,0,18,19,1,5,0,0,8,0,0,0,0,1,1,6,6,1,24,5,-1,-1,-1,-1,3,E01017194,1,1
2024061505154,2024,061505154,2,9,0,-1,8,-1,-1,-1,0,1,0,0,0,0,1,1,-1,6,3,-1,-1,-1,-1,-1,-1,-1,-1,0,-1
202417M111124,2024,17M111124,2,9,0,-1,7,5,7,-1,0,8,0,0,0,0,4,1,-1,6,1,-1,-1,-1,-1,-1,-1,-1,-1,0,-1
2024622400329,2024,622400329,1,9,0,18,19,3,7,0,0,1,0,0,0,0,1,1,6,6,2,78,11,-1,-1,-1,-1,10,W01001728,0,1
2024010512037,2024,010512037,1,9,0,1,1,6,2,0,0,0,0,0,0,0,4,1,6,6,1,69,10,-1,-1,-1,-1,5,E01002660,0,1
2024111534996,2024,111534996,2,1,0,-1,19,5,1,-1,5,0,0,0,0,0,1,1,-1,9,1,16,4,-1,-1,-1,-1,1,E01012359,0,1
2024010527111,2024,010527111,2,1,0,13,13,1,5,0,0,0,0,0,0,0,4,1,2,2,1,50,8,-1,-1,-1,-1,3,E01035644,0,1
2024010550783,2024,010550783,1,9,9,99,99,9,9,99,99,9,9,99,9,99,9,1,6,6,3,-1,-1,-1,-1,-1,-1,-1,-1,0,-1
2024010545395,2024,010545395,2,9,0,18,19,1,5,0,0,8,0,0,0,0,1,1,6,6,1,28,6,-1,-1,-1,-1,6,E01035711,0,1
2024552400482,2024,552400482,2,9,0,9,9,3,1,0,0,5,0,0,0,0,3,1,6,6,2,34,6,-1,-1,-1,-1,6,E01015440,0,1
2024031458136,2024,031458136,2,9,0,-1,9,3,1,-1,0,1,0,0,0,0,1,1,-1,9,1,66,10,-1,-1,-1,-1,-1,-1,0,-1
2024201522700,2024,201522700,1,9,0,-1,19,3,7,-1,0,8,0,0,0,0,1,9,-1,6,2,-1,-1,-1,-1,-1,-1,-1,-1,0,-1
2024552400985,2024,552400985,1,9,0,4,4,8,4,0,0,0,0,0,0,0,1,1,6,6,1,35,6,-1,-1,-1,-1,7,E01020492,0,3
2024061480294,2024,061480294,2,9,0,-1,19,5,1,-1,0,8,0,0,0,0,3,2,-1,9,1,40,7,-1,-1,-1,-1,7,E01005691,0,1
2024010490212,2024,010490212,1,9,0,4,4,5,1,0,0,0,0,0,0,0,2,1,6,6,1,45,7,-1,-1,-1,-1,2,E01001458,0,1
2024221535451,2024,221535451,1,19,0,-1,19,1,3,-1,0,8,0,0,0,0,1,9,-1,6,1,28,6,-1,-1,-1,-1,5,E01022250,0,4
2024552401010,2024,552401010,1,9,0,18,19,6,2,0,0,8,0,0,0,0,4,1,6,6,3,-1,-1,-1,-1,-1,-1,-1,-1,0,-1
2024501409035,2024,501409035,1,9,0,-1,19,3,5,-1,0,1,0,0,0,0,1,1,-1,6,1,27,6,-1,-1,-1,-1,4,E01018929,0,4
2024010550413,2024,010550413,1,9,0,99,99,9,9,99,99,0,9,99,9,99,1,1,6,6,3,-1,-1,-1,-1,-1,-1,-1,-1,0,-1
2024231489500,2024,231489500,2,9,0,-1,19,1,4,-1,0,0,0,0,0,0,0,9,-1,6,-1,45,7,-1,-1,-1,-1,-1,-1,0,-1
2024010502859,2024,010502859,1,9,0,3,3,7,3,0,0,1,0,8,0,0,4,1,2,2,1,38,7,-1,-1,-1,-1,3,E01004260,0,1
2024010535588,2024,010535588,1,9,9,99,99,9,9,0,0,4,0,99,0,0,9,9,6,6,3,38,7,-1,-1,-1,-1,3,E01003611,0,1
2024440260195,2024,440260195,1,3,0,17,19,4,1,0,0,0,0,0,0,0,3,1,2,2,1,22,5,-1,-1,-1,-1,4,E01022723,0,1
2024010537324,2024,010537324,2,-1,0,16,19,8,4,0,0,0,5,0,0,0,1,1,6,6,1,26,6,-1,-1,-1,-1,4,E01031344,1,4
2024311522102,2024,311522102,1,1,0,-1,19,2,6,-1,0,1,0,0,0,0,1,1,-1,2,1,40,7,-1,-1,-1,-1,9,E01028178,0,2
2024440202829,2024,440202829,2,9,0,7,7,2,4,0,0,6,0,0,0,0,3,1,1,1,1,43,7,-1,-1,-1,-1,5,E01022520,0,1
2024161452560,2024,161452560,1,1,0,-1,19,8,4,-1,0,0,0,0,0,0,3,1,-1,2,1,41,7,-1,-1,-1,-1,2,E01013002,0,1
2024061478615,2024,061478615,1,1,0,-1,19,3,7,-1,0,8,0,0,0,0,3,1,-1,6,1,33,6,-1,-1,-1,-1,6,E01005936,0,1
2024010500325,2024,010500325,2,9,0,7,7,8,2,0,0,6,0,0,0,0,1,1,3,7,1,84,11,-1,-1,-1,-1,3,E01021806,0,1
2024010500909,2024,010500909,2,9,9,16,19,3,5,0,0,7,9,0,9,0,1,9,6,6,3,-1,-1,-1,-1,-1,-1,-1,-1,0,-1
2024010493853,2024,010493853,1,3,0,99,99,9,9,99,99,9,9,99,9,99,9,1,1,1,1,24,5,-1,-1,-1,-1,5,E01004468,0,1
2024010544134,2024,010544134,1,9,0,99,99,9,9,0,0,0,0,0,0,0,9,1,2,2,1,67,10,-1,-1,-1,-1,-1,-1,0,-1
2024010529591,2024,010529591,1,9,0,7,7,8,1,0,0,1,0,0,0,0,1,1,1,1,1,55,8,-1,-1,-1,-1,4,E01024296,0,4
2024010491508,2024,010491508,1,9,0,16,19,1,5,0,0,8,0,0,1,10,1,1,6,6,1,29,6,-1,-1,-1,-1,5,E01004737,0,4
2024010495256,2024,010495256,1,1,9,99,99,9,9,0,0,8,1,99,0,0,9,1,6,6,1,36,7,-1,-1,-1,-1,6,E01004353,0,1
2024052402614,2024,052402614,1,9,0,12,12,4,8,0,0,0,0,0,0,0,3,1,6,6,3,-1,-1,-1,-1,-1,-1,-1,-1,0,-1
2024351510870,2024,351510870,2,19,-1,-1,10,-1,-1,-1,0,8,0,0,0,0,1,9,-1,6,1,-1,-1,-1,-1,-1,-1,-1,-1,0,-1
2024010497986,2024,010497986,1,1,9,99,99,9,9,99,99,1,9,99,9,99,9,1,6,6,1,21,5,-1,-1,-1,-1,3,E01004710,0,1
2024010524176,2024,010524176,2,1,9,99,99,9,9,99,99,9,9,99,9,99,1,1,6,6,2,-1,-1,-1,-1,-1,-1,-1,-1,0,-1
2024010507005,2024,010507005,1,1,9,99,99,9,9,99,99,0,9,99,9,99,2,1,1,1,1,18,4,-1,-1,-1,-1,3,E01004720,0,1
2024311546397,2024,311546397,2,1,0,-1,19,6,2,-1,0,8,0,0,0,0,1,1,-1,6,1,44,7,-1,-1,-1,-1,10,E01035509,0,1
2024010493347,2024,010493347,2,1,0,18,19,7,3,0,0,1,0,0,0,0,1,1,6,6,1,20,4,-1,-1,-1,-1,4,E01002596,0,2
2024141513439,2024,141513439,1,9,0,-1,19,1,5,-1,0,0,0,0,0,0,4,1,-1,9,1,69,10,-1,-1,-1,-1,1,E01007534,0,1
2024010520005,2024,010520005,1,9,9,99,99,9,9,99,99,9,9,99,9,99,9,9,6,6,3,-1,-1,-1,-1,-1,-1,-1,-1,0,-1
2024010499762,2024,010499762,2,9,0,99,99,9,9,99,99,9,9,99,9,99,1,9,6,6,3,-1,-1,-1,-1,-1,-1,5,E01003714,0,1
2024010550264,2024,010550264,1,9,0,11,11,6,2,0,0,8,0,0,0,0,3,1,1,1,1,22,5,-1,-1,-1,-1,4,E01000637,0,3
2024201458757,2024,201458757,1,-1,0,-1,19,1,5,-1,0,0,0,0,0,0,0,1,-1,6,1,15,3,-1,-1,-1,-1,-1,-1,1,-1
2024451407447,2024,451407447,1,1,0,-1,19,1,3,-1,9,8,0,0,0,0,0,1,-1,2,1,37,7,-1,-1,-1,-1,9,E01030340,0,1
2024430112166,2024,430112166,1,9,0,9,9,2,8,0,0,6,0,0,0,0,1,1,6,6,1,20,4,-1,-1,-1,-1,6,E01017929,0,1
2024461462925,2024,461462925,2,1,0,-1,3,5,1,-1,0,0,1,0,0,0,1,1,-1,2,1,42,7,-1,-1,-1,-1,8,E01033088,0,1
2024991487574,2024,991487574,1,19,0,-1,19,8,8,-1,9,0,0,0,1,0,1,1,-1,6,1,60,9,-1,-1,-1,-1,8,-1,0,4
2024440079886,2024,440079886,2,22,0,18,19,3,7,0,0,8,0,0,0,0,4,1,6,6,1,70,10,-1,-1,-1,-1,1,E01022933,0,1
2024231506344,2024,231506344,2,9,0,-1,3,2,6,-1,0,1,0,0,0,0,2,9,-1,9,2,29,6,-1,-1,-1,-1,10,E01031201,0,2
2024520500411,2024,520500411,1,1,0,18,19,1,5,0,0,8,0,0,0,0,1,1,6,6,1,68,10,-1,-1,-1,-1,10,E01029115,0,1
2024320686032,2024,320686032,1,9,0,13,13,6,2,0,0,0,0,0,0,0,4,1,6,6,1,55,8,-1,-1,-1,-1,-1,-1,0,-1
2024302400051,2024,302400051,1,19,0,18,19,1,5,0,0,0,0,0,0,0,3,1,1,1,1,30,6,-1,-1,-1,-1,-1,-1,0,-1
2024201467305,2024,201467305,2,9,0,-1,19,4,8,-1,0,4,0,0,0,0,4,1,-1,6,2,55,8,-1,-1,-1,-1,10,E01029662,0,1
2024010533180,2024,010533180,4,9,0,2,2,0,0,0,0,0,0,4,0,0,2,1,6,6,3,-1,-1,-1,-1,-1,-1,-1,-1,0,-1
2024211483112,2024,211483112,1,9,0,-1,5,1,5,-1,0,1,0,0,1,3,1,1,-1,6,1,16,4,-1,-1,-1,-1,-1,-1,0,-1
2024302400578,2024,302400578,5,9,0,5,5,3,7,0,0,0,0,0,0,0,0,1,6,6,3,-1,-1,-1,-1,-1,-1,5,E01019456,0,3
2024471518083,2024,471518083,1,9,0,-1,19,1,5,-1,0,8,0,0,0,0,1,9,-1,6,1,61,9,-1,-1,-1,-1,9,E01031823,0,1
2024332400824,2024,332400824,1,1,0,-1,19,3,7,-1,0,8,0,0,0,0,4,1,-1,9,1,33,6,-1,-1,-1,-1,8,E01025611,0,1
2024991411245,2024,991411245,2,1,0,-1,4,1,7,-1,0,0,0,0,0,0,2,1,-1,6,2,46,8,-1,-1,-1,-1,-1,-1,0,-1
2024010489028,2024,010489028,1,3,0,99,99,9,9,99,99,9,9,99,9,99,9,1,1,1,1,37,7,-1,-1,-1,-1,4,E01003565,0,1
2024141510029,2024,141510029,1,1,0,-1,7,3,7,-1,0,4,2,0,0,0,2,1,-1,6,1,29,6,-1,-1,-1,-1,9,E01007951,0,1
2024411532262,2024,411532262,2,1,0,-1,19,2,5,-1,0,1,0,0,0,0,3,1,-1,6,1,29,6,-1,-1,-1,-1,6,E01023344,0,1
202454E389524,2024,54E389524,1,9,0,5,5,5,1,0,0,6,0,0,0,0,2,1,1,1,2,17,4,-1,-1,-1,-1,5,E01032081,0,1
2024610014824,2024,610014824,1,9,0,18,19,8,4,0,0,4,0,0,0,0,1,1,6,6,1,26,6,-1,-1,-1,-1,5,W01002030,0,3
2024451483979,2024,451483979,3,9,0,-1,19,7,3,-1,0,0,0,0,0,0,1,1,-1,9,1,52,8,-1,-1,-1,-1,7,E01024721,0,4
2024061501195,2024,061501195,2,1,0,-1,-1,-1,-1,-1,-1,-1,-1,-1,-1,0,-1,1,-1,6,1,10,2,-1,-1,-1,-1,7,E01005393,0,1
2024991438030,2024,991438030,2,1,0,-1,19,1,6,-1,9,0,0,0,1,0,1,1,-1,6,1,47,8,-1,-1,-1,-1,-1,-1,0,-1
2024201491623,2024,201491623,2,1,0,-1,19,5,1,-1,0,1,0,0,0,0,1,1,-1,1,1,29,6,-1,-1,-1,-1,3,E01008950,0,1
2024991509300,2024,991509300,2,1,0,-1,19,7,4,-1,0,1,5,0,0,0,4,1,-1,6,1,29,6,-1,-1,-1,-1,-1,-1,0,-1
2024351536301,2024,351536301,2,-1,0,-1,19,5,2,-1,0,8,0,0,0,0,4,1,-1,2,1,29,6,-1,-1,-1,-1,9,E01017988,1,1
2024061507424,2024,061507424,2,9,0,-1,7,-1,-1,-1,0,1,0,11,0,0,4,1,-1,6,3,-1,-1,-1,-1,-1,-1,-1,-1,0,-1
2024340NN4252,2024,340NN4252,2,23,0,-1,3,5,1,-1,0,0,0,0,0,0,1,1,-1,6,1,67,10,-1,-1,-1,-1,-1,-1,0,-1
2024201511605,2024,201511605,2,9,0,-1,19,1,5,-1,0,8,0,0,0,0,0,1,-1,6,2,49,8,-1,-1,-1,-1,3,E01009045,0,1
2024010497401,2024,010497401,1,9,0,99,99,9,9,99,99,9,9,99,9,99,1,9,6,6,3,40,7,-1,-1,-1,-1,10,E01003423,0,1
2024010534488,2024,010534488,1,9,0,18,19,1,5,9,9,0,1,0,1,11,1,1,6,6,1,30,6,-1,-1,-1,-1,4,E01004066,0,2
2024201516244,2024,201516244,1,9,9,-1,19,1,5,-1,99,0,0,99,9,0,1,9,-1,6,3,-1,-1,-1,-1,-1,-1,-1,-1,0,-1
2024622400476,2024,622400476,1,9,0,18,19,8,4,0,0,0,1,0,1,9,1,1,6,6,1,34,6,-1,-1,-1,-1,10,W01001106,0,4
2024141481933,2024,141481933,3,9,0,-1,19,8,4,-1,0,1,0,0,1,0,1,1,-1,9,1,47,8,-1,-1,-1,-1,5,E01033260,0,2
2024340WN1242,2024,340WN1242,2,9,0,-1,19,1,5,-1,0,0,0,0,0,0,3,1,-1,2,1,28,6,-1,-1,-1,-1,5,E01003022,0,5
2024010524746,2024,010524746,1,19,9,99,99,9,9,99,99,9,9,99,9,99,9,9,6,6,3,-1,-1,-1,-1,-1,-1,-1,-1,0,-1
2024451396105,2024,451396105,1,1,0,-1,19,1,5,-1,0,8,1,0,0,0,1,1,-1,9,1,59,9,-1,-1,-1,-1,7,E01030708,0,2
2024010519451,2024,010519451,1,1,0,18,19,3,7,0,0,1,0,0,0,0,1,1,6,6,1,14,3,-1,-1,-1,-1,10,E01004707,0,1
2024211492563,2024,211492563,1,9,0,-1,19,1,3,-1,0,0,0,0,0,0,1,9,-1,6,1,-1,-1,-1,-1,-1,-1,-1,-1,0,-1
2024421455476,2024,421455476,2,9,0,-1,19,4,8,-1,0,1,0,0,0,0,1,1,-1,6,1,60,9,-1,-1,-1,-1,2,E01022055,0,1
2024010524998,2024,010524998,1,9,0,18,19,5,1,0,0,0,0,4,0,0,1,1,6,6,1,23,5,-1,-1,-1,-1,-1,-1,0,-1
2024010525362,2024,010525362,2,1,0,18,19,7,3,0,0,8,0,0,0,0,2,1,6,6,1,39,7,-1,-1,-1,-1,9,E01023882,0,1
2024501470632,2024,501470632,1,9,0,-1,19,8,4,-1,0,0,5,4,0,0,4,9,-1,6,1,74,10,-1,-1,-1,-1,5,E01018975,0,1
2024221473254,2024,221473254,2,1,0,-1,19,5,1,-1,0,8,0,0,0,0,1,1,-1,6,1,38,7,-1,-1,-1,-1,2,E01032464,0,1
202454F046224,2024,54F046224,1,9,0,16,19,5,8,0,0,8,1,0,7,4,1,1,6,6,1,20,4,-1,-1,-1,-1,9,E01029031,0,3
2024320193024,2024,320193024,2,1,0,-1,-1,4,1,0,0,0,5,0,0,0,2,1,6,6,1,25,5,-1,-1,-1,-1,5,E01032995,0,1
2024201535893,2024,201535893,1,9,0,-1,5,7,3,-1,0,4,0,0,0,0,1,9,-1,6,3,-1,-1,-1,-1,-1,-1,-1,-1,0,-1
2024461470224,2024,461470224,2,9,0,-1,19,8,4,-1,0,0,0,0,0,0,1,1,-1,6,2,53,8,-1,-1,-1,-1,4,E01001061,0,4
2024451429814,2024,451429814,2,9,0,-1,19,3,7,-1,0,1,0,0,0,0,1,2,-1,1,2,28,6,-1,-1,-1,-1,8,E01030302,0,1
2024461399652,2024,461399652,1,21,1,-1,12,6,2,-1,0,0,0,0,0,0,3,9,-1,1,1,28,6,-1,-1,-1,-1,-1,-1,0,-1
2024141497804,2024,141497804,1,9,0,-1,-1,-1,-1,-1,-1,0,-1,-1,-1,0,-1,9,-1,6,1,60,9,-1,-1,-1,-1,6,E01007753,0,1
2024010519627,2024,010519627,2,1,0,4,4,8,4,0,0,1,0,0,0,0,1,1,6,6,1,25,5,-1,-1,-1,-1,3,E01004251,0,2
2024161474274,2024,161474274,1,97,0,-1,8,2,4,-1,0,0,0,0,0,0,2,1,-1,6,1,33,6,-1,-1,-1,-1,1,E01012864,0,2
2024131517456,2024,131517456,1,1,0,-1,19,1,5,-1,5,1,5,0,1,0,1,1,-1,6,1,41,7,-1,-1,-1,-1,3,E01011258,0,1
2024371429535,2024,371429535,1,98,0,-1,19,8,4,-1,0,2,0,0,0,0,4,9,-1,6,3,-1,-1,-1,-1,-1,-1,-1,-1,0,-1
2024010516336,2024,010516336,2,9,0,99,99,9,9,99,99,9,9,99,9,99,9,9,6,6,3,-1,-1,-1,-1,-1,-1,-1,-1,0,-1
2024320484683,2024,320484683,1,9,0,-1,-1,6,2,0,0,2,0,0,0,0,1,1,6,6,3,-1,-1,-1,-1,-1,-1,-1,-1,0,-1
2024010494383,2024,010494383,1,9,0,99,99,9,9,99,99,9,9,99,9,99,1,9,1,1,2,30,6,-1,-1,-1,-1,9,E01015405,0,5
2024302400885,2024,302400885,3,9,0,3,3,1,5,0,0,8,0,0,0,0,2,1,6,6,2,36,7,-1,-1,-1,-1,6,E01019477,0,2
2024131493898,2024,131493898,1,9,0,-1,2,0,0,-1,0,0,0,0,0,0,4,1,-1,6,2,38,7,-1,-1,-1,-1,9,E01011189,0,1
2024430161232,2024,430161232,2,9,0,4,4,5,1,0,0,0,0,0,0,0,2,1,6,6,2,22,5,-1,-1,-1,-1,9,E01030646,0,4
2024010537861,2024,010537861,2,1,0,18,19,1,5,0,0,0,0,8,1,10,3,1,2,2,1,33,6,-1,-1,-1,-1,-1,-1,0,-1
2024010536769,2024,010536769,1,9,0,11,11,3,7,0,0,0,0,0,0,0,4,1,1,1,1,48,8,-1,-1,-1,-1,5,E01018728,0,5
2024991466178,2024,991466178,1,9,0,-1,19,8,4,-1,0,0,0,0,0,0,1,9,-1,6,1,30,6,-1,-1,-1,-1,-1,-1,0,-1
2024010489024,2024,010489024,2,9,0,18,19,3,7,0,0,2,0,0,0,0,1,1,6,6,3,-1,-1,-1,-1,-1,-1,-1,-1,0,-1
2024010549096,2024,010549096,2,1,0,16,19,5,1,0,0,1,0,0,0,0,0,1,6,6,1,52,8,-1,-1,-1,-1,7,E01004695,0,1
2024010544495,2024,010544495,2,1,9,99,99,9,9,99,99,9,9,99,9,99,1,1,6,6,3,-1,-1,-1,-1,-1,-1,-1,-1,0,-1
2024061492265,2024,061492265,1,1,0,-1,19,7,3,-1,0,6,0,0,0,0,1,1,-1,6,1,23,5,-1,-1,-1,-1,-1,-1,0,-1
2024010512307,2024,010512307,2,1,0,7,7,1,3,0,0,0,0,0,0,0,3,1,2,2,1,45,7,-1,-1,-1,-1,6,E01003951,0,1
2024070346132,2024,070346132,1,9,0,18,19,4,8,0,0,1,0,0,0,0,3,1,6,6,1,-1,-1,-1,-1,-1,-1,-1,-1,0,-1
2024471488292,2024,471488292,3,9,0,-1,19,3,7,-1,0,0,0,0,0,0,0,9,-1,6,-1,-1,-1,-1,-1,-1,-1,-1,-1,0,-1
2024351508474,2024,351508474,1,9,0,-1,10,2,8,-1,0,1,0,0,0,0,2,1,-1,6,2,21,5,-1,-1,-1,-1,9,E01026337,0,3
2024010489419,2024,010489419,2,9,0,18,19,5,1,0,0,0,0,0,0,0,1,1,6,6,2,24,5,-1,-1,-1,-1,2,E01001193,0,1
2024041437141,2024,041437141,1,9,0,-1,19,5,1,-1,0,0,0,0,4,0,3,1,-1,9,1,56,9,-1,-1,-1,-1,5,E01006160,0,4
2024430563502,2024,430563502,1,4,0,16,19,3,6,0,0,0,0,0,0,0,4,1,6,6,3,-1,-1,-1,-1,-1,-1,-1,-1,0,-1
2024411407569,2024,411407569,1,9,0,-1,4,1,5,-1,0,0,0,0,4,0,2,9,-1,1,2,38,7,-1,-1,-1,-1,5,E01033916,0,4
2024201434440,2024,201434440,1,9,0,-1,19,3,7,-1,0,0,0,0,0,0,1,9,-1,6,3,-1,-1,-1,-1,-1,-1,-1,-1,0,-1
2024141457500,2024,141457500,1,9,0,-1,2,0,0,-1,0,0,0,0,0,0,2,1,-1,6,3,-1,-1,-1,-1,-1,-1,-1,-1,0,-1
2024010518902,2024,010518902,1,1,0,18,19,1,5,0,0,8,0,0,0,0,4,1,1,1,1,35,6,-1,-1,-1,-1,5,E01033099,0,1
2024411484540,2024,411484540,2,9,-1,-1,-1,-1,-1,-1,-1,4,-1,-1,-1,0,-1,9,-1,6,3,-1,-1,-1,-1,-1,-1,-1,-1,0,-1
2024061480224,2024,061480224,2,9,0,-1,12,-1,-1,-1,0,9,0,0,0,0,9,1,-1,6,3,-1,-1,-1,-1,-1,-1,-1,-1,0,-1
2024010547985,2024,010547985,1,1,9,99,99,9,9,99,99,0,9,99,9,99,2,1,6,6,1,42,7,-1,-1,-1,-1,2,E01003551,0,2
2024010513844,2024,010513844,1,97,0,18,19,5,1,0,0,8,0,0,0,0,4,1,1,1,3,23,5,-1,-1,-1,-1,-1,-1,0,-1
2024061509080,2024,061509080,2,1,0,-1,19,5,1,-1,0,8,5,0,0,0,3,1,-1,9,1,66,10,-1,-1,-1,-1,-1,-1,0,-1
2024010508376,2024,010508376,1,9,9,99,99,9,9,99,99,0,9,99,9,99,9,1,6,6,3,-1,-1,-1,-1,-1,-1,-1,-1,0,-1
2024201515322,2024,201515322,1,9,0,-1,12,7,2,-1,0,0,0,0,0,0,1,1,-1,1,1,21,5,-1,-1,-1,-1,10,E01009666,0,1
2024131461004,2024,131461004,2,1,0,-1,19,5,1,-1,0,8,0,0,1,0,1,1,-1,6,1,20,4,-1,-1,-1,-1,3,E01010825,0,1
2024461521972,2024,461521972,1,98,0,-1,19,7,1,-1,0,0,0,0,0,0,3,9,-1,6,3,-1,-1,-1,-1,-1,-1,-1,-1,0,-1
2024610036224,2024,610036224,2,9,0,2,2,0,0,0,0,0,0,0,0,0,3,1,6,6,1,31,6,-1,-1,-1,-1,3,W01001395,0,1
2024351463508,2024,351463508,1,9,0,-1,19,5,2,-1,0,0,1,0,7,0,3,1,-1,6,2,44,7,-1,-1,-1,-1,6,-1,0,5
2024461406375,2024,461406375,1,9,0,-1,3,7,2,-1,0,1,0,0,0,0,1,9,-1,6,3,-1,-1,-1,-1,-1,-1,-1,-1,0,-1
2024010493733,2024,010493733,1,19,0,18,19,5,1,0,0,0,0,0,0,0,1,1,1,1,1,57,9,-1,-1,-1,-1,3,E01000630,0,2
2024031427194,2024,031427194,1,9,0,-1,9,7,3,-1,0,1,0,0,0,0,1,9,-1,6,1,50,8,-1,-1,-1,-1,-1,-1,0,-1
2024010509646,2024,010509646,2,1,0,15,15,5,1,0,0,8,0,8,0,0,1,1,6,6,1,24,5,-1,-1,-1,-1,4,E01003529,0,1
2024991456131,2024,991456131,1,1,0,-1,19,3,7,-1,0,1,5,0,0,0,1,1,-1,9,1,6,2,-1,-1,-1,-1,5,-1,0,1
2024481503960,2024,481503960,2,1,0,-1,19,3,7,-1,0,1,0,0,0,0,1,1,-1,9,1,28,6,-1,-1,-1,-1,-1,-1,0,-1
2024010537183,2024,010537183,2,1,9,99,99,9,9,99,99,1,9,99,9,99,9,1,6,6,1,12,3,-1,-1,-1,-1,4,E01004642,0,1
2024010494965,2024,010494965,2,1,0,3,3,7,3,0,0,2,0,0,0,0,2,1,2,2,1,42,7,-1,-1,-1,-1,3,E01003124,0,1
2024540892224,2024,540892224,2,9,0,2,2,0,0,0,0,0,0,0,0,0,2,1,6,6,1,-1,-1,-1,-1,-1,-1,-1,-1,0,-1
2024471450224,2024,471450224,1,1,0,-1,19,2,7,-1,0,8,0,0,0,0,9,1,-1,2,2,46,8,-1,-1,-1,-1,6,E01016872,0,1
2024451401265,2024,451401265,1,9,0,-1,19,5,1,-1,0,6,0,0,0,0,1,2,-1,1,2,57,9,-1,-1,-1,-1,10,E01030828,0,1
2024320028380,2024,320028380,1,23,0,18,19,2,6,0,0,1,2,0,0,0,0,1,6,6,1,24,5,-1,-1,-1,-1,8,E01032992,0,1
2024461513818,2024,461513818,2,1,0,-1,19,1,5,-1,0,4,5,0,0,0,4,1,-1,9,1,55,8,-1,-1,-1,-1,8,E01034990,0,4
2024461467765,2024,461467765,1,9,0,-1,19,7,3,-1,0,0,0,0,7,0,1,9,-1,6,1,60,9,-1,-1,-1,-1,1,E01020909,0,5
2024501496873,2024,501496873,1,9,0,-1,19,3,7,-1,0,0,0,0,0,0,1,1,-1,9,1,42,7,-1,-1,-1,-1,7,E01018803,0,2
2024010545623,2024,010545623,1,9,0,99,99,9,9,99,99,9,9,99,9,99,0,9,6,6,3,-1,-1,-1,-1,-1,-1,-1,-1,0,-1
2024421463614,2024,421463614,1,23,0,-1,19,7,3,-1,0,2,1,0,0,0,1,1,-1,9,1,20,4,-1,-1,-1,-1,7,E01021950,0,1
2024351501714,2024,351501714,2,9,-1,-1,19,5,1,-1,0,0,0,0,0,0,0,9,-1,6,3,-1,-1,-1,-1,-1,-1,-1,-1,0,-1
2024010488211,2024,010488211,1,9,0,99,99,9,9,99,99,9,9,99,9,99,2,9,2,2,2,48,8,-1,-1,-1,-1,6,E01002123,0,1
2024010516499,2024,010516499,1,-1,0,18,19,3,7,0,0,0,0,0,0,0,1,1,6,6,1,23,5,-1,-1,-1,-1,3,E01001491,1,1
2024201475225,2024,201475225,1,9,0,-1,19,2,6,-1,0,1,0,0,0,0,1,1,-1,6,2,20,4,-1,-1,-1,-1,-1,-1,0,-1
2024401433645,2024,401433645,1,2,0,-1,19,1,1,-1,0,0,5,0,0,0,1,1,-1,9,1,10,2,-1,-1,-1,-1,8,E01017428,0,1
2024421466382,2024,421466382,1,1,0,-1,15,2,6,-1,0,8,5,0,0,0,1,1,-1,9,1,30,6,-1,-1,-1,-1,6,E01021344,0,1