collision_index,collision_year,collision_ref_no,vehicle_reference,vehicle_type,towing_and_articulation,vehicle_manoeuvre_historic,vehicle_manoeuvre,vehicle_direction_from,vehicle_direction_to,vehicle_location_restricted_lane_historic,vehicle_location_restricted_lane,junction_location,skidding_and_overturning,hit_object_in_carriageway,vehicle_leaving_carriageway,hit_object_off_carriageway,first_point_of_impact,vehicle_left_hand_drive,journey_purpose_of_driver_historic,journey_purpose_of_driver,sex_of_driver,age_of_driver,age_band_of_driver,engine_capacity_cc,propulsion_code,age_of_vehicle,generic_make_model,driver_imd_decile,lsoa_of_driver,escooter_flag,driver_distance_banding
2024010550956,2024,010550956,1,1,0,5,5,5,1,0,0,8,5,0,0,0,1,1,6,6,1,34,6,-1,-1,-1,-1,5,E01002718,0,1
2024471452034,2024,471452034,2,9,0,-1,19,4,8,-1,0,4,0,0,0,0,1,1,-1,6,3,-1,-1,-1,-1,-1,-1,-1,-1,0,-1
2024010504507,2024,010504507,2,9,9,99,99,9,9,99,99,9,9,99,9,99,9,9,6,6,3,-1,-1,-1,-1,-1,-1,-1,-1,0,-1
2024501443937,2024,501443937,3,1,0,-1,19,5,1,-1,0,8,0,0,0,0,1,1,-1,6,1,34,6,-1,-1,-1,-1,5,E01015092,0,1
2024302400957,2024,302400957,2,9,0,2,2,0,0,0,0,0,0,0,0,0,4,1,6,6,3,-1,-1,-1,-1,-1,-1,-1,-1,0,-1
2024061419015,2024,061419015,1,23,0,-1,19,1,5,-1,0,0,0,0,1,0,1,1,-1,6,3,-1,-1,-1,-1,-1,-1,-1,-1,0,-1
2024010493370,2024,010493370,1,20,0,99,99,9,9,99,99,9,9,99,9,99,2,9,6,6,1,41,7,-1,-1,-1,-1,2,E01001331,0,3
2024010509672,2024,010509672,1,9,0,99,99,9,9,99,99,9,9,99,9,99,1,9,6,6,1,55,8,-1,-1,-1,-1,6,E01002161,0,1
2024010492861,2024,010492861,1,1,9,99,99,9,9,99,99,9,9,99,9,99,9,1,2,2,1,23,5,-1,-1,-1,-1,3,E01004267,0,2
2024010537262,2024,010537262,1,9,0,18,19,3,7,0,0,2,0,0,0,0,1,1,6,6,3,-1,-1,-1,-1,-1,-1,-1,-1,0,-1
2024010531942,2024,010531942,2,-1,0,18,19,5,1,9,9,8,0,0,0,0,1,1,6,6,1,17,4,-1,-1,-1,-1,8,E01004170,1,1
2024201499884,2024,201499884,2,1,0,-1,19,5,1,-1,9,0,1,0,0,0,0,1,-1,2,1,20,4,-1,-1,-1,-1,2,E01010270,0,1
2024101424357,2024,101424357,1,1,0,-1,19,2,7,-1,0,6,0,0,0,0,1,1,-1,9,1,16,4,-1,-1,-1,-1,1,E01008382,0,1
2024010496913,2024,010496913,2,1,0,18,19,1,5,0,0,8,5,0,0,0,2,1,2,2,2,30,6,-1,-1,-1,-1,3,E01001170,0,1
2024010499772,2024,010499772,1,1,9,99,99,9,9,99,99,9,9,99,9,99,9,1,6,6,2,52,8,-1,-1,-1,-1,9,E01003827,0,1
2024351411894,2024,351411894,1,99,0,-1,19,-1,-1,-1,0,0,0,0,0,0,1,9,-1,6,3,-1,-1,-1,-1,-1,-1,-1,-1,0,-1
2024011570196,2024,011570196,2,1,0,-1,19,1,5,-1,0,1,0,0,0,0,1,1,-1,9,2,25,5,-1,-1,-1,-1,-1,-1,0,-1
2024010488583,2024,010488583,1,3,0,18,19,3,7,0,0,1,0,0,0,0,1,1,2,2,1,44,7,-1,-1,-1,-1,5,E01004601,0,3
2024010550726,2024,010550726,2,9,0,5,5,3,7,0,0,4,0,0,0,0,1,1,2,2,1,40,7,-1,-1,-1,-1,8,E01000256,0,1
2024430528144,2024,430528144,1,5,0,5,5,1,5,0,0,0,0,4,0,0,1,1,2,2,1,37,7,-1,-1,-1,-1,10,E01028460,0,1
2024211518016,2024,211518016,1,98,0,-1,7,7,3,-1,0,8,0,0,0,0,0,1,-1,1,1,31,6,-1,-1,-1,-1,-1,-1,0,-1
2024131419991,2024,131419991,9,9,0,-1,19,3,7,-1,0,1,0,0,0,0,3,1,-1,6,1,44,7,-1,-1,-1,-1,2,E01010740,0,1
2024461451425,2024,461451425,2,20,0,-1,19,7,3,-1,0,0,0,0,0,0,1,1,-1,1,1,29,6,-1,-1,-1,-1,9,E01024814,0,2
2024010528624,2024,010528624,1,9,0,18,19,5,1,0,0,8,0,0,0,0,1,1,6,6,3,-1,-1,-1,-1,-1,-1,-1,-1,0,-1
2024211477173,2024,211477173,1,9,0,-1,19,7,4,-1,0,0,0,0,0,0,1,1,-1,1,2,51,8,-1,-1,-1,-1,-1,-1,0,-1
2024010543005,2024,010543005,1,9,9,99,99,9,9,99,99,9,9,99,9,99,9,9,6,6,3,-1,-1,-1,-1,-1,-1,-1,-1,0,-1
2024351480457,2024,351480457,1,-1,0,-1,99,-1,-1,-1,9,0,0,0,0,0,9,1,-1,6,3,-1,-1,-1,-1,-1,-1,-1,-1,1,-1
2024471468259,2024,471468259,1,9,0,-1,19,5,1,-1,0,0,0,0,0,0,1,9,-1,6,1,52,8,-1,-1,-1,-1,5,E01016898,0,1
2024221516176,2024,221516176,2,9,0,-1,19,5,1,-1,0,1,0,0,0,0,3,9,-1,6,2,55,8,-1,-1,-1,-1,1,E01032252,0,1
2024122400591,2024,122400591,2,22,0,18,19,2,6,0,0,8,0,0,0,0,4,1,6,6,1,74,10,-1,-1,-1,-1,7,E01027863,0,1
2024161471324,2024,161471324,1,90,0,-1,-1,-1,-1,-1,-1,0,-1,-1,-1,0,-1,1,-1,6,3,-1,-1,-1,-1,-1,-1,-1,-1,0,-1
2024991440098,2024,991440098,1,97,0,-1,19,2,6,-1,0,0,1,4,0,0,2,1,-1,9,1,17,4,-1,-1,-1,-1,-1,-1,0,-1
2024070694932,2024,070694932,1,1,0,-1,-1,2,6,0,0,1,0,4,0,0,1,1,6,6,1,28,6,-1,-1,-1,-1,2,E01033300,0,1
2024052402037,2024,052402037,1,9,0,18,19,8,5,0,0,1,0,0,0,0,1,1,6,6,2,-1,-1,-1,-1,-1,-1,-1,-1,0,-1
2024440050509,2024,440050509,1,9,0,18,19,1,5,0,0,2,0,0,0,0,1,1,6,6,3,-1,-1,-1,-1,-1,-1,-1,-1,0,-1
2024461395770,2024,461395770,2,9,0,-1,19,3,7,-1,0,0,1,0,0,0,1,1,-1,9,2,35,6,-1,-1,-1,-1,5,E01024571,0,1
2024430412111,2024,430412111,2,-1,-1,-1,-1,-1,-1,-1,-1,-1,-1,-1,-1,-1,-1,-1,6,6,1,-1,-1,-1,-1,-1,-1,-1,-1,0,-1
2024430012263,2024,430012263,1,9,0,3,3,2,6,0,0,2,0,0,0,0,2,1,6,6,2,32,6,-1,-1,-1,-1,10,E01016658,0,2
2024201479882,2024,201479882,2,1,0,-1,19,6,2,-1,0,0,0,0,0,0,1,1,-1,6,2,58,9,-1,-1,-1,-1,4,E01009139,0,1
2024061419157,2024,061419157,2,1,0,-1,19,8,4,-1,0,8,5,0,0,0,4,1,-1,2,1,45,7,-1,-1,-1,-1,10,E01006151,0,2
2024361526008,2024,361526008,1,9,0,-1,19,3,7,-1,0,0,0,0,0,0,4,9,-1,6,2,35,6,-1,-1,-1,-1,-1,-1,0,-1
2024631421511,2024,631421511,2,9,0,-1,4,3,1,-1,0,8,0,0,0,0,2,1,-1,9,1,56,9,-1,-1,-1,-1,4,W01000456,0,1
2024010529310,2024,010529310,2,1,0,18,19,1,5,2,2,1,0,0,0,0,4,1,6,6,1,29,6,-1,-1,-1,-1,10,E01030296,0,3
2024010505059,2024,010505059,2,9,0,99,99,9,9,99,99,9,9,99,9,99,0,9,6,6,3,-1,-1,-1,-1,-1,-1,-1,-1,0,-1
2024332400172,2024,332400172,2,9,0,-1,19,2,6,-1,0,0,0,0,0,0,3,1,-1,6,3,-1,-1,-1,-1,-1,-1,-1,-1,0,-1
2024991517086,2024,991517086,1,9,0,-1,19,7,3,-1,0,2,0,0,0,0,0,9,-1,6,1,-1,-1,-1,-1,-1,-1,-1,-1,0,-1
2024430473221,2024,430473221,2,9,0,3,3,8,4,0,0,1,0,0,0,0,4,1,6,6,2,55,8,-1,-1,-1,-1,-1,-1,0,-1
2024461444910,2024,461444910,1,90,0,-1,19,3,7,-1,0,0,0,0,7,0,1,1,-1,1,1,29,6,-1,-1,-1,-1,3,E01024352,0,4
2024010526084,2024,010526084,2,9,0,99,99,9,9,99,99,9,9,99,9,99,9,9,6,6,3,-1,-1,-1,-1,-1,-1,-1,-1,0,-1
2024501409777,2024,501409777,2,1,0,-1,7,4,8,-1,0,3,0,0,7,0,2,1,-1,1,2,35,6,-1,-1,-1,-1,2,E01019074,0,1
2024201508806,2024,201508806,2,22,0,-1,19,7,3,-1,0,0,0,0,0,0,1,1,-1,6,1,52,8,-1,-1,-1,-1,1,E01009631,0,1
2024031470912,2024,031470912,1,9,0,-1,19,2,5,-1,0,0,0,0,0,0,1,1,-1,6,1,20,4,-1,-1,-1,-1,8,E01018515,0,5
2024302401485,2024,302401485,1,4,0,18,19,3,7,0,0,8,0,0,7,0,1,1,6,6,1,34,6,-1,-1,-1,-1,10,E01023379,0,5
2024141480048,2024,141480048,3,9,0,-1,2,0,0,-1,0,1,0,4,0,0,3,1,-1,6,-1,-1,-1,-1,-1,-1,-1,-1,-1,0,-1
2024302400897,2024,302400897,1,5,0,18,19,5,1,0,0,0,1,4,1,0,1,1,6,6,1,31,6,-1,-1,-1,-1,4,E01019844,0,4
2024461515680,2024,461515680,1,1,0,-1,19,5,1,-1,0,1,0,0,0,0,1,1,-1,6,1,-1,-1,-1,-1,-1,-1,-1,-1,0,-1
2024302400078,2024,302400078,1,3,0,18,19,2,6,0,0,0,0,0,4,6,4,1,6,6,1,18,4,-1,-1,-1,-1,9,E01029469,0,3
2024141458986,2024,141458986,2,1,-1,-1,13,2,6,-1,0,0,5,0,0,0,4,1,-1,6,1,35,6,-1,-1,-1,-1,2,E01007497,0,1
2024201407263,2024,201407263,3,9,0,-1,19,6,2,-1,0,8,0,0,0,0,1,9,-1,6,1,51,8,-1,-1,-1,-1,6,E01009926,0,1
2024161513455,2024,161513455,2,9,0,-1,19,2,6,-1,0,0,0,0,0,0,1,9,-1,6,3,-1,-1,-1,-1,-1,-1,-1,-1,0,-1
2024411474820,2024,411474820,1,90,0,-1,19,-1,-1,-1,0,0,0,0,0,0,0,9,-1,1,1,-1,-1,-1,-1,-1,-1,-1,-1,0,-1
2024070705396,2024,070705396,2,1,0,-1,5,8,4,-1,9,1,0,0,0,0,1,1,-1,6,1,40,7,-1,-1,-1,-1,4,E01035392,0,1
2024141531304,2024,141531304,1,-1,0,-1,19,1,6,-1,0,0,0,0,0,0,3,1,-1,6,1,39,7,-1,-1,-1,-1,2,E01007405,1,1
2024430314581,2024,430314581,2,1,0,18,19,4,8,0,0,1,0,0,0,0,1,1,6,6,1,-1,-1,-1,-1,-1,-1,8,E01016370,0,1
2024010504839,2024,010504839,1,19,0,18,19,2,6,9,9,0,0,0,1,0,1,1,6,6,3,-1,-1,-1,-1,-1,-1,-1,-1,0,-1
2024430122713,2024,430122713,1,1,0,18,19,3,7,0,0,1,0,0,0,0,4,1,4,7,2,11,3,-1,-1,-1,-1,6,E01016374,0,1
2024161395155,2024,161395155,1,1,0,-1,19,7,3,-1,0,0,0,0,0,0,4,1,-1,2,1,39,7,-1,-1,-1,-1,1,E01012787,0,1
2024522401989,2024,522401989,1,1,0,18,19,8,4,0,0,8,0,0,0,0,1,1,6,6,1,36,7,-1,-1,-1,-1,6,E01014399,0,1
2024351465710,2024,351465710,1,9,0,-1,19,7,3,-1,0,1,0,0,1,10,3,1,-1,6,2,78,11,-1,-1,-1,-1,10,E01023657,0,1
2024471460680,2024,471460680,2,1,0,-1,19,-1,-1,-1,0,4,0,0,0,0,-1,1,-1,6,2,-1,-1,-1,-1,-1,-1,9,E01031475,0,1
2024061395650,2024,061395650,2,5,0,-1,19,3,7,-1,0,1,0,0,0,0,1,1,-1,9,1,27,6,-1,-1,-1,-1,-1,-1,0,-1
2024471417902,2024,471417902,1,9,0,-1,19,1,5,-1,0,0,0,0,0,0,1,1,-1,1,1,34,6,-1,-1,-1,-1,7,E01000993,0,4
2024361489144,2024,361489144,2,1,0,-1,19,3,7,-1,0,8,2,4,0,0,1,1,-1,9,1,43,7,-1,-1,-1,-1,1,E01026687,0,4
2024302400532,2024,302400532,2,-1,0,18,19,1,5,0,0,8,0,0,0,0,3,1,6,6,1,11,3,-1,-1,-1,-1,2,E01019777,1,1
2024010514686,2024,010514686,1,1,9,99,99,9,9,99,99,9,9,99,9,99,1,1,6,6,1,-1,-1,-1,-1,-1,-1,-1,-1,0,-1
2024061456890,2024,061456890,1,19,0,-1,9,3,1,-1,0,8,0,0,0,0,3,1,-1,9,1,37,7,-1,-1,-1,-1,-1,-1,0,-1
2024430024376,2024,430024376,1,1,0,18,19,2,6,0,0,8,0,0,0,0,3,1,2,2,1,26,6,-1,-1,-1,-1,5,E01016487,0,4
2024471396149,2024,471396149,2,9,0,-1,19,6,2,-1,0,0,0,0,0,0,2,1,-1,6,1,32,6,-1,-1,-1,-1,4,E01031441,0,1
2024411463398,2024,411463398,1,9,-1,-1,4,1,5,-1,9,0,0,0,0,0,-1,9,-1,6,2,-1,-1,-1,-1,-1,-1,-1,-1,0,-1
2024010490308,2024,010490308,2,9,0,18,19,5,1,0,0,0,0,0,0,0,4,1,6,6,1,53,8,-1,-1,-1,-1,3,E01003580,0,1
2024221533957,2024,221533957,1,19,0,-1,19,4,8,-1,0,0,0,0,7,4,1,1,-1,1,1,48,8,-1,-1,-1,-1,3,E01034330,0,2
2024010529220,2024,010529220,2,1,9,99,99,9,9,99,99,9,9,99,9,99,9,1,6,6,1,23,5,-1,-1,-1,-1,-1,-1,0,-1
2024311508265,2024,311508265,2,1,0,-1,19,1,6,-1,0,1,0,0,0,0,3,1,-1,9,1,15,3,-1,-1,-1,-1,7,E01028000,0,1
2024302401453,2024,302401453,3,19,0,11,11,1,5,0,0,0,1,0,0,0,1,1,6,6,1,26,6,-1,-1,-1,-1,9,E01010248,0,4
2024421434973,2024,421434973,2,1,0,-1,14,3,7,-1,0,1,0,0,0,0,3,1,-1,6,1,57,9,-1,-1,-1,-1,5,E01015832,0,1
2024302401638,2024,302401638,2,9,0,2,2,0,0,0,0,1,0,0,0,0,0,1,6,6,3,-1,-1,-1,-1,-1,-1,5,E01019456,0,4
2024201523659,2024,201523659,1,9,0,-1,9,8,6,-1,0,5,0,0,0,0,1,9,-1,6,1,-1,-1,-1,-1,-1,-1,-1,-1,0,-1
2024011507926,2024,011507926,2,1,0,-1,19,5,1,-1,0,0,0,0,0,0,2,1,-1,6,1,24,5,-1,-1,-1,-1,-1,-1,0,-1
2024411411444,2024,411411444,2,1,0,-1,7,2,6,-1,0,3,2,0,0,0,3,1,-1,9,1,36,7,-1,-1,-1,-1,5,E01023331,0,1
2024332401056,2024,332401056,2,9,0,-1,19,3,7,-1,0,8,0,0,0,0,1,1,-1,6,3,-1,-1,-1,-1,-1,-1,-1,-1,0,-1
2024440137144,2024,440137144,2,9,0,18,19,7,3,0,0,0,1,0,0,0,1,1,6,6,1,57,9,-1,-1,-1,-1,-1,-1,0,-1
2024010514601,2024,010514601,2,9,9,99,99,9,9,99,99,9,9,99,9,99,9,9,6,6,3,-1,-1,-1,-1,-1,-1,-1,-1,0,-1
2024010491224,2024,010491224,2,9,0,18,19,1,5,0,0,1,0,7,0,0,1,1,6,6,2,42,7,-1,-1,-1,-1,2,E01000028,0,1
2024201466710,2024,201466710,1,9,0,-1,3,3,7,-1,0,0,0,0,0,0,1,9,-1,6,3,18,4,-1,-1,-1,-1,-1,-1,0,-1
2024101519201,2024,101519201,2,9,0,-1,3,6,2,-1,0,8,0,0,0,0,2,1,-1,6,2,33,6,-1,-1,-1,-1,2,E01008698,0,1
2024052401122,2024,052401122,1,9,0,18,19,3,7,0,0,0,0,0,0,0,4,1,6,6,3,-1,-1,-1,-1,-1,-1,-1,-1,0,-1
2024430595621,2024,430595621,1,9,0,5,5,1,2,0,0,3,0,0,0,0,4,1,6,6,1,51,8,-1,-1,-1,-1,7,E01016728,0,1
2024010520317,2024,010520317,1,1,9,99,99,9,9,99,99,0,9,8,9,99,9,1,1,1,1,39,7,-1,-1,-1,-1,3,E01004231,0,1
2024052400583,2024,052400583,1,8,0,5,5,3,7,0,0,0,0,0,0,0,4,1,1,1,3,-1,-1,-1,-1,-1,-1,-1,-1,0,-1
2024201432168,2024,201432168,2,9,0,-1,19,2,6,-1,0,8,0,4,0,0,3,9,-1,6,1,74,10,-1,-1,-1,-1,2,E01010244,0,1
2024991475331,2024,991475331,1,9,0,-1,19,2,6,-1,0,0,0,0,7,0,3,1,-1,6,1,85,11,-1,-1,-1,-1,4,-1,0,2
2024320506408,2024,320506408,1,9,0,-1,-1,3,7,0,0,0,0,0,0,0,4,1,6,6,3,-1,-1,-1,-1,-1,-1,-1,-1,0,-1
2024111417935,2024,111417935,1,9,0,-1,19,7,3,-1,0,8,0,0,0,0,1,1,-1,6,3,30,6,-1,-1,-1,-1,-1,-1,0,-1
2024052400435,2024,052400435,1,9,0,5,5,7,3,0,0,1,0,0,0,0,4,1,6,6,3,-1,-1,-1,-1,-1,-1,-1,-1,0,-1
2024010488325,2024,010488325,1,3,0,99,99,9,9,99,99,2,9,99,9,99,9,1,1,1,1,27,6,-1,-1,-1,-1,4,E01000639,0,1
2024231522231,2024,231522231,2,9,0,-1,19,8,4,-1,0,8,1,0,0,0,4,1,-1,1,1,19,4,-1,-1,-1,-1,10,E01031225,0,2
2024411457450,2024,411457450,1,9,0,-1,19,2,3,-1,0,8,0,0,0,0,1,1,-1,1,1,45,7,-1,-1,-1,-1,7,E01023594,0,3
2024430008339,2024,430008339,1,9,0,18,19,9,9,9,9,0,0,0,0,0,3,1,6,6,1,-1,-1,-1,-1,-1,-1,-1,-1,0,-1
2024010530865,2024,010530865,2,9,0,99,99,9,9,99,99,9,9,99,9,99,9,9,6,6,3,-1,-1,-1,-1,-1,-1,-1,-1,0,-1
2024201403712,2024,201403712,2,9,0,-1,19,4,8,-1,0,1,0,0,0,0,2,1,-1,6,1,-1,-1,-1,-1,-1,-1,-1,-1,0,-1
2024201488878,2024,201488878,1,9,0,-1,19,4,8,-1,0,0,0,0,0,0,1,9,-1,6,3,-1,-1,-1,-1,-1,-1,-1,-1,0,-1
2024010528429,2024,010528429,1,9,0,18,19,4,8,0,0,8,0,10,0,0,1,1,6,6,1,20,4,-1,-1,-1,-1,5,E01000606,0,1
2024031482009,2024,031482009,1,5,0,-1,19,4,5,-1,0,0,0,0,0,0,4,1,-1,9,1,63,9,-1,-1,-1,-1,-1,-1,0,-1
2024010487674,2024,010487674,3,9,9,99,99,9,9,99,99,0,9,99,9,99,9,9,6,6,3,-1,-1,-1,-1,-1,-1,-1,-1,0,-1
2024141488175,2024,141488175,1,1,0,-1,19,1,5,-1,0,8,0,0,0,0,4,1,-1,9,1,9,2,-1,-1,-1,-1,5,E01007613,0,2
2024311521828,2024,311521828,2,-1,0,-1,19,3,7,-1,0,0,0,0,0,0,4,1,-1,9,1,15,3,-1,-1,-1,-1,2,E01028053,1,1
2024131428753,2024,131428753,1,9,0,-1,19,1,5,-1,0,1,0,0,0,0,1,1,-1,6,1,35,6,-1,-1,-1,-1,-1,-1,0,-1
2024221517844,2024,221517844,1,19,0,-1,9,3,8,-1,0,6,0,0,0,0,3,1,-1,6,1,79,11,-1,-1,-1,-1,5,E01029670,0,3
2024131408659,2024,131408659,1,1,0,-1,19,1,5,-1,0,0,2,0,7,0,1,1,-1,9,1,60,9,-1,-1,-1,-1,8,E01011310,0,1
2024010492755,2024,010492755,2,9,0,99,99,9,9,99,99,9,9,99,9,99,1,9,6,6,3,-1,-1,-1,-1,-1,-1,-1,-1,0,-1
2024010519393,2024,010519393,1,1,9,99,99,9,9,99,99,9,9,99,9,99,9,1,2,2,1,27,6,-1,-1,-1,-1,4,E01023301,0,2
2024421492038,2024,421492038,1,9,0,-1,19,4,1,-1,0,0,0,0,0,0,1,2,-1,9,2,71,10,-1,-1,-1,-1,-1,-1,0,-1
2024010531536,2024,010531536,2,1,0,9,9,3,8,9,9,2,0,0,0,0,1,1,6,6,3,-1,-1,-1,-1,-1,-1,-1,-1,0,-1
2024010498417,2024,010498417,1,9,0,99,99,9,9,99,99,9,9,99,9,99,9,9,6,6,1,47,8,-1,-1,-1,-1,10,E01022847,0,4
2024351479124,2024,351479124,1,9,-1,-1,4,8,3,-1,0,0,0,0,0,0,-1,9,-1,6,3,-1,-1,-1,-1,-1,-1,-1,-1,0,-1
2024010505194,2024,010505194,2,9,0,99,99,9,9,99,99,9,9,99,9,99,9,9,6,6,3,-1,-1,-1,-1,-1,-1,-1,-1,0,-1
2024471495899,2024,471495899,1,98,0,-1,-1,-1,-1,-1,-1,0,-1,-1,-1,0,-1,9,-1,6,3,-1,-1,-1,-1,-1,-1,-1,-1,0,-1
2024141533712,2024,141533712,1,22,0,-1,5,1,2,-1,9,1,0,0,0,0,1,1,-1,6,3,-1,-1,-1,-1,-1,-1,-1,-1,0,-1
2024010513555,2024,010513555,2,1,0,15,15,7,3,0,0,1,0,0,0,0,1,1,6,6,1,31,6,-1,-1,-1,-1,2,E01001783,0,1
2024991484358,2024,991484358,2,1,0,-1,5,6,2,-1,0,0,0,0,0,0,1,1,-1,9,2,9,2,-1,-1,-1,-1,-1,-1,0,-1
2024421525386,2024,421525386,1,9,0,-1,12,3,7,-1,0,0,0,0,0,0,0,1,-1,6,3,18,4,-1,-1,-1,-1,-1,-1,0,-1
2024351394803,2024,351394803,3,99,0,-1,-1,-1,-1,-1,-1,-1,-1,-1,-1,0,-1,9,-1,6,3,-1,-1,-1,-1,-1,-1,-1,-1,0,-1
2024161422969,2024,161422969,1,9,0,-1,13,7,3,-1,0,8,0,0,0,0,1,1,-1,6,3,-1,-1,-1,-1,-1,-1,-1,-1,0,-1
2024010545470,2024,010545470,2,19,0,4,4,1,5,0,0,1,0,0,0,0,1,1,1,1,1,59,9,-1,-1,-1,-1,-1,-1,0,-1
2024010531226,2024,010531226,2,1,0,9,9,3,1,0,0,1,0,0,0,0,1,1,6,6,1,62,9,-1,-1,-1,-1,3,E01001468,0,1
2024430228247,2024,430228247,1,9,0,18,19,7,3,0,0,0,0,0,0,0,3,1,6,6,2,30,6,-1,-1,-1,-1,9,E01035749,0,3
2024010492330,2024,010492330,1,9,0,17,19,5,1,1,1,4,0,0,0,0,0,1,6,6,1,40,7,-1,-1,-1,-1,4,E01030634,0,4
2024351480371,2024,351480371,1,1,0,-1,-1,-1,-1,-1,0,0,-1,-1,0,0,-1,1,-1,6,3,-1,-1,-1,-1,-1,-1,-1,-1,0,-1
2024131491379,2024,131491379,2,1,0,-1,19,4,8,-1,0,8,0,0,0,0,4,1,-1,6,1,28,6,-1,-1,-1,-1,7,E01011054,0,1
2024501486621,2024,501486621,2,1,0,-1,4,1,5,-1,0,0,1,0,0,0,1,1,-1,9,1,36,7,-1,-1,-1,-1,4,E01020087,0,1
2024010495237,2024,010495237,1,9,0,18,19,3,7,0,0,1,0,0,0,0,2,1,6,6,1,40,7,-1,-1,-1,-1,10,E01033966,0,4
2024411396263,2024,411396263,2,1,0,-1,19,-1,-1,-1,0,0,0,0,0,0,1,1,-1,2,1,31,6,-1,-1,-1,-1,6,E01023855,0,1
2024430026893,2024,430026893,2,3,0,9,9,1,7,0,0,3,0,0,0,0,4,1,2,2,1,25,5,-1,-1,-1,-1,10,E01028695,0,1
2024010544491,2024,010544491,1,9,0,9,9,2,8,0,0,1,0,0,0,0,1,1,6,6,3,-1,-1,-1,-1,-1,-1,-1,-1,0,-1
2024101461772,2024,101461772,1,3,0,-1,19,5,1,-1,0,0,0,0,0,0,1,1,-1,9,1,14,3,-1,-1,-1,-1,1,E01008345,0,1
2024351495238,2024,351495238,2,1,0,-1,5,8,4,-1,0,0,5,0,0,0,1,1,-1,6,2,59,9,-1,-1,-1,-1,2,E01017977,0,1
2024520500008,2024,520500008,1,1,0,18,19,4,8,0,0,8,0,0,0,0,1,1,6,6,1,44,7,-1,-1,-1,-1,3,E01029280,0,1
2024201424122,2024,201424122,2,9,0,-1,19,2,6,-1,0,8,0,0,0,0,3,1,-1,9,1,18,4,-1,-1,-1,-1,-1,-1,0,-1
2024471528630,2024,471528630,1,9,0,-1,5,8,6,-1,0,2,0,0,0,0,-1,9,-1,6,3,-1,-1,-1,-1,-1,-1,-1,-1,0,-1
2024010531107,2024,010531107,2,1,0,18,19,3,7,0,0,8,0,0,0,0,4,1,1,1,1,22,5,-1,-1,-1,-1,3,E01000796,0,1
2024430171348,2024,430171348,2,9,0,3,3,4,8,0,0,8,0,0,0,0,2,1,6,6,1,28,6,-1,-1,-1,-1,10,E01028763,0,4
2024161527713,2024,161527713,2,9,0,-1,19,2,6,-1,0,0,0,0,0,0,1,9,-1,6,1,-1,-1,-1,-1,-1,-1,-1,-1,0,-1
2024010542531,2024,010542531,2,-1,0,18,19,1,5,0,0,1,0,0,0,0,1,1,6,6,1,42,7,-1,-1,-1,-1,4,E01003328,1,1
2024221512197,2024,221512197,2,1,0,-1,19,8,4,-1,0,0,0,0,0,0,1,1,-1,9,1,12,3,-1,-1,-1,-1,4,E01032430,0,2
2024221480717,2024,221480717,2,1,0,-1,19,8,4,-1,9,8,0,0,0,0,1,1,-1,6,1,19,4,-1,-1,-1,-1,4,E01014086,0,1
2024451410508,2024,451410508,3,9,0,-1,19,1,5,-1,0,0,0,0,0,0,2,9,-1,6,3,45,7,-1,-1,-1,-1,-1,-1,0,-1
2024141463178,2024,141463178,2,9,0,-1,19,2,4,-1,0,8,0,0,0,0,4,9,-1,6,3,-1,-1,-1,-1,-1,-1,-1,-1,0,-1
2024141397966,2024,141397966,1,1,0,-1,19,3,6,-1,0,0,5,0,0,0,1,1,-1,6,2,41,7,-1,-1,-1,-1,-1,-1,0,-1
2024010539689,2024,010539689,2,1,0,18,19,7,3,0,0,1,0,0,0,0,1,1,6,6,1,6,2,-1,-1,-1,-1,5,E01000516,0,1
2024010495196,2024,010495196,1,9,0,99,99,9,9,99,99,9,9,99,9,99,9,9,6,6,1,31,6,-1,-1,-1,-1,8,E01002452,0,1
2024010524896,2024,010524896,1,1,9,99,99,9,9,99,99,9,9,99,9,99,9,1,2,2,1,25,5,-1,-1,-1,-1,3,E01003126,0,1
2024010508304,2024,010508304,2,9,0,9,9,5,3,0,0,8,0,0,0,0,1,1,6,6,3,-1,-1,-1,-1,-1,-1,-1,-1,0,-1
2024010529649,2024,010529649,1,1,9,99,99,9,9,99,99,9,9,99,9,99,9,1,2,2,2,35,6,-1,-1,-1,-1,3,E01034391,0,1
2024010539740,2024,010539740,1,9,0,99,99,9,9,99,99,9,9,99,9,99,9,9,6,6,3,-1,-1,-1,-1,-1,-1,-1,-1,0,-1
2024010547811,2024,010547811,1,1,9,99,99,9,9,99,99,0,9,99,9,99,1,1,2,2,1,34,6,-1,-1,-1,-1,4,E01004756,0,1
2024520401223,2024,520401223,1,9,0,9,9,3,1,0,0,8,0,0,0,0,1,1,6,6,1,28,6,-1,-1,-1,-1,4,E01035115,0,1
2024052401778,2024,052401778,1,23,0,18,19,3,7,0,0,0,0,0,1,0,0,1,6,6,1,31,6,-1,-1,-1,-1,4,E01006851,0,1
2024010499227,2024,010499227,2,9,0,99,99,9,9,99,99,9,9,99,9,99,1,9,6,6,2,42,7,-1,-1,-1,-1,6,E01000920,0,1
2024041438379,2024,041438379,1,97,0,-1,19,1,5,-1,0,6,0,0,0,0,1,1,-1,9,1,33,6,-1,-1,-1,-1,2,E01025059,0,1
2024010490411,2024,010490411,1,1,0,18,19,5,1,0,0,0,0,0,2,10,1,1,1,1,1,40,7,-1,-1,-1,-1,8,E01000297,0,3
2024211411038,2024,211411038,2,1,0,-1,19,3,7,-1,0,3,0,0,0,0,4,1,-1,6,1,59,9,-1,-1,-1,-1,9,E01029739,0,1
2024481558055,2024,481558055,2,1,0,-1,19,3,7,-1,4,1,0,0,0,0,1,1,-1,2,2,32,6,-1,-1,-1,-1,-1,-1,0,-1
2024141557303,2024,141557303,3,9,0,-1,19,3,7,-1,0,0,0,0,0,0,2,9,-1,6,3,-1,-1,-1,-1,-1,-1,-1,-1,0,-1
2024010526735,2024,010526735,1,1,0,18,19,1,5,4,4,1,0,0,0,0,1,1,6,6,2,33,6,-1,-1,-1,-1,9,E01002892,0,1