collision_index,collision_year,collision_ref_no,vehicle_reference,vehicle_type,towing_and_articulation,vehicle_manoeuvre_historic,vehicle_manoeuvre,vehicle_direction_from,vehicle_direction_to,vehicle_location_restricted_lane_historic,vehicle_location_restricted_lane,junction_location,skidding_and_overturning,hit_object_in_carriageway,vehicle_leaving_carriageway,hit_object_off_carriageway,first_point_of_impact,vehicle_left_hand_drive,journey_purpose_of_driver_historic,journey_purpose_of_driver,sex_of_driver,age_of_driver,age_band_of_driver,engine_capacity_cc,propulsion_code,age_of_vehicle,generic_make_model,driver_imd_decile,lsoa_of_driver,escooter_flag,driver_distance_banding
2024041444587,2024,041444587,2,9,0,-1,19,5,1,-1,0,8,0,0,0,0,3,1,-1,9,2,59,9,-1,-1,-1,-1,1,E01025287,0,1
2024041523980,2024,041523980,2,1,0,-1,19,7,3,-1,0,1,0,0,0,0,2,1,-1,6,1,45,7,-1,-1,-1,-1,10,E01006237,0,3
2024552400416,2024,552400416,2,1,0,18,19,4,8,4,4,8,0,0,0,0,3,1,6,6,1,57,9,-1,-1,-1,-1,5,E01020364,0,1
2024010535125,2024,010535125,1,1,9,99,99,9,9,99,99,9,9,99,9,99,9,1,2,2,1,49,8,-1,-1,-1,-1,3,E01002086,0,1
2024440383306,2024,440383306,1,9,0,18,19,7,3,0,0,1,0,0,0,0,1,1,6,6,1,-1,-1,-1,-1,-1,-1,-1,-1,0,-1
2024401406340,2024,401406340,1,9,0,-1,13,1,5,-1,0,4,0,0,0,0,4,9,-1,6,3,-1,-1,-1,-1,-1,-1,-1,-1,0,-1
2024421440043,2024,421440043,1,9,0,-1,9,5,1,-1,0,0,0,0,0,0,3,9,-1,1,1,53,8,-1,-1,-1,-1,3,E01015868,0,3
2024010516549,2024,010516549,1,9,0,18,19,5,1,0,0,1,0,0,0,0,1,1,6,6,3,-1,-1,-1,-1,-1,-1,-1,-1,0,-1
2024052401334,2024,052401334,1,1,0,18,19,5,1,0,0,0,0,0,1,10,1,1,6,6,1,57,9,-1,-1,-1,-1,5,E01006375,0,4
2024201434969,2024,201434969,1,9,0,-1,5,3,1,-1,0,0,0,0,0,0,1,1,-1,6,-1,-1,-1,-1,-1,-1,-1,-1,-1,0,-1
2024440020415,2024,440020415,1,9,0,1,1,3,7,0,0,6,0,0,0,0,2,1,6,6,3,-1,-1,-1,-1,-1,-1,-1,-1,0,-1
2024111442449,2024,111442449,2,99,0,-1,19,6,2,-1,0,0,0,0,0,0,1,9,-1,6,3,30,6,-1,-1,-1,-1,-1,-1,0,-1
2024010494441,2024,010494441,1,3,0,99,99,9,9,99,99,9,9,99,9,99,1,1,1,1,1,29,6,-1,-1,-1,-1,2,E01002067,0,4
2024010506091,2024,010506091,2,9,0,13,13,1,5,0,0,1,0,0,0,0,1,1,6,6,3,-1,-1,-1,-1,-1,-1,-1,-1,0,-1
2024481437378,2024,481437378,1,1,0,-1,12,1,5,-1,5,2,0,0,0,0,1,1,-1,6,1,35,6,-1,-1,-1,-1,-1,-1,0,-1
2024010493702,2024,010493702,1,9,0,18,19,3,7,0,0,8,0,0,0,0,1,1,6,6,2,38,7,-1,-1,-1,-1,3,E01002493,0,1
2024010497271,2024,010497271,2,9,0,99,99,9,9,99,99,9,9,99,9,99,9,9,6,6,3,-1,-1,-1,-1,-1,-1,-1,-1,0,-1
2024610050324,2024,610050324,3,9,0,18,19,5,1,0,0,1,0,0,0,0,1,1,1,1,1,54,8,-1,-1,-1,-1,4,W01001384,0,4
2024010534507,2024,010534507,1,3,0,18,19,3,7,0,0,1,0,0,0,0,1,1,1,1,1,26,6,-1,-1,-1,-1,3,E01003574,0,3
2024010535135,2024,010535135,2,9,0,99,99,9,9,99,99,9,9,99,9,99,9,1,6,6,3,-1,-1,-1,-1,-1,-1,-1,-1,0,-1
2024302401150,2024,302401150,1,1,0,18,19,6,2,0,0,1,0,0,0,0,1,1,6,6,1,45,7,-1,-1,-1,-1,1,E01013456,0,1
2024010494448,2024,010494448,1,2,0,18,19,3,7,0,0,3,0,0,0,0,2,1,6,6,1,29,6,-1,-1,-1,-1,4,E01001171,0,1
2024221469663,2024,221469663,2,1,0,-1,19,1,5,-1,0,0,0,0,0,0,2,1,-1,9,1,37,7,-1,-1,-1,-1,5,E01028980,0,1
2024010494935,2024,010494935,2,9,0,5,5,0,1,8,6,2,0,0,0,0,1,1,1,1,1,65,9,-1,-1,-1,-1,3,E01003536,0,2
2024991436541,2024,991436541,1,9,0,-1,19,5,1,-1,0,0,0,0,7,0,1,1,-1,9,1,66,10,-1,-1,-1,-1,5,-1,0,5
2024351509888,2024,351509888,1,19,-1,-1,-1,-1,-1,-1,-1,-1,-1,-1,-1,0,-1,9,-1,6,3,-1,-1,-1,-1,-1,-1,-1,-1,0,-1
2024010496854,2024,010496854,2,4,0,18,19,8,4,0,0,1,0,0,0,0,1,1,6,6,1,48,8,-1,-1,-1,-1,8,E01000714,0,1
2024221504319,2024,221504319,1,9,0,-1,9,5,2,-1,0,8,0,0,0,0,1,9,-1,6,2,75,10,-1,-1,-1,-1,6,E01028971,0,2
2024311506705,2024,311506705,1,9,0,-1,19,2,7,-1,0,2,2,0,1,2,3,1,-1,9,1,18,4,-1,-1,-1,-1,6,E01028295,0,2
2024451514768,2024,451514768,1,1,0,-1,19,1,5,-1,0,3,2,0,0,0,4,1,-1,7,1,17,4,-1,-1,-1,-1,10,E01030948,0,1
2024131505114,2024,131505114,1,21,0,-1,19,2,6,-1,0,0,0,0,0,0,1,1,-1,1,1,64,9,-1,-1,-1,-1,6,E01011416,0,1
2024061464793,2024,061464793,1,1,0,-1,99,-1,-1,-1,9,0,0,0,0,0,1,1,-1,6,3,-1,-1,-1,-1,-1,-1,-1,-1,0,-1
2024010501100,2024,010501100,2,1,0,7,7,1,2,0,0,1,0,0,0,0,0,1,2,2,1,27,6,-1,-1,-1,-1,2,E01002094,0,1
2024010536910,2024,010536910,1,1,9,99,99,9,9,99,99,9,9,99,9,99,9,1,2,2,1,48,8,-1,-1,-1,-1,2,E01004732,0,1
2024421411828,2024,421411828,1,9,0,-1,19,1,5,-1,0,1,0,0,0,0,1,9,-1,6,3,-1,-1,-1,-1,-1,-1,-1,-1,0,-1
2024211441398,2024,211441398,1,9,0,-1,19,8,3,-1,0,1,0,0,0,0,1,1,-1,6,1,28,6,-1,-1,-1,-1,8,E01034098,0,3
2024061415923,2024,061415923,2,9,0,-1,19,7,3,-1,0,0,0,0,0,0,2,1,-1,9,1,82,11,-1,-1,-1,-1,-1,-1,0,-1
2024201504467,2024,201504467,2,9,0,-1,5,4,8,-1,99,0,0,0,9,0,3,9,-1,6,1,30,6,-1,-1,-1,-1,6,E01009292,0,1
2024010540314,2024,010540314,1,9,0,99,99,9,9,99,99,9,9,99,9,99,9,9,6,6,3,-1,-1,-1,-1,-1,-1,-1,-1,0,-1
2024201435113,2024,201435113,1,9,0,-1,19,7,3,-1,0,0,0,10,1,4,1,9,-1,9,2,18,4,-1,-1,-1,-1,1,E01009494,0,2
2024010511880,2024,010511880,1,1,0,18,19,1,5,0,0,6,0,0,0,0,1,1,6,6,1,-1,-1,-1,-1,-1,-1,-1,-1,0,-1
2024101453583,2024,101453583,3,9,0,-1,7,1,5,-1,0,0,0,0,0,0,0,1,-1,6,1,33,6,-1,-1,-1,-1,6,E01035613,0,4
2024161451418,2024,161451418,1,22,0,-1,3,6,8,-1,0,1,0,0,0,0,1,1,-1,6,1,86,11,-1,-1,-1,-1,9,E01034759,0,1
2024010490043,2024,010490043,1,9,0,18,19,5,1,0,0,4,0,0,0,0,2,2,2,2,1,24,5,-1,-1,-1,-1,5,E01000337,0,2
2024010512077,2024,010512077,1,1,9,18,19,3,7,0,0,1,9,0,0,0,1,1,6,6,1,-1,-1,-1,-1,-1,-1,-1,-1,0,-1
2024430095154,2024,430095154,1,1,0,18,19,7,3,0,0,8,0,0,0,0,1,1,2,2,1,40,7,-1,-1,-1,-1,5,E01016434,0,1
2024010531692,2024,010531692,2,9,0,99,99,9,9,99,99,9,9,99,9,99,1,9,6,6,3,-1,-1,-1,-1,-1,-1,-1,-1,0,-1
2024332401231,2024,332401231,1,-1,0,-1,19,7,3,-1,9,1,0,0,0,0,1,1,-1,6,1,17,4,-1,-1,-1,-1,1,E01013621,1,1
2024070931352,2024,070931352,2,9,0,-1,10,7,5,-1,0,1,0,0,0,0,2,1,-1,9,1,24,5,-1,-1,-1,-1,8,E01005697,0,4
202454C781224,2024,54C781224,3,9,0,2,2,0,0,0,0,1,0,0,0,0,2,1,6,6,3,-1,-1,-1,-1,-1,-1,-1,-1,0,-1
2024010540608,2024,010540608,2,10,0,99,99,9,9,99,99,9,9,99,9,99,9,9,6,6,1,38,7,-1,-1,-1,-1,9,E01002383,0,4
2024070480816,2024,070480816,1,9,0,7,7,3,5,0,0,4,0,0,0,0,0,1,6,6,3,-1,-1,-1,-1,-1,-1,-1,-1,0,-1
2024010526757,2024,010526757,2,1,0,18,19,1,5,0,0,1,0,0,0,0,1,1,6,6,1,13,3,-1,-1,-1,-1,3,E01000041,0,1
2024010509341,2024,010509341,1,1,9,18,19,6,2,4,4,6,9,0,0,0,1,1,2,2,2,47,8,-1,-1,-1,-1,3,E01004033,0,1
2024421421156,2024,421421156,2,9,0,-1,7,7,1,-1,0,8,0,0,1,4,2,1,-1,9,2,47,8,-1,-1,-1,-1,9,E01021937,0,2
2024031457172,2024,031457172,1,9,-1,-1,5,5,1,-1,0,1,-1,4,0,0,4,9,-1,6,3,-1,-1,-1,-1,-1,-1,-1,-1,0,-1
2024010532237,2024,010532237,2,1,9,99,99,9,9,99,99,9,9,99,9,99,1,1,6,6,3,24,5,-1,-1,-1,-1,4,E01003981,0,1
2024010495096,2024,010495096,1,9,0,99,99,9,9,99,99,9,9,99,9,99,1,9,6,6,3,-1,-1,-1,-1,-1,-1,-1,-1,0,-1
2024010506482,2024,010506482,1,97,0,99,99,9,9,99,99,9,9,99,9,99,1,1,6,6,3,-1,-1,-1,-1,-1,-1,-1,-1,0,-1
2024101500232,2024,101500232,1,98,0,-1,1,7,4,-1,0,0,0,0,0,0,2,9,-1,1,1,-1,-1,-1,-1,-1,-1,-1,-1,0,-1
2024351430013,2024,351430013,2,1,-1,-1,19,4,8,-1,0,0,0,0,0,0,1,1,-1,9,1,29,6,-1,-1,-1,-1,7,E01018279,0,3
2024010548118,2024,010548118,2,19,0,99,99,9,9,99,99,9,9,99,9,99,9,9,6,6,3,-1,-1,-1,-1,-1,-1,3,E01002185,0,3
2024010544503,2024,010544503,2,3,0,99,99,9,9,99,99,9,9,99,9,99,9,1,6,6,3,-1,-1,-1,-1,-1,-1,-1,-1,0,-1
2024010517538,2024,010517538,1,1,9,99,99,9,9,99,99,9,9,99,9,99,9,1,2,2,2,33,6,-1,-1,-1,-1,4,E01004540,0,2
2024161427700,2024,161427700,2,9,0,-1,19,1,5,-1,0,8,0,0,0,0,4,1,-1,9,1,37,7,-1,-1,-1,-1,4,E01012760,0,1
2024010488073,2024,010488073,1,1,0,7,7,5,7,0,0,2,0,0,0,0,1,1,2,2,1,53,8,-1,-1,-1,-1,7,E01004654,0,1
2024471481528,2024,471481528,2,9,0,-1,4,5,1,-1,0,1,0,0,0,0,3,1,-1,9,1,77,11,-1,-1,-1,-1,6,E01032833,0,3
2024221431743,2024,221431743,1,1,0,-1,9,4,2,-1,0,6,0,0,0,0,1,1,-1,6,1,41,7,-1,-1,-1,-1,1,E01032332,0,1
2024340WN2672,2024,340WN2672,1,9,0,-1,9,8,6,-1,0,5,0,0,0,0,1,1,-1,9,2,83,11,-1,-1,-1,-1,4,E01027225,0,1
2024421518446,2024,421518446,1,9,0,-1,19,2,4,-1,0,0,0,0,1,4,1,2,-1,2,1,50,8,-1,-1,-1,-1,-1,-1,0,-1
2024411473849,2024,411473849,2,1,0,-1,5,7,3,-1,0,0,0,0,0,0,3,1,-1,6,2,45,7,-1,-1,-1,-1,4,E01023914,0,1
2024161495668,2024,161495668,2,9,0,-1,19,6,3,-1,0,8,0,0,0,0,4,9,-1,6,2,18,4,-1,-1,-1,-1,6,E01013001,0,3
2024010494567,2024,010494567,2,98,9,99,99,9,9,99,99,9,9,99,9,99,9,9,1,1,1,38,7,-1,-1,-1,-1,7,E01030659,0,4
2024430092541,2024,430092541,2,9,0,7,7,1,3,0,0,4,0,0,0,0,3,1,6,6,2,22,5,-1,-1,-1,-1,-1,-1,0,-1
2024131522407,2024,131522407,2,9,0,-1,19,4,8,-1,0,0,0,0,0,0,1,1,-1,6,1,70,10,-1,-1,-1,-1,6,E01010927,0,1
2024041424292,2024,041424292,1,9,0,-1,19,2,8,-1,0,8,0,0,0,0,1,1,-1,9,2,54,8,-1,-1,-1,-1,3,E01025065,0,1
2024010520329,2024,010520329,5,9,0,2,2,0,0,6,6,0,0,0,0,0,3,1,6,6,3,-1,-1,-1,-1,-1,-1,-1,-1,0,-1
2024010539093,2024,010539093,1,4,9,18,19,5,1,0,0,8,1,99,0,0,1,1,6,6,1,17,4,-1,-1,-1,-1,4,E01033789,0,1
2024451469526,2024,451469526,1,9,0,-1,9,7,1,-1,0,8,1,0,0,0,3,1,-1,2,1,22,5,-1,-1,-1,-1,4,E01030709,0,4
2024311455543,2024,311455543,1,1,0,-1,19,7,3,-1,0,0,0,0,0,0,1,1,-1,6,1,14,3,-1,-1,-1,-1,5,E01028349,0,2
2024010497371,2024,010497371,1,3,0,99,99,9,9,99,99,9,9,99,9,99,9,1,1,1,3,30,6,-1,-1,-1,-1,6,E01003435,0,2
2024201522779,2024,201522779,2,3,0,-1,19,8,4,-1,0,6,0,0,0,0,1,1,-1,6,3,-1,-1,-1,-1,-1,-1,-1,-1,0,-1
2024070215448,2024,070215448,2,9,0,3,3,6,4,0,0,1,0,0,0,0,2,1,2,2,2,47,8,-1,-1,-1,-1,10,E01018676,0,3
2024010532095,2024,010532095,2,1,0,18,19,1,5,0,0,2,0,0,1,0,3,1,2,2,2,38,7,-1,-1,-1,-1,2,E01003041,0,1
2024010499974,2024,010499974,1,9,0,99,99,9,9,99,99,9,9,99,9,99,2,9,2,2,2,55,8,-1,-1,-1,-1,2,E01003350,0,1
2024501474434,2024,501474434,2,1,0,-1,99,-1,-1,-1,9,0,0,0,0,0,9,1,-1,6,1,-1,-1,-1,-1,-1,-1,10,E01020242,0,1
2024010492309,2024,010492309,1,9,0,18,19,1,5,0,0,1,0,0,0,0,1,1,2,2,2,29,6,-1,-1,-1,-1,3,E01000044,0,1
2024041507875,2024,041507875,1,1,0,-1,19,3,7,-1,0,8,0,0,0,0,4,1,-1,9,1,13,3,-1,-1,-1,-1,1,E01012637,0,1
2024052401209,2024,052401209,2,1,0,18,19,7,3,0,0,1,0,0,0,0,4,1,2,2,1,58,9,-1,-1,-1,-1,1,E01006728,0,1
2024991528397,2024,991528397,1,9,0,-1,19,3,7,-1,0,1,0,0,0,0,4,1,-1,6,1,28,6,-1,-1,-1,-1,1,-1,0,1
2024461499103,2024,461499103,1,9,0,-1,10,6,1,-1,0,2,0,0,1,0,4,1,-1,9,2,85,11,-1,-1,-1,-1,8,E01003815,0,5
2024010534526,2024,010534526,2,9,9,9,9,6,4,99,99,9,9,99,0,0,9,9,6,6,3,-1,-1,-1,-1,-1,-1,-1,-1,0,-1
2024361420866,2024,361420866,1,2,0,-1,19,3,7,-1,0,0,0,0,0,0,3,1,-1,6,3,-1,-1,-1,-1,-1,-1,-1,-1,0,-1
2024010546480,2024,010546480,2,1,0,15,15,7,3,0,0,1,0,0,0,0,1,1,1,1,1,28,6,-1,-1,-1,-1,4,E01004617,0,1
2024221480545,2024,221480545,4,9,0,-1,4,1,5,-1,0,0,0,0,0,0,4,1,-1,9,1,75,10,-1,-1,-1,-1,8,E01025935,0,4
2024010520933,2024,010520933,2,9,0,99,99,9,9,99,99,9,9,99,9,99,1,9,6,6,3,-1,-1,-1,-1,-1,-1,-1,-1,0,-1
2024351492039,2024,351492039,2,1,0,-1,15,2,6,-1,4,1,0,0,1,0,1,1,-1,6,1,47,8,-1,-1,-1,-1,7,E01018000,0,1
2024522401558,2024,522401558,2,1,0,18,19,6,2,0,0,8,0,0,0,0,9,1,6,6,1,-1,-1,-1,-1,-1,-1,-1,-1,0,-1
2024440205856,2024,440205856,1,90,0,18,19,5,1,0,0,0,0,0,0,0,1,1,6,6,1,13,3,-1,-1,-1,-1,5,E01022939,0,1
2024141512870,2024,141512870,1,9,0,-1,19,8,4,-1,0,0,0,0,0,0,1,1,-1,2,1,53,8,-1,-1,-1,-1,5,E01007390,0,2
2024421436437,2024,421436437,2,9,0,-1,2,0,0,-1,0,8,0,0,0,0,0,1,-1,6,-1,-1,-1,-1,-1,-1,-1,-1,-1,0,-1
2024501425782,2024,501425782,1,9,0,-1,3,6,2,-1,0,4,0,0,0,0,2,1,-1,6,2,-1,-1,-1,-1,-1,-1,-1,-1,0,-1
2024161500710,2024,161500710,2,1,0,-1,19,7,3,-1,4,8,0,0,0,0,1,1,-1,2,1,31,6,-1,-1,-1,-1,-1,-1,0,-1
2024010545499,2024,010545499,1,1,9,99,99,9,9,99,99,9,9,99,9,99,9,1,6,6,1,26,6,-1,-1,-1,-1,4,E01003562,0,1
2024141502145,2024,141502145,2,9,-1,-1,9,1,7,-1,0,0,0,0,0,0,1,9,-1,6,1,-1,-1,-1,-1,-1,-1,-1,-1,0,-1
2024010531440,2024,010531440,2,1,0,5,5,3,7,0,0,8,5,0,0,0,3,1,6,6,1,18,4,-1,-1,-1,-1,1,E01002034,0,1
2024201467915,2024,201467915,1,-1,0,-1,19,2,4,-1,4,8,0,0,0,0,2,1,-1,2,1,21,5,-1,-1,-1,-1,1,E01010466,1,4
2024501463899,2024,501463899,1,19,0,-1,5,8,2,-1,0,6,0,0,0,0,1,1,-1,1,1,65,9,-1,-1,-1,-1,10,E01029265,0,4
2024061414633,2024,061414633,1,1,0,-1,19,7,3,-1,5,0,0,0,0,0,4,1,-1,1,1,-1,-1,-1,-1,-1,-1,-1,-1,0,-1
2024421518022,2024,421518022,1,9,0,-1,7,8,2,-1,0,0,0,0,0,0,1,1,-1,6,3,-1,-1,-1,-1,-1,-1,-1,-1,0,-1
2024141509938,2024,141509938,2,1,0,-1,5,1,2,-1,0,0,0,0,0,0,1,1,-1,6,1,-1,-1,-1,-1,-1,-1,-1,-1,0,-1
2024010551562,2024,010551562,1,1,0,18,19,1,5,0,0,1,0,0,0,0,1,1,1,1,1,35,6,-1,-1,-1,-1,6,E01001989,0,1
2024010508055,2024,010508055,1,3,0,99,99,9,9,99,99,9,9,99,9,99,1,1,6,6,1,23,5,-1,-1,-1,-1,4,E01001153,0,1
2024131495430,2024,131495430,1,9,0,-1,5,5,1,-1,0,6,0,0,0,0,1,1,-1,6,2,39,7,-1,-1,-1,-1,1,E01010713,0,1
2024111499129,2024,111499129,1,9,0,-1,19,6,2,-1,0,0,0,0,0,0,1,1,-1,6,2,30,6,-1,-1,-1,-1,-1,-1,0,-1
2024542747224,2024,542747224,1,9,0,18,19,3,7,0,0,0,0,0,0,0,1,1,6,6,1,43,7,-1,-1,-1,-1,4,E01029041,0,4
2024451436220,2024,451436220,3,9,0,-1,4,5,1,-1,0,0,0,0,0,0,2,1,-1,1,1,35,6,-1,-1,-1,-1,4,E01030650,0,2
2024430021603,2024,430021603,3,90,0,18,19,2,5,0,0,0,0,0,0,0,0,1,1,1,3,-1,-1,-1,-1,-1,-1,-1,-1,0,-1
2024010516827,2024,010516827,2,9,9,99,99,9,9,99,99,9,9,99,9,99,9,9,6,6,3,-1,-1,-1,-1,-1,-1,-1,-1,0,-1
2024430442983,2024,430442983,2,9,0,9,9,5,2,0,0,5,0,0,0,0,1,1,6,6,1,-1,-1,-1,-1,-1,-1,-1,-1,0,-1
2024010492602,2024,010492602,1,1,9,99,99,9,9,99,99,9,9,99,9,99,2,1,6,6,2,43,7,-1,-1,-1,-1,3,E01004402,0,1
2024991442411,2024,991442411,1,1,0,-1,19,4,8,-1,0,0,5,0,0,0,1,1,-1,9,1,7,2,-1,-1,-1,-1,1,-1,0,1
2024041455074,2024,041455074,1,23,0,-1,19,7,3,-1,0,1,0,0,0,0,1,1,-1,9,1,22,5,-1,-1,-1,-1,3,E01024884,0,1
2024421468208,2024,421468208,1,1,0,-1,19,-1,-1,-1,0,1,0,0,0,0,1,1,-1,6,1,31,6,-1,-1,-1,-1,6,E01021362,0,1
2024451496893,2024,451496893,1,9,0,-1,19,1,5,-1,0,6,0,4,0,0,1,1,-1,6,2,41,7,-1,-1,-1,-1,9,E01030331,0,1
2024430438312,2024,430438312,2,11,0,2,2,1,5,0,0,0,0,0,0,0,0,1,1,1,3,-1,-1,-1,-1,-1,-1,-1,-1,0,-1
2024451494185,2024,451494185,2,1,0,-1,19,8,4,-1,0,0,0,0,1,0,3,1,-1,9,1,49,8,-1,-1,-1,-1,4,E01002070,0,4
2024320333812,2024,320333812,1,9,0,-1,-1,6,2,0,0,6,0,0,0,0,1,1,-1,-1,2,86,11,-1,-1,-1,-1,8,E01026291,0,1
2024010532984,2024,010532984,2,9,9,99,99,9,9,99,99,9,9,99,9,99,9,9,6,6,3,-1,-1,-1,-1,-1,-1,-1,-1,0,-1
2024052402544,2024,052402544,2,1,0,18,19,1,5,0,0,8,0,0,0,0,1,1,4,7,1,11,3,-1,-1,-1,-1,2,E01006966,0,1
2024131413965,2024,131413965,1,9,0,-1,19,1,1,-1,9,2,0,1,1,11,1,1,-1,2,2,33,6,-1,-1,-1,-1,1,E01010743,0,1
2024451454518,2024,451454518,1,1,0,-1,19,3,7,-1,0,0,2,0,0,0,0,1,-1,2,1,33,6,-1,-1,-1,-1,8,E01002579,0,3
2024211477949,2024,211477949,1,9,0,-1,19,0,0,-1,0,0,0,0,0,0,1,1,-1,6,2,40,7,-1,-1,-1,-1,8,E01029664,0,1
2024440375232,2024,440375232,1,9,0,16,19,8,3,0,0,0,0,0,7,4,1,1,6,6,2,34,6,-1,-1,-1,-1,10,E01023218,0,3
2024010552902,2024,010552902,1,1,9,99,99,9,9,99,99,9,9,99,9,99,9,1,2,2,1,42,7,-1,-1,-1,-1,-1,-1,0,-1
2024041467213,2024,041467213,2,1,0,-1,19,5,1,-1,0,0,2,0,0,0,4,1,-1,6,2,45,7,-1,-1,-1,-1,1,E01025092,0,1
2024010522243,2024,010522243,1,20,1,10,10,5,3,0,0,8,0,0,1,0,2,1,6,6,3,-1,-1,-1,-1,-1,-1,-1,-1,0,-1
2024010491772,2024,010491772,2,19,0,99,99,9,9,99,99,9,9,99,9,99,9,9,6,6,3,-1,-1,-1,-1,-1,-1,-1,-1,0,-1
2024461485295,2024,461485295,1,9,0,-1,19,5,1,-1,0,0,0,0,0,0,1,9,-1,6,3,-1,-1,-1,-1,-1,-1,-1,-1,0,-1
2024010524854,2024,010524854,1,1,9,18,19,9,9,99,99,9,9,99,9,99,1,1,1,1,1,21,5,-1,-1,-1,-1,6,E01003107,0,2
2024411470603,2024,411470603,1,9,0,-1,-1,-1,-1,-1,-1,-1,-1,-1,-1,0,1,9,-1,6,3,-1,-1,-1,-1,-1,-1,-1,-1,0,-1
2024010488783,2024,010488783,2,9,0,99,99,9,9,99,99,6,9,99,9,99,9,9,6,6,3,-1,-1,-1,-1,-1,-1,6,E01001245,0,1
2024320116107,2024,320116107,2,9,0,7,7,6,8,0,0,6,0,0,0,0,2,1,-1,-1,1,30,6,-1,-1,-1,-1,3,E01026183,0,3
2024421471692,2024,421471692,1,9,0,-1,1,1,5,-1,0,0,0,0,0,0,2,1,-1,9,1,57,9,-1,-1,-1,-1,3,E01016011,0,4
2024501406586,2024,501406586,2,9,0,-1,19,7,3,-1,0,0,0,0,0,0,3,9,-1,1,1,38,7,-1,-1,-1,-1,5,E01034854,0,1
2024501522950,2024,501522950,6,9,0,-1,19,3,7,-1,0,0,0,0,0,0,1,1,-1,6,1,19,4,-1,-1,-1,-1,6,E01020187,0,3
2024201506428,2024,201506428,1,97,0,-1,14,6,2,-1,0,0,0,0,0,0,1,1,-1,9,3,-1,-1,-1,-1,-1,-1,-1,-1,0,-1
2024471488006,2024,471488006,2,9,0,-1,7,5,7,-1,0,1,0,0,0,0,4,9,-1,6,1,-1,-1,-1,-1,-1,-1,-1,-1,0,-1
2024010547876,2024,010547876,2,9,0,18,19,1,5,0,0,1,0,0,0,0,0,1,6,6,1,24,5,-1,-1,-1,-1,2,E01003507,0,2
2024161482438,2024,161482438,1,90,0,-1,19,7,3,-1,0,0,0,0,0,0,3,1,-1,2,1,59,9,-1,-1,-1,-1,10,E01013275,0,2
2024531469547,2024,531469547,1,9,0,-1,19,1,5,-1,0,0,5,0,1,4,0,1,-1,1,1,36,7,-1,-1,-1,-1,5,E01028718,0,4
2024340NN0722,2024,340NN0722,1,9,0,-1,19,4,8,-1,0,6,0,0,0,0,1,1,-1,6,2,20,4,-1,-1,-1,-1,-1,-1,0,-1
2024631398603,2024,631398603,1,9,0,-1,19,2,6,-1,0,0,1,0,7,10,1,1,-1,2,1,76,11,-1,-1,-1,-1,6,W01000475,0,1
2024010489443,2024,010489443,1,9,0,18,19,6,2,0,0,1,0,0,0,0,1,1,6,6,2,76,11,-1,-1,-1,-1,9,E01000199,0,1
2024320068351,2024,320068351,1,9,0,-1,-1,6,2,0,0,1,0,0,7,10,1,1,6,6,1,31,6,-1,-1,-1,-1,8,E01026368,0,4
2024141522707,2024,141522707,1,9,0,-1,-1,-1,-1,-1,-1,0,-1,-1,-1,0,-1,9,-1,6,3,-1,-1,-1,-1,-1,-1,-1,-1,0,-1
2024471448105,2024,471448105,1,9,0,-1,19,5,1,-1,0,1,0,0,7,0,1,1,-1,6,1,56,9,-1,-1,-1,-1,5,E01016974,0,1
2024122400261,2024,122400261,2,1,0,16,19,3,7,0,0,3,0,0,0,0,1,1,6,6,1,64,9,-1,-1,-1,-1,8,E01027556,0,1
2024010512342,2024,010512342,3,9,0,18,19,1,5,0,0,0,0,0,0,0,4,1,6,6,3,-1,-1,-1,-1,-1,-1,-1,-1,0,-1
2024421464659,2024,421464659,1,9,0,-1,15,1,5,-1,0,0,0,0,0,0,1,1,-1,9,1,19,4,-1,-1,-1,-1,5,E01004465,0,3
2024501422981,2024,501422981,2,1,0,-1,19,5,1,-1,0,1,0,0,0,0,2,1,-1,6,1,80,11,-1,-1,-1,-1,4,E01019054,0,1
2024131485931,2024,131485931,1,9,0,-1,19,7,3,-1,0,8,0,0,0,0,-1,1,-1,6,3,-1,-1,-1,-1,-1,-1,-1,-1,0,-1
2024622400550,2024,622400550,1,9,0,18,19,8,4,0,0,0,1,0,0,0,1,1,1,1,1,32,6,-1,-1,-1,-1,5,W01001281,0,1
2024161412460,2024,161412460,1,1,0,-1,19,6,2,-1,0,8,0,0,0,0,4,1,-1,6,1,25,5,-1,-1,-1,-1,1,E01012843,0,1
2024010544036,2024,010544036,1,1,9,99,99,9,9,99,99,0,9,99,9,99,1,1,6,6,1,58,9,-1,-1,-1,-1,6,E01001159,0,1
2024101442091,2024,101442091,1,1,0,-1,19,1,5,-1,9,8,0,0,0,0,1,1,-1,6,1,-1,-1,-1,-1,-1,-1,-1,-1,0,-1
2024010549139,2024,010549139,1,9,0,-1,-1,3,7,0,0,1,0,0,0,0,1,1,6,6,3,34,6,-1,-1,-1,-1,-1,-1,0,-1
2024010489748,2024,010489748,2,9,0,99,99,9,9,99,99,9,9,99,9,99,9,9,6,6,3,-1,-1,-1,-1,-1,-1,-1,-1,0,-1
2024010524490,2024,010524490,2,90,0,99,99,9,9,99,99,9,9,99,9,99,1,9,6,6,3,-1,-1,-1,-1,-1,-1,-1,-1,0,-1
2024461411362,2024,461411362,1,1,0,-1,11,3,3,-1,0,0,5,10,1,0,1,1,-1,9,1,42,7,-1,-1,-1,-1,-1,-1,0,-1
2024010508660,2024,010508660,2,1,9,99,99,9,9,99,99,9,9,99,9,99,1,1,2,2,1,30,6,-1,-1,-1,-1,9,E01000873,0,2
2024122400930,2024,122400930,2,9,0,18,19,7,2,0,0,8,0,0,0,0,2,1,6,6,3,-1,-1,-1,-1,-1,-1,-1,-1,0,-1
2024010537650,2024,010537650,1,3,9,99,99,9,9,99,99,9,9,99,9,99,9,1,6,6,1,35,6,-1,-1,-1,-1,2,E01001558,0,1
2024461528246,2024,461528246,2,1,0,-1,5,3,1,-1,0,4,0,0,0,0,2,1,-1,6,1,30,6,-1,-1,-1,-1,3,E01024092,0,1
2024302400850,2024,302400850,1,90,0,12,12,1,5,0,0,0,0,0,0,0,2,1,6,6,3,-1,-1,-1,-1,-1,-1,5,E01019456,0,3