collision_index,collision_year,collision_ref_no,vehicle_reference,vehicle_type,towing_and_articulation,vehicle_manoeuvre_historic,vehicle_manoeuvre,vehicle_direction_from,vehicle_direction_to,vehicle_location_restricted_lane_historic,vehicle_location_restricted_lane,junction_location,skidding_and_overturning,hit_object_in_carriageway,vehicle_leaving_carriageway,hit_object_off_carriageway,first_point_of_impact,vehicle_left_hand_drive,journey_purpose_of_driver_historic,journey_purpose_of_driver,sex_of_driver,age_of_driver,age_band_of_driver,engine_capacity_cc,propulsion_code,age_of_vehicle,generic_make_model,driver_imd_decile,lsoa_of_driver,escooter_flag,driver_distance_banding
2024201466744,2024,201466744,1,9,0,-1,19,1,5,-1,0,1,0,0,0,0,4,9,-1,1,1,62,9,-1,-1,-1,-1,2,E01008921,0,2
2024531492682,2024,531492682,2,9,0,-1,4,7,3,-1,9,0,0,0,1,0,1,1,-1,1,1,29,6,-1,-1,-1,-1,9,E01032189,0,4
2024371486202,2024,371486202,4,9,0,-1,-1,-1,-1,-1,-1,0,-1,-1,-1,0,-1,9,-1,6,3,-1,-1,-1,-1,-1,-1,-1,-1,0,-1
2024201520639,2024,201520639,1,9,0,-1,5,5,1,-1,9,6,0,0,0,0,1,1,-1,6,2,40,7,-1,-1,-1,-1,-1,-1,0,-1
2024231492845,2024,231492845,1,9,4,-1,19,5,1,-1,0,0,0,4,0,0,1,1,-1,6,1,76,11,-1,-1,-1,-1,9,E01032533,0,2
2024411424412,2024,411424412,2,1,0,-1,3,8,6,-1,0,1,0,0,0,0,2,1,-1,9,1,30,6,-1,-1,-1,-1,10,E01023361,0,1
2024122400780,2024,122400780,1,9,0,5,5,8,6,0,0,1,0,0,0,0,4,1,1,1,2,51,8,-1,-1,-1,-1,3,E01033067,0,1
2024302400099,2024,302400099,2,9,0,18,19,7,3,0,0,0,0,0,0,0,2,1,6,6,1,30,6,-1,-1,-1,-1,1,E01013485,0,2
2024131436221,2024,131436221,2,1,0,-1,19,1,5,-1,0,8,0,0,0,0,0,1,-1,6,1,-1,-1,-1,-1,-1,-1,1,E01011433,0,1
2024010494412,2024,010494412,1,9,0,18,19,5,1,0,0,1,0,0,0,0,4,1,6,6,3,-1,-1,-1,-1,-1,-1,-1,-1,0,-1
2024010507108,2024,010507108,1,9,0,5,5,3,7,0,0,1,0,0,0,0,1,1,2,2,2,61,9,-1,-1,-1,-1,10,E01001104,0,2
2024302400591,2024,302400591,3,9,0,4,4,1,5,0,0,1,0,0,0,0,1,1,1,1,1,45,7,-1,-1,-1,-1,9,E01019430,0,2
2024010542383,2024,010542383,1,9,0,18,19,1,5,0,0,9,0,0,0,0,1,1,6,6,1,24,5,-1,-1,-1,-1,1,E01004754,0,2
2024010487596,2024,010487596,2,9,0,4,4,6,2,0,0,1,0,0,0,0,1,1,6,6,2,54,8,-1,-1,-1,-1,7,E01004186,0,1
2024211430183,2024,211430183,2,1,0,-1,19,8,4,-1,0,8,0,0,0,0,1,1,-1,6,1,33,6,-1,-1,-1,-1,3,E01034047,0,1
2024010521445,2024,010521445,2,1,0,18,19,7,3,0,0,8,0,0,0,0,3,1,6,6,1,11,3,-1,-1,-1,-1,2,E01000086,0,1
2024010491067,2024,010491067,2,9,0,9,9,1,7,0,0,6,0,0,0,0,3,1,6,6,2,32,6,-1,-1,-1,-1,4,E01032568,0,1
2024010516460,2024,010516460,1,1,9,99,99,9,9,99,99,0,9,8,9,99,1,1,2,2,1,23,5,-1,-1,-1,-1,6,E01018165,0,4
2024531413450,2024,531413450,1,1,0,-1,12,3,7,-1,0,0,0,0,0,0,4,1,-1,9,1,35,6,-1,-1,-1,-1,7,E01022303,0,1
2024522403300,2024,522403300,2,9,0,2,2,0,0,0,0,0,1,0,1,11,2,1,6,6,3,-1,-1,-1,-1,-1,-1,-1,-1,0,-1
2024010511694,2024,010511694,2,1,0,18,19,5,1,5,5,1,0,0,0,0,1,1,6,6,2,25,5,-1,-1,-1,-1,3,E01003564,0,1
2024311532524,2024,311532524,2,23,0,-1,5,7,3,-1,0,1,1,11,0,0,1,1,-1,6,1,33,6,-1,-1,-1,-1,1,E01027930,0,1
2024430028939,2024,430028939,2,9,0,18,19,2,6,0,0,1,0,0,0,0,1,1,6,6,1,-1,-1,-1,-1,-1,-1,-1,-1,0,-1
2024201488651,2024,201488651,2,19,0,-1,9,6,4,-1,0,6,0,0,0,0,4,1,-1,6,1,25,5,-1,-1,-1,-1,2,E01034044,0,5
2024631483867,2024,631483867,2,1,0,-1,19,7,5,-1,0,8,5,0,0,0,4,1,-1,2,2,38,7,-1,-1,-1,-1,7,W01000619,0,1
2024440013118,2024,440013118,1,1,0,18,19,2,6,0,0,8,0,0,0,0,3,1,6,6,1,52,8,-1,-1,-1,-1,5,E01022980,0,2
2024101447221,2024,101447221,1,9,0,-1,11,5,1,-1,0,0,0,0,0,0,4,1,-1,6,1,-1,-1,-1,-1,-1,-1,-1,-1,0,-1
2024231534319,2024,231534319,2,3,0,-1,4,5,1,-1,0,0,1,0,0,0,0,1,-1,9,1,23,5,-1,-1,-1,-1,-1,-1,0,-1
2024010512037,2024,010512037,2,1,0,18,19,6,2,0,0,0,0,0,0,0,3,1,6,6,1,43,7,-1,-1,-1,-1,5,E01002621,0,1
2024421532619,2024,421532619,3,98,1,-1,19,4,8,-1,0,0,0,0,0,0,3,1,-1,1,1,26,6,-1,-1,-1,-1,5,E01015904,0,4
2024010542302,2024,010542302,2,9,0,18,19,1,5,0,0,1,0,0,0,0,1,1,6,6,3,-1,-1,-1,-1,-1,-1,-1,-1,0,-1
2024010508759,2024,010508759,2,9,0,18,19,5,1,0,0,8,0,4,0,0,1,1,6,6,3,-1,-1,-1,-1,-1,-1,-1,-1,0,-1
2024991480034,2024,991480034,3,1,0,-1,19,6,2,-1,0,0,0,0,7,0,1,1,-1,9,1,26,6,-1,-1,-1,-1,9,-1,0,2
2024231461196,2024,231461196,1,-1,0,-1,9,6,4,-1,0,5,0,0,0,0,0,1,-1,9,1,45,7,-1,-1,-1,-1,10,E01031123,1,1
2024061436766,2024,061436766,2,4,0,-1,13,8,4,-1,0,1,0,0,0,0,4,1,-1,9,1,22,5,-1,-1,-1,-1,1,E01005227,0,1
2024010524124,2024,010524124,2,3,0,18,19,1,5,0,0,8,2,0,0,0,1,1,6,6,1,28,6,-1,-1,-1,-1,3,E01002603,0,1
2024421418950,2024,421418950,1,1,0,-1,19,8,5,-1,0,2,0,0,1,2,4,1,-1,6,1,16,4,-1,-1,-1,-1,5,E01021522,0,1
2024010503790,2024,010503790,1,9,0,9,9,5,2,0,0,0,0,0,0,0,3,1,6,6,1,52,8,-1,-1,-1,-1,5,E01001060,0,1
2024201517329,2024,201517329,2,-1,0,-1,19,6,3,-1,0,0,0,0,0,0,1,1,-1,9,1,29,6,-1,-1,-1,-1,1,E01008901,1,1
2024010544576,2024,010544576,2,1,9,99,99,9,9,99,99,9,9,99,9,99,9,1,1,1,1,36,7,-1,-1,-1,-1,6,E01001988,0,1
2024161492879,2024,161492879,1,11,0,-1,19,3,7,-1,2,0,0,0,0,0,0,9,-1,1,1,30,6,-1,-1,-1,-1,8,E01035470,0,2
2024052400475,2024,052400475,2,1,0,18,19,2,6,0,0,1,0,0,0,0,4,1,6,6,2,59,9,-1,-1,-1,-1,7,E01006885,0,1
2024311514863,2024,311514863,2,1,0,-1,19,7,3,-1,0,8,0,0,0,0,2,1,-1,6,2,23,5,-1,-1,-1,-1,7,E01025720,0,2
2024010518677,2024,010518677,2,1,0,3,3,7,3,0,0,0,0,0,0,0,1,1,2,2,1,31,6,-1,-1,-1,-1,3,E01002043,0,1
2024122500093,2024,122500093,1,9,0,18,19,5,1,0,0,0,0,0,0,0,3,1,6,6,1,19,4,-1,-1,-1,-1,10,E01027786,0,1
2024520401733,2024,520401733,2,19,0,18,19,3,7,0,0,1,0,0,0,0,1,1,6,6,3,-1,-1,-1,-1,-1,-1,-1,-1,0,-1
2024161525871,2024,161525871,2,9,0,-1,19,1,5,-1,0,0,0,0,0,0,1,9,-1,6,1,-1,-1,-1,-1,-1,-1,-1,-1,0,-1
2024311467549,2024,311467549,2,19,0,-1,5,5,3,-1,0,0,0,0,0,0,1,9,-1,6,3,30,6,-1,-1,-1,-1,-1,-1,0,-1
2024141419119,2024,141419119,1,9,0,-1,19,2,6,-1,0,8,0,0,0,0,4,1,-1,6,3,-1,-1,-1,-1,-1,-1,-1,-1,0,-1
2024430516302,2024,430516302,1,1,0,18,19,1,5,0,0,8,0,0,0,0,1,1,6,6,1,33,6,-1,-1,-1,-1,9,E01035751,0,2
2024440326163,2024,440326163,1,1,0,16,19,7,1,0,0,1,0,0,0,0,1,1,6,6,1,8,2,-1,-1,-1,-1,10,E01022893,0,1
2024010522940,2024,010522940,1,1,9,99,99,9,9,99,99,1,9,99,9,99,9,1,6,6,1,37,7,-1,-1,-1,-1,9,E01004593,0,3
2024371397865,2024,371397865,1,97,0,-1,19,-1,-1,-1,0,1,0,0,0,0,1,1,-1,6,3,-1,-1,-1,-1,-1,-1,-1,-1,0,-1
2024549452224,2024,549452224,1,9,0,14,14,8,4,0,0,0,0,0,0,0,1,1,2,2,2,20,4,-1,-1,-1,-1,9,E01015548,0,3
2024552400596,2024,552400596,2,1,0,18,19,4,8,0,0,8,0,0,0,0,1,1,6,6,1,16,4,-1,-1,-1,-1,8,E01020360,0,1
2024451498615,2024,451498615,3,98,0,-1,4,5,1,-1,0,0,0,0,0,0,0,9,-1,6,3,40,7,-1,-1,-1,-1,-1,-1,0,-1
2024010543152,2024,010543152,2,9,0,99,99,9,9,99,99,9,9,99,9,99,1,9,6,6,3,-1,-1,-1,-1,-1,-1,-1,-1,0,-1
2024501533249,2024,501533249,1,9,0,-1,19,7,3,-1,0,0,0,0,0,0,3,1,-1,9,1,80,11,-1,-1,-1,-1,6,E01015139,0,1
2024010489446,2024,010489446,1,3,0,99,99,9,9,99,99,9,9,99,9,99,9,1,6,6,1,28,6,-1,-1,-1,-1,3,E01001180,0,1
2024430123566,2024,430123566,2,9,0,18,19,2,6,0,0,0,0,0,0,0,1,1,6,6,1,-1,-1,-1,-1,-1,-1,-1,-1,0,-1
2024471501944,2024,471501944,2,1,0,-1,19,1,5,-1,0,2,0,0,0,0,1,1,-1,2,1,29,6,-1,-1,-1,-1,3,E01031553,0,1
2024201424132,2024,201424132,1,9,0,-1,5,6,2,-1,0,1,0,0,0,0,1,1,-1,6,1,63,9,-1,-1,-1,-1,1,E01010478,0,1
2024471456951,2024,471456951,3,9,0,-1,9,6,3,-1,0,0,0,0,0,0,1,9,-1,6,3,-1,-1,-1,-1,-1,-1,-1,-1,0,-1
2024010489604,2024,010489604,1,9,0,18,19,2,6,0,0,1,0,0,0,0,1,1,2,2,1,43,7,-1,-1,-1,-1,10,E01021751,0,4
2024501472760,2024,501472760,2,9,0,-1,9,-1,-1,-1,0,8,0,0,0,0,4,1,-1,6,1,20,4,-1,-1,-1,-1,7,E01019920,0,2
2024010551333,2024,010551333,1,1,9,5,5,9,9,99,99,2,9,99,9,99,2,1,2,2,1,36,7,-1,-1,-1,-1,-1,-1,0,-1
2024302400805,2024,302400805,1,-1,0,18,19,7,3,9,9,8,0,0,0,0,1,1,6,6,2,15,3,-1,-1,-1,-1,1,E01013583,1,1
2024010487285,2024,010487285,1,9,0,9,9,5,3,0,0,1,0,0,0,0,1,1,2,2,2,60,9,-1,-1,-1,-1,-1,-1,0,-1
2024501459307,2024,501459307,2,1,0,-1,19,1,5,-1,0,1,0,0,0,0,1,1,-1,9,1,47,8,-1,-1,-1,-1,6,E01020059,0,1
2024320442483,2024,320442483,1,1,0,-1,-1,3,7,0,0,0,5,0,0,0,1,1,6,6,1,73,10,-1,-1,-1,-1,6,E01026387,0,1
2024010496536,2024,010496536,1,3,0,18,19,3,7,0,0,8,0,0,0,0,1,1,2,2,1,21,5,-1,-1,-1,-1,3,E01003926,0,1
2024122400445,2024,122400445,1,9,0,18,19,7,3,0,0,1,0,0,0,0,1,1,6,6,1,20,4,-1,-1,-1,-1,10,E01027638,0,1
2024141493165,2024,141493165,2,97,0,-1,19,3,7,-1,0,0,0,0,0,0,2,1,-1,9,1,58,9,-1,-1,-1,-1,6,E01019816,0,1
2024361447834,2024,361447834,2,1,0,-1,19,1,3,-1,0,1,0,0,0,0,0,1,-1,2,2,48,8,-1,-1,-1,-1,1,E01026687,0,1
2024010509911,2024,010509911,2,9,0,99,99,9,9,99,99,0,9,99,9,99,1,9,6,6,3,-1,-1,-1,-1,-1,-1,-1,-1,0,-1
2024061515244,2024,061515244,2,19,0,-1,19,3,7,-1,0,0,0,0,2,7,3,1,-1,2,1,53,8,-1,-1,-1,-1,2,E01025269,0,4
2024010496920,2024,010496920,1,5,0,17,19,2,6,0,0,8,1,0,1,10,1,1,6,6,1,31,6,-1,-1,-1,-1,6,E01000911,0,3
2024991499671,2024,991499671,2,90,0,-1,19,1,5,-1,0,0,0,0,0,0,3,1,-1,1,1,61,9,-1,-1,-1,-1,9,-1,0,3
2024201461814,2024,201461814,2,9,0,-1,19,8,4,-1,0,0,0,0,0,0,2,1,-1,6,1,46,8,-1,-1,-1,-1,7,E01030068,0,5
2024461499991,2024,461499991,1,1,0,-1,19,3,7,-1,0,0,0,0,0,0,1,1,-1,2,1,47,8,-1,-1,-1,-1,7,E01016131,0,2
2024052401449,2024,052401449,1,1,0,18,19,4,8,0,0,1,0,0,0,0,1,1,6,6,1,23,5,-1,-1,-1,-1,-1,-1,0,-1
2024421478536,2024,421478536,2,9,0,-1,9,7,5,-1,0,8,0,0,0,0,4,9,-1,9,1,32,6,-1,-1,-1,-1,1,E01021290,0,1
2024041485640,2024,041485640,2,9,0,-1,19,3,7,-1,0,0,0,0,0,0,3,1,-1,1,1,65,9,-1,-1,-1,-1,10,E01025019,0,1
2024010542513,2024,010542513,3,8,9,99,99,9,9,99,99,9,9,99,9,99,9,9,6,6,3,-1,-1,-1,-1,-1,-1,-1,-1,0,-1
2024010551201,2024,010551201,2,8,0,9,9,1,6,0,0,1,0,0,0,0,1,1,1,1,1,60,9,-1,-1,-1,-1,2,E01003499,0,1
2024161462379,2024,161462379,2,9,0,-1,19,3,7,-1,0,1,0,0,1,11,3,1,-1,2,1,52,8,-1,-1,-1,-1,2,E01013315,0,1
2024201486840,2024,201486840,1,9,0,-1,9,1,7,-1,0,5,0,0,0,0,1,9,-1,6,3,-1,-1,-1,-1,-1,-1,-1,-1,0,-1
2024052401787,2024,052401787,1,9,0,18,19,7,3,0,0,1,0,0,0,0,1,1,6,6,3,-1,-1,-1,-1,-1,-1,-1,-1,0,-1
2024131463570,2024,131463570,2,9,0,-1,19,7,3,-1,0,0,0,0,0,0,1,1,-1,9,1,64,9,-1,-1,-1,-1,10,E01011948,0,3
2024041397364,2024,041397364,1,9,0,-1,19,1,5,-1,0,0,0,0,1,0,1,1,-1,9,1,20,4,-1,-1,-1,-1,9,E01025560,0,1
2024461474188,2024,461474188,2,-1,0,-1,19,3,7,-1,0,1,0,0,0,0,2,1,-1,6,1,18,4,-1,-1,-1,-1,2,E01024646,1,1
2024010487452,2024,010487452,1,9,0,7,7,1,4,0,0,1,0,0,0,0,2,1,6,6,1,57,9,-1,-1,-1,-1,2,E01003239,0,1
2024010497153,2024,010497153,1,3,0,99,99,9,9,99,99,9,9,99,9,99,9,1,1,1,1,27,6,-1,-1,-1,-1,6,E01002754,0,2
2024430513248,2024,430513248,2,1,0,18,19,2,6,0,0,8,0,0,0,0,3,1,6,6,2,61,9,-1,-1,-1,-1,9,E01016647,0,1
2024041530812,2024,041530812,3,9,0,-1,-1,-1,-1,-1,0,-1,0,0,0,0,2,9,-1,6,3,-1,-1,-1,-1,-1,-1,-1,-1,0,-1
2024201454520,2024,201454520,2,1,0,-1,19,5,1,-1,0,1,0,0,0,0,2,1,-1,6,1,12,3,-1,-1,-1,-1,1,E01010076,0,1
2024201517047,2024,201517047,4,9,0,-1,19,6,2,-1,0,0,0,0,0,0,1,1,-1,6,-1,18,4,-1,-1,-1,-1,-1,-1,0,-1
2024361499345,2024,361499345,2,1,0,-1,19,7,3,-1,0,3,0,0,0,0,4,1,-1,2,2,37,7,-1,-1,-1,-1,9,E01026557,0,1
2024052400117,2024,052400117,1,9,0,18,19,1,5,0,0,6,0,0,0,0,1,1,6,6,3,-1,-1,-1,-1,-1,-1,-1,-1,0,-1
2024010500451,2024,010500451,1,1,9,99,99,9,9,99,99,9,9,99,9,99,2,1,2,2,2,45,7,-1,-1,-1,-1,3,E01000930,0,1
2024411485062,2024,411485062,2,9,0,-1,-1,-1,-1,-1,-1,0,-1,-1,-1,0,2,9,-1,9,1,24,5,-1,-1,-1,-1,8,E01035602,0,2
2024010532924,2024,010532924,2,1,0,18,19,7,3,0,0,0,0,8,0,0,3,1,6,6,1,38,7,-1,-1,-1,-1,3,E01034390,0,1
2024201479580,2024,201479580,1,9,0,-1,19,2,6,-1,0,1,0,0,0,0,1,9,-1,6,3,-1,-1,-1,-1,-1,-1,-1,-1,0,-1
2024010511392,2024,010511392,2,9,0,99,99,9,9,99,99,9,9,99,9,99,1,9,6,6,3,-1,-1,-1,-1,-1,-1,-1,-1,0,-1
2024010487690,2024,010487690,1,9,0,18,19,7,3,0,0,0,1,7,4,6,1,1,6,6,1,52,8,-1,-1,-1,-1,-1,-1,0,-1
2024052401947,2024,052401947,1,9,0,18,19,4,8,0,0,1,0,0,0,0,1,1,6,6,3,-1,-1,-1,-1,-1,-1,-1,-1,0,-1
2024371455066,2024,371455066,2,1,0,-1,19,6,3,-1,9,0,0,0,0,0,3,1,-1,6,1,18,4,-1,-1,-1,-1,1,E01029980,0,1
2024010495091,2024,010495091,1,9,0,18,19,3,7,2,2,8,0,0,0,0,1,1,6,6,2,45,7,-1,-1,-1,-1,5,E01000475,0,1
2024122400456,2024,122400456,2,1,0,18,19,7,3,0,0,0,1,0,0,0,1,1,6,6,2,64,9,-1,-1,-1,-1,4,E01010795,0,4
2024501412766,2024,501412766,1,9,0,-1,5,5,1,-1,0,1,0,0,0,0,3,9,-1,1,1,59,9,-1,-1,-1,-1,9,E01020038,0,1
2024010525763,2024,010525763,2,9,9,99,99,9,9,99,99,9,9,99,9,99,9,9,6,6,3,-1,-1,-1,-1,-1,-1,-1,-1,0,-1
2024991507771,2024,991507771,1,-1,0,-1,4,3,7,-1,9,0,0,0,0,0,4,1,-1,9,1,12,3,-1,-1,-1,-1,8,-1,1,1
2024552400988,2024,552400988,2,9,0,10,10,4,8,0,0,8,0,0,0,0,2,1,6,6,2,21,5,-1,-1,-1,-1,5,E01029255,0,4
2024311472705,2024,311472705,1,9,0,-1,19,7,4,-1,0,4,0,0,0,0,4,9,-1,6,1,-1,-1,-1,-1,-1,-1,-1,-1,0,-1
2024010544015,2024,010544015,2,-1,0,4,4,5,1,9,9,0,0,0,0,0,4,1,6,6,1,-1,-1,-1,-1,-1,-1,4,E01000477,1,1
2024010527977,2024,010527977,2,9,0,99,99,9,9,99,99,9,9,99,9,99,9,9,6,6,3,-1,-1,-1,-1,-1,-1,-1,-1,0,-1
2024471442904,2024,471442904,2,1,0,-1,19,4,8,-1,0,8,5,0,0,0,4,1,-1,9,2,72,10,-1,-1,-1,-1,6,E01035326,0,1
2024520402228,2024,520402228,1,9,0,18,19,1,5,0,0,0,0,0,0,0,1,1,6,6,1,77,11,-1,-1,-1,-1,7,E01029056,0,2
2024010520255,2024,010520255,2,1,0,18,19,7,3,0,0,8,0,0,0,0,0,1,6,6,1,36,7,-1,-1,-1,-1,2,E01004286,0,1
2024131497537,2024,131497537,2,9,0,-1,9,5,7,-1,0,2,0,0,0,0,4,1,-1,6,3,-1,-1,-1,-1,-1,-1,-1,-1,0,-1
2024131505653,2024,131505653,2,90,0,-1,19,1,1,-1,0,1,0,0,0,0,1,1,-1,1,1,19,4,-1,-1,-1,-1,5,E01011275,0,3
2024061415066,2024,061415066,1,9,-1,-1,-1,-1,-1,-1,-1,0,-1,-1,-1,0,-1,9,-1,6,3,-1,-1,-1,-1,-1,-1,-1,-1,0,-1
2024010527991,2024,010527991,2,1,0,18,19,1,5,0,0,0,0,0,0,0,1,1,6,6,1,32,6,-1,-1,-1,-1,2,E01003045,0,2
2024332400154,2024,332400154,1,9,0,-1,19,3,7,-1,0,2,0,0,0,0,1,1,-1,6,3,-1,-1,-1,-1,-1,-1,-1,-1,0,-1
2024141441513,2024,141441513,2,98,0,-1,13,3,7,-1,0,1,0,0,0,0,4,9,-1,6,3,-1,-1,-1,-1,-1,-1,-1,-1,0,-1
2024010551700,2024,010551700,1,1,9,99,99,9,9,99,99,9,9,99,9,99,9,1,6,6,1,31,6,-1,-1,-1,-1,3,E01035654,0,1
2024131405343,2024,131405343,2,9,0,-1,-1,-1,-1,-1,-1,1,-1,-1,-1,0,-1,1,-1,6,3,24,5,-1,-1,-1,-1,-1,-1,0,-1
2024311483440,2024,311483440,1,97,0,-1,7,1,7,-1,0,8,0,0,0,0,1,1,-1,6,1,-1,-1,-1,-1,-1,-1,-1,-1,0,-1
2024361535507,2024,361535507,2,9,0,-1,9,4,1,-1,0,5,0,0,0,0,1,1,-1,9,1,67,10,-1,-1,-1,-1,4,E01026695,0,1
2024010551528,2024,010551528,1,-1,0,18,19,5,1,3,2,0,0,0,0,0,1,1,6,6,1,32,6,-1,-1,-1,-1,2,E01001054,1,1
2024010494780,2024,010494780,1,8,0,99,99,9,9,0,0,1,0,0,0,0,1,1,6,6,3,47,8,-1,-1,-1,-1,2,E01002003,0,2
2024522500425,2024,522500425,1,1,0,18,19,7,3,0,0,0,0,0,0,0,1,1,1,1,1,25,5,-1,-1,-1,-1,1,E01014655,0,1
2024311397105,2024,311397105,2,9,0,-1,3,3,7,-1,0,0,0,0,0,0,2,1,-1,6,2,24,5,-1,-1,-1,-1,3,E01028127,0,4
2024070969844,2024,070969844,2,9,0,-1,4,2,6,-1,0,0,0,0,0,0,2,1,-1,9,2,22,5,-1,-1,-1,-1,9,E01006914,0,3
2024991433691,2024,991433691,1,9,0,-1,19,7,3,-1,0,0,0,0,0,0,1,1,-1,6,2,39,7,-1,-1,-1,-1,3,-1,0,2
2024991494140,2024,991494140,1,9,0,-1,19,7,3,-1,0,8,0,0,0,0,3,1,-1,6,1,63,9,-1,-1,-1,-1,2,-1,0,3
2024461488895,2024,461488895,1,1,0,-1,19,3,7,-1,0,0,0,0,0,0,1,1,-1,6,1,-1,-1,-1,-1,-1,-1,-1,-1,0,-1
2024520401349,2024,520401349,1,9,0,8,8,5,7,0,0,1,0,0,0,0,2,1,6,6,1,35,6,-1,-1,-1,-1,5,E01029222,0,2
2024991494046,2024,991494046,1,3,0,-1,19,4,8,-1,0,8,0,0,0,0,1,1,-1,6,1,17,4,-1,-1,-1,-1,9,-1,0,1
202454D695524,2024,54D695524,1,1,0,18,19,1,5,0,0,1,0,0,0,0,1,1,4,7,1,10,2,-1,-1,-1,-1,7,E01033841,0,1
2024010495149,2024,010495149,1,1,9,99,99,9,9,99,99,9,9,99,9,99,9,1,2,2,1,52,8,-1,-1,-1,-1,9,E01002285,0,2
2024070887337,2024,070887337,2,1,0,-1,19,3,7,-1,0,8,0,0,0,0,4,1,-1,2,1,24,5,-1,-1,-1,-1,3,E01035373,0,1
2024201508791,2024,201508791,2,-1,0,-1,19,5,1,-1,9,0,0,0,0,0,2,9,-1,6,1,15,3,-1,-1,-1,-1,1,E01010148,1,1
2024531406390,2024,531406390,1,1,0,-1,19,2,6,-1,0,2,2,0,0,0,0,1,-1,9,1,59,9,-1,-1,-1,-1,6,E01022235,0,2
2024221504867,2024,221504867,1,19,0,-1,19,1,5,-1,0,8,0,0,0,0,1,9,-1,1,1,41,7,-1,-1,-1,-1,5,E01032357,0,3
2024031531261,2024,031531261,2,9,0,-1,2,0,0,-1,0,0,0,4,0,0,2,1,-1,1,2,47,8,-1,-1,-1,-1,3,E01033303,0,5
2024361430438,2024,361430438,1,19,0,-1,13,2,5,-1,0,0,0,0,0,0,0,1,-1,6,3,-1,-1,-1,-1,-1,-1,-1,-1,0,-1
2024430487203,2024,430487203,1,1,0,18,19,8,4,0,0,2,0,0,0,0,4,1,4,7,1,-1,-1,-1,-1,-1,-1,2,E01016295,0,1
2024010489999,2024,010489999,2,9,0,99,99,9,9,1,1,8,0,0,0,0,1,2,6,6,1,-1,-1,-1,-1,-1,-1,8,E01000237,0,1
2024010488852,2024,010488852,2,8,0,99,99,9,9,99,99,9,9,99,9,99,1,9,6,6,3,47,8,-1,-1,-1,-1,2,E01032744,0,3
2024371435054,2024,371435054,2,23,0,-1,19,-1,-1,-1,0,0,0,8,0,0,1,1,-1,6,1,18,4,-1,-1,-1,-1,2,E01030024,0,1
2024041535575,2024,041535575,1,98,0,-1,19,-1,-1,-1,0,0,0,0,0,0,-1,9,-1,6,3,-1,-1,-1,-1,-1,-1,-1,-1,0,-1
2024041512477,2024,041512477,2,23,0,-1,19,6,2,-1,0,8,1,0,0,0,1,1,-1,6,1,46,8,-1,-1,-1,-1,1,E01012704,0,1
2024231460489,2024,231460489,2,21,1,-1,19,7,3,-1,0,0,0,0,0,0,1,9,-1,1,1,56,9,-1,-1,-1,-1,-1,-1,0,-1
2024131449146,2024,131449146,3,9,0,-1,19,7,3,-1,0,0,0,0,1,0,2,1,-1,9,1,61,9,-1,-1,-1,-1,7,E01011755,0,1
2024010529264,2024,010529264,2,9,0,99,99,9,9,99,99,9,9,99,9,99,9,9,6,6,3,-1,-1,-1,-1,-1,-1,-1,-1,0,-1
2024031491188,2024,031491188,2,9,0,-1,19,7,3,-1,0,0,0,0,0,0,1,1,-1,9,1,35,6,-1,-1,-1,-1,8,E01008323,0,4
2024552400520,2024,552400520,1,3,0,18,19,4,8,0,0,1,0,0,0,0,1,1,6,6,1,19,4,-1,-1,-1,-1,9,E01020391,0,3
2024991425018,2024,991425018,2,9,0,-1,19,4,1,-1,0,1,0,0,3,11,1,1,-1,7,1,46,8,-1,-1,-1,-1,9,-1,0,1
2024010503671,2024,010503671,1,9,5,99,99,9,9,9,9,9,5,99,9,99,9,9,6,6,3,-1,-1,-1,-1,-1,-1,-1,-1,0,-1
2024201440296,2024,201440296,1,9,0,-1,7,8,3,-1,0,3,0,0,0,0,1,9,-1,6,3,30,6,-1,-1,-1,-1,-1,-1,0,-1
2024440100615,2024,440100615,1,9,0,5,5,1,5,0,0,4,0,0,0,0,1,1,3,7,1,32,6,-1,-1,-1,-1,3,E01023091,0,1
2024010496088,2024,010496088,1,9,0,18,19,3,7,0,0,1,0,0,0,0,1,1,6,6,2,32,6,-1,-1,-1,-1,4,E01004006,0,1
2024430442896,2024,430442896,1,9,0,18,19,1,5,0,0,6,0,0,0,0,1,1,6,6,1,26,6,-1,-1,-1,-1,5,E01016240,0,1
2024122500078,2024,122500078,1,9,0,4,4,1,5,0,0,1,0,0,0,0,2,1,1,1,1,59,9,-1,-1,-1,-1,5,E01027802,0,3
2024461430361,2024,461430361,1,9,0,-1,19,-1,-1,-1,0,0,0,0,0,0,1,9,-1,6,3,-1,-1,-1,-1,-1,-1,-1,-1,0,-1
2024010491197,2024,010491197,1,9,0,18,19,7,3,0,0,0,0,0,0,0,3,1,6,6,1,25,5,-1,-1,-1,-1,6,E01034486,0,1
2024101459237,2024,101459237,1,-1,0,-1,19,8,4,-1,0,0,0,0,0,0,1,1,-1,6,2,11,3,-1,-1,-1,-1,1,E01008300,1,1
2024010515497,2024,010515497,1,1,9,99,99,9,9,99,99,9,9,99,9,99,1,1,6,6,1,20,4,-1,-1,-1,-1,5,E01003766,0,1
2024522500429,2024,522500429,1,9,0,4,4,7,3,0,0,1,0,0,0,0,2,1,6,6,3,-1,-1,-1,-1,-1,-1,-1,-1,0,-1
2024552400974,2024,552400974,2,1,0,18,19,2,6,0,0,0,0,0,0,0,2,1,6,6,1,35,6,-1,-1,-1,-1,6,E01015366,0,1
2024010509624,2024,010509624,2,1,9,99,99,9,9,99,99,9,9,99,9,99,9,1,6,6,3,-1,-1,-1,-1,-1,-1,4,E01002711,0,1
2024501434917,2024,501434917,1,9,0,-1,19,3,7,-1,0,0,0,11,0,0,1,1,-1,9,1,81,11,-1,-1,-1,-1,8,E01034639,0,1
2024010498126,2024,010498126,2,1,0,18,19,1,5,0,0,1,0,0,0,0,1,1,6,6,1,22,5,-1,-1,-1,-1,6,E01004052,0,1