collision_index,collision_year,collision_ref_no,vehicle_reference,vehicle_type,towing_and_articulation,vehicle_manoeuvre_historic,vehicle_manoeuvre,vehicle_direction_from,vehicle_direction_to,vehicle_location_restricted_lane_historic,vehicle_location_restricted_lane,junction_location,skidding_and_overturning,hit_object_in_carriageway,vehicle_leaving_carriageway,hit_object_off_carriageway,first_point_of_impact,vehicle_left_hand_drive,journey_purpose_of_driver_historic,journey_purpose_of_driver,sex_of_driver,age_of_driver,age_band_of_driver,engine_capacity_cc,propulsion_code,age_of_vehicle,generic_make_model,driver_imd_decile,lsoa_of_driver,escooter_flag,driver_distance_banding
2024010491285,2024,010491285,2,9,9,99,99,9,9,99,99,9,9,99,9,99,9,9,6,6,3,-1,-1,-1,-1,-1,-1,-1,-1,0,-1
2024201521550,2024,201521550,2,9,0,-1,19,1,1,-1,0,0,0,0,0,0,1,9,-1,7,2,39,7,-1,-1,-1,-1,1,E01009836,0,1
2024320431231,2024,320431231,2,90,0,-1,-1,2,4,0,0,0,0,0,0,0,1,1,6,6,1,12,3,-1,-1,-1,-1,2,E01026378,0,1
2024010525109,2024,010525109,1,1,0,5,5,5,1,0,0,0,0,0,0,0,1,1,6,6,1,26,6,-1,-1,-1,-1,4,E01002017,0,1
2024461407493,2024,461407493,2,1,0,-1,4,5,1,-1,0,1,0,0,0,0,1,1,-1,9,1,40,7,-1,-1,-1,-1,6,E01024830,0,1
2024351445448,2024,351445448,2,1,-1,-1,-1,-1,-1,-1,-1,0,-1,-1,-1,0,-1,1,-1,6,2,21,5,-1,-1,-1,-1,9,E01028818,0,5
2024411401612,2024,411401612,3,9,0,-1,19,1,5,-1,0,0,0,0,0,0,1,1,-1,6,2,63,9,-1,-1,-1,-1,5,E01002440,0,3
2024991485809,2024,991485809,1,1,0,-1,19,7,3,-1,0,0,0,0,0,0,1,1,-1,9,1,42,7,-1,-1,-1,-1,2,-1,0,1
2024010486900,2024,010486900,1,3,0,18,19,5,1,0,0,8,0,0,0,0,3,1,6,6,3,-1,-1,-1,-1,-1,-1,-1,-1,0,-1
2024371525471,2024,371525471,2,1,0,-1,19,8,4,-1,4,0,0,0,0,0,2,1,-1,6,1,24,5,-1,-1,-1,-1,-1,-1,0,-1
2024522500023,2024,522500023,1,1,0,18,19,5,1,0,0,0,1,0,0,0,1,1,6,6,1,23,5,-1,-1,-1,-1,8,E01014510,0,1
2024010491547,2024,010491547,1,1,9,99,99,9,9,99,99,9,9,99,9,99,9,1,6,6,2,24,5,-1,-1,-1,-1,3,E01000315,0,2
2024320620649,2024,320620649,2,1,0,-1,-1,2,6,5,5,0,0,0,0,0,1,1,-1,-1,1,47,8,-1,-1,-1,-1,7,E01026153,0,1
2024141438488,2024,141438488,2,-1,0,-1,19,8,5,-1,0,2,1,0,0,0,4,1,-1,6,1,13,3,-1,-1,-1,-1,4,E01007742,1,1
2024430627189,2024,430627189,1,9,0,3,3,4,8,0,0,0,0,0,0,0,3,1,6,6,1,-1,-1,-1,-1,-1,-1,-1,-1,0,-1
2024010492507,2024,010492507,1,9,0,9,9,3,1,0,0,8,0,0,0,0,1,1,2,2,1,60,9,-1,-1,-1,-1,6,E01003707,0,1
2024041535986,2024,041535986,1,9,0,-1,-1,-1,-1,-1,0,1,-1,-1,-1,0,-1,9,-1,6,3,-1,-1,-1,-1,-1,-1,-1,-1,0,-1
2024131415907,2024,131415907,1,9,0,-1,-1,-1,-1,-1,-1,-1,-1,-1,-1,-1,-1,1,-1,6,3,-1,-1,-1,-1,-1,-1,-1,-1,0,-1
2024421459383,2024,421459383,1,9,0,-1,-1,-1,-1,-1,-1,0,-1,-1,-1,0,-1,9,-1,6,3,-1,-1,-1,-1,-1,-1,-1,-1,0,-1
2024430303576,2024,430303576,2,97,0,18,19,1,5,0,0,0,0,0,0,0,1,1,6,6,1,47,8,-1,-1,-1,-1,-1,-1,0,-1
2024052500081,2024,052500081,1,9,0,5,5,1,5,0,0,0,0,0,0,0,3,1,6,6,3,-1,-1,-1,-1,-1,-1,-1,-1,0,-1
2024522500056,2024,522500056,1,97,0,13,13,4,8,0,0,2,0,0,0,0,1,1,6,6,1,-1,-1,-1,-1,-1,-1,-1,-1,0,-1
2024010546985,2024,010546985,2,1,0,18,19,5,1,0,0,1,0,0,0,0,4,1,6,6,1,42,7,-1,-1,-1,-1,3,E01001843,0,1
2024161476541,2024,161476541,1,1,0,-1,19,2,6,-1,0,0,5,0,0,0,0,1,-1,6,1,42,7,-1,-1,-1,-1,7,E01026080,0,1
2024101414115,2024,101414115,2,1,0,-1,19,3,7,-1,0,8,5,0,0,0,0,1,-1,6,1,55,8,-1,-1,-1,-1,4,E01008306,0,1
2024010523749,2024,010523749,2,1,0,18,19,1,5,0,0,1,0,0,0,0,1,1,6,6,2,29,6,-1,-1,-1,-1,5,E01004487,0,1
2024430457165,2024,430457165,2,9,0,14,14,4,8,0,0,1,0,0,0,0,1,1,6,6,1,-1,-1,-1,-1,-1,-1,-1,-1,0,-1
2024131418553,2024,131418553,1,9,0,-1,19,3,7,-1,0,2,0,0,0,0,1,1,-1,6,1,38,7,-1,-1,-1,-1,7,E01010760,0,1
2024311507759,2024,311507759,2,-1,0,-1,19,8,4,-1,9,8,1,0,0,0,1,1,-1,6,1,25,5,-1,-1,-1,-1,-1,-1,1,-1
2024401411603,2024,401411603,2,1,0,-1,19,-1,-1,-1,0,3,0,0,0,0,4,1,-1,2,1,50,8,-1,-1,-1,-1,8,E01017468,0,1
2024451494917,2024,451494917,2,9,9,-1,99,1,5,-1,99,1,9,99,0,0,3,1,-1,6,3,30,6,-1,-1,-1,-1,-1,-1,0,-1
2024552401493,2024,552401493,1,9,0,13,13,7,3,0,0,0,0,0,0,0,0,1,6,6,3,-1,-1,-1,-1,-1,-1,-1,-1,0,-1
2024010526090,2024,010526090,2,19,0,2,2,9,9,99,99,9,9,99,9,99,9,9,6,6,3,-1,-1,-1,-1,-1,-1,-1,-1,0,-1
2024010509707,2024,010509707,2,1,0,18,19,1,5,0,0,2,0,0,0,0,1,1,2,2,2,35,6,-1,-1,-1,-1,6,E01002964,0,2
2024061434013,2024,061434013,2,1,0,-1,19,1,5,-1,0,0,0,0,0,0,1,1,-1,6,1,14,3,-1,-1,-1,-1,8,E01006383,0,2
2024131449156,2024,131449156,3,9,0,-1,19,8,4,-1,0,8,0,0,0,0,3,1,-1,2,1,39,7,-1,-1,-1,-1,5,E01010651,0,1
2024351532173,2024,351532173,3,19,1,-1,19,4,8,-1,0,0,0,0,0,0,1,1,-1,1,1,55,8,-1,-1,-1,-1,1,E01008013,0,5
2024991477432,2024,991477432,1,9,0,-1,19,2,5,-1,0,0,1,0,1,0,3,1,-1,9,2,66,10,-1,-1,-1,-1,5,-1,0,4
2024991481983,2024,991481983,1,9,0,-1,19,8,4,-1,0,0,0,0,0,0,1,1,-1,9,1,33,6,-1,-1,-1,-1,8,-1,0,1
2024141415334,2024,141415334,1,9,0,-1,7,8,3,-1,0,6,0,0,0,0,4,9,-1,6,3,-1,-1,-1,-1,-1,-1,-1,-1,0,-1
2024351471559,2024,351471559,2,1,0,-1,19,7,3,-1,0,3,0,0,0,0,3,1,-1,1,1,45,7,-1,-1,-1,-1,1,E01015663,0,1
2024010533147,2024,010533147,2,4,0,4,4,5,1,0,0,2,5,0,0,0,2,1,6,6,1,18,4,-1,-1,-1,-1,2,E01000223,0,1
2024201479906,2024,201479906,1,97,0,-1,19,5,1,-1,0,8,0,0,0,0,1,1,-1,6,3,30,6,-1,-1,-1,-1,-1,-1,0,-1
2024451421159,2024,451421159,2,9,0,-1,19,1,5,-1,0,0,0,0,0,0,1,9,-1,6,3,50,8,-1,-1,-1,-1,-1,-1,0,-1
2024351473897,2024,351473897,2,1,0,-1,19,5,3,-1,4,1,0,0,0,0,1,1,-1,9,1,58,9,-1,-1,-1,-1,9,E01017988,0,1
2024010547982,2024,010547982,2,9,0,9,9,1,7,0,0,6,0,0,0,0,4,1,6,6,3,-1,-1,-1,-1,-1,-1,-1,-1,0,-1
2024332400680,2024,332400680,1,1,0,-1,5,5,1,-1,0,0,0,0,0,0,3,1,-1,9,2,61,9,-1,-1,-1,-1,9,E01025991,0,1
2024991458913,2024,991458913,1,9,0,-1,19,6,2,-1,0,1,0,0,0,0,4,1,-1,9,1,43,7,-1,-1,-1,-1,4,-1,0,3
2024211492450,2024,211492450,1,9,0,-1,9,3,1,-1,0,0,0,0,0,0,4,9,-1,6,1,-1,-1,-1,-1,-1,-1,-1,-1,0,-1
2024471469420,2024,471469420,2,1,-1,-1,19,-1,-1,-1,0,1,0,0,0,0,-1,1,-1,6,2,11,3,-1,-1,-1,-1,9,E01031356,0,1
2024010551295,2024,010551295,2,1,0,18,19,5,1,0,0,1,0,0,0,0,1,1,6,6,1,37,7,-1,-1,-1,-1,10,E01000815,0,1
2024201572880,2024,201572880,2,9,0,-1,19,1,5,-1,0,0,0,7,0,0,4,9,-1,1,1,36,7,-1,-1,-1,-1,6,E01029640,0,3
2024161535752,2024,161535752,1,9,0,-1,19,7,3,-1,0,1,0,0,0,0,1,1,-1,9,1,29,6,-1,-1,-1,-1,10,E01033496,0,1
2024311499047,2024,311499047,2,1,0,-1,19,5,1,-1,0,1,0,0,0,0,2,1,-1,7,1,16,4,-1,-1,-1,-1,-1,-1,0,-1
2024010526496,2024,010526496,2,1,0,18,19,1,5,0,0,1,0,10,0,0,3,1,6,6,2,72,10,-1,-1,-1,-1,3,E01001529,0,2
2024201537064,2024,201537064,2,9,0,-1,5,4,8,-1,0,0,0,0,0,0,4,1,-1,9,2,19,4,-1,-1,-1,-1,4,E01009223,0,2
2024101400744,2024,101400744,2,1,0,-1,19,5,1,-1,0,8,0,0,0,0,1,1,-1,2,1,52,8,-1,-1,-1,-1,7,E01027404,0,3
2024421455119,2024,421455119,2,9,0,-1,19,5,1,-1,0,0,0,0,0,0,2,9,-1,6,1,20,4,-1,-1,-1,-1,7,E01034094,0,4
2024211488126,2024,211488126,1,9,0,-1,19,5,1,-1,0,2,1,0,0,0,3,1,-1,2,1,32,6,-1,-1,-1,-1,6,E01029733,0,1
2024010544124,2024,010544124,2,1,9,99,99,9,9,99,99,9,9,99,9,99,9,1,3,7,2,44,7,-1,-1,-1,-1,2,E01004067,0,1
2024411510478,2024,411510478,1,98,0,-1,19,6,2,-1,0,1,0,0,0,0,1,1,-1,6,2,61,9,-1,-1,-1,-1,5,E01023322,0,2
2024311448568,2024,311448568,1,19,0,-1,19,2,6,-1,0,1,1,0,1,1,1,1,-1,9,1,59,9,-1,-1,-1,-1,6,E01027946,0,1
2024061476877,2024,061476877,1,9,-1,-1,-1,-1,-1,-1,-1,0,-1,-1,-1,0,-1,9,-1,6,2,29,6,-1,-1,-1,-1,1,E01005585,0,3
2024411518868,2024,411518868,1,9,0,-1,19,1,5,-1,0,8,0,0,0,0,1,1,-1,6,1,50,8,-1,-1,-1,-1,-1,-1,0,-1
202417M113824,2024,17M113824,1,3,0,-1,19,4,8,-1,0,0,0,0,0,0,3,1,-1,6,1,78,11,-1,-1,-1,-1,3,E01012328,0,3
2024061443750,2024,061443750,1,1,0,-1,8,-1,-1,-1,99,1,0,8,0,0,3,1,-1,2,1,31,6,-1,-1,-1,-1,1,E01005065,0,1
2024421459443,2024,421459443,1,9,0,-1,9,1,3,-1,0,3,0,0,0,0,-1,1,-1,6,1,-1,-1,-1,-1,-1,-1,-1,-1,0,-1
2024440542774,2024,440542774,1,1,0,18,19,5,1,0,0,8,0,0,0,0,4,1,6,6,2,51,8,-1,-1,-1,-1,1,E01017237,0,1
2024351443098,2024,351443098,1,9,0,-1,19,-1,-1,-1,0,1,0,0,0,0,1,9,-1,6,3,-1,-1,-1,-1,-1,-1,-1,-1,0,-1
2024361525738,2024,361525738,1,9,0,-1,19,5,1,-1,0,0,0,0,7,4,1,1,-1,6,1,66,10,-1,-1,-1,-1,5,E01015617,0,4
2024010545164,2024,010545164,2,1,0,7,7,5,8,0,0,4,0,0,0,0,1,1,6,6,1,15,3,-1,-1,-1,-1,3,E01000404,0,1
2024010526391,2024,010526391,2,1,9,99,99,9,9,99,99,1,9,99,9,99,9,1,6,6,1,-1,-1,-1,-1,-1,-1,-1,-1,0,-1
2024010535975,2024,010535975,1,1,0,9,9,2,7,0,0,8,0,0,0,0,4,1,6,6,1,19,4,-1,-1,-1,-1,1,E01001846,0,1
2024211518994,2024,211518994,2,19,0,-1,19,5,1,-1,0,0,0,0,0,0,1,2,-1,9,1,56,9,-1,-1,-1,-1,-1,-1,0,-1
2024461399607,2024,461399607,2,1,0,-1,19,2,6,-1,0,0,0,0,0,0,1,1,-1,6,1,18,4,-1,-1,-1,-1,8,E01024100,0,1
2024010547393,2024,010547393,1,1,0,18,19,3,7,0,0,1,0,0,0,0,3,1,1,1,1,22,5,-1,-1,-1,-1,2,E01035676,0,1
2024451523651,2024,451523651,3,99,0,-1,3,2,4,-1,0,0,0,0,0,0,2,1,-1,6,3,40,7,-1,-1,-1,-1,-1,-1,0,-1
2024010542519,2024,010542519,2,1,0,15,15,5,1,0,0,0,0,0,0,0,1,1,1,1,1,32,6,-1,-1,-1,-1,2,E01000102,0,3
2024622400052,2024,622400052,2,1,0,18,19,2,6,0,0,0,0,0,0,0,1,1,6,6,1,50,8,-1,-1,-1,-1,5,W01001839,0,1
2024471445986,2024,471445986,2,9,0,-1,19,7,3,-1,0,1,0,0,0,0,3,1,-1,9,1,25,5,-1,-1,-1,-1,10,E01024321,0,4
2024991516960,2024,991516960,1,9,0,-1,19,7,3,-1,0,0,0,0,0,0,1,1,-1,9,1,25,5,-1,-1,-1,-1,9,-1,0,1
2024320009223,2024,320009223,3,9,0,8,8,8,2,0,0,1,0,0,0,0,1,1,6,6,2,45,7,-1,-1,-1,-1,7,E01013292,0,4
2024430308737,2024,430308737,1,9,0,4,4,8,4,0,0,0,0,0,0,0,2,1,6,6,1,30,6,-1,-1,-1,-1,4,E01004358,0,4
2024361484411,2024,361484411,4,9,0,-1,19,6,1,-1,0,0,0,0,0,0,2,1,-1,9,1,43,7,-1,-1,-1,-1,4,E01026864,0,2
2024461522227,2024,461522227,2,11,0,-1,19,6,1,-1,0,0,0,0,0,0,1,1,-1,1,1,56,9,-1,-1,-1,-1,2,E01024585,0,2
2024991460640,2024,991460640,1,5,0,-1,19,5,2,-1,0,2,5,0,7,0,4,1,-1,9,2,59,9,-1,-1,-1,-1,-1,-1,0,-1
2024141451024,2024,141451024,1,90,0,-1,19,1,5,-1,0,0,0,0,0,0,1,9,-1,6,3,-1,-1,-1,-1,-1,-1,-1,-1,0,-1
2024010509484,2024,010509484,1,1,0,99,99,9,9,0,0,9,0,99,9,99,9,1,6,6,3,-1,-1,-1,-1,-1,-1,-1,-1,0,-1
2024351469192,2024,351469192,2,1,0,-1,4,1,5,-1,0,0,0,0,0,0,2,1,-1,9,1,32,6,-1,-1,-1,-1,7,E01015590,0,1
2024010530747,2024,010530747,2,1,0,5,5,5,1,0,0,6,0,0,0,0,3,1,2,2,1,47,8,-1,-1,-1,-1,4,E01001511,0,1
2024471479666,2024,471479666,1,9,0,-1,9,7,3,-1,0,6,0,0,0,0,1,2,-1,9,1,46,8,-1,-1,-1,-1,-1,-1,0,-1
2024631464399,2024,631464399,2,9,0,-1,19,1,5,-1,0,8,1,0,3,10,4,1,-1,9,2,68,10,-1,-1,-1,-1,8,W01002013,0,2
2024010486838,2024,010486838,2,19,0,2,2,0,0,2,2,2,0,0,0,0,2,1,6,6,3,-1,-1,-1,-1,-1,-1,-1,-1,0,-1
2024471449583,2024,471449583,2,99,0,-1,19,5,1,-1,0,0,0,0,0,0,0,9,-1,6,3,-1,-1,-1,-1,-1,-1,-1,-1,0,-1
2024010519460,2024,010519460,2,9,0,99,99,9,9,99,99,9,9,99,9,99,1,9,6,6,2,73,10,-1,-1,-1,-1,7,E01004275,0,1
2024010493049,2024,010493049,2,9,0,18,19,1,5,0,0,2,0,0,0,0,4,1,6,6,1,-1,-1,-1,-1,-1,-1,-1,-1,0,-1
2024361408901,2024,361408901,2,9,-1,-1,19,4,8,-1,0,2,0,0,0,0,-1,9,-1,6,3,-1,-1,-1,-1,-1,-1,-1,-1,0,-1
2024311457385,2024,311457385,2,9,0,-1,5,8,4,-1,0,1,0,0,0,0,1,9,-1,6,3,-1,-1,-1,-1,-1,-1,-1,-1,0,-1
2024010527062,2024,010527062,2,1,0,15,15,5,1,0,0,8,0,0,0,0,0,1,6,6,1,31,6,-1,-1,-1,-1,4,E01002101,0,1
2024231462232,2024,231462232,1,9,0,-1,13,7,3,-1,0,8,0,0,0,0,1,1,-1,6,2,23,5,-1,-1,-1,-1,8,E01031162,0,3
2024010509385,2024,010509385,2,9,9,99,99,9,9,99,99,9,9,99,9,99,9,9,6,6,3,-1,-1,-1,-1,-1,-1,-1,-1,0,-1
2024010494251,2024,010494251,1,3,0,99,99,9,9,99,99,1,9,99,9,99,1,1,1,1,3,29,6,-1,-1,-1,-1,2,E01003093,0,1
2024351465644,2024,351465644,2,9,0,-1,2,0,0,-1,0,0,0,0,0,0,1,1,-1,6,-1,-1,-1,-1,-1,-1,-1,-1,-1,0,-1
2024421436227,2024,421436227,2,5,0,-1,19,3,7,-1,0,0,1,0,0,0,1,1,-1,9,1,28,6,-1,-1,-1,-1,2,E01022046,0,2
2024351413178,2024,351413178,2,1,0,-1,7,1,5,-1,0,6,0,0,0,0,1,1,-1,7,1,11,3,-1,-1,-1,-1,5,E01018131,0,1
2024010490808,2024,010490808,2,9,0,18,19,3,7,0,0,1,1,0,0,0,1,1,6,6,1,29,6,-1,-1,-1,-1,10,E01031720,0,4
2024211514285,2024,211514285,2,19,0,-1,19,4,8,-1,0,0,0,0,0,0,1,1,-1,6,1,40,7,-1,-1,-1,-1,-1,-1,0,-1
2024010496692,2024,010496692,3,9,0,2,2,0,0,0,0,1,0,0,0,0,1,1,6,6,3,-1,-1,-1,-1,-1,-1,-1,-1,0,-1
2024231444001,2024,231444001,1,1,0,-1,19,2,6,-1,0,8,0,4,0,0,1,1,-1,9,2,46,8,-1,-1,-1,-1,6,E01031169,0,1
2024141503126,2024,141503126,1,9,0,-1,19,1,5,-1,0,1,0,0,0,0,1,1,-1,6,1,67,10,-1,-1,-1,-1,7,E01007683,0,1
2024430156717,2024,430156717,1,9,0,3,3,3,7,0,0,1,0,0,0,0,2,1,6,6,2,30,6,-1,-1,-1,-1,10,E01017677,0,3
2024010493694,2024,010493694,1,9,0,18,19,1,5,0,0,0,0,0,0,0,1,1,6,6,1,26,6,-1,-1,-1,-1,3,E01000100,0,1
2024010537848,2024,010537848,2,1,0,18,19,1,5,0,0,2,0,0,0,0,3,1,6,6,1,19,4,-1,-1,-1,-1,5,E01001613,0,1
2024010488639,2024,010488639,2,9,0,18,19,2,6,0,0,1,0,0,0,0,4,1,6,6,2,43,7,-1,-1,-1,-1,3,E01004167,0,1
2024010524410,2024,010524410,2,1,0,9,9,8,7,0,0,5,0,0,0,0,1,1,6,6,1,23,5,-1,-1,-1,-1,10,E01011888,0,5
2024201397671,2024,201397671,2,-1,0,-1,19,5,1,-1,0,0,0,0,0,0,2,1,-1,2,1,38,7,-1,-1,-1,-1,1,E01009892,1,1
2024471405973,2024,471405973,1,1,0,-1,19,1,6,-1,0,8,0,0,0,0,4,1,-1,6,1,55,8,-1,-1,-1,-1,7,E01031767,0,1
2024010499565,2024,010499565,1,-1,0,18,19,7,3,0,0,1,0,0,0,0,1,1,6,6,1,27,6,-1,-1,-1,-1,6,E01004616,1,1
2024010491637,2024,010491637,1,9,0,9,9,7,5,0,0,1,0,0,0,0,1,1,6,6,1,59,9,-1,-1,-1,-1,4,E01001946,0,1
2024991488782,2024,991488782,1,9,0,-1,19,2,6,-1,0,0,0,0,7,7,1,1,-1,9,1,63,9,-1,-1,-1,-1,-1,-1,0,-1
2024991416200,2024,991416200,1,9,0,-1,19,5,1,-1,0,0,0,0,0,0,1,1,-1,9,2,52,8,-1,-1,-1,-1,7,-1,0,4
2024010497220,2024,010497220,1,9,0,99,99,9,9,99,99,1,9,99,9,99,2,9,6,6,2,30,6,-1,-1,-1,-1,5,E01001853,0,1
2024451419804,2024,451419804,2,9,0,-1,19,1,5,-1,0,0,1,0,0,0,1,1,-1,9,1,18,4,-1,-1,-1,-1,5,E01024335,0,4
2024201471094,2024,201471094,1,9,0,-1,19,1,5,-1,0,6,0,0,0,0,1,1,-1,6,3,-1,-1,-1,-1,-1,-1,-1,-1,0,-1
2024520402810,2024,520402810,1,1,0,18,19,8,4,0,0,8,0,0,0,0,1,1,6,6,1,44,7,-1,-1,-1,-1,1,E01029106,0,1
2024411415306,2024,411415306,2,99,-1,-1,5,8,4,-1,0,2,0,0,0,0,1,9,-1,6,3,-1,-1,-1,-1,-1,-1,-1,-1,0,-1
2024131470233,2024,131470233,3,9,0,-1,2,0,0,-1,0,8,0,0,0,0,2,1,-1,6,-1,-1,-1,-1,-1,-1,-1,-1,-1,0,-1
2024201473470,2024,201473470,1,9,0,-1,19,8,4,-1,0,0,0,0,0,0,1,1,-1,6,-1,-1,-1,-1,-1,-1,-1,-1,-1,0,-1
2024010549591,2024,010549591,2,9,0,3,3,7,3,0,0,0,0,0,0,0,2,1,1,1,1,32,6,-1,-1,-1,-1,7,E01024650,0,4
2024010527733,2024,010527733,1,97,0,18,19,1,5,0,0,8,0,0,3,0,1,1,6,6,3,-1,-1,-1,-1,-1,-1,-1,-1,0,-1
2024010550476,2024,010550476,2,9,0,18,19,5,1,0,0,8,0,0,0,0,1,1,6,6,3,-1,-1,-1,-1,-1,-1,-1,-1,0,-1
2024332400960,2024,332400960,1,19,0,-1,19,2,6,-1,0,0,1,10,1,4,1,1,-1,1,1,43,7,-1,-1,-1,-1,9,E01025778,0,1
2024501501482,2024,501501482,2,1,0,-1,19,2,6,-1,0,1,5,0,0,0,1,1,-1,6,1,40,7,-1,-1,-1,-1,5,E01019992,0,1
2024311524182,2024,311524182,1,99,-1,-1,-1,-1,-1,-1,-1,-1,-1,-1,-1,0,-1,9,-1,6,3,-1,-1,-1,-1,-1,-1,-1,-1,0,-1
2024361485923,2024,361485923,2,1,0,-1,19,3,7,-1,4,1,1,0,0,0,3,1,-1,2,2,25,5,-1,-1,-1,-1,8,E01026856,0,1
2024552401430,2024,552401430,1,9,0,18,19,6,2,0,0,0,0,0,0,0,4,1,6,6,3,-1,-1,-1,-1,-1,-1,-1,-1,0,-1
2024010493142,2024,010493142,2,1,0,16,19,7,3,0,0,2,0,0,0,0,1,1,2,2,1,43,7,-1,-1,-1,-1,8,E01000361,0,3
2024010496704,2024,010496704,1,9,0,6,6,7,7,0,0,0,0,0,0,0,4,1,6,6,1,34,6,-1,-1,-1,-1,6,E01033589,0,1
2024320184671,2024,320184671,2,9,0,14,14,8,4,0,0,0,0,0,0,0,1,1,6,6,1,52,8,-1,-1,-1,-1,4,E01026044,0,2
2024471530275,2024,471530275,2,1,0,-1,19,1,6,-1,4,1,0,0,0,0,4,1,-1,6,1,20,4,-1,-1,-1,-1,3,E01016937,0,1
2024031487344,2024,031487344,1,9,0,-1,19,1,5,-1,0,1,0,0,0,0,1,1,-1,9,1,50,8,-1,-1,-1,-1,4,E01019359,0,1
2024451498701,2024,451498701,1,9,0,-1,19,5,1,-1,0,2,0,0,0,0,1,1,-1,6,2,32,6,-1,-1,-1,-1,4,E01030634,0,1
2024010492758,2024,010492758,1,1,9,99,99,9,9,99,99,9,9,99,9,99,9,1,6,6,1,45,7,-1,-1,-1,-1,8,E01035714,0,1
2024302400410,2024,302400410,3,9,0,16,19,8,4,0,0,0,0,0,0,0,1,1,6,6,2,45,7,-1,-1,-1,-1,7,E01007841,0,3
2024010505536,2024,010505536,2,1,0,18,19,1,5,0,0,1,0,4,0,0,1,1,6,6,1,44,7,-1,-1,-1,-1,9,E01035488,0,1
2024991513644,2024,991513644,1,9,0,-1,9,2,8,-1,0,1,0,0,0,0,1,1,-1,9,1,22,5,-1,-1,-1,-1,6,-1,0,2
2024471507807,2024,471507807,2,1,0,-1,19,1,5,-1,0,1,0,0,0,0,1,1,-1,6,1,20,4,-1,-1,-1,-1,10,E01031485,0,1
2024531461126,2024,531461126,2,9,0,-1,19,4,8,-1,0,1,0,0,0,0,3,1,-1,9,1,26,6,-1,-1,-1,-1,8,E01035036,0,1
2024430113720,2024,430113720,2,9,0,18,19,2,6,0,0,1,0,0,0,0,1,1,6,6,1,-1,-1,-1,-1,-1,-1,-1,-1,0,-1
2024141422555,2024,141422555,1,9,0,-1,19,1,6,-1,0,1,0,0,0,0,1,9,-1,6,3,-1,-1,-1,-1,-1,-1,-1,-1,0,-1
2024231454893,2024,231454893,1,1,0,-1,19,1,3,-1,0,0,0,0,0,0,4,1,-1,9,1,56,9,-1,-1,-1,-1,7,E01031224,0,3
2024010503451,2024,010503451,1,9,0,99,99,9,9,99,99,9,9,99,9,99,1,9,6,6,3,-1,-1,-1,-1,-1,-1,-1,-1,0,-1
2024471459435,2024,471459435,2,1,0,-1,19,3,1,-1,0,1,1,0,0,0,3,1,-1,2,1,53,8,-1,-1,-1,-1,2,E01021179,0,2
2024451468104,2024,451468104,2,9,0,-1,19,4,7,-1,0,0,1,0,0,0,2,1,-1,9,1,54,8,-1,-1,-1,-1,9,E01003006,0,3
2024131528082,2024,131528082,1,9,0,-1,-1,-1,-1,-1,-1,0,-1,-1,-1,-1,-1,1,-1,6,3,-1,-1,-1,-1,-1,-1,-1,-1,0,-1
2024010487874,2024,010487874,1,4,0,18,19,3,7,0,0,1,0,0,0,0,3,1,6,6,1,24,5,-1,-1,-1,-1,4,E01001197,0,2
2024041533174,2024,041533174,2,9,0,-1,19,7,3,-1,0,8,1,0,0,0,4,1,-1,6,1,28,6,-1,-1,-1,-1,3,E01025267,0,1
2024010493898,2024,010493898,1,9,0,99,99,9,9,99,99,9,9,99,9,99,9,9,6,6,2,39,7,-1,-1,-1,-1,8,E01001526,0,1
2024411455578,2024,411455578,1,-1,-1,-1,-1,-1,-1,-1,-1,0,-1,-1,-1,0,-1,1,-1,6,3,-1,-1,-1,-1,-1,-1,-1,-1,1,-1
2024010487375,2024,010487375,2,9,0,18,19,3,7,0,0,0,0,0,0,0,2,1,6,6,1,45,7,-1,-1,-1,-1,3,E01001645,0,1
2024010490344,2024,010490344,2,1,0,18,19,1,5,9,9,1,0,0,0,0,1,1,1,1,1,39,7,-1,-1,-1,-1,4,E01033920,0,1
2024010490604,2024,010490604,1,9,0,5,5,1,5,0,0,6,0,0,0,0,1,1,6,6,1,40,7,-1,-1,-1,-1,3,E01034145,0,2
2024010530078,2024,010530078,1,1,9,99,99,9,9,99,99,9,9,99,9,99,9,1,6,6,1,55,8,-1,-1,-1,-1,4,E01000559,0,1
2024211530985,2024,211530985,2,1,0,-1,19,4,8,-1,0,0,0,0,0,0,1,1,-1,9,1,59,9,-1,-1,-1,-1,-1,-1,0,-1
2024522401677,2024,522401677,2,9,0,1,1,1,5,0,0,8,0,0,0,0,2,1,6,6,3,-1,-1,-1,-1,-1,-1,-1,-1,0,-1
2024010498571,2024,010498571,2,1,0,18,19,1,5,0,0,0,0,0,0,0,3,1,1,1,1,26,6,-1,-1,-1,-1,-1,-1,0,-1
202460Q102728,2024,60Q102728,3,9,0,18,19,5,1,0,0,0,0,0,0,0,3,1,6,6,1,55,8,-1,-1,-1,-1,-1,-1,0,-1
2024052402792,2024,052402792,1,9,0,15,15,4,8,0,0,8,0,0,0,0,1,1,6,6,3,-1,-1,-1,-1,-1,-1,-1,-1,0,-1
2024101479227,2024,101479227,1,9,0,-1,19,3,7,-1,0,0,0,0,0,0,1,2,-1,1,1,62,9,-1,-1,-1,-1,6,E01027536,0,1
2024052401434,2024,052401434,1,1,0,18,19,6,2,0,0,8,0,0,0,0,0,1,6,6,1,31,6,-1,-1,-1,-1,2,E01006785,0,1
2024311518424,2024,311518424,1,-1,0,-1,19,8,6,-1,9,0,0,10,1,0,1,1,-1,6,1,16,4,-1,-1,-1,-1,-1,-1,1,-1
2024010532530,2024,010532530,1,1,9,99,99,9,9,99,99,9,9,99,9,99,9,1,2,2,2,23,5,-1,-1,-1,-1,9,E01003799,0,1
2024991398675,2024,991398675,2,90,0,-1,19,4,8,-1,0,1,0,0,0,0,1,1,-1,2,1,31,6,-1,-1,-1,-1,3,-1,0,2
2024461490014,2024,461490014,1,19,0,-1,2,0,0,-1,0,0,0,0,0,0,4,9,-1,1,2,30,6,-1,-1,-1,-1,-1,-1,0,-1
2024041480541,2024,041480541,2,1,0,-1,19,1,5,-1,0,0,0,0,0,0,1,1,-1,6,2,48,8,-1,-1,-1,-1,2,E01025210,0,1