collision_index,collision_year,collision_ref_no,vehicle_reference,vehicle_type,towing_and_articulation,vehicle_manoeuvre_historic,vehicle_manoeuvre,vehicle_direction_from,vehicle_direction_to,vehicle_location_restricted_lane_historic,vehicle_location_restricted_lane,junction_location,skidding_and_overturning,hit_object_in_carriageway,vehicle_leaving_carriageway,hit_object_off_carriageway,first_point_of_impact,vehicle_left_hand_drive,journey_purpose_of_driver_historic,journey_purpose_of_driver,sex_of_driver,age_of_driver,age_band_of_driver,engine_capacity_cc,propulsion_code,age_of_vehicle,generic_make_model,driver_imd_decile,lsoa_of_driver,escooter_flag,driver_distance_banding
2024131451670,2024,131451670,1,90,0,-1,-1,-1,-1,-1,-1,-1,-1,-1,-1,-1,-1,1,-1,6,3,-1,-1,-1,-1,-1,-1,-1,-1,0,-1
2024010553044,2024,010553044,2,9,0,99,99,9,9,99,99,9,9,99,9,99,1,9,6,6,3,-1,-1,-1,-1,-1,-1,-1,-1,0,-1
2024041481122,2024,041481122,2,98,0,-1,19,5,1,-1,0,0,0,0,0,0,2,2,-1,1,1,36,7,-1,-1,-1,-1,-1,-1,0,-1
2024340WN6472,2024,340WN6472,2,9,0,-1,19,4,8,-1,0,8,0,0,0,0,1,1,-1,9,1,76,11,-1,-1,-1,-1,3,E01027191,0,1
2024311437868,2024,311437868,1,9,0,-1,19,1,5,-1,0,0,1,0,0,0,0,1,-1,6,1,20,4,-1,-1,-1,-1,-1,-1,0,-1
2024351449983,2024,351449983,1,1,0,-1,7,1,3,-1,0,6,0,0,0,0,1,1,-1,6,1,33,6,-1,-1,-1,-1,-1,-1,0,-1
2024471444381,2024,471444381,1,9,0,-1,19,8,4,-1,0,1,0,0,1,11,1,1,-1,9,1,30,6,-1,-1,-1,-1,-1,-1,0,-1
2024451505507,2024,451505507,1,-1,0,-1,19,1,5,-1,0,0,0,0,0,0,1,1,-1,6,1,39,7,-1,-1,-1,-1,2,E01003093,1,4
2024041441480,2024,041441480,2,1,0,-1,19,-1,-1,-1,0,0,0,0,0,0,-1,1,-1,9,1,54,8,-1,-1,-1,-1,9,E01004788,0,3
2024131467352,2024,131467352,2,1,0,-1,19,8,4,-1,0,8,1,0,0,0,1,1,-1,6,1,33,6,-1,-1,-1,-1,1,E01011431,0,1
2024070966586,2024,070966586,2,1,0,-1,19,4,8,-1,0,8,0,0,0,0,1,1,-1,6,1,12,3,-1,-1,-1,-1,3,E01018731,0,1
2024061416838,2024,061416838,1,9,0,-1,8,2,4,-1,0,1,0,0,0,0,1,1,-1,6,3,-1,-1,-1,-1,-1,-1,-1,-1,0,-1
2024501472137,2024,501472137,2,9,0,-1,5,3,5,-1,0,1,0,0,0,0,4,9,-1,6,3,-1,-1,-1,-1,-1,-1,-1,-1,0,-1
2024010491955,2024,010491955,1,9,0,99,99,9,9,99,99,9,9,99,9,99,2,9,6,6,2,18,4,-1,-1,-1,-1,1,E01002026,0,1
2024061517191,2024,061517191,1,9,0,-1,19,7,3,-1,0,1,0,0,0,0,1,9,-1,6,1,30,6,-1,-1,-1,-1,1,E01034120,0,1
2024161502172,2024,161502172,1,9,0,-1,19,7,3,-1,0,0,0,0,0,0,1,1,-1,1,1,55,8,-1,-1,-1,-1,8,E01013028,0,3
2024131508922,2024,131508922,2,-1,0,-1,19,3,7,-1,9,8,0,0,0,0,3,1,-1,9,2,44,7,-1,-1,-1,-1,1,E01011472,1,1
2024311524660,2024,311524660,2,9,0,-1,19,1,5,-1,0,0,0,0,0,0,1,9,-1,6,3,-1,-1,-1,-1,-1,-1,-1,-1,0,-1
2024010503453,2024,010503453,2,9,0,99,99,9,9,99,99,6,9,99,9,99,1,9,6,6,1,-1,-1,-1,-1,-1,-1,5,E01015000,0,5
2024010519117,2024,010519117,2,1,0,18,19,1,5,0,0,1,0,0,0,0,1,1,6,6,1,18,4,-1,-1,-1,-1,3,E01033591,0,1
2024010540353,2024,010540353,1,1,9,99,99,9,9,99,99,1,9,99,9,99,1,1,6,6,1,29,6,-1,-1,-1,-1,4,E01028532,0,4
2024010553771,2024,010553771,2,9,0,99,99,9,9,99,99,5,9,99,9,99,9,9,6,6,3,-1,-1,-1,-1,-1,-1,-1,-1,0,-1
2024201456095,2024,201456095,2,9,0,-1,9,2,6,-1,0,1,0,0,0,0,1,9,-1,6,3,-1,-1,-1,-1,-1,-1,-1,-1,0,-1
2024520402202,2024,520402202,2,98,0,18,19,8,4,0,0,8,0,0,0,0,1,1,6,6,3,-1,-1,-1,-1,-1,-1,-1,-1,0,-1
2024010491268,2024,010491268,2,9,0,99,99,9,9,99,99,9,9,99,9,99,9,9,6,6,3,-1,-1,-1,-1,-1,-1,-1,-1,0,-1
2024101507406,2024,101507406,2,1,0,-1,19,3,7,-1,0,1,0,0,0,0,1,1,-1,2,1,44,7,-1,-1,-1,-1,1,E01008457,0,1
2024221522983,2024,221522983,1,9,0,-1,9,8,6,-1,0,5,0,0,0,0,1,9,-1,6,1,62,9,-1,-1,-1,-1,-1,-1,0,-1
2024010495096,2024,010495096,2,9,9,99,99,9,9,99,99,9,9,99,9,99,9,9,6,6,1,41,7,-1,-1,-1,-1,2,E01033737,0,1
2024302401362,2024,302401362,2,9,0,4,4,5,1,0,0,0,0,0,0,0,2,1,6,6,2,55,8,-1,-1,-1,-1,4,E01027950,0,2
2024411474200,2024,411474200,2,1,0,-1,9,3,5,-1,0,1,0,0,0,0,2,1,-1,1,1,36,7,-1,-1,-1,-1,3,E01002493,0,4
2024552401220,2024,552401220,2,1,0,18,19,2,6,4,4,8,0,0,0,0,1,1,6,6,1,56,9,-1,-1,-1,-1,5,E01015441,0,1
2024052402584,2024,052402584,2,1,0,18,19,3,7,0,0,1,0,0,0,0,2,1,6,6,1,11,3,-1,-1,-1,-1,1,E01007239,0,1
2024430572845,2024,430572845,1,9,0,18,19,8,4,0,0,0,0,0,0,0,1,1,6,6,1,28,6,-1,-1,-1,-1,5,E01002010,0,5
2024201510042,2024,201510042,1,9,0,-1,19,2,6,-1,0,0,0,10,1,0,4,1,-1,6,1,44,7,-1,-1,-1,-1,-1,-1,0,-1
2024010521096,2024,010521096,2,9,0,99,99,9,9,99,99,9,9,99,9,99,1,9,6,6,3,-1,-1,-1,-1,-1,-1,-1,-1,0,-1
2024430428596,2024,430428596,1,-1,0,18,19,6,2,0,0,2,0,0,0,0,3,1,6,6,1,18,4,-1,-1,-1,-1,3,E01028525,1,1
2024031529403,2024,031529403,1,90,0,-1,19,3,7,-1,0,0,1,0,0,0,1,1,-1,6,1,20,4,-1,-1,-1,-1,-1,-1,0,-1
2024440261774,2024,440261774,1,9,0,18,19,7,3,0,0,0,2,0,7,0,1,1,1,1,1,32,6,-1,-1,-1,-1,1,E01017332,0,1
2024421417037,2024,421417037,1,98,4,-1,19,3,7,-1,0,0,0,0,0,0,4,2,-1,1,1,56,9,-1,-1,-1,-1,-1,-1,0,-1
2024010528647,2024,010528647,2,1,0,18,19,1,5,0,0,1,0,0,0,0,1,1,1,1,1,25,5,-1,-1,-1,-1,6,E01004551,0,1
2024361516228,2024,361516228,2,1,0,-1,19,1,5,-1,0,1,0,0,0,0,1,1,-1,6,1,13,3,-1,-1,-1,-1,9,E01026558,0,1
2024010529378,2024,010529378,2,9,9,99,99,9,9,9,9,6,9,99,9,99,9,9,6,6,3,-1,-1,-1,-1,-1,-1,-1,-1,0,-1
2024010488538,2024,010488538,1,1,9,99,99,9,9,99,99,9,9,99,9,99,0,1,3,7,2,31,6,-1,-1,-1,-1,3,E01032574,0,1
2024430242310,2024,430242310,1,9,0,18,19,5,1,0,0,7,0,0,0,0,1,1,6,6,1,67,10,-1,-1,-1,-1,10,E01028624,0,1
2024351500959,2024,351500959,2,1,0,-1,19,5,1,-1,0,8,0,0,0,0,4,1,-1,2,1,23,5,-1,-1,-1,-1,9,E01018037,0,1
2024010524379,2024,010524379,2,1,9,18,19,1,5,99,99,9,9,99,9,99,1,1,6,6,3,-1,-1,-1,-1,-1,-1,-1,-1,0,-1
2024010517651,2024,010517651,1,1,9,99,99,9,9,99,99,0,9,99,9,99,1,1,2,2,1,51,8,-1,-1,-1,-1,8,E01004072,0,1
2024501423717,2024,501423717,2,9,0,-1,19,1,7,-1,0,0,0,0,0,0,1,1,-1,7,1,40,7,-1,-1,-1,-1,4,E01020302,0,1
2024131513186,2024,131513186,1,1,0,-1,-1,-1,-1,-1,-1,0,-1,-1,-1,-1,-1,1,-1,6,3,-1,-1,-1,-1,-1,-1,-1,-1,0,-1
2024010490030,2024,010490030,1,9,0,18,19,3,7,0,0,0,0,0,0,0,1,1,2,2,1,29,6,-1,-1,-1,-1,5,E01000067,0,1
2024340NN2072,2024,340NN2072,1,9,0,-1,19,7,3,-1,0,1,0,0,0,0,1,1,-1,6,2,45,7,-1,-1,-1,-1,-1,-1,0,-1
2024522401356,2024,522401356,1,1,0,18,19,8,4,0,0,1,0,0,0,0,9,1,6,6,2,40,7,-1,-1,-1,-1,7,E01014909,0,1
2024010505192,2024,010505192,1,1,9,18,19,9,9,99,99,9,9,99,9,99,1,1,6,6,1,19,4,-1,-1,-1,-1,5,E01003247,0,1
2024471405448,2024,471405448,2,1,0,-1,19,1,5,-1,0,1,0,0,0,0,1,1,-1,2,2,57,9,-1,-1,-1,-1,4,E01016882,0,1
2024101408322,2024,101408322,1,9,0,-1,19,1,5,-1,0,0,0,0,0,0,1,9,-1,6,1,30,6,-1,-1,-1,-1,-1,-1,0,-1
2024401422740,2024,401422740,1,19,0,-1,4,1,4,-1,0,1,0,0,0,0,1,9,-1,6,1,-1,-1,-1,-1,-1,-1,-1,-1,0,-1
2024461407861,2024,461407861,2,9,0,-1,9,1,5,-1,0,5,0,0,0,0,2,1,-1,6,2,39,7,-1,-1,-1,-1,1,E01024397,0,3
2024531411107,2024,531411107,1,9,0,-1,19,3,7,-1,0,0,0,0,0,0,4,1,-1,6,1,23,5,-1,-1,-1,-1,8,E01022255,0,2
2024201432683,2024,201432683,2,9,0,-1,19,7,3,-1,0,0,0,0,0,0,4,1,-1,6,1,20,4,-1,-1,-1,-1,4,E01009241,0,4
2024131534946,2024,131534946,2,9,0,-1,5,1,1,-1,0,2,0,0,0,0,0,1,-1,9,2,22,5,-1,-1,-1,-1,7,E01010593,0,1
2024440093426,2024,440093426,2,19,0,18,19,7,3,0,0,8,0,0,0,0,1,1,6,6,3,-1,-1,-1,-1,-1,-1,-1,-1,0,-1
2024430019942,2024,430019942,3,9,0,18,19,3,7,0,0,0,1,0,0,0,3,1,6,6,1,38,7,-1,-1,-1,-1,4,E01001241,0,3
2024461531046,2024,461531046,2,1,0,-1,19,1,5,-1,0,0,0,0,0,0,3,1,-1,9,1,17,4,-1,-1,-1,-1,6,E01024367,0,1
2024141406107,2024,141406107,2,9,0,-1,19,7,3,-1,0,0,0,0,0,0,4,9,-1,6,3,-1,-1,-1,-1,-1,-1,-1,-1,0,-1
2024421508921,2024,421508921,2,1,0,-1,19,5,2,-1,0,8,0,0,0,0,1,1,-1,6,1,80,11,-1,-1,-1,-1,4,E01021704,0,1
2024010511820,2024,010511820,1,1,9,99,99,9,9,99,99,9,9,99,9,99,1,1,6,6,1,59,9,-1,-1,-1,-1,5,E01002869,0,3
2024010541761,2024,010541761,1,1,9,99,99,9,9,99,99,0,9,99,9,99,0,1,2,2,2,55,8,-1,-1,-1,-1,9,E01004098,0,1
2024451395388,2024,451395388,1,1,0,-1,19,8,4,-1,0,0,0,0,0,0,3,1,-1,9,1,46,8,-1,-1,-1,-1,9,E01031001,0,1
2024421423704,2024,421423704,1,9,0,-1,10,5,3,-1,0,8,0,0,0,0,1,1,-1,1,1,21,5,-1,-1,-1,-1,4,E01001511,0,4
2024061474650,2024,061474650,1,9,0,-1,15,8,4,-1,0,0,0,0,0,0,4,9,-1,6,1,-1,-1,-1,-1,-1,-1,-1,-1,0,-1
2024131464522,2024,131464522,2,1,0,-1,19,8,4,-1,0,8,0,0,0,0,0,1,-1,9,1,27,6,-1,-1,-1,-1,1,E01032494,0,1
2024010492203,2024,010492203,2,11,0,18,19,6,2,1,1,4,0,0,0,0,1,1,1,1,1,55,8,-1,-1,-1,-1,2,E01024315,0,3
2024340NN2052,2024,340NN2052,2,9,0,-1,5,4,1,-1,0,6,0,0,0,0,3,1,-1,6,1,26,6,-1,-1,-1,-1,9,E01027042,0,1
2024010504441,2024,010504441,2,1,0,18,19,3,7,0,0,1,0,0,0,0,1,1,6,6,2,24,5,-1,-1,-1,-1,5,E01001859,0,1
2024440218142,2024,440218142,2,9,0,18,19,3,7,0,0,0,0,0,0,0,4,1,6,6,3,-1,-1,-1,-1,-1,-1,-1,-1,0,-1
202454B756424,2024,54B756424,1,19,0,5,5,8,4,0,0,1,0,0,0,0,1,1,6,6,1,40,7,-1,-1,-1,-1,8,E01022182,0,5
2024161510882,2024,161510882,1,1,0,-1,19,4,8,-1,0,1,0,0,0,0,1,1,-1,6,1,8,2,-1,-1,-1,-1,9,E01035479,0,1
2024041398052,2024,041398052,1,9,0,-1,19,-1,-1,-1,0,1,0,0,0,0,3,1,-1,6,3,-1,-1,-1,-1,-1,-1,-1,-1,0,-1
2024010527061,2024,010527061,2,20,0,99,99,9,9,99,99,9,9,99,9,99,9,9,6,6,3,-1,-1,-1,-1,-1,-1,-1,-1,0,-1
2024052402548,2024,052402548,1,19,0,13,13,6,2,0,0,1,0,0,0,0,4,1,6,6,3,-1,-1,-1,-1,-1,-1,-1,-1,0,-1
2024421519213,2024,421519213,1,97,0,-1,19,7,3,-1,0,1,1,0,0,0,1,1,-1,6,3,-1,-1,-1,-1,-1,-1,-1,-1,0,-1
2024221512024,2024,221512024,1,9,0,-1,19,8,4,-1,0,0,0,10,1,11,1,1,-1,9,1,40,7,-1,-1,-1,-1,5,E01014066,0,1
2024430465376,2024,430465376,2,1,0,18,19,8,4,4,4,1,0,0,0,0,1,1,2,2,2,43,7,-1,-1,-1,-1,2,E01028518,0,1
2024041468707,2024,041468707,1,9,0,-1,-1,-1,-1,-1,0,0,0,0,0,0,-1,9,-1,6,3,-1,-1,-1,-1,-1,-1,-1,-1,0,-1
2024552401382,2024,552401382,1,9,0,18,19,6,2,0,0,0,0,0,0,0,4,1,2,2,2,44,7,-1,-1,-1,-1,4,E01015443,0,1
2024520001112,2024,520001112,2,9,0,18,19,7,3,0,0,0,0,0,0,0,1,1,6,6,3,-1,-1,-1,-1,-1,-1,-1,-1,0,-1
2024070172516,2024,070172516,2,21,4,4,4,4,8,0,0,0,3,0,0,0,2,1,1,1,1,51,8,-1,-1,-1,-1,-1,-1,0,-1
2024010498651,2024,010498651,2,1,0,16,19,1,5,0,0,1,0,0,0,0,1,1,1,1,1,41,7,-1,-1,-1,-1,2,E01035685,0,1
202417L103624,2024,17L103624,1,9,0,-1,19,7,3,-1,0,0,0,0,0,0,1,1,-1,9,2,29,6,-1,-1,-1,-1,8,E01033480,0,4
2024991433677,2024,991433677,1,97,0,-1,19,8,6,-1,0,8,1,0,0,0,1,1,-1,9,3,-1,-1,-1,-1,-1,-1,-1,-1,0,-1
2024531410889,2024,531410889,1,9,0,-1,19,7,3,-1,0,0,5,0,2,11,4,1,-1,6,1,28,6,-1,-1,-1,-1,8,E01022191,0,1
2024401497648,2024,401497648,2,-1,0,-1,19,8,4,-1,0,1,5,0,0,0,1,1,-1,6,1,34,6,-1,-1,-1,-1,-1,-1,1,-1
2024061437193,2024,061437193,2,9,0,-1,1,-1,-1,-1,0,6,0,0,0,0,2,1,-1,6,3,-1,-1,-1,-1,-1,-1,-1,-1,0,-1
2024010537596,2024,010537596,2,1,0,18,19,1,5,0,0,0,0,0,0,0,1,1,1,1,1,29,6,-1,-1,-1,-1,3,E01004402,0,2
2024131506133,2024,131506133,2,22,0,-1,19,1,1,-1,0,8,0,0,0,0,2,1,-1,6,1,63,9,-1,-1,-1,-1,4,E01011891,0,1
2024471491452,2024,471491452,2,1,0,-1,19,7,3,-1,0,1,0,0,0,0,1,1,-1,6,1,55,8,-1,-1,-1,-1,8,E01020963,0,1
2024211490668,2024,211490668,2,9,0,-1,19,1,5,-1,0,2,0,0,0,0,1,1,-1,6,3,40,7,-1,-1,-1,-1,-1,-1,0,-1
2024430142104,2024,430142104,2,9,0,18,19,6,2,0,0,4,0,0,0,0,1,1,6,6,1,-1,-1,-1,-1,-1,-1,-1,-1,0,-1
2024101425641,2024,101425641,1,9,-1,-1,19,1,5,-1,0,6,0,0,0,0,1,9,-1,6,3,-1,-1,-1,-1,-1,-1,-1,-1,0,-1
2024221428380,2024,221428380,1,1,0,-1,9,7,4,-1,0,6,0,0,0,0,1,1,-1,6,2,16,4,-1,-1,-1,-1,3,E01032131,0,1
2024010519520,2024,010519520,2,1,9,99,99,9,9,99,99,1,9,99,0,0,9,1,6,6,1,-1,-1,-1,-1,-1,-1,-1,-1,0,-1
2024131406780,2024,131406780,1,9,0,-1,-1,-1,-1,-1,-1,-1,-1,-1,-1,-1,1,1,-1,6,3,-1,-1,-1,-1,-1,-1,-1,-1,0,-1
2024411541655,2024,411541655,1,9,0,-1,9,5,7,-1,0,0,0,0,0,0,1,1,-1,6,2,22,5,-1,-1,-1,-1,6,E01021794,0,3
2024440292960,2024,440292960,2,9,0,3,3,3,7,0,0,0,0,0,0,0,2,1,6,6,1,63,9,-1,-1,-1,-1,4,W01000456,0,5
2024010493388,2024,010493388,1,9,0,9,9,1,8,0,0,1,0,0,1,0,1,1,6,6,2,55,8,-1,-1,-1,-1,6,E01001525,0,1
2024421410162,2024,421410162,2,22,0,-1,9,1,7,-1,0,8,5,0,0,0,3,1,-1,6,1,85,11,-1,-1,-1,-1,5,E01022010,0,1
2024522500252,2024,522500252,1,9,0,18,19,7,3,0,0,0,0,8,0,0,1,1,6,6,3,-1,-1,-1,-1,-1,-1,-1,-1,0,-1
2024141526895,2024,141526895,1,1,0,-1,19,5,1,-1,0,8,0,0,0,0,3,1,-1,9,2,70,10,-1,-1,-1,-1,3,E01007591,0,1
2024041422142,2024,041422142,2,98,0,-1,19,7,3,-1,0,2,0,0,0,0,0,1,-1,2,1,38,7,-1,-1,-1,-1,5,E01025331,0,3
2024461488881,2024,461488881,1,9,0,-1,19,7,1,-1,0,4,1,9,1,0,4,9,-1,6,3,-1,-1,-1,-1,-1,-1,-1,-1,0,-1
2024520402539,2024,520402539,2,19,0,18,19,7,3,0,0,0,0,0,0,0,1,1,6,6,3,-1,-1,-1,-1,-1,-1,-1,-1,0,-1
2024041440950,2024,041440950,1,9,0,-1,19,1,5,-1,0,2,1,0,0,0,3,1,-1,6,2,42,7,-1,-1,-1,-1,5,E01025025,0,1
2024161412298,2024,161412298,2,9,0,-1,5,1,2,-1,0,6,0,0,0,0,3,1,-1,2,1,27,6,-1,-1,-1,-1,6,E01012912,0,1
2024010506966,2024,010506966,1,9,0,18,19,8,4,0,0,8,0,0,0,0,1,1,6,6,1,34,6,-1,-1,-1,-1,4,E01000185,0,1
2024622400486,2024,622400486,2,1,0,18,19,2,6,0,0,8,0,0,0,0,1,1,6,6,1,55,8,-1,-1,-1,-1,9,W01001104,0,1
2024201477702,2024,201477702,2,90,0,-1,19,6,2,-1,4,8,0,0,0,0,1,1,-1,6,1,64,9,-1,-1,-1,-1,1,E01009201,0,1
2024010491108,2024,010491108,2,9,0,99,99,9,9,99,99,9,9,99,9,99,1,9,6,6,3,-1,-1,-1,-1,-1,-1,-1,-1,0,-1
2024131516816,2024,131516816,2,1,0,-1,19,8,4,-1,0,0,0,0,0,0,3,1,-1,6,1,22,5,-1,-1,-1,-1,2,E01010910,0,3
2024411425285,2024,411425285,1,19,0,-1,19,5,1,-1,0,0,1,0,0,0,1,1,-1,1,1,46,8,-1,-1,-1,-1,4,E01030588,0,4
2024010511873,2024,010511873,1,9,0,9,9,7,4,0,0,5,0,0,0,0,1,1,6,6,2,68,10,-1,-1,-1,-1,7,E01002171,0,1
2024522402196,2024,522402196,1,9,0,2,2,0,0,0,0,0,0,0,0,0,3,1,6,6,2,25,5,-1,-1,-1,-1,10,E01035221,0,1
2024010534371,2024,010534371,2,1,9,99,99,9,9,99,99,9,9,99,9,99,1,1,2,2,1,26,6,-1,-1,-1,-1,4,E01003054,0,1
2024311481086,2024,311481086,1,9,0,-1,19,5,1,-1,0,0,0,0,0,0,1,1,-1,6,1,48,8,-1,-1,-1,-1,7,E01007552,0,4
2024010488415,2024,010488415,2,9,9,99,99,9,9,99,99,9,9,99,9,99,9,9,6,6,3,-1,-1,-1,-1,-1,-1,-1,-1,0,-1
2024501492658,2024,501492658,3,9,0,-1,9,7,5,-1,0,1,0,0,0,0,0,1,-1,9,2,35,6,-1,-1,-1,-1,5,E01018833,0,1
2024221445045,2024,221445045,1,9,0,-1,19,8,4,-1,0,2,0,0,0,0,1,9,-1,6,2,56,9,-1,-1,-1,-1,-1,-1,0,-1
2024371417116,2024,371417116,1,9,0,-1,7,5,7,-1,0,8,0,0,0,0,4,1,-1,7,1,30,6,-1,-1,-1,-1,5,E01030245,0,1
202454F277124,2024,54F277124,1,9,0,17,19,1,5,0,0,0,0,0,1,4,1,1,6,6,2,36,7,-1,-1,-1,-1,9,E01014741,0,4
2024361418504,2024,361418504,1,1,0,-1,19,3,7,-1,9,0,5,0,0,0,3,1,-1,6,2,42,7,-1,-1,-1,-1,4,E01026925,0,1
2024440012931,2024,440012931,2,1,0,18,19,4,8,0,0,0,0,0,0,0,2,1,2,2,1,64,9,-1,-1,-1,-1,4,E01017187,0,2
2024201511625,2024,201511625,2,1,0,-1,19,5,1,-1,9,0,2,0,0,0,3,1,-1,6,2,11,3,-1,-1,-1,-1,6,E01032591,0,1
2024332401222,2024,332401222,2,1,0,-1,19,7,3,-1,0,0,0,0,0,0,1,1,-1,6,3,-1,-1,-1,-1,-1,-1,-1,-1,0,-1
2024471439062,2024,471439062,1,1,0,-1,3,3,7,-1,0,0,0,0,0,0,0,1,-1,2,1,36,7,-1,-1,-1,-1,10,E01031800,0,1
2024430482273,2024,430482273,1,1,0,18,19,7,3,0,0,1,0,0,0,0,3,1,6,6,1,39,7,-1,-1,-1,-1,9,E01003400,0,4
2024430326083,2024,430326083,2,19,0,9,9,3,5,0,0,6,0,0,0,0,1,1,6,6,1,20,4,-1,-1,-1,-1,-1,-1,0,-1
2024631448053,2024,631448053,1,9,0,-1,19,2,6,-1,9,8,0,0,1,10,4,1,-1,6,3,-1,-1,-1,-1,-1,-1,-1,-1,0,-1
2024421393732,2024,421393732,1,98,0,-1,19,7,3,-1,0,0,0,0,0,0,1,1,-1,9,1,43,7,-1,-1,-1,-1,8,E01021613,0,1
2024311416593,2024,311416593,1,9,0,-1,19,5,1,-1,0,8,1,10,7,1,3,9,-1,9,1,27,6,-1,-1,-1,-1,2,E01027958,0,2
2024451527761,2024,451527761,1,9,0,-1,7,3,7,-1,0,1,0,0,0,0,1,1,-1,2,2,42,7,-1,-1,-1,-1,5,E01030587,0,2
2024131533420,2024,131533420,2,9,0,-1,19,1,5,-1,0,8,0,0,0,0,2,1,-1,9,1,47,8,-1,-1,-1,-1,1,E01011101,0,1
2024451426395,2024,451426395,2,1,0,-1,5,3,1,-1,0,4,0,0,0,0,1,1,-1,9,2,59,9,-1,-1,-1,-1,9,E01030992,0,1
2024131415169,2024,131415169,1,90,0,-1,-1,-1,-1,-1,-1,0,-1,-1,-1,-1,-1,1,-1,6,3,-1,-1,-1,-1,-1,-1,-1,-1,0,-1
2024340WN7142,2024,340WN7142,1,9,0,-1,19,1,5,-1,0,0,0,0,0,0,1,1,-1,6,3,-1,-1,-1,-1,-1,-1,-1,-1,0,-1
2024041433510,2024,041433510,1,23,0,-1,19,2,6,-1,0,1,0,4,0,0,1,1,-1,1,1,27,6,-1,-1,-1,-1,4,E01025314,0,1
2024361527978,2024,361527978,1,9,0,-1,19,8,6,-1,9,2,0,0,3,4,1,1,-1,9,1,18,4,-1,-1,-1,-1,10,E01026927,0,1
2024010523976,2024,010523976,2,1,0,16,19,7,3,0,0,6,0,0,0,0,1,1,6,6,1,77,11,-1,-1,-1,-1,4,E01001003,0,1
2024461471015,2024,461471015,2,1,-1,-1,-1,-1,-1,-1,-1,0,-1,-1,-1,0,-1,1,-1,6,2,13,3,-1,-1,-1,-1,6,E01024630,0,1
2024421535654,2024,421535654,2,1,0,-1,19,3,7,-1,0,0,0,0,0,0,1,1,-1,2,1,46,8,-1,-1,-1,-1,6,E01021689,0,1
2024010549955,2024,010549955,1,5,0,18,19,5,1,0,0,0,9,7,0,0,9,1,6,6,1,44,7,-1,-1,-1,-1,3,E01000506,0,1
2024201494622,2024,201494622,1,9,0,-1,10,1,7,-1,0,1,0,0,0,0,2,1,-1,9,1,57,9,-1,-1,-1,-1,1,E01009157,0,3
2024141493640,2024,141493640,1,9,0,-1,19,4,1,-1,0,1,0,0,0,0,1,9,-1,6,3,-1,-1,-1,-1,-1,-1,-1,-1,0,-1
2024471463979,2024,471463979,2,1,0,-1,14,1,5,-1,0,4,0,0,0,0,1,1,-1,6,1,-1,-1,-1,-1,-1,-1,-1,-1,0,-1
2024302401511,2024,302401511,2,9,0,18,19,5,1,0,0,0,0,0,0,0,0,1,6,6,3,-1,-1,-1,-1,-1,-1,-1,-1,0,-1
2024201468360,2024,201468360,1,9,0,-1,13,5,1,-1,0,1,0,0,0,0,1,1,-1,6,1,39,7,-1,-1,-1,-1,-1,-1,0,-1
2024991401648,2024,991401648,1,9,0,-1,19,1,5,-1,0,1,0,0,0,0,1,1,-1,9,1,76,11,-1,-1,-1,-1,2,-1,0,1
2024991475031,2024,991475031,2,9,0,-1,5,5,1,-1,0,4,0,0,0,0,3,2,-1,6,1,56,9,-1,-1,-1,-1,3,-1,0,1
2024010496894,2024,010496894,2,1,0,18,19,6,2,0,0,1,0,4,0,0,4,1,6,6,1,24,5,-1,-1,-1,-1,6,E01004347,0,1
2024052402737,2024,052402737,1,1,0,18,19,3,7,0,0,2,0,0,0,0,1,1,6,6,1,18,4,-1,-1,-1,-1,5,E01033762,0,1
2024010508922,2024,010508922,1,-1,0,99,99,9,9,99,99,9,9,99,9,0,9,9,6,6,3,-1,-1,-1,-1,-1,-1,-1,-1,1,-1
2024101414694,2024,101414694,1,9,0,-1,7,7,1,-1,0,2,0,0,0,0,1,1,-1,2,1,26,6,-1,-1,-1,-1,2,E01008252,0,1
2024010530133,2024,010530133,2,9,0,99,99,9,9,99,99,9,9,99,9,99,1,9,6,6,3,-1,-1,-1,-1,-1,-1,-1,-1,0,-1
2024061417075,2024,061417075,2,1,0,-1,5,7,3,-1,0,0,0,0,0,0,3,1,-1,9,1,15,3,-1,-1,-1,-1,2,E01005889,0,1
2024451456706,2024,451456706,2,1,0,-1,19,6,2,-1,0,0,0,0,0,0,4,1,-1,9,1,28,6,-1,-1,-1,-1,5,E01002885,0,3
2024052401193,2024,052401193,2,1,0,18,19,2,8,0,0,5,0,0,0,0,4,1,6,6,1,22,5,-1,-1,-1,-1,1,E01034396,0,1
2024010487675,2024,010487675,2,3,0,18,19,7,3,0,0,1,1,0,0,0,3,1,6,6,1,17,4,-1,-1,-1,-1,4,E01023303,0,3
2024461496209,2024,461496209,1,9,0,-1,19,2,6,-1,0,1,0,0,0,0,1,1,-1,6,1,83,11,-1,-1,-1,-1,4,E01024200,0,2
2024520402272,2024,520402272,1,1,0,18,19,8,4,0,0,8,0,0,0,0,1,1,6,6,1,35,6,-1,-1,-1,-1,4,E01029119,0,1
2024631444317,2024,631444317,1,9,0,-1,19,7,4,-1,0,0,0,0,0,0,4,1,-1,6,1,21,5,-1,-1,-1,-1,6,W01000574,0,1
2024411493575,2024,411493575,1,9,0,-1,19,2,6,-1,0,0,0,0,0,0,1,1,-1,6,1,65,9,-1,-1,-1,-1,7,E01023632,0,2
2024231482114,2024,231482114,1,9,0,-1,7,2,4,-1,0,6,0,0,0,0,1,1,-1,6,1,19,4,-1,-1,-1,-1,8,E01031218,0,2
2024461507660,2024,461507660,1,9,0,-1,9,7,5,-1,0,2,0,0,0,0,0,9,-1,6,3,-1,-1,-1,-1,-1,-1,-1,-1,0,-1
2024440237524,2024,440237524,2,9,0,4,4,6,2,0,0,0,0,0,0,0,2,1,6,6,2,48,8,-1,-1,-1,-1,5,E01017018,0,1
2024211426892,2024,211426892,1,9,0,-1,12,1,5,-1,0,0,0,0,0,0,3,9,-1,6,2,-1,-1,-1,-1,-1,-1,-1,-1,0,-1
2024010493875,2024,010493875,2,9,0,5,5,2,6,0,0,2,0,0,0,0,1,1,6,6,3,-1,-1,-1,-1,-1,-1,3,E01003567,0,1