collision_index,collision_year,collision_ref_no,vehicle_reference,vehicle_type,towing_and_articulation,vehicle_manoeuvre_historic,vehicle_manoeuvre,vehicle_direction_from,vehicle_direction_to,vehicle_location_restricted_lane_historic,vehicle_location_restricted_lane,junction_location,skidding_and_overturning,hit_object_in_carriageway,vehicle_leaving_carriageway,hit_object_off_carriageway,first_point_of_impact,vehicle_left_hand_drive,journey_purpose_of_driver_historic,journey_purpose_of_driver,sex_of_driver,age_of_driver,age_band_of_driver,engine_capacity_cc,propulsion_code,age_of_vehicle,generic_make_model,driver_imd_decile,lsoa_of_driver,escooter_flag,driver_distance_banding
2024520403105,2024,520403105,2,1,0,18,19,1,5,0,0,8,0,0,0,0,1,1,6,6,1,61,9,-1,-1,-1,-1,10,E01029115,0,1
2024231526219,2024,231526219,1,9,0,-1,19,4,8,-1,0,6,0,0,0,0,1,1,-1,9,1,26,6,-1,-1,-1,-1,10,E01023909,0,5
2024991453437,2024,991453437,1,9,0,-1,5,2,6,-1,0,0,0,0,0,0,1,1,-1,6,1,69,10,-1,-1,-1,-1,2,-1,0,1
2024421406447,2024,421406447,2,1,0,-1,-1,-1,-1,-1,-1,0,-1,-1,-1,0,-1,1,-1,6,1,52,8,-1,-1,-1,-1,9,E01015817,0,1
2024052402522,2024,052402522,1,1,0,18,19,4,8,0,0,0,0,0,0,0,1,1,6,6,3,-1,-1,-1,-1,-1,-1,-1,-1,0,-1
2024531447700,2024,531447700,2,1,0,-1,19,1,5,-1,0,1,2,0,0,0,1,1,-1,7,1,13,3,-1,-1,-1,-1,9,E01022101,0,1
2024010518611,2024,010518611,2,1,0,18,19,5,1,0,0,8,0,0,7,0,2,1,1,1,2,27,6,-1,-1,-1,-1,7,E01004499,0,1
2024010550401,2024,010550401,1,1,9,99,99,9,9,99,99,1,9,99,9,99,9,1,6,6,1,33,6,-1,-1,-1,-1,8,E01033728,0,1
2024461520203,2024,461520203,1,9,0,-1,5,1,3,-1,0,3,0,0,0,0,1,1,-1,2,1,58,9,-1,-1,-1,-1,10,E01000449,0,4
2024010493936,2024,010493936,1,9,0,18,19,1,5,0,0,0,2,4,0,0,4,1,6,6,2,32,6,-1,-1,-1,-1,7,E01002013,0,1
2024451447645,2024,451447645,2,9,0,-1,19,1,3,-1,9,8,0,0,0,0,1,9,-1,6,2,40,7,-1,-1,-1,-1,-1,-1,0,-1
2024010487799,2024,010487799,3,9,0,18,19,1,5,0,0,1,0,0,0,0,2,1,6,6,1,58,9,-1,-1,-1,-1,4,E01001321,0,1
2024010490490,2024,010490490,1,3,0,99,99,9,9,99,99,9,9,99,9,99,9,1,6,6,1,34,6,-1,-1,-1,-1,5,E01002219,0,1
2024340NN4192,2024,340NN4192,1,5,0,-1,19,5,1,-1,0,0,0,0,0,0,1,1,-1,2,1,48,8,-1,-1,-1,-1,8,E01026502,0,5
2024430309958,2024,430309958,2,9,0,2,2,0,0,0,0,0,0,0,0,0,3,1,6,6,1,-1,-1,-1,-1,-1,-1,-1,-1,0,-1
2024471397154,2024,471397154,1,9,0,-1,19,1,5,-1,0,0,0,0,0,0,1,9,-1,6,3,-1,-1,-1,-1,-1,-1,-1,-1,0,-1
2024141508684,2024,141508684,1,9,0,-1,19,3,3,-1,0,1,0,0,1,0,1,9,-1,6,3,-1,-1,-1,-1,-1,-1,-1,-1,0,-1
2024221485307,2024,221485307,1,9,0,-1,2,0,0,-1,0,0,0,0,0,0,3,1,-1,6,-1,46,8,-1,-1,-1,-1,-1,-1,0,-1
2024430517454,2024,430517454,1,9,0,18,19,1,5,0,0,4,0,0,0,0,1,1,6,6,1,34,6,-1,-1,-1,-1,-1,-1,0,-1
2024302401704,2024,302401704,1,11,0,-1,19,8,4,-1,9,0,0,0,0,0,4,1,-1,6,3,-1,-1,-1,-1,-1,-1,5,E01019456,0,2
2024361498600,2024,361498600,1,9,-1,-1,7,1,3,-1,0,8,0,0,0,0,2,9,-1,6,2,-1,-1,-1,-1,-1,-1,-1,-1,0,-1
2024991410797,2024,991410797,2,9,0,-1,19,4,8,-1,0,0,0,0,1,0,1,1,-1,9,1,63,9,-1,-1,-1,-1,8,-1,0,4
2024010514495,2024,010514495,1,-1,0,18,19,3,7,0,0,8,5,0,0,0,4,1,6,6,1,33,6,-1,-1,-1,-1,4,E01003969,1,2
2024332400507,2024,332400507,1,1,0,-1,9,1,7,-1,0,8,0,0,0,0,4,1,-1,9,1,65,9,-1,-1,-1,-1,10,E01034005,0,1
2024991514335,2024,991514335,1,9,0,-1,19,4,2,-1,0,2,0,0,0,0,1,1,-1,9,1,24,5,-1,-1,-1,-1,2,-1,0,4
2024010526729,2024,010526729,1,1,0,18,19,7,3,4,4,8,0,0,0,0,1,1,6,6,1,26,6,-1,-1,-1,-1,3,E01034204,0,2
2024501461425,2024,501461425,1,1,0,-1,4,2,6,-1,0,0,0,0,0,0,1,1,-1,2,1,28,6,-1,-1,-1,-1,4,E01015268,0,1
2024430026588,2024,430026588,2,8,0,2,2,0,0,0,0,0,0,0,0,0,2,1,1,1,3,-1,-1,-1,-1,-1,-1,9,E01016313,0,1
2024010488424,2024,010488424,1,1,9,99,99,9,9,99,99,9,9,99,9,99,9,1,2,2,1,28,6,-1,-1,-1,-1,3,E01003089,0,1
2024010517311,2024,010517311,2,9,0,99,99,9,9,99,99,9,9,99,9,99,9,9,6,6,3,-1,-1,-1,-1,-1,-1,-1,-1,0,-1
2024010531657,2024,010531657,2,-1,0,18,19,1,5,0,0,1,0,0,0,0,1,1,6,6,3,-1,-1,-1,-1,-1,-1,-1,-1,1,-1
2024052402495,2024,052402495,1,9,0,1,1,2,6,0,0,0,0,0,0,0,2,1,6,6,3,-1,-1,-1,-1,-1,-1,-1,-1,0,-1
2024361478600,2024,361478600,1,90,0,-1,19,7,3,-1,0,1,0,0,0,0,1,1,-1,6,2,14,3,-1,-1,-1,-1,6,E01026664,0,1
2024131451058,2024,131451058,1,-1,0,-1,19,3,7,-1,0,0,5,0,0,0,0,1,-1,9,1,39,7,-1,-1,-1,-1,1,E01011467,1,1
2024302400539,2024,302400539,1,9,0,7,7,4,6,0,0,1,0,0,0,0,4,1,6,6,3,-1,-1,-1,-1,-1,-1,5,E01019456,0,4
2024052402238,2024,052402238,1,8,0,9,9,8,4,0,0,1,0,0,0,0,1,1,1,1,3,-1,-1,-1,-1,-1,-1,-1,-1,0,-1
202417S300624,2024,17S300624,2,9,0,18,19,2,6,0,0,1,0,0,0,0,3,1,6,6,1,26,6,-1,-1,-1,-1,1,E01012039,0,1
2024471477927,2024,471477927,3,9,0,-1,4,7,3,-1,0,8,0,0,0,0,2,1,-1,2,1,25,5,-1,-1,-1,-1,5,E01031431,0,3
2024302401585,2024,302401585,2,1,0,18,19,3,7,0,0,0,0,0,1,9,1,1,6,6,1,38,7,-1,-1,-1,-1,9,E01019737,0,2
2024161419545,2024,161419545,4,1,0,-1,19,1,1,-1,4,0,5,0,0,0,1,1,-1,9,1,20,4,-1,-1,-1,-1,1,E01012906,0,1
2024041454090,2024,041454090,2,1,0,-1,19,1,5,-1,0,0,0,0,0,0,1,1,-1,6,1,51,8,-1,-1,-1,-1,1,E01025293,0,1
2024522401575,2024,522401575,2,98,9,18,19,6,2,0,0,8,0,0,0,0,1,9,6,6,3,-1,-1,-1,-1,-1,-1,-1,-1,0,-1
2024010504572,2024,010504572,2,1,0,18,19,1,5,0,0,8,0,0,0,0,1,1,6,6,2,25,5,-1,-1,-1,-1,4,E01000904,0,1
2024231484091,2024,231484091,1,9,0,-1,1,8,4,-1,9,6,0,0,0,0,2,1,-1,6,2,24,5,-1,-1,-1,-1,10,E01031134,0,1
2024010493013,2024,010493013,1,8,0,12,12,8,4,0,0,8,0,0,0,0,1,1,1,1,1,25,5,-1,-1,-1,-1,10,E01023231,0,4
2024010531527,2024,010531527,2,1,0,18,19,5,1,0,0,8,2,0,0,0,1,1,2,2,1,43,7,-1,-1,-1,-1,7,E01030414,0,2
2024332400855,2024,332400855,1,1,0,-1,19,8,4,-1,0,0,0,0,0,0,1,1,-1,6,1,-1,-1,-1,-1,-1,-1,-1,-1,0,-1
2024332400730,2024,332400730,1,97,0,-1,19,1,4,-1,0,0,1,10,0,0,3,1,-1,9,1,21,5,-1,-1,-1,-1,10,E01025651,0,1
2024311485012,2024,311485012,2,1,0,-1,19,3,7,-1,0,8,0,0,0,0,4,1,-1,6,1,16,4,-1,-1,-1,-1,-1,-1,0,-1
2024231485309,2024,231485309,2,1,0,-1,9,5,3,-1,0,5,0,0,0,0,9,1,-1,6,1,64,9,-1,-1,-1,-1,7,E01031335,0,1
2024010532953,2024,010532953,1,1,9,99,99,9,9,99,99,9,9,99,9,99,9,1,6,6,1,39,7,-1,-1,-1,-1,8,E01000910,0,1
2024451492369,2024,451492369,1,9,0,-1,19,1,5,-1,0,8,0,0,0,0,1,1,-1,6,1,19,4,-1,-1,-1,-1,8,E01030686,0,1
2024122500027,2024,122500027,2,1,0,18,19,5,1,0,0,8,0,0,0,0,4,1,6,6,1,47,8,-1,-1,-1,-1,10,E01013376,0,1
2024010492496,2024,010492496,1,9,0,10,10,1,6,0,0,8,0,0,0,0,1,1,6,6,1,35,6,-1,-1,-1,-1,3,E01003101,0,2
2024440436578,2024,440436578,2,1,0,18,19,4,8,0,0,8,0,0,0,0,3,1,2,2,2,53,8,-1,-1,-1,-1,5,E01017096,0,1
2024201422030,2024,201422030,1,19,0,-1,5,4,8,-1,0,0,0,0,0,0,1,9,-1,6,3,40,7,-1,-1,-1,-1,-1,-1,0,-1
2024010489227,2024,010489227,3,9,0,5,5,3,7,0,0,1,0,0,1,0,2,1,6,6,2,51,8,-1,-1,-1,-1,4,E01003098,0,1
2024061396972,2024,061396972,1,9,0,-1,19,3,7,-1,0,1,0,0,0,0,1,9,-1,6,3,30,6,-1,-1,-1,-1,-1,-1,0,-1
2024061423022,2024,061423022,2,9,-1,-1,-1,-1,-1,-1,-1,0,-1,-1,-1,0,-1,9,-1,6,1,37,7,-1,-1,-1,-1,1,E01005615,0,1
2024010495238,2024,010495238,2,3,0,13,13,5,1,0,0,1,0,0,0,0,1,1,1,1,1,46,8,-1,-1,-1,-1,7,E01001304,0,1
2024101528715,2024,101528715,1,98,-1,-1,3,4,8,-1,0,0,0,0,0,0,-1,9,-1,1,1,-1,-1,-1,-1,-1,-1,-1,-1,0,-1
2024430556079,2024,430556079,1,9,0,9,9,2,7,0,0,2,0,0,0,0,1,1,2,2,2,50,8,-1,-1,-1,-1,9,E01016258,0,2
2024421472157,2024,421472157,1,9,0,-1,19,1,4,-1,0,0,0,0,7,0,1,1,-1,9,1,84,11,-1,-1,-1,-1,7,E01021416,0,1
2024311501502,2024,311501502,1,99,0,-1,5,1,5,-1,0,1,0,0,0,0,1,1,-1,6,3,-1,-1,-1,-1,-1,-1,-1,-1,0,-1
2024421467254,2024,421467254,1,9,0,-1,19,7,3,-1,0,1,0,0,0,0,1,1,-1,1,1,29,6,-1,-1,-1,-1,5,E01021909,0,1
2024461424463,2024,461424463,1,19,0,-1,19,7,3,-1,0,0,0,0,0,0,-1,9,-1,9,3,-1,-1,-1,-1,-1,-1,-1,-1,0,-1
2024520401812,2024,520401812,2,19,0,18,19,9,9,0,0,1,0,0,0,0,9,1,6,6,3,-1,-1,-1,-1,-1,-1,-1,-1,0,-1
2024430549542,2024,430549542,2,1,0,9,9,6,2,0,0,3,0,0,0,0,4,1,6,6,1,48,8,-1,-1,-1,-1,10,E01028719,0,1
2024201436010,2024,201436010,1,9,0,-1,19,8,4,-1,0,0,0,0,0,0,1,9,-1,6,3,30,6,-1,-1,-1,-1,-1,-1,0,-1
2024440378920,2024,440378920,1,-1,0,18,19,1,5,0,0,8,0,0,0,0,3,1,6,6,1,15,3,-1,-1,-1,-1,3,E01017098,1,1
2024041500246,2024,041500246,1,1,0,-1,19,3,7,-1,0,1,0,0,0,0,1,1,-1,9,1,17,4,-1,-1,-1,-1,4,E01012713,0,1
2024010532232,2024,010532232,2,1,0,7,7,1,3,0,0,1,5,0,1,0,2,1,6,6,1,25,5,-1,-1,-1,-1,4,E01035687,0,1
2024131436444,2024,131436444,1,9,0,-1,-1,-1,-1,-1,-1,0,-1,-1,-1,-1,-1,1,-1,6,3,-1,-1,-1,-1,-1,-1,-1,-1,0,-1
2024531500452,2024,531500452,1,1,0,-1,19,3,7,-1,0,8,0,0,0,0,4,1,-1,6,2,36,7,-1,-1,-1,-1,1,E01022333,0,1
2024141522513,2024,141522513,1,98,0,-1,3,1,5,-1,0,0,0,0,0,0,2,1,-1,7,1,51,8,-1,-1,-1,-1,7,E01007596,0,1
2024010538184,2024,010538184,1,3,0,13,13,3,7,0,0,0,1,0,0,0,1,1,1,1,1,33,6,-1,-1,-1,-1,3,E01000510,0,2
2024440129187,2024,440129187,1,9,0,18,19,3,7,0,0,0,0,0,0,0,1,1,6,6,1,-1,-1,-1,-1,-1,-1,-1,-1,0,-1
2024041474692,2024,041474692,1,1,0,-1,5,1,5,-1,0,1,0,0,0,0,1,1,-1,6,1,15,3,-1,-1,-1,-1,1,E01012738,0,1
2024991520165,2024,991520165,2,1,0,-1,19,7,3,-1,0,0,0,0,0,0,1,1,-1,6,1,32,6,-1,-1,-1,-1,-1,-1,0,-1
2024070742424,2024,070742424,2,1,0,-1,19,8,4,-1,0,0,0,0,0,0,4,1,-1,1,1,33,6,-1,-1,-1,-1,1,E01012520,0,1
2024531436166,2024,531436166,2,1,0,-1,19,2,6,-1,0,8,0,0,0,0,1,1,-1,6,1,30,6,-1,-1,-1,-1,4,E01003114,0,5
2024010488317,2024,010488317,1,9,0,5,5,5,1,0,0,8,0,0,0,0,1,1,1,1,1,45,7,-1,-1,-1,-1,8,E01034386,0,1
2024031470200,2024,031470200,2,-1,0,-1,5,5,2,-1,0,1,0,0,0,0,0,1,-1,6,1,8,2,-1,-1,-1,-1,4,E01019266,1,1
2024311458456,2024,311458456,1,1,0,-1,19,5,1,-1,5,0,0,0,0,0,0,1,-1,6,1,18,4,-1,-1,-1,-1,1,E01018875,0,5
2024320384943,2024,320384943,1,9,0,-1,-1,1,5,0,0,0,0,0,0,0,1,1,6,6,3,-1,-1,-1,-1,-1,-1,-1,-1,0,-1
2024010548318,2024,010548318,2,-1,0,18,19,1,5,0,0,1,0,0,0,0,1,1,6,6,2,26,6,-1,-1,-1,-1,3,E01003538,1,1
2024010529994,2024,010529994,1,1,9,10,10,9,9,99,99,9,9,99,9,99,9,1,6,6,3,25,5,-1,-1,-1,-1,3,E01000901,0,1
2024451476553,2024,451476553,2,1,0,-1,19,5,1,-1,0,0,0,0,0,0,3,1,-1,9,1,64,9,-1,-1,-1,-1,9,E01030589,0,3
2024421499727,2024,421499727,2,9,0,-1,19,2,6,-1,0,8,0,0,0,0,4,1,-1,9,2,18,4,-1,-1,-1,-1,7,E01033144,0,2
2024991449659,2024,991449659,1,-1,0,-1,19,2,6,-1,0,3,0,0,0,0,0,1,-1,1,1,53,8,-1,-1,-1,-1,5,E01026390,0,5
2024201519624,2024,201519624,2,1,0,-1,19,6,2,-1,0,8,0,0,0,0,1,1,-1,6,1,22,5,-1,-1,-1,-1,-1,-1,0,-1
2024991533575,2024,991533575,3,1,0,-1,19,5,1,-1,0,1,0,0,0,0,3,1,-1,9,1,63,9,-1,-1,-1,-1,2,-1,0,1
2024610041224,2024,610041224,1,1,0,4,4,1,5,0,0,1,0,0,0,0,1,1,6,6,1,25,5,-1,-1,-1,-1,4,W01001650,0,2
2024031441938,2024,031441938,2,1,-1,-1,-1,5,3,-1,-1,-1,-1,-1,-1,0,-1,1,-1,9,1,36,7,-1,-1,-1,-1,1,E01019160,0,1
202417M300724,2024,17M300724,2,9,0,3,3,3,7,0,0,0,0,0,0,0,2,1,2,2,2,30,6,-1,-1,-1,-1,5,E01011967,0,3
2024010492347,2024,010492347,1,9,0,99,99,9,9,99,99,9,9,99,9,99,1,9,6,6,2,50,8,-1,-1,-1,-1,1,E01000643,0,1
2024031428096,2024,031428096,3,1,0,-1,19,1,5,-1,4,0,0,4,0,0,1,1,-1,6,1,76,11,-1,-1,-1,-1,-1,-1,0,-1
2024041473003,2024,041473003,1,9,0,-1,19,4,8,-1,0,0,0,0,0,0,4,9,-1,6,3,-1,-1,-1,-1,-1,-1,-1,-1,0,-1
2024010488077,2024,010488077,2,9,0,18,19,1,5,0,0,1,0,0,0,0,1,1,6,6,1,52,8,-1,-1,-1,-1,5,E01002326,0,1
2024010490739,2024,010490739,2,9,0,11,11,7,3,0,0,0,0,0,0,0,1,1,6,6,1,29,6,-1,-1,-1,-1,1,E01016006,0,3
2024211423754,2024,211423754,1,9,0,-1,12,8,8,-1,0,0,1,10,0,0,3,9,-1,9,1,26,6,-1,-1,-1,-1,7,E01029585,0,1
2024070563400,2024,070563400,2,1,0,18,19,3,1,0,0,8,0,0,0,0,1,1,6,6,2,30,6,-1,-1,-1,-1,-1,-1,0,-1
2024010495141,2024,010495141,1,1,9,18,19,9,9,99,99,9,9,99,9,99,1,1,6,6,1,29,6,-1,-1,-1,-1,9,E01004587,0,1
2024991426208,2024,991426208,2,1,0,-1,19,1,5,-1,0,1,5,0,0,0,1,1,-1,6,1,38,7,-1,-1,-1,-1,10,-1,0,1
2024010489654,2024,010489654,1,3,0,99,99,9,9,99,99,9,9,99,9,99,9,1,1,1,2,35,6,-1,-1,-1,-1,5,E01034229,0,3
2024101487058,2024,101487058,2,1,-1,-1,-1,7,5,-1,-1,0,-1,-1,-1,0,-1,1,-1,2,1,34,6,-1,-1,-1,-1,-1,-1,0,-1
2024131460538,2024,131460538,1,3,0,-1,19,6,2,-1,0,8,2,0,0,0,4,1,-1,9,1,23,5,-1,-1,-1,-1,2,E01011914,0,1
2024211448003,2024,211448003,1,9,0,-1,7,5,5,-1,0,3,0,0,0,0,2,1,-1,9,1,37,7,-1,-1,-1,-1,-1,-1,0,-1
2024101462153,2024,101462153,2,9,0,-1,4,1,5,-1,0,0,0,0,0,0,2,1,-1,6,1,26,6,-1,-1,-1,-1,-1,-1,0,-1
2024201478159,2024,201478159,3,9,0,-1,19,6,2,-1,0,0,0,0,0,0,1,9,-1,6,1,-1,-1,-1,-1,-1,-1,-1,-1,0,-1
2024201464639,2024,201464639,1,9,0,-1,19,7,3,-1,0,8,0,0,0,0,1,1,-1,9,1,26,6,-1,-1,-1,-1,1,E01008901,0,1
2024401473698,2024,401473698,2,1,-1,-1,-1,-1,-1,-1,-1,-1,-1,-1,-1,0,-1,1,-1,9,1,52,8,-1,-1,-1,-1,5,E01017388,0,2
2024010539545,2024,010539545,1,9,0,99,99,9,9,99,99,9,9,99,9,99,1,9,6,6,3,-1,-1,-1,-1,-1,-1,-1,-1,0,-1
2024201429258,2024,201429258,1,9,0,-1,19,5,1,-1,0,0,0,0,0,0,1,9,-1,6,1,16,4,-1,-1,-1,-1,-1,-1,0,-1
2024010509627,2024,010509627,2,9,0,99,99,9,9,99,99,9,9,99,9,99,9,9,6,6,3,-1,-1,-1,-1,-1,-1,-1,-1,0,-1
2024010516372,2024,010516372,1,1,0,18,19,5,1,0,0,1,0,0,0,0,2,1,6,6,1,29,6,-1,-1,-1,-1,4,E01034027,0,1
2024131500237,2024,131500237,1,9,0,-1,9,1,3,-1,0,5,0,0,0,0,3,1,-1,6,3,40,7,-1,-1,-1,-1,-1,-1,0,-1
2024991403029,2024,991403029,2,9,0,-1,19,3,7,-1,0,1,0,0,0,0,1,1,-1,6,1,57,9,-1,-1,-1,-1,2,-1,0,1
2024361451583,2024,361451583,1,1,0,-1,19,1,5,-1,0,1,0,0,0,0,1,1,-1,6,1,31,6,-1,-1,-1,-1,8,E01026470,0,1
2024010493765,2024,010493765,3,9,0,99,99,9,9,99,99,9,9,99,9,99,2,9,6,6,3,-1,-1,-1,-1,-1,-1,-1,-1,0,-1
2024131554725,2024,131554725,2,-1,0,-1,9,8,6,-1,0,4,0,0,0,0,1,1,-1,2,2,36,7,-1,-1,-1,-1,1,E01011344,1,1
2024311413845,2024,311413845,1,1,0,-1,19,8,4,-1,0,1,5,0,0,0,2,1,-1,6,1,72,10,-1,-1,-1,-1,2,E01013814,0,1
2024070257646,2024,070257646,2,9,0,18,19,8,4,0,0,2,1,0,6,7,3,1,6,6,1,52,8,-1,-1,-1,-1,7,E01025417,0,4
2024101516624,2024,101516624,1,9,0,-1,15,7,3,-1,-1,0,0,0,7,10,1,1,-1,9,1,68,10,-1,-1,-1,-1,9,E01027369,0,4
2024010519733,2024,010519733,1,2,9,99,99,9,9,99,99,9,9,99,9,99,9,1,6,6,3,-1,-1,-1,-1,-1,-1,-1,-1,0,-1
2024543577224,2024,543577224,2,9,0,17,19,4,8,0,0,8,0,0,0,0,1,1,1,1,1,63,9,-1,-1,-1,-1,9,E01032020,0,1
2024070339910,2024,070339910,2,5,0,18,19,7,3,0,0,8,0,0,0,0,4,1,6,6,1,57,9,-1,-1,-1,-1,7,E01030457,0,5
2024430320786,2024,430320786,2,9,0,4,4,5,1,0,0,2,0,0,0,0,2,1,2,2,1,50,8,-1,-1,-1,-1,8,E01017836,0,2
2024440395605,2024,440395605,2,-1,0,18,19,6,2,0,0,0,0,0,0,0,3,1,6,6,2,14,3,-1,-1,-1,-1,4,E01017073,1,1
2024010510528,2024,010510528,1,19,0,18,19,7,3,0,0,8,0,0,0,0,1,1,1,1,1,45,7,-1,-1,-1,-1,3,E01021821,0,4
2024461520560,2024,461520560,1,9,0,-1,7,5,7,-1,-1,0,1,0,0,0,1,1,-1,9,2,20,4,-1,-1,-1,-1,10,E01000826,0,4
2024522500326,2024,522500326,1,1,0,18,19,4,8,0,0,8,0,0,0,0,1,1,6,6,1,42,7,-1,-1,-1,-1,6,E01014679,0,1
2024010497028,2024,010497028,1,19,0,1,1,1,5,0,0,5,0,11,0,0,2,1,6,6,1,57,9,-1,-1,-1,-1,5,E01000583,0,1
2024010493996,2024,010493996,2,1,9,99,99,9,9,99,99,0,9,99,9,99,1,1,6,6,3,50,8,-1,-1,-1,-1,-1,-1,0,-1
2024552400615,2024,552400615,2,1,0,14,14,6,2,4,4,0,0,0,0,0,3,1,6,6,1,29,6,-1,-1,-1,-1,6,E01015440,0,2
2024501514224,2024,501514224,3,1,0,-1,19,4,8,-1,0,1,5,0,0,0,1,1,-1,9,1,43,7,-1,-1,-1,-1,2,E01015182,0,1
2024552500035,2024,552500035,1,9,0,18,19,8,4,0,0,0,0,0,0,0,4,1,6,6,3,-1,-1,-1,-1,-1,-1,-1,-1,0,-1
2024101410740,2024,101410740,1,19,0,-1,9,1,5,-1,0,1,0,0,0,0,1,1,-1,1,1,35,6,-1,-1,-1,-1,-1,-1,0,-1
2024991520212,2024,991520212,1,9,0,-1,7,7,3,-1,0,0,0,0,0,0,4,1,-1,9,1,49,8,-1,-1,-1,-1,-1,-1,0,-1
2024351428196,2024,351428196,1,9,0,-1,19,5,7,-1,0,5,0,0,0,0,-1,1,-1,6,2,-1,-1,-1,-1,-1,-1,-1,-1,0,-1
2024340WN3872,2024,340WN3872,1,9,0,-1,19,3,7,-1,0,8,0,0,0,0,1,1,-1,6,1,-1,-1,-1,-1,-1,-1,-1,-1,0,-1
2024991416952,2024,991416952,1,23,0,-1,9,5,3,-1,0,1,0,0,0,0,3,1,-1,6,1,41,7,-1,-1,-1,-1,4,-1,0,1
2024052402419,2024,052402419,1,9,0,18,19,4,2,0,0,1,0,0,0,0,1,1,6,6,2,22,5,-1,-1,-1,-1,1,E01006776,0,1
2024010528173,2024,010528173,2,1,0,7,7,3,4,0,0,1,0,0,0,0,0,1,2,2,1,34,6,-1,-1,-1,-1,6,E01003071,0,2
2024010532545,2024,010532545,1,97,0,99,99,9,9,99,99,9,9,99,9,99,1,9,6,6,3,-1,-1,-1,-1,-1,-1,-1,-1,0,-1
2024302400044,2024,302400044,1,9,0,2,2,0,0,0,0,0,0,0,0,0,2,1,6,6,1,19,4,-1,-1,-1,-1,3,E01019468,0,2
2024010489987,2024,010489987,2,9,0,99,99,9,9,99,99,9,9,99,9,99,9,9,6,6,3,-1,-1,-1,-1,-1,-1,-1,-1,0,-1
2024411525483,2024,411525483,1,-1,0,-1,19,5,1,-1,0,0,0,0,7,11,1,1,-1,6,1,18,4,-1,-1,-1,-1,4,E01023534,1,1
2024991407022,2024,991407022,2,1,0,-1,19,3,7,-1,1,0,0,0,0,0,4,1,-1,9,1,25,5,-1,-1,-1,-1,9,-1,0,1
2024052402795,2024,052402795,1,9,0,4,4,4,8,0,0,0,0,0,0,0,4,1,3,7,2,40,7,-1,-1,-1,-1,1,E01006637,0,1
2024010530298,2024,010530298,2,1,0,18,19,7,3,4,4,8,0,0,0,0,3,1,2,2,2,33,6,-1,-1,-1,-1,9,E01003356,0,1
2024471499406,2024,471499406,2,9,0,-1,19,1,5,-1,0,4,0,0,0,0,1,9,-1,6,3,-1,-1,-1,-1,-1,-1,-1,-1,0,-1
2024010495447,2024,010495447,2,9,0,10,10,8,6,0,0,1,0,0,0,0,3,1,6,6,1,54,8,-1,-1,-1,-1,10,E01023909,0,2
2024010520205,2024,010520205,2,9,0,18,19,5,1,0,0,1,0,0,7,0,4,2,6,6,3,-1,-1,-1,-1,-1,-1,-1,-1,0,-1
2024421404063,2024,421404063,3,98,0,-1,4,4,8,-1,0,8,0,0,0,0,2,1,-1,1,1,37,7,-1,-1,-1,-1,6,E01021595,0,2
2024361417395,2024,361417395,1,9,0,-1,19,5,4,-1,0,0,0,0,0,0,1,9,-1,9,1,90,11,-1,-1,-1,-1,9,E01035148,0,2
2024010491633,2024,010491633,1,3,0,99,99,9,9,99,99,9,9,99,9,99,1,1,6,6,1,30,6,-1,-1,-1,-1,8,E01003420,0,2
202417M104424,2024,17M104424,1,9,0,11,11,2,6,0,0,0,0,0,0,0,4,1,6,6,1,50,8,-1,-1,-1,-1,-1,-1,0,-1
2024461417893,2024,461417893,1,9,0,-1,19,1,5,-1,0,1,0,0,0,0,1,1,-1,6,1,43,7,-1,-1,-1,-1,4,E01000719,0,3
2024522401612,2024,522401612,2,1,0,18,19,8,4,0,0,8,0,0,0,0,1,1,6,6,1,33,6,-1,-1,-1,-1,1,E01014729,0,2
2024320218411,2024,320218411,2,1,0,-1,-1,7,3,0,0,0,5,0,0,0,2,1,6,6,1,19,4,-1,-1,-1,-1,-1,-1,0,-1
2024010508175,2024,010508175,1,97,0,13,13,5,1,0,0,1,0,0,0,0,1,1,6,6,3,-1,-1,-1,-1,-1,-1,-1,-1,0,-1
2024302401029,2024,302401029,2,1,0,10,10,8,5,0,0,1,0,0,0,0,4,1,6,6,1,-1,-1,-1,-1,-1,-1,8,E01013546,0,2
2024340WN5072,2024,340WN5072,2,9,0,-1,3,1,5,-1,0,1,0,0,0,0,2,1,-1,6,2,34,6,-1,-1,-1,-1,6,E01035421,0,1
2024451492494,2024,451492494,1,1,0,-1,19,1,5,-1,0,0,0,0,0,0,4,1,-1,9,1,77,11,-1,-1,-1,-1,4,E01030588,0,1
2024421532919,2024,421532919,1,1,0,-1,19,1,5,-1,0,0,0,99,0,0,1,1,-1,6,1,8,2,-1,-1,-1,-1,5,E01021313,0,1
2024061513257,2024,061513257,1,9,-1,-1,-1,-1,-1,-1,-1,0,-1,-1,-1,0,1,9,-1,6,3,-1,-1,-1,-1,-1,-1,-1,-1,0,-1
2024471407726,2024,471407726,1,1,0,-1,19,4,7,-1,0,0,5,0,0,0,0,1,-1,9,1,69,10,-1,-1,-1,-1,3,E01020974,0,1
2024311538268,2024,311538268,1,9,0,-1,19,5,1,-1,0,0,0,0,0,0,1,1,-1,6,3,50,8,-1,-1,-1,-1,-1,-1,0,-1
2024421401852,2024,421401852,2,9,0,-1,19,1,5,-1,0,1,0,0,0,0,4,9,-1,2,1,58,9,-1,-1,-1,-1,2,E01033587,0,3
2024371532257,2024,371532257,1,9,0,-1,19,5,1,-1,0,0,0,0,0,0,1,9,-1,6,3,-1,-1,-1,-1,-1,-1,-1,-1,0,-1
2024471467047,2024,471467047,2,1,0,-1,19,7,3,-1,0,1,0,0,0,0,0,1,-1,6,1,90,11,-1,-1,-1,-1,8,E01031815,0,1
2024201507912,2024,201507912,2,9,0,-1,19,2,2,-1,0,4,0,0,0,0,1,1,-1,6,1,35,6,-1,-1,-1,-1,-1,-1,0,-1
2024131488243,2024,131488243,1,9,0,-1,19,5,1,-1,0,0,0,0,0,0,2,1,-1,6,1,54,8,-1,-1,-1,-1,3,E01011039,0,1
2024010502908,2024,010502908,1,1,9,99,99,9,9,99,99,1,9,99,9,99,9,1,2,2,1,45,7,-1,-1,-1,-1,8,E01003817,0,2