collision_index,collision_year,collision_ref_no,vehicle_reference,vehicle_type,towing_and_articulation,vehicle_manoeuvre_historic,vehicle_manoeuvre,vehicle_direction_from,vehicle_direction_to,vehicle_location_restricted_lane_historic,vehicle_location_restricted_lane,junction_location,skidding_and_overturning,hit_object_in_carriageway,vehicle_leaving_carriageway,hit_object_off_carriageway,first_point_of_impact,vehicle_left_hand_drive,journey_purpose_of_driver_historic,journey_purpose_of_driver,sex_of_driver,age_of_driver,age_band_of_driver,engine_capacity_cc,propulsion_code,age_of_vehicle,generic_make_model,driver_imd_decile,lsoa_of_driver,escooter_flag,driver_distance_banding
2024052402516,2024,052402516,2,1,0,18,19,3,7,0,0,0,0,0,0,0,1,1,6,6,1,17,4,-1,-1,-1,-1,1,E01006691,0,1
2024201542381,2024,201542381,2,1,0,-1,19,3,7,-1,0,1,0,0,0,0,4,1,-1,6,1,11,3,-1,-1,-1,-1,1,E01010131,0,1
2024302400027,2024,302400027,1,9,0,18,19,6,2,0,0,8,0,0,0,0,4,1,6,6,1,30,6,-1,-1,-1,-1,4,E01013525,0,1
2024421481774,2024,421481774,1,-1,0,-1,19,7,3,-1,0,0,0,0,0,0,1,1,-1,9,1,38,7,-1,-1,-1,-1,-1,-1,0,-1
2024451472904,2024,451472904,2,1,0,-1,19,3,7,-1,0,0,5,0,0,0,1,1,-1,9,1,28,6,-1,-1,-1,-1,10,E01003473,0,3
2024010500914,2024,010500914,1,9,0,99,99,9,9,99,99,9,9,99,9,99,9,9,6,6,3,31,6,-1,-1,-1,-1,2,E01004524,0,1
2024201441526,2024,201441526,1,9,0,-1,19,1,5,-1,0,1,0,0,0,0,1,9,-1,6,3,-1,-1,-1,-1,-1,-1,-1,-1,0,-1
2024010510249,2024,010510249,2,1,0,15,15,7,3,0,0,1,0,0,0,0,4,1,1,1,2,37,7,-1,-1,-1,-1,3,E01003915,0,1
2024122400711,2024,122400711,2,1,0,18,19,1,5,4,4,8,0,0,0,0,3,1,6,6,2,52,8,-1,-1,-1,-1,3,E01013350,0,1
2024522402845,2024,522402845,2,9,0,18,19,3,7,0,0,3,0,0,0,0,1,1,6,6,3,-1,-1,-1,-1,-1,-1,-1,-1,0,-1
2024010488891,2024,010488891,1,3,0,13,13,7,3,0,0,1,0,0,0,0,0,1,6,6,1,31,6,-1,-1,-1,-1,2,E01003489,0,1
2024430560153,2024,430560153,2,1,0,18,19,4,8,0,0,8,0,0,0,0,1,1,4,7,2,15,3,-1,-1,-1,-1,10,E01016637,0,1
2024211472708,2024,211472708,1,9,0,-1,5,0,4,-1,0,6,0,0,0,0,1,1,-1,9,2,63,9,-1,-1,-1,-1,-1,-1,0,-1
2024010541874,2024,010541874,1,9,0,99,99,9,9,99,99,0,9,99,9,99,1,1,6,6,3,-1,-1,-1,-1,-1,-1,-1,-1,0,-1
2024442403872,2024,442403872,1,1,0,18,19,8,4,0,0,1,1,0,0,0,1,1,6,6,2,37,7,-1,-1,-1,-1,6,E01017224,0,1
2024010527347,2024,010527347,2,3,9,99,99,9,9,99,99,9,9,99,9,99,9,1,6,6,3,-1,-1,-1,-1,-1,-1,-1,-1,0,-1
2024010551409,2024,010551409,2,1,9,99,99,9,9,99,99,1,9,99,9,99,1,1,6,6,2,55,8,-1,-1,-1,-1,5,E01000471,0,1
2024461486663,2024,461486663,1,98,0,-1,19,1,5,-1,0,0,0,0,0,0,2,9,-1,6,3,-1,-1,-1,-1,-1,-1,-1,-1,0,-1
2024010546575,2024,010546575,2,1,0,9,9,1,7,0,0,1,0,0,0,0,2,1,6,6,1,29,6,-1,-1,-1,-1,3,E01002832,0,1
2024010495948,2024,010495948,1,9,0,99,99,9,9,99,99,0,9,99,9,99,9,9,6,6,2,28,6,-1,-1,-1,-1,10,E01021467,0,4
2024430009724,2024,430009724,2,9,0,18,19,8,4,0,0,0,0,0,1,7,1,1,6,6,1,-1,-1,-1,-1,-1,-1,7,E01015116,0,5
2024061457601,2024,061457601,2,9,0,-1,9,-1,-1,-1,0,8,0,0,0,0,1,1,-1,6,2,-1,-1,-1,-1,-1,-1,-1,-1,0,-1
2024552400276,2024,552400276,2,1,0,7,7,7,1,0,0,8,0,0,0,0,3,1,6,6,1,72,10,-1,-1,-1,-1,6,E01015440,0,1
2024991477886,2024,991477886,1,5,0,-1,19,4,8,-1,0,0,0,0,7,0,1,1,-1,9,2,37,7,-1,-1,-1,-1,-1,-1,0,-1
2024461457766,2024,461457766,1,1,0,-1,19,5,1,-1,0,0,1,0,1,0,1,1,-1,9,1,43,7,-1,-1,-1,-1,9,E01024085,0,2
2024010506387,2024,010506387,1,8,0,99,99,9,9,99,99,9,9,99,9,99,1,9,6,6,3,-1,-1,-1,-1,-1,-1,-1,-1,0,-1
2024052401169,2024,052401169,1,99,9,99,99,9,9,0,0,0,0,99,9,99,3,9,6,6,3,-1,-1,-1,-1,-1,-1,-1,-1,0,-1
2024430101398,2024,430101398,1,9,0,3,3,4,8,0,0,1,0,0,0,0,2,1,6,6,1,22,5,-1,-1,-1,-1,4,E01017723,0,1
2024351525919,2024,351525919,4,9,0,-1,19,1,5,-1,0,0,1,1,0,0,2,1,-1,6,1,60,9,-1,-1,-1,-1,7,E01026471,0,4
2024041438315,2024,041438315,1,98,0,-1,3,5,1,-1,0,4,0,0,0,0,1,1,-1,7,1,46,8,-1,-1,-1,-1,5,E01025428,0,1
2024031444160,2024,031444160,1,19,0,-1,4,2,6,-1,0,0,0,0,0,0,0,1,-1,6,-1,-1,-1,-1,-1,-1,-1,-1,-1,0,-1
2024010494114,2024,010494114,2,5,0,18,19,1,5,0,0,2,0,0,0,0,4,1,6,6,1,51,8,-1,-1,-1,-1,9,E01030713,0,2
2024010496912,2024,010496912,1,9,0,6,6,7,7,0,0,2,0,0,0,0,2,1,6,6,1,45,7,-1,-1,-1,-1,3,E01003768,0,3
2024010522426,2024,010522426,2,1,0,17,19,2,6,0,0,8,0,0,0,0,3,1,6,6,1,22,5,-1,-1,-1,-1,4,E01004526,0,2
2024451432844,2024,451432844,1,22,0,-1,1,1,5,-1,0,0,0,0,0,0,2,1,-1,9,2,32,6,-1,-1,-1,-1,10,E01030966,0,1
2024101459414,2024,101459414,1,9,0,-1,19,4,8,-1,0,8,0,0,0,0,1,1,-1,6,1,-1,-1,-1,-1,-1,-1,-1,-1,0,-1
2024991490844,2024,991490844,1,11,0,-1,5,1,5,-1,2,0,0,0,0,0,4,1,-1,1,3,50,8,-1,-1,-1,-1,-1,-1,0,-1
2024461432993,2024,461432993,1,9,0,-1,19,7,3,-1,0,0,0,0,0,0,1,9,-1,9,3,-1,-1,-1,-1,-1,-1,-1,-1,0,-1
2024122500043,2024,122500043,1,1,0,18,19,6,2,0,0,1,0,0,0,0,1,1,6,6,1,42,7,-1,-1,-1,-1,7,E01013345,0,1
2024430467903,2024,430467903,2,9,0,13,13,4,8,0,0,8,0,0,0,0,4,1,6,6,2,-1,-1,-1,-1,-1,-1,-1,-1,0,-1
2024161497809,2024,161497809,2,90,0,-1,9,1,6,-1,0,0,0,0,0,0,3,1,-1,6,1,59,9,-1,-1,-1,-1,3,E01024001,0,5
2024201505833,2024,201505833,1,98,0,-1,19,1,6,-1,0,0,0,0,0,0,1,9,-1,6,1,30,6,-1,-1,-1,-1,-1,-1,0,-1
2024361467128,2024,361467128,1,9,0,-1,15,6,6,-1,0,0,1,0,1,9,1,1,-1,9,1,59,9,-1,-1,-1,-1,3,E01026736,0,4
2024610000724,2024,610000724,1,9,0,7,7,8,2,0,0,1,0,0,0,0,1,1,6,6,2,81,11,-1,-1,-1,-1,2,W01001538,0,1
2024061409209,2024,061409209,1,9,-1,-1,-1,-1,-1,-1,-1,0,-1,-1,-1,0,-1,9,-1,6,3,-1,-1,-1,-1,-1,-1,-1,-1,0,-1
2024061501510,2024,061501510,1,1,0,-1,19,8,5,-1,0,1,1,0,0,0,1,1,-1,6,1,-1,-1,-1,-1,-1,-1,-1,-1,0,-1
2024010531375,2024,010531375,3,1,9,99,99,9,9,99,99,9,9,99,9,99,0,1,6,6,3,-1,-1,-1,-1,-1,-1,-1,-1,0,-1
2024141445013,2024,141445013,2,1,0,-1,19,8,4,-1,0,8,0,0,0,0,1,1,-1,6,1,40,7,-1,-1,-1,-1,1,E01008103,0,1
2024991533689,2024,991533689,1,9,0,-1,5,8,4,-1,0,0,0,0,0,0,4,2,-1,6,1,77,11,-1,-1,-1,-1,-1,-1,0,-1
2024010491147,2024,010491147,2,9,0,18,19,1,5,0,0,2,0,0,0,0,1,1,6,6,1,18,4,-1,-1,-1,-1,7,E01002981,0,1
2024332400276,2024,332400276,2,9,0,-1,9,1,7,-1,0,5,0,0,0,0,1,1,-1,6,1,-1,-1,-1,-1,-1,-1,-1,-1,0,-1
2024010536016,2024,010536016,1,1,9,18,19,9,9,4,4,9,9,99,9,99,1,1,2,2,1,35,6,-1,-1,-1,-1,5,E01004641,0,1
2024010492927,2024,010492927,1,1,9,99,99,9,9,99,99,6,9,99,9,99,9,1,2,2,2,24,5,-1,-1,-1,-1,5,E01002565,0,1
2024010488379,2024,010488379,1,11,0,5,5,3,7,2,2,8,0,0,0,0,0,1,1,1,1,57,9,-1,-1,-1,-1,8,E01002453,0,1
2024122401232,2024,122401232,2,9,0,5,5,3,7,0,0,0,0,0,0,0,2,1,1,1,1,29,6,-1,-1,-1,-1,9,E01013015,0,4
2024101442841,2024,101442841,1,9,0,-1,19,3,7,-1,-1,0,2,0,8,0,4,1,-1,6,1,46,8,-1,-1,-1,-1,6,E01027511,0,2
2024311458806,2024,311458806,2,-1,0,-1,5,3,7,-1,0,0,0,0,0,0,1,1,-1,6,1,16,4,-1,-1,-1,-1,-1,-1,1,-1
2024010524394,2024,010524394,2,2,0,99,99,9,9,99,99,9,9,99,9,99,1,1,6,6,3,-1,-1,-1,-1,-1,-1,-1,-1,0,-1
2024361510672,2024,361510672,1,9,0,-1,19,1,5,-1,0,8,0,0,0,0,1,1,-1,6,3,-1,-1,-1,-1,-1,-1,-1,-1,0,-1
2024010541489,2024,010541489,1,1,9,99,99,9,9,4,4,1,9,99,9,99,0,1,6,6,2,39,7,-1,-1,-1,-1,8,E01003860,0,3
202454E132324,2024,54E132324,1,9,0,18,19,8,4,0,0,4,0,0,0,0,1,1,6,6,1,32,6,-1,-1,-1,-1,2,E01014626,0,4
2024010542482,2024,010542482,1,1,0,13,13,5,1,0,0,0,0,0,0,0,2,1,6,6,1,27,6,-1,-1,-1,-1,4,E01001932,0,2
2024430354226,2024,430354226,1,9,0,18,19,2,6,0,0,4,0,0,0,0,1,1,6,6,2,52,8,-1,-1,-1,-1,10,E01016527,0,1
2024320687373,2024,320687373,2,9,0,10,10,4,3,0,0,1,0,0,0,0,2,1,-1,-1,2,50,8,-1,-1,-1,-1,7,E01026252,0,1
2024991476111,2024,991476111,2,1,0,-1,19,6,2,-1,0,0,0,8,0,0,4,1,-1,9,2,42,7,-1,-1,-1,-1,3,-1,0,1
2024131519974,2024,131519974,1,9,0,-1,-1,-1,-1,-1,-1,-1,-1,-1,-1,-1,-1,1,-1,6,3,-1,-1,-1,-1,-1,-1,-1,-1,0,-1
2024010504249,2024,010504249,1,1,9,99,99,9,9,99,99,0,9,99,9,99,1,1,2,2,1,29,6,-1,-1,-1,-1,1,E01001730,0,1
2024361446327,2024,361446327,2,9,4,-1,19,8,4,-1,0,0,0,0,7,0,1,1,-1,6,1,56,9,-1,-1,-1,-1,5,E01026651,0,1
2024991418351,2024,991418351,1,19,0,-1,11,8,4,-1,0,0,0,0,0,0,4,9,-1,1,3,-1,-1,-1,-1,-1,-1,-1,-1,0,-1
2024131439031,2024,131439031,1,9,0,-1,-1,-1,-1,-1,-1,-1,-1,-1,-1,-1,-1,1,-1,6,3,-1,-1,-1,-1,-1,-1,-1,-1,0,-1
2024141419583,2024,141419583,2,98,0,-1,7,5,7,-1,0,1,0,0,0,0,3,9,-1,6,3,-1,-1,-1,-1,-1,-1,-1,-1,0,-1
2024430005510,2024,430005510,1,9,0,18,19,1,5,0,0,1,0,7,0,0,1,1,6,6,1,66,10,-1,-1,-1,-1,2,E01002392,0,2
2024010543528,2024,010543528,1,8,0,99,99,9,9,99,99,9,9,99,9,99,1,9,6,6,1,-1,-1,-1,-1,-1,-1,-1,-1,0,-1
2024361495078,2024,361495078,2,9,0,-1,19,8,6,-1,0,1,0,0,0,0,1,1,-1,9,2,40,7,-1,-1,-1,-1,2,E01026716,0,1
2024052401740,2024,052401740,1,9,0,14,14,6,2,0,0,0,0,0,0,0,4,1,6,6,2,87,11,-1,-1,-1,-1,4,E01006843,0,1
2024010501661,2024,010501661,2,9,0,3,3,1,5,0,0,0,0,0,0,0,2,1,6,6,1,39,7,-1,-1,-1,-1,1,E01004083,0,1
2024430518320,2024,430518320,2,1,0,18,19,1,5,0,0,0,0,0,0,0,3,1,6,6,1,27,6,-1,-1,-1,-1,9,E01028667,0,3
2024522403330,2024,522403330,1,1,0,14,14,7,3,0,0,0,0,0,0,0,1,1,6,6,1,45,7,-1,-1,-1,-1,10,E01014616,0,1
2024451408563,2024,451408563,2,9,0,-1,19,2,6,-1,0,1,0,0,0,0,1,1,-1,1,1,30,6,-1,-1,-1,-1,8,E01034285,0,3
2024010491063,2024,010491063,2,1,0,18,19,5,1,0,0,3,0,0,0,0,2,1,4,7,1,15,3,-1,-1,-1,-1,10,E01002924,0,1
2024010511900,2024,010511900,2,-1,0,18,19,5,1,0,0,6,0,0,0,0,3,1,6,6,1,24,5,-1,-1,-1,-1,3,E01002502,1,3
2024520000218,2024,520000218,1,99,0,7,7,2,5,0,0,1,0,0,0,0,2,1,6,6,1,47,8,-1,-1,-1,-1,-1,-1,0,-1
2024041447901,2024,041447901,1,97,0,-1,7,1,5,-1,0,0,2,0,0,0,1,1,-1,6,1,16,4,-1,-1,-1,-1,3,E01012585,0,1
2024471500911,2024,471500911,2,1,0,-1,19,4,8,-1,4,1,0,0,0,0,4,1,-1,6,1,-1,-1,-1,-1,-1,-1,2,E01016918,0,1
2024131451990,2024,131451990,2,1,0,-1,19,2,1,-1,0,1,0,0,0,0,1,1,-1,6,1,43,7,-1,-1,-1,-1,10,E01011932,0,1
2024010491378,2024,010491378,2,9,0,99,99,9,9,0,0,8,0,0,0,0,1,1,6,6,1,-1,-1,-1,-1,-1,-1,-1,-1,0,-1
2024201457555,2024,201457555,2,9,0,-1,7,1,4,-1,0,4,0,0,0,0,2,9,-1,6,2,28,6,-1,-1,-1,-1,2,E01009991,0,1
2024141498606,2024,141498606,2,98,0,-1,19,3,7,-1,0,0,0,0,0,0,-1,9,-1,6,3,-1,-1,-1,-1,-1,-1,-1,-1,0,-1
2024010487118,2024,010487118,1,9,0,18,19,5,1,0,0,1,0,0,0,0,1,1,6,6,1,31,6,-1,-1,-1,-1,6,E01000746,0,1
2024430443315,2024,430443315,2,9,0,18,19,6,2,0,0,0,5,0,0,0,1,1,6,6,1,21,5,-1,-1,-1,-1,8,E01017671,0,1
2024111463301,2024,111463301,1,1,0,-1,7,7,1,-1,0,0,0,0,0,0,4,1,-1,6,2,7,2,-1,-1,-1,-1,-1,-1,0,-1
2024421510393,2024,421510393,2,9,0,-1,19,4,8,-1,0,0,0,0,0,0,2,1,-1,6,1,64,9,-1,-1,-1,-1,8,E01021798,0,2
2024302500020,2024,302500020,1,9,0,-1,19,4,8,-1,0,2,0,0,0,0,1,1,-1,6,3,-1,-1,-1,-1,-1,-1,5,E01019456,0,3
2024531500809,2024,531500809,1,9,0,-1,14,6,2,-1,0,0,0,0,0,0,3,9,-1,6,3,-1,-1,-1,-1,-1,-1,-1,-1,0,-1
2024010542550,2024,010542550,3,1,9,99,99,9,9,99,99,9,9,99,9,99,0,1,6,6,3,-1,-1,-1,-1,-1,-1,-1,-1,0,-1
2024421406961,2024,421406961,1,9,0,-1,19,8,5,-1,0,8,1,0,3,9,1,1,-1,7,2,28,6,-1,-1,-1,-1,1,E01022031,0,2
2024311416859,2024,311416859,1,9,0,-1,19,7,3,-1,0,8,0,0,0,0,1,1,-1,1,1,35,6,-1,-1,-1,-1,4,E01019522,0,4
2024311402638,2024,311402638,2,9,0,-1,19,5,1,-1,0,2,0,0,0,0,0,1,-1,6,3,-1,-1,-1,-1,-1,-1,-1,-1,0,-1
2024430286364,2024,430286364,1,9,0,18,19,4,8,0,0,0,0,0,0,0,1,1,6,6,1,40,7,-1,-1,-1,-1,5,E01016215,0,1
2024010550572,2024,010550572,1,1,9,99,99,9,9,99,99,9,9,99,9,99,9,1,2,2,1,63,9,-1,-1,-1,-1,3,E01001446,0,1
2024010511137,2024,010511137,1,9,0,14,14,1,5,0,0,0,0,0,0,0,1,1,6,6,1,23,5,-1,-1,-1,-1,1,E01002093,0,1
2024430252087,2024,430252087,1,9,0,18,19,7,3,0,0,0,0,0,0,0,1,1,6,6,2,48,8,-1,-1,-1,-1,9,E01016324,0,1
2024371442316,2024,371442316,2,90,0,-1,2,0,0,-1,9,1,0,11,0,0,1,1,-1,9,1,51,8,-1,-1,-1,-1,6,E01029879,0,2
2024010539432,2024,010539432,2,9,0,99,99,9,9,99,99,9,9,99,9,99,9,9,6,6,3,-1,-1,-1,-1,-1,-1,-1,-1,0,-1
2024451522775,2024,451522775,1,11,0,-1,5,1,1,-1,0,0,0,0,0,0,1,1,-1,1,1,35,6,-1,-1,-1,-1,9,E01030685,0,1
202454E327724,2024,54E327724,2,1,0,18,19,6,2,5,5,1,0,0,0,0,1,1,6,6,1,47,8,-1,-1,-1,-1,2,E01015570,0,1
2024371476884,2024,371476884,1,21,0,-1,19,7,5,-1,0,0,5,0,0,0,4,1,-1,1,1,72,10,-1,-1,-1,-1,6,E01031209,0,5
2024010488444,2024,010488444,1,9,0,18,19,7,3,0,0,1,0,0,0,0,1,1,6,6,1,89,11,-1,-1,-1,-1,8,E01004502,0,2
2024201451137,2024,201451137,1,9,0,-1,13,4,8,-1,0,0,0,0,0,0,4,9,-1,6,3,35,6,-1,-1,-1,-1,-1,-1,0,-1
2024302400028,2024,302400028,2,1,0,18,19,1,5,0,0,8,0,0,0,0,1,1,2,2,1,45,7,-1,-1,-1,-1,6,E01019477,0,2
2024010491523,2024,010491523,1,9,0,99,99,9,9,99,99,9,9,99,9,99,1,9,6,6,2,55,8,-1,-1,-1,-1,6,E01001088,0,1
202460Q153178,2024,60Q153178,3,9,0,4,4,5,1,0,0,4,0,0,0,0,1,1,2,2,1,37,7,-1,-1,-1,-1,-1,-1,0,-1
2024010524439,2024,010524439,2,1,0,18,19,1,5,0,0,8,0,0,0,0,1,1,1,1,2,28,6,-1,-1,-1,-1,7,E01000324,0,1
2024542104524,2024,542104524,1,9,0,18,19,3,7,0,0,0,2,0,1,0,1,1,6,6,1,67,10,-1,-1,-1,-1,6,W01000949,0,5
2024010487299,2024,010487299,2,9,0,99,99,9,9,99,99,9,9,99,9,99,9,9,6,6,3,-1,-1,-1,-1,-1,-1,-1,-1,0,-1
2024010549203,2024,010549203,1,1,9,99,99,9,9,99,99,9,9,99,9,99,1,1,1,1,2,17,4,-1,-1,-1,-1,7,E01004138,0,1
2024010541099,2024,010541099,2,9,0,18,19,7,3,0,0,0,0,0,0,0,2,1,2,2,1,54,8,-1,-1,-1,-1,8,E01024077,0,4
2024010507790,2024,010507790,1,1,0,18,19,4,8,0,0,0,0,0,0,0,1,1,6,6,1,-1,-1,-1,-1,-1,-1,-1,-1,0,-1
2024361447784,2024,361447784,3,9,4,-1,4,8,4,-1,0,0,0,0,1,0,1,1,-1,6,1,19,4,-1,-1,-1,-1,3,E01026684,0,4
2024061522494,2024,061522494,2,1,0,-1,19,8,4,-1,0,0,0,0,0,0,-1,1,-1,6,1,74,10,-1,-1,-1,-1,-1,-1,0,-1
2024401516746,2024,401516746,1,97,0,-1,4,6,2,-1,0,1,0,0,0,0,2,1,-1,6,1,22,5,-1,-1,-1,-1,8,E01017434,0,1
2024010510205,2024,010510205,2,9,0,99,99,9,9,99,99,9,9,99,9,99,1,9,6,6,3,-1,-1,-1,-1,-1,-1,-1,-1,0,-1
2024201458129,2024,201458129,1,9,0,-1,19,2,6,-1,0,0,0,0,0,0,1,1,-1,6,-1,-1,-1,-1,-1,-1,-1,-1,-1,0,-1
2024010551053,2024,010551053,1,9,0,99,99,9,9,99,99,9,9,99,9,99,2,9,6,6,2,26,6,-1,-1,-1,-1,-1,-1,0,-1
2024141399461,2024,141399461,2,9,0,-1,4,1,5,-1,0,0,0,0,0,0,1,1,-1,2,1,45,7,-1,-1,-1,-1,8,E01013242,0,4
2024041455953,2024,041455953,1,22,0,-1,19,4,8,-1,0,0,5,0,0,0,4,1,-1,9,1,77,11,-1,-1,-1,-1,1,E01025082,0,1
2024010504124,2024,010504124,1,9,0,99,99,9,9,99,99,0,9,99,9,99,2,9,6,6,3,-1,-1,-1,-1,-1,-1,3,E01000099,0,1
2024010522869,2024,010522869,2,1,0,14,14,5,1,0,0,0,0,8,0,0,4,1,2,2,1,35,6,-1,-1,-1,-1,-1,-1,0,-1
2024010514591,2024,010514591,1,1,0,15,15,1,5,0,0,6,0,0,1,0,1,1,1,1,1,43,7,-1,-1,-1,-1,2,E01002508,0,1
2024991409897,2024,991409897,1,9,0,-1,19,6,1,-1,0,0,0,0,0,0,0,9,-1,6,3,40,7,-1,-1,-1,-1,-1,-1,0,-1
2024461453376,2024,461453376,2,9,0,-1,19,1,5,-1,0,0,0,0,0,0,3,9,-1,9,1,68,10,-1,-1,-1,-1,5,E01030834,0,2
2024101496191,2024,101496191,1,1,0,-1,19,6,2,-1,0,1,0,0,0,0,1,1,-1,6,1,10,2,-1,-1,-1,-1,-1,-1,0,-1
2024991497464,2024,991497464,1,9,0,-1,9,5,3,-1,0,5,0,0,0,0,1,9,-1,6,3,-1,-1,-1,-1,-1,-1,-1,-1,0,-1
2024311422210,2024,311422210,2,1,0,-1,19,3,7,-1,0,0,0,0,0,0,1,1,-1,9,1,57,9,-1,-1,-1,-1,2,E01028304,0,1
2024122400621,2024,122400621,1,9,0,18,19,6,2,0,0,0,0,0,0,0,4,1,6,6,3,-1,-1,-1,-1,-1,-1,-1,-1,0,-1
2024010488762,2024,010488762,1,3,0,99,99,9,9,99,99,9,9,99,9,99,9,1,2,2,1,37,7,-1,-1,-1,-1,5,E01002236,0,3
2024302401135,2024,302401135,2,9,0,2,2,0,0,0,0,1,0,0,7,0,1,1,6,6,3,-1,-1,-1,-1,-1,-1,-1,-1,0,-1
2024610056224,2024,610056224,2,9,0,16,19,4,6,0,0,8,0,0,0,0,1,1,6,6,2,34,6,-1,-1,-1,-1,-1,-1,0,-1
2024122500102,2024,122500102,2,1,0,9,9,1,4,0,0,8,0,0,0,0,4,1,6,6,1,62,9,-1,-1,-1,-1,4,E01013404,0,1
2024010497599,2024,010497599,1,9,0,99,99,9,9,99,99,9,9,99,9,99,3,9,2,2,1,39,7,-1,-1,-1,-1,2,E01001487,0,1
2024531495529,2024,531495529,1,9,0,-1,13,4,8,-1,0,0,0,0,0,0,0,9,-1,6,3,-1,-1,-1,-1,-1,-1,-1,-1,0,-1
2024211483057,2024,211483057,3,9,0,-1,19,8,8,-1,0,0,0,4,0,0,1,1,-1,6,1,48,8,-1,-1,-1,-1,-1,-1,0,-1
2024141441415,2024,141441415,1,9,0,-1,19,5,1,-1,0,1,0,0,0,0,1,9,-1,6,3,-1,-1,-1,-1,-1,-1,-1,-1,0,-1
2024041445198,2024,041445198,2,9,0,-1,2,0,0,-1,0,0,0,0,0,0,0,1,-1,6,3,-1,-1,-1,-1,-1,-1,-1,-1,0,-1
2024302401416,2024,302401416,2,1,0,17,19,7,4,0,0,8,0,0,0,0,1,1,6,6,1,69,10,-1,-1,-1,-1,10,E01019686,0,3
2024010519077,2024,010519077,1,1,9,99,99,9,9,99,99,9,9,99,9,99,0,1,6,6,3,-1,-1,-1,-1,-1,-1,-1,-1,0,-1
2024340WN3292,2024,340WN3292,2,9,0,-1,7,5,1,-1,0,5,0,0,0,0,2,1,-1,9,2,68,10,-1,-1,-1,-1,9,E01027303,0,3
2024061466395,2024,061466395,2,9,-1,-1,4,7,3,-1,0,2,0,0,0,0,2,9,-1,6,2,19,4,-1,-1,-1,-1,6,E01005973,0,2
2024461516663,2024,461516663,1,19,0,-1,19,-1,-1,-1,0,0,0,0,0,0,-1,9,-1,6,3,-1,-1,-1,-1,-1,-1,-1,-1,0,-1
2024010545183,2024,010545183,1,1,9,99,99,9,9,99,99,9,9,99,9,99,9,1,6,6,1,53,8,-1,-1,-1,-1,6,E01001088,0,1
2024041452368,2024,041452368,2,9,0,-1,19,3,7,-1,0,0,0,0,0,0,2,9,-1,9,1,85,11,-1,-1,-1,-1,8,E01034350,0,1
2024411475186,2024,411475186,1,9,0,-1,19,8,4,-1,0,8,1,0,0,0,4,1,-1,2,1,58,9,-1,-1,-1,-1,10,E01024441,0,4
2024010494001,2024,010494001,2,9,0,99,99,9,9,99,99,9,9,99,9,99,9,9,6,6,3,-1,-1,-1,-1,-1,-1,3,E01034389,0,2
2024010518759,2024,010518759,2,19,0,99,99,9,9,99,99,9,9,99,9,99,9,9,6,6,3,19,4,-1,-1,-1,-1,10,E01021896,0,4
2024010505122,2024,010505122,2,1,0,18,19,2,6,2,2,1,0,0,0,0,1,1,2,2,1,58,9,-1,-1,-1,-1,6,E01003071,0,2
2024401482550,2024,401482550,1,97,0,-1,19,-1,-1,-1,5,0,-1,-1,-1,0,-1,1,-1,6,1,-1,-1,-1,-1,-1,-1,-1,-1,0,-1
2024371436127,2024,371436127,1,9,0,-1,19,1,3,-1,0,0,0,0,0,0,1,1,-1,9,1,91,11,-1,-1,-1,-1,9,E01029883,0,1
2024552400065,2024,552400065,3,19,0,3,3,8,4,0,0,1,0,0,0,0,2,1,6,6,1,46,8,-1,-1,-1,-1,2,E01015273,0,1
2024010491001,2024,010491001,1,9,0,7,7,5,7,0,0,8,0,0,0,0,1,1,6,6,1,66,10,-1,-1,-1,-1,4,E01003278,0,1
2024421474459,2024,421474459,2,1,0,-1,19,3,7,-1,0,0,5,0,0,0,1,1,-1,9,2,43,7,-1,-1,-1,-1,10,E01021940,0,1
2024471505813,2024,471505813,2,1,0,-1,19,1,5,-1,0,8,0,0,0,0,4,1,-1,6,2,59,9,-1,-1,-1,-1,8,E01031780,0,1
2024320018115,2024,320018115,1,1,0,18,19,4,8,0,0,0,0,0,0,0,1,1,1,1,1,17,4,-1,-1,-1,-1,8,E01032994,0,2
2024471435181,2024,471435181,2,97,0,-1,13,6,2,-1,0,1,0,0,0,0,1,1,-1,6,3,-1,-1,-1,-1,-1,-1,-1,-1,0,-1
2024421530605,2024,421530605,3,9,0,-1,3,1,5,-1,0,0,0,0,0,0,1,1,-1,2,2,57,9,-1,-1,-1,-1,10,E01021284,0,1
2024471403933,2024,471403933,1,98,0,-1,19,3,1,-1,0,2,0,0,0,0,4,9,-1,6,3,-1,-1,-1,-1,-1,-1,-1,-1,0,-1
2024440006684,2024,440006684,2,9,0,18,19,6,2,0,0,1,0,0,0,0,1,1,6,6,3,-1,-1,-1,-1,-1,-1,-1,-1,0,-1
2024320138817,2024,320138817,1,19,0,-1,-1,8,4,0,0,0,0,0,0,0,4,1,6,6,3,-1,-1,-1,-1,-1,-1,-1,-1,0,-1
2024010537676,2024,010537676,1,1,9,99,99,9,9,4,4,1,9,99,9,99,9,1,1,1,1,48,8,-1,-1,-1,-1,7,E01004496,0,1
2024010547588,2024,010547588,1,1,9,99,99,9,9,99,99,9,9,99,9,99,9,1,2,2,2,23,5,-1,-1,-1,-1,9,E01003861,0,1
2024010524144,2024,010524144,1,1,9,99,99,9,9,99,99,9,9,99,9,99,1,1,6,6,1,25,5,-1,-1,-1,-1,3,E01003112,0,2
2024221507966,2024,221507966,2,1,0,-1,19,1,5,-1,0,1,0,0,0,0,1,1,-1,7,2,15,3,-1,-1,-1,-1,-1,-1,0,-1
2024010490874,2024,010490874,1,19,0,10,10,5,2,0,0,5,0,0,0,0,3,1,1,1,1,26,6,-1,-1,-1,-1,7,E01004354,0,1
2024010546060,2024,010546060,1,9,0,4,4,1,5,0,0,1,0,0,0,0,2,1,6,6,1,42,7,-1,-1,-1,-1,3,E01002502,0,1
2024991394973,2024,991394973,2,9,0,-1,19,8,4,-1,0,0,0,0,0,0,1,1,-1,9,1,74,10,-1,-1,-1,-1,2,-1,0,3