collision_index,collision_year,collision_ref_no,vehicle_reference,vehicle_type,towing_and_articulation,vehicle_manoeuvre_historic,vehicle_manoeuvre,vehicle_direction_from,vehicle_direction_to,vehicle_location_restricted_lane_historic,vehicle_location_restricted_lane,junction_location,skidding_and_overturning,hit_object_in_carriageway,vehicle_leaving_carriageway,hit_object_off_carriageway,first_point_of_impact,vehicle_left_hand_drive,journey_purpose_of_driver_historic,journey_purpose_of_driver,sex_of_driver,age_of_driver,age_band_of_driver,engine_capacity_cc,propulsion_code,age_of_vehicle,generic_make_model,driver_imd_decile,lsoa_of_driver,escooter_flag,driver_distance_banding
202460Q068831,2024,60Q068831,1,9,0,18,19,3,7,0,0,0,0,0,0,0,4,1,6,6,3,-1,-1,-1,-1,-1,-1,-1,-1,0,-1
2024052400767,2024,052400767,1,9,0,4,4,4,8,0,0,1,0,0,0,0,1,1,6,6,1,-1,-1,-1,-1,-1,-1,-1,-1,0,-1
2024061499988,2024,061499988,3,90,0,-1,19,6,2,-1,0,1,0,0,0,0,0,1,-1,1,1,27,6,-1,-1,-1,-1,1,E01005484,0,1
2024010492949,2024,010492949,1,9,9,99,99,9,9,99,99,1,9,99,9,99,2,9,6,6,1,50,8,-1,-1,-1,-1,3,E01001362,0,1
2024161393744,2024,161393744,2,1,0,-1,19,4,8,-1,0,8,0,0,0,0,4,1,-1,9,1,13,3,-1,-1,-1,-1,3,E01013133,0,1
2024010505538,2024,010505538,2,1,0,18,19,5,1,0,0,1,0,0,0,0,1,1,6,6,1,66,10,-1,-1,-1,-1,7,E01000309,0,1
2024010528458,2024,010528458,1,1,9,99,99,9,9,99,99,9,9,99,9,99,9,1,6,6,1,55,8,-1,-1,-1,-1,6,E01004347,0,1
2024201402173,2024,201402173,2,1,0,-1,9,7,5,-1,0,5,0,0,0,0,1,1,-1,6,1,60,9,-1,-1,-1,-1,2,E01010449,0,1
2024461528115,2024,461528115,3,16,0,-1,4,1,5,-1,-1,0,0,0,0,0,2,1,-1,9,2,-1,-1,-1,-1,-1,-1,-1,-1,0,-1
2024010491526,2024,010491526,2,3,0,18,19,7,3,0,0,1,0,0,0,0,1,1,1,1,1,30,6,-1,-1,-1,-1,-1,-1,0,-1
2024991479051,2024,991479051,1,9,0,-1,13,8,4,-1,0,0,2,11,0,0,4,2,-1,6,1,22,5,-1,-1,-1,-1,1,-1,0,3
2024010495822,2024,010495822,1,9,0,12,12,7,3,0,0,0,1,0,0,0,2,1,6,6,2,29,6,-1,-1,-1,-1,8,E01001913,0,1
2024622400139,2024,622400139,1,1,0,5,5,8,4,0,0,1,0,0,0,0,1,1,6,6,3,-1,-1,-1,-1,-1,-1,-1,-1,0,-1
2024451478959,2024,451478959,2,9,0,-1,4,4,8,-1,0,0,0,0,0,0,1,9,-1,6,3,30,6,-1,-1,-1,-1,-1,-1,0,-1
2024131473070,2024,131473070,2,22,0,-1,19,7,3,-1,0,8,5,0,0,0,0,1,-1,9,2,79,11,-1,-1,-1,-1,2,E01010717,0,1
2024991445031,2024,991445031,2,22,0,-1,19,1,5,-1,0,5,0,0,0,0,3,1,-1,6,1,54,8,-1,-1,-1,-1,3,-1,0,1
2024010513905,2024,010513905,1,1,9,99,99,9,9,99,99,9,9,99,9,99,1,1,6,6,1,35,6,-1,-1,-1,-1,7,E01004018,0,1
2024141532699,2024,141532699,1,9,0,-1,19,5,1,-1,0,0,0,0,0,0,1,1,-1,9,1,59,9,-1,-1,-1,-1,7,E01007552,0,2
2024332400504,2024,332400504,2,9,0,-1,12,1,3,-1,0,3,0,0,0,0,3,1,-1,6,1,-1,-1,-1,-1,-1,-1,-1,-1,0,-1
2024522401914,2024,522401914,2,9,0,9,9,8,5,0,0,5,0,0,0,0,1,1,6,6,3,-1,-1,-1,-1,-1,-1,-1,-1,0,-1
2024451447281,2024,451447281,1,1,0,-1,19,3,1,-1,0,0,5,8,0,0,4,1,-1,9,1,68,10,-1,-1,-1,-1,-1,-1,0,-1
2024522500252,2024,522500252,2,9,0,2,2,0,0,0,0,0,0,0,0,0,9,1,6,6,2,33,6,-1,-1,-1,-1,6,E01014733,0,2
2024010494510,2024,010494510,2,9,0,18,19,8,4,0,0,1,0,0,0,0,1,1,6,6,3,-1,-1,-1,-1,-1,-1,-1,-1,0,-1
2024461469102,2024,461469102,2,1,-1,-1,19,5,1,-1,9,0,5,0,0,0,2,1,-1,6,1,13,3,-1,-1,-1,-1,4,E01024681,0,1
2024522401452,2024,522401452,1,1,0,18,19,3,7,0,0,8,0,0,0,0,2,1,6,6,1,30,6,-1,-1,-1,-1,5,E01014753,0,1
2024320768883,2024,320768883,1,9,0,-1,-1,6,2,0,0,1,0,0,0,0,1,1,-1,-1,2,30,6,-1,-1,-1,-1,9,E01026197,0,1
2024522401414,2024,522401414,1,1,0,18,19,5,1,0,0,0,0,0,0,0,3,1,6,6,2,35,6,-1,-1,-1,-1,8,E01014511,0,1
2024201458729,2024,201458729,1,11,0,-1,5,8,2,-1,0,2,0,0,0,0,4,1,-1,1,3,-1,-1,-1,-1,-1,-1,-1,-1,0,-1
2024010496192,2024,010496192,1,9,0,18,19,4,8,0,0,2,0,0,0,0,4,1,6,6,3,-1,-1,-1,-1,-1,-1,-1,-1,0,-1
2024201508754,2024,201508754,1,9,0,-1,19,8,4,-1,0,0,0,0,0,0,1,9,-1,6,3,-1,-1,-1,-1,-1,-1,-1,-1,0,-1
2024522500300,2024,522500300,1,1,0,18,19,1,5,0,0,1,0,0,0,0,3,1,6,6,1,40,7,-1,-1,-1,-1,2,E01014659,0,1
2024471536026,2024,471536026,2,1,0,-1,19,5,1,-1,0,8,1,0,0,0,1,1,-1,6,1,16,4,-1,-1,-1,-1,7,E01016987,0,3
2024070360783,2024,070360783,1,9,0,13,13,8,5,0,0,0,0,4,0,0,4,1,6,6,1,30,6,-1,-1,-1,-1,2,E01018400,0,3
2024540733324,2024,540733324,1,9,0,18,19,3,7,0,0,0,0,0,0,0,4,1,6,6,3,-1,-1,-1,-1,-1,-1,-1,-1,0,-1
2024010507690,2024,010507690,2,1,0,9,9,1,7,0,0,4,0,0,0,0,3,1,6,6,2,44,7,-1,-1,-1,-1,7,E01003419,0,1
2024031489659,2024,031489659,2,1,0,-1,19,1,5,-1,0,0,1,0,0,0,1,1,-1,9,1,41,7,-1,-1,-1,-1,-1,-1,0,-1
2024991538017,2024,991538017,1,9,0,-1,13,1,5,-1,0,1,1,0,0,0,1,1,-1,6,1,53,8,-1,-1,-1,-1,1,-1,0,1
2024010519271,2024,010519271,2,1,0,9,9,1,8,0,0,4,0,0,0,0,3,1,6,6,1,11,3,-1,-1,-1,-1,5,E01003700,0,1
2024471444848,2024,471444848,1,11,0,-1,4,4,8,-1,2,1,5,99,1,99,4,1,-1,6,3,-1,-1,-1,-1,-1,-1,-1,-1,0,-1
2024052402236,2024,052402236,1,9,0,1,1,8,4,0,0,0,0,0,0,0,2,1,6,6,3,-1,-1,-1,-1,-1,-1,-1,-1,0,-1
2024010543811,2024,010543811,1,1,9,99,99,9,9,99,99,9,9,99,9,99,9,1,2,2,1,39,7,-1,-1,-1,-1,4,E01003343,0,3
2024010545457,2024,010545457,2,1,9,99,99,9,9,99,99,9,9,99,9,99,2,1,2,2,1,19,4,-1,-1,-1,-1,3,E01002765,0,1
2024201508657,2024,201508657,2,9,0,-1,19,3,4,-1,0,8,0,10,3,0,1,1,-1,9,1,30,6,-1,-1,-1,-1,8,E01009559,0,1
2024552400981,2024,552400981,1,9,0,18,19,2,6,9,9,8,0,10,0,0,4,1,6,6,3,-1,-1,-1,-1,-1,-1,-1,-1,0,-1
2024010494249,2024,010494249,2,1,0,18,19,3,7,4,4,0,0,0,0,0,1,1,1,1,1,43,7,-1,-1,-1,-1,9,E01003158,0,2
2024201460494,2024,201460494,1,9,0,-1,5,3,8,-1,0,6,0,0,0,0,4,9,-1,9,1,29,6,-1,-1,-1,-1,1,E01009080,0,1
2024401477193,2024,401477193,2,1,0,-1,19,5,1,-1,0,8,0,0,0,0,1,1,-1,6,1,29,6,-1,-1,-1,-1,2,E01017474,0,1
2024361447295,2024,361447295,2,11,0,-1,2,1,5,-1,0,1,0,0,0,0,0,1,-1,7,2,70,10,-1,-1,-1,-1,4,E01026743,0,3
2024471497153,2024,471497153,1,1,0,-1,19,1,5,-1,4,8,0,0,0,0,1,1,-1,9,1,40,7,-1,-1,-1,-1,10,E01016939,0,1
2024311426652,2024,311426652,1,19,0,-1,19,8,4,-1,0,1,0,0,0,0,4,1,-1,6,1,41,7,-1,-1,-1,-1,4,E01028343,0,1
2024401466218,2024,401466218,2,1,0,-1,19,-1,-1,-1,-1,0,0,0,0,0,1,1,-1,9,1,15,3,-1,-1,-1,-1,8,E01033820,0,1
2024141521768,2024,141521768,2,90,0,-1,19,6,2,-1,5,0,0,0,0,0,1,1,-1,6,3,-1,-1,-1,-1,-1,-1,-1,-1,0,-1
2024131403024,2024,131403024,1,97,0,-1,19,7,3,-1,0,1,5,0,0,0,1,1,-1,6,1,24,5,-1,-1,-1,-1,1,E01011336,0,1
2024332400941,2024,332400941,4,9,0,-1,19,8,4,-1,0,0,0,0,0,0,4,1,-1,1,1,43,7,-1,-1,-1,-1,10,E01025776,0,2
2024010511178,2024,010511178,2,1,0,18,19,3,7,0,0,8,0,0,0,0,1,1,1,1,1,35,6,-1,-1,-1,-1,2,E01003556,0,1
2024221476544,2024,221476544,3,1,0,-1,19,7,3,-1,0,8,0,0,0,0,0,1,-1,9,1,64,9,-1,-1,-1,-1,8,E01032329,0,1
2024131458908,2024,131458908,2,1,0,-1,4,1,5,-1,0,1,0,0,0,0,1,1,-1,6,1,22,5,-1,-1,-1,-1,3,E01011908,0,1
2024041400436,2024,041400436,1,98,0,-1,19,1,5,-1,0,0,0,0,0,0,0,9,-1,6,3,-1,-1,-1,-1,-1,-1,-1,-1,0,-1
2024302401170,2024,302401170,2,1,0,18,19,6,2,9,9,0,0,0,0,0,4,1,6,6,1,44,7,-1,-1,-1,-1,1,E01013567,0,1
2024041423785,2024,041423785,1,9,0,-1,19,3,7,-1,0,0,0,0,0,0,0,9,-1,6,3,-1,-1,-1,-1,-1,-1,-1,-1,0,-1
2024010510670,2024,010510670,2,1,9,99,99,9,9,99,99,9,9,99,9,99,9,1,6,6,2,-1,-1,-1,-1,-1,-1,6,E01003949,0,1
2024471435746,2024,471435746,1,9,0,-1,19,5,1,-1,0,8,0,0,0,0,-1,9,-1,6,3,-1,-1,-1,-1,-1,-1,-1,-1,0,-1
2024461475345,2024,461475345,2,90,0,-1,4,8,4,-1,0,0,0,0,0,0,2,1,-1,1,1,67,10,-1,-1,-1,-1,8,E01003417,0,4
2024131476159,2024,131476159,2,9,0,-1,19,1,5,-1,0,8,0,0,0,0,4,1,-1,9,1,84,11,-1,-1,-1,-1,7,E01010876,0,1
2024430404086,2024,430404086,2,4,0,4,4,3,7,-1,-1,4,-1,0,0,0,0,1,6,6,2,20,4,-1,-1,-1,-1,-1,-1,0,-1
2024320088859,2024,320088859,1,90,0,-1,-1,6,2,9,9,0,0,0,0,0,1,1,6,6,3,-1,-1,-1,-1,-1,-1,-1,-1,0,-1
2024430110244,2024,430110244,1,9,0,18,19,2,6,0,0,3,0,0,5,6,1,1,6,6,1,30,6,-1,-1,-1,-1,6,E01016754,0,1
2024351467966,2024,351467966,2,1,0,-1,-1,-1,-1,-1,0,3,0,0,0,0,3,1,-1,6,2,67,10,-1,-1,-1,-1,6,E01017963,0,1
2024201395089,2024,201395089,1,19,0,-1,4,5,6,-1,0,4,0,0,0,0,1,1,-1,6,1,-1,-1,-1,-1,-1,-1,-1,-1,0,-1
2024041402302,2024,041402302,1,1,0,-1,19,3,7,-1,0,6,0,0,0,0,1,1,-1,1,1,21,5,-1,-1,-1,-1,1,E01012704,0,1
2024010526056,2024,010526056,2,9,0,18,19,9,9,99,99,9,9,99,9,99,9,9,6,6,3,-1,-1,-1,-1,-1,-1,-1,-1,0,-1
2024010533652,2024,010533652,1,1,0,18,19,1,5,0,0,6,0,0,0,0,4,1,6,6,1,23,5,-1,-1,-1,-1,2,E01002094,0,1
2024010538534,2024,010538534,2,1,9,99,99,9,9,99,99,9,9,99,9,99,1,1,6,6,3,-1,-1,-1,-1,-1,-1,-1,-1,0,-1
2024201457737,2024,201457737,1,9,0,-1,9,3,1,-1,0,8,0,0,0,0,0,9,-1,6,3,-1,-1,-1,-1,-1,-1,-1,-1,0,-1
2024201418281,2024,201418281,1,9,0,-1,19,3,8,-1,0,1,0,0,0,0,1,9,-1,6,1,-1,-1,-1,-1,-1,-1,-1,-1,0,-1
2024010492042,2024,010492042,1,3,0,99,99,9,9,99,99,9,9,99,9,99,2,1,1,1,1,30,6,-1,-1,-1,-1,4,E01004525,0,1
2024461485643,2024,461485643,1,9,0,-1,19,1,4,-1,0,0,0,0,0,0,1,1,-1,6,1,-1,-1,-1,-1,-1,-1,7,E01024459,0,1
2024552401342,2024,552401342,1,9,0,18,19,4,8,0,0,0,5,0,7,10,1,1,6,6,1,22,5,-1,-1,-1,-1,6,E01029195,0,4
2024421526781,2024,421526781,1,98,-1,-1,19,3,-1,-1,0,0,0,0,0,0,3,9,-1,6,3,-1,-1,-1,-1,-1,-1,-1,-1,0,-1
2024201501239,2024,201501239,1,9,0,-1,1,8,8,-1,0,0,0,0,0,0,1,1,-1,1,1,51,8,-1,-1,-1,-1,-1,-1,0,-1
2024302400953,2024,302400953,2,9,0,5,5,7,3,0,0,1,0,0,0,0,2,1,6,6,1,72,10,-1,-1,-1,-1,-1,-1,0,-1
2024010546933,2024,010546933,1,1,0,18,19,3,7,0,0,1,0,11,0,0,1,1,6,6,3,-1,-1,-1,-1,-1,-1,-1,-1,0,-1
2024320325665,2024,320325665,2,9,0,4,4,7,3,0,0,0,0,0,0,0,2,1,-1,-1,2,55,8,-1,-1,-1,-1,8,E01026291,0,1
2024010513722,2024,010513722,1,19,0,7,7,1,3,0,0,1,0,0,0,0,1,1,6,6,2,41,7,-1,-1,-1,-1,9,E01004761,0,1
2024010489084,2024,010489084,2,9,0,99,99,9,9,99,99,9,9,99,9,99,9,9,6,6,3,-1,-1,-1,-1,-1,-1,-1,-1,0,-1
2024471482792,2024,471482792,1,9,0,-1,9,5,1,-1,0,8,0,0,0,0,2,1,-1,9,2,21,5,-1,-1,-1,-1,7,E01021201,0,2
2024340WN3062,2024,340WN3062,1,9,0,-1,19,5,1,-1,0,0,0,0,0,0,3,1,-1,6,3,-1,-1,-1,-1,-1,-1,-1,-1,0,-1
2024461523855,2024,461523855,1,-1,0,-1,19,5,1,-1,9,0,0,0,0,0,0,1,-1,6,1,18,4,-1,-1,-1,-1,7,E01035279,1,1
2024010496561,2024,010496561,2,9,0,99,99,9,9,99,99,9,9,99,9,99,1,9,6,6,3,-1,-1,-1,-1,-1,-1,3,E01001688,0,2
2024010497441,2024,010497441,1,9,0,18,19,3,7,0,0,1,0,0,0,0,4,1,6,6,2,33,6,-1,-1,-1,-1,6,E01003386,0,1
2024201433991,2024,201433991,1,9,0,-1,19,4,8,-1,0,0,0,0,0,0,1,1,-1,6,3,-1,-1,-1,-1,-1,-1,-1,-1,0,-1
2024991420716,2024,991420716,1,11,0,-1,19,2,6,-1,0,0,0,0,0,0,4,1,-1,1,1,57,9,-1,-1,-1,-1,9,-1,0,1
2024991533087,2024,991533087,1,9,0,-1,19,3,7,-1,0,1,0,0,0,0,1,1,-1,9,1,61,9,-1,-1,-1,-1,6,-1,0,1
2024302401652,2024,302401652,2,9,0,16,19,7,1,0,0,8,0,0,0,0,0,1,6,6,3,-1,-1,-1,-1,-1,-1,5,E01019456,0,3
2024010507919,2024,010507919,1,1,9,99,99,9,9,99,99,9,9,99,9,99,2,1,2,2,2,30,6,-1,-1,-1,-1,6,E01004374,0,1
2024991401434,2024,991401434,2,21,1,-1,19,3,7,-1,0,0,2,0,7,0,1,1,-1,1,1,49,8,-1,-1,-1,-1,6,-1,0,4
2024061498912,2024,061498912,1,9,-1,-1,-1,-1,-1,-1,-1,0,-1,-1,-1,0,-1,9,-1,6,3,59,9,-1,-1,-1,-1,5,E01006247,0,2
2024548078124,2024,548078124,2,9,0,7,7,3,5,0,0,7,0,0,0,0,1,1,2,2,1,52,8,-1,-1,-1,-1,9,E01031968,0,2
2024201463365,2024,201463365,2,1,0,-1,19,4,8,-1,0,8,2,0,0,0,1,1,-1,9,1,42,7,-1,-1,-1,-1,5,E01009183,0,1
2024610012224,2024,610012224,2,21,0,11,11,4,8,0,0,0,0,0,0,0,1,1,2,2,1,57,9,-1,-1,-1,-1,3,W01001448,0,4
2024421429948,2024,421429948,2,22,0,-1,-1,7,3,-1,0,0,0,0,0,0,3,1,-1,9,1,51,8,-1,-1,-1,-1,1,E01022043,0,1
2024471489181,2024,471489181,1,1,0,-1,19,6,2,-1,0,0,5,4,0,0,1,1,-1,9,1,40,7,-1,-1,-1,-1,10,E01031773,0,2
2024991430195,2024,991430195,2,9,0,-1,3,3,7,-1,0,1,0,0,0,0,1,1,-1,1,2,36,7,-1,-1,-1,-1,1,-1,0,3
2024471532023,2024,471532023,1,98,0,-1,12,2,7,-1,0,8,0,0,0,0,3,9,-1,6,3,-1,-1,-1,-1,-1,-1,-1,-1,0,-1
2024421524585,2024,421524585,3,9,0,-1,19,3,7,-1,0,0,0,0,0,0,1,2,-1,9,1,44,7,-1,-1,-1,-1,-1,-1,0,-1
2024471473122,2024,471473122,1,9,0,-1,4,6,2,-1,0,1,0,0,0,0,1,1,-1,9,2,79,11,-1,-1,-1,-1,8,E01021088,0,2
2024131475780,2024,131475780,1,1,0,-1,19,1,5,-1,9,0,0,0,0,0,4,1,-1,9,1,8,2,-1,-1,-1,-1,-1,-1,0,-1
2024622400849,2024,622400849,2,3,0,18,19,6,2,0,0,1,0,0,0,0,1,1,6,6,1,15,3,-1,-1,-1,-1,2,W01000900,0,1
2024161452214,2024,161452214,1,9,0,-1,14,2,6,-1,0,0,0,4,1,11,4,1,-1,6,1,76,11,-1,-1,-1,-1,3,E01013045,0,3
2024440206409,2024,440206409,2,9,0,3,3,4,8,0,0,0,0,0,0,0,2,1,6,6,1,48,8,-1,-1,-1,-1,9,E01023254,0,1
2024010491250,2024,010491250,2,9,9,99,99,9,9,99,99,9,9,99,9,99,9,9,6,6,1,51,8,-1,-1,-1,-1,4,E01021575,0,4
2024131423933,2024,131423933,2,9,0,-1,19,3,7,-1,0,4,0,0,0,0,1,1,-1,9,1,21,5,-1,-1,-1,-1,4,E01010637,0,1
2024061525981,2024,061525981,1,1,0,-1,5,-1,-1,-1,99,0,2,0,1,11,3,1,-1,6,1,48,8,-1,-1,-1,-1,3,E01005712,0,1
2024070052020,2024,070052020,1,9,0,16,19,5,1,0,0,0,0,0,1,0,1,1,1,1,2,37,7,-1,-1,-1,-1,3,E01018611,0,1
2024440543890,2024,440543890,1,9,0,9,9,5,1,0,0,6,0,0,0,0,1,1,6,6,1,59,9,-1,-1,-1,-1,10,E01022707,0,1
2024311470221,2024,311470221,2,-1,0,-1,19,7,5,-1,0,8,0,0,0,0,1,1,-1,9,1,17,4,-1,-1,-1,-1,-1,-1,1,-1
2024010550639,2024,010550639,2,9,9,99,99,9,9,99,99,9,9,99,9,99,9,9,6,6,3,-1,-1,-1,-1,-1,-1,-1,-1,0,-1
2024547951524,2024,547951524,2,1,0,18,19,4,8,0,0,1,0,0,0,0,1,1,6,6,1,74,10,-1,-1,-1,-1,6,E01031942,0,3
2024221411561,2024,221411561,2,1,0,-1,9,5,3,-1,0,6,0,0,0,0,4,1,-1,2,2,29,6,-1,-1,-1,-1,7,E01014075,0,1
2024421481376,2024,421481376,2,1,0,-1,19,3,7,-1,0,1,1,0,0,0,1,1,-1,9,1,44,7,-1,-1,-1,-1,6,E01021971,0,2
2024010546984,2024,010546984,1,1,9,99,99,9,9,99,99,9,9,99,9,99,1,1,2,2,1,55,8,-1,-1,-1,-1,2,E01001775,0,1
2024010504557,2024,010504557,1,1,9,99,99,9,9,99,99,9,9,99,9,99,1,1,2,2,1,45,7,-1,-1,-1,-1,4,E01003133,0,1
2024430268419,2024,430268419,2,5,0,18,19,6,2,0,0,8,0,0,0,0,1,1,6,6,1,40,7,-1,-1,-1,-1,6,E01025986,0,4
2024991397287,2024,991397287,2,1,0,-1,19,1,5,-1,0,0,0,0,1,0,2,1,-1,9,1,65,9,-1,-1,-1,-1,10,-1,0,3
2024471440278,2024,471440278,2,1,0,-1,19,1,5,-1,0,8,0,0,0,0,3,1,-1,6,1,40,7,-1,-1,-1,-1,4,E01031576,0,1
2024161451644,2024,161451644,1,9,0,-1,19,2,6,-1,0,0,0,0,0,0,2,1,-1,9,2,33,6,-1,-1,-1,-1,3,E01034752,0,2
2024010504268,2024,010504268,1,9,0,99,99,9,9,99,99,9,9,99,9,99,2,9,2,2,2,46,8,-1,-1,-1,-1,4,E01016074,0,4
2024010516662,2024,010516662,1,97,0,18,19,1,5,0,0,0,0,0,0,0,1,1,6,6,3,-1,-1,-1,-1,-1,-1,-1,-1,0,-1
2024320752672,2024,320752672,4,9,0,5,5,1,5,0,0,1,0,0,0,0,1,1,-1,-1,2,39,7,-1,-1,-1,-1,5,E01026286,0,2
2024421510203,2024,421510203,1,9,0,-1,13,3,7,-1,0,0,0,0,0,0,1,1,-1,6,3,-1,-1,-1,-1,-1,-1,-1,-1,0,-1
2024531493958,2024,531493958,1,9,4,-1,7,6,4,-1,0,2,0,0,0,0,4,9,-1,6,3,-1,-1,-1,-1,-1,-1,-1,-1,0,-1
2024430371796,2024,430371796,2,1,0,18,19,1,5,0,0,0,0,10,1,0,3,1,2,2,1,38,7,-1,-1,-1,-1,3,E01028577,0,1
2024010533891,2024,010533891,2,1,0,18,19,1,5,0,0,1,2,0,0,0,1,1,6,6,2,26,6,-1,-1,-1,-1,3,E01033706,0,1
2024010540584,2024,010540584,2,1,0,8,8,8,1,0,0,4,0,0,0,0,1,1,1,1,1,39,7,-1,-1,-1,-1,4,E01004006,0,1
2024010514540,2024,010514540,2,1,0,18,19,1,5,0,0,1,0,0,0,0,1,1,6,6,1,62,9,-1,-1,-1,-1,9,E01000191,0,1
2024010544565,2024,010544565,1,9,0,99,99,9,9,99,99,0,9,99,9,99,0,1,6,6,3,-1,-1,-1,-1,-1,-1,-1,-1,0,-1
2024141513399,2024,141513399,2,9,0,-1,4,7,8,-1,0,1,0,0,0,0,1,9,-1,6,3,-1,-1,-1,-1,-1,-1,-1,-1,0,-1
2024061495777,2024,061495777,1,19,0,-1,19,8,3,-1,0,0,0,0,0,0,1,1,-1,1,1,30,6,-1,-1,-1,-1,5,-1,0,4
2024010528690,2024,010528690,2,20,0,99,99,9,9,99,99,9,9,99,9,99,1,9,6,6,3,-1,-1,-1,-1,-1,-1,-1,-1,0,-1
2024302400714,2024,302400714,1,5,0,17,19,6,2,0,0,0,1,0,1,4,1,1,6,6,1,32,6,-1,-1,-1,-1,1,E01019444,0,1
2024010539505,2024,010539505,1,90,0,18,19,3,7,0,0,1,0,0,0,0,1,1,2,2,1,47,8,-1,-1,-1,-1,6,E01002135,0,1
2024401501706,2024,401501706,1,9,0,-1,19,3,7,-1,0,1,0,11,0,0,1,9,-1,6,3,-1,-1,-1,-1,-1,-1,-1,-1,0,-1
202417S307024,2024,17S307024,2,9,0,-1,13,4,8,-1,0,8,0,0,0,0,4,1,-1,6,1,-1,-1,-1,-1,-1,-1,-1,-1,0,-1
2024430294399,2024,430294399,2,9,0,3,3,1,6,0,0,4,-1,0,1,7,3,1,6,6,1,24,5,-1,-1,-1,-1,9,E01033520,0,1
2024010489585,2024,010489585,1,9,0,18,19,3,7,0,0,0,0,0,0,0,3,1,2,2,1,64,9,-1,-1,-1,-1,6,E01002636,0,1
2024430515841,2024,430515841,3,9,0,18,19,4,8,0,0,8,0,0,0,0,1,1,6,6,2,42,7,-1,-1,-1,-1,8,E01017718,0,3
2024430141415,2024,430141415,1,9,0,5,5,3,1,9,9,0,0,0,0,0,3,1,6,6,3,20,4,-1,-1,-1,-1,-1,-1,0,-1
2024340WN4362,2024,340WN4362,2,-1,0,-1,19,5,1,-1,0,8,0,0,0,0,4,1,-1,6,1,54,8,-1,-1,-1,-1,3,E01027175,1,1
2024052402146,2024,052402146,4,9,0,18,19,3,7,0,0,0,0,0,1,4,3,1,6,6,1,40,7,-1,-1,-1,-1,1,E01006767,0,2
2024061496391,2024,061496391,2,9,-1,-1,-1,-1,-1,-1,-1,0,-1,-1,-1,0,-1,9,-1,6,3,-1,-1,-1,-1,-1,-1,-1,-1,0,-1
2024401496796,2024,401496796,1,9,0,-1,-1,-1,-1,-1,-1,-1,-1,-1,-1,0,-1,1,-1,6,1,-1,-1,-1,-1,-1,-1,-1,-1,0,-1
2024522401587,2024,522401587,1,9,0,7,7,1,3,0,0,2,0,0,0,0,1,1,6,6,3,-1,-1,-1,-1,-1,-1,-1,-1,0,-1
2024430238040,2024,430238040,1,1,0,9,9,2,1,0,0,5,0,0,0,0,4,1,2,2,1,55,8,-1,-1,-1,-1,7,E01028559,0,1
2024501501658,2024,501501658,2,1,0,-1,4,8,4,-1,0,0,5,0,0,0,4,1,-1,6,1,31,6,-1,-1,-1,-1,2,E01019995,0,1
2024320424197,2024,320424197,1,1,0,-1,-1,6,2,0,0,0,0,0,0,0,1,1,6,6,2,20,4,-1,-1,-1,-1,-1,-1,0,-1
2024201453756,2024,201453756,1,9,0,-1,14,5,1,-1,0,0,0,0,0,0,1,9,-1,1,1,34,6,-1,-1,-1,-1,4,E01010072,0,1
2024552400844,2024,552400844,2,9,0,18,19,3,7,0,0,0,0,0,0,0,1,2,6,6,1,50,8,-1,-1,-1,-1,-1,-1,0,-1
2024061522319,2024,061522319,2,9,0,-1,6,7,3,-1,-1,0,0,0,0,0,0,1,-1,9,1,55,8,-1,-1,-1,-1,4,E01005804,0,1
2024461397049,2024,461397049,3,9,0,-1,19,6,6,-1,0,0,0,0,0,0,1,1,-1,6,1,65,9,-1,-1,-1,-1,7,E01024405,0,3
2024552400873,2024,552400873,1,19,0,18,19,2,6,0,0,4,0,0,0,0,1,1,6,6,3,-1,-1,-1,-1,-1,-1,-1,-1,0,-1
2024010496474,2024,010496474,2,1,0,4,4,3,7,0,0,1,5,0,0,0,2,1,1,1,1,21,5,-1,-1,-1,-1,4,E01001444,0,1
2024332501244,2024,332501244,1,9,0,-1,19,5,1,-1,0,0,0,0,1,0,1,1,-1,6,3,-1,-1,-1,-1,-1,-1,-1,-1,0,-1
2024631479137,2024,631479137,1,1,0,-1,19,1,5,-1,0,8,0,0,0,0,1,1,-1,6,1,81,11,-1,-1,-1,-1,5,W01000531,0,1
2024010488688,2024,010488688,1,9,0,9,9,3,1,0,0,8,0,0,0,0,1,1,6,6,1,-1,-1,-1,-1,-1,-1,-1,-1,0,-1
2024311402665,2024,311402665,2,19,0,-1,9,3,1,-1,0,0,0,0,0,0,4,9,-1,6,3,-1,-1,-1,-1,-1,-1,-1,-1,0,-1
2024440296699,2024,440296699,2,1,0,18,19,5,1,0,0,0,0,0,0,0,2,1,6,6,2,70,10,-1,-1,-1,-1,10,E01015315,0,3
2024010512296,2024,010512296,1,9,0,5,5,7,3,0,0,1,0,0,0,0,1,1,6,6,3,-1,-1,-1,-1,-1,-1,-1,-1,0,-1
2024010525714,2024,010525714,2,1,0,18,19,2,6,0,0,1,0,0,0,0,2,1,6,6,1,26,6,-1,-1,-1,-1,2,E01002227,0,1
2024991465385,2024,991465385,1,19,0,-1,9,4,2,-1,0,8,0,0,0,0,1,1,-1,1,1,66,10,-1,-1,-1,-1,10,-1,0,2
2024201475460,2024,201475460,2,9,0,-1,1,2,3,-1,0,0,0,0,0,0,2,1,-1,6,1,42,7,-1,-1,-1,-1,-1,-1,0,-1
2024010495547,2024,010495547,2,9,0,99,99,9,9,99,99,9,9,99,9,99,9,9,6,6,3,-1,-1,-1,-1,-1,-1,-1,-1,0,-1
2024041405923,2024,041405923,2,22,0,-1,19,2,6,-1,0,1,0,0,1,0,1,1,-1,9,2,65,9,-1,-1,-1,-1,1,E01025287,0,1
2024440043849,2024,440043849,2,9,0,4,4,4,8,0,0,0,0,0,0,0,2,1,6,6,1,24,5,-1,-1,-1,-1,3,E01023105,0,1
2024041511107,2024,041511107,1,9,0,-1,14,1,5,-1,0,0,0,0,0,0,1,1,-1,1,1,24,5,-1,-1,-1,-1,2,E01005663,0,4
2024052402013,2024,052402013,1,9,0,18,19,3,7,0,0,1,0,0,0,0,1,1,6,6,3,-1,-1,-1,-1,-1,-1,-1,-1,0,-1
2024471541553,2024,471541553,1,9,0,-1,19,5,1,-1,0,2,0,0,0,0,1,1,-1,6,3,-1,-1,-1,-1,-1,-1,-1,-1,0,-1