collision_index,collision_year,collision_ref_no,vehicle_reference,vehicle_type,towing_and_articulation,vehicle_manoeuvre_historic,vehicle_manoeuvre,vehicle_direction_from,vehicle_direction_to,vehicle_location_restricted_lane_historic,vehicle_location_restricted_lane,junction_location,skidding_and_overturning,hit_object_in_carriageway,vehicle_leaving_carriageway,hit_object_off_carriageway,first_point_of_impact,vehicle_left_hand_drive,journey_purpose_of_driver_historic,journey_purpose_of_driver,sex_of_driver,age_of_driver,age_band_of_driver,engine_capacity_cc,propulsion_code,age_of_vehicle,generic_make_model,driver_imd_decile,lsoa_of_driver,escooter_flag,driver_distance_banding
2024010530346,2024,010530346,2,9,0,2,2,0,0,0,0,0,0,0,0,0,4,2,6,6,3,-1,-1,-1,-1,-1,-1,-1,-1,0,-1
2024010490751,2024,010490751,1,3,0,99,99,9,9,99,99,9,9,99,9,99,2,1,6,6,1,30,6,-1,-1,-1,-1,9,E01000210,0,2
2024440039248,2024,440039248,3,9,0,18,19,4,8,0,0,0,0,0,0,0,1,1,6,6,1,48,8,-1,-1,-1,-1,7,E01022627,0,1
2024010533266,2024,010533266,1,1,9,99,99,9,9,99,99,9,9,99,9,99,9,1,2,2,1,25,5,-1,-1,-1,-1,8,E01004168,0,1
2024340WN4522,2024,340WN4522,2,1,0,-1,19,4,8,-1,0,8,0,0,0,0,1,1,-1,1,1,40,7,-1,-1,-1,-1,3,E01027154,0,1
2024522402835,2024,522402835,2,9,0,9,9,4,2,0,0,6,0,0,0,0,1,1,6,6,3,-1,-1,-1,-1,-1,-1,-1,-1,0,-1
2024201503640,2024,201503640,2,1,0,-1,19,1,6,-1,0,2,0,0,0,0,4,1,-1,6,1,38,7,-1,-1,-1,-1,2,E01009409,0,2
2024010489964,2024,010489964,1,9,0,18,19,7,3,0,0,7,0,0,0,0,2,1,6,6,1,20,4,-1,-1,-1,-1,4,E01004392,0,1
2024010507124,2024,010507124,2,1,0,18,19,5,1,0,0,1,0,0,0,0,1,1,2,2,1,29,6,-1,-1,-1,-1,6,E01004608,0,1
2024010535451,2024,010535451,2,9,9,99,99,9,9,99,99,9,9,99,9,99,9,1,6,6,3,-1,-1,-1,-1,-1,-1,-1,-1,0,-1
2024430474338,2024,430474338,1,9,0,18,19,1,5,0,0,0,5,10,2,1,3,1,6,6,1,40,7,-1,-1,-1,-1,8,E01028549,0,2
2024070377576,2024,070377576,1,9,0,10,10,3,1,0,0,6,0,0,0,0,3,1,6,6,2,19,4,-1,-1,-1,-1,8,E01006348,0,1
2024411470603,2024,411470603,2,1,0,-1,-1,-1,-1,-1,-1,-1,-1,-1,0,0,2,1,-1,9,1,37,7,-1,-1,-1,-1,4,E01023937,0,1
2024991488617,2024,991488617,2,19,0,-1,3,3,7,-1,0,1,0,0,0,0,2,1,-1,1,2,53,8,-1,-1,-1,-1,-1,-1,0,-1
2024141489692,2024,141489692,1,90,0,-1,19,3,7,-1,0,1,0,0,0,0,4,1,-1,1,2,43,7,-1,-1,-1,-1,6,E01007689,0,2
2024411481413,2024,411481413,1,97,0,-1,11,3,7,-1,4,0,1,10,0,0,1,1,-1,6,1,17,4,-1,-1,-1,-1,6,E01033308,0,2
2024421479918,2024,421479918,1,19,0,-1,4,3,7,-1,0,0,0,0,0,0,1,1,-1,6,1,-1,-1,-1,-1,-1,-1,-1,-1,0,-1
2024231515857,2024,231515857,1,9,0,-1,9,5,3,-1,0,5,0,0,0,0,1,9,-1,6,2,30,6,-1,-1,-1,-1,-1,-1,0,-1
2024010496136,2024,010496136,1,3,0,99,99,9,9,99,99,1,9,99,9,99,1,1,6,6,1,28,6,-1,-1,-1,-1,2,E01033455,0,2
2024010511765,2024,010511765,1,1,9,99,99,9,9,99,99,9,9,99,9,99,9,1,2,2,1,53,8,-1,-1,-1,-1,8,E01032577,0,2
2024991415863,2024,991415863,1,98,0,-1,7,2,5,-1,9,0,0,0,0,0,1,1,-1,1,1,27,6,-1,-1,-1,-1,3,-1,0,4
2024010529346,2024,010529346,1,1,9,18,19,1,5,0,0,9,9,99,0,0,2,1,6,6,2,24,5,-1,-1,-1,-1,9,E01003158,0,1
2024610004224,2024,610004224,2,4,0,18,19,5,1,0,0,8,0,0,0,0,1,1,6,6,1,30,6,-1,-1,-1,-1,5,E01014017,0,4
2024141426164,2024,141426164,2,90,0,-1,19,1,5,-1,0,1,0,0,0,0,1,1,-1,6,2,39,7,-1,-1,-1,-1,4,E01007489,0,1
2024061394938,2024,061394938,1,9,0,-1,19,1,5,-1,0,1,0,0,0,0,-1,9,-1,1,3,-1,-1,-1,-1,-1,-1,-1,-1,0,-1
2024010519430,2024,010519430,1,3,0,99,99,9,9,99,99,9,9,99,9,99,1,1,1,1,1,28,6,-1,-1,-1,-1,5,E01002202,0,2
2024302401119,2024,302401119,1,9,0,17,19,2,8,0,0,2,0,0,1,4,1,1,6,6,2,29,6,-1,-1,-1,-1,5,E01019744,0,3
2024010496282,2024,010496282,2,9,0,18,19,1,5,0,0,1,0,0,1,0,3,1,6,6,1,80,11,-1,-1,-1,-1,5,E01002677,0,2
2024010541912,2024,010541912,1,1,9,99,99,9,9,99,99,0,9,8,9,99,9,1,2,2,1,34,6,-1,-1,-1,-1,4,E01001241,0,1
2024461534189,2024,461534189,1,9,0,-1,19,3,7,-1,0,1,0,0,0,0,1,9,-1,6,3,-1,-1,-1,-1,-1,-1,-1,-1,0,-1
2024010508329,2024,010508329,2,1,9,99,99,9,9,99,99,1,9,99,9,99,9,1,6,6,1,-1,-1,-1,-1,-1,-1,-1,-1,0,-1
2024101429294,2024,101429294,2,90,0,-1,19,5,1,-1,0,0,0,0,0,0,2,1,-1,9,1,5,1,-1,-1,-1,-1,2,E01008456,0,1
2024010490105,2024,010490105,1,1,9,99,99,9,9,99,99,9,9,99,9,99,2,1,6,6,2,34,6,-1,-1,-1,-1,10,E01003811,0,1
2024471459176,2024,471459176,2,9,0,-1,19,7,3,-1,0,0,0,0,1,4,1,1,-1,6,2,19,4,-1,-1,-1,-1,7,E01031545,0,1
2024340WN6822,2024,340WN6822,1,9,0,-1,19,5,1,-1,0,0,0,0,0,0,1,1,-1,1,1,38,7,-1,-1,-1,-1,4,E01001518,0,5
2024041512603,2024,041512603,1,9,0,-1,-1,-1,-1,-1,-1,0,-1,-1,-1,0,-1,1,-1,6,3,-1,-1,-1,-1,-1,-1,-1,-1,0,-1
2024010515144,2024,010515144,1,1,9,99,99,9,9,99,99,9,9,99,9,99,2,1,6,6,1,58,9,-1,-1,-1,-1,3,E01034200,0,1
2024481570205,2024,481570205,1,98,0,-1,1,3,7,-1,0,0,0,0,0,0,2,1,-1,1,1,43,7,-1,-1,-1,-1,-1,-1,0,-1
2024451409598,2024,451409598,2,9,0,-1,19,6,2,-1,0,8,0,0,0,0,1,1,-1,9,1,68,10,-1,-1,-1,-1,7,E01001922,0,4
2024421497686,2024,421497686,2,1,0,-1,19,5,3,-1,0,1,0,0,0,0,1,1,-1,9,2,49,8,-1,-1,-1,-1,3,E01015869,0,1
202454A305224,2024,54A305224,2,4,0,18,19,4,8,0,0,1,0,0,1,10,1,1,6,6,1,35,6,-1,-1,-1,-1,9,E01020464,0,2
2024461469482,2024,461469482,2,9,0,-1,19,3,7,-1,0,0,0,0,0,0,1,9,-1,6,3,18,4,-1,-1,-1,-1,-1,-1,0,-1
2024411497848,2024,411497848,2,1,0,-1,19,1,5,-1,0,0,0,0,0,0,4,1,-1,6,2,34,6,-1,-1,-1,-1,10,E01018267,0,4
2024201504970,2024,201504970,1,9,0,-1,19,3,7,-1,0,0,0,0,0,0,1,1,-1,9,1,64,9,-1,-1,-1,-1,-1,-1,0,-1
2024340NN0022,2024,340NN0022,1,8,0,-1,13,3,7,-1,0,1,0,0,0,0,1,1,-1,6,3,-1,-1,-1,-1,-1,-1,-1,-1,0,-1
2024010516264,2024,010516264,1,1,9,99,99,9,9,99,99,9,9,99,9,99,9,1,2,2,1,36,7,-1,-1,-1,-1,10,E01000272,0,1
2024221477974,2024,221477974,1,9,0,-1,19,5,7,-1,0,0,0,0,0,0,1,1,-1,6,1,18,4,-1,-1,-1,-1,8,E01031243,0,1
2024131518951,2024,131518951,2,9,0,-1,9,-1,-1,-1,0,4,0,0,0,0,-1,1,-1,6,3,-1,-1,-1,-1,-1,-1,-1,-1,0,-1
2024401502107,2024,401502107,1,9,0,-1,19,5,1,-1,0,0,0,0,0,0,1,1,-1,2,1,27,6,-1,-1,-1,-1,8,E01033519,0,3
2024622400717,2024,622400717,2,1,0,18,19,7,3,0,0,8,0,0,0,0,4,1,6,6,1,51,8,-1,-1,-1,-1,9,W01001947,0,1
2024201511581,2024,201511581,1,1,0,-1,19,5,1,-1,9,8,0,0,0,0,1,1,-1,6,1,19,4,-1,-1,-1,-1,-1,-1,0,-1
2024549273524,2024,549273524,2,1,0,18,19,3,7,0,0,0,0,0,0,0,4,1,6,6,1,18,4,-1,-1,-1,-1,9,E01015548,0,1
2024430078163,2024,430078163,1,9,0,18,19,2,6,0,0,0,0,0,0,0,3,1,6,6,1,49,8,-1,-1,-1,-1,9,E01017649,0,2
2024010539978,2024,010539978,1,11,0,4,4,1,5,2,2,9,0,0,0,0,0,1,6,6,3,-1,-1,-1,-1,-1,-1,-1,-1,0,-1
2024461424179,2024,461424179,1,9,0,-1,19,5,1,-1,0,0,2,4,0,0,1,1,-1,9,1,50,8,-1,-1,-1,-1,7,E01024129,0,3
2024520402539,2024,520402539,1,1,0,18,19,7,3,0,0,0,0,0,0,0,2,1,6,6,1,58,9,-1,-1,-1,-1,8,E01035111,0,1
2024371467754,2024,371467754,2,1,0,-1,19,8,4,-1,0,0,0,0,0,0,1,1,-1,6,2,71,10,-1,-1,-1,-1,5,E01030283,0,1
2024010491934,2024,010491934,1,8,0,18,19,1,5,0,0,1,0,0,0,0,1,1,1,1,1,30,6,-1,-1,-1,-1,4,E01004258,0,1
2024061472009,2024,061472009,1,1,0,-1,2,0,0,-1,0,2,0,0,0,0,4,1,-1,9,1,38,7,-1,-1,-1,-1,2,E01005188,0,1
2024010496969,2024,010496969,1,9,0,18,19,5,1,0,0,1,0,0,0,0,1,1,6,6,1,26,6,-1,-1,-1,-1,2,E01002800,0,1
2024010533054,2024,010533054,2,1,0,18,19,7,3,0,0,0,0,0,0,0,1,1,6,6,1,24,5,-1,-1,-1,-1,4,E01000872,0,1
2024010487252,2024,010487252,1,3,0,99,99,9,9,99,99,0,9,99,9,99,1,1,2,2,1,23,5,-1,-1,-1,-1,3,E01003015,0,1
2024430050756,2024,430050756,1,1,0,18,19,7,3,0,0,8,0,0,0,0,3,1,2,2,1,40,7,-1,-1,-1,-1,8,E01016341,0,1
2024010489042,2024,010489042,2,21,4,18,19,5,1,0,0,2,0,0,0,0,1,1,1,1,1,41,7,-1,-1,-1,-1,5,E01023722,0,4
2024010488142,2024,010488142,2,9,0,9,9,8,5,0,0,5,0,0,0,0,1,1,6,6,2,30,6,-1,-1,-1,-1,7,E01033911,0,2
2024010546261,2024,010546261,2,1,9,99,99,9,9,99,99,9,9,99,9,99,1,1,6,6,1,24,5,-1,-1,-1,-1,3,E01003050,0,2
2024471401573,2024,471401573,3,9,0,-1,-1,-1,-1,-1,-1,0,-1,-1,-1,0,-1,9,-1,6,3,-1,-1,-1,-1,-1,-1,-1,-1,0,-1
2024010498258,2024,010498258,2,9,0,99,99,9,9,99,99,9,9,99,9,99,9,9,6,6,3,-1,-1,-1,-1,-1,-1,-1,-1,0,-1
2024520401100,2024,520401100,1,9,0,3,3,1,5,0,0,1,0,0,0,0,2,1,6,6,1,30,6,-1,-1,-1,-1,7,E01029019,0,3
2024320100767,2024,320100767,5,9,0,-1,-1,8,4,0,0,1,0,0,0,0,1,1,-1,-1,1,30,6,-1,-1,-1,-1,7,E01026147,0,2
2024361466726,2024,361466726,2,1,0,-1,19,4,7,-1,0,0,0,0,0,0,1,1,-1,6,1,28,6,-1,-1,-1,-1,1,E01026867,0,1
2024010502341,2024,010502341,2,1,0,9,9,1,6,0,0,6,0,0,0,0,3,1,6,6,2,27,6,-1,-1,-1,-1,5,E01000589,0,1
2024122401048,2024,122401048,2,1,0,18,19,7,3,0,0,8,0,0,0,0,1,1,1,1,1,41,7,-1,-1,-1,-1,5,E01027842,0,1
2024010530845,2024,010530845,2,9,0,99,99,9,9,99,99,9,9,99,9,99,9,9,6,6,3,-1,-1,-1,-1,-1,-1,-1,-1,0,-1
2024052402392,2024,052402392,2,9,0,4,4,4,6,0,0,1,0,0,0,0,2,1,6,6,3,-1,-1,-1,-1,-1,-1,-1,-1,0,-1
2024041394841,2024,041394841,2,9,0,-1,19,1,2,-1,0,2,0,0,0,0,1,2,-1,9,1,56,9,-1,-1,-1,-1,1,E01024876,0,1
2024010488388,2024,010488388,1,9,0,5,5,2,6,0,0,7,0,0,0,0,1,1,2,2,2,44,7,-1,-1,-1,-1,7,E01001071,0,1
2024430229949,2024,430229949,1,9,0,9,9,1,8,0,0,6,0,0,0,0,3,1,6,6,3,-1,-1,-1,-1,-1,-1,-1,-1,0,-1
2024061405390,2024,061405390,5,9,0,-1,19,5,1,-1,0,0,0,0,0,0,1,1,-1,6,1,68,10,-1,-1,-1,-1,9,E01034764,0,4
2024201471975,2024,201471975,2,1,0,-1,19,3,7,-1,0,0,0,0,0,0,3,1,-1,7,1,13,3,-1,-1,-1,-1,2,E01010313,0,1
2024010496014,2024,010496014,1,9,0,18,19,1,5,0,0,0,0,0,0,0,1,1,6,6,1,43,7,-1,-1,-1,-1,-1,-1,0,-1
2024201463829,2024,201463829,2,1,0,-1,19,2,6,-1,0,1,1,10,1,9,3,1,-1,2,2,49,8,-1,-1,-1,-1,8,E01010164,0,1
2024070864531,2024,070864531,1,9,0,-1,99,1,6,-1,0,8,0,0,0,0,4,1,-1,6,3,20,4,-1,-1,-1,-1,-1,-1,0,-1
2024101475013,2024,101475013,1,9,-1,-1,-1,-1,-1,-1,-1,0,-1,-1,-1,0,-1,9,-1,6,3,-1,-1,-1,-1,-1,-1,-1,-1,0,-1
2024041451133,2024,041451133,2,9,0,-1,2,0,0,-1,0,1,0,0,0,0,1,1,-1,6,-1,-1,-1,-1,-1,-1,-1,-1,-1,0,-1
2024522401464,2024,522401464,3,9,0,3,3,2,6,0,0,1,0,0,0,0,2,1,6,6,3,-1,-1,-1,-1,-1,-1,-1,-1,0,-1
2024010502547,2024,010502547,2,1,0,18,19,3,7,0,0,0,0,0,1,0,3,1,2,2,2,52,8,-1,-1,-1,-1,3,E01002068,0,2
2024211457457,2024,211457457,2,1,0,-1,19,8,4,-1,0,1,0,0,0,0,1,1,-1,9,1,13,3,-1,-1,-1,-1,9,E01029791,0,1
2024401406743,2024,401406743,1,9,0,-1,19,5,1,-1,0,1,0,1,1,0,1,1,-1,1,2,17,4,-1,-1,-1,-1,9,E01033824,0,2
2024010487317,2024,010487317,1,9,0,18,19,1,5,0,0,1,0,0,3,0,1,1,2,2,1,28,6,-1,-1,-1,-1,4,E01001444,0,1
2024061462910,2024,061462910,2,1,0,-1,19,-1,-1,-1,0,8,9,0,0,0,1,1,-1,6,3,-1,-1,-1,-1,-1,-1,-1,-1,0,-1
2024201405208,2024,201405208,2,1,0,-1,19,3,6,-1,0,8,0,0,0,0,1,1,-1,1,1,56,9,-1,-1,-1,-1,2,E01010028,0,2
2024010551415,2024,010551415,1,9,0,18,19,3,7,0,0,0,0,0,0,0,2,1,6,6,1,44,7,-1,-1,-1,-1,-1,-1,0,-1
2024161456313,2024,161456313,1,11,0,-1,19,3,7,-1,0,0,0,0,0,0,0,1,-1,6,3,-1,-1,-1,-1,-1,-1,-1,-1,0,-1
2024010542239,2024,010542239,1,1,9,99,99,9,9,99,99,9,9,99,9,99,9,1,2,2,1,42,7,-1,-1,-1,-1,2,E01033864,0,1
2024041509257,2024,041509257,2,9,0,-1,2,1,5,-1,9,0,0,4,0,0,1,1,-1,6,3,-1,-1,-1,-1,-1,-1,-1,-1,0,-1
2024010493801,2024,010493801,3,9,0,2,2,0,0,0,0,0,0,0,0,0,2,1,6,6,3,-1,-1,-1,-1,-1,-1,-1,-1,0,-1
2024161464653,2024,161464653,2,9,0,-1,19,8,4,-1,0,0,0,0,0,0,1,1,-1,9,1,55,8,-1,-1,-1,-1,6,E01012937,0,2
2024302400318,2024,302400318,1,3,0,18,19,2,6,0,0,8,0,0,0,0,1,1,6,6,3,-1,-1,-1,-1,-1,-1,5,E01019456,0,4
2024010515653,2024,010515653,1,9,0,99,99,9,9,99,99,9,9,99,9,99,1,9,6,6,3,-1,-1,-1,-1,-1,-1,-1,-1,0,-1
2024501470870,2024,501470870,1,9,0,-1,19,3,7,-1,0,1,0,0,0,0,1,1,-1,6,3,-1,-1,-1,-1,-1,-1,-1,-1,0,-1
2024471489897,2024,471489897,2,20,0,-1,19,3,7,-1,0,0,0,0,0,0,3,1,-1,6,3,-1,-1,-1,-1,-1,-1,-1,-1,0,-1
2024010548504,2024,010548504,2,9,0,99,99,9,9,99,99,9,9,99,9,99,1,9,6,6,3,-1,-1,-1,-1,-1,-1,7,E01035000,0,3
2024010526382,2024,010526382,2,9,0,18,19,5,1,0,0,1,0,0,0,0,1,1,6,6,1,22,5,-1,-1,-1,-1,8,E01000394,0,1
2024010508299,2024,010508299,2,1,0,18,19,5,1,0,0,1,0,0,0,0,2,1,6,6,1,54,8,-1,-1,-1,-1,1,E01002736,0,1
2024471442409,2024,471442409,2,9,0,-1,13,3,7,-1,0,0,0,99,0,0,3,1,-1,6,3,-1,-1,-1,-1,-1,-1,-1,-1,0,-1
2024522500445,2024,522500445,2,9,0,7,7,5,7,0,0,5,0,0,0,0,4,1,6,6,3,-1,-1,-1,-1,-1,-1,-1,-1,0,-1
2024101506947,2024,101506947,1,1,0,-1,19,7,3,-1,0,0,0,0,0,0,1,1,-1,9,1,14,3,-1,-1,-1,-1,2,E01008512,0,1
2024010496123,2024,010496123,2,9,0,6,6,9,9,99,99,9,9,99,9,99,1,9,6,6,3,-1,-1,-1,-1,-1,-1,-1,-1,0,-1
2024522500044,2024,522500044,2,1,0,18,19,5,1,0,0,8,0,0,0,0,3,1,6,6,2,60,9,-1,-1,-1,-1,8,E01014863,0,2
2024430017946,2024,430017946,2,9,0,18,19,4,8,0,0,1,1,10,0,0,3,1,6,6,1,46,8,-1,-1,-1,-1,6,E01031209,0,3
2024010491333,2024,010491333,1,9,0,99,99,9,9,99,99,9,9,99,9,99,1,9,6,6,2,30,6,-1,-1,-1,-1,2,E01034477,0,1
2024010507222,2024,010507222,2,1,0,18,19,5,1,0,0,8,0,0,0,0,1,1,6,6,1,17,4,-1,-1,-1,-1,4,E01002425,0,1
2024430044818,2024,430044818,2,9,0,6,6,7,7,0,0,0,0,0,0,0,3,1,6,6,3,-1,-1,-1,-1,-1,-1,-1,-1,0,-1
2024101510418,2024,101510418,1,19,0,-1,19,2,6,-1,0,0,0,0,0,0,1,9,-1,6,3,-1,-1,-1,-1,-1,-1,-1,-1,0,-1
2024010501541,2024,010501541,2,9,0,9,9,3,1,0,0,6,0,0,0,0,1,1,6,6,2,20,4,-1,-1,-1,-1,4,E01004373,0,1
2024111439884,2024,111439884,1,9,0,-1,3,2,6,-1,0,2,0,0,0,0,1,1,-1,6,2,43,7,-1,-1,-1,-1,2,E01020743,0,1
2024332400606,2024,332400606,1,1,0,-1,19,3,7,-1,0,0,0,0,0,0,2,1,-1,6,1,59,9,-1,-1,-1,-1,7,E01013615,0,1
2024351492331,2024,351492331,1,98,-1,-1,-1,-1,-1,-1,-1,-1,-1,-1,-1,0,4,9,-1,6,1,-1,-1,-1,-1,-1,-1,-1,-1,0,-1
2024522403211,2024,522403211,2,1,0,17,19,8,4,0,0,8,0,0,0,0,1,1,6,6,1,57,9,-1,-1,-1,-1,5,E01014836,0,1
2024411463014,2024,411463014,3,9,-1,-1,-1,-1,-1,-1,0,0,0,0,0,0,4,9,-1,6,1,-1,-1,-1,-1,-1,-1,9,E01017439,0,2
2024111495805,2024,111495805,2,9,0,-1,19,1,5,-1,0,1,0,0,0,0,4,1,-1,6,1,68,10,-1,-1,-1,-1,4,E01012319,0,1
2024461459235,2024,461459235,1,9,0,-1,9,2,4,-1,0,1,0,0,0,0,1,9,-1,6,3,-1,-1,-1,-1,-1,-1,-1,-1,0,-1
2024401536222,2024,401536222,1,9,0,-1,-1,-1,-1,-1,-1,0,-1,-1,-1,0,-1,1,-1,6,3,-1,-1,-1,-1,-1,-1,-1,-1,0,-1
2024631472440,2024,631472440,2,1,0,-1,5,5,1,-1,0,0,0,0,0,0,1,1,-1,6,1,12,3,-1,-1,-1,-1,1,E01006547,0,5
2024430327798,2024,430327798,1,-1,0,18,19,7,3,0,0,0,0,0,0,0,0,1,6,6,2,22,5,-1,-1,-1,-1,9,E01035742,1,1
2024351436937,2024,351436937,2,1,0,-1,4,3,7,-1,-1,1,0,0,0,0,1,1,-1,2,1,38,7,-1,-1,-1,-1,7,E01018000,0,1
2024501484764,2024,501484764,2,1,0,-1,19,6,2,-1,0,0,0,0,0,0,3,1,-1,9,1,57,9,-1,-1,-1,-1,8,E01019889,0,1
2024421428192,2024,421428192,1,98,0,-1,13,2,6,-1,0,1,0,0,0,0,1,1,-1,6,3,-1,-1,-1,-1,-1,-1,-1,-1,0,-1
2024631395376,2024,631395376,1,98,0,-1,12,2,6,-1,0,0,0,0,0,0,0,1,-1,6,3,20,4,-1,-1,-1,-1,7,W01000720,0,3
2024546602524,2024,546602524,1,9,0,5,5,2,6,0,0,1,0,0,0,0,1,1,6,6,3,-1,-1,-1,-1,-1,-1,-1,-1,0,-1
2024411498301,2024,411498301,2,1,0,-1,19,-1,-1,-1,0,8,0,0,0,0,0,1,-1,9,1,52,8,-1,-1,-1,-1,8,E01023897,0,2
2024010509262,2024,010509262,1,1,9,99,99,9,9,99,99,9,9,99,9,99,1,1,6,6,3,-1,-1,-1,-1,-1,-1,-1,-1,0,-1
2024010494526,2024,010494526,1,9,0,17,19,5,1,0,0,1,0,0,0,0,0,1,6,6,3,-1,-1,-1,-1,-1,-1,-1,-1,0,-1
2024061526823,2024,061526823,1,1,0,-1,3,3,7,-1,4,0,0,0,0,0,1,1,-1,2,1,42,7,-1,-1,-1,-1,3,E01005719,0,1
2024340WN0932,2024,340WN0932,1,9,0,-1,9,5,2,-1,0,6,0,0,0,0,2,1,-1,9,2,51,8,-1,-1,-1,-1,9,-1,0,5
2024010497104,2024,010497104,3,8,0,99,99,9,9,99,99,9,9,99,9,99,9,1,6,6,1,69,10,-1,-1,-1,-1,4,E01000497,0,1
2024122400486,2024,122400486,2,20,0,18,19,8,4,0,0,1,0,0,7,10,1,1,1,1,1,39,7,-1,-1,-1,-1,2,E01020809,0,4
2024461530357,2024,461530357,2,9,0,-1,19,7,3,-1,0,0,0,0,0,0,1,1,-1,6,1,34,6,-1,-1,-1,-1,-1,-1,0,-1
2024201512548,2024,201512548,1,9,0,-1,1,4,8,-1,0,0,0,0,0,0,3,9,-1,6,3,-1,-1,-1,-1,-1,-1,-1,-1,0,-1
2024531539921,2024,531539921,1,9,0,-1,19,1,5,-1,0,0,-1,0,0,0,1,9,-1,6,3,-1,-1,-1,-1,-1,-1,-1,-1,0,-1
2024302400119,2024,302400119,1,9,0,18,19,7,3,0,0,0,0,0,7,11,1,1,6,6,1,35,6,-1,-1,-1,-1,7,E01019771,0,1
2024041483697,2024,041483697,1,1,0,-1,19,5,1,-1,9,0,0,0,0,0,4,1,-1,6,1,4,1,-1,-1,-1,-1,8,E01024944,0,1
2024010540242,2024,010540242,2,1,0,18,19,5,1,0,0,1,0,0,0,0,2,1,6,6,1,16,4,-1,-1,-1,-1,1,E01000782,0,1
2024430597610,2024,430597610,1,9,0,18,19,2,6,0,0,3,0,0,0,0,3,1,6,6,1,31,6,-1,-1,-1,-1,9,E01016323,0,1
2024010518965,2024,010518965,2,19,0,99,99,9,9,99,99,9,9,99,9,99,0,9,6,6,3,-1,-1,-1,-1,-1,-1,-1,-1,0,-1
2024430061708,2024,430061708,3,19,0,18,19,2,6,0,0,0,0,0,0,0,1,1,6,6,1,-1,-1,-1,-1,-1,-1,-1,-1,0,-1
2024332400061,2024,332400061,2,9,0,-1,19,3,7,-1,0,8,0,0,0,0,1,1,-1,6,3,-1,-1,-1,-1,-1,-1,-1,-1,0,-1
2024201478934,2024,201478934,1,9,0,-1,9,1,7,-1,0,5,0,0,0,0,1,1,-1,6,1,36,7,-1,-1,-1,-1,7,E01029653,0,3
2024231528759,2024,231528759,1,9,0,-1,7,4,5,-1,0,1,0,0,3,0,1,1,-1,6,1,67,10,-1,-1,-1,-1,-1,-1,0,-1
2024231445483,2024,231445483,2,1,0,-1,19,5,1,-1,4,8,0,0,0,0,3,1,-1,2,1,54,8,-1,-1,-1,-1,6,E01031091,0,1
2024041461789,2024,041461789,2,97,0,-1,9,6,2,-1,0,2,0,0,7,0,1,1,-1,6,1,85,11,-1,-1,-1,-1,2,E01024890,0,1
2024131554460,2024,131554460,2,9,0,-1,-1,-1,-1,-1,-1,8,-1,-1,-1,0,-1,1,-1,6,3,-1,-1,-1,-1,-1,-1,-1,-1,0,-1
2024061517187,2024,061517187,3,9,0,-1,19,7,3,-1,0,2,0,0,0,0,2,1,-1,6,1,49,8,-1,-1,-1,-1,4,E01006294,0,2
2024010523937,2024,010523937,1,9,0,7,7,6,1,9,9,5,0,7,0,0,1,1,6,6,2,22,5,-1,-1,-1,-1,2,E01001428,0,1
2024461405076,2024,461405076,1,90,0,-1,19,3,7,-1,0,1,0,0,0,0,1,9,-1,6,1,44,7,-1,-1,-1,-1,4,E01035305,0,1
2024041447892,2024,041447892,1,1,0,-1,19,-1,-1,-1,0,1,0,0,0,0,-1,1,-1,6,1,12,3,-1,-1,-1,-1,1,E01025227,0,1
2024991440763,2024,991440763,2,9,0,-1,4,0,3,-1,0,2,0,0,0,0,3,1,-1,9,1,24,5,-1,-1,-1,-1,-1,-1,0,-1
2024061477016,2024,061477016,1,1,0,-1,5,1,5,-1,0,0,0,0,0,0,1,1,-1,6,1,9,2,-1,-1,-1,-1,7,E01004775,0,1
2024010513088,2024,010513088,1,11,0,99,99,9,9,99,99,9,9,99,9,99,9,9,6,6,3,-1,-1,-1,-1,-1,-1,-1,-1,0,-1
2024451482311,2024,451482311,1,1,0,-1,4,1,5,-1,0,3,9,0,1,0,9,1,-1,2,1,47,8,-1,-1,-1,-1,7,E01030872,0,1
2024461515738,2024,461515738,2,1,0,-1,19,1,7,-1,5,0,0,0,0,0,1,1,-1,9,2,56,9,-1,-1,-1,-1,4,E01001794,0,4
2024070287398,2024,070287398,1,4,0,2,2,0,0,0,0,0,0,0,0,0,1,1,6,6,1,28,6,-1,-1,-1,-1,1,E01012436,0,1
2024010494046,2024,010494046,2,9,0,18,19,9,9,99,99,9,9,99,9,99,1,9,6,6,3,-1,-1,-1,-1,-1,-1,5,E01002307,0,4
2024010509556,2024,010509556,1,1,9,99,99,9,9,99,99,9,9,99,9,99,9,1,6,6,1,37,7,-1,-1,-1,-1,2,E01001828,0,1
2024052402822,2024,052402822,1,9,0,18,19,7,3,0,0,1,0,0,0,0,1,1,6,6,3,-1,-1,-1,-1,-1,-1,-1,-1,0,-1
2024161513931,2024,161513931,1,1,0,-1,5,3,7,-1,0,8,2,0,0,0,1,1,-1,6,1,56,9,-1,-1,-1,-1,1,E01012891,0,2
2024141488730,2024,141488730,2,1,0,-1,19,6,1,-1,0,0,0,0,0,0,1,1,-1,1,1,23,5,-1,-1,-1,-1,3,E01007679,0,3
2024461485115,2024,461485115,2,9,0,-1,4,4,8,-1,0,0,0,0,1,9,1,1,-1,1,1,25,5,-1,-1,-1,-1,4,E01035315,0,2
2024451480208,2024,451480208,1,9,0,-1,3,1,5,-1,0,0,0,0,0,0,2,1,-1,2,1,32,6,-1,-1,-1,-1,7,E01030562,0,2
2024010487479,2024,010487479,1,9,0,7,7,2,4,0,0,6,0,0,0,0,1,1,6,6,3,34,6,-1,-1,-1,-1,-1,-1,0,-1
2024010491647,2024,010491647,1,9,0,99,99,9,9,99,99,9,9,99,9,99,9,9,6,6,2,39,7,-1,-1,-1,-1,3,E01003545,0,1
2024471411755,2024,471411755,1,1,0,-1,19,1,5,-1,0,8,0,0,0,0,4,1,-1,9,1,55,8,-1,-1,-1,-1,10,E01017001,0,1
2024111438665,2024,111438665,1,2,0,-1,13,1,5,-1,0,1,0,0,0,0,1,1,-1,6,1,16,4,-1,-1,-1,-1,-1,-1,0,-1