collision_index,collision_year,collision_ref_no,vehicle_reference,vehicle_type,towing_and_articulation,vehicle_manoeuvre_historic,vehicle_manoeuvre,vehicle_direction_from,vehicle_direction_to,vehicle_location_restricted_lane_historic,vehicle_location_restricted_lane,junction_location,skidding_and_overturning,hit_object_in_carriageway,vehicle_leaving_carriageway,hit_object_off_carriageway,first_point_of_impact,vehicle_left_hand_drive,journey_purpose_of_driver_historic,journey_purpose_of_driver,sex_of_driver,age_of_driver,age_band_of_driver,engine_capacity_cc,propulsion_code,age_of_vehicle,generic_make_model,driver_imd_decile,lsoa_of_driver,escooter_flag,driver_distance_banding
2024451539657,2024,451539657,1,98,0,-1,3,2,6,-1,-1,0,0,0,0,0,3,2,-1,1,1,39,7,-1,-1,-1,-1,-1,-1,0,-1
2024430127036,2024,430127036,2,9,0,18,19,6,2,0,0,0,0,0,0,0,1,1,6,6,1,45,7,-1,-1,-1,-1,-1,-1,0,-1
2024010532223,2024,010532223,2,1,9,99,99,9,9,99,99,9,9,99,9,99,9,1,6,6,1,-1,-1,-1,-1,-1,-1,6,E01004021,0,1
2024010496648,2024,010496648,1,9,0,99,99,9,9,99,99,9,9,99,9,99,9,9,6,6,2,83,11,-1,-1,-1,-1,7,E01003888,0,1
2024430585856,2024,430585856,2,9,0,18,19,7,3,0,0,4,0,0,0,0,1,1,6,6,1,19,4,-1,-1,-1,-1,-1,-1,0,-1
2024546566824,2024,546566824,1,90,0,18,19,6,2,9,9,1,0,4,0,0,1,1,6,6,1,16,4,-1,-1,-1,-1,7,E01033843,0,1
2024010535828,2024,010535828,1,1,0,3,3,5,1,0,0,6,0,0,0,0,1,1,6,6,1,55,8,-1,-1,-1,-1,4,E01004303,0,1
2024401435985,2024,401435985,1,9,0,-1,19,8,5,-1,0,0,0,10,1,0,4,1,-1,6,1,21,5,-1,-1,-1,-1,3,E01017539,0,1
2024552400517,2024,552400517,2,1,0,18,19,8,4,0,0,0,0,0,0,0,3,1,6,6,1,36,7,-1,-1,-1,-1,9,E01020416,0,2
2024010509326,2024,010509326,2,9,0,18,19,3,7,0,0,1,0,0,0,0,1,1,6,6,3,-1,-1,-1,-1,-1,-1,-1,-1,0,-1
202460Q150475,2024,60Q150475,1,9,0,10,10,4,8,0,0,1,0,0,0,0,1,1,6,6,2,-1,-1,-1,-1,-1,-1,-1,-1,0,-1
2024991527171,2024,991527171,1,9,0,-1,19,4,8,-1,0,1,0,4,0,0,1,1,-1,9,1,81,11,-1,-1,-1,-1,3,-1,0,1
2024010544547,2024,010544547,2,1,0,3,3,1,5,0,0,1,0,0,0,0,2,1,2,2,1,57,9,-1,-1,-1,-1,4,E01003203,0,1
2024421405060,2024,421405060,3,9,0,-1,2,5,5,-1,0,6,0,0,0,0,4,1,-1,6,-1,-1,-1,-1,-1,-1,-1,-1,-1,0,-1
2024070604163,2024,070604163,1,9,0,18,19,3,7,0,0,2,0,0,0,0,3,1,6,6,1,56,9,-1,-1,-1,-1,2,E01006845,0,4
2024061509650,2024,061509650,1,1,0,-1,19,2,6,-1,0,5,0,0,0,0,1,1,-1,9,1,12,3,-1,-1,-1,-1,8,E01006170,0,1
2024111406309,2024,111406309,1,9,0,-1,19,2,8,-1,0,4,0,0,0,0,1,1,-1,6,3,30,6,-1,-1,-1,-1,-1,-1,0,-1
2024010496391,2024,010496391,1,9,0,99,99,9,9,99,99,9,9,99,9,99,9,9,6,6,2,28,6,-1,-1,-1,-1,6,E01003843,0,2
2024991418653,2024,991418653,7,9,0,-1,19,7,3,-1,0,0,0,0,0,0,1,1,-1,1,1,31,6,-1,-1,-1,-1,10,-1,0,3
2024010527762,2024,010527762,2,9,0,99,99,9,9,99,99,9,9,99,9,99,9,9,6,6,3,-1,-1,-1,-1,-1,-1,-1,-1,0,-1
2024610013124,2024,610013124,2,9,0,18,19,1,5,0,0,0,0,0,0,0,1,1,6,6,1,25,5,-1,-1,-1,-1,6,W01001593,0,1
2024131404577,2024,131404577,1,9,0,-1,-1,-1,-1,-1,-1,0,-1,-1,-1,-1,-1,1,-1,6,3,-1,-1,-1,-1,-1,-1,-1,-1,0,-1
2024311404934,2024,311404934,3,3,0,-1,15,8,4,-1,0,2,0,0,0,0,0,1,-1,6,1,31,6,-1,-1,-1,-1,-1,-1,0,-1
2024320571429,2024,320571429,1,9,0,4,4,2,6,0,0,0,0,0,0,0,1,1,6,6,2,59,9,-1,-1,-1,-1,5,E01026241,0,1
2024520401704,2024,520401704,1,9,3,9,9,3,1,0,0,8,0,0,0,0,3,1,6,6,1,29,6,-1,-1,-1,-1,1,E01007416,0,5
2024520401378,2024,520401378,2,9,0,18,19,7,3,8,6,0,0,0,0,0,2,1,6,6,1,56,9,-1,-1,-1,-1,7,E01018818,0,5
2024010489561,2024,010489561,2,9,0,99,99,9,9,99,99,0,9,99,9,99,9,9,6,6,3,-1,-1,-1,-1,-1,-1,-1,-1,0,-1
2024501483710,2024,501483710,2,9,0,-1,19,4,1,-1,0,8,0,0,0,0,1,1,-1,9,1,49,8,-1,-1,-1,-1,3,E01020285,0,1
2024010497859,2024,010497859,1,9,0,18,19,1,5,0,0,8,0,0,0,0,1,1,6,6,3,-1,-1,-1,-1,-1,-1,-1,-1,0,-1
2024010551763,2024,010551763,2,9,0,99,99,9,9,99,99,9,9,99,9,99,1,9,6,6,3,-1,-1,-1,-1,-1,-1,-1,-1,0,-1
2024031455484,2024,031455484,1,9,0,-1,19,3,7,-1,0,1,0,0,0,0,1,1,-1,9,1,19,4,-1,-1,-1,-1,10,E01019261,0,1
2024010546020,2024,010546020,1,1,9,99,99,9,9,99,99,9,9,99,9,99,9,1,6,6,3,28,6,-1,-1,-1,-1,6,E01002875,0,1
202417M109624,2024,17M109624,2,90,0,-1,19,5,1,-1,0,8,0,0,0,0,1,1,-1,6,3,-1,-1,-1,-1,-1,-1,-1,-1,0,-1
2024010529368,2024,010529368,2,1,9,99,99,9,9,99,99,9,9,99,9,99,1,1,6,6,1,23,5,-1,-1,-1,-1,6,E01000937,0,1
2024201538860,2024,201538860,2,-1,0,-1,5,2,6,-1,0,0,0,0,0,0,1,9,-1,6,2,25,5,-1,-1,-1,-1,3,E01033623,1,1
2024522403099,2024,522403099,2,9,0,9,9,1,7,0,0,6,0,0,0,0,1,1,6,6,3,-1,-1,-1,-1,-1,-1,-1,-1,0,-1
2024161448160,2024,161448160,2,1,0,-1,19,8,4,-1,0,0,0,0,0,0,2,1,-1,6,1,65,9,-1,-1,-1,-1,10,E01013068,0,1
2024010523978,2024,010523978,2,9,0,7,7,9,9,99,99,5,9,99,9,99,9,1,6,6,3,-1,-1,-1,-1,-1,-1,-1,-1,0,-1
2024141490083,2024,141490083,1,9,0,-1,19,-1,-1,-1,0,1,0,0,0,0,4,9,-1,6,3,-1,-1,-1,-1,-1,-1,-1,-1,0,-1
202454F154524,2024,54F154524,1,9,0,18,19,2,6,0,0,0,0,0,0,0,0,1,6,6,2,-1,-1,-1,-1,-1,-1,-1,-1,0,-1
2024141498170,2024,141498170,1,9,0,-1,3,5,1,-1,0,0,0,0,0,0,2,1,-1,9,2,38,7,-1,-1,-1,-1,10,E01028628,0,5
2024451456290,2024,451456290,2,90,0,-1,19,5,1,-1,0,0,0,0,0,0,1,9,-1,6,3,30,6,-1,-1,-1,-1,-1,-1,0,-1
2024320182590,2024,320182590,2,9,0,-1,-1,6,2,0,0,8,0,0,1,0,3,1,-1,-1,1,52,8,-1,-1,-1,-1,6,E01026391,0,1
2024311395163,2024,311395163,1,9,0,-1,19,3,5,-1,0,0,0,0,0,0,0,1,-1,6,1,19,4,-1,-1,-1,-1,-1,-1,0,-1
2024371504264,2024,371504264,1,98,4,-1,19,1,5,-1,0,1,0,0,0,0,1,1,-1,1,1,56,9,-1,-1,-1,-1,-1,-1,0,-1
2024010541125,2024,010541125,2,1,0,18,19,3,7,0,0,8,0,0,0,0,1,1,1,1,1,32,6,-1,-1,-1,-1,3,E01004305,0,1
2024010488933,2024,010488933,1,9,0,99,99,9,9,99,99,0,9,99,9,99,2,9,6,6,1,27,6,-1,-1,-1,-1,7,E01003001,0,1
202460Q151885,2024,60Q151885,1,9,0,18,19,8,4,0,0,0,0,0,1,11,1,1,6,6,1,17,4,-1,-1,-1,-1,-1,-1,0,-1
2024471456994,2024,471456994,2,1,0,-1,19,7,3,-1,0,0,5,0,0,0,4,1,-1,6,2,34,6,-1,-1,-1,-1,9,E01017000,0,4
2024131450873,2024,131450873,1,8,0,-1,-1,-1,-1,-1,-1,0,-1,-1,-1,-1,-1,1,-1,6,3,-1,-1,-1,-1,-1,-1,-1,-1,0,-1
2024351459995,2024,351459995,1,9,0,-1,-1,-1,-1,-1,-1,0,-1,-1,-1,0,-1,9,-1,6,3,-1,-1,-1,-1,-1,-1,-1,-1,0,-1
2024221512612,2024,221512612,2,9,3,-1,19,7,3,-1,0,0,0,0,0,0,2,9,-1,9,2,58,9,-1,-1,-1,-1,4,E01014024,0,2
2024991516131,2024,991516131,2,1,0,-1,19,5,1,-1,0,8,0,0,0,0,1,1,-1,6,1,20,4,-1,-1,-1,-1,2,-1,0,1
2024361475398,2024,361475398,1,9,0,-1,19,7,4,-1,0,2,1,0,3,1,4,2,-1,9,1,33,6,-1,-1,-1,-1,-1,-1,0,-1
2024052402036,2024,052402036,1,9,0,4,4,4,7,0,0,1,0,0,0,0,2,1,6,6,3,-1,-1,-1,-1,-1,-1,-1,-1,0,-1
2024471406699,2024,471406699,2,9,0,-1,19,4,8,-1,0,1,0,0,0,0,4,1,-1,2,1,37,7,-1,-1,-1,-1,2,E01024398,0,4
2024461437947,2024,461437947,2,9,0,-1,3,5,1,-1,0,0,0,0,0,0,2,1,-1,6,1,25,5,-1,-1,-1,-1,5,E01024086,0,1
2024010511873,2024,010511873,2,9,0,18,19,7,3,0,0,1,0,0,1,11,1,1,1,1,1,31,6,-1,-1,-1,-1,5,E01033918,0,2
2024131452411,2024,131452411,3,9,0,-1,19,1,5,-1,0,0,0,0,0,0,-1,1,-1,6,3,-1,-1,-1,-1,-1,-1,-1,-1,0,-1
202417M302624,2024,17M302624,2,1,0,18,19,2,6,0,0,4,0,0,0,0,1,1,6,6,1,44,7,-1,-1,-1,-1,8,E01032594,0,1
2024061425444,2024,061425444,2,9,0,-1,2,-1,-1,-1,99,1,0,0,0,0,3,1,-1,6,1,-1,-1,-1,-1,-1,-1,-1,-1,0,-1
2024201566735,2024,201566735,1,97,0,-1,9,7,3,-1,0,2,0,0,0,0,4,1,-1,6,3,-1,-1,-1,-1,-1,-1,-1,-1,0,-1
2024440389443,2024,440389443,1,1,0,18,19,5,1,0,0,1,0,0,0,0,4,1,6,6,2,45,7,-1,-1,-1,-1,6,E01017047,0,1
2024522403401,2024,522403401,2,1,0,18,19,3,7,0,0,8,0,0,0,0,4,1,6,6,1,26,6,-1,-1,-1,-1,10,E01035220,0,1
2024302401114,2024,302401114,2,1,0,18,19,7,3,0,0,1,0,0,0,0,3,1,6,6,1,12,3,-1,-1,-1,-1,3,E01019531,0,1
2024061473729,2024,061473729,1,99,0,-1,19,8,6,-1,0,0,0,0,0,0,1,9,-1,6,1,32,6,-1,-1,-1,-1,1,E01004787,0,1
2024031407847,2024,031407847,1,9,0,-1,19,3,3,-1,5,0,5,0,7,0,1,1,-1,9,1,20,4,-1,-1,-1,-1,-1,-1,0,-1
2024361494017,2024,361494017,2,9,0,-1,3,7,3,-1,0,1,0,0,0,0,2,1,-1,6,1,35,6,-1,-1,-1,-1,6,E01029975,0,4
2024440343643,2024,440343643,1,9,0,18,19,6,2,0,0,0,0,0,0,0,4,1,6,6,3,-1,-1,-1,-1,-1,-1,-1,-1,0,-1
2024440428791,2024,440428791,2,9,0,5,5,1,5,0,0,2,0,0,0,0,1,1,6,6,3,-1,-1,-1,-1,-1,-1,-1,-1,0,-1
2024161425171,2024,161425171,1,1,0,-1,19,5,1,-1,4,6,0,0,0,0,1,1,-1,6,1,32,6,-1,-1,-1,-1,6,E01013163,0,1
2024010512006,2024,010512006,1,9,9,99,99,9,9,99,99,9,9,99,9,99,9,9,6,6,3,-1,-1,-1,-1,-1,-1,-1,-1,0,-1
2024430039079,2024,430039079,1,9,0,2,2,0,0,0,0,0,0,0,0,0,4,1,6,6,2,45,7,-1,-1,-1,-1,8,E01017766,0,1
2024131414808,2024,131414808,2,1,0,-1,5,5,1,-1,0,8,0,0,0,0,2,1,-1,9,1,47,8,-1,-1,-1,-1,8,E01011596,0,1
2024231405572,2024,231405572,1,9,0,-1,5,2,6,-1,0,6,0,0,0,0,1,9,-1,6,1,55,8,-1,-1,-1,-1,-1,-1,0,-1
2024161426802,2024,161426802,2,1,0,-1,19,7,3,-1,0,0,0,0,0,0,2,1,-1,6,1,44,7,-1,-1,-1,-1,7,E01013307,0,1
2024131435406,2024,131435406,1,23,0,-1,-1,-1,-1,-1,-1,0,-1,-1,-1,0,-1,1,-1,6,3,-1,-1,-1,-1,-1,-1,-1,-1,0,-1
2024010496773,2024,010496773,1,9,0,7,7,5,7,0,0,1,0,0,0,0,1,1,2,2,2,36,7,-1,-1,-1,-1,6,E01002668,0,1
2024471447162,2024,471447162,2,1,0,-1,19,3,7,-1,0,1,0,0,0,0,1,1,-1,6,1,19,4,-1,-1,-1,-1,7,E01031398,0,1
2024361479940,2024,361479940,2,9,0,-1,19,3,7,-1,0,0,0,0,0,0,1,1,-1,2,1,67,10,-1,-1,-1,-1,6,E01026498,0,1
2024010491450,2024,010491450,1,19,0,18,19,1,5,0,0,8,0,0,0,0,3,1,2,2,1,65,9,-1,-1,-1,-1,10,E01030931,0,4
2024361488800,2024,361488800,1,1,0,-1,19,6,6,-1,0,8,0,0,0,0,1,1,-1,9,1,11,3,-1,-1,-1,-1,1,E01026690,0,1
2024010530050,2024,010530050,1,1,9,99,99,9,9,99,99,9,9,8,9,99,9,1,6,6,1,63,9,-1,-1,-1,-1,6,E01001908,0,1
2024010536585,2024,010536585,1,1,9,99,99,9,9,99,99,9,9,99,9,99,1,1,2,2,1,30,6,-1,-1,-1,-1,3,E01003922,0,1
2024461396450,2024,461396450,1,9,0,-1,19,7,3,-1,0,0,0,0,0,0,1,9,-1,6,1,57,9,-1,-1,-1,-1,1,E01024020,0,2
2024010500187,2024,010500187,2,-1,0,18,19,3,7,0,0,6,5,0,7,0,2,1,2,2,1,57,9,-1,-1,-1,-1,2,E01001753,1,1
2024010494274,2024,010494274,1,9,0,15,15,1,5,0,0,0,0,0,0,0,1,1,1,1,1,44,7,-1,-1,-1,-1,4,E01021817,0,3
2024070563012,2024,070563012,1,19,0,9,9,5,3,0,0,6,0,0,0,0,3,1,1,1,1,28,6,-1,-1,-1,-1,-1,-1,0,-1
2024131403321,2024,131403321,1,9,0,-1,19,6,2,-1,0,0,0,0,0,0,1,1,-1,6,1,-1,-1,-1,-1,-1,-1,-1,-1,0,-1
2024501528598,2024,501528598,1,9,0,-1,19,3,7,-1,0,0,0,0,0,0,4,9,-1,6,3,-1,-1,-1,-1,-1,-1,-1,-1,0,-1
2024010521326,2024,010521326,2,97,0,99,99,9,9,99,99,9,9,99,9,99,9,1,6,6,3,-1,-1,-1,-1,-1,-1,-1,-1,0,-1
2024471460113,2024,471460113,2,90,0,-1,19,1,5,-1,0,0,0,0,0,0,3,9,-1,6,3,-1,-1,-1,-1,-1,-1,-1,-1,0,-1
2024101464346,2024,101464346,1,1,0,-1,19,1,5,-1,2,0,0,0,0,0,4,1,-1,6,1,33,6,-1,-1,-1,-1,1,E01033547,0,1
2024411471962,2024,411471962,2,1,0,-1,19,6,2,-1,0,0,0,0,1,0,3,1,-1,2,1,39,7,-1,-1,-1,-1,5,E01017586,0,2
2024522403004,2024,522403004,2,9,0,18,19,7,3,0,0,0,0,0,0,0,1,1,1,1,1,62,9,-1,-1,-1,-1,3,E01022245,0,4
2024361483912,2024,361483912,1,9,0,-1,19,2,6,-1,0,6,0,0,0,0,4,9,-1,6,1,-1,-1,-1,-1,-1,-1,-1,-1,0,-1
2024201449011,2024,201449011,2,9,0,-1,19,4,5,-1,0,2,0,0,0,0,1,9,-1,6,3,30,6,-1,-1,-1,-1,-1,-1,0,-1
2024440261948,2024,440261948,2,1,0,18,19,7,3,0,0,8,0,0,0,0,4,1,6,6,1,69,10,-1,-1,-1,-1,10,E01030791,0,1
2024061468534,2024,061468534,6,9,0,-1,19,5,1,-1,0,0,0,0,0,0,1,1,-1,9,2,59,9,-1,-1,-1,-1,4,E01010985,0,4
2024141462314,2024,141462314,1,9,0,-1,19,7,2,-1,0,2,0,0,0,0,4,9,-1,6,1,-1,-1,-1,-1,-1,-1,-1,-1,0,-1
2024991471783,2024,991471783,1,5,0,-1,19,4,8,-1,0,0,0,0,0,0,4,1,-1,9,1,61,9,-1,-1,-1,-1,-1,-1,0,-1
2024302401609,2024,302401609,1,9,0,18,19,5,1,0,0,0,1,0,0,0,1,1,1,1,1,22,5,-1,-1,-1,-1,10,E01019413,0,2
2024501464812,2024,501464812,2,20,0,-1,19,4,8,-1,0,1,0,0,1,3,1,1,-1,1,1,65,9,-1,-1,-1,-1,7,E01020475,0,4
2024010526893,2024,010526893,3,1,0,18,19,1,5,0,0,1,0,0,0,0,1,1,6,6,1,45,7,-1,-1,-1,-1,8,E01030333,0,2
2024430405134,2024,430405134,2,1,0,9,9,5,2,0,0,8,0,0,0,0,4,1,1,1,1,69,10,-1,-1,-1,-1,4,E01033415,0,1
2024221454292,2024,221454292,2,1,0,-1,19,6,2,-1,0,8,0,0,0,0,1,1,-1,6,1,27,6,-1,-1,-1,-1,10,E01009859,0,3
2024430339823,2024,430339823,1,-1,0,9,9,1,7,0,0,5,0,0,0,0,1,1,2,2,1,46,8,-1,-1,-1,-1,10,E01017780,1,1
2024010487041,2024,010487041,1,9,0,9,9,1,7,0,0,0,0,0,0,0,1,1,6,6,2,63,9,-1,-1,-1,-1,6,E01002563,0,1
2024010502963,2024,010502963,1,9,0,18,19,3,7,0,0,0,0,0,0,0,1,1,6,6,1,24,5,-1,-1,-1,-1,-1,-1,0,-1
2024010487384,2024,010487384,1,9,0,99,99,9,9,99,99,9,9,99,9,99,2,9,2,2,1,48,8,-1,-1,-1,-1,3,E01000094,0,1
2024131433886,2024,131433886,1,97,0,-1,-1,-1,-1,-1,-1,0,-1,-1,-1,-1,-1,1,-1,6,3,-1,-1,-1,-1,-1,-1,-1,-1,0,-1
202460Q013312,2024,60Q013312,1,9,0,7,7,7,1,0,0,1,0,0,0,0,3,1,6,6,1,18,4,-1,-1,-1,-1,-1,-1,0,-1
2024010527526,2024,010527526,2,3,0,99,99,9,9,99,99,9,9,99,9,99,9,9,1,1,3,-1,-1,-1,-1,-1,-1,-1,-1,0,-1
2024131475124,2024,131475124,2,1,0,-1,14,7,3,-1,0,0,5,0,0,0,3,1,-1,6,1,59,9,-1,-1,-1,-1,4,E01010878,0,1
2024430217040,2024,430217040,1,9,0,7,7,1,3,0,0,4,0,0,0,0,1,1,6,6,1,25,5,-1,-1,-1,-1,-1,-1,0,-1
2024010545613,2024,010545613,2,9,0,99,99,9,9,99,99,9,9,99,9,99,9,9,6,6,3,-1,-1,-1,-1,-1,-1,-1,-1,0,-1
2024010500706,2024,010500706,2,9,0,18,19,9,9,99,99,9,9,99,9,99,1,9,6,6,3,-1,-1,-1,-1,-1,-1,-1,-1,0,-1
2024010537750,2024,010537750,1,1,9,99,99,9,9,99,99,9,9,99,9,99,1,1,2,2,2,22,5,-1,-1,-1,-1,8,E01000913,0,1
2024421414561,2024,421414561,2,1,0,-1,19,-1,-1,-1,0,0,0,0,0,0,4,1,-1,6,1,12,3,-1,-1,-1,-1,2,E01021486,0,1
2024041485941,2024,041485941,1,9,0,-1,19,6,2,-1,0,1,0,0,0,0,1,1,-1,6,3,-1,-1,-1,-1,-1,-1,-1,-1,0,-1
2024010509962,2024,010509962,1,1,9,18,19,7,3,0,0,8,9,99,9,99,1,1,6,6,1,37,7,-1,-1,-1,-1,7,E01001907,0,4
2024061407791,2024,061407791,2,22,0,-1,19,3,7,-1,0,8,0,0,0,0,1,1,-1,6,1,79,11,-1,-1,-1,-1,3,E01004854,0,1
2024421421879,2024,421421879,1,1,0,-1,19,-1,-1,-1,0,0,1,0,0,0,1,1,-1,6,1,14,3,-1,-1,-1,-1,8,E01021719,0,1
2024471421466,2024,471421466,2,1,0,-1,19,1,5,-1,0,0,0,0,0,0,3,1,-1,6,1,49,8,-1,-1,-1,-1,6,E01016943,0,1
2024010500682,2024,010500682,2,1,0,18,19,5,1,0,0,2,0,0,0,0,3,1,6,6,2,33,6,-1,-1,-1,-1,3,E01035653,0,1
2024548206424,2024,548206424,2,9,0,18,19,1,5,0,0,1,0,0,0,0,1,1,6,6,1,73,10,-1,-1,-1,-1,10,E01029030,0,3
2024461475008,2024,461475008,1,9,0,-1,19,4,3,-1,0,1,0,0,0,0,1,9,-1,6,3,-1,-1,-1,-1,-1,-1,-1,-1,0,-1
2024111453022,2024,111453022,2,1,0,-1,19,5,1,-1,0,0,0,0,0,0,3,1,-1,9,1,3,1,-1,-1,-1,-1,1,E01012359,0,1
2024471394912,2024,471394912,1,9,0,-1,9,7,5,-1,0,6,0,0,0,0,1,1,-1,2,1,58,9,-1,-1,-1,-1,2,E01034826,0,1
2024411512641,2024,411512641,1,1,0,-1,19,2,6,-1,0,0,0,0,0,0,1,1,-1,9,1,16,4,-1,-1,-1,-1,10,E01023885,0,1
2024451458331,2024,451458331,2,1,0,-1,19,5,1,-1,0,1,0,0,0,0,4,1,-1,6,1,39,7,-1,-1,-1,-1,8,E01030622,0,2
2024010525138,2024,010525138,1,1,0,18,19,3,7,0,0,1,0,0,0,0,1,1,6,6,2,63,9,-1,-1,-1,-1,3,E01003132,0,1
2024010493398,2024,010493398,1,3,0,99,99,9,9,99,99,9,9,99,9,99,1,1,2,2,1,34,6,-1,-1,-1,-1,1,E01002026,0,2
2024010493985,2024,010493985,1,9,0,99,99,9,9,99,99,9,9,99,9,99,2,9,6,6,2,23,5,-1,-1,-1,-1,6,E01000318,0,3
2024430604814,2024,430604814,1,1,0,18,19,3,7,0,0,1,0,0,0,0,3,1,6,6,1,17,4,-1,-1,-1,-1,5,E01016832,0,1
2024991450176,2024,991450176,1,9,0,-1,1,3,7,-1,0,0,0,0,3,0,2,9,-1,6,2,30,6,-1,-1,-1,-1,-1,-1,0,-1
2024010498065,2024,010498065,2,98,0,99,99,9,9,99,99,0,9,99,9,99,9,9,6,6,3,-1,-1,-1,-1,-1,-1,-1,-1,0,-1
2024061481158,2024,061481158,3,19,0,-1,4,3,7,-1,0,3,0,0,0,0,2,1,-1,6,1,-1,-1,-1,-1,-1,-1,4,E01005871,0,1
2024010547779,2024,010547779,2,9,0,99,99,9,9,99,99,9,9,99,9,99,1,9,6,6,3,-1,-1,-1,-1,-1,-1,-1,-1,0,-1
2024010488689,2024,010488689,1,11,0,5,5,1,5,2,2,1,0,0,0,0,0,1,1,1,1,54,8,-1,-1,-1,-1,8,E01023893,0,4
2024010491194,2024,010491194,1,9,0,18,19,3,7,0,0,6,0,0,0,0,1,1,1,1,2,59,9,-1,-1,-1,-1,6,E01001149,0,2
2024421509323,2024,421509323,1,9,0,-1,-1,-1,-1,-1,-1,0,-1,-1,-1,0,-1,9,-1,6,2,-1,-1,-1,-1,-1,-1,-1,-1,0,-1
2024411503894,2024,411503894,1,97,0,-1,7,8,4,-1,0,0,0,0,0,0,1,1,-1,6,1,22,5,-1,-1,-1,-1,10,E01023595,0,2
2024010514943,2024,010514943,1,9,0,99,99,9,9,99,99,9,9,99,9,99,2,9,6,6,2,43,7,-1,-1,-1,-1,3,E01003373,0,1
2024101471327,2024,101471327,2,9,0,-1,2,1,5,-1,0,2,0,0,0,0,2,1,-1,9,2,35,6,-1,-1,-1,-1,5,E01008539,0,1
2024471404616,2024,471404616,1,9,0,-1,19,1,5,-1,0,0,1,0,2,0,2,2,-1,2,2,63,9,-1,-1,-1,-1,6,E01001343,0,4
2024010536867,2024,010536867,1,1,0,13,13,5,1,0,0,2,0,0,0,0,2,1,6,6,1,-1,-1,-1,-1,-1,-1,-1,-1,0,-1
2024101488002,2024,101488002,1,9,0,-1,12,4,8,-1,0,0,0,0,0,0,0,9,-1,6,3,-1,-1,-1,-1,-1,-1,-1,-1,0,-1
2024141407854,2024,141407854,1,90,0,-1,19,-1,-1,-1,0,0,0,0,0,0,1,9,-1,6,3,-1,-1,-1,-1,-1,-1,-1,-1,0,-1
2024010495688,2024,010495688,2,20,0,16,19,7,3,0,0,0,0,0,0,0,1,1,1,1,1,25,5,-1,-1,-1,-1,4,E01000980,0,2
2024371522579,2024,371522579,1,9,0,-1,5,5,1,-1,0,2,0,0,0,0,3,1,-1,9,1,62,9,-1,-1,-1,-1,10,E01018019,0,2
2024231463760,2024,231463760,1,19,0,-1,19,6,2,-1,0,0,0,0,0,0,1,1,-1,9,1,54,8,-1,-1,-1,-1,2,E01011327,0,5
2024161466138,2024,161466138,2,1,0,-1,19,2,6,-1,0,1,0,4,0,0,1,1,-1,6,1,22,5,-1,-1,-1,-1,6,E01013034,0,1
2024631526755,2024,631526755,2,98,0,-1,19,7,3,-1,0,0,0,0,0,0,3,1,-1,6,2,38,7,-1,-1,-1,-1,7,W01000585,0,1
2024421493740,2024,421493740,1,9,0,-1,19,5,1,-1,0,1,0,0,0,0,1,1,-1,6,3,-1,-1,-1,-1,-1,-1,-1,-1,0,-1
2024010494504,2024,010494504,2,9,0,9,9,5,3,0,0,1,0,0,0,0,3,1,6,6,2,26,6,-1,-1,-1,-1,10,E01024144,0,3
2024041541914,2024,041541914,2,9,0,-1,3,7,3,-1,0,7,0,0,0,0,2,1,-1,6,2,47,8,-1,-1,-1,-1,9,E01024947,0,1
2024991484040,2024,991484040,2,1,0,-1,19,8,4,-1,0,5,0,0,0,0,1,1,-1,9,1,64,9,-1,-1,-1,-1,6,-1,0,2
2024991444448,2024,991444448,1,9,0,-1,13,5,7,-1,0,1,0,0,0,0,0,1,-1,2,2,27,6,-1,-1,-1,-1,6,-1,0,4
2024010494018,2024,010494018,2,1,9,99,99,9,9,99,99,9,9,99,9,99,0,1,6,6,3,-1,-1,-1,-1,-1,-1,6,E01001644,0,1
2024351479196,2024,351479196,2,1,0,-1,-1,-1,-1,-1,-1,-1,-1,-1,-1,0,3,1,-1,9,2,16,4,-1,-1,-1,-1,6,E01017962,0,1
2024411508494,2024,411508494,2,9,0,-1,14,5,1,-1,0,0,0,0,0,0,0,1,-1,6,-1,-1,-1,-1,-1,-1,-1,-1,-1,0,-1
2024141400165,2024,141400165,2,97,0,-1,19,3,7,-1,0,1,0,0,0,0,1,1,-1,9,1,25,5,-1,-1,-1,-1,6,E01027923,0,2
2024501499730,2024,501499730,1,9,0,-1,19,1,5,-1,0,0,1,0,8,0,3,1,-1,9,1,23,5,-1,-1,-1,-1,8,E01020156,0,2
2024371481313,2024,371481313,3,9,0,-1,19,1,5,-1,0,0,0,0,0,0,1,1,-1,6,1,48,8,-1,-1,-1,-1,3,E01026631,0,2
2024311406279,2024,311406279,1,9,0,-1,3,3,7,-1,0,1,0,0,0,0,1,1,-1,6,1,44,7,-1,-1,-1,-1,10,E01028330,0,1
2024320410602,2024,320410602,1,19,0,-1,-1,6,2,0,0,0,0,0,0,0,0,1,6,6,3,-1,-1,-1,-1,-1,-1,-1,-1,0,-1
2024010546594,2024,010546594,1,9,0,18,19,1,5,0,0,0,0,0,0,0,1,1,6,6,3,-1,-1,-1,-1,-1,-1,-1,-1,0,-1
2024010538591,2024,010538591,2,9,0,99,99,9,9,99,99,9,9,99,9,99,9,9,6,6,3,-1,-1,-1,-1,-1,-1,-1,-1,0,-1
2024411419766,2024,411419766,1,9,0,-1,19,2,5,-1,0,1,0,0,0,0,4,1,-1,6,2,81,11,-1,-1,-1,-1,10,E01023878,0,1
2024141426103,2024,141426103,1,9,0,-1,19,3,7,-1,0,0,0,0,0,0,1,1,-1,9,1,76,11,-1,-1,-1,-1,-1,-1,0,-1
2024440283681,2024,440283681,2,1,0,18,19,1,5,0,0,8,0,0,0,0,4,1,4,7,1,12,3,-1,-1,-1,-1,9,E01022836,0,1
2024010509086,2024,010509086,1,1,0,18,19,7,3,9,9,0,0,0,0,0,1,1,4,7,2,15,3,-1,-1,-1,-1,6,E01004616,0,1
2024501461407,2024,501461407,2,9,0,-1,19,3,7,-1,0,1,0,0,0,0,3,1,-1,9,1,29,6,-1,-1,-1,-1,6,E01015027,0,1