collision_index,collision_year,collision_ref_no,vehicle_reference,vehicle_type,towing_and_articulation,vehicle_manoeuvre_historic,vehicle_manoeuvre,vehicle_direction_from,vehicle_direction_to,vehicle_location_restricted_lane_historic,vehicle_location_restricted_lane,junction_location,skidding_and_overturning,hit_object_in_carriageway,vehicle_leaving_carriageway,hit_object_off_carriageway,first_point_of_impact,vehicle_left_hand_drive,journey_purpose_of_driver_historic,journey_purpose_of_driver,sex_of_driver,age_of_driver,age_band_of_driver,engine_capacity_cc,propulsion_code,age_of_vehicle,generic_make_model,driver_imd_decile,lsoa_of_driver,escooter_flag,driver_distance_banding
2024010505579,2024,010505579,2,9,0,99,99,9,9,99,99,9,9,99,9,99,9,9,6,6,3,-1,-1,-1,-1,-1,-1,-1,-1,0,-1
2024010488216,2024,010488216,1,3,0,99,99,9,9,99,99,9,9,99,9,99,1,1,1,1,1,24,5,-1,-1,-1,-1,5,E01001189,0,1
2024430078486,2024,430078486,2,-1,0,18,19,1,5,0,0,8,0,0,0,0,1,1,6,6,1,27,6,-1,-1,-1,-1,5,E01028554,1,1
2024010490783,2024,010490783,1,9,0,99,99,9,9,99,99,9,9,99,9,99,1,9,6,6,3,34,6,-1,-1,-1,-1,-1,-1,0,-1
2024201502616,2024,201502616,1,9,0,-1,19,5,1,-1,2,8,0,0,0,0,1,1,-1,6,1,30,6,-1,-1,-1,-1,2,E01009017,0,1
2024411396296,2024,411396296,1,9,-1,-1,-1,-1,-1,-1,-1,0,-1,-1,-1,0,-1,9,-1,6,1,40,7,-1,-1,-1,-1,7,E01023366,0,1
2024131394493,2024,131394493,1,9,0,-1,19,1,5,-1,0,1,0,0,0,0,1,1,-1,6,1,20,4,-1,-1,-1,-1,1,E01011029,0,2
2024052400662,2024,052400662,1,1,0,9,9,6,4,0,0,8,0,0,0,0,1,1,6,6,1,8,2,-1,-1,-1,-1,4,E01006976,0,1
2024041403650,2024,041403650,2,1,0,-1,5,3,7,-1,0,0,0,0,0,0,3,1,-1,9,2,16,4,-1,-1,-1,-1,5,E01025395,0,1
2024471421170,2024,471421170,1,9,0,-1,19,3,7,-1,0,0,0,0,1,11,4,9,-1,6,1,37,7,-1,-1,-1,-1,9,E01031590,0,2
2024010491726,2024,010491726,1,9,0,99,99,9,9,0,0,1,0,0,0,0,1,1,6,6,3,-1,-1,-1,-1,-1,-1,-1,-1,0,-1
2024440284276,2024,440284276,1,9,0,1,1,7,3,0,0,0,0,0,0,0,4,1,2,2,1,37,7,-1,-1,-1,-1,4,E01017277,0,1
2024071015914,2024,071015914,2,1,0,-1,19,3,7,-1,0,8,0,0,0,0,0,9,-1,6,1,17,4,-1,-1,-1,-1,1,E01018476,0,1
2024531466048,2024,531466048,2,1,0,-1,13,3,7,-1,0,2,0,0,0,0,2,1,-1,9,1,15,3,-1,-1,-1,-1,3,E01022132,0,1
202417S210324,2024,17S210324,2,9,0,-1,19,3,7,-1,0,1,0,0,0,0,1,1,-1,6,1,-1,-1,-1,-1,-1,-1,-1,-1,0,-1
2024010530808,2024,010530808,2,98,0,99,99,9,9,99,99,9,9,99,9,99,1,9,6,6,3,-1,-1,-1,-1,-1,-1,-1,-1,0,-1
2024010489547,2024,010489547,1,3,0,99,99,9,9,99,99,9,9,99,9,99,9,1,1,1,1,27,6,-1,-1,-1,-1,4,E01000644,0,1
2024010548979,2024,010548979,1,1,9,99,99,9,9,99,99,9,9,99,9,99,9,1,2,2,1,51,8,-1,-1,-1,-1,3,E01003598,0,2
2024201482179,2024,201482179,2,9,0,-1,19,7,3,-1,0,0,0,0,0,0,0,9,-1,6,3,20,4,-1,-1,-1,-1,-1,-1,0,-1
2024361521809,2024,361521809,3,1,0,-1,19,2,6,-1,0,8,0,0,0,0,2,1,-1,9,1,19,4,-1,-1,-1,-1,7,E01026914,0,1
2024161498910,2024,161498910,2,9,0,-1,4,8,4,-1,0,0,0,0,0,0,2,1,-1,1,1,36,7,-1,-1,-1,-1,3,E01013071,0,2
2024401421854,2024,401421854,2,9,-1,-1,-1,-1,-1,-1,-1,-1,-1,-1,-1,0,-1,9,-1,9,2,62,9,-1,-1,-1,-1,5,E01017388,0,2
2024430481581,2024,430481581,1,9,0,18,19,2,6,0,0,1,0,0,0,0,3,1,6,6,1,41,7,-1,-1,-1,-1,5,E01016254,0,1
2024010536434,2024,010536434,1,1,9,99,99,9,9,99,99,9,9,99,9,99,9,1,6,6,1,26,6,-1,-1,-1,-1,7,E01002871,0,3
2024522402956,2024,522402956,1,97,0,18,19,2,6,0,0,2,0,0,0,0,1,1,6,6,3,-1,-1,-1,-1,-1,-1,-1,-1,0,-1
2024401404393,2024,401404393,1,9,0,-1,19,3,7,-1,0,0,0,0,0,0,1,9,-1,6,1,18,4,-1,-1,-1,-1,2,E01015754,0,1
2024122400430,2024,122400430,2,9,0,18,19,4,8,0,0,4,0,0,0,0,1,1,6,6,1,55,8,-1,-1,-1,-1,2,E01007294,0,5
2024010540358,2024,010540358,1,11,0,99,99,9,9,99,99,9,9,99,9,99,9,9,6,6,3,-1,-1,-1,-1,-1,-1,10,E01031759,0,4
2024320393007,2024,320393007,1,9,0,-1,-1,2,6,0,0,8,0,0,0,0,1,1,6,6,1,43,7,-1,-1,-1,-1,10,E01026324,0,4
2024520002245,2024,520002245,2,97,0,18,19,-1,-1,0,0,0,0,0,0,0,1,1,6,6,1,18,4,-1,-1,-1,-1,8,E01014442,0,1
2024061429239,2024,061429239,1,9,0,-1,4,1,5,-1,0,0,0,0,0,0,1,1,-1,1,1,60,9,-1,-1,-1,-1,4,E01019529,0,4
2024421425137,2024,421425137,1,9,0,-1,9,8,6,-1,0,8,1,0,3,10,1,1,-1,6,1,31,6,-1,-1,-1,-1,3,E01021508,0,2
2024610050424,2024,610050424,1,9,0,4,4,4,8,0,0,0,0,0,0,0,1,1,6,6,1,65,9,-1,-1,-1,-1,8,W01001392,0,1
202417S113324,2024,17S113324,2,97,0,-1,19,4,8,-1,0,0,0,0,0,0,1,1,-1,9,1,27,6,-1,-1,-1,-1,-1,-1,0,-1
2024351519842,2024,351519842,1,9,0,-1,7,-1,-1,-1,0,2,0,0,0,0,4,9,-1,6,3,-1,-1,-1,-1,-1,-1,-1,-1,0,-1
2024430035181,2024,430035181,2,22,0,18,19,1,5,0,0,1,0,0,0,0,1,1,6,6,2,49,8,-1,-1,-1,-1,10,E01028622,0,1
2024440175099,2024,440175099,1,-1,0,18,19,3,7,0,0,8,0,0,0,0,1,1,2,2,1,28,6,-1,-1,-1,-1,2,E01017239,1,2
2024211490287,2024,211490287,2,9,0,-1,9,4,1,-1,0,5,0,0,0,0,3,1,-1,6,2,45,7,-1,-1,-1,-1,-1,-1,0,-1
2024231473508,2024,231473508,2,9,0,-1,12,4,8,-1,0,0,0,0,0,0,2,9,-1,6,1,45,7,-1,-1,-1,-1,3,E01010068,0,4
2024041405069,2024,041405069,1,9,0,-1,19,5,1,-1,0,0,0,4,0,0,4,9,-1,6,3,-1,-1,-1,-1,-1,-1,-1,-1,0,-1
2024061524883,2024,061524883,1,1,0,-1,9,1,1,-1,0,2,2,0,0,0,4,1,-1,2,1,53,8,-1,-1,-1,-1,8,E01006362,0,2
2024010523516,2024,010523516,1,1,9,99,99,9,9,99,99,9,9,99,9,99,9,1,2,2,1,35,6,-1,-1,-1,-1,2,E01003488,0,1
2024010523038,2024,010523038,1,1,9,99,99,9,9,99,99,9,9,99,9,99,1,1,6,6,1,33,6,-1,-1,-1,-1,9,E01030309,0,2
2024471480237,2024,471480237,1,1,0,-1,19,1,5,-1,0,0,0,0,0,0,0,1,-1,9,1,53,8,-1,-1,-1,-1,6,E01020938,0,2
2024010523474,2024,010523474,1,1,9,99,99,9,9,99,99,9,9,99,9,99,9,1,6,6,2,49,8,-1,-1,-1,-1,-1,-1,0,-1
2024010487723,2024,010487723,2,9,0,14,14,3,7,0,0,0,0,0,0,0,3,1,6,6,1,37,7,-1,-1,-1,-1,6,W01000613,0,5
2024161502112,2024,161502112,1,-1,0,-1,19,3,7,-1,0,0,0,0,0,0,3,9,-1,6,2,15,3,-1,-1,-1,-1,1,E01013201,1,1
2024411440638,2024,411440638,2,19,0,-1,13,7,3,-1,0,0,0,0,0,0,2,9,-1,6,3,-1,-1,-1,-1,-1,-1,-1,-1,0,-1
2024010495395,2024,010495395,2,3,0,18,19,5,1,0,0,8,0,0,0,0,3,1,6,6,2,31,6,-1,-1,-1,-1,3,E01002603,0,3
2024471432934,2024,471432934,2,1,0,-1,19,5,5,-1,0,1,0,0,0,0,1,1,-1,6,2,54,8,-1,-1,-1,-1,7,E01031343,0,1
2024430307142,2024,430307142,1,19,0,18,19,2,6,0,0,6,0,0,0,0,4,1,6,6,1,36,7,-1,-1,-1,-1,7,E01033972,0,4
2024320598359,2024,320598359,1,9,0,-1,-1,6,2,0,0,1,0,0,0,0,4,1,6,6,3,-1,-1,-1,-1,-1,-1,-1,-1,0,-1
2024201467550,2024,201467550,2,9,0,-1,14,7,3,-1,0,8,0,0,0,0,4,1,-1,6,1,43,7,-1,-1,-1,-1,1,E01009475,0,1
2024061482824,2024,061482824,2,1,0,-1,19,6,3,-1,0,0,0,0,1,0,3,1,-1,9,1,47,8,-1,-1,-1,-1,-1,-1,0,-1
2024010532838,2024,010532838,2,10,0,99,99,9,9,0,0,0,0,0,0,0,0,9,6,6,3,-1,-1,-1,-1,-1,-1,-1,-1,0,-1
2024010504349,2024,010504349,2,1,0,18,19,4,8,0,0,8,0,0,0,0,1,1,2,2,1,26,6,-1,-1,-1,-1,8,E01004297,0,2
2024552400885,2024,552400885,2,19,0,3,3,2,6,0,0,1,0,0,0,0,2,1,1,1,1,61,9,-1,-1,-1,-1,7,E01020475,0,3
2024061435117,2024,061435117,2,1,0,-1,19,7,3,-1,0,8,0,0,0,0,1,1,-1,1,1,28,6,-1,-1,-1,-1,3,E01005244,0,1
2024010532313,2024,010532313,2,1,0,-1,-1,5,1,0,0,0,5,0,0,0,1,1,6,6,1,45,7,-1,-1,-1,-1,7,E01033493,0,1
2024411488915,2024,411488915,2,9,0,-1,7,5,7,-1,0,5,0,0,0,0,4,9,-1,6,3,-1,-1,-1,-1,-1,-1,-1,-1,0,-1
2024501528788,2024,501528788,1,1,0,-1,19,1,5,-1,0,2,1,8,0,0,4,1,-1,2,2,58,9,-1,-1,-1,-1,9,E01020023,0,1
2024101511204,2024,101511204,1,90,0,-1,-1,-1,-1,-1,0,0,-1,0,0,0,-1,9,-1,6,1,18,4,-1,-1,-1,-1,2,E01008335,0,1
2024211511154,2024,211511154,1,19,0,-1,7,1,4,-1,0,2,0,0,0,0,4,9,-1,6,3,-1,-1,-1,-1,-1,-1,-1,-1,0,-1
2024010503158,2024,010503158,1,8,0,99,99,9,9,99,99,9,9,99,9,99,0,9,6,6,3,-1,-1,-1,-1,-1,-1,-1,-1,0,-1
2024041474967,2024,041474967,2,-1,0,-1,19,1,5,-1,0,8,0,0,0,0,3,1,-1,6,1,28,6,-1,-1,-1,-1,1,E01012640,1,1
2024430623814,2024,430623814,1,9,0,16,19,4,8,0,0,3,0,0,0,0,4,1,6,6,1,-1,-1,-1,-1,-1,-1,-1,-1,0,-1
2024451469518,2024,451469518,1,9,0,-1,19,3,7,-1,0,0,0,0,0,0,0,1,-1,6,1,28,6,-1,-1,-1,-1,4,E01030364,0,2
2024520000290,2024,520000290,1,9,0,18,19,6,2,0,0,0,0,0,0,0,4,1,6,6,3,-1,-1,-1,-1,-1,-1,-1,-1,0,-1
2024320209130,2024,320209130,1,9,0,-1,-1,5,1,0,0,8,0,0,0,0,1,1,-1,-1,1,27,6,-1,-1,-1,-1,3,E01018081,0,4
2024010513527,2024,010513527,2,9,0,99,99,9,9,99,99,9,9,99,9,99,1,9,6,6,3,-1,-1,-1,-1,-1,-1,-1,-1,0,-1
2024010542604,2024,010542604,2,1,0,9,9,8,6,0,0,2,0,0,0,0,2,1,6,6,1,30,6,-1,-1,-1,-1,8,E01000233,0,2
2024010487295,2024,010487295,3,19,0,8,8,1,4,0,0,6,0,0,0,0,0,1,2,2,1,31,6,-1,-1,-1,-1,-1,-1,0,-1
2024531417263,2024,531417263,1,1,0,-1,19,2,6,-1,0,0,0,0,1,0,1,1,-1,9,1,37,7,-1,-1,-1,-1,6,E01022154,0,1
2024461413147,2024,461413147,1,9,0,-1,9,3,1,-1,0,1,0,0,0,0,3,9,-1,9,3,-1,-1,-1,-1,-1,-1,-1,-1,0,-1
2024041406327,2024,041406327,1,17,0,-1,19,-1,-1,-1,0,0,0,0,0,0,-1,9,-1,6,3,-1,-1,-1,-1,-1,-1,-1,-1,0,-1
2024471404573,2024,471404573,2,9,0,-1,9,4,1,-1,0,8,0,0,0,0,1,1,-1,6,1,20,4,-1,-1,-1,-1,7,E01021182,0,3
2024010494436,2024,010494436,1,3,0,99,99,9,9,99,99,0,9,99,9,99,9,1,6,6,3,19,4,-1,-1,-1,-1,4,E01004571,0,3
2024991514415,2024,991514415,1,9,0,-1,9,1,3,-1,0,8,0,0,0,0,1,1,-1,6,3,70,10,-1,-1,-1,-1,-1,-1,0,-1
2024010496411,2024,010496411,2,9,0,18,19,2,6,0,0,1,0,0,0,0,1,1,6,6,3,-1,-1,-1,-1,-1,-1,2,E01001249,0,2
2024421525611,2024,421525611,2,1,0,-1,4,1,5,-1,9,1,0,0,0,0,1,1,-1,2,1,12,3,-1,-1,-1,-1,5,E01021392,0,1
2024010488516,2024,010488516,1,9,0,18,19,2,6,0,0,2,0,0,0,0,1,1,6,6,2,31,6,-1,-1,-1,-1,2,E01003046,0,2
2024471535976,2024,471535976,1,9,0,-1,19,3,7,-1,0,0,0,0,3,2,1,1,-1,6,1,80,11,-1,-1,-1,-1,3,E01031598,0,1
2024010535915,2024,010535915,2,1,9,99,99,9,9,99,99,9,9,99,9,99,1,1,6,6,1,14,3,-1,-1,-1,-1,8,E01000539,0,1
2024991420668,2024,991420668,1,9,0,-1,19,3,5,-1,0,8,0,0,0,0,1,1,-1,6,2,56,9,-1,-1,-1,-1,10,-1,0,5
2024501455778,2024,501455778,1,1,0,-1,4,1,7,-1,0,1,5,0,0,0,4,1,-1,9,2,52,8,-1,-1,-1,-1,5,E01020040,0,2
2024070748370,2024,070748370,1,9,0,-1,19,7,3,-1,0,0,0,0,0,0,4,9,-1,6,3,-1,-1,-1,-1,-1,-1,-1,-1,0,-1
2024101450553,2024,101450553,1,9,0,-1,-1,-1,-1,-1,-1,8,-1,-1,-1,0,-1,1,-1,6,1,-1,-1,-1,-1,-1,-1,3,E01008202,0,1
2024421519000,2024,421519000,1,9,-1,-1,1,7,3,-1,0,0,0,0,0,0,2,9,-1,6,3,-1,-1,-1,-1,-1,-1,-1,-1,0,-1
2024061524706,2024,061524706,3,9,0,-1,8,6,2,-1,0,1,0,0,0,0,0,9,-1,6,3,-1,-1,-1,-1,-1,-1,-1,-1,0,-1
2024201427580,2024,201427580,2,1,0,-1,19,7,3,-1,0,8,0,0,0,0,1,1,-1,6,1,31,6,-1,-1,-1,-1,10,E01010392,0,1
2024440513295,2024,440513295,3,9,0,2,2,0,0,0,0,0,0,0,0,0,2,1,6,6,1,-1,-1,-1,-1,-1,-1,-1,-1,0,-1
2024010519347,2024,010519347,1,9,9,1,1,6,4,99,99,9,9,99,1,99,2,9,6,6,1,-1,-1,-1,-1,-1,-1,-1,-1,0,-1
2024010489015,2024,010489015,2,9,0,9,9,4,1,0,0,1,0,0,0,0,2,1,6,6,1,19,4,-1,-1,-1,-1,1,E01002081,0,1
2024010531363,2024,010531363,2,1,9,99,99,9,9,99,99,9,9,99,9,99,9,1,2,2,2,30,6,-1,-1,-1,-1,6,E01004532,0,2
2024010507604,2024,010507604,1,1,0,18,19,8,4,4,4,0,0,0,0,0,1,1,6,6,1,24,5,-1,-1,-1,-1,-1,-1,0,-1
2024010510655,2024,010510655,2,9,9,99,99,9,9,99,99,9,9,99,9,99,9,9,6,6,3,-1,-1,-1,-1,-1,-1,-1,-1,0,-1
2024552401396,2024,552401396,2,1,0,18,19,8,4,4,4,8,0,0,0,0,1,1,2,2,2,54,8,-1,-1,-1,-1,10,E01015399,0,1
2024211458368,2024,211458368,2,1,0,-1,19,8,4,-1,5,8,0,0,0,0,1,1,-1,6,2,49,8,-1,-1,-1,-1,3,E01029437,0,1
2024371546842,2024,371546842,1,9,0,-1,19,6,2,-1,0,0,0,0,0,0,1,1,-1,9,2,18,4,-1,-1,-1,-1,8,E01030152,0,4
2024010496845,2024,010496845,1,3,0,99,99,9,9,99,99,9,9,99,9,99,2,1,6,6,1,27,6,-1,-1,-1,-1,3,E01001011,0,2
2024610057724,2024,610057724,2,9,0,18,19,5,1,0,0,0,0,0,0,0,2,1,6,6,2,24,5,-1,-1,-1,-1,2,W01001466,0,2
2024010492033,2024,010492033,2,9,0,18,19,1,5,0,0,0,0,0,0,0,3,1,6,6,1,64,9,-1,-1,-1,-1,2,E01004288,0,2
2024332400465,2024,332400465,2,9,0,-1,99,9,9,-1,0,8,0,0,0,0,9,1,-1,6,3,-1,-1,-1,-1,-1,-1,-1,-1,0,-1
2024131450610,2024,131450610,2,16,0,-1,19,5,1,-1,0,8,0,0,0,0,0,1,-1,9,2,53,8,-1,-1,-1,-1,3,E01010987,0,1
2024471432231,2024,471432231,1,9,0,-1,19,7,3,-1,0,0,0,0,0,0,4,1,-1,2,1,32,6,-1,-1,-1,-1,6,E01021104,0,1
2024461516253,2024,461516253,1,9,0,-1,4,1,5,-1,0,0,0,0,0,0,-1,9,-1,6,3,-1,-1,-1,-1,-1,-1,-1,-1,0,-1
2024010529983,2024,010529983,1,1,9,9,9,9,9,99,99,9,9,99,9,99,3,1,6,6,2,23,5,-1,-1,-1,-1,3,E01000867,0,1
2024201482705,2024,201482705,2,9,0,-1,19,5,1,-1,0,0,0,0,0,0,3,1,-1,9,1,57,9,-1,-1,-1,-1,3,E01010112,0,1
2024010494134,2024,010494134,1,4,0,99,99,9,9,99,99,9,9,99,9,99,1,1,1,1,1,29,6,-1,-1,-1,-1,3,E01001154,0,1
2024010495681,2024,010495681,1,9,0,9,9,4,1,0,0,8,0,0,0,0,1,1,1,1,1,51,8,-1,-1,-1,-1,2,E01004722,0,1
2024430479138,2024,430479138,2,9,0,9,9,7,5,0,0,5,0,0,0,0,3,1,6,6,1,-1,-1,-1,-1,-1,-1,-1,-1,0,-1
2024320129213,2024,320129213,1,9,0,13,13,7,3,0,0,1,0,0,7,11,1,1,-1,-1,1,70,10,-1,-1,-1,-1,2,E01026049,0,1
2024101503036,2024,101503036,1,98,0,-1,5,6,7,-1,0,0,0,0,0,0,0,1,-1,1,3,40,7,-1,-1,-1,-1,-1,-1,0,-1
2024010521671,2024,010521671,2,1,9,99,99,9,9,99,99,9,9,99,9,99,1,1,6,6,3,-1,-1,-1,-1,-1,-1,4,E01003020,0,1
2024421422556,2024,421422556,2,1,0,-1,19,7,3,-1,0,8,0,0,0,0,4,1,-1,9,1,62,9,-1,-1,-1,-1,-1,-1,0,-1
2024010539753,2024,010539753,2,5,0,99,99,9,9,99,99,9,9,99,9,99,9,1,6,6,3,-1,-1,-1,-1,-1,-1,-1,-1,0,-1
2024010511268,2024,010511268,1,1,9,99,99,9,9,99,99,9,9,99,9,99,9,1,2,2,1,21,5,-1,-1,-1,-1,2,E01003305,0,1
2024161497608,2024,161497608,1,1,0,-1,19,7,3,-1,0,0,0,0,0,0,9,1,-1,7,1,12,3,-1,-1,-1,-1,1,E01013162,0,1
2024520500345,2024,520500345,1,3,0,18,19,3,7,0,0,8,0,0,0,0,4,1,6,6,1,36,7,-1,-1,-1,-1,4,E01035117,0,1
2024421441315,2024,421441315,1,1,0,-1,-1,-1,-1,-1,-1,0,-1,-1,-1,0,-1,1,-1,6,1,20,4,-1,-1,-1,-1,4,E01021955,0,1
2024522500013,2024,522500013,2,9,0,1,1,2,6,0,0,0,0,0,0,0,2,1,6,6,1,28,6,-1,-1,-1,-1,2,E01014574,0,1
2024302401523,2024,302401523,2,1,0,18,19,6,3,0,0,8,0,0,0,0,1,1,6,6,1,51,8,-1,-1,-1,-1,8,E01019766,0,2
2024522401199,2024,522401199,1,1,0,18,19,5,1,0,0,8,0,0,0,0,1,1,6,6,1,27,6,-1,-1,-1,-1,1,E01033356,0,1
2024302400287,2024,302400287,1,19,0,9,9,6,3,0,0,8,0,0,0,0,1,1,6,6,3,-1,-1,-1,-1,-1,-1,5,E01019456,0,4
2024010521053,2024,010521053,1,9,0,18,19,3,7,0,0,8,0,0,0,0,1,1,6,6,1,61,9,-1,-1,-1,-1,8,E01002273,0,4
2024010537724,2024,010537724,1,9,0,18,19,1,5,0,0,0,0,0,0,0,2,1,6,6,3,-1,-1,-1,-1,-1,-1,-1,-1,0,-1
2024361520148,2024,361520148,1,99,0,-1,19,7,3,-1,0,0,0,0,0,0,1,9,-1,6,3,-1,-1,-1,-1,-1,-1,-1,-1,0,-1
2024010496074,2024,010496074,2,9,0,18,19,7,3,0,0,1,0,0,0,0,3,1,6,6,1,28,6,-1,-1,-1,-1,3,E01004460,0,2
2024010488625,2024,010488625,2,8,0,99,99,9,9,99,99,5,9,99,9,99,4,9,1,1,1,55,8,-1,-1,-1,-1,10,E01000810,0,4
2024010493372,2024,010493372,1,-1,0,18,19,1,5,0,0,1,0,0,0,0,3,1,6,6,1,17,4,-1,-1,-1,-1,2,E01002870,1,1
2024131433095,2024,131433095,1,11,0,-1,19,7,3,-1,0,0,-1,-1,-1,-1,4,1,-1,6,3,-1,-1,-1,-1,-1,-1,-1,-1,0,-1
2024430307113,2024,430307113,1,23,0,18,19,6,2,0,0,0,0,0,0,0,0,1,6,6,1,43,7,-1,-1,-1,-1,9,E01017841,0,1
2024010527190,2024,010527190,1,1,0,4,4,6,2,0,0,1,0,0,0,0,1,1,6,6,1,17,4,-1,-1,-1,-1,5,E01002744,0,1
2024010496920,2024,010496920,2,9,0,17,19,2,6,0,0,1,0,0,0,0,0,1,6,6,1,34,6,-1,-1,-1,-1,6,E01001343,0,3
2024010507755,2024,010507755,2,-1,0,18,19,6,2,0,0,6,0,0,0,0,3,1,6,6,2,50,8,-1,-1,-1,-1,3,E01000094,1,1
2024010537294,2024,010537294,2,1,0,18,19,5,1,0,0,3,0,0,0,0,4,1,2,2,1,55,8,-1,-1,-1,-1,9,E01004100,0,1
2024361423959,2024,361423959,2,1,4,-1,5,5,8,-1,9,1,0,0,0,0,2,1,-1,9,1,32,6,-1,-1,-1,-1,1,E01026625,0,1
2024052401525,2024,052401525,1,1,0,18,19,3,7,0,0,8,0,0,0,0,1,1,6,6,1,27,6,-1,-1,-1,-1,1,E01007130,0,1
2024161463272,2024,161463272,2,1,0,-1,19,5,1,-1,0,2,0,0,0,0,1,1,-1,6,2,10,2,-1,-1,-1,-1,4,E01013258,0,1
2024201506319,2024,201506319,2,1,0,-1,5,4,8,-1,0,1,0,0,0,0,2,1,-1,1,1,50,8,-1,-1,-1,-1,-1,-1,0,-1
2024371470758,2024,371470758,2,1,0,-1,9,3,1,-1,0,3,0,0,0,0,2,1,-1,6,1,66,10,-1,-1,-1,-1,7,E01030228,0,1
2024161493608,2024,161493608,2,9,0,-1,10,5,1,-1,0,1,0,0,0,0,2,1,-1,9,1,55,8,-1,-1,-1,-1,8,E01012911,0,2
2024010531536,2024,010531536,1,1,0,18,19,1,5,0,0,1,0,0,0,0,1,1,1,1,1,30,6,-1,-1,-1,-1,4,E01001756,0,1
2024010491182,2024,010491182,1,3,0,99,99,9,9,99,99,9,9,99,9,99,9,1,1,1,1,29,6,-1,-1,-1,-1,1,E01001178,0,1
2024010494505,2024,010494505,1,19,0,99,99,9,9,99,99,9,9,99,9,99,2,1,6,6,1,27,6,-1,-1,-1,-1,3,E01002185,0,1
2024461432267,2024,461432267,1,19,0,-1,2,1,5,-1,0,0,0,4,0,0,2,1,-1,1,1,21,5,-1,-1,-1,-1,7,E01032570,0,4
2024161474171,2024,161474171,2,9,0,-1,19,6,2,-1,0,0,0,0,0,0,3,9,-1,6,1,-1,-1,-1,-1,-1,-1,-1,-1,0,-1
2024201522308,2024,201522308,1,-1,0,-1,5,1,6,-1,0,0,0,0,0,0,1,1,-1,6,2,19,4,-1,-1,-1,-1,2,E01033629,1,1
2024201397071,2024,201397071,1,9,0,-1,4,7,3,-1,0,1,0,0,0,0,1,9,-1,6,1,77,11,-1,-1,-1,-1,3,E01010018,0,1
2024010531790,2024,010531790,1,1,9,99,99,9,9,99,99,1,9,99,9,99,9,1,6,6,2,29,6,-1,-1,-1,-1,6,E01004482,0,1
2024522401977,2024,522401977,3,20,0,2,2,0,0,0,0,0,0,0,0,0,1,1,6,6,3,-1,-1,-1,-1,-1,-1,-1,-1,0,-1
2024461452464,2024,461452464,2,9,0,-1,4,1,5,-1,0,0,0,0,0,0,2,9,-1,6,2,30,6,-1,-1,-1,-1,2,E01024155,0,1
2024440348696,2024,440348696,1,3,0,18,19,5,2,0,0,8,0,0,0,0,1,1,2,2,1,28,6,-1,-1,-1,-1,8,E01023249,0,2
2024010489358,2024,010489358,1,3,0,99,99,9,9,99,99,0,9,99,9,99,1,1,6,6,1,22,5,-1,-1,-1,-1,3,E01003989,0,3
2024010549141,2024,010549141,2,9,0,16,19,5,6,0,0,8,0,0,0,0,3,1,1,1,1,42,7,-1,-1,-1,-1,6,E01000631,0,2
2024201502955,2024,201502955,1,1,0,-1,19,6,2,-1,0,2,0,0,0,0,1,1,-1,6,1,46,8,-1,-1,-1,-1,1,E01009124,0,1
2024061437234,2024,061437234,1,9,-1,-1,-1,-1,-1,-1,-1,0,-1,-1,-1,0,-1,9,-1,6,1,-1,-1,-1,-1,-1,-1,-1,-1,0,-1
2024041492933,2024,041492933,1,9,0,-1,19,1,5,-1,0,1,0,0,0,0,1,1,-1,9,1,21,5,-1,-1,-1,-1,3,E01012632,0,1
2024061415511,2024,061415511,1,19,0,-1,7,8,3,-1,0,5,0,0,0,0,1,1,-1,6,3,-1,-1,-1,-1,-1,-1,-1,-1,0,-1
2024430233977,2024,430233977,1,-1,0,14,14,3,7,0,0,2,0,0,0,0,1,1,6,6,1,53,8,-1,-1,-1,-1,5,E01016357,1,1
2024520000121,2024,520000121,2,1,0,10,10,3,1,0,0,0,0,0,0,0,2,1,6,6,1,9,2,-1,-1,-1,-1,-1,-1,0,-1
2024041427225,2024,041427225,1,9,0,-1,5,7,3,-1,0,0,0,0,0,0,3,1,-1,6,3,-1,-1,-1,-1,-1,-1,-1,-1,0,-1
2024991472546,2024,991472546,1,1,0,-1,19,3,7,-1,-1,0,0,0,7,0,0,1,-1,9,2,46,8,-1,-1,-1,-1,3,-1,0,2
2024430167795,2024,430167795,2,1,0,18,19,8,4,0,0,1,0,0,0,0,3,1,6,6,1,9,2,-1,-1,-1,-1,4,E01016356,0,1
2024010550046,2024,010550046,2,22,0,5,5,5,1,0,0,1,0,0,0,0,4,1,6,6,1,81,11,-1,-1,-1,-1,7,E01003429,0,1
2024440018661,2024,440018661,1,-1,0,18,19,3,7,0,0,1,0,0,0,0,0,1,6,6,2,18,4,-1,-1,-1,-1,2,E01017218,1,1
2024440424503,2024,440424503,1,1,0,18,19,1,5,0,0,8,0,0,0,0,4,1,4,7,2,12,3,-1,-1,-1,-1,10,E01023073,0,1
2024991488238,2024,991488238,2,1,0,-1,19,1,6,-1,4,2,0,0,0,0,3,1,-1,9,1,65,9,-1,-1,-1,-1,9,-1,0,3
2024010524037,2024,010524037,2,1,0,18,19,1,5,0,0,1,0,0,0,0,1,1,6,6,2,37,7,-1,-1,-1,-1,3,E01003624,0,2
2024340WN7142,2024,340WN7142,2,-1,0,-1,19,1,5,-1,0,0,0,0,0,0,2,1,-1,6,1,35,6,-1,-1,-1,-1,6,E01027132,1,1
2024401508005,2024,401508005,1,9,0,-1,5,6,2,-1,0,6,0,0,0,0,1,1,-1,1,1,55,8,-1,-1,-1,-1,9,E01017681,0,4
2024010494018,2024,010494018,1,9,0,99,99,9,9,99,99,9,9,99,9,99,9,9,6,6,2,58,9,-1,-1,-1,-1,4,E01033745,0,2
2024430265257,2024,430265257,1,9,0,1,1,8,4,0,0,2,0,0,0,0,2,1,6,6,1,60,9,-1,-1,-1,-1,-1,-1,0,-1
2024010540494,2024,010540494,1,1,9,99,99,9,9,99,99,0,9,99,9,99,0,1,6,6,1,42,7,-1,-1,-1,-1,3,E01003990,0,1