collision_index,collision_year,collision_ref_no,vehicle_reference,vehicle_type,towing_and_articulation,vehicle_manoeuvre_historic,vehicle_manoeuvre,vehicle_direction_from,vehicle_direction_to,vehicle_location_restricted_lane_historic,vehicle_location_restricted_lane,junction_location,skidding_and_overturning,hit_object_in_carriageway,vehicle_leaving_carriageway,hit_object_off_carriageway,first_point_of_impact,vehicle_left_hand_drive,journey_purpose_of_driver_historic,journey_purpose_of_driver,sex_of_driver,age_of_driver,age_band_of_driver,engine_capacity_cc,propulsion_code,age_of_vehicle,generic_make_model,driver_imd_decile,lsoa_of_driver,escooter_flag,driver_distance_banding
2024311465234,2024,311465234,1,1,0,-1,15,3,7,-1,0,0,5,0,0,0,1,1,-1,6,1,35,6,-1,-1,-1,-1,7,E01028157,0,1
2024461414022,2024,461414022,2,9,0,-1,2,0,0,-1,0,0,0,0,0,0,2,1,-1,6,-1,-1,-1,-1,-1,-1,-1,-1,-1,0,-1
2024311466692,2024,311466692,2,22,0,-1,-1,-1,-1,-1,9,2,0,0,0,0,-1,1,-1,6,1,47,8,-1,-1,-1,-1,-1,-1,0,-1
2024010534683,2024,010534683,1,1,0,18,19,3,7,9,9,1,0,0,0,0,1,1,6,6,3,-1,-1,-1,-1,-1,-1,-1,-1,0,-1
2024010496332,2024,010496332,3,9,0,18,19,3,7,0,0,0,0,0,0,0,1,1,2,2,1,27,6,-1,-1,-1,-1,9,E01003471,0,3
2024451497106,2024,451497106,2,1,0,-1,9,3,7,-1,0,3,0,0,0,0,3,1,-1,9,1,29,6,-1,-1,-1,-1,5,E01004765,0,4
2024010517271,2024,010517271,1,1,9,99,99,9,9,99,99,9,9,99,9,99,1,1,6,6,1,29,6,-1,-1,-1,-1,9,E01004542,0,2
2024010510462,2024,010510462,1,3,0,13,13,5,1,0,0,1,0,0,1,0,1,1,6,6,1,32,6,-1,-1,-1,-1,2,E01001875,0,1
2024010497821,2024,010497821,2,9,0,18,19,1,5,0,0,8,0,0,9,0,9,1,6,6,3,-1,-1,-1,-1,-1,-1,-1,-1,0,-1
2024501485574,2024,501485574,2,9,0,-1,19,4,8,-1,0,1,0,0,0,0,1,1,-1,6,1,81,11,-1,-1,-1,-1,4,E01019054,0,1
2024111492387,2024,111492387,1,9,0,-1,5,4,8,-1,0,0,0,0,0,0,1,1,-1,6,2,30,6,-1,-1,-1,-1,-1,-1,0,-1
2024371510026,2024,371510026,1,21,0,-1,7,3,5,-1,0,0,0,0,0,0,1,1,-1,1,1,46,8,-1,-1,-1,-1,8,E01029923,0,4
2024471509077,2024,471509077,2,1,0,-1,19,1,5,-1,0,1,0,0,0,0,1,1,-1,9,1,50,8,-1,-1,-1,-1,9,E01021229,0,1
2024010536674,2024,010536674,1,1,9,99,99,9,9,99,99,0,9,99,9,99,1,1,6,6,1,-1,-1,-1,-1,-1,-1,-1,-1,0,-1
2024440367596,2024,440367596,1,-1,0,18,19,7,3,0,0,2,0,0,0,0,1,1,6,6,1,-1,-1,-1,-1,-1,-1,-1,-1,1,-1
2024991546333,2024,991546333,1,1,0,-1,19,4,8,-1,0,6,0,0,0,0,2,1,-1,1,1,51,8,-1,-1,-1,-1,9,-1,0,3
2024010533344,2024,010533344,1,1,0,18,19,1,5,0,0,2,0,0,0,0,1,1,6,6,1,55,8,-1,-1,-1,-1,5,E01001146,0,1
2024461556235,2024,461556235,1,9,0,-1,19,5,1,-1,0,0,0,0,0,0,1,9,-1,6,3,-1,-1,-1,-1,-1,-1,-1,-1,0,-1
2024430144998,2024,430144998,2,9,0,18,19,4,8,0,0,0,0,0,0,0,1,1,6,6,1,-1,-1,-1,-1,-1,-1,6,E01002602,0,4
2024991444280,2024,991444280,1,1,0,-1,19,7,3,-1,0,6,0,0,0,0,1,1,-1,9,2,10,2,-1,-1,-1,-1,6,-1,0,1
2024141493514,2024,141493514,2,8,0,-1,14,4,8,-1,0,0,0,0,0,0,0,9,-1,1,3,-1,-1,-1,-1,-1,-1,-1,-1,0,-1
2024631417396,2024,631417396,1,9,5,-1,19,5,2,-1,0,0,0,0,0,0,1,1,-1,9,2,62,9,-1,-1,-1,-1,6,W01000560,0,3
2024501421789,2024,501421789,2,1,0,-1,19,8,4,-1,4,0,5,0,0,0,3,1,-1,9,1,62,9,-1,-1,-1,-1,6,E01020187,0,3
2024010535712,2024,010535712,2,-1,0,18,19,6,2,9,9,1,0,0,0,0,1,1,2,2,2,34,6,-1,-1,-1,-1,5,E01000619,1,1
2024471465526,2024,471465526,2,9,0,-1,5,5,1,-1,0,1,0,0,0,0,1,9,-1,6,1,38,7,-1,-1,-1,-1,4,E01020957,0,1
2024010531718,2024,010531718,1,1,9,99,99,1,5,99,99,9,9,99,9,99,1,1,6,6,3,-1,-1,-1,-1,-1,-1,-1,-1,0,-1
2024520402121,2024,520402121,2,1,0,18,19,1,5,4,4,8,0,0,0,0,0,1,6,6,1,63,9,-1,-1,-1,-1,7,E01029078,0,1
2024430216169,2024,430216169,1,9,0,18,19,8,4,0,0,1,0,0,0,0,1,1,6,6,2,-1,-1,-1,-1,-1,-1,-1,-1,0,-1
2024332400491,2024,332400491,1,1,0,-1,14,8,4,-1,0,0,0,0,0,0,4,1,-1,1,1,50,8,-1,-1,-1,-1,3,E01025987,0,2
2024201509588,2024,201509588,4,9,0,-1,19,2,6,-1,0,1,0,0,0,0,2,1,-1,6,-1,-1,-1,-1,-1,-1,-1,-1,-1,0,-1
2024010489588,2024,010489588,2,9,0,4,4,1,5,0,0,7,0,0,0,0,2,1,6,6,3,-1,-1,-1,-1,-1,-1,-1,-1,0,-1
2024131519649,2024,131519649,1,9,0,-1,19,1,1,-1,0,0,1,4,0,0,1,1,-1,9,2,56,9,-1,-1,-1,-1,3,E01011325,0,1
2024111471865,2024,111471865,1,23,0,-1,19,1,5,-1,9,0,5,0,0,0,1,1,-1,6,2,24,5,-1,-1,-1,-1,3,E01020846,0,1
2024010501869,2024,010501869,2,1,9,99,99,9,9,99,99,9,9,99,9,99,9,1,6,6,1,51,8,-1,-1,-1,-1,5,E01001859,0,1
2024031531485,2024,031531485,1,22,0,-1,19,3,7,-1,0,0,0,0,0,0,4,1,-1,6,2,66,10,-1,-1,-1,-1,-1,-1,0,-1
2024052400907,2024,052400907,2,1,0,18,19,3,7,0,0,3,0,0,0,0,1,1,6,6,1,20,4,-1,-1,-1,-1,4,E01007313,0,1
2024522500162,2024,522500162,2,9,0,1,1,6,2,0,0,0,0,0,0,0,2,1,6,6,3,-1,-1,-1,-1,-1,-1,-1,-1,0,-1
2024010518551,2024,010518551,1,1,0,4,4,5,1,9,9,1,0,0,0,0,1,1,6,6,1,13,3,-1,-1,-1,-1,4,E01001252,0,1
2024131473571,2024,131473571,1,2,0,-1,5,3,7,-1,0,0,5,0,0,0,0,1,-1,9,1,21,5,-1,-1,-1,-1,1,E01011659,0,1
2024440349797,2024,440349797,1,22,0,18,19,8,4,0,0,0,0,0,0,0,4,1,6,6,1,84,11,-1,-1,-1,-1,10,E01023279,0,1
2024542758424,2024,542758424,1,9,0,9,9,1,5,0,0,1,0,0,0,0,3,1,6,6,1,23,5,-1,-1,-1,-1,9,E01015548,0,2
2024501471372,2024,501471372,2,9,0,-1,19,7,3,-1,0,0,0,0,0,0,1,1,-1,1,1,47,8,-1,-1,-1,-1,4,E01018876,0,4
2024201522106,2024,201522106,1,9,0,-1,3,1,5,-1,0,1,0,0,0,0,1,9,-1,6,3,-1,-1,-1,-1,-1,-1,-1,-1,0,-1
202460Q116387,2024,60Q116387,4,9,0,2,2,0,0,9,9,0,0,0,0,0,2,1,6,6,1,37,7,-1,-1,-1,-1,-1,-1,0,-1
2024010526693,2024,010526693,2,4,0,18,19,1,5,0,0,1,0,0,0,0,1,1,6,6,1,46,8,-1,-1,-1,-1,2,E01002002,0,2
2024552401373,2024,552401373,2,1,0,18,19,2,6,4,4,8,0,0,0,0,3,1,6,6,1,22,5,-1,-1,-1,-1,6,E01033283,0,1
2024451441788,2024,451441788,1,9,0,-1,19,7,3,-1,0,0,0,0,0,0,2,1,-1,9,1,25,5,-1,-1,-1,-1,1,E01014638,0,5
2024131531556,2024,131531556,1,9,0,-1,7,5,1,-1,0,6,0,0,0,0,3,1,-1,2,2,24,5,-1,-1,-1,-1,8,E01010862,0,3
2024531464239,2024,531464239,2,9,0,-1,9,1,5,-1,0,1,0,0,0,0,1,1,-1,1,2,23,5,-1,-1,-1,-1,5,E01022250,0,2
2024622400503,2024,622400503,1,4,0,18,19,1,5,0,0,0,1,0,0,0,1,1,6,6,1,24,5,-1,-1,-1,-1,4,W01000764,0,1
2024010548144,2024,010548144,1,3,0,99,99,9,9,99,99,9,9,99,9,99,2,1,1,1,1,39,7,-1,-1,-1,-1,7,E01002678,0,3
2024061464977,2024,061464977,2,4,0,-1,19,5,5,-1,0,0,0,0,0,0,1,1,-1,6,1,20,4,-1,-1,-1,-1,-1,-1,0,-1
2024010523410,2024,010523410,2,23,0,18,19,1,5,0,0,5,0,0,1,0,1,1,6,6,1,44,7,-1,-1,-1,-1,6,E01003218,0,1
2024522401552,2024,522401552,2,9,0,18,19,4,8,0,0,0,0,0,0,0,1,1,6,6,3,-1,-1,-1,-1,-1,-1,-1,-1,0,-1
2024131409843,2024,131409843,1,9,0,-1,19,1,5,-1,0,8,2,0,7,11,1,1,-1,9,1,19,4,-1,-1,-1,-1,9,E01011168,0,1
2024052402742,2024,052402742,1,11,0,18,19,1,5,0,0,0,0,0,0,0,4,1,1,1,1,46,8,-1,-1,-1,-1,1,E01006478,0,3
2024531413747,2024,531413747,2,1,0,-1,14,5,1,-1,0,0,1,4,7,0,1,1,-1,6,1,48,8,-1,-1,-1,-1,9,E01022145,0,1
2024041501924,2024,041501924,2,9,0,-1,19,1,5,-1,0,1,0,0,0,0,1,1,-1,1,1,59,9,-1,-1,-1,-1,6,E01025014,0,2
2024122401026,2024,122401026,1,22,0,18,19,3,7,9,9,0,0,0,0,0,0,1,6,6,1,62,9,-1,-1,-1,-1,8,E01027839,0,1
2024440275725,2024,440275725,2,19,0,9,9,7,5,0,0,8,0,0,0,0,4,1,6,6,1,-1,-1,-1,-1,-1,-1,-1,-1,0,-1
2024544609324,2024,544609324,2,1,0,18,19,8,5,0,0,8,0,0,0,0,3,1,6,6,1,62,9,-1,-1,-1,-1,7,E01031976,0,1
2024340NN0952,2024,340NN0952,1,9,0,-1,9,1,7,-1,0,5,0,0,0,0,3,1,-1,6,1,-1,-1,-1,-1,-1,-1,-1,-1,0,-1
2024440364690,2024,440364690,1,9,0,18,19,1,5,0,0,6,0,0,0,10,1,1,6,6,1,52,8,-1,-1,-1,-1,2,E01032750,0,1
2024340WN7112,2024,340WN7112,1,9,0,-1,9,7,5,-1,0,6,0,0,0,0,3,1,-1,9,1,41,7,-1,-1,-1,-1,10,E01027307,0,1
2024361568629,2024,361568629,1,9,0,-1,19,1,5,-1,0,8,0,0,0,0,4,1,-1,6,3,-1,-1,-1,-1,-1,-1,-1,-1,0,-1
2024010519946,2024,010519946,2,1,0,18,19,7,3,0,0,0,5,0,0,0,1,1,6,6,1,16,4,-1,-1,-1,-1,1,E01000782,0,1
2024010493971,2024,010493971,1,8,9,99,99,9,9,99,99,9,9,99,9,99,2,9,6,6,3,-1,-1,-1,-1,-1,-1,-1,-1,0,-1
2024141513594,2024,141513594,2,1,0,-1,19,3,7,-1,0,1,0,0,0,0,1,1,-1,6,1,19,4,-1,-1,-1,-1,-1,-1,0,-1
2024430004425,2024,430004425,1,9,0,4,4,3,7,0,0,0,0,0,0,0,1,1,2,2,1,35,6,-1,-1,-1,-1,10,E01017777,0,1
2024421414851,2024,421414851,1,9,0,-1,19,3,7,-1,0,0,0,0,0,0,1,1,-1,6,3,-1,-1,-1,-1,-1,-1,-1,-1,0,-1
2024302400011,2024,302400011,1,9,0,9,9,2,1,0,0,8,0,0,0,0,1,1,6,6,2,56,9,-1,-1,-1,-1,3,E01019420,0,3
2024371489396,2024,371489396,1,9,0,-1,19,7,3,-1,0,0,0,0,0,0,0,1,-1,2,1,51,8,-1,-1,-1,-1,10,E01030204,0,2
2024991516948,2024,991516948,1,97,0,-1,19,5,8,-1,0,1,2,0,0,0,3,1,-1,6,3,20,4,-1,-1,-1,-1,-1,-1,0,-1
2024302400253,2024,302400253,5,19,0,2,2,0,0,0,0,2,0,0,0,0,3,1,6,6,3,-1,-1,-1,-1,-1,-1,-1,-1,0,-1
2024010514289,2024,010514289,1,98,9,99,99,9,9,99,99,9,9,99,9,99,9,9,6,6,3,-1,-1,-1,-1,-1,-1,-1,-1,0,-1
2024010488602,2024,010488602,2,9,0,99,99,9,9,99,99,9,9,99,9,99,9,9,6,6,3,-1,-1,-1,-1,-1,-1,-1,-1,0,-1
2024010534723,2024,010534723,2,1,0,14,14,7,3,0,0,8,5,0,0,0,1,1,1,1,1,52,8,-1,-1,-1,-1,3,E01000099,0,2
2024340NN2342,2024,340NN2342,2,1,0,-1,19,7,2,-1,0,8,0,0,0,0,2,1,-1,2,1,64,9,-1,-1,-1,-1,3,E01026972,0,1
2024010500069,2024,010500069,1,1,9,99,99,9,9,99,99,9,9,99,9,99,9,1,6,6,2,29,6,-1,-1,-1,-1,2,E01004286,0,2
2024471472141,2024,471472141,1,9,0,-1,9,5,7,-1,0,8,0,0,0,0,1,1,-1,9,1,58,9,-1,-1,-1,-1,10,E01024733,0,4
2024430078163,2024,430078163,2,9,0,18,19,6,2,0,0,0,0,0,0,0,3,1,6,6,1,33,6,-1,-1,-1,-1,-1,-1,0,-1
2024201470189,2024,201470189,2,9,0,-1,19,2,6,-1,0,0,0,0,0,0,1,1,-1,6,1,43,7,-1,-1,-1,-1,1,E01008938,0,1
2024451508280,2024,451508280,2,1,0,-1,19,8,8,-1,0,3,0,0,0,0,4,1,-1,1,1,41,7,-1,-1,-1,-1,6,E01004699,0,4
2024010524918,2024,010524918,2,90,0,99,99,9,9,99,99,9,9,99,9,99,1,9,6,6,3,-1,-1,-1,-1,-1,-1,9,E01002960,0,1
2024201502161,2024,201502161,1,9,0,-1,19,5,1,-1,0,0,0,0,0,0,2,1,-1,6,1,47,8,-1,-1,-1,-1,1,E01008927,0,1
2024010539168,2024,010539168,3,99,9,99,99,9,9,99,99,9,9,99,9,99,9,9,6,6,3,-1,-1,-1,-1,-1,-1,-1,-1,0,-1
2024010492326,2024,010492326,1,9,0,16,19,2,6,0,0,3,0,0,0,0,1,1,1,1,1,55,8,-1,-1,-1,-1,5,E01004580,0,2
2024211431656,2024,211431656,2,1,0,-1,19,8,4,-1,0,1,0,0,0,0,4,1,-1,6,1,44,7,-1,-1,-1,-1,7,E01014315,0,1
2024010551664,2024,010551664,2,1,9,99,99,9,9,99,99,9,9,99,9,99,9,1,6,6,3,-1,-1,-1,-1,-1,-1,4,E01001002,0,1
2024501498080,2024,501498080,3,9,0,-1,10,5,1,-1,0,1,0,0,0,0,2,1,-1,6,2,32,6,-1,-1,-1,-1,5,E01020174,0,2
2024421418558,2024,421418558,1,9,0,-1,19,2,6,-1,0,0,0,4,0,0,4,1,-1,9,1,43,7,-1,-1,-1,-1,7,E01021264,0,1
2024340NN4732,2024,340NN4732,2,1,0,-1,9,7,5,-1,0,8,0,0,0,0,1,1,-1,9,1,55,8,-1,-1,-1,-1,-1,-1,0,-1
2024010488987,2024,010488987,2,9,0,9,9,1,7,0,0,6,0,0,0,0,3,1,2,2,2,38,7,-1,-1,-1,-1,4,E01003282,0,1
2024010538995,2024,010538995,2,1,0,18,19,5,1,0,0,8,0,0,0,0,1,1,2,2,1,25,5,-1,-1,-1,-1,4,E01003561,0,2
2024010531410,2024,010531410,2,1,0,9,9,6,3,0,0,8,0,0,0,0,3,1,6,6,1,23,5,-1,-1,-1,-1,6,E01003664,0,1
2024010519728,2024,010519728,1,9,0,18,19,1,5,0,0,0,0,4,0,0,1,1,6,6,2,90,11,-1,-1,-1,-1,8,E01002269,0,2
2024991464417,2024,991464417,2,9,0,-1,19,3,7,-1,0,1,0,0,0,0,1,1,-1,9,1,58,9,-1,-1,-1,-1,2,-1,0,4
2024440365806,2024,440365806,1,1,0,18,19,6,2,0,0,8,0,0,0,0,2,1,2,2,2,29,6,-1,-1,-1,-1,6,E01017023,0,1
2024010496207,2024,010496207,1,9,0,9,9,5,3,0,0,5,0,0,0,0,4,1,2,2,2,39,7,-1,-1,-1,-1,7,E01035707,0,1
2024221456396,2024,221456396,1,9,0,-1,9,4,2,-1,0,5,0,0,0,0,0,2,-1,6,1,57,9,-1,-1,-1,-1,-1,-1,0,-1
2024052401638,2024,052401638,1,90,0,18,19,3,7,0,0,1,0,0,0,0,1,1,6,6,1,20,4,-1,-1,-1,-1,1,E01007162,0,1
2024141542369,2024,141542369,2,9,0,-1,19,7,3,-1,0,0,0,0,0,0,1,1,-1,6,2,-1,-1,-1,-1,-1,-1,6,E01007400,0,1
2024010505241,2024,010505241,2,9,0,99,99,9,9,99,99,9,9,99,9,99,1,9,6,6,3,-1,-1,-1,-1,-1,-1,-1,-1,0,-1
2024421516546,2024,421516546,1,-1,0,-1,19,1,5,-1,0,0,0,0,0,0,1,1,-1,6,1,22,5,-1,-1,-1,-1,1,E01022025,1,1
2024010489742,2024,010489742,2,9,0,18,19,7,3,0,0,0,1,0,1,0,4,1,2,2,2,27,6,-1,-1,-1,-1,6,E01016231,0,3
2024221452916,2024,221452916,2,1,0,-1,19,5,2,-1,0,8,0,0,0,0,4,1,-1,2,1,49,8,-1,-1,-1,-1,4,E01032275,0,1
2024010534783,2024,010534783,1,9,9,99,99,9,9,99,99,9,9,99,9,99,9,9,6,6,3,-1,-1,-1,-1,-1,-1,-1,-1,0,-1
2024332400903,2024,332400903,2,1,0,-1,13,7,3,-1,0,8,0,0,0,0,1,1,-1,6,1,42,7,-1,-1,-1,-1,7,E01019885,0,2
2024010522778,2024,010522778,1,1,9,99,99,9,9,99,99,9,9,99,9,99,9,1,6,6,1,37,7,-1,-1,-1,-1,5,E01002011,0,1
2024010491547,2024,010491547,2,9,0,99,99,9,9,99,99,9,9,99,9,99,9,9,6,6,2,27,6,-1,-1,-1,-1,4,E01001459,0,2
2024061416740,2024,061416740,1,9,0,-1,1,7,3,-1,0,0,0,0,0,0,2,1,-1,6,3,-1,-1,-1,-1,-1,-1,-1,-1,0,-1
2024201486536,2024,201486536,2,19,0,-1,9,6,4,-1,0,6,0,0,0,0,3,1,-1,9,1,61,9,-1,-1,-1,-1,5,E01009284,0,1
2024351477614,2024,351477614,1,9,-1,-1,1,-1,-1,-1,-1,-1,-1,-1,-1,0,2,9,-1,6,3,-1,-1,-1,-1,-1,-1,-1,-1,0,-1
2024010532230,2024,010532230,2,9,0,99,99,9,9,99,99,9,9,99,9,99,1,9,6,6,3,-1,-1,-1,-1,-1,-1,-1,-1,0,-1
2024141526778,2024,141526778,4,23,0,-1,13,5,1,-1,0,0,2,4,0,0,3,1,-1,6,1,27,6,-1,-1,-1,-1,1,E01007573,0,1
2024052402699,2024,052402699,1,9,4,5,5,6,8,0,0,6,0,0,0,0,0,1,6,6,3,-1,-1,-1,-1,-1,-1,-1,-1,0,-1
2024461439782,2024,461439782,1,9,0,-1,5,6,2,-1,0,8,0,0,0,0,4,1,-1,7,2,33,6,-1,-1,-1,-1,7,E01024839,0,1
2024501396145,2024,501396145,1,9,0,-1,19,8,4,-1,0,8,1,0,0,0,1,9,-1,6,1,27,6,-1,-1,-1,-1,7,E01019912,0,1
2024010491357,2024,010491357,2,8,0,3,3,5,1,0,0,1,0,0,0,0,2,1,1,1,1,59,9,-1,-1,-1,-1,1,E01000528,0,1
2024010540997,2024,010540997,1,9,0,99,99,9,9,0,0,1,0,0,0,0,1,9,6,6,1,65,9,-1,-1,-1,-1,-1,-1,0,-1
2024340WN0372,2024,340WN0372,2,9,0,-1,7,6,8,-1,0,5,0,0,0,0,4,1,-1,2,2,37,7,-1,-1,-1,-1,5,E01027158,0,1
2024010510293,2024,010510293,1,9,0,6,6,4,4,0,0,0,0,0,0,0,0,1,2,2,1,49,8,-1,-1,-1,-1,2,E01034727,0,4
2024471444099,2024,471444099,2,5,0,-1,19,3,7,-1,0,1,0,0,0,0,1,1,-1,9,1,64,9,-1,-1,-1,-1,3,E01024497,0,4
2024010548887,2024,010548887,1,1,0,16,19,5,1,0,0,6,0,0,1,0,1,1,1,1,1,27,6,-1,-1,-1,-1,3,E01004323,0,1
2024010530405,2024,010530405,1,1,0,18,19,5,1,0,0,6,0,0,0,0,1,1,6,6,1,23,5,-1,-1,-1,-1,6,E01001295,0,2
2024010498441,2024,010498441,1,1,0,7,7,1,4,0,0,1,0,0,0,0,1,1,6,6,3,-1,-1,-1,-1,-1,-1,-1,-1,0,-1
2024041523510,2024,041523510,2,9,0,-1,2,0,0,-1,0,0,0,0,1,11,1,1,-1,6,-1,-1,-1,-1,-1,-1,-1,-1,-1,0,-1
2024546693324,2024,546693324,1,9,0,5,5,1,5,0,0,6,0,0,0,0,2,1,6,6,1,64,9,-1,-1,-1,-1,8,E01034529,0,1
2024461528173,2024,461528173,2,1,0,-1,4,3,7,-1,0,1,0,0,0,0,1,1,-1,6,1,19,4,-1,-1,-1,-1,3,E01001638,0,3
2024010530700,2024,010530700,2,1,9,18,19,9,9,99,99,0,9,99,9,99,1,1,6,6,1,26,6,-1,-1,-1,-1,6,E01004560,0,1
2024311438757,2024,311438757,2,9,0,-1,10,3,7,-1,0,1,0,0,0,0,2,1,-1,9,2,45,7,-1,-1,-1,-1,6,E01028236,0,1
2024201396784,2024,201396784,1,9,0,-1,14,2,7,-1,0,0,0,0,0,0,1,9,-1,6,2,44,7,-1,-1,-1,-1,-1,-1,0,-1
2024141536697,2024,141536697,1,1,0,-1,10,1,1,-1,1,2,0,0,0,0,3,1,-1,9,1,14,3,-1,-1,-1,-1,6,E01007962,0,1
2024201461574,2024,201461574,1,9,0,-1,19,8,4,-1,0,0,0,0,0,0,3,9,-1,6,1,-1,-1,-1,-1,-1,-1,-1,-1,0,-1
2024010537265,2024,010537265,1,97,0,14,14,7,3,0,0,8,0,0,0,0,1,1,6,6,3,-1,-1,-1,-1,-1,-1,-1,-1,0,-1
2024010523580,2024,010523580,1,21,1,18,19,5,1,0,0,0,1,0,0,0,1,1,1,1,1,43,7,-1,-1,-1,-1,10,E01016535,0,4
2024411425673,2024,411425673,1,9,-1,-1,-1,-1,-1,-1,-1,-1,-1,-1,-1,0,-1,9,-1,6,3,-1,-1,-1,-1,-1,-1,-1,-1,0,-1
2024451399166,2024,451399166,2,9,0,-1,19,5,1,-1,0,1,0,0,0,0,1,1,-1,1,1,52,8,-1,-1,-1,-1,9,E01030580,0,1
2024010487317,2024,010487317,3,9,0,2,2,0,0,9,9,8,0,0,0,0,1,1,6,6,3,-1,-1,-1,-1,-1,-1,-1,-1,0,-1
2024161451455,2024,161451455,1,9,0,-1,9,3,7,-1,0,1,0,0,0,0,1,9,-1,6,3,-1,-1,-1,-1,-1,-1,-1,-1,0,-1
2024010522766,2024,010522766,1,-1,9,99,99,9,9,99,99,9,9,99,9,99,1,1,6,6,2,12,3,-1,-1,-1,-1,1,E01002280,1,1
2024991500374,2024,991500374,1,1,0,-1,19,5,1,-1,0,0,0,0,0,0,3,1,-1,9,1,23,5,-1,-1,-1,-1,3,-1,0,1
2024010487897,2024,010487897,1,9,0,10,10,1,7,0,0,8,0,0,0,0,1,1,6,6,2,43,7,-1,-1,-1,-1,2,E01035676,0,1
2024010488375,2024,010488375,1,11,0,4,4,7,3,0,0,2,0,0,0,0,4,1,1,1,1,57,9,-1,-1,-1,-1,2,E01002072,0,1
2024141414532,2024,141414532,1,9,0,-1,9,5,1,-1,0,1,0,0,0,0,3,1,-1,9,2,28,6,-1,-1,-1,-1,7,E01028000,0,4
2024010487085,2024,010487085,1,3,0,99,99,9,9,99,99,9,9,99,9,99,1,1,2,2,1,31,6,-1,-1,-1,-1,5,E01000589,0,2
2024520401088,2024,520401088,2,9,0,18,19,5,1,0,0,1,0,0,0,0,1,1,6,6,1,87,11,-1,-1,-1,-1,5,E01029180,0,2
2024302401090,2024,302401090,2,1,0,18,19,5,2,0,0,8,0,0,0,0,1,1,6,6,1,32,6,-1,-1,-1,-1,2,E01013588,0,1
2024430595541,2024,430595541,2,9,0,18,19,1,5,0,0,0,0,0,0,0,3,1,2,2,1,54,8,-1,-1,-1,-1,2,E01022655,0,4
2024141394319,2024,141394319,1,9,-1,-1,-1,-1,-1,-1,-1,0,-1,-1,-1,0,-1,9,-1,9,1,24,5,-1,-1,-1,-1,1,E01007848,0,1
2024010489808,2024,010489808,2,9,9,99,99,9,9,99,99,9,9,99,9,99,9,9,6,6,3,-1,-1,-1,-1,-1,-1,-1,-1,0,-1
2024010553773,2024,010553773,1,1,9,99,99,9,9,99,99,9,9,99,9,99,9,1,6,6,1,25,5,-1,-1,-1,-1,3,E01003631,0,1
2024332400359,2024,332400359,1,1,0,-1,19,1,5,-1,4,0,0,0,0,0,1,1,-1,9,1,38,7,-1,-1,-1,-1,6,E01025763,0,2
2024010527496,2024,010527496,2,1,0,15,15,4,8,0,0,1,0,0,0,0,1,1,6,6,1,35,6,-1,-1,-1,-1,4,E01001087,0,2
2024010521842,2024,010521842,1,1,9,99,99,9,9,99,99,9,9,99,9,99,9,1,2,2,1,32,6,-1,-1,-1,-1,6,E01001070,0,1
2024041515824,2024,041515824,1,9,0,-1,9,7,3,-1,0,1,0,0,0,0,4,9,-1,6,3,-1,-1,-1,-1,-1,-1,-1,-1,0,-1
2024320249580,2024,320249580,1,9,0,-1,-1,3,7,0,0,1,0,0,0,0,4,1,6,6,1,-1,-1,-1,-1,-1,-1,-1,-1,0,-1
2024041431842,2024,041431842,1,9,0,-1,19,1,5,-1,9,0,0,0,0,0,-1,9,-1,6,3,-1,-1,-1,-1,-1,-1,-1,-1,0,-1
2024991448673,2024,991448673,2,9,4,-1,4,8,5,-1,0,0,0,0,0,0,2,1,-1,6,1,54,8,-1,-1,-1,-1,-1,-1,0,-1
2024520402205,2024,520402205,1,9,0,18,19,2,8,0,0,8,0,0,0,0,1,1,6,6,3,-1,-1,-1,-1,-1,-1,-1,-1,0,-1
2024010542238,2024,010542238,1,3,0,5,5,3,7,0,0,8,0,0,0,0,0,1,6,6,1,34,6,-1,-1,-1,-1,-1,-1,0,-1
2024991527520,2024,991527520,2,1,0,-1,19,7,3,-1,0,0,0,0,1,10,2,1,-1,9,1,34,6,-1,-1,-1,-1,4,-1,0,3
2024010495778,2024,010495778,1,9,0,9,9,3,1,0,0,1,0,0,0,0,1,1,2,2,1,45,7,-1,-1,-1,-1,10,E01023551,0,1
2024061414285,2024,061414285,1,1,-1,-1,19,8,6,-1,9,0,0,0,0,0,0,1,-1,6,3,-1,-1,-1,-1,-1,-1,-1,-1,0,-1
2024010543433,2024,010543433,1,1,9,99,99,9,9,99,99,9,9,99,9,99,9,1,2,2,1,48,8,-1,-1,-1,-1,7,E01001212,0,1
2024131493385,2024,131493385,1,9,0,-1,-1,-1,-1,-1,-1,-1,-1,-1,-1,-1,-1,1,-1,6,3,-1,-1,-1,-1,-1,-1,-1,-1,0,-1
2024061474712,2024,061474712,2,9,0,-1,6,6,6,-1,0,1,0,0,0,0,3,1,-1,6,1,39,7,-1,-1,-1,-1,9,E01004937,0,2
2024010537650,2024,010537650,2,9,9,99,99,9,9,99,99,9,9,99,9,99,9,9,6,6,3,-1,-1,-1,-1,-1,-1,-1,-1,0,-1
2024522402320,2024,522402320,1,1,0,18,19,3,7,0,0,2,0,8,0,0,1,1,6,6,2,44,7,-1,-1,-1,-1,3,E01014569,0,1
2024061514385,2024,061514385,3,9,0,-1,19,3,7,-1,0,0,0,0,0,0,4,1,-1,6,-1,-1,-1,-1,-1,-1,-1,-1,-1,0,-1
2024401485357,2024,401485357,1,9,0,-1,-1,-1,-1,-1,-1,0,-1,-1,-1,0,-1,9,-1,1,1,-1,-1,-1,-1,-1,-1,-1,-1,0,-1
2024010537426,2024,010537426,1,9,0,99,99,9,9,99,99,9,9,99,9,99,2,9,6,6,3,-1,-1,-1,-1,-1,-1,-1,-1,0,-1
2024546391224,2024,546391224,1,9,0,5,5,7,3,0,0,1,0,0,0,0,1,1,6,6,1,47,8,-1,-1,-1,-1,7,E01003254,0,5
2024010539332,2024,010539332,1,9,0,99,99,9,9,99,99,9,9,99,9,99,1,9,6,6,3,-1,-1,-1,-1,-1,-1,-1,-1,0,-1
2024991506229,2024,991506229,1,19,0,-1,9,3,1,-1,0,2,0,0,0,0,1,1,-1,2,1,38,7,-1,-1,-1,-1,8,-1,0,2