collision_index,collision_year,collision_ref_no,vehicle_reference,vehicle_type,towing_and_articulation,vehicle_manoeuvre_historic,vehicle_manoeuvre,vehicle_direction_from,vehicle_direction_to,vehicle_location_restricted_lane_historic,vehicle_location_restricted_lane,junction_location,skidding_and_overturning,hit_object_in_carriageway,vehicle_leaving_carriageway,hit_object_off_carriageway,first_point_of_impact,vehicle_left_hand_drive,journey_purpose_of_driver_historic,journey_purpose_of_driver,sex_of_driver,age_of_driver,age_band_of_driver,engine_capacity_cc,propulsion_code,age_of_vehicle,generic_make_model,driver_imd_decile,lsoa_of_driver,escooter_flag,driver_distance_banding
2024010493158,2024,010493158,1,1,9,99,99,9,9,99,99,9,9,99,9,99,9,1,6,6,1,51,8,-1,-1,-1,-1,4,E01002862,0,1
2024548997024,2024,548997024,1,-1,0,18,19,5,1,9,9,0,0,0,0,0,1,1,6,6,1,-1,-1,-1,-1,-1,-1,-1,-1,1,-1
2024010489537,2024,010489537,2,3,0,14,14,1,5,0,0,1,0,0,0,0,1,1,6,6,1,21,5,-1,-1,-1,-1,5,E01023529,0,2
2024010500201,2024,010500201,2,1,0,18,19,4,8,0,0,1,0,0,0,0,1,1,6,6,1,41,7,-1,-1,-1,-1,3,E01003302,0,1
2024522402859,2024,522402859,2,-1,0,18,19,8,4,0,0,8,0,0,0,0,1,1,6,6,1,45,7,-1,-1,-1,-1,9,E01014619,1,1
2024302400330,2024,302400330,1,1,0,7,7,2,4,0,0,8,0,0,0,0,1,1,4,7,1,10,2,-1,-1,-1,-1,6,E01019421,0,1
2024010496388,2024,010496388,3,9,0,2,2,0,0,0,0,0,0,0,0,0,0,1,6,6,3,-1,-1,-1,-1,-1,-1,-1,-1,0,-1
2024041536173,2024,041536173,2,1,0,-1,19,8,4,-1,0,1,0,0,0,0,1,1,-1,9,1,20,4,-1,-1,-1,-1,1,E01025006,0,1
2024991512354,2024,991512354,1,9,0,-1,19,3,7,-1,0,0,0,0,0,0,1,1,-1,9,2,39,7,-1,-1,-1,-1,7,-1,0,5
2024501528545,2024,501528545,1,1,0,-1,19,3,7,-1,0,8,0,0,1,0,3,1,-1,2,1,42,7,-1,-1,-1,-1,9,E01033234,0,1
2024430118680,2024,430118680,2,9,0,14,14,6,2,0,0,1,0,0,0,0,1,1,6,6,3,-1,-1,-1,-1,-1,-1,-1,-1,0,-1
2024451509169,2024,451509169,1,1,0,-1,4,3,7,-1,0,0,0,0,0,0,1,1,-1,9,1,52,8,-1,-1,-1,-1,10,E01031689,0,3
2024131410984,2024,131410984,2,1,0,-1,19,5,1,-1,0,8,5,0,0,0,3,1,-1,6,1,16,4,-1,-1,-1,-1,7,E01011878,0,1
2024010509411,2024,010509411,2,8,0,99,99,9,9,99,99,5,9,99,9,99,9,9,6,6,3,-1,-1,-1,-1,-1,-1,-1,-1,0,-1
2024430502056,2024,430502056,1,9,0,18,19,6,2,0,0,0,0,0,0,0,1,1,6,6,2,-1,-1,-1,-1,-1,-1,-1,-1,0,-1
2024010506857,2024,010506857,2,19,0,99,99,9,9,99,99,9,9,99,9,99,9,9,6,6,3,-1,-1,-1,-1,-1,-1,-1,-1,0,-1
2024302400579,2024,302400579,1,9,0,4,4,8,4,0,0,0,0,0,0,0,2,1,6,6,2,57,9,-1,-1,-1,-1,9,E01019632,0,2
2024010533523,2024,010533523,2,9,9,99,99,9,9,99,99,6,9,99,9,99,9,9,6,6,3,-1,-1,-1,-1,-1,-1,-1,-1,0,-1
2024311529554,2024,311529554,1,9,0,-1,9,1,5,-1,0,6,0,0,0,0,4,1,-1,9,2,73,10,-1,-1,-1,-1,-1,-1,0,-1
2024010503228,2024,010503228,1,1,9,99,99,9,9,99,99,9,9,99,9,99,0,1,2,2,1,46,8,-1,-1,-1,-1,4,E01003658,0,2
2024401432183,2024,401432183,1,97,0,-1,19,2,6,-1,0,3,0,0,0,0,2,1,-1,6,1,19,4,-1,-1,-1,-1,5,E01015775,0,2
2024010510683,2024,010510683,2,1,9,99,99,9,9,99,99,9,9,99,9,99,9,1,6,6,1,-1,-1,-1,-1,-1,-1,7,E01004635,0,1
2024101418057,2024,101418057,1,1,0,-1,19,2,6,-1,0,8,0,0,0,0,3,1,-1,2,1,19,4,-1,-1,-1,-1,-1,-1,0,-1
2024122400265,2024,122400265,1,9,0,18,19,1,5,0,0,0,0,0,0,0,0,1,6,6,3,-1,-1,-1,-1,-1,-1,-1,-1,0,-1
2024201508218,2024,201508218,3,1,0,-1,19,6,2,-1,0,0,0,0,0,0,4,1,-1,9,1,24,5,-1,-1,-1,-1,-1,-1,0,-1
2024631486805,2024,631486805,1,11,0,-1,19,3,7,-1,0,1,0,0,0,0,1,1,-1,1,1,62,9,-1,-1,-1,-1,10,E01021929,0,5
2024430140934,2024,430140934,1,9,0,5,5,5,1,0,0,8,0,0,0,0,2,1,6,6,2,27,6,-1,-1,-1,-1,3,E01017857,0,1
2024471471703,2024,471471703,2,1,0,-1,5,7,3,-1,0,0,2,0,0,0,1,1,-1,9,1,12,3,-1,-1,-1,-1,1,E01016947,0,1
2024201475263,2024,201475263,1,1,0,-1,19,4,8,-1,0,0,0,0,0,0,2,1,-1,6,1,27,6,-1,-1,-1,-1,1,E01009396,0,1
2024451423324,2024,451423324,1,1,0,-1,19,1,5,-1,9,0,0,0,0,0,1,1,-1,6,3,-1,-1,-1,-1,-1,-1,-1,-1,0,-1
2024010487958,2024,010487958,2,9,0,1,1,1,5,0,0,6,0,0,1,11,2,2,6,6,1,84,11,-1,-1,-1,-1,7,E01004359,0,1
2024061453105,2024,061453105,1,9,0,-1,-1,-1,-1,-1,-1,0,-1,-1,-1,0,-1,9,-1,6,3,-1,-1,-1,-1,-1,-1,-1,-1,0,-1
2024522402425,2024,522402425,1,1,0,9,9,1,7,0,0,3,0,0,0,0,4,1,6,6,1,53,8,-1,-1,-1,-1,9,E01014556,0,1
2024440497242,2024,440497242,1,9,0,7,7,7,3,0,0,1,0,0,0,0,0,1,6,6,3,-1,-1,-1,-1,-1,-1,-1,-1,0,-1
2024010495395,2024,010495395,1,19,0,7,7,5,7,0,0,8,0,0,0,0,4,1,6,6,1,46,8,-1,-1,-1,-1,4,E01001241,0,1
2024421484796,2024,421484796,2,1,0,-1,19,3,7,-1,0,8,5,0,1,0,4,1,-1,2,1,39,7,-1,-1,-1,-1,1,E01021290,0,1
2024031476194,2024,031476194,1,9,0,-1,9,7,8,-1,0,0,0,0,7,11,1,2,-1,9,1,19,4,-1,-1,-1,-1,8,E01019322,0,2
2024010489298,2024,010489298,1,1,9,99,99,9,9,99,99,9,9,99,9,99,1,1,6,6,1,47,8,-1,-1,-1,-1,8,E01001454,0,1
2024010496724,2024,010496724,2,9,0,2,2,0,0,0,0,0,0,0,0,0,0,1,6,6,3,-1,-1,-1,-1,-1,-1,-1,-1,0,-1
2024122401249,2024,122401249,1,19,0,18,19,2,6,0,0,0,0,0,0,0,4,1,6,6,2,-1,-1,-1,-1,-1,-1,-1,-1,0,-1
2024041496496,2024,041496496,1,-1,0,-1,19,7,3,-1,0,2,0,0,0,0,1,1,-1,9,1,21,5,-1,-1,-1,-1,3,E01012632,1,1
2024010493545,2024,010493545,1,9,0,99,99,9,9,99,99,9,9,99,9,99,9,9,6,6,1,32,6,-1,-1,-1,-1,3,E01001000,0,1
2024332400256,2024,332400256,2,1,0,-1,19,7,3,-1,0,8,0,0,0,0,1,1,-1,2,2,35,6,-1,-1,-1,-1,3,E01013683,0,1
2024320264427,2024,320264427,1,22,0,-1,-1,8,4,0,0,2,0,0,0,0,1,1,6,6,3,-1,-1,-1,-1,-1,-1,-1,-1,0,-1
2024010538959,2024,010538959,1,1,9,18,19,9,9,99,99,0,9,99,9,99,2,1,6,6,2,26,6,-1,-1,-1,-1,6,E01004551,0,1
2024010511913,2024,010511913,2,-1,0,5,5,6,2,4,4,4,0,0,0,0,4,1,2,2,1,36,7,-1,-1,-1,-1,6,E01004178,1,1
2024010521720,2024,010521720,1,1,9,99,99,9,9,99,99,0,9,99,9,99,9,1,6,6,3,-1,-1,-1,-1,-1,-1,-1,-1,0,-1
2024552401044,2024,552401044,1,5,0,18,19,4,8,0,0,0,1,0,2,10,0,1,6,6,1,72,10,-1,-1,-1,-1,7,E01020473,0,3
2024430028947,2024,430028947,2,8,0,12,12,6,2,0,0,0,0,0,0,0,3,1,1,1,2,42,7,-1,-1,-1,-1,6,E01017839,0,1
2024371501437,2024,371501437,1,9,-1,-1,-1,-1,-1,-1,-1,0,-1,-1,-1,0,-1,9,-1,6,3,-1,-1,-1,-1,-1,-1,-1,-1,0,-1
2024131472792,2024,131472792,1,9,0,-1,19,7,3,-1,0,1,0,0,0,0,1,1,-1,6,3,-1,-1,-1,-1,-1,-1,-1,-1,0,-1
202417S112224,2024,17S112224,1,-1,0,-1,19,2,6,-1,0,0,0,0,0,0,4,1,-1,9,1,27,6,-1,-1,-1,-1,2,E01012248,1,1
2024501506659,2024,501506659,1,90,0,-1,9,1,7,-1,0,6,0,0,0,0,4,1,-1,1,1,81,11,-1,-1,-1,-1,4,E01020087,0,1
2024411472326,2024,411472326,1,9,0,-1,3,5,1,-1,0,0,0,0,0,0,2,1,-1,6,1,43,7,-1,-1,-1,-1,6,E01023583,0,1
2024302400050,2024,302400050,2,9,0,5,5,2,4,0,0,1,0,0,0,0,2,1,6,6,1,25,5,-1,-1,-1,-1,8,E01034254,0,2
2024070265041,2024,070265041,1,9,0,5,5,3,7,0,0,8,0,9,1,11,1,1,6,6,1,69,10,-1,-1,-1,-1,10,E01018322,0,1
2024141449134,2024,141449134,1,1,0,-1,19,7,2,-1,0,1,0,0,0,0,1,1,-1,9,1,52,8,-1,-1,-1,-1,8,E01034241,0,1
2024010520386,2024,010520386,1,1,9,99,99,9,9,99,99,9,9,99,9,99,1,1,6,6,3,-1,-1,-1,-1,-1,-1,-1,-1,0,-1
2024061474676,2024,061474676,1,9,0,-1,-1,-1,-1,-1,-1,-1,-1,-1,-1,0,-1,9,-1,6,1,-1,-1,-1,-1,-1,-1,-1,-1,0,-1
2024231397677,2024,231397677,2,1,0,-1,19,6,3,-1,5,6,0,0,0,0,3,1,-1,7,1,11,3,-1,-1,-1,-1,10,E01035037,0,1
2024461442110,2024,461442110,1,9,0,-1,19,7,3,-1,0,1,0,0,0,0,1,9,-1,6,3,-1,-1,-1,-1,-1,-1,-1,-1,0,-1
2024010527990,2024,010527990,1,1,0,14,14,5,1,4,4,2,0,7,0,0,1,1,6,6,2,27,6,-1,-1,-1,-1,3,E01004630,0,2
2024371404050,2024,371404050,2,19,0,-1,9,2,5,-1,0,1,0,0,1,0,4,1,-1,2,1,40,7,-1,-1,-1,-1,6,E01029930,0,1
2024010529979,2024,010529979,2,9,0,99,99,9,9,99,99,9,9,99,9,99,9,9,6,6,3,-1,-1,-1,-1,-1,-1,5,E01017579,0,4
2024041415904,2024,041415904,1,1,0,-1,19,8,4,-1,0,4,0,0,0,0,1,1,-1,7,1,16,4,-1,-1,-1,-1,8,E01034347,0,1
2024010493192,2024,010493192,2,19,0,99,99,9,9,99,99,9,9,99,9,99,4,9,6,6,3,-1,-1,-1,-1,-1,-1,-1,-1,0,-1
2024010511373,2024,010511373,2,98,0,99,99,9,9,99,99,9,9,99,9,99,9,9,6,6,3,-1,-1,-1,-1,-1,-1,-1,-1,0,-1
2024131516335,2024,131516335,2,90,0,-1,-1,-1,-1,-1,-1,-1,-1,-1,-1,-1,-1,1,-1,6,3,-1,-1,-1,-1,-1,-1,-1,-1,0,-1
2024070211278,2024,070211278,1,9,0,18,19,5,1,0,0,4,0,0,0,0,3,1,6,6,1,54,8,-1,-1,-1,-1,-1,-1,0,-1
2024610000624,2024,610000624,1,9,0,9,9,2,1,0,0,6,0,0,0,0,1,1,6,6,1,83,11,-1,-1,-1,-1,5,W01001615,0,1
2024010548797,2024,010548797,1,1,9,99,99,9,9,99,99,9,9,99,9,99,1,1,6,6,3,-1,-1,-1,-1,-1,-1,-1,-1,0,-1
2024131491338,2024,131491338,1,9,0,-1,-1,-1,-1,-1,-1,-1,-1,-1,-1,0,-1,1,-1,6,3,-1,-1,-1,-1,-1,-1,-1,-1,0,-1
2024010496020,2024,010496020,1,3,0,99,99,9,9,99,99,9,9,99,9,99,1,1,1,1,1,20,4,-1,-1,-1,-1,1,E01001730,0,2
2024332401109,2024,332401109,1,9,0,-1,13,5,1,-1,0,0,0,0,0,0,1,1,-1,2,2,25,5,-1,-1,-1,-1,6,E01013668,0,4
202417M115924,2024,17M115924,2,9,0,-1,4,1,4,-1,0,7,0,0,0,0,2,1,-1,1,1,59,9,-1,-1,-1,-1,4,E01008597,0,4
2024010491962,2024,010491962,1,9,0,18,19,3,7,0,0,1,0,0,0,0,4,1,2,2,2,32,6,-1,-1,-1,-1,7,E01004717,0,1
2024991459157,2024,991459157,1,17,0,-1,7,5,8,-1,0,1,0,0,0,0,1,1,-1,6,1,-1,-1,-1,-1,-1,-1,-1,-1,0,-1
2024622400082,2024,622400082,2,9,0,3,3,4,8,0,0,0,0,0,0,0,2,1,6,6,1,33,6,-1,-1,-1,-1,5,W01001088,0,3
202417H102824,2024,17H102824,2,9,0,-1,5,6,2,-1,0,0,0,0,0,0,1,1,-1,9,1,37,7,-1,-1,-1,-1,1,E01011980,0,1
2024471488578,2024,471488578,2,9,0,-1,9,-1,-1,-1,0,1,-1,-1,-1,0,-1,9,-1,6,3,-1,-1,-1,-1,-1,-1,-1,-1,0,-1
2024010537883,2024,010537883,1,1,9,99,99,9,9,99,99,9,9,99,9,99,9,1,2,2,1,29,6,-1,-1,-1,-1,6,E01004621,0,2
2024547225524,2024,547225524,1,4,0,5,5,1,5,0,0,4,0,0,0,0,0,1,6,6,1,25,5,-1,-1,-1,-1,7,E01032079,0,1
2024010550050,2024,010550050,2,1,0,5,5,7,3,0,0,0,0,0,0,0,1,1,6,6,1,22,5,-1,-1,-1,-1,2,E01000015,0,1
2024010539778,2024,010539778,1,1,9,99,99,9,9,99,99,9,9,99,9,99,9,1,6,6,1,52,8,-1,-1,-1,-1,7,E01000300,0,1
2024451446648,2024,451446648,2,9,0,-1,19,7,3,-1,0,0,0,0,0,0,1,9,-1,6,2,30,6,-1,-1,-1,-1,-1,-1,0,-1
2024101462606,2024,101462606,1,1,0,-1,19,7,3,-1,9,1,2,0,0,0,1,1,-1,6,1,-1,-1,-1,-1,-1,-1,-1,-1,0,-1
2024610002224,2024,610002224,1,9,0,5,5,1,5,8,6,0,0,0,0,0,1,1,6,6,2,73,10,-1,-1,-1,-1,9,W01001573,0,1
2024451417875,2024,451417875,2,9,0,-1,19,3,7,-1,0,0,0,0,0,0,0,1,-1,9,2,62,9,-1,-1,-1,-1,4,E01030852,0,1
2024430101476,2024,430101476,1,9,0,18,19,4,8,0,0,0,1,0,0,0,1,1,6,6,1,30,6,-1,-1,-1,-1,4,E01016715,0,3
2024141399662,2024,141399662,2,1,0,-1,19,6,2,-1,0,1,5,0,0,0,3,1,-1,6,1,60,9,-1,-1,-1,-1,2,E01007656,0,1
2024522401361,2024,522401361,1,1,0,18,19,2,6,0,0,1,0,0,0,0,3,1,6,6,1,38,7,-1,-1,-1,-1,3,E01014664,0,1
2024010487896,2024,010487896,1,11,0,18,19,5,1,0,0,1,0,0,0,0,0,1,1,1,1,62,9,-1,-1,-1,-1,3,E01030744,0,2
2024010499544,2024,010499544,2,1,0,15,15,5,1,0,0,1,0,0,0,0,1,1,2,2,1,27,6,-1,-1,-1,-1,3,E01003088,0,1
2024010493335,2024,010493335,1,9,0,18,19,7,3,0,0,8,0,0,0,0,1,1,3,7,1,27,6,-1,-1,-1,-1,5,E01000401,0,1
2024991451810,2024,991451810,2,1,0,-1,19,4,8,-1,0,1,0,0,0,0,1,1,-1,9,1,55,8,-1,-1,-1,-1,4,-1,0,3
2024041423393,2024,041423393,1,97,0,-1,14,2,6,-1,0,2,0,0,0,0,-1,1,-1,6,1,19,4,-1,-1,-1,-1,1,E01024857,0,1
2024010494669,2024,010494669,2,9,0,5,5,5,1,0,0,8,0,0,0,0,1,1,6,6,2,22,5,-1,-1,-1,-1,2,E01034149,0,1
2024451487038,2024,451487038,1,9,0,-1,19,5,1,-1,0,0,0,0,0,0,1,9,-1,6,3,55,8,-1,-1,-1,-1,-1,-1,0,-1
2024231449475,2024,231449475,1,9,0,-1,4,7,3,-1,0,0,0,0,0,0,2,1,-1,6,2,60,9,-1,-1,-1,-1,7,E01031140,0,1
2024010493119,2024,010493119,1,9,0,7,7,5,8,0,0,8,0,0,0,0,1,1,6,6,1,31,6,-1,-1,-1,-1,4,E01015930,0,4
2024401473698,2024,401473698,1,9,-1,-1,-1,-1,-1,-1,-1,-1,-1,-1,-1,0,-1,9,-1,6,3,-1,-1,-1,-1,-1,-1,-1,-1,0,-1
2024440347701,2024,440347701,2,1,0,18,19,3,7,0,0,0,0,0,0,0,1,1,6,6,2,62,9,-1,-1,-1,-1,1,E01017037,0,1
2024010509825,2024,010509825,2,9,0,9,9,5,3,0,0,6,0,0,0,0,0,1,6,6,3,-1,-1,-1,-1,-1,-1,-1,-1,0,-1
2024340WN1752,2024,340WN1752,1,9,0,-1,19,7,3,-1,0,0,0,0,0,0,1,1,-1,6,3,-1,-1,-1,-1,-1,-1,-1,-1,0,-1
2024161477681,2024,161477681,2,1,0,-1,19,7,3,-1,5,8,9,0,0,0,3,1,-1,6,1,60,9,-1,-1,-1,-1,2,E01013131,0,1
2024451531268,2024,451531268,1,9,0,-1,5,5,1,-1,0,6,0,0,0,0,1,1,-1,6,3,30,6,-1,-1,-1,-1,-1,-1,0,-1
2024131432782,2024,131432782,2,1,0,-1,19,3,7,-1,0,0,0,0,0,0,1,1,-1,6,1,26,6,-1,-1,-1,-1,-1,-1,0,-1
2024440299888,2024,440299888,2,1,0,16,19,8,3,0,0,0,0,0,0,0,3,1,6,6,2,49,8,-1,-1,-1,-1,1,E01017102,0,1
2024351509476,2024,351509476,2,1,0,-1,19,3,7,-1,9,0,0,0,0,0,1,1,-1,6,2,29,6,-1,-1,-1,-1,3,E01018094,0,1
2024361489802,2024,361489802,2,9,0,-1,19,3,7,-1,0,0,0,0,1,0,1,1,-1,6,1,65,9,-1,-1,-1,-1,7,E01026748,0,4
2024320695151,2024,320695151,2,1,0,-1,-1,6,2,0,0,0,0,0,0,0,3,1,6,6,1,55,8,-1,-1,-1,-1,3,E01026134,0,4
2024211470120,2024,211470120,1,99,-1,-1,-1,-1,-1,-1,-1,0,-1,-1,-1,0,-1,9,-1,6,3,-1,-1,-1,-1,-1,-1,-1,-1,0,-1
2024547343924,2024,547343924,1,8,0,18,19,5,1,0,0,0,0,0,0,0,1,1,1,1,3,-1,-1,-1,-1,-1,-1,-1,-1,0,-1
202460Q096115,2024,60Q096115,1,9,0,1,1,4,8,0,0,1,0,0,0,0,2,1,6,6,2,43,7,-1,-1,-1,-1,-1,-1,0,-1
2024010530687,2024,010530687,2,9,0,99,99,9,9,99,99,9,9,99,9,99,1,9,6,6,3,-1,-1,-1,-1,-1,-1,-1,-1,0,-1
2024010526012,2024,010526012,2,1,9,99,99,9,9,99,99,9,9,99,9,99,9,1,2,2,1,32,6,-1,-1,-1,-1,3,E01002846,0,1
2024221396040,2024,221396040,2,9,0,-1,7,2,6,-1,0,7,0,0,0,0,1,1,-1,9,1,24,5,-1,-1,-1,-1,8,E01013988,0,4
2024440068609,2024,440068609,2,9,0,18,19,6,2,0,0,4,0,0,0,0,3,1,6,6,3,-1,-1,-1,-1,-1,-1,-1,-1,0,-1
2024461471695,2024,461471695,2,9,0,-1,19,7,3,-1,0,0,0,0,0,0,4,1,-1,9,1,77,11,-1,-1,-1,-1,9,E01003462,0,4
2024010512392,2024,010512392,2,1,0,18,19,1,5,0,0,8,0,0,0,0,4,1,1,1,2,42,7,-1,-1,-1,-1,4,E01001391,0,1
2024471423261,2024,471423261,1,9,0,-1,1,5,1,-1,0,2,0,0,0,0,2,1,-1,6,3,-1,-1,-1,-1,-1,-1,-1,-1,0,-1
2024543724524,2024,543724524,3,9,0,18,19,1,5,0,0,0,0,0,0,0,0,1,6,6,3,-1,-1,-1,-1,-1,-1,-1,-1,0,-1
2024421521764,2024,421521764,2,9,0,-1,5,3,7,-1,0,4,0,0,0,0,4,1,-1,6,1,40,7,-1,-1,-1,-1,5,E01021651,0,1
2024471410972,2024,471410972,1,9,0,-1,19,6,2,-1,0,1,0,0,0,0,1,9,-1,6,1,28,6,-1,-1,-1,-1,6,E01031658,0,1
2024440361438,2024,440361438,1,1,0,18,19,1,5,0,0,1,0,0,0,0,0,1,6,6,1,31,6,-1,-1,-1,-1,10,E01023188,0,1
2024351420942,2024,351420942,2,1,0,-1,11,5,8,-1,0,3,0,0,0,0,4,1,-1,6,1,48,8,-1,-1,-1,-1,6,E01017962,0,1
2024481563459,2024,481563459,2,1,0,-1,19,5,1,-1,5,8,0,0,0,0,1,1,-1,2,1,30,6,-1,-1,-1,-1,-1,-1,0,-1
2024311420647,2024,311420647,1,-1,0,-1,19,-1,-1,-1,-1,0,0,0,0,0,0,1,-1,6,1,35,6,-1,-1,-1,-1,3,E01028212,1,1
2024010542063,2024,010542063,1,1,0,4,4,1,5,0,0,0,0,0,0,0,0,1,6,6,1,41,7,-1,-1,-1,-1,3,E01034192,0,1
2024010549247,2024,010549247,2,9,0,99,99,9,9,99,99,9,9,99,9,99,9,9,6,6,3,-1,-1,-1,-1,-1,-1,-1,-1,0,-1
2024411485010,2024,411485010,1,90,-1,-1,-1,-1,-1,-1,-1,-1,-1,-1,-1,0,-1,9,-1,6,3,-1,-1,-1,-1,-1,-1,-1,-1,0,-1
2024221532408,2024,221532408,1,9,0,-1,9,7,4,-1,0,6,0,0,0,0,1,1,-1,6,3,45,7,-1,-1,-1,-1,-1,-1,0,-1
2024522402190,2024,522402190,1,97,0,14,14,5,1,0,0,0,1,0,0,0,1,1,6,6,2,-1,-1,-1,-1,-1,-1,-1,-1,0,-1
2024131462771,2024,131462771,2,97,0,-1,19,7,3,-1,0,8,0,0,0,0,-1,1,-1,6,3,-1,-1,-1,-1,-1,-1,-1,-1,0,-1
2024311542022,2024,311542022,1,1,0,-1,4,3,6,-1,0,1,0,0,0,0,0,1,-1,9,2,56,9,-1,-1,-1,-1,-1,-1,0,-1
2024411529296,2024,411529296,2,1,0,-1,19,4,1,-1,0,8,0,0,0,0,4,1,-1,6,1,54,8,-1,-1,-1,-1,8,E01023484,0,1
2024461496425,2024,461496425,3,19,0,-1,4,3,7,-1,0,0,0,0,0,0,2,1,-1,1,1,21,5,-1,-1,-1,-1,7,E01024721,0,4
2024010546903,2024,010546903,1,97,9,99,99,9,9,99,99,9,9,99,9,99,9,1,6,6,3,-1,-1,-1,-1,-1,-1,-1,-1,0,-1
2024010489084,2024,010489084,1,1,9,99,99,9,9,99,99,9,9,99,9,99,1,1,6,6,1,63,9,-1,-1,-1,-1,3,E01001394,0,1
2024991455033,2024,991455033,1,1,0,-1,19,7,3,-1,0,0,0,0,0,0,1,1,-1,9,1,50,8,-1,-1,-1,-1,-1,-1,0,-1
2024522402258,2024,522402258,1,1,0,3,3,8,4,0,0,1,0,0,0,0,2,1,6,6,1,38,7,-1,-1,-1,-1,8,E01014956,0,2
2024201509712,2024,201509712,1,9,0,-1,19,2,6,-1,0,8,0,0,0,0,1,1,-1,6,1,28,6,-1,-1,-1,-1,-1,-1,0,-1
2024010506345,2024,010506345,2,1,0,18,19,7,3,0,0,0,0,0,0,0,1,1,2,2,1,57,9,-1,-1,-1,-1,2,E01001839,0,1
2024052401314,2024,052401314,1,9,0,1,1,7,3,0,0,0,0,0,0,0,2,1,6,6,1,23,5,-1,-1,-1,-1,8,E01007285,0,2
2024991469565,2024,991469565,1,9,0,-1,7,5,6,-1,0,2,0,0,0,0,1,1,-1,9,1,82,11,-1,-1,-1,-1,10,-1,0,2
2024332401152,2024,332401152,2,9,0,-1,19,3,7,-1,0,1,0,0,0,0,1,1,-1,6,3,-1,-1,-1,-1,-1,-1,-1,-1,0,-1
2024351500533,2024,351500533,1,9,0,-1,5,-1,-1,-1,0,0,0,0,0,0,3,1,-1,6,1,57,9,-1,-1,-1,-1,5,E01018069,0,4
2024211400083,2024,211400083,2,9,0,-1,-1,-1,-1,-1,-1,-1,-1,-1,-1,0,-1,1,-1,6,2,41,7,-1,-1,-1,-1,7,E01029498,0,4
2024101406109,2024,101406109,1,9,0,-1,9,3,1,-1,0,8,0,0,0,0,3,1,-1,6,2,56,9,-1,-1,-1,-1,8,E01008287,0,1
2024311531146,2024,311531146,1,97,0,-1,19,6,4,-1,0,0,0,4,0,0,1,1,-1,6,1,20,4,-1,-1,-1,-1,-1,-1,0,-1
2024471404514,2024,471404514,3,9,0,-1,9,3,1,-1,0,5,0,0,0,0,0,9,-1,6,-1,-1,-1,-1,-1,-1,-1,-1,-1,0,-1
2024061507231,2024,061507231,1,1,0,-1,19,-1,-1,-1,4,1,0,11,0,0,3,1,-1,2,2,20,4,-1,-1,-1,-1,5,E01033660,0,1
2024401480381,2024,401480381,4,21,1,-1,4,8,4,-1,0,0,0,0,0,0,1,1,-1,1,1,28,6,-1,-1,-1,-1,6,E01011835,0,5
2024010540694,2024,010540694,1,1,9,99,99,9,9,99,99,9,9,99,9,99,9,1,2,2,1,51,8,-1,-1,-1,-1,3,E01003286,0,1
2024201520325,2024,201520325,1,8,0,-1,19,7,3,-1,0,0,0,0,0,0,1,1,-1,6,1,-1,-1,-1,-1,-1,-1,-1,-1,0,-1
2024531515655,2024,531515655,1,9,0,-1,19,5,1,-1,9,0,1,0,0,0,4,9,-1,6,3,-1,-1,-1,-1,-1,-1,-1,-1,0,-1
2024411523055,2024,411523055,2,4,0,-1,19,5,1,-1,0,0,2,0,1,0,3,1,-1,2,1,66,10,-1,-1,-1,-1,8,E01035609,0,1
2024010508896,2024,010508896,1,1,9,99,99,9,9,99,99,1,9,8,9,99,9,1,6,6,2,54,8,-1,-1,-1,-1,3,E01002572,0,1
2024010490454,2024,010490454,1,3,0,99,99,9,9,99,99,1,9,99,9,99,9,1,1,1,1,41,7,-1,-1,-1,-1,5,E01033922,0,1
2024010537463,2024,010537463,2,1,0,18,19,5,1,0,0,1,0,0,1,0,1,1,1,1,1,23,5,-1,-1,-1,-1,5,E01034036,0,1
2024351395100,2024,351395100,1,99,0,-1,-1,-1,-1,-1,0,4,0,0,0,0,-1,9,-1,6,3,-1,-1,-1,-1,-1,-1,-1,-1,0,-1
2024522403171,2024,522403171,2,9,0,18,19,4,8,0,0,1,0,0,0,0,1,1,6,6,1,-1,-1,-1,-1,-1,-1,-1,-1,0,-1
2024010491467,2024,010491467,1,3,0,18,19,3,7,0,0,0,0,0,0,0,2,1,6,6,1,33,6,-1,-1,-1,-1,4,E01002233,0,1
2024010538866,2024,010538866,2,9,0,99,99,9,9,99,99,9,9,99,9,99,1,9,6,6,3,-1,-1,-1,-1,-1,-1,4,E01000780,0,2
2024610012524,2024,610012524,3,1,0,18,19,7,3,0,0,0,0,0,0,0,2,1,6,6,1,37,7,-1,-1,-1,-1,1,W01001963,0,4
2024010545153,2024,010545153,1,1,9,18,19,9,9,4,4,0,9,99,9,99,9,1,2,2,1,35,6,-1,-1,-1,-1,7,E01001593,0,2
2024010530363,2024,010530363,1,1,9,99,99,9,9,99,99,9,9,99,9,99,9,1,6,6,1,25,5,-1,-1,-1,-1,4,E01000869,0,1
2024010495484,2024,010495484,1,1,9,18,19,7,3,99,99,8,9,99,9,99,2,1,6,6,1,61,9,-1,-1,-1,-1,-1,-1,0,-1
2024340WN0672,2024,340WN0672,2,9,0,-1,-1,0,0,-1,0,0,0,0,0,0,0,1,-1,1,1,19,4,-1,-1,-1,-1,4,E01032976,0,1
2024041421417,2024,041421417,1,9,0,-1,19,7,3,-1,0,0,0,0,0,0,-1,9,-1,6,3,-1,-1,-1,-1,-1,-1,-1,-1,0,-1
2024010509867,2024,010509867,1,1,0,18,19,3,7,4,4,1,0,0,0,0,1,1,6,6,1,57,9,-1,-1,-1,-1,7,E01002871,0,1
2024351403805,2024,351403805,1,9,-1,-1,4,-1,-1,-1,0,8,0,0,-1,0,1,9,-1,6,3,-1,-1,-1,-1,-1,-1,-1,-1,0,-1
2024131429951,2024,131429951,1,9,0,-1,-1,-1,-1,-1,-1,-1,-1,-1,-1,-1,-1,1,-1,6,3,-1,-1,-1,-1,-1,-1,-1,-1,0,-1
2024440333621,2024,440333621,2,19,0,7,7,7,2,0,0,8,0,0,0,0,3,1,6,6,1,-1,-1,-1,-1,-1,-1,-1,-1,0,-1