collision_index,collision_year,collision_ref_no,vehicle_reference,vehicle_type,towing_and_articulation,vehicle_manoeuvre_historic,vehicle_manoeuvre,vehicle_direction_from,vehicle_direction_to,vehicle_location_restricted_lane_historic,vehicle_location_restricted_lane,junction_location,skidding_and_overturning,hit_object_in_carriageway,vehicle_leaving_carriageway,hit_object_off_carriageway,first_point_of_impact,vehicle_left_hand_drive,journey_purpose_of_driver_historic,journey_purpose_of_driver,sex_of_driver,age_of_driver,age_band_of_driver,engine_capacity_cc,propulsion_code,age_of_vehicle,generic_make_model,driver_imd_decile,lsoa_of_driver,escooter_flag,driver_distance_banding
2024161441620,2024,161441620,2,1,0,-1,7,6,2,-1,4,0,0,0,0,0,3,1,-1,6,1,20,4,-1,-1,-1,-1,2,E01033109,0,1
2024311495640,2024,311495640,2,1,0,-1,4,7,3,-1,4,0,0,0,0,0,3,1,-1,6,2,41,7,-1,-1,-1,-1,-1,-1,0,-1
2024141405142,2024,141405142,1,1,0,-1,19,2,6,-1,0,0,0,0,0,0,4,1,-1,9,1,46,8,-1,-1,-1,-1,6,E01007630,0,2
2024471433947,2024,471433947,1,9,0,-1,19,3,8,-1,0,1,5,10,0,0,1,1,-1,9,1,41,7,-1,-1,-1,-1,6,E01021193,0,1
2024411424824,2024,411424824,1,22,-1,-1,-1,-1,-1,-1,-1,0,-1,-1,-1,0,-1,1,-1,6,3,-1,-1,-1,-1,-1,-1,-1,-1,0,-1
2024010530729,2024,010530729,3,1,0,12,12,7,3,0,0,1,0,0,0,0,0,1,6,6,1,28,6,-1,-1,-1,-1,3,E01004004,0,1
2024622400795,2024,622400795,1,9,0,9,9,2,8,0,0,2,0,0,0,0,1,1,6,6,1,43,7,-1,-1,-1,-1,2,W01000951,0,1
2024351486741,2024,351486741,1,9,0,-1,-1,-1,-1,-1,-1,-1,-1,-1,-1,0,-1,9,-1,6,3,-1,-1,-1,-1,-1,-1,-1,-1,0,-1
2024471412825,2024,471412825,2,9,0,-1,19,1,5,-1,0,1,0,0,0,0,1,1,-1,1,1,50,8,-1,-1,-1,-1,4,E01020914,0,1
2024522401830,2024,522401830,1,22,0,18,19,4,8,0,0,2,0,0,0,0,1,1,6,6,1,94,11,-1,-1,-1,-1,8,E01014824,0,1
2024061425757,2024,061425757,2,9,9,-1,1,-1,-1,-1,0,9,0,0,0,0,1,1,-1,6,3,-1,-1,-1,-1,-1,-1,-1,-1,0,-1
2024340NN3342,2024,340NN3342,2,1,0,-1,9,7,5,-1,0,6,0,0,0,0,3,1,-1,9,1,36,7,-1,-1,-1,-1,8,E01027348,0,1
2024010524344,2024,010524344,1,1,9,99,99,9,9,99,99,9,9,99,9,99,1,1,2,2,1,26,6,-1,-1,-1,-1,2,E01003065,0,1
2024440527020,2024,440527020,1,9,0,18,19,1,5,0,0,0,0,0,0,0,1,1,6,6,1,51,8,-1,-1,-1,-1,9,E01031496,0,4
2024010512169,2024,010512169,1,9,0,1,1,1,5,0,0,1,0,0,0,0,2,1,6,6,1,28,6,-1,-1,-1,-1,10,E01035588,0,4
2024461490480,2024,461490480,1,19,0,-1,3,2,4,-1,0,0,0,0,0,0,0,9,-1,9,3,-1,-1,-1,-1,-1,-1,-1,-1,0,-1
2024010491844,2024,010491844,1,1,0,4,4,4,8,0,0,1,0,0,0,0,1,1,2,2,1,33,6,-1,-1,-1,-1,8,E01000883,0,1
2024010548270,2024,010548270,2,9,0,99,99,9,9,99,99,9,9,99,9,99,9,9,6,6,3,-1,-1,-1,-1,-1,-1,-1,-1,0,-1
2024010491088,2024,010491088,1,9,0,18,19,3,7,99,99,9,9,99,0,0,1,9,6,6,3,-1,-1,-1,-1,-1,-1,-1,-1,0,-1
2024010561076,2024,010561076,1,9,0,99,99,9,9,99,99,9,9,99,9,99,1,9,2,2,1,37,7,-1,-1,-1,-1,6,E01024572,0,4
2024010543682,2024,010543682,1,1,0,7,7,4,7,0,0,6,0,0,0,0,3,1,6,6,1,25,5,-1,-1,-1,-1,1,E01001178,0,1
2024520402308,2024,520402308,1,1,0,18,19,6,2,0,0,8,0,0,0,0,2,1,6,6,1,18,4,-1,-1,-1,-1,5,E01029283,0,1
2024010525995,2024,010525995,2,9,0,9,9,7,4,0,0,8,0,0,0,0,1,1,6,6,3,-1,-1,-1,-1,-1,-1,-1,-1,0,-1
2024010546172,2024,010546172,1,9,9,99,99,9,9,99,99,0,9,99,9,99,9,1,6,6,3,-1,-1,-1,-1,-1,-1,-1,-1,0,-1
2024131477377,2024,131477377,2,9,0,-1,19,1,5,-1,0,8,0,0,0,0,1,1,-1,9,1,34,6,-1,-1,-1,-1,2,E01004929,0,4
2024351533935,2024,351533935,2,1,-1,-1,19,-1,-1,-1,4,0,0,0,0,0,3,1,-1,2,1,22,5,-1,-1,-1,-1,5,E01017954,0,1
2024010507244,2024,010507244,2,9,0,99,99,9,9,99,99,9,9,99,9,99,1,9,6,6,3,-1,-1,-1,-1,-1,-1,-1,-1,0,-1
2024010510899,2024,010510899,1,1,9,99,99,9,9,99,99,0,9,99,9,99,1,1,6,6,1,35,6,-1,-1,-1,-1,3,E01034180,0,2
2024010535545,2024,010535545,2,9,0,5,5,9,9,99,99,9,9,99,9,99,1,9,6,6,3,58,9,-1,-1,-1,-1,10,E01000463,0,2
2024010488822,2024,010488822,1,9,0,99,99,9,9,99,99,0,9,99,9,99,9,1,6,6,2,31,6,-1,-1,-1,-1,6,E01002984,0,3
2024122401214,2024,122401214,2,9,0,13,13,5,1,0,0,0,0,0,0,0,1,1,2,2,1,62,9,-1,-1,-1,-1,3,E01012943,0,3
2024351472313,2024,351472313,2,9,0,-1,5,1,5,-1,0,1,0,0,0,0,0,1,-1,2,1,32,6,-1,-1,-1,-1,2,E01035540,0,4
2024221488982,2024,221488982,2,1,0,-1,19,1,5,-1,0,1,1,0,0,0,1,1,-1,6,1,13,3,-1,-1,-1,-1,1,E01014115,0,1
2024361424486,2024,361424486,2,1,0,-1,2,0,0,-1,0,1,0,0,0,0,1,1,-1,6,1,44,7,-1,-1,-1,-1,-1,-1,0,-1
2024311516729,2024,311516729,1,9,0,-1,-1,-1,-1,-1,0,8,0,0,0,0,1,9,-1,6,3,-1,-1,-1,-1,-1,-1,-1,-1,0,-1
2024101406845,2024,101406845,2,1,0,-1,19,5,1,-1,0,0,0,0,0,0,2,1,-1,1,1,51,8,-1,-1,-1,-1,-1,-1,0,-1
2024440074398,2024,440074398,1,9,0,9,9,2,8,0,0,6,0,0,0,0,1,1,6,6,1,31,6,-1,-1,-1,-1,4,E01022800,0,1
2024991398486,2024,991398486,2,9,0,-1,19,8,4,-1,0,0,0,0,1,0,2,1,-1,1,1,36,7,-1,-1,-1,-1,8,-1,0,4
2024320456928,2024,320456928,1,9,0,-1,-1,4,8,0,0,0,1,0,0,0,1,1,1,1,1,32,6,-1,-1,-1,-1,2,E01005431,0,5
2024010541625,2024,010541625,2,9,0,99,99,9,9,99,99,0,9,99,9,99,1,1,6,6,3,-1,-1,-1,-1,-1,-1,-1,-1,0,-1
2024141413268,2024,141413268,1,1,0,-1,19,5,1,-1,0,6,5,0,1,0,1,1,-1,1,1,15,3,-1,-1,-1,-1,1,E01007338,0,1
2024440386829,2024,440386829,1,-1,0,18,19,2,6,0,0,1,0,0,0,0,1,1,2,2,1,28,6,-1,-1,-1,-1,2,E01017265,1,1
2024010503359,2024,010503359,1,9,0,18,19,7,3,0,0,8,0,0,0,0,1,1,6,6,3,-1,-1,-1,-1,-1,-1,-1,-1,0,-1
2024451481589,2024,451481589,2,1,0,-1,19,5,1,-1,0,2,0,6,0,0,2,1,-1,9,1,14,3,-1,-1,-1,-1,4,E01030615,0,3
2024440191265,2024,440191265,2,1,0,18,19,4,8,0,0,8,0,0,0,0,1,1,6,6,1,10,2,-1,-1,-1,-1,1,E01017120,0,1
2024010525609,2024,010525609,1,1,0,18,19,1,5,0,0,5,0,0,0,0,4,1,6,6,2,56,9,-1,-1,-1,-1,7,E01004493,0,2
2024070851336,2024,070851336,1,9,0,-1,19,2,6,-1,0,1,0,0,0,0,1,1,-1,6,1,49,8,-1,-1,-1,-1,7,E01018432,0,1
2024501530842,2024,501530842,1,21,1,-1,19,5,1,-1,0,0,0,0,0,0,1,2,-1,1,1,44,7,-1,-1,-1,-1,-1,-1,0,-1
2024010547587,2024,010547587,2,1,0,18,19,5,1,0,0,0,0,0,0,0,2,1,2,2,1,51,8,-1,-1,-1,-1,10,E01021475,0,2
2024010487551,2024,010487551,2,9,0,99,99,9,9,99,99,4,9,99,9,99,1,9,6,6,3,-1,-1,-1,-1,-1,-1,-1,-1,0,-1
2024041516090,2024,041516090,1,9,0,-1,19,3,7,-1,0,0,0,0,0,0,4,1,-1,1,1,63,9,-1,-1,-1,-1,6,E01012610,0,1
2024010549087,2024,010549087,2,1,0,9,9,5,2,0,0,1,0,0,0,0,3,1,6,6,1,41,7,-1,-1,-1,-1,8,E01004623,0,1
2024041412127,2024,041412127,1,9,0,-1,1,3,7,-1,0,0,0,0,0,0,2,1,-1,6,-1,-1,-1,-1,-1,-1,-1,-1,-1,0,-1
2024010508317,2024,010508317,1,3,0,99,99,9,9,99,99,9,9,99,9,99,1,1,6,6,1,25,5,-1,-1,-1,-1,3,E01001213,0,1
2024440550066,2024,440550066,2,9,0,9,9,3,1,0,0,1,0,0,0,0,3,1,6,6,2,48,8,-1,-1,-1,-1,4,E01022478,0,1
2024430101476,2024,430101476,2,19,0,18,19,8,4,0,0,0,0,0,0,0,1,1,1,1,1,41,7,-1,-1,-1,-1,6,E01018169,0,4
2024610055624,2024,610055624,1,90,0,18,19,1,5,9,9,0,0,0,0,0,1,1,6,6,1,-1,-1,-1,-1,-1,-1,-1,-1,0,-1
2024302400166,2024,302400166,1,9,0,16,19,4,8,0,0,1,2,0,8,10,1,1,6,6,1,18,4,-1,-1,-1,-1,5,E01019740,0,1
2024131409793,2024,131409793,1,9,0,-1,9,7,3,-1,0,1,0,0,3,0,3,1,-1,1,1,19,4,-1,-1,-1,-1,2,E01011020,0,1
2024340WN3552,2024,340WN3552,1,9,0,-1,19,7,3,-1,0,6,0,0,0,0,4,1,-1,9,1,30,6,-1,-1,-1,-1,7,E01017578,0,4
2024010508635,2024,010508635,2,1,0,18,19,3,7,0,0,1,5,0,0,0,3,1,6,6,1,17,4,-1,-1,-1,-1,4,E01004415,0,2
2024010509479,2024,010509479,2,1,0,7,7,8,3,0,0,2,0,0,0,0,1,1,3,7,1,9,2,-1,-1,-1,-1,2,E01001824,0,1
2024052401673,2024,052401673,1,19,0,18,19,5,1,0,0,1,0,0,0,0,4,1,1,1,3,-1,-1,-1,-1,-1,-1,-1,-1,0,-1
2024461458242,2024,461458242,1,9,0,-1,7,5,7,-1,0,2,0,0,0,0,1,9,-1,6,1,-1,-1,-1,-1,-1,-1,-1,-1,0,-1
2024440082775,2024,440082775,1,9,0,5,5,3,7,0,0,1,0,0,0,0,1,1,6,6,3,-1,-1,-1,-1,-1,-1,-1,-1,0,-1
2024010523833,2024,010523833,1,1,9,99,99,9,9,99,99,0,9,8,9,99,1,1,1,1,1,19,4,-1,-1,-1,-1,3,E01001008,0,1
2024440427309,2024,440427309,1,-1,0,18,19,6,2,0,0,1,0,0,0,0,1,1,4,7,1,-1,-1,-1,-1,-1,-1,-1,-1,1,-1
2024411464733,2024,411464733,2,9,0,-1,19,3,7,-1,0,0,0,0,0,0,2,1,-1,6,2,38,7,-1,-1,-1,-1,6,E01035606,0,2
2024070996657,2024,070996657,2,1,0,-1,19,2,6,-1,0,8,0,0,0,0,3,1,-1,2,1,55,8,-1,-1,-1,-1,4,E01012498,0,1
2024471515977,2024,471515977,2,9,0,-1,19,5,1,-1,0,5,9,0,0,0,4,1,-1,6,2,-1,-1,-1,-1,-1,-1,2,E01021185,0,4
2024451469375,2024,451469375,3,9,0,-1,19,3,5,-1,0,0,0,0,0,0,0,9,-1,6,3,30,6,-1,-1,-1,-1,-1,-1,0,-1
2024471492037,2024,471492037,1,1,0,-1,19,2,6,-1,5,1,0,0,0,0,1,1,-1,6,1,40,7,-1,-1,-1,-1,2,E01016911,0,1
2024010495830,2024,010495830,2,1,0,18,19,7,3,4,4,1,0,0,0,0,2,1,6,6,1,26,6,-1,-1,-1,-1,3,E01003598,0,2
2024010533834,2024,010533834,1,9,0,3,3,5,1,0,0,0,0,0,0,0,2,2,6,6,2,43,7,-1,-1,-1,-1,-1,-1,0,-1
2024421476167,2024,421476167,1,19,0,-1,19,5,1,-1,0,0,0,0,0,0,3,1,-1,1,1,31,6,-1,-1,-1,-1,9,E01021632,0,2
2024332400147,2024,332400147,1,9,0,-1,4,3,7,-1,0,6,1,0,3,11,1,1,-1,9,1,49,8,-1,-1,-1,-1,3,E01025727,0,2
2024332401085,2024,332401085,1,9,0,-1,5,5,1,-1,0,3,0,0,1,11,1,1,-1,9,2,88,11,-1,-1,-1,-1,7,E01025963,0,2
2024041534669,2024,041534669,1,23,0,-1,19,2,6,-1,0,0,1,7,1,0,1,1,-1,9,1,26,6,-1,-1,-1,-1,4,E01025073,0,1
2024991489072,2024,991489072,1,97,0,-1,19,2,6,-1,0,4,0,0,0,0,1,1,-1,9,2,47,8,-1,-1,-1,-1,-1,-1,0,-1
2024440224133,2024,440224133,2,9,0,9,9,3,1,0,0,8,0,0,0,0,1,1,6,6,1,-1,-1,-1,-1,-1,-1,-1,-1,0,-1
2024520401458,2024,520401458,1,9,0,18,19,5,1,0,0,0,0,0,0,0,1,1,6,6,3,-1,-1,-1,-1,-1,-1,-1,-1,0,-1
2024401527815,2024,401527815,1,9,0,-1,19,7,3,-1,0,1,0,4,0,0,1,1,-1,6,2,49,8,-1,-1,-1,-1,3,E01015701,0,1
2024122401008,2024,122401008,2,9,0,16,19,1,7,0,0,0,0,0,0,0,1,1,6,6,1,71,10,-1,-1,-1,-1,10,E01027598,0,1
2024201408101,2024,201408101,1,9,0,-1,19,6,2,-1,0,0,0,0,0,0,1,9,-1,1,1,19,4,-1,-1,-1,-1,2,E01008943,0,1
2024010494425,2024,010494425,4,9,0,99,99,9,9,99,99,0,9,99,9,99,2,9,6,6,3,-1,-1,-1,-1,-1,-1,3,E01004235,0,2
2024041517616,2024,041517616,2,1,0,-1,19,5,1,-1,0,1,0,0,0,0,1,1,-1,1,1,41,7,-1,-1,-1,-1,3,E01025172,0,1
2024231480341,2024,231480341,1,9,0,-1,19,6,4,-1,0,8,2,10,1,10,1,9,-1,9,1,25,5,-1,-1,-1,-1,-1,-1,0,-1
2024430244621,2024,430244621,2,9,0,5,5,5,8,0,0,1,0,0,0,0,1,1,1,1,1,47,8,-1,-1,-1,-1,3,E01017654,0,3
2024471451327,2024,471451327,2,-1,0,-1,19,5,1,-1,0,0,0,0,0,0,1,1,-1,6,1,17,4,-1,-1,-1,-1,5,E01016925,1,1
2024451456955,2024,451456955,2,9,3,-1,19,1,3,-1,99,0,0,99,0,0,3,2,-1,6,3,30,6,-1,-1,-1,-1,-1,-1,0,-1
2024311401689,2024,311401689,1,-1,0,-1,19,8,4,-1,0,8,0,0,0,0,1,1,-1,9,1,50,8,-1,-1,-1,-1,5,E01013889,1,1
2024991507639,2024,991507639,2,1,0,-1,19,6,2,-1,5,1,0,0,0,0,1,1,-1,2,1,31,6,-1,-1,-1,-1,-1,-1,0,-1
2024440233075,2024,440233075,4,9,0,3,3,3,7,0,0,2,0,0,0,0,2,1,6,6,3,-1,-1,-1,-1,-1,-1,-1,-1,0,-1
2024010518581,2024,010518581,2,1,0,14,14,1,5,0,0,8,0,0,0,0,1,1,1,1,1,27,6,-1,-1,-1,-1,4,E01004462,0,1
2024440389571,2024,440389571,1,9,0,18,19,1,5,0,0,0,0,0,0,0,1,1,6,6,3,-1,-1,-1,-1,-1,-1,-1,-1,0,-1
2024131438494,2024,131438494,2,22,0,-1,19,7,3,-1,0,1,0,0,0,0,3,1,-1,6,1,34,6,-1,-1,-1,-1,2,E01011785,0,2
2024332400774,2024,332400774,1,-1,0,-1,19,5,1,-1,9,0,0,0,0,0,1,1,-1,6,1,14,3,-1,-1,-1,-1,7,E01025767,1,1
2024552400627,2024,552400627,1,9,0,1,1,3,7,0,0,6,0,0,0,0,3,2,6,6,2,75,10,-1,-1,-1,-1,4,E01034273,0,1
2024041508897,2024,041508897,1,1,0,-1,19,8,6,-1,0,0,0,0,0,0,1,1,-1,6,1,37,7,-1,-1,-1,-1,5,E01004936,0,3
2024041502820,2024,041502820,2,9,0,-1,5,3,7,-1,0,1,0,0,0,0,2,1,-1,9,1,58,9,-1,-1,-1,-1,10,E01025439,0,2
2024231433027,2024,231433027,3,9,0,-1,2,0,0,-1,9,0,0,0,0,0,3,1,-1,7,2,43,7,-1,-1,-1,-1,7,E01031068,0,1
2024122400908,2024,122400908,1,1,0,18,19,2,6,0,0,0,1,0,0,0,0,1,6,6,1,67,10,-1,-1,-1,-1,6,E01027763,0,2
2024461497145,2024,461497145,1,1,0,-1,19,2,6,-1,0,8,5,0,0,0,1,1,-1,9,1,16,4,-1,-1,-1,-1,2,E01024684,0,1
2024161482513,2024,161482513,2,9,0,-1,19,4,8,-1,0,1,0,0,0,0,1,9,-1,6,3,-1,-1,-1,-1,-1,-1,-1,-1,0,-1
2024340WN6452,2024,340WN6452,1,-1,0,-1,19,1,5,-1,0,1,0,0,0,0,1,1,-1,6,1,35,6,-1,-1,-1,-1,3,E01027152,1,1
2024010490034,2024,010490034,1,19,0,4,4,3,7,0,0,1,0,0,0,0,4,1,6,6,1,41,7,-1,-1,-1,-1,3,E01001943,0,1
2024311494223,2024,311494223,1,8,0,-1,4,4,8,-1,0,1,0,0,0,0,2,1,-1,1,1,55,8,-1,-1,-1,-1,-1,-1,0,-1
2024101518125,2024,101518125,2,1,0,-1,19,3,7,-1,0,0,0,0,0,0,3,1,-1,2,1,16,4,-1,-1,-1,-1,2,E01008670,0,1
2024332400206,2024,332400206,2,9,0,-1,19,9,9,-1,0,0,0,0,0,0,1,1,-1,6,1,-1,-1,-1,-1,-1,-1,-1,-1,0,-1
2024010525320,2024,010525320,1,1,0,18,19,5,1,0,0,1,0,0,0,0,2,1,6,6,1,22,5,-1,-1,-1,-1,2,E01033603,0,1
2024010492258,2024,010492258,2,9,0,99,99,9,9,99,99,0,9,99,9,99,1,9,6,6,3,-1,-1,-1,-1,-1,-1,2,E01017345,0,5
2024991458176,2024,991458176,2,19,0,-1,19,5,1,-1,0,2,0,0,0,0,1,1,-1,1,1,44,7,-1,-1,-1,-1,5,E01025525,0,5
2024101517180,2024,101517180,2,1,0,-1,-1,-1,-1,-1,-1,-1,-1,-1,-1,0,-1,1,-1,6,1,42,7,-1,-1,-1,-1,9,E01020600,0,3
2024610016324,2024,610016324,1,9,0,13,13,2,6,0,0,0,1,0,5,7,4,1,6,6,1,21,5,-1,-1,-1,-1,9,W01001578,0,1
2024542026724,2024,542026724,1,9,0,13,13,4,8,0,0,0,0,0,0,0,1,1,6,6,1,-1,-1,-1,-1,-1,-1,-1,-1,0,-1
2024451471219,2024,451471219,1,-1,0,-1,19,3,7,-1,0,1,0,0,0,0,1,1,-1,6,1,39,7,-1,-1,-1,-1,7,E01030949,1,1
2024520403289,2024,520403289,2,9,0,9,9,5,2,0,0,8,0,0,0,0,2,1,6,6,1,62,9,-1,-1,-1,-1,6,E01029217,0,3
2024131436739,2024,131436739,1,9,0,-1,19,-1,-1,-1,0,8,0,-1,0,0,-1,1,-1,6,3,-1,-1,-1,-1,-1,-1,-1,-1,0,-1
2024041488750,2024,041488750,1,1,0,-1,9,8,5,-1,0,1,1,0,0,0,0,1,-1,9,1,50,8,-1,-1,-1,-1,2,E01012608,0,4
2024010509373,2024,010509373,1,9,0,18,19,5,1,0,0,1,0,0,0,0,0,1,6,6,3,-1,-1,-1,-1,-1,-1,-1,-1,0,-1
2024010543643,2024,010543643,1,9,0,10,10,3,2,0,0,1,0,0,0,0,4,1,6,6,1,55,8,-1,-1,-1,-1,8,E01002321,0,1
2024991477277,2024,991477277,3,9,0,-1,19,6,2,-1,0,0,0,0,1,0,2,1,-1,9,2,30,6,-1,-1,-1,-1,6,-1,0,4
2024010559230,2024,010559230,1,1,9,99,99,9,9,99,99,9,9,99,9,99,1,1,6,6,2,24,5,-1,-1,-1,-1,2,E01002870,0,1
2024461474385,2024,461474385,1,9,0,-1,10,5,3,-1,0,1,0,0,0,0,2,1,-1,2,2,24,5,-1,-1,-1,-1,-1,-1,0,-1
2024451477948,2024,451477948,2,1,0,-1,9,6,3,-1,0,0,0,0,1,0,1,1,-1,9,1,35,6,-1,-1,-1,-1,6,E01002668,0,3
2024201450464,2024,201450464,2,9,0,-1,5,8,4,-1,0,6,0,0,0,0,1,1,-1,6,3,-1,-1,-1,-1,-1,-1,-1,-1,0,-1
2024302400163,2024,302400163,1,9,0,18,19,2,6,0,0,8,0,0,0,0,1,1,6,6,1,39,7,-1,-1,-1,-1,1,E01013481,0,1
2024430341701,2024,430341701,1,1,0,18,19,4,8,0,0,8,0,0,0,0,3,1,6,6,1,47,8,-1,-1,-1,-1,10,E01016693,0,1
2024610054724,2024,610054724,1,19,0,1,1,0,2,0,0,0,0,0,0,0,2,1,1,1,3,-1,-1,-1,-1,-1,-1,-1,-1,0,-1
2024320429724,2024,320429724,1,8,0,-1,-1,8,4,0,0,1,0,0,7,11,1,1,-1,-1,1,61,9,-1,-1,-1,-1,3,E01026270,0,1
2024131495224,2024,131495224,1,9,0,-1,7,7,1,-1,-1,0,0,0,0,0,4,1,-1,6,3,-1,-1,-1,-1,-1,-1,-1,-1,0,-1
2024302401737,2024,302401737,1,11,0,-1,4,6,2,-1,0,1,0,0,0,0,0,1,-1,1,1,60,9,-1,-1,-1,-1,3,E01013457,0,1
2024010532085,2024,010532085,2,1,0,18,19,7,3,0,0,8,0,0,0,0,1,1,6,6,1,46,8,-1,-1,-1,-1,10,E01000272,0,1
2024010501169,2024,010501169,2,1,0,13,13,1,5,0,0,1,0,0,0,0,1,1,1,1,1,45,7,-1,-1,-1,-1,3,E01033132,0,2
2024010504126,2024,010504126,1,1,9,99,99,9,9,99,99,9,9,99,9,99,1,1,6,6,1,34,6,-1,-1,-1,-1,4,E01003278,0,1
2024141527154,2024,141527154,1,9,0,-1,19,1,5,-1,0,1,0,0,0,0,1,1,-1,9,1,43,7,-1,-1,-1,-1,2,E01007767,0,1
2024201423142,2024,201423142,1,9,0,-1,19,7,3,-1,0,0,0,0,0,0,4,1,-1,6,3,-1,-1,-1,-1,-1,-1,-1,-1,0,-1
2024451482396,2024,451482396,2,9,0,-1,19,3,7,-1,0,0,0,0,0,0,2,1,-1,2,1,50,8,-1,-1,-1,-1,5,E01031832,0,4
2024070873259,2024,070873259,2,1,0,-1,19,8,4,-1,0,0,2,0,0,0,0,1,-1,9,1,52,8,-1,-1,-1,-1,10,E01018406,0,4
2024440358042,2024,440358042,2,9,0,18,19,1,5,0,0,1,0,0,0,0,1,1,6,6,1,-1,-1,-1,-1,-1,-1,-1,-1,0,-1
2024010523217,2024,010523217,2,1,0,18,19,1,5,0,0,0,5,0,0,0,1,1,2,2,1,27,6,-1,-1,-1,-1,8,E01001924,0,1
2024010531699,2024,010531699,2,1,9,99,99,9,9,99,99,9,9,99,9,99,9,1,2,2,1,35,6,-1,-1,-1,-1,5,E01001681,0,1
2024010493956,2024,010493956,1,9,0,17,19,7,4,0,0,0,0,0,1,1,1,1,6,6,1,38,7,-1,-1,-1,-1,3,E01003352,0,1
2024131443644,2024,131443644,3,98,0,-1,19,3,7,-1,0,0,0,0,0,0,1,1,-1,1,1,46,8,-1,-1,-1,-1,7,E01027890,0,1
2024461517979,2024,461517979,2,1,0,-1,5,3,7,-1,0,0,0,0,0,0,2,1,-1,2,1,37,7,-1,-1,-1,-1,2,E01024699,0,1
2024542740324,2024,542740324,2,9,0,18,19,5,1,0,0,4,0,0,0,0,4,1,6,6,1,41,7,-1,-1,-1,-1,1,E01015573,0,1
2024520402152,2024,520402152,2,9,0,18,19,5,1,0,0,1,0,0,0,0,0,1,6,6,3,-1,-1,-1,-1,-1,-1,-1,-1,0,-1
2024332400537,2024,332400537,1,9,0,-1,19,4,8,-1,0,0,0,0,0,0,1,1,-1,9,1,36,7,-1,-1,-1,-1,8,E01035092,0,1
2024361396479,2024,361396479,2,9,0,-1,19,7,3,-1,0,0,0,0,0,0,0,1,-1,6,3,-1,-1,-1,-1,-1,-1,-1,-1,0,-1
2024061498769,2024,061498769,2,1,0,-1,15,-1,-1,-1,0,0,0,0,0,0,1,1,-1,6,2,-1,-1,-1,-1,-1,-1,-1,-1,0,-1
2024411512934,2024,411512934,1,9,0,-1,19,-1,-1,-1,0,4,0,0,0,0,1,9,-1,6,3,-1,-1,-1,-1,-1,-1,-1,-1,0,-1
2024461473213,2024,461473213,1,3,0,-1,19,5,2,-1,0,0,0,4,0,0,1,1,-1,9,1,26,6,-1,-1,-1,-1,2,E01016059,0,1
2024371539498,2024,371539498,2,21,1,-1,19,7,3,-1,0,0,0,0,0,0,1,1,-1,1,1,52,8,-1,-1,-1,-1,1,E01022032,0,4
2024430030051,2024,430030051,1,9,0,18,19,5,1,0,0,2,0,0,0,0,4,1,6,6,3,-1,-1,-1,-1,-1,-1,-1,-1,0,-1
2024361482651,2024,361482651,2,9,0,-1,19,1,5,-1,0,0,0,0,0,0,1,1,-1,6,2,28,6,-1,-1,-1,-1,3,E01026453,0,3
2024549352124,2024,549352124,2,9,0,4,4,4,8,0,0,0,0,0,0,0,2,1,2,2,1,40,7,-1,-1,-1,-1,7,E01015585,0,1
2024010539519,2024,010539519,1,9,0,99,99,9,9,99,99,9,9,99,9,99,9,9,6,6,2,81,11,-1,-1,-1,-1,6,E01002555,0,2
2024010490763,2024,010490763,2,9,0,99,99,9,9,99,99,9,9,99,9,99,1,9,6,6,3,-1,-1,-1,-1,-1,-1,-1,-1,0,-1
2024010493487,2024,010493487,2,9,0,99,99,9,9,99,99,6,9,99,9,99,9,9,6,6,3,-1,-1,-1,-1,-1,-1,-1,-1,0,-1
2024302400039,2024,302400039,1,4,0,9,9,2,8,0,0,2,0,0,0,0,3,1,6,6,2,21,5,-1,-1,-1,-1,2,E01013510,0,1
2024430375064,2024,430375064,1,1,0,13,13,5,1,0,0,0,0,0,0,0,4,1,6,6,1,-1,-1,-1,-1,-1,-1,-1,-1,0,-1
2024631420755,2024,631420755,3,9,0,-1,4,8,4,-1,0,0,0,0,0,0,2,1,-1,7,2,54,8,-1,-1,-1,-1,3,W01000705,0,1
2024211486632,2024,211486632,2,19,0,-1,19,3,8,-1,0,0,0,0,0,0,0,1,-1,6,-1,30,6,-1,-1,-1,-1,-1,-1,0,-1
2024421490712,2024,421490712,1,98,1,-1,12,5,2,-1,0,0,0,0,0,0,3,2,-1,1,1,50,8,-1,-1,-1,-1,-1,-1,0,-1
2024552400874,2024,552400874,1,9,0,13,13,8,4,0,0,0,0,0,0,0,4,1,6,6,3,-1,-1,-1,-1,-1,-1,-1,-1,0,-1
2024361448848,2024,361448848,2,9,0,-1,3,6,2,-1,0,0,0,0,0,0,2,1,-1,2,1,38,7,-1,-1,-1,-1,-1,-1,0,-1
2024010512605,2024,010512605,1,1,9,99,99,9,9,99,99,9,9,99,9,99,1,1,2,2,1,32,6,-1,-1,-1,-1,4,E01004540,0,1
2024552500075,2024,552500075,1,9,0,18,19,2,6,0,0,0,0,0,0,0,1,1,6,6,3,-1,-1,-1,-1,-1,-1,-1,-1,0,-1
2024351539320,2024,351539320,2,1,0,-1,19,7,6,-1,0,3,0,0,0,0,4,1,-1,6,2,31,6,-1,-1,-1,-1,7,E01035526,0,1
2024010548822,2024,010548822,2,1,0,18,19,1,5,0,0,1,0,11,0,0,3,1,2,2,2,37,7,-1,-1,-1,-1,8,E01002898,0,1
2024041470982,2024,041470982,2,1,0,-1,9,3,3,-1,0,0,0,0,0,0,4,1,-1,2,1,52,8,-1,-1,-1,-1,4,E01006454,0,2
2024552401010,2024,552401010,2,1,0,18,19,6,2,0,0,8,0,0,0,0,3,1,2,2,2,42,7,-1,-1,-1,-1,3,E01015294,0,1
2024010494611,2024,010494611,2,9,9,99,99,9,9,99,99,9,9,99,9,99,9,9,6,6,3,-1,-1,-1,-1,-1,-1,-1,-1,0,-1
2024421489323,2024,421489323,1,1,0,-1,19,1,5,-1,0,0,0,0,0,0,4,1,-1,6,1,-1,-1,-1,-1,-1,-1,8,E01021444,0,1
2024371515206,2024,371515206,2,1,0,-1,19,1,5,-1,0,0,5,0,0,0,4,1,-1,9,2,68,10,-1,-1,-1,-1,9,E01033450,0,1