collision_index,collision_year,collision_ref_no,vehicle_reference,vehicle_type,towing_and_articulation,vehicle_manoeuvre_historic,vehicle_manoeuvre,vehicle_direction_from,vehicle_direction_to,vehicle_location_restricted_lane_historic,vehicle_location_restricted_lane,junction_location,skidding_and_overturning,hit_object_in_carriageway,vehicle_leaving_carriageway,hit_object_off_carriageway,first_point_of_impact,vehicle_left_hand_drive,journey_purpose_of_driver_historic,journey_purpose_of_driver,sex_of_driver,age_of_driver,age_band_of_driver,engine_capacity_cc,propulsion_code,age_of_vehicle,generic_make_model,driver_imd_decile,lsoa_of_driver,escooter_flag,driver_distance_banding
2024340WN2402,2024,340WN2402,1,5,0,-1,19,7,3,-1,0,0,5,0,0,0,1,1,-1,6,1,60,9,-1,-1,-1,-1,8,E01027064,0,4
2024141554180,2024,141554180,1,9,0,-1,11,6,2,-1,0,1,0,0,0,0,4,9,-1,6,3,-1,-1,-1,-1,-1,-1,-1,-1,0,-1
2024622400275,2024,622400275,2,22,0,18,19,2,6,0,0,1,0,0,0,0,1,1,6,6,2,52,8,-1,-1,-1,-1,4,W01001262,0,4
2024211409703,2024,211409703,2,9,0,-1,19,6,3,-1,0,4,0,0,0,0,1,1,-1,6,1,55,8,-1,-1,-1,-1,6,E01014299,0,1
2024010528036,2024,010528036,2,19,0,99,99,9,9,99,99,9,9,99,9,99,2,9,6,6,1,-1,-1,-1,-1,-1,-1,-1,-1,0,-1
2024440466027,2024,440466027,1,9,0,16,19,6,1,0,0,0,2,0,7,8,1,1,6,6,1,21,5,-1,-1,-1,-1,9,E01015360,0,4
2024622400181,2024,622400181,2,9,0,3,3,2,6,0,0,0,0,0,0,0,1,1,6,6,1,73,10,-1,-1,-1,-1,10,W01001086,0,1
2024010488266,2024,010488266,1,9,0,7,7,5,7,0,0,1,0,0,1,0,1,1,6,6,1,28,6,-1,-1,-1,-1,5,E01002001,0,1
2024430063395,2024,430063395,1,9,0,18,19,2,6,0,0,0,0,0,0,0,3,1,6,6,1,-1,-1,-1,-1,-1,-1,-1,-1,0,-1
2024201469443,2024,201469443,2,1,0,-1,19,5,3,-1,4,8,0,0,0,0,2,1,-1,6,2,31,6,-1,-1,-1,-1,-1,-1,0,-1
2024010549815,2024,010549815,1,1,0,-1,-1,3,7,0,0,2,0,0,1,0,1,1,6,6,1,27,6,-1,-1,-1,-1,4,E01004392,0,1
2024041482880,2024,041482880,2,1,0,-1,19,3,7,-1,0,0,0,0,0,0,1,1,-1,6,1,30,6,-1,-1,-1,-1,3,E01012644,0,1
2024010507656,2024,010507656,2,1,9,99,99,9,9,99,99,9,9,99,9,99,9,1,6,6,1,20,4,-1,-1,-1,-1,3,E01001892,0,1
2024340NN1212,2024,340NN1212,1,9,0,-1,19,8,4,-1,0,0,0,0,0,0,1,1,-1,6,3,-1,-1,-1,-1,-1,-1,-1,-1,0,-1
2024302401675,2024,302401675,1,9,0,18,19,2,6,0,0,8,0,4,0,0,1,1,2,2,2,54,8,-1,-1,-1,-1,7,E01019700,0,1
2024451400771,2024,451400771,2,9,0,-1,19,2,6,-1,0,0,0,0,0,0,3,2,-1,9,2,66,10,-1,-1,-1,-1,9,E01030299,0,1
2024031503179,2024,031503179,2,9,0,-1,19,8,3,-1,0,0,0,0,0,0,1,1,-1,9,1,61,9,-1,-1,-1,-1,-1,-1,0,-1
2024010542441,2024,010542441,1,9,0,17,19,5,2,0,0,8,0,0,0,0,1,2,6,6,1,39,7,-1,-1,-1,-1,-1,-1,0,-1
2024201508114,2024,201508114,1,9,0,-1,5,7,3,-1,0,6,0,0,0,0,1,9,-1,6,2,30,6,-1,-1,-1,-1,-1,-1,0,-1
2024010548567,2024,010548567,1,1,9,99,99,9,9,99,99,9,9,99,9,99,1,1,6,6,2,26,6,-1,-1,-1,-1,2,E01003059,0,1
2024052400941,2024,052400941,1,1,0,18,19,1,5,0,0,1,0,0,0,0,1,1,2,2,1,31,6,-1,-1,-1,-1,4,E01006628,0,1
2024520403087,2024,520403087,3,9,0,4,4,5,1,0,0,1,0,0,0,0,2,1,6,6,2,52,8,-1,-1,-1,-1,4,E01029036,0,2
2024991521842,2024,991521842,1,9,0,-1,2,0,0,-1,0,0,0,0,0,0,0,1,-1,1,1,73,10,-1,-1,-1,-1,5,-1,0,1
2024010488805,2024,010488805,1,4,0,18,19,5,1,0,0,2,0,0,0,0,3,1,6,6,1,27,6,-1,-1,-1,-1,4,E01002707,0,1
2024440095450,2024,440095450,2,9,0,18,19,6,2,0,0,0,0,0,0,0,4,1,6,6,1,-1,-1,-1,-1,-1,-1,-1,-1,0,-1
2024010547451,2024,010547451,2,1,9,99,99,9,9,99,99,9,9,99,9,99,9,1,6,6,1,60,9,-1,-1,-1,-1,3,E01004333,0,1
2024141521768,2024,141521768,1,90,0,-1,19,4,4,-1,5,0,0,0,-1,0,1,1,-1,6,3,-1,-1,-1,-1,-1,-1,-1,-1,0,-1
2024010493079,2024,010493079,1,9,0,9,9,7,5,0,0,6,0,0,0,0,1,1,2,2,1,53,8,-1,-1,-1,-1,6,E01002680,0,2
2024522401394,2024,522401394,1,9,0,9,9,3,7,0,0,0,0,0,0,0,1,1,6,6,1,26,6,-1,-1,-1,-1,10,E01029128,0,1
2024332400574,2024,332400574,2,19,0,-1,2,0,0,-1,0,0,0,0,0,0,4,1,-1,6,1,23,5,-1,-1,-1,-1,3,E01025950,0,1
2024101474344,2024,101474344,2,9,0,-1,19,8,4,-1,0,8,0,0,0,0,1,1,-1,6,3,30,6,-1,-1,-1,-1,-1,-1,0,-1
2024501456848,2024,501456848,1,1,0,-1,99,8,5,-1,0,0,0,0,0,0,3,1,-1,2,1,39,7,-1,-1,-1,-1,8,E01015120,0,1
2024141479987,2024,141479987,1,97,0,-1,14,4,8,-1,0,1,5,0,0,0,1,1,-1,6,3,-1,-1,-1,-1,-1,-1,-1,-1,0,-1
2024010540523,2024,010540523,1,19,0,99,99,9,9,99,99,9,9,99,9,99,1,9,6,6,3,-1,-1,-1,-1,-1,-1,-1,-1,0,-1
2024631414177,2024,631414177,1,98,0,-1,19,2,6,-1,0,0,0,0,0,0,1,1,-1,6,3,-1,-1,-1,-1,-1,-1,-1,-1,0,-1
2024421475046,2024,421475046,1,-1,0,-1,19,8,5,-1,0,8,0,0,0,0,3,1,-1,9,1,17,4,-1,-1,-1,-1,5,E01021843,1,1
2024010492623,2024,010492623,1,1,9,99,99,9,9,99,99,9,9,99,9,99,9,1,6,6,2,32,6,-1,-1,-1,-1,5,E01000745,0,3
2024351454731,2024,351454731,2,1,-1,-1,9,3,1,-1,0,8,0,0,0,0,2,1,-1,9,1,25,5,-1,-1,-1,-1,2,E01015654,0,1
2024631405146,2024,631405146,1,21,0,-1,19,7,2,-1,0,0,0,0,0,0,3,1,-1,6,3,-1,-1,-1,-1,-1,-1,-1,-1,0,-1
2024010508815,2024,010508815,1,9,0,99,99,9,9,0,0,6,0,0,0,0,9,9,6,6,3,-1,-1,-1,-1,-1,-1,-1,-1,0,-1
2024440508261,2024,440508261,1,9,0,18,19,3,7,0,0,0,5,10,1,10,4,1,6,6,1,19,4,-1,-1,-1,-1,10,E01022687,0,1
2024421515209,2024,421515209,1,9,0,-1,5,1,5,-1,0,6,0,0,0,0,1,1,-1,2,2,19,4,-1,-1,-1,-1,8,E01021537,0,2
2024061501834,2024,061501834,2,9,-1,-1,-1,-1,-1,-1,-1,0,-1,-1,-1,0,-1,9,-1,6,3,-1,-1,-1,-1,-1,-1,-1,-1,0,-1
2024430367501,2024,430367501,2,21,0,12,12,6,2,0,0,0,0,0,0,0,0,1,6,6,3,-1,-1,-1,-1,-1,-1,-1,-1,0,-1
2024440087479,2024,440087479,2,9,0,18,19,4,8,0,0,1,0,0,0,0,1,1,6,6,2,39,7,-1,-1,-1,-1,4,E01017234,0,1
2024010535669,2024,010535669,2,1,0,5,5,3,7,0,0,8,0,0,1,0,1,1,4,7,2,15,3,-1,-1,-1,-1,7,E01001302,0,1
2024631455064,2024,631455064,3,9,0,-1,10,6,4,-1,0,8,0,0,0,0,1,1,-1,6,1,31,6,-1,-1,-1,-1,7,W01000484,0,2
2024010495793,2024,010495793,1,9,0,18,19,7,3,0,0,0,0,10,0,0,1,1,6,6,3,-1,-1,-1,-1,-1,-1,-1,-1,0,-1
2024311471646,2024,311471646,2,4,0,-1,19,2,6,-1,0,0,1,0,0,0,1,1,-1,2,1,41,7,-1,-1,-1,-1,2,E01013917,0,1
2024061447027,2024,061447027,1,98,-1,-1,1,7,3,-1,0,0,0,0,0,0,2,9,-1,6,3,-1,-1,-1,-1,-1,-1,-1,-1,0,-1
2024361475660,2024,361475660,1,9,-1,-1,-1,-1,-1,-1,-1,0,-1,-1,-1,0,-1,9,-1,2,1,-1,-1,-1,-1,-1,-1,-1,-1,0,-1
2024440396934,2024,440396934,1,9,0,17,19,6,3,0,0,2,0,0,2,4,1,1,6,6,1,17,4,-1,-1,-1,-1,8,E01023182,0,2
2024501483710,2024,501483710,1,9,0,-1,9,1,6,-1,0,1,0,0,0,0,1,2,-1,9,1,47,8,-1,-1,-1,-1,-1,-1,0,-1
2024010490084,2024,010490084,2,9,0,99,99,9,9,99,99,9,9,99,9,99,1,9,6,6,1,37,7,-1,-1,-1,-1,4,E01004756,0,2
2024201407259,2024,201407259,2,19,0,-1,3,1,6,-1,0,0,0,0,0,0,2,9,-1,1,1,49,8,-1,-1,-1,-1,4,E01009715,0,2
2024991457164,2024,991457164,1,9,0,-1,1,7,3,-1,9,0,0,0,0,0,2,1,-1,6,1,64,9,-1,-1,-1,-1,9,-1,0,3
2024631450408,2024,631450408,1,20,4,-1,19,8,5,-1,0,0,0,0,1,4,1,1,-1,1,1,34,6,-1,-1,-1,-1,3,W01001969,0,4
2024311525153,2024,311525153,1,9,0,-1,7,7,1,-1,0,0,0,0,0,0,4,1,-1,6,3,-1,-1,-1,-1,-1,-1,-1,-1,0,-1
2024501455820,2024,501455820,2,1,0,-1,19,3,7,-1,4,8,0,0,0,0,1,1,-1,2,1,48,8,-1,-1,-1,-1,9,E01020186,0,3
2024430306094,2024,430306094,2,1,0,17,19,4,2,0,0,8,0,0,0,0,2,1,6,6,2,-1,-1,-1,-1,-1,-1,-1,-1,0,-1
2024010493694,2024,010493694,7,19,0,2,2,0,0,0,0,0,0,0,0,0,3,1,6,6,3,-1,-1,-1,-1,-1,-1,-1,-1,0,-1
2024010489166,2024,010489166,2,9,0,99,99,9,9,99,99,9,9,99,9,99,1,9,6,6,3,-1,-1,-1,-1,-1,-1,-1,-1,0,-1
2024061470959,2024,061470959,2,97,0,-1,19,1,5,-1,0,0,0,0,0,0,2,1,-1,6,3,30,6,-1,-1,-1,-1,-1,-1,0,-1
2024631425352,2024,631425352,1,9,0,-1,19,6,2,-1,0,0,5,0,2,10,1,1,-1,2,1,23,5,-1,-1,-1,-1,6,W01000551,0,3
2024401474734,2024,401474734,1,9,-1,-1,1,5,1,-1,0,6,0,0,0,0,2,9,-1,6,1,21,5,-1,-1,-1,-1,-1,-1,0,-1
2024052402479,2024,052402479,2,1,0,18,19,4,8,0,0,1,0,0,0,0,1,1,2,2,1,37,7,-1,-1,-1,-1,8,E01006525,0,1
2024461437708,2024,461437708,1,1,0,-1,-1,-1,-1,-1,-1,0,-1,-1,-1,0,-1,1,-1,6,1,-1,-1,-1,-1,-1,-1,-1,-1,0,-1
202454E744724,2024,54E744724,1,21,0,18,19,1,5,0,0,4,0,0,0,0,4,1,1,1,1,-1,-1,-1,-1,-1,-1,-1,-1,0,-1
2024010525577,2024,010525577,2,-1,0,99,99,9,9,0,0,0,0,0,0,0,4,1,6,6,1,-1,-1,-1,-1,-1,-1,-1,-1,1,-1
2024430274205,2024,430274205,1,9,0,99,99,9,9,0,0,6,0,0,0,0,1,1,6,6,3,-1,-1,-1,-1,-1,-1,-1,-1,0,-1
2024131441227,2024,131441227,1,9,0,-1,5,7,3,-1,0,8,0,0,0,0,1,1,-1,1,2,29,6,-1,-1,-1,-1,4,E01010798,0,2
2024991404259,2024,991404259,3,9,0,-1,19,1,4,-1,0,1,0,0,0,0,0,1,-1,6,1,57,9,-1,-1,-1,-1,4,-1,0,1
2024501417613,2024,501417613,2,1,0,-1,19,7,3,-1,0,8,0,0,0,0,1,1,-1,2,1,39,7,-1,-1,-1,-1,6,E01020006,0,1
2024010497753,2024,010497753,1,9,0,9,9,6,4,0,0,1,0,0,7,0,1,1,6,6,1,49,8,-1,-1,-1,-1,3,E01000785,0,1
2024332401198,2024,332401198,1,9,0,-1,11,5,1,-1,0,4,0,0,0,0,2,1,-1,6,3,-1,-1,-1,-1,-1,-1,-1,-1,0,-1
2024131410282,2024,131410282,2,9,-1,-1,-1,-1,-1,-1,-1,-1,-1,-1,-1,0,-1,9,-1,6,3,-1,-1,-1,-1,-1,-1,-1,-1,0,-1
2024201529725,2024,201529725,2,1,0,-1,19,7,3,-1,0,0,0,0,0,0,4,1,-1,1,1,26,6,-1,-1,-1,-1,8,E01009459,0,1
2024041474404,2024,041474404,1,97,0,-1,19,5,1,-1,0,1,0,0,0,0,1,1,-1,6,1,-1,-1,-1,-1,-1,-1,-1,-1,0,-1
2024471531005,2024,471531005,1,9,0,-1,5,1,5,-1,0,6,0,0,0,0,1,9,-1,6,3,-1,-1,-1,-1,-1,-1,-1,-1,0,-1
202417S111224,2024,17S111224,2,8,0,-1,8,7,3,-1,0,0,0,0,0,0,4,1,-1,1,1,52,8,-1,-1,-1,-1,9,E01012237,0,1
2024991484851,2024,991484851,3,9,0,-1,3,3,6,-1,0,0,0,0,0,0,2,1,-1,9,1,70,10,-1,-1,-1,-1,5,-1,0,4
2024010505408,2024,010505408,1,9,0,1,1,1,5,0,0,6,0,4,0,0,2,1,6,6,1,20,4,-1,-1,-1,-1,-1,-1,0,-1
2024010490624,2024,010490624,1,9,0,5,5,3,7,0,0,8,0,0,0,0,1,1,6,6,3,-1,-1,-1,-1,-1,-1,-1,-1,0,-1
2024070238291,2024,070238291,2,9,0,18,19,3,7,0,0,0,0,0,0,0,0,1,6,6,3,-1,-1,-1,-1,-1,-1,-1,-1,0,-1
2024231484074,2024,231484074,1,9,0,-1,19,4,8,-1,0,1,0,0,0,0,1,9,-1,6,2,44,7,-1,-1,-1,-1,4,E01031163,0,1
2024010525573,2024,010525573,1,9,0,18,19,1,5,0,0,3,0,0,0,0,1,1,6,6,3,-1,-1,-1,-1,-1,-1,-1,-1,0,-1
2024451447712,2024,451447712,2,9,0,-1,19,1,5,-1,0,0,0,0,0,0,0,9,-1,6,1,-1,-1,-1,-1,-1,-1,-1,-1,0,-1
2024430149149,2024,430149149,2,9,0,4,4,8,4,0,0,0,0,0,0,0,2,1,6,6,1,-1,-1,-1,-1,-1,-1,-1,-1,0,-1
2024041451133,2024,041451133,1,9,0,-1,19,7,3,-1,0,1,0,0,0,0,1,1,-1,2,1,34,6,-1,-1,-1,-1,6,E01025383,0,1
2024070179400,2024,070179400,2,1,0,18,19,5,1,0,0,1,0,0,0,0,1,1,6,6,1,48,8,-1,-1,-1,-1,9,E01012375,0,1
2024430612290,2024,430612290,1,1,0,18,19,2,6,0,0,8,0,0,0,0,4,1,6,6,1,36,7,-1,-1,-1,-1,4,E01001278,0,3
2024552400875,2024,552400875,2,1,0,18,19,2,6,0,0,8,0,0,0,0,3,1,6,6,2,39,7,-1,-1,-1,-1,4,E01020518,0,1
2024311489615,2024,311489615,2,9,-1,-1,19,7,3,-1,0,8,0,0,0,0,-1,9,-1,6,3,-1,-1,-1,-1,-1,-1,-1,-1,0,-1
2024351527583,2024,351527583,3,9,0,-1,4,3,7,-1,0,0,0,0,0,0,2,1,-1,6,1,27,6,-1,-1,-1,-1,3,E01026652,0,4
2024101467525,2024,101467525,2,1,0,-1,19,2,7,-1,0,-1,-1,-1,-1,0,4,1,-1,6,1,48,8,-1,-1,-1,-1,4,E01008274,0,1
2024421493123,2024,421493123,2,1,0,-1,19,1,4,-1,0,0,0,11,0,0,1,1,-1,6,1,64,9,-1,-1,-1,-1,3,E01002278,0,1
2024231473459,2024,231473459,1,9,0,-1,19,8,4,-1,0,6,1,0,7,9,1,1,-1,6,1,19,4,-1,-1,-1,-1,5,E01031190,0,1
2024311458567,2024,311458567,2,1,0,-1,19,5,1,-1,0,0,0,0,0,0,3,1,-1,6,1,9,2,-1,-1,-1,-1,-1,-1,0,-1
2024070668965,2024,070668965,2,9,0,18,19,2,6,0,0,0,0,0,0,0,2,1,6,6,2,76,11,-1,-1,-1,-1,9,E01012514,0,2
2024010496815,2024,010496815,2,9,0,99,99,9,9,99,99,0,9,99,9,99,1,9,6,6,3,-1,-1,-1,-1,-1,-1,-1,-1,0,-1
2024201431672,2024,201431672,1,1,0,-1,19,5,1,-1,0,8,0,0,0,0,1,1,-1,6,2,25,5,-1,-1,-1,-1,1,E01009375,0,1
2024201460693,2024,201460693,1,9,0,-1,19,5,1,-1,0,0,0,0,0,0,1,9,-1,6,1,-1,-1,-1,-1,-1,-1,-1,-1,0,-1
202460Q133612,2024,60Q133612,2,1,0,9,9,1,5,0,0,2,5,0,0,0,3,1,6,6,1,62,9,-1,-1,-1,-1,-1,-1,0,-1
2024211538024,2024,211538024,2,9,0,-1,19,7,8,-1,0,0,0,0,0,0,1,1,-1,6,2,46,8,-1,-1,-1,-1,6,E01031194,0,5
2024061519604,2024,061519604,2,1,0,-1,19,2,4,-1,4,1,0,0,1,0,3,1,-1,9,1,21,5,-1,-1,-1,-1,-1,-1,0,-1
2024010497084,2024,010497084,1,9,0,99,99,9,9,99,99,9,9,99,9,99,2,9,6,6,2,49,8,-1,-1,-1,-1,9,E01000371,0,3
2024340WN5282,2024,340WN5282,1,-1,0,-1,19,1,5,-1,0,4,0,0,3,0,1,1,-1,2,1,17,4,-1,-1,-1,-1,1,E01027168,1,1
2024411448913,2024,411448913,1,9,0,-1,19,1,5,-1,0,0,0,0,7,0,1,1,-1,9,1,57,9,-1,-1,-1,-1,9,E01023439,0,1
2024010535806,2024,010535806,1,9,0,18,19,7,3,0,0,1,0,0,0,0,1,2,6,6,1,23,5,-1,-1,-1,-1,5,E01000520,0,1
2024010488448,2024,010488448,1,11,0,4,4,3,7,2,2,8,0,0,0,0,0,1,1,1,1,25,5,-1,-1,-1,-1,4,E01002231,0,3
2024010489696,2024,010489696,1,1,9,99,99,9,9,99,99,1,9,99,9,0,9,1,2,2,1,47,8,-1,-1,-1,-1,4,E01001903,0,1
2024371440859,2024,371440859,2,1,0,-1,19,2,5,-1,0,0,0,0,0,0,1,1,-1,9,1,29,6,-1,-1,-1,-1,3,E01033046,0,1
2024101419271,2024,101419271,1,9,0,-1,20,7,4,-1,2,0,0,0,0,0,0,1,-1,9,1,40,7,-1,-1,-1,-1,-1,-1,0,-1
2024991444229,2024,991444229,2,5,0,-1,9,7,5,-1,0,8,0,0,0,0,3,1,-1,2,1,46,8,-1,-1,-1,-1,6,-1,0,2
2024041485590,2024,041485590,1,9,0,-1,19,3,7,-1,0,0,0,0,0,0,1,1,-1,9,1,38,7,-1,-1,-1,-1,3,E01006092,0,4
2024461536780,2024,461536780,1,90,0,-1,19,1,5,-1,0,8,0,0,7,0,1,9,-1,6,1,18,4,-1,-1,-1,-1,-1,-1,0,-1
2024131415169,2024,131415169,2,1,0,-1,12,4,8,-1,0,0,0,0,0,0,4,1,-1,9,1,13,3,-1,-1,-1,-1,1,E01011340,0,1
2024302500088,2024,302500088,2,1,0,-1,19,7,3,-1,0,1,0,0,0,0,4,1,-1,6,1,17,4,-1,-1,-1,-1,5,E01013551,0,1
2024430515942,2024,430515942,1,11,0,18,19,7,3,0,0,0,0,0,0,0,1,1,1,1,3,-1,-1,-1,-1,-1,-1,-1,-1,0,-1
2024201457456,2024,201457456,2,9,0,-1,19,6,2,-1,0,8,0,0,0,0,4,1,-1,9,1,23,5,-1,-1,-1,-1,1,E01016744,0,4
2024010494523,2024,010494523,1,3,0,99,99,9,9,99,99,9,9,99,9,99,1,1,2,2,1,35,6,-1,-1,-1,-1,3,E01035667,0,3
2024010524606,2024,010524606,1,9,0,99,99,9,9,99,99,9,9,99,9,99,9,9,6,6,3,-1,-1,-1,-1,-1,-1,-1,-1,0,-1
2024440196346,2024,440196346,1,22,0,18,19,6,2,0,0,8,0,0,0,0,4,1,6,6,1,73,10,-1,-1,-1,-1,3,E01034713,0,1
2024631505693,2024,631505693,1,90,0,-1,19,6,2,-1,0,0,0,0,0,0,3,1,-1,6,3,-1,-1,-1,-1,-1,-1,-1,-1,0,-1
2024010524654,2024,010524654,2,1,0,18,19,5,1,0,0,1,0,0,1,0,3,1,1,1,2,23,5,-1,-1,-1,-1,3,E01003293,0,1
2024631461060,2024,631461060,2,1,0,-1,19,2,6,-1,0,6,0,0,0,0,1,1,-1,6,1,12,3,-1,-1,-1,-1,1,W01001924,0,1
2024461438698,2024,461438698,1,9,0,-1,4,1,5,-1,0,0,0,0,0,0,1,9,-1,9,3,-1,-1,-1,-1,-1,-1,-1,-1,0,-1
2024361469475,2024,361469475,1,3,0,-1,19,3,7,-1,0,1,0,0,0,0,1,1,-1,6,3,-1,-1,-1,-1,-1,-1,-1,-1,0,-1
2024010487092,2024,010487092,1,9,9,99,99,9,9,0,0,3,9,99,9,99,9,9,6,6,2,46,8,-1,-1,-1,-1,4,E01000114,0,1
2024430609037,2024,430609037,1,21,0,16,19,5,8,0,0,0,0,0,0,0,0,1,1,1,1,32,6,-1,-1,-1,-1,3,E01013614,0,4
2024440525361,2024,440525361,2,9,0,18,19,1,5,0,0,0,0,0,0,0,1,1,6,6,1,60,9,-1,-1,-1,-1,4,E01017275,0,1
2024540496624,2024,540496624,1,1,0,18,19,3,7,0,0,0,0,0,0,0,1,1,6,6,2,25,5,-1,-1,-1,-1,1,E01015545,0,1
2024050414472,2024,050414472,1,9,0,18,19,1,5,0,0,0,0,2,0,0,1,1,6,6,1,39,7,-1,-1,-1,-1,7,E01025537,0,3
2024131485097,2024,131485097,1,9,0,-1,9,1,5,-1,0,0,0,0,0,0,3,1,-1,9,1,44,7,-1,-1,-1,-1,4,E01011238,0,1
2024010545263,2024,010545263,2,9,0,12,12,1,5,0,0,8,1,7,0,0,4,1,6,6,1,22,5,-1,-1,-1,-1,3,E01035499,0,1
2024010496800,2024,010496800,1,9,0,18,19,3,7,0,0,1,0,0,0,0,1,1,6,6,2,60,9,-1,-1,-1,-1,10,E01003858,0,2
2024010541322,2024,010541322,1,1,9,99,99,9,9,99,99,9,9,99,9,99,9,1,2,2,1,33,6,-1,-1,-1,-1,2,E01002786,0,1
2024221475970,2024,221475970,1,9,0,-1,9,4,2,-1,0,5,0,0,0,0,1,1,-1,6,1,43,7,-1,-1,-1,-1,2,E01032161,0,1
2024361443335,2024,361443335,1,9,0,-1,3,-1,-1,-1,0,1,0,0,0,0,3,1,-1,6,1,-1,-1,-1,-1,-1,-1,9,E01026557,0,2
2024010536142,2024,010536142,2,9,0,99,99,9,9,99,99,9,9,99,9,99,2,9,6,6,3,56,9,-1,-1,-1,-1,4,E01003353,0,1
2024211535663,2024,211535663,2,9,0,-1,19,3,7,-1,0,0,1,0,0,0,0,9,-1,6,2,-1,-1,-1,-1,-1,-1,9,E01014172,0,2
2024101441737,2024,101441737,2,1,0,-1,19,7,2,-1,0,0,0,0,0,0,2,1,-1,9,1,44,7,-1,-1,-1,-1,5,E01008535,0,2
202460Q168396,2024,60Q168396,1,9,0,5,5,5,1,0,0,0,0,0,0,0,1,1,4,7,1,36,7,-1,-1,-1,-1,-1,-1,0,-1
2024061478361,2024,061478361,1,9,0,-1,19,2,5,-1,0,0,0,0,0,0,0,1,-1,2,1,25,5,-1,-1,-1,-1,-1,-1,0,-1
2024332400087,2024,332400087,2,9,0,-1,19,9,9,-1,0,8,0,0,0,0,1,1,-1,6,3,-1,-1,-1,-1,-1,-1,-1,-1,0,-1
2024010510532,2024,010510532,2,9,0,1,1,9,9,99,99,9,9,99,9,99,9,9,6,6,3,-1,-1,-1,-1,-1,-1,-1,-1,0,-1
202460Q128918,2024,60Q128918,1,9,0,17,19,5,2,0,0,0,0,0,0,0,4,1,6,6,3,-1,-1,-1,-1,-1,-1,-1,-1,0,-1
2024610027924,2024,610027924,2,9,0,18,19,3,7,0,0,2,0,0,0,0,1,1,6,6,3,-1,-1,-1,-1,-1,-1,-1,-1,0,-1
2024501415889,2024,501415889,2,1,0,-1,7,6,8,-1,0,1,0,0,0,0,1,1,-1,9,1,61,9,-1,-1,-1,-1,9,E01020239,0,4
2024531478187,2024,531478187,1,9,0,-1,19,1,5,-1,0,0,0,0,0,0,1,1,-1,9,1,17,4,-1,-1,-1,-1,10,E01022382,0,2
2024440525345,2024,440525345,1,1,0,18,19,7,5,0,0,8,0,0,0,0,3,1,4,7,1,13,3,-1,-1,-1,-1,4,E01017045,0,1
2024122500193,2024,122500193,1,9,0,4,4,5,1,0,0,0,0,0,0,0,2,1,6,6,1,39,7,-1,-1,-1,-1,7,E01027601,0,2
2024010548402,2024,010548402,1,1,9,99,99,9,9,99,99,9,9,99,9,99,9,1,2,2,1,32,6,-1,-1,-1,-1,5,E01001751,0,1
2024010550418,2024,010550418,2,1,0,3,3,8,4,0,0,8,0,0,0,0,1,1,1,1,1,24,5,-1,-1,-1,-1,3,E01002085,0,1
2024531453204,2024,531453204,2,9,0,-1,19,1,5,-1,0,8,0,0,0,0,1,1,-1,7,2,46,8,-1,-1,-1,-1,10,E01022208,0,3
2024010520105,2024,010520105,1,9,0,99,99,9,9,99,99,9,9,99,9,99,2,9,6,6,2,48,8,-1,-1,-1,-1,6,E01000302,0,1
2024340NN0062,2024,340NN0062,1,-1,0,-1,19,2,5,-1,0,1,0,0,0,0,1,1,-1,2,2,26,6,-1,-1,-1,-1,3,E01027065,0,1
2024010501356,2024,010501356,2,19,0,99,99,9,9,99,99,9,9,99,9,99,9,9,6,6,3,-1,-1,-1,-1,-1,-1,-1,-1,0,-1
2024141515603,2024,141515603,1,98,0,-1,14,1,5,-1,0,0,0,0,0,0,1,1,-1,2,1,52,8,-1,-1,-1,-1,4,E01007797,0,1
2024161411782,2024,161411782,2,1,0,-1,19,8,4,-1,0,8,0,0,0,0,1,1,-1,9,1,16,4,-1,-1,-1,-1,1,E01012840,0,1
2024141523965,2024,141523965,1,9,0,-1,19,1,5,-1,0,1,0,0,0,0,1,9,-1,6,3,-1,-1,-1,-1,-1,-1,-1,-1,0,-1
2024401404359,2024,401404359,1,8,-1,-1,19,-1,-1,-1,0,0,0,0,0,0,4,9,-1,1,1,-1,-1,-1,-1,-1,-1,-1,-1,0,-1
2024451410344,2024,451410344,1,9,0,-1,19,4,4,-1,0,8,0,0,0,0,1,9,-1,6,1,62,9,-1,-1,-1,-1,-1,-1,0,-1
2024161460663,2024,161460663,2,9,0,-1,7,5,7,-1,0,4,0,0,0,0,0,1,-1,6,3,-1,-1,-1,-1,-1,-1,-1,-1,0,-1
2024520402031,2024,520402031,1,19,0,18,19,8,4,0,0,0,0,0,0,0,4,1,6,6,3,-1,-1,-1,-1,-1,-1,-1,-1,0,-1
2024430017541,2024,430017541,1,9,0,18,19,5,1,0,0,0,0,0,0,0,4,1,1,1,1,46,8,-1,-1,-1,-1,6,E01003100,0,4
2024010537322,2024,010537322,2,9,0,18,19,5,1,0,0,0,0,0,0,0,4,1,6,6,3,-1,-1,-1,-1,-1,-1,-1,-1,0,-1
2024361527123,2024,361527123,2,1,0,-1,19,1,2,-1,0,0,0,0,0,0,2,1,-1,6,1,-1,-1,-1,-1,-1,-1,-1,-1,0,-1
2024544765124,2024,544765124,2,1,0,18,19,3,7,0,0,8,0,0,0,0,1,1,6,6,1,37,7,-1,-1,-1,-1,9,E01032706,0,1
2024471440503,2024,471440503,1,1,0,-1,19,8,4,-1,0,0,5,0,0,0,3,1,-1,6,1,30,6,-1,-1,-1,-1,2,E01031451,0,2
2024440466982,2024,440466982,1,9,0,18,19,4,8,0,0,1,0,0,0,0,1,1,6,6,2,23,5,-1,-1,-1,-1,10,E01022897,0,1
2024161455314,2024,161455314,2,1,0,-1,19,5,1,-1,0,0,0,0,0,0,2,1,-1,7,1,12,3,-1,-1,-1,-1,1,E01012761,0,1
2024371478655,2024,371478655,2,9,0,-1,2,0,0,-1,0,0,0,0,0,0,1,1,-1,9,1,79,11,-1,-1,-1,-1,3,E01029914,0,1
2024501413265,2024,501413265,2,1,0,-1,19,3,7,-1,0,3,0,7,7,10,1,1,-1,9,1,64,9,-1,-1,-1,-1,5,E01020040,0,1
2024401506485,2024,401506485,2,19,1,-1,5,3,7,-1,0,3,0,0,0,0,1,1,-1,1,1,40,7,-1,-1,-1,-1,7,E01010590,0,5