collision_index,collision_year,collision_ref_no,vehicle_reference,vehicle_type,towing_and_articulation,vehicle_manoeuvre_historic,vehicle_manoeuvre,vehicle_direction_from,vehicle_direction_to,vehicle_location_restricted_lane_historic,vehicle_location_restricted_lane,junction_location,skidding_and_overturning,hit_object_in_carriageway,vehicle_leaving_carriageway,hit_object_off_carriageway,first_point_of_impact,vehicle_left_hand_drive,journey_purpose_of_driver_historic,journey_purpose_of_driver,sex_of_driver,age_of_driver,age_band_of_driver,engine_capacity_cc,propulsion_code,age_of_vehicle,generic_make_model,driver_imd_decile,lsoa_of_driver,escooter_flag,driver_distance_banding
2024131474852,2024,131474852,1,-1,0,-1,19,1,1,-1,0,0,0,0,0,0,1,1,-1,6,1,21,5,-1,-1,-1,-1,1,E01010802,1,1
2024201410509,2024,201410509,2,1,0,-1,5,7,3,-1,0,8,0,0,0,0,2,1,-1,2,1,23,5,-1,-1,-1,-1,2,E01009747,0,2
2024311433262,2024,311433262,2,1,0,-1,19,-1,-1,-1,0,1,0,0,0,0,1,1,-1,6,1,18,4,-1,-1,-1,-1,-1,-1,0,-1
2024010492277,2024,010492277,2,3,0,4,4,3,7,0,0,1,0,0,0,0,1,1,6,6,2,29,6,-1,-1,-1,-1,4,E01003734,0,1
2024101516449,2024,101516449,1,9,0,-1,9,5,3,-1,0,5,1,0,0,0,4,1,-1,9,1,54,8,-1,-1,-1,-1,-1,-1,0,-1
2024540156624,2024,540156624,2,1,0,18,19,5,1,0,0,8,0,0,0,0,4,1,6,6,2,42,7,-1,-1,-1,-1,7,E01015497,0,1
2024302400932,2024,302400932,2,1,0,16,19,6,8,0,0,0,1,0,0,0,1,1,6,6,1,21,5,-1,-1,-1,-1,1,E01006019,0,2
2024161467713,2024,161467713,1,9,0,-1,19,7,3,-1,0,0,9,99,0,0,9,1,-1,6,3,-1,-1,-1,-1,-1,-1,-1,-1,0,-1
2024451454199,2024,451454199,2,9,0,-1,19,2,1,-1,0,0,0,0,0,0,4,1,-1,6,1,40,7,-1,-1,-1,-1,-1,-1,0,-1
2024501498561,2024,501498561,1,9,0,-1,4,7,3,-1,0,0,0,0,0,0,2,9,-1,6,3,-1,-1,-1,-1,-1,-1,-1,-1,0,-1
2024010530082,2024,010530082,1,1,9,99,99,9,9,99,99,9,9,99,9,99,9,1,6,6,1,26,6,-1,-1,-1,-1,3,E01003094,0,1
2024010494830,2024,010494830,1,11,0,17,19,1,5,0,0,1,0,0,0,0,0,1,1,1,1,65,9,-1,-1,-1,-1,6,E01003705,0,3
2024010495885,2024,010495885,2,98,9,99,99,9,9,99,99,0,9,99,9,99,9,1,6,6,3,-1,-1,-1,-1,-1,-1,-1,-1,0,-1
2024471400069,2024,471400069,1,98,0,-1,19,-1,-1,-1,0,0,0,0,0,0,4,9,-1,6,3,-1,-1,-1,-1,-1,-1,-1,-1,0,-1
2024991522368,2024,991522368,2,1,0,-1,19,2,5,-1,0,1,2,4,0,0,1,1,-1,6,1,37,7,-1,-1,-1,-1,3,-1,0,1
2024131522907,2024,131522907,2,1,0,-1,19,5,1,-1,4,1,0,0,0,0,0,1,-1,1,1,36,7,-1,-1,-1,-1,1,E01011433,0,1
2024041465051,2024,041465051,1,1,0,-1,19,1,5,-1,9,1,0,0,0,0,1,1,-1,9,1,57,9,-1,-1,-1,-1,10,E01024968,0,1
2024010547795,2024,010547795,2,1,0,18,19,1,5,0,0,1,0,0,0,0,4,1,6,6,1,19,4,-1,-1,-1,-1,3,E01033594,0,1
2024531476548,2024,531476548,1,9,0,-1,19,2,6,-1,0,0,0,0,0,0,1,2,-1,9,1,37,7,-1,-1,-1,-1,8,W01001565,0,4
2024991464570,2024,991464570,1,9,0,-1,19,6,2,-1,0,0,0,0,0,0,1,1,-1,9,2,18,4,-1,-1,-1,-1,6,-1,0,3
2024122401128,2024,122401128,1,3,0,18,19,7,3,0,0,0,0,0,0,0,1,1,6,6,1,25,5,-1,-1,-1,-1,8,E01034966,0,4
2024430194130,2024,430194130,2,16,0,4,4,3,7,0,0,0,1,0,0,0,4,1,6,6,2,17,4,-1,-1,-1,-1,8,E01028737,0,1
2024440211003,2024,440211003,2,1,0,18,19,3,7,0,0,1,0,0,0,0,1,1,2,2,2,46,8,-1,-1,-1,-1,7,E01017223,0,1
2024552400042,2024,552400042,2,1,0,18,19,1,5,0,0,8,0,0,0,0,3,1,6,6,1,41,7,-1,-1,-1,-1,5,E01015331,0,1
2024131434876,2024,131434876,2,1,0,-1,19,6,2,-1,0,1,0,0,0,0,0,1,-1,9,1,52,8,-1,-1,-1,-1,10,E01032504,0,3
2024010516713,2024,010516713,1,9,0,9,9,5,2,0,0,8,0,0,7,0,4,2,6,6,3,-1,-1,-1,-1,-1,-1,-1,-1,0,-1
2024161482925,2024,161482925,2,1,0,-1,19,5,7,-1,0,0,0,0,0,0,1,1,-1,6,1,-1,-1,-1,-1,-1,-1,-1,-1,0,-1
2024421525691,2024,421525691,2,1,0,-1,5,4,8,-1,0,8,9,0,0,0,1,1,-1,7,1,12,3,-1,-1,-1,-1,4,E01021839,0,1
2024052402507,2024,052402507,1,9,0,18,19,1,4,0,0,1,0,0,0,0,1,1,6,6,3,-1,-1,-1,-1,-1,-1,-1,-1,0,-1
2024430558508,2024,430558508,2,19,0,12,12,7,3,0,0,0,0,0,0,0,1,1,6,6,1,-1,-1,-1,-1,-1,-1,-1,-1,0,-1
2024201421612,2024,201421612,1,9,0,-1,19,8,4,-1,0,4,0,0,0,0,4,1,-1,6,1,58,9,-1,-1,-1,-1,9,E01009826,0,1
2024440380419,2024,440380419,1,9,0,18,19,7,3,0,0,3,0,11,0,0,1,1,6,6,1,34,6,-1,-1,-1,-1,9,E01022971,0,1
2024041449616,2024,041449616,1,9,0,-1,19,7,3,-1,0,0,0,0,0,0,3,9,-1,6,3,-1,-1,-1,-1,-1,-1,-1,-1,0,-1
2024501505837,2024,501505837,1,97,0,-1,19,1,4,-1,2,1,0,0,0,0,0,1,-1,6,3,-1,-1,-1,-1,-1,-1,-1,-1,0,-1
2024991402143,2024,991402143,2,1,0,-1,5,1,5,-1,4,1,0,0,3,0,2,1,-1,7,1,27,6,-1,-1,-1,-1,1,-1,0,1
2024430280477,2024,430280477,2,19,0,13,13,6,2,0,0,0,0,0,0,0,4,1,6,6,3,-1,-1,-1,-1,-1,-1,-1,-1,0,-1
2024010490727,2024,010490727,1,9,0,5,5,8,4,0,0,1,1,0,0,0,2,1,6,6,1,56,9,-1,-1,-1,-1,7,E01031541,0,4
2024131465601,2024,131465601,2,1,0,-1,19,1,1,-1,0,1,0,0,0,0,1,1,-1,6,1,31,6,-1,-1,-1,-1,2,E01033003,0,1
2024010516532,2024,010516532,1,-1,0,18,19,1,5,0,0,2,0,0,0,0,1,1,6,6,1,58,9,-1,-1,-1,-1,2,E01001820,1,2
2024531522659,2024,531522659,2,9,0,-1,19,2,6,-1,0,8,0,0,0,0,4,1,-1,6,1,52,8,-1,-1,-1,-1,5,E01022383,0,4
2024440517926,2024,440517926,1,9,0,18,19,6,2,0,0,0,0,0,0,0,1,1,6,6,1,-1,-1,-1,-1,-1,-1,-1,-1,0,-1
2024501415372,2024,501415372,2,1,0,-1,19,7,3,-1,0,8,2,0,0,0,1,1,-1,9,1,54,8,-1,-1,-1,-1,1,E01015256,0,1
2024122400475,2024,122400475,2,1,0,18,19,5,1,0,0,8,0,0,0,0,3,1,6,6,1,25,5,-1,-1,-1,-1,7,E01013412,0,1
2024141482579,2024,141482579,2,9,0,-1,19,7,3,-1,0,1,0,0,0,0,1,1,-1,6,3,-1,-1,-1,-1,-1,-1,-1,-1,0,-1
2024211462271,2024,211462271,1,9,0,-1,5,3,7,-1,0,2,0,0,0,0,1,1,-1,2,2,62,9,-1,-1,-1,-1,2,E01029356,0,1
2024401540800,2024,401540800,1,9,0,-1,4,1,5,-1,0,0,0,0,0,0,1,1,-1,6,1,39,7,-1,-1,-1,-1,10,E01016630,0,4
2024122400881,2024,122400881,2,1,0,18,19,3,7,0,0,8,0,0,0,0,1,1,6,6,1,34,6,-1,-1,-1,-1,7,E01013336,0,1
2024161510102,2024,161510102,2,1,0,-1,19,2,6,-1,0,0,0,0,0,0,1,1,-1,6,1,23,5,-1,-1,-1,-1,3,E01013233,0,1
2024041415220,2024,041415220,1,9,0,-1,19,5,1,-1,0,1,0,0,0,0,1,1,-1,1,2,22,5,-1,-1,-1,-1,9,E01007021,0,4
2024531396113,2024,531396113,2,1,0,-1,19,5,1,-1,0,8,0,0,0,0,1,1,-1,9,1,53,8,-1,-1,-1,-1,2,E01022292,0,1
2024430326987,2024,430326987,1,9,0,18,19,6,2,0,0,0,0,0,0,0,1,1,6,6,1,59,9,-1,-1,-1,-1,6,E01028795,0,3
2024522401910,2024,522401910,1,9,0,18,19,2,6,0,0,0,0,0,0,0,1,1,6,6,3,-1,-1,-1,-1,-1,-1,-1,-1,0,-1
2024531416958,2024,531416958,2,1,0,-1,7,5,1,-1,0,0,0,0,0,0,1,1,-1,6,1,60,9,-1,-1,-1,-1,7,E01034789,0,2
2024440250298,2024,440250298,2,-1,0,18,19,7,3,0,0,4,0,0,0,0,1,1,6,6,1,36,7,-1,-1,-1,-1,3,E01017189,1,1
202460Q149039,2024,60Q149039,2,9,0,9,9,7,3,0,0,1,0,0,0,0,1,1,1,1,1,52,8,-1,-1,-1,-1,-1,-1,0,-1
2024311501750,2024,311501750,2,3,0,-1,19,1,1,-1,0,0,0,4,0,0,1,1,-1,6,1,19,4,-1,-1,-1,-1,-1,-1,0,-1
2024440097126,2024,440097126,2,1,0,18,19,5,1,0,0,1,0,0,0,0,4,1,6,6,1,48,8,-1,-1,-1,-1,1,E01017039,0,2
2024320494185,2024,320494185,1,9,0,-1,-1,2,6,0,0,0,0,0,0,0,1,1,6,6,2,60,9,-1,-1,-1,-1,9,E01026292,0,1
2024221417560,2024,221417560,1,9,0,-1,13,2,6,-1,0,8,0,0,0,0,1,9,-1,6,1,45,7,-1,-1,-1,-1,-1,-1,0,-1
2024531430570,2024,531430570,2,1,0,-1,19,3,7,-1,0,0,0,0,0,0,3,1,-1,6,1,61,9,-1,-1,-1,-1,7,E01022409,0,1
2024141422879,2024,141422879,2,1,0,-1,9,5,2,-1,0,1,5,0,1,0,4,1,-1,6,1,30,6,-1,-1,-1,-1,-1,-1,0,-1
2024430624143,2024,430624143,2,9,0,12,12,2,6,0,0,0,0,0,0,0,3,1,6,6,3,-1,-1,-1,-1,-1,-1,-1,-1,0,-1
2024061535080,2024,061535080,1,11,-1,-1,-1,-1,-1,-1,-1,-1,-1,-1,-1,0,-1,9,-1,1,3,-1,-1,-1,-1,-1,-1,-1,-1,0,-1
2024010527564,2024,010527564,1,1,9,99,99,9,9,99,99,9,9,99,9,99,9,1,6,6,2,30,6,-1,-1,-1,-1,3,E01001742,0,1
2024010548618,2024,010548618,1,1,9,99,99,9,9,99,99,9,9,99,9,99,9,1,1,1,2,38,7,-1,-1,-1,-1,4,E01004028,0,1
2024010506262,2024,010506262,1,1,0,14,14,1,5,0,0,0,0,0,0,0,1,1,1,1,1,49,8,-1,-1,-1,-1,3,E01035668,0,1
2024440336581,2024,440336581,2,9,0,18,19,9,9,0,0,4,0,0,0,0,9,1,6,6,3,-1,-1,-1,-1,-1,-1,-1,-1,0,-1
2024131493995,2024,131493995,1,9,0,-1,19,3,7,-1,0,0,0,0,0,0,2,1,-1,6,1,56,9,-1,-1,-1,-1,8,E01012065,0,5
2024061401811,2024,061401811,2,1,0,-1,19,5,1,-1,0,8,0,0,0,0,1,1,-1,6,1,35,6,-1,-1,-1,-1,4,E01005346,0,2
2024401530654,2024,401530654,2,1,0,-1,19,7,3,-1,0,1,0,0,0,0,1,1,-1,2,2,36,7,-1,-1,-1,-1,9,E01017603,0,1
2024991436055,2024,991436055,2,1,0,-1,19,8,4,-1,0,1,0,0,0,0,1,1,-1,6,1,21,5,-1,-1,-1,-1,7,-1,0,1
2024351527750,2024,351527750,1,19,0,-1,19,-1,-1,-1,0,0,-1,-1,-1,0,1,9,-1,6,1,-1,-1,-1,-1,-1,-1,-1,-1,0,-1
2024622400471,2024,622400471,2,1,0,18,19,5,1,0,0,1,0,0,0,0,3,1,6,6,1,11,3,-1,-1,-1,-1,3,W01000739,0,1
2024361510974,2024,361510974,1,9,0,-1,9,1,1,-1,0,0,0,0,0,0,4,1,-1,1,1,58,9,-1,-1,-1,-1,6,E01026555,0,1
2024061515678,2024,061515678,1,9,0,-1,19,1,2,-1,0,1,0,0,0,0,1,2,-1,6,1,-1,-1,-1,-1,-1,-1,-1,-1,0,-1
2024010494373,2024,010494373,1,9,0,99,99,9,9,0,0,1,0,0,0,0,1,1,6,6,1,-1,-1,-1,-1,-1,-1,-1,-1,0,-1
2024311494831,2024,311494831,1,99,0,-1,9,5,1,-1,0,8,0,0,0,0,3,1,-1,6,2,42,7,-1,-1,-1,-1,-1,-1,0,-1
2024320471263,2024,320471263,1,9,0,-1,-1,7,3,0,0,0,0,0,0,0,1,1,6,6,3,-1,-1,-1,-1,-1,-1,-1,-1,0,-1
2024010540895,2024,010540895,1,9,9,99,99,9,9,99,99,9,9,99,9,99,9,9,6,6,3,49,8,-1,-1,-1,-1,9,E01002952,0,1
2024461401096,2024,461401096,11,9,0,-1,19,5,1,-1,0,0,1,0,0,0,1,9,-1,9,2,55,8,-1,-1,-1,-1,9,E01016052,0,2
2024471505220,2024,471505220,2,9,-1,-1,19,-1,-1,-1,0,0,0,0,0,0,1,9,-1,6,3,-1,-1,-1,-1,-1,-1,-1,-1,0,-1
2024451440165,2024,451440165,1,1,0,-1,19,1,1,-1,9,0,0,0,0,0,2,1,-1,6,1,14,3,-1,-1,-1,-1,-1,-1,0,-1
2024010548650,2024,010548650,1,1,9,99,99,9,9,99,99,9,9,99,9,99,1,1,2,2,1,47,8,-1,-1,-1,-1,8,E01004500,0,1
2024430175028,2024,430175028,1,9,0,9,9,8,5,0,0,6,0,0,0,0,3,1,6,6,1,47,8,-1,-1,-1,-1,10,E01030910,0,4
2024471442654,2024,471442654,2,9,0,-1,19,5,1,-1,0,0,0,0,0,0,1,1,-1,6,1,60,9,-1,-1,-1,-1,4,E01021004,0,3
2024010491299,2024,010491299,2,9,0,7,7,3,6,0,0,6,0,0,0,0,4,1,6,6,2,26,6,-1,-1,-1,-1,3,E01001205,0,1
2024201456393,2024,201456393,2,9,0,-1,3,1,4,-1,0,2,0,0,0,0,2,1,-1,9,1,30,6,-1,-1,-1,-1,5,E01009895,0,1
2024610017324,2024,610017324,1,9,0,3,3,2,6,0,0,1,0,0,0,0,0,1,6,6,1,17,4,-1,-1,-1,-1,7,E01022248,0,2
2024010537377,2024,010537377,1,1,0,18,19,5,1,0,0,1,0,0,0,0,1,1,6,6,1,27,6,-1,-1,-1,-1,-1,-1,0,-1
2024010532382,2024,010532382,1,9,0,99,99,9,9,99,99,9,9,99,9,99,2,9,6,6,3,-1,-1,-1,-1,-1,-1,-1,-1,0,-1
2024010545839,2024,010545839,1,9,0,18,19,3,7,0,0,3,0,0,1,0,2,1,6,6,1,55,8,-1,-1,-1,-1,3,E01000057,0,1
2024411541164,2024,411541164,2,9,0,-1,2,0,0,-1,0,0,0,0,0,0,3,1,-1,6,-1,-1,-1,-1,-1,-1,-1,-1,-1,0,-1
2024010488199,2024,010488199,1,9,0,18,19,3,7,0,0,0,0,0,0,0,1,1,6,6,2,47,8,-1,-1,-1,-1,6,E01001271,0,1
2024201494235,2024,201494235,1,9,0,-1,5,2,6,-1,0,1,0,0,0,0,1,9,-1,6,1,-1,-1,-1,-1,-1,-1,-1,-1,0,-1
2024010517636,2024,010517636,1,8,9,2,2,0,0,0,0,9,0,0,0,0,2,9,6,6,3,-1,-1,-1,-1,-1,-1,-1,-1,0,-1
2024461485245,2024,461485245,1,9,0,-1,5,6,6,-1,0,6,0,0,7,0,1,1,-1,9,2,28,6,-1,-1,-1,-1,9,E01023995,0,1
2024131554722,2024,131554722,2,1,0,-1,19,5,1,-1,0,2,0,0,0,0,2,1,-1,2,1,55,8,-1,-1,-1,-1,1,E01011695,0,1
2024471488474,2024,471488474,1,1,0,-1,19,3,7,-1,9,0,5,0,1,0,0,1,-1,9,1,51,8,-1,-1,-1,-1,7,E01031539,0,1
2024010491618,2024,010491618,1,3,0,18,19,8,4,0,0,0,2,4,0,0,1,1,2,2,1,21,5,-1,-1,-1,-1,3,E01003331,0,1
2024320041482,2024,320041482,2,90,0,-1,-1,7,3,0,0,0,5,0,0,0,3,1,6,6,2,16,4,-1,-1,-1,-1,7,E01026153,0,1
2024131431878,2024,131431878,2,1,0,-1,15,7,3,-1,0,8,0,0,0,0,1,1,-1,6,1,74,10,-1,-1,-1,-1,5,E01010990,0,3
2024430407415,2024,430407415,2,21,0,18,19,8,4,0,0,8,1,0,0,0,4,1,1,1,1,-1,-1,-1,-1,-1,-1,-1,-1,0,-1
2024522500289,2024,522500289,1,1,0,18,19,4,8,0,0,0,0,8,0,0,4,1,6,6,2,34,6,-1,-1,-1,-1,6,E01014733,0,1
2024501519477,2024,501519477,1,1,0,-1,14,7,3,-1,0,8,5,0,0,0,1,1,-1,2,1,25,5,-1,-1,-1,-1,7,E01019045,0,1
2024010526632,2024,010526632,2,9,9,99,99,9,9,99,99,9,9,99,9,99,9,9,6,6,3,-1,-1,-1,-1,-1,-1,-1,-1,0,-1
2024501407383,2024,501407383,2,9,0,-1,7,3,5,-1,0,0,1,10,1,0,3,1,-1,6,1,30,6,-1,-1,-1,-1,4,E01020087,0,1
2024052400799,2024,052400799,1,8,0,1,1,3,7,0,0,0,0,0,0,0,2,1,6,6,3,-1,-1,-1,-1,-1,-1,-1,-1,0,-1
2024010496335,2024,010496335,2,19,0,18,19,1,5,0,0,2,0,0,0,0,1,1,6,6,1,31,6,-1,-1,-1,-1,2,E01001257,0,4
2024122400747,2024,122400747,1,9,0,5,5,1,7,0,0,2,0,0,0,0,1,1,6,6,2,64,9,-1,-1,-1,-1,8,E01010574,0,4
2024141554206,2024,141554206,2,1,0,-1,4,7,3,-1,0,0,2,0,0,0,1,1,-1,6,2,51,8,-1,-1,-1,-1,8,E01034242,0,1
2024311495703,2024,311495703,2,1,0,-1,5,3,7,-1,0,0,0,0,1,0,2,1,-1,6,1,12,3,-1,-1,-1,-1,-1,-1,0,-1
2024141434818,2024,141434818,1,9,0,-1,14,1,5,-1,0,0,0,0,0,0,1,1,-1,9,1,76,11,-1,-1,-1,-1,1,E01007563,0,2
2024302400546,2024,302400546,2,1,0,18,19,6,3,0,0,8,1,0,0,0,1,1,6,6,1,52,8,-1,-1,-1,-1,9,E01019659,0,2
2024010508255,2024,010508255,1,9,0,99,99,9,9,0,0,0,0,0,0,0,2,1,6,6,3,-1,-1,-1,-1,-1,-1,3,E01033744,0,2
2024101500098,2024,101500098,1,8,-1,-1,14,2,7,-1,0,2,0,0,0,0,4,9,-1,6,1,55,8,-1,-1,-1,-1,-1,-1,0,-1
2024070542584,2024,070542584,2,1,0,9,9,7,2,0,0,1,2,0,0,0,3,1,6,6,1,58,9,-1,-1,-1,-1,3,E01035374,0,2
2024440389781,2024,440389781,2,9,0,18,19,8,4,0,0,0,0,0,0,0,1,1,6,6,3,-1,-1,-1,-1,-1,-1,-1,-1,0,-1
2024401510822,2024,401510822,3,9,0,-1,3,1,5,-1,0,0,0,0,0,0,3,1,-1,6,-1,65,9,-1,-1,-1,-1,7,E01015803,0,1
2024302400481,2024,302400481,2,9,0,7,7,2,4,0,0,8,0,0,0,0,4,1,6,6,3,-1,-1,-1,-1,-1,-1,5,E01019456,0,3
2024531407243,2024,531407243,1,9,0,-1,19,7,3,-1,0,0,1,0,7,9,3,1,-1,1,1,37,7,-1,-1,-1,-1,5,E01022250,0,1
2024010535176,2024,010535176,2,9,0,9,9,2,7,0,0,1,0,0,0,0,4,1,6,6,3,-1,-1,-1,-1,-1,-1,-1,-1,0,-1
2024010510627,2024,010510627,2,9,0,99,99,9,9,99,99,9,9,99,9,99,9,9,6,6,1,40,7,-1,-1,-1,-1,3,E01004257,0,1
2024302401503,2024,302401503,1,9,0,9,9,4,2,0,0,8,0,0,0,0,4,1,6,6,3,-1,-1,-1,-1,-1,-1,5,E01019456,0,4
2024471426606,2024,471426606,2,1,0,-1,19,6,2,-1,0,1,5,0,0,0,1,1,-1,6,1,18,4,-1,-1,-1,-1,4,E01031610,0,1
2024991433870,2024,991433870,1,9,0,-1,13,4,8,-1,0,1,0,0,0,0,4,1,-1,6,3,-1,-1,-1,-1,-1,-1,-1,-1,0,-1
2024010493702,2024,010493702,2,9,0,7,7,5,8,0,0,2,0,0,0,0,1,2,6,6,2,48,8,-1,-1,-1,-1,3,E01002493,0,1
2024991398588,2024,991398588,1,9,0,-1,19,6,1,-1,0,0,1,0,0,0,1,1,-1,1,1,39,7,-1,-1,-1,-1,3,-1,0,5
2024010540284,2024,010540284,1,1,0,18,19,1,5,0,0,8,0,0,0,0,0,1,6,6,1,57,9,-1,-1,-1,-1,4,E01021817,0,1
2024201476442,2024,201476442,2,1,0,-1,19,1,5,-1,0,0,0,0,0,0,1,1,-1,6,1,43,7,-1,-1,-1,-1,2,E01009487,0,3
2024501481053,2024,501481053,2,1,0,-1,19,3,7,-1,0,1,0,0,0,0,4,1,-1,9,1,54,8,-1,-1,-1,-1,3,E01020037,0,3
2024991518178,2024,991518178,4,9,0,-1,19,4,8,-1,0,8,5,0,1,0,1,1,-1,1,1,49,8,-1,-1,-1,-1,2,-1,0,5
2024131514454,2024,131514454,2,1,0,-1,19,2,6,-1,0,1,0,0,0,0,4,1,-1,9,1,14,3,-1,-1,-1,-1,6,E01011651,0,1
2024041441922,2024,041441922,1,9,0,-1,19,3,7,-1,0,8,0,0,0,0,-1,9,-1,6,3,-1,-1,-1,-1,-1,-1,-1,-1,0,-1
2024061455565,2024,061455565,1,9,0,-1,15,4,8,-1,0,1,0,0,0,0,3,1,-1,6,1,24,5,-1,-1,-1,-1,2,E01004865,0,1
2024610056824,2024,610056824,1,98,1,18,19,4,8,0,0,0,3,0,0,0,3,2,1,1,1,51,8,-1,-1,-1,-1,-1,-1,0,-1
2024631449742,2024,631449742,3,1,0,-1,19,5,1,-1,0,2,0,0,1,10,3,1,-1,9,1,15,3,-1,-1,-1,-1,8,W01000649,0,1
2024031486975,2024,031486975,1,9,0,-1,5,8,5,-1,0,6,0,0,0,0,4,1,-1,9,1,25,5,-1,-1,-1,-1,8,E01019378,0,1
2024061417040,2024,061417040,1,1,0,-1,19,7,3,-1,4,8,0,0,0,0,4,1,-1,9,2,34,6,-1,-1,-1,-1,1,E01005130,0,1
2024010517585,2024,010517585,1,3,0,8,8,7,1,0,0,1,0,0,0,0,2,1,1,1,1,21,5,-1,-1,-1,-1,1,E01002093,0,1
2024471534447,2024,471534447,2,19,0,-1,2,0,0,-1,0,0,0,0,0,0,0,9,-1,6,3,-1,-1,-1,-1,-1,-1,-1,-1,0,-1
2024320417241,2024,320417241,1,1,0,9,9,6,4,0,0,5,0,0,0,0,1,1,6,6,1,18,4,-1,-1,-1,-1,7,E01026130,0,1
2024010489296,2024,010489296,1,11,0,4,4,5,1,2,2,0,0,0,0,0,0,1,1,1,1,42,7,-1,-1,-1,-1,6,E01003359,0,3
2024010488450,2024,010488450,1,9,0,5,5,8,4,0,0,0,0,0,0,0,3,1,6,6,3,-1,-1,-1,-1,-1,-1,-1,-1,0,-1
2024010495608,2024,010495608,2,9,0,9,9,1,6,0,0,2,0,0,0,0,1,1,2,2,1,31,6,-1,-1,-1,-1,8,E01003420,0,1
2024302400292,2024,302400292,3,98,0,7,7,3,7,0,0,5,0,0,0,0,0,1,1,1,3,-1,-1,-1,-1,-1,-1,5,E01019456,0,4
2024010491205,2024,010491205,2,19,9,99,99,9,9,99,99,9,9,99,9,99,9,9,6,6,3,-1,-1,-1,-1,-1,-1,-1,-1,0,-1
2024101427374,2024,101427374,2,9,0,-1,1,7,2,-1,0,0,0,0,0,0,2,1,-1,6,3,-1,-1,-1,-1,-1,-1,-1,-1,0,-1
2024061428714,2024,061428714,2,9,0,-1,19,-1,-1,-1,0,0,0,99,0,0,1,1,-1,6,1,-1,-1,-1,-1,-1,-1,-1,-1,0,-1
2024991432832,2024,991432832,1,97,0,-1,7,3,6,-1,0,0,0,4,1,0,1,1,-1,6,1,20,4,-1,-1,-1,-1,1,-1,0,1
2024010539435,2024,010539435,2,1,9,99,99,9,9,99,99,9,9,99,9,99,9,1,6,6,1,57,9,-1,-1,-1,-1,2,E01003984,0,1
2024991534459,2024,991534459,2,1,0,-1,9,3,1,-1,0,1,0,0,0,0,2,1,-1,2,1,33,6,-1,-1,-1,-1,5,-1,0,1
2024010523776,2024,010523776,2,1,0,18,19,3,7,0,0,2,0,0,0,0,2,1,2,2,1,22,5,-1,-1,-1,-1,3,E01004319,0,1
2024070760786,2024,070760786,2,16,0,-1,19,2,4,-1,0,1,0,0,0,0,0,1,-1,9,2,20,4,-1,-1,-1,-1,7,E01018372,0,1
2024031475010,2024,031475010,2,1,-1,-1,-1,-1,-1,-1,-1,-1,-1,-1,-1,0,-1,1,-1,6,1,11,3,-1,-1,-1,-1,-1,-1,0,-1
2024101501613,2024,101501613,2,1,0,-1,19,1,5,-1,9,0,5,0,0,0,1,1,-1,7,1,11,3,-1,-1,-1,-1,9,E01033717,0,1
2024421532527,2024,421532527,1,9,0,-1,9,-1,-1,-1,99,0,0,0,0,0,1,1,-1,6,3,-1,-1,-1,-1,-1,-1,-1,-1,0,-1
2024161521082,2024,161521082,1,1,0,-1,19,3,7,-1,0,2,0,0,0,0,3,1,-1,6,1,21,5,-1,-1,-1,-1,3,E01012866,0,1
2024451439384,2024,451439384,2,1,0,-1,19,3,7,-1,0,1,0,0,0,0,1,1,-1,9,1,15,3,-1,-1,-1,-1,4,E01030788,0,1
2024201527239,2024,201527239,1,9,0,-1,19,8,4,-1,0,0,0,0,0,0,1,9,-1,6,3,-1,-1,-1,-1,-1,-1,-1,-1,0,-1
2024010540116,2024,010540116,2,1,0,18,19,3,7,0,0,1,0,0,0,0,2,1,6,6,1,49,8,-1,-1,-1,-1,9,E01003006,0,1
2024201518044,2024,201518044,1,9,0,-1,9,3,8,-1,0,0,0,0,0,0,1,9,-1,6,2,-1,-1,-1,-1,-1,-1,-1,-1,0,-1
2024010544848,2024,010544848,2,9,0,99,99,9,9,99,99,9,9,99,9,99,1,9,6,6,3,-1,-1,-1,-1,-1,-1,-1,-1,0,-1
2024010501990,2024,010501990,2,3,3,18,19,3,7,0,0,1,1,0,0,0,4,1,6,6,1,18,4,-1,-1,-1,-1,5,E01000505,0,1
2024010504183,2024,010504183,2,1,9,18,19,1,5,99,99,9,9,12,9,99,1,1,6,6,1,17,4,-1,-1,-1,-1,3,E01001722,0,1
2024501522557,2024,501522557,1,9,0,-1,4,2,1,-1,0,8,0,0,0,0,2,1,-1,1,1,33,6,-1,-1,-1,-1,8,E01015114,0,3
2024010494212,2024,010494212,2,9,0,12,12,3,7,0,0,8,0,0,0,0,3,1,6,6,3,-1,-1,-1,-1,-1,-1,-1,-1,0,-1
2024141416908,2024,141416908,2,9,0,-1,19,3,7,-1,0,3,0,0,1,0,1,1,-1,1,1,46,8,-1,-1,-1,-1,2,E01008056,0,2
2024430262806,2024,430262806,2,9,0,11,11,2,6,0,0,8,0,0,0,0,4,1,6,6,3,-1,-1,-1,-1,-1,-1,-1,-1,0,-1
2024351415392,2024,351415392,2,9,0,-1,19,2,6,-1,0,0,0,0,0,0,1,1,-1,6,1,17,4,-1,-1,-1,-1,6,E01018051,0,4
2024010490325,2024,010490325,2,9,0,99,99,9,9,99,99,9,9,99,9,99,1,9,6,6,3,-1,-1,-1,-1,-1,-1,-1,-1,0,-1
2024010515830,2024,010515830,1,-1,0,18,19,5,1,5,5,2,5,0,9,0,9,1,6,6,3,-1,-1,-1,-1,-1,-1,-1,-1,1,-1
2024631485473,2024,631485473,2,9,0,-1,4,1,5,-1,0,1,0,0,0,0,3,1,-1,1,1,57,9,-1,-1,-1,-1,7,W01000579,0,2
2024451395289,2024,451395289,2,97,0,-1,19,1,4,-1,0,0,0,0,0,0,1,1,-1,6,3,-1,-1,-1,-1,-1,-1,-1,-1,0,-1
2024010491624,2024,010491624,2,9,0,18,19,1,5,0,0,0,0,0,0,0,1,1,6,6,1,24,5,-1,-1,-1,-1,-1,-1,0,-1
2024010518281,2024,010518281,2,1,0,18,19,3,7,0,0,8,0,0,0,0,4,1,6,6,1,21,5,-1,-1,-1,-1,2,E01033000,0,1