collision_index,collision_year,collision_ref_no,vehicle_reference,vehicle_type,towing_and_articulation,vehicle_manoeuvre_historic,vehicle_manoeuvre,vehicle_direction_from,vehicle_direction_to,vehicle_location_restricted_lane_historic,vehicle_location_restricted_lane,junction_location,skidding_and_overturning,hit_object_in_carriageway,vehicle_leaving_carriageway,hit_object_off_carriageway,first_point_of_impact,vehicle_left_hand_drive,journey_purpose_of_driver_historic,journey_purpose_of_driver,sex_of_driver,age_of_driver,age_band_of_driver,engine_capacity_cc,propulsion_code,age_of_vehicle,generic_make_model,driver_imd_decile,lsoa_of_driver,escooter_flag,driver_distance_banding
2024010510011,2024,010510011,2,9,0,99,99,9,9,99,99,9,9,99,9,99,1,9,6,6,3,-1,-1,-1,-1,-1,-1,9,E01000116,0,1
2024041470314,2024,041470314,1,9,0,-1,19,-1,-1,-1,0,0,0,0,0,0,1,9,-1,6,3,-1,-1,-1,-1,-1,-1,-1,-1,0,-1
2024010501288,2024,010501288,1,1,9,99,99,9,9,99,99,0,9,99,9,99,1,1,2,2,2,31,6,-1,-1,-1,-1,7,E01004164,0,1
2024522401121,2024,522401121,1,9,0,4,4,5,1,0,0,0,0,0,0,0,2,1,6,6,2,43,7,-1,-1,-1,-1,4,E01032633,0,2
2024010526741,2024,010526741,2,3,0,99,99,9,9,99,99,9,9,99,9,99,9,1,6,6,3,-1,-1,-1,-1,-1,-1,-1,-1,0,-1
2024010517475,2024,010517475,1,1,9,99,99,9,9,99,99,9,9,99,9,99,2,1,2,2,1,45,7,-1,-1,-1,-1,4,E01000561,0,1
2024010518864,2024,010518864,1,19,0,99,99,9,9,0,0,9,0,99,9,99,9,1,6,6,3,-1,-1,-1,-1,-1,-1,-1,-1,0,-1
2024010539397,2024,010539397,1,9,9,99,99,9,9,99,99,9,9,99,9,99,9,9,6,6,3,-1,-1,-1,-1,-1,-1,-1,-1,0,-1
2024041500320,2024,041500320,2,1,0,-1,19,1,5,-1,0,0,0,0,0,0,2,1,-1,9,2,52,8,-1,-1,-1,-1,8,E01025233,0,1
2024430174660,2024,430174660,2,19,0,18,19,4,8,0,0,0,0,0,0,0,0,1,6,6,3,-1,-1,-1,-1,-1,-1,-1,-1,0,-1
2024311472872,2024,311472872,1,18,-1,-1,19,5,5,-1,0,0,0,0,0,0,3,1,-1,1,1,64,9,-1,-1,-1,-1,-1,-1,0,-1
2024552401005,2024,552401005,2,1,0,18,19,5,1,0,0,0,0,0,0,0,2,1,6,6,1,37,7,-1,-1,-1,-1,-1,-1,0,-1
2024141408443,2024,141408443,2,1,0,-1,19,2,6,-1,0,1,0,0,0,0,1,1,-1,6,1,11,3,-1,-1,-1,-1,1,E01007453,0,1
2024311515883,2024,311515883,1,9,0,-1,19,5,1,-1,0,0,0,0,0,0,1,1,-1,6,1,44,7,-1,-1,-1,-1,2,E01027942,0,1
2024061515599,2024,061515599,1,9,-1,-1,19,-1,-1,-1,0,0,0,0,0,0,2,9,-1,6,3,-1,-1,-1,-1,-1,-1,-1,-1,0,-1
2024010512087,2024,010512087,1,9,0,5,5,5,1,0,0,4,0,0,0,0,1,1,4,7,2,33,6,-1,-1,-1,-1,3,E01002445,0,1
2024010516776,2024,010516776,2,9,9,99,99,9,9,99,99,9,9,99,9,99,9,9,6,6,2,-1,-1,-1,-1,-1,-1,3,E01035495,0,1
2024010513872,2024,010513872,1,9,0,99,99,9,9,99,99,9,9,99,9,99,9,9,6,6,1,38,7,-1,-1,-1,-1,9,E01001102,0,1
2024320762303,2024,320762303,1,9,0,9,9,2,6,0,0,5,0,0,0,0,1,1,6,6,1,33,6,-1,-1,-1,-1,4,E01026034,0,1
2024351433108,2024,351433108,1,99,0,-1,19,7,3,-1,0,1,0,0,0,0,1,9,-1,6,3,-1,-1,-1,-1,-1,-1,-1,-1,0,-1
2024010491826,2024,010491826,1,1,9,99,99,9,9,99,99,9,9,99,9,99,1,1,6,6,1,-1,-1,-1,-1,-1,-1,2,E01001850,0,2
2024991487630,2024,991487630,1,11,0,-1,19,2,6,-1,0,0,0,0,0,0,1,2,-1,1,2,56,9,-1,-1,-1,-1,-1,-1,0,-1
2024991531364,2024,991531364,3,9,0,-1,19,3,7,-1,0,0,0,0,0,0,1,1,-1,9,1,30,6,-1,-1,-1,-1,5,-1,0,1
2024010495922,2024,010495922,2,9,0,7,7,1,3,0,0,5,0,0,0,0,3,1,6,6,3,-1,-1,-1,-1,-1,-1,-1,-1,0,-1
2024010488628,2024,010488628,2,9,0,99,99,9,9,99,99,9,9,99,9,99,9,9,6,6,3,-1,-1,-1,-1,-1,-1,-1,-1,0,-1
2024201482805,2024,201482805,2,-1,0,-1,19,5,1,-1,1,8,0,0,0,0,4,1,-1,6,1,19,4,-1,-1,-1,-1,-1,-1,1,-1
2024052400601,2024,052400601,2,1,0,18,19,2,6,0,0,8,0,0,0,0,3,1,6,6,1,39,7,-1,-1,-1,-1,1,E01006663,0,2
2024440414509,2024,440414509,2,19,0,18,19,3,7,0,0,8,0,0,0,0,1,1,1,1,1,-1,-1,-1,-1,-1,-1,-1,-1,0,-1
2024361495605,2024,361495605,1,1,0,-1,19,1,5,-1,0,8,0,0,0,0,1,1,-1,2,1,19,4,-1,-1,-1,-1,1,E01033436,0,1
2024010548851,2024,010548851,1,1,0,18,19,3,7,5,5,1,0,0,0,0,1,1,2,2,1,43,7,-1,-1,-1,-1,3,E01003538,0,1
2024010501666,2024,010501666,2,1,0,18,19,1,5,0,0,2,0,0,0,0,3,1,2,2,1,43,7,-1,-1,-1,-1,2,E01001820,0,1
2024991520526,2024,991520526,3,9,0,-1,19,8,5,-1,0,0,0,0,0,0,2,1,-1,6,1,59,9,-1,-1,-1,-1,4,-1,0,3
2024351443627,2024,351443627,1,1,0,-1,5,-1,-1,-1,0,0,0,0,0,0,1,1,-1,6,1,24,5,-1,-1,-1,-1,9,E01035516,0,1
2024010511158,2024,010511158,2,9,0,99,99,9,9,99,99,9,9,99,9,99,1,9,6,6,1,-1,-1,-1,-1,-1,-1,-1,-1,0,-1
2024430419917,2024,430419917,1,1,0,18,19,1,5,0,0,0,0,0,0,0,0,1,6,6,2,50,8,-1,-1,-1,-1,8,E01028544,0,1
2024430051430,2024,430051430,1,9,0,16,19,3,6,0,0,0,1,0,7,9,1,1,2,2,1,29,6,-1,-1,-1,-1,9,E01017676,0,3
2024371529818,2024,371529818,2,1,0,-1,19,3,7,-1,0,8,1,0,0,0,1,1,-1,2,1,43,7,-1,-1,-1,-1,-1,-1,0,-1
2024010501535,2024,010501535,2,9,0,18,19,3,7,0,0,1,0,0,0,0,1,1,1,1,2,30,6,-1,-1,-1,-1,3,E01001215,0,1
2024461507746,2024,461507746,3,9,0,-1,19,3,7,-1,0,0,0,0,0,0,1,1,-1,2,1,63,9,-1,-1,-1,-1,3,E01024535,0,1
2024211494667,2024,211494667,2,1,0,-1,19,3,3,-1,0,0,0,0,0,0,1,1,-1,9,1,48,8,-1,-1,-1,-1,9,E01009433,0,1
2024010497073,2024,010497073,2,9,0,99,99,9,9,99,99,6,9,99,9,99,1,9,6,6,3,31,6,-1,-1,-1,-1,8,E01030706,0,3
2024302500044,2024,302500044,6,9,0,-1,19,8,4,-1,0,0,0,0,0,0,1,1,-1,6,1,20,4,-1,-1,-1,-1,2,E01013499,0,2
2024010530211,2024,010530211,2,9,0,99,99,9,9,99,99,9,9,99,9,99,1,9,6,6,3,-1,-1,-1,-1,-1,-1,-1,-1,0,-1
2024052400652,2024,052400652,2,9,0,18,19,4,1,0,0,0,0,0,0,0,1,1,6,6,2,-1,-1,-1,-1,-1,-1,-1,-1,0,-1
2024061491344,2024,061491344,2,1,0,-1,13,3,6,-1,4,2,1,0,0,0,1,1,-1,9,2,34,6,-1,-1,-1,-1,1,E01032912,0,1
2024010515913,2024,010515913,1,9,0,7,7,5,7,0,0,6,0,0,0,0,4,1,2,2,1,40,7,-1,-1,-1,-1,10,E01017626,0,4
2024010490399,2024,010490399,1,9,0,99,99,9,9,99,99,9,9,99,9,99,9,9,6,6,1,18,4,-1,-1,-1,-1,9,E01004135,0,1
2024141509207,2024,141509207,3,1,0,-1,19,6,2,-1,0,0,0,0,0,0,1,1,-1,6,-1,-1,-1,-1,-1,-1,-1,-1,-1,0,-1
2024320188142,2024,320188142,2,9,0,-1,-1,7,3,0,0,0,1,0,1,9,3,1,-1,-1,2,60,9,-1,-1,-1,-1,5,E01008034,0,4
2024010509633,2024,010509633,1,1,9,99,99,9,9,99,99,0,9,99,9,99,2,1,6,6,1,23,5,-1,-1,-1,-1,2,E01003633,0,1
2024361408065,2024,361408065,2,1,0,-1,19,-1,-1,-1,0,0,0,0,0,0,-1,1,-1,6,1,16,4,-1,-1,-1,-1,5,E01026491,0,1
2024461398780,2024,461398780,3,9,0,-1,19,3,7,-1,0,0,0,0,0,0,1,9,-1,6,1,31,6,-1,-1,-1,-1,4,E01003448,0,4
2024430188414,2024,430188414,2,9,0,2,2,0,0,0,0,0,0,0,0,0,2,1,6,6,3,-1,-1,-1,-1,-1,-1,-1,-1,0,-1
2024351407999,2024,351407999,2,1,0,-1,19,3,7,-1,4,0,0,0,0,0,4,1,-1,2,2,40,7,-1,-1,-1,-1,9,E01018162,0,1
2024010488801,2024,010488801,2,9,0,5,5,7,3,0,0,1,0,0,0,0,1,1,2,2,1,64,9,-1,-1,-1,-1,8,E01000341,0,1
2024201442195,2024,201442195,1,9,0,-1,5,2,6,-1,0,6,0,0,0,0,1,9,-1,6,1,20,4,-1,-1,-1,-1,-1,-1,0,-1
2024351537285,2024,351537285,2,1,-1,-1,-1,-1,-1,-1,-1,0,-1,-1,-1,0,-1,1,-1,6,1,17,4,-1,-1,-1,-1,5,E01018142,0,1
2024231404152,2024,231404152,1,9,0,-1,19,1,5,-1,0,0,0,0,0,0,1,9,-1,6,3,35,6,-1,-1,-1,-1,-1,-1,0,-1
2024010494174,2024,010494174,1,9,0,5,5,3,7,0,0,1,0,0,0,0,1,1,6,6,2,31,6,-1,-1,-1,-1,6,E01004151,0,1
2024631499148,2024,631499148,1,98,4,-1,19,5,1,-1,0,0,0,0,0,0,0,1,-1,1,1,32,6,-1,-1,-1,-1,7,W01000460,0,4
2024552400363,2024,552400363,1,9,0,9,9,7,5,0,0,6,0,0,0,0,4,1,6,6,3,-1,-1,-1,-1,-1,-1,-1,-1,0,-1
2024461506056,2024,461506056,2,8,0,-1,7,3,7,-1,0,0,0,0,0,0,1,1,-1,6,-1,-1,-1,-1,-1,-1,-1,-1,-1,0,-1
2024320772784,2024,320772784,1,9,0,-1,-1,4,8,0,0,0,0,0,0,0,3,1,6,6,1,63,9,-1,-1,-1,-1,4,E01026105,0,3
2024430034113,2024,430034113,2,9,0,4,4,8,4,0,0,0,0,0,0,0,2,1,3,7,2,32,6,-1,-1,-1,-1,8,E01028806,0,3
2024131520809,2024,131520809,1,9,0,-1,-1,-1,-1,-1,-1,-1,-1,-1,-1,-1,-1,1,-1,6,3,-1,-1,-1,-1,-1,-1,-1,-1,0,-1
2024991395307,2024,991395307,1,9,0,-1,19,8,4,-1,0,0,2,0,0,0,1,1,-1,9,1,19,4,-1,-1,-1,-1,1,-1,0,1
2024302400035,2024,302400035,2,4,0,18,19,6,2,0,0,8,1,0,0,0,1,1,1,1,1,40,7,-1,-1,-1,-1,6,E01019878,0,1
2024010544579,2024,010544579,2,1,9,99,99,9,9,99,99,9,9,99,9,99,9,1,1,1,2,39,7,-1,-1,-1,-1,4,E01002711,0,1
2024010493719,2024,010493719,1,9,0,9,9,3,1,0,0,2,0,0,0,0,1,1,6,6,1,33,6,-1,-1,-1,-1,3,E01003569,0,1
2024461527972,2024,461527972,3,1,0,-1,19,7,3,-1,0,0,0,4,0,0,1,1,-1,9,1,15,3,-1,-1,-1,-1,9,E01024139,0,1
2024161409603,2024,161409603,2,9,0,-1,19,8,4,-1,0,0,0,0,0,0,1,1,-1,6,3,-1,-1,-1,-1,-1,-1,-1,-1,0,-1
2024010511080,2024,010511080,2,1,0,99,99,9,9,0,0,9,0,8,0,0,9,1,6,6,1,-1,-1,-1,-1,-1,-1,-1,-1,0,-1
2024522402492,2024,522402492,1,1,0,18,19,6,2,0,0,0,0,0,0,0,9,1,6,6,3,-1,-1,-1,-1,-1,-1,-1,-1,0,-1
2024010545192,2024,010545192,2,1,0,18,19,3,7,0,0,1,0,0,0,0,3,1,6,6,1,20,4,-1,-1,-1,-1,3,E01000016,0,1
2024471519683,2024,471519683,1,9,0,-1,5,6,1,-1,0,1,0,0,0,0,1,2,-1,2,1,56,9,-1,-1,-1,-1,10,E01031425,0,1
2024411439781,2024,411439781,1,9,0,-1,5,6,3,-1,0,2,0,0,0,0,1,1,-1,9,1,45,7,-1,-1,-1,-1,6,E01035606,0,1
2024440389738,2024,440389738,2,9,0,2,2,0,0,0,0,0,0,0,0,0,3,1,6,6,3,-1,-1,-1,-1,-1,-1,-1,-1,0,-1
2024161418353,2024,161418353,2,1,0,-1,19,3,7,-1,0,0,0,0,0,0,1,1,-1,6,1,16,4,-1,-1,-1,-1,6,E01013039,0,2
2024010510639,2024,010510639,2,1,0,18,19,7,3,4,4,8,0,0,0,0,1,1,6,6,2,36,7,-1,-1,-1,-1,4,E01000780,0,2
2024361490594,2024,361490594,1,19,0,-1,4,2,5,-1,0,1,0,0,0,0,0,9,-1,6,3,-1,-1,-1,-1,-1,-1,-1,-1,0,-1
2024221535943,2024,221535943,1,9,0,-1,4,6,1,-1,0,1,0,0,0,0,1,9,-1,6,2,79,11,-1,-1,-1,-1,8,E01032468,0,1
2024141452746,2024,141452746,2,1,0,-1,5,1,1,-1,0,5,0,0,0,0,3,1,-1,2,1,27,6,-1,-1,-1,-1,9,E01033138,0,5
2024061508643,2024,061508643,2,1,0,-1,19,3,8,-1,0,1,0,0,0,0,1,1,-1,6,1,37,7,-1,-1,-1,-1,5,E01005940,0,2
2024010497157,2024,010497157,1,3,0,99,99,9,9,99,99,9,9,99,9,99,1,1,1,1,1,41,7,-1,-1,-1,-1,5,E01003142,0,3
2024010545613,2024,010545613,1,1,9,99,99,9,9,99,99,9,9,99,9,99,1,1,6,6,1,32,6,-1,-1,-1,-1,3,E01000548,0,1
2024161445054,2024,161445054,2,9,0,-1,19,1,5,-1,0,8,0,0,0,0,3,9,-1,6,1,-1,-1,-1,-1,-1,-1,-1,-1,0,-1
202417S106824,2024,17S106824,2,-1,0,-1,19,8,4,-1,0,6,0,0,0,0,1,1,-1,9,2,9,2,-1,-1,-1,-1,-1,-1,0,-1
2024531445820,2024,531445820,1,90,0,-1,5,3,7,-1,0,1,0,0,0,0,0,1,-1,9,1,26,6,-1,-1,-1,-1,6,E01034797,0,1
2024201465590,2024,201465590,2,9,0,-1,19,2,6,-1,0,0,0,0,0,0,2,1,-1,6,1,60,9,-1,-1,-1,-1,6,E01032591,0,3
2024471430956,2024,471430956,2,1,0,-1,19,7,1,-1,0,1,5,0,0,0,9,1,-1,6,2,74,10,-1,-1,-1,-1,4,E01031494,0,1
2024141478696,2024,141478696,2,-1,0,-1,9,7,5,-1,0,2,0,0,0,0,1,9,-1,6,2,36,7,-1,-1,-1,-1,3,E01007793,1,1
2024070511630,2024,070511630,1,9,0,18,19,4,8,0,0,0,0,0,0,0,1,1,6,6,1,26,6,-1,-1,-1,-1,2,E01018498,0,2
2024311433546,2024,311433546,2,-1,0,-1,19,6,2,-1,0,1,0,0,0,0,1,1,-1,6,1,50,8,-1,-1,-1,-1,-1,-1,1,-1
2024052402374,2024,052402374,1,19,0,18,19,6,2,0,0,1,0,0,0,0,1,1,6,6,3,-1,-1,-1,-1,-1,-1,-1,-1,0,-1
2024010487491,2024,010487491,2,9,0,99,99,9,9,99,99,0,9,99,9,99,9,9,6,6,3,-1,-1,-1,-1,-1,-1,-1,-1,0,-1
2024010527926,2024,010527926,1,1,0,18,19,3,7,0,0,0,0,0,0,0,1,1,6,6,1,54,8,-1,-1,-1,-1,-1,-1,0,-1
2024548306024,2024,548306024,2,1,0,9,9,4,2,0,0,5,0,0,0,0,4,1,6,6,1,49,8,-1,-1,-1,-1,10,E01031903,0,1
2024010509171,2024,010509171,2,9,9,99,99,9,9,99,99,9,9,99,9,99,2,9,6,6,3,-1,-1,-1,-1,-1,-1,-1,-1,0,-1
2024010493603,2024,010493603,1,19,0,18,19,4,8,0,0,4,0,0,0,0,1,1,2,2,1,28,6,-1,-1,-1,-1,3,E01030608,0,4
2024201453513,2024,201453513,2,1,0,-1,9,1,3,-1,0,3,0,0,0,0,4,1,-1,2,1,59,9,-1,-1,-1,-1,3,E01009875,0,1
2024010487471,2024,010487471,2,1,0,18,19,8,4,9,9,0,1,0,7,0,0,1,6,6,1,17,4,-1,-1,-1,-1,5,E01001247,0,1
2024351417311,2024,351417311,2,19,0,-1,4,1,3,-1,0,2,0,0,0,0,4,1,-1,6,1,-1,-1,-1,-1,-1,-1,8,E01018221,0,3
2024010489278,2024,010489278,1,9,0,7,7,7,1,0,0,6,0,0,0,0,3,1,6,6,1,32,6,-1,-1,-1,-1,-1,-1,0,-1
2024430282845,2024,430282845,2,9,0,18,19,5,1,0,0,4,0,0,0,0,4,1,6,6,1,18,4,-1,-1,-1,-1,9,E01028482,0,2
2024552400295,2024,552400295,1,1,0,18,19,8,4,0,0,3,0,0,0,0,0,1,6,6,1,34,6,-1,-1,-1,-1,2,E01015280,0,1
2024010524944,2024,010524944,1,1,9,18,19,9,9,99,99,0,9,99,9,99,9,1,2,2,1,27,6,-1,-1,-1,-1,5,E01004565,0,1
2024371494158,2024,371494158,1,21,0,-1,19,-1,-1,-1,0,8,0,0,0,0,3,1,-1,1,1,44,7,-1,-1,-1,-1,-1,-1,0,-1
2024430613400,2024,430613400,1,9,0,10,10,8,6,0,0,6,0,0,0,0,3,1,6,6,1,45,7,-1,-1,-1,-1,-1,-1,0,-1
2024052401496,2024,052401496,1,1,0,18,19,7,3,0,0,0,0,0,0,0,1,1,6,6,1,43,7,-1,-1,-1,-1,3,E01006996,0,1
2024061455875,2024,061455875,1,9,0,-1,19,4,8,-1,0,0,0,0,0,0,1,9,-1,6,3,25,5,-1,-1,-1,-1,-1,-1,0,-1
2024451415692,2024,451415692,2,9,0,-1,3,8,-1,-1,0,4,0,0,0,0,1,1,-1,6,2,40,7,-1,-1,-1,-1,-1,-1,0,-1
2024520402582,2024,520402582,3,9,0,18,19,4,7,0,0,0,0,0,0,0,2,1,6,6,1,23,5,-1,-1,-1,-1,2,E01029239,0,3
2024430405911,2024,430405911,1,9,0,18,19,3,7,0,0,0,0,0,0,0,1,1,6,6,1,47,8,-1,-1,-1,-1,-1,-1,0,-1
2024041405461,2024,041405461,1,9,0,-1,19,5,1,-1,0,2,0,0,0,0,4,1,-1,6,2,78,11,-1,-1,-1,-1,8,E01034352,0,4
2024061495064,2024,061495064,2,1,0,-1,19,8,4,-1,0,0,0,0,0,0,4,1,-1,6,1,37,7,-1,-1,-1,-1,2,E01005889,0,1
2024061420025,2024,061420025,2,1,0,-1,9,6,4,-1,0,5,0,0,0,0,3,1,-1,6,1,16,4,-1,-1,-1,-1,10,E01005716,0,1
2024061523518,2024,061523518,1,9,0,-1,9,-1,-1,-1,0,8,0,0,7,0,3,9,-1,6,3,-1,-1,-1,-1,-1,-1,-1,-1,0,-1
2024361516703,2024,361516703,1,1,0,-1,19,7,3,-1,0,8,5,0,0,0,1,1,-1,1,1,25,5,-1,-1,-1,-1,2,E01026828,0,1
2024201403712,2024,201403712,3,9,0,-1,19,4,8,-1,0,1,0,0,0,0,1,9,-1,6,-1,-1,-1,-1,-1,-1,-1,-1,-1,0,-1
2024061521352,2024,061521352,2,22,0,-1,19,5,5,-1,0,2,5,0,0,0,3,1,-1,6,1,65,9,-1,-1,-1,-1,3,E01005297,0,1
2024010490358,2024,010490358,1,1,9,99,99,9,9,99,99,9,9,99,9,99,1,1,1,1,1,27,6,-1,-1,-1,-1,3,E01000577,0,3
2024131473978,2024,131473978,1,9,0,-1,-1,-1,-1,-1,-1,-1,-1,-1,-1,-1,-1,1,-1,6,3,-1,-1,-1,-1,-1,-1,-1,-1,0,-1
2024411539388,2024,411539388,2,1,0,-1,9,6,4,-1,0,6,0,0,0,0,1,1,-1,9,1,14,3,-1,-1,-1,-1,5,E01023542,0,1
2024010527067,2024,010527067,1,3,0,5,5,7,3,0,0,1,0,0,0,0,3,1,1,1,1,21,5,-1,-1,-1,-1,2,E01002633,0,3
2024131410330,2024,131410330,3,9,0,-1,2,0,0,-1,0,0,0,4,0,0,3,1,-1,6,-1,-1,-1,-1,-1,-1,-1,-1,-1,0,-1
2024622400883,2024,622400883,2,9,0,18,19,4,8,0,0,1,0,0,0,0,2,1,6,6,3,-1,-1,-1,-1,-1,-1,-1,-1,0,-1
2024522402710,2024,522402710,2,9,0,18,19,3,7,0,0,8,0,0,0,0,1,1,6,6,2,54,8,-1,-1,-1,-1,9,E01014741,0,1
2024061465745,2024,061465745,1,8,0,-1,19,8,4,-1,0,1,0,0,0,0,3,1,-1,1,1,-1,-1,-1,-1,-1,-1,2,E01005032,0,2
2024311417434,2024,311417434,1,18,-1,-1,5,1,5,-1,1,0,0,0,0,0,1,1,-1,1,1,42,7,-1,-1,-1,-1,3,E01033779,0,2
202454D366524,2024,54D366524,1,19,0,18,19,3,7,0,0,4,0,0,0,0,9,1,6,6,3,-1,-1,-1,-1,-1,-1,-1,-1,0,-1
2024311482627,2024,311482627,2,9,0,-1,4,2,6,-1,0,1,0,0,0,0,2,1,-1,1,1,57,9,-1,-1,-1,-1,6,E01026199,0,3
2024010570999,2024,010570999,1,1,9,99,99,9,9,99,99,0,9,99,9,99,1,1,6,6,1,21,5,-1,-1,-1,-1,2,E01002784,0,1
2024010494548,2024,010494548,1,8,0,11,11,7,3,0,0,0,0,0,0,0,4,1,1,1,1,57,9,-1,-1,-1,-1,2,E01015787,0,4
2024131478891,2024,131478891,1,9,0,-1,19,1,5,-1,0,0,0,0,0,0,3,1,-1,9,1,66,10,-1,-1,-1,-1,5,E01010990,0,1
2024461443916,2024,461443916,1,98,0,-1,19,5,2,-1,0,0,0,0,0,0,3,9,-1,6,1,-1,-1,-1,-1,-1,-1,-1,-1,0,-1
2024010548670,2024,010548670,2,1,0,18,19,2,6,0,0,0,0,0,0,0,2,1,6,6,1,12,3,-1,-1,-1,-1,3,E01001109,0,1
2024211510236,2024,211510236,1,9,0,-1,19,-1,-1,-1,0,0,0,0,0,0,-1,9,-1,6,3,30,6,-1,-1,-1,-1,-1,-1,0,-1
2024010524404,2024,010524404,2,1,0,5,5,5,1,0,0,0,0,0,0,0,1,1,6,6,1,8,2,-1,-1,-1,-1,2,E01000033,0,1
2024061450822,2024,061450822,2,18,-1,-1,4,6,2,-1,1,1,0,0,0,0,1,1,-1,9,2,57,9,-1,-1,-1,-1,6,E01018749,0,4
2024991476111,2024,991476111,1,9,0,-1,3,6,2,-1,0,0,0,0,0,0,3,1,-1,6,1,30,6,-1,-1,-1,-1,-1,-1,0,-1
2024010553726,2024,010553726,1,1,9,99,99,9,9,99,99,9,9,99,9,99,9,1,6,6,1,25,5,-1,-1,-1,-1,2,E01003337,0,1
2024411469143,2024,411469143,1,5,0,-1,5,5,1,-1,0,4,1,0,0,0,2,1,-1,6,1,48,8,-1,-1,-1,-1,5,E01021818,0,3
2024010527027,2024,010527027,2,1,9,99,99,9,9,99,99,9,9,99,9,99,1,1,6,6,3,-1,-1,-1,-1,-1,-1,-1,-1,0,-1
2024501395665,2024,501395665,2,19,4,-1,19,7,2,-1,0,1,0,0,0,0,3,9,-1,1,1,59,9,-1,-1,-1,-1,4,E01020126,0,2
2024010506507,2024,010506507,2,9,0,9,9,3,1,0,0,8,0,0,0,0,0,1,6,6,3,34,6,-1,-1,-1,-1,-1,-1,0,-1
2024320614500,2024,320614500,1,90,0,-1,-1,8,4,0,0,1,2,10,0,0,2,1,6,6,1,65,9,-1,-1,-1,-1,7,E01026153,0,1
2024010521446,2024,010521446,2,9,0,99,99,9,9,99,99,1,0,99,0,0,9,9,6,6,3,-1,-1,-1,-1,-1,-1,-1,-1,0,-1
2024401515697,2024,401515697,1,9,-1,-1,-1,-1,-1,-1,-1,4,-1,-1,-1,0,-1,1,-1,6,1,49,8,-1,-1,-1,-1,1,E01011729,0,5
2024461509959,2024,461509959,1,9,0,-1,19,3,7,-1,0,0,0,0,0,0,1,9,-1,6,1,-1,-1,-1,-1,-1,-1,-1,-1,0,-1
2024501467083,2024,501467083,2,9,0,-1,19,5,1,-1,0,0,0,11,0,0,1,1,-1,6,1,33,6,-1,-1,-1,-1,6,E01020044,0,3
2024311521220,2024,311521220,2,9,-1,-1,-1,-1,-1,-1,-1,-1,-1,-1,-1,0,-1,9,-1,6,3,-1,-1,-1,-1,-1,-1,-1,-1,0,-1
2024332400690,2024,332400690,1,9,0,-1,19,3,7,-1,0,4,0,0,0,0,3,1,-1,6,1,74,10,-1,-1,-1,-1,10,E01027163,0,4
2024010548545,2024,010548545,2,23,0,14,14,1,5,0,0,0,0,0,0,0,4,1,2,2,2,53,8,-1,-1,-1,-1,8,E01004629,0,1
2024010515746,2024,010515746,2,-1,0,18,19,1,5,0,0,0,0,0,0,0,1,1,6,6,1,34,6,-1,-1,-1,-1,-1,-1,1,-1
2024101416086,2024,101416086,1,9,0,-1,9,2,7,-1,0,8,0,0,0,0,0,9,-1,6,3,-1,-1,-1,-1,-1,-1,-1,-1,0,-1
2024010492631,2024,010492631,2,9,0,9,9,4,2,0,0,1,0,0,0,0,1,1,6,6,1,60,9,-1,-1,-1,-1,2,E01001820,0,4
2024010493829,2024,010493829,2,9,0,5,5,5,1,0,0,4,0,0,0,0,1,1,6,6,1,49,8,-1,-1,-1,-1,-1,-1,0,-1
2024010495242,2024,010495242,1,9,0,9,9,3,1,0,0,8,0,0,0,0,1,1,6,6,1,23,5,-1,-1,-1,-1,5,E01002307,0,1
2024010489243,2024,010489243,2,1,0,18,19,8,4,0,0,8,0,0,0,0,1,1,2,2,2,55,8,-1,-1,-1,-1,8,E01001390,0,1
2024010493411,2024,010493411,1,3,0,99,99,9,9,99,99,2,9,99,9,99,9,1,6,6,1,28,6,-1,-1,-1,-1,4,E01034184,0,1
2024311401950,2024,311401950,2,1,0,-1,19,1,5,-1,0,0,0,0,0,0,1,1,-1,7,2,14,3,-1,-1,-1,-1,1,E01013846,0,1
2024332400697,2024,332400697,1,1,0,-1,19,9,9,-1,0,8,0,0,0,0,4,1,-1,2,1,29,6,-1,-1,-1,-1,5,E01025653,0,1
2024440180118,2024,440180118,2,9,0,7,7,4,6,0,0,5,0,0,0,0,1,1,6,6,3,-1,-1,-1,-1,-1,-1,-1,-1,0,-1
2024010528303,2024,010528303,2,22,0,18,19,3,7,0,0,1,0,0,0,0,9,1,6,6,2,-1,-1,-1,-1,-1,-1,9,E01002192,0,1
2024221395511,2024,221395511,1,9,0,-1,19,5,1,-1,0,1,0,0,0,0,1,1,-1,1,2,35,6,-1,-1,-1,-1,7,E01035055,0,1
2024010505376,2024,010505376,1,1,9,99,99,9,9,99,99,1,9,99,9,99,9,1,6,6,2,45,7,-1,-1,-1,-1,3,E01004290,0,1
2024411412340,2024,411412340,1,1,0,-1,19,4,8,-1,9,1,0,0,0,0,1,1,-1,9,1,14,3,-1,-1,-1,-1,4,E01023488,0,1
2024320507935,2024,320507935,1,9,0,-1,-1,8,4,0,0,0,0,0,0,0,4,1,6,6,2,-1,-1,-1,-1,-1,-1,-1,-1,0,-1
2024631508761,2024,631508761,1,9,0,-1,7,4,7,-1,0,5,0,0,0,0,3,1,-1,6,3,-1,-1,-1,-1,-1,-1,-1,-1,0,-1
2024010519313,2024,010519313,2,1,0,3,3,3,7,0,0,0,0,8,0,0,3,1,6,6,2,37,7,-1,-1,-1,-1,4,E01003018,0,1
2024101522063,2024,101522063,1,9,0,-1,19,2,5,-1,0,1,0,0,0,0,1,9,-1,6,1,47,8,-1,-1,-1,-1,6,E01020608,0,3
2024361442113,2024,361442113,2,1,0,-1,19,8,5,-1,0,8,0,0,0,0,4,1,-1,6,2,70,10,-1,-1,-1,-1,4,E01026841,0,1
2024340WN1682,2024,340WN1682,1,4,0,-1,19,1,5,-1,0,4,1,0,0,0,1,1,-1,9,2,16,4,-1,-1,-1,-1,7,E01027210,0,1
2024061499100,2024,061499100,2,1,0,-1,19,7,3,-1,0,8,0,0,0,0,3,1,-1,6,2,31,6,-1,-1,-1,-1,7,E01005152,0,1
2024010488590,2024,010488590,2,9,0,99,99,9,9,99,99,9,9,99,9,99,1,9,6,6,3,-1,-1,-1,-1,-1,-1,-1,-1,0,-1