collision_index,collision_year,collision_ref_no,vehicle_reference,vehicle_type,towing_and_articulation,vehicle_manoeuvre_historic,vehicle_manoeuvre,vehicle_direction_from,vehicle_direction_to,vehicle_location_restricted_lane_historic,vehicle_location_restricted_lane,junction_location,skidding_and_overturning,hit_object_in_carriageway,vehicle_leaving_carriageway,hit_object_off_carriageway,first_point_of_impact,vehicle_left_hand_drive,journey_purpose_of_driver_historic,journey_purpose_of_driver,sex_of_driver,age_of_driver,age_band_of_driver,engine_capacity_cc,propulsion_code,age_of_vehicle,generic_make_model,driver_imd_decile,lsoa_of_driver,escooter_flag,driver_distance_banding
2024552400450,2024,552400450,2,1,0,18,19,6,2,0,0,0,0,0,0,0,2,1,2,2,1,62,9,-1,-1,-1,-1,6,E01020439,0,2
2024010487984,2024,010487984,2,11,0,9,9,1,6,0,0,6,0,0,0,0,3,1,1,1,1,48,8,-1,-1,-1,-1,2,E01001349,0,1
2024141453596,2024,141453596,2,1,0,-1,19,4,8,-1,0,1,0,0,0,0,4,1,-1,1,1,21,5,-1,-1,-1,-1,1,E01033269,0,1
2024201512926,2024,201512926,2,1,0,-1,19,8,4,-1,0,8,0,0,0,0,1,1,-1,6,2,31,6,-1,-1,-1,-1,-1,-1,0,-1
2024622400432,2024,622400432,2,1,0,18,19,8,4,0,0,0,0,0,0,0,1,1,6,6,2,16,4,-1,-1,-1,-1,6,W01000889,0,2
2024131484428,2024,131484428,1,9,0,-1,9,-1,-1,-1,0,2,0,0,0,0,1,1,-1,6,3,-1,-1,-1,-1,-1,-1,-1,-1,0,-1
2024430547805,2024,430547805,1,8,0,17,19,3,1,0,0,2,0,0,0,0,1,1,1,1,1,53,8,-1,-1,-1,-1,4,E01016446,0,1
2024430497324,2024,430497324,2,9,0,11,11,8,4,0,0,6,0,0,0,0,4,1,6,6,3,-1,-1,-1,-1,-1,-1,-1,-1,0,-1
2024070728791,2024,070728791,1,9,0,-1,19,5,1,-1,0,1,0,0,0,0,1,1,-1,1,2,19,4,-1,-1,-1,-1,7,E01018670,0,2
2024101406073,2024,101406073,2,1,0,-1,19,8,4,-1,0,8,0,0,0,0,1,1,-1,9,1,60,9,-1,-1,-1,-1,5,E01027553,0,1
2024010496736,2024,010496736,2,19,9,99,99,9,9,99,99,9,9,99,9,99,2,9,6,6,3,-1,-1,-1,-1,-1,-1,-1,-1,0,-1
2024231431375,2024,231431375,2,9,0,-1,1,2,8,-1,0,6,0,0,0,0,2,9,-1,6,2,50,8,-1,-1,-1,-1,6,E01031031,0,1
2024622400852,2024,622400852,1,9,0,1,1,3,7,0,0,1,0,0,0,0,2,1,6,6,1,39,7,-1,-1,-1,-1,9,W01002025,0,2
2024010516290,2024,010516290,1,1,9,99,99,9,9,99,99,9,9,99,9,99,2,1,3,7,1,41,7,-1,-1,-1,-1,3,E01003263,0,1
2024440477408,2024,440477408,1,9,0,18,19,7,3,0,0,0,0,0,1,1,4,1,6,6,1,39,7,-1,-1,-1,-1,4,E01022957,0,1
2024430426156,2024,430426156,1,1,0,18,19,8,4,0,0,1,0,0,0,0,3,1,3,7,1,13,3,-1,-1,-1,-1,5,E01016580,0,1
2024010494318,2024,010494318,1,1,9,99,99,9,9,99,99,9,9,99,9,99,1,1,6,6,1,27,6,-1,-1,-1,-1,3,E01003112,0,1
2024201455283,2024,201455283,1,9,0,-1,19,3,7,-1,0,1,0,0,0,0,1,9,-1,6,1,35,6,-1,-1,-1,-1,-1,-1,0,-1
2024010518432,2024,010518432,2,1,0,18,19,5,1,4,4,1,0,0,0,0,1,1,2,2,1,60,9,-1,-1,-1,-1,4,E01001322,0,1
2024041434930,2024,041434930,2,1,0,-1,19,5,1,-1,0,8,5,0,0,0,4,1,-1,9,1,45,7,-1,-1,-1,-1,3,E01025460,0,4
2024010525494,2024,010525494,1,1,0,18,19,5,1,0,0,0,0,0,9,0,4,1,6,6,1,-1,-1,-1,-1,-1,-1,-1,-1,0,-1
2024351439750,2024,351439750,2,21,1,-1,4,3,7,-1,0,0,0,0,0,0,2,1,-1,1,1,25,5,-1,-1,-1,-1,-1,-1,0,-1
2024122401062,2024,122401062,1,19,0,17,19,3,7,0,0,3,0,0,0,0,1,1,6,6,3,-1,-1,-1,-1,-1,-1,-1,-1,0,-1
2024371408955,2024,371408955,1,99,-1,-1,19,3,7,-1,0,2,0,0,0,0,-1,9,-1,6,3,-1,-1,-1,-1,-1,-1,-1,-1,0,-1
2024522402240,2024,522402240,2,1,0,18,19,3,7,0,0,8,0,0,0,0,1,1,6,6,1,30,6,-1,-1,-1,-1,2,E01032517,0,1
2024010495717,2024,010495717,2,9,9,99,99,9,9,99,99,9,9,99,9,99,9,9,6,6,3,-1,-1,-1,-1,-1,-1,-1,-1,0,-1
2024501509967,2024,501509967,2,9,0,-1,2,6,2,-1,0,0,0,4,0,0,4,1,-1,9,2,78,11,-1,-1,-1,-1,8,E01015271,0,1
2024010530067,2024,010530067,2,19,0,99,99,9,9,99,99,5,9,99,9,99,4,9,6,6,3,-1,-1,-1,-1,-1,-1,-1,-1,0,-1
2024201498756,2024,201498756,1,9,0,-1,11,3,1,-1,0,0,0,0,0,0,1,9,-1,9,1,50,8,-1,-1,-1,-1,-1,-1,0,-1
2024161496061,2024,161496061,2,19,0,-1,5,4,8,-1,0,4,0,0,0,0,1,9,-1,6,3,-1,-1,-1,-1,-1,-1,-1,-1,0,-1
2024531500470,2024,531500470,2,1,0,-1,19,3,5,-1,0,3,0,0,0,0,2,1,-1,1,2,47,8,-1,-1,-1,-1,4,E01022424,0,1
2024041394048,2024,041394048,2,9,0,-1,4,1,5,-1,0,0,0,0,0,0,0,1,-1,9,2,58,9,-1,-1,-1,-1,9,E01025491,0,2
2024201526252,2024,201526252,2,9,0,-1,1,2,6,-1,0,2,0,0,0,0,2,9,-1,6,3,23,5,-1,-1,-1,-1,1,E01009353,0,1
2024622400485,2024,622400485,1,9,0,18,19,3,7,0,0,1,0,0,0,0,1,1,6,6,3,-1,-1,-1,-1,-1,-1,-1,-1,0,-1
2024201445230,2024,201445230,1,9,0,-1,7,1,3,-1,0,6,0,0,0,0,1,9,-1,6,3,-1,-1,-1,-1,-1,-1,-1,-1,0,-1
2024010492748,2024,010492748,1,9,0,99,99,9,9,99,99,9,9,99,9,99,9,9,6,6,1,52,8,-1,-1,-1,-1,5,E01004465,0,2
2024010496837,2024,010496837,1,9,0,18,19,7,3,0,0,0,0,0,0,0,0,1,6,6,2,68,10,-1,-1,-1,-1,5,E01032742,0,1
2024201426608,2024,201426608,1,9,0,-1,19,4,8,-1,0,1,0,0,0,0,1,1,-1,6,3,-1,-1,-1,-1,-1,-1,-1,-1,0,-1
2024430253762,2024,430253762,1,9,0,18,19,9,9,0,0,1,0,0,0,0,1,1,6,6,2,40,7,-1,-1,-1,-1,-1,-1,0,-1
2024522402030,2024,522402030,2,1,0,18,19,4,8,0,0,6,0,0,0,0,3,1,6,6,1,9,2,-1,-1,-1,-1,1,E01033369,0,1
2024201537455,2024,201537455,3,9,0,-1,19,3,3,-1,0,0,0,0,0,0,1,1,-1,6,1,35,6,-1,-1,-1,-1,2,E01009906,0,1
2024302400674,2024,302400674,3,9,0,4,4,4,8,0,0,1,0,0,0,0,0,1,6,6,3,-1,-1,-1,-1,-1,-1,5,E01019456,0,3
2024221479695,2024,221479695,1,9,0,-1,19,1,4,-1,0,0,0,0,0,0,0,1,-1,6,3,46,8,-1,-1,-1,-1,-1,-1,0,-1
2024010516944,2024,010516944,1,9,0,17,19,4,1,0,0,8,0,0,0,0,1,1,6,6,3,-1,-1,-1,-1,-1,-1,-1,-1,0,-1
2024221474635,2024,221474635,1,90,0,-1,9,7,4,-1,0,6,0,0,0,0,1,9,-1,9,1,18,4,-1,-1,-1,-1,10,E01032154,0,1
2024610010624,2024,610010624,1,9,0,18,19,4,8,0,0,0,0,0,0,0,1,1,6,6,3,-1,-1,-1,-1,-1,-1,-1,-1,0,-1
2024010488233,2024,010488233,2,9,0,99,99,9,9,99,99,9,9,99,9,99,0,9,6,6,3,-1,-1,-1,-1,-1,-1,-1,-1,0,-1
2024421530605,2024,421530605,1,9,0,-1,19,5,1,-1,0,0,0,0,0,0,1,1,-1,2,1,39,7,-1,-1,-1,-1,-1,-1,0,-1
2024010496960,2024,010496960,1,9,0,4,4,7,3,0,0,0,0,0,0,0,0,1,1,1,1,40,7,-1,-1,-1,-1,-1,-1,0,-1
2024010512837,2024,010512837,2,9,4,99,99,9,9,99,99,9,9,99,9,99,1,9,6,6,3,51,8,-1,-1,-1,-1,8,E01013058,0,5
2024010543902,2024,010543902,1,1,9,99,99,9,9,99,99,9,9,99,9,99,9,1,6,6,1,32,6,-1,-1,-1,-1,1,E01001845,0,2
2024440059730,2024,440059730,2,22,0,18,19,1,5,0,0,2,0,0,0,0,3,1,6,6,1,88,11,-1,-1,-1,-1,6,E01022764,0,1
2024421458040,2024,421458040,2,19,0,-1,9,7,5,-1,0,0,0,0,7,0,2,1,-1,9,1,72,10,-1,-1,-1,-1,7,E01033056,0,1
2024010522063,2024,010522063,1,9,9,99,99,9,9,99,99,9,9,99,9,99,9,9,6,6,3,-1,-1,-1,-1,-1,-1,-1,-1,0,-1
2024131444259,2024,131444259,2,1,0,-1,7,1,7,-1,0,0,5,0,0,0,3,1,-1,2,1,51,8,-1,-1,-1,-1,8,E01011929,0,1
2024332400737,2024,332400737,2,9,0,-1,99,9,9,-1,0,2,0,0,0,0,1,1,-1,6,2,-1,-1,-1,-1,-1,-1,-1,-1,0,-1
202460Q037278,2024,60Q037278,1,9,0,9,9,3,1,0,0,6,0,0,0,0,1,1,6,6,1,52,8,-1,-1,-1,-1,-1,-1,0,-1
2024461456549,2024,461456549,1,9,0,-1,3,7,3,-1,0,1,0,0,0,0,1,9,-1,6,3,-1,-1,-1,-1,-1,-1,-1,-1,0,-1
2024461419284,2024,461419284,1,9,0,-1,19,-1,-1,-1,0,3,0,0,0,0,1,9,-1,6,3,-1,-1,-1,-1,-1,-1,-1,-1,0,-1
2024010535485,2024,010535485,1,9,0,18,19,2,6,0,0,1,0,0,0,0,3,1,6,6,1,-1,-1,-1,-1,-1,-1,-1,-1,0,-1
2024610054824,2024,610054824,2,9,0,2,2,0,0,0,0,0,0,0,0,0,2,1,6,6,3,-1,-1,-1,-1,-1,-1,-1,-1,0,-1
2024122400320,2024,122400320,2,21,1,2,2,0,0,0,0,0,0,0,0,0,2,2,6,6,1,66,10,-1,-1,-1,-1,-1,-1,0,-1
2024501455903,2024,501455903,1,1,0,-1,19,5,1,-1,0,0,5,0,0,0,4,1,-1,9,1,48,8,-1,-1,-1,-1,4,E01020022,0,1
2024161490047,2024,161490047,2,1,0,-1,5,3,7,-1,0,0,2,0,0,0,1,1,-1,6,1,20,4,-1,-1,-1,-1,9,E01034759,0,1
2024010530188,2024,010530188,1,9,9,99,99,9,9,0,0,9,9,99,9,99,9,9,6,6,3,-1,-1,-1,-1,-1,-1,-1,-1,0,-1
2024010538231,2024,010538231,1,90,0,18,19,6,2,0,0,8,0,0,0,0,1,1,6,6,3,-1,-1,-1,-1,-1,-1,-1,-1,0,-1
2024411518045,2024,411518045,3,9,0,-1,-1,-1,-1,-1,-1,-1,-1,-1,-1,0,2,9,-1,6,1,-1,-1,-1,-1,-1,-1,7,E01017455,0,4
2024061489966,2024,061489966,1,9,0,-1,19,7,3,-1,0,0,0,0,0,0,1,1,-1,1,1,55,8,-1,-1,-1,-1,5,E01004864,0,2
2024520402560,2024,520402560,2,9,0,17,19,1,3,0,0,1,0,0,0,0,1,1,6,6,1,89,11,-1,-1,-1,-1,8,E01029194,0,2
2024351406671,2024,351406671,1,21,1,-1,5,5,1,-1,0,8,0,0,0,0,3,2,-1,1,1,49,8,-1,-1,-1,-1,-1,-1,0,-1
2024522402392,2024,522402392,1,9,0,9,9,3,7,0,0,8,0,0,0,0,1,1,6,6,3,-1,-1,-1,-1,-1,-1,-1,-1,0,-1
2024061509325,2024,061509325,1,1,0,-1,19,-1,-1,-1,4,8,2,0,0,0,1,1,-1,2,2,54,8,-1,-1,-1,-1,6,E01005172,0,1
2024010488767,2024,010488767,1,3,0,99,99,9,9,99,99,0,9,99,9,99,9,1,6,6,3,59,9,-1,-1,-1,-1,2,E01001441,0,4
2024361445610,2024,361445610,2,23,0,-1,3,5,1,-1,0,1,0,0,0,0,1,1,-1,6,2,35,6,-1,-1,-1,-1,9,E01026558,0,1
2024332400193,2024,332400193,2,1,0,-1,19,1,5,-1,0,8,0,0,0,0,1,1,-1,6,1,66,10,-1,-1,-1,-1,5,E01025762,0,1
2024010529422,2024,010529422,2,1,9,99,99,9,9,99,99,9,9,99,9,99,9,1,6,6,2,-1,-1,-1,-1,-1,-1,-1,-1,0,-1
2024471444173,2024,471444173,1,9,0,-1,1,1,5,-1,9,0,0,0,0,0,2,1,-1,6,2,38,7,-1,-1,-1,-1,10,E01031666,0,1
2024010505355,2024,010505355,2,1,0,18,19,1,5,4,4,8,2,0,0,0,1,1,2,2,2,22,5,-1,-1,-1,-1,9,E01018231,0,4
2024201467054,2024,201467054,2,1,0,-1,19,4,8,-1,0,0,0,0,0,0,2,1,-1,6,1,23,5,-1,-1,-1,-1,3,E01010451,0,1
2024411487998,2024,411487998,3,9,-1,-1,-1,-1,-1,-1,-1,0,-1,-1,-1,0,-1,9,-1,6,3,-1,-1,-1,-1,-1,-1,-1,-1,0,-1
2024221429698,2024,221429698,2,9,0,-1,19,7,3,-1,0,8,0,0,0,0,1,9,-1,9,1,88,11,-1,-1,-1,-1,6,W01001907,0,3
2024010492634,2024,010492634,2,9,0,18,19,7,3,0,0,0,0,0,0,0,1,1,6,6,3,-1,-1,-1,-1,-1,-1,-1,-1,0,-1
2024041476665,2024,041476665,1,1,0,-1,19,1,5,-1,4,0,0,0,0,0,1,1,-1,6,1,32,6,-1,-1,-1,-1,2,E01025291,0,1
2024430314983,2024,430314983,1,9,0,18,19,1,5,0,0,1,0,0,0,0,1,1,6,6,1,74,10,-1,-1,-1,-1,-1,-1,0,-1
2024010489278,2024,010489278,2,1,0,18,19,5,1,0,0,3,0,0,0,0,1,1,2,2,2,30,6,-1,-1,-1,-1,-1,-1,0,-1
2024311498121,2024,311498121,1,1,0,-1,19,3,7,-1,0,4,0,0,0,0,1,1,-1,2,1,50,8,-1,-1,-1,-1,8,E01028344,0,1
2024141454984,2024,141454984,2,1,0,-1,9,5,3,-1,0,2,0,0,0,0,2,1,-1,9,1,63,9,-1,-1,-1,-1,8,E01007921,0,1
2024361532651,2024,361532651,2,1,-1,-1,-1,-1,-1,-1,-1,-1,-1,-1,-1,0,-1,1,-1,6,1,23,5,-1,-1,-1,-1,9,E01026513,0,1
2024332401258,2024,332401258,1,1,0,-1,19,2,6,-1,0,8,0,0,0,0,4,1,-1,2,1,41,7,-1,-1,-1,-1,10,E01025896,0,1
2024010496305,2024,010496305,1,1,9,99,99,9,9,99,99,9,9,99,9,99,1,1,6,6,3,-1,-1,-1,-1,-1,-1,8,E01001888,0,1
2024061397711,2024,061397711,1,9,0,-1,1,0,0,-1,99,0,0,0,0,0,2,1,-1,1,1,29,6,-1,-1,-1,-1,7,E01006252,0,3
2024544803824,2024,544803824,2,1,0,18,19,3,7,0,0,2,0,0,0,0,0,1,6,6,2,41,7,-1,-1,-1,-1,9,E01031906,0,1
2024421452704,2024,421452704,1,9,0,-1,9,7,3,-1,0,0,0,0,1,0,1,1,-1,9,1,78,11,-1,-1,-1,-1,9,E01021533,0,4
2024311394545,2024,311394545,1,9,0,-1,19,5,1,-1,0,0,1,0,7,0,2,1,-1,9,1,20,4,-1,-1,-1,-1,7,E01028005,0,2
2024340WN1832,2024,340WN1832,2,9,0,-1,19,3,7,-1,0,1,0,0,0,0,1,1,-1,9,1,34,6,-1,-1,-1,-1,10,E01027163,0,1
2024501451093,2024,501451093,1,9,0,-1,19,7,3,-1,0,0,0,0,0,0,1,9,-1,6,2,-1,-1,-1,-1,-1,-1,-1,-1,0,-1
2024061452373,2024,061452373,1,11,-1,-1,-1,-1,-1,-1,-1,0,-1,-1,-1,0,-1,9,-1,6,3,-1,-1,-1,-1,-1,-1,-1,-1,0,-1
2024010492755,2024,010492755,1,9,0,99,99,9,9,99,99,9,9,99,9,99,2,9,6,6,2,55,8,-1,-1,-1,-1,8,E01021803,0,3
2024440324496,2024,440324496,2,1,0,16,19,6,1,0,0,0,0,0,0,0,3,1,6,6,1,60,9,-1,-1,-1,-1,8,E01022778,0,3
2024520401174,2024,520401174,2,9,0,10,10,7,5,0,0,8,0,0,0,0,2,1,6,6,2,32,6,-1,-1,-1,-1,2,E01029097,0,3
2024351455756,2024,351455756,1,9,-1,-1,4,-1,-1,-1,9,0,-1,-1,-1,0,-1,9,-1,6,3,-1,-1,-1,-1,-1,-1,-1,-1,0,-1
2024201520609,2024,201520609,1,9,0,-1,19,8,5,-1,0,4,0,10,1,0,1,2,-1,6,-1,-1,-1,-1,-1,-1,-1,-1,-1,0,-1
2024010537513,2024,010537513,1,9,9,99,99,9,9,99,99,9,9,99,9,99,9,9,6,6,3,-1,-1,-1,-1,-1,-1,-1,-1,0,-1
2024010539069,2024,010539069,2,9,9,99,99,9,9,99,99,9,9,99,9,99,1,9,6,6,3,-1,-1,-1,-1,-1,-1,-1,-1,0,-1
2024010493863,2024,010493863,1,9,0,18,19,5,1,0,0,1,0,0,0,0,1,2,6,6,1,76,11,-1,-1,-1,-1,2,E01030599,0,1
2024101430461,2024,101430461,1,9,0,-1,19,1,5,-1,0,0,0,0,0,0,1,9,-1,6,3,-1,-1,-1,-1,-1,-1,-1,-1,0,-1
2024211407838,2024,211407838,1,1,0,-1,19,5,2,-1,0,8,5,7,0,0,2,1,-1,6,1,25,5,-1,-1,-1,-1,-1,-1,0,-1
2024520402648,2024,520402648,1,1,0,18,19,4,6,5,5,1,0,7,0,0,4,1,6,6,1,63,9,-1,-1,-1,-1,2,E01029109,0,1
2024531439067,2024,531439067,1,9,0,-1,19,5,1,-1,0,1,0,0,0,0,1,9,-1,6,3,-1,-1,-1,-1,-1,-1,-1,-1,0,-1
2024010492628,2024,010492628,2,3,0,18,19,1,5,0,0,2,0,0,0,0,1,1,1,1,1,17,4,-1,-1,-1,-1,4,E01003597,0,1
2024351397500,2024,351397500,1,9,0,-1,-1,-1,-1,-1,0,1,0,0,0,0,-1,9,-1,6,3,-1,-1,-1,-1,-1,-1,-1,-1,0,-1
2024440126036,2024,440126036,2,1,0,18,19,3,7,0,0,8,0,0,0,0,4,1,6,6,1,62,9,-1,-1,-1,-1,7,E01023113,0,1
2024010516708,2024,010516708,2,1,0,18,19,7,3,0,0,1,0,0,0,0,0,1,2,2,1,35,6,-1,-1,-1,-1,6,E01001902,0,1
2024421514215,2024,421514215,1,1,0,-1,5,7,3,-1,0,0,0,0,0,0,1,1,-1,1,1,26,6,-1,-1,-1,-1,3,E01015899,0,1
2024010504929,2024,010504929,2,1,0,7,7,7,1,0,0,6,0,0,0,0,1,1,6,6,1,58,9,-1,-1,-1,-1,1,E01004042,0,1
2024991557730,2024,991557730,1,9,0,-1,15,7,3,-1,0,1,0,0,0,0,2,1,-1,6,3,-1,-1,-1,-1,-1,-1,-1,-1,0,-1
2024991472449,2024,991472449,2,9,0,-1,3,3,7,-1,0,0,0,0,0,0,2,1,-1,6,2,35,6,-1,-1,-1,-1,7,-1,0,4
2024010507606,2024,010507606,1,9,0,9,9,1,7,0,0,5,0,0,0,0,1,1,1,1,1,64,9,-1,-1,-1,-1,4,E01001156,0,2
2024461484868,2024,461484868,2,22,0,-1,19,1,3,-1,9,0,0,0,0,0,3,1,-1,9,2,65,9,-1,-1,-1,-1,4,E01024673,0,4
2024010513588,2024,010513588,1,1,0,18,19,3,7,0,0,2,0,0,0,0,1,1,2,2,1,40,7,-1,-1,-1,-1,3,E01003183,0,2
2024351475971,2024,351475971,2,1,0,-1,19,-1,-1,-1,0,0,-1,-1,-1,0,4,1,-1,9,1,32,6,-1,-1,-1,-1,8,E01017467,0,3
2024010493721,2024,010493721,1,11,0,18,19,2,6,0,0,8,0,0,0,0,4,1,1,1,1,43,7,-1,-1,-1,-1,5,E01003262,0,1
2024471528028,2024,471528028,1,-1,0,-1,19,1,5,-1,0,0,1,0,0,0,1,1,-1,6,2,29,6,-1,-1,-1,-1,1,E01020979,1,1
2024522402815,2024,522402815,1,-1,0,18,19,7,3,0,0,8,0,0,0,0,1,1,6,6,1,36,7,-1,-1,-1,-1,8,E01014557,1,1
2024010492541,2024,010492541,2,9,0,99,99,9,9,99,99,5,9,99,9,99,1,9,6,6,3,-1,-1,-1,-1,-1,-1,-1,-1,0,-1
2024430049438,2024,430049438,2,1,0,18,19,7,3,4,4,0,0,0,0,0,1,1,2,2,1,33,6,-1,-1,-1,-1,7,E01028676,0,1
2024010493897,2024,010493897,2,9,0,99,99,9,9,99,99,9,9,99,9,99,1,9,6,6,1,37,7,-1,-1,-1,-1,6,E01001644,0,3
2024010487223,2024,010487223,2,9,0,9,9,1,7,0,0,8,0,7,0,0,1,1,6,6,1,29,6,-1,-1,-1,-1,3,E01003452,0,1
2024010538653,2024,010538653,2,9,0,99,99,9,9,99,99,9,9,99,9,99,1,9,6,6,1,39,7,-1,-1,-1,-1,9,E01001963,0,3
2024451521783,2024,451521783,2,9,0,-1,19,4,8,-1,0,2,0,0,0,0,3,1,-1,6,3,-1,-1,-1,-1,-1,-1,-1,-1,0,-1
2024430161080,2024,430161080,2,9,0,17,19,1,7,0,0,1,0,0,0,0,1,1,6,6,1,33,6,-1,-1,-1,-1,6,E01017791,0,1
2024520402040,2024,520402040,2,4,0,18,19,1,5,0,0,8,0,0,0,0,1,1,6,6,1,17,4,-1,-1,-1,-1,5,E01029143,0,1
2024501497525,2024,501497525,1,19,0,-1,19,5,1,-1,0,0,0,6,1,11,1,1,-1,6,1,44,7,-1,-1,-1,-1,4,E01019071,0,1
2024211405011,2024,211405011,1,9,0,-1,19,1,5,-1,0,1,0,0,0,0,1,9,-1,6,3,-1,-1,-1,-1,-1,-1,-1,-1,0,-1
2024010539071,2024,010539071,1,9,0,1,1,1,3,0,0,1,0,0,0,0,2,1,2,2,1,69,10,-1,-1,-1,-1,9,E01023291,0,4
2024201563657,2024,201563657,2,20,0,-1,5,5,3,-1,0,2,0,4,0,0,1,1,-1,6,3,-1,-1,-1,-1,-1,-1,-1,-1,0,-1
2024411469345,2024,411469345,1,98,9,-1,19,-1,-1,-1,0,1,0,0,0,0,9,9,-1,6,3,-1,-1,-1,-1,-1,-1,-1,-1,0,-1
2024010488858,2024,010488858,1,3,0,18,19,5,1,0,0,0,0,0,0,0,1,1,6,6,2,47,8,-1,-1,-1,-1,7,E01000650,0,3
2024520500125,2024,520500125,1,19,0,18,19,1,5,0,0,1,0,0,0,0,1,1,6,6,1,51,8,-1,-1,-1,-1,6,E01029224,0,1
2024010511444,2024,010511444,1,1,0,4,4,1,5,0,0,1,0,0,0,0,1,1,6,6,1,-1,-1,-1,-1,-1,-1,7,E01004192,0,1
2024141470021,2024,141470021,1,9,0,-1,4,5,1,-1,0,1,0,0,0,0,2,1,-1,9,1,50,8,-1,-1,-1,-1,8,E01007520,0,1
2024311524618,2024,311524618,1,9,0,-1,19,1,5,-1,0,0,0,0,0,0,2,1,-1,9,1,76,11,-1,-1,-1,-1,-1,-1,0,-1
2024361438165,2024,361438165,1,90,0,-1,19,4,8,-1,0,0,0,0,0,0,1,1,-1,1,1,30,6,-1,-1,-1,-1,4,E01026898,0,2
2024010533822,2024,010533822,1,1,9,99,99,9,9,99,99,9,9,99,9,99,0,1,2,2,2,46,8,-1,-1,-1,-1,9,E01002991,0,3
2024440329111,2024,440329111,3,9,4,3,3,5,1,0,0,1,0,0,0,0,2,1,1,1,1,36,7,-1,-1,-1,-1,6,E01017021,0,2
2024010499873,2024,010499873,2,9,0,99,99,9,9,99,99,9,9,99,9,99,9,9,6,6,3,-1,-1,-1,-1,-1,-1,-1,-1,0,-1
2024311495918,2024,311495918,1,1,0,-1,19,5,1,-1,0,0,0,0,0,0,1,1,-1,7,1,14,3,-1,-1,-1,-1,10,E01013984,0,1
2024411427493,2024,411427493,1,9,0,-1,19,1,5,-1,0,0,0,0,0,0,2,1,-1,6,2,22,5,-1,-1,-1,-1,6,E01001473,0,2
2024320557657,2024,320557657,1,9,0,-1,-1,2,6,0,0,1,0,0,0,1,1,1,6,6,2,-1,-1,-1,-1,-1,-1,-1,-1,0,-1
2024010503442,2024,010503442,2,1,0,3,3,6,2,0,0,8,0,0,0,0,2,1,6,6,1,55,8,-1,-1,-1,-1,4,E01000488,0,1
2024070134854,2024,070134854,1,9,0,18,19,5,7,0,0,4,0,0,0,0,3,1,6,6,2,54,8,-1,-1,-1,-1,8,E01012410,0,1
2024481564358,2024,481564358,2,-1,0,-1,19,3,7,-1,0,8,0,0,0,0,1,1,-1,9,1,28,6,-1,-1,-1,-1,-1,-1,1,-1
2024010537590,2024,010537590,1,1,9,99,99,9,9,4,4,6,9,99,9,99,1,1,2,2,1,32,6,-1,-1,-1,-1,2,E01002686,0,1
2024501499041,2024,501499041,1,1,0,-1,19,1,5,-1,0,0,0,0,0,0,1,1,-1,2,1,60,9,-1,-1,-1,-1,5,E01015237,0,2
2024010518171,2024,010518171,1,1,9,99,99,9,9,99,99,9,9,99,9,99,1,1,2,2,1,33,6,-1,-1,-1,-1,3,E01032583,0,1
2024010535565,2024,010535565,1,1,9,99,99,9,9,99,99,9,9,99,9,99,2,1,6,6,1,-1,-1,-1,-1,-1,-1,-1,-1,0,-1
2024552500032,2024,552500032,1,19,0,6,6,3,3,0,0,8,1,0,0,0,4,1,6,6,3,-1,-1,-1,-1,-1,-1,-1,-1,0,-1
2024332400076,2024,332400076,1,9,0,-1,1,9,9,-1,0,0,0,0,0,0,2,1,-1,6,3,-1,-1,-1,-1,-1,-1,-1,-1,0,-1
2024052400460,2024,052400460,1,9,0,18,19,6,2,0,0,2,0,0,0,0,4,1,6,6,3,-1,-1,-1,-1,-1,-1,-1,-1,0,-1
2024622400617,2024,622400617,2,9,0,2,2,0,0,0,0,0,0,0,0,0,2,1,6,6,3,-1,-1,-1,-1,-1,-1,-1,-1,0,-1
2024060205048,2024,060205048,1,9,0,16,19,7,2,0,0,0,0,0,0,0,1,1,1,1,2,63,9,-1,-1,-1,-1,5,E01018648,0,1
2024361480155,2024,361480155,1,9,4,-1,13,7,3,-1,0,0,0,0,0,0,2,1,-1,2,1,21,5,-1,-1,-1,-1,-1,-1,0,-1
2024010521040,2024,010521040,2,1,0,18,19,4,8,0,0,0,0,8,0,0,1,1,6,6,1,23,5,-1,-1,-1,-1,2,E01003503,0,3
2024430576897,2024,430576897,1,1,0,18,19,4,8,0,0,8,0,0,0,0,2,1,2,2,1,55,8,-1,-1,-1,-1,7,E01035739,0,4
2024101490456,2024,101490456,1,1,0,-1,11,5,3,-1,0,0,5,0,0,0,1,1,-1,9,1,45,7,-1,-1,-1,-1,-1,-1,0,-1
2024010490406,2024,010490406,1,9,0,99,99,9,9,99,99,0,9,99,9,99,4,9,6,6,2,29,6,-1,-1,-1,-1,3,E01001446,0,1
2024010488930,2024,010488930,2,5,0,18,19,7,3,0,0,0,0,0,0,0,2,1,6,6,1,57,9,-1,-1,-1,-1,4,E01000114,0,2
2024010539196,2024,010539196,3,9,0,18,19,3,7,0,0,2,0,0,0,0,2,1,6,6,2,71,10,-1,-1,-1,-1,6,E01000709,0,1
2024332400818,2024,332400818,2,3,0,-1,19,1,5,-1,0,8,0,0,0,0,1,1,-1,6,1,36,7,-1,-1,-1,-1,8,E01025681,0,1
2024351479631,2024,351479631,3,9,0,-1,19,5,1,-1,0,0,0,0,0,0,2,1,-1,6,2,37,7,-1,-1,-1,-1,10,E01026364,0,4
2024131502576,2024,131502576,1,9,0,-1,-1,-1,-1,-1,-1,0,-1,-1,-1,-1,-1,1,-1,6,3,-1,-1,-1,-1,-1,-1,-1,-1,0,-1
2024520401424,2024,520401424,1,9,0,9,9,5,3,0,0,6,0,0,0,0,4,1,6,6,1,51,8,-1,-1,-1,-1,8,E01029126,0,1
2024451494518,2024,451494518,1,9,0,-1,19,1,5,-1,0,0,0,0,0,0,3,1,-1,6,1,54,8,-1,-1,-1,-1,5,E01030862,0,3
2024010501555,2024,010501555,2,9,0,99,99,9,9,99,99,9,9,99,9,99,9,9,6,6,3,-1,-1,-1,-1,-1,-1,-1,-1,0,-1