collision_index,collision_year,collision_ref_no,vehicle_reference,vehicle_type,towing_and_articulation,vehicle_manoeuvre_historic,vehicle_manoeuvre,vehicle_direction_from,vehicle_direction_to,vehicle_location_restricted_lane_historic,vehicle_location_restricted_lane,junction_location,skidding_and_overturning,hit_object_in_carriageway,vehicle_leaving_carriageway,hit_object_off_carriageway,first_point_of_impact,vehicle_left_hand_drive,journey_purpose_of_driver_historic,journey_purpose_of_driver,sex_of_driver,age_of_driver,age_band_of_driver,engine_capacity_cc,propulsion_code,age_of_vehicle,generic_make_model,driver_imd_decile,lsoa_of_driver,escooter_flag,driver_distance_banding
2024201534240,2024,201534240,1,9,0,-1,19,1,5,-1,0,1,0,0,0,0,1,1,-1,6,1,24,5,-1,-1,-1,-1,5,E01009023,0,1
2024411526090,2024,411526090,1,9,0,-1,19,3,5,-1,0,0,0,0,0,0,1,1,-1,1,2,45,7,-1,-1,-1,-1,7,E01023495,0,3
2024010489113,2024,010489113,1,1,9,99,99,9,9,99,99,9,9,99,9,99,9,1,2,2,1,58,9,-1,-1,-1,-1,2,E01000959,0,2
2024991442937,2024,991442937,1,9,0,-1,19,1,5,-1,9,0,0,0,1,3,1,1,-1,9,1,24,5,-1,-1,-1,-1,8,-1,0,4
2024421465465,2024,421465465,1,9,0,-1,19,3,7,-1,0,0,0,4,0,0,1,1,-1,6,1,62,9,-1,-1,-1,-1,7,E01003665,0,3
2024061471278,2024,061471278,1,9,0,-1,19,4,8,-1,0,1,0,0,0,0,1,1,-1,6,1,26,6,-1,-1,-1,-1,-1,-1,0,-1
2024141476838,2024,141476838,1,9,0,-1,4,3,7,-1,0,0,0,0,0,0,2,1,-1,9,2,37,7,-1,-1,-1,-1,6,E01007753,0,1
2024052402721,2024,052402721,1,9,0,5,5,5,1,0,0,1,0,0,0,0,1,1,6,6,3,-1,-1,-1,-1,-1,-1,-1,-1,0,-1
2024010487326,2024,010487326,2,9,0,9,9,1,6,0,0,2,0,0,0,0,1,1,6,6,2,32,6,-1,-1,-1,-1,9,E01001030,0,3
2024010516510,2024,010516510,1,1,9,99,99,9,9,99,99,9,9,99,9,99,1,1,6,6,1,25,5,-1,-1,-1,-1,9,E01004596,0,1
2024010488220,2024,010488220,2,9,0,99,99,9,9,99,99,5,9,99,9,99,9,9,6,6,3,36,7,-1,-1,-1,-1,6,E01001088,0,3
2024421437963,2024,421437963,1,9,0,-1,13,1,5,-1,0,1,0,0,7,11,1,2,-1,1,1,34,6,-1,-1,-1,-1,8,E01021537,0,4
2024010489275,2024,010489275,2,1,0,3,3,1,5,0,0,1,0,0,0,0,2,1,2,2,2,60,9,-1,-1,-1,-1,3,E01002086,0,1
202417M204924,2024,17M204924,1,97,0,18,19,2,6,0,0,8,0,0,0,0,1,1,6,6,3,-1,-1,-1,-1,-1,-1,-1,-1,0,-1
2024122500163,2024,122500163,1,9,0,18,19,5,1,0,0,1,0,0,0,0,1,1,2,2,1,59,9,-1,-1,-1,-1,8,E01027771,0,3
2024201421427,2024,201421427,2,99,0,-1,4,7,3,-1,0,1,0,0,3,0,3,9,-1,9,1,50,8,-1,-1,-1,-1,-1,-1,0,-1
2024471482623,2024,471482623,1,9,0,-1,2,0,0,-1,-1,0,0,0,0,0,3,1,-1,9,1,66,10,-1,-1,-1,-1,5,E01031611,0,2
2024101406061,2024,101406061,3,9,0,-1,2,0,0,-1,0,2,0,0,0,0,2,1,-1,6,-1,-1,-1,-1,-1,-1,-1,-1,-1,0,-1
2024131431898,2024,131431898,1,1,0,-1,9,1,3,-1,0,6,0,0,0,0,2,1,-1,9,1,30,6,-1,-1,-1,-1,3,E01011328,0,2
2024010492355,2024,010492355,1,1,9,18,19,1,5,0,0,8,5,0,0,0,4,1,2,2,1,23,5,-1,-1,-1,-1,2,E01003325,0,1
2024311475159,2024,311475159,2,1,0,-1,19,3,5,-1,0,1,5,0,0,0,1,1,-1,6,-1,-1,-1,-1,-1,-1,-1,-1,-1,0,-1
2024430580220,2024,430580220,1,19,0,18,19,6,2,0,0,8,0,0,0,0,1,1,6,6,1,43,7,-1,-1,-1,-1,-1,-1,0,-1
2024041398814,2024,041398814,2,9,0,-1,3,7,3,-1,0,1,0,0,0,0,2,1,-1,2,1,68,10,-1,-1,-1,-1,10,E01025441,0,2
2024411519146,2024,411519146,3,9,0,-1,19,1,5,-1,0,8,0,0,0,0,1,1,-1,1,1,35,6,-1,-1,-1,-1,5,E01015750,0,4
2024430462916,2024,430462916,2,1,0,18,19,8,4,0,0,1,0,0,0,0,1,1,6,6,1,14,3,-1,-1,-1,-1,-1,-1,0,-1
2024010492138,2024,010492138,2,9,0,9,9,1,8,0,0,5,0,0,0,0,3,1,6,6,3,-1,-1,-1,-1,-1,-1,-1,-1,0,-1
2024010488799,2024,010488799,1,1,9,99,99,9,9,99,99,9,9,99,9,99,9,1,2,2,1,52,8,-1,-1,-1,-1,10,E01003008,0,1
2024471497475,2024,471497475,1,9,0,-1,19,5,8,-1,0,0,0,0,0,0,1,1,-1,1,1,56,9,-1,-1,-1,-1,10,E01031824,0,3
2024440554351,2024,440554351,2,8,0,7,7,1,5,0,0,6,0,0,0,0,4,1,6,6,1,-1,-1,-1,-1,-1,-1,-1,-1,0,-1
2024440512533,2024,440512533,2,3,0,14,14,3,7,0,0,0,0,0,0,0,1,1,6,6,1,37,7,-1,-1,-1,-1,3,E01017360,0,3
2024010537358,2024,010537358,1,9,0,9,9,1,7,0,0,8,0,0,0,0,4,1,6,6,2,28,6,-1,-1,-1,-1,10,E01002146,0,1
2024041461694,2024,041461694,1,90,0,-1,19,5,1,-1,0,0,0,0,0,0,3,1,-1,6,1,-1,-1,-1,-1,-1,-1,-1,-1,0,-1
2024010505678,2024,010505678,1,1,9,99,99,9,9,99,99,9,9,99,9,99,9,1,6,6,1,20,4,-1,-1,-1,-1,2,E01003052,0,1
2024522401506,2024,522401506,1,-1,0,17,19,6,3,0,0,8,0,0,0,0,4,1,6,6,1,27,6,-1,-1,-1,-1,7,E01014651,1,1
2024351448870,2024,351448870,2,1,-1,-1,-1,-1,-1,-1,-1,0,-1,-1,-1,0,-1,1,-1,2,2,55,8,-1,-1,-1,-1,8,E01018257,0,2
2024010515956,2024,010515956,1,9,0,14,14,1,5,0,0,1,0,0,0,0,1,1,6,6,3,-1,-1,-1,-1,-1,-1,-1,-1,0,-1
2024010537216,2024,010537216,1,1,9,99,99,9,9,4,4,9,9,99,9,99,2,1,6,6,1,41,7,-1,-1,-1,-1,2,E01001957,0,1
2024430166471,2024,430166471,1,-1,0,18,19,8,4,0,0,8,0,0,0,0,3,1,6,6,1,23,5,-1,-1,-1,-1,2,E01028514,1,1
2024010552900,2024,010552900,1,1,9,99,99,9,9,99,99,9,9,99,9,99,1,1,6,6,1,66,10,-1,-1,-1,-1,8,E01003673,0,1
2024070787557,2024,070787557,1,9,0,-1,9,6,2,-1,0,1,0,0,0,0,0,1,-1,6,3,-1,-1,-1,-1,-1,-1,-1,-1,0,-1
2024320334071,2024,320334071,1,9,0,-1,-1,6,2,0,0,2,0,0,0,0,1,1,6,6,1,-1,-1,-1,-1,-1,-1,-1,-1,0,-1
2024010522928,2024,010522928,1,9,0,99,99,9,9,99,99,9,9,99,9,99,9,9,6,6,2,74,10,-1,-1,-1,-1,10,E01023810,0,2
2024010496961,2024,010496961,2,9,0,99,99,9,9,99,99,9,9,99,9,99,1,9,6,6,3,-1,-1,-1,-1,-1,-1,3,E01001785,0,1
2024010551939,2024,010551939,1,97,9,99,99,9,9,99,99,9,9,99,9,99,9,1,6,6,3,-1,-1,-1,-1,-1,-1,-1,-1,0,-1
2024471469511,2024,471469511,2,9,0,-1,19,3,7,-1,5,1,0,0,0,0,4,1,-1,2,1,21,5,-1,-1,-1,-1,4,E01031443,0,1
2024070995413,2024,070995413,1,9,0,-1,7,6,2,-1,0,6,0,0,0,0,1,1,-1,9,2,47,8,-1,-1,-1,-1,9,E01018384,0,1
2024141484431,2024,141484431,2,1,0,-1,9,8,6,-1,0,6,5,0,0,0,4,1,-1,6,1,18,4,-1,-1,-1,-1,5,E01007347,0,1
2024991419567,2024,991419567,2,1,0,-1,19,5,1,-1,0,8,0,0,0,0,4,1,-1,9,1,40,7,-1,-1,-1,-1,8,-1,0,1
2024010492800,2024,010492800,2,1,0,13,13,1,5,0,0,1,0,0,0,0,4,1,1,1,1,23,5,-1,-1,-1,-1,2,E01003933,0,1
2024111462997,2024,111462997,1,9,0,-1,9,2,7,-1,0,8,0,0,0,0,4,1,-1,6,3,30,6,-1,-1,-1,-1,-1,-1,0,-1
2024010531594,2024,010531594,2,1,0,13,13,1,5,0,0,1,0,0,0,0,1,1,6,6,1,21,5,-1,-1,-1,-1,1,E01001790,0,1
2024010491855,2024,010491855,2,9,0,99,99,9,9,99,99,9,9,99,9,99,4,9,6,6,3,-1,-1,-1,-1,-1,-1,-1,-1,0,-1
2024161490077,2024,161490077,2,97,0,-1,19,4,7,-1,0,1,0,0,0,0,4,1,-1,6,1,44,7,-1,-1,-1,-1,-1,-1,0,-1
2024010497143,2024,010497143,2,9,0,99,99,9,9,99,99,9,9,99,9,99,1,9,6,6,3,-1,-1,-1,-1,-1,-1,-1,-1,0,-1
2024440466944,2024,440466944,1,9,0,1,1,2,6,0,0,1,0,0,0,0,2,1,6,6,3,-1,-1,-1,-1,-1,-1,-1,-1,0,-1
2024522402301,2024,522402301,2,9,0,99,99,9,9,0,0,8,0,0,0,0,9,1,6,6,3,-1,-1,-1,-1,-1,-1,-1,-1,0,-1
2024010489420,2024,010489420,1,1,9,99,99,9,9,99,99,9,9,99,9,99,9,1,2,2,1,41,7,-1,-1,-1,-1,8,E01001657,0,1
2024010497710,2024,010497710,2,9,0,18,19,8,4,0,0,0,0,0,0,0,1,1,6,6,1,24,5,-1,-1,-1,-1,2,E01001147,0,1
2024221427510,2024,221427510,3,9,0,-1,4,4,8,-1,0,0,0,0,0,0,0,9,-1,6,3,44,7,-1,-1,-1,-1,-1,-1,0,-1
202417M211424,2024,17M211424,2,1,0,-1,19,7,3,-1,0,1,0,0,0,0,3,1,-1,9,1,30,6,-1,-1,-1,-1,1,E01012114,0,1
2024131461302,2024,131461302,1,9,0,-1,-1,-1,-1,-1,-1,0,-1,-1,-1,0,-1,1,-1,6,3,-1,-1,-1,-1,-1,-1,-1,-1,0,-1
2024311447194,2024,311447194,2,9,0,-1,19,7,3,-1,0,1,0,0,0,0,4,1,-1,1,1,60,9,-1,-1,-1,-1,9,E01033777,0,3
2024010513729,2024,010513729,1,1,9,99,99,9,9,99,99,9,9,99,9,99,9,1,6,6,1,35,6,-1,-1,-1,-1,3,E01003334,0,2
2024211410965,2024,211410965,1,19,0,-1,1,8,4,-1,0,0,0,0,0,0,2,9,-1,9,3,-1,-1,-1,-1,-1,-1,-1,-1,0,-1
2024440561171,2024,440561171,2,9,0,18,19,1,5,0,0,1,0,0,0,0,1,1,6,6,1,-1,-1,-1,-1,-1,-1,-1,-1,0,-1
2024010488959,2024,010488959,2,9,0,18,19,7,3,0,0,1,0,0,0,0,1,1,6,6,1,26,6,-1,-1,-1,-1,4,E01003537,0,2
2024010494631,2024,010494631,2,8,0,99,99,9,9,99,99,5,9,99,9,99,1,9,6,6,3,-1,-1,-1,-1,-1,-1,-1,-1,0,-1
2024311524635,2024,311524635,2,1,0,-1,19,5,1,-1,0,1,0,0,0,0,4,1,-1,6,1,52,8,-1,-1,-1,-1,-1,-1,0,-1
2024010518648,2024,010518648,2,9,0,99,99,9,9,99,99,1,9,99,9,99,2,9,6,6,3,-1,-1,-1,-1,-1,-1,-1,-1,0,-1
2024010547792,2024,010547792,5,9,0,18,19,7,3,0,0,0,0,0,0,0,3,2,2,2,1,46,8,-1,-1,-1,-1,3,E01003479,0,3
2024041506664,2024,041506664,1,9,0,-1,19,-1,-1,-1,0,0,0,0,0,0,-1,9,-1,6,2,73,10,-1,-1,-1,-1,9,E01025064,0,1
2024071026703,2024,071026703,1,9,0,-1,19,2,6,-1,0,0,0,0,1,4,1,1,-1,9,1,22,5,-1,-1,-1,-1,8,E01018727,0,2
2024991434569,2024,991434569,2,9,0,-1,4,7,3,-1,0,0,0,0,1,9,2,1,-1,6,1,29,6,-1,-1,-1,-1,3,-1,0,4
2024531530924,2024,531530924,2,1,0,-1,19,5,1,-1,0,0,0,0,0,0,4,1,-1,1,1,52,8,-1,-1,-1,-1,7,E01022165,0,1
2024010507673,2024,010507673,3,9,0,2,2,0,0,0,0,8,0,0,0,0,3,2,6,6,3,-1,-1,-1,-1,-1,-1,-1,-1,0,-1
2024010500998,2024,010500998,1,19,0,7,7,1,3,0,0,1,0,0,0,0,1,1,6,6,3,-1,-1,-1,-1,-1,-1,-1,-1,0,-1
2024631438663,2024,631438663,2,19,0,-1,19,2,6,-1,0,8,0,0,0,0,4,1,-1,6,1,72,10,-1,-1,-1,-1,3,W01000838,0,4
2024302400507,2024,302400507,1,9,0,18,19,3,7,0,0,0,0,0,0,0,1,1,6,6,1,42,7,-1,-1,-1,-1,6,E01000927,0,5
2024101533429,2024,101533429,1,9,0,-1,1,0,0,-1,0,0,0,0,0,0,3,9,-1,6,3,65,9,-1,-1,-1,-1,-1,-1,0,-1
2024221427973,2024,221427973,2,9,0,-1,9,5,2,-1,0,6,0,0,0,0,1,9,-1,6,1,36,7,-1,-1,-1,-1,1,E01032434,0,1
2024401540761,2024,401540761,1,9,0,-1,5,6,2,-1,0,0,0,0,0,0,1,9,-1,6,2,40,7,-1,-1,-1,-1,-1,-1,0,-1
2024320011815,2024,320011815,2,1,0,-1,-1,4,8,0,0,1,5,0,0,0,2,1,6,6,1,37,7,-1,-1,-1,-1,-1,-1,0,-1
2024221415509,2024,221415509,1,9,0,-1,19,1,5,-1,0,0,0,4,0,0,1,1,-1,6,1,73,10,-1,-1,-1,-1,6,E01032288,0,1
2024010529431,2024,010529431,2,19,0,4,4,8,4,0,0,2,0,0,0,0,0,1,6,6,3,-1,-1,-1,-1,-1,-1,-1,-1,0,-1
2024440381629,2024,440381629,1,9,0,18,19,7,3,0,0,0,0,0,0,0,1,1,6,6,2,45,7,-1,-1,-1,-1,7,E01019996,0,5
2024010504557,2024,010504557,2,8,0,99,99,9,9,99,99,9,9,99,9,99,1,9,6,6,3,-1,-1,-1,-1,-1,-1,-1,-1,0,-1
2024010499216,2024,010499216,1,1,9,99,99,9,9,99,99,1,9,99,9,99,1,1,6,6,2,23,5,-1,-1,-1,-1,-1,-1,0,-1
2024451500763,2024,451500763,1,9,0,-1,19,1,5,-1,0,0,1,0,2,0,1,1,-1,2,2,21,5,-1,-1,-1,-1,8,E01030859,0,2
2024430052202,2024,430052202,1,9,0,18,19,7,3,0,0,0,0,0,0,0,1,1,3,7,1,54,8,-1,-1,-1,-1,7,E01017736,0,1
2024041512191,2024,041512191,1,1,0,-1,19,5,1,-1,0,0,0,0,0,0,1,1,-1,2,1,17,4,-1,-1,-1,-1,1,E01012650,0,1
2024061424476,2024,061424476,1,8,-1,-1,7,7,5,-1,0,1,0,0,0,0,1,9,-1,1,3,-1,-1,-1,-1,-1,-1,-1,-1,0,-1
2024631493163,2024,631493163,1,9,0,-1,19,3,7,-1,0,0,0,0,0,0,1,1,-1,9,2,78,11,-1,-1,-1,-1,6,E01009828,0,5
2024471443950,2024,471443950,1,98,0,-1,19,7,3,-1,0,1,0,0,0,0,1,2,-1,6,3,-1,-1,-1,-1,-1,-1,-1,-1,0,-1
2024991456308,2024,991456308,2,9,0,-1,19,5,1,-1,0,0,1,0,0,0,3,1,-1,9,1,23,5,-1,-1,-1,-1,4,-1,0,2
2024010516429,2024,010516429,3,9,0,1,1,7,3,0,0,0,0,0,0,0,0,1,6,6,3,-1,-1,-1,-1,-1,-1,-1,-1,0,-1
2024481507977,2024,481507977,1,1,0,-1,19,1,5,-1,0,2,0,0,0,0,1,1,-1,2,1,38,7,-1,-1,-1,-1,-1,-1,0,-1
2024010521007,2024,010521007,1,9,9,99,99,9,9,0,0,2,0,0,0,0,2,9,6,6,3,-1,-1,-1,-1,-1,-1,-1,-1,0,-1
2024320682172,2024,320682172,2,9,0,-1,-1,8,4,0,0,8,0,0,7,1,1,1,-1,-1,1,29,6,-1,-1,-1,-1,7,E01026392,0,3
2024071050082,2024,071050082,1,9,0,-1,4,5,1,-1,0,0,1,0,0,0,1,1,-1,9,1,42,7,-1,-1,-1,-1,1,E01009743,0,4
2024010519721,2024,010519721,1,23,0,18,19,3,7,9,9,0,0,0,0,0,4,1,6,6,1,33,6,-1,-1,-1,-1,3,E01000011,0,1
2024311468922,2024,311468922,2,1,0,-1,7,2,8,-1,0,2,1,11,0,0,1,1,-1,9,1,64,9,-1,-1,-1,-1,-1,-1,0,-1
2024010530588,2024,010530588,2,9,0,18,19,7,3,0,0,5,0,0,0,0,1,1,6,6,1,48,8,-1,-1,-1,-1,3,E01003950,0,1
2024522401919,2024,522401919,2,9,0,11,11,2,4,0,0,3,0,0,0,0,4,1,6,6,3,-1,-1,-1,-1,-1,-1,-1,-1,0,-1
2024010497901,2024,010497901,1,9,0,99,99,9,9,99,99,9,9,99,9,99,9,9,6,6,3,-1,-1,-1,-1,-1,-1,-1,-1,0,-1
2024010495566,2024,010495566,2,9,9,99,99,9,9,99,99,9,9,99,9,99,9,9,6,6,3,-1,-1,-1,-1,-1,-1,-1,-1,0,-1
2024010525215,2024,010525215,1,1,9,18,19,9,9,99,99,1,9,99,9,99,9,1,6,6,1,27,6,-1,-1,-1,-1,2,E01033882,0,2
2024010508767,2024,010508767,2,9,0,99,99,9,9,99,99,9,9,99,9,99,9,9,6,6,3,-1,-1,-1,-1,-1,-1,-1,-1,0,-1
2024010543108,2024,010543108,2,1,0,18,19,7,3,0,0,1,0,4,0,0,1,1,6,6,1,50,8,-1,-1,-1,-1,9,E01004058,0,1
2024010491278,2024,010491278,2,90,0,99,99,9,9,99,99,9,9,99,9,99,9,9,6,6,3,-1,-1,-1,-1,-1,-1,-1,-1,0,-1
2024010538268,2024,010538268,1,1,9,99,99,9,9,99,99,9,9,99,9,99,9,1,2,2,1,32,6,-1,-1,-1,-1,2,E01002669,0,1
2024231402409,2024,231402409,2,9,0,-1,2,0,0,-1,0,0,0,0,0,0,3,9,-1,7,2,32,6,-1,-1,-1,-1,8,E01035034,0,1
2024481561729,2024,481561729,1,21,0,-1,19,3,7,-1,0,2,0,0,0,0,4,1,-1,1,1,45,7,-1,-1,-1,-1,-1,-1,0,-1
2024010539271,2024,010539271,2,9,9,99,99,9,9,0,0,9,9,99,9,99,9,9,6,6,3,-1,-1,-1,-1,-1,-1,-1,-1,0,-1
2024461485908,2024,461485908,1,9,0,-1,19,7,3,-1,0,0,0,0,0,0,4,1,-1,9,1,23,5,-1,-1,-1,-1,3,E01035289,0,2
2024010526975,2024,010526975,2,1,9,99,99,9,9,99,99,9,9,99,9,99,1,1,6,6,3,-1,-1,-1,-1,-1,-1,-1,-1,0,-1
2024010497164,2024,010497164,2,9,0,99,99,9,9,99,99,0,9,99,9,99,3,9,6,6,3,-1,-1,-1,-1,-1,-1,-1,-1,0,-1
2024010526199,2024,010526199,1,9,0,99,99,9,9,99,99,9,9,99,9,99,1,9,6,6,1,38,7,-1,-1,-1,-1,3,E01002725,0,1
2024430175008,2024,430175008,1,3,0,14,14,8,4,0,0,0,0,0,0,0,4,1,2,2,1,46,8,-1,-1,-1,-1,5,E01016496,0,1
2024522401343,2024,522401343,1,8,0,18,19,6,2,0,0,2,0,0,0,0,1,1,6,6,3,-1,-1,-1,-1,-1,-1,-1,-1,0,-1
2024320344896,2024,320344896,2,1,0,-1,-1,8,4,9,9,8,0,0,0,0,3,1,6,6,1,45,7,-1,-1,-1,-1,-1,-1,0,-1
2024010533166,2024,010533166,2,1,0,9,9,1,6,0,0,1,0,0,0,0,1,1,6,6,2,24,5,-1,-1,-1,-1,8,E01002835,0,2
2024131507740,2024,131507740,1,9,0,-1,7,-1,-1,-1,0,1,-1,-1,-1,-1,-1,1,-1,6,3,-1,-1,-1,-1,-1,-1,-1,-1,0,-1
2024131435764,2024,131435764,1,5,0,-1,19,1,7,-1,0,3,0,0,0,0,4,1,-1,9,1,50,8,-1,-1,-1,-1,1,E01011282,0,1
2024461402624,2024,461402624,1,21,1,-1,12,1,5,-1,0,0,0,0,0,0,1,2,-1,1,1,42,7,-1,-1,-1,-1,-1,-1,0,-1
2024340NN3242,2024,340NN3242,1,-1,0,-1,19,1,5,-1,0,8,0,0,0,0,1,1,-1,2,2,41,7,-1,-1,-1,-1,2,E01026951,1,1
2024401397079,2024,401397079,2,1,0,-1,19,3,7,-1,0,8,0,0,0,0,2,1,-1,2,1,23,5,-1,-1,-1,-1,2,E01017400,0,1
2024010503341,2024,010503341,1,9,0,18,19,1,5,0,0,2,0,0,0,0,1,1,6,6,3,-1,-1,-1,-1,-1,-1,-1,-1,0,-1
2024071078024,2024,071078024,1,1,0,-1,19,8,4,-1,0,0,0,0,0,0,1,1,-1,9,1,51,8,-1,-1,-1,-1,8,E01018528,0,1
2024461520585,2024,461520585,1,22,0,-1,19,4,1,-1,0,4,5,0,1,0,0,1,-1,9,1,73,10,-1,-1,-1,-1,5,E01024122,0,1
2024332400054,2024,332400054,1,9,0,-1,19,6,2,-1,0,2,0,0,0,0,1,1,-1,6,1,19,4,-1,-1,-1,-1,5,E01032862,0,2
2024351527583,2024,351527583,1,19,0,-1,19,3,7,-1,0,0,0,0,0,0,1,1,-1,1,1,24,5,-1,-1,-1,-1,3,E01026719,0,4
2024010527910,2024,010527910,1,1,0,18,19,5,1,0,0,8,0,0,0,0,1,1,6,6,1,35,6,-1,-1,-1,-1,7,E01003957,0,1
2024131396334,2024,131396334,1,9,0,-1,5,6,8,-1,0,0,0,0,7,11,1,1,-1,6,1,59,9,-1,-1,-1,-1,9,E01011713,0,2
202454A897524,2024,54A897524,1,9,0,18,19,5,1,0,0,0,5,0,1,4,2,1,6,6,1,43,7,-1,-1,-1,-1,1,E01017274,0,4
2024461533286,2024,461533286,2,9,0,-1,19,6,2,-1,0,0,0,0,0,0,1,2,-1,9,1,78,11,-1,-1,-1,-1,1,E01035300,0,3
2024061403870,2024,061403870,2,1,-1,-1,9,8,6,-1,0,1,0,0,0,0,1,1,-1,2,1,51,8,-1,-1,-1,-1,9,E01019734,0,3
2024101518667,2024,101518667,2,19,0,-1,2,0,0,-1,0,0,0,0,0,0,0,2,-1,1,2,31,6,-1,-1,-1,-1,-1,-1,0,-1
202454F064324,2024,54F064324,1,9,0,13,13,2,6,0,0,2,0,0,0,0,4,1,6,6,3,-1,-1,-1,-1,-1,-1,-1,-1,0,-1
2024041412623,2024,041412623,1,9,0,-1,5,6,2,-1,0,0,0,0,0,0,1,1,-1,6,3,-1,-1,-1,-1,-1,-1,-1,-1,0,-1
2024421461227,2024,421461227,1,9,0,-1,19,2,6,-1,0,2,0,0,0,0,4,9,-1,6,1,-1,-1,-1,-1,-1,-1,-1,-1,0,-1
2024010492960,2024,010492960,2,9,0,2,2,9,9,99,99,9,9,99,9,99,9,9,6,6,3,-1,-1,-1,-1,-1,-1,-1,-1,0,-1
2024010490527,2024,010490527,2,9,9,99,99,9,9,99,99,9,9,99,9,99,9,9,6,6,1,-1,-1,-1,-1,-1,-1,-1,-1,0,-1
2024052401366,2024,052401366,1,23,0,18,19,6,2,0,0,0,0,0,0,0,1,1,6,6,1,17,4,-1,-1,-1,-1,1,E01006760,0,1
2024552400768,2024,552400768,1,11,0,4,4,2,6,0,0,0,0,0,0,0,1,1,1,1,1,60,9,-1,-1,-1,-1,4,E01032104,0,4
2024010494854,2024,010494854,1,9,0,18,19,1,5,0,0,0,0,0,0,0,1,1,6,6,1,64,9,-1,-1,-1,-1,3,E01001728,0,1
2024401419267,2024,401419267,2,1,0,-1,19,7,7,-1,0,0,2,0,0,0,2,1,-1,9,1,73,10,-1,-1,-1,-1,7,E01017510,0,2
2024131476310,2024,131476310,2,9,0,-1,10,7,3,-1,0,8,0,0,0,0,2,1,-1,1,1,27,6,-1,-1,-1,-1,2,E01011759,0,2
2024010511312,2024,010511312,2,9,0,99,99,9,9,99,99,9,9,99,9,99,1,9,6,6,3,-1,-1,-1,-1,-1,-1,5,E01017159,0,5
2024061407252,2024,061407252,1,9,0,-1,19,5,1,-1,0,8,0,0,0,0,1,9,-1,6,1,47,8,-1,-1,-1,-1,1,E01034120,0,1
2024451523754,2024,451523754,2,9,0,-1,1,1,3,-1,0,6,0,0,0,0,4,9,-1,6,1,30,6,-1,-1,-1,-1,-1,-1,0,-1
2024061523049,2024,061523049,1,8,0,-1,7,3,5,-1,0,1,0,0,0,0,4,9,-1,6,1,-1,-1,-1,-1,-1,-1,-1,-1,0,-1
2024010537354,2024,010537354,2,9,9,99,99,9,9,99,99,9,9,99,9,99,9,9,6,6,3,-1,-1,-1,-1,-1,-1,-1,-1,0,-1
2024010487810,2024,010487810,1,3,0,4,4,1,5,0,0,4,0,0,0,0,1,1,6,6,1,22,5,-1,-1,-1,-1,3,E01002723,0,1
2024351506968,2024,351506968,2,1,0,-1,19,8,4,-1,4,8,0,0,0,0,0,1,-1,6,2,29,6,-1,-1,-1,-1,4,-1,0,5
2024361458607,2024,361458607,2,1,0,-1,19,4,7,-1,4,0,0,0,0,0,1,1,-1,1,1,41,7,-1,-1,-1,-1,8,E01026913,0,3
2024010510966,2024,010510966,2,1,9,99,99,9,9,99,99,9,9,99,9,99,1,1,6,6,3,-1,-1,-1,-1,-1,-1,-1,-1,0,-1
2024010487702,2024,010487702,1,1,9,99,99,9,9,99,99,1,9,99,9,99,9,1,6,6,1,36,7,-1,-1,-1,-1,6,E01034580,0,1
2024302400547,2024,302400547,1,9,0,9,9,2,8,0,0,8,1,0,0,0,1,1,2,2,2,20,4,-1,-1,-1,-1,6,E01013519,0,1
2024351419217,2024,351419217,1,9,-1,-1,1,-1,-1,-1,0,1,0,0,0,0,-1,9,-1,6,3,-1,-1,-1,-1,-1,-1,-1,-1,0,-1
2024141457847,2024,141457847,1,9,0,-1,10,2,8,-1,0,1,0,0,0,0,3,1,-1,9,1,62,9,-1,-1,-1,-1,5,E01007558,0,1
2024010507453,2024,010507453,4,9,9,2,2,0,0,99,99,9,9,99,9,99,9,1,6,6,3,-1,-1,-1,-1,-1,-1,-1,-1,0,-1
2024101537235,2024,101537235,2,8,0,-1,19,2,6,-1,0,8,0,0,0,0,1,9,-1,6,3,35,6,-1,-1,-1,-1,-1,-1,0,-1
2024201529678,2024,201529678,2,1,0,-1,5,1,1,-1,0,6,0,0,0,0,3,1,-1,6,1,48,8,-1,-1,-1,-1,-1,-1,0,-1
2024010501334,2024,010501334,2,9,0,99,99,9,9,99,99,5,9,99,9,99,1,9,6,6,3,-1,-1,-1,-1,-1,-1,-1,-1,0,-1
2024461447122,2024,461447122,1,19,0,-1,19,4,8,-1,0,0,1,0,0,0,1,2,-1,9,1,58,9,-1,-1,-1,-1,-1,-1,0,-1
2024430593159,2024,430593159,2,9,0,9,9,7,5,0,0,6,0,0,0,0,3,1,1,1,1,51,8,-1,-1,-1,-1,-1,-1,0,-1
2024052401925,2024,052401925,1,1,0,18,19,3,7,0,0,8,0,0,0,0,1,1,6,6,1,56,9,-1,-1,-1,-1,6,E01007307,0,1
2024302401038,2024,302401038,2,9,0,16,19,5,8,0,0,0,0,0,0,0,3,1,6,6,1,27,6,-1,-1,-1,-1,5,E01019763,0,3
2024371513837,2024,371513837,2,1,0,-1,19,5,1,-1,0,1,2,0,0,0,1,1,-1,6,1,56,9,-1,-1,-1,-1,4,E01030219,0,2
2024430013627,2024,430013627,2,21,0,18,19,3,7,0,0,0,0,0,0,0,2,1,1,1,1,51,8,-1,-1,-1,-1,7,E01025682,0,5
2024101478911,2024,101478911,1,9,0,-1,9,7,3,-1,0,1,0,0,0,0,1,2,-1,9,1,40,7,-1,-1,-1,-1,-1,-1,0,-1
2024461409181,2024,461409181,2,1,0,-1,19,1,5,-1,0,0,0,0,0,0,1,1,-1,6,3,-1,-1,-1,-1,-1,-1,-1,-1,0,-1
2024201466012,2024,201466012,1,9,0,-1,5,6,2,-1,0,1,0,0,0,0,1,9,-1,6,3,18,4,-1,-1,-1,-1,-1,-1,0,-1
2024010496760,2024,010496760,2,9,0,99,99,9,9,99,99,9,9,99,9,99,1,9,6,6,3,-1,-1,-1,-1,-1,-1,-1,-1,0,-1
2024201528293,2024,201528293,1,9,0,-1,19,8,4,-1,0,0,0,0,0,0,1,9,-1,6,3,30,6,-1,-1,-1,-1,-1,-1,0,-1
2024201503583,2024,201503583,1,8,0,-1,19,3,7,-1,0,0,0,0,0,0,1,1,-1,1,1,45,7,-1,-1,-1,-1,7,E01029613,0,1