collision_index,collision_year,collision_ref_no,vehicle_reference,vehicle_type,towing_and_articulation,vehicle_manoeuvre_historic,vehicle_manoeuvre,vehicle_direction_from,vehicle_direction_to,vehicle_location_restricted_lane_historic,vehicle_location_restricted_lane,junction_location,skidding_and_overturning,hit_object_in_carriageway,vehicle_leaving_carriageway,hit_object_off_carriageway,first_point_of_impact,vehicle_left_hand_drive,journey_purpose_of_driver_historic,journey_purpose_of_driver,sex_of_driver,age_of_driver,age_band_of_driver,engine_capacity_cc,propulsion_code,age_of_vehicle,generic_make_model,driver_imd_decile,lsoa_of_driver,escooter_flag,driver_distance_banding
2024010491000,2024,010491000,1,1,9,99,99,9,9,99,99,9,9,99,9,99,9,1,2,2,2,51,8,-1,-1,-1,-1,6,E01004532,0,1
2024141451204,2024,141451204,2,9,0,-1,-1,-1,-1,-1,-1,0,-1,-1,-1,0,-1,9,-1,6,3,-1,-1,-1,-1,-1,-1,-1,-1,0,-1
2024010547436,2024,010547436,2,1,9,99,99,9,9,99,99,9,9,99,9,99,1,1,2,2,2,28,6,-1,-1,-1,-1,4,E01000922,0,1
2024010492033,2024,010492033,1,5,0,13,13,1,5,0,0,0,0,0,0,0,4,1,6,6,1,58,9,-1,-1,-1,-1,2,E01001437,0,2
2024041400127,2024,041400127,2,1,0,-1,19,-1,-1,-1,0,1,0,0,0,0,-1,1,-1,6,1,51,8,-1,-1,-1,-1,5,E01025193,0,1
2024141445542,2024,141445542,2,9,0,-1,1,3,7,-1,0,0,0,0,0,0,2,9,-1,6,3,-1,-1,-1,-1,-1,-1,-1,-1,0,-1
2024440185428,2024,440185428,3,9,0,2,2,0,0,0,0,0,0,0,0,0,2,1,6,6,3,-1,-1,-1,-1,-1,-1,-1,-1,0,-1
2024161472041,2024,161472041,1,1,0,-1,19,2,6,-1,0,0,0,0,0,0,1,1,-1,7,1,13,3,-1,-1,-1,-1,2,E01013283,0,1
2024991397558,2024,991397558,1,9,0,-1,19,3,7,-1,0,8,1,9,7,0,1,1,-1,9,1,20,4,-1,-1,-1,-1,10,-1,0,4
2024010547165,2024,010547165,1,19,0,7,7,1,3,0,0,8,9,11,0,0,2,9,6,6,3,-1,-1,-1,-1,-1,-1,-1,-1,0,-1
2024471443835,2024,471443835,1,1,0,-1,4,3,7,-1,4,1,2,0,1,0,3,1,-1,7,2,17,4,-1,-1,-1,-1,9,E01031505,0,1
2024440287439,2024,440287439,2,1,0,18,19,3,6,0,0,0,0,0,0,0,0,1,6,6,2,61,9,-1,-1,-1,-1,9,E01034720,0,1
2024421396548,2024,421396548,1,99,0,-1,19,1,5,-1,0,0,0,0,0,0,1,9,-1,6,3,17,4,-1,-1,-1,-1,-1,-1,0,-1
2024471404016,2024,471404016,1,1,0,-1,19,6,2,-1,99,8,0,0,0,0,2,1,-1,1,2,22,5,-1,-1,-1,-1,10,E01031691,0,1
2024101487869,2024,101487869,2,1,0,-1,12,3,7,-1,0,0,0,0,0,0,2,1,-1,2,1,50,8,-1,-1,-1,-1,8,E01008538,0,1
2024061406062,2024,061406062,2,1,0,-1,19,1,5,-1,0,1,5,0,0,0,3,1,-1,9,1,72,10,-1,-1,-1,-1,-1,-1,0,-1
2024430156704,2024,430156704,2,21,0,18,19,8,4,0,0,0,0,0,0,0,3,1,6,6,1,-1,-1,-1,-1,-1,-1,-1,-1,0,-1
2024010490259,2024,010490259,2,9,0,99,99,9,9,99,99,9,9,99,9,99,9,9,6,6,3,-1,-1,-1,-1,-1,-1,-1,-1,0,-1
2024547390424,2024,547390424,1,1,0,16,19,6,1,0,0,1,0,0,0,0,1,1,6,6,1,53,8,-1,-1,-1,-1,7,E01034540,0,2
2024010493672,2024,010493672,1,11,0,5,5,5,1,0,0,4,0,99,0,0,3,1,1,1,1,38,7,-1,-1,-1,-1,4,E01003118,0,2
2024010519103,2024,010519103,2,1,0,18,19,7,3,4,4,1,0,0,0,0,1,1,6,6,1,47,8,-1,-1,-1,-1,3,E01003630,0,1
2024302400815,2024,302400815,1,9,0,18,19,1,5,0,0,8,0,0,0,0,1,1,6,6,1,-1,-1,-1,-1,-1,-1,6,E01019741,0,1
2024522402856,2024,522402856,1,97,0,18,19,8,4,0,0,6,0,0,0,0,1,1,6,6,1,19,4,-1,-1,-1,-1,2,E01014694,0,1
2024010488459,2024,010488459,1,3,0,99,99,9,9,99,99,9,9,99,9,99,9,1,6,6,1,23,5,-1,-1,-1,-1,5,E01000615,0,1
2024010489066,2024,010489066,1,9,0,99,99,9,9,99,99,9,9,99,9,99,2,9,6,6,2,60,9,-1,-1,-1,-1,4,E01001478,0,1
2024231492840,2024,231492840,2,9,0,-1,19,7,3,-1,0,8,0,0,0,0,1,1,-1,6,1,70,10,-1,-1,-1,-1,2,E01031097,0,1
2024041403416,2024,041403416,2,19,0,-1,19,1,5,-1,0,0,0,0,0,0,2,1,-1,1,1,48,8,-1,-1,-1,-1,5,E01019306,0,5
2024440094655,2024,440094655,1,1,0,18,19,8,4,0,0,8,0,0,0,0,4,1,6,6,1,25,5,-1,-1,-1,-1,-1,-1,0,-1
2024101482039,2024,101482039,1,3,0,-1,19,7,3,-1,0,1,0,0,0,0,1,1,-1,9,1,33,6,-1,-1,-1,-1,3,E01008396,0,1
2024552400550,2024,552400550,1,19,0,18,19,2,6,0,0,1,0,0,0,0,1,1,6,6,3,-1,-1,-1,-1,-1,-1,-1,-1,0,-1
2024451509509,2024,451509509,2,9,0,-1,19,1,5,-1,0,1,0,0,0,0,1,1,-1,9,1,73,10,-1,-1,-1,-1,10,E01030447,0,1
2024631456284,2024,631456284,1,9,0,-1,13,8,4,-1,0,1,0,0,0,0,0,1,-1,6,3,-1,-1,-1,-1,-1,-1,-1,-1,0,-1
2024101456089,2024,101456089,1,9,0,-1,4,2,2,-1,9,3,0,0,0,0,1,1,-1,6,2,80,11,-1,-1,-1,-1,4,E01027373,0,4
2024010528317,2024,010528317,1,1,9,99,99,9,9,99,99,9,9,99,9,99,9,1,2,2,1,33,6,-1,-1,-1,-1,3,E01001774,0,1
2024221490569,2024,221490569,1,9,0,-1,19,2,6,-1,0,8,0,0,0,0,1,1,-1,2,1,48,8,-1,-1,-1,-1,5,E01032309,0,1
2024010537415,2024,010537415,1,9,0,99,99,9,9,99,99,9,9,99,9,99,2,9,6,6,3,-1,-1,-1,-1,-1,-1,-1,-1,0,-1
2024010488240,2024,010488240,1,9,0,17,19,1,5,0,0,1,0,0,0,0,1,1,6,6,1,55,8,-1,-1,-1,-1,10,E01023451,0,4
2024302500183,2024,302500183,1,9,0,18,19,7,3,0,0,0,0,0,0,0,1,1,6,6,1,80,11,-1,-1,-1,-1,10,E01019828,0,2
2024320086422,2024,320086422,2,9,0,10,10,6,4,0,0,5,0,0,7,10,2,1,-1,-1,2,48,8,-1,-1,-1,-1,7,E01026348,0,1
2024311412570,2024,311412570,2,1,0,-1,19,7,3,-1,0,1,0,0,0,0,1,1,-1,2,1,58,9,-1,-1,-1,-1,5,E01013816,0,1
2024361495833,2024,361495833,2,1,0,-1,19,2,6,-1,0,0,0,0,1,0,2,1,-1,6,1,30,6,-1,-1,-1,-1,5,E01026433,0,1
2024991523453,2024,991523453,1,9,0,-1,9,7,4,-1,0,2,0,0,0,0,1,1,-1,9,1,50,8,-1,-1,-1,-1,2,-1,0,2
2024052402381,2024,052402381,2,1,0,18,19,2,6,0,0,1,0,0,0,0,4,1,2,2,1,25,5,-1,-1,-1,-1,1,E01033747,0,1
2024141462463,2024,141462463,2,1,0,-1,19,3,7,-1,0,0,0,0,0,0,3,1,-1,6,1,76,11,-1,-1,-1,-1,9,E01007603,0,1
2024070135002,2024,070135002,1,9,0,18,19,8,4,6,6,0,0,0,0,0,4,1,6,6,2,55,8,-1,-1,-1,-1,3,E01018729,0,1
2024221430135,2024,221430135,1,9,0,-1,1,3,7,-1,0,8,0,0,0,0,2,9,-1,6,1,73,10,-1,-1,-1,-1,8,E01014040,0,1
2024010533675,2024,010533675,2,1,0,9,9,5,4,0,0,4,0,0,0,0,3,1,6,6,2,55,8,-1,-1,-1,-1,3,E01000523,0,1
2024010489501,2024,010489501,2,3,0,3,3,7,3,0,0,1,0,0,0,0,2,1,1,1,2,40,7,-1,-1,-1,-1,2,E01002100,0,1
2024361400669,2024,361400669,1,-1,0,-1,19,1,3,-1,0,1,0,0,0,0,0,1,-1,7,1,49,8,-1,-1,-1,-1,5,E01026873,1,4
2024430352282,2024,430352282,2,1,0,3,3,5,1,0,0,1,0,0,0,0,2,1,6,6,1,62,9,-1,-1,-1,-1,8,E01017814,0,1
2024430026588,2024,430026588,1,9,0,18,19,4,8,0,0,0,0,4,0,0,1,1,1,1,1,61,9,-1,-1,-1,-1,10,E01016318,0,1
2024332400130,2024,332400130,1,9,0,-1,19,8,2,-1,0,0,0,0,0,0,1,1,-1,6,1,50,8,-1,-1,-1,-1,7,E01025812,0,3
2024430073648,2024,430073648,2,1,0,18,19,1,5,0,0,8,0,0,0,0,1,1,3,7,2,36,7,-1,-1,-1,-1,8,E01028510,0,1
2024010531953,2024,010531953,1,9,0,99,99,9,9,99,99,9,9,99,9,99,1,9,6,6,3,-1,-1,-1,-1,-1,-1,-1,-1,0,-1
2024421507430,2024,421507430,1,1,0,-1,19,5,5,-1,5,1,0,0,0,0,1,1,-1,6,1,33,6,-1,-1,-1,-1,7,E01001474,0,3
2024010494256,2024,010494256,2,9,0,2,2,0,0,2,2,2,0,0,0,0,2,1,6,6,3,-1,-1,-1,-1,-1,-1,-1,-1,0,-1
2024440362419,2024,440362419,1,20,0,4,4,2,6,0,0,0,1,0,0,0,1,1,1,1,1,24,5,-1,-1,-1,-1,3,E01022801,0,4
2024061528520,2024,061528520,1,99,0,-1,9,6,4,-1,0,1,0,0,0,0,-1,9,-1,6,3,-1,-1,-1,-1,-1,-1,-1,-1,0,-1
2024131458970,2024,131458970,1,1,0,-1,19,7,3,-1,0,8,5,0,0,0,1,1,-1,6,1,72,10,-1,-1,-1,-1,7,E01024914,0,3
2024010521548,2024,010521548,2,9,0,4,4,5,1,0,0,1,0,0,0,0,2,1,1,1,1,34,6,-1,-1,-1,-1,2,E01010336,0,5
2024421473775,2024,421473775,1,-1,0,-1,19,-1,-1,-1,0,0,0,0,0,0,1,1,-1,6,3,-1,-1,-1,-1,-1,-1,-1,-1,1,-1
2024010512206,2024,010512206,1,1,0,18,19,5,1,0,0,1,0,0,0,0,1,1,2,2,1,22,5,-1,-1,-1,-1,3,E01003326,0,1
2024201540107,2024,201540107,1,9,0,-1,19,8,4,-1,0,1,0,0,0,0,2,9,-1,6,3,-1,-1,-1,-1,-1,-1,-1,-1,0,-1
2024010496332,2024,010496332,2,9,0,18,19,3,7,0,0,0,0,0,0,0,1,1,6,6,2,23,5,-1,-1,-1,-1,2,E01004247,0,2
2024991465378,2024,991465378,1,9,0,-1,19,0,0,-1,0,0,0,0,0,0,3,1,-1,6,2,32,6,-1,-1,-1,-1,1,-1,0,1
2024141489907,2024,141489907,2,9,0,-1,19,1,5,-1,0,8,0,0,0,0,1,9,-1,6,3,-1,-1,-1,-1,-1,-1,-1,-1,0,-1
2024201501360,2024,201501360,2,1,0,-1,19,2,6,-1,9,8,0,0,0,0,1,1,-1,6,1,43,7,-1,-1,-1,-1,-1,-1,0,-1
2024991488485,2024,991488485,1,9,0,-1,19,1,5,-1,0,1,0,0,0,0,1,1,-1,2,1,38,7,-1,-1,-1,-1,7,-1,0,2
2024010543177,2024,010543177,2,9,0,99,99,9,9,99,99,9,9,99,9,99,9,9,6,6,3,-1,-1,-1,-1,-1,-1,-1,-1,0,-1
2024311441735,2024,311441735,1,9,0,-1,19,-1,-1,-1,0,0,0,0,0,0,1,1,-1,6,3,-1,-1,-1,-1,-1,-1,-1,-1,0,-1
2024010513059,2024,010513059,1,1,9,99,99,9,9,99,99,9,9,99,9,99,9,1,2,2,1,55,8,-1,-1,-1,-1,3,E01003251,0,1
2024501439792,2024,501439792,2,9,0,-1,19,7,3,-1,0,0,0,0,0,0,2,1,-1,2,1,35,6,-1,-1,-1,-1,5,E01019065,0,4
2024451460662,2024,451460662,2,9,0,-1,19,7,3,-1,0,0,0,0,1,7,2,2,-1,9,2,24,5,-1,-1,-1,-1,3,E01003438,0,4
2024302401063,2024,302401063,2,9,0,7,7,5,7,0,0,6,0,0,0,0,3,1,6,6,3,-1,-1,-1,-1,-1,-1,5,E01019456,0,3
2024010545896,2024,010545896,1,1,0,18,19,1,5,4,4,0,0,0,0,0,1,1,2,2,1,38,7,-1,-1,-1,-1,10,E01017751,0,4
2024311483053,2024,311483053,1,1,0,-1,19,6,2,-1,5,4,0,0,0,0,1,1,-1,6,1,27,6,-1,-1,-1,-1,-1,-1,0,-1
2024010487292,2024,010487292,2,9,0,16,19,1,5,0,0,8,0,0,0,0,1,1,6,6,2,35,6,-1,-1,-1,-1,3,E01034609,0,1
2024010542046,2024,010542046,1,9,0,18,19,5,1,0,0,8,1,0,0,0,1,1,6,6,1,21,5,-1,-1,-1,-1,3,E01002542,0,2
2024041430565,2024,041430565,2,98,0,-1,19,7,3,-1,0,0,0,0,0,0,1,1,-1,6,3,-1,-1,-1,-1,-1,-1,-1,-1,0,-1
2024161441379,2024,161441379,2,-1,0,-1,19,1,5,-1,0,0,0,0,0,0,0,1,-1,9,2,9,2,-1,-1,-1,-1,1,E01032595,1,1
2024451395025,2024,451395025,2,9,0,-1,19,7,3,-1,0,8,0,0,0,0,1,9,-1,6,3,40,7,-1,-1,-1,-1,-1,-1,0,-1
2024430424657,2024,430424657,2,19,0,18,19,4,1,0,0,0,0,0,0,0,4,1,6,6,1,30,6,-1,-1,-1,-1,4,E01002973,0,4
2024010543904,2024,010543904,1,1,9,99,99,9,9,4,4,0,9,99,9,99,9,1,6,6,2,49,8,-1,-1,-1,-1,3,E01004240,0,1
2024221429939,2024,221429939,2,9,0,-1,4,4,8,-1,0,1,0,0,0,0,1,9,-1,6,1,37,7,-1,-1,-1,-1,-1,-1,0,-1
2024430363787,2024,430363787,2,9,0,4,4,1,5,0,0,0,0,0,0,0,2,1,6,6,1,63,9,-1,-1,-1,-1,9,E01024997,0,5
2024010512226,2024,010512226,2,1,0,17,19,5,1,0,0,0,0,10,0,0,4,1,2,2,1,57,9,-1,-1,-1,-1,10,E01030418,0,2
2024311440421,2024,311440421,1,1,0,-1,19,5,1,-1,0,0,0,0,0,0,2,1,-1,9,1,12,3,-1,-1,-1,-1,-1,-1,0,-1
2024010548441,2024,010548441,1,9,0,18,19,5,1,9,9,2,0,0,1,0,1,1,6,6,3,-1,-1,-1,-1,-1,-1,-1,-1,0,-1
2024010496689,2024,010496689,1,9,0,99,99,9,9,99,99,9,9,99,9,99,2,9,6,6,2,19,4,-1,-1,-1,-1,10,E01002389,0,2
2024531423672,2024,531423672,2,1,0,-1,5,6,2,-1,0,8,0,0,0,0,3,1,-1,6,1,44,7,-1,-1,-1,-1,7,E01022303,0,1
2024052401503,2024,052401503,1,9,0,18,19,5,1,0,0,1,0,0,0,0,1,1,6,6,3,-1,-1,-1,-1,-1,-1,-1,-1,0,-1
2024471430975,2024,471430975,1,9,0,-1,-1,-1,-1,-1,-1,0,-1,-1,-1,0,-1,9,-1,6,3,-1,-1,-1,-1,-1,-1,-1,-1,0,-1
2024010503023,2024,010503023,1,1,9,99,99,9,9,99,99,9,9,99,9,99,1,1,1,1,1,24,5,-1,-1,-1,-1,5,E01000975,0,1
2024010525095,2024,010525095,2,1,9,99,99,9,9,99,99,6,9,99,9,99,1,1,1,1,1,-1,-1,-1,-1,-1,-1,-1,-1,0,-1
2024052400409,2024,052400409,1,9,0,18,19,3,7,0,0,2,0,0,0,0,1,1,6,6,1,-1,-1,-1,-1,-1,-1,-1,-1,0,-1
2024010497398,2024,010497398,2,98,0,99,99,9,9,99,99,9,9,99,9,99,9,9,6,6,3,-1,-1,-1,-1,-1,-1,6,E01003226,0,1
2024010494088,2024,010494088,1,21,0,5,5,1,5,0,0,1,0,0,0,0,1,1,1,1,1,44,7,-1,-1,-1,-1,2,E01003070,0,2
2024411492835,2024,411492835,2,1,0,-1,19,1,5,-1,0,8,0,0,0,0,1,1,-1,6,1,35,6,-1,-1,-1,-1,9,E01023660,0,1
2024010487436,2024,010487436,1,11,0,5,5,3,7,0,0,8,0,0,0,0,1,1,1,1,1,55,8,-1,-1,-1,-1,1,E01004670,0,1
2024430598727,2024,430598727,2,9,0,18,19,4,8,0,0,1,0,0,0,0,1,1,6,6,1,26,6,-1,-1,-1,-1,9,E01035266,0,2
2024320617752,2024,320617752,1,9,0,-1,-1,4,8,0,0,1,0,0,0,0,1,1,6,6,3,-1,-1,-1,-1,-1,-1,-1,-1,0,-1
2024061482443,2024,061482443,1,9,0,-1,9,-1,-1,-1,0,5,1,7,2,10,3,1,-1,6,2,-1,-1,-1,-1,-1,-1,2,E01005280,0,1
2024201484509,2024,201484509,1,99,0,-1,4,2,6,-1,0,0,0,0,0,0,1,9,-1,9,3,-1,-1,-1,-1,-1,-1,-1,-1,0,-1
2024070639551,2024,070639551,1,9,0,-1,-1,2,6,0,0,0,0,0,0,0,4,1,6,6,3,-1,-1,-1,-1,-1,-1,-1,-1,0,-1
2024061470921,2024,061470921,1,1,0,-1,19,-1,-1,-1,0,8,2,0,0,0,1,1,-1,9,1,62,9,-1,-1,-1,-1,2,E01004855,0,1
2024411529293,2024,411529293,1,20,-1,-1,-1,-1,-1,-1,-1,0,-1,-1,-1,0,-1,9,-1,6,3,-1,-1,-1,-1,-1,-1,-1,-1,0,-1
2024471472527,2024,471472527,2,99,-1,-1,12,3,7,-1,0,0,0,0,0,0,0,9,-1,6,3,-1,-1,-1,-1,-1,-1,-1,-1,0,-1
2024010530588,2024,010530588,1,1,0,18,19,7,3,0,0,5,0,0,0,0,1,1,6,6,1,39,7,-1,-1,-1,-1,2,E01003995,0,1
2024010546806,2024,010546806,1,9,0,-1,-1,3,7,0,0,0,0,0,0,0,3,1,6,6,2,56,9,-1,-1,-1,-1,-1,-1,0,-1
2024010511613,2024,010511613,2,9,0,99,99,9,9,99,99,9,9,99,9,99,1,9,6,6,3,-1,-1,-1,-1,-1,-1,-1,-1,0,-1
2024010524000,2024,010524000,1,1,0,18,19,7,3,0,0,0,5,0,0,0,1,1,6,6,1,36,7,-1,-1,-1,-1,9,E01000894,0,3
2024010509665,2024,010509665,2,9,0,99,99,9,9,99,99,9,9,99,9,99,9,9,6,6,3,-1,-1,-1,-1,-1,-1,-1,-1,0,-1
2024010531323,2024,010531323,1,1,9,18,19,6,2,99,99,9,9,99,9,99,9,1,6,6,3,-1,-1,-1,-1,-1,-1,-1,-1,0,-1
2024440309864,2024,440309864,1,90,0,18,19,3,7,0,0,0,0,0,0,0,1,1,6,6,3,-1,-1,-1,-1,-1,-1,-1,-1,0,-1
2024520401456,2024,520401456,2,9,9,18,19,1,7,0,0,8,0,0,0,0,1,9,6,6,3,-1,-1,-1,-1,-1,-1,-1,-1,0,-1
2024522401974,2024,522401974,1,9,0,18,19,2,6,0,0,0,0,0,0,0,1,1,6,6,3,-1,-1,-1,-1,-1,-1,-1,-1,0,-1
2024010533082,2024,010533082,1,1,0,18,19,5,1,0,0,1,0,0,0,0,1,1,6,6,1,48,8,-1,-1,-1,-1,4,E01001023,0,1
2024010496196,2024,010496196,2,9,0,3,3,2,6,0,0,0,0,0,0,0,2,1,2,2,2,40,7,-1,-1,-1,-1,3,E01004434,0,1
2024061519582,2024,061519582,2,1,0,-1,19,5,1,-1,0,0,0,0,0,0,1,1,-1,6,2,27,6,-1,-1,-1,-1,2,E01006352,0,1
2024010536218,2024,010536218,1,1,9,99,99,9,9,99,99,9,9,99,9,99,9,1,2,2,2,38,7,-1,-1,-1,-1,2,E01002767,0,1
2024010532940,2024,010532940,2,20,1,99,99,9,9,99,99,9,9,99,9,99,2,9,6,6,3,57,9,-1,-1,-1,-1,-1,-1,0,-1
2024211463202,2024,211463202,2,9,0,-1,19,1,5,-1,0,1,0,0,0,0,3,1,-1,9,2,36,7,-1,-1,-1,-1,6,E01029371,0,1
2024401465270,2024,401465270,1,21,1,-1,12,1,5,-1,0,0,0,0,0,0,3,2,-1,1,1,33,6,-1,-1,-1,-1,-1,-1,0,-1
2024141557883,2024,141557883,1,9,0,-1,1,1,5,-1,0,0,0,0,0,0,2,9,-1,6,1,-1,-1,-1,-1,-1,-1,-1,-1,0,-1
2024201471461,2024,201471461,1,9,0,-1,19,1,5,-1,0,6,0,0,0,0,0,9,-1,6,3,-1,-1,-1,-1,-1,-1,-1,-1,0,-1
2024471501813,2024,471501813,2,9,-1,-1,12,7,3,-1,0,0,0,0,0,0,3,9,-1,6,3,-1,-1,-1,-1,-1,-1,-1,-1,0,-1
2024010516070,2024,010516070,2,9,9,99,99,9,9,99,99,9,9,99,9,99,9,9,6,6,3,-1,-1,-1,-1,-1,-1,-1,-1,0,-1
2024010547833,2024,010547833,2,1,0,18,19,7,3,0,0,8,0,0,0,0,1,1,6,6,1,16,4,-1,-1,-1,-1,7,E01004700,0,1
2024481472306,2024,481472306,1,1,0,-1,19,3,7,-1,0,0,0,0,0,0,3,1,-1,2,2,53,8,-1,-1,-1,-1,-1,-1,0,-1
2024451513591,2024,451513591,2,9,0,-1,5,3,7,-1,0,0,0,0,0,0,3,1,-1,6,2,-1,-1,-1,-1,-1,-1,-1,-1,0,-1
2024010544869,2024,010544869,1,1,9,99,99,9,9,99,99,9,9,99,9,99,9,1,2,2,2,35,6,-1,-1,-1,-1,5,E01004513,0,1
2024070580423,2024,070580423,1,9,0,-1,-1,7,3,0,0,0,0,0,0,0,2,1,6,6,1,56,9,-1,-1,-1,-1,9,E01018696,0,3
2024622500070,2024,622500070,1,9,0,17,19,6,3,0,0,0,5,0,1,7,1,1,6,6,1,35,6,-1,-1,-1,-1,2,W01000930,0,1
2024411514819,2024,411514819,2,1,0,-1,19,1,5,-1,0,0,0,0,0,0,3,1,-1,9,1,74,10,-1,-1,-1,-1,10,E01035587,0,1
2024421398733,2024,421398733,2,-1,0,-1,19,7,3,-1,0,0,0,0,0,0,3,1,-1,2,2,30,6,-1,-1,-1,-1,7,E01021628,1,1
2024991426493,2024,991426493,1,9,0,-1,1,4,8,-1,0,2,0,0,1,0,2,1,-1,9,1,38,7,-1,-1,-1,-1,7,-1,0,1
2024010545588,2024,010545588,1,1,9,99,99,9,9,99,99,9,9,99,9,99,2,1,2,2,1,26,6,-1,-1,-1,-1,4,E01003209,0,1
2024421417602,2024,421417602,2,9,0,-1,3,3,1,-1,0,3,0,0,0,0,1,1,-1,6,2,27,6,-1,-1,-1,-1,6,E01021258,0,1
2024552400704,2024,552400704,2,1,0,18,19,5,1,4,4,8,0,0,0,0,1,1,6,6,1,55,8,-1,-1,-1,-1,5,E01015427,0,1
2024451499437,2024,451499437,1,9,0,-1,19,8,4,-1,0,1,0,0,0,0,1,1,-1,1,1,27,6,-1,-1,-1,-1,10,E01030352,0,2
2024131429600,2024,131429600,1,11,0,-1,-1,-1,-1,-1,-1,-1,-1,-1,-1,-1,-1,1,-1,6,3,-1,-1,-1,-1,-1,-1,-1,-1,0,-1
2024101575222,2024,101575222,2,1,0,-1,19,5,1,-1,0,1,0,0,0,0,3,1,-1,6,1,67,10,-1,-1,-1,-1,-1,-1,0,-1
2024501455820,2024,501455820,1,9,0,-1,5,1,5,-1,0,6,0,0,0,0,3,1,-1,1,2,42,7,-1,-1,-1,-1,6,E01018764,0,1
2024010539425,2024,010539425,1,1,0,99,99,9,9,4,4,8,0,0,0,0,4,1,6,6,2,30,6,-1,-1,-1,-1,7,E01001583,0,1
2024201482428,2024,201482428,2,9,0,-1,9,1,8,-1,0,6,0,0,0,0,3,9,-1,7,3,-1,-1,-1,-1,-1,-1,-1,-1,0,-1
2024471408150,2024,471408150,1,9,0,-1,19,7,3,-1,0,1,0,0,0,0,4,1,-1,9,2,44,7,-1,-1,-1,-1,10,E01035347,0,3
2024111500660,2024,111500660,2,1,0,-1,19,1,5,-1,0,0,0,0,0,0,3,1,-1,9,1,57,9,-1,-1,-1,-1,8,E01020756,0,1
2024131494067,2024,131494067,1,9,0,-1,19,7,3,-1,0,0,0,0,0,0,1,1,-1,6,1,20,4,-1,-1,-1,-1,6,E01010582,0,1
2024041532022,2024,041532022,1,9,0,-1,-1,-1,-1,-1,0,-1,0,0,0,0,-1,9,-1,6,3,-1,-1,-1,-1,-1,-1,-1,-1,0,-1
2024041434307,2024,041434307,1,1,0,-1,5,1,4,-1,0,6,0,0,1,0,3,1,-1,6,1,39,7,-1,-1,-1,-1,5,E01025458,0,1
2024131527479,2024,131527479,2,1,0,-1,19,3,7,-1,0,0,0,0,0,0,1,1,-1,9,1,17,4,-1,-1,-1,-1,8,E01011930,0,1
2024451434593,2024,451434593,2,9,0,-1,-1,-1,-1,-1,-1,0,-1,-1,-1,0,-1,9,-1,6,3,-1,-1,-1,-1,-1,-1,-1,-1,0,-1
2024010527476,2024,010527476,1,1,9,18,19,9,9,5,5,1,9,99,0,99,1,1,6,6,2,33,6,-1,-1,-1,-1,3,E01034388,0,1
2024302401611,2024,302401611,3,20,0,9,9,7,4,0,0,2,0,0,0,0,0,1,6,6,3,-1,-1,-1,-1,-1,-1,5,E01019456,0,4
2024010497327,2024,010497327,1,3,0,99,99,9,9,99,99,1,9,99,9,99,9,1,1,1,3,34,6,-1,-1,-1,-1,6,E01001245,0,1
2024371483600,2024,371483600,1,9,0,-1,19,-1,-1,-1,0,4,0,0,0,0,3,1,-1,6,2,63,9,-1,-1,-1,-1,3,E01029996,0,1
2024010523038,2024,010523038,2,9,0,99,99,9,9,99,99,9,9,99,9,99,1,9,6,6,3,-1,-1,-1,-1,-1,-1,-1,-1,0,-1
2024061398926,2024,061398926,3,1,0,-1,19,6,2,-1,9,0,0,11,0,0,1,1,-1,2,1,54,8,-1,-1,-1,-1,4,E01005751,0,1
2024111405868,2024,111405868,2,1,0,-1,19,7,2,-1,0,8,0,0,0,0,2,1,-1,9,1,55,8,-1,-1,-1,-1,10,E01012339,0,3
2024481507948,2024,481507948,1,1,0,-1,13,5,1,-1,0,8,0,0,0,0,4,1,-1,9,1,54,8,-1,-1,-1,-1,-1,-1,0,-1
2024010524543,2024,010524543,2,-1,0,18,19,7,3,0,0,2,0,0,0,0,1,1,6,6,1,35,6,-1,-1,-1,-1,3,E01001941,1,1
2024411399577,2024,411399577,1,9,0,-1,2,5,8,-1,0,0,0,0,0,0,1,1,-1,1,1,64,9,-1,-1,-1,-1,6,E01004447,0,3
2024101420917,2024,101420917,1,9,-1,-1,-1,-1,-1,-1,-1,0,-1,-1,-1,0,-1,9,-1,6,3,-1,-1,-1,-1,-1,-1,-1,-1,0,-1
2024010503986,2024,010503986,2,1,0,18,19,7,3,5,5,8,0,0,0,0,3,1,6,6,1,33,6,-1,-1,-1,-1,4,E01004303,0,1
2024010548701,2024,010548701,2,90,0,18,19,5,1,0,0,8,0,0,0,0,1,1,1,1,1,33,6,-1,-1,-1,-1,8,E01003649,0,3
2024010493210,2024,010493210,2,9,0,99,99,9,9,99,99,9,9,99,9,99,9,9,6,6,1,28,6,-1,-1,-1,-1,2,E01001955,0,3
2024031522836,2024,031522836,2,9,0,-1,19,5,1,-1,0,1,0,0,0,0,4,1,-1,6,2,41,7,-1,-1,-1,-1,-1,-1,0,-1
2024501467572,2024,501467572,3,1,0,-1,19,2,6,-1,0,1,1,0,0,0,1,1,-1,6,1,61,9,-1,-1,-1,-1,3,E01018998,0,3
2024041428549,2024,041428549,1,1,0,-1,19,1,5,-1,0,1,0,0,0,0,1,1,-1,6,1,17,4,-1,-1,-1,-1,1,E01012738,0,1
2024421410462,2024,421410462,1,9,0,-1,19,1,5,-1,0,7,0,0,0,0,3,9,-1,6,2,-1,-1,-1,-1,-1,-1,-1,-1,0,-1
2024991535957,2024,991535957,2,9,0,-1,10,6,4,-1,0,1,0,0,0,0,2,1,-1,9,1,43,7,-1,-1,-1,-1,-1,-1,0,-1
2024010533577,2024,010533577,2,1,0,14,14,7,3,0,0,1,2,4,0,0,1,1,6,6,1,19,4,-1,-1,-1,-1,10,E01002431,0,2
2024430192653,2024,430192653,1,1,0,18,19,2,6,0,0,8,0,0,0,0,3,1,4,7,1,17,4,-1,-1,-1,-1,10,E01016659,0,1
2024010529111,2024,010529111,2,1,9,99,99,9,9,4,4,9,9,99,9,99,1,1,6,6,2,-1,-1,-1,-1,-1,-1,-1,-1,0,-1