collision_index,collision_year,collision_ref_no,vehicle_reference,vehicle_type,towing_and_articulation,vehicle_manoeuvre_historic,vehicle_manoeuvre,vehicle_direction_from,vehicle_direction_to,vehicle_location_restricted_lane_historic,vehicle_location_restricted_lane,junction_location,skidding_and_overturning,hit_object_in_carriageway,vehicle_leaving_carriageway,hit_object_off_carriageway,first_point_of_impact,vehicle_left_hand_drive,journey_purpose_of_driver_historic,journey_purpose_of_driver,sex_of_driver,age_of_driver,age_band_of_driver,engine_capacity_cc,propulsion_code,age_of_vehicle,generic_make_model,driver_imd_decile,lsoa_of_driver,escooter_flag,driver_distance_banding
2024311515871,2024,311515871,1,90,-1,-1,-1,-1,-1,-1,-1,-1,-1,-1,-1,0,-1,9,-1,2,2,52,8,-1,-1,-1,-1,2,E01013899,0,1
2024010523905,2024,010523905,2,1,0,18,19,4,8,0,0,1,0,0,0,0,1,1,6,6,1,51,8,-1,-1,-1,-1,3,E01000163,0,1
2024052402854,2024,052402854,1,9,0,18,19,1,5,0,0,0,0,0,0,0,1,1,6,6,3,-1,-1,-1,-1,-1,-1,-1,-1,0,-1
2024010534417,2024,010534417,3,9,0,3,3,2,6,0,0,1,0,0,0,0,2,1,1,1,2,25,5,-1,-1,-1,-1,-1,-1,0,-1
2024231447586,2024,231447586,2,9,0,-1,10,5,3,-1,0,5,0,0,0,0,2,1,-1,1,1,61,9,-1,-1,-1,-1,8,E01010134,0,4
2024340WN1772,2024,340WN1772,2,1,0,-1,19,1,6,-1,0,8,0,0,0,0,4,1,-1,6,1,68,10,-1,-1,-1,-1,6,E01027011,0,1
2024111454861,2024,111454861,1,99,0,-1,19,6,2,-1,0,1,0,0,0,0,0,9,-1,6,3,30,6,-1,-1,-1,-1,-1,-1,0,-1
2024332400737,2024,332400737,1,1,0,-1,7,3,5,-1,0,5,0,0,0,0,2,1,-1,6,1,46,8,-1,-1,-1,-1,7,E01028378,0,3
2024461477586,2024,461477586,1,9,0,-1,19,5,1,-1,0,0,0,0,0,0,1,9,-1,6,1,21,5,-1,-1,-1,-1,4,E01024358,0,2
2024010531574,2024,010531574,1,8,0,99,99,9,9,99,99,9,9,99,9,99,9,9,6,6,1,-1,-1,-1,-1,-1,-1,-1,-1,0,-1
2024122500084,2024,122500084,1,9,0,18,19,1,5,0,0,1,0,0,0,0,1,1,6,6,2,59,9,-1,-1,-1,-1,6,E01027659,0,1
2024430438446,2024,430438446,2,1,0,18,19,8,4,0,0,1,0,0,0,0,1,1,6,6,1,56,9,-1,-1,-1,-1,8,E01028472,0,1
2024622400599,2024,622400599,2,1,0,15,15,8,4,0,0,0,0,0,0,0,1,1,6,6,1,54,8,-1,-1,-1,-1,10,W01001774,0,3
2024361526008,2024,361526008,2,1,0,-1,19,3,7,-1,0,0,0,0,0,0,3,1,-1,6,1,50,8,-1,-1,-1,-1,6,E01026730,0,1
2024201453390,2024,201453390,1,9,0,-1,1,0,0,-1,0,0,0,4,0,0,3,1,-1,1,1,36,7,-1,-1,-1,-1,5,E01009246,0,2
2024332400306,2024,332400306,1,9,0,-1,5,1,5,-1,0,0,0,0,0,0,1,1,-1,6,2,48,8,-1,-1,-1,-1,10,E01013803,0,1
2024430438542,2024,430438542,2,90,0,18,19,8,4,0,0,0,0,0,0,0,4,1,6,6,1,16,4,-1,-1,-1,-1,4,E01016724,0,1
2024522401855,2024,522401855,2,9,0,5,5,6,2,0,0,4,0,0,0,0,1,1,6,6,3,-1,-1,-1,-1,-1,-1,-1,-1,0,-1
2024211451726,2024,211451726,1,1,0,-1,19,8,4,-1,9,2,0,0,0,0,1,1,-1,6,3,-1,-1,-1,-1,-1,-1,-1,-1,0,-1
2024010487996,2024,010487996,2,1,0,9,9,5,2,0,0,5,0,0,0,0,1,1,1,1,1,28,6,-1,-1,-1,-1,3,E01002049,0,1
2024991506211,2024,991506211,1,9,0,-1,5,8,5,-1,0,6,0,0,0,0,3,1,-1,9,2,58,9,-1,-1,-1,-1,10,-1,0,1
2024010493767,2024,010493767,2,11,0,3,3,3,7,0,0,1,0,0,0,0,1,1,1,1,2,52,8,-1,-1,-1,-1,2,E01004537,0,2
2024010494498,2024,010494498,2,8,0,99,99,9,9,99,99,1,9,99,9,99,9,9,6,6,3,-1,-1,-1,-1,-1,-1,-1,-1,0,-1
2024361405244,2024,361405244,2,90,4,-1,5,5,1,-1,0,0,0,0,0,0,3,1,-1,1,1,57,9,-1,-1,-1,-1,7,E01026514,0,2
2024041411102,2024,041411102,1,1,0,-1,19,3,7,-1,0,0,0,0,0,0,1,1,-1,7,1,14,3,-1,-1,-1,-1,1,E01012752,0,1
2024010499856,2024,010499856,3,1,0,17,19,5,1,0,0,0,0,0,0,0,1,1,6,6,1,31,6,-1,-1,-1,-1,3,E01002776,0,2
2024440366455,2024,440366455,2,1,0,18,19,1,5,0,0,8,0,0,0,0,4,1,6,6,1,38,7,-1,-1,-1,-1,8,E01023089,0,1
2024101534835,2024,101534835,1,9,0,-1,19,7,3,-1,0,0,1,10,4,0,2,1,-1,9,2,25,5,-1,-1,-1,-1,-1,-1,0,-1
2024061423523,2024,061423523,2,1,-1,-1,-1,-1,-1,-1,-1,0,-1,-1,-1,0,-1,1,-1,6,1,24,5,-1,-1,-1,-1,5,E01033660,0,1
2024451447331,2024,451447331,2,1,0,-1,19,8,4,-1,0,3,5,0,0,0,4,1,-1,9,1,16,4,-1,-1,-1,-1,9,E01030401,0,1
2024440431124,2024,440431124,2,1,0,18,19,3,7,0,0,2,0,0,0,0,3,1,6,6,2,38,7,-1,-1,-1,-1,1,E01017035,0,1
2024311500086,2024,311500086,2,1,0,-1,19,3,6,-1,0,5,0,0,0,0,3,1,-1,2,1,35,6,-1,-1,-1,-1,-1,-1,0,-1
2024122500164,2024,122500164,2,1,0,9,9,5,3,0,0,8,0,0,0,0,1,1,6,6,2,20,4,-1,-1,-1,-1,10,E01013378,0,1
2024610016924,2024,610016924,2,9,0,5,5,4,8,0,0,4,0,0,0,0,1,1,6,6,2,21,5,-1,-1,-1,-1,4,W01001365,0,2
2024010497211,2024,010497211,1,8,9,99,99,9,9,99,99,9,9,99,9,99,9,9,6,6,1,76,11,-1,-1,-1,-1,8,E01035722,0,1
2024010493600,2024,010493600,2,9,0,99,99,9,9,99,99,9,9,99,9,99,9,9,6,6,3,-1,-1,-1,-1,-1,-1,-1,-1,0,-1
2024010508264,2024,010508264,2,1,0,18,19,1,5,0,0,1,0,0,0,0,2,1,2,2,1,30,6,-1,-1,-1,-1,5,E01034036,0,3
2024201465590,2024,201465590,1,9,0,-1,19,2,6,-1,0,0,0,0,0,0,1,9,-1,6,3,-1,-1,-1,-1,-1,-1,-1,-1,0,-1
2024010539437,2024,010539437,2,1,9,99,99,9,9,99,99,9,9,99,9,99,2,1,6,6,1,26,6,-1,-1,-1,-1,5,E01001664,0,1
2024041409553,2024,041409553,2,1,0,-1,14,1,5,-1,0,2,0,0,0,0,1,1,-1,2,1,63,9,-1,-1,-1,-1,1,E01012679,0,1
2024351430006,2024,351430006,1,1,0,-1,19,7,3,-1,0,1,5,4,0,0,1,1,-1,6,1,17,4,-1,-1,-1,-1,10,E01033425,0,1
2024351540114,2024,351540114,3,9,0,-1,-1,-1,-1,-1,-1,1,-1,-1,-1,0,-1,9,-1,6,3,-1,-1,-1,-1,-1,-1,-1,-1,0,-1
2024552400274,2024,552400274,1,9,0,1,1,3,7,0,0,6,0,0,0,0,2,1,6,6,1,33,6,-1,-1,-1,-1,7,E01015438,0,1
2024311420676,2024,311420676,1,9,0,-1,9,7,5,-1,0,5,0,0,0,0,1,1,-1,6,1,30,6,-1,-1,-1,-1,-1,-1,0,-1
2024430262421,2024,430262421,1,9,0,18,19,6,2,0,0,0,0,4,0,0,4,1,6,6,1,-1,-1,-1,-1,-1,-1,-1,-1,0,-1
2024421531443,2024,421531443,2,1,0,-1,4,-1,-1,-1,4,0,0,99,2,99,4,1,-1,2,1,29,6,-1,-1,-1,-1,6,E01021275,0,1
2024332400632,2024,332400632,1,9,0,-1,19,5,1,-1,0,0,0,10,7,2,1,1,-1,6,2,82,11,-1,-1,-1,-1,9,E01025980,0,1
2024122500452,2024,122500452,1,9,0,18,19,4,8,0,0,0,0,0,0,0,3,1,6,6,3,-1,-1,-1,-1,-1,-1,-1,-1,0,-1
2024430482533,2024,430482533,2,-1,0,18,19,4,8,0,0,1,0,0,0,0,1,1,6,6,1,16,4,-1,-1,-1,-1,3,E01016449,1,1
2024010548245,2024,010548245,1,1,0,18,19,5,1,9,9,1,0,0,0,0,2,1,6,6,1,-1,-1,-1,-1,-1,-1,-1,-1,0,-1
2024401477290,2024,401477290,2,1,-1,-1,-1,-1,-1,-1,-1,0,-1,-1,-1,0,-1,1,-1,2,1,27,6,-1,-1,-1,-1,7,E01033829,0,4
2024061521547,2024,061521547,1,9,0,-1,-1,-1,-1,-1,-1,-1,-1,-1,-1,0,-1,9,-1,6,3,-1,-1,-1,-1,-1,-1,-1,-1,0,-1
2024052400292,2024,052400292,1,9,0,1,1,7,3,0,0,0,0,0,0,0,2,1,6,6,3,-1,-1,-1,-1,-1,-1,-1,-1,0,-1
2024010513889,2024,010513889,2,1,0,18,19,3,7,0,0,0,5,0,0,0,1,1,6,6,1,43,7,-1,-1,-1,-1,3,E01000032,0,1
2024371457155,2024,371457155,2,1,0,-1,19,4,2,-1,0,1,2,0,0,0,1,1,-1,6,1,41,7,-1,-1,-1,-1,4,E01030295,0,3
2024320635739,2024,320635739,1,21,0,12,12,5,1,0,0,1,0,0,0,0,3,2,1,1,1,44,7,-1,-1,-1,-1,-1,-1,0,-1
2024351525247,2024,351525247,2,1,0,-1,9,3,1,-1,0,8,2,0,0,0,3,1,-1,6,1,40,7,-1,-1,-1,-1,6,E01017994,0,1
2024991528260,2024,991528260,2,1,0,-1,19,4,8,-1,0,1,0,0,0,0,2,1,-1,6,2,56,9,-1,-1,-1,-1,-1,-1,0,-1
2024010518356,2024,010518356,1,1,9,99,99,9,9,99,99,9,9,99,9,99,1,1,2,2,1,54,8,-1,-1,-1,-1,3,E01003298,0,1
2024010493174,2024,010493174,2,1,9,99,99,9,9,99,99,9,9,99,9,99,9,1,6,6,3,-1,-1,-1,-1,-1,-1,-1,-1,0,-1
2024461529505,2024,461529505,2,19,0,-1,19,5,1,-1,0,0,0,0,0,0,1,2,-1,1,2,42,7,-1,-1,-1,-1,6,E01023979,0,1
2024131576541,2024,131576541,2,1,0,-1,19,1,5,-1,9,1,0,0,0,0,4,1,-1,1,1,43,7,-1,-1,-1,-1,9,E01011464,0,2
2024010547927,2024,010547927,1,9,0,5,5,5,1,0,0,1,0,0,0,0,1,1,6,6,3,-1,-1,-1,-1,-1,-1,-1,-1,0,-1
2024131448544,2024,131448544,3,9,0,-1,19,6,2,-1,0,0,0,0,0,0,1,1,-1,6,2,18,4,-1,-1,-1,-1,7,E01011193,0,1
2024010493379,2024,010493379,1,97,0,18,19,1,5,0,0,0,0,0,0,0,1,1,6,6,1,-1,-1,-1,-1,-1,-1,-1,-1,0,-1
2024101426039,2024,101426039,1,90,0,-1,19,7,3,-1,0,1,1,0,0,0,2,1,-1,6,-1,-1,-1,-1,-1,-1,-1,-1,-1,0,-1
2024010503094,2024,010503094,1,3,0,99,99,9,9,99,99,9,9,99,9,99,1,1,6,6,1,30,6,-1,-1,-1,-1,2,E01001479,0,3
2024501395325,2024,501395325,1,9,0,-1,19,7,3,-1,0,0,5,0,2,4,3,1,-1,6,1,27,6,-1,-1,-1,-1,7,E01032425,0,5
2024010516862,2024,010516862,2,4,0,99,99,9,9,99,99,9,9,99,9,99,9,1,6,6,3,-1,-1,-1,-1,-1,-1,-1,-1,0,-1
2024201448634,2024,201448634,2,22,0,-1,19,1,5,-1,0,8,0,0,0,0,3,1,-1,6,2,75,10,-1,-1,-1,-1,-1,-1,0,-1
2024302401091,2024,302401091,2,19,0,2,2,0,0,0,0,0,0,0,0,0,0,1,6,6,3,-1,-1,-1,-1,-1,-1,5,E01019456,0,3
2024141401635,2024,141401635,1,9,0,-1,19,2,6,-1,0,0,2,0,1,0,1,1,-1,9,1,26,6,-1,-1,-1,-1,2,E01007595,0,2
2024991407355,2024,991407355,1,1,0,-1,19,4,7,-1,0,8,0,0,0,0,1,1,-1,6,1,22,5,-1,-1,-1,-1,4,-1,0,1
2024340NN4262,2024,340NN4262,2,9,0,-1,19,1,5,-1,-1,0,0,0,0,0,2,1,-1,2,2,56,9,-1,-1,-1,-1,9,E01027347,0,1
2024451405847,2024,451405847,2,9,0,-1,19,1,5,-1,0,0,0,0,0,0,0,9,-1,6,3,45,7,-1,-1,-1,-1,-1,-1,0,-1
2024010523469,2024,010523469,1,-1,9,18,19,1,5,99,99,9,9,99,9,99,9,9,6,6,3,-1,-1,-1,-1,-1,-1,-1,-1,1,-1
2024231442627,2024,231442627,2,9,0,-1,19,1,5,-1,0,8,0,0,0,0,1,1,-1,6,1,49,8,-1,-1,-1,-1,7,E01028486,0,2
2024211478267,2024,211478267,1,19,0,-1,-1,5,1,-1,-1,0,2,0,0,0,0,9,-1,-1,1,57,9,-1,-1,-1,-1,2,E01006311,0,5
2024302401005,2024,302401005,1,5,0,18,19,6,2,0,0,0,0,0,0,0,1,1,1,1,1,40,7,-1,-1,-1,-1,1,E01005124,0,3
2024430615153,2024,430615153,1,21,0,18,19,5,1,0,0,8,0,0,0,0,1,1,1,1,1,55,8,-1,-1,-1,-1,-1,-1,0,-1
2024201516652,2024,201516652,2,9,0,-1,19,3,7,-1,0,0,0,0,0,0,3,1,-1,1,2,38,7,-1,-1,-1,-1,1,E01010462,0,3
2024010530672,2024,010530672,1,1,9,18,19,9,9,2,2,0,9,99,9,99,9,1,2,2,1,29,6,-1,-1,-1,-1,9,E01004511,0,1
2024010536310,2024,010536310,1,9,9,99,99,9,9,99,99,9,9,99,9,99,9,9,6,6,3,-1,-1,-1,-1,-1,-1,-1,-1,0,-1
2024451493240,2024,451493240,1,1,0,-1,19,2,6,-1,9,0,2,0,0,0,0,1,-1,6,1,41,7,-1,-1,-1,-1,-1,-1,0,-1
2024010527032,2024,010527032,2,1,0,18,19,3,7,0,0,3,0,0,0,0,2,1,2,2,1,35,6,-1,-1,-1,-1,5,E01000607,0,1
2024201506043,2024,201506043,2,1,0,-1,19,7,3,-1,0,8,5,0,0,0,3,1,-1,2,1,36,7,-1,-1,-1,-1,2,E01010028,0,1
2024010534498,2024,010534498,1,9,0,99,99,9,9,99,99,9,9,99,9,99,0,9,6,6,3,-1,-1,-1,-1,-1,-1,-1,-1,0,-1
2024010497271,2024,010497271,1,9,0,99,99,9,9,99,99,9,9,99,9,99,1,9,2,2,2,31,6,-1,-1,-1,-1,5,E01004414,0,1
2024041412208,2024,041412208,2,9,0,-1,19,5,2,-1,0,0,1,0,0,0,3,1,-1,9,2,19,4,-1,-1,-1,-1,-1,-1,0,-1
2024010495952,2024,010495952,2,9,0,9,9,3,1,0,0,1,0,0,0,0,3,1,6,6,1,30,6,-1,-1,-1,-1,6,E01033734,0,2
2024010539585,2024,010539585,2,1,0,18,19,1,5,0,0,8,5,99,0,0,1,1,6,6,1,44,7,-1,-1,-1,-1,6,E01004343,0,1
2024371420472,2024,371420472,2,9,0,-1,2,0,0,-1,0,0,0,0,1,0,2,9,-1,6,-1,-1,-1,-1,-1,-1,-1,-1,-1,0,-1
2024411406310,2024,411406310,1,9,0,-1,5,7,3,-1,0,0,0,0,0,0,3,9,-1,6,2,45,7,-1,-1,-1,-1,-1,-1,0,-1
2024010510638,2024,010510638,2,1,0,16,19,1,5,0,0,1,0,7,1,0,2,1,6,6,1,34,6,-1,-1,-1,-1,7,E01003865,0,1
2024101517453,2024,101517453,3,9,0,-1,19,7,3,-1,0,0,0,0,0,0,0,1,-1,6,3,50,8,-1,-1,-1,-1,-1,-1,0,-1
2024161519761,2024,161519761,2,19,0,-1,9,1,7,-1,0,0,0,0,0,0,0,9,-1,6,1,-1,-1,-1,-1,-1,-1,-1,-1,0,-1
2024010521076,2024,010521076,1,-1,0,18,19,3,7,0,0,1,0,0,0,0,3,1,2,2,1,45,7,-1,-1,-1,-1,3,E01004062,1,1
2024451518415,2024,451518415,1,9,0,-1,13,4,8,-1,0,0,0,0,0,0,1,1,-1,9,1,32,6,-1,-1,-1,-1,6,E01031098,0,5
2024131513668,2024,131513668,2,9,4,-1,19,3,7,-1,0,0,0,0,0,0,1,1,-1,1,1,57,9,-1,-1,-1,-1,5,E01010870,0,1
2024201415691,2024,201415691,1,99,0,-1,7,1,3,-1,0,6,0,0,0,0,1,9,-1,9,3,-1,-1,-1,-1,-1,-1,-1,-1,0,-1
2024201508893,2024,201508893,1,9,0,-1,3,1,5,-1,0,2,0,0,0,0,3,2,-1,9,2,41,7,-1,-1,-1,-1,4,E01009320,0,1
2024430108359,2024,430108359,2,9,0,9,9,7,5,0,0,6,0,0,0,0,3,1,6,6,1,40,7,-1,-1,-1,-1,-1,-1,0,-1
2024544292524,2024,544292524,1,9,0,18,19,1,5,0,0,4,0,0,0,0,1,1,2,2,2,57,9,-1,-1,-1,-1,7,E01033841,0,1
2024010511494,2024,010511494,2,1,0,18,19,3,7,0,0,3,0,0,0,0,1,1,6,6,1,57,9,-1,-1,-1,-1,9,E01002110,0,1
2024311535695,2024,311535695,1,90,0,-1,19,7,3,-1,9,6,0,0,0,0,1,2,-1,6,1,18,4,-1,-1,-1,-1,-1,-1,0,-1
2024010546829,2024,010546829,1,1,9,99,99,9,9,99,99,9,9,99,9,99,9,1,1,1,1,20,4,-1,-1,-1,-1,2,E01004286,0,1
2024201427366,2024,201427366,2,9,0,-1,4,8,4,-1,0,0,0,0,0,0,2,9,-1,1,1,23,5,-1,-1,-1,-1,3,E01032254,0,4
2024201436507,2024,201436507,2,9,0,-1,19,5,3,-1,0,0,0,0,0,0,1,1,-1,6,1,35,6,-1,-1,-1,-1,-1,-1,0,-1
2024231491037,2024,231491037,2,1,0,-1,19,2,6,-1,0,0,0,0,0,0,2,1,-1,1,1,47,8,-1,-1,-1,-1,10,E01032891,0,2
2024201425150,2024,201425150,2,1,0,-1,19,1,5,-1,0,1,0,0,0,0,1,1,-1,6,1,16,4,-1,-1,-1,-1,-1,-1,0,-1
2024041450862,2024,041450862,1,9,0,-1,19,3,3,-1,0,6,0,0,2,7,3,1,-1,9,1,73,10,-1,-1,-1,-1,7,E01007061,0,4
2024421406813,2024,421406813,2,1,0,-1,19,4,7,-1,0,1,0,0,1,0,2,1,-1,9,2,48,8,-1,-1,-1,-1,7,E01035168,0,1
2024061475195,2024,061475195,1,1,0,-1,19,-1,-1,-1,0,9,0,0,0,0,3,1,-1,9,1,23,5,-1,-1,-1,-1,6,E01033999,0,2
2024010491147,2024,010491147,1,9,0,7,7,1,3,0,0,2,0,0,0,0,1,1,6,6,2,63,9,-1,-1,-1,-1,6,E01002928,0,1
2024010496331,2024,010496331,1,9,0,9,9,3,2,0,0,2,0,0,0,0,1,1,6,6,1,20,4,-1,-1,-1,-1,8,E01022591,0,4
2024010540007,2024,010540007,1,1,9,99,99,9,9,99,99,9,9,99,9,99,9,1,2,2,2,41,7,-1,-1,-1,-1,9,E01003876,0,1
2024201406088,2024,201406088,1,9,0,-1,19,4,8,-1,0,0,0,0,0,0,1,1,-1,6,3,-1,-1,-1,-1,-1,-1,-1,-1,0,-1
2024421428836,2024,421428836,2,-1,0,-1,19,3,7,-1,0,1,0,0,0,0,3,1,-1,6,1,31,6,-1,-1,-1,-1,3,E01016005,1,1
2024501428591,2024,501428591,2,1,0,-1,19,5,1,-1,0,8,5,0,0,0,1,1,-1,6,1,55,8,-1,-1,-1,-1,7,E01034623,0,2
2024010551033,2024,010551033,2,-1,0,18,19,1,5,0,0,1,0,0,0,0,1,1,6,6,1,40,7,-1,-1,-1,-1,4,E01035652,1,1
2024010535931,2024,010535931,2,1,9,99,99,9,9,99,99,9,9,99,9,99,9,1,2,2,1,24,5,-1,-1,-1,-1,1,E01000524,0,1
2024991438201,2024,991438201,2,9,0,-1,19,6,2,-1,0,8,0,0,0,0,1,1,-1,1,1,63,9,-1,-1,-1,-1,5,-1,0,3
2024131507798,2024,131507798,1,9,0,-1,9,3,1,-1,-1,1,-1,11,-1,0,-1,1,-1,6,3,-1,-1,-1,-1,-1,-1,-1,-1,0,-1
2024010533258,2024,010533258,2,9,0,99,99,9,9,99,99,9,9,99,9,99,1,9,6,6,3,-1,-1,-1,-1,-1,-1,-1,-1,0,-1
2024010496392,2024,010496392,2,9,0,99,99,9,9,99,99,9,9,99,9,99,1,9,6,6,3,-1,-1,-1,-1,-1,-1,-1,-1,0,-1
2024010541730,2024,010541730,2,9,0,14,14,2,6,0,0,2,0,0,0,0,4,1,6,6,3,-1,-1,-1,-1,-1,-1,-1,-1,0,-1
2024010535607,2024,010535607,2,1,9,99,99,9,9,99,99,9,9,99,9,99,9,1,6,6,3,-1,-1,-1,-1,-1,-1,-1,-1,0,-1
2024010538790,2024,010538790,1,9,0,18,19,5,1,0,0,1,0,0,0,0,3,1,6,6,3,-1,-1,-1,-1,-1,-1,-1,-1,0,-1
2024201491563,2024,201491563,1,1,0,-1,19,2,8,-1,0,8,0,0,0,0,1,1,-1,6,1,31,6,-1,-1,-1,-1,3,E01009894,0,1
2024302400487,2024,302400487,3,9,0,17,19,1,6,0,0,1,0,0,0,0,0,1,6,6,3,-1,-1,-1,-1,-1,-1,5,E01019456,0,3
2024371511172,2024,371511172,1,9,0,-1,19,2,3,-1,0,1,0,0,0,0,1,1,-1,6,3,-1,-1,-1,-1,-1,-1,-1,-1,0,-1
2024131520865,2024,131520865,1,-1,0,-1,19,5,1,-1,0,8,0,0,0,0,1,1,-1,9,1,19,4,-1,-1,-1,-1,2,E01011925,1,1
2024411515074,2024,411515074,1,4,0,-1,19,7,3,-1,0,0,0,4,0,0,1,1,-1,9,1,29,6,-1,-1,-1,-1,5,E01033922,0,3
2024361439788,2024,361439788,2,20,0,-1,3,2,7,-1,0,0,0,0,0,0,2,9,-1,1,1,63,9,-1,-1,-1,-1,8,E01026439,0,3
2024010491158,2024,010491158,2,9,0,99,99,9,9,99,99,9,9,99,9,99,1,9,6,6,3,-1,-1,-1,-1,-1,-1,-1,-1,0,-1
2024010500883,2024,010500883,2,1,0,15,15,5,1,4,4,1,0,0,0,0,1,1,2,2,1,29,6,-1,-1,-1,-1,8,E01004552,0,1
2024010520230,2024,010520230,2,1,9,99,99,9,9,99,99,1,9,99,9,99,9,1,2,2,1,48,8,-1,-1,-1,-1,5,E01033916,0,1
2024201480140,2024,201480140,2,1,0,-1,5,7,3,-1,0,6,0,0,0,0,1,1,-1,6,1,30,6,-1,-1,-1,-1,2,E01010529,0,1
2024440009358,2024,440009358,1,1,0,18,19,7,3,4,4,0,0,0,0,0,1,1,6,6,1,-1,-1,-1,-1,-1,-1,-1,-1,0,-1
2024010505578,2024,010505578,2,9,0,99,99,9,9,99,99,1,9,99,9,99,1,9,6,6,3,-1,-1,-1,-1,-1,-1,-1,-1,0,-1
2024522401362,2024,522401362,1,1,0,18,19,2,6,9,9,8,0,0,0,0,3,1,6,6,1,31,6,-1,-1,-1,-1,3,E01014572,0,1
2024451487009,2024,451487009,2,1,0,-1,19,5,1,-1,99,1,9,0,0,0,9,1,-1,6,1,20,4,-1,-1,-1,-1,-1,-1,0,-1
2024010496814,2024,010496814,2,9,0,18,19,5,1,0,0,0,0,0,0,0,2,1,6,6,1,24,5,-1,-1,-1,-1,-1,-1,0,-1
2024010490987,2024,010490987,2,9,0,18,19,8,4,0,0,0,0,0,0,0,1,1,6,6,1,49,8,-1,-1,-1,-1,-1,-1,0,-1
2024101486069,2024,101486069,1,9,0,-1,19,1,5,-1,0,0,0,0,0,0,4,1,-1,9,2,26,6,-1,-1,-1,-1,-1,-1,0,-1
202454C067724,2024,54C067724,2,-1,0,18,19,3,7,0,0,6,0,0,0,0,1,1,6,6,1,25,5,-1,-1,-1,-1,1,E01015538,1,1
2024101471076,2024,101471076,1,98,0,-1,19,5,8,-1,0,0,0,0,0,0,0,9,-1,6,3,-1,-1,-1,-1,-1,-1,-1,-1,0,-1
2024061528107,2024,061528107,1,-1,0,-1,19,-1,-1,-1,4,9,0,0,0,0,1,1,-1,2,1,20,4,-1,-1,-1,-1,1,E01005285,0,1
2024061523113,2024,061523113,2,8,0,-1,19,5,1,-1,0,1,0,0,0,0,1,9,-1,1,1,-1,-1,-1,-1,-1,-1,-1,-1,0,-1
2024010546493,2024,010546493,1,1,9,99,99,9,9,99,99,9,9,8,9,99,1,1,6,6,1,21,5,-1,-1,-1,-1,3,E01004332,0,1
2024401463063,2024,401463063,1,9,0,-1,9,6,2,-1,0,2,0,0,0,0,1,1,-1,6,1,38,7,-1,-1,-1,-1,6,E01017616,0,2
2024302400253,2024,302400253,4,19,0,2,2,0,0,0,0,1,0,0,0,0,0,1,6,6,3,-1,-1,-1,-1,-1,-1,-1,-1,0,-1
2024101456357,2024,101456357,1,-1,0,-1,19,3,7,-1,0,0,5,0,0,0,4,1,-1,9,1,12,3,-1,-1,-1,-1,1,E01027412,1,1
2024010497175,2024,010497175,1,19,0,1,1,5,1,9,9,8,0,0,0,0,2,1,1,1,1,32,6,-1,-1,-1,-1,3,E01001759,0,2
2024631470471,2024,631470471,1,98,0,-1,19,8,3,-1,0,0,2,0,2,10,1,1,-1,9,1,37,7,-1,-1,-1,-1,7,W01000473,0,3
2024622400756,2024,622400756,1,9,0,17,19,4,2,0,0,0,0,0,1,7,1,1,6,6,1,44,7,-1,-1,-1,-1,4,W01001314,0,1
2024421396396,2024,421396396,1,1,0,-1,19,5,1,-1,0,0,0,0,0,0,3,1,-1,6,1,20,4,-1,-1,-1,-1,1,E01021304,0,1
2024052400122,2024,052400122,1,9,0,18,19,2,6,0,0,4,0,0,0,0,1,1,6,6,3,-1,-1,-1,-1,-1,-1,-1,-1,0,-1
2024520402743,2024,520402743,1,1,0,18,19,2,6,0,0,0,0,0,0,0,1,1,6,6,1,62,9,-1,-1,-1,-1,6,E01029191,0,1
2024320360857,2024,320360857,2,9,0,-1,-1,7,5,0,0,3,0,0,7,0,3,1,-1,-1,2,44,7,-1,-1,-1,-1,-1,-1,0,-1
2024141501036,2024,141501036,2,98,0,-1,19,5,1,-1,0,2,0,0,0,0,1,9,-1,6,3,-1,-1,-1,-1,-1,-1,-1,-1,0,-1
2024161463784,2024,161463784,1,9,0,-1,19,3,7,-1,0,0,0,7,6,3,1,1,-1,6,1,60,9,-1,-1,-1,-1,7,E01013145,0,1
2024161537661,2024,161537661,2,1,0,-1,19,5,1,-1,0,0,2,0,0,0,1,1,-1,6,1,11,3,-1,-1,-1,-1,2,E01013147,0,1
2024101448317,2024,101448317,1,23,0,-1,-1,7,3,-1,0,8,5,0,0,0,1,1,-1,6,1,-1,-1,-1,-1,-1,-1,-1,-1,0,-1
2024430047495,2024,430047495,2,9,0,18,19,4,8,0,0,1,0,0,0,0,1,1,6,6,3,-1,-1,-1,-1,-1,-1,-1,-1,0,-1
2024461516992,2024,461516992,2,1,0,-1,19,1,5,-1,0,2,0,0,0,0,1,1,-1,9,1,13,3,-1,-1,-1,-1,4,E01024681,0,1
2024010487977,2024,010487977,2,9,0,99,99,9,9,99,99,9,9,99,9,99,9,9,6,6,3,-1,-1,-1,-1,-1,-1,-1,-1,0,-1
2024010496741,2024,010496741,2,9,0,99,99,9,9,99,99,9,9,99,9,99,1,9,6,6,3,-1,-1,-1,-1,-1,-1,-1,-1,0,-1
2024010491160,2024,010491160,2,1,0,18,19,1,5,0,0,8,0,0,0,0,3,1,6,6,1,41,7,-1,-1,-1,-1,6,E01002618,0,1
2024991551729,2024,991551729,1,9,0,-1,9,7,5,-1,0,2,0,0,0,0,1,9,-1,6,3,40,7,-1,-1,-1,-1,-1,-1,0,-1
2024010527608,2024,010527608,1,9,0,17,19,7,3,0,0,8,0,0,0,0,1,1,6,6,3,-1,-1,-1,-1,-1,-1,-1,-1,0,-1
2024131485264,2024,131485264,2,9,0,-1,4,2,6,-1,0,1,0,0,0,0,2,1,-1,9,1,43,7,-1,-1,-1,-1,3,E01021044,0,5
2024052402557,2024,052402557,1,9,0,5,5,5,8,0,0,4,0,0,0,0,3,1,6,6,3,-1,-1,-1,-1,-1,-1,-1,-1,0,-1
2024010491156,2024,010491156,1,1,0,18,19,5,1,0,0,1,1,0,0,0,1,1,1,1,1,26,6,-1,-1,-1,-1,5,E01003342,0,1
202417M111024,2024,17M111024,2,23,0,-1,13,5,1,-1,0,8,0,0,0,0,1,1,-1,9,1,38,7,-1,-1,-1,-1,1,E01012085,0,1