collision_index,collision_year,collision_ref_no,vehicle_reference,vehicle_type,towing_and_articulation,vehicle_manoeuvre_historic,vehicle_manoeuvre,vehicle_direction_from,vehicle_direction_to,vehicle_location_restricted_lane_historic,vehicle_location_restricted_lane,junction_location,skidding_and_overturning,hit_object_in_carriageway,vehicle_leaving_carriageway,hit_object_off_carriageway,first_point_of_impact,vehicle_left_hand_drive,journey_purpose_of_driver_historic,journey_purpose_of_driver,sex_of_driver,age_of_driver,age_band_of_driver,engine_capacity_cc,propulsion_code,age_of_vehicle,generic_make_model,driver_imd_decile,lsoa_of_driver,escooter_flag,driver_distance_banding
2024461488799,2024,461488799,4,9,0,-1,19,3,7,-1,0,0,0,0,0,0,4,1,-1,9,1,31,6,-1,-1,-1,-1,1,E01006248,0,5
2024010551390,2024,010551390,1,9,0,2,2,9,9,99,99,0,9,99,9,99,3,9,6,6,2,30,6,-1,-1,-1,-1,2,E01004014,0,1
2024421486481,2024,421486481,1,9,0,-1,5,7,2,-1,0,4,0,0,0,0,1,1,-1,6,2,24,5,-1,-1,-1,-1,2,E01021322,0,1
2024010551312,2024,010551312,2,1,0,18,19,1,5,0,0,1,0,0,0,0,1,1,6,6,1,30,6,-1,-1,-1,-1,6,E01004049,0,1
2024991530991,2024,991530991,1,9,0,-1,19,6,2,-1,0,0,0,0,0,0,1,1,-1,7,2,17,4,-1,-1,-1,-1,7,-1,0,1
2024131497660,2024,131497660,1,9,0,-1,-1,-1,-1,-1,-1,0,-1,-1,-1,-1,-1,1,-1,6,3,-1,-1,-1,-1,-1,-1,-1,-1,0,-1
2024211530117,2024,211530117,1,9,-1,-1,-1,-1,-1,-1,-1,-1,-1,-1,-1,0,1,9,-1,6,1,-1,-1,-1,-1,-1,-1,-1,-1,0,-1
2024141525415,2024,141525415,2,9,0,-1,19,5,-1,-1,0,1,0,0,0,0,1,9,-1,6,3,-1,-1,-1,-1,-1,-1,-1,-1,0,-1
2024481569978,2024,481569978,1,1,0,-1,15,7,3,-1,0,0,0,0,0,0,1,1,-1,9,2,23,5,-1,-1,-1,-1,-1,-1,0,-1
2024501453572,2024,501453572,1,9,0,-1,19,2,6,-1,0,0,0,0,0,0,1,1,-1,9,1,34,6,-1,-1,-1,-1,10,E01015131,0,3
2024430290344,2024,430290344,2,9,0,7,7,6,8,0,0,6,0,0,0,0,3,1,6,6,2,21,5,-1,-1,-1,-1,8,E01016180,0,2
2024411443095,2024,411443095,2,1,-1,-1,19,-1,-1,-1,0,8,5,0,0,0,1,1,-1,2,1,48,8,-1,-1,-1,-1,10,E01023458,0,1
2024010524298,2024,010524298,2,1,9,18,19,9,9,99,99,9,9,99,9,99,9,1,2,2,2,31,6,-1,-1,-1,-1,3,E01003332,0,2
2024302401118,2024,302401118,2,5,0,13,13,3,7,0,0,0,0,0,0,0,3,1,6,6,3,-1,-1,-1,-1,-1,-1,5,E01019456,0,4
2024461402223,2024,461402223,2,1,0,-1,19,1,5,-1,0,0,0,0,0,0,1,1,-1,6,1,14,3,-1,-1,-1,-1,7,E01032820,0,1
2024340NN4692,2024,340NN4692,1,90,0,-1,19,7,3,-1,0,1,0,0,0,0,1,1,-1,9,1,35,6,-1,-1,-1,-1,5,E01026973,0,1
2024471413592,2024,471413592,2,1,0,-1,19,1,5,-1,0,1,0,0,0,0,1,1,-1,6,1,30,6,-1,-1,-1,-1,1,E01016866,0,1
2024161472041,2024,161472041,2,9,0,-1,19,2,6,-1,0,0,0,0,0,0,2,9,-1,6,3,-1,-1,-1,-1,-1,-1,-1,-1,0,-1
2024161462692,2024,161462692,1,9,0,-1,19,6,2,-1,0,1,0,0,0,0,2,1,-1,6,1,65,9,-1,-1,-1,-1,9,E01013121,0,2
2024010530377,2024,010530377,2,1,0,7,7,6,8,6,6,6,0,0,0,0,1,1,6,6,1,17,4,-1,-1,-1,-1,-1,-1,0,-1
2024531423794,2024,531423794,2,1,0,-1,19,5,1,-1,0,0,0,0,0,0,0,1,-1,6,2,56,9,-1,-1,-1,-1,7,E01022117,0,1
2024201535972,2024,201535972,1,9,0,-1,9,5,2,-1,0,6,0,0,0,0,3,9,-1,6,3,-1,-1,-1,-1,-1,-1,-1,-1,0,-1
2024320695980,2024,320695980,2,9,0,3,3,6,2,0,0,0,0,0,0,0,3,1,-1,-1,1,24,5,-1,-1,-1,-1,8,E01026258,0,1
2024010547578,2024,010547578,2,1,0,18,19,5,1,9,9,8,5,0,7,0,4,1,6,6,1,19,4,-1,-1,-1,-1,3,E01000992,0,3
2024101454637,2024,101454637,1,1,0,-1,19,1,5,-1,9,0,2,0,0,0,1,1,-1,6,1,-1,-1,-1,-1,-1,-1,-1,-1,0,-1
2024340NN4352,2024,340NN4352,1,9,0,-1,5,5,1,-1,0,2,0,0,7,4,1,1,-1,6,1,77,11,-1,-1,-1,-1,8,E01027103,0,1
2024201448947,2024,201448947,2,9,0,-1,5,5,1,-1,0,1,0,0,0,0,2,9,-1,6,2,21,5,-1,-1,-1,-1,5,E01009262,0,1
2024101461601,2024,101461601,1,9,0,-1,4,5,1,-1,0,1,0,0,0,0,1,1,-1,9,1,78,11,-1,-1,-1,-1,7,E01008734,0,1
2024371441546,2024,371441546,2,1,0,-1,19,1,5,-1,0,0,0,0,0,0,1,1,-1,6,1,50,8,-1,-1,-1,-1,6,E01030091,0,1
2024010490599,2024,010490599,1,11,0,5,5,5,1,0,0,4,0,0,0,0,1,1,6,6,1,37,7,-1,-1,-1,-1,5,E01002696,0,2
2024320622052,2024,320622052,2,1,0,-1,-1,4,8,0,0,8,5,0,0,0,3,1,-1,-1,1,35,6,-1,-1,-1,-1,7,E01026163,0,1
2024161405740,2024,161405740,1,9,0,-1,19,3,7,-1,0,8,0,0,0,0,1,1,-1,6,3,44,7,-1,-1,-1,-1,-1,-1,0,-1
2024010548502,2024,010548502,1,4,0,18,19,3,7,0,0,1,0,0,0,0,1,1,6,6,3,-1,-1,-1,-1,-1,-1,-1,-1,0,-1
2024010549720,2024,010549720,2,90,0,99,99,9,9,99,99,9,9,99,9,99,1,9,6,6,3,43,7,-1,-1,-1,-1,10,E01003889,0,1
2024471413308,2024,471413308,1,9,0,-1,13,7,2,-1,0,0,0,0,0,0,1,9,-1,6,3,-1,-1,-1,-1,-1,-1,-1,-1,0,-1
2024340WN2632,2024,340WN2632,2,1,0,-1,19,7,3,-1,0,8,0,0,0,0,4,1,-1,6,1,38,7,-1,-1,-1,-1,2,E01027195,0,1
2024531423655,2024,531423655,1,9,0,-1,9,5,1,-1,0,1,0,0,0,0,1,1,-1,9,1,43,7,-1,-1,-1,-1,7,E01022758,0,5
2024421472005,2024,421472005,3,9,0,-1,19,3,7,-1,0,0,0,0,0,0,3,1,-1,9,1,34,6,-1,-1,-1,-1,10,W01001086,0,5
2024991488099,2024,991488099,1,9,0,-1,11,1,3,-1,9,0,0,0,1,0,1,1,-1,7,2,42,7,-1,-1,-1,-1,8,-1,0,1
2024201456113,2024,201456113,2,9,0,-1,19,8,2,-1,0,3,0,0,0,0,1,9,-1,6,3,-1,-1,-1,-1,-1,-1,-1,-1,0,-1
2024061494497,2024,061494497,1,97,0,-1,19,5,1,-1,9,0,0,0,1,0,0,1,-1,6,3,20,4,-1,-1,-1,-1,-1,-1,0,-1
2024351503437,2024,351503437,2,1,0,-1,9,1,5,-1,0,6,2,0,0,0,9,1,-1,7,1,22,5,-1,-1,-1,-1,6,E01035517,0,1
2024544351524,2024,544351524,1,9,0,17,19,6,2,0,0,0,0,0,1,3,1,1,6,6,1,33,6,-1,-1,-1,-1,9,E01031931,0,1
2024991478676,2024,991478676,1,1,0,-1,19,7,3,-1,0,0,0,0,1,11,1,1,-1,9,1,46,8,-1,-1,-1,-1,-1,-1,0,-1
2024131486711,2024,131486711,2,22,0,-1,19,7,3,-1,0,1,0,0,0,0,2,1,-1,6,2,70,10,-1,-1,-1,-1,1,E01011336,0,1
2024302400611,2024,302400611,2,1,0,18,19,4,6,0,0,8,0,0,0,0,3,1,6,6,2,53,8,-1,-1,-1,-1,6,E01013518,0,2
2024010494381,2024,010494381,1,11,0,5,5,7,3,2,2,1,0,0,0,0,0,1,1,1,1,48,8,-1,-1,-1,-1,4,E01001261,0,2
2024161448209,2024,161448209,1,1,0,-1,5,3,7,-1,0,0,0,0,0,0,1,1,-1,6,1,57,9,-1,-1,-1,-1,-1,-1,0,-1
2024421460360,2024,421460360,1,9,0,-1,19,2,6,-1,0,2,0,0,0,0,1,9,-1,6,3,-1,-1,-1,-1,-1,-1,-1,-1,0,-1
2024440428360,2024,440428360,1,9,0,18,19,7,3,0,0,0,0,0,0,0,1,1,6,6,3,-1,-1,-1,-1,-1,-1,-1,-1,0,-1
2024351473682,2024,351473682,6,1,0,-1,19,7,3,-1,0,8,0,0,0,0,1,1,-1,9,1,57,9,-1,-1,-1,-1,8,E01018270,0,3
2024070540767,2024,070540767,1,1,0,18,19,6,2,0,0,0,0,0,0,0,0,1,6,6,1,71,10,-1,-1,-1,-1,-1,-1,0,-1
2024010540262,2024,010540262,2,97,0,7,7,9,9,99,99,1,9,99,9,99,9,9,6,6,3,-1,-1,-1,-1,-1,-1,-1,-1,0,-1
2024552400303,2024,552400303,1,-1,0,18,19,1,5,0,0,8,0,0,0,0,1,1,6,6,1,32,6,-1,-1,-1,-1,6,E01015286,1,1
2024010535539,2024,010535539,2,1,0,5,5,3,7,0,0,1,0,0,0,0,1,1,6,6,1,48,8,-1,-1,-1,-1,4,E01002841,0,1
2024161508358,2024,161508358,1,1,0,-1,19,7,3,-1,0,0,0,0,0,0,3,1,-1,6,1,12,3,-1,-1,-1,-1,1,E01012877,0,1
2024211522543,2024,211522543,2,9,0,-1,19,7,3,-1,0,0,0,0,0,0,1,1,-1,1,1,66,10,-1,-1,-1,-1,10,E01029747,0,1
2024211442661,2024,211442661,2,1,0,-1,7,3,6,-1,0,2,0,0,0,0,2,1,-1,6,1,29,6,-1,-1,-1,-1,-1,-1,0,-1
2024221456391,2024,221456391,2,5,0,-1,19,5,1,-1,0,0,0,0,0,0,1,1,-1,9,1,55,8,-1,-1,-1,-1,7,E01010379,0,4
2024010516225,2024,010516225,2,9,0,99,99,9,9,99,99,9,9,99,9,99,0,9,6,6,3,-1,-1,-1,-1,-1,-1,-1,-1,0,-1
2024010494774,2024,010494774,1,9,0,13,13,5,1,0,0,2,0,4,7,0,1,2,2,2,1,39,7,-1,-1,-1,-1,5,E01002449,0,2
2024010531330,2024,010531330,2,1,9,99,99,9,9,99,99,9,9,99,9,99,9,1,6,6,1,-1,-1,-1,-1,-1,-1,5,E01004547,0,1
2024520001473,2024,520001473,2,19,9,18,19,9,9,0,0,6,0,0,0,0,9,9,6,6,3,-1,-1,-1,-1,-1,-1,-1,-1,0,-1
2024010495948,2024,010495948,2,9,0,99,99,9,9,99,99,0,9,99,9,99,1,9,6,6,3,-1,-1,-1,-1,-1,-1,-1,-1,0,-1
2024520401181,2024,520401181,3,9,0,18,19,3,7,0,0,1,0,0,0,0,1,1,6,6,2,64,9,-1,-1,-1,-1,7,E01029262,0,1
2024541291624,2024,541291624,1,9,0,18,19,8,4,0,0,1,0,0,0,0,1,1,6,6,3,-1,-1,-1,-1,-1,-1,-1,-1,0,-1
2024361451059,2024,361451059,2,9,0,-1,19,8,4,-1,0,1,2,0,7,0,4,1,-1,2,1,53,8,-1,-1,-1,-1,8,E01026450,0,1
2024010492221,2024,010492221,2,9,0,99,99,9,9,99,99,9,9,99,9,99,9,9,6,6,3,-1,-1,-1,-1,-1,-1,-1,-1,0,-1
2024010518106,2024,010518106,1,1,9,99,99,9,9,99,99,9,9,99,9,99,9,1,6,6,1,36,7,-1,-1,-1,-1,8,E01001950,0,1
2024010497201,2024,010497201,1,1,9,99,99,9,9,99,99,9,9,99,9,99,9,1,2,2,1,36,7,-1,-1,-1,-1,5,E01001718,0,1
2024520401574,2024,520401574,1,9,0,18,19,6,2,0,0,8,5,0,1,9,1,1,6,6,1,21,5,-1,-1,-1,-1,7,E01029092,0,2
2024332400702,2024,332400702,3,98,0,-1,19,3,7,-1,0,0,0,0,0,0,1,1,-1,6,1,69,10,-1,-1,-1,-1,1,E01013676,0,4
2024061496489,2024,061496489,1,97,0,-1,19,7,3,-1,0,8,0,0,0,0,1,1,-1,6,1,20,4,-1,-1,-1,-1,-1,-1,0,-1
2024010495523,2024,010495523,1,9,0,18,19,3,7,0,0,0,0,0,0,0,1,1,6,6,3,-1,-1,-1,-1,-1,-1,-1,-1,0,-1
2024421431512,2024,421431512,1,9,0,-1,19,1,5,-1,0,0,0,0,0,0,1,9,-1,6,1,60,9,-1,-1,-1,-1,-1,-1,0,-1
2024122400202,2024,122400202,2,9,0,14,14,8,5,0,0,1,0,0,0,0,1,1,6,6,1,22,5,-1,-1,-1,-1,9,E01027900,0,3
2024440415741,2024,440415741,1,-1,0,5,5,8,4,0,0,0,0,0,0,0,2,1,6,6,1,18,4,-1,-1,-1,-1,1,E01017280,1,1
2024010489947,2024,010489947,2,1,0,18,19,1,5,0,0,1,0,0,0,0,1,1,6,6,1,26,6,-1,-1,-1,-1,3,E01003960,0,1
2024010490695,2024,010490695,1,9,0,18,19,7,3,0,0,8,0,0,0,0,3,1,1,1,1,49,8,-1,-1,-1,-1,3,E01001830,0,1
2024010493691,2024,010493691,1,9,0,1,1,5,1,0,0,1,0,0,0,0,2,1,6,6,3,-1,-1,-1,-1,-1,-1,-1,-1,0,-1
2024371443526,2024,371443526,2,9,0,-1,19,5,1,-1,0,0,0,0,0,0,2,1,-1,6,-1,-1,-1,-1,-1,-1,-1,-1,-1,0,-1
2024131415970,2024,131415970,1,9,0,-1,19,5,1,-1,0,0,1,0,0,0,1,1,-1,6,1,31,6,-1,-1,-1,-1,7,E01011829,0,1
2024010543546,2024,010543546,1,9,9,99,99,9,9,99,99,9,9,99,9,99,9,9,6,6,3,-1,-1,-1,-1,-1,-1,-1,-1,0,-1
2024302400391,2024,302400391,1,9,0,6,6,5,5,0,0,0,1,0,0,0,2,1,1,1,1,40,7,-1,-1,-1,-1,7,E01019583,0,1
2024010496976,2024,010496976,2,9,0,99,99,9,9,99,99,9,9,99,9,99,9,9,6,6,3,-1,-1,-1,-1,-1,-1,-1,-1,0,-1
2024131394927,2024,131394927,1,9,0,-1,9,4,8,-1,0,5,0,0,0,0,1,1,-1,6,1,32,6,-1,-1,-1,-1,2,E01011856,0,1
2024440278873,2024,440278873,1,9,0,18,19,3,7,9,9,1,0,0,0,0,3,1,6,6,3,-1,-1,-1,-1,-1,-1,-1,-1,0,-1
2024411479564,2024,411479564,1,9,0,-1,5,1,7,-1,0,1,0,0,0,0,1,1,-1,6,3,-1,-1,-1,-1,-1,-1,-1,-1,0,-1
2024131475144,2024,131475144,1,9,0,-1,5,5,5,-1,0,6,1,7,0,0,1,1,-1,9,2,25,5,-1,-1,-1,-1,10,E01022070,0,5
2024320067840,2024,320067840,1,9,0,-1,-1,7,5,0,0,8,0,0,0,0,2,1,-1,-1,2,59,9,-1,-1,-1,-1,-1,-1,0,-1
2024101476879,2024,101476879,2,9,-1,-1,-1,-1,-1,-1,-1,0,-1,-1,-1,0,-1,9,-1,9,2,72,10,-1,-1,-1,-1,4,E01008172,0,1
2024010535342,2024,010535342,1,9,0,18,19,1,5,9,9,6,0,0,0,0,1,1,1,1,1,31,6,-1,-1,-1,-1,3,E01003930,0,1
2024010573567,2024,010573567,2,9,0,99,99,9,9,99,99,9,9,99,9,99,9,9,6,6,3,-1,-1,-1,-1,-1,-1,-1,-1,0,-1
2024340WN5822,2024,340WN5822,2,1,0,-1,19,7,3,-1,0,8,0,0,0,0,3,1,-1,9,1,74,10,-1,-1,-1,-1,5,E01027136,0,1
2024010494548,2024,010494548,2,4,0,18,19,7,3,0,0,0,1,0,1,0,3,1,2,2,1,36,7,-1,-1,-1,-1,7,E01023901,0,3
2024061450001,2024,061450001,1,1,0,-1,-1,-1,-1,-1,-1,0,-1,-1,-1,0,-1,1,-1,2,1,44,7,-1,-1,-1,-1,2,E01006036,0,1
2024332400189,2024,332400189,1,9,0,-1,19,9,9,-1,0,0,0,0,0,0,1,1,-1,6,2,-1,-1,-1,-1,-1,-1,-1,-1,0,-1
2024332401159,2024,332401159,1,97,0,-1,19,7,1,-1,0,1,0,0,0,0,1,1,-1,6,3,-1,-1,-1,-1,-1,-1,-1,-1,0,-1
2024010519845,2024,010519845,2,9,0,99,99,9,9,99,99,9,9,99,9,99,9,9,6,6,3,-1,-1,-1,-1,-1,-1,-1,-1,0,-1
2024461488881,2024,461488881,2,9,0,-1,19,7,3,-1,0,4,1,9,1,10,4,9,-1,2,2,26,6,-1,-1,-1,-1,2,E01024390,0,4
2024451407810,2024,451407810,4,9,0,-1,19,3,1,-1,0,0,0,0,0,0,2,9,-1,6,3,34,6,-1,-1,-1,-1,-1,-1,0,-1
2024231536711,2024,231536711,2,9,0,-1,4,6,2,-1,0,8,0,0,0,0,3,1,-1,1,1,43,7,-1,-1,-1,-1,3,E01031176,0,1
2024161524064,2024,161524064,2,9,0,-1,19,3,7,-1,0,4,0,99,0,0,1,1,-1,6,3,-1,-1,-1,-1,-1,-1,-1,-1,0,-1
2024010497380,2024,010497380,2,9,0,99,99,9,9,99,99,6,9,99,9,99,9,9,6,6,3,-1,-1,-1,-1,-1,-1,-1,-1,0,-1
2024010542628,2024,010542628,2,1,0,18,19,5,1,0,0,1,0,0,0,0,1,1,6,6,1,23,5,-1,-1,-1,-1,7,E01002216,0,3
2024549875924,2024,549875924,1,97,0,18,19,8,4,0,0,0,1,0,0,0,0,1,6,6,1,35,6,-1,-1,-1,-1,6,E01032075,0,1
2024111444577,2024,111444577,1,1,0,-1,19,4,8,-1,0,4,0,0,0,0,1,1,-1,9,1,50,8,-1,-1,-1,-1,1,E01012314,0,1
2024070036139,2024,070036139,1,9,0,17,19,1,5,0,0,0,1,10,1,4,1,1,6,6,1,38,7,-1,-1,-1,-1,1,E01005265,0,3
2024401423486,2024,401423486,1,9,0,-1,-1,-1,-1,-1,-1,0,-1,-1,-1,0,-1,9,-1,6,3,-1,-1,-1,-1,-1,-1,-1,-1,0,-1
2024231533943,2024,231533943,1,9,0,-1,19,2,6,-1,0,1,0,0,0,0,1,9,-1,6,1,38,7,-1,-1,-1,-1,-1,-1,0,-1
2024991522061,2024,991522061,1,9,0,-1,13,7,5,-1,0,1,0,0,1,0,4,1,-1,1,1,30,6,-1,-1,-1,-1,-1,-1,0,-1
2024501395552,2024,501395552,2,9,0,-1,19,5,1,-1,0,1,0,0,0,0,1,9,-1,6,-1,-1,-1,-1,-1,-1,-1,-1,-1,0,-1
2024430160698,2024,430160698,2,9,0,9,9,4,2,0,0,3,0,0,0,0,4,-1,6,6,2,46,8,-1,-1,-1,-1,7,E01016740,0,1
2024430291636,2024,430291636,2,1,0,99,99,9,9,0,0,1,9,0,0,0,3,1,2,2,1,37,7,-1,-1,-1,-1,-1,-1,0,-1
2024101512449,2024,101512449,2,9,0,-1,19,1,7,-1,0,1,0,0,0,0,0,1,-1,9,1,19,4,-1,-1,-1,-1,5,E01033556,0,1
2024211455142,2024,211455142,2,9,0,-1,4,1,5,-1,0,0,0,0,0,0,2,1,-1,9,2,57,9,-1,-1,-1,-1,7,E01029622,0,1
2024401541222,2024,401541222,1,9,0,-1,19,8,4,-1,0,1,0,0,0,0,1,1,-1,6,1,21,5,-1,-1,-1,-1,4,E01013734,0,5
2024010545076,2024,010545076,1,1,0,18,19,1,5,0,0,1,0,0,0,0,1,1,2,2,2,45,7,-1,-1,-1,-1,6,E01000299,0,2
2024010508959,2024,010508959,1,9,0,99,99,9,9,99,99,9,9,99,9,99,9,9,1,1,3,45,7,-1,-1,-1,-1,3,E01000498,0,3
2024411465213,2024,411465213,2,1,0,-1,5,7,3,-1,0,1,0,0,0,0,1,1,-1,9,1,43,7,-1,-1,-1,-1,8,E01023672,0,3
2024440217816,2024,440217816,1,9,0,18,19,3,7,0,0,1,0,0,0,0,1,1,6,6,2,-1,-1,-1,-1,-1,-1,-1,-1,0,-1
2024332400764,2024,332400764,2,9,0,-1,19,8,4,-1,0,0,0,0,0,0,1,1,-1,1,1,36,7,-1,-1,-1,-1,6,E01025884,0,1
2024421524247,2024,421524247,1,9,0,-1,-1,-1,-1,-1,-1,0,-1,-1,-1,0,-1,9,-1,6,3,-1,-1,-1,-1,-1,-1,-1,-1,0,-1
2024332401023,2024,332401023,2,1,0,-1,19,8,4,-1,0,8,0,0,0,0,1,1,-1,6,1,12,3,-1,-1,-1,-1,1,E01013726,0,1
2024471531957,2024,471531957,2,98,0,-1,19,5,1,-1,0,1,0,0,0,0,1,1,-1,6,3,-1,-1,-1,-1,-1,-1,-1,-1,0,-1
2024221511183,2024,221511183,2,1,0,-1,10,6,4,-1,0,1,0,0,0,0,3,1,-1,2,1,33,6,-1,-1,-1,-1,5,E01028896,0,1
2024545005324,2024,545005324,1,1,0,9,9,0,0,0,0,4,0,0,0,0,4,1,1,1,1,59,9,-1,-1,-1,-1,2,E01015537,0,1
2024070232334,2024,070232334,2,9,0,3,3,2,6,0,0,1,0,0,0,0,2,1,6,6,1,43,7,-1,-1,-1,-1,10,E01018468,0,1
2024010492604,2024,010492604,1,1,9,99,99,9,9,99,99,9,9,99,9,99,9,1,6,6,2,25,5,-1,-1,-1,-1,3,E01003275,0,1
2024421469100,2024,421469100,1,9,0,-1,5,1,5,-1,0,0,0,0,0,0,1,1,-1,2,2,29,6,-1,-1,-1,-1,8,E01021424,0,2
2024131497469,2024,131497469,1,23,0,-1,7,1,3,-1,0,5,0,0,0,0,1,1,-1,6,3,17,4,-1,-1,-1,-1,-1,-1,0,-1
2024311438443,2024,311438443,2,21,0,-1,19,5,1,-1,0,0,0,0,0,0,3,1,-1,1,1,37,7,-1,-1,-1,-1,10,W01000286,0,5
2024010495890,2024,010495890,2,9,9,18,19,7,3,0,0,8,9,99,9,99,9,9,6,6,1,49,8,-1,-1,-1,-1,3,E01032583,0,1
2024320448305,2024,320448305,1,1,0,-1,-1,6,2,0,0,0,0,0,0,0,1,1,6,6,1,16,4,-1,-1,-1,-1,1,E01026115,0,1
2024371477595,2024,371477595,2,1,0,-1,7,2,6,-1,0,0,5,0,0,0,1,1,-1,9,1,11,3,-1,-1,-1,-1,8,E01029997,0,1
2024052402511,2024,052402511,1,9,0,18,19,8,4,0,0,0,0,0,0,0,4,1,6,6,3,-1,-1,-1,-1,-1,-1,-1,-1,0,-1
2024461512990,2024,461512990,2,1,0,-1,19,1,5,-1,0,8,1,0,0,0,4,1,-1,6,1,12,3,-1,-1,-1,-1,7,E01024573,0,1
2024010523265,2024,010523265,2,-1,0,18,19,5,1,0,0,1,0,0,0,0,1,1,2,2,1,19,4,-1,-1,-1,-1,7,E01004077,1,1
2024471471095,2024,471471095,2,19,0,-1,7,8,4,-1,0,0,0,0,0,0,4,9,-1,6,1,-1,-1,-1,-1,-1,-1,-1,-1,0,-1
2024471406188,2024,471406188,2,9,0,-1,19,3,7,-1,0,0,1,0,1,0,1,1,-1,9,2,18,4,-1,-1,-1,-1,7,E01031417,0,4
2024010488236,2024,010488236,1,1,9,99,99,9,9,99,99,9,9,8,9,99,1,1,1,1,1,25,5,-1,-1,-1,-1,4,E01004303,0,1
2024371449731,2024,371449731,2,1,0,-1,19,3,7,-1,0,0,0,0,0,0,0,1,-1,9,1,61,9,-1,-1,-1,-1,7,E01030083,0,2
2024141418883,2024,141418883,1,97,0,-1,19,5,1,-1,9,0,0,0,1,11,1,1,-1,6,1,18,4,-1,-1,-1,-1,1,E01007462,0,1
2024302401690,2024,302401690,1,9,0,-1,7,2,4,-1,0,8,0,0,0,0,3,1,-1,6,3,-1,-1,-1,-1,-1,-1,5,E01019456,0,3
2024320707364,2024,320707364,3,9,0,3,3,6,2,0,0,0,0,0,0,0,2,1,6,6,3,-1,-1,-1,-1,-1,-1,-1,-1,0,-1
2024430391000,2024,430391000,1,22,0,18,19,5,1,0,0,1,0,0,0,0,1,1,6,6,2,-1,-1,-1,-1,-1,-1,-1,-1,0,-1
2024010551414,2024,010551414,2,23,0,18,19,1,5,0,0,0,0,0,0,0,1,1,6,6,1,12,3,-1,-1,-1,-1,8,E01000366,0,1
2024101513631,2024,101513631,2,1,0,-1,19,5,1,-1,0,3,0,0,0,0,1,1,-1,6,2,40,7,-1,-1,-1,-1,-1,-1,0,-1
2024010543507,2024,010543507,1,1,0,18,19,5,1,0,0,0,0,0,0,0,1,1,6,6,1,59,9,-1,-1,-1,-1,10,E01000707,0,1
2024010503322,2024,010503322,2,-1,0,4,4,5,1,0,0,1,0,0,0,0,3,1,2,2,1,23,5,-1,-1,-1,-1,5,E01002186,1,1
2024543574524,2024,543574524,2,1,0,3,3,5,1,0,0,1,0,0,0,0,1,1,2,2,1,55,8,-1,-1,-1,-1,3,E01031914,0,1
2024010502698,2024,010502698,1,9,0,99,99,9,9,99,99,9,9,99,9,99,1,1,6,6,3,-1,-1,-1,-1,-1,-1,-1,-1,0,-1
2024631527842,2024,631527842,1,9,0,-1,19,5,1,-1,0,8,0,4,3,10,1,1,-1,9,1,18,4,-1,-1,-1,-1,6,W01000500,0,1
2024201527517,2024,201527517,1,9,0,-1,19,7,8,-1,0,8,0,0,0,0,1,1,-1,6,-1,-1,-1,-1,-1,-1,-1,-1,-1,0,-1
2024010496161,2024,010496161,1,9,0,99,99,9,9,0,0,0,9,99,9,99,2,9,6,6,2,20,4,-1,-1,-1,-1,4,E01033790,0,4
2024010493147,2024,010493147,1,9,0,18,19,1,5,0,0,1,0,0,0,0,1,1,6,6,3,-1,-1,-1,-1,-1,-1,-1,-1,0,-1
2024461447344,2024,461447344,1,1,0,-1,19,3,8,-1,0,1,1,0,0,0,1,1,-1,9,1,14,3,-1,-1,-1,-1,1,E01016069,0,1
2024061493897,2024,061493897,3,11,0,-1,19,3,7,-1,0,0,0,0,0,0,2,1,-1,1,1,46,8,-1,-1,-1,-1,8,E01005453,0,2
2024211428734,2024,211428734,5,9,0,-1,2,0,0,-1,0,0,0,0,0,0,4,1,-1,6,-1,-1,-1,-1,-1,-1,-1,-1,-1,0,-1
2024131412313,2024,131412313,2,1,0,-1,19,5,1,-1,0,1,0,0,0,0,1,1,-1,9,1,42,7,-1,-1,-1,-1,7,E01011714,0,1
2024520000205,2024,520000205,1,4,0,3,3,8,4,0,0,8,0,0,0,0,1,1,6,6,1,31,6,-1,-1,-1,-1,-1,-1,0,-1
2024340WN4712,2024,340WN4712,1,9,0,-1,19,1,5,-1,0,0,0,4,0,0,1,1,-1,9,1,19,4,-1,-1,-1,-1,2,E01015643,0,4
2024101433290,2024,101433290,1,9,0,-1,19,3,7,-1,0,1,0,0,0,0,1,1,-1,6,3,-1,-1,-1,-1,-1,-1,-1,-1,0,-1
2024361438514,2024,361438514,2,9,0,-1,19,1,1,-1,0,0,0,0,0,0,0,1,-1,2,1,20,4,-1,-1,-1,-1,5,E01026766,0,1
2024010488804,2024,010488804,2,3,9,99,99,9,9,99,99,0,9,99,9,99,9,1,6,6,3,-1,-1,-1,-1,-1,-1,2,E01003987,0,1
2024131443775,2024,131443775,2,1,0,-1,19,6,5,-1,0,1,0,4,0,0,1,1,-1,9,1,24,5,-1,-1,-1,-1,9,E01013194,0,5
2024481563462,2024,481563462,1,9,0,-1,12,5,1,-1,0,1,0,0,0,0,3,1,-1,2,1,28,6,-1,-1,-1,-1,-1,-1,0,-1
2024010488610,2024,010488610,1,3,9,99,99,9,9,99,99,9,9,99,9,99,9,1,1,1,1,31,6,-1,-1,-1,-1,5,E01000475,0,1
2024201444897,2024,201444897,1,9,0,-1,19,5,1,-1,0,2,0,0,0,0,0,9,-1,6,3,30,6,-1,-1,-1,-1,-1,-1,0,-1
2024351532081,2024,351532081,1,9,0,-1,19,1,5,-1,0,0,0,0,1,0,3,1,-1,2,1,60,9,-1,-1,-1,-1,3,E01015638,0,2
2024010492384,2024,010492384,2,9,0,7,7,5,8,0,0,1,0,0,0,0,1,1,6,6,2,48,8,-1,-1,-1,-1,-1,-1,0,-1
2024041468920,2024,041468920,2,1,0,-1,19,4,8,-1,0,0,0,0,0,0,1,1,-1,9,2,44,7,-1,-1,-1,-1,2,E01005542,0,4
2024610050024,2024,610050024,2,19,0,18,19,5,1,0,0,1,0,0,0,0,1,1,1,1,1,26,6,-1,-1,-1,-1,7,W01001515,0,3
2024471471850,2024,471471850,2,1,0,-1,19,8,4,-1,0,1,0,0,0,0,0,1,-1,9,1,15,3,-1,-1,-1,-1,4,E01020952,0,1