collision_index,collision_year,collision_ref_no,vehicle_reference,vehicle_type,towing_and_articulation,vehicle_manoeuvre_historic,vehicle_manoeuvre,vehicle_direction_from,vehicle_direction_to,vehicle_location_restricted_lane_historic,vehicle_location_restricted_lane,junction_location,skidding_and_overturning,hit_object_in_carriageway,vehicle_leaving_carriageway,hit_object_off_carriageway,first_point_of_impact,vehicle_left_hand_drive,journey_purpose_of_driver_historic,journey_purpose_of_driver,sex_of_driver,age_of_driver,age_band_of_driver,engine_capacity_cc,propulsion_code,age_of_vehicle,generic_make_model,driver_imd_decile,lsoa_of_driver,escooter_flag,driver_distance_banding
2024481563968,2024,481563968,2,1,0,-1,4,3,7,-1,0,0,0,0,0,0,3,1,-1,9,1,24,5,-1,-1,-1,-1,-1,-1,0,-1
2024010498272,2024,010498272,1,9,0,99,99,9,9,99,99,9,9,99,9,99,9,9,6,6,1,39,7,-1,-1,-1,-1,6,E01003713,0,1
2024631421492,2024,631421492,2,9,0,-1,2,0,0,-1,0,0,0,0,7,3,4,1,-1,6,-1,-1,-1,-1,-1,-1,-1,-1,-1,0,-1
2024201525444,2024,201525444,1,9,0,-1,11,6,2,-1,0,0,0,0,0,0,1,9,-1,9,3,-1,-1,-1,-1,-1,-1,-1,-1,0,-1
2024311472852,2024,311472852,2,22,0,-1,19,1,5,-1,0,0,0,0,0,0,3,1,-1,6,1,87,11,-1,-1,-1,-1,8,E01028079,0,1
2024610050824,2024,610050824,1,1,0,9,9,6,4,0,0,8,0,0,0,0,1,1,1,1,1,27,6,-1,-1,-1,-1,1,W01001661,0,1
2024201468880,2024,201468880,2,1,0,-1,19,2,6,-1,0,0,0,0,0,0,1,1,-1,6,1,57,9,-1,-1,-1,-1,8,E01029616,0,2
2024991454024,2024,991454024,2,1,0,-1,19,7,3,-1,0,8,0,0,0,0,4,1,-1,9,1,68,10,-1,-1,-1,-1,7,-1,0,1
2024010495753,2024,010495753,1,9,0,99,99,9,9,99,99,9,9,99,9,99,1,9,6,6,3,53,8,-1,-1,-1,-1,3,E01002045,0,1
2024440478381,2024,440478381,2,9,0,3,3,3,7,0,0,8,0,0,0,0,1,1,6,6,3,-1,-1,-1,-1,-1,-1,-1,-1,0,-1
2024361484346,2024,361484346,1,1,0,-1,19,7,3,-1,0,8,0,0,0,0,1,1,-1,6,1,34,6,-1,-1,-1,-1,7,E01026536,0,2
2024010490935,2024,010490935,1,9,9,99,99,9,9,99,99,9,9,99,9,99,9,1,6,6,1,43,7,-1,-1,-1,-1,8,E01030900,0,4
2024010491408,2024,010491408,2,9,0,9,9,1,7,0,0,8,0,0,0,0,1,1,6,6,1,31,6,-1,-1,-1,-1,6,E01035280,0,4
2024451480081,2024,451480081,1,9,0,-1,19,1,5,-1,0,0,1,0,0,0,1,1,-1,9,1,17,4,-1,-1,-1,-1,8,E01031698,0,4
2024991394973,2024,991394973,1,9,0,-1,19,8,4,-1,0,0,1,0,0,0,1,1,-1,2,2,25,5,-1,-1,-1,-1,10,-1,0,2
2024440379249,2024,440379249,1,1,0,18,19,3,7,9,9,0,0,0,0,0,4,1,4,7,1,5,1,-1,-1,-1,-1,9,E01022798,0,1
2024548590024,2024,548590024,1,1,0,4,4,5,1,0,0,8,0,0,0,0,1,1,6,6,1,16,4,-1,-1,-1,-1,9,E01031999,0,1
2024052402491,2024,052402491,2,1,0,18,19,4,8,0,0,8,0,0,0,0,1,1,6,6,1,28,6,-1,-1,-1,-1,1,E01006678,0,1
2024221411840,2024,221411840,1,9,0,-1,19,2,6,-1,2,0,0,0,0,0,1,9,-1,1,1,55,8,-1,-1,-1,-1,6,E01028924,0,4
2024010497242,2024,010497242,1,9,0,18,19,5,1,0,0,8,0,0,0,0,4,1,6,6,1,59,9,-1,-1,-1,-1,10,E01003007,0,1
2024622400478,2024,622400478,2,1,0,9,9,6,4,0,0,0,0,0,0,0,3,1,6,6,1,35,6,-1,-1,-1,-1,5,W01000871,0,1
2024340WN6882,2024,340WN6882,1,90,0,-1,19,1,5,-1,0,1,0,0,0,0,4,1,-1,6,3,-1,-1,-1,-1,-1,-1,-1,-1,0,-1
2024520401193,2024,520401193,1,9,0,16,19,4,6,0,0,0,0,0,1,0,3,1,6,6,1,44,7,-1,-1,-1,-1,8,W01001495,0,4
2024010529641,2024,010529641,2,3,0,18,19,7,3,7,6,5,0,0,7,0,1,1,6,6,1,19,4,-1,-1,-1,-1,5,E01000491,0,1
2024440394464,2024,440394464,2,9,0,18,19,7,4,0,0,8,0,0,0,0,4,1,6,6,3,-1,-1,-1,-1,-1,-1,-1,-1,0,-1
2024361474163,2024,361474163,1,9,0,-1,19,1,5,-1,0,8,0,0,0,0,4,1,-1,1,1,63,9,-1,-1,-1,-1,9,E01026448,0,2
2024421422259,2024,421422259,1,9,0,-1,19,7,3,-1,0,1,0,0,0,0,1,1,-1,6,3,-1,-1,-1,-1,-1,-1,-1,-1,0,-1
2024010546188,2024,010546188,1,1,9,99,99,9,9,99,99,0,9,99,9,99,1,1,6,6,3,-1,-1,-1,-1,-1,-1,-1,-1,0,-1
2024411437774,2024,411437774,2,1,0,-1,19,7,3,-1,0,2,0,0,0,0,4,1,-1,9,1,22,5,-1,-1,-1,-1,2,E01035586,0,1
2024211421008,2024,211421008,2,19,0,-1,-1,6,2,-1,-1,0,0,0,0,0,2,9,-1,-1,-1,-1,-1,-1,-1,-1,-1,-1,-1,0,-1
2024501485788,2024,501485788,1,1,0,-1,5,3,7,-1,0,0,2,0,0,0,3,1,-1,2,2,38,7,-1,-1,-1,-1,5,E01034853,0,1
2024010550170,2024,010550170,1,9,0,-1,-1,3,7,0,0,2,0,0,0,0,4,1,6,6,1,82,11,-1,-1,-1,-1,5,E01002666,0,2
2024010518585,2024,010518585,2,9,0,18,19,1,5,0,0,6,0,10,3,11,1,1,6,6,1,18,4,-1,-1,-1,-1,4,E01001002,0,2
2024461471069,2024,461471069,1,9,0,-1,19,7,3,-1,0,0,0,0,0,0,1,9,-1,6,3,-1,-1,-1,-1,-1,-1,-1,-1,0,-1
2024010495403,2024,010495403,1,9,0,18,19,3,7,0,0,0,0,0,0,0,4,1,6,6,2,41,7,-1,-1,-1,-1,2,E01032512,0,1
202460Q005155,2024,60Q005155,1,9,0,18,19,1,5,0,0,2,0,0,0,0,1,1,6,6,1,20,4,-1,-1,-1,-1,-1,-1,0,-1
2024161517149,2024,161517149,2,1,0,-1,19,2,6,-1,0,8,2,0,0,0,4,1,-1,6,2,60,9,-1,-1,-1,-1,8,E01012935,0,1
2024401424818,2024,401424818,1,9,0,-1,10,1,7,-1,0,0,0,0,0,0,4,1,-1,6,2,35,6,-1,-1,-1,-1,9,E01017585,0,1
2024531420943,2024,531420943,1,9,0,-1,9,1,5,-1,0,1,0,0,0,0,1,1,-1,9,2,37,7,-1,-1,-1,-1,10,E01022465,0,1
2024010541283,2024,010541283,2,1,0,14,14,2,6,0,0,1,0,0,0,0,1,1,1,1,1,26,6,-1,-1,-1,-1,4,E01000872,0,1
2024332400407,2024,332400407,1,1,0,-1,19,9,9,-1,0,8,0,0,0,0,3,1,-1,2,1,22,5,-1,-1,-1,-1,8,E01025658,0,1
2024461492824,2024,461492824,2,1,0,-1,19,7,3,-1,9,8,0,0,0,0,1,1,-1,6,1,17,4,-1,-1,-1,-1,5,E01024216,0,1
2024041457364,2024,041457364,1,1,0,-1,19,7,3,-1,9,0,5,0,0,0,0,1,-1,9,1,4,1,-1,-1,-1,-1,1,E01012724,0,1
2024010539280,2024,010539280,1,97,9,99,99,9,9,99,99,9,9,99,9,99,9,1,6,6,3,-1,-1,-1,-1,-1,-1,-1,-1,0,-1
2024631514577,2024,631514577,1,9,0,-1,9,1,7,-1,0,5,0,0,3,1,1,1,-1,9,2,19,4,-1,-1,-1,-1,4,W01000605,0,4
2024201455123,2024,201455123,1,9,0,-1,19,2,6,-1,0,1,0,0,0,0,1,1,-1,6,1,55,8,-1,-1,-1,-1,-1,-1,0,-1
2024501396283,2024,501396283,1,9,0,-1,19,8,4,-1,0,0,1,0,7,11,1,1,-1,2,1,36,7,-1,-1,-1,-1,7,E01020281,0,3
2024221438651,2024,221438651,1,9,0,-1,19,4,1,-1,0,0,0,0,0,0,1,9,-1,6,2,30,6,-1,-1,-1,-1,6,E01028921,0,1
2024461507380,2024,461507380,1,9,0,-1,5,5,1,-1,0,5,0,0,0,0,3,1,-1,1,2,21,5,-1,-1,-1,-1,10,E01024325,0,1
2024010519130,2024,010519130,1,8,9,99,99,9,9,99,99,9,9,99,9,99,9,9,6,6,1,67,10,-1,-1,-1,-1,2,E01001693,0,2
2024430270193,2024,430270193,2,22,0,4,4,3,7,0,0,1,0,0,0,0,1,1,2,2,1,45,7,-1,-1,-1,-1,6,E01035743,0,1
2024010492589,2024,010492589,1,3,0,99,99,9,9,99,99,9,9,99,9,99,9,1,6,6,3,33,6,-1,-1,-1,-1,3,E01001832,0,1
2024010489319,2024,010489319,2,9,0,18,19,9,9,99,99,9,9,99,9,99,1,9,6,6,3,-1,-1,-1,-1,-1,-1,-1,-1,0,-1
2024131525652,2024,131525652,2,9,0,-1,19,2,6,-1,0,8,0,0,0,0,1,1,-1,9,1,70,10,-1,-1,-1,-1,9,E01011381,0,1
2024010547833,2024,010547833,1,9,0,18,19,1,5,0,0,8,0,0,0,0,1,1,6,6,3,-1,-1,-1,-1,-1,-1,-1,-1,0,-1
2024361501708,2024,361501708,2,9,0,-1,19,4,8,-1,0,1,0,0,0,0,1,1,-1,6,3,-1,-1,-1,-1,-1,-1,-1,-1,0,-1
2024610039724,2024,610039724,1,9,0,18,19,4,8,0,0,0,0,4,0,0,1,1,1,1,1,51,8,-1,-1,-1,-1,9,W01001654,0,1
2024161498780,2024,161498780,2,9,0,-1,19,8,4,-1,0,0,0,0,0,0,4,1,-1,6,1,79,11,-1,-1,-1,-1,6,E01013173,0,1
2024010525772,2024,010525772,2,9,0,99,99,9,9,99,99,9,9,99,9,99,0,9,6,6,3,50,8,-1,-1,-1,-1,4,E01000031,0,4
2024211399817,2024,211399817,2,5,0,-1,4,1,5,-1,0,1,2,0,0,0,0,1,-1,1,1,22,5,-1,-1,-1,-1,4,E01029783,0,3
2024131413735,2024,131413735,2,9,0,-1,19,5,1,-1,0,1,0,0,1,0,-1,1,-1,6,3,-1,-1,-1,-1,-1,-1,-1,-1,0,-1
2024302401005,2024,302401005,2,9,0,2,2,0,0,0,0,0,0,0,0,0,2,1,6,6,3,-1,-1,-1,-1,-1,-1,-1,-1,0,-1
2024070364625,2024,070364625,2,1,0,18,19,7,3,0,0,2,0,0,0,0,1,1,6,6,1,37,7,-1,-1,-1,-1,2,E01006876,0,3
2024430144076,2024,430144076,1,9,0,18,19,6,2,0,0,8,0,0,0,0,1,1,6,6,1,30,6,-1,-1,-1,-1,9,E01032609,0,1
2024010490497,2024,010490497,2,9,0,3,3,1,5,0,0,8,0,0,0,0,2,1,6,6,2,39,7,-1,-1,-1,-1,7,E01000442,0,1
2024440098219,2024,440098219,1,1,0,18,19,7,3,0,0,0,0,0,0,0,3,1,6,6,1,67,10,-1,-1,-1,-1,10,E01023212,0,2
2024501481979,2024,501481979,2,-1,-1,-1,19,7,4,-1,0,0,5,0,0,0,1,9,-1,9,2,10,2,-1,-1,-1,-1,2,E01018949,1,1
2024010504315,2024,010504315,2,9,0,99,99,9,9,99,99,9,9,99,9,99,1,9,6,6,3,45,7,-1,-1,-1,-1,8,E01002819,0,2
2024552400881,2024,552400881,2,1,0,18,19,8,4,0,0,1,0,0,0,0,1,1,6,6,1,41,7,-1,-1,-1,-1,8,E01020474,0,1
2024010516015,2024,010516015,2,1,0,18,19,8,4,0,0,0,1,0,0,0,2,1,6,6,2,37,7,-1,-1,-1,-1,5,E01001581,0,3
2024010496523,2024,010496523,1,97,0,18,19,3,7,0,0,0,0,0,0,0,4,1,6,6,3,-1,-1,-1,-1,-1,-1,-1,-1,0,-1
2024101396390,2024,101396390,2,1,0,-1,19,5,1,-1,0,8,5,0,0,0,1,1,-1,6,1,55,8,-1,-1,-1,-1,1,E01008398,0,1
2024010494609,2024,010494609,1,11,0,4,4,5,1,0,0,2,0,0,0,0,0,1,1,1,2,53,8,-1,-1,-1,-1,4,E01004038,0,1
2024010513243,2024,010513243,2,9,0,99,99,9,9,99,99,9,9,99,9,99,9,9,6,6,3,-1,-1,-1,-1,-1,-1,-1,-1,0,-1
2024332400262,2024,332400262,2,9,0,-1,19,9,9,-1,0,0,0,0,0,0,1,1,-1,6,3,-1,-1,-1,-1,-1,-1,-1,-1,0,-1
2024061481054,2024,061481054,2,9,0,-1,2,0,0,-1,0,1,0,0,0,0,0,1,-1,6,-1,-1,-1,-1,-1,-1,-1,-1,-1,0,-1
2024520500307,2024,520500307,1,9,0,5,5,7,3,0,0,0,0,0,0,0,3,1,6,6,1,73,10,-1,-1,-1,-1,5,E01029221,0,1
2024052401664,2024,052401664,1,3,0,18,19,1,5,0,0,6,0,0,0,0,1,1,6,6,1,22,5,-1,-1,-1,-1,2,E01012417,0,3
2024991476525,2024,991476525,1,9,0,-1,5,3,5,-1,0,1,0,0,7,0,1,1,-1,2,2,30,6,-1,-1,-1,-1,10,-1,0,1
2024421478110,2024,421478110,3,9,0,-1,9,3,8,-1,0,8,0,0,0,0,4,1,-1,9,2,23,5,-1,-1,-1,-1,7,E01021341,0,1
2024122400297,2024,122400297,2,1,0,7,7,1,7,0,0,3,0,0,0,0,4,1,2,2,2,31,6,-1,-1,-1,-1,5,E01027590,0,1
2024543995324,2024,543995324,1,1,0,15,15,8,4,0,0,1,0,0,0,0,1,1,6,6,1,20,4,-1,-1,-1,-1,4,E01032019,0,1
2024430193788,2024,430193788,1,9,0,5,5,0,5,0,0,8,0,0,0,0,3,1,6,6,1,47,8,-1,-1,-1,-1,-1,-1,0,-1
2024430108959,2024,430108959,1,1,0,9,9,8,6,0,0,5,0,0,0,0,3,1,6,6,1,18,4,-1,-1,-1,-1,9,E01035740,0,1
2024010519719,2024,010519719,2,1,0,17,19,1,5,5,5,1,5,0,0,0,3,1,6,6,1,58,9,-1,-1,-1,-1,7,E01003001,0,1
2024461509503,2024,461509503,1,9,0,-1,19,5,1,-1,0,0,0,0,0,0,1,9,-1,6,3,-1,-1,-1,-1,-1,-1,-1,-1,0,-1
2024131496636,2024,131496636,1,9,0,-1,19,8,4,-1,0,1,0,0,0,0,1,1,-1,6,3,-1,-1,-1,-1,-1,-1,-1,-1,0,-1
2024041481094,2024,041481094,1,9,0,-1,19,1,5,-1,0,0,0,0,0,0,0,9,-1,6,3,-1,-1,-1,-1,-1,-1,-1,-1,0,-1
2024411455808,2024,411455808,2,9,0,-1,19,1,4,-1,0,1,1,0,0,0,3,9,-1,6,3,-1,-1,-1,-1,-1,-1,-1,-1,0,-1
2024371498753,2024,371498753,1,-1,0,-1,19,7,3,-1,9,0,0,0,0,0,1,1,-1,6,1,18,4,-1,-1,-1,-1,-1,-1,1,-1
2024010497178,2024,010497178,1,1,0,18,19,8,4,0,0,1,0,0,0,0,1,1,6,6,1,39,7,-1,-1,-1,-1,6,E01003413,0,3
2024010501017,2024,010501017,1,1,9,99,99,9,9,99,99,9,9,99,9,99,0,1,2,2,1,45,7,-1,-1,-1,-1,4,E01030739,0,2
2024010548645,2024,010548645,1,9,0,99,99,9,9,99,99,3,9,99,9,99,1,9,6,6,3,-1,-1,-1,-1,-1,-1,-1,-1,0,-1
2024070309433,2024,070309433,1,9,0,7,7,8,4,0,0,1,0,0,7,10,1,1,6,6,1,50,8,-1,-1,-1,-1,7,E01012475,0,1
2024131515806,2024,131515806,1,9,0,-1,-1,-1,-1,-1,-1,-1,-1,-1,-1,-1,-1,1,-1,6,3,-1,-1,-1,-1,-1,-1,-1,-1,0,-1
2024010493257,2024,010493257,2,9,0,18,19,3,7,0,0,0,0,0,0,0,1,1,3,7,1,31,6,-1,-1,-1,-1,4,E01002015,0,1
2024161490077,2024,161490077,1,9,0,-1,9,2,7,-1,0,6,0,0,0,0,0,9,-1,6,3,-1,-1,-1,-1,-1,-1,-1,-1,0,-1
2024430452814,2024,430452814,3,19,0,3,3,8,4,0,0,0,0,0,0,0,2,1,2,2,1,25,5,-1,-1,-1,-1,3,E01003708,0,4
2024361444851,2024,361444851,2,1,0,-1,19,4,8,-1,0,0,0,0,0,0,3,1,-1,2,2,61,9,-1,-1,-1,-1,1,E01026867,0,1
2024131488596,2024,131488596,2,9,0,-1,7,3,7,-1,0,1,0,0,0,0,3,1,-1,9,1,50,8,-1,-1,-1,-1,7,E01027647,0,4
2024430267238,2024,430267238,2,1,0,5,5,7,3,0,0,0,0,0,0,0,3,1,2,2,2,-1,-1,-1,-1,-1,-1,4,E01028543,0,1
2024440179360,2024,440179360,1,1,0,18,19,8,4,0,0,1,0,0,0,0,4,1,6,6,1,17,4,-1,-1,-1,-1,5,E01017084,0,1
2024340WN7312,2024,340WN7312,1,9,0,-1,11,7,3,-1,0,1,0,0,0,0,2,1,-1,6,1,-1,-1,-1,-1,-1,-1,9,E01027208,0,1
2024201478414,2024,201478414,2,90,0,-1,3,7,3,-1,0,0,0,0,0,0,2,1,-1,1,2,23,5,-1,-1,-1,-1,-1,-1,0,-1
2024631477360,2024,631477360,1,98,4,-1,19,2,6,-1,0,0,0,0,0,0,1,1,-1,1,1,27,6,-1,-1,-1,-1,7,W01000663,0,1
2024430065393,2024,430065393,1,9,0,7,7,2,4,0,0,6,0,0,0,0,1,1,1,1,1,47,8,-1,-1,-1,-1,6,E01017925,0,1
2024010498463,2024,010498463,2,9,0,99,99,9,9,99,99,0,9,99,9,99,1,9,6,6,3,-1,-1,-1,-1,-1,-1,-1,-1,0,-1
2024131450729,2024,131450729,1,9,0,-1,-1,-1,-1,-1,-1,0,-1,-1,-1,-1,-1,1,-1,6,3,-1,-1,-1,-1,-1,-1,-1,-1,0,-1
2024430039181,2024,430039181,2,9,0,18,19,7,3,0,0,2,0,0,0,0,3,1,6,6,1,57,9,-1,-1,-1,-1,4,E01016521,0,1
2024010493543,2024,010493543,2,9,0,18,19,3,7,0,0,1,0,0,0,0,1,1,6,6,1,26,6,-1,-1,-1,-1,-1,-1,0,-1
2024991406926,2024,991406926,1,1,0,-1,19,7,3,-1,2,1,0,0,0,0,4,1,-1,2,1,62,9,-1,-1,-1,-1,-1,-1,0,-1
2024010495177,2024,010495177,1,1,9,99,99,9,9,99,99,1,9,99,9,99,1,1,6,6,1,31,6,-1,-1,-1,-1,4,E01003165,0,1
2024101507099,2024,101507099,1,9,3,-1,19,5,2,-1,0,0,0,0,0,0,3,1,-1,9,1,82,11,-1,-1,-1,-1,4,E01019127,0,5
2024010526411,2024,010526411,2,-1,0,3,3,8,4,0,0,1,5,0,0,0,3,1,6,6,1,54,8,-1,-1,-1,-1,3,E01000535,1,1
2024471533248,2024,471533248,1,9,0,-1,19,-1,-1,-1,0,1,0,0,0,0,-1,9,-1,6,3,-1,-1,-1,-1,-1,-1,-1,-1,0,-1
2024041462144,2024,041462144,2,1,0,-1,19,5,1,-1,0,1,0,0,0,0,1,1,-1,6,1,14,3,-1,-1,-1,-1,5,E01025525,0,1
2024041491865,2024,041491865,1,9,0,-1,9,3,7,-1,0,1,0,0,0,0,0,1,-1,6,-1,-1,-1,-1,-1,-1,-1,-1,-1,0,-1
2024471412584,2024,471412584,2,1,0,-1,19,5,1,-1,0,0,0,0,0,0,4,1,-1,9,1,67,10,-1,-1,-1,-1,5,E01031600,0,4
2024061475443,2024,061475443,1,1,0,-1,19,-1,-1,-1,4,8,0,0,0,0,3,1,-1,2,1,33,6,-1,-1,-1,-1,4,E01006189,0,1
2024421533860,2024,421533860,2,1,0,-1,19,7,3,-1,0,0,0,0,0,0,1,1,-1,9,1,41,7,-1,-1,-1,-1,8,E01021717,0,1
2024010545868,2024,010545868,1,1,9,99,99,9,9,99,99,0,9,99,9,99,1,1,6,6,1,-1,-1,-1,-1,-1,-1,-1,-1,0,-1
2024010536294,2024,010536294,3,9,0,18,19,8,4,0,0,0,0,0,0,0,1,1,6,6,3,-1,-1,-1,-1,-1,-1,-1,-1,0,-1
2024501409791,2024,501409791,1,21,0,-1,9,8,5,-1,0,8,0,0,0,0,1,1,-1,1,1,43,7,-1,-1,-1,-1,-1,-1,0,-1
2024311520716,2024,311520716,1,19,0,-1,19,4,2,-1,0,4,0,0,0,0,1,1,-1,6,3,-1,-1,-1,-1,-1,-1,-1,-1,0,-1
2024211404416,2024,211404416,1,90,0,-1,19,2,6,-1,9,0,0,0,1,0,1,9,-1,6,1,26,6,-1,-1,-1,-1,-1,-1,0,-1
2024010540017,2024,010540017,2,19,0,5,5,7,3,0,0,0,0,0,0,0,1,1,6,6,3,-1,-1,-1,-1,-1,-1,-1,-1,0,-1
2024010526907,2024,010526907,2,1,0,18,19,1,5,0,0,8,0,0,0,0,3,1,2,2,1,18,4,-1,-1,-1,-1,3,E01001368,0,1
2024501418853,2024,501418853,2,1,0,-1,19,1,6,-1,0,1,1,0,0,0,1,1,-1,9,1,43,7,-1,-1,-1,-1,7,E01020063,0,2
2024201478526,2024,201478526,2,9,0,-1,19,4,8,-1,0,0,0,0,0,0,1,1,-1,6,-1,-1,-1,-1,-1,-1,-1,-1,-1,0,-1
2024201485653,2024,201485653,2,9,0,-1,3,5,1,-1,0,1,0,0,0,0,2,1,-1,6,2,29,6,-1,-1,-1,-1,3,E01008895,0,3
2024421431919,2024,421431919,2,9,0,-1,19,3,7,-1,0,0,0,0,0,0,2,1,-1,2,2,25,5,-1,-1,-1,-1,2,E01035163,0,2
2024010539315,2024,010539315,2,9,0,99,99,9,9,99,99,9,9,99,9,99,1,9,6,6,3,-1,-1,-1,-1,-1,-1,-1,-1,0,-1
2024010536881,2024,010536881,2,9,0,99,99,9,9,99,99,9,9,99,9,99,1,9,6,6,3,-1,-1,-1,-1,-1,-1,7,E01003476,0,1
2024302400431,2024,302400431,2,1,0,18,19,2,6,0,0,0,0,0,0,0,4,1,6,6,2,53,8,-1,-1,-1,-1,1,E01019808,0,1
2024430237179,2024,430237179,1,9,0,5,5,2,6,0,0,0,0,0,7,10,1,1,6,6,2,44,7,-1,-1,-1,-1,2,E01034453,0,1
2024440009385,2024,440009385,1,9,0,17,19,2,7,0,0,0,5,0,0,0,0,1,6,6,1,19,4,-1,-1,-1,-1,5,E01033229,0,2
2024141451238,2024,141451238,2,97,0,-1,19,4,8,-1,0,0,0,0,0,0,3,1,-1,6,3,-1,-1,-1,-1,-1,-1,-1,-1,0,-1
2024501401562,2024,501401562,1,9,0,-1,13,1,5,-1,0,0,0,0,0,0,3,1,-1,6,1,62,9,-1,-1,-1,-1,2,E01018865,0,2
2024010508842,2024,010508842,1,11,0,7,7,2,4,0,0,1,0,0,0,0,3,2,6,6,1,43,7,-1,-1,-1,-1,-1,-1,0,-1
2024991420824,2024,991420824,1,9,0,-1,19,5,1,-1,0,0,0,0,0,0,1,1,-1,6,1,25,5,-1,-1,-1,-1,2,-1,0,4
2024052402420,2024,052402420,2,1,0,18,19,3,7,0,0,0,0,0,0,0,2,1,6,6,3,50,8,-1,-1,-1,-1,1,E01007085,0,1
2024351522171,2024,351522171,1,97,0,-1,19,1,5,-1,9,1,0,0,0,0,1,1,-1,9,1,34,6,-1,-1,-1,-1,9,E01018259,0,1
2024430551580,2024,430551580,1,23,0,18,19,-1,-1,9,9,0,0,0,0,0,1,1,6,6,1,19,4,-1,-1,-1,-1,-1,-1,0,-1
2024070018380,2024,070018380,1,1,0,5,5,3,1,0,0,8,0,0,0,0,2,1,1,1,1,45,7,-1,-1,-1,-1,2,E01018445,0,1
2024430387293,2024,430387293,2,1,0,18,19,0,0,0,0,4,0,0,0,0,3,1,6,6,1,14,3,-1,-1,-1,-1,8,E01016549,0,1
2024548099824,2024,548099824,1,1,0,7,7,1,3,0,0,5,0,0,0,0,1,1,6,6,1,17,4,-1,-1,-1,-1,9,E01032105,0,1
2024201426608,2024,201426608,2,22,0,-1,19,7,3,-1,0,1,0,0,0,0,1,1,-1,6,2,30,6,-1,-1,-1,-1,1,E01009651,0,1
2024201520683,2024,201520683,2,9,0,-1,19,-1,-1,-1,0,1,0,0,0,0,4,9,-1,6,2,45,7,-1,-1,-1,-1,-1,-1,0,-1
2024010493127,2024,010493127,1,3,0,14,14,5,1,0,0,1,0,0,0,0,1,1,6,6,1,46,8,-1,-1,-1,-1,2,E01004272,0,1
2024471468107,2024,471468107,2,9,0,-1,19,-1,-1,-1,0,4,0,0,0,0,1,1,-1,6,1,-1,-1,-1,-1,-1,-1,5,E01031498,0,3
2024010496713,2024,010496713,1,3,0,99,99,9,9,99,99,9,9,99,9,99,9,1,1,1,1,25,5,-1,-1,-1,-1,3,E01001546,0,1
2024201531285,2024,201531285,2,1,0,-1,19,5,1,-1,0,8,0,0,0,0,1,1,-1,1,1,59,9,-1,-1,-1,-1,8,E01010179,0,1
2024010522847,2024,010522847,3,9,0,3,3,3,7,0,0,0,0,4,0,0,3,1,6,6,2,83,11,-1,-1,-1,-1,3,E01000908,0,1
2024401453786,2024,401453786,2,9,0,-1,19,6,2,-1,0,1,0,0,0,0,1,1,-1,6,1,51,8,-1,-1,-1,-1,3,E01015788,0,1
2024010491999,2024,010491999,1,21,4,4,4,1,5,6,6,0,0,10,0,0,2,1,1,1,1,50,8,-1,-1,-1,-1,9,E01019409,0,5
2024010531872,2024,010531872,1,1,0,5,5,5,1,0,0,1,0,0,0,0,1,1,6,6,1,41,7,-1,-1,-1,-1,7,E01000691,0,1
2024991533635,2024,991533635,1,9,0,-1,19,5,1,-1,0,1,1,0,7,11,1,1,-1,9,1,79,11,-1,-1,-1,-1,10,-1,0,4
2024461481646,2024,461481646,1,9,-1,-1,9,8,6,-1,0,6,-1,-1,-1,0,4,9,-1,6,3,-1,-1,-1,-1,-1,-1,-1,-1,0,-1
2024501485173,2024,501485173,1,9,0,-1,7,5,7,-1,0,6,0,0,0,0,1,1,-1,9,1,56,9,-1,-1,-1,-1,5,E01020097,0,2
2024031471063,2024,031471063,1,9,0,-1,19,7,2,-1,0,1,0,0,0,0,1,1,-1,1,1,40,7,-1,-1,-1,-1,-1,-1,0,-1
2024052401940,2024,052401940,1,9,0,9,9,3,7,0,0,5,0,0,0,0,1,1,6,6,3,-1,-1,-1,-1,-1,-1,-1,-1,0,-1
2024201490852,2024,201490852,2,1,0,-1,19,3,7,-1,0,4,0,0,0,0,2,1,-1,6,1,27,6,-1,-1,-1,-1,5,E01034951,0,1
2024520500084,2024,520500084,1,9,0,18,19,3,7,0,0,8,0,0,0,0,4,1,6,6,1,74,10,-1,-1,-1,-1,5,E01029130,0,1
2024471472640,2024,471472640,1,9,0,-1,19,2,7,-1,0,0,5,0,1,4,4,1,-1,6,1,30,6,-1,-1,-1,-1,9,E01030636,0,4
2024531478324,2024,531478324,1,9,0,-1,19,1,5,-1,0,0,5,0,2,0,4,1,-1,1,1,38,7,-1,-1,-1,-1,7,E01032398,0,3
2024011437369,2024,011437369,1,1,0,-1,19,3,7,-1,0,2,0,0,0,0,1,1,-1,6,1,25,5,-1,-1,-1,-1,-1,-1,0,-1
2024991437737,2024,991437737,2,1,0,-1,3,2,6,-1,0,2,5,0,0,0,2,1,-1,6,1,23,5,-1,-1,-1,-1,-1,-1,0,-1
2024010495996,2024,010495996,1,1,9,99,99,9,9,99,99,9,9,99,9,99,1,1,2,2,2,37,7,-1,-1,-1,-1,6,E01001951,0,1
2024061534259,2024,061534259,1,1,0,-1,7,-1,-1,-1,5,0,9,0,0,0,3,1,-1,2,1,23,5,-1,-1,-1,-1,1,E01005219,0,1
2024131522468,2024,131522468,2,1,0,-1,19,5,1,-1,0,8,0,0,0,0,1,1,-1,1,2,25,5,-1,-1,-1,-1,6,E01033262,0,4
2024320022723,2024,320022723,1,9,0,5,5,4,8,0,0,1,0,0,0,0,1,1,6,6,1,36,7,-1,-1,-1,-1,-1,-1,0,-1
2024131407503,2024,131407503,2,9,0,-1,9,5,1,-1,0,6,0,0,0,0,0,1,-1,6,3,-1,-1,-1,-1,-1,-1,-1,-1,0,-1
2024010551725,2024,010551725,1,1,9,99,99,9,9,99,99,0,9,99,9,99,9,1,6,6,3,-1,-1,-1,-1,-1,-1,4,E01002706,0,3
2024010534508,2024,010534508,2,9,0,99,99,9,9,99,99,9,9,99,9,99,1,9,6,6,3,-1,-1,-1,-1,-1,-1,-1,-1,0,-1
2024010532395,2024,010532395,1,1,9,99,99,9,9,99,99,9,9,99,9,99,9,1,6,6,1,77,11,-1,-1,-1,-1,7,E01001587,0,1