collision_index,collision_year,collision_ref_no,vehicle_reference,vehicle_type,towing_and_articulation,vehicle_manoeuvre_historic,vehicle_manoeuvre,vehicle_direction_from,vehicle_direction_to,vehicle_location_restricted_lane_historic,vehicle_location_restricted_lane,junction_location,skidding_and_overturning,hit_object_in_carriageway,vehicle_leaving_carriageway,hit_object_off_carriageway,first_point_of_impact,vehicle_left_hand_drive,journey_purpose_of_driver_historic,journey_purpose_of_driver,sex_of_driver,age_of_driver,age_band_of_driver,engine_capacity_cc,propulsion_code,age_of_vehicle,generic_make_model,driver_imd_decile,lsoa_of_driver,escooter_flag,driver_distance_banding
2024340NN0022,2024,340NN0022,2,1,0,-1,9,3,1,-1,0,5,0,0,0,0,3,1,-1,2,1,24,5,-1,-1,-1,-1,7,E01027323,0,1
2024010518430,2024,010518430,2,1,0,7,7,6,1,0,0,8,0,0,0,0,1,1,6,6,2,37,7,-1,-1,-1,-1,8,E01004051,0,1
202454B003524,2024,54B003524,2,1,0,18,19,2,6,9,9,1,0,0,0,0,1,1,6,6,1,13,3,-1,-1,-1,-1,6,E01032083,0,1
2024421454935,2024,421454935,1,19,-1,-1,19,-1,-1,-1,0,1,0,0,0,0,1,1,-1,6,3,-1,-1,-1,-1,-1,-1,-1,-1,0,-1
2024031458748,2024,031458748,3,9,0,-1,4,6,2,-1,0,0,0,0,0,0,1,1,-1,9,1,32,6,-1,-1,-1,-1,3,E01007000,0,4
2024131412911,2024,131412911,2,1,0,-1,19,1,1,-1,0,1,0,0,0,0,3,1,-1,6,2,48,8,-1,-1,-1,-1,-1,-1,0,-1
2024440015764,2024,440015764,1,1,0,18,19,1,5,0,0,0,0,10,0,0,1,1,2,2,1,45,7,-1,-1,-1,-1,3,E01017228,0,1
2024141442347,2024,141442347,2,1,0,-1,19,6,2,-1,5,0,5,0,0,0,4,1,-1,6,1,27,6,-1,-1,-1,-1,2,E01007533,0,1
2024430047495,2024,430047495,1,9,0,2,2,0,0,0,0,1,0,0,0,0,4,1,6,6,2,39,7,-1,-1,-1,-1,8,E01016549,0,1
2024122500072,2024,122500072,2,1,0,4,4,5,1,0,0,0,0,0,0,0,3,1,6,6,2,48,8,-1,-1,-1,-1,6,E01013441,0,1
2024451516003,2024,451516003,1,9,0,-1,19,4,8,-1,0,0,0,0,0,0,1,1,-1,9,2,85,11,-1,-1,-1,-1,9,E01030944,0,1
2024302401676,2024,302401676,2,1,0,18,19,6,2,0,0,8,0,0,0,0,1,1,6,6,1,12,3,-1,-1,-1,-1,2,E01019664,0,1
2024311405953,2024,311405953,1,1,0,-1,19,5,1,-1,9,0,0,0,0,0,1,1,-1,6,1,-1,-1,-1,-1,-1,-1,-1,-1,0,-1
2024010541187,2024,010541187,2,9,0,6,6,8,8,0,0,0,0,0,0,0,1,1,6,6,3,-1,-1,-1,-1,-1,-1,-1,-1,0,-1
2024010487511,2024,010487511,1,5,0,14,14,1,5,0,0,1,0,0,0,0,3,1,2,2,1,53,8,-1,-1,-1,-1,5,E01031570,0,4
2024430448563,2024,430448563,2,1,0,18,19,3,7,0,0,8,0,0,0,0,1,1,6,6,1,47,8,-1,-1,-1,-1,5,E01002621,0,3
2024010512214,2024,010512214,2,1,0,18,19,3,7,0,0,1,0,0,0,0,1,1,2,2,1,29,6,-1,-1,-1,-1,3,E01002832,0,1
2024122400825,2024,122400825,2,1,0,18,19,1,5,0,0,2,0,0,0,0,4,1,2,2,2,62,9,-1,-1,-1,-1,8,E01013403,0,1
2024552400713,2024,552400713,2,1,0,18,19,2,6,5,5,8,0,0,0,0,3,1,2,2,1,41,7,-1,-1,-1,-1,4,E01020427,0,1
2024061511996,2024,061511996,2,10,0,-1,2,0,0,-1,0,0,0,0,0,0,0,1,-1,1,1,35,6,-1,-1,-1,-1,2,E01005027,0,4
2024411493976,2024,411493976,2,9,0,-1,19,5,1,-1,0,0,1,11,0,0,2,1,-1,6,1,45,7,-1,-1,-1,-1,8,E01001994,0,4
2024430287925,2024,430287925,1,9,0,14,14,7,3,0,0,0,0,0,0,0,1,1,6,6,1,44,7,-1,-1,-1,-1,9,E01035759,0,1
2024440032839,2024,440032839,1,9,0,18,19,4,8,0,0,0,0,0,0,0,1,1,6,6,1,39,7,-1,-1,-1,-1,6,E01023237,0,4
2024010494491,2024,010494491,1,9,0,99,99,9,9,99,99,9,9,99,9,99,9,9,6,6,2,53,8,-1,-1,-1,-1,6,E01000911,0,1
2024141535503,2024,141535503,2,9,0,-1,19,-1,-1,-1,0,1,0,0,0,0,-1,9,-1,6,3,-1,-1,-1,-1,-1,-1,-1,-1,0,-1
2024010494522,2024,010494522,1,11,0,99,99,9,9,99,99,9,9,99,9,99,9,9,6,6,3,53,8,-1,-1,-1,-1,5,E01015928,0,4
2024991533655,2024,991533655,1,19,0,-1,1,1,5,-1,9,0,0,0,0,0,3,1,-1,6,3,24,5,-1,-1,-1,-1,-1,-1,0,-1
2024332401052,2024,332401052,2,9,0,-1,19,1,5,-1,0,0,0,0,0,0,1,1,-1,6,3,-1,-1,-1,-1,-1,-1,-1,-1,0,-1
2024131413582,2024,131413582,2,16,0,-1,19,8,6,-1,0,0,0,0,0,0,2,1,-1,9,2,28,6,-1,-1,-1,-1,4,E01007344,0,1
2024010546414,2024,010546414,2,1,0,14,14,3,7,0,0,1,0,0,0,0,1,1,2,2,1,37,7,-1,-1,-1,-1,2,E01004008,0,1
2024010496244,2024,010496244,1,1,9,99,99,9,9,99,99,9,9,99,9,99,9,1,2,2,2,51,8,-1,-1,-1,-1,4,E01003339,0,1
2024010546448,2024,010546448,1,9,0,17,19,6,2,0,0,0,0,0,0,0,1,1,6,6,3,-1,-1,-1,-1,-1,-1,-1,-1,0,-1
2024430039846,2024,430039846,1,9,0,18,19,5,1,0,0,0,0,0,0,0,1,1,6,6,1,87,11,-1,-1,-1,-1,4,E01016662,0,1
2024221449490,2024,221449490,1,9,0,-1,7,1,4,-1,0,6,0,0,0,0,1,9,-1,6,3,45,7,-1,-1,-1,-1,-1,-1,0,-1
2024451427269,2024,451427269,1,1,0,-1,13,4,4,-1,0,0,5,0,0,0,3,1,-1,6,1,27,6,-1,-1,-1,-1,10,E01004112,0,1
2024010492440,2024,010492440,3,19,0,2,2,0,0,0,0,8,0,0,0,0,1,1,6,6,3,-1,-1,-1,-1,-1,-1,-1,-1,0,-1
2024041476539,2024,041476539,3,9,0,-1,19,3,7,-1,0,0,0,0,0,0,1,1,-1,6,1,43,7,-1,-1,-1,-1,3,E01007571,0,5
2024010496196,2024,010496196,3,9,0,3,3,2,6,0,0,0,0,0,0,0,2,1,6,6,1,35,6,-1,-1,-1,-1,8,E01003709,0,3
2024991446755,2024,991446755,2,1,0,-1,19,3,8,-1,0,1,5,0,0,0,1,1,-1,9,1,66,10,-1,-1,-1,-1,6,-1,0,1
2024010539534,2024,010539534,1,1,0,18,19,5,1,0,0,0,0,0,0,0,1,1,6,6,3,-1,-1,-1,-1,-1,-1,-1,-1,0,-1
2024070312701,2024,070312701,1,9,0,9,9,6,2,0,0,8,0,0,0,0,1,1,6,6,3,-1,-1,-1,-1,-1,-1,-1,-1,0,-1
2024501510015,2024,501510015,1,9,0,-1,19,2,6,-1,0,0,0,0,0,0,4,1,-1,6,1,74,10,-1,-1,-1,-1,6,E01020533,0,2
2024622400191,2024,622400191,2,9,0,9,9,7,4,0,0,6,0,0,0,0,2,1,6,6,2,28,6,-1,-1,-1,-1,8,W01001752,0,1
2024430580580,2024,430580580,1,-1,0,5,5,1,5,0,0,0,0,0,0,0,1,1,6,6,1,25,5,-1,-1,-1,-1,-1,-1,1,-1
2024010526893,2024,010526893,1,9,0,14,14,5,1,0,0,2,5,4,0,0,4,1,6,6,1,59,9,-1,-1,-1,-1,-1,-1,0,-1
2024010512749,2024,010512749,2,19,0,99,99,9,9,0,0,1,0,99,0,0,9,9,6,6,3,-1,-1,-1,-1,-1,-1,2,E01004539,0,1
2024041444806,2024,041444806,1,9,0,-1,19,7,3,-1,0,0,0,0,0,0,3,1,-1,9,1,56,9,-1,-1,-1,-1,8,E01011217,0,4
2024401480463,2024,401480463,1,9,-1,-1,-1,-1,-1,-1,-1,0,-1,-1,-1,0,-1,9,-1,6,1,-1,-1,-1,-1,-1,-1,-1,-1,0,-1
2024520000435,2024,520000435,1,19,9,99,99,0,0,0,0,0,0,0,0,0,9,1,6,6,1,49,8,-1,-1,-1,-1,-1,-1,0,-1
2024501432186,2024,501432186,2,1,0,-1,19,8,4,-1,4,0,5,0,0,0,0,1,-1,9,1,75,10,-1,-1,-1,-1,6,E01034860,0,1
2024451398119,2024,451398119,1,9,0,-1,13,5,1,-1,0,1,5,0,2,0,1,1,-1,9,1,31,6,-1,-1,-1,-1,5,E01030484,0,3
2024361521809,2024,361521809,2,1,0,-1,19,2,6,-1,0,8,0,0,0,0,4,1,-1,9,1,19,4,-1,-1,-1,-1,10,E01026908,0,2
2024010534070,2024,010534070,2,9,9,99,99,9,9,99,99,9,9,99,9,99,2,9,6,6,3,-1,-1,-1,-1,-1,-1,-1,-1,0,-1
2024461432889,2024,461432889,2,1,0,-1,19,3,7,-1,0,1,0,0,0,0,1,1,-1,6,1,-1,-1,-1,-1,-1,-1,-1,-1,0,-1
2024010516966,2024,010516966,1,1,9,99,99,9,9,99,99,9,9,99,9,99,9,1,2,2,3,32,6,-1,-1,-1,-1,5,E01003217,0,1
2024401438354,2024,401438354,1,19,0,-1,3,1,5,-1,0,0,0,0,0,0,1,1,-1,6,1,45,7,-1,-1,-1,-1,3,E01013553,0,5
2024101424594,2024,101424594,1,1,0,-1,19,1,5,-1,0,1,5,0,0,0,-1,1,-1,6,1,-1,-1,-1,-1,-1,-1,-1,-1,0,-1
2024531461857,2024,531461857,1,9,0,-1,13,1,5,-1,0,0,0,0,0,0,4,9,-1,6,3,-1,-1,-1,-1,-1,-1,-1,-1,0,-1
2024131456411,2024,131456411,2,9,0,-1,19,5,1,-1,0,0,1,0,0,0,3,1,-1,1,1,31,6,-1,-1,-1,-1,2,E01008430,0,5
2024340WN2812,2024,340WN2812,1,9,0,-1,12,5,2,-1,0,8,0,0,0,0,3,1,-1,8,2,-1,-1,-1,-1,-1,-1,-1,-1,0,-1
2024451498828,2024,451498828,1,9,0,-1,9,8,5,-1,0,5,0,0,0,0,1,1,-1,1,1,62,9,-1,-1,-1,-1,2,E01023119,0,1
2024201448086,2024,201448086,2,1,0,-1,19,4,8,-1,0,8,0,0,0,0,1,1,-1,6,1,22,5,-1,-1,-1,-1,2,E01034312,0,2
2024201404163,2024,201404163,2,9,0,-1,5,8,4,-1,0,0,0,0,0,0,3,1,-1,6,2,28,6,-1,-1,-1,-1,3,E01008890,0,1
2024101418319,2024,101418319,2,-1,0,-1,9,5,1,-1,0,1,2,0,0,0,3,1,-1,6,1,40,7,-1,-1,-1,-1,-1,-1,1,-1
2024501464270,2024,501464270,1,9,0,-1,5,4,8,-1,0,6,0,0,0,0,1,2,-1,9,2,59,9,-1,-1,-1,-1,-1,-1,0,-1
2024201460700,2024,201460700,1,21,0,-1,19,1,6,-1,0,0,0,0,0,0,3,1,-1,2,2,40,7,-1,-1,-1,-1,2,E01009809,0,1
2024010496854,2024,010496854,1,9,0,9,9,4,2,0,0,1,0,0,0,0,3,1,6,6,2,46,8,-1,-1,-1,-1,3,E01003256,0,1
2024430475785,2024,430475785,1,1,0,18,19,8,4,0,0,1,0,0,0,0,4,1,6,6,1,-1,-1,-1,-1,-1,-1,2,E01027230,0,4
2024131469710,2024,131469710,1,97,0,-1,-1,-1,-1,-1,-1,0,-1,-1,-1,-1,-1,1,-1,6,3,-1,-1,-1,-1,-1,-1,-1,-1,0,-1
2024421419107,2024,421419107,1,19,0,-1,19,1,5,-1,0,0,0,0,0,0,1,1,-1,2,1,26,6,-1,-1,-1,-1,10,E01023443,0,3
2024141463966,2024,141463966,1,97,0,-1,19,3,7,-1,0,0,5,4,0,0,1,1,-1,9,1,28,6,-1,-1,-1,-1,1,E01007466,0,1
2024531463813,2024,531463813,2,1,0,-1,19,1,5,-1,0,1,0,0,0,0,4,1,-1,9,2,82,11,-1,-1,-1,-1,3,E01022134,0,1
2024161437894,2024,161437894,2,5,0,-1,9,1,7,-1,0,8,0,0,0,0,4,1,-1,9,1,61,9,-1,-1,-1,-1,7,E01013269,0,2
2024351482148,2024,351482148,1,19,-1,-1,-1,5,1,-1,0,0,0,0,0,0,-1,9,-1,6,3,-1,-1,-1,-1,-1,-1,-1,-1,0,-1
2024991474358,2024,991474358,2,1,0,-1,19,3,7,-1,2,0,0,8,0,0,1,1,-1,6,1,29,6,-1,-1,-1,-1,5,-1,0,1
2024302400067,2024,302400067,1,9,0,18,19,5,1,0,0,1,0,0,0,0,1,1,6,6,3,-1,-1,-1,-1,-1,-1,5,E01019456,0,1
2024311430631,2024,311430631,1,-1,0,-1,19,6,2,-1,0,0,5,0,0,0,0,1,-1,6,1,42,7,-1,-1,-1,-1,1,E01013820,1,1
2024131493860,2024,131493860,2,9,0,-1,4,5,1,-1,0,0,0,0,0,0,1,1,-1,1,1,18,4,-1,-1,-1,-1,2,E01011470,0,2
2024201434215,2024,201434215,2,99,0,-1,19,4,8,-1,0,0,0,0,0,0,1,9,-1,6,3,-1,-1,-1,-1,-1,-1,-1,-1,0,-1
2024421407051,2024,421407051,1,9,0,-1,19,2,6,-1,0,0,0,0,0,0,1,1,-1,6,3,-1,-1,-1,-1,-1,-1,-1,-1,0,-1
2024131510446,2024,131510446,1,9,0,-1,-1,-1,-1,-1,-1,-1,-1,-1,-1,-1,-1,1,-1,6,3,-1,-1,-1,-1,-1,-1,-1,-1,0,-1
2024010540701,2024,010540701,1,1,9,99,99,9,9,99,99,9,9,99,9,99,1,1,2,2,1,31,6,-1,-1,-1,-1,6,E01024189,0,3
2024131398911,2024,131398911,2,1,0,-1,19,4,8,-1,0,8,5,0,0,0,3,1,-1,9,1,17,4,-1,-1,-1,-1,1,E01011624,0,1
2024201519363,2024,201519363,1,19,0,-1,12,7,3,-1,0,0,0,0,0,0,3,9,-1,6,1,-1,-1,-1,-1,-1,-1,-1,-1,0,-1
2024332400113,2024,332400113,1,1,0,-1,7,2,4,-1,0,4,1,0,0,0,1,1,-1,6,1,67,10,-1,-1,-1,-1,10,E01025803,0,1
2024101453933,2024,101453933,2,9,0,-1,6,6,2,-1,0,0,0,0,0,0,3,1,-1,6,1,31,6,-1,-1,-1,-1,3,E01008350,0,1
2024010493481,2024,010493481,2,9,0,99,99,9,9,99,99,9,9,99,9,99,9,9,6,6,3,-1,-1,-1,-1,-1,-1,7,E01002965,0,3
2024461477861,2024,461477861,1,19,0,-1,19,8,4,-1,0,0,0,0,0,0,4,9,-1,6,3,-1,-1,-1,-1,-1,-1,-1,-1,0,-1
2024201407472,2024,201407472,2,9,0,-1,19,2,6,-1,0,8,0,10,4,10,1,1,-1,2,1,52,8,-1,-1,-1,-1,4,E01009227,0,1
2024010531358,2024,010531358,2,1,0,18,19,3,7,0,0,1,5,0,0,0,1,1,2,2,1,59,9,-1,-1,-1,-1,3,E01003377,0,2
2024440012788,2024,440012788,2,9,0,18,19,5,1,0,0,1,0,0,0,0,0,1,6,6,3,-1,-1,-1,-1,-1,-1,-1,-1,0,-1
2024440483361,2024,440483361,1,1,0,18,19,3,7,0,0,8,0,0,0,0,4,1,6,6,1,80,11,-1,-1,-1,-1,10,E01022720,0,1
2024340WN3582,2024,340WN3582,2,9,0,-1,3,1,5,-1,0,1,0,0,0,0,2,1,-1,2,2,33,6,-1,-1,-1,-1,5,E01035424,0,1
2024411472324,2024,411472324,1,20,0,-1,19,7,3,-1,0,1,0,0,0,0,1,1,-1,9,2,36,7,-1,-1,-1,-1,2,E01015897,0,4
2024161536033,2024,161536033,1,1,0,-1,14,6,2,-1,4,1,5,4,0,0,1,1,-1,6,1,38,7,-1,-1,-1,-1,4,E01012828,0,1
2024430109796,2024,430109796,2,9,0,18,19,4,8,0,0,0,0,11,0,0,1,1,2,2,1,44,7,-1,-1,-1,-1,-1,-1,0,-1
2024221469887,2024,221469887,2,1,0,-1,19,2,8,-1,0,8,0,0,0,0,4,1,-1,9,1,32,6,-1,-1,-1,-1,7,E01025960,0,4
2024451410508,2024,451410508,1,9,0,-1,11,3,7,-1,0,0,1,0,0,0,1,1,-1,9,1,23,5,-1,-1,-1,-1,6,E01030399,0,2
2024041496539,2024,041496539,2,98,0,-1,19,5,1,-1,0,0,0,0,0,0,2,1,-1,1,1,36,7,-1,-1,-1,-1,3,E01025054,0,2
2024041400235,2024,041400235,1,9,0,-1,9,3,5,-1,0,2,0,0,0,0,3,1,-1,9,1,75,10,-1,-1,-1,-1,9,E01025545,0,2
2024544803824,2024,544803824,1,9,0,18,19,7,3,0,0,2,0,0,0,0,0,1,6,6,3,-1,-1,-1,-1,-1,-1,-1,-1,0,-1
2024302400450,2024,302400450,2,19,0,17,19,1,5,0,0,8,0,0,0,0,3,1,6,6,1,61,9,-1,-1,-1,-1,3,E01035505,0,3
2024520002224,2024,520002224,1,19,0,18,19,-1,-1,0,0,0,0,0,0,0,1,1,6,6,2,34,6,-1,-1,-1,-1,5,E01014438,0,1
2024070179961,2024,070179961,1,9,0,18,19,8,4,0,0,0,0,0,0,0,1,1,6,6,3,-1,-1,-1,-1,-1,-1,-1,-1,0,-1
2024010538495,2024,010538495,2,9,9,99,99,9,9,99,99,9,9,99,9,99,9,9,6,6,1,39,7,-1,-1,-1,-1,7,E01000306,0,1
2024010519600,2024,010519600,1,1,9,99,99,9,9,99,99,9,9,99,9,99,9,1,2,2,2,47,8,-1,-1,-1,-1,6,E01003459,0,1
2024010499812,2024,010499812,1,9,0,9,9,3,2,0,0,1,0,0,0,0,1,1,6,6,1,66,10,-1,-1,-1,-1,8,E01000774,0,1
2024010507905,2024,010507905,2,1,0,18,19,3,7,9,9,2,0,4,0,0,4,1,2,2,1,43,7,-1,-1,-1,-1,4,E01026250,0,5
2024471402313,2024,471402313,3,9,0,-1,19,8,4,-1,0,1,0,0,0,0,-1,9,-1,6,3,-1,-1,-1,-1,-1,-1,-1,-1,0,-1
2024501484432,2024,501484432,2,1,0,-1,19,2,6,-1,9,0,0,0,0,0,1,1,-1,9,1,13,3,-1,-1,-1,-1,3,E01015245,0,1
2024332400188,2024,332400188,1,1,0,-1,19,8,4,-1,0,0,0,0,0,0,3,1,-1,9,1,50,8,-1,-1,-1,-1,7,E01025910,0,1
2024201453425,2024,201453425,1,9,0,-1,19,3,7,-1,0,0,0,0,0,0,1,1,-1,6,-1,-1,-1,-1,-1,-1,-1,-1,-1,0,-1
2024010495533,2024,010495533,2,19,4,18,19,1,5,0,0,2,0,0,0,0,1,2,1,1,1,76,11,-1,-1,-1,-1,-1,-1,0,-1
2024520401198,2024,520401198,2,9,0,18,19,9,9,0,0,6,0,0,0,0,9,9,6,6,3,-1,-1,-1,-1,-1,-1,-1,-1,0,-1
2024522500154,2024,522500154,1,1,0,18,19,8,4,0,0,8,0,0,0,0,1,1,6,6,1,31,6,-1,-1,-1,-1,9,E01014696,0,1
2024430328255,2024,430328255,1,9,0,9,9,3,1,0,0,8,0,0,0,0,3,1,6,6,1,76,11,-1,-1,-1,-1,2,E01034454,0,1
2024010537336,2024,010537336,2,9,9,3,3,9,9,99,99,1,9,99,9,99,1,9,6,6,3,-1,-1,-1,-1,-1,-1,5,E01006292,0,5
2024010548561,2024,010548561,2,9,0,3,3,2,6,0,0,8,0,0,0,0,2,1,1,1,1,64,9,-1,-1,-1,-1,3,E01000381,0,2
2024991494031,2024,991494031,1,5,0,-1,13,7,3,-1,0,0,0,0,7,0,1,1,-1,9,2,34,6,-1,-1,-1,-1,9,-1,0,4
2024461479087,2024,461479087,1,9,0,-1,19,3,7,-1,0,6,0,0,0,0,1,9,-1,6,3,-1,-1,-1,-1,-1,-1,-1,-1,0,-1
2024010533452,2024,010533452,1,1,9,99,99,9,9,99,99,9,9,99,9,99,1,1,2,2,1,38,7,-1,-1,-1,-1,9,E01004604,0,2
2024501487295,2024,501487295,2,9,0,-1,4,5,1,-1,0,0,0,0,0,0,2,1,-1,6,2,23,5,-1,-1,-1,-1,6,E01020187,0,4
2024061475386,2024,061475386,2,9,0,-1,19,1,5,-1,0,8,0,0,0,0,1,1,-1,9,1,48,8,-1,-1,-1,-1,8,E01006037,0,1
2024010529748,2024,010529748,1,1,9,99,99,9,9,99,99,9,9,99,9,99,9,1,6,6,1,31,6,-1,-1,-1,-1,2,E01000550,0,2
2024161496466,2024,161496466,1,9,0,-1,4,6,2,-1,0,0,0,0,0,0,1,1,-1,6,3,-1,-1,-1,-1,-1,-1,-1,-1,0,-1
2024411455274,2024,411455274,2,9,0,-1,11,4,8,-1,0,0,0,0,0,0,-1,1,-1,6,1,40,7,-1,-1,-1,-1,5,E01023780,0,1
2024010504354,2024,010504354,2,1,9,99,99,9,9,99,99,9,9,99,9,99,9,1,6,6,1,-1,-1,-1,-1,-1,-1,5,E01001855,0,1
2024430426159,2024,430426159,1,9,0,18,19,3,7,0,0,3,0,0,0,0,1,1,6,6,2,31,6,-1,-1,-1,-1,4,E01022542,0,3
2024430255333,2024,430255333,1,9,0,16,19,8,2,0,0,0,0,0,7,9,3,1,6,6,2,18,4,-1,-1,-1,-1,9,E01033832,0,1
2024010525541,2024,010525541,2,1,5,9,9,5,3,0,0,1,0,0,0,0,1,1,6,6,1,9,2,-1,-1,-1,-1,3,E01001688,0,1
2024421476851,2024,421476851,2,9,0,-1,4,2,6,-1,0,0,0,0,0,0,2,1,-1,9,2,56,9,-1,-1,-1,-1,8,E01022068,0,4
2024351402963,2024,351402963,1,9,0,-1,19,4,5,-1,0,0,1,0,0,0,1,1,-1,6,1,33,6,-1,-1,-1,-1,5,E01017388,0,4
2024440483251,2024,440483251,1,1,0,9,9,1,7,0,0,8,0,0,0,0,4,1,2,2,2,40,7,-1,-1,-1,-1,1,E01017039,0,1
2024070126341,2024,070126341,2,9,0,18,19,1,5,0,0,1,0,0,0,0,1,1,6,6,2,31,6,-1,-1,-1,-1,-1,-1,0,-1
2024131430693,2024,131430693,1,1,0,-1,19,3,3,-1,0,8,1,0,0,0,1,1,-1,6,1,70,10,-1,-1,-1,-1,7,E01010897,0,1
2024421456978,2024,421456978,1,9,-1,-1,3,4,6,-1,0,0,0,0,0,0,2,9,-1,6,3,-1,-1,-1,-1,-1,-1,-1,-1,0,-1
2024010498651,2024,010498651,1,9,0,5,5,1,5,0,0,1,0,0,0,0,3,1,6,6,1,61,9,-1,-1,-1,-1,2,E01004268,0,1
2024302400832,2024,302400832,1,9,0,4,4,4,8,0,0,1,0,0,0,0,2,1,6,6,1,35,6,-1,-1,-1,-1,10,E01019762,0,4
2024010551891,2024,010551891,1,1,9,99,99,9,9,99,99,9,9,99,9,99,1,1,6,6,3,-1,-1,-1,-1,-1,-1,-1,-1,0,-1
2024520402210,2024,520402210,1,1,0,18,19,7,3,0,0,0,0,0,0,0,4,1,6,6,1,18,4,-1,-1,-1,-1,1,E01029107,0,1
2024411536314,2024,411536314,2,9,0,-1,19,6,2,-1,0,0,0,0,0,0,1,1,-1,9,2,81,11,-1,-1,-1,-1,9,E01001417,0,2
2024430334496,2024,430334496,2,9,0,3,3,4,8,0,0,0,0,0,0,0,2,1,6,6,1,31,6,-1,-1,-1,-1,-1,-1,0,-1
2024552400886,2024,552400886,1,9,0,18,19,4,8,0,0,0,0,12,0,0,4,1,6,6,1,36,7,-1,-1,-1,-1,7,E01023208,0,4
2024401446345,2024,401446345,3,9,0,-1,2,0,0,-1,9,0,0,0,0,0,1,1,-1,6,-1,-1,-1,-1,-1,-1,-1,-1,-1,0,-1
2024401399884,2024,401399884,1,9,-1,-1,-1,-1,-1,-1,-1,-1,-1,-1,-1,0,-1,9,-1,6,3,-1,-1,-1,-1,-1,-1,-1,-1,0,-1
2024552400829,2024,552400829,2,1,0,18,19,8,4,0,0,8,0,0,0,0,3,1,4,7,2,11,3,-1,-1,-1,-1,5,E01020353,0,1
2024010499989,2024,010499989,2,9,0,18,19,5,1,0,0,0,0,0,0,0,1,2,6,6,1,43,7,-1,-1,-1,-1,3,E01001488,0,1
2024010516650,2024,010516650,1,1,9,99,99,9,9,99,99,9,9,99,9,99,9,1,2,2,2,42,7,-1,-1,-1,-1,6,E01001652,0,1
2024010543968,2024,010543968,1,1,9,99,99,9,9,99,99,9,9,99,9,99,1,9,6,6,1,-1,-1,-1,-1,-1,-1,-1,-1,0,-1
2024010488639,2024,010488639,1,19,0,18,19,5,1,0,0,1,0,0,0,0,1,1,1,1,1,50,8,-1,-1,-1,-1,5,E01004076,0,1
2024010532323,2024,010532323,1,1,9,99,99,9,9,99,99,9,9,99,9,99,9,1,6,6,1,46,8,-1,-1,-1,-1,5,E01001736,0,1
2024010532560,2024,010532560,1,1,0,5,5,6,2,0,0,8,0,0,0,0,0,1,6,6,1,29,6,-1,-1,-1,-1,5,E01033922,0,1
2024161502941,2024,161502941,2,9,0,-1,9,7,3,-1,0,6,0,0,0,0,1,1,-1,1,1,25,5,-1,-1,-1,-1,7,E01013101,0,3
2024010536742,2024,010536742,2,9,0,16,19,3,7,0,0,8,0,0,0,0,3,1,6,6,1,-1,-1,-1,-1,-1,-1,5,E01023727,0,4
2024610016224,2024,610016224,1,9,0,18,19,3,7,0,0,0,0,4,0,0,4,1,6,6,2,26,6,-1,-1,-1,-1,1,W01001519,0,1
202454C365124,2024,54C365124,2,9,0,4,4,5,1,0,0,1,0,0,0,0,2,1,6,6,1,25,5,-1,-1,-1,-1,5,E01015479,0,1
2024401395092,2024,401395092,1,19,0,-1,9,-1,-1,-1,-1,3,0,9,0,0,1,9,-1,6,3,-1,-1,-1,-1,-1,-1,-1,-1,0,-1
2024332401006,2024,332401006,2,9,0,-1,19,5,1,-1,0,2,0,0,0,0,1,1,-1,6,1,29,6,-1,-1,-1,-1,6,E01034688,0,4
2024010501807,2024,010501807,2,1,9,99,99,9,9,99,99,9,9,99,9,99,1,1,6,6,1,-1,-1,-1,-1,-1,-1,-1,-1,0,-1
2024010522459,2024,010522459,1,2,0,18,19,1,5,0,0,1,0,0,0,0,1,1,1,1,1,27,6,-1,-1,-1,-1,3,E01002404,0,1
2024201527745,2024,201527745,2,1,0,-1,19,5,1,-1,0,8,0,0,0,0,4,1,-1,9,1,36,7,-1,-1,-1,-1,1,E01009337,0,1
2024302401277,2024,302401277,2,1,0,4,4,2,6,0,0,0,0,0,1,0,1,1,6,6,2,56,9,-1,-1,-1,-1,9,E01029739,0,4
2024461470283,2024,461470283,1,9,0,-1,19,1,5,-1,0,2,0,0,0,0,1,1,-1,6,3,-1,-1,-1,-1,-1,-1,-1,-1,0,-1
2024421530489,2024,421530489,2,9,0,-1,19,7,3,-1,0,0,0,0,1,0,3,1,-1,6,1,30,6,-1,-1,-1,-1,3,E01029985,0,3
2024101442792,2024,101442792,1,9,0,-1,19,4,8,-1,0,0,0,0,0,0,1,9,-1,6,3,-1,-1,-1,-1,-1,-1,-1,-1,0,-1
2024201456419,2024,201456419,2,1,0,-1,19,5,1,-1,0,8,0,0,0,0,3,1,-1,6,1,14,3,-1,-1,-1,-1,2,E01009887,0,1
2024351515015,2024,351515015,2,1,0,-1,10,7,3,-1,5,3,0,0,0,0,2,1,-1,6,2,70,10,-1,-1,-1,-1,5,E01018079,0,1
2024311535171,2024,311535171,1,1,0,-1,19,1,5,-1,9,8,0,0,0,0,4,1,-1,6,1,23,5,-1,-1,-1,-1,9,E01028206,0,1
2024161458916,2024,161458916,2,1,0,-1,19,1,5,-1,0,1,0,0,0,0,1,1,-1,6,1,43,7,-1,-1,-1,-1,1,E01012855,0,1
2024461465132,2024,461465132,1,9,0,-1,9,5,3,-1,0,5,0,0,0,0,4,1,-1,6,1,50,8,-1,-1,-1,-1,2,E01024257,0,1
2024311469452,2024,311469452,2,1,0,-1,19,7,3,-1,9,0,0,0,0,0,1,1,-1,9,1,34,6,-1,-1,-1,-1,-1,-1,0,-1
2024161401953,2024,161401953,2,1,0,-1,9,1,7,-1,0,8,0,0,0,0,3,1,-1,6,1,30,6,-1,-1,-1,-1,2,E01013202,0,1
2024010522817,2024,010522817,1,9,0,7,7,1,3,0,0,1,0,0,0,0,4,1,6,6,1,40,7,-1,-1,-1,-1,8,E01001925,0,3
2024010539778,2024,010539778,2,9,0,99,99,9,9,99,99,9,9,99,9,99,9,9,6,6,3,-1,-1,-1,-1,-1,-1,-1,-1,0,-1
2024201458396,2024,201458396,1,99,0,-1,5,2,8,-1,0,6,0,0,0,0,1,9,-1,9,3,-1,-1,-1,-1,-1,-1,-1,-1,0,-1