collision_index,collision_year,collision_ref_no,vehicle_reference,vehicle_type,towing_and_articulation,vehicle_manoeuvre_historic,vehicle_manoeuvre,vehicle_direction_from,vehicle_direction_to,vehicle_location_restricted_lane_historic,vehicle_location_restricted_lane,junction_location,skidding_and_overturning,hit_object_in_carriageway,vehicle_leaving_carriageway,hit_object_off_carriageway,first_point_of_impact,vehicle_left_hand_drive,journey_purpose_of_driver_historic,journey_purpose_of_driver,sex_of_driver,age_of_driver,age_band_of_driver,engine_capacity_cc,propulsion_code,age_of_vehicle,generic_make_model,driver_imd_decile,lsoa_of_driver,escooter_flag,driver_distance_banding
2024501466724,2024,501466724,1,9,0,-1,19,3,1,-1,0,8,0,0,1,0,1,9,-1,6,1,-1,-1,-1,-1,-1,-1,4,E01020138,0,2
2024430112463,2024,430112463,1,19,0,18,19,4,8,0,0,0,0,0,0,0,1,1,6,6,3,-1,-1,-1,-1,-1,-1,-1,-1,0,-1
2024010492015,2024,010492015,1,21,0,3,3,7,3,0,0,1,0,0,0,0,1,1,6,6,1,24,5,-1,-1,-1,-1,8,E01024750,0,4
202460Q016838,2024,60Q016838,2,1,0,18,19,8,4,0,0,1,0,0,0,0,1,1,6,6,1,12,3,-1,-1,-1,-1,-1,-1,0,-1
2024541741024,2024,541741024,2,19,1,18,19,2,6,0,0,1,1,0,0,0,2,1,1,1,1,48,8,-1,-1,-1,-1,8,E01027549,0,5
2024010533383,2024,010533383,1,1,0,18,19,7,3,0,0,8,0,0,0,0,1,1,6,6,1,37,7,-1,-1,-1,-1,3,E01004409,0,1
2024461471446,2024,461471446,1,9,0,-1,5,5,1,-1,0,0,0,0,0,0,4,9,-1,6,3,-1,-1,-1,-1,-1,-1,-1,-1,0,-1
2024010493599,2024,010493599,1,1,9,99,99,9,9,99,99,0,9,8,9,99,9,1,3,7,2,46,8,-1,-1,-1,-1,6,E01003107,0,1
2024010491507,2024,010491507,1,9,0,7,7,6,1,0,0,1,0,11,0,0,1,1,2,2,2,45,7,-1,-1,-1,-1,4,E01003209,0,1
2024631520801,2024,631520801,1,5,0,-1,19,4,8,-1,0,0,1,0,0,0,0,1,-1,9,1,61,9,-1,-1,-1,-1,5,E01012635,0,5
2024461429464,2024,461429464,2,1,0,-1,-1,-1,-1,-1,-1,-1,-1,-1,-1,0,4,1,-1,6,2,46,8,-1,-1,-1,-1,7,E01024576,0,1
2024991527490,2024,991527490,1,20,0,-1,19,1,5,-1,0,0,0,4,1,0,1,1,-1,1,1,56,9,-1,-1,-1,-1,-1,-1,0,-1
2024010543487,2024,010543487,1,9,0,18,19,3,7,0,0,0,0,0,0,0,1,1,6,6,1,20,4,-1,-1,-1,-1,7,-1,0,5
2024501454153,2024,501454153,1,1,0,-1,19,1,5,-1,0,0,0,0,0,0,1,1,-1,1,3,-1,-1,-1,-1,-1,-1,-1,-1,0,-1
2024010520438,2024,010520438,1,1,0,18,19,3,7,0,0,0,5,0,0,0,2,1,6,6,1,24,5,-1,-1,-1,-1,6,E01002968,0,1
2024471500000,2024,471500000,2,1,0,-1,19,1,5,-1,0,0,1,0,0,0,1,1,-1,6,1,35,6,-1,-1,-1,-1,6,E01016892,0,1
2024201448832,2024,201448832,1,9,0,-1,19,3,7,-1,0,0,0,0,0,0,1,9,-1,6,3,-1,-1,-1,-1,-1,-1,-1,-1,0,-1
2024430040463,2024,430040463,1,9,0,18,19,2,6,0,0,0,0,0,0,0,4,1,6,6,2,-1,-1,-1,-1,-1,-1,-1,-1,0,-1
2024421521403,2024,421521403,1,9,0,-1,19,7,3,-1,0,4,0,0,0,0,1,9,-1,6,3,-1,-1,-1,-1,-1,-1,-1,-1,0,-1
2024010491467,2024,010491467,3,9,0,3,3,3,7,0,0,0,0,0,0,0,2,1,6,6,2,22,5,-1,-1,-1,-1,8,E01032577,0,2
2024311484531,2024,311484531,1,9,0,-1,9,7,3,-1,0,8,0,0,0,0,1,1,-1,6,2,59,9,-1,-1,-1,-1,9,E01013982,0,1
2024201494626,2024,201494626,3,9,0,-1,2,0,0,-1,0,2,1,0,0,0,1,1,-1,9,1,28,6,-1,-1,-1,-1,7,E01009614,0,4
2024430157596,2024,430157596,2,9,0,13,13,5,1,0,0,0,0,0,0,0,4,1,6,6,3,-1,-1,-1,-1,-1,-1,-1,-1,0,-1
2024010549481,2024,010549481,1,3,0,5,5,5,1,0,0,9,0,0,0,0,2,1,6,6,3,-1,-1,-1,-1,-1,-1,-1,-1,0,-1
2024440121220,2024,440121220,1,9,0,18,19,6,2,0,0,1,0,0,0,0,1,1,6,6,3,-1,-1,-1,-1,-1,-1,-1,-1,0,-1
2024201438013,2024,201438013,1,9,0,-1,19,6,2,-1,0,0,0,0,0,0,1,1,-1,6,1,32,6,-1,-1,-1,-1,2,E01034944,0,2
2024122400770,2024,122400770,2,9,0,18,19,7,3,0,0,1,0,0,0,0,1,1,6,6,2,54,8,-1,-1,-1,-1,8,E01034966,0,3
2024010487446,2024,010487446,2,9,0,99,99,9,9,99,99,9,9,99,9,99,9,9,6,6,3,-1,-1,-1,-1,-1,-1,-1,-1,0,-1
2024061520995,2024,061520995,1,9,0,-1,7,-1,-1,-1,99,0,0,99,0,0,2,1,-1,6,1,39,7,-1,-1,-1,-1,3,E01005979,0,1
2024041404140,2024,041404140,2,1,0,-1,19,7,3,-1,0,0,0,0,0,0,2,1,-1,9,1,48,8,-1,-1,-1,-1,7,E01025465,0,1
2024501396523,2024,501396523,1,9,0,-1,19,3,7,-1,0,8,0,0,0,0,1,1,-1,9,2,22,5,-1,-1,-1,-1,6,E01020059,0,4
2024010541842,2024,010541842,1,1,9,99,99,9,9,99,99,9,9,99,9,99,1,1,6,6,3,-1,-1,-1,-1,-1,-1,-1,-1,0,-1
2024522401249,2024,522401249,3,9,0,18,19,6,2,0,0,0,0,0,0,0,1,1,6,6,1,76,11,-1,-1,-1,-1,10,E01014429,0,3
2024311418000,2024,311418000,1,9,0,-1,5,2,6,-1,0,0,0,0,0,0,2,1,-1,2,2,68,10,-1,-1,-1,-1,-1,-1,0,-1
2024531500464,2024,531500464,2,9,0,-1,19,3,5,-1,0,1,0,0,0,0,1,1,-1,9,1,64,9,-1,-1,-1,-1,6,E01022261,0,3
2024131513125,2024,131513125,1,9,0,-1,-1,-1,-1,-1,-1,8,-1,-1,-1,0,-1,1,-1,6,3,-1,-1,-1,-1,-1,-1,-1,-1,0,-1
2024010491774,2024,010491774,1,1,9,99,99,9,9,99,99,9,9,99,9,99,1,1,2,2,2,38,7,-1,-1,-1,-1,5,E01003855,0,2
2024471442922,2024,471442922,2,1,0,-1,19,5,1,-1,5,8,0,0,0,0,1,1,-1,6,1,71,10,-1,-1,-1,-1,8,E01031466,0,2
2024451521035,2024,451521035,1,9,0,-1,7,3,7,-1,0,3,0,0,0,0,1,1,-1,1,1,53,8,-1,-1,-1,-1,8,E01030613,0,2
2024531494244,2024,531494244,1,9,0,-1,19,5,1,-1,0,1,0,0,0,0,1,1,-1,9,1,46,8,-1,-1,-1,-1,9,E01022453,0,3
2024010500894,2024,010500894,2,9,0,99,99,9,9,99,99,9,9,99,9,99,9,9,6,6,3,-1,-1,-1,-1,-1,-1,-1,-1,0,-1
2024052400958,2024,052400958,2,9,0,18,19,4,8,0,0,8,0,0,0,0,0,-1,6,6,1,14,3,-1,-1,-1,-1,-1,-1,0,-1
2024010496516,2024,010496516,1,1,9,99,99,9,9,99,99,9,9,99,9,99,9,1,1,1,1,28,6,-1,-1,-1,-1,4,E01002030,0,2
2024010492958,2024,010492958,1,1,9,99,99,9,9,99,99,9,9,99,9,99,9,1,2,2,2,31,6,-1,-1,-1,-1,5,E01004549,0,1
2024041442928,2024,041442928,1,9,0,-1,19,7,1,-1,0,2,1,0,1,4,1,1,-1,9,1,23,5,-1,-1,-1,-1,8,E01025497,0,2
2024421451325,2024,421451325,1,1,0,-1,19,2,6,-1,0,1,0,0,0,0,1,1,-1,9,1,19,4,-1,-1,-1,-1,8,E01021928,0,1
2024010534501,2024,010534501,3,1,0,18,19,3,7,0,0,7,0,0,0,0,1,1,6,6,1,27,6,-1,-1,-1,-1,3,E01035497,0,1
2024052401281,2024,052401281,2,9,0,4,4,4,2,0,0,1,0,0,0,0,2,1,6,6,1,31,6,-1,-1,-1,-1,8,E01007067,0,1
2024631461674,2024,631461674,2,1,0,-1,13,6,2,-1,0,8,0,0,7,11,1,1,-1,6,1,16,4,-1,-1,-1,-1,5,E01026373,0,5
2024131528744,2024,131528744,1,90,0,-1,-1,-1,-1,-1,-1,0,-1,-1,-1,-1,-1,1,-1,6,3,-1,-1,-1,-1,-1,-1,-1,-1,0,-1
2024522401927,2024,522401927,3,1,0,18,19,8,4,2,2,0,0,0,0,0,2,1,6,6,1,13,3,-1,-1,-1,-1,5,E01032516,0,1
2024161404837,2024,161404837,2,97,0,-1,19,7,3,-1,0,1,0,0,0,0,1,1,-1,6,1,-1,-1,-1,-1,-1,-1,-1,-1,0,-1
2024010533658,2024,010533658,1,9,0,99,99,9,9,99,99,9,9,99,9,99,9,9,6,6,2,60,9,-1,-1,-1,-1,4,E01001586,0,1
2024451425970,2024,451425970,2,19,4,-1,3,5,1,-1,0,0,0,0,0,0,3,1,-1,6,1,41,7,-1,-1,-1,-1,-1,-1,0,-1
2024131461364,2024,131461364,1,9,0,-1,-1,-1,-1,-1,-1,8,-1,-1,-1,0,-1,1,-1,6,2,-1,-1,-1,-1,-1,-1,-1,-1,0,-1
2024201468410,2024,201468410,1,9,0,-1,4,7,2,-1,0,8,0,0,0,0,1,1,-1,2,1,34,6,-1,-1,-1,-1,1,E01009131,0,1
2024122400754,2024,122400754,1,9,0,5,5,3,7,0,0,0,0,0,0,0,0,1,2,2,1,56,9,-1,-1,-1,-1,2,E01027854,0,4
2024471441563,2024,471441563,5,9,0,-1,4,5,1,-1,0,0,0,0,0,0,1,1,-1,7,2,38,7,-1,-1,-1,-1,2,E01021091,0,2
2024131514054,2024,131514054,1,1,0,-1,19,5,1,-1,0,8,0,0,0,0,1,1,-1,9,1,20,4,-1,-1,-1,-1,1,E01010743,0,1
2024010499517,2024,010499517,1,4,0,18,19,7,3,0,0,1,1,0,0,0,3,1,6,6,1,17,4,-1,-1,-1,-1,3,E01034390,0,1
2024131402948,2024,131402948,1,9,0,-1,-1,-1,-1,-1,-1,-1,-1,-1,-1,-1,-1,1,-1,6,3,-1,-1,-1,-1,-1,-1,-1,-1,0,-1
2024440503071,2024,440503071,3,9,0,9,9,5,3,0,0,1,0,0,0,0,3,1,2,2,1,60,9,-1,-1,-1,-1,1,E01017280,0,1
2024440442927,2024,440442927,2,-1,0,18,19,1,5,0,0,0,0,0,0,0,1,1,6,6,2,24,5,-1,-1,-1,-1,2,E01017266,1,1
2024430434384,2024,430434384,1,19,0,18,19,8,4,0,0,2,0,0,0,0,4,1,6,6,1,-1,-1,-1,-1,-1,-1,-1,-1,0,-1
2024010531963,2024,010531963,2,9,0,11,11,9,9,99,99,9,9,99,9,99,9,9,6,6,2,-1,-1,-1,-1,-1,-1,-1,-1,0,-1
2024522402143,2024,522402143,1,1,0,16,19,2,5,0,0,8,0,0,0,0,4,1,6,6,1,32,6,-1,-1,-1,-1,3,E01014523,0,1
2024531398272,2024,531398272,2,1,0,-1,19,5,1,-1,0,1,0,0,1,0,3,1,-1,2,1,43,7,-1,-1,-1,-1,10,E01022170,0,1
2024010525383,2024,010525383,2,1,0,-1,-1,5,1,0,0,0,0,0,0,0,1,1,6,6,1,30,6,-1,-1,-1,-1,3,E01004696,0,1
2024010497047,2024,010497047,1,9,0,9,9,6,3,0,0,1,0,0,0,0,0,1,1,1,1,24,5,-1,-1,-1,-1,2,E01004702,0,2
2024052402492,2024,052402492,1,9,0,5,5,6,4,0,0,1,0,0,0,0,1,1,6,6,3,-1,-1,-1,-1,-1,-1,-1,-1,0,-1
2024041402307,2024,041402307,1,9,0,-1,19,1,5,-1,0,1,0,0,0,0,1,9,-1,6,3,-1,-1,-1,-1,-1,-1,-1,-1,0,-1
2024430175242,2024,430175242,1,20,0,18,19,8,4,0,0,0,0,0,0,0,4,1,1,1,1,30,6,-1,-1,-1,-1,9,E01034557,0,4
2024302400058,2024,302400058,1,19,0,1,1,8,4,0,0,0,0,0,0,0,2,1,6,6,1,41,7,-1,-1,-1,-1,1,E01019761,0,1
2024010518030,2024,010518030,2,-1,9,99,99,9,9,99,99,1,0,0,0,0,9,1,6,6,1,34,6,-1,-1,-1,-1,2,E01003305,1,1
2024991444951,2024,991444951,1,9,0,-1,19,6,2,-1,0,0,0,0,7,0,1,1,-1,6,1,19,4,-1,-1,-1,-1,6,-1,0,3
2024481503762,2024,481503762,1,1,0,-1,19,3,7,-1,5,8,0,0,0,0,1,1,-1,2,1,66,10,-1,-1,-1,-1,-1,-1,0,-1
2024211533062,2024,211533062,1,19,0,-1,4,2,6,-1,0,0,0,0,0,0,2,1,-1,6,1,34,6,-1,-1,-1,-1,5,E01029363,0,1
2024010553186,2024,010553186,1,98,9,18,19,1,5,99,99,0,9,99,9,99,9,9,6,6,3,-1,-1,-1,-1,-1,-1,-1,-1,0,-1
2024010526580,2024,010526580,2,-1,0,18,19,7,3,0,0,8,0,0,0,0,1,1,6,6,1,15,3,-1,-1,-1,-1,3,E01002217,1,1
2024991495486,2024,991495486,1,90,0,-1,19,5,1,-1,0,4,0,0,0,0,1,1,-1,2,1,25,5,-1,-1,-1,-1,4,-1,0,1
2024311414193,2024,311414193,2,1,0,-1,19,8,4,-1,0,0,0,0,0,0,1,1,-1,6,1,27,6,-1,-1,-1,-1,2,E01013945,0,1
2024440426523,2024,440426523,1,1,0,9,9,6,4,0,0,5,0,0,0,0,0,1,6,6,1,26,6,-1,-1,-1,-1,-1,-1,0,-1
2024991457207,2024,991457207,1,-1,0,-1,19,3,5,-1,0,0,0,0,0,0,1,1,-1,9,1,14,3,-1,-1,-1,-1,-1,-1,1,-1
2024320063934,2024,320063934,1,9,0,-1,-1,6,2,0,0,8,0,0,7,3,1,1,-1,-1,1,21,5,-1,-1,-1,-1,4,E01026245,0,2
2024131448325,2024,131448325,1,9,0,-1,19,5,1,-1,0,0,0,0,0,0,1,1,-1,9,1,69,10,-1,-1,-1,-1,9,E01011844,0,3
2024430140620,2024,430140620,1,9,0,5,5,5,1,8,6,2,0,0,0,0,3,1,6,6,3,-1,-1,-1,-1,-1,-1,-1,-1,0,-1
2024622400148,2024,622400148,1,9,0,18,19,4,8,0,0,0,0,0,0,0,1,1,6,6,3,-1,-1,-1,-1,-1,-1,-1,-1,0,-1
2024461499991,2024,461499991,2,9,0,-1,19,7,3,-1,0,0,0,0,0,0,1,1,-1,2,2,64,9,-1,-1,-1,-1,6,E01034993,0,3
2024161490061,2024,161490061,2,1,0,-1,19,1,5,-1,0,0,0,4,0,0,0,1,-1,6,1,12,3,-1,-1,-1,-1,-1,-1,0,-1
2024010493004,2024,010493004,3,9,0,18,19,3,7,0,0,1,0,0,0,0,1,1,1,1,1,36,7,-1,-1,-1,-1,5,E01033917,0,1
2024010548416,2024,010548416,2,1,0,18,19,2,6,0,0,8,1,0,0,0,3,1,2,2,1,46,8,-1,-1,-1,-1,4,E01000416,0,1
2024421510393,2024,421510393,1,98,0,-1,19,4,8,-1,0,0,0,0,0,0,1,2,-1,6,-1,-1,-1,-1,-1,-1,-1,-1,-1,0,-1
2024052401576,2024,052401576,2,23,0,18,19,6,2,0,0,1,0,0,0,0,3,1,6,6,1,20,4,-1,-1,-1,-1,2,E01007178,0,1
2024631427270,2024,631427270,1,9,0,-1,12,5,8,-1,0,0,0,0,7,11,1,1,-1,9,1,49,8,-1,-1,-1,-1,7,W01000692,0,1
2024010495077,2024,010495077,1,8,0,18,19,5,1,0,0,8,0,7,0,0,1,1,1,1,1,50,8,-1,-1,-1,-1,9,E01002537,0,3
2024201436405,2024,201436405,2,1,0,-1,19,4,8,-1,0,8,1,0,0,0,3,1,-1,6,1,22,5,-1,-1,-1,-1,1,E01009640,0,1
2024131433118,2024,131433118,1,9,0,-1,-1,-1,-1,-1,-1,-1,-1,-1,-1,-1,-1,1,-1,6,3,-1,-1,-1,-1,-1,-1,-1,-1,0,-1
2024010525383,2024,010525383,1,9,0,6,6,1,1,0,0,0,0,0,0,0,4,1,1,1,1,54,8,-1,-1,-1,-1,-1,-1,0,-1
2024010492075,2024,010492075,1,9,0,99,99,9,9,99,99,9,0,0,0,0,0,9,6,6,3,-1,-1,-1,-1,-1,-1,-1,-1,0,-1
2024010494786,2024,010494786,1,1,9,99,99,9,9,99,99,9,9,99,9,99,1,1,2,2,1,45,7,-1,-1,-1,-1,9,E01016104,0,4
2024010541300,2024,010541300,2,23,0,13,13,5,1,0,0,8,0,0,0,0,3,1,1,1,1,32,6,-1,-1,-1,-1,2,E01001719,0,1
2024010496975,2024,010496975,2,9,0,99,99,9,9,99,99,9,9,99,9,99,2,9,6,6,3,-1,-1,-1,-1,-1,-1,-1,-1,0,-1
2024010493042,2024,010493042,2,9,0,99,99,9,9,99,99,9,9,99,9,99,9,9,6,6,3,-1,-1,-1,-1,-1,-1,-1,-1,0,-1
2024430190785,2024,430190785,1,-1,0,18,19,9,9,9,9,0,0,0,0,0,1,1,6,6,1,-1,-1,-1,-1,-1,-1,-1,-1,1,-1
2024461501030,2024,461501030,1,-1,0,-1,19,5,1,-1,4,0,0,0,0,0,1,1,-1,6,1,-1,-1,-1,-1,-1,-1,-1,-1,1,-1
2024061451920,2024,061451920,1,19,0,-1,3,-1,-1,-1,0,0,0,0,0,0,2,1,-1,1,1,40,7,-1,-1,-1,-1,1,E01005124,0,1
2024010548098,2024,010548098,2,1,0,18,19,3,7,0,0,2,0,0,0,0,4,1,1,1,1,25,5,-1,-1,-1,-1,6,E01000339,0,1
2024991513293,2024,991513293,2,1,0,-1,19,6,2,-1,0,0,0,0,0,0,3,1,-1,1,1,19,4,-1,-1,-1,-1,7,-1,0,1
2024461536452,2024,461536452,1,9,0,-1,9,3,1,-1,0,6,5,0,0,0,3,2,-1,9,2,65,9,-1,-1,-1,-1,7,E01024360,0,3
2024351538125,2024,351538125,2,1,0,-1,-1,-1,-1,-1,-1,-1,-1,-1,-1,0,2,1,-1,7,1,21,5,-1,-1,-1,-1,8,E01035514,0,1
2024991527691,2024,991527691,2,9,0,-1,19,4,8,-1,0,0,0,0,0,0,1,1,-1,9,1,67,10,-1,-1,-1,-1,10,-1,0,1
2024010499553,2024,010499553,2,9,0,99,99,9,9,99,99,6,9,99,9,99,9,9,6,6,3,-1,-1,-1,-1,-1,-1,-1,-1,0,-1
2024401465157,2024,401465157,1,19,-1,-1,19,4,8,-1,0,0,0,0,0,0,4,1,-1,6,1,-1,-1,-1,-1,-1,-1,-1,-1,0,-1
2024451423161,2024,451423161,2,9,9,-1,5,1,5,-1,0,0,0,0,0,0,1,1,-1,6,3,-1,-1,-1,-1,-1,-1,-1,-1,0,-1
2024991394765,2024,991394765,2,9,0,-1,19,1,5,-1,0,0,0,0,0,0,2,1,-1,9,1,52,8,-1,-1,-1,-1,3,-1,0,3
2024122400583,2024,122400583,2,1,0,18,19,3,7,0,0,8,0,0,0,0,4,1,6,6,1,39,7,-1,-1,-1,-1,2,E01027854,0,1
2024010504821,2024,010504821,2,9,0,99,99,9,9,99,99,0,9,99,9,99,1,9,6,6,3,-1,-1,-1,-1,-1,-1,-1,-1,0,-1
2024302401149,2024,302401149,3,9,0,2,2,0,0,0,0,1,0,0,0,0,0,1,6,6,3,-1,-1,-1,-1,-1,-1,-1,-1,0,-1
2024031493561,2024,031493561,2,1,0,-1,4,3,7,-1,0,1,0,0,0,0,1,1,-1,6,2,40,7,-1,-1,-1,-1,-1,-1,0,-1
2024320303447,2024,320303447,2,1,0,-1,-1,8,4,0,0,0,5,0,0,0,2,1,6,6,1,71,10,-1,-1,-1,-1,-1,-1,0,-1
2024070745175,2024,070745175,1,9,9,-1,13,7,3,-1,0,0,0,0,0,0,4,9,-1,6,3,-1,-1,-1,-1,-1,-1,-1,-1,0,-1
2024010541638,2024,010541638,1,9,0,16,19,3,5,0,0,7,0,0,0,0,4,1,2,2,1,61,9,-1,-1,-1,-1,3,E01001166,0,1
2024010492496,2024,010492496,2,2,0,18,19,5,1,0,0,8,5,0,0,0,1,1,6,6,1,30,6,-1,-1,-1,-1,5,E01003228,0,1
2024010488741,2024,010488741,2,9,0,99,99,9,9,99,99,9,9,99,9,99,1,9,6,6,3,-1,-1,-1,-1,-1,-1,-1,-1,0,-1
2024471439461,2024,471439461,3,9,0,-1,4,2,6,-1,0,0,0,0,0,0,0,9,-1,6,3,-1,-1,-1,-1,-1,-1,-1,-1,0,-1
2024522500140,2024,522500140,2,9,0,13,13,4,8,0,0,0,0,0,0,0,4,1,6,6,3,-1,-1,-1,-1,-1,-1,-1,-1,0,-1
2024010522477,2024,010522477,2,1,0,18,19,1,5,0,0,0,0,0,0,0,4,1,6,6,1,17,4,-1,-1,-1,-1,4,E01000719,0,3
2024401469233,2024,401469233,1,5,0,-1,4,5,1,-1,0,0,1,0,0,0,1,1,-1,9,1,61,9,-1,-1,-1,-1,3,E01023637,0,3
2024070847449,2024,070847449,1,9,0,-1,12,5,5,-1,0,1,0,0,0,0,3,1,-1,9,2,58,9,-1,-1,-1,-1,7,E01010163,0,4
2024471403990,2024,471403990,1,9,0,-1,14,1,5,-1,0,1,0,0,0,0,1,1,-1,1,2,46,8,-1,-1,-1,-1,10,E01031763,0,1
2024332400131,2024,332400131,1,1,0,-1,19,1,5,-1,0,8,0,0,0,0,4,1,-1,2,1,53,8,-1,-1,-1,-1,4,E01025988,0,1
2024461495750,2024,461495750,2,1,0,-1,19,2,6,-1,0,1,0,0,0,0,1,1,-1,9,2,64,9,-1,-1,-1,-1,5,E01024201,0,1
2024161467698,2024,161467698,2,9,0,-1,1,4,8,-1,0,0,0,0,0,0,1,1,-1,6,1,40,7,-1,-1,-1,-1,4,E01027529,0,5
2024302400206,2024,302400206,1,9,0,18,19,8,4,0,0,1,0,0,0,0,1,1,6,6,1,41,7,-1,-1,-1,-1,3,E01013502,0,1
2024010494353,2024,010494353,2,9,0,3,3,5,1,0,0,8,0,0,0,0,1,1,2,2,1,50,8,-1,-1,-1,-1,3,E01030115,0,4
2024231509840,2024,231509840,1,9,0,-1,12,4,1,-1,0,8,0,0,0,0,3,9,-1,6,1,50,8,-1,-1,-1,-1,10,E01031232,0,1
2024430315510,2024,430315510,1,1,0,18,19,8,4,0,0,7,0,0,0,0,4,1,4,7,1,12,3,-1,-1,-1,-1,9,E01016308,0,3
2024430591765,2024,430591765,1,9,0,3,3,7,3,0,0,2,0,0,0,0,1,1,6,6,2,32,6,-1,-1,-1,-1,-1,-1,0,-1
2024010514876,2024,010514876,1,1,0,7,7,1,3,0,0,5,0,0,0,0,2,1,2,2,1,22,5,-1,-1,-1,-1,7,E01002982,0,1
2024061440958,2024,061440958,1,5,0,-1,13,3,7,-1,0,0,0,0,0,0,1,1,-1,9,1,26,6,-1,-1,-1,-1,3,E01006106,0,3
2024010546329,2024,010546329,2,9,9,99,99,9,9,99,99,0,9,99,9,99,9,1,6,6,3,-1,-1,-1,-1,-1,-1,3,E01004573,0,3
2024351451542,2024,351451542,2,1,0,-1,19,1,4,-1,4,8,5,0,0,0,1,1,-1,9,1,35,6,-1,-1,-1,-1,4,E01017945,0,1
2024302400398,2024,302400398,1,9,0,18,19,5,1,0,0,8,0,0,0,0,1,1,6,6,2,63,9,-1,-1,-1,-1,8,E01019490,0,1
2024371556640,2024,371556640,1,9,0,-1,19,5,7,-1,0,8,0,0,0,0,1,1,-1,6,2,20,4,-1,-1,-1,-1,6,E01029880,0,2
2024201488501,2024,201488501,1,11,0,-1,5,5,1,-1,0,6,0,0,0,0,1,1,-1,6,1,43,7,-1,-1,-1,-1,2,E01010038,0,2
2024010516354,2024,010516354,1,9,0,9,9,5,4,0,0,6,0,0,0,0,2,1,6,6,1,56,9,-1,-1,-1,-1,-1,-1,0,-1
2024440333916,2024,440333916,2,9,0,18,19,8,4,0,0,0,0,0,0,0,1,1,6,6,2,70,10,-1,-1,-1,-1,8,E01022615,0,1
2024522500272,2024,522500272,1,1,0,18,19,5,1,0,0,8,0,0,0,0,4,1,6,6,1,28,6,-1,-1,-1,-1,1,E01014653,0,1
2024411429944,2024,411429944,2,1,-1,-1,-1,-1,-1,-1,-1,-1,-1,-1,-1,0,-1,1,-1,9,1,50,8,-1,-1,-1,-1,9,E01023725,0,1
2024010541746,2024,010541746,1,19,0,18,19,5,1,0,0,1,0,0,0,0,1,1,6,6,3,-1,-1,-1,-1,-1,-1,-1,-1,0,-1
2024010514310,2024,010514310,2,23,9,99,99,9,9,99,99,0,9,99,9,99,9,9,6,6,3,-1,-1,-1,-1,-1,-1,-1,-1,0,-1
2024010540540,2024,010540540,1,9,0,99,99,9,9,99,99,9,9,99,9,99,1,9,6,6,2,81,11,-1,-1,-1,-1,10,E01030607,0,2
2024332401177,2024,332401177,2,9,0,-1,19,3,7,-1,0,0,0,0,0,0,1,1,-1,9,1,51,8,-1,-1,-1,-1,2,E01013906,0,4
2024520401163,2024,520401163,1,9,0,17,19,4,1,0,0,8,0,0,0,0,1,1,6,6,1,35,6,-1,-1,-1,-1,8,E01014423,0,4
2024052400661,2024,052400661,2,1,0,18,19,3,7,0,0,8,0,0,0,0,1,1,6,6,1,20,4,-1,-1,-1,-1,2,E01006723,0,1
2024311472698,2024,311472698,2,1,0,-1,19,2,6,-1,0,0,0,0,0,0,3,1,-1,6,1,26,6,-1,-1,-1,-1,9,E01028197,0,1
2024471454544,2024,471454544,2,9,0,-1,19,1,5,-1,0,1,0,0,0,0,0,1,-1,6,1,26,6,-1,-1,-1,-1,6,E01034823,0,1
2024991496847,2024,991496847,3,9,0,-1,2,0,0,-1,0,2,0,0,0,0,2,1,-1,6,-1,-1,-1,-1,-1,-1,-1,-1,-1,0,-1
2024351460276,2024,351460276,2,1,-1,-1,-1,-1,-1,-1,-1,-1,-1,-1,-1,0,2,1,-1,9,1,19,4,-1,-1,-1,-1,9,E01018205,0,1
2024320497204,2024,320497204,2,90,0,-1,-1,5,1,0,0,0,5,0,0,0,1,1,6,6,2,35,6,-1,-1,-1,-1,3,E01026177,0,1
2024311513639,2024,311513639,3,9,0,-1,3,8,4,-1,0,0,0,0,0,0,2,1,-1,9,1,89,11,-1,-1,-1,-1,10,E01028222,0,1
2024131411742,2024,131411742,1,9,0,-1,19,3,7,-1,0,0,1,0,1,2,1,1,-1,2,2,41,7,-1,-1,-1,-1,1,E01011790,0,1
2024221515623,2024,221515623,1,9,0,-1,3,1,7,-1,0,0,0,0,0,0,2,9,-1,6,2,42,7,-1,-1,-1,-1,8,E01032441,0,1
2024041479817,2024,041479817,2,9,0,-1,19,1,5,-1,0,0,0,0,0,0,0,9,-1,6,3,-1,-1,-1,-1,-1,-1,-1,-1,0,-1
2024522401851,2024,522401851,1,1,0,18,19,6,2,0,0,4,0,0,0,0,1,1,6,6,1,45,7,-1,-1,-1,-1,10,E01014737,0,3
2024010489014,2024,010489014,1,9,0,7,7,6,8,0,0,1,0,0,0,0,0,1,6,6,1,55,8,-1,-1,-1,-1,3,E01003221,0,1
2024071041822,2024,071041822,1,1,0,-1,19,5,1,-1,0,8,0,0,0,0,1,1,-1,6,1,38,7,-1,-1,-1,-1,-1,-1,0,-1
2024361452719,2024,361452719,1,9,-1,-1,-1,6,2,-1,-1,-1,-1,-1,-1,0,-1,9,-1,6,3,-1,-1,-1,-1,-1,-1,-1,-1,0,-1
2024440192760,2024,440192760,1,21,0,3,3,1,5,0,0,0,0,0,0,0,2,1,1,1,1,58,9,-1,-1,-1,-1,2,E01034730,0,4
2024401534025,2024,401534025,1,-1,0,-1,19,8,3,-1,9,0,0,0,0,0,1,1,-1,6,1,21,5,-1,-1,-1,-1,6,E01017437,1,3
2024311443006,2024,311443006,1,9,0,-1,6,7,3,-1,0,8,0,0,0,0,4,1,-1,6,2,70,10,-1,-1,-1,-1,5,E01013913,0,1
2024052400933,2024,052400933,1,1,0,18,19,2,6,0,0,0,0,0,0,0,1,1,2,2,1,28,6,-1,-1,-1,-1,10,E01018690,0,4
2024991417378,2024,991417378,2,9,0,-1,19,5,1,-1,0,0,0,0,0,0,1,1,-1,6,1,60,9,-1,-1,-1,-1,8,-1,0,4
2024010490430,2024,010490430,1,3,0,99,99,9,9,99,99,9,9,99,9,99,9,1,6,6,3,-1,-1,-1,-1,-1,-1,-1,-1,0,-1