collision_index,collision_year,collision_ref_no,vehicle_reference,vehicle_type,towing_and_articulation,vehicle_manoeuvre_historic,vehicle_manoeuvre,vehicle_direction_from,vehicle_direction_to,vehicle_location_restricted_lane_historic,vehicle_location_restricted_lane,junction_location,skidding_and_overturning,hit_object_in_carriageway,vehicle_leaving_carriageway,hit_object_off_carriageway,first_point_of_impact,vehicle_left_hand_drive,journey_purpose_of_driver_historic,journey_purpose_of_driver,sex_of_driver,age_of_driver,age_band_of_driver,engine_capacity_cc,propulsion_code,age_of_vehicle,generic_make_model,driver_imd_decile,lsoa_of_driver,escooter_flag,driver_distance_banding
2024010505169,2024,010505169,2,11,0,99,99,9,9,99,99,9,9,99,9,99,9,9,6,6,3,-1,-1,-1,-1,-1,-1,-1,-1,0,-1
2024010492151,2024,010492151,1,9,0,99,99,9,9,99,99,9,9,99,9,99,9,9,6,6,1,42,7,-1,-1,-1,-1,5,E01032783,0,1
2024161434618,2024,161434618,2,9,0,-1,19,1,5,-1,0,1,0,0,0,0,1,1,-1,6,2,-1,-1,-1,-1,-1,-1,-1,-1,0,-1
2024141448402,2024,141448402,1,9,0,-1,19,7,3,-1,0,0,0,0,0,0,4,9,-1,6,1,67,10,-1,-1,-1,-1,5,E01007682,0,1
2024010519539,2024,010519539,2,1,0,18,19,3,7,5,5,1,0,0,0,0,1,1,1,1,1,38,7,-1,-1,-1,-1,4,E01001623,0,1
2024010546555,2024,010546555,1,1,9,99,99,9,9,99,99,9,9,99,9,99,9,1,2,2,1,21,5,-1,-1,-1,-1,4,E01003018,0,1
2024161517149,2024,161517149,1,9,0,-1,9,5,2,-1,0,8,0,0,0,0,1,1,-1,6,3,-1,-1,-1,-1,-1,-1,-1,-1,0,-1
2024010496830,2024,010496830,1,9,0,99,99,9,9,99,99,9,0,0,0,0,9,9,6,6,3,-1,-1,-1,-1,-1,-1,-1,-1,0,-1
2024010523341,2024,010523341,2,9,0,99,99,9,9,99,99,9,9,99,9,99,9,9,6,6,3,-1,-1,-1,-1,-1,-1,-1,-1,0,-1
202460Q159240,2024,60Q159240,1,9,0,18,19,7,3,0,0,0,0,0,0,0,1,1,6,6,2,24,5,-1,-1,-1,-1,-1,-1,0,-1
2024010524113,2024,010524113,1,1,9,99,99,9,9,99,99,9,9,99,9,99,2,1,2,2,1,21,5,-1,-1,-1,-1,6,E01004474,0,1
2024052400477,2024,052400477,2,1,0,18,19,3,7,0,0,1,0,0,0,0,1,1,6,6,2,48,8,-1,-1,-1,-1,3,E01006836,0,1
2024501477041,2024,501477041,2,1,0,-1,19,3,7,-1,9,1,5,0,0,0,3,1,-1,6,1,43,7,-1,-1,-1,-1,4,E01018922,0,2
2024010489038,2024,010489038,2,21,1,18,19,7,3,0,0,1,0,0,0,0,0,1,1,1,1,36,7,-1,-1,-1,-1,4,E01030750,0,1
2024010528146,2024,010528146,1,1,9,99,99,9,9,99,99,9,9,99,9,99,9,1,2,2,2,35,6,-1,-1,-1,-1,5,E01000916,0,1
2024434043733,2024,434043733,2,1,0,18,19,3,7,0,0,8,0,0,0,0,4,1,6,6,1,52,8,-1,-1,-1,-1,7,E01016473,0,1
2024161438230,2024,161438230,1,1,0,-1,9,1,7,-1,0,1,0,0,0,0,3,1,-1,6,1,35,6,-1,-1,-1,-1,1,E01012873,0,1
2024201401740,2024,201401740,1,8,0,-1,19,5,1,-1,0,1,0,0,0,0,2,9,-1,6,1,-1,-1,-1,-1,-1,-1,-1,-1,0,-1
2024440373703,2024,440373703,2,-1,0,18,19,1,5,9,9,8,0,0,0,0,1,1,6,6,1,56,9,-1,-1,-1,-1,2,E01032750,1,1
2024010522131,2024,010522131,1,1,9,99,99,9,9,99,99,9,9,99,9,99,1,1,6,6,1,24,5,-1,-1,-1,-1,9,E01001567,0,1
2024361428512,2024,361428512,2,1,0,-1,19,5,2,-1,0,1,0,0,0,0,1,1,-1,6,1,42,7,-1,-1,-1,-1,10,E01024823,0,5
2024201438351,2024,201438351,2,9,0,-1,19,3,6,-1,0,8,0,0,0,0,1,9,-1,6,1,25,5,-1,-1,-1,-1,5,E01009598,0,2
2024041494510,2024,041494510,2,1,0,-1,19,1,5,-1,4,1,0,0,0,0,1,1,-1,2,1,18,4,-1,-1,-1,-1,1,E01025296,0,1
2024131399002,2024,131399002,2,9,0,-1,2,0,0,-1,0,0,0,0,0,0,2,1,-1,6,-1,-1,-1,-1,-1,-1,-1,-1,-1,0,-1
2024010525090,2024,010525090,2,1,0,18,19,5,1,0,0,1,1,0,0,0,1,1,6,6,1,33,6,-1,-1,-1,-1,3,E01003082,0,1
2024161451629,2024,161451629,2,1,0,-1,5,2,6,-1,0,1,0,0,0,0,3,1,-1,6,1,21,5,-1,-1,-1,-1,-1,-1,0,-1
2024501449799,2024,501449799,1,17,0,-1,19,1,5,-1,0,4,0,0,0,0,3,1,-1,2,1,65,9,-1,-1,-1,-1,5,E01020127,0,3
2024010546003,2024,010546003,2,1,0,9,9,4,3,0,0,7,0,0,0,0,1,1,6,6,1,31,6,-1,-1,-1,-1,2,E01004570,0,1
2024010541785,2024,010541785,2,1,9,99,99,9,9,99,99,9,9,99,9,99,9,1,6,6,3,-1,-1,-1,-1,-1,-1,-1,-1,0,-1
2024440259090,2024,440259090,2,1,0,18,19,6,2,0,0,0,0,0,0,0,3,1,2,2,1,42,7,-1,-1,-1,-1,9,E01022881,0,1
2024010490049,2024,010490049,1,1,9,99,99,9,9,99,99,9,9,99,9,99,1,1,2,2,1,48,8,-1,-1,-1,-1,7,E01003371,0,1
2024552400735,2024,552400735,1,1,0,18,19,4,8,0,0,0,0,0,0,0,0,1,6,6,1,70,10,-1,-1,-1,-1,4,E01032645,0,1
2024501518989,2024,501518989,1,1,0,-1,19,4,8,-1,0,2,5,0,0,0,1,1,-1,6,1,22,5,-1,-1,-1,-1,10,E01034629,0,1
2024302400857,2024,302400857,1,-1,0,18,19,4,8,9,9,0,0,0,0,0,1,1,6,6,1,17,4,-1,-1,-1,-1,2,E01013521,1,1
2024201509746,2024,201509746,1,11,0,-1,19,1,5,-1,0,2,0,0,0,0,1,1,-1,1,1,-1,-1,-1,-1,-1,-1,-1,-1,0,-1
2024332400907,2024,332400907,2,9,0,-1,2,0,0,-1,0,8,0,0,0,0,3,1,-1,6,3,-1,-1,-1,-1,-1,-1,-1,-1,0,-1
2024430017314,2024,430017314,2,97,0,18,19,2,6,0,0,1,0,0,0,0,1,1,6,6,1,30,6,-1,-1,-1,-1,-1,-1,0,-1
2024531530539,2024,531530539,1,9,0,-1,19,5,2,-1,0,0,0,0,0,0,1,9,-1,6,3,-1,-1,-1,-1,-1,-1,-1,-1,0,-1
2024311464694,2024,311464694,2,9,4,-1,19,1,5,-1,0,0,1,0,0,0,1,1,-1,1,1,29,6,-1,-1,-1,-1,4,E01027787,0,5
2024010505792,2024,010505792,1,1,9,99,99,9,9,99,99,9,9,99,9,99,9,1,2,2,2,55,8,-1,-1,-1,-1,5,E01004071,0,1
2024520500322,2024,520500322,2,1,0,18,19,6,2,0,0,0,0,0,0,0,9,1,6,6,3,-1,-1,-1,-1,-1,-1,-1,-1,0,-1
2024010535652,2024,010535652,2,19,0,99,99,9,9,99,99,9,9,99,9,99,9,9,6,6,3,-1,-1,-1,-1,-1,-1,6,E01000142,0,1
2024010517724,2024,010517724,2,1,0,9,9,8,6,0,0,6,1,0,0,0,1,1,6,6,1,14,3,-1,-1,-1,-1,3,E01003374,0,1
2024010503643,2024,010503643,2,1,0,18,19,1,5,0,0,2,0,0,0,0,3,1,6,6,2,51,8,-1,-1,-1,-1,3,E01002560,0,1
2024461454411,2024,461454411,1,9,0,-1,19,4,4,-1,0,0,0,0,0,0,1,1,-1,6,1,21,5,-1,-1,-1,-1,-1,-1,0,-1
2024401439926,2024,401439926,1,98,1,-1,19,1,5,-1,0,2,0,0,0,0,1,2,-1,1,1,35,6,-1,-1,-1,-1,-1,-1,0,-1
2024430412111,2024,430412111,1,-1,0,18,19,1,5,5,5,0,0,0,0,0,1,1,6,6,1,-1,-1,-1,-1,-1,-1,-1,-1,1,-1
2024440102669,2024,440102669,2,9,0,18,19,6,2,0,0,1,0,0,0,0,1,1,6,6,3,-1,-1,-1,-1,-1,-1,-1,-1,0,-1
2024440482471,2024,440482471,1,1,0,18,19,6,2,0,0,0,0,0,0,0,4,1,1,1,2,33,6,-1,-1,-1,-1,9,E01017147,0,1
2024041513220,2024,041513220,2,1,0,-1,19,3,7,-1,0,0,0,0,0,0,1,1,-1,2,2,34,6,-1,-1,-1,-1,3,E01024866,0,1
2024211525824,2024,211525824,1,9,0,-1,7,3,6,-1,0,1,1,10,0,0,1,1,-1,9,1,16,4,-1,-1,-1,-1,1,E01029372,0,3
2024430011653,2024,430011653,2,9,0,18,19,4,8,0,0,1,0,0,0,0,4,1,6,6,2,32,6,-1,-1,-1,-1,-1,-1,0,-1
2024122400898,2024,122400898,1,9,0,10,10,2,6,0,0,1,0,0,0,0,3,1,6,6,1,48,8,-1,-1,-1,-1,1,E01027819,0,1
2024211493844,2024,211493844,2,1,0,-1,19,3,7,-1,0,8,0,0,0,0,2,1,-1,6,2,57,9,-1,-1,-1,-1,5,E01029503,0,1
2024302400034,2024,302400034,2,9,0,12,12,8,4,0,0,0,0,0,0,0,1,1,6,6,2,56,9,-1,-1,-1,-1,5,E01019827,0,1
2024061537716,2024,061537716,1,9,0,-1,19,7,3,-1,0,5,0,10,1,11,1,1,-1,9,1,70,10,-1,-1,-1,-1,-1,-1,0,-1
2024991418316,2024,991418316,2,21,1,-1,19,4,8,-1,0,0,0,0,0,0,3,1,-1,1,1,48,8,-1,-1,-1,-1,7,-1,0,5
2024010533270,2024,010533270,1,9,9,99,99,9,9,99,99,9,9,99,9,99,9,9,6,6,1,-1,-1,-1,-1,-1,-1,9,E01021428,0,4
2024161426978,2024,161426978,1,1,0,-1,19,8,4,-1,0,8,0,0,0,0,4,1,-1,9,1,43,7,-1,-1,-1,-1,3,E01012784,0,1
2024471494370,2024,471494370,1,9,0,-1,19,2,6,-1,0,0,0,0,0,0,1,1,-1,9,1,67,10,-1,-1,-1,-1,6,E01031614,0,1
2024201395089,2024,201395089,2,1,0,-1,4,8,4,-1,0,4,0,0,0,0,3,1,-1,2,1,29,6,-1,-1,-1,-1,3,E01031079,0,2
2024131395497,2024,131395497,1,9,0,-1,9,1,5,-1,0,5,0,0,0,0,1,1,-1,9,1,32,6,-1,-1,-1,-1,2,E01010673,0,2
2024552400677,2024,552400677,1,1,0,18,19,4,8,0,0,0,0,0,0,0,0,1,6,6,1,56,9,-1,-1,-1,-1,5,E01015461,0,2
2024010495631,2024,010495631,1,9,0,9,9,8,6,0,0,5,0,0,0,0,1,1,3,7,2,41,7,-1,-1,-1,-1,8,E01001888,0,1
2024161454417,2024,161454417,2,9,0,-1,4,1,5,-1,0,0,0,0,0,0,2,1,-1,9,1,60,9,-1,-1,-1,-1,-1,-1,0,-1
2024131481512,2024,131481512,3,1,0,-1,19,8,4,-1,0,0,0,0,0,0,1,1,-1,2,1,24,5,-1,-1,-1,-1,1,E01011673,0,1
2024131497167,2024,131497167,1,1,0,-1,-1,-1,-1,-1,9,0,-1,-1,-1,-1,-1,1,-1,6,3,-1,-1,-1,-1,-1,-1,-1,-1,0,-1
2024010496702,2024,010496702,2,9,0,9,9,6,3,0,0,8,0,0,0,0,1,1,6,6,3,-1,-1,-1,-1,-1,-1,-1,-1,0,-1
2024010525030,2024,010525030,1,1,9,99,99,9,9,99,99,9,9,99,9,99,1,1,2,2,2,24,5,-1,-1,-1,-1,8,E01001927,0,1
2024010489247,2024,010489247,2,9,9,99,99,9,9,0,0,0,9,99,0,0,2,9,6,6,3,-1,-1,-1,-1,-1,-1,-1,-1,0,-1
2024070911082,2024,070911082,1,9,9,-1,15,1,5,-1,0,0,0,0,0,0,0,9,-1,6,3,-1,-1,-1,-1,-1,-1,-1,-1,0,-1
2024211431988,2024,211431988,1,9,0,-1,19,6,2,-1,0,4,0,0,0,0,1,1,-1,6,1,27,6,-1,-1,-1,-1,-1,-1,0,-1
2024440485189,2024,440485189,1,9,0,9,9,5,1,0,0,8,0,0,0,0,1,1,6,6,3,-1,-1,-1,-1,-1,-1,-1,-1,0,-1
2024010526275,2024,010526275,2,19,0,18,19,1,5,0,0,0,0,0,3,0,4,2,6,6,3,-1,-1,-1,-1,-1,-1,-1,-1,0,-1
2024351513001,2024,351513001,2,9,0,-1,4,7,3,-1,0,0,0,0,0,0,2,1,-1,1,1,28,6,-1,-1,-1,-1,9,E01018173,0,1
2024451438613,2024,451438613,1,9,0,-1,19,6,2,-1,0,1,1,10,0,0,1,1,-1,1,1,28,6,-1,-1,-1,-1,4,E01030750,0,2
2024540275324,2024,540275324,2,1,0,18,19,1,5,0,0,1,0,0,0,0,1,1,6,6,1,21,5,-1,-1,-1,-1,8,E01032095,0,1
2024340WN5292,2024,340WN5292,1,9,0,-1,2,0,0,-1,0,0,0,0,0,0,3,1,-1,6,3,-1,-1,-1,-1,-1,-1,-1,-1,0,-1
2024052400602,2024,052400602,1,9,0,7,7,2,4,0,0,8,0,0,0,0,1,1,6,6,3,-1,-1,-1,-1,-1,-1,-1,-1,0,-1
2024101465604,2024,101465604,1,1,0,-1,19,3,7,-1,9,0,1,0,0,0,1,1,-1,2,1,13,3,-1,-1,-1,-1,-1,-1,0,-1
2024522402290,2024,522402290,1,23,0,18,19,3,7,9,9,0,0,0,0,0,1,1,6,6,3,-1,-1,-1,-1,-1,-1,-1,-1,0,-1
2024070460177,2024,070460177,2,1,0,18,19,1,5,0,0,8,0,0,0,0,4,1,2,2,2,38,7,-1,-1,-1,-1,4,E01035392,0,1
2024101514229,2024,101514229,2,1,0,-1,19,2,6,-1,0,0,0,0,0,0,4,1,-1,2,2,44,7,-1,-1,-1,-1,2,E01008492,0,1
2024340WN0472,2024,340WN0472,1,-1,0,-1,19,6,2,-1,0,6,0,0,0,0,1,1,-1,6,1,32,6,-1,-1,-1,-1,-1,-1,1,-1
2024221471561,2024,221471561,2,1,0,-1,19,3,7,-1,0,8,0,0,0,0,1,1,-1,9,1,86,11,-1,-1,-1,-1,8,E01033528,0,1
2024520002834,2024,520002834,1,9,0,18,19,8,4,0,0,1,0,0,0,0,1,1,6,6,3,-1,-1,-1,-1,-1,-1,-1,-1,0,-1
2024221503284,2024,221503284,1,19,0,-1,9,4,2,-1,0,8,0,0,0,0,1,9,-1,6,3,45,7,-1,-1,-1,-1,-1,-1,0,-1
2024010514152,2024,010514152,2,1,9,99,99,9,9,99,99,6,9,99,9,99,9,1,6,6,1,-1,-1,-1,-1,-1,-1,-1,-1,0,-1
2024061547161,2024,061547161,1,23,0,-1,19,5,5,-1,0,8,0,11,0,0,1,1,-1,6,1,32,6,-1,-1,-1,-1,1,E01005322,0,1
2024010530144,2024,010530144,1,9,0,99,99,9,9,99,99,9,9,99,9,99,9,1,6,6,1,41,7,-1,-1,-1,-1,3,E01002375,0,1
2024010511870,2024,010511870,2,1,0,3,3,5,1,0,0,1,0,0,0,0,0,1,2,2,2,23,5,-1,-1,-1,-1,3,E01000640,0,1
2024101407246,2024,101407246,1,9,0,-1,19,5,1,-1,0,0,0,0,0,0,1,9,-1,6,1,-1,-1,-1,-1,-1,-1,-1,-1,0,-1
2024161433413,2024,161433413,2,9,0,-1,19,4,8,-1,0,1,0,99,0,0,1,9,-1,6,1,-1,-1,-1,-1,-1,-1,-1,-1,0,-1
2024010493051,2024,010493051,1,3,0,99,99,9,9,99,99,9,9,99,9,99,9,1,1,1,3,36,7,-1,-1,-1,-1,6,E01003140,0,1
2024201473430,2024,201473430,1,9,0,-1,19,6,2,-1,0,1,0,0,0,0,1,9,-1,2,1,43,7,-1,-1,-1,-1,2,E01009790,0,4
2024101428851,2024,101428851,2,1,-1,-1,19,3,7,-1,0,1,0,0,0,0,4,1,-1,9,1,25,5,-1,-1,-1,-1,3,E01008831,0,1
2024430237496,2024,430237496,2,1,0,18,19,8,4,0,0,0,0,0,0,0,1,1,6,6,1,15,3,-1,-1,-1,-1,10,E01017636,0,1
2024010508610,2024,010508610,1,9,0,3,3,1,5,0,0,1,0,0,0,0,1,1,6,6,3,-1,-1,-1,-1,-1,-1,-1,-1,0,-1
2024501471415,2024,501471415,2,1,0,-1,19,4,8,-1,0,0,5,0,0,0,1,1,-1,6,1,26,6,-1,-1,-1,-1,5,E01015076,0,1
2024461486617,2024,461486617,1,1,0,-1,-1,-1,-1,-1,-1,0,-1,-1,-1,0,-1,1,-1,6,1,12,3,-1,-1,-1,-1,1,E01016063,0,1
2024451526418,2024,451526418,2,21,1,-1,19,3,7,-1,0,0,3,99,0,0,3,1,-1,6,3,30,6,-1,-1,-1,-1,-1,-1,0,-1
2024320010517,2024,320010517,1,9,0,18,19,2,6,0,0,1,0,0,0,0,4,1,6,6,1,55,8,-1,-1,-1,-1,7,E01028023,0,4
2024010493677,2024,010493677,1,9,0,18,19,3,7,0,0,0,0,0,0,0,0,1,6,6,1,34,6,-1,-1,-1,-1,2,E01034479,0,1
2024061456228,2024,061456228,1,97,0,-1,5,5,3,-1,0,6,2,0,0,0,1,1,-1,9,1,43,7,-1,-1,-1,-1,-1,-1,0,-1
2024010502278,2024,010502278,1,90,0,99,99,9,9,99,99,9,9,99,9,99,1,9,2,2,1,27,6,-1,-1,-1,-1,10,E01023949,0,3
2024052402071,2024,052402071,1,-1,0,18,19,5,1,0,0,0,0,0,0,0,0,1,6,6,2,43,7,-1,-1,-1,-1,-1,-1,1,-1
2024991399497,2024,991399497,1,9,0,-1,3,5,1,-1,0,0,0,0,0,0,2,1,-1,6,2,56,9,-1,-1,-1,-1,-1,-1,0,-1
2024371432067,2024,371432067,1,9,0,-1,19,6,2,-1,0,0,1,0,8,0,1,1,-1,9,1,18,4,-1,-1,-1,-1,8,E01033429,0,4
2024401504410,2024,401504410,1,9,0,-1,2,7,3,-1,9,1,0,0,0,0,0,1,-1,9,1,53,8,-1,-1,-1,-1,3,E01017552,0,2
2024052402038,2024,052402038,1,1,0,5,5,3,7,0,0,6,0,0,0,0,3,1,6,6,1,-1,-1,-1,-1,-1,-1,-1,-1,0,-1
2024052400424,2024,052400424,1,9,0,4,4,1,5,0,0,1,0,0,0,0,1,1,6,6,3,-1,-1,-1,-1,-1,-1,-1,-1,0,-1
2024010544986,2024,010544986,1,1,0,4,4,1,5,4,4,2,0,0,0,0,1,1,6,6,1,24,5,-1,-1,-1,-1,9,E01004480,0,1
2024010503414,2024,010503414,1,9,0,14,14,7,3,0,0,0,0,0,0,0,1,1,1,1,1,29,6,-1,-1,-1,-1,4,E01021799,0,4
2024061425421,2024,061425421,1,1,0,-1,19,5,1,-1,0,0,0,0,0,0,2,1,-1,1,1,41,7,-1,-1,-1,-1,-1,-1,0,-1
2024131501499,2024,131501499,1,9,0,-1,-1,-1,-1,-1,-1,0,-1,-1,-1,-1,-1,1,-1,6,3,-1,-1,-1,-1,-1,-1,-1,-1,0,-1
2024010495732,2024,010495732,2,9,0,99,99,9,9,99,99,9,9,99,9,99,2,9,6,6,3,-1,-1,-1,-1,-1,-1,-1,-1,0,-1
2024471534957,2024,471534957,1,9,0,-1,9,1,3,-1,0,6,0,0,0,0,3,2,-1,9,2,46,8,-1,-1,-1,-1,7,E01021094,0,1
2024141537109,2024,141537109,2,9,0,-1,4,3,7,-1,0,1,1,4,0,0,1,1,-1,6,1,-1,-1,-1,-1,-1,-1,5,E01007640,0,2
2024010493582,2024,010493582,2,3,0,18,19,3,7,0,0,8,5,0,0,0,4,1,2,2,1,40,7,-1,-1,-1,-1,5,E01035271,0,2
2024010545651,2024,010545651,2,9,0,18,19,1,5,99,99,9,9,99,9,99,1,9,6,6,3,34,6,-1,-1,-1,-1,-1,-1,0,-1
2024061413552,2024,061413552,2,16,0,-1,19,3,7,-1,0,8,0,0,0,0,1,1,-1,6,2,13,3,-1,-1,-1,-1,-1,-1,0,-1
2024430078573,2024,430078573,1,9,0,18,19,6,2,0,0,0,0,0,0,0,4,1,6,6,1,-1,-1,-1,-1,-1,-1,-1,-1,0,-1
2024471407605,2024,471407605,2,1,0,-1,19,4,7,-1,0,8,0,0,0,0,4,1,-1,6,1,57,9,-1,-1,-1,-1,4,E01031377,0,1
2024010533812,2024,010533812,1,1,9,3,3,9,9,99,99,0,9,99,9,99,1,1,6,6,2,33,6,-1,-1,-1,-1,4,E01004643,0,1
2024351528614,2024,351528614,2,1,0,-1,19,1,5,-1,0,1,0,0,0,0,4,1,-1,6,2,11,3,-1,-1,-1,-1,3,E01018081,0,1
2024010491912,2024,010491912,1,9,0,18,19,7,3,0,0,8,0,0,0,0,1,1,6,6,1,20,4,-1,-1,-1,-1,10,E01004105,0,2
2024522401609,2024,522401609,1,9,0,3,3,6,2,0,0,1,0,0,0,0,2,1,2,2,2,33,6,-1,-1,-1,-1,7,E01035218,0,1
2024010544977,2024,010544977,1,1,9,99,99,9,9,99,99,9,9,99,9,99,1,1,6,6,3,-1,-1,-1,-1,-1,-1,-1,-1,0,-1
2024111489841,2024,111489841,1,9,0,-1,9,8,5,-1,0,1,0,0,0,0,4,1,-1,6,3,30,6,-1,-1,-1,-1,-1,-1,0,-1
2024010500707,2024,010500707,2,9,0,18,19,7,3,0,0,1,9,0,1,0,1,9,6,6,1,-1,-1,-1,-1,-1,-1,-1,-1,0,-1
2024520402467,2024,520402467,2,4,0,18,19,4,8,0,0,0,0,0,0,0,1,1,6,6,1,23,5,-1,-1,-1,-1,1,E01029247,0,4
2024061424158,2024,061424158,2,9,0,-1,19,-1,-1,-1,0,8,0,0,0,0,1,1,-1,6,3,-1,-1,-1,-1,-1,-1,-1,-1,0,-1
2024221490569,2024,221490569,2,90,0,-1,19,4,8,-1,0,6,0,0,0,0,3,1,-1,9,1,16,4,-1,-1,-1,-1,2,E01032307,0,1
2024461418023,2024,461418023,1,21,1,-1,11,5,1,-1,0,0,0,0,0,0,4,9,-1,6,1,46,8,-1,-1,-1,-1,-1,-1,0,-1
2024440389116,2024,440389116,1,9,0,7,7,7,1,0,0,3,0,0,0,0,4,1,1,1,1,57,9,-1,-1,-1,-1,6,E01022919,0,3
2024010510276,2024,010510276,1,1,9,99,99,9,9,99,99,9,9,99,9,99,2,1,2,2,3,30,6,-1,-1,-1,-1,5,E01001708,0,1
2024461453700,2024,461453700,1,9,0,-1,19,3,7,-1,0,8,0,0,0,0,1,9,-1,6,1,-1,-1,-1,-1,-1,-1,-1,-1,0,-1
2024351519791,2024,351519791,1,9,-1,-1,-1,-1,-1,-1,-1,0,-1,-1,-1,0,-1,9,-1,6,2,-1,-1,-1,-1,-1,-1,3,E01015619,0,2
2024041504530,2024,041504530,2,9,0,-1,19,3,7,-1,0,8,0,0,0,0,4,1,-1,6,2,26,6,-1,-1,-1,-1,4,E01012634,0,1
2024010511016,2024,010511016,2,1,0,9,9,1,7,0,0,1,0,0,0,0,4,1,6,6,1,17,4,-1,-1,-1,-1,4,E01000997,0,1
2024430360703,2024,430360703,1,1,0,18,19,8,4,0,0,8,0,0,0,0,4,1,6,6,1,45,7,-1,-1,-1,-1,10,E01030680,0,4
2024221404503,2024,221404503,1,21,0,-1,13,3,7,-1,0,0,0,0,0,0,1,9,-1,1,1,41,7,-1,-1,-1,-1,-1,-1,0,-1
2024361405760,2024,361405760,1,9,0,-1,19,8,5,-1,0,6,0,0,0,0,3,1,-1,2,1,39,7,-1,-1,-1,-1,8,E01026895,0,1
2024010516804,2024,010516804,2,90,0,18,19,5,1,0,0,1,5,0,1,0,1,1,6,6,1,24,5,-1,-1,-1,-1,4,E01003036,0,1
2024471408273,2024,471408273,1,9,0,-1,15,7,3,-1,0,0,0,0,0,0,3,9,-1,6,3,-1,-1,-1,-1,-1,-1,-1,-1,0,-1
2024991456237,2024,991456237,2,9,0,-1,19,8,5,-1,0,1,1,0,0,0,1,1,-1,9,2,28,6,-1,-1,-1,-1,9,-1,0,1
2024010521605,2024,010521605,2,19,0,99,99,9,9,99,99,9,9,99,9,99,9,9,6,6,1,42,7,-1,-1,-1,-1,2,E01001331,0,3
2024010530773,2024,010530773,2,9,0,18,19,5,1,0,0,8,9,0,0,0,1,9,6,6,3,-1,-1,-1,-1,-1,-1,-1,-1,0,-1
2024010545184,2024,010545184,2,1,0,5,5,3,7,0,0,1,0,4,0,0,1,1,1,1,1,21,5,-1,-1,-1,-1,2,E01003191,0,1
2024411413138,2024,411413138,2,9,0,-1,19,-1,-1,-1,0,0,0,99,0,0,2,1,-1,9,2,26,6,-1,-1,-1,-1,10,E01023448,0,1
2024070398464,2024,070398464,2,9,0,5,5,5,1,0,0,1,0,0,7,0,3,1,6,6,2,27,6,-1,-1,-1,-1,2,E01012525,0,1
202460Q073211,2024,60Q073211,1,19,0,2,2,0,0,0,0,0,0,0,0,0,2,1,6,6,1,29,6,-1,-1,-1,-1,-1,-1,0,-1
2024201466380,2024,201466380,1,4,0,-1,19,7,3,-1,0,1,0,0,0,0,1,1,-1,9,1,25,5,-1,-1,-1,-1,1,E01009638,0,1
2024411482538,2024,411482538,1,1,-1,-1,19,-1,-1,-1,0,0,0,0,0,0,1,1,-1,6,1,-1,-1,-1,-1,-1,-1,-1,-1,0,-1
2024131505239,2024,131505239,1,90,0,-1,19,5,1,-1,0,0,0,0,0,0,0,1,-1,6,-1,1,1,-1,-1,-1,-1,-1,-1,0,-1
2024332400860,2024,332400860,1,9,0,-1,19,9,9,-1,0,1,0,0,0,0,2,1,-1,9,1,31,6,-1,-1,-1,-1,5,E01013736,0,1
2024010533270,2024,010533270,2,1,9,99,99,9,9,99,99,9,9,99,9,99,9,1,2,2,2,34,6,-1,-1,-1,-1,3,E01001715,0,2
2024430198163,2024,430198163,1,9,0,14,14,4,8,0,0,0,0,0,0,0,3,1,6,6,1,85,11,-1,-1,-1,-1,9,E01017888,0,1
2024131463888,2024,131463888,1,9,0,-1,-1,-1,-1,-1,-1,0,-1,-1,-1,-1,-1,1,-1,6,3,50,8,-1,-1,-1,-1,-1,-1,0,-1
2024101477245,2024,101477245,1,9,0,-1,7,6,8,-1,0,8,0,0,0,0,1,1,-1,6,1,66,10,-1,-1,-1,-1,7,E01027390,0,1
2024070958127,2024,070958127,1,9,0,-1,9,7,3,-1,0,8,0,0,9,0,-1,9,-1,6,3,18,4,-1,-1,-1,-1,-1,-1,0,-1
2024451442526,2024,451442526,2,1,0,-1,19,4,8,-1,9,1,0,0,0,0,4,1,-1,6,3,14,3,-1,-1,-1,-1,-1,-1,0,-1
2024201467648,2024,201467648,2,9,0,-1,19,4,8,-1,0,8,0,0,0,0,1,9,-1,1,1,26,6,-1,-1,-1,-1,2,E01009266,0,1
2024010528581,2024,010528581,2,1,0,15,15,5,1,4,4,1,0,0,0,0,3,1,2,2,2,50,8,-1,-1,-1,-1,5,E01003155,0,2
2024211441945,2024,211441945,1,9,0,-1,19,5,3,-1,0,1,0,0,0,0,1,1,-1,6,1,31,6,-1,-1,-1,-1,8,E01029743,0,1
2024991430351,2024,991430351,2,9,0,-1,5,8,6,-1,0,2,0,0,0,0,4,1,-1,9,2,37,7,-1,-1,-1,-1,8,-1,0,1
2024010487255,2024,010487255,2,3,0,13,13,1,5,0,0,0,0,0,0,0,3,1,6,6,1,32,6,-1,-1,-1,-1,2,E01001773,0,1
2024201467605,2024,201467605,1,9,0,-1,19,5,1,-1,0,0,0,0,0,0,4,9,-1,6,1,-1,-1,-1,-1,-1,-1,-1,-1,0,-1
2024101420283,2024,101420283,1,9,0,-1,19,5,1,-1,0,1,0,0,0,0,1,9,-1,7,1,24,5,-1,-1,-1,-1,-1,-1,0,-1
2024122500073,2024,122500073,1,9,0,17,19,8,4,0,0,0,0,0,0,0,3,1,6,6,3,-1,-1,-1,-1,-1,-1,-1,-1,0,-1
2024201435063,2024,201435063,2,9,0,-1,5,4,1,-1,0,8,0,0,0,0,1,9,-1,9,1,36,7,-1,-1,-1,-1,8,E01009434,0,1
2024010504539,2024,010504539,1,9,0,99,99,9,9,99,99,9,9,99,9,99,1,9,6,6,3,-1,-1,-1,-1,-1,-1,-1,-1,0,-1
2024411427520,2024,411427520,3,9,-1,-1,-1,-1,-1,-1,-1,-1,-1,-1,-1,0,-1,9,-1,6,3,-1,-1,-1,-1,-1,-1,-1,-1,0,-1
2024010497790,2024,010497790,2,19,0,99,99,9,9,99,99,9,9,99,9,99,1,9,6,6,3,-1,-1,-1,-1,-1,-1,-1,-1,0,-1
2024631406983,2024,631406983,3,9,0,-1,10,8,5,-1,0,8,0,0,0,0,2,1,-1,6,2,55,8,-1,-1,-1,-1,9,W01000441,0,1