collision_index,collision_year,collision_ref_no,vehicle_reference,vehicle_type,towing_and_articulation,vehicle_manoeuvre_historic,vehicle_manoeuvre,vehicle_direction_from,vehicle_direction_to,vehicle_location_restricted_lane_historic,vehicle_location_restricted_lane,junction_location,skidding_and_overturning,hit_object_in_carriageway,vehicle_leaving_carriageway,hit_object_off_carriageway,first_point_of_impact,vehicle_left_hand_drive,journey_purpose_of_driver_historic,journey_purpose_of_driver,sex_of_driver,age_of_driver,age_band_of_driver,engine_capacity_cc,propulsion_code,age_of_vehicle,generic_make_model,driver_imd_decile,lsoa_of_driver,escooter_flag,driver_distance_banding
2024461459478,2024,461459478,1,19,0,-1,9,1,1,-1,0,2,0,0,0,0,3,2,-1,9,1,55,8,-1,-1,-1,-1,-1,-1,0,-1
2024070782036,2024,070782036,2,1,0,-1,4,1,5,-1,0,1,0,0,0,0,1,1,-1,9,1,53,8,-1,-1,-1,-1,8,E01035390,0,1
2024340WN0662,2024,340WN0662,2,9,0,-1,19,1,5,-1,0,4,0,0,0,0,1,1,-1,9,2,35,6,-1,-1,-1,-1,5,E01027179,0,1
2024340NN1502,2024,340NN1502,3,9,0,-1,19,7,3,-1,0,1,0,0,0,0,3,1,-1,6,1,37,7,-1,-1,-1,-1,8,E01027044,0,3
2024231415070,2024,231415070,2,1,0,-1,19,7,3,-1,0,0,0,0,0,0,3,1,-1,6,2,11,3,-1,-1,-1,-1,4,E01031054,0,1
2024010522965,2024,010522965,1,1,9,99,99,9,9,99,99,9,9,99,9,99,9,1,2,2,1,32,6,-1,-1,-1,-1,9,E01021748,0,3
2024010491358,2024,010491358,1,9,0,17,19,1,5,0,0,1,5,4,1,2,1,1,6,6,1,24,5,-1,-1,-1,-1,9,E01030331,0,3
2024430092579,2024,430092579,1,1,0,18,19,7,3,0,0,1,0,0,0,0,1,1,6,6,1,41,7,-1,-1,-1,-1,1,E01016744,0,1
2024061414165,2024,061414165,2,1,-1,-1,-1,-1,-1,-1,-1,-1,-1,-1,-1,0,-1,1,-1,6,1,44,7,-1,-1,-1,-1,4,E01005866,0,2
2024411487572,2024,411487572,1,9,0,-1,-1,-1,-1,-1,-1,0,-1,-1,-1,0,-1,9,-1,6,1,63,9,-1,-1,-1,-1,9,E01023467,0,3
2024061470067,2024,061470067,1,1,0,-1,19,-1,-1,-1,0,0,1,0,0,0,1,1,-1,9,2,22,5,-1,-1,-1,-1,8,E01005049,0,1
2024010490266,2024,010490266,1,11,0,18,19,5,1,0,0,6,0,0,0,0,0,1,1,1,1,60,9,-1,-1,-1,-1,5,E01004465,0,2
2024461455937,2024,461455937,2,1,0,-1,7,2,6,-1,0,0,0,0,0,0,4,1,-1,2,1,43,7,-1,-1,-1,-1,4,E01024002,0,1
2024311423685,2024,311423685,2,-1,0,-1,19,1,5,-1,0,1,0,0,0,0,-1,1,-1,6,1,15,3,-1,-1,-1,-1,10,E01028218,1,1
2024501397298,2024,501397298,2,9,0,-1,19,1,1,-1,0,1,0,0,0,0,1,1,-1,9,1,77,11,-1,-1,-1,-1,2,E01015156,0,1
2024231509493,2024,231509493,3,9,0,-1,3,3,7,-1,0,1,0,0,0,0,3,1,-1,6,1,49,8,-1,-1,-1,-1,8,E01027304,0,1
2024131402725,2024,131402725,1,9,0,-1,19,2,6,-1,0,0,0,0,0,0,1,1,-1,9,1,33,6,-1,-1,-1,-1,3,E01011779,0,1
2024010502689,2024,010502689,2,9,0,99,99,9,9,99,99,9,9,99,9,99,9,9,6,6,3,-1,-1,-1,-1,-1,-1,-1,-1,0,-1
2024302400414,2024,302400414,2,9,0,18,19,2,6,0,0,8,1,0,0,0,1,1,6,6,2,19,4,-1,-1,-1,-1,6,E01019608,0,2
2024161472842,2024,161472842,2,1,0,-1,19,5,1,-1,0,0,0,0,0,0,1,1,-1,6,2,36,7,-1,-1,-1,-1,2,E01012932,0,1
2024421531340,2024,421531340,3,1,0,-1,19,3,7,-1,9,1,0,99,0,0,3,1,-1,1,1,14,3,-1,-1,-1,-1,4,E01021674,0,1
2024061519437,2024,061519437,1,9,0,-1,19,1,5,-1,0,0,0,0,0,0,2,9,-1,6,3,-1,-1,-1,-1,-1,-1,-1,-1,0,-1
2024010491818,2024,010491818,1,9,0,4,4,3,7,0,0,1,0,0,0,0,1,1,2,2,1,43,7,-1,-1,-1,-1,6,E01032789,0,3
2024201491745,2024,201491745,2,1,0,-1,19,4,1,-1,0,0,2,0,0,0,0,1,-1,9,2,75,10,-1,-1,-1,-1,-1,-1,0,-1
2024010526845,2024,010526845,1,1,9,18,19,9,9,99,99,9,9,99,9,99,9,1,2,2,1,35,6,-1,-1,-1,-1,5,E01004579,0,1
2024010535700,2024,010535700,2,1,9,99,99,9,9,99,99,1,9,99,9,99,9,1,6,6,1,33,6,-1,-1,-1,-1,9,E01004480,0,1
2024010550179,2024,010550179,1,9,0,9,9,1,6,0,0,8,0,0,0,0,1,1,6,6,2,52,8,-1,-1,-1,-1,2,E01032512,0,1
2024141497708,2024,141497708,1,9,0,-1,19,7,3,-1,0,2,0,0,0,0,0,1,-1,6,-1,-1,-1,-1,-1,-1,-1,-1,-1,0,-1
2024231534306,2024,231534306,2,8,0,-1,1,6,2,-1,0,1,0,0,0,0,1,1,-1,1,1,36,7,-1,-1,-1,-1,1,E01009051,0,3
2024010490057,2024,010490057,1,3,9,99,99,9,9,99,99,9,9,99,9,99,2,1,1,1,1,27,6,-1,-1,-1,-1,2,E01001447,0,1
2024101416718,2024,101416718,2,9,0,-1,4,7,4,-1,0,0,0,0,0,0,1,1,-1,9,2,60,9,-1,-1,-1,-1,2,E01008584,0,1
2024010489382,2024,010489382,1,9,0,18,19,3,7,0,0,0,0,0,0,0,1,1,2,2,2,39,7,-1,-1,-1,-1,7,E01034034,0,1
2024991448368,2024,991448368,2,20,0,-1,19,5,1,-1,0,0,0,0,0,0,3,1,-1,6,3,18,4,-1,-1,-1,-1,-1,-1,0,-1
2024161452632,2024,161452632,2,9,0,-1,19,7,3,-1,0,0,0,0,0,0,1,1,-1,1,1,22,5,-1,-1,-1,-1,4,E01013179,0,1
2024010494374,2024,010494374,2,9,0,18,19,9,9,99,99,0,9,99,9,99,1,9,6,6,3,-1,-1,-1,-1,-1,-1,-1,-1,0,-1
2024010500256,2024,010500256,1,1,9,99,99,9,9,4,4,1,9,8,9,99,9,1,6,6,1,40,7,-1,-1,-1,-1,2,E01003986,0,1
2024052402607,2024,052402607,1,9,0,9,9,1,7,0,0,1,0,0,0,0,0,1,6,6,3,-1,-1,-1,-1,-1,-1,-1,-1,0,-1
2024061482485,2024,061482485,1,1,0,-1,19,-1,-1,-1,0,0,9,0,0,0,2,1,-1,2,2,43,7,-1,-1,-1,-1,3,E01033661,0,1
2024311526843,2024,311526843,2,9,0,-1,4,1,5,-1,0,0,0,4,0,0,1,1,-1,6,2,-1,-1,-1,-1,-1,-1,-1,-1,0,-1
2024101394292,2024,101394292,1,9,0,-1,19,1,5,-1,0,0,0,0,0,0,2,9,-1,6,1,35,6,-1,-1,-1,-1,-1,-1,0,-1
2024471401815,2024,471401815,2,1,0,-1,19,2,6,-1,0,8,0,0,0,0,3,1,-1,6,1,23,5,-1,-1,-1,-1,8,E01016903,0,1
2024010499484,2024,010499484,1,9,9,99,99,9,9,99,99,9,9,99,9,99,9,9,6,6,2,31,6,-1,-1,-1,-1,-1,-1,0,-1
2024131424049,2024,131424049,1,9,0,-1,7,7,1,-1,0,0,0,0,1,0,1,1,-1,9,1,80,11,-1,-1,-1,-1,10,E01011576,0,1
2024122400354,2024,122400354,2,1,0,18,19,8,4,0,0,1,0,0,0,0,1,1,6,6,1,21,5,-1,-1,-1,-1,2,E01013349,0,1
2024161438099,2024,161438099,1,1,0,-1,19,6,2,-1,0,1,0,0,0,0,1,1,-1,9,2,33,6,-1,-1,-1,-1,8,E01013005,0,1
2024070248941,2024,070248941,1,9,0,5,5,4,5,0,0,4,0,0,0,0,1,1,6,6,1,-1,-1,-1,-1,-1,-1,8,E01018361,0,1
2024421531067,2024,421531067,1,9,0,-1,19,6,2,-1,0,0,0,0,0,0,1,1,-1,9,1,19,4,-1,-1,-1,-1,8,E01021382,0,2
2024340NN3212,2024,340NN3212,3,9,0,-1,8,5,7,-1,0,1,0,0,0,0,1,1,-1,9,1,26,6,-1,-1,-1,-1,10,E01035409,0,3
2024010543765,2024,010543765,2,9,0,18,19,9,9,99,99,9,9,99,9,99,9,9,6,6,3,-1,-1,-1,-1,-1,-1,-1,-1,0,-1
2024010531115,2024,010531115,2,9,0,99,99,9,9,99,99,9,0,0,0,0,1,9,6,6,1,-1,-1,-1,-1,-1,-1,-1,-1,0,-1
2024070790540,2024,070790540,2,1,0,-1,7,8,1,-1,0,3,0,0,0,0,2,1,-1,9,1,66,10,-1,-1,-1,-1,9,E01018403,0,1
2024010504346,2024,010504346,2,1,0,18,19,1,5,0,0,1,0,0,0,0,3,1,6,6,1,37,7,-1,-1,-1,-1,4,E01000546,0,1
2024430252183,2024,430252183,1,9,0,7,7,2,4,0,0,6,0,0,0,0,3,1,6,6,1,50,8,-1,-1,-1,-1,9,E01003011,0,3
2024501446228,2024,501446228,1,9,0,-1,19,7,3,-1,0,0,0,0,0,0,1,9,-1,6,2,-1,-1,-1,-1,-1,-1,-1,-1,0,-1
2024522402046,2024,522402046,1,-1,0,18,19,5,1,4,4,8,0,0,0,0,1,1,6,6,1,31,6,-1,-1,-1,-1,1,E01014703,1,1
2024461481482,2024,461481482,1,-1,0,-1,19,5,1,-1,0,0,0,0,0,0,1,1,-1,9,1,16,4,-1,-1,-1,-1,6,E01024282,1,1
2024041423716,2024,041423716,1,9,0,-1,19,1,5,-1,0,0,0,0,0,0,1,1,-1,9,1,74,10,-1,-1,-1,-1,4,E01012604,0,1
2024451501805,2024,451501805,1,9,0,-1,19,3,7,-1,0,0,0,0,0,0,1,9,-1,6,3,50,8,-1,-1,-1,-1,-1,-1,0,-1
2024481570164,2024,481570164,1,1,0,-1,19,3,7,-1,0,0,0,0,0,0,4,1,-1,2,1,30,6,-1,-1,-1,-1,-1,-1,0,-1
2024010533456,2024,010533456,1,9,0,15,15,7,3,0,0,2,0,0,0,0,2,1,6,6,3,-1,-1,-1,-1,-1,-1,-1,-1,0,-1
2024440403578,2024,440403578,1,1,0,18,19,7,3,0,0,1,0,0,0,0,1,1,6,6,1,41,7,-1,-1,-1,-1,-1,-1,0,-1
2024522401894,2024,522401894,1,22,0,18,19,4,8,0,0,2,0,0,0,0,9,1,6,6,2,78,11,-1,-1,-1,-1,9,E01014779,0,1
2024430009724,2024,430009724,7,9,0,18,19,8,4,0,0,0,0,0,0,0,1,1,6,6,1,37,7,-1,-1,-1,-1,9,E01035760,0,4
2024010513536,2024,010513536,1,90,0,99,99,9,9,99,99,9,9,99,9,99,1,9,1,1,1,33,6,-1,-1,-1,-1,2,E01001875,0,1
2024010490267,2024,010490267,1,3,0,99,99,9,9,99,99,9,9,99,9,99,1,1,6,6,1,40,7,-1,-1,-1,-1,7,E01002204,0,1
2024010495985,2024,010495985,1,9,0,18,19,5,1,0,0,1,0,0,0,0,1,1,6,6,1,23,5,-1,-1,-1,-1,3,E01001440,0,1
2024340NN1732,2024,340NN1732,2,9,0,-1,19,3,7,-1,0,0,0,0,0,0,4,1,-1,9,1,50,8,-1,-1,-1,-1,8,E01027329,0,1
2024311531336,2024,311531336,1,22,0,-1,5,6,8,-1,9,0,0,0,0,0,1,1,-1,6,3,-1,-1,-1,-1,-1,-1,-1,-1,0,-1
2024122400416,2024,122400416,2,1,0,18,19,1,5,0,0,0,0,0,0,0,1,1,6,6,1,17,4,-1,-1,-1,-1,5,E01027729,0,1
2024131462840,2024,131462840,2,1,0,-1,9,7,5,-1,0,8,0,0,0,0,2,1,-1,6,-1,-1,-1,-1,-1,-1,-1,-1,-1,0,-1
2024010491039,2024,010491039,1,3,0,99,99,9,9,99,99,9,9,99,9,99,9,1,2,2,3,30,6,-1,-1,-1,-1,7,E01024133,0,4
2024052402380,2024,052402380,2,23,0,18,19,3,6,0,0,7,0,0,0,0,3,1,2,2,1,25,5,-1,-1,-1,-1,2,E01007219,0,1
2024010509278,2024,010509278,2,9,0,99,99,9,9,99,99,9,9,99,9,99,9,9,6,6,3,24,5,-1,-1,-1,-1,1,E01033456,0,3
2024991518394,2024,991518394,2,1,0,-1,19,7,3,-1,0,2,1,0,0,0,4,1,-1,1,1,30,6,-1,-1,-1,-1,5,-1,0,1
2024211520015,2024,211520015,2,1,0,-1,19,5,1,-1,0,0,0,0,0,0,4,1,-1,9,1,81,11,-1,-1,-1,-1,5,E01029627,0,2
2024340WN7252,2024,340WN7252,1,9,0,-1,19,3,7,-1,0,1,0,0,0,0,1,1,-1,6,3,-1,-1,-1,-1,-1,-1,-1,-1,0,-1
2024010516839,2024,010516839,1,9,0,99,99,9,9,99,99,9,9,99,9,99,0,9,6,6,3,-1,-1,-1,-1,-1,-1,-1,-1,0,-1
2024201398181,2024,201398181,1,9,0,-1,5,4,8,-1,9,2,0,0,0,0,3,9,-1,6,3,-1,-1,-1,-1,-1,-1,-1,-1,0,-1
2024461457384,2024,461457384,1,90,0,-1,3,2,4,-1,0,0,0,0,0,0,1,9,-1,6,1,56,9,-1,-1,-1,-1,5,E01024039,0,3
2024041433492,2024,041433492,2,9,0,-1,19,1,5,-1,0,0,0,0,0,0,1,1,-1,9,2,68,10,-1,-1,-1,-1,6,E01025123,0,1
2024430271600,2024,430271600,1,9,0,18,19,6,2,0,0,1,0,0,0,0,1,1,3,7,2,20,4,-1,-1,-1,-1,4,E01016455,0,1
2024311416780,2024,311416780,1,1,0,-1,19,2,6,-1,1,0,0,0,0,0,4,1,-1,7,1,11,3,-1,-1,-1,-1,1,E01013841,0,1
2024010541037,2024,010541037,2,9,0,99,99,9,9,99,99,9,9,99,9,99,9,9,6,6,3,-1,-1,-1,-1,-1,-1,-1,-1,0,-1
2024501475821,2024,501475821,2,9,0,-1,1,2,6,-1,0,0,0,0,0,0,0,1,-1,9,2,68,10,-1,-1,-1,-1,2,E01018949,0,4
2024522401171,2024,522401171,2,9,9,99,99,9,9,0,0,8,0,0,0,0,9,9,6,6,3,-1,-1,-1,-1,-1,-1,-1,-1,0,-1
2024010501471,2024,010501471,2,-1,0,9,9,7,5,0,0,6,0,0,0,0,1,1,6,6,1,14,3,-1,-1,-1,-1,2,E01002091,1,1
2024543270324,2024,543270324,1,9,0,5,5,0,2,9,9,6,0,0,0,0,1,1,6,6,2,32,6,-1,-1,-1,-1,8,E01015482,0,1
2024622400225,2024,622400225,2,-1,0,18,19,8,4,0,0,8,0,0,0,0,1,1,6,6,1,16,4,-1,-1,-1,-1,1,W01001707,1,1
2024141451328,2024,141451328,1,90,0,-1,19,4,8,-1,9,0,0,0,0,0,0,1,-1,9,1,45,7,-1,-1,-1,-1,1,E01007848,0,1
2024010515193,2024,010515193,2,9,0,99,99,9,9,99,99,9,9,99,9,99,1,9,6,6,3,-1,-1,-1,-1,-1,-1,-1,-1,0,-1
2024371500060,2024,371500060,2,1,0,-1,4,4,8,-1,0,1,0,0,0,0,1,1,-1,2,2,59,9,-1,-1,-1,-1,3,E01029978,0,1
202417M202424,2024,17M202424,2,9,0,13,13,4,8,0,0,0,0,0,0,0,4,1,6,6,3,-1,-1,-1,-1,-1,-1,-1,-1,0,-1
2024010491322,2024,010491322,2,9,0,99,99,9,9,99,99,9,9,99,9,99,1,9,6,6,3,-1,-1,-1,-1,-1,-1,-1,-1,0,-1
2024430012841,2024,430012841,1,9,0,4,4,4,8,0,0,0,1,0,0,0,0,1,2,2,1,41,7,-1,-1,-1,-1,9,E01033955,0,1
2024552400049,2024,552400049,2,3,0,10,10,6,3,0,0,1,0,0,0,0,3,1,6,6,2,18,4,-1,-1,-1,-1,5,E01015334,0,1
2024451528188,2024,451528188,2,9,0,-1,3,7,3,-1,99,0,9,0,3,0,1,1,-1,6,2,40,7,-1,-1,-1,-1,9,E01030492,0,3
2024052401493,2024,052401493,2,9,0,18,19,7,3,0,0,8,0,0,0,0,1,2,6,6,1,21,5,-1,-1,-1,-1,1,E01011434,0,5
2024010489918,2024,010489918,1,9,0,18,19,1,5,0,0,1,0,0,0,0,0,1,6,6,2,26,6,-1,-1,-1,-1,2,E01004311,0,1
2024010490307,2024,010490307,1,9,0,18,19,3,7,0,0,1,5,0,0,0,1,1,6,6,1,82,11,-1,-1,-1,-1,2,E01000386,0,1
2024430593850,2024,430593850,2,1,0,18,19,7,2,0,0,6,0,0,0,0,4,1,6,6,2,23,5,-1,-1,-1,-1,7,E01017832,0,1
2024451442294,2024,451442294,2,9,0,-1,19,1,4,-1,0,8,0,10,7,6,4,1,-1,9,2,65,9,-1,-1,-1,-1,10,E01030581,0,1
2024131515910,2024,131515910,2,1,0,-1,19,4,8,-1,0,8,0,0,0,0,3,1,-1,2,1,41,7,-1,-1,-1,-1,6,E01010786,0,2
2024010518209,2024,010518209,1,8,0,99,99,9,9,99,99,0,9,99,9,99,9,1,6,6,3,-1,-1,-1,-1,-1,-1,-1,-1,0,-1
2024131489402,2024,131489402,1,9,0,-1,19,4,8,-1,0,0,0,0,0,0,1,1,-1,6,3,-1,-1,-1,-1,-1,-1,-1,-1,0,-1
2024010550446,2024,010550446,1,9,0,9,9,2,8,0,0,1,0,0,0,0,1,1,6,6,3,-1,-1,-1,-1,-1,-1,-1,-1,0,-1
2024010525391,2024,010525391,2,1,9,99,99,9,9,99,99,9,9,99,9,99,1,1,6,6,1,-1,-1,-1,-1,-1,-1,-1,-1,0,-1
2024520401301,2024,520401301,2,9,0,18,19,3,7,0,0,8,0,0,0,0,1,1,6,6,2,41,7,-1,-1,-1,-1,4,E01035116,0,4
2024401454789,2024,401454789,2,1,0,-1,-1,-1,-1,-1,-1,-1,-1,-1,-1,0,3,1,-1,2,1,45,7,-1,-1,-1,-1,3,E01015744,0,1
2024101447202,2024,101447202,1,9,0,-1,19,1,5,-1,0,0,0,0,0,0,1,1,-1,9,2,31,6,-1,-1,-1,-1,2,E01008697,0,1
2024070761598,2024,070761598,1,-1,0,-1,19,3,7,-1,0,0,0,0,0,0,1,1,-1,9,1,25,5,-1,-1,-1,-1,5,E01018319,0,1
2024041526739,2024,041526739,2,1,0,-1,19,1,5,-1,0,8,0,0,0,0,4,1,-1,9,1,43,7,-1,-1,-1,-1,3,E01012699,0,1
2024010488738,2024,010488738,2,9,9,99,99,9,9,99,99,9,9,99,9,99,9,9,6,6,3,-1,-1,-1,-1,-1,-1,-1,-1,0,-1
2024520001423,2024,520001423,1,9,0,18,19,8,4,0,0,8,0,0,0,0,1,1,6,6,1,31,6,-1,-1,-1,-1,6,E01032692,0,4
2024010497908,2024,010497908,7,9,0,2,2,0,0,0,0,1,0,0,0,0,1,1,6,6,3,-1,-1,-1,-1,-1,-1,-1,-1,0,-1
2024010519815,2024,010519815,2,-1,0,18,19,1,5,0,0,8,0,0,0,0,1,1,6,6,1,35,6,-1,-1,-1,-1,2,E01001978,1,3
2024501464270,2024,501464270,2,9,0,-1,4,8,4,-1,0,1,0,0,0,0,1,2,-1,9,2,51,8,-1,-1,-1,-1,-1,-1,0,-1
2024010494321,2024,010494321,2,9,9,99,99,9,9,99,99,9,9,99,9,99,9,9,6,6,3,-1,-1,-1,-1,-1,-1,-1,-1,0,-1
2024010496752,2024,010496752,2,9,9,18,19,7,3,0,0,4,9,0,0,0,1,9,6,6,2,53,8,-1,-1,-1,-1,6,E01002541,0,1
2024010545855,2024,010545855,1,1,0,18,19,6,2,0,0,2,0,0,0,0,1,1,2,2,1,51,8,-1,-1,-1,-1,4,E01004296,0,1
2024131509137,2024,131509137,2,1,0,-1,19,1,5,-1,0,0,0,0,0,0,2,1,-1,6,1,55,8,-1,-1,-1,-1,9,E01011189,0,1
2024010527713,2024,010527713,1,-1,0,99,99,9,9,99,99,0,9,99,9,99,1,1,6,6,3,-1,-1,-1,-1,-1,-1,-1,-1,1,-1
2024010534731,2024,010534731,1,-1,0,18,19,4,8,0,0,1,0,0,0,0,1,1,6,6,1,35,6,-1,-1,-1,-1,3,E01002027,1,2
2024010492443,2024,010492443,1,9,0,99,99,9,9,99,99,9,9,99,9,99,2,9,2,2,1,30,6,-1,-1,-1,-1,4,E01004031,0,1
2024010543092,2024,010543092,2,9,0,99,99,9,9,99,99,9,9,99,9,99,1,9,6,6,3,-1,-1,-1,-1,-1,-1,-1,-1,0,-1
2024010523485,2024,010523485,2,1,0,18,19,3,7,0,0,1,0,0,0,0,1,1,6,6,2,45,7,-1,-1,-1,-1,-1,-1,0,-1
2024010495364,2024,010495364,2,9,9,99,99,9,9,99,99,9,9,99,9,99,9,1,6,6,3,-1,-1,-1,-1,-1,-1,-1,-1,0,-1
2024041526733,2024,041526733,1,9,0,-1,19,-1,-1,-1,0,0,0,0,0,0,-1,1,-1,6,3,-1,-1,-1,-1,-1,-1,-1,-1,0,-1
2024061531059,2024,061531059,1,9,0,-1,19,-1,-1,-1,0,9,0,0,0,0,1,1,-1,6,3,-1,-1,-1,-1,-1,-1,-1,-1,0,-1
2024010505401,2024,010505401,1,1,9,99,99,9,9,99,99,9,9,99,9,99,9,1,6,6,1,26,6,-1,-1,-1,-1,6,E01000069,0,3
2024061509325,2024,061509325,2,9,0,-1,7,-1,-1,-1,0,8,0,0,0,0,4,1,-1,6,1,-1,-1,-1,-1,-1,-1,8,E01005169,0,1
2024361511613,2024,361511613,2,9,-1,-1,-1,-1,-1,-1,-1,-1,-1,-1,-1,0,-1,9,-1,6,2,49,8,-1,-1,-1,-1,8,E01026587,0,1
2024201442376,2024,201442376,2,9,0,-1,19,6,2,-1,0,8,0,0,0,0,3,2,-1,6,1,-1,-1,-1,-1,-1,-1,2,E01009610,0,1
2024520402269,2024,520402269,1,1,0,18,19,8,6,0,0,0,0,0,0,0,9,1,6,6,1,10,2,-1,-1,-1,-1,7,E01029028,0,1
2024061448493,2024,061448493,1,1,0,-1,14,-1,-1,-1,0,9,0,1,0,0,1,1,-1,9,1,15,3,-1,-1,-1,-1,7,E01005772,0,1
2024010504162,2024,010504162,1,9,0,17,19,3,8,0,0,8,0,0,0,0,4,1,6,6,3,-1,-1,-1,-1,-1,-1,-1,-1,0,-1
2024010487551,2024,010487551,1,1,9,99,99,9,9,99,99,3,9,99,9,99,9,1,2,2,1,28,6,-1,-1,-1,-1,3,E01003162,0,2
2024501468459,2024,501468459,2,9,0,-1,19,1,5,-1,0,1,0,0,0,0,1,1,-1,6,3,-1,-1,-1,-1,-1,-1,-1,-1,0,-1
2024440437668,2024,440437668,1,19,0,18,19,4,8,0,0,2,0,0,0,0,1,1,6,6,1,57,9,-1,-1,-1,-1,10,E01034724,0,2
2024041469514,2024,041469514,2,1,0,-1,19,5,1,-1,0,1,0,0,0,0,0,1,-1,9,1,13,3,-1,-1,-1,-1,9,E01024994,0,1
2024041462991,2024,041462991,1,97,0,-1,19,5,7,-1,0,0,0,0,0,0,-1,1,-1,6,3,-1,-1,-1,-1,-1,-1,-1,-1,0,-1
2024231512962,2024,231512962,1,9,0,-1,19,1,5,-1,0,8,0,0,0,0,3,1,-1,6,1,23,5,-1,-1,-1,-1,-1,-1,0,-1
2024440027096,2024,440027096,1,97,0,18,19,3,7,0,0,0,0,0,0,0,1,1,6,6,1,23,5,-1,-1,-1,-1,2,E01022949,0,1
2024311422511,2024,311422511,2,9,0,-1,19,7,3,-1,0,1,0,0,1,0,1,1,-1,6,1,58,9,-1,-1,-1,-1,7,E01027999,0,1
2024010547741,2024,010547741,2,90,4,99,99,9,9,99,99,9,9,99,9,99,1,9,6,6,3,-1,-1,-1,-1,-1,-1,-1,-1,0,-1
2024131406140,2024,131406140,1,9,0,-1,-1,-1,-1,-1,-1,-1,-1,-1,-1,-1,-1,1,-1,6,3,-1,-1,-1,-1,-1,-1,-1,-1,0,-1
2024101468631,2024,101468631,1,1,0,-1,19,1,4,-1,0,8,0,0,0,0,1,1,-1,6,1,-1,-1,-1,-1,-1,-1,-1,-1,0,-1
2024111464302,2024,111464302,1,1,0,-1,19,1,5,-1,0,4,0,0,0,0,1,1,-1,9,1,56,9,-1,-1,-1,-1,1,E01034500,0,4
2024471414943,2024,471414943,2,1,-1,-1,19,2,6,-1,0,8,0,0,0,0,1,1,-1,6,2,11,3,-1,-1,-1,-1,5,E01031442,0,1
2024131395951,2024,131395951,2,22,0,-1,19,1,1,-1,0,6,0,0,0,0,4,1,-1,6,1,81,11,-1,-1,-1,-1,1,E01011491,0,1
2024052401779,2024,052401779,1,9,0,2,2,0,0,0,0,0,0,0,0,0,3,1,6,6,3,-1,-1,-1,-1,-1,-1,-1,-1,0,-1
2024201395158,2024,201395158,2,9,0,-1,19,6,2,-1,0,1,0,0,0,0,1,9,-1,6,2,-1,-1,-1,-1,-1,-1,-1,-1,0,-1
2024041398380,2024,041398380,1,97,0,-1,19,3,7,-1,0,1,0,0,0,0,1,1,-1,6,1,-1,-1,-1,-1,-1,-1,-1,-1,0,-1
2024131525517,2024,131525517,1,98,0,-1,19,3,7,-1,0,0,0,0,0,0,4,1,-1,6,1,-1,-1,-1,-1,-1,-1,-1,-1,0,-1
2024302401580,2024,302401580,1,3,0,7,7,8,2,0,0,0,0,0,0,0,1,1,6,6,3,-1,-1,-1,-1,-1,-1,5,E01019456,0,3
2024010508823,2024,010508823,2,1,9,99,99,9,9,99,99,9,9,99,9,99,9,1,6,6,3,-1,-1,-1,-1,-1,-1,-1,-1,0,-1
2024010542378,2024,010542378,2,1,0,18,19,1,5,0,0,8,0,0,0,0,3,1,1,1,1,25,5,-1,-1,-1,-1,8,E01003009,0,2
2024070397776,2024,070397776,2,1,0,5,5,3,7,0,0,0,0,0,0,0,4,1,6,6,1,53,8,-1,-1,-1,-1,-1,-1,0,-1
2024010533152,2024,010533152,2,23,0,18,19,1,5,0,0,4,0,0,0,0,1,1,6,6,2,21,5,-1,-1,-1,-1,7,E01004159,0,1
2024010542425,2024,010542425,2,1,0,9,9,7,5,0,0,8,0,0,0,0,3,1,1,1,1,24,5,-1,-1,-1,-1,1,E01034479,0,3
2024991473038,2024,991473038,1,9,0,-1,15,6,2,-1,0,0,0,0,0,0,4,1,-1,2,1,30,6,-1,-1,-1,-1,1,-1,0,1
2024010497652,2024,010497652,2,9,0,18,19,8,4,0,0,0,0,0,0,0,1,1,6,6,3,-1,-1,-1,-1,-1,-1,-1,-1,0,-1
2024052402823,2024,052402823,1,9,0,18,19,7,3,0,0,1,0,0,0,0,3,1,6,6,2,81,11,-1,-1,-1,-1,4,E01006454,0,1
2024401502419,2024,401502419,2,9,0,-1,19,4,8,-1,0,0,0,0,0,0,2,1,-1,6,2,39,7,-1,-1,-1,-1,8,E01016722,0,3
2024201459421,2024,201459421,1,9,0,-1,19,4,8,-1,0,8,0,0,0,0,1,1,-1,6,3,-1,-1,-1,-1,-1,-1,-1,-1,0,-1
2024141422885,2024,141422885,2,9,0,-1,19,5,1,-1,0,8,0,0,0,0,4,1,-1,6,3,-1,-1,-1,-1,-1,-1,8,E01007612,0,1
2024041470476,2024,041470476,2,9,0,-1,19,1,5,-1,0,0,0,0,0,0,2,1,-1,6,2,32,6,-1,-1,-1,-1,4,E01033685,0,4
2024302400379,2024,302400379,3,1,0,14,14,8,4,0,0,0,0,0,0,0,3,1,6,6,2,43,7,-1,-1,-1,-1,7,E01019700,0,1
2024361404846,2024,361404846,1,9,-1,-1,-1,-1,-1,-1,-1,0,-1,-1,-1,0,-1,9,-1,6,1,-1,-1,-1,-1,-1,-1,-1,-1,0,-1
2024401496072,2024,401496072,1,21,-1,-1,12,5,1,-1,0,0,0,0,0,0,3,9,-1,6,1,-1,-1,-1,-1,-1,-1,-1,-1,0,-1
2024461469707,2024,461469707,1,9,-1,-1,19,2,6,-1,0,0,0,0,0,0,1,9,-1,6,3,-1,-1,-1,-1,-1,-1,-1,-1,0,-1
2024340WN4672,2024,340WN4672,1,9,0,-1,11,7,3,-1,0,0,0,0,0,0,4,1,-1,6,3,-1,-1,-1,-1,-1,-1,-1,-1,0,-1
2024010490597,2024,010490597,2,1,0,10,10,6,3,0,0,1,0,0,0,0,2,1,6,6,1,15,3,-1,-1,-1,-1,9,E01004543,0,1
2024991495006,2024,991495006,2,9,0,-1,19,3,6,-1,0,0,0,0,0,0,3,1,-1,9,1,82,11,-1,-1,-1,-1,5,-1,0,5
2024201533816,2024,201533816,1,9,0,-1,5,2,6,-1,0,8,1,0,0,0,1,1,-1,6,2,59,9,-1,-1,-1,-1,1,E01009622,0,1