collision_index,collision_year,collision_ref_no,vehicle_reference,vehicle_type,towing_and_articulation,vehicle_manoeuvre_historic,vehicle_manoeuvre,vehicle_direction_from,vehicle_direction_to,vehicle_location_restricted_lane_historic,vehicle_location_restricted_lane,junction_location,skidding_and_overturning,hit_object_in_carriageway,vehicle_leaving_carriageway,hit_object_off_carriageway,first_point_of_impact,vehicle_left_hand_drive,journey_purpose_of_driver_historic,journey_purpose_of_driver,sex_of_driver,age_of_driver,age_band_of_driver,engine_capacity_cc,propulsion_code,age_of_vehicle,generic_make_model,driver_imd_decile,lsoa_of_driver,escooter_flag,driver_distance_banding
2024461469429,2024,461469429,2,1,0,-1,19,4,8,-1,0,1,0,0,0,0,3,1,-1,6,1,55,8,-1,-1,-1,-1,1,E01024657,0,1
2024010508429,2024,010508429,1,90,0,9,9,1,6,0,0,5,0,0,1,0,1,1,2,2,1,24,5,-1,-1,-1,-1,4,E01023899,0,3
2024311517401,2024,311517401,1,9,0,-1,9,1,7,-1,0,1,0,0,0,0,1,1,-1,6,3,-1,-1,-1,-1,-1,-1,-1,-1,0,-1
2024340WN5372,2024,340WN5372,2,9,0,-1,-1,6,8,-1,0,1,0,0,0,0,2,1,-1,9,2,45,7,-1,-1,-1,-1,8,E01026993,0,1
2024411488898,2024,411488898,1,1,0,-1,19,1,5,-1,0,1,0,4,0,0,1,1,-1,6,1,29,6,-1,-1,-1,-1,9,E01023438,0,3
2024201457130,2024,201457130,2,1,0,-1,19,5,1,-1,0,8,0,0,0,0,1,1,-1,6,2,52,8,-1,-1,-1,-1,3,E01009661,0,1
2024010533975,2024,010533975,1,1,0,18,19,1,5,5,5,1,5,7,0,0,4,1,6,6,1,59,9,-1,-1,-1,-1,3,E01004333,0,1
2024122401312,2024,122401312,1,9,0,2,2,0,0,0,0,2,0,0,0,0,2,1,6,6,1,82,11,-1,-1,-1,-1,8,E01027558,0,1
2024371457588,2024,371457588,2,1,0,-1,19,-1,-1,-1,0,1,0,0,0,0,0,1,-1,6,2,49,8,-1,-1,-1,-1,7,E01029991,0,1
2024010532393,2024,010532393,2,9,0,5,5,7,3,0,0,1,0,0,0,0,4,1,6,6,3,-1,-1,-1,-1,-1,-1,-1,-1,0,-1
2024201489552,2024,201489552,2,8,0,-1,19,8,4,-1,0,8,0,0,0,0,2,9,-1,6,3,-1,-1,-1,-1,-1,-1,-1,-1,0,-1
2024010552090,2024,010552090,2,1,0,10,10,1,6,0,0,1,0,0,0,0,3,1,1,1,1,57,9,-1,-1,-1,-1,3,E01001113,0,1
2024340NN3862,2024,340NN3862,1,9,0,-1,19,1,5,-1,0,1,0,0,0,0,1,1,-1,9,2,72,10,-1,-1,-1,-1,6,E01027090,0,1
2024131515519,2024,131515519,2,23,0,-1,13,7,3,-1,0,8,0,0,0,0,1,1,-1,6,1,19,4,-1,-1,-1,-1,1,E01011910,0,1
2024061474650,2024,061474650,2,1,-1,-1,19,8,4,-1,0,0,0,0,0,0,3,1,-1,6,2,59,9,-1,-1,-1,-1,5,E01006118,0,2
2024991488997,2024,991488997,1,9,0,-1,11,5,1,-1,0,1,0,0,0,0,1,1,-1,6,1,19,4,-1,-1,-1,-1,2,-1,0,3
2024010495724,2024,010495724,1,3,9,99,99,9,9,99,99,9,9,99,9,99,9,1,1,1,1,51,8,-1,-1,-1,-1,4,E01003136,0,1
2024991407666,2024,991407666,1,1,0,-1,7,5,6,-1,0,1,1,0,0,0,4,1,-1,6,2,40,7,-1,-1,-1,-1,4,-1,0,1
2024201434968,2024,201434968,2,9,0,-1,15,8,4,-1,0,1,0,0,0,0,2,9,-1,6,-1,-1,-1,-1,-1,-1,-1,-1,-1,0,-1
2024141468526,2024,141468526,2,1,0,-1,19,5,1,-1,0,8,5,0,0,0,2,1,-1,6,1,40,7,-1,-1,-1,-1,10,E01008132,0,2
2024131492217,2024,131492217,1,9,0,-1,19,2,6,-1,0,8,0,0,0,0,3,1,-1,6,1,31,6,-1,-1,-1,-1,7,E01011591,0,2
2024010490067,2024,010490067,1,3,9,99,99,9,9,99,99,9,9,99,9,99,9,1,1,1,2,21,5,-1,-1,-1,-1,5,E01003142,0,1
2024052402453,2024,052402453,1,9,0,5,5,6,2,0,0,1,0,0,0,0,3,1,6,6,1,34,6,-1,-1,-1,-1,1,E01034397,0,2
2024131407758,2024,131407758,1,9,0,-1,-1,-1,-1,-1,-1,-1,-1,-1,-1,-1,-1,1,-1,6,3,-1,-1,-1,-1,-1,-1,-1,-1,0,-1
2024440482996,2024,440482996,1,1,0,18,19,4,8,0,0,8,0,0,0,0,1,1,2,2,1,27,6,-1,-1,-1,-1,2,E01022655,0,1
2024361474640,2024,361474640,1,9,-1,-1,1,-1,-1,-1,0,0,0,0,0,0,2,9,-1,6,1,47,8,-1,-1,-1,-1,4,E01026743,0,3
2024361484331,2024,361484331,1,9,0,-1,19,7,3,-1,0,0,0,0,0,0,1,1,-1,9,1,29,6,-1,-1,-1,-1,7,E01026897,0,4
2024010511902,2024,010511902,1,19,0,9,9,4,2,0,0,8,0,0,0,0,1,1,6,6,3,-1,-1,-1,-1,-1,-1,-1,-1,0,-1
2024361494938,2024,361494938,2,1,0,-1,11,7,3,-1,0,3,5,0,0,0,1,1,-1,2,1,39,7,-1,-1,-1,-1,-1,-1,0,-1
2024131468140,2024,131468140,1,97,0,-1,14,3,7,-1,0,0,1,0,7,0,1,1,-1,6,1,18,4,-1,-1,-1,-1,1,E01010612,0,1
2024010496352,2024,010496352,1,1,9,99,99,9,9,99,99,9,9,99,9,99,1,1,2,2,1,43,7,-1,-1,-1,-1,5,E01000636,0,1
2024010538705,2024,010538705,1,1,9,99,99,9,9,99,99,9,9,99,9,99,1,1,6,6,1,33,6,-1,-1,-1,-1,-1,-1,0,-1
2024010545678,2024,010545678,1,1,9,99,99,9,9,99,99,9,9,99,9,99,0,1,6,6,3,-1,-1,-1,-1,-1,-1,-1,-1,0,-1
2024061402297,2024,061402297,2,9,0,-1,9,3,8,-1,0,1,0,0,0,0,1,1,-1,1,1,29,6,-1,-1,-1,-1,8,E01005571,0,3
2024010541420,2024,010541420,1,98,0,99,99,9,9,99,99,9,9,99,9,99,9,9,6,6,3,-1,-1,-1,-1,-1,-1,-1,-1,0,-1
2024010516690,2024,010516690,1,97,0,18,19,7,3,0,0,2,0,0,0,0,1,1,6,6,3,-1,-1,-1,-1,-1,-1,-1,-1,0,-1
2024501431536,2024,501431536,2,9,0,-1,19,2,6,-1,0,0,0,0,0,0,1,1,-1,9,1,79,11,-1,-1,-1,-1,7,E01018823,0,2
2024201448066,2024,201448066,1,9,0,-1,1,4,8,-1,0,1,0,0,0,0,2,9,-1,1,1,60,9,-1,-1,-1,-1,-1,-1,0,-1
2024052402713,2024,052402713,1,9,0,18,19,7,3,0,0,0,0,0,0,0,1,1,6,6,3,-1,-1,-1,-1,-1,-1,-1,-1,0,-1
2024010500402,2024,010500402,1,9,9,99,99,9,9,99,99,9,9,99,9,10,9,9,6,6,3,-1,-1,-1,-1,-1,-1,4,E01004270,0,1
2024010489247,2024,010489247,1,3,9,99,99,9,9,99,99,0,9,99,0,0,1,1,2,2,1,30,6,-1,-1,-1,-1,4,E01000570,0,1
2024010489222,2024,010489222,2,9,0,99,99,9,9,99,99,9,9,99,9,99,9,9,6,6,3,44,7,-1,-1,-1,-1,4,E01004019,0,1
2024010496078,2024,010496078,1,9,0,18,19,5,1,0,0,0,0,0,0,0,1,1,6,6,1,84,11,-1,-1,-1,-1,9,E01021446,0,4
2024010538830,2024,010538830,2,9,0,18,19,1,5,0,0,6,1,0,5,2,1,1,6,6,3,34,6,-1,-1,-1,-1,-1,-1,0,-1
2024010486871,2024,010486871,1,3,0,12,12,3,7,0,0,2,2,10,0,0,3,1,6,6,1,47,8,-1,-1,-1,-1,2,E01003540,0,2
2024522500036,2024,522500036,1,23,0,7,7,2,4,0,0,6,0,7,0,0,1,1,6,6,1,21,5,-1,-1,-1,-1,3,E01018464,0,5
2024010520321,2024,010520321,1,9,0,99,99,9,9,99,99,9,9,99,9,99,1,9,6,6,3,-1,-1,-1,-1,-1,-1,-1,-1,0,-1
2024501538370,2024,501538370,3,9,0,-1,3,5,1,-1,0,0,0,0,0,0,2,2,-1,6,1,36,7,-1,-1,-1,-1,7,E01020029,0,1
2024061474912,2024,061474912,2,1,0,-1,19,3,7,-1,0,1,0,0,0,0,1,1,-1,2,1,41,7,-1,-1,-1,-1,-1,-1,0,-1
2024010495852,2024,010495852,2,1,9,99,99,9,9,99,99,9,9,99,9,99,9,1,6,6,1,-1,-1,-1,-1,-1,-1,6,E01003033,0,1
2024361492501,2024,361492501,2,1,-1,-1,19,-1,-1,-1,0,-1,0,0,0,0,3,1,-1,9,1,34,6,-1,-1,-1,-1,1,E01026704,0,1
2024101506389,2024,101506389,1,9,0,-1,19,6,2,-1,0,8,0,0,0,0,1,1,-1,9,1,-1,-1,-1,-1,-1,-1,-1,-1,0,-1
2024010490476,2024,010490476,2,9,0,99,99,9,9,99,99,9,9,99,9,99,9,9,6,6,3,-1,-1,-1,-1,-1,-1,-1,-1,0,-1
2024010489119,2024,010489119,1,9,0,18,19,1,5,0,0,8,0,0,0,0,3,1,6,6,1,28,6,-1,-1,-1,-1,7,E01030858,0,4
2024010537544,2024,010537544,1,1,9,99,99,9,9,99,99,9,9,99,9,99,2,1,6,6,1,26,6,-1,-1,-1,-1,3,E01003201,0,1
2024041497561,2024,041497561,1,9,0,-1,1,-1,-1,-1,0,0,0,0,0,0,2,1,-1,6,1,50,8,-1,-1,-1,-1,3,E01012714,0,1
2024010530384,2024,010530384,1,9,0,99,99,9,9,99,99,9,9,99,9,99,1,9,6,6,3,-1,-1,-1,-1,-1,-1,-1,-1,0,-1
2024010491824,2024,010491824,2,9,0,9,9,3,8,0,0,1,0,0,0,0,1,1,1,1,1,63,9,-1,-1,-1,-1,3,E01021800,0,3
2024010490070,2024,010490070,2,9,0,99,99,9,9,99,99,6,9,99,9,99,1,9,6,6,3,-1,-1,-1,-1,-1,-1,-1,-1,0,-1
2024041467595,2024,041467595,3,9,0,-1,19,1,1,-1,0,1,0,0,0,0,1,1,-1,1,2,-1,-1,-1,-1,-1,-1,5,E01025206,0,2
2024332401049,2024,332401049,2,9,0,-1,19,4,1,-1,0,0,0,0,0,0,1,1,-1,6,1,52,8,-1,-1,-1,-1,3,E01026017,0,4
2024010554394,2024,010554394,1,-1,9,18,19,5,1,99,99,0,9,0,0,0,1,1,6,6,3,-1,-1,-1,-1,-1,-1,-1,-1,1,-1
2024010489795,2024,010489795,2,9,0,9,9,3,1,0,0,8,0,0,7,1,4,1,3,7,1,44,7,-1,-1,-1,-1,4,E01000787,0,1
2024010487460,2024,010487460,2,3,0,99,99,9,9,99,99,9,9,99,9,99,9,1,6,6,3,-1,-1,-1,-1,-1,-1,-1,-1,0,-1
2024361496333,2024,361496333,2,1,0,-1,19,7,1,-1,0,8,0,0,0,0,0,1,-1,9,1,38,7,-1,-1,-1,-1,7,E01026881,0,1
2024520401268,2024,520401268,1,9,0,18,19,7,3,0,0,0,0,0,1,11,3,1,6,6,1,17,4,-1,-1,-1,-1,4,E01029249,0,1
2024010551491,2024,010551491,1,-1,9,99,99,9,9,99,99,9,9,99,9,99,9,9,6,6,3,-1,-1,-1,-1,-1,-1,-1,-1,1,-1
2024052400538,2024,052400538,1,9,0,18,19,8,4,0,0,0,0,0,0,0,1,1,6,6,3,-1,-1,-1,-1,-1,-1,-1,-1,0,-1
2024501458043,2024,501458043,2,1,0,-1,11,6,2,-1,0,0,0,0,0,0,1,1,-1,2,2,50,8,-1,-1,-1,-1,3,E01020104,0,1
2024010499763,2024,010499763,2,1,0,18,19,5,1,0,0,0,0,0,0,0,1,1,6,6,1,48,8,-1,-1,-1,-1,8,E01000963,0,1
2024061407488,2024,061407488,2,1,-1,-1,-1,-1,-1,-1,-1,-1,-1,-1,-1,0,-1,1,-1,6,1,28,6,-1,-1,-1,-1,2,E01033675,0,1
2024421471929,2024,421471929,3,9,0,-1,19,6,2,-1,0,0,0,0,0,0,0,1,-1,1,1,44,7,-1,-1,-1,-1,7,E01015946,0,4
2024052401350,2024,052401350,1,9,0,18,19,8,4,0,0,8,0,0,0,0,1,1,2,2,1,46,8,-1,-1,-1,-1,3,E01027359,0,5
2024061462825,2024,061462825,1,9,0,-1,4,-1,-1,-1,0,0,0,0,0,0,2,1,-1,1,1,51,8,-1,-1,-1,-1,9,E01006178,0,1
2024010493765,2024,010493765,4,9,0,99,99,9,9,99,99,9,9,99,9,99,2,9,6,6,3,-1,-1,-1,-1,-1,-1,-1,-1,0,-1
2024991531308,2024,991531308,1,97,0,-1,19,8,4,-1,0,0,2,4,0,0,1,1,-1,6,3,16,4,-1,-1,-1,-1,-1,-1,0,-1
2024010549691,2024,010549691,2,90,0,99,99,9,9,99,99,9,9,99,9,99,9,9,6,6,3,-1,-1,-1,-1,-1,-1,4,E01000557,0,2
2024201512928,2024,201512928,2,9,0,-1,15,3,7,-1,0,1,1,0,4,0,1,1,-1,2,1,18,4,-1,-1,-1,-1,1,E01009339,0,2
2024041482722,2024,041482722,1,98,0,-1,2,1,5,-1,0,0,0,0,0,0,0,1,-1,6,-1,-1,-1,-1,-1,-1,-1,-1,-1,0,-1
2024010504615,2024,010504615,2,1,0,7,7,5,7,0,0,6,0,0,0,0,1,1,6,6,1,70,10,-1,-1,-1,-1,7,E01001937,0,2
2024141489907,2024,141489907,1,1,0,-1,19,4,8,-1,0,8,0,0,0,0,3,1,-1,2,1,37,7,-1,-1,-1,-1,6,E01007455,0,1
2024421415246,2024,421415246,1,9,0,-1,19,7,3,-1,9,0,0,0,7,0,1,9,-1,6,3,-1,-1,-1,-1,-1,-1,-1,-1,0,-1
2024501447775,2024,501447775,1,9,0,-1,19,6,2,-1,0,0,0,0,0,0,4,9,-1,6,3,-1,-1,-1,-1,-1,-1,-1,-1,0,-1
2024010542151,2024,010542151,1,9,0,99,99,9,9,99,99,9,9,99,9,99,1,1,6,6,3,-1,-1,-1,-1,-1,-1,-1,-1,0,-1
2024501510907,2024,501510907,3,19,0,-1,3,6,2,-1,0,0,0,0,0,0,2,1,-1,6,2,29,6,-1,-1,-1,-1,8,E01034638,0,3
2024547962524,2024,547962524,1,-1,0,18,19,5,1,0,0,6,0,0,0,0,1,1,6,6,1,14,3,-1,-1,-1,-1,9,E01033848,1,1
2024531480866,2024,531480866,2,90,0,-1,19,3,7,-1,0,0,1,0,1,0,3,1,-1,1,1,59,9,-1,-1,-1,-1,8,E01014895,0,3
2024010501038,2024,010501038,4,1,0,18,19,6,2,0,0,0,0,0,0,0,1,1,6,6,1,34,6,-1,-1,-1,-1,9,E01000859,0,1
2024421397636,2024,421397636,2,9,0,-1,19,5,1,-1,0,1,0,0,0,0,4,1,-1,6,1,27,6,-1,-1,-1,-1,7,E01033145,0,2
2024010519876,2024,010519876,1,9,0,18,19,2,6,0,0,0,0,0,0,0,1,1,6,6,1,-1,-1,-1,-1,-1,-1,-1,-1,0,-1
2024302401656,2024,302401656,2,9,0,-1,9,8,5,-1,0,8,0,0,0,0,3,1,-1,6,1,40,7,-1,-1,-1,-1,8,E01028417,0,4
202454F064424,2024,54F064424,2,9,0,2,2,0,0,0,0,0,0,0,0,0,2,1,6,6,3,-1,-1,-1,-1,-1,-1,-1,-1,0,-1
2024340NN1952,2024,340NN1952,1,-1,0,-1,11,5,7,-1,0,3,0,0,0,0,2,1,-1,1,2,22,5,-1,-1,-1,-1,7,E01035396,1,1
2024421523064,2024,421523064,2,9,0,-1,19,7,3,-1,0,0,1,0,0,0,3,1,-1,6,2,52,8,-1,-1,-1,-1,10,E01016665,0,4
2024201423939,2024,201423939,2,9,0,-1,19,5,1,-1,0,0,0,0,0,0,1,9,-1,6,1,-1,-1,-1,-1,-1,-1,7,E01009949,0,1
2024311530087,2024,311530087,2,97,0,-1,19,7,3,-1,0,8,0,0,0,0,3,1,-1,6,1,16,4,-1,-1,-1,-1,-1,-1,0,-1
2024010517381,2024,010517381,1,1,0,18,19,1,5,0,0,2,0,0,1,0,1,1,2,2,1,59,9,-1,-1,-1,-1,6,E01004519,0,1
2024131496899,2024,131496899,1,9,0,-1,19,7,3,-1,0,8,0,0,0,0,1,1,-1,6,2,34,6,-1,-1,-1,-1,1,E01011842,0,2
2024991423724,2024,991423724,2,9,0,-1,4,6,2,-1,0,0,0,0,1,0,2,1,-1,9,1,55,8,-1,-1,-1,-1,8,-1,0,4
2024010489763,2024,010489763,1,3,0,99,99,9,9,99,99,9,9,99,9,99,9,1,6,6,1,24,5,-1,-1,-1,-1,2,E01003546,0,1
2024010542661,2024,010542661,3,9,9,99,99,9,9,99,99,9,9,99,9,99,9,9,6,6,3,-1,-1,-1,-1,-1,-1,-1,-1,0,-1
2024010486880,2024,010486880,2,9,0,13,13,1,5,0,0,0,0,0,0,0,1,1,6,6,3,-1,-1,-1,-1,-1,-1,-1,-1,0,-1
2024052401415,2024,052401415,1,1,0,18,19,3,7,0,0,1,0,0,0,0,2,1,6,6,1,58,9,-1,-1,-1,-1,1,E01007228,0,1
2024052401026,2024,052401026,1,9,0,7,7,8,2,0,0,1,0,0,0,0,1,1,6,6,3,-1,-1,-1,-1,-1,-1,-1,-1,0,-1
2024010507951,2024,010507951,2,1,9,99,99,9,9,99,99,1,9,99,9,99,9,1,2,2,1,43,7,-1,-1,-1,-1,5,E01001859,0,3
2024471461653,2024,471461653,2,9,0,-1,19,4,8,-1,0,1,0,99,0,0,4,1,-1,6,3,-1,-1,-1,-1,-1,-1,-1,-1,0,-1
2024421465011,2024,421465011,1,9,0,-1,19,6,3,-1,0,1,0,0,1,11,4,1,-1,9,1,20,4,-1,-1,-1,-1,3,E01021836,0,1
2024421521111,2024,421521111,3,9,0,-1,19,6,1,-1,0,2,0,0,0,0,1,1,-1,1,1,19,4,-1,-1,-1,-1,6,E01002327,0,4
2024430519669,2024,430519669,1,1,0,18,19,7,3,0,0,1,0,0,0,0,4,1,6,6,1,10,2,-1,-1,-1,-1,2,E01034455,0,1
2024351532081,2024,351532081,2,19,0,-1,19,5,1,-1,0,0,0,0,0,0,3,9,-1,6,3,25,5,-1,-1,-1,-1,-1,-1,0,-1
2024010503324,2024,010503324,2,1,0,18,19,3,7,9,9,0,0,0,0,0,3,1,6,6,1,40,7,-1,-1,-1,-1,4,E01004678,0,1
2024161502139,2024,161502139,2,1,0,-1,19,7,3,-1,0,6,2,0,0,0,1,1,-1,6,1,17,4,-1,-1,-1,-1,1,E01013140,0,1
2024340NN3092,2024,340NN3092,1,9,0,-1,9,1,7,-1,0,8,0,0,0,0,1,1,-1,9,1,58,9,-1,-1,-1,-1,9,E01032926,0,5
2024101459628,2024,101459628,1,9,0,-1,19,7,3,-1,0,1,0,0,0,0,1,1,-1,9,1,71,10,-1,-1,-1,-1,-1,-1,0,-1
2024221475134,2024,221475134,1,90,0,-1,19,1,5,-1,0,0,0,0,0,0,3,1,-1,9,1,77,11,-1,-1,-1,-1,-1,-1,0,-1
2024010524852,2024,010524852,1,1,9,18,19,9,9,99,99,9,9,99,9,99,9,1,2,2,2,28,6,-1,-1,-1,-1,10,E01035419,0,4
2024061489887,2024,061489887,2,9,0,-1,9,3,1,-1,0,8,0,0,0,0,4,9,-1,9,1,28,6,-1,-1,-1,-1,1,E01005527,0,1
2024430154690,2024,430154690,1,9,0,18,19,2,6,0,0,2,0,0,0,0,1,1,6,6,1,75,10,-1,-1,-1,-1,10,E01016311,0,1
2024461479263,2024,461479263,2,97,0,-1,19,1,5,-1,0,1,0,0,0,0,1,1,-1,6,1,44,7,-1,-1,-1,-1,5,E01024413,0,2
2024340NN0392,2024,340NN0392,1,1,0,-1,19,3,7,-1,0,0,0,0,0,0,1,1,-1,9,2,60,9,-1,-1,-1,-1,1,E01026968,0,1
2024161504978,2024,161504978,1,1,0,-1,9,5,1,-1,4,0,0,0,0,0,9,1,-1,2,1,36,7,-1,-1,-1,-1,1,E01012867,0,1
2024552400995,2024,552400995,2,1,0,16,19,4,6,0,0,0,0,0,0,0,1,1,2,2,2,43,7,-1,-1,-1,-1,9,E01034378,0,1
2024411490592,2024,411490592,2,1,0,-1,19,7,3,-1,0,8,-1,0,0,0,0,1,-1,9,1,48,8,-1,-1,-1,-1,4,E01023387,0,1
2024010492952,2024,010492952,2,1,9,99,99,9,9,99,99,0,9,99,9,99,1,1,6,6,1,-1,-1,-1,-1,-1,-1,-1,-1,0,-1
2024141469119,2024,141469119,2,9,0,-1,19,6,2,-1,0,1,0,0,0,0,2,9,-1,6,1,52,8,-1,-1,-1,-1,9,E01007418,0,2
2024010546757,2024,010546757,1,1,0,18,19,7,3,9,9,1,0,0,0,0,1,1,6,6,1,34,6,-1,-1,-1,-1,6,E01033590,0,1
2024201439636,2024,201439636,1,9,0,-1,19,2,6,-1,0,0,0,0,0,0,1,1,-1,6,1,33,6,-1,-1,-1,-1,7,E01010518,0,2
2024131447535,2024,131447535,2,1,0,-1,19,3,3,-1,0,0,0,0,0,0,3,1,-1,6,1,52,8,-1,-1,-1,-1,2,E01010805,0,1
2024010494391,2024,010494391,1,1,9,99,99,9,9,99,99,9,9,99,9,99,2,1,6,6,1,24,5,-1,-1,-1,-1,2,E01001848,0,2
2024070257406,2024,070257406,1,9,0,13,13,5,1,0,0,1,0,0,0,0,4,1,6,6,1,-1,-1,-1,-1,-1,-1,-1,-1,0,-1
2024461414373,2024,461414373,2,23,0,-1,19,1,5,-1,0,1,5,0,0,0,1,1,-1,6,3,30,6,-1,-1,-1,-1,-1,-1,0,-1
2024991401701,2024,991401701,2,9,0,-1,2,0,0,-1,9,0,0,0,0,0,1,1,-1,6,-1,-1,-1,-1,-1,-1,-1,-1,-1,0,-1
2024010493335,2024,010493335,2,9,0,7,7,1,3,0,0,8,0,0,0,0,1,1,2,2,2,64,9,-1,-1,-1,-1,6,E01016078,0,4
2024320534988,2024,320534988,2,9,0,7,7,3,5,0,0,6,0,0,0,0,3,1,-1,-1,1,30,6,-1,-1,-1,-1,4,E01026366,0,3
2024161397528,2024,161397528,1,97,0,-1,19,2,6,-1,9,0,0,0,1,0,1,1,-1,6,3,-1,-1,-1,-1,-1,-1,-1,-1,0,-1
2024231418002,2024,231418002,2,5,0,-1,19,1,5,-1,0,8,0,0,0,0,1,1,-1,2,1,69,10,-1,-1,-1,-1,6,E01031160,0,2
2024031459527,2024,031459527,2,1,-1,-1,-1,-1,-1,-1,-1,-1,-1,-1,-1,0,-1,1,-1,6,1,-1,-1,-1,-1,-1,-1,-1,-1,0,-1
2024461490689,2024,461490689,1,21,0,-1,19,3,7,-1,0,0,0,4,0,0,2,1,-1,1,1,53,8,-1,-1,-1,-1,2,E01024677,0,2
2024131499997,2024,131499997,1,1,0,-1,19,1,5,-1,0,0,0,0,0,0,1,1,-1,6,1,53,8,-1,-1,-1,-1,6,E01011881,0,1
2024010519978,2024,010519978,1,97,9,18,19,1,5,0,0,1,9,0,0,0,1,1,6,6,3,-1,-1,-1,-1,-1,-1,-1,-1,0,-1
2024991510846,2024,991510846,2,9,0,-1,19,5,8,-1,0,0,0,0,0,0,1,1,-1,6,1,60,9,-1,-1,-1,-1,5,-1,0,3
2024010540307,2024,010540307,2,1,9,18,19,9,9,99,99,9,9,99,9,99,1,1,6,6,1,29,6,-1,-1,-1,-1,1,E01002783,0,1
2024332400431,2024,332400431,2,98,0,-1,19,2,6,-1,0,0,0,0,0,0,3,1,-1,6,3,-1,-1,-1,-1,-1,-1,-1,-1,0,-1
2024161402126,2024,161402126,2,8,0,-1,7,7,1,-1,0,8,0,0,0,0,4,9,-1,1,1,-1,-1,-1,-1,-1,-1,-1,-1,0,-1
2024010513763,2024,010513763,1,9,0,99,99,9,9,99,99,9,9,99,9,99,9,9,6,6,3,-1,-1,-1,-1,-1,-1,-1,-1,0,-1
2024161403658,2024,161403658,1,1,0,-1,9,5,3,-1,0,1,0,0,0,0,2,1,-1,2,1,53,8,-1,-1,-1,-1,10,E01013108,0,1
2024320742215,2024,320742215,2,16,0,-1,-1,5,2,0,0,0,5,0,0,0,2,1,6,6,2,15,3,-1,-1,-1,-1,2,E01026050,0,1
2024622400043,2024,622400043,1,9,0,9,9,3,1,0,0,2,0,0,0,0,3,1,2,2,1,20,4,-1,-1,-1,-1,9,W01001890,0,1
2024440221990,2024,440221990,2,9,0,18,19,3,7,0,0,1,0,0,0,0,1,1,6,6,1,29,6,-1,-1,-1,-1,10,E01023231,0,1
2024430272521,2024,430272521,2,22,0,18,19,7,1,0,0,0,0,0,0,0,3,1,6,6,2,72,10,-1,-1,-1,-1,4,E01016517,0,1
2024131421436,2024,131421436,1,9,0,-1,19,7,3,-1,0,0,1,7,0,0,1,1,-1,9,1,60,9,-1,-1,-1,-1,4,E01011810,0,3
202460Q151806,2024,60Q151806,1,9,0,5,5,8,6,0,0,0,0,0,0,0,0,1,6,6,3,-1,-1,-1,-1,-1,-1,-1,-1,0,-1
2024010496099,2024,010496099,2,9,0,18,19,5,1,0,0,1,0,0,0,0,0,1,1,1,1,25,5,-1,-1,-1,-1,-1,-1,0,-1
2024010487293,2024,010487293,1,9,0,5,5,3,7,0,0,2,0,0,0,0,0,1,6,6,1,45,7,-1,-1,-1,-1,8,E01000569,0,1
2024010486920,2024,010486920,1,19,0,13,13,1,5,0,0,8,0,0,0,0,4,1,6,6,1,55,8,-1,-1,-1,-1,1,E01000595,0,1
2024401534987,2024,401534987,1,9,-1,-1,9,-1,-1,-1,0,5,0,0,0,0,3,1,-1,6,3,-1,-1,-1,-1,-1,-1,-1,-1,0,-1
202460Q084531,2024,60Q084531,3,9,4,12,12,4,8,0,0,5,0,0,0,0,2,1,1,1,1,24,5,-1,-1,-1,-1,-1,-1,0,-1
2024061433670,2024,061433670,2,9,0,-1,19,-1,-1,-1,0,0,0,0,0,0,-1,9,-1,6,1,53,8,-1,-1,-1,-1,6,E01006304,0,4
2024201563201,2024,201563201,2,1,0,-1,19,2,6,-1,0,8,0,0,0,0,1,1,-1,1,1,50,8,-1,-1,-1,-1,-1,-1,0,-1
2024141398032,2024,141398032,2,1,0,-1,5,7,8,-1,0,0,5,0,0,0,1,1,-1,6,1,-1,-1,-1,-1,-1,-1,-1,-1,0,-1
2024010493538,2024,010493538,2,8,0,18,19,7,3,0,0,0,0,0,0,0,3,1,1,1,1,34,6,-1,-1,-1,-1,7,E01000340,0,3
2024061515335,2024,061515335,1,4,0,-1,19,4,8,-1,0,8,5,11,0,0,1,1,-1,9,1,21,5,-1,-1,-1,-1,4,E01005029,0,1
2024010495689,2024,010495689,1,9,0,9,9,1,6,0,0,5,0,0,0,0,1,1,6,6,2,31,6,-1,-1,-1,-1,2,E01024277,0,4
2024302400272,2024,302400272,2,9,0,18,19,1,5,0,0,8,0,0,7,0,4,1,6,6,1,63,9,-1,-1,-1,-1,8,E01019490,0,1
2024451428418,2024,451428418,2,1,0,-1,19,1,5,-1,5,0,5,0,0,0,1,1,-1,6,1,19,4,-1,-1,-1,-1,-1,-1,0,-1
2024010524200,2024,010524200,1,1,0,18,19,1,5,0,0,0,0,0,0,0,4,1,6,6,1,12,3,-1,-1,-1,-1,-1,-1,0,-1
2024161457168,2024,161457168,2,1,0,-1,19,1,5,-1,0,0,0,0,0,0,1,1,-1,2,2,62,9,-1,-1,-1,-1,1,E01012778,0,1
2024010488898,2024,010488898,2,3,0,5,5,7,3,0,0,2,0,10,0,0,0,1,6,6,1,16,4,-1,-1,-1,-1,10,E01000684,0,1
2024430383187,2024,430383187,2,1,0,16,19,3,6,0,0,0,0,0,0,0,3,1,6,6,2,56,9,-1,-1,-1,-1,8,E01017738,0,1
2024010551747,2024,010551747,1,9,0,5,5,1,5,0,0,8,0,0,0,0,1,1,6,6,3,-1,-1,-1,-1,-1,-1,-1,-1,0,-1
2024440208487,2024,440208487,1,-1,0,18,19,5,1,0,0,0,0,0,0,0,2,1,2,2,1,31,6,-1,-1,-1,-1,2,E01032750,1,1
2024351463484,2024,351463484,1,9,-1,-1,-1,-1,-1,-1,-1,-1,-1,-1,-1,0,-1,9,-1,6,3,-1,-1,-1,-1,-1,-1,-1,-1,0,-1
2024991403224,2024,991403224,1,9,0,-1,4,5,4,-1,0,0,0,0,1,11,1,1,-1,9,2,76,11,-1,-1,-1,-1,8,-1,0,2
2024010503592,2024,010503592,2,1,0,18,19,5,1,2,2,1,0,0,0,0,3,1,6,6,1,36,7,-1,-1,-1,-1,3,E01003135,0,1