collision_index,collision_year,collision_ref_no,vehicle_reference,vehicle_type,towing_and_articulation,vehicle_manoeuvre_historic,vehicle_manoeuvre,vehicle_direction_from,vehicle_direction_to,vehicle_location_restricted_lane_historic,vehicle_location_restricted_lane,junction_location,skidding_and_overturning,hit_object_in_carriageway,vehicle_leaving_carriageway,hit_object_off_carriageway,first_point_of_impact,vehicle_left_hand_drive,journey_purpose_of_driver_historic,journey_purpose_of_driver,sex_of_driver,age_of_driver,age_band_of_driver,engine_capacity_cc,propulsion_code,age_of_vehicle,generic_make_model,driver_imd_decile,lsoa_of_driver,escooter_flag,driver_distance_banding
2024041465384,2024,041465384,1,9,0,-1,19,1,1,-1,0,0,0,0,0,0,1,1,-1,9,2,54,8,-1,-1,-1,-1,6,E01005560,0,4
2024010541293,2024,010541293,1,1,9,99,99,9,9,99,99,0,9,99,9,99,9,1,2,2,1,38,7,-1,-1,-1,-1,2,E01004001,0,1
2024991475902,2024,991475902,1,9,0,-1,9,5,3,-1,0,3,0,0,0,0,1,1,-1,6,3,17,4,-1,-1,-1,-1,-1,-1,0,-1
2024010491377,2024,010491377,2,1,0,14,14,7,3,0,0,2,0,0,0,0,4,1,6,6,2,32,6,-1,-1,-1,-1,5,E01001855,0,1
2024440065048,2024,440065048,1,9,0,18,19,2,6,0,0,0,0,0,0,0,1,1,6,6,1,74,10,-1,-1,-1,-1,10,E01028357,0,5
2024201444256,2024,201444256,1,9,0,-1,19,4,8,-1,0,8,0,0,0,0,9,9,-1,1,1,49,8,-1,-1,-1,-1,1,E01009498,0,2
2024201478083,2024,201478083,2,8,0,-1,19,4,8,-1,0,0,0,0,0,0,2,1,-1,1,1,50,8,-1,-1,-1,-1,1,E01010464,0,1
2024141439084,2024,141439084,2,1,0,-1,19,5,1,-1,0,1,5,0,1,0,1,1,-1,6,1,21,5,-1,-1,-1,-1,10,E01011179,0,2
2024141405001,2024,141405001,2,9,0,-1,7,6,8,-1,0,0,0,0,0,0,1,9,-1,6,3,-1,-1,-1,-1,-1,-1,-1,-1,0,-1
2024201506568,2024,201506568,2,1,0,-1,19,4,8,-1,0,0,0,0,0,0,2,1,-1,6,1,33,6,-1,-1,-1,-1,1,E01034919,0,2
2024010504048,2024,010504048,2,9,0,3,3,7,3,0,0,8,0,0,0,0,1,1,6,6,1,72,10,-1,-1,-1,-1,3,E01035295,0,4
2024010493572,2024,010493572,1,9,0,99,99,9,9,99,99,9,9,99,9,99,2,9,6,6,1,48,8,-1,-1,-1,-1,4,E01001463,0,2
2024991497831,2024,991497831,2,1,0,-1,19,5,1,-1,0,1,0,0,0,0,1,1,-1,6,1,44,7,-1,-1,-1,-1,8,-1,0,1
2024991490912,2024,991490912,2,1,0,-1,19,2,6,-1,0,0,0,0,0,0,3,1,-1,6,1,49,8,-1,-1,-1,-1,-1,-1,0,-1
2024010544706,2024,010544706,3,9,0,99,99,9,9,99,99,9,9,99,9,99,1,9,6,6,1,22,5,-1,-1,-1,-1,2,E01001331,0,1
202417L408724,2024,17L408724,2,9,0,-1,7,1,2,-1,0,6,0,0,0,0,0,1,-1,6,3,-1,-1,-1,-1,-1,-1,-1,-1,0,-1
2024471452709,2024,471452709,1,97,0,-1,19,3,7,-1,0,1,0,0,0,0,1,1,-1,6,3,-1,-1,-1,-1,-1,-1,-1,-1,0,-1
2024141449459,2024,141449459,2,9,0,-1,-1,-1,-1,-1,-1,0,-1,-1,-1,0,-1,9,-1,6,3,-1,-1,-1,-1,-1,-1,-1,-1,0,-1
2024010492452,2024,010492452,2,1,0,18,19,1,5,0,0,8,0,0,0,0,1,1,2,2,1,34,6,-1,-1,-1,-1,4,E01003405,0,1
2024211527484,2024,211527484,1,8,0,-1,19,1,2,-1,0,0,0,0,0,0,4,1,-1,1,1,34,6,-1,-1,-1,-1,-1,-1,0,-1
2024122400369,2024,122400369,2,9,0,18,19,7,3,0,0,1,0,0,0,0,0,1,6,6,2,29,6,-1,-1,-1,-1,3,E01027906,0,1
2024991397774,2024,991397774,1,9,0,-1,19,3,6,-1,0,3,0,0,0,0,1,1,-1,9,2,22,5,-1,-1,-1,-1,1,-1,0,1
2024471497178,2024,471497178,2,9,0,-1,10,7,5,-1,0,0,0,0,0,0,2,1,-1,9,1,60,9,-1,-1,-1,-1,7,E01019977,0,5
2024010546311,2024,010546311,1,9,0,99,99,9,9,99,99,0,9,99,9,99,2,9,6,6,2,56,9,-1,-1,-1,-1,5,E01000994,0,3
202454C825224,2024,54C825224,1,19,0,18,19,8,5,0,0,1,0,0,0,0,1,1,6,6,1,53,8,-1,-1,-1,-1,8,E01015557,0,1
2024231480247,2024,231480247,2,1,0,-1,19,7,3,-1,9,8,0,0,0,0,3,1,-1,9,2,43,7,-1,-1,-1,-1,10,E01031259,0,1
202417L111324,2024,17L111324,1,9,0,-1,19,6,2,-1,0,0,0,0,0,0,1,1,-1,9,1,42,7,-1,-1,-1,-1,3,E01012117,0,1
2024201490724,2024,201490724,1,9,0,-1,5,3,7,-1,0,4,0,7,0,0,1,1,-1,2,1,36,7,-1,-1,-1,-1,10,E01009821,0,1
2024430026315,2024,430026315,2,9,0,18,19,8,4,0,0,8,0,0,0,0,1,1,6,6,1,49,8,-1,-1,-1,-1,10,E01016646,0,1
2024052400719,2024,052400719,2,1,0,18,19,5,1,0,0,0,0,0,0,0,1,1,6,6,1,44,7,-1,-1,-1,-1,1,E01006598,0,1
2024010547111,2024,010547111,1,1,9,99,99,9,9,99,99,9,9,99,9,99,1,1,2,2,1,46,8,-1,-1,-1,-1,3,E01003594,0,1
2024061519752,2024,061519752,2,1,0,-1,19,7,3,-1,0,0,0,0,0,0,1,1,-1,6,2,26,6,-1,-1,-1,-1,2,E01032906,0,1
2024101471979,2024,101471979,2,19,0,-1,19,1,6,-1,0,8,0,0,0,0,0,1,-1,6,3,40,7,-1,-1,-1,-1,-1,-1,0,-1
2024141415542,2024,141415542,2,9,0,-1,19,7,3,-1,0,8,0,0,0,0,1,9,-1,6,3,-1,-1,-1,-1,-1,-1,-1,-1,0,-1
2024311415547,2024,311415547,1,9,4,-1,19,8,4,-1,0,0,0,0,0,0,3,1,-1,1,1,50,8,-1,-1,-1,-1,-1,-1,0,-1
2024010534710,2024,010534710,1,1,0,18,19,5,1,0,0,1,0,10,1,0,4,1,6,6,2,23,5,-1,-1,-1,-1,2,E01032799,0,4
2024010495575,2024,010495575,1,11,0,5,5,6,2,2,2,1,0,0,0,0,0,1,1,1,1,21,5,-1,-1,-1,-1,2,E01003497,0,1
2024131401426,2024,131401426,1,9,0,-1,19,3,7,-1,0,0,0,0,0,0,1,1,-1,9,1,41,7,-1,-1,-1,-1,2,E01011034,0,1
2024461537746,2024,461537746,3,20,0,-1,19,2,6,-1,0,0,0,0,0,0,1,1,-1,1,2,59,9,-1,-1,-1,-1,8,E01024235,0,1
2024401524387,2024,401524387,2,9,0,-1,19,3,7,-1,0,0,0,0,0,0,1,1,-1,2,1,31,6,-1,-1,-1,-1,9,E01017533,0,1
2024311532910,2024,311532910,1,9,0,-1,7,7,1,-1,0,2,0,0,0,0,3,1,-1,6,2,55,8,-1,-1,-1,-1,-1,-1,0,-1
2024010490497,2024,010490497,3,9,0,3,3,1,5,0,0,8,0,0,0,0,2,1,6,6,2,45,7,-1,-1,-1,-1,4,E01000380,0,1
2024061505502,2024,061505502,1,9,0,-1,4,5,1,-1,0,0,0,0,0,0,1,1,-1,6,-1,20,4,-1,-1,-1,-1,-1,-1,0,-1
2024520002880,2024,520002880,1,90,0,7,7,-1,-1,0,0,5,0,0,0,0,1,1,6,6,1,54,8,-1,-1,-1,-1,8,E01014449,0,1
2024522402448,2024,522402448,1,1,0,18,19,9,9,0,0,8,0,0,0,0,9,1,6,6,1,76,11,-1,-1,-1,-1,10,E01014778,0,2
2024340NN1022,2024,340NN1022,2,1,0,-1,19,3,7,-1,0,0,5,0,0,0,4,1,-1,9,1,57,9,-1,-1,-1,-1,2,E01027105,0,1
2024070605598,2024,070605598,2,22,0,-1,-1,4,8,0,0,0,0,0,0,0,4,1,6,6,2,58,9,-1,-1,-1,-1,4,E01033373,0,1
2024010523083,2024,010523083,2,9,0,99,99,9,9,99,99,9,9,99,9,99,1,9,6,6,2,-1,-1,-1,-1,-1,-1,-1,-1,0,-1
2024010530535,2024,010530535,2,9,0,99,99,9,9,99,99,9,9,99,9,99,9,9,6,6,3,-1,-1,-1,-1,-1,-1,-1,-1,0,-1
2024010550854,2024,010550854,1,9,0,99,99,9,9,99,99,9,9,99,9,99,9,9,6,6,3,-1,-1,-1,-1,-1,-1,-1,-1,0,-1
2024340WN5182,2024,340WN5182,1,9,0,-1,19,7,3,-1,0,6,0,0,0,0,4,1,-1,2,1,24,5,-1,-1,-1,-1,10,E01035420,0,1
2024131490217,2024,131490217,1,90,0,-1,9,1,1,-1,0,8,0,0,0,0,1,1,-1,6,1,72,10,-1,-1,-1,-1,8,E01011882,0,1
2024421524813,2024,421524813,1,9,0,-1,-1,-1,-1,-1,-1,-1,-1,-1,-1,0,-1,9,-1,6,3,-1,-1,-1,-1,-1,-1,-1,-1,0,-1
2024201524314,2024,201524314,1,8,0,-1,19,1,5,-1,0,4,0,0,0,0,1,1,-1,6,1,56,9,-1,-1,-1,-1,1,E01010311,0,2
2024361498054,2024,361498054,1,1,0,-1,19,1,5,-1,0,8,0,0,0,0,3,1,-1,9,1,25,5,-1,-1,-1,-1,1,E01026824,0,1
2024061501302,2024,061501302,1,1,0,-1,19,-1,-1,-1,4,8,0,0,0,0,1,1,-1,2,1,32,6,-1,-1,-1,-1,9,E01006178,0,2
2024131468170,2024,131468170,1,9,0,-1,9,2,7,-1,0,8,0,0,0,0,3,1,-1,2,1,65,9,-1,-1,-1,-1,8,E01011884,0,2
2024052402152,2024,052402152,2,1,0,18,19,8,4,0,0,1,0,0,0,0,1,1,6,6,1,-1,-1,-1,-1,-1,-1,-1,-1,0,-1
2024311526338,2024,311526338,1,9,0,-1,5,5,1,-1,0,0,0,4,0,0,1,1,-1,9,1,83,11,-1,-1,-1,-1,2,E01028110,0,1
2024440334836,2024,440334836,2,1,0,18,19,1,0,0,0,8,1,0,0,0,0,1,6,6,1,27,6,-1,-1,-1,-1,5,E01017043,0,1
2024010499061,2024,010499061,1,9,9,99,99,9,9,99,99,9,9,99,0,0,9,9,6,6,3,-1,-1,-1,-1,-1,-1,-1,-1,0,-1
2024010492262,2024,010492262,1,2,3,18,19,5,1,0,0,1,0,0,0,0,1,1,6,6,3,-1,-1,-1,-1,-1,-1,-1,-1,0,-1
2024471452050,2024,471452050,1,97,0,-1,-1,-1,-1,-1,-1,0,-1,-1,-1,-1,-1,1,-1,6,1,-1,-1,-1,-1,-1,-1,-1,-1,0,-1
2024991444541,2024,991444541,2,9,0,-1,19,3,7,-1,0,0,0,0,0,0,2,1,-1,9,2,34,6,-1,-1,-1,-1,4,-1,0,2
2024010509640,2024,010509640,2,1,0,18,19,6,2,0,0,1,0,0,0,0,1,1,1,1,1,21,5,-1,-1,-1,-1,6,E01003218,0,1
2024131417391,2024,131417391,2,1,0,-1,19,5,1,-1,0,8,0,0,0,0,1,1,-1,6,-1,-1,-1,-1,-1,-1,-1,-1,-1,0,-1
2024010491315,2024,010491315,1,9,0,18,19,7,3,0,0,0,0,4,0,0,1,1,6,6,3,-1,-1,-1,-1,-1,-1,2,E01002073,0,1
2024520401925,2024,520401925,1,9,0,18,19,4,7,0,0,0,0,0,0,0,1,1,6,6,1,20,4,-1,-1,-1,-1,5,E01029108,0,1
2024010549098,2024,010549098,1,1,0,3,3,1,5,9,9,1,0,0,0,0,2,1,6,6,2,27,6,-1,-1,-1,-1,2,E01004040,0,1
2024010511981,2024,010511981,2,1,0,15,15,3,7,4,4,1,0,0,0,0,1,1,6,6,1,19,4,-1,-1,-1,-1,6,E01004497,0,1
2024302400966,2024,302400966,1,21,0,18,19,3,6,0,0,4,0,0,0,0,1,1,1,1,1,49,8,-1,-1,-1,-1,-1,-1,0,-1
2024010525320,2024,010525320,2,9,0,18,19,5,1,0,0,1,0,0,0,0,1,1,6,6,3,-1,-1,-1,-1,-1,-1,-1,-1,0,-1
2024010499668,2024,010499668,1,1,9,99,99,9,9,99,99,9,9,99,9,99,1,1,2,2,1,29,6,-1,-1,-1,-1,3,E01004323,0,2
2024010513576,2024,010513576,2,1,0,18,19,1,5,0,0,2,0,0,0,0,4,1,6,6,1,14,3,-1,-1,-1,-1,4,E01003730,0,1
2024440051203,2024,440051203,1,1,0,18,19,1,5,0,0,1,0,0,0,0,1,1,6,6,1,59,9,-1,-1,-1,-1,2,E01016415,0,4
2024131439576,2024,131439576,1,9,0,-1,19,2,5,-1,0,0,0,0,7,0,1,1,-1,7,2,35,6,-1,-1,-1,-1,10,E01034976,0,2
2024161503580,2024,161503580,2,11,0,-1,19,1,5,-1,0,1,0,0,0,0,1,1,-1,1,1,74,10,-1,-1,-1,-1,7,E01012794,0,2
2024010494405,2024,010494405,1,3,0,6,6,1,1,0,0,0,2,10,0,0,3,1,6,6,1,28,6,-1,-1,-1,-1,4,E01001005,0,2
2024552400792,2024,552400792,2,1,0,18,19,2,6,0,0,0,0,0,0,0,1,1,6,6,1,27,6,-1,-1,-1,-1,2,E01015273,0,1
2024351491014,2024,351491014,2,1,0,-1,19,7,3,-1,0,2,0,0,0,0,1,1,-1,2,1,20,4,-1,-1,-1,-1,9,E01018008,0,1
2024031462004,2024,031462004,1,9,0,-1,19,7,3,-1,0,0,0,0,0,0,1,1,-1,1,1,38,7,-1,-1,-1,-1,5,E01019220,0,1
2024010517731,2024,010517731,1,1,0,18,19,3,7,0,0,0,0,0,0,0,2,1,6,6,1,16,4,-1,-1,-1,-1,2,E01003168,0,1
2024010490032,2024,010490032,2,9,9,99,99,9,9,99,99,9,9,99,9,99,9,9,6,6,3,-1,-1,-1,-1,-1,-1,-1,-1,0,-1
2024340WN5992,2024,340WN5992,1,9,0,-1,19,5,1,-1,0,1,0,0,0,0,1,1,-1,9,1,63,9,-1,-1,-1,-1,8,E01025881,0,4
2024010526777,2024,010526777,1,1,9,99,99,9,9,99,99,9,9,99,9,99,9,1,2,2,2,44,7,-1,-1,-1,-1,4,E01001497,0,1
2024010545084,2024,010545084,2,9,0,99,99,9,9,99,99,9,9,99,9,99,9,9,6,6,3,-1,-1,-1,-1,-1,-1,-1,-1,0,-1
2024070883517,2024,070883517,1,9,0,-1,19,6,7,-1,-1,7,1,10,1,4,2,1,-1,9,1,50,8,-1,-1,-1,-1,8,E01030785,0,5
2024010504443,2024,010504443,1,1,9,99,99,9,9,99,99,9,9,99,9,99,9,1,2,2,1,48,8,-1,-1,-1,-1,9,E01001377,0,1
2024101439938,2024,101439938,1,9,0,-1,9,3,3,-1,0,1,5,4,0,0,3,1,-1,6,1,38,7,-1,-1,-1,-1,1,E01008201,0,1
2024010499662,2024,010499662,1,9,0,18,19,3,7,0,0,8,0,10,0,0,1,1,6,6,3,-1,-1,-1,-1,-1,-1,-1,-1,0,-1
2024320058666,2024,320058666,1,9,0,-1,-1,8,4,0,0,2,5,10,0,0,1,1,-1,-1,1,28,6,-1,-1,-1,-1,1,E01026126,0,1
2024101398053,2024,101398053,1,9,0,-1,19,5,1,-1,0,1,0,0,0,0,1,1,-1,6,1,31,6,-1,-1,-1,-1,4,E01027435,0,1
2024010519132,2024,010519132,1,1,0,18,19,3,7,0,0,0,5,0,0,0,1,1,6,6,1,34,6,-1,-1,-1,-1,6,E01034579,0,1
2024631472022,2024,631472022,2,9,4,-1,19,6,2,-1,0,8,0,0,0,0,0,1,-1,2,1,62,9,-1,-1,-1,-1,5,W01000846,0,4
2024131416380,2024,131416380,1,9,0,-1,19,3,7,-1,0,1,0,0,0,0,1,1,-1,9,1,64,9,-1,-1,-1,-1,2,E01011002,0,1
2024010543897,2024,010543897,1,9,0,17,19,1,5,0,0,8,0,0,0,0,1,1,6,6,1,69,10,-1,-1,-1,-1,7,E01033493,0,1
2024201428047,2024,201428047,1,9,0,-1,5,3,7,-1,0,2,0,0,0,0,1,1,-1,6,1,30,6,-1,-1,-1,-1,-1,-1,0,-1
2024010495687,2024,010495687,1,3,0,13,13,3,7,0,0,0,0,11,0,0,1,1,1,1,1,24,5,-1,-1,-1,-1,6,E01002170,0,3
2024122400696,2024,122400696,1,19,0,1,1,1,5,0,0,1,0,0,0,0,2,1,6,6,1,75,10,-1,-1,-1,-1,8,E01027839,0,1
2024041395918,2024,041395918,2,9,0,-1,19,8,8,-1,0,4,0,0,0,0,3,1,-1,9,1,47,8,-1,-1,-1,-1,8,E01024956,0,3
2024430224584,2024,430224584,2,1,4,18,19,7,3,0,0,8,0,0,0,0,1,1,6,6,2,32,6,-1,-1,-1,-1,7,E01028493,0,1
2024991458603,2024,991458603,1,21,4,-1,19,6,1,-1,0,0,0,0,0,0,2,9,-1,6,1,25,5,-1,-1,-1,-1,-1,-1,0,-1
2024010488248,2024,010488248,1,9,9,99,99,9,9,99,99,0,9,99,9,99,9,9,6,6,3,-1,-1,-1,-1,-1,-1,-1,-1,0,-1
2024231482680,2024,231482680,1,9,0,-1,19,4,8,-1,0,1,0,0,0,0,1,9,-1,6,1,38,7,-1,-1,-1,-1,-1,-1,0,-1
2024111398182,2024,111398182,1,9,0,-1,19,5,1,-1,0,0,0,0,0,0,4,1,-1,9,1,33,6,-1,-1,-1,-1,1,E01020727,0,4
2024991460199,2024,991460199,1,9,0,-1,19,5,1,-1,0,0,2,0,1,0,1,1,-1,9,1,19,4,-1,-1,-1,-1,-1,-1,0,-1
2024010539383,2024,010539383,2,1,0,9,9,5,2,0,0,1,0,0,0,0,4,1,6,6,1,19,4,-1,-1,-1,-1,4,E01000507,0,2
2024010528020,2024,010528020,1,-1,0,18,19,1,5,0,0,0,0,0,0,0,1,1,6,6,3,-1,-1,-1,-1,-1,-1,-1,-1,1,-1
2024070300974,2024,070300974,1,9,0,18,19,1,5,0,0,1,0,0,0,0,1,1,6,6,3,-1,-1,-1,-1,-1,-1,-1,-1,0,-1
2024161510571,2024,161510571,2,1,0,-1,99,7,3,-1,99,0,1,0,0,0,1,1,-1,6,3,17,4,-1,-1,-1,-1,-1,-1,0,-1
2024471520724,2024,471520724,1,9,0,-1,19,8,4,-1,0,0,0,11,0,0,1,1,-1,9,1,60,9,-1,-1,-1,-1,5,E01021113,0,4
2024430034961,2024,430034961,2,9,0,12,12,2,6,0,0,8,0,0,0,0,3,1,6,6,3,-1,-1,-1,-1,-1,-1,-1,-1,0,-1
2024070377576,2024,070377576,2,9,0,18,19,1,5,0,0,1,0,0,0,0,1,1,6,6,1,57,9,-1,-1,-1,-1,4,E01012468,0,1
2024522401824,2024,522401824,3,9,0,3,3,2,6,0,0,1,0,0,0,0,2,1,6,6,2,62,9,-1,-1,-1,-1,8,E01014797,0,1
2024520401092,2024,520401092,1,9,0,18,19,3,7,0,0,8,0,0,0,0,4,1,6,6,1,58,9,-1,-1,-1,-1,5,E01029071,0,1
2024221434661,2024,221434661,2,1,0,-1,9,1,6,-1,0,8,0,0,0,0,4,1,-1,6,1,59,9,-1,-1,-1,-1,-1,-1,0,-1
2024010500485,2024,010500485,2,1,0,18,19,5,1,0,0,1,0,0,0,0,1,1,6,6,1,58,9,-1,-1,-1,-1,10,E01003671,0,1
2024332400219,2024,332400219,1,9,0,-1,19,5,1,-1,0,0,0,0,4,6,1,1,-1,9,1,52,8,-1,-1,-1,-1,2,E01025700,0,3
2024421414478,2024,421414478,2,9,0,-1,4,6,2,-1,0,1,0,0,0,0,2,1,-1,6,1,37,7,-1,-1,-1,-1,4,E01021842,0,1
2024010512197,2024,010512197,2,1,0,3,3,1,5,9,9,0,0,0,0,0,4,1,6,6,1,32,6,-1,-1,-1,-1,2,E01001076,0,1
202454D993824,2024,54D993824,1,9,0,18,19,5,1,0,0,0,0,0,0,0,1,1,6,6,2,33,6,-1,-1,-1,-1,8,E01015534,0,1
2024141428311,2024,141428311,2,1,0,-1,19,5,1,-1,0,1,5,0,1,0,4,1,-1,6,1,23,5,-1,-1,-1,-1,9,E01008050,0,1
2024010536202,2024,010536202,1,1,9,99,99,9,9,99,99,9,9,99,9,99,9,1,6,6,2,59,9,-1,-1,-1,-1,4,E01000489,0,1
2024430009724,2024,430009724,8,9,0,18,19,8,4,0,0,0,0,0,0,0,1,1,6,6,2,31,6,-1,-1,-1,-1,5,E01032516,0,4
2024010488341,2024,010488341,1,3,0,99,99,9,9,99,99,0,9,99,9,99,9,1,1,1,1,42,7,-1,-1,-1,-1,2,E01001977,0,3
2024010530270,2024,010530270,1,19,0,8,8,7,1,0,0,5,0,0,0,0,1,1,2,2,1,23,5,-1,-1,-1,-1,3,E01003431,0,2
2024522402432,2024,522402432,1,1,0,18,19,4,8,0,0,8,0,0,0,0,1,1,6,6,1,11,3,-1,-1,-1,-1,-1,-1,0,-1
2024131486883,2024,131486883,1,98,0,-1,-1,-1,-1,-1,0,0,-1,-1,-1,0,2,1,-1,6,3,-1,-1,-1,-1,-1,-1,-1,-1,0,-1
2024010535910,2024,010535910,1,1,9,99,99,9,9,99,99,9,9,99,9,99,1,1,2,2,1,50,8,-1,-1,-1,-1,6,E01003345,0,1
2024549494324,2024,549494324,1,9,0,9,9,6,4,0,0,8,0,0,0,0,1,1,2,2,1,32,6,-1,-1,-1,-1,8,E01022298,0,4
2024141524719,2024,141524719,1,9,0,-1,2,0,0,-1,0,0,0,0,0,0,1,1,-1,9,2,43,7,-1,-1,-1,-1,2,E01007717,0,1
2024610017024,2024,610017024,4,9,0,2,2,0,0,0,0,0,0,0,0,0,1,1,6,6,3,-1,-1,-1,-1,-1,-1,-1,-1,0,-1
2024471527892,2024,471527892,1,9,0,-1,19,6,2,-1,0,1,0,0,0,0,3,1,-1,6,3,-1,-1,-1,-1,-1,-1,-1,-1,0,-1
2024010550220,2024,010550220,1,1,0,18,19,2,6,0,0,1,5,0,0,0,2,1,6,6,1,35,6,-1,-1,-1,-1,6,E01002742,0,1
2024010493985,2024,010493985,2,8,0,99,99,9,9,99,99,9,9,99,9,99,1,9,6,6,3,45,7,-1,-1,-1,-1,4,E01003177,0,1
2024991499660,2024,991499660,1,-1,0,-1,19,1,5,-1,0,0,0,0,1,0,1,1,-1,6,2,17,4,-1,-1,-1,-1,1,-1,1,1
2024411430107,2024,411430107,1,9,0,-1,9,4,8,-1,0,1,0,0,0,0,3,1,-1,9,2,76,11,-1,-1,-1,-1,10,E01023362,0,1
2024622400749,2024,622400749,2,1,0,18,19,2,6,0,0,1,0,0,0,0,1,1,6,6,1,51,8,-1,-1,-1,-1,10,W01001892,0,3
2024161502162,2024,161502162,1,9,0,-1,12,4,8,-1,0,2,0,0,0,0,1,1,-1,9,1,63,9,-1,-1,-1,-1,9,E01013216,0,1
2024010515947,2024,010515947,2,19,0,99,99,9,9,99,99,9,9,99,9,99,1,9,6,6,3,-1,-1,-1,-1,-1,-1,-1,-1,0,-1
2024010488198,2024,010488198,1,9,0,14,14,1,5,0,0,2,0,4,1,11,1,1,6,6,2,78,11,-1,-1,-1,-1,7,E01001401,0,1
2024010495407,2024,010495407,1,9,0,11,11,5,1,0,0,0,0,0,0,0,1,1,6,6,3,-1,-1,-1,-1,-1,-1,-1,-1,0,-1
2024010540771,2024,010540771,2,9,0,99,99,9,9,99,99,9,9,99,9,99,2,9,6,6,3,-1,-1,-1,-1,-1,-1,-1,-1,0,-1
2024010538753,2024,010538753,1,9,9,99,99,9,9,99,99,9,9,99,9,99,9,1,6,6,3,-1,-1,-1,-1,-1,-1,-1,-1,0,-1
2024010488444,2024,010488444,2,9,0,3,3,7,3,0,0,1,0,0,0,0,2,1,2,2,2,48,8,-1,-1,-1,-1,7,E01003853,0,1
2024010490858,2024,010490858,2,8,0,99,99,9,9,99,99,0,9,99,9,99,1,9,6,6,3,-1,-1,-1,-1,-1,-1,5,E01000375,0,4
2024010501798,2024,010501798,1,1,9,99,99,9,9,99,99,0,9,8,9,99,1,1,2,2,1,55,8,-1,-1,-1,-1,4,E01003062,0,3
2024461409756,2024,461409756,2,21,1,-1,4,3,7,-1,0,0,0,0,0,0,2,2,-1,1,1,41,7,-1,-1,-1,-1,-1,-1,0,-1
2024052400335,2024,052400335,2,1,0,5,5,7,3,0,0,1,0,0,0,0,3,1,4,7,2,12,3,-1,-1,-1,-1,1,E01007293,0,1
2024361397560,2024,361397560,1,9,0,-1,3,2,4,-1,0,0,0,0,0,0,3,1,-1,6,2,34,6,-1,-1,-1,-1,2,E01026477,0,1
2024361502011,2024,361502011,2,1,-1,-1,19,-1,-1,-1,0,0,0,0,0,0,-1,1,-1,6,1,40,7,-1,-1,-1,-1,7,E01026885,0,2
2024101398126,2024,101398126,2,1,0,-1,19,5,1,-1,0,1,0,0,0,0,1,1,-1,9,1,48,8,-1,-1,-1,-1,2,E01008221,0,1
2024340NN3152,2024,340NN3152,1,9,0,-1,19,2,6,-1,0,0,0,0,0,0,1,1,-1,6,1,-1,-1,-1,-1,-1,-1,-1,-1,0,-1
2024010492544,2024,010492544,2,9,0,99,99,9,9,99,99,9,9,99,9,99,1,9,6,6,3,-1,-1,-1,-1,-1,-1,-1,-1,0,-1
2024010496774,2024,010496774,1,5,0,99,99,9,9,99,99,9,9,99,9,99,9,1,1,1,3,37,7,-1,-1,-1,-1,3,E01001858,0,1
2024141500789,2024,141500789,2,1,0,-1,19,1,5,-1,0,0,1,0,0,0,1,1,-1,6,1,45,7,-1,-1,-1,-1,3,E01033268,0,1
2024440492597,2024,440492597,2,-1,0,7,7,5,7,0,0,1,0,0,0,0,1,1,6,6,1,44,7,-1,-1,-1,-1,1,E01017077,1,1
2024332400738,2024,332400738,1,22,0,-1,19,4,8,-1,9,0,0,0,0,0,1,1,-1,9,1,94,11,-1,-1,-1,-1,7,E01025682,0,1
2024131536447,2024,131536447,1,9,0,-1,19,3,7,-1,0,2,0,0,0,0,4,1,-1,9,1,24,5,-1,-1,-1,-1,2,E01011237,0,2
2024421490095,2024,421490095,2,1,0,-1,19,7,1,-1,0,1,0,0,0,0,3,1,-1,6,1,30,6,-1,-1,-1,-1,5,E01030105,0,2
2024471444714,2024,471444714,2,90,0,-1,19,3,7,-1,4,1,0,0,0,0,3,1,-1,6,1,40,7,-1,-1,-1,-1,7,E01016916,0,2
2024991516971,2024,991516971,1,9,0,-1,19,8,4,-1,0,2,0,0,0,0,3,1,-1,9,1,25,5,-1,-1,-1,-1,5,-1,0,1
2024461419162,2024,461419162,2,1,0,-1,19,2,6,-1,0,2,0,0,0,0,4,1,-1,6,2,48,8,-1,-1,-1,-1,4,E01024841,0,1
2024010544396,2024,010544396,2,1,9,99,99,9,9,99,99,9,9,99,9,99,1,1,2,2,1,45,7,-1,-1,-1,-1,8,E01004074,0,1
2024141418753,2024,141418753,2,9,0,-1,13,1,5,-1,0,1,0,0,0,0,1,1,-1,6,1,76,11,-1,-1,-1,-1,10,E01007861,0,1
2024010537891,2024,010537891,1,9,0,99,99,9,9,0,0,9,0,99,0,0,0,9,6,6,1,-1,-1,-1,-1,-1,-1,-1,-1,0,-1
2024340WN2712,2024,340WN2712,2,9,0,-1,19,5,1,-1,0,0,0,0,0,0,2,1,-1,9,2,49,8,-1,-1,-1,-1,5,E01027114,0,2
2024010516748,2024,010516748,2,9,0,18,19,3,7,0,0,0,0,0,0,0,1,1,6,6,3,-1,-1,-1,-1,-1,-1,-1,-1,0,-1
2024610012424,2024,610012424,1,9,0,10,10,1,5,0,0,2,0,0,0,0,2,1,6,6,2,78,11,-1,-1,-1,-1,5,W01001980,0,1
2024481471137,2024,481471137,1,11,0,-1,4,1,5,-1,0,0,0,0,0,0,0,1,-1,1,1,45,7,-1,-1,-1,-1,-1,-1,0,-1
202417M107524,2024,17M107524,2,9,0,-1,3,6,2,-1,0,7,0,0,0,0,2,1,-1,9,1,43,7,-1,-1,-1,-1,8,E01012067,0,1
2024052402295,2024,052402295,1,9,0,18,19,6,2,0,0,1,0,0,0,0,0,1,1,1,3,-1,-1,-1,-1,-1,-1,-1,-1,0,-1
2024522401848,2024,522401848,2,9,0,18,19,4,8,0,0,8,0,0,0,0,1,1,6,6,3,-1,-1,-1,-1,-1,-1,-1,-1,0,-1
2024010488216,2024,010488216,2,9,9,99,99,9,9,99,99,9,9,99,9,99,9,9,6,6,3,-1,-1,-1,-1,-1,-1,-1,-1,0,-1
2024041427889,2024,041427889,1,97,0,-1,19,-1,-1,-1,9,0,0,10,1,0,1,1,-1,6,3,-1,-1,-1,-1,-1,-1,-1,-1,0,-1