collision_index,collision_year,collision_ref_no,vehicle_reference,vehicle_type,towing_and_articulation,vehicle_manoeuvre_historic,vehicle_manoeuvre,vehicle_direction_from,vehicle_direction_to,vehicle_location_restricted_lane_historic,vehicle_location_restricted_lane,junction_location,skidding_and_overturning,hit_object_in_carriageway,vehicle_leaving_carriageway,hit_object_off_carriageway,first_point_of_impact,vehicle_left_hand_drive,journey_purpose_of_driver_historic,journey_purpose_of_driver,sex_of_driver,age_of_driver,age_band_of_driver,engine_capacity_cc,propulsion_code,age_of_vehicle,generic_make_model,driver_imd_decile,lsoa_of_driver,escooter_flag,driver_distance_banding
2024010491937,2024,010491937,1,3,0,18,19,6,2,0,0,1,0,0,7,0,2,1,6,6,2,27,6,-1,-1,-1,-1,2,E01000743,0,1
2024471437500,2024,471437500,1,9,0,-1,-1,-1,-1,-1,0,1,0,0,0,0,-1,9,-1,6,3,-1,-1,-1,-1,-1,-1,-1,-1,0,-1
2024010508541,2024,010508541,2,9,0,99,99,9,9,99,99,9,9,99,9,99,9,9,6,6,3,-1,-1,-1,-1,-1,-1,-1,-1,0,-1
2024010489909,2024,010489909,1,9,0,9,9,5,2,0,0,8,0,0,0,0,1,1,6,6,1,20,4,-1,-1,-1,-1,3,E01034142,0,1
2024131416006,2024,131416006,1,90,0,-1,1,1,5,-1,0,0,0,0,0,0,2,1,-1,6,-1,-1,-1,-1,-1,-1,-1,-1,-1,0,-1
2024451520502,2024,451520502,2,21,1,-1,12,7,3,-1,0,0,0,0,1,99,3,2,-1,6,1,25,5,-1,-1,-1,-1,-1,-1,0,-1
2024340WN3452,2024,340WN3452,3,9,0,-1,19,3,7,-1,0,0,0,0,0,0,3,1,-1,9,1,38,7,-1,-1,-1,-1,2,E01027351,0,4
2024991520275,2024,991520275,2,1,0,-1,19,1,5,-1,0,1,0,0,1,11,1,1,-1,6,1,28,6,-1,-1,-1,-1,8,-1,0,1
2024010494975,2024,010494975,1,9,0,18,19,3,7,0,0,1,0,4,0,0,1,1,6,6,1,28,6,-1,-1,-1,-1,4,E01033711,0,1
2024201408562,2024,201408562,3,90,0,-1,3,1,5,-1,0,0,0,0,0,0,2,1,-1,1,1,16,4,-1,-1,-1,-1,-1,-1,0,-1
2024010487451,2024,010487451,1,4,0,99,99,9,9,99,99,9,9,99,9,99,9,1,6,6,3,-1,-1,-1,-1,-1,-1,-1,-1,0,-1
2024010541709,2024,010541709,3,1,0,7,7,5,7,0,0,2,0,0,0,0,1,1,6,6,1,42,7,-1,-1,-1,-1,5,E01002529,0,3
2024010527082,2024,010527082,2,1,0,18,19,1,5,0,0,8,5,0,0,0,1,1,1,1,1,24,5,-1,-1,-1,-1,7,E01001495,0,1
2024461457427,2024,461457427,1,9,-1,-1,19,-1,-1,-1,-1,0,-1,-1,-1,0,1,9,-1,6,3,-1,-1,-1,-1,-1,-1,-1,-1,0,-1
2024361477254,2024,361477254,1,9,0,-1,19,1,5,-1,0,2,0,0,0,0,1,1,-1,9,1,30,6,-1,-1,-1,-1,9,E01035085,0,5
2024052402276,2024,052402276,1,9,0,1,1,2,1,0,0,0,0,0,0,0,1,1,6,6,1,30,6,-1,-1,-1,-1,10,E01019362,0,4
2024061494663,2024,061494663,1,1,0,-1,2,-1,-1,-1,9,9,0,8,0,0,1,1,-1,9,1,43,7,-1,-1,-1,-1,1,E01005272,0,1
2024351423135,2024,351423135,2,9,0,-1,19,3,7,-1,0,0,0,0,0,0,1,1,-1,6,1,26,6,-1,-1,-1,-1,2,E01015656,0,1
2024010498408,2024,010498408,2,9,9,99,99,9,9,99,99,9,9,99,9,99,9,9,6,6,3,-1,-1,-1,-1,-1,-1,-1,-1,0,-1
2024430369295,2024,430369295,1,9,0,18,19,2,6,0,0,8,-1,0,0,0,1,1,6,6,1,19,4,-1,-1,-1,-1,9,E01017695,0,2
2024041398705,2024,041398705,2,9,0,-1,19,3,7,-1,0,1,0,0,0,0,1,2,-1,9,1,25,5,-1,-1,-1,-1,4,E01024975,0,1
2024610057424,2024,610057424,1,97,0,17,19,3,1,0,0,3,0,0,0,0,4,1,6,6,1,53,8,-1,-1,-1,-1,6,W01001327,0,1
2024010493381,2024,010493381,1,4,0,99,99,9,9,99,99,9,9,99,9,99,9,1,6,6,1,22,5,-1,-1,-1,-1,3,E01035499,0,1
2024010516409,2024,010516409,1,1,0,18,19,5,1,5,5,6,0,0,0,0,1,1,6,6,3,23,5,-1,-1,-1,-1,4,E01002695,0,1
2024430293550,2024,430293550,4,9,0,18,19,4,8,0,0,0,0,0,0,0,0,1,6,6,3,-1,-1,-1,-1,-1,-1,-1,-1,0,-1
2024501478618,2024,501478618,1,9,0,-1,10,3,7,-1,0,1,0,0,0,0,3,1,-1,9,1,58,9,-1,-1,-1,-1,4,E01018781,0,1
2024010506009,2024,010506009,1,9,0,9,9,5,3,0,0,1,0,0,0,0,3,1,6,6,1,50,8,-1,-1,-1,-1,4,E01004572,0,2
2024440114073,2024,440114073,1,1,0,18,19,8,4,0,0,0,0,0,0,0,3,1,6,6,1,38,7,-1,-1,-1,-1,4,E01017081,0,1
2024211516304,2024,211516304,1,9,0,-1,1,1,1,-1,0,0,0,0,0,0,2,9,-1,6,3,40,7,-1,-1,-1,-1,-1,-1,0,-1
2024010512104,2024,010512104,2,-1,0,18,19,5,1,9,9,1,0,0,0,0,3,1,6,6,1,15,3,-1,-1,-1,-1,5,E01003000,1,1
2024440240519,2024,440240519,1,1,0,18,19,5,1,0,0,0,0,0,0,0,0,1,6,6,1,53,8,-1,-1,-1,-1,10,E01032006,0,3
2024991459590,2024,991459590,1,11,0,-1,19,8,4,-1,9,1,0,0,7,10,1,1,-1,1,1,54,8,-1,-1,-1,-1,3,-1,0,2
2024010490858,2024,010490858,1,9,0,99,99,9,9,99,99,0,9,99,9,99,2,9,6,6,2,57,9,-1,-1,-1,-1,2,E01002879,0,1
2024010490749,2024,010490749,3,9,0,2,2,0,0,0,0,8,0,0,0,0,3,1,6,6,3,-1,-1,-1,-1,-1,-1,-1,-1,0,-1
2024131527133,2024,131527133,2,90,0,-1,19,7,3,-1,4,0,0,0,0,0,2,1,-1,6,1,32,6,-1,-1,-1,-1,1,E01011363,0,1
2024010546580,2024,010546580,1,9,0,18,19,7,3,9,9,2,0,10,1,10,1,1,6,6,3,-1,-1,-1,-1,-1,-1,-1,-1,0,-1
2024522402213,2024,522402213,1,1,0,18,19,1,5,4,4,1,0,0,0,0,9,1,6,6,1,53,8,-1,-1,-1,-1,8,E01014514,0,1
2024010495385,2024,010495385,3,9,0,2,2,0,0,0,0,0,0,0,0,0,3,1,6,6,3,-1,-1,-1,-1,-1,-1,-1,-1,0,-1
2024010494101,2024,010494101,2,9,0,99,99,9,9,99,99,9,9,99,9,99,9,9,6,6,3,-1,-1,-1,-1,-1,-1,-1,-1,0,-1
2024141493819,2024,141493819,1,9,0,-1,19,5,1,-1,0,0,0,0,0,0,1,9,-1,6,1,-1,-1,-1,-1,-1,-1,-1,-1,0,-1
2024430472850,2024,430472850,2,1,0,18,19,4,8,0,0,1,0,0,0,0,1,1,3,7,1,12,3,-1,-1,-1,-1,5,E01016434,0,1
2024061403894,2024,061403894,2,9,0,-1,3,8,5,-1,0,1,0,0,0,0,2,1,-1,2,1,40,7,-1,-1,-1,-1,5,E01005520,0,1
2024010514666,2024,010514666,2,1,0,18,19,1,5,0,0,2,1,0,0,0,1,1,6,6,1,17,4,-1,-1,-1,-1,2,E01004007,0,1
2024010489125,2024,010489125,1,9,0,99,99,9,9,99,99,9,9,99,9,99,4,9,6,6,1,29,6,-1,-1,-1,-1,5,E01002330,0,1
2024010532452,2024,010532452,1,1,0,18,19,5,1,0,0,8,0,0,0,0,4,1,6,6,1,42,7,-1,-1,-1,-1,5,E01003034,0,1
2024302401481,2024,302401481,1,90,0,5,5,3,7,0,0,1,0,0,0,0,3,1,6,6,1,-1,-1,-1,-1,-1,-1,7,E01019814,0,1
2024991485787,2024,991485787,1,9,3,-1,19,3,7,-1,0,0,0,0,0,0,3,2,-1,9,1,49,8,-1,-1,-1,-1,-1,-1,0,-1
2024340WN6942,2024,340WN6942,3,9,0,-1,19,8,4,-1,0,1,0,0,0,0,0,1,-1,6,3,-1,-1,-1,-1,-1,-1,-1,-1,0,-1
2024991491571,2024,991491571,1,19,0,-1,19,2,6,-1,0,8,0,0,0,0,1,1,-1,6,1,54,8,-1,-1,-1,-1,2,-1,0,2
2024610017024,2024,610017024,2,19,0,18,19,4,8,0,0,0,0,0,0,0,1,1,1,1,1,47,8,-1,-1,-1,-1,1,W01001652,0,3
2024461440713,2024,461440713,2,9,0,-1,3,5,1,-1,0,0,0,0,0,0,2,1,-1,2,1,55,8,-1,-1,-1,-1,-1,-1,0,-1
2024010517467,2024,010517467,2,1,0,5,5,7,3,0,0,4,0,0,0,0,1,1,6,6,1,24,5,-1,-1,-1,-1,5,E01002621,0,1
2024122500151,2024,122500151,1,1,0,18,19,8,4,0,0,0,0,0,0,0,1,1,6,6,3,-1,-1,-1,-1,-1,-1,-1,-1,0,-1
2024461411690,2024,461411690,1,19,4,-1,19,3,7,-1,0,0,0,0,0,0,-1,9,-1,6,3,-1,-1,-1,-1,-1,-1,-1,-1,0,-1
202417M110424,2024,17M110424,1,9,0,-1,19,1,5,-1,0,0,0,0,0,0,4,1,-1,6,3,-1,-1,-1,-1,-1,-1,-1,-1,0,-1
2024131523689,2024,131523689,2,20,0,-1,19,6,2,-1,0,0,0,0,0,0,3,1,-1,2,1,31,6,-1,-1,-1,-1,1,E01011790,0,2
2024440163433,2024,440163433,1,9,0,18,19,1,5,0,0,1,0,0,0,0,4,1,6,6,1,-1,-1,-1,-1,-1,-1,-1,-1,0,-1
2024131408535,2024,131408535,1,9,0,-1,5,5,7,-1,0,0,0,0,0,0,4,2,-1,2,1,46,8,-1,-1,-1,-1,1,E01010611,0,1
2024211458489,2024,211458489,1,9,0,-1,11,1,5,-1,0,0,0,0,0,0,3,1,-1,6,3,50,8,-1,-1,-1,-1,-1,-1,0,-1
2024531537879,2024,531537879,1,9,0,-1,9,4,7,-1,0,8,0,0,0,0,1,9,-1,6,3,-1,-1,-1,-1,-1,-1,-1,-1,0,-1
2024010505950,2024,010505950,2,1,0,18,19,3,7,0,0,8,0,0,0,0,4,1,6,6,1,49,8,-1,-1,-1,-1,8,E01021798,0,3
2024545318924,2024,545318924,2,19,0,18,19,3,7,0,0,1,0,0,0,0,1,1,1,1,1,49,8,-1,-1,-1,-1,6,E01002792,0,5
2024010543937,2024,010543937,1,9,0,18,19,5,1,0,0,4,0,0,0,0,1,1,6,6,1,20,4,-1,-1,-1,-1,10,E01030398,0,1
2024052401531,2024,052401531,2,1,0,18,19,8,4,0,0,0,0,0,0,0,2,1,4,7,1,12,3,-1,-1,-1,-1,1,E01006678,0,1
2024201424779,2024,201424779,2,9,0,-1,19,4,8,-1,0,2,0,0,0,0,1,1,-1,6,3,50,8,-1,-1,-1,-1,-1,-1,0,-1
2024461482873,2024,461482873,1,9,0,-1,19,3,7,-1,0,0,0,0,0,0,1,9,-1,6,1,-1,-1,-1,-1,-1,-1,2,E01024627,0,4
2024161529424,2024,161529424,1,98,0,-1,19,1,5,-1,0,1,0,0,0,0,1,1,-1,6,3,-1,-1,-1,-1,-1,-1,-1,-1,0,-1
2024361485420,2024,361485420,2,1,0,-1,10,5,2,-1,0,1,0,0,0,0,1,1,-1,2,1,57,9,-1,-1,-1,-1,7,E01026885,0,1
2024430623220,2024,430623220,2,9,0,18,19,6,2,0,0,0,0,0,0,0,1,1,6,6,3,-1,-1,-1,-1,-1,-1,-1,-1,0,-1
2024010491134,2024,010491134,2,9,0,9,9,5,2,0,0,6,0,0,0,0,3,1,6,6,1,62,9,-1,-1,-1,-1,7,E01002187,0,1
2024340NN4732,2024,340NN4732,1,9,0,-1,19,3,7,-1,0,4,0,0,0,0,3,1,-1,6,3,-1,-1,-1,-1,-1,-1,-1,-1,0,-1
2024411450179,2024,411450179,2,9,-1,-1,9,5,2,-1,0,1,0,0,0,0,0,9,-1,6,3,-1,-1,-1,-1,-1,-1,-1,-1,0,-1
2024161522984,2024,161522984,2,1,0,-1,19,5,1,-1,0,0,0,0,0,0,1,1,-1,2,1,33,6,-1,-1,-1,-1,1,E01013331,0,1
2024501508924,2024,501508924,2,1,0,-1,19,6,2,-1,0,1,5,0,0,0,1,1,-1,9,1,33,6,-1,-1,-1,-1,6,E01020204,0,3
2024161482829,2024,161482829,2,1,0,-1,19,1,5,-1,0,0,0,0,0,0,4,1,-1,9,1,32,6,-1,-1,-1,-1,4,E01012767,0,1
2024481561738,2024,481561738,2,1,0,-1,13,7,3,-1,0,1,0,0,0,0,4,1,-1,2,1,36,7,-1,-1,-1,-1,-1,-1,0,-1
2024471426566,2024,471426566,2,19,0,-1,19,5,2,-1,0,0,0,0,0,0,1,1,-1,2,1,44,7,-1,-1,-1,-1,7,E01031792,0,3
2024131494613,2024,131494613,2,1,0,-1,19,2,6,-1,0,0,0,0,0,0,1,1,-1,2,1,20,4,-1,-1,-1,-1,8,E01032496,0,1
2024401476798,2024,401476798,2,9,0,-1,19,8,4,-1,0,0,0,0,0,0,2,1,-1,9,1,47,8,-1,-1,-1,-1,6,E01003951,0,4
2024010503979,2024,010503979,2,1,0,18,19,3,7,0,0,6,0,0,0,0,4,1,2,2,1,60,9,-1,-1,-1,-1,6,E01001902,0,1
2024411525917,2024,411525917,2,9,0,-1,4,1,6,-1,0,0,0,0,0,0,2,1,-1,9,2,23,5,-1,-1,-1,-1,7,E01023579,0,1
2024471430713,2024,471430713,3,9,0,-1,4,8,4,-1,0,2,0,0,0,0,2,1,-1,2,1,55,8,-1,-1,-1,-1,6,E01031376,0,2
2024201526853,2024,201526853,1,9,0,-1,19,6,2,-1,0,8,0,0,0,0,1,1,-1,9,1,25,5,-1,-1,-1,-1,1,E01008905,0,1
2024141433423,2024,141433423,1,1,0,-1,19,6,3,-1,0,1,1,0,0,0,1,1,-1,9,1,16,4,-1,-1,-1,-1,6,E01008046,0,1
2024010509780,2024,010509780,1,9,0,18,19,3,7,0,0,8,1,0,0,0,1,1,6,6,2,21,5,-1,-1,-1,-1,5,E01002621,0,3
2024010494113,2024,010494113,2,9,9,13,13,9,9,99,99,0,9,99,9,99,9,9,6,6,3,-1,-1,-1,-1,-1,-1,-1,-1,0,-1
2024440220602,2024,440220602,2,1,0,18,19,2,6,0,0,1,0,0,0,0,1,1,6,6,1,56,9,-1,-1,-1,-1,6,E01023002,0,3
2024010517565,2024,010517565,2,9,0,99,99,9,9,99,99,9,9,99,9,99,9,9,6,6,3,-1,-1,-1,-1,-1,-1,-1,-1,0,-1
2024041467695,2024,041467695,2,9,0,-1,19,1,5,-1,0,0,0,0,0,0,2,9,-1,9,1,54,8,-1,-1,-1,-1,4,E01025216,0,2
2024010503297,2024,010503297,2,-1,0,99,99,9,9,99,99,9,9,99,9,99,9,1,6,6,1,65,9,-1,-1,-1,-1,4,E01000532,1,1
2024131417889,2024,131417889,2,9,0,-1,19,3,7,-1,0,1,0,0,0,0,1,1,-1,9,1,60,9,-1,-1,-1,-1,1,E01011471,0,1
2024122400958,2024,122400958,1,9,0,18,19,1,5,0,0,0,0,7,5,7,1,1,6,6,1,31,6,-1,-1,-1,-1,7,E01033481,0,4
2024010519153,2024,010519153,2,9,0,99,99,9,9,99,99,9,9,99,9,99,1,9,6,6,3,-1,-1,-1,-1,-1,-1,5,E01003690,0,3
2024041531697,2024,041531697,1,97,0,-1,19,1,5,-1,0,0,1,0,0,0,3,1,-1,9,1,73,10,-1,-1,-1,-1,4,E01011858,0,4
2024552400093,2024,552400093,2,1,0,18,19,2,8,0,0,8,0,0,0,0,3,1,2,2,1,54,8,-1,-1,-1,-1,5,E01015393,0,1
2024010499528,2024,010499528,2,90,9,99,99,9,9,99,99,9,9,99,9,99,9,9,6,6,3,34,6,-1,-1,-1,-1,-1,-1,0,-1
2024320177069,2024,320177069,3,9,0,2,2,0,0,0,0,2,0,0,0,0,2,1,6,6,1,65,9,-1,-1,-1,-1,5,E01026232,0,1
2024221443731,2024,221443731,2,1,0,-1,19,8,4,-1,0,0,1,0,0,0,1,1,-1,6,1,48,8,-1,-1,-1,-1,7,E01032425,0,2
2024061524706,2024,061524706,2,97,0,-1,19,7,4,-1,0,1,0,0,0,0,4,1,-1,6,1,58,9,-1,-1,-1,-1,7,E01004892,0,2
2024552400488,2024,552400488,1,9,0,18,19,2,6,0,0,4,0,0,0,0,1,1,6,6,1,94,11,-1,-1,-1,-1,8,E01020504,0,1
2024991512745,2024,991512745,2,9,0,-1,5,7,3,-1,0,0,0,0,0,0,3,1,-1,6,1,57,9,-1,-1,-1,-1,8,-1,0,1
2024302400677,2024,302400677,1,9,0,18,19,5,1,0,0,0,1,4,7,4,1,2,2,2,1,64,9,-1,-1,-1,-1,10,E01019670,0,2
2024501469769,2024,501469769,2,9,0,-1,13,1,5,-1,0,2,0,0,0,0,4,1,-1,6,3,-1,-1,-1,-1,-1,-1,-1,-1,0,-1
2024141520775,2024,141520775,1,97,0,-1,7,5,1,-1,0,0,0,0,5,6,3,1,-1,6,1,45,7,-1,-1,-1,-1,1,E01007500,0,1
2024061498198,2024,061498198,1,9,0,-1,9,1,6,-1,0,5,0,0,0,0,3,1,-1,9,1,65,9,-1,-1,-1,-1,4,E01005996,0,1
2024451531268,2024,451531268,2,19,5,-1,19,3,7,-1,0,1,0,0,0,0,1,1,-1,6,3,30,6,-1,-1,-1,-1,-1,-1,0,-1
2024052400196,2024,052400196,1,9,0,18,19,3,7,0,0,8,0,0,0,0,3,1,2,2,1,43,7,-1,-1,-1,-1,2,E01012457,0,3
2024440213481,2024,440213481,1,9,0,18,19,6,2,0,0,0,0,0,0,0,1,1,6,6,1,58,9,-1,-1,-1,-1,9,E01003864,0,4
2024440216727,2024,440216727,2,1,0,18,19,8,4,0,0,0,0,0,0,0,3,1,6,6,1,63,9,-1,-1,-1,-1,6,E01017809,0,4
2024010494865,2024,010494865,2,9,0,99,99,9,9,99,99,9,9,99,9,99,9,9,6,6,3,-1,-1,-1,-1,-1,-1,-1,-1,0,-1
2024531418021,2024,531418021,2,1,0,-1,19,7,3,-1,0,0,0,0,0,0,3,1,-1,9,2,43,7,-1,-1,-1,-1,8,E01022139,0,1
2024520401127,2024,520401127,1,3,0,16,19,3,5,0,0,8,1,0,0,0,4,1,6,6,1,25,5,-1,-1,-1,-1,1,E01029107,0,1
2024522401470,2024,522401470,2,9,9,18,19,9,9,0,0,8,0,0,0,0,1,1,6,6,3,-1,-1,-1,-1,-1,-1,-1,-1,0,-1
2024340NN0322,2024,340NN0322,2,9,0,-1,19,5,1,-1,0,8,0,0,0,0,1,1,-1,9,1,-1,-1,-1,-1,-1,-1,-1,-1,0,-1
2024440210190,2024,440210190,1,9,0,6,6,6,6,0,0,8,0,0,0,0,1,1,6,6,1,83,11,-1,-1,-1,-1,10,E01022852,0,1
2024201401805,2024,201401805,2,9,0,-1,10,3,5,-1,0,1,0,0,0,0,2,1,-1,1,1,25,5,-1,-1,-1,-1,-1,-1,0,-1
2024430074943,2024,430074943,2,9,0,7,7,1,3,0,0,6,0,0,0,0,1,1,6,6,1,32,6,-1,-1,-1,-1,-1,-1,0,-1
2024010510650,2024,010510650,1,1,9,99,99,9,9,99,99,9,9,99,9,99,9,1,2,2,1,62,9,-1,-1,-1,-1,5,E01003116,0,1
2024010541732,2024,010541732,1,1,9,99,99,9,9,99,99,9,9,99,9,99,9,1,2,2,2,53,8,-1,-1,-1,-1,5,E01004048,0,1
2024440556119,2024,440556119,1,9,0,14,14,3,7,9,9,0,5,4,0,0,1,1,6,6,1,39,7,-1,-1,-1,-1,2,E01017119,0,1
2024122401284,2024,122401284,1,9,0,18,19,1,5,0,0,0,1,0,2,7,4,1,6,6,1,42,7,-1,-1,-1,-1,3,E01011722,0,4
2024201531296,2024,201531296,1,9,0,-1,19,5,1,-1,0,0,0,0,0,0,1,1,-1,6,3,-1,-1,-1,-1,-1,-1,-1,-1,0,-1
2024201470321,2024,201470321,1,9,0,-1,5,6,2,-1,0,0,0,0,0,0,1,2,-1,6,1,-1,-1,-1,-1,-1,-1,-1,-1,0,-1
2024161486073,2024,161486073,1,1,0,-1,19,3,7,-1,9,1,1,4,0,0,4,1,-1,2,1,46,8,-1,-1,-1,-1,-1,-1,0,-1
2024010518541,2024,010518541,2,1,0,18,19,1,5,0,0,1,2,0,0,0,1,1,2,2,1,29,6,-1,-1,-1,-1,2,E01003188,0,1
2024010495182,2024,010495182,1,9,0,99,99,9,9,99,99,9,9,99,9,99,9,9,6,6,2,26,6,-1,-1,-1,-1,8,E01021752,0,1
2024211471927,2024,211471927,2,9,0,-1,1,8,4,-1,0,2,0,0,0,0,2,1,-1,9,2,58,9,-1,-1,-1,-1,-1,-1,0,-1
2024481507967,2024,481507967,1,1,0,-1,19,3,7,-1,0,8,0,0,0,0,3,1,-1,6,1,27,6,-1,-1,-1,-1,-1,-1,0,-1
2024010544047,2024,010544047,1,4,0,99,99,9,9,99,99,9,9,99,9,99,9,1,6,6,3,-1,-1,-1,-1,-1,-1,-1,-1,0,-1
2024031456850,2024,031456850,1,9,0,-1,19,6,6,-1,0,0,1,0,0,0,1,1,-1,2,1,40,7,-1,-1,-1,-1,1,E01004861,0,5
2024010490275,2024,010490275,1,11,5,18,19,5,1,0,0,1,0,0,0,0,1,1,1,1,1,44,7,-1,-1,-1,-1,4,E01000490,0,2
2024501533191,2024,501533191,1,19,0,-1,9,7,5,-1,0,8,0,0,0,0,4,1,-1,1,1,33,6,-1,-1,-1,-1,4,E01018988,0,1
2024061514557,2024,061514557,1,97,0,-1,99,8,4,-1,0,1,1,99,8,99,9,1,-1,6,3,-1,-1,-1,-1,-1,-1,-1,-1,0,-1
202460Q123423,2024,60Q123423,1,9,0,18,19,2,6,0,0,0,0,0,0,0,1,1,6,6,1,17,4,-1,-1,-1,-1,-1,-1,0,-1
2024552401510,2024,552401510,2,1,0,18,19,3,7,0,0,0,0,0,0,0,3,1,6,6,1,58,9,-1,-1,-1,-1,4,E01020571,0,1
2024010491494,2024,010491494,2,9,0,18,19,3,7,0,0,0,0,0,0,0,3,1,6,6,3,-1,-1,-1,-1,-1,-1,-1,-1,0,-1
2024010511741,2024,010511741,1,1,9,99,99,9,9,99,99,9,9,99,9,99,9,1,2,2,1,49,8,-1,-1,-1,-1,9,E01030953,0,4
2024161506333,2024,161506333,1,1,9,-1,19,3,7,-1,99,0,9,99,9,0,9,1,-1,6,1,50,8,-1,-1,-1,-1,1,E01012876,0,1
2024440232683,2024,440232683,1,9,0,18,19,3,7,0,0,1,0,0,0,0,1,1,6,6,1,58,9,-1,-1,-1,-1,4,E01022657,0,1
2024320034834,2024,320034834,2,9,0,-1,-1,8,4,0,0,0,0,0,0,0,1,1,6,6,2,58,9,-1,-1,-1,-1,3,E01026023,0,3
2024010540164,2024,010540164,2,1,0,18,19,7,3,5,5,8,0,0,0,0,4,1,6,6,1,40,7,-1,-1,-1,-1,3,E01004257,0,2
2024340WN3472,2024,340WN3472,2,99,0,-1,-1,0,0,-1,0,0,0,0,0,0,0,1,-1,1,3,-1,-1,-1,-1,-1,-1,-1,-1,0,-1
2024010496628,2024,010496628,2,9,0,99,99,9,9,99,99,9,9,99,9,99,9,9,6,6,3,-1,-1,-1,-1,-1,-1,-1,-1,0,-1
2024371450204,2024,371450204,1,9,0,-1,9,2,8,-1,0,0,0,0,0,0,3,1,-1,6,1,71,10,-1,-1,-1,-1,6,E01029876,0,4
202417M106824,2024,17M106824,2,9,0,-1,19,6,2,-1,0,8,0,0,0,0,1,1,-1,6,2,-1,-1,-1,-1,-1,-1,-1,-1,0,-1
2024461507229,2024,461507229,1,19,0,-1,19,2,6,-1,5,0,5,0,1,0,3,2,-1,1,1,59,9,-1,-1,-1,-1,1,E01024613,0,3
2024010541593,2024,010541593,1,1,9,99,99,9,9,99,99,0,9,99,9,99,1,1,6,6,1,29,6,-1,-1,-1,-1,5,E01003186,0,1
2024010491168,2024,010491168,2,9,0,18,19,3,7,0,0,4,1,10,0,0,3,1,6,6,1,32,6,-1,-1,-1,-1,7,E01000306,0,1
2024440069075,2024,440069075,3,9,0,18,19,5,1,0,0,0,0,0,0,0,2,1,6,6,1,45,7,-1,-1,-1,-1,2,E01014629,0,4
2024320507148,2024,320507148,2,16,0,-1,-1,8,4,0,0,0,5,0,0,0,3,1,6,6,2,19,4,-1,-1,-1,-1,1,E01026072,0,2
2024332401134,2024,332401134,1,98,0,-1,12,5,1,-1,0,0,0,0,0,0,0,1,-1,6,3,-1,-1,-1,-1,-1,-1,-1,-1,0,-1
2024111460786,2024,111460786,1,9,0,-1,9,1,7,-1,0,8,0,0,0,0,1,1,-1,6,1,30,6,-1,-1,-1,-1,-1,-1,0,-1
2024010546571,2024,010546571,1,9,0,4,4,5,1,0,0,0,0,0,0,0,2,1,1,1,1,36,7,-1,-1,-1,-1,5,E01024413,0,3
2024421482202,2024,421482202,1,8,0,-1,-1,-1,-1,-1,-1,0,-1,-1,-1,0,-1,9,-1,6,3,-1,-1,-1,-1,-1,-1,-1,-1,0,-1
2024221524982,2024,221524982,2,1,0,-1,19,8,6,-1,0,3,0,0,0,0,4,1,-1,6,1,42,7,-1,-1,-1,-1,5,E01032203,0,1
2024101515028,2024,101515028,1,9,0,-1,1,4,6,-1,9,0,0,0,0,0,2,1,-1,6,1,35,6,-1,-1,-1,-1,5,E01008347,0,1
2024010506785,2024,010506785,2,1,0,5,5,7,3,0,0,1,0,0,1,0,1,1,6,6,1,32,6,-1,-1,-1,-1,2,E01004464,0,1
2024010540938,2024,010540938,1,9,0,5,5,7,3,0,0,0,0,0,0,0,1,1,6,6,1,37,7,-1,-1,-1,-1,4,E01000039,0,1
2024991400862,2024,991400862,1,9,0,-1,19,7,3,-1,0,0,1,0,1,2,1,1,-1,9,2,19,4,-1,-1,-1,-1,3,-1,0,1
2024430285542,2024,430285542,1,9,0,11,11,6,2,2,2,0,0,0,0,0,1,1,6,6,1,62,9,-1,-1,-1,-1,-1,-1,0,-1
2024351460772,2024,351460772,3,99,0,-1,2,-1,-1,-1,0,0,0,0,0,0,0,9,-1,6,3,-1,-1,-1,-1,-1,-1,-1,-1,0,-1
2024440541146,2024,440541146,2,9,0,18,19,1,5,0,0,0,0,0,0,0,4,1,6,6,1,21,5,-1,-1,-1,-1,5,E01017369,0,2
2024041453602,2024,041453602,3,9,0,-1,2,7,3,-1,9,0,0,0,0,0,2,1,-1,9,1,74,10,-1,-1,-1,-1,2,E01025208,0,1
2024471485298,2024,471485298,1,1,0,-1,19,8,4,-1,0,0,0,0,0,0,1,1,-1,6,1,20,4,-1,-1,-1,-1,9,E01016888,0,1
2024440404089,2024,440404089,2,9,0,13,13,1,5,0,0,0,0,0,0,0,2,1,6,6,3,-1,-1,-1,-1,-1,-1,-1,-1,0,-1
2024430081612,2024,430081612,1,9,0,18,19,3,7,0,0,0,0,0,0,0,1,1,2,2,2,46,8,-1,-1,-1,-1,8,E01017653,0,1
2024471449250,2024,471449250,2,90,5,-1,4,8,4,-1,0,0,0,0,0,0,2,1,-1,9,1,78,11,-1,-1,-1,-1,9,E01032102,0,5
2024302400328,2024,302400328,2,1,0,18,19,5,1,0,0,1,0,0,0,0,1,1,6,6,2,16,4,-1,-1,-1,-1,1,E01013583,0,1
2024451505090,2024,451505090,1,1,0,-1,19,1,5,-1,0,0,0,0,2,0,3,1,-1,2,1,33,6,-1,-1,-1,-1,10,E01030863,0,1
2024010551769,2024,010551769,1,1,0,10,10,1,7,0,0,6,0,0,0,0,4,1,1,1,1,35,6,-1,-1,-1,-1,6,E01032780,0,1
2024440302540,2024,440302540,1,9,0,9,9,7,3,0,0,6,0,0,0,0,4,1,6,6,1,37,7,-1,-1,-1,-1,3,E01017075,0,1
2024010493591,2024,010493591,1,9,0,18,19,1,5,0,0,0,0,0,0,0,1,1,6,6,1,58,9,-1,-1,-1,-1,2,E01001051,0,1
2024061436243,2024,061436243,2,1,0,-1,19,1,5,-1,0,8,0,0,0,0,2,1,-1,6,1,17,4,-1,-1,-1,-1,-1,-1,0,-1
2024141502256,2024,141502256,3,9,0,-1,2,1,5,-1,0,0,0,0,0,0,2,1,-1,6,-1,-1,-1,-1,-1,-1,-1,-1,-1,0,-1
2024161512957,2024,161512957,1,1,4,-1,19,7,3,-1,0,1,0,0,0,0,1,1,-1,6,1,29,6,-1,-1,-1,-1,4,E01012760,0,1