collision_index,collision_year,collision_ref_no,vehicle_reference,vehicle_type,towing_and_articulation,vehicle_manoeuvre_historic,vehicle_manoeuvre,vehicle_direction_from,vehicle_direction_to,vehicle_location_restricted_lane_historic,vehicle_location_restricted_lane,junction_location,skidding_and_overturning,hit_object_in_carriageway,vehicle_leaving_carriageway,hit_object_off_carriageway,first_point_of_impact,vehicle_left_hand_drive,journey_purpose_of_driver_historic,journey_purpose_of_driver,sex_of_driver,age_of_driver,age_band_of_driver,engine_capacity_cc,propulsion_code,age_of_vehicle,generic_make_model,driver_imd_decile,lsoa_of_driver,escooter_flag,driver_distance_banding
2024461491683,2024,461491683,2,9,0,-1,19,1,5,-1,0,8,0,0,0,0,1,1,-1,6,1,39,7,-1,-1,-1,-1,4,E01034985,0,1
2024010497362,2024,010497362,2,9,0,99,99,9,9,99,99,6,9,99,9,99,0,9,6,6,3,-1,-1,-1,-1,-1,-1,-1,-1,0,-1
2024010543867,2024,010543867,2,1,0,18,19,1,5,0,0,1,0,0,0,0,2,1,6,6,1,20,4,-1,-1,-1,-1,2,E01004424,0,1
2024311415886,2024,311415886,2,19,0,-1,19,2,6,-1,0,0,0,0,0,0,1,1,-1,9,2,36,7,-1,-1,-1,-1,7,E01028106,0,2
2024201429114,2024,201429114,1,9,0,-1,3,6,2,-1,0,0,0,10,1,0,2,9,-1,6,2,45,7,-1,-1,-1,-1,-1,-1,0,-1
2024302401434,2024,302401434,1,9,0,9,9,8,6,0,0,8,1,0,0,0,4,1,2,2,1,58,9,-1,-1,-1,-1,9,E01019631,0,4
2024010508403,2024,010508403,1,1,9,99,99,9,9,4,4,1,9,99,9,99,9,1,2,2,2,28,6,-1,-1,-1,-1,1,E01033873,0,1
2024440295307,2024,440295307,2,9,0,18,19,6,2,0,0,1,0,0,0,0,1,1,6,6,1,-1,-1,-1,-1,-1,-1,-1,-1,0,-1
2024010547644,2024,010547644,2,1,0,18,19,3,7,0,0,1,0,0,0,0,1,1,2,2,1,53,8,-1,-1,-1,-1,7,E01035492,0,1
2024544970224,2024,544970224,1,1,0,18,19,2,6,0,0,1,0,0,0,0,1,1,4,7,2,17,4,-1,-1,-1,-1,10,E01031905,0,1
2024461492041,2024,461492041,1,-1,0,-1,19,1,5,-1,0,0,0,0,0,0,1,9,-1,9,1,-1,-1,-1,-1,-1,-1,2,E01016061,1,1
2024340WN6272,2024,340WN6272,1,11,0,-1,19,7,3,-1,0,1,0,0,0,0,3,1,-1,1,1,-1,-1,-1,-1,-1,-1,-1,-1,0,-1
2024010495974,2024,010495974,1,9,0,9,9,1,6,0,0,8,0,0,0,0,1,1,6,6,3,-1,-1,-1,-1,-1,-1,-1,-1,0,-1
2024411415045,2024,411415045,2,1,0,-1,19,7,3,-1,0,0,5,0,0,0,1,1,-1,6,1,44,7,-1,-1,-1,-1,3,E01023793,0,1
2024451484417,2024,451484417,1,9,0,-1,19,3,7,-1,0,0,5,0,7,0,3,1,-1,6,1,57,9,-1,-1,-1,-1,7,E01030628,0,1
2024371495123,2024,371495123,2,9,0,-1,19,3,3,-1,0,1,1,0,0,0,3,1,-1,6,1,41,7,-1,-1,-1,-1,7,E01030207,0,1
2024010503412,2024,010503412,1,1,0,18,19,1,5,0,0,1,0,0,0,0,1,1,2,2,1,38,7,-1,-1,-1,-1,-1,-1,0,-1
2024461471881,2024,461471881,1,1,0,-1,19,7,3,-1,0,0,0,0,0,0,1,1,-1,6,1,-1,-1,-1,-1,-1,-1,-1,-1,0,-1
2024221511183,2024,221511183,1,9,0,-1,7,4,6,-1,0,5,0,0,0,0,1,9,-1,6,3,45,7,-1,-1,-1,-1,-1,-1,0,-1
2024522400799,2024,522400799,2,1,0,5,5,1,5,0,0,6,0,0,0,0,1,1,4,7,1,9,2,-1,-1,-1,-1,1,E01014727,0,1
2024631478474,2024,631478474,1,98,0,-1,19,1,6,-1,0,0,0,0,1,11,1,1,-1,9,2,88,11,-1,-1,-1,-1,6,W01000475,0,1
2024010523812,2024,010523812,2,1,0,-1,-1,5,1,0,0,1,5,0,0,0,1,1,6,6,2,29,6,-1,-1,-1,-1,6,E01000746,0,1
2024231455203,2024,231455203,1,9,0,-1,19,3,7,-1,0,0,0,0,0,0,1,9,-1,7,2,43,7,-1,-1,-1,-1,7,E01031089,0,1
2024231518518,2024,231518518,1,9,0,-1,19,2,6,-1,0,0,0,0,0,0,1,9,-1,6,3,42,7,-1,-1,-1,-1,-1,-1,0,-1
2024991403258,2024,991403258,1,9,0,-1,5,8,3,-1,0,4,0,0,0,0,1,1,-1,6,1,69,10,-1,-1,-1,-1,-1,-1,0,-1
2024010503475,2024,010503475,1,9,0,99,99,9,9,99,99,9,9,99,9,99,2,9,6,6,1,40,7,-1,-1,-1,-1,3,E01000128,0,2
2024122401147,2024,122401147,1,19,9,5,5,9,9,0,0,6,0,0,0,0,9,9,6,6,3,-1,-1,-1,-1,-1,-1,-1,-1,0,-1
2024371468609,2024,371468609,1,9,0,-1,4,-1,-1,-1,0,4,0,0,0,0,3,1,-1,6,2,24,5,-1,-1,-1,-1,2,E01030168,0,1
2024421494057,2024,421494057,2,9,0,-1,19,2,5,-1,0,8,0,0,0,0,1,1,-1,2,1,59,9,-1,-1,-1,-1,7,E01021895,0,4
2024010522598,2024,010522598,2,-1,0,15,15,2,6,4,4,0,0,0,0,0,0,1,6,6,1,24,5,-1,-1,-1,-1,-1,-1,1,-1
2024010540566,2024,010540566,2,9,0,18,19,3,7,0,0,2,0,0,0,0,1,1,6,6,3,-1,-1,-1,-1,-1,-1,-1,-1,0,-1
2024010517562,2024,010517562,1,1,9,99,99,9,9,99,99,0,9,99,9,99,9,1,6,6,3,51,8,-1,-1,-1,-1,10,E01000645,0,1
2024231420064,2024,231420064,1,21,1,-1,13,3,7,-1,0,0,0,0,0,0,3,9,-1,6,3,55,8,-1,-1,-1,-1,-1,-1,0,-1
2024991524001,2024,991524001,1,9,0,-1,19,8,3,-1,0,0,0,0,0,0,1,1,-1,6,3,-1,-1,-1,-1,-1,-1,-1,-1,0,-1
2024501526456,2024,501526456,1,9,0,-1,19,6,2,-1,0,0,0,0,0,0,1,9,-1,6,3,-1,-1,-1,-1,-1,-1,-1,-1,0,-1
2024302400903,2024,302400903,2,3,0,18,19,3,7,0,0,8,0,0,0,0,1,1,6,6,3,-1,-1,-1,-1,-1,-1,5,E01019456,0,4
2024101444783,2024,101444783,1,9,0,-1,19,8,3,-1,0,1,0,0,0,0,1,9,-1,6,3,30,6,-1,-1,-1,-1,-1,-1,0,-1
2024201515243,2024,201515243,1,9,0,-1,19,4,8,-1,0,0,0,0,0,0,4,1,-1,6,1,25,5,-1,-1,-1,-1,-1,-1,0,-1
2024302401269,2024,302401269,1,3,0,18,19,4,8,9,9,1,0,0,1,0,1,1,6,6,3,-1,-1,-1,-1,-1,-1,5,E01019456,0,4
2024451420208,2024,451420208,2,1,0,-1,19,5,1,-1,0,8,2,0,0,0,1,1,-1,1,1,27,6,-1,-1,-1,-1,2,E01004268,0,4
2024332401113,2024,332401113,1,1,0,-1,19,7,3,-1,0,8,0,0,0,0,4,1,-1,2,1,36,7,-1,-1,-1,-1,7,E01025654,0,1
2024480492224,2024,480492224,2,3,0,5,5,7,3,0,0,2,0,0,0,0,2,1,6,6,1,53,8,-1,-1,-1,-1,9,E01003808,0,3
2024501422334,2024,501422334,2,19,0,-1,3,1,5,-1,0,1,0,0,0,0,2,9,-1,6,2,41,7,-1,-1,-1,-1,1,E01015214,0,3
2024010532198,2024,010532198,2,1,0,18,19,5,1,0,0,8,0,0,0,0,1,1,6,6,1,19,4,-1,-1,-1,-1,3,E01003980,0,1
2024052401383,2024,052401383,2,1,0,18,19,3,7,0,0,1,0,0,0,0,1,1,6,6,1,13,3,-1,-1,-1,-1,2,E01006832,0,1
2024311481566,2024,311481566,3,9,0,-1,19,5,1,-1,9,0,1,0,1,0,1,1,-1,2,2,26,6,-1,-1,-1,-1,3,E01028166,0,1
2024440196066,2024,440196066,1,1,0,18,19,5,1,0,0,1,0,0,0,0,1,1,4,7,1,13,3,-1,-1,-1,-1,1,E01017155,0,1
2024041536063,2024,041536063,1,-1,0,-1,19,7,3,-1,0,1,5,0,2,0,1,1,-1,9,1,13,3,-1,-1,-1,-1,8,E01025551,1,1
2024010549014,2024,010549014,1,1,9,2,2,9,9,99,99,9,9,99,9,99,9,1,6,6,1,23,5,-1,-1,-1,-1,5,E01002183,0,3
2024131433848,2024,131433848,1,9,0,-1,-1,5,1,-1,-1,-1,-1,-1,-1,-1,-1,1,-1,6,1,-1,-1,-1,-1,-1,-1,-1,-1,0,-1
2024010548921,2024,010548921,1,9,0,5,5,3,7,5,5,8,0,0,0,0,1,1,6,6,3,-1,-1,-1,-1,-1,-1,-1,-1,0,-1
2024201421617,2024,201421617,2,1,0,-1,19,6,2,-1,4,8,0,0,0,0,1,1,-1,6,3,47,8,-1,-1,-1,-1,1,E01009376,0,1
2024211538173,2024,211538173,2,-1,0,-1,19,1,5,-1,0,1,0,0,0,0,1,1,-1,6,1,47,8,-1,-1,-1,-1,-1,-1,1,-1
2024201435251,2024,201435251,2,9,0,-1,6,6,6,-1,0,0,0,0,0,0,3,9,-1,9,1,27,6,-1,-1,-1,-1,3,E01010523,0,1
2024631489055,2024,631489055,2,1,0,-1,19,3,7,-1,0,2,0,0,0,0,2,1,-1,6,1,10,2,-1,-1,-1,-1,5,W01000509,0,1
2024522500330,2024,522500330,2,-1,0,18,19,5,1,0,0,8,0,0,0,0,1,1,6,6,1,17,4,-1,-1,-1,-1,7,E01014698,1,1
2024010492023,2024,010492023,1,19,0,1,1,1,3,0,0,1,0,0,0,0,2,1,1,1,1,37,7,-1,-1,-1,-1,7,E01021338,0,4
2024010498675,2024,010498675,1,1,9,99,99,9,9,99,99,0,9,99,9,99,1,1,6,6,3,-1,-1,-1,-1,-1,-1,-1,-1,0,-1
2024010488712,2024,010488712,1,1,9,99,99,9,9,99,99,9,9,99,9,99,1,1,2,2,1,54,8,-1,-1,-1,-1,2,E01001432,0,1
2024010525345,2024,010525345,2,1,0,9,9,1,7,0,0,1,0,0,0,0,3,1,6,6,1,28,6,-1,-1,-1,-1,3,E01003979,0,2
2024541656124,2024,541656124,1,9,0,4,4,5,1,0,0,1,0,0,0,0,1,1,6,6,1,24,5,-1,-1,-1,-1,3,E01032118,0,2
2024010525794,2024,010525794,1,1,9,3,3,9,9,99,99,9,9,99,9,99,2,1,6,6,2,27,6,-1,-1,-1,-1,3,E01000535,0,2
2024440361176,2024,440361176,1,-1,0,18,19,7,3,0,0,0,0,0,0,0,0,1,6,6,3,-1,-1,-1,-1,-1,-1,-1,-1,1,-1
2024010540827,2024,010540827,2,1,0,18,19,1,5,0,0,1,0,0,1,0,1,1,2,2,1,46,8,-1,-1,-1,-1,2,E01002076,0,1
2024122500442,2024,122500442,2,1,0,18,19,3,7,0,0,0,0,0,0,0,2,1,2,2,1,35,6,-1,-1,-1,-1,6,E01013383,0,1
2024631487631,2024,631487631,1,22,0,-1,19,7,3,-1,0,0,0,0,0,0,1,1,-1,9,1,76,11,-1,-1,-1,-1,6,W01000701,0,1
2024010526891,2024,010526891,1,1,9,99,99,9,9,99,99,0,9,99,9,99,9,1,6,6,1,25,5,-1,-1,-1,-1,4,E01003484,0,1
2024201453476,2024,201453476,1,9,0,-1,19,3,7,-1,0,8,0,0,0,0,1,1,-1,6,3,40,7,-1,-1,-1,-1,-1,-1,0,-1
2024201532492,2024,201532492,1,9,0,-1,12,8,5,-1,0,0,0,0,0,0,1,1,-1,9,1,71,10,-1,-1,-1,-1,2,E01009392,0,3
2024010540325,2024,010540325,2,10,0,18,19,1,5,0,0,0,0,0,0,0,1,1,1,1,1,35,6,-1,-1,-1,-1,3,E01001466,0,2
2024522402351,2024,522402351,2,1,0,18,19,5,1,0,0,0,0,0,0,0,1,1,6,6,3,-1,-1,-1,-1,-1,-1,-1,-1,0,-1
2024161443842,2024,161443842,2,1,0,-1,5,0,1,-1,0,1,0,0,0,0,1,1,-1,6,2,45,7,-1,-1,-1,-1,1,E01012864,0,1
202454D365224,2024,54D365224,2,1,0,18,19,4,8,0,0,0,2,0,0,0,1,1,2,2,1,19,4,-1,-1,-1,-1,9,E01033848,0,1
2024471478313,2024,471478313,1,9,0,-1,19,8,5,-1,0,0,1,0,8,4,1,1,-1,9,1,18,4,-1,-1,-1,-1,9,E01031380,0,1
2024101432751,2024,101432751,2,1,0,-1,10,6,2,-1,0,1,0,0,0,0,1,1,-1,2,1,57,9,-1,-1,-1,-1,7,E01008852,0,1
2024122401104,2024,122401104,2,1,0,18,19,3,7,0,0,8,0,0,0,0,4,1,6,6,2,35,6,-1,-1,-1,-1,7,E01013393,0,1
2024010529918,2024,010529918,3,11,0,16,19,3,7,0,0,1,0,0,0,0,1,1,6,6,3,-1,-1,-1,-1,-1,-1,-1,-1,0,-1
2024041443327,2024,041443327,2,9,0,-1,19,6,2,-1,0,0,0,0,0,0,1,1,-1,1,2,30,6,-1,-1,-1,-1,8,E01034350,0,2
2024010493070,2024,010493070,2,9,0,99,99,9,9,99,99,9,9,99,9,99,1,9,6,6,3,-1,-1,-1,-1,-1,-1,-1,-1,0,-1
2024401464714,2024,401464714,2,9,-1,-1,14,3,7,-1,0,0,0,0,0,0,3,9,-1,1,1,49,8,-1,-1,-1,-1,10,E01033189,0,1
2024552401277,2024,552401277,1,9,0,16,19,6,1,0,0,0,1,0,1,11,4,2,6,6,2,40,7,-1,-1,-1,-1,6,E01015369,0,1
2024010547210,2024,010547210,2,1,0,18,19,7,3,0,0,1,0,0,7,0,1,1,6,6,1,23,5,-1,-1,-1,-1,4,E01003203,0,1
2024401415352,2024,401415352,1,97,0,-1,19,1,5,-1,0,1,0,0,0,0,1,1,-1,6,1,20,4,-1,-1,-1,-1,9,E01017421,0,2
2024501464604,2024,501464604,2,1,0,-1,9,1,7,-1,0,1,0,0,0,0,2,1,-1,9,2,33,6,-1,-1,-1,-1,3,E01020018,0,1
2024631438408,2024,631438408,1,90,0,-1,19,3,5,-1,0,0,0,0,0,0,1,1,-1,6,2,55,8,-1,-1,-1,-1,5,W01000452,0,1
2024461535313,2024,461535313,1,9,0,-1,4,7,3,-1,0,2,1,0,1,0,1,1,-1,9,2,18,4,-1,-1,-1,-1,2,E01024306,0,1
2024311535402,2024,311535402,2,19,0,-1,2,5,1,-1,0,0,0,4,3,0,1,1,-1,6,1,-1,-1,-1,-1,-1,-1,-1,-1,0,-1
2024010530625,2024,010530625,2,90,0,99,99,9,9,99,99,9,9,99,9,99,2,9,6,6,3,-1,-1,-1,-1,-1,-1,-1,-1,0,-1
2024201489869,2024,201489869,2,1,0,-1,9,6,4,-1,0,2,0,0,0,0,1,1,-1,6,2,58,9,-1,-1,-1,-1,4,E01009243,0,1
2024031436008,2024,031436008,2,1,0,-1,19,1,5,-1,0,0,1,0,0,0,3,1,-1,1,1,16,4,-1,-1,-1,-1,3,E01019290,0,4
2024101499415,2024,101499415,2,9,0,-1,19,5,1,-1,0,0,0,0,0,0,1,1,-1,9,1,41,7,-1,-1,-1,-1,1,E01027451,0,4
2024332400892,2024,332400892,2,1,0,-1,19,3,7,-1,9,8,0,0,0,0,1,1,-1,6,1,15,3,-1,-1,-1,-1,5,E01025749,0,1
2024451436516,2024,451436516,2,9,0,-1,7,3,7,-1,0,5,0,10,7,11,2,1,-1,2,1,35,6,-1,-1,-1,-1,9,E01030795,0,1
2024631435582,2024,631435582,1,9,0,-1,13,6,2,-1,0,8,2,0,1,10,4,1,-1,9,1,37,7,-1,-1,-1,-1,5,W01000673,0,2
2024010496860,2024,010496860,1,4,0,18,19,5,1,0,0,0,0,0,0,0,1,1,6,6,1,-1,-1,-1,-1,-1,-1,4,E01015957,0,4
2024520403036,2024,520403036,1,9,0,18,19,4,7,0,0,0,5,4,0,0,4,1,6,6,2,27,6,-1,-1,-1,-1,6,E01029320,0,1
2024622400434,2024,622400434,1,9,0,18,19,6,2,0,0,0,0,0,0,0,1,1,6,6,2,86,11,-1,-1,-1,-1,9,W01000751,0,1
2024991463336,2024,991463336,2,98,0,-1,5,7,5,-1,0,0,0,0,0,0,1,1,-1,6,1,32,6,-1,-1,-1,-1,-1,-1,0,-1
2024471448678,2024,471448678,2,9,0,-1,7,-1,-1,-1,99,9,0,0,0,0,3,1,-1,6,1,-1,-1,-1,-1,-1,-1,-1,-1,0,-1
2024411397536,2024,411397536,2,9,0,-1,3,6,2,-1,0,0,0,0,0,0,2,9,-1,9,1,51,8,-1,-1,-1,-1,7,E01023579,0,1
2024041450737,2024,041450737,1,90,0,-1,19,6,2,-1,0,0,1,0,1,9,1,1,-1,9,1,20,4,-1,-1,-1,-1,3,E01012731,0,1
2024430027147,2024,430027147,2,9,0,18,19,6,2,0,0,1,0,0,0,0,1,1,6,6,1,-1,-1,-1,-1,-1,-1,-1,-1,0,-1
2024451423157,2024,451423157,1,9,0,-1,19,3,7,-1,0,0,0,0,0,0,4,9,-1,6,3,45,7,-1,-1,-1,-1,-1,-1,0,-1
2024010488490,2024,010488490,2,1,0,18,19,8,4,0,0,1,0,0,0,0,1,1,6,6,1,28,6,-1,-1,-1,-1,4,E01000742,0,1
2024201501461,2024,201501461,2,1,0,-1,19,3,8,-1,0,2,0,0,0,0,1,1,-1,1,1,22,5,-1,-1,-1,-1,3,E01009656,0,1
2024520500163,2024,520500163,1,9,0,18,19,3,7,0,0,0,0,0,0,0,4,1,6,6,3,-1,-1,-1,-1,-1,-1,-1,-1,0,-1
2024622400375,2024,622400375,1,1,0,18,19,4,8,0,0,8,0,0,0,0,1,1,6,6,1,14,3,-1,-1,-1,-1,4,W01001248,0,1
2024010526812,2024,010526812,4,9,0,2,2,0,0,0,0,0,0,0,0,0,1,1,6,6,3,-1,-1,-1,-1,-1,-1,-1,-1,0,-1
2024010494823,2024,010494823,2,8,0,99,99,9,9,99,99,9,9,99,9,99,1,9,6,6,3,-1,-1,-1,-1,-1,-1,-1,-1,0,-1
2024501501180,2024,501501180,2,1,0,-1,19,3,8,-1,0,1,1,0,0,0,1,1,-1,9,1,29,6,-1,-1,-1,-1,5,E01018791,0,2
2024010501108,2024,010501108,1,1,9,18,19,9,9,4,4,0,9,99,9,99,1,1,2,2,1,31,6,-1,-1,-1,-1,3,E01034213,0,2
2024461409819,2024,461409819,1,90,0,-1,3,3,7,-1,0,0,0,0,0,0,3,9,-1,6,3,-1,-1,-1,-1,-1,-1,-1,-1,0,-1
2024010488924,2024,010488924,1,1,0,18,19,6,2,0,0,0,0,0,0,0,4,1,6,6,1,54,8,-1,-1,-1,-1,7,E01001228,0,1
2024440294215,2024,440294215,1,9,0,18,19,1,5,0,0,0,0,0,0,0,1,1,1,1,3,-1,-1,-1,-1,-1,-1,-1,-1,0,-1
2024010526207,2024,010526207,2,1,0,18,19,5,1,0,0,1,2,0,0,0,3,1,2,2,1,24,5,-1,-1,-1,-1,4,E01033711,0,2
2024041498397,2024,041498397,1,9,0,-1,19,-1,-1,-1,0,0,0,0,0,0,1,9,-1,6,3,-1,-1,-1,-1,-1,-1,-1,-1,0,-1
2024430398721,2024,430398721,1,9,0,18,19,6,2,0,0,1,0,0,0,0,1,1,6,6,1,18,4,-1,-1,-1,-1,9,E01016234,0,1
2024302401200,2024,302401200,2,1,0,18,19,3,7,0,0,1,0,0,0,0,2,1,6,6,1,-1,-1,-1,-1,-1,-1,-1,-1,0,-1
2024401516316,2024,401516316,1,9,0,-1,19,-1,-1,-1,0,0,0,0,0,0,1,9,-1,6,3,-1,-1,-1,-1,-1,-1,-1,-1,0,-1
2024231433509,2024,231433509,1,9,0,-1,9,3,1,-1,0,4,0,0,0,0,3,9,-1,6,2,58,9,-1,-1,-1,-1,10,E01031317,0,1
2024131578443,2024,131578443,2,1,0,-1,19,5,1,-1,4,0,0,0,0,0,1,1,-1,6,1,39,7,-1,-1,-1,-1,1,E01011620,0,1
2024061509724,2024,061509724,2,1,0,-1,19,8,4,-1,0,8,0,0,0,0,3,1,-1,7,1,15,3,-1,-1,-1,-1,1,E01005753,0,1
2024010497191,2024,010497191,2,9,0,99,99,9,9,99,99,9,9,99,9,99,1,9,6,6,3,43,7,-1,-1,-1,-1,4,E01034384,0,2
2024201522867,2024,201522867,1,9,0,-1,19,6,2,-1,0,1,0,0,0,0,4,1,-1,6,3,-1,-1,-1,-1,-1,-1,-1,-1,0,-1
2024010537865,2024,010537865,2,9,0,99,99,9,9,99,99,9,9,99,9,99,1,9,6,6,3,-1,-1,-1,-1,-1,-1,-1,-1,0,-1
2024552400805,2024,552400805,2,1,0,18,19,8,4,0,0,8,0,0,0,0,4,1,6,6,1,43,7,-1,-1,-1,-1,7,E01020465,0,3
2024471528763,2024,471528763,3,90,0,-1,6,3,3,-1,0,8,0,0,0,0,0,1,-1,6,-1,-1,-1,-1,-1,-1,-1,-1,-1,0,-1
2024201453454,2024,201453454,1,9,0,-1,19,5,1,-1,0,1,0,0,0,0,1,1,-1,6,1,51,8,-1,-1,-1,-1,6,E01009041,0,1
2024141487644,2024,141487644,2,9,0,-1,4,1,5,-1,0,0,0,0,0,0,2,9,-1,6,3,-1,-1,-1,-1,-1,-1,-1,-1,0,-1
2024440521746,2024,440521746,1,1,0,18,19,5,1,0,0,8,0,0,0,0,4,1,1,1,2,27,6,-1,-1,-1,-1,7,E01030429,0,1
2024430114442,2024,430114442,2,9,0,18,19,7,3,0,0,0,0,0,0,0,3,1,6,6,2,43,7,-1,-1,-1,-1,5,E01016241,0,3
2024461429603,2024,461429603,1,99,0,-1,1,1,5,-1,0,1,0,0,0,0,2,9,-1,6,1,-1,-1,-1,-1,-1,-1,7,E01024073,0,1
2024010520013,2024,010520013,2,1,0,3,3,3,7,0,0,1,0,0,0,0,2,1,2,2,1,43,7,-1,-1,-1,-1,5,E01003862,0,2
2024440253927,2024,440253927,2,9,0,17,19,4,1,0,0,8,0,0,0,0,0,1,6,6,3,-1,-1,-1,-1,-1,-1,-1,-1,0,-1
2024430149054,2024,430149054,1,19,0,9,9,1,7,0,0,8,1,0,0,0,1,1,1,1,1,24,5,-1,-1,-1,-1,-1,-1,0,-1
2024052402750,2024,052402750,1,-1,0,18,19,5,1,0,0,0,0,0,0,0,1,1,6,6,1,18,4,-1,-1,-1,-1,1,E01006603,1,1
2024101535357,2024,101535357,2,9,-1,-1,-1,3,8,-1,0,1,0,0,0,0,-1,9,-1,6,2,55,8,-1,-1,-1,-1,3,E01008569,0,1
2024010532040,2024,010532040,1,-1,0,18,19,1,5,0,0,2,0,0,0,0,0,1,6,6,1,25,5,-1,-1,-1,-1,-1,-1,1,-1
2024010544244,2024,010544244,1,9,0,18,19,1,5,0,0,1,0,0,0,0,1,1,6,6,3,-1,-1,-1,-1,-1,-1,-1,-1,0,-1
2024471465069,2024,471465069,1,1,0,-1,19,2,6,-1,0,8,2,0,0,0,1,1,-1,2,1,34,6,-1,-1,-1,-1,7,E01021220,0,1
2024361433967,2024,361433967,1,1,0,-1,19,4,7,-1,0,1,2,0,0,0,1,1,-1,6,1,42,7,-1,-1,-1,-1,-1,-1,0,-1
2024430009724,2024,430009724,1,9,0,18,19,8,4,0,0,0,0,0,4,6,3,1,6,6,1,-1,-1,-1,-1,-1,-1,5,E01014886,0,4
2024010547037,2024,010547037,2,11,0,7,7,1,3,0,0,2,5,0,7,0,4,1,6,6,3,-1,-1,-1,-1,-1,-1,-1,-1,0,-1
2024430156816,2024,430156816,2,9,0,18,19,3,7,0,0,1,0,0,0,0,1,1,6,6,3,-1,-1,-1,-1,-1,-1,-1,-1,0,-1
2024070633607,2024,070633607,2,1,0,5,5,5,1,9,9,2,0,0,0,0,1,1,1,1,1,30,6,-1,-1,-1,-1,2,E01033300,0,1
2024010503585,2024,010503585,2,1,0,5,5,1,5,0,0,1,1,0,0,0,1,1,6,6,1,38,7,-1,-1,-1,-1,9,E01030401,0,1
2024010487420,2024,010487420,1,9,0,9,9,7,5,0,0,5,0,0,0,0,1,1,6,6,2,21,5,-1,-1,-1,-1,2,E01001625,0,1
202454D070723,2024,54D070723,1,9,0,18,19,2,6,0,0,4,5,9,3,4,1,1,6,6,2,18,4,-1,-1,-1,-1,7,E01031872,0,2
2024010494769,2024,010494769,1,1,0,16,19,7,1,0,0,6,0,0,0,0,3,1,6,6,1,41,7,-1,-1,-1,-1,6,E01000145,0,1
2024161508304,2024,161508304,1,1,0,-1,19,1,5,-1,0,0,0,0,0,0,2,1,-1,6,1,52,8,-1,-1,-1,-1,1,E01012790,0,1
2024141532288,2024,141532288,1,9,0,-1,9,3,1,-1,0,5,0,0,0,0,1,1,-1,9,2,75,10,-1,-1,-1,-1,5,E01008139,0,1
2024010531015,2024,010531015,2,1,0,18,19,5,1,0,0,1,0,0,0,0,1,1,6,6,1,28,6,-1,-1,-1,-1,4,E01003448,0,2
2024010513313,2024,010513313,2,9,9,99,99,9,9,99,99,9,9,99,9,99,9,9,6,6,3,-1,-1,-1,-1,-1,-1,-1,-1,0,-1
2024101468002,2024,101468002,2,9,0,-1,19,5,1,-1,0,0,0,0,0,0,1,1,-1,9,1,71,10,-1,-1,-1,-1,7,E01027438,0,1
2024351410561,2024,351410561,2,90,0,-1,2,0,0,-1,0,0,0,0,0,0,2,1,-1,6,1,21,5,-1,-1,-1,-1,1,E01012854,0,5
2024131473545,2024,131473545,2,1,0,-1,19,5,1,-1,0,1,0,0,0,0,1,1,-1,2,1,51,8,-1,-1,-1,-1,7,E01011569,0,3
2024302400643,2024,302400643,2,1,0,17,19,2,7,0,0,6,0,0,0,0,0,1,6,6,1,57,9,-1,-1,-1,-1,5,E01019605,0,1
2024131416849,2024,131416849,1,9,0,-1,-1,-1,-1,-1,-1,-1,-1,-1,-1,-1,-1,1,-1,6,3,-1,-1,-1,-1,-1,-1,-1,-1,0,-1
2024010493885,2024,010493885,2,4,0,18,19,1,5,0,0,0,0,0,0,0,1,1,6,6,1,38,7,-1,-1,-1,-1,6,E01004163,0,1
2024041444077,2024,041444077,1,1,0,-1,19,1,5,-1,0,0,0,0,0,0,1,1,-1,6,1,34,6,-1,-1,-1,-1,1,E01012675,0,1
2024332401182,2024,332401182,1,9,0,-1,19,5,1,-1,0,8,0,0,0,0,1,1,-1,1,3,-1,-1,-1,-1,-1,-1,-1,-1,0,-1
2024461476895,2024,461476895,1,90,0,-1,19,5,1,-1,0,1,0,0,0,0,1,1,-1,6,1,40,7,-1,-1,-1,-1,1,E01024621,0,4
2024302401499,2024,302401499,1,9,0,3,3,6,2,0,0,0,0,0,0,0,2,1,6,6,1,30,6,-1,-1,-1,-1,9,E01029469,0,3
2024101420340,2024,101420340,2,1,0,-1,19,1,5,-1,0,3,0,0,0,0,4,1,-1,9,1,35,6,-1,-1,-1,-1,4,E01008445,0,1
2024010493729,2024,010493729,2,3,0,18,19,3,7,0,0,1,0,0,0,0,1,1,1,1,1,32,6,-1,-1,-1,-1,4,E01001435,0,1
2024531509343,2024,531509343,2,-1,0,-1,19,7,3,-1,0,3,0,0,0,0,1,1,-1,2,1,58,9,-1,-1,-1,-1,2,E01022324,1,1
2024131405586,2024,131405586,1,9,0,-1,-1,-1,-1,-1,-1,-1,-1,-1,-1,-1,-1,1,-1,6,3,-1,-1,-1,-1,-1,-1,-1,-1,0,-1
2024010538274,2024,010538274,1,9,9,99,99,9,9,99,99,0,9,99,9,0,9,9,6,6,3,-1,-1,-1,-1,-1,-1,-1,-1,0,-1
2024052401748,2024,052401748,1,9,0,9,9,1,7,0,0,5,0,0,0,0,1,1,6,6,1,76,11,-1,-1,-1,-1,3,E01006994,0,1
2024440458164,2024,440458164,2,9,0,17,19,6,2,0,0,0,1,0,0,0,1,1,1,1,1,56,9,-1,-1,-1,-1,10,E01022573,0,2
2024010527214,2024,010527214,2,9,0,99,99,9,9,99,99,9,9,99,9,99,9,9,6,6,3,-1,-1,-1,-1,-1,-1,-1,-1,0,-1
2024010488821,2024,010488821,2,4,0,18,19,5,1,0,0,0,0,0,0,0,0,1,6,6,1,51,8,-1,-1,-1,-1,3,E01034483,0,1
2024501411360,2024,501411360,2,9,0,-1,19,8,3,-1,0,0,0,0,0,0,1,1,-1,9,1,36,7,-1,-1,-1,-1,9,E01019900,0,2
2024401397132,2024,401397132,2,1,0,-1,19,1,6,-1,0,3,0,0,0,0,4,1,-1,2,2,45,7,-1,-1,-1,-1,5,E01015746,0,1