collision_index,collision_year,collision_ref_no,vehicle_reference,vehicle_type,towing_and_articulation,vehicle_manoeuvre_historic,vehicle_manoeuvre,vehicle_direction_from,vehicle_direction_to,vehicle_location_restricted_lane_historic,vehicle_location_restricted_lane,junction_location,skidding_and_overturning,hit_object_in_carriageway,vehicle_leaving_carriageway,hit_object_off_carriageway,first_point_of_impact,vehicle_left_hand_drive,journey_purpose_of_driver_historic,journey_purpose_of_driver,sex_of_driver,age_of_driver,age_band_of_driver,engine_capacity_cc,propulsion_code,age_of_vehicle,generic_make_model,driver_imd_decile,lsoa_of_driver,escooter_flag,driver_distance_banding
2024451395463,2024,451395463,1,1,0,-1,19,7,3,-1,0,0,0,0,0,0,4,1,-1,9,1,52,8,-1,-1,-1,-1,10,E01030372,0,2
2024010491315,2024,010491315,3,9,0,2,2,0,0,0,0,0,0,0,0,0,2,1,6,6,3,-1,-1,-1,-1,-1,-1,-1,-1,0,-1
2024141557277,2024,141557277,2,98,0,-1,19,6,1,-1,0,0,0,0,0,0,3,9,-1,6,3,-1,-1,-1,-1,-1,-1,-1,-1,0,-1
2024010496066,2024,010496066,1,3,9,99,99,9,9,9,9,1,9,99,9,99,4,1,2,2,1,30,6,-1,-1,-1,-1,7,E01030414,0,3
2024421401468,2024,421401468,1,19,0,-1,19,5,1,-1,0,0,0,0,0,0,1,9,-1,6,1,-1,-1,-1,-1,-1,-1,-1,-1,0,-1
2024401420584,2024,401420584,1,11,0,-1,19,3,7,-1,4,0,0,11,0,0,1,9,-1,1,3,-1,-1,-1,-1,-1,-1,-1,-1,0,-1
2024010545353,2024,010545353,2,1,9,99,99,9,9,99,99,9,9,99,9,99,1,1,2,2,2,43,7,-1,-1,-1,-1,4,E01003603,0,3
2024010532708,2024,010532708,2,-1,0,18,19,1,5,99,99,9,0,0,0,0,1,9,6,6,1,-1,-1,-1,-1,-1,-1,-1,-1,1,-1
2024211396582,2024,211396582,1,9,0,-1,4,4,8,-1,0,0,2,0,1,3,1,9,-1,2,1,33,6,-1,-1,-1,-1,3,E01029729,0,2
2024302401015,2024,302401015,1,21,0,13,13,2,6,0,0,2,0,0,0,0,0,1,1,1,1,56,9,-1,-1,-1,-1,7,E01027995,0,3
2024311500969,2024,311500969,1,11,0,-1,19,5,1,-1,0,2,0,0,0,0,1,1,-1,1,3,-1,-1,-1,-1,-1,-1,-1,-1,0,-1
2024340WN1702,2024,340WN1702,2,9,0,-1,13,8,4,-1,0,1,0,7,4,1,1,1,-1,9,1,27,6,-1,-1,-1,-1,4,E01016724,0,3
2024421494791,2024,421494791,2,9,0,-1,19,8,5,-1,0,0,0,0,0,0,1,1,-1,9,1,37,7,-1,-1,-1,-1,4,E01021799,0,1
2024451440470,2024,451440470,1,1,0,-1,19,3,7,-1,0,8,0,0,0,0,4,1,-1,2,1,36,7,-1,-1,-1,-1,9,E01030317,0,1
2024161423065,2024,161423065,2,1,0,-1,19,3,7,-1,0,1,0,0,0,0,3,1,-1,1,1,37,7,-1,-1,-1,-1,9,E01013316,0,1
2024010495791,2024,010495791,1,9,0,4,4,6,2,0,0,1,0,4,0,0,1,1,6,6,2,28,6,-1,-1,-1,-1,2,E01001079,0,1
202454D347824,2024,54D347824,2,9,0,10,10,4,1,0,0,2,0,0,0,0,2,1,1,1,1,44,7,-1,-1,-1,-1,6,E01032027,0,2
2024440426352,2024,440426352,2,1,0,18,19,2,6,0,0,1,0,0,0,0,1,1,2,2,1,57,9,-1,-1,-1,-1,1,E01017130,0,1
2024501408779,2024,501408779,2,1,0,-1,19,4,1,-1,0,8,-1,0,-1,0,1,1,-1,9,1,32,6,-1,-1,-1,-1,4,E01034157,0,3
202460Q133612,2024,60Q133612,1,22,0,13,13,1,5,0,0,2,0,0,0,0,1,1,6,6,1,76,11,-1,-1,-1,-1,-1,-1,0,-1
2024340NN0742,2024,340NN0742,2,1,0,-1,19,3,7,-1,0,0,0,0,0,0,2,1,-1,2,1,51,8,-1,-1,-1,-1,5,E01027092,0,1
2024320558753,2024,320558753,1,19,0,-1,-1,4,8,0,0,0,0,0,0,0,3,1,1,1,3,-1,-1,-1,-1,-1,-1,-1,-1,0,-1
2024430092541,2024,430092541,1,1,0,18,19,7,3,0,0,8,0,0,0,0,4,1,6,6,2,23,5,-1,-1,-1,-1,8,E01017838,0,1
2024010549037,2024,010549037,1,1,9,99,99,9,9,99,99,9,9,99,9,99,9,1,6,6,2,25,5,-1,-1,-1,-1,5,E01003344,0,2
2024010535699,2024,010535699,2,9,0,99,99,9,9,99,99,9,9,99,9,99,1,9,6,6,3,-1,-1,-1,-1,-1,-1,-1,-1,0,-1
2024010493222,2024,010493222,1,1,0,18,19,1,5,0,0,8,0,4,0,0,1,1,6,6,1,43,7,-1,-1,-1,-1,9,E01000356,0,1
2024010536273,2024,010536273,2,9,9,99,99,9,9,99,99,9,9,99,9,99,9,9,6,6,3,-1,-1,-1,-1,-1,-1,-1,-1,0,-1
2024451480654,2024,451480654,3,9,0,-1,2,1,5,-1,9,1,0,0,0,0,1,1,-1,6,-1,-1,-1,-1,-1,-1,-1,-1,-1,0,-1
2024351470781,2024,351470781,2,9,0,-1,5,3,7,-1,0,1,0,0,0,0,1,1,-1,6,3,-1,-1,-1,-1,-1,-1,-1,-1,0,-1
2024631535459,2024,631535459,3,9,0,-1,2,0,0,-1,0,0,0,0,0,0,2,1,-1,6,-1,-1,-1,-1,-1,-1,-1,-1,-1,0,-1
2024471400435,2024,471400435,1,9,0,-1,-1,-1,-1,-1,-1,0,-1,-1,-1,0,-1,9,-1,6,3,-1,-1,-1,-1,-1,-1,-1,-1,0,-1
2024461462090,2024,461462090,1,-1,0,-1,19,1,5,-1,0,0,0,0,0,0,1,9,-1,6,2,-1,-1,-1,-1,-1,-1,-1,-1,1,-1
2024302401058,2024,302401058,1,9,0,9,9,5,3,0,0,8,0,0,0,0,4,1,2,2,1,36,7,-1,-1,-1,-1,5,E01027948,0,2
2024052400436,2024,052400436,1,9,0,5,5,1,5,0,0,0,0,0,0,0,1,1,6,6,3,-1,-1,-1,-1,-1,-1,-1,-1,0,-1
2024010489808,2024,010489808,1,3,0,99,99,9,9,99,99,9,9,99,9,99,9,1,1,1,2,34,6,-1,-1,-1,-1,3,E01002049,0,1
2024010507885,2024,010507885,1,9,0,7,7,1,4,9,9,5,1,10,1,11,1,1,6,6,1,24,5,-1,-1,-1,-1,2,E01000223,0,1
2024010526874,2024,010526874,1,1,9,99,99,9,9,99,99,9,9,99,9,99,9,1,6,6,3,-1,-1,-1,-1,-1,-1,-1,-1,0,-1
2024440387996,2024,440387996,1,1,0,18,19,6,2,0,0,8,0,0,0,0,4,1,6,6,1,61,9,-1,-1,-1,-1,8,E01022722,0,1
2024052402167,2024,052402167,2,19,0,18,19,2,6,0,0,0,0,10,1,0,2,1,6,6,2,29,6,-1,-1,-1,-1,3,E01006925,0,2
2024010497602,2024,010497602,1,9,0,18,19,3,7,0,0,1,0,0,0,0,1,1,6,6,3,-1,-1,-1,-1,-1,-1,-1,-1,0,-1
2024211408286,2024,211408286,1,9,0,-1,19,6,2,-1,0,1,0,0,0,0,1,1,-1,9,1,23,5,-1,-1,-1,-1,10,E01029572,0,1
202417H101824,2024,17H101824,1,9,0,-1,10,6,4,-1,0,2,0,0,0,0,2,1,-1,9,2,28,6,-1,-1,-1,-1,5,E01011968,0,1
2024010526766,2024,010526766,1,9,0,18,19,4,8,0,0,8,0,0,0,0,1,1,6,6,3,-1,-1,-1,-1,-1,-1,-1,-1,0,-1
2024010491119,2024,010491119,1,1,9,99,99,9,9,99,99,9,9,99,9,99,1,1,6,6,1,28,6,-1,-1,-1,-1,4,E01000922,0,1
2024010524725,2024,010524725,1,1,0,99,99,9,9,0,0,1,0,99,9,99,9,1,6,6,1,27,6,-1,-1,-1,-1,-1,-1,0,-1
2024461459520,2024,461459520,3,21,1,-1,19,3,7,-1,0,0,0,0,0,0,3,2,-1,1,1,37,7,-1,-1,-1,-1,-1,-1,0,-1
2024131462381,2024,131462381,2,1,0,-1,19,6,2,-1,0,1,0,0,0,0,1,1,-1,9,1,12,3,-1,-1,-1,-1,1,E01011695,0,1
2024010515528,2024,010515528,1,1,9,99,99,9,9,99,99,9,9,99,9,99,9,1,6,6,1,39,7,-1,-1,-1,-1,3,E01003297,0,1
2024421529411,2024,421529411,3,9,0,-1,2,0,0,-1,-1,0,0,4,0,0,2,1,-1,6,1,30,6,-1,-1,-1,-1,-1,-1,0,-1
2024501418630,2024,501418630,1,1,0,-1,19,7,3,-1,0,1,0,0,0,0,1,1,-1,9,1,46,8,-1,-1,-1,-1,1,E01015149,0,1
2024991443054,2024,991443054,1,9,0,-1,19,2,6,-1,0,0,0,0,7,4,1,1,-1,2,1,23,5,-1,-1,-1,-1,8,-1,0,2
2024201416704,2024,201416704,2,1,0,-1,3,2,1,-1,0,0,5,0,0,0,2,1,-1,7,1,13,3,-1,-1,-1,-1,2,E01009044,0,1
2024201520204,2024,201520204,2,9,0,-1,19,2,3,-1,0,8,0,0,0,0,1,1,-1,9,1,52,8,-1,-1,-1,-1,3,E01034737,0,1
2024421424222,2024,421424222,1,1,0,-1,5,6,2,-1,0,0,0,0,0,0,1,1,-1,9,1,37,7,-1,-1,-1,-1,10,E01021364,0,1
2024543540524,2024,543540524,1,21,0,9,9,2,8,0,0,2,0,0,0,0,3,1,1,1,1,18,4,-1,-1,-1,-1,10,E01034704,0,5
2024421524247,2024,421524247,2,1,0,-1,-1,-1,-1,-1,-1,0,-1,-1,-1,0,-1,1,-1,6,1,42,7,-1,-1,-1,-1,-1,-1,0,-1
2024430484812,2024,430484812,2,1,5,18,19,7,3,5,5,0,0,0,0,0,1,1,6,6,1,-1,-1,-1,-1,-1,-1,-1,-1,0,-1
2024520002936,2024,520002936,2,19,0,1,1,1,5,0,0,1,0,0,0,0,2,1,6,6,3,-1,-1,-1,-1,-1,-1,-1,-1,0,-1
2024461518055,2024,461518055,1,97,0,-1,13,1,5,-1,0,1,1,0,0,0,1,1,-1,6,3,-1,-1,-1,-1,-1,-1,-1,-1,0,-1
2024221477414,2024,221477414,2,1,0,-1,19,7,2,-1,0,0,0,0,1,10,3,1,-1,9,1,34,6,-1,-1,-1,-1,7,E01028940,0,2
202454E954024,2024,54E954024,2,9,0,18,19,4,8,0,0,0,0,0,0,0,1,1,6,6,1,37,7,-1,-1,-1,-1,8,E01034451,0,4
2024131457783,2024,131457783,2,1,0,-1,19,1,5,-1,0,3,1,0,0,0,3,1,-1,2,1,61,9,-1,-1,-1,-1,10,E01010768,0,1
2024430444763,2024,430444763,2,1,0,18,19,8,4,9,9,0,0,0,0,0,1,1,6,6,1,-1,-1,-1,-1,-1,-1,-1,-1,0,-1
2024552400656,2024,552400656,2,9,0,18,19,2,6,0,0,0,0,0,0,0,2,1,6,6,1,19,4,-1,-1,-1,-1,5,E01015365,0,1
2024610001624,2024,610001624,1,90,0,18,19,2,6,0,0,8,0,0,0,0,1,1,6,6,1,16,4,-1,-1,-1,-1,1,W01001689,0,1
2024440162765,2024,440162765,2,19,0,2,2,0,0,0,0,2,0,0,0,0,3,1,6,6,3,-1,-1,-1,-1,-1,-1,-1,-1,0,-1
2024461486701,2024,461486701,1,9,0,-1,-1,-1,-1,-1,-1,0,-1,-1,-1,0,-1,9,-1,6,2,23,5,-1,-1,-1,-1,8,E01024145,0,1
2024041431385,2024,041431385,2,1,0,-1,19,1,5,-1,0,0,0,0,0,0,2,1,-1,9,1,27,6,-1,-1,-1,-1,2,E01025208,0,1
2024101405886,2024,101405886,1,9,0,-1,19,7,5,-1,0,8,0,0,0,0,4,9,-1,6,3,25,5,-1,-1,-1,-1,-1,-1,0,-1
2024451498869,2024,451498869,1,9,0,-1,19,1,4,-1,0,0,0,0,0,0,1,9,-1,6,3,-1,-1,-1,-1,-1,-1,-1,-1,0,-1
2024010495018,2024,010495018,1,8,0,5,5,1,5,5,5,1,0,0,0,0,1,1,1,1,1,55,8,-1,-1,-1,-1,8,E01002150,0,3
2024471533656,2024,471533656,4,9,0,-1,19,4,8,-1,0,0,0,0,1,0,1,1,-1,2,1,66,10,-1,-1,-1,-1,3,E01020928,0,2
2024401403844,2024,401403844,1,99,0,-1,5,3,7,-1,0,0,0,0,0,0,1,9,-1,7,2,39,7,-1,-1,-1,-1,3,E01015807,0,1
2024361435678,2024,361435678,1,21,0,-1,4,7,3,-1,0,1,0,0,0,0,1,2,-1,1,1,-1,-1,-1,-1,-1,-1,-1,-1,0,-1
2024501419311,2024,501419311,1,9,0,-1,19,7,3,-1,0,6,0,0,0,0,4,9,-1,9,3,-1,-1,-1,-1,-1,-1,-1,-1,0,-1
2024010500673,2024,010500673,3,9,9,99,99,9,9,99,99,9,9,99,9,99,9,9,6,6,3,-1,-1,-1,-1,-1,-1,-1,-1,0,-1
2024010491288,2024,010491288,1,8,0,7,7,7,2,0,0,1,0,0,0,0,4,1,1,1,1,53,8,-1,-1,-1,-1,5,E01002948,0,4
2024161404926,2024,161404926,2,9,0,-1,19,2,6,-1,0,0,0,0,4,0,4,2,-1,2,1,57,9,-1,-1,-1,-1,1,E01012945,0,1
2024430165682,2024,430165682,1,9,0,18,19,3,7,0,0,0,0,0,0,0,1,1,1,1,1,28,6,-1,-1,-1,-1,10,E01016228,0,3
2024131460944,2024,131460944,2,1,0,-1,19,1,5,-1,0,0,0,0,1,0,1,1,-1,9,1,8,2,-1,-1,-1,-1,8,E01010645,0,1
2024111526560,2024,111526560,1,9,0,-1,5,2,6,-1,0,0,0,0,0,0,1,1,-1,6,3,30,6,-1,-1,-1,-1,-1,-1,0,-1
2024010496730,2024,010496730,1,1,9,99,99,9,9,99,99,9,9,99,9,99,9,1,2,2,1,30,6,-1,-1,-1,-1,5,E01002307,0,4
2024421533205,2024,421533205,2,1,0,-1,19,6,2,-1,0,0,0,0,0,0,2,1,-1,6,1,53,8,-1,-1,-1,-1,5,E01021819,0,1
2024070649318,2024,070649318,2,9,0,4,4,5,1,9,9,8,0,0,0,0,4,1,2,2,1,47,8,-1,-1,-1,-1,8,E01018586,0,1
2024332400243,2024,332400243,1,9,0,-1,19,6,2,-1,0,0,5,10,1,0,1,1,-1,2,1,38,7,-1,-1,-1,-1,10,E01028408,0,2
202417H100624,2024,17H100624,2,19,0,18,19,3,7,0,0,8,0,0,0,0,3,1,6,6,1,60,9,-1,-1,-1,-1,-1,-1,0,-1
2024061515662,2024,061515662,2,97,0,-1,19,1,2,-1,0,0,0,0,0,0,4,1,-1,6,1,34,6,-1,-1,-1,-1,1,E01005683,0,1
2024302401587,2024,302401587,2,9,0,18,19,5,1,0,0,0,0,0,0,0,0,1,6,6,3,-1,-1,-1,-1,-1,-1,5,E01019456,0,4
2024991524603,2024,991524603,2,1,0,-1,19,8,5,-1,0,8,0,0,0,0,1,1,-1,9,1,42,7,-1,-1,-1,-1,2,-1,0,1
2024351542803,2024,351542803,1,1,0,-1,19,7,3,-1,9,0,5,0,0,0,1,1,-1,6,1,-1,-1,-1,-1,-1,-1,-1,-1,0,-1
2024622400447,2024,622400447,1,1,0,18,19,2,6,0,0,8,0,0,0,0,1,1,6,6,1,8,2,-1,-1,-1,-1,2,W01001990,0,1
2024451494592,2024,451494592,2,1,0,-1,5,1,5,-1,0,0,0,0,0,0,1,1,-1,6,1,46,8,-1,-1,-1,-1,9,E01030728,0,2
2024311492923,2024,311492923,2,1,0,-1,19,7,2,-1,0,0,0,0,0,0,1,1,-1,6,1,11,3,-1,-1,-1,-1,4,E01027975,0,1
2024461468672,2024,461468672,2,1,0,-1,19,8,4,-1,0,0,0,0,0,0,4,1,-1,6,1,39,7,-1,-1,-1,-1,4,E01016141,0,1
2024201480815,2024,201480815,2,9,0,-1,11,4,2,-1,0,2,0,0,0,0,0,1,-1,6,-1,-1,-1,-1,-1,-1,-1,-1,-1,0,-1
2024010499662,2024,010499662,2,1,0,18,19,3,7,9,9,5,0,0,0,0,2,1,6,6,1,13,3,-1,-1,-1,-1,2,E01003191,0,1
2024201536002,2024,201536002,2,1,0,-1,19,2,6,-1,0,3,0,0,0,0,4,1,-1,9,1,58,9,-1,-1,-1,-1,5,E01031159,0,1
2024010520131,2024,010520131,3,19,0,18,19,1,5,0,0,0,0,0,0,0,1,2,1,1,1,37,7,-1,-1,-1,-1,3,E01003525,0,1
2024201435063,2024,201435063,1,99,0,-1,14,-1,-1,-1,0,8,0,0,0,0,1,9,-1,9,1,16,4,-1,-1,-1,-1,1,E01009445,0,1
2024010517653,2024,010517653,2,9,0,99,99,9,9,99,99,0,9,99,9,99,1,9,6,6,3,-1,-1,-1,-1,-1,-1,-1,-1,0,-1
2024471418172,2024,471418172,2,1,0,-1,19,7,3,-1,0,1,0,0,0,0,3,1,-1,2,1,30,6,-1,-1,-1,-1,6,E01016872,0,4
2024361518181,2024,361518181,1,9,0,-1,19,-1,-1,-1,0,1,0,0,0,0,-1,9,-1,6,2,-1,-1,-1,-1,-1,-1,-1,-1,0,-1
2024061479241,2024,061479241,2,1,0,-1,19,2,6,-1,0,2,0,0,0,0,4,1,-1,6,1,30,6,-1,-1,-1,-1,3,E01005249,0,1
2024430018051,2024,430018051,3,9,0,17,19,1,6,0,0,0,0,0,0,0,3,1,6,6,1,35,6,-1,-1,-1,-1,9,E01028672,0,3
2024070921080,2024,070921080,1,9,0,-1,7,8,2,-1,0,1,-1,-1,0,0,4,1,-1,6,3,30,6,-1,-1,-1,-1,-1,-1,0,-1
2024010492264,2024,010492264,1,9,0,9,9,6,3,0,0,8,0,0,0,0,3,1,6,6,1,26,6,-1,-1,-1,-1,3,E01004060,0,1
2024461442626,2024,461442626,1,9,0,-1,-1,-1,-1,-1,-1,0,-1,-1,-1,0,1,9,-1,6,1,-1,-1,-1,-1,-1,-1,-1,-1,0,-1
2024010517528,2024,010517528,2,90,9,99,99,9,9,99,99,9,9,99,9,99,9,9,6,6,3,-1,-1,-1,-1,-1,-1,-1,-1,0,-1
2024211400058,2024,211400058,2,9,0,-1,19,3,7,-1,0,0,0,0,0,0,1,1,-1,9,3,18,4,-1,-1,-1,-1,-1,-1,0,-1
2024201461388,2024,201461388,1,9,0,-1,1,3,7,-1,9,0,0,0,0,0,2,1,-1,6,3,-1,-1,-1,-1,-1,-1,-1,-1,0,-1
2024010493739,2024,010493739,1,9,0,99,99,9,9,99,99,9,9,99,9,99,2,9,6,6,2,42,7,-1,-1,-1,-1,6,E01000564,0,1
2024041444077,2024,041444077,2,98,0,-1,2,0,0,-1,0,0,0,0,0,0,2,1,-1,6,-1,-1,-1,-1,-1,-1,-1,-1,-1,0,-1
2024991422545,2024,991422545,1,8,0,-1,19,6,5,-1,0,8,0,0,0,0,1,1,-1,1,2,50,8,-1,-1,-1,-1,2,-1,0,1
2024361476164,2024,361476164,1,9,0,-1,4,-1,-1,-1,0,1,0,0,0,0,-1,9,-1,6,1,-1,-1,-1,-1,-1,-1,-1,-1,0,-1
2024010526676,2024,010526676,1,9,0,18,19,6,2,0,0,2,0,0,0,0,3,1,6,6,2,46,8,-1,-1,-1,-1,8,E01002536,0,3
2024332400601,2024,332400601,1,5,0,-1,14,1,5,-1,0,8,0,0,0,0,1,1,-1,8,1,-1,-1,-1,-1,-1,-1,-1,-1,0,-1
2024371517175,2024,371517175,2,9,0,-1,19,1,7,-1,0,0,0,0,0,0,1,1,-1,9,2,37,7,-1,-1,-1,-1,7,E01029902,0,1
2024332400404,2024,332400404,1,1,0,-1,19,7,3,-1,4,8,0,0,0,0,4,1,-1,2,1,20,4,-1,-1,-1,-1,6,E01025723,0,1
202460Q107440,2024,60Q107440,1,20,0,18,19,3,7,0,0,0,0,0,0,0,1,1,1,1,1,26,6,-1,-1,-1,-1,-1,-1,0,-1
2024451413439,2024,451413439,3,9,0,-1,-1,-1,-1,-1,-1,0,-1,-1,-1,0,-1,9,-1,6,3,-1,-1,-1,-1,-1,-1,-1,-1,0,-1
2024471477407,2024,471477407,3,21,0,-1,9,4,1,-1,0,1,0,0,0,0,0,9,-1,6,-1,-1,-1,-1,-1,-1,-1,-1,-1,0,-1
2024520401360,2024,520401360,1,9,0,9,9,4,2,0,0,8,0,0,1,10,1,1,6,6,2,75,10,-1,-1,-1,-1,4,E01029336,0,1
2024401539231,2024,401539231,2,1,0,-1,19,8,4,-1,9,0,0,0,0,0,3,1,-1,6,1,7,2,-1,-1,-1,-1,5,E01017524,0,1
2024201458885,2024,201458885,2,1,0,-1,5,5,1,-1,0,0,0,0,0,0,1,1,-1,6,1,12,3,-1,-1,-1,-1,3,E01010434,0,1
2024101441002,2024,101441002,2,1,0,-1,19,7,3,-1,0,0,5,0,0,0,4,1,-1,9,1,11,3,-1,-1,-1,-1,1,E01008610,0,1
2024610013824,2024,610013824,2,4,0,3,3,0,0,0,0,8,0,0,0,0,1,1,6,6,1,60,9,-1,-1,-1,-1,8,E01022255,0,3
2024131498829,2024,131498829,2,9,0,-1,2,3,7,-1,0,8,0,4,0,0,2,1,-1,6,-1,-1,-1,-1,-1,-1,-1,-1,-1,0,-1
2024430024041,2024,430024041,1,9,0,17,19,6,3,0,0,0,0,0,0,0,1,1,6,6,1,42,7,-1,-1,-1,-1,9,E01030760,0,3
2024010497195,2024,010497195,1,3,0,99,99,9,9,99,99,0,9,99,9,99,1,1,1,1,3,42,7,-1,-1,-1,-1,5,E01000747,0,2
2024451453220,2024,451453220,2,1,0,-1,19,6,6,-1,0,1,0,0,0,0,1,1,-1,9,1,43,7,-1,-1,-1,-1,9,E01004155,0,3
2024010490443,2024,010490443,2,11,0,2,2,0,0,0,0,0,0,0,0,0,1,1,6,6,3,-1,-1,-1,-1,-1,-1,-1,-1,0,-1
2024302401066,2024,302401066,3,9,0,2,2,0,0,0,0,1,0,0,0,0,0,1,6,6,3,-1,-1,-1,-1,-1,-1,-1,-1,0,-1
2024991480489,2024,991480489,2,1,0,-1,19,4,4,-1,0,0,0,0,1,0,3,1,-1,6,1,65,9,-1,-1,-1,-1,7,-1,0,1
2024010494752,2024,010494752,2,9,0,18,19,1,5,0,0,2,0,0,0,0,1,1,6,6,2,56,9,-1,-1,-1,-1,7,E01002349,0,1
2024010558757,2024,010558757,1,1,9,99,99,9,9,99,99,0,9,99,9,99,9,1,2,2,1,33,6,-1,-1,-1,-1,4,E01003249,0,1
2024302400541,2024,302400541,1,9,0,18,19,2,6,0,0,0,0,0,0,0,1,1,6,6,1,59,9,-1,-1,-1,-1,7,E01011889,0,4
2024991511589,2024,991511589,2,1,0,-1,19,6,2,-1,0,0,0,0,0,0,2,1,-1,9,1,45,7,-1,-1,-1,-1,7,-1,0,2
2024430205655,2024,430205655,1,9,0,1,1,2,6,0,0,2,0,0,0,0,2,1,6,6,1,-1,-1,-1,-1,-1,-1,-1,-1,0,-1
2024111502043,2024,111502043,1,90,0,-1,19,4,8,-1,0,0,0,0,0,0,1,1,-1,6,1,75,10,-1,-1,-1,-1,-1,-1,0,-1
2024052402555,2024,052402555,1,9,0,5,5,8,4,0,0,0,0,0,0,0,1,1,6,6,3,-1,-1,-1,-1,-1,-1,-1,-1,0,-1
2024131506633,2024,131506633,2,22,0,-1,19,8,4,-1,0,8,0,0,0,0,1,1,-1,6,2,92,11,-1,-1,-1,-1,5,E01011821,0,1
2024340WN0342,2024,340WN0342,1,9,0,-1,6,5,5,-1,0,2,0,0,0,0,3,1,-1,6,3,-1,-1,-1,-1,-1,-1,-1,-1,0,-1
2024440459718,2024,440459718,2,9,0,18,19,5,7,0,0,6,0,0,0,0,1,1,6,6,2,55,8,-1,-1,-1,-1,8,E01022983,0,1
2024501411333,2024,501411333,1,9,0,-1,19,4,7,-1,0,0,0,0,0,0,3,1,-1,9,1,21,5,-1,-1,-1,-1,2,E01020015,0,1
2024010532653,2024,010532653,1,1,0,18,19,4,8,0,0,8,0,0,0,0,1,1,2,2,2,48,8,-1,-1,-1,-1,2,E01004469,0,1
2024311421572,2024,311421572,203,9,0,-1,19,5,1,-1,9,0,0,0,7,10,1,1,-1,6,1,49,8,-1,-1,-1,-1,9,E01028047,0,1
2024340WN3652,2024,340WN3652,2,1,0,-1,19,5,1,-1,0,0,0,0,0,0,1,1,-1,9,1,24,5,-1,-1,-1,-1,10,E01035410,0,3
2024010492647,2024,010492647,1,3,0,18,19,1,5,0,0,0,0,0,0,0,4,1,1,1,1,28,6,-1,-1,-1,-1,4,E01001090,0,1
2024010490376,2024,010490376,2,9,9,18,19,5,1,0,0,4,9,12,0,0,9,9,6,6,3,-1,-1,-1,-1,-1,-1,-1,-1,0,-1
2024440016343,2024,440016343,1,1,0,18,19,7,3,0,0,1,0,0,0,0,3,1,4,7,1,12,3,-1,-1,-1,-1,9,E01023191,0,1
2024010541996,2024,010541996,2,9,0,9,9,6,4,0,0,5,0,0,0,0,1,1,6,6,1,24,5,-1,-1,-1,-1,8,E01003027,0,1
2024010495233,2024,010495233,1,9,0,99,99,9,9,99,99,9,9,99,9,99,2,9,6,6,1,32,6,-1,-1,-1,-1,2,E01033151,0,1
2024010488790,2024,010488790,2,9,0,99,99,9,9,99,99,9,9,99,9,99,1,9,6,6,2,50,8,-1,-1,-1,-1,5,E01000728,0,1
2024311505782,2024,311505782,1,9,0,-1,15,1,5,-1,0,0,1,0,5,6,1,1,-1,9,1,50,8,-1,-1,-1,-1,3,E01013133,0,4
2024010540099,2024,010540099,2,9,0,4,4,5,1,0,0,2,0,0,0,0,2,1,6,6,1,20,4,-1,-1,-1,-1,3,E01004573,0,3
2024201491479,2024,201491479,2,1,0,-1,19,6,2,-1,0,8,0,0,0,0,1,1,-1,6,1,56,9,-1,-1,-1,-1,1,E01009136,0,1
2024061409669,2024,061409669,2,9,0,-1,2,1,1,-1,0,1,0,0,0,0,2,2,-1,9,1,51,8,-1,-1,-1,-1,5,E01025522,0,3
2024461484840,2024,461484840,2,9,0,-1,19,3,5,-1,0,1,0,0,0,0,3,1,-1,9,2,19,4,-1,-1,-1,-1,5,E01024674,0,1
2024010506841,2024,010506841,2,1,0,18,19,7,3,0,0,0,0,10,1,10,1,1,6,6,2,21,5,-1,-1,-1,-1,8,E01023232,0,4
2024221522327,2024,221522327,2,9,0,-1,19,8,4,-1,0,1,0,0,0,0,1,1,-1,6,3,27,6,-1,-1,-1,-1,-1,-1,0,-1
2024430168104,2024,430168104,1,5,0,18,19,2,6,0,0,8,1,9,3,1,1,1,6,6,1,29,6,-1,-1,-1,-1,5,E01018183,0,4
2024211443352,2024,211443352,1,9,0,-1,9,4,1,-1,0,8,0,0,0,0,4,1,-1,9,1,65,9,-1,-1,-1,-1,-1,-1,0,-1
2024041482444,2024,041482444,1,9,0,-1,19,4,8,-1,0,2,0,0,0,0,1,1,-1,9,1,24,5,-1,-1,-1,-1,3,E01005481,0,4
2024070526964,2024,070526964,2,1,0,18,19,8,4,0,0,1,0,0,0,0,3,1,6,6,1,18,4,-1,-1,-1,-1,10,E01018507,0,1
2024010495659,2024,010495659,1,9,0,3,3,6,2,0,0,0,0,0,0,0,1,1,6,6,1,44,7,-1,-1,-1,-1,2,E01000627,0,1
2024440274643,2024,440274643,2,9,0,18,19,4,8,0,0,1,0,0,0,0,1,1,6,6,2,57,9,-1,-1,-1,-1,3,E01023083,0,3
2024311506087,2024,311506087,2,1,0,-1,19,2,6,-1,0,0,0,4,0,0,1,1,-1,6,1,18,4,-1,-1,-1,-1,-1,-1,0,-1
2024421531029,2024,421531029,1,9,0,-1,19,1,5,-1,0,0,0,0,1,3,1,2,-1,1,2,49,8,-1,-1,-1,-1,10,E01033055,0,3
2024471538772,2024,471538772,2,1,0,-1,9,1,7,-1,0,8,0,0,0,0,3,1,-1,2,2,62,9,-1,-1,-1,-1,4,E01031836,0,1
2024401534031,2024,401534031,2,9,-1,-1,-1,-1,-1,-1,-1,0,-1,-1,-1,0,-1,9,-1,6,3,-1,-1,-1,-1,-1,-1,-1,-1,0,-1
2024461532684,2024,461532684,1,9,0,-1,1,8,3,-1,0,2,0,4,0,0,1,9,-1,6,2,-1,-1,-1,-1,-1,-1,-1,-1,0,-1
2024141512807,2024,141512807,2,1,0,-1,19,4,1,-1,0,1,1,0,0,0,4,1,-1,6,1,39,7,-1,-1,-1,-1,1,E01007874,0,1
2024361397004,2024,361397004,1,1,0,-1,9,7,6,-1,0,5,0,0,0,0,4,1,-1,9,1,16,4,-1,-1,-1,-1,5,E01026739,0,1
2024010535062,2024,010535062,2,1,0,11,11,5,1,0,0,1,0,0,0,0,2,1,6,6,1,27,6,-1,-1,-1,-1,7,E01002687,0,2
2024122500172,2024,122500172,2,1,0,5,5,5,1,0,0,4,0,0,0,0,4,1,6,6,1,48,8,-1,-1,-1,-1,1,E01035191,0,4