collision_index,collision_year,collision_ref_no,vehicle_reference,vehicle_type,towing_and_articulation,vehicle_manoeuvre_historic,vehicle_manoeuvre,vehicle_direction_from,vehicle_direction_to,vehicle_location_restricted_lane_historic,vehicle_location_restricted_lane,junction_location,skidding_and_overturning,hit_object_in_carriageway,vehicle_leaving_carriageway,hit_object_off_carriageway,first_point_of_impact,vehicle_left_hand_drive,journey_purpose_of_driver_historic,journey_purpose_of_driver,sex_of_driver,age_of_driver,age_band_of_driver,engine_capacity_cc,propulsion_code,age_of_vehicle,generic_make_model,driver_imd_decile,lsoa_of_driver,escooter_flag,driver_distance_banding
2024131522952,2024,131522952,4,9,0,-1,2,0,0,-1,0,8,0,0,0,0,1,1,-1,6,-1,-1,-1,-1,-1,-1,-1,-1,-1,0,-1
2024421485616,2024,421485616,1,9,0,-1,19,5,1,-1,0,0,0,0,0,0,1,1,-1,9,2,48,8,-1,-1,-1,-1,6,E01021413,0,4
2024010490947,2024,010490947,1,3,0,18,19,1,5,0,0,1,0,0,0,0,1,1,6,6,1,29,6,-1,-1,-1,-1,3,E01001154,0,1
2024430177959,2024,430177959,1,1,0,18,19,2,6,9,9,0,0,0,0,0,1,1,2,2,1,31,6,-1,-1,-1,-1,5,E01016460,0,1
2024010549230,2024,010549230,2,1,0,18,19,5,1,0,0,2,0,0,0,0,3,1,6,6,1,36,7,-1,-1,-1,-1,5,E01002118,0,1
2024010496266,2024,010496266,2,9,0,99,99,9,9,99,99,9,9,99,9,99,1,9,6,6,3,-1,-1,-1,-1,-1,-1,-1,-1,0,-1
2024520401425,2024,520401425,1,9,0,17,19,3,7,0,0,0,0,0,1,3,1,1,6,6,2,41,7,-1,-1,-1,-1,2,E01032239,0,5
2024421503710,2024,421503710,1,9,0,-1,19,5,1,-1,9,0,0,0,0,0,1,1,-1,6,3,-1,-1,-1,-1,-1,-1,-1,-1,0,-1
2024010521910,2024,010521910,3,-1,0,18,19,5,1,0,0,6,0,0,0,0,1,1,6,6,1,50,8,-1,-1,-1,-1,2,E01033713,1,1
2024501532447,2024,501532447,2,9,0,-1,3,1,5,-1,0,1,0,0,0,0,-1,9,-1,6,2,33,6,-1,-1,-1,-1,3,E01015060,0,1
2024161443818,2024,161443818,2,1,0,-1,19,2,6,-1,0,0,0,0,0,0,4,1,-1,6,2,22,5,-1,-1,-1,-1,1,E01012847,0,1
2024421435189,2024,421435189,1,98,0,-1,19,3,8,-1,0,0,0,0,0,0,0,1,-1,6,-1,-1,-1,-1,-1,-1,-1,-1,-1,0,-1
2024361477864,2024,361477864,3,98,0,-1,19,4,8,-1,0,0,0,0,0,0,0,1,-1,6,-1,-1,-1,-1,-1,-1,-1,-1,-1,0,-1
2024041511503,2024,041511503,1,17,0,-1,-1,-1,-1,-1,-1,0,-1,-1,-1,0,-1,9,-1,6,3,-1,-1,-1,-1,-1,-1,-1,-1,0,-1
2024531502554,2024,531502554,3,9,0,-1,19,7,3,-1,0,0,0,0,1,0,1,1,-1,1,1,31,6,-1,-1,-1,-1,6,E01032404,0,4
2024340WN5342,2024,340WN5342,1,9,0,-1,19,3,7,-1,0,0,0,0,0,0,1,1,-1,9,1,61,9,-1,-1,-1,-1,6,E01027169,0,1
2024430346440,2024,430346440,2,9,0,1,1,1,5,99,99,0,0,0,0,0,2,9,6,6,1,43,7,-1,-1,-1,-1,-1,-1,0,-1
2024520403088,2024,520403088,1,-1,0,7,7,4,7,0,0,8,0,0,0,0,1,1,6,6,3,-1,-1,-1,-1,-1,-1,-1,-1,1,-1
2024451516693,2024,451516693,1,9,0,-1,-1,-1,-1,-1,-1,0,-1,-1,-1,0,-1,9,-1,2,2,28,6,-1,-1,-1,-1,3,E01002649,0,2
2024141515941,2024,141515941,2,1,0,-1,19,8,4,-1,2,0,0,0,0,0,3,1,-1,9,1,42,7,-1,-1,-1,-1,2,E01007779,0,1
2024320015780,2024,320015780,3,21,0,18,19,3,7,0,0,0,0,0,0,0,3,1,1,1,1,36,7,-1,-1,-1,-1,8,E01015498,0,5
2024332401259,2024,332401259,1,1,0,-1,19,3,7,-1,0,0,0,0,0,0,1,1,-1,6,1,17,4,-1,-1,-1,-1,7,E01013759,0,1
2024351451925,2024,351451925,2,1,0,-1,19,6,2,-1,0,1,0,0,0,0,4,1,-1,7,2,26,6,-1,-1,-1,-1,8,E01035513,0,1
2024430106571,2024,430106571,1,9,0,18,19,2,6,0,0,0,0,0,0,0,4,1,2,2,1,30,6,-1,-1,-1,-1,10,E01017675,0,1
2024010490797,2024,010490797,1,1,9,99,99,9,9,99,99,9,9,99,9,99,9,1,6,6,1,34,6,-1,-1,-1,-1,2,E01033709,0,1
2024221529875,2024,221529875,2,1,0,-1,19,3,7,-1,0,8,0,0,0,0,1,1,-1,6,1,19,4,-1,-1,-1,-1,-1,-1,0,-1
2024161423192,2024,161423192,1,9,0,-1,19,1,5,-1,0,0,0,0,0,0,0,1,-1,6,2,53,8,-1,-1,-1,-1,1,E01013212,0,1
2024161511527,2024,161511527,2,1,0,-1,19,5,1,-1,0,6,0,0,0,0,1,1,-1,6,1,51,8,-1,-1,-1,-1,9,E01013193,0,1
2024010489169,2024,010489169,2,9,0,99,99,9,9,99,99,0,9,99,9,99,3,9,6,6,3,-1,-1,-1,-1,-1,-1,-1,-1,0,-1
2024552401447,2024,552401447,1,1,0,18,19,8,4,0,0,4,0,0,0,0,1,1,6,6,1,22,5,-1,-1,-1,-1,8,E01015447,0,2
2024481569638,2024,481569638,2,1,0,-1,19,7,1,-1,5,8,0,0,0,0,3,1,-1,2,2,24,5,-1,-1,-1,-1,-1,-1,0,-1
2024411490832,2024,411490832,1,9,0,-1,19,1,5,-1,0,0,1,0,0,0,1,1,-1,1,2,40,7,-1,-1,-1,-1,9,E01023615,0,1
2024061434131,2024,061434131,1,9,9,-1,8,5,1,-1,99,8,0,0,2,5,1,1,-1,6,3,30,6,-1,-1,-1,-1,-1,-1,0,-1
2024101420171,2024,101420171,1,9,0,-1,13,7,3,-1,0,1,0,0,0,0,4,9,-1,6,3,-1,-1,-1,-1,-1,-1,-1,-1,0,-1
2024052400428,2024,052400428,1,9,-1,7,7,4,6,0,0,1,-1,-1,9,-1,-1,9,6,6,1,51,8,-1,-1,-1,-1,2,E01007047,0,2
2024131421200,2024,131421200,1,9,0,-1,-1,-1,-1,-1,-1,-1,-1,-1,-1,-1,-1,1,-1,6,3,-1,-1,-1,-1,-1,-1,-1,-1,0,-1
2024340WN6152,2024,340WN6152,1,97,0,-1,9,7,5,-1,9,8,1,0,1,10,1,1,-1,6,1,15,3,-1,-1,-1,-1,1,E01027168,0,1
2024421502581,2024,421502581,2,11,0,-1,19,7,3,-1,0,3,0,0,0,0,2,1,-1,1,1,24,5,-1,-1,-1,-1,5,E01026390,0,5
2024141452202,2024,141452202,2,1,0,-1,9,5,2,-1,0,1,5,0,0,0,4,1,-1,9,1,11,3,-1,-1,-1,-1,1,E01007634,0,1
2024546115024,2024,546115024,1,9,0,9,9,5,3,0,0,6,0,0,0,0,3,1,6,6,2,20,4,-1,-1,-1,-1,9,E01016299,0,4
2024141459609,2024,141459609,2,22,0,-1,5,3,7,-1,9,1,0,0,0,0,0,1,-1,6,1,60,9,-1,-1,-1,-1,-1,-1,0,-1
2024461485572,2024,461485572,2,9,0,-1,19,5,1,-1,0,1,0,0,0,0,1,1,-1,6,1,44,7,-1,-1,-1,-1,5,E01024485,0,1
2024031528377,2024,031528377,1,9,0,-1,19,5,1,-1,0,1,0,0,0,0,1,1,-1,9,2,38,7,-1,-1,-1,-1,7,E01019397,0,2
2024520401344,2024,520401344,1,9,0,18,19,1,5,0,0,8,0,0,0,0,3,1,6,6,1,18,4,-1,-1,-1,-1,8,E01029201,0,3
2024351434523,2024,351434523,1,9,0,-1,13,1,1,-1,0,0,1,0,0,0,1,1,-1,6,1,79,11,-1,-1,-1,-1,10,E01017777,0,5
2024010488663,2024,010488663,1,9,0,9,9,3,2,0,0,5,0,0,0,0,1,1,6,6,1,28,6,-1,-1,-1,-1,2,E01003055,0,2
2024101467767,2024,101467767,1,8,0,-1,7,2,4,-1,0,8,0,0,0,0,3,9,-1,1,3,-1,-1,-1,-1,-1,-1,-1,-1,0,-1
2024010543365,2024,010543365,1,1,0,15,15,5,1,0,0,1,0,4,0,0,1,1,6,6,1,58,9,-1,-1,-1,-1,9,E01004387,0,1
2024041442900,2024,041442900,1,9,0,-1,19,4,3,-1,0,1,0,0,0,0,1,1,-1,6,1,37,7,-1,-1,-1,-1,6,E01025608,0,2
2024010517926,2024,010517926,1,-1,0,18,19,1,5,0,0,0,0,0,0,0,0,1,6,6,1,21,5,-1,-1,-1,-1,4,E01034616,1,3
2024211520448,2024,211520448,4,9,5,-1,2,5,1,-1,-1,0,0,4,0,0,2,1,-1,9,1,58,9,-1,-1,-1,-1,-1,-1,0,-1
2024010496664,2024,010496664,2,9,0,99,99,9,9,99,99,9,9,99,0,0,2,9,6,6,3,-1,-1,-1,-1,-1,-1,-1,-1,0,-1
2024501522523,2024,501522523,1,9,0,-1,19,4,8,-1,0,0,0,0,0,0,1,9,-1,6,3,-1,-1,-1,-1,-1,-1,-1,-1,0,-1
2024520401474,2024,520401474,1,9,0,18,19,1,5,0,0,0,0,0,0,0,3,1,6,6,2,28,6,-1,-1,-1,-1,2,E01029112,0,3
2024070228858,2024,070228858,3,9,0,18,19,4,8,0,0,1,0,0,0,0,1,1,3,7,1,71,10,-1,-1,-1,-1,5,E01018532,0,3
2024161498910,2024,161498910,1,21,4,-1,4,8,4,-1,0,0,0,0,0,0,2,1,-1,1,1,60,9,-1,-1,-1,-1,4,E01012986,0,4
2024010535430,2024,010535430,2,90,0,18,19,5,1,0,0,0,0,0,0,0,3,1,6,6,1,29,6,-1,-1,-1,-1,-1,-1,0,-1
2024631533583,2024,631533583,1,9,0,-1,14,5,1,-1,0,0,0,0,0,0,4,1,-1,1,1,60,9,-1,-1,-1,-1,-1,-1,0,-1
2024101410849,2024,101410849,1,23,0,-1,19,5,1,-1,0,1,1,0,1,0,1,1,-1,6,1,14,3,-1,-1,-1,-1,8,E01008235,0,1
2024461437182,2024,461437182,2,9,0,-1,19,7,3,-1,0,1,2,0,7,0,1,1,-1,6,1,40,7,-1,-1,-1,-1,2,E01023973,0,3
2024061457727,2024,061457727,1,9,0,-1,19,1,5,-1,0,1,0,0,0,0,1,1,-1,9,2,73,10,-1,-1,-1,-1,5,E01005648,0,1
2024610043124,2024,610043124,1,8,0,18,19,3,7,0,0,0,0,0,0,0,1,1,1,1,3,-1,-1,-1,-1,-1,-1,-1,-1,0,-1
2024010492586,2024,010492586,2,9,0,6,6,5,5,0,0,0,0,0,0,0,1,1,6,6,1,23,5,-1,-1,-1,-1,3,E01000138,0,1
202454C912924,2024,54C912924,1,9,0,16,19,1,3,0,0,0,0,0,0,0,0,1,6,6,3,-1,-1,-1,-1,-1,-1,-1,-1,0,-1
2024522402047,2024,522402047,2,1,0,18,19,3,7,0,0,8,0,0,0,0,1,1,6,6,1,52,8,-1,-1,-1,-1,7,E01014712,0,3
2024010509914,2024,010509914,2,1,0,18,19,7,3,0,0,6,0,0,0,0,4,1,6,6,1,27,6,-1,-1,-1,-1,-1,-1,0,-1
2024440457942,2024,440457942,1,90,0,18,19,1,5,0,0,8,0,0,0,0,1,1,6,6,1,37,7,-1,-1,-1,-1,2,E01017266,0,1
2024010536254,2024,010536254,1,1,9,99,99,9,9,99,99,0,9,8,9,99,2,1,6,6,1,26,6,-1,-1,-1,-1,2,E01003243,0,1
2024010495515,2024,010495515,1,3,9,99,99,9,9,99,99,1,9,99,9,99,2,1,2,2,1,23,5,-1,-1,-1,-1,4,E01000618,0,1
2024340NN2462,2024,340NN2462,1,9,0,-1,11,3,7,-1,0,0,0,0,0,0,0,1,-1,6,3,-1,-1,-1,-1,-1,-1,-1,-1,0,-1
2024430597354,2024,430597354,1,9,0,7,7,4,8,0,0,5,0,0,0,0,4,1,6,6,3,-1,-1,-1,-1,-1,-1,-1,-1,0,-1
2024311428669,2024,311428669,2,9,-1,-1,19,1,5,-1,0,0,0,0,0,0,0,9,-1,6,3,-1,-1,-1,-1,-1,-1,-1,-1,0,-1
2024421449254,2024,421449254,1,11,0,-1,5,7,3,-1,0,0,0,0,0,0,4,1,-1,1,1,42,7,-1,-1,-1,-1,4,E01015871,0,3
2024430289248,2024,430289248,2,1,0,18,19,6,2,9,9,8,0,0,0,0,1,1,6,6,2,-1,-1,-1,-1,-1,-1,-1,-1,0,-1
2024010487359,2024,010487359,2,9,0,99,99,9,9,0,0,9,9,99,9,99,1,9,6,6,3,-1,-1,-1,-1,-1,-1,-1,-1,0,-1
2024221462682,2024,221462682,2,1,0,-1,19,5,1,-1,0,8,0,0,0,0,1,1,-1,6,2,28,6,-1,-1,-1,-1,7,E01009067,0,2
2024501412486,2024,501412486,1,9,9,-1,19,-1,-1,-1,0,1,0,0,0,0,1,9,-1,2,2,-1,-1,-1,-1,-1,-1,-1,-1,0,-1
2024010497091,2024,010497091,2,9,0,4,4,2,6,0,0,0,0,0,0,0,1,1,6,6,1,30,6,-1,-1,-1,-1,4,E01004380,0,1
2024451459752,2024,451459752,2,97,0,-1,19,5,1,-1,0,1,0,0,0,0,3,1,-1,6,1,71,10,-1,-1,-1,-1,9,E01030532,0,1
2024371423444,2024,371423444,2,1,0,-1,19,1,5,-1,0,8,0,0,0,0,4,1,-1,6,1,42,7,-1,-1,-1,-1,5,E01030130,0,1
2024991511714,2024,991511714,1,9,0,-1,19,6,2,-1,0,0,2,0,0,0,4,1,-1,2,2,37,7,-1,-1,-1,-1,3,-1,0,3
2024010523139,2024,010523139,1,9,9,99,99,9,9,99,99,9,9,99,9,99,9,9,6,6,3,-1,-1,-1,-1,-1,-1,-1,-1,0,-1
2024010489887,2024,010489887,2,9,0,99,99,9,9,99,99,9,9,99,9,99,1,9,6,6,3,-1,-1,-1,-1,-1,-1,-1,-1,0,-1
2024991464417,2024,991464417,1,97,0,-1,14,7,3,-1,0,1,0,0,0,0,1,1,-1,9,1,48,8,-1,-1,-1,-1,-1,-1,0,-1
2024061455490,2024,061455490,1,1,0,-1,19,-1,-1,-1,0,0,0,0,0,0,3,1,-1,2,1,55,8,-1,-1,-1,-1,10,E01004771,0,4
2024522403394,2024,522403394,2,9,0,1,1,1,5,0,0,6,0,0,0,0,2,1,6,6,1,36,7,-1,-1,-1,-1,9,E01014955,0,1
2024010521730,2024,010521730,5,9,0,18,19,4,8,0,0,0,0,0,0,0,1,1,6,6,3,-1,-1,-1,-1,-1,-1,-1,-1,0,-1
2024131535638,2024,131535638,2,90,0,-1,19,2,6,-1,0,1,0,0,0,0,-1,1,-1,6,3,-1,-1,-1,-1,-1,-1,-1,-1,0,-1
2024010534392,2024,010534392,1,9,9,18,19,5,1,0,0,2,9,99,0,0,0,9,6,6,3,-1,-1,-1,-1,-1,-1,-1,-1,0,-1
2024010534442,2024,010534442,1,3,0,99,99,9,9,99,99,9,9,99,9,99,1,1,6,6,3,-1,-1,-1,-1,-1,-1,-1,-1,0,-1
2024010527314,2024,010527314,2,90,0,99,99,9,9,99,99,9,9,99,9,99,9,9,6,6,3,-1,-1,-1,-1,-1,-1,-1,-1,0,-1
2024471443311,2024,471443311,1,9,0,-1,19,1,5,-1,0,0,0,0,0,0,4,1,-1,9,2,92,11,-1,-1,-1,-1,8,E01021098,0,4
2024052402818,2024,052402818,1,9,0,9,9,5,3,0,0,0,0,0,0,0,3,1,6,6,3,-1,-1,-1,-1,-1,-1,-1,-1,0,-1
2024101527749,2024,101527749,1,97,0,-1,9,8,5,-1,0,8,5,0,0,0,1,1,-1,6,1,-1,-1,-1,-1,-1,-1,-1,-1,0,-1
2024201426629,2024,201426629,1,9,0,-1,19,3,7,-1,0,0,0,0,0,0,1,9,-1,6,1,35,6,-1,-1,-1,-1,-1,-1,0,-1
2024010493543,2024,010493543,1,9,0,6,6,1,1,0,0,1,0,0,0,0,2,1,6,6,2,56,9,-1,-1,-1,-1,5,E01003262,0,1
2024010525729,2024,010525729,2,1,0,18,19,3,7,2,2,1,0,0,0,0,3,1,6,6,1,39,7,-1,-1,-1,-1,3,E01035657,0,2
2024311493219,2024,311493219,2,9,0,-1,4,1,5,-1,0,0,0,0,0,0,1,1,-1,9,2,62,9,-1,-1,-1,-1,-1,-1,0,-1
202460Q041041,2024,60Q041041,2,9,0,18,19,5,2,0,0,1,0,0,0,0,1,1,2,2,2,67,10,-1,-1,-1,-1,-1,-1,0,-1
2024061435167,2024,061435167,1,5,0,-1,4,-1,-1,-1,0,1,1,10,1,0,4,1,-1,2,1,37,7,-1,-1,-1,-1,9,E01005742,0,1
2024361451059,2024,361451059,1,9,0,-1,19,1,5,-1,0,1,0,0,0,0,1,1,-1,2,1,21,5,-1,-1,-1,-1,5,E01026433,0,3
2024430001671,2024,430001671,1,9,0,18,19,4,8,0,0,1,0,0,0,0,1,1,6,6,2,76,11,-1,-1,-1,-1,8,E01016786,0,1
2024522402013,2024,522402013,1,1,0,18,19,6,2,0,0,0,0,0,0,0,4,1,6,6,3,-1,-1,-1,-1,-1,-1,-1,-1,0,-1
2024522403306,2024,522403306,2,1,0,5,5,5,1,0,0,6,0,0,0,0,4,1,6,6,1,57,9,-1,-1,-1,-1,1,E01033356,0,1
2024201461024,2024,201461024,2,9,0,-1,19,7,3,-1,0,1,0,0,0,0,4,9,-1,6,1,20,4,-1,-1,-1,-1,1,E01009269,0,1
2024522402238,2024,522402238,2,1,0,5,5,5,1,0,0,8,0,0,0,0,1,1,6,6,2,61,9,-1,-1,-1,-1,-1,-1,0,-1
2024010492308,2024,010492308,2,9,0,4,4,3,7,0,0,0,0,0,0,0,2,1,6,6,1,38,7,-1,-1,-1,-1,3,E01016452,0,3
2024471485248,2024,471485248,3,98,0,-1,4,6,1,-1,0,1,0,0,0,0,0,9,-1,6,-1,-1,-1,-1,-1,-1,-1,-1,-1,0,-1
2024010492338,2024,010492338,1,9,3,18,19,3,7,5,5,0,1,10,7,10,1,1,6,6,1,34,6,-1,-1,-1,-1,5,E01004366,0,1
2024520500129,2024,520500129,2,9,0,18,19,5,1,0,0,8,0,0,0,0,3,1,6,6,3,-1,-1,-1,-1,-1,-1,-1,-1,0,-1
2024221481291,2024,221481291,2,1,0,-1,19,8,4,-1,0,8,0,0,0,0,1,1,-1,2,1,54,8,-1,-1,-1,-1,4,E01014191,0,1
2024440015480,2024,440015480,1,9,0,9,9,3,1,0,0,5,0,10,7,0,1,1,6,6,1,31,6,-1,-1,-1,-1,1,E01017207,0,1
2024010525685,2024,010525685,1,1,9,18,19,7,3,99,99,9,9,99,9,99,9,1,6,6,1,17,4,-1,-1,-1,-1,8,E01002817,0,1
2024201502809,2024,201502809,2,9,0,-1,19,1,5,-1,0,8,1,0,0,0,1,9,-1,9,1,30,6,-1,-1,-1,-1,9,E01009724,0,1
2024461442989,2024,461442989,1,9,0,-1,19,6,2,-1,0,8,0,0,7,0,1,1,-1,6,1,48,8,-1,-1,-1,-1,5,E01024082,0,3
2024010510210,2024,010510210,2,9,0,99,99,9,9,99,99,9,9,99,9,99,1,9,6,6,3,-1,-1,-1,-1,-1,-1,2,E01033086,0,1
2024211524560,2024,211524560,2,90,0,-1,19,1,5,-1,0,4,0,99,0,0,9,9,-1,6,3,-1,-1,-1,-1,-1,-1,-1,-1,0,-1
2024010517521,2024,010517521,1,1,9,3,3,9,9,99,99,0,9,99,9,99,2,1,2,2,1,28,6,-1,-1,-1,-1,4,E01000547,0,2
2024052401419,2024,052401419,2,1,0,18,19,4,8,0,0,1,0,0,0,0,1,1,2,2,1,37,7,-1,-1,-1,-1,1,E01006633,0,1
2024461404182,2024,461404182,1,9,0,-1,19,8,4,-1,0,0,0,0,0,0,1,9,-1,6,1,87,11,-1,-1,-1,-1,10,E01024272,0,1
2024430233977,2024,430233977,2,19,0,2,2,0,0,0,0,2,0,0,0,0,3,1,6,6,1,-1,-1,-1,-1,-1,-1,-1,-1,0,-1
2024440412335,2024,440412335,1,1,0,18,19,8,4,0,0,8,0,0,0,0,1,1,6,6,1,23,5,-1,-1,-1,-1,-1,-1,0,-1
2024010537676,2024,010537676,2,9,0,99,99,9,9,99,99,5,9,99,9,99,1,9,6,6,3,-1,-1,-1,-1,-1,-1,-1,-1,0,-1
2024010538451,2024,010538451,2,1,0,18,19,7,3,0,0,1,0,0,0,0,4,1,2,2,2,28,6,-1,-1,-1,-1,8,E01004498,0,1
2024061481377,2024,061481377,1,9,0,-1,19,3,1,-1,0,5,0,0,1,0,4,1,-1,9,1,55,8,-1,-1,-1,-1,10,E01006395,0,1
2024461440539,2024,461440539,1,9,0,-1,9,7,4,-1,0,2,0,0,0,0,1,9,-1,9,1,34,6,-1,-1,-1,-1,3,E01024307,0,1
2024991524584,2024,991524584,1,9,0,-1,5,1,5,-1,0,1,0,0,0,0,1,1,-1,9,1,37,7,-1,-1,-1,-1,7,-1,0,1
2024010490707,2024,010490707,1,9,0,7,7,7,2,0,0,5,0,0,0,0,4,1,2,2,2,50,8,-1,-1,-1,-1,7,E01001195,0,1
2024302400280,2024,302400280,2,1,0,18,19,7,3,0,0,8,0,0,0,0,2,1,6,6,2,57,9,-1,-1,-1,-1,9,E01019631,0,2
2024010506695,2024,010506695,1,1,9,99,99,9,9,99,99,9,9,99,9,99,1,1,2,2,1,54,8,-1,-1,-1,-1,5,E01003276,0,1
2024010530211,2024,010530211,1,1,9,99,99,9,9,99,99,9,9,99,9,99,2,1,1,1,1,23,5,-1,-1,-1,-1,5,E01002004,0,3
2024201498623,2024,201498623,2,9,0,-1,19,8,4,-1,0,8,0,0,0,0,1,1,-1,6,1,22,5,-1,-1,-1,-1,7,E01009260,0,1
2024070447632,2024,070447632,1,9,0,18,19,1,5,0,0,2,0,0,0,0,4,1,6,6,1,-1,-1,-1,-1,-1,-1,-1,-1,0,-1
2024131480046,2024,131480046,2,1,0,-1,19,7,3,-1,4,8,0,0,0,0,1,1,-1,6,1,54,8,-1,-1,-1,-1,8,E01011596,0,1
2024401474233,2024,401474233,1,98,0,-1,-1,-1,-1,-1,-1,0,-1,-1,-1,0,-1,1,-1,6,3,-1,-1,-1,-1,-1,-1,-1,-1,0,-1
2024411515213,2024,411515213,2,1,-1,-1,-1,-1,-1,-1,-1,-1,-1,-1,-1,0,-1,1,-1,1,1,-1,-1,-1,-1,-1,-1,2,E01023405,0,3
2024010547799,2024,010547799,2,-1,0,9,9,1,7,0,0,5,0,0,0,0,1,2,6,6,1,23,5,-1,-1,-1,-1,5,E01001146,1,1
2024302400662,2024,302400662,4,9,0,4,4,8,4,0,0,0,0,0,0,0,2,1,6,6,1,59,9,-1,-1,-1,-1,5,E01029449,0,3
2024991522943,2024,991522943,2,1,0,-1,19,3,7,-1,0,0,0,0,0,0,1,1,-1,9,1,20,4,-1,-1,-1,-1,-1,-1,0,-1
2024421497096,2024,421497096,1,9,0,-1,19,2,6,-1,0,4,0,4,0,0,1,1,-1,9,1,19,4,-1,-1,-1,-1,10,E01021929,0,1
2024361493803,2024,361493803,1,1,0,-1,19,6,2,-1,0,1,0,0,0,0,2,1,-1,9,1,11,3,-1,-1,-1,-1,6,E01026475,0,1
2024010496983,2024,010496983,2,9,0,99,99,9,9,99,99,9,9,99,9,99,9,9,6,6,3,34,6,-1,-1,-1,-1,-1,-1,0,-1
2024061416878,2024,061416878,1,98,0,-1,19,1,6,-1,0,0,0,0,0,0,1,1,-1,1,1,45,7,-1,-1,-1,-1,-1,-1,0,-1
2024461462099,2024,461462099,1,9,-1,-1,3,3,7,-1,0,0,0,0,0,0,-1,9,-1,6,3,-1,-1,-1,-1,-1,-1,-1,-1,0,-1
2024520401435,2024,520401435,2,3,0,9,9,2,1,0,0,6,0,0,0,0,2,1,6,6,1,55,8,-1,-1,-1,-1,9,E01029022,0,1
2024991431870,2024,991431870,1,1,0,-1,19,1,5,-1,9,2,1,0,0,0,1,1,-1,6,1,31,6,-1,-1,-1,-1,4,-1,0,1
2024991527467,2024,991527467,2,9,0,-1,19,8,4,-1,0,0,1,0,0,0,1,1,-1,9,2,60,9,-1,-1,-1,-1,8,-1,0,3
2024010494211,2024,010494211,1,9,0,99,99,9,9,99,99,9,9,99,9,99,9,9,6,6,2,46,8,-1,-1,-1,-1,4,E01000608,0,1
2024421455381,2024,421455381,1,9,0,-1,19,-1,-1,-1,0,1,0,0,0,0,1,1,-1,6,3,-1,-1,-1,-1,-1,-1,-1,-1,0,-1
2024122400345,2024,122400345,2,9,0,18,19,8,4,0,0,8,1,0,0,0,2,1,6,6,3,-1,-1,-1,-1,-1,-1,-1,-1,0,-1
2024351508579,2024,351508579,2,9,0,-1,9,7,5,-1,0,4,0,0,0,0,4,1,-1,1,2,40,7,-1,-1,-1,-1,10,E01035555,0,3
2024371474356,2024,371474356,1,9,0,-1,19,7,3,-1,0,0,0,0,0,0,4,1,-1,6,3,-1,-1,-1,-1,-1,-1,-1,-1,0,-1
2024471400621,2024,471400621,1,1,0,-1,19,4,8,-1,0,1,0,0,0,0,1,1,-1,6,2,79,11,-1,-1,-1,-1,10,E01031741,0,2
2024131498304,2024,131498304,2,1,0,-1,19,6,2,-1,0,8,0,8,0,0,1,1,-1,6,1,24,5,-1,-1,-1,-1,1,E01010731,0,1
2024010495793,2024,010495793,2,19,0,18,19,7,3,0,0,0,1,0,2,11,1,1,2,2,1,36,7,-1,-1,-1,-1,6,E01004347,0,1
2024131448965,2024,131448965,2,20,0,-1,19,6,2,-1,0,1,0,0,0,0,1,1,-1,1,2,29,6,-1,-1,-1,-1,5,E01032551,0,3
2024302400089,2024,302400089,2,1,0,18,19,6,2,0,0,8,0,0,0,0,2,1,6,6,1,54,8,-1,-1,-1,-1,2,E01013538,0,1
2024401418097,2024,401418097,2,-1,0,-1,19,3,7,-1,0,1,0,0,0,0,4,1,-1,6,1,17,4,-1,-1,-1,-1,4,E01017597,1,1
2024161434158,2024,161434158,3,9,0,-1,4,7,3,-1,0,0,0,0,0,0,1,1,-1,6,1,35,6,-1,-1,-1,-1,1,E01027545,0,5
2024010497885,2024,010497885,2,1,0,18,19,1,5,0,0,8,0,0,0,0,1,1,1,1,2,38,7,-1,-1,-1,-1,5,E01003366,0,1
2024371528060,2024,371528060,1,9,0,-1,4,3,7,-1,0,0,0,0,0,0,1,1,-1,2,1,51,8,-1,-1,-1,-1,10,E01035535,0,4
2024340NN1282,2024,340NN1282,1,8,0,-1,19,3,7,-1,0,0,0,0,0,0,1,1,-1,1,1,50,8,-1,-1,-1,-1,2,E01026954,0,1
2024010542398,2024,010542398,1,9,0,99,99,9,9,99,99,0,9,99,9,99,2,9,6,6,1,32,6,-1,-1,-1,-1,-1,-1,0,-1
2024461511768,2024,461511768,2,-1,0,-1,19,5,1,-1,0,0,0,11,0,0,1,1,-1,9,1,15,3,-1,-1,-1,-1,10,E01024817,1,1
2024552400940,2024,552400940,2,9,0,18,19,1,5,0,0,8,0,0,1,0,4,1,6,6,1,78,11,-1,-1,-1,-1,9,E01017565,0,5
2024122400198,2024,122400198,2,1,0,18,19,3,7,0,0,8,0,0,0,0,1,1,2,2,1,59,9,-1,-1,-1,-1,5,E01027729,0,1
2024430405320,2024,430405320,1,1,0,9,9,4,8,0,0,0,0,0,0,0,1,1,6,6,1,32,6,-1,-1,-1,-1,-1,-1,0,-1
2024061399320,2024,061399320,5,9,0,-1,19,3,7,-1,0,0,0,0,0,0,1,1,-1,2,2,33,6,-1,-1,-1,-1,5,E01010818,0,4
2024440370385,2024,440370385,2,1,0,18,19,3,7,0,0,8,0,0,0,0,4,1,6,6,1,58,9,-1,-1,-1,-1,8,E01022944,0,1
2024010487832,2024,010487832,5,9,0,2,2,0,0,0,0,0,0,0,0,0,1,2,6,6,3,-1,-1,-1,-1,-1,-1,-1,-1,0,-1
2024101480742,2024,101480742,2,1,0,-1,19,4,8,-1,0,8,5,0,0,0,1,1,-1,6,1,57,9,-1,-1,-1,-1,10,E01008319,0,2
2024010510655,2024,010510655,1,1,9,99,99,9,9,99,99,9,9,99,9,99,9,1,1,1,2,55,8,-1,-1,-1,-1,5,E01003344,0,1
2024546676124,2024,546676124,2,10,0,2,2,0,0,0,0,0,0,0,0,0,2,1,6,6,3,-1,-1,-1,-1,-1,-1,-1,-1,0,-1
2024101481317,2024,101481317,2,1,0,-1,19,2,6,-1,0,0,0,0,0,0,1,1,-1,2,1,49,8,-1,-1,-1,-1,3,E01008510,0,2
2024991487268,2024,991487268,2,1,0,-1,19,7,3,-1,0,0,5,0,0,0,1,1,-1,9,1,65,9,-1,-1,-1,-1,-1,-1,0,-1