collision_index,collision_year,collision_ref_no,vehicle_reference,vehicle_type,towing_and_articulation,vehicle_manoeuvre_historic,vehicle_manoeuvre,vehicle_direction_from,vehicle_direction_to,vehicle_location_restricted_lane_historic,vehicle_location_restricted_lane,junction_location,skidding_and_overturning,hit_object_in_carriageway,vehicle_leaving_carriageway,hit_object_off_carriageway,first_point_of_impact,vehicle_left_hand_drive,journey_purpose_of_driver_historic,journey_purpose_of_driver,sex_of_driver,age_of_driver,age_band_of_driver,engine_capacity_cc,propulsion_code,age_of_vehicle,generic_make_model,driver_imd_decile,lsoa_of_driver,escooter_flag,driver_distance_banding
2024320488984,2024,320488984,1,9,0,-1,-1,6,2,0,0,0,0,0,0,0,4,1,6,6,1,-1,-1,-1,-1,-1,-1,-1,-1,0,-1
2024520403073,2024,520403073,1,9,0,18,19,5,1,0,0,6,0,0,0,0,3,1,6,6,2,70,10,-1,-1,-1,-1,8,E01020075,0,1
2024061504097,2024,061504097,2,1,0,-1,19,7,8,-1,2,0,9,0,0,0,2,1,-1,2,1,37,7,-1,-1,-1,-1,2,E01005548,0,1
2024311460078,2024,311460078,1,1,0,-1,19,3,7,-1,0,0,0,0,0,0,1,1,-1,6,1,15,3,-1,-1,-1,-1,-1,-1,0,-1
2024371422252,2024,371422252,1,98,0,-1,1,3,5,-1,0,0,0,11,0,0,2,1,-1,1,1,64,9,-1,-1,-1,-1,-1,-1,0,-1
2024320287279,2024,320287279,2,9,0,-1,-1,2,6,0,0,0,0,0,0,0,1,1,6,6,2,47,8,-1,-1,-1,-1,8,E01026372,0,3
2024010488334,2024,010488334,1,9,0,16,19,3,5,0,0,0,0,10,0,0,1,1,6,6,2,25,5,-1,-1,-1,-1,3,E01034199,0,1
2024610017524,2024,610017524,2,9,0,18,19,6,2,0,0,1,0,0,0,0,1,1,6,6,2,28,6,-1,-1,-1,-1,1,W01001453,0,1
2024131525002,2024,131525002,1,1,0,-1,19,2,6,-1,0,0,5,0,0,0,1,1,-1,6,1,15,3,-1,-1,-1,-1,6,E01035048,0,1
2024622400562,2024,622400562,2,19,0,2,2,0,0,0,0,0,0,0,0,0,2,1,6,6,3,-1,-1,-1,-1,-1,-1,-1,-1,0,-1
2024010494875,2024,010494875,1,-1,9,99,99,9,9,99,99,1,9,99,9,99,9,9,6,6,1,38,7,-1,-1,-1,-1,8,E01030859,1,1
2024211437529,2024,211437529,2,1,0,-1,19,1,5,-1,5,1,0,0,0,0,1,1,-1,2,1,23,5,-1,-1,-1,-1,8,E01034097,0,1
2024430360776,2024,430360776,2,1,0,18,19,7,3,0,0,0,0,0,0,0,3,1,2,2,1,34,6,-1,-1,-1,-1,5,E01016406,0,2
202417H106924,2024,17H106924,1,9,0,-1,3,6,2,-1,0,1,0,0,0,0,2,1,-1,2,2,36,7,-1,-1,-1,-1,1,E01011994,0,2
2024531495441,2024,531495441,1,98,0,-1,1,4,8,-1,0,0,0,0,0,0,0,9,-1,6,3,-1,-1,-1,-1,-1,-1,-1,-1,0,-1
2024010533118,2024,010533118,2,1,0,18,19,7,3,0,0,2,0,4,0,0,1,1,6,6,1,35,6,-1,-1,-1,-1,1,E01002038,0,1
2024411495561,2024,411495561,2,1,0,-1,19,3,7,-1,0,8,0,0,0,0,0,1,-1,2,1,58,9,-1,-1,-1,-1,4,E01023631,0,1
2024311517098,2024,311517098,1,1,0,-1,19,1,5,-1,0,0,1,0,0,0,0,1,-1,2,1,51,8,-1,-1,-1,-1,7,E01013902,0,1
2024010535694,2024,010535694,1,1,9,99,99,9,9,99,99,9,9,99,9,99,9,1,2,2,1,50,8,-1,-1,-1,-1,7,E01000887,0,1
2024010526703,2024,010526703,2,1,9,99,99,9,9,99,99,9,9,99,9,99,1,1,6,6,2,29,6,-1,-1,-1,-1,4,E01001359,0,1
2024351457227,2024,351457227,1,9,0,-1,19,3,7,-1,0,1,0,0,0,0,4,1,-1,2,1,40,7,-1,-1,-1,-1,7,E01035525,0,1
2024461432546,2024,461432546,1,1,0,-1,19,8,5,-1,0,6,0,0,0,0,1,1,-1,1,1,14,3,-1,-1,-1,-1,-1,-1,0,-1
2024461474647,2024,461474647,1,9,0,-1,19,-1,-1,-1,0,-1,0,0,0,0,-1,9,-1,6,3,-1,-1,-1,-1,-1,-1,-1,-1,0,-1
2024010495634,2024,010495634,2,5,0,99,99,9,9,99,99,9,9,99,9,99,9,1,6,6,3,-1,-1,-1,-1,-1,-1,-1,-1,0,-1
2024010521941,2024,010521941,2,1,0,4,4,1,5,0,0,1,0,0,0,0,2,1,2,2,2,53,8,-1,-1,-1,-1,4,E01003090,0,1
2024052401555,2024,052401555,1,9,0,9,9,6,3,0,0,1,0,0,0,0,1,1,6,6,3,-1,-1,-1,-1,-1,-1,-1,-1,0,-1
2024991429276,2024,991429276,2,9,0,-1,19,5,2,-1,0,0,0,0,0,0,0,1,-1,9,1,68,10,-1,-1,-1,-1,9,-1,0,4
2024061452279,2024,061452279,1,98,4,-1,19,8,5,-1,0,0,0,0,0,0,4,1,-1,1,1,59,9,-1,-1,-1,-1,-1,-1,0,-1
2024010491335,2024,010491335,1,2,0,5,5,2,6,0,0,1,2,0,0,0,1,1,6,6,1,17,4,-1,-1,-1,-1,6,E01002329,0,1
2024010523899,2024,010523899,2,1,0,18,19,7,3,0,0,4,0,0,0,0,3,1,6,6,1,32,6,-1,-1,-1,-1,4,E01002589,0,1
2024302400360,2024,302400360,2,9,0,17,19,6,4,0,0,8,0,0,0,0,1,1,6,6,3,-1,-1,-1,-1,-1,-1,5,E01019456,0,4
2024332400538,2024,332400538,2,2,0,-1,7,5,7,-1,2,5,0,0,1,0,1,1,-1,2,1,16,4,-1,-1,-1,-1,5,E01025625,0,2
2024430018051,2024,430018051,2,9,0,17,19,1,6,0,0,0,0,0,0,0,3,1,6,6,2,55,8,-1,-1,-1,-1,9,E01017703,0,2
2024070332300,2024,070332300,1,1,0,9,9,5,2,0,0,1,0,0,0,0,1,1,6,6,1,20,4,-1,-1,-1,-1,2,E01018525,0,1
2024501455903,2024,501455903,2,9,0,-1,19,1,5,-1,0,0,0,0,0,0,1,1,-1,9,1,63,9,-1,-1,-1,-1,6,E01034634,0,2
2024010493293,2024,010493293,1,11,0,5,5,5,1,0,0,2,0,0,0,0,0,1,1,1,1,60,9,-1,-1,-1,-1,5,E01001315,0,2
2024122400403,2024,122400403,1,1,0,9,9,2,1,4,4,8,0,0,0,0,3,1,6,6,1,13,3,-1,-1,-1,-1,10,E01013425,0,1
2024421479609,2024,421479609,2,1,0,-1,19,6,2,-1,0,3,2,0,0,0,4,1,-1,2,2,23,5,-1,-1,-1,-1,3,E01035157,0,1
2024052400922,2024,052400922,1,9,0,12,12,5,1,0,0,7,0,0,0,0,3,1,6,6,3,-1,-1,-1,-1,-1,-1,-1,-1,0,-1
2024371405446,2024,371405446,2,98,1,-1,19,7,3,-1,0,0,0,0,0,0,1,1,-1,1,1,35,6,-1,-1,-1,-1,8,E01030047,0,2
2024461525902,2024,461525902,1,97,0,-1,-1,-1,-1,-1,-1,0,-1,-1,-1,0,-1,1,-1,6,3,-1,-1,-1,-1,-1,-1,-1,-1,0,-1
2024451440970,2024,451440970,1,9,0,-1,4,6,2,-1,0,1,1,0,0,0,1,1,-1,9,1,65,9,-1,-1,-1,-1,4,E01030793,0,3
2024211513266,2024,211513266,3,9,0,-1,19,7,3,-1,0,0,0,0,0,0,0,1,-1,6,2,29,6,-1,-1,-1,-1,-1,-1,0,-1
2024991420859,2024,991420859,2,90,0,-1,19,4,7,-1,0,0,0,0,0,0,1,1,-1,9,1,50,8,-1,-1,-1,-1,9,-1,0,4
2024231507360,2024,231507360,2,9,0,-1,10,1,7,-1,0,1,0,0,0,0,2,1,-1,9,2,60,9,-1,-1,-1,-1,8,E01031239,0,1
2024061561217,2024,061561217,1,9,0,-1,4,3,7,-1,0,0,0,0,0,0,1,1,-1,9,1,36,7,-1,-1,-1,-1,1,E01006016,0,2
2024041522749,2024,041522749,2,9,0,-1,9,5,3,-1,0,8,1,0,0,0,4,1,-1,9,1,60,9,-1,-1,-1,-1,3,E01024892,0,2
2024340NN3792,2024,340NN3792,2,1,0,-1,19,7,3,-1,0,0,0,0,0,0,3,1,-1,6,1,18,4,-1,-1,-1,-1,1,E01026965,0,1
2024471459649,2024,471459649,2,9,0,-1,19,7,3,-1,0,3,0,0,0,0,4,1,-1,2,1,31,6,-1,-1,-1,-1,4,E01021224,0,1
2024351463068,2024,351463068,2,1,-1,-1,-1,-1,-1,-1,-1,-1,-1,-1,-1,0,-1,1,-1,6,2,60,9,-1,-1,-1,-1,10,E01018292,0,1
2024520402107,2024,520402107,2,22,0,18,19,7,3,0,0,0,0,0,0,0,1,1,6,6,2,55,8,-1,-1,-1,-1,5,E01029108,0,1
2024361510672,2024,361510672,2,19,0,-1,3,5,1,-1,0,8,0,0,0,0,2,1,-1,6,3,-1,-1,-1,-1,-1,-1,-1,-1,0,-1
2024010487292,2024,010487292,1,8,0,17,19,5,1,0,0,8,0,0,0,0,1,1,1,1,1,50,8,-1,-1,-1,-1,3,E01002623,0,2
2024010488896,2024,010488896,1,9,0,18,19,7,3,0,0,1,0,4,0,0,1,1,1,1,1,34,6,-1,-1,-1,-1,4,E01024645,0,4
2024010518406,2024,010518406,1,1,0,99,99,9,9,99,99,9,9,99,9,99,9,1,6,6,1,61,9,-1,-1,-1,-1,3,E01000226,0,1
2024041482219,2024,041482219,2,1,0,-1,19,5,1,-1,0,0,0,0,0,0,2,1,-1,6,1,42,7,-1,-1,-1,-1,1,E01025185,0,1
2024340WN6562,2024,340WN6562,1,9,0,-1,3,6,1,-1,0,8,0,0,0,0,3,1,-1,6,3,-1,-1,-1,-1,-1,-1,-1,-1,0,-1
2024010490535,2024,010490535,1,11,0,18,19,8,4,0,0,0,0,0,0,0,0,1,1,1,1,25,5,-1,-1,-1,-1,2,E01034476,0,1
2024101449290,2024,101449290,2,1,0,-1,19,3,7,-1,0,2,0,0,0,0,4,1,-1,1,1,26,6,-1,-1,-1,-1,2,E01008334,0,1
2024010494604,2024,010494604,2,9,0,18,19,4,8,0,0,3,0,0,0,0,2,1,6,6,1,47,8,-1,-1,-1,-1,2,E01035684,0,2
2024201448023,2024,201448023,2,9,0,-1,3,6,2,-1,0,0,0,0,0,0,3,9,-1,7,2,35,6,-1,-1,-1,-1,3,E01009770,0,2
2024552400302,2024,552400302,1,17,0,5,5,7,3,0,0,0,0,4,0,0,1,1,6,6,1,22,5,-1,-1,-1,-1,10,E01029244,0,2
2024010509778,2024,010509778,1,9,0,18,19,2,6,0,0,0,0,0,0,0,4,1,2,2,1,27,6,-1,-1,-1,-1,8,E01000991,0,2
2024461396797,2024,461396797,2,1,0,-1,19,1,5,-1,0,2,0,0,0,0,2,1,-1,6,2,56,9,-1,-1,-1,-1,7,E01024758,0,1
2024010554060,2024,010554060,2,20,0,99,99,9,9,99,99,9,9,99,9,99,9,9,6,6,3,-1,-1,-1,-1,-1,-1,-1,-1,0,-1
2024361541347,2024,361541347,2,1,-1,-1,-1,-1,-1,-1,-1,-1,-1,-1,-1,0,-1,1,-1,6,1,44,7,-1,-1,-1,-1,3,E01026843,0,1
2024531464583,2024,531464583,1,90,0,-1,19,2,6,-1,0,0,2,0,0,0,1,1,-1,9,1,12,3,-1,-1,-1,-1,4,E01022156,0,1
2024010492029,2024,010492029,1,5,0,14,14,7,3,0,0,0,1,0,0,0,4,1,2,2,1,55,8,-1,-1,-1,-1,6,E01034062,0,4
2024461534189,2024,461534189,3,9,0,-1,19,5,1,-1,0,1,0,0,0,0,1,2,-1,9,2,80,11,-1,-1,-1,-1,-1,-1,0,-1
2024991466583,2024,991466583,1,9,0,-1,7,1,5,-1,0,4,0,0,0,0,4,1,-1,6,3,-1,-1,-1,-1,-1,-1,-1,-1,0,-1
2024010502836,2024,010502836,2,1,0,18,19,7,3,0,0,1,0,0,0,0,4,1,6,6,1,35,6,-1,-1,-1,-1,3,E01003097,0,1
2024201469271,2024,201469271,1,9,0,-1,19,8,4,-1,0,1,0,0,0,0,1,9,-1,6,1,56,9,-1,-1,-1,-1,2,E01009050,0,1
2024052402689,2024,052402689,1,9,0,18,19,2,6,0,0,1,0,0,0,0,1,1,6,6,2,-1,-1,-1,-1,-1,-1,4,E01011019,0,4
2024010540265,2024,010540265,1,9,0,5,5,7,3,0,0,0,0,0,0,0,3,1,6,6,1,26,6,-1,-1,-1,-1,4,E01016008,0,3
2024430441279,2024,430441279,2,9,0,18,19,4,8,0,0,5,-1,0,0,0,1,1,6,6,1,37,7,-1,-1,-1,-1,5,E01033522,0,1
2024231482483,2024,231482483,2,1,0,-1,19,1,7,-1,0,0,0,0,0,0,2,1,-1,6,1,36,7,-1,-1,-1,-1,4,E01029830,0,3
2024010516456,2024,010516456,2,1,0,16,19,3,7,4,4,1,0,0,0,0,1,1,6,6,1,41,7,-1,-1,-1,-1,4,E01004337,0,1
2024440478986,2024,440478986,2,1,0,18,19,5,1,0,0,0,0,0,0,0,4,1,6,6,1,31,6,-1,-1,-1,-1,1,E01017241,0,1
2024351422784,2024,351422784,1,19,0,-1,19,1,5,-1,0,0,0,0,0,0,1,1,-1,1,1,21,5,-1,-1,-1,-1,3,E01018094,0,4
2024332400200,2024,332400200,1,9,0,-1,3,5,1,-1,0,8,0,0,0,0,2,1,-1,9,1,33,6,-1,-1,-1,-1,9,E01025639,0,2
2024010494690,2024,010494690,1,3,0,99,99,9,9,99,99,0,9,99,9,99,9,1,1,1,1,23,5,-1,-1,-1,-1,2,E01001558,0,1
2024520401151,2024,520401151,2,9,0,18,19,8,4,0,0,8,0,0,3,0,1,1,6,6,1,85,11,-1,-1,-1,-1,5,E01029197,0,3
2024351534081,2024,351534081,2,1,-1,-1,10,-1,-1,-1,0,5,0,0,0,0,1,1,-1,9,1,68,10,-1,-1,-1,-1,5,E01017951,0,1
2024991476187,2024,991476187,1,9,0,-1,19,5,8,-1,0,0,0,0,0,0,1,2,-1,9,1,71,10,-1,-1,-1,-1,-1,-1,0,-1
2024461445278,2024,461445278,2,9,0,-1,19,4,8,-1,0,2,0,0,0,0,3,1,-1,9,1,36,7,-1,-1,-1,-1,1,E01024683,0,1
2024430057313,2024,430057313,1,9,0,18,19,2,6,0,0,1,0,0,0,0,1,1,6,6,2,60,9,-1,-1,-1,-1,-1,-1,0,-1
2024061451698,2024,061451698,1,1,0,-1,19,-1,-1,-1,4,1,0,0,0,0,1,1,-1,2,2,28,6,-1,-1,-1,-1,1,E01033330,0,1
2024010493752,2024,010493752,2,3,0,4,4,1,5,0,0,1,0,0,0,0,1,1,2,2,1,27,6,-1,-1,-1,-1,-1,-1,0,-1
2024461508272,2024,461508272,1,98,0,-1,9,5,8,-1,0,0,2,10,1,0,1,1,-1,6,2,39,7,-1,-1,-1,-1,5,E01024033,0,2
2024451498451,2024,451498451,1,9,0,-1,19,3,1,-1,0,0,5,7,0,0,1,1,-1,6,1,24,5,-1,-1,-1,-1,10,E01030807,0,2
2024010521469,2024,010521469,2,9,0,5,5,7,3,0,0,1,0,0,0,0,1,1,6,6,3,-1,-1,-1,-1,-1,-1,-1,-1,0,-1
2024440182395,2024,440182395,2,1,0,18,19,4,8,0,0,8,0,0,0,0,1,1,6,6,1,50,8,-1,-1,-1,-1,2,E01017265,0,1
2024340NN3902,2024,340NN3902,1,-1,0,-1,19,1,5,-1,0,8,0,0,0,0,1,1,-1,1,1,18,4,-1,-1,-1,-1,2,E01027331,1,2
2024070344722,2024,070344722,3,9,0,4,4,7,3,0,0,0,0,0,0,0,2,1,2,2,2,42,7,-1,-1,-1,-1,4,W01000401,0,4
2024411432513,2024,411432513,2,9,-1,-1,-1,-1,-1,-1,-1,0,-1,-1,-1,0,1,9,-1,9,1,27,6,-1,-1,-1,-1,3,E01023866,0,1
2024211532163,2024,211532163,1,9,0,-1,9,8,8,-1,0,6,0,0,0,0,1,1,-1,6,2,26,6,-1,-1,-1,-1,-1,-1,0,-1
2024010509362,2024,010509362,1,5,0,18,19,4,8,0,0,1,0,0,0,0,0,1,6,6,1,24,5,-1,-1,-1,-1,2,E01001625,0,1
2024430334331,2024,430334331,1,9,0,18,19,-1,-1,0,0,0,0,0,1,0,-1,1,6,6,1,38,7,-1,-1,-1,-1,-1,-1,0,-1
2024201469242,2024,201469242,1,11,0,-1,19,4,8,-1,0,0,0,0,0,0,1,1,-1,6,1,-1,-1,-1,-1,-1,-1,-1,-1,0,-1
2024010494313,2024,010494313,2,9,0,99,99,9,9,99,99,9,9,99,9,99,9,9,6,6,3,-1,-1,-1,-1,-1,-1,-1,-1,0,-1
2024311479002,2024,311479002,1,9,0,-1,1,5,1,-1,0,0,0,0,0,0,2,9,-1,6,1,51,8,-1,-1,-1,-1,2,E01013813,0,1
2024161525349,2024,161525349,1,1,0,-1,7,3,5,-1,0,6,0,0,0,0,3,1,-1,6,1,21,5,-1,-1,-1,-1,4,E01012801,0,1
2024201414957,2024,201414957,1,9,0,-1,5,6,2,-1,0,0,0,0,0,0,4,1,-1,6,1,20,4,-1,-1,-1,-1,-1,-1,0,-1
2024141481354,2024,141481354,2,1,0,-1,19,5,1,-1,0,8,5,0,0,0,3,1,-1,6,1,-1,-1,-1,-1,-1,-1,1,E01008059,0,1
2024010490116,2024,010490116,2,19,0,99,99,9,9,99,99,9,9,99,9,99,9,9,6,6,3,-1,-1,-1,-1,-1,-1,-1,-1,0,-1
2024501498214,2024,501498214,2,9,0,-1,19,8,4,-1,0,1,0,0,0,0,1,1,-1,6,1,56,9,-1,-1,-1,-1,5,E01015188,0,4
2024010511230,2024,010511230,1,9,0,9,9,7,5,0,0,1,0,0,0,0,4,1,6,6,2,32,6,-1,-1,-1,-1,3,E01001476,0,1
2024361483736,2024,361483736,1,9,0,-1,15,3,1,-1,0,0,0,0,0,0,1,2,-1,6,1,41,7,-1,-1,-1,-1,8,E01026470,0,1
2024122401055,2024,122401055,2,98,2,10,10,5,7,0,0,8,0,0,0,0,1,1,1,1,1,46,8,-1,-1,-1,-1,-1,-1,0,-1
2024010517174,2024,010517174,1,9,0,18,19,1,5,0,0,1,0,0,0,0,1,1,6,6,3,-1,-1,-1,-1,-1,-1,-1,-1,0,-1
2024351503432,2024,351503432,2,9,0,-1,11,4,8,-1,0,0,0,0,0,0,4,1,-1,6,-1,-1,-1,-1,-1,-1,-1,-1,-1,0,-1
2024010487791,2024,010487791,1,9,0,99,99,9,9,99,99,9,9,99,9,99,2,9,6,6,1,37,7,-1,-1,-1,-1,4,E01001323,0,1
2024520001692,2024,520001692,2,1,0,9,9,5,3,0,0,8,0,0,0,0,1,1,6,6,1,63,9,-1,-1,-1,-1,6,E01035205,0,1
2024010496946,2024,010496946,1,9,0,1,1,7,3,0,0,0,0,0,0,0,2,1,6,6,2,35,6,-1,-1,-1,-1,9,E01003849,0,1
2024544090224,2024,544090224,2,-1,0,18,19,4,8,0,0,1,0,0,0,0,1,1,6,6,1,12,3,-1,-1,-1,-1,6,E01015579,1,1
2024010515614,2024,010515614,1,1,9,99,99,9,9,99,99,0,9,99,9,99,1,1,6,6,3,-1,-1,-1,-1,-1,-1,-1,-1,0,-1
2024351434799,2024,351434799,1,-1,-1,-1,19,2,6,-1,0,6,0,0,0,0,1,9,-1,6,1,13,3,-1,-1,-1,-1,3,E01015619,1,1
2024302401589,2024,302401589,3,9,0,18,19,2,6,0,0,8,0,0,0,0,0,1,6,6,3,-1,-1,-1,-1,-1,-1,5,E01019456,0,3
2024531421976,2024,531421976,2,1,0,-1,19,3,7,-1,0,1,0,0,0,0,1,1,-1,1,1,46,8,-1,-1,-1,-1,9,E01022372,0,1
2024501402367,2024,501402367,1,9,0,-1,19,1,5,-1,0,1,0,4,0,0,1,1,-1,1,1,44,7,-1,-1,-1,-1,4,E01019922,0,1
2024520401482,2024,520401482,1,9,0,18,19,1,6,0,0,8,0,0,0,0,1,1,6,6,1,59,9,-1,-1,-1,-1,6,E01029199,0,1
2024501502082,2024,501502082,2,90,0,-1,19,5,1,-1,0,0,5,0,0,0,1,1,-1,6,1,5,1,-1,-1,-1,-1,3,E01018907,0,1
2024320528163,2024,320528163,1,9,0,13,13,4,8,0,0,0,0,0,0,0,1,1,-1,-1,2,35,6,-1,-1,-1,-1,8,E01020595,0,5
2024440563859,2024,440563859,1,1,0,18,19,4,8,0,0,0,0,12,0,0,1,1,6,6,1,52,8,-1,-1,-1,-1,9,E01023265,0,3
2024010488353,2024,010488353,1,3,9,99,99,9,9,99,99,9,9,99,9,99,9,1,1,1,1,39,7,-1,-1,-1,-1,5,E01000505,0,2
2024320106880,2024,320106880,3,9,0,-1,-1,8,4,0,0,2,0,0,0,0,1,1,1,1,1,33,6,-1,-1,-1,-1,-1,-1,0,-1
2024540288824,2024,540288824,3,9,0,4,4,5,1,0,0,0,0,0,0,0,2,1,6,6,3,-1,-1,-1,-1,-1,-1,-1,-1,0,-1
2024471402219,2024,471402219,1,9,0,-1,9,4,2,-1,0,1,0,0,0,0,1,1,-1,6,3,-1,-1,-1,-1,-1,-1,-1,-1,0,-1
2024131472921,2024,131472921,3,9,0,-1,19,3,7,-1,0,0,1,0,0,0,1,1,-1,9,1,19,4,-1,-1,-1,-1,1,E01007495,0,4
2024161481989,2024,161481989,1,9,0,-1,19,4,8,-1,0,0,0,0,0,0,1,1,-1,6,3,25,5,-1,-1,-1,-1,-1,-1,0,-1
2024201511362,2024,201511362,2,1,0,-1,19,6,2,-1,0,8,0,0,0,0,1,1,-1,6,1,25,5,-1,-1,-1,-1,-1,-1,0,-1
2024440266274,2024,440266274,2,19,0,3,3,7,3,0,0,1,0,0,0,0,2,1,6,6,1,59,9,-1,-1,-1,-1,-1,-1,0,-1
2024010542613,2024,010542613,2,9,0,4,4,3,7,0,0,1,0,0,0,0,1,1,6,6,2,39,7,-1,-1,-1,-1,8,E01003225,0,1
2024010510623,2024,010510623,2,-1,0,18,19,1,5,0,0,1,0,8,0,0,4,1,6,6,1,32,6,-1,-1,-1,-1,9,E01002903,1,1
2024361485638,2024,361485638,2,1,0,-1,19,-1,-1,-1,0,2,0,0,0,0,1,1,-1,6,2,56,9,-1,-1,-1,-1,5,E01026729,0,3
2024461448181,2024,461448181,1,97,0,-1,19,3,5,-1,0,0,0,0,0,0,0,1,-1,6,-1,-1,-1,-1,-1,-1,-1,-1,-1,0,-1
2024052400935,2024,052400935,1,9,0,4,4,4,8,0,0,0,0,0,0,0,4,1,6,6,3,-1,-1,-1,-1,-1,-1,-1,-1,0,-1
2024302500217,2024,302500217,2,19,0,2,2,0,0,0,0,0,0,0,0,0,0,1,6,6,3,-1,-1,-1,-1,-1,-1,5,E01019456,0,3
2024161423609,2024,161423609,3,9,0,-1,19,4,8,-1,0,1,0,0,0,0,1,9,-1,6,2,-1,-1,-1,-1,-1,-1,-1,-1,0,-1
2024311408737,2024,311408737,1,9,0,-1,9,4,8,-1,0,0,0,0,0,0,1,1,-1,9,2,32,6,-1,-1,-1,-1,6,E01028295,0,2
2024061490240,2024,061490240,1,1,0,-1,7,-1,-1,-1,0,0,0,0,0,0,2,1,-1,2,2,28,6,-1,-1,-1,-1,3,E01005479,0,1
2024531466048,2024,531466048,1,9,0,-1,19,3,7,-1,0,2,0,0,0,0,1,9,-1,6,2,-1,-1,-1,-1,-1,-1,-1,-1,0,-1
2024522402384,2024,522402384,2,9,0,18,19,1,5,0,0,1,0,0,0,0,1,1,6,6,3,-1,-1,-1,-1,-1,-1,-1,-1,0,-1
2024430186075,2024,430186075,3,9,0,17,19,7,5,0,0,0,0,0,0,0,3,1,6,6,1,42,7,-1,-1,-1,-1,8,E01017643,0,4
2024461428984,2024,461428984,2,9,0,-1,9,6,3,-1,0,1,0,0,0,0,4,1,-1,6,1,55,8,-1,-1,-1,-1,5,E01024556,0,1
2024052402846,2024,052402846,2,1,0,18,19,1,4,0,0,0,0,0,0,0,1,1,6,6,1,15,3,-1,-1,-1,-1,1,E01006436,0,1
2024010490802,2024,010490802,1,9,0,99,99,9,9,99,99,9,9,99,9,99,2,9,6,6,2,39,7,-1,-1,-1,-1,4,E01023337,0,2
2024440204048,2024,440204048,2,1,0,18,19,8,4,0,0,1,0,0,0,0,1,1,6,6,1,17,4,-1,-1,-1,-1,3,E01022908,0,1
2024010546918,2024,010546918,2,90,0,99,99,9,9,99,99,9,9,99,9,99,9,9,6,6,3,-1,-1,-1,-1,-1,-1,-1,-1,0,-1
2024311530753,2024,311530753,2,-1,0,-1,3,7,2,-1,0,3,0,0,0,0,3,1,-1,2,1,58,9,-1,-1,-1,-1,2,E01028334,1,1
2024501397379,2024,501397379,2,9,0,-1,3,5,1,-1,0,0,0,0,0,0,2,1,-1,6,1,63,9,-1,-1,-1,-1,3,E01015032,0,1
2024010515747,2024,010515747,1,97,0,99,99,9,9,99,99,9,9,99,9,99,1,1,6,6,3,-1,-1,-1,-1,-1,-1,-1,-1,0,-1
2024440510405,2024,440510405,2,9,0,2,2,0,0,0,0,1,0,0,0,0,0,1,6,6,1,-1,-1,-1,-1,-1,-1,-1,-1,0,-1
2024010506722,2024,010506722,2,90,0,99,99,9,9,99,99,9,9,99,9,99,9,9,6,6,3,-1,-1,-1,-1,-1,-1,-1,-1,0,-1
2024010503797,2024,010503797,2,1,0,12,12,1,5,5,5,1,0,10,0,0,0,1,6,6,1,56,9,-1,-1,-1,-1,8,E01002989,0,1
2024010544792,2024,010544792,2,1,0,5,5,7,3,0,0,1,0,0,0,0,1,1,6,6,2,26,6,-1,-1,-1,-1,3,E01002701,0,1
2024031464085,2024,031464085,1,21,0,-1,4,5,1,-1,0,1,0,0,0,0,1,1,-1,1,1,41,7,-1,-1,-1,-1,4,-1,0,5
2024451410261,2024,451410261,1,1,0,-1,19,1,6,-1,0,1,0,0,0,0,1,1,-1,6,2,25,5,-1,-1,-1,-1,10,E01030353,0,1
2024010548679,2024,010548679,2,1,0,9,9,1,7,0,0,1,0,0,0,0,3,1,2,2,2,36,7,-1,-1,-1,-1,10,E01004558,0,1
2024471481560,2024,471481560,2,1,0,-1,19,3,7,-1,0,8,0,0,0,0,1,1,-1,6,2,47,8,-1,-1,-1,-1,6,E01016963,0,1
2024010495496,2024,010495496,1,11,0,18,19,8,4,0,0,0,0,0,0,0,0,1,1,1,1,36,7,-1,-1,-1,-1,1,E01033598,0,2
2024552400780,2024,552400780,2,1,0,18,19,6,2,0,0,0,0,0,0,0,1,1,6,6,1,38,7,-1,-1,-1,-1,1,E01015288,0,1
2024010488978,2024,010488978,3,9,0,10,10,3,8,0,0,1,0,0,0,0,1,1,6,6,1,19,4,-1,-1,-1,-1,7,E01034593,0,1
2024010513351,2024,010513351,1,1,9,18,19,9,9,4,4,0,9,99,9,99,9,1,2,2,2,23,5,-1,-1,-1,-1,9,E01001926,0,2
2024061520105,2024,061520105,1,99,0,-1,13,1,6,-1,0,0,0,0,0,0,4,9,-1,6,3,-1,-1,-1,-1,-1,-1,-1,-1,0,-1
2024201515246,2024,201515246,2,-1,0,-1,19,7,3,-1,0,8,0,0,0,0,1,1,-1,2,1,52,8,-1,-1,-1,-1,1,E01033891,1,1
2024332400808,2024,332400808,1,9,0,-1,14,8,4,-1,0,0,1,0,0,0,1,1,-1,6,1,39,7,-1,-1,-1,-1,3,E01025829,0,1
2024231486666,2024,231486666,1,5,0,-1,5,5,1,-1,0,5,0,0,0,0,3,1,-1,9,1,63,9,-1,-1,-1,-1,-1,-1,0,-1
2024010494545,2024,010494545,1,11,0,5,5,1,5,0,0,8,0,0,0,0,0,1,1,1,1,54,8,-1,-1,-1,-1,4,E01003919,0,3
2024141470588,2024,141470588,2,-1,0,-1,19,3,6,-1,9,0,0,0,0,0,1,9,-1,6,1,11,3,-1,-1,-1,-1,1,E01007328,1,1
2024371470818,2024,371470818,1,9,0,-1,9,3,1,-1,0,8,0,0,0,0,4,1,-1,2,1,21,5,-1,-1,-1,-1,6,E01026649,0,2
2024161524035,2024,161524035,2,1,0,-1,3,3,7,-1,9,2,1,0,0,0,3,1,-1,6,1,28,6,-1,-1,-1,-1,2,E01012932,0,1
2024991511078,2024,991511078,2,9,0,-1,3,7,3,-1,0,1,0,0,0,0,2,1,-1,2,1,35,6,-1,-1,-1,-1,10,-1,0,1
2024371529834,2024,371529834,1,9,0,-1,9,-1,-1,-1,99,0,0,0,0,0,1,1,-1,6,3,-1,-1,-1,-1,-1,-1,-1,-1,0,-1
2024471406562,2024,471406562,1,1,0,-1,19,3,7,-1,4,1,0,0,0,0,1,1,-1,7,1,16,4,-1,-1,-1,-1,6,E01016996,0,1