collision_index,collision_year,collision_ref_no,vehicle_reference,vehicle_type,towing_and_articulation,vehicle_manoeuvre_historic,vehicle_manoeuvre,vehicle_direction_from,vehicle_direction_to,vehicle_location_restricted_lane_historic,vehicle_location_restricted_lane,junction_location,skidding_and_overturning,hit_object_in_carriageway,vehicle_leaving_carriageway,hit_object_off_carriageway,first_point_of_impact,vehicle_left_hand_drive,journey_purpose_of_driver_historic,journey_purpose_of_driver,sex_of_driver,age_of_driver,age_band_of_driver,engine_capacity_cc,propulsion_code,age_of_vehicle,generic_make_model,driver_imd_decile,lsoa_of_driver,escooter_flag,driver_distance_banding
2024302401038,2024,302401038,1,98,4,17,19,8,5,0,0,0,0,0,0,0,3,1,1,1,1,56,9,-1,-1,-1,-1,6,E01012659,0,4
2024061464908,2024,061464908,1,1,0,-1,19,-1,-1,-1,0,0,0,0,0,0,1,1,-1,9,1,28,6,-1,-1,-1,-1,6,E01004790,0,1
2024010491269,2024,010491269,2,9,0,99,99,9,9,99,99,9,9,99,9,99,9,9,6,6,3,-1,-1,-1,-1,-1,-1,-1,-1,0,-1
2024991485600,2024,991485600,2,11,0,-1,5,6,6,-1,0,2,0,0,0,0,0,9,-1,1,-1,20,4,-1,-1,-1,-1,-1,-1,0,-1
2024010491864,2024,010491864,2,9,9,99,99,9,9,99,99,9,9,99,9,99,9,9,6,6,3,-1,-1,-1,-1,-1,-1,-1,-1,0,-1
2024421476906,2024,421476906,2,9,0,-1,9,2,7,-1,0,8,0,0,0,0,1,1,-1,2,2,37,7,-1,-1,-1,-1,8,E01021408,0,2
2024041451399,2024,041451399,2,9,0,-1,19,6,2,-1,0,1,1,0,0,0,1,1,-1,2,1,40,7,-1,-1,-1,-1,6,E01025329,0,2
2024041496268,2024,041496268,1,1,0,-1,19,1,5,-1,0,0,0,11,0,0,1,1,-1,9,2,70,10,-1,-1,-1,-1,1,E01025574,0,1
2024332400465,2024,332400465,1,1,0,-1,19,2,6,-1,0,8,0,0,0,0,1,1,-1,9,1,56,9,-1,-1,-1,-1,3,E01013613,0,3
2024501410280,2024,501410280,1,17,0,-1,19,3,7,-1,0,8,0,0,0,0,4,9,-1,6,3,-1,-1,-1,-1,-1,-1,-1,-1,0,-1
2024141451157,2024,141451157,2,1,0,-1,19,5,1,-1,0,1,2,0,0,0,1,1,-1,6,1,24,5,-1,-1,-1,-1,4,E01008073,0,1
2024101432893,2024,101432893,1,9,0,-1,5,3,5,-1,0,0,0,0,0,0,1,2,-1,6,1,-1,-1,-1,-1,-1,-1,-1,-1,0,-1
2024010542439,2024,010542439,1,90,9,99,99,9,9,99,99,9,9,99,9,99,1,1,6,6,3,-1,-1,-1,-1,-1,-1,-1,-1,0,-1
2024201517781,2024,201517781,1,9,0,-1,7,4,6,-1,0,6,0,0,0,0,1,1,-1,6,1,-1,-1,-1,-1,-1,-1,7,E01005819,0,4
2024141448027,2024,141448027,2,1,0,-1,19,4,8,-1,9,1,5,0,0,0,1,1,-1,2,1,9,2,-1,-1,-1,-1,4,E01007329,0,1
2024010510526,2024,010510526,2,1,0,18,19,7,3,0,0,8,0,0,0,0,1,1,2,2,2,33,6,-1,-1,-1,-1,4,E01004729,0,1
2024531450025,2024,531450025,2,1,0,-1,19,3,7,-1,0,8,0,0,0,0,1,1,-1,2,1,48,8,-1,-1,-1,-1,7,E01022345,0,1
2024471448394,2024,471448394,3,9,0,-1,19,6,2,-1,0,0,0,0,0,0,0,9,-1,6,-1,-1,-1,-1,-1,-1,-1,-1,-1,0,-1
2024201421617,2024,201421617,1,9,0,-1,9,4,8,-1,0,6,0,0,0,0,3,1,-1,6,1,40,7,-1,-1,-1,-1,-1,-1,0,-1
2024501435375,2024,501435375,2,1,0,-1,19,6,4,-1,0,1,0,0,0,0,1,1,-1,6,1,63,9,-1,-1,-1,-1,7,E01018830,0,1
2024501417526,2024,501417526,1,9,0,-1,19,1,5,-1,0,1,0,0,0,0,1,9,-1,6,2,-1,-1,-1,-1,-1,-1,-1,-1,0,-1
2024010508705,2024,010508705,2,9,0,99,99,9,9,99,99,9,9,99,9,99,1,9,6,6,3,-1,-1,-1,-1,-1,-1,-1,-1,0,-1
2024545811724,2024,545811724,1,1,0,18,19,7,3,0,0,1,0,0,0,0,1,1,2,2,1,56,9,-1,-1,-1,-1,7,E01015582,0,1
2024201528200,2024,201528200,1,19,0,-1,19,2,6,-1,0,0,0,0,0,0,1,9,-1,6,1,44,7,-1,-1,-1,-1,-1,-1,0,-1
2024131457805,2024,131457805,1,9,0,-1,19,1,5,-1,0,0,0,0,7,10,1,1,-1,6,1,40,7,-1,-1,-1,-1,1,E01010828,0,1
2024010521287,2024,010521287,1,9,0,18,19,5,1,0,0,8,0,0,0,0,1,2,6,6,3,-1,-1,-1,-1,-1,-1,-1,-1,0,-1
2024411495859,2024,411495859,2,1,0,-1,19,7,3,-1,0,8,0,0,0,0,4,1,-1,6,1,58,9,-1,-1,-1,-1,10,E01023591,0,1
2024010496797,2024,010496797,2,9,0,99,99,9,9,99,99,9,9,99,9,99,9,9,6,6,3,-1,-1,-1,-1,-1,-1,-1,-1,0,-1
2024161497171,2024,161497171,2,90,0,-1,9,7,5,-1,0,8,0,6,0,0,3,1,-1,9,1,61,9,-1,-1,-1,-1,4,E01013246,0,1
2024311516831,2024,311516831,1,9,-1,-1,2,0,0,-1,0,0,0,0,0,0,4,9,-1,6,3,-1,-1,-1,-1,-1,-1,-1,-1,0,-1
2024440324616,2024,440324616,2,19,0,9,9,7,5,0,0,6,0,0,0,0,1,1,6,6,1,57,9,-1,-1,-1,-1,9,E01022799,0,1
2024461451783,2024,461451783,1,1,0,-1,19,2,5,-1,0,1,0,0,0,0,1,1,-1,9,1,32,6,-1,-1,-1,-1,1,E01024666,0,1
2024430156700,2024,430156700,1,9,0,9,9,3,1,0,0,8,0,0,0,0,3,1,6,6,3,-1,-1,-1,-1,-1,-1,-1,-1,0,-1
2024340WN5852,2024,340WN5852,1,9,0,-1,1,5,1,-1,0,1,0,0,0,0,2,1,-1,6,2,-1,-1,-1,-1,-1,-1,-1,-1,0,-1
2024991418653,2024,991418653,3,9,0,-1,2,0,0,-1,0,0,0,0,0,0,3,1,-1,6,-1,-1,-1,-1,-1,-1,-1,-1,-1,0,-1
2024010500309,2024,010500309,1,9,0,18,19,7,3,0,0,1,0,0,0,0,4,1,6,6,1,34,6,-1,-1,-1,-1,-1,-1,0,-1
2024451488470,2024,451488470,1,90,0,-1,19,4,4,-1,0,0,0,0,0,0,1,1,-1,9,2,34,6,-1,-1,-1,-1,7,E01031438,0,4
2024052401673,2024,052401673,2,1,0,18,19,1,5,0,0,1,0,0,0,0,1,1,6,6,1,29,6,-1,-1,-1,-1,7,E01007044,0,1
2024401397086,2024,401397086,1,9,0,-1,19,5,1,-1,0,0,0,0,0,0,1,9,-1,6,3,-1,-1,-1,-1,-1,-1,-1,-1,0,-1
2024440488121,2024,440488121,1,9,0,5,5,1,5,9,9,6,0,0,3,0,4,1,6,6,3,-1,-1,-1,-1,-1,-1,-1,-1,0,-1
2024421452489,2024,421452489,1,9,0,-1,19,7,3,-1,0,0,0,0,0,0,3,1,-1,6,3,-1,-1,-1,-1,-1,-1,-1,-1,0,-1
2024141511452,2024,141511452,1,9,0,-1,19,2,6,-1,0,0,0,0,0,0,3,1,-1,2,1,50,8,-1,-1,-1,-1,9,E01008036,0,2
2024131503247,2024,131503247,2,1,0,-1,19,1,5,-1,0,1,5,0,1,0,1,1,-1,6,1,31,6,-1,-1,-1,-1,5,E01010689,0,1
2024010550361,2024,010550361,2,9,0,18,19,9,9,0,0,0,9,99,9,99,9,9,6,6,3,-1,-1,-1,-1,-1,-1,-1,-1,0,-1
2024430471204,2024,430471204,1,9,0,18,19,8,4,0,0,0,0,0,0,0,1,1,6,6,1,-1,-1,-1,-1,-1,-1,-1,-1,0,-1
2024211409093,2024,211409093,2,1,0,-1,19,4,8,-1,0,1,0,0,0,0,1,1,-1,6,1,15,3,-1,-1,-1,-1,6,E01029473,0,4
2024010499340,2024,010499340,2,9,0,99,99,9,9,99,99,9,9,99,9,99,9,9,6,6,3,-1,-1,-1,-1,-1,-1,-1,-1,0,-1
202417S107924,2024,17S107924,2,1,0,-1,19,7,3,-1,0,0,0,0,0,0,1,1,-1,9,2,10,2,-1,-1,-1,-1,1,E01032543,0,1
2024141422127,2024,141422127,1,1,0,-1,9,8,6,-1,0,5,0,0,0,0,2,1,-1,9,1,49,8,-1,-1,-1,-1,7,E01007986,0,1
2024201488112,2024,201488112,2,9,0,-1,2,0,0,-1,0,0,0,0,0,0,2,1,-1,6,1,60,9,-1,-1,-1,-1,-1,-1,0,-1
2024421503716,2024,421503716,1,9,0,-1,7,7,3,-1,0,3,0,0,0,0,3,9,-1,6,2,60,9,-1,-1,-1,-1,-1,-1,0,-1
2024320271524,2024,320271524,2,9,0,4,4,4,8,0,0,4,0,0,0,0,2,1,1,1,1,60,9,-1,-1,-1,-1,8,E01026530,0,5
2024031483237,2024,031483237,1,9,0,-1,7,5,7,-1,0,2,0,0,0,0,1,1,-1,1,3,-1,-1,-1,-1,-1,-1,-1,-1,0,-1
2024101408785,2024,101408785,2,1,0,-1,19,2,6,-1,0,1,0,0,0,0,3,1,-1,9,1,25,5,-1,-1,-1,-1,1,E01027527,0,1
2024052400129,2024,052400129,1,23,0,18,19,3,7,0,0,0,0,0,0,0,1,1,6,6,1,17,4,-1,-1,-1,-1,2,E01018716,0,4
2024010502831,2024,010502831,2,9,0,18,19,5,1,0,0,1,0,0,0,0,2,1,6,6,3,-1,-1,-1,-1,-1,-1,-1,-1,0,-1
2024010550895,2024,010550895,2,9,0,18,19,3,7,0,0,0,0,0,0,0,1,1,6,6,3,-1,-1,-1,-1,-1,-1,-1,-1,0,-1
2024991502864,2024,991502864,1,21,1,-1,19,8,4,-1,0,1,0,0,0,0,4,2,-1,1,1,41,7,-1,-1,-1,-1,-1,-1,0,-1
2024141425928,2024,141425928,1,9,0,-1,14,4,8,-1,0,1,0,0,0,0,1,1,-1,7,2,31,6,-1,-1,-1,-1,1,E01007491,0,2
2024201553859,2024,201553859,2,9,0,-1,7,3,5,-1,0,6,0,0,0,0,1,9,-1,6,1,32,6,-1,-1,-1,-1,-1,-1,0,-1
2024361409540,2024,361409540,1,9,0,-1,5,7,2,-1,0,4,0,0,0,0,1,9,-1,1,1,29,6,-1,-1,-1,-1,6,E01033435,0,2
2024461472338,2024,461472338,2,-1,0,-1,19,1,5,-1,0,6,0,0,0,0,4,1,-1,1,1,13,3,-1,-1,-1,-1,1,E01024657,1,1
2024010493699,2024,010493699,2,9,9,99,99,9,9,99,99,0,9,99,9,99,9,9,6,6,3,-1,-1,-1,-1,-1,-1,-1,-1,0,-1
2024451428070,2024,451428070,1,9,0,-1,2,1,5,-1,0,0,0,0,0,0,1,1,-1,9,1,19,4,-1,-1,-1,-1,8,E01030703,0,1
2024421408021,2024,421408021,1,1,0,-1,19,8,4,-1,5,1,0,0,0,0,1,1,-1,6,1,16,4,-1,-1,-1,-1,4,E01021425,0,1
2024101515657,2024,101515657,1,1,0,-1,9,1,7,-1,0,8,0,0,0,0,1,1,-1,6,1,32,6,-1,-1,-1,-1,1,E01008821,0,1
2024501398287,2024,501398287,2,9,0,-1,19,3,7,-1,0,1,0,0,0,0,1,1,-1,1,1,61,9,-1,-1,-1,-1,5,E01020097,0,4
2024332400204,2024,332400204,2,1,0,-1,19,1,5,-1,0,8,0,0,0,0,1,1,-1,6,2,12,3,-1,-1,-1,-1,8,E01013783,0,1
2024430087950,2024,430087950,1,9,0,18,19,9,9,0,0,0,0,0,0,0,1,1,6,6,3,-1,-1,-1,-1,-1,-1,-1,-1,0,-1
2024361518245,2024,361518245,2,1,-1,-1,-1,-1,-1,-1,-1,-1,-1,-1,-1,0,-1,1,-1,2,2,38,7,-1,-1,-1,-1,9,E01026708,0,1
2024010496393,2024,010496393,1,5,0,18,19,1,5,0,0,2,0,10,5,11,1,1,6,6,1,59,9,-1,-1,-1,-1,7,E01004700,0,3
2024340NN1162,2024,340NN1162,2,3,0,-1,19,4,8,-1,0,2,0,0,0,0,2,1,-1,9,1,56,9,-1,-1,-1,-1,1,E01030258,0,5
2024131400916,2024,131400916,1,90,0,-1,-1,-1,-1,-1,-1,-1,-1,-1,-1,-1,-1,1,-1,6,3,-1,-1,-1,-1,-1,-1,-1,-1,0,-1
2024010495830,2024,010495830,1,9,0,7,7,7,1,0,0,1,0,0,0,0,1,1,6,6,3,-1,-1,-1,-1,-1,-1,-1,-1,0,-1
2024221498674,2024,221498674,2,8,0,-1,12,1,4,-1,0,0,0,0,0,0,3,9,-1,1,3,46,8,-1,-1,-1,-1,-1,-1,0,-1
2024041448524,2024,041448524,2,9,0,-1,19,7,3,-1,0,0,0,0,0,0,-1,9,-1,6,3,-1,-1,-1,-1,-1,-1,-1,-1,0,-1
2024010517355,2024,010517355,2,9,0,18,19,5,1,0,0,1,0,0,0,0,1,1,6,6,3,-1,-1,-1,-1,-1,-1,-1,-1,0,-1
2024311451853,2024,311451853,1,9,0,-1,19,1,5,-1,0,4,0,0,0,0,1,9,-1,6,2,-1,-1,-1,-1,-1,-1,-1,-1,0,-1
2024440121131,2024,440121131,2,1,0,18,19,2,6,0,0,0,0,0,0,0,3,1,6,6,1,42,7,-1,-1,-1,-1,4,E01017217,0,1
2024522402789,2024,522402789,3,1,0,18,19,8,4,0,0,0,0,4,0,0,1,1,6,6,1,21,5,-1,-1,-1,-1,2,E01014529,0,1
2024010531375,2024,010531375,1,1,9,99,99,9,9,99,99,9,9,99,9,99,1,1,2,2,1,27,6,-1,-1,-1,-1,4,E01004228,0,2
2024010518120,2024,010518120,1,97,0,18,19,5,1,9,9,0,0,10,1,11,1,1,6,6,1,49,8,-1,-1,-1,-1,7,E01034153,0,1
2024131414817,2024,131414817,1,1,0,-1,7,1,5,-1,0,1,0,0,0,0,1,1,-1,6,1,15,3,-1,-1,-1,-1,1,E01011426,0,1
2024010511824,2024,010511824,2,1,9,99,99,9,9,99,99,9,9,99,9,99,1,1,6,6,1,-1,-1,-1,-1,-1,-1,-1,-1,0,-1
2024522402257,2024,522402257,2,-1,0,12,12,2,6,0,0,0,0,0,0,0,1,1,6,6,1,-1,-1,-1,-1,-1,-1,-1,-1,1,-1
2024991499883,2024,991499883,1,1,0,-1,19,1,5,-1,9,0,0,0,0,0,1,1,-1,6,1,21,5,-1,-1,-1,-1,2,-1,0,1
2024010494204,2024,010494204,2,9,0,18,19,5,1,0,0,2,0,0,0,0,4,1,1,1,3,-1,-1,-1,-1,-1,-1,-1,-1,0,-1
2024131523857,2024,131523857,1,23,0,-1,19,3,7,-1,0,1,5,0,0,0,1,1,-1,6,1,30,6,-1,-1,-1,-1,-1,-1,0,-1
2024522500424,2024,522500424,1,-1,0,18,19,7,3,0,0,2,0,4,0,0,1,1,6,6,1,-1,-1,-1,-1,-1,-1,-1,-1,1,-1
2024201514424,2024,201514424,1,97,0,-1,9,2,8,-1,0,5,5,4,7,0,1,1,-1,6,1,39,7,-1,-1,-1,-1,1,E01009359,0,1
2024131424727,2024,131424727,2,1,0,-1,19,7,3,-1,0,8,0,0,0,0,4,1,-1,6,-1,-1,-1,-1,-1,-1,-1,-1,-1,0,-1
2024010528194,2024,010528194,1,1,0,18,19,5,1,0,0,1,0,0,3,0,1,1,6,6,2,27,6,-1,-1,-1,-1,2,E01002715,0,1
2024010497164,2024,010497164,1,9,0,99,99,9,9,99,99,0,9,99,9,99,3,9,6,6,2,43,7,-1,-1,-1,-1,7,E01000493,0,1
2024340WN7202,2024,340WN7202,2,-1,0,-1,19,7,3,-1,0,8,0,0,0,0,3,1,-1,9,1,44,7,-1,-1,-1,-1,2,E01027241,1,1
2024471486589,2024,471486589,2,9,0,-1,9,5,2,-1,0,0,0,0,0,0,2,1,-1,1,1,32,6,-1,-1,-1,-1,9,E01021229,0,4
2024061434760,2024,061434760,1,9,-1,-1,-1,-1,-1,-1,-1,-1,-1,-1,-1,0,-1,9,-1,6,3,-1,-1,-1,-1,-1,-1,-1,-1,0,-1
2024041526926,2024,041526926,1,9,0,-1,9,7,3,-1,0,2,0,0,0,0,1,1,-1,9,1,56,9,-1,-1,-1,-1,8,E01025547,0,1
2024311452784,2024,311452784,2,9,0,-1,10,5,3,-1,0,1,0,0,0,0,4,9,-1,9,2,59,9,-1,-1,-1,-1,3,E01028229,0,1
2024010520856,2024,010520856,2,1,0,18,19,1,5,0,0,0,0,0,0,0,1,1,1,1,1,45,7,-1,-1,-1,-1,5,E01002743,0,1
2024501432398,2024,501432398,1,9,0,-1,11,3,7,-1,0,1,0,0,0,0,1,1,-1,6,1,60,9,-1,-1,-1,-1,3,E01015056,0,3
2024201508049,2024,201508049,2,1,0,-1,19,4,8,-1,0,8,0,0,0,0,1,1,-1,6,1,29,6,-1,-1,-1,-1,-1,-1,0,-1
2024010488624,2024,010488624,2,4,0,18,19,4,8,0,0,7,1,0,0,0,1,1,2,2,1,37,7,-1,-1,-1,-1,2,E01003984,0,1
2024041529440,2024,041529440,1,98,0,-1,19,1,5,-1,0,2,0,0,0,0,4,2,-1,6,1,-1,-1,-1,-1,-1,-1,-1,-1,0,-1
2024531470465,2024,531470465,2,9,0,-1,19,4,6,-1,0,8,0,0,0,0,4,1,-1,9,1,45,7,-1,-1,-1,-1,10,E01002196,0,5
2024122400509,2024,122400509,1,1,0,17,19,1,6,0,0,2,1,0,0,0,1,1,6,6,1,53,8,-1,-1,-1,-1,8,E01027568,0,3
2024141523089,2024,141523089,3,9,0,-1,2,5,1,-1,0,0,0,0,0,0,2,1,-1,6,1,44,7,-1,-1,-1,-1,2,E01010004,0,5
2024320711615,2024,320711615,2,1,0,-1,-1,3,7,0,0,8,5,0,0,0,4,1,-1,-1,1,60,9,-1,-1,-1,-1,3,E01026122,0,1
2024461453376,2024,461453376,1,9,0,-1,19,5,1,-1,0,0,0,0,0,0,1,9,-1,9,1,35,6,-1,-1,-1,-1,9,E01021168,0,3
2024340WN1752,2024,340WN1752,2,19,0,-1,19,7,3,-1,0,0,1,0,1,4,2,1,-1,9,1,32,6,-1,-1,-1,-1,6,E01033043,0,5
2024070329828,2024,070329828,1,1,0,18,19,5,1,0,0,0,0,11,0,0,0,1,6,6,1,53,8,-1,-1,-1,-1,9,E01006088,0,3
2024520402875,2024,520402875,2,9,0,18,19,4,8,0,0,8,0,0,0,0,3,1,6,6,1,40,7,-1,-1,-1,-1,6,E01029270,0,1
2024010524121,2024,010524121,2,1,0,18,19,3,7,0,0,8,0,0,0,0,1,1,6,6,1,48,8,-1,-1,-1,-1,3,E01002646,0,3
2024010543980,2024,010543980,1,11,0,99,99,9,9,99,99,0,9,99,9,99,1,1,6,6,3,-1,-1,-1,-1,-1,-1,-1,-1,0,-1
2024010493408,2024,010493408,2,19,0,99,99,9,9,99,99,9,9,99,9,99,1,9,6,6,3,-1,-1,-1,-1,-1,-1,7,E01002121,0,2
2024010520656,2024,010520656,1,1,0,18,19,1,5,0,0,1,0,0,0,0,1,1,6,6,1,23,5,-1,-1,-1,-1,-1,-1,0,-1
2024461501851,2024,461501851,2,1,0,-1,19,7,3,-1,0,1,0,0,0,0,1,1,-1,9,1,12,3,-1,-1,-1,-1,3,E01024620,0,1
2024211527059,2024,211527059,2,3,0,-1,3,7,3,-1,0,1,0,0,0,0,1,1,-1,6,1,-1,-1,-1,-1,-1,-1,-1,-1,0,-1
2024201493204,2024,201493204,2,1,0,-1,19,6,3,-1,4,8,0,0,0,0,1,1,-1,9,1,28,6,-1,-1,-1,-1,1,E01009380,0,1
2024201430452,2024,201430452,1,9,0,-1,5,4,8,-1,0,4,0,0,0,0,1,1,-1,6,1,-1,-1,-1,-1,-1,-1,-1,-1,0,-1
2024010492967,2024,010492967,1,9,0,18,19,3,7,0,0,0,5,4,0,0,1,1,2,2,2,34,6,-1,-1,-1,-1,3,E01001621,0,1
2024520001693,2024,520001693,1,1,0,18,19,7,3,0,0,8,0,0,0,0,1,1,2,2,1,51,8,-1,-1,-1,-1,4,E01014426,0,1
2024311478585,2024,311478585,2,1,0,-1,19,3,7,-1,0,1,0,0,0,0,1,1,-1,9,2,21,5,-1,-1,-1,-1,-1,-1,0,-1
2024010497391,2024,010497391,1,8,0,99,99,9,9,99,99,9,9,99,9,99,9,9,1,1,1,63,9,-1,-1,-1,-1,4,E01003410,0,3
2024052401228,2024,052401228,1,9,0,18,19,5,1,0,0,1,0,0,0,0,4,1,6,6,2,23,5,-1,-1,-1,-1,3,E01006554,0,1
2024010487483,2024,010487483,2,9,0,99,99,9,9,99,99,9,9,99,9,99,9,9,6,6,3,-1,-1,-1,-1,-1,-1,3,E01003979,0,1
2024010494616,2024,010494616,2,9,0,99,99,9,9,99,99,9,9,99,9,99,1,9,6,6,3,-1,-1,-1,-1,-1,-1,-1,-1,0,-1
2024311495772,2024,311495772,2,98,-1,-1,19,2,6,-1,0,0,0,0,0,0,1,9,-1,1,2,-1,-1,-1,-1,-1,-1,-1,-1,0,-1
2024010516577,2024,010516577,1,9,0,9,9,2,8,0,0,1,0,0,0,0,1,1,1,1,1,49,8,-1,-1,-1,-1,5,E01002162,0,3
2024211503334,2024,211503334,1,9,0,-1,19,1,3,-1,0,8,0,0,0,0,1,9,-1,6,3,-1,-1,-1,-1,-1,-1,-1,-1,0,-1
2024340NN0412,2024,340NN0412,2,9,0,-1,4,7,3,-1,0,0,0,0,0,0,2,1,-1,9,2,45,7,-1,-1,-1,-1,10,E01025794,0,1
2024411514819,2024,411514819,1,9,0,-1,15,1,5,-1,0,0,0,0,0,0,4,1,-1,6,1,74,10,-1,-1,-1,-1,7,E01023495,0,1
2024010551810,2024,010551810,1,1,9,99,99,9,9,99,99,9,9,99,9,99,2,1,6,6,3,-1,-1,-1,-1,-1,-1,-1,-1,0,-1
2024440258411,2024,440258411,1,1,0,18,19,5,1,0,0,1,0,0,0,0,1,1,6,6,1,11,3,-1,-1,-1,-1,2,E01022913,0,1
2024010507560,2024,010507560,1,9,0,4,4,5,1,0,0,1,0,0,0,0,2,1,6,6,1,30,6,-1,-1,-1,-1,4,E01002101,0,1
2024161406052,2024,161406052,1,9,0,-1,19,3,8,-1,0,0,0,10,0,0,1,1,-1,6,1,38,7,-1,-1,-1,-1,1,E01013201,0,2
2024430145746,2024,430145746,1,9,0,9,9,3,1,0,0,6,0,0,0,0,3,1,6,6,2,48,8,-1,-1,-1,-1,9,E01017912,0,1
2024201452600,2024,201452600,1,9,0,-1,9,7,5,-1,0,5,0,0,0,0,1,9,-1,6,1,-1,-1,-1,-1,-1,-1,1,E01010067,0,2
2024430012878,2024,430012878,2,1,-1,-1,-1,2,6,-1,-1,-1,-1,-1,-1,-1,-1,1,6,6,1,22,5,-1,-1,-1,-1,-1,-1,0,-1
2024311445774,2024,311445774,2,9,0,-1,13,1,5,-1,0,8,0,0,0,0,1,9,-1,6,3,-1,-1,-1,-1,-1,-1,-1,-1,0,-1
2024361522462,2024,361522462,4,9,0,-1,19,2,6,-1,0,0,0,0,0,0,1,1,-1,9,1,31,6,-1,-1,-1,-1,6,E01026899,0,3
2024101451630,2024,101451630,1,9,0,-1,19,5,1,-1,0,8,0,0,0,0,1,1,-1,6,1,31,6,-1,-1,-1,-1,4,E01033548,0,4
2024421414319,2024,421414319,3,9,0,-1,15,1,5,-1,0,0,0,0,0,0,0,1,-1,6,1,-1,-1,-1,-1,-1,-1,-1,-1,0,-1
2024991454465,2024,991454465,2,9,0,-1,19,5,1,-1,0,1,0,0,0,0,1,9,-1,6,1,30,6,-1,-1,-1,-1,-1,-1,0,-1
2024070597950,2024,070597950,1,1,0,3,3,6,4,0,0,8,0,0,0,0,1,1,6,6,1,14,3,-1,-1,-1,-1,2,E01012480,0,1
2024501533565,2024,501533565,2,1,0,-1,19,7,3,-1,0,1,5,0,0,0,1,1,-1,9,1,53,8,-1,-1,-1,-1,10,E01019963,0,2
202417H105024,2024,17H105024,1,9,0,-1,19,4,8,-1,0,2,5,10,1,11,1,1,-1,9,2,72,10,-1,-1,-1,-1,8,E01011965,0,1
2024131488609,2024,131488609,1,1,0,-1,19,5,5,-1,0,1,0,0,0,0,1,1,-1,9,1,62,9,-1,-1,-1,-1,3,E01011242,0,2
2024430074022,2024,430074022,2,9,0,18,19,4,8,0,0,8,0,0,0,0,1,1,6,6,3,-1,-1,-1,-1,-1,-1,-1,-1,0,-1
2024010520772,2024,010520772,2,9,0,5,5,9,9,99,99,2,9,99,9,99,9,9,6,6,3,-1,-1,-1,-1,-1,-1,-1,-1,0,-1
2024010545618,2024,010545618,1,9,0,99,99,9,9,99,99,0,9,99,9,99,2,9,6,6,3,-1,-1,-1,-1,-1,-1,-1,-1,0,-1
2024471526553,2024,471526553,2,98,1,-1,19,5,1,-1,0,0,0,0,0,0,3,2,-1,1,1,38,7,-1,-1,-1,-1,-1,-1,0,-1
2024351469725,2024,351469725,2,1,0,-1,19,5,1,-1,0,1,0,0,0,0,1,1,-1,6,1,9,2,-1,-1,-1,-1,-1,-1,0,-1
2024622400552,2024,622400552,1,97,0,18,19,6,2,0,0,4,0,0,0,0,1,1,6,6,3,-1,-1,-1,-1,-1,-1,-1,-1,0,-1
2024010548411,2024,010548411,2,9,0,99,99,9,9,99,99,9,9,99,9,99,1,9,6,6,3,-1,-1,-1,-1,-1,-1,-1,-1,0,-1
2024471504638,2024,471504638,1,9,0,-1,9,6,3,-1,0,8,0,0,0,0,1,1,-1,2,1,48,8,-1,-1,-1,-1,7,E01031777,0,1
2024430074029,2024,430074029,1,9,0,9,9,2,8,0,0,4,0,0,0,0,1,1,6,6,2,49,8,-1,-1,-1,-1,9,E01035269,0,1
2024052401228,2024,052401228,2,9,0,5,5,5,1,0,0,1,0,0,0,0,3,1,6,6,2,-1,-1,-1,-1,-1,-1,-1,-1,0,-1
2024631527460,2024,631527460,2,9,0,-1,5,6,2,-1,0,0,0,0,0,0,2,1,-1,9,2,33,6,-1,-1,-1,-1,6,W01000653,0,1
2024991483359,2024,991483359,1,9,0,-1,4,4,8,-1,0,1,0,0,0,0,2,1,-1,6,1,28,6,-1,-1,-1,-1,9,E01028783,0,5
2024430261781,2024,430261781,1,1,0,18,19,6,2,0,0,0,0,0,0,0,3,1,2,2,1,34,6,-1,-1,-1,-1,3,E01017665,0,1
2024211485963,2024,211485963,1,1,0,-1,19,1,1,-1,0,0,5,0,0,0,1,1,-1,6,1,20,4,-1,-1,-1,-1,3,E01029561,0,1
2024552401036,2024,552401036,2,1,0,4,4,8,4,0,0,1,0,0,0,0,3,1,2,2,1,77,11,-1,-1,-1,-1,5,E01032010,0,2
2024302401059,2024,302401059,1,9,0,9,9,6,4,0,0,8,0,0,0,0,3,1,6,6,1,60,9,-1,-1,-1,-1,7,E01019801,0,1
2024471410784,2024,471410784,1,9,0,-1,-1,-1,-1,-1,-1,1,-1,-1,-1,0,-1,9,-1,6,3,-1,-1,-1,-1,-1,-1,-1,-1,0,-1
2024461399072,2024,461399072,3,9,0,-1,4,7,3,-1,0,0,1,0,0,0,1,9,-1,1,1,-1,-1,-1,-1,-1,-1,5,E01000401,0,2
2024351439868,2024,351439868,2,1,-1,-1,-1,-1,-1,-1,-1,-1,-1,-1,-1,0,-1,1,-1,7,1,18,4,-1,-1,-1,-1,3,E01018147,0,1
2024010526244,2024,010526244,1,9,0,18,19,5,1,0,0,0,2,4,0,0,1,1,2,2,1,67,10,-1,-1,-1,-1,7,E01001058,0,1
2024991481156,2024,991481156,1,9,0,-1,19,7,2,-1,0,0,5,0,2,4,1,1,-1,6,1,64,9,-1,-1,-1,-1,6,-1,0,2
2024461491790,2024,461491790,2,9,0,-1,19,3,7,-1,0,0,1,0,0,0,4,2,-1,1,1,27,6,-1,-1,-1,-1,8,E01024762,0,2
2024010512775,2024,010512775,2,9,0,99,99,9,9,99,99,0,9,99,9,99,9,9,6,6,3,-1,-1,-1,-1,-1,-1,-1,-1,0,-1
2024161483545,2024,161483545,1,9,0,-1,10,6,2,-1,0,1,0,0,0,0,4,1,-1,9,1,34,6,-1,-1,-1,-1,5,E01034969,0,4
2024991405988,2024,991405988,1,9,0,-1,13,1,5,-1,0,0,2,0,1,0,4,1,-1,6,1,31,6,-1,-1,-1,-1,4,-1,0,4
2024010549380,2024,010549380,1,9,0,18,19,7,3,0,0,0,0,0,0,0,1,1,6,6,3,-1,-1,-1,-1,-1,-1,-1,-1,0,-1
2024131428463,2024,131428463,3,23,0,-1,19,1,5,-1,0,0,0,0,0,0,3,1,-1,9,2,21,5,-1,-1,-1,-1,3,E01011908,0,3