collision_index,collision_year,collision_ref_no,vehicle_reference,vehicle_type,towing_and_articulation,vehicle_manoeuvre_historic,vehicle_manoeuvre,vehicle_direction_from,vehicle_direction_to,vehicle_location_restricted_lane_historic,vehicle_location_restricted_lane,junction_location,skidding_and_overturning,hit_object_in_carriageway,vehicle_leaving_carriageway,hit_object_off_carriageway,first_point_of_impact,vehicle_left_hand_drive,journey_purpose_of_driver_historic,journey_purpose_of_driver,sex_of_driver,age_of_driver,age_band_of_driver,engine_capacity_cc,propulsion_code,age_of_vehicle,generic_make_model,driver_imd_decile,lsoa_of_driver,escooter_flag,driver_distance_banding
2024010540018,2024,010540018,1,1,9,99,99,9,9,99,99,9,9,99,9,99,1,1,6,6,1,48,8,-1,-1,-1,-1,4,E01001199,0,1
2024052402699,2024,052402699,3,1,0,18,19,4,8,0,0,8,0,0,0,0,3,1,6,6,1,30,6,-1,-1,-1,-1,1,E01007131,0,1
2024010491000,2024,010491000,2,9,0,99,99,9,9,99,99,9,9,99,9,99,9,9,6,6,3,-1,-1,-1,-1,-1,-1,-1,-1,0,-1
2024010487293,2024,010487293,2,3,0,5,5,3,7,0,0,2,0,0,0,0,0,1,1,1,1,27,6,-1,-1,-1,-1,6,E01002161,0,1
2024131405047,2024,131405047,2,23,0,-1,-1,-1,-1,-1,-1,6,-1,-1,-1,0,-1,1,-1,6,1,16,4,-1,-1,-1,-1,9,E01011939,0,1
2024010528282,2024,010528282,2,9,0,2,2,0,0,9,9,1,0,0,0,0,2,1,6,6,3,-1,-1,-1,-1,-1,-1,-1,-1,0,-1
2024122400234,2024,122400234,2,1,0,18,19,7,3,0,0,0,0,0,0,0,2,1,6,6,1,39,7,-1,-1,-1,-1,10,E01034976,0,3
2024991468123,2024,991468123,1,1,0,-1,19,1,5,-1,0,0,0,0,0,0,1,1,-1,6,1,12,3,-1,-1,-1,-1,1,-1,0,1
2024302401182,2024,302401182,2,17,0,17,19,6,3,0,0,0,0,0,0,0,1,1,1,1,1,35,6,-1,-1,-1,-1,8,E01019616,0,2
202460Q073444,2024,60Q073444,1,9,0,9,9,4,1,0,0,8,0,0,0,0,1,1,6,6,2,37,7,-1,-1,-1,-1,-1,-1,0,-1
2024430623675,2024,430623675,1,9,0,17,19,1,6,0,0,2,1,0,1,0,1,1,6,6,1,23,5,-1,-1,-1,-1,9,E01028482,0,3
2024052400291,2024,052400291,1,9,0,18,19,1,5,0,0,1,0,0,0,0,4,1,6,6,3,-1,-1,-1,-1,-1,-1,-1,-1,0,-1
2024531401437,2024,531401437,2,1,0,-1,19,5,2,-1,0,8,0,0,0,0,3,1,-1,9,1,40,7,-1,-1,-1,-1,4,E01022156,0,1
2024451511468,2024,451511468,1,1,0,-1,19,7,3,-1,0,0,2,10,0,0,1,1,-1,6,1,57,9,-1,-1,-1,-1,10,E01030726,0,1
2024411526650,2024,411526650,2,1,-1,-1,-1,-1,-1,-1,-1,-1,-1,-1,-1,0,-1,1,-1,9,1,12,3,-1,-1,-1,-1,7,E01035581,0,1
2024010536804,2024,010536804,2,1,5,5,5,1,5,9,9,3,0,0,0,0,0,1,6,6,2,-1,-1,-1,-1,-1,-1,5,E01000467,0,1
2024430174286,2024,430174286,2,9,0,18,19,8,4,0,0,8,0,0,0,0,3,1,2,2,1,47,8,-1,-1,-1,-1,-1,-1,0,-1
2024421498642,2024,421498642,1,1,0,-1,19,1,5,-1,9,1,0,0,0,0,1,1,-1,6,1,18,4,-1,-1,-1,-1,4,E01021706,0,1
2024610015024,2024,610015024,2,5,0,4,4,1,5,0,0,1,0,0,1,11,2,1,6,6,1,29,6,-1,-1,-1,-1,1,W01001326,0,3
2024481569583,2024,481569583,1,1,0,-1,19,8,4,-1,0,2,0,0,0,0,1,1,-1,6,1,25,5,-1,-1,-1,-1,-1,-1,0,-1
202454B052024,2024,54B052024,2,9,0,9,9,3,1,0,0,8,0,0,0,0,4,1,6,6,1,60,9,-1,-1,-1,-1,2,E01032064,0,1
2024010487493,2024,010487493,1,9,0,9,9,1,6,0,0,1,0,0,0,0,1,1,6,6,3,-1,-1,-1,-1,-1,-1,-1,-1,0,-1
2024501493990,2024,501493990,2,1,0,-1,19,3,7,-1,0,0,2,0,0,0,1,1,-1,6,1,25,5,-1,-1,-1,-1,-1,-1,0,-1
2024471407283,2024,471407283,1,19,0,-1,8,7,1,-1,0,6,0,0,0,0,1,2,-1,6,1,48,8,-1,-1,-1,-1,7,E01031457,0,1
2024052401965,2024,052401965,2,1,0,18,19,2,6,0,0,3,0,0,0,0,4,1,6,6,1,51,8,-1,-1,-1,-1,9,E01006932,0,3
2024451416781,2024,451416781,2,1,0,-1,19,4,8,-1,0,0,0,0,0,0,3,1,-1,9,1,32,6,-1,-1,-1,-1,4,E01001903,0,3
2024010490871,2024,010490871,2,-1,0,3,3,1,5,9,9,6,0,0,0,0,1,1,6,6,1,36,7,-1,-1,-1,-1,5,E01001658,1,1
2024161506461,2024,161506461,1,1,0,-1,19,7,3,-1,4,1,0,0,0,0,1,1,-1,2,1,20,4,-1,-1,-1,-1,9,E01012812,0,1
2024161462219,2024,161462219,1,1,0,-1,19,8,4,-1,0,1,0,0,0,0,1,1,-1,6,1,67,10,-1,-1,-1,-1,1,E01012945,0,1
202417M202424,2024,17M202424,1,1,0,18,19,4,8,0,0,0,0,0,0,0,3,1,2,2,1,34,6,-1,-1,-1,-1,1,E01012148,0,1
2024010491243,2024,010491243,1,9,0,18,19,3,7,0,0,0,0,0,0,0,3,1,6,6,2,59,9,-1,-1,-1,-1,10,E01000878,0,1
2024010532936,2024,010532936,2,22,0,18,19,2,6,0,0,1,0,0,0,0,1,1,6,6,2,72,10,-1,-1,-1,-1,2,E01000551,0,1
2024070138143,2024,070138143,2,9,0,3,3,1,5,0,0,1,0,0,0,0,2,1,6,6,1,34,6,-1,-1,-1,-1,7,E01018374,0,1
2024440253927,2024,440253927,1,9,0,18,19,4,8,0,0,3,0,0,0,0,0,1,6,6,1,48,8,-1,-1,-1,-1,6,E01020398,0,4
2024411423525,2024,411423525,3,9,0,-1,19,7,3,-1,0,1,0,0,0,0,2,1,-1,9,1,45,7,-1,-1,-1,-1,10,E01023747,0,3
2024430611916,2024,430611916,2,1,0,9,9,3,1,0,0,3,0,0,0,0,4,1,2,2,2,52,8,-1,-1,-1,-1,9,E01028785,0,1
2024471440971,2024,471440971,2,1,0,-1,5,3,7,-1,0,8,0,0,0,0,3,1,-1,6,1,12,3,-1,-1,-1,-1,5,E01031806,0,1
2024451478846,2024,451478846,2,9,0,-1,3,3,7,-1,0,0,0,0,0,0,2,1,-1,2,1,55,8,-1,-1,-1,-1,5,E01004172,0,2
2024010497292,2024,010497292,1,8,0,9,9,7,5,0,0,1,0,0,0,0,3,1,1,1,1,63,9,-1,-1,-1,-1,2,E01003991,0,1
2024622400190,2024,622400190,1,9,0,18,19,3,7,0,0,2,0,0,0,0,1,1,6,6,3,-1,-1,-1,-1,-1,-1,-1,-1,0,-1
2024041507859,2024,041507859,1,22,0,-1,19,-1,-1,-1,9,1,0,0,0,0,-1,1,-1,9,1,88,11,-1,-1,-1,-1,3,E01012753,0,1
2024991495853,2024,991495853,2,9,0,-1,2,0,0,-1,0,2,0,0,0,0,3,1,-1,6,1,80,11,-1,-1,-1,-1,10,-1,0,1
2024131517155,2024,131517155,1,9,0,-1,-1,-1,-1,-1,-1,-1,-1,-1,-1,-1,-1,1,-1,6,3,-1,-1,-1,-1,-1,-1,-1,-1,0,-1
2024010488699,2024,010488699,1,3,0,18,19,1,5,0,0,8,0,0,0,0,1,1,2,2,1,36,7,-1,-1,-1,-1,2,E01003041,0,1
2024061450078,2024,061450078,2,9,0,-1,7,-1,-1,-1,0,1,9,0,0,0,1,1,-1,6,2,-1,-1,-1,-1,-1,-1,-1,-1,0,-1
2024471402444,2024,471402444,1,9,0,-1,19,4,8,-1,0,0,0,0,0,0,4,9,-1,6,3,-1,-1,-1,-1,-1,-1,-1,-1,0,-1
2024010511067,2024,010511067,1,3,0,99,99,9,9,99,99,9,9,99,9,99,1,1,6,6,1,33,6,-1,-1,-1,-1,8,E01000258,0,1
2024161491709,2024,161491709,2,1,0,-1,9,3,7,-1,0,0,1,0,0,0,1,1,-1,6,1,12,3,-1,-1,-1,-1,-1,-1,0,-1
2024302400035,2024,302400035,1,9,0,9,9,2,1,0,0,8,0,0,0,0,4,1,1,1,1,21,5,-1,-1,-1,-1,6,E01034657,0,1
2024061443766,2024,061443766,1,1,0,-1,19,-1,-1,-1,0,1,5,0,0,0,4,1,-1,2,2,40,7,-1,-1,-1,-1,3,E01005823,0,1
2024610019724,2024,610019724,1,19,0,18,19,3,7,0,0,0,0,11,0,0,1,1,2,2,1,41,7,-1,-1,-1,-1,4,W01001355,0,4
2024411537302,2024,411537302,1,98,0,-1,19,2,6,-1,0,1,0,0,1,0,1,1,-1,9,1,49,8,-1,-1,-1,-1,6,E01023556,0,3
2024201448371,2024,201448371,1,9,0,-1,19,4,8,-1,0,0,0,0,0,0,1,9,-1,6,3,-1,-1,-1,-1,-1,-1,-1,-1,0,-1
2024010492018,2024,010492018,1,1,9,99,99,9,9,99,99,9,9,99,9,99,9,1,6,6,1,44,7,-1,-1,-1,-1,2,E01004204,0,1
2024430003700,2024,430003700,2,2,0,4,4,1,5,0,0,0,0,0,0,0,3,1,1,1,1,38,7,-1,-1,-1,-1,3,E01002521,0,3
2024010491546,2024,010491546,2,9,0,99,99,9,9,99,99,9,9,99,9,99,1,9,6,6,1,-1,-1,-1,-1,-1,-1,-1,-1,0,-1
2024361492286,2024,361492286,2,9,0,-1,19,5,2,-1,0,1,0,0,0,0,4,1,-1,1,2,17,4,-1,-1,-1,-1,1,E01026604,0,1
2024010536306,2024,010536306,2,90,0,99,99,9,9,99,99,9,9,99,9,99,9,9,6,6,3,-1,-1,-1,-1,-1,-1,-1,-1,0,-1
2024430167558,2024,430167558,1,9,0,1,1,4,8,0,0,0,0,0,0,0,2,1,6,6,1,27,6,-1,-1,-1,-1,10,E01033966,0,1
2024010506960,2024,010506960,1,9,0,9,9,5,3,4,4,1,0,0,0,0,3,1,6,6,3,-1,-1,-1,-1,-1,-1,-1,-1,0,-1
2024101420471,2024,101420471,3,9,0,-1,2,1,5,-1,0,0,0,0,0,0,2,1,-1,6,1,55,8,-1,-1,-1,-1,3,E01008183,0,4
2024340WN0262,2024,340WN0262,1,9,0,-1,19,3,7,-1,0,2,5,0,1,11,1,1,-1,7,2,37,7,-1,-1,-1,-1,10,E01027272,0,2
2024311405135,2024,311405135,2,9,0,-1,10,1,7,-1,0,1,0,0,0,0,2,1,-1,6,2,49,8,-1,-1,-1,-1,10,E01028330,0,2
2024991534721,2024,991534721,2,5,0,-1,19,3,7,-1,0,0,0,0,7,0,1,1,-1,6,1,60,9,-1,-1,-1,-1,-1,-1,0,-1
2024461527061,2024,461527061,1,21,1,-1,12,3,7,-1,0,8,0,0,0,0,1,2,-1,1,1,42,7,-1,-1,-1,-1,-1,-1,0,-1
2024010524220,2024,010524220,2,1,0,16,19,5,1,0,0,0,0,0,0,0,1,1,6,6,1,51,8,-1,-1,-1,-1,6,E01002849,0,3
2024302401509,2024,302401509,2,1,0,18,19,7,3,0,0,8,0,0,0,0,1,1,6,6,1,18,4,-1,-1,-1,-1,10,E01013544,0,1
2024010549326,2024,010549326,2,9,0,99,99,9,9,99,99,9,9,99,9,99,1,9,6,6,3,-1,-1,-1,-1,-1,-1,-1,-1,0,-1
2024440037951,2024,440037951,1,19,0,2,2,0,0,0,0,2,0,0,0,0,3,1,6,6,1,37,7,-1,-1,-1,-1,1,E01017274,0,1
2024010501642,2024,010501642,1,1,9,99,99,9,9,99,99,9,9,99,9,99,9,1,6,6,1,59,9,-1,-1,-1,-1,6,E01024189,0,3
2024201424943,2024,201424943,1,9,0,-1,19,5,2,-1,0,1,0,0,0,0,1,9,-1,6,1,-1,-1,-1,-1,-1,-1,-1,-1,0,-1
2024451450429,2024,451450429,2,1,0,-1,19,3,7,-1,9,4,0,0,0,0,1,1,-1,2,1,41,7,-1,-1,-1,-1,10,E01030355,0,1
2024461412059,2024,461412059,1,9,0,-1,2,0,0,-1,0,1,0,0,0,0,3,9,-1,9,1,61,9,-1,-1,-1,-1,7,E01024734,0,1
2024052401034,2024,052401034,1,9,0,5,5,7,3,0,0,4,0,0,0,0,1,1,6,6,1,51,8,-1,-1,-1,-1,2,E01006342,0,3
2024061522594,2024,061522594,1,99,0,-1,19,3,1,-1,0,1,0,0,0,0,1,9,-1,6,1,-1,-1,-1,-1,-1,-1,-1,-1,0,-1
2024131504558,2024,131504558,3,9,0,-1,-1,-1,-1,-1,-1,-1,-1,-1,-1,-1,-1,1,-1,6,3,-1,-1,-1,-1,-1,-1,-1,-1,0,-1
2024522500239,2024,522500239,1,9,0,3,3,3,7,0,0,0,0,0,0,0,2,1,6,6,2,41,7,-1,-1,-1,-1,2,E01014493,0,1
2024122400680,2024,122400680,1,9,0,9,9,1,3,0,0,6,0,0,0,0,2,1,6,6,2,44,7,-1,-1,-1,-1,9,E01027794,0,1
2024430341687,2024,430341687,2,1,0,18,19,3,7,0,0,0,0,0,1,0,3,1,6,6,1,23,5,-1,-1,-1,-1,2,E01028522,0,3
2024411541389,2024,411541389,1,9,-1,-1,5,8,5,-1,0,4,0,0,0,0,1,9,-1,6,3,-1,-1,-1,-1,-1,-1,-1,-1,0,-1
2024549181924,2024,549181924,1,97,0,13,13,7,3,0,0,0,1,10,0,0,1,1,6,6,1,56,9,-1,-1,-1,-1,-1,-1,0,-1
2024332401010,2024,332401010,2,9,0,-1,11,5,1,-1,0,0,0,0,0,0,4,1,-1,6,3,-1,-1,-1,-1,-1,-1,-1,-1,0,-1
2024552400817,2024,552400817,2,1,0,9,9,4,2,0,0,8,0,0,0,0,1,1,6,6,2,42,7,-1,-1,-1,-1,8,E01015378,0,1
2024010528323,2024,010528323,2,9,0,99,99,9,9,99,99,9,9,99,9,99,1,9,6,6,3,-1,-1,-1,-1,-1,-1,-1,-1,0,-1
2024111484200,2024,111484200,1,99,0,-1,3,4,6,-1,0,1,0,0,0,0,2,9,-1,6,3,30,6,-1,-1,-1,-1,-1,-1,0,-1
2024010549710,2024,010549710,2,1,9,99,99,9,9,99,99,9,9,99,9,99,9,1,3,7,2,45,7,-1,-1,-1,-1,1,E01000524,0,1
2024332400342,2024,332400342,2,9,0,-1,19,5,1,-1,0,0,0,0,0,0,1,1,-1,9,2,33,6,-1,-1,-1,-1,8,E01025731,0,2
2024302400108,2024,302400108,1,9,0,5,5,8,4,0,0,1,0,0,0,0,1,1,6,6,2,42,7,-1,-1,-1,-1,10,E01019640,0,1
2024010513834,2024,010513834,1,1,0,18,19,5,1,9,9,1,0,0,0,0,3,1,6,6,2,27,6,-1,-1,-1,-1,5,E01002667,0,3
2024520401092,2024,520401092,2,9,0,5,5,5,1,0,0,6,0,0,0,0,4,1,6,6,2,53,8,-1,-1,-1,-1,6,E01029057,0,4
2024302400079,2024,302400079,3,9,0,18,19,2,6,0,0,0,0,0,0,0,1,1,6,6,1,30,6,-1,-1,-1,-1,6,E01013476,0,1
2024010517736,2024,010517736,1,1,0,18,19,7,3,4,4,8,0,0,0,0,3,1,1,1,1,34,6,-1,-1,-1,-1,3,E01003524,0,2
2024461469476,2024,461469476,3,9,0,-1,4,7,3,-1,0,0,0,0,0,0,2,1,-1,9,2,63,9,-1,-1,-1,-1,9,E01024106,0,3
2024481561247,2024,481561247,2,1,0,-1,19,3,7,-1,0,0,0,0,0,0,3,1,-1,9,1,30,6,-1,-1,-1,-1,-1,-1,0,-1
2024471467862,2024,471467862,1,9,0,-1,5,2,5,-1,0,4,0,0,0,0,3,1,-1,9,2,58,9,-1,-1,-1,-1,6,E01021189,0,3
2024070999909,2024,070999909,3,9,0,-1,3,5,1,-1,0,1,0,0,0,0,2,1,-1,2,1,28,6,-1,-1,-1,-1,10,E01018377,0,1
2024430143817,2024,430143817,2,9,0,3,3,4,8,0,0,1,0,0,0,0,2,1,6,6,3,-1,-1,-1,-1,-1,-1,-1,-1,0,-1
2024131394929,2024,131394929,2,9,0,-1,19,5,5,-1,0,1,0,0,0,0,1,1,-1,6,-1,-1,-1,-1,-1,-1,-1,-1,-1,0,-1
2024010500256,2024,010500256,2,9,9,18,19,1,5,99,99,2,9,99,9,99,9,9,6,6,3,-1,-1,-1,-1,-1,-1,-1,-1,0,-1
2024131463994,2024,131463994,1,9,0,-1,19,7,3,-1,0,0,0,0,0,0,4,1,-1,2,2,47,8,-1,-1,-1,-1,5,E01011089,0,1
2024320583816,2024,320583816,3,9,0,-1,-1,3,8,0,0,1,0,0,0,0,1,1,6,6,1,26,6,-1,-1,-1,-1,3,E01010048,0,5
2024131522124,2024,131522124,1,9,0,-1,7,5,3,-1,0,6,0,0,0,0,1,1,-1,6,3,-1,-1,-1,-1,-1,-1,9,E01010764,0,4
2024052401100,2024,052401100,1,9,0,18,19,1,5,0,0,0,0,0,0,0,4,1,6,6,3,-1,-1,-1,-1,-1,-1,-1,-1,0,-1
2024401412371,2024,401412371,2,1,0,-1,19,8,4,-1,0,8,0,0,0,0,3,1,-1,9,1,45,7,-1,-1,-1,-1,8,E01016722,0,3
2024111451605,2024,111451605,2,1,0,-1,19,1,5,-1,0,2,5,0,0,0,4,1,-1,6,1,12,3,-1,-1,-1,-1,2,E01020672,0,1
2024010551744,2024,010551744,1,9,0,99,99,9,9,99,99,9,9,99,9,99,3,9,6,6,2,75,10,-1,-1,-1,-1,3,E01003584,0,1
2024131423790,2024,131423790,1,9,0,-1,19,8,4,-1,0,0,0,0,0,0,1,1,-1,9,1,31,6,-1,-1,-1,-1,2,E01011859,0,2
2024010490065,2024,010490065,1,1,9,99,99,9,9,99,99,9,9,99,9,99,9,1,2,2,1,16,4,-1,-1,-1,-1,9,E01030388,0,1
2024471477918,2024,471477918,4,9,0,-1,19,8,4,-1,0,0,0,0,0,0,3,2,-1,6,1,44,7,-1,-1,-1,-1,-1,-1,0,-1
2024991450467,2024,991450467,2,9,0,-1,19,3,7,-1,0,0,2,0,0,0,1,1,-1,1,1,36,7,-1,-1,-1,-1,9,-1,0,5
2024471437982,2024,471437982,2,1,0,-1,19,8,6,-1,0,1,0,0,0,0,1,1,-1,6,1,17,4,-1,-1,-1,-1,8,E01016893,0,1
2024451408461,2024,451408461,2,9,0,-1,2,0,0,-1,9,0,0,0,0,0,2,1,-1,6,2,47,8,-1,-1,-1,-1,9,E01023111,0,3
2024010505450,2024,010505450,1,1,9,99,99,9,9,99,99,9,9,99,9,99,1,1,2,2,1,31,6,-1,-1,-1,-1,5,E01004513,0,1
2024401514822,2024,401514822,2,9,0,-1,19,1,5,-1,0,1,0,0,0,0,1,1,-1,6,1,45,7,-1,-1,-1,-1,9,E01017439,0,2
2024371405268,2024,371405268,1,9,-1,-1,-1,-1,-1,-1,-1,0,-1,-1,-1,0,-1,9,-1,6,3,-1,-1,-1,-1,-1,-1,-1,-1,0,-1
2024010518339,2024,010518339,2,9,0,99,99,9,9,99,99,9,9,99,9,99,9,9,6,6,3,-1,-1,-1,-1,-1,-1,-1,-1,0,-1
2024010541078,2024,010541078,4,9,0,3,3,7,3,0,0,1,0,0,0,0,4,1,6,6,1,22,5,-1,-1,-1,-1,-1,-1,0,-1
2024411407934,2024,411407934,1,9,0,-1,19,4,8,-1,0,8,0,0,0,0,4,1,-1,2,2,23,5,-1,-1,-1,-1,8,E01023910,0,2
2024221422380,2024,221422380,1,9,0,-1,9,2,1,-1,0,5,0,0,0,0,2,1,-1,9,1,31,6,-1,-1,-1,-1,10,E01010156,0,2
2024361417228,2024,361417228,2,9,0,-1,7,4,7,-1,0,3,1,0,0,0,4,1,-1,9,1,17,4,-1,-1,-1,-1,8,E01026450,0,3
2024052402032,2024,052402032,1,1,0,18,19,4,8,0,0,1,0,0,0,0,1,1,6,6,1,54,8,-1,-1,-1,-1,6,E01034409,0,1
2024141429775,2024,141429775,1,9,0,-1,9,8,5,-1,0,0,0,0,0,0,1,1,-1,7,1,32,6,-1,-1,-1,-1,2,E01007364,0,1
2024010499958,2024,010499958,2,9,0,99,99,9,9,99,99,9,9,99,9,99,9,9,6,6,3,-1,-1,-1,-1,-1,-1,-1,-1,0,-1
2024161526433,2024,161526433,2,1,0,-1,19,1,5,-1,0,1,0,0,0,0,3,1,-1,6,1,79,11,-1,-1,-1,-1,7,E01012815,0,1
2024302401426,2024,302401426,2,9,0,4,4,1,2,0,0,0,0,0,0,0,0,1,6,6,3,-1,-1,-1,-1,-1,-1,5,E01019456,0,3
202417M208224,2024,17M208224,2,1,0,-1,19,7,3,-1,0,1,0,0,0,0,1,1,-1,9,1,16,4,-1,-1,-1,-1,-1,-1,0,-1
2024010490796,2024,010490796,1,9,0,5,5,5,1,0,0,3,0,0,0,0,1,1,6,6,1,19,4,-1,-1,-1,-1,5,E01024356,0,4
2024351397517,2024,351397517,2,21,1,-1,19,-1,-1,-1,0,0,0,0,0,0,1,9,-1,6,3,-1,-1,-1,-1,-1,-1,-1,-1,0,-1
2024010534840,2024,010534840,2,4,0,18,19,6,2,0,0,1,0,4,0,0,1,1,6,6,1,22,5,-1,-1,-1,-1,6,E01002496,0,1
2024221451512,2024,221451512,2,9,0,-1,6,5,5,-1,0,8,0,0,0,0,0,9,-1,6,3,24,5,-1,-1,-1,-1,-1,-1,0,-1
2024430503911,2024,430503911,2,9,0,11,11,1,5,0,0,0,0,0,0,0,4,1,6,6,2,-1,-1,-1,-1,-1,-1,-1,-1,0,-1
2024991465385,2024,991465385,2,1,0,-1,19,8,4,-1,0,8,0,0,0,0,1,1,-1,2,1,42,7,-1,-1,-1,-1,5,-1,0,1
2024430621144,2024,430621144,2,9,0,16,19,8,3,0,0,0,0,0,0,0,0,1,6,6,3,-1,-1,-1,-1,-1,-1,-1,-1,0,-1
2024010514700,2024,010514700,2,9,0,99,99,9,9,99,99,9,9,99,9,99,1,9,6,6,3,32,6,-1,-1,-1,-1,4,E01001329,0,1
2024332400360,2024,332400360,1,-1,0,-1,19,7,3,-1,9,0,0,0,0,0,1,1,-1,6,1,-1,-1,-1,-1,-1,-1,-1,-1,1,-1
2024520403331,2024,520403331,1,9,0,1,1,7,3,9,9,0,0,0,0,0,2,1,6,6,3,-1,-1,-1,-1,-1,-1,-1,-1,0,-1
2024010490105,2024,010490105,2,9,0,99,99,9,9,99,99,9,9,99,9,99,1,9,6,6,3,-1,-1,-1,-1,-1,-1,-1,-1,0,-1
2024211405685,2024,211405685,2,98,1,-1,2,5,5,-1,-1,0,0,4,0,0,2,9,-1,6,1,56,9,-1,-1,-1,-1,6,E01007028,0,5
2024471437140,2024,471437140,3,9,0,-1,19,6,2,-1,0,0,0,0,8,11,4,1,-1,2,1,35,6,-1,-1,-1,-1,5,E01031512,0,3
2024552401423,2024,552401423,2,1,0,18,19,8,4,9,9,8,0,0,0,0,1,1,6,6,1,36,7,-1,-1,-1,-1,4,E01015327,0,1
2024320131405,2024,320131405,1,9,0,-1,-1,8,4,0,0,0,0,0,1,0,1,1,-1,-1,2,31,6,-1,-1,-1,-1,5,E01026232,0,2
2024061435731,2024,061435731,2,19,0,-1,19,4,8,-1,0,8,0,0,0,0,3,1,-1,1,1,41,7,-1,-1,-1,-1,-1,-1,0,-1
2024311556376,2024,311556376,1,9,0,-1,19,5,1,-1,0,1,0,0,0,0,1,1,-1,8,1,-1,-1,-1,-1,-1,-1,-1,-1,0,-1
2024371441546,2024,371441546,1,9,0,-1,5,1,5,-1,0,0,0,0,0,0,1,9,-1,6,3,-1,-1,-1,-1,-1,-1,-1,-1,0,-1
2024430093293,2024,430093293,1,1,0,18,19,7,3,4,4,2,0,0,0,0,3,1,6,6,1,42,7,-1,-1,-1,-1,5,E01016488,0,1
2024332400335,2024,332400335,2,9,0,-1,7,7,1,-1,0,4,0,0,0,0,1,1,-1,6,3,-1,-1,-1,-1,-1,-1,-1,-1,0,-1
2024131448061,2024,131448061,1,1,0,-1,19,8,4,-1,0,0,0,0,0,0,0,1,-1,6,3,-1,-1,-1,-1,-1,-1,-1,-1,0,-1
2024010531525,2024,010531525,1,9,0,9,9,8,6,0,0,8,0,0,0,0,2,1,2,2,2,57,9,-1,-1,-1,-1,10,E01023841,0,2
2024101476821,2024,101476821,1,1,0,-1,12,6,3,-1,0,0,0,0,7,0,3,1,-1,6,2,67,10,-1,-1,-1,-1,-1,-1,0,-1
2024141503539,2024,141503539,1,98,0,-1,19,-1,-1,-1,0,0,0,0,0,0,-1,9,-1,6,3,-1,-1,-1,-1,-1,-1,-1,-1,0,-1
202417L507424,2024,17L507424,1,9,0,-1,4,4,8,-1,0,1,0,0,0,0,3,1,-1,6,1,-1,-1,-1,-1,-1,-1,-1,-1,0,-1
2024041442793,2024,041442793,1,9,0,-1,9,-1,-1,-1,0,1,0,0,0,0,-1,9,-1,6,3,-1,-1,-1,-1,-1,-1,-1,-1,0,-1
2024010538200,2024,010538200,2,1,0,5,5,3,7,0,0,1,5,0,0,0,1,1,6,6,1,25,5,-1,-1,-1,-1,3,E01001791,0,1
2024010519460,2024,010519460,1,1,9,99,99,9,9,99,99,9,9,99,9,99,9,1,2,2,2,29,6,-1,-1,-1,-1,3,E01003979,0,1
2024101489867,2024,101489867,1,1,0,-1,19,2,6,-1,0,1,2,0,0,0,1,1,-1,7,1,11,3,-1,-1,-1,-1,-1,-1,0,-1
2024311524618,2024,311524618,2,98,0,-1,19,1,5,-1,0,0,0,4,1,0,1,2,-1,1,1,23,5,-1,-1,-1,-1,-1,-1,0,-1
2024010511063,2024,010511063,2,1,0,18,19,7,3,0,0,1,0,0,1,0,1,1,6,6,1,40,7,-1,-1,-1,-1,3,E01003286,0,3
2024041506611,2024,041506611,2,9,0,-1,19,1,5,-1,0,0,0,0,0,0,1,1,-1,9,1,44,7,-1,-1,-1,-1,8,E01027558,0,1
2024201534818,2024,201534818,1,9,0,-1,19,2,6,-1,0,4,0,0,0,0,4,9,-1,6,3,-1,-1,-1,-1,-1,-1,-1,-1,0,-1
2024440100554,2024,440100554,2,9,0,9,9,8,6,0,0,1,0,0,0,0,0,1,6,6,1,-1,-1,-1,-1,-1,-1,-1,-1,0,-1
2024010521714,2024,010521714,2,1,0,18,19,1,5,0,0,8,0,0,7,0,3,1,6,6,1,23,5,-1,-1,-1,-1,2,E01001426,0,1
2024131403170,2024,131403170,1,1,0,-1,19,2,6,-1,0,0,0,0,0,0,3,1,-1,6,1,40,7,-1,-1,-1,-1,1,E01011045,0,1
2024010490388,2024,010490388,2,9,0,2,2,0,0,0,0,0,0,0,0,0,3,1,6,6,3,-1,-1,-1,-1,-1,-1,-1,-1,0,-1
2024141408873,2024,141408873,1,9,0,-1,-1,-1,-1,-1,-1,0,-1,-1,-1,0,-1,9,-1,6,3,-1,-1,-1,-1,-1,-1,-1,-1,0,-1
2024501498807,2024,501498807,2,1,0,-1,19,3,7,-1,0,1,5,0,0,0,3,1,-1,6,1,29,6,-1,-1,-1,-1,9,E01020091,0,1
2024501426918,2024,501426918,2,1,0,-1,19,6,1,-1,0,8,0,0,0,0,1,1,-1,2,2,58,9,-1,-1,-1,-1,4,E01018861,0,1
2024010527067,2024,010527067,2,3,0,18,19,7,3,0,0,1,0,0,0,0,3,1,1,1,1,30,6,-1,-1,-1,-1,10,E01003463,0,1
2024401425749,2024,401425749,2,1,0,-1,5,6,2,-1,0,1,0,0,0,0,1,1,-1,7,2,9,2,-1,-1,-1,-1,7,E01017446,0,1
2024010510921,2024,010510921,2,9,0,99,99,9,9,99,99,9,9,99,9,99,9,9,6,6,3,-1,-1,-1,-1,-1,-1,-1,-1,0,-1
2024010520189,2024,010520189,2,9,0,18,19,7,3,0,0,0,0,0,0,0,1,1,2,2,1,33,6,-1,-1,-1,-1,7,E01016087,0,4
2024302401637,2024,302401637,1,19,0,9,9,6,4,0,0,8,0,0,0,0,1,1,6,6,3,-1,-1,-1,-1,-1,-1,5,E01019456,0,4
2024311401660,2024,311401660,2,1,0,-1,19,8,5,-1,0,4,0,0,0,0,1,1,-1,6,1,54,8,-1,-1,-1,-1,2,E01013962,0,1
2024520401100,2024,520401100,2,9,0,4,4,1,5,0,0,1,0,0,0,0,1,1,6,6,1,40,7,-1,-1,-1,-1,5,E01031933,0,4
2024302401766,2024,302401766,2,9,0,18,19,4,8,0,0,8,0,0,0,0,1,1,6,6,2,28,6,-1,-1,-1,-1,8,E01013558,0,1
2024411525251,2024,411525251,2,9,0,-1,15,5,1,-1,0,2,0,0,0,0,4,1,-1,6,-1,25,5,-1,-1,-1,-1,-1,-1,0,-1