collision_index,collision_year,collision_ref_no,vehicle_reference,vehicle_type,towing_and_articulation,vehicle_manoeuvre_historic,vehicle_manoeuvre,vehicle_direction_from,vehicle_direction_to,vehicle_location_restricted_lane_historic,vehicle_location_restricted_lane,junction_location,skidding_and_overturning,hit_object_in_carriageway,vehicle_leaving_carriageway,hit_object_off_carriageway,first_point_of_impact,vehicle_left_hand_drive,journey_purpose_of_driver_historic,journey_purpose_of_driver,sex_of_driver,age_of_driver,age_band_of_driver,engine_capacity_cc,propulsion_code,age_of_vehicle,generic_make_model,driver_imd_decile,lsoa_of_driver,escooter_flag,driver_distance_banding
2024622400785,2024,622400785,1,8,0,18,19,6,2,0,0,1,0,0,0,0,1,1,6,6,3,-1,-1,-1,-1,-1,-1,-1,-1,0,-1
2024010513772,2024,010513772,2,90,0,16,19,1,5,0,0,0,0,0,0,0,1,1,6,6,3,-1,-1,-1,-1,-1,-1,-1,-1,0,-1
2024541249524,2024,541249524,2,1,0,18,19,2,6,0,0,0,0,0,0,0,1,1,6,6,1,51,8,-1,-1,-1,-1,8,E01034525,0,1
2024451396755,2024,451396755,1,22,0,-1,19,1,5,-1,99,8,0,0,0,0,1,1,-1,9,2,53,8,-1,-1,-1,-1,9,E01030731,0,1
2024010542762,2024,010542762,2,9,0,18,19,1,5,0,0,1,0,0,0,0,9,1,6,6,3,-1,-1,-1,-1,-1,-1,-1,-1,0,-1
2024421407096,2024,421407096,1,9,0,-1,19,2,6,-1,0,2,0,0,0,0,4,9,-1,6,1,60,9,-1,-1,-1,-1,-1,-1,0,-1
2024471433823,2024,471433823,2,1,0,-1,19,7,3,-1,0,0,0,0,0,0,-1,1,-1,6,2,41,7,-1,-1,-1,-1,5,E01016988,0,1
2024010518069,2024,010518069,1,9,0,99,99,9,9,99,99,9,9,99,9,99,9,9,6,6,2,17,4,-1,-1,-1,-1,3,E01000090,0,1
2024401418091,2024,401418091,1,9,0,-1,4,8,7,-1,0,1,0,0,0,0,1,1,-1,2,2,-1,-1,-1,-1,-1,-1,8,E01034416,0,1
2024430437295,2024,430437295,2,9,0,18,19,4,8,0,0,0,0,0,0,0,1,1,6,6,1,56,9,-1,-1,-1,-1,10,E01016565,0,1
2024141457947,2024,141457947,2,90,0,-1,19,8,4,-1,0,0,0,0,0,0,1,9,-1,6,1,15,3,-1,-1,-1,-1,6,E01007706,0,1
2024201463829,2024,201463829,1,9,0,-1,19,2,6,-1,0,1,0,0,0,0,1,1,-1,6,3,-1,-1,-1,-1,-1,-1,-1,-1,0,-1
2024471473448,2024,471473448,2,1,0,-1,19,7,3,-1,0,1,1,0,7,0,1,1,-1,6,1,38,7,-1,-1,-1,-1,9,E01003158,0,4
2024201416624,2024,201416624,2,99,0,-1,19,8,4,-1,0,6,0,0,0,0,1,9,-1,9,3,-1,-1,-1,-1,-1,-1,-1,-1,0,-1
2024010555029,2024,010555029,1,19,9,18,19,3,7,0,0,9,0,0,0,0,4,9,6,6,3,-1,-1,-1,-1,-1,-1,-1,-1,0,-1
2024501499211,2024,501499211,1,1,0,-1,19,1,5,-1,9,8,2,10,1,0,3,1,-1,2,1,19,4,-1,-1,-1,-1,3,E01020037,0,1
2024361472474,2024,361472474,1,9,0,-1,1,5,1,-1,0,8,0,0,0,0,2,1,-1,2,1,29,6,-1,-1,-1,-1,1,E01026599,0,1
2024010538797,2024,010538797,1,1,0,18,19,7,3,4,4,2,0,10,1,0,1,1,6,6,1,58,9,-1,-1,-1,-1,5,E01001664,0,1
2024141488738,2024,141488738,2,1,0,-1,11,1,5,-1,0,0,2,0,0,0,4,1,-1,6,1,37,7,-1,-1,-1,-1,5,E01007909,0,1
2024010547656,2024,010547656,1,1,9,99,99,9,9,99,99,9,9,99,9,99,0,1,2,2,2,54,8,-1,-1,-1,-1,3,E01035640,0,1
2024061482561,2024,061482561,2,1,0,-1,9,3,1,-1,0,8,0,0,0,0,1,1,-1,6,1,8,2,-1,-1,-1,-1,-1,-1,0,-1
2024540027924,2024,540027924,1,1,0,18,19,5,1,0,0,6,0,0,0,0,3,1,6,6,1,20,4,-1,-1,-1,-1,2,E01032093,0,1
2024070432783,2024,070432783,1,11,0,18,19,4,8,0,0,0,0,0,0,0,3,1,1,1,1,-1,-1,-1,-1,-1,-1,-1,-1,0,-1
2024161458616,2024,161458616,2,1,0,-1,14,2,6,-1,0,0,0,0,0,0,1,1,-1,7,1,14,3,-1,-1,-1,-1,2,E01012775,0,1
2024522401207,2024,522401207,1,9,0,18,19,6,2,0,0,0,1,0,7,0,1,1,6,6,1,31,6,-1,-1,-1,-1,6,E01029060,0,1
2024430486793,2024,430486793,1,9,0,10,10,8,5,0,0,6,0,0,0,0,1,1,6,6,1,47,8,-1,-1,-1,-1,-1,-1,0,-1
2024111451918,2024,111451918,2,1,0,-1,19,7,3,-1,0,4,0,0,0,0,4,1,-1,6,2,45,7,-1,-1,-1,-1,-1,-1,0,-1
2024010503329,2024,010503329,2,1,0,5,5,7,3,0,0,1,0,0,0,0,1,1,6,6,1,19,4,-1,-1,-1,-1,10,E01030404,0,3
2024131531323,2024,131531323,2,9,0,-1,19,7,3,-1,0,0,0,0,0,0,2,1,-1,1,1,27,6,-1,-1,-1,-1,8,E01012010,0,4
2024631494253,2024,631494253,1,9,0,-1,19,3,7,-1,0,0,5,0,2,0,1,1,-1,9,2,19,4,-1,-1,-1,-1,6,W01001146,0,4
2024547378324,2024,547378324,1,9,0,5,5,7,3,0,0,6,0,0,0,0,3,1,6,6,1,62,9,-1,-1,-1,-1,3,E01031856,0,2
2024131529520,2024,131529520,1,9,0,-1,-1,-1,-1,-1,0,0,-1,-1,-1,-1,-1,1,-1,6,3,-1,-1,-1,-1,-1,-1,-1,-1,0,-1
2024320017524,2024,320017524,1,9,0,18,19,6,2,0,0,0,5,0,7,10,1,1,-1,-1,2,53,8,-1,-1,-1,-1,3,E01026075,0,2
2024332400621,2024,332400621,1,9,0,-1,5,2,6,-1,0,6,0,0,0,0,1,1,-1,9,1,73,10,-1,-1,-1,-1,7,E01025941,0,2
2024302401053,2024,302401053,1,1,0,18,19,2,6,0,0,0,0,12,0,0,1,1,6,6,1,47,8,-1,-1,-1,-1,7,E01019548,0,3
2024031455418,2024,031455418,2,9,0,-1,2,0,0,-1,0,0,0,0,0,0,1,1,-1,6,-1,-1,-1,-1,-1,-1,-1,-1,-1,0,-1
2024461506898,2024,461506898,1,90,0,-1,12,2,8,-1,0,4,0,0,0,0,1,9,-1,6,3,-1,-1,-1,-1,-1,-1,-1,-1,0,-1
2024421458659,2024,421458659,2,98,1,-1,3,7,3,-1,0,0,0,0,0,0,2,1,-1,1,1,52,8,-1,-1,-1,-1,9,E01002318,0,4
2024991476041,2024,991476041,2,1,0,-1,15,6,2,-1,0,0,0,4,0,0,1,1,-1,6,2,40,7,-1,-1,-1,-1,7,-1,0,1
2024010542987,2024,010542987,2,19,0,99,99,9,9,99,99,9,9,99,9,99,9,9,6,6,3,-1,-1,-1,-1,-1,-1,-1,-1,0,-1
2024501514013,2024,501514013,1,9,0,-1,19,8,4,-1,0,3,0,0,0,0,1,1,-1,6,3,-1,-1,-1,-1,-1,-1,-1,-1,0,-1
2024430156044,2024,430156044,1,9,0,18,19,2,6,0,0,0,0,0,0,0,1,1,2,2,2,48,8,-1,-1,-1,-1,8,E01028704,0,1
2024520401526,2024,520401526,3,1,0,18,19,2,6,0,0,0,0,0,0,0,1,1,6,6,1,33,6,-1,-1,-1,-1,3,E01014572,0,4
2024201437879,2024,201437879,2,99,0,-1,15,2,6,-1,0,1,0,0,0,0,1,9,-1,9,3,-1,-1,-1,-1,-1,-1,-1,-1,0,-1
2024010516585,2024,010516585,1,19,0,5,5,7,3,0,0,6,0,0,0,0,1,1,6,6,1,24,5,-1,-1,-1,-1,-1,-1,0,-1
2024430462671,2024,430462671,2,9,0,1,1,1,5,0,0,8,0,0,0,0,2,1,6,6,3,-1,-1,-1,-1,-1,-1,-1,-1,0,-1
2024101394607,2024,101394607,1,-1,0,-1,9,3,8,-1,0,8,0,0,0,0,1,1,-1,6,1,17,4,-1,-1,-1,-1,-1,-1,1,-1
2024340NN4052,2024,340NN4052,2,1,0,-1,19,3,7,-1,0,0,0,0,0,0,3,1,-1,6,1,34,6,-1,-1,-1,-1,7,E01027337,0,1
2024543528324,2024,543528324,2,9,0,3,3,7,2,0,0,1,0,0,0,0,2,1,2,2,2,63,9,-1,-1,-1,-1,10,E01015518,0,2
2024010536867,2024,010536867,2,1,0,13,13,5,1,0,0,2,2,10,0,0,1,1,2,2,1,36,7,-1,-1,-1,-1,2,E01001839,0,1
2024010499715,2024,010499715,2,1,0,17,19,5,4,0,0,3,1,0,0,0,0,1,6,6,1,40,7,-1,-1,-1,-1,6,E01000979,0,1
2024361511147,2024,361511147,2,9,0,-1,9,3,1,-1,0,0,0,0,0,0,3,1,-1,2,1,61,9,-1,-1,-1,-1,4,E01026523,0,1
2024061489780,2024,061489780,1,9,0,-1,19,8,4,-1,0,1,0,0,0,0,1,1,-1,6,3,-1,-1,-1,-1,-1,-1,-1,-1,0,-1
2024991433103,2024,991433103,2,9,0,-1,19,3,7,-1,0,0,0,0,0,0,3,1,-1,9,1,65,9,-1,-1,-1,-1,9,-1,0,2
2024421434458,2024,421434458,1,9,0,-1,19,2,6,-1,0,0,0,0,0,0,0,9,-1,6,3,16,4,-1,-1,-1,-1,-1,-1,0,-1
2024010487180,2024,010487180,2,5,0,18,19,7,3,9,9,0,2,0,6,0,1,1,6,6,1,29,6,-1,-1,-1,-1,4,E01002629,0,1
2024451409997,2024,451409997,2,98,0,-1,2,0,0,-1,0,1,0,0,0,0,2,1,-1,1,1,24,5,-1,-1,-1,-1,6,E01017259,0,4
2024052400934,2024,052400934,1,9,0,5,5,1,5,0,0,1,0,0,0,0,1,1,6,6,1,-1,-1,-1,-1,-1,-1,-1,-1,0,-1
2024010498405,2024,010498405,1,9,0,18,19,3,7,0,0,2,0,0,0,0,1,1,6,6,3,-1,-1,-1,-1,-1,-1,-1,-1,0,-1
2024131468830,2024,131468830,2,1,0,-1,19,5,1,-1,0,8,0,0,0,0,1,1,-1,9,1,50,8,-1,-1,-1,-1,1,E01011138,0,2
2024471530474,2024,471530474,2,1,0,-1,19,6,2,-1,0,8,0,0,0,0,4,1,-1,2,1,39,7,-1,-1,-1,-1,2,E01020911,0,1
2024141489775,2024,141489775,2,1,0,-1,19,5,1,-1,0,2,0,0,0,0,2,1,-1,6,1,16,4,-1,-1,-1,-1,6,E01007615,0,2
2024010491340,2024,010491340,1,9,0,99,99,9,9,99,99,9,9,99,9,99,2,9,6,6,1,56,9,-1,-1,-1,-1,7,E01003419,0,1
2024401526466,2024,401526466,1,9,-1,-1,-1,-1,-1,-1,-1,-1,-1,-1,-1,0,-1,9,-1,6,3,-1,-1,-1,-1,-1,-1,-1,-1,0,-1
2024302400989,2024,302400989,2,1,0,7,7,3,5,0,0,2,0,0,0,0,1,1,6,6,1,53,8,-1,-1,-1,-1,5,E01019456,0,1
2024141508831,2024,141508831,1,9,0,-1,19,8,2,-1,0,0,1,0,0,0,1,1,-1,9,1,20,4,-1,-1,-1,-1,2,E01007391,0,1
2024010489404,2024,010489404,2,3,0,18,19,3,7,0,0,8,0,0,0,0,3,1,1,1,1,26,6,-1,-1,-1,-1,1,E01000643,0,1
2024010537093,2024,010537093,2,1,0,18,19,3,7,4,4,8,1,0,0,0,1,1,2,2,1,25,5,-1,-1,-1,-1,3,E01003112,0,2
2024010494477,2024,010494477,1,3,0,99,99,9,9,99,99,1,9,99,9,99,1,1,1,1,1,21,5,-1,-1,-1,-1,7,E01001308,0,1
2024061431226,2024,061431226,1,9,0,-1,2,0,0,-1,9,2,0,0,0,0,4,1,-1,9,1,21,5,-1,-1,-1,-1,1,E01004839,0,1
2024122400491,2024,122400491,1,9,0,10,10,3,7,0,0,8,0,0,0,0,0,1,6,6,3,-1,-1,-1,-1,-1,-1,-1,-1,0,-1
2024010494561,2024,010494561,2,1,0,5,5,3,7,0,0,8,0,0,0,0,2,1,6,6,2,31,6,-1,-1,-1,-1,4,E01003043,0,1
2024351530725,2024,351530725,1,9,0,-1,-1,-1,-1,-1,-1,-1,-1,-1,-1,0,-1,9,-1,6,2,-1,-1,-1,-1,-1,-1,-1,-1,0,-1
202454T000024,2024,54T000024,2,9,0,18,19,7,3,0,0,4,0,0,0,0,0,1,1,1,3,-1,-1,-1,-1,-1,-1,-1,-1,0,-1
2024351515792,2024,351515792,2,1,0,-1,19,7,3,-1,0,2,0,0,0,0,3,1,-1,6,1,71,10,-1,-1,-1,-1,10,E01018055,0,1
2024430079863,2024,430079863,2,9,0,9,9,6,4,0,0,6,0,0,0,0,1,1,2,2,1,63,9,-1,-1,-1,-1,5,E01017588,0,3
2024320020166,2024,320020166,1,9,0,-1,-1,5,1,0,0,0,1,0,1,0,4,1,-1,-1,2,28,6,-1,-1,-1,-1,-1,-1,0,-1
2024461530215,2024,461530215,1,21,1,-1,12,3,7,-1,0,0,0,0,0,0,1,2,-1,1,1,26,6,-1,-1,-1,-1,-1,-1,0,-1
2024010492872,2024,010492872,2,1,0,5,5,7,3,0,0,6,0,0,0,0,2,1,2,2,1,57,9,-1,-1,-1,-1,4,E01001898,0,1
2024010500449,2024,010500449,2,1,0,18,19,8,4,0,0,1,0,0,0,0,3,1,6,6,1,19,4,-1,-1,-1,-1,3,E01003983,0,1
2024010526100,2024,010526100,2,1,0,18,19,1,5,4,4,0,0,0,0,0,2,1,2,2,1,26,6,-1,-1,-1,-1,2,E01004423,0,1
2024201512438,2024,201512438,2,1,0,-1,6,5,1,-1,0,0,0,0,0,0,3,1,-1,9,1,38,7,-1,-1,-1,-1,2,E01009006,0,1
2024311537483,2024,311537483,1,9,0,-1,7,5,1,-1,9,0,5,0,0,0,3,1,-1,6,1,26,6,-1,-1,-1,-1,6,E01028034,0,1
2024010557631,2024,010557631,2,1,9,99,99,9,9,99,99,9,9,99,9,99,9,1,6,6,1,-1,-1,-1,-1,-1,-1,-1,-1,0,-1
2024010515649,2024,010515649,1,1,9,99,99,9,9,99,99,0,9,99,9,99,9,1,2,2,1,45,7,-1,-1,-1,-1,9,E01001305,0,2
2024010494318,2024,010494318,2,9,0,99,99,9,9,99,99,9,9,99,9,99,1,9,6,6,2,-1,-1,-1,-1,-1,-1,8,E01004170,0,3
2024340NN4512,2024,340NN4512,2,22,0,-1,19,7,3,-1,0,0,5,0,0,0,1,1,-1,6,1,39,7,-1,-1,-1,-1,3,E01027065,0,1
2024320757284,2024,320757284,2,9,0,-1,-1,8,4,0,0,4,0,0,0,0,1,1,6,6,3,-1,-1,-1,-1,-1,-1,-1,-1,0,-1
2024101511552,2024,101511552,1,-1,0,-1,19,8,5,-1,0,3,0,0,0,0,1,1,-1,6,1,44,7,-1,-1,-1,-1,7,E01008467,1,1
2024991483156,2024,991483156,4,9,0,-1,2,0,0,-1,0,0,0,0,0,0,3,1,-1,6,-1,-1,-1,-1,-1,-1,-1,-1,-1,0,-1
2024010492575,2024,010492575,1,9,0,4,4,7,3,9,9,0,0,4,7,4,1,1,6,6,2,66,10,-1,-1,-1,-1,4,E01033789,0,3
2024010488461,2024,010488461,2,9,0,99,99,9,9,99,99,9,9,99,9,99,9,9,6,6,1,58,9,-1,-1,-1,-1,2,E01002748,0,1
2024010495852,2024,010495852,3,1,9,99,99,9,9,99,99,9,9,99,9,99,9,1,6,6,1,-1,-1,-1,-1,-1,-1,-1,-1,0,-1
2024311454845,2024,311454845,1,9,0,-1,19,8,8,-1,0,0,0,0,0,0,0,1,-1,6,3,16,4,-1,-1,-1,-1,-1,-1,0,-1
2024010542307,2024,010542307,2,9,0,99,99,9,9,99,99,9,9,99,9,99,1,9,6,6,3,-1,-1,-1,-1,-1,-1,-1,-1,0,-1
2024131448010,2024,131448010,2,1,0,-1,19,1,1,-1,0,6,0,0,0,0,1,1,-1,9,1,6,2,-1,-1,-1,-1,1,E01010926,0,1
2024010516335,2024,010516335,2,19,0,99,99,9,9,99,99,9,9,99,9,99,9,9,6,6,3,-1,-1,-1,-1,-1,-1,-1,-1,0,-1
2024401447565,2024,401447565,2,90,0,-1,19,5,1,-1,0,1,0,0,0,0,-1,9,-1,6,1,-1,-1,-1,-1,-1,-1,-1,-1,0,-1
2024010496967,2024,010496967,1,3,0,99,99,9,9,99,99,9,9,99,9,99,9,1,1,1,2,29,6,-1,-1,-1,-1,3,E01003143,0,2
2024440094655,2024,440094655,2,9,0,5,5,2,6,0,0,4,0,0,0,0,1,1,6,6,1,55,8,-1,-1,-1,-1,4,E01017275,0,1
2024101416384,2024,101416384,1,97,0,-1,19,3,7,-1,0,0,0,0,0,0,1,1,-1,6,1,15,3,-1,-1,-1,-1,-1,-1,0,-1
2024302401258,2024,302401258,2,9,0,7,7,5,7,0,0,0,0,0,1,9,2,1,6,6,1,57,9,-1,-1,-1,-1,10,E01013527,0,1
202460Q112200,2024,60Q112200,1,97,0,4,4,1,5,0,0,0,5,0,0,0,4,1,6,6,1,80,11,-1,-1,-1,-1,-1,-1,0,-1
2024052401779,2024,052401779,2,1,0,18,19,1,5,0,0,0,0,0,0,0,4,1,2,2,1,52,8,-1,-1,-1,-1,1,E01007293,0,1
2024471452198,2024,471452198,1,21,0,-1,19,3,7,-1,0,0,0,0,7,0,3,1,-1,1,1,61,9,-1,-1,-1,-1,10,E01022746,0,4
2024101429879,2024,101429879,2,9,0,-1,4,1,5,-1,0,0,0,0,0,0,2,1,-1,6,1,76,11,-1,-1,-1,-1,8,E01008627,0,1
2024010494806,2024,010494806,1,9,0,7,7,7,8,0,0,0,0,10,0,0,0,1,6,6,2,76,11,-1,-1,-1,-1,5,E01004676,0,1
2024461401895,2024,461401895,1,9,0,-1,19,6,3,-1,0,2,2,0,0,0,1,9,-1,2,1,48,8,-1,-1,-1,-1,4,E01024565,0,1
2024161494328,2024,161494328,1,9,0,-1,7,7,1,-1,0,8,0,0,0,0,1,1,-1,6,3,-1,-1,-1,-1,-1,-1,-1,-1,0,-1
2024010491128,2024,010491128,2,1,0,18,19,3,7,0,0,6,9,0,0,0,1,1,6,6,2,25,5,-1,-1,-1,-1,4,E01004729,0,1
2024522403416,2024,522403416,1,1,0,18,19,4,8,0,0,8,0,0,0,0,1,1,6,6,1,36,7,-1,-1,-1,-1,5,E01014720,0,1
2024010498432,2024,010498432,1,9,0,18,19,1,5,9,9,1,0,0,0,0,4,1,6,6,3,34,6,-1,-1,-1,-1,-1,-1,0,-1
2024141509708,2024,141509708,2,9,0,-1,2,0,0,-1,0,0,0,0,0,0,2,1,-1,6,-1,-1,-1,-1,-1,-1,-1,-1,-1,0,-1
2024041502653,2024,041502653,1,9,0,-1,8,7,1,-1,0,0,0,0,0,0,1,1,-1,6,1,53,8,-1,-1,-1,-1,4,E01034344,0,1
2024061464009,2024,061464009,2,9,0,-1,99,5,1,-1,0,1,0,0,0,0,1,1,-1,6,3,-1,-1,-1,-1,-1,-1,-1,-1,0,-1
2024161513865,2024,161513865,2,9,0,-1,19,4,8,-1,0,2,0,0,0,0,1,9,-1,6,3,-1,-1,-1,-1,-1,-1,-1,-1,0,-1
2024471402345,2024,471402345,1,9,0,-1,9,5,2,-1,0,5,0,0,0,0,1,1,-1,7,2,17,4,-1,-1,-1,-1,9,E01021208,0,1
2024311480137,2024,311480137,2,-1,0,-1,19,5,1,-1,0,6,5,0,8,0,1,1,-1,6,2,28,6,-1,-1,-1,-1,1,E01013864,1,1
2024010540169,2024,010540169,1,1,9,3,3,9,9,99,99,2,9,99,9,99,9,1,2,2,1,45,7,-1,-1,-1,-1,6,E01003954,0,1
2024131416433,2024,131416433,2,1,0,-1,19,5,1,-1,2,0,0,0,0,0,0,1,-1,2,1,34,6,-1,-1,-1,-1,8,E01011690,0,1
2024221518532,2024,221518532,2,1,0,-1,19,6,2,-1,0,4,0,0,0,0,2,1,-1,2,1,20,4,-1,-1,-1,-1,9,E01028966,0,1
2024311488615,2024,311488615,1,9,0,-1,19,3,7,-1,0,0,1,0,0,0,1,1,-1,9,2,38,7,-1,-1,-1,-1,-1,-1,0,-1
2024010541756,2024,010541756,2,1,9,99,99,9,9,99,99,9,9,99,9,99,9,1,6,6,3,-1,-1,-1,-1,-1,-1,-1,-1,0,-1
2024010495608,2024,010495608,1,4,0,13,13,5,1,0,0,8,2,0,0,0,1,1,2,2,1,25,5,-1,-1,-1,-1,3,E01001834,0,3
2024010496472,2024,010496472,2,-1,0,3,3,2,6,0,0,1,0,0,0,0,0,1,6,6,1,22,5,-1,-1,-1,-1,4,E01002620,1,1
2024010497907,2024,010497907,1,9,0,99,99,9,9,99,99,9,9,99,9,99,2,9,6,6,3,-1,-1,-1,-1,-1,-1,-1,-1,0,-1
2024531510998,2024,531510998,1,9,0,-1,19,4,8,-1,0,0,0,0,0,0,1,1,-1,9,1,57,9,-1,-1,-1,-1,6,E01022155,0,4
2024010511335,2024,010511335,2,1,0,18,19,5,1,0,0,1,0,0,0,0,4,1,6,6,2,65,9,-1,-1,-1,-1,8,E01004751,0,1
2024371419484,2024,371419484,2,1,0,-1,19,-1,-1,-1,0,1,0,0,0,0,1,1,-1,2,1,31,6,-1,-1,-1,-1,6,E01030005,0,1
2024991410018,2024,991410018,1,1,0,-1,19,1,5,-1,0,3,2,0,0,0,4,1,-1,2,1,60,9,-1,-1,-1,-1,8,-1,0,1
2024610012924,2024,610012924,2,3,0,18,19,7,3,0,0,0,0,0,0,0,4,1,6,6,1,53,8,-1,-1,-1,-1,3,W01001353,0,1
2024010509721,2024,010509721,1,1,9,99,99,9,9,99,99,1,9,99,9,99,9,1,2,2,1,48,8,-1,-1,-1,-1,4,E01003484,0,2
2024471417374,2024,471417374,3,98,0,-1,19,8,4,-1,0,0,0,0,0,0,0,9,-1,6,-1,-1,-1,-1,-1,-1,-1,-1,-1,0,-1
2024340WN1202,2024,340WN1202,1,9,0,-1,19,5,1,-1,0,6,0,0,0,0,1,1,-1,6,2,-1,-1,-1,-1,-1,-1,-1,-1,0,-1
2024010491798,2024,010491798,2,1,0,18,19,5,1,4,4,0,0,8,1,0,1,1,2,2,2,34,6,-1,-1,-1,-1,5,E01001168,0,1
2024010490043,2024,010490043,2,4,0,3,3,8,4,0,0,1,0,0,0,0,2,1,6,6,1,40,7,-1,-1,-1,-1,5,E01033739,0,1
2024991443777,2024,991443777,2,1,0,-1,15,1,5,-1,0,1,0,8,0,0,3,1,-1,2,2,28,6,-1,-1,-1,-1,2,-1,0,1
2024010528491,2024,010528491,2,9,0,18,19,9,9,99,99,9,9,99,9,99,1,9,6,6,3,-1,-1,-1,-1,-1,-1,3,E01003073,0,1
2024547341624,2024,547341624,1,1,0,18,19,1,5,0,0,1,0,0,0,0,3,1,6,6,1,7,2,-1,-1,-1,-1,8,E01032704,0,1
2024302401411,2024,302401411,1,21,1,11,11,5,1,0,0,1,0,0,0,0,4,1,1,1,2,43,7,-1,-1,-1,-1,2,-1,0,5
2024131455061,2024,131455061,1,9,0,-1,-1,-1,-1,-1,-1,0,-1,-1,-1,0,3,1,-1,6,3,-1,-1,-1,-1,-1,-1,-1,-1,0,-1
2024041469955,2024,041469955,1,9,0,-1,19,3,7,-1,0,0,0,0,0,0,1,1,-1,6,3,-1,-1,-1,-1,-1,-1,-1,-1,0,-1
2024052402059,2024,052402059,1,9,0,18,19,4,8,0,0,0,0,0,0,0,1,1,6,6,3,-1,-1,-1,-1,-1,-1,-1,-1,0,-1
202417L303924,2024,17L303924,2,9,0,-1,19,7,3,-1,0,0,0,0,0,0,1,1,-1,6,1,-1,-1,-1,-1,-1,-1,-1,-1,0,-1
2024991527101,2024,991527101,1,1,0,-1,3,7,1,-1,0,1,0,0,0,0,4,1,-1,6,1,27,6,-1,-1,-1,-1,-1,-1,0,-1
2024461475569,2024,461475569,2,1,0,-1,4,6,2,-1,0,1,0,0,0,0,0,1,-1,9,1,85,11,-1,-1,-1,-1,7,E01024113,0,1
2024061453332,2024,061453332,2,1,0,-1,19,2,5,-1,0,1,0,0,0,0,1,1,-1,9,1,51,8,-1,-1,-1,-1,5,E01005153,0,1
2024101440183,2024,101440183,2,1,0,-1,19,6,2,-1,0,0,0,0,0,0,3,1,-1,9,1,7,2,-1,-1,-1,-1,1,E01008858,0,1
2024010551761,2024,010551761,3,9,0,18,19,3,7,0,0,1,0,0,0,0,2,1,6,6,2,18,4,-1,-1,-1,-1,6,E01032619,0,3
2024991448476,2024,991448476,2,1,0,-1,19,5,1,-1,9,0,0,8,0,0,1,1,-1,6,1,11,3,-1,-1,-1,-1,-1,-1,0,-1
2024302401498,2024,302401498,2,9,0,3,3,8,4,0,0,0,0,0,0,0,0,1,6,6,3,-1,-1,-1,-1,-1,-1,5,E01019456,0,4
2024320704702,2024,320704702,1,9,0,-1,-1,2,6,0,0,0,0,0,0,0,1,1,-1,-1,1,21,5,-1,-1,-1,-1,5,E01026276,0,2
2024161417946,2024,161417946,1,1,0,-1,19,3,7,-1,4,1,1,0,0,0,0,1,-1,9,2,34,6,-1,-1,-1,-1,2,E01033104,0,1
2024552401402,2024,552401402,1,9,0,18,19,7,3,0,0,0,0,0,0,0,4,1,6,6,3,-1,-1,-1,-1,-1,-1,-1,-1,0,-1
2024451419857,2024,451419857,1,9,0,-1,19,3,7,-1,0,1,0,0,0,0,1,1,-1,2,2,25,5,-1,-1,-1,-1,5,E01030946,0,1
2024522403040,2024,522403040,2,9,0,9,9,6,5,0,0,5,0,0,0,0,3,1,6,6,3,-1,-1,-1,-1,-1,-1,-1,-1,0,-1
2024440502083,2024,440502083,2,1,0,18,19,4,8,0,0,2,0,0,0,0,1,1,6,6,1,51,8,-1,-1,-1,-1,6,E01022701,0,3
2024010518398,2024,010518398,1,1,9,99,99,9,9,99,99,9,9,99,9,99,9,1,6,6,1,50,8,-1,-1,-1,-1,5,E01000916,0,3
2024052400062,2024,052400062,1,9,0,18,19,7,3,0,0,1,0,0,0,0,1,1,6,6,3,-1,-1,-1,-1,-1,-1,-1,-1,0,-1
2024010539968,2024,010539968,2,1,0,18,19,1,5,0,0,1,0,0,0,0,1,1,6,6,1,18,4,-1,-1,-1,-1,4,E01003529,0,1
2024320396860,2024,320396860,1,22,0,18,19,2,6,9,9,0,5,0,1,0,4,1,6,6,1,93,11,-1,-1,-1,-1,2,E01026030,0,1
2024101449764,2024,101449764,1,97,0,-1,19,7,3,-1,0,1,2,11,0,0,4,1,-1,9,1,32,6,-1,-1,-1,-1,7,E01008279,0,1
2024451411953,2024,451411953,2,9,0,-1,2,8,4,-1,0,0,0,0,0,0,2,1,-1,6,-1,-1,-1,-1,-1,-1,-1,-1,-1,0,-1
2024010537492,2024,010537492,2,1,0,18,19,8,4,0,0,8,0,0,0,0,0,1,1,1,1,38,7,-1,-1,-1,-1,5,E01003494,0,3
2024430227257,2024,430227257,1,9,0,16,19,4,8,0,0,0,1,0,7,0,3,1,6,6,2,50,8,-1,-1,-1,-1,4,E01028819,0,2
2024010543555,2024,010543555,2,1,9,99,99,9,9,99,99,9,9,99,9,99,9,1,6,6,3,-1,-1,-1,-1,-1,-1,-1,-1,0,-1
2024010490829,2024,010490829,2,9,0,99,99,9,9,99,99,9,0,99,9,99,9,9,6,6,3,-1,-1,-1,-1,-1,-1,-1,-1,0,-1
2024010528166,2024,010528166,1,1,9,99,99,9,9,99,99,9,9,99,9,99,1,1,6,6,1,59,9,-1,-1,-1,-1,5,E01002567,0,1
2024991481439,2024,991481439,1,9,0,-1,19,3,7,-1,0,6,0,10,0,0,4,9,-1,6,3,-1,-1,-1,-1,-1,-1,-1,-1,0,-1
2024501484695,2024,501484695,1,9,0,-1,1,6,2,-1,0,1,0,0,0,0,2,1,-1,6,1,73,10,-1,-1,-1,-1,5,E01018849,0,1
2024201442006,2024,201442006,2,90,0,-1,2,0,0,-1,0,2,0,0,0,0,2,9,-1,2,1,53,8,-1,-1,-1,-1,7,E01032126,0,1
2024011503798,2024,011503798,2,1,0,-1,14,1,5,-1,0,0,0,0,0,0,1,1,-1,9,1,30,6,-1,-1,-1,-1,-1,-1,0,-1
2024161484612,2024,161484612,1,9,0,-1,19,7,3,-1,0,0,0,0,0,0,1,2,-1,9,1,79,11,-1,-1,-1,-1,1,E01011476,0,4
2024421477141,2024,421477141,1,98,1,-1,19,8,4,-1,0,0,0,0,0,0,1,2,-1,1,1,38,7,-1,-1,-1,-1,-1,-1,0,-1
2024501522529,2024,501522529,1,9,0,-1,19,4,8,-1,0,0,0,0,0,0,1,1,-1,2,1,46,8,-1,-1,-1,-1,4,E01014622,0,5