collision_index,collision_year,collision_ref_no,vehicle_reference,vehicle_type,towing_and_articulation,vehicle_manoeuvre_historic,vehicle_manoeuvre,vehicle_direction_from,vehicle_direction_to,vehicle_location_restricted_lane_historic,vehicle_location_restricted_lane,junction_location,skidding_and_overturning,hit_object_in_carriageway,vehicle_leaving_carriageway,hit_object_off_carriageway,first_point_of_impact,vehicle_left_hand_drive,journey_purpose_of_driver_historic,journey_purpose_of_driver,sex_of_driver,age_of_driver,age_band_of_driver,engine_capacity_cc,propulsion_code,age_of_vehicle,generic_make_model,driver_imd_decile,lsoa_of_driver,escooter_flag,driver_distance_banding
2024211490668,2024,211490668,1,1,0,-1,9,1,5,-1,0,1,0,0,0,0,2,1,-1,6,1,63,9,-1,-1,-1,-1,9,E01029769,0,1
2024161441039,2024,161441039,1,9,9,-1,10,5,1,-1,0,1,9,0,0,0,2,9,-1,6,1,-1,-1,-1,-1,-1,-1,-1,-1,0,-1
2024332401174,2024,332401174,1,9,0,-1,19,9,9,-1,0,0,0,0,0,0,4,1,-1,6,3,-1,-1,-1,-1,-1,-1,-1,-1,0,-1
2024421432487,2024,421432487,2,1,0,-1,19,5,1,-1,0,8,0,0,0,0,4,1,-1,2,1,69,10,-1,-1,-1,-1,2,E01003712,0,4
2024041424273,2024,041424273,2,-1,0,-1,19,7,3,-1,0,8,0,0,0,0,3,1,-1,6,1,15,3,-1,-1,-1,-1,3,E01012585,1,1
2024430459951,2024,430459951,2,9,0,1,1,2,6,0,0,1,0,0,0,0,2,1,6,6,2,30,6,-1,-1,-1,-1,-1,-1,0,-1
2024010546211,2024,010546211,2,-1,0,4,4,5,1,0,0,2,0,0,0,0,1,1,6,6,1,52,8,-1,-1,-1,-1,4,E01003736,1,1
2024311522125,2024,311522125,1,9,0,-1,19,5,1,-1,0,0,0,0,0,0,3,9,-1,6,3,-1,-1,-1,-1,-1,-1,-1,-1,0,-1
2024010492484,2024,010492484,2,8,0,99,99,9,9,99,99,0,9,99,9,99,9,9,6,6,3,-1,-1,-1,-1,-1,-1,-1,-1,0,-1
2024471529295,2024,471529295,2,9,0,-1,19,4,8,-1,0,0,0,0,0,0,1,1,-1,6,3,-1,-1,-1,-1,-1,-1,-1,-1,0,-1
2024451444799,2024,451444799,1,22,0,-1,5,5,1,-1,0,6,0,0,0,0,4,1,-1,9,1,89,11,-1,-1,-1,-1,9,E01030733,0,1
2024061428542,2024,061428542,2,23,0,-1,19,4,8,-1,0,6,0,0,0,0,3,1,-1,6,1,20,4,-1,-1,-1,-1,-1,-1,0,-1
2024041404263,2024,041404263,1,97,0,-1,-1,-1,-1,-1,-1,1,-1,-1,-1,0,-1,1,-1,6,3,-1,-1,-1,-1,-1,-1,-1,-1,0,-1
2024061410048,2024,061410048,1,9,0,-1,19,5,2,-1,0,0,1,0,1,11,3,1,-1,9,1,19,4,-1,-1,-1,-1,3,E01005332,0,2
2024440449665,2024,440449665,1,23,0,4,4,6,2,0,0,8,0,0,0,0,3,1,2,2,2,47,8,-1,-1,-1,-1,5,E01017279,0,2
2024010522567,2024,010522567,2,1,0,3,3,3,7,2,2,1,0,0,0,0,2,1,6,6,1,35,6,-1,-1,-1,-1,2,E01004289,0,1
2024010525426,2024,010525426,1,19,0,1,1,1,5,0,0,1,0,0,0,0,2,1,6,6,1,-1,-1,-1,-1,-1,-1,-1,-1,0,-1
2024101465481,2024,101465481,3,9,0,-1,3,3,7,-1,0,0,1,0,0,0,1,1,-1,1,1,42,7,-1,-1,-1,-1,3,E01008704,0,1
2024131491252,2024,131491252,1,9,0,-1,-1,-1,-1,-1,-1,0,-1,-1,-1,-1,-1,1,-1,6,3,-1,-1,-1,-1,-1,-1,-1,-1,0,-1
2024010498597,2024,010498597,1,5,0,18,19,3,7,0,0,0,1,0,1,2,2,1,1,1,1,46,8,-1,-1,-1,-1,3,E01002284,0,1
2024010512420,2024,010512420,1,1,9,99,99,9,9,99,99,9,9,99,9,99,9,1,2,2,1,42,7,-1,-1,-1,-1,10,E01000348,0,1
2024010521965,2024,010521965,1,1,9,99,99,9,9,99,99,9,9,99,9,99,1,1,1,1,1,17,4,-1,-1,-1,-1,3,E01002753,0,1
2024201431382,2024,201431382,2,1,0,-1,19,3,7,-1,0,8,0,0,0,0,2,1,-1,6,1,47,8,-1,-1,-1,-1,8,E01009697,0,2
2024010491408,2024,010491408,1,3,0,18,19,5,1,0,0,8,0,0,0,0,3,1,1,1,1,24,5,-1,-1,-1,-1,2,E01003266,0,2
2024440562617,2024,440562617,2,9,0,18,19,1,5,0,0,4,0,0,0,0,1,1,6,6,2,32,6,-1,-1,-1,-1,10,E01022897,0,1
2024010492538,2024,010492538,2,1,0,18,19,7,3,0,0,6,0,0,0,0,1,1,6,6,1,54,8,-1,-1,-1,-1,6,E01003227,0,1
2024010547795,2024,010547795,1,97,0,6,6,1,1,0,0,1,0,0,0,0,1,1,6,6,3,-1,-1,-1,-1,-1,-1,-1,-1,0,-1
2024622400328,2024,622400328,2,8,0,4,4,4,8,0,0,0,0,0,0,0,2,1,1,1,1,24,5,-1,-1,-1,-1,3,W01001990,0,2
2024522402187,2024,522402187,1,1,0,16,19,4,6,0,0,0,0,0,0,0,1,1,6,6,1,35,6,-1,-1,-1,-1,8,E01035232,0,3
2024421509229,2024,421509229,3,97,0,-1,19,1,7,-1,0,0,0,0,0,0,0,1,-1,6,3,-1,-1,-1,-1,-1,-1,-1,-1,0,-1
2024010512879,2024,010512879,2,22,9,18,19,5,1,9,9,9,0,0,0,0,3,1,6,6,1,-1,-1,-1,-1,-1,-1,3,E01001111,0,1
2024201470332,2024,201470332,1,17,0,-1,19,4,8,-1,0,0,0,0,0,0,1,2,-1,6,1,-1,-1,-1,-1,-1,-1,-1,-1,0,-1
2024440236655,2024,440236655,1,-1,0,18,19,6,2,9,9,0,0,0,0,0,1,1,6,6,1,-1,-1,-1,-1,-1,-1,-1,-1,1,-1
2024501510068,2024,501510068,2,9,0,-1,19,3,7,-1,0,0,0,0,0,0,3,9,-1,6,1,53,8,-1,-1,-1,-1,6,E01019935,0,4
2024122400313,2024,122400313,2,9,0,18,19,5,1,0,0,0,0,0,0,0,0,1,6,6,3,-1,-1,-1,-1,-1,-1,-1,-1,0,-1
2024010487226,2024,010487226,1,3,0,99,99,9,9,99,99,9,9,99,9,99,9,1,6,6,1,25,5,-1,-1,-1,-1,4,E01003119,0,1
2024371395354,2024,371395354,1,19,0,-1,-1,-1,-1,-1,-1,0,-1,-1,-1,0,1,1,-1,6,3,-1,-1,-1,-1,-1,-1,-1,-1,0,-1
2024010541778,2024,010541778,1,1,9,99,99,9,9,99,99,9,9,99,9,99,9,1,2,2,2,29,6,-1,-1,-1,-1,6,E01002745,0,1
2024010504372,2024,010504372,2,5,0,9,9,4,1,0,0,2,0,0,0,0,0,1,2,2,1,42,7,-1,-1,-1,-1,-1,-1,0,-1
2024010489034,2024,010489034,3,9,0,1,1,5,1,0,0,0,0,0,0,0,2,1,1,1,1,51,8,-1,-1,-1,-1,5,E01003666,0,1
2024010504462,2024,010504462,2,1,0,18,19,3,7,0,0,1,0,0,0,0,1,1,6,6,1,63,9,-1,-1,-1,-1,7,E01001231,0,2
2024461516634,2024,461516634,1,9,0,-1,1,3,7,-1,0,2,0,0,0,0,2,9,-1,6,1,-1,-1,-1,-1,-1,-1,-1,-1,0,-1
2024471430217,2024,471430217,2,9,0,-1,5,5,1,-1,0,0,0,0,0,0,3,1,-1,6,2,-1,-1,-1,-1,-1,-1,9,E01017734,0,4
2024522402904,2024,522402904,1,9,0,18,19,5,1,0,0,8,0,0,0,0,1,1,6,6,1,39,7,-1,-1,-1,-1,1,E01033356,0,2
2024451440615,2024,451440615,2,9,0,-1,19,1,5,-1,0,8,0,0,0,0,1,9,-1,6,1,30,6,-1,-1,-1,-1,-1,-1,0,-1
2024010499572,2024,010499572,1,1,9,99,99,9,9,99,99,9,9,99,9,99,9,1,2,2,1,32,6,-1,-1,-1,-1,2,E01003175,0,1
2024531413449,2024,531413449,1,9,0,-1,5,2,6,-1,0,0,0,0,0,0,4,9,-1,6,3,-1,-1,-1,-1,-1,-1,-1,-1,0,-1
2024371529830,2024,371529830,2,9,0,-1,-1,-1,-1,-1,-1,0,-1,-1,-1,0,-1,2,-1,6,1,63,9,-1,-1,-1,-1,7,E01029974,0,1
2024061452664,2024,061452664,2,1,0,-1,12,4,8,-1,0,1,0,0,0,0,3,1,-1,6,1,15,3,-1,-1,-1,-1,10,E01005739,0,1
2024411432099,2024,411432099,1,9,-1,-1,-1,-1,-1,-1,0,0,-1,-1,-1,0,2,9,-1,6,3,-1,-1,-1,-1,-1,-1,-1,-1,0,-1
2024461484101,2024,461484101,1,9,0,-1,19,3,7,-1,0,0,0,0,0,0,4,9,-1,6,3,-1,-1,-1,-1,-1,-1,-1,-1,0,-1
2024010512066,2024,010512066,1,1,0,18,19,5,1,0,0,1,0,0,0,0,4,1,2,2,1,16,4,-1,-1,-1,-1,2,E01003984,0,1
2024211433900,2024,211433900,2,9,0,-1,9,1,8,-1,0,1,0,0,0,0,2,1,-1,6,2,48,8,-1,-1,-1,-1,-1,-1,0,-1
2024201521698,2024,201521698,1,9,0,-1,19,7,3,-1,0,0,0,0,0,0,4,1,-1,6,1,29,6,-1,-1,-1,-1,2,E01009090,0,1
2024010525183,2024,010525183,2,1,9,99,99,9,9,99,99,9,9,99,9,99,9,1,2,2,2,32,6,-1,-1,-1,-1,4,E01002711,0,1
2024201440983,2024,201440983,3,9,0,-1,2,0,0,-1,0,2,0,0,0,0,1,1,-1,6,-1,-1,-1,-1,-1,-1,-1,-1,-1,0,-1
2024320200691,2024,320200691,1,9,0,-1,-1,2,6,0,0,8,0,0,0,0,1,1,-1,-1,1,20,4,-1,-1,-1,-1,6,E01026315,0,1
2024010503201,2024,010503201,1,1,0,18,19,5,1,0,0,0,0,0,0,0,0,1,1,1,1,32,6,-1,-1,-1,-1,5,E01003934,0,2
2024010521118,2024,010521118,1,9,0,18,19,7,3,0,0,0,0,0,0,0,1,1,6,6,2,21,5,-1,-1,-1,-1,4,E01003348,0,1
2024010491057,2024,010491057,1,9,0,18,19,3,7,0,0,1,0,0,7,1,1,1,6,6,2,79,11,-1,-1,-1,-1,9,E01021548,0,4
2024610020424,2024,610020424,1,9,0,7,7,5,8,0,0,3,0,0,0,0,3,1,2,2,2,21,5,-1,-1,-1,-1,10,W01001512,0,1
2024141532002,2024,141532002,2,9,0,-1,19,1,5,-1,0,1,1,0,0,0,1,9,-1,6,3,-1,-1,-1,-1,-1,-1,-1,-1,0,-1
2024010545636,2024,010545636,1,9,9,99,99,9,9,99,99,9,9,99,9,99,9,9,6,6,3,-1,-1,-1,-1,-1,-1,-1,-1,0,-1
2024332400832,2024,332400832,1,1,0,-1,19,6,2,-1,4,0,0,0,0,0,3,1,-1,9,1,16,4,-1,-1,-1,-1,10,E01025641,0,2
2024070220493,2024,070220493,2,9,0,9,9,3,2,0,0,8,0,0,0,1,4,1,6,6,1,24,5,-1,-1,-1,-1,10,E01029770,0,3
2024010520526,2024,010520526,2,1,0,3,3,3,7,0,0,1,0,0,0,0,0,1,6,6,1,59,9,-1,-1,-1,-1,3,E01003520,0,1
2024421490451,2024,421490451,1,9,0,-1,2,0,0,-1,0,6,0,0,0,0,3,1,-1,6,2,35,6,-1,-1,-1,-1,-1,-1,0,-1
2024221438940,2024,221438940,3,9,0,-1,19,6,8,-1,0,0,0,0,0,0,0,1,-1,6,3,40,7,-1,-1,-1,-1,-1,-1,0,-1
2024430246318,2024,430246318,1,9,0,6,6,7,7,0,0,5,0,0,0,0,1,1,6,6,3,-1,-1,-1,-1,-1,-1,-1,-1,0,-1
2024010537962,2024,010537962,1,1,9,99,99,9,9,99,99,9,9,99,9,99,9,1,2,2,2,43,7,-1,-1,-1,-1,1,E01002026,0,2
2024552400715,2024,552400715,1,9,0,12,12,3,7,0,0,8,0,0,0,0,3,1,6,6,3,-1,-1,-1,-1,-1,-1,-1,-1,0,-1
2024201447765,2024,201447765,1,9,0,-1,15,6,2,-1,0,8,0,0,0,0,1,9,-1,6,1,-1,-1,-1,-1,-1,-1,-1,-1,0,-1
2024131426649,2024,131426649,1,9,0,-1,-1,-1,-1,-1,-1,-1,-1,-1,-1,-1,-1,1,-1,6,3,-1,-1,-1,-1,-1,-1,-1,-1,0,-1
2024411485387,2024,411485387,2,9,0,-1,5,5,1,-1,0,0,0,0,0,0,1,1,-1,1,1,21,5,-1,-1,-1,-1,6,E01023340,0,1
2024061461288,2024,061461288,2,9,0,-1,19,7,7,-1,0,6,0,0,0,0,1,1,-1,2,1,48,8,-1,-1,-1,-1,-1,-1,0,-1
2024052401907,2024,052401907,1,23,0,18,19,4,8,0,0,6,0,0,0,0,1,1,6,6,1,14,3,-1,-1,-1,-1,1,E01006414,0,1
2024010493472,2024,010493472,1,11,0,9,9,3,1,0,0,7,0,0,0,0,0,1,6,6,3,-1,-1,-1,-1,-1,-1,2,E01003065,0,2
2024010494087,2024,010494087,2,9,0,99,99,9,9,99,99,9,9,99,9,99,9,9,6,6,3,-1,-1,-1,-1,-1,-1,-1,-1,0,-1
2024451506285,2024,451506285,1,9,0,-1,7,4,2,-1,0,8,0,0,0,0,1,9,-1,6,3,-1,-1,-1,-1,-1,-1,-1,-1,0,-1
2024161481989,2024,161481989,2,1,0,-1,19,4,6,-1,0,0,0,0,0,0,2,1,-1,2,1,40,7,-1,-1,-1,-1,4,E01013255,0,2
2024061445752,2024,061445752,1,1,0,-1,19,-1,-1,-1,4,8,5,0,0,0,1,1,-1,2,2,31,6,-1,-1,-1,-1,10,E01033998,0,1
2024440230758,2024,440230758,2,1,0,18,19,2,6,0,0,8,0,0,0,0,2,1,6,6,2,58,9,-1,-1,-1,-1,8,E01023030,0,1
2024010504729,2024,010504729,2,1,0,18,19,4,8,0,0,8,0,0,0,0,2,1,6,6,1,21,5,-1,-1,-1,-1,2,E01003047,0,1
2024320057256,2024,320057256,1,9,0,8,8,2,6,0,0,8,0,0,0,0,0,1,-1,-1,2,29,6,-1,-1,-1,-1,8,E01026155,0,1
2024320549036,2024,320549036,3,9,0,-1,-1,1,5,0,0,1,0,0,0,0,2,1,2,2,1,29,6,-1,-1,-1,-1,8,E01026394,0,1
2024010489011,2024,010489011,1,3,0,18,19,3,7,0,0,0,0,0,0,0,1,1,6,6,1,41,7,-1,-1,-1,-1,3,E01030385,0,1
2024522401620,2024,522401620,2,9,0,18,19,2,6,0,0,0,0,0,0,0,1,1,6,6,1,24,5,-1,-1,-1,-1,7,E01014808,0,4
2024131472333,2024,131472333,1,1,0,-1,12,6,2,-1,0,0,0,11,0,0,1,1,-1,6,1,-1,-1,-1,-1,-1,-1,-1,-1,0,-1
2024361538565,2024,361538565,2,9,0,-1,10,7,5,-1,0,1,0,0,0,0,2,1,-1,6,-1,-1,-1,-1,-1,-1,-1,-1,-1,0,-1
2024311461416,2024,311461416,1,-1,0,-1,19,2,3,-1,0,8,1,0,0,0,3,1,-1,9,1,30,6,-1,-1,-1,-1,3,E01033398,1,1
2024010530425,2024,010530425,1,19,0,18,19,4,8,0,0,0,0,0,0,0,4,1,6,6,3,-1,-1,-1,-1,-1,-1,-1,-1,0,-1
2024010488160,2024,010488160,1,3,0,99,99,9,9,99,99,9,9,99,9,99,9,1,1,1,1,43,7,-1,-1,-1,-1,1,E01001425,0,2
2024440071239,2024,440071239,1,9,0,18,19,8,4,0,0,0,5,0,1,10,1,1,6,6,1,18,4,-1,-1,-1,-1,2,E01022900,0,4
2024111487113,2024,111487113,1,9,0,-1,1,6,2,-1,0,0,0,0,0,0,2,9,-1,6,3,30,6,-1,-1,-1,-1,-1,-1,0,-1
2024302400041,2024,302400041,2,17,0,2,2,0,0,0,0,0,0,0,0,0,2,1,6,6,3,-1,-1,-1,-1,-1,-1,-1,-1,0,-1
2024340NN0322,2024,340NN0322,1,9,0,-1,19,7,3,-1,0,6,0,0,0,0,3,1,-1,1,2,-1,-1,-1,-1,-1,-1,-1,-1,0,-1
2024430044980,2024,430044980,1,1,0,18,19,4,8,0,0,0,0,0,0,0,1,1,6,6,1,-1,-1,-1,-1,-1,-1,-1,-1,0,-1
2024622400123,2024,622400123,1,9,0,9,9,2,8,0,0,8,0,0,0,0,1,2,6,6,2,66,10,-1,-1,-1,-1,10,W01001779,0,1
2024161467793,2024,161467793,2,1,0,-1,19,1,5,-1,0,2,0,0,0,0,9,1,-1,6,1,85,11,-1,-1,-1,-1,6,E01012961,0,1
2024332400299,2024,332400299,1,19,0,-1,19,5,1,-1,0,0,0,0,0,0,1,1,-1,6,1,-1,-1,-1,-1,-1,-1,-1,-1,0,-1
2024161488728,2024,161488728,2,9,0,-1,19,8,4,-1,0,0,1,0,0,0,4,1,-1,9,1,26,6,-1,-1,-1,-1,5,E01012829,0,1
2024010500020,2024,010500020,2,1,0,18,19,3,7,0,0,1,0,0,0,0,1,1,6,6,2,16,4,-1,-1,-1,-1,8,E01000910,0,1
2024101414708,2024,101414708,2,1,0,-1,19,5,1,-1,0,0,0,0,0,0,1,1,-1,2,2,33,6,-1,-1,-1,-1,4,E01008513,0,1
2024010488624,2024,010488624,1,9,0,9,9,5,4,0,0,8,0,0,0,0,1,1,2,2,1,42,7,-1,-1,-1,-1,7,E01003232,0,1
2024221510486,2024,221510486,2,21,0,-1,19,5,1,-1,0,8,0,0,0,0,3,1,-1,1,1,47,8,-1,-1,-1,-1,4,W01000167,0,4
2024461518478,2024,461518478,1,97,0,-1,19,1,5,-1,0,0,0,0,0,0,1,1,-1,6,3,-1,-1,-1,-1,-1,-1,-1,-1,0,-1
2024430386339,2024,430386339,2,9,0,18,19,5,1,0,0,8,0,0,0,0,3,1,6,6,2,58,9,-1,-1,-1,-1,9,E01033953,0,1
2024010538891,2024,010538891,1,-1,0,4,4,3,7,0,0,1,0,0,0,0,0,1,6,6,1,45,7,-1,-1,-1,-1,2,E01003487,1,1
2024041522712,2024,041522712,1,9,0,-1,19,1,5,-1,0,0,0,0,0,0,1,1,-1,2,1,59,9,-1,-1,-1,-1,8,E01024923,0,2
2024141441355,2024,141441355,1,9,0,-1,7,1,5,-1,0,2,0,0,0,0,1,1,-1,6,2,82,11,-1,-1,-1,-1,3,E01007572,0,1
2024010496807,2024,010496807,1,3,0,99,99,9,9,99,99,9,9,99,9,99,9,1,1,1,1,30,6,-1,-1,-1,-1,3,E01000638,0,1
2024061426199,2024,061426199,2,9,0,-1,19,-1,-1,-1,0,4,0,0,0,0,1,1,-1,6,3,-1,-1,-1,-1,-1,-1,-1,-1,0,-1
2024361507725,2024,361507725,1,9,0,-1,2,0,0,-1,0,1,0,0,0,0,1,1,-1,9,3,-1,-1,-1,-1,-1,-1,-1,-1,0,-1
2024010489223,2024,010489223,2,9,0,99,99,9,9,99,99,9,9,99,9,99,9,9,6,6,3,-1,-1,-1,-1,-1,-1,-1,-1,0,-1
2024010489275,2024,010489275,1,19,0,5,5,1,5,0,0,1,0,0,0,0,1,1,1,1,2,41,7,-1,-1,-1,-1,4,E01001756,0,1
2024543540524,2024,543540524,2,21,0,3,3,8,4,0,0,1,0,0,0,0,1,1,1,1,1,28,6,-1,-1,-1,-1,3,-1,0,5
2024302400432,2024,302400432,1,9,0,4,4,4,2,0,0,1,0,0,0,0,1,1,6,6,2,-1,-1,-1,-1,-1,-1,9,E01019841,0,1
2024430369353,2024,430369353,2,5,0,18,19,5,1,0,0,8,0,0,0,0,1,1,6,6,2,29,6,-1,-1,-1,-1,2,E01003159,0,4
2024010491589,2024,010491589,1,9,0,18,19,1,5,0,0,0,0,0,0,0,1,1,6,6,3,-1,-1,-1,-1,-1,-1,-1,-1,0,-1
2024440284686,2024,440284686,1,9,0,18,19,4,8,9,9,0,0,0,7,0,1,1,6,6,1,79,11,-1,-1,-1,-1,8,E01023234,0,1
2024010545002,2024,010545002,1,1,9,99,99,9,9,99,99,9,9,99,9,99,9,1,6,6,1,29,6,-1,-1,-1,-1,4,E01003091,0,1
2024221462195,2024,221462195,1,5,0,-1,19,1,5,-1,0,1,0,0,0,0,1,1,-1,9,1,74,10,-1,-1,-1,-1,8,E01032220,0,4
2024010486821,2024,010486821,3,9,9,99,99,9,9,99,99,9,9,99,9,99,9,9,6,6,1,50,8,-1,-1,-1,-1,9,E01001417,0,1
2024401507954,2024,401507954,2,1,0,-1,5,1,4,-1,0,1,0,0,0,0,3,1,-1,6,2,16,4,-1,-1,-1,-1,4,E01017555,0,1
2024320120599,2024,320120599,1,9,0,9,9,6,4,0,0,6,0,0,0,0,1,1,6,6,3,-1,-1,-1,-1,-1,-1,-1,-1,0,-1
2024440451409,2024,440451409,2,9,0,18,19,2,6,0,0,0,0,0,1,0,1,1,2,2,1,55,8,-1,-1,-1,-1,6,E01022764,0,4
2024201438103,2024,201438103,2,1,0,-1,19,8,2,-1,0,8,0,0,0,0,1,1,-1,6,2,31,6,-1,-1,-1,-1,10,E01009436,0,1
2024361454151,2024,361454151,1,5,0,-1,19,7,3,-1,0,0,0,0,0,0,0,1,-1,9,1,33,6,-1,-1,-1,-1,8,E01026938,0,3
2024520401093,2024,520401093,2,19,0,18,19,7,3,0,0,0,0,0,0,0,1,1,6,6,1,43,7,-1,-1,-1,-1,4,E01029041,0,1
2024471505064,2024,471505064,1,9,0,-1,9,1,7,-1,0,8,0,0,0,0,1,1,-1,1,1,29,6,-1,-1,-1,-1,9,E01031623,0,3
2024010518683,2024,010518683,1,1,9,99,99,9,9,99,99,0,9,99,9,99,9,1,6,6,1,-1,-1,-1,-1,-1,-1,-1,-1,0,-1
2024141405881,2024,141405881,2,19,-1,-1,11,-1,-1,-1,0,8,0,0,0,0,0,9,-1,6,3,-1,-1,-1,-1,-1,-1,-1,-1,0,-1
2024531481696,2024,531481696,1,9,0,-1,19,4,8,-1,0,0,0,0,0,0,3,9,-1,6,1,-1,-1,-1,-1,-1,-1,-1,-1,0,-1
2024991434552,2024,991434552,1,9,0,-1,4,7,3,-1,9,0,0,0,0,0,1,1,-1,6,2,63,9,-1,-1,-1,-1,10,-1,0,1
2024440352005,2024,440352005,1,9,0,18,19,5,1,0,0,8,0,0,0,0,0,1,6,6,1,17,4,-1,-1,-1,-1,-1,-1,0,-1
2024010528075,2024,010528075,2,9,0,18,19,4,8,0,0,8,0,0,0,0,1,1,6,6,3,-1,-1,-1,-1,-1,-1,-1,-1,0,-1
2024991429280,2024,991429280,2,1,0,-1,5,2,6,-1,0,1,0,0,0,0,3,1,-1,6,2,39,7,-1,-1,-1,-1,1,-1,0,1
2024440343035,2024,440343035,1,9,0,18,19,3,7,0,0,2,0,0,0,0,4,1,6,6,3,27,6,-1,-1,-1,-1,-1,-1,0,-1
2024430027976,2024,430027976,2,9,0,18,19,9,9,0,0,1,0,0,0,0,1,1,6,6,2,45,7,-1,-1,-1,-1,-1,-1,0,-1
2024010487832,2024,010487832,4,9,0,2,2,0,0,0,0,0,0,0,0,0,1,1,6,6,3,-1,-1,-1,-1,-1,-1,-1,-1,0,-1
2024461488902,2024,461488902,1,1,0,-1,19,-1,-1,-1,9,0,2,0,0,0,1,1,-1,6,1,-1,-1,-1,-1,-1,-1,-1,-1,0,-1
2024201490885,2024,201490885,1,8,0,-1,1,1,5,-1,0,8,0,0,0,0,2,1,-1,1,1,45,7,-1,-1,-1,-1,-1,-1,0,-1
2024052400422,2024,052400422,1,9,0,9,9,7,5,0,0,1,0,0,0,0,1,1,2,2,1,56,9,-1,-1,-1,-1,3,E01006855,0,1
2024522401908,2024,522401908,4,9,0,18,19,2,6,0,0,0,0,0,0,0,1,1,6,6,1,65,9,-1,-1,-1,-1,10,E01014377,0,3
2024302400103,2024,302400103,2,3,0,18,19,6,2,0,0,8,0,0,0,0,1,1,6,6,1,20,4,-1,-1,-1,-1,1,E01019578,0,1
2024010506485,2024,010506485,1,1,9,18,19,1,5,4,4,8,9,0,0,0,1,1,6,6,1,-1,-1,-1,-1,-1,-1,3,E01001784,0,1
2024010527330,2024,010527330,2,1,0,14,14,7,3,0,0,1,5,0,0,0,4,1,6,6,1,66,10,-1,-1,-1,-1,5,E01001863,0,1
2024522403110,2024,522403110,2,-1,0,16,19,4,6,0,0,0,0,0,0,0,1,1,6,6,1,16,4,-1,-1,-1,-1,3,E01014690,1,1
2024371438220,2024,371438220,2,9,0,-1,19,4,6,-1,0,1,0,0,0,0,4,1,-1,9,1,52,8,-1,-1,-1,-1,3,E01021977,0,4
202460Q074837,2024,60Q074837,2,1,0,18,19,6,2,0,0,1,0,0,0,0,1,1,6,6,1,27,6,-1,-1,-1,-1,-1,-1,0,-1
2024141399218,2024,141399218,2,-1,0,-1,19,1,5,-1,0,6,0,0,0,0,1,1,-1,9,1,14,3,-1,-1,-1,-1,5,E01008058,1,1
2024041459967,2024,041459967,1,9,0,-1,19,-1,-1,-1,0,0,0,0,0,0,2,9,-1,6,3,-1,-1,-1,-1,-1,-1,-1,-1,0,-1
2024201529612,2024,201529612,2,99,0,-1,19,7,3,-1,0,1,0,0,0,0,3,1,-1,6,3,30,6,-1,-1,-1,-1,-1,-1,0,-1
2024501466072,2024,501466072,2,19,0,-1,19,8,4,-1,0,1,0,0,0,0,1,1,-1,6,3,-1,-1,-1,-1,-1,-1,-1,-1,0,-1
2024522402023,2024,522402023,1,19,0,1,1,2,6,0,0,0,0,0,0,0,2,1,6,6,3,-1,-1,-1,-1,-1,-1,-1,-1,0,-1
2024430256172,2024,430256172,2,5,0,18,19,4,8,0,0,1,0,0,0,0,1,1,6,6,1,23,5,-1,-1,-1,-1,7,E01028612,0,1
2024010512616,2024,010512616,1,1,9,99,99,9,9,99,99,9,9,99,9,99,1,1,6,6,1,39,7,-1,-1,-1,-1,4,E01001724,0,1
2024052401158,2024,052401158,1,1,0,18,19,4,8,0,0,6,0,0,0,0,3,1,6,6,1,20,4,-1,-1,-1,-1,2,E01006722,0,1
2024010487128,2024,010487128,1,9,0,9,9,1,6,0,0,8,0,0,0,0,4,1,6,6,1,22,5,-1,-1,-1,-1,6,E01004621,0,1
2024201399723,2024,201399723,1,19,0,-1,19,5,4,-1,0,3,0,0,0,0,1,9,-1,6,1,33,6,-1,-1,-1,-1,1,E01009733,0,1
2024161528560,2024,161528560,2,9,0,-1,7,8,2,-1,0,5,0,0,0,0,4,9,-1,6,3,-1,-1,-1,-1,-1,-1,-1,-1,0,-1
2024010487555,2024,010487555,3,9,0,2,2,0,0,0,0,8,0,4,0,0,2,1,6,6,3,-1,-1,-1,-1,-1,-1,-1,-1,0,-1
2024010549149,2024,010549149,2,1,9,99,99,9,9,99,99,1,9,99,9,99,1,1,2,2,1,51,8,-1,-1,-1,-1,6,E01021058,0,4
2024061528000,2024,061528000,1,9,0,-1,4,-1,-1,-1,99,9,9,0,0,0,4,1,-1,6,3,-1,-1,-1,-1,-1,-1,-1,-1,0,-1
2024010539711,2024,010539711,2,97,0,18,19,5,1,0,0,8,0,0,0,0,1,1,6,6,3,-1,-1,-1,-1,-1,-1,-1,-1,0,-1
2024010497014,2024,010497014,1,9,0,9,9,3,8,0,0,8,0,0,0,0,4,1,6,6,1,41,7,-1,-1,-1,-1,3,E01035693,0,1
2024010493788,2024,010493788,2,9,0,99,99,9,9,99,99,9,9,99,9,99,1,9,6,6,3,-1,-1,-1,-1,-1,-1,-1,-1,0,-1
2024061487118,2024,061487118,2,1,0,-1,3,7,3,-1,0,0,0,0,0,0,4,1,-1,6,1,30,6,-1,-1,-1,-1,3,E01006145,0,1
2024461521940,2024,461521940,1,9,0,-1,19,5,1,-1,0,0,0,0,0,0,3,9,-1,6,1,-1,-1,-1,-1,-1,-1,-1,-1,0,-1
2024411501624,2024,411501624,1,1,-1,-1,-1,-1,-1,-1,-1,0,-1,-1,-1,0,2,1,-1,6,1,-1,-1,-1,-1,-1,-1,6,E01023746,0,3
2024471479826,2024,471479826,3,9,0,-1,3,3,7,-1,0,0,0,0,0,0,2,1,-1,2,1,36,7,-1,-1,-1,-1,7,E01016913,0,3
2024010487632,2024,010487632,1,3,0,99,99,9,9,99,99,9,9,99,9,99,9,1,1,1,1,30,6,-1,-1,-1,-1,3,E01034592,0,2
2024311464798,2024,311464798,2,1,0,-1,19,5,1,-1,0,0,0,0,0,0,3,1,-1,2,1,42,7,-1,-1,-1,-1,-1,-1,0,-1
2024440448596,2024,440448596,2,9,0,13,13,8,4,0,0,1,0,0,0,0,4,1,6,6,3,-1,-1,-1,-1,-1,-1,-1,-1,0,-1
2024991409428,2024,991409428,3,9,0,-1,3,4,8,-1,0,0,0,0,0,0,2,1,-1,6,1,64,9,-1,-1,-1,-1,9,-1,0,2
2024461499836,2024,461499836,1,1,0,-1,20,1,4,-1,0,0,0,0,0,0,0,1,-1,9,1,73,10,-1,-1,-1,-1,5,E01024555,0,1