collision_index,collision_year,collision_ref_no,vehicle_reference,vehicle_type,towing_and_articulation,vehicle_manoeuvre_historic,vehicle_manoeuvre,vehicle_direction_from,vehicle_direction_to,vehicle_location_restricted_lane_historic,vehicle_location_restricted_lane,junction_location,skidding_and_overturning,hit_object_in_carriageway,vehicle_leaving_carriageway,hit_object_off_carriageway,first_point_of_impact,vehicle_left_hand_drive,journey_purpose_of_driver_historic,journey_purpose_of_driver,sex_of_driver,age_of_driver,age_band_of_driver,engine_capacity_cc,propulsion_code,age_of_vehicle,generic_make_model,driver_imd_decile,lsoa_of_driver,escooter_flag,driver_distance_banding
2024131538248,2024,131538248,2,1,0,-1,19,5,1,-1,0,0,2,0,0,0,3,1,-1,6,1,56,9,-1,-1,-1,-1,10,E01007430,0,3
202454C324524,2024,54C324524,2,1,0,5,5,2,6,0,0,1,0,0,0,0,1,1,6,6,1,9,2,-1,-1,-1,-1,8,E01032693,0,1
2024320731486,2024,320731486,2,1,0,-1,-1,2,6,0,0,8,5,0,0,0,4,1,-1,-1,2,50,8,-1,-1,-1,-1,7,E01034683,0,1
2024061495551,2024,061495551,2,1,0,-1,19,5,1,-1,0,8,0,0,0,0,3,1,-1,6,1,22,5,-1,-1,-1,-1,2,E01005702,0,3
2024010497273,2024,010497273,1,11,0,4,4,5,1,0,0,0,0,0,0,0,1,1,1,1,1,61,9,-1,-1,-1,-1,-1,-1,0,-1
2024070476966,2024,070476966,2,9,0,17,19,3,7,0,0,0,0,0,1,0,1,1,6,6,1,33,6,-1,-1,-1,-1,9,E01012549,0,1
2024201488340,2024,201488340,2,1,0,-1,19,8,4,-1,0,8,0,0,0,0,1,1,-1,6,1,14,3,-1,-1,-1,-1,1,E01009024,0,1
2024010498695,2024,010498695,2,-1,0,17,19,2,6,0,0,2,0,0,0,0,2,1,6,6,1,18,4,-1,-1,-1,-1,3,E01003310,1,1
2024010490413,2024,010490413,1,11,0,18,19,5,1,0,0,0,0,0,0,0,4,1,1,1,1,44,7,-1,-1,-1,-1,-1,-1,0,-1
2024531524239,2024,531524239,1,1,0,-1,19,4,1,-1,0,4,0,0,0,0,1,1,-1,6,1,-1,-1,-1,-1,-1,-1,-1,-1,0,-1
2024340NN2502,2024,340NN2502,2,3,0,-1,19,4,8,-1,0,8,0,0,0,0,4,1,-1,9,1,51,8,-1,-1,-1,-1,10,E01025794,0,3
2024010513451,2024,010513451,1,1,9,99,99,9,9,99,99,9,9,99,9,99,2,1,6,6,1,29,6,-1,-1,-1,-1,7,E01004018,0,1
2024522402363,2024,522402363,1,1,0,17,19,9,9,0,0,8,0,0,0,0,1,1,6,6,1,26,6,-1,-1,-1,-1,5,E01014530,0,1
2024010492102,2024,010492102,2,22,0,18,19,3,7,0,0,8,0,0,0,0,1,1,6,6,1,59,9,-1,-1,-1,-1,5,E01002549,0,1
2024141438057,2024,141438057,1,9,0,-1,19,3,7,-1,0,8,0,0,0,0,1,1,-1,9,1,81,11,-1,-1,-1,-1,2,E01008014,0,1
2024010544593,2024,010544593,1,1,9,99,99,9,9,99,99,9,9,99,9,99,1,1,6,6,1,12,3,-1,-1,-1,-1,2,E01003391,0,1
2024010546476,2024,010546476,1,19,0,13,13,8,4,0,0,3,0,0,0,0,2,1,6,6,3,-1,-1,-1,-1,-1,-1,-1,-1,0,-1
2024010523442,2024,010523442,1,22,0,99,99,9,9,99,99,9,9,99,9,99,9,9,6,6,3,-1,-1,-1,-1,-1,-1,-1,-1,0,-1
2024451502160,2024,451502160,1,1,0,-1,19,7,3,-1,0,1,2,0,0,0,1,1,-1,2,1,27,6,-1,-1,-1,-1,10,E01030365,0,1
202417L205224,2024,17L205224,1,8,0,-1,19,2,6,-1,0,1,0,0,0,0,4,1,-1,1,3,-1,-1,-1,-1,-1,-1,-1,-1,0,-1
2024010489562,2024,010489562,1,1,9,99,99,9,9,99,99,9,9,99,9,99,2,1,6,6,1,31,6,-1,-1,-1,-1,4,E01032772,0,1
2024201501591,2024,201501591,1,9,0,-1,19,7,3,-1,0,8,0,0,0,0,9,9,-1,9,3,-1,-1,-1,-1,-1,-1,-1,-1,0,-1
2024061518087,2024,061518087,1,9,-1,-1,-1,-1,-1,-1,-1,-1,-1,-1,-1,0,-1,9,-1,6,3,-1,-1,-1,-1,-1,-1,-1,-1,0,-1
2024531458834,2024,531458834,1,9,0,-1,19,3,7,-1,0,8,0,0,0,0,4,1,-1,6,1,77,11,-1,-1,-1,-1,9,E01028760,0,4
2024451539657,2024,451539657,2,98,0,-1,19,3,7,-1,0,0,0,0,1,0,1,2,-1,1,1,57,9,-1,-1,-1,-1,-1,-1,0,-1
2024010514746,2024,010514746,3,9,0,3,3,7,3,0,0,0,0,0,0,0,2,1,6,6,1,30,6,-1,-1,-1,-1,-1,-1,0,-1
2024010504560,2024,010504560,1,9,0,99,99,9,9,99,99,9,9,99,9,99,2,9,6,6,2,42,7,-1,-1,-1,-1,6,E01001159,0,2
2024010509307,2024,010509307,2,9,0,99,99,9,9,99,99,9,9,99,9,99,9,9,6,6,2,-1,-1,-1,-1,-1,-1,8,E01021333,0,4
2024311427699,2024,311427699,2,2,0,-1,19,3,7,-1,9,1,0,0,0,0,1,1,-1,9,1,16,4,-1,-1,-1,-1,-1,-1,0,-1
2024371514429,2024,371514429,2,1,0,-1,19,5,1,-1,0,0,0,0,0,0,2,1,-1,9,1,63,9,-1,-1,-1,-1,7,E01029891,0,1
2024430453354,2024,430453354,1,9,0,18,19,6,2,0,0,0,0,0,0,0,1,1,6,6,2,40,7,-1,-1,-1,-1,10,E01016637,0,1
2024010492606,2024,010492606,1,11,0,99,99,9,9,99,99,9,9,99,9,99,9,9,6,6,3,-1,-1,-1,-1,-1,-1,-1,-1,0,-1
2024552401110,2024,552401110,1,9,0,18,19,2,6,0,0,8,0,0,0,0,1,1,6,6,1,34,6,-1,-1,-1,-1,5,E01015441,0,1
202460Q002642,2024,60Q002642,1,9,0,18,19,5,1,0,0,0,0,0,1,3,1,1,6,6,1,56,9,-1,-1,-1,-1,-1,-1,0,-1
2024991428045,2024,991428045,2,8,0,-1,5,1,3,-1,0,1,0,0,0,0,1,1,-1,1,1,50,8,-1,-1,-1,-1,-1,-1,0,-1
2024010548867,2024,010548867,2,1,0,18,19,7,3,0,0,1,2,0,0,0,1,1,6,6,1,34,6,-1,-1,-1,-1,4,E01002596,0,1
2024010521230,2024,010521230,2,1,0,13,13,1,5,0,0,1,1,0,0,0,3,1,6,6,1,43,7,-1,-1,-1,-1,9,E01004136,0,3
2024141525642,2024,141525642,3,9,0,-1,2,0,0,-1,0,0,0,0,0,0,1,1,-1,6,-1,-1,-1,-1,-1,-1,-1,-1,-1,0,-1
2024471505617,2024,471505617,2,1,0,-1,3,3,7,-1,4,1,0,0,1,7,4,1,-1,6,2,45,7,-1,-1,-1,-1,8,E01031357,0,2
2024010487183,2024,010487183,1,9,0,99,99,9,9,99,99,9,9,99,9,99,9,9,2,2,1,49,8,-1,-1,-1,-1,4,E01034369,0,3
2024461516203,2024,461516203,1,9,0,-1,19,5,1,-1,0,0,0,0,0,0,1,9,-1,6,3,-1,-1,-1,-1,-1,-1,-1,-1,0,-1
2024010510930,2024,010510930,2,9,0,99,99,9,9,99,99,9,9,99,9,99,9,9,6,6,3,-1,-1,-1,-1,-1,-1,-1,-1,0,-1
2024010493631,2024,010493631,2,9,0,99,99,9,9,99,99,9,9,99,9,99,1,9,6,6,3,-1,-1,-1,-1,-1,-1,6,E01002335,0,1
2024070919419,2024,070919419,1,9,0,-1,19,4,2,-1,0,0,0,0,1,0,1,1,-1,2,1,63,9,-1,-1,-1,-1,6,E01018749,0,1
2024430089139,2024,430089139,2,1,0,18,19,4,8,0,0,1,0,0,0,0,1,1,6,6,1,25,5,-1,-1,-1,-1,4,E01035247,0,1
2024201416520,2024,201416520,1,9,0,-1,19,3,7,-1,0,0,0,0,0,0,1,9,-1,6,3,-1,-1,-1,-1,-1,-1,-1,-1,0,-1
2024311508660,2024,311508660,2,-1,0,-1,9,4,2,-1,4,1,0,0,0,0,0,1,-1,9,1,28,6,-1,-1,-1,-1,1,E01013877,1,1
2024052401364,2024,052401364,1,1,0,18,19,5,1,0,0,0,0,0,0,0,3,1,6,6,1,23,5,-1,-1,-1,-1,4,E01006454,0,1
2024010534763,2024,010534763,1,1,9,99,99,9,9,99,99,9,9,99,9,99,1,1,6,6,1,26,6,-1,-1,-1,-1,6,E01003218,0,1
2024522402453,2024,522402453,2,97,0,9,9,5,3,0,0,5,0,0,0,0,3,1,6,6,3,-1,-1,-1,-1,-1,-1,-1,-1,0,-1
2024052402082,2024,052402082,2,9,0,9,9,5,1,0,0,1,0,0,0,0,2,1,6,6,1,51,8,-1,-1,-1,-1,5,E01025474,0,3
2024010502290,2024,010502290,2,9,0,99,99,9,9,99,99,9,9,99,9,99,9,9,6,6,3,-1,-1,-1,-1,-1,-1,-1,-1,0,-1
2024520401309,2024,520401309,2,9,0,18,19,1,5,0,0,8,0,0,0,0,1,1,6,6,2,58,9,-1,-1,-1,-1,8,E01014747,0,4
2024010489987,2024,010489987,1,3,0,99,99,9,9,99,99,9,9,99,9,99,9,1,6,6,3,29,6,-1,-1,-1,-1,5,E01000240,0,1
2024010517940,2024,010517940,2,1,0,5,5,1,5,0,0,4,0,0,0,0,1,1,1,1,1,33,6,-1,-1,-1,-1,4,E01003043,0,1
2024131467639,2024,131467639,2,9,0,-1,19,5,1,-1,0,8,0,0,1,11,1,1,-1,2,1,36,7,-1,-1,-1,-1,3,E01011325,0,1
2024031457172,2024,031457172,2,9,-1,-1,19,1,5,-1,0,1,-1,-1,0,0,3,9,-1,6,3,-1,-1,-1,-1,-1,-1,-1,-1,0,-1
2024471413659,2024,471413659,1,1,0,-1,19,5,1,-1,0,1,0,0,0,0,0,1,-1,2,2,45,7,-1,-1,-1,-1,4,E01031434,0,1
2024201438776,2024,201438776,1,9,0,-1,13,7,3,-1,0,1,0,10,1,0,1,1,-1,6,-1,-1,-1,-1,-1,-1,-1,-1,-1,0,-1
2024461419997,2024,461419997,1,97,0,-1,13,7,4,-1,0,1,0,0,0,0,1,1,-1,6,1,20,4,-1,-1,-1,-1,2,E01024091,0,1
2024010526854,2024,010526854,2,9,0,9,9,1,6,0,0,0,0,0,0,0,1,1,1,1,1,22,5,-1,-1,-1,-1,3,E01001476,0,1
2024010539182,2024,010539182,2,1,9,99,99,9,9,99,99,9,9,99,9,99,9,1,6,6,3,-1,-1,-1,-1,-1,-1,-1,-1,0,-1
2024440305638,2024,440305638,1,-1,0,7,7,4,6,0,0,1,0,0,0,0,0,1,6,6,1,24,5,-1,-1,-1,-1,1,E01017241,1,1
2024610014324,2024,610014324,1,9,0,9,9,2,8,0,0,8,0,0,0,0,1,1,6,6,2,28,6,-1,-1,-1,-1,1,W01001459,0,1
2024010538367,2024,010538367,2,1,9,99,99,9,9,99,99,9,9,99,9,99,9,1,6,6,2,34,6,-1,-1,-1,-1,3,E01000553,0,2
2024010549924,2024,010549924,1,1,9,99,99,9,9,4,4,9,9,99,9,99,9,1,2,2,2,63,9,-1,-1,-1,-1,3,E01003926,0,1
2024010492748,2024,010492748,2,9,0,99,99,9,9,99,99,9,9,99,9,99,2,9,6,6,3,-1,-1,-1,-1,-1,-1,-1,-1,0,-1
2024010538268,2024,010538268,2,10,0,99,99,9,9,99,99,9,9,99,9,99,9,9,6,6,3,-1,-1,-1,-1,-1,-1,-1,-1,0,-1
2024371505021,2024,371505021,2,9,0,-1,3,2,6,-1,0,1,0,0,0,0,3,1,-1,9,2,77,11,-1,-1,-1,-1,5,E01030252,0,2
2024061489366,2024,061489366,2,19,0,-1,19,2,4,-1,4,6,0,0,0,0,4,1,-1,6,3,-1,-1,-1,-1,-1,-1,-1,-1,0,-1
2024061420266,2024,061420266,1,98,0,-1,19,6,4,-1,0,0,0,0,0,0,1,9,-1,6,1,-1,-1,-1,-1,-1,-1,3,E01005710,0,3
2024101451653,2024,101451653,2,9,-1,-1,-1,-1,-1,-1,-1,0,-1,-1,-1,0,-1,9,-1,6,3,-1,-1,-1,-1,-1,-1,-1,-1,0,-1
2024031425780,2024,031425780,1,9,0,-1,3,1,5,-1,0,1,0,0,0,0,3,9,-1,6,3,30,6,-1,-1,-1,-1,-1,-1,0,-1
2024311534976,2024,311534976,1,9,0,-1,5,0,0,-1,0,0,0,0,0,0,1,9,-1,6,1,30,6,-1,-1,-1,-1,-1,-1,0,-1
2024010536726,2024,010536726,2,9,0,18,19,5,1,0,0,4,0,0,0,0,1,1,6,6,3,-1,-1,-1,-1,-1,-1,-1,-1,0,-1
2024351522199,2024,351522199,1,9,0,-1,5,7,1,-1,0,0,0,0,0,0,0,9,-1,6,1,87,11,-1,-1,-1,-1,9,E01026225,0,4
2024302400849,2024,302400849,3,1,0,5,5,2,6,0,0,0,0,0,0,0,0,1,6,6,3,-1,-1,-1,-1,-1,-1,5,E01019456,0,3
2024141490433,2024,141490433,2,-1,0,-1,19,3,7,-1,9,0,5,0,0,0,1,1,-1,6,3,45,7,-1,-1,-1,-1,-1,-1,1,-1
2024010488761,2024,010488761,2,9,9,99,99,9,9,99,99,9,9,99,9,99,9,9,6,6,3,22,5,-1,-1,-1,-1,-1,-1,0,-1
2024991444938,2024,991444938,1,9,0,-1,19,7,2,-1,0,0,0,0,0,0,3,1,-1,9,1,27,6,-1,-1,-1,-1,1,-1,0,4
2024010508087,2024,010508087,1,-1,0,15,15,2,6,4,4,1,0,0,0,0,0,1,6,6,1,-1,-1,-1,-1,-1,-1,-1,-1,1,-1
2024010525957,2024,010525957,2,9,0,99,99,9,9,99,99,6,9,99,9,99,9,9,6,6,3,-1,-1,-1,-1,-1,-1,-1,-1,0,-1
2024320063494,2024,320063494,2,1,0,-1,-1,2,6,0,0,8,0,0,0,0,4,1,6,6,1,14,3,-1,-1,-1,-1,5,E01034692,0,1
2024231534306,2024,231534306,1,21,1,-1,1,6,2,-1,0,1,0,0,0,0,2,9,-1,6,3,50,8,-1,-1,-1,-1,-1,-1,0,-1
2024010528162,2024,010528162,2,1,0,18,19,3,7,0,0,3,0,0,0,0,1,1,6,6,1,72,10,-1,-1,-1,-1,4,E01001609,0,1
2024211478284,2024,211478284,1,9,0,-1,19,2,6,-1,0,1,0,0,0,0,1,1,-1,2,1,26,6,-1,-1,-1,-1,1,E01009344,0,4
2024010516869,2024,010516869,2,1,0,18,19,7,3,0,0,1,5,0,0,0,1,1,6,6,1,35,6,-1,-1,-1,-1,4,E01003122,0,1
2024201531299,2024,201531299,1,9,0,-1,19,2,6,-1,0,0,0,0,0,0,1,1,-1,6,3,-1,-1,-1,-1,-1,-1,-1,-1,0,-1
2024430116543,2024,430116543,2,19,0,7,7,6,8,0,0,5,1,0,0,0,1,1,6,6,1,43,7,-1,-1,-1,-1,5,E01021762,0,4
2024010502680,2024,010502680,2,1,0,18,19,5,1,0,0,2,0,8,0,0,1,1,6,6,2,67,10,-1,-1,-1,-1,8,E01017006,0,4
2024010490278,2024,010490278,1,8,0,18,19,5,1,0,0,0,0,0,0,0,1,1,1,1,1,50,8,-1,-1,-1,-1,2,E01032787,0,1
2024991460498,2024,991460498,2,16,0,-1,19,5,1,-1,0,0,0,0,0,0,0,1,-1,9,2,20,4,-1,-1,-1,-1,5,-1,0,3
2024991456936,2024,991456936,1,90,0,-1,9,8,6,-1,0,2,0,0,0,0,1,1,-1,1,1,51,8,-1,-1,-1,-1,1,-1,0,2
2024440464885,2024,440464885,1,1,0,18,19,6,2,0,0,1,0,0,0,0,3,1,6,6,1,32,6,-1,-1,-1,-1,10,E01032880,0,1
2024010489621,2024,010489621,1,19,0,9,9,3,2,0,0,2,0,0,0,0,4,1,1,1,1,30,6,-1,-1,-1,-1,7,E01003407,0,3
2024010490990,2024,010490990,1,5,0,18,19,3,7,0,0,0,0,10,0,0,1,1,6,6,1,30,6,-1,-1,-1,-1,10,E01004640,0,2
2024991526792,2024,991526792,3,9,0,-1,2,5,1,-1,0,0,0,0,0,0,1,9,-1,1,2,54,8,-1,-1,-1,-1,7,-1,0,1
2024041456475,2024,041456475,1,9,0,-1,19,1,5,-1,0,8,0,0,0,0,-1,9,-1,6,3,-1,-1,-1,-1,-1,-1,-1,-1,0,-1
2024101427892,2024,101427892,2,9,-1,-1,19,-1,-1,-1,0,8,0,0,0,0,4,9,-1,6,1,20,4,-1,-1,-1,-1,10,E01008548,0,2
2024052401792,2024,052401792,1,1,0,18,19,3,7,0,0,0,0,0,0,0,1,1,6,6,1,-1,-1,-1,-1,-1,-1,-1,-1,0,-1
2024221462134,2024,221462134,1,9,0,-1,7,1,2,-1,0,4,0,0,0,0,2,9,-1,7,2,29,6,-1,-1,-1,-1,3,E01009775,0,4
2024061441995,2024,061441995,2,9,-1,-1,-1,-1,-1,-1,-1,0,-1,-1,-1,0,-1,9,-1,6,3,67,10,-1,-1,-1,-1,6,E01004912,0,1
2024010488692,2024,010488692,2,9,0,5,5,5,1,0,0,1,0,0,0,0,1,1,6,6,1,17,4,-1,-1,-1,-1,7,E01003407,0,1
2024010514246,2024,010514246,2,97,0,17,19,3,1,0,0,2,0,0,0,0,1,1,6,6,3,-1,-1,-1,-1,-1,-1,-1,-1,0,-1
2024061473177,2024,061473177,2,1,0,-1,19,1,5,-1,0,1,0,0,0,0,1,1,-1,2,2,30,6,-1,-1,-1,-1,3,E01005179,0,1
2024610016924,2024,610016924,1,97,0,3,3,0,0,0,0,4,0,0,0,0,2,1,6,6,1,59,9,-1,-1,-1,-1,4,W01001365,0,2
2024141429341,2024,141429341,2,9,0,-1,19,8,4,-1,0,0,0,0,0,0,3,1,-1,2,1,65,9,-1,-1,-1,-1,5,E01008034,0,2
2024430040847,2024,430040847,3,9,0,2,2,0,0,0,0,0,0,0,0,0,4,1,6,6,2,-1,-1,-1,-1,-1,-1,-1,-1,0,-1
2024361402050,2024,361402050,2,1,0,-1,15,3,7,-1,0,2,0,4,0,0,1,1,-1,2,2,52,8,-1,-1,-1,-1,1,E01026800,0,1
2024010504184,2024,010504184,2,1,0,18,19,5,1,0,0,1,0,0,0,0,1,1,6,6,1,77,11,-1,-1,-1,-1,1,E01004042,0,2
2024440003143,2024,440003143,2,21,0,11,11,5,1,0,0,0,0,0,0,0,1,1,1,1,1,45,7,-1,-1,-1,-1,2,E01017219,0,1
2024041457900,2024,041457900,1,9,0,-1,19,-1,-1,-1,0,0,0,0,0,0,-1,9,-1,6,3,-1,-1,-1,-1,-1,-1,-1,-1,0,-1
2024430355867,2024,430355867,1,9,0,9,9,4,2,0,0,5,0,0,0,0,1,1,1,1,1,28,6,-1,-1,-1,-1,5,W01000696,0,5
2024101418319,2024,101418319,1,9,0,-1,-1,-1,-1,-1,-1,-1,-1,-1,-1,0,-1,9,-1,6,3,-1,-1,-1,-1,-1,-1,-1,-1,0,-1
2024010496513,2024,010496513,2,3,0,18,19,5,1,8,6,8,0,0,7,0,4,1,6,6,1,24,5,-1,-1,-1,-1,6,E01004652,0,1
2024010490370,2024,010490370,2,97,0,99,99,9,9,99,99,9,9,99,9,99,9,9,6,6,3,-1,-1,-1,-1,-1,-1,4,E01002014,0,1
2024451459800,2024,451459800,2,1,0,-1,19,1,6,-1,9,1,0,0,0,0,2,1,-1,2,1,21,5,-1,-1,-1,-1,4,E01030588,0,1
2024311441914,2024,311441914,2,1,0,-1,19,3,7,-1,0,1,0,0,0,0,1,1,-1,1,1,18,4,-1,-1,-1,-1,-1,-1,0,-1
2024451456018,2024,451456018,1,9,0,-1,19,5,1,-1,0,0,0,0,0,0,1,1,-1,9,1,29,6,-1,-1,-1,-1,7,E01030858,0,3
2024421518447,2024,421518447,2,21,0,-1,19,3,8,-1,0,8,0,0,0,0,1,1,-1,1,1,35,6,-1,-1,-1,-1,4,E01021367,0,2
2024010493073,2024,010493073,2,3,0,4,4,3,7,0,0,0,0,0,0,0,1,1,6,6,1,19,4,-1,-1,-1,-1,3,E01000641,0,1
2024010488435,2024,010488435,2,1,0,5,5,1,5,0,0,6,0,0,0,0,0,1,6,6,2,26,6,-1,-1,-1,-1,7,E01004476,0,1
2024131505672,2024,131505672,1,9,0,-1,-1,-1,-1,-1,-1,1,0,0,-1,0,-1,1,-1,6,3,-1,-1,-1,-1,-1,-1,-1,-1,0,-1
2024522500214,2024,522500214,1,9,0,18,19,6,2,0,0,1,0,0,0,0,1,1,6,6,1,19,4,-1,-1,-1,-1,4,E01014662,0,1
2024010538461,2024,010538461,2,1,0,11,11,5,1,0,0,2,5,0,0,0,3,1,6,6,1,35,6,-1,-1,-1,-1,5,E01001189,0,3
2024010496150,2024,010496150,1,9,0,4,4,3,7,0,0,0,0,0,0,0,2,1,6,6,2,60,9,-1,-1,-1,-1,6,E01003664,0,1
2024440550816,2024,440550816,1,5,0,18,19,5,1,0,0,8,1,0,0,0,1,1,2,2,1,31,6,-1,-1,-1,-1,7,E01017367,0,1
2024111474968,2024,111474968,2,9,0,-1,2,0,0,-1,0,0,0,0,0,0,4,1,-1,6,-1,-1,-1,-1,-1,-1,-1,-1,-1,0,-1
2024461434150,2024,461434150,1,9,0,-1,5,7,3,-1,0,0,0,0,0,0,1,1,-1,6,2,65,9,-1,-1,-1,-1,9,E01016104,0,1
2024010539053,2024,010539053,1,1,9,18,19,9,9,2,2,9,9,99,9,99,1,1,2,2,1,24,5,-1,-1,-1,-1,2,E01002100,0,3
2024340NN0252,2024,340NN0252,2,9,0,-1,19,6,2,-1,0,3,0,0,0,0,4,1,-1,2,1,41,7,-1,-1,-1,-1,7,E01035393,0,1
2024311525242,2024,311525242,2,9,0,-1,2,0,0,-1,0,0,0,0,0,0,4,1,-1,6,2,30,6,-1,-1,-1,-1,-1,-1,0,-1
2024440004696,2024,440004696,1,1,0,9,9,5,3,0,0,8,0,0,0,0,4,1,6,6,1,19,4,-1,-1,-1,-1,10,E01022987,0,3
2024221457577,2024,221457577,2,9,0,-1,9,2,8,-1,0,6,0,0,0,0,1,9,-1,6,1,23,5,-1,-1,-1,-1,-1,-1,0,-1
2024461416637,2024,461416637,1,9,0,-1,4,3,7,-1,0,1,0,0,0,0,1,9,-1,6,2,-1,-1,-1,-1,-1,-1,7,E01024839,0,1
2024340NN3112,2024,340NN3112,3,9,0,-1,4,5,1,-1,0,1,0,0,0,0,2,1,-1,6,2,35,6,-1,-1,-1,-1,6,E01035547,0,4
2024552400682,2024,552400682,2,1,0,18,19,6,2,0,0,8,0,0,0,0,4,1,6,6,2,54,8,-1,-1,-1,-1,7,E01020429,0,1
2024010549600,2024,010549600,2,8,0,99,99,9,9,99,99,9,9,99,9,99,1,9,6,6,3,-1,-1,-1,-1,-1,-1,-1,-1,0,-1
2024371566631,2024,371566631,2,11,0,-1,19,1,5,-1,0,1,0,0,0,0,1,1,-1,1,-1,-1,-1,-1,-1,-1,-1,-1,-1,0,-1
2024010531551,2024,010531551,1,9,0,7,7,7,1,0,0,0,0,0,0,0,1,1,6,6,3,-1,-1,-1,-1,-1,-1,-1,-1,0,-1
2024441415824,2024,441415824,2,9,0,-1,19,1,5,-1,0,1,0,0,0,0,1,1,-1,1,2,20,4,-1,-1,-1,-1,7,E01031503,0,1
2024010536689,2024,010536689,1,1,9,99,99,9,9,99,99,9,9,99,9,99,9,1,6,6,1,44,7,-1,-1,-1,-1,4,E01003998,0,1
2024010542513,2024,010542513,2,8,0,99,99,9,9,99,99,9,9,99,9,99,9,9,6,6,3,-1,-1,-1,-1,-1,-1,-1,-1,0,-1
2024010490629,2024,010490629,1,1,0,7,7,5,6,0,0,8,0,0,0,0,1,1,6,6,1,24,5,-1,-1,-1,-1,-1,-1,0,-1
2024401488953,2024,401488953,2,1,0,-1,3,1,5,-1,0,0,0,0,0,0,3,1,-1,6,1,17,4,-1,-1,-1,-1,5,E01015723,0,2
2024430101398,2024,430101398,2,9,0,18,19,4,8,0,0,1,0,0,0,0,1,1,6,6,1,-1,-1,-1,-1,-1,-1,-1,-1,0,-1
2024010493210,2024,010493210,1,1,9,99,99,9,9,99,99,9,9,99,9,99,9,1,6,6,2,44,7,-1,-1,-1,-1,6,E01000174,0,1
2024010502512,2024,010502512,2,9,0,99,99,9,9,99,99,4,9,99,9,99,9,9,6,6,3,-1,-1,-1,-1,-1,-1,-1,-1,0,-1
2024211494836,2024,211494836,2,1,0,-1,19,3,7,-1,0,0,0,0,0,0,1,1,-1,6,1,14,3,-1,-1,-1,-1,2,E01029560,0,1
2024471438403,2024,471438403,3,1,0,-1,19,3,7,-1,0,0,0,0,0,0,0,1,-1,1,2,59,9,-1,-1,-1,-1,9,E01031727,0,3
2024311416779,2024,311416779,2,97,0,-1,19,5,1,-1,0,1,0,0,0,0,2,1,-1,9,3,-1,-1,-1,-1,-1,-1,-1,-1,0,-1
2024010526064,2024,010526064,1,9,0,3,3,5,1,0,0,1,0,0,0,0,2,1,6,6,1,24,5,-1,-1,-1,-1,5,E01001150,0,3
2024401451294,2024,401451294,1,98,0,-1,19,7,3,-1,0,8,0,0,0,0,1,1,-1,6,-1,-1,-1,-1,-1,-1,-1,-1,-1,0,-1
2024010518950,2024,010518950,2,9,0,99,99,9,9,99,99,9,9,99,9,99,1,9,6,6,3,-1,-1,-1,-1,-1,-1,-1,-1,0,-1
2024070598655,2024,070598655,1,9,0,9,9,7,4,0,0,6,0,0,0,0,1,1,6,6,1,-1,-1,-1,-1,-1,-1,7,E01018360,0,1
2024471403272,2024,471403272,2,9,0,-1,19,6,2,-1,0,0,0,0,0,0,1,1,-1,6,2,-1,-1,-1,-1,-1,-1,10,E01031615,0,1
2024010521592,2024,010521592,1,1,0,18,19,5,1,0,0,2,0,11,0,0,2,1,6,6,1,24,5,-1,-1,-1,-1,-1,-1,0,-1
2024451402121,2024,451402121,1,20,0,-1,1,5,5,-1,0,0,0,0,0,0,0,1,-1,6,3,30,6,-1,-1,-1,-1,-1,-1,0,-1
2024010489669,2024,010489669,1,9,0,99,99,9,9,99,99,9,9,99,9,99,9,9,6,6,3,-1,-1,-1,-1,-1,-1,-1,-1,0,-1
202454F171924,2024,54F171924,1,9,0,18,19,5,1,0,0,0,0,0,0,0,1,1,6,6,3,-1,-1,-1,-1,-1,-1,-1,-1,0,-1
2024411491021,2024,411491021,2,9,0,-1,4,4,8,-1,0,0,0,0,0,0,3,2,-1,9,1,76,11,-1,-1,-1,-1,-1,-1,0,-1
2024010521759,2024,010521759,1,1,0,18,19,2,6,0,0,1,0,0,0,0,1,1,6,6,1,25,5,-1,-1,-1,-1,4,E01004392,0,1
2024010487623,2024,010487623,1,9,0,18,19,3,7,9,9,0,0,11,0,0,1,1,6,6,1,51,8,-1,-1,-1,-1,3,E01002046,0,1
2024451404486,2024,451404486,2,9,0,-1,4,3,7,-1,0,0,0,0,0,0,0,1,-1,2,1,29,6,-1,-1,-1,-1,3,E01002527,0,2
2024161496911,2024,161496911,1,9,0,-1,19,5,6,-1,0,1,0,0,1,1,1,1,-1,9,2,43,7,-1,-1,-1,-1,7,E01013264,0,1
2024010496989,2024,010496989,1,19,0,3,3,1,5,0,0,1,0,0,0,0,2,1,1,1,1,24,5,-1,-1,-1,-1,5,E01002183,0,3
2024311528075,2024,311528075,2,1,-1,-1,19,2,2,-1,0,0,0,0,0,0,1,1,-1,2,1,39,7,-1,-1,-1,-1,10,E01028149,0,1
2024622400399,2024,622400399,2,1,0,18,19,2,6,0,0,2,0,0,0,0,1,1,6,6,1,30,6,-1,-1,-1,-1,3,W01000746,0,1
2024041506574,2024,041506574,1,98,0,-1,19,-1,-1,-1,0,1,0,0,0,0,-1,9,-1,6,3,-1,-1,-1,-1,-1,-1,-1,-1,0,-1
2024461499982,2024,461499982,1,1,0,-1,15,3,7,-1,0,0,0,0,0,0,1,1,-1,6,1,38,7,-1,-1,-1,-1,-1,-1,0,-1
2024451413786,2024,451413786,1,97,0,-1,19,1,2,-1,0,0,0,0,0,0,1,1,-1,6,3,-1,-1,-1,-1,-1,-1,-1,-1,0,-1
2024430335597,2024,430335597,1,9,0,18,19,1,5,0,0,0,0,7,0,0,3,1,6,6,1,35,6,-1,-1,-1,-1,-1,-1,0,-1
2024221522266,2024,221522266,2,19,0,-1,9,4,1,-1,0,6,0,0,0,0,1,1,-1,1,1,53,8,-1,-1,-1,-1,9,W01000969,0,4
2024010511202,2024,010511202,3,1,0,18,19,1,5,0,0,6,0,0,0,0,4,1,6,6,1,14,3,-1,-1,-1,-1,2,E01002094,0,1