collision_index,collision_year,collision_ref_no,vehicle_reference,vehicle_type,towing_and_articulation,vehicle_manoeuvre_historic,vehicle_manoeuvre,vehicle_direction_from,vehicle_direction_to,vehicle_location_restricted_lane_historic,vehicle_location_restricted_lane,junction_location,skidding_and_overturning,hit_object_in_carriageway,vehicle_leaving_carriageway,hit_object_off_carriageway,first_point_of_impact,vehicle_left_hand_drive,journey_purpose_of_driver_historic,journey_purpose_of_driver,sex_of_driver,age_of_driver,age_band_of_driver,engine_capacity_cc,propulsion_code,age_of_vehicle,generic_make_model,driver_imd_decile,lsoa_of_driver,escooter_flag,driver_distance_banding
2024340WN1692,2024,340WN1692,1,9,0,-1,9,5,3,-1,0,5,0,0,0,0,4,1,-1,1,2,45,7,-1,-1,-1,-1,-1,-1,0,-1
2024501499194,2024,501499194,1,1,0,-1,19,7,3,-1,0,1,0,0,0,0,9,1,-1,6,3,-1,-1,-1,-1,-1,-1,-1,-1,0,-1
2024010534952,2024,010534952,2,1,0,18,19,1,5,0,0,1,0,0,0,0,0,1,6,6,2,42,7,-1,-1,-1,-1,3,E01034143,0,2
2024010547925,2024,010547925,2,9,0,99,99,9,9,99,99,9,9,99,9,99,9,9,6,6,3,-1,-1,-1,-1,-1,-1,-1,-1,0,-1
2024522500168,2024,522500168,1,9,0,17,19,6,4,0,0,8,0,0,0,0,4,1,6,6,3,-1,-1,-1,-1,-1,-1,-1,-1,0,-1
2024041512475,2024,041512475,1,9,4,-1,9,3,1,-1,0,0,0,0,7,0,4,9,-1,2,1,59,9,-1,-1,-1,-1,8,E01025561,0,2
2024010497370,2024,010497370,2,9,0,99,99,9,9,99,99,9,9,99,9,99,1,9,6,6,3,-1,-1,-1,-1,-1,-1,-1,-1,0,-1
2024211470597,2024,211470597,3,9,0,-1,19,2,6,-1,0,0,0,0,0,0,1,1,-1,9,1,86,11,-1,-1,-1,-1,3,E01029549,0,3
2024131486908,2024,131486908,2,1,0,-1,19,4,8,-1,0,1,0,0,0,0,1,1,-1,9,1,33,6,-1,-1,-1,-1,10,E01013371,0,4
2024010517303,2024,010517303,2,1,9,99,99,9,9,99,99,9,9,99,9,99,9,1,2,2,1,53,8,-1,-1,-1,-1,10,E01023853,0,3
2024141415912,2024,141415912,2,9,0,-1,19,8,4,-1,0,0,0,0,0,0,1,1,-1,9,1,62,9,-1,-1,-1,-1,2,E01007343,0,1
2024320294073,2024,320294073,2,9,0,4,4,8,3,0,0,0,0,0,0,0,1,1,-1,-1,2,42,7,-1,-1,-1,-1,8,E01026394,0,2
2024161459315,2024,161459315,1,97,0,-1,4,4,8,-1,0,0,0,12,0,0,1,1,-1,6,1,65,9,-1,-1,-1,-1,-1,-1,0,-1
2024440060756,2024,440060756,1,9,0,6,6,2,2,0,0,0,0,0,0,0,3,1,6,6,2,62,9,-1,-1,-1,-1,10,E01022697,0,2
2024041419512,2024,041419512,1,9,0,-1,19,7,3,-1,1,0,0,0,0,0,1,1,-1,9,2,81,11,-1,-1,-1,-1,10,E01019348,0,3
2024311489291,2024,311489291,2,1,0,-1,19,1,5,-1,0,8,0,0,0,0,4,1,-1,9,1,49,8,-1,-1,-1,-1,1,E01013921,0,1
2024471535420,2024,471535420,2,90,0,-1,19,3,7,-1,1,0,0,0,0,0,2,1,-1,2,2,25,5,-1,-1,-1,-1,5,E01031835,0,1
2024010486920,2024,010486920,2,1,0,18,19,1,5,0,0,8,0,0,0,0,3,1,2,2,1,59,9,-1,-1,-1,-1,2,E01000626,0,1
202417S114824,2024,17S114824,1,9,0,-1,19,3,8,-1,0,0,0,0,0,0,1,1,-1,6,1,-1,-1,-1,-1,-1,-1,-1,-1,0,-1
2024010497866,2024,010497866,1,9,9,10,10,5,2,99,99,9,0,99,0,0,1,9,6,6,3,-1,-1,-1,-1,-1,-1,-1,-1,0,-1
2024991478795,2024,991478795,1,8,0,-1,19,3,7,-1,0,0,0,0,0,0,1,1,-1,1,1,59,9,-1,-1,-1,-1,9,-1,0,3
2024010497181,2024,010497181,1,11,0,5,5,7,3,0,0,0,0,0,0,0,0,1,6,6,1,39,7,-1,-1,-1,-1,3,E01002105,0,1
2024131498529,2024,131498529,1,1,0,-1,19,3,7,-1,9,0,1,0,0,0,1,1,-1,1,1,18,4,-1,-1,-1,-1,3,E01010602,0,1
2024311512797,2024,311512797,2,1,0,-1,19,8,4,-1,0,6,0,0,0,0,3,1,-1,6,1,14,3,-1,-1,-1,-1,1,E01013825,0,1
2024010488349,2024,010488349,2,9,0,99,99,9,9,99,99,9,9,99,9,99,1,9,6,6,3,-1,-1,-1,-1,-1,-1,-1,-1,0,-1
2024010494887,2024,010494887,1,1,0,15,15,1,5,0,0,1,0,0,0,0,1,1,6,6,3,-1,-1,-1,-1,-1,-1,-1,-1,0,-1
2024421444346,2024,421444346,1,1,0,-1,19,5,1,-1,0,0,5,0,0,0,3,1,-1,9,1,15,3,-1,-1,-1,-1,1,E01015842,0,1
2024311452529,2024,311452529,1,9,0,-1,19,1,5,-1,0,0,0,0,0,0,4,1,-1,6,1,63,9,-1,-1,-1,-1,-1,-1,0,-1
2024161425145,2024,161425145,2,1,0,-1,19,1,5,-1,0,0,0,0,0,0,1,1,-1,6,1,15,3,-1,-1,-1,-1,1,E01012952,0,1
2024461508650,2024,461508650,1,21,4,-1,19,6,2,-1,0,0,0,0,0,0,3,2,-1,1,1,44,7,-1,-1,-1,-1,-1,-1,0,-1
2024010551382,2024,010551382,2,1,0,18,19,5,1,0,0,1,0,0,1,0,4,1,6,6,2,22,5,-1,-1,-1,-1,7,E01003699,0,4
2024010494238,2024,010494238,1,2,0,18,19,5,1,0,0,1,0,0,0,0,3,1,1,1,1,21,5,-1,-1,-1,-1,2,E01002829,0,1
2024361494171,2024,361494171,3,9,0,-1,19,2,6,-1,0,0,0,0,0,0,1,1,-1,6,1,43,7,-1,-1,-1,-1,7,E01026778,0,4
2024010532060,2024,010532060,2,2,0,18,19,5,1,0,0,0,0,0,0,0,2,1,6,6,3,-1,-1,-1,-1,-1,-1,-1,-1,0,-1
2024471479285,2024,471479285,1,9,0,-1,19,3,7,-1,0,8,0,0,0,0,1,9,-1,6,3,-1,-1,-1,-1,-1,-1,-1,-1,0,-1
2024041529741,2024,041529741,1,9,0,-1,19,1,5,-1,0,6,0,0,0,0,1,1,-1,2,1,22,5,-1,-1,-1,-1,7,E01025162,0,1
2024061421905,2024,061421905,2,1,0,-1,19,2,6,-1,0,1,0,0,0,0,1,1,-1,6,1,57,9,-1,-1,-1,-1,5,E01005561,0,3
2024010509341,2024,010509341,2,9,9,18,19,6,2,99,99,5,9,99,1,99,1,9,6,6,3,-1,-1,-1,-1,-1,-1,-1,-1,0,-1
2024010491637,2024,010491637,2,1,0,14,14,7,3,0,0,1,0,0,0,0,4,1,6,6,1,43,7,-1,-1,-1,-1,10,E01003805,0,1
2024440087479,2024,440087479,1,1,0,18,19,2,6,0,0,1,0,0,0,0,4,1,6,6,1,12,3,-1,-1,-1,-1,-1,-1,0,-1
2024622500017,2024,622500017,2,1,0,18,19,4,8,0,0,1,0,0,0,0,1,1,1,1,1,30,6,-1,-1,-1,-1,2,W01001788,0,1
2024122500028,2024,122500028,1,9,0,18,19,8,4,0,0,0,0,0,0,0,4,1,6,6,1,82,11,-1,-1,-1,-1,9,E01027567,0,4
2024440267434,2024,440267434,2,1,0,18,19,7,3,0,0,8,0,0,0,0,4,1,6,6,1,69,10,-1,-1,-1,-1,9,E01022882,0,3
2024440210661,2024,440210661,2,1,0,18,19,1,5,0,0,8,0,0,0,0,4,1,2,2,1,43,7,-1,-1,-1,-1,2,E01034061,0,1
2024522401204,2024,522401204,2,9,0,7,7,1,3,0,0,5,0,0,0,0,3,1,6,6,3,20,4,-1,-1,-1,-1,-1,-1,0,-1
2024010488692,2024,010488692,1,9,0,9,9,1,7,0,0,2,0,0,0,0,1,1,6,6,1,40,7,-1,-1,-1,-1,4,E01003406,0,1
2024211522574,2024,211522574,1,9,0,-1,19,1,5,-1,0,0,0,0,0,0,1,9,-1,6,3,-1,-1,-1,-1,-1,-1,-1,-1,0,-1
2024302401425,2024,302401425,2,1,0,16,19,6,1,0,0,0,0,0,0,0,0,1,6,6,1,56,9,-1,-1,-1,-1,10,E01026187,0,4
2024421445428,2024,421445428,1,9,0,-1,1,5,1,-1,0,0,0,0,0,0,0,1,-1,6,1,47,8,-1,-1,-1,-1,6,E01021647,0,4
2024461490404,2024,461490404,2,1,0,-1,19,5,1,-1,4,2,0,0,0,0,3,1,-1,6,1,17,4,-1,-1,-1,-1,4,E01035318,0,1
2024340WN2532,2024,340WN2532,1,9,0,-1,19,3,7,-1,0,6,0,0,0,0,4,1,-1,2,1,22,5,-1,-1,-1,-1,10,E01027015,0,2
2024010534561,2024,010534561,2,1,0,5,5,5,1,0,0,1,0,0,0,0,4,1,6,6,2,33,6,-1,-1,-1,-1,4,E01004643,0,1
2024302400544,2024,302400544,3,90,0,3,3,2,6,0,0,0,0,0,0,0,0,1,6,6,3,-1,-1,-1,-1,-1,-1,5,E01019456,0,3
2024010516940,2024,010516940,1,11,0,5,5,0,1,99,99,0,9,99,9,99,9,1,6,6,3,-1,-1,-1,-1,-1,-1,-1,-1,0,-1
2024430004390,2024,430004390,2,9,0,9,9,7,5,0,0,8,0,0,0,0,4,1,1,1,1,59,9,-1,-1,-1,-1,7,E01016216,0,1
2024411489495,2024,411489495,2,9,0,-1,19,1,5,-1,0,1,0,0,0,0,1,1,-1,1,1,28,6,-1,-1,-1,-1,3,E01023343,0,3
2024010505779,2024,010505779,1,1,9,99,99,9,9,99,99,0,9,99,9,99,1,1,6,6,3,-1,-1,-1,-1,-1,-1,-1,-1,0,-1
2024010547234,2024,010547234,3,9,0,18,19,1,5,0,0,8,1,4,0,0,1,1,6,6,3,-1,-1,-1,-1,-1,-1,-1,-1,0,-1
2024010505436,2024,010505436,1,1,9,99,99,9,9,99,99,1,9,99,9,99,1,1,6,6,2,36,7,-1,-1,-1,-1,9,E01035488,0,1
2024622400632,2024,622400632,1,-1,0,18,19,8,4,0,0,1,0,0,0,0,1,1,6,6,1,19,4,-1,-1,-1,-1,1,W01001811,1,1
2024221536417,2024,221536417,1,90,0,-1,19,5,1,-1,0,0,0,4,0,0,1,9,-1,9,1,16,4,-1,-1,-1,-1,1,E01028957,0,1
2024221425428,2024,221425428,1,9,0,-1,19,5,1,-1,0,8,0,0,0,0,1,1,-1,6,1,69,10,-1,-1,-1,-1,5,E01035067,0,2
2024010507643,2024,010507643,1,1,9,3,3,9,9,99,99,9,9,99,9,99,2,1,2,2,2,37,7,-1,-1,-1,-1,3,E01034191,0,1
2024010536833,2024,010536833,1,3,0,99,99,9,9,99,99,9,9,99,9,99,9,1,6,6,3,-1,-1,-1,-1,-1,-1,-1,-1,0,-1
2024061484199,2024,061484199,2,1,0,-1,4,1,5,-1,0,8,1,0,0,0,1,1,-1,9,1,36,7,-1,-1,-1,-1,-1,-1,0,-1
2024311441212,2024,311441212,1,9,0,-1,19,1,5,-1,0,1,0,0,0,0,1,9,-1,6,3,-1,-1,-1,-1,-1,-1,-1,-1,0,-1
2024461527692,2024,461527692,2,1,0,-1,19,7,3,-1,0,8,0,0,0,0,4,1,-1,6,1,38,7,-1,-1,-1,-1,6,E01035008,0,1
2024991475849,2024,991475849,1,9,0,-1,19,4,1,-1,0,2,1,4,7,0,3,9,-1,6,1,25,5,-1,-1,-1,-1,-1,-1,0,-1
2024010489294,2024,010489294,2,9,0,18,19,7,3,0,0,8,0,0,0,0,3,1,3,7,2,28,6,-1,-1,-1,-1,3,E01000972,0,1
2024052402424,2024,052402424,1,9,0,18,19,6,2,0,0,1,0,0,0,0,1,1,6,6,3,-1,-1,-1,-1,-1,-1,-1,-1,0,-1
2024361495183,2024,361495183,1,9,0,-1,8,4,8,-1,0,0,0,0,0,0,-1,9,-1,6,3,-1,-1,-1,-1,-1,-1,-1,-1,0,-1
2024010542991,2024,010542991,2,1,9,99,99,9,9,99,99,9,9,99,9,99,9,1,2,2,1,29,6,-1,-1,-1,-1,3,E01001489,0,1
2024010524397,2024,010524397,1,9,0,10,10,5,3,0,0,6,0,0,0,0,1,1,6,6,2,65,9,-1,-1,-1,-1,7,E01002700,0,1
2024471510018,2024,471510018,1,9,0,-1,-1,-1,-1,-1,0,1,0,0,0,0,1,9,-1,6,2,59,9,-1,-1,-1,-1,4,E01031494,0,1
2024302400041,2024,302400041,1,9,0,4,4,4,8,0,0,0,0,4,0,0,1,1,6,6,2,22,5,-1,-1,-1,-1,2,E01019483,0,1
2024010496619,2024,010496619,2,98,9,18,19,1,5,99,99,9,9,99,9,99,9,9,6,6,3,-1,-1,-1,-1,-1,-1,-1,-1,0,-1
2024052400389,2024,052400389,2,4,0,18,19,5,1,0,0,8,0,0,0,0,3,1,6,6,1,47,8,-1,-1,-1,-1,1,E01006950,0,1
2024320268938,2024,320268938,1,1,0,-1,-1,6,2,0,0,6,0,0,0,0,3,1,6,6,1,48,8,-1,-1,-1,-1,-1,-1,0,-1
2024311501989,2024,311501989,1,9,0,-1,4,6,2,-1,0,1,0,0,0,0,2,9,-1,6,2,-1,-1,-1,-1,-1,-1,-1,-1,0,-1
2024131470276,2024,131470276,1,9,0,-1,-1,-1,-1,-1,-1,8,-1,-1,-1,0,-1,1,-1,6,3,-1,-1,-1,-1,-1,-1,-1,-1,0,-1
2024010551736,2024,010551736,1,1,9,99,99,9,9,99,99,9,9,99,9,99,9,1,6,6,2,28,6,-1,-1,-1,-1,5,E01001741,0,1
2024411422338,2024,411422338,1,9,-1,-1,-1,-1,-1,-1,-1,-1,0,0,0,0,-1,9,-1,6,1,32,6,-1,-1,-1,-1,5,E01023529,0,1
2024161528698,2024,161528698,2,9,0,-1,7,4,6,-1,0,8,0,0,0,0,1,9,-1,6,3,-1,-1,-1,-1,-1,-1,-1,-1,0,-1
2024010514458,2024,010514458,1,1,9,99,99,9,9,99,99,9,9,99,9,99,9,1,2,2,1,43,7,-1,-1,-1,-1,9,E01030381,0,3
2024440110500,2024,440110500,1,22,0,7,7,3,5,0,0,8,0,0,0,0,3,1,6,6,1,87,11,-1,-1,-1,-1,1,E01022843,0,1
2024010496531,2024,010496531,1,9,0,99,99,9,9,99,99,9,9,99,9,99,1,9,1,1,1,21,5,-1,-1,-1,-1,4,E01000114,0,3
2024320227065,2024,320227065,1,9,0,-1,-1,4,8,0,0,0,0,0,1,11,1,1,-1,-1,1,22,5,-1,-1,-1,-1,6,E01026316,0,2
2024522402287,2024,522402287,2,22,0,5,5,8,4,0,0,0,0,0,0,0,4,1,6,6,2,50,8,-1,-1,-1,-1,-1,-1,0,-1
2024430605578,2024,430605578,1,9,0,18,19,4,8,0,0,8,0,0,0,0,3,1,6,6,1,30,6,-1,-1,-1,-1,-1,-1,0,-1
2024052400603,2024,052400603,1,9,0,18,19,6,2,0,0,2,0,0,0,0,1,1,6,6,3,-1,-1,-1,-1,-1,-1,-1,-1,0,-1
2024221460306,2024,221460306,1,9,0,-1,13,6,8,-1,0,0,0,0,0,0,4,9,-1,6,3,56,9,-1,-1,-1,-1,-1,-1,0,-1
2024461508460,2024,461508460,1,9,0,-1,19,5,1,-1,0,7,0,0,0,0,4,9,-1,6,3,-1,-1,-1,-1,-1,-1,-1,-1,0,-1
2024041468126,2024,041468126,2,9,0,-1,7,1,3,-1,9,0,0,0,0,0,1,1,-1,6,2,26,6,-1,-1,-1,-1,7,E01025507,0,3
2024522500430,2024,522500430,1,97,0,18,19,3,7,0,0,2,0,0,0,0,1,1,6,6,3,-1,-1,-1,-1,-1,-1,-1,-1,0,-1
2024302401662,2024,302401662,2,1,0,17,19,2,6,0,0,8,0,0,0,0,1,1,6,6,1,53,8,-1,-1,-1,-1,9,E01013462,0,1
2024430420821,2024,430420821,2,1,-1,18,19,-1,-1,0,0,3,0,-1,-1,-1,1,1,6,6,2,14,3,-1,-1,-1,-1,-1,-1,0,-1
2024061499988,2024,061499988,1,9,0,-1,13,6,2,-1,0,8,0,7,0,0,1,1,-1,6,1,35,6,-1,-1,-1,-1,3,E01005518,0,1
2024371417810,2024,371417810,2,1,0,-1,19,5,2,-1,0,8,0,0,0,0,3,1,-1,6,1,69,10,-1,-1,-1,-1,4,E01030295,0,2
2024421440554,2024,421440554,2,1,0,-1,19,3,6,-1,0,3,0,0,0,0,4,1,-1,2,1,52,8,-1,-1,-1,-1,9,E01033721,0,1
2024052400942,2024,052400942,1,9,0,18,19,1,5,0,0,0,0,0,0,0,1,1,2,2,2,53,8,-1,-1,-1,-1,4,E01007040,0,2
2024201434678,2024,201434678,1,9,0,-1,19,7,3,-1,0,0,0,0,0,0,2,9,-1,6,2,19,4,-1,-1,-1,-1,3,E01029634,0,2
2024520500297,2024,520500297,1,1,0,18,19,4,8,0,0,8,0,0,0,0,1,1,6,6,1,51,8,-1,-1,-1,-1,4,E01029044,0,1
202454E000824,2024,54E000824,2,9,0,3,3,2,6,0,0,0,0,0,0,0,2,1,6,6,1,20,4,-1,-1,-1,-1,5,E01029058,0,4
2024010506676,2024,010506676,2,1,9,99,99,9,9,99,99,9,9,99,9,99,1,1,6,6,1,-1,-1,-1,-1,-1,-1,-1,-1,0,-1
2024131517946,2024,131517946,1,9,0,-1,-1,-1,-1,-1,-1,8,-1,-1,-1,0,-1,1,-1,6,3,-1,-1,-1,-1,-1,-1,-1,-1,0,-1
2024401534422,2024,401534422,1,99,-1,-1,-1,-1,-1,-1,-1,-1,-1,-1,-1,0,1,9,-1,6,3,-1,-1,-1,-1,-1,-1,-1,-1,0,-1
2024311453561,2024,311453561,1,1,0,-1,19,1,5,-1,0,0,0,0,0,0,1,1,-1,6,1,61,9,-1,-1,-1,-1,-1,-1,0,-1
2024131458101,2024,131458101,2,9,0,-1,19,1,5,-1,0,1,0,0,0,0,1,1,-1,9,1,54,8,-1,-1,-1,-1,9,E01011311,0,1
2024052401242,2024,052401242,1,19,0,18,19,7,3,0,0,1,0,0,0,0,1,1,6,6,1,-1,-1,-1,-1,-1,-1,-1,-1,0,-1
2024340WN1912,2024,340WN1912,2,9,0,-1,2,0,0,-1,0,2,0,10,0,0,4,1,-1,6,3,-1,-1,-1,-1,-1,-1,-1,-1,0,-1
2024332400139,2024,332400139,1,19,0,-1,19,7,3,-1,0,4,0,0,0,0,1,1,-1,2,1,29,6,-1,-1,-1,-1,6,E01013757,0,1
2024201444897,2024,201444897,2,1,0,-1,19,5,1,-1,0,2,1,4,0,0,1,1,-1,6,1,46,8,-1,-1,-1,-1,6,E01010177,0,1
2024430603489,2024,430603489,3,9,0,3,3,1,5,0,0,0,0,0,0,0,2,1,6,6,3,-1,-1,-1,-1,-1,-1,-1,-1,0,-1
2024010533802,2024,010533802,1,1,9,18,19,9,9,99,99,1,9,99,9,99,9,1,6,6,3,21,5,-1,-1,-1,-1,4,E01003919,0,1
202454C362524,2024,54C362524,2,1,0,17,19,6,2,0,0,1,0,0,0,0,1,1,6,6,2,29,6,-1,-1,-1,-1,8,E01032709,0,1
2024061424099,2024,061424099,1,9,0,-1,19,4,8,-1,0,2,0,0,0,0,1,1,-1,9,1,75,10,-1,-1,-1,-1,6,E01005041,0,1
2024131444469,2024,131444469,1,9,0,-1,-1,-1,-1,-1,-1,-1,-1,-1,-1,-1,-1,1,-1,6,3,-1,-1,-1,-1,-1,-1,-1,-1,0,-1
2024501408331,2024,501408331,2,9,0,-1,3,7,3,-1,0,1,0,0,0,0,2,9,-1,2,1,40,7,-1,-1,-1,-1,7,E01015254,0,1
2024010544503,2024,010544503,1,1,9,99,99,9,9,99,99,9,9,99,9,99,9,1,6,6,1,22,5,-1,-1,-1,-1,3,E01004533,0,1
2024010530267,2024,010530267,1,1,0,18,19,3,7,0,0,0,0,0,0,0,1,1,6,6,1,31,6,-1,-1,-1,-1,5,E01035689,0,1
2024231467868,2024,231467868,1,3,0,-1,9,6,4,-1,0,3,1,10,1,2,4,1,-1,6,-1,16,4,-1,-1,-1,-1,-1,-1,0,-1
2024201488232,2024,201488232,2,4,0,-1,19,3,7,-1,0,8,1,0,0,0,1,1,-1,9,1,21,5,-1,-1,-1,-1,2,E01013570,0,4
2024010489164,2024,010489164,1,3,0,99,99,9,9,99,99,9,9,99,9,99,9,1,1,1,1,28,6,-1,-1,-1,-1,3,E01000640,0,3
2024471435884,2024,471435884,1,1,0,-1,19,7,3,-1,4,1,0,0,0,0,1,1,-1,2,2,21,5,-1,-1,-1,-1,7,E01016889,0,1
2024070282057,2024,070282057,2,9,0,18,19,7,3,0,0,0,0,0,0,0,1,1,6,6,1,-1,-1,-1,-1,-1,-1,8,E01018577,0,1
2024221457325,2024,221457325,2,9,0,-1,2,0,0,-1,0,0,0,4,0,0,2,9,-1,9,2,35,6,-1,-1,-1,-1,10,E01009859,0,1
2024221424676,2024,221424676,1,9,0,-1,7,7,1,-1,0,6,0,0,0,0,1,1,-1,6,1,38,7,-1,-1,-1,-1,7,E01029653,0,1
2024101451705,2024,101451705,2,1,0,-1,19,7,3,-1,0,8,0,0,0,0,1,1,-1,2,1,45,7,-1,-1,-1,-1,2,E01008693,0,1
2024430061348,2024,430061348,1,1,0,9,9,3,1,0,0,3,0,0,0,0,4,1,2,2,2,56,9,-1,-1,-1,-1,10,E01028645,0,3
2024471533621,2024,471533621,1,9,0,-1,9,3,1,-1,0,8,0,0,0,0,1,1,-1,6,2,65,9,-1,-1,-1,-1,6,E01016849,0,1
202460Q038285,2024,60Q038285,2,1,0,18,19,5,1,0,0,6,0,0,0,0,1,1,6,6,1,39,7,-1,-1,-1,-1,-1,-1,0,-1
2024131461741,2024,131461741,1,9,0,-1,19,5,1,-1,0,0,1,4,0,0,1,1,-1,6,1,37,7,-1,-1,-1,-1,7,E01011630,0,1
2024361428218,2024,361428218,1,99,-1,-1,19,1,5,-1,0,0,0,0,0,0,1,9,-1,6,3,-1,-1,-1,-1,-1,-1,-1,-1,0,-1
2024052401403,2024,052401403,2,9,0,18,19,5,1,0,0,8,0,0,0,0,4,1,2,2,3,-1,-1,-1,-1,-1,-1,-1,-1,0,-1
2024061444103,2024,061444103,2,1,0,-1,15,3,7,-1,0,0,0,0,1,0,3,1,-1,6,1,54,8,-1,-1,-1,-1,-1,-1,0,-1
2024201397480,2024,201397480,1,21,4,-1,19,7,7,-1,0,0,3,7,1,7,1,2,-1,1,1,62,9,-1,-1,-1,-1,-1,-1,0,-1
2024010553555,2024,010553555,1,1,9,-1,-1,9,9,4,4,1,9,99,9,99,1,1,2,2,1,29,6,-1,-1,-1,-1,6,E01020959,0,4
2024061485737,2024,061485737,1,9,0,-1,5,1,1,-1,0,1,0,0,0,0,1,9,-1,9,2,31,6,-1,-1,-1,-1,4,E01005944,0,1
2024010536677,2024,010536677,2,1,0,18,19,5,1,0,0,8,0,0,0,0,1,1,6,6,1,31,6,-1,-1,-1,-1,5,E01002666,0,1
2024010490708,2024,010490708,2,11,0,18,19,3,7,0,0,8,0,0,0,0,1,1,1,1,1,62,9,-1,-1,-1,-1,2,E01000289,0,2
2024041483729,2024,041483729,2,1,0,-1,19,5,1,-1,0,8,0,0,0,0,3,1,-1,2,1,50,8,-1,-1,-1,-1,1,E01025036,0,1
2024221415639,2024,221415639,2,9,0,-1,2,0,0,-1,-1,0,0,0,1,10,2,9,-1,6,1,34,6,-1,-1,-1,-1,1,E01034919,0,4
2024201509746,2024,201509746,2,-1,0,-1,19,1,5,-1,9,2,0,0,0,0,2,1,-1,6,1,19,4,-1,-1,-1,-1,2,E01010036,1,2
2024631434867,2024,631434867,2,9,0,-1,9,6,4,-1,0,5,0,0,7,10,3,1,-1,6,1,61,9,-1,-1,-1,-1,7,W01000612,0,1
2024522402214,2024,522402214,2,9,0,12,12,5,1,0,0,0,0,0,0,0,2,1,6,6,2,-1,-1,-1,-1,-1,-1,-1,-1,0,-1
2024010509433,2024,010509433,2,1,0,18,19,5,1,0,0,3,0,10,0,0,1,1,6,6,1,53,8,-1,-1,-1,-1,5,E01000337,0,1
2024010497274,2024,010497274,1,9,0,18,19,3,7,0,0,1,0,0,0,0,1,1,6,6,2,33,6,-1,-1,-1,-1,4,E01001586,0,1
2024461399642,2024,461399642,1,21,1,-1,12,4,8,-1,0,0,0,0,0,0,4,9,-1,1,1,33,6,-1,-1,-1,-1,-1,-1,0,-1
2024430025327,2024,430025327,1,9,0,18,19,3,7,0,0,0,0,0,0,0,4,1,6,6,3,-1,-1,-1,-1,-1,-1,-1,-1,0,-1
2024440064765,2024,440064765,1,90,0,18,19,7,3,0,0,1,0,0,0,0,1,1,1,1,2,23,5,-1,-1,-1,-1,2,E01017343,0,2
2024131436509,2024,131436509,1,1,0,-1,-1,-1,-1,-1,-1,1,-1,-1,-1,-1,-1,1,-1,6,3,-1,-1,-1,-1,-1,-1,-1,-1,0,-1
2024211535041,2024,211535041,1,9,0,-1,19,8,4,-1,0,1,0,0,0,0,3,1,-1,9,1,59,9,-1,-1,-1,-1,3,E01014257,0,1
2024141512699,2024,141512699,1,9,0,-1,19,3,1,-1,0,1,0,0,0,0,3,9,-1,6,3,-1,-1,-1,-1,-1,-1,-1,-1,0,-1
2024031481318,2024,031481318,2,1,0,-1,19,6,2,-1,0,1,0,0,0,0,1,1,-1,9,1,11,3,-1,-1,-1,-1,5,E01019151,0,1
2024010521494,2024,010521494,3,1,0,18,19,5,1,9,9,1,0,0,0,0,4,1,4,7,2,6,2,-1,-1,-1,-1,3,E01003235,0,1
2024991527805,2024,991527805,2,9,0,-1,19,4,8,-1,0,8,0,0,0,0,1,1,-1,6,1,52,8,-1,-1,-1,-1,7,-1,0,2
2024141402719,2024,141402719,2,19,0,-1,20,0,8,-1,0,0,0,0,0,0,0,9,-1,1,-1,-1,-1,-1,-1,-1,-1,-1,-1,0,-1
2024010488747,2024,010488747,1,9,0,4,4,3,7,0,0,2,0,0,0,0,1,1,3,7,2,25,5,-1,-1,-1,-1,2,E01000789,0,2
2024421431824,2024,421431824,1,1,0,-1,9,3,8,-1,0,8,0,0,0,0,1,1,-1,6,1,43,7,-1,-1,-1,-1,6,E01021688,0,1
2024131487580,2024,131487580,2,1,0,-1,7,4,8,-1,0,8,0,0,0,0,2,1,-1,6,1,15,3,-1,-1,-1,-1,2,E01011369,0,1
2024041488524,2024,041488524,2,9,0,-1,19,3,7,-1,0,0,0,0,0,0,2,1,-1,9,2,52,8,-1,-1,-1,-1,3,E01025452,0,1
2024320558753,2024,320558753,2,1,0,-1,-1,4,8,0,0,0,5,0,1,9,3,1,-1,-1,2,20,4,-1,-1,-1,-1,6,E01026247,0,1
2024991504580,2024,991504580,2,1,0,-1,4,6,2,-1,0,1,0,0,0,0,3,1,-1,9,1,63,9,-1,-1,-1,-1,-1,-1,0,-1
2024010496643,2024,010496643,1,1,9,99,99,9,9,99,99,9,9,99,9,99,9,1,2,2,2,35,6,-1,-1,-1,-1,4,E01004280,0,1
2024430472382,2024,430472382,1,19,0,18,19,7,3,0,0,0,0,0,0,0,1,1,6,6,3,-1,-1,-1,-1,-1,-1,-1,-1,0,-1
2024141500653,2024,141500653,2,1,0,-1,19,4,2,-1,0,1,1,0,0,0,1,1,-1,6,1,18,4,-1,-1,-1,-1,1,E01007655,0,1
2024010510522,2024,010510522,2,9,0,12,12,3,7,0,0,7,0,0,0,0,1,1,6,6,3,-1,-1,-1,-1,-1,-1,-1,-1,0,-1
202454A006024,2024,54A006024,1,9,0,5,5,4,8,0,0,4,0,0,0,0,1,1,6,6,1,40,7,-1,-1,-1,-1,5,E01015494,0,1
2024440419664,2024,440419664,3,19,0,4,4,7,3,0,0,0,0,0,0,0,2,1,1,1,1,51,8,-1,-1,-1,-1,8,E01001303,0,4
2024052402235,2024,052402235,1,9,0,18,19,6,2,0,0,1,0,0,0,0,1,1,6,6,3,-1,-1,-1,-1,-1,-1,-1,-1,0,-1
2024302401796,2024,302401796,2,9,0,7,7,3,1,0,0,8,0,0,0,0,1,1,6,6,2,35,6,-1,-1,-1,-1,-1,-1,0,-1
2024122401141,2024,122401141,3,19,0,18,19,7,3,0,0,0,0,0,0,0,4,1,1,1,1,53,8,-1,-1,-1,-1,10,E01011699,0,4
2024010504122,2024,010504122,1,97,0,18,19,5,1,0,0,0,0,0,0,0,1,1,6,6,3,-1,-1,-1,-1,-1,-1,-1,-1,0,-1
2024440222389,2024,440222389,2,1,0,18,19,2,6,0,0,1,0,0,0,0,3,1,6,6,1,7,2,-1,-1,-1,-1,7,E01022925,0,1
2024010491205,2024,010491205,1,3,0,99,99,9,9,99,99,9,9,99,9,99,9,1,2,2,1,29,6,-1,-1,-1,-1,3,E01000642,0,1