collision_index,collision_year,collision_ref_no,vehicle_reference,vehicle_type,towing_and_articulation,vehicle_manoeuvre_historic,vehicle_manoeuvre,vehicle_direction_from,vehicle_direction_to,vehicle_location_restricted_lane_historic,vehicle_location_restricted_lane,junction_location,skidding_and_overturning,hit_object_in_carriageway,vehicle_leaving_carriageway,hit_object_off_carriageway,first_point_of_impact,vehicle_left_hand_drive,journey_purpose_of_driver_historic,journey_purpose_of_driver,sex_of_driver,age_of_driver,age_band_of_driver,engine_capacity_cc,propulsion_code,age_of_vehicle,generic_make_model,driver_imd_decile,lsoa_of_driver,escooter_flag,driver_distance_banding
2024430001442,2024,430001442,1,9,0,4,4,3,7,0,0,4,0,0,0,0,2,1,2,2,1,48,8,-1,-1,-1,-1,4,E01023891,0,3
2024010497262,2024,010497262,2,9,0,99,99,9,9,99,99,9,9,99,9,99,9,9,6,6,3,30,6,-1,-1,-1,-1,4,E01004037,0,1
2024010532267,2024,010532267,2,9,0,2,2,9,9,99,99,9,9,99,9,99,3,9,6,6,3,-1,-1,-1,-1,-1,-1,-1,-1,0,-1
2024461492844,2024,461492844,3,9,0,-1,5,2,6,-1,0,3,0,0,0,0,2,1,-1,1,1,20,4,-1,-1,-1,-1,5,E01001611,0,2
2024061529035,2024,061529035,2,9,0,-1,-1,-1,-1,-1,-1,0,-1,-1,-1,0,-1,2,-1,6,1,37,7,-1,-1,-1,-1,8,E01006886,0,3
2024010516509,2024,010516509,1,1,9,99,99,9,9,99,99,9,9,99,9,99,9,1,6,6,1,19,4,-1,-1,-1,-1,3,E01004630,0,1
2024061463780,2024,061463780,2,1,0,-1,3,5,1,-1,0,0,0,0,0,0,0,1,-1,1,1,-1,-1,-1,-1,-1,-1,1,E01005164,0,1
2024991396354,2024,991396354,1,1,0,-1,19,7,3,-1,0,1,0,0,0,0,2,1,-1,6,1,32,6,-1,-1,-1,-1,-1,-1,0,-1
2024991435451,2024,991435451,1,8,0,-1,19,2,6,-1,0,0,0,0,0,0,1,1,-1,1,1,24,5,-1,-1,-1,-1,5,-1,0,1
2024010532431,2024,010532431,2,9,0,99,99,9,9,99,99,4,9,99,9,99,1,9,6,6,3,-1,-1,-1,-1,-1,-1,-1,-1,0,-1
2024311495292,2024,311495292,2,9,0,-1,2,0,0,-1,9,0,0,0,0,0,2,1,-1,6,-1,-1,-1,-1,-1,-1,-1,-1,-1,0,-1
2024361469731,2024,361469731,1,1,0,-1,19,7,3,-1,0,2,0,0,0,0,1,1,-1,9,1,9,2,-1,-1,-1,-1,2,E01026820,0,2
2024161458430,2024,161458430,1,11,0,-1,19,2,6,-1,2,0,0,99,0,0,4,1,-1,6,3,-1,-1,-1,-1,-1,-1,-1,-1,0,-1
2024010551720,2024,010551720,1,9,0,18,19,1,5,0,0,0,1,10,0,0,3,1,6,6,1,20,4,-1,-1,-1,-1,-1,-1,0,-1
2024031401986,2024,031401986,1,9,0,-1,4,2,6,-1,0,1,0,0,0,0,4,1,-1,7,2,38,7,-1,-1,-1,-1,5,E01019306,0,1
2024421515572,2024,421515572,2,9,0,-1,3,4,8,-1,0,0,0,0,0,0,2,1,-1,6,2,29,6,-1,-1,-1,-1,2,E01022039,0,2
2024991430998,2024,991430998,1,1,0,-1,19,3,8,-1,0,0,0,0,0,0,1,1,-1,9,1,16,4,-1,-1,-1,-1,-1,-1,0,-1
2024161462371,2024,161462371,2,1,0,-1,19,1,5,-1,0,6,0,0,0,0,3,1,-1,6,1,37,7,-1,-1,-1,-1,3,E01013319,0,1
2024010512655,2024,010512655,1,1,9,99,99,9,9,99,99,9,9,99,9,99,2,1,2,2,1,25,5,-1,-1,-1,-1,4,E01001261,0,1
2024522401405,2024,522401405,2,23,0,18,19,1,5,0,0,8,0,0,0,0,1,1,6,6,1,20,4,-1,-1,-1,-1,-1,-1,0,-1
2024201443688,2024,201443688,1,11,0,-1,19,8,4,-1,9,1,0,10,1,0,4,1,-1,1,3,40,7,-1,-1,-1,-1,-1,-1,0,-1
2024122401108,2024,122401108,3,5,0,18,19,4,8,0,0,0,0,0,1,0,1,1,6,6,1,51,8,-1,-1,-1,-1,4,E01027779,0,4
2024010534721,2024,010534721,2,1,0,18,19,5,1,0,0,8,0,0,0,0,1,1,1,1,1,16,4,-1,-1,-1,-1,5,E01000567,0,3
2024131527194,2024,131527194,2,9,0,-1,19,5,1,-1,0,1,0,0,0,0,3,1,-1,1,1,46,8,-1,-1,-1,-1,8,E01007691,0,4
2024991480651,2024,991480651,1,9,0,-1,19,2,6,-1,0,0,2,0,7,11,1,1,-1,6,1,39,7,-1,-1,-1,-1,9,-1,0,4
2024610036024,2024,610036024,2,1,0,16,19,6,1,0,0,0,0,0,0,0,3,1,6,6,1,39,7,-1,-1,-1,-1,2,W01001333,0,1
2024010523137,2024,010523137,2,1,0,5,5,3,7,4,4,8,5,0,0,0,0,1,6,6,1,53,8,-1,-1,-1,-1,3,E01003288,0,1
2024131406709,2024,131406709,4,9,0,-1,3,1,5,-1,0,0,0,0,0,0,3,1,-1,2,1,36,7,-1,-1,-1,-1,1,E01010925,0,2
2024131448198,2024,131448198,2,1,0,-1,13,3,7,-1,0,1,5,0,0,0,1,1,-1,6,-1,-1,-1,-1,-1,-1,-1,-1,-1,0,-1
2024070181950,2024,070181950,1,9,0,18,19,8,4,0,0,8,0,0,0,0,1,1,6,6,1,38,7,-1,-1,-1,-1,7,W01000269,0,3
2024052401878,2024,052401878,1,1,0,16,19,2,6,0,0,0,0,0,0,0,1,1,6,6,3,-1,-1,-1,-1,-1,-1,-1,-1,0,-1
2024101464468,2024,101464468,1,9,0,-1,5,2,6,-1,0,1,0,0,0,0,4,1,-1,6,2,53,8,-1,-1,-1,-1,3,E01032648,0,1
2024052401776,2024,052401776,2,22,0,18,19,1,5,0,0,0,0,0,0,0,4,1,6,6,1,84,11,-1,-1,-1,-1,1,E01006567,0,1
2024631457875,2024,631457875,2,9,0,-1,19,-1,-1,-1,0,0,0,0,0,0,1,1,-1,1,1,-1,-1,-1,-1,-1,-1,2,W01000756,0,2
2024302401261,2024,302401261,2,1,0,4,4,7,3,0,0,0,0,0,1,10,0,1,6,6,1,61,9,-1,-1,-1,-1,7,E01019607,0,2
2024010537276,2024,010537276,2,1,0,13,13,5,1,9,9,8,5,0,0,0,1,1,6,6,1,24,5,-1,-1,-1,-1,1,E01002039,0,1
2024471467064,2024,471467064,2,1,0,-1,19,7,3,-1,9,2,0,0,0,0,0,1,-1,6,2,41,7,-1,-1,-1,-1,7,E01016913,0,1
2024211405645,2024,211405645,1,9,0,-1,13,8,3,-1,0,0,0,0,0,0,1,9,-1,6,2,58,9,-1,-1,-1,-1,4,E01029831,0,1
2024430327227,2024,430327227,1,1,0,9,9,7,5,0,0,8,0,0,0,0,1,1,1,1,1,42,7,-1,-1,-1,-1,4,E01035248,0,2
2024010487531,2024,010487531,1,4,0,99,99,9,9,99,99,9,9,99,9,99,2,1,2,2,1,33,6,-1,-1,-1,-1,2,E01009991,0,5
2024010494911,2024,010494911,1,9,0,99,99,9,9,99,99,9,9,99,9,99,1,9,6,6,1,31,6,-1,-1,-1,-1,3,E01004251,0,1
2024010530758,2024,010530758,2,1,9,99,99,9,9,99,99,9,9,99,9,99,9,1,6,6,3,-1,-1,-1,-1,-1,-1,4,E01000171,0,1
2024440124635,2024,440124635,1,9,0,18,19,2,6,0,0,0,1,0,2,4,1,1,6,6,1,25,5,-1,-1,-1,-1,10,E01022709,0,4
2024451418188,2024,451418188,2,1,0,-1,19,1,3,-1,0,2,0,0,0,0,1,1,-1,6,1,13,3,-1,-1,-1,-1,8,E01030988,0,1
2024341409940,2024,341409940,1,9,0,-1,19,3,7,-1,0,8,0,0,0,0,1,1,-1,6,1,47,8,-1,-1,-1,-1,2,E01009610,0,4
2024010496737,2024,010496737,2,9,0,99,99,9,9,99,99,9,9,99,9,99,9,9,6,6,3,-1,-1,-1,-1,-1,-1,-1,-1,0,-1
2024010521767,2024,010521767,1,1,9,99,99,9,9,99,99,9,9,99,9,99,1,1,2,2,1,44,7,-1,-1,-1,-1,9,E01004092,0,1
2024211421749,2024,211421749,1,9,0,-1,9,7,3,-1,0,2,0,0,0,0,1,1,-1,9,1,39,7,-1,-1,-1,-1,-1,-1,0,-1
2024201464799,2024,201464799,1,9,0,-1,1,3,7,-1,0,0,0,0,0,0,4,9,-1,6,2,40,7,-1,-1,-1,-1,-1,-1,0,-1
2024520401582,2024,520401582,2,9,0,18,19,2,5,0,0,1,0,0,0,0,1,1,6,6,2,35,6,-1,-1,-1,-1,4,E01035114,0,1
2024052402535,2024,052402535,1,9,0,18,19,1,5,0,0,0,0,0,0,0,1,1,6,6,1,19,4,-1,-1,-1,-1,1,E01007291,0,1
2024430233999,2024,430233999,2,9,0,18,19,3,7,0,0,4,0,0,0,0,1,1,6,6,1,-1,-1,-1,-1,-1,-1,-1,-1,0,-1
2024161500957,2024,161500957,1,9,0,-1,99,0,0,-1,0,0,0,0,0,0,1,9,-1,6,1,28,6,-1,-1,-1,-1,3,E01013133,0,1
2024201397151,2024,201397151,2,90,0,-1,19,6,2,-1,0,8,2,0,0,0,4,1,-1,2,1,36,7,-1,-1,-1,-1,3,E01009264,0,1
2024061471620,2024,061471620,1,5,0,-1,19,7,3,-1,0,0,0,0,0,0,1,1,-1,9,1,29,6,-1,-1,-1,-1,-1,-1,0,-1
2024332400433,2024,332400433,1,1,0,-1,19,5,1,-1,0,2,0,0,0,0,3,1,-1,2,1,50,8,-1,-1,-1,-1,8,E01025684,0,1
2024231431396,2024,231431396,1,1,0,-1,19,1,5,-1,0,0,0,0,0,0,1,1,-1,1,1,49,8,-1,-1,-1,-1,3,E01031008,0,2
2024401506465,2024,401506465,2,9,0,-1,19,1,6,-1,0,8,0,0,0,0,1,1,-1,6,3,-1,-1,-1,-1,-1,-1,-1,-1,0,-1
2024544093724,2024,544093724,2,1,0,18,19,5,1,0,0,0,0,0,0,0,2,1,6,6,2,49,8,-1,-1,-1,-1,2,E01033846,0,1
202460Q081426,2024,60Q081426,1,98,0,1,1,0,6,0,0,5,0,0,0,0,2,1,6,6,3,-1,-1,-1,-1,-1,-1,-1,-1,0,-1
2024041495947,2024,041495947,1,98,0,-1,19,5,1,-1,0,0,0,0,0,0,4,9,-1,6,3,-1,-1,-1,-1,-1,-1,-1,-1,0,-1
2024430065337,2024,430065337,2,9,0,2,2,0,0,0,0,0,0,0,0,0,2,1,1,1,1,49,8,-1,-1,-1,-1,5,E01016254,0,1
2024010522598,2024,010522598,1,22,0,18,19,2,6,4,4,0,0,0,0,0,0,1,6,6,1,75,10,-1,-1,-1,-1,3,E01003523,0,2
2024351469354,2024,351469354,2,1,-1,-1,-1,-1,-1,-1,-1,-1,-1,-1,-1,0,-1,1,-1,6,1,27,6,-1,-1,-1,-1,8,E01018242,0,2
2024401401732,2024,401401732,4,9,0,-1,19,5,1,-1,0,3,0,0,0,0,0,9,-1,1,1,34,6,-1,-1,-1,-1,3,E01017514,0,4
2024430079729,2024,430079729,1,9,0,18,19,8,4,0,0,1,0,0,0,0,1,1,6,6,1,41,7,-1,-1,-1,-1,9,E01035268,0,4
2024540740024,2024,540740024,2,1,0,5,5,4,8,0,0,8,0,0,0,0,3,1,6,6,1,63,9,-1,-1,-1,-1,9,E01032703,0,2
2024430161232,2024,430161232,1,9,0,4,4,5,1,0,0,0,0,0,0,0,1,1,6,6,2,44,7,-1,-1,-1,-1,7,E01030662,0,4
2024430449173,2024,430449173,2,9,0,18,19,8,4,0,0,0,0,0,0,0,1,1,6,6,1,-1,-1,-1,-1,-1,-1,-1,-1,0,-1
2024010527546,2024,010527546,1,1,9,99,99,9,9,99,99,9,9,99,9,99,1,1,6,6,1,-1,-1,-1,-1,-1,-1,-1,-1,0,-1
2024430024376,2024,430024376,2,9,0,18,19,8,4,0,0,1,0,0,0,0,1,1,6,6,2,-1,-1,-1,-1,-1,-1,-1,-1,0,-1
2024010490035,2024,010490035,2,9,0,99,99,9,9,0,0,0,0,0,0,0,9,9,6,6,2,58,9,-1,-1,-1,-1,9,E01004706,0,1
2024340WN5332,2024,340WN5332,2,9,0,-1,19,1,5,-1,0,0,0,0,0,0,3,1,-1,6,1,61,9,-1,-1,-1,-1,8,E01027217,0,3
2024101473930,2024,101473930,1,9,0,-1,19,2,6,-1,0,8,0,0,0,0,4,1,-1,6,1,-1,-1,-1,-1,-1,-1,-1,-1,0,-1
2024311499647,2024,311499647,2,1,0,-1,19,7,7,-1,5,0,5,0,0,0,1,1,-1,9,1,34,6,-1,-1,-1,-1,1,E01027976,0,1
2024041475208,2024,041475208,1,97,0,-1,19,7,3,-1,0,8,5,0,0,0,4,1,-1,1,1,59,9,-1,-1,-1,-1,7,E01025565,0,4
2024201428850,2024,201428850,2,1,0,-1,19,2,6,-1,9,8,0,0,0,0,3,1,-1,2,1,38,7,-1,-1,-1,-1,3,E01009656,0,1
2024010540571,2024,010540571,1,9,0,5,5,9,9,99,99,9,9,99,9,99,1,9,6,6,3,-1,-1,-1,-1,-1,-1,6,E01003030,0,1
2024371445066,2024,371445066,1,9,0,-1,19,7,3,-1,0,0,1,0,0,0,1,1,-1,2,2,38,7,-1,-1,-1,-1,7,E01033449,0,1
2024552400277,2024,552400277,2,1,0,9,9,8,7,0,0,5,0,0,0,0,3,1,6,6,1,39,7,-1,-1,-1,-1,6,E01020586,0,1
2024552400336,2024,552400336,2,1,0,18,19,5,1,0,0,8,0,0,0,0,4,1,6,6,1,57,9,-1,-1,-1,-1,10,E01032032,0,4
2024010495514,2024,010495514,2,9,0,18,19,1,5,0,0,0,0,99,0,0,9,1,6,6,1,-1,-1,-1,-1,-1,-1,-1,-1,0,-1
2024070885851,2024,070885851,1,9,0,-1,4,7,3,-1,0,0,0,0,0,0,1,1,-1,1,1,25,5,-1,-1,-1,-1,5,E01006593,0,4
2024161404205,2024,161404205,1,9,0,-1,19,6,2,-1,0,2,0,0,0,0,1,9,-1,6,3,-1,-1,-1,-1,-1,-1,-1,-1,0,-1
2024122400111,2024,122400111,2,9,0,18,19,8,4,0,0,1,0,0,0,0,1,1,2,2,1,34,6,-1,-1,-1,-1,7,E01027680,0,1
2024501498770,2024,501498770,1,9,0,-1,4,3,7,-1,0,0,0,0,0,0,1,1,-1,9,2,58,9,-1,-1,-1,-1,7,E01019920,0,3
2024351543094,2024,351543094,2,9,0,-1,19,4,8,-1,0,8,0,0,0,0,1,1,-1,1,1,44,7,-1,-1,-1,-1,6,E01018110,0,4
2024430190821,2024,430190821,1,9,0,3,3,3,7,0,0,1,0,0,0,0,2,1,6,6,1,47,8,-1,-1,-1,-1,9,E01002535,0,2
2024430103734,2024,430103734,2,1,0,18,19,5,1,0,0,3,0,0,0,0,2,1,2,2,1,42,7,-1,-1,-1,-1,5,E01016376,0,4
2024070416818,2024,070416818,3,9,0,11,11,7,3,0,0,0,0,0,0,0,2,1,6,6,2,-1,-1,-1,-1,-1,-1,-1,-1,0,-1
2024010534687,2024,010534687,1,9,0,13,13,1,5,0,0,0,0,0,0,0,0,1,6,6,3,-1,-1,-1,-1,-1,-1,-1,-1,0,-1
2024010513941,2024,010513941,2,1,0,11,11,5,1,0,0,6,0,0,0,0,0,1,6,6,1,33,6,-1,-1,-1,-1,-1,-1,0,-1
2024010516630,2024,010516630,2,9,0,99,99,9,9,99,99,9,9,99,9,99,9,9,6,6,3,-1,-1,-1,-1,-1,-1,-1,-1,0,-1
2024010532419,2024,010532419,2,1,0,5,5,3,7,0,0,8,0,0,0,0,1,1,6,6,3,24,5,-1,-1,-1,-1,-1,-1,0,-1
2024311536179,2024,311536179,2,1,0,-1,19,8,4,-1,0,0,0,0,0,0,2,1,-1,9,2,54,8,-1,-1,-1,-1,6,E01007981,0,4
2024430028947,2024,430028947,1,5,0,13,13,6,2,0,0,0,0,0,0,0,1,1,2,2,1,18,4,-1,-1,-1,-1,7,E01033958,0,4
2024461400668,2024,461400668,1,21,0,-1,11,6,2,-1,0,0,0,0,0,0,4,1,-1,1,1,63,9,-1,-1,-1,-1,3,E01015868,0,4
2024010511146,2024,010511146,1,9,0,18,19,4,8,0,0,1,0,0,0,0,1,1,6,6,1,25,5,-1,-1,-1,-1,6,E01001309,0,2
2024430465753,2024,430465753,2,-1,0,18,19,7,3,0,0,1,0,0,0,0,1,1,6,6,1,27,6,-1,-1,-1,-1,-1,-1,1,-1
2024461517645,2024,461517645,1,9,0,-1,19,3,7,-1,0,3,0,0,0,0,1,9,-1,6,1,-1,-1,-1,-1,-1,-1,-1,-1,0,-1
2024991527910,2024,991527910,1,9,0,-1,3,6,2,-1,0,7,0,0,0,0,1,1,-1,6,2,35,6,-1,-1,-1,-1,2,-1,0,4
2024351497156,2024,351497156,2,9,0,-1,19,1,1,-1,0,8,0,0,0,0,3,1,-1,9,2,53,8,-1,-1,-1,-1,3,E01026684,0,4
2024430339996,2024,430339996,2,9,0,6,6,2,2,0,0,8,0,0,0,0,1,1,1,1,1,58,9,-1,-1,-1,-1,10,E01028661,0,3
2024010531848,2024,010531848,2,1,0,16,19,3,7,0,0,1,0,8,0,0,1,1,1,1,1,34,6,-1,-1,-1,-1,2,E01004721,0,1
2024991521123,2024,991521123,2,9,0,-1,19,5,1,-1,0,8,0,0,0,0,4,1,-1,6,-1,32,6,-1,-1,-1,-1,-1,-1,0,-1
2024201488867,2024,201488867,2,9,0,-1,14,8,2,-1,0,8,0,0,0,0,4,9,-1,6,3,-1,-1,-1,-1,-1,-1,-1,-1,0,-1
2024201414687,2024,201414687,1,9,0,-1,9,2,8,-1,0,5,0,0,0,0,1,9,-1,6,2,30,6,-1,-1,-1,-1,-1,-1,0,-1
2024991482456,2024,991482456,2,5,0,-1,19,4,8,-1,0,1,0,0,0,0,1,1,-1,9,1,57,9,-1,-1,-1,-1,2,-1,0,4
2024141408370,2024,141408370,2,9,0,-1,19,4,8,-1,0,1,0,0,0,0,1,9,-1,6,3,-1,-1,-1,-1,-1,-1,-1,-1,0,-1
2024010516375,2024,010516375,2,9,0,99,99,9,9,99,99,9,9,99,9,99,9,9,6,6,2,32,6,-1,-1,-1,-1,10,E01022888,0,4
2024061417128,2024,061417128,1,9,0,-1,-1,-1,-1,-1,-1,-1,-1,-1,-1,0,-1,9,-1,6,1,-1,-1,-1,-1,-1,-1,-1,-1,0,-1
2024010540098,2024,010540098,1,3,0,18,19,1,5,9,9,2,0,0,1,0,1,1,6,6,3,-1,-1,-1,-1,-1,-1,-1,-1,0,-1
2024520401815,2024,520401815,1,1,0,18,19,7,3,0,0,0,0,0,0,0,9,1,6,6,1,22,5,-1,-1,-1,-1,5,E01029094,0,1
2024440115796,2024,440115796,2,1,0,18,19,1,5,0,0,8,0,0,0,0,4,1,6,6,2,67,10,-1,-1,-1,-1,9,E01017301,0,1
2024401442668,2024,401442668,2,1,0,-1,19,7,3,-1,9,8,0,0,0,0,3,1,-1,6,1,12,3,-1,-1,-1,-1,2,E01017602,0,1
2024421398797,2024,421398797,1,9,0,-1,19,3,7,-1,0,0,0,0,0,0,1,9,-1,6,3,-1,-1,-1,-1,-1,-1,-1,-1,0,-1
2024010517858,2024,010517858,1,1,9,99,99,9,9,99,99,9,9,99,9,99,1,1,6,6,1,22,5,-1,-1,-1,-1,5,E01004622,0,1
2024622400561,2024,622400561,1,10,0,18,19,4,8,0,0,8,1,0,0,0,1,1,6,6,2,29,6,-1,-1,-1,-1,8,W01000984,0,1
2024211412592,2024,211412592,2,9,4,-1,19,5,1,-1,0,0,1,0,0,0,2,1,-1,1,1,46,8,-1,-1,-1,-1,6,E01024361,0,5
2024161423847,2024,161423847,3,9,0,-1,19,5,3,-1,0,1,0,0,0,0,1,9,-1,6,-1,-1,-1,-1,-1,-1,-1,-1,-1,0,-1
2024131455131,2024,131455131,2,9,0,-1,19,1,5,-1,0,0,0,0,0,0,1,1,-1,2,1,25,5,-1,-1,-1,-1,3,E01010675,0,1
2024010514041,2024,010514041,2,9,0,99,99,9,9,99,99,0,9,99,9,99,9,9,6,6,3,-1,-1,-1,-1,-1,-1,-1,-1,0,-1
2024010493316,2024,010493316,1,9,0,10,10,3,1,0,0,1,0,0,0,0,0,1,3,7,2,42,7,-1,-1,-1,-1,6,E01000549,0,1
2024311498553,2024,311498553,1,9,0,-1,4,7,3,-1,0,8,0,0,0,0,1,9,-1,6,3,45,7,-1,-1,-1,-1,-1,-1,0,-1
2024010489270,2024,010489270,2,9,0,5,5,0,5,0,0,1,0,0,0,0,1,1,6,6,1,48,8,-1,-1,-1,-1,4,E01003211,0,1
2024631447908,2024,631447908,2,9,0,-1,9,8,6,-1,0,5,0,0,0,0,3,1,-1,6,2,32,6,-1,-1,-1,-1,5,W01000630,0,1
2024010514540,2024,010514540,1,9,0,2,2,0,0,9,9,6,0,0,0,0,4,1,6,6,3,-1,-1,-1,-1,-1,-1,-1,-1,0,-1
2024010534617,2024,010534617,2,9,0,99,99,9,9,99,99,9,9,99,9,99,9,9,6,6,3,-1,-1,-1,-1,-1,-1,-1,-1,0,-1
2024010500827,2024,010500827,1,1,0,18,19,1,5,5,5,3,0,0,0,0,1,1,6,6,1,64,9,-1,-1,-1,-1,-1,-1,0,-1
2024361505480,2024,361505480,2,1,0,-1,19,6,2,-1,0,1,0,0,0,0,0,1,-1,6,1,46,8,-1,-1,-1,-1,10,E01031485,0,5
2024010490813,2024,010490813,3,9,0,2,2,0,0,0,0,2,0,0,0,0,1,1,6,6,3,-1,-1,-1,-1,-1,-1,-1,-1,0,-1
2024010491157,2024,010491157,1,9,0,99,99,9,9,99,99,9,9,99,9,99,2,9,6,6,1,35,6,-1,-1,-1,-1,5,E01003000,0,1
2024061484862,2024,061484862,1,9,0,-1,12,3,7,-1,0,0,0,0,0,0,0,1,-1,6,3,30,6,-1,-1,-1,-1,-1,-1,0,-1
2024010495180,2024,010495180,2,9,0,99,99,9,9,99,99,9,9,99,9,99,1,9,6,6,2,61,9,-1,-1,-1,-1,2,E01001430,0,1
2024430624739,2024,430624739,1,9,0,18,19,5,1,0,0,0,5,0,1,4,1,1,6,6,1,68,10,-1,-1,-1,-1,-1,-1,0,-1
2024010536138,2024,010536138,2,9,0,18,19,3,7,0,0,1,0,0,0,0,1,1,6,6,1,84,11,-1,-1,-1,-1,9,E01000359,0,3
2024522402952,2024,522402952,1,9,0,9,9,1,7,0,0,5,0,0,0,0,3,1,6,6,2,46,8,-1,-1,-1,-1,8,E01014938,0,1
2024010537360,2024,010537360,2,19,0,99,99,9,9,99,99,9,9,99,9,99,9,9,6,6,3,-1,-1,-1,-1,-1,-1,-1,-1,0,-1
2024010538600,2024,010538600,2,1,0,15,15,5,1,0,0,1,0,0,0,0,1,1,6,6,1,45,7,-1,-1,-1,-1,2,E01002782,0,1
2024501480149,2024,501480149,1,9,4,-1,19,3,7,-1,0,1,0,0,0,0,1,2,-1,1,1,27,6,-1,-1,-1,-1,6,E01018821,0,2
2024010515829,2024,010515829,2,1,0,18,19,1,5,0,0,0,0,0,0,0,0,1,6,6,1,29,6,-1,-1,-1,-1,2,E01004067,0,3
2024201465620,2024,201465620,1,9,0,-1,19,3,7,-1,0,8,0,0,0,0,1,9,-1,6,3,-1,-1,-1,-1,-1,-1,-1,-1,0,-1
2024010521471,2024,010521471,2,1,0,4,4,5,1,2,2,0,0,0,0,0,1,1,6,6,2,25,5,-1,-1,-1,-1,3,E01032765,0,2
2024461411419,2024,461411419,2,1,0,-1,19,3,7,-1,0,0,0,0,0,0,2,1,-1,2,1,48,8,-1,-1,-1,-1,1,E01001575,0,2
2024070293803,2024,070293803,1,9,0,18,19,1,5,0,0,0,0,4,0,0,1,1,6,6,1,25,5,-1,-1,-1,-1,2,E01012413,0,1
2024010537157,2024,010537157,1,1,9,99,99,9,9,99,99,9,9,99,9,99,1,1,2,2,1,32,6,-1,-1,-1,-1,6,E01004530,0,3
2024471501662,2024,471501662,4,9,0,-1,9,1,6,-1,0,0,0,0,0,0,0,9,-1,6,-1,-1,-1,-1,-1,-1,-1,-1,-1,0,-1
2024010491068,2024,010491068,1,2,0,13,13,1,5,0,0,1,1,0,0,0,0,1,2,2,1,30,6,-1,-1,-1,-1,2,E01003207,0,1
2024421437411,2024,421437411,1,1,0,-1,5,1,5,-1,0,1,0,0,0,0,4,1,-1,6,1,16,4,-1,-1,-1,-1,-1,-1,0,-1
2024461461887,2024,461461887,2,1,0,-1,19,2,6,-1,0,0,0,0,1,0,0,1,-1,9,1,55,8,-1,-1,-1,-1,4,E01024624,0,3
2024440189238,2024,440189238,1,1,0,18,19,6,2,0,0,1,0,0,0,0,1,1,6,6,1,47,8,-1,-1,-1,-1,1,E01017241,0,4
202417M116324,2024,17M116324,2,97,0,-1,19,1,5,-1,0,8,0,0,0,0,1,1,-1,6,1,-1,-1,-1,-1,-1,-1,-1,-1,0,-1
2024552400904,2024,552400904,1,9,0,5,5,8,4,0,0,8,0,0,0,0,3,1,6,6,2,67,10,-1,-1,-1,-1,9,E01015405,0,1
2024361409067,2024,361409067,2,1,0,-1,19,1,5,-1,0,1,0,0,0,0,2,1,-1,9,1,19,4,-1,-1,-1,-1,4,E01026609,0,2
2024041441923,2024,041441923,2,90,0,-1,2,0,0,-1,0,0,0,0,0,0,2,1,-1,6,-1,-1,-1,-1,-1,-1,-1,-1,-1,0,-1
2024302401121,2024,302401121,1,9,0,18,19,8,4,0,0,8,0,0,1,11,1,1,1,1,1,28,6,-1,-1,-1,-1,7,E01019634,0,1
2024010499094,2024,010499094,2,9,9,6,6,5,5,0,0,9,9,99,0,0,3,9,6,6,1,-1,-1,-1,-1,-1,-1,-1,-1,0,-1
2024430364480,2024,430364480,3,9,0,3,3,1,5,0,0,0,0,0,0,0,2,1,6,6,3,-1,-1,-1,-1,-1,-1,-1,-1,0,-1
2024340NN0262,2024,340NN0262,2,1,0,-1,19,2,6,-1,0,1,0,0,0,0,1,1,-1,6,2,53,8,-1,-1,-1,-1,8,E01027070,0,1
2024041455639,2024,041455639,2,9,0,-1,19,3,7,-1,0,0,0,0,0,0,1,1,-1,2,1,28,6,-1,-1,-1,-1,5,E01025061,0,3
2024320708125,2024,320708125,1,1,0,-1,-1,6,2,0,0,8,0,0,0,0,1,1,-1,-1,1,36,7,-1,-1,-1,-1,10,E01026395,0,2
2024010511877,2024,010511877,2,1,0,18,19,5,1,0,0,4,0,0,0,0,1,1,6,6,1,52,8,-1,-1,-1,-1,7,E01004166,0,1
2024221474207,2024,221474207,2,1,0,-1,19,6,2,-1,0,8,0,0,0,0,2,1,-1,6,1,61,9,-1,-1,-1,-1,5,E01032418,0,2
2024061515471,2024,061515471,1,1,0,-1,19,3,7,-1,4,1,5,10,1,0,1,1,-1,2,1,32,6,-1,-1,-1,-1,5,E01006200,0,1
2024010509516,2024,010509516,2,1,0,18,19,1,5,0,0,0,0,0,0,0,1,1,6,6,1,27,6,-1,-1,-1,-1,10,E01023421,0,4
2024141557947,2024,141557947,2,1,0,-1,19,4,5,-1,0,8,0,0,0,0,2,1,-1,9,1,59,9,-1,-1,-1,-1,6,E01007688,0,1
2024010495001,2024,010495001,2,9,0,99,99,9,9,99,99,6,9,99,9,99,9,9,6,6,3,-1,-1,-1,-1,-1,-1,-1,-1,0,-1
2024201527806,2024,201527806,1,9,0,-1,13,7,3,-1,0,8,0,0,0,0,4,9,-1,6,1,-1,-1,-1,-1,-1,-1,-1,-1,0,-1
2024010528438,2024,010528438,2,1,0,7,7,3,5,0,0,1,0,0,0,0,1,1,6,6,2,45,7,-1,-1,-1,-1,3,E01003979,0,1
2024061499142,2024,061499142,1,1,0,-1,19,-1,-1,-1,0,3,0,0,0,0,4,1,-1,2,1,57,9,-1,-1,-1,-1,8,E01006133,0,1
2024411411521,2024,411411521,1,9,0,-1,19,1,5,-1,0,1,0,0,0,0,1,9,-1,7,1,-1,-1,-1,-1,-1,-1,-1,-1,0,-1
2024061414498,2024,061414498,3,9,0,-1,2,0,0,-1,0,0,0,0,0,0,1,1,-1,6,-1,35,6,-1,-1,-1,-1,-1,-1,0,-1
2024010547798,2024,010547798,1,19,0,9,9,5,3,0,0,1,0,0,0,0,4,1,6,6,3,24,5,-1,-1,-1,-1,-1,-1,0,-1
2024052401378,2024,052401378,1,9,0,5,5,4,8,0,0,0,0,0,0,0,3,1,6,6,1,28,6,-1,-1,-1,-1,4,E01008244,0,5
2024302400093,2024,302400093,1,9,0,18,19,2,6,0,0,0,0,0,1,0,1,1,6,6,2,81,11,-1,-1,-1,-1,1,E01013536,0,2