collision_index,collision_year,collision_ref_no,vehicle_reference,vehicle_type,towing_and_articulation,vehicle_manoeuvre_historic,vehicle_manoeuvre,vehicle_direction_from,vehicle_direction_to,vehicle_location_restricted_lane_historic,vehicle_location_restricted_lane,junction_location,skidding_and_overturning,hit_object_in_carriageway,vehicle_leaving_carriageway,hit_object_off_carriageway,first_point_of_impact,vehicle_left_hand_drive,journey_purpose_of_driver_historic,journey_purpose_of_driver,sex_of_driver,age_of_driver,age_band_of_driver,engine_capacity_cc,propulsion_code,age_of_vehicle,generic_make_model,driver_imd_decile,lsoa_of_driver,escooter_flag,driver_distance_banding
2024501533716,2024,501533716,1,9,0,-1,13,1,5,-1,0,1,0,0,0,0,4,1,-1,6,3,-1,-1,-1,-1,-1,-1,-1,-1,0,-1
2024302400371,2024,302400371,2,9,0,3,3,8,4,0,0,0,0,0,0,0,2,1,6,6,2,38,7,-1,-1,-1,-1,8,E01019834,0,2
2024451477134,2024,451477134,3,9,0,-1,4,1,5,-1,0,0,0,0,0,0,1,1,-1,2,1,49,8,-1,-1,-1,-1,7,E01003429,0,4
2024481558044,2024,481558044,2,1,0,-1,19,3,7,-1,0,0,0,0,0,0,3,1,-1,9,1,30,6,-1,-1,-1,-1,-1,-1,0,-1
2024991412544,2024,991412544,2,9,0,-1,19,5,1,-1,0,0,0,0,0,0,3,1,-1,9,1,22,5,-1,-1,-1,-1,7,-1,0,3
2024010494061,2024,010494061,2,21,1,9,9,7,5,0,0,8,0,0,0,0,1,2,1,1,1,46,8,-1,-1,-1,-1,-1,-1,0,-1
2024010503860,2024,010503860,1,1,9,99,99,9,9,99,99,9,9,99,9,99,1,1,2,2,1,27,6,-1,-1,-1,-1,5,E01002744,0,1
2024501422174,2024,501422174,1,9,0,-1,5,4,8,-1,0,6,0,0,0,0,1,1,-1,2,1,64,9,-1,-1,-1,-1,4,E01018780,0,2
202454A797324,2024,54A797324,1,90,0,18,19,1,5,0,0,6,0,0,0,0,1,1,6,6,1,25,5,-1,-1,-1,-1,3,E01015527,0,1
2024371481313,2024,371481313,1,9,0,-1,15,1,5,-1,0,0,0,0,0,0,0,1,-1,6,3,-1,-1,-1,-1,-1,-1,-1,-1,0,-1
2024010531617,2024,010531617,1,1,9,99,99,9,9,5,5,9,9,99,0,99,1,1,6,6,1,30,6,-1,-1,-1,-1,4,E01000958,0,1
2024211437012,2024,211437012,2,9,0,-1,4,8,4,-1,0,0,0,0,0,0,2,9,-1,6,2,49,8,-1,-1,-1,-1,2,E01029727,0,1
2024010519827,2024,010519827,2,-1,0,18,19,5,1,0,0,8,0,0,0,0,1,1,6,6,1,20,4,-1,-1,-1,-1,3,E01001814,1,1
2024041450380,2024,041450380,1,9,0,-1,-1,-1,-1,-1,-1,0,-1,-1,-1,0,-1,9,-1,6,3,-1,-1,-1,-1,-1,-1,-1,-1,0,-1
2024430276702,2024,430276702,1,1,0,18,19,2,6,9,9,8,0,0,0,0,3,1,2,2,1,40,7,-1,-1,-1,-1,2,E01016450,0,1
2024141396810,2024,141396810,2,9,0,-1,19,5,1,-1,0,0,0,0,0,0,1,1,-1,6,1,34,6,-1,-1,-1,-1,8,E01034240,0,1
2024451453795,2024,451453795,1,1,0,-1,19,1,5,-1,0,1,0,0,0,0,1,1,-1,9,2,31,6,-1,-1,-1,-1,3,E01003179,0,3
2024552401428,2024,552401428,2,9,0,3,3,3,7,0,0,1,0,0,1,0,2,1,6,6,1,34,6,-1,-1,-1,-1,7,E01033286,0,2
2024332400404,2024,332400404,2,9,0,-1,5,1,5,-1,4,6,0,0,0,0,1,1,-1,6,2,-1,-1,-1,-1,-1,-1,-1,-1,0,-1
2024010521613,2024,010521613,2,1,9,99,99,9,9,99,99,9,9,99,9,99,1,1,6,6,3,-1,-1,-1,-1,-1,-1,-1,-1,0,-1
2024430041896,2024,430041896,1,9,0,4,4,1,5,0,0,0,0,0,0,0,2,1,6,6,1,25,5,-1,-1,-1,-1,4,E01001946,0,3
2024501505415,2024,501505415,1,9,0,-1,19,5,1,-1,0,3,0,0,0,0,1,1,-1,2,2,59,9,-1,-1,-1,-1,4,E01015169,0,1
2024131475794,2024,131475794,1,9,0,-1,-1,-1,-1,-1,-1,-1,-1,-1,-1,-1,-1,1,-1,6,3,-1,-1,-1,-1,-1,-1,-1,-1,0,-1
2024052400230,2024,052400230,1,9,0,18,19,5,1,0,0,1,0,0,0,0,1,1,6,6,2,-1,-1,-1,-1,-1,-1,-1,-1,0,-1
2024401515694,2024,401515694,2,-1,0,-1,19,7,3,-1,0,1,0,0,0,0,1,1,-1,6,2,-1,-1,-1,-1,-1,-1,-1,-1,1,-1
2024010512098,2024,010512098,1,1,0,18,19,7,3,0,0,8,0,0,0,0,1,1,6,6,3,24,5,-1,-1,-1,-1,-1,-1,0,-1
2024311482511,2024,311482511,1,9,0,-1,4,6,2,-1,0,0,0,0,0,0,2,1,-1,6,2,47,8,-1,-1,-1,-1,7,E01028193,0,1
2024440201227,2024,440201227,4,19,0,18,19,4,8,0,0,0,0,0,0,0,1,1,6,6,3,-1,-1,-1,-1,-1,-1,-1,-1,0,-1
2024440168927,2024,440168927,1,-1,0,18,19,2,6,0,0,0,0,0,0,0,0,1,6,6,1,35,6,-1,-1,-1,-1,9,E01032753,1,1
2024010540746,2024,010540746,2,1,0,18,19,8,4,0,0,8,0,0,0,0,4,1,6,6,1,32,6,-1,-1,-1,-1,3,E01000800,0,1
2024122400972,2024,122400972,2,1,0,7,7,3,6,0,0,8,0,0,0,0,2,1,4,7,1,12,3,-1,-1,-1,-1,1,E01027907,0,1
2024041485598,2024,041485598,2,9,0,-1,19,1,5,-1,0,0,0,0,1,0,3,1,-1,1,1,53,8,-1,-1,-1,-1,5,E01012706,0,2
2024520402646,2024,520402646,2,19,0,16,19,5,1,0,0,3,0,0,0,0,1,1,6,6,3,-1,-1,-1,-1,-1,-1,-1,-1,0,-1
2024061453391,2024,061453391,1,9,0,-1,19,5,1,-1,0,2,0,0,0,0,1,9,-1,6,3,18,4,-1,-1,-1,-1,-1,-1,0,-1
2024010545792,2024,010545792,1,1,0,99,99,9,9,0,0,0,0,0,0,0,1,1,6,6,3,-1,-1,-1,-1,-1,-1,-1,-1,0,-1
2024101440279,2024,101440279,2,97,0,-1,19,5,1,-1,0,8,0,0,0,0,1,1,-1,6,3,18,4,-1,-1,-1,-1,-1,-1,0,-1
2024010491233,2024,010491233,2,9,0,99,99,9,9,99,99,9,9,99,9,99,9,9,6,6,3,-1,-1,-1,-1,-1,-1,-1,-1,0,-1
2024010527803,2024,010527803,2,1,0,18,19,3,7,0,0,1,0,4,0,0,1,1,1,1,1,18,4,-1,-1,-1,-1,7,E01000243,0,1
2024411510775,2024,411510775,1,22,0,-1,19,3,7,-1,9,0,0,0,0,0,1,1,-1,6,2,-1,-1,-1,-1,-1,-1,-1,-1,0,-1
2024461460742,2024,461460742,1,9,0,-1,19,7,3,-1,0,0,0,0,0,0,1,9,-1,6,1,-1,-1,-1,-1,-1,-1,9,E01024376,0,2
2024010539025,2024,010539025,2,9,0,9,9,6,3,0,0,8,0,0,0,0,1,1,6,6,3,-1,-1,-1,-1,-1,-1,-1,-1,0,-1
2024010541074,2024,010541074,2,1,9,99,99,9,9,99,99,9,9,99,9,99,9,1,2,2,1,37,7,-1,-1,-1,-1,5,E01003654,0,2
2024010493467,2024,010493467,2,8,0,18,19,7,3,2,2,8,0,0,0,0,3,1,1,1,1,45,7,-1,-1,-1,-1,-1,-1,0,-1
2024052400617,2024,052400617,2,1,0,18,19,5,1,0,0,8,0,0,0,0,1,1,6,6,2,17,4,-1,-1,-1,-1,2,E01006575,0,1
2024302401671,2024,302401671,2,9,0,2,2,0,0,9,9,2,0,0,0,0,4,1,6,6,3,-1,-1,-1,-1,-1,-1,-1,-1,0,-1
2024131426231,2024,131426231,1,23,0,-1,19,1,5,-1,0,8,0,0,0,0,1,1,-1,6,1,16,4,-1,-1,-1,-1,8,E01011047,0,1
2024052401973,2024,052401973,2,1,0,18,19,4,8,0,0,1,0,0,0,0,1,1,6,6,1,28,6,-1,-1,-1,-1,4,E01006590,0,1
2024010522864,2024,010522864,2,1,0,16,19,5,1,0,0,0,0,0,0,0,3,1,2,2,2,27,6,-1,-1,-1,-1,4,E01004047,0,1
2024010517732,2024,010517732,2,9,0,18,19,1,5,0,0,6,0,0,0,0,1,1,6,6,2,72,10,-1,-1,-1,-1,6,E01001091,0,1
2024401434452,2024,401434452,1,9,0,-1,19,2,6,-1,0,0,1,0,1,4,1,1,-1,6,1,48,8,-1,-1,-1,-1,3,E01025099,0,5
2024111462997,2024,111462997,2,1,0,-1,7,6,7,-1,0,8,0,0,0,0,3,1,-1,6,1,58,9,-1,-1,-1,-1,2,E01012313,0,1
2024161486657,2024,161486657,1,-1,0,-1,13,7,3,-1,0,8,2,0,7,0,1,1,-1,6,1,19,4,-1,-1,-1,-1,1,E01012877,1,1
2024131416190,2024,131416190,2,1,0,-1,19,5,1,-1,0,0,0,0,1,0,1,1,-1,6,2,25,5,-1,-1,-1,-1,8,E01011694,0,1
2024010495430,2024,010495430,2,9,0,13,13,5,1,0,0,0,0,0,0,0,0,1,6,6,1,25,5,-1,-1,-1,-1,8,E01023571,0,3
2024010543032,2024,010543032,4,9,0,99,99,9,9,99,99,9,9,99,9,99,1,9,6,6,3,-1,-1,-1,-1,-1,-1,-1,-1,0,-1
2024061521104,2024,061521104,2,9,0,-1,19,2,6,-1,0,8,0,0,0,0,4,9,-1,6,1,46,8,-1,-1,-1,-1,5,E01005347,0,1
2024010527390,2024,010527390,1,1,9,99,99,9,9,99,99,1,9,99,9,99,9,1,6,6,1,38,7,-1,-1,-1,-1,8,E01014419,0,5
2024070547835,2024,070547835,3,9,0,18,19,4,8,0,0,0,0,0,0,0,0,1,6,6,3,-1,-1,-1,-1,-1,-1,-1,-1,0,-1
2024031487386,2024,031487386,2,1,0,-1,19,5,1,-1,0,0,0,0,0,0,2,1,-1,6,1,30,6,-1,-1,-1,-1,-1,-1,0,-1
2024010497033,2024,010497033,1,1,9,99,99,9,9,99,99,9,9,99,9,99,9,1,2,2,1,34,6,-1,-1,-1,-1,3,E01004443,0,3
2024031394083,2024,031394083,1,19,0,-1,19,2,6,-1,0,0,1,0,1,10,1,1,-1,2,1,44,7,-1,-1,-1,-1,-1,-1,0,-1
2024041431024,2024,041431024,1,1,0,-1,19,2,2,-1,0,0,0,0,0,0,2,1,-1,9,1,35,6,-1,-1,-1,-1,4,E01025119,0,1
2024201518188,2024,201518188,2,1,0,-1,19,2,6,-1,0,8,0,0,0,0,2,1,-1,6,1,16,4,-1,-1,-1,-1,4,E01008994,0,1
2024430045774,2024,430045774,1,3,0,9,9,6,4,0,0,6,0,0,0,0,3,1,6,6,1,22,5,-1,-1,-1,-1,8,E01017788,0,1
2024991514044,2024,991514044,1,9,0,-1,19,7,3,-1,0,0,0,0,0,0,1,1,-1,6,1,51,8,-1,-1,-1,-1,5,-1,0,1
2024010525214,2024,010525214,1,1,9,99,99,9,9,99,99,1,9,99,9,99,1,1,2,2,1,42,7,-1,-1,-1,-1,5,E01003340,0,1
2024231432985,2024,231432985,1,9,0,-1,4,4,8,-1,0,0,1,0,0,0,1,1,-1,2,1,50,8,-1,-1,-1,-1,8,E01012065,0,5
2024401407571,2024,401407571,1,9,0,-1,19,-1,-1,-1,0,8,0,0,0,0,1,9,-1,6,2,-1,-1,-1,-1,-1,-1,-1,-1,0,-1
2024061447727,2024,061447727,3,9,0,-1,2,7,3,-1,0,8,0,0,0,0,3,9,-1,6,3,-1,-1,-1,-1,-1,-1,-1,-1,0,-1
2024520401923,2024,520401923,2,9,0,18,19,3,5,0,0,4,0,0,0,0,0,1,6,6,3,-1,-1,-1,-1,-1,-1,-1,-1,0,-1
2024010548436,2024,010548436,1,1,9,99,99,9,9,99,99,9,9,99,9,99,2,1,6,6,2,28,6,-1,-1,-1,-1,2,E01033486,0,1
2024211495126,2024,211495126,1,9,0,-1,1,8,8,-1,0,0,0,0,0,0,2,1,-1,6,1,76,11,-1,-1,-1,-1,-1,-1,0,-1
2024622400041,2024,622400041,1,9,0,9,9,2,8,0,0,1,0,0,0,0,1,1,1,1,2,22,5,-1,-1,-1,-1,4,W01001155,0,1
2024061450293,2024,061450293,2,1,0,-1,19,1,1,-1,0,1,0,0,0,0,1,1,-1,6,1,17,4,-1,-1,-1,-1,10,E01005815,0,1
2024211403554,2024,211403554,2,19,0,-1,19,3,7,-1,0,0,0,0,0,0,1,9,-1,9,1,49,8,-1,-1,-1,-1,-1,-1,0,-1
2024440524115,2024,440524115,2,1,0,18,19,1,5,0,0,8,0,0,0,0,4,1,4,7,1,12,3,-1,-1,-1,-1,8,E01023089,0,1
2024332400589,2024,332400589,2,9,0,-1,11,5,1,-1,0,0,0,0,0,0,1,1,-1,6,1,36,7,-1,-1,-1,-1,1,E01013480,0,4
2024991491462,2024,991491462,1,1,0,-1,19,6,1,-1,0,0,0,0,0,0,1,1,-1,9,1,71,10,-1,-1,-1,-1,-1,-1,0,-1
2024052400274,2024,052400274,1,90,0,18,19,1,5,0,0,1,0,0,0,0,4,1,6,6,3,-1,-1,-1,-1,-1,-1,-1,-1,0,-1
2024401458303,2024,401458303,1,9,-1,-1,19,3,7,-1,0,0,0,0,0,0,-1,9,-1,6,3,-1,-1,-1,-1,-1,-1,-1,-1,0,-1
2024010518549,2024,010518549,2,1,0,14,14,3,7,0,0,8,5,0,0,0,4,1,2,2,1,46,8,-1,-1,-1,-1,8,E01002942,0,4
2024010542891,2024,010542891,2,9,9,99,99,9,9,99,99,0,9,99,9,99,9,1,6,6,3,-1,-1,-1,-1,-1,-1,-1,-1,0,-1
2024991451751,2024,991451751,2,9,0,-1,19,2,6,-1,0,1,0,0,0,0,3,1,-1,6,1,76,11,-1,-1,-1,-1,6,-1,0,1
2024302500141,2024,302500141,2,9,0,-1,19,5,2,-1,0,0,0,0,0,0,0,1,-1,6,3,-1,-1,-1,-1,-1,-1,5,E01019456,0,4
2024610026624,2024,610026624,2,9,0,18,19,7,3,0,0,0,0,0,0,0,1,1,6,6,1,-1,-1,-1,-1,-1,-1,-1,-1,0,-1
2024440159760,2024,440159760,2,1,0,18,19,1,5,0,0,8,0,0,0,0,1,1,6,6,1,59,9,-1,-1,-1,-1,10,E01023259,0,1
2024531480297,2024,531480297,1,1,0,-1,12,5,1,-1,0,1,0,0,0,0,1,1,-1,6,2,61,9,-1,-1,-1,-1,2,E01022289,0,1
2024010518354,2024,010518354,1,3,0,9,9,2,7,0,0,5,0,0,0,0,1,1,6,6,3,-1,-1,-1,-1,-1,-1,-1,-1,0,-1
2024461504296,2024,461504296,1,21,1,-1,4,5,1,-1,0,0,0,4,0,0,1,2,-1,1,1,59,9,-1,-1,-1,-1,-1,-1,0,-1
2024231409758,2024,231409758,2,1,0,-1,19,4,8,-1,0,8,0,0,0,0,4,1,-1,1,1,49,8,-1,-1,-1,-1,4,E01031060,0,1
202460Q118550,2024,60Q118550,1,19,0,18,19,7,3,0,0,2,0,0,0,0,1,1,6,6,1,-1,-1,-1,-1,-1,-1,-1,-1,0,-1
2024010491635,2024,010491635,2,9,0,9,9,5,2,0,0,8,0,0,0,0,1,1,2,2,1,53,8,-1,-1,-1,-1,6,E01003149,0,1
2024201431419,2024,201431419,1,9,0,-1,19,4,8,-1,0,8,0,0,0,0,1,9,-1,6,2,30,6,-1,-1,-1,-1,-1,-1,0,-1
2024522402441,2024,522402441,2,9,0,18,19,6,2,0,0,4,0,0,0,0,1,1,6,6,3,-1,-1,-1,-1,-1,-1,-1,-1,0,-1
2024071061026,2024,071061026,1,8,0,-1,99,5,1,-1,0,0,0,0,0,0,4,1,-1,1,1,40,7,-1,-1,-1,-1,-1,-1,0,-1
2024010488490,2024,010488490,1,9,0,9,9,8,5,0,0,6,0,0,0,0,4,1,6,6,1,38,7,-1,-1,-1,-1,6,E01000746,0,1
2024371467937,2024,371467937,2,9,4,-1,19,5,1,-1,0,0,0,0,0,0,0,1,-1,2,1,58,9,-1,-1,-1,-1,6,E01030005,0,1
2024010540985,2024,010540985,2,1,0,18,19,3,7,0,0,1,0,0,0,0,2,1,1,1,1,27,6,-1,-1,-1,-1,2,E01004067,0,1
2024351486682,2024,351486682,1,9,0,-1,19,-1,-1,-1,0,0,0,0,0,0,4,9,-1,6,3,-1,-1,-1,-1,-1,-1,-1,-1,0,-1
2024101398741,2024,101398741,1,9,0,-1,4,1,5,-1,0,4,0,0,0,0,1,9,-1,6,2,-1,-1,-1,-1,-1,-1,-1,-1,0,-1
2024101440905,2024,101440905,2,1,0,-1,19,8,6,-1,0,1,0,0,0,0,1,1,-1,9,1,65,9,-1,-1,-1,-1,1,E01008689,0,1
2024361447811,2024,361447811,2,1,0,-1,19,5,2,-1,0,8,5,0,0,0,4,1,-1,6,1,14,3,-1,-1,-1,-1,6,E01026774,0,1
2024991462329,2024,991462329,1,90,0,-1,7,6,8,-1,9,1,0,0,0,0,4,1,-1,9,1,8,2,-1,-1,-1,-1,2,-1,0,1
2024231459463,2024,231459463,2,9,0,-1,2,0,0,-1,0,0,0,0,0,0,2,1,-1,6,1,32,6,-1,-1,-1,-1,8,E01031294,0,1
2024010493636,2024,010493636,2,8,0,18,19,8,4,0,0,8,0,0,0,0,1,1,1,1,1,61,9,-1,-1,-1,-1,4,E01004417,0,4
2024991467384,2024,991467384,2,1,0,-1,12,1,6,-1,0,1,0,0,0,0,0,1,-1,2,2,50,8,-1,-1,-1,-1,-1,-1,0,-1
2024201416646,2024,201416646,2,1,0,-1,19,8,4,-1,0,8,0,0,0,0,3,1,-1,6,2,24,5,-1,-1,-1,-1,1,E01034934,0,1
2024421512023,2024,421512023,2,9,0,-1,2,0,0,-1,9,0,0,0,0,0,2,1,-1,6,3,-1,-1,-1,-1,-1,-1,-1,-1,0,-1
2024501456124,2024,501456124,1,5,0,-1,19,3,7,-1,0,0,1,0,0,0,4,1,-1,9,1,68,10,-1,-1,-1,-1,-1,-1,0,-1
2024332400813,2024,332400813,2,9,0,-1,19,1,5,-1,0,8,0,0,0,0,1,1,-1,1,1,26,6,-1,-1,-1,-1,2,E01032602,0,2
2024010488423,2024,010488423,1,11,0,3,3,6,2,2,2,2,0,0,0,0,2,1,1,1,1,58,9,-1,-1,-1,-1,-1,-1,0,-1
2024421431005,2024,421431005,1,97,0,-1,19,6,2,-1,5,0,0,0,0,0,1,1,-1,9,1,20,4,-1,-1,-1,-1,4,E01021850,0,1
2024302400566,2024,302400566,2,-1,0,18,19,2,6,0,0,2,0,0,0,0,1,1,6,6,1,16,4,-1,-1,-1,-1,-1,-1,1,-1
2024010532218,2024,010532218,1,1,9,99,99,9,9,99,99,9,9,99,9,99,2,1,2,2,2,44,7,-1,-1,-1,-1,9,E01000717,0,1
2024461412769,2024,461412769,1,9,0,-1,5,1,5,-1,0,0,0,0,0,0,1,9,-1,6,3,24,5,-1,-1,-1,-1,1,E01024612,0,1
2024010527721,2024,010527721,1,1,9,99,99,9,9,99,99,9,9,99,9,99,9,1,6,6,1,18,4,-1,-1,-1,-1,2,E01001550,0,1
2024010522593,2024,010522593,2,1,0,3,3,7,3,9,9,1,0,0,0,0,1,1,6,6,2,66,10,-1,-1,-1,-1,2,E01033702,0,1
2024010518090,2024,010518090,2,1,9,99,99,9,9,99,99,9,9,8,9,99,9,1,2,2,1,36,7,-1,-1,-1,-1,3,E01000640,0,1
2024332400685,2024,332400685,4,9,0,-1,11,1,5,-1,0,8,0,0,0,0,0,1,-1,6,3,-1,-1,-1,-1,-1,-1,-1,-1,0,-1
202417S206924,2024,17S206924,2,1,0,-1,19,7,3,-1,0,6,0,0,0,0,1,1,-1,9,1,12,3,-1,-1,-1,-1,1,E01012245,0,1
2024010526377,2024,010526377,2,1,0,18,19,3,7,9,9,1,0,0,0,0,1,1,6,6,1,55,8,-1,-1,-1,-1,2,E01003330,0,3
2024522401600,2024,522401600,2,9,0,18,19,2,6,0,0,1,0,0,0,0,1,1,6,6,3,-1,-1,-1,-1,-1,-1,-1,-1,0,-1
2024010491229,2024,010491229,1,1,9,99,99,9,9,99,99,9,9,99,9,99,9,1,6,6,1,36,7,-1,-1,-1,-1,2,E01035692,0,1
2024041521881,2024,041521881,1,9,0,-1,19,-1,-1,-1,0,0,0,0,0,0,-1,9,-1,6,3,-1,-1,-1,-1,-1,-1,-1,-1,0,-1
2024131504293,2024,131504293,1,9,0,-1,9,4,8,-1,0,0,0,0,0,0,3,1,-1,1,1,47,8,-1,-1,-1,-1,2,E01032923,0,4
2024991400583,2024,991400583,1,9,0,-1,19,7,3,-1,0,0,2,0,2,10,3,1,-1,9,1,63,9,-1,-1,-1,-1,7,-1,0,4
2024221442650,2024,221442650,2,1,0,-1,19,1,6,-1,0,8,0,0,0,0,4,1,-1,9,1,62,9,-1,-1,-1,-1,7,E01033527,0,2
2024520402588,2024,520402588,2,9,0,5,5,2,6,0,0,8,0,0,0,0,1,1,6,6,1,36,7,-1,-1,-1,-1,6,E01029219,0,1
2024010495675,2024,010495675,2,3,0,14,14,6,2,0,0,0,1,0,0,0,4,1,2,2,1,36,7,-1,-1,-1,-1,3,E01035710,0,3
2024010538040,2024,010538040,1,90,0,18,19,7,3,4,4,2,5,0,0,0,1,1,6,6,3,-1,-1,-1,-1,-1,-1,-1,-1,0,-1
2024010507278,2024,010507278,2,22,0,18,19,1,5,0,0,0,0,0,0,0,3,1,6,6,2,60,9,-1,-1,-1,-1,4,E01002103,0,1
2024101416904,2024,101416904,1,9,0,-1,5,5,1,-1,0,0,0,0,0,0,1,1,-1,1,1,40,7,-1,-1,-1,-1,-1,-1,0,-1
2024070237924,2024,070237924,2,9,0,4,4,6,8,0,0,1,0,0,0,0,2,1,6,6,1,40,7,-1,-1,-1,-1,3,E01012369,0,1
2024010498656,2024,010498656,1,9,9,99,99,9,9,99,99,9,9,99,9,99,2,9,6,6,1,21,5,-1,-1,-1,-1,2,E01003546,0,1
2024547986424,2024,547986424,1,9,0,18,19,1,5,0,0,4,0,0,0,0,1,1,6,6,3,-1,-1,-1,-1,-1,-1,-1,-1,0,-1
2024421499699,2024,421499699,3,9,0,-1,19,1,5,-1,0,0,0,0,0,0,3,1,-1,6,1,37,7,-1,-1,-1,-1,7,E01021702,0,1
2024010488671,2024,010488671,2,1,0,18,19,3,7,0,0,0,0,8,0,0,4,1,1,1,1,20,4,-1,-1,-1,-1,-1,-1,0,-1
2024061451191,2024,061451191,1,11,0,-1,19,3,7,-1,0,1,0,0,0,0,0,9,-1,1,1,52,8,-1,-1,-1,-1,1,E01005093,0,1
2024010518705,2024,010518705,2,1,0,12,12,1,5,0,0,4,0,0,0,0,4,1,6,6,2,51,8,-1,-1,-1,-1,4,E01002313,0,1
2024010496745,2024,010496745,2,9,0,99,99,9,9,99,99,6,9,99,9,99,1,9,6,6,3,-1,-1,-1,-1,-1,-1,5,E01016577,0,2
2024010491736,2024,010491736,1,3,0,18,19,6,2,2,2,1,0,0,0,0,1,1,2,2,1,65,9,-1,-1,-1,-1,-1,-1,0,-1
2024052402391,2024,052402391,1,19,0,1,1,8,4,0,0,1,0,0,0,0,2,1,6,6,3,-1,-1,-1,-1,-1,-1,-1,-1,0,-1
2024010508152,2024,010508152,1,1,9,99,99,9,9,99,99,9,9,99,9,99,9,1,2,2,2,33,6,-1,-1,-1,-1,4,E01000571,0,2
2024010492728,2024,010492728,1,9,0,99,99,9,9,99,99,9,9,99,9,99,2,9,2,2,2,42,7,-1,-1,-1,-1,10,E01023160,0,5
2024552400658,2024,552400658,2,9,0,18,19,8,4,0,0,0,0,0,0,0,1,1,2,2,1,31,6,-1,-1,-1,-1,8,E01017145,0,4
2024351398371,2024,351398371,2,1,0,-1,4,5,1,-1,0,8,0,0,0,0,1,1,-1,7,1,43,7,-1,-1,-1,-1,7,E01017989,0,1
2024545051624,2024,545051624,3,9,0,4,4,5,1,0,0,1,0,0,0,0,2,1,6,6,2,44,7,-1,-1,-1,-1,3,E01015503,0,4
2024010509850,2024,010509850,2,9,0,5,5,0,7,9,9,0,0,0,0,0,4,1,6,6,1,60,9,-1,-1,-1,-1,4,E01003074,0,1
2024531502487,2024,531502487,2,1,0,-1,2,6,2,-1,0,0,0,0,0,0,3,1,-1,7,1,17,4,-1,-1,-1,-1,8,E01022209,0,1
2024010490276,2024,010490276,2,8,0,6,6,5,5,2,2,0,0,0,0,0,1,1,6,6,1,52,8,-1,-1,-1,-1,3,E01004211,0,1
2024070563068,2024,070563068,1,1,0,9,9,3,2,0,0,8,0,0,0,0,3,1,6,6,1,28,6,-1,-1,-1,-1,8,E01018668,0,1
2024010519919,2024,010519919,2,3,0,13,13,9,9,99,99,0,9,99,9,99,1,1,6,6,3,-1,-1,-1,-1,-1,-1,-1,-1,0,-1
2024010499559,2024,010499559,2,1,0,13,13,5,1,0,0,0,0,0,0,0,1,1,6,6,1,33,6,-1,-1,-1,-1,7,E01003013,0,1
2024231462322,2024,231462322,2,9,0,-1,3,5,1,-1,0,0,0,0,0,0,2,1,-1,2,1,45,7,-1,-1,-1,-1,2,E01009997,0,4
2024201447568,2024,201447568,2,1,0,-1,19,4,8,-1,0,0,0,8,0,0,1,1,-1,2,1,24,5,-1,-1,-1,-1,2,E01009018,0,1
2024501449897,2024,501449897,1,9,0,-1,19,3,7,-1,0,1,1,0,0,0,1,1,-1,2,1,28,6,-1,-1,-1,-1,3,E01015096,0,1
2024141481728,2024,141481728,2,1,0,-1,5,7,3,-1,9,0,0,0,0,0,1,1,-1,6,1,-1,-1,-1,-1,-1,-1,1,E01008102,0,1
2024010535973,2024,010535973,2,1,0,18,19,3,7,0,0,8,1,0,0,0,4,1,6,6,1,54,8,-1,-1,-1,-1,7,E01003139,0,1
2024361415792,2024,361415792,1,9,-1,-1,-1,-1,-1,-1,-1,0,-1,-1,-1,0,-1,9,-1,6,1,-1,-1,-1,-1,-1,-1,-1,-1,0,-1
2024351452904,2024,351452904,1,9,0,-1,19,4,8,-1,0,1,0,0,0,0,1,9,-1,6,1,44,7,-1,-1,-1,-1,8,E01032996,0,4
2024340WN2662,2024,340WN2662,2,-1,0,-1,19,5,1,-1,0,3,0,0,0,0,4,1,-1,9,1,20,4,-1,-1,-1,-1,4,E01035418,1,1
2024440165416,2024,440165416,2,1,0,18,19,2,6,0,0,8,0,0,0,0,1,1,6,6,1,61,9,-1,-1,-1,-1,8,E01022765,0,1
2024461393694,2024,461393694,12,9,0,-1,4,4,8,-1,0,0,0,0,0,0,4,1,-1,9,2,52,8,-1,-1,-1,-1,8,E01016095,0,4
2024461435790,2024,461435790,1,9,0,-1,19,3,7,-1,0,0,0,0,0,0,1,1,-1,1,1,35,6,-1,-1,-1,-1,5,E01033091,0,2
2024161507216,2024,161507216,2,1,0,-1,19,1,5,-1,0,6,0,0,0,0,1,1,-1,6,1,15,3,-1,-1,-1,-1,-1,-1,0,-1
2024320064058,2024,320064058,1,9,0,-1,-1,6,8,0,0,0,2,0,2,0,4,1,-1,-1,1,28,6,-1,-1,-1,-1,6,E01026380,0,2
2024371492475,2024,371492475,1,9,0,-1,19,6,4,-1,0,0,0,0,0,0,1,1,-1,9,1,78,11,-1,-1,-1,-1,7,E01030038,0,2
2024052402495,2024,052402495,2,1,0,18,19,2,5,0,0,0,0,0,0,0,4,1,6,6,1,21,5,-1,-1,-1,-1,1,E01007087,0,1
2024531480798,2024,531480798,1,9,0,-1,6,6,2,-1,0,1,0,0,0,0,2,9,-1,6,3,-1,-1,-1,-1,-1,-1,-1,-1,0,-1
2024010531559,2024,010531559,1,1,9,99,99,9,9,99,99,9,9,99,9,99,1,1,6,6,1,49,8,-1,-1,-1,-1,4,E01004642,0,1
2024010529466,2024,010529466,3,9,0,2,2,0,0,9,9,0,0,0,0,0,3,1,6,6,3,-1,-1,-1,-1,-1,-1,-1,-1,0,-1
2024340WN3472,2024,340WN3472,1,99,0,-1,-1,0,0,-1,0,0,0,0,0,0,0,1,-1,1,3,-1,-1,-1,-1,-1,-1,-1,-1,0,-1
2024610012324,2024,610012324,2,4,0,18,19,4,8,0,0,1,0,0,0,0,1,1,6,6,1,27,6,-1,-1,-1,-1,5,W01001490,0,2
2024451452643,2024,451452643,1,90,0,-1,19,7,3,-1,0,0,0,0,0,0,1,2,-1,1,1,30,6,-1,-1,-1,-1,-1,-1,0,-1
2024101517180,2024,101517180,1,9,-1,-1,-1,-1,-1,-1,-1,-1,-1,-1,-1,0,1,9,-1,6,1,-1,-1,-1,-1,-1,-1,-1,-1,0,-1
2024421396505,2024,421396505,1,9,0,-1,19,3,7,-1,0,0,0,0,0,0,1,1,-1,2,2,88,11,-1,-1,-1,-1,5,E01015832,0,2