collision_index,collision_year,collision_ref_no,vehicle_reference,vehicle_type,towing_and_articulation,vehicle_manoeuvre_historic,vehicle_manoeuvre,vehicle_direction_from,vehicle_direction_to,vehicle_location_restricted_lane_historic,vehicle_location_restricted_lane,junction_location,skidding_and_overturning,hit_object_in_carriageway,vehicle_leaving_carriageway,hit_object_off_carriageway,first_point_of_impact,vehicle_left_hand_drive,journey_purpose_of_driver_historic,journey_purpose_of_driver,sex_of_driver,age_of_driver,age_band_of_driver,engine_capacity_cc,propulsion_code,age_of_vehicle,generic_make_model,driver_imd_decile,lsoa_of_driver,escooter_flag,driver_distance_banding
2024351455208,2024,351455208,2,9,-1,-1,-1,-1,-1,-1,-1,0,-1,-1,-1,0,-1,9,-1,1,2,40,7,-1,-1,-1,-1,6,E01015620,0,1
2024451467183,2024,451467183,2,98,-1,-1,-1,-1,-1,-1,-1,0,-1,-1,-1,0,-1,9,-1,1,1,63,9,-1,-1,-1,-1,-1,-1,0,-1
2024010518053,2024,010518053,1,19,0,99,99,9,9,99,99,5,9,99,9,99,1,9,6,6,3,-1,-1,-1,-1,-1,-1,3,E01004060,0,1
202417M109524,2024,17M109524,2,9,0,-1,9,5,2,-1,0,8,0,0,0,0,1,1,-1,6,2,-1,-1,-1,-1,-1,-1,-1,-1,0,-1
2024131435773,2024,131435773,2,23,0,-1,19,8,4,-1,0,2,0,0,0,0,1,1,-1,6,1,32,6,-1,-1,-1,-1,-1,-1,0,-1
2024991439631,2024,991439631,2,1,0,-1,19,2,7,-1,0,1,0,0,0,0,4,1,-1,9,1,52,8,-1,-1,-1,-1,-1,-1,0,-1
2024440327729,2024,440327729,1,1,0,18,19,1,5,0,0,8,0,0,0,0,1,1,2,2,1,19,4,-1,-1,-1,-1,2,E01017219,0,1
2024440309468,2024,440309468,1,9,0,18,19,8,4,0,0,1,0,0,0,0,1,1,6,6,2,38,7,-1,-1,-1,-1,1,E01017130,0,1
2024211427878,2024,211427878,2,3,0,-1,19,5,1,-1,0,3,1,10,0,0,1,1,-1,6,1,50,8,-1,-1,-1,-1,-1,-1,0,-1
2024201532186,2024,201532186,2,1,0,-1,19,8,4,-1,0,8,0,0,0,0,4,1,-1,6,1,48,8,-1,-1,-1,-1,4,E01009394,0,1
2024991483445,2024,991483445,1,9,0,-1,19,1,5,-1,0,0,0,0,0,0,1,1,-1,9,1,64,9,-1,-1,-1,-1,6,-1,0,1
2024010546088,2024,010546088,1,9,0,3,3,3,7,0,0,2,0,0,0,0,3,1,6,6,1,33,6,-1,-1,-1,-1,9,E01033956,0,4
2024010496775,2024,010496775,3,1,0,18,19,1,5,0,0,1,0,0,0,0,1,1,6,6,1,39,7,-1,-1,-1,-1,2,E01003912,0,1
2024201531712,2024,201531712,2,1,0,-1,19,1,1,-1,0,0,0,0,0,0,2,1,-1,2,1,25,5,-1,-1,-1,-1,5,E01010339,0,1
2024161397637,2024,161397637,3,9,0,-1,3,7,3,-1,0,1,0,0,0,0,-1,9,-1,6,1,20,4,-1,-1,-1,-1,-1,-1,0,-1
2024421531934,2024,421531934,1,98,-1,-1,19,5,1,-1,0,0,0,0,0,0,1,9,-1,6,3,-1,-1,-1,-1,-1,-1,-1,-1,0,-1
2024451473605,2024,451473605,2,9,0,-1,4,1,5,-1,0,0,0,0,0,0,3,1,-1,9,1,32,6,-1,-1,-1,-1,10,E01030680,0,1
2024531530924,2024,531530924,1,9,0,-1,5,7,5,-1,0,0,0,0,0,0,1,1,-1,6,1,72,10,-1,-1,-1,-1,9,E01022453,0,1
2024501410132,2024,501410132,2,1,0,-1,19,3,7,-1,9,1,0,0,0,0,3,1,-1,6,1,15,3,-1,-1,-1,-1,3,E01015063,0,2
2024552500077,2024,552500077,2,99,0,18,19,7,3,0,0,6,0,0,0,0,1,1,6,6,3,-1,-1,-1,-1,-1,-1,-1,-1,0,-1
2024361469908,2024,361469908,1,1,0,-1,7,5,7,-1,0,2,0,0,0,0,1,1,-1,6,1,10,2,-1,-1,-1,-1,3,E01026663,0,1
2024041498397,2024,041498397,2,1,0,-1,9,7,5,-1,0,0,0,0,0,0,2,1,-1,6,2,21,5,-1,-1,-1,-1,8,E01025602,0,1
2024010502038,2024,010502038,1,1,9,99,99,9,9,99,99,1,9,99,9,99,9,1,2,2,1,34,6,-1,-1,-1,-1,4,E01001354,0,1
2024552500037,2024,552500037,1,1,0,18,19,8,4,0,0,4,0,9,0,0,3,1,6,6,1,66,10,-1,-1,-1,-1,4,E01015328,0,1
2024010515349,2024,010515349,1,-1,9,99,99,9,9,9,9,0,9,99,0,0,9,9,6,6,3,-1,-1,-1,-1,-1,-1,-1,-1,1,-1
2024061420233,2024,061420233,1,9,0,-1,19,2,6,-1,0,1,0,0,0,0,4,9,-1,6,3,-1,-1,-1,-1,-1,-1,-1,-1,0,-1
2024010499643,2024,010499643,1,1,0,18,19,5,1,0,0,0,5,10,1,0,1,1,6,6,1,19,4,-1,-1,-1,-1,7,E01003419,0,1
2024010494482,2024,010494482,2,9,9,99,99,9,9,99,99,9,9,99,9,99,9,9,6,6,3,-1,-1,-1,-1,-1,-1,-1,-1,0,-1
2024101508318,2024,101508318,2,1,-1,-1,19,3,7,-1,9,0,0,0,0,0,1,1,-1,6,1,10,2,-1,-1,-1,-1,5,E01008582,0,1
2024340NN3772,2024,340NN3772,1,9,0,-1,19,5,1,-1,0,1,0,0,0,0,1,1,-1,6,1,-1,-1,-1,-1,-1,-1,-1,-1,0,-1
2024010496103,2024,010496103,1,3,0,99,99,9,9,99,99,9,9,99,9,99,9,1,6,6,1,42,7,-1,-1,-1,-1,2,E01001732,0,1
2024430182625,2024,430182625,1,9,0,9,9,3,1,0,0,8,0,0,0,0,3,1,6,6,1,50,8,-1,-1,-1,-1,-1,-1,0,-1
2024010519598,2024,010519598,3,1,0,18,19,3,7,0,0,8,5,0,0,0,4,1,6,6,1,45,7,-1,-1,-1,-1,6,E01033734,0,1
2024231410727,2024,231410727,2,9,0,-1,19,8,4,-1,0,0,0,0,0,0,1,1,-1,6,1,61,9,-1,-1,-1,-1,4,E01013689,0,4
2024421473779,2024,421473779,2,1,0,-1,7,1,2,-1,0,2,0,0,0,0,1,1,-1,2,1,26,6,-1,-1,-1,-1,1,E01015852,0,3
2024052400339,2024,052400339,1,-1,0,18,19,7,3,0,0,1,0,0,0,0,1,1,6,6,3,-1,-1,-1,-1,-1,-1,-1,-1,1,-1
2024101421274,2024,101421274,1,9,0,-1,7,5,1,-1,0,1,0,0,0,0,1,1,-1,9,2,24,5,-1,-1,-1,-1,7,E01008469,0,1
2024070659397,2024,070659397,2,1,0,18,19,1,7,0,0,3,0,0,0,0,4,1,2,2,1,54,8,-1,-1,-1,-1,7,E01018338,0,2
2024320624307,2024,320624307,1,9,0,-1,-1,6,2,0,0,0,1,0,7,4,1,1,6,6,1,18,4,-1,-1,-1,-1,6,E01013323,0,3
2024141512471,2024,141512471,2,98,0,-1,4,4,8,-1,0,0,0,0,0,0,1,9,-1,6,1,-1,-1,-1,-1,-1,-1,-1,-1,0,-1
2024201484197,2024,201484197,1,9,0,-1,5,8,4,-1,0,2,0,0,0,0,1,9,-1,6,3,-1,-1,-1,-1,-1,-1,-1,-1,0,-1
2024010496898,2024,010496898,1,9,0,18,19,1,5,9,9,2,0,10,7,4,1,1,6,6,1,43,7,-1,-1,-1,-1,6,E01003435,0,1
2024351427919,2024,351427919,2,1,0,-1,19,6,2,-1,0,8,0,0,0,0,4,1,-1,6,1,17,4,-1,-1,-1,-1,3,E01018093,0,1
2024061413492,2024,061413492,2,1,0,-1,19,3,7,-1,0,1,0,0,0,0,3,1,-1,6,2,28,6,-1,-1,-1,-1,5,E01005305,0,1
2024610004624,2024,610004624,2,9,0,3,3,3,7,0,0,1,0,0,0,0,2,1,6,6,2,-1,-1,-1,-1,-1,-1,-1,-1,0,-1
2024351512963,2024,351512963,1,9,-1,-1,-1,-1,-1,-1,-1,0,-1,-1,-1,0,1,9,-1,6,1,17,4,-1,-1,-1,-1,8,E01018236,0,1
2024440378563,2024,440378563,2,19,0,4,4,1,5,0,0,2,0,0,0,0,1,1,1,1,3,-1,-1,-1,-1,-1,-1,-1,-1,0,-1
2024302400127,2024,302400127,1,9,0,18,19,3,7,0,0,8,0,0,0,0,1,1,6,6,3,-1,-1,-1,-1,-1,-1,5,E01019456,0,1
2024041551066,2024,041551066,2,1,0,-1,19,5,1,-1,0,8,5,0,0,0,2,1,-1,2,1,18,4,-1,-1,-1,-1,6,E01025421,0,1
2024430172704,2024,430172704,1,9,0,18,19,8,4,0,0,0,0,0,0,0,1,1,6,6,3,-1,-1,-1,-1,-1,-1,-1,-1,0,-1
2024451453598,2024,451453598,1,1,0,-1,19,8,4,-1,0,0,0,0,0,0,4,1,-1,9,1,45,7,-1,-1,-1,-1,10,E01030923,0,3
2024010490790,2024,010490790,2,9,0,13,13,5,1,0,0,7,0,0,0,0,1,1,2,2,2,40,7,-1,-1,-1,-1,2,E01000604,0,1
2024201532421,2024,201532421,2,9,0,-1,8,3,4,-1,0,2,0,0,0,0,2,1,-1,9,2,43,7,-1,-1,-1,-1,6,E01010359,0,2
2024461425153,2024,461425153,1,99,0,-1,11,3,7,-1,0,0,0,0,0,0,0,9,-1,6,3,-1,-1,-1,-1,-1,-1,-1,-1,0,-1
2024991415945,2024,991415945,2,21,1,-1,9,7,5,-1,0,1,0,0,0,0,1,1,-1,1,1,31,6,-1,-1,-1,-1,-1,-1,0,-1
2024131485636,2024,131485636,1,9,0,-1,19,1,5,-1,0,8,0,0,1,0,1,1,-1,9,1,27,6,-1,-1,-1,-1,2,E01033689,0,3
2024010522059,2024,010522059,2,2,0,13,13,7,3,0,0,1,5,1,7,0,1,1,6,6,1,43,7,-1,-1,-1,-1,5,E01001389,0,2
2024991491251,2024,991491251,2,9,0,-1,19,2,6,-1,0,0,2,0,0,0,2,1,-1,9,2,54,8,-1,-1,-1,-1,4,-1,0,1
2024501483943,2024,501483943,3,9,0,-1,19,6,2,-1,0,0,0,0,0,0,0,9,-1,6,3,-1,-1,-1,-1,-1,-1,-1,-1,0,-1
2024340NN2372,2024,340NN2372,1,8,0,-1,19,1,5,-1,0,6,0,0,0,0,1,1,-1,2,1,65,9,-1,-1,-1,-1,9,E01027094,0,3
2024302401195,2024,302401195,2,9,0,2,2,0,0,0,0,1,0,0,0,0,0,1,6,6,3,-1,-1,-1,-1,-1,-1,5,E01019456,0,4
2024201511727,2024,201511727,1,9,0,-1,15,1,5,-1,0,1,0,0,0,0,1,9,-1,6,1,20,4,-1,-1,-1,-1,-1,-1,0,-1
2024430144637,2024,430144637,1,9,0,18,19,9,9,0,0,0,0,0,0,0,1,1,6,6,1,-1,-1,-1,-1,-1,-1,-1,-1,0,-1
2024471507531,2024,471507531,2,98,0,-1,9,3,5,-1,0,1,0,0,0,0,0,9,-1,1,1,-1,-1,-1,-1,-1,-1,-1,-1,0,-1
2024520401233,2024,520401233,2,9,0,5,5,7,3,0,0,7,0,0,7,3,1,1,6,6,2,81,11,-1,-1,-1,-1,5,E01029167,0,3
2024010535252,2024,010535252,1,11,0,99,99,9,9,99,99,9,9,99,9,99,0,9,6,6,3,-1,-1,-1,-1,-1,-1,-1,-1,0,-1
2024010492404,2024,010492404,1,9,0,10,10,5,3,0,0,2,0,0,0,0,0,1,3,7,2,54,8,-1,-1,-1,-1,9,E01000412,0,1
2024430335204,2024,430335204,1,5,0,18,19,4,1,0,0,8,1,0,1,1,1,1,6,6,1,32,6,-1,-1,-1,-1,9,E01017830,0,1
2024052400907,2024,052400907,1,9,0,5,5,4,1,0,0,4,0,0,0,0,3,1,6,6,3,-1,-1,-1,-1,-1,-1,-1,-1,0,-1
2024111522553,2024,111522553,1,8,0,-1,19,8,4,-1,0,0,0,0,0,0,1,1,-1,1,1,58,9,-1,-1,-1,-1,7,E01020731,0,3
2024010516902,2024,010516902,1,9,0,18,19,3,7,0,0,8,0,0,0,0,2,1,6,6,2,40,7,-1,-1,-1,-1,5,E01004661,0,1
2024440234510,2024,440234510,2,-1,0,18,19,3,7,0,0,0,0,0,0,0,1,1,6,6,2,24,5,-1,-1,-1,-1,3,E01017105,1,1
2024070990648,2024,070990648,2,1,0,-1,19,7,3,-1,0,8,0,0,0,0,3,1,-1,9,1,61,9,-1,-1,-1,-1,2,E01033300,0,1
202460Q090546,2024,60Q090546,1,8,0,18,19,8,4,0,0,0,0,0,0,0,0,1,1,1,1,45,7,-1,-1,-1,-1,-1,-1,0,-1
2024430367388,2024,430367388,1,9,0,18,19,3,7,0,0,4,0,0,0,0,1,1,6,6,1,-1,-1,-1,-1,-1,-1,-1,-1,0,-1
2024991506752,2024,991506752,2,9,0,-1,19,8,4,-1,0,0,0,0,0,0,4,1,-1,1,1,18,4,-1,-1,-1,-1,7,-1,0,3
2024131431296,2024,131431296,1,9,0,-1,-1,-1,-1,-1,-1,0,-1,-1,-1,-1,-1,1,-1,6,3,30,6,-1,-1,-1,-1,-1,-1,0,-1
2024501488495,2024,501488495,2,1,0,-1,19,8,4,-1,0,8,0,0,0,0,9,1,-1,6,1,52,8,-1,-1,-1,-1,7,E01019996,0,1
2024010547151,2024,010547151,1,9,0,9,9,3,1,0,0,6,0,10,4,6,1,1,6,6,1,34,6,-1,-1,-1,-1,2,E01003921,0,1
2024070978824,2024,070978824,2,11,0,-1,19,3,7,-1,0,1,0,0,0,0,1,1,-1,1,1,67,10,-1,-1,-1,-1,8,E01012495,0,1
2024131514454,2024,131514454,1,9,0,-1,-1,-1,-1,-1,-1,-1,-1,-1,-1,-1,-1,1,-1,6,3,-1,-1,-1,-1,-1,-1,-1,-1,0,-1
2024411404254,2024,411404254,3,9,0,-1,19,1,5,-1,0,0,0,0,0,0,2,1,-1,9,2,44,7,-1,-1,-1,-1,7,E01018269,0,3
2024411439725,2024,411439725,2,9,0,-1,4,5,3,-1,0,1,1,0,0,0,2,9,-1,2,1,30,6,-1,-1,-1,-1,4,E01015711,0,2
2024010492196,2024,010492196,2,1,0,9,9,2,8,0,0,5,0,0,0,0,3,1,2,2,1,60,9,-1,-1,-1,-1,9,E01035488,0,1
202454E493324,2024,54E493324,2,1,0,9,9,5,3,0,0,8,0,0,0,0,4,1,1,1,1,53,8,-1,-1,-1,-1,9,E01032005,0,1
2024010514828,2024,010514828,2,1,0,15,15,7,3,0,0,1,0,0,0,0,3,1,6,6,1,30,6,-1,-1,-1,-1,3,E01003088,0,2
2024471465115,2024,471465115,2,9,0,-1,19,3,7,-1,0,0,0,0,0,0,1,1,-1,1,1,31,6,-1,-1,-1,-1,3,E01020928,0,1
2024052401311,2024,052401311,1,9,0,18,19,7,3,0,0,1,0,0,0,0,1,1,6,6,1,-1,-1,-1,-1,-1,-1,-1,-1,0,-1
2024320303926,2024,320303926,1,19,0,-1,-1,3,7,0,0,0,0,0,7,0,1,2,-1,-1,1,42,7,-1,-1,-1,-1,-1,-1,0,-1
2024311531779,2024,311531779,2,1,0,-1,9,6,4,-1,0,1,0,0,0,0,1,1,-1,6,1,68,10,-1,-1,-1,-1,6,E01028312,0,1
2024552500126,2024,552500126,1,9,0,18,19,7,3,0,0,8,0,0,0,0,1,1,6,6,3,-1,-1,-1,-1,-1,-1,-1,-1,0,-1
2024010494089,2024,010494089,1,9,0,18,19,5,1,0,0,2,1,0,1,11,4,1,6,6,1,24,5,-1,-1,-1,-1,9,E01000696,0,2
2024041401825,2024,041401825,1,9,0,-1,19,5,1,-1,0,4,0,0,0,0,0,9,-1,6,3,-1,-1,-1,-1,-1,-1,-1,-1,0,-1
2024061454128,2024,061454128,2,1,-1,-1,19,6,2,-1,4,1,0,0,0,0,4,1,-1,6,1,45,7,-1,-1,-1,-1,6,E01006389,0,1
2024545901924,2024,545901924,1,19,0,18,19,2,6,0,0,0,1,0,1,4,1,1,1,1,1,60,9,-1,-1,-1,-1,3,E01032751,0,4
2024430285623,2024,430285623,1,1,0,18,19,4,8,4,4,8,0,0,0,0,1,1,2,2,1,43,7,-1,-1,-1,-1,6,E01016374,0,1
2024201450401,2024,201450401,1,90,0,-1,19,8,3,-1,0,8,1,0,0,0,4,9,-1,6,-1,-1,-1,-1,-1,-1,-1,-1,-1,0,-1
2024061491694,2024,061491694,2,9,0,-1,19,7,3,-1,0,1,0,0,0,0,4,1,-1,6,1,47,8,-1,-1,-1,-1,2,E01005504,0,2
2024010534069,2024,010534069,2,9,0,2,2,0,0,0,0,0,0,0,0,0,1,1,6,6,3,-1,-1,-1,-1,-1,-1,-1,-1,0,-1
2024010527253,2024,010527253,2,11,0,18,19,2,6,0,0,1,0,0,0,0,2,1,6,6,3,-1,-1,-1,-1,-1,-1,-1,-1,0,-1
2024546090524,2024,546090524,1,9,0,18,19,6,2,0,0,0,0,0,0,0,1,1,6,6,1,30,6,-1,-1,-1,-1,5,E01035282,0,5
2024440090634,2024,440090634,1,9,0,18,19,4,8,0,0,0,0,0,0,0,1,1,6,6,3,-1,-1,-1,-1,-1,-1,-1,-1,0,-1
2024311435104,2024,311435104,1,8,0,-1,19,1,5,-1,0,0,0,0,0,0,-1,1,-1,1,1,-1,-1,-1,-1,-1,-1,-1,-1,0,-1
2024052402733,2024,052402733,1,1,0,18,19,1,5,0,0,1,0,0,0,0,1,1,4,7,1,15,3,-1,-1,-1,-1,6,E01007194,0,1
2024622400329,2024,622400329,2,9,0,10,10,3,7,0,0,1,0,0,0,0,2,1,6,6,1,70,10,-1,-1,-1,-1,6,W01002002,0,5
2024302401007,2024,302401007,2,-1,0,18,19,2,6,0,0,0,0,0,0,0,1,1,6,6,3,-1,-1,-1,-1,-1,-1,5,E01019456,1,4
2024411420120,2024,411420120,1,19,4,-1,19,1,5,-1,0,8,0,0,0,0,1,1,-1,1,1,43,7,-1,-1,-1,-1,9,E01023509,0,1
2024371417933,2024,371417933,1,9,0,-1,9,7,4,-1,0,8,0,0,0,0,3,1,-1,1,1,39,7,-1,-1,-1,-1,2,E01030023,0,1
2024070173902,2024,070173902,1,9,0,5,5,5,7,0,0,1,0,0,0,0,1,1,2,2,2,58,9,-1,-1,-1,-1,5,E01012542,0,1
2024061441776,2024,061441776,2,1,0,-1,7,1,5,-1,0,1,0,0,0,0,3,1,-1,9,1,47,8,-1,-1,-1,-1,2,E01005603,0,1
2024061412267,2024,061412267,2,1,-1,-1,-1,-1,-1,-1,-1,0,-1,-1,-1,0,-1,1,-1,6,3,-1,-1,-1,-1,-1,-1,-1,-1,0,-1
2024501506088,2024,501506088,2,16,0,-1,19,5,5,-1,0,0,0,0,0,0,0,1,-1,9,2,47,8,-1,-1,-1,-1,4,E01020309,0,2
2024052400500,2024,052400500,2,9,0,18,19,5,1,0,0,1,0,0,0,0,1,1,2,2,1,40,7,-1,-1,-1,-1,8,E01012473,0,3
2024371498000,2024,371498000,1,9,0,-1,19,3,7,-1,0,1,0,0,0,0,3,1,-1,9,1,24,5,-1,-1,-1,-1,10,E01033444,0,1
2024991485787,2024,991485787,2,9,0,-1,19,7,3,-1,0,0,0,0,0,0,4,1,-1,9,1,70,10,-1,-1,-1,-1,4,-1,0,3
2024201461607,2024,201461607,2,1,0,-1,5,2,6,-1,0,1,0,0,0,0,4,1,-1,6,2,17,4,-1,-1,-1,-1,7,E01009793,0,1
2024411522143,2024,411522143,1,9,0,-1,19,1,5,-1,0,0,0,0,0,0,1,9,-1,6,1,-1,-1,-1,-1,-1,-1,-1,-1,0,-1
2024340NN0312,2024,340NN0312,2,1,0,-1,19,7,3,-1,0,8,5,0,0,0,3,1,-1,6,1,45,7,-1,-1,-1,-1,6,E01027062,0,1
2024520401149,2024,520401149,1,9,0,18,19,1,4,0,0,8,0,0,0,0,4,1,6,6,1,45,7,-1,-1,-1,-1,8,E01029256,0,2
2024440245769,2024,440245769,2,1,0,15,15,4,8,0,0,0,0,0,0,0,1,1,2,2,1,29,6,-1,-1,-1,-1,4,E01017198,0,2
2024010519263,2024,010519263,1,1,9,99,99,9,9,99,99,9,9,99,9,99,9,1,2,2,1,32,6,-1,-1,-1,-1,4,E01004019,0,1
2024411409763,2024,411409763,1,9,0,-1,19,8,4,-1,0,0,0,0,0,0,1,1,-1,6,1,38,7,-1,-1,-1,-1,2,E01033801,0,3
2024520000561,2024,520000561,2,9,0,18,19,2,6,0,0,0,0,0,0,0,1,1,6,6,3,-1,-1,-1,-1,-1,-1,-1,-1,0,-1
2024991510583,2024,991510583,2,9,0,-1,10,4,1,-1,0,4,0,0,0,0,2,1,-1,8,2,42,7,-1,-1,-1,-1,2,-1,0,1
2024461480653,2024,461480653,2,-1,0,-1,19,3,7,-1,0,0,0,0,0,0,1,1,-1,9,1,12,3,-1,-1,-1,-1,6,E01024136,1,4
2024211527954,2024,211527954,2,2,0,-1,19,5,1,-1,0,1,0,0,0,0,1,1,-1,6,1,43,7,-1,-1,-1,-1,7,E01010518,0,2
2024101463466,2024,101463466,1,1,0,-1,19,5,1,-1,0,1,0,0,0,0,1,1,-1,6,1,52,8,-1,-1,-1,-1,9,E01008448,0,2
2024061397707,2024,061397707,2,1,0,-1,19,3,7,-1,0,8,0,0,0,0,1,1,-1,2,1,49,8,-1,-1,-1,-1,9,E01006140,0,1
2024010493629,2024,010493629,2,1,9,99,99,8,4,99,99,9,9,99,9,99,1,1,6,6,1,-1,-1,-1,-1,-1,-1,5,E01033885,0,1
2024440226613,2024,440226613,1,9,0,9,9,8,6,0,0,6,0,0,0,0,1,1,6,6,1,85,11,-1,-1,-1,-1,8,E01022955,0,1
2024501530221,2024,501530221,2,19,0,-1,2,0,0,-1,0,2,0,0,0,0,1,1,-1,6,-1,-1,-1,-1,-1,-1,-1,-1,-1,0,-1
2024552401225,2024,552401225,1,19,0,2,2,0,0,0,0,0,0,0,0,0,3,1,6,6,3,-1,-1,-1,-1,-1,-1,-1,-1,0,-1
2024461401616,2024,461401616,2,9,0,-1,19,2,6,-1,0,8,0,0,0,0,1,9,-1,9,1,22,5,-1,-1,-1,-1,10,E01024329,0,1
2024522401123,2024,522401123,1,9,0,18,19,1,5,0,0,0,0,0,0,0,3,1,6,6,1,35,6,-1,-1,-1,-1,3,E01029093,0,4
2024411535047,2024,411535047,1,99,-1,-1,-1,-1,-1,-1,-1,0,-1,-1,-1,0,-1,9,-1,6,3,-1,-1,-1,-1,-1,-1,-1,-1,0,-1
2024010521491,2024,010521491,1,9,0,2,2,0,0,0,0,0,0,0,0,0,4,1,6,6,3,-1,-1,-1,-1,-1,-1,-1,-1,0,-1
2024201524397,2024,201524397,6,9,0,-1,2,0,0,-1,0,0,0,0,0,0,4,1,-1,6,-1,-1,-1,-1,-1,-1,-1,-1,-1,0,-1
2024010551849,2024,010551849,1,1,9,99,99,9,9,99,99,9,9,99,9,99,1,1,6,6,2,37,7,-1,-1,-1,-1,3,E01034192,0,1
2024010508847,2024,010508847,2,3,0,18,19,5,1,0,0,9,0,99,0,0,1,1,6,6,3,-1,-1,-1,-1,-1,-1,-1,-1,0,-1
2024201472844,2024,201472844,1,9,0,-1,19,7,7,-1,0,4,0,0,0,0,3,1,-1,6,1,-1,-1,-1,-1,-1,-1,9,E01009461,0,1
2024371506603,2024,371506603,1,9,0,-1,19,8,1,-1,0,1,0,0,0,0,1,1,-1,1,1,49,8,-1,-1,-1,-1,2,E01030023,0,1
2024311409094,2024,311409094,1,9,0,-1,13,5,1,-1,0,1,0,0,0,0,4,9,-1,6,3,50,8,-1,-1,-1,-1,-1,-1,0,-1
2024010490960,2024,010490960,1,9,0,18,19,7,3,0,0,2,0,0,0,0,1,1,6,6,2,70,10,-1,-1,-1,-1,8,E01024268,0,3
2024201407072,2024,201407072,1,9,0,-1,19,4,8,-1,0,4,0,0,0,0,1,9,-1,6,3,18,4,-1,-1,-1,-1,-1,-1,0,-1
2024010496097,2024,010496097,1,9,0,99,99,9,9,99,99,9,9,99,9,99,9,9,6,6,1,22,5,-1,-1,-1,-1,4,E01003782,0,1
2024221516330,2024,221516330,2,9,0,-1,19,5,1,-1,0,0,0,0,0,0,1,1,-1,6,1,91,11,-1,-1,-1,-1,4,E01028867,0,1
2024421436686,2024,421436686,2,1,0,-1,5,7,7,-1,0,0,0,0,0,0,2,1,-1,9,1,27,6,-1,-1,-1,-1,6,E01021683,0,1
2024311536722,2024,311536722,1,9,0,-1,19,2,6,-1,0,0,0,0,0,0,1,1,-1,6,3,-1,-1,-1,-1,-1,-1,-1,-1,0,-1
2024471490987,2024,471490987,1,1,0,-1,19,2,6,-1,0,0,5,0,1,0,3,1,-1,6,1,15,3,-1,-1,-1,-1,8,E01021027,0,4
2024201436040,2024,201436040,2,1,0,-1,8,1,3,-1,0,3,0,0,0,0,4,1,-1,6,1,33,6,-1,-1,-1,-1,1,E01010311,0,1
2024041519335,2024,041519335,1,1,0,-1,-1,-1,-1,-1,-1,-1,-1,-1,-1,0,-1,1,-1,6,3,-1,-1,-1,-1,-1,-1,-1,-1,0,-1
2024041525930,2024,041525930,2,1,0,-1,19,3,7,-1,0,0,0,0,0,0,3,1,-1,2,1,48,8,-1,-1,-1,-1,3,E01012588,0,1
2024052402305,2024,052402305,1,9,0,18,19,4,7,0,0,1,0,0,0,0,1,1,6,6,3,-1,-1,-1,-1,-1,-1,-1,-1,0,-1
2024010488177,2024,010488177,3,9,0,99,99,9,9,99,99,9,9,99,9,99,2,9,6,6,3,-1,-1,-1,-1,-1,-1,-1,-1,0,-1
2024010500225,2024,010500225,2,9,4,99,99,9,9,99,99,9,9,99,9,99,2,9,6,6,3,-1,-1,-1,-1,-1,-1,-1,-1,0,-1
2024010492425,2024,010492425,2,9,0,99,99,9,9,99,99,9,9,99,9,99,9,9,6,6,3,-1,-1,-1,-1,-1,-1,-1,-1,0,-1
2024101461403,2024,101461403,2,9,0,-1,19,4,8,-1,0,0,0,0,0,0,1,1,-1,9,1,18,4,-1,-1,-1,-1,10,E01033550,0,1
2024451496456,2024,451496456,1,1,0,-1,99,7,3,-1,99,4,1,0,0,0,9,1,-1,2,1,44,7,-1,-1,-1,-1,5,E01030974,0,1
2024501477113,2024,501477113,2,3,0,-1,14,7,3,-1,0,0,0,0,0,0,0,1,-1,6,3,-1,-1,-1,-1,-1,-1,-1,-1,0,-1
2024131524364,2024,131524364,2,23,0,-1,19,1,1,-1,0,2,0,0,0,0,4,1,-1,6,1,35,6,-1,-1,-1,-1,1,E01011235,0,1
2024010488063,2024,010488063,2,9,9,18,19,7,3,0,0,0,0,0,0,0,3,9,6,6,3,-1,-1,-1,-1,-1,-1,-1,-1,0,-1
2024010551043,2024,010551043,1,9,0,99,99,9,9,99,99,9,9,99,9,99,9,9,6,6,2,60,9,-1,-1,-1,-1,8,E01001454,0,1
2024302400673,2024,302400673,2,9,0,4,4,5,1,0,0,0,0,0,0,0,2,-1,-1,-1,2,43,7,-1,-1,-1,-1,4,E01019529,0,1
2024201519896,2024,201519896,1,9,-1,-1,-1,-1,-1,-1,-1,0,-1,-1,-1,0,-1,9,-1,6,3,-1,-1,-1,-1,-1,-1,-1,-1,0,-1
2024010488610,2024,010488610,2,9,9,99,99,9,9,99,99,9,9,99,9,99,9,9,6,6,3,-1,-1,-1,-1,-1,-1,-1,-1,0,-1
2024451441964,2024,451441964,2,1,0,-1,5,1,5,-1,0,0,0,0,0,0,3,1,-1,2,2,37,7,-1,-1,-1,-1,6,E01030665,0,1
2024010525794,2024,010525794,2,9,0,18,19,9,9,99,99,9,9,99,9,99,9,9,6,6,2,36,7,-1,-1,-1,-1,4,E01003062,0,3
2024520400791,2024,520400791,2,9,0,18,19,1,5,0,0,0,0,0,0,0,3,1,6,6,1,80,11,-1,-1,-1,-1,6,E01029195,0,1
2024161452872,2024,161452872,3,19,0,-1,9,6,4,-1,0,1,0,0,0,0,0,9,-1,6,3,-1,-1,-1,-1,-1,-1,-1,-1,0,-1
2024041503840,2024,041503840,2,1,0,-1,19,1,5,-1,0,1,0,0,0,0,1,1,-1,6,1,18,4,-1,-1,-1,-1,4,E01025544,0,1
2024501510477,2024,501510477,2,9,0,-1,7,1,3,-1,0,8,0,0,0,0,1,1,-1,6,1,24,5,-1,-1,-1,-1,6,E01018821,0,1
2024131562421,2024,131562421,2,19,0,-1,-1,-1,-1,-1,-1,8,-1,-1,-1,0,-1,1,-1,6,3,-1,-1,-1,-1,-1,-1,-1,-1,0,-1
2024430602534,2024,430602534,2,1,0,18,19,3,7,0,0,4,0,0,0,0,2,1,2,2,1,41,7,-1,-1,-1,-1,8,E01032951,0,1
2024471453255,2024,471453255,2,9,0,-1,19,4,8,-1,0,1,0,0,0,0,1,1,-1,9,1,41,7,-1,-1,-1,-1,8,E01020948,0,1