collision_index,collision_year,collision_ref_no,vehicle_reference,vehicle_type,towing_and_articulation,vehicle_manoeuvre_historic,vehicle_manoeuvre,vehicle_direction_from,vehicle_direction_to,vehicle_location_restricted_lane_historic,vehicle_location_restricted_lane,junction_location,skidding_and_overturning,hit_object_in_carriageway,vehicle_leaving_carriageway,hit_object_off_carriageway,first_point_of_impact,vehicle_left_hand_drive,journey_purpose_of_driver_historic,journey_purpose_of_driver,sex_of_driver,age_of_driver,age_band_of_driver,engine_capacity_cc,propulsion_code,age_of_vehicle,generic_make_model,driver_imd_decile,lsoa_of_driver,escooter_flag,driver_distance_banding
2024010519631,2024,010519631,2,9,0,99,99,9,9,99,99,9,9,99,9,99,2,9,6,6,3,32,6,-1,-1,-1,-1,4,E01002704,0,2
2024231474722,2024,231474722,1,1,0,-1,19,5,7,-1,0,0,0,12,0,0,1,1,-1,2,1,52,8,-1,-1,-1,-1,10,E01031157,0,1
2024010530313,2024,010530313,1,1,9,99,99,9,9,99,99,9,9,99,9,99,1,1,2,2,2,26,6,-1,-1,-1,-1,6,E01002788,0,1
2024010540020,2024,010540020,2,1,9,99,99,9,9,99,99,0,9,99,9,99,1,1,6,6,1,-1,-1,-1,-1,-1,-1,-1,-1,0,-1
2024010527947,2024,010527947,1,9,0,99,99,9,9,99,99,9,9,99,9,99,1,9,6,6,3,-1,-1,-1,-1,-1,-1,-1,-1,0,-1
2024010531781,2024,010531781,1,1,9,99,99,9,9,99,99,9,9,99,9,99,1,1,6,6,1,53,8,-1,-1,-1,-1,6,E01001498,0,2
2024131520919,2024,131520919,1,4,0,-1,19,3,7,-1,0,3,1,0,3,2,4,1,-1,6,1,16,4,-1,-1,-1,-1,1,E01011122,0,1
2024131463754,2024,131463754,1,9,0,-1,9,7,1,-1,0,2,0,0,0,0,1,1,-1,7,1,33,6,-1,-1,-1,-1,2,E01011043,0,1
2024010495542,2024,010495542,1,9,0,99,99,9,9,99,99,9,9,99,9,99,2,9,6,6,3,-1,-1,-1,-1,-1,-1,-1,-1,0,-1
2024010520889,2024,010520889,1,1,9,99,99,9,9,99,99,9,9,99,9,99,1,1,6,6,3,-1,-1,-1,-1,-1,-1,2,E01033699,0,1
2024332400878,2024,332400878,2,9,0,-1,19,5,1,-1,0,6,0,0,1,9,1,1,-1,1,1,39,7,-1,-1,-1,-1,4,E01034016,0,2
2024010516683,2024,010516683,2,1,0,7,7,1,4,0,0,1,0,0,0,0,4,1,1,1,1,30,6,-1,-1,-1,-1,2,E01015738,0,4
202460Q137522,2024,60Q137522,2,9,0,18,19,8,4,0,0,1,0,0,0,0,1,1,2,2,1,67,10,-1,-1,-1,-1,-1,-1,0,-1
2024010531279,2024,010531279,1,1,9,99,99,9,9,99,99,9,9,8,9,99,1,1,6,6,1,28,6,-1,-1,-1,-1,5,E01000928,0,1
2024010493146,2024,010493146,2,3,0,18,19,5,1,0,0,1,0,0,0,0,1,1,6,6,1,30,6,-1,-1,-1,-1,3,E01000043,0,1
2024010495930,2024,010495930,2,9,0,99,99,9,9,99,99,9,9,99,9,99,1,9,6,6,3,-1,-1,-1,-1,-1,-1,-1,-1,0,-1
2024471444598,2024,471444598,2,1,0,-1,19,2,6,-1,0,1,0,0,0,0,1,1,-1,6,1,13,3,-1,-1,-1,-1,4,E01031573,0,1
2024991460632,2024,991460632,2,1,0,-1,3,8,4,-1,9,1,0,0,0,0,3,1,-1,2,1,55,8,-1,-1,-1,-1,6,-1,0,1
2024052400305,2024,052400305,1,9,0,5,5,4,8,0,0,0,0,0,0,0,1,1,6,6,1,39,7,-1,-1,-1,-1,9,E01004810,0,4
2024101416386,2024,101416386,1,9,0,-1,-1,-1,-1,-1,0,8,0,0,0,0,-1,9,-1,6,3,-1,-1,-1,-1,-1,-1,-1,-1,0,-1
2024520401815,2024,520401815,2,9,0,99,99,9,9,0,0,0,0,0,0,0,9,1,6,6,3,-1,-1,-1,-1,-1,-1,-1,-1,0,-1
2024131464205,2024,131464205,2,1,0,-1,19,1,5,-1,0,1,0,0,0,0,1,1,-1,6,1,44,7,-1,-1,-1,-1,9,E01011513,0,1
2024201495710,2024,201495710,1,9,0,-1,19,6,2,-1,0,6,0,10,7,0,1,9,-1,6,3,-1,-1,-1,-1,-1,-1,-1,-1,0,-1
2024351477657,2024,351477657,2,1,0,-1,2,7,3,-1,0,1,5,0,0,0,3,1,-1,2,1,29,6,-1,-1,-1,-1,8,E01035511,0,1
2024311522320,2024,311522320,1,9,0,-1,1,4,1,-1,9,5,0,0,0,0,2,1,-1,6,1,67,10,-1,-1,-1,-1,7,E01028193,0,1
2024010496433,2024,010496433,2,9,9,99,99,9,9,0,0,9,9,99,0,0,9,9,6,6,3,-1,-1,-1,-1,-1,-1,-1,-1,0,-1
2024010487995,2024,010487995,2,9,0,99,99,9,9,99,99,9,9,99,9,99,9,9,6,6,3,-1,-1,-1,-1,-1,-1,-1,-1,0,-1
2024041443264,2024,041443264,1,1,0,-1,19,5,1,-1,4,1,0,0,0,0,1,1,-1,9,1,62,9,-1,-1,-1,-1,3,E01025087,0,1
2024332400656,2024,332400656,2,9,0,-1,7,2,4,-1,0,5,0,0,0,0,4,1,-1,6,3,-1,-1,-1,-1,-1,-1,-1,-1,0,-1
2024161515971,2024,161515971,2,9,0,-1,5,5,3,-1,0,1,0,0,0,0,0,1,-1,6,3,-1,-1,-1,-1,-1,-1,-1,-1,0,-1
2024041493199,2024,041493199,2,1,0,-1,19,1,5,-1,0,0,0,0,0,0,2,1,-1,9,1,56,9,-1,-1,-1,-1,1,E01024895,0,1
2024010525475,2024,010525475,2,1,0,18,19,1,5,0,0,0,0,4,0,0,1,1,2,2,2,55,8,-1,-1,-1,-1,4,E01000488,0,1
2024501430517,2024,501430517,1,9,0,-1,4,7,3,-1,0,0,0,0,0,0,2,1,-1,6,1,73,10,-1,-1,-1,-1,7,E01020317,0,3
2024430110125,2024,430110125,1,1,0,18,19,4,8,0,0,8,0,0,0,0,4,1,6,6,1,47,8,-1,-1,-1,-1,6,E01016469,0,1
2024302400997,2024,302400997,1,9,0,5,5,1,3,0,0,4,0,0,0,0,1,1,6,6,2,-1,-1,-1,-1,-1,-1,8,E01019603,0,2
2024471507376,2024,471507376,2,9,0,-1,19,8,4,-1,0,1,0,0,0,0,1,1,-1,6,3,-1,-1,-1,-1,-1,-1,-1,-1,0,-1
2024061398057,2024,061398057,1,9,0,-1,19,3,7,-1,9,0,0,0,3,11,1,1,-1,9,1,25,5,-1,-1,-1,-1,8,E01004835,0,1
2024010535256,2024,010535256,1,9,9,99,99,9,9,99,99,0,9,99,9,99,9,9,6,6,2,56,9,-1,-1,-1,-1,7,E01000187,0,1
2024501533090,2024,501533090,1,9,0,-1,4,6,2,-1,0,0,0,0,0,0,2,1,-1,2,1,57,9,-1,-1,-1,-1,4,E01018913,0,4
2024440472899,2024,440472899,1,1,0,18,19,1,5,0,0,0,0,0,0,0,1,1,2,2,1,28,6,-1,-1,-1,-1,9,E01023181,0,1
2024201458717,2024,201458717,2,9,0,-1,5,6,1,-1,0,0,0,0,0,0,1,9,-1,6,3,-1,-1,-1,-1,-1,-1,-1,-1,0,-1
2024010547191,2024,010547191,2,9,0,99,99,9,9,99,99,9,9,99,9,99,1,9,6,6,2,-1,-1,-1,-1,-1,-1,7,E01004605,0,1
2024041510887,2024,041510887,1,98,0,-1,19,5,1,-1,0,0,0,0,0,0,1,9,-1,6,3,-1,-1,-1,-1,-1,-1,-1,-1,0,-1
2024010494937,2024,010494937,2,9,0,17,19,1,6,0,0,4,0,0,0,0,1,1,6,6,1,31,6,-1,-1,-1,-1,4,E01004416,0,1
2024430108330,2024,430108330,1,9,0,18,19,4,8,0,0,0,0,0,0,0,3,1,2,2,1,39,7,-1,-1,-1,-1,7,E01033961,0,2
2024010488784,2024,010488784,1,3,9,99,99,9,9,99,99,1,9,99,9,99,9,1,6,6,3,24,5,-1,-1,-1,-1,5,E01001659,0,1
2024221527792,2024,221527792,2,9,0,-1,19,2,7,-1,0,0,0,0,1,0,1,9,-1,6,1,58,9,-1,-1,-1,-1,4,E01028841,0,1
2024131533645,2024,131533645,2,11,0,-1,-1,-1,-1,-1,-1,0,-1,-1,-1,-1,-1,1,-1,1,1,58,9,-1,-1,-1,-1,5,E01010578,0,2
2024351504301,2024,351504301,1,9,0,-1,19,-1,-1,-1,0,1,0,0,0,0,9,9,-1,6,3,-1,-1,-1,-1,-1,-1,-1,-1,0,-1
2024340NN4752,2024,340NN4752,1,9,0,-1,9,5,3,-1,0,6,0,0,0,0,1,1,-1,6,2,45,7,-1,-1,-1,-1,-1,-1,0,-1
2024401451935,2024,401451935,2,1,0,-1,19,1,5,-1,0,8,0,0,0,0,1,1,-1,6,1,30,6,-1,-1,-1,-1,2,E01015698,0,1
2024010548014,2024,010548014,1,9,0,-1,-1,4,8,0,0,0,0,0,0,0,1,1,6,6,1,26,6,-1,-1,-1,-1,5,E01031743,0,4
2024061441776,2024,061441776,1,8,-1,-1,15,1,5,-1,0,1,0,0,0,0,4,9,-1,6,3,-1,-1,-1,-1,-1,-1,-1,-1,0,-1
2024061427629,2024,061427629,1,9,0,-1,3,-1,-1,-1,0,0,0,0,0,0,2,1,-1,9,2,50,8,-1,-1,-1,-1,1,E01006357,0,1
2024010536461,2024,010536461,1,1,9,99,99,9,9,99,99,9,9,99,9,99,9,1,2,2,2,37,7,-1,-1,-1,-1,9,E01030389,0,1
2024010489940,2024,010489940,1,9,0,9,9,1,8,0,0,8,0,0,0,0,0,1,6,6,2,56,9,-1,-1,-1,-1,3,E01003630,0,1
2024010525918,2024,010525918,1,23,0,18,19,7,3,0,0,0,5,0,0,0,1,1,6,6,1,34,6,-1,-1,-1,-1,-1,-1,0,-1
2024461509495,2024,461509495,2,1,0,-1,19,3,7,-1,0,8,0,0,0,0,2,1,-1,6,1,38,7,-1,-1,-1,-1,8,E01016122,0,1
2024010497171,2024,010497171,1,9,0,7,7,1,3,0,0,5,0,0,0,0,4,1,2,2,1,34,6,-1,-1,-1,-1,3,E01001969,0,1
2024211490311,2024,211490311,1,3,0,-1,19,1,2,-1,0,0,0,0,0,0,1,1,-1,2,1,28,6,-1,-1,-1,-1,4,E01014268,0,1
2024010533234,2024,010533234,2,9,0,99,99,9,9,99,99,9,9,99,9,99,9,9,6,6,1,76,11,-1,-1,-1,-1,9,E01000201,0,2
2024991503717,2024,991503717,3,9,0,-1,19,1,5,-1,0,1,0,4,0,0,1,1,-1,6,2,73,10,-1,-1,-1,-1,7,-1,0,4
2024522500075,2024,522500075,1,9,0,18,19,2,6,0,0,6,0,0,0,0,4,1,6,6,1,53,8,-1,-1,-1,-1,1,E01014655,0,1
2024461524887,2024,461524887,4,9,0,-1,19,2,6,-1,0,0,0,0,0,0,0,1,-1,1,1,69,10,-1,-1,-1,-1,4,E01024696,0,1
202417S410624,2024,17S410624,1,1,0,-1,9,2,8,-1,0,8,0,0,0,0,3,1,-1,9,1,19,4,-1,-1,-1,-1,5,E01012205,0,2
2024131529232,2024,131529232,2,23,0,-1,19,8,8,-1,0,1,0,11,0,0,1,1,-1,2,1,22,5,-1,-1,-1,-1,1,E01011677,0,1
2024501494271,2024,501494271,2,1,0,-1,19,3,7,-1,0,1,0,0,0,0,1,1,-1,6,1,49,8,-1,-1,-1,-1,7,E01020071,0,4
2024991526396,2024,991526396,1,90,0,-1,7,6,1,-1,0,1,0,0,0,0,1,1,-1,6,1,30,6,-1,-1,-1,-1,-1,-1,0,-1
2024010550361,2024,010550361,1,9,0,3,3,9,9,0,0,0,9,99,9,99,9,9,6,6,1,19,4,-1,-1,-1,-1,2,E01014926,0,5
2024111425159,2024,111425159,2,1,0,-1,19,5,1,-1,0,0,0,0,0,0,1,1,-1,9,1,20,4,-1,-1,-1,-1,-1,-1,0,-1
2024421471752,2024,421471752,1,1,0,-1,19,1,5,-1,0,6,0,0,0,0,2,1,-1,6,1,68,10,-1,-1,-1,-1,1,E01015852,0,1
2024430163383,2024,430163383,2,9,0,18,19,7,2,0,0,1,0,0,0,0,1,1,6,6,3,-1,-1,-1,-1,-1,-1,-1,-1,0,-1
2024031454087,2024,031454087,1,99,0,-1,4,8,2,-1,0,0,0,0,0,0,0,1,-1,1,1,50,8,-1,-1,-1,-1,-1,-1,0,-1
2024440037418,2024,440037418,2,9,0,16,19,1,4,0,0,0,1,0,7,0,1,1,2,2,1,45,7,-1,-1,-1,-1,10,E01017874,0,4
2024010549880,2024,010549880,1,1,9,99,99,9,9,99,99,9,9,99,9,99,9,1,6,6,1,72,10,-1,-1,-1,-1,6,E01003791,0,1
2024041405451,2024,041405451,3,9,0,-1,19,1,5,-1,0,1,0,0,0,0,4,1,-1,6,1,45,7,-1,-1,-1,-1,2,E01025075,0,1
2024131464640,2024,131464640,2,9,0,-1,19,3,7,-1,0,0,0,0,0,0,3,1,-1,2,1,51,8,-1,-1,-1,-1,6,E01011833,0,1
2024471485505,2024,471485505,2,22,0,-1,5,5,1,-1,0,1,0,4,0,0,2,1,-1,6,2,-1,-1,-1,-1,-1,-1,-1,-1,0,-1
2024522500412,2024,522500412,1,1,0,7,7,5,8,4,4,5,0,0,0,0,4,1,6,6,1,27,6,-1,-1,-1,-1,4,E01014650,0,1
2024010533604,2024,010533604,1,1,0,3,3,1,5,0,0,8,0,0,0,0,3,1,6,6,1,54,8,-1,-1,-1,-1,7,E01004018,0,1
2024061539301,2024,061539301,1,9,-1,-1,19,7,3,-1,-1,-1,-1,-1,-1,0,1,9,-1,6,3,30,6,-1,-1,-1,-1,-1,-1,0,-1
2024010506245,2024,010506245,1,1,0,18,19,1,5,4,4,2,0,0,1,0,0,1,6,6,1,54,8,-1,-1,-1,-1,3,E01034474,0,2
2024010494027,2024,010494027,2,9,0,18,19,7,3,0,0,8,0,0,0,0,1,1,6,6,3,-1,-1,-1,-1,-1,-1,-1,-1,0,-1
2024411457511,2024,411457511,2,1,-1,-1,-1,-1,-1,-1,-1,0,-1,-1,-1,0,-1,1,-1,6,1,19,4,-1,-1,-1,-1,5,E01035575,0,1
2024461446992,2024,461446992,2,1,0,-1,9,4,3,-1,9,0,0,0,0,0,4,1,-1,6,2,8,2,-1,-1,-1,-1,6,E01024790,0,1
2024010513750,2024,010513750,1,1,9,99,99,9,9,99,99,0,9,99,9,99,9,1,6,6,1,37,7,-1,-1,-1,-1,10,E01003869,0,1
202417L207824,2024,17L207824,1,19,0,-1,3,7,3,-1,0,1,0,0,0,0,2,1,-1,9,1,64,9,-1,-1,-1,-1,6,E01012178,0,2
2024302401113,2024,302401113,1,9,0,18,19,4,8,0,0,1,0,0,0,0,1,1,6,6,3,-1,-1,-1,-1,-1,-1,5,E01019456,0,3
2024041510094,2024,041510094,1,9,0,-1,19,2,6,-1,0,8,0,0,0,0,-1,9,-1,6,3,-1,-1,-1,-1,-1,-1,-1,-1,0,-1
2024010541542,2024,010541542,2,9,0,99,99,9,9,99,99,0,9,99,9,99,9,9,6,6,3,-1,-1,-1,-1,-1,-1,-1,-1,0,-1
2024010489156,2024,010489156,1,9,0,9,9,5,3,0,0,5,0,0,0,0,3,1,6,6,1,48,8,-1,-1,-1,-1,2,E01001695,0,3
2024541160324,2024,541160324,1,9,0,18,19,7,3,0,0,0,0,0,0,0,1,1,6,6,1,34,6,-1,-1,-1,-1,9,E01033847,0,1
2024461426322,2024,461426322,2,9,0,-1,4,3,3,-1,0,0,0,0,0,0,2,9,-1,6,2,38,7,-1,-1,-1,-1,5,E01024379,0,4
2024610021424,2024,610021424,1,20,0,18,19,8,4,0,0,0,0,0,0,0,2,1,1,1,3,-1,-1,-1,-1,-1,-1,-1,-1,0,-1
2024320686032,2024,320686032,2,1,0,-1,-1,6,2,0,0,0,5,0,0,0,3,1,6,6,1,67,10,-1,-1,-1,-1,4,E01026082,0,1
2024332400387,2024,332400387,2,9,0,-1,19,2,6,-1,0,0,0,0,0,0,1,1,-1,6,3,-1,-1,-1,-1,-1,-1,-1,-1,0,-1
2024010520637,2024,010520637,2,9,0,18,19,5,1,0,0,1,0,0,0,0,1,1,6,6,3,-1,-1,-1,-1,-1,-1,-1,-1,0,-1
2024131471959,2024,131471959,1,9,0,-1,19,4,8,-1,0,4,0,0,0,0,1,1,-1,6,1,34,6,-1,-1,-1,-1,6,E01011734,0,1
2024010528830,2024,010528830,2,1,0,18,19,5,1,0,0,8,0,0,0,0,1,1,6,6,1,64,9,-1,-1,-1,-1,6,E01000564,0,2
2024461469653,2024,461469653,2,1,0,-1,14,5,1,-1,0,0,0,0,0,0,1,1,-1,6,1,-1,-1,-1,-1,-1,-1,10,E01024819,0,1
2024440247820,2024,440247820,2,9,0,13,13,6,2,0,0,0,0,0,0,0,4,1,6,6,1,23,5,-1,-1,-1,-1,10,E01022870,0,1
2024991428634,2024,991428634,1,8,0,-1,19,3,7,-1,0,0,0,0,0,0,1,1,-1,1,1,39,7,-1,-1,-1,-1,-1,-1,0,-1
2024991497507,2024,991497507,2,1,0,-1,10,1,6,-1,0,4,0,0,0,0,2,1,-1,6,2,47,8,-1,-1,-1,-1,-1,-1,0,-1
2024991495543,2024,991495543,1,9,0,-1,19,5,1,-1,0,2,5,0,0,0,4,1,-1,2,2,19,4,-1,-1,-1,-1,7,-1,0,5
2024440312262,2024,440312262,1,9,0,18,19,6,2,0,0,8,0,0,0,0,2,1,1,1,1,65,9,-1,-1,-1,-1,6,E01017273,0,2
2024201461028,2024,201461028,1,9,0,-1,5,2,6,-1,0,0,0,0,0,0,1,9,-1,6,3,-1,-1,-1,-1,-1,-1,-1,-1,0,-1
2024010496554,2024,010496554,1,3,0,99,99,9,9,99,99,9,9,99,9,99,1,1,6,6,1,35,6,-1,-1,-1,-1,5,E01000747,0,4
2024411444050,2024,411444050,1,9,0,-1,5,5,8,-1,0,1,0,0,0,0,2,9,-1,2,1,29,6,-1,-1,-1,-1,8,E01023850,0,2
2024211400582,2024,211400582,1,9,0,-1,19,8,5,-1,0,0,0,0,0,0,1,1,-1,9,2,84,11,-1,-1,-1,-1,6,E01029539,0,1
2024461420578,2024,461420578,2,9,0,-1,19,7,3,-1,0,0,0,0,0,0,2,9,-1,7,1,20,4,-1,-1,-1,-1,6,E01016058,0,4
2024430571417,2024,430571417,1,9,0,18,19,6,2,0,0,0,0,0,0,0,1,1,2,2,1,34,6,-1,-1,-1,-1,6,E01028762,0,1
2024052400638,2024,052400638,2,9,0,3,3,7,3,0,0,1,0,0,0,0,2,1,6,6,1,24,5,-1,-1,-1,-1,10,E01006993,0,1
2024231452995,2024,231452995,2,9,0,-1,19,4,8,-1,0,0,0,0,0,0,2,9,-1,6,1,49,8,-1,-1,-1,-1,9,E01031329,0,2
2024010488642,2024,010488642,1,9,0,5,5,8,4,0,0,8,0,0,0,0,4,1,6,6,2,41,7,-1,-1,-1,-1,3,E01003229,0,1
2024351429046,2024,351429046,2,-1,0,-1,11,4,8,-1,0,1,5,0,0,0,4,1,-1,9,2,48,8,-1,-1,-1,-1,7,E01017980,1,1
2024451504941,2024,451504941,1,9,0,-1,4,7,3,-1,0,1,0,0,0,0,1,9,-1,6,1,40,7,-1,-1,-1,-1,-1,-1,0,-1
2024451412133,2024,451412133,1,9,0,-1,19,1,5,-1,0,1,0,0,0,0,1,1,-1,6,3,30,6,-1,-1,-1,-1,-1,-1,0,-1
2024131459193,2024,131459193,2,1,0,-1,19,7,3,-1,0,0,0,0,0,0,4,1,-1,2,1,39,7,-1,-1,-1,-1,1,E01011473,0,1
2024302400518,2024,302400518,4,9,0,2,2,0,0,0,0,0,0,0,0,0,0,1,6,6,3,-1,-1,-1,-1,-1,-1,-1,-1,0,-1
2024520402461,2024,520402461,2,9,0,18,19,9,9,0,0,1,0,0,0,0,1,1,6,6,3,-1,-1,-1,-1,-1,-1,-1,-1,0,-1
2024302400797,2024,302400797,2,9,0,18,19,7,3,0,0,8,0,7,0,0,1,1,6,6,2,77,11,-1,-1,-1,-1,3,E01019531,0,1
2024061422768,2024,061422768,2,9,0,-1,3,1,5,-1,0,8,0,0,0,0,2,1,-1,6,2,64,9,-1,-1,-1,-1,2,E01006253,0,3
2024520001285,2024,520001285,1,1,0,18,19,3,7,0,0,0,1,0,0,0,0,1,6,6,1,14,3,-1,-1,-1,-1,6,E01014409,0,1
2024010525587,2024,010525587,2,1,0,18,19,3,7,4,4,8,0,0,0,0,3,1,6,6,2,30,6,-1,-1,-1,-1,5,E01003116,0,2
2024991438735,2024,991438735,1,23,0,-1,11,3,7,-1,0,0,0,0,0,0,4,1,-1,9,1,39,7,-1,-1,-1,-1,-1,-1,0,-1
2024070422655,2024,070422655,2,1,0,18,19,1,5,0,0,8,0,9,0,0,4,1,6,6,1,43,7,-1,-1,-1,-1,10,E01035384,0,1
2024010533343,2024,010533343,1,1,0,18,19,7,3,0,0,8,0,0,0,0,1,1,1,1,2,57,9,-1,-1,-1,-1,5,E01004523,0,1
2024622400018,2024,622400018,2,9,0,2,2,0,0,0,0,0,0,0,0,0,2,1,6,6,2,43,7,-1,-1,-1,-1,8,W01001770,0,1
2024201462255,2024,201462255,2,1,0,-1,19,3,7,-1,0,1,0,0,0,0,1,1,-1,6,1,66,10,-1,-1,-1,-1,4,E01010303,0,2
2024070130518,2024,070130518,1,9,0,18,19,7,3,0,0,2,0,0,0,0,4,1,6,6,2,-1,-1,-1,-1,-1,-1,-1,-1,0,-1
2024411517684,2024,411517684,2,9,0,-1,19,1,3,-1,0,1,0,0,0,0,1,1,-1,6,2,39,7,-1,-1,-1,-1,8,E01023315,0,1
2024332401235,2024,332401235,1,9,0,-1,99,9,9,-1,0,0,0,0,0,0,3,1,-1,9,1,64,9,-1,-1,-1,-1,2,E01013678,0,1
2024131520350,2024,131520350,1,9,0,-1,19,5,1,-1,0,0,1,0,1,4,1,1,-1,9,2,28,6,-1,-1,-1,-1,6,E01021571,0,5
2024440384353,2024,440384353,1,-1,0,18,19,6,2,0,0,8,0,0,0,0,4,1,6,6,2,24,5,-1,-1,-1,-1,1,E01017207,1,1
2024010511843,2024,010511843,2,1,0,13,13,5,1,2,2,1,0,0,1,0,3,1,1,1,1,36,7,-1,-1,-1,-1,3,E01004233,0,2
2024161406322,2024,161406322,1,1,0,-1,19,8,4,-1,0,8,0,0,0,0,4,1,-1,6,2,75,10,-1,-1,-1,-1,3,E01013004,0,1
2024552401516,2024,552401516,1,9,0,9,9,3,2,0,0,6,0,0,0,0,1,1,6,6,2,23,5,-1,-1,-1,-1,8,E01015422,0,1
2024010542736,2024,010542736,2,1,0,9,9,4,1,0,0,1,0,0,6,11,3,1,6,6,1,20,4,-1,-1,-1,-1,5,E01000494,0,2
2024552400994,2024,552400994,3,9,0,18,19,3,7,0,0,0,0,0,0,0,2,1,2,2,1,49,8,-1,-1,-1,-1,8,E01015453,0,1
2024430367388,2024,430367388,2,1,0,9,9,8,5,0,0,8,0,0,0,0,1,1,4,7,1,15,3,-1,-1,-1,-1,-1,-1,0,-1
2024302400148,2024,302400148,1,9,0,18,19,8,4,0,0,0,0,0,0,0,3,1,6,6,2,20,4,-1,-1,-1,-1,3,E01019818,0,2
202460Q001597,2024,60Q001597,2,9,0,18,19,6,2,0,0,1,0,0,0,0,3,1,6,6,2,25,5,-1,-1,-1,-1,-1,-1,0,-1
2024461521107,2024,461521107,2,1,0,-1,19,3,7,-1,0,8,0,0,0,0,2,1,-1,9,1,51,8,-1,-1,-1,-1,8,E01024636,0,1
2024461511160,2024,461511160,1,9,0,-1,19,3,7,-1,0,4,0,0,0,0,2,9,-1,9,1,-1,-1,-1,-1,-1,-1,9,E01024797,0,2
2024991521425,2024,991521425,2,9,0,-1,19,6,2,-1,0,1,0,0,0,0,1,2,-1,6,3,-1,-1,-1,-1,-1,-1,-1,-1,0,-1
2024010490989,2024,010490989,1,9,0,13,13,1,5,0,0,8,0,0,7,0,1,2,6,6,3,23,5,-1,-1,-1,-1,3,E01001365,0,1
2024991495256,2024,991495256,1,9,0,-1,9,5,1,-1,0,1,0,0,0,0,2,1,-1,7,2,24,5,-1,-1,-1,-1,5,-1,0,1
2024131416267,2024,131416267,1,9,0,-1,-1,-1,-1,-1,-1,-1,-1,-1,-1,0,-1,1,-1,6,3,40,7,-1,-1,-1,-1,-1,-1,0,-1
2024131441721,2024,131441721,2,9,0,-1,19,7,3,-1,0,4,0,0,0,0,1,1,-1,6,3,30,6,-1,-1,-1,-1,-1,-1,0,-1
2024010494941,2024,010494941,2,9,0,2,2,0,0,0,0,2,0,0,0,0,3,1,6,6,3,-1,-1,-1,-1,-1,-1,-1,-1,0,-1
2024440207471,2024,440207471,2,9,0,18,19,3,7,0,0,1,0,0,0,0,1,1,6,6,3,-1,-1,-1,-1,-1,-1,-1,-1,0,-1
2024010545690,2024,010545690,1,19,0,99,99,9,9,99,99,9,9,99,9,99,2,9,2,2,1,38,7,-1,-1,-1,-1,3,E01023326,0,1
2024231490424,2024,231490424,2,1,0,-1,19,6,2,-1,0,0,0,0,0,0,3,1,-1,7,1,16,4,-1,-1,-1,-1,10,E01031305,0,1
2024141465044,2024,141465044,2,9,0,-1,19,4,8,-1,0,3,0,0,0,0,4,1,-1,9,1,34,6,-1,-1,-1,-1,2,E01007333,0,3
2024052400298,2024,052400298,3,9,0,18,19,3,7,0,0,0,0,0,0,0,1,1,6,6,3,-1,-1,-1,-1,-1,-1,-1,-1,0,-1
2024361532381,2024,361532381,1,9,0,-1,5,7,4,-1,0,8,0,0,0,0,1,1,-1,6,2,53,8,-1,-1,-1,-1,10,E01026908,0,1
2024010506960,2024,010506960,2,1,0,18,19,5,1,4,4,1,0,0,0,0,3,1,1,1,1,49,8,-1,-1,-1,-1,4,E01001435,0,1
2024131400368,2024,131400368,4,9,0,-1,19,1,5,-1,0,0,0,0,0,0,2,1,-1,6,2,34,6,-1,-1,-1,-1,7,E01007439,0,3
2024311411721,2024,311411721,1,9,0,-1,5,3,7,-1,9,0,0,0,0,0,1,1,-1,9,1,21,5,-1,-1,-1,-1,4,E01028045,0,1
2024141399227,2024,141399227,2,9,0,-1,13,3,7,-1,0,0,5,0,7,0,1,1,-1,6,1,22,5,-1,-1,-1,-1,6,E01033296,0,3
2024010525542,2024,010525542,1,9,0,99,99,9,9,99,99,9,9,99,9,99,1,9,6,6,3,-1,-1,-1,-1,-1,-1,-1,-1,0,-1
2024371427416,2024,371427416,2,1,0,-1,19,5,1,-1,0,1,2,0,0,0,2,1,-1,2,2,43,7,-1,-1,-1,-1,1,E01030036,0,1
2024010526937,2024,010526937,2,9,9,5,5,9,9,99,99,0,9,99,9,99,9,9,6,6,3,-1,-1,-1,-1,-1,-1,-1,-1,0,-1
2024010523493,2024,010523493,2,1,9,99,99,9,9,99,99,9,9,99,9,99,9,1,2,2,2,37,7,-1,-1,-1,-1,10,E01017930,0,4
2024131497877,2024,131497877,2,9,0,-1,2,0,0,-1,9,0,0,0,0,0,2,1,-1,6,-1,-1,-1,-1,-1,-1,-1,-1,-1,0,-1
2024430162789,2024,430162789,2,1,0,18,19,1,5,9,9,0,0,0,0,0,4,1,2,2,1,29,6,-1,-1,-1,-1,6,E01028542,0,1
2024991521347,2024,991521347,2,1,0,-1,19,7,3,-1,0,8,0,0,0,0,1,1,-1,9,1,19,4,-1,-1,-1,-1,-1,-1,0,-1
2024522402701,2024,522402701,2,97,0,13,13,1,5,0,0,0,0,0,0,0,1,1,6,6,3,-1,-1,-1,-1,-1,-1,-1,-1,0,-1
2024141505885,2024,141505885,1,90,0,-1,12,2,6,-1,0,8,0,0,0,0,4,1,-1,1,1,54,8,-1,-1,-1,-1,4,E01033273,0,1
2024010544090,2024,010544090,2,9,0,4,4,8,4,0,0,0,0,0,0,0,2,1,6,6,3,-1,-1,-1,-1,-1,-1,-1,-1,0,-1
2024991499851,2024,991499851,2,9,0,-1,19,3,7,-1,0,0,0,0,7,11,3,1,-1,1,1,42,7,-1,-1,-1,-1,-1,-1,0,-1
2024010491635,2024,010491635,1,3,0,13,13,6,2,0,0,8,2,0,7,2,1,1,2,2,1,55,8,-1,-1,-1,-1,3,E01001136,0,1
2024010527547,2024,010527547,1,1,0,15,15,1,5,0,0,1,0,0,0,0,1,1,6,6,1,56,9,-1,-1,-1,-1,2,E01001777,0,1
2024010537912,2024,010537912,2,9,0,99,99,9,9,99,99,9,9,99,9,99,9,9,6,6,3,-1,-1,-1,-1,-1,-1,-1,-1,0,-1
2024010495070,2024,010495070,1,9,0,18,19,3,7,0,0,0,0,0,0,0,1,1,6,6,2,56,9,-1,-1,-1,-1,3,E01003624,0,2