collision_index,collision_year,collision_ref_no,vehicle_reference,vehicle_type,towing_and_articulation,vehicle_manoeuvre_historic,vehicle_manoeuvre,vehicle_direction_from,vehicle_direction_to,vehicle_location_restricted_lane_historic,vehicle_location_restricted_lane,junction_location,skidding_and_overturning,hit_object_in_carriageway,vehicle_leaving_carriageway,hit_object_off_carriageway,first_point_of_impact,vehicle_left_hand_drive,journey_purpose_of_driver_historic,journey_purpose_of_driver,sex_of_driver,age_of_driver,age_band_of_driver,engine_capacity_cc,propulsion_code,age_of_vehicle,generic_make_model,driver_imd_decile,lsoa_of_driver,escooter_flag,driver_distance_banding
2024010520405,2024,010520405,1,-1,0,18,19,2,6,0,0,1,5,0,0,0,0,1,6,6,3,-1,-1,-1,-1,-1,-1,-1,-1,1,-1
2024440198308,2024,440198308,1,-1,0,18,19,1,5,0,0,2,0,0,0,0,0,1,6,6,1,25,5,-1,-1,-1,-1,7,E01032746,1,1
2024340NN0402,2024,340NN0402,1,9,0,-1,19,8,4,-1,0,2,0,0,7,0,3,1,-1,2,2,45,7,-1,-1,-1,-1,9,E01035089,0,2
2024052401082,2024,052401082,1,1,0,18,19,3,7,0,0,0,0,0,0,0,0,1,6,6,1,51,8,-1,-1,-1,-1,10,E01006943,0,1
2024010492409,2024,010492409,2,9,0,99,99,9,9,99,99,9,9,99,9,99,1,9,6,6,3,-1,-1,-1,-1,-1,-1,-1,-1,0,-1
2024332400720,2024,332400720,1,9,0,-1,3,8,4,-1,0,0,0,0,0,0,2,1,-1,6,2,21,5,-1,-1,-1,-1,3,E01013739,0,1
2024430044905,2024,430044905,2,9,0,18,19,4,8,0,0,0,0,0,0,0,4,1,6,6,1,40,7,-1,-1,-1,-1,-1,-1,0,-1
2024010550557,2024,010550557,1,1,9,99,99,9,9,99,99,9,9,99,9,99,1,1,2,2,1,54,8,-1,-1,-1,-1,2,E01003188,0,1
2024520402100,2024,520402100,1,3,0,4,4,2,6,0,0,0,0,0,0,0,0,1,6,6,1,69,10,-1,-1,-1,-1,10,E01007954,0,5
2024161433237,2024,161433237,2,9,0,-1,19,4,8,-1,0,0,0,0,0,0,1,1,-1,6,1,78,11,-1,-1,-1,-1,-1,-1,0,-1
2024010504136,2024,010504136,1,1,9,99,99,9,9,99,99,9,9,99,9,99,1,1,2,2,1,41,7,-1,-1,-1,-1,2,E01001976,0,2
2024010527006,2024,010527006,2,1,9,99,99,9,9,99,99,9,9,99,9,99,0,1,6,6,3,-1,-1,-1,-1,-1,-1,9,E01003823,0,1
2024161490253,2024,161490253,1,1,0,-1,9,7,3,-1,0,0,0,99,0,0,1,1,-1,7,2,16,4,-1,-1,-1,-1,1,E01012859,0,1
2024101502024,2024,101502024,2,1,0,-1,19,5,1,-1,0,8,5,0,0,0,3,1,-1,7,1,10,2,-1,-1,-1,-1,-1,-1,0,-1
2024430587043,2024,430587043,1,1,0,18,19,6,2,0,0,0,0,0,0,0,1,1,2,2,1,57,9,-1,-1,-1,-1,10,E01028464,0,1
2024041462135,2024,041462135,2,1,0,-1,19,5,1,-1,4,0,0,0,0,0,1,1,-1,6,1,34,6,-1,-1,-1,-1,10,E01025278,0,3
2024522401324,2024,522401324,2,-1,0,9,9,1,6,0,0,8,0,0,0,0,2,1,6,6,1,52,8,-1,-1,-1,-1,3,E01014736,1,1
2024430325999,2024,430325999,2,1,0,18,19,2,6,0,0,0,0,0,0,0,2,1,1,1,1,55,8,-1,-1,-1,-1,-1,-1,0,-1
2024010515148,2024,010515148,2,-1,0,18,19,1,5,0,0,0,0,0,0,0,2,1,6,6,2,27,6,-1,-1,-1,-1,6,E01004002,1,1
2024010537096,2024,010537096,2,1,9,18,19,9,9,99,99,9,9,99,9,99,9,1,2,2,1,37,7,-1,-1,-1,-1,3,E01003108,0,1
2024010543403,2024,010543403,1,1,9,99,99,9,9,99,99,9,9,99,9,99,1,1,2,2,1,36,7,-1,-1,-1,-1,5,E01004048,0,2
2024371401835,2024,371401835,1,21,0,-1,19,6,2,-1,0,2,1,0,1,1,1,1,-1,1,1,61,9,-1,-1,-1,-1,7,E01029911,0,2
2024010528260,2024,010528260,1,1,9,99,99,9,9,99,99,9,9,99,9,99,9,1,6,6,2,46,8,-1,-1,-1,-1,3,E01001830,0,1
2024211523368,2024,211523368,2,1,0,-1,19,8,4,-1,0,1,0,0,0,0,1,1,-1,9,1,55,8,-1,-1,-1,-1,9,E01029736,0,1
2024552400599,2024,552400599,2,9,0,18,19,2,6,0,0,0,0,0,0,0,2,1,6,6,2,54,8,-1,-1,-1,-1,8,E01017059,0,4
2024010491593,2024,010491593,2,3,0,4,4,5,1,0,0,0,0,0,0,0,2,1,1,1,1,26,6,-1,-1,-1,-1,8,E01002199,0,2
2024332400682,2024,332400682,1,1,0,-1,19,2,6,-1,0,8,1,0,0,0,2,1,-1,6,1,17,4,-1,-1,-1,-1,2,E01013475,0,4
2024991533799,2024,991533799,1,9,0,-1,19,3,7,-1,0,0,0,0,0,0,1,1,-1,6,1,65,9,-1,-1,-1,-1,1,-1,0,1
2024211418339,2024,211418339,2,1,0,-1,7,1,5,-1,0,3,0,0,0,0,1,1,-1,6,1,52,8,-1,-1,-1,-1,8,E01029417,0,1
2024010529463,2024,010529463,3,1,0,18,19,8,4,0,0,2,5,0,0,0,3,1,2,2,1,21,5,-1,-1,-1,-1,6,E01002788,0,1
2024010538249,2024,010538249,2,9,0,99,99,9,9,99,99,9,9,99,9,99,9,9,6,6,3,-1,-1,-1,-1,-1,-1,-1,-1,0,-1
2024010490445,2024,010490445,1,9,0,18,19,7,3,0,0,0,2,7,1,7,4,1,6,6,1,20,4,-1,-1,-1,-1,2,E01002564,0,1
2024221445102,2024,221445102,2,1,0,-1,3,8,4,-1,0,8,0,0,0,0,1,1,-1,6,1,61,9,-1,-1,-1,-1,5,E01014018,0,2
2024311411020,2024,311411020,2,22,0,-1,19,5,2,-1,0,0,5,0,0,0,2,1,-1,6,2,60,9,-1,-1,-1,-1,-1,-1,0,-1
2024501478954,2024,501478954,2,1,0,-1,19,8,4,-1,0,8,5,0,0,0,1,1,-1,9,1,12,3,-1,-1,-1,-1,9,E01034632,0,1
2024401434334,2024,401434334,2,23,0,-1,19,5,1,-1,0,1,5,0,0,0,1,1,-1,6,1,19,4,-1,-1,-1,-1,7,E01017578,0,1
2024061454427,2024,061454427,1,97,0,-1,4,1,5,-1,9,0,1,10,1,0,3,1,-1,6,1,15,3,-1,-1,-1,-1,2,E01005954,0,1
2024461494717,2024,461494717,1,9,0,-1,19,5,1,-1,0,2,0,0,0,0,1,9,-1,6,2,29,6,-1,-1,-1,-1,3,E01016098,0,2
2024461513183,2024,461513183,1,9,0,-1,19,7,5,-1,0,0,0,0,0,0,1,1,-1,9,1,43,7,-1,-1,-1,-1,1,E01035301,0,4
202454C323124,2024,54C323124,2,1,0,18,19,2,6,0,0,1,0,0,0,0,4,1,6,6,1,18,4,-1,-1,-1,-1,9,E01032702,0,2
2024010522118,2024,010522118,2,-1,0,9,9,2,7,0,0,1,0,0,0,0,3,1,6,6,1,27,6,-1,-1,-1,-1,1,E01004754,1,1
2024010496982,2024,010496982,2,9,0,99,99,9,9,99,99,9,9,99,9,99,9,9,6,6,3,-1,-1,-1,-1,-1,-1,-1,-1,0,-1
2024631477509,2024,631477509,2,9,0,-1,10,2,7,-1,0,8,0,0,0,0,2,1,-1,9,2,31,6,-1,-1,-1,-1,8,E01022335,0,5
2024461419144,2024,461419144,1,9,0,-1,19,7,3,-1,0,4,0,0,0,0,4,9,-1,6,1,59,9,-1,-1,-1,-1,10,E01024402,0,4
2024070258279,2024,070258279,1,9,0,18,19,6,2,0,0,0,0,0,0,0,1,1,6,6,2,25,5,-1,-1,-1,-1,6,E01018682,0,1
2024010542299,2024,010542299,1,1,0,18,19,1,5,0,0,0,0,0,0,0,3,1,6,6,1,70,10,-1,-1,-1,-1,3,E01004445,0,1
2024451484722,2024,451484722,2,9,0,-1,19,1,1,-1,0,0,0,0,0,0,2,1,-1,6,2,-1,-1,-1,-1,-1,-1,4,E01030710,0,1
2024010529519,2024,010529519,2,9,9,99,99,9,9,99,99,9,9,99,9,99,9,9,6,6,3,-1,-1,-1,-1,-1,-1,-1,-1,0,-1
2024471454164,2024,471454164,1,98,0,-1,19,6,8,-1,0,1,0,0,0,0,3,2,-1,1,1,41,7,-1,-1,-1,-1,-1,-1,0,-1
2024421495276,2024,421495276,2,1,0,-1,19,5,1,-1,0,1,0,0,1,0,2,1,-1,2,2,30,6,-1,-1,-1,-1,9,E01022082,0,2
2024622400627,2024,622400627,2,8,0,18,19,2,6,0,0,0,2,7,0,0,1,1,6,6,2,23,5,-1,-1,-1,-1,7,W01001000,0,1
2024010520424,2024,010520424,1,9,0,99,99,9,9,99,99,9,9,99,9,99,1,9,6,6,3,-1,-1,-1,-1,-1,-1,-1,-1,0,-1
2024010518911,2024,010518911,2,9,0,99,99,9,9,99,99,9,9,99,9,99,9,9,6,6,3,-1,-1,-1,-1,-1,-1,-1,-1,0,-1
2024451497208,2024,451497208,4,9,0,-1,2,0,0,-1,0,0,0,0,0,0,2,1,-1,6,-1,-1,-1,-1,-1,-1,-1,-1,-1,0,-1
2024010533933,2024,010533933,1,1,9,18,19,9,9,99,99,9,9,99,9,99,1,1,2,2,1,30,6,-1,-1,-1,-1,4,E01003406,0,1
2024440365516,2024,440365516,1,1,0,18,19,4,8,0,0,8,0,0,0,0,1,1,6,6,1,39,7,-1,-1,-1,-1,3,E01017082,0,1
2024411538216,2024,411538216,1,9,0,-1,19,7,3,-1,0,1,0,0,0,0,1,9,-1,6,2,-1,-1,-1,-1,-1,-1,-1,-1,0,-1
2024010495368,2024,010495368,1,8,0,99,99,9,9,99,99,9,9,99,9,99,2,9,1,1,3,54,8,-1,-1,-1,-1,3,E01003580,0,3
2024010491157,2024,010491157,2,9,0,99,99,9,9,99,99,9,9,99,9,99,1,9,6,6,3,-1,-1,-1,-1,-1,-1,-1,-1,0,-1
2024211513600,2024,211513600,1,21,-1,-1,-1,1,5,-1,-1,0,-1,-1,-1,0,-1,9,-1,6,3,-1,-1,-1,-1,-1,-1,-1,-1,0,-1
2024401511302,2024,401511302,1,-1,-1,-1,-1,-1,-1,-1,-1,0,-1,-1,-1,0,-1,1,-1,6,1,-1,-1,-1,-1,-1,-1,-1,-1,1,-1
202454E936524,2024,54E936524,2,1,0,18,19,3,7,0,0,8,0,0,0,0,4,1,6,6,1,50,8,-1,-1,-1,-1,7,E01032708,0,1
2024010527670,2024,010527670,1,1,9,18,19,9,9,2,2,9,9,99,9,99,9,1,6,6,1,57,9,-1,-1,-1,-1,4,E01035651,0,2
2024461432706,2024,461432706,2,17,5,-1,2,0,0,-1,0,5,0,0,0,0,4,1,-1,6,-1,-1,-1,-1,-1,-1,-1,-1,-1,0,-1
2024041402629,2024,041402629,1,1,0,-1,19,3,6,-1,0,0,0,0,0,0,1,1,-1,6,1,76,11,-1,-1,-1,-1,9,E01025064,0,2
2024401444053,2024,401444053,2,-1,-1,-1,-1,-1,-1,-1,-1,-1,-1,-1,-1,0,-1,1,-1,6,1,12,3,-1,-1,-1,-1,4,E01015804,1,1
2024332400640,2024,332400640,2,9,0,-1,9,4,2,-1,0,6,0,0,0,0,1,1,-1,6,1,61,9,-1,-1,-1,-1,9,E01025828,0,1
2024201523361,2024,201523361,2,1,0,-1,19,1,5,-1,0,0,0,0,0,0,1,1,-1,6,1,31,6,-1,-1,-1,-1,-1,-1,0,-1
2024061399239,2024,061399239,1,9,0,-1,9,5,1,-1,0,6,0,0,0,0,1,1,-1,6,1,-1,-1,-1,-1,-1,-1,-1,-1,0,-1
2024461483798,2024,461483798,1,9,0,-1,19,1,5,-1,0,0,0,0,0,0,1,9,-1,6,3,-1,-1,-1,-1,-1,-1,-1,-1,0,-1
2024201511269,2024,201511269,1,1,0,-1,19,6,2,-1,0,8,0,0,0,0,1,1,-1,1,1,-1,-1,-1,-1,-1,-1,-1,-1,0,-1
2024010489718,2024,010489718,1,9,0,9,9,3,1,0,0,5,0,0,0,0,2,1,6,6,1,43,7,-1,-1,-1,-1,2,E01016480,0,2
2024010539082,2024,010539082,1,1,0,4,4,8,4,0,0,2,0,0,0,0,0,1,4,7,1,16,4,-1,-1,-1,-1,2,E01000891,0,1
202454C056524,2024,54C056524,2,9,0,3,3,1,5,0,0,4,0,0,0,0,2,1,6,6,2,52,8,-1,-1,-1,-1,10,E01031948,0,3
2024461442614,2024,461442614,2,1,0,-1,19,7,3,-1,0,8,0,0,0,0,1,1,-1,9,1,42,7,-1,-1,-1,-1,7,E01016123,0,1
2024010531748,2024,010531748,1,1,9,99,99,9,9,5,5,0,9,99,0,99,1,1,6,6,3,-1,-1,-1,-1,-1,-1,-1,-1,0,-1
2024010532438,2024,010532438,1,1,9,99,99,9,9,99,99,9,9,8,9,99,9,1,6,6,3,25,5,-1,-1,-1,-1,5,E01003019,0,1
2024201466595,2024,201466595,2,1,0,-1,19,6,2,-1,0,8,0,0,0,0,1,1,-1,6,1,30,6,-1,-1,-1,-1,4,E01009243,0,1
2024010543316,2024,010543316,1,8,0,99,99,9,9,0,0,0,0,0,0,0,1,1,6,6,1,-1,-1,-1,-1,-1,-1,9,E01002242,0,3
2024451513732,2024,451513732,1,9,0,-1,19,8,4,-1,0,0,0,0,0,0,0,9,-1,6,3,35,6,-1,-1,-1,-1,-1,-1,0,-1
2024361399276,2024,361399276,1,9,0,-1,5,5,1,-1,0,4,0,0,0,0,4,1,-1,9,1,57,9,-1,-1,-1,-1,6,E01033435,0,1
2024131458670,2024,131458670,1,8,0,-1,19,1,5,-1,0,0,0,0,0,0,1,1,-1,6,3,-1,-1,-1,-1,-1,-1,-1,-1,0,-1
2024411451877,2024,411451877,1,9,0,-1,19,3,7,-1,0,2,0,0,0,0,1,1,-1,1,1,21,5,-1,-1,-1,-1,4,E01015784,0,4
2024211426965,2024,211426965,1,21,1,-1,11,5,2,-1,0,0,0,0,0,0,4,1,-1,1,1,40,7,-1,-1,-1,-1,-1,-1,0,-1
2024010517188,2024,010517188,2,1,0,13,13,7,3,4,4,1,0,0,2,4,3,1,6,6,1,31,6,-1,-1,-1,-1,-1,-1,0,-1
2024070542234,2024,070542234,2,9,0,3,3,4,8,0,0,1,0,0,0,0,2,1,3,7,2,33,6,-1,-1,-1,-1,1,E01018550,0,1
2024421421981,2024,421421981,1,9,-1,-1,-1,-1,-1,-1,-1,0,-1,-1,-1,0,-1,9,-1,6,3,-1,-1,-1,-1,-1,-1,-1,-1,0,-1
2024411537292,2024,411537292,1,9,0,-1,19,7,3,-1,0,0,0,0,0,0,1,1,-1,6,1,77,11,-1,-1,-1,-1,7,E01023335,0,3
2024461499982,2024,461499982,2,9,0,-1,3,3,7,-1,0,0,0,0,0,0,2,1,-1,9,2,35,6,-1,-1,-1,-1,1,E01035274,0,1
2024552401337,2024,552401337,2,5,0,18,19,5,1,0,0,8,0,0,0,0,4,1,2,2,1,29,6,-1,-1,-1,-1,1,E01015281,0,1
2024201504457,2024,201504457,1,9,0,-1,19,5,1,-1,0,4,0,0,0,0,1,9,-1,6,1,-1,-1,-1,-1,-1,-1,-1,-1,0,-1
2024070638139,2024,070638139,1,90,0,18,19,4,8,9,9,2,0,0,0,0,4,1,6,6,3,-1,-1,-1,-1,-1,-1,-1,-1,0,-1
2024440537005,2024,440537005,1,9,0,5,5,1,5,0,0,0,0,0,0,0,4,1,1,1,1,60,9,-1,-1,-1,-1,7,E01022672,0,1
2024010536566,2024,010536566,1,1,9,99,99,9,9,99,99,0,9,99,9,99,1,1,1,1,3,38,7,-1,-1,-1,-1,3,E01003531,0,3
2024131525246,2024,131525246,3,9,0,-1,19,5,1,-1,0,1,0,0,0,0,1,1,-1,9,1,25,5,-1,-1,-1,-1,3,E01005244,0,4
2024541611224,2024,541611224,1,9,0,9,9,1,8,0,0,6,0,0,0,0,3,1,6,6,1,-1,-1,-1,-1,-1,-1,-1,-1,0,-1
2024221532432,2024,221532432,2,1,0,-1,19,8,3,-1,0,0,0,0,0,0,3,1,-1,7,1,10,2,-1,-1,-1,-1,7,E01014100,0,1
2024522401356,2024,522401356,2,9,0,18,19,9,9,0,0,1,0,0,0,0,9,1,6,6,3,-1,-1,-1,-1,-1,-1,-1,-1,0,-1
2024471536062,2024,471536062,2,90,0,-1,2,4,8,-1,0,0,0,0,1,0,1,1,-1,6,-1,-1,-1,-1,-1,-1,-1,-1,-1,0,-1
2024440020319,2024,440020319,2,1,0,16,19,2,4,0,0,0,0,0,0,0,1,1,2,2,1,52,8,-1,-1,-1,-1,1,E01017103,0,1
2024131461438,2024,131461438,1,9,0,-1,19,3,7,-1,0,0,0,0,0,0,1,1,-1,9,1,20,4,-1,-1,-1,-1,1,E01011080,0,1
2024411442216,2024,411442216,2,1,0,-1,19,2,6,-1,0,8,0,0,0,0,4,1,-1,2,3,37,7,-1,-1,-1,-1,5,E01023806,0,1
2024531499008,2024,531499008,1,9,0,-1,19,2,6,-1,0,0,0,0,0,0,4,9,-1,6,3,-1,-1,-1,-1,-1,-1,-1,-1,0,-1
2024041491112,2024,041491112,1,1,0,-1,5,3,7,-1,0,0,0,0,0,0,1,1,-1,6,1,12,3,-1,-1,-1,-1,2,E01025305,0,1
2024010535613,2024,010535613,2,90,0,99,99,9,9,99,99,9,9,99,9,99,0,9,6,6,3,-1,-1,-1,-1,-1,-1,5,E01033099,0,1
2024010516820,2024,010516820,1,19,0,18,19,5,1,0,0,0,0,0,0,0,4,1,1,1,1,56,9,-1,-1,-1,-1,3,E01001823,0,2
2024111435398,2024,111435398,2,9,0,-1,4,5,1,-1,0,0,0,0,0,0,2,1,-1,9,1,52,8,-1,-1,-1,-1,4,E01020875,0,1
2024311405576,2024,311405576,2,1,0,-1,9,7,3,-1,0,8,5,0,0,0,3,1,-1,9,2,53,8,-1,-1,-1,-1,8,E01025946,0,1
2024991454612,2024,991454612,3,9,0,-1,2,0,0,-1,0,2,0,4,0,0,3,9,-1,6,-1,-1,-1,-1,-1,-1,-1,-1,-1,0,-1
2024361543808,2024,361543808,3,9,0,-1,2,0,0,-1,0,0,0,0,0,0,2,1,-1,6,2,46,8,-1,-1,-1,-1,5,E01026715,0,1
2024411394644,2024,411394644,2,9,0,-1,5,-1,-1,-1,0,0,0,0,0,0,3,9,-1,6,2,64,9,-1,-1,-1,-1,7,E01023594,0,1
2024520001543,2024,520001543,2,9,0,18,19,5,1,0,0,8,0,0,0,0,1,1,6,6,2,65,9,-1,-1,-1,-1,6,E01014471,0,1
2024010488195,2024,010488195,1,11,0,5,5,8,4,2,2,0,0,0,0,0,0,1,1,1,1,39,7,-1,-1,-1,-1,2,E01001947,0,2
2024340NN2812,2024,340NN2812,2,9,0,-1,19,5,1,-1,0,0,0,0,0,0,3,1,-1,6,1,46,8,-1,-1,-1,-1,6,E01027109,0,2
2024471453647,2024,471453647,1,1,0,-1,19,1,5,-1,0,8,0,0,0,0,3,1,-1,1,1,27,6,-1,-1,-1,-1,5,E01032836,0,1
2024201507552,2024,201507552,1,9,0,-1,2,0,0,-1,0,1,0,0,0,0,1,1,-1,9,3,-1,-1,-1,-1,-1,-1,-1,-1,0,-1
2024041454090,2024,041454090,1,9,0,-1,19,5,1,-1,0,0,0,0,0,0,-1,9,-1,6,3,-1,-1,-1,-1,-1,-1,-1,-1,0,-1
2024031534979,2024,031534979,2,1,0,-1,19,8,4,-1,0,0,5,0,1,11,2,1,-1,9,1,61,9,-1,-1,-1,-1,-1,-1,0,-1
2024010530916,2024,010530916,1,3,0,99,99,9,9,99,99,9,9,99,9,99,1,1,6,6,3,-1,-1,-1,-1,-1,-1,-1,-1,0,-1
2024430197186,2024,430197186,2,19,0,14,14,4,8,0,0,1,0,0,0,0,3,1,6,6,1,-1,-1,-1,-1,-1,-1,-1,-1,0,-1
2024010511010,2024,010511010,1,1,9,99,99,9,9,99,99,0,9,8,9,99,9,1,6,6,3,32,6,-1,-1,-1,-1,3,E01004064,0,3
2024471436631,2024,471436631,2,1,0,-1,19,6,2,-1,0,0,0,0,0,0,3,1,-1,6,1,42,7,-1,-1,-1,-1,7,E01031374,0,1
2024440506299,2024,440506299,1,1,0,18,19,7,3,0,0,1,0,0,0,0,1,1,6,6,1,39,7,-1,-1,-1,-1,4,E01017128,0,1
2024131424164,2024,131424164,2,1,0,-1,19,4,8,-1,0,8,0,0,0,0,0,1,-1,2,2,43,7,-1,-1,-1,-1,6,E01010786,0,1
2024430543038,2024,430543038,1,9,0,9,9,5,3,0,0,8,0,0,0,0,3,1,1,1,1,33,6,-1,-1,-1,-1,9,E01033508,0,1
2024061487749,2024,061487749,2,1,0,-1,19,2,6,-1,0,0,2,0,0,0,1,1,-1,6,1,-1,-1,-1,-1,-1,-1,3,E01005916,0,2
2024010490161,2024,010490161,1,9,0,18,19,3,7,0,0,1,0,0,0,0,1,1,6,6,3,-1,-1,-1,-1,-1,-1,5,E01030677,0,3
2024340WN2622,2024,340WN2622,1,9,0,-1,19,8,4,-1,0,1,0,0,0,0,1,1,-1,1,1,49,8,-1,-1,-1,-1,8,E01027285,0,2
2024010491235,2024,010491235,1,3,0,13,13,1,5,0,0,1,0,0,0,0,1,1,1,1,1,21,5,-1,-1,-1,-1,3,E01003101,0,1
2024010526995,2024,010526995,2,1,0,18,19,5,1,0,0,6,0,0,0,0,1,1,1,1,1,28,6,-1,-1,-1,-1,2,E01003732,0,1
2024010520251,2024,010520251,2,1,0,18,19,7,3,0,0,1,5,0,0,0,4,1,1,1,1,24,5,-1,-1,-1,-1,2,E01003501,0,1
202417H102224,2024,17H102224,2,-1,0,-1,19,3,7,-1,0,6,0,0,0,0,2,1,-1,9,1,13,3,-1,-1,-1,-1,1,E01033466,1,1
2024991403556,2024,991403556,1,9,0,-1,19,6,2,-1,0,2,0,0,0,0,1,1,-1,6,1,78,11,-1,-1,-1,-1,7,-1,0,4
2024991468161,2024,991468161,1,5,0,-1,19,5,1,-1,0,0,0,0,0,0,1,1,-1,9,1,36,7,-1,-1,-1,-1,-1,-1,0,-1
2024440360128,2024,440360128,2,9,0,5,5,4,7,0,0,4,0,0,0,0,2,1,6,6,3,-1,-1,-1,-1,-1,-1,-1,-1,0,-1
2024430511050,2024,430511050,1,9,0,18,19,5,1,0,0,6,0,0,0,0,4,1,6,6,1,80,11,-1,-1,-1,-1,10,E01017871,0,1
2024421522036,2024,421522036,1,9,0,-1,9,1,7,-1,0,6,0,0,0,0,1,9,-1,6,2,-1,-1,-1,-1,-1,-1,-1,-1,0,-1
2024010549427,2024,010549427,1,1,0,18,19,3,7,0,0,1,0,0,0,0,0,1,6,6,1,30,6,-1,-1,-1,-1,-1,-1,0,-1
2024991505245,2024,991505245,1,1,0,-1,19,2,6,-1,0,8,0,0,0,0,0,1,-1,9,2,52,8,-1,-1,-1,-1,3,-1,0,1
2024070716656,2024,070716656,1,9,9,-1,99,9,9,-1,99,0,9,0,0,0,9,9,-1,6,3,-1,-1,-1,-1,-1,-1,-1,-1,0,-1
2024010489401,2024,010489401,2,9,0,99,99,9,9,99,99,9,9,99,9,99,1,9,6,6,2,28,6,-1,-1,-1,-1,3,E01004402,0,1
2024461398578,2024,461398578,1,9,0,-1,10,1,5,-1,0,8,1,0,0,0,4,1,-1,6,2,75,10,-1,-1,-1,-1,8,E01024440,0,1
2024471533822,2024,471533822,1,20,0,-1,19,7,4,-1,0,0,5,0,1,11,1,2,-1,1,1,24,5,-1,-1,-1,-1,-1,-1,0,-1
2024622400083,2024,622400083,2,1,0,18,19,2,6,0,0,8,0,0,0,0,1,1,6,6,1,30,6,-1,-1,-1,-1,2,W01001768,0,1
2024361511697,2024,361511697,1,1,-1,-1,-1,-1,-1,-1,-1,-1,-1,-1,-1,0,-1,1,-1,6,1,-1,-1,-1,-1,-1,-1,-1,-1,0,-1
2024320557420,2024,320557420,1,19,0,13,13,8,4,0,0,0,0,0,0,0,4,1,6,6,3,-1,-1,-1,-1,-1,-1,-1,-1,0,-1
2024201447318,2024,201447318,1,8,0,-1,5,2,6,-1,0,6,0,0,0,0,1,1,-1,6,3,50,8,-1,-1,-1,-1,-1,-1,0,-1
2024311496778,2024,311496778,2,1,0,-1,19,4,8,-1,0,8,0,0,0,0,3,1,-1,6,1,53,8,-1,-1,-1,-1,8,E01028116,0,1
2024101412661,2024,101412661,1,23,0,-1,19,3,7,-1,0,1,0,0,0,0,1,1,-1,6,1,23,5,-1,-1,-1,-1,3,E01008510,0,1
2024061531335,2024,061531335,2,9,0,-1,19,1,5,-1,0,0,0,0,0,0,1,1,-1,6,2,25,5,-1,-1,-1,-1,4,E01006044,0,1
2024451436434,2024,451436434,2,1,0,-1,19,7,3,-1,0,0,5,0,0,0,4,1,-1,9,1,28,6,-1,-1,-1,-1,10,E01003881,0,2
2024111450692,2024,111450692,1,9,0,-1,19,5,1,-1,0,0,0,0,0,0,3,1,-1,6,3,30,6,-1,-1,-1,-1,-1,-1,0,-1
2024430037689,2024,430037689,1,3,0,13,13,2,6,0,0,8,0,0,7,0,4,1,2,2,1,23,5,-1,-1,-1,-1,10,E01022893,0,1
2024010534409,2024,010534409,1,19,0,9,9,6,3,0,0,1,0,0,0,0,3,1,6,6,3,34,6,-1,-1,-1,-1,-1,-1,0,-1
2024010487012,2024,010487012,1,9,0,18,19,5,1,0,0,0,0,0,0,0,1,1,6,6,1,-1,-1,-1,-1,-1,-1,-1,-1,0,-1
2024161448185,2024,161448185,1,9,0,-1,9,3,1,-1,0,5,0,0,0,0,1,2,-1,2,2,29,6,-1,-1,-1,-1,1,E01012848,0,2
2024201521437,2024,201521437,2,1,0,-1,19,1,5,-1,0,8,0,0,0,0,1,1,-1,6,2,44,7,-1,-1,-1,-1,5,E01032172,0,1
2024201400430,2024,201400430,1,9,0,-1,19,2,6,-1,0,0,0,0,0,0,1,1,-1,6,2,-1,-1,-1,-1,-1,-1,-1,-1,0,-1
2024991424274,2024,991424274,2,1,0,-1,19,2,7,-1,0,8,0,0,0,0,2,1,-1,9,1,47,8,-1,-1,-1,-1,7,-1,0,2
2024311468922,2024,311468922,1,11,0,-1,15,4,2,-1,0,1,0,0,0,0,1,1,-1,1,1,60,9,-1,-1,-1,-1,-1,-1,0,-1
2024131565185,2024,131565185,2,9,0,-1,19,-1,-1,-1,0,8,-1,-1,-1,0,-1,1,-1,6,3,-1,-1,-1,-1,-1,-1,-1,-1,0,-1
2024010529365,2024,010529365,2,9,0,99,99,9,9,99,99,9,9,99,9,99,1,9,6,6,3,-1,-1,-1,-1,-1,-1,-1,-1,0,-1
2024010487020,2024,010487020,2,1,0,7,7,1,4,0,0,1,0,0,0,0,4,1,1,1,1,23,5,-1,-1,-1,-1,-1,-1,0,-1
2024411453742,2024,411453742,1,9,0,-1,19,5,1,-1,0,0,0,0,0,0,0,1,-1,1,1,39,7,-1,-1,-1,-1,9,E01009543,0,5
2024461475790,2024,461475790,2,1,0,-1,19,5,1,-1,0,8,0,0,0,0,1,1,-1,1,2,44,7,-1,-1,-1,-1,8,E01023993,0,1
2024201527338,2024,201527338,2,1,0,-1,19,4,8,-1,0,8,0,0,0,0,1,1,-1,6,1,30,6,-1,-1,-1,-1,5,E01033559,0,1
2024010507043,2024,010507043,1,1,0,18,19,1,5,0,0,6,0,0,0,0,3,1,1,1,2,25,5,-1,-1,-1,-1,2,E01003046,0,2
2024311478051,2024,311478051,1,11,0,-1,2,1,5,-1,0,0,0,0,0,0,0,1,-1,6,2,58,9,-1,-1,-1,-1,-1,-1,0,-1
2024501451890,2024,501451890,1,9,0,-1,9,5,3,-1,0,8,0,0,0,0,1,1,-1,1,1,58,9,-1,-1,-1,-1,6,E01020329,0,4
2024471469322,2024,471469322,1,9,0,-1,10,-1,-1,-1,0,4,-1,-1,-1,0,-1,9,-1,6,2,-1,-1,-1,-1,-1,-1,-1,-1,0,-1
2024320758872,2024,320758872,1,9,0,-1,-1,6,2,0,0,8,0,0,0,0,1,1,6,6,1,76,11,-1,-1,-1,-1,6,E01026282,0,1
2024141450281,2024,141450281,1,9,0,-1,19,3,7,-1,0,1,0,0,0,0,1,1,-1,9,2,31,6,-1,-1,-1,-1,2,E01007394,0,1
2024161461591,2024,161461591,1,9,0,-1,19,1,5,-1,0,0,0,0,0,0,1,1,-1,2,2,49,8,-1,-1,-1,-1,10,E01013171,0,1
2024371454494,2024,371454494,1,19,0,-1,2,4,7,-1,0,0,0,0,0,0,3,1,-1,1,1,46,8,-1,-1,-1,-1,10,E01029903,0,3