collision_index,collision_year,collision_ref_no,vehicle_reference,vehicle_type,towing_and_articulation,vehicle_manoeuvre_historic,vehicle_manoeuvre,vehicle_direction_from,vehicle_direction_to,vehicle_location_restricted_lane_historic,vehicle_location_restricted_lane,junction_location,skidding_and_overturning,hit_object_in_carriageway,vehicle_leaving_carriageway,hit_object_off_carriageway,first_point_of_impact,vehicle_left_hand_drive,journey_purpose_of_driver_historic,journey_purpose_of_driver,sex_of_driver,age_of_driver,age_band_of_driver,engine_capacity_cc,propulsion_code,age_of_vehicle,generic_make_model,driver_imd_decile,lsoa_of_driver,escooter_flag,driver_distance_banding
2024471536262,2024,471536262,1,9,0,-1,9,1,4,-1,0,3,0,0,0,0,3,1,-1,9,2,72,10,-1,-1,-1,-1,1,E01020995,0,1
2024430301573,2024,430301573,2,9,0,1,1,7,3,0,0,6,0,0,0,0,3,1,6,6,1,60,9,-1,-1,-1,-1,-1,-1,0,-1
2024320303447,2024,320303447,1,9,0,-1,-1,8,4,0,0,0,0,0,0,0,1,1,6,6,1,-1,-1,-1,-1,-1,-1,-1,-1,0,-1
2024430584732,2024,430584732,2,9,0,18,19,4,8,0,0,8,0,0,0,0,1,1,6,6,1,32,6,-1,-1,-1,-1,5,E01002118,0,4
2024041397931,2024,041397931,2,1,0,-1,19,3,7,-1,0,0,0,0,0,0,1,1,-1,9,1,37,7,-1,-1,-1,-1,9,E01024112,0,5
2024471484775,2024,471484775,2,9,0,-1,99,-1,-1,-1,0,1,9,99,0,0,9,1,-1,6,3,-1,-1,-1,-1,-1,-1,-1,-1,0,-1
2024061490153,2024,061490153,1,1,0,-1,19,1,5,-1,4,8,0,0,0,0,3,1,-1,2,2,29,6,-1,-1,-1,-1,10,E01019758,0,3
2024070965605,2024,070965605,2,98,5,-1,19,3,7,-1,0,2,0,0,0,0,4,1,-1,6,3,-1,-1,-1,-1,-1,-1,-1,-1,0,-1
2024231442272,2024,231442272,2,21,1,-1,19,5,1,-1,0,0,0,0,0,0,0,1,-1,6,3,50,8,-1,-1,-1,-1,-1,-1,0,-1
2024211436884,2024,211436884,1,1,0,-1,19,1,5,-1,0,0,0,0,0,0,1,1,-1,6,1,-1,-1,-1,-1,-1,-1,-1,-1,0,-1
2024351503794,2024,351503794,2,9,0,-1,19,5,1,-1,0,8,0,0,4,0,4,1,-1,9,2,39,7,-1,-1,-1,-1,6,E01026282,0,4
2024010548221,2024,010548221,1,-1,9,99,99,9,9,99,99,9,9,99,9,99,9,9,6,6,1,32,6,-1,-1,-1,-1,5,E01002179,1,1
2024501439211,2024,501439211,1,5,0,-1,12,3,7,-1,0,0,1,0,0,0,4,1,-1,2,1,49,8,-1,-1,-1,-1,6,E01018752,0,3
2024010526485,2024,010526485,2,9,0,18,19,5,1,0,0,8,0,0,0,0,1,1,6,6,3,-1,-1,-1,-1,-1,-1,-1,-1,0,-1
2024401472270,2024,401472270,2,1,0,-1,4,8,1,-1,0,4,0,0,0,0,1,1,-1,6,2,60,9,-1,-1,-1,-1,4,E01015769,0,1
2024010543469,2024,010543469,1,19,0,3,3,1,5,0,0,0,0,0,0,0,2,1,2,2,1,43,7,-1,-1,-1,-1,-1,-1,0,-1
2024461517836,2024,461517836,1,99,0,-1,19,3,7,-1,0,2,0,0,0,0,2,9,-1,6,3,24,5,-1,-1,-1,-1,-1,-1,0,-1
2024340WN5432,2024,340WN5432,1,21,0,-1,12,1,5,-1,0,0,0,0,0,0,1,1,-1,1,1,56,9,-1,-1,-1,-1,4,-1,0,5
2024010514284,2024,010514284,1,1,9,99,99,9,9,99,99,0,9,99,9,99,9,1,2,2,1,35,6,-1,-1,-1,-1,4,E01004212,0,4
2024991434402,2024,991434402,2,1,0,-1,19,2,6,-1,4,8,0,0,0,0,1,1,-1,1,1,36,7,-1,-1,-1,-1,1,-1,0,1
2024201553072,2024,201553072,2,9,0,-1,5,4,8,-1,0,8,0,0,0,0,4,9,-1,2,1,47,8,-1,-1,-1,-1,4,E01029666,0,1
2024010486866,2024,010486866,2,9,0,18,19,5,1,0,0,0,0,0,0,0,1,1,6,6,1,31,6,-1,-1,-1,-1,3,E01003439,0,2
2024010537885,2024,010537885,1,1,9,15,15,3,7,0,0,9,9,0,9,99,2,1,6,6,1,-1,-1,-1,-1,-1,-1,-1,-1,0,-1
2024311497113,2024,311497113,1,1,0,-1,19,1,5,-1,0,1,0,0,0,0,2,1,-1,6,1,33,6,-1,-1,-1,-1,-1,-1,0,-1
2024371417933,2024,371417933,2,1,0,-1,19,3,7,-1,0,8,0,0,0,0,3,1,-1,6,2,50,8,-1,-1,-1,-1,9,E01030196,0,1
2024543627824,2024,543627824,2,1,0,5,5,5,1,0,0,0,5,0,0,0,4,1,6,6,1,9,2,-1,-1,-1,-1,2,E01033846,0,1
2024141530071,2024,141530071,2,1,0,-1,19,1,5,-1,0,2,0,0,0,0,1,1,-1,6,1,53,8,-1,-1,-1,-1,8,E01033280,0,2
2024201421939,2024,201421939,1,9,0,-1,19,3,7,-1,0,8,0,0,0,0,1,9,-1,6,1,60,9,-1,-1,-1,-1,8,E01032532,0,1
2024411515055,2024,411515055,2,9,0,-1,4,3,7,-1,0,0,0,0,1,0,1,1,-1,9,1,20,4,-1,-1,-1,-1,10,E01023626,0,2
2024421417983,2024,421417983,1,1,0,-1,19,5,1,-1,0,0,0,0,0,0,1,1,-1,9,1,65,9,-1,-1,-1,-1,4,E01002016,0,3
2024471435450,2024,471435450,1,9,0,-1,19,5,1,-1,0,0,5,0,1,0,1,1,-1,2,1,39,7,-1,-1,-1,-1,9,E01021156,0,1
2024552401208,2024,552401208,2,1,0,18,19,4,8,0,0,8,0,0,0,0,4,1,4,7,1,14,3,-1,-1,-1,-1,8,E01015389,0,1
2024421535742,2024,421535742,1,9,0,-1,19,7,3,-1,0,8,0,0,0,0,1,1,-1,9,1,27,6,-1,-1,-1,-1,2,E01035161,0,4
2024052400151,2024,052400151,1,9,0,5,5,3,7,0,0,1,0,0,0,0,4,1,6,6,3,-1,-1,-1,-1,-1,-1,-1,-1,0,-1
2024131426680,2024,131426680,2,1,0,-1,19,1,1,-1,0,8,0,0,0,0,1,1,-1,6,1,37,7,-1,-1,-1,-1,2,E01010805,0,1
2024201493420,2024,201493420,1,9,0,-1,19,1,5,-1,0,1,0,0,0,0,1,9,-1,6,1,20,4,-1,-1,-1,-1,-1,-1,0,-1
2024010516916,2024,010516916,2,1,0,18,19,1,5,0,0,1,0,0,0,0,1,1,6,6,1,29,6,-1,-1,-1,-1,3,E01001774,0,1
2024010508518,2024,010508518,1,9,9,99,99,9,9,99,99,9,0,99,9,99,9,9,6,6,3,-1,-1,-1,-1,-1,-1,-1,-1,0,-1
2024440209331,2024,440209331,2,11,0,18,19,5,1,0,0,8,0,0,0,0,1,1,1,1,3,-1,-1,-1,-1,-1,-1,-1,-1,0,-1
2024010487397,2024,010487397,2,9,0,2,2,0,0,0,0,0,0,0,0,0,4,1,6,6,3,-1,-1,-1,-1,-1,-1,-1,-1,0,-1
2024010528452,2024,010528452,1,1,9,18,19,9,9,99,99,0,9,8,9,99,9,1,1,1,1,32,6,-1,-1,-1,-1,4,E01003916,0,2
2024010489281,2024,010489281,1,4,0,99,99,9,9,99,99,9,9,99,9,99,9,1,2,2,1,41,7,-1,-1,-1,-1,5,E01023332,0,3
2024411536316,2024,411536316,2,1,0,-1,19,7,5,-1,0,4,0,0,0,0,3,1,-1,6,1,54,8,-1,-1,-1,-1,4,E01023296,0,1
2024991395313,2024,991395313,1,9,0,-1,19,6,2,-1,0,2,0,0,0,0,1,1,-1,6,1,30,6,-1,-1,-1,-1,-1,-1,0,-1
2024201467132,2024,201467132,2,1,0,-1,19,6,2,-1,0,6,0,0,0,0,3,1,-1,1,1,34,6,-1,-1,-1,-1,1,E01009141,0,1
2024610019224,2024,610019224,1,9,0,18,19,6,2,0,0,0,0,0,1,1,1,1,6,6,1,20,4,-1,-1,-1,-1,2,W01001750,0,2
2024161463445,2024,161463445,2,9,0,-1,9,4,1,-1,0,1,0,0,0,0,3,9,-1,6,2,-1,-1,-1,-1,-1,-1,-1,-1,0,-1
2024421454332,2024,421454332,2,1,0,-1,19,1,5,-1,0,0,0,0,0,0,4,1,-1,9,1,64,9,-1,-1,-1,-1,9,E01035177,0,1
2024201431317,2024,201431317,1,97,0,-1,19,3,7,-1,0,1,0,10,1,2,1,1,-1,6,1,14,3,-1,-1,-1,-1,1,E01034306,0,1
2024520401226,2024,520401226,1,9,0,9,9,2,8,0,0,8,0,0,0,0,1,1,6,6,1,38,7,-1,-1,-1,-1,2,E01029239,0,3
2024440267291,2024,440267291,2,1,0,18,19,5,1,0,0,0,0,0,0,0,1,1,6,6,1,43,7,-1,-1,-1,-1,1,E01017155,0,2
2024320479113,2024,320479113,2,1,0,-1,-1,2,6,0,0,0,5,0,0,0,1,1,6,6,1,10,2,-1,-1,-1,-1,8,E01026322,0,1
2024471481186,2024,471481186,2,-1,0,-1,9,6,4,-1,0,0,0,0,0,0,3,1,-1,6,1,15,3,-1,-1,-1,-1,6,E01031345,1,1
2024430017314,2024,430017314,1,9,0,4,4,2,6,0,0,1,0,0,0,0,2,1,2,2,1,43,7,-1,-1,-1,-1,10,E01033968,0,3
2024161478001,2024,161478001,1,9,0,-1,19,7,3,-1,0,8,0,0,0,0,1,1,-1,6,1,36,7,-1,-1,-1,-1,7,E01033105,0,2
2024332401024,2024,332401024,1,9,0,-1,19,1,5,-1,0,0,0,0,0,0,3,1,-1,9,2,26,6,-1,-1,-1,-1,10,E01025665,0,1
2024141480571,2024,141480571,1,9,0,-1,9,2,8,-1,0,6,0,0,0,0,1,1,-1,1,1,58,9,-1,-1,-1,-1,4,E01007780,0,2
2024991481725,2024,991481725,2,9,0,-1,3,8,4,-1,0,1,0,0,0,0,2,1,-1,1,1,46,8,-1,-1,-1,-1,4,-1,0,5
2024010546987,2024,010546987,1,9,0,1,1,7,3,0,0,0,0,0,0,0,2,1,1,1,1,44,7,-1,-1,-1,-1,5,E01004733,0,1
2024311505853,2024,311505853,2,9,-1,-1,15,4,1,-1,0,2,0,0,0,0,0,9,-1,6,1,-1,-1,-1,-1,-1,-1,-1,-1,0,-1
2024010544298,2024,010544298,1,9,0,99,99,9,9,99,99,0,0,0,9,0,9,9,6,6,3,-1,-1,-1,-1,-1,-1,-1,-1,0,-1
2024440442493,2024,440442493,2,9,0,2,2,0,0,0,0,0,0,0,0,0,4,1,6,6,3,-1,-1,-1,-1,-1,-1,-1,-1,0,-1
2024061534279,2024,061534279,2,8,0,-1,19,5,1,-1,0,2,0,0,0,0,1,1,-1,1,1,45,7,-1,-1,-1,-1,1,E01005569,0,2
2024010491294,2024,010491294,3,9,0,4,4,1,5,0,0,1,0,0,0,0,2,1,6,6,2,44,7,-1,-1,-1,-1,7,E01003429,0,1
2024311397054,2024,311397054,1,97,0,-1,19,2,6,-1,9,2,0,0,0,0,1,1,-1,6,3,-1,-1,-1,-1,-1,-1,-1,-1,0,-1
2024302401787,2024,302401787,2,1,0,-1,19,4,8,-1,4,8,0,0,0,0,3,1,-1,6,1,26,6,-1,-1,-1,-1,7,E01019700,0,1
2024440426923,2024,440426923,2,1,0,18,19,3,7,0,0,8,0,0,0,0,4,1,2,2,2,47,8,-1,-1,-1,-1,4,E01017071,0,1
2024141515110,2024,141515110,1,9,0,-1,-1,-1,-1,-1,-1,0,-1,-1,-1,0,-1,9,-1,6,3,-1,-1,-1,-1,-1,-1,-1,-1,0,-1
2024041399337,2024,041399337,2,9,0,-1,19,1,5,-1,0,8,1,0,0,0,4,1,-1,2,1,42,7,-1,-1,-1,-1,7,E01024921,0,2
2024010489551,2024,010489551,1,1,9,99,99,9,9,99,99,9,9,99,9,99,9,1,2,2,1,33,6,-1,-1,-1,-1,7,E01004476,0,2
2024131529337,2024,131529337,1,9,0,-1,-1,-1,-1,-1,-1,-1,-1,-1,-1,-1,-1,1,-1,6,3,-1,-1,-1,-1,-1,-1,-1,-1,0,-1
2024221411840,2024,221411840,2,1,0,-1,19,7,3,-1,2,0,0,0,0,0,4,1,-1,6,1,18,4,-1,-1,-1,-1,2,E01014125,0,1
2024440440129,2024,440440129,1,9,0,9,9,2,3,0,0,6,0,0,0,0,3,1,2,2,2,21,5,-1,-1,-1,-1,1,E01017205,0,1
2024332400492,2024,332400492,2,9,0,-1,6,8,8,-1,0,1,0,0,0,0,0,1,-1,6,3,-1,-1,-1,-1,-1,-1,-1,-1,0,-1
2024010488170,2024,010488170,2,9,9,18,19,1,5,99,99,9,9,0,0,0,4,9,6,6,3,-1,-1,-1,-1,-1,-1,-1,-1,0,-1
2024371489865,2024,371489865,3,9,0,-1,4,1,2,-1,0,1,0,0,0,0,0,1,-1,9,2,49,8,-1,-1,-1,-1,6,E01029992,0,3
2024430135657,2024,430135657,2,1,0,18,19,8,4,0,0,8,0,0,0,0,1,1,1,1,1,15,3,-1,-1,-1,-1,5,E01016359,0,1
2024231518274,2024,231518274,2,1,0,-1,19,3,7,-1,0,6,0,0,0,0,1,1,-1,6,1,11,3,-1,-1,-1,-1,7,E01031334,0,1
2024010511104,2024,010511104,1,9,0,18,19,3,7,0,0,8,0,0,0,0,1,1,6,6,3,-1,-1,-1,-1,-1,-1,-1,-1,0,-1
2024471398648,2024,471398648,2,9,0,-1,14,5,1,-1,0,0,0,0,0,0,2,1,-1,9,2,49,8,-1,-1,-1,-1,3,E01031400,0,1
2024010493538,2024,010493538,1,9,0,18,19,7,3,0,0,0,1,0,0,0,2,1,6,6,1,49,8,-1,-1,-1,-1,3,E01001492,0,3
2024461403657,2024,461403657,2,9,0,-1,19,7,3,-1,0,0,0,0,0,0,2,9,-1,6,2,47,8,-1,-1,-1,-1,10,E01024320,0,1
2024311460741,2024,311460741,1,9,0,-1,13,3,7,-1,0,0,5,0,0,0,1,1,-1,6,1,26,6,-1,-1,-1,-1,10,E01028218,0,1
2024302401752,2024,302401752,1,9,0,-1,4,3,7,-1,0,1,0,0,0,0,2,1,-1,6,1,20,4,-1,-1,-1,-1,5,E01013595,0,2
2024010527674,2024,010527674,2,1,0,9,9,1,7,0,0,3,5,0,0,0,4,1,6,6,1,66,10,-1,-1,-1,-1,10,E01003457,0,3
2024010491486,2024,010491486,1,9,0,99,99,9,9,99,99,9,9,99,9,99,9,9,6,6,2,20,4,-1,-1,-1,-1,1,E01024612,0,4
2024201501578,2024,201501578,2,1,0,-1,19,4,8,-1,0,0,0,0,0,0,0,1,-1,7,2,31,6,-1,-1,-1,-1,1,E01010277,0,1
2024010534775,2024,010534775,1,1,0,18,19,7,3,9,9,1,0,0,0,0,1,1,1,1,1,29,6,-1,-1,-1,-1,2,E01033881,0,1
2024010495405,2024,010495405,1,9,0,99,99,9,9,99,99,0,9,99,9,99,9,9,2,2,1,22,5,-1,-1,-1,-1,5,E01000450,0,1
2024421401603,2024,421401603,1,9,0,-1,19,7,3,-1,0,4,0,0,0,0,1,1,-1,6,1,-1,-1,-1,-1,-1,-1,-1,-1,0,-1
2024421445861,2024,421445861,2,1,0,-1,19,3,7,-1,9,1,0,0,0,0,1,1,-1,9,1,9,2,-1,-1,-1,-1,10,E01021284,0,1
2024221486630,2024,221486630,2,1,0,-1,19,5,1,-1,0,8,0,0,7,10,4,1,-1,9,1,67,10,-1,-1,-1,-1,8,E01032285,0,1
2024461429562,2024,461429562,5,9,0,-1,2,3,7,-1,9,0,0,0,0,0,3,2,-1,6,-1,-1,-1,-1,-1,-1,-1,-1,-1,0,-1
2024401471550,2024,401471550,1,9,0,-1,19,8,4,-1,0,0,0,0,0,0,3,1,-1,1,2,38,7,-1,-1,-1,-1,7,E01017593,0,3
2024440518786,2024,440518786,2,1,0,18,19,2,6,0,0,0,0,0,0,0,2,1,2,2,1,57,9,-1,-1,-1,-1,10,E01022467,0,1
2024332400023,2024,332400023,6,9,0,-1,19,1,5,-1,0,0,0,0,0,0,1,1,-1,9,1,25,5,-1,-1,-1,-1,7,E01009550,0,4
2024361444851,2024,361444851,1,9,0,-1,15,4,8,-1,0,0,0,0,0,0,4,1,-1,6,3,-1,-1,-1,-1,-1,-1,-1,-1,0,-1
2024010544260,2024,010544260,1,1,9,99,99,9,9,99,99,9,9,99,9,99,1,1,2,2,1,-1,-1,-1,-1,-1,-1,2,E01035664,0,1
2024010491471,2024,010491471,1,1,9,99,99,9,9,99,99,9,9,99,9,99,9,1,6,6,1,40,7,-1,-1,-1,-1,6,E01034486,0,1
2024010543400,2024,010543400,1,3,0,-1,-1,1,5,0,0,0,0,0,0,0,2,1,6,6,1,23,5,-1,-1,-1,-1,2,E01001549,0,1
2024010530961,2024,010530961,1,9,0,18,19,3,7,0,0,3,0,0,0,0,1,1,6,6,3,-1,-1,-1,-1,-1,-1,-1,-1,0,-1
2024010503727,2024,010503727,1,1,3,18,19,1,5,0,0,8,0,0,0,0,4,1,6,6,2,26,6,-1,-1,-1,-1,3,E01001830,0,1
2024991507181,2024,991507181,1,1,0,-1,19,8,4,-1,0,2,0,0,0,0,3,1,-1,6,2,45,7,-1,-1,-1,-1,10,-1,0,1
2024010495768,2024,010495768,1,9,0,5,5,4,8,9,9,1,0,0,7,10,1,1,6,6,1,33,6,-1,-1,-1,-1,5,E01003028,0,1
2024411419683,2024,411419683,1,9,-1,-1,-1,-1,-1,-1,-1,-1,-1,-1,-1,0,-1,9,-1,6,3,-1,-1,-1,-1,-1,-1,-1,-1,0,-1
2024010490736,2024,010490736,1,9,0,10,10,1,6,0,0,1,0,0,0,0,1,1,6,6,1,37,7,-1,-1,-1,-1,8,E01003815,0,1
202454C211324,2024,54C211324,1,9,0,18,19,1,6,0,0,0,0,0,0,0,4,1,6,6,3,-1,-1,-1,-1,-1,-1,-1,-1,0,-1
2024141432941,2024,141432941,2,9,0,-1,12,2,7,-1,0,1,0,0,0,0,1,9,-1,6,3,-1,-1,-1,-1,-1,-1,-1,-1,0,-1
2024010515951,2024,010515951,1,9,0,99,99,9,9,99,99,9,9,99,9,99,9,1,6,6,3,-1,-1,-1,-1,-1,-1,-1,-1,0,-1
2024010491137,2024,010491137,2,9,0,4,4,1,5,0,0,0,0,0,0,0,1,1,6,6,1,24,5,-1,-1,-1,-1,3,E01001715,0,3
2024371479260,2024,371479260,1,9,0,-1,19,7,5,-1,0,8,0,0,0,0,1,1,-1,6,2,25,5,-1,-1,-1,-1,-1,-1,0,-1
2024622400232,2024,622400232,2,1,0,18,19,8,4,0,0,2,0,0,0,0,1,1,6,6,1,63,9,-1,-1,-1,-1,10,W01000904,0,3
2024010511374,2024,010511374,2,1,9,99,99,9,9,99,99,6,9,99,9,99,9,1,6,6,1,-1,-1,-1,-1,-1,-1,-1,-1,0,-1
2024430040847,2024,430040847,1,9,0,18,19,1,5,0,0,0,0,0,0,0,1,1,1,1,1,34,6,-1,-1,-1,-1,6,E01002928,0,4
2024451463174,2024,451463174,2,9,0,-1,7,3,1,-1,0,0,0,0,0,0,1,1,-1,2,1,38,7,-1,-1,-1,-1,4,E01034287,0,2
2024010494320,2024,010494320,2,9,0,99,99,9,9,99,99,9,9,99,9,99,9,9,6,6,3,-1,-1,-1,-1,-1,-1,3,E01000163,0,1
2024440464918,2024,440464918,1,21,1,18,19,4,8,0,0,1,0,0,0,0,1,1,1,1,1,52,8,-1,-1,-1,-1,1,E01017032,0,4
2024161450583,2024,161450583,2,1,0,-1,12,2,6,-1,0,0,0,0,0,0,4,1,-1,6,1,36,7,-1,-1,-1,-1,3,E01013231,0,1
2024010539485,2024,010539485,1,9,0,18,19,1,5,0,0,1,0,0,0,0,1,1,6,6,3,-1,-1,-1,-1,-1,-1,4,E01001296,0,1
2024010510756,2024,010510756,1,1,9,99,99,9,9,99,99,9,9,99,9,99,9,1,6,6,1,50,8,-1,-1,-1,-1,7,E01004192,0,1
2024610014624,2024,610014624,2,1,0,9,9,8,6,0,0,1,0,0,0,0,3,1,6,6,1,14,3,-1,-1,-1,-1,5,W01001360,0,1
2024430115626,2024,430115626,1,19,0,16,19,2,8,0,0,0,0,0,0,0,1,1,1,1,1,55,8,-1,-1,-1,-1,7,E01028488,0,4
2024131505363,2024,131505363,2,9,0,-1,9,8,4,-1,0,8,0,0,0,0,1,1,-1,1,1,59,9,-1,-1,-1,-1,9,E01010589,0,2
2024010505928,2024,010505928,2,9,0,99,99,9,9,0,0,9,9,99,9,99,1,9,6,6,3,-1,-1,-1,-1,-1,-1,-1,-1,0,-1
2024111430441,2024,111430441,1,9,0,-1,19,3,7,-1,0,0,0,0,0,0,1,1,-1,6,3,30,6,-1,-1,-1,-1,-1,-1,0,-1
2024522401849,2024,522401849,2,9,0,12,12,5,1,0,0,1,0,0,0,0,3,1,6,6,3,-1,-1,-1,-1,-1,-1,-1,-1,0,-1
2024010495811,2024,010495811,3,9,0,99,99,9,9,99,99,9,9,99,9,99,2,9,6,6,3,-1,-1,-1,-1,-1,-1,-1,-1,0,-1
2024141452487,2024,141452487,1,1,0,-1,7,7,1,-1,0,1,5,0,0,0,3,1,-1,7,2,14,3,-1,-1,-1,-1,4,E01007978,0,1
2024501489950,2024,501489950,2,1,0,-1,19,7,3,-1,0,8,5,0,0,0,1,1,-1,6,1,44,7,-1,-1,-1,-1,3,E01019985,0,1
2024440042829,2024,440042829,2,9,0,18,19,1,5,0,0,1,0,0,0,0,1,1,6,6,2,-1,-1,-1,-1,-1,-1,-1,-1,0,-1
2024010525218,2024,010525218,1,9,9,18,19,3,7,0,0,9,9,99,9,99,9,9,6,6,3,-1,-1,-1,-1,-1,-1,-1,-1,0,-1
2024451483784,2024,451483784,2,1,0,-1,19,3,1,-1,0,1,0,0,0,0,1,1,-1,6,1,36,7,-1,-1,-1,-1,-1,-1,0,-1
2024320717141,2024,320717141,2,5,0,-1,-1,1,7,0,0,8,0,0,0,0,4,1,-1,-1,1,62,9,-1,-1,-1,-1,4,E01026245,0,1
2024101453933,2024,101453933,1,3,0,-1,14,6,2,-1,0,0,0,0,0,0,1,1,-1,6,1,25,5,-1,-1,-1,-1,-1,-1,0,-1
2024311454960,2024,311454960,1,9,0,-1,19,2,6,-1,0,3,5,0,4,0,1,1,-1,6,1,20,4,-1,-1,-1,-1,9,E01028197,0,2
2024531466813,2024,531466813,1,9,0,-1,13,5,1,-1,0,0,0,0,0,0,1,2,-1,9,1,49,8,-1,-1,-1,-1,-1,-1,0,-1
2024101468380,2024,101468380,2,1,0,-1,9,4,1,-1,0,5,0,0,0,0,4,1,-1,6,1,41,7,-1,-1,-1,-1,1,E01008450,0,1
2024141471727,2024,141471727,2,1,0,-1,19,6,2,-1,0,4,5,0,0,0,4,1,-1,6,1,65,9,-1,-1,-1,-1,9,E01007475,0,1
2024010492847,2024,010492847,2,9,0,99,99,9,9,99,99,9,9,99,9,99,9,9,6,6,3,-1,-1,-1,-1,-1,-1,-1,-1,0,-1
2024421421085,2024,421421085,1,9,0,-1,19,4,2,-1,0,2,0,0,0,0,3,1,-1,6,1,26,6,-1,-1,-1,-1,3,E01015934,0,3
2024522403102,2024,522403102,1,9,0,11,11,4,8,0,0,0,0,0,0,0,1,1,6,6,1,-1,-1,-1,-1,-1,-1,-1,-1,0,-1
2024010511634,2024,010511634,1,1,9,99,99,9,9,99,99,9,9,99,9,99,9,1,2,2,2,38,7,-1,-1,-1,-1,2,E01004003,0,1
2024070256432,2024,070256432,2,1,0,18,19,3,7,6,6,1,0,0,0,0,2,1,6,6,1,71,10,-1,-1,-1,-1,2,E01032511,0,3
2024141518432,2024,141518432,2,1,0,-1,19,5,1,-1,0,1,0,0,0,0,1,1,-1,6,1,63,9,-1,-1,-1,-1,5,E01033274,0,1
2024010489002,2024,010489002,2,4,0,5,5,7,3,0,0,6,0,0,0,0,3,1,2,2,1,29,6,-1,-1,-1,-1,5,E01001173,0,1
2024411440648,2024,411440648,2,1,0,-1,-1,5,1,-1,0,-1,0,0,-1,0,1,1,-1,2,2,43,7,-1,-1,-1,-1,5,E01023828,0,2
2024101397007,2024,101397007,2,9,0,-1,19,5,1,-1,0,0,0,0,0,0,1,1,-1,2,1,26,6,-1,-1,-1,-1,3,E01008349,0,1
2024302400789,2024,302400789,3,9,0,4,4,7,3,0,0,0,0,0,0,0,2,1,1,1,1,48,8,-1,-1,-1,-1,4,E01025718,0,4
2024010492641,2024,010492641,1,9,0,99,99,9,9,99,99,0,9,99,9,99,9,9,6,6,2,34,6,-1,-1,-1,-1,6,E01004049,0,1
2024161532241,2024,161532241,1,97,0,-1,19,5,1,-1,0,0,1,4,0,0,3,1,-1,6,1,32,6,-1,-1,-1,-1,1,E01013159,0,1
2024430037480,2024,430037480,1,9,0,14,14,4,8,0,0,0,0,4,0,0,1,1,3,7,2,27,6,-1,-1,-1,-1,3,E01017709,0,1
202417L209824,2024,17L209824,2,9,0,-1,19,2,6,-1,0,0,0,0,0,0,4,1,-1,6,3,-1,-1,-1,-1,-1,-1,-1,-1,0,-1
2024522500415,2024,522500415,1,98,0,1,1,1,5,0,0,0,0,0,0,0,2,1,6,6,1,-1,-1,-1,-1,-1,-1,-1,-1,0,-1
2024010504664,2024,010504664,1,9,0,13,13,3,7,0,0,1,0,0,0,0,4,1,6,6,3,-1,-1,-1,-1,-1,-1,-1,-1,0,-1
2024991484494,2024,991484494,4,9,0,-1,19,6,2,-1,0,0,0,0,0,0,2,1,-1,2,1,32,6,-1,-1,-1,-1,-1,-1,0,-1
2024131532091,2024,131532091,1,9,0,-1,12,3,1,-1,0,1,0,0,0,0,1,1,-1,6,2,78,11,-1,-1,-1,-1,1,E01011504,0,2
2024461469102,2024,461469102,1,9,0,-1,19,5,1,-1,9,0,0,10,0,0,-1,9,-1,6,3,-1,-1,-1,-1,-1,-1,-1,-1,0,-1
2024010503745,2024,010503745,1,1,9,99,99,9,9,99,99,9,9,99,9,99,1,1,6,6,2,49,8,-1,-1,-1,-1,3,E01004746,0,1
2024041529519,2024,041529519,1,9,0,-1,19,5,7,-1,0,6,0,0,0,0,4,9,-1,6,1,30,6,-1,-1,-1,-1,6,E01025222,0,1
2024061466440,2024,061466440,2,9,-1,-1,-1,-1,-1,-1,-1,-1,-1,-1,-1,0,-1,9,-1,6,2,-1,-1,-1,-1,-1,-1,-1,-1,0,-1
2024991400729,2024,991400729,1,9,0,-1,19,5,1,-1,0,0,0,0,0,0,1,1,-1,9,2,73,10,-1,-1,-1,-1,3,-1,0,1
2024010489123,2024,010489123,2,9,9,99,99,9,9,99,99,8,9,99,9,99,9,9,6,6,3,-1,-1,-1,-1,-1,-1,-1,-1,0,-1
2024010537792,2024,010537792,2,1,0,4,4,3,7,4,4,0,0,0,0,0,4,1,2,2,1,46,8,-1,-1,-1,-1,8,E01000281,0,3
2024010511406,2024,010511406,2,97,0,99,99,9,9,99,99,0,9,99,9,99,9,9,6,6,3,-1,-1,-1,-1,-1,-1,-1,-1,0,-1
2024010512348,2024,010512348,2,1,0,5,5,8,4,0,0,8,0,0,0,0,3,1,2,2,1,45,7,-1,-1,-1,-1,4,E01003074,0,1
2024010546480,2024,010546480,1,9,0,7,7,7,1,0,0,1,0,0,0,0,1,1,6,6,1,20,4,-1,-1,-1,-1,4,E01003410,0,1
2024010533952,2024,010533952,1,-1,9,99,99,9,9,99,99,9,9,99,9,99,9,9,6,6,3,-1,-1,-1,-1,-1,-1,-1,-1,1,-1
2024401452069,2024,401452069,2,1,0,-1,19,1,5,-1,0,6,0,0,0,0,-1,1,-1,7,2,8,2,-1,-1,-1,-1,2,E01015749,0,1
2024010519369,2024,010519369,1,1,9,99,99,9,9,99,99,9,9,99,9,99,9,1,6,6,2,38,7,-1,-1,-1,-1,2,E01004394,0,1
2024010505166,2024,010505166,2,9,0,9,9,6,4,0,0,0,0,0,0,0,4,1,3,7,2,52,8,-1,-1,-1,-1,10,E01030855,0,1
2024451433270,2024,451433270,2,1,0,-1,19,8,2,-1,0,0,0,0,0,0,4,1,-1,6,1,25,5,-1,-1,-1,-1,7,E01030583,0,1
2024061442332,2024,061442332,2,9,-1,-1,9,-1,-1,-1,0,1,4,99,0,0,4,1,-1,6,3,-1,-1,-1,-1,-1,-1,-1,-1,0,-1
2024540190324,2024,540190324,3,9,0,18,19,2,6,0,0,0,0,0,7,0,1,1,1,1,1,31,6,-1,-1,-1,-1,9,E01023197,0,4
2024351503430,2024,351503430,2,98,1,-1,15,2,4,-1,0,0,0,0,0,0,1,1,-1,1,1,59,9,-1,-1,-1,-1,9,E01023493,0,3
2024421459019,2024,421459019,3,1,0,-1,19,1,6,-1,0,8,0,0,0,0,1,1,-1,9,1,53,8,-1,-1,-1,-1,7,E01021950,0,2