collision_index,collision_year,collision_ref_no,vehicle_reference,vehicle_type,towing_and_articulation,vehicle_manoeuvre_historic,vehicle_manoeuvre,vehicle_direction_from,vehicle_direction_to,vehicle_location_restricted_lane_historic,vehicle_location_restricted_lane,junction_location,skidding_and_overturning,hit_object_in_carriageway,vehicle_leaving_carriageway,hit_object_off_carriageway,first_point_of_impact,vehicle_left_hand_drive,journey_purpose_of_driver_historic,journey_purpose_of_driver,sex_of_driver,age_of_driver,age_band_of_driver,engine_capacity_cc,propulsion_code,age_of_vehicle,generic_make_model,driver_imd_decile,lsoa_of_driver,escooter_flag,driver_distance_banding
2024440542774,2024,440542774,2,9,0,9,9,7,5,0,0,6,0,0,0,0,1,1,6,6,1,-1,-1,-1,-1,-1,-1,-1,-1,0,-1
2024440030221,2024,440030221,1,9,0,18,19,1,5,0,0,0,0,11,0,0,1,1,6,6,1,28,6,-1,-1,-1,-1,-1,-1,0,-1
2024421438843,2024,421438843,1,9,0,-1,19,2,6,-1,0,0,0,0,0,0,1,1,-1,6,2,29,6,-1,-1,-1,-1,2,E01002356,0,3
2024010491490,2024,010491490,1,3,0,18,19,5,1,0,0,8,0,0,0,0,3,1,3,7,1,31,6,-1,-1,-1,-1,6,E01000284,0,1
2024101509047,2024,101509047,1,9,-1,-1,19,5,1,-1,-1,0,0,0,0,0,1,9,-1,6,3,-1,-1,-1,-1,-1,-1,-1,-1,0,-1
2024430016029,2024,430016029,1,19,0,18,19,9,9,0,0,0,0,0,0,0,2,1,2,2,1,33,6,-1,-1,-1,-1,10,E01017882,0,1
2024041471848,2024,041471848,1,90,0,-1,7,3,7,-1,0,1,0,0,0,0,3,1,-1,9,1,16,4,-1,-1,-1,-1,3,E01012715,0,1
2024010501038,2024,010501038,3,11,0,3,3,6,2,0,0,0,0,0,0,0,3,1,6,6,1,31,6,-1,-1,-1,-1,4,E01000472,0,3
2024071021726,2024,071021726,1,9,0,-1,10,5,1,-1,0,4,0,0,0,0,2,1,-1,6,1,75,10,-1,-1,-1,-1,-1,-1,0,-1
2024052400847,2024,052400847,2,1,0,5,5,7,3,0,0,0,0,0,0,0,3,1,6,6,1,27,6,-1,-1,-1,-1,1,E01006418,0,1
2024010487500,2024,010487500,2,19,0,9,9,2,8,0,0,5,0,0,0,0,4,1,1,1,2,46,8,-1,-1,-1,-1,8,E01002239,0,3
2024101453191,2024,101453191,2,1,0,-1,19,4,1,-1,0,0,0,0,0,0,4,1,-1,9,1,6,2,-1,-1,-1,-1,1,E01008714,0,1
2024411477253,2024,411477253,2,1,-1,-1,-1,-1,-1,-1,-1,0,-1,-1,-1,0,4,1,-1,9,1,10,2,-1,-1,-1,-1,5,E01023830,0,1
2024451447898,2024,451447898,1,9,0,-1,3,7,3,-1,0,0,0,0,0,0,2,1,-1,9,1,65,9,-1,-1,-1,-1,3,E01000984,0,3
2024471499146,2024,471499146,1,98,0,-1,19,-1,-1,-1,0,1,0,0,0,0,1,9,-1,6,3,-1,-1,-1,-1,-1,-1,-1,-1,0,-1
2024052401544,2024,052401544,2,9,0,18,19,4,1,0,0,8,0,0,0,0,1,1,6,6,1,27,6,-1,-1,-1,-1,1,E01006552,0,1
2024991496135,2024,991496135,1,1,0,-1,19,8,4,-1,0,0,0,0,0,0,1,1,-1,6,3,20,4,-1,-1,-1,-1,-1,-1,0,-1
2024440268615,2024,440268615,2,9,0,18,19,2,7,0,0,8,0,0,0,0,4,1,6,6,1,36,7,-1,-1,-1,-1,8,E01023069,0,3
2024461465703,2024,461465703,1,17,0,-1,19,3,7,-1,0,8,0,0,0,0,1,9,-1,6,1,33,6,-1,-1,-1,-1,-1,-1,0,-1
2024430503907,2024,430503907,1,-1,0,18,19,3,7,0,0,8,0,0,0,0,1,1,6,6,1,30,6,-1,-1,-1,-1,9,E01016833,1,1
2024622400321,2024,622400321,1,9,0,9,9,5,2,0,0,2,0,0,0,0,3,1,6,6,1,80,11,-1,-1,-1,-1,9,W01000609,0,5
2024522402376,2024,522402376,2,9,0,13,13,7,3,0,0,2,0,0,0,0,1,9,6,6,3,-1,-1,-1,-1,-1,-1,-1,-1,0,-1
2024161439740,2024,161439740,2,1,0,-1,19,1,5,-1,0,0,0,0,0,0,1,1,-1,6,1,15,3,-1,-1,-1,-1,1,E01013229,0,1
2024010526052,2024,010526052,1,1,9,99,99,9,9,99,99,0,9,99,9,99,9,1,1,1,1,30,6,-1,-1,-1,-1,3,E01004000,0,1
2024122500160,2024,122500160,1,9,0,13,13,5,1,0,0,0,0,0,0,0,4,1,6,6,1,68,10,-1,-1,-1,-1,2,E01011123,0,4
2024351411975,2024,351411975,2,1,0,-1,19,1,5,-1,0,1,2,0,0,0,1,1,-1,9,2,25,5,-1,-1,-1,-1,6,E01035515,0,1
2024010542674,2024,010542674,2,1,0,14,14,7,3,0,0,0,0,0,0,0,1,1,1,1,1,26,6,-1,-1,-1,-1,4,E01001174,0,3
2024430354226,2024,430354226,2,1,0,18,19,8,4,0,0,8,0,0,0,0,4,1,6,6,1,60,9,-1,-1,-1,-1,10,E01016602,0,1
2024122400498,2024,122400498,2,2,0,18,19,5,1,0,0,1,0,0,0,0,1,1,4,7,1,16,4,-1,-1,-1,-1,9,E01027704,0,1
2024010551370,2024,010551370,1,1,9,99,99,9,9,99,99,9,9,99,9,99,2,1,6,6,2,37,7,-1,-1,-1,-1,-1,-1,0,-1
2024010531972,2024,010531972,2,9,0,99,99,9,9,99,99,9,9,99,9,99,9,9,6,6,3,-1,-1,-1,-1,-1,-1,-1,-1,0,-1
2024010493391,2024,010493391,1,9,0,18,19,3,7,0,0,1,0,0,0,0,1,1,1,1,1,32,6,-1,-1,-1,-1,10,E01023379,0,4
2024320041915,2024,320041915,2,1,0,-1,-1,8,4,0,0,1,5,0,0,0,3,1,6,6,1,66,10,-1,-1,-1,-1,3,E01034681,0,1
2024010545872,2024,010545872,2,1,0,18,19,5,1,0,0,0,2,0,0,0,1,1,2,2,1,30,6,-1,-1,-1,-1,5,E01004579,0,1
2024010502518,2024,010502518,2,9,0,99,99,9,9,99,99,9,9,99,9,99,1,9,6,6,3,-1,-1,-1,-1,-1,-1,-1,-1,0,-1
2024101564095,2024,101564095,1,3,0,-1,19,1,5,-1,0,1,0,0,0,0,1,1,-1,6,1,16,4,-1,-1,-1,-1,3,E01008751,0,1
2024010497104,2024,010497104,1,9,0,18,19,3,7,0,0,2,1,10,0,0,4,1,6,6,1,24,5,-1,-1,-1,-1,6,E01000631,0,2
2024010530852,2024,010530852,1,9,9,99,99,9,9,99,99,9,9,99,9,99,9,9,6,6,1,24,5,-1,-1,-1,-1,-1,-1,0,-1
2024440526977,2024,440526977,2,1,0,18,19,8,4,0,0,8,0,0,0,0,1,1,6,6,2,20,4,-1,-1,-1,-1,4,E01017234,0,1
2024201460423,2024,201460423,2,22,0,-1,19,8,4,-1,9,0,0,0,0,0,1,1,-1,6,1,70,10,-1,-1,-1,-1,1,E01009160,0,1
2024411524449,2024,411524449,2,9,0,-1,19,4,8,-1,0,0,0,0,1,1,1,1,-1,7,1,36,7,-1,-1,-1,-1,10,E01023812,0,3
2024461395770,2024,461395770,1,9,0,-1,19,7,3,-1,0,0,0,0,0,0,1,1,-1,1,1,40,7,-1,-1,-1,-1,4,E01024577,0,2
2024141520874,2024,141520874,3,9,0,-1,4,3,7,-1,0,0,0,0,0,0,2,1,-1,9,1,67,10,-1,-1,-1,-1,2,E01007717,0,2
2024440492520,2024,440492520,2,-1,0,18,19,5,1,0,0,8,0,0,0,0,4,1,6,6,1,45,7,-1,-1,-1,-1,1,E01017281,1,1
2024010488611,2024,010488611,1,9,0,18,19,7,3,0,0,8,0,0,0,0,4,1,6,6,2,72,10,-1,-1,-1,-1,5,E01002083,0,1
2024451490659,2024,451490659,1,9,0,-1,9,5,3,-1,0,6,0,0,0,0,3,1,-1,2,1,31,6,-1,-1,-1,-1,5,E01030801,0,4
2024371459486,2024,371459486,1,1,0,-1,5,6,2,-1,0,2,0,0,0,0,4,1,-1,7,1,13,3,-1,-1,-1,-1,10,E01030179,0,1
2024302400748,2024,302400748,2,-1,0,18,19,3,6,0,0,8,0,0,0,0,1,1,6,6,1,26,6,-1,-1,-1,-1,6,E01034656,1,1
2024522402622,2024,522402622,1,9,0,18,19,4,8,0,0,2,0,0,0,0,4,1,6,6,3,-1,-1,-1,-1,-1,-1,-1,-1,0,-1
2024501451959,2024,501451959,1,1,0,-1,19,1,5,-1,0,8,0,0,0,0,1,1,-1,1,1,50,8,-1,-1,-1,-1,5,E01019994,0,1
2024010538686,2024,010538686,1,3,0,99,99,9,9,99,99,9,9,99,9,99,9,1,6,6,3,-1,-1,-1,-1,-1,-1,-1,-1,0,-1
2024622400802,2024,622400802,2,1,0,18,19,8,4,0,0,8,0,0,0,0,1,1,6,6,1,55,8,-1,-1,-1,-1,6,W01001416,0,1
2024522402543,2024,522402543,2,9,0,18,19,2,6,0,0,8,0,0,1,11,4,1,6,6,2,58,9,-1,-1,-1,-1,8,E01014854,0,1
2024610024824,2024,610024824,2,1,0,18,19,3,7,0,0,8,0,0,0,0,3,1,6,6,1,45,7,-1,-1,-1,-1,6,W01001403,0,1
2024010532739,2024,010532739,1,98,0,99,99,9,9,99,99,9,9,99,9,99,1,9,6,6,3,34,6,-1,-1,-1,-1,-1,-1,0,-1
2024531495056,2024,531495056,2,1,0,-1,19,3,7,-1,0,8,0,0,0,0,3,1,-1,2,1,33,6,-1,-1,-1,-1,4,E01022450,0,1
2024010520198,2024,010520198,1,9,0,99,99,9,9,99,99,9,9,99,9,99,1,9,6,6,3,-1,-1,-1,-1,-1,-1,-1,-1,0,-1
2024041499020,2024,041499020,2,9,0,-1,19,5,1,-1,0,1,0,0,0,0,2,1,-1,2,2,57,9,-1,-1,-1,-1,4,E01012701,0,1
2024010487553,2024,010487553,2,1,0,16,19,1,5,0,0,1,0,0,0,0,1,1,6,6,1,16,4,-1,-1,-1,-1,2,E01003591,0,1
2024010522529,2024,010522529,2,4,0,18,19,1,5,0,0,1,0,0,0,0,3,1,2,2,1,57,9,-1,-1,-1,-1,2,E01004129,0,2
2024547863324,2024,547863324,1,9,0,9,9,5,3,0,0,1,0,0,0,0,4,1,6,6,2,39,7,-1,-1,-1,-1,7,E01015560,0,1
2024101398406,2024,101398406,2,1,0,-1,19,7,3,-1,0,1,1,0,0,0,1,1,-1,6,1,49,8,-1,-1,-1,-1,10,E01008495,0,1
2024041470432,2024,041470432,2,1,0,-1,19,5,1,-1,0,0,0,0,1,0,2,1,-1,9,1,17,4,-1,-1,-1,-1,-1,-1,0,-1
2024411451138,2024,411451138,2,1,0,-1,19,8,4,-1,0,8,0,0,0,0,2,1,-1,2,1,28,6,-1,-1,-1,-1,6,E01033308,0,1
2024430580119,2024,430580119,1,1,0,17,19,8,4,0,0,0,1,0,1,4,1,1,6,6,1,35,6,-1,-1,-1,-1,9,E01028610,0,1
2024991505151,2024,991505151,2,9,0,-1,19,7,2,-1,0,0,0,0,0,0,1,1,-1,9,1,52,8,-1,-1,-1,-1,8,-1,0,1
2024010523449,2024,010523449,1,1,9,99,99,9,9,99,99,9,9,99,9,99,9,1,2,2,1,53,8,-1,-1,-1,-1,4,E01002016,0,3
2024010527604,2024,010527604,1,3,0,7,7,4,6,0,0,1,0,0,0,0,4,1,6,6,3,-1,-1,-1,-1,-1,-1,-1,-1,0,-1
2024302401223,2024,302401223,1,9,0,11,11,1,4,0,0,3,0,0,0,0,1,1,6,6,1,55,8,-1,-1,-1,-1,-1,-1,0,-1
2024010492683,2024,010492683,1,1,9,99,99,9,9,99,99,9,9,99,9,99,2,1,6,6,1,76,11,-1,-1,-1,-1,9,E01000842,0,1
2024430043335,2024,430043335,3,19,0,10,10,8,6,0,0,1,0,0,0,0,1,1,6,6,1,-1,-1,-1,-1,-1,-1,-1,-1,0,-1
2024070460177,2024,070460177,1,9,0,5,5,7,3,0,0,6,0,0,0,0,1,1,6,6,2,-1,-1,-1,-1,-1,-1,-1,-1,0,-1
2024010493185,2024,010493185,1,9,0,18,19,7,3,0,0,1,0,11,0,0,1,1,6,6,1,46,8,-1,-1,-1,-1,3,E01034045,0,1
2024061443331,2024,061443331,2,1,0,-1,19,-1,-1,-1,9,0,0,0,0,0,4,1,-1,6,1,16,4,-1,-1,-1,-1,3,E01004777,0,1
2024111515025,2024,111515025,2,1,0,-1,19,7,4,-1,0,8,0,0,0,0,1,1,-1,9,1,30,6,-1,-1,-1,-1,-1,-1,0,-1
2024421432524,2024,421432524,1,9,0,-1,19,5,1,-1,0,0,1,7,7,6,3,1,-1,2,1,20,4,-1,-1,-1,-1,9,E01023653,0,4
2024131460543,2024,131460543,1,98,0,-1,-1,-1,-1,-1,-1,8,-1,-1,-1,0,-1,1,-1,6,3,-1,-1,-1,-1,-1,-1,-1,-1,0,-1
2024201483060,2024,201483060,1,11,0,-1,4,1,1,-1,0,1,0,0,0,0,1,1,-1,1,2,37,7,-1,-1,-1,-1,1,E01034921,0,1
2024991445571,2024,991445571,2,1,0,-1,19,8,4,-1,0,1,0,0,0,0,3,1,-1,6,1,79,11,-1,-1,-1,-1,9,-1,0,1
2024061396965,2024,061396965,2,9,0,-1,19,1,5,-1,0,0,0,0,0,0,1,1,-1,6,2,50,8,-1,-1,-1,-1,-1,-1,0,-1
2024340WN6572,2024,340WN6572,1,11,0,-1,6,5,5,-1,2,1,0,0,0,0,4,1,-1,1,3,-1,-1,-1,-1,-1,-1,-1,-1,0,-1
2024991497468,2024,991497468,2,1,0,-1,19,5,1,-1,0,8,5,0,0,0,1,1,-1,1,1,17,4,-1,-1,-1,-1,-1,-1,0,-1
2024010510952,2024,010510952,2,1,0,15,15,1,5,0,0,8,0,0,0,0,1,1,6,6,1,33,6,-1,-1,-1,-1,5,E01001247,0,1
2024201414276,2024,201414276,1,9,0,-1,19,1,5,-1,0,4,0,0,0,0,0,1,-1,6,1,-1,-1,-1,-1,-1,-1,-1,-1,0,-1
2024549826924,2024,549826924,4,21,0,3,3,6,2,0,0,0,0,0,0,0,1,1,1,1,1,55,8,-1,-1,-1,-1,8,E01032693,0,4
2024451400050,2024,451400050,2,9,0,-1,19,3,6,-1,0,0,0,0,0,0,1,1,-1,9,2,64,9,-1,-1,-1,-1,4,E01030788,0,1
2024552401533,2024,552401533,2,1,0,3,3,5,1,0,0,1,0,0,0,0,4,1,6,6,1,35,6,-1,-1,-1,-1,5,E01015372,0,1
2024430358248,2024,430358248,1,23,0,18,19,1,5,0,0,8,0,0,0,0,1,1,6,6,1,21,5,-1,-1,-1,-1,4,E01016514,0,1
2024010518405,2024,010518405,2,1,9,18,19,9,9,99,99,0,9,99,9,99,1,1,6,6,1,-1,-1,-1,-1,-1,-1,-1,-1,0,-1
2024351535759,2024,351535759,2,1,0,-1,19,6,2,-1,0,0,5,0,0,0,2,1,-1,6,1,55,8,-1,-1,-1,-1,6,E01002020,0,4
2024101500428,2024,101500428,1,1,0,-1,19,2,6,-1,0,8,5,0,0,0,1,1,-1,6,1,-1,-1,-1,-1,-1,-1,-1,-1,0,-1
2024010496524,2024,010496524,1,3,0,99,99,9,9,99,99,9,9,99,9,99,1,1,2,2,1,24,5,-1,-1,-1,-1,2,E01002002,0,1
2024311445426,2024,311445426,2,1,0,-1,5,3,7,-1,0,8,0,0,0,0,4,1,-1,6,2,53,8,-1,-1,-1,-1,1,E01028068,0,1
2024201412624,2024,201412624,2,9,0,-1,19,1,5,-1,0,8,0,0,0,0,1,1,-1,6,3,-1,-1,-1,-1,-1,-1,-1,-1,0,-1
2024991443243,2024,991443243,2,11,0,-1,19,6,2,-1,0,1,0,0,0,0,1,1,-1,1,1,48,8,-1,-1,-1,-1,9,-1,0,4
2024122500229,2024,122500229,1,9,0,18,19,7,3,0,0,1,0,0,0,0,1,1,6,6,1,44,7,-1,-1,-1,-1,6,E01009467,0,5
2024440084498,2024,440084498,2,9,0,4,4,6,2,0,0,0,0,0,0,0,2,1,6,6,1,-1,-1,-1,-1,-1,-1,-1,-1,0,-1
2024361509536,2024,361509536,1,99,-1,-1,-1,-1,-1,-1,-1,-1,-1,-1,-1,0,-1,9,-1,6,3,-1,-1,-1,-1,-1,-1,-1,-1,0,-1
2024111442583,2024,111442583,2,9,0,-1,4,4,2,-1,0,1,0,0,0,0,2,1,-1,9,2,20,4,-1,-1,-1,-1,3,E01020649,0,1
2024430047487,2024,430047487,2,1,0,18,19,4,8,0,0,8,0,0,0,0,3,1,6,6,2,23,5,-1,-1,-1,-1,6,E01028575,0,1
2024131510054,2024,131510054,2,1,0,-1,19,4,8,-1,0,1,0,0,0,0,0,1,-1,1,1,35,6,-1,-1,-1,-1,1,E01011429,0,1
2024010532769,2024,010532769,1,1,9,99,99,9,9,99,99,9,9,99,9,99,9,1,1,1,1,41,7,-1,-1,-1,-1,3,E01002031,0,1
2024052400097,2024,052400097,1,9,0,18,19,4,8,0,0,1,0,0,0,0,1,1,6,6,3,-1,-1,-1,-1,-1,-1,-1,-1,0,-1
2024010539442,2024,010539442,2,9,0,99,99,9,9,99,99,9,9,99,9,99,9,9,6,6,2,54,8,-1,-1,-1,-1,10,E01023825,0,3
2024010534758,2024,010534758,1,1,9,99,99,9,9,99,99,0,9,99,9,99,9,1,6,6,3,-1,-1,-1,-1,-1,-1,-1,-1,0,-1
2024010526138,2024,010526138,2,1,0,18,19,7,3,0,0,8,0,0,0,0,1,1,6,6,2,28,6,-1,-1,-1,-1,4,E01003053,0,1
2024451442001,2024,451442001,2,90,0,-1,19,3,7,-1,0,0,0,0,0,0,2,1,-1,2,1,36,7,-1,-1,-1,-1,6,E01030767,0,2
2024421454436,2024,421454436,1,9,0,-1,19,1,1,-1,0,0,0,0,0,0,1,1,-1,9,1,87,11,-1,-1,-1,-1,-1,-1,0,-1
2024501468458,2024,501468458,2,9,0,-1,19,1,7,-1,99,1,0,0,0,0,0,1,-1,6,3,-1,-1,-1,-1,-1,-1,-1,-1,0,-1
2024451524504,2024,451524504,1,9,0,-1,19,1,5,-1,0,0,0,0,0,0,4,1,-1,6,2,25,5,-1,-1,-1,-1,-1,-1,0,-1
2024302400061,2024,302400061,1,9,0,18,19,1,4,0,0,1,0,0,0,0,1,1,6,6,1,20,4,-1,-1,-1,-1,6,E01013541,0,1
2024070315262,2024,070315262,1,23,0,18,19,5,1,0,0,8,0,0,0,0,1,1,6,6,1,15,3,-1,-1,-1,-1,1,E01012367,0,1
2024221414612,2024,221414612,1,9,0,-1,19,8,4,-1,0,0,5,0,2,0,1,1,-1,6,1,21,5,-1,-1,-1,-1,4,E01014191,0,2
2024010544590,2024,010544590,1,1,0,18,19,7,3,0,0,1,0,0,0,0,4,1,1,1,1,18,4,-1,-1,-1,-1,5,E01003700,0,1
2024141421673,2024,141421673,2,9,0,-1,9,3,1,-1,0,8,0,0,0,0,1,1,-1,6,3,-1,-1,-1,-1,-1,-1,-1,-1,0,-1
2024411411912,2024,411411912,1,9,-1,-1,-1,-1,-1,-1,-1,0,-1,-1,-1,0,-1,9,-1,6,1,58,9,-1,-1,-1,-1,9,E01023612,0,1
2024010513092,2024,010513092,2,19,9,99,99,9,9,99,99,9,9,99,9,99,9,9,6,6,3,-1,-1,-1,-1,-1,-1,-1,-1,0,-1
2024211503773,2024,211503773,2,1,0,-1,15,3,7,-1,0,0,0,0,0,0,4,1,-1,2,1,38,7,-1,-1,-1,-1,-1,-1,0,-1
2024131446323,2024,131446323,1,1,0,-1,19,1,5,-1,0,1,0,0,0,0,1,1,-1,1,1,19,4,-1,-1,-1,-1,1,E01011349,0,1
2024201470230,2024,201470230,2,9,0,-1,15,7,3,-1,0,2,1,0,0,0,1,1,-1,6,-1,-1,-1,-1,-1,-1,-1,-1,-1,0,-1
2024440525254,2024,440525254,2,1,0,18,19,4,8,0,0,6,0,0,0,0,3,1,1,1,2,26,6,-1,-1,-1,-1,3,E01017228,0,1
2024010488870,2024,010488870,1,9,0,6,6,7,7,0,0,1,0,0,0,0,4,1,6,6,1,40,7,-1,-1,-1,-1,9,E01002472,0,1
2024221498634,2024,221498634,1,9,0,-1,19,6,2,-1,0,0,0,0,0,0,3,9,-1,6,3,21,5,-1,-1,-1,-1,-1,-1,0,-1
2024010488417,2024,010488417,1,9,0,18,19,7,3,0,0,0,0,0,0,0,1,1,3,7,2,41,7,-1,-1,-1,-1,2,E01004014,0,1
2024131514174,2024,131514174,1,8,0,-1,19,5,1,-1,0,8,0,0,0,0,-1,1,-1,6,3,-1,-1,-1,-1,-1,-1,-1,-1,0,-1
2024501512151,2024,501512151,2,1,0,-1,19,7,3,-1,0,1,0,0,0,0,1,1,-1,9,1,35,6,-1,-1,-1,-1,6,E01015132,0,1
2024361491291,2024,361491291,1,1,0,-1,-1,-1,-1,-1,-1,-1,-1,-1,-1,0,4,1,-1,6,1,-1,-1,-1,-1,-1,-1,-1,-1,0,-1
2024201471992,2024,201471992,2,1,0,-1,19,8,4,-1,0,1,0,0,0,0,1,1,-1,6,1,15,3,-1,-1,-1,-1,5,E01010022,0,1
2024522402268,2024,522402268,1,1,0,99,99,9,9,0,0,8,0,0,0,0,9,1,6,6,2,33,6,-1,-1,-1,-1,5,E01033364,0,1
2024010495328,2024,010495328,1,11,0,5,5,0,1,0,0,6,0,0,0,0,0,1,1,1,1,56,9,-1,-1,-1,-1,3,E01001557,0,1
2024201416089,2024,201416089,2,9,0,-1,9,6,4,-1,0,5,0,0,0,0,1,1,-1,9,-1,-1,-1,-1,-1,-1,-1,-1,-1,0,-1
2024010523303,2024,010523303,1,1,0,3,3,7,3,0,0,1,0,0,0,0,1,1,2,2,1,34,6,-1,-1,-1,-1,4,E01032639,0,1
2024540166423,2024,540166423,1,9,0,13,13,5,8,0,0,0,1,0,1,10,1,1,6,6,1,26,6,-1,-1,-1,-1,10,E01015499,0,1
2024010498500,2024,010498500,1,19,0,18,19,6,2,0,0,2,0,0,0,0,1,1,6,6,3,-1,-1,-1,-1,-1,-1,-1,-1,0,-1
2024010497534,2024,010497534,1,9,9,99,99,9,9,99,99,9,9,99,9,99,9,1,6,6,3,-1,-1,-1,-1,-1,-1,-1,-1,0,-1
2024471458352,2024,471458352,2,1,0,-1,19,7,3,-1,0,2,0,0,0,0,2,1,-1,6,1,29,6,-1,-1,-1,-1,7,E01022925,0,1
2024010535370,2024,010535370,1,1,9,99,99,9,9,99,99,9,9,99,9,99,1,1,6,6,3,-1,-1,-1,-1,-1,-1,-1,-1,0,-1
2024552400915,2024,552400915,2,1,0,18,19,7,3,4,4,8,0,0,0,0,4,1,6,6,1,73,10,-1,-1,-1,-1,8,E01015351,0,2
2024010503075,2024,010503075,3,9,0,18,19,8,4,0,0,0,0,4,0,0,1,1,6,6,2,74,10,-1,-1,-1,-1,10,E01022062,0,4
2024421466793,2024,421466793,1,9,0,-1,19,7,3,-1,0,1,0,0,0,0,3,9,-1,6,1,76,11,-1,-1,-1,-1,7,E01021457,0,1
2024311465520,2024,311465520,1,21,1,-1,19,1,5,-1,0,1,0,0,0,0,4,1,-1,6,3,60,9,-1,-1,-1,-1,5,E01012829,0,5
2024010545457,2024,010545457,1,9,0,99,99,9,9,99,99,9,9,99,9,99,1,9,6,6,3,-1,-1,-1,-1,-1,-1,-1,-1,0,-1
2024161452521,2024,161452521,1,9,9,-1,19,4,8,-1,99,0,9,99,9,0,9,9,-1,6,3,-1,-1,-1,-1,-1,-1,-1,-1,0,-1
2024061505573,2024,061505573,2,18,-1,-1,19,7,3,-1,1,0,0,0,0,0,1,1,-1,1,1,62,9,-1,-1,-1,-1,4,E01005247,0,2
2024201441942,2024,201441942,2,9,0,-1,4,4,8,-1,0,0,0,0,0,0,2,9,-1,6,-1,-1,-1,-1,-1,-1,-1,-1,-1,0,-1
2024010539792,2024,010539792,1,1,9,99,99,9,9,99,99,9,9,99,9,99,9,1,2,2,1,31,6,-1,-1,-1,-1,4,E01004019,0,1
2024010540924,2024,010540924,2,1,9,99,99,9,9,99,99,0,9,99,9,99,1,1,6,6,3,-1,-1,-1,-1,-1,-1,9,E01003011,0,1
2024010547844,2024,010547844,2,9,9,99,99,9,9,99,99,9,9,99,9,99,9,9,6,6,3,-1,-1,-1,-1,-1,-1,-1,-1,0,-1
2024010493248,2024,010493248,1,1,9,18,19,9,9,99,99,9,9,8,9,99,2,1,2,2,1,41,7,-1,-1,-1,-1,6,E01002639,0,2
2024545883424,2024,545883424,2,9,0,18,19,2,6,0,0,0,0,0,0,0,2,1,2,2,2,58,9,-1,-1,-1,-1,8,E01031940,0,1
2024430385588,2024,430385588,2,1,0,18,19,2,6,0,0,8,0,0,0,0,3,1,6,6,1,77,11,-1,-1,-1,-1,6,E01016478,0,2
2024010542889,2024,010542889,1,1,9,99,99,9,9,99,99,9,9,99,9,99,9,1,2,2,1,49,8,-1,-1,-1,-1,7,E01003254,0,1
2024010489925,2024,010489925,2,9,0,18,19,1,5,0,0,2,0,0,0,0,1,1,2,2,2,50,8,-1,-1,-1,-1,-1,-1,0,-1
2024351533970,2024,351533970,2,1,0,-1,-1,-1,-1,-1,-1,0,-1,-1,-1,0,-1,1,-1,2,2,35,6,-1,-1,-1,-1,2,E01015677,0,1
2024131410396,2024,131410396,2,9,0,-1,9,-1,-1,-1,-1,1,0,0,-1,-1,-1,1,-1,6,3,30,6,-1,-1,-1,-1,-1,-1,0,-1
2024041397798,2024,041397798,1,90,0,-1,19,3,7,-1,9,0,1,0,0,0,1,1,-1,6,1,16,4,-1,-1,-1,-1,4,E01012713,0,1
2024471505152,2024,471505152,2,9,-1,-1,19,-1,-1,-1,0,0,0,0,0,0,0,9,-1,6,3,-1,-1,-1,-1,-1,-1,-1,-1,0,-1
2024010533443,2024,010533443,2,1,0,7,7,1,3,0,0,4,0,0,0,0,2,1,6,6,2,48,8,-1,-1,-1,-1,2,E01002669,0,1
2024052400536,2024,052400536,1,9,0,18,19,5,1,0,0,0,0,0,0,0,3,1,6,6,3,-1,-1,-1,-1,-1,-1,-1,-1,0,-1
2024041498700,2024,041498700,1,9,0,-1,19,-1,-1,-1,0,0,0,0,0,0,-1,9,-1,6,3,-1,-1,-1,-1,-1,-1,-1,-1,0,-1
2024131448545,2024,131448545,2,23,0,-1,19,7,3,-1,0,1,1,0,1,0,1,1,-1,6,1,19,4,-1,-1,-1,-1,1,E01010743,0,1
2024052401164,2024,052401164,1,23,0,18,19,4,8,0,0,8,0,0,0,0,1,1,6,6,1,15,3,-1,-1,-1,-1,1,E01006763,0,1
2024010486841,2024,010486841,1,9,0,18,19,3,7,0,0,1,0,0,0,0,1,1,6,6,1,39,7,-1,-1,-1,-1,3,E01000935,0,1
2024141527463,2024,141527463,2,9,0,-1,9,2,8,-1,0,8,0,0,0,0,4,1,-1,9,1,24,5,-1,-1,-1,-1,2,E01034845,0,1
2024440033041,2024,440033041,4,9,0,18,19,8,4,0,0,0,0,0,0,0,2,1,6,6,1,23,5,-1,-1,-1,-1,9,E01031532,0,3
2024010491655,2024,010491655,1,9,0,99,99,5,1,99,99,0,9,99,9,99,2,9,2,2,1,30,6,-1,-1,-1,-1,2,E01000729,0,3
2024010509973,2024,010509973,2,9,0,99,99,9,9,99,99,9,9,99,9,99,9,9,6,6,3,-1,-1,-1,-1,-1,-1,-1,-1,0,-1
2024010495285,2024,010495285,1,11,0,99,99,9,9,99,99,9,9,99,9,99,9,9,6,6,3,-1,-1,-1,-1,-1,-1,4,E01002050,0,1
2024010540986,2024,010540986,2,9,0,99,99,9,9,99,99,9,9,99,9,99,1,9,6,6,3,-1,-1,-1,-1,-1,-1,-1,-1,0,-1
2024311474643,2024,311474643,2,1,0,-1,-1,-1,-1,-1,-1,0,-1,-1,-1,0,-1,1,-1,6,1,30,6,-1,-1,-1,-1,-1,-1,0,-1
2024461502343,2024,461502343,1,9,0,-1,19,8,3,-1,0,1,0,0,0,0,1,9,-1,6,1,-1,-1,-1,-1,-1,-1,-1,-1,0,-1
2024430134493,2024,430134493,2,9,0,18,19,2,6,0,0,1,0,0,0,0,1,1,6,6,3,-1,-1,-1,-1,-1,-1,-1,-1,0,-1
2024010547549,2024,010547549,2,1,0,18,19,7,3,0,0,1,0,0,0,0,1,1,6,6,1,55,8,-1,-1,-1,-1,2,E01003205,0,3
202454E206824,2024,54E206824,2,1,0,18,19,5,1,0,0,8,0,0,0,0,1,1,6,6,1,45,7,-1,-1,-1,-1,10,E01015533,0,1