collision_index,collision_year,collision_ref_no,vehicle_reference,vehicle_type,towing_and_articulation,vehicle_manoeuvre_historic,vehicle_manoeuvre,vehicle_direction_from,vehicle_direction_to,vehicle_location_restricted_lane_historic,vehicle_location_restricted_lane,junction_location,skidding_and_overturning,hit_object_in_carriageway,vehicle_leaving_carriageway,hit_object_off_carriageway,first_point_of_impact,vehicle_left_hand_drive,journey_purpose_of_driver_historic,journey_purpose_of_driver,sex_of_driver,age_of_driver,age_band_of_driver,engine_capacity_cc,propulsion_code,age_of_vehicle,generic_make_model,driver_imd_decile,lsoa_of_driver,escooter_flag,driver_distance_banding
2024131485639,2024,131485639,2,17,0,-1,19,5,1,-1,0,8,0,0,0,0,1,1,-1,1,2,45,7,-1,-1,-1,-1,7,E01011252,0,2
2024451488215,2024,451488215,2,97,0,-1,19,4,8,-1,0,0,2,0,7,0,4,1,-1,9,1,23,5,-1,-1,-1,-1,5,E01030748,0,2
2024451461727,2024,451461727,3,9,0,-1,2,1,5,-1,9,0,0,0,0,0,4,1,-1,6,-1,-1,-1,-1,-1,-1,-1,-1,-1,0,-1
2024340NN4272,2024,340NN4272,2,9,0,-1,19,8,4,-1,0,8,1,0,0,0,3,1,-1,9,2,33,6,-1,-1,-1,-1,3,E01027058,0,1
2024141395475,2024,141395475,2,9,0,-1,11,7,4,-1,0,0,0,0,0,0,4,9,-1,6,3,-1,-1,-1,-1,-1,-1,-1,-1,0,-1
2024161488786,2024,161488786,2,9,0,-1,19,1,5,-1,0,1,0,0,0,0,1,1,-1,9,1,48,8,-1,-1,-1,-1,8,E01013189,0,1
2024010549392,2024,010549392,2,9,0,99,99,9,9,99,99,9,9,99,9,99,1,9,6,6,3,-1,-1,-1,-1,-1,-1,-1,-1,0,-1
2024161481247,2024,161481247,1,9,0,-1,7,5,7,-1,0,2,0,0,0,0,1,9,-1,6,2,35,6,-1,-1,-1,-1,9,E01035480,0,1
2024332400410,2024,332400410,1,23,0,-1,19,7,3,-1,0,2,0,0,0,0,1,1,-1,6,1,15,3,-1,-1,-1,-1,1,E01013640,0,1
2024010487847,2024,010487847,1,9,0,99,99,9,9,99,99,9,9,99,9,99,1,9,6,6,3,-1,-1,-1,-1,-1,-1,5,E01003721,0,3
2024201515763,2024,201515763,1,9,0,-1,9,5,3,-1,1,6,0,0,0,0,1,9,-1,6,3,-1,-1,-1,-1,-1,-1,-1,-1,0,-1
2024332400803,2024,332400803,1,9,0,-1,9,1,7,-1,0,5,0,0,0,0,1,1,-1,9,2,17,4,-1,-1,-1,-1,9,E01025688,0,4
202417S113924,2024,17S113924,2,9,0,-1,10,2,8,-1,0,1,0,0,0,0,3,1,-1,6,1,-1,-1,-1,-1,-1,-1,-1,-1,0,-1
2024010500318,2024,010500318,2,9,0,99,99,9,9,99,99,9,9,99,9,99,1,9,6,6,3,-1,-1,-1,-1,-1,-1,-1,-1,0,-1
2024122401145,2024,122401145,2,9,0,18,19,4,1,0,0,0,0,0,0,0,1,1,6,6,2,63,9,-1,-1,-1,-1,7,E01027601,0,1
2024061515678,2024,061515678,2,1,0,-1,19,1,1,-1,0,1,0,0,0,0,1,1,-1,1,1,30,6,-1,-1,-1,-1,1,E01005723,0,1
2024540519024,2024,540519024,1,9,0,18,19,8,4,0,0,0,2,0,7,10,1,1,1,1,1,67,10,-1,-1,-1,-1,7,E01015588,0,2
2024547277424,2024,547277424,1,90,0,18,19,7,3,0,0,6,0,0,0,0,3,1,6,6,1,23,5,-1,-1,-1,-1,1,E01015542,0,1
2024201432928,2024,201432928,1,9,0,-1,15,6,2,-1,0,0,0,0,0,0,3,9,-1,6,3,-1,-1,-1,-1,-1,-1,-1,-1,0,-1
2024031477045,2024,031477045,2,1,0,-1,19,6,2,-1,0,0,0,0,1,0,3,1,-1,9,1,63,9,-1,-1,-1,-1,8,E01019242,0,4
2024461407419,2024,461407419,1,9,0,-1,14,3,7,-1,0,0,0,4,7,0,1,1,-1,2,1,50,8,-1,-1,-1,-1,5,E01024520,0,1
2024131513281,2024,131513281,4,9,0,-1,2,5,5,-1,0,1,0,4,0,0,2,1,-1,6,-1,-1,-1,-1,-1,-1,-1,-1,-1,0,-1
2024201460116,2024,201460116,1,22,0,-1,19,2,6,-1,0,2,0,0,0,0,4,1,-1,6,1,-1,-1,-1,-1,-1,-1,4,E01009504,0,1
2024101486862,2024,101486862,1,1,0,-1,5,3,7,-1,0,1,0,0,0,0,1,1,-1,6,3,-1,-1,-1,-1,-1,-1,-1,-1,0,-1
2024010493875,2024,010493875,1,3,0,5,5,2,6,0,0,2,0,0,0,0,2,1,6,6,1,43,7,-1,-1,-1,-1,2,E01003735,0,1
2024131462601,2024,131462601,2,1,0,-1,19,3,7,-1,4,1,0,0,0,0,1,1,-1,9,1,39,7,-1,-1,-1,-1,1,E01033693,0,1
2024010497163,2024,010497163,1,3,0,99,99,9,9,99,99,9,9,99,9,99,9,1,1,1,3,31,6,-1,-1,-1,-1,2,E01001193,0,2
2024131406552,2024,131406552,1,9,0,-1,19,7,3,-1,0,8,0,0,0,0,4,1,-1,6,3,-1,-1,-1,-1,-1,-1,-1,-1,0,-1
2024430161232,2024,430161232,5,19,0,4,4,5,1,0,0,0,0,0,0,0,2,1,6,6,1,43,7,-1,-1,-1,-1,5,E01002950,0,4
2024041456617,2024,041456617,1,9,0,-1,19,-1,-1,-1,0,4,0,0,0,0,-1,9,-1,6,3,-1,-1,-1,-1,-1,-1,-1,-1,0,-1
2024010513717,2024,010513717,2,9,0,15,15,5,1,0,0,0,1,0,0,0,4,1,6,6,1,25,5,-1,-1,-1,-1,2,E01033699,0,1
2024501502937,2024,501502937,2,1,0,-1,19,7,3,-1,0,0,0,0,7,0,1,1,-1,6,1,61,9,-1,-1,-1,-1,2,E01015262,0,1
2024010504560,2024,010504560,2,5,0,99,99,9,9,99,99,9,9,99,9,99,2,1,6,6,3,-1,-1,-1,-1,-1,-1,-1,-1,0,-1
2024430479079,2024,430479079,2,9,0,18,19,8,4,0,0,0,0,0,0,0,1,1,6,6,1,40,7,-1,-1,-1,-1,7,E01016239,0,1
2024010517052,2024,010517052,1,9,0,18,19,3,7,0,0,1,1,10,7,0,3,1,2,2,2,23,5,-1,-1,-1,-1,9,E01015941,0,2
2024522401922,2024,522401922,2,9,0,18,19,3,7,0,0,0,0,0,0,0,1,1,6,6,1,46,8,-1,-1,-1,-1,2,E01014526,0,3
2024340WN6582,2024,340WN6582,1,9,0,-1,7,2,4,-1,0,6,0,0,0,0,3,1,-1,6,3,-1,-1,-1,-1,-1,-1,-1,-1,0,-1
2024471426517,2024,471426517,2,9,0,-1,19,8,4,-1,0,8,0,0,1,0,4,1,-1,9,1,22,5,-1,-1,-1,-1,5,E01020949,0,1
2024010520199,2024,010520199,2,97,0,18,19,8,4,0,0,8,0,0,0,0,1,1,6,6,3,-1,-1,-1,-1,-1,-1,-1,-1,0,-1
2024451490680,2024,451490680,1,1,0,-1,19,1,3,-1,0,0,0,0,0,0,0,1,-1,6,1,45,7,-1,-1,-1,-1,9,E01030322,0,3
2024010513573,2024,010513573,3,9,9,99,99,9,9,99,99,9,9,99,9,99,9,9,6,6,3,-1,-1,-1,-1,-1,-1,-1,-1,0,-1
2024332400026,2024,332400026,2,9,0,-1,19,1,5,-1,0,8,0,0,0,0,1,1,-1,6,1,-1,-1,-1,-1,-1,-1,-1,-1,0,-1
2024201423033,2024,201423033,2,1,0,-1,19,1,5,-1,0,8,0,0,0,0,3,1,-1,6,2,63,9,-1,-1,-1,-1,1,E01033894,0,1
2024520002884,2024,520002884,2,9,0,2,2,0,0,0,0,0,0,0,0,0,2,1,6,6,3,-1,-1,-1,-1,-1,-1,-1,-1,0,-1
2024161502103,2024,161502103,2,1,0,-1,19,5,1,-1,0,0,2,0,0,0,1,1,-1,6,1,14,3,-1,-1,-1,-1,6,E01012771,0,1
2024461440004,2024,461440004,2,1,0,-1,19,6,2,-1,0,1,0,0,0,0,4,1,-1,2,1,68,10,-1,-1,-1,-1,5,E01024815,0,1
2024131496440,2024,131496440,2,1,0,-1,19,1,5,-1,0,8,1,0,0,0,1,1,-1,2,1,26,6,-1,-1,-1,-1,1,E01010635,0,2
2024010535125,2024,010535125,2,1,9,99,99,9,9,99,99,9,9,99,9,99,9,1,6,6,3,-1,-1,-1,-1,-1,-1,-1,-1,0,-1
2024010535451,2024,010535451,1,1,9,99,99,9,9,99,99,9,9,99,9,99,2,1,1,1,1,40,7,-1,-1,-1,-1,2,E01001206,0,1
2024010496836,2024,010496836,1,9,0,9,9,2,1,0,0,6,0,0,0,0,1,1,6,6,1,38,7,-1,-1,-1,-1,5,E01002652,0,1
2024010529424,2024,010529424,2,9,0,99,99,9,9,99,99,9,9,99,9,99,1,9,6,6,3,-1,-1,-1,-1,-1,-1,9,E01000759,0,1
2024070493534,2024,070493534,1,1,0,18,19,5,7,0,0,8,0,0,0,0,1,1,6,6,1,56,9,-1,-1,-1,-1,1,E01012508,0,1
2024201520077,2024,201520077,2,19,0,-1,19,2,6,-1,0,0,1,0,0,0,2,1,-1,6,3,-1,-1,-1,-1,-1,-1,-1,-1,0,-1
2024440301367,2024,440301367,2,9,0,18,19,9,9,0,0,2,0,0,0,0,1,1,6,6,3,-1,-1,-1,-1,-1,-1,-1,-1,0,-1
2024471484697,2024,471484697,2,17,0,-1,2,3,7,-1,0,0,0,0,0,0,2,1,-1,9,2,43,7,-1,-1,-1,-1,4,E01031575,0,1
2024061503547,2024,061503547,2,9,0,-1,19,7,3,-1,0,2,0,4,0,0,1,1,-1,9,1,21,5,-1,-1,-1,-1,10,E01019783,0,4
2024501523337,2024,501523337,2,9,0,-1,7,1,7,-1,0,4,0,99,0,0,4,1,-1,6,3,-1,-1,-1,-1,-1,-1,-1,-1,0,-1
2024122500449,2024,122500449,2,1,0,18,19,7,3,0,0,8,0,0,0,0,1,1,6,6,1,55,8,-1,-1,-1,-1,7,E01027727,0,1
2024010537051,2024,010537051,1,9,0,99,99,9,9,99,99,9,9,99,9,99,9,9,6,6,3,-1,-1,-1,-1,-1,-1,-1,-1,0,-1
2024351458267,2024,351458267,1,90,0,-1,19,6,5,-1,0,1,0,0,0,0,1,1,-1,6,1,28,6,-1,-1,-1,-1,-1,-1,0,-1
2024010549485,2024,010549485,1,1,9,99,99,9,9,99,99,2,9,99,9,99,9,1,6,6,2,65,9,-1,-1,-1,-1,3,E01002909,0,1
2024320020370,2024,320020370,1,9,0,9,9,7,5,0,0,8,0,0,0,0,3,1,-1,-1,1,18,4,-1,-1,-1,-1,6,E01026315,0,1
2024201482943,2024,201482943,1,9,0,-1,15,7,3,-1,0,0,0,0,0,0,4,9,-1,6,3,20,4,-1,-1,-1,-1,-1,-1,0,-1
2024320711287,2024,320711287,2,1,0,-1,-1,4,2,0,0,8,0,0,0,0,1,1,6,6,1,38,7,-1,-1,-1,-1,3,E01026042,0,2
2024010549271,2024,010549271,1,9,0,5,5,1,5,0,0,0,0,0,0,0,1,1,6,6,2,24,5,-1,-1,-1,-1,-1,-1,0,-1
2024041432834,2024,041432834,1,9,0,-1,19,4,2,-1,0,1,0,0,0,0,1,1,-1,6,1,21,5,-1,-1,-1,-1,3,E01025192,0,1
2024430553587,2024,430553587,2,9,0,13,13,5,1,0,0,1,0,0,0,0,4,1,6,6,3,-1,-1,-1,-1,-1,-1,-1,-1,0,-1
2024010541085,2024,010541085,2,3,4,99,99,9,9,99,99,9,9,99,9,99,1,1,6,6,1,20,4,-1,-1,-1,-1,5,E01003721,0,4
2024461402845,2024,461402845,1,9,0,-1,19,7,3,-1,0,1,0,0,0,0,1,9,-1,6,3,-1,-1,-1,-1,-1,-1,-1,-1,0,-1
2024351567910,2024,351567910,4,9,0,-1,3,5,1,-1,0,0,0,0,0,0,2,1,-1,6,1,66,10,-1,-1,-1,-1,6,E01018111,0,4
2024371493310,2024,371493310,1,9,0,-1,4,3,7,-1,0,0,0,4,0,0,1,1,-1,1,1,75,10,-1,-1,-1,-1,3,E01026008,0,5
2024131425033,2024,131425033,2,1,0,-1,19,5,1,-1,4,0,0,0,0,0,0,1,-1,9,1,67,10,-1,-1,-1,-1,10,E01011455,0,1
2024311431262,2024,311431262,1,9,0,-1,19,5,1,-1,0,0,0,0,0,0,1,1,-1,6,1,30,6,-1,-1,-1,-1,-1,-1,0,-1
2024522402631,2024,522402631,1,1,0,18,19,2,6,0,0,0,0,8,0,0,1,1,6,6,1,46,8,-1,-1,-1,-1,7,E01014945,0,2
2024010491892,2024,010491892,1,3,0,18,19,5,1,0,0,8,0,0,0,0,1,1,6,6,1,26,6,-1,-1,-1,-1,1,E01000524,0,2
2024010547792,2024,010547792,2,9,0,18,19,7,3,0,0,0,0,0,0,0,2,1,2,2,1,34,6,-1,-1,-1,-1,3,E01003656,0,2
2024041430191,2024,041430191,1,9,0,-1,6,1,8,-1,0,0,0,0,0,0,1,1,-1,9,1,80,11,-1,-1,-1,-1,6,E01025585,0,3
2024351531120,2024,351531120,2,1,0,-1,19,2,6,-1,9,1,0,0,0,0,3,1,-1,6,2,46,8,-1,-1,-1,-1,10,E01017955,0,1
2024311398015,2024,311398015,1,9,0,-1,19,3,7,-1,0,0,0,0,0,0,1,1,-1,6,2,-1,-1,-1,-1,-1,-1,-1,-1,0,-1
2024010509049,2024,010509049,1,1,0,18,19,1,5,0,0,8,0,0,0,0,3,1,6,6,2,25,5,-1,-1,-1,-1,3,E01000972,0,1
2024361407465,2024,361407465,2,9,0,-1,19,2,6,-1,0,8,0,0,7,0,4,9,-1,2,1,61,9,-1,-1,-1,-1,7,E01026545,0,1
2024010550938,2024,010550938,1,1,9,18,19,1,5,0,0,8,9,99,9,99,9,1,1,1,1,44,7,-1,-1,-1,-1,-1,-1,0,-1
202454B096324,2024,54B096324,1,90,0,18,19,2,6,0,0,4,0,0,0,0,1,1,6,6,1,17,4,-1,-1,-1,-1,2,E01015539,0,1
2024221495454,2024,221495454,2,23,0,-1,19,7,3,-1,0,8,0,0,0,0,1,1,-1,6,1,19,4,-1,-1,-1,-1,5,E01032159,0,1
2024010503958,2024,010503958,4,9,0,18,19,5,1,0,0,8,0,0,0,0,2,1,6,6,1,32,6,-1,-1,-1,-1,-1,-1,0,-1
2024010494401,2024,010494401,2,9,0,14,14,1,5,0,0,0,0,0,0,0,1,1,6,6,3,-1,-1,-1,-1,-1,-1,-1,-1,0,-1
2024010519410,2024,010519410,1,1,0,4,4,1,5,0,0,1,0,0,0,0,2,1,6,6,1,12,3,-1,-1,-1,-1,2,E01002041,0,1
2024991458477,2024,991458477,2,9,0,-1,4,5,1,-1,0,2,0,0,0,0,2,1,-1,6,1,33,6,-1,-1,-1,-1,9,-1,0,1
2024010516839,2024,010516839,2,1,9,99,99,9,9,99,99,9,9,99,9,99,1,1,2,2,2,36,7,-1,-1,-1,-1,5,E01000494,0,1
2024010491955,2024,010491955,2,9,0,99,99,9,9,99,99,9,9,99,9,99,9,9,6,6,3,22,5,-1,-1,-1,-1,3,E01004434,0,2
2024010491820,2024,010491820,2,1,0,18,19,1,5,0,0,8,5,0,0,0,1,1,2,2,2,43,7,-1,-1,-1,-1,6,E01004052,0,1
2024371530457,2024,371530457,1,9,0,-1,19,-1,-1,-1,0,4,1,0,0,0,1,1,-1,6,3,-1,-1,-1,-1,-1,-1,-1,-1,0,-1
2024141516357,2024,141516357,1,1,0,-1,-1,-1,-1,-1,-1,0,-1,-1,-1,0,-1,1,-1,6,2,-1,-1,-1,-1,-1,-1,-1,-1,0,-1
2024010487270,2024,010487270,1,1,9,99,99,9,9,99,99,0,9,99,9,99,9,1,1,1,2,34,6,-1,-1,-1,-1,4,E01001836,0,2
2024010528194,2024,010528194,2,9,0,5,5,5,1,0,0,6,0,0,0,0,1,1,6,6,3,-1,-1,-1,-1,-1,-1,-1,-1,0,-1
2024041514404,2024,041514404,1,1,0,-1,19,-1,-1,-1,0,1,0,0,0,0,-1,1,-1,6,1,10,2,-1,-1,-1,-1,1,E01025082,0,1
2024411452401,2024,411452401,1,9,-1,-1,-1,-1,-1,-1,-1,-1,-1,-1,-1,0,-1,9,-1,6,3,-1,-1,-1,-1,-1,-1,-1,-1,0,-1
2024010549694,2024,010549694,2,9,0,99,99,9,9,99,99,9,9,99,9,99,9,9,6,6,2,70,10,-1,-1,-1,-1,3,E01000558,0,1
2024231496700,2024,231496700,2,1,0,-1,19,6,2,-1,0,4,0,0,0,0,3,1,-1,6,1,21,5,-1,-1,-1,-1,1,E01034748,0,1
202417M103624,2024,17M103624,1,97,0,18,19,5,1,0,0,1,0,0,0,0,1,1,6,6,1,-1,-1,-1,-1,-1,-1,-1,-1,0,-1
2024010511002,2024,010511002,1,9,9,18,19,1,5,0,0,9,9,99,9,99,9,9,6,6,1,-1,-1,-1,-1,-1,-1,-1,-1,0,-1
2024302401621,2024,302401621,2,1,0,18,19,3,7,5,5,8,0,0,0,0,3,1,6,6,2,63,9,-1,-1,-1,-1,2,E01013585,0,1
2024010502665,2024,010502665,1,9,0,18,19,7,3,0,0,6,0,0,3,0,3,1,6,6,3,-1,-1,-1,-1,-1,-1,-1,-1,0,-1
2024421438843,2024,421438843,3,9,0,-1,19,2,6,-1,0,0,0,0,0,0,2,1,-1,9,1,42,7,-1,-1,-1,-1,7,E01030171,0,4
2024361402420,2024,361402420,2,8,0,-1,19,5,2,-1,0,0,1,0,0,0,3,1,-1,1,1,58,9,-1,-1,-1,-1,-1,-1,0,-1
2024010488681,2024,010488681,2,1,0,5,5,1,5,0,0,2,5,0,0,0,3,1,6,6,2,25,5,-1,-1,-1,-1,5,E01003186,0,1
2024430589316,2024,430589316,1,-1,0,18,19,8,4,9,9,2,0,0,0,0,1,1,6,6,1,-1,-1,-1,-1,-1,-1,-1,-1,1,-1
2024461506875,2024,461506875,2,9,0,-1,3,1,5,-1,0,1,0,0,0,0,2,9,-1,6,2,29,6,-1,-1,-1,-1,3,E01016098,0,4
2024520402105,2024,520402105,2,9,0,5,5,3,5,0,0,8,0,0,0,0,1,1,6,6,1,73,10,-1,-1,-1,-1,5,E01029167,0,2
2024991518350,2024,991518350,1,9,0,-1,19,1,5,-1,0,1,0,0,0,0,1,1,-1,2,2,38,7,-1,-1,-1,-1,7,-1,0,1
2024010545893,2024,010545893,1,9,0,18,19,1,5,0,0,1,0,0,0,0,3,1,2,2,1,40,7,-1,-1,-1,-1,1,E01000643,0,1
2024010488340,2024,010488340,1,1,9,99,99,9,9,99,99,9,9,99,9,99,9,1,2,2,1,24,5,-1,-1,-1,-1,2,E01001337,0,1
2024071052853,2024,071052853,1,21,1,-1,12,1,5,-1,0,0,0,0,0,0,1,2,-1,1,1,64,9,-1,-1,-1,-1,-1,-1,0,-1
2024131492852,2024,131492852,2,11,0,-1,-1,-1,-1,-1,-1,-1,-1,-1,-1,-1,-1,1,-1,6,3,-1,-1,-1,-1,-1,-1,-1,-1,0,-1
2024991517987,2024,991517987,2,99,1,-1,19,5,8,-1,0,0,0,0,0,0,1,1,-1,1,1,40,7,-1,-1,-1,-1,-1,-1,0,-1
2024371497792,2024,371497792,1,4,0,-1,19,1,3,-1,0,0,0,0,0,0,1,1,-1,9,1,77,11,-1,-1,-1,-1,10,E01021384,0,4
2024522401447,2024,522401447,1,1,0,18,19,1,5,0,0,8,0,0,0,0,4,1,6,6,1,25,5,-1,-1,-1,-1,9,E01014908,0,1
2024201427096,2024,201427096,2,9,0,-1,9,4,8,-1,0,6,0,0,0,0,2,1,-1,6,1,20,4,-1,-1,-1,-1,10,E01028601,0,5
2024010493964,2024,010493964,1,3,0,99,99,9,9,2,2,1,9,99,9,99,1,1,6,6,1,27,6,-1,-1,-1,-1,3,E01003616,0,2
2024010533927,2024,010533927,2,9,0,18,19,7,3,0,0,1,0,0,0,0,1,1,6,6,3,-1,-1,-1,-1,-1,-1,-1,-1,0,-1
2024552400955,2024,552400955,1,1,0,18,19,2,6,0,0,6,0,0,0,0,1,1,4,7,1,14,3,-1,-1,-1,-1,5,E01020472,0,1
2024010521848,2024,010521848,2,9,0,99,99,9,9,99,99,9,9,99,9,99,1,9,6,6,3,-1,-1,-1,-1,-1,-1,-1,-1,0,-1
2024131448751,2024,131448751,2,1,0,-1,19,5,1,-1,0,0,0,0,0,0,1,1,-1,6,1,32,6,-1,-1,-1,-1,1,E01011434,0,1
2024440366493,2024,440366493,2,1,0,18,19,5,1,0,0,1,0,0,0,0,1,1,2,2,1,28,6,-1,-1,-1,-1,2,E01017051,0,1
2024010540922,2024,010540922,2,1,0,5,5,5,1,0,0,0,5,0,0,0,4,1,6,6,1,34,6,-1,-1,-1,-1,4,E01001481,0,1
2024070860193,2024,070860193,1,9,0,-1,3,1,1,-1,0,6,0,0,0,0,1,1,-1,9,2,79,11,-1,-1,-1,-1,10,E01018411,0,1
2024421452002,2024,421452002,2,1,-1,-1,19,7,3,-1,0,1,1,0,0,0,1,1,-1,6,1,61,9,-1,-1,-1,-1,4,E01015819,0,1
2024440404256,2024,440404256,2,1,0,16,19,1,4,0,0,0,0,0,0,0,2,1,6,6,1,40,7,-1,-1,-1,-1,-1,-1,0,-1
2024010494608,2024,010494608,1,4,0,99,99,9,9,99,99,1,9,99,9,99,1,1,6,6,1,25,5,-1,-1,-1,-1,2,E01003933,0,2
2024201499899,2024,201499899,2,22,0,-1,19,1,5,-1,9,8,0,0,0,0,1,1,-1,9,2,75,10,-1,-1,-1,-1,2,E01009455,0,1
2024131414816,2024,131414816,1,9,0,-1,19,3,7,-1,0,8,0,0,0,0,1,1,-1,2,1,46,8,-1,-1,-1,-1,3,E01010602,0,1
2024010492941,2024,010492941,1,9,0,18,19,8,4,0,0,2,0,0,0,0,4,1,6,6,3,-1,-1,-1,-1,-1,-1,-1,-1,0,-1
2024440319355,2024,440319355,2,90,0,18,19,4,8,0,0,8,2,0,1,0,2,1,1,1,1,22,5,-1,-1,-1,-1,5,E01011275,0,5
2024351438662,2024,351438662,1,9,0,-1,-1,-1,-1,-1,-1,0,-1,-1,-1,0,4,9,-1,6,3,-1,-1,-1,-1,-1,-1,-1,-1,0,-1
2024311513598,2024,311513598,2,1,0,-1,13,5,1,-1,0,2,0,0,0,0,4,1,-1,6,1,23,5,-1,-1,-1,-1,3,E01028212,0,2
2024520402342,2024,520402342,2,1,0,18,19,3,6,0,0,0,0,0,0,0,1,1,6,6,1,14,3,-1,-1,-1,-1,5,E01035132,0,1
2024010488274,2024,010488274,2,9,0,99,99,9,9,99,99,9,9,99,9,99,1,9,6,6,2,22,5,-1,-1,-1,-1,7,E01004516,0,1
2024010495002,2024,010495002,1,2,0,18,19,3,7,0,0,2,0,0,0,0,1,1,6,6,1,28,6,-1,-1,-1,-1,3,E01004720,0,1
2024061464831,2024,061464831,1,21,4,-1,12,6,2,-1,0,0,0,0,0,0,1,2,-1,1,1,44,7,-1,-1,-1,-1,9,E01025915,0,4
2024010544293,2024,010544293,1,1,9,99,99,9,9,99,99,9,9,99,9,99,9,1,6,6,3,-1,-1,-1,-1,-1,-1,-1,-1,0,-1
2024010519657,2024,010519657,1,90,0,99,99,9,9,99,99,9,9,99,9,99,9,9,6,6,3,-1,-1,-1,-1,-1,-1,-1,-1,0,-1
2024361439064,2024,361439064,1,9,-1,-1,-1,-1,-1,-1,0,2,0,0,0,0,2,1,-1,6,3,-1,-1,-1,-1,-1,-1,-1,-1,0,-1
2024061455500,2024,061455500,1,1,9,-1,19,-1,-1,-1,0,8,5,0,0,0,1,1,-1,9,1,28,6,-1,-1,-1,-1,8,E01005747,0,3
2024522401942,2024,522401942,2,1,0,13,13,7,3,0,0,8,0,0,7,2,1,1,6,6,1,26,6,-1,-1,-1,-1,3,E01014590,0,1
2024010493170,2024,010493170,1,19,0,3,3,1,5,0,0,0,0,0,0,0,1,1,6,6,1,48,8,-1,-1,-1,-1,5,E01001389,0,3
2024430517057,2024,430517057,1,9,0,9,9,2,8,0,0,6,0,0,0,0,3,1,6,6,1,-1,-1,-1,-1,-1,-1,-1,-1,0,-1
2024211492659,2024,211492659,2,1,0,-1,19,8,5,-1,0,3,0,0,0,0,1,1,-1,9,1,71,10,-1,-1,-1,-1,-1,-1,0,-1
2024041472898,2024,041472898,2,9,0,-1,4,7,3,-1,0,0,0,0,0,0,2,1,-1,9,1,50,8,-1,-1,-1,-1,9,E01024966,0,3
2024201532044,2024,201532044,2,9,0,-1,5,5,4,-1,0,6,0,0,0,0,1,1,-1,6,-1,-1,-1,-1,-1,-1,-1,-1,-1,0,-1
2024430561719,2024,430561719,2,11,0,14,14,3,7,0,0,0,0,0,0,0,4,1,1,1,1,45,7,-1,-1,-1,-1,-1,-1,0,-1
2024010509984,2024,010509984,2,1,0,18,19,7,3,0,0,2,0,0,0,0,1,1,6,6,1,27,6,-1,-1,-1,-1,6,E01002614,0,1
2024010522041,2024,010522041,2,1,0,18,19,4,8,0,0,1,0,0,0,0,4,1,2,2,1,47,8,-1,-1,-1,-1,3,E01003917,0,1
2024461418267,2024,461418267,1,9,0,-1,19,7,3,-1,0,0,0,0,0,0,1,9,-1,6,3,18,4,-1,-1,-1,-1,-1,-1,0,-1
2024010488565,2024,010488565,1,-1,9,99,99,9,9,99,99,9,9,99,9,99,9,9,6,6,1,-1,-1,-1,-1,-1,-1,-1,-1,1,-1
2024010487023,2024,010487023,1,5,0,17,19,5,1,0,0,3,0,0,0,0,3,1,1,1,1,57,9,-1,-1,-1,-1,7,E01030563,0,3
2024010510858,2024,010510858,1,1,9,99,99,9,9,99,99,9,9,99,9,99,9,1,6,6,1,45,7,-1,-1,-1,-1,3,E01033933,0,3
2024010495309,2024,010495309,1,3,9,99,99,9,9,99,99,9,9,99,9,99,9,1,1,1,1,40,7,-1,-1,-1,-1,2,E01002077,0,1
2024451450190,2024,451450190,2,90,0,-1,11,8,4,-1,0,0,0,0,0,0,1,1,-1,6,-1,45,7,-1,-1,-1,-1,-1,-1,0,-1
202454E132324,2024,54E132324,2,9,0,9,9,4,8,0,0,8,0,0,0,0,2,1,6,6,1,17,4,-1,-1,-1,-1,4,E01032040,0,1
2024552401090,2024,552401090,2,5,0,13,13,2,6,0,0,8,0,0,0,0,4,1,6,6,3,-1,-1,-1,-1,-1,-1,-1,-1,0,-1
2024471425759,2024,471425759,3,98,0,-1,4,1,5,-1,0,0,0,0,0,0,0,9,-1,6,3,-1,-1,-1,-1,-1,-1,-1,-1,0,-1
2024041502329,2024,041502329,1,9,0,-1,19,-1,-1,-1,0,1,0,0,0,0,1,1,-1,9,1,68,10,-1,-1,-1,-1,5,E01025331,0,2
2024371439288,2024,371439288,2,1,0,-1,-1,-1,-1,-1,0,0,0,0,0,0,3,1,-1,9,2,13,3,-1,-1,-1,-1,5,E01030080,0,1
2024010494093,2024,010494093,1,11,0,18,19,4,8,2,2,0,0,0,0,0,0,1,6,6,3,-1,-1,-1,-1,-1,-1,-1,-1,0,-1
2024430199202,2024,430199202,1,9,0,9,9,6,3,0,0,6,0,0,0,0,2,1,2,2,2,68,10,-1,-1,-1,-1,10,E01017882,0,1
2024010493719,2024,010493719,2,3,0,7,7,7,1,0,0,2,0,0,0,0,2,1,1,1,1,27,6,-1,-1,-1,-1,-1,-1,0,-1
2024010499406,2024,010499406,1,1,9,99,99,9,9,99,99,9,9,99,9,99,2,1,2,2,1,28,6,-1,-1,-1,-1,1,E01001798,0,1
2024010490466,2024,010490466,2,9,0,99,99,9,9,99,99,9,9,99,9,99,0,9,6,6,3,46,8,-1,-1,-1,-1,4,E01016481,0,1
2024010487572,2024,010487572,1,3,0,99,99,9,9,99,99,9,9,99,9,99,9,1,1,1,2,36,7,-1,-1,-1,-1,3,E01001814,0,1
2024201531283,2024,201531283,1,9,0,-1,7,7,1,-1,0,5,0,0,0,0,1,1,-1,6,3,-1,-1,-1,-1,-1,-1,-1,-1,0,-1
2024522401490,2024,522401490,2,9,0,18,19,3,7,0,0,8,0,0,0,0,1,1,6,6,1,20,4,-1,-1,-1,-1,4,E01014650,0,3
2024010488850,2024,010488850,2,9,0,99,99,9,9,99,99,0,9,99,9,99,1,9,6,6,3,-1,-1,-1,-1,-1,-1,2,E01002281,0,1
2024221432581,2024,221432581,2,90,0,-1,19,8,4,-1,9,8,0,0,0,0,4,9,-1,6,1,17,4,-1,-1,-1,-1,2,E01032161,0,1
2024501484682,2024,501484682,2,1,0,-1,19,1,5,-1,0,2,0,0,0,0,1,1,-1,6,1,21,5,-1,-1,-1,-1,4,E01018943,0,2