collision_index,collision_year,collision_ref_no,vehicle_reference,vehicle_type,towing_and_articulation,vehicle_manoeuvre_historic,vehicle_manoeuvre,vehicle_direction_from,vehicle_direction_to,vehicle_location_restricted_lane_historic,vehicle_location_restricted_lane,junction_location,skidding_and_overturning,hit_object_in_carriageway,vehicle_leaving_carriageway,hit_object_off_carriageway,first_point_of_impact,vehicle_left_hand_drive,journey_purpose_of_driver_historic,journey_purpose_of_driver,sex_of_driver,age_of_driver,age_band_of_driver,engine_capacity_cc,propulsion_code,age_of_vehicle,generic_make_model,driver_imd_decile,lsoa_of_driver,escooter_flag,driver_distance_banding
2024991505238,2024,991505238,2,9,0,-1,19,8,4,-1,0,1,0,0,0,0,1,1,-1,9,2,61,9,-1,-1,-1,-1,7,-1,0,2
2024010528360,2024,010528360,1,1,9,99,99,9,9,99,99,9,9,99,9,99,9,1,2,2,1,38,7,-1,-1,-1,-1,3,E01003524,0,1
2024010531890,2024,010531890,2,1,9,99,99,9,9,99,99,9,9,99,9,99,9,1,3,7,1,40,7,-1,-1,-1,-1,4,E01001737,0,1
2024430563978,2024,430563978,2,9,0,18,19,6,2,0,0,0,0,0,0,0,1,1,6,6,1,-1,-1,-1,-1,-1,-1,-1,-1,0,-1
2024052400598,2024,052400598,1,8,0,5,5,1,5,0,0,0,0,0,0,0,4,1,1,1,3,-1,-1,-1,-1,-1,-1,-1,-1,0,-1
2024430341186,2024,430341186,1,10,0,4,4,7,3,4,4,0,0,0,0,0,4,2,6,6,1,47,8,-1,-1,-1,-1,-1,-1,0,-1
2024340WN4902,2024,340WN4902,1,9,0,-1,19,7,3,-1,0,1,0,0,1,0,1,1,-1,6,1,-1,-1,-1,-1,-1,-1,-1,-1,0,-1
2024010548455,2024,010548455,2,9,0,99,99,9,9,0,0,8,0,0,9,0,9,9,6,6,2,23,5,-1,-1,-1,-1,3,E01003729,0,3
2024010524632,2024,010524632,1,1,9,99,99,9,9,99,99,9,9,99,9,99,9,1,2,2,2,65,9,-1,-1,-1,-1,7,E01004518,0,1
2024471413516,2024,471413516,2,9,0,-1,2,0,0,-1,0,1,0,0,0,0,2,1,-1,6,-1,-1,-1,-1,-1,-1,-1,-1,-1,0,-1
2024471480692,2024,471480692,2,9,0,-1,19,3,7,-1,0,1,0,0,0,0,0,9,-1,6,3,-1,-1,-1,-1,-1,-1,-1,-1,0,-1
2024010525082,2024,010525082,1,23,0,18,19,7,3,0,0,0,0,10,0,0,1,1,6,6,1,47,8,-1,-1,-1,-1,4,E01002576,0,1
2024421484785,2024,421484785,1,1,0,-1,19,3,7,-1,0,0,0,0,0,0,1,1,-1,6,3,-1,-1,-1,-1,-1,-1,-1,-1,0,-1
2024010496091,2024,010496091,1,3,0,99,99,9,9,99,99,9,9,99,9,99,1,1,6,6,1,35,6,-1,-1,-1,-1,6,E01002221,0,2
2024010514723,2024,010514723,1,9,9,99,99,9,9,99,99,9,9,99,9,99,9,9,6,6,3,-1,-1,-1,-1,-1,-1,-1,-1,0,-1
2024351468674,2024,351468674,2,1,0,-1,13,3,5,-1,0,0,0,0,0,0,1,1,-1,7,1,14,3,-1,-1,-1,-1,8,E01017987,0,1
2024161485079,2024,161485079,2,9,0,-1,19,8,4,-1,0,0,0,0,0,0,9,9,-1,6,3,-1,-1,-1,-1,-1,-1,-1,-1,0,-1
2024481504009,2024,481504009,2,1,0,-1,19,1,5,-1,0,0,0,0,0,0,9,1,-1,2,1,30,6,-1,-1,-1,-1,-1,-1,0,-1
2024451449289,2024,451449289,2,9,0,-1,19,1,5,-1,0,1,0,0,0,0,1,1,-1,1,1,27,6,-1,-1,-1,-1,10,E01030807,0,1
2024010494256,2024,010494256,1,4,0,18,19,1,5,2,2,2,0,4,0,0,1,1,2,2,1,58,9,-1,-1,-1,-1,9,E01023742,0,4
2024052401414,2024,052401414,1,9,0,11,11,2,6,0,0,8,0,0,0,0,1,1,6,6,3,-1,-1,-1,-1,-1,-1,-1,-1,0,-1
2024501520293,2024,501520293,2,1,0,-1,19,5,1,-1,0,1,1,0,0,0,1,1,-1,6,1,56,9,-1,-1,-1,-1,7,E01018813,0,1
2024631393698,2024,631393698,1,9,0,-1,19,2,6,-1,0,2,2,0,7,11,1,1,-1,9,1,79,11,-1,-1,-1,-1,6,W01000475,0,2
2024201452385,2024,201452385,2,9,0,-1,3,4,5,-1,0,0,0,0,0,0,3,9,-1,1,1,59,9,-1,-1,-1,-1,2,E01010045,0,2
2024311412131,2024,311412131,2,11,0,-1,9,3,1,-1,0,6,0,0,0,0,4,1,-1,1,2,-1,-1,-1,-1,-1,-1,-1,-1,0,-1
2024320725981,2024,320725981,1,9,0,9,9,4,1,0,0,6,0,0,0,0,1,1,-1,-1,2,76,11,-1,-1,-1,-1,-1,-1,0,-1
2024010511938,2024,010511938,2,1,0,18,19,1,5,0,0,8,0,0,0,0,1,1,6,6,1,28,6,-1,-1,-1,-1,6,E01000911,0,1
2024010521978,2024,010521978,1,9,0,18,19,5,1,0,0,1,0,0,0,0,1,1,6,6,1,-1,-1,-1,-1,-1,-1,-1,-1,0,-1
2024440372436,2024,440372436,1,23,0,9,9,5,1,0,0,8,0,0,0,0,3,1,6,6,1,25,5,-1,-1,-1,-1,8,E01022468,0,1
2024010539605,2024,010539605,1,1,9,99,99,9,9,99,99,9,9,99,9,99,9,1,2,2,1,41,7,-1,-1,-1,-1,10,E01030376,0,4
2024010494957,2024,010494957,1,9,0,9,9,3,1,0,0,8,0,0,0,0,1,1,6,6,1,44,7,-1,-1,-1,-1,5,E01003292,0,1
2024010520784,2024,010520784,1,1,9,99,99,9,9,99,99,9,9,99,9,99,1,1,2,2,2,34,6,-1,-1,-1,-1,2,E01033709,0,1
2024010494974,2024,010494974,1,-1,9,99,99,9,9,99,99,9,9,99,9,99,9,9,6,6,3,-1,-1,-1,-1,-1,-1,-1,-1,1,-1
2024010520042,2024,010520042,1,-1,0,5,5,1,5,0,0,1,1,0,0,0,0,1,6,6,1,47,8,-1,-1,-1,-1,5,E01016130,1,4
2024201460724,2024,201460724,2,9,0,-1,3,1,5,-1,0,0,0,0,0,0,1,1,-1,6,1,-1,-1,-1,-1,-1,-1,-1,-1,0,-1
2024401449702,2024,401449702,2,1,0,-1,13,1,5,-1,0,1,0,0,0,0,2,1,-1,9,1,19,4,-1,-1,-1,-1,10,E01018245,0,1
2024430001868,2024,430001868,1,19,0,18,19,7,3,0,0,8,0,0,0,0,4,1,6,6,3,-1,-1,-1,-1,-1,-1,-1,-1,0,-1
2024010491543,2024,010491543,1,1,9,99,99,9,9,99,99,9,9,99,9,99,9,1,6,6,3,24,5,-1,-1,-1,-1,6,E01003030,0,1
2024201526991,2024,201526991,1,9,0,-1,15,5,1,-1,9,1,0,0,0,0,1,1,-1,6,2,18,4,-1,-1,-1,-1,-1,-1,0,-1
2024131428463,2024,131428463,4,9,0,-1,19,1,5,-1,0,0,0,0,0,0,2,1,-1,9,1,43,7,-1,-1,-1,-1,6,E01011646,0,2
2024010513305,2024,010513305,1,3,0,99,99,9,9,99,99,9,9,99,9,99,1,9,6,6,3,-1,-1,-1,-1,-1,-1,-1,-1,0,-1
2024361525469,2024,361525469,1,99,0,-1,19,1,5,-1,0,0,0,0,0,0,1,9,-1,6,3,-1,-1,-1,-1,-1,-1,-1,-1,0,-1
2024320184671,2024,320184671,3,19,0,3,3,8,4,0,0,0,0,0,0,0,3,1,6,6,1,75,10,-1,-1,-1,-1,3,E01028272,0,5
2024531466830,2024,531466830,1,9,0,-1,19,3,7,-1,0,0,0,0,0,0,4,1,-1,6,1,-1,-1,-1,-1,-1,-1,1,E01022346,0,3
2024201402675,2024,201402675,1,9,0,-1,19,4,8,-1,0,1,0,0,0,0,1,9,-1,6,3,-1,-1,-1,-1,-1,-1,-1,-1,0,-1
2024010490927,2024,010490927,2,9,0,18,19,3,7,0,0,1,0,0,0,0,2,1,6,6,2,41,7,-1,-1,-1,-1,6,E01003663,0,1
2024361475398,2024,361475398,2,9,0,-1,19,1,5,-1,0,1,1,0,0,0,1,1,-1,9,1,35,6,-1,-1,-1,-1,10,E01030180,0,4
2024461449209,2024,461449209,2,1,0,-1,19,7,3,-1,0,0,0,0,0,0,2,1,-1,6,1,13,3,-1,-1,-1,-1,2,E01016140,0,1
2024010516883,2024,010516883,1,1,9,99,99,9,9,99,99,0,9,99,9,99,2,1,2,2,1,50,8,-1,-1,-1,-1,7,E01004654,0,1
2024311454111,2024,311454111,1,1,0,-1,19,5,1,-1,0,4,0,9,1,0,1,1,-1,6,1,29,6,-1,-1,-1,-1,-1,-1,0,-1
2024545728424,2024,545728424,1,9,0,5,5,5,1,0,0,6,0,0,0,0,1,1,3,7,2,57,9,-1,-1,-1,-1,6,E01032000,0,1
2024010530172,2024,010530172,3,5,0,18,19,7,3,0,0,0,0,0,0,0,1,1,1,1,1,60,9,-1,-1,-1,-1,7,E01016821,0,4
2024351529587,2024,351529587,1,1,0,-1,19,5,1,-1,0,8,0,0,0,0,3,1,-1,6,1,22,5,-1,-1,-1,-1,10,E01017985,0,1
2024451510363,2024,451510363,1,8,0,-1,2,7,3,-1,0,1,0,0,0,0,4,2,-1,6,3,40,7,-1,-1,-1,-1,-1,-1,0,-1
2024552400485,2024,552400485,1,9,0,7,7,8,2,0,0,6,0,0,0,0,4,1,6,6,1,33,6,-1,-1,-1,-1,-1,-1,0,-1
2024101498622,2024,101498622,1,-1,0,-1,7,8,6,-1,0,8,0,0,0,0,1,1,-1,1,1,25,5,-1,-1,-1,-1,-1,-1,0,-1
2024010529048,2024,010529048,2,1,9,99,99,9,9,99,99,9,9,99,9,99,9,1,6,6,3,-1,-1,-1,-1,-1,-1,-1,-1,0,-1
2024501523482,2024,501523482,1,9,0,-1,19,1,5,-1,0,1,0,0,0,0,1,1,-1,9,2,31,6,-1,-1,-1,-1,7,E01018795,0,1
2024430038240,2024,430038240,1,9,0,18,19,2,6,0,0,3,0,0,0,0,4,1,6,6,2,68,10,-1,-1,-1,-1,-1,-1,0,-1
2024311441749,2024,311441749,2,99,0,-1,19,3,7,-1,9,0,0,0,0,0,1,1,-1,6,2,14,3,-1,-1,-1,-1,-1,-1,0,-1
2024010525072,2024,010525072,2,1,0,18,19,3,7,0,0,0,5,0,0,0,3,1,6,6,1,56,9,-1,-1,-1,-1,9,E01000261,0,2
2024010516727,2024,010516727,1,9,0,99,99,9,9,99,99,9,9,99,9,99,9,9,6,6,3,-1,-1,-1,-1,-1,-1,-1,-1,0,-1
2024010519726,2024,010519726,1,1,9,99,99,9,9,99,99,9,9,99,9,99,9,1,2,2,1,65,9,-1,-1,-1,-1,8,E01004072,0,1
2024010490640,2024,010490640,1,9,0,9,9,5,2,0,0,5,0,12,7,0,1,1,1,1,1,62,9,-1,-1,-1,-1,2,E01001250,0,1
2024131512781,2024,131512781,1,1,0,-1,19,7,3,-1,4,8,5,0,0,0,1,1,-1,9,1,53,8,-1,-1,-1,-1,1,E01011283,0,1
2024631522597,2024,631522597,1,9,0,-1,19,6,2,-1,0,0,1,0,2,10,3,1,-1,2,1,22,5,-1,-1,-1,-1,5,W01000528,0,1
2024522401353,2024,522401353,2,9,0,1,1,5,1,0,0,0,0,0,0,0,2,1,6,6,1,-1,-1,-1,-1,-1,-1,-1,-1,0,-1
2024451409607,2024,451409607,2,1,0,-1,19,6,1,-1,0,0,5,0,1,0,1,1,-1,9,1,12,3,-1,-1,-1,-1,10,E01030326,0,1
2024401454242,2024,401454242,1,1,0,-1,19,8,3,-1,0,0,0,0,0,0,3,1,-1,9,1,36,7,-1,-1,-1,-1,3,E01015765,0,1
2024010527168,2024,010527168,1,-1,0,99,99,9,9,0,0,1,0,0,0,0,0,1,6,6,1,35,6,-1,-1,-1,-1,4,E01002862,1,1
2024031467245,2024,031467245,3,9,-1,-1,4,1,5,-1,0,1,0,0,0,0,0,9,-1,6,3,-1,-1,-1,-1,-1,-1,-1,-1,0,-1
2024421415869,2024,421415869,2,9,0,-1,19,4,8,-1,0,0,0,0,0,0,3,1,-1,9,2,55,8,-1,-1,-1,-1,9,E01021734,0,1
2024440206431,2024,440206431,2,1,0,18,19,5,1,0,0,8,0,0,0,0,4,1,6,6,1,76,11,-1,-1,-1,-1,8,E01023280,0,1
202460Q079937,2024,60Q079937,1,19,0,4,4,4,8,0,0,7,0,0,0,0,1,1,6,6,2,68,10,-1,-1,-1,-1,-1,-1,0,-1
2024010542330,2024,010542330,1,1,9,99,99,9,9,99,99,9,9,99,9,99,9,1,2,2,2,58,9,-1,-1,-1,-1,7,E01000198,0,3
2024201422726,2024,201422726,1,9,0,-1,7,3,6,-1,0,4,0,0,0,0,1,1,-1,6,3,-1,-1,-1,-1,-1,-1,-1,-1,0,-1
2024520402328,2024,520402328,1,1,0,18,19,2,6,0,0,8,0,0,0,0,9,1,6,6,2,41,7,-1,-1,-1,-1,5,E01029257,0,1
2024010493781,2024,010493781,1,9,0,18,19,2,6,0,0,8,0,0,0,0,1,1,6,6,2,38,7,-1,-1,-1,-1,7,E01002187,0,1
2024010538580,2024,010538580,1,9,9,99,99,9,9,99,99,9,9,99,9,99,4,9,6,6,3,-1,-1,-1,-1,-1,-1,7,E01001036,0,1
2024440168763,2024,440168763,1,90,0,9,9,8,6,0,0,8,0,0,0,0,1,1,1,1,2,42,7,-1,-1,-1,-1,8,E01022945,0,4
2024320138192,2024,320138192,2,1,0,-1,-1,3,7,0,0,0,5,0,0,0,2,1,6,6,1,33,6,-1,-1,-1,-1,10,E01026362,0,4
2024201432388,2024,201432388,1,99,0,-1,19,3,7,-1,0,2,0,0,0,0,1,9,-1,6,3,-1,-1,-1,-1,-1,-1,-1,-1,0,-1
2024010495215,2024,010495215,2,9,0,3,3,1,5,0,0,6,0,0,0,0,1,1,6,6,1,19,4,-1,-1,-1,-1,2,E01004040,0,1
2024010490318,2024,010490318,1,9,0,5,5,1,5,0,0,6,0,0,0,0,1,1,6,6,3,-1,-1,-1,-1,-1,-1,-1,-1,0,-1
2024991463997,2024,991463997,1,9,0,-1,5,1,5,-1,0,8,0,0,1,0,1,1,-1,1,2,32,6,-1,-1,-1,-1,9,-1,0,1
2024991457943,2024,991457943,2,1,0,-1,19,3,7,-1,0,8,0,0,0,0,4,1,-1,2,1,30,6,-1,-1,-1,-1,-1,-1,0,-1
2024052400287,2024,052400287,1,9,0,18,19,4,8,0,0,8,0,0,7,11,1,1,6,6,1,28,6,-1,-1,-1,-1,1,E01007010,0,4
2024161527635,2024,161527635,1,19,0,-1,1,6,2,-1,0,1,0,99,0,0,2,9,-1,1,1,-1,-1,-1,-1,-1,-1,-1,-1,0,-1
2024332400324,2024,332400324,2,1,0,-1,19,1,5,-1,0,2,0,0,0,0,1,1,-1,6,1,12,3,-1,-1,-1,-1,2,E01013768,0,1
2024010489740,2024,010489740,2,1,0,18,19,5,1,0,0,2,0,0,0,0,3,1,6,6,2,62,9,-1,-1,-1,-1,8,E01003426,0,2
2024010530251,2024,010530251,1,1,9,99,99,9,9,99,99,9,9,99,9,99,1,1,2,2,1,23,5,-1,-1,-1,-1,8,E01004731,0,1
2024010517860,2024,010517860,1,9,0,99,99,9,9,99,99,9,9,99,9,99,1,9,6,6,3,-1,-1,-1,-1,-1,-1,-1,-1,0,-1
2024131423984,2024,131423984,1,1,0,-1,19,7,3,-1,0,1,0,0,0,0,2,1,-1,2,1,36,7,-1,-1,-1,-1,4,E01011463,0,1
2024131394076,2024,131394076,1,9,0,-1,19,2,6,-1,0,1,0,0,0,0,1,1,-1,9,1,26,6,-1,-1,-1,-1,6,E01011734,0,1
2024010538371,2024,010538371,2,1,0,18,19,5,1,0,0,2,0,8,0,0,1,1,6,6,2,56,9,-1,-1,-1,-1,-1,-1,0,-1
2024010547867,2024,010547867,1,9,9,99,99,9,9,99,99,9,9,99,9,99,9,1,6,6,3,-1,-1,-1,-1,-1,-1,-1,-1,0,-1
2024070197842,2024,070197842,1,9,0,4,4,8,4,0,0,1,0,0,0,0,1,1,6,6,2,84,11,-1,-1,-1,-1,10,E01007281,0,3
2024471409375,2024,471409375,1,9,0,-1,7,5,7,-1,0,5,0,0,0,0,1,1,-1,6,2,-1,-1,-1,-1,-1,-1,-1,-1,0,-1
2024010494907,2024,010494907,1,9,0,18,19,3,7,0,0,8,0,0,0,0,1,1,6,6,1,53,8,-1,-1,-1,-1,7,E01004275,0,1
2024430145515,2024,430145515,2,1,0,18,19,7,3,0,0,1,0,0,0,0,1,1,6,6,1,-1,-1,-1,-1,-1,-1,5,E01016398,0,1
2024010548855,2024,010548855,1,1,9,99,99,9,9,99,99,9,9,99,9,99,1,1,2,2,1,39,7,-1,-1,-1,-1,9,E01001992,0,2
2024010541031,2024,010541031,1,1,0,3,3,6,2,0,0,1,5,0,0,0,3,1,6,6,1,36,7,-1,-1,-1,-1,3,E01003258,0,1
2024131492676,2024,131492676,2,9,0,-1,-1,-1,-1,-1,-1,0,-1,-1,-1,-1,-1,1,-1,6,3,-1,-1,-1,-1,-1,-1,-1,-1,0,-1
2024411468601,2024,411468601,2,9,1,-1,7,5,6,-1,0,1,0,0,0,0,1,1,-1,1,1,26,6,-1,-1,-1,-1,3,E01017663,0,4
2024010532625,2024,010532625,2,-1,0,18,19,5,1,0,0,1,0,0,0,0,1,1,1,1,2,47,8,-1,-1,-1,-1,4,E01004708,1,1
2024320497317,2024,320497317,1,9,0,-1,-1,4,8,0,0,6,0,0,0,0,4,1,6,6,1,70,10,-1,-1,-1,-1,4,E01026268,0,1
2024010493708,2024,010493708,1,11,0,18,19,1,5,0,0,4,0,0,0,0,0,1,1,1,2,34,6,-1,-1,-1,-1,5,E01002169,0,2
2024010527068,2024,010527068,2,22,0,99,99,9,9,99,99,9,9,99,9,99,9,1,6,6,1,-1,-1,-1,-1,-1,-1,4,E01034225,0,1
2024430268498,2024,430268498,2,1,0,18,19,1,5,0,0,1,0,0,0,0,3,1,6,6,1,14,3,-1,-1,-1,-1,6,E01016504,0,1
2024010489963,2024,010489963,2,9,0,18,19,7,3,0,0,1,0,0,0,0,1,1,6,6,1,37,7,-1,-1,-1,-1,6,E01035579,0,3
2024430451552,2024,430451552,1,1,0,18,19,3,7,0,0,0,0,0,0,0,3,1,6,6,1,46,8,-1,-1,-1,-1,8,E01016337,0,1
2024411538520,2024,411538520,3,9,0,-1,19,1,5,-1,0,0,0,0,0,0,1,1,-1,6,1,80,11,-1,-1,-1,-1,10,E01023524,0,1
2024061475106,2024,061475106,1,1,0,-1,12,6,1,-1,0,6,0,0,0,0,3,1,-1,9,1,17,4,-1,-1,-1,-1,5,E01006021,0,1
2024332401086,2024,332401086,1,1,0,-1,19,9,9,-1,0,0,0,0,0,0,4,1,-1,2,1,19,4,-1,-1,-1,-1,1,E01013640,0,1
2024101493543,2024,101493543,1,9,0,-1,19,3,7,-1,0,0,0,0,0,0,1,1,-1,6,2,30,6,-1,-1,-1,-1,3,E01008265,0,2
2024010492162,2024,010492162,1,4,0,18,19,1,5,0,0,2,0,0,0,0,1,1,2,2,1,49,8,-1,-1,-1,-1,4,E01002620,0,3
2024010502539,2024,010502539,2,9,0,99,99,9,9,99,99,9,9,99,9,99,2,9,6,6,3,-1,-1,-1,-1,-1,-1,-1,-1,0,-1
2024161457503,2024,161457503,1,1,0,-1,19,2,6,-1,0,2,0,0,0,0,3,1,-1,6,1,15,3,-1,-1,-1,-1,9,E01035478,0,1
2024531528923,2024,531528923,2,1,0,-1,19,2,6,-1,0,1,0,0,0,0,3,1,-1,6,-1,-1,-1,-1,-1,-1,-1,-1,-1,0,-1
2024440087466,2024,440087466,1,9,0,18,19,6,2,0,0,5,0,0,1,0,4,1,6,6,1,37,7,-1,-1,-1,-1,5,E01031512,0,3
2024221499555,2024,221499555,2,9,0,-1,3,1,5,-1,0,0,0,0,0,0,2,1,-1,6,1,37,7,-1,-1,-1,-1,3,E01014010,0,1
2024010542726,2024,010542726,2,9,0,99,99,9,9,99,99,9,9,99,9,99,2,9,6,6,3,-1,-1,-1,-1,-1,-1,-1,-1,0,-1
2024531500412,2024,531500412,2,8,0,-1,9,2,6,-1,0,8,0,0,0,0,3,1,-1,1,-1,-1,-1,-1,-1,-1,-1,-1,-1,0,-1
2024010545391,2024,010545391,1,9,0,18,19,7,3,9,9,1,1,0,1,11,3,1,6,6,1,22,5,-1,-1,-1,-1,2,E01004272,0,1
2024991512029,2024,991512029,1,9,0,-1,19,3,7,-1,0,1,1,0,1,11,1,1,-1,9,1,25,5,-1,-1,-1,-1,8,-1,0,1
2024451486873,2024,451486873,4,9,0,-1,19,5,1,-1,0,0,0,0,0,0,2,1,-1,1,1,54,8,-1,-1,-1,-1,2,E01014262,0,5
2024552400790,2024,552400790,1,1,0,7,7,2,4,0,0,6,0,0,0,0,3,1,6,6,1,13,3,-1,-1,-1,-1,10,E01020463,0,1
2024461400066,2024,461400066,1,9,0,-1,9,6,3,-1,0,8,0,0,0,0,4,9,-1,6,1,83,11,-1,-1,-1,-1,4,E01024601,0,1
2024161470169,2024,161470169,2,1,0,-1,19,2,6,-1,9,1,0,0,0,0,1,1,-1,6,2,11,3,-1,-1,-1,-1,3,E01012997,0,1
2024461533868,2024,461533868,2,1,0,-1,19,7,3,-1,0,1,0,0,0,0,4,1,-1,6,1,-1,-1,-1,-1,-1,-1,-1,-1,0,-1
2024401466453,2024,401466453,1,9,0,-1,19,5,1,-1,0,1,0,0,0,0,2,1,-1,9,2,75,10,-1,-1,-1,-1,9,E01017460,0,1
2024991451606,2024,991451606,2,9,0,-1,19,7,3,-1,0,0,0,0,1,0,2,1,-1,1,1,34,6,-1,-1,-1,-1,5,-1,0,4
2024332401051,2024,332401051,1,9,0,-1,19,6,2,-1,0,6,0,0,1,0,3,1,-1,2,1,54,8,-1,-1,-1,-1,5,E01019461,0,4
2024010539134,2024,010539134,2,1,9,99,99,9,9,99,99,9,9,99,9,99,1,1,6,6,3,-1,-1,-1,-1,-1,-1,-1,-1,0,-1
2024122400195,2024,122400195,1,9,0,13,13,1,5,0,0,0,0,0,0,0,1,1,6,6,1,58,9,-1,-1,-1,-1,7,E01034961,0,4
2024041507202,2024,041507202,1,9,0,-1,-1,-1,-1,-1,0,1,0,0,0,0,-1,9,-1,6,3,-1,-1,-1,-1,-1,-1,-1,-1,0,-1
2024311461817,2024,311461817,2,9,0,-1,19,7,3,-1,0,0,0,0,0,0,1,1,-1,1,1,52,8,-1,-1,-1,-1,5,E01028349,0,3
2024430263275,2024,430263275,1,9,0,18,19,7,3,0,0,1,0,0,0,0,1,1,6,6,3,-1,-1,-1,-1,-1,-1,-1,-1,0,-1
2024010530385,2024,010530385,1,9,0,99,99,9,9,99,99,9,9,99,9,99,2,9,6,6,1,28,6,-1,-1,-1,-1,7,E01023434,0,4
2024302400636,2024,302400636,2,3,0,18,19,1,5,0,0,8,0,0,0,0,1,1,6,6,1,32,6,-1,-1,-1,-1,6,E01007771,0,4
2024101532220,2024,101532220,2,9,0,-1,4,1,5,-1,0,0,0,0,2,0,3,1,-1,2,2,32,6,-1,-1,-1,-1,4,E01034491,0,3
2024340NN1612,2024,340NN1612,1,9,0,-1,19,0,0,-1,0,8,0,0,0,0,4,1,-1,6,3,-1,-1,-1,-1,-1,-1,-1,-1,0,-1
2024522401418,2024,522401418,1,9,0,18,19,3,7,0,0,0,0,0,0,0,1,1,6,6,2,84,11,-1,-1,-1,-1,4,E01014576,0,1
2024302400762,2024,302400762,3,9,0,3,3,5,1,0,0,1,0,0,0,0,0,1,6,6,3,-1,-1,-1,-1,-1,-1,5,E01019456,0,3
2024161432058,2024,161432058,2,9,-1,-1,19,6,2,-1,0,0,0,-1,0,0,4,9,-1,6,3,-1,-1,-1,-1,-1,-1,-1,-1,0,-1
2024010536001,2024,010536001,2,1,0,18,19,1,5,0,0,0,0,0,0,0,3,1,6,6,1,53,8,-1,-1,-1,-1,3,E01004036,0,1
2024010494871,2024,010494871,1,4,0,99,99,9,9,99,99,9,9,99,9,99,1,1,2,2,1,31,6,-1,-1,-1,-1,3,E01000889,0,1
2024451520769,2024,451520769,1,9,0,-1,19,3,1,-1,0,0,0,0,0,0,1,9,-1,6,3,-1,-1,-1,-1,-1,-1,-1,-1,0,-1
2024332400900,2024,332400900,2,4,0,-1,13,4,8,-1,0,8,0,0,0,0,1,1,-1,9,1,17,4,-1,-1,-1,-1,5,E01026003,0,1
2024201437718,2024,201437718,1,-1,0,-1,5,3,7,-1,0,0,0,0,0,0,4,1,-1,9,1,36,7,-1,-1,-1,-1,1,E01009412,1,1
2024522401530,2024,522401530,2,1,0,18,19,1,5,0,0,6,0,0,0,0,3,1,6,6,1,20,4,-1,-1,-1,-1,9,E01035229,0,1
2024010523402,2024,010523402,2,9,0,99,99,9,9,99,99,9,9,99,9,99,4,9,6,6,3,-1,-1,-1,-1,-1,-1,-1,-1,0,-1
2024010511920,2024,010511920,2,1,0,9,9,7,5,0,0,1,5,0,0,0,3,1,6,6,2,26,6,-1,-1,-1,-1,5,E01003247,0,2
2024122400934,2024,122400934,2,1,0,10,10,3,7,0,0,0,0,0,0,0,1,1,6,6,2,59,9,-1,-1,-1,-1,4,E01034981,0,1
2024122400956,2024,122400956,1,9,0,18,19,1,5,0,0,0,2,0,0,0,4,1,6,6,2,58,9,-1,-1,-1,-1,2,E01012101,0,4
2024010487596,2024,010487596,4,9,0,2,2,0,0,0,0,1,0,0,0,0,2,1,6,6,3,-1,-1,-1,-1,-1,-1,-1,-1,0,-1
2024361397841,2024,361397841,1,9,0,-1,-1,-1,-1,-1,0,0,0,0,0,0,-1,9,-1,6,3,-1,-1,-1,-1,-1,-1,-1,-1,0,-1
2024461484198,2024,461484198,1,9,0,-1,19,5,1,-1,0,0,0,0,0,0,1,9,-1,6,3,-1,-1,-1,-1,-1,-1,-1,-1,0,-1
2024010538727,2024,010538727,1,9,0,18,19,8,4,0,0,8,0,0,0,0,1,1,6,6,2,29,6,-1,-1,-1,-1,2,E01000072,0,1
2024451535726,2024,451535726,2,9,0,-1,19,7,3,-1,0,0,0,0,0,0,1,1,-1,9,1,80,11,-1,-1,-1,-1,10,E01030417,0,1
2024010529975,2024,010529975,2,1,9,99,99,9,9,4,4,1,9,99,9,99,1,1,6,6,1,48,8,-1,-1,-1,-1,4,E01001336,0,2
2024531403939,2024,531403939,1,9,0,-1,19,5,1,-1,0,2,0,0,0,0,1,1,-1,6,3,-1,-1,-1,-1,-1,-1,-1,-1,0,-1
2024061436711,2024,061436711,2,9,0,-1,1,-1,-1,-1,0,6,0,0,0,0,2,1,-1,6,3,-1,-1,-1,-1,-1,-1,-1,-1,0,-1
2024451474317,2024,451474317,2,9,0,-1,19,1,5,-1,0,1,0,0,0,0,1,1,-1,1,2,66,10,-1,-1,-1,-1,10,E01035359,0,1
2024010489907,2024,010489907,2,9,0,99,99,9,9,99,99,0,9,99,9,99,0,9,6,6,3,-1,-1,-1,-1,-1,-1,8,E01004648,0,1
2024520500323,2024,520500323,1,1,0,18,19,4,8,0,0,8,0,0,0,0,9,1,6,6,2,37,7,-1,-1,-1,-1,8,E01035127,0,1
2024010499914,2024,010499914,2,98,0,99,99,9,9,99,99,9,9,99,9,99,9,9,6,6,3,-1,-1,-1,-1,-1,-1,-1,-1,0,-1
2024430543038,2024,430543038,2,9,0,18,19,3,7,0,0,1,0,0,0,0,1,1,6,6,1,48,8,-1,-1,-1,-1,5,E01033522,0,2
2024531410145,2024,531410145,1,9,0,-1,19,1,5,-1,0,0,0,0,1,0,1,1,-1,2,1,45,7,-1,-1,-1,-1,2,E01022332,0,1
2024451422979,2024,451422979,1,1,0,-1,12,3,7,-1,0,0,0,0,0,0,3,1,-1,9,1,15,3,-1,-1,-1,-1,10,E01030380,0,1
2024141529487,2024,141529487,1,1,0,-1,19,1,5,-1,0,0,0,0,0,0,1,1,-1,9,1,41,7,-1,-1,-1,-1,2,E01007770,0,1
2024031472731,2024,031472731,1,21,1,-1,9,3,6,-1,0,6,0,0,0,0,3,9,-1,1,1,51,8,-1,-1,-1,-1,2,E01010447,0,5
2024411537184,2024,411537184,1,9,0,-1,19,8,4,-1,0,0,2,0,0,0,1,1,-1,1,1,43,7,-1,-1,-1,-1,6,E01023506,0,2
2024631443427,2024,631443427,1,9,0,-1,19,4,8,-1,0,8,0,0,0,0,4,1,-1,6,3,-1,-1,-1,-1,-1,-1,-1,-1,0,-1
2024010547472,2024,010547472,1,1,9,99,99,9,9,99,99,9,9,99,9,99,9,1,2,2,1,35,6,-1,-1,-1,-1,3,E01001834,0,1