collision_index,collision_year,collision_ref_no,vehicle_reference,vehicle_type,towing_and_articulation,vehicle_manoeuvre_historic,vehicle_manoeuvre,vehicle_direction_from,vehicle_direction_to,vehicle_location_restricted_lane_historic,vehicle_location_restricted_lane,junction_location,skidding_and_overturning,hit_object_in_carriageway,vehicle_leaving_carriageway,hit_object_off_carriageway,first_point_of_impact,vehicle_left_hand_drive,journey_purpose_of_driver_historic,journey_purpose_of_driver,sex_of_driver,age_of_driver,age_band_of_driver,engine_capacity_cc,propulsion_code,age_of_vehicle,generic_make_model,driver_imd_decile,lsoa_of_driver,escooter_flag,driver_distance_banding
202460Q068512,2024,60Q068512,1,9,0,18,19,1,5,9,9,1,0,0,0,0,1,1,6,6,1,49,8,-1,-1,-1,-1,-1,-1,0,-1
202417L306124,2024,17L306124,2,-1,0,-1,19,1,5,-1,0,6,0,0,0,0,1,1,-1,9,1,12,3,-1,-1,-1,-1,1,E01012100,1,1
2024552400216,2024,552400216,1,9,0,7,7,6,8,0,0,4,0,0,0,0,1,1,2,2,1,24,5,-1,-1,-1,-1,3,E01020551,0,1
2024010517927,2024,010517927,2,1,9,99,99,9,9,99,99,9,9,99,9,99,9,1,6,6,3,-1,-1,-1,-1,-1,-1,-1,-1,0,-1
2024351416645,2024,351416645,2,1,0,-1,-1,-1,-1,-1,0,-1,0,0,0,0,-1,1,-1,6,1,-1,-1,-1,-1,-1,-1,-1,-1,0,-1
2024010525506,2024,010525506,2,21,1,18,19,5,1,0,0,0,0,0,0,0,1,2,1,1,1,56,9,-1,-1,-1,-1,-1,-1,0,-1
2024461442805,2024,461442805,2,1,0,-1,19,1,5,-1,0,1,5,0,0,0,1,1,-1,6,1,72,10,-1,-1,-1,-1,8,E01016144,0,1
2024010551358,2024,010551358,1,9,0,99,99,9,9,99,99,9,9,99,9,99,2,9,6,6,2,65,9,-1,-1,-1,-1,4,E01030815,0,3
2024201518655,2024,201518655,2,9,0,-1,3,2,3,-1,0,0,0,0,1,0,1,1,-1,6,1,-1,-1,-1,-1,-1,-1,-1,-1,0,-1
2024010491749,2024,010491749,1,1,9,99,99,9,9,99,99,0,9,8,9,99,1,1,2,2,1,29,6,-1,-1,-1,-1,4,E01000957,0,1
2024010487894,2024,010487894,1,9,0,99,99,9,9,0,0,1,0,0,0,0,1,1,6,6,1,-1,-1,-1,-1,-1,-1,4,E01001174,0,2
2024052401810,2024,052401810,1,21,0,11,11,7,3,0,0,3,0,0,0,0,4,1,1,1,1,32,6,-1,-1,-1,-1,5,E01025412,0,4
2024010550233,2024,010550233,2,-1,0,16,19,3,7,0,0,0,0,0,0,0,1,1,6,6,1,15,3,-1,-1,-1,-1,6,E01003437,1,1
2024010508260,2024,010508260,1,1,9,99,99,9,9,99,99,0,9,8,9,99,1,1,2,2,2,22,5,-1,-1,-1,-1,5,E01033579,0,1
2024061401250,2024,061401250,2,19,0,-1,9,4,2,-1,0,1,0,0,0,0,1,1,-1,6,1,35,6,-1,-1,-1,-1,1,E01004877,0,1
2024311398002,2024,311398002,2,4,0,-1,14,4,1,-1,0,0,5,0,0,0,3,1,-1,6,1,69,10,-1,-1,-1,-1,8,E01028116,0,1
2024101453309,2024,101453309,1,1,0,-1,19,5,1,-1,9,0,0,0,0,0,3,1,-1,9,1,12,3,-1,-1,-1,-1,-1,-1,0,-1
2024430060495,2024,430060495,2,10,0,18,19,3,7,0,0,6,0,0,0,0,4,1,6,6,1,-1,-1,-1,-1,-1,-1,-1,-1,0,-1
2024010494803,2024,010494803,3,9,0,18,19,5,1,0,0,0,0,0,0,0,1,1,6,6,1,50,8,-1,-1,-1,-1,3,E01032581,0,2
2024010506863,2024,010506863,2,1,0,9,9,8,6,0,0,8,0,0,7,0,1,1,2,2,2,30,6,-1,-1,-1,-1,8,E01003138,0,1
2024522500091,2024,522500091,2,9,0,9,9,1,7,0,0,6,0,0,0,0,1,1,6,6,3,-1,-1,-1,-1,-1,-1,-1,-1,0,-1
2024061484275,2024,061484275,2,1,0,-1,9,5,3,-1,0,1,0,0,0,0,3,1,-1,9,1,15,3,-1,-1,-1,-1,1,E01005088,0,1
2024010539592,2024,010539592,2,1,9,99,99,9,9,99,99,9,9,99,9,99,1,1,6,6,3,-1,-1,-1,-1,-1,-1,-1,-1,0,-1
2024010527078,2024,010527078,2,1,0,18,19,5,1,0,0,8,5,0,0,0,1,1,6,6,1,24,5,-1,-1,-1,-1,6,E01035719,0,1
2024430036013,2024,430036013,2,1,0,18,19,1,5,0,0,1,0,0,0,0,3,1,1,1,1,22,5,-1,-1,-1,-1,-1,-1,0,-1
2024332400494,2024,332400494,1,9,0,-1,19,3,7,-1,0,8,0,0,0,0,4,1,-1,2,1,39,7,-1,-1,-1,-1,9,E01026289,0,4
2024052402563,2024,052402563,1,19,0,18,19,3,7,0,0,2,0,0,0,0,1,1,6,6,1,41,7,-1,-1,-1,-1,3,E01007174,0,1
2024010532092,2024,010532092,1,1,9,99,99,9,9,99,99,9,9,99,9,99,2,1,6,6,1,35,6,-1,-1,-1,-1,3,E01000381,0,1
2024010502411,2024,010502411,1,9,0,99,99,9,9,99,99,0,9,99,9,99,1,9,6,6,2,59,9,-1,-1,-1,-1,8,E01003709,0,1
2024471397010,2024,471397010,1,9,0,-1,19,5,1,-1,0,0,5,0,8,11,1,1,-1,2,1,28,6,-1,-1,-1,-1,10,E01035347,0,1
2024471534369,2024,471534369,3,9,0,-1,19,3,7,-1,0,0,0,0,0,0,0,9,-1,6,3,-1,-1,-1,-1,-1,-1,-1,-1,0,-1
2024302400087,2024,302400087,2,9,0,8,8,2,4,0,0,1,0,0,0,0,2,1,6,6,2,53,8,-1,-1,-1,-1,3,E01013502,0,1
2024421459278,2024,421459278,2,1,0,-1,19,2,6,-1,0,0,0,0,1,0,0,1,-1,9,2,-1,-1,-1,-1,-1,-1,-1,-1,0,-1
2024471455403,2024,471455403,1,1,0,-1,19,5,1,-1,9,6,0,0,0,0,1,1,-1,6,1,15,3,-1,-1,-1,-1,1,E01031404,0,1
2024531519621,2024,531519621,2,1,0,-1,19,8,4,-1,0,1,0,0,0,0,1,1,-1,6,1,40,7,-1,-1,-1,-1,9,E01022101,0,1
202417M111124,2024,17M111124,1,1,0,-1,19,5,1,-1,0,8,0,0,0,0,1,1,-1,9,2,19,4,-1,-1,-1,-1,8,E01012009,0,1
2024010542726,2024,010542726,1,1,9,99,99,9,9,99,99,9,9,99,9,99,1,1,6,6,1,22,5,-1,-1,-1,-1,7,E01001866,0,1
2024161431808,2024,161431808,1,1,0,-1,19,3,7,-1,4,0,0,0,0,0,3,1,-1,9,1,76,11,-1,-1,-1,-1,6,E01013007,0,4
2024471535072,2024,471535072,1,9,0,-1,19,6,1,-1,0,0,0,0,0,0,4,9,-1,6,3,-1,-1,-1,-1,-1,-1,-1,-1,0,-1
2024332400692,2024,332400692,1,11,0,-1,5,9,9,-1,0,0,0,0,0,0,4,1,-1,1,1,-1,-1,-1,-1,-1,-1,-1,-1,0,-1
2024041496791,2024,041496791,1,1,0,-1,19,1,5,-1,9,0,0,0,0,0,1,1,-1,7,1,14,3,-1,-1,-1,-1,5,E01025412,0,1
2024010528566,2024,010528566,2,1,0,5,5,7,3,9,9,1,0,0,0,0,3,1,6,6,1,21,5,-1,-1,-1,-1,5,E01000632,0,2
2024101511612,2024,101511612,2,1,0,-1,19,4,8,-1,0,0,0,0,0,0,2,1,-1,9,1,55,8,-1,-1,-1,-1,5,E01027452,0,2
2024451396755,2024,451396755,2,9,0,-1,99,7,3,-1,99,8,0,0,0,0,4,9,-1,6,2,58,9,-1,-1,-1,-1,-1,-1,0,-1
2024161526616,2024,161526616,2,1,0,-1,19,3,7,-1,0,0,0,4,0,0,1,1,-1,6,1,-1,-1,-1,-1,-1,-1,-1,-1,0,-1
2024522500315,2024,522500315,2,-1,0,18,19,9,9,0,0,0,0,0,0,0,1,1,6,6,1,-1,-1,-1,-1,-1,-1,-1,-1,1,-1
2024340NN3242,2024,340NN3242,2,-1,0,-1,19,5,1,-1,0,8,0,0,0,0,1,1,-1,2,1,32,6,-1,-1,-1,-1,7,E01032967,1,1
2024991401658,2024,991401658,2,1,0,-1,14,6,2,-1,0,0,0,0,0,0,1,1,-1,1,1,28,6,-1,-1,-1,-1,2,-1,0,1
2024320502836,2024,320502836,1,9,0,1,1,7,3,0,0,0,0,0,0,0,2,1,6,6,1,-1,-1,-1,-1,-1,-1,-1,-1,0,-1
2024501502086,2024,501502086,2,1,0,-1,19,7,3,-1,0,1,0,0,0,0,1,1,-1,6,1,41,7,-1,-1,-1,-1,1,E01019056,0,1
2024010547869,2024,010547869,2,-1,0,18,19,1,5,4,4,1,0,0,0,0,4,1,6,6,1,35,6,-1,-1,-1,-1,5,E01001041,1,1
2024430405952,2024,430405952,2,4,0,10,10,1,7,0,0,4,0,0,0,0,2,1,6,6,1,38,7,-1,-1,-1,-1,-1,-1,0,-1
2024421517767,2024,421517767,1,1,0,-1,19,2,6,-1,9,0,0,0,0,0,1,1,-1,9,1,29,6,-1,-1,-1,-1,6,E01035156,0,1
2024101421322,2024,101421322,1,9,0,-1,19,1,5,-1,0,0,0,0,0,0,1,9,-1,6,1,57,9,-1,-1,-1,-1,8,E01020597,0,2
2024010528092,2024,010528092,1,9,0,18,19,5,1,0,0,2,0,11,0,0,1,1,6,6,3,-1,-1,-1,-1,-1,-1,-1,-1,0,-1
2024440214709,2024,440214709,2,19,0,13,13,3,7,0,0,8,0,0,0,0,4,1,6,6,1,-1,-1,-1,-1,-1,-1,-1,-1,0,-1
2024320210812,2024,320210812,2,1,0,-1,-1,4,8,0,0,2,0,0,0,0,3,1,6,6,1,27,6,-1,-1,-1,-1,3,E01026177,0,1
2024471497434,2024,471497434,1,1,0,-1,19,4,8,-1,0,0,0,0,0,0,1,1,-1,6,1,53,8,-1,-1,-1,-1,7,E01016946,0,1
2024122400644,2024,122400644,2,1,0,18,19,7,3,0,0,8,0,0,0,0,1,1,2,2,1,34,6,-1,-1,-1,-1,8,E01027644,0,1
2024010520623,2024,010520623,1,9,0,18,19,2,6,0,0,6,2,0,0,0,1,1,6,6,1,25,5,-1,-1,-1,-1,2,E01001877,0,1
2024101480045,2024,101480045,1,1,0,-1,19,4,1,-1,0,0,0,0,0,0,0,1,-1,9,2,4,1,-1,-1,-1,-1,-1,-1,0,-1
2024201407213,2024,201407213,1,9,0,-1,19,4,8,-1,0,2,0,0,0,0,4,9,-1,9,1,49,8,-1,-1,-1,-1,4,E01009620,0,4
2024421458699,2024,421458699,2,9,0,-1,7,8,2,-1,0,2,0,0,0,0,1,1,-1,1,1,58,9,-1,-1,-1,-1,5,E01021814,0,2
2024221467796,2024,221467796,2,1,0,-1,19,8,4,-1,0,0,0,0,0,0,1,1,-1,6,1,8,2,-1,-1,-1,-1,7,E01029012,0,1
2024430392203,2024,430392203,2,9,0,3,3,1,7,0,0,1,0,0,0,0,4,1,6,6,1,-1,-1,-1,-1,-1,-1,5,E01016841,0,1
2024161454021,2024,161454021,2,9,0,-1,19,2,6,-1,0,1,0,0,1,11,2,1,-1,1,2,57,9,-1,-1,-1,-1,1,E01013181,0,1
2024010531466,2024,010531466,1,1,9,99,99,9,9,99,99,9,9,99,9,99,2,1,6,6,1,17,4,-1,-1,-1,-1,8,E01004751,0,1
2024161507897,2024,161507897,2,9,0,-1,19,2,6,-1,0,0,0,0,0,0,4,9,-1,9,2,51,8,-1,-1,-1,-1,9,E01013157,0,1
2024010509677,2024,010509677,2,1,0,18,19,5,1,0,0,1,0,0,0,0,1,1,6,6,1,48,8,-1,-1,-1,-1,3,E01002774,0,2
2024010496197,2024,010496197,1,9,0,9,9,1,7,0,0,5,0,0,0,0,1,1,6,6,1,33,6,-1,-1,-1,-1,4,E01003409,0,1
2024010490597,2024,010490597,1,19,0,8,8,6,8,0,0,1,0,99,1,0,2,9,6,6,3,-1,-1,-1,-1,-1,-1,-1,-1,0,-1
2024440425168,2024,440425168,2,1,0,18,19,7,3,0,0,8,0,0,0,0,4,1,6,6,1,27,6,-1,-1,-1,-1,3,E01017079,0,1
2024010533722,2024,010533722,2,1,0,5,5,5,1,4,4,1,0,0,0,0,1,1,2,2,2,26,6,-1,-1,-1,-1,3,E01001833,0,1
2024430203961,2024,430203961,2,1,0,18,19,8,4,0,0,6,0,0,0,0,1,1,6,6,1,39,7,-1,-1,-1,-1,9,E01016428,0,1
2024131487965,2024,131487965,2,1,0,-1,19,7,3,-1,0,1,0,0,0,0,4,1,-1,1,1,38,7,-1,-1,-1,-1,4,E01011150,0,1
2024201429258,2024,201429258,2,-1,0,-1,19,5,1,-1,0,0,0,0,0,0,1,1,-1,6,1,14,3,-1,-1,-1,-1,1,E01009962,1,1
2024461405492,2024,461405492,1,19,0,-1,5,1,5,-1,0,0,0,0,0,0,1,9,-1,1,1,18,4,-1,-1,-1,-1,7,E01016123,0,1
2024421473174,2024,421473174,2,9,0,-1,4,3,7,-1,0,0,0,0,0,0,2,1,-1,9,1,35,6,-1,-1,-1,-1,8,E01021382,0,1
2024461409672,2024,461409672,1,9,0,-1,1,1,8,-1,9,0,0,0,0,0,2,9,-1,6,1,41,7,-1,-1,-1,-1,3,E01024591,0,3
2024010493724,2024,010493724,1,8,0,18,19,4,8,0,0,0,0,0,0,0,4,1,1,1,1,55,8,-1,-1,-1,-1,5,E01002948,0,3
2024201515690,2024,201515690,2,9,0,-1,19,5,1,-1,0,8,0,0,0,0,1,9,-1,2,1,59,9,-1,-1,-1,-1,2,E01009937,0,1
2024991522009,2024,991522009,1,90,0,-1,12,4,8,-1,0,8,0,0,0,0,2,1,-1,6,1,50,8,-1,-1,-1,-1,-1,-1,0,-1
2024440026320,2024,440026320,1,9,0,18,19,8,4,0,0,4,1,9,3,7,1,1,6,6,1,30,6,-1,-1,-1,-1,5,E01035459,0,1
2024010496272,2024,010496272,2,3,0,13,13,3,7,0,0,1,0,0,0,0,4,1,1,1,1,29,6,-1,-1,-1,-1,3,E01003569,0,1
2024010542154,2024,010542154,1,9,0,2,2,0,0,0,0,2,0,0,0,0,0,1,6,6,3,-1,-1,-1,-1,-1,-1,-1,-1,0,-1
2024010527491,2024,010527491,1,1,0,18,19,5,1,0,0,1,0,0,0,0,4,1,6,6,1,24,5,-1,-1,-1,-1,-1,-1,0,-1
2024991516847,2024,991516847,1,9,0,-1,5,1,5,-1,0,1,0,0,0,0,1,2,-1,6,1,40,7,-1,-1,-1,-1,-1,-1,0,-1
2024440337591,2024,440337591,1,19,0,1,1,5,1,0,0,0,0,0,0,0,2,1,6,6,3,-1,-1,-1,-1,-1,-1,-1,-1,0,-1
2024201541208,2024,201541208,1,9,0,-1,19,8,4,-1,0,4,0,0,0,0,1,9,-1,1,1,31,6,-1,-1,-1,-1,2,E01009481,0,3
2024010533982,2024,010533982,1,11,9,18,19,5,1,0,0,0,9,99,9,99,9,1,1,1,3,-1,-1,-1,-1,-1,-1,-1,-1,0,-1
2024122401166,2024,122401166,1,19,0,18,19,1,5,0,0,0,0,0,0,0,1,1,1,1,1,24,5,-1,-1,-1,-1,5,E01010873,0,4
2024070877199,2024,070877199,2,1,0,-1,19,1,5,-1,0,0,0,0,0,0,4,1,-1,6,1,11,3,-1,-1,-1,-1,8,E01012385,0,1
2024552400908,2024,552400908,1,9,0,18,19,6,2,0,0,0,0,0,0,0,1,1,6,6,3,-1,-1,-1,-1,-1,-1,-1,-1,0,-1
2024041448686,2024,041448686,1,98,0,-1,19,2,6,-1,0,8,0,0,0,0,-1,9,-1,6,1,-1,-1,-1,-1,-1,-1,-1,-1,0,-1
2024461399798,2024,461399798,1,9,0,-1,19,7,3,-1,0,0,0,0,0,0,1,9,-1,6,3,-1,-1,-1,-1,-1,-1,-1,-1,0,-1
2024010531007,2024,010531007,1,1,9,99,99,9,9,99,99,9,9,99,9,99,1,1,2,2,1,30,6,-1,-1,-1,-1,9,E01004593,0,1
2024041477302,2024,041477302,2,1,0,-1,19,1,5,-1,0,8,0,0,0,0,1,1,-1,6,1,14,3,-1,-1,-1,-1,8,E01024939,0,1
2024332401012,2024,332401012,1,9,0,-1,11,4,8,-1,0,0,0,0,0,0,0,1,-1,6,3,-1,-1,-1,-1,-1,-1,-1,-1,0,-1
2024622400689,2024,622400689,1,9,0,18,19,8,4,0,0,0,1,0,0,0,1,2,6,6,1,31,6,-1,-1,-1,-1,4,W01001790,0,2
2024041408284,2024,041408284,1,9,0,-1,19,-1,-1,-1,0,1,0,0,0,0,1,9,-1,6,3,-1,-1,-1,-1,-1,-1,-1,-1,0,-1
2024201523971,2024,201523971,1,9,0,-1,19,6,2,-1,0,0,0,0,0,0,1,1,-1,6,3,-1,-1,-1,-1,-1,-1,-1,-1,0,-1
2024010534302,2024,010534302,1,1,0,18,19,3,7,0,0,5,0,0,0,0,1,1,1,1,2,36,7,-1,-1,-1,-1,3,E01003917,0,1
2024010494975,2024,010494975,2,9,0,2,2,0,0,0,0,1,0,0,0,0,2,1,6,6,3,-1,-1,-1,-1,-1,-1,-1,-1,0,-1
2024471494483,2024,471494483,1,9,0,-1,9,6,2,-1,0,2,0,0,0,0,3,1,-1,9,1,77,11,-1,-1,-1,-1,9,E01021203,0,1
2024201435041,2024,201435041,1,9,0,-1,7,1,3,-1,0,1,0,0,0,0,4,9,-1,6,3,40,7,-1,-1,-1,-1,-1,-1,0,-1
2024201436405,2024,201436405,1,9,0,-1,9,2,8,-1,0,6,0,0,0,0,1,1,-1,6,2,-1,-1,-1,-1,-1,-1,-1,-1,0,-1
2024543539724,2024,543539724,1,19,0,17,19,1,5,0,0,0,0,0,1,1,1,1,1,1,1,64,9,-1,-1,-1,-1,8,E01022199,0,3
2024541360124,2024,541360124,1,9,0,18,19,7,3,0,0,0,1,0,1,0,1,1,6,6,1,50,8,-1,-1,-1,-1,6,E01034549,0,3
2024041441480,2024,041441480,1,9,0,-1,19,-1,-1,-1,0,0,0,0,0,0,-1,9,-1,6,3,-1,-1,-1,-1,-1,-1,-1,-1,0,-1
2024010495033,2024,010495033,1,9,9,99,99,9,9,99,99,9,9,99,9,99,9,9,6,6,3,-1,-1,-1,-1,-1,-1,-1,-1,0,-1
2024520401582,2024,520401582,1,9,0,9,9,2,6,0,0,1,0,0,0,0,2,1,6,6,2,52,8,-1,-1,-1,-1,6,E01029135,0,1
2024201448947,2024,201448947,1,9,0,-1,19,5,1,-1,0,1,0,0,0,0,1,9,-1,6,1,20,4,-1,-1,-1,-1,-1,-1,0,-1
2024501501538,2024,501501538,1,1,0,-1,19,7,3,-1,0,1,5,0,0,0,1,1,-1,6,1,-1,-1,-1,-1,-1,-1,-1,-1,0,-1
2024430283038,2024,430283038,1,1,0,7,7,6,7,0,0,5,0,0,0,0,4,1,6,6,1,28,6,-1,-1,-1,-1,4,E01016529,0,3
2024070231907,2024,070231907,1,8,0,18,19,3,7,0,0,1,0,0,0,0,0,1,1,1,1,-1,-1,-1,-1,-1,-1,-1,-1,0,-1
2024531502528,2024,531502528,1,9,0,-1,1,4,6,-1,9,0,0,0,0,0,2,1,-1,6,1,-1,-1,-1,-1,-1,-1,-1,-1,0,-1
2024622400202,2024,622400202,2,1,0,18,19,8,4,0,0,8,0,0,0,0,4,1,6,6,1,58,9,-1,-1,-1,-1,1,W01001762,0,4
2024421525401,2024,421525401,1,9,-1,-1,7,-1,-1,-1,0,0,0,0,0,0,4,9,-1,6,3,-1,-1,-1,-1,-1,-1,-1,-1,0,-1
2024052402619,2024,052402619,1,9,0,18,19,4,8,0,0,1,0,0,0,0,1,1,6,6,1,34,6,-1,-1,-1,-1,3,E01006587,0,1
2024010493779,2024,010493779,1,9,0,99,99,9,9,99,99,9,9,99,9,99,2,9,6,6,1,26,6,-1,-1,-1,-1,9,E01030712,0,3
2024122500560,2024,122500560,2,1,0,18,19,3,7,0,0,0,0,0,0,0,2,1,6,6,1,68,10,-1,-1,-1,-1,7,E01027681,0,1
2024010528757,2024,010528757,2,9,0,7,7,8,1,0,0,5,0,0,0,0,4,1,6,6,1,31,6,-1,-1,-1,-1,2,E01000017,0,1
2024371538507,2024,371538507,1,9,-1,-1,-1,6,8,-1,0,0,-1,-1,-1,0,-1,9,-1,6,1,54,8,-1,-1,-1,-1,5,E01029990,0,1
2024302400124,2024,302400124,1,11,0,17,19,5,1,0,0,0,0,0,1,11,1,1,1,1,1,27,6,-1,-1,-1,-1,4,E01019822,0,1
2024010514338,2024,010514338,1,9,0,18,19,3,7,0,0,0,0,0,0,0,1,1,6,6,3,-1,-1,-1,-1,-1,-1,-1,-1,0,-1
2024501419495,2024,501419495,1,9,0,-1,5,1,7,-1,0,6,0,0,0,0,1,1,-1,1,2,27,6,-1,-1,-1,-1,3,E01015167,0,4
2024010551694,2024,010551694,1,1,9,99,99,9,9,99,99,9,9,99,9,99,0,1,2,2,1,32,6,-1,-1,-1,-1,3,E01004528,0,1
2024010548014,2024,010548014,2,20,0,-1,-1,4,8,0,0,0,0,0,1,11,1,1,2,2,1,48,8,-1,-1,-1,-1,2,E01001076,0,1
2024211481361,2024,211481361,2,1,0,-1,19,3,7,-1,0,1,0,0,0,0,1,1,-1,2,1,55,8,-1,-1,-1,-1,-1,-1,0,-1
2024010489688,2024,010489688,1,9,0,18,19,4,8,0,0,0,5,0,1,7,3,1,6,6,1,24,5,-1,-1,-1,-1,2,E01002368,0,1
2024010544951,2024,010544951,1,1,9,99,99,9,9,99,99,9,9,99,9,99,1,1,6,6,1,22,5,-1,-1,-1,-1,-1,-1,0,-1
2024471420598,2024,471420598,1,9,0,-1,19,-1,-1,-1,0,1,0,0,0,0,1,9,-1,6,3,-1,-1,-1,-1,-1,-1,-1,-1,0,-1
2024010495172,2024,010495172,2,9,0,99,99,9,9,99,99,9,9,99,9,99,9,9,6,6,3,-1,-1,-1,-1,-1,-1,-1,-1,0,-1
2024340WN2202,2024,340WN2202,1,-1,0,-1,19,3,7,-1,9,0,0,0,0,0,1,1,-1,6,2,20,4,-1,-1,-1,-1,-1,-1,1,-1
2024451447209,2024,451447209,1,1,0,-1,19,6,2,-1,9,1,2,0,0,0,1,1,-1,9,2,51,8,-1,-1,-1,-1,-1,-1,0,-1
2024361482847,2024,361482847,2,9,0,-1,19,5,2,-1,0,0,0,0,0,0,1,1,-1,9,1,42,7,-1,-1,-1,-1,5,E01026739,0,1
2024361535940,2024,361535940,2,1,0,-1,19,-1,-1,-1,0,1,0,0,0,0,4,1,-1,6,1,52,8,-1,-1,-1,-1,9,E01026550,0,2
2024052402355,2024,052402355,1,9,0,18,19,5,1,0,0,0,0,0,0,0,4,1,6,6,3,-1,-1,-1,-1,-1,-1,-1,-1,0,-1
202454E608324,2024,54E608324,2,9,0,18,19,6,2,0,0,8,0,0,0,0,1,1,1,1,1,66,10,-1,-1,-1,-1,9,E01023197,0,4
2024141512663,2024,141512663,2,9,0,-1,19,1,5,-1,0,0,0,0,0,0,1,9,-1,6,3,-1,-1,-1,-1,-1,-1,-1,-1,0,-1
2024430505359,2024,430505359,2,9,0,18,19,3,7,0,0,1,0,0,0,0,1,1,6,6,1,-1,-1,-1,-1,-1,-1,-1,-1,0,-1
2024451503755,2024,451503755,2,9,0,-1,19,7,7,-1,0,4,0,0,0,0,3,1,-1,9,1,77,11,-1,-1,-1,-1,10,E01031740,0,2
2024411516774,2024,411516774,1,1,0,-1,7,7,1,-1,0,8,5,0,0,0,4,1,-1,6,-1,42,7,-1,-1,-1,-1,7,E01023856,0,1
2024421472754,2024,421472754,1,99,0,-1,19,7,3,-1,5,1,0,0,0,0,1,2,-1,6,3,-1,-1,-1,-1,-1,-1,-1,-1,0,-1
2024061482843,2024,061482843,3,21,1,-1,2,0,0,-1,0,0,0,0,0,0,2,2,-1,1,1,60,9,-1,-1,-1,-1,-1,-1,0,-1
2024522401726,2024,522401726,2,9,0,18,19,6,2,0,0,0,0,0,0,0,0,1,6,6,3,-1,-1,-1,-1,-1,-1,-1,-1,0,-1
2024430207535,2024,430207535,2,1,0,18,19,3,7,0,0,8,0,0,0,0,1,1,6,6,1,71,10,-1,-1,-1,-1,8,E01028545,0,1
2024311471091,2024,311471091,2,1,0,-1,19,7,3,-1,0,1,0,0,0,0,4,1,-1,6,1,12,3,-1,-1,-1,-1,-1,-1,0,-1
2024010494540,2024,010494540,1,3,0,99,99,9,9,99,99,9,9,99,9,99,9,1,2,2,1,44,7,-1,-1,-1,-1,5,E01003166,0,2
2024131417866,2024,131417866,2,9,0,-1,4,5,1,-1,0,0,0,0,0,0,2,1,-1,9,2,34,6,-1,-1,-1,-1,8,E01011743,0,1
2024371419038,2024,371419038,2,1,-1,-1,-1,-1,-1,-1,-1,0,-1,-1,-1,0,-1,1,-1,7,1,11,3,-1,-1,-1,-1,7,E01029965,0,1
2024440400009,2024,440400009,1,9,0,18,19,6,2,0,0,0,0,0,1,4,1,1,6,6,2,79,11,-1,-1,-1,-1,8,E01016337,0,2
2024010549930,2024,010549930,1,1,9,99,99,9,9,99,99,0,9,99,9,99,1,1,6,6,1,45,7,-1,-1,-1,-1,7,E01003396,0,1
2024010489239,2024,010489239,2,9,0,99,99,9,9,0,0,0,9,99,9,99,1,9,6,6,3,-1,-1,-1,-1,-1,-1,7,E01003699,0,3
2024101439340,2024,101439340,2,9,0,-1,19,1,7,-1,0,0,0,0,7,0,4,2,-1,9,1,75,10,-1,-1,-1,-1,10,E01027403,0,1
2024451447712,2024,451447712,3,9,0,-1,2,-1,-1,-1,0,0,0,0,0,0,2,9,-1,6,3,-1,-1,-1,-1,-1,-1,-1,-1,0,-1
2024010514121,2024,010514121,2,1,0,18,19,5,1,0,0,4,0,0,0,0,1,1,6,6,1,32,6,-1,-1,-1,-1,5,E01000471,0,2
2024010508151,2024,010508151,1,19,0,18,19,5,1,0,0,1,0,0,0,0,4,1,6,6,3,-1,-1,-1,-1,-1,-1,-1,-1,0,-1
2024522401578,2024,522401578,1,1,0,18,19,7,3,2,2,8,0,0,0,0,1,1,6,6,1,39,7,-1,-1,-1,-1,6,E01014531,0,1
2024421439870,2024,421439870,1,9,0,-1,19,3,7,-1,0,0,0,0,0,0,1,1,-1,6,3,-1,-1,-1,-1,-1,-1,-1,-1,0,-1
2024440136539,2024,440136539,1,9,0,18,19,2,6,0,0,0,0,0,0,0,1,1,6,6,1,18,4,-1,-1,-1,-1,-1,-1,0,-1
2024201499806,2024,201499806,2,1,0,-1,19,6,2,-1,0,0,5,0,0,0,4,1,-1,2,1,-1,-1,-1,-1,-1,-1,-1,-1,0,-1
2024302400931,2024,302400931,1,9,0,4,4,5,7,0,0,5,0,0,1,0,2,1,6,6,2,62,9,-1,-1,-1,-1,5,E01019744,0,1
2024161454084,2024,161454084,2,9,0,-1,19,1,5,-1,0,0,0,0,0,0,1,1,-1,6,3,-1,-1,-1,-1,-1,-1,-1,-1,0,-1
2024501472503,2024,501472503,1,9,0,-1,9,1,8,-1,0,8,0,0,0,0,3,1,-1,6,3,-1,-1,-1,-1,-1,-1,-1,-1,0,-1
2024991477433,2024,991477433,2,1,0,-1,19,2,6,-1,4,0,0,0,7,0,4,1,-1,9,2,59,9,-1,-1,-1,-1,10,-1,0,1
2024010492231,2024,010492231,2,8,0,99,99,9,9,99,99,0,9,99,9,99,9,9,6,6,3,54,8,-1,-1,-1,-1,3,E01035666,0,2
2024371496549,2024,371496549,1,9,0,-1,19,1,5,-1,0,0,0,1,0,0,1,9,-1,6,3,-1,-1,-1,-1,-1,-1,-1,-1,0,-1
2024010497135,2024,010497135,2,9,9,99,99,9,9,99,99,9,9,99,9,99,9,9,6,6,3,-1,-1,-1,-1,-1,-1,-1,-1,0,-1
2024371497990,2024,371497990,1,-1,0,-1,19,1,5,-1,9,0,1,0,0,0,1,1,-1,6,1,4,1,-1,-1,-1,-1,2,E01029971,1,1
2024231501630,2024,231501630,1,21,1,-1,2,0,0,-1,0,0,0,0,0,0,2,9,-1,6,-1,48,8,-1,-1,-1,-1,-1,-1,0,-1
2024991529183,2024,991529183,2,9,0,-1,19,2,6,-1,0,0,0,0,0,0,2,1,-1,6,1,74,10,-1,-1,-1,-1,-1,-1,0,-1
2024010488424,2024,010488424,2,90,0,99,99,9,9,99,99,9,9,99,9,99,9,9,6,6,3,-1,-1,-1,-1,-1,-1,-1,-1,0,-1
2024302400193,2024,302400193,4,9,0,4,4,4,8,0,0,1,0,0,0,0,1,1,6,6,2,28,6,-1,-1,-1,-1,10,E01013466,0,2
2024010493736,2024,010493736,2,1,9,99,99,9,9,99,99,9,9,99,9,99,9,1,6,6,3,-1,-1,-1,-1,-1,-1,-1,-1,0,-1