collision_index,collision_year,collision_ref_no,vehicle_reference,vehicle_type,towing_and_articulation,vehicle_manoeuvre_historic,vehicle_manoeuvre,vehicle_direction_from,vehicle_direction_to,vehicle_location_restricted_lane_historic,vehicle_location_restricted_lane,junction_location,skidding_and_overturning,hit_object_in_carriageway,vehicle_leaving_carriageway,hit_object_off_carriageway,first_point_of_impact,vehicle_left_hand_drive,journey_purpose_of_driver_historic,journey_purpose_of_driver,sex_of_driver,age_of_driver,age_band_of_driver,engine_capacity_cc,propulsion_code,age_of_vehicle,generic_make_model,driver_imd_decile,lsoa_of_driver,escooter_flag,driver_distance_banding
2024451499284,2024,451499284,1,1,0,-1,19,8,4,-1,0,8,5,0,0,0,4,1,-1,9,2,63,9,-1,-1,-1,-1,8,E01030647,0,1
2024201462442,2024,201462442,1,9,0,-1,5,2,6,-1,9,2,0,10,3,11,1,1,-1,6,1,20,4,-1,-1,-1,-1,-1,-1,0,-1
2024122400843,2024,122400843,2,9,0,18,19,5,1,0,0,0,0,0,0,0,1,1,2,2,2,34,6,-1,-1,-1,-1,5,E01027884,0,3
2024010495887,2024,010495887,1,9,9,99,99,9,9,99,99,9,9,99,9,99,1,9,6,6,1,-1,-1,-1,-1,-1,-1,-1,-1,0,-1
2024010496486,2024,010496486,1,9,0,18,19,5,1,0,0,0,0,0,0,0,1,1,6,6,3,-1,-1,-1,-1,-1,-1,-1,-1,0,-1
2024141458375,2024,141458375,2,98,0,-1,19,7,3,-1,0,0,0,0,0,0,0,1,-1,2,1,60,9,-1,-1,-1,-1,10,E01012517,0,4
2024522500247,2024,522500247,2,1,0,3,3,3,7,0,0,1,0,0,0,0,1,1,6,6,1,11,3,-1,-1,-1,-1,1,E01032515,0,1
2024041464379,2024,041464379,2,22,0,-1,19,1,5,-1,0,0,0,0,0,0,1,1,-1,6,2,39,7,-1,-1,-1,-1,5,E01025239,0,1
2024430199786,2024,430199786,1,90,0,18,19,6,2,0,0,0,0,0,0,0,4,1,6,6,2,20,4,-1,-1,-1,-1,5,E01016807,0,1
2024070659593,2024,070659593,2,1,0,18,19,5,3,0,0,1,0,0,0,0,2,1,6,6,1,70,10,-1,-1,-1,-1,10,E01007189,0,3
2024302400055,2024,302400055,2,1,0,18,19,2,6,0,0,2,0,0,1,0,2,1,6,6,1,42,7,-1,-1,-1,-1,1,E01013568,0,1
2024440345082,2024,440345082,1,19,0,9,9,2,6,0,0,8,0,0,0,0,1,1,6,6,2,24,5,-1,-1,-1,-1,6,E01014960,0,4
2024010547133,2024,010547133,1,9,0,2,2,0,0,0,0,2,0,0,0,0,1,1,6,6,3,-1,-1,-1,-1,-1,-1,-1,-1,0,-1
2024991461250,2024,991461250,2,9,0,-1,5,3,8,-1,0,1,0,0,0,0,1,1,-1,1,1,64,9,-1,-1,-1,-1,1,-1,0,1
2024010532212,2024,010532212,2,1,0,18,19,7,3,0,0,1,0,0,0,0,1,1,6,6,1,27,6,-1,-1,-1,-1,-1,-1,0,-1
2024041546529,2024,041546529,2,1,0,-1,19,1,5,-1,0,2,0,0,0,0,1,1,-1,6,1,23,5,-1,-1,-1,-1,9,E01025552,0,2
2024201448812,2024,201448812,1,9,0,-1,19,8,4,-1,0,0,0,10,1,0,1,9,-1,6,1,-1,-1,-1,-1,-1,-1,-1,-1,0,-1
2024311455000,2024,311455000,2,1,-1,-1,-1,-1,-1,-1,-1,0,-1,-1,-1,0,-1,1,-1,6,2,40,7,-1,-1,-1,-1,-1,-1,0,-1
2024522403195,2024,522403195,2,1,0,18,19,2,6,0,0,0,0,0,0,0,3,1,6,6,1,12,3,-1,-1,-1,-1,5,E01014613,0,1
2024131406790,2024,131406790,1,9,0,-1,9,7,5,-1,0,6,0,0,0,0,1,1,-1,9,2,74,10,-1,-1,-1,-1,5,E01011788,0,1
2024522402427,2024,522402427,2,9,0,99,99,9,9,0,0,1,0,0,0,0,9,1,6,6,3,-1,-1,-1,-1,-1,-1,-1,-1,0,-1
2024501524805,2024,501524805,4,9,0,-1,9,1,7,-1,0,2,0,0,0,0,0,9,-1,6,3,-1,-1,-1,-1,-1,-1,-1,-1,0,-1
2024340WN5832,2024,340WN5832,1,1,0,-1,19,6,2,-1,0,8,0,0,0,0,1,1,-1,6,1,14,3,-1,-1,-1,-1,-1,-1,0,-1
2024440077323,2024,440077323,1,9,0,9,9,5,2,0,0,8,0,0,0,0,1,1,6,6,2,-1,-1,-1,-1,-1,-1,-1,-1,0,-1
2024161482910,2024,161482910,1,1,0,-1,19,5,1,-1,4,8,0,0,0,0,2,1,-1,9,2,55,8,-1,-1,-1,-1,3,E01012866,0,1
2024010490306,2024,010490306,1,11,0,16,19,3,7,0,0,1,0,7,0,0,1,1,1,1,1,59,9,-1,-1,-1,-1,3,E01001980,0,3
2024010536992,2024,010536992,1,9,0,99,99,9,9,99,99,9,9,99,9,99,9,1,6,6,3,-1,-1,-1,-1,-1,-1,4,E01004339,0,1
2024371468398,2024,371468398,3,9,0,-1,19,5,1,-1,0,1,0,0,0,0,3,1,-1,9,1,64,9,-1,-1,-1,-1,9,E01030268,0,1
2024101471671,2024,101471671,2,1,0,-1,19,6,2,-1,0,0,0,0,0,0,2,1,-1,6,1,63,9,-1,-1,-1,-1,7,E01027554,0,1
2024991460498,2024,991460498,1,17,4,-1,19,1,5,-1,0,0,0,0,0,0,0,1,-1,1,1,17,4,-1,-1,-1,-1,-1,-1,0,-1
2024531468279,2024,531468279,1,9,0,-1,19,6,2,-1,0,0,0,0,0,0,1,9,-1,6,3,-1,-1,-1,-1,-1,-1,-1,-1,0,-1
2024010516554,2024,010516554,3,9,0,18,19,5,7,0,0,8,0,0,0,0,1,1,6,6,3,-1,-1,-1,-1,-1,-1,-1,-1,0,-1
2024461535432,2024,461535432,2,9,0,-1,19,3,7,-1,0,0,0,0,0,0,1,1,-1,6,2,29,6,-1,-1,-1,-1,6,E01035280,0,1
2024010488896,2024,010488896,2,9,0,2,2,0,0,0,0,1,0,0,0,0,4,1,6,6,3,-1,-1,-1,-1,-1,-1,-1,-1,0,-1
2024010496948,2024,010496948,3,9,0,2,2,0,0,0,0,1,0,0,0,0,1,1,6,6,3,-1,-1,-1,-1,-1,-1,-1,-1,0,-1
2024481570257,2024,481570257,1,1,0,-1,19,1,5,-1,0,0,0,0,0,0,2,1,-1,9,1,17,4,-1,-1,-1,-1,-1,-1,0,-1
2024141441355,2024,141441355,2,1,0,-1,5,3,7,-1,0,2,0,0,0,0,1,1,-1,9,1,12,3,-1,-1,-1,-1,3,E01007572,0,1
2024320450839,2024,320450839,1,9,0,-1,-1,4,8,0,0,1,1,0,8,1,1,1,-1,-1,1,22,5,-1,-1,-1,-1,-1,-1,0,-1
2024332400665,2024,332400665,2,1,0,-1,19,7,3,-1,0,8,0,0,0,0,1,1,-1,6,1,19,4,-1,-1,-1,-1,3,E01013690,0,1
2024061520555,2024,061520555,1,20,0,-1,4,7,3,-1,-1,0,0,0,0,0,1,9,-1,6,3,-1,-1,-1,-1,-1,-1,-1,-1,0,-1
2024461442490,2024,461442490,1,9,0,-1,19,2,6,-1,0,0,0,0,0,0,1,9,-1,6,3,-1,-1,-1,-1,-1,-1,-1,-1,0,-1
2024131459041,2024,131459041,1,97,0,-1,7,3,3,-1,0,8,0,0,0,0,3,1,-1,6,1,13,3,-1,-1,-1,-1,-1,-1,0,-1
2024122401025,2024,122401025,2,1,0,18,19,3,7,0,0,8,0,0,0,0,1,1,1,1,2,41,7,-1,-1,-1,-1,9,E01034762,0,1
2024070507937,2024,070507937,1,9,0,9,9,3,1,0,0,8,0,0,0,0,1,1,6,6,1,86,11,-1,-1,-1,-1,3,E01018534,0,2
2024161468497,2024,161468497,1,9,0,-1,4,8,4,-1,0,4,0,0,0,0,4,1,-1,9,1,53,8,-1,-1,-1,-1,6,E01013039,0,2
2024401465729,2024,401465729,2,1,0,-1,19,2,6,-1,0,0,0,0,1,0,1,1,-1,7,1,15,3,-1,-1,-1,-1,2,E01033807,0,1
2024522402330,2024,522402330,1,1,0,3,3,9,9,0,0,1,0,0,0,0,2,1,6,6,2,31,6,-1,-1,-1,-1,10,E01014710,0,1
2024421481037,2024,421481037,2,9,0,-1,19,6,2,-1,0,1,0,0,0,0,1,1,-1,9,1,72,10,-1,-1,-1,-1,8,E01002269,0,2
2024122400547,2024,122400547,2,1,0,9,9,1,5,0,0,1,0,0,0,0,1,1,6,6,1,17,4,-1,-1,-1,-1,2,E01027825,0,1
2024041524893,2024,041524893,1,9,0,-1,19,-1,-1,-1,0,1,0,0,0,0,-1,9,-1,6,3,-1,-1,-1,-1,-1,-1,-1,-1,0,-1
2024031408436,2024,031408436,2,1,0,-1,19,7,3,-1,0,0,1,0,0,0,3,1,-1,9,1,30,6,-1,-1,-1,-1,9,E01019396,0,4
2024522402200,2024,522402200,2,9,0,6,6,4,4,0,0,2,0,0,0,0,1,1,6,6,3,-1,-1,-1,-1,-1,-1,-1,-1,0,-1
2024061432756,2024,061432756,1,1,0,-1,13,3,7,-1,0,2,0,0,0,0,2,1,-1,6,1,15,3,-1,-1,-1,-1,-1,-1,0,-1
2024451480916,2024,451480916,2,1,0,-1,9,7,1,-1,0,0,0,0,0,0,1,1,-1,6,2,34,6,-1,-1,-1,-1,9,E01030768,0,4
2024340NN1632,2024,340NN1632,1,9,0,-1,19,8,4,-1,0,0,0,0,0,0,4,1,-1,6,3,-1,-1,-1,-1,-1,-1,-1,-1,0,-1
2024211464819,2024,211464819,1,98,-1,-1,-1,-1,-1,-1,-1,-1,-1,-1,-1,0,-1,9,-1,1,3,-1,-1,-1,-1,-1,-1,-1,-1,0,-1
2024010527898,2024,010527898,2,9,0,99,99,9,9,99,99,9,9,99,9,99,9,9,6,6,1,-1,-1,-1,-1,-1,-1,-1,-1,0,-1
2024010490927,2024,010490927,1,3,0,18,19,3,7,0,0,1,0,0,0,0,1,1,6,6,1,33,6,-1,-1,-1,-1,3,E01032581,0,1
2024201531555,2024,201531555,2,9,0,-1,19,7,3,-1,0,3,0,0,0,0,1,1,-1,6,3,-1,-1,-1,-1,-1,-1,-1,-1,0,-1
2024010549554,2024,010549554,2,1,0,9,9,7,5,0,0,6,0,0,0,0,2,1,6,6,1,30,6,-1,-1,-1,-1,2,E01033699,0,1
2024010533925,2024,010533925,1,1,9,99,99,9,9,99,99,9,9,99,9,99,9,1,2,2,2,60,9,-1,-1,-1,-1,2,E01001979,0,1
2024010526761,2024,010526761,2,9,0,18,19,6,2,0,0,1,0,0,0,0,1,1,6,6,3,-1,-1,-1,-1,-1,-1,-1,-1,0,-1
2024010531780,2024,010531780,2,9,0,99,99,9,9,99,99,9,9,99,9,99,9,9,6,6,1,76,11,-1,-1,-1,-1,1,E01005482,0,5
2024440414161,2024,440414161,2,3,0,13,13,5,1,0,0,2,0,0,0,0,1,1,6,6,1,17,4,-1,-1,-1,-1,5,E01017136,0,1
2024520401382,2024,520401382,2,9,0,18,19,2,6,0,0,8,0,0,0,0,1,1,6,6,1,91,11,-1,-1,-1,-1,6,E01029057,0,1
2024552400308,2024,552400308,2,1,0,9,9,6,4,0,0,8,0,0,0,0,2,1,6,6,1,53,8,-1,-1,-1,-1,7,E01015446,0,1
2024010519202,2024,010519202,1,1,0,18,19,1,5,0,0,3,0,0,0,0,2,1,6,6,1,25,5,-1,-1,-1,-1,7,E01002837,0,1
2024311459910,2024,311459910,2,1,0,-1,19,2,6,-1,0,3,0,0,0,0,2,1,-1,9,1,66,10,-1,-1,-1,-1,-1,-1,0,-1
2024052400211,2024,052400211,1,9,0,1,1,6,2,0,0,0,0,0,0,0,2,1,6,6,2,43,7,-1,-1,-1,-1,1,E01006443,0,1
2024421503710,2024,421503710,2,1,0,-1,19,3,7,-1,0,0,0,0,0,0,2,1,-1,9,1,12,3,-1,-1,-1,-1,3,E01034355,0,1
2024522500075,2024,522500075,2,1,0,18,19,4,8,0,0,8,0,0,0,0,1,1,6,6,1,37,7,-1,-1,-1,-1,7,E01014648,0,1
2024131522223,2024,131522223,2,1,0,-1,19,2,6,-1,0,0,0,0,0,0,3,1,-1,6,1,45,7,-1,-1,-1,-1,10,E01011797,0,1
2024471471581,2024,471471581,1,9,0,-1,5,5,1,-1,0,4,0,0,0,0,1,2,-1,6,1,-1,-1,-1,-1,-1,-1,-1,-1,0,-1
2024461488279,2024,461488279,2,9,0,-1,19,3,7,-1,0,0,0,0,0,0,2,1,-1,9,1,67,10,-1,-1,-1,-1,5,E01000738,0,3
2024010496814,2024,010496814,3,9,0,18,19,5,1,0,0,0,0,0,0,0,1,1,6,6,1,23,5,-1,-1,-1,-1,-1,-1,0,-1
2024520403299,2024,520403299,2,1,0,18,19,3,7,0,0,8,0,0,0,0,1,1,6,6,2,43,7,-1,-1,-1,-1,3,E01029333,0,1
2024010561717,2024,010561717,1,9,0,9,9,7,5,0,0,8,0,0,0,0,1,1,6,6,3,-1,-1,-1,-1,-1,-1,-1,-1,0,-1
2024302400261,2024,302400261,1,1,0,18,19,5,1,9,9,8,0,0,0,0,1,1,1,1,3,-1,-1,-1,-1,-1,-1,5,E01019456,0,3
2024440402310,2024,440402310,1,-1,0,17,19,8,5,0,0,1,0,0,0,0,1,1,1,1,1,41,7,-1,-1,-1,-1,4,E01017058,1,1
2024141451593,2024,141451593,2,98,4,-1,19,5,1,-1,0,0,0,0,0,0,0,9,-1,6,3,-1,-1,-1,-1,-1,-1,-1,-1,0,-1
2024010500879,2024,010500879,2,9,0,18,19,7,3,0,0,8,0,0,0,0,1,1,6,6,3,-1,-1,-1,-1,-1,-1,-1,-1,0,-1
2024471408037,2024,471408037,3,11,0,-1,19,5,1,-1,0,1,0,0,0,0,0,9,-1,1,3,-1,-1,-1,-1,-1,-1,-1,-1,0,-1
2024522402569,2024,522402569,1,1,0,9,9,2,1,0,0,8,0,0,0,0,3,1,6,6,1,59,9,-1,-1,-1,-1,8,E01014918,0,1
2024010513034,2024,010513034,1,1,9,99,99,9,9,99,99,9,9,99,9,99,1,1,1,1,1,32,6,-1,-1,-1,-1,3,E01002807,0,1
2024311445552,2024,311445552,2,9,0,-1,3,1,5,-1,0,0,0,0,0,0,2,1,-1,6,2,53,8,-1,-1,-1,-1,7,E01028326,0,1
2024010527219,2024,010527219,2,9,0,2,2,0,0,9,9,1,0,0,0,0,2,1,6,6,3,-1,-1,-1,-1,-1,-1,-1,-1,0,-1
2024461509316,2024,461509316,1,9,0,-1,19,3,7,-1,0,0,0,0,0,0,2,1,-1,9,1,43,7,-1,-1,-1,-1,4,E01024771,0,3
2024340NN1302,2024,340NN1302,1,9,0,-1,19,5,1,-1,0,0,0,0,0,0,1,1,-1,2,1,23,5,-1,-1,-1,-1,5,E01017503,0,2
2024991445650,2024,991445650,2,9,0,-1,2,6,1,-1,0,0,0,0,0,0,1,1,-1,9,1,38,7,-1,-1,-1,-1,7,-1,0,5
2024131399114,2024,131399114,2,9,0,-1,2,3,7,-1,0,2,0,0,0,0,2,1,-1,6,1,49,8,-1,-1,-1,-1,1,E01011347,0,2
2024010507278,2024,010507278,1,97,0,18,19,8,4,0,0,0,0,0,0,0,1,1,6,6,3,-1,-1,-1,-1,-1,-1,-1,-1,0,-1
202417L106624,2024,17L106624,1,9,0,9,9,3,7,0,0,8,0,0,0,0,4,1,6,6,1,77,11,-1,-1,-1,-1,6,E01012151,0,1
2024311439446,2024,311439446,2,9,0,-1,2,2,4,-1,0,1,0,0,0,0,1,1,-1,9,2,53,8,-1,-1,-1,-1,3,E01028339,0,1
2024070716922,2024,070716922,1,9,0,-1,19,5,1,-1,0,7,0,0,0,0,1,1,-1,9,2,35,6,-1,-1,-1,-1,7,E01007113,0,3
2024451398818,2024,451398818,1,1,0,-1,3,5,1,-1,0,0,0,0,0,0,2,1,-1,9,1,26,6,-1,-1,-1,-1,10,E01030917,0,1
2024471403185,2024,471403185,2,9,0,-1,19,1,5,-1,0,0,0,0,0,0,2,9,-1,6,1,29,6,-1,-1,-1,-1,5,E01031530,0,3
2024010508380,2024,010508380,2,9,0,99,99,9,9,99,99,9,9,99,9,99,1,9,6,6,3,-1,-1,-1,-1,-1,-1,-1,-1,0,-1
2024440361923,2024,440361923,1,1,0,18,19,1,5,0,0,0,0,0,0,0,1,1,6,6,1,75,10,-1,-1,-1,-1,8,E01022718,0,2
2024531538139,2024,531538139,2,1,0,-1,19,1,5,-1,0,4,0,0,0,0,4,1,-1,9,1,63,9,-1,-1,-1,-1,9,E01022404,0,1
2024201404391,2024,201404391,2,1,0,-1,19,8,4,-1,0,8,0,0,0,0,1,1,-1,9,1,30,6,-1,-1,-1,-1,5,E01010023,0,1
2024440465050,2024,440465050,1,1,0,18,19,7,3,0,0,0,0,0,0,0,1,1,6,6,3,-1,-1,-1,-1,-1,-1,-1,-1,0,-1
2024010541318,2024,010541318,2,9,0,99,99,9,9,99,99,9,9,99,9,99,9,9,6,6,3,-1,-1,-1,-1,-1,-1,-1,-1,0,-1
2024010495163,2024,010495163,2,9,0,18,19,4,8,0,0,0,0,0,0,0,4,1,1,1,2,44,7,-1,-1,-1,-1,6,-1,0,5
2024401540892,2024,401540892,1,9,0,-1,5,3,7,-1,0,8,0,0,0,0,1,1,-1,6,3,-1,-1,-1,-1,-1,-1,-1,-1,0,-1
2024010514943,2024,010514943,2,9,9,99,99,9,9,99,99,9,9,99,9,99,9,9,6,6,3,-1,-1,-1,-1,-1,-1,-1,-1,0,-1
2024430361298,2024,430361298,1,21,0,18,19,6,2,0,0,0,0,0,0,0,0,1,1,1,1,51,8,-1,-1,-1,-1,7,E01029699,0,5
2024552401191,2024,552401191,2,-1,0,9,9,5,3,0,0,8,0,0,0,0,1,1,6,6,2,54,8,-1,-1,-1,-1,4,E01015443,1,1
2024471472783,2024,471472783,1,1,0,-1,19,5,1,-1,0,2,0,0,0,0,1,1,-1,6,1,16,4,-1,-1,-1,-1,3,E01031795,0,1
2024010487955,2024,010487955,1,3,0,99,99,9,9,99,99,9,9,99,9,99,1,1,1,1,2,31,6,-1,-1,-1,-1,1,E01002071,0,1
2024010507677,2024,010507677,1,9,0,4,4,7,3,0,0,1,0,0,0,0,1,1,6,6,3,-1,-1,-1,-1,-1,-1,-1,-1,0,-1
2024010527223,2024,010527223,2,9,0,99,99,9,9,0,0,0,0,0,0,0,9,9,6,6,3,-1,-1,-1,-1,-1,-1,-1,-1,0,-1
2024111526945,2024,111526945,2,23,0,-1,19,1,5,-1,0,8,0,0,0,0,3,1,-1,6,1,13,3,-1,-1,-1,-1,2,E01020892,0,1
2024010503787,2024,010503787,1,9,0,18,19,5,1,2,2,8,0,0,0,0,1,1,6,6,1,23,5,-1,-1,-1,-1,2,E01000907,0,1
2024101442782,2024,101442782,1,9,0,-1,1,5,1,-1,0,0,0,0,0,0,2,9,-1,6,3,-1,-1,-1,-1,-1,-1,-1,-1,0,-1
2024010551418,2024,010551418,2,1,0,18,19,1,5,9,9,1,5,0,0,0,3,1,6,6,1,28,6,-1,-1,-1,-1,3,E01001436,0,1
2024010488178,2024,010488178,1,1,9,99,99,9,9,99,99,9,9,99,9,99,1,1,1,1,1,19,4,-1,-1,-1,-1,1,E01001115,0,1
2024052401849,2024,052401849,2,1,0,18,19,5,1,0,0,3,0,0,0,0,4,1,6,6,1,60,9,-1,-1,-1,-1,6,E01006424,0,1
2024351403014,2024,351403014,2,1,0,-1,3,3,8,-1,0,8,0,0,0,0,4,1,-1,9,2,39,7,-1,-1,-1,-1,4,E01015614,0,1
2024520002732,2024,520002732,2,1,0,18,19,1,5,0,0,1,0,0,0,0,3,1,6,6,2,47,8,-1,-1,-1,-1,5,E01014433,0,1
2024111402925,2024,111402925,2,99,0,-1,9,1,7,-1,0,0,0,0,0,0,4,1,-1,6,2,61,9,-1,-1,-1,-1,9,E01012346,0,1
2024522402869,2024,522402869,1,9,0,9,9,7,5,0,0,8,0,0,0,0,1,1,6,6,1,61,9,-1,-1,-1,-1,7,E01029086,0,3
2024522402142,2024,522402142,1,1,0,18,19,5,1,0,0,8,0,0,0,0,4,1,6,6,2,27,6,-1,-1,-1,-1,5,E01014631,0,1
2024211504613,2024,211504613,2,9,0,-1,10,3,1,-1,0,1,0,0,0,0,2,1,-1,2,1,47,8,-1,-1,-1,-1,1,E01009577,0,4
2024211520927,2024,211520927,2,1,0,-1,19,5,2,-1,0,8,0,0,0,0,2,1,-1,6,1,52,8,-1,-1,-1,-1,-1,-1,0,-1
2024010491495,2024,010491495,1,9,0,16,19,4,8,0,0,1,0,0,0,0,1,1,6,6,1,40,7,-1,-1,-1,-1,10,E01002254,0,2
202460Q002655,2024,60Q002655,1,9,0,18,19,2,6,0,0,0,0,0,0,0,4,1,6,6,3,-1,-1,-1,-1,-1,-1,-1,-1,0,-1
2024430006789,2024,430006789,1,9,0,18,19,6,2,0,0,0,0,0,0,0,1,1,6,6,1,30,6,-1,-1,-1,-1,-1,-1,0,-1
2024141499360,2024,141499360,2,97,0,-1,19,1,5,-1,0,1,5,0,0,0,1,1,-1,6,1,19,4,-1,-1,-1,-1,8,E01007987,0,1
2024131514726,2024,131514726,2,1,0,-1,14,5,3,-1,0,6,0,0,0,0,1,1,-1,1,2,40,7,-1,-1,-1,-1,10,E01011593,0,1
2024401522770,2024,401522770,2,9,0,-1,19,1,5,-1,0,1,0,0,0,0,1,1,-1,1,2,28,6,-1,-1,-1,-1,7,E01017485,0,1
2024161501550,2024,161501550,2,1,0,-1,19,7,3,-1,5,0,0,0,0,0,3,1,-1,6,1,19,4,-1,-1,-1,-1,1,E01032595,0,1
2024010548106,2024,010548106,2,9,0,99,99,9,9,99,99,9,9,99,9,99,1,9,6,6,3,-1,-1,-1,-1,-1,-1,-1,-1,0,-1
2024411407981,2024,411407981,1,9,0,-1,4,4,5,-1,0,1,0,0,0,0,1,9,-1,6,3,-1,-1,-1,-1,-1,-1,-1,-1,0,-1
2024052401701,2024,052401701,2,1,0,5,5,6,2,0,0,5,0,0,0,0,4,1,6,6,2,37,7,-1,-1,-1,-1,1,E01006732,0,1
2024010517071,2024,010517071,1,1,9,99,99,9,9,99,99,9,9,99,9,99,9,1,2,2,1,50,8,-1,-1,-1,-1,10,E01030350,0,3
2024361419044,2024,361419044,2,1,-1,-1,-1,-1,-1,-1,-1,-1,-1,-1,-1,0,-1,1,-1,6,2,28,6,-1,-1,-1,-1,8,E01026856,0,1
2024031465381,2024,031465381,1,9,0,-1,5,4,7,-1,0,0,1,0,1,4,3,9,-1,2,1,52,8,-1,-1,-1,-1,3,E01025172,0,3
2024552500139,2024,552500139,1,1,0,4,4,4,8,0,0,0,1,0,0,0,1,1,6,6,1,24,5,-1,-1,-1,-1,2,E01020573,0,1
2024010491021,2024,010491021,2,1,0,18,19,1,5,0,0,2,5,0,0,0,1,1,6,6,1,20,4,-1,-1,-1,-1,4,E01003562,0,1
2024311485410,2024,311485410,2,1,0,-1,19,1,5,-1,9,0,0,0,0,0,4,1,-1,6,2,52,8,-1,-1,-1,-1,2,E01028318,0,1
2024070673148,2024,070673148,1,9,0,9,9,2,8,0,0,6,0,0,0,0,0,1,6,6,3,-1,-1,-1,-1,-1,-1,-1,-1,0,-1
2024430263665,2024,430263665,1,19,0,18,19,5,8,0,0,0,0,0,0,0,4,1,6,6,1,30,6,-1,-1,-1,-1,-1,-1,0,-1
2024351526992,2024,351526992,1,9,-1,-1,-1,-1,-1,-1,-1,-1,-1,-1,-1,0,-1,9,-1,6,3,-1,-1,-1,-1,-1,-1,-1,-1,0,-1
2024201534818,2024,201534818,2,1,0,-1,19,2,6,-1,0,4,0,0,0,0,1,1,-1,6,1,19,4,-1,-1,-1,-1,1,E01009362,0,1
2024010517848,2024,010517848,2,9,0,99,99,9,9,99,99,9,9,99,9,99,9,9,6,6,3,-1,-1,-1,-1,-1,-1,3,E01001823,0,1
2024361486403,2024,361486403,2,9,0,-1,2,5,1,-1,0,0,0,0,0,0,2,1,-1,9,1,68,10,-1,-1,-1,-1,5,E01026435,0,3
2024231417238,2024,231417238,2,9,0,-1,2,0,0,-1,0,1,0,0,0,0,4,1,-1,6,1,67,10,-1,-1,-1,-1,5,E01031262,0,1
202460Q132175,2024,60Q132175,2,1,0,18,19,1,5,0,0,1,0,0,0,0,1,1,6,6,1,53,8,-1,-1,-1,-1,-1,-1,0,-1
2024221398743,2024,221398743,1,9,0,-1,10,6,5,-1,0,8,0,0,0,0,2,1,-1,2,1,55,8,-1,-1,-1,-1,7,E01032403,0,2
2024010513221,2024,010513221,1,1,9,18,19,9,9,4,4,9,9,99,9,99,1,1,2,2,2,25,5,-1,-1,-1,-1,3,E01004322,0,1
2024501483898,2024,501483898,1,19,0,-1,5,8,4,-1,0,0,0,0,0,0,1,1,-1,1,1,25,5,-1,-1,-1,-1,4,E01015258,0,3
2024520000392,2024,520000392,1,1,0,18,19,5,1,0,0,1,0,0,0,0,1,1,6,6,1,55,8,-1,-1,-1,-1,-1,-1,0,-1
202417L406424,2024,17L406424,1,9,0,-1,13,5,1,-1,0,8,0,0,0,0,1,1,-1,9,1,50,8,-1,-1,-1,-1,4,E01027625,0,3
2024010488761,2024,010488761,1,3,0,99,99,9,9,99,99,9,9,99,9,99,2,1,1,1,3,41,7,-1,-1,-1,-1,7,E01003396,0,1
2024361494117,2024,361494117,2,1,-1,-1,19,-1,-1,-1,0,0,0,0,0,0,1,1,-1,6,2,34,6,-1,-1,-1,-1,1,E01026793,0,1
2024320630988,2024,320630988,1,21,4,12,12,1,5,0,0,0,0,0,0,0,2,1,1,1,3,-1,-1,-1,-1,-1,-1,-1,-1,0,-1
2024010546991,2024,010546991,2,9,9,99,99,9,9,99,99,9,9,99,9,99,1,9,6,6,1,44,7,-1,-1,-1,-1,7,E01000364,0,2
2024211480877,2024,211480877,2,9,0,-1,12,4,3,-1,0,0,1,0,0,0,3,2,-1,9,2,18,4,-1,-1,-1,-1,7,E01031011,0,2
202417M105824,2024,17M105824,2,9,0,-1,19,5,1,-1,0,1,0,0,0,0,1,1,-1,6,1,-1,-1,-1,-1,-1,-1,-1,-1,0,-1
2024010518759,2024,010518759,1,1,9,99,99,9,9,99,99,9,9,99,9,99,9,1,6,6,2,16,4,-1,-1,-1,-1,3,E01003286,0,3
2024061434094,2024,061434094,3,9,0,-1,3,1,5,-1,0,1,0,0,0,0,1,1,-1,6,1,50,8,-1,-1,-1,-1,4,E01006893,0,4
2024991517468,2024,991517468,1,1,0,-1,19,1,5,-1,0,8,0,0,0,0,4,1,-1,1,1,32,6,-1,-1,-1,-1,4,-1,0,1
2024320458544,2024,320458544,1,3,0,-1,-1,2,6,0,0,1,0,0,0,0,1,1,1,1,1,50,8,-1,-1,-1,-1,9,E01025619,0,4
2024131516478,2024,131516478,1,23,0,-1,19,3,7,-1,9,0,0,0,-1,0,1,1,-1,6,3,-1,-1,-1,-1,-1,-1,-1,-1,0,-1
2024221398523,2024,221398523,1,9,0,-1,19,5,1,-1,0,0,0,0,0,0,1,9,-1,6,3,29,6,-1,-1,-1,-1,-1,-1,0,-1
2024430039181,2024,430039181,1,9,0,18,19,3,7,0,0,1,0,0,0,0,3,1,3,7,2,50,8,-1,-1,-1,-1,4,E01016516,0,1
2024211426933,2024,211426933,1,21,-1,-1,-1,-1,-1,-1,-1,0,-1,-1,-1,0,-1,9,-1,1,3,-1,-1,-1,-1,-1,-1,-1,-1,0,-1
2024041478384,2024,041478384,1,9,0,-1,-1,-1,-1,-1,-1,-1,-1,-1,-1,0,-1,9,-1,6,3,-1,-1,-1,-1,-1,-1,-1,-1,0,-1
2024361433617,2024,361433617,2,1,0,-1,19,7,3,-1,0,1,2,0,0,0,1,1,-1,6,2,61,9,-1,-1,-1,-1,-1,-1,0,-1
2024351503467,2024,351503467,2,9,0,-1,4,1,5,-1,0,0,0,0,0,0,2,1,-1,7,1,41,7,-1,-1,-1,-1,5,E01026241,0,2
2024231408015,2024,231408015,2,9,0,-1,19,4,8,-1,0,8,0,0,0,0,1,1,-1,9,2,21,5,-1,-1,-1,-1,8,E01035015,0,1
2024471527600,2024,471527600,1,9,0,-1,19,6,3,-1,0,0,0,0,0,0,0,9,-1,2,1,24,5,-1,-1,-1,-1,3,E01031455,0,4
2024010518121,2024,010518121,1,1,9,99,99,9,9,99,99,9,9,99,9,99,2,1,1,1,1,34,6,-1,-1,-1,-1,4,E01004313,0,1
2024052400290,2024,052400290,1,9,0,18,19,7,3,0,0,0,0,0,0,0,4,1,6,6,3,-1,-1,-1,-1,-1,-1,-1,-1,0,-1
2024361569646,2024,361569646,1,9,0,-1,-1,-1,-1,-1,-1,0,-1,-1,-1,0,-1,9,-1,6,3,-1,-1,-1,-1,-1,-1,-1,-1,0,-1