collision_index,collision_year,collision_ref_no,vehicle_reference,vehicle_type,towing_and_articulation,vehicle_manoeuvre_historic,vehicle_manoeuvre,vehicle_direction_from,vehicle_direction_to,vehicle_location_restricted_lane_historic,vehicle_location_restricted_lane,junction_location,skidding_and_overturning,hit_object_in_carriageway,vehicle_leaving_carriageway,hit_object_off_carriageway,first_point_of_impact,vehicle_left_hand_drive,journey_purpose_of_driver_historic,journey_purpose_of_driver,sex_of_driver,age_of_driver,age_band_of_driver,engine_capacity_cc,propulsion_code,age_of_vehicle,generic_make_model,driver_imd_decile,lsoa_of_driver,escooter_flag,driver_distance_banding
2024131395685,2024,131395685,2,1,0,-1,5,5,1,-1,0,6,0,0,0,0,4,1,-1,6,2,38,7,-1,-1,-1,-1,1,E01011349,0,1
2024440345305,2024,440345305,2,1,0,18,19,6,2,0,0,0,0,0,0,0,0,1,6,6,1,-1,-1,-1,-1,-1,-1,-1,-1,0,-1
2024070975884,2024,070975884,3,1,0,-1,3,5,1,-1,0,2,0,0,0,0,2,1,-1,6,1,11,3,-1,-1,-1,-1,9,E01018344,0,1
2024061465699,2024,061465699,2,1,0,-1,19,6,3,-1,0,8,0,0,0,0,1,1,-1,6,1,37,7,-1,-1,-1,-1,1,E01034133,0,1
2024010489946,2024,010489946,2,-1,0,14,14,7,3,0,0,1,0,0,0,0,1,1,6,6,1,21,5,-1,-1,-1,-1,5,E01000476,1,1
2024430524952,2024,430524952,1,3,0,4,4,7,3,0,0,0,0,0,0,0,1,1,1,1,1,26,6,-1,-1,-1,-1,8,E01016783,0,1
2024010547431,2024,010547431,1,11,0,4,4,7,3,0,0,2,0,11,0,0,1,1,1,1,2,36,7,-1,-1,-1,-1,2,E01003961,0,1
2024451417498,2024,451417498,1,1,0,-1,19,1,5,-1,0,0,5,11,0,0,1,1,-1,6,1,77,11,-1,-1,-1,-1,8,E01030686,0,1
2024552400921,2024,552400921,2,1,0,9,9,5,3,4,4,8,0,0,0,0,3,1,6,6,1,37,7,-1,-1,-1,-1,8,E01015298,0,1
2024131498612,2024,131498612,1,9,0,-1,-1,-1,-1,-1,-1,0,-1,-1,-1,-1,-1,1,-1,6,3,-1,-1,-1,-1,-1,-1,-1,-1,0,-1
2024052400184,2024,052400184,1,9,0,5,5,1,3,0,0,1,0,0,0,0,1,1,6,6,1,45,7,-1,-1,-1,-1,10,E01006926,0,1
2024351397500,2024,351397500,2,1,0,-1,-1,-1,-1,-1,0,1,0,0,0,0,-1,1,-1,9,1,33,6,-1,-1,-1,-1,5,E01018082,0,1
2024010545290,2024,010545290,1,1,0,18,19,5,1,0,0,8,0,99,0,0,9,1,6,6,2,34,6,-1,-1,-1,-1,-1,-1,0,-1
2024552401447,2024,552401447,2,9,0,17,19,4,2,0,0,3,0,0,0,0,4,1,6,6,3,-1,-1,-1,-1,-1,-1,-1,-1,0,-1
2024461526366,2024,461526366,2,9,0,-1,19,6,3,-1,0,0,0,0,0,0,3,1,-1,1,1,22,5,-1,-1,-1,-1,1,E01024590,0,1
2024041498113,2024,041498113,2,1,0,-1,19,3,7,-1,0,4,0,0,0,0,1,1,-1,9,1,90,11,-1,-1,-1,-1,6,E01025541,0,1
2024520003090,2024,520003090,1,9,0,7,7,4,6,0,0,5,0,0,0,0,4,1,6,6,2,54,8,-1,-1,-1,-1,4,E01014437,0,1
2024061433291,2024,061433291,1,1,0,-1,19,4,1,-1,0,0,1,0,4,0,1,1,-1,6,1,39,7,-1,-1,-1,-1,1,E01005123,0,1
2024211433574,2024,211433574,1,19,0,-1,5,8,7,-1,9,0,0,0,0,0,4,9,-1,1,1,-1,-1,-1,-1,-1,-1,-1,-1,0,-1
2024010491579,2024,010491579,1,1,0,18,19,1,5,0,0,1,0,0,0,0,1,1,6,6,1,13,3,-1,-1,-1,-1,6,E01003833,0,1
2024440437461,2024,440437461,1,1,0,18,19,5,1,0,0,1,0,0,0,0,0,1,2,2,1,60,9,-1,-1,-1,-1,9,E01032860,0,1
2024421449194,2024,421449194,1,8,0,-1,19,4,8,-1,0,0,0,0,0,0,1,9,-1,1,3,-1,-1,-1,-1,-1,-1,-1,-1,0,-1
2024522401996,2024,522401996,2,9,0,9,9,3,1,0,0,4,0,0,0,0,3,1,6,6,3,-1,-1,-1,-1,-1,-1,-1,-1,0,-1
2024010497398,2024,010497398,1,1,9,99,99,9,9,99,99,9,9,99,9,99,9,1,2,2,1,34,6,-1,-1,-1,-1,7,E01004018,0,1
2024010503736,2024,010503736,1,9,0,99,99,9,9,99,99,9,9,99,9,99,1,9,6,6,2,-1,-1,-1,-1,-1,-1,-1,-1,0,-1
2024320441197,2024,320441197,2,1,0,9,9,1,4,0,0,6,5,0,0,0,2,1,6,6,1,13,3,-1,-1,-1,-1,6,E01026020,0,1
2024991531785,2024,991531785,1,9,0,-1,13,6,2,-1,0,0,0,0,0,0,1,1,-1,6,3,16,4,-1,-1,-1,-1,-1,-1,0,-1
2024101501959,2024,101501959,1,11,0,-1,19,5,1,-1,0,0,0,0,0,0,1,9,-1,1,1,50,8,-1,-1,-1,-1,-1,-1,0,-1
2024411442192,2024,411442192,3,9,0,-1,19,1,5,-1,0,0,0,0,0,0,0,1,-1,6,3,-1,-1,-1,-1,-1,-1,-1,-1,0,-1
2024552400368,2024,552400368,3,9,0,3,3,6,2,0,0,8,0,0,0,0,2,1,2,2,2,45,7,-1,-1,-1,-1,8,E01020379,0,2
2024201524619,2024,201524619,1,97,0,-1,19,4,8,-1,0,0,0,4,0,0,1,1,-1,6,1,24,5,-1,-1,-1,-1,1,E01009511,0,1
2024211408286,2024,211408286,3,9,0,-1,10,6,4,-1,0,1,0,0,0,0,2,1,-1,9,2,32,6,-1,-1,-1,-1,8,E01029754,0,3
2024610029024,2024,610029024,1,97,0,18,19,3,7,0,0,1,1,10,7,0,1,1,6,6,1,31,6,-1,-1,-1,-1,6,W01001377,0,1
2024010510008,2024,010510008,2,1,0,18,19,4,8,0,0,0,0,8,0,0,3,1,6,6,2,37,7,-1,-1,-1,-1,2,E01035709,0,1
2024010500065,2024,010500065,2,3,0,5,5,6,2,0,0,1,0,0,0,0,1,1,2,2,1,28,6,-1,-1,-1,-1,3,E01003068,0,2
2024221433003,2024,221433003,1,19,0,-1,19,5,1,-1,0,0,0,0,0,0,4,9,-1,6,1,60,9,-1,-1,-1,-1,-1,-1,0,-1
2024161432058,2024,161432058,1,1,0,-1,19,6,2,-1,0,0,0,0,0,0,4,1,-1,2,1,30,6,-1,-1,-1,-1,1,E01012891,0,1
2024302401703,2024,302401703,2,9,0,-1,1,1,5,-1,0,1,0,0,0,0,2,1,-1,6,3,-1,-1,-1,-1,-1,-1,5,E01019456,0,3
2024052401342,2024,052401342,1,23,0,18,19,5,1,0,0,1,0,0,0,0,3,1,6,6,1,21,5,-1,-1,-1,-1,1,E01006436,0,1
2024010487287,2024,010487287,2,9,0,18,19,5,1,0,0,0,0,0,0,0,2,1,6,6,2,35,6,-1,-1,-1,-1,9,E01003360,0,1
2024411405129,2024,411405129,2,1,0,-1,19,8,4,-1,0,0,0,0,1,0,3,1,-1,9,1,45,7,-1,-1,-1,-1,9,E01002019,0,3
2024010495172,2024,010495172,1,3,0,99,99,9,9,99,99,9,9,99,9,99,9,1,1,1,1,30,6,-1,-1,-1,-1,6,E01002374,0,1
2024010506652,2024,010506652,1,1,9,99,99,9,9,99,99,2,9,99,9,99,9,1,2,2,1,45,7,-1,-1,-1,-1,7,E01001610,0,1
2024010504233,2024,010504233,1,1,0,5,5,5,1,4,4,1,0,0,0,0,0,1,3,7,1,40,7,-1,-1,-1,-1,5,E01003366,0,1
2024421490730,2024,421490730,1,9,0,-1,5,1,5,-1,0,4,0,0,0,0,0,1,-1,6,-1,16,4,-1,-1,-1,-1,-1,-1,0,-1
2024010493325,2024,010493325,4,9,0,2,2,0,0,0,0,1,0,0,0,0,2,1,6,6,3,-1,-1,-1,-1,-1,-1,-1,-1,0,-1
2024061398596,2024,061398596,2,-1,-1,-1,-1,-1,-1,-1,-1,0,-1,-1,-1,0,-1,1,-1,9,1,14,3,-1,-1,-1,-1,2,E01005670,1,1
2024141469814,2024,141469814,2,1,0,-1,19,8,4,-1,0,0,0,0,0,0,2,1,-1,9,1,57,9,-1,-1,-1,-1,6,E01007748,0,1
2024211512424,2024,211512424,3,9,0,-1,2,0,0,-1,0,0,0,0,0,0,1,1,-1,6,1,34,6,-1,-1,-1,-1,5,E01029837,0,1
2024221492791,2024,221492791,2,9,0,-1,19,1,5,-1,0,8,0,0,0,0,3,1,-1,6,2,48,8,-1,-1,-1,-1,3,E01032157,0,1
2024421426122,2024,421426122,2,9,0,-1,14,4,8,-1,0,0,0,0,0,0,0,9,-1,6,3,-1,-1,-1,-1,-1,-1,-1,-1,0,-1
2024010496733,2024,010496733,1,3,0,99,99,9,9,99,99,9,9,99,9,99,9,1,6,6,1,37,7,-1,-1,-1,-1,5,E01000747,0,4
2024411517670,2024,411517670,2,9,0,-1,13,1,5,-1,0,0,0,0,0,0,3,9,-1,6,3,27,6,-1,-1,-1,-1,-1,-1,0,-1
2024421455031,2024,421455031,1,1,0,-1,19,3,7,-1,0,1,0,0,0,0,1,1,-1,9,1,16,4,-1,-1,-1,-1,7,E01021476,0,1
2024411428201,2024,411428201,2,9,0,-1,4,-1,-1,-1,0,4,0,0,0,0,2,9,-1,9,1,44,7,-1,-1,-1,-1,3,E01023496,0,2
2024010520885,2024,010520885,1,1,0,18,19,7,3,0,0,8,0,0,0,0,0,1,6,6,2,36,7,-1,-1,-1,-1,2,E01002099,0,1
2024010532905,2024,010532905,2,1,0,18,19,1,5,0,0,0,0,0,0,0,3,1,6,6,1,87,11,-1,-1,-1,-1,4,E01002551,0,1
2024161481432,2024,161481432,2,9,0,-1,19,5,1,-1,0,1,0,0,0,0,9,9,-1,6,3,-1,-1,-1,-1,-1,-1,-1,-1,0,-1
2024471433322,2024,471433322,2,1,0,-1,19,8,4,-1,0,1,0,0,0,0,3,1,-1,9,2,21,5,-1,-1,-1,-1,7,E01016899,0,1
2024101399814,2024,101399814,1,9,0,-1,-1,-1,-1,-1,-1,-1,-1,-1,-1,0,-1,9,-1,6,3,-1,-1,-1,-1,-1,-1,-1,-1,0,-1
2024610044124,2024,610044124,2,1,0,5,5,3,6,0,0,4,0,0,0,0,1,1,6,6,2,-1,-1,-1,-1,-1,-1,-1,-1,0,-1
2024031466001,2024,031466001,1,9,0,-1,7,6,1,-1,0,4,0,0,0,0,3,1,-1,6,1,50,8,-1,-1,-1,-1,3,E01019171,0,1
2024361529190,2024,361529190,1,9,0,-1,4,-1,-1,-1,0,1,9,4,0,0,1,2,-1,6,3,-1,-1,-1,-1,-1,-1,-1,-1,0,-1
2024010500378,2024,010500378,2,9,0,99,99,9,9,99,99,9,9,99,9,99,1,9,6,6,3,-1,-1,-1,-1,-1,-1,7,E01016579,0,4
2024622400689,2024,622400689,2,19,0,18,19,8,4,0,0,0,1,0,0,0,2,1,1,1,1,28,6,-1,-1,-1,-1,5,W01001493,0,4
2024052401351,2024,052401351,1,9,0,9,9,2,7,0,0,8,0,0,0,0,1,1,6,6,3,-1,-1,-1,-1,-1,-1,-1,-1,0,-1
2024430615450,2024,430615450,1,19,0,16,19,2,6,0,0,0,0,0,0,0,1,1,6,6,1,-1,-1,-1,-1,-1,-1,-1,-1,0,-1
2024010545709,2024,010545709,1,1,0,18,19,6,2,0,0,0,0,0,0,0,1,1,6,6,1,36,7,-1,-1,-1,-1,5,E01003166,0,1
2024371436314,2024,371436314,1,1,0,-1,19,1,5,-1,0,0,0,0,0,0,1,1,-1,6,1,30,6,-1,-1,-1,-1,-1,-1,0,-1
2024221533410,2024,221533410,2,9,0,-1,2,0,0,-1,0,8,0,0,0,0,3,1,-1,9,1,48,8,-1,-1,-1,-1,5,E01014038,0,1
2024201508776,2024,201508776,2,9,0,-1,19,1,5,-1,0,1,0,0,0,0,3,1,-1,6,2,27,6,-1,-1,-1,-1,1,E01009007,0,1
2024131410650,2024,131410650,1,98,0,-1,-1,-1,-1,-1,-1,0,-1,-1,-1,-1,-1,1,-1,6,3,-1,-1,-1,-1,-1,-1,-1,-1,0,-1
2024010494914,2024,010494914,2,22,0,18,19,8,4,0,0,8,0,0,0,0,4,1,6,6,1,82,11,-1,-1,-1,-1,4,E01003353,0,1
2024401480405,2024,401480405,2,9,0,-1,9,6,4,-1,0,0,0,0,0,0,1,1,-1,6,2,66,10,-1,-1,-1,-1,6,E01017547,0,2
2024201464710,2024,201464710,1,9,0,-1,5,6,4,-1,0,6,0,0,0,0,1,1,-1,6,2,53,8,-1,-1,-1,-1,-1,-1,0,-1
2024421440603,2024,421440603,1,9,-1,-1,19,7,3,-1,0,0,0,0,0,0,4,9,-1,6,3,-1,-1,-1,-1,-1,-1,-1,-1,0,-1
2024320041038,2024,320041038,1,9,0,-1,-1,2,6,0,0,0,0,0,1,9,1,1,-1,-1,1,19,4,-1,-1,-1,-1,5,E01026286,0,2
2024010501342,2024,010501342,2,9,0,4,4,3,7,0,0,0,0,0,0,0,2,1,6,6,1,28,6,-1,-1,-1,-1,2,E01033845,0,5
2024061424229,2024,061424229,1,9,0,-1,19,7,3,-1,0,1,0,0,0,0,3,1,-1,1,1,53,8,-1,-1,-1,-1,10,E01004967,0,3
2024010533735,2024,010533735,1,98,0,99,99,9,9,99,99,0,9,99,9,99,9,9,6,6,3,-1,-1,-1,-1,-1,-1,-1,-1,0,-1
2024010547198,2024,010547198,2,19,0,13,13,9,9,99,99,5,9,99,9,99,1,9,6,6,3,-1,-1,-1,-1,-1,-1,5,E01016158,0,4
2024010543870,2024,010543870,1,19,0,-1,-1,2,6,0,0,2,0,0,0,0,3,1,6,6,3,-1,-1,-1,-1,-1,-1,-1,-1,0,-1
2024010528000,2024,010528000,1,1,9,99,99,9,9,99,99,9,9,99,9,99,9,1,2,2,2,42,7,-1,-1,-1,-1,5,E01001611,0,1
2024161534323,2024,161534323,2,9,0,-1,19,3,7,-1,0,1,0,0,0,0,-1,9,-1,6,2,-1,-1,-1,-1,-1,-1,-1,-1,0,-1
2024461421851,2024,461421851,2,9,0,-1,19,3,1,-1,0,0,0,0,0,0,4,9,-1,6,1,27,6,-1,-1,-1,-1,8,E01024629,0,3
2024231415309,2024,231415309,1,9,0,-1,5,2,4,-1,0,4,0,0,0,0,1,9,-1,9,2,49,8,-1,-1,-1,-1,8,E01035031,0,1
2024332400285,2024,332400285,1,9,0,-1,19,3,7,-1,0,1,0,0,0,0,1,1,-1,6,3,-1,-1,-1,-1,-1,-1,-1,-1,0,-1
2024122400913,2024,122400913,1,9,0,17,19,1,5,9,9,0,0,0,7,11,1,1,6,6,1,20,4,-1,-1,-1,-1,9,E01027900,0,1
2024421512094,2024,421512094,2,1,0,-1,19,5,1,-1,0,1,5,0,0,0,3,1,-1,6,1,30,6,-1,-1,-1,-1,6,E01021589,0,1
2024010502523,2024,010502523,2,9,0,99,99,9,9,99,99,9,9,99,9,99,9,9,6,6,2,-1,-1,-1,-1,-1,-1,6,E01002745,0,1
2024041394984,2024,041394984,1,1,0,-1,19,5,1,-1,0,0,0,0,0,0,1,1,-1,2,2,56,9,-1,-1,-1,-1,1,E01012637,0,1
2024430433418,2024,430433418,2,-1,0,18,19,3,7,5,5,1,-1,0,0,0,1,1,6,6,2,27,6,-1,-1,-1,-1,9,E01016828,1,1
2024991525427,2024,991525427,2,1,0,-1,7,8,5,-1,0,3,0,0,0,0,4,1,-1,9,1,58,9,-1,-1,-1,-1,6,-1,0,1
2024302400051,2024,302400051,2,9,0,2,2,0,0,0,0,0,0,0,0,0,3,1,6,6,3,-1,-1,-1,-1,-1,-1,-1,-1,0,-1
2024010494386,2024,010494386,2,9,0,18,19,7,3,0,0,0,0,0,0,0,1,1,2,2,2,35,6,-1,-1,-1,-1,1,E01002673,0,1
2024991430133,2024,991430133,2,9,0,-1,19,1,5,-1,0,1,0,0,0,0,1,1,-1,9,1,26,6,-1,-1,-1,-1,9,-1,0,5
2024141469803,2024,141469803,2,1,0,-1,19,5,1,-1,0,1,0,0,0,0,1,1,-1,6,1,23,5,-1,-1,-1,-1,4,E01007382,0,1
2024061400294,2024,061400294,7,9,0,-1,19,8,4,-1,0,0,0,0,0,0,1,1,-1,9,2,23,5,-1,-1,-1,-1,2,E01012615,0,3
2024471506798,2024,471506798,1,1,0,-1,19,8,4,-1,0,0,0,0,1,0,3,1,-1,9,1,28,6,-1,-1,-1,-1,7,E01016987,0,3
2024010513128,2024,010513128,1,9,0,99,99,9,9,99,99,0,9,99,9,99,0,9,6,6,3,-1,-1,-1,-1,-1,-1,-1,-1,0,-1
2024010507738,2024,010507738,2,1,0,18,19,5,1,0,0,1,0,0,0,0,3,1,6,6,2,34,6,-1,-1,-1,-1,6,E01035491,0,1
2024991471868,2024,991471868,1,11,0,-1,5,4,6,-1,0,6,0,0,0,0,1,1,-1,1,2,50,8,-1,-1,-1,-1,-1,-1,0,-1
202454A322424,2024,54A322424,2,9,0,4,4,8,4,0,0,0,0,0,0,0,2,1,6,6,1,19,4,-1,-1,-1,-1,7,E01034522,0,2
2024010497391,2024,010497391,2,9,9,99,99,9,9,99,99,9,9,99,9,99,9,9,6,6,3,-1,-1,-1,-1,-1,-1,-1,-1,0,-1
2024010520848,2024,010520848,1,19,9,99,99,9,9,99,99,5,9,99,9,99,9,9,6,6,3,-1,-1,-1,-1,-1,-1,-1,-1,0,-1
2024451481549,2024,451481549,2,1,0,-1,19,3,1,-1,0,1,0,0,0,0,1,1,-1,9,1,13,3,-1,-1,-1,-1,10,E01030682,0,1
2024070771013,2024,070771013,2,9,0,-1,19,3,7,-1,0,0,0,0,0,0,1,1,-1,9,2,33,6,-1,-1,-1,-1,3,E01018611,0,1
2024552400461,2024,552400461,2,1,0,18,19,4,8,0,0,8,0,0,0,0,1,1,6,6,1,59,9,-1,-1,-1,-1,7,E01015457,0,1
2024010532124,2024,010532124,2,90,0,99,99,9,9,99,99,9,9,99,9,99,9,9,1,1,1,22,5,-1,-1,-1,-1,4,E01003534,0,1
2024451445096,2024,451445096,2,9,0,-1,19,1,1,-1,99,4,0,0,0,0,4,1,-1,6,3,30,6,-1,-1,-1,-1,-1,-1,0,-1
2024411498138,2024,411498138,2,1,-1,-1,-1,-1,-1,-1,-1,-1,-1,-1,-1,0,-1,1,-1,6,1,61,9,-1,-1,-1,-1,3,E01023555,0,2
2024211514069,2024,211514069,4,9,0,-1,2,0,0,-1,0,0,0,0,0,0,1,1,-1,6,2,60,9,-1,-1,-1,-1,9,E01029465,0,1
2024131477072,2024,131477072,1,9,0,-1,7,3,7,-1,0,1,0,0,0,0,1,1,-1,2,1,22,5,-1,-1,-1,-1,2,E01011853,0,1
2024610040724,2024,610040724,2,1,0,18,19,6,2,2,2,8,0,0,0,0,3,1,6,6,1,50,8,-1,-1,-1,-1,5,W01001412,0,2
2024010508954,2024,010508954,1,1,9,99,99,9,9,99,99,9,9,99,9,99,1,1,6,6,2,41,7,-1,-1,-1,-1,6,E01004621,0,1
2024440538801,2024,440538801,1,1,0,18,19,5,1,0,0,8,0,0,0,0,1,1,2,2,1,53,8,-1,-1,-1,-1,3,E01016336,0,3
2024421482480,2024,421482480,1,9,0,-1,5,5,1,-1,0,1,0,0,0,0,1,9,-1,6,1,-1,-1,-1,-1,-1,-1,-1,-1,0,-1
2024010538074,2024,010538074,5,9,0,2,2,0,0,0,0,2,0,0,0,0,3,1,6,6,3,-1,-1,-1,-1,-1,-1,-1,-1,0,-1
2024340WN0582,2024,340WN0582,1,9,0,-1,7,0,0,-1,0,3,0,0,0,0,4,1,-1,1,1,32,6,-1,-1,-1,-1,7,E01028432,0,4
2024302400340,2024,302400340,1,11,0,4,4,2,6,0,0,0,0,0,0,0,0,1,1,1,1,59,9,-1,-1,-1,-1,5,E01019434,0,3
2024010505117,2024,010505117,2,1,0,16,19,6,1,0,0,8,0,0,0,0,1,1,6,6,1,20,4,-1,-1,-1,-1,3,E01001177,0,1
2024131442260,2024,131442260,1,8,0,-1,5,5,7,-1,0,1,0,0,0,0,1,1,-1,6,1,-1,-1,-1,-1,-1,-1,-1,-1,0,-1
2024131433118,2024,131433118,2,1,0,-1,19,7,3,-1,4,8,0,0,0,0,3,1,-1,6,1,51,8,-1,-1,-1,-1,1,E01033693,0,1
2024531518328,2024,531518328,1,9,0,-1,19,1,5,-1,0,0,0,0,0,0,1,1,-1,6,2,61,9,-1,-1,-1,-1,4,E01022251,0,2
2024141414399,2024,141414399,2,90,0,-1,4,7,3,-1,0,0,1,0,0,0,1,1,-1,1,1,48,8,-1,-1,-1,-1,1,E01007332,0,3
202417S201924,2024,17S201924,1,23,0,18,19,2,6,0,0,3,0,0,0,0,4,1,6,6,1,60,9,-1,-1,-1,-1,2,E01012193,0,1
2024411473298,2024,411473298,2,9,0,-1,3,3,7,-1,0,0,0,0,0,0,2,1,-1,2,1,31,6,-1,-1,-1,-1,9,E01035596,0,2
2024161531062,2024,161531062,2,9,0,-1,9,2,8,-1,0,2,0,0,0,0,1,1,-1,6,2,44,7,-1,-1,-1,-1,5,E01013106,0,2
2024320418790,2024,320418790,2,9,0,4,4,4,8,0,0,0,0,0,0,0,2,1,-1,-1,1,57,9,-1,-1,-1,-1,8,E01026202,0,4
2024101520635,2024,101520635,3,9,-1,-1,19,7,3,-1,0,0,0,0,0,0,0,9,-1,1,2,-1,-1,-1,-1,-1,-1,-1,-1,0,-1
2024201498739,2024,201498739,1,9,0,-1,19,4,8,-1,0,0,0,0,0,0,1,9,-1,6,1,25,5,-1,-1,-1,-1,-1,-1,0,-1
2024061437425,2024,061437425,1,1,0,-1,19,-1,-1,-1,0,0,5,8,0,0,4,1,-1,2,1,43,7,-1,-1,-1,-1,6,E01005885,0,3
2024010494856,2024,010494856,2,3,0,4,4,7,3,0,0,2,0,0,0,0,1,1,1,1,2,27,6,-1,-1,-1,-1,2,E01000544,0,1
2024101534910,2024,101534910,1,9,0,-1,4,1,5,-1,0,0,0,0,0,0,1,1,-1,9,1,24,5,-1,-1,-1,-1,7,E01034499,0,4
2024302400955,2024,302400955,1,1,0,16,19,8,4,0,0,0,0,0,0,0,3,1,6,6,1,15,3,-1,-1,-1,-1,9,E01019825,0,1
2024501407598,2024,501407598,1,9,0,-1,19,3,7,-1,0,2,0,0,0,0,1,9,-1,6,3,-1,-1,-1,-1,-1,-1,-1,-1,0,-1
2024161450290,2024,161450290,1,9,0,-1,1,3,7,-1,0,0,0,0,0,0,4,1,-1,6,3,-1,-1,-1,-1,-1,-1,-1,-1,0,-1
2024010538051,2024,010538051,2,1,0,18,19,1,5,0,0,0,2,0,0,0,1,1,6,6,1,22,5,-1,-1,-1,-1,7,E01002944,0,4
2024201436371,2024,201436371,1,9,0,-1,19,7,3,-1,0,1,0,0,0,0,0,9,-1,6,3,40,7,-1,-1,-1,-1,-1,-1,0,-1
2024311495272,2024,311495272,1,9,0,-1,19,7,3,-1,0,0,0,0,0,0,4,9,-1,6,3,-1,-1,-1,-1,-1,-1,-1,-1,0,-1
2024010490195,2024,010490195,1,3,0,99,99,9,9,99,99,1,9,99,9,99,1,1,1,1,1,31,6,-1,-1,-1,-1,3,E01000498,0,1
2024440368947,2024,440368947,2,9,0,18,19,1,5,0,0,1,0,0,0,0,1,1,6,6,3,-1,-1,-1,-1,-1,-1,-1,-1,0,-1
2024010546462,2024,010546462,3,1,0,-1,-1,1,5,9,9,8,0,0,0,0,0,1,6,6,1,8,2,-1,-1,-1,-1,3,E01002605,0,1
2024351465219,2024,351465219,1,9,0,-1,10,7,5,-1,0,6,0,0,0,0,1,1,-1,2,1,34,6,-1,-1,-1,-1,6,E01002618,0,4
2024010516152,2024,010516152,2,9,0,99,99,9,9,99,99,9,9,99,9,99,9,9,6,6,3,-1,-1,-1,-1,-1,-1,-1,-1,0,-1
2024471439367,2024,471439367,2,9,0,-1,9,5,3,-1,0,5,0,0,0,0,2,2,-1,9,1,32,6,-1,-1,-1,-1,9,E01031623,0,1
2024122500079,2024,122500079,2,1,0,18,19,7,3,0,0,1,0,0,0,0,1,1,6,6,1,24,5,-1,-1,-1,-1,10,E01034984,0,1
2024631447836,2024,631447836,2,1,0,-1,19,4,8,-1,0,8,0,0,0,0,1,1,-1,9,1,58,9,-1,-1,-1,-1,10,E01016639,0,5
2024991532107,2024,991532107,2,1,0,-1,19,6,2,-1,0,1,0,0,0,0,1,1,-1,6,1,42,7,-1,-1,-1,-1,1,-1,0,1
2024161466406,2024,161466406,1,3,0,-1,19,8,4,-1,0,3,1,0,2,10,4,1,-1,6,1,49,8,-1,-1,-1,-1,3,E01012999,0,1
2024430112563,2024,430112563,1,9,0,18,19,5,1,0,0,8,0,0,0,0,3,1,6,6,2,50,8,-1,-1,-1,-1,10,E01023889,0,4
2024311422018,2024,311422018,2,1,0,-1,19,2,6,-1,0,1,5,0,0,0,1,1,-1,2,1,27,6,-1,-1,-1,-1,-1,-1,0,-1
2024440415741,2024,440415741,2,97,0,18,19,8,4,0,0,0,0,0,0,0,1,1,6,6,3,-1,-1,-1,-1,-1,-1,-1,-1,0,-1
2024010493224,2024,010493224,1,11,0,4,4,1,5,0,0,8,0,0,0,0,1,1,6,6,1,51,8,-1,-1,-1,-1,7,E01000986,0,2
2024161416734,2024,161416734,2,19,0,-1,19,5,1,-1,0,0,0,0,0,0,0,9,-1,6,3,-1,-1,-1,-1,-1,-1,-1,-1,0,-1
2024461470272,2024,461470272,1,9,0,-1,5,2,6,-1,0,0,0,0,0,0,3,1,-1,9,1,21,5,-1,-1,-1,-1,2,E01021119,0,4
2024440106382,2024,440106382,1,9,0,6,6,1,1,0,0,2,0,0,0,0,3,1,1,1,1,31,6,-1,-1,-1,-1,5,E01022832,0,4
2024010550345,2024,010550345,2,-1,0,15,15,7,3,0,0,1,0,0,0,0,3,1,6,6,1,36,7,-1,-1,-1,-1,2,E01003323,1,1
2024010545141,2024,010545141,1,1,9,-1,-1,9,9,99,99,9,9,99,9,99,1,1,6,6,1,27,6,-1,-1,-1,-1,2,E01003055,0,2
2024141412600,2024,141412600,1,9,0,-1,19,3,7,-1,0,4,0,0,0,0,3,1,-1,1,1,58,9,-1,-1,-1,-1,1,E01011838,0,4
2024522403341,2024,522403341,1,1,0,18,19,4,8,0,0,8,0,0,0,0,1,1,6,6,1,34,6,-1,-1,-1,-1,7,E01014505,0,1
2024440544986,2024,440544986,1,9,0,8,8,1,5,0,0,4,0,0,0,0,2,1,6,6,1,50,8,-1,-1,-1,-1,7,E01023282,0,2
2024501404917,2024,501404917,2,1,0,-1,19,1,5,-1,0,8,5,0,0,0,1,1,-1,6,2,41,7,-1,-1,-1,-1,6,E01020246,0,1
2024461440852,2024,461440852,1,-1,0,-1,19,8,4,-1,0,0,0,0,0,0,1,1,-1,9,1,27,6,-1,-1,-1,-1,5,E01024021,1,1
2024010541142,2024,010541142,1,1,9,99,99,9,9,99,99,9,9,99,9,99,1,1,2,2,1,36,7,-1,-1,-1,-1,5,E01024532,0,4
2024221534011,2024,221534011,2,9,0,-1,2,0,0,-1,0,0,0,0,0,0,3,1,-1,6,3,45,7,-1,-1,-1,-1,-1,-1,0,-1
2024991500413,2024,991500413,1,97,0,-1,19,6,2,-1,0,0,0,0,0,0,1,1,-1,6,3,-1,-1,-1,-1,-1,-1,-1,-1,0,-1
2024361489403,2024,361489403,2,9,-1,-1,-1,-1,-1,-1,-1,0,-1,-1,-1,0,-1,9,-1,6,3,-1,-1,-1,-1,-1,-1,-1,-1,0,-1
2024520402071,2024,520402071,1,1,0,18,19,3,7,0,0,8,0,0,0,0,4,1,4,7,1,14,3,-1,-1,-1,-1,8,E01029274,0,1
2024010540878,2024,010540878,1,1,0,5,5,5,1,0,0,1,0,0,0,0,2,1,6,6,1,35,6,-1,-1,-1,-1,3,E01004125,0,3
2024531435649,2024,531435649,2,1,0,-1,19,5,1,-1,9,0,0,0,0,0,1,1,-1,2,2,37,7,-1,-1,-1,-1,3,E01022134,0,1
2024010491713,2024,010491713,2,9,0,18,19,8,4,0,0,0,0,0,0,0,1,1,1,1,1,49,8,-1,-1,-1,-1,3,E01001669,0,1
2024101523408,2024,101523408,2,9,0,-1,19,1,5,-1,0,8,0,0,0,0,1,1,-1,6,1,25,5,-1,-1,-1,-1,10,E01033163,0,2
2024340WN2862,2024,340WN2862,1,9,0,-1,19,6,2,-1,0,1,0,0,0,0,1,1,-1,6,1,-1,-1,-1,-1,-1,-1,-1,-1,0,-1