collision_index,collision_year,collision_ref_no,vehicle_reference,vehicle_type,towing_and_articulation,vehicle_manoeuvre_historic,vehicle_manoeuvre,vehicle_direction_from,vehicle_direction_to,vehicle_location_restricted_lane_historic,vehicle_location_restricted_lane,junction_location,skidding_and_overturning,hit_object_in_carriageway,vehicle_leaving_carriageway,hit_object_off_carriageway,first_point_of_impact,vehicle_left_hand_drive,journey_purpose_of_driver_historic,journey_purpose_of_driver,sex_of_driver,age_of_driver,age_band_of_driver,engine_capacity_cc,propulsion_code,age_of_vehicle,generic_make_model,driver_imd_decile,lsoa_of_driver,escooter_flag,driver_distance_banding
2024991460738,2024,991460738,1,9,0,-1,5,3,1,-1,0,2,0,0,0,0,1,1,-1,9,2,66,10,-1,-1,-1,-1,8,-1,0,1
2024411455578,2024,411455578,2,1,-1,-1,-1,-1,-1,-1,-1,0,-1,-1,-1,0,-1,1,-1,6,1,84,11,-1,-1,-1,-1,6,E01033311,0,1
2024061509140,2024,061509140,2,1,0,-1,19,8,5,-1,0,1,0,0,0,0,1,1,-1,6,2,51,8,-1,-1,-1,-1,10,E01004804,0,1
2024421516250,2024,421516250,2,9,0,-1,9,3,1,-1,0,8,0,0,0,0,3,1,-1,2,1,39,7,-1,-1,-1,-1,5,E01021907,0,4
2024201417577,2024,201417577,2,9,0,-1,19,2,6,-1,0,0,0,0,0,0,3,1,-1,6,2,30,6,-1,-1,-1,-1,2,E01009994,0,1
2024451503406,2024,451503406,1,8,0,-1,3,8,4,-1,0,0,0,0,0,0,3,9,-1,1,1,54,8,-1,-1,-1,-1,10,E01030394,0,2
202417H102724,2024,17H102724,2,9,0,-1,4,1,5,-1,0,0,0,0,0,0,1,1,-1,7,1,56,9,-1,-1,-1,-1,-1,-1,0,-1
2024361444977,2024,361444977,2,22,-1,-1,-1,-1,-1,-1,-1,0,-1,-1,-1,0,-1,1,-1,9,1,83,11,-1,-1,-1,-1,2,E01035133,0,1
2024131444785,2024,131444785,2,5,0,-1,8,4,8,-1,0,1,0,0,0,0,2,1,-1,6,1,53,8,-1,-1,-1,-1,9,E01011306,0,3
2024552401395,2024,552401395,1,1,0,18,19,7,3,0,0,8,0,0,0,0,4,1,6,6,3,-1,-1,-1,-1,-1,-1,-1,-1,0,-1
2024010488908,2024,010488908,1,3,0,99,99,9,9,99,99,9,9,99,9,99,2,1,6,6,1,28,6,-1,-1,-1,-1,3,E01002131,0,1
2024201494709,2024,201494709,2,9,0,-1,4,2,6,-1,0,0,0,0,0,0,1,9,-1,6,1,30,6,-1,-1,-1,-1,-1,-1,0,-1
2024320002994,2024,320002994,2,9,0,-1,-1,5,1,0,0,0,1,0,7,9,1,1,-1,-1,1,69,10,-1,-1,-1,-1,3,E01013133,0,2
2024101492114,2024,101492114,2,1,0,-1,9,3,1,-1,0,2,0,0,0,0,2,1,-1,6,1,86,11,-1,-1,-1,-1,10,E01008547,0,3
2024141481503,2024,141481503,1,9,0,-1,19,5,1,-1,0,0,0,0,0,0,1,9,-1,6,3,-1,-1,-1,-1,-1,-1,-1,-1,0,-1
2024430052993,2024,430052993,2,1,0,18,19,3,7,0,0,4,0,0,0,0,3,1,4,7,2,10,2,-1,-1,-1,-1,3,E01016381,0,1
2024411520033,2024,411520033,1,1,0,-1,19,8,4,-1,0,1,2,0,0,0,1,1,-1,6,1,-1,-1,-1,-1,-1,-1,-1,-1,0,-1
2024070900087,2024,070900087,2,1,0,-1,19,7,3,-1,0,8,0,0,0,0,1,1,-1,2,1,33,6,-1,-1,-1,-1,3,E01018746,0,1
2024010499611,2024,010499611,1,19,0,99,99,9,9,99,99,9,9,99,9,99,1,9,6,6,3,-1,-1,-1,-1,-1,-1,-1,-1,0,-1
2024122400886,2024,122400886,1,1,0,18,19,7,3,0,0,8,1,0,0,0,1,1,6,6,1,51,8,-1,-1,-1,-1,9,E01027845,0,1
2024010497205,2024,010497205,1,9,0,3,3,5,1,0,0,0,0,0,0,0,3,1,6,6,1,45,7,-1,-1,-1,-1,3,E01000465,0,2
2024430205439,2024,430205439,1,9,0,17,19,2,8,0,0,0,2,10,2,10,1,1,6,6,1,18,4,-1,-1,-1,-1,8,E01028603,0,1
2024131528444,2024,131528444,1,23,0,-1,19,1,5,-1,0,1,0,0,0,0,1,1,-1,6,1,37,7,-1,-1,-1,-1,6,E01011738,0,2
2024991525684,2024,991525684,1,9,0,-1,19,5,1,-1,0,0,0,0,0,0,1,1,-1,9,1,53,8,-1,-1,-1,-1,5,-1,0,1
2024461412653,2024,461412653,2,19,0,-1,2,0,0,-1,0,0,0,4,0,0,3,1,-1,6,-1,-1,-1,-1,-1,-1,-1,-1,-1,0,-1
2024421529668,2024,421529668,2,9,0,-1,19,3,3,-1,0,0,0,0,0,0,1,1,-1,1,1,38,7,-1,-1,-1,-1,9,E01021899,0,1
2024161493519,2024,161493519,2,1,0,-1,19,5,1,-1,0,8,0,0,0,0,3,1,-1,2,1,42,7,-1,-1,-1,-1,3,E01013192,0,1
2024070173902,2024,070173902,2,1,0,18,19,5,1,0,0,1,0,0,0,0,1,1,6,6,1,13,3,-1,-1,-1,-1,-1,-1,0,-1
2024351476845,2024,351476845,1,98,0,-1,-1,-1,-1,-1,-1,0,-1,-1,-1,0,2,9,-1,6,3,-1,-1,-1,-1,-1,-1,-1,-1,0,-1
2024231409294,2024,231409294,2,9,0,-1,2,0,0,-1,0,0,0,0,0,0,2,1,-1,9,1,23,5,-1,-1,-1,-1,5,E01031056,0,1
2024010490739,2024,010490739,1,9,0,18,19,7,3,0,0,0,0,0,0,0,2,1,6,6,2,51,8,-1,-1,-1,-1,7,E01002343,0,2
2024471423747,2024,471423747,2,9,0,-1,19,4,8,-1,0,1,0,0,0,0,1,1,-1,9,2,29,6,-1,-1,-1,-1,1,E01021019,0,3
2024131503028,2024,131503028,1,9,0,-1,19,1,5,-1,0,0,0,0,0,0,3,1,-1,9,1,52,8,-1,-1,-1,-1,5,E01007152,0,4
2024302401466,2024,302401466,2,1,0,17,19,2,6,0,0,0,1,0,1,0,0,1,6,6,1,54,8,-1,-1,-1,-1,9,E01013488,0,3
2024010532020,2024,010532020,2,1,0,3,3,7,3,0,0,1,0,0,0,0,2,1,2,2,1,35,6,-1,-1,-1,-1,2,E01002078,0,2
2024161447665,2024,161447665,1,9,0,-1,11,3,7,-1,0,0,0,0,1,11,1,1,-1,6,1,36,7,-1,-1,-1,-1,1,E01012876,0,4
2024201534809,2024,201534809,1,9,0,-1,9,2,6,-1,0,5,0,0,0,0,1,9,-1,6,1,40,7,-1,-1,-1,-1,-1,-1,0,-1
2024131394330,2024,131394330,2,9,0,-1,19,6,2,-1,0,0,0,0,0,0,1,1,-1,1,1,33,6,-1,-1,-1,-1,2,E01006910,0,4
2024010494547,2024,010494547,2,9,0,99,99,9,9,99,99,9,9,99,9,99,9,9,6,6,3,-1,-1,-1,-1,-1,-1,9,E01015809,0,4
202454D979724,2024,54D979724,1,19,0,18,19,7,3,0,0,1,0,0,0,0,1,1,1,1,1,31,6,-1,-1,-1,-1,4,E01032715,0,4
2024522403250,2024,522403250,1,1,0,18,19,2,6,9,9,8,0,0,0,0,1,1,6,6,1,12,3,-1,-1,-1,-1,7,E01014735,0,1
2024122400953,2024,122400953,1,1,0,18,19,1,5,0,0,0,0,0,1,0,0,1,6,6,1,32,6,-1,-1,-1,-1,1,E01012088,0,4
2024451502160,2024,451502160,2,9,0,-1,9,3,3,-1,0,6,0,0,0,0,4,9,-1,6,3,30,6,-1,-1,-1,-1,-1,-1,0,-1
2024010488955,2024,010488955,1,9,0,99,99,9,9,99,99,9,9,99,9,99,1,9,6,6,2,26,6,-1,-1,-1,-1,5,E01000131,0,1
2024411471674,2024,411471674,1,9,0,-1,19,2,6,-1,0,0,0,4,0,0,1,2,-1,6,1,30,6,-1,-1,-1,-1,-1,-1,0,-1
2024010487596,2024,010487596,1,9,0,16,19,1,3,0,0,1,0,0,0,0,1,1,6,6,3,-1,-1,-1,-1,-1,-1,-1,-1,0,-1
2024052402606,2024,052402606,1,9,0,18,19,8,4,0,0,1,0,0,0,0,1,1,6,6,3,-1,-1,-1,-1,-1,-1,-1,-1,0,-1
2024340NN0172,2024,340NN0172,1,9,0,-1,5,2,6,-1,0,3,0,0,0,0,1,1,-1,6,2,-1,-1,-1,-1,-1,-1,-1,-1,0,-1
202417S211124,2024,17S211124,2,9,0,-1,19,5,1,-1,0,8,0,0,0,0,1,1,-1,6,1,-1,-1,-1,-1,-1,-1,-1,-1,0,-1
2024010514690,2024,010514690,2,1,9,15,15,9,9,99,99,0,9,99,9,99,9,1,6,6,1,-1,-1,-1,-1,-1,-1,-1,-1,0,-1
2024501521450,2024,501521450,1,9,0,-1,4,1,5,-1,0,0,0,0,0,0,4,1,-1,9,1,19,4,-1,-1,-1,-1,8,E01015090,0,4
2024430328041,2024,430328041,2,9,0,18,19,4,8,0,0,0,0,0,0,0,3,1,6,6,1,-1,-1,-1,-1,-1,-1,-1,-1,0,-1
2024991413326,2024,991413326,2,1,0,-1,19,4,1,-1,0,3,0,0,0,0,2,1,-1,2,2,62,9,-1,-1,-1,-1,-1,-1,0,-1
2024340WN3372,2024,340WN3372,2,9,0,-1,19,7,3,-1,0,8,0,0,7,11,4,1,-1,6,2,57,9,-1,-1,-1,-1,1,E01027153,0,1
2024461480589,2024,461480589,2,1,0,-1,19,1,5,-1,0,1,0,0,0,0,1,1,-1,6,1,67,10,-1,-1,-1,-1,4,E01024312,0,1
2024471407952,2024,471407952,1,9,0,-1,19,8,4,-1,9,0,0,0,0,0,4,9,-1,6,3,-1,-1,-1,-1,-1,-1,-1,-1,0,-1
2024371450346,2024,371450346,2,9,0,-1,19,1,5,-1,0,2,0,0,0,0,1,1,-1,1,1,57,9,-1,-1,-1,-1,5,E01030199,0,3
2024010523303,2024,010523303,2,9,0,7,7,7,1,0,0,5,0,0,0,0,1,1,6,6,3,-1,-1,-1,-1,-1,-1,-1,-1,0,-1
2024501483089,2024,501483089,2,9,0,-1,4,8,4,-1,0,0,0,0,0,0,2,1,-1,6,1,59,9,-1,-1,-1,-1,6,E01019897,0,1
2024010501748,2024,010501748,2,9,0,99,99,9,9,99,99,9,9,99,9,99,9,9,6,6,3,-1,-1,-1,-1,-1,-1,-1,-1,0,-1
2024010516949,2024,010516949,2,3,0,4,4,1,5,0,0,1,0,0,0,0,1,1,6,6,3,-1,-1,-1,-1,-1,-1,-1,-1,0,-1
2024351429897,2024,351429897,2,9,0,-1,19,5,1,-1,0,0,0,0,0,0,2,1,-1,1,1,40,7,-1,-1,-1,-1,7,E01017344,0,5
202460Q022590,2024,60Q022590,1,1,0,18,19,4,8,0,0,0,0,0,0,0,4,1,6,6,1,34,6,-1,-1,-1,-1,-1,-1,0,-1
2024010505698,2024,010505698,2,1,0,17,19,7,3,0,0,2,0,0,0,0,3,1,6,6,1,20,4,-1,-1,-1,-1,4,E01003203,0,1
2024520403259,2024,520403259,2,9,0,18,19,2,6,0,0,1,0,0,0,0,1,1,2,2,1,21,5,-1,-1,-1,-1,4,E01020052,0,3
2024471453981,2024,471453981,2,9,0,-1,9,3,2,-1,0,6,0,0,0,0,0,9,-1,6,3,-1,-1,-1,-1,-1,-1,-1,-1,0,-1
2024010488046,2024,010488046,1,9,0,18,19,8,4,0,0,2,0,0,0,0,3,1,6,6,2,37,7,-1,-1,-1,-1,3,E01004443,0,2
2024311517611,2024,311517611,1,3,0,-1,5,4,2,-1,0,0,1,0,0,0,0,1,-1,2,1,20,4,-1,-1,-1,-1,7,E01028015,0,1
2024010487890,2024,010487890,1,9,0,17,19,1,7,0,0,0,2,0,0,0,3,1,6,6,1,48,8,-1,-1,-1,-1,3,E01000100,0,2
2024201535768,2024,201535768,1,9,0,-1,19,3,7,-1,0,8,0,0,0,0,1,9,-1,9,1,27,6,-1,-1,-1,-1,9,E01033534,0,4
2024010490392,2024,010490392,2,1,0,18,19,7,3,0,0,1,0,0,0,0,4,1,1,1,1,39,7,-1,-1,-1,-1,2,E01000052,0,1
2024010508650,2024,010508650,1,9,0,18,19,1,5,0,0,4,0,0,0,0,1,1,6,6,1,27,6,-1,-1,-1,-1,2,E01000027,0,4
2024071000215,2024,071000215,2,21,9,-1,19,7,3,-1,0,0,0,0,0,0,0,9,-1,6,3,-1,-1,-1,-1,-1,-1,-1,-1,0,-1
2024010518515,2024,010518515,1,23,0,18,19,7,3,0,0,1,0,0,0,0,1,1,6,6,3,-1,-1,-1,-1,-1,-1,-1,-1,0,-1
2024010520539,2024,010520539,2,9,0,99,99,9,9,99,99,9,9,99,9,99,9,9,6,6,3,-1,-1,-1,-1,-1,-1,-1,-1,0,-1
2024311505452,2024,311505452,1,9,0,-1,7,1,3,-1,0,5,0,0,0,0,1,9,-1,6,3,-1,-1,-1,-1,-1,-1,-1,-1,0,-1
2024070343377,2024,070343377,2,1,0,18,19,5,1,0,0,0,0,0,0,0,3,1,6,6,1,56,9,-1,-1,-1,-1,9,W01000264,0,2
2024010487317,2024,010487317,2,9,0,2,2,0,0,9,9,1,0,0,0,0,1,1,6,6,3,-1,-1,-1,-1,-1,-1,-1,-1,0,-1
2024501421545,2024,501421545,2,9,0,-1,2,6,2,-1,0,0,1,0,0,0,2,1,-1,6,1,32,6,-1,-1,-1,-1,2,E01019046,0,3
2024010523034,2024,010523034,1,9,0,18,19,1,5,0,0,0,1,0,0,0,4,1,6,6,1,77,11,-1,-1,-1,-1,8,E01000118,0,1
2024010513608,2024,010513608,2,9,0,15,15,1,5,0,0,2,0,0,0,0,1,1,6,6,3,-1,-1,-1,-1,-1,-1,-1,-1,0,-1
2024211407117,2024,211407117,2,3,0,-1,19,5,3,-1,0,0,0,0,0,0,1,1,-1,1,1,20,4,-1,-1,-1,-1,10,E01034051,0,3
2024052400747,2024,052400747,1,9,0,9,9,5,3,0,0,8,0,0,0,0,1,1,6,6,2,57,9,-1,-1,-1,-1,6,E01006927,0,1
2024010488028,2024,010488028,2,9,0,99,99,9,9,99,99,9,9,99,9,99,1,9,6,6,3,-1,-1,-1,-1,-1,-1,-1,-1,0,-1
2024010524700,2024,010524700,2,1,0,18,19,5,1,0,0,8,0,0,0,0,4,1,1,1,1,28,6,-1,-1,-1,-1,2,E01001513,0,1
2024548581824,2024,548581824,2,9,0,4,4,6,2,0,0,1,0,0,0,0,2,1,6,6,1,17,4,-1,-1,-1,-1,10,E01032080,0,3
2024010529483,2024,010529483,2,9,0,18,19,4,8,0,0,1,0,0,0,0,1,1,6,6,3,-1,-1,-1,-1,-1,-1,-1,-1,0,-1
2024440252828,2024,440252828,1,9,0,10,10,1,7,0,0,1,0,0,0,0,2,1,6,6,1,42,7,-1,-1,-1,-1,10,E01022726,0,2
2024010488164,2024,010488164,1,3,0,99,99,9,9,99,99,9,9,99,9,99,9,1,2,2,2,26,6,-1,-1,-1,-1,2,E01001976,0,3
2024010524151,2024,010524151,2,1,0,-1,-1,1,5,0,0,8,0,0,0,0,2,1,6,6,1,74,10,-1,-1,-1,-1,5,E01004396,0,2
2024010535797,2024,010535797,1,9,0,99,99,9,9,99,99,9,9,99,9,99,1,9,6,6,3,-1,-1,-1,-1,-1,-1,5,E01004418,0,1
2024481510869,2024,481510869,1,1,0,-1,19,1,5,-1,0,1,0,0,0,0,1,1,-1,2,1,60,9,-1,-1,-1,-1,-1,-1,0,-1
2024010496332,2024,010496332,4,1,0,18,19,7,3,4,4,0,0,0,0,0,0,1,2,2,2,33,6,-1,-1,-1,-1,-1,-1,0,-1
2024161426141,2024,161426141,2,9,0,-1,19,1,5,-1,0,8,0,0,1,1,1,1,-1,9,1,85,11,-1,-1,-1,-1,7,E01013322,0,2
2024010549016,2024,010549016,2,19,9,99,99,9,9,99,99,9,9,99,9,99,2,9,6,6,1,-1,-1,-1,-1,-1,-1,-1,-1,0,-1
2024461484397,2024,461484397,1,9,0,-1,11,6,1,-1,0,0,1,0,0,0,1,1,-1,1,1,45,7,-1,-1,-1,-1,6,E01002262,0,3
2024061526420,2024,061526420,1,9,0,-1,19,4,1,-1,0,8,0,0,0,0,1,1,-1,6,-1,30,6,-1,-1,-1,-1,-1,-1,0,-1
2024440429296,2024,440429296,2,9,0,4,4,4,8,0,0,1,0,0,0,0,1,1,6,6,3,-1,-1,-1,-1,-1,-1,-1,-1,0,-1
2024010500227,2024,010500227,1,1,9,99,99,9,9,99,99,1,9,99,9,99,1,1,6,6,1,32,6,-1,-1,-1,-1,7,E01004662,0,1
2024401474669,2024,401474669,1,5,0,-1,19,8,4,-1,0,0,0,0,0,0,3,1,-1,6,1,60,9,-1,-1,-1,-1,8,E01023590,0,3
2024010519656,2024,010519656,1,1,0,18,19,8,4,0,0,0,0,0,0,0,3,1,2,2,2,33,6,-1,-1,-1,-1,4,E01004066,0,1
2024201498736,2024,201498736,2,9,0,-1,19,2,2,-1,0,0,0,0,0,0,0,9,-1,6,3,-1,-1,-1,-1,-1,-1,-1,-1,0,-1
2024010523764,2024,010523764,2,97,9,18,19,9,9,99,99,1,9,99,9,99,9,1,6,6,3,-1,-1,-1,-1,-1,-1,-1,-1,0,-1
2024041525573,2024,041525573,1,9,0,-1,19,-1,-1,-1,0,0,0,0,0,0,-1,9,-1,6,3,-1,-1,-1,-1,-1,-1,-1,-1,0,-1
2024320676031,2024,320676031,2,9,0,-1,-1,6,3,0,0,8,0,0,0,0,4,1,-1,-1,1,68,10,-1,-1,-1,-1,9,E01034696,0,1
2024430008235,2024,430008235,1,9,0,18,19,8,4,0,0,0,0,0,0,0,0,1,6,6,1,35,6,-1,-1,-1,-1,3,E01023637,0,4
2024201513779,2024,201513779,1,9,0,-1,19,1,5,-1,0,0,0,0,0,0,1,9,-1,6,1,45,7,-1,-1,-1,-1,-1,-1,0,-1
2024010550021,2024,010550021,1,19,0,99,99,9,9,99,99,0,9,99,9,99,9,1,6,6,3,-1,-1,-1,-1,-1,-1,-1,-1,0,-1
2024351510726,2024,351510726,3,9,0,-1,4,1,5,-1,0,0,0,0,0,0,2,1,-1,2,2,24,5,-1,-1,-1,-1,9,E01031532,0,5
2024531435710,2024,531435710,2,1,0,-1,19,5,1,-1,5,2,5,0,0,0,1,1,-1,9,1,23,5,-1,-1,-1,-1,1,E01022319,0,1
2024161420253,2024,161420253,1,11,0,-1,19,5,1,-1,0,2,0,0,0,0,4,1,-1,1,3,50,8,-1,-1,-1,-1,-1,-1,0,-1
2024201421713,2024,201421713,2,1,0,-1,19,1,5,-1,0,8,0,0,0,0,3,1,-1,6,1,60,9,-1,-1,-1,-1,1,E01009000,0,1
2024061532130,2024,061532130,2,1,0,-1,19,4,8,-1,4,1,0,0,0,0,1,1,-1,2,1,32,6,-1,-1,-1,-1,-1,-1,0,-1
2024061515437,2024,061515437,1,1,0,-1,19,3,7,-1,0,8,0,0,0,0,1,1,-1,9,1,15,3,-1,-1,-1,-1,3,E01005267,0,1
2024010521618,2024,010521618,2,9,0,99,99,9,9,99,99,9,9,99,9,99,9,9,6,6,3,-1,-1,-1,-1,-1,-1,-1,-1,0,-1
2024010508034,2024,010508034,2,9,0,99,99,9,9,99,99,9,9,99,9,99,9,9,6,6,3,-1,-1,-1,-1,-1,-1,-1,-1,0,-1
2024161440158,2024,161440158,2,9,9,-1,19,1,7,-1,0,8,0,0,0,0,9,9,-1,6,1,-1,-1,-1,-1,-1,-1,-1,-1,0,-1
2024991512408,2024,991512408,2,1,0,-1,19,7,2,-1,4,1,0,0,0,0,0,1,-1,6,1,45,7,-1,-1,-1,-1,-1,-1,0,-1
2024501430228,2024,501430228,1,9,0,-1,19,3,7,-1,0,0,5,0,0,0,3,1,-1,6,1,41,7,-1,-1,-1,-1,5,E01019019,0,4
2024010523151,2024,010523151,2,1,0,18,19,3,7,0,0,0,0,4,0,0,0,1,1,1,1,45,7,-1,-1,-1,-1,3,E01003521,0,1
2024010546123,2024,010546123,2,1,0,-1,-1,3,7,0,0,1,0,0,0,0,1,1,6,6,1,58,9,-1,-1,-1,-1,7,E01000295,0,1
2024052401023,2024,052401023,1,1,0,18,19,4,8,0,0,0,0,0,0,0,4,1,6,6,2,43,7,-1,-1,-1,-1,1,E01006637,0,1
2024061443380,2024,061443380,2,9,0,-1,7,-1,-1,-1,0,0,0,99,7,99,4,1,-1,6,3,-1,-1,-1,-1,-1,-1,-1,-1,0,-1
2024010538185,2024,010538185,1,9,0,6,6,5,5,0,0,8,0,0,0,0,1,1,6,6,2,26,6,-1,-1,-1,-1,4,E01001595,0,4
2024010536493,2024,010536493,1,9,0,18,19,6,2,0,0,0,0,0,0,0,1,1,6,6,3,-1,-1,-1,-1,-1,-1,-1,-1,0,-1
2024010547215,2024,010547215,2,1,9,13,13,9,9,4,4,0,9,99,9,99,9,1,6,6,1,-1,-1,-1,-1,-1,-1,-1,-1,0,-1
2024010510878,2024,010510878,2,1,0,18,19,5,1,0,0,1,1,99,0,0,1,1,4,7,1,12,3,-1,-1,-1,-1,6,E01002668,0,1
2024161482604,2024,161482604,2,1,0,-1,19,3,7,-1,0,1,0,0,0,0,9,1,-1,6,3,-1,-1,-1,-1,-1,-1,-1,-1,0,-1
2024991503836,2024,991503836,1,98,0,-1,11,2,5,-1,2,1,0,0,0,0,4,1,-1,6,3,30,6,-1,-1,-1,-1,-1,-1,0,-1
2024622400437,2024,622400437,2,1,0,18,19,2,6,0,0,0,0,0,0,0,1,1,6,6,1,56,9,-1,-1,-1,-1,6,W01000774,0,1
2024010491939,2024,010491939,1,9,0,7,7,1,2,0,0,1,0,0,0,0,0,1,6,6,3,-1,-1,-1,-1,-1,-1,-1,-1,0,-1
2024991481648,2024,991481648,1,9,0,-1,19,6,2,-1,0,0,0,0,0,0,1,1,-1,6,1,50,8,-1,-1,-1,-1,-1,-1,0,-1
2024461506969,2024,461506969,1,9,0,-1,19,3,7,-1,0,1,0,0,0,0,4,9,-1,6,3,-1,-1,-1,-1,-1,-1,-1,-1,0,-1
2024231489661,2024,231489661,2,9,0,-1,4,1,5,-1,0,1,0,0,0,0,2,1,-1,6,1,62,9,-1,-1,-1,-1,7,E01031011,0,1
2024010495353,2024,010495353,1,9,0,2,2,0,0,0,0,0,0,0,0,0,0,1,6,6,3,-1,-1,-1,-1,-1,-1,-1,-1,0,-1
2024231445371,2024,231445371,1,19,0,-1,19,6,2,-1,0,0,0,0,0,0,1,1,-1,1,1,41,7,-1,-1,-1,-1,1,E01009483,0,4
2024061466412,2024,061466412,1,9,-1,-1,-1,-1,-1,-1,-1,0,-1,-1,-1,0,-1,9,-1,6,3,-1,-1,-1,-1,-1,-1,-1,-1,0,-1
2024010505725,2024,010505725,2,1,0,18,19,5,1,0,0,0,0,0,0,0,1,1,6,6,1,24,5,-1,-1,-1,-1,2,E01032575,0,2
2024061535107,2024,061535107,1,9,-1,-1,-1,-1,-1,-1,-1,0,-1,-1,-1,0,-1,9,-1,6,3,-1,-1,-1,-1,-1,-1,-1,-1,0,-1
2024361479781,2024,361479781,1,9,0,-1,19,5,1,-1,0,0,5,0,0,0,1,1,-1,2,1,29,6,-1,-1,-1,-1,3,E01012832,0,5
2024411448813,2024,411448813,1,9,-1,-1,-1,-1,-1,-1,-1,-1,-1,-1,-1,0,-1,9,-1,6,3,-1,-1,-1,-1,-1,-1,-1,-1,0,-1
2024101526689,2024,101526689,1,23,0,-1,6,1,3,-1,9,0,0,0,0,0,2,1,-1,6,1,25,5,-1,-1,-1,-1,-1,-1,0,-1
2024010540421,2024,010540421,2,1,9,99,99,9,9,99,99,0,9,99,9,99,0,1,6,6,3,-1,-1,-1,-1,-1,-1,4,E01001137,0,1
2024522402967,2024,522402967,2,1,0,18,19,5,1,0,0,8,0,0,0,0,1,1,6,6,3,-1,-1,-1,-1,-1,-1,-1,-1,0,-1
2024201442095,2024,201442095,2,1,0,-1,19,5,1,-1,0,1,0,0,0,0,4,1,-1,7,1,8,2,-1,-1,-1,-1,2,E01033629,0,1
2024332400128,2024,332400128,2,5,0,-1,19,5,1,-1,0,0,1,0,0,0,3,1,-1,2,1,65,9,-1,-1,-1,-1,1,E01013653,0,2
2024221488907,2024,221488907,2,9,0,-1,9,6,4,-1,0,8,0,10,0,0,3,9,-1,9,2,33,6,-1,-1,-1,-1,4,E01028978,0,2
2024320543368,2024,320543368,2,9,0,4,4,3,7,0,0,2,0,0,0,0,2,1,-1,-1,2,41,7,-1,-1,-1,-1,3,E01026102,0,3
2024302401283,2024,302401283,2,21,0,16,19,5,8,0,0,3,0,0,0,0,4,2,1,1,1,60,9,-1,-1,-1,-1,-1,-1,0,-1
2024211447311,2024,211447311,1,9,0,-1,19,6,2,-1,0,1,0,0,0,0,1,9,-1,6,2,-1,-1,-1,-1,-1,-1,-1,-1,0,-1
2024361397119,2024,361397119,1,9,0,-1,19,3,7,-1,0,0,0,4,0,0,1,2,-1,6,1,41,7,-1,-1,-1,-1,2,E01026592,0,1
2024430209112,2024,430209112,2,9,0,18,19,5,1,0,0,8,0,0,0,0,1,1,6,6,1,58,9,-1,-1,-1,-1,-1,-1,0,-1
2024471412833,2024,471412833,3,98,0,-1,1,5,1,-1,0,0,0,0,0,0,0,1,-1,6,3,-1,-1,-1,-1,-1,-1,-1,-1,0,-1
202417L211024,2024,17L211024,1,1,0,-1,19,2,6,-1,0,1,0,0,0,0,1,1,-1,9,2,53,8,-1,-1,-1,-1,1,E01012107,0,2
2024061501195,2024,061501195,1,9,0,-1,19,6,8,-1,0,2,0,0,0,0,-1,9,-1,6,1,-1,-1,-1,-1,-1,-1,-1,-1,0,-1
2024471521883,2024,471521883,2,9,0,-1,19,5,1,-1,0,0,0,0,0,0,1,1,-1,9,2,48,8,-1,-1,-1,-1,-1,-1,0,-1
2024351424920,2024,351424920,2,1,-1,-1,-1,-1,-1,-1,-1,-1,-1,-1,-1,0,-1,1,-1,6,1,50,8,-1,-1,-1,-1,8,E01035519,0,1
2024010525091,2024,010525091,2,1,0,15,15,5,1,0,0,7,0,0,0,0,1,1,6,6,1,39,7,-1,-1,-1,-1,7,E01004681,0,1
2024451491578,2024,451491578,3,9,0,-1,-1,-1,-1,-1,-1,0,-1,-1,-1,0,-1,9,-1,6,3,-1,-1,-1,-1,-1,-1,-1,-1,0,-1
2024041440849,2024,041440849,2,1,0,-1,5,3,7,-1,9,1,0,0,0,0,2,1,-1,6,1,15,3,-1,-1,-1,-1,1,E01012601,0,1
2024101397223,2024,101397223,2,11,0,-1,19,5,1,-1,0,8,0,0,0,0,0,1,-1,1,1,64,9,-1,-1,-1,-1,1,E01008837,0,3
2024010489611,2024,010489611,2,9,0,99,99,9,9,99,99,9,9,99,9,99,9,9,6,6,3,-1,-1,-1,-1,-1,-1,-1,-1,0,-1
2024610012324,2024,610012324,1,9,0,9,9,6,4,0,0,2,0,0,0,0,3,1,6,6,2,19,4,-1,-1,-1,-1,7,W01001492,0,2
2024332401029,2024,332401029,2,1,0,-1,19,7,3,-1,4,8,0,0,0,0,1,1,-1,6,1,14,3,-1,-1,-1,-1,5,E01025689,0,1
2024522402097,2024,522402097,1,1,0,18,19,2,6,0,0,2,0,8,0,0,4,1,6,6,2,35,6,-1,-1,-1,-1,2,E01014692,0,1
2024131459586,2024,131459586,1,23,0,-1,13,4,8,-1,0,0,0,0,7,0,1,1,-1,9,1,15,3,-1,-1,-1,-1,4,E01011876,0,1
2024211534351,2024,211534351,2,1,0,-1,19,3,7,-1,0,0,0,0,0,0,3,1,-1,2,1,40,7,-1,-1,-1,-1,-1,-1,0,-1
2024010540571,2024,010540571,2,1,9,3,3,9,9,4,4,9,9,99,9,99,2,1,2,2,1,45,7,-1,-1,-1,-1,8,E01004119,0,2
2024061436899,2024,061436899,1,1,-1,-1,-1,-1,-1,-1,-1,-1,-1,-1,-1,0,1,1,-1,6,2,12,3,-1,-1,-1,-1,3,E01005975,0,1
2024552400637,2024,552400637,2,1,0,18,19,1,5,0,0,0,0,0,0,0,2,1,6,6,1,15,3,-1,-1,-1,-1,6,E01015349,0,1
2024221531643,2024,221531643,1,1,0,-1,19,3,7,-1,0,6,0,0,0,0,1,1,-1,6,1,39,7,-1,-1,-1,-1,-1,-1,0,-1
2024131440249,2024,131440249,1,9,0,-1,5,7,3,-1,0,0,0,0,0,0,3,1,-1,2,2,55,8,-1,-1,-1,-1,5,E01027868,0,4
2024010529596,2024,010529596,1,1,9,18,19,2,6,0,0,9,9,99,9,99,9,1,6,6,3,-1,-1,-1,-1,-1,-1,-1,-1,0,-1
2024991491331,2024,991491331,2,1,0,-1,19,2,6,-1,0,0,0,0,0,0,1,1,-1,9,1,66,10,-1,-1,-1,-1,10,-1,0,1
2024010487319,2024,010487319,2,9,0,5,5,0,1,0,0,2,0,0,0,0,3,1,6,6,1,26,6,-1,-1,-1,-1,2,E01035694,0,1