collision_index,collision_year,collision_ref_no,vehicle_reference,vehicle_type,towing_and_articulation,vehicle_manoeuvre_historic,vehicle_manoeuvre,vehicle_direction_from,vehicle_direction_to,vehicle_location_restricted_lane_historic,vehicle_location_restricted_lane,junction_location,skidding_and_overturning,hit_object_in_carriageway,vehicle_leaving_carriageway,hit_object_off_carriageway,first_point_of_impact,vehicle_left_hand_drive,journey_purpose_of_driver_historic,journey_purpose_of_driver,sex_of_driver,age_of_driver,age_band_of_driver,engine_capacity_cc,propulsion_code,age_of_vehicle,generic_make_model,driver_imd_decile,lsoa_of_driver,escooter_flag,driver_distance_banding
2024010497972,2024,010497972,1,1,9,99,99,9,9,99,99,9,9,99,9,99,9,1,6,6,1,31,6,-1,-1,-1,-1,4,E01003561,0,1
2024320383847,2024,320383847,1,9,0,13,13,7,3,0,0,0,0,0,0,0,0,1,6,6,3,-1,-1,-1,-1,-1,-1,-1,-1,0,-1
2024131464640,2024,131464640,1,1,0,-1,19,1,5,-1,0,0,0,0,0,0,1,1,-1,9,1,12,3,-1,-1,-1,-1,7,E01011829,0,1
2024070605782,2024,070605782,2,1,0,18,19,5,1,0,0,8,0,0,0,0,1,1,4,7,2,11,3,-1,-1,-1,-1,-1,-1,0,-1
2024061500867,2024,061500867,1,-1,0,-1,19,6,4,-1,0,6,0,0,0,0,1,1,-1,6,3,-1,-1,-1,-1,-1,-1,-1,-1,1,-1
2024052402185,2024,052402185,2,1,0,18,19,7,3,0,0,0,0,0,0,0,4,1,6,6,1,22,5,-1,-1,-1,-1,1,E01006821,0,4
2024311412245,2024,311412245,2,1,0,-1,19,6,8,-1,0,0,0,0,0,0,1,1,-1,9,1,10,2,-1,-1,-1,-1,1,E01027968,0,1
2024610018824,2024,610018824,2,3,0,18,19,4,8,0,0,0,0,0,0,0,3,1,6,6,1,39,7,-1,-1,-1,-1,1,W01001886,0,3
2024141494360,2024,141494360,1,9,0,-1,19,7,3,-1,0,0,0,0,0,0,2,1,-1,9,1,25,5,-1,-1,-1,-1,8,E01007678,0,1
2024531439312,2024,531439312,2,1,0,-1,19,4,8,-1,4,8,0,0,0,0,3,1,-1,6,1,50,8,-1,-1,-1,-1,8,E01022298,0,2
2024401479555,2024,401479555,1,99,0,-1,19,-1,-1,-1,0,0,0,0,0,0,1,9,-1,6,3,-1,-1,-1,-1,-1,-1,-1,-1,0,-1
2024010502468,2024,010502468,2,1,0,16,19,7,1,0,0,8,0,0,0,0,1,1,6,6,2,50,8,-1,-1,-1,-1,6,E01000803,0,2
2024221536023,2024,221536023,1,9,0,-1,19,6,2,-1,0,0,1,0,0,0,1,1,-1,6,1,60,9,-1,-1,-1,-1,9,E01029001,0,4
2024320545021,2024,320545021,4,9,0,2,2,0,0,0,0,0,0,0,0,0,3,1,6,6,3,-1,-1,-1,-1,-1,-1,-1,-1,0,-1
2024141448676,2024,141448676,1,97,0,-1,19,5,1,-1,0,2,5,0,1,0,1,1,-1,9,2,25,5,-1,-1,-1,-1,1,E01007542,0,2
2024991479213,2024,991479213,1,1,0,-1,19,5,1,-1,0,0,0,0,0,0,1,1,-1,2,1,54,8,-1,-1,-1,-1,9,-1,0,3
2024010490815,2024,010490815,1,11,9,99,99,9,9,99,99,9,9,99,9,99,9,1,6,6,3,-1,-1,-1,-1,-1,-1,-1,-1,0,-1
2024991472058,2024,991472058,1,99,0,-1,13,2,6,-1,0,0,0,0,0,0,1,9,-1,6,3,30,6,-1,-1,-1,-1,-1,-1,0,-1
2024010499203,2024,010499203,2,1,0,18,19,6,2,0,0,8,5,0,3,1,3,1,6,6,1,33,6,-1,-1,-1,-1,4,E01033710,0,1
2024010521821,2024,010521821,1,1,9,99,99,9,9,99,99,0,9,8,9,99,1,1,6,6,1,28,6,-1,-1,-1,-1,1,E01009182,0,5
2024010501902,2024,010501902,2,9,0,99,99,9,9,99,99,9,9,99,9,99,9,9,6,6,3,-1,-1,-1,-1,-1,-1,-1,-1,0,-1
2024101509302,2024,101509302,1,11,0,-1,2,0,0,-1,0,0,0,0,0,0,0,1,-1,1,3,-1,-1,-1,-1,-1,-1,-1,-1,0,-1
2024010570999,2024,010570999,2,8,0,99,99,9,9,99,99,0,9,99,9,99,1,9,6,6,3,-1,-1,-1,-1,-1,-1,-1,-1,0,-1
2024010530502,2024,010530502,1,1,0,14,14,3,7,0,0,1,0,0,0,0,1,1,1,1,1,27,6,-1,-1,-1,-1,2,E01003502,0,2
2024211458152,2024,211458152,2,97,0,-1,19,1,5,-1,0,0,0,0,0,0,1,1,-1,6,1,29,6,-1,-1,-1,-1,7,E01029764,0,1
2024010487523,2024,010487523,1,3,0,99,99,9,9,99,99,9,9,99,9,99,9,1,2,2,1,23,5,-1,-1,-1,-1,5,E01001393,0,2
2024311493424,2024,311493424,2,18,-1,-1,5,5,1,-1,1,1,0,0,0,0,1,1,-1,1,1,37,7,-1,-1,-1,-1,-1,-1,0,-1
2024161477808,2024,161477808,3,9,0,-1,9,5,3,-1,0,0,0,0,0,0,2,1,-1,6,1,25,5,-1,-1,-1,-1,6,E01012914,0,2
2024440432301,2024,440432301,1,9,0,18,19,4,8,9,9,0,0,0,0,0,1,1,6,6,1,-1,-1,-1,-1,-1,-1,-1,-1,0,-1
2024430469143,2024,430469143,1,9,0,18,19,2,6,0,0,8,0,0,0,0,1,1,6,6,2,-1,-1,-1,-1,-1,-1,-1,-1,0,-1
2024201533169,2024,201533169,2,9,0,-1,19,4,1,-1,0,1,0,0,0,0,1,9,-1,6,3,30,6,-1,-1,-1,-1,-1,-1,0,-1
2024161509350,2024,161509350,1,11,0,-1,7,2,5,-1,0,1,0,0,0,0,0,9,-1,1,1,49,8,-1,-1,-1,-1,8,E01012962,0,2
2024401471122,2024,401471122,2,1,0,-1,19,5,1,-1,9,0,0,0,0,0,2,1,-1,9,1,22,5,-1,-1,-1,-1,8,E01034415,0,1
2024201444197,2024,201444197,1,9,0,-1,19,6,2,-1,0,0,0,0,0,0,1,1,-1,6,3,-1,-1,-1,-1,-1,-1,-1,-1,0,-1
2024320756274,2024,320756274,1,9,0,-1,-1,2,6,0,0,0,0,0,7,9,1,2,-1,-1,1,22,5,-1,-1,-1,-1,9,E01012392,0,5
2024201493631,2024,201493631,2,9,0,-1,7,7,2,-1,0,6,5,10,1,0,1,9,-1,6,3,-1,-1,-1,-1,-1,-1,-1,-1,0,-1
2024010494538,2024,010494538,1,9,0,99,99,9,9,99,99,9,9,99,9,99,9,9,6,6,3,-1,-1,-1,-1,-1,-1,-1,-1,0,-1
2024010521135,2024,010521135,1,19,9,18,19,6,2,0,0,5,9,99,1,99,9,9,6,6,3,-1,-1,-1,-1,-1,-1,-1,-1,0,-1
2024471501662,2024,471501662,3,9,0,-1,4,1,5,-1,0,0,0,0,0,0,2,1,-1,1,1,51,8,-1,-1,-1,-1,4,E01031441,0,1
2024010516577,2024,010516577,2,1,0,8,8,6,1,0,0,1,0,0,0,0,3,1,6,6,1,30,6,-1,-1,-1,-1,4,E01002802,0,1
2024371494800,2024,371494800,2,1,0,-1,19,8,5,-1,0,8,0,0,0,0,2,1,-1,6,1,54,8,-1,-1,-1,-1,4,E01029918,0,1
202417S100924,2024,17S100924,1,97,0,18,19,5,1,0,0,1,0,0,0,0,1,1,6,6,3,-1,-1,-1,-1,-1,-1,-1,-1,0,-1
2024440054661,2024,440054661,2,9,0,18,19,5,1,0,0,4,0,0,0,0,1,1,6,6,3,-1,-1,-1,-1,-1,-1,-1,-1,0,-1
2024101409261,2024,101409261,1,1,0,-1,19,2,4,-1,0,8,0,0,0,0,0,1,-1,9,1,36,7,-1,-1,-1,-1,-1,-1,0,-1
202417L103624,2024,17L103624,3,9,0,-1,19,7,3,-1,0,0,0,0,0,0,1,1,-1,9,1,44,7,-1,-1,-1,-1,6,E01020822,0,4
2024371408644,2024,371408644,1,9,0,-1,19,7,3,-1,0,1,0,0,0,0,1,1,-1,6,1,37,7,-1,-1,-1,-1,5,E01030105,0,1
2024010505363,2024,010505363,1,1,9,18,19,9,9,4,4,0,9,99,9,99,1,1,6,6,2,43,7,-1,-1,-1,-1,6,E01001029,0,1
2024010521495,2024,010521495,1,1,0,18,19,5,1,0,0,8,0,0,0,0,4,1,6,6,2,25,5,-1,-1,-1,-1,10,E01003824,0,1
2024010496075,2024,010496075,1,9,0,9,9,5,3,0,0,5,0,0,9,0,4,1,6,6,2,35,6,-1,-1,-1,-1,2,E01000863,0,1
2024332400515,2024,332400515,1,9,0,-1,19,5,1,-1,0,4,0,0,2,2,1,1,-1,6,1,81,11,-1,-1,-1,-1,5,E01019428,0,4
2024520401294,2024,520401294,1,9,0,9,9,1,7,0,0,5,0,0,0,0,3,1,6,6,1,35,6,-1,-1,-1,-1,5,E01000469,0,5
2024041421556,2024,041421556,1,9,0,-1,9,7,5,-1,0,6,0,0,0,0,0,1,-1,9,2,79,11,-1,-1,-1,-1,3,E01025054,0,3
2024041478325,2024,041478325,1,1,0,-1,19,1,1,-1,0,8,0,0,0,0,1,1,-1,9,1,25,5,-1,-1,-1,-1,1,E01025186,0,1
2024010529312,2024,010529312,1,1,0,5,5,3,7,0,0,2,0,0,0,0,4,1,6,6,1,39,7,-1,-1,-1,-1,6,E01004046,0,1
2024161429098,2024,161429098,1,9,0,-1,19,7,3,-1,0,1,0,0,0,0,9,9,-1,6,3,-1,-1,-1,-1,-1,-1,-1,-1,0,-1
2024221405454,2024,221405454,1,9,0,-1,5,4,8,-1,0,6,0,0,0,0,3,9,-1,6,3,24,5,-1,-1,-1,-1,-1,-1,0,-1
2024010490925,2024,010490925,1,5,0,18,19,4,8,2,2,1,1,0,0,0,1,1,6,6,1,25,5,-1,-1,-1,-1,2,E01033327,0,1
2024430060891,2024,430060891,2,1,0,3,3,8,4,4,4,1,0,0,0,0,2,1,2,2,2,23,5,-1,-1,-1,-1,7,E01028521,0,1
2024522402840,2024,522402840,1,90,0,9,9,4,2,0,0,8,0,0,0,0,1,1,6,6,3,-1,-1,-1,-1,-1,-1,-1,-1,0,-1
2024401529288,2024,401529288,2,1,0,-1,19,5,1,-1,0,8,0,0,0,0,3,1,-1,2,1,23,5,-1,-1,-1,-1,5,E01017520,0,1
2024302401553,2024,302401553,1,9,0,4,4,2,6,0,0,1,0,0,0,0,1,1,6,6,3,-1,-1,-1,-1,-1,-1,5,E01019456,0,1
2024421490451,2024,421490451,2,1,0,-1,19,1,5,-1,0,1,0,0,0,0,1,1,-1,1,1,45,7,-1,-1,-1,-1,7,E01021635,0,1
2024010504641,2024,010504641,2,1,0,5,5,0,3,0,0,1,0,4,0,0,3,1,6,6,1,15,3,-1,-1,-1,-1,1,E01000521,0,1
2024061476280,2024,061476280,1,1,0,-1,19,-1,-1,-1,0,9,0,0,0,0,4,1,-1,2,1,33,6,-1,-1,-1,-1,4,E01005816,0,2
2024552500024,2024,552500024,1,97,0,14,14,5,1,0,0,0,0,0,0,0,0,1,6,6,3,-1,-1,-1,-1,-1,-1,-1,-1,0,-1
2024311470077,2024,311470077,1,10,0,-1,19,1,5,-1,2,0,0,0,0,0,0,1,-1,1,1,56,9,-1,-1,-1,-1,2,E01013834,0,1
2024010495515,2024,010495515,2,9,9,99,99,9,9,99,99,1,9,99,9,99,9,9,6,6,3,-1,-1,-1,-1,-1,-1,-1,-1,0,-1
2024311413966,2024,311413966,1,9,0,-1,19,7,3,-1,0,0,0,0,0,0,1,1,-1,1,2,57,9,-1,-1,-1,-1,4,E01013964,0,1
2024461464668,2024,461464668,1,9,0,-1,6,3,7,-1,0,0,0,0,0,0,3,1,-1,6,3,-1,-1,-1,-1,-1,-1,-1,-1,0,-1
2024131470443,2024,131470443,2,1,0,-1,19,2,6,-1,1,8,2,0,0,0,1,1,-1,9,1,40,7,-1,-1,-1,-1,8,E01011893,0,1
2024471403228,2024,471403228,1,9,0,-1,19,5,8,-1,0,0,1,0,7,11,1,1,-1,2,2,33,6,-1,-1,-1,-1,8,E01031757,0,1
2024520402254,2024,520402254,1,97,0,18,19,9,9,0,0,8,0,0,0,0,9,1,6,6,3,-1,-1,-1,-1,-1,-1,-1,-1,0,-1
2024010491646,2024,010491646,1,11,5,18,19,7,3,2,2,0,0,0,0,0,1,1,6,6,2,46,8,-1,-1,-1,-1,4,E01001323,0,3
2024501491154,2024,501491154,1,9,0,-1,9,1,7,-1,0,5,0,0,0,0,0,1,-1,1,1,38,7,-1,-1,-1,-1,5,E01020147,0,1
2024552401504,2024,552401504,1,9,0,4,4,6,2,0,0,8,0,0,4,1,1,1,6,6,2,21,5,-1,-1,-1,-1,5,E01020389,0,3
2024311418831,2024,311418831,2,1,0,-1,19,3,7,-1,0,1,0,0,0,0,1,1,-1,9,1,18,4,-1,-1,-1,-1,-1,-1,0,-1
2024052401911,2024,052401911,1,9,0,1,1,4,6,0,0,0,0,0,0,0,3,1,6,6,3,-1,-1,-1,-1,-1,-1,-1,-1,0,-1
2024501396524,2024,501396524,2,9,0,-1,19,2,6,-1,0,1,0,0,0,0,1,1,-1,6,2,18,4,-1,-1,-1,-1,2,E01015162,0,1
2024161503290,2024,161503290,2,9,0,-1,19,6,2,-1,0,0,0,0,0,0,1,1,-1,6,2,21,5,-1,-1,-1,-1,-1,-1,0,-1
2024522500310,2024,522500310,2,9,0,18,19,7,3,0,0,0,0,0,0,0,9,1,6,6,1,64,9,-1,-1,-1,-1,4,E01014527,0,2
2024622400855,2024,622400855,1,97,0,18,19,4,8,0,0,1,0,0,1,2,1,1,6,6,1,18,4,-1,-1,-1,-1,7,W01001000,0,3
2024010491039,2024,010491039,2,9,0,99,99,9,9,99,99,9,9,99,9,99,9,9,6,6,3,-1,-1,-1,-1,-1,-1,-1,-1,0,-1
2024010543169,2024,010543169,2,9,0,99,99,9,9,99,99,9,9,99,9,99,9,9,6,6,3,-1,-1,-1,-1,-1,-1,-1,-1,0,-1
2024302401537,2024,302401537,1,9,0,18,19,4,8,0,0,1,0,0,0,0,1,1,6,6,2,-1,-1,-1,-1,-1,-1,-1,-1,0,-1
2024010494932,2024,010494932,1,4,0,18,19,3,7,0,0,1,0,0,0,0,1,1,6,6,1,36,7,-1,-1,-1,-1,2,E01001144,0,2
2024010509139,2024,010509139,2,9,0,99,99,9,9,99,99,9,9,99,9,99,1,9,6,6,3,-1,-1,-1,-1,-1,-1,-1,-1,0,-1
2024010549507,2024,010549507,2,19,0,5,5,3,7,9,9,0,0,0,0,0,1,1,6,6,3,-1,-1,-1,-1,-1,-1,-1,-1,0,-1
2024010520152,2024,010520152,1,97,0,5,5,1,5,0,0,8,9,0,0,0,1,1,6,6,3,-1,-1,-1,-1,-1,-1,-1,-1,0,-1
2024041458870,2024,041458870,2,1,0,-1,19,5,1,-1,0,1,0,0,0,0,1,1,-1,6,3,-1,-1,-1,-1,-1,-1,-1,-1,0,-1
2024471469845,2024,471469845,2,4,0,-1,5,1,5,-1,0,1,0,0,0,0,3,1,-1,9,1,58,9,-1,-1,-1,-1,8,E01024203,0,4
2024320586075,2024,320586075,2,21,1,-1,-1,7,4,0,0,0,0,0,0,0,3,1,1,1,1,43,7,-1,-1,-1,-1,10,E01026233,0,1
202417L203024,2024,17L203024,2,9,0,18,19,0,0,0,0,1,0,0,0,0,1,1,6,6,1,66,10,-1,-1,-1,-1,7,E01027592,0,4
2024461517638,2024,461517638,1,21,1,-1,8,5,1,-1,0,0,0,0,0,0,3,9,-1,6,3,-1,-1,-1,-1,-1,-1,-1,-1,0,-1
2024471397706,2024,471397706,2,98,0,-1,19,5,1,-1,0,0,0,0,0,0,3,9,-1,6,3,-1,-1,-1,-1,-1,-1,-1,-1,0,-1
2024320041943,2024,320041943,4,9,0,2,2,0,0,0,0,0,0,0,0,0,2,1,6,6,3,-1,-1,-1,-1,-1,-1,-1,-1,0,-1
2024610018324,2024,610018324,2,9,0,16,19,5,8,0,0,0,0,0,0,0,1,1,6,6,1,42,7,-1,-1,-1,-1,2,W01001660,0,2
2024031466008,2024,031466008,2,9,0,-1,19,6,2,-1,0,1,0,0,0,0,1,1,-1,6,1,59,9,-1,-1,-1,-1,8,E01019374,0,4
2024610015224,2024,610015224,2,1,0,9,9,8,6,0,0,8,0,0,0,0,3,1,6,6,1,12,3,-1,-1,-1,-1,2,W01001467,0,1
2024010519552,2024,010519552,1,1,0,7,7,3,4,0,0,1,0,0,0,0,0,1,1,1,1,29,6,-1,-1,-1,-1,7,E01001228,0,1
2024311474030,2024,311474030,2,1,0,-1,5,5,1,-1,0,0,0,0,0,0,4,1,-1,9,1,29,6,-1,-1,-1,-1,-1,-1,0,-1
2024010543534,2024,010543534,1,-1,0,18,19,1,5,0,0,9,0,99,0,0,4,9,6,6,3,-1,-1,-1,-1,-1,-1,-1,-1,1,-1
2024430009006,2024,430009006,1,19,0,18,19,8,4,0,0,0,0,0,0,0,3,1,6,6,1,88,11,-1,-1,-1,-1,7,E01002334,0,4
2024522401598,2024,522401598,1,1,0,18,19,4,8,0,0,0,0,0,0,0,2,1,6,6,1,32,6,-1,-1,-1,-1,6,E01014733,0,1
2024010523129,2024,010523129,1,3,0,99,99,9,9,99,99,9,9,99,9,99,0,1,6,6,3,-1,-1,-1,-1,-1,-1,-1,-1,0,-1
2024430445851,2024,430445851,1,9,0,18,19,7,3,0,0,3,0,0,0,0,1,1,2,2,2,20,4,-1,-1,-1,-1,6,E01034291,0,3
2024201501084,2024,201501084,2,9,0,-1,19,6,2,-1,0,1,0,0,0,0,1,9,-1,6,1,33,6,-1,-1,-1,-1,1,E01010483,0,1
2024311456307,2024,311456307,2,1,0,-1,19,6,2,-1,5,0,0,0,0,0,1,1,-1,6,1,32,6,-1,-1,-1,-1,5,E01032172,0,5
2024411435214,2024,411435214,3,9,0,-1,-1,-1,-1,-1,-1,0,-1,-1,-1,0,-1,9,-1,6,3,-1,-1,-1,-1,-1,-1,-1,-1,0,-1
2024010488090,2024,010488090,1,9,0,9,9,5,2,0,0,1,0,0,0,0,1,1,6,6,1,34,6,-1,-1,-1,-1,2,E01004464,0,1
2024061499344,2024,061499344,2,19,0,-1,19,6,2,-1,0,8,0,0,0,0,2,2,-1,6,3,30,6,-1,-1,-1,-1,-1,-1,0,-1
2024010491478,2024,010491478,2,9,9,99,99,9,9,99,99,9,9,99,9,99,9,9,6,6,3,-1,-1,-1,-1,-1,-1,-1,-1,0,-1
2024522402873,2024,522402873,2,4,0,18,19,1,5,0,0,8,0,0,0,0,1,1,6,6,1,19,4,-1,-1,-1,-1,2,E01032517,0,1
2024320198273,2024,320198273,1,1,0,-1,-1,4,8,9,9,6,0,0,0,0,1,1,-1,-1,2,71,10,-1,-1,-1,-1,4,E01026025,0,1
2024991439570,2024,991439570,1,9,4,-1,7,6,8,-1,0,1,0,0,0,0,1,1,-1,9,1,70,10,-1,-1,-1,-1,8,-1,0,2
2024421509846,2024,421509846,2,1,0,-1,19,6,2,-1,0,0,0,0,0,0,3,1,-1,9,2,15,3,-1,-1,-1,-1,1,E01022031,0,1
2024010492253,2024,010492253,2,9,0,99,99,9,9,99,99,9,9,99,9,99,9,9,6,6,3,-1,-1,-1,-1,-1,-1,-1,-1,0,-1
2024010488300,2024,010488300,2,9,0,99,99,9,9,99,99,6,9,99,9,99,2,9,6,6,3,30,6,-1,-1,-1,-1,-1,-1,0,-1
2024361408065,2024,361408065,1,9,0,-1,19,-1,-1,-1,0,0,0,0,0,0,-1,9,-1,6,3,-1,-1,-1,-1,-1,-1,-1,-1,0,-1
2024010503019,2024,010503019,2,9,0,5,5,1,5,0,0,2,0,0,0,0,4,1,6,6,3,-1,-1,-1,-1,-1,-1,-1,-1,0,-1
2024141415334,2024,141415334,2,1,0,-1,19,2,2,-1,4,1,0,0,0,0,1,1,-1,2,1,32,6,-1,-1,-1,-1,4,E01007647,0,1
2024041494992,2024,041494992,3,9,0,-1,2,0,0,-1,0,0,0,0,0,0,1,1,-1,6,-1,-1,-1,-1,-1,-1,-1,-1,-1,0,-1
2024351460010,2024,351460010,1,1,0,-1,19,4,8,-1,0,1,5,0,1,0,3,1,-1,6,1,-1,-1,-1,-1,-1,-1,8,E01035514,0,1
2024041420371,2024,041420371,1,1,0,-1,5,7,3,-1,0,1,0,0,0,0,1,1,-1,9,1,14,3,-1,-1,-1,-1,1,E01012721,0,1
2024501415010,2024,501415010,1,9,0,-1,19,4,8,-1,0,0,0,0,0,0,1,9,-1,6,1,37,7,-1,-1,-1,-1,5,E01033289,0,1
2024070237924,2024,070237924,1,9,0,4,4,6,1,0,0,1,0,0,0,0,1,1,6,6,3,-1,-1,-1,-1,-1,-1,-1,-1,0,-1
2024010501835,2024,010501835,1,1,9,99,99,9,9,99,99,9,9,99,9,99,1,1,1,1,2,18,4,-1,-1,-1,-1,3,E01034038,0,1
2024010541454,2024,010541454,1,9,0,18,19,1,5,0,0,4,0,0,0,0,1,2,6,6,1,40,7,-1,-1,-1,-1,-1,-1,0,-1
2024311395165,2024,311395165,2,1,0,-1,19,2,6,-1,9,0,0,0,0,0,3,1,-1,9,2,3,1,-1,-1,-1,-1,2,E01028299,0,1
2024320489369,2024,320489369,2,9,0,10,10,7,4,0,0,8,0,0,0,0,2,1,-1,-1,2,39,7,-1,-1,-1,-1,1,E01019796,0,4
2024161424796,2024,161424796,1,9,0,-1,4,1,5,-1,0,0,0,0,0,0,1,9,-1,6,2,27,6,-1,-1,-1,-1,1,E01012894,0,1
2024052402789,2024,052402789,2,-1,0,18,19,8,4,0,0,8,0,0,0,0,3,1,6,6,1,31,6,-1,-1,-1,-1,1,E01006547,1,1
2024010497017,2024,010497017,1,8,0,99,99,9,9,99,99,9,9,99,9,99,9,9,6,6,1,43,7,-1,-1,-1,-1,2,E01003346,0,2
202417H101424,2024,17H101424,1,9,0,3,3,2,6,0,0,1,0,0,0,0,2,1,6,6,2,44,7,-1,-1,-1,-1,5,E01012046,0,3
2024371468717,2024,371468717,1,9,0,-1,5,7,3,-1,0,1,0,0,0,0,1,1,-1,2,1,19,4,-1,-1,-1,-1,10,E01030179,0,1
2024041398290,2024,041398290,1,-1,0,-1,19,4,8,-1,0,6,0,0,0,0,1,1,-1,9,1,16,4,-1,-1,-1,-1,3,E01024943,1,1
2024010523065,2024,010523065,2,11,0,18,19,5,1,0,0,1,0,99,9,99,9,1,1,1,3,47,8,-1,-1,-1,-1,2,E01001912,0,1
2024122400364,2024,122400364,1,9,0,18,19,1,5,0,0,0,0,0,0,0,1,1,6,6,2,28,6,-1,-1,-1,-1,6,E01027878,0,2
2024401451431,2024,401451431,2,9,0,-1,19,7,3,-1,0,0,0,0,0,0,2,1,-1,6,1,71,10,-1,-1,-1,-1,7,E01019419,0,5
2024430444816,2024,430444816,2,1,0,18,19,3,7,0,0,0,0,0,0,0,3,1,6,6,1,71,10,-1,-1,-1,-1,10,E01028644,0,1
2024010493683,2024,010493683,2,9,0,99,99,9,9,99,99,9,9,99,9,99,1,9,6,6,3,-1,-1,-1,-1,-1,-1,2,E01001010,0,1
2024010521749,2024,010521749,2,1,0,18,19,7,3,0,0,1,0,0,0,0,1,1,6,6,1,19,4,-1,-1,-1,-1,7,E01032646,0,1
2024010519516,2024,010519516,2,9,0,99,99,9,9,99,99,5,9,99,9,99,1,9,6,6,3,-1,-1,-1,-1,-1,-1,-1,-1,0,-1
2024440463459,2024,440463459,1,1,0,10,10,8,4,0,0,1,0,0,0,0,1,1,2,2,1,65,9,-1,-1,-1,-1,10,E01022837,0,1
2024010499210,2024,010499210,1,9,0,11,11,5,1,0,0,1,0,0,0,0,4,1,6,6,3,-1,-1,-1,-1,-1,-1,-1,-1,0,-1
2024311424388,2024,311424388,1,9,0,-1,9,6,4,-1,0,8,0,0,0,0,4,1,-1,2,1,50,8,-1,-1,-1,-1,1,E01013862,0,1
2024141506139,2024,141506139,2,1,0,-1,19,3,7,-1,4,1,0,0,0,0,1,1,-1,9,1,15,3,-1,-1,-1,-1,3,E01007528,0,1
2024451468504,2024,451468504,2,-1,0,-1,19,7,1,-1,9,8,0,0,0,0,1,9,-1,9,1,14,3,-1,-1,-1,-1,-1,-1,1,-1
2024010490074,2024,010490074,1,9,0,99,99,9,9,99,99,9,9,99,9,99,9,9,6,6,3,-1,-1,-1,-1,-1,-1,-1,-1,0,-1
2024010496656,2024,010496656,1,9,0,7,7,5,7,0,0,2,0,0,0,0,1,1,6,6,2,62,9,-1,-1,-1,-1,2,E01001330,0,1
2024401516723,2024,401516723,2,1,0,-1,19,6,2,-1,0,0,0,0,0,0,1,1,-1,6,1,60,9,-1,-1,-1,-1,5,E01015714,0,1
2024471498754,2024,471498754,1,9,0,-1,19,4,8,-1,0,0,0,0,0,0,1,1,-1,9,1,70,10,-1,-1,-1,-1,5,E01031465,0,4
2024332400634,2024,332400634,1,9,0,-1,19,2,6,-1,0,5,0,0,2,11,3,1,-1,6,1,59,9,-1,-1,-1,-1,9,E01025968,0,1
2024461452873,2024,461452873,2,21,1,-1,19,7,3,-1,0,0,0,0,0,0,1,9,-1,1,1,49,8,-1,-1,-1,-1,-1,-1,0,-1
2024451457483,2024,451457483,1,1,0,-1,19,1,5,-1,5,8,0,0,0,0,1,1,-1,7,1,11,3,-1,-1,-1,-1,7,E01030994,0,1
2024060120180,2024,060120180,3,9,0,18,19,5,1,0,0,0,0,0,0,0,1,1,2,2,1,51,8,-1,-1,-1,-1,-1,-1,0,-1
2024471471711,2024,471471711,1,1,0,-1,19,2,6,-1,0,0,0,0,0,0,4,1,-1,2,1,31,6,-1,-1,-1,-1,6,E01031656,0,3
2024631476686,2024,631476686,1,-1,0,-1,19,5,1,-1,0,0,0,10,7,10,3,1,-1,9,1,19,4,-1,-1,-1,-1,2,E01028967,1,4
2024010514151,2024,010514151,2,1,0,5,5,7,3,0,0,8,0,0,0,0,1,1,1,1,1,38,7,-1,-1,-1,-1,8,E01017813,0,2
2024061529137,2024,061529137,1,99,-1,-1,-1,-1,-1,-1,-1,0,-1,-1,-1,0,-1,9,-1,1,3,-1,-1,-1,-1,-1,-1,-1,-1,0,-1
2024451467413,2024,451467413,3,9,0,-1,99,5,1,-1,0,1,9,0,0,0,1,1,-1,6,3,50,8,-1,-1,-1,-1,-1,-1,0,-1
2024201461032,2024,201461032,2,-1,0,-1,19,8,4,-1,0,0,0,4,0,0,1,9,-1,6,1,16,4,-1,-1,-1,-1,2,E01009630,1,1
202417L103724,2024,17L103724,2,1,0,-1,19,6,2,-1,0,0,0,0,0,0,2,1,-1,9,1,68,10,-1,-1,-1,-1,-1,-1,0,-1
2024010511495,2024,010511495,1,9,9,99,99,9,9,99,99,6,9,99,9,99,9,9,6,6,2,-1,-1,-1,-1,-1,-1,-1,-1,0,-1
2024010531137,2024,010531137,2,1,0,6,6,1,1,0,0,0,0,0,0,0,0,1,1,1,1,41,7,-1,-1,-1,-1,4,E01003014,0,1
2024471457142,2024,471457142,1,1,0,-1,-1,-1,-1,-1,-1,0,-1,-1,-1,0,-1,1,-1,6,1,-1,-1,-1,-1,-1,-1,-1,-1,0,-1
2024340WN2702,2024,340WN2702,1,9,0,-1,19,4,8,-1,0,0,0,7,0,6,3,1,-1,9,2,24,5,-1,-1,-1,-1,9,E01027016,0,3
2024471445190,2024,471445190,1,9,0,-1,-1,-1,-1,-1,-1,0,-1,-1,-1,0,-1,9,-1,6,3,-1,-1,-1,-1,-1,-1,-1,-1,0,-1
2024411420653,2024,411420653,1,19,0,-1,19,3,7,-1,0,0,0,0,0,0,1,1,-1,6,1,32,6,-1,-1,-1,-1,-1,-1,0,-1
2024991506015,2024,991506015,1,9,0,-1,19,8,5,-1,0,8,2,0,0,0,4,1,-1,6,2,52,8,-1,-1,-1,-1,10,-1,0,4
2024010495171,2024,010495171,1,9,0,18,19,9,9,99,99,0,9,99,9,99,9,9,6,6,1,18,4,-1,-1,-1,-1,2,E01001388,0,1
2024430609037,2024,430609037,3,9,0,13,13,5,8,0,0,0,0,0,0,0,1,1,1,1,1,30,6,-1,-1,-1,-1,8,E01028666,0,3
2024411534285,2024,411534285,1,9,0,-1,7,5,1,-1,0,0,0,0,0,0,1,1,-1,6,1,36,7,-1,-1,-1,-1,9,E01023442,0,4
2024361519467,2024,361519467,1,-1,0,-1,19,2,6,-1,9,2,0,0,0,0,1,1,-1,6,1,44,7,-1,-1,-1,-1,10,E01026907,1,2
2024531517138,2024,531517138,1,9,0,-1,19,4,8,-1,9,0,0,0,0,0,4,9,-1,6,3,-1,-1,-1,-1,-1,-1,-1,-1,0,-1
2024201440221,2024,201440221,1,99,0,-1,7,6,1,-1,0,5,0,0,0,0,1,9,-1,6,3,-1,-1,-1,-1,-1,-1,-1,-1,0,-1