collision_index,collision_year,collision_ref_no,vehicle_reference,vehicle_type,towing_and_articulation,vehicle_manoeuvre_historic,vehicle_manoeuvre,vehicle_direction_from,vehicle_direction_to,vehicle_location_restricted_lane_historic,vehicle_location_restricted_lane,junction_location,skidding_and_overturning,hit_object_in_carriageway,vehicle_leaving_carriageway,hit_object_off_carriageway,first_point_of_impact,vehicle_left_hand_drive,journey_purpose_of_driver_historic,journey_purpose_of_driver,sex_of_driver,age_of_driver,age_band_of_driver,engine_capacity_cc,propulsion_code,age_of_vehicle,generic_make_model,driver_imd_decile,lsoa_of_driver,escooter_flag,driver_distance_banding
2024361473172,2024,361473172,1,1,0,-1,19,4,7,-1,0,0,5,0,0,0,1,1,-1,6,1,75,10,-1,-1,-1,-1,8,E01026571,0,1
2024610002624,2024,610002624,2,9,0,17,19,2,8,0,0,1,0,0,0,0,3,1,6,6,1,57,9,-1,-1,-1,-1,2,W01001866,0,1
2024430037480,2024,430037480,2,9,0,2,2,0,0,0,0,0,0,0,0,0,2,1,6,6,3,-1,-1,-1,-1,-1,-1,-1,-1,0,-1
2024161491851,2024,161491851,1,1,0,-1,19,2,6,-1,0,1,0,0,0,0,9,1,-1,6,2,68,10,-1,-1,-1,-1,3,E01013233,0,1
2024432406215,2024,432406215,1,-1,0,7,7,-1,-1,0,0,4,0,0,0,0,0,1,6,6,2,63,9,-1,-1,-1,-1,1,E01016844,0,1
2024610016724,2024,610016724,2,9,0,18,19,6,2,0,0,1,0,0,0,0,4,1,6,6,1,79,11,-1,-1,-1,-1,2,W01001614,0,2
2024311480084,2024,311480084,2,9,-1,-1,9,7,3,-1,0,5,0,0,0,0,2,9,-1,1,1,39,7,-1,-1,-1,-1,4,E01028343,0,1
2024131413690,2024,131413690,1,9,0,-1,1,8,4,-1,9,0,0,0,0,0,2,1,-1,6,3,-1,-1,-1,-1,-1,-1,-1,-1,0,-1
2024361492304,2024,361492304,1,1,0,-1,19,3,7,-1,0,0,5,0,0,0,4,1,-1,9,1,10,2,-1,-1,-1,-1,8,E01026432,0,1
2024440504872,2024,440504872,2,9,0,4,4,5,1,0,0,0,0,0,0,0,1,1,6,6,1,-1,-1,-1,-1,-1,-1,-1,-1,0,-1
2024010489674,2024,010489674,1,9,0,99,99,9,9,99,99,9,9,99,9,99,0,9,6,6,2,40,7,-1,-1,-1,-1,5,E01000932,0,1
2024131465988,2024,131465988,2,1,0,-1,19,1,5,-1,0,8,2,0,0,0,1,1,-1,1,1,32,6,-1,-1,-1,-1,3,E01011488,0,1
2024991518985,2024,991518985,1,9,0,-1,19,3,7,-1,0,1,0,0,0,0,1,1,-1,6,2,37,7,-1,-1,-1,-1,7,-1,0,2
2024010532016,2024,010532016,2,1,0,18,19,7,3,2,2,1,0,0,0,0,3,1,6,6,1,16,4,-1,-1,-1,-1,2,E01003048,0,1
2024302400042,2024,302400042,1,11,0,16,19,8,4,0,0,0,0,0,0,0,3,1,1,1,1,59,9,-1,-1,-1,-1,7,E01019419,0,4
2024440288207,2024,440288207,2,1,0,9,9,3,1,0,0,4,0,0,0,0,3,1,6,6,2,56,9,-1,-1,-1,-1,-1,-1,0,-1
2024501449166,2024,501449166,2,19,0,-1,12,4,2,-1,0,0,0,0,0,0,1,2,-1,9,1,63,9,-1,-1,-1,-1,5,E01018946,0,1
2024201488646,2024,201488646,1,98,0,-1,13,8,4,-1,0,0,0,0,0,0,1,1,-1,6,3,-1,-1,-1,-1,-1,-1,-1,-1,0,-1
2024320110701,2024,320110701,1,9,0,-1,-1,2,6,0,0,0,0,0,0,0,0,1,6,6,3,-1,-1,-1,-1,-1,-1,-1,-1,0,-1
2024340WN4892,2024,340WN4892,1,19,0,-1,13,1,5,-1,0,8,0,0,0,0,1,1,-1,9,1,60,9,-1,-1,-1,-1,6,E01027030,0,2
2024501475783,2024,501475783,1,9,0,-1,19,6,2,-1,0,0,0,12,0,0,1,1,-1,9,2,23,5,-1,-1,-1,-1,7,E01032628,0,3
2024371510232,2024,371510232,2,1,0,-1,19,1,5,-1,0,1,0,0,0,0,1,1,-1,6,2,59,9,-1,-1,-1,-1,4,E01030022,0,1
2024010544856,2024,010544856,2,1,0,18,19,7,3,0,0,2,5,0,0,0,1,1,4,7,1,17,4,-1,-1,-1,-1,3,E01001980,0,1
2024010520178,2024,010520178,2,1,0,3,3,6,2,0,0,1,0,0,3,0,4,1,6,6,2,20,4,-1,-1,-1,-1,5,E01033884,0,1
2024340WN3952,2024,340WN3952,1,9,0,-1,9,3,5,-1,0,0,0,0,0,0,1,1,-1,2,1,-1,-1,-1,-1,-1,-1,-1,-1,0,-1
2024010518444,2024,010518444,2,9,0,4,4,1,5,0,0,0,0,0,0,0,2,1,6,6,2,34,6,-1,-1,-1,-1,3,E01001645,0,2
2024421417863,2024,421417863,2,-1,0,-1,19,5,1,-1,9,0,0,0,0,0,1,1,-1,6,1,17,4,-1,-1,-1,-1,8,E01033612,1,1
2024461440004,2024,461440004,1,9,0,-1,7,1,2,-1,0,2,0,0,0,0,1,1,-1,9,1,80,11,-1,-1,-1,-1,10,E01032826,0,3
2024340WN6592,2024,340WN6592,1,9,0,-1,19,7,3,-1,0,1,0,0,0,0,1,1,-1,6,2,47,8,-1,-1,-1,-1,-1,-1,0,-1
2024531461932,2024,531461932,2,19,0,-1,19,5,1,-1,0,0,0,0,0,0,0,9,-1,6,3,-1,-1,-1,-1,-1,-1,-1,-1,0,-1
2024141428658,2024,141428658,1,9,0,-1,19,5,1,-1,0,1,0,0,0,0,1,1,-1,9,2,51,8,-1,-1,-1,-1,4,E01007537,0,1
2024520401176,2024,520401176,3,9,0,9,9,1,7,0,0,8,0,0,0,0,0,1,6,6,2,36,7,-1,-1,-1,-1,7,E01029063,0,1
2024010497296,2024,010497296,1,4,0,99,99,9,9,99,99,9,9,99,9,99,9,1,6,6,1,76,11,-1,-1,-1,-1,9,E01002952,0,2
2024010524276,2024,010524276,1,1,9,99,99,9,9,99,99,0,9,8,9,99,9,1,2,2,1,45,7,-1,-1,-1,-1,5,E01003134,0,2
2024010523097,2024,010523097,1,19,0,18,19,5,1,0,0,0,0,0,0,0,0,1,6,6,3,44,7,-1,-1,-1,-1,-1,-1,0,-1
2024010493857,2024,010493857,2,9,0,18,19,3,7,0,0,4,0,0,0,0,1,1,6,6,2,27,6,-1,-1,-1,-1,3,E01001053,0,2
2024052401142,2024,052401142,1,5,0,18,19,8,4,0,0,0,1,0,0,0,0,1,6,6,1,50,8,-1,-1,-1,-1,6,E01012426,0,2
2024430172374,2024,430172374,1,9,0,4,4,4,8,0,0,0,0,0,0,0,2,1,6,6,2,57,9,-1,-1,-1,-1,8,E01017750,0,2
2024371510295,2024,371510295,1,90,0,-1,5,1,1,-1,0,0,0,0,1,0,1,2,-1,6,3,-1,-1,-1,-1,-1,-1,-1,-1,0,-1
2024421461862,2024,421461862,1,1,0,-1,19,6,2,-1,0,0,0,0,0,0,1,1,-1,6,1,15,3,-1,-1,-1,-1,1,E01016006,0,1
2024411541112,2024,411541112,3,9,0,-1,11,1,5,-1,0,0,0,0,0,0,1,1,-1,6,2,41,7,-1,-1,-1,-1,2,E01033151,0,4
2024010546006,2024,010546006,2,1,0,-1,-1,1,5,0,0,3,0,0,0,0,2,1,6,6,2,48,8,-1,-1,-1,-1,7,E01003888,0,1
2024461503409,2024,461503409,2,4,0,-1,19,7,3,-1,0,4,0,0,0,0,3,1,-1,9,1,76,11,-1,-1,-1,-1,4,E01024698,0,2
2024201458957,2024,201458957,2,9,0,-1,5,1,5,-1,9,1,0,0,0,0,1,9,-1,6,3,-1,-1,-1,-1,-1,-1,-1,-1,0,-1
2024401419757,2024,401419757,1,11,-1,-1,-1,-1,-1,-1,-1,0,-1,-1,-1,0,-1,9,-1,6,3,-1,-1,-1,-1,-1,-1,-1,-1,0,-1
202454B456424,2024,54B456424,1,90,0,6,6,1,5,0,0,8,0,0,0,0,1,1,1,1,1,41,7,-1,-1,-1,-1,5,E01032384,0,4
2024131528894,2024,131528894,1,9,0,-1,-1,-1,-1,-1,-1,0,-1,-1,-1,-1,-1,1,-1,6,3,-1,-1,-1,-1,-1,-1,-1,-1,0,-1
2024010495182,2024,010495182,2,9,9,99,99,9,9,0,0,9,9,0,0,0,9,1,6,6,1,21,5,-1,-1,-1,-1,4,E01001406,0,2
2024010492920,2024,010492920,2,-1,0,15,15,5,1,0,0,2,0,0,0,0,2,1,6,6,2,19,4,-1,-1,-1,-1,4,E01000947,1,1
2024991400079,2024,991400079,2,9,0,-1,19,6,2,-1,0,1,0,0,0,0,1,1,-1,6,1,32,6,-1,-1,-1,-1,3,-1,0,3
2024430479079,2024,430479079,1,-1,0,18,19,2,6,0,0,0,0,0,0,0,3,1,6,6,1,18,4,-1,-1,-1,-1,9,E01016238,1,1
2024520401479,2024,520401479,2,9,0,9,9,8,5,0,0,8,0,0,0,0,1,1,6,6,1,77,11,-1,-1,-1,-1,4,E01029334,0,2
2024221489521,2024,221489521,2,1,0,-1,19,7,4,-1,0,0,0,0,0,0,1,1,-1,2,1,22,5,-1,-1,-1,-1,6,E01032374,0,1
2024161422529,2024,161422529,1,1,0,-1,9,1,7,-1,9,5,0,0,0,0,4,1,-1,6,1,36,7,-1,-1,-1,-1,1,E01012903,0,1
2024471472010,2024,471472010,3,9,0,-1,3,8,4,-1,0,1,1,0,0,0,2,1,-1,6,2,45,7,-1,-1,-1,-1,7,E01021110,0,2
2024991478191,2024,991478191,2,1,0,-1,19,5,1,-1,0,8,0,0,0,0,1,1,-1,9,1,47,8,-1,-1,-1,-1,10,-1,0,1
2024010543455,2024,010543455,1,97,0,99,99,9,9,99,99,9,9,99,9,99,1,1,6,6,3,-1,-1,-1,-1,-1,-1,-1,-1,0,-1
2024010535156,2024,010535156,2,9,0,99,99,9,9,99,99,0,9,99,9,99,9,9,6,6,3,-1,-1,-1,-1,-1,-1,-1,-1,0,-1
2024302401319,2024,302401319,2,-1,0,18,19,5,1,0,0,1,0,0,0,0,4,1,6,6,1,32,6,-1,-1,-1,-1,-1,-1,1,-1
2024010490861,2024,010490861,1,9,0,17,19,5,1,0,0,1,0,10,3,10,0,1,6,6,2,30,6,-1,-1,-1,-1,6,E01004174,0,2
2024991487020,2024,991487020,1,9,0,-1,13,7,2,-1,0,0,0,0,0,0,1,1,-1,6,1,37,7,-1,-1,-1,-1,9,-1,0,1
2024361425819,2024,361425819,2,1,0,-1,5,2,6,-1,9,6,0,0,0,0,3,1,-1,6,1,11,3,-1,-1,-1,-1,2,E01026865,0,1
2024311470540,2024,311470540,1,97,0,-1,9,8,4,-1,0,1,1,0,1,0,1,1,-1,6,1,18,4,-1,-1,-1,-1,2,E01013813,0,1
2024010541715,2024,010541715,1,1,0,18,19,1,5,0,0,9,0,99,9,99,9,1,6,6,2,27,6,-1,-1,-1,-1,10,E01003891,0,2
2024010489490,2024,010489490,1,9,0,18,19,3,7,0,0,3,0,0,0,0,1,1,6,6,3,-1,-1,-1,-1,-1,-1,-1,-1,0,-1
2024010488711,2024,010488711,2,11,0,4,4,3,7,0,0,0,0,0,0,0,1,1,1,1,1,52,8,-1,-1,-1,-1,6,E01034999,0,4
2024440492641,2024,440492641,1,9,0,9,9,7,5,0,0,5,0,0,0,0,3,1,6,6,1,-1,-1,-1,-1,-1,-1,-1,-1,0,-1
2024311518619,2024,311518619,1,19,0,-1,19,8,4,-1,0,0,0,0,0,0,1,1,-1,1,1,22,5,-1,-1,-1,-1,9,E01028292,0,1
2024010513339,2024,010513339,2,9,0,99,99,9,9,99,99,9,9,99,9,99,1,9,6,6,3,-1,-1,-1,-1,-1,-1,-1,-1,0,-1
2024430297318,2024,430297318,1,21,0,12,12,1,5,0,0,0,0,0,0,0,1,2,1,1,1,51,8,-1,-1,-1,-1,-1,-1,0,-1
2024052401699,2024,052401699,2,1,0,18,19,7,3,0,0,1,0,0,0,0,1,1,6,6,1,57,9,-1,-1,-1,-1,4,E01007053,0,3
2024101450013,2024,101450013,2,98,0,-1,19,1,5,-1,0,1,0,0,0,0,1,1,-1,8,3,50,8,-1,-1,-1,-1,2,E01008166,0,1
2024302401165,2024,302401165,1,1,0,18,19,1,5,0,0,2,0,0,0,0,3,1,6,6,3,-1,-1,-1,-1,-1,-1,5,E01019456,0,3
2024522500274,2024,522500274,1,1,0,18,19,5,1,4,4,0,0,0,0,0,2,1,6,6,2,36,7,-1,-1,-1,-1,2,E01033361,0,1
2024131484748,2024,131484748,2,1,0,-1,19,7,3,-1,0,8,0,0,0,0,3,1,-1,2,1,61,9,-1,-1,-1,-1,10,E01011452,0,1
2024010487044,2024,010487044,2,8,0,7,7,5,7,0,0,5,0,0,0,0,0,2,1,1,1,65,9,-1,-1,-1,-1,3,E01001011,0,3
2024302400157,2024,302400157,2,9,0,18,19,5,1,0,0,0,0,0,0,0,1,1,6,6,2,61,9,-1,-1,-1,-1,10,E01013465,0,1
2024010535652,2024,010535652,1,1,9,99,99,9,9,99,99,9,9,99,9,99,9,1,6,6,1,36,7,-1,-1,-1,-1,3,E01000502,0,1
2024541201124,2024,541201124,2,9,0,18,19,4,8,0,0,0,0,0,0,0,1,1,6,6,1,68,10,-1,-1,-1,-1,10,E01032009,0,1
2024451496343,2024,451496343,2,98,0,-1,19,5,1,-1,0,8,0,0,0,0,3,1,-1,2,1,36,7,-1,-1,-1,-1,4,E01030827,0,1
2024545032624,2024,545032624,1,9,0,18,19,5,1,0,0,8,0,0,0,0,3,1,6,6,1,54,8,-1,-1,-1,-1,8,E01033849,0,1
2024010543250,2024,010543250,1,9,0,99,99,9,9,99,99,9,9,99,9,99,9,9,6,6,3,-1,-1,-1,-1,-1,-1,-1,-1,0,-1
2024052401379,2024,052401379,1,9,0,7,7,8,4,0,0,3,0,0,0,0,4,1,6,6,3,-1,-1,-1,-1,-1,-1,-1,-1,0,-1
2024101534806,2024,101534806,1,9,-1,-1,9,3,1,-1,0,5,0,0,0,0,1,9,-1,6,1,70,10,-1,-1,-1,-1,-1,-1,0,-1
2024010488177,2024,010488177,1,9,0,99,99,9,9,99,99,9,9,99,9,99,3,9,6,6,2,44,7,-1,-1,-1,-1,2,E01001364,0,1
2024545410324,2024,545410324,2,1,0,14,14,6,2,0,0,0,0,4,0,0,1,1,6,6,1,76,11,-1,-1,-1,-1,7,E01032079,0,1
2024010512565,2024,010512565,2,9,0,4,4,9,9,99,99,1,9,99,9,99,2,9,6,6,3,-1,-1,-1,-1,-1,-1,-1,-1,0,-1
2024991509400,2024,991509400,2,9,0,-1,19,8,4,-1,0,8,0,0,0,0,1,1,-1,9,2,65,9,-1,-1,-1,-1,10,-1,0,1
2024430445854,2024,430445854,2,1,0,7,7,1,4,4,4,6,0,0,0,0,3,1,6,6,1,25,5,-1,-1,-1,-1,-1,-1,0,-1
2024501472243,2024,501472243,1,1,0,-1,19,7,3,-1,0,0,2,10,0,0,4,1,-1,6,1,39,7,-1,-1,-1,-1,7,E01018813,0,4
2024101521029,2024,101521029,1,9,-1,-1,3,1,7,-1,0,6,0,0,0,0,-1,9,-1,6,3,-1,-1,-1,-1,-1,-1,-1,-1,0,-1
2024451442370,2024,451442370,2,9,0,-1,4,7,3,-1,5,0,0,0,0,0,2,1,-1,9,1,62,9,-1,-1,-1,-1,5,E01030974,0,1
2024520401267,2024,520401267,2,9,0,4,4,1,5,0,0,0,0,0,0,0,2,1,6,6,1,50,8,-1,-1,-1,-1,4,E01029137,0,1
2024041512843,2024,041512843,1,9,0,-1,19,7,3,-1,0,4,0,0,0,0,1,1,-1,2,2,42,7,-1,-1,-1,-1,7,E01012717,0,2
2024010513773,2024,010513773,2,1,0,18,19,7,3,0,0,1,0,0,0,0,3,1,6,6,1,15,3,-1,-1,-1,-1,5,E01032785,0,1
2024320441967,2024,320441967,1,9,0,-1,-1,2,6,0,0,1,0,0,0,0,1,1,6,6,3,-1,-1,-1,-1,-1,-1,-1,-1,0,-1
2024471499305,2024,471499305,1,9,0,-1,9,3,7,-1,0,5,1,0,0,0,1,1,-1,9,1,78,11,-1,-1,-1,-1,9,E01031612,0,1
2024041423806,2024,041423806,1,9,0,-1,19,5,1,-1,0,0,0,0,0,0,2,1,-1,9,2,60,9,-1,-1,-1,-1,8,E01025913,0,5
2024052401144,2024,052401144,2,9,0,18,19,2,6,0,0,0,0,0,0,0,1,1,6,6,3,-1,-1,-1,-1,-1,-1,-1,-1,0,-1
2024010519173,2024,010519173,2,1,0,18,19,5,1,9,9,1,0,0,0,0,1,1,6,6,1,29,6,-1,-1,-1,-1,3,E01003520,0,1
2024440531841,2024,440531841,1,5,0,14,14,7,3,0,0,0,0,0,0,0,1,1,2,2,1,32,6,-1,-1,-1,-1,5,E01017136,0,2
2024010517796,2024,010517796,1,9,0,6,6,3,3,0,0,8,0,0,0,0,1,1,6,6,3,-1,-1,-1,-1,-1,-1,-1,-1,0,-1
2024201530630,2024,201530630,1,9,0,-1,5,2,1,-1,0,1,0,0,0,0,1,9,-1,6,1,30,6,-1,-1,-1,-1,-1,-1,0,-1
2024231431396,2024,231431396,2,9,0,-1,13,1,5,-1,0,0,0,0,0,0,1,9,-1,1,3,45,7,-1,-1,-1,-1,-1,-1,0,-1
2024010516944,2024,010516944,2,-1,0,17,19,4,1,0,0,5,0,0,0,0,2,1,3,7,2,36,7,-1,-1,-1,-1,4,E01000428,1,1
2024461489102,2024,461489102,2,1,0,-1,19,7,3,-1,0,1,0,0,0,0,1,1,-1,6,1,-1,-1,-1,-1,-1,-1,-1,-1,0,-1
2024201518934,2024,201518934,1,8,0,-1,9,7,5,-1,0,1,0,0,0,0,1,1,-1,6,1,-1,-1,-1,-1,-1,-1,-1,-1,0,-1
2024201464041,2024,201464041,3,9,0,-1,4,2,6,-1,0,1,0,4,0,0,2,1,-1,9,1,78,11,-1,-1,-1,-1,-1,-1,0,-1
2024201486213,2024,201486213,2,1,0,-1,3,8,4,-1,0,8,0,0,0,0,2,1,-1,6,1,16,4,-1,-1,-1,-1,1,E01033888,0,1
2024010518428,2024,010518428,2,9,0,99,99,9,9,99,99,9,9,99,9,99,1,9,6,6,3,-1,-1,-1,-1,-1,-1,-1,-1,0,-1
2024461480134,2024,461480134,1,1,0,-1,19,7,3,-1,0,0,0,10,1,11,0,1,-1,2,1,29,6,-1,-1,-1,-1,4,E01024705,0,1
2024430422779,2024,430422779,2,19,0,16,19,1,4,0,0,2,0,0,0,0,3,1,6,6,3,-1,-1,-1,-1,-1,-1,-1,-1,0,-1
2024501515813,2024,501515813,1,9,0,-1,19,2,6,-1,0,0,0,0,7,9,3,1,-1,2,1,48,8,-1,-1,-1,-1,8,E01018811,0,2
2024010490510,2024,010490510,1,19,0,6,6,5,5,0,0,1,0,0,0,0,1,1,1,1,1,34,6,-1,-1,-1,-1,-1,-1,0,-1
2024522402378,2024,522402378,1,1,0,18,19,3,7,0,0,0,0,8,0,0,4,1,6,6,1,46,8,-1,-1,-1,-1,8,E01014514,0,1
2024440037210,2024,440037210,2,9,0,9,9,6,4,0,0,8,0,0,0,0,1,1,6,6,1,26,6,-1,-1,-1,-1,8,E01023051,0,1
2024332401087,2024,332401087,1,19,0,-1,1,3,7,-1,0,2,0,0,0,0,2,1,-1,6,3,-1,-1,-1,-1,-1,-1,-1,-1,0,-1
2024201443820,2024,201443820,1,9,0,-1,19,1,5,-1,0,8,0,10,2,0,1,9,-1,6,1,-1,-1,-1,-1,-1,-1,3,E01010382,0,1
2024991568251,2024,991568251,2,9,0,-1,19,3,7,-1,0,0,0,0,0,0,1,1,-1,9,1,67,10,-1,-1,-1,-1,2,-1,0,4
2024201526020,2024,201526020,1,19,0,-1,9,4,2,-1,0,0,0,0,0,0,1,9,-1,6,1,40,7,-1,-1,-1,-1,-1,-1,0,-1
2024340WN6952,2024,340WN6952,2,9,0,-1,19,3,7,-1,0,0,0,0,7,0,1,1,-1,2,2,27,6,-1,-1,-1,-1,7,E01032967,0,3
2024302400131,2024,302400131,1,9,0,4,4,6,1,0,0,8,0,0,0,0,2,1,2,2,2,26,6,-1,-1,-1,-1,-1,-1,0,-1
2024061461721,2024,061461721,3,90,0,-1,19,3,3,-1,0,8,0,0,0,0,4,1,-1,1,1,57,9,-1,-1,-1,-1,-1,-1,0,-1
2024010502092,2024,010502092,1,-1,0,18,19,3,7,99,99,9,0,12,9,99,9,1,6,6,3,-1,-1,-1,-1,-1,-1,-1,-1,1,-1
2024451451015,2024,451451015,1,16,0,-1,19,5,1,-1,0,1,0,0,0,0,0,1,-1,9,2,11,3,-1,-1,-1,-1,10,E01004154,0,2
2024361489843,2024,361489843,1,9,0,-1,19,3,7,-1,0,2,1,0,0,0,1,1,-1,1,1,54,8,-1,-1,-1,-1,2,E01026630,0,3
2024471411677,2024,471411677,2,1,0,-1,19,2,6,-1,0,2,0,0,0,0,2,1,-1,6,1,49,8,-1,-1,-1,-1,5,E01021000,0,1
2024320517276,2024,320517276,3,9,0,-1,-1,8,4,0,0,2,0,0,0,0,3,1,6,6,3,-1,-1,-1,-1,-1,-1,-1,-1,0,-1
2024010544309,2024,010544309,1,1,0,-1,-1,3,7,5,5,9,9,0,0,0,9,1,6,6,1,48,8,-1,-1,-1,-1,5,E01003034,0,1
2024501529492,2024,501529492,2,1,0,-1,19,6,3,-1,0,8,5,0,0,0,0,1,-1,2,2,31,6,-1,-1,-1,-1,6,E01018794,0,1
2024010523939,2024,010523939,2,1,0,9,9,7,5,0,0,8,5,0,0,0,3,1,6,6,1,35,6,-1,-1,-1,-1,4,E01003118,0,1
2024461431481,2024,461431481,1,4,0,-1,7,5,7,-1,0,5,5,0,7,0,1,1,-1,9,1,21,5,-1,-1,-1,-1,3,E01024309,0,1
2024340WN6722,2024,340WN6722,1,-1,0,-1,19,9,9,-1,9,0,0,0,0,0,1,1,-1,6,1,-1,-1,-1,-1,-1,-1,-1,-1,1,-1
2024010515181,2024,010515181,1,1,9,99,99,9,9,99,99,9,9,99,9,99,1,1,2,2,1,30,6,-1,-1,-1,-1,6,E01002006,0,1
2024522403437,2024,522403437,1,9,0,9,9,3,1,0,0,5,0,0,0,0,4,1,6,6,1,26,6,-1,-1,-1,-1,5,E01014057,0,4
2024430566427,2024,430566427,1,9,0,18,19,2,6,0,0,0,0,0,0,0,4,1,6,6,3,-1,-1,-1,-1,-1,-1,-1,-1,0,-1
2024411534981,2024,411534981,1,19,-1,-1,7,-1,-1,-1,-1,6,0,0,0,0,1,9,-1,6,1,-1,-1,-1,-1,-1,-1,-1,-1,0,-1
2024010487746,2024,010487746,5,9,0,2,2,0,0,0,0,0,0,0,0,0,2,1,6,6,3,-1,-1,-1,-1,-1,-1,-1,-1,0,-1
2024010549799,2024,010549799,1,1,9,18,19,9,9,99,99,9,9,99,9,99,9,1,2,2,1,38,7,-1,-1,-1,-1,5,E01003449,0,2
2024430523068,2024,430523068,1,9,0,18,19,7,3,0,0,1,0,0,0,0,0,1,6,6,3,-1,-1,-1,-1,-1,-1,-1,-1,0,-1
2024221516190,2024,221516190,2,9,0,-1,19,5,1,-1,0,8,0,0,0,0,4,9,-1,6,1,21,5,-1,-1,-1,-1,4,E01014003,0,3
2024010492800,2024,010492800,1,9,0,9,9,1,6,0,0,1,0,0,0,0,3,1,6,6,1,56,9,-1,-1,-1,-1,3,E01002612,0,4
2024010522502,2024,010522502,2,2,0,18,19,5,1,8,6,5,0,0,0,0,1,1,6,6,1,23,5,-1,-1,-1,-1,-1,-1,0,-1
2024451409051,2024,451409051,2,9,0,-1,19,1,3,-1,0,0,0,0,0,0,1,9,-1,6,3,-1,-1,-1,-1,-1,-1,-1,-1,0,-1
2024461504384,2024,461504384,1,9,-1,-1,-1,-1,-1,-1,-1,0,-1,-1,-1,0,-1,9,-1,6,3,-1,-1,-1,-1,-1,-1,-1,-1,0,-1
2024010526507,2024,010526507,2,9,0,99,99,9,9,99,99,9,9,99,9,99,0,9,6,6,2,-1,-1,-1,-1,-1,-1,-1,-1,0,-1
2024010489801,2024,010489801,1,19,0,9,9,7,5,0,0,6,0,0,0,0,1,1,1,1,1,42,7,-1,-1,-1,-1,2,E01001479,0,1
2024010523411,2024,010523411,2,1,5,5,5,1,5,0,0,8,0,0,0,0,1,1,2,2,2,40,7,-1,-1,-1,-1,3,E01003221,0,1
2024010535000,2024,010535000,2,9,9,99,99,9,9,99,99,9,9,99,9,99,1,9,6,6,1,-1,-1,-1,-1,-1,-1,9,E01013488,0,5
2024070543062,2024,070543062,2,1,0,18,19,2,6,9,9,5,0,0,0,0,1,1,2,2,1,18,4,-1,-1,-1,-1,3,E01018446,0,1
2024401490548,2024,401490548,1,9,0,-1,19,3,7,-1,0,2,0,0,1,0,1,1,-1,1,1,62,9,-1,-1,-1,-1,5,E01015714,0,1
202454C912924,2024,54C912924,2,1,0,16,19,1,3,0,0,0,0,0,0,0,0,1,6,6,1,13,3,-1,-1,-1,-1,9,E01031955,0,1
2024052400943,2024,052400943,2,9,0,4,4,7,3,0,0,0,0,0,0,0,2,1,6,6,1,40,7,-1,-1,-1,-1,1,E01006443,0,1
2024411489388,2024,411489388,1,9,0,-1,19,7,3,-1,0,1,0,0,0,0,2,1,-1,6,1,59,9,-1,-1,-1,-1,8,E01023910,0,2
2024991442487,2024,991442487,2,9,0,-1,19,6,8,-1,0,1,0,0,0,0,1,1,-1,9,1,18,4,-1,-1,-1,-1,-1,-1,0,-1
2024440233398,2024,440233398,1,9,0,3,3,5,1,0,0,0,0,0,0,0,2,1,1,1,1,74,10,-1,-1,-1,-1,9,E01023059,0,2
2024010489427,2024,010489427,2,9,0,99,99,9,9,99,99,9,9,99,9,99,1,9,6,6,3,-1,-1,-1,-1,-1,-1,-1,-1,0,-1
2024501400516,2024,501400516,2,9,0,-1,19,2,6,-1,0,0,0,0,7,0,1,1,-1,9,1,85,11,-1,-1,-1,-1,9,E01033235,0,1
2024070914310,2024,070914310,1,9,0,-1,3,3,7,-1,0,0,1,0,2,0,2,1,-1,2,1,36,7,-1,-1,-1,-1,9,W01000266,0,3
2024320612162,2024,320612162,2,9,0,9,9,4,2,0,0,5,0,0,0,0,3,1,-1,-1,1,23,5,-1,-1,-1,-1,-1,-1,0,-1
2024010491748,2024,010491748,1,9,0,3,3,5,1,0,0,8,0,0,0,0,2,1,6,6,1,48,8,-1,-1,-1,-1,4,E01001061,0,2
2024141494542,2024,141494542,1,1,0,-1,19,1,1,-1,0,0,0,0,0,0,1,1,-1,9,1,42,7,-1,-1,-1,-1,1,E01007317,0,1
2024131461069,2024,131461069,1,9,0,-1,19,2,6,-1,0,8,0,0,0,0,1,1,-1,6,3,-1,-1,-1,-1,-1,-1,-1,-1,0,-1
2024122400649,2024,122400649,2,9,0,17,19,6,3,0,0,8,0,0,0,0,1,1,6,6,2,82,11,-1,-1,-1,-1,1,E01027817,0,1
2024061395384,2024,061395384,2,90,0,-1,-1,-1,-1,-1,-1,0,-1,-1,-1,-1,-1,9,-1,6,3,-1,-1,-1,-1,-1,-1,-1,-1,0,-1
2024010512902,2024,010512902,2,9,0,99,99,9,9,99,99,1,9,99,9,99,1,9,6,6,3,-1,-1,-1,-1,-1,-1,-1,-1,0,-1
2024010494844,2024,010494844,2,9,0,6,6,3,3,0,0,1,0,0,0,0,4,1,1,1,1,52,8,-1,-1,-1,-1,3,E01035658,0,3
2024430331298,2024,430331298,1,-1,0,18,19,4,8,0,0,0,0,0,0,0,1,1,6,6,1,-1,-1,-1,-1,-1,-1,-1,-1,1,-1
2024430085747,2024,430085747,1,9,0,18,19,7,3,0,0,0,0,0,0,0,3,1,6,6,3,-1,-1,-1,-1,-1,-1,-1,-1,0,-1
2024010535902,2024,010535902,2,1,0,18,19,5,1,0,0,1,0,0,0,0,1,1,6,6,1,13,3,-1,-1,-1,-1,-1,-1,0,-1
2024451421703,2024,451421703,1,1,0,-1,5,3,2,-1,0,4,0,0,0,0,3,1,-1,9,1,29,6,-1,-1,-1,-1,7,E01004626,0,4
2024421452834,2024,421452834,1,9,0,-1,19,8,4,-1,0,0,0,0,0,0,3,9,-1,6,3,-1,-1,-1,-1,-1,-1,-1,-1,0,-1
2024141416915,2024,141416915,2,9,0,-1,13,8,5,-1,0,3,0,0,0,0,4,9,-1,6,3,-1,-1,-1,-1,-1,-1,-1,-1,0,-1
2024010488142,2024,010488142,1,4,0,13,13,1,5,0,0,1,0,0,0,0,4,1,2,2,1,27,6,-1,-1,-1,-1,7,E01000492,0,1
2024010549831,2024,010549831,1,9,0,-1,-1,3,7,0,0,2,0,0,0,0,1,1,1,1,1,35,6,-1,-1,-1,-1,7,E01001195,0,3
2024010518969,2024,010518969,1,9,9,99,99,9,9,99,99,0,9,99,9,99,9,1,6,6,3,-1,-1,-1,-1,-1,-1,-1,-1,0,-1