collision_index,collision_year,collision_ref_no,vehicle_reference,vehicle_type,towing_and_articulation,vehicle_manoeuvre_historic,vehicle_manoeuvre,vehicle_direction_from,vehicle_direction_to,vehicle_location_restricted_lane_historic,vehicle_location_restricted_lane,junction_location,skidding_and_overturning,hit_object_in_carriageway,vehicle_leaving_carriageway,hit_object_off_carriageway,first_point_of_impact,vehicle_left_hand_drive,journey_purpose_of_driver_historic,journey_purpose_of_driver,sex_of_driver,age_of_driver,age_band_of_driver,engine_capacity_cc,propulsion_code,age_of_vehicle,generic_make_model,driver_imd_decile,lsoa_of_driver,escooter_flag,driver_distance_banding
2024501513687,2024,501513687,1,19,0,-1,6,3,8,-1,0,0,0,0,0,0,4,1,-1,2,1,52,8,-1,-1,-1,-1,4,E01020087,0,1
2024141507106,2024,141507106,1,1,0,-1,19,1,5,-1,2,1,5,0,1,0,1,1,-1,2,1,22,5,-1,-1,-1,-1,9,E01008159,0,1
2024430506848,2024,430506848,3,9,0,3,3,2,6,0,0,0,0,0,0,0,2,1,6,6,1,35,6,-1,-1,-1,-1,-1,-1,0,-1
2024631405380,2024,631405380,1,9,0,-1,19,2,5,-1,0,0,1,0,2,7,3,1,-1,9,1,76,11,-1,-1,-1,-1,6,W01000538,0,1
2024520500263,2024,520500263,2,9,0,18,19,8,4,0,0,0,0,0,0,0,1,1,6,6,3,-1,-1,-1,-1,-1,-1,-1,-1,0,-1
2024361490915,2024,361490915,2,9,0,-1,9,7,1,-1,0,8,0,0,0,0,4,1,-1,1,1,64,9,-1,-1,-1,-1,4,E01026733,0,3
2024010526699,2024,010526699,1,1,9,99,99,9,9,99,99,9,9,99,9,99,2,1,1,1,1,24,5,-1,-1,-1,-1,3,E01003616,0,2
2024430139567,2024,430139567,1,-1,0,12,12,3,8,0,0,0,0,0,0,0,3,1,6,6,1,38,7,-1,-1,-1,-1,9,E01035749,1,3
2024010516970,2024,010516970,2,1,0,18,19,6,2,0,0,2,2,4,0,0,3,1,6,6,1,49,8,-1,-1,-1,-1,4,E01000875,0,1
2024010513736,2024,010513736,2,1,0,18,19,6,2,0,0,1,0,0,0,0,3,1,6,6,2,52,8,-1,-1,-1,-1,7,E01002159,0,1
2024010527969,2024,010527969,1,1,9,99,99,9,9,99,99,9,9,99,9,99,1,1,2,2,1,56,9,-1,-1,-1,-1,3,E01003321,0,2
2024010497037,2024,010497037,1,9,0,99,99,9,9,99,99,9,9,99,9,99,2,9,6,6,1,26,6,-1,-1,-1,-1,2,E01003601,0,1
2024010502273,2024,010502273,2,1,0,18,19,3,7,0,0,0,0,0,0,0,1,1,6,6,1,26,6,-1,-1,-1,-1,-1,-1,0,-1
2024522401080,2024,522401080,2,1,0,3,3,2,6,0,0,1,0,0,0,0,1,1,6,6,1,51,8,-1,-1,-1,-1,6,E01014733,0,1
2024161503316,2024,161503316,1,1,0,-1,19,8,4,-1,0,0,0,0,0,0,2,1,-1,6,1,35,6,-1,-1,-1,-1,1,E01012873,0,1
2024440269613,2024,440269613,2,1,0,18,19,5,1,0,0,1,0,0,0,0,1,1,6,6,1,10,2,-1,-1,-1,-1,-1,-1,0,-1
2024052402894,2024,052402894,1,8,0,5,5,2,6,0,0,0,0,0,0,0,4,1,1,1,1,-1,-1,-1,-1,-1,-1,-1,-1,0,-1
2024471501679,2024,471501679,3,90,0,-1,2,7,3,-1,0,0,0,0,0,0,2,1,-1,6,3,-1,-1,-1,-1,-1,-1,-1,-1,0,-1
2024010542611,2024,010542611,2,1,0,3,3,4,8,0,0,1,0,0,0,0,3,1,6,6,2,36,7,-1,-1,-1,-1,4,E01000312,0,1
2024010493459,2024,010493459,3,19,0,3,3,3,7,0,0,1,0,0,0,0,1,1,1,1,1,-1,-1,-1,-1,-1,-1,-1,-1,0,-1
2024052401805,2024,052401805,1,9,0,18,19,1,5,0,0,1,0,2,0,0,1,1,1,1,1,34,6,-1,-1,-1,-1,9,E01006828,0,3
2024141495722,2024,141495722,2,9,0,-1,-1,-1,-1,-1,-1,-1,-1,-1,-1,0,-1,9,-1,6,3,-1,-1,-1,-1,-1,-1,-1,-1,0,-1
2024061455427,2024,061455427,1,9,0,-1,4,6,2,-1,0,0,0,0,0,0,1,1,-1,9,2,35,6,-1,-1,-1,-1,4,E01005594,0,1
2024161465341,2024,161465341,1,9,9,-1,19,3,7,-1,0,0,9,99,1,0,1,9,-1,6,2,18,4,-1,-1,-1,-1,9,E01013025,0,3
202417S109324,2024,17S109324,2,9,0,-1,19,8,4,-1,0,1,0,0,0,0,4,1,-1,6,1,-1,-1,-1,-1,-1,-1,-1,-1,0,-1
2024010529479,2024,010529479,1,9,0,1,1,1,5,0,0,0,0,0,0,0,2,1,2,2,1,38,7,-1,-1,-1,-1,8,E01002193,0,1
2024440334039,2024,440334039,1,1,0,4,4,1,5,0,0,2,0,0,0,0,2,1,6,6,2,32,6,-1,-1,-1,-1,1,E01017077,0,4
2024010525727,2024,010525727,1,9,0,18,19,7,3,0,0,1,0,0,1,0,1,1,6,6,1,80,11,-1,-1,-1,-1,7,E01002349,0,1
2024471530533,2024,471530533,1,9,0,-1,19,2,6,-1,0,0,5,0,0,0,2,1,-1,2,1,33,6,-1,-1,-1,-1,5,E01031373,0,2
2024131453045,2024,131453045,2,9,0,-1,4,7,3,-1,0,8,0,0,0,0,-1,1,-1,6,3,-1,-1,-1,-1,-1,-1,-1,-1,0,-1
2024461458930,2024,461458930,1,-1,0,-1,19,7,3,-1,0,0,0,0,0,0,1,1,-1,9,1,37,7,-1,-1,-1,-1,1,E01016111,1,1
2024010502830,2024,010502830,2,9,0,9,9,6,5,0,0,4,0,0,0,0,2,1,6,6,1,20,4,-1,-1,-1,-1,4,E01002017,0,1
2024010548604,2024,010548604,2,1,9,-1,-1,1,5,99,99,9,9,99,9,99,9,1,6,6,1,28,6,-1,-1,-1,-1,6,E01000851,0,2
2024010529326,2024,010529326,2,97,9,99,99,9,9,99,99,9,9,0,9,0,4,1,6,6,3,-1,-1,-1,-1,-1,-1,-1,-1,0,-1
2024010529190,2024,010529190,1,1,9,99,99,9,9,99,99,9,9,99,9,99,1,1,2,2,2,31,6,-1,-1,-1,-1,4,E01003169,0,2
2024010501334,2024,010501334,1,1,9,99,99,9,9,99,99,1,9,99,9,99,9,1,6,6,1,46,8,-1,-1,-1,-1,2,E01035682,0,1
2024522403340,2024,522403340,2,9,0,2,2,0,0,0,0,0,0,0,0,0,9,1,6,6,3,-1,-1,-1,-1,-1,-1,-1,-1,0,-1
2024471527600,2024,471527600,3,9,0,-1,19,6,3,-1,0,0,0,11,0,0,1,9,-1,6,1,-1,-1,-1,-1,-1,-1,5,E01031827,0,3
2024991418957,2024,991418957,1,9,0,-1,9,4,2,-1,0,8,0,0,0,0,1,1,-1,6,1,-1,-1,-1,-1,-1,-1,-1,-1,0,-1
2024351412398,2024,351412398,2,1,-1,-1,-1,-1,-1,-1,-1,-1,-1,-1,-1,0,-1,1,-1,6,1,25,5,-1,-1,-1,-1,7,E01035528,0,1
2024361494171,2024,361494171,2,9,0,-1,19,2,6,-1,0,0,0,0,0,0,1,1,-1,6,2,48,8,-1,-1,-1,-1,7,E01030054,0,4
2024430516866,2024,430516866,1,9,0,18,19,6,2,0,0,4,0,0,0,0,4,1,6,6,2,60,9,-1,-1,-1,-1,5,E01032726,0,1
2024141523298,2024,141523298,1,9,0,-1,7,3,1,-1,0,8,0,0,0,0,4,9,-1,6,3,-1,-1,-1,-1,-1,-1,-1,-1,0,-1
2024201401055,2024,201401055,1,9,0,-1,13,8,4,-1,0,0,0,0,0,0,3,1,-1,6,3,30,6,-1,-1,-1,-1,-1,-1,0,-1
2024052402702,2024,052402702,2,1,0,18,19,1,5,0,0,1,0,0,0,0,1,1,6,6,1,48,8,-1,-1,-1,-1,3,E01007060,0,1
2024401538543,2024,401538543,2,1,0,-1,19,5,1,-1,0,0,0,0,1,0,2,1,-1,9,1,67,10,-1,-1,-1,-1,9,E01017454,0,1
2024010536139,2024,010536139,1,1,9,99,99,9,9,99,99,9,9,99,9,99,1,1,6,6,2,25,5,-1,-1,-1,-1,2,E01004444,0,1
2024471394667,2024,471394667,1,9,0,-1,9,8,5,-1,0,5,0,0,0,0,1,1,-1,9,1,65,9,-1,-1,-1,-1,10,E01031699,0,1
2024320619281,2024,320619281,1,9,0,9,9,4,2,0,0,6,0,0,0,0,0,1,6,6,3,-1,-1,-1,-1,-1,-1,-1,-1,0,-1
2024481504009,2024,481504009,1,99,0,-1,19,1,5,-1,0,0,0,0,0,0,9,9,-1,6,3,30,6,-1,-1,-1,-1,-1,-1,0,-1
2024211422203,2024,211422203,4,9,0,-1,3,4,8,-1,0,0,0,0,0,0,2,9,-1,6,1,29,6,-1,-1,-1,-1,6,E01029640,0,3
2024440094867,2024,440094867,1,19,0,18,19,5,1,0,0,0,0,0,0,0,1,1,6,6,1,50,8,-1,-1,-1,-1,8,E01030904,0,2
2024010508268,2024,010508268,2,1,0,13,13,5,1,0,0,1,0,0,0,0,1,1,2,2,1,34,6,-1,-1,-1,-1,6,E01004482,0,1
2024010494459,2024,010494459,1,9,9,99,99,9,9,99,99,9,9,99,9,99,2,9,6,6,3,23,5,-1,-1,-1,-1,1,E01000596,0,1
2024010487086,2024,010487086,1,9,9,99,99,9,9,99,99,0,9,99,9,99,9,9,6,6,1,31,6,-1,-1,-1,-1,7,E01033463,0,3
2024131452462,2024,131452462,1,9,0,-1,-1,-1,-1,-1,-1,0,-1,-1,-1,-1,-1,1,-1,6,3,-1,-1,-1,-1,-1,-1,-1,-1,0,-1
2024010487180,2024,010487180,1,3,0,18,19,7,3,0,0,0,2,0,0,0,2,1,6,6,1,25,5,-1,-1,-1,-1,4,E01002663,0,1
2024430602030,2024,430602030,2,-1,0,18,19,4,8,4,4,1,0,0,0,0,1,1,2,2,1,26,6,-1,-1,-1,-1,5,E01028556,1,1
202454A072224,2024,54A072224,1,9,0,12,12,6,2,0,0,1,0,0,0,0,4,1,6,6,3,-1,-1,-1,-1,-1,-1,-1,-1,0,-1
2024522403408,2024,522403408,1,9,0,7,7,1,3,0,0,6,0,0,0,0,1,1,6,6,3,-1,-1,-1,-1,-1,-1,-1,-1,0,-1
2024332400805,2024,332400805,2,1,0,-1,19,3,7,-1,0,0,0,0,0,0,3,1,-1,9,1,12,3,-1,-1,-1,-1,9,E01025870,0,1
2024421489372,2024,421489372,2,5,0,-1,19,4,1,-1,0,4,0,0,0,0,1,1,-1,1,1,50,8,-1,-1,-1,-1,9,E01021583,0,2
2024052400154,2024,052400154,1,9,0,13,13,3,7,0,0,2,0,0,0,0,0,1,6,6,3,-1,-1,-1,-1,-1,-1,-1,-1,0,-1
2024141498682,2024,141498682,2,9,0,-1,19,-1,-1,-1,0,1,0,0,0,0,1,9,-1,6,3,-1,-1,-1,-1,-1,-1,-1,-1,0,-1
2024311466692,2024,311466692,1,99,0,-1,1,-1,-1,-1,0,8,0,0,-1,0,-1,1,-1,6,3,-1,-1,-1,-1,-1,-1,-1,-1,0,-1
2024010496747,2024,010496747,2,19,0,99,99,9,9,99,99,0,9,99,9,99,9,9,6,6,3,-1,-1,-1,-1,-1,-1,-1,-1,0,-1
2024010506354,2024,010506354,2,-1,0,18,19,3,7,9,9,1,0,0,0,0,1,1,4,7,2,13,3,-1,-1,-1,-1,3,E01004402,1,1
2024161446037,2024,161446037,1,8,0,-1,19,4,8,-1,0,0,0,0,0,0,2,9,-1,1,3,-1,-1,-1,-1,-1,-1,-1,-1,0,-1
2024010532417,2024,010532417,2,9,9,99,99,9,9,99,99,9,9,99,9,99,9,9,6,6,3,-1,-1,-1,-1,-1,-1,-1,-1,0,-1
2024010510096,2024,010510096,1,1,9,99,99,9,9,99,99,9,9,99,9,99,9,1,6,6,1,41,7,-1,-1,-1,-1,7,E01002228,0,3
2024610026924,2024,610026924,2,1,0,16,19,6,1,0,0,0,0,0,1,0,2,1,6,6,1,58,9,-1,-1,-1,-1,8,W01001822,0,3
2024411459655,2024,411459655,1,9,0,-1,5,4,8,-1,0,8,0,0,0,0,1,1,-1,1,2,47,8,-1,-1,-1,-1,3,E01023865,0,1
2024010489292,2024,010489292,1,9,0,18,19,1,5,0,0,0,0,0,0,0,1,1,6,6,3,-1,-1,-1,-1,-1,-1,-1,-1,0,-1
2024010527165,2024,010527165,1,9,0,3,3,5,1,0,0,1,0,0,0,0,2,1,6,6,1,24,5,-1,-1,-1,-1,4,E01033925,0,2
2024101488865,2024,101488865,1,9,0,-1,7,4,7,-1,0,0,1,0,4,0,4,1,-1,9,1,84,11,-1,-1,-1,-1,6,E01008176,0,1
2024211528337,2024,211528337,1,9,-1,-1,-1,-1,-1,-1,-1,-1,-1,-1,-1,0,-1,9,-1,6,3,-1,-1,-1,-1,-1,-1,-1,-1,0,-1
2024440000181,2024,440000181,2,9,0,9,9,4,2,0,0,8,0,0,0,0,2,1,6,6,2,33,6,-1,-1,-1,-1,2,E01022969,0,1
2024201501578,2024,201501578,1,99,0,-1,5,4,8,-1,0,0,0,0,0,0,0,9,-1,9,3,-1,-1,-1,-1,-1,-1,-1,-1,0,-1
2024070164442,2024,070164442,2,1,0,18,19,1,5,0,0,1,0,0,0,0,2,1,6,6,2,45,7,-1,-1,-1,-1,-1,-1,0,-1
2024010515447,2024,010515447,2,1,0,5,5,3,7,5,5,8,0,0,0,0,3,1,2,2,2,57,9,-1,-1,-1,-1,4,E01004458,0,1
2024991513906,2024,991513906,1,3,0,-1,9,2,6,-1,0,2,0,0,0,0,4,1,-1,6,2,16,4,-1,-1,-1,-1,7,-1,0,3
2024061477446,2024,061477446,1,1,0,-1,19,-1,-1,-1,4,8,5,1,0,0,1,1,-1,2,1,18,4,-1,-1,-1,-1,7,E01004799,0,1
2024061489069,2024,061489069,1,3,0,-1,19,3,7,-1,0,0,2,0,0,0,1,1,-1,9,1,17,4,-1,-1,-1,-1,1,E01005919,0,1
2024010493197,2024,010493197,1,90,0,9,9,1,7,0,0,5,0,0,0,0,1,1,2,2,1,56,9,-1,-1,-1,-1,2,E01033932,0,3
2024361436268,2024,361436268,1,1,-1,-1,19,1,5,-1,4,1,0,0,0,0,1,1,-1,6,1,30,6,-1,-1,-1,-1,3,E01034768,0,1
2024201417210,2024,201417210,1,9,0,-1,15,2,6,-1,0,0,0,0,0,0,1,9,-1,6,3,-1,-1,-1,-1,-1,-1,-1,-1,0,-1
2024320138192,2024,320138192,1,9,0,-1,-1,3,7,0,0,0,0,0,0,0,4,1,6,6,2,54,8,-1,-1,-1,-1,8,E01026335,0,4
2024430252942,2024,430252942,1,23,0,18,19,8,4,0,0,0,0,0,0,0,1,1,6,6,1,21,5,-1,-1,-1,-1,4,E01016360,0,2
2024010495336,2024,010495336,1,9,0,99,99,9,9,99,99,9,9,99,9,99,2,9,6,6,1,63,9,-1,-1,-1,-1,9,E01030334,0,3
2024010490678,2024,010490678,2,9,0,99,99,9,9,99,99,9,9,99,9,99,9,9,6,6,3,-1,-1,-1,-1,-1,-1,-1,-1,0,-1
2024320299929,2024,320299929,2,9,0,3,3,2,6,0,0,0,0,0,0,0,2,1,-1,-1,2,31,6,-1,-1,-1,-1,8,E01026038,0,1
2024440088211,2024,440088211,1,1,0,18,19,8,4,5,5,0,1,0,1,0,0,1,4,7,1,18,4,-1,-1,-1,-1,8,E01022660,0,1
2024201490880,2024,201490880,1,9,0,-1,9,1,7,-1,0,2,0,10,3,0,4,1,-1,1,1,21,5,-1,-1,-1,-1,1,E01010414,0,3
2024010538527,2024,010538527,2,1,0,18,19,1,5,0,0,1,0,0,0,0,1,1,6,6,1,23,5,-1,-1,-1,-1,6,E01002145,0,1
2024552400743,2024,552400743,2,1,0,18,19,2,6,0,0,8,0,0,0,0,4,1,6,6,1,23,5,-1,-1,-1,-1,1,E01034276,0,1
2024471477268,2024,471477268,2,1,0,-1,19,3,7,-1,0,0,0,0,0,0,2,1,-1,6,2,-1,-1,-1,-1,-1,-1,6,E01016996,0,1
2024440293629,2024,440293629,1,9,0,11,11,3,7,0,0,0,0,0,0,0,4,1,6,6,3,-1,-1,-1,-1,-1,-1,5,E01015331,0,4
2024131444220,2024,131444220,2,1,0,-1,19,3,7,-1,4,0,5,0,0,0,1,1,-1,6,1,15,3,-1,-1,-1,-1,3,E01010601,0,1
2024061499280,2024,061499280,2,-1,0,-1,4,1,5,-1,0,0,0,0,0,0,1,1,-1,6,1,33,6,-1,-1,-1,-1,1,E01005703,0,2
2024552400474,2024,552400474,2,1,0,18,19,7,3,0,0,0,0,0,0,0,2,1,6,6,2,64,9,-1,-1,-1,-1,9,E01020558,0,1
2024031403362,2024,031403362,1,9,0,-1,19,1,5,-1,9,0,0,0,7,0,1,1,-1,9,1,23,5,-1,-1,-1,-1,-1,-1,0,-1
2024501493618,2024,501493618,2,9,0,-1,19,3,7,-1,0,0,0,0,0,0,1,1,-1,2,2,42,7,-1,-1,-1,-1,8,E01015124,0,1
2024520401403,2024,520401403,1,9,0,18,19,4,8,0,0,0,0,0,1,0,1,1,6,6,1,18,4,-1,-1,-1,-1,6,E01029288,0,3
2024061492442,2024,061492442,1,9,0,-1,12,3,7,-1,0,0,0,0,0,0,-1,9,-1,6,3,-1,-1,-1,-1,-1,-1,-1,-1,0,-1
2024101428195,2024,101428195,1,1,-1,-1,19,8,4,-1,0,1,0,0,0,0,1,1,-1,1,1,20,4,-1,-1,-1,-1,-1,-1,0,-1
2024010524583,2024,010524583,2,1,0,9,9,7,5,2,2,0,0,0,0,0,4,1,6,6,1,17,4,-1,-1,-1,-1,-1,-1,0,-1
2024201515872,2024,201515872,2,90,0,-1,19,8,4,-1,0,2,0,0,0,0,2,1,-1,6,1,19,4,-1,-1,-1,-1,1,E01010033,0,1
2024010550299,2024,010550299,2,9,0,99,99,9,9,99,99,9,9,99,9,99,9,9,6,6,3,-1,-1,-1,-1,-1,-1,-1,-1,0,-1
2024061464394,2024,061464394,2,1,0,-1,19,5,1,-1,0,0,0,0,0,0,1,1,-1,6,2,-1,-1,-1,-1,-1,-1,-1,-1,0,-1
2024320598581,2024,320598581,3,9,0,10,10,6,4,0,0,1,0,0,0,0,2,1,6,6,3,-1,-1,-1,-1,-1,-1,-1,-1,0,-1
2024201458626,2024,201458626,1,9,0,-1,1,1,7,-1,0,0,0,0,0,0,2,1,-1,6,1,35,6,-1,-1,-1,-1,-1,-1,0,-1
2024430247282,2024,430247282,1,9,0,18,19,3,6,0,0,4,0,0,0,0,1,1,1,1,1,51,8,-1,-1,-1,-1,5,E01023705,0,4
2024010489888,2024,010489888,1,9,0,99,99,9,9,99,99,9,9,99,9,99,2,1,2,2,1,50,8,-1,-1,-1,-1,3,E01002049,0,1
2024010489227,2024,010489227,2,90,0,18,19,3,7,0,0,1,0,0,0,0,1,1,1,1,1,36,7,-1,-1,-1,-1,7,E01004493,0,2
2024010494624,2024,010494624,1,1,9,99,99,9,9,99,99,9,9,99,9,99,9,1,2,2,1,31,6,-1,-1,-1,-1,4,E01001756,0,2
2024010528949,2024,010528949,1,90,0,3,3,8,4,2,2,2,0,0,0,0,4,1,1,1,2,26,6,-1,-1,-1,-1,7,E01032767,0,2
2024041455983,2024,041455983,1,9,0,-1,19,1,5,-1,0,0,0,0,0,0,1,1,-1,9,1,20,4,-1,-1,-1,-1,7,E01025557,0,2
2024141404778,2024,141404778,2,9,0,-1,4,8,4,-1,0,0,0,0,0,0,1,1,-1,6,1,41,7,-1,-1,-1,-1,4,E01007647,0,1
2024161407145,2024,161407145,2,9,0,-1,12,1,3,-1,0,1,0,0,0,0,1,1,-1,6,2,76,11,-1,-1,-1,-1,4,E01013082,0,1
2024041431810,2024,041431810,1,1,0,-1,19,7,3,-1,0,2,0,0,0,0,-1,1,-1,6,1,7,2,-1,-1,-1,-1,3,E01025138,0,1
2024531466748,2024,531466748,2,1,0,-1,5,6,2,-1,0,0,0,0,0,0,3,1,-1,7,2,13,3,-1,-1,-1,-1,5,E01022440,0,1
2024052401533,2024,052401533,1,1,0,18,19,7,1,0,0,1,0,0,0,0,2,1,6,6,1,11,3,-1,-1,-1,-1,2,E01006536,0,2
2024461412349,2024,461412349,2,9,0,-1,3,4,8,-1,0,0,0,0,0,0,2,1,-1,1,1,45,7,-1,-1,-1,-1,5,E01024379,0,3
2024161413697,2024,161413697,1,9,0,-1,19,5,1,-1,0,0,1,0,7,0,3,1,-1,1,2,63,9,-1,-1,-1,-1,9,E01011513,0,4
2024010500469,2024,010500469,1,1,9,99,99,9,9,99,99,9,9,99,9,99,9,1,6,6,3,-1,-1,-1,-1,-1,-1,-1,-1,0,-1
2024131443306,2024,131443306,1,9,0,-1,7,5,6,-1,0,5,0,0,0,0,1,1,-1,6,-1,-1,-1,-1,-1,-1,-1,-1,-1,0,-1
202417H107524,2024,17H107524,1,9,0,-1,19,3,7,-1,0,0,0,0,0,0,4,1,-1,9,1,-1,-1,-1,-1,-1,-1,-1,-1,0,-1
2024010532113,2024,010532113,1,9,0,18,19,2,6,0,0,0,0,0,0,0,1,1,6,6,3,-1,-1,-1,-1,-1,-1,-1,-1,0,-1
2024461467912,2024,461467912,2,9,0,-1,4,7,3,-1,0,0,0,0,0,0,2,9,-1,6,2,55,8,-1,-1,-1,-1,8,E01024145,0,1
2024361515535,2024,361515535,1,-1,0,-1,-1,-1,-1,-1,9,0,0,0,-1,0,-1,9,-1,6,1,28,6,-1,-1,-1,-1,-1,-1,1,-1
2024010532023,2024,010532023,2,5,0,13,13,1,5,0,0,0,1,0,0,0,1,1,2,2,1,43,7,-1,-1,-1,-1,9,E01000673,0,1
2024131460543,2024,131460543,2,1,0,-1,19,3,7,-1,0,8,0,0,0,0,1,1,-1,7,1,14,3,-1,-1,-1,-1,3,E01010827,0,1
2024010488412,2024,010488412,1,9,0,99,99,9,9,99,99,9,9,99,9,99,2,9,6,6,1,54,8,-1,-1,-1,-1,6,E01003711,0,1
2024010488052,2024,010488052,1,11,0,5,5,1,5,2,2,1,0,0,0,0,0,1,1,1,1,26,6,-1,-1,-1,-1,4,E01000497,0,1
2024531481696,2024,531481696,3,9,0,-1,2,0,0,-1,0,0,0,0,0,0,4,9,-1,6,3,-1,-1,-1,-1,-1,-1,-1,-1,0,-1
2024010492728,2024,010492728,2,1,9,99,99,9,9,99,99,9,9,99,9,99,2,1,6,6,2,-1,-1,-1,-1,-1,-1,-1,-1,0,-1
2024010496402,2024,010496402,2,1,0,18,19,5,1,0,0,8,0,0,0,0,1,1,6,6,2,28,6,-1,-1,-1,-1,8,E01004623,0,3
2024010508889,2024,010508889,1,9,0,18,19,1,5,0,0,1,5,0,0,0,1,1,6,6,1,87,11,-1,-1,-1,-1,6,E01001419,0,1
2024052401016,2024,052401016,1,9,0,18,19,5,1,0,0,4,0,0,0,0,1,1,6,6,1,56,9,-1,-1,-1,-1,10,E01022499,0,5
2024010505136,2024,010505136,1,-1,0,18,19,5,1,0,0,1,0,0,0,0,4,1,4,7,1,16,4,-1,-1,-1,-1,1,E01001358,1,1
2024340NN1802,2024,340NN1802,2,9,0,-1,10,5,1,-1,0,8,0,0,0,0,2,1,-1,9,2,68,10,-1,-1,-1,-1,7,E01027043,0,1
2024061417082,2024,061417082,1,9,-1,-1,-1,-1,-1,-1,-1,0,-1,-1,-1,0,-1,9,-1,6,3,-1,-1,-1,-1,-1,-1,-1,-1,0,-1
2024131418244,2024,131418244,2,9,0,-1,9,1,1,-1,0,0,0,0,0,0,0,1,-1,1,2,30,6,-1,-1,-1,-1,1,E01010730,0,1
2024440363672,2024,440363672,3,9,0,18,19,1,5,0,0,0,0,0,0,0,3,1,1,1,1,34,6,-1,-1,-1,-1,8,E01022710,0,2
2024010495484,2024,010495484,2,90,9,99,99,9,9,99,99,8,9,99,9,99,1,9,6,6,3,-1,-1,-1,-1,-1,-1,-1,-1,0,-1
2024010537179,2024,010537179,2,1,9,99,99,9,9,99,99,9,9,99,9,99,1,1,2,2,1,20,4,-1,-1,-1,-1,2,E01004008,0,1
2024010520583,2024,010520583,1,1,9,99,99,9,9,99,99,9,9,99,9,99,9,1,2,2,1,49,8,-1,-1,-1,-1,3,E01001749,0,2
2024471440986,2024,471440986,1,1,0,-1,14,1,5,-1,0,2,0,0,0,0,3,1,-1,6,1,11,3,-1,-1,-1,-1,2,E01031450,0,1
2024131454016,2024,131454016,1,9,0,-1,-1,-1,-1,-1,-1,0,-1,-1,-1,-1,-1,1,-1,6,3,-1,-1,-1,-1,-1,-1,-1,-1,0,-1
2024201520395,2024,201520395,1,9,0,-1,9,3,8,-1,0,6,0,0,0,0,1,1,-1,6,2,37,7,-1,-1,-1,-1,10,E01029662,0,1
2024552401042,2024,552401042,5,9,0,3,3,2,6,0,0,0,0,0,0,0,2,1,1,1,1,42,7,-1,-1,-1,-1,8,E01015118,0,5
2024161454089,2024,161454089,1,11,0,-1,2,0,0,-1,2,0,0,0,0,0,0,1,-1,6,3,-1,-1,-1,-1,-1,-1,-1,-1,0,-1
2024451491731,2024,451491731,1,1,0,-1,19,6,2,-1,0,0,9,99,0,0,9,1,-1,9,1,54,8,-1,-1,-1,-1,8,E01030390,0,1
2024421503574,2024,421503574,1,9,0,-1,5,4,5,-1,0,2,0,0,0,0,1,1,-1,6,2,76,11,-1,-1,-1,-1,8,E01021740,0,2
2024522500358,2024,522500358,5,9,0,2,2,0,0,0,0,0,0,0,0,0,3,1,6,6,3,-1,-1,-1,-1,-1,-1,-1,-1,0,-1
2024041469831,2024,041469831,2,1,0,-1,19,3,7,-1,0,0,0,0,0,0,4,1,-1,9,1,51,8,-1,-1,-1,-1,4,E01025276,0,1
2024052401465,2024,052401465,2,1,0,18,19,4,8,0,0,8,0,0,0,0,3,1,6,6,1,40,7,-1,-1,-1,-1,1,E01006732,0,1
2024552401375,2024,552401375,2,1,0,18,19,4,8,4,4,8,0,0,0,0,1,1,6,6,1,26,6,-1,-1,-1,-1,7,E01015462,0,1
2024351464806,2024,351464806,1,98,-1,-1,-1,-1,-1,-1,-1,0,-1,-1,-1,0,2,9,-1,6,1,-1,-1,-1,-1,-1,-1,-1,-1,0,-1
2024141418985,2024,141418985,2,9,0,-1,19,5,1,-1,0,0,0,0,0,0,0,9,-1,6,3,-1,-1,-1,-1,-1,-1,-1,-1,0,-1
2024221422868,2024,221422868,1,9,0,-1,9,8,6,-1,0,5,0,0,0,0,4,9,-1,6,2,20,4,-1,-1,-1,-1,8,E01033528,0,1
2024010526667,2024,010526667,2,9,0,10,10,5,3,0,0,2,0,0,0,0,0,1,6,6,3,-1,-1,-1,-1,-1,-1,-1,-1,0,-1
2024430338718,2024,430338718,1,9,0,18,19,5,1,0,0,0,0,7,1,1,1,1,6,6,1,21,5,-1,-1,-1,-1,4,E01016474,0,3
2024340WN5962,2024,340WN5962,1,9,0,-1,19,3,7,-1,0,0,0,0,0,0,1,1,-1,6,3,-1,-1,-1,-1,-1,-1,-1,-1,0,-1
2024622400368,2024,622400368,2,9,0,18,19,1,5,0,0,1,0,0,0,0,4,1,6,6,2,64,9,-1,-1,-1,-1,2,W01001070,0,1
2024471475184,2024,471475184,3,9,0,-1,12,1,5,-1,0,2,0,0,0,0,2,1,-1,9,1,37,7,-1,-1,-1,-1,2,E01020925,0,1
2024430475048,2024,430475048,2,9,0,18,19,3,7,0,0,4,0,0,0,0,1,1,6,6,1,-1,-1,-1,-1,-1,-1,-1,-1,0,-1
2024010536421,2024,010536421,2,1,0,18,19,5,1,4,4,8,0,0,1,0,4,1,1,1,2,26,6,-1,-1,-1,-1,6,E01003030,0,1
2024610016524,2024,610016524,1,3,0,18,19,4,8,0,0,0,0,0,1,11,4,1,2,2,1,27,6,-1,-1,-1,-1,5,W01001490,0,1
2024311492741,2024,311492741,2,11,0,-1,19,5,1,-1,0,1,0,0,0,0,0,9,-1,1,1,24,5,-1,-1,-1,-1,-1,-1,0,-1
2024010529294,2024,010529294,2,9,0,99,99,9,9,99,99,9,9,99,9,99,9,9,6,6,3,-1,-1,-1,-1,-1,-1,4,E01001478,0,1
2024010489352,2024,010489352,1,9,0,7,7,1,4,0,0,1,0,0,0,0,4,1,2,2,1,32,6,-1,-1,-1,-1,3,E01000081,0,4
2024010537274,2024,010537274,1,1,9,99,99,9,9,99,99,9,9,99,9,99,9,1,6,6,1,37,7,-1,-1,-1,-1,5,E01001276,0,2
2024010491183,2024,010491183,1,1,9,99,99,9,9,99,99,9,9,99,9,99,9,1,1,1,2,24,5,-1,-1,-1,-1,6,E01000566,0,1