collision_index,collision_year,collision_ref_no,vehicle_reference,vehicle_type,towing_and_articulation,vehicle_manoeuvre_historic,vehicle_manoeuvre,vehicle_direction_from,vehicle_direction_to,vehicle_location_restricted_lane_historic,vehicle_location_restricted_lane,junction_location,skidding_and_overturning,hit_object_in_carriageway,vehicle_leaving_carriageway,hit_object_off_carriageway,first_point_of_impact,vehicle_left_hand_drive,journey_purpose_of_driver_historic,journey_purpose_of_driver,sex_of_driver,age_of_driver,age_band_of_driver,engine_capacity_cc,propulsion_code,age_of_vehicle,generic_make_model,driver_imd_decile,lsoa_of_driver,escooter_flag,driver_distance_banding
2024010493036,2024,010493036,2,9,0,99,99,9,9,99,99,9,9,99,9,99,9,9,6,6,3,-1,-1,-1,-1,-1,-1,-1,-1,0,-1
2024430411999,2024,430411999,3,9,0,4,4,4,8,0,0,4,0,0,0,0,2,1,1,1,2,50,8,-1,-1,-1,-1,-1,-1,0,-1
2024522402417,2024,522402417,2,1,0,9,9,2,8,0,0,8,0,0,0,0,1,1,6,6,2,34,6,-1,-1,-1,-1,6,E01014989,0,2
2024430320386,2024,430320386,2,9,0,18,19,6,2,0,0,4,0,0,0,0,1,1,6,6,3,-1,-1,-1,-1,-1,-1,-1,-1,0,-1
2024991463793,2024,991463793,2,9,0,-1,19,5,1,-1,0,1,0,0,0,0,4,2,-1,6,2,55,8,-1,-1,-1,-1,4,-1,0,2
2024520401754,2024,520401754,1,1,0,18,19,5,1,0,0,8,0,0,0,0,1,1,6,6,1,74,10,-1,-1,-1,-1,5,E01029121,0,2
2024010520051,2024,010520051,1,9,0,18,19,7,3,0,0,0,0,0,0,0,1,1,6,6,3,34,6,-1,-1,-1,-1,-1,-1,0,-1
2024141487668,2024,141487668,2,90,0,-1,19,5,1,-1,9,2,2,0,-1,0,2,9,-1,9,2,13,3,-1,-1,-1,-1,8,E01007888,0,1
2024340NN3172,2024,340NN3172,1,9,0,-1,7,7,1,-1,0,0,0,0,0,0,1,1,-1,6,1,-1,-1,-1,-1,-1,-1,-1,-1,0,-1
2024010495676,2024,010495676,2,9,0,99,99,9,9,99,99,6,9,99,9,99,1,9,6,6,3,-1,-1,-1,-1,-1,-1,-1,-1,0,-1
2024351495346,2024,351495346,1,9,0,-1,19,5,1,-1,0,8,0,0,0,0,1,1,-1,6,3,-1,-1,-1,-1,-1,-1,-1,-1,0,-1
2024122400623,2024,122400623,2,1,0,18,19,1,5,0,0,8,0,0,0,0,3,1,6,6,1,52,8,-1,-1,-1,-1,6,E01033673,0,4
2024361454198,2024,361454198,2,1,0,-1,19,4,8,-1,0,8,0,0,0,0,4,1,-1,9,1,75,10,-1,-1,-1,-1,7,E01026939,0,3
2024440167046,2024,440167046,1,1,0,18,19,6,2,0,0,2,0,0,0,0,2,1,2,2,1,50,8,-1,-1,-1,-1,6,E01032884,0,3
2024351490137,2024,351490137,1,9,0,-1,19,8,4,-1,0,1,1,0,0,0,1,1,-1,6,1,22,5,-1,-1,-1,-1,8,E01018152,0,1
2024991454058,2024,991454058,1,9,0,-1,7,5,8,-1,0,0,1,0,7,4,3,1,-1,9,1,62,9,-1,-1,-1,-1,8,E01025323,0,5
2024141426352,2024,141426352,1,9,0,-1,19,8,4,-1,0,0,0,0,0,0,0,9,-1,6,1,21,5,-1,-1,-1,-1,8,E01028032,0,4
2024552401324,2024,552401324,1,1,0,18,19,1,5,0,0,0,0,10,1,10,1,1,6,6,1,43,7,-1,-1,-1,-1,4,E01015390,0,1
2024041531448,2024,041531448,1,9,0,-1,19,3,7,-1,0,1,0,0,0,0,4,1,-1,9,2,42,7,-1,-1,-1,-1,9,E01025461,0,1
2024201518850,2024,201518850,1,90,0,-1,19,6,2,-1,0,0,0,0,0,0,1,1,-1,6,1,60,9,-1,-1,-1,-1,-1,-1,0,-1
2024122400409,2024,122400409,2,1,0,17,19,8,5,0,0,8,0,0,0,0,1,1,1,1,2,59,9,-1,-1,-1,-1,3,E01013386,0,1
2024010503843,2024,010503843,1,9,9,99,99,9,9,99,99,9,9,99,9,99,9,9,6,6,3,-1,-1,-1,-1,-1,-1,-1,-1,0,-1
2024010544637,2024,010544637,1,1,9,99,99,9,9,99,99,9,9,99,9,99,9,1,2,2,1,29,6,-1,-1,-1,-1,3,E01004033,0,1
2024052400846,2024,052400846,1,21,0,11,11,8,4,0,0,0,0,0,0,0,4,1,6,6,3,-1,-1,-1,-1,-1,-1,-1,-1,0,-1
2024610018924,2024,610018924,1,9,0,18,19,6,2,0,0,1,0,0,0,0,1,1,6,6,3,-1,-1,-1,-1,-1,-1,-1,-1,0,-1
2024991409831,2024,991409831,1,9,0,-1,19,8,4,-1,0,0,0,0,0,0,1,1,-1,2,1,20,4,-1,-1,-1,-1,7,-1,0,4
2024010530475,2024,010530475,1,9,0,7,7,1,4,0,0,2,0,0,0,0,1,2,6,6,1,66,10,-1,-1,-1,-1,-1,-1,0,-1
2024430128422,2024,430128422,2,9,0,18,19,4,8,0,0,1,0,0,0,0,1,1,6,6,3,-1,-1,-1,-1,-1,-1,-1,-1,0,-1
2024010494186,2024,010494186,2,19,0,99,99,9,9,99,99,5,9,99,9,99,9,9,6,6,3,-1,-1,-1,-1,-1,-1,6,E01003469,0,2
2024010548650,2024,010548650,2,9,0,99,99,9,9,99,99,9,9,99,9,99,9,9,6,6,3,-1,-1,-1,-1,-1,-1,-1,-1,0,-1
2024010495527,2024,010495527,2,19,0,8,8,3,6,0,0,5,0,0,0,0,4,9,6,6,1,-1,-1,-1,-1,-1,-1,-1,-1,0,-1
2024481563668,2024,481563668,1,1,0,-1,4,5,1,-1,0,1,0,0,0,0,2,1,-1,2,1,37,7,-1,-1,-1,-1,-1,-1,0,-1
2024421403765,2024,421403765,1,9,0,-1,4,5,1,-1,0,0,0,0,0,0,2,9,-1,6,3,-1,-1,-1,-1,-1,-1,-1,-1,0,-1
2024481503762,2024,481503762,2,8,0,-1,19,1,5,-1,0,8,0,0,0,0,4,1,-1,1,1,60,9,-1,-1,-1,-1,-1,-1,0,-1
2024131415719,2024,131415719,1,9,0,-1,1,4,3,-1,0,0,0,0,0,0,2,1,-1,6,3,43,7,-1,-1,-1,-1,-1,-1,0,-1
2024052401959,2024,052401959,1,-1,0,18,19,4,8,0,0,0,0,0,0,0,1,1,6,6,1,19,4,-1,-1,-1,-1,8,E01006684,1,1
2024411531200,2024,411531200,1,9,0,-1,19,7,3,-1,0,3,0,0,0,0,1,1,-1,9,1,27,6,-1,-1,-1,-1,4,E01023788,0,1
2024131443644,2024,131443644,1,21,0,-1,19,3,7,-1,0,0,0,0,0,0,1,2,-1,1,2,29,6,-1,-1,-1,-1,-1,-1,0,-1
2024101525543,2024,101525543,2,1,0,-1,19,2,6,-1,9,0,0,0,8,0,1,1,-1,6,1,25,5,-1,-1,-1,-1,-1,-1,0,-1
2024010549071,2024,010549071,2,1,9,99,99,9,9,99,99,9,9,99,9,99,9,1,6,6,2,32,6,-1,-1,-1,-1,3,E01003988,0,1
2024052402697,2024,052402697,2,1,0,11,11,6,3,0,0,8,0,0,0,0,4,1,1,1,1,35,6,-1,-1,-1,-1,1,E01006764,0,1
2024430014092,2024,430014092,1,1,0,18,19,1,6,5,5,0,0,0,0,0,4,1,6,6,2,73,10,-1,-1,-1,-1,6,E01016824,0,1
2024451449631,2024,451449631,1,97,0,-1,19,3,7,-1,0,0,0,0,0,0,0,1,-1,6,3,24,5,-1,-1,-1,-1,-1,-1,0,-1
2024201502904,2024,201502904,1,9,0,-1,19,2,6,-1,0,8,0,0,0,0,1,1,-1,6,1,48,8,-1,-1,-1,-1,-1,-1,0,-1
2024010536597,2024,010536597,1,1,9,99,99,9,9,99,99,9,9,99,9,99,2,1,6,6,1,27,6,-1,-1,-1,-1,4,E01003937,0,1
2024440381629,2024,440381629,2,9,0,18,19,3,7,0,0,0,0,0,0,0,1,1,6,6,1,37,7,-1,-1,-1,-1,2,E01032750,0,4
2024471513431,2024,471513431,2,9,0,-1,19,1,5,-1,0,0,0,4,0,0,4,1,-1,6,3,-1,-1,-1,-1,-1,-1,-1,-1,0,-1
2024991453097,2024,991453097,2,9,0,-1,19,1,5,-1,0,0,0,0,0,0,1,1,-1,9,1,80,11,-1,-1,-1,-1,5,-1,0,4
2024340NN0882,2024,340NN0882,1,19,0,-1,19,4,8,-1,0,2,0,0,0,0,3,1,-1,6,1,-1,-1,-1,-1,-1,-1,-1,-1,0,-1
2024430428227,2024,430428227,2,1,0,18,19,3,7,0,0,2,0,0,0,0,4,1,6,6,1,36,7,-1,-1,-1,-1,-1,-1,0,-1
2024010491829,2024,010491829,1,3,0,99,99,9,9,99,99,9,9,99,9,99,9,1,1,1,1,32,6,-1,-1,-1,-1,3,E01004203,0,2
2024411509446,2024,411509446,1,9,-1,-1,-1,-1,-1,-1,-1,-1,-1,-1,-1,0,-1,9,-1,6,3,-1,-1,-1,-1,-1,-1,-1,-1,0,-1
2024101407262,2024,101407262,1,1,0,-1,19,5,1,-1,0,1,5,0,0,0,3,1,-1,9,1,64,9,-1,-1,-1,-1,3,E01008561,0,1
2024351486306,2024,351486306,2,1,-1,-1,-1,-1,-1,-1,-1,0,-1,-1,-1,0,-1,1,-1,9,2,16,4,-1,-1,-1,-1,10,E01035556,0,1
2024332400587,2024,332400587,1,1,0,-1,5,7,3,-1,0,0,0,0,0,0,3,1,-1,1,1,24,5,-1,-1,-1,-1,2,E01013654,0,1
2024010496778,2024,010496778,2,9,0,6,6,9,9,99,99,5,9,99,9,99,9,9,6,6,3,-1,-1,-1,-1,-1,-1,-1,-1,0,-1
2024411524644,2024,411524644,2,9,0,-1,19,7,3,-1,0,0,0,0,0,0,1,1,-1,6,3,25,5,-1,-1,-1,-1,-1,-1,0,-1
2024010519590,2024,010519590,1,23,0,3,3,7,3,0,0,5,0,0,0,0,1,1,6,6,3,-1,-1,-1,-1,-1,-1,-1,-1,0,-1
2024101533267,2024,101533267,2,1,0,-1,19,1,4,-1,0,4,0,1,0,0,3,1,-1,2,1,36,7,-1,-1,-1,-1,4,E01008244,0,1
2024421539685,2024,421539685,1,9,-1,-1,19,-1,-1,-1,0,0,0,0,0,0,1,9,-1,6,3,-1,-1,-1,-1,-1,-1,1,E01015841,0,4
2024061507424,2024,061507424,1,1,0,-1,19,-1,-1,-1,0,1,0,0,0,0,3,1,-1,9,1,46,8,-1,-1,-1,-1,3,E01004992,0,1
2024221414739,2024,221414739,3,9,0,-1,19,6,2,-1,0,0,0,0,0,0,1,9,-1,1,1,24,5,-1,-1,-1,-1,-1,-1,0,-1
2024211467328,2024,211467328,2,9,0,-1,19,8,4,-1,0,1,0,0,0,0,4,1,-1,6,1,22,5,-1,-1,-1,-1,-1,-1,0,-1
2024010535477,2024,010535477,1,1,0,13,13,5,1,0,0,1,2,0,0,0,3,1,2,2,1,29,6,-1,-1,-1,-1,9,E01004546,0,1
2024141434928,2024,141434928,1,9,0,-1,19,5,1,-1,0,1,0,0,0,0,1,1,-1,7,2,48,8,-1,-1,-1,-1,6,E01007753,0,1
2024430200820,2024,430200820,2,9,0,18,19,2,6,0,0,8,0,0,0,0,1,1,6,6,1,-1,-1,-1,-1,-1,-1,-1,-1,0,-1
2024041458183,2024,041458183,1,90,0,-1,19,1,1,-1,0,1,0,0,0,0,1,1,-1,6,1,18,4,-1,-1,-1,-1,1,E01012687,0,1
2024010489329,2024,010489329,3,9,0,3,3,3,7,0,0,1,0,0,0,0,3,1,6,6,1,73,10,-1,-1,-1,-1,9,E01000266,0,1
2024201438681,2024,201438681,1,9,0,-1,19,8,4,-1,0,0,0,0,0,0,4,1,-1,6,1,32,6,-1,-1,-1,-1,5,E01013733,0,4
2024471464315,2024,471464315,1,9,0,-1,9,8,5,-1,0,2,0,0,0,0,1,1,-1,1,2,20,4,-1,-1,-1,-1,6,E01031345,0,4
2024501491749,2024,501491749,1,9,0,-1,4,7,3,-1,0,0,0,0,0,0,2,1,-1,9,1,62,9,-1,-1,-1,-1,6,E01020059,0,1
2024332401048,2024,332401048,2,1,0,-1,19,4,8,-1,0,0,0,0,0,0,1,1,-1,6,1,44,7,-1,-1,-1,-1,5,E01025965,0,1
2024010518193,2024,010518193,1,1,9,99,99,9,9,99,99,9,9,99,9,99,9,1,2,2,3,24,5,-1,-1,-1,-1,2,E01033877,0,1
2024010498252,2024,010498252,2,9,0,9,9,1,8,0,0,1,0,0,0,0,0,1,6,6,3,-1,-1,-1,-1,-1,-1,-1,-1,0,-1
2024010523993,2024,010523993,1,1,9,99,99,9,9,99,99,9,9,99,9,99,9,1,6,6,1,43,7,-1,-1,-1,-1,5,E01003724,0,2
2024451532488,2024,451532488,1,90,0,-1,19,1,5,-1,0,0,0,0,1,0,1,1,-1,1,2,39,7,-1,-1,-1,-1,9,E01030880,0,1
2024991505551,2024,991505551,2,1,0,-1,19,2,7,-1,0,8,0,0,0,0,4,1,-1,1,1,57,9,-1,-1,-1,-1,3,-1,0,1
2024010499582,2024,010499582,1,1,9,99,99,9,9,99,99,9,9,99,9,99,9,1,2,2,1,23,5,-1,-1,-1,-1,3,E01003258,0,3
2024101467510,2024,101467510,1,-1,0,-1,19,1,5,-1,0,6,0,0,0,0,1,9,-1,9,1,-1,-1,-1,-1,-1,-1,-1,-1,1,-1
2024501490428,2024,501490428,2,1,0,-1,19,8,4,-1,0,1,5,0,0,0,1,1,-1,6,1,42,7,-1,-1,-1,-1,3,E01015032,0,2
2024101536304,2024,101536304,2,1,0,-1,19,6,2,-1,0,8,5,0,0,0,4,1,-1,2,2,23,5,-1,-1,-1,-1,3,E01008654,0,1
2024430482530,2024,430482530,2,1,0,18,19,5,1,0,0,8,0,0,0,0,4,1,6,6,1,12,3,-1,-1,-1,-1,9,E01035760,0,1
2024471469512,2024,471469512,4,9,0,-1,19,7,3,-1,0,0,5,0,0,0,3,2,-1,1,2,49,8,-1,-1,-1,-1,3,E01034065,0,4
2024311438734,2024,311438734,1,9,0,-1,9,2,6,-1,0,2,0,0,0,0,4,9,-1,6,1,-1,-1,-1,-1,-1,-1,-1,-1,0,-1
2024440302564,2024,440302564,1,19,0,13,13,2,6,0,0,0,2,0,1,4,2,1,2,2,1,18,4,-1,-1,-1,-1,9,E01022593,0,3
2024320277662,2024,320277662,2,9,0,4,4,5,1,0,0,2,0,0,0,0,2,1,6,6,1,19,4,-1,-1,-1,-1,-1,-1,0,-1
2024430102681,2024,430102681,2,9,0,18,19,6,2,0,0,0,0,0,0,0,0,1,6,6,3,-1,-1,-1,-1,-1,-1,-1,-1,0,-1
202417S115024,2024,17S115024,1,19,0,-1,10,6,5,-1,0,1,0,0,0,0,2,1,-1,1,1,32,6,-1,-1,-1,-1,-1,-1,0,-1
2024991471243,2024,991471243,2,9,0,-1,3,7,3,-1,0,1,0,0,0,0,2,1,-1,9,1,72,10,-1,-1,-1,-1,-1,-1,0,-1
2024451491444,2024,451491444,1,1,0,-1,19,5,7,-1,0,8,5,0,0,0,2,1,-1,2,1,49,8,-1,-1,-1,-1,5,E01030674,0,1
2024010501681,2024,010501681,2,9,9,99,99,9,9,99,99,9,9,99,9,99,2,9,6,6,3,-1,-1,-1,-1,-1,-1,-1,-1,0,-1
2024010489904,2024,010489904,1,9,0,9,9,1,7,0,0,5,0,0,0,0,1,1,2,2,1,45,7,-1,-1,-1,-1,9,E01001306,0,1
2024010489814,2024,010489814,1,9,0,7,7,3,5,0,0,6,0,0,0,0,3,1,6,6,1,31,6,-1,-1,-1,-1,5,E01021907,0,4
2024421477602,2024,421477602,1,19,0,-1,5,2,6,-1,0,0,0,0,0,0,0,9,-1,6,3,-1,-1,-1,-1,-1,-1,-1,-1,0,-1
2024211534443,2024,211534443,1,99,0,-1,19,3,7,-1,0,0,0,0,0,0,4,1,-1,6,3,21,5,-1,-1,-1,-1,-1,-1,0,-1
2024010511765,2024,010511765,2,9,0,99,99,9,9,99,99,9,9,99,9,99,9,9,6,6,3,-1,-1,-1,-1,-1,-1,-1,-1,0,-1
2024430209964,2024,430209964,1,9,0,18,19,3,7,0,0,0,0,0,0,0,1,1,2,2,1,52,8,-1,-1,-1,-1,10,E01017876,0,1
2024131526323,2024,131526323,1,9,0,-1,19,7,3,-1,0,0,0,0,0,0,1,1,-1,2,1,32,6,-1,-1,-1,-1,2,E01010628,0,4
2024311460346,2024,311460346,2,1,0,-1,13,5,1,-1,0,0,0,0,0,0,3,1,-1,2,1,48,8,-1,-1,-1,-1,4,E01027957,0,1
2024332401024,2024,332401024,2,9,0,-1,19,6,1,-1,0,0,0,0,0,0,1,1,-1,6,3,-1,-1,-1,-1,-1,-1,-1,-1,0,-1
2024052402248,2024,052402248,2,9,0,18,19,1,5,0,0,1,0,0,0,0,3,1,1,1,3,-1,-1,-1,-1,-1,-1,-1,-1,0,-1
2024421465109,2024,421465109,1,9,0,-1,4,8,4,-1,0,1,0,0,0,0,1,9,-1,6,1,30,6,-1,-1,-1,-1,-1,-1,0,-1
2024421515426,2024,421515426,2,1,0,-1,12,8,8,-1,0,0,0,0,0,0,2,1,-1,9,1,9,2,-1,-1,-1,-1,5,E01021814,0,1
2024440483383,2024,440483383,1,1,0,18,19,1,5,0,0,6,0,0,0,0,0,1,6,6,2,68,10,-1,-1,-1,-1,1,E01017240,0,1
2024061498720,2024,061498720,2,9,0,-1,19,-1,-1,-1,99,0,0,0,0,0,1,1,-1,6,3,-1,-1,-1,-1,-1,-1,-1,-1,0,-1
2024430172101,2024,430172101,1,9,0,13,13,7,3,0,0,0,0,0,0,0,1,1,6,6,2,40,7,-1,-1,-1,-1,9,E01033955,0,3
2024421473100,2024,421473100,2,98,1,-1,19,6,3,-1,0,8,0,0,0,0,2,1,-1,6,-1,18,4,-1,-1,-1,-1,-1,-1,0,-1
2024061462797,2024,061462797,2,90,0,-1,5,-1,-1,-1,0,0,0,99,0,0,1,9,-1,6,3,-1,-1,-1,-1,-1,-1,-1,-1,0,-1
2024440498753,2024,440498753,1,-1,0,18,19,7,3,0,0,6,0,0,0,0,4,1,6,6,1,20,4,-1,-1,-1,-1,-1,-1,1,-1
2024010487904,2024,010487904,1,9,0,18,19,1,5,9,9,5,1,0,7,0,1,1,6,6,3,23,5,-1,-1,-1,-1,-1,-1,0,-1
2024201403478,2024,201403478,2,9,0,-1,19,5,1,-1,0,8,0,0,0,0,1,9,-1,6,3,-1,-1,-1,-1,-1,-1,-1,-1,0,-1
2024010539265,2024,010539265,1,1,9,99,99,9,9,99,99,9,9,99,9,99,1,1,2,2,1,27,6,-1,-1,-1,-1,4,E01034032,0,2
2024041533700,2024,041533700,1,9,0,-1,19,-1,-1,-1,0,0,0,0,0,0,1,9,-1,6,3,-1,-1,-1,-1,-1,-1,-1,-1,0,-1
2024010517511,2024,010517511,1,1,9,99,99,9,9,99,99,1,9,99,9,99,0,1,2,2,1,59,9,-1,-1,-1,-1,5,E01002214,0,1
2024131499711,2024,131499711,1,9,0,-1,19,5,1,-1,0,0,5,0,0,0,1,1,-1,9,1,76,11,-1,-1,-1,-1,8,E01010861,0,2
2024052401507,2024,052401507,1,9,0,5,5,5,8,0,0,1,0,0,0,0,1,1,6,6,3,-1,-1,-1,-1,-1,-1,-1,-1,0,-1
2024161441275,2024,161441275,4,11,0,-1,19,6,2,-1,0,2,0,0,0,0,2,1,-1,1,1,36,7,-1,-1,-1,-1,6,E01013039,0,1
2024071065240,2024,071065240,2,9,0,-1,19,2,6,-1,0,0,0,0,0,0,2,1,-1,6,2,-1,-1,-1,-1,-1,-1,-1,-1,0,-1
2024010488143,2024,010488143,2,9,0,99,99,9,9,99,99,9,9,99,9,99,9,9,6,6,3,-1,-1,-1,-1,-1,-1,-1,-1,0,-1
2024471434571,2024,471434571,1,9,0,-1,19,5,1,-1,0,1,0,0,6,0,3,1,-1,1,2,90,11,-1,-1,-1,-1,8,E01031416,0,1
2024320760170,2024,320760170,2,9,0,9,9,4,2,0,0,5,0,0,0,0,2,1,6,6,1,64,9,-1,-1,-1,-1,3,E01026248,0,1
2024211513194,2024,211513194,1,9,0,-1,19,-1,-1,-1,-1,0,-1,-1,-1,0,2,1,-1,6,3,-1,-1,-1,-1,-1,-1,-1,-1,0,-1
2024520500266,2024,520500266,2,9,0,18,19,2,6,0,0,0,0,0,0,0,1,1,6,6,1,28,6,-1,-1,-1,-1,10,E01029104,0,1
2024010490449,2024,010490449,1,1,0,18,19,7,3,0,0,8,0,0,0,0,1,1,2,2,1,24,5,-1,-1,-1,-1,4,E01004270,0,1
2024332400905,2024,332400905,1,9,0,-1,1,3,7,-1,0,6,0,0,0,0,2,1,-1,2,1,22,5,-1,-1,-1,-1,3,E01013683,0,1
2024201436041,2024,201436041,1,9,0,-1,19,2,6,-1,0,0,0,0,0,0,1,9,-1,6,1,23,5,-1,-1,-1,-1,7,E01009870,0,2
2024320621262,2024,320621262,2,1,0,-1,-1,3,7,9,9,8,0,0,0,0,3,1,6,6,1,25,5,-1,-1,-1,-1,-1,-1,0,-1
2024010514340,2024,010514340,1,1,9,99,99,9,9,99,99,9,9,99,9,99,9,1,6,6,1,36,7,-1,-1,-1,-1,5,E01002244,0,1
2024161519761,2024,161519761,3,19,0,-1,2,0,0,-1,0,0,0,0,0,0,2,9,-1,6,3,-1,-1,-1,-1,-1,-1,-1,-1,0,-1
2024122500358,2024,122500358,1,9,0,9,9,4,2,0,0,8,0,0,0,0,1,1,1,1,1,34,6,-1,-1,-1,-1,1,E01010611,0,4
2024211460512,2024,211460512,2,1,0,-1,19,1,1,-1,0,2,0,0,0,0,1,1,-1,9,1,44,7,-1,-1,-1,-1,-1,-1,0,-1
2024010496880,2024,010496880,2,9,0,99,99,9,9,99,99,0,9,99,9,99,9,9,6,6,3,-1,-1,-1,-1,-1,-1,-1,-1,0,-1
2024451501291,2024,451501291,1,9,0,-1,19,7,3,-1,0,1,0,0,0,0,3,1,-1,6,1,23,5,-1,-1,-1,-1,3,E01003373,0,3
2024501447556,2024,501447556,1,1,0,-1,19,3,7,-1,2,0,0,0,0,0,1,1,-1,2,1,56,9,-1,-1,-1,-1,7,E01019996,0,1
2024010491806,2024,010491806,3,19,0,5,5,3,7,0,0,2,0,0,0,0,1,1,2,2,1,34,6,-1,-1,-1,-1,2,E01000990,0,1
2024010488461,2024,010488461,1,1,9,99,99,9,9,99,99,9,9,99,9,99,9,1,6,6,1,28,6,-1,-1,-1,-1,6,E01001989,0,1
2024010505108,2024,010505108,1,1,9,99,99,9,9,99,99,9,9,99,9,99,9,1,2,2,1,48,8,-1,-1,-1,-1,6,E01003279,0,2
2024201496666,2024,201496666,1,9,0,-1,5,1,5,-1,0,6,0,0,0,0,1,9,-1,6,1,54,8,-1,-1,-1,-1,-1,-1,0,-1
2024010520029,2024,010520029,1,9,9,99,99,9,9,99,99,9,5,99,9,99,9,9,6,6,3,-1,-1,-1,-1,-1,-1,-1,-1,0,-1
2024010498788,2024,010498788,2,9,0,99,99,9,9,0,0,0,0,0,0,0,1,1,6,6,2,-1,-1,-1,-1,-1,-1,-1,-1,0,-1
2024010538545,2024,010538545,1,90,0,99,99,9,9,99,99,9,9,99,9,99,1,9,6,6,1,39,7,-1,-1,-1,-1,2,E01033883,0,1
2024010493382,2024,010493382,2,9,0,18,19,5,1,0,0,2,0,0,0,0,1,2,2,2,1,18,4,-1,-1,-1,-1,9,E01000115,0,1
2024211472042,2024,211472042,1,9,0,-1,19,5,1,-1,0,2,1,4,0,0,1,1,-1,9,1,61,9,-1,-1,-1,-1,-1,-1,0,-1
2024010491118,2024,010491118,2,9,0,18,19,2,6,0,0,1,0,0,4,1,4,1,2,2,2,37,7,-1,-1,-1,-1,9,E01000425,0,2
2024101514457,2024,101514457,1,23,0,-1,19,5,1,-1,0,0,0,0,0,0,1,1,-1,9,2,56,9,-1,-1,-1,-1,7,E01008193,0,1
2024010491230,2024,010491230,1,3,0,99,99,9,9,99,99,9,9,99,9,99,1,1,1,1,3,38,7,-1,-1,-1,-1,3,E01000405,0,2
2024421441715,2024,421441715,1,-1,0,-1,19,4,1,-1,0,1,0,0,0,0,0,1,-1,9,1,44,7,-1,-1,-1,-1,10,E01021710,1,1
2024471493009,2024,471493009,1,11,0,-1,9,3,1,-1,0,8,0,99,0,0,4,1,-1,1,1,50,8,-1,-1,-1,-1,4,E01020915,0,4
2024501470899,2024,501470899,2,90,0,-1,19,2,6,-1,0,0,0,0,0,0,3,2,-1,9,1,76,11,-1,-1,-1,-1,8,E01025687,0,5
2024201428261,2024,201428261,1,9,0,-1,19,4,8,-1,0,4,0,0,0,0,2,9,-1,9,3,-1,-1,-1,-1,-1,-1,-1,-1,0,-1
2024061466865,2024,061466865,2,9,0,-1,19,7,3,-1,0,1,0,0,0,0,0,1,-1,2,2,40,7,-1,-1,-1,-1,2,E01034108,0,1
2024401412445,2024,401412445,1,1,0,-1,19,3,3,-1,0,0,0,0,0,0,0,1,-1,6,1,28,6,-1,-1,-1,-1,6,E01017511,0,1
2024522402095,2024,522402095,2,9,0,18,19,6,2,0,0,1,0,0,0,0,1,1,6,6,3,-1,-1,-1,-1,-1,-1,-1,-1,0,-1
2024010507178,2024,010507178,1,9,0,10,10,3,8,0,0,8,0,0,0,0,2,1,6,6,1,63,9,-1,-1,-1,-1,3,E01002056,0,1
2024411462552,2024,411462552,2,97,0,-1,19,1,5,-1,0,3,0,0,0,0,1,1,-1,6,1,22,5,-1,-1,-1,-1,5,E01000146,0,4
2024010487044,2024,010487044,1,9,0,18,19,5,1,0,0,8,0,0,1,0,0,1,3,7,2,39,7,-1,-1,-1,-1,5,E01004523,0,2
2024421451523,2024,421451523,1,9,0,-1,19,-1,-1,-1,0,0,0,0,0,0,-1,9,-1,6,2,39,7,-1,-1,-1,-1,5,E01014063,0,5
2024332400896,2024,332400896,2,1,0,-1,14,8,3,-1,0,0,0,0,0,0,1,1,-1,9,1,45,7,-1,-1,-1,-1,6,E01033386,0,1
2024501454885,2024,501454885,3,9,0,-1,19,1,5,-1,0,4,0,0,0,0,1,1,-1,9,2,32,6,-1,-1,-1,-1,5,E01020101,0,3
2024411537140,2024,411537140,2,1,0,-1,19,1,4,-1,0,0,0,0,0,0,3,1,-1,6,1,70,10,-1,-1,-1,-1,10,E01023642,0,1
2024501433641,2024,501433641,2,1,0,-1,19,7,3,-1,4,0,2,0,0,0,1,1,-1,6,1,59,9,-1,-1,-1,-1,4,E01019059,0,1
2024111451915,2024,111451915,2,9,0,-1,2,0,0,-1,9,2,0,0,0,0,4,1,-1,6,1,37,7,-1,-1,-1,-1,2,E01034502,0,3
2024211522615,2024,211522615,1,1,0,-1,19,5,1,-1,0,0,0,0,0,0,1,1,-1,6,3,-1,-1,-1,-1,-1,-1,-1,-1,0,-1
2024631402951,2024,631402951,1,9,0,-1,13,4,8,-1,0,0,0,0,0,0,0,1,-1,6,3,-1,-1,-1,-1,-1,-1,-1,-1,0,-1
2024545677324,2024,545677324,1,9,0,18,19,8,4,0,0,1,5,0,1,11,4,1,6,6,2,29,6,-1,-1,-1,-1,7,E01032077,0,2
2024622400497,2024,622400497,1,1,0,18,19,3,7,0,0,8,0,0,0,0,1,1,6,6,1,16,4,-1,-1,-1,-1,1,W01001260,0,1
2024332400910,2024,332400910,2,9,0,-1,19,8,4,-1,0,8,0,0,0,0,1,1,-1,6,3,-1,-1,-1,-1,-1,-1,-1,-1,0,-1
2024332400061,2024,332400061,1,2,0,-1,19,1,5,-1,0,6,0,0,0,0,1,1,-1,6,1,11,3,-1,-1,-1,-1,2,E01013639,0,1
2024010490861,2024,010490861,2,90,0,9,9,5,3,0,0,1,0,0,7,0,0,1,6,6,3,-1,-1,-1,-1,-1,-1,-1,-1,0,-1
2024010539739,2024,010539739,2,9,0,99,99,9,9,99,99,9,9,99,9,99,1,9,6,6,3,-1,-1,-1,-1,-1,-1,-1,-1,0,-1
2024201517739,2024,201517739,2,8,0,-1,19,3,7,-1,0,8,0,0,0,0,1,1,-1,6,1,47,8,-1,-1,-1,-1,1,E01034933,0,1
2024101397835,2024,101397835,1,9,0,-1,7,5,7,-1,0,5,0,0,0,0,4,9,-1,6,3,-1,-1,-1,-1,-1,-1,-1,-1,0,-1
2024010514589,2024,010514589,2,1,0,4,4,3,7,9,9,1,0,0,0,0,1,1,6,6,2,74,10,-1,-1,-1,-1,9,E01003864,0,1
2024991413629,2024,991413629,1,9,0,-1,7,3,4,-1,-1,6,0,0,0,0,1,1,-1,6,3,35,6,-1,-1,-1,-1,-1,-1,0,-1
2024010523335,2024,010523335,1,1,9,99,99,9,9,4,4,1,9,99,9,99,1,1,6,6,1,36,7,-1,-1,-1,-1,5,E01002565,0,1