collision_index,collision_year,collision_ref_no,vehicle_reference,vehicle_type,towing_and_articulation,vehicle_manoeuvre_historic,vehicle_manoeuvre,vehicle_direction_from,vehicle_direction_to,vehicle_location_restricted_lane_historic,vehicle_location_restricted_lane,junction_location,skidding_and_overturning,hit_object_in_carriageway,vehicle_leaving_carriageway,hit_object_off_carriageway,first_point_of_impact,vehicle_left_hand_drive,journey_purpose_of_driver_historic,journey_purpose_of_driver,sex_of_driver,age_of_driver,age_band_of_driver,engine_capacity_cc,propulsion_code,age_of_vehicle,generic_make_model,driver_imd_decile,lsoa_of_driver,escooter_flag,driver_distance_banding
2024161430939,2024,161430939,2,19,0,-1,19,8,4,-1,0,8,0,0,0,0,1,9,-1,6,3,-1,-1,-1,-1,-1,-1,-1,-1,0,-1
2024991441258,2024,991441258,1,9,0,-1,19,4,7,-1,0,3,0,0,0,0,1,1,-1,2,1,47,8,-1,-1,-1,-1,6,-1,0,3
2024522401089,2024,522401089,2,1,0,18,19,5,1,0,0,8,1,0,0,0,1,1,6,6,1,34,6,-1,-1,-1,-1,3,E01014404,0,2
2024201482406,2024,201482406,1,19,0,-1,19,1,3,-1,0,4,0,0,0,0,1,1,-1,6,1,40,7,-1,-1,-1,-1,-1,-1,0,-1
2024010489276,2024,010489276,2,9,0,7,7,5,6,0,0,0,0,0,0,0,1,1,6,6,2,21,5,-1,-1,-1,-1,5,E01023547,0,1
2024320407014,2024,320407014,1,1,0,9,9,4,2,0,0,6,0,0,0,0,3,1,-1,-1,1,15,3,-1,-1,-1,-1,4,E01026090,0,1
2024461462047,2024,461462047,1,9,0,-1,19,5,6,-1,0,0,0,0,0,0,-1,9,-1,6,3,-1,-1,-1,-1,-1,-1,-1,-1,0,-1
2024010542446,2024,010542446,2,1,0,9,9,3,8,0,0,0,0,0,0,0,4,1,1,1,1,41,7,-1,-1,-1,-1,2,E01000429,0,1
2024122400466,2024,122400466,1,9,0,18,19,5,1,0,0,0,0,4,0,0,1,1,6,6,2,85,11,-1,-1,-1,-1,8,E01027876,0,1
2024411488988,2024,411488988,1,9,0,-1,19,7,3,-1,0,0,0,0,0,0,1,1,-1,1,1,59,9,-1,-1,-1,-1,10,E01035582,0,3
2024010492529,2024,010492529,1,1,9,99,99,9,9,99,99,9,9,99,9,99,1,1,6,6,3,-1,-1,-1,-1,-1,-1,-1,-1,0,-1
2024471469511,2024,471469511,1,1,0,-1,9,5,2,-1,0,2,0,0,0,0,1,1,-1,6,1,17,4,-1,-1,-1,-1,6,E01034825,0,1
2024501512275,2024,501512275,2,1,0,-1,19,5,1,-1,0,0,0,4,0,0,3,1,-1,1,1,37,7,-1,-1,-1,-1,1,E01015155,0,1
2024010487131,2024,010487131,2,3,0,18,19,5,1,0,0,1,0,0,0,0,1,1,2,2,1,33,6,-1,-1,-1,-1,3,E01034484,0,3
2024552401041,2024,552401041,1,9,0,4,4,3,7,0,0,0,0,0,0,0,1,1,6,6,3,-1,-1,-1,-1,-1,-1,-1,-1,0,-1
2024201428423,2024,201428423,1,9,0,-1,9,6,4,-1,0,5,0,0,0,0,1,9,-1,6,3,-1,-1,-1,-1,-1,-1,-1,-1,0,-1
2024010526390,2024,010526390,1,9,0,18,19,1,5,0,0,1,0,0,0,0,1,1,1,1,1,35,6,-1,-1,-1,-1,6,E01001408,0,3
2024010493193,2024,010493193,2,9,0,17,19,4,2,0,0,1,1,0,0,0,1,1,6,6,2,25,5,-1,-1,-1,-1,2,E01004198,0,1
2024010505834,2024,010505834,1,9,0,18,19,7,3,0,0,0,0,11,0,0,3,1,2,2,2,25,5,-1,-1,-1,-1,7,E01002428,0,1
2024201423262,2024,201423262,1,9,0,-1,19,6,2,-1,0,0,0,0,0,0,1,9,-1,6,1,-1,-1,-1,-1,-1,-1,-1,-1,0,-1
2024440279875,2024,440279875,2,9,0,18,19,6,2,0,0,2,0,0,0,0,1,1,1,1,1,-1,-1,-1,-1,-1,-1,-1,-1,0,-1
2024010534712,2024,010534712,2,1,0,18,19,2,6,5,5,1,0,0,0,0,1,1,6,6,1,21,5,-1,-1,-1,-1,3,E01003618,0,1
2024010488583,2024,010488583,2,9,0,9,9,5,2,0,0,6,0,0,0,0,1,1,1,1,1,38,7,-1,-1,-1,-1,7,E01002412,0,1
2024131504558,2024,131504558,2,1,0,-1,4,6,2,-1,0,1,0,0,0,0,2,1,-1,2,1,25,5,-1,-1,-1,-1,1,E01010828,0,1
2024010543054,2024,010543054,2,1,0,9,9,4,3,0,0,1,0,0,0,0,1,1,1,1,1,34,6,-1,-1,-1,-1,5,E01003666,0,3
2024340WN1382,2024,340WN1382,2,1,0,-1,19,8,4,-1,0,3,0,0,0,0,4,1,-1,9,1,27,6,-1,-1,-1,-1,2,E01027214,0,1
2024101450567,2024,101450567,1,9,0,-1,19,3,7,-1,0,1,0,0,0,0,1,9,-1,6,1,-1,-1,-1,-1,-1,-1,-1,-1,0,-1
2024501535671,2024,501535671,1,5,0,-1,19,7,3,-1,0,1,1,0,0,0,1,1,-1,9,1,38,7,-1,-1,-1,-1,6,E01034627,0,1
2024010491017,2024,010491017,1,9,0,4,4,3,7,0,0,0,0,0,0,0,1,1,3,7,1,46,8,-1,-1,-1,-1,3,E01004323,0,1
2024430163744,2024,430163744,1,9,0,16,19,5,8,0,0,0,1,0,0,0,4,1,6,6,1,33,6,-1,-1,-1,-1,3,E01015510,0,4
2024371466194,2024,371466194,2,1,0,-1,19,6,2,-1,0,1,0,0,0,0,1,1,-1,1,1,31,6,-1,-1,-1,-1,3,E01030123,0,1
2024010516734,2024,010516734,1,19,0,7,7,3,5,0,0,8,0,0,0,0,0,1,6,6,1,-1,-1,-1,-1,-1,-1,-1,-1,0,-1
2024010515717,2024,010515717,2,9,0,99,99,9,9,99,99,9,9,99,9,99,1,9,6,6,3,34,6,-1,-1,-1,-1,-1,-1,0,-1
2024010523525,2024,010523525,2,1,9,99,99,9,9,99,99,1,9,99,9,99,9,1,2,2,1,33,6,-1,-1,-1,-1,5,E01001275,0,2
2024401521539,2024,401521539,2,1,-1,-1,-1,-1,-1,-1,-1,0,-1,-1,-1,0,-1,1,-1,9,1,22,5,-1,-1,-1,-1,2,E01015774,0,1
2024340NN2152,2024,340NN2152,1,9,0,-1,19,5,1,-1,0,1,0,0,0,0,4,1,-1,6,1,-1,-1,-1,-1,-1,-1,-1,-1,0,-1
2024622400699,2024,622400699,1,9,0,18,19,2,6,0,0,8,0,0,0,0,1,1,2,2,1,46,8,-1,-1,-1,-1,9,W01001135,0,2
2024631459430,2024,631459430,1,9,0,-1,19,4,8,-1,0,1,0,0,0,0,1,1,-1,6,3,-1,-1,-1,-1,-1,-1,-1,-1,0,-1
2024010534261,2024,010534261,2,1,0,18,19,5,1,0,0,1,0,0,0,0,1,1,6,6,1,51,8,-1,-1,-1,-1,-1,-1,0,-1
2024141490620,2024,141490620,2,1,0,-1,19,7,3,-1,0,8,0,0,0,0,3,1,-1,6,1,53,8,-1,-1,-1,-1,5,E01007696,0,3
2024010527547,2024,010527547,2,9,0,9,9,5,2,0,0,1,0,0,0,0,4,1,6,6,1,-1,-1,-1,-1,-1,-1,-1,-1,0,-1
2024061532875,2024,061532875,2,90,0,-1,2,0,0,-1,9,0,0,0,0,0,3,1,-1,1,1,33,6,-1,-1,-1,-1,1,E01006016,0,2
2024430464132,2024,430464132,2,1,0,18,19,2,6,0,0,6,0,0,0,0,1,1,4,7,1,13,3,-1,-1,-1,-1,8,E01017660,0,1
202454B178124,2024,54B178124,2,1,0,18,19,6,2,0,0,0,0,0,0,0,3,1,6,6,1,15,3,-1,-1,-1,-1,3,E01031956,0,1
2024461521940,2024,461521940,2,22,0,-1,19,5,1,-1,0,0,2,0,0,0,2,1,-1,6,2,96,11,-1,-1,-1,-1,-1,-1,0,-1
2024010513034,2024,010513034,2,98,9,99,99,9,9,99,99,9,9,99,9,99,9,9,6,6,3,-1,-1,-1,-1,-1,-1,-1,-1,0,-1
2024421404141,2024,421404141,1,9,0,-1,19,5,1,-1,0,3,0,0,0,0,4,9,-1,6,3,-1,-1,-1,-1,-1,-1,-1,-1,0,-1
2024010491641,2024,010491641,2,9,0,99,99,9,9,99,99,9,9,99,9,99,9,9,6,6,3,-1,-1,-1,-1,-1,-1,-1,-1,0,-1
2024351502091,2024,351502091,1,98,-1,-1,-1,-1,-1,-1,-1,-1,-1,-1,-1,0,-1,9,-1,6,3,-1,-1,-1,-1,-1,-1,-1,-1,0,-1
2024010519286,2024,010519286,1,1,9,99,99,9,9,99,99,9,9,99,9,99,2,1,6,6,2,53,8,-1,-1,-1,-1,3,E01034140,0,1
2024546207924,2024,546207924,1,1,0,10,10,4,8,0,0,0,0,0,0,0,3,1,6,6,1,41,7,-1,-1,-1,-1,5,E01032048,0,1
2024361505496,2024,361505496,2,9,0,-1,13,4,3,-1,0,0,0,0,0,0,1,1,-1,1,1,59,9,-1,-1,-1,-1,8,E01030293,0,4
2024201536127,2024,201536127,3,9,0,-1,2,0,0,-1,0,2,0,0,0,0,4,1,-1,2,2,51,8,-1,-1,-1,-1,4,E01028847,0,4
2024010495634,2024,010495634,1,19,0,99,99,9,9,99,99,9,9,99,9,99,9,9,1,1,1,34,6,-1,-1,-1,-1,4,E01003405,0,1
2024122400184,2024,122400184,2,9,0,18,19,1,5,0,0,0,0,0,0,0,2,1,6,6,2,51,8,-1,-1,-1,-1,8,E01034967,0,3
2024010507099,2024,010507099,2,23,0,18,19,7,3,0,0,1,0,0,0,0,2,1,1,1,1,31,6,-1,-1,-1,-1,2,E01001161,0,1
2024501492150,2024,501492150,2,9,0,-1,19,7,3,-1,0,0,1,0,7,0,4,9,-1,6,1,24,5,-1,-1,-1,-1,2,E01015242,0,3
2024041481031,2024,041481031,2,1,0,-1,19,3,7,-1,0,0,0,0,0,0,4,1,-1,6,1,6,2,-1,-1,-1,-1,1,E01024908,0,1
2024320654355,2024,320654355,2,9,0,-1,-1,6,2,0,0,1,0,10,1,0,2,1,-1,-1,1,49,8,-1,-1,-1,-1,-1,-1,0,-1
2024421410335,2024,421410335,2,1,0,-1,19,8,3,-1,9,0,0,0,0,0,0,1,-1,9,2,7,2,-1,-1,-1,-1,8,E01035159,0,1
2024471469805,2024,471469805,2,9,0,-1,19,7,3,-1,0,0,0,0,0,0,1,1,-1,2,1,38,7,-1,-1,-1,-1,8,E01031840,0,4
2024010528410,2024,010528410,1,1,5,99,99,9,9,0,0,9,9,0,0,0,9,1,6,6,3,29,6,-1,-1,-1,-1,8,E01004514,0,1
2024031450722,2024,031450722,1,1,0,-1,19,8,5,-1,0,0,1,0,0,0,1,1,-1,9,1,35,6,-1,-1,-1,-1,-1,-1,0,-1
2024211527971,2024,211527971,1,9,4,-1,19,7,3,-1,-1,0,0,0,0,0,3,1,-1,6,1,68,10,-1,-1,-1,-1,5,E01019611,0,3
2024340NN4482,2024,340NN4482,2,9,0,-1,9,5,3,-1,0,3,0,0,0,0,4,1,-1,6,1,43,7,-1,-1,-1,-1,6,E01027090,0,2
2024010522940,2024,010522940,2,9,0,99,99,9,9,99,99,5,9,99,9,99,1,9,6,6,3,-1,-1,-1,-1,-1,-1,2,E01001263,0,1
2024111438299,2024,111438299,2,9,0,-1,19,4,8,-1,0,1,0,0,0,0,1,9,-1,6,1,30,6,-1,-1,-1,-1,-1,-1,0,-1
2024010490383,2024,010490383,1,9,0,99,99,9,9,99,99,9,9,99,9,99,9,9,6,6,2,44,7,-1,-1,-1,-1,6,E01003223,0,1
2024010516297,2024,010516297,1,1,0,7,7,3,5,0,0,1,0,0,0,0,2,1,6,6,1,52,8,-1,-1,-1,-1,2,E01033148,0,1
2024440291150,2024,440291150,1,1,0,18,19,2,6,0,0,8,0,0,0,0,3,1,2,2,1,19,4,-1,-1,-1,-1,6,E01034717,0,1
2024201494529,2024,201494529,1,9,0,-1,9,1,7,-1,0,6,0,0,0,0,1,9,-1,6,1,35,6,-1,-1,-1,-1,-1,-1,0,-1
2024131470130,2024,131470130,1,1,0,-1,19,7,3,-1,0,0,0,0,0,0,1,1,-1,6,3,-1,-1,-1,-1,-1,-1,-1,-1,0,-1
2024332400121,2024,332400121,1,9,0,-1,19,3,8,-1,0,0,2,0,1,4,1,1,-1,9,2,30,6,-1,-1,-1,-1,6,E01025897,0,4
2024010509196,2024,010509196,2,1,0,18,19,1,5,0,0,0,0,8,0,0,1,1,2,2,1,44,7,-1,-1,-1,-1,8,E01027297,0,4
2024440503224,2024,440503224,1,9,0,3,3,7,3,0,0,1,0,0,0,0,2,1,1,1,1,27,6,-1,-1,-1,-1,3,E01032738,0,1
2024430279383,2024,430279383,1,1,0,13,13,4,8,0,0,8,0,0,0,0,1,1,1,1,1,17,4,-1,-1,-1,-1,-1,-1,0,-1
2024351416645,2024,351416645,1,9,0,-1,-1,-1,-1,-1,-1,-1,-1,-1,-1,0,-1,9,-1,6,3,-1,-1,-1,-1,-1,-1,-1,-1,0,-1
2024010508307,2024,010508307,1,9,0,7,7,7,1,0,0,6,0,0,0,0,4,1,6,6,1,32,6,-1,-1,-1,-1,7,E01002171,0,3
2024010509144,2024,010509144,1,98,0,99,99,9,9,99,99,9,9,99,9,99,2,9,6,6,1,29,6,-1,-1,-1,-1,3,E01003068,0,3
2024141418985,2024,141418985,1,9,0,-1,19,1,5,-1,0,0,0,0,0,0,0,9,-1,6,3,-1,-1,-1,-1,-1,-1,-1,-1,0,-1
2024122401184,2024,122401184,2,9,0,17,19,7,3,0,0,0,0,0,0,0,3,1,6,6,1,75,10,-1,-1,-1,-1,6,E01011738,0,4
2024622400587,2024,622400587,2,1,0,16,19,6,8,0,0,1,0,0,0,0,1,1,6,6,2,38,7,-1,-1,-1,-1,8,W01000892,0,3
2024430512167,2024,430512167,2,1,0,18,19,5,1,0,0,8,0,0,0,0,1,1,6,6,2,34,6,-1,-1,-1,-1,10,E01016604,0,2
2024401432669,2024,401432669,2,1,0,-1,-1,-1,-1,-1,-1,-1,-1,-1,-1,0,2,1,-1,2,1,28,6,-1,-1,-1,-1,5,E01017557,0,1
2024041420760,2024,041420760,1,9,0,-1,1,1,5,-1,0,0,0,0,0,0,2,9,-1,6,-1,-1,-1,-1,-1,-1,-1,-1,-1,0,-1
2024461453695,2024,461453695,2,1,0,-1,19,-1,-1,-1,0,1,0,0,0,0,1,1,-1,7,1,15,3,-1,-1,-1,-1,9,E01032813,0,1
2024070889799,2024,070889799,1,9,0,-1,13,5,1,-1,0,0,0,2,0,-1,4,9,-1,6,3,-1,-1,-1,-1,-1,-1,-1,-1,0,-1
2024131457540,2024,131457540,2,1,0,-1,19,7,3,-1,0,8,5,0,0,0,4,1,-1,6,1,14,3,-1,-1,-1,-1,1,E01010722,0,1
2024131416692,2024,131416692,1,9,0,-1,-1,-1,-1,-1,-1,0,-1,-1,-1,0,-1,1,-1,6,3,-1,-1,-1,-1,-1,-1,-1,-1,0,-1
2024401525872,2024,401525872,1,9,0,-1,9,5,3,-1,0,0,5,0,0,0,1,1,-1,6,2,68,10,-1,-1,-1,-1,10,E01017419,0,1
2024010524615,2024,010524615,2,1,0,18,19,3,7,0,0,2,0,0,0,0,1,1,6,6,1,52,8,-1,-1,-1,-1,2,E01001961,0,1
2024471413644,2024,471413644,2,9,0,-1,14,-1,-1,-1,99,0,1,0,0,0,3,1,-1,6,2,-1,-1,-1,-1,-1,-1,-1,-1,0,-1
2024461522059,2024,461522059,1,99,0,-1,19,7,3,-1,0,0,0,0,0,0,1,9,-1,6,1,43,7,-1,-1,-1,-1,1,E01024597,0,1
2024010495054,2024,010495054,2,9,0,99,99,9,9,99,99,0,9,99,9,99,1,9,6,6,1,-1,-1,-1,-1,-1,-1,6,E01000400,0,1
2024010528369,2024,010528369,1,9,0,7,7,4,7,0,0,1,0,0,1,0,4,1,6,6,3,-1,-1,-1,-1,-1,-1,-1,-1,0,-1
2024010494422,2024,010494422,1,9,0,18,19,1,5,0,0,0,0,0,0,0,1,1,6,6,1,50,8,-1,-1,-1,-1,6,E01001214,0,1
2024010532059,2024,010532059,1,1,9,99,99,9,9,99,99,9,9,99,9,99,9,1,2,2,2,30,6,-1,-1,-1,-1,8,E01004545,0,1
2024320650722,2024,320650722,1,9,0,-1,-1,2,6,0,0,3,0,0,0,0,1,1,6,6,3,-1,-1,-1,-1,-1,-1,-1,-1,0,-1
2024201499993,2024,201499993,1,9,0,-1,4,4,1,-1,0,2,0,0,0,0,1,1,-1,6,1,18,4,-1,-1,-1,-1,1,E01009152,0,1
2024010516709,2024,010516709,2,1,0,17,19,3,7,0,0,8,0,0,0,0,4,1,2,2,1,37,7,-1,-1,-1,-1,2,E01001206,0,1
2024161485992,2024,161485992,2,9,0,-1,19,3,7,-1,0,1,0,0,0,0,1,1,-1,6,3,-1,-1,-1,-1,-1,-1,-1,-1,0,-1
2024201417604,2024,201417604,2,9,0,-1,19,2,6,-1,0,8,0,0,0,0,1,1,-1,9,3,40,7,-1,-1,-1,-1,-1,-1,0,-1
2024451403932,2024,451403932,1,98,0,-1,19,7,3,-1,0,0,0,0,0,0,4,9,-1,6,3,45,7,-1,-1,-1,-1,-1,-1,0,-1
2024131400112,2024,131400112,1,9,0,-1,-1,-1,-1,-1,-1,0,-1,-1,-1,-1,-1,1,-1,6,3,-1,-1,-1,-1,-1,-1,-1,-1,0,-1
2024201489702,2024,201489702,2,9,0,-1,19,3,7,-1,0,8,0,0,0,0,1,9,-1,6,3,-1,-1,-1,-1,-1,-1,-1,-1,0,-1
2024010524336,2024,010524336,2,1,0,15,15,7,3,0,0,1,0,0,0,0,3,1,1,1,1,21,5,-1,-1,-1,-1,3,E01019497,0,5
2024141544753,2024,141544753,2,9,0,-1,19,3,7,-1,0,0,0,0,0,0,1,9,-1,6,3,-1,-1,-1,-1,-1,-1,-1,-1,0,-1
2024010544930,2024,010544930,1,20,0,5,5,5,1,0,0,8,0,0,0,0,4,1,6,6,3,-1,-1,-1,-1,-1,-1,-1,-1,0,-1
2024461463136,2024,461463136,3,9,0,-1,8,4,8,-1,0,1,0,0,0,0,3,1,-1,6,2,50,8,-1,-1,-1,-1,9,E01024791,0,1
2024010536139,2024,010536139,2,1,9,99,99,9,9,99,99,9,9,99,9,99,1,1,6,6,3,-1,-1,-1,-1,-1,-1,-1,-1,0,-1
2024302401192,2024,302401192,1,9,0,7,7,8,2,0,0,8,0,0,0,0,0,1,6,6,3,-1,-1,-1,-1,-1,-1,5,E01019456,0,3
2024421501102,2024,421501102,1,98,1,-1,19,8,4,-1,0,0,0,0,0,0,1,2,-1,6,1,-1,-1,-1,-1,-1,-1,-1,-1,0,-1
2024010497003,2024,010497003,2,9,0,99,99,9,9,99,99,0,9,99,9,99,9,9,6,6,3,-1,-1,-1,-1,-1,-1,-1,-1,0,-1
2024010539913,2024,010539913,2,1,0,5,5,3,7,0,0,0,0,0,0,0,1,1,6,6,1,32,6,-1,-1,-1,-1,4,E01004006,0,1
2024351447161,2024,351447161,1,9,-1,-1,-1,-1,-1,-1,-1,0,-1,-1,-1,0,-1,9,-1,6,2,-1,-1,-1,-1,-1,-1,-1,-1,0,-1
2024371515710,2024,371515710,1,9,0,-1,19,5,1,-1,0,0,0,0,0,0,1,1,-1,6,2,30,6,-1,-1,-1,-1,-1,-1,0,-1
2024471428178,2024,471428178,2,-1,0,-1,19,4,2,-1,0,4,0,0,0,0,4,1,-1,6,1,26,6,-1,-1,-1,-1,5,E01016974,1,1
2024141525463,2024,141525463,1,1,0,-1,19,6,2,-1,0,1,5,0,0,0,3,1,-1,2,1,57,9,-1,-1,-1,-1,2,E01007782,0,1
2024010548316,2024,010548316,2,11,0,99,99,9,9,99,99,9,9,99,9,99,9,9,6,6,3,-1,-1,-1,-1,-1,-1,-1,-1,0,-1
2024201485751,2024,201485751,1,99,0,-1,5,1,1,-1,0,0,0,0,0,0,1,1,-1,6,1,-1,-1,-1,-1,-1,-1,-1,-1,0,-1
2024010499176,2024,010499176,2,9,0,18,19,1,5,0,0,1,0,0,0,0,1,1,6,6,1,55,8,-1,-1,-1,-1,8,E01001399,0,2
2024542984124,2024,542984124,2,9,0,18,19,2,6,0,0,1,0,0,0,0,2,1,6,6,1,60,9,-1,-1,-1,-1,7,E01015520,0,1
2024471450331,2024,471450331,2,1,0,-1,19,7,3,-1,0,1,0,0,0,0,4,1,-1,9,1,51,8,-1,-1,-1,-1,9,E01031339,0,1
2024552401061,2024,552401061,1,19,0,9,9,3,2,0,0,6,0,0,0,0,3,1,1,1,1,28,6,-1,-1,-1,-1,7,E01020392,0,2
2024471435124,2024,471435124,1,1,0,-1,5,7,3,-1,0,0,0,0,0,0,1,1,-1,6,1,12,3,-1,-1,-1,-1,-1,-1,0,-1
2024010497209,2024,010497209,2,3,0,11,11,5,1,0,0,8,0,0,0,0,1,1,1,1,1,50,8,-1,-1,-1,-1,4,E01004425,0,2
2024430342844,2024,430342844,2,5,0,18,19,7,3,0,0,8,0,0,0,0,1,1,6,6,1,57,9,-1,-1,-1,-1,5,E01032340,0,4
2024302401413,2024,302401413,5,9,0,13,13,6,2,0,0,1,0,0,0,0,0,1,6,6,3,-1,-1,-1,-1,-1,-1,5,E01019456,0,4
2024461456446,2024,461456446,2,9,0,-1,19,6,2,-1,0,0,1,0,1,3,1,1,-1,9,2,27,6,-1,-1,-1,-1,2,E01023973,0,1
2024211448151,2024,211448151,2,9,0,-1,4,6,2,-1,0,0,0,0,0,0,2,9,-1,6,2,-1,-1,-1,-1,-1,-1,-1,-1,0,-1
2024010519829,2024,010519829,2,1,0,18,19,1,5,0,0,1,0,0,0,0,1,1,6,6,1,17,4,-1,-1,-1,-1,5,E01001301,0,3
2024481503873,2024,481503873,1,1,0,-1,3,3,7,-1,0,0,0,0,0,0,2,1,-1,2,2,38,7,-1,-1,-1,-1,-1,-1,0,-1
2024201504104,2024,201504104,2,1,0,-1,19,3,7,-1,0,1,0,0,0,0,1,1,-1,6,1,17,4,-1,-1,-1,-1,1,E01010275,0,2
2024411482613,2024,411482613,2,9,0,-1,14,5,1,-1,0,0,1,0,7,10,4,1,-1,6,1,21,5,-1,-1,-1,-1,9,E01023688,0,2
2024411515691,2024,411515691,1,1,0,-1,19,5,1,-1,9,0,0,0,0,0,1,1,-1,6,1,37,7,-1,-1,-1,-1,8,E01023907,0,1
202417M206024,2024,17M206024,1,9,0,-1,3,7,3,-1,0,0,0,0,0,0,2,1,-1,6,2,41,7,-1,-1,-1,-1,2,E01012042,0,2
2024440178927,2024,440178927,2,9,0,18,19,6,2,0,0,1,0,0,0,0,1,1,6,6,1,71,10,-1,-1,-1,-1,4,E01017297,0,2
2024421467736,2024,421467736,1,9,0,-1,5,7,3,-1,0,6,0,0,0,0,3,1,-1,6,1,22,5,-1,-1,-1,-1,3,E01034088,0,2
2024131529740,2024,131529740,1,9,0,-1,19,6,4,-1,0,0,0,0,0,0,2,1,-1,6,3,-1,-1,-1,-1,-1,-1,-1,-1,0,-1
2024211529757,2024,211529757,1,99,0,-1,19,3,7,-1,0,6,0,0,0,0,4,9,-1,6,3,21,5,-1,-1,-1,-1,-1,-1,0,-1
2024010544135,2024,010544135,1,9,0,18,19,1,5,0,0,8,0,0,0,0,1,1,6,6,3,-1,-1,-1,-1,-1,-1,-1,-1,0,-1
2024471481946,2024,471481946,1,1,0,-1,19,5,1,-1,0,1,0,0,0,0,3,1,-1,6,1,13,3,-1,-1,-1,-1,2,E01021091,0,1
202460Q017442,2024,60Q017442,1,9,0,9,9,3,7,0,0,3,0,0,0,0,1,1,6,6,1,20,4,-1,-1,-1,-1,-1,-1,0,-1
2024131415527,2024,131415527,1,1,0,-1,19,6,2,-1,0,0,0,0,0,0,3,1,-1,2,1,35,6,-1,-1,-1,-1,7,E01010572,0,2
2024421440403,2024,421440403,2,1,0,-1,19,1,5,-1,0,3,1,0,0,0,1,1,-1,2,1,32,6,-1,-1,-1,-1,5,E01035171,0,1
2024010533346,2024,010533346,2,1,0,18,19,4,8,0,0,0,0,0,0,0,1,1,1,1,1,25,5,-1,-1,-1,-1,5,E01004513,0,1
2024552401135,2024,552401135,2,23,0,18,19,3,7,0,0,8,0,0,0,0,1,1,6,6,1,17,4,-1,-1,-1,-1,4,E01015382,0,1
2024010547333,2024,010547333,1,9,0,99,99,9,9,99,99,9,9,99,9,99,1,9,6,6,3,-1,-1,-1,-1,-1,-1,3,E01001832,0,1
2024610056524,2024,610056524,2,9,0,11,11,8,4,0,0,0,0,0,0,0,0,1,6,6,1,-1,-1,-1,-1,-1,-1,-1,-1,0,-1
2024610018724,2024,610018724,1,9,0,18,19,8,4,0,0,0,0,0,0,0,1,1,6,6,2,39,7,-1,-1,-1,-1,2,W01001375,0,3
2024430256161,2024,430256161,1,-1,0,18,19,6,2,9,9,2,0,0,0,0,1,1,6,6,1,27,6,-1,-1,-1,-1,-1,-1,1,-1
2024451533181,2024,451533181,1,9,0,-1,19,1,3,-1,0,0,0,0,0,0,1,9,-1,6,3,24,5,-1,-1,-1,-1,-1,-1,0,-1
2024421506551,2024,421506551,1,9,0,-1,4,7,3,-1,0,1,0,0,0,0,1,2,-1,6,3,17,4,-1,-1,-1,-1,-1,-1,0,-1
2024351485475,2024,351485475,1,9,0,-1,19,7,3,-1,0,0,0,0,1,0,1,1,-1,6,2,80,11,-1,-1,-1,-1,5,E01032523,0,3
2024430458916,2024,430458916,1,9,0,18,19,7,3,0,0,4,0,0,0,0,1,1,6,6,1,47,8,-1,-1,-1,-1,-1,-1,0,-1
2024061484348,2024,061484348,1,9,0,-1,19,3,7,-1,0,8,0,0,0,0,1,1,-1,6,-1,40,7,-1,-1,-1,-1,-1,-1,0,-1
2024101400746,2024,101400746,1,98,0,-1,19,3,7,-1,0,8,0,0,0,0,1,1,-1,1,1,54,8,-1,-1,-1,-1,8,E01029713,0,5
2024311433244,2024,311433244,1,9,0,-1,19,5,1,-1,0,0,0,0,0,0,1,9,-1,6,3,30,6,-1,-1,-1,-1,-1,-1,0,-1
2024010541244,2024,010541244,2,1,0,18,19,3,7,0,0,0,0,0,0,0,1,1,6,6,1,28,6,-1,-1,-1,-1,3,E01001894,0,1
2024161450128,2024,161450128,2,1,0,-1,19,5,1,-1,0,0,2,0,0,0,1,1,-1,9,1,34,6,-1,-1,-1,-1,-1,-1,0,-1
2024991475331,2024,991475331,3,9,0,-1,19,6,2,-1,0,0,0,0,7,0,1,1,-1,9,1,58,9,-1,-1,-1,-1,-1,-1,0,-1
2024010526352,2024,010526352,1,1,0,18,19,1,5,0,0,4,0,0,0,0,1,1,2,2,1,32,6,-1,-1,-1,-1,3,E01034038,0,1
2024010490057,2024,010490057,2,9,9,99,99,9,9,99,99,9,9,99,9,99,1,9,6,6,3,-1,-1,-1,-1,-1,-1,-1,-1,0,-1
2024340WN2892,2024,340WN2892,1,9,0,-1,19,4,8,-1,0,-1,0,0,0,0,3,1,-1,2,2,39,7,-1,-1,-1,-1,8,E01027216,0,1
2024010505561,2024,010505561,1,-1,9,99,99,9,9,99,99,9,9,99,9,99,9,9,6,6,1,21,5,-1,-1,-1,-1,-1,-1,1,-1
2024411432279,2024,411432279,1,9,0,-1,5,5,3,-1,9,0,0,0,0,0,1,9,-1,6,2,45,7,-1,-1,-1,-1,9,E01023701,0,1
2024531454990,2024,531454990,1,9,0,-1,12,3,7,-1,0,1,0,0,0,0,1,1,-1,1,1,34,6,-1,-1,-1,-1,5,W01000846,0,5
2024010539446,2024,010539446,2,9,0,-1,-1,3,7,0,0,0,0,0,0,0,1,1,6,6,1,71,10,-1,-1,-1,-1,8,E01000791,0,2
2024201517973,2024,201517973,1,9,0,-1,5,8,4,-1,0,6,0,0,0,0,1,9,-1,6,3,-1,-1,-1,-1,-1,-1,-1,-1,0,-1
2024332400115,2024,332400115,1,19,0,-1,9,1,7,-1,0,5,0,0,0,0,4,1,-1,9,1,41,7,-1,-1,-1,-1,5,E01025824,0,1
2024991429375,2024,991429375,1,9,0,-1,9,8,6,-1,0,6,0,0,0,0,0,1,-1,6,3,50,8,-1,-1,-1,-1,-1,-1,0,-1
2024010525140,2024,010525140,1,9,0,18,19,7,3,0,0,1,0,0,0,0,1,2,6,6,1,40,7,-1,-1,-1,-1,-1,-1,0,-1
2024501456466,2024,501456466,1,1,0,-1,19,8,4,-1,0,0,0,0,0,0,9,1,-1,6,1,-1,-1,-1,-1,-1,-1,-1,-1,0,-1
2024401425749,2024,401425749,1,9,0,-1,-1,-1,-1,-1,-1,-1,-1,-1,-1,0,-1,9,-1,6,2,35,6,-1,-1,-1,-1,-1,-1,0,-1
2024430437091,2024,430437091,2,1,0,18,19,5,1,0,0,8,0,0,0,0,1,1,6,6,1,38,7,-1,-1,-1,-1,-1,-1,0,-1