collision_index,collision_year,collision_ref_no,vehicle_reference,vehicle_type,towing_and_articulation,vehicle_manoeuvre_historic,vehicle_manoeuvre,vehicle_direction_from,vehicle_direction_to,vehicle_location_restricted_lane_historic,vehicle_location_restricted_lane,junction_location,skidding_and_overturning,hit_object_in_carriageway,vehicle_leaving_carriageway,hit_object_off_carriageway,first_point_of_impact,vehicle_left_hand_drive,journey_purpose_of_driver_historic,journey_purpose_of_driver,sex_of_driver,age_of_driver,age_band_of_driver,engine_capacity_cc,propulsion_code,age_of_vehicle,generic_make_model,driver_imd_decile,lsoa_of_driver,escooter_flag,driver_distance_banding
2024070943735,2024,070943735,1,9,0,-1,19,1,1,-1,0,2,0,0,0,0,4,1,-1,2,1,42,7,-1,-1,-1,-1,4,E01018396,0,1
2024010490616,2024,010490616,2,9,0,12,12,7,3,0,0,1,0,0,0,0,3,1,1,1,1,58,9,-1,-1,-1,-1,-1,-1,0,-1
2024010492575,2024,010492575,2,9,0,2,2,0,0,0,0,0,0,0,0,0,0,1,6,6,3,-1,-1,-1,-1,-1,-1,-1,-1,0,-1
2024371462492,2024,371462492,3,9,0,-1,19,6,2,-1,0,0,0,0,0,0,2,1,-1,6,-1,-1,-1,-1,-1,-1,-1,-1,-1,0,-1
2024010497236,2024,010497236,1,1,9,99,99,9,9,99,99,9,9,99,9,99,1,1,2,2,1,32,6,-1,-1,-1,-1,2,E01001430,0,1
2024332401151,2024,332401151,2,9,0,-1,19,7,3,-1,0,1,0,0,0,0,1,1,-1,6,1,-1,-1,-1,-1,-1,-1,-1,-1,0,-1
2024231468607,2024,231468607,1,1,0,-1,19,5,1,-1,0,6,0,0,0,0,1,1,-1,9,1,16,4,-1,-1,-1,-1,3,E01031265,0,1
2024522402853,2024,522402853,1,1,0,18,19,1,5,5,5,0,0,0,0,0,1,1,6,6,1,27,6,-1,-1,-1,-1,7,E01014505,0,1
2024070878126,2024,070878126,1,9,0,-1,19,3,7,-1,0,1,2,0,7,4,4,1,-1,2,1,24,5,-1,-1,-1,-1,10,E01018475,0,2
2024991459132,2024,991459132,2,90,0,-1,19,6,2,-1,0,8,0,0,0,0,1,1,-1,1,2,24,5,-1,-1,-1,-1,1,-1,0,1
2024131435335,2024,131435335,2,9,0,-1,2,0,0,-1,0,0,0,0,0,0,2,1,-1,6,-1,-1,-1,-1,-1,-1,-1,-1,-1,0,-1
2024201522486,2024,201522486,1,9,0,-1,19,8,4,-1,0,1,0,0,0,0,1,1,-1,6,3,-1,-1,-1,-1,-1,-1,-1,-1,0,-1
2024010487681,2024,010487681,1,9,0,18,19,1,5,9,9,0,0,0,7,10,1,1,6,6,1,73,10,-1,-1,-1,-1,3,E01003593,0,4
2024451465212,2024,451465212,1,1,0,-1,4,3,3,-1,0,0,1,0,0,0,0,1,-1,9,1,50,8,-1,-1,-1,-1,10,E01030624,0,2
2024010500827,2024,010500827,2,1,0,18,19,1,5,5,5,3,0,0,0,0,1,1,6,6,2,24,5,-1,-1,-1,-1,5,E01002833,0,1
2024010495571,2024,010495571,1,1,9,15,15,9,9,99,99,0,9,99,9,99,9,1,2,2,1,34,6,-1,-1,-1,-1,-1,-1,0,-1
2024010492984,2024,010492984,1,3,0,99,99,9,9,99,99,0,9,8,9,99,1,1,1,1,1,26,6,-1,-1,-1,-1,5,E01000468,0,3
2024231462638,2024,231462638,1,17,4,-1,19,3,7,-1,0,1,0,0,0,0,1,9,-1,6,3,40,7,-1,-1,-1,-1,-1,-1,0,-1
2024461505269,2024,461505269,2,22,0,-1,19,7,3,-1,0,0,0,0,0,0,4,1,-1,6,2,31,6,-1,-1,-1,-1,1,E01016033,0,1
2024302400108,2024,302400108,2,-1,0,18,19,2,6,9,9,8,0,0,0,0,3,1,6,6,2,34,6,-1,-1,-1,-1,3,E01019672,1,1
2024010496723,2024,010496723,2,9,0,99,99,9,9,99,99,9,9,99,9,99,9,9,6,6,3,-1,-1,-1,-1,-1,-1,-1,-1,0,-1
2024421492883,2024,421492883,1,9,0,-1,19,1,5,-1,0,2,0,0,0,0,1,9,-1,6,3,-1,-1,-1,-1,-1,-1,-1,-1,0,-1
2024061472009,2024,061472009,2,90,0,-1,5,0,0,-1,0,1,1,0,0,0,3,1,-1,6,3,35,6,-1,-1,-1,-1,-1,-1,0,-1
2024201436475,2024,201436475,2,1,0,-1,19,3,7,-1,9,8,0,0,0,0,1,1,-1,7,1,14,3,-1,-1,-1,-1,2,E01010525,0,1
2024010532467,2024,010532467,1,1,9,18,19,9,9,99,99,9,9,8,9,99,9,1,6,6,1,69,10,-1,-1,-1,-1,3,E01004734,0,1
2024010534398,2024,010534398,2,9,0,99,99,9,9,99,99,9,9,99,9,99,9,9,6,6,3,-1,-1,-1,-1,-1,-1,-1,-1,0,-1
2024361400597,2024,361400597,1,9,0,-1,3,-1,-1,-1,0,0,1,0,0,0,3,9,-1,6,3,-1,-1,-1,-1,-1,-1,-1,-1,0,-1
2024141402655,2024,141402655,2,1,0,-1,19,7,2,-1,0,1,0,0,0,0,1,1,-1,6,1,-1,-1,-1,-1,-1,-1,-1,-1,0,-1
2024430479148,2024,430479148,3,9,0,3,3,2,5,0,0,0,0,0,0,0,2,1,6,6,2,50,8,-1,-1,-1,-1,2,E01017707,0,1
2024320278142,2024,320278142,2,9,0,-1,-1,2,6,0,0,0,0,0,0,0,1,1,-1,-1,1,35,6,-1,-1,-1,-1,7,E01034684,0,4
2024010488471,2024,010488471,1,9,0,5,5,6,2,0,0,2,0,0,0,0,1,1,6,6,2,39,7,-1,-1,-1,-1,2,E01002392,0,1
2024010508681,2024,010508681,2,19,0,6,6,3,3,0,0,0,0,0,7,0,1,1,6,6,1,52,8,-1,-1,-1,-1,2,E01001824,0,1
2024201500092,2024,201500092,2,1,0,-1,9,6,4,-1,0,5,0,0,0,0,1,1,-1,6,1,11,3,-1,-1,-1,-1,1,E01009310,0,1
2024052401388,2024,052401388,1,9,0,18,19,8,5,0,0,1,0,0,0,0,1,1,6,6,3,-1,-1,-1,-1,-1,-1,-1,-1,0,-1
2024531475841,2024,531475841,2,9,0,-1,19,1,5,-1,0,0,0,0,0,0,0,9,-1,6,-1,-1,-1,-1,-1,-1,-1,-1,-1,0,-1
2024041463711,2024,041463711,1,9,0,-1,19,5,1,-1,0,0,0,0,0,0,1,1,-1,6,1,22,5,-1,-1,-1,-1,2,E01025060,0,1
2024061517095,2024,061517095,2,9,0,-1,19,5,1,-1,0,4,0,0,1,11,1,1,-1,6,1,32,6,-1,-1,-1,-1,-1,-1,0,-1
2024041477953,2024,041477953,2,9,0,-1,19,7,3,-1,0,8,0,0,0,0,3,1,-1,1,1,61,9,-1,-1,-1,-1,2,E01012576,0,1
2024010493381,2024,010493381,2,9,0,99,99,9,9,99,99,9,9,99,9,99,9,9,6,6,3,-1,-1,-1,-1,-1,-1,-1,-1,0,-1
2024041504215,2024,041504215,1,9,0,-1,19,-1,-1,-1,0,0,0,0,0,0,1,9,-1,6,3,-1,-1,-1,-1,-1,-1,-1,-1,0,-1
2024010496201,2024,010496201,2,9,0,99,99,9,9,99,99,9,9,99,9,99,1,9,6,6,3,-1,-1,-1,-1,-1,-1,-1,-1,0,-1
2024522400821,2024,522400821,2,9,0,2,2,0,0,0,0,0,0,0,0,0,3,1,6,6,3,-1,-1,-1,-1,-1,-1,-1,-1,0,-1
2024302400955,2024,302400955,2,9,0,13,13,8,4,0,0,0,0,0,0,0,4,1,6,6,3,-1,-1,-1,-1,-1,-1,5,E01019456,0,2
2024411407452,2024,411407452,1,1,0,-1,-1,-1,-1,-1,0,0,0,0,0,0,3,1,-1,9,1,-1,-1,-1,-1,-1,-1,4,E01023797,0,1
2024010489671,2024,010489671,2,9,0,99,99,9,9,0,0,1,0,0,0,0,2,9,6,6,3,-1,-1,-1,-1,-1,-1,-1,-1,0,-1
2024010515382,2024,010515382,3,9,9,18,19,7,3,99,99,1,9,99,9,99,9,9,6,6,3,-1,-1,-1,-1,-1,-1,-1,-1,0,-1
2024361424808,2024,361424808,2,9,0,-1,19,6,2,-1,0,0,0,0,0,0,-1,9,-1,6,3,-1,-1,-1,-1,-1,-1,-1,-1,0,-1
2024010528120,2024,010528120,1,9,0,99,99,9,9,99,99,9,9,99,9,99,1,9,6,6,3,-1,-1,-1,-1,-1,-1,3,E01035649,0,3
2024010506563,2024,010506563,1,1,9,99,99,9,9,99,99,9,9,99,9,99,9,1,2,2,2,29,6,-1,-1,-1,-1,5,E01004065,0,2
2024010497200,2024,010497200,2,9,0,99,99,9,9,99,99,9,9,99,9,99,1,9,6,6,3,-1,-1,-1,-1,-1,-1,-1,-1,0,-1
2024311435886,2024,311435886,1,9,0,-1,4,6,1,-1,0,1,0,0,0,0,1,9,-1,6,1,-1,-1,-1,-1,-1,-1,-1,-1,0,-1
2024041465339,2024,041465339,1,1,0,-1,19,5,5,-1,0,2,0,0,1,0,0,1,-1,2,1,49,8,-1,-1,-1,-1,1,E01025293,0,1
2024161501024,2024,161501024,1,90,0,-1,19,3,7,-1,0,6,0,0,0,0,9,9,-1,2,1,32,6,-1,-1,-1,-1,1,E01012862,0,1
2024161534411,2024,161534411,1,1,0,-1,12,4,8,-1,0,0,0,0,0,0,3,1,-1,2,1,49,8,-1,-1,-1,-1,6,E01013318,0,1
2024010488083,2024,010488083,2,3,0,18,19,1,5,0,0,1,0,0,0,0,1,1,1,1,1,25,5,-1,-1,-1,-1,4,E01004429,0,1
2024010541736,2024,010541736,1,1,9,99,99,9,9,99,99,9,9,99,9,99,1,1,2,2,1,42,7,-1,-1,-1,-1,2,E01001357,0,2
2024311444352,2024,311444352,1,9,0,-1,19,3,5,-1,0,0,1,0,0,0,1,1,-1,1,1,32,6,-1,-1,-1,-1,5,E01013931,0,2
2024520403163,2024,520403163,1,1,0,18,19,3,7,0,0,0,0,0,0,0,3,1,6,6,1,31,6,-1,-1,-1,-1,2,E01029095,0,1
2024201460739,2024,201460739,2,-1,0,-1,19,3,7,-1,0,8,0,0,0,0,2,1,-1,6,1,13,3,-1,-1,-1,-1,3,E01009599,1,1
2024430054904,2024,430054904,1,4,0,18,19,1,5,0,0,1,0,0,0,0,1,1,6,6,1,31,6,-1,-1,-1,-1,7,E01028501,0,4
2024010496668,2024,010496668,2,3,0,99,99,9,9,99,99,9,9,99,9,99,9,1,6,6,3,-1,-1,-1,-1,-1,-1,-1,-1,0,-1
2024131398211,2024,131398211,1,9,0,-1,-1,-1,-1,-1,-1,-1,-1,-1,-1,-1,-1,1,-1,6,3,-1,-1,-1,-1,-1,-1,-1,-1,0,-1
2024471485219,2024,471485219,1,9,0,-1,5,4,8,-1,0,4,0,0,0,0,3,1,-1,1,1,53,8,-1,-1,-1,-1,7,E01034540,0,5
2024401439838,2024,401439838,1,9,0,-1,4,4,3,-1,0,0,0,0,0,0,1,1,-1,2,1,20,4,-1,-1,-1,-1,7,E01017577,0,1
2024101416025,2024,101416025,1,9,0,-1,19,5,1,-1,0,0,5,0,0,0,1,1,-1,9,1,52,8,-1,-1,-1,-1,4,-1,0,4
2024010506968,2024,010506968,1,1,9,99,99,9,9,99,99,9,9,99,9,99,1,1,1,1,1,23,5,-1,-1,-1,-1,2,E01001438,0,3
2024302401097,2024,302401097,2,9,0,4,4,1,5,0,0,0,0,0,0,0,2,1,1,1,1,37,7,-1,-1,-1,-1,2,E01007914,0,4
2024451460431,2024,451460431,1,9,0,-1,5,5,1,-1,0,6,0,0,0,0,3,1,-1,9,1,59,9,-1,-1,-1,-1,6,E01035330,0,3
2024440326855,2024,440326855,1,9,0,17,19,2,7,0,0,0,0,0,0,0,1,1,2,2,1,18,4,-1,-1,-1,-1,3,E01022649,0,1
2024122401226,2024,122401226,1,9,0,16,19,3,7,0,0,0,0,0,0,0,1,1,6,6,1,68,10,-1,-1,-1,-1,1,E01011745,0,2
2024531478629,2024,531478629,1,1,0,-1,19,3,7,-1,0,8,0,0,0,0,1,1,-1,6,1,17,4,-1,-1,-1,-1,5,E01022361,0,1
2024010546734,2024,010546734,2,1,9,99,99,9,9,99,99,9,9,8,9,99,1,1,6,6,1,47,8,-1,-1,-1,-1,6,E01004497,0,2
2024041459047,2024,041459047,1,9,0,-1,19,4,8,-1,0,2,0,0,0,0,1,1,-1,6,1,32,6,-1,-1,-1,-1,5,E01025458,0,1
2024201476474,2024,201476474,1,9,0,-1,19,4,8,-1,0,0,0,0,0,0,2,1,-1,6,1,25,5,-1,-1,-1,-1,-1,-1,0,-1
2024320342019,2024,320342019,2,3,0,-1,-1,8,4,0,0,8,0,0,0,0,4,1,-1,-1,1,19,4,-1,-1,-1,-1,8,E01026291,0,1
2024451444799,2024,451444799,2,9,0,-1,19,3,7,-1,0,1,0,0,0,0,3,1,-1,9,1,52,8,-1,-1,-1,-1,7,E01030732,0,1
2024522401307,2024,522401307,1,9,0,18,19,3,7,0,0,0,0,0,0,0,3,1,6,6,1,55,8,-1,-1,-1,-1,2,E01014842,0,1
2024991410852,2024,991410852,2,9,0,-1,19,1,5,-1,0,1,0,0,0,0,1,1,-1,6,1,70,10,-1,-1,-1,-1,9,-1,0,3
2024351410097,2024,351410097,1,9,-1,-1,-1,-1,-1,-1,-1,-1,-1,-1,-1,0,-1,9,-1,6,3,-1,-1,-1,-1,-1,-1,-1,-1,0,-1
2024440306223,2024,440306223,1,9,0,18,19,5,1,0,0,0,0,0,0,0,1,1,6,6,2,31,6,-1,-1,-1,-1,8,E01032855,0,1
2024221449796,2024,221449796,2,1,0,-1,19,8,3,-1,0,1,0,0,0,0,3,1,-1,6,1,53,8,-1,-1,-1,-1,7,E01014013,0,2
2024041536675,2024,041536675,1,1,0,-1,19,5,1,-1,0,1,0,0,0,0,1,1,-1,6,1,17,4,-1,-1,-1,-1,1,E01025293,0,4
2024010492325,2024,010492325,1,9,0,7,7,1,4,0,0,1,1,0,1,11,1,1,6,6,1,38,7,-1,-1,-1,-1,4,E01003278,0,4
2024440214782,2024,440214782,1,1,0,18,19,5,1,0,0,2,0,0,0,0,4,1,6,6,2,26,6,-1,-1,-1,-1,7,E01022823,0,1
2024010496327,2024,010496327,2,9,0,4,4,7,3,0,0,1,0,0,0,0,1,1,6,6,1,34,6,-1,-1,-1,-1,10,E01028816,0,5
2024010548267,2024,010548267,1,19,9,99,99,9,9,99,99,0,9,0,0,0,9,9,6,6,3,-1,-1,-1,-1,-1,-1,-1,-1,0,-1
2024031417446,2024,031417446,2,1,0,-1,19,7,3,-1,0,0,0,0,0,0,1,1,-1,6,1,43,7,-1,-1,-1,-1,-1,-1,0,-1
2024101472442,2024,101472442,1,21,5,-1,12,3,7,-1,0,0,0,0,0,0,3,2,-1,1,1,26,6,-1,-1,-1,-1,4,-1,0,5
2024430560647,2024,430560647,2,23,0,18,19,3,7,0,0,1,0,0,0,0,3,1,6,6,1,19,4,-1,-1,-1,-1,-1,-1,0,-1
2024351405194,2024,351405194,1,9,0,-1,9,7,3,-1,0,1,0,0,0,0,1,9,-1,6,1,65,9,-1,-1,-1,-1,5,-1,0,5
2024010496479,2024,010496479,2,9,0,1,1,9,9,99,99,1,9,99,9,99,2,9,6,6,3,-1,-1,-1,-1,-1,-1,-1,-1,0,-1
2024010541970,2024,010541970,4,9,0,2,2,0,0,0,0,0,0,0,0,0,4,1,6,6,3,-1,-1,-1,-1,-1,-1,-1,-1,0,-1
2024010543443,2024,010543443,1,1,0,5,5,1,5,0,0,2,0,0,0,0,1,1,6,6,1,24,5,-1,-1,-1,-1,2,E01003325,0,3
2024010508451,2024,010508451,1,9,0,18,19,1,5,0,0,7,0,0,0,0,1,1,6,6,3,-1,-1,-1,-1,-1,-1,-1,-1,0,-1
2024010518198,2024,010518198,1,1,9,99,99,9,9,99,99,9,9,99,9,99,1,1,6,6,2,61,9,-1,-1,-1,-1,4,E01001739,0,1
2024122400475,2024,122400475,1,9,0,9,9,4,1,0,0,8,0,0,0,0,1,1,6,6,3,-1,-1,-1,-1,-1,-1,-1,-1,0,-1
2024401409220,2024,401409220,1,9,0,-1,19,5,1,-1,0,1,0,0,0,0,1,9,-1,6,3,-1,-1,-1,-1,-1,-1,-1,-1,0,-1
2024991405252,2024,991405252,1,9,0,-1,7,8,3,-1,0,1,0,0,0,0,1,1,-1,1,3,-1,-1,-1,-1,-1,-1,-1,-1,0,-1
2024010494757,2024,010494757,1,23,0,18,19,7,3,9,9,0,9,99,9,0,9,1,6,6,3,-1,-1,-1,-1,-1,-1,-1,-1,0,-1
2024302401505,2024,302401505,2,9,0,18,19,1,5,0,0,0,0,2,0,0,2,1,6,6,1,60,9,-1,-1,-1,-1,6,E01011835,0,4
2024061529988,2024,061529988,1,1,0,-1,19,-1,-1,-1,0,6,0,0,3,0,4,1,-1,2,1,29,6,-1,-1,-1,-1,2,E01005946,0,1
202417H105224,2024,17H105224,2,1,0,-1,19,2,6,-1,0,2,0,0,0,0,0,1,-1,6,1,-1,-1,-1,-1,-1,-1,-1,-1,0,-1
2024522403109,2024,522403109,2,1,0,18,19,1,5,0,0,0,0,0,0,0,3,1,6,6,1,20,4,-1,-1,-1,-1,7,E01014909,0,1
2024010493851,2024,010493851,2,9,0,99,99,9,9,99,99,9,9,99,9,99,4,9,6,6,3,-1,-1,-1,-1,-1,-1,-1,-1,0,-1
2024430089840,2024,430089840,1,9,0,3,3,1,5,0,0,1,0,0,0,0,2,1,6,6,1,47,8,-1,-1,-1,-1,6,E01017934,0,2
2024031505689,2024,031505689,1,1,-1,-1,-1,-1,-1,-1,-1,0,-1,-1,-1,0,-1,1,-1,9,1,62,9,-1,-1,-1,-1,-1,-1,0,-1
2024010545497,2024,010545497,2,1,9,99,99,9,9,99,99,9,9,99,9,99,9,1,2,2,1,36,7,-1,-1,-1,-1,5,E01035487,0,1
2024991529998,2024,991529998,1,1,0,-1,19,3,7,-1,0,8,1,0,0,0,1,1,-1,1,2,14,3,-1,-1,-1,-1,10,-1,0,1
2024052401363,2024,052401363,1,9,0,18,19,1,5,0,0,1,0,0,0,0,1,1,6,6,3,-1,-1,-1,-1,-1,-1,-1,-1,0,-1
2024010548274,2024,010548274,1,1,9,99,99,9,9,99,99,1,9,99,9,99,1,1,6,6,1,23,5,-1,-1,-1,-1,2,E01000027,0,1
2024311501789,2024,311501789,2,1,0,-1,19,1,1,-1,0,0,0,0,0,0,2,1,-1,9,1,13,3,-1,-1,-1,-1,-1,-1,0,-1
202454B587824,2024,54B587824,1,1,0,5,5,8,4,0,0,4,0,0,0,0,3,1,6,6,1,29,6,-1,-1,-1,-1,2,E01033845,0,1
2024461522946,2024,461522946,2,19,0,-1,19,7,3,-1,0,8,0,0,1,0,1,1,-1,6,1,28,6,-1,-1,-1,-1,2,E01024135,0,4
2024311444953,2024,311444953,1,-1,0,-1,19,3,7,-1,9,0,0,0,0,0,1,1,-1,6,1,12,3,-1,-1,-1,-1,-1,-1,1,-1
202460Q083416,2024,60Q083416,2,1,0,18,19,8,4,0,0,0,0,0,0,0,2,1,2,2,1,50,8,-1,-1,-1,-1,-1,-1,0,-1
2024131463528,2024,131463528,1,98,0,-1,1,2,6,-1,0,0,0,0,0,0,2,1,-1,6,3,-1,-1,-1,-1,-1,-1,-1,-1,0,-1
2024010507148,2024,010507148,1,1,0,18,19,1,5,0,0,2,5,0,0,0,1,1,6,6,1,38,7,-1,-1,-1,-1,2,E01001161,0,1
2024211516908,2024,211516908,1,9,0,-1,1,3,3,-1,-1,1,0,0,0,0,2,1,-1,2,1,25,5,-1,-1,-1,-1,-1,-1,0,-1
2024531460780,2024,531460780,2,1,0,-1,9,1,5,-1,0,3,0,0,0,0,0,1,-1,9,1,64,9,-1,-1,-1,-1,10,E01022113,0,1
2024052402316,2024,052402316,1,9,0,4,4,7,3,0,0,2,0,0,0,0,4,1,1,1,3,-1,-1,-1,-1,-1,-1,-1,-1,0,-1
2024430440599,2024,430440599,1,9,0,18,19,8,4,0,0,8,0,0,0,0,1,2,6,6,2,32,6,-1,-1,-1,-1,7,E01028431,0,1
2024991450711,2024,991450711,2,97,0,-1,19,1,5,-1,0,1,2,0,0,0,1,1,-1,9,1,40,7,-1,-1,-1,-1,6,-1,0,1
2024542292324,2024,542292324,2,1,0,5,5,5,1,0,0,0,2,0,0,0,4,1,6,6,1,12,3,-1,-1,-1,-1,6,E01031902,0,1
2024201398917,2024,201398917,1,9,0,-1,19,1,5,-1,0,8,0,0,0,0,1,9,-1,6,1,33,6,-1,-1,-1,-1,2,E01009659,0,1
2024041399474,2024,041399474,1,9,0,-1,19,5,1,-1,0,0,0,0,0,0,2,1,-1,9,1,22,5,-1,-1,-1,-1,1,E01025117,0,3
2024440187340,2024,440187340,2,9,0,18,19,3,7,0,0,0,0,0,0,0,2,1,6,6,1,41,7,-1,-1,-1,-1,8,E01020388,0,4
2024010543721,2024,010543721,2,19,0,99,99,9,9,99,99,9,9,99,9,99,1,9,6,6,3,-1,-1,-1,-1,-1,-1,-1,-1,0,-1
2024332400561,2024,332400561,2,21,0,-1,19,2,6,-1,0,0,0,0,0,0,1,2,-1,1,1,61,9,-1,-1,-1,-1,4,E01025718,0,4
2024010522812,2024,010522812,2,1,0,3,3,5,1,0,0,9,0,0,0,0,9,1,6,6,1,-1,-1,-1,-1,-1,-1,-1,-1,0,-1
2024430133654,2024,430133654,1,-1,0,18,19,7,3,0,0,0,0,0,0,0,1,1,6,6,1,-1,-1,-1,-1,-1,-1,-1,-1,1,-1
2024631512144,2024,631512144,2,1,0,-1,19,6,3,-1,0,8,0,0,0,0,4,1,-1,1,1,35,6,-1,-1,-1,-1,4,W01000636,0,1
2024451422333,2024,451422333,2,9,0,-1,14,1,5,-1,0,0,0,0,0,0,0,1,-1,6,3,30,6,-1,-1,-1,-1,-1,-1,0,-1
2024531518813,2024,531518813,2,1,0,-1,10,5,3,-1,0,6,0,0,0,0,1,1,-1,9,1,49,8,-1,-1,-1,-1,7,E01034790,0,2
2024010494616,2024,010494616,1,3,0,99,99,9,9,99,99,9,9,99,9,99,1,1,6,6,1,31,6,-1,-1,-1,-1,3,E01001109,0,1
2024010516166,2024,010516166,1,1,9,99,99,9,9,9,9,9,9,8,9,99,9,1,2,2,1,62,9,-1,-1,-1,-1,8,E01003455,0,1
2024520002826,2024,520002826,2,1,0,18,19,1,4,0,0,0,0,0,0,0,1,1,6,6,1,12,3,-1,-1,-1,-1,9,E01014383,0,1
2024041433556,2024,041433556,3,9,0,-1,2,1,5,-1,0,0,0,0,0,0,1,1,-1,6,-1,-1,-1,-1,-1,-1,-1,-1,-1,0,-1
2024010515337,2024,010515337,1,1,9,18,19,9,9,99,99,9,9,99,9,99,1,1,6,6,1,40,7,-1,-1,-1,-1,6,E01004052,0,1
2024010493323,2024,010493323,2,9,0,99,99,9,9,99,99,9,9,99,9,99,1,9,6,6,3,-1,-1,-1,-1,-1,-1,-1,-1,0,-1
2024070498338,2024,070498338,2,9,0,18,19,2,6,0,0,0,2,0,1,0,4,1,6,6,2,19,4,-1,-1,-1,-1,1,E01005121,0,4
2024010492189,2024,010492189,2,9,0,99,99,9,9,99,99,9,9,99,9,99,0,9,6,6,3,-1,-1,-1,-1,-1,-1,-1,-1,0,-1
2024010488233,2024,010488233,1,3,0,99,99,9,9,99,99,9,9,99,9,99,9,1,1,1,1,28,6,-1,-1,-1,-1,3,E01003564,0,2
2024131481543,2024,131481543,1,9,0,-1,19,5,1,-1,0,8,0,0,8,0,1,2,-1,1,1,23,5,-1,-1,-1,-1,9,E01011939,0,4
2024010518193,2024,010518193,2,1,9,99,99,9,9,99,99,9,9,99,9,99,1,1,6,6,3,-1,-1,-1,-1,-1,-1,-1,-1,0,-1
2024520500403,2024,520500403,1,9,0,18,19,3,7,0,0,1,0,0,0,0,1,1,6,6,3,-1,-1,-1,-1,-1,-1,-1,-1,0,-1
2024351493346,2024,351493346,2,3,0,-1,19,-1,-1,-1,0,1,0,0,0,0,1,1,-1,2,2,42,7,-1,-1,-1,-1,10,E01018235,0,3
2024010538757,2024,010538757,1,90,0,99,99,9,9,99,99,9,9,99,9,99,1,9,6,6,3,-1,-1,-1,-1,-1,-1,-1,-1,0,-1
2024131437373,2024,131437373,2,23,0,-1,19,7,3,-1,0,0,0,0,0,0,1,1,-1,6,1,30,6,-1,-1,-1,-1,2,E01011139,0,1
2024131459198,2024,131459198,1,23,0,-1,19,2,6,-1,0,0,1,10,0,0,4,1,-1,9,1,26,6,-1,-1,-1,-1,2,E01011220,0,1
2024991485762,2024,991485762,2,9,0,-1,9,3,8,-1,0,6,0,0,0,0,3,2,-1,9,1,47,8,-1,-1,-1,-1,10,-1,0,3
2024401481358,2024,401481358,2,9,0,-1,19,6,2,-1,0,0,1,0,0,0,1,1,-1,2,1,19,4,-1,-1,-1,-1,5,E01015782,0,1
2024351435491,2024,351435491,2,9,0,-1,4,1,5,-1,0,0,0,0,0,0,2,1,-1,6,1,20,4,-1,-1,-1,-1,4,E01018086,0,1
2024501494437,2024,501494437,2,1,0,-1,19,3,7,-1,0,1,0,0,0,0,3,1,-1,6,1,13,3,-1,-1,-1,-1,2,E01015171,0,1
2024111429534,2024,111429534,2,1,0,-1,5,5,1,-1,0,0,5,0,0,0,4,1,-1,6,1,12,3,-1,-1,-1,-1,3,E01012340,0,1
2024401538543,2024,401538543,1,9,0,-1,13,5,1,-1,0,0,0,0,0,0,4,1,-1,6,-1,-1,-1,-1,-1,-1,-1,-1,-1,0,-1
2024010543186,2024,010543186,4,9,0,99,99,9,9,99,99,9,9,99,9,99,0,9,6,6,3,-1,-1,-1,-1,-1,-1,4,E01001618,0,1
2024010504276,2024,010504276,2,-1,0,99,99,9,9,99,99,9,9,99,9,99,9,9,6,6,1,-1,-1,-1,-1,-1,-1,-1,-1,1,-1
2024991482154,2024,991482154,2,1,0,-1,4,2,6,-1,0,1,0,0,0,0,0,1,-1,1,1,66,10,-1,-1,-1,-1,7,-1,0,1
2024010533453,2024,010533453,2,1,9,18,19,9,9,99,99,9,9,99,9,99,1,1,6,6,1,49,8,-1,-1,-1,-1,4,E01034185,0,3
2024010531065,2024,010531065,2,8,0,4,4,1,5,0,0,1,0,0,0,0,2,1,6,6,3,-1,-1,-1,-1,-1,-1,-1,-1,0,-1
2024311396783,2024,311396783,1,-1,0,-1,4,1,5,-1,0,0,0,0,0,0,1,1,-1,2,1,58,9,-1,-1,-1,-1,4,E01013969,1,1
2024991415627,2024,991415627,2,1,0,-1,5,8,4,-1,0,1,0,0,0,0,0,1,-1,6,1,26,6,-1,-1,-1,-1,10,-1,0,1
2024471398612,2024,471398612,1,9,0,-1,-1,-1,-1,-1,-1,0,-1,-1,-1,0,-1,9,-1,6,3,-1,-1,-1,-1,-1,-1,-1,-1,0,-1
2024610041824,2024,610041824,1,97,0,18,19,4,8,0,0,0,0,0,0,0,1,1,6,6,1,38,7,-1,-1,-1,-1,2,W01001498,0,2
2024010496549,2024,010496549,2,1,0,18,19,7,3,0,0,8,0,0,0,0,1,1,1,1,1,56,9,-1,-1,-1,-1,8,E01002902,0,1
2024010519360,2024,010519360,1,1,9,18,19,9,9,2,2,9,9,99,9,99,1,1,6,6,2,20,4,-1,-1,-1,-1,3,E01000638,0,1
2024010500379,2024,010500379,2,20,1,99,99,9,9,0,0,0,9,99,9,99,9,9,6,6,3,-1,-1,-1,-1,-1,-1,-1,-1,0,-1
2024522403453,2024,522403453,2,19,0,12,12,4,8,0,0,0,0,0,0,0,3,1,6,6,3,-1,-1,-1,-1,-1,-1,-1,-1,0,-1
2024010543494,2024,010543494,1,1,9,99,99,9,9,99,99,9,9,99,9,99,9,1,6,6,1,69,10,-1,-1,-1,-1,9,E01002255,0,1
2024421516149,2024,421516149,1,98,-1,-1,15,-1,-1,-1,0,0,0,0,0,0,4,9,-1,6,3,-1,-1,-1,-1,-1,-1,-1,-1,0,-1
2024141470562,2024,141470562,1,9,0,-1,19,2,6,-1,0,0,0,0,0,0,1,9,-1,6,3,-1,-1,-1,-1,-1,-1,-1,-1,0,-1
2024161489697,2024,161489697,1,9,0,-1,19,5,1,-1,0,0,0,0,7,0,1,1,-1,9,1,21,5,-1,-1,-1,-1,2,E01013444,0,3
2024141445790,2024,141445790,2,1,0,-1,19,7,3,-1,0,1,0,0,0,0,1,1,-1,6,1,45,7,-1,-1,-1,-1,2,E01007759,0,1
2024010519197,2024,010519197,1,1,9,99,99,9,9,99,99,9,9,99,9,99,1,1,2,2,1,18,4,-1,-1,-1,-1,2,E01003604,0,1
2024421538858,2024,421538858,1,9,0,-1,19,3,7,-1,0,1,0,0,0,0,1,1,-1,6,1,-1,-1,-1,-1,-1,-1,-1,-1,0,-1