collision_index,collision_year,collision_ref_no,vehicle_reference,vehicle_type,towing_and_articulation,vehicle_manoeuvre_historic,vehicle_manoeuvre,vehicle_direction_from,vehicle_direction_to,vehicle_location_restricted_lane_historic,vehicle_location_restricted_lane,junction_location,skidding_and_overturning,hit_object_in_carriageway,vehicle_leaving_carriageway,hit_object_off_carriageway,first_point_of_impact,vehicle_left_hand_drive,journey_purpose_of_driver_historic,journey_purpose_of_driver,sex_of_driver,age_of_driver,age_band_of_driver,engine_capacity_cc,propulsion_code,age_of_vehicle,generic_make_model,driver_imd_decile,lsoa_of_driver,escooter_flag,driver_distance_banding
2024122400968,2024,122400968,2,98,0,18,19,7,3,0,0,0,0,0,0,0,4,1,6,6,3,-1,-1,-1,-1,-1,-1,-1,-1,0,-1
2024111455441,2024,111455441,1,9,0,-1,7,3,7,-1,0,2,0,0,0,0,1,1,-1,9,1,26,6,-1,-1,-1,-1,4,E01032981,0,5
2024052402136,2024,052402136,1,1,0,18,19,1,5,0,0,0,0,0,0,0,1,1,6,6,1,38,7,-1,-1,-1,-1,4,E01007229,0,3
2024052401403,2024,052401403,1,1,0,18,19,7,3,0,0,6,0,0,0,0,1,1,4,7,1,13,3,-1,-1,-1,-1,1,E01006863,0,1
2024451515027,2024,451515027,1,9,0,-1,19,6,2,-1,0,2,0,0,0,0,1,1,-1,9,1,74,10,-1,-1,-1,-1,8,E01030763,0,1
2024421419235,2024,421419235,1,9,0,-1,-1,-1,-1,-1,-1,0,-1,-1,-1,0,-1,1,-1,6,3,-1,-1,-1,-1,-1,-1,-1,-1,0,-1
2024010515572,2024,010515572,1,1,9,99,99,9,9,99,99,9,9,99,9,99,1,1,2,2,1,31,6,-1,-1,-1,-1,6,E01003100,0,1
2024010528718,2024,010528718,2,1,0,9,9,8,6,0,0,8,0,0,0,0,4,1,6,6,2,20,4,-1,-1,-1,-1,4,E01003053,0,1
2024430606165,2024,430606165,2,9,0,4,4,4,8,0,0,2,0,0,0,0,0,1,6,6,3,-1,-1,-1,-1,-1,-1,-1,-1,0,-1
2024010510436,2024,010510436,1,19,0,7,7,3,5,0,0,2,0,0,0,0,1,1,6,6,3,-1,-1,-1,-1,-1,-1,-1,-1,0,-1
2024461458275,2024,461458275,2,1,0,-1,19,4,3,-1,0,1,0,0,0,0,1,1,-1,9,1,36,7,-1,-1,-1,-1,4,E01000806,0,3
2024461527531,2024,461527531,2,9,0,-1,19,3,7,-1,0,2,0,0,0,0,1,1,-1,9,1,40,7,-1,-1,-1,-1,7,E01035304,0,3
2024041535837,2024,041535837,1,9,0,-1,5,7,3,-1,0,2,0,0,3,0,1,1,-1,6,1,84,11,-1,-1,-1,-1,6,E01025585,0,1
2024451432703,2024,451432703,2,9,0,-1,13,5,1,-1,0,0,0,0,0,0,1,1,-1,6,2,55,8,-1,-1,-1,-1,-1,-1,0,-1
2024520401409,2024,520401409,2,9,0,18,19,3,7,0,0,8,0,0,0,0,1,1,6,6,1,22,5,-1,-1,-1,-1,4,E01020506,0,4
2024401457035,2024,401457035,2,9,0,-1,19,6,2,-1,0,1,1,0,1,0,3,1,-1,6,3,-1,-1,-1,-1,-1,-1,-1,-1,0,-1
2024010496272,2024,010496272,1,9,0,9,9,3,2,0,0,1,0,0,0,0,3,1,6,6,1,25,5,-1,-1,-1,-1,3,E01003498,0,1
2024161425133,2024,161425133,1,9,0,-1,14,1,5,-1,0,0,0,0,0,0,1,1,-1,9,1,35,6,-1,-1,-1,-1,1,E01012876,0,2
2024991445489,2024,991445489,2,1,0,-1,19,7,2,-1,9,1,0,0,0,0,1,1,-1,6,1,27,6,-1,-1,-1,-1,3,-1,0,1
2024461470796,2024,461470796,2,9,0,-1,4,3,7,-1,0,2,0,0,0,0,2,1,-1,9,2,69,10,-1,-1,-1,-1,7,E01024675,0,1
2024052400728,2024,052400728,1,9,0,18,19,2,6,0,0,8,0,0,0,0,1,1,6,6,3,-1,-1,-1,-1,-1,-1,-1,-1,0,-1
2024010492523,2024,010492523,2,-1,0,18,19,1,5,0,0,1,0,0,0,0,2,1,6,6,2,17,4,-1,-1,-1,-1,4,E01000780,1,1
2024201503662,2024,201503662,2,9,0,-1,19,4,8,-1,0,0,0,0,0,0,1,9,-1,6,3,-1,-1,-1,-1,-1,-1,-1,-1,0,-1
2024041426488,2024,041426488,2,9,0,-1,9,7,3,-1,0,8,0,0,0,0,1,1,-1,1,1,46,8,-1,-1,-1,-1,1,E01005826,0,4
2024522402523,2024,522402523,2,9,0,18,19,9,9,0,0,2,0,0,0,0,9,1,6,6,3,-1,-1,-1,-1,-1,-1,-1,-1,0,-1
2024430428780,2024,430428780,1,9,0,18,19,1,5,0,0,0,0,0,0,0,1,1,2,2,2,56,9,-1,-1,-1,-1,-1,-1,0,-1
2024440390619,2024,440390619,2,9,0,9,9,2,8,0,0,5,0,0,0,0,1,1,6,6,3,-1,-1,-1,-1,-1,-1,-1,-1,0,-1
2024010497356,2024,010497356,1,9,0,18,19,7,3,0,0,1,9,0,0,0,4,1,1,1,1,53,8,-1,-1,-1,-1,1,E01000061,0,1
2024520002086,2024,520002086,1,9,0,5,5,4,8,0,0,6,0,0,0,0,1,1,6,6,2,38,7,-1,-1,-1,-1,9,E01014391,0,1
2024010505221,2024,010505221,2,9,0,99,99,9,9,99,99,0,9,99,9,99,9,9,6,6,3,-1,-1,-1,-1,-1,-1,-1,-1,0,-1
2024010535263,2024,010535263,2,8,0,99,99,9,9,99,99,9,9,99,9,99,9,9,6,6,3,-1,-1,-1,-1,-1,-1,-1,-1,0,-1
2024221461247,2024,221461247,1,9,3,-1,13,4,8,-1,0,0,0,0,0,0,4,9,-1,9,1,74,10,-1,-1,-1,-1,7,E01034319,0,2
2024430077152,2024,430077152,2,9,0,18,19,2,6,0,0,8,0,0,0,0,4,1,6,6,2,33,6,-1,-1,-1,-1,-1,-1,0,-1
202417M307224,2024,17M307224,2,1,0,-1,19,1,5,-1,0,6,0,0,0,0,1,1,-1,9,1,30,6,-1,-1,-1,-1,1,E01012019,0,1
2024332401058,2024,332401058,2,-1,0,-1,19,5,1,-1,9,8,0,0,0,0,4,1,-1,9,1,18,4,-1,-1,-1,-1,5,E01013649,1,1
2024201434276,2024,201434276,1,9,0,-1,19,5,1,-1,0,1,0,0,1,0,1,9,-1,6,1,22,5,-1,-1,-1,-1,-1,-1,0,-1
2024010531968,2024,010531968,1,1,9,99,99,9,9,99,99,9,9,99,9,99,1,1,6,6,1,17,4,-1,-1,-1,-1,7,E01000816,0,1
2024471471942,2024,471471942,1,1,0,-1,4,4,7,-1,0,6,0,0,0,0,2,1,-1,2,2,43,7,-1,-1,-1,-1,4,E01016955,0,3
2024010526152,2024,010526152,1,1,0,18,19,3,7,4,4,8,0,0,0,0,4,1,6,6,1,49,8,-1,-1,-1,-1,8,E01015498,0,5
2024991491440,2024,991491440,2,11,0,-1,4,3,8,-1,0,0,0,0,0,0,1,1,-1,1,1,63,9,-1,-1,-1,-1,5,-1,0,1
2024101482887,2024,101482887,2,19,0,-1,19,3,7,-1,0,2,0,0,0,0,1,1,-1,1,1,62,9,-1,-1,-1,-1,8,E01008239,0,3
2024520401151,2024,520401151,1,1,0,18,19,6,3,0,0,8,0,0,0,0,4,1,6,6,1,42,7,-1,-1,-1,-1,1,E01029293,0,1
2024991524535,2024,991524535,2,1,0,-1,19,1,6,-1,0,4,0,0,0,0,0,1,-1,1,1,23,5,-1,-1,-1,-1,9,-1,0,1
2024411432966,2024,411432966,1,98,1,-1,19,1,5,-1,0,0,0,0,0,0,1,2,-1,1,1,41,7,-1,-1,-1,-1,-1,-1,0,-1
2024141501579,2024,141501579,2,9,0,-1,5,5,1,-1,0,8,0,0,0,0,1,1,-1,6,3,-1,-1,-1,-1,-1,-1,-1,-1,0,-1
2024010514212,2024,010514212,2,1,0,8,8,2,5,0,0,1,0,0,0,0,3,1,6,6,1,76,11,-1,-1,-1,-1,3,E01001843,0,1
2024010515460,2024,010515460,1,9,0,18,19,5,1,0,0,0,0,0,0,0,1,1,2,2,1,65,9,-1,-1,-1,-1,2,E01003059,0,1
2024201464856,2024,201464856,2,1,0,-1,19,7,3,-1,9,8,0,0,0,0,4,1,-1,6,1,43,7,-1,-1,-1,-1,6,E01009318,0,1
2024061480720,2024,061480720,2,8,0,-1,99,-1,-1,-1,0,9,9,99,0,0,1,1,-1,6,1,-1,-1,-1,-1,-1,-1,-1,-1,0,-1
2024010499297,2024,010499297,1,1,9,99,99,9,9,99,99,9,9,99,9,99,1,1,2,2,1,29,6,-1,-1,-1,-1,3,E01002105,0,1
2024010492199,2024,010492199,2,1,0,18,19,1,5,4,4,8,0,0,0,0,1,1,1,1,1,31,6,-1,-1,-1,-1,5,E01004391,0,1
2024201413569,2024,201413569,1,19,0,-1,5,2,6,-1,5,6,0,0,0,0,1,9,-1,1,1,62,9,-1,-1,-1,-1,9,E01009557,0,1
2024131484703,2024,131484703,3,9,0,-1,-1,-1,-1,-1,-1,8,-1,-1,-1,0,-1,1,-1,6,3,-1,-1,-1,-1,-1,-1,-1,-1,0,-1
2024440524075,2024,440524075,2,1,0,18,19,2,6,0,0,8,0,0,0,0,4,1,1,1,1,58,9,-1,-1,-1,-1,8,E01022864,0,1
2024010498830,2024,010498830,2,1,0,5,5,1,5,0,0,0,0,0,0,0,4,1,6,6,2,10,2,-1,-1,-1,-1,4,E01001023,0,1
2024010541644,2024,010541644,2,19,0,9,9,7,5,0,0,8,0,0,0,0,3,1,6,6,3,-1,-1,-1,-1,-1,-1,-1,-1,0,-1
2024010521989,2024,010521989,1,1,9,99,99,9,9,99,99,9,9,99,9,99,9,1,2,2,1,29,6,-1,-1,-1,-1,5,E01002798,0,1
2024451492902,2024,451492902,1,1,-1,-1,-1,-1,-1,-1,-1,-1,-1,-1,-1,0,-1,1,-1,6,1,49,8,-1,-1,-1,-1,6,E01002601,0,1
2024010503190,2024,010503190,2,8,0,6,6,3,3,0,0,2,0,0,0,0,3,1,6,6,1,55,8,-1,-1,-1,-1,2,E01003732,0,3
2024122400206,2024,122400206,1,9,0,7,7,2,4,0,0,8,0,0,0,0,0,1,2,2,1,60,9,-1,-1,-1,-1,10,E01013433,0,1
2024010541943,2024,010541943,1,9,0,5,5,3,7,9,9,7,0,0,0,0,0,1,6,6,3,24,5,-1,-1,-1,-1,-1,-1,0,-1
2024991449133,2024,991449133,2,9,0,-1,19,6,2,-1,0,1,0,0,0,0,1,1,-1,9,2,57,9,-1,-1,-1,-1,7,-1,0,4
2024531502907,2024,531502907,2,1,0,-1,19,2,6,-1,0,1,2,0,0,0,1,1,-1,9,1,28,6,-1,-1,-1,-1,8,E01022423,0,1
2024520002203,2024,520002203,1,1,0,18,19,1,5,0,0,8,0,0,0,0,4,1,1,1,1,53,8,-1,-1,-1,-1,10,E01014376,0,1
2024471513541,2024,471513541,1,9,0,-1,19,3,7,-1,0,0,0,0,0,0,1,9,-1,6,3,-1,-1,-1,-1,-1,-1,-1,-1,0,-1
2024010537883,2024,010537883,2,9,0,99,99,9,9,99,99,9,9,99,9,99,1,9,6,6,3,-1,-1,-1,-1,-1,-1,-1,-1,0,-1
2024302401784,2024,302401784,2,23,0,-1,19,6,2,-1,0,0,0,0,9,0,3,1,-1,2,2,44,7,-1,-1,-1,-1,2,E01013453,0,1
2024161496035,2024,161496035,2,1,0,-1,19,2,6,-1,0,1,0,0,0,0,2,1,-1,6,1,14,3,-1,-1,-1,-1,1,E01012946,0,4
2024421437772,2024,421437772,1,9,0,-1,13,2,6,-1,0,0,0,0,0,0,3,9,-1,6,3,-1,-1,-1,-1,-1,-1,-1,-1,0,-1
2024302500061,2024,302500061,2,19,0,-1,19,5,1,-1,0,8,0,0,1,0,1,1,-1,6,1,65,9,-1,-1,-1,-1,8,E01019493,0,2
2024010528985,2024,010528985,2,1,0,18,19,1,5,0,0,1,5,0,0,0,1,1,2,2,1,32,6,-1,-1,-1,-1,3,E01000545,0,1
2024122400122,2024,122400122,2,9,0,16,19,5,1,0,0,0,0,0,7,10,1,1,6,6,2,48,8,-1,-1,-1,-1,6,E01027637,0,1
2024201402659,2024,201402659,1,9,0,-1,5,5,1,-1,0,2,0,0,0,0,3,1,-1,6,3,50,8,-1,-1,-1,-1,-1,-1,0,-1
2024010487879,2024,010487879,2,9,0,18,19,5,1,0,0,8,0,0,0,0,3,1,6,6,1,19,4,-1,-1,-1,-1,4,E01001484,0,1
2024010491478,2024,010491478,1,8,0,99,99,9,9,99,99,9,9,99,9,99,9,9,2,2,1,26,6,-1,-1,-1,-1,8,E01001455,0,1
2024122400596,2024,122400596,2,1,0,18,19,1,5,0,0,1,0,0,0,0,1,1,6,6,1,54,8,-1,-1,-1,-1,6,E01027692,0,1
2024052401934,2024,052401934,2,1,0,18,19,2,6,0,0,1,0,0,0,0,2,1,6,6,1,45,7,-1,-1,-1,-1,1,E01006556,0,1
2024010488340,2024,010488340,2,10,0,99,99,9,9,99,99,9,9,99,9,99,1,9,6,6,3,-1,-1,-1,-1,-1,-1,-1,-1,0,-1
2024010501307,2024,010501307,2,-1,0,18,19,7,3,0,0,1,0,0,0,0,1,1,6,6,1,17,4,-1,-1,-1,-1,-1,-1,1,-1
2024430596427,2024,430596427,2,1,0,18,19,5,1,0,0,8,0,0,0,0,2,1,6,6,1,64,9,-1,-1,-1,-1,8,E01017776,0,1
2024010518944,2024,010518944,1,1,9,99,99,9,9,99,99,9,9,99,9,99,1,1,2,2,1,33,6,-1,-1,-1,-1,3,E01034216,0,1
2024371489101,2024,371489101,2,1,0,-1,19,2,6,-1,0,1,0,0,0,0,1,1,-1,9,1,14,3,-1,-1,-1,-1,6,E01030235,0,1
2024201503583,2024,201503583,2,11,0,-1,20,0,3,-1,0,0,0,0,0,0,0,1,-1,1,1,45,7,-1,-1,-1,-1,-1,-1,0,-1
2024302400343,2024,302400343,1,-1,0,7,7,1,3,0,0,1,0,0,0,0,1,1,6,6,1,14,3,-1,-1,-1,-1,3,E01013532,1,1
2024052400126,2024,052400126,1,9,0,12,12,1,5,0,0,0,0,0,0,0,3,1,1,1,1,61,9,-1,-1,-1,-1,2,-1,0,3
2024221512278,2024,221512278,1,9,0,-1,9,3,1,-1,0,6,0,0,0,0,1,9,-1,6,1,52,8,-1,-1,-1,-1,-1,-1,0,-1
2024451423000,2024,451423000,1,9,0,-1,19,5,1,-1,0,0,2,0,2,4,3,1,-1,9,1,21,5,-1,-1,-1,-1,8,E01004111,0,4
2024221498560,2024,221498560,1,9,0,-1,19,4,1,-1,0,0,0,0,0,0,4,9,-1,6,3,47,8,-1,-1,-1,-1,-1,-1,0,-1
2024421402708,2024,421402708,1,9,0,-1,10,1,3,-1,9,0,0,0,0,0,1,1,-1,2,1,60,9,-1,-1,-1,-1,8,E01021521,0,1
2024201410257,2024,201410257,1,21,1,-1,12,7,3,-1,0,0,0,0,0,0,3,9,-1,1,3,-1,-1,-1,-1,-1,-1,-1,-1,0,-1
2024361485344,2024,361485344,1,98,0,-1,19,7,2,-1,0,0,0,4,0,0,1,1,-1,6,1,76,11,-1,-1,-1,-1,6,E01026549,0,1
2024010516780,2024,010516780,2,1,0,18,19,3,7,0,0,6,0,0,0,0,1,1,6,6,2,19,4,-1,-1,-1,-1,4,E01002397,0,2
2024991523351,2024,991523351,2,9,0,-1,9,3,5,-1,0,1,0,0,0,0,1,1,-1,9,2,37,7,-1,-1,-1,-1,7,-1,0,1
2024141430580,2024,141430580,1,9,0,-1,19,5,1,-1,0,8,0,0,1,0,1,1,-1,2,1,35,6,-1,-1,-1,-1,9,E01013241,0,2
2024010510573,2024,010510573,2,9,9,99,99,9,9,99,99,9,9,99,9,99,2,9,6,6,3,-1,-1,-1,-1,-1,-1,-1,-1,0,-1
2024141467818,2024,141467818,1,11,0,-1,-1,-1,-1,-1,-1,0,-1,-1,-1,0,-1,9,-1,6,1,-1,-1,-1,-1,-1,-1,-1,-1,0,-1
2024311399954,2024,311399954,1,9,0,-1,7,3,7,-1,0,2,0,0,0,0,1,1,-1,6,1,30,6,-1,-1,-1,-1,-1,-1,0,-1
2024101473399,2024,101473399,1,9,0,-1,-1,-1,-1,-1,-1,-1,-1,-1,-1,0,-1,9,-1,6,3,-1,-1,-1,-1,-1,-1,-1,-1,0,-1
2024010527061,2024,010527061,1,1,9,99,99,9,9,99,99,9,9,99,9,99,1,1,2,2,2,40,7,-1,-1,-1,-1,6,E01032803,0,1
2024010541542,2024,010541542,1,1,9,99,99,9,9,99,99,0,9,99,9,99,9,1,6,6,1,29,6,-1,-1,-1,-1,5,E01001139,0,2
2024471513995,2024,471513995,2,9,0,-1,2,0,0,-1,9,0,0,0,0,0,2,1,-1,6,-1,-1,-1,-1,-1,-1,-1,-1,-1,0,-1
2024010521251,2024,010521251,2,1,9,18,19,9,9,99,99,0,9,99,9,99,9,1,2,2,2,47,8,-1,-1,-1,-1,8,E01003225,0,1
2024451515000,2024,451515000,2,9,0,-1,13,1,5,-1,0,0,0,0,0,0,4,9,-1,6,3,36,7,-1,-1,-1,-1,-1,-1,0,-1
2024010517634,2024,010517634,2,1,0,18,19,5,1,0,0,1,0,0,0,0,1,1,6,6,1,28,6,-1,-1,-1,-1,2,E01003940,0,1
2024010493603,2024,010493603,2,1,0,18,19,3,7,0,0,4,0,0,0,0,1,1,2,2,2,30,6,-1,-1,-1,-1,3,E01035650,0,1
2024411435136,2024,411435136,2,90,0,-1,19,4,8,-1,0,0,0,0,0,0,3,1,-1,1,1,-1,-1,-1,-1,-1,-1,-1,-1,0,-1
2024451453026,2024,451453026,1,9,0,-1,19,-1,-1,-1,0,0,0,0,0,0,1,9,-1,6,3,30,6,-1,-1,-1,-1,-1,-1,0,-1
2024211448866,2024,211448866,2,9,0,-1,9,5,4,-1,0,2,0,0,0,0,1,1,-1,2,1,42,7,-1,-1,-1,-1,7,E01029768,0,1
2024161478682,2024,161478682,2,1,0,-1,99,6,2,-1,5,9,0,0,0,0,1,1,-1,6,2,47,8,-1,-1,-1,-1,-1,-1,0,-1
202454E698524,2024,54E698524,2,9,0,9,9,5,3,0,0,1,0,0,0,0,1,1,2,2,2,22,5,-1,-1,-1,-1,4,E01031980,0,1
2024201482943,2024,201482943,2,1,0,-1,19,7,3,-1,0,0,5,10,1,0,3,1,-1,6,1,37,7,-1,-1,-1,-1,2,E01010097,0,2
2024010496536,2024,010496536,2,9,0,9,9,5,3,0,0,1,0,0,0,0,1,1,1,1,1,55,8,-1,-1,-1,-1,6,E01003958,0,1
2024010491243,2024,010491243,2,3,0,18,19,7,3,0,0,0,2,0,0,0,1,1,6,6,1,37,7,-1,-1,-1,-1,4,E01000557,0,1
2024131448400,2024,131448400,1,-1,0,-1,5,3,7,-1,9,0,0,0,0,0,4,1,-1,9,1,13,3,-1,-1,-1,-1,2,E01011558,1,1
2024010511621,2024,010511621,1,1,0,9,9,1,6,0,0,1,0,0,0,0,3,1,6,6,1,53,8,-1,-1,-1,-1,7,E01001593,0,2
2024010496747,2024,010496747,1,1,9,99,99,9,9,99,99,0,9,99,9,99,9,1,6,6,1,35,6,-1,-1,-1,-1,5,E01004591,0,1
2024122401142,2024,122401142,1,1,0,18,19,1,2,0,0,0,0,0,1,0,0,1,6,6,2,57,9,-1,-1,-1,-1,-1,-1,0,-1
2024010487108,2024,010487108,2,9,0,18,19,5,1,0,0,0,0,0,0,0,1,1,6,6,1,44,7,-1,-1,-1,-1,3,E01035658,0,1
2024311522306,2024,311522306,2,1,0,-1,19,4,8,-1,0,8,0,0,0,0,2,1,-1,6,1,64,9,-1,-1,-1,-1,-1,-1,0,-1
2024351413204,2024,351413204,1,-1,0,-1,5,0,0,-1,9,0,0,0,0,0,0,1,-1,9,1,37,7,-1,-1,-1,-1,2,E01015643,1,1
2024991480675,2024,991480675,1,90,0,-1,14,5,1,-1,0,6,0,10,0,0,1,1,-1,6,1,38,7,-1,-1,-1,-1,-1,-1,0,-1
2024010491552,2024,010491552,3,9,0,2,2,0,0,0,0,0,0,0,0,0,3,1,6,6,3,-1,-1,-1,-1,-1,-1,-1,-1,0,-1
2024010490025,2024,010490025,1,3,0,99,99,9,9,99,99,9,9,99,9,99,9,1,6,6,3,23,5,-1,-1,-1,-1,4,E01003171,0,2
2024461422292,2024,461422292,1,9,-1,-1,-1,-1,-1,-1,-1,0,-1,-1,-1,0,-1,9,-1,6,3,-1,-1,-1,-1,-1,-1,-1,-1,0,-1
2024131414712,2024,131414712,2,1,0,-1,7,1,5,-1,0,8,0,0,0,0,3,1,-1,9,1,65,9,-1,-1,-1,-1,8,E01011873,0,1
2024471437397,2024,471437397,3,9,0,-1,2,0,0,-1,9,0,0,0,0,0,3,1,-1,6,-1,-1,-1,-1,-1,-1,-1,-1,-1,0,-1
2024010537105,2024,010537105,1,9,9,99,99,9,9,99,99,9,9,99,9,99,9,9,6,6,3,-1,-1,-1,-1,-1,-1,-1,-1,0,-1
2024131470276,2024,131470276,2,1,0,-1,19,1,5,-1,0,8,0,0,0,0,2,1,-1,6,1,12,3,-1,-1,-1,-1,6,E01010932,0,1
2024010496516,2024,010496516,2,8,0,99,99,9,9,99,99,9,9,99,9,99,9,9,6,6,1,37,7,-1,-1,-1,-1,3,E01001812,0,1
2024552401233,2024,552401233,1,-1,0,18,19,4,8,9,9,0,0,0,0,0,1,1,6,6,3,-1,-1,-1,-1,-1,-1,-1,-1,1,-1
2024031470900,2024,031470900,1,20,5,-1,19,6,2,-1,0,0,0,0,0,0,4,9,-1,1,1,-1,-1,-1,-1,-1,-1,-1,-1,0,-1
2024461498415,2024,461498415,1,9,0,-1,19,4,8,-1,0,2,0,0,0,0,3,1,-1,9,1,24,5,-1,-1,-1,-1,4,E01024358,0,1
2024010517375,2024,010517375,1,1,9,99,99,9,9,4,4,1,9,99,9,99,1,1,2,2,2,43,7,-1,-1,-1,-1,10,E01003858,0,3
2024131477394,2024,131477394,1,11,0,-1,-1,-1,-1,-1,-1,0,-1,-1,-1,-1,-1,1,-1,6,3,-1,-1,-1,-1,-1,-1,-1,-1,0,-1
2024421527112,2024,421527112,2,1,0,-1,19,3,7,-1,0,0,0,0,0,0,4,1,-1,6,1,43,7,-1,-1,-1,-1,6,E01021344,0,1
2024351499449,2024,351499449,1,8,0,-1,19,6,2,-1,0,0,0,0,0,0,1,1,-1,9,1,38,7,-1,-1,-1,-1,6,E01033049,0,4
2024302401034,2024,302401034,2,1,0,18,19,8,4,0,0,0,0,0,0,0,2,1,6,6,2,60,9,-1,-1,-1,-1,6,E01019585,0,1
2024501489527,2024,501489527,2,9,0,-1,3,8,4,-1,0,0,0,0,0,0,2,1,-1,2,1,58,9,-1,-1,-1,-1,4,E01018965,0,1
2024010495412,2024,010495412,1,9,0,18,19,1,5,0,0,0,0,0,0,0,2,1,6,6,1,81,11,-1,-1,-1,-1,-1,-1,0,-1
2024302400722,2024,302400722,2,19,0,18,19,1,5,0,0,1,0,0,1,1,1,1,6,6,1,27,6,-1,-1,-1,-1,-1,-1,0,-1
2024010492419,2024,010492419,2,9,0,99,99,9,9,99,99,9,9,99,9,99,9,9,6,6,3,-1,-1,-1,-1,-1,-1,-1,-1,0,-1
2024451440028,2024,451440028,2,9,0,-1,3,1,5,-1,0,1,0,0,0,0,3,1,-1,1,1,38,7,-1,-1,-1,-1,4,E01031548,0,4
2024010527304,2024,010527304,2,9,0,99,99,9,9,99,99,9,9,99,9,99,9,9,6,6,3,-1,-1,-1,-1,-1,-1,-1,-1,0,-1
2024522401287,2024,522401287,2,9,0,18,19,3,7,0,0,4,0,0,0,0,1,1,6,6,3,-1,-1,-1,-1,-1,-1,-1,-1,0,-1
2024421461460,2024,421461460,1,1,0,-1,5,4,8,-1,5,0,0,0,0,0,1,1,-1,1,1,20,4,-1,-1,-1,-1,-1,-1,0,-1
2024122400206,2024,122400206,2,1,0,18,19,8,4,0,0,8,0,0,1,0,0,1,6,6,1,32,6,-1,-1,-1,-1,10,E01013432,0,1
2024991483202,2024,991483202,2,9,0,-1,19,3,7,-1,0,8,0,0,0,0,1,1,-1,9,2,54,8,-1,-1,-1,-1,5,-1,0,1
2024201535725,2024,201535725,2,1,0,-1,19,6,2,-1,0,0,0,0,0,0,2,1,-1,6,1,28,6,-1,-1,-1,-1,2,E01010279,0,1
2024010506473,2024,010506473,2,9,0,99,99,9,9,99,99,9,9,99,9,99,1,9,6,6,3,-1,-1,-1,-1,-1,-1,-1,-1,0,-1
2024461472473,2024,461472473,1,97,0,-1,19,3,7,-1,0,1,0,0,0,0,0,1,-1,9,1,61,9,-1,-1,-1,-1,2,E01024717,0,1
2024161533926,2024,161533926,2,9,0,-1,19,5,1,-1,0,8,0,0,0,0,1,9,-1,6,3,-1,-1,-1,-1,-1,-1,-1,-1,0,-1
2024201403769,2024,201403769,1,9,0,-1,6,3,3,-1,0,2,0,0,0,0,4,9,-1,9,1,25,5,-1,-1,-1,-1,1,E01012217,0,5
2024131438028,2024,131438028,2,1,0,-1,19,7,3,-1,0,8,0,0,0,0,1,1,-1,6,1,30,6,-1,-1,-1,-1,1,E01011354,0,1
2024201431622,2024,201431622,1,9,0,-1,1,4,2,-1,0,8,0,0,0,0,2,9,-1,1,1,51,8,-1,-1,-1,-1,8,E01034097,0,3
2024211496985,2024,211496985,2,1,0,-1,19,5,1,-1,0,2,0,0,0,0,1,1,-1,9,1,13,3,-1,-1,-1,-1,9,E01029631,0,1
2024010536608,2024,010536608,2,90,9,99,99,9,9,99,99,9,9,99,9,99,9,1,6,6,2,-1,-1,-1,-1,-1,-1,3,E01001830,0,1
2024010512497,2024,010512497,1,1,9,99,99,9,9,99,99,9,9,99,9,99,1,1,6,6,3,-1,-1,-1,-1,-1,-1,5,E01003142,0,1
2024061495500,2024,061495500,2,1,0,-1,19,5,1,-1,0,0,0,0,0,0,4,1,-1,6,1,19,4,-1,-1,-1,-1,-1,-1,0,-1
2024141440969,2024,141440969,1,97,0,-1,19,5,1,-1,0,1,0,0,0,0,1,1,-1,9,1,16,4,-1,-1,-1,-1,2,E01007635,0,1
2024440518531,2024,440518531,2,1,0,18,19,7,3,0,0,2,0,0,0,0,3,1,6,6,1,22,5,-1,-1,-1,-1,8,E01023048,0,1
2024461464750,2024,461464750,1,19,0,-1,19,1,5,-1,0,0,0,0,0,0,1,9,-1,6,3,-1,-1,-1,-1,-1,-1,-1,-1,0,-1
2024161443389,2024,161443389,2,1,0,-1,19,5,1,-1,9,0,0,0,0,0,1,1,-1,6,2,56,9,-1,-1,-1,-1,2,E01012777,0,1
2024401494924,2024,401494924,2,-1,0,-1,19,8,4,-1,0,2,0,0,0,0,4,1,-1,7,1,17,4,-1,-1,-1,-1,8,E01015805,1,1
2024010491357,2024,010491357,3,9,0,3,3,5,1,0,0,1,0,0,0,0,2,1,6,6,1,59,9,-1,-1,-1,-1,9,E01025669,0,5
2024201404838,2024,201404838,1,9,0,-1,15,3,7,-1,0,0,0,0,0,0,1,9,-1,6,3,-1,-1,-1,-1,-1,-1,-1,-1,0,-1
2024471450736,2024,471450736,1,9,0,-1,19,5,1,-1,0,6,0,0,0,0,1,1,-1,9,1,61,9,-1,-1,-1,-1,9,E01000358,0,4
2024141459602,2024,141459602,1,9,0,-1,19,8,6,-1,0,0,0,0,0,0,1,1,-1,9,1,21,5,-1,-1,-1,-1,2,E01004969,0,4
2024131497875,2024,131497875,2,9,0,-1,2,0,0,-1,9,8,0,0,0,0,2,1,-1,6,-1,-1,-1,-1,-1,-1,-1,-1,-1,0,-1
2024010534237,2024,010534237,2,9,0,99,99,9,9,99,99,9,9,99,9,99,2,9,6,6,3,-1,-1,-1,-1,-1,-1,-1,-1,0,-1
2024101396303,2024,101396303,1,9,0,-1,7,1,3,-1,0,8,0,0,0,0,1,9,-1,6,2,-1,-1,-1,-1,-1,-1,-1,-1,0,-1
2024131482062,2024,131482062,2,1,0,-1,19,1,5,-1,0,0,0,0,0,0,1,1,-1,9,1,18,4,-1,-1,-1,-1,3,E01011105,0,1
2024411409730,2024,411409730,1,9,0,-1,13,6,1,-1,0,0,1,0,1,0,1,1,-1,9,1,36,7,-1,-1,-1,-1,9,E01023619,0,1
2024010527609,2024,010527609,1,9,0,9,9,1,6,0,0,6,0,0,1,0,1,1,6,6,3,-1,-1,-1,-1,-1,-1,-1,-1,0,-1
2024430512177,2024,430512177,2,-1,0,18,19,1,5,0,0,1,0,0,0,0,3,1,6,6,1,18,4,-1,-1,-1,-1,-1,-1,1,-1
2024131422196,2024,131422196,2,-1,0,-1,19,6,2,-1,0,8,5,0,0,0,1,1,-1,6,1,43,7,-1,-1,-1,-1,7,E01011277,1,1