collision_index,collision_year,collision_ref_no,vehicle_reference,vehicle_type,towing_and_articulation,vehicle_manoeuvre_historic,vehicle_manoeuvre,vehicle_direction_from,vehicle_direction_to,vehicle_location_restricted_lane_historic,vehicle_location_restricted_lane,junction_location,skidding_and_overturning,hit_object_in_carriageway,vehicle_leaving_carriageway,hit_object_off_carriageway,first_point_of_impact,vehicle_left_hand_drive,journey_purpose_of_driver_historic,journey_purpose_of_driver,sex_of_driver,age_of_driver,age_band_of_driver,engine_capacity_cc,propulsion_code,age_of_vehicle,generic_make_model,driver_imd_decile,lsoa_of_driver,escooter_flag,driver_distance_banding
2024201476220,2024,201476220,1,9,0,-1,7,3,7,-1,0,3,0,0,0,0,1,9,-1,6,3,39,7,-1,-1,-1,-1,-1,-1,0,-1
2024610015624,2024,610015624,2,9,0,18,19,2,6,0,0,1,0,0,0,0,1,1,1,1,1,42,7,-1,-1,-1,-1,5,W01001611,0,2
2024010498707,2024,010498707,2,9,0,99,99,9,9,99,99,9,9,99,9,99,0,9,6,6,3,-1,-1,-1,-1,-1,-1,-1,-1,0,-1
2024010494855,2024,010494855,2,9,0,99,99,9,9,99,99,9,9,99,9,99,9,9,6,6,3,-1,-1,-1,-1,-1,-1,4,E01002055,0,1
2024430119931,2024,430119931,2,-1,0,18,19,4,8,0,0,8,0,0,0,0,1,1,6,6,1,14,3,-1,-1,-1,-1,-1,-1,1,-1
2024010494111,2024,010494111,2,9,0,99,99,9,9,99,99,9,9,99,9,99,9,9,6,6,1,31,6,-1,-1,-1,-1,4,E01003169,0,1
2024010540066,2024,010540066,2,9,0,18,19,4,8,0,0,2,0,0,0,0,1,1,6,6,3,-1,-1,-1,-1,-1,-1,-1,-1,0,-1
2024010545790,2024,010545790,2,4,0,99,99,9,9,99,99,9,9,99,9,99,1,1,6,6,3,-1,-1,-1,-1,-1,-1,-1,-1,0,-1
2024501504762,2024,501504762,1,1,0,-1,19,1,5,-1,0,0,0,0,0,0,1,1,-1,6,1,53,8,-1,-1,-1,-1,5,E01018904,0,1
2024010500798,2024,010500798,1,1,9,99,99,9,9,99,99,9,9,99,9,99,9,1,2,2,1,42,7,-1,-1,-1,-1,2,E01033702,0,2
2024010512390,2024,010512390,2,1,0,18,19,5,1,4,4,1,0,0,0,0,1,1,2,2,1,48,8,-1,-1,-1,-1,3,E01001650,0,2
2024201527498,2024,201527498,1,9,0,-1,9,2,8,-1,0,6,0,0,0,0,1,1,-1,6,1,79,11,-1,-1,-1,-1,4,E01009882,0,1
2024010550172,2024,010550172,2,9,0,99,99,9,9,99,99,9,9,99,9,99,9,9,6,6,3,-1,-1,-1,-1,-1,-1,-1,-1,0,-1
2024311419151,2024,311419151,2,9,0,-1,19,6,2,-1,0,0,0,0,0,0,4,1,-1,6,2,67,10,-1,-1,-1,-1,1,E01028261,0,1
2024991413223,2024,991413223,1,9,0,-1,5,8,6,-1,0,2,0,0,0,0,1,1,-1,6,2,31,6,-1,-1,-1,-1,6,-1,0,1
2024302401010,2024,302401010,1,9,0,5,5,8,4,0,0,4,0,0,0,0,1,1,6,6,2,27,6,-1,-1,-1,-1,9,E01034653,0,1
2024430186075,2024,430186075,1,9,0,16,19,5,7,0,0,0,0,0,0,0,1,1,6,6,2,87,11,-1,-1,-1,-1,9,E01017722,0,2
2024440486657,2024,440486657,1,9,0,18,19,3,7,0,0,0,0,0,0,0,4,1,6,6,1,57,9,-1,-1,-1,-1,6,E01031533,0,4
2024010530269,2024,010530269,2,9,0,9,9,3,1,0,0,1,0,0,0,0,1,1,6,6,3,-1,-1,-1,-1,-1,-1,-1,-1,0,-1
2024440188990,2024,440188990,1,9,0,17,19,4,8,0,0,0,2,0,8,4,1,1,1,1,1,22,5,-1,-1,-1,-1,2,E01017169,0,4
2024552500147,2024,552500147,2,1,0,9,9,3,1,0,0,8,0,0,0,0,4,1,6,6,1,58,9,-1,-1,-1,-1,5,E01015334,0,2
2024451474660,2024,451474660,1,1,0,-1,5,7,3,-1,0,1,5,0,0,0,3,1,-1,6,1,30,6,-1,-1,-1,-1,7,E01004491,0,4
2024010546782,2024,010546782,1,19,0,1,1,9,9,99,99,0,9,99,9,99,2,9,6,6,3,-1,-1,-1,-1,-1,-1,-1,-1,0,-1
2024340WN4652,2024,340WN4652,1,3,0,-1,19,7,3,-1,0,8,0,0,0,0,1,1,-1,9,1,22,5,-1,-1,-1,-1,4,E01027142,0,1
2024622400624,2024,622400624,2,9,0,18,19,2,6,0,0,1,0,0,0,0,1,1,6,6,1,16,4,-1,-1,-1,-1,4,W01000809,0,2
2024501463976,2024,501463976,1,19,0,-1,19,7,3,-1,0,0,0,0,0,0,4,1,-1,6,3,-1,-1,-1,-1,-1,-1,-1,-1,0,-1
2024430176573,2024,430176573,2,9,0,8,8,6,8,0,0,1,0,0,0,0,2,1,6,6,2,21,5,-1,-1,-1,-1,-1,-1,0,-1
2024101455730,2024,101455730,1,9,0,-1,1,3,7,-1,0,0,0,0,0,0,2,9,-1,6,1,-1,-1,-1,-1,-1,-1,-1,-1,0,-1
2024531498964,2024,531498964,1,9,0,-1,19,5,1,-1,0,0,0,0,0,0,1,9,-1,6,1,26,6,-1,-1,-1,-1,6,E01022400,0,3
2024430623797,2024,430623797,2,9,0,16,19,5,8,0,0,0,0,0,0,0,3,1,6,6,1,20,4,-1,-1,-1,-1,10,E01016533,0,1
2024131397838,2024,131397838,2,1,0,-1,19,3,7,-1,0,1,0,0,0,0,4,1,-1,6,1,46,8,-1,-1,-1,-1,1,E01010720,0,1
2024552400498,2024,552400498,2,90,0,18,19,8,4,0,0,0,0,0,0,0,2,1,6,6,1,31,6,-1,-1,-1,-1,10,E01020380,0,1
2024531474041,2024,531474041,2,1,0,-1,19,6,2,-1,0,1,0,0,0,0,3,1,-1,2,2,38,7,-1,-1,-1,-1,3,E01022121,0,1
202454A154424,2024,54A154424,1,9,0,18,19,3,7,0,0,1,0,0,0,0,1,1,6,6,3,-1,-1,-1,-1,-1,-1,-1,-1,0,-1
2024221482326,2024,221482326,1,1,0,-1,14,7,2,-1,0,0,0,0,0,0,1,1,-1,6,1,30,6,-1,-1,-1,-1,8,E01032366,0,4
2024401493985,2024,401493985,2,9,0,-1,3,1,5,-1,0,8,0,0,0,0,0,1,-1,9,1,56,9,-1,-1,-1,-1,6,E01015790,0,1
2024010515875,2024,010515875,2,1,0,18,19,9,9,0,0,4,5,0,0,0,1,1,2,2,1,26,6,-1,-1,-1,-1,2,E01000052,0,1
2024161445054,2024,161445054,1,1,0,-1,19,6,2,-1,4,8,0,0,0,0,1,1,-1,6,1,16,4,-1,-1,-1,-1,4,E01012772,0,1
2024010511315,2024,010511315,2,1,0,18,19,7,3,0,0,1,0,0,0,0,1,1,6,6,1,17,4,-1,-1,-1,-1,8,E01001965,0,1
2024332400688,2024,332400688,1,9,0,-1,19,1,5,-1,0,4,0,0,1,4,1,1,-1,9,2,43,7,-1,-1,-1,-1,5,E01013616,0,1
2024520401934,2024,520401934,1,9,0,1,1,9,9,0,0,0,0,0,0,0,2,1,6,6,3,-1,-1,-1,-1,-1,-1,-1,-1,0,-1
2024010492601,2024,010492601,2,19,0,99,99,9,9,99,99,0,9,99,9,99,1,9,6,6,3,-1,-1,-1,-1,-1,-1,-1,-1,0,-1
2024161401377,2024,161401377,1,9,0,-1,8,5,1,-1,0,1,0,0,0,0,2,1,-1,6,2,47,8,-1,-1,-1,-1,6,E01012923,0,3
2024361421229,2024,361421229,1,9,0,-1,19,3,7,-1,0,0,0,0,7,4,1,1,-1,9,1,40,7,-1,-1,-1,-1,-1,-1,0,-1
2024010487272,2024,010487272,1,9,0,4,4,3,7,0,0,1,0,0,0,0,1,1,6,6,1,47,8,-1,-1,-1,-1,4,E01003389,0,2
2024070741448,2024,070741448,2,1,0,-1,19,5,1,-1,0,8,0,0,0,0,1,1,-1,9,1,63,9,-1,-1,-1,-1,6,E01018617,0,1
2024111471910,2024,111471910,1,1,0,-1,5,4,8,-1,0,4,0,0,0,0,1,1,-1,6,1,33,6,-1,-1,-1,-1,4,E01034491,0,1
2024552401483,2024,552401483,2,1,0,18,19,4,8,0,0,0,0,0,0,0,2,1,6,6,1,74,10,-1,-1,-1,-1,5,E01015274,0,1
2024522401701,2024,522401701,2,9,0,13,13,1,5,0,0,1,0,0,0,0,4,1,6,6,3,-1,-1,-1,-1,-1,-1,-1,-1,0,-1
2024010525429,2024,010525429,2,9,0,99,99,9,9,99,99,9,9,99,9,99,0,9,6,6,3,-1,-1,-1,-1,-1,-1,-1,-1,0,-1
2024451452090,2024,451452090,2,98,-1,-1,19,-1,-1,-1,0,0,0,0,0,0,-1,9,-1,6,1,-1,-1,-1,-1,-1,-1,-1,-1,0,-1
2024552500116,2024,552500116,2,1,0,18,19,5,1,0,0,8,0,0,0,0,4,1,4,7,1,11,3,-1,-1,-1,-1,5,E01020562,0,1
2024351506444,2024,351506444,2,9,0,-1,3,-1,-1,-1,0,0,0,0,0,0,1,9,-1,9,1,49,8,-1,-1,-1,-1,5,E01018079,0,1
2024211519509,2024,211519509,1,99,0,-1,19,5,1,-1,0,0,0,0,0,0,4,1,-1,6,3,21,5,-1,-1,-1,-1,-1,-1,0,-1
2024361458696,2024,361458696,1,1,0,-1,14,6,2,-1,0,1,0,0,0,0,1,1,-1,9,1,21,5,-1,-1,-1,-1,4,-1,0,5
2024131433392,2024,131433392,1,9,0,-1,-1,-1,-1,-1,-1,-1,-1,-1,-1,0,-1,1,-1,6,3,-1,-1,-1,-1,-1,-1,-1,-1,0,-1
2024010502973,2024,010502973,2,1,0,18,19,3,7,0,0,1,0,0,0,0,1,1,1,1,1,25,5,-1,-1,-1,-1,2,E01000049,0,1
2024122400964,2024,122400964,2,1,0,18,19,3,7,0,0,8,0,0,0,0,4,1,6,6,1,34,6,-1,-1,-1,-1,2,E01027812,0,1
2024311438111,2024,311438111,2,9,0,-1,2,0,0,-1,0,1,1,0,1,0,2,1,-1,6,-1,-1,-1,-1,-1,-1,-1,-1,-1,0,-1
2024010543148,2024,010543148,2,9,0,12,12,7,3,0,0,0,0,0,0,0,3,1,6,6,1,19,4,-1,-1,-1,-1,4,E01002551,0,2
2024010495553,2024,010495553,1,3,0,99,99,9,9,99,99,0,9,99,9,99,9,1,1,1,3,27,6,-1,-1,-1,-1,8,E01000784,0,3
2024010508766,2024,010508766,2,5,0,18,19,5,1,0,0,1,0,0,0,0,1,1,6,6,1,35,6,-1,-1,-1,-1,3,E01003992,0,1
2024440175639,2024,440175639,1,1,0,18,19,6,2,4,4,0,0,0,0,0,3,1,2,2,2,42,7,-1,-1,-1,-1,7,E01022812,0,1
2024211535537,2024,211535537,3,9,0,-1,4,3,7,-1,0,0,0,0,0,0,1,1,-1,6,1,44,7,-1,-1,-1,-1,1,E01004828,0,4
2024231491863,2024,231491863,1,19,0,-1,19,1,6,-1,0,8,0,0,0,0,3,9,-1,6,1,65,9,-1,-1,-1,-1,-1,-1,0,-1
2024311412366,2024,311412366,2,98,1,-1,19,1,5,-1,0,1,0,0,0,0,1,1,-1,1,1,47,8,-1,-1,-1,-1,-1,-1,0,-1
2024010539146,2024,010539146,1,1,9,99,99,9,9,99,99,9,9,99,9,99,1,1,2,2,1,35,6,-1,-1,-1,-1,6,E01035715,0,1
2024622400881,2024,622400881,1,23,0,18,19,2,6,0,0,2,1,0,0,0,1,1,6,6,1,18,4,-1,-1,-1,-1,1,W01001707,0,1
2024201525220,2024,201525220,1,99,0,-1,19,2,6,-1,0,1,0,0,0,0,1,9,-1,6,3,34,6,-1,-1,-1,-1,-1,-1,0,-1
2024552401184,2024,552401184,2,9,0,18,19,4,8,0,0,0,0,0,0,0,1,1,6,6,1,45,7,-1,-1,-1,-1,7,-1,0,5
2024010517335,2024,010517335,2,22,0,18,19,7,3,0,0,1,0,0,0,0,1,1,6,6,2,60,9,-1,-1,-1,-1,4,E01003058,0,1
2024010523145,2024,010523145,2,19,0,2,2,0,0,0,0,0,0,0,0,0,4,1,6,6,3,-1,-1,-1,-1,-1,-1,-1,-1,0,-1
2024161526468,2024,161526468,1,1,0,-1,19,3,7,-1,4,0,0,0,0,0,3,1,-1,6,1,35,6,-1,-1,-1,-1,4,E01012802,0,1
2024440518203,2024,440518203,1,1,0,18,19,3,7,0,0,1,0,0,0,0,3,1,4,7,1,12,3,-1,-1,-1,-1,1,E01017112,0,1
2024070981488,2024,070981488,2,9,0,-1,19,5,1,-1,0,0,1,0,1,0,1,1,-1,2,2,52,8,-1,-1,-1,-1,10,E01033375,0,1
2024010544207,2024,010544207,1,9,0,9,9,3,8,0,0,2,0,0,0,0,1,1,6,6,1,46,8,-1,-1,-1,-1,2,E01003516,0,1
2024010532758,2024,010532758,2,1,0,18,19,1,5,0,0,0,0,0,0,0,2,1,2,2,1,60,9,-1,-1,-1,-1,6,E01002801,0,1
2024101425600,2024,101425600,1,9,0,-1,19,6,2,-1,0,0,0,0,1,7,1,1,-1,2,1,50,8,-1,-1,-1,-1,7,E01027514,0,4
2024351432236,2024,351432236,1,9,0,-1,19,3,7,-1,0,0,0,0,0,0,1,1,-1,1,1,24,5,-1,-1,-1,-1,10,E01018019,0,4
2024361508714,2024,361508714,2,19,0,-1,19,5,1,-1,0,0,0,0,0,0,4,1,-1,1,3,-1,-1,-1,-1,-1,-1,-1,-1,0,-1
2024161517237,2024,161517237,2,-1,0,-1,19,3,7,-1,0,1,0,0,0,0,1,1,-1,6,1,-1,-1,-1,-1,-1,-1,1,E01012876,1,1
2024421434458,2024,421434458,2,9,0,-1,3,6,2,-1,0,0,0,4,0,0,1,1,-1,6,1,79,11,-1,-1,-1,-1,8,E01021332,0,1
2024061499156,2024,061499156,2,9,0,-1,4,-1,-1,-1,99,7,0,0,0,0,2,1,-1,6,3,-1,-1,-1,-1,-1,-1,-1,-1,0,-1
2024052401212,2024,052401212,1,1,0,17,19,4,8,0,0,1,0,0,0,0,2,1,4,7,1,-1,-1,-1,-1,-1,-1,1,E01007278,0,1
2024332401069,2024,332401069,2,11,0,-1,7,5,8,-1,0,5,0,0,1,11,4,1,-1,1,1,63,9,-1,-1,-1,-1,3,E01013613,0,3
2024522402198,2024,522402198,2,1,0,18,19,2,6,0,0,1,0,0,0,0,1,1,6,6,1,21,5,-1,-1,-1,-1,1,E01014688,0,1
2024141456295,2024,141456295,1,1,0,-1,19,6,2,-1,9,0,5,0,0,0,1,1,-1,6,3,-1,-1,-1,-1,-1,-1,-1,-1,0,-1
2024520402975,2024,520402975,2,9,0,18,19,8,4,0,0,3,0,0,0,0,1,1,6,6,3,-1,-1,-1,-1,-1,-1,-1,-1,0,-1
2024522401110,2024,522401110,1,9,0,18,19,5,1,0,0,2,0,0,0,0,1,1,6,6,3,-1,-1,-1,-1,-1,-1,-1,-1,0,-1
2024520401349,2024,520401349,2,9,0,18,19,5,1,0,0,1,0,0,0,0,1,1,6,6,1,25,5,-1,-1,-1,-1,5,E01029226,0,1
2024041472804,2024,041472804,1,1,0,-1,9,3,7,-1,0,8,0,0,0,0,3,1,-1,6,1,61,9,-1,-1,-1,-1,8,E01025596,0,1
2024010495514,2024,010495514,1,9,0,18,19,1,5,0,0,0,0,99,0,0,9,1,6,6,2,25,5,-1,-1,-1,-1,8,E01002461,0,4
2024141454658,2024,141454658,2,9,0,-1,1,5,3,-1,0,0,0,0,0,0,2,9,-1,6,3,-1,-1,-1,-1,-1,-1,-1,-1,0,-1
2024522403202,2024,522403202,1,1,0,18,19,8,4,0,0,8,0,0,0,0,1,1,6,6,1,63,9,-1,-1,-1,-1,5,E01033339,0,1
2024122400905,2024,122400905,1,19,0,18,19,1,5,0,0,1,0,0,0,0,3,1,1,1,1,22,5,-1,-1,-1,-1,5,E01027793,0,4
2024010537805,2024,010537805,2,97,0,99,99,9,9,99,99,9,9,99,9,99,0,9,6,6,3,-1,-1,-1,-1,-1,-1,-1,-1,0,-1
202454C324624,2024,54C324624,1,19,0,5,5,5,1,0,0,1,0,0,0,0,1,1,1,1,1,34,6,-1,-1,-1,-1,8,E01015522,0,1
2024061482668,2024,061482668,1,9,0,-1,19,1,5,-1,0,0,0,0,0,0,1,1,-1,6,1,21,5,-1,-1,-1,-1,-1,-1,0,-1
2024401492405,2024,401492405,1,9,0,-1,19,7,3,-1,0,0,0,0,0,0,1,1,-1,1,2,48,8,-1,-1,-1,-1,6,E01017437,0,1
2024010492013,2024,010492013,1,9,9,99,99,9,9,99,99,9,9,99,9,99,9,9,6,6,3,-1,-1,-1,-1,-1,-1,-1,-1,0,-1
2024061422980,2024,061422980,2,1,0,-1,19,3,7,-1,0,8,0,0,0,0,1,1,-1,6,1,44,7,-1,-1,-1,-1,4,E01006047,0,2
2024531507943,2024,531507943,2,1,0,-1,19,4,8,-1,9,2,0,0,0,0,4,1,-1,7,2,8,2,-1,-1,-1,-1,7,E01022142,0,1
2024302400693,2024,302400693,1,9,0,18,19,8,4,0,0,0,0,0,0,0,4,1,6,6,3,-1,-1,-1,-1,-1,-1,5,E01019456,0,3
2024440268713,2024,440268713,2,1,0,18,19,3,7,0,0,8,0,0,0,0,4,1,2,2,1,45,7,-1,-1,-1,-1,5,E01017024,0,1
2024201507783,2024,201507783,2,1,0,-1,19,4,8,-1,0,3,0,0,0,0,1,1,-1,6,1,26,6,-1,-1,-1,-1,2,E01010019,0,1
2024351526622,2024,351526622,2,9,0,-1,5,5,1,-1,0,0,0,0,0,0,3,9,-1,6,1,30,6,-1,-1,-1,-1,8,E01015646,0,1
2024522500174,2024,522500174,1,1,0,18,19,1,5,0,0,8,0,0,0,0,4,1,6,6,1,35,6,-1,-1,-1,-1,3,E01014684,0,1
2024161421245,2024,161421245,1,9,0,-1,19,1,5,-1,0,0,0,0,0,0,1,1,-1,6,3,-1,-1,-1,-1,-1,-1,-1,-1,0,-1
2024311418265,2024,311418265,3,9,0,-1,19,7,3,-1,0,8,0,0,0,0,1,1,-1,6,1,43,7,-1,-1,-1,-1,-1,-1,0,-1
2024041511964,2024,041511964,2,1,0,-1,19,2,6,-1,0,1,0,0,0,0,1,1,-1,9,1,46,8,-1,-1,-1,-1,7,E01025326,0,3
2024131401389,2024,131401389,1,9,0,-1,19,3,7,-1,0,8,0,4,0,0,1,1,-1,6,3,-1,-1,-1,-1,-1,-1,-1,-1,0,-1
2024320682845,2024,320682845,1,9,0,-1,-1,2,6,0,0,1,0,0,0,0,1,1,6,6,3,-1,-1,-1,-1,-1,-1,-1,-1,0,-1
2024311504064,2024,311504064,2,1,0,-1,19,5,1,-1,0,1,5,0,0,0,0,1,-1,2,1,67,10,-1,-1,-1,-1,-1,-1,0,-1
2024041394509,2024,041394509,2,9,0,-1,4,7,3,-1,0,1,0,0,0,0,2,1,-1,9,1,61,9,-1,-1,-1,-1,10,E01011455,0,4
2024010489353,2024,010489353,1,3,0,18,19,1,5,0,0,8,0,0,0,0,2,1,1,1,1,30,6,-1,-1,-1,-1,7,E01015961,0,4
2024461418343,2024,461418343,1,9,0,-1,19,7,3,-1,0,3,0,0,9,0,1,9,-1,6,3,-1,-1,-1,-1,-1,-1,-1,-1,0,-1
2024430023232,2024,430023232,1,9,0,18,19,-1,-1,0,0,0,0,0,0,0,1,1,1,1,1,30,6,-1,-1,-1,-1,6,E01017698,0,1
2024010527277,2024,010527277,1,1,9,99,99,9,9,99,99,9,9,99,9,99,9,1,6,6,1,29,6,-1,-1,-1,-1,2,E01003336,0,1
2024201450782,2024,201450782,1,90,0,-1,19,2,6,-1,0,0,0,0,0,0,1,1,-1,1,1,35,6,-1,-1,-1,-1,4,E01009868,0,1
2024531469728,2024,531469728,1,9,0,-1,6,1,5,-1,0,0,0,0,0,0,1,2,-1,9,1,46,8,-1,-1,-1,-1,-1,-1,0,-1
2024332400691,2024,332400691,2,9,0,-1,19,5,1,-1,0,0,0,0,0,0,1,1,-1,9,2,54,8,-1,-1,-1,-1,9,E01025893,0,2
2024531427389,2024,531427389,2,1,0,-1,19,3,7,-1,0,8,5,0,0,0,1,1,-1,2,1,38,7,-1,-1,-1,-1,9,E01022434,0,1
2024061442016,2024,061442016,2,1,0,-1,19,-1,-1,-1,0,0,0,0,0,0,3,1,-1,6,2,43,7,-1,-1,-1,-1,1,E01034122,0,1
2024010488055,2024,010488055,1,19,0,12,12,7,3,0,0,2,0,0,0,0,3,1,2,2,1,35,6,-1,-1,-1,-1,2,E01034208,0,2
2024411477628,2024,411477628,2,97,-1,-1,-1,-1,-1,-1,-1,-1,-1,-1,-1,0,1,1,-1,2,1,44,7,-1,-1,-1,-1,7,E01023360,0,1
2024010488888,2024,010488888,2,19,0,18,19,7,3,0,0,0,0,0,0,0,1,1,6,6,3,-1,-1,-1,-1,-1,-1,-1,-1,0,-1
2024340NN0562,2024,340NN0562,1,9,0,-1,19,8,4,-1,0,4,0,0,0,0,1,1,-1,6,1,-1,-1,-1,-1,-1,-1,6,E01027326,0,1
2024131400682,2024,131400682,2,9,0,-1,19,5,1,-1,0,0,0,0,0,0,2,1,-1,9,2,60,9,-1,-1,-1,-1,1,E01006702,0,4
2024522401619,2024,522401619,1,1,0,18,19,5,1,0,0,0,0,0,0,0,3,1,6,6,1,25,5,-1,-1,-1,-1,4,E01033342,0,2
2024501493227,2024,501493227,1,9,0,-1,19,2,6,-1,0,0,0,0,0,0,1,1,-1,6,1,40,7,-1,-1,-1,-1,4,E01020289,0,3
2024010487283,2024,010487283,2,3,0,3,3,6,2,0,0,1,2,0,0,0,2,1,1,1,1,33,6,-1,-1,-1,-1,-1,-1,0,-1
2024161466206,2024,161466206,2,1,0,-1,19,6,2,-1,4,8,0,0,0,0,1,1,-1,6,1,36,7,-1,-1,-1,-1,2,E01012871,0,1
2024440506567,2024,440506567,1,9,0,18,19,8,4,0,0,0,0,0,1,4,1,1,6,6,2,42,7,-1,-1,-1,-1,-1,-1,0,-1
2024421461414,2024,421461414,2,1,0,-1,7,8,3,-1,0,1,0,0,0,0,1,1,-1,6,1,51,8,-1,-1,-1,-1,4,E01021636,0,1
2024122400945,2024,122400945,1,9,0,15,15,1,5,0,0,1,0,0,0,0,0,1,6,6,1,58,9,-1,-1,-1,-1,4,E01013353,0,1
2024010522946,2024,010522946,1,1,0,18,19,7,3,0,0,1,0,0,0,0,1,1,6,6,2,37,7,-1,-1,-1,-1,10,E01032638,0,1
2024010522627,2024,010522627,1,19,0,99,99,9,9,99,99,0,9,99,9,99,9,1,6,6,3,-1,-1,-1,-1,-1,-1,-1,-1,0,-1
2024010526893,2024,010526893,2,9,0,2,2,0,0,0,0,1,0,0,0,0,4,1,6,6,3,-1,-1,-1,-1,-1,-1,-1,-1,0,-1
2024010496347,2024,010496347,1,9,0,99,99,9,9,99,99,9,9,99,9,99,2,9,6,6,2,39,7,-1,-1,-1,-1,5,E01003700,0,4
2024141508094,2024,141508094,1,1,0,-1,19,8,4,-1,4,0,5,0,1,2,3,1,-1,9,1,65,9,-1,-1,-1,-1,4,E01007704,0,2
2024340WN0662,2024,340WN0662,1,9,0,-1,19,3,7,-1,0,4,0,0,7,11,3,1,-1,1,2,23,5,-1,-1,-1,-1,5,E01027179,0,1
2024540271424,2024,540271424,1,9,0,9,9,2,8,0,0,1,0,0,0,0,3,1,2,2,2,41,7,-1,-1,-1,-1,6,E01015579,0,2
2024061535139,2024,061535139,1,1,0,-1,19,-1,-1,-1,0,8,0,0,0,0,1,1,-1,2,1,22,5,-1,-1,-1,-1,1,E01005067,0,1
2024201488430,2024,201488430,2,1,0,-1,19,8,4,-1,0,8,0,0,0,0,4,1,-1,2,1,49,8,-1,-1,-1,-1,10,E01010150,0,2
2024052400877,2024,052400877,2,9,0,9,9,6,4,0,0,8,1,0,7,1,3,1,2,2,1,49,8,-1,-1,-1,-1,3,E01006681,0,2
2024010538129,2024,010538129,2,1,0,18,19,7,3,0,0,8,0,0,0,0,1,1,6,6,1,17,4,-1,-1,-1,-1,5,E01001928,0,2
2024010512949,2024,010512949,1,1,9,99,99,9,9,99,99,9,9,99,9,99,9,1,6,6,2,74,10,-1,-1,-1,-1,7,E01001290,0,1
2024351498530,2024,351498530,2,1,0,-1,5,2,6,-1,0,2,0,0,0,0,1,1,-1,6,1,31,6,-1,-1,-1,-1,-1,-1,0,-1
2024421395357,2024,421395357,1,9,0,-1,9,7,4,-1,0,8,0,0,0,0,3,1,-1,9,1,30,6,-1,-1,-1,-1,9,E01033614,0,1
2024122400480,2024,122400480,1,1,0,5,5,3,6,0,0,4,0,0,0,0,2,1,6,6,1,59,9,-1,-1,-1,-1,7,E01027661,0,1
2024440122480,2024,440122480,2,1,0,18,19,6,2,0,0,8,0,0,0,0,1,1,2,2,1,31,6,-1,-1,-1,-1,3,E01032751,0,3
2024010549692,2024,010549692,1,8,0,99,99,9,9,99,99,9,9,99,9,99,9,1,6,6,1,34,6,-1,-1,-1,-1,3,E01032729,0,4
2024101410929,2024,101410929,1,9,0,-1,19,2,6,-1,0,4,0,0,0,0,3,9,-1,6,1,-1,-1,-1,-1,-1,-1,-1,-1,0,-1
2024451398586,2024,451398586,2,9,0,-1,19,3,7,-1,0,0,0,0,0,0,0,9,-1,6,3,45,7,-1,-1,-1,-1,-1,-1,0,-1
2024010535931,2024,010535931,1,9,0,99,99,9,9,99,99,9,9,99,9,99,1,9,6,6,3,-1,-1,-1,-1,-1,-1,-1,-1,0,-1
2024421445416,2024,421445416,1,9,0,-1,4,6,2,-1,0,1,0,0,0,0,1,1,-1,9,2,28,6,-1,-1,-1,-1,3,E01021888,0,3
2024122401311,2024,122401311,2,1,0,18,19,8,3,0,0,3,0,0,0,0,4,1,6,6,1,19,4,-1,-1,-1,-1,6,E01013384,0,2
2024010499008,2024,010499008,1,1,9,99,99,9,9,99,99,9,9,99,9,99,1,1,6,6,1,20,4,-1,-1,-1,-1,2,E01004310,0,2
202417S410624,2024,17S410624,2,1,0,-1,9,2,8,-1,0,8,0,0,0,0,3,1,-1,9,1,18,4,-1,-1,-1,-1,9,E01012200,0,1
2024010492753,2024,010492753,1,9,0,99,99,9,9,99,99,0,9,99,9,99,2,1,6,6,3,-1,-1,-1,-1,-1,-1,-1,-1,0,-1
2024211525657,2024,211525657,1,9,0,-1,19,6,6,-1,0,0,0,0,0,0,2,1,-1,9,1,42,7,-1,-1,-1,-1,1,E01013590,0,4
202454A853124,2024,54A853124,2,19,0,16,19,7,2,0,0,0,0,0,0,0,4,1,6,6,1,68,10,-1,-1,-1,-1,9,E01031890,0,1
2024440069637,2024,440069637,1,22,0,18,19,8,4,0,0,8,0,0,0,0,1,1,6,6,2,65,9,-1,-1,-1,-1,9,E01022611,0,1
2024010490591,2024,010490591,2,19,0,18,19,3,7,0,0,1,0,0,0,0,1,1,6,6,1,20,4,-1,-1,-1,-1,7,E01004108,0,1
2024302401440,2024,302401440,1,9,0,5,5,3,7,9,9,1,0,0,0,0,1,1,6,6,3,-1,-1,-1,-1,-1,-1,5,E01019456,0,4
2024461498601,2024,461498601,2,9,0,-1,19,5,1,-1,0,1,0,0,0,0,1,1,-1,1,2,40,7,-1,-1,-1,-1,4,E01024087,0,1
2024010518998,2024,010518998,4,9,0,18,19,5,1,0,0,0,0,0,0,0,2,1,6,6,3,-1,-1,-1,-1,-1,-1,-1,-1,0,-1
2024340WN7122,2024,340WN7122,1,21,0,-1,-1,5,1,-1,0,0,0,0,0,0,0,1,-1,6,3,-1,-1,-1,-1,-1,-1,-1,-1,0,-1
2024010498123,2024,010498123,1,1,9,99,99,9,9,99,99,0,9,99,9,99,9,1,2,2,2,42,7,-1,-1,-1,-1,4,E01000634,0,1
2024471471684,2024,471471684,2,9,0,-1,19,4,8,-1,0,0,0,0,0,0,1,1,-1,2,1,69,10,-1,-1,-1,-1,6,E01021198,0,2
2024440177693,2024,440177693,1,1,0,18,19,5,1,0,0,1,0,0,0,0,1,1,6,6,1,22,5,-1,-1,-1,-1,3,E01017078,0,1
2024351484922,2024,351484922,1,9,-1,-1,9,-1,-1,-1,0,8,0,0,0,0,4,1,-1,6,3,-1,-1,-1,-1,-1,-1,-1,-1,0,-1
2024552400331,2024,552400331,2,1,0,18,19,2,6,0,0,0,0,0,0,0,3,1,2,2,1,54,8,-1,-1,-1,-1,5,E01015334,0,1
2024141521621,2024,141521621,1,1,0,-1,19,2,6,-1,0,1,5,0,0,0,3,1,-1,2,1,49,8,-1,-1,-1,-1,9,E01007865,0,1