collision_index,collision_year,collision_ref_no,vehicle_reference,vehicle_type,towing_and_articulation,vehicle_manoeuvre_historic,vehicle_manoeuvre,vehicle_direction_from,vehicle_direction_to,vehicle_location_restricted_lane_historic,vehicle_location_restricted_lane,junction_location,skidding_and_overturning,hit_object_in_carriageway,vehicle_leaving_carriageway,hit_object_off_carriageway,first_point_of_impact,vehicle_left_hand_drive,journey_purpose_of_driver_historic,journey_purpose_of_driver,sex_of_driver,age_of_driver,age_band_of_driver,engine_capacity_cc,propulsion_code,age_of_vehicle,generic_make_model,driver_imd_decile,lsoa_of_driver,escooter_flag,driver_distance_banding
2024421509878,2024,421509878,1,9,0,-1,11,2,7,-1,0,3,0,0,0,0,4,9,-1,6,3,-1,-1,-1,-1,-1,-1,-1,-1,0,-1
2024501523334,2024,501523334,1,9,0,-1,11,6,5,-1,0,8,0,0,0,0,1,1,-1,6,3,-1,-1,-1,-1,-1,-1,-1,-1,0,-1
2024231528105,2024,231528105,2,1,0,-1,19,8,4,-1,0,8,0,0,1,0,1,1,-1,6,1,17,4,-1,-1,-1,-1,10,E01035039,0,1
2024471427107,2024,471427107,4,9,0,-1,2,0,0,-1,-1,0,0,0,0,0,2,9,-1,6,-1,-1,-1,-1,-1,-1,-1,-1,-1,0,-1
2024522402833,2024,522402833,3,23,0,18,19,7,3,0,0,0,0,0,0,0,0,1,6,6,1,-1,-1,-1,-1,-1,-1,-1,-1,0,-1
2024552400856,2024,552400856,2,9,0,17,19,5,2,0,0,8,0,0,0,0,1,1,6,6,1,26,6,-1,-1,-1,-1,6,E01032037,0,4
2024131471772,2024,131471772,2,1,0,-1,19,1,1,-1,0,8,0,0,0,0,1,1,-1,9,1,56,9,-1,-1,-1,-1,10,E01011190,0,1
2024010536879,2024,010536879,1,1,9,5,5,9,9,99,99,1,9,99,9,99,1,1,6,6,1,41,7,-1,-1,-1,-1,5,E01004338,0,2
2024421521764,2024,421521764,1,19,0,-1,14,3,7,-1,0,4,0,0,0,0,3,1,-1,6,3,-1,-1,-1,-1,-1,-1,-1,-1,0,-1
2024010525911,2024,010525911,2,9,0,18,19,7,3,0,0,1,0,0,3,0,1,1,6,6,1,66,10,-1,-1,-1,-1,5,E01001139,0,1
2024302400045,2024,302400045,1,9,0,18,19,4,8,0,0,2,0,0,1,1,1,1,6,6,1,31,6,-1,-1,-1,-1,3,E01019797,0,1
2024371540305,2024,371540305,1,9,0,-1,15,1,5,-1,0,0,0,0,0,0,0,1,-1,9,1,48,8,-1,-1,-1,-1,9,E01030132,0,1
2024461506167,2024,461506167,2,9,0,-1,9,6,4,-1,0,0,0,0,0,0,3,1,-1,9,1,43,7,-1,-1,-1,-1,3,E01021508,0,2
2024311441613,2024,311441613,2,9,0,-1,8,3,7,-1,0,1,0,0,0,0,1,1,-1,6,1,36,7,-1,-1,-1,-1,-1,-1,0,-1
2024332401233,2024,332401233,1,9,0,-1,19,9,9,-1,0,0,0,0,0,0,1,1,-1,6,3,-1,-1,-1,-1,-1,-1,-1,-1,0,-1
2024461561259,2024,461561259,2,9,0,-1,4,7,3,-1,0,1,0,0,0,0,2,9,-1,6,1,87,11,-1,-1,-1,-1,2,E01016102,0,1
2024010498575,2024,010498575,2,8,0,7,7,7,8,0,0,2,0,0,0,0,4,1,6,6,3,-1,-1,-1,-1,-1,-1,-1,-1,0,-1
2024522402397,2024,522402397,1,1,0,18,19,5,8,0,0,2,0,0,0,0,4,1,6,6,2,16,4,-1,-1,-1,-1,9,E01014765,0,1
2024010522749,2024,010522749,2,1,9,99,99,9,9,99,99,9,9,99,9,99,1,1,6,6,3,-1,-1,-1,-1,-1,-1,-1,-1,0,-1
2024201499184,2024,201499184,1,1,0,-1,19,7,3,-1,0,0,1,0,0,0,1,1,-1,6,1,13,3,-1,-1,-1,-1,-1,-1,0,-1
2024520000417,2024,520000417,1,1,0,9,9,5,3,0,0,8,0,0,0,0,9,1,6,6,1,34,6,-1,-1,-1,-1,-1,-1,0,-1
2024201510739,2024,201510739,1,9,0,-1,19,4,8,-1,0,1,0,0,0,0,1,1,-1,6,1,30,6,-1,-1,-1,-1,-1,-1,0,-1
2024061411712,2024,061411712,1,9,0,-1,19,1,5,-1,0,2,0,0,0,0,1,1,-1,1,1,56,9,-1,-1,-1,-1,5,E01005964,0,1
2024010496872,2024,010496872,1,1,9,99,99,9,9,99,99,9,9,99,9,99,1,1,6,6,2,28,6,-1,-1,-1,-1,4,E01001353,0,1
2024461467920,2024,461467920,2,1,0,-1,19,5,1,-1,0,0,0,0,0,0,1,1,-1,6,1,-1,-1,-1,-1,-1,-1,3,E01000404,0,1
2024010532751,2024,010532751,1,1,0,18,19,1,5,0,0,1,0,0,0,0,1,1,6,6,2,20,4,-1,-1,-1,-1,4,E01003277,0,3
2024161397609,2024,161397609,2,10,0,-1,19,1,5,-1,0,1,0,0,0,0,1,1,-1,1,1,38,7,-1,-1,-1,-1,7,E01012792,0,1
2024211488327,2024,211488327,1,9,0,-1,2,0,0,-1,0,5,0,0,0,0,3,1,-1,2,1,35,6,-1,-1,-1,-1,1,E01029554,0,4
2024010555467,2024,010555467,1,9,0,99,99,9,9,99,99,9,9,99,9,99,1,1,6,6,3,-1,-1,-1,-1,-1,-1,-1,-1,0,-1
2024520001455,2024,520001455,2,9,0,18,19,5,1,0,0,0,0,0,0,0,1,1,6,6,3,-1,-1,-1,-1,-1,-1,-1,-1,0,-1
2024430417520,2024,430417520,1,1,0,9,9,4,2,0,0,8,1,0,0,0,3,1,6,6,1,53,8,-1,-1,-1,-1,7,E01017720,0,2
2024061467980,2024,061467980,2,1,0,-1,19,1,5,-1,0,0,0,0,7,0,1,1,-1,2,1,20,4,-1,-1,-1,-1,7,E01005858,0,1
2024421467503,2024,421467503,1,9,0,-1,12,6,2,-1,0,1,0,0,0,0,3,9,-1,6,2,-1,-1,-1,-1,-1,-1,-1,-1,0,-1
2024010511479,2024,010511479,1,9,0,18,19,5,1,0,0,0,0,0,0,0,3,1,2,2,1,21,5,-1,-1,-1,-1,10,E01025680,0,5
2024991537718,2024,991537718,1,9,0,-1,5,7,3,-1,0,0,0,0,0,0,1,1,-1,9,2,57,9,-1,-1,-1,-1,1,-1,0,2
2024070594891,2024,070594891,1,1,0,18,19,1,5,0,0,1,0,0,0,0,1,1,6,6,1,9,2,-1,-1,-1,-1,8,E01018509,0,1
2024471480428,2024,471480428,2,9,0,-1,19,2,6,-1,0,0,1,0,1,0,1,1,-1,9,2,82,11,-1,-1,-1,-1,2,E01034293,0,4
2024131497075,2024,131497075,2,1,0,-1,19,7,3,-1,0,8,5,0,0,0,1,1,-1,6,1,28,6,-1,-1,-1,-1,2,E01010961,0,1
2024451471694,2024,451471694,1,1,0,-1,19,3,7,-1,0,0,0,0,1,0,3,1,-1,2,1,-1,-1,-1,-1,-1,-1,9,E01003365,0,2
2024430437583,2024,430437583,2,9,0,2,2,4,8,0,0,0,0,0,0,0,2,1,6,6,1,-1,-1,-1,-1,-1,-1,-1,-1,0,-1
2024010504893,2024,010504893,2,9,0,99,99,9,9,0,0,1,0,0,0,0,1,9,6,6,3,-1,-1,-1,-1,-1,-1,-1,-1,0,-1
2024010529601,2024,010529601,3,1,0,5,5,5,1,0,0,1,0,0,0,0,1,1,6,6,1,24,5,-1,-1,-1,-1,8,E01002890,0,1
2024522402289,2024,522402289,1,23,0,18,19,7,3,0,0,8,0,0,0,0,1,1,6,6,1,19,4,-1,-1,-1,-1,1,E01014638,0,2
2024302401226,2024,302401226,1,22,0,18,19,3,7,0,0,0,5,0,0,0,4,1,6,6,1,82,11,-1,-1,-1,-1,4,E01013470,0,1
2024430188444,2024,430188444,1,9,0,7,7,5,7,0,0,6,0,0,0,0,1,1,6,6,1,20,4,-1,-1,-1,-1,-1,-1,0,-1
2024010548917,2024,010548917,2,9,0,18,19,3,7,0,0,0,0,4,0,0,1,1,6,6,3,-1,-1,-1,-1,-1,-1,-1,-1,0,-1
2024122400118,2024,122400118,1,9,0,16,19,2,5,0,0,0,2,0,7,10,1,1,2,2,1,18,4,-1,-1,-1,-1,10,E01027670,0,1
2024501527637,2024,501527637,1,9,0,-1,19,4,8,-1,0,2,5,0,1,11,1,1,-1,2,2,18,4,-1,-1,-1,-1,3,E01034166,0,1
2024302400185,2024,302400185,1,5,0,18,19,8,4,0,0,1,0,0,0,0,1,1,6,6,1,30,6,-1,-1,-1,-1,2,E01013510,0,1
2024010500088,2024,010500088,1,1,9,18,19,1,5,99,99,8,9,99,9,99,1,1,2,2,2,29,6,-1,-1,-1,-1,3,E01000718,0,1
2024010533185,2024,010533185,2,8,0,99,99,9,9,99,99,9,9,99,9,99,9,9,1,1,1,37,7,-1,-1,-1,-1,3,E01000111,0,4
2024122401104,2024,122401104,1,9,0,9,9,5,3,0,0,6,0,0,0,0,1,1,6,6,1,67,10,-1,-1,-1,-1,3,E01013447,0,1
2024010494436,2024,010494436,2,9,0,99,99,9,9,99,99,0,9,99,9,99,9,9,6,6,3,-1,-1,-1,-1,-1,-1,-1,-1,0,-1
2024201434782,2024,201434782,1,9,0,-1,1,1,5,-1,0,2,0,0,0,0,2,1,-1,6,1,40,7,-1,-1,-1,-1,-1,-1,0,-1
2024010511968,2024,010511968,1,1,0,18,19,3,7,5,5,0,0,10,0,0,1,1,2,2,1,57,9,-1,-1,-1,-1,10,E01004095,0,2
2024010523545,2024,010523545,1,9,0,18,19,6,2,0,0,0,0,0,0,0,1,1,6,6,3,-1,-1,-1,-1,-1,-1,-1,-1,0,-1
2024010487500,2024,010487500,1,9,0,18,19,5,1,0,0,1,0,0,0,0,1,1,6,6,2,50,8,-1,-1,-1,-1,-1,-1,0,-1
2024991444543,2024,991444543,1,9,0,-1,19,2,5,-1,0,0,5,0,0,0,4,1,-1,9,2,88,11,-1,-1,-1,-1,9,-1,0,1
2024010506356,2024,010506356,3,1,0,18,19,1,5,0,0,8,5,4,0,0,1,1,2,2,1,55,8,-1,-1,-1,-1,5,E01003913,0,1
2024201495818,2024,201495818,2,9,0,-1,19,8,4,-1,0,1,0,0,0,0,1,9,-1,6,3,-1,-1,-1,-1,-1,-1,-1,-1,0,-1
202417S213024,2024,17S213024,1,1,0,-1,19,6,2,-1,0,0,0,0,0,0,2,1,-1,2,1,53,8,-1,-1,-1,-1,5,E01012296,0,1
2024430429877,2024,430429877,2,1,0,18,19,5,1,0,0,8,0,0,0,0,1,1,6,6,1,53,8,-1,-1,-1,-1,2,E01016450,0,1
2024552401238,2024,552401238,2,1,0,13,13,3,7,0,0,0,0,0,0,0,4,1,6,6,1,64,9,-1,-1,-1,-1,5,E01015427,0,1
2024522403249,2024,522403249,3,9,0,3,3,5,1,0,0,1,0,0,0,0,0,1,6,6,1,28,6,-1,-1,-1,-1,7,E01014577,0,1
2024430155367,2024,430155367,2,9,0,18,19,6,2,0,0,0,0,0,0,0,1,1,6,6,1,-1,-1,-1,-1,-1,-1,-1,-1,0,-1
2024010487036,2024,010487036,1,9,0,18,19,7,3,0,0,8,0,0,0,0,1,1,6,6,3,-1,-1,-1,-1,-1,-1,-1,-1,0,-1
2024501482917,2024,501482917,2,4,0,-1,19,2,6,-1,0,0,2,0,0,0,9,1,-1,6,1,-1,-1,-1,-1,-1,-1,-1,-1,0,-1
2024411443679,2024,411443679,2,9,0,-1,1,1,5,-1,0,2,0,0,0,0,2,1,-1,6,1,66,10,-1,-1,-1,-1,6,E01023317,0,1
2024311399610,2024,311399610,2,9,0,-1,3,5,1,-1,0,0,0,0,0,0,2,1,-1,6,3,-1,-1,-1,-1,-1,-1,-1,-1,0,-1
2024351434650,2024,351434650,2,-1,-1,-1,-1,-1,-1,-1,-1,-1,-1,-1,-1,0,-1,1,-1,6,1,30,6,-1,-1,-1,-1,10,E01018256,1,1
2024010495553,2024,010495553,2,9,9,99,99,9,9,99,99,0,9,99,9,99,9,9,6,6,3,-1,-1,-1,-1,-1,-1,-1,-1,0,-1
2024131515260,2024,131515260,2,9,0,-1,19,3,7,-1,0,8,0,0,0,0,1,1,-1,1,1,58,9,-1,-1,-1,-1,6,E01011518,0,2
2024421427076,2024,421427076,2,9,0,-1,19,-1,-1,-1,0,0,0,0,0,0,-1,9,-1,6,2,23,5,-1,-1,-1,-1,10,E01021459,0,1
2024101509322,2024,101509322,1,1,0,-1,19,5,1,-1,9,8,5,0,0,0,1,1,-1,6,1,-1,-1,-1,-1,-1,-1,-1,-1,0,-1
2024010490181,2024,010490181,1,9,9,4,4,3,7,0,0,3,9,11,0,0,1,1,6,6,3,-1,-1,-1,-1,-1,-1,-1,-1,0,-1
2024332400043,2024,332400043,1,9,0,-1,19,2,7,-1,0,0,0,0,1,4,1,1,-1,6,1,69,10,-1,-1,-1,-1,10,E01025680,0,1
2024131426749,2024,131426749,1,1,0,-1,9,7,3,-1,0,1,0,0,0,0,0,1,-1,6,1,39,7,-1,-1,-1,-1,2,E01034261,0,3
2024031490182,2024,031490182,2,9,0,-1,6,5,4,-1,0,8,0,0,0,0,3,1,-1,6,2,41,7,-1,-1,-1,-1,4,E01019274,0,1
2024010490841,2024,010490841,1,9,3,7,7,5,7,1,1,5,0,0,1,0,0,1,6,6,2,44,7,-1,-1,-1,-1,7,E01021468,0,4
2024401436871,2024,401436871,1,90,0,-1,19,3,7,-1,0,0,0,0,0,0,1,9,-1,9,1,46,8,-1,-1,-1,-1,3,E01017499,0,1
2024010521279,2024,010521279,1,1,9,99,99,9,9,99,99,0,9,99,9,99,9,1,6,6,1,64,9,-1,-1,-1,-1,9,E01030820,0,4
2024231477674,2024,231477674,2,1,0,-1,19,8,4,-1,9,4,0,0,0,0,1,1,-1,9,1,11,3,-1,-1,-1,-1,6,E01031084,0,1
2024332400640,2024,332400640,1,1,0,-1,19,6,2,-1,0,8,0,0,0,0,3,1,-1,9,2,53,8,-1,-1,-1,-1,9,E01025836,0,1
2024010544085,2024,010544085,1,9,0,9,9,5,3,0,0,1,0,0,0,0,4,1,6,6,3,-1,-1,-1,-1,-1,-1,-1,-1,0,-1
2024522401083,2024,522401083,2,-1,0,5,5,3,7,0,0,6,0,0,0,0,4,1,6,6,1,19,4,-1,-1,-1,-1,5,E01035224,1,2
2024052401696,2024,052401696,1,8,0,18,19,2,6,0,0,0,0,0,0,0,1,1,1,1,3,-1,-1,-1,-1,-1,-1,-1,-1,0,-1
2024520402532,2024,520402532,1,1,0,18,19,3,6,0,0,8,0,0,9,0,9,1,6,6,1,39,7,-1,-1,-1,-1,7,E01029225,0,1
2024340WN7062,2024,340WN7062,2,1,0,-1,19,1,5,-1,0,3,0,0,0,0,4,1,-1,2,1,46,8,-1,-1,-1,-1,5,E01027247,0,1
2024991460071,2024,991460071,2,9,0,-1,5,3,7,-1,0,4,0,0,1,0,1,1,-1,2,1,33,6,-1,-1,-1,-1,2,-1,0,4
2024052401839,2024,052401839,1,9,0,7,7,5,7,0,0,1,0,0,0,0,4,1,6,6,2,40,7,-1,-1,-1,-1,1,E01007085,0,2
2024010544286,2024,010544286,1,1,0,17,19,7,3,0,0,1,0,0,0,0,3,1,2,2,1,28,6,-1,-1,-1,-1,4,E01032764,0,1
2024451515900,2024,451515900,3,9,0,-1,7,3,7,-1,0,5,0,0,0,0,0,9,-1,6,3,47,8,-1,-1,-1,-1,-1,-1,0,-1
2024010549100,2024,010549100,2,9,0,99,99,9,9,99,99,9,9,99,9,99,1,9,6,6,1,35,6,-1,-1,-1,-1,4,E01000872,0,2
2024531505629,2024,531505629,2,1,0,-1,19,7,3,-1,0,0,0,0,0,0,1,1,-1,6,1,12,3,-1,-1,-1,-1,8,E01022437,0,1
2024010524539,2024,010524539,1,1,9,99,99,9,9,99,99,9,9,99,9,99,1,1,2,2,1,47,8,-1,-1,-1,-1,9,E01022469,0,4
2024031441356,2024,031441356,1,9,0,-1,9,4,1,-1,0,5,0,0,0,0,1,9,-1,9,2,33,6,-1,-1,-1,-1,-1,-1,0,-1
2024461502347,2024,461502347,2,1,0,-1,19,7,3,-1,0,0,0,0,0,0,1,1,-1,6,1,10,2,-1,-1,-1,-1,9,E01032813,0,1
2024141428658,2024,141428658,2,1,0,-1,19,4,1,-1,0,1,2,0,0,0,1,1,-1,6,1,11,3,-1,-1,-1,-1,4,E01007540,0,1
2024311496959,2024,311496959,2,1,0,-1,19,8,4,-1,0,1,0,0,0,0,1,1,-1,6,1,56,9,-1,-1,-1,-1,5,E01028189,0,2
2024061407630,2024,061407630,2,1,-1,-1,-1,-1,-1,-1,-1,-1,-1,-1,-1,0,-1,1,-1,6,1,13,3,-1,-1,-1,-1,-1,-1,0,-1
2024430060924,2024,430060924,2,1,0,18,19,3,7,0,0,8,0,0,0,0,1,1,2,2,2,25,5,-1,-1,-1,-1,6,E01028550,0,1
2024010526064,2024,010526064,2,2,0,3,3,5,1,0,0,1,0,0,0,0,1,1,6,6,2,25,5,-1,-1,-1,-1,2,E01001439,0,3
2024010522698,2024,010522698,1,9,9,99,99,9,9,99,99,9,9,99,0,0,9,9,6,6,3,-1,-1,-1,-1,-1,-1,-1,-1,0,-1
2024061531925,2024,061531925,1,1,0,-1,19,-1,-1,-1,0,1,0,0,0,0,1,1,-1,2,1,64,9,-1,-1,-1,-1,8,E01005442,0,1
2024010541496,2024,010541496,1,1,0,18,19,5,1,0,0,1,0,0,0,0,4,1,6,6,1,61,9,-1,-1,-1,-1,4,E01003981,0,3
2024520401932,2024,520401932,2,9,0,4,4,7,4,0,0,0,0,0,0,0,1,1,6,6,2,25,5,-1,-1,-1,-1,5,E01029067,0,4
2024131417424,2024,131417424,1,11,0,-1,-1,-1,-1,-1,-1,0,-1,-1,-1,-1,-1,1,-1,6,3,-1,-1,-1,-1,-1,-1,-1,-1,0,-1
2024010530336,2024,010530336,1,9,0,99,99,9,9,99,99,9,9,99,9,99,9,9,6,6,1,20,4,-1,-1,-1,-1,10,E01000445,0,1
2024430204115,2024,430204115,2,1,0,18,19,1,5,0,0,8,0,0,0,0,3,1,6,6,2,40,7,-1,-1,-1,-1,10,E01028694,0,1
2024010535089,2024,010535089,1,9,0,18,19,1,5,0,0,8,0,0,0,0,1,1,6,6,2,53,8,-1,-1,-1,-1,-1,-1,0,-1
2024430490695,2024,430490695,1,9,0,5,5,6,2,0,0,0,0,0,0,0,1,1,6,6,3,-1,-1,-1,-1,-1,-1,-1,-1,0,-1
2024610019624,2024,610019624,2,9,0,4,4,3,7,0,0,0,0,0,0,0,2,1,1,1,1,-1,-1,-1,-1,-1,-1,-1,-1,0,-1
2024131463754,2024,131463754,2,1,0,-1,19,1,5,-1,0,1,1,0,0,0,1,1,-1,2,1,38,7,-1,-1,-1,-1,6,E01011042,0,1
2024221425547,2024,221425547,2,9,0,-1,2,0,0,-1,0,0,0,0,0,0,1,1,-1,9,1,77,11,-1,-1,-1,-1,-1,-1,0,-1
2024471442178,2024,471442178,1,9,4,-1,19,1,5,-1,0,0,3,0,0,0,1,1,-1,1,1,58,9,-1,-1,-1,-1,3,E01016926,0,1
2024010525066,2024,010525066,2,1,9,99,99,9,9,4,4,9,9,99,9,99,9,1,6,6,1,29,6,-1,-1,-1,-1,5,E01003095,0,2
2024010526428,2024,010526428,1,1,9,99,99,9,9,99,99,5,9,99,9,99,2,1,6,6,1,40,7,-1,-1,-1,-1,2,E01004264,0,1
2024061429650,2024,061429650,3,9,0,-1,19,7,3,-1,0,1,0,0,0,0,4,1,-1,6,1,55,8,-1,-1,-1,-1,8,E01005049,0,1
2024061445828,2024,061445828,2,1,0,-1,19,1,5,-1,0,8,0,0,0,0,1,1,-1,6,1,9,2,-1,-1,-1,-1,4,E01005888,0,1
2024010488896,2024,010488896,3,9,0,2,2,0,0,0,0,1,0,0,0,0,4,1,6,6,3,-1,-1,-1,-1,-1,-1,-1,-1,0,-1
2024010496681,2024,010496681,1,19,0,18,19,1,5,0,0,3,0,11,0,0,4,1,2,2,1,64,9,-1,-1,-1,-1,-1,-1,0,-1
2024201509976,2024,201509976,3,9,0,-1,3,5,1,-1,0,0,0,0,0,0,2,9,-1,2,1,55,8,-1,-1,-1,-1,2,E01010321,0,2
2024311417682,2024,311417682,1,21,1,-1,1,6,2,-1,-1,0,0,0,0,0,2,2,-1,1,1,31,6,-1,-1,-1,-1,-1,-1,0,-1
2024010530839,2024,010530839,1,1,0,5,5,5,1,4,4,1,0,0,0,0,1,1,6,6,1,24,5,-1,-1,-1,-1,-1,-1,0,-1
2024101399801,2024,101399801,1,19,0,-1,19,5,1,-1,0,1,0,0,0,0,1,9,-1,6,3,-1,-1,-1,-1,-1,-1,-1,-1,0,-1
2024201493987,2024,201493987,1,9,0,-1,19,1,5,-1,0,0,0,0,0,0,1,9,-1,6,2,30,6,-1,-1,-1,-1,-1,-1,0,-1
2024440122453,2024,440122453,1,9,0,3,3,4,8,0,0,0,0,0,0,0,2,1,6,6,1,36,7,-1,-1,-1,-1,8,E01017056,0,2
2024061498767,2024,061498767,2,1,0,-1,19,-1,-1,-1,0,9,0,99,1,99,9,1,-1,6,3,-1,-1,-1,-1,-1,-1,-1,-1,0,-1
2024052400652,2024,052400652,1,9,0,5,5,4,1,0,0,0,0,0,0,0,2,1,6,6,3,-1,-1,-1,-1,-1,-1,-1,-1,0,-1
2024471485875,2024,471485875,1,9,0,-1,19,8,4,-1,0,1,0,0,0,0,1,1,-1,9,2,23,5,-1,-1,-1,-1,5,E01031771,0,3
2024041442358,2024,041442358,2,1,0,-1,-1,7,3,-1,-1,8,0,0,0,0,1,1,-1,-1,1,38,7,-1,-1,-1,-1,8,E01025358,0,1
2024041502314,2024,041502314,3,90,0,-1,2,7,3,-1,0,0,0,0,0,0,1,1,-1,6,3,-1,-1,-1,-1,-1,-1,-1,-1,0,-1
2024010533983,2024,010533983,2,1,0,18,19,3,7,0,0,1,0,0,0,0,3,1,2,2,1,39,7,-1,-1,-1,-1,4,E01002315,0,1
2024010491236,2024,010491236,1,9,0,1,1,3,7,0,0,1,0,11,0,0,2,1,6,6,1,22,5,-1,-1,-1,-1,6,E01001214,0,2
2024010534492,2024,010534492,1,1,0,18,19,1,5,0,0,0,0,0,0,0,1,1,6,6,1,17,4,-1,-1,-1,-1,4,E01001635,0,2
2024320036964,2024,320036964,2,9,0,-1,-1,7,3,0,0,8,0,0,0,0,3,1,1,1,1,57,9,-1,-1,-1,-1,-1,-1,0,-1
2024010537137,2024,010537137,2,1,9,99,99,9,9,99,99,9,9,99,9,99,9,1,2,2,1,27,6,-1,-1,-1,-1,8,E01004586,0,1
2024471403138,2024,471403138,1,-1,0,-1,19,2,4,-1,0,0,0,0,0,0,1,1,-1,9,2,49,8,-1,-1,-1,-1,1,E01016900,1,1
2024010491632,2024,010491632,2,9,9,99,99,9,9,99,99,9,9,99,9,99,9,9,6,6,3,-1,-1,-1,-1,-1,-1,-1,-1,0,-1
2024010544507,2024,010544507,1,1,9,99,99,9,9,99,99,9,9,99,9,99,2,1,6,6,1,37,7,-1,-1,-1,-1,5,E01001035,0,1
2024351503800,2024,351503800,2,21,1,-1,2,0,0,-1,-1,0,0,0,0,0,2,2,-1,1,1,33,6,-1,-1,-1,-1,-1,-1,0,-1
2024010520052,2024,010520052,1,9,0,18,19,7,3,0,0,0,0,0,0,0,1,1,6,6,3,-1,-1,-1,-1,-1,-1,-1,-1,0,-1
2024122400483,2024,122400483,1,9,0,5,5,1,4,0,0,1,0,0,0,0,4,1,6,6,3,-1,-1,-1,-1,-1,-1,-1,-1,0,-1
2024010487664,2024,010487664,1,9,0,18,19,3,7,0,0,8,0,0,0,0,4,1,2,2,2,45,7,-1,-1,-1,-1,2,E01000019,0,1
2024471437140,2024,471437140,1,9,0,-1,19,2,6,-1,0,0,0,0,1,10,3,2,-1,6,1,74,10,-1,-1,-1,-1,9,E01030625,0,4
2024031524340,2024,031524340,1,9,-1,-1,-1,-1,-1,-1,-1,-1,-1,-1,-1,0,-1,9,-1,9,2,-1,-1,-1,-1,-1,-1,-1,-1,0,-1
2024010489106,2024,010489106,1,9,0,9,9,1,7,0,0,6,0,0,0,0,1,1,6,6,2,39,7,-1,-1,-1,-1,1,E01004005,0,1
2024061494805,2024,061494805,2,1,0,-1,99,6,3,-1,0,1,0,0,0,0,3,1,-1,6,1,13,3,-1,-1,-1,-1,1,E01006306,0,1
2024161490061,2024,161490061,1,9,0,-1,2,0,0,-1,0,0,0,0,0,0,0,9,-1,6,3,16,4,-1,-1,-1,-1,-1,-1,0,-1
2024010537364,2024,010537364,2,1,0,18,19,1,5,0,0,1,0,0,0,0,1,1,6,6,1,62,9,-1,-1,-1,-1,9,E01002259,0,1
2024010525403,2024,010525403,2,9,0,99,99,9,9,99,99,9,9,99,9,99,9,9,6,6,1,31,6,-1,-1,-1,-1,4,E01001278,0,1
2024141502145,2024,141502145,1,1,0,-1,19,3,7,-1,0,0,5,0,0,0,3,1,-1,6,1,40,7,-1,-1,-1,-1,5,E01033260,0,1
2024411479155,2024,411479155,2,21,1,-1,19,8,4,-1,0,0,0,0,0,0,2,1,-1,1,1,27,6,-1,-1,-1,-1,7,E01000778,0,4
2024991438961,2024,991438961,2,9,0,-1,19,3,7,-1,0,8,0,0,0,0,1,1,-1,6,1,53,8,-1,-1,-1,-1,9,-1,0,4
2024991495602,2024,991495602,1,9,0,-1,19,2,6,-1,9,0,0,0,0,0,1,1,-1,6,2,53,8,-1,-1,-1,-1,-1,-1,0,-1
2024201503543,2024,201503543,2,1,0,-1,19,2,6,-1,0,0,0,0,0,0,3,1,-1,7,2,24,5,-1,-1,-1,-1,2,E01008942,0,4
2024421532572,2024,421532572,1,9,0,-1,7,5,1,-1,0,0,0,0,1,0,1,1,-1,9,1,65,9,-1,-1,-1,-1,3,E01000152,0,4
2024311415977,2024,311415977,1,9,0,-1,19,3,7,-1,0,0,1,12,0,0,1,1,-1,2,1,53,8,-1,-1,-1,-1,4,E01028252,0,1
2024430319771,2024,430319771,2,5,0,3,3,1,5,0,0,1,0,0,0,0,2,1,4,7,1,66,10,-1,-1,-1,-1,9,E01028469,0,1
2024631449628,2024,631449628,3,98,0,-1,7,6,1,-1,0,5,0,0,0,0,0,1,-1,6,3,-1,-1,-1,-1,-1,-1,-1,-1,0,-1
2024041502893,2024,041502893,1,9,0,-1,19,-1,-1,-1,0,0,0,0,0,0,-1,9,-1,6,3,-1,-1,-1,-1,-1,-1,-1,-1,0,-1
2024041415220,2024,041415220,2,9,0,-1,19,3,7,-1,0,1,0,0,0,0,1,1,-1,1,1,59,9,-1,-1,-1,-1,9,E01025451,0,1
2024440431979,2024,440431979,1,9,0,18,19,5,1,0,0,0,0,0,0,0,4,1,6,6,1,42,7,-1,-1,-1,-1,10,E01022563,0,1
2024631480609,2024,631480609,3,98,0,-1,19,2,6,-1,0,0,0,0,0,0,0,1,-1,9,1,52,8,-1,-1,-1,-1,4,E01029766,0,5
2024302400579,2024,302400579,3,9,0,4,4,8,4,0,0,0,0,0,0,0,0,1,6,6,3,-1,-1,-1,-1,-1,-1,5,E01019456,0,4
2024201518682,2024,201518682,1,9,0,-1,5,5,3,-1,9,6,0,0,0,0,4,9,-1,6,1,35,6,-1,-1,-1,-1,-1,-1,0,-1
2024421498632,2024,421498632,1,9,0,-1,6,5,7,-1,0,8,0,0,0,0,3,1,-1,6,1,25,5,-1,-1,-1,-1,9,E01021527,0,1
2024010516161,2024,010516161,2,1,0,18,19,7,3,0,0,1,0,0,0,0,1,1,2,2,1,21,5,-1,-1,-1,-1,-1,-1,0,-1
2024301519362,2024,301519362,1,9,-1,-1,-1,-1,-1,-1,-1,0,-1,-1,-1,0,-1,9,-1,-1,3,-1,-1,-1,-1,-1,-1,-1,-1,0,-1
2024061456809,2024,061456809,2,9,9,-1,99,-1,-1,-1,99,9,9,99,0,0,9,1,-1,6,3,-1,-1,-1,-1,-1,-1,-1,-1,0,-1
2024401506602,2024,401506602,1,9,0,-1,-1,-1,-1,-1,-1,-1,-1,-1,-1,0,-1,9,-1,6,3,-1,-1,-1,-1,-1,-1,-1,-1,0,-1
2024430007144,2024,430007144,2,9,0,18,19,4,8,0,0,0,0,0,0,0,4,1,6,6,1,60,9,-1,-1,-1,-1,-1,-1,0,-1
2024332400659,2024,332400659,2,1,0,-1,9,5,3,-1,0,8,0,0,0,0,1,1,-1,9,2,64,9,-1,-1,-1,-1,8,E01013643,0,1
2024070262163,2024,070262163,3,9,0,2,2,0,0,0,0,2,0,0,0,0,1,1,6,6,1,-1,-1,-1,-1,-1,-1,1,E01012441,0,1
2024451490683,2024,451490683,3,9,0,-1,19,1,1,-1,0,0,0,0,0,0,0,9,-1,6,3,-1,-1,-1,-1,-1,-1,-1,-1,0,-1
2024481567004,2024,481567004,2,1,0,-1,5,3,7,-1,0,0,0,0,0,0,4,1,-1,9,1,65,9,-1,-1,-1,-1,-1,-1,0,-1