collision_index,collision_year,collision_ref_no,vehicle_reference,vehicle_type,towing_and_articulation,vehicle_manoeuvre_historic,vehicle_manoeuvre,vehicle_direction_from,vehicle_direction_to,vehicle_location_restricted_lane_historic,vehicle_location_restricted_lane,junction_location,skidding_and_overturning,hit_object_in_carriageway,vehicle_leaving_carriageway,hit_object_off_carriageway,first_point_of_impact,vehicle_left_hand_drive,journey_purpose_of_driver_historic,journey_purpose_of_driver,sex_of_driver,age_of_driver,age_band_of_driver,engine_capacity_cc,propulsion_code,age_of_vehicle,generic_make_model,driver_imd_decile,lsoa_of_driver,escooter_flag,driver_distance_banding
2024201449078,2024,201449078,2,9,0,-1,19,6,2,-1,0,0,0,0,0,0,3,9,-1,6,1,37,7,-1,-1,-1,-1,4,E01009224,0,1
2024211491876,2024,211491876,1,9,0,-1,1,7,3,-1,0,8,0,0,0,0,2,1,-1,6,1,53,8,-1,-1,-1,-1,-1,-1,0,-1
2024421522398,2024,421522398,2,9,0,-1,19,1,5,-1,0,0,0,0,0,0,3,1,-1,9,1,31,6,-1,-1,-1,-1,5,E01015972,0,1
2024010512102,2024,010512102,2,1,0,1,1,6,2,0,0,0,0,4,0,0,2,1,1,1,1,27,6,-1,-1,-1,-1,3,E01000336,0,4
2024111482030,2024,111482030,1,97,0,-1,19,7,3,-1,0,8,0,0,0,0,1,1,-1,9,1,22,5,-1,-1,-1,-1,2,E01020802,0,1
2024010507136,2024,010507136,2,9,0,99,99,9,9,99,99,0,9,99,9,99,9,9,6,6,3,-1,-1,-1,-1,-1,-1,2,E01005207,0,5
2024010514988,2024,010514988,2,1,0,18,19,1,5,0,0,8,0,0,0,0,1,1,6,6,1,41,7,-1,-1,-1,-1,2,E01001427,0,1
2024311509657,2024,311509657,1,8,0,-1,5,5,1,-1,0,0,0,0,0,0,0,1,-1,1,-1,30,6,-1,-1,-1,-1,-1,-1,0,-1
2024141472633,2024,141472633,2,-1,0,-1,5,5,8,-1,9,1,0,0,0,0,1,9,-1,6,1,13,3,-1,-1,-1,-1,1,E01007948,1,1
2024501412831,2024,501412831,2,1,0,-1,19,3,7,-1,0,0,0,0,0,0,1,1,-1,9,1,64,9,-1,-1,-1,-1,8,E01015271,0,4
2024010492670,2024,010492670,1,9,0,1,1,1,5,9,9,6,0,0,0,0,3,1,6,6,1,54,8,-1,-1,-1,-1,2,E01001438,0,3
2024451439906,2024,451439906,2,9,0,-1,2,0,0,-1,0,0,0,0,0,0,1,1,-1,6,-1,-1,-1,-1,-1,-1,-1,-1,-1,0,-1
2024311399954,2024,311399954,2,1,0,-1,19,3,7,-1,0,8,0,0,0,0,2,1,-1,6,1,42,7,-1,-1,-1,-1,2,E01013858,0,1
2024010534770,2024,010534770,1,1,9,99,99,9,9,4,4,1,9,99,9,99,9,1,2,2,1,34,6,-1,-1,-1,-1,8,E01024060,0,4
2024991518321,2024,991518321,3,1,0,-1,19,3,7,-1,0,1,0,0,0,0,3,1,-1,6,1,-1,-1,-1,-1,-1,-1,-1,-1,0,-1
2024010550443,2024,010550443,2,9,0,18,19,1,5,0,0,1,0,0,0,0,2,1,6,6,3,-1,-1,-1,-1,-1,-1,-1,-1,0,-1
2024010491582,2024,010491582,2,9,0,99,99,9,9,99,99,0,9,99,9,99,9,9,6,6,3,-1,-1,-1,-1,-1,-1,-1,-1,0,-1
2024010494221,2024,010494221,1,2,0,7,7,5,7,0,0,8,0,0,0,0,1,1,6,6,1,28,6,-1,-1,-1,-1,2,E01003511,0,1
2024010499908,2024,010499908,2,1,0,18,19,5,1,0,0,1,0,0,0,0,2,1,6,6,1,40,7,-1,-1,-1,-1,9,E01001098,0,1
2024451395424,2024,451395424,3,9,0,-1,4,4,8,-1,0,0,0,0,0,0,2,1,-1,2,1,52,8,-1,-1,-1,-1,4,E01016120,0,4
2024371503462,2024,371503462,1,9,0,-1,19,1,5,-1,0,1,0,0,0,0,3,1,-1,6,3,-1,-1,-1,-1,-1,-1,-1,-1,0,-1
2024201407589,2024,201407589,1,1,0,-1,19,7,3,-1,0,1,0,0,0,0,1,1,-1,6,1,17,4,-1,-1,-1,-1,-1,-1,0,-1
2024010529588,2024,010529588,1,1,0,18,19,3,7,0,0,2,0,0,0,0,0,1,6,6,1,69,10,-1,-1,-1,-1,10,E01030328,0,1
2024010490602,2024,010490602,2,1,0,5,5,7,3,2,2,5,0,0,0,0,3,1,2,2,1,33,6,-1,-1,-1,-1,4,E01032764,0,2
2024010491100,2024,010491100,1,9,0,99,99,9,9,99,99,9,9,99,9,99,2,9,1,1,1,30,6,-1,-1,-1,-1,1,E01000528,0,2
2024471521722,2024,471521722,1,1,0,-1,19,2,6,-1,0,0,0,0,1,0,3,1,-1,6,1,46,8,-1,-1,-1,-1,9,E01024797,0,2
2024010494485,2024,010494485,1,9,0,9,9,1,7,0,0,3,0,0,0,0,1,1,1,1,1,40,7,-1,-1,-1,-1,2,E01004256,0,2
2024211485963,2024,211485963,2,9,0,-1,19,1,1,-1,0,0,0,0,0,0,1,1,-1,6,3,50,8,-1,-1,-1,-1,-1,-1,0,-1
2024161412460,2024,161412460,2,9,0,-1,9,8,6,-1,0,8,0,0,0,0,1,9,-1,6,3,-1,-1,-1,-1,-1,-1,-1,-1,0,-1
2024991474652,2024,991474652,3,1,0,-1,19,5,1,-1,9,0,0,0,0,0,1,1,-1,6,1,13,3,-1,-1,-1,-1,-1,-1,0,-1
2024991473626,2024,991473626,2,9,0,-1,19,2,5,-1,0,1,0,0,7,0,4,1,-1,9,1,65,9,-1,-1,-1,-1,9,-1,0,1
2024010501065,2024,010501065,2,1,0,5,5,8,4,0,0,1,0,0,0,0,1,1,2,2,1,34,6,-1,-1,-1,-1,5,E01001973,0,1
2024421460564,2024,421460564,2,9,0,-1,19,2,5,-1,0,8,0,0,0,0,1,1,-1,9,1,55,8,-1,-1,-1,-1,3,E01003726,0,1
2024131446868,2024,131446868,1,1,0,-1,19,1,5,-1,0,1,0,0,0,0,1,1,-1,9,1,29,6,-1,-1,-1,-1,1,E01010583,0,1
2024371558146,2024,371558146,1,9,0,-1,19,5,1,-1,0,8,0,0,0,0,1,1,-1,7,2,28,6,-1,-1,-1,-1,1,E01030291,0,1
2024010544239,2024,010544239,1,1,9,99,99,9,9,99,99,9,9,99,9,99,1,1,2,2,1,32,6,-1,-1,-1,-1,5,E01004016,0,1
2024501450906,2024,501450906,2,1,0,-1,19,5,1,-1,0,1,0,0,0,0,1,1,-1,1,1,32,6,-1,-1,-1,-1,5,E01015051,0,1
2024010493013,2024,010493013,2,9,0,17,19,8,4,0,0,8,0,0,0,0,2,1,6,6,1,47,8,-1,-1,-1,-1,3,E01016030,0,4
2024101504454,2024,101504454,1,9,0,-1,13,3,7,-1,0,0,0,0,0,0,4,9,-1,6,1,-1,-1,-1,-1,-1,-1,-1,-1,0,-1
2024041488287,2024,041488287,2,9,0,-1,2,1,5,-1,0,2,0,0,0,0,3,1,-1,9,2,18,4,-1,-1,-1,-1,5,E01025589,0,2
2024440236999,2024,440236999,1,1,0,3,3,8,4,0,0,1,0,0,0,0,3,1,6,6,2,74,10,-1,-1,-1,-1,-1,-1,0,-1
2024471520119,2024,471520119,2,1,0,-1,19,6,2,-1,0,8,0,0,0,0,3,1,-1,6,1,14,3,-1,-1,-1,-1,2,E01016918,0,1
2024531500478,2024,531500478,2,1,0,-1,19,8,4,-1,0,8,0,0,0,0,1,1,-1,1,1,34,6,-1,-1,-1,-1,9,E01022140,0,1
2024010496501,2024,010496501,1,2,0,7,7,5,8,0,0,1,0,0,0,0,1,1,6,6,1,34,6,-1,-1,-1,-1,3,E01000141,0,2
2024131526461,2024,131526461,3,9,0,-1,19,5,1,-1,0,2,0,0,0,0,2,1,-1,9,1,25,5,-1,-1,-1,-1,5,E01010990,0,1
2024161395209,2024,161395209,1,-1,0,-1,19,4,8,-1,9,0,0,0,0,0,0,1,-1,9,1,11,3,-1,-1,-1,-1,1,E01012880,1,1
2024061461995,2024,061461995,2,98,-1,-1,-1,-1,-1,-1,-1,0,-1,-1,-1,0,-1,9,-1,6,3,-1,-1,-1,-1,-1,-1,-1,-1,0,-1
2024430142104,2024,430142104,1,1,0,9,9,3,8,0,0,8,0,0,0,0,4,1,2,2,1,-1,-1,-1,-1,-1,-1,10,E01016386,0,1
2024201499521,2024,201499521,2,1,0,-1,5,7,2,-1,0,0,0,8,0,0,1,1,-1,6,1,12,3,-1,-1,-1,-1,2,E01009291,0,1
2024010493197,2024,010493197,2,1,0,15,15,5,1,4,4,1,0,0,0,0,1,1,2,2,2,35,6,-1,-1,-1,-1,8,E01004627,0,1
2024531467609,2024,531467609,3,9,0,-1,4,7,3,-1,0,1,0,0,0,0,0,9,-1,6,3,-1,-1,-1,-1,-1,-1,-1,-1,0,-1
2024010494389,2024,010494389,1,3,0,99,99,9,9,99,99,9,9,99,9,99,9,1,1,1,1,33,6,-1,-1,-1,-1,3,E01003525,0,1
2024131478498,2024,131478498,2,3,0,-1,19,5,1,-1,0,0,0,0,0,0,1,1,-1,9,1,57,9,-1,-1,-1,-1,8,E01005493,0,3
2024547283924,2024,547283924,1,9,0,13,13,4,8,0,0,8,2,0,2,7,1,1,6,6,1,17,4,-1,-1,-1,-1,4,E01031901,0,2
202417M105224,2024,17M105224,2,9,0,-1,9,1,7,-1,0,4,0,0,0,0,1,1,-1,6,1,-1,-1,-1,-1,-1,-1,-1,-1,0,-1
2024340NN1022,2024,340NN1022,1,9,0,-1,5,5,1,-1,0,0,0,0,0,0,1,1,-1,6,1,62,9,-1,-1,-1,-1,-1,-1,0,-1
2024061492079,2024,061492079,1,9,0,-1,13,3,7,-1,0,4,1,0,0,0,1,1,-1,6,1,64,9,-1,-1,-1,-1,-1,-1,0,-1
2024430583961,2024,430583961,1,9,0,18,19,4,8,0,0,0,0,0,0,0,1,1,6,6,3,-1,-1,-1,-1,-1,-1,-1,-1,0,-1
2024311463018,2024,311463018,1,1,-1,-1,-1,-1,-1,-1,-1,0,-1,-1,-1,0,3,1,-1,6,1,-1,-1,-1,-1,-1,-1,-1,-1,0,-1
2024010542272,2024,010542272,1,1,9,99,99,9,9,99,99,9,9,99,9,99,1,1,6,6,1,28,6,-1,-1,-1,-1,8,E01001906,0,1
202454F131524,2024,54F131524,2,9,0,4,4,8,4,0,0,0,0,0,0,0,2,1,6,6,2,50,8,-1,-1,-1,-1,8,E01015484,0,1
2024010489951,2024,010489951,1,9,0,99,99,9,9,99,99,9,9,99,9,99,1,9,6,6,3,43,7,-1,-1,-1,-1,8,E01002536,0,1
202454A425024,2024,54A425024,1,1,0,13,13,6,2,0,0,1,0,0,0,0,1,1,6,6,1,59,9,-1,-1,-1,-1,5,E01031925,0,2
2024302400480,2024,302400480,1,9,0,4,4,8,4,9,9,0,0,0,1,0,1,1,6,6,3,-1,-1,-1,-1,-1,-1,5,E01019456,0,4
2024461452296,2024,461452296,2,1,0,-1,19,1,5,-1,0,0,0,0,0,0,4,1,-1,6,1,48,8,-1,-1,-1,-1,-1,-1,0,-1
2024010496117,2024,010496117,2,-1,0,18,19,6,2,4,4,1,0,0,0,0,1,1,6,6,2,18,4,-1,-1,-1,-1,1,E01002907,1,1
2024340WN6172,2024,340WN6172,2,9,0,-1,19,6,2,-1,0,8,0,0,0,0,1,1,-1,6,1,47,8,-1,-1,-1,-1,8,E01027186,0,1
2024461480420,2024,461480420,2,1,0,-1,19,5,1,-1,0,0,0,0,0,0,1,1,-1,6,2,-1,-1,-1,-1,-1,-1,5,E01024756,0,4
2024131412073,2024,131412073,1,9,0,-1,19,3,7,-1,0,1,5,0,0,0,3,1,-1,1,1,54,8,-1,-1,-1,-1,5,E01011765,0,1
2024131444616,2024,131444616,1,9,0,-1,12,1,5,-1,0,0,0,0,0,0,3,1,-1,9,1,24,5,-1,-1,-1,-1,3,E01011597,0,1
202454E636624,2024,54E636624,1,22,0,16,19,8,3,9,9,1,0,0,0,0,1,1,6,6,1,84,11,-1,-1,-1,-1,7,E01031850,0,1
2024010545760,2024,010545760,2,1,0,18,19,8,4,0,0,1,0,0,1,0,3,1,6,6,1,19,4,-1,-1,-1,-1,4,E01002645,0,1
2024332400656,2024,332400656,1,1,0,-1,19,2,6,-1,4,8,1,0,0,0,3,1,-1,9,1,28,6,-1,-1,-1,-1,5,E01025999,0,2
2024451431974,2024,451431974,2,9,0,-1,3,7,3,-1,0,0,0,0,0,0,2,1,-1,9,1,28,6,-1,-1,-1,-1,6,E01017922,0,4
2024010501006,2024,010501006,1,9,0,99,99,9,9,99,99,1,9,99,9,99,9,9,6,6,2,26,6,-1,-1,-1,-1,4,E01000287,0,1
2024010488856,2024,010488856,3,9,0,2,2,0,0,0,0,0,0,0,0,0,2,1,6,6,3,-1,-1,-1,-1,-1,-1,-1,-1,0,-1
2024440350908,2024,440350908,2,19,0,18,19,1,5,0,0,0,0,0,0,0,1,1,6,6,1,-1,-1,-1,-1,-1,-1,-1,-1,0,-1
2024332401212,2024,332401212,2,9,0,-1,9,7,5,-1,0,6,0,0,0,0,4,1,-1,6,1,-1,-1,-1,-1,-1,-1,-1,-1,0,-1
2024522402762,2024,522402762,2,9,0,16,19,1,4,0,0,0,0,0,0,0,1,1,6,6,3,-1,-1,-1,-1,-1,-1,-1,-1,0,-1
2024320110077,2024,320110077,2,1,0,-1,-1,6,2,0,0,6,5,0,0,0,3,1,-1,-1,1,14,3,-1,-1,-1,-1,1,E01026152,0,1
2024041425611,2024,041425611,1,1,0,-1,19,5,1,-1,0,0,0,0,1,0,2,1,-1,6,1,47,8,-1,-1,-1,-1,2,E01025268,0,1
2024501456496,2024,501456496,1,9,0,-1,19,5,1,-1,0,0,5,0,2,10,1,1,-1,6,1,53,8,-1,-1,-1,-1,5,E01021262,0,5
2024201441378,2024,201441378,1,9,0,-1,19,7,3,-1,0,0,0,0,0,0,1,9,-1,6,-1,-1,-1,-1,-1,-1,-1,-1,-1,0,-1
2024351486682,2024,351486682,2,1,0,-1,19,-1,-1,-1,0,0,0,0,0,0,4,1,-1,2,1,31,6,-1,-1,-1,-1,6,E01035548,0,1
2024311486428,2024,311486428,1,1,0,-1,19,4,8,-1,0,1,0,0,0,0,1,1,-1,9,1,14,3,-1,-1,-1,-1,1,E01013942,0,1
2024061493654,2024,061493654,1,1,0,-1,19,3,7,-1,0,0,0,0,0,0,1,1,-1,2,1,58,9,-1,-1,-1,-1,7,E01006125,0,1
2024320239141,2024,320239141,2,1,0,-1,-1,2,6,9,9,1,5,0,0,0,1,1,6,6,2,19,4,-1,-1,-1,-1,7,E01026163,0,1
2024421539690,2024,421539690,2,9,0,-1,-1,-1,-1,-1,-1,0,-1,-1,-1,0,-1,9,-1,6,2,48,8,-1,-1,-1,-1,-1,-1,0,-1
2024010513841,2024,010513841,1,9,0,7,7,1,3,0,0,6,0,0,0,0,1,1,6,6,1,24,5,-1,-1,-1,-1,3,E01035672,0,2
2024010526846,2024,010526846,1,1,9,99,99,9,9,99,99,9,9,99,9,99,9,1,6,6,1,34,6,-1,-1,-1,-1,10,E01003821,0,1
2024548159124,2024,548159124,2,9,0,18,19,8,4,0,0,0,0,0,0,0,3,1,6,6,2,31,6,-1,-1,-1,-1,7,E01031976,0,1
2024440486199,2024,440486199,2,9,0,18,19,5,1,0,0,3,0,0,0,0,1,1,6,6,3,-1,-1,-1,-1,-1,-1,-1,-1,0,-1
2024351414524,2024,351414524,2,21,1,-1,19,6,2,-1,0,0,5,0,7,0,1,1,-1,1,1,42,7,-1,-1,-1,-1,9,E01034698,0,4
2024131461133,2024,131461133,2,1,0,-1,5,1,5,-1,0,8,0,0,0,0,3,1,-1,9,1,21,5,-1,-1,-1,-1,5,E01035047,0,1
2024010503498,2024,010503498,3,9,0,3,3,7,3,0,0,2,0,0,0,0,2,1,6,6,2,47,8,-1,-1,-1,-1,7,E01002939,0,1
2024302401371,2024,302401371,1,19,0,18,19,1,5,0,0,0,0,0,0,0,4,1,6,6,3,-1,-1,-1,-1,-1,-1,5,E01019456,0,4
2024522402695,2024,522402695,1,-1,0,18,19,5,1,0,0,3,0,0,0,0,1,1,6,6,1,23,5,-1,-1,-1,-1,2,E01014499,1,1
2024031398285,2024,031398285,2,9,0,-1,19,8,4,-1,0,0,0,0,1,0,1,1,-1,1,1,29,6,-1,-1,-1,-1,7,E01034074,0,1
2024451460622,2024,451460622,2,9,0,-1,19,3,7,-1,0,0,0,0,0,0,1,1,-1,9,1,29,6,-1,-1,-1,-1,8,E01003470,0,2
2024311430158,2024,311430158,1,9,0,-1,19,8,4,-1,0,0,0,0,0,0,1,1,-1,6,1,54,8,-1,-1,-1,-1,-1,-1,0,-1
2024471458458,2024,471458458,2,98,0,-1,2,0,0,-1,9,1,0,0,0,0,0,1,-1,1,1,37,7,-1,-1,-1,-1,1,E01016867,0,4
2024332400628,2024,332400628,1,9,0,-1,19,3,7,-1,0,0,0,0,0,0,1,1,-1,6,3,-1,-1,-1,-1,-1,-1,-1,-1,0,-1
2024010495013,2024,010495013,1,9,0,16,19,2,6,0,0,3,0,0,1,0,4,1,6,6,2,70,10,-1,-1,-1,-1,5,E01000337,0,1
2024522402318,2024,522402318,1,1,0,18,19,3,7,0,0,0,0,0,0,0,4,1,6,6,2,49,8,-1,-1,-1,-1,5,E01014678,0,1
2024041478641,2024,041478641,1,9,0,-1,9,2,6,-1,0,8,0,0,0,0,2,1,-1,1,1,37,7,-1,-1,-1,-1,7,E01005170,0,4
2024401493985,2024,401493985,1,9,0,-1,7,7,1,-1,0,8,1,9,4,0,1,1,-1,9,1,38,7,-1,-1,-1,-1,2,E01015743,0,1
2024010489369,2024,010489369,1,9,0,18,19,1,5,0,0,1,0,0,0,0,4,1,2,2,2,45,7,-1,-1,-1,-1,8,E01004149,0,1
2024010499856,2024,010499856,2,1,0,17,19,5,1,0,0,0,0,0,0,0,1,1,6,6,1,52,8,-1,-1,-1,-1,5,E01003292,0,3
2024451516742,2024,451516742,1,1,0,-1,19,7,3,-1,0,0,5,0,0,0,3,1,-1,2,1,36,7,-1,-1,-1,-1,2,E01034730,0,1
2024451452886,2024,451452886,1,9,0,-1,1,0,7,-1,9,0,0,0,0,0,2,9,-1,6,1,30,6,-1,-1,-1,-1,-1,-1,0,-1
2024010538448,2024,010538448,2,1,9,99,99,9,9,99,99,9,9,99,9,99,2,1,2,2,1,44,7,-1,-1,-1,-1,10,E01002937,0,2
2024111396211,2024,111396211,2,9,0,-1,19,7,4,-1,0,1,0,0,0,0,3,1,-1,7,2,39,7,-1,-1,-1,-1,7,E01033481,0,1
2024161427088,2024,161427088,2,9,0,-1,19,4,1,-1,0,1,0,0,0,0,1,9,-1,6,1,-1,-1,-1,-1,-1,-1,-1,-1,0,-1
2024131415324,2024,131415324,2,9,0,-1,9,5,1,-1,0,1,0,0,0,0,1,1,-1,2,1,53,8,-1,-1,-1,-1,8,E01027940,0,4
2024991512888,2024,991512888,2,1,0,-1,19,5,1,-1,0,0,0,0,0,0,1,1,-1,6,1,20,4,-1,-1,-1,-1,7,-1,0,1
2024131449846,2024,131449846,2,1,0,-1,19,3,7,-1,1,8,0,0,0,0,4,1,-1,6,1,24,5,-1,-1,-1,-1,2,E01011313,0,1
2024201492148,2024,201492148,2,1,0,-1,19,2,7,-1,0,8,0,0,0,0,4,1,-1,6,1,49,8,-1,-1,-1,-1,3,E01034737,0,1
2024010547723,2024,010547723,1,1,9,99,99,9,9,99,99,9,9,99,9,99,9,1,2,2,1,22,5,-1,-1,-1,-1,6,E01001201,0,1
2024161468482,2024,161468482,2,1,0,-1,19,6,2,-1,0,1,0,0,0,0,3,1,-1,6,1,-1,-1,-1,-1,-1,-1,7,E01012794,0,1
2024141463427,2024,141463427,2,98,0,-1,19,7,3,-1,0,1,0,0,0,0,1,9,-1,6,3,-1,-1,-1,-1,-1,-1,-1,-1,0,-1
2024061442120,2024,061442120,1,1,0,-1,3,-1,-1,-1,9,1,0,10,0,0,9,1,-1,7,1,16,4,-1,-1,-1,-1,1,E01005756,0,1
2024501447105,2024,501447105,2,1,0,-1,4,3,7,-1,0,8,5,0,0,0,1,1,-1,7,1,13,3,-1,-1,-1,-1,10,E01019986,0,1
2024010510875,2024,010510875,1,1,9,99,99,9,9,99,99,9,9,99,9,99,9,9,6,6,3,-1,-1,-1,-1,-1,-1,-1,-1,0,-1
2024010544678,2024,010544678,1,1,9,99,99,9,9,99,99,9,9,99,9,99,9,1,2,2,1,46,8,-1,-1,-1,-1,5,E01035486,0,2
2024211478486,2024,211478486,2,1,0,-1,19,7,3,-1,0,0,0,0,0,0,3,1,-1,6,1,63,9,-1,-1,-1,-1,-1,-1,0,-1
2024010488170,2024,010488170,1,9,0,99,99,9,9,99,99,9,9,99,9,99,2,9,1,1,1,28,6,-1,-1,-1,-1,8,E01003420,0,4
2024221489395,2024,221489395,3,9,0,-1,6,6,6,-1,0,0,0,0,0,0,0,9,-1,6,3,34,6,-1,-1,-1,-1,-1,-1,0,-1
2024340NN4372,2024,340NN4372,3,9,0,-1,10,1,7,-1,0,1,0,0,0,0,0,1,-1,2,2,50,8,-1,-1,-1,-1,10,E01025649,0,4
2024351463864,2024,351463864,1,9,0,-1,19,1,5,-1,0,0,0,0,0,0,1,1,-1,6,1,71,10,-1,-1,-1,-1,10,E01026303,0,1
2024010491107,2024,010491107,1,9,0,9,9,3,2,0,0,5,0,0,0,0,4,1,6,6,2,35,6,-1,-1,-1,-1,3,E01001190,0,1
2024010531487,2024,010531487,2,9,0,18,19,5,1,0,0,8,0,0,0,0,1,1,6,6,2,47,8,-1,-1,-1,-1,7,E01002203,0,1
2024461523184,2024,461523184,2,1,0,-1,5,7,1,-1,0,0,0,0,0,0,1,1,-1,9,1,66,10,-1,-1,-1,-1,5,E01024690,0,1
2024070624078,2024,070624078,1,5,0,6,6,7,7,0,0,6,0,0,0,0,0,1,6,6,1,69,10,-1,-1,-1,-1,6,E01012564,0,4
2024010494989,2024,010494989,3,9,0,18,19,1,5,0,0,8,0,0,0,0,1,1,6,6,1,24,5,-1,-1,-1,-1,10,E01023733,0,3
2024522402376,2024,522402376,1,-1,0,18,19,7,3,0,0,2,0,0,0,0,2,1,6,6,2,28,6,-1,-1,-1,-1,4,E01014961,1,1
2024010511258,2024,010511258,1,1,9,18,19,9,9,99,99,1,9,99,9,99,1,1,2,2,1,64,9,-1,-1,-1,-1,7,E01001208,0,1
2024010494281,2024,010494281,1,3,0,99,99,9,9,99,99,9,9,99,9,99,1,1,1,1,1,22,5,-1,-1,-1,-1,6,E01000631,0,1
2024010493792,2024,010493792,1,9,0,99,99,9,9,0,0,1,0,0,0,0,1,1,6,6,3,-1,-1,-1,-1,-1,-1,-1,-1,0,-1
2024201478159,2024,201478159,2,9,0,-1,19,6,2,-1,0,0,0,0,0,0,4,9,-1,6,3,-1,-1,-1,-1,-1,-1,-1,-1,0,-1
2024010561904,2024,010561904,2,1,0,16,19,7,3,0,0,8,0,0,0,0,4,1,2,2,1,56,9,-1,-1,-1,-1,2,E01001357,0,1
2024131520101,2024,131520101,1,11,0,-1,19,3,7,-1,0,0,0,0,0,0,1,1,-1,9,1,37,7,-1,-1,-1,-1,-1,-1,0,-1
2024010522822,2024,010522822,1,1,9,99,99,9,9,99,99,9,9,99,9,99,9,1,6,6,1,60,9,-1,-1,-1,-1,3,E01001831,0,1
2024010505855,2024,010505855,1,9,0,9,9,1,7,0,0,1,0,0,0,0,1,1,6,6,2,36,7,-1,-1,-1,-1,5,E01004414,0,1
2024411406310,2024,411406310,2,1,0,-1,14,7,7,-1,0,0,5,0,0,0,1,1,-1,9,1,43,7,-1,-1,-1,-1,8,E01035603,0,2
2024340WN3102,2024,340WN3102,1,19,0,-1,19,5,1,-1,0,1,5,0,0,0,1,1,-1,6,3,-1,-1,-1,-1,-1,-1,-1,-1,0,-1
2024010534037,2024,010534037,2,9,0,9,9,7,6,0,0,5,0,0,0,0,1,1,6,6,3,-1,-1,-1,-1,-1,-1,-1,-1,0,-1
2024440360398,2024,440360398,2,19,0,18,19,1,0,0,0,0,0,0,0,0,4,1,6,6,3,-1,-1,-1,-1,-1,-1,-1,-1,0,-1
2024461504990,2024,461504990,1,9,0,-1,5,8,4,-1,0,3,0,0,0,0,1,1,-1,6,2,39,7,-1,-1,-1,-1,4,E01016151,0,1
2024461448906,2024,461448906,1,9,0,-1,19,-1,-1,-1,0,0,0,0,0,0,1,9,-1,6,3,-1,-1,-1,-1,-1,-1,-1,-1,0,-1
2024010527126,2024,010527126,2,-1,9,18,19,7,3,4,4,8,9,0,0,0,1,9,6,6,1,-1,-1,-1,-1,-1,-1,-1,-1,1,-1
2024010493616,2024,010493616,1,9,0,9,9,8,6,0,0,8,0,0,0,0,3,1,1,1,1,41,7,-1,-1,-1,-1,9,E01003363,0,1
2024440056018,2024,440056018,2,8,0,2,2,0,0,0,0,0,0,0,0,0,4,1,1,1,3,-1,-1,-1,-1,-1,-1,-1,-1,0,-1
2024461429377,2024,461429377,2,9,0,-1,19,4,5,-1,0,0,0,0,0,0,2,9,-1,9,2,31,6,-1,-1,-1,-1,7,E01016123,0,1
2024201547705,2024,201547705,2,3,0,-1,12,6,2,-1,0,8,0,0,0,0,3,1,-1,6,1,24,5,-1,-1,-1,-1,4,E01009313,0,1
2024991485209,2024,991485209,1,1,0,-1,19,5,7,-1,0,1,0,0,0,0,1,1,-1,9,1,37,7,-1,-1,-1,-1,1,-1,0,1
2024461522527,2024,461522527,1,9,0,-1,19,2,6,-1,0,1,0,0,0,0,1,1,-1,9,1,21,5,-1,-1,-1,-1,4,E01024557,0,1
2024461401096,2024,461401096,5,9,0,-1,19,5,1,-1,0,0,1,0,0,0,1,9,-1,9,1,39,7,-1,-1,-1,-1,5,E01024356,0,2
2024010502353,2024,010502353,1,1,9,99,99,9,9,99,99,9,9,99,9,99,9,1,6,6,1,53,8,-1,-1,-1,-1,2,E01034190,0,1
2024531393650,2024,531393650,2,1,0,-1,19,5,3,-1,0,0,0,0,0,0,2,1,-1,2,1,54,8,-1,-1,-1,-1,2,E01022458,0,1
2024430608010,2024,430608010,2,9,0,18,19,-1,-1,0,0,4,0,0,0,0,1,1,6,6,2,55,8,-1,-1,-1,-1,-1,-1,0,-1
2024421450551,2024,421450551,1,1,0,-1,5,5,1,-1,0,6,0,0,0,0,3,1,-1,9,1,12,3,-1,-1,-1,-1,8,E01021599,0,1
2024010532942,2024,010532942,1,1,9,99,99,9,9,99,99,9,9,99,9,99,9,1,2,2,1,38,7,-1,-1,-1,-1,8,E01004156,0,1
2024411435235,2024,411435235,2,1,0,-1,3,2,6,-1,0,1,0,0,0,0,2,1,-1,9,1,14,3,-1,-1,-1,-1,6,E01021794,0,1
2024061486448,2024,061486448,1,1,0,-1,19,-1,-1,-1,0,1,0,0,0,0,3,1,-1,1,1,21,5,-1,-1,-1,-1,7,E01006169,0,1
2024010492616,2024,010492616,1,9,0,18,19,5,1,0,0,2,0,0,0,0,1,1,6,6,1,35,6,-1,-1,-1,-1,3,E01002404,0,1
2024302400930,2024,302400930,1,11,0,5,5,4,6,0,0,4,0,0,0,0,1,1,6,6,3,-1,-1,-1,-1,-1,-1,-1,-1,0,-1
2024461448857,2024,461448857,1,98,4,-1,5,-1,-1,-1,0,0,0,0,0,0,1,9,-1,1,1,-1,-1,-1,-1,-1,-1,-1,-1,0,-1
2024522401853,2024,522401853,2,9,0,18,19,7,3,0,0,0,0,0,0,0,1,1,6,6,3,-1,-1,-1,-1,-1,-1,-1,-1,0,-1
2024311430599,2024,311430599,1,9,0,-1,19,5,1,-1,9,0,0,0,0,0,-1,1,-1,6,3,-1,-1,-1,-1,-1,-1,-1,-1,0,-1
2024070268478,2024,070268478,2,9,0,18,19,8,4,0,0,4,0,0,0,0,4,1,6,6,2,78,11,-1,-1,-1,-1,9,E01018333,0,1
2024010487818,2024,010487818,1,9,0,18,19,3,7,0,0,0,0,0,0,0,1,1,6,6,2,25,5,-1,-1,-1,-1,9,E01002271,0,3
2024031399391,2024,031399391,1,9,0,-1,19,8,2,-1,0,0,1,0,0,0,4,9,-1,6,2,38,7,-1,-1,-1,-1,-1,-1,0,-1
2024070861582,2024,070861582,1,1,0,-1,19,9,9,-1,0,0,0,0,0,0,1,1,-1,6,3,-1,-1,-1,-1,-1,-1,-1,-1,0,-1
2024010488487,2024,010488487,2,9,0,18,19,7,3,0,0,2,0,0,0,0,1,1,6,6,3,-1,-1,-1,-1,-1,-1,-1,-1,0,-1