collision_index,collision_year,collision_ref_no,vehicle_reference,vehicle_type,towing_and_articulation,vehicle_manoeuvre_historic,vehicle_manoeuvre,vehicle_direction_from,vehicle_direction_to,vehicle_location_restricted_lane_historic,vehicle_location_restricted_lane,junction_location,skidding_and_overturning,hit_object_in_carriageway,vehicle_leaving_carriageway,hit_object_off_carriageway,first_point_of_impact,vehicle_left_hand_drive,journey_purpose_of_driver_historic,journey_purpose_of_driver,sex_of_driver,age_of_driver,age_band_of_driver,engine_capacity_cc,propulsion_code,age_of_vehicle,generic_make_model,driver_imd_decile,lsoa_of_driver,escooter_flag,driver_distance_banding
2024361489802,2024,361489802,3,9,0,-1,19,7,3,-1,0,0,0,0,1,0,1,1,-1,9,1,71,10,-1,-1,-1,-1,5,E01026770,0,1
2024010495799,2024,010495799,2,3,0,15,15,1,5,0,0,8,1,0,1,0,3,1,6,6,1,57,9,-1,-1,-1,-1,3,E01000522,0,1
2024221457650,2024,221457650,1,9,0,-1,19,2,6,-1,0,0,0,0,0,0,1,9,-1,6,3,27,6,-1,-1,-1,-1,-1,-1,0,-1
2024010507641,2024,010507641,2,9,0,99,99,9,9,99,99,9,9,99,9,99,2,9,6,6,3,-1,-1,-1,-1,-1,-1,-1,-1,0,-1
2024430502028,2024,430502028,2,9,0,18,19,1,5,0,0,1,0,0,0,0,1,1,6,6,3,-1,-1,-1,-1,-1,-1,-1,-1,0,-1
2024010508322,2024,010508322,1,9,0,17,19,7,3,0,0,2,0,0,0,0,1,1,6,6,2,23,5,-1,-1,-1,-1,6,E01002331,0,3
2024311427769,2024,311427769,1,9,0,-1,19,6,2,-1,0,0,0,0,0,0,1,9,-1,6,3,-1,-1,-1,-1,-1,-1,-1,-1,0,-1
2024547773324,2024,547773324,2,1,0,18,19,5,1,0,0,8,0,0,0,0,1,1,1,1,1,31,6,-1,-1,-1,-1,4,E01032715,0,1
2024440236999,2024,440236999,2,9,0,10,10,6,4,0,0,1,0,0,0,0,0,1,6,6,3,-1,-1,-1,-1,-1,-1,-1,-1,0,-1
2024052402279,2024,052402279,1,19,0,18,19,1,5,0,0,0,0,0,0,0,4,1,6,6,3,-1,-1,-1,-1,-1,-1,-1,-1,0,-1
2024991439570,2024,991439570,2,1,0,-1,19,4,8,-1,0,1,0,0,0,0,1,1,-1,9,1,46,8,-1,-1,-1,-1,9,-1,0,3
2024010487903,2024,010487903,2,8,0,2,2,0,0,2,2,0,0,0,0,0,2,1,6,6,3,-1,-1,-1,-1,-1,-1,-1,-1,0,-1
2024302400193,2024,302400193,1,9,0,11,11,4,8,0,0,1,0,0,0,0,0,1,6,6,3,-1,-1,-1,-1,-1,-1,5,E01019456,0,3
2024320533206,2024,320533206,1,9,0,-1,-1,8,4,0,0,2,0,0,0,0,1,1,6,6,2,25,5,-1,-1,-1,-1,9,E01026229,0,1
2024010548567,2024,010548567,2,9,0,99,99,9,9,99,99,9,9,99,9,99,1,9,6,6,3,-1,-1,-1,-1,-1,-1,-1,-1,0,-1
2024010534166,2024,010534166,1,9,9,99,99,9,9,99,99,9,9,99,9,99,9,9,6,6,3,-1,-1,-1,-1,-1,-1,-1,-1,0,-1
2024201518188,2024,201518188,1,9,0,-1,4,4,8,-1,0,6,0,0,0,0,1,9,-1,6,1,30,6,-1,-1,-1,-1,-1,-1,0,-1
2024010492044,2024,010492044,1,9,0,99,99,9,9,99,99,0,9,99,9,99,2,9,6,6,2,35,6,-1,-1,-1,-1,3,E01000796,0,2
2024302400242,2024,302400242,2,9,0,2,2,0,0,0,0,1,0,0,0,0,2,1,6,6,3,-1,-1,-1,-1,-1,-1,-1,-1,0,-1
2024451440804,2024,451440804,1,1,0,-1,9,1,1,-1,0,4,0,0,0,0,1,1,-1,7,1,15,3,-1,-1,-1,-1,7,E01030652,0,1
2024522402705,2024,522402705,1,9,9,18,19,7,3,0,0,0,0,0,0,0,4,1,6,6,3,-1,-1,-1,-1,-1,-1,-1,-1,0,-1
2024501504507,2024,501504507,2,1,0,-1,19,3,7,-1,0,2,1,0,7,0,1,1,-1,9,1,59,9,-1,-1,-1,-1,5,E01020076,0,2
2024302401124,2024,302401124,1,19,0,1,1,6,2,9,9,0,0,0,0,0,2,1,6,6,3,-1,-1,-1,-1,-1,-1,5,E01019456,0,4
2024430134478,2024,430134478,2,9,0,18,19,2,6,0,0,1,0,0,0,0,4,1,6,6,3,-1,-1,-1,-1,-1,-1,-1,-1,0,-1
2024010492215,2024,010492215,1,9,0,18,19,1,5,0,0,2,0,0,0,0,4,1,6,6,3,-1,-1,-1,-1,-1,-1,-1,-1,0,-1
2024070453020,2024,070453020,2,9,0,7,7,1,4,0,0,5,0,0,0,0,3,1,6,6,1,26,6,-1,-1,-1,-1,9,E01018403,0,2
2024421475368,2024,421475368,1,9,0,-1,19,2,6,-1,0,1,2,0,0,0,1,1,-1,6,1,55,8,-1,-1,-1,-1,6,E01003711,0,4
2024991443512,2024,991443512,3,9,0,-1,2,7,7,-1,9,2,0,0,0,0,2,1,-1,2,1,18,4,-1,-1,-1,-1,7,-1,0,1
2024101395228,2024,101395228,1,-1,0,-1,19,7,3,-1,9,8,0,0,0,0,1,1,-1,6,1,-1,-1,-1,-1,-1,-1,-1,-1,1,-1
2024010536511,2024,010536511,1,2,0,13,13,7,3,0,0,0,0,0,0,0,1,1,6,6,1,-1,-1,-1,-1,-1,-1,-1,-1,0,-1
2024430125728,2024,430125728,2,1,0,18,19,7,3,0,0,8,0,0,0,0,3,1,2,2,2,60,9,-1,-1,-1,-1,4,E01028529,0,1
2024340NN2052,2024,340NN2052,1,97,0,-1,19,6,2,-1,0,8,0,0,0,0,1,1,-1,6,1,19,4,-1,-1,-1,-1,2,E01027041,0,1
2024451509018,2024,451509018,1,98,0,-1,19,1,5,-1,0,8,0,0,0,0,1,1,-1,1,1,53,8,-1,-1,-1,-1,6,E01031614,0,4
2024440095354,2024,440095354,2,21,1,2,2,0,0,0,0,0,0,0,0,0,2,1,1,1,3,-1,-1,-1,-1,-1,-1,-1,-1,0,-1
2024430469937,2024,430469937,2,1,0,7,7,6,8,0,0,3,0,0,0,0,2,1,2,2,1,50,8,-1,-1,-1,-1,9,E01017807,0,2
2024201488867,2024,201488867,3,9,0,-1,14,8,2,-1,0,1,0,0,0,0,4,9,-1,6,3,-1,-1,-1,-1,-1,-1,-1,-1,0,-1
2024531393650,2024,531393650,1,9,0,-1,19,5,3,-1,0,0,0,0,0,0,1,9,-1,6,3,-1,-1,-1,-1,-1,-1,-1,-1,0,-1
2024131531556,2024,131531556,2,9,0,-1,19,1,5,-1,0,8,0,0,0,0,1,1,-1,2,1,26,6,-1,-1,-1,-1,1,E01010712,0,3
2024340WN6282,2024,340WN6282,1,9,0,-1,9,3,1,-1,0,8,1,0,0,0,1,1,-1,9,2,49,8,-1,-1,-1,-1,6,E01027011,0,1
2024332401021,2024,332401021,2,9,0,-1,19,7,3,-1,0,2,0,0,0,0,1,1,-1,6,3,-1,-1,-1,-1,-1,-1,-1,-1,0,-1
2024041418944,2024,041418944,2,1,0,-1,19,-1,-1,-1,0,0,5,0,0,0,1,1,-1,6,1,81,11,-1,-1,-1,-1,3,E01012726,0,1
2024010530448,2024,010530448,2,1,9,99,99,9,9,99,99,9,9,99,9,99,9,1,2,2,2,30,6,-1,-1,-1,-1,2,E01003994,0,1
2024211473291,2024,211473291,2,1,0,-1,19,7,3,-1,9,0,2,0,0,0,3,1,-1,6,1,13,3,-1,-1,-1,-1,-1,-1,0,-1
2024101414404,2024,101414404,1,9,0,-1,19,-1,-1,-1,0,-1,0,0,0,0,-1,9,-1,6,2,-1,-1,-1,-1,-1,-1,-1,-1,0,-1
2024141498745,2024,141498745,2,1,0,-1,19,5,8,-1,0,1,5,0,0,0,1,1,-1,6,1,32,6,-1,-1,-1,-1,3,E01008109,0,1
2024161509783,2024,161509783,2,9,0,-1,99,4,8,-1,99,0,9,99,9,0,9,9,-1,6,1,80,11,-1,-1,-1,-1,5,E01013027,0,2
2024052401219,2024,052401219,2,1,0,4,4,4,8,0,0,0,0,0,0,0,1,1,6,6,1,9,2,-1,-1,-1,-1,1,E01006461,0,2
2024010530294,2024,010530294,1,1,9,99,99,9,9,5,5,0,5,99,0,99,1,1,2,2,1,28,6,-1,-1,-1,-1,5,E01035707,0,1
2024201509588,2024,201509588,1,1,0,-1,19,4,8,-1,0,8,1,0,0,0,0,1,-1,6,1,25,5,-1,-1,-1,-1,-1,-1,0,-1
2024010489231,2024,010489231,1,9,0,99,99,9,9,99,99,9,9,99,9,99,9,9,6,6,3,-1,-1,-1,-1,-1,-1,-1,-1,0,-1
2024311450681,2024,311450681,2,1,0,-1,19,7,3,-1,0,0,1,0,0,0,3,1,-1,6,1,-1,-1,-1,-1,-1,-1,9,E01028009,0,2
2024010516661,2024,010516661,2,1,0,10,10,1,7,0,0,5,0,0,0,0,3,1,2,2,1,32,6,-1,-1,-1,-1,4,E01004540,0,1
2024131458139,2024,131458139,1,9,0,-1,19,4,8,-1,0,0,0,0,0,0,1,1,-1,6,1,44,7,-1,-1,-1,-1,1,E01011360,0,1
2024010494935,2024,010494935,1,9,0,5,5,0,1,8,6,2,0,0,0,0,2,1,6,6,1,74,10,-1,-1,-1,-1,5,E01003640,0,2
2024461495162,2024,461495162,1,9,0,-1,11,1,5,-1,0,0,0,0,0,0,-1,9,-1,9,3,-1,-1,-1,-1,-1,-1,-1,-1,0,-1
2024361470763,2024,361470763,2,1,0,-1,19,1,5,-1,5,0,0,0,0,0,3,1,-1,2,2,50,8,-1,-1,-1,-1,6,E01033435,0,1
2024302400105,2024,302400105,2,9,0,18,19,6,2,0,0,0,0,0,0,0,1,1,6,6,2,34,6,-1,-1,-1,-1,4,E01019499,0,1
2024311450913,2024,311450913,2,9,0,-1,19,5,1,-1,0,0,0,0,0,0,1,1,-1,9,1,35,6,-1,-1,-1,-1,9,E01019328,0,5
2024010536527,2024,010536527,2,9,0,6,6,9,9,0,0,1,0,0,0,0,3,9,6,6,3,-1,-1,-1,-1,-1,-1,9,E01035489,0,1
2024311463439,2024,311463439,2,9,0,-1,19,6,2,-1,0,1,0,0,0,0,1,1,-1,1,1,38,7,-1,-1,-1,-1,8,E01028116,0,1
2024101412829,2024,101412829,3,1,0,-1,19,6,2,-1,0,0,5,0,0,0,4,1,-1,2,1,39,7,-1,-1,-1,-1,6,E01008342,0,2
2024010513801,2024,010513801,1,9,0,99,99,9,9,99,99,9,9,99,9,99,1,9,6,6,3,-1,-1,-1,-1,-1,-1,-1,-1,0,-1
202460Q050026,2024,60Q050026,2,9,0,16,19,1,5,0,0,0,0,0,0,0,0,1,6,6,3,-1,-1,-1,-1,-1,-1,-1,-1,0,-1
2024010528423,2024,010528423,2,9,0,99,99,9,9,99,99,9,9,99,9,99,9,9,6,6,3,-1,-1,-1,-1,-1,-1,-1,-1,0,-1
2024010527108,2024,010527108,2,1,0,13,13,3,7,0,0,2,0,0,0,0,1,1,1,1,1,40,7,-1,-1,-1,-1,7,E01003762,0,3
2024010495804,2024,010495804,2,2,0,99,99,9,9,99,99,9,9,99,9,99,9,1,6,6,1,24,5,-1,-1,-1,-1,4,E01004376,0,2
2024010495884,2024,010495884,2,9,0,9,9,3,1,0,0,6,0,0,0,0,1,9,6,6,2,-1,-1,-1,-1,-1,-1,-1,-1,0,-1
2024101489700,2024,101489700,2,9,0,-1,11,1,5,-1,0,0,0,0,0,0,0,1,-1,1,1,51,8,-1,-1,-1,-1,2,E01008825,0,3
2024440237047,2024,440237047,1,1,0,18,19,1,5,0,0,1,0,0,0,0,1,1,2,2,1,32,6,-1,-1,-1,-1,2,E01023156,0,1
2024471442807,2024,471442807,1,9,0,-1,19,2,6,-1,0,0,0,0,6,4,1,1,-1,6,1,42,7,-1,-1,-1,-1,9,E01031670,0,1
2024010493164,2024,010493164,2,9,0,99,99,9,9,99,99,9,9,99,9,99,9,9,6,6,3,-1,-1,-1,-1,-1,-1,-1,-1,0,-1
2024010489621,2024,010489621,2,5,0,18,19,7,3,0,0,1,5,0,0,0,1,1,2,2,1,50,8,-1,-1,-1,-1,7,E01004635,0,3
2024010495732,2024,010495732,1,1,9,99,99,9,9,99,99,9,9,99,9,99,1,1,2,2,1,34,6,-1,-1,-1,-1,4,E01034383,0,1
2024010544658,2024,010544658,2,9,0,99,99,9,9,99,99,0,9,99,9,99,2,9,6,6,3,-1,-1,-1,-1,-1,-1,-1,-1,0,-1
2024041456048,2024,041456048,1,23,0,-1,19,5,5,-1,0,0,0,4,0,0,1,1,-1,9,1,-1,-1,-1,-1,-1,-1,-1,-1,0,-1
2024010512253,2024,010512253,2,1,0,15,15,3,7,0,0,0,0,0,0,0,3,1,6,6,1,20,4,-1,-1,-1,-1,4,E01000039,0,2
2024010494486,2024,010494486,1,97,0,13,13,1,5,0,0,0,0,0,0,0,1,1,6,6,3,-1,-1,-1,-1,-1,-1,-1,-1,0,-1
2024010494216,2024,010494216,2,11,0,7,7,1,2,0,0,5,0,0,0,0,4,1,6,6,3,-1,-1,-1,-1,-1,-1,-1,-1,0,-1
2024052400471,2024,052400471,1,9,0,6,6,2,2,0,0,0,0,0,0,0,3,1,6,6,1,38,7,-1,-1,-1,-1,1,E01032509,0,1
2024501498339,2024,501498339,1,1,0,-1,4,4,8,-1,0,0,5,0,0,0,1,1,-1,2,1,47,8,-1,-1,-1,-1,4,E01018922,0,2
2024631507688,2024,631507688,2,90,5,-1,4,4,8,-1,0,8,0,0,0,0,0,1,-1,1,1,34,6,-1,-1,-1,-1,8,W01000439,0,4
2024201506721,2024,201506721,2,9,0,-1,19,2,6,-1,0,6,0,0,0,0,1,1,-1,9,-1,30,6,-1,-1,-1,-1,-1,-1,0,-1
2024201465013,2024,201465013,1,9,0,-1,13,5,1,-1,0,0,0,0,0,0,3,1,-1,6,3,-1,-1,-1,-1,-1,-1,-1,-1,0,-1
2024231510922,2024,231510922,1,-1,0,-1,19,1,5,-1,9,1,0,0,0,0,2,1,-1,6,3,18,4,-1,-1,-1,-1,-1,-1,1,-1
2024052400065,2024,052400065,1,9,0,1,1,7,3,0,0,0,0,0,0,0,2,1,6,6,3,-1,-1,-1,-1,-1,-1,-1,-1,0,-1
2024010493575,2024,010493575,2,1,0,7,7,7,1,0,0,1,0,0,0,0,1,1,6,6,1,26,6,-1,-1,-1,-1,4,E01002224,0,1
2024411524960,2024,411524960,1,19,0,-1,-1,-1,-1,-1,-1,-1,-1,-1,-1,0,-1,9,-1,6,1,-1,-1,-1,-1,-1,-1,-1,-1,0,-1
2024010537176,2024,010537176,2,1,0,18,19,3,7,0,0,8,0,0,0,0,3,1,6,6,1,39,7,-1,-1,-1,-1,3,E01004233,0,1
2024201400666,2024,201400666,1,9,0,-1,7,7,2,-1,0,6,0,0,0,0,3,9,-1,2,1,26,6,-1,-1,-1,-1,-1,-1,0,-1
2024451514768,2024,451514768,2,9,0,-1,19,1,5,-1,0,4,0,0,0,0,1,1,-1,6,1,-1,-1,-1,-1,-1,-1,-1,-1,0,-1
2024010491167,2024,010491167,1,9,0,18,19,1,5,0,0,0,0,10,0,0,1,1,2,2,1,45,7,-1,-1,-1,-1,-1,-1,0,-1
2024471519560,2024,471519560,1,98,0,-1,19,-1,-1,-1,0,0,0,0,0,0,0,9,-1,6,3,-1,-1,-1,-1,-1,-1,-1,-1,0,-1
2024010514037,2024,010514037,1,1,9,99,99,9,9,99,99,9,9,99,9,99,1,1,6,6,3,-1,-1,-1,-1,-1,-1,-1,-1,0,-1
2024622500013,2024,622500013,1,9,0,18,19,5,4,0,0,3,0,0,0,0,1,1,6,6,1,20,4,-1,-1,-1,-1,8,W01001124,0,2
2024201459080,2024,201459080,1,9,0,-1,19,2,3,-1,0,4,0,0,0,0,3,1,-1,6,3,-1,-1,-1,-1,-1,-1,-1,-1,0,-1
2024111425159,2024,111425159,1,9,0,-1,9,7,5,-1,0,0,0,0,0,0,1,9,-1,6,3,30,6,-1,-1,-1,-1,-1,-1,0,-1
2024421410235,2024,421410235,1,9,0,-1,19,1,5,-1,0,2,0,0,0,0,1,1,-1,9,1,60,9,-1,-1,-1,-1,7,E01021900,0,3
2024201513664,2024,201513664,1,99,0,-1,1,3,1,-1,0,0,0,0,0,0,2,9,-1,6,3,-1,-1,-1,-1,-1,-1,-1,-1,0,-1
2024010504210,2024,010504210,2,1,0,18,19,5,1,4,4,0,0,0,0,0,9,1,6,6,1,24,5,-1,-1,-1,-1,4,E01001501,0,1
2024311500823,2024,311500823,2,-1,0,-1,19,1,5,-1,0,8,0,0,0,0,4,1,-1,6,1,8,2,-1,-1,-1,-1,-1,-1,1,-1
2024010521745,2024,010521745,2,9,0,99,99,9,9,99,99,9,9,99,9,99,1,9,6,6,3,-1,-1,-1,-1,-1,-1,-1,-1,0,-1
2024411503346,2024,411503346,2,9,0,-1,19,2,8,-1,0,7,0,0,0,0,1,1,-1,9,1,19,4,-1,-1,-1,-1,9,E01023562,0,3
2024010508931,2024,010508931,2,1,0,9,9,7,5,0,0,0,0,0,0,0,1,1,1,1,1,57,9,-1,-1,-1,-1,6,E01001997,0,1
2024361498517,2024,361498517,2,1,-1,-1,9,-1,-1,-1,0,1,0,0,0,0,3,1,-1,6,1,-1,-1,-1,-1,-1,-1,6,E01026462,0,1
2024061503469,2024,061503469,2,1,0,-1,19,-1,-1,-1,5,8,5,0,0,0,3,1,-1,2,1,34,6,-1,-1,-1,-1,7,E01006127,0,1
2024131440062,2024,131440062,1,-1,0,-1,19,7,3,-1,9,0,1,0,0,0,0,1,-1,6,1,50,8,-1,-1,-1,-1,-1,-1,1,-1
2024201431892,2024,201431892,2,1,0,-1,19,4,8,-1,0,8,0,0,0,0,3,1,-1,9,1,32,6,-1,-1,-1,-1,1,E01004199,0,5
2024211477447,2024,211477447,2,9,-1,-1,-1,3,5,-1,-1,0,-1,-1,-1,0,1,9,-1,6,3,-1,-1,-1,-1,-1,-1,-1,-1,0,-1
2024111454269,2024,111454269,3,9,0,-1,11,6,2,-1,0,0,0,0,0,0,0,1,-1,6,3,30,6,-1,-1,-1,-1,-1,-1,0,-1
2024010527871,2024,010527871,2,1,0,7,7,7,2,0,0,1,0,0,0,0,1,1,6,6,2,32,6,-1,-1,-1,-1,8,E01001924,0,1
2024221410107,2024,221410107,1,1,0,-1,19,5,1,-1,0,8,0,0,0,0,1,1,-1,6,1,22,5,-1,-1,-1,-1,-1,-1,0,-1
202417H106224,2024,17H106224,2,1,0,-1,19,6,2,-1,0,0,0,0,0,0,3,1,-1,2,1,64,9,-1,-1,-1,-1,4,E01011990,0,1
2024361415368,2024,361415368,1,9,-1,-1,-1,-1,-1,-1,-1,0,-1,-1,-1,0,-1,9,-1,6,1,29,6,-1,-1,-1,-1,4,E01001478,0,5
2024371489443,2024,371489443,2,1,0,-1,19,7,3,-1,0,0,0,0,0,0,1,1,-1,9,2,18,4,-1,-1,-1,-1,2,E01030248,0,1
2024061480097,2024,061480097,1,9,0,-1,1,3,5,-1,0,0,0,4,0,0,2,1,-1,9,1,30,6,-1,-1,-1,-1,-1,-1,0,-1
2024101489436,2024,101489436,2,5,0,-1,19,4,8,-1,0,0,2,0,1,0,2,1,-1,2,1,50,8,-1,-1,-1,-1,7,E01027486,0,2
2024421422213,2024,421422213,1,98,1,-1,5,6,4,-1,0,0,0,0,0,0,0,9,-1,6,3,-1,-1,-1,-1,-1,-1,-1,-1,0,-1
2024201421365,2024,201421365,2,1,0,-1,19,4,8,-1,4,1,0,0,0,0,1,1,-1,1,1,42,7,-1,-1,-1,-1,5,E01008951,0,1
2024010496828,2024,010496828,2,9,0,8,8,3,4,0,0,1,0,0,0,0,1,1,6,6,3,-1,-1,-1,-1,-1,-1,-1,-1,0,-1
2024010488799,2024,010488799,2,9,0,99,99,9,9,99,99,9,9,99,9,99,1,9,6,6,3,-1,-1,-1,-1,-1,-1,-1,-1,0,-1
2024010511315,2024,010511315,1,9,0,18,19,1,5,0,0,6,0,0,0,0,1,1,6,6,3,-1,-1,-1,-1,-1,-1,-1,-1,0,-1
2024010511577,2024,010511577,2,1,0,4,4,1,5,9,9,1,0,0,0,0,1,1,6,6,1,14,3,-1,-1,-1,-1,2,E01000028,0,1
2024010515938,2024,010515938,2,1,9,99,99,9,9,99,99,9,9,99,9,99,9,1,6,6,3,24,5,-1,-1,-1,-1,10,E01030368,0,2
2024501453028,2024,501453028,1,9,0,-1,5,-1,-1,-1,-1,0,0,0,0,0,1,9,-1,6,2,-1,-1,-1,-1,-1,-1,-1,-1,0,-1
2024010512201,2024,010512201,2,1,0,18,19,3,7,0,0,1,0,0,0,0,1,1,6,6,1,24,5,-1,-1,-1,-1,4,E01002711,0,1
2024131412911,2024,131412911,1,9,0,-1,-1,-1,-1,-1,-1,-1,-1,-1,-1,-1,-1,1,-1,6,3,-1,-1,-1,-1,-1,-1,-1,-1,0,-1
2024531474280,2024,531474280,2,1,0,-1,19,2,6,-1,0,0,0,0,0,0,1,1,-1,9,1,60,9,-1,-1,-1,-1,6,E01022235,0,1
2024041522749,2024,041522749,1,9,0,-1,11,5,1,-1,0,3,1,0,6,0,1,1,-1,9,1,19,4,-1,-1,-1,-1,7,E01025033,0,1
2024010545520,2024,010545520,2,1,0,18,19,7,3,4,4,1,0,0,0,0,1,1,6,6,1,59,9,-1,-1,-1,-1,6,E01003173,0,1
2024010488817,2024,010488817,2,9,0,99,99,9,9,99,99,9,9,99,9,99,9,9,6,6,3,-1,-1,-1,-1,-1,-1,-1,-1,0,-1
2024010489911,2024,010489911,2,9,0,18,19,3,7,0,0,1,0,0,0,0,1,1,1,1,1,36,7,-1,-1,-1,-1,4,E01034611,0,1
202460Q187247,2024,60Q187247,1,1,0,18,19,7,3,0,0,0,5,4,0,0,1,1,6,6,1,76,11,-1,-1,-1,-1,-1,-1,0,-1
2024311513382,2024,311513382,1,9,0,-1,2,1,5,-1,0,0,0,0,0,0,1,9,-1,6,1,69,10,-1,-1,-1,-1,7,E01028240,0,1
2024361468452,2024,361468452,2,9,4,-1,19,2,7,-1,0,1,0,0,0,0,1,1,-1,1,1,49,8,-1,-1,-1,-1,3,E01026652,0,1
2024411521669,2024,411521669,1,97,0,-1,19,1,5,-1,0,1,0,0,1,0,1,1,-1,6,1,33,6,-1,-1,-1,-1,9,E01023656,0,1
2024440168565,2024,440168565,2,1,0,18,19,2,6,0,0,1,0,0,0,0,1,1,6,6,2,50,8,-1,-1,-1,-1,1,E01017038,0,1
2024010491667,2024,010491667,1,3,0,99,99,9,9,99,99,9,9,99,9,99,9,1,1,1,1,28,6,-1,-1,-1,-1,4,E01003937,0,1
2024361470466,2024,361470466,1,9,0,-1,19,6,2,-1,0,0,0,0,0,0,1,1,-1,6,2,75,10,-1,-1,-1,-1,10,E01023371,0,5
2024311453380,2024,311453380,1,99,-1,-1,19,1,5,-1,0,8,0,0,0,0,-1,9,-1,6,3,-1,-1,-1,-1,-1,-1,-1,-1,0,-1
2024010494186,2024,010494186,1,3,0,99,99,9,9,99,99,1,9,99,9,99,1,1,6,6,1,53,8,-1,-1,-1,-1,4,E01004628,0,1
2024010548366,2024,010548366,2,1,0,18,19,3,7,0,0,1,5,0,0,0,4,1,1,1,2,43,7,-1,-1,-1,-1,3,E01000305,0,2
2024010531707,2024,010531707,1,9,0,99,99,9,9,99,99,9,9,99,9,99,2,9,6,6,1,21,5,-1,-1,-1,-1,1,E01001838,0,1
2024311469431,2024,311469431,2,1,0,-1,19,1,5,-1,0,0,0,0,0,0,1,1,-1,9,1,9,2,-1,-1,-1,-1,-1,-1,0,-1
2024041517412,2024,041517412,1,9,0,-1,-1,-1,-1,-1,0,0,0,0,0,0,1,9,-1,6,3,-1,-1,-1,-1,-1,-1,-1,-1,0,-1
2024010488082,2024,010488082,1,3,0,99,99,9,9,99,99,9,9,99,9,99,2,1,1,1,1,34,6,-1,-1,-1,-1,6,E01002182,0,3
2024340WN5652,2024,340WN5652,2,1,0,-1,19,1,5,-1,0,0,0,0,1,0,2,1,-1,1,1,59,9,-1,-1,-1,-1,5,E01027017,0,1
2024010516190,2024,010516190,1,1,9,99,99,9,9,99,99,9,9,99,9,99,9,1,6,6,2,50,8,-1,-1,-1,-1,2,E01001337,0,1
2024332400991,2024,332400991,2,9,0,-1,12,6,2,-1,0,1,0,0,0,0,3,1,-1,9,1,32,6,-1,-1,-1,-1,3,E01013635,0,1
2024010502033,2024,010502033,2,9,0,6,6,3,3,0,0,2,0,0,0,0,3,2,2,2,1,31,6,-1,-1,-1,-1,7,E01015955,0,4
2024461504376,2024,461504376,1,9,0,-1,-1,-1,-1,-1,0,1,0,0,0,0,1,9,-1,6,3,-1,-1,-1,-1,-1,-1,-1,-1,0,-1
2024340WN1632,2024,340WN1632,1,9,0,-1,19,6,2,-1,0,1,0,0,0,0,1,1,-1,6,3,-1,-1,-1,-1,-1,-1,-1,-1,0,-1
2024010518040,2024,010518040,1,1,9,99,99,9,9,99,99,0,9,99,9,99,9,1,2,2,1,34,6,-1,-1,-1,-1,9,E01003382,0,3
2024010503644,2024,010503644,2,1,9,99,99,9,9,99,99,9,9,99,9,99,9,1,6,6,1,17,4,-1,-1,-1,-1,2,E01001218,0,1
2024231490424,2024,231490424,1,9,0,-1,19,8,4,-1,0,0,0,0,0,0,1,9,-1,6,2,40,7,-1,-1,-1,-1,-1,-1,0,-1
2024411518868,2024,411518868,2,-1,0,-1,19,3,7,-1,0,8,0,0,0,0,3,1,-1,6,1,17,4,-1,-1,-1,-1,7,E01023799,1,1
2024361496527,2024,361496527,1,9,0,-1,19,8,4,-1,0,0,0,0,0,0,4,1,-1,6,-1,-1,-1,-1,-1,-1,-1,-1,-1,0,-1
2024201420060,2024,201420060,1,9,0,-1,19,3,7,-1,0,0,0,0,0,0,4,9,-1,6,1,45,7,-1,-1,-1,-1,-1,-1,0,-1
2024201481249,2024,201481249,2,90,0,-1,9,7,5,-1,0,5,0,0,0,0,1,1,-1,6,-1,-1,-1,-1,-1,-1,-1,-1,-1,0,-1
2024461500235,2024,461500235,1,1,0,-1,15,5,1,-1,0,0,0,0,0,0,4,1,-1,1,1,24,5,-1,-1,-1,-1,4,E01024262,0,1
2024061489780,2024,061489780,2,1,0,-1,10,8,6,-1,0,1,0,0,0,0,2,1,-1,2,1,62,9,-1,-1,-1,-1,8,E01006164,0,1
2024010488883,2024,010488883,2,9,0,99,99,9,9,99,99,0,9,99,9,99,1,9,6,6,3,-1,-1,-1,-1,-1,-1,-1,-1,0,-1
2024991540492,2024,991540492,2,9,0,-1,19,7,2,-1,0,8,0,0,0,0,3,1,-1,9,1,47,8,-1,-1,-1,-1,10,-1,0,3
2024302500044,2024,302500044,5,9,0,-1,19,8,4,-1,0,0,0,0,0,0,1,1,-1,6,1,37,7,-1,-1,-1,-1,10,E01029457,0,3
2024522401413,2024,522401413,1,9,0,18,19,7,3,0,0,0,0,0,0,0,1,1,6,6,3,-1,-1,-1,-1,-1,-1,-1,-1,0,-1
2024471458784,2024,471458784,1,98,0,-1,7,2,8,-1,0,6,0,0,0,0,1,1,-1,6,1,-1,-1,-1,-1,-1,-1,8,E01031357,0,1
2024010544953,2024,010544953,1,1,9,99,99,9,9,4,4,9,9,99,9,99,1,1,6,6,1,42,7,-1,-1,-1,-1,3,E01003571,0,3
2024302400321,2024,302400321,1,1,0,18,19,1,5,0,0,1,0,0,0,0,3,1,6,6,2,48,8,-1,-1,-1,-1,6,E01019798,0,1
2024010510037,2024,010510037,1,1,0,4,4,5,1,0,0,1,0,0,0,0,2,1,1,1,1,26,6,-1,-1,-1,-1,6,E01000514,0,3
2024010547879,2024,010547879,2,1,0,18,19,5,1,0,0,1,0,0,0,0,1,1,6,6,2,32,6,-1,-1,-1,-1,4,E01004229,0,1
2024211519176,2024,211519176,2,9,0,-1,99,-1,-1,-1,0,0,0,99,0,0,1,1,-1,6,3,-1,-1,-1,-1,-1,-1,-1,-1,0,-1
2024131538248,2024,131538248,1,9,0,-1,-1,-1,-1,-1,-1,0,-1,-1,-1,-1,-1,1,-1,6,3,-1,-1,-1,-1,-1,-1,-1,-1,0,-1
2024010521864,2024,010521864,5,9,0,2,2,0,0,0,0,2,0,0,0,0,2,1,6,6,3,-1,-1,-1,-1,-1,-1,-1,-1,0,-1
2024010540055,2024,010540055,2,1,0,18,19,7,3,0,0,1,5,0,0,0,1,1,6,6,1,16,4,-1,-1,-1,-1,3,E01003975,0,1
2024131410878,2024,131410878,1,9,0,-1,19,5,1,-1,0,8,0,0,0,0,-1,1,-1,6,3,-1,-1,-1,-1,-1,-1,-1,-1,0,-1
2024010517780,2024,010517780,1,-1,0,18,19,3,7,4,4,8,0,0,0,0,1,1,6,6,1,17,4,-1,-1,-1,-1,6,E01001494,1,1