collision_index,collision_year,collision_ref_no,vehicle_reference,vehicle_type,towing_and_articulation,vehicle_manoeuvre_historic,vehicle_manoeuvre,vehicle_direction_from,vehicle_direction_to,vehicle_location_restricted_lane_historic,vehicle_location_restricted_lane,junction_location,skidding_and_overturning,hit_object_in_carriageway,vehicle_leaving_carriageway,hit_object_off_carriageway,first_point_of_impact,vehicle_left_hand_drive,journey_purpose_of_driver_historic,journey_purpose_of_driver,sex_of_driver,age_of_driver,age_band_of_driver,engine_capacity_cc,propulsion_code,age_of_vehicle,generic_make_model,driver_imd_decile,lsoa_of_driver,escooter_flag,driver_distance_banding
2024010488416,2024,010488416,2,19,9,99,99,9,9,99,99,9,9,99,9,99,9,1,6,6,3,-1,-1,-1,-1,-1,-1,-1,-1,0,-1
2024010529744,2024,010529744,1,1,9,99,99,9,9,99,99,9,9,99,9,99,1,1,2,2,2,31,6,-1,-1,-1,-1,2,E01004272,0,2
2024332401095,2024,332401095,2,9,0,-1,19,8,4,-1,0,8,0,0,0,0,1,1,-1,6,3,-1,-1,-1,-1,-1,-1,-1,-1,0,-1
2024122400260,2024,122400260,2,9,0,9,9,1,7,0,0,8,0,0,0,0,4,1,6,6,1,33,6,-1,-1,-1,-1,8,E01027586,0,1
2024131522402,2024,131522402,1,9,0,-1,19,5,1,-1,0,0,1,0,0,0,1,1,-1,6,1,43,7,-1,-1,-1,-1,-1,-1,0,-1
2024131523447,2024,131523447,1,9,0,-1,19,1,5,-1,0,0,1,4,0,0,1,1,-1,6,-1,-1,-1,-1,-1,-1,-1,-1,-1,0,-1
2024411533948,2024,411533948,1,9,-1,-1,-1,-1,-1,-1,-1,-1,-1,-1,-1,0,-1,9,-1,6,3,-1,-1,-1,-1,-1,-1,-1,-1,0,-1
2024991511751,2024,991511751,1,9,0,-1,5,1,5,-1,0,0,0,0,0,0,3,1,-1,9,1,41,7,-1,-1,-1,-1,8,-1,0,2
2024010496675,2024,010496675,2,1,0,18,19,3,7,0,0,8,0,0,0,0,4,1,6,6,1,33,6,-1,-1,-1,-1,7,E01000135,0,1
2024010535377,2024,010535377,3,9,0,18,19,9,9,0,0,9,0,99,9,99,9,9,6,6,3,-1,-1,-1,-1,-1,-1,-1,-1,0,-1
2024531516998,2024,531516998,2,1,0,-1,19,1,5,-1,0,8,5,0,0,0,1,1,-1,6,1,66,10,-1,-1,-1,-1,10,W01001850,0,4
2024201430912,2024,201430912,2,3,0,-1,7,3,5,-1,0,6,0,0,0,0,1,1,-1,6,1,58,9,-1,-1,-1,-1,6,E01009685,0,2
2024031450904,2024,031450904,2,9,0,-1,10,3,7,-1,0,1,0,0,0,0,0,1,-1,9,1,37,7,-1,-1,-1,-1,9,E01025211,0,5
2024501468989,2024,501468989,1,1,0,-1,5,5,1,-1,0,0,0,0,0,0,3,1,-1,6,1,54,8,-1,-1,-1,-1,3,E01018927,0,1
2024991404403,2024,991404403,1,9,0,-1,1,5,8,-1,0,1,0,0,0,0,2,1,-1,6,-1,50,8,-1,-1,-1,-1,-1,-1,0,-1
2024231465427,2024,231465427,1,19,0,-1,19,5,2,-1,0,0,0,0,0,0,9,9,-1,6,1,45,7,-1,-1,-1,-1,-1,-1,0,-1
2024010497209,2024,010497209,1,9,0,5,5,7,3,0,0,8,0,0,0,0,3,1,2,2,1,46,8,-1,-1,-1,-1,7,E01002337,0,3
2024520402034,2024,520402034,2,9,0,18,19,4,8,0,0,1,0,0,0,0,1,1,6,6,3,-1,-1,-1,-1,-1,-1,-1,-1,0,-1
2024610035824,2024,610035824,2,1,0,18,19,1,5,0,0,8,0,0,0,0,0,1,6,6,1,46,8,-1,-1,-1,-1,9,W01001828,0,4
2024371400736,2024,371400736,2,1,0,-1,7,-1,-1,-1,0,3,0,0,0,0,4,1,-1,2,2,28,6,-1,-1,-1,-1,9,E01030196,0,1
2024231411465,2024,231411465,1,21,1,-1,5,1,5,-1,0,0,0,0,0,0,0,9,-1,6,1,54,8,-1,-1,-1,-1,-1,-1,0,-1
2024991556989,2024,991556989,2,9,0,-1,19,8,4,-1,0,0,0,0,1,0,1,1,-1,6,2,68,10,-1,-1,-1,-1,7,-1,0,5
2024401405254,2024,401405254,1,9,0,-1,19,8,4,-1,0,0,0,0,0,0,1,1,-1,1,1,37,7,-1,-1,-1,-1,6,E01017540,0,1
2024622400509,2024,622400509,1,9,0,5,5,2,6,0,0,4,2,0,0,0,1,1,6,6,1,82,11,-1,-1,-1,-1,7,E01014081,0,4
2024201523615,2024,201523615,1,9,0,-1,1,0,8,-1,9,6,0,0,0,0,2,1,-1,6,3,35,6,-1,-1,-1,-1,-1,-1,0,-1
2024451494595,2024,451494595,2,1,0,-1,19,1,5,-1,0,0,0,0,0,0,1,1,-1,6,1,45,7,-1,-1,-1,-1,6,E01030665,0,2
2024101518104,2024,101518104,1,9,-1,-1,7,3,5,-1,4,5,0,0,0,0,4,9,-1,6,3,-1,-1,-1,-1,-1,-1,-1,-1,0,-1
2024340WN4132,2024,340WN4132,1,-1,0,-1,19,3,7,-1,0,8,2,0,0,0,0,1,-1,9,1,22,5,-1,-1,-1,-1,5,E01027136,1,1
2024311395097,2024,311395097,1,9,0,-1,7,6,2,-1,0,1,0,0,0,0,4,9,-1,6,3,30,6,-1,-1,-1,-1,-1,-1,0,-1
2024552400630,2024,552400630,2,1,0,13,13,2,6,0,0,8,0,0,0,0,4,1,6,6,1,33,6,-1,-1,-1,-1,5,E01015427,0,3
2024991524510,2024,991524510,2,9,0,-1,19,7,3,-1,0,0,0,0,0,0,2,1,-1,6,2,63,9,-1,-1,-1,-1,9,-1,0,1
2024311470872,2024,311470872,1,99,-1,-1,-1,1,5,-1,-1,-1,-1,-1,-1,0,-1,9,-1,6,3,-1,-1,-1,-1,-1,-1,-1,-1,0,-1
2024461477670,2024,461477670,2,1,0,-1,19,5,1,-1,0,1,0,0,0,0,4,1,-1,6,1,68,10,-1,-1,-1,-1,7,E01024224,0,1
2024010519175,2024,010519175,2,1,0,18,19,5,1,0,0,6,0,0,1,0,1,1,6,6,1,26,6,-1,-1,-1,-1,7,E01003738,0,1
2024010508973,2024,010508973,1,1,9,99,99,9,9,99,99,9,9,99,9,99,1,1,6,6,1,51,8,-1,-1,-1,-1,3,E01034151,0,2
2024010533015,2024,010533015,1,9,0,18,19,3,7,0,0,0,0,0,0,0,1,1,6,6,3,34,6,-1,-1,-1,-1,-1,-1,0,-1
2024302400186,2024,302400186,1,9,0,18,19,8,4,0,0,8,0,0,0,0,1,1,6,6,1,34,6,-1,-1,-1,-1,9,E01019683,0,4
2024111495568,2024,111495568,1,19,0,-1,1,2,6,-1,0,0,0,0,0,0,2,1,-1,9,2,36,7,-1,-1,-1,-1,7,E01020853,0,3
2024430081338,2024,430081338,1,9,0,9,9,5,3,0,0,8,0,0,0,0,1,1,2,2,1,63,9,-1,-1,-1,-1,10,E01028591,0,1
2024010497934,2024,010497934,2,9,0,99,99,9,9,99,99,9,9,99,9,99,4,9,6,6,3,-1,-1,-1,-1,-1,-1,-1,-1,0,-1
2024010502664,2024,010502664,2,-1,0,9,9,3,1,0,0,0,0,0,0,0,1,1,6,6,1,40,7,-1,-1,-1,-1,3,E01032574,1,1
2024041463209,2024,041463209,1,9,0,-1,19,4,6,-1,0,0,0,0,7,0,1,1,-1,9,1,64,9,-1,-1,-1,-1,6,E01025515,0,1
2024010541133,2024,010541133,2,1,0,5,5,3,7,0,0,8,0,0,0,0,1,1,6,6,1,28,6,-1,-1,-1,-1,8,E01003138,0,1
2024552400232,2024,552400232,1,9,0,18,19,6,2,0,0,0,0,0,0,0,1,1,6,6,3,-1,-1,-1,-1,-1,-1,-1,-1,0,-1
2024010521598,2024,010521598,1,9,0,17,19,1,5,0,0,1,0,0,0,0,1,1,6,6,3,-1,-1,-1,-1,-1,-1,-1,-1,0,-1
2024010525287,2024,010525287,2,1,0,13,13,7,3,0,0,2,0,0,0,0,1,1,6,6,1,24,5,-1,-1,-1,-1,8,E01035160,0,4
2024631415162,2024,631415162,1,1,0,-1,19,5,2,-1,0,0,0,0,1,10,1,1,-1,9,1,58,9,-1,-1,-1,-1,1,W01000511,0,2
2024101500852,2024,101500852,1,9,0,-1,19,7,3,-1,0,0,0,0,0,0,3,1,-1,6,2,33,6,-1,-1,-1,-1,4,E01008796,0,2
2024010489104,2024,010489104,2,1,0,18,19,7,3,0,0,8,0,0,0,0,1,1,6,6,1,36,7,-1,-1,-1,-1,6,E01004658,0,1
2024340WN6342,2024,340WN6342,2,9,0,-1,19,3,7,-1,0,8,0,0,0,0,3,1,-1,9,1,27,6,-1,-1,-1,-1,7,E01027221,0,3
2024101466809,2024,101466809,1,19,-1,-1,-1,8,2,-1,-1,-1,-1,-1,-1,0,-1,9,-1,6,3,-1,-1,-1,-1,-1,-1,-1,-1,0,-1
2024471459010,2024,471459010,2,1,0,-1,19,7,3,-1,0,0,0,8,0,0,1,1,-1,6,1,58,9,-1,-1,-1,-1,5,E01021121,0,2
2024332400880,2024,332400880,1,11,0,-1,5,5,1,-1,2,1,0,0,0,0,3,1,-1,1,1,35,6,-1,-1,-1,-1,2,E01013760,0,1
2024302400025,2024,302400025,1,9,0,18,19,1,5,0,0,0,0,0,0,0,4,1,6,6,3,-1,-1,-1,-1,-1,-1,5,E01019456,0,4
2024131496144,2024,131496144,2,1,0,-1,19,7,3,-1,0,0,5,0,0,0,4,1,-1,6,1,35,6,-1,-1,-1,-1,10,E01011411,0,1
2024421512637,2024,421512637,1,9,4,-1,7,-1,-1,-1,0,3,1,0,0,0,1,1,-1,6,3,-1,-1,-1,-1,-1,-1,-1,-1,0,-1
2024010509995,2024,010509995,1,1,9,99,99,9,9,99,99,9,9,99,9,99,9,1,1,1,1,49,8,-1,-1,-1,-1,-1,-1,0,-1
2024010547547,2024,010547547,1,1,0,18,19,6,2,0,0,1,1,0,0,0,4,1,1,1,1,27,6,-1,-1,-1,-1,6,E01004021,0,1
2024010543772,2024,010543772,2,9,0,99,99,9,9,99,99,9,9,99,9,99,1,9,6,6,3,-1,-1,-1,-1,-1,-1,-1,-1,0,-1
2024421514899,2024,421514899,3,9,0,-1,4,6,2,-1,0,0,0,0,0,0,2,1,-1,9,1,66,10,-1,-1,-1,-1,8,E01004352,0,2
2024061443821,2024,061443821,1,98,0,-1,19,5,1,-1,0,1,0,0,0,0,4,1,-1,2,1,39,7,-1,-1,-1,-1,3,E01005712,0,2
2024361433326,2024,361433326,1,9,0,-1,5,7,3,-1,0,0,0,0,0,0,4,1,-1,9,2,42,7,-1,-1,-1,-1,1,E01026595,0,1
2024010510639,2024,010510639,1,9,0,7,7,7,2,0,0,1,0,0,0,0,1,1,6,6,3,-1,-1,-1,-1,-1,-1,-1,-1,0,-1
2024031468898,2024,031468898,1,9,0,-1,19,5,2,-1,0,0,0,0,0,0,1,1,-1,9,2,47,8,-1,-1,-1,-1,-1,-1,0,-1
2024311545555,2024,311545555,3,9,0,-1,19,6,6,-1,0,0,0,0,0,0,2,1,-1,1,1,57,9,-1,-1,-1,-1,4,E01027933,0,2
2024201482162,2024,201482162,2,9,0,-1,19,6,2,-1,0,0,0,0,0,0,3,9,-1,1,1,42,7,-1,-1,-1,-1,8,E01029713,0,4
2024061432489,2024,061432489,1,1,0,-1,14,-1,-1,-1,0,8,0,0,0,0,1,1,-1,2,1,53,8,-1,-1,-1,-1,2,E01005438,0,1
2024010514636,2024,010514636,2,9,0,99,99,9,9,99,99,9,9,99,9,99,9,9,6,6,3,23,5,-1,-1,-1,-1,-1,-1,0,-1
2024061507690,2024,061507690,2,9,0,-1,9,-1,-1,-1,0,6,0,99,0,0,1,1,-1,6,3,-1,-1,-1,-1,-1,-1,-1,-1,0,-1
2024201520658,2024,201520658,1,9,0,-1,7,5,1,-1,0,6,0,0,0,0,1,9,-1,6,3,-1,-1,-1,-1,-1,-1,-1,-1,0,-1
2024010529115,2024,010529115,2,9,0,99,99,9,9,99,99,9,9,99,9,99,9,9,6,6,3,-1,-1,-1,-1,-1,-1,-1,-1,0,-1
2024010520195,2024,010520195,1,9,0,18,19,1,5,0,0,8,0,0,0,0,1,1,6,6,3,-1,-1,-1,-1,-1,-1,-1,-1,0,-1
2024520401327,2024,520401327,1,9,0,5,5,2,6,0,0,6,0,0,0,0,1,1,6,6,1,32,6,-1,-1,-1,-1,5,E01031889,0,4
2024401432464,2024,401432464,1,2,0,-1,19,1,7,-1,0,0,0,0,0,0,4,1,-1,6,1,16,4,-1,-1,-1,-1,5,E01015786,0,1
2024010542582,2024,010542582,2,90,0,99,99,9,9,99,99,9,9,99,9,99,9,9,6,6,3,-1,-1,-1,-1,-1,-1,-1,-1,0,-1
2024010495353,2024,010495353,2,1,0,18,19,7,3,0,0,0,0,0,0,0,1,1,6,6,1,38,7,-1,-1,-1,-1,10,E01004705,0,1
2024302401599,2024,302401599,2,1,0,18,19,1,5,0,0,0,0,0,0,0,4,1,6,6,1,12,3,-1,-1,-1,-1,-1,-1,0,-1
2024010549979,2024,010549979,1,9,0,9,9,5,2,0,0,8,0,0,0,0,1,1,6,6,1,35,6,-1,-1,-1,-1,5,E01002240,0,2
2024520500318,2024,520500318,2,9,0,13,13,3,7,0,0,0,0,0,0,0,4,9,6,6,3,-1,-1,-1,-1,-1,-1,-1,-1,0,-1
2024131448127,2024,131448127,3,9,0,-1,19,7,3,-1,0,0,0,0,0,0,2,1,-1,9,2,36,7,-1,-1,-1,-1,5,E01010934,0,1
202454E461524,2024,54E461524,1,9,0,18,19,2,6,0,0,0,0,11,0,0,1,1,6,6,1,72,10,-1,-1,-1,-1,6,E01022927,0,4
2024161451622,2024,161451622,1,1,0,-1,19,7,3,-1,0,2,0,0,0,0,3,1,-1,1,1,36,7,-1,-1,-1,-1,2,E01012872,0,1
2024501518335,2024,501518335,1,9,-1,-1,19,-1,-1,-1,0,0,0,0,0,0,3,9,-1,6,3,-1,-1,-1,-1,-1,-1,-1,-1,0,-1
2024010524127,2024,010524127,2,1,0,18,19,1,5,0,0,1,1,0,0,0,1,1,6,6,1,75,10,-1,-1,-1,-1,7,E01000711,0,1
2024461531624,2024,461531624,1,1,0,-1,19,1,5,-1,0,0,5,0,0,0,1,1,-1,2,1,37,7,-1,-1,-1,-1,2,E01024646,0,1
2024131467887,2024,131467887,2,9,0,-1,19,7,3,-1,0,0,0,0,0,0,1,1,-1,9,2,31,6,-1,-1,-1,-1,8,E01011929,0,1
2024311505527,2024,311505527,2,9,0,-1,2,0,0,-1,0,0,1,4,0,0,4,1,-1,6,1,-1,-1,-1,-1,-1,-1,6,E01028175,0,1
2024010526894,2024,010526894,2,1,0,18,19,1,5,0,0,1,0,0,0,0,1,1,6,6,1,43,7,-1,-1,-1,-1,9,E01031662,0,4
2024010544000,2024,010544000,3,9,0,14,14,1,5,0,0,1,0,0,0,0,3,1,6,6,3,-1,-1,-1,-1,-1,-1,-1,-1,0,-1
2024131517055,2024,131517055,2,1,0,-1,19,1,3,-1,0,8,0,0,0,0,1,1,-1,6,1,27,6,-1,-1,-1,-1,3,E01011319,0,1
2024991575253,2024,991575253,2,9,0,-1,19,1,5,-1,0,0,1,0,1,4,1,1,-1,2,1,33,6,-1,-1,-1,-1,6,-1,0,4
2024501528312,2024,501528312,3,9,0,-1,19,7,3,-1,0,0,0,0,0,0,2,1,-1,1,1,30,6,-1,-1,-1,-1,1,E01020094,0,4
2024430034106,2024,430034106,2,19,0,2,2,2,5,0,0,8,0,0,1,0,2,1,1,1,1,36,7,-1,-1,-1,-1,10,E01028637,0,1
2024010534070,2024,010534070,1,1,9,99,99,9,9,99,99,9,9,99,9,99,2,1,6,6,1,31,6,-1,-1,-1,-1,4,E01003529,0,1
2024010496395,2024,010496395,2,9,0,9,9,3,1,0,0,6,0,0,0,0,1,1,6,6,2,53,8,-1,-1,-1,-1,9,E01001416,0,1
2024010526563,2024,010526563,1,1,9,99,99,9,9,99,99,9,9,99,9,99,9,1,6,6,1,28,6,-1,-1,-1,-1,6,E01001872,0,1
2024141406555,2024,141406555,1,9,0,-1,19,2,6,-1,0,2,0,0,0,0,1,1,-1,6,3,-1,-1,-1,-1,-1,-1,-1,-1,0,-1
2024201409689,2024,201409689,2,99,0,-1,9,2,8,-1,0,5,0,0,0,0,1,9,-1,6,3,-1,-1,-1,-1,-1,-1,-1,-1,0,-1
2024010519714,2024,010519714,1,1,9,99,99,9,9,99,99,9,9,99,9,99,9,1,2,2,2,31,6,-1,-1,-1,-1,2,E01002716,0,1
2024430226930,2024,430226930,2,8,0,18,19,7,4,0,0,8,0,0,0,0,1,1,1,1,1,46,8,-1,-1,-1,-1,6,E01017858,0,3
2024522402244,2024,522402244,1,9,0,17,19,1,7,0,0,8,0,0,0,0,3,1,1,1,1,53,8,-1,-1,-1,-1,1,E01014585,0,1
2024010491460,2024,010491460,1,9,0,5,5,5,1,0,0,0,0,0,0,0,1,1,6,6,1,34,6,-1,-1,-1,-1,3,E01001325,0,4
2024052401511,2024,052401511,1,9,0,18,19,3,7,0,0,0,0,0,0,0,1,1,6,6,3,-1,-1,-1,-1,-1,-1,-1,-1,0,-1
2024052401149,2024,052401149,1,9,0,18,19,3,7,0,0,1,0,0,0,0,1,1,6,6,1,87,11,-1,-1,-1,-1,6,E01025495,0,1
2024010525299,2024,010525299,2,1,0,18,19,3,7,0,0,1,0,0,0,0,1,1,6,6,1,22,5,-1,-1,-1,-1,3,E01002725,0,1
2024010497591,2024,010497591,1,4,0,13,13,5,1,0,0,1,2,0,9,0,0,1,2,2,1,36,7,-1,-1,-1,-1,3,E01001166,0,2
2024451461897,2024,451461897,2,90,0,-1,19,6,3,-1,0,1,0,0,0,0,3,1,-1,9,2,53,8,-1,-1,-1,-1,10,E01030418,0,1
2024320344558,2024,320344558,1,9,0,-1,-1,8,4,0,0,0,0,0,0,0,4,1,6,6,1,-1,-1,-1,-1,-1,-1,-1,-1,0,-1
2024131416199,2024,131416199,2,-1,0,-1,19,1,1,-1,4,1,0,0,0,0,4,1,-1,6,1,23,5,-1,-1,-1,-1,2,E01011334,1,1
2024311401080,2024,311401080,2,22,0,-1,19,4,7,-1,0,0,0,0,0,0,3,1,-1,6,2,58,9,-1,-1,-1,-1,1,E01027956,0,1
2024010519662,2024,010519662,2,1,0,5,5,1,5,0,0,1,0,0,0,0,3,1,2,2,1,31,6,-1,-1,-1,-1,9,E01035290,0,4
2024302401020,2024,302401020,2,1,0,18,19,7,3,0,0,8,0,0,0,0,1,1,6,6,1,13,3,-1,-1,-1,-1,1,E01013586,0,1
2024451526186,2024,451526186,1,1,0,-1,7,5,1,-1,0,3,0,0,1,0,4,1,-1,6,2,42,7,-1,-1,-1,-1,9,E01030976,0,1
2024471471850,2024,471471850,1,9,0,-1,19,-1,-1,-1,0,1,0,0,0,0,1,9,-1,6,3,-1,-1,-1,-1,-1,-1,-1,-1,0,-1
2024302401744,2024,302401744,1,9,0,-1,19,4,8,-1,0,0,0,0,0,0,1,1,-1,6,3,-1,-1,-1,-1,-1,-1,-1,-1,0,-1
2024302400118,2024,302400118,2,9,0,16,19,6,2,0,0,2,0,0,0,0,1,1,6,6,1,78,11,-1,-1,-1,-1,9,E01019671,0,1
2024552401036,2024,552401036,1,9,0,13,13,8,4,0,0,1,0,0,0,0,4,1,6,6,3,-1,-1,-1,-1,-1,-1,-1,-1,0,-1
2024061485071,2024,061485071,2,1,0,-1,19,3,7,-1,0,1,5,0,0,0,4,1,-1,2,1,22,5,-1,-1,-1,-1,2,E01005200,0,2
202417S113824,2024,17S113824,1,9,0,-1,9,1,4,-1,2,2,0,0,0,0,1,1,-1,6,3,-1,-1,-1,-1,-1,-1,-1,-1,0,-1
2024461483686,2024,461483686,2,1,0,-1,19,4,8,-1,0,8,1,0,0,0,3,1,-1,6,1,28,6,-1,-1,-1,-1,6,E01000376,0,2
2024201483903,2024,201483903,1,9,0,-1,7,7,1,-1,0,0,0,0,0,0,1,1,-1,6,3,-1,-1,-1,-1,-1,-1,-1,-1,0,-1
2024101448342,2024,101448342,2,1,0,-1,19,6,2,-1,0,8,5,0,0,0,2,1,-1,6,1,33,6,-1,-1,-1,-1,1,E01008667,0,1
2024201467426,2024,201467426,2,1,0,-1,19,1,5,-1,0,0,0,0,0,0,0,1,-1,6,1,12,3,-1,-1,-1,-1,1,E01009133,0,1
2024461453634,2024,461453634,1,9,0,-1,19,3,7,-1,0,0,0,0,0,0,0,1,-1,6,3,-1,-1,-1,-1,-1,-1,-1,-1,0,-1
2024010546574,2024,010546574,2,1,0,18,19,1,5,0,0,8,0,0,0,0,1,1,6,6,1,15,3,-1,-1,-1,-1,5,E01004388,0,1
2024421442754,2024,421442754,3,9,0,-1,4,3,7,-1,0,0,0,0,0,0,3,1,-1,6,2,58,9,-1,-1,-1,-1,8,E01021538,0,1
2024201410791,2024,201410791,1,1,0,-1,19,6,2,-1,0,1,0,0,0,0,1,1,-1,6,2,48,8,-1,-1,-1,-1,7,E01010498,0,1
2024520401809,2024,520401809,2,9,0,18,19,2,6,0,0,8,0,0,1,0,3,1,6,6,2,64,9,-1,-1,-1,-1,7,E01014472,0,2
2024010494306,2024,010494306,1,19,0,9,9,1,6,0,0,1,0,0,0,0,1,1,1,1,1,59,9,-1,-1,-1,-1,3,E01001177,0,3
2024161523756,2024,161523756,2,17,4,-1,7,1,1,-1,0,0,0,0,0,0,2,9,-1,6,3,-1,-1,-1,-1,-1,-1,-1,-1,0,-1
202417S106824,2024,17S106824,1,8,0,-1,19,2,6,-1,0,1,0,0,0,0,3,1,-1,1,1,-1,-1,-1,-1,-1,-1,-1,-1,0,-1
2024010495722,2024,010495722,2,9,0,5,5,3,7,0,0,1,0,0,0,0,0,1,6,6,3,24,5,-1,-1,-1,-1,-1,-1,0,-1
2024061506475,2024,061506475,2,1,-1,-1,19,4,1,-1,0,0,0,0,0,0,4,1,-1,6,1,75,10,-1,-1,-1,-1,9,E01005860,0,1
2024501394538,2024,501394538,2,9,-1,-1,1,7,4,-1,0,0,0,0,0,0,2,1,-1,6,3,-1,-1,-1,-1,-1,-1,-1,-1,0,-1
2024131411323,2024,131411323,1,97,0,-1,4,1,5,-1,0,1,0,0,0,0,-1,1,-1,6,1,22,5,-1,-1,-1,-1,1,E01011790,0,1
2024010492405,2024,010492405,1,1,9,99,99,9,9,99,99,9,9,99,9,99,1,1,2,2,1,54,8,-1,-1,-1,-1,5,E01002640,0,1
2024010495729,2024,010495729,2,1,9,99,99,9,9,99,99,9,9,99,9,99,0,1,1,1,3,-1,-1,-1,-1,-1,-1,-1,-1,0,-1
2024010534075,2024,010534075,1,1,0,5,5,3,7,0,0,1,5,0,0,0,1,1,6,6,1,31,6,-1,-1,-1,-1,6,E01004658,0,1
2024302400691,2024,302400691,5,9,0,2,2,0,0,0,0,1,0,0,0,0,4,1,6,6,3,-1,-1,-1,-1,-1,-1,-1,-1,0,-1
2024430536138,2024,430536138,1,9,0,7,7,3,5,0,0,5,0,0,0,0,4,1,6,6,1,-1,-1,-1,-1,-1,-1,10,E01030559,0,4
2024421425623,2024,421425623,1,-1,-1,-1,-1,-1,-1,-1,-1,0,-1,-1,-1,0,-1,9,-1,6,3,-1,-1,-1,-1,-1,-1,-1,-1,1,-1
2024010536551,2024,010536551,1,1,9,99,99,9,9,99,99,0,9,99,9,99,1,1,2,2,1,50,8,-1,-1,-1,-1,10,E01003835,0,1
2024010531035,2024,010531035,1,1,9,99,99,9,9,99,99,9,9,99,9,99,2,1,6,6,2,28,6,-1,-1,-1,-1,6,E01000825,0,1
2024010545608,2024,010545608,1,9,0,99,99,9,9,99,99,9,9,99,9,99,9,9,6,6,2,-1,-1,-1,-1,-1,-1,3,E01003162,0,1
2024010520324,2024,010520324,2,5,0,15,15,8,4,0,0,1,0,0,0,0,3,1,6,6,1,53,8,-1,-1,-1,-1,4,E01003731,0,2
2024332400324,2024,332400324,1,4,0,-1,19,3,7,-1,0,3,0,0,0,0,1,1,-1,6,3,-1,-1,-1,-1,-1,-1,-1,-1,0,-1
2024010492720,2024,010492720,1,9,0,5,5,7,3,0,0,8,0,0,0,0,1,1,6,6,1,53,8,-1,-1,-1,-1,3,E01002049,0,1
2024201520325,2024,201520325,2,1,0,-1,19,5,1,-1,0,0,0,0,0,0,4,1,-1,2,1,38,7,-1,-1,-1,-1,5,E01009432,0,2
2024010488432,2024,010488432,1,19,0,18,19,7,3,0,0,8,0,0,0,0,1,1,1,1,1,34,6,-1,-1,-1,-1,8,E01000447,0,3
2024201579927,2024,201579927,1,9,0,-1,19,5,1,-1,0,2,0,0,0,0,1,1,-1,6,-1,-1,-1,-1,-1,-1,-1,-1,-1,0,-1
2024010495547,2024,010495547,1,3,0,99,99,9,9,99,99,9,9,99,9,99,1,1,6,6,1,27,6,-1,-1,-1,-1,5,E01002970,0,1
2024141408654,2024,141408654,2,97,0,-1,19,7,3,-1,0,8,0,0,0,0,1,1,-1,9,1,41,7,-1,-1,-1,-1,4,E01008031,0,2
2024010525483,2024,010525483,2,1,0,5,5,1,5,0,0,2,0,4,0,0,1,1,1,1,1,31,6,-1,-1,-1,-1,6,E01003173,0,1
2024010534533,2024,010534533,2,1,0,18,19,5,1,0,0,1,0,10,1,0,4,1,1,1,1,36,7,-1,-1,-1,-1,9,E01035489,0,1
2024101531527,2024,101531527,3,9,0,-1,19,5,1,-1,0,0,0,0,0,0,1,9,-1,6,3,-1,-1,-1,-1,-1,-1,-1,-1,0,-1
2024430445851,2024,430445851,2,9,0,4,4,3,7,0,0,3,0,0,0,0,2,1,6,6,1,-1,-1,-1,-1,-1,-1,-1,-1,0,-1
2024430131744,2024,430131744,1,9,0,9,9,4,2,0,0,8,0,0,0,0,4,1,1,1,1,31,6,-1,-1,-1,-1,5,E01002529,0,1
2024991439006,2024,991439006,1,9,0,-1,19,6,2,-1,0,0,0,0,0,0,1,1,-1,1,1,40,7,-1,-1,-1,-1,2,-1,0,4
2024461474460,2024,461474460,1,19,0,-1,1,3,7,-1,0,6,0,0,0,0,2,1,-1,2,1,38,7,-1,-1,-1,-1,2,E01024277,0,1
2024010497126,2024,010497126,1,4,0,99,99,9,9,99,99,9,9,99,9,99,9,1,1,1,1,34,6,-1,-1,-1,-1,2,E01003502,0,2
2024010539886,2024,010539886,2,1,0,5,5,1,5,0,0,1,0,0,1,0,3,1,6,6,1,46,8,-1,-1,-1,-1,6,E01002022,0,1
2024430321342,2024,430321342,2,1,0,18,19,7,3,4,4,1,0,0,0,0,1,1,6,6,2,46,8,-1,-1,-1,-1,10,E01028626,0,3
2024531477943,2024,531477943,2,1,0,-1,19,6,2,-1,0,8,0,0,0,0,1,1,-1,9,1,61,9,-1,-1,-1,-1,6,E01022201,0,1
2024131412044,2024,131412044,1,98,0,-1,-1,-1,-1,-1,-1,0,-1,-1,-1,-1,-1,1,-1,6,3,-1,-1,-1,-1,-1,-1,-1,-1,0,-1
2024111457802,2024,111457802,1,1,0,-1,19,5,1,-1,0,0,0,0,0,0,1,1,-1,9,1,13,3,-1,-1,-1,-1,4,E01020891,0,2
2024010491925,2024,010491925,1,9,0,99,99,9,9,99,99,9,9,99,9,99,3,9,2,2,2,21,5,-1,-1,-1,-1,9,E01002462,0,1
2024231510881,2024,231510881,1,19,0,-1,13,6,2,-1,0,0,0,0,0,0,3,9,-1,6,3,40,7,-1,-1,-1,-1,-1,-1,0,-1
2024070060828,2024,070060828,1,1,0,18,19,2,6,0,0,8,0,0,0,0,1,1,6,6,1,13,3,-1,-1,-1,-1,-1,-1,0,-1
2024010532822,2024,010532822,1,98,0,99,99,9,9,99,99,9,9,99,9,99,9,9,6,6,3,-1,-1,-1,-1,-1,-1,-1,-1,0,-1
2024010545938,2024,010545938,1,1,9,99,99,9,9,99,99,9,9,99,9,99,1,1,6,6,3,-1,-1,-1,-1,-1,-1,-1,-1,0,-1
2024320586463,2024,320586463,1,9,0,-1,-1,3,7,0,0,0,0,0,7,0,1,1,-1,-1,2,25,5,-1,-1,-1,-1,4,E01026067,0,3
2024211518221,2024,211518221,1,9,0,-1,19,7,4,-1,0,0,1,0,7,0,1,1,-1,6,1,37,7,-1,-1,-1,-1,8,E01029688,0,1
2024461433320,2024,461433320,2,1,0,-1,19,4,8,-1,0,1,0,0,0,0,1,1,-1,9,1,19,4,-1,-1,-1,-1,7,E01024547,0,3
2024101447136,2024,101447136,1,9,0,-1,1,3,7,-1,0,0,0,0,0,0,2,9,-1,6,3,-1,-1,-1,-1,-1,-1,-1,-1,0,-1
2024010538964,2024,010538964,1,9,0,18,19,7,3,0,0,1,0,0,0,0,1,1,6,6,1,38,7,-1,-1,-1,-1,3,E01003533,0,2