collision_index,collision_year,collision_ref_no,vehicle_reference,vehicle_type,towing_and_articulation,vehicle_manoeuvre_historic,vehicle_manoeuvre,vehicle_direction_from,vehicle_direction_to,vehicle_location_restricted_lane_historic,vehicle_location_restricted_lane,junction_location,skidding_and_overturning,hit_object_in_carriageway,vehicle_leaving_carriageway,hit_object_off_carriageway,first_point_of_impact,vehicle_left_hand_drive,journey_purpose_of_driver_historic,journey_purpose_of_driver,sex_of_driver,age_of_driver,age_band_of_driver,engine_capacity_cc,propulsion_code,age_of_vehicle,generic_make_model,driver_imd_decile,lsoa_of_driver,escooter_flag,driver_distance_banding
2024461459052,2024,461459052,2,9,0,-1,19,5,1,-1,0,1,0,0,0,0,1,1,-1,9,2,59,9,-1,-1,-1,-1,10,E01024426,0,1
2024430291268,2024,430291268,1,1,0,18,19,4,8,0,0,0,0,10,0,0,1,1,6,6,1,69,10,-1,-1,-1,-1,5,E01016771,0,1
2024010494180,2024,010494180,1,9,0,99,99,9,9,99,99,9,9,99,9,99,9,9,6,6,2,40,7,-1,-1,-1,-1,1,E01002034,0,1
2024541257024,2024,541257024,2,1,0,9,9,4,2,0,0,8,0,0,0,0,4,1,6,6,1,57,9,-1,-1,-1,-1,8,E01034528,0,2
2024052400206,2024,052400206,2,1,0,18,19,2,6,0,0,0,0,0,0,0,1,1,1,1,1,40,7,-1,-1,-1,-1,1,E01006761,0,1
2024320165969,2024,320165969,2,1,0,3,3,4,8,0,0,1,0,0,0,0,3,1,6,6,1,33,6,-1,-1,-1,-1,5,E01026373,0,1
2024622400123,2024,622400123,2,1,0,18,19,2,8,0,0,1,0,0,0,0,1,1,6,6,1,21,5,-1,-1,-1,-1,7,E01031938,0,4
2024122400327,2024,122400327,1,9,0,18,19,3,7,0,0,0,0,0,0,0,2,1,1,1,1,45,7,-1,-1,-1,-1,6,E01027720,0,1
2024010502232,2024,010502232,2,1,0,5,5,5,1,0,0,1,0,0,0,0,3,1,2,2,1,30,6,-1,-1,-1,-1,5,E01001718,0,1
2024552400763,2024,552400763,1,9,0,18,19,5,1,0,0,8,0,0,0,0,1,1,6,6,3,-1,-1,-1,-1,-1,-1,-1,-1,0,-1
2024411427943,2024,411427943,2,9,0,-1,9,5,3,-1,0,1,0,0,0,0,1,1,-1,9,2,64,9,-1,-1,-1,-1,10,E01002149,0,1
2024010502495,2024,010502495,1,1,9,99,99,9,9,99,99,1,9,99,9,99,1,1,6,6,1,35,6,-1,-1,-1,-1,4,E01000257,0,1
2024531480293,2024,531480293,1,90,0,-1,1,6,2,-1,0,0,5,0,7,0,3,1,-1,1,1,38,7,-1,-1,-1,-1,6,E01035107,0,4
2024010502520,2024,010502520,1,9,0,18,19,5,1,0,0,0,0,0,0,0,1,1,1,1,1,27,6,-1,-1,-1,-1,2,E01003324,0,1
2024010490740,2024,010490740,2,9,0,99,99,9,9,99,99,9,9,99,9,99,1,9,6,6,1,-1,-1,-1,-1,-1,-1,9,E01031004,0,3
2024010503073,2024,010503073,2,9,0,99,99,9,9,99,99,9,9,99,9,99,1,9,6,6,3,-1,-1,-1,-1,-1,-1,-1,-1,0,-1
2024070137849,2024,070137849,2,9,0,18,19,3,7,0,0,0,0,0,0,0,2,1,6,6,1,59,9,-1,-1,-1,-1,7,E01024921,0,4
2024010516969,2024,010516969,2,1,0,5,5,3,7,0,0,0,2,8,0,0,1,1,6,6,1,47,8,-1,-1,-1,-1,3,E01001806,0,2
2024010496769,2024,010496769,2,1,0,18,19,1,5,0,0,2,0,0,0,0,2,1,6,6,1,24,5,-1,-1,-1,-1,3,E01002028,0,2
2024070453957,2024,070453957,2,1,0,18,19,1,5,0,0,8,0,0,0,0,3,1,6,6,1,54,8,-1,-1,-1,-1,9,E01018365,0,3
2024361474679,2024,361474679,2,20,0,-1,19,2,7,-1,0,0,0,0,0,0,1,1,-1,9,1,73,10,-1,-1,-1,-1,9,E01026342,0,4
2024541250724,2024,541250724,1,9,0,18,19,8,4,0,0,1,0,0,0,0,0,1,6,6,3,-1,-1,-1,-1,-1,-1,-1,-1,0,-1
2024302400299,2024,302400299,1,9,0,18,19,1,5,0,0,1,0,0,0,0,1,1,6,6,3,-1,-1,-1,-1,-1,-1,5,E01019456,0,4
2024430498509,2024,430498509,3,9,0,2,2,0,0,0,0,2,0,0,0,0,2,1,6,6,3,-1,-1,-1,-1,-1,-1,-1,-1,0,-1
2024451518817,2024,451518817,2,9,0,-1,4,3,7,-1,0,0,0,0,0,0,2,1,-1,9,2,53,8,-1,-1,-1,-1,5,E01030974,0,3
2024070534821,2024,070534821,1,9,0,18,19,3,7,9,9,1,5,0,3,9,1,1,2,2,1,57,9,-1,-1,-1,-1,-1,-1,0,-1
2024461470674,2024,461470674,1,1,0,-1,7,5,7,-1,5,8,1,0,0,0,1,1,-1,6,1,-1,-1,-1,-1,-1,-1,-1,-1,0,-1
2024041423806,2024,041423806,3,9,0,-1,19,5,1,-1,0,0,0,0,0,0,1,1,-1,9,1,36,7,-1,-1,-1,-1,2,E01007249,0,4
2024401462703,2024,401462703,2,9,0,-1,7,5,8,-1,0,6,0,0,0,0,2,1,-1,6,1,37,7,-1,-1,-1,-1,8,E01015707,0,1
2024010515582,2024,010515582,1,9,0,15,15,5,1,0,0,1,0,0,0,0,4,1,6,6,3,54,8,-1,-1,-1,-1,-1,-1,0,-1
2024461470273,2024,461470273,4,9,0,-1,2,0,0,-1,0,2,0,0,0,0,4,1,-1,6,-1,-1,-1,-1,-1,-1,-1,-1,-1,0,-1
2024361499244,2024,361499244,1,22,0,-1,-1,-1,-1,-1,-1,0,-1,-1,-1,0,-1,1,-1,6,1,81,11,-1,-1,-1,-1,9,E01026503,0,1
2024052401801,2024,052401801,1,19,0,18,19,4,8,0,0,0,0,0,0,0,4,1,6,6,3,-1,-1,-1,-1,-1,-1,-1,-1,0,-1
2024440478504,2024,440478504,2,1,0,18,19,1,5,0,0,1,0,0,0,0,1,1,6,6,1,17,4,-1,-1,-1,-1,9,E01023275,0,3
2024010490299,2024,010490299,2,1,0,15,15,1,5,0,0,1,0,8,0,0,1,1,1,1,1,29,6,-1,-1,-1,-1,-1,-1,0,-1
2024161441709,2024,161441709,2,1,0,-1,19,6,2,-1,0,1,0,0,0,0,3,1,-1,6,1,56,9,-1,-1,-1,-1,4,E01012820,0,1
2024131459372,2024,131459372,2,19,0,-1,4,1,5,-1,0,0,0,0,0,0,2,1,-1,1,1,38,7,-1,-1,-1,-1,1,E01011475,0,1
2024010529151,2024,010529151,1,1,9,18,19,9,9,99,99,0,9,99,9,99,1,1,2,2,1,33,6,-1,-1,-1,-1,4,E01003180,0,1
2024052401024,2024,052401024,2,23,0,18,19,6,2,0,0,1,0,0,0,0,0,1,6,6,1,16,4,-1,-1,-1,-1,1,E01006779,0,1
2024501455861,2024,501455861,1,11,0,-1,3,5,1,-1,0,0,0,0,0,0,2,1,-1,1,1,28,6,-1,-1,-1,-1,5,E01018900,0,1
2024340WN0852,2024,340WN0852,1,9,0,-1,19,8,4,-1,0,0,0,0,0,0,1,1,-1,9,1,71,10,-1,-1,-1,-1,8,E01027004,0,1
2024411489493,2024,411489493,2,1,-1,-1,-1,-1,-1,-1,-1,-1,-1,-1,-1,0,1,1,-1,2,1,25,5,-1,-1,-1,-1,7,E01023719,0,1
2024061416577,2024,061416577,2,9,0,-1,19,4,1,-1,0,3,0,0,0,0,2,1,-1,9,1,51,8,-1,-1,-1,-1,1,E01006050,0,1
2024552400968,2024,552400968,2,1,0,18,19,4,8,9,9,8,0,0,0,0,0,1,4,7,1,11,3,-1,-1,-1,-1,9,E01020400,0,1
2024622400410,2024,622400410,1,1,0,17,19,8,4,0,0,1,0,0,0,0,2,1,6,6,1,32,6,-1,-1,-1,-1,2,W01001695,0,1
2024052402142,2024,052402142,2,2,0,2,2,0,0,0,0,0,0,0,0,0,2,1,6,6,3,-1,-1,-1,-1,-1,-1,-1,-1,0,-1
2024010528196,2024,010528196,1,1,9,99,99,9,9,99,99,9,9,99,9,99,1,1,6,6,2,29,6,-1,-1,-1,-1,2,E01003940,0,1
2024010509619,2024,010509619,1,1,9,99,99,9,9,99,99,1,9,99,9,99,9,1,2,2,1,36,7,-1,-1,-1,-1,5,E01000398,0,1
2024010529035,2024,010529035,2,1,0,18,19,1,5,0,0,1,0,0,0,0,3,1,6,6,1,24,5,-1,-1,-1,-1,-1,-1,0,-1
2024211416124,2024,211416124,1,9,0,-1,19,3,7,-1,0,1,0,0,0,0,4,1,-1,9,1,64,9,-1,-1,-1,-1,10,E01034051,0,1
2024010529946,2024,010529946,2,1,0,18,19,7,3,0,0,1,5,0,0,0,1,1,6,6,1,27,6,-1,-1,-1,-1,4,E01034185,0,3
2024440469757,2024,440469757,2,-1,0,18,19,5,1,0,0,0,0,0,0,0,3,1,6,6,2,18,4,-1,-1,-1,-1,3,E01022916,1,1
2024401466415,2024,401466415,1,11,-1,-1,19,1,5,-1,0,0,0,0,0,0,3,9,-1,6,3,-1,-1,-1,-1,-1,-1,-1,-1,0,-1
2024010503675,2024,010503675,2,97,0,99,99,9,9,99,99,9,9,99,9,99,9,9,6,6,3,-1,-1,-1,-1,-1,-1,2,E01001651,0,3
2024991441965,2024,991441965,2,1,0,-1,9,8,5,-1,0,8,0,0,0,0,4,1,-1,7,1,39,7,-1,-1,-1,-1,10,-1,0,1
2024010538458,2024,010538458,2,19,0,1,1,7,3,0,0,8,0,4,0,0,2,1,6,6,3,-1,-1,-1,-1,-1,-1,-1,-1,0,-1
2024010526211,2024,010526211,2,3,0,5,5,9,9,99,99,9,9,99,9,99,9,1,6,6,3,-1,-1,-1,-1,-1,-1,-1,-1,0,-1
2024161525871,2024,161525871,1,1,0,-1,5,1,5,-1,0,0,0,0,0,0,-1,1,-1,6,1,45,7,-1,-1,-1,-1,2,E01035482,0,1
2024122400322,2024,122400322,1,1,0,18,19,7,3,0,0,2,0,0,0,0,1,1,2,2,1,55,8,-1,-1,-1,-1,9,E01013368,0,1
2024041409102,2024,041409102,2,9,0,-1,2,0,0,-1,0,0,0,0,0,0,2,1,-1,6,-1,-1,-1,-1,-1,-1,-1,-1,-1,0,-1
2024411425235,2024,411425235,1,90,0,-1,19,8,5,-1,0,3,0,0,1,10,1,1,-1,6,3,-1,-1,-1,-1,-1,-1,-1,-1,0,-1
2024332400164,2024,332400164,1,9,0,-1,19,2,6,-1,0,0,0,0,0,0,1,1,-1,6,3,-1,-1,-1,-1,-1,-1,-1,-1,0,-1
2024101421077,2024,101421077,1,9,0,-1,19,3,7,-1,0,1,0,0,0,0,1,9,-1,6,3,-1,-1,-1,-1,-1,-1,-1,-1,0,-1
2024010551944,2024,010551944,1,9,0,99,99,9,9,0,0,9,0,0,9,99,1,9,6,6,3,-1,-1,-1,-1,-1,-1,-1,-1,0,-1
2024010514623,2024,010514623,2,11,0,99,99,9,9,99,99,9,9,99,9,99,9,9,6,6,3,-1,-1,-1,-1,-1,-1,9,E01003812,0,3
2024010489389,2024,010489389,1,9,0,99,99,9,9,0,0,9,0,0,0,0,9,9,6,6,1,-1,-1,-1,-1,-1,-1,2,E01003601,0,1
2024010535877,2024,010535877,1,1,0,18,19,5,1,0,0,1,0,0,9,99,9,1,6,6,1,17,4,-1,-1,-1,-1,5,E01003213,0,1
2024070639260,2024,070639260,2,1,0,18,19,1,5,5,5,0,0,0,0,0,1,1,6,6,1,15,3,-1,-1,-1,-1,9,E01034666,0,1
2024221429885,2024,221429885,2,1,0,-1,9,8,6,-1,0,5,0,0,0,0,1,1,-1,9,1,64,9,-1,-1,-1,-1,8,W01000403,0,1
2024010547472,2024,010547472,2,9,0,99,99,9,9,99,99,9,9,99,9,99,9,9,6,6,3,-1,-1,-1,-1,-1,-1,-1,-1,0,-1
2024010546685,2024,010546685,2,1,0,18,19,1,5,0,0,8,0,0,0,0,1,1,6,6,1,25,5,-1,-1,-1,-1,9,E01004115,0,1
2024401526242,2024,401526242,1,98,-1,-1,19,5,1,-1,0,0,0,0,0,0,4,9,-1,6,3,-1,-1,-1,-1,-1,-1,-1,-1,0,-1
2024010491452,2024,010491452,2,9,0,99,99,9,9,99,99,9,9,99,9,99,2,9,6,6,3,-1,-1,-1,-1,-1,-1,-1,-1,0,-1
2024131499758,2024,131499758,2,-1,0,-1,10,7,3,-1,0,4,0,0,0,0,2,1,-1,2,1,30,6,-1,-1,-1,-1,1,E01033697,1,1
2024010489603,2024,010489603,1,3,0,99,99,9,9,99,99,9,9,99,9,99,9,1,1,1,1,30,6,-1,-1,-1,-1,2,E01001487,0,2
2024052401659,2024,052401659,1,1,0,18,19,7,3,0,0,0,0,0,0,0,1,1,2,2,1,60,9,-1,-1,-1,-1,1,E01006455,0,2
2024430448581,2024,430448581,1,9,0,18,19,1,5,0,0,2,0,0,0,0,1,1,6,6,2,30,6,-1,-1,-1,-1,10,E01016246,0,1
2024131421259,2024,131421259,2,9,0,-1,19,5,1,-1,0,1,0,0,0,0,1,1,-1,6,1,34,6,-1,-1,-1,-1,1,E01011361,0,1
2024371525471,2024,371525471,1,9,0,-1,19,8,4,-1,0,0,0,0,0,0,1,9,-1,6,3,-1,-1,-1,-1,-1,-1,-1,-1,0,-1
2024552400356,2024,552400356,2,1,0,18,19,4,8,0,0,0,0,0,0,0,3,1,6,6,1,17,4,-1,-1,-1,-1,10,E01015458,0,1
2024440395046,2024,440395046,2,-1,0,18,19,8,4,0,0,0,0,0,0,0,1,1,6,6,1,-1,-1,-1,-1,-1,-1,-1,-1,1,-1
2024311483429,2024,311483429,2,1,0,-1,7,7,1,-1,0,8,0,0,0,0,1,1,-1,6,1,27,6,-1,-1,-1,-1,1,E01013947,0,1
2024411440816,2024,411440816,2,22,0,-1,19,1,3,-1,9,3,5,0,0,0,1,1,-1,6,1,88,11,-1,-1,-1,-1,5,E01023643,0,1
2024131394867,2024,131394867,1,3,0,-1,19,1,5,-1,0,0,0,0,0,0,1,1,-1,9,1,15,3,-1,-1,-1,-1,1,E01011492,0,1
2024052400966,2024,052400966,1,9,0,18,19,4,8,0,0,0,0,0,0,0,4,1,6,6,3,-1,-1,-1,-1,-1,-1,-1,-1,0,-1
2024070426323,2024,070426323,2,1,0,18,19,2,6,0,0,0,0,0,0,0,2,1,2,2,1,38,7,-1,-1,-1,-1,3,E01018629,0,2
2024991452413,2024,991452413,1,97,0,-1,19,8,5,-1,0,0,0,4,0,0,1,1,-1,6,1,51,8,-1,-1,-1,-1,-1,-1,0,-1
2024201504967,2024,201504967,1,9,0,-1,1,7,3,-1,9,1,0,0,0,0,2,1,-1,6,2,25,5,-1,-1,-1,-1,-1,-1,0,-1
2024010505573,2024,010505573,1,9,0,13,13,7,3,0,0,1,0,0,0,0,4,1,6,6,3,-1,-1,-1,-1,-1,-1,-1,-1,0,-1
2024010538930,2024,010538930,2,1,0,18,19,6,2,4,4,1,0,10,0,0,3,1,6,6,1,28,6,-1,-1,-1,-1,4,E01000919,0,1
2024552400251,2024,552400251,2,9,0,18,19,2,6,0,0,8,0,0,0,0,1,1,2,2,1,23,5,-1,-1,-1,-1,4,E01020427,0,2
2024141489890,2024,141489890,1,1,0,-1,5,3,7,-1,0,0,0,0,0,0,3,1,-1,9,1,62,9,-1,-1,-1,-1,9,E01007825,0,1
2024010496358,2024,010496358,2,9,0,99,99,9,9,99,99,0,9,99,9,99,9,9,6,6,3,-1,-1,-1,-1,-1,-1,9,E01000880,0,1
2024010495139,2024,010495139,2,9,0,99,99,9,9,99,99,9,9,99,9,99,9,9,6,6,3,-1,-1,-1,-1,-1,-1,-1,-1,0,-1
2024332400543,2024,332400543,1,9,0,-1,19,1,5,-1,0,0,0,0,7,0,1,1,-1,6,3,-1,-1,-1,-1,-1,-1,-1,-1,0,-1
2024010493444,2024,010493444,3,9,0,18,19,7,3,0,0,0,0,0,0,0,4,1,2,2,1,43,7,-1,-1,-1,-1,3,E01035695,0,3
2024010520361,2024,010520361,1,9,0,9,9,7,5,0,0,5,0,0,0,0,1,1,6,6,3,-1,-1,-1,-1,-1,-1,-1,-1,0,-1
2024010517577,2024,010517577,2,1,0,18,19,7,3,0,0,1,0,0,0,0,1,1,6,6,2,40,7,-1,-1,-1,-1,6,E01004616,0,1
2024161423520,2024,161423520,2,9,0,-1,9,1,7,-1,0,1,0,0,0,0,3,9,-1,6,2,60,9,-1,-1,-1,-1,3,E01013319,0,1
2024461460382,2024,461460382,2,9,0,-1,4,5,1,-1,0,0,0,0,0,0,3,1,-1,9,1,40,7,-1,-1,-1,-1,6,E01016057,0,1
2024501485077,2024,501485077,2,19,0,-1,4,1,5,-1,0,1,0,0,0,0,1,1,-1,9,1,36,7,-1,-1,-1,-1,2,E01027128,0,5
2024371471014,2024,371471014,2,9,0,-1,19,2,6,-1,0,1,0,0,0,0,1,1,-1,2,2,21,5,-1,-1,-1,-1,3,E01033128,0,1
2024010521579,2024,010521579,2,1,0,18,19,2,6,0,0,8,0,0,0,0,1,1,2,2,1,60,9,-1,-1,-1,-1,7,E01004143,0,3
2024430110683,2024,430110683,2,9,0,18,19,1,5,0,0,8,0,0,0,0,1,1,6,6,2,-1,-1,-1,-1,-1,-1,-1,-1,0,-1
2024070023785,2024,070023785,2,1,0,18,19,1,5,0,0,0,1,0,1,0,3,1,6,6,1,67,10,-1,-1,-1,-1,-1,-1,0,-1
2024451460519,2024,451460519,2,98,0,-1,19,3,1,-1,0,0,0,0,0,0,3,9,-1,6,3,52,8,-1,-1,-1,-1,-1,-1,0,-1
2024010494637,2024,010494637,1,9,0,18,19,5,1,0,0,8,0,0,0,0,4,1,1,1,1,33,6,-1,-1,-1,-1,5,E01003666,0,1
2024991490838,2024,991490838,1,5,0,-1,13,7,2,-1,0,0,2,0,7,0,3,1,-1,9,1,65,9,-1,-1,-1,-1,-1,-1,0,-1
2024061461404,2024,061461404,2,9,0,-1,9,7,5,-1,0,5,0,0,0,0,1,1,-1,9,1,55,8,-1,-1,-1,-1,10,E01006237,0,2
2024010491353,2024,010491353,3,1,0,9,9,8,5,0,0,1,0,0,0,0,3,1,6,6,1,33,6,-1,-1,-1,-1,3,E01003387,0,1
2024070654673,2024,070654673,2,1,0,13,13,4,2,0,0,4,0,0,0,0,4,1,6,6,1,33,6,-1,-1,-1,-1,1,E01012520,0,1
2024010523224,2024,010523224,2,1,0,9,9,7,4,0,0,0,0,0,0,0,3,1,6,6,1,40,7,-1,-1,-1,-1,3,E01004675,0,1
2024543459224,2024,543459224,1,1,0,4,4,4,8,9,9,0,0,0,0,0,4,1,4,7,1,12,3,-1,-1,-1,-1,9,E01015566,0,1
2024361533002,2024,361533002,2,1,0,-1,19,4,8,-1,0,0,5,0,0,0,3,1,-1,6,1,12,3,-1,-1,-1,-1,2,E01026633,0,1
2024421407397,2024,421407397,2,1,0,-1,19,8,4,-1,0,0,0,0,0,0,2,1,-1,6,1,15,3,-1,-1,-1,-1,3,E01022047,0,1
2024041416548,2024,041416548,1,9,0,-1,19,8,4,-1,0,1,0,0,0,0,-1,9,-1,6,3,-1,-1,-1,-1,-1,-1,-1,-1,0,-1
2024010489817,2024,010489817,1,9,0,99,99,9,9,99,99,9,9,99,9,99,2,9,6,6,2,62,9,-1,-1,-1,-1,10,E01016664,0,4
2024231524701,2024,231524701,1,1,0,-1,19,5,1,-1,0,8,0,0,0,0,4,1,-1,6,1,28,6,-1,-1,-1,-1,3,E01031172,0,1
2024311493802,2024,311493802,2,1,0,-1,7,4,6,-1,0,0,0,0,0,0,4,1,-1,6,1,40,7,-1,-1,-1,-1,9,E01028419,0,1
2024631476251,2024,631476251,2,9,0,-1,9,4,2,-1,0,5,0,0,0,0,1,1,-1,2,1,67,10,-1,-1,-1,-1,2,W01000604,0,2
2024122400274,2024,122400274,1,1,0,18,19,6,2,0,0,8,1,0,0,0,1,1,2,2,1,33,6,-1,-1,-1,-1,2,E01013448,0,1
2024141410641,2024,141410641,2,9,0,-1,15,4,8,-1,0,0,0,0,0,0,3,9,-1,6,3,-1,-1,-1,-1,-1,-1,-1,-1,0,-1
2024340WN3592,2024,340WN3592,1,9,0,-1,19,3,7,-1,0,8,0,0,0,0,4,1,-1,9,1,72,10,-1,-1,-1,-1,9,E01028206,0,4
2024991413043,2024,991413043,1,9,0,-1,4,7,3,-1,0,1,0,0,0,0,1,1,-1,6,2,-1,-1,-1,-1,-1,-1,-1,-1,0,-1
2024320305746,2024,320305746,2,9,0,-1,-1,8,4,0,0,0,0,0,0,0,3,1,6,6,2,51,8,-1,-1,-1,-1,10,E01026189,0,2
2024052401301,2024,052401301,1,-1,0,18,19,7,3,0,0,1,0,0,0,0,1,1,6,6,1,16,4,-1,-1,-1,-1,4,E01006502,1,1
2024041414682,2024,041414682,1,9,0,-1,9,6,4,-1,0,6,0,0,0,0,0,9,-1,6,3,-1,-1,-1,-1,-1,-1,-1,-1,0,-1
2024010490911,2024,010490911,1,1,9,99,99,9,9,99,99,9,9,99,9,99,2,1,2,2,2,37,7,-1,-1,-1,-1,5,E01002456,0,1
2024010549201,2024,010549201,2,1,0,4,4,7,3,0,0,1,0,0,0,0,1,1,1,1,1,24,5,-1,-1,-1,-1,3,E01033341,0,1
2024010547428,2024,010547428,2,9,0,99,99,9,9,99,99,9,9,99,9,99,1,9,6,6,3,-1,-1,-1,-1,-1,-1,-1,-1,0,-1
2024461394957,2024,461394957,1,9,0,-1,4,7,3,-1,0,4,0,0,0,0,1,1,-1,1,1,21,5,-1,-1,-1,-1,-1,-1,0,-1
2024101493086,2024,101493086,1,9,0,-1,9,2,7,-1,0,8,0,0,0,0,1,1,-1,2,1,54,8,-1,-1,-1,-1,3,E01008842,0,1
2024440191356,2024,440191356,2,-1,0,18,19,6,2,0,0,8,0,0,0,0,4,1,6,6,1,34,6,-1,-1,-1,-1,2,E01017266,1,1
2024991480298,2024,991480298,3,90,0,-1,19,7,3,-1,0,4,0,0,0,0,2,1,-1,1,1,24,5,-1,-1,-1,-1,4,-1,0,2
2024010526364,2024,010526364,1,1,0,18,19,1,5,0,0,0,0,0,0,0,1,1,6,6,1,21,5,-1,-1,-1,-1,2,E01004321,0,1
2024311476796,2024,311476796,1,9,0,-1,19,7,3,-1,0,0,0,0,0,0,1,9,-1,9,1,29,6,-1,-1,-1,-1,-1,-1,0,-1
2024320169943,2024,320169943,1,19,0,-1,-1,2,6,0,0,1,0,0,0,0,1,1,6,6,3,-1,-1,-1,-1,-1,-1,-1,-1,0,-1
2024361425729,2024,361425729,2,9,0,-1,9,5,3,-1,0,8,0,0,0,0,3,1,-1,9,1,59,9,-1,-1,-1,-1,9,E01026692,0,2
2024201489391,2024,201489391,2,1,0,-1,19,2,6,-1,4,8,0,0,0,0,1,1,-1,7,1,12,3,-1,-1,-1,-1,-1,-1,0,-1
2024340WN3622,2024,340WN3622,2,9,0,-1,19,2,6,-1,0,0,0,0,0,0,1,1,-1,1,1,27,6,-1,-1,-1,-1,2,E01035431,0,4
2024010521275,2024,010521275,2,1,0,18,19,1,5,0,0,0,0,0,0,0,1,1,6,6,1,35,6,-1,-1,-1,-1,6,E01000803,0,3
2024010521674,2024,010521674,1,1,9,99,99,9,9,99,99,1,9,99,9,99,1,1,6,6,1,42,7,-1,-1,-1,-1,3,E01004257,0,3
2024061415951,2024,061415951,1,1,0,-1,19,4,8,-1,0,0,0,0,0,0,1,1,-1,6,1,18,4,-1,-1,-1,-1,1,E01005290,0,1
2024471495523,2024,471495523,1,9,0,-1,19,7,3,-1,9,0,5,0,7,4,4,1,-1,9,1,18,4,-1,-1,-1,-1,1,E01021135,0,1
2024302500174,2024,302500174,2,1,0,-1,19,6,2,-1,0,8,0,0,0,0,3,1,-1,2,1,47,8,-1,-1,-1,-1,9,E01005908,0,1
2024010489305,2024,010489305,1,9,0,99,99,9,9,99,99,9,9,99,9,99,1,9,6,6,3,-1,-1,-1,-1,-1,-1,3,E01002056,0,1
2024991413354,2024,991413354,2,9,0,-1,3,2,5,-1,0,1,0,0,0,0,2,2,-1,6,1,56,9,-1,-1,-1,-1,3,-1,0,1
2024010535494,2024,010535494,2,1,0,18,19,5,1,0,0,2,5,0,0,0,1,1,2,2,1,36,7,-1,-1,-1,-1,3,E01002185,0,4
2024141490805,2024,141490805,1,9,0,-1,19,8,4,-1,0,1,0,0,0,0,1,9,-1,6,3,-1,-1,-1,-1,-1,-1,-1,-1,0,-1
2024471519741,2024,471519741,2,9,0,-1,6,3,3,-1,0,0,0,0,0,0,4,1,-1,6,3,-1,-1,-1,-1,-1,-1,-1,-1,0,-1
2024552400268,2024,552400268,1,9,0,7,7,5,8,9,9,0,0,0,7,3,1,1,2,2,1,22,5,-1,-1,-1,-1,1,E01015307,0,1
2024201536971,2024,201536971,1,19,0,-1,19,3,7,-1,9,0,1,10,1,0,1,1,-1,6,1,40,7,-1,-1,-1,-1,-1,-1,0,-1
2024211492305,2024,211492305,2,9,0,-1,19,7,3,-1,0,0,0,0,0,0,1,1,-1,6,2,59,9,-1,-1,-1,-1,9,E01029687,0,1
2024461496425,2024,461496425,2,19,0,-1,4,3,7,-1,0,0,0,0,0,0,2,1,-1,2,1,52,8,-1,-1,-1,-1,6,E01000726,0,4
2024161417834,2024,161417834,2,-1,0,-1,7,1,5,-1,0,1,0,0,0,0,2,1,-1,6,3,14,3,-1,-1,-1,-1,-1,-1,1,-1
2024010495493,2024,010495493,2,9,0,1,1,9,9,99,99,9,9,99,9,99,9,9,6,6,3,-1,-1,-1,-1,-1,-1,-1,-1,0,-1
2024520401146,2024,520401146,1,9,0,18,19,3,7,0,0,0,0,0,0,0,1,1,6,6,1,77,11,-1,-1,-1,-1,7,E01029262,0,1
2024461414972,2024,461414972,2,9,0,-1,19,5,1,-1,0,0,0,0,0,0,2,9,-1,9,2,36,7,-1,-1,-1,-1,5,E01024038,0,1
2024430601522,2024,430601522,2,1,0,18,19,3,7,0,0,1,0,0,0,0,1,1,6,6,1,16,4,-1,-1,-1,-1,-1,-1,0,-1
2024520002377,2024,520002377,1,1,0,18,19,1,5,0,0,0,0,0,0,0,9,1,6,6,1,36,7,-1,-1,-1,-1,10,E01014477,0,1
2024451467707,2024,451467707,1,9,0,-1,19,1,5,-1,0,0,0,0,0,0,1,1,-1,9,2,35,6,-1,-1,-1,-1,8,E01030845,0,1
2024302401272,2024,302401272,3,9,0,2,2,0,0,0,0,1,0,0,0,0,0,1,6,6,3,-1,-1,-1,-1,-1,-1,-1,-1,0,-1
2024320474414,2024,320474414,1,9,0,-1,-1,6,2,0,0,1,0,0,0,0,1,1,1,1,1,57,9,-1,-1,-1,-1,10,E01026359,0,2
2024010523605,2024,010523605,2,9,0,18,19,6,2,0,0,2,0,0,0,0,3,1,1,1,1,63,9,-1,-1,-1,-1,5,E01002183,0,2
2024531486823,2024,531486823,2,1,0,-1,19,7,3,-1,0,1,2,0,0,0,3,1,-1,1,1,60,9,-1,-1,-1,-1,8,E01022166,0,1
2024622400200,2024,622400200,1,23,0,18,19,4,8,0,0,1,0,0,0,0,1,1,6,6,3,-1,-1,-1,-1,-1,-1,-1,-1,0,-1
2024302400927,2024,302400927,1,9,0,18,19,6,2,0,0,8,0,0,0,0,1,1,1,1,1,32,6,-1,-1,-1,-1,4,E01019792,0,1
2024052401737,2024,052401737,1,4,0,7,7,1,3,0,0,1,0,0,0,0,1,1,6,6,1,17,4,-1,-1,-1,-1,3,E01006890,0,1
2024010489487,2024,010489487,2,9,0,7,7,3,6,0,0,1,0,0,0,0,0,1,6,6,3,-1,-1,-1,-1,-1,-1,-1,-1,0,-1
2024010527139,2024,010527139,1,1,9,99,99,9,9,99,99,9,9,99,9,99,1,1,2,2,1,35,6,-1,-1,-1,-1,1,E01000599,0,1
2024371470675,2024,371470675,2,1,0,-1,19,-1,-1,-1,5,2,0,0,0,0,1,1,-1,2,1,18,4,-1,-1,-1,-1,6,E01030027,0,2
2024411517717,2024,411517717,1,1,0,-1,-1,-1,-1,-1,-1,0,-1,-1,-1,0,-1,1,-1,6,1,38,7,-1,-1,-1,-1,-1,-1,0,-1
2024010495976,2024,010495976,1,9,0,99,99,9,9,99,99,9,9,99,9,99,2,9,6,6,1,35,6,-1,-1,-1,-1,4,E01003014,0,1
2024101523750,2024,101523750,1,9,0,-1,19,3,7,-1,0,0,1,7,2,0,1,1,-1,6,1,34,6,-1,-1,-1,-1,6,-1,0,4
2024010524007,2024,010524007,2,9,0,99,99,9,9,99,99,9,9,99,9,99,1,9,6,6,3,-1,-1,-1,-1,-1,-1,-1,-1,0,-1