collision_index,collision_year,collision_ref_no,vehicle_reference,vehicle_type,towing_and_articulation,vehicle_manoeuvre_historic,vehicle_manoeuvre,vehicle_direction_from,vehicle_direction_to,vehicle_location_restricted_lane_historic,vehicle_location_restricted_lane,junction_location,skidding_and_overturning,hit_object_in_carriageway,vehicle_leaving_carriageway,hit_object_off_carriageway,first_point_of_impact,vehicle_left_hand_drive,journey_purpose_of_driver_historic,journey_purpose_of_driver,sex_of_driver,age_of_driver,age_band_of_driver,engine_capacity_cc,propulsion_code,age_of_vehicle,generic_make_model,driver_imd_decile,lsoa_of_driver,escooter_flag,driver_distance_banding
2024010497591,2024,010497591,2,9,9,4,4,5,1,0,0,1,9,0,0,0,0,9,6,6,3,24,5,-1,-1,-1,-1,-1,-1,0,-1
2024010493239,2024,010493239,1,9,0,5,5,3,7,9,9,1,0,4,7,10,1,1,6,6,2,68,10,-1,-1,-1,-1,6,E01001496,0,1
2024522402839,2024,522402839,1,9,0,18,19,2,6,0,0,0,0,0,0,0,1,1,6,6,3,-1,-1,-1,-1,-1,-1,-1,-1,0,-1
2024991494416,2024,991494416,1,5,0,-1,19,7,2,-1,0,4,0,0,0,0,4,1,-1,9,1,42,7,-1,-1,-1,-1,8,-1,0,4
2024010512369,2024,010512369,2,1,0,18,19,3,7,0,0,2,0,0,0,0,1,1,2,2,1,49,8,-1,-1,-1,-1,2,E01001147,0,1
2024010490506,2024,010490506,1,9,0,18,19,5,1,0,0,8,0,0,0,0,1,1,2,2,1,42,7,-1,-1,-1,-1,10,E01016670,0,4
2024351485345,2024,351485345,2,1,0,-1,19,-1,-1,-1,0,0,0,0,0,0,2,1,-1,6,1,8,2,-1,-1,-1,-1,6,E01034443,0,1
2024141462824,2024,141462824,2,9,0,-1,9,6,4,-1,0,8,0,0,0,0,3,1,-1,6,1,40,7,-1,-1,-1,-1,2,E01028027,0,4
2024421488461,2024,421488461,2,9,0,-1,19,7,3,-1,0,8,0,0,0,0,1,1,-1,9,2,53,8,-1,-1,-1,-1,9,E01015815,0,1
2024010527195,2024,010527195,1,9,0,18,19,2,6,0,0,4,0,0,0,0,1,1,1,1,1,56,9,-1,-1,-1,-1,3,E01001244,0,1
2024131484717,2024,131484717,2,9,0,-1,19,3,7,-1,0,8,0,0,0,0,4,1,-1,9,1,18,4,-1,-1,-1,-1,1,E01011863,0,3
2024451515912,2024,451515912,2,1,0,-1,19,1,3,-1,0,8,9,0,0,0,9,1,-1,6,1,25,5,-1,-1,-1,-1,-1,-1,0,-1
2024010510318,2024,010510318,1,1,9,99,99,9,9,99,99,9,9,99,9,99,9,1,2,2,1,39,7,-1,-1,-1,-1,2,E01001773,0,1
2024320459335,2024,320459335,2,9,0,-1,-1,4,8,0,0,8,0,0,0,0,1,1,6,6,2,34,6,-1,-1,-1,-1,3,E01034685,0,1
2024201518093,2024,201518093,1,98,0,-1,19,4,8,-1,0,0,0,0,0,0,1,1,-1,6,1,28,6,-1,-1,-1,-1,1,E01009339,0,1
2024461505746,2024,461505746,2,9,0,-1,19,5,1,-1,0,0,0,0,0,0,1,1,-1,1,1,54,8,-1,-1,-1,-1,6,E01029733,0,5
2024010518607,2024,010518607,2,9,9,99,99,9,9,99,99,0,9,99,0,0,9,9,6,6,1,-1,-1,-1,-1,-1,-1,-1,-1,0,-1
2024010507210,2024,010507210,2,9,0,18,19,1,5,0,0,0,0,0,0,0,4,1,6,6,3,-1,-1,-1,-1,-1,-1,-1,-1,0,-1
2024010533655,2024,010533655,1,1,0,5,5,1,5,0,0,6,5,0,0,0,1,1,6,6,1,30,6,-1,-1,-1,-1,4,E01001723,0,1
2024010544872,2024,010544872,2,1,0,15,15,5,1,0,0,8,0,0,0,0,1,1,6,6,1,29,6,-1,-1,-1,-1,3,E01001546,0,1
2024010491828,2024,010491828,2,4,0,13,13,5,1,0,0,0,0,0,0,0,1,1,2,2,1,65,9,-1,-1,-1,-1,5,E01003083,0,1
2024522401606,2024,522401606,2,9,0,18,19,8,4,0,0,1,0,0,0,0,1,1,6,6,2,-1,-1,-1,-1,-1,-1,-1,-1,0,-1
2024610014324,2024,610014324,2,3,0,18,19,6,2,0,0,1,0,0,0,0,1,1,6,6,1,21,5,-1,-1,-1,-1,2,W01001436,0,2
2024311484057,2024,311484057,2,9,0,-1,3,3,7,-1,0,0,0,0,0,0,1,1,-1,6,2,52,8,-1,-1,-1,-1,7,E01028378,0,1
2024991505980,2024,991505980,1,9,0,-1,5,1,6,-1,0,2,0,0,0,0,3,1,-1,9,1,72,10,-1,-1,-1,-1,4,-1,0,2
2024010526279,2024,010526279,2,9,9,99,99,9,9,99,99,9,9,99,9,99,9,9,6,6,3,-1,-1,-1,-1,-1,-1,-1,-1,0,-1
2024430469386,2024,430469386,2,16,0,18,19,4,8,0,0,0,0,0,0,0,1,1,6,6,2,23,5,-1,-1,-1,-1,7,E01016305,0,1
2024451473117,2024,451473117,2,9,0,-1,19,7,3,-1,0,0,0,0,0,0,3,9,-1,6,2,55,8,-1,-1,-1,-1,-1,-1,0,-1
2024302400098,2024,302400098,2,19,0,9,9,4,8,0,0,1,0,0,0,0,1,1,6,6,1,41,7,-1,-1,-1,-1,2,E01013512,0,2
2024201528691,2024,201528691,2,1,0,-1,14,7,3,-1,0,2,0,0,0,0,3,1,-1,6,1,62,9,-1,-1,-1,-1,5,E01010554,0,2
2024010502916,2024,010502916,2,3,9,99,99,9,9,99,99,9,9,99,9,99,9,1,6,6,3,-1,-1,-1,-1,-1,-1,-1,-1,0,-1
2024430011854,2024,430011854,1,9,0,7,7,8,2,0,0,6,0,0,0,0,1,1,1,1,1,-1,-1,-1,-1,-1,-1,-1,-1,0,-1
2024010511718,2024,010511718,2,1,0,8,8,1,4,0,0,6,0,0,0,0,1,1,6,6,1,20,4,-1,-1,-1,-1,2,E01004088,0,1
2024531519507,2024,531519507,2,11,0,-1,3,3,7,-1,0,0,0,0,0,0,0,9,-1,1,-1,-1,-1,-1,-1,-1,-1,-1,-1,0,-1
2024471502597,2024,471502597,2,9,0,-1,19,7,3,-1,0,0,1,0,7,0,4,2,-1,9,2,21,5,-1,-1,-1,-1,6,E01021193,0,2
2024440514669,2024,440514669,1,1,0,18,19,7,3,0,0,8,0,0,0,0,4,1,4,7,1,18,4,-1,-1,-1,-1,10,E01023244,0,1
2024010527980,2024,010527980,1,1,0,4,4,8,4,0,0,1,0,10,0,0,1,1,6,6,1,23,5,-1,-1,-1,-1,6,E01001962,0,1
2024440260081,2024,440260081,2,9,0,18,19,7,3,0,0,1,0,0,0,0,1,1,6,6,1,-1,-1,-1,-1,-1,-1,-1,-1,0,-1
2024471463259,2024,471463259,2,1,0,-1,3,5,1,-1,5,8,0,0,0,0,1,1,-1,9,2,77,11,-1,-1,-1,-1,5,E01031832,0,1
2024332400349,2024,332400349,1,1,0,-1,9,2,8,-1,0,5,0,0,0,0,3,1,-1,6,1,16,4,-1,-1,-1,-1,8,E01028720,0,5
2024141449550,2024,141449550,1,90,0,-1,19,1,2,-1,0,0,0,0,0,0,0,1,-1,9,1,23,5,-1,-1,-1,-1,1,E01007723,0,1
2024131520086,2024,131520086,1,9,0,-1,-1,-1,-1,-1,-1,-1,-1,-1,-1,-1,-1,1,-1,6,3,-1,-1,-1,-1,-1,-1,-1,-1,0,-1
2024010502479,2024,010502479,1,1,9,18,19,9,9,99,99,9,9,99,9,99,9,1,6,6,1,28,6,-1,-1,-1,-1,3,E01003286,0,2
2024522401170,2024,522401170,2,9,0,18,19,2,6,0,0,1,0,0,0,0,1,1,6,6,3,-1,-1,-1,-1,-1,-1,-1,-1,0,-1
2024421474408,2024,421474408,3,9,0,-1,19,2,5,-1,0,0,1,0,1,7,2,1,-1,2,2,51,8,-1,-1,-1,-1,4,E01021272,0,4
2024131475540,2024,131475540,1,9,0,-1,19,2,6,-1,0,1,0,0,0,0,4,1,-1,1,1,63,9,-1,-1,-1,-1,1,E01007328,0,4
2024201428411,2024,201428411,1,9,0,-1,19,2,6,-1,0,8,0,0,0,0,1,1,-1,6,3,-1,-1,-1,-1,-1,-1,-1,-1,0,-1
2024522402251,2024,522402251,1,1,0,18,19,4,8,0,0,8,0,0,0,0,1,1,6,6,2,24,5,-1,-1,-1,-1,6,E01014563,0,1
2024201458546,2024,201458546,2,9,0,-1,19,8,4,-1,0,0,0,0,7,11,1,9,-1,6,1,24,5,-1,-1,-1,-1,1,E01009331,0,1
2024351444063,2024,351444063,1,9,0,-1,5,2,6,-1,0,6,0,0,0,0,3,1,-1,6,1,78,11,-1,-1,-1,-1,6,W01000005,0,5
2024052402250,2024,052402250,1,1,0,18,19,7,3,0,0,1,0,0,0,0,1,1,6,6,1,20,4,-1,-1,-1,-1,1,E01006913,0,1
2024430438719,2024,430438719,1,9,0,18,19,3,7,0,0,0,0,0,0,0,1,1,6,6,2,35,6,-1,-1,-1,-1,-1,-1,0,-1
2024991406992,2024,991406992,1,1,0,-1,19,1,5,-1,0,1,0,0,0,0,1,1,-1,6,1,56,9,-1,-1,-1,-1,10,-1,0,2
2024622400715,2024,622400715,2,1,0,18,19,1,5,0,0,1,0,0,0,0,1,1,6,6,1,20,4,-1,-1,-1,-1,6,W01000766,0,1
2024010495798,2024,010495798,1,9,0,99,99,9,9,99,99,9,9,99,9,99,9,9,2,2,1,32,6,-1,-1,-1,-1,5,E01032777,0,1
2024010487879,2024,010487879,1,9,0,14,14,5,1,0,0,1,0,0,0,0,1,1,6,6,2,32,6,-1,-1,-1,-1,4,E01002104,0,1
2024101427232,2024,101427232,2,9,0,-1,19,1,5,-1,0,0,0,0,0,0,1,9,-1,6,3,-1,-1,-1,-1,-1,-1,-1,-1,0,-1
2024430085729,2024,430085729,2,1,0,14,14,5,1,0,0,8,0,0,0,0,1,1,6,6,1,36,7,-1,-1,-1,-1,8,E01028701,0,1
2024010542746,2024,010542746,1,1,0,18,19,3,7,0,0,3,0,0,0,0,2,1,6,6,1,46,8,-1,-1,-1,-1,-1,-1,0,-1
2024501520293,2024,501520293,1,9,0,-1,19,7,5,-1,0,3,0,0,0,0,1,1,-1,1,1,55,8,-1,-1,-1,-1,4,E01018894,0,3
2024622400285,2024,622400285,2,9,0,18,19,2,6,0,0,0,0,0,0,0,2,1,6,6,2,34,6,-1,-1,-1,-1,2,W01001804,0,1
2024221437315,2024,221437315,1,9,0,-1,19,4,8,-1,0,8,2,10,4,6,1,9,-1,9,1,66,10,-1,-1,-1,-1,5,E01032391,0,4
2024010531662,2024,010531662,2,1,9,99,99,9,9,99,99,9,9,99,9,99,9,1,6,6,3,-1,-1,-1,-1,-1,-1,-1,-1,0,-1
2024401465270,2024,401465270,2,9,0,-1,19,1,5,-1,0,0,1,0,5,6,4,1,-1,6,2,38,7,-1,-1,-1,-1,7,E01028995,0,5
2024010486838,2024,010486838,1,9,0,18,19,1,5,0,0,2,0,4,0,0,1,1,6,6,2,51,8,-1,-1,-1,-1,4,E01002079,0,1
2024010546462,2024,010546462,2,1,0,-1,-1,1,5,9,9,8,0,0,0,0,0,1,6,6,1,40,7,-1,-1,-1,-1,3,E01002605,0,1
2024451394924,2024,451394924,2,1,0,-1,19,5,1,-1,0,1,5,0,0,0,2,1,-1,9,2,43,7,-1,-1,-1,-1,8,E01034286,0,1
2024332400358,2024,332400358,1,9,0,-1,9,3,1,-1,0,6,0,0,7,0,1,1,-1,6,1,18,4,-1,-1,-1,-1,9,E01025778,0,1
2024552400532,2024,552400532,2,1,0,9,9,7,4,0,0,8,0,0,0,0,1,1,6,6,1,35,6,-1,-1,-1,-1,6,E01020531,0,2
2024311440064,2024,311440064,2,1,0,-1,19,2,6,-1,0,0,0,0,0,0,1,1,-1,6,1,62,9,-1,-1,-1,-1,-1,-1,0,-1
2024010495738,2024,010495738,1,1,9,99,99,9,9,99,99,9,9,99,9,99,9,1,6,6,1,38,7,-1,-1,-1,-1,2,E01003918,0,1
2024010511496,2024,010511496,2,9,0,99,99,9,9,99,99,9,9,99,9,99,9,9,6,6,3,-1,-1,-1,-1,-1,-1,-1,-1,0,-1
2024010533010,2024,010533010,1,3,0,99,99,9,9,99,99,2,9,99,9,99,1,1,1,1,1,26,6,-1,-1,-1,-1,4,E01032639,0,1
2024501498598,2024,501498598,1,9,0,-1,4,3,7,-1,0,0,0,0,0,0,1,1,-1,6,1,76,11,-1,-1,-1,-1,8,E01019898,0,1
2024010521566,2024,010521566,2,9,0,99,99,9,9,99,99,9,9,99,9,99,1,9,6,6,3,28,6,-1,-1,-1,-1,-1,-1,0,-1
2024320432590,2024,320432590,1,9,0,-1,-1,8,4,0,0,4,0,0,0,0,1,1,-1,-1,2,66,10,-1,-1,-1,-1,6,E01026120,0,2
2024010488745,2024,010488745,3,1,0,18,19,7,3,2,2,1,0,0,0,0,3,1,6,6,1,41,7,-1,-1,-1,-1,2,E01000533,0,1
2024010494174,2024,010494174,2,9,0,16,19,1,5,0,0,1,0,0,0,0,4,1,6,6,2,51,8,-1,-1,-1,-1,7,E01004159,0,1
2024010517067,2024,010517067,1,1,9,99,99,9,9,99,99,9,9,99,9,99,9,1,6,6,1,27,6,-1,-1,-1,-1,5,E01035691,0,1
2024471472385,2024,471472385,2,9,-1,-1,20,0,0,-1,0,0,0,0,0,0,3,9,-1,6,3,-1,-1,-1,-1,-1,-1,-1,-1,0,-1
2024471448746,2024,471448746,3,1,0,-1,19,3,7,-1,5,0,0,0,0,0,1,1,-1,6,1,33,6,-1,-1,-1,-1,5,E01031470,0,1
2024010537305,2024,010537305,2,19,0,99,99,9,9,99,99,0,9,99,9,99,9,9,6,6,3,-1,-1,-1,-1,-1,-1,-1,-1,0,-1
2024161502162,2024,161502162,3,9,0,-1,2,0,0,-1,0,2,0,0,0,0,2,1,-1,6,-1,-1,-1,-1,-1,-1,-1,-1,-1,0,-1
2024010487783,2024,010487783,1,9,0,18,19,7,3,0,0,8,0,0,0,0,1,1,6,6,1,22,5,-1,-1,-1,-1,4,E01033084,0,1
2024211526272,2024,211526272,1,9,-1,-1,-1,-1,-1,-1,-1,0,-1,-1,-1,0,-1,9,-1,6,3,-1,-1,-1,-1,-1,-1,-1,-1,0,-1
2024332400053,2024,332400053,2,9,0,-1,7,1,3,-1,0,6,0,0,0,0,2,1,-1,6,2,33,6,-1,-1,-1,-1,7,E01025898,0,1
2024430546862,2024,430546862,2,9,0,5,5,-1,-1,0,0,6,0,0,0,0,1,1,6,6,1,-1,-1,-1,-1,-1,-1,-1,-1,0,-1
2024421407799,2024,421407799,2,9,0,-1,19,6,2,-1,0,0,0,0,0,0,1,1,-1,9,1,46,8,-1,-1,-1,-1,7,E01021882,0,1
2024461426738,2024,461426738,1,9,5,-1,19,3,7,-1,0,0,0,0,0,0,1,1,-1,9,2,27,6,-1,-1,-1,-1,4,E01024387,0,1
2024430198401,2024,430198401,2,9,0,18,19,4,8,0,0,8,-1,0,0,0,1,1,6,6,2,28,6,-1,-1,-1,-1,5,E01033522,0,1
2024501463519,2024,501463519,1,1,0,-1,19,3,7,-1,9,1,9,99,0,0,3,1,-1,2,1,30,6,-1,-1,-1,-1,6,E01019030,0,1
2024440387313,2024,440387313,1,9,0,18,19,8,4,0,0,0,0,0,0,0,1,1,6,6,1,-1,-1,-1,-1,-1,-1,-1,-1,0,-1
2024522500324,2024,522500324,2,1,0,18,19,5,1,0,0,0,0,0,1,11,3,1,6,6,2,60,9,-1,-1,-1,-1,6,E01014870,0,1
2024010547204,2024,010547204,1,1,9,99,99,9,9,4,4,1,9,99,9,99,9,1,2,2,1,28,6,-1,-1,-1,-1,-1,-1,0,-1
2024211417052,2024,211417052,1,9,0,-1,19,6,2,-1,0,4,5,9,1,7,4,1,-1,6,1,34,6,-1,-1,-1,-1,6,E01029389,0,1
2024161490851,2024,161490851,2,9,0,-1,19,3,7,-1,0,0,0,0,0,0,1,1,-1,6,3,-1,-1,-1,-1,-1,-1,-1,-1,0,-1
2024010494454,2024,010494454,2,1,0,18,19,5,1,0,0,2,5,0,0,0,1,1,6,6,1,17,4,-1,-1,-1,-1,3,E01002065,0,1
2024010503347,2024,010503347,1,1,9,99,99,9,9,99,99,9,9,99,9,99,9,1,2,2,1,27,6,-1,-1,-1,-1,7,E01004493,0,2
2024010518965,2024,010518965,1,1,9,99,99,9,9,99,99,9,9,99,9,99,0,1,2,2,1,47,8,-1,-1,-1,-1,3,E01003112,0,3
2024440331747,2024,440331747,1,1,0,18,19,2,6,0,0,8,0,0,0,0,4,1,6,6,1,61,9,-1,-1,-1,-1,9,E01035438,0,3
2024361502746,2024,361502746,1,1,-1,-1,-1,-1,-1,-1,-1,0,-1,-1,-1,0,-1,1,-1,6,3,-1,-1,-1,-1,-1,-1,-1,-1,0,-1
2024421473444,2024,421473444,2,1,0,-1,19,8,3,-1,0,3,0,0,0,0,2,1,-1,9,1,57,9,-1,-1,-1,-1,3,E01021490,0,1
2024522401870,2024,522401870,2,9,0,9,9,1,7,0,0,6,0,0,0,0,1,1,6,6,2,35,6,-1,-1,-1,-1,7,E01014677,0,1
2024010496155,2024,010496155,1,11,0,18,19,1,5,0,0,1,0,0,0,0,0,1,1,1,1,49,8,-1,-1,-1,-1,4,E01000719,0,2
2024010536368,2024,010536368,2,98,0,99,99,9,9,0,0,1,0,0,0,0,9,1,6,6,3,-1,-1,-1,-1,-1,-1,7,E01018140,0,4
2024411541115,2024,411541115,4,19,0,-1,19,5,1,-1,0,0,0,0,0,0,1,1,-1,6,1,65,9,-1,-1,-1,-1,8,E01023321,0,3
2024010532201,2024,010532201,2,9,0,18,19,7,3,0,0,2,0,0,0,0,3,1,6,6,1,62,9,-1,-1,-1,-1,2,E01001978,0,1
2024052401943,2024,052401943,1,9,0,13,13,7,3,0,0,0,0,0,0,0,1,1,6,6,3,-1,-1,-1,-1,-1,-1,-1,-1,0,-1
2024010542521,2024,010542521,2,1,0,18,19,5,1,4,4,8,0,0,0,0,1,1,6,6,1,24,5,-1,-1,-1,-1,3,E01001203,0,1
2024543219524,2024,543219524,3,20,0,18,19,8,4,0,0,0,0,0,0,0,1,1,1,1,1,60,9,-1,-1,-1,-1,5,E01031845,0,3
2024421431658,2024,421431658,1,97,0,-1,4,5,1,-1,0,1,0,0,0,0,1,1,-1,6,3,-1,-1,-1,-1,-1,-1,-1,-1,0,-1
2024302400635,2024,302400635,1,1,0,17,19,8,7,0,0,2,0,0,0,0,1,1,6,6,1,46,8,-1,-1,-1,-1,9,E01013526,0,1
2024311439451,2024,311439451,2,1,0,-1,19,8,4,-1,0,2,0,0,0,0,4,1,-1,6,1,17,4,-1,-1,-1,-1,-1,-1,0,-1
2024302401408,2024,302401408,2,9,0,18,19,2,6,0,0,8,0,0,1,9,3,1,2,2,2,62,9,-1,-1,-1,-1,5,E01032586,0,1
2024010500598,2024,010500598,2,1,0,18,19,1,5,0,0,4,0,0,1,0,1,1,3,7,2,41,7,-1,-1,-1,-1,4,E01003282,0,1
2024010536006,2024,010536006,1,9,0,99,99,9,9,99,99,9,9,99,9,99,9,9,6,6,3,-1,-1,-1,-1,-1,-1,-1,-1,0,-1
2024010544883,2024,010544883,2,1,0,18,19,1,5,0,0,1,0,0,0,0,3,1,6,6,1,22,5,-1,-1,-1,-1,6,E01000594,0,3
2024010529321,2024,010529321,1,1,9,99,99,9,9,99,99,9,9,99,9,99,9,1,2,2,2,31,6,-1,-1,-1,-1,4,E01003343,0,1
2024332400752,2024,332400752,1,1,0,-1,19,7,3,-1,0,1,0,0,0,0,0,1,-1,6,2,11,3,-1,-1,-1,-1,9,E01025820,0,1
2024320557963,2024,320557963,1,9,0,-1,-1,4,8,0,0,1,0,0,0,0,1,2,6,6,2,-1,-1,-1,-1,-1,-1,-1,-1,0,-1
2024421431561,2024,421431561,2,1,0,-1,19,2,6,-1,0,8,5,0,0,0,1,1,-1,1,1,29,6,-1,-1,-1,-1,1,E01021696,0,1
2024010544570,2024,010544570,2,90,0,99,99,9,9,99,99,9,9,99,9,99,1,9,6,6,3,-1,-1,-1,-1,-1,-1,-1,-1,0,-1
202460Q044027,2024,60Q044027,1,9,0,5,5,4,8,0,0,3,0,0,0,0,0,1,6,6,1,56,9,-1,-1,-1,-1,-1,-1,0,-1
2024010526254,2024,010526254,1,11,0,5,5,1,5,0,0,8,0,0,0,0,0,1,6,6,1,26,6,-1,-1,-1,-1,2,E01001330,0,2
2024031464897,2024,031464897,2,1,0,-1,19,1,5,-1,0,0,0,0,0,0,0,1,-1,6,1,80,11,-1,-1,-1,-1,6,E01019356,0,3
2024991401422,2024,991401422,2,9,0,-1,4,5,1,-1,0,0,0,0,0,0,2,1,-1,6,2,41,7,-1,-1,-1,-1,2,-1,0,1
2024320275300,2024,320275300,1,19,0,-1,-1,2,6,0,0,0,0,0,0,0,4,1,6,6,3,-1,-1,-1,-1,-1,-1,-1,-1,0,-1
2024311452177,2024,311452177,2,19,0,-1,3,3,7,-1,0,0,0,0,0,0,2,1,-1,1,1,39,7,-1,-1,-1,-1,2,E01013832,0,1
2024010496955,2024,010496955,1,3,0,99,99,9,9,99,99,9,9,99,9,99,1,1,2,2,1,31,6,-1,-1,-1,-1,6,E01000541,0,2
2024070833480,2024,070833480,4,9,0,-1,2,0,0,-1,0,0,0,0,0,0,3,1,-1,6,1,-1,-1,-1,-1,-1,-1,3,E01012368,0,1
2024070232946,2024,070232946,1,8,0,18,19,7,5,0,0,1,0,0,0,0,1,1,6,6,1,-1,-1,-1,-1,-1,-1,-1,-1,0,-1
2024070807641,2024,070807641,1,9,0,-1,19,7,3,-1,0,8,0,0,0,0,1,1,-1,2,2,45,7,-1,-1,-1,-1,6,E01018399,0,3
2024070118764,2024,070118764,1,9,0,7,7,5,8,0,0,6,0,0,0,0,1,1,6,6,1,-1,-1,-1,-1,-1,-1,-1,-1,0,-1
2024471444204,2024,471444204,2,1,0,-1,19,3,7,-1,0,0,0,0,0,0,3,1,-1,9,1,45,7,-1,-1,-1,-1,7,E01024789,0,2
2024440460455,2024,440460455,2,9,0,18,19,3,7,0,0,0,0,0,1,0,2,1,2,2,1,29,6,-1,-1,-1,-1,-1,-1,0,-1
2024991418098,2024,991418098,1,9,0,-1,9,8,6,-1,0,6,0,0,0,0,1,1,-1,6,2,52,8,-1,-1,-1,-1,1,-1,0,1
2024531410757,2024,531410757,2,1,0,-1,5,7,3,-1,0,8,0,0,0,0,2,1,-1,2,1,30,6,-1,-1,-1,-1,8,E01022300,0,1
2024161486088,2024,161486088,2,9,0,-1,9,7,3,-1,0,2,0,0,0,0,1,1,-1,6,3,-1,-1,-1,-1,-1,-1,-1,-1,0,-1
2024041551085,2024,041551085,1,9,0,-1,19,4,8,-1,0,0,0,0,0,0,-1,9,-1,6,3,-1,-1,-1,-1,-1,-1,-1,-1,0,-1
2024430210750,2024,430210750,1,9,0,18,19,4,8,0,0,0,1,0,0,0,1,1,2,2,2,25,5,-1,-1,-1,-1,8,E01022177,0,4
2024361445520,2024,361445520,2,1,0,-1,19,1,5,-1,9,1,0,0,0,0,1,1,-1,9,2,18,4,-1,-1,-1,-1,1,E01026603,0,1
2024430586085,2024,430586085,3,19,0,9,9,8,6,0,0,5,0,0,0,0,0,1,6,6,3,-1,-1,-1,-1,-1,-1,-1,-1,0,-1
2024010506234,2024,010506234,2,1,0,7,7,6,1,4,4,3,5,0,0,0,3,1,6,6,2,41,7,-1,-1,-1,-1,2,E01003932,0,1
2024010539671,2024,010539671,2,90,0,99,99,9,9,99,99,9,9,99,9,99,2,9,6,6,3,-1,-1,-1,-1,-1,-1,-1,-1,0,-1
2024041505891,2024,041505891,2,9,0,-1,19,1,5,-1,0,8,0,0,0,0,1,1,-1,9,1,66,10,-1,-1,-1,-1,3,E01025034,0,1
2024010542570,2024,010542570,2,1,0,14,14,5,1,0,0,2,0,8,0,0,4,1,1,1,1,32,6,-1,-1,-1,-1,5,E01001035,0,2
2024010495018,2024,010495018,2,1,0,18,19,6,2,5,5,5,0,0,0,0,1,1,6,6,2,30,6,-1,-1,-1,-1,5,E01001914,0,1
2024991431823,2024,991431823,1,1,0,-1,12,4,8,-1,0,0,0,0,1,0,3,1,-1,9,1,15,3,-1,-1,-1,-1,4,E01019217,0,4
2024211485593,2024,211485593,1,9,0,-1,9,0,0,-1,0,2,0,0,3,0,1,1,-1,6,2,18,4,-1,-1,-1,-1,8,E01029751,0,1
2024010489033,2024,010489033,1,9,0,18,19,5,1,0,0,2,0,4,0,0,1,1,6,6,1,36,7,-1,-1,-1,-1,6,E01000705,0,1
2024010495628,2024,010495628,1,9,0,18,19,4,8,9,9,6,0,0,0,0,1,1,6,6,2,41,7,-1,-1,-1,-1,4,E01003249,0,1
2024010519798,2024,010519798,2,1,0,9,9,7,4,0,0,1,0,0,0,0,4,1,6,6,2,55,8,-1,-1,-1,-1,6,E01001923,0,1
2024221501071,2024,221501071,2,-1,0,-1,9,8,6,-1,9,8,0,0,0,0,1,9,-1,6,1,17,4,-1,-1,-1,-1,8,E01032455,1,1
2024311399409,2024,311399409,1,9,0,-1,19,7,4,-1,0,0,0,4,0,0,4,9,-1,9,1,54,8,-1,-1,-1,-1,3,E01028056,0,1
2024552400492,2024,552400492,2,1,0,18,19,6,2,0,0,2,0,0,0,0,4,1,6,6,1,37,7,-1,-1,-1,-1,4,E01019932,0,4
2024101482065,2024,101482065,1,9,0,-1,19,1,5,-1,0,0,0,0,0,0,3,9,-1,6,3,40,7,-1,-1,-1,-1,-1,-1,0,-1
2024010493519,2024,010493519,2,19,0,18,19,2,6,0,0,1,0,0,0,0,1,1,6,6,3,-1,-1,-1,-1,-1,-1,-1,-1,0,-1
2024061493897,2024,061493897,4,11,0,-1,19,3,7,-1,0,0,0,0,0,0,1,1,-1,1,1,37,7,-1,-1,-1,-1,1,E01005024,0,3
2024320558446,2024,320558446,3,9,0,-1,-1,6,2,0,0,0,0,0,0,0,3,1,1,1,1,36,7,-1,-1,-1,-1,2,E01015634,0,3
2024161428271,2024,161428271,2,9,0,-1,5,0,1,-1,0,2,0,0,0,0,1,9,-1,6,2,-1,-1,-1,-1,-1,-1,-1,-1,0,-1
2024141398342,2024,141398342,2,1,0,-1,7,1,3,-1,0,4,0,0,0,0,3,1,-1,6,1,37,7,-1,-1,-1,-1,7,E01007801,0,2
2024201449094,2024,201449094,1,9,0,-1,19,2,6,-1,0,0,0,0,0,0,4,1,-1,6,3,47,8,-1,-1,-1,-1,-1,-1,0,-1
2024041504170,2024,041504170,2,1,0,-1,19,1,5,-1,0,0,0,0,0,0,1,1,-1,6,1,36,7,-1,-1,-1,-1,3,E01033072,0,1
2024302400079,2024,302400079,1,9,0,18,19,6,2,0,0,0,0,0,0,0,3,1,6,6,1,21,5,-1,-1,-1,-1,8,E01019834,0,2
2024531453438,2024,531453438,1,90,0,-1,19,4,8,-1,0,0,0,0,0,0,1,9,-1,6,3,-1,-1,-1,-1,-1,-1,-1,-1,0,-1
2024010544849,2024,010544849,2,1,0,17,19,3,7,0,0,4,0,0,0,0,1,1,1,1,1,20,4,-1,-1,-1,-1,2,E01034148,0,1
2024161462345,2024,161462345,1,1,0,-1,14,3,7,-1,0,0,0,0,0,0,3,1,-1,9,1,12,3,-1,-1,-1,-1,7,E01013008,0,1
2024010524981,2024,010524981,2,9,0,18,19,5,1,0,0,1,0,0,0,0,1,1,6,6,3,-1,-1,-1,-1,-1,-1,-1,-1,0,-1
2024010487814,2024,010487814,2,9,0,5,5,1,5,0,0,8,1,0,0,0,4,1,1,1,1,21,5,-1,-1,-1,-1,2,E01003507,0,1
2024991440015,2024,991440015,2,1,0,-1,19,5,8,-1,0,1,0,0,0,0,1,1,-1,6,1,27,6,-1,-1,-1,-1,3,-1,0,1
2024010492573,2024,010492573,2,9,0,5,5,1,5,0,0,4,0,0,0,0,1,1,6,6,2,40,7,-1,-1,-1,-1,8,E01000991,0,1
2024010507426,2024,010507426,2,1,0,18,19,7,3,0,0,8,0,0,0,0,1,1,6,6,1,27,6,-1,-1,-1,-1,4,E01002631,0,1
2024131412179,2024,131412179,2,1,0,-1,19,7,3,-1,0,1,0,0,0,0,1,1,-1,2,1,56,9,-1,-1,-1,-1,1,E01011617,0,1
2024010542830,2024,010542830,1,5,0,99,99,9,9,99,99,9,9,99,9,99,1,1,2,2,1,37,7,-1,-1,-1,-1,2,E01001660,0,3
2024451405943,2024,451405943,3,1,0,-1,19,1,5,-1,0,0,0,0,0,0,1,1,-1,6,2,45,7,-1,-1,-1,-1,10,E01030998,0,1