collision_index,collision_year,collision_ref_no,vehicle_reference,vehicle_type,towing_and_articulation,vehicle_manoeuvre_historic,vehicle_manoeuvre,vehicle_direction_from,vehicle_direction_to,vehicle_location_restricted_lane_historic,vehicle_location_restricted_lane,junction_location,skidding_and_overturning,hit_object_in_carriageway,vehicle_leaving_carriageway,hit_object_off_carriageway,first_point_of_impact,vehicle_left_hand_drive,journey_purpose_of_driver_historic,journey_purpose_of_driver,sex_of_driver,age_of_driver,age_band_of_driver,engine_capacity_cc,propulsion_code,age_of_vehicle,generic_make_model,driver_imd_decile,lsoa_of_driver,escooter_flag,driver_distance_banding
2024421423673,2024,421423673,1,9,0,-1,19,-1,-1,-1,0,3,0,0,0,0,1,9,-1,6,3,-1,-1,-1,-1,-1,-1,-1,-1,0,-1
2024451398402,2024,451398402,1,19,0,-1,19,1,5,-1,0,0,0,0,0,0,1,9,-1,6,1,40,7,-1,-1,-1,-1,-1,-1,0,-1
2024201447501,2024,201447501,1,1,0,-1,19,4,8,-1,0,8,5,0,0,0,1,1,-1,6,1,23,5,-1,-1,-1,-1,1,E01009361,0,1
2024311453074,2024,311453074,1,1,0,-1,19,7,3,-1,0,0,1,4,0,0,1,1,-1,6,1,10,2,-1,-1,-1,-1,-1,-1,0,-1
2024311435776,2024,311435776,3,-1,0,-1,19,3,7,-1,0,1,0,0,0,0,1,1,-1,9,1,28,6,-1,-1,-1,-1,1,E01013883,1,2
2024461471695,2024,461471695,1,21,1,-1,13,7,3,-1,0,0,0,0,0,0,3,2,-1,1,1,29,6,-1,-1,-1,-1,-1,-1,0,-1
2024052400732,2024,052400732,1,9,0,18,19,5,1,0,0,4,0,0,0,0,1,1,6,6,3,-1,-1,-1,-1,-1,-1,-1,-1,0,-1
202417L109424,2024,17L109424,1,19,0,-1,19,4,8,-1,0,0,0,0,0,0,1,1,-1,9,1,-1,-1,-1,-1,-1,-1,10,E01012182,0,1
2024010535872,2024,010535872,2,9,0,99,99,9,9,99,99,9,9,99,9,99,9,9,6,6,3,-1,-1,-1,-1,-1,-1,-1,-1,0,-1
2024070719936,2024,070719936,1,1,0,-1,19,7,3,-1,0,2,0,0,0,0,1,1,-1,9,1,27,6,-1,-1,-1,-1,3,E01006860,0,3
2024361525385,2024,361525385,2,19,0,-1,19,-1,-1,-1,0,-1,0,0,0,0,-1,1,-1,2,1,-1,-1,-1,-1,-1,-1,6,E01026541,0,2
2024471448757,2024,471448757,2,19,0,-1,19,4,8,-1,0,0,0,0,0,0,1,9,-1,6,1,52,8,-1,-1,-1,-1,9,E01020945,0,1
2024201437943,2024,201437943,2,1,0,-1,19,6,2,-1,0,0,0,0,0,0,2,1,-1,6,1,22,5,-1,-1,-1,-1,3,E01009867,0,1
2024531502615,2024,531502615,1,1,0,-1,19,1,5,-1,0,0,5,0,0,0,1,1,-1,2,1,41,7,-1,-1,-1,-1,3,E01022293,0,1
2024211399817,2024,211399817,1,9,0,-1,19,1,5,-1,-1,1,1,0,0,0,1,9,-1,1,2,20,4,-1,-1,-1,-1,1,E01014317,0,2
2024052402442,2024,052402442,1,9,0,1,1,4,8,0,0,0,0,0,0,0,2,1,6,6,1,55,8,-1,-1,-1,-1,1,E01007128,0,1
2024010535596,2024,010535596,1,1,9,15,15,9,9,99,99,0,9,8,9,99,1,1,2,2,1,43,7,-1,-1,-1,-1,7,E01002931,0,2
2024221400047,2024,221400047,1,9,0,-1,19,1,5,-1,0,0,2,0,2,3,1,9,-1,6,2,23,5,-1,-1,-1,-1,5,E01028890,0,1
2024540892224,2024,540892224,1,1,0,18,19,8,4,0,0,0,0,0,0,0,1,1,6,6,1,55,8,-1,-1,-1,-1,6,E01032076,0,1
2024010542107,2024,010542107,2,9,0,99,99,9,9,99,99,6,9,99,9,99,9,9,6,6,3,-1,-1,-1,-1,-1,-1,-1,-1,0,-1
2024461488985,2024,461488985,2,1,0,-1,14,5,1,-1,0,0,0,0,0,0,3,1,-1,6,2,64,9,-1,-1,-1,-1,10,E01035309,0,1
2024461452464,2024,461452464,1,17,0,-1,11,1,5,-1,0,0,0,0,0,0,1,9,-1,6,1,-1,-1,-1,-1,-1,-1,-1,-1,0,-1
2024010490332,2024,010490332,1,9,0,99,99,9,9,99,99,9,9,99,9,99,1,9,2,2,1,43,7,-1,-1,-1,-1,2,E01000042,0,1
2024101513054,2024,101513054,1,9,0,-1,5,6,2,-1,9,0,0,0,0,0,4,9,-1,1,1,60,9,-1,-1,-1,-1,-1,-1,0,-1
2024411478757,2024,411478757,1,9,0,-1,3,-1,-1,-1,0,1,0,0,0,0,1,9,-1,6,1,-1,-1,-1,-1,-1,-1,-1,-1,0,-1
2024010489837,2024,010489837,1,3,0,5,5,1,5,0,0,1,0,0,0,0,0,1,1,1,1,34,6,-1,-1,-1,-1,3,E01001394,0,2
2024991450349,2024,991450349,2,1,0,-1,19,8,6,-1,0,8,0,0,0,0,4,1,-1,6,1,72,10,-1,-1,-1,-1,9,-1,0,1
2024010528283,2024,010528283,2,9,0,99,99,9,9,99,99,0,9,99,9,99,9,9,6,6,3,-1,-1,-1,-1,-1,-1,-1,-1,0,-1
2024461415575,2024,461415575,2,21,4,-1,19,7,3,-1,0,0,0,0,0,0,3,2,-1,1,1,39,7,-1,-1,-1,-1,-1,-1,0,-1
2024010539437,2024,010539437,1,1,9,99,99,9,9,99,99,9,9,99,9,99,1,1,6,6,1,43,7,-1,-1,-1,-1,4,E01001699,0,2
2024211460006,2024,211460006,1,21,0,-1,19,8,8,-1,0,0,0,0,0,0,0,1,-1,6,-1,-1,-1,-1,-1,-1,-1,-1,-1,0,-1
2024161519936,2024,161519936,2,9,0,-1,19,5,1,-1,0,0,0,0,0,0,1,9,-1,6,2,-1,-1,-1,-1,-1,-1,-1,-1,0,-1
2024070484790,2024,070484790,2,9,0,9,9,3,7,0,0,6,0,0,0,0,3,1,6,6,1,80,11,-1,-1,-1,-1,9,E01018518,0,1
2024311526988,2024,311526988,2,1,0,-1,2,0,0,-1,0,0,0,0,0,0,2,1,-1,6,2,55,8,-1,-1,-1,-1,4,E01028335,0,1
2024131502396,2024,131502396,1,9,0,-1,-1,-1,-1,-1,-1,-1,-1,-1,-1,-1,-1,1,-1,6,3,-1,-1,-1,-1,-1,-1,-1,-1,0,-1
2024010491936,2024,010491936,2,3,0,13,13,5,1,0,0,0,0,0,0,0,1,1,1,1,1,39,7,-1,-1,-1,-1,1,E01001730,0,1
2024552400992,2024,552400992,2,1,0,9,9,5,3,0,0,6,0,0,0,0,3,1,6,6,1,40,7,-1,-1,-1,-1,8,E01015272,0,2
2024320256986,2024,320256986,2,1,0,-1,-1,8,6,0,0,8,0,0,0,0,1,1,6,6,1,40,7,-1,-1,-1,-1,1,E01026149,0,1
2024010515093,2024,010515093,2,9,0,99,99,9,9,99,99,6,9,99,9,99,2,9,6,6,3,-1,-1,-1,-1,-1,-1,-1,-1,0,-1
2024430595621,2024,430595621,2,98,0,5,5,1,1,0,0,3,0,0,0,0,1,1,6,6,1,51,8,-1,-1,-1,-1,3,E01016746,0,2
2024302400160,2024,302400160,1,9,0,18,19,2,6,0,0,0,0,11,0,0,1,2,2,2,1,58,9,-1,-1,-1,-1,6,E01019545,0,3
2024351432197,2024,351432197,3,8,-1,-1,-1,-1,-1,-1,-1,6,-1,-1,-1,0,-1,9,-1,6,3,-1,-1,-1,-1,-1,-1,-1,-1,0,-1
2024451453349,2024,451453349,2,1,0,-1,19,1,5,-1,0,1,2,0,0,0,0,1,-1,9,2,54,8,-1,-1,-1,-1,4,E01001015,0,3
2024440101122,2024,440101122,3,9,0,18,19,4,8,0,0,0,1,0,0,0,2,1,6,6,1,78,11,-1,-1,-1,-1,9,E01022659,0,3
2024351495588,2024,351495588,2,1,0,-1,7,1,5,-1,0,4,0,0,0,0,4,1,-1,6,1,51,8,-1,-1,-1,-1,3,E01017975,0,1
2024041471764,2024,041471764,1,98,0,-1,5,8,3,-1,-1,7,0,0,0,0,0,9,-1,6,3,-1,-1,-1,-1,-1,-1,-1,-1,0,-1
2024010533382,2024,010533382,1,9,0,99,99,9,9,99,99,9,9,99,9,99,1,9,6,6,3,-1,-1,-1,-1,-1,-1,-1,-1,0,-1
2024141412600,2024,141412600,2,1,0,-1,19,1,5,-1,0,4,0,0,0,0,4,1,-1,9,1,59,9,-1,-1,-1,-1,-1,-1,0,-1
2024041495763,2024,041495763,1,9,0,-1,-1,-1,-1,-1,-1,0,-1,-1,-1,0,-1,9,-1,6,3,-1,-1,-1,-1,-1,-1,-1,-1,0,-1
2024010497170,2024,010497170,1,9,0,9,9,3,1,0,0,5,0,0,1,0,1,1,3,7,2,40,7,-1,-1,-1,-1,2,E01000091,0,1
2024010487503,2024,010487503,1,3,0,99,99,9,9,99,99,9,9,99,9,99,9,1,6,6,3,34,6,-1,-1,-1,-1,4,E01001174,0,2
2024010545438,2024,010545438,1,1,9,99,99,9,9,99,99,9,9,99,9,99,9,1,2,2,3,58,9,-1,-1,-1,-1,9,E01004103,0,1
2024610024924,2024,610024924,2,9,0,9,9,5,3,0,0,8,0,0,0,0,1,1,6,6,2,19,4,-1,-1,-1,-1,3,W01001348,0,1
2024010488291,2024,010488291,2,9,0,18,19,6,2,0,0,0,0,0,0,0,1,1,6,6,3,-1,-1,-1,-1,-1,-1,-1,-1,0,-1
2024201399031,2024,201399031,2,9,0,-1,4,3,7,-1,0,0,0,0,0,0,2,9,-1,6,3,30,6,-1,-1,-1,-1,-1,-1,0,-1
2024430009196,2024,430009196,2,9,0,8,8,6,8,0,0,1,0,0,1,0,3,1,6,6,1,44,7,-1,-1,-1,-1,8,E01023692,0,4
2024421521111,2024,421521111,1,9,0,-1,19,6,2,-1,0,7,0,0,0,0,0,9,-1,6,3,-1,-1,-1,-1,-1,-1,-1,-1,0,-1
2024010510326,2024,010510326,1,1,9,99,99,9,9,99,99,1,9,99,9,99,9,1,6,6,2,26,6,-1,-1,-1,-1,5,E01003913,0,1
2024141429341,2024,141429341,1,9,0,-1,11,8,4,-1,0,0,5,0,0,0,4,1,-1,9,1,48,8,-1,-1,-1,-1,1,E01007847,0,1
2024122500167,2024,122500167,2,16,0,18,19,8,4,0,0,0,0,0,0,0,2,1,6,6,2,47,8,-1,-1,-1,-1,7,E01027760,0,1
2024522401806,2024,522401806,2,9,0,9,9,2,8,0,0,5,0,0,0,0,1,1,6,6,3,-1,-1,-1,-1,-1,-1,-1,-1,0,-1
2024461426130,2024,461426130,2,1,0,-1,15,7,3,-1,0,0,0,8,0,0,4,1,-1,6,1,65,9,-1,-1,-1,-1,-1,-1,0,-1
2024610034824,2024,610034824,2,90,0,18,19,9,9,0,0,1,0,0,0,0,4,1,6,6,1,9,2,-1,-1,-1,-1,6,W01001576,0,1
2024361494736,2024,361494736,2,1,0,-1,19,3,7,-1,0,8,5,0,0,0,1,1,-1,6,1,62,9,-1,-1,-1,-1,1,E01026626,0,1
2024311530146,2024,311530146,1,9,0,-1,19,1,5,-1,0,1,0,0,0,0,3,9,-1,6,3,-1,-1,-1,-1,-1,-1,-1,-1,0,-1
2024141498774,2024,141498774,2,1,0,-1,19,4,7,-1,0,1,5,0,0,0,1,1,-1,6,1,43,7,-1,-1,-1,-1,6,E01008160,0,1
2024440359594,2024,440359594,1,1,0,18,19,8,5,0,0,3,0,0,0,0,4,1,6,6,2,33,6,-1,-1,-1,-1,3,E01017080,0,1
2024101495699,2024,101495699,1,97,-1,-1,19,7,3,-1,0,8,0,0,0,0,3,1,-1,6,1,20,4,-1,-1,-1,-1,-1,-1,0,-1
2024070398167,2024,070398167,2,9,0,3,3,7,5,0,0,1,0,0,0,0,2,1,6,6,1,24,5,-1,-1,-1,-1,2,E01012412,0,1
2024010531845,2024,010531845,2,1,9,99,99,9,9,99,99,9,9,99,9,99,2,1,6,6,1,36,7,-1,-1,-1,-1,4,E01004043,0,2
2024461478912,2024,461478912,1,98,0,-1,19,5,1,-1,0,0,0,0,0,0,1,9,-1,6,3,-1,-1,-1,-1,-1,-1,-1,-1,0,-1
2024041454932,2024,041454932,1,9,0,-1,5,1,5,-1,0,0,0,0,0,0,2,1,-1,9,2,84,11,-1,-1,-1,-1,7,E01025169,0,1
2024520401654,2024,520401654,2,5,0,18,19,4,8,0,0,0,0,0,0,0,1,1,6,6,1,60,9,-1,-1,-1,-1,5,E01029154,0,2
2024010511662,2024,010511662,2,9,0,18,19,1,5,0,0,9,0,99,0,0,9,9,6,6,3,-1,-1,-1,-1,-1,-1,-1,-1,0,-1
2024201518095,2024,201518095,1,9,0,-1,9,6,4,-1,0,2,0,0,0,0,1,1,-1,6,3,20,4,-1,-1,-1,-1,-1,-1,0,-1
2024522500216,2024,522500216,1,1,0,4,4,7,3,0,0,8,0,0,0,0,1,1,2,2,2,23,5,-1,-1,-1,-1,1,E01032518,0,2
2024010539510,2024,010539510,2,1,9,99,99,9,9,99,99,9,9,99,9,99,9,1,6,6,1,27,6,-1,-1,-1,-1,7,E01000981,0,1
2024430511022,2024,430511022,2,1,0,18,19,2,6,0,0,1,0,0,0,0,4,1,6,6,1,17,4,-1,-1,-1,-1,3,E01017665,0,1
2024332400529,2024,332400529,1,9,0,-1,8,3,5,-1,0,1,0,0,0,0,2,1,-1,2,2,42,7,-1,-1,-1,-1,9,E01025614,0,2
2024421471491,2024,421471491,3,9,0,-1,4,1,5,-1,0,0,0,0,0,0,2,9,-1,6,2,30,6,-1,-1,-1,-1,-1,-1,0,-1
2024320163788,2024,320163788,1,9,0,-1,-1,7,3,0,0,0,0,0,7,4,1,1,-1,-1,1,77,11,-1,-1,-1,-1,-1,-1,0,-1
2024211408252,2024,211408252,2,90,0,-1,19,5,1,-1,0,1,0,4,7,0,1,9,-1,9,2,46,8,-1,-1,-1,-1,1,E01014250,0,1
2024351541885,2024,351541885,2,1,0,-1,19,3,7,-1,0,4,0,0,0,0,1,1,-1,6,1,-1,-1,-1,-1,-1,-1,-1,-1,0,-1
2024430260125,2024,430260125,2,9,0,18,19,7,3,0,0,8,0,0,0,0,1,1,2,2,2,29,6,-1,-1,-1,-1,10,E01035262,0,1
2024231490948,2024,231490948,2,1,0,-1,19,8,4,-1,0,0,0,0,0,0,3,1,-1,2,1,21,5,-1,-1,-1,-1,3,E01031073,0,1
2024991419575,2024,991419575,2,98,0,-1,19,5,1,-1,0,1,0,0,0,0,4,1,-1,1,1,60,9,-1,-1,-1,-1,5,-1,0,2
2024061482808,2024,061482808,3,9,0,-1,3,3,1,-1,0,1,0,0,0,0,2,1,-1,6,2,29,6,-1,-1,-1,-1,-1,-1,0,-1
2024231505443,2024,231505443,1,9,0,-1,19,4,8,-1,0,8,0,0,0,0,4,9,-1,1,3,30,6,-1,-1,-1,-1,-1,-1,0,-1
2024141407038,2024,141407038,2,9,0,-1,19,4,8,-1,0,0,0,0,0,0,3,1,-1,2,1,59,9,-1,-1,-1,-1,6,E01007695,0,2
2024302400535,2024,302400535,2,1,0,18,19,7,3,0,0,0,0,0,0,0,2,1,6,6,1,71,10,-1,-1,-1,-1,8,E01019874,0,3
2024010489715,2024,010489715,1,9,0,2,2,0,0,0,0,2,0,4,0,0,3,1,6,6,3,-1,-1,-1,-1,-1,-1,-1,-1,0,-1
2024541226024,2024,541226024,2,1,0,18,19,8,4,0,0,0,0,0,0,0,1,1,6,6,1,33,6,-1,-1,-1,-1,7,E01032002,0,1
2024430019942,2024,430019942,1,9,0,18,19,3,7,0,0,0,1,0,0,0,1,1,2,2,1,41,7,-1,-1,-1,-1,7,E01023351,0,4
2024010491925,2024,010491925,2,9,0,99,99,9,9,99,99,9,9,99,9,99,4,9,6,6,3,-1,-1,-1,-1,-1,-1,-1,-1,0,-1
2024010498304,2024,010498304,1,9,0,18,19,5,1,0,0,0,0,0,0,0,4,1,6,6,3,-1,-1,-1,-1,-1,-1,-1,-1,0,-1
2024071028406,2024,071028406,2,20,0,-1,2,0,0,-1,99,0,0,0,0,0,1,1,-1,6,3,-1,-1,-1,-1,-1,-1,-1,-1,0,-1
2024545797824,2024,545797824,1,9,0,18,19,7,3,0,0,0,0,0,7,0,1,1,6,6,1,78,11,-1,-1,-1,-1,8,E01028726,0,4
2024010492042,2024,010492042,2,9,0,99,99,9,9,99,99,9,9,99,9,99,1,9,6,6,3,-1,-1,-1,-1,-1,-1,-1,-1,0,-1
2024221490089,2024,221490089,2,11,0,-1,5,5,1,-1,0,1,0,0,0,0,0,9,-1,1,3,56,9,-1,-1,-1,-1,-1,-1,0,-1
2024311458977,2024,311458977,1,9,0,-1,19,5,1,-1,0,8,0,0,0,0,1,1,-1,9,1,47,8,-1,-1,-1,-1,3,E01028297,0,1
2024340WN6282,2024,340WN6282,2,1,0,-1,19,5,1,-1,0,8,0,0,0,0,1,1,-1,1,1,62,9,-1,-1,-1,-1,9,E01027254,0,2
2024991420873,2024,991420873,1,9,0,-1,19,7,3,-1,0,3,0,0,0,0,2,2,-1,6,-1,63,9,-1,-1,-1,-1,3,-1,0,4
2024131428869,2024,131428869,1,9,0,-1,11,1,5,-1,0,2,0,0,0,0,0,1,-1,6,2,-1,-1,-1,-1,-1,-1,-1,-1,0,-1
2024430463282,2024,430463282,2,3,0,18,19,1,5,0,0,4,-1,-1,-1,-1,1,1,6,6,1,23,5,-1,-1,-1,-1,8,E01016783,0,2
2024201517235,2024,201517235,1,9,0,-1,19,6,2,-1,0,0,0,0,0,0,1,1,-1,6,1,49,8,-1,-1,-1,-1,2,E01010476,0,1
2024201519017,2024,201519017,2,1,0,-1,19,3,7,-1,0,3,0,0,0,0,1,1,-1,6,1,56,9,-1,-1,-1,-1,2,E01009348,0,1
2024010529439,2024,010529439,1,1,9,99,99,9,9,99,99,9,9,99,9,99,1,1,2,2,2,34,6,-1,-1,-1,-1,3,E01033704,0,1
2024320551991,2024,320551991,2,1,0,-1,-1,4,8,0,0,0,5,0,0,0,1,1,-1,-1,2,57,9,-1,-1,-1,-1,7,E01026333,0,1
2024010521447,2024,010521447,1,1,0,5,5,1,5,0,0,1,0,0,0,0,2,1,2,2,1,38,7,-1,-1,-1,-1,4,E01001636,0,1
2024041423606,2024,041423606,1,9,0,-1,4,5,1,-1,0,0,0,0,0,0,1,1,-1,6,3,-1,-1,-1,-1,-1,-1,-1,-1,0,-1
2024010489239,2024,010489239,1,9,0,99,99,9,9,0,0,0,9,99,9,99,2,9,1,1,1,51,8,-1,-1,-1,-1,-1,-1,0,-1
2024471502796,2024,471502796,1,-1,0,-1,19,5,1,-1,9,8,0,0,0,0,1,1,-1,2,1,30,6,-1,-1,-1,-1,5,E01031771,1,1
2024991494611,2024,991494611,2,9,0,-1,19,2,6,-1,0,0,0,0,0,0,1,1,-1,6,2,28,6,-1,-1,-1,-1,6,-1,0,3
2024010529682,2024,010529682,2,1,9,99,99,9,9,99,99,9,9,99,9,99,9,1,2,2,1,34,6,-1,-1,-1,-1,6,E01001237,0,1
2024141422249,2024,141422249,2,1,0,-1,19,6,2,-1,0,1,1,0,0,0,1,1,-1,6,1,33,6,-1,-1,-1,-1,1,E01007946,0,1
2024010539755,2024,010539755,2,9,0,9,9,5,3,2,2,8,0,0,0,0,1,1,6,6,3,-1,-1,-1,-1,-1,-1,-1,-1,0,-1
2024010535910,2024,010535910,3,9,9,99,99,9,9,99,99,9,9,99,9,99,9,9,6,6,3,-1,-1,-1,-1,-1,-1,-1,-1,0,-1
2024010488508,2024,010488508,1,1,9,99,99,9,9,99,99,9,9,99,9,99,9,1,1,1,1,34,6,-1,-1,-1,-1,1,E01001740,0,1
2024101455561,2024,101455561,1,19,0,-1,19,8,4,-1,0,8,0,0,0,0,4,1,-1,1,1,20,4,-1,-1,-1,-1,1,E01008608,0,2
2024010504579,2024,010504579,2,9,0,99,99,9,9,99,99,9,9,99,9,99,9,9,6,6,3,-1,-1,-1,-1,-1,-1,-1,-1,0,-1
2024332401245,2024,332401245,2,1,0,-1,19,2,6,-1,0,8,0,0,0,0,4,1,-1,6,2,37,7,-1,-1,-1,-1,5,E01032862,0,1
2024161522859,2024,161522859,1,1,0,-1,9,3,1,-1,0,8,2,0,0,0,0,1,-1,6,1,32,6,-1,-1,-1,-1,3,E01012866,0,1
2024221492084,2024,221492084,2,9,0,-1,19,8,4,-1,0,0,0,0,0,0,0,1,-1,1,1,19,4,-1,-1,-1,-1,4,E01014001,0,3
2024311461663,2024,311461663,2,1,0,-1,19,7,3,-1,0,0,0,0,0,0,1,1,-1,6,1,43,7,-1,-1,-1,-1,-1,-1,0,-1
2024501462829,2024,501462829,1,1,0,-1,9,2,5,-1,0,2,5,0,0,0,3,1,-1,2,2,19,4,-1,-1,-1,-1,7,E01020071,0,1
2024070771641,2024,070771641,2,1,0,-1,19,1,5,-1,0,1,0,0,1,0,2,1,-1,9,1,12,3,-1,-1,-1,-1,10,E01018436,0,1
2024401463242,2024,401463242,2,19,0,-1,19,2,6,-1,0,0,0,0,0,0,3,1,-1,6,1,67,10,-1,-1,-1,-1,9,E01017582,0,1
2024991512967,2024,991512967,2,9,0,-1,19,1,6,-1,0,0,0,0,0,0,3,1,-1,1,1,24,5,-1,-1,-1,-1,-1,-1,0,-1
2024031436008,2024,031436008,1,9,0,-1,19,5,1,-1,0,0,0,0,0,0,3,9,-1,6,3,-1,-1,-1,-1,-1,-1,-1,-1,0,-1
2024010525884,2024,010525884,1,19,9,99,99,9,9,99,99,9,9,99,9,99,9,9,6,6,3,-1,-1,-1,-1,-1,-1,-1,-1,0,-1
2024451444208,2024,451444208,1,1,0,-1,19,4,5,-1,0,1,0,0,1,0,4,1,-1,9,2,52,8,-1,-1,-1,-1,10,E01030831,0,2
2024010488562,2024,010488562,1,9,0,4,4,5,1,0,0,0,0,0,0,0,2,1,6,6,2,26,6,-1,-1,-1,-1,9,E01023577,0,3
2024501493865,2024,501493865,2,9,0,-1,4,3,7,-1,0,0,0,0,0,0,2,1,-1,6,1,51,8,-1,-1,-1,-1,3,E01020155,0,1
2024552401417,2024,552401417,1,9,0,18,19,8,4,0,0,0,0,0,0,0,3,1,6,6,3,-1,-1,-1,-1,-1,-1,-1,-1,0,-1
2024430498379,2024,430498379,2,9,0,4,4,3,7,0,0,1,0,0,0,0,2,1,6,6,2,60,9,-1,-1,-1,-1,3,E01016741,0,1
2024520401822,2024,520401822,2,9,0,18,19,1,5,0,0,8,0,0,0,0,1,1,6,6,3,-1,-1,-1,-1,-1,-1,-1,-1,0,-1
2024010528406,2024,010528406,2,9,9,18,19,1,5,99,99,0,9,99,0,0,1,9,6,6,3,-1,-1,-1,-1,-1,-1,-1,-1,0,-1
2024302401508,2024,302401508,1,9,0,4,4,4,8,0,0,2,0,0,0,0,2,1,6,6,3,-1,-1,-1,-1,-1,-1,5,E01019456,0,3
2024201463276,2024,201463276,1,9,0,-1,7,3,6,-1,0,6,0,0,0,0,1,1,-1,6,1,30,6,-1,-1,-1,-1,1,E01009511,0,2
2024991578008,2024,991578008,2,9,0,-1,9,5,1,-1,0,1,0,0,0,0,3,1,-1,6,1,57,9,-1,-1,-1,-1,-1,-1,0,-1
2024430478828,2024,430478828,1,1,0,18,19,1,5,0,0,0,0,0,0,0,1,1,6,6,1,62,9,-1,-1,-1,-1,10,E01028823,0,1
2024471461147,2024,471461147,1,9,0,-1,7,7,2,-1,0,8,0,0,0,0,1,1,-1,6,2,-1,-1,-1,-1,-1,-1,-1,-1,0,-1
2024440339885,2024,440339885,2,9,0,18,19,3,7,0,0,1,0,0,0,0,1,1,6,6,3,-1,-1,-1,-1,-1,-1,-1,-1,0,-1
2024430044598,2024,430044598,1,98,0,18,19,6,2,0,0,0,0,0,0,0,0,1,6,6,3,-1,-1,-1,-1,-1,-1,-1,-1,0,-1
202454F244824,2024,54F244824,1,9,0,18,19,1,4,0,0,0,0,0,0,0,0,1,6,6,3,-1,-1,-1,-1,-1,-1,-1,-1,0,-1
2024010526199,2024,010526199,2,1,9,99,99,9,9,99,99,9,9,99,9,99,1,1,6,6,1,28,6,-1,-1,-1,-1,2,E01000544,0,2
2024451502966,2024,451502966,1,1,0,-1,19,3,7,-1,0,1,0,0,0,0,3,1,-1,9,1,70,10,-1,-1,-1,-1,7,E01030527,0,4
2024302400081,2024,302400081,1,9,0,18,19,3,7,0,0,0,1,0,1,4,1,1,6,6,1,31,6,-1,-1,-1,-1,2,E01029450,0,3
2024101526685,2024,101526685,4,9,0,-1,2,1,5,-1,0,0,0,0,0,0,0,1,-1,6,1,33,6,-1,-1,-1,-1,3,E01008182,0,2
2024320580033,2024,320580033,2,9,0,-1,-1,4,8,0,0,0,0,0,0,0,1,1,-1,-1,2,20,4,-1,-1,-1,-1,3,E01026068,0,1
2024430374498,2024,430374498,2,9,0,18,19,3,7,0,0,0,0,0,0,0,1,1,6,6,1,81,11,-1,-1,-1,-1,7,E01034464,0,3
2024430402627,2024,430402627,2,9,0,18,19,3,7,0,0,8,0,0,0,0,4,1,1,1,1,26,6,-1,-1,-1,-1,6,E01016754,0,2
2024010532327,2024,010532327,1,9,9,99,99,9,9,99,99,9,9,99,9,99,9,9,6,6,3,-1,-1,-1,-1,-1,-1,-1,-1,0,-1
2024361496333,2024,361496333,1,9,0,-1,9,5,2,-1,0,1,0,0,0,0,0,1,-1,6,2,71,10,-1,-1,-1,-1,6,E01026924,0,2
2024471395617,2024,471395617,1,9,0,-1,19,7,3,-1,0,0,0,0,0,0,1,1,-1,9,2,20,4,-1,-1,-1,-1,10,E01004180,0,4
2024010537697,2024,010537697,1,9,0,18,19,5,1,0,0,0,0,0,0,0,1,1,1,1,1,57,9,-1,-1,-1,-1,2,E01033703,0,2
2024010510581,2024,010510581,1,1,9,99,99,9,9,99,99,9,9,99,9,99,9,1,6,6,3,38,7,-1,-1,-1,-1,3,E01001841,0,1
2024131424280,2024,131424280,1,9,0,-1,19,7,3,-1,0,0,0,0,0,0,1,1,-1,6,1,47,8,-1,-1,-1,-1,2,E01032487,0,1
2024010532947,2024,010532947,1,1,0,18,19,7,3,0,0,1,0,0,0,0,3,1,6,6,1,52,8,-1,-1,-1,-1,4,E01034616,0,1
2024010530921,2024,010530921,2,1,0,5,5,5,1,0,0,8,0,0,0,0,0,1,2,2,1,20,4,-1,-1,-1,-1,4,E01003222,0,1
2024201531451,2024,201531451,2,9,0,-1,9,3,2,-1,0,8,0,0,0,0,3,1,-1,6,1,23,5,-1,-1,-1,-1,1,E01009275,0,1
2024031468971,2024,031468971,2,9,0,-1,19,3,7,-1,0,0,0,0,0,0,3,9,-1,6,3,-1,-1,-1,-1,-1,-1,-1,-1,0,-1
2024010517550,2024,010517550,1,1,9,99,99,9,9,99,99,9,9,99,9,99,9,1,6,6,1,34,6,-1,-1,-1,-1,3,E01004260,0,2
2024131495224,2024,131495224,2,22,0,-1,4,1,5,-1,9,0,0,0,0,0,1,1,-1,9,2,70,10,-1,-1,-1,-1,3,E01011718,0,1
2024101439962,2024,101439962,2,1,0,-1,20,0,0,-1,0,0,0,0,0,0,2,1,-1,6,1,12,3,-1,-1,-1,-1,4,E01027375,0,1
2024010546644,2024,010546644,1,9,0,-1,-1,5,1,0,0,0,1,0,0,0,3,1,1,1,1,30,6,-1,-1,-1,-1,10,E01004117,0,2
2024010514464,2024,010514464,1,1,9,99,99,9,9,99,99,9,9,99,9,99,2,1,6,6,1,36,7,-1,-1,-1,-1,4,E01004031,0,1
2024061404549,2024,061404549,1,9,0,-1,3,2,8,-1,0,2,0,0,0,0,1,1,-1,9,2,34,6,-1,-1,-1,-1,8,E01005880,0,2
2024010487476,2024,010487476,2,9,0,99,99,9,9,99,99,9,9,99,9,99,1,9,6,6,3,-1,-1,-1,-1,-1,-1,-1,-1,0,-1
2024101450553,2024,101450553,3,9,0,-1,-1,-1,-1,-1,-1,8,-1,-1,-1,0,-1,1,-1,6,1,-1,-1,-1,-1,-1,-1,1,E01008170,0,1
2024010521198,2024,010521198,1,90,0,18,19,1,5,0,0,1,0,0,0,0,1,1,6,6,1,36,7,-1,-1,-1,-1,5,E01003217,0,1
2024010530884,2024,010530884,1,9,0,99,99,9,9,99,99,9,9,99,9,99,9,9,6,6,2,51,8,-1,-1,-1,-1,5,E01003683,0,1
2024010534909,2024,010534909,1,9,0,18,19,5,1,9,9,1,0,10,1,2,1,1,6,6,1,24,5,-1,-1,-1,-1,2,E01003966,0,1
2024101417712,2024,101417712,2,1,0,-1,19,6,4,-1,0,8,0,0,0,0,1,1,-1,7,1,11,3,-1,-1,-1,-1,4,E01008555,0,1