collision_index,collision_year,collision_ref_no,vehicle_reference,vehicle_type,towing_and_articulation,vehicle_manoeuvre_historic,vehicle_manoeuvre,vehicle_direction_from,vehicle_direction_to,vehicle_location_restricted_lane_historic,vehicle_location_restricted_lane,junction_location,skidding_and_overturning,hit_object_in_carriageway,vehicle_leaving_carriageway,hit_object_off_carriageway,first_point_of_impact,vehicle_left_hand_drive,journey_purpose_of_driver_historic,journey_purpose_of_driver,sex_of_driver,age_of_driver,age_band_of_driver,engine_capacity_cc,propulsion_code,age_of_vehicle,generic_make_model,driver_imd_decile,lsoa_of_driver,escooter_flag,driver_distance_banding
2024221420080,2024,221420080,2,9,0,-1,4,7,3,-1,0,0,0,0,0,0,2,9,-1,9,1,42,7,-1,-1,-1,-1,9,E01035060,0,1
2024340WN1662,2024,340WN1662,2,19,0,-1,19,1,5,-1,0,8,0,0,0,0,3,1,-1,1,1,31,6,-1,-1,-1,-1,1,E01027200,0,1
2024461467774,2024,461467774,2,1,0,-1,19,1,5,-1,0,8,0,0,0,0,3,1,-1,6,2,58,9,-1,-1,-1,-1,3,E01024092,0,1
2024631476170,2024,631476170,2,98,0,-1,19,2,6,-1,0,8,0,0,0,0,1,1,-1,1,1,65,9,-1,-1,-1,-1,5,W01000509,0,2
202417H107324,2024,17H107324,2,9,0,-1,13,7,3,-1,0,1,0,0,0,0,0,1,-1,6,3,-1,-1,-1,-1,-1,-1,-1,-1,0,-1
2024010508724,2024,010508724,1,1,9,99,99,9,9,99,99,9,9,99,9,99,2,1,6,6,1,31,6,-1,-1,-1,-1,2,E01003184,0,1
2024501454732,2024,501454732,1,19,0,-1,5,1,3,-1,0,2,0,0,0,0,4,2,-1,1,2,59,9,-1,-1,-1,-1,5,E01020049,0,4
2024531436018,2024,531436018,2,1,0,-1,19,5,1,-1,9,0,0,0,0,0,1,1,-1,6,1,6,2,-1,-1,-1,-1,6,E01034815,0,1
2024471477022,2024,471477022,2,9,0,-1,7,1,3,-1,0,0,5,0,1,0,2,1,-1,2,1,32,6,-1,-1,-1,-1,6,E01030515,0,2
2024041459166,2024,041459166,2,9,0,-1,19,2,6,-1,0,1,0,0,7,0,1,1,-1,2,1,35,6,-1,-1,-1,-1,2,E01025060,0,4
2024131414817,2024,131414817,2,9,0,-1,9,-1,-1,-1,0,8,0,0,0,0,-1,1,-1,6,3,-1,-1,-1,-1,-1,-1,-1,-1,0,-1
2024430140941,2024,430140941,2,9,0,18,19,4,8,0,0,8,0,0,0,0,1,1,6,6,1,-1,-1,-1,-1,-1,-1,-1,-1,0,-1
2024440562573,2024,440562573,2,9,0,7,7,2,6,0,0,4,0,0,0,0,1,1,6,6,3,75,10,-1,-1,-1,-1,9,E01023263,0,1
2024221506281,2024,221506281,1,21,1,-1,19,3,7,-1,0,0,2,0,1,10,1,1,-1,1,1,36,7,-1,-1,-1,-1,5,E01009749,0,4
2024481510851,2024,481510851,1,1,0,-1,19,3,7,-1,5,2,0,0,0,0,1,1,-1,2,1,52,8,-1,-1,-1,-1,-1,-1,0,-1
2024122400355,2024,122400355,2,9,0,12,12,1,5,0,0,0,0,0,0,0,0,1,1,1,1,66,10,-1,-1,-1,-1,3,E01011090,0,4
2024010491141,2024,010491141,1,9,0,99,99,9,9,99,99,9,9,99,9,99,1,9,6,6,2,25,5,-1,-1,-1,-1,2,E01003350,0,1
2024351540902,2024,351540902,2,1,0,-1,19,1,5,-1,0,0,0,0,0,0,1,1,-1,2,1,30,6,-1,-1,-1,-1,7,E01035526,0,1
2024501448642,2024,501448642,2,9,0,-1,10,4,8,-1,0,4,0,0,0,0,4,9,-1,2,2,18,4,-1,-1,-1,-1,2,E01019990,0,2
2024010538281,2024,010538281,2,9,0,99,99,9,9,99,99,6,9,99,9,99,9,9,6,6,3,-1,-1,-1,-1,-1,-1,-1,-1,0,-1
2024991441971,2024,991441971,1,9,0,-1,19,5,1,-1,0,0,0,12,0,0,1,1,-1,9,2,70,10,-1,-1,-1,-1,10,-1,0,4
2024010492308,2024,010492308,1,5,0,18,19,3,7,0,0,0,0,0,0,0,1,1,6,6,1,46,8,-1,-1,-1,-1,7,E01031979,0,5
2024991460987,2024,991460987,2,90,0,-1,19,6,2,-1,0,0,0,0,0,0,1,2,-1,2,1,24,5,-1,-1,-1,-1,9,-1,0,1
2024010508196,2024,010508196,1,1,9,99,99,9,9,99,99,9,9,99,0,0,9,1,2,2,1,47,8,-1,-1,-1,-1,2,E01003174,0,1
2024010527825,2024,010527825,2,19,0,99,99,9,9,99,99,9,9,99,9,99,0,9,6,6,3,-1,-1,-1,-1,-1,-1,-1,-1,0,-1
2024041504733,2024,041504733,1,9,0,-1,19,3,7,-1,0,1,0,0,0,0,3,1,-1,9,1,42,7,-1,-1,-1,-1,5,E01024954,0,2
2024070977288,2024,070977288,1,19,9,-1,9,2,3,-1,0,1,0,0,9,99,9,-1,-1,6,3,50,8,-1,-1,-1,-1,-1,-1,0,-1
2024010492417,2024,010492417,2,9,0,99,99,9,9,99,99,9,9,99,9,99,1,9,6,6,3,-1,-1,-1,-1,-1,-1,-1,-1,0,-1
2024552400629,2024,552400629,1,9,0,6,6,5,5,0,0,8,0,0,0,0,3,1,6,6,1,87,11,-1,-1,-1,-1,10,E01015342,0,1
2024351403801,2024,351403801,1,1,0,-1,19,1,5,-1,0,8,5,0,0,0,3,1,-1,1,1,55,8,-1,-1,-1,-1,3,E01017978,0,1
2024211501395,2024,211501395,1,99,0,-1,19,3,7,-1,0,0,0,0,0,0,4,1,-1,6,1,40,7,-1,-1,-1,-1,-1,-1,0,-1
2024201479031,2024,201479031,2,9,0,-1,2,0,0,-1,0,0,0,0,0,0,2,1,-1,2,2,32,6,-1,-1,-1,-1,2,E01009883,0,1
2024340WN6452,2024,340WN6452,2,9,0,-1,19,5,2,-1,0,8,0,0,1,0,1,1,-1,6,1,23,5,-1,-1,-1,-1,2,E01027155,0,1
2024141442225,2024,141442225,1,98,0,-1,19,4,8,-1,0,0,0,0,0,0,1,9,-1,6,3,-1,-1,-1,-1,-1,-1,-1,-1,0,-1
2024440424423,2024,440424423,1,9,0,18,19,5,1,0,0,1,0,0,3,1,1,1,6,6,2,80,11,-1,-1,-1,-1,8,E01032664,0,1
2024010488065,2024,010488065,3,11,0,99,99,9,9,99,99,9,9,99,9,99,1,9,6,6,3,-1,-1,-1,-1,-1,-1,-1,-1,0,-1
2024101418712,2024,101418712,2,9,0,-1,19,2,5,-1,0,8,0,0,0,0,1,1,-1,9,2,59,9,-1,-1,-1,-1,-1,-1,0,-1
2024302400315,2024,302400315,4,9,0,3,3,8,4,0,0,2,0,0,0,0,2,1,6,6,3,-1,-1,-1,-1,-1,-1,5,E01019456,0,2
2024201426874,2024,201426874,2,9,0,-1,19,1,5,-1,0,2,0,0,0,0,3,1,-1,6,1,25,5,-1,-1,-1,-1,-1,-1,0,-1
2024520402677,2024,520402677,2,9,0,18,19,3,7,0,0,0,5,0,0,0,1,1,6,6,1,18,4,-1,-1,-1,-1,6,E01032636,0,1
2024061399320,2024,061399320,2,9,0,-1,19,3,7,-1,0,0,0,0,0,0,1,1,-1,1,1,61,9,-1,-1,-1,-1,2,E01010569,0,4
2024501488844,2024,501488844,1,5,0,-1,19,7,3,-1,0,0,2,0,2,10,4,1,-1,9,2,47,8,-1,-1,-1,-1,-1,-1,0,-1
2024010498404,2024,010498404,3,9,9,18,19,5,1,0,0,2,1,0,0,0,4,9,6,6,1,-1,-1,-1,-1,-1,-1,-1,-1,0,-1
2024041398228,2024,041398228,1,9,0,-1,19,3,7,-1,0,0,0,0,0,0,0,1,-1,6,3,-1,-1,-1,-1,-1,-1,-1,-1,0,-1
2024211448828,2024,211448828,1,97,0,-1,19,5,1,-1,0,1,1,0,1,0,1,1,-1,6,1,16,4,-1,-1,-1,-1,-1,-1,0,-1
2024010497149,2024,010497149,2,9,0,99,99,9,9,99,99,9,9,99,9,99,9,9,6,6,3,-1,-1,-1,-1,-1,-1,-1,-1,0,-1
2024010516025,2024,010516025,2,1,0,18,19,7,3,0,0,0,0,4,0,0,1,1,1,1,1,23,5,-1,-1,-1,-1,3,E01004271,0,1
2024461516407,2024,461516407,2,9,0,-1,7,7,2,-1,0,6,0,0,0,0,4,1,-1,1,1,54,8,-1,-1,-1,-1,5,E01024400,0,4
2024201417362,2024,201417362,2,1,0,-1,19,4,8,-1,0,8,0,10,1,0,3,1,-1,9,1,67,10,-1,-1,-1,-1,2,E01010091,0,1
2024061437016,2024,061437016,2,1,-1,-1,-1,-1,-1,-1,-1,0,-1,-1,-1,0,-1,1,-1,6,3,-1,-1,-1,-1,-1,-1,6,E01006146,0,1
2024010500673,2024,010500673,1,1,9,99,99,9,9,99,99,9,9,99,9,99,9,1,2,2,2,27,6,-1,-1,-1,-1,3,E01035642,0,1
2024430447086,2024,430447086,1,98,0,2,2,0,0,0,0,0,0,0,0,0,0,1,6,6,1,37,7,-1,-1,-1,-1,-1,-1,0,-1
2024041478897,2024,041478897,1,9,0,-1,-1,-1,-1,-1,-1,0,-1,-1,-1,0,-1,9,-1,6,3,-1,-1,-1,-1,-1,-1,-1,-1,0,-1
2024010506901,2024,010506901,1,1,9,99,99,9,9,99,99,9,9,99,9,99,9,1,6,6,1,35,6,-1,-1,-1,-1,1,E01002853,0,1
2024522500109,2024,522500109,2,1,0,18,19,2,6,0,0,8,0,0,0,0,1,1,6,6,1,8,2,-1,-1,-1,-1,3,E01014588,0,1
2024302400018,2024,302400018,1,9,0,16,19,2,4,0,0,1,0,0,0,0,3,1,6,6,3,-1,-1,-1,-1,-1,-1,5,E01019456,0,4
2024622400809,2024,622400809,1,9,0,18,19,2,6,0,0,8,0,0,0,0,4,1,6,6,1,18,4,-1,-1,-1,-1,9,W01001105,0,2
2024010494397,2024,010494397,1,11,0,18,19,1,5,0,0,1,0,0,0,0,0,1,1,1,1,65,9,-1,-1,-1,-1,4,E01001009,0,1
2024010521338,2024,010521338,1,1,9,99,99,9,9,99,99,9,9,99,9,99,9,1,2,2,1,43,7,-1,-1,-1,-1,2,E01003194,0,1
2024461537103,2024,461537103,1,19,0,-1,19,5,1,-1,0,0,0,0,0,0,1,9,-1,6,3,-1,-1,-1,-1,-1,-1,-1,-1,0,-1
2024401468238,2024,401468238,1,97,0,-1,19,3,7,-1,0,0,1,0,4,2,1,1,-1,9,1,15,3,-1,-1,-1,-1,5,E01015712,0,1
2024201448632,2024,201448632,1,9,0,-1,9,1,7,-1,0,6,0,0,0,0,1,1,-1,6,1,-1,-1,-1,-1,-1,-1,-1,-1,0,-1
2024201438958,2024,201438958,1,9,0,-1,19,2,6,-1,0,0,0,0,0,0,1,1,-1,6,3,-1,-1,-1,-1,-1,-1,-1,-1,0,-1
2024010542430,2024,010542430,2,1,0,3,3,1,5,0,0,1,0,0,0,0,1,1,1,1,1,28,6,-1,-1,-1,-1,4,E01000561,0,1
2024411395879,2024,411395879,1,9,0,-1,19,5,1,-1,0,0,1,0,0,0,1,1,-1,9,1,28,6,-1,-1,-1,-1,8,E01002109,0,3
2024010500016,2024,010500016,2,1,0,18,19,5,1,0,0,1,0,0,0,0,1,1,1,1,1,26,6,-1,-1,-1,-1,-1,-1,0,-1
2024501483924,2024,501483924,2,19,0,-1,3,1,5,-1,0,1,0,0,0,0,1,1,-1,9,1,68,10,-1,-1,-1,-1,3,E01018788,0,4
2024201423918,2024,201423918,2,9,0,-1,12,2,8,-1,0,1,0,0,0,0,1,1,-1,6,1,18,4,-1,-1,-1,-1,-1,-1,0,-1
2024161419030,2024,161419030,1,9,0,-1,4,7,3,-1,0,0,0,0,0,0,2,1,-1,9,1,36,7,-1,-1,-1,-1,1,E01012918,0,2
2024430089893,2024,430089893,3,9,0,18,19,4,8,0,0,0,1,11,0,0,1,1,1,1,1,28,6,-1,-1,-1,-1,10,E01017820,0,2
2024320366636,2024,320366636,1,90,0,-1,-1,6,2,9,9,0,5,0,0,0,1,1,-1,-1,1,47,8,-1,-1,-1,-1,2,E01026116,0,1
2024010496185,2024,010496185,2,9,9,99,99,9,9,99,99,0,9,99,9,99,1,9,6,6,3,-1,-1,-1,-1,-1,-1,-1,-1,0,-1
2024430033684,2024,430033684,1,9,0,10,10,4,2,0,0,1,0,0,0,0,1,1,3,7,2,40,7,-1,-1,-1,-1,9,E01017825,0,1
2024471421313,2024,471421313,2,9,0,-1,-1,-1,-1,-1,-1,0,-1,-1,-1,0,0,9,-1,6,3,-1,-1,-1,-1,-1,-1,-1,-1,0,-1
2024302400611,2024,302400611,1,9,0,7,7,4,6,0,0,8,0,0,0,0,1,1,6,6,3,-1,-1,-1,-1,-1,-1,5,E01019456,0,3
2024430238542,2024,430238542,1,3,0,6,6,6,6,0,0,8,0,0,0,0,4,1,2,2,1,38,7,-1,-1,-1,-1,5,E01033838,0,1
2024544090224,2024,544090224,1,9,0,9,9,6,4,0,0,6,0,0,0,0,1,1,6,6,2,30,6,-1,-1,-1,-1,7,E01015582,0,1
2024332400333,2024,332400333,1,9,0,-1,19,1,5,-1,0,1,0,0,0,0,1,1,-1,6,1,-1,-1,-1,-1,-1,-1,-1,-1,0,-1
2024131474541,2024,131474541,1,9,0,-1,5,5,1,-1,-1,1,0,0,0,0,1,1,-1,6,3,40,7,-1,-1,-1,-1,-1,-1,0,-1
2024371507830,2024,371507830,1,9,0,-1,19,3,2,-1,0,1,0,0,0,0,1,1,-1,6,1,-1,-1,-1,-1,-1,-1,-1,-1,0,-1
2024061533051,2024,061533051,2,1,0,-1,19,5,3,-1,0,1,0,0,0,0,1,1,-1,6,1,43,7,-1,-1,-1,-1,7,E01006165,0,2
2024531482025,2024,531482025,3,9,0,-1,4,2,6,-1,0,0,0,0,0,0,1,1,-1,9,2,45,7,-1,-1,-1,-1,9,E01022217,0,1
2024411525495,2024,411525495,2,9,0,-1,2,0,0,-1,0,1,0,0,0,0,3,1,-1,6,-1,-1,-1,-1,-1,-1,-1,-1,-1,0,-1
2024332400376,2024,332400376,2,1,0,-1,19,4,8,-1,9,8,0,0,0,0,1,1,-1,9,1,31,6,-1,-1,-1,-1,4,E01013717,0,1
2024061532781,2024,061532781,1,1,0,-1,2,-1,-1,-1,99,9,9,99,0,0,1,1,-1,6,1,21,5,-1,-1,-1,-1,2,E01004956,0,1
2024041520260,2024,041520260,2,9,0,-1,19,8,4,-1,0,0,0,0,0,0,1,1,-1,9,1,18,4,-1,-1,-1,-1,2,E01025289,0,3
2024010530579,2024,010530579,2,9,0,13,13,9,9,99,99,0,9,99,9,99,9,9,6,6,3,-1,-1,-1,-1,-1,-1,-1,-1,0,-1
2024010515067,2024,010515067,1,1,9,99,99,9,9,99,99,9,9,99,9,99,9,1,6,6,1,23,5,-1,-1,-1,-1,3,E01035679,0,1
2024010545220,2024,010545220,1,1,0,11,11,9,9,99,99,5,9,99,9,99,9,1,6,6,3,24,5,-1,-1,-1,-1,3,E01001860,0,1
2024302401486,2024,302401486,2,11,0,2,2,0,0,0,0,0,0,0,0,0,0,1,6,6,1,50,8,-1,-1,-1,-1,4,E01019495,0,1
2024010547493,2024,010547493,1,1,9,99,99,9,9,99,99,9,9,99,9,99,9,1,2,2,1,35,6,-1,-1,-1,-1,6,E01000174,0,2
2024010499786,2024,010499786,2,1,0,18,19,5,1,0,0,0,0,0,0,0,3,1,6,6,1,30,6,-1,-1,-1,-1,2,E01001783,0,1
2024041457203,2024,041457203,2,1,0,-1,19,-1,-1,-1,0,0,0,0,0,0,-1,1,-1,6,1,18,4,-1,-1,-1,-1,10,E01025475,0,1
2024471504153,2024,471504153,1,9,0,-1,19,8,3,-1,0,0,0,0,0,0,1,1,-1,9,1,47,8,-1,-1,-1,-1,6,E01031342,0,1
2024411453857,2024,411453857,1,9,0,-1,19,5,1,-1,0,0,0,0,1,0,1,1,-1,6,1,40,7,-1,-1,-1,-1,8,E01023541,0,1
2024481557908,2024,481557908,1,9,0,-1,19,3,7,-1,0,0,0,0,0,0,1,1,-1,9,1,46,8,-1,-1,-1,-1,-1,-1,0,-1
2024010496592,2024,010496592,1,9,0,99,99,9,9,99,99,9,9,99,9,99,1,9,2,2,1,26,6,-1,-1,-1,-1,7,E01002173,0,1
2024010513972,2024,010513972,2,9,0,7,7,3,5,0,0,1,0,0,0,0,0,1,6,6,1,62,9,-1,-1,-1,-1,6,E01001997,0,2
2024430002665,2024,430002665,1,9,0,4,4,5,1,0,0,0,0,0,0,0,2,1,1,1,1,53,8,-1,-1,-1,-1,4,E01017850,0,2
2024010499404,2024,010499404,2,9,9,99,99,9,9,99,99,9,9,99,9,99,9,1,6,6,3,-1,-1,-1,-1,-1,-1,-1,-1,0,-1
2024430099076,2024,430099076,1,9,0,18,19,8,4,0,0,8,0,0,0,0,3,1,3,7,2,53,8,-1,-1,-1,-1,10,E01016257,0,2
2024010548616,2024,010548616,1,1,9,99,99,9,9,99,99,0,9,99,9,99,1,1,6,6,3,-1,-1,-1,-1,-1,-1,-1,-1,0,-1
2024531495875,2024,531495875,2,9,0,-1,7,3,1,-1,0,5,0,0,0,0,4,9,-1,1,1,42,7,-1,-1,-1,-1,8,E01014036,0,2
2024430462218,2024,430462218,2,3,0,18,19,4,8,0,0,8,0,0,0,0,4,1,2,2,1,21,5,-1,-1,-1,-1,5,E01016371,0,1
2024141534488,2024,141534488,2,1,0,-1,19,7,3,-1,0,1,0,0,0,0,1,1,-1,6,1,41,7,-1,-1,-1,-1,2,E01007654,0,1
2024221471529,2024,221471529,1,1,0,-1,19,4,8,-1,0,0,0,4,0,0,1,1,-1,9,1,20,4,-1,-1,-1,-1,8,E01028930,0,2
2024010523322,2024,010523322,2,1,0,7,7,7,1,4,4,1,0,0,0,0,2,1,6,6,1,26,6,-1,-1,-1,-1,4,E01035485,0,1
2024501425373,2024,501425373,2,9,0,-1,19,7,3,-1,0,0,0,0,0,0,1,1,-1,2,1,42,7,-1,-1,-1,-1,9,E01020162,0,3
2024131460594,2024,131460594,1,97,0,-1,19,4,8,-1,0,0,0,0,0,0,0,1,-1,6,1,18,4,-1,-1,-1,-1,1,E01011423,0,1
2024430097532,2024,430097532,2,1,0,9,9,8,6,0,0,3,0,0,0,0,3,1,6,6,1,59,9,-1,-1,-1,-1,3,E01017665,0,1
2024201470622,2024,201470622,2,1,0,-1,19,8,4,-1,0,8,0,0,0,0,3,1,-1,9,1,16,4,-1,-1,-1,-1,4,E01009205,0,1
2024401434685,2024,401434685,1,11,-1,-1,-1,-1,-1,-1,-1,0,0,0,0,0,-1,9,-1,1,1,-1,-1,-1,-1,-1,-1,-1,-1,0,-1
2024010531528,2024,010531528,3,9,9,99,99,9,9,99,99,9,9,99,9,99,9,9,6,6,3,-1,-1,-1,-1,-1,-1,-1,-1,0,-1
2024010490968,2024,010490968,1,9,0,18,19,3,7,0,0,8,0,0,1,0,3,1,2,2,2,47,8,-1,-1,-1,-1,9,E01002430,0,1
2024061451216,2024,061451216,2,9,0,-1,19,3,7,-1,0,5,0,0,0,0,0,1,-1,1,1,35,6,-1,-1,-1,-1,5,E01033651,0,1
2024111400211,2024,111400211,2,9,0,-1,19,3,7,-1,0,3,0,0,0,0,4,1,-1,6,1,28,6,-1,-1,-1,-1,6,E01020794,0,1
2024430124051,2024,430124051,2,9,0,11,11,8,4,0,0,3,0,0,0,0,4,1,6,6,3,-1,-1,-1,-1,-1,-1,-1,-1,0,-1
2024991491065,2024,991491065,1,9,0,-1,9,4,3,-1,0,1,0,0,0,0,1,1,-1,1,1,32,6,-1,-1,-1,-1,7,-1,0,4
2024311507904,2024,311507904,1,1,0,-1,19,5,1,-1,9,0,0,0,0,0,1,1,-1,2,1,56,9,-1,-1,-1,-1,2,E01013906,0,1
2024010510122,2024,010510122,1,1,0,7,7,5,7,0,0,8,1,0,0,0,1,1,1,1,1,36,7,-1,-1,-1,-1,2,E01000951,0,1
2024052401009,2024,052401009,1,9,0,18,19,7,3,0,0,0,0,0,0,0,4,1,6,6,3,-1,-1,-1,-1,-1,-1,-1,-1,0,-1
2024131424184,2024,131424184,2,9,0,-1,19,7,7,-1,0,1,0,0,0,0,1,1,-1,6,1,62,9,-1,-1,-1,-1,1,E01024857,0,3
2024010545253,2024,010545253,1,21,1,14,14,7,3,0,0,0,1,0,7,11,1,1,1,1,1,29,6,-1,-1,-1,-1,8,E01003845,0,2
2024161450575,2024,161450575,1,9,0,-1,13,3,7,-1,0,1,0,0,0,0,3,1,-1,6,3,-1,-1,-1,-1,-1,-1,-1,-1,0,-1
2024221427399,2024,221427399,1,9,0,-1,19,7,3,-1,0,2,0,0,0,0,1,9,-1,6,1,24,5,-1,-1,-1,-1,9,W01000444,0,4
2024440399534,2024,440399534,1,1,0,18,19,7,3,0,0,1,0,0,0,0,3,1,6,6,1,68,10,-1,-1,-1,-1,1,E01025574,0,5
2024010498072,2024,010498072,1,9,0,99,99,9,9,99,99,9,9,99,9,99,2,9,6,6,1,32,6,-1,-1,-1,-1,10,E01023715,0,4
2024201442843,2024,201442843,1,9,0,-1,5,4,1,-1,0,0,0,0,0,0,4,1,-1,6,2,44,7,-1,-1,-1,-1,5,E01029637,0,1
2024010487900,2024,010487900,1,9,0,99,99,9,9,99,99,9,9,99,9,99,9,9,6,6,2,53,8,-1,-1,-1,-1,8,E01003676,0,1
2024542576724,2024,542576724,1,9,0,9,9,1,3,0,0,8,0,0,0,0,1,1,6,6,1,50,8,-1,-1,-1,-1,7,E01032015,0,1
2024010488112,2024,010488112,2,9,0,5,5,5,1,0,0,0,0,0,0,0,1,1,6,6,2,45,7,-1,-1,-1,-1,3,E01001177,0,1
2024010519988,2024,010519988,2,1,0,7,7,1,3,0,0,6,0,0,0,0,2,1,6,6,1,19,4,-1,-1,-1,-1,4,E01002711,0,1
2024061423132,2024,061423132,2,1,0,-1,-1,-1,-1,-1,-1,-1,-1,-1,-1,0,-1,1,-1,2,1,68,10,-1,-1,-1,-1,9,E01005864,0,2
2024010493070,2024,010493070,1,8,0,99,99,9,9,99,99,9,9,99,9,99,2,9,6,6,1,40,7,-1,-1,-1,-1,3,E01034483,0,2
2024302400015,2024,302400015,2,9,0,16,19,3,6,0,0,0,0,0,0,0,1,1,6,6,2,56,9,-1,-1,-1,-1,6,W01002003,0,5
2024122400510,2024,122400510,1,8,0,18,19,4,8,0,0,3,0,0,0,0,0,1,6,6,1,59,9,-1,-1,-1,-1,6,E01013384,0,1
2024520402334,2024,520402334,1,9,0,1,1,9,9,0,0,0,0,0,0,0,2,1,6,6,3,-1,-1,-1,-1,-1,-1,-1,-1,0,-1
2024311439427,2024,311439427,1,23,0,-1,19,1,5,-1,0,0,1,9,0,0,1,1,-1,9,1,18,4,-1,-1,-1,-1,-1,-1,0,-1
2024622400403,2024,622400403,1,9,0,5,5,3,5,0,0,2,0,0,0,0,4,1,3,7,2,48,8,-1,-1,-1,-1,1,W01001808,0,1
2024421491827,2024,421491827,2,-1,0,-1,19,1,3,-1,0,2,0,0,0,0,4,1,-1,6,1,32,6,-1,-1,-1,-1,5,E01021651,1,1
2024311406911,2024,311406911,2,1,0,-1,19,5,1,-1,9,0,5,0,0,0,2,1,-1,6,1,18,4,-1,-1,-1,-1,-1,-1,0,-1
2024461516645,2024,461516645,2,1,0,-1,19,3,1,-1,0,2,0,0,0,0,4,1,-1,6,2,36,7,-1,-1,-1,-1,1,E01007499,0,5
2024061416148,2024,061416148,2,9,0,-1,9,5,7,-1,0,1,0,0,0,0,1,1,-1,9,1,60,9,-1,-1,-1,-1,7,E01006127,0,1
2024141484321,2024,141484321,1,23,0,-1,19,5,2,-1,9,2,0,0,8,0,1,1,-1,9,1,16,4,-1,-1,-1,-1,3,E01008125,0,1
2024010541483,2024,010541483,1,1,9,99,99,9,9,99,99,9,9,99,9,99,1,1,2,2,2,23,5,-1,-1,-1,-1,10,E01003874,0,1
2024461532763,2024,461532763,2,1,0,-1,19,7,3,-1,0,8,0,0,0,0,4,1,-1,2,1,44,7,-1,-1,-1,-1,8,E01024760,0,1
2024522401557,2024,522401557,1,19,0,9,9,5,3,0,0,5,0,0,0,0,1,1,6,6,3,-1,-1,-1,-1,-1,-1,-1,-1,0,-1
2024361403386,2024,361403386,1,9,0,-1,19,5,1,-1,0,0,5,0,7,0,1,9,-1,2,2,33,6,-1,-1,-1,-1,7,E01026928,0,1
2024201457477,2024,201457477,2,9,0,-1,9,4,2,-1,0,5,0,0,0,0,1,9,-1,6,3,-1,-1,-1,-1,-1,-1,-1,-1,0,-1
2024991559669,2024,991559669,1,9,0,-1,9,7,5,-1,0,1,0,0,0,0,1,1,-1,1,1,39,7,-1,-1,-1,-1,-1,-1,0,-1
2024421515178,2024,421515178,1,98,0,-1,19,1,5,-1,0,0,0,0,0,0,3,2,-1,1,1,36,7,-1,-1,-1,-1,-1,-1,0,-1
2024131407920,2024,131407920,1,9,0,-1,14,5,1,-1,0,0,0,0,0,0,1,1,-1,2,1,26,6,-1,-1,-1,-1,9,E01011272,0,1
2024010534144,2024,010534144,2,23,0,7,7,7,2,0,0,1,0,0,0,0,4,1,1,1,1,22,5,-1,-1,-1,-1,6,E01002875,0,1
2024010531203,2024,010531203,2,9,0,99,99,9,9,99,99,9,9,99,9,99,1,9,6,6,3,-1,-1,-1,-1,-1,-1,-1,-1,0,-1
2024631483928,2024,631483928,1,9,0,-1,12,5,1,-1,0,0,0,0,0,0,1,1,-1,9,1,75,10,-1,-1,-1,-1,-1,-1,0,-1
2024141442877,2024,141442877,2,-1,0,-1,19,4,8,-1,0,0,0,0,0,0,1,9,-1,6,1,12,3,-1,-1,-1,-1,2,E01007435,1,1
2024010487373,2024,010487373,2,9,9,99,99,9,9,99,99,9,9,99,9,99,9,9,6,6,3,-1,-1,-1,-1,-1,-1,-1,-1,0,-1
2024010517940,2024,010517940,1,9,0,18,19,1,5,0,0,6,0,0,0,0,1,1,2,2,2,37,7,-1,-1,-1,-1,9,E01004073,0,1
2024461453783,2024,461453783,2,1,0,-1,4,1,5,-1,0,0,0,0,0,0,4,1,-1,2,1,34,6,-1,-1,-1,-1,6,E01024172,0,1
2024010488762,2024,010488762,2,9,0,99,99,9,9,99,99,9,9,99,9,99,9,9,6,6,3,-1,-1,-1,-1,-1,-1,-1,-1,0,-1
2024010523667,2024,010523667,2,1,0,18,19,8,4,0,0,1,0,0,0,0,3,1,6,6,2,44,7,-1,-1,-1,-1,4,E01000307,0,1
2024461401096,2024,461401096,3,9,0,-1,19,5,1,-1,0,0,1,0,0,0,1,9,-1,9,2,34,6,-1,-1,-1,-1,6,E01001685,0,4
2024622400594,2024,622400594,2,1,0,18,19,3,7,0,0,6,0,0,0,0,1,1,6,6,2,10,2,-1,-1,-1,-1,4,W01001044,0,1
2024061522494,2024,061522494,1,2,0,-1,19,8,4,-1,0,0,0,0,0,0,-1,1,-1,6,1,-1,-1,-1,-1,-1,-1,-1,-1,0,-1
2024221454721,2024,221454721,2,9,0,-1,19,1,5,-1,0,0,0,0,0,0,1,1,-1,6,1,42,7,-1,-1,-1,-1,2,E01009058,0,4
2024552400315,2024,552400315,1,19,0,9,9,3,1,0,0,6,0,0,0,0,0,1,6,6,3,-1,-1,-1,-1,-1,-1,-1,-1,0,-1
2024031445674,2024,031445674,2,1,-1,-1,-1,-1,-1,-1,-1,-1,-1,-1,-1,0,-1,1,-1,6,1,-1,-1,-1,-1,-1,-1,-1,-1,0,-1
2024131400877,2024,131400877,2,9,0,-1,13,5,1,-1,0,0,0,0,0,0,-1,1,-1,6,3,30,6,-1,-1,-1,-1,-1,-1,0,-1
2024430279608,2024,430279608,1,9,0,18,19,9,9,0,0,8,0,0,0,0,1,1,6,6,1,-1,-1,-1,-1,-1,-1,-1,-1,0,-1
2024351487662,2024,351487662,1,9,-1,-1,-1,-1,-1,-1,-1,0,-1,-1,-1,0,4,9,-1,6,3,-1,-1,-1,-1,-1,-1,-1,-1,0,-1
2024010496366,2024,010496366,2,3,3,7,7,5,7,0,0,1,0,0,0,0,1,1,1,1,1,30,6,-1,-1,-1,-1,3,E01035641,0,1
2024010538624,2024,010538624,1,9,0,99,99,9,9,99,99,9,9,99,9,99,9,9,6,6,3,-1,-1,-1,-1,-1,-1,-1,-1,0,-1
2024010546860,2024,010546860,2,1,0,18,19,3,7,0,0,6,0,0,0,0,2,1,6,6,1,57,9,-1,-1,-1,-1,4,E01003249,0,3
2024010522970,2024,010522970,2,1,9,99,99,9,9,99,99,0,9,99,9,99,1,1,6,6,3,-1,-1,-1,-1,-1,-1,-1,-1,0,-1