collision_index,collision_year,collision_ref_no,vehicle_reference,vehicle_type,towing_and_articulation,vehicle_manoeuvre_historic,vehicle_manoeuvre,vehicle_direction_from,vehicle_direction_to,vehicle_location_restricted_lane_historic,vehicle_location_restricted_lane,junction_location,skidding_and_overturning,hit_object_in_carriageway,vehicle_leaving_carriageway,hit_object_off_carriageway,first_point_of_impact,vehicle_left_hand_drive,journey_purpose_of_driver_historic,journey_purpose_of_driver,sex_of_driver,age_of_driver,age_band_of_driver,engine_capacity_cc,propulsion_code,age_of_vehicle,generic_make_model,driver_imd_decile,lsoa_of_driver,escooter_flag,driver_distance_banding
2024141405909,2024,141405909,1,9,0,-1,19,3,6,-1,0,0,0,0,0,0,4,9,-1,6,3,-1,-1,-1,-1,-1,-1,-1,-1,0,-1
2024010546006,2024,010546006,1,9,0,7,7,3,5,0,0,3,0,0,0,0,0,1,6,6,2,57,9,-1,-1,-1,-1,9,E01003885,0,1
2024201410758,2024,201410758,1,9,0,-1,19,2,6,-1,0,1,0,0,0,0,1,1,-1,6,2,-1,-1,-1,-1,-1,-1,-1,-1,0,-1
202417M113724,2024,17M113724,2,23,0,-1,19,6,2,-1,0,0,0,0,0,0,1,1,-1,6,1,17,4,-1,-1,-1,-1,1,E01012019,0,1
2024010543586,2024,010543586,1,1,9,99,99,9,9,99,99,9,9,99,9,99,2,1,6,6,1,39,7,-1,-1,-1,-1,2,E01033699,0,1
2024101553548,2024,101553548,4,9,0,-1,3,1,5,-1,0,0,0,0,0,0,2,1,-1,9,2,48,8,-1,-1,-1,-1,8,E01035627,0,3
2024010489785,2024,010489785,2,9,0,99,99,9,9,99,99,9,9,99,9,99,9,9,6,6,1,41,7,-1,-1,-1,-1,9,E01035488,0,1
2024302400158,2024,302400158,2,9,0,18,19,7,3,0,0,0,0,0,0,0,2,1,6,6,2,67,10,-1,-1,-1,-1,7,E01019843,0,2
2024421471918,2024,421471918,2,1,0,-1,19,2,6,-1,0,2,0,0,0,0,1,1,-1,9,1,13,3,-1,-1,-1,-1,6,E01021401,0,1
202454A087424,2024,54A087424,2,1,0,18,19,8,4,0,0,8,0,0,0,0,4,1,6,6,1,62,9,-1,-1,-1,-1,5,E01031925,0,1
2024461507434,2024,461507434,1,9,0,-1,99,1,5,-1,0,8,0,0,0,0,1,9,-1,6,2,-1,-1,-1,-1,-1,-1,6,E01024536,0,4
2024041421026,2024,041421026,2,1,0,-1,19,3,7,-1,0,4,0,0,0,0,2,1,-1,9,1,55,8,-1,-1,-1,-1,10,E01025019,0,1
2024010509790,2024,010509790,2,1,0,16,19,5,1,0,0,1,0,0,0,0,2,1,6,6,2,14,3,-1,-1,-1,-1,3,E01003244,0,1
2024061452301,2024,061452301,1,11,0,-1,99,-1,-1,-1,2,9,9,0,0,0,9,1,-1,6,1,-1,-1,-1,-1,-1,-1,-1,-1,0,-1
2024201465014,2024,201465014,1,9,0,-1,12,8,4,-1,0,0,0,0,0,0,0,1,-1,6,3,-1,-1,-1,-1,-1,-1,-1,-1,0,-1
2024522401490,2024,522401490,1,9,0,7,7,5,7,0,0,6,0,0,0,0,3,1,6,6,2,38,7,-1,-1,-1,-1,9,E01014748,0,1
2024010493196,2024,010493196,1,9,0,9,9,7,5,0,0,8,0,0,0,0,1,1,6,6,2,58,9,-1,-1,-1,-1,6,E01001803,0,1
2024010497194,2024,010497194,1,9,0,18,19,7,3,0,0,1,0,0,0,0,1,1,1,1,1,35,6,-1,-1,-1,-1,-1,-1,0,-1
2024451480174,2024,451480174,3,23,0,-1,5,1,5,-1,9,1,0,0,0,0,0,1,-1,9,1,19,4,-1,-1,-1,-1,8,E01030519,0,1
2024371515764,2024,371515764,2,1,0,-1,19,1,5,-1,0,0,0,0,0,0,2,1,-1,9,1,74,10,-1,-1,-1,-1,6,E01030209,0,1
2024622400760,2024,622400760,2,1,0,18,19,1,5,0,0,1,0,0,0,0,0,1,6,6,1,34,6,-1,-1,-1,-1,3,W01000990,0,3
2024332400647,2024,332400647,1,1,0,-1,19,3,7,-1,0,8,0,0,0,0,3,1,-1,9,2,27,6,-1,-1,-1,-1,5,E01032868,0,1
2024211440448,2024,211440448,2,1,-1,-1,19,2,4,-1,-1,-1,-1,-1,-1,0,-1,1,-1,6,1,11,3,-1,-1,-1,-1,-1,-1,0,-1
2024010517479,2024,010517479,2,1,9,99,99,9,9,99,99,0,9,99,9,99,1,1,6,6,1,25,5,-1,-1,-1,-1,3,E01003979,0,1
2024231509881,2024,231509881,1,9,0,-1,19,1,5,-1,0,8,0,0,1,0,1,1,-1,6,1,51,8,-1,-1,-1,-1,4,E01029867,0,1
2024430335597,2024,430335597,2,1,0,18,19,5,1,0,0,0,1,7,0,0,3,1,6,6,1,35,6,-1,-1,-1,-1,8,E01028729,0,1
2024302401676,2024,302401676,1,19,0,17,19,4,1,0,0,8,0,0,0,0,4,1,6,6,1,43,7,-1,-1,-1,-1,2,E01019664,0,1
2024320281229,2024,320281229,2,1,0,-1,-1,6,2,0,0,8,5,0,0,0,4,1,6,6,1,20,4,-1,-1,-1,-1,-1,-1,0,-1
2024401540800,2024,401540800,2,9,0,-1,4,1,5,-1,0,0,0,0,0,0,2,1,-1,6,1,52,8,-1,-1,-1,-1,10,E01023563,0,4
2024501521286,2024,501521286,1,9,0,-1,19,8,4,-1,0,0,0,0,0,0,4,1,-1,6,3,-1,-1,-1,-1,-1,-1,-1,-1,0,-1
2024010551152,2024,010551152,1,1,0,99,99,9,9,99,99,9,9,99,9,99,1,9,1,1,1,18,4,-1,-1,-1,-1,2,E01000223,0,1
2024161401662,2024,161401662,2,1,0,-1,19,1,5,-1,0,8,0,0,0,0,4,1,-1,6,1,38,7,-1,-1,-1,-1,9,E01013260,0,1
2024332400375,2024,332400375,1,9,0,-1,19,7,3,-1,0,8,0,0,0,0,1,1,-1,2,2,26,6,-1,-1,-1,-1,9,E01025816,0,1
2024531398272,2024,531398272,1,9,0,-1,14,5,1,-1,0,1,0,0,0,0,4,1,-1,2,1,34,6,-1,-1,-1,-1,10,E01022130,0,1
2024421531415,2024,421531415,1,9,0,-1,4,8,4,-1,0,1,0,0,0,0,3,1,-1,1,2,32,6,-1,-1,-1,-1,3,E01021370,0,1
2024131430485,2024,131430485,1,9,0,-1,12,1,5,-1,0,1,0,0,0,0,2,1,-1,1,2,49,8,-1,-1,-1,-1,3,E01011717,0,2
2024471512466,2024,471512466,1,1,0,-1,19,1,5,-1,0,1,0,0,2,9,3,1,-1,9,1,47,8,-1,-1,-1,-1,6,E01021145,0,1
2024401539364,2024,401539364,1,9,0,-1,15,7,3,-1,0,0,0,0,0,0,0,1,-1,1,1,23,5,-1,-1,-1,-1,-1,-1,0,-1
2024311528437,2024,311528437,2,22,0,-1,19,5,1,-1,0,8,0,0,0,0,4,1,-1,6,1,73,10,-1,-1,-1,-1,-1,-1,0,-1
2024010539819,2024,010539819,2,1,0,18,19,1,5,0,0,8,0,0,0,0,1,1,6,6,1,29,6,-1,-1,-1,-1,3,E01002018,0,1
2024430365973,2024,430365973,1,19,0,7,7,4,6,0,0,3,0,0,0,0,4,1,6,6,3,-1,-1,-1,-1,-1,-1,-1,-1,0,-1
2024061508323,2024,061508323,1,9,0,-1,19,5,1,-1,-1,-1,-1,-1,-1,0,1,9,-1,6,3,30,6,-1,-1,-1,-1,-1,-1,0,-1
2024010529031,2024,010529031,1,1,9,99,99,9,9,99,99,9,9,99,9,99,9,1,6,6,3,20,4,-1,-1,-1,-1,8,E01002132,0,1
2024221520138,2024,221520138,2,1,0,-1,19,4,8,-1,0,8,0,0,0,0,1,1,-1,9,1,57,9,-1,-1,-1,-1,5,E01014021,0,1
2024520400236,2024,520400236,3,5,0,18,19,4,8,0,0,0,0,0,0,0,1,1,6,6,1,30,6,-1,-1,-1,-1,4,E01035120,0,4
2024351531608,2024,351531608,2,9,0,-1,19,7,3,-1,0,0,0,0,0,0,1,1,-1,6,1,37,7,-1,-1,-1,-1,7,E01018011,0,1
2024052402777,2024,052402777,1,9,0,5,5,5,2,0,0,0,0,0,0,0,4,1,6,6,3,-1,-1,-1,-1,-1,-1,-1,-1,0,-1
2024361398650,2024,361398650,1,9,-1,-1,7,7,2,-1,0,1,0,0,0,0,-1,1,-1,6,1,-1,-1,-1,-1,-1,-1,-1,-1,0,-1
2024332401115,2024,332401115,2,19,0,-1,12,1,5,-1,0,0,0,0,0,0,1,1,-1,6,1,-1,-1,-1,-1,-1,-1,10,E01010108,0,4
2024540515624,2024,540515624,1,-1,0,18,19,1,5,9,9,1,0,0,0,0,1,1,6,6,1,47,8,-1,-1,-1,-1,9,E01032052,1,1
2024131417896,2024,131417896,2,9,0,-1,5,-1,-1,-1,0,4,-1,-1,-1,0,-1,1,-1,6,3,-1,-1,-1,-1,-1,-1,-1,-1,0,-1
2024010496641,2024,010496641,1,9,0,99,99,9,9,99,99,9,9,99,9,99,9,9,6,6,3,-1,-1,-1,-1,-1,-1,-1,-1,0,-1
2024010525016,2024,010525016,1,20,0,6,6,5,5,0,0,1,0,0,0,0,1,9,6,6,3,-1,-1,-1,-1,-1,-1,-1,-1,0,-1
2024421429832,2024,421429832,1,9,0,-1,19,7,3,-1,0,0,0,0,0,0,3,9,-1,6,3,-1,-1,-1,-1,-1,-1,-1,-1,0,-1
2024481569629,2024,481569629,2,1,0,-1,19,3,7,-1,0,1,0,0,0,0,1,1,-1,1,1,37,7,-1,-1,-1,-1,-1,-1,0,-1
2024371527400,2024,371527400,2,1,0,-1,19,-1,-1,-1,0,0,1,0,3,0,3,1,-1,2,1,34,6,-1,-1,-1,-1,5,E01029990,0,1
2024430035883,2024,430035883,2,1,0,18,19,5,1,0,0,8,0,0,0,0,3,1,2,2,1,63,9,-1,-1,-1,-1,9,E01016292,0,1
2024311465318,2024,311465318,2,1,0,-1,19,5,1,-1,0,1,0,0,0,0,3,1,-1,7,1,14,3,-1,-1,-1,-1,-1,-1,0,-1
2024201486688,2024,201486688,1,9,0,-1,7,8,2,-1,0,6,0,0,0,0,3,9,-1,6,1,18,4,-1,-1,-1,-1,6,E01010536,0,3
2024010510716,2024,010510716,1,1,9,99,99,9,9,99,99,0,9,99,9,99,1,1,1,1,1,18,4,-1,-1,-1,-1,1,E01000595,0,2
2024991428131,2024,991428131,1,9,0,-1,19,4,8,-1,0,0,0,0,7,11,1,1,-1,6,2,62,9,-1,-1,-1,-1,6,-1,0,1
2024122400417,2024,122400417,1,9,0,1,1,3,1,6,6,0,0,0,0,0,2,1,6,6,1,54,8,-1,-1,-1,-1,-1,-1,0,-1
2024421448415,2024,421448415,1,9,0,-1,19,3,5,-1,0,1,0,0,0,0,0,9,-1,6,3,-1,-1,-1,-1,-1,-1,-1,-1,0,-1
2024010494661,2024,010494661,1,9,0,7,7,1,3,0,0,1,0,0,0,0,4,1,1,1,1,43,7,-1,-1,-1,-1,3,E01034216,0,2
2024361443329,2024,361443329,1,19,-1,-1,19,-1,-1,-1,0,0,0,0,0,0,4,9,-1,6,3,-1,-1,-1,-1,-1,-1,-1,-1,0,-1
2024010531604,2024,010531604,2,1,0,18,19,7,3,0,0,8,5,0,0,0,1,1,6,6,1,35,6,-1,-1,-1,-1,4,E01002726,0,1
2024111484964,2024,111484964,1,97,0,-1,19,7,3,-1,0,0,5,0,0,0,1,1,-1,6,1,30,6,-1,-1,-1,-1,-1,-1,0,-1
2024010487746,2024,010487746,2,9,0,1,1,1,5,0,0,0,0,0,0,0,2,1,6,6,2,24,5,-1,-1,-1,-1,8,E01009707,0,5
2024622400716,2024,622400716,1,19,0,18,19,4,8,0,0,8,0,0,0,0,1,1,1,1,1,28,6,-1,-1,-1,-1,5,W01001101,0,1
202417M217924,2024,17M217924,1,1,0,-1,19,8,4,-1,0,1,0,0,0,0,2,1,-1,9,1,28,6,-1,-1,-1,-1,1,E01012061,0,1
2024010500444,2024,010500444,2,1,0,18,19,4,8,9,9,1,0,0,1,0,1,1,6,6,1,46,8,-1,-1,-1,-1,5,E01002660,0,1
2024010513334,2024,010513334,2,9,0,99,99,9,9,99,99,9,9,99,9,99,1,9,6,6,3,-1,-1,-1,-1,-1,-1,-1,-1,0,-1
2024501428490,2024,501428490,3,9,0,-1,4,5,1,-1,0,1,0,0,0,0,2,1,-1,6,1,73,10,-1,-1,-1,-1,4,E01020032,0,1
2024320381942,2024,320381942,2,1,0,-1,-1,3,7,0,0,2,0,0,0,0,3,1,3,7,1,15,3,-1,-1,-1,-1,9,E01026360,0,1
2024161493955,2024,161493955,2,9,0,-1,19,7,3,-1,0,1,0,0,0,0,4,1,-1,6,3,-1,-1,-1,-1,-1,-1,-1,-1,0,-1
2024010491755,2024,010491755,2,9,0,99,99,9,9,99,99,9,9,99,9,99,9,9,6,6,3,-1,-1,-1,-1,-1,-1,10,E01033135,0,1
2024501438891,2024,501438891,2,5,0,-1,9,4,2,-1,0,6,5,0,0,0,1,1,-1,9,1,45,7,-1,-1,-1,-1,4,E01018929,0,2
2024122400869,2024,122400869,1,9,0,17,19,4,8,0,0,0,0,0,0,0,4,1,6,6,1,52,8,-1,-1,-1,-1,5,E01024917,0,4
2024010521465,2024,010521465,1,1,9,99,99,9,9,99,99,0,9,99,9,99,2,1,6,6,2,25,5,-1,-1,-1,-1,3,E01001731,0,1
2024471409622,2024,471409622,1,9,0,-1,19,2,5,-1,0,0,0,0,0,0,0,9,-1,6,3,-1,-1,-1,-1,-1,-1,-1,-1,0,-1
2024061508311,2024,061508311,1,9,0,-1,19,2,5,-1,0,6,0,0,0,0,1,9,-1,6,2,-1,-1,-1,-1,-1,-1,-1,-1,0,-1
2024430196913,2024,430196913,1,9,0,18,19,2,6,0,0,3,0,0,0,0,4,1,6,6,1,43,7,-1,-1,-1,-1,4,E01016517,0,2
2024531507065,2024,531507065,2,1,0,-1,19,1,5,-1,0,0,2,0,0,0,4,1,-1,6,1,17,4,-1,-1,-1,-1,1,E01022311,0,1
2024440183374,2024,440183374,2,1,0,18,19,2,6,0,0,6,0,0,0,0,3,1,6,6,2,62,9,-1,-1,-1,-1,4,E01022817,0,1
2024131518804,2024,131518804,2,1,0,-1,19,1,5,-1,0,8,0,0,0,0,1,1,-1,6,1,13,3,-1,-1,-1,-1,1,E01010655,0,1
2024041453611,2024,041453611,1,1,0,-1,19,7,3,-1,0,6,0,0,0,0,3,1,-1,6,1,27,6,-1,-1,-1,-1,2,E01025284,0,1
2024548446224,2024,548446224,1,5,0,4,4,2,6,0,0,1,0,0,0,0,1,1,6,6,1,53,8,-1,-1,-1,-1,9,E01028748,0,4
2024451491245,2024,451491245,2,-1,0,-1,9,7,3,-1,0,1,0,0,0,0,3,1,-1,9,1,13,3,-1,-1,-1,-1,4,E01030743,1,1
2024302400038,2024,302400038,1,9,0,6,6,2,2,0,0,1,0,0,0,0,1,1,6,6,3,-1,-1,-1,-1,-1,-1,5,E01019456,0,3
2024010521348,2024,010521348,1,1,9,99,99,9,9,99,99,1,9,99,9,99,1,1,2,2,1,46,8,-1,-1,-1,-1,3,E01001749,0,1
2024010497309,2024,010497309,1,3,0,99,99,9,9,99,99,9,9,99,9,99,9,1,6,6,3,29,6,-1,-1,-1,-1,2,E01002100,0,3
2024131509100,2024,131509100,1,9,0,-1,-1,-1,-1,-1,-1,-1,-1,-1,-1,-1,-1,1,-1,6,3,-1,-1,-1,-1,-1,-1,-1,-1,0,-1
2024340NN2402,2024,340NN2402,1,9,0,-1,19,7,3,-1,0,0,0,0,1,0,4,1,-1,6,1,38,7,-1,-1,-1,-1,10,E01025615,0,4
2024010490094,2024,010490094,1,5,0,99,99,9,9,99,99,9,9,99,9,99,2,1,2,2,1,27,6,-1,-1,-1,-1,8,E01021347,0,4
2024010531333,2024,010531333,2,1,0,17,19,3,1,4,4,1,0,0,0,0,1,1,6,6,1,39,7,-1,-1,-1,-1,6,E01003954,0,1
2024610017824,2024,610017824,2,9,0,18,19,2,6,0,0,0,0,0,0,0,2,1,6,6,1,24,5,-1,-1,-1,-1,2,W01001333,0,1
2024141490962,2024,141490962,2,9,0,-1,9,4,2,-1,0,1,0,0,0,0,1,1,-1,2,1,44,7,-1,-1,-1,-1,2,E01007448,0,2
2024101442697,2024,101442697,1,1,0,-1,7,4,8,-1,0,0,5,10,5,0,1,1,-1,6,1,-1,-1,-1,-1,-1,-1,-1,-1,0,-1
2024311498943,2024,311498943,2,1,0,-1,5,7,3,-1,0,0,0,0,0,0,3,1,-1,6,1,11,3,-1,-1,-1,-1,-1,-1,0,-1
2024010518800,2024,010518800,2,1,0,18,19,7,3,0,0,2,0,0,0,0,4,1,6,6,1,47,8,-1,-1,-1,-1,2,E01032744,0,1
2024340WN0272,2024,340WN0272,2,9,0,-1,19,1,5,-1,0,1,0,0,0,0,1,1,-1,2,1,51,8,-1,-1,-1,-1,9,E01027016,0,1
2024221487408,2024,221487408,1,1,0,-1,19,3,7,-1,0,0,0,0,0,0,1,1,-1,6,1,76,11,-1,-1,-1,-1,-1,-1,0,-1
2024010527409,2024,010527409,2,1,0,18,19,6,2,0,0,1,0,0,0,0,4,1,6,6,1,33,6,-1,-1,-1,-1,4,E01004376,0,1
2024430464964,2024,430464964,2,9,0,1,1,7,3,0,0,0,0,0,0,0,2,1,6,6,1,-1,-1,-1,-1,-1,-1,-1,-1,0,-1
2024131521394,2024,131521394,2,9,0,-1,-1,-1,-1,-1,-1,0,-1,-1,-1,-1,-1,1,-1,6,3,-1,-1,-1,-1,-1,-1,-1,-1,0,-1
2024010528390,2024,010528390,1,1,9,99,99,9,9,99,99,9,9,99,9,99,9,1,2,2,1,42,7,-1,-1,-1,-1,7,E01001929,0,1
2024010546555,2024,010546555,2,90,0,99,99,9,9,99,99,9,9,99,9,99,9,9,6,6,3,-1,-1,-1,-1,-1,-1,-1,-1,0,-1
2024010492053,2024,010492053,1,11,0,18,19,5,1,0,0,1,0,0,0,0,0,1,1,1,1,53,8,-1,-1,-1,-1,6,E01023325,0,3
2024041492933,2024,041492933,2,9,0,-1,9,5,3,-1,0,2,0,0,0,0,1,1,-1,1,1,39,7,-1,-1,-1,-1,7,E01024978,0,2
2024010490882,2024,010490882,1,9,0,99,99,9,9,99,99,9,9,99,9,99,1,1,6,6,3,38,7,-1,-1,-1,-1,9,E01002498,0,1
2024010530504,2024,010530504,1,1,9,99,99,9,9,99,99,9,9,99,9,99,9,1,2,2,1,45,7,-1,-1,-1,-1,2,E01003181,0,1
2024461500667,2024,461500667,1,9,-1,-1,-1,-1,-1,-1,-1,0,-1,-1,-1,0,-1,9,-1,6,3,-1,-1,-1,-1,-1,-1,-1,-1,0,-1
2024430123018,2024,430123018,1,9,0,1,1,7,3,0,0,0,0,0,0,0,2,1,6,6,2,19,4,-1,-1,-1,-1,-1,-1,0,-1
2024010496667,2024,010496667,1,11,0,17,19,1,5,0,0,0,0,0,0,0,0,1,6,6,1,53,8,-1,-1,-1,-1,5,E01000995,0,3
2024010513137,2024,010513137,2,9,0,99,99,9,9,99,99,9,9,99,9,99,1,9,6,6,3,-1,-1,-1,-1,-1,-1,-1,-1,0,-1
2024371460472,2024,371460472,2,1,0,-1,19,2,6,-1,0,1,0,0,0,0,1,1,-1,9,1,13,3,-1,-1,-1,-1,3,E01021638,0,4
2024010534780,2024,010534780,1,1,9,99,99,9,9,99,99,9,9,99,9,99,1,1,6,6,2,30,6,-1,-1,-1,-1,6,E01003314,0,1
2024311403866,2024,311403866,1,9,0,-1,9,8,6,-1,0,5,0,0,0,0,1,1,-1,6,1,30,6,-1,-1,-1,-1,-1,-1,0,-1
2024430016814,2024,430016814,2,9,0,9,9,2,8,0,0,6,0,0,0,0,3,1,6,6,2,-1,-1,-1,-1,-1,-1,-1,-1,0,-1
2024141521961,2024,141521961,1,9,0,-1,9,3,1,-1,0,6,0,0,0,0,4,1,-1,2,2,55,8,-1,-1,-1,-1,1,E01007723,0,1
202417M115824,2024,17M115824,1,9,0,-1,7,4,4,-1,0,8,0,0,0,0,4,1,-1,9,1,35,6,-1,-1,-1,-1,-1,-1,0,-1
2024101468940,2024,101468940,1,23,0,-1,19,7,3,-1,5,0,0,0,0,0,1,1,-1,6,1,-1,-1,-1,-1,-1,-1,-1,-1,0,-1
2024010523229,2024,010523229,2,9,0,18,19,7,3,0,0,8,0,0,0,0,1,1,6,6,3,-1,-1,-1,-1,-1,-1,-1,-1,0,-1
2024430560490,2024,430560490,1,9,0,9,9,5,3,0,0,6,0,0,0,0,1,1,6,6,2,28,6,-1,-1,-1,-1,10,E01028820,0,2
2024010490806,2024,010490806,2,1,0,18,19,7,3,4,4,5,0,0,0,0,3,1,2,2,1,20,4,-1,-1,-1,-1,2,E01004324,0,1
2024351438597,2024,351438597,2,90,-1,-1,-1,-1,-1,-1,-1,1,-1,-1,-1,0,-1,9,-1,6,3,-1,-1,-1,-1,-1,-1,-1,-1,0,-1
2024131463916,2024,131463916,2,9,0,-1,7,8,4,-1,0,1,0,0,0,0,4,1,-1,6,2,58,9,-1,-1,-1,-1,10,E01010580,0,1
2024131461029,2024,131461029,2,1,0,-1,19,1,1,-1,0,0,0,0,0,0,1,1,-1,2,1,43,7,-1,-1,-1,-1,9,E01011381,0,1
2024440140309,2024,440140309,2,1,0,18,19,6,2,0,0,8,0,0,0,0,0,1,6,6,2,64,9,-1,-1,-1,-1,10,E01022974,0,1
2024461474272,2024,461474272,1,20,1,-1,19,1,4,-1,0,0,0,0,0,0,0,2,-1,1,1,60,9,-1,-1,-1,-1,-1,-1,0,-1
2024010495995,2024,010495995,2,4,0,-1,-1,5,1,0,0,0,0,0,0,0,1,1,1,1,1,30,6,-1,-1,-1,-1,5,E01032785,0,1
2024351420920,2024,351420920,1,9,0,-1,13,1,5,-1,0,0,0,99,0,0,4,9,-1,6,3,-1,-1,-1,-1,-1,-1,-1,-1,0,-1
2024991414183,2024,991414183,1,9,0,-1,19,7,4,-1,0,8,0,4,0,0,1,1,-1,6,1,27,6,-1,-1,-1,-1,10,-1,0,1
2024010487795,2024,010487795,2,2,0,18,19,7,3,0,0,0,0,0,0,0,1,1,6,6,1,20,4,-1,-1,-1,-1,7,E01004159,0,3
2024061503302,2024,061503302,1,8,-1,-1,-1,-1,-1,-1,-1,0,-1,-1,-1,0,-1,9,-1,6,3,-1,-1,-1,-1,-1,-1,-1,-1,0,-1
2024010492898,2024,010492898,1,9,0,4,4,2,6,0,0,2,0,0,0,0,2,1,6,6,2,38,7,-1,-1,-1,-1,8,E01000538,0,1
2024451431974,2024,451431974,3,9,0,-1,3,7,3,-1,0,0,0,0,0,0,1,1,-1,2,1,31,6,-1,-1,-1,-1,7,E01031541,0,4
2024461426243,2024,461426243,3,9,0,-1,2,0,0,-1,0,0,0,0,0,0,4,1,-1,6,-1,-1,-1,-1,-1,-1,-1,-1,-1,0,-1
2024221461301,2024,221461301,2,1,0,-1,19,6,2,-1,0,2,0,0,0,0,3,1,-1,6,2,75,10,-1,-1,-1,-1,4,E01028958,0,1
2024302401454,2024,302401454,2,9,0,3,3,6,2,0,0,0,0,0,0,0,0,1,6,6,3,-1,-1,-1,-1,-1,-1,5,E01019456,0,2
2024351417194,2024,351417194,1,9,0,-1,19,8,4,-1,0,0,0,0,0,0,1,1,-1,6,1,72,10,-1,-1,-1,-1,4,E01015591,0,4
2024411445466,2024,411445466,2,1,0,-1,19,2,6,-1,0,4,0,0,0,0,1,1,-1,9,1,59,9,-1,-1,-1,-1,10,E01023826,0,1
2024520401358,2024,520401358,2,9,0,3,3,7,3,0,0,0,0,0,0,0,2,1,6,6,1,52,8,-1,-1,-1,-1,10,E01032045,0,4
2024010512303,2024,010512303,2,1,0,9,9,5,3,0,0,6,0,0,0,0,1,1,6,6,1,30,6,-1,-1,-1,-1,2,E01002782,0,1
2024430518712,2024,430518712,1,19,0,4,4,4,8,9,9,0,0,0,1,0,4,1,1,1,1,35,6,-1,-1,-1,-1,9,E01028667,0,1
2024332401217,2024,332401217,2,9,0,-1,7,3,5,-1,0,5,0,0,0,0,1,1,-1,6,1,34,6,-1,-1,-1,-1,-1,-1,0,-1
2024131461833,2024,131461833,1,1,0,-1,19,5,1,-1,9,0,0,0,0,0,1,1,-1,9,1,13,3,-1,-1,-1,-1,-1,-1,0,-1
2024010503361,2024,010503361,2,1,0,18,19,3,7,0,0,1,0,0,0,0,1,1,1,1,1,33,6,-1,-1,-1,-1,4,E01003014,0,1
2024141561942,2024,141561942,2,1,0,-1,19,7,3,-1,0,0,0,0,0,0,1,1,-1,6,1,12,3,-1,-1,-1,-1,3,E01007774,0,1
2024010520457,2024,010520457,1,9,0,99,99,9,9,99,99,0,9,99,9,99,2,9,6,6,2,27,6,-1,-1,-1,-1,7,E01015969,0,3
2024201426672,2024,201426672,2,1,0,-1,7,1,2,-1,0,3,0,0,0,0,2,1,-1,6,1,22,5,-1,-1,-1,-1,1,E01009477,0,1
2024010489737,2024,010489737,2,3,0,13,13,5,1,0,0,1,0,0,0,0,4,1,6,6,1,31,6,-1,-1,-1,-1,3,E01003525,0,1
2024622400294,2024,622400294,2,1,0,9,9,6,3,0,0,6,0,0,0,0,1,1,6,6,1,13,3,-1,-1,-1,-1,1,W01001880,0,1
2024451482084,2024,451482084,2,1,0,-1,19,3,7,-1,0,3,0,0,0,0,4,1,-1,9,1,55,8,-1,-1,-1,-1,9,E01030992,0,1
2024430219100,2024,430219100,2,1,0,5,5,5,1,0,0,8,0,0,0,0,3,1,6,6,1,36,7,-1,-1,-1,-1,6,E01035743,0,2
2024010501747,2024,010501747,1,1,0,9,9,5,2,4,4,0,0,0,0,0,1,1,2,2,1,29,6,-1,-1,-1,-1,6,E01002834,0,1
2024010528825,2024,010528825,2,1,0,18,19,3,7,9,9,1,0,0,0,0,1,1,6,6,1,23,5,-1,-1,-1,-1,4,E01033942,0,1
2024131520345,2024,131520345,1,9,0,-1,-1,-1,-1,-1,-1,0,-1,-1,-1,0,-1,1,-1,6,3,-1,-1,-1,-1,-1,-1,-1,-1,0,-1
2024522500116,2024,522500116,3,9,0,18,19,2,6,0,0,2,0,0,0,0,3,1,6,6,3,-1,-1,-1,-1,-1,-1,-1,-1,0,-1
2024010505934,2024,010505934,1,9,0,18,19,3,7,0,0,0,1,0,0,0,1,1,2,2,1,27,6,-1,-1,-1,-1,7,E01004192,0,1
2024010488743,2024,010488743,1,1,9,99,99,9,9,99,99,9,9,99,9,99,9,1,1,1,2,31,6,-1,-1,-1,-1,6,E01000960,0,1
2024201506711,2024,201506711,2,9,0,-1,13,1,8,-1,0,1,1,0,3,0,1,1,-1,6,1,35,6,-1,-1,-1,-1,-1,-1,0,-1
2024991407521,2024,991407521,1,9,0,-1,19,2,6,-1,0,0,1,0,0,0,0,9,-1,6,3,30,6,-1,-1,-1,-1,-1,-1,0,-1
2024122500206,2024,122500206,1,9,0,7,7,7,3,0,0,1,0,0,0,0,1,1,6,6,2,52,8,-1,-1,-1,-1,5,E01027564,0,1
2024141411650,2024,141411650,2,9,0,-1,19,1,5,-1,0,8,0,0,0,0,1,9,-1,6,3,-1,-1,-1,-1,-1,-1,-1,-1,0,-1
2024440155792,2024,440155792,1,1,0,18,19,6,2,0,0,0,0,0,0,0,4,1,6,6,1,66,10,-1,-1,-1,-1,9,E01022774,0,2
2024501420899,2024,501420899,1,9,0,-1,19,5,1,-1,0,0,5,0,7,4,1,1,-1,9,1,70,10,-1,-1,-1,-1,4,E01018943,0,2
2024010508998,2024,010508998,2,1,0,13,13,7,3,0,0,5,0,0,0,0,4,1,6,6,1,59,9,-1,-1,-1,-1,3,E01001860,0,1
2024061531814,2024,061531814,1,1,0,-1,-1,-1,-1,-1,-1,0,-1,-1,-1,0,-1,1,-1,1,1,35,6,-1,-1,-1,-1,3,E01033680,0,1
2024010492339,2024,010492339,2,9,0,99,99,9,9,99,99,9,9,99,9,99,9,9,6,6,1,39,7,-1,-1,-1,-1,3,E01001449,0,1
2024430435385,2024,430435385,2,1,0,18,19,6,2,2,2,1,0,0,0,0,3,1,2,2,1,40,7,-1,-1,-1,-1,10,E01028710,0,1
2024522500436,2024,522500436,1,9,0,18,19,5,1,0,0,0,0,0,0,0,4,1,6,6,3,-1,-1,-1,-1,-1,-1,-1,-1,0,-1
2024010495991,2024,010495991,2,97,0,99,99,9,9,99,99,9,9,99,9,99,1,1,6,6,3,-1,-1,-1,-1,-1,-1,9,E01004073,0,1
2024311523160,2024,311523160,2,99,0,-1,19,3,7,-1,0,0,0,0,0,0,2,1,-1,6,1,20,4,-1,-1,-1,-1,-1,-1,0,-1
2024010488649,2024,010488649,1,9,0,18,19,1,5,1,1,2,0,0,0,0,1,1,6,6,1,56,9,-1,-1,-1,-1,8,E01000991,0,1