collision_index,collision_year,collision_ref_no,vehicle_reference,vehicle_type,towing_and_articulation,vehicle_manoeuvre_historic,vehicle_manoeuvre,vehicle_direction_from,vehicle_direction_to,vehicle_location_restricted_lane_historic,vehicle_location_restricted_lane,junction_location,skidding_and_overturning,hit_object_in_carriageway,vehicle_leaving_carriageway,hit_object_off_carriageway,first_point_of_impact,vehicle_left_hand_drive,journey_purpose_of_driver_historic,journey_purpose_of_driver,sex_of_driver,age_of_driver,age_band_of_driver,engine_capacity_cc,propulsion_code,age_of_vehicle,generic_make_model,driver_imd_decile,lsoa_of_driver,escooter_flag,driver_distance_banding
2024061474040,2024,061474040,1,23,0,-1,19,2,6,-1,0,1,0,0,0,0,1,1,-1,6,3,18,4,-1,-1,-1,-1,-1,-1,0,-1
2024010488843,2024,010488843,1,9,0,5,5,3,7,0,0,1,0,1,0,0,3,1,6,6,1,27,6,-1,-1,-1,-1,-1,-1,0,-1
2024552400236,2024,552400236,2,1,0,18,19,3,7,0,0,8,0,0,0,0,4,1,2,2,1,45,7,-1,-1,-1,-1,9,E01015431,0,1
2024161498749,2024,161498749,1,1,0,-1,3,1,5,-1,0,0,0,0,0,0,2,1,-1,7,3,-1,-1,-1,-1,-1,-1,-1,-1,0,-1
2024361430876,2024,361430876,1,1,-1,-1,-1,-1,-1,-1,-1,-1,-1,-1,-1,0,-1,1,-1,2,1,-1,-1,-1,-1,-1,-1,-1,-1,0,-1
2024411451602,2024,411451602,1,11,0,-1,7,1,2,-1,0,1,0,0,0,0,4,1,-1,1,-1,26,6,-1,-1,-1,-1,2,E01033151,0,4
2024010493821,2024,010493821,2,9,0,99,99,9,9,99,99,0,9,99,9,99,1,9,6,6,3,-1,-1,-1,-1,-1,-1,6,E01002628,0,1
2024311532095,2024,311532095,2,1,0,-1,5,2,1,-1,0,1,0,0,0,0,3,1,-1,7,1,20,4,-1,-1,-1,-1,-1,-1,0,-1
2024311432463,2024,311432463,2,11,-1,-1,19,2,6,-1,0,3,0,0,0,0,3,9,-1,1,3,-1,-1,-1,-1,-1,-1,-1,-1,0,-1
2024471518692,2024,471518692,1,1,0,-1,15,-1,-1,-1,0,0,5,8,0,0,4,1,-1,6,1,72,10,-1,-1,-1,-1,2,E01016949,0,1
2024010543465,2024,010543465,1,9,0,12,12,3,7,0,0,0,0,0,0,0,2,1,6,6,1,58,9,-1,-1,-1,-1,6,E01003693,0,1
2024031492620,2024,031492620,1,9,-1,-1,19,-1,-1,-1,-1,0,-1,-1,-1,0,-1,9,-1,6,1,-1,-1,-1,-1,-1,-1,-1,-1,0,-1
2024541336224,2024,541336224,1,9,0,9,9,6,5,0,0,5,0,0,0,0,1,1,6,6,3,-1,-1,-1,-1,-1,-1,-1,-1,0,-1
2024522500294,2024,522500294,2,1,0,5,5,5,1,0,0,6,0,0,0,0,1,1,6,6,3,-1,-1,-1,-1,-1,-1,-1,-1,0,-1
2024991414289,2024,991414289,1,21,0,-1,11,2,7,-1,0,0,0,0,0,0,4,1,-1,1,1,26,6,-1,-1,-1,-1,-1,-1,0,-1
2024451523213,2024,451523213,1,98,0,-1,19,1,6,-1,0,0,0,0,0,0,1,9,-1,6,3,45,7,-1,-1,-1,-1,-1,-1,0,-1
2024010543772,2024,010543772,3,9,0,99,99,9,9,99,99,9,9,99,9,99,2,9,6,6,3,-1,-1,-1,-1,-1,-1,-1,-1,0,-1
2024010531934,2024,010531934,2,1,0,3,3,1,5,0,0,2,0,4,0,0,1,1,2,2,2,31,6,-1,-1,-1,-1,9,E01003158,0,1
2024131449146,2024,131449146,1,9,0,-1,13,7,3,-1,0,0,2,0,7,0,1,1,-1,9,1,32,6,-1,-1,-1,-1,1,E01011764,0,1
2024461461644,2024,461461644,1,9,0,-1,9,3,2,-1,0,0,0,0,1,10,1,1,-1,9,1,30,6,-1,-1,-1,-1,5,E01016178,0,1
2024122401307,2024,122401307,1,1,0,18,19,6,2,0,0,1,0,0,0,0,1,1,6,6,3,-1,-1,-1,-1,-1,-1,-1,-1,0,-1
2024010534167,2024,010534167,2,9,0,99,99,9,9,99,99,9,9,99,9,99,9,9,6,6,3,-1,-1,-1,-1,-1,-1,-1,-1,0,-1
2024411503966,2024,411503966,2,1,0,-1,19,2,6,-1,0,0,0,0,0,0,2,1,-1,6,2,55,8,-1,-1,-1,-1,9,E01023676,0,1
2024221507573,2024,221507573,2,1,0,-1,19,7,3,-1,0,0,0,0,0,0,3,1,-1,7,1,15,3,-1,-1,-1,-1,9,E01032347,0,1
2024010512016,2024,010512016,2,1,0,15,15,7,3,0,0,1,5,0,0,0,3,1,2,2,1,44,7,-1,-1,-1,-1,5,E01001720,0,1
2024101493881,2024,101493881,2,11,0,-1,19,4,8,-1,0,8,0,0,0,0,4,1,-1,1,3,40,7,-1,-1,-1,-1,-1,-1,0,-1
2024010490585,2024,010490585,2,1,0,18,19,4,8,0,0,0,2,0,0,0,1,1,6,6,1,18,4,-1,-1,-1,-1,6,E01000159,0,1
2024440150219,2024,440150219,1,1,0,18,19,8,4,0,0,1,0,0,0,0,1,1,2,2,1,39,7,-1,-1,-1,-1,8,E01023051,0,1
2024141411221,2024,141411221,2,9,0,-1,19,4,7,-1,0,0,0,0,0,0,1,9,-1,6,3,-1,-1,-1,-1,-1,-1,-1,-1,0,-1
2024122401194,2024,122401194,1,9,0,18,19,1,5,0,0,0,0,0,0,0,1,1,6,6,1,40,7,-1,-1,-1,-1,10,E01013057,0,3
2024340WN1862,2024,340WN1862,1,9,0,-1,19,3,7,-1,0,4,0,0,0,0,1,1,-1,9,2,69,10,-1,-1,-1,-1,10,E01027307,0,3
2024421414423,2024,421414423,2,9,0,-1,4,2,6,-1,0,1,0,0,0,0,2,1,-1,9,1,30,6,-1,-1,-1,-1,10,E01021458,0,2
2024421425224,2024,421425224,1,21,1,-1,19,1,5,-1,0,0,0,0,0,0,3,9,-1,6,3,-1,-1,-1,-1,-1,-1,-1,-1,0,-1
2024010520510,2024,010520510,1,9,0,18,19,7,3,0,0,1,0,0,0,0,0,1,6,6,2,50,8,-1,-1,-1,-1,5,E01002525,0,1
2024430187911,2024,430187911,2,9,0,9,9,4,2,0,0,6,0,0,0,0,1,1,6,6,2,30,6,-1,-1,-1,-1,4,E01017904,0,1
2024161468482,2024,161468482,1,10,0,-1,9,8,6,-1,0,1,0,0,0,0,4,1,-1,7,2,62,9,-1,-1,-1,-1,2,E01012795,0,1
2024010531657,2024,010531657,1,1,0,18,19,3,7,4,4,1,0,0,0,0,1,1,2,2,1,27,6,-1,-1,-1,-1,7,E01004476,0,2
2024010509863,2024,010509863,1,1,9,99,99,9,9,99,99,9,9,99,9,99,1,1,6,6,1,42,7,-1,-1,-1,-1,7,E01001937,0,1
2024010502668,2024,010502668,1,1,9,99,99,9,9,99,99,9,9,8,9,99,1,1,6,6,1,21,5,-1,-1,-1,-1,4,E01033263,0,5
2024010490843,2024,010490843,1,9,0,99,99,9,9,99,99,9,9,99,9,99,1,9,6,6,2,42,7,-1,-1,-1,-1,3,E01002721,0,1
2024451511656,2024,451511656,1,16,0,-1,19,5,1,-1,0,8,5,0,0,0,0,1,-1,9,2,55,8,-1,-1,-1,-1,6,E01004163,0,3
2024010549820,2024,010549820,2,1,0,18,19,3,7,9,9,1,0,0,0,0,3,1,2,2,1,48,8,-1,-1,-1,-1,3,E01003531,0,2
2024332400057,2024,332400057,1,9,0,-1,19,5,1,-1,0,0,0,0,0,0,1,1,-1,6,3,-1,-1,-1,-1,-1,-1,-1,-1,0,-1
2024010545621,2024,010545621,1,1,9,99,99,9,9,99,99,9,9,99,9,99,9,1,1,1,1,35,6,-1,-1,-1,-1,8,E01003225,0,1
2024544435024,2024,544435024,2,9,0,3,3,3,7,0,0,1,0,0,0,0,2,1,6,6,3,-1,-1,-1,-1,-1,-1,-1,-1,0,-1
2024501489170,2024,501489170,2,9,0,-1,19,1,5,-1,0,3,0,0,0,0,2,1,-1,6,1,-1,-1,-1,-1,-1,-1,-1,-1,0,-1
2024010498057,2024,010498057,2,19,0,9,9,5,3,0,0,8,0,0,0,0,4,1,6,6,3,-1,-1,-1,-1,-1,-1,-1,-1,0,-1
2024430466520,2024,430466520,2,1,0,18,19,2,6,0,0,1,0,0,0,0,3,1,6,6,1,15,3,-1,-1,-1,-1,6,E01016502,0,1
2024610021724,2024,610021724,2,1,0,18,19,5,1,0,0,4,0,0,0,0,1,1,6,6,1,-1,-1,-1,-1,-1,-1,6,E01014642,0,3
2024421506993,2024,421506993,1,9,0,-1,-1,-1,-1,-1,-1,-1,-1,-1,-1,0,-1,9,-1,6,2,-1,-1,-1,-1,-1,-1,-1,-1,0,-1
2024010499977,2024,010499977,1,1,9,99,99,9,9,99,99,9,9,99,9,99,1,1,2,2,1,36,7,-1,-1,-1,-1,2,E01003592,0,1
2024471421532,2024,471421532,2,9,0,-1,19,7,3,-1,0,0,0,0,0,0,1,1,-1,9,1,41,7,-1,-1,-1,-1,3,E01016922,0,2
2024221400395,2024,221400395,1,9,0,-1,19,5,1,-1,0,0,0,0,0,0,1,9,-1,6,2,48,8,-1,-1,-1,-1,-1,-1,0,-1
2024010522228,2024,010522228,1,9,0,18,19,1,5,2,2,0,0,0,0,0,3,1,6,6,3,-1,-1,-1,-1,-1,-1,-1,-1,0,-1
2024401533886,2024,401533886,1,9,0,-1,9,5,3,-1,0,8,0,0,0,0,3,1,-1,1,1,51,8,-1,-1,-1,-1,4,E01015804,0,1
2024010529474,2024,010529474,2,1,9,99,99,9,9,99,99,9,9,99,9,99,9,1,6,6,1,25,5,-1,-1,-1,-1,1,E01001115,0,1
2024430085110,2024,430085110,2,97,0,18,19,5,1,0,0,8,0,0,0,0,1,1,6,6,1,18,4,-1,-1,-1,-1,4,E01016446,0,1
2024471442093,2024,471442093,2,1,0,-1,19,3,7,-1,0,0,0,0,0,0,4,1,-1,9,1,49,8,-1,-1,-1,-1,8,E01031491,0,1
2024430477096,2024,430477096,2,9,0,13,13,8,4,0,0,0,0,0,0,0,4,1,6,6,3,-1,-1,-1,-1,-1,-1,-1,-1,0,-1
2024131420438,2024,131420438,1,9,0,-1,19,5,5,-1,0,0,0,0,0,0,1,1,-1,6,1,79,11,-1,-1,-1,-1,8,E01011459,0,3
2024311426788,2024,311426788,1,9,0,-1,9,6,2,-1,0,8,0,10,0,0,1,1,-1,9,1,26,6,-1,-1,-1,-1,7,E01028100,0,2
2024451410261,2024,451410261,2,9,0,-1,19,1,4,-1,0,1,0,0,0,0,1,9,-1,6,3,44,7,-1,-1,-1,-1,-1,-1,0,-1
2024201399468,2024,201399468,1,9,0,-1,7,6,8,-1,9,5,0,0,0,0,4,9,-1,6,1,-1,-1,-1,-1,-1,-1,-1,-1,0,-1
2024340WN5112,2024,340WN5112,5,9,0,-1,2,0,0,-1,0,0,0,0,0,0,1,1,-1,6,3,-1,-1,-1,-1,-1,-1,-1,-1,0,-1
2024010497733,2024,010497733,1,1,9,99,99,9,9,99,99,9,9,99,9,99,9,1,6,6,1,33,6,-1,-1,-1,-1,2,E01034149,0,2
2024351442761,2024,351442761,1,9,0,-1,6,1,1,-1,0,0,0,0,0,0,3,1,-1,6,1,90,11,-1,-1,-1,-1,8,E01018236,0,1
2024010496605,2024,010496605,1,9,0,5,5,3,7,0,0,0,0,0,0,0,3,1,6,6,1,66,10,-1,-1,-1,-1,2,E01001820,0,1
2024010486916,2024,010486916,2,9,0,99,99,9,9,99,99,9,9,99,9,99,9,9,6,6,2,23,5,-1,-1,-1,-1,6,E01003703,0,1
2024201522096,2024,201522096,2,-1,0,-1,19,6,2,-1,0,0,0,0,0,0,0,9,-1,6,1,30,6,-1,-1,-1,-1,9,E01009804,1,2
2024052402022,2024,052402022,1,19,0,18,19,1,5,0,0,0,0,0,0,0,3,1,6,6,3,-1,-1,-1,-1,-1,-1,-1,-1,0,-1
2024010535594,2024,010535594,2,1,0,18,19,7,3,0,0,1,2,0,0,0,1,1,2,2,1,51,8,-1,-1,-1,-1,4,E01001369,0,1
2024201450220,2024,201450220,1,9,0,-1,6,2,2,-1,0,0,0,0,0,0,1,9,-1,1,2,47,8,-1,-1,-1,-1,-1,-1,0,-1
2024461450130,2024,461450130,1,9,0,-1,19,3,7,-1,0,8,0,0,0,0,4,9,-1,6,3,-1,-1,-1,-1,-1,-1,-1,-1,0,-1
2024010522901,2024,010522901,2,1,9,99,99,9,9,0,0,1,0,0,9,99,9,1,6,6,1,8,2,-1,-1,-1,-1,2,E01001842,0,1
2024010525246,2024,010525246,1,1,9,18,19,9,9,99,99,9,9,8,9,99,9,1,2,2,1,30,6,-1,-1,-1,-1,3,E01035495,0,1
2024991418229,2024,991418229,1,90,0,-1,19,7,3,-1,0,6,5,0,1,10,1,1,-1,6,1,15,3,-1,-1,-1,-1,-1,-1,0,-1
2024131485483,2024,131485483,2,22,0,-1,19,3,7,-1,9,0,0,0,0,0,0,1,-1,9,2,54,8,-1,-1,-1,-1,1,E01011780,0,1
2024201477933,2024,201477933,2,9,0,-1,19,8,4,-1,0,1,0,0,0,0,4,9,-1,6,1,-1,-1,-1,-1,-1,-1,7,E01029642,0,2
2024010519899,2024,010519899,1,1,9,99,99,9,9,99,99,9,9,99,9,99,1,1,2,2,1,30,6,-1,-1,-1,-1,8,E01004507,0,1
2024131488024,2024,131488024,1,90,0,-1,19,3,7,-1,0,0,0,0,0,0,1,1,-1,6,1,38,7,-1,-1,-1,-1,3,E01011822,0,1
2024041421463,2024,041421463,1,98,0,-1,3,1,5,-1,0,1,0,0,0,0,2,1,-1,1,1,53,8,-1,-1,-1,-1,4,E01025113,0,1
2024201512906,2024,201512906,4,9,0,-1,3,1,5,-1,0,2,0,0,0,0,2,1,-1,2,2,60,9,-1,-1,-1,-1,8,E01010164,0,1
2024351462975,2024,351462975,1,9,0,-1,-1,-1,-1,-1,-1,0,-1,-1,-1,0,-1,9,-1,6,3,-1,-1,-1,-1,-1,-1,-1,-1,0,-1
2024471402210,2024,471402210,2,1,0,-1,19,8,4,-1,0,1,0,0,0,0,2,1,-1,6,2,70,10,-1,-1,-1,-1,4,E01031546,0,1
2024041493114,2024,041493114,1,9,0,-1,19,-1,-1,-1,0,0,0,0,0,0,-1,9,-1,6,3,-1,-1,-1,-1,-1,-1,-1,-1,0,-1
2024010512506,2024,010512506,1,9,0,99,99,9,9,99,99,9,9,99,9,99,9,9,6,6,2,35,6,-1,-1,-1,-1,6,E01001266,0,1
2024010498841,2024,010498841,3,9,0,2,2,0,0,6,6,0,0,0,0,0,3,1,6,6,3,-1,-1,-1,-1,-1,-1,-1,-1,0,-1
2024610057224,2024,610057224,2,9,0,9,9,4,2,0,0,1,0,0,0,0,1,1,6,6,3,31,6,-1,-1,-1,-1,4,W01002032,0,3
2024549936624,2024,549936624,1,97,0,18,19,5,1,0,0,0,0,0,0,0,1,1,6,6,3,-1,-1,-1,-1,-1,-1,-1,-1,0,-1
2024430126347,2024,430126347,1,19,0,18,19,1,5,0,0,8,0,0,0,0,1,1,6,6,1,-1,-1,-1,-1,-1,-1,-1,-1,0,-1
2024421478422,2024,421478422,1,1,0,-1,19,2,4,-1,0,8,0,0,0,0,1,1,-1,9,1,28,6,-1,-1,-1,-1,6,E01004728,0,4
2024010511176,2024,010511176,2,1,0,18,19,4,8,0,0,1,0,0,0,0,4,1,6,6,2,27,6,-1,-1,-1,-1,8,E01034386,0,1
2024010512061,2024,010512061,2,1,0,18,19,5,1,0,0,1,2,0,7,11,1,1,6,6,1,45,7,-1,-1,-1,-1,4,E01004039,0,2
2024520500213,2024,520500213,2,9,9,4,4,5,1,0,0,2,0,0,0,0,9,9,6,6,3,-1,-1,-1,-1,-1,-1,-1,-1,0,-1
2024201547790,2024,201547790,1,1,0,-1,19,2,6,-1,0,8,0,0,0,0,1,1,-1,2,1,26,6,-1,-1,-1,-1,1,E01008996,0,1
2024010515471,2024,010515471,2,1,0,18,19,7,3,0,0,0,0,0,0,0,1,1,6,6,1,20,4,-1,-1,-1,-1,5,E01032777,0,1
2024010510164,2024,010510164,2,1,0,15,15,2,6,0,0,1,0,0,0,0,1,1,6,6,1,19,4,-1,-1,-1,-1,3,E01004435,0,2
2024201407592,2024,201407592,1,9,0,-1,19,7,3,-1,0,0,0,0,0,0,1,9,-1,6,3,-1,-1,-1,-1,-1,-1,-1,-1,0,-1
2024010513729,2024,010513729,2,9,0,99,99,9,9,99,99,9,9,99,9,99,3,9,6,6,3,-1,-1,-1,-1,-1,-1,-1,-1,0,-1
2024440292954,2024,440292954,1,1,0,9,9,1,5,0,0,0,0,0,0,0,3,1,4,7,1,14,3,-1,-1,-1,-1,7,E01022963,0,1
2024351506943,2024,351506943,1,21,4,-1,9,8,4,-1,0,0,0,0,0,0,1,2,-1,1,1,66,10,-1,-1,-1,-1,5,E01024198,0,5
2024131403132,2024,131403132,3,9,0,-1,2,0,0,-1,0,1,0,0,0,0,1,1,-1,6,-1,-1,-1,-1,-1,-1,-1,-1,-1,0,-1
2024010545373,2024,010545373,3,9,0,-1,-1,1,5,0,0,2,0,0,0,0,1,1,6,6,1,39,7,-1,-1,-1,-1,4,E01002315,0,1
2024131397433,2024,131397433,2,1,0,-1,9,7,3,-1,0,3,1,0,0,0,1,1,-1,9,1,31,6,-1,-1,-1,-1,2,E01011281,0,1
2024401490009,2024,401490009,2,9,-1,-1,13,1,5,-1,0,2,0,0,0,0,-1,9,-1,6,3,-1,-1,-1,-1,-1,-1,-1,-1,0,-1
2024041510116,2024,041510116,1,1,0,-1,19,1,5,-1,0,0,5,0,0,0,1,1,-1,2,1,40,7,-1,-1,-1,-1,7,E01025400,0,2
2024010490993,2024,010490993,1,9,0,6,6,5,5,0,0,2,0,0,0,0,1,1,6,6,1,29,6,-1,-1,-1,-1,8,E01023312,0,3
2024991513644,2024,991513644,2,9,0,-1,19,6,2,-1,0,1,0,0,0,0,1,1,-1,9,1,80,11,-1,-1,-1,-1,10,-1,0,3
2024010506758,2024,010506758,2,1,0,18,19,1,5,0,0,8,0,0,0,0,1,1,6,6,1,58,9,-1,-1,-1,-1,9,E01004659,0,1
2024201497681,2024,201497681,2,9,0,-1,3,8,4,-1,0,1,0,0,0,0,2,1,-1,9,2,24,5,-1,-1,-1,-1,4,E01009552,0,4
2024010501465,2024,010501465,1,1,9,99,99,9,9,99,99,9,9,99,9,99,9,1,2,2,2,42,7,-1,-1,-1,-1,7,E01004018,0,1
2024070369443,2024,070369443,2,3,0,18,19,4,8,0,0,0,0,0,0,0,1,1,6,6,1,20,4,-1,-1,-1,-1,-1,-1,0,-1
2024010493494,2024,010493494,1,3,0,99,99,9,9,99,99,9,9,99,9,99,9,1,3,7,1,51,8,-1,-1,-1,-1,7,E01003434,0,1
2024340NN2782,2024,340NN2782,2,9,0,-1,2,0,0,-1,0,0,0,0,0,0,1,1,-1,6,3,-1,-1,-1,-1,-1,-1,-1,-1,0,-1
2024070653575,2024,070653575,1,19,0,9,9,1,7,0,0,8,0,0,0,0,3,1,1,1,1,-1,-1,-1,-1,-1,-1,-1,-1,0,-1
2024201560356,2024,201560356,1,9,0,-1,19,4,1,-1,0,0,0,0,0,0,1,9,-1,6,3,-1,-1,-1,-1,-1,-1,-1,-1,0,-1
2024531496928,2024,531496928,1,9,0,-1,4,7,3,-1,0,1,1,0,0,0,1,1,-1,9,2,29,6,-1,-1,-1,-1,8,E01022463,0,3
2024332400374,2024,332400374,1,1,0,-1,19,4,8,-1,0,8,0,0,0,0,2,1,-1,9,1,53,8,-1,-1,-1,-1,7,E01025623,0,1
2024010530837,2024,010530837,1,1,9,18,19,9,9,99,99,0,9,99,9,99,2,1,6,6,1,32,6,-1,-1,-1,-1,7,E01004597,0,1
2024201466584,2024,201466584,1,9,0,-1,19,2,6,-1,0,1,0,0,0,0,1,9,-1,6,1,-1,-1,-1,-1,-1,-1,-1,-1,0,-1
2024622400548,2024,622400548,2,17,0,7,7,8,2,0,0,1,0,0,0,0,1,1,6,6,3,-1,-1,-1,-1,-1,-1,-1,-1,0,-1
2024041440849,2024,041440849,1,9,0,-1,19,7,1,-1,5,1,0,0,0,0,1,9,-1,6,3,-1,-1,-1,-1,-1,-1,-1,-1,0,-1
2024061511019,2024,061511019,1,9,0,-1,-1,-1,-1,-1,-1,-1,-1,-1,-1,0,-1,1,-1,6,3,-1,-1,-1,-1,-1,-1,-1,-1,0,-1
202417H104124,2024,17H104124,2,1,0,-1,19,5,1,-1,0,0,0,0,0,0,1,1,-1,9,1,31,6,-1,-1,-1,-1,1,E01011980,0,1
2024010527818,2024,010527818,2,19,4,1,1,1,5,6,6,0,0,4,0,0,2,1,1,1,1,26,6,-1,-1,-1,-1,8,E01017660,0,4
2024231462127,2024,231462127,2,9,0,-1,19,7,4,-1,0,8,0,0,1,0,4,1,-1,9,1,61,9,-1,-1,-1,-1,7,E01031213,0,1
2024010528489,2024,010528489,1,3,0,18,19,2,6,0,0,0,0,0,0,0,1,1,6,6,1,26,6,-1,-1,-1,-1,2,E01003207,0,3
2024131461105,2024,131461105,2,1,0,-1,19,1,5,-1,0,6,0,4,0,0,1,1,-1,6,1,49,8,-1,-1,-1,-1,1,E01032500,0,1
2024041408431,2024,041408431,2,1,0,-1,19,5,1,-1,5,0,0,0,0,0,4,1,-1,7,1,15,3,-1,-1,-1,-1,8,E01025602,0,1
2024101470326,2024,101470326,1,9,0,-1,5,2,4,-1,0,8,0,0,0,0,4,1,-1,9,2,50,8,-1,-1,-1,-1,10,E01008563,0,1
2024991460462,2024,991460462,1,19,0,-1,5,1,1,-1,0,4,0,0,0,0,1,1,-1,6,1,45,7,-1,-1,-1,-1,4,-1,0,4
2024430417699,2024,430417699,2,1,0,18,19,7,3,0,0,8,0,0,0,0,1,1,6,6,2,25,5,-1,-1,-1,-1,-1,-1,0,-1
2024070531534,2024,070531534,1,9,0,18,19,8,4,0,0,0,0,0,0,0,1,1,6,6,3,-1,-1,-1,-1,-1,-1,-1,-1,0,-1
2024231495339,2024,231495339,3,9,0,-1,9,8,6,-1,0,5,0,0,0,0,0,9,-1,6,3,28,6,-1,-1,-1,-1,-1,-1,0,-1
2024522401865,2024,522401865,2,9,9,11,11,9,9,0,0,8,0,0,0,0,9,1,6,6,3,-1,-1,-1,-1,-1,-1,-1,-1,0,-1
2024061523323,2024,061523323,1,9,0,-1,9,3,1,-1,0,1,1,0,0,0,3,1,-1,1,1,51,8,-1,-1,-1,-1,8,E01005575,0,2
2024010499560,2024,010499560,2,1,0,18,19,8,4,0,0,0,0,0,0,0,4,1,6,6,2,39,7,-1,-1,-1,-1,3,E01034179,0,1
2024052401235,2024,052401235,1,1,0,18,19,7,3,0,0,6,0,0,0,0,3,1,6,6,1,11,3,-1,-1,-1,-1,2,E01034832,0,1
2024522402569,2024,522402569,2,-1,0,17,19,1,6,0,0,8,0,0,0,0,1,1,6,6,1,-1,-1,-1,-1,-1,-1,-1,-1,1,-1
2024061458853,2024,061458853,2,1,0,-1,19,2,6,-1,0,1,0,0,0,0,1,1,-1,9,1,30,6,-1,-1,-1,-1,2,E01006068,0,1
2024302401028,2024,302401028,2,17,0,5,5,5,1,0,0,8,0,0,0,0,4,1,6,6,1,76,11,-1,-1,-1,-1,7,E01019617,0,3
2024010489320,2024,010489320,3,9,0,18,19,7,3,0,0,0,0,0,0,0,1,1,6,6,3,-1,-1,-1,-1,-1,-1,-1,-1,0,-1
2024061506652,2024,061506652,1,97,0,-1,19,7,3,-1,0,0,0,4,0,0,1,1,-1,6,1,26,6,-1,-1,-1,-1,1,E01005189,0,1
2024440111448,2024,440111448,1,9,0,4,4,8,4,0,0,0,0,0,0,0,2,1,6,6,1,64,9,-1,-1,-1,-1,10,E01030902,0,1
2024010494521,2024,010494521,1,19,0,99,99,9,9,99,99,9,9,99,9,99,1,9,6,6,3,45,7,-1,-1,-1,-1,7,E01001235,0,2
2024201420055,2024,201420055,1,9,0,-1,5,7,3,-1,0,1,0,0,0,0,1,9,-1,6,2,-1,-1,-1,-1,-1,-1,-1,-1,0,-1
2024122400356,2024,122400356,2,1,0,18,19,7,3,0,0,8,0,0,0,0,1,1,6,6,1,31,6,-1,-1,-1,-1,7,E01013075,0,2
2024351437270,2024,351437270,2,1,0,-1,19,-1,-1,-1,5,8,0,0,0,0,1,1,-1,9,2,44,7,-1,-1,-1,-1,3,E01017952,0,1
2024111487043,2024,111487043,1,90,0,-1,19,8,4,-1,0,0,0,0,0,0,1,9,-1,6,3,30,6,-1,-1,-1,-1,-1,-1,0,-1
2024010494410,2024,010494410,1,3,0,13,13,7,3,0,0,0,0,0,0,0,1,1,6,6,1,-1,-1,-1,-1,-1,-1,-1,-1,0,-1
2024520401185,2024,520401185,2,1,0,18,19,6,2,0,0,8,0,0,0,0,1,1,6,6,1,53,8,-1,-1,-1,-1,1,E01029297,0,1
2024552400053,2024,552400053,1,19,0,18,19,6,2,0,0,0,2,0,1,9,0,1,2,2,1,26,6,-1,-1,-1,-1,4,E01020444,0,2
2024010490651,2024,010490651,2,9,0,99,99,9,9,99,99,9,9,99,9,99,9,9,6,6,3,-1,-1,-1,-1,-1,-1,-1,-1,0,-1
2024101405957,2024,101405957,2,1,0,-1,19,5,1,-1,0,0,0,0,0,0,4,1,-1,6,1,70,10,-1,-1,-1,-1,10,E01033714,0,2
2024461464851,2024,461464851,2,97,0,-1,19,6,2,-1,0,1,5,0,0,0,4,1,-1,6,1,57,9,-1,-1,-1,-1,6,E01024406,0,3
2024101416038,2024,101416038,2,1,0,-1,19,2,6,-1,0,8,0,0,0,0,1,1,-1,6,1,56,9,-1,-1,-1,-1,1,E01008540,0,1
2024010505746,2024,010505746,2,1,9,99,99,9,9,99,99,9,9,99,9,99,1,1,6,6,3,-1,-1,-1,-1,-1,-1,-1,-1,0,-1
2024101523941,2024,101523941,1,19,0,-1,5,6,2,-1,0,8,0,0,0,0,4,9,-1,1,3,-1,-1,-1,-1,-1,-1,-1,-1,0,-1
2024440358618,2024,440358618,1,1,0,18,19,6,2,0,0,1,0,0,0,0,3,1,2,2,1,39,7,-1,-1,-1,-1,10,E01023279,0,2
2024010518655,2024,010518655,2,1,0,18,19,3,7,0,0,2,0,0,0,0,1,1,2,2,1,36,7,-1,-1,-1,-1,5,E01000038,0,2
2024320177069,2024,320177069,2,9,0,2,2,0,0,0,0,2,0,0,0,0,2,1,6,6,2,52,8,-1,-1,-1,-1,5,E01026232,0,1
2024471470441,2024,471470441,2,1,0,-1,19,3,7,-1,0,3,0,0,0,0,4,1,-1,6,1,45,7,-1,-1,-1,-1,10,E01031824,0,1
2024430113720,2024,430113720,1,9,0,5,5,2,6,0,0,1,0,0,0,0,2,1,6,6,2,54,8,-1,-1,-1,-1,8,E01022493,0,3
2024451506699,2024,451506699,1,1,0,-1,19,1,5,-1,9,1,0,0,0,0,1,1,-1,2,2,44,7,-1,-1,-1,-1,10,E01030510,0,1
2024010530895,2024,010530895,1,9,0,9,9,3,8,0,0,5,0,0,0,0,1,1,6,6,3,-1,-1,-1,-1,-1,-1,-1,-1,0,-1
2024101489820,2024,101489820,1,9,0,-1,19,6,2,-1,0,0,1,0,1,7,1,1,-1,1,1,30,6,-1,-1,-1,-1,9,E01008443,0,3
2024471525905,2024,471525905,2,1,0,-1,19,7,3,-1,0,1,0,0,0,0,1,1,-1,1,1,28,6,-1,-1,-1,-1,4,E01016852,0,1
2024531462981,2024,531462981,1,1,0,-1,19,8,4,-1,9,0,5,0,0,0,1,1,-1,1,1,-1,-1,-1,-1,-1,-1,-1,-1,0,-1
2024531490067,2024,531490067,2,9,0,-1,4,7,3,-1,0,0,0,0,0,0,2,1,-1,1,1,52,8,-1,-1,-1,-1,1,E01022333,0,2
2024520401417,2024,520401417,2,9,0,18,19,3,7,0,0,8,0,0,0,0,1,1,6,6,1,46,8,-1,-1,-1,-1,7,E01029181,0,2
2024461432902,2024,461432902,1,9,0,-1,19,7,3,-1,0,0,0,0,0,0,3,9,-1,6,1,-1,-1,-1,-1,-1,-1,-1,-1,0,-1
2024131436173,2024,131436173,1,9,0,-1,-1,-1,-1,-1,-1,0,-1,-1,-1,-1,-1,1,-1,6,3,-1,-1,-1,-1,-1,-1,-1,-1,0,-1
2024221413898,2024,221413898,2,19,0,-1,19,5,8,-1,0,8,0,0,0,0,1,1,-1,9,1,28,6,-1,-1,-1,-1,-1,-1,0,-1
2024010527020,2024,010527020,2,98,9,99,99,9,9,99,99,9,9,99,9,99,9,9,6,6,3,-1,-1,-1,-1,-1,-1,-1,-1,0,-1