collision_index,collision_year,collision_ref_no,vehicle_reference,vehicle_type,towing_and_articulation,vehicle_manoeuvre_historic,vehicle_manoeuvre,vehicle_direction_from,vehicle_direction_to,vehicle_location_restricted_lane_historic,vehicle_location_restricted_lane,junction_location,skidding_and_overturning,hit_object_in_carriageway,vehicle_leaving_carriageway,hit_object_off_carriageway,first_point_of_impact,vehicle_left_hand_drive,journey_purpose_of_driver_historic,journey_purpose_of_driver,sex_of_driver,age_of_driver,age_band_of_driver,engine_capacity_cc,propulsion_code,age_of_vehicle,generic_make_model,driver_imd_decile,lsoa_of_driver,escooter_flag,driver_distance_banding
2024430336070,2024,430336070,1,9,0,18,19,2,6,0,0,0,0,0,0,0,1,1,6,6,2,62,9,-1,-1,-1,-1,9,E01028799,0,1
2024010531968,2024,010531968,2,9,0,99,99,9,9,99,99,9,9,99,9,99,2,9,6,6,3,-1,-1,-1,-1,-1,-1,-1,-1,0,-1
2024041481456,2024,041481456,3,1,-1,-1,-1,-1,-1,-1,-1,0,-1,-1,-1,0,-1,1,-1,6,3,-1,-1,-1,-1,-1,-1,-1,-1,0,-1
2024351405138,2024,351405138,2,19,0,-1,19,7,3,-1,0,8,0,0,0,0,1,9,-1,1,1,29,6,-1,-1,-1,-1,2,E01035542,0,4
2024461442846,2024,461442846,1,9,0,-1,19,1,5,-1,0,5,0,0,0,0,1,1,-1,6,1,73,10,-1,-1,-1,-1,7,E01024635,0,1
2024451396142,2024,451396142,1,9,0,-1,9,1,5,-1,0,8,0,0,0,0,1,1,-1,6,2,38,7,-1,-1,-1,-1,2,E01022964,0,4
2024201470537,2024,201470537,1,97,0,-1,19,2,4,-1,0,0,0,10,1,0,3,1,-1,6,-1,20,4,-1,-1,-1,-1,-1,-1,0,-1
2024010538534,2024,010538534,1,1,9,99,99,9,9,99,99,9,9,99,9,99,9,9,6,6,3,-1,-1,-1,-1,-1,-1,-1,-1,0,-1
2024522402805,2024,522402805,1,-1,0,17,19,2,7,0,0,8,0,0,0,0,1,1,6,6,1,46,8,-1,-1,-1,-1,2,E01033359,1,1
2024010492594,2024,010492594,1,19,0,7,7,8,2,0,0,6,0,0,0,0,3,1,2,2,1,31,6,-1,-1,-1,-1,4,E01017536,0,4
2024421471002,2024,421471002,1,1,0,-1,19,4,8,-1,0,8,5,0,0,0,0,1,-1,9,1,59,9,-1,-1,-1,-1,8,E01021760,0,1
2024010511482,2024,010511482,1,1,9,99,99,9,9,99,99,9,9,99,9,99,1,1,6,6,1,26,6,-1,-1,-1,-1,8,E01004731,0,4
2024421430092,2024,421430092,3,9,0,-1,2,0,0,-1,0,0,0,0,0,0,4,1,-1,6,-1,-1,-1,-1,-1,-1,-1,-1,-1,0,-1
2024201458714,2024,201458714,1,9,0,-1,19,4,8,-1,0,0,0,0,0,0,1,9,-1,6,1,-1,-1,-1,-1,-1,-1,-1,-1,0,-1
2024061490503,2024,061490503,2,11,0,-1,19,3,7,-1,0,1,0,0,0,0,1,1,-1,1,1,25,5,-1,-1,-1,-1,10,E01016645,0,5
2024010496780,2024,010496780,2,19,0,99,99,9,9,99,99,0,9,99,9,99,1,9,6,6,3,-1,-1,-1,-1,-1,-1,-1,-1,0,-1
2024010533368,2024,010533368,1,1,9,99,99,9,9,99,99,9,9,99,9,99,9,1,6,6,1,27,6,-1,-1,-1,-1,4,E01003719,0,2
2024010496660,2024,010496660,2,9,0,18,19,3,7,0,0,8,1,0,0,0,1,1,6,6,2,41,7,-1,-1,-1,-1,4,E01000113,0,1
2024010514134,2024,010514134,2,1,0,18,19,3,7,0,0,0,0,0,0,0,1,1,6,6,1,33,6,-1,-1,-1,-1,3,E01001111,0,1
2024471453484,2024,471453484,3,9,0,-1,3,7,3,-1,0,0,0,0,0,0,2,1,-1,6,2,47,8,-1,-1,-1,-1,6,E01034304,0,4
2024010494744,2024,010494744,1,9,0,3,3,5,1,0,0,0,0,0,0,0,2,1,6,6,1,30,6,-1,-1,-1,-1,3,E01035667,0,3
2024451494291,2024,451494291,1,9,0,-1,13,7,3,-1,0,0,0,0,0,0,1,1,-1,2,1,19,4,-1,-1,-1,-1,8,E01001119,0,1
2024461420597,2024,461420597,1,9,0,-1,19,3,7,-1,0,0,0,0,0,0,3,9,-1,9,1,-1,-1,-1,-1,-1,-1,-1,-1,0,-1
2024041431847,2024,041431847,2,1,0,-1,19,7,3,-1,0,8,0,0,0,0,1,1,-1,9,1,39,7,-1,-1,-1,-1,3,E01025368,0,2
2024311403366,2024,311403366,1,5,0,-1,13,1,5,-1,0,0,5,0,0,0,1,1,-1,9,1,38,7,-1,-1,-1,-1,-1,-1,0,-1
2024101446064,2024,101446064,1,1,0,-1,12,1,4,-1,0,6,0,0,0,0,0,1,-1,6,1,25,5,-1,-1,-1,-1,-1,-1,0,-1
2024332400494,2024,332400494,2,1,0,-1,7,5,7,-1,0,6,0,0,0,0,1,1,-1,6,1,18,4,-1,-1,-1,-1,1,E01013640,0,2
2024010491339,2024,010491339,1,9,0,99,99,9,9,99,99,9,9,99,9,99,2,9,1,1,1,48,8,-1,-1,-1,-1,9,E01023378,0,4
2024010492107,2024,010492107,1,3,0,14,14,3,7,0,0,1,0,0,0,0,1,1,6,6,1,21,5,-1,-1,-1,-1,9,E01001306,0,1
2024010502923,2024,010502923,2,11,0,18,19,1,5,0,0,9,0,0,0,0,1,1,6,6,1,59,9,-1,-1,-1,-1,4,E01001261,0,1
2024131505270,2024,131505270,1,90,0,-1,19,5,1,-1,0,1,0,0,0,0,2,1,-1,6,2,34,6,-1,-1,-1,-1,2,E01011103,0,1
2024430321342,2024,430321342,1,9,0,9,9,1,7,0,0,1,0,0,0,0,1,1,6,6,2,51,8,-1,-1,-1,-1,6,E01028631,0,3
2024131528894,2024,131528894,2,1,0,-1,19,7,3,-1,0,0,0,0,1,0,3,1,-1,9,1,43,7,-1,-1,-1,-1,-1,-1,0,-1
2024010499056,2024,010499056,2,9,9,99,99,9,9,99,99,9,9,99,9,99,9,9,6,6,3,-1,-1,-1,-1,-1,-1,-1,-1,0,-1
2024501465569,2024,501465569,2,9,0,-1,19,2,7,-1,0,3,0,0,0,0,2,1,-1,6,1,54,8,-1,-1,-1,-1,2,E01019046,0,1
2024201497817,2024,201497817,1,9,0,-1,19,7,3,-1,0,8,0,0,0,0,1,1,-1,6,2,20,4,-1,-1,-1,-1,-1,-1,0,-1
2024052401555,2024,052401555,2,1,0,18,19,2,6,0,0,1,0,0,0,0,1,1,6,6,1,19,4,-1,-1,-1,-1,8,E01007002,0,1
2024041424173,2024,041424173,1,1,0,-1,19,7,3,-1,0,0,0,0,0,0,4,1,-1,6,1,40,7,-1,-1,-1,-1,1,E01012721,0,1
2024161438229,2024,161438229,1,9,0,-1,9,1,5,-1,0,2,0,0,0,0,1,1,-1,9,2,18,4,-1,-1,-1,-1,6,E01013039,0,2
202417S211724,2024,17S211724,1,9,0,-1,7,5,7,-1,0,1,0,0,0,0,4,1,-1,6,1,-1,-1,-1,-1,-1,-1,-1,-1,0,-1
2024161456723,2024,161456723,1,9,0,-1,19,7,3,-1,0,1,1,0,0,0,4,2,-1,9,1,77,11,-1,-1,-1,-1,10,E01012967,0,3
2024010517544,2024,010517544,2,-1,0,18,19,5,1,0,0,1,0,0,1,0,1,1,6,6,3,24,5,-1,-1,-1,-1,-1,-1,1,-1
2024430447572,2024,430447572,1,5,0,4,4,2,6,0,0,0,1,0,0,0,1,1,2,2,1,42,7,-1,-1,-1,-1,-1,-1,0,-1
2024010516557,2024,010516557,1,9,0,18,19,3,7,0,0,0,0,0,0,0,4,1,6,6,3,-1,-1,-1,-1,-1,-1,-1,-1,0,-1
2024552400924,2024,552400924,2,1,0,18,19,3,7,4,4,0,0,0,0,0,1,1,6,6,1,62,9,-1,-1,-1,-1,3,E01015357,0,1
2024010515030,2024,010515030,2,1,0,18,19,5,1,0,0,0,0,8,7,0,1,1,6,6,1,34,6,-1,-1,-1,-1,2,E01000060,0,1
2024430375182,2024,430375182,2,9,0,18,19,4,8,0,0,0,0,0,0,0,4,1,6,6,1,-1,-1,-1,-1,-1,-1,-1,-1,0,-1
2024302400092,2024,302400092,1,9,0,13,13,8,4,0,0,0,0,0,0,0,4,1,6,6,1,30,6,-1,-1,-1,-1,1,E01013568,0,1
2024052401185,2024,052401185,1,-1,0,18,19,5,2,0,0,8,0,0,0,0,1,1,6,6,1,17,4,-1,-1,-1,-1,1,E01006679,1,1
2024010486951,2024,010486951,1,9,0,16,19,1,5,0,0,0,0,0,0,0,1,1,6,6,2,-1,-1,-1,-1,-1,-1,3,E01001792,0,2
2024311461817,2024,311461817,1,9,0,-1,19,3,7,-1,0,0,2,0,7,0,4,1,-1,1,1,71,10,-1,-1,-1,-1,-1,-1,0,-1
2024010488597,2024,010488597,3,11,0,3,3,7,3,3,2,1,0,10,0,0,3,1,1,1,1,27,6,-1,-1,-1,-1,10,E01023908,0,3
2024440227448,2024,440227448,1,1,0,17,19,6,3,0,0,0,0,12,0,0,1,1,6,6,1,62,9,-1,-1,-1,-1,3,E01022993,0,2
2024010489847,2024,010489847,1,9,0,99,99,9,9,99,99,9,9,99,9,99,2,9,6,6,2,51,8,-1,-1,-1,-1,5,E01002443,0,1
2024010490937,2024,010490937,1,9,0,99,99,9,9,99,99,9,9,99,9,99,2,9,6,6,2,31,6,-1,-1,-1,-1,5,E01003115,0,2
2024010496352,2024,010496352,2,9,0,99,99,9,9,99,99,9,9,99,9,99,9,9,6,6,3,-1,-1,-1,-1,-1,-1,-1,-1,0,-1
2024522401206,2024,522401206,1,1,0,18,19,9,9,9,9,0,0,0,0,0,1,1,6,6,3,-1,-1,-1,-1,-1,-1,-1,-1,0,-1
2024111515399,2024,111515399,1,9,0,-1,19,1,5,-1,0,1,0,0,0,0,1,1,-1,2,1,51,8,-1,-1,-1,-1,7,E01020879,0,1
2024340NN3692,2024,340NN3692,3,9,0,-1,3,2,6,-1,0,0,0,0,0,0,0,1,-1,2,1,51,8,-1,-1,-1,-1,6,E01027032,0,3
2024430230521,2024,430230521,1,9,0,18,19,3,7,0,0,8,0,0,0,0,1,1,6,6,2,-1,-1,-1,-1,-1,-1,-1,-1,0,-1
2024010540020,2024,010540020,1,1,9,99,99,9,9,99,99,0,9,99,9,99,1,1,6,6,1,49,8,-1,-1,-1,-1,6,E01002957,0,1
2024201495907,2024,201495907,1,9,0,-1,19,2,6,-1,0,0,0,0,0,0,3,1,-1,2,2,18,4,-1,-1,-1,-1,5,E01008917,0,1
2024201530581,2024,201530581,1,9,0,-1,5,7,3,-1,0,0,0,0,0,0,1,9,-1,6,3,50,8,-1,-1,-1,-1,-1,-1,0,-1
2024361532687,2024,361532687,1,1,0,-1,19,3,1,-1,0,1,0,0,0,0,1,1,-1,6,2,21,5,-1,-1,-1,-1,1,E01026826,0,1
2024131427963,2024,131427963,1,9,0,-1,-1,-1,-1,-1,-1,-1,-1,-1,-1,-1,-1,1,-1,6,3,-1,-1,-1,-1,-1,-1,-1,-1,0,-1
2024010512909,2024,010512909,1,1,0,18,19,3,7,0,0,9,0,0,0,0,1,1,2,2,1,31,6,-1,-1,-1,-1,4,E01033925,0,1
2024010489340,2024,010489340,2,1,0,18,19,1,5,0,0,8,1,0,0,0,1,1,1,1,1,30,6,-1,-1,-1,-1,2,E01000863,0,1
2024070369443,2024,070369443,1,3,0,18,19,8,4,0,0,0,0,0,0,0,1,1,6,6,1,20,4,-1,-1,-1,-1,-1,-1,0,-1
2024131419033,2024,131419033,1,9,0,-1,-1,-1,-1,-1,-1,4,-1,-1,-1,0,-1,1,-1,6,3,-1,-1,-1,-1,-1,-1,-1,-1,0,-1
2024101419753,2024,101419753,1,9,0,-1,14,7,3,-1,0,0,0,0,0,0,4,9,-1,6,3,45,7,-1,-1,-1,-1,-1,-1,0,-1
2024101452761,2024,101452761,1,1,0,-1,19,1,5,-1,0,0,0,0,0,0,3,1,-1,6,1,18,4,-1,-1,-1,-1,3,E01008717,0,1
2024061423022,2024,061423022,1,9,-1,-1,-1,-1,-1,-1,-1,0,-1,-1,-1,0,-1,9,-1,6,1,-1,-1,-1,-1,-1,-1,-1,-1,0,-1
2024411477265,2024,411477265,1,9,0,-1,19,3,7,-1,0,8,5,7,0,0,3,1,-1,6,1,29,6,-1,-1,-1,-1,5,E01023295,0,1
2024010529441,2024,010529441,2,9,4,99,99,9,9,99,99,9,9,99,9,99,9,9,6,6,3,-1,-1,-1,-1,-1,-1,6,E01002220,0,3
202460Q155127,2024,60Q155127,1,98,0,4,4,3,7,0,0,2,0,0,0,0,3,1,1,1,1,35,6,-1,-1,-1,-1,-1,-1,0,-1
2024201446237,2024,201446237,8,9,0,-1,2,0,0,-1,0,2,0,0,0,0,1,9,-1,2,1,47,8,-1,-1,-1,-1,6,E01010232,0,1
2024041512764,2024,041512764,1,9,0,-1,13,7,3,-1,0,1,0,0,0,0,-1,9,-1,6,3,-1,-1,-1,-1,-1,-1,-1,-1,0,-1
2024411463108,2024,411463108,1,90,0,-1,19,1,5,-1,1,1,0,0,0,0,1,1,-1,6,1,12,3,-1,-1,-1,-1,9,E01023319,0,1
2024101506755,2024,101506755,2,90,0,-1,19,6,1,-1,0,8,0,0,0,0,3,1,-1,9,1,10,2,-1,-1,-1,-1,8,E01008808,0,2
2024031486757,2024,031486757,1,9,0,-1,3,3,7,-1,0,1,0,0,0,0,2,9,-1,9,1,44,7,-1,-1,-1,-1,9,E01019602,0,5
2024010518179,2024,010518179,1,1,9,99,99,9,9,99,99,9,9,99,9,99,1,1,6,6,3,-1,-1,-1,-1,-1,-1,-1,-1,0,-1
2024010510276,2024,010510276,2,9,0,99,99,9,9,99,99,9,9,99,9,99,2,9,6,6,3,-1,-1,-1,-1,-1,-1,-1,-1,0,-1
2024141456810,2024,141456810,2,1,0,-1,19,8,4,-1,0,6,0,0,0,0,4,1,-1,1,1,30,6,-1,-1,-1,-1,-1,-1,0,-1
2024010494669,2024,010494669,1,9,0,18,19,6,2,0,0,8,0,0,0,0,3,1,1,1,2,43,7,-1,-1,-1,-1,4,E01001167,0,1
2024501517221,2024,501517221,1,9,0,-1,19,1,5,-1,9,1,1,4,1,0,1,1,-1,9,1,78,11,-1,-1,-1,-1,5,E01018959,0,1
2024031455825,2024,031455825,1,9,0,-1,19,4,8,-1,0,0,5,0,1,10,1,1,-1,9,1,75,10,-1,-1,-1,-1,6,E01030714,0,5
2024440529007,2024,440529007,2,1,0,18,19,5,1,0,0,0,0,0,0,0,2,1,6,6,1,15,3,-1,-1,-1,-1,10,E01023193,0,1
2024531470508,2024,531470508,2,9,0,-1,19,3,7,-1,0,8,0,0,0,0,2,1,-1,9,1,57,9,-1,-1,-1,-1,6,E01022341,0,1
2024546927224,2024,546927224,1,9,0,18,19,4,8,0,0,0,0,0,0,0,1,1,6,6,1,42,7,-1,-1,-1,-1,-1,-1,0,-1
2024010494832,2024,010494832,4,19,0,4,4,3,7,0,0,2,0,0,0,0,1,1,1,1,1,36,7,-1,-1,-1,-1,4,E01002311,0,1
2024010530675,2024,010530675,2,1,0,5,5,7,3,0,0,8,0,0,0,0,3,1,6,6,2,55,8,-1,-1,-1,-1,8,E01000217,0,1
2024421406449,2024,421406449,1,1,-1,-1,-1,-1,-1,-1,-1,0,-1,-1,-1,0,-1,1,-1,6,2,21,5,-1,-1,-1,-1,8,E01029917,0,2
2024201426731,2024,201426731,1,11,0,-1,19,3,8,-1,0,0,0,0,0,0,3,9,-1,1,1,30,6,-1,-1,-1,-1,-1,-1,0,-1
2024010530961,2024,010530961,2,1,0,18,19,1,5,0,0,3,5,0,0,0,3,1,6,6,1,29,6,-1,-1,-1,-1,2,E01001912,0,1
2024131503384,2024,131503384,1,9,0,-1,4,1,5,-1,0,1,0,0,0,0,-1,1,-1,6,3,-1,-1,-1,-1,-1,-1,-1,-1,0,-1
2024010493181,2024,010493181,1,11,0,9,9,1,7,0,0,8,0,0,0,0,1,1,1,1,1,60,9,-1,-1,-1,-1,5,E01000994,0,2
202454D733224,2024,54D733224,1,9,0,5,5,6,2,0,0,6,0,0,0,0,1,1,6,6,2,23,5,-1,-1,-1,-1,7,E01014917,0,4
2024161510002,2024,161510002,5,9,0,-1,2,0,0,-1,0,0,0,0,0,0,2,9,-1,6,-1,-1,-1,-1,-1,-1,-1,-1,-1,0,-1
2024131499698,2024,131499698,2,9,0,-1,19,7,3,-1,0,0,0,0,0,0,2,1,-1,1,1,47,8,-1,-1,-1,-1,1,E01005703,0,4
2024522500445,2024,522500445,1,-1,0,18,19,5,1,0,0,8,0,0,0,0,1,1,6,6,1,28,6,-1,-1,-1,-1,8,E01014561,1,1
2024111451489,2024,111451489,1,1,0,-1,5,1,5,-1,0,0,0,0,0,0,1,1,-1,6,1,4,1,-1,-1,-1,-1,1,E01020909,0,1
2024061489366,2024,061489366,1,1,0,-1,19,2,4,-1,4,8,1,0,1,0,3,1,-1,2,1,24,5,-1,-1,-1,-1,6,E01005159,0,1
2024010492287,2024,010492287,1,9,0,99,99,9,9,99,99,9,9,99,9,99,2,9,2,2,2,27,6,-1,-1,-1,-1,5,E01003740,0,1
2024471491325,2024,471491325,1,9,0,-1,1,1,5,-1,0,1,0,0,0,0,2,9,-1,6,3,-1,-1,-1,-1,-1,-1,-1,-1,0,-1
2024320218343,2024,320218343,2,9,0,3,3,2,6,0,0,0,0,0,0,0,2,1,-1,-1,2,19,4,-1,-1,-1,-1,4,E01026044,0,2
2024010541816,2024,010541816,2,9,0,99,99,9,9,99,99,9,9,99,9,99,1,9,6,6,3,-1,-1,-1,-1,-1,-1,-1,-1,0,-1
2024361440913,2024,361440913,3,9,0,-1,3,4,2,-1,0,0,0,0,0,0,2,1,-1,1,1,37,7,-1,-1,-1,-1,4,E01026787,0,4
2024131442345,2024,131442345,1,90,0,-1,19,-1,-1,-1,0,1,0,0,-1,0,1,1,-1,6,3,-1,-1,-1,-1,-1,-1,-1,-1,0,-1
2024010493029,2024,010493029,1,9,0,2,2,0,0,0,0,0,0,0,0,0,1,1,6,6,3,-1,-1,-1,-1,-1,-1,-1,-1,0,-1
2024010495322,2024,010495322,2,3,0,18,19,3,7,0,0,8,0,0,0,0,1,1,6,6,1,49,8,-1,-1,-1,-1,2,E01002686,0,1
2024010514687,2024,010514687,2,9,9,99,99,9,9,99,99,9,9,99,9,99,9,9,6,6,2,-1,-1,-1,-1,-1,-1,3,E01001806,0,2
2024061443616,2024,061443616,1,9,0,-1,19,5,1,-1,0,0,0,0,0,0,1,1,-1,2,2,49,8,-1,-1,-1,-1,10,E01006193,0,2
2024552400445,2024,552400445,2,1,0,18,19,1,5,0,0,0,0,0,0,0,1,1,6,6,1,51,8,-1,-1,-1,-1,10,E01020470,0,1
2024061529236,2024,061529236,1,9,0,-1,4,8,5,-1,0,0,0,0,0,0,0,1,-1,6,3,25,5,-1,-1,-1,-1,-1,-1,0,-1
2024131406041,2024,131406041,1,9,0,-1,19,5,1,-1,0,8,1,0,7,11,3,1,-1,6,1,18,4,-1,-1,-1,-1,3,E01011175,0,2
2024010500521,2024,010500521,2,1,0,18,19,3,7,0,0,1,0,0,1,0,1,1,6,6,1,49,8,-1,-1,-1,-1,8,E01002898,0,1
2024010492402,2024,010492402,1,9,0,18,19,1,5,0,0,0,0,0,0,0,1,1,6,6,2,36,7,-1,-1,-1,-1,2,E01003044,0,1
2024201483826,2024,201483826,1,9,0,-1,6,6,6,-1,0,8,0,0,0,0,1,1,-1,6,1,27,6,-1,-1,-1,-1,7,E01028508,0,4
2024041411657,2024,041411657,2,9,0,-1,9,3,1,-1,0,0,0,0,0,0,1,1,-1,9,1,17,4,-1,-1,-1,-1,7,E01025079,0,1
2024010513914,2024,010513914,1,9,0,15,15,7,3,0,0,0,0,0,0,0,3,1,6,6,2,42,7,-1,-1,-1,-1,10,E01004112,0,1
2024041523625,2024,041523625,1,9,0,-1,5,3,7,-1,0,0,0,0,0,0,1,1,-1,9,2,68,10,-1,-1,-1,-1,10,E01025336,0,2
2024131393755,2024,131393755,1,9,0,-1,19,5,1,-1,0,0,0,0,0,0,1,1,-1,6,3,-1,-1,-1,-1,-1,-1,-1,-1,0,-1
2024010490639,2024,010490639,1,3,0,99,99,9,9,99,99,9,9,99,9,99,9,1,2,2,3,38,7,-1,-1,-1,-1,2,E01003604,0,3
2024520401953,2024,520401953,2,17,0,18,19,4,6,0,0,1,0,0,0,0,1,1,1,1,1,36,7,-1,-1,-1,-1,8,E01014423,0,3
2024010547226,2024,010547226,2,19,9,99,99,9,9,99,99,9,9,99,9,99,9,9,6,6,3,-1,-1,-1,-1,-1,-1,-1,-1,0,-1
2024991463297,2024,991463297,1,9,0,-1,13,2,6,-1,0,0,0,0,0,0,1,1,-1,9,1,76,11,-1,-1,-1,-1,3,-1,0,4
2024401487940,2024,401487940,1,9,0,-1,19,8,4,-1,0,0,1,0,0,0,3,1,-1,6,1,23,5,-1,-1,-1,-1,3,E01015744,0,3
2024522402874,2024,522402874,1,9,0,18,19,4,8,0,0,8,0,0,0,0,3,1,6,6,2,40,7,-1,-1,-1,-1,3,E01014571,0,1
2024461531558,2024,461531558,1,9,0,-1,19,1,5,-1,0,1,0,0,0,0,3,9,-1,6,2,-1,-1,-1,-1,-1,-1,-1,-1,0,-1
2024991407761,2024,991407761,1,1,0,-1,9,3,1,-1,0,2,0,0,0,0,3,1,-1,9,1,30,6,-1,-1,-1,-1,10,-1,0,1
2024010544939,2024,010544939,1,9,0,18,19,3,7,0,0,2,0,0,0,0,4,1,6,6,3,-1,-1,-1,-1,-1,-1,-1,-1,0,-1
2024991439256,2024,991439256,1,1,0,-1,9,1,6,-1,0,2,0,0,0,0,1,1,-1,1,1,26,6,-1,-1,-1,-1,-1,-1,0,-1
2024471405720,2024,471405720,1,1,0,-1,19,8,4,-1,0,0,0,0,0,0,0,1,-1,9,1,53,8,-1,-1,-1,-1,10,E01030533,0,4
2024543161824,2024,543161824,2,1,0,18,19,2,6,0,0,3,1,0,0,0,2,1,6,6,2,31,6,-1,-1,-1,-1,3,E01032118,0,1
2024451457243,2024,451457243,2,9,0,-1,5,1,5,-1,0,0,0,0,0,0,2,1,-1,2,1,55,8,-1,-1,-1,-1,1,E01016161,0,4
2024361499674,2024,361499674,3,9,0,-1,3,5,2,-1,0,0,0,0,0,0,2,1,-1,1,1,41,7,-1,-1,-1,-1,5,E01024427,0,5
2024122401177,2024,122401177,1,9,0,4,4,3,1,0,0,0,0,0,0,0,1,1,6,6,2,52,8,-1,-1,-1,-1,9,E01033186,0,4
2024451477948,2024,451477948,3,1,0,-1,9,6,3,-1,0,0,0,0,1,0,1,1,-1,9,1,41,7,-1,-1,-1,-1,8,E01002658,0,3
2024010541496,2024,010541496,2,1,0,10,10,5,3,4,4,1,0,0,0,0,1,1,1,1,1,27,6,-1,-1,-1,-1,2,E01034488,0,1
2024161441890,2024,161441890,1,23,0,-1,19,4,8,-1,0,1,0,0,0,0,1,1,-1,6,1,17,4,-1,-1,-1,-1,1,E01012783,0,1
2024461490203,2024,461490203,2,9,0,-1,19,1,5,-1,0,2,0,0,0,0,1,1,-1,2,1,33,6,-1,-1,-1,-1,7,E01024318,0,1
2024201508228,2024,201508228,1,9,0,-1,9,8,7,-1,0,5,0,0,0,0,1,1,-1,6,1,-1,-1,-1,-1,-1,-1,-1,-1,0,-1
2024522401724,2024,522401724,1,-1,0,11,11,3,7,0,0,1,0,0,0,0,2,1,6,6,1,29,6,-1,-1,-1,-1,4,E01014731,1,1
2024010508537,2024,010508537,1,9,0,99,99,9,9,99,99,9,9,99,9,99,1,9,6,6,3,-1,-1,-1,-1,-1,-1,-1,-1,0,-1
2024547152024,2024,547152024,3,21,0,18,19,8,4,0,0,0,0,0,0,0,1,1,1,1,1,24,5,-1,-1,-1,-1,3,-1,0,5
2024010525720,2024,010525720,1,1,9,99,99,9,9,99,99,9,9,99,9,99,2,1,6,6,2,30,6,-1,-1,-1,-1,4,E01004756,0,1
2024061449645,2024,061449645,3,9,0,-1,2,0,0,-1,9,1,0,0,0,0,2,1,-1,6,1,47,8,-1,-1,-1,-1,-1,-1,0,-1
2024471492678,2024,471492678,1,9,0,-1,11,3,6,-1,0,4,0,0,0,0,3,1,-1,9,1,30,6,-1,-1,-1,-1,5,E01031523,0,3
2024522402446,2024,522402446,2,19,0,16,19,6,1,0,0,1,0,0,0,0,1,1,6,6,3,-1,-1,-1,-1,-1,-1,-1,-1,0,-1
2024010538912,2024,010538912,1,19,0,18,19,9,9,99,99,0,9,99,9,99,1,9,6,6,3,-1,-1,-1,-1,-1,-1,-1,-1,0,-1
2024440390619,2024,440390619,1,1,0,18,19,6,2,0,0,8,0,0,0,0,1,1,4,7,1,16,4,-1,-1,-1,-1,10,E01023259,0,1
2024471414943,2024,471414943,3,98,-1,-1,9,-1,-1,-1,0,-1,0,0,0,0,0,9,-1,6,3,-1,-1,-1,-1,-1,-1,-1,-1,0,-1
2024101443751,2024,101443751,3,1,0,-1,19,8,4,-1,4,0,0,0,0,0,0,1,-1,9,3,-1,-1,-1,-1,-1,-1,-1,-1,0,-1
2024052400760,2024,052400760,2,1,0,18,19,7,3,0,0,0,0,0,0,0,3,1,6,6,1,15,3,-1,-1,-1,-1,1,E01007124,0,1
2024451511150,2024,451511150,1,1,0,-1,12,7,3,-1,0,0,0,0,0,0,3,1,-1,9,1,57,9,-1,-1,-1,-1,10,E01030948,0,1
2024302401406,2024,302401406,2,19,0,18,19,7,3,0,0,0,0,0,0,0,0,1,6,6,3,-1,-1,-1,-1,-1,-1,5,E01019456,0,4
2024010531784,2024,010531784,2,1,0,18,19,1,5,0,0,1,5,0,0,0,1,1,6,6,1,63,9,-1,-1,-1,-1,5,E01002162,0,1
2024141491482,2024,141491482,2,1,0,-1,19,3,7,-1,9,0,5,0,0,0,1,1,-1,6,2,51,8,-1,-1,-1,-1,4,E01007587,0,1
2024991528656,2024,991528656,1,9,0,-1,4,2,6,-1,0,0,0,0,0,0,0,1,-1,6,3,24,5,-1,-1,-1,-1,-1,-1,0,-1
2024520002747,2024,520002747,1,1,0,14,14,3,7,0,0,8,0,0,0,0,3,1,6,6,1,49,8,-1,-1,-1,-1,10,E01014413,0,1
2024010549320,2024,010549320,2,23,0,18,19,3,7,5,5,0,0,0,0,0,2,1,6,6,1,19,4,-1,-1,-1,-1,-1,-1,0,-1
2024010492153,2024,010492153,1,3,0,18,19,3,7,0,0,1,0,0,0,0,1,1,1,1,1,32,6,-1,-1,-1,-1,2,E01001218,0,2
2024010510980,2024,010510980,2,1,9,99,99,9,9,99,99,9,9,99,9,99,1,1,6,6,2,-1,-1,-1,-1,-1,-1,-1,-1,0,-1
2024070879942,2024,070879942,2,1,0,-1,19,6,4,-1,0,8,0,0,0,0,4,1,-1,2,1,53,8,-1,-1,-1,-1,10,E01018321,0,3
2024041535456,2024,041535456,2,1,0,-1,19,5,1,-1,0,0,0,0,0,0,1,1,-1,6,1,18,4,-1,-1,-1,-1,1,E01025293,0,1
2024010488888,2024,010488888,1,9,0,18,19,7,3,0,0,0,0,0,0,0,2,1,1,1,1,44,7,-1,-1,-1,-1,-1,-1,0,-1
2024440005554,2024,440005554,1,9,0,18,19,2,6,0,0,0,0,0,0,0,1,1,6,6,1,38,7,-1,-1,-1,-1,6,E01032884,0,4
2024411435994,2024,411435994,1,9,-1,-1,-1,-1,-1,-1,-1,-1,-1,-1,-1,0,-1,9,-1,6,3,-1,-1,-1,-1,-1,-1,-1,-1,0,-1
2024430009724,2024,430009724,9,9,0,18,19,8,4,0,0,0,0,0,0,0,1,1,6,6,1,67,10,-1,-1,-1,-1,10,E01028608,0,4
2024061494605,2024,061494605,1,9,0,-1,13,5,1,-1,0,8,0,0,0,0,1,9,-1,6,3,-1,-1,-1,-1,-1,-1,-1,-1,0,-1
2024101417331,2024,101417331,1,9,0,-1,7,1,5,-1,0,1,0,0,0,0,1,1,-1,6,1,58,9,-1,-1,-1,-1,5,E01008758,0,1
2024201418812,2024,201418812,2,90,0,-1,19,3,7,-1,0,0,0,0,0,0,3,1,-1,6,1,25,5,-1,-1,-1,-1,6,E01010200,0,1
2024101518735,2024,101518735,1,9,0,-1,19,6,2,-1,0,0,0,0,0,0,4,9,-1,6,3,-1,-1,-1,-1,-1,-1,-1,-1,0,-1
2024010496161,2024,010496161,3,9,0,99,99,9,9,0,0,0,9,99,9,99,2,9,6,6,3,-1,-1,-1,-1,-1,-1,-1,-1,0,-1
2024010502698,2024,010502698,2,22,9,99,99,9,9,99,99,9,9,99,9,99,9,1,6,6,1,34,6,-1,-1,-1,-1,3,E01002770,0,1