collision_index,collision_year,collision_ref_no,vehicle_reference,vehicle_type,towing_and_articulation,vehicle_manoeuvre_historic,vehicle_manoeuvre,vehicle_direction_from,vehicle_direction_to,vehicle_location_restricted_lane_historic,vehicle_location_restricted_lane,junction_location,skidding_and_overturning,hit_object_in_carriageway,vehicle_leaving_carriageway,hit_object_off_carriageway,first_point_of_impact,vehicle_left_hand_drive,journey_purpose_of_driver_historic,journey_purpose_of_driver,sex_of_driver,age_of_driver,age_band_of_driver,engine_capacity_cc,propulsion_code,age_of_vehicle,generic_make_model,driver_imd_decile,lsoa_of_driver,escooter_flag,driver_distance_banding
2024041413199,2024,041413199,1,9,0,-1,19,-1,-1,-1,0,0,0,0,0,0,1,9,-1,6,3,-1,-1,-1,-1,-1,-1,-1,-1,0,-1
2024430480469,2024,430480469,1,9,0,7,7,4,7,0,0,6,0,0,0,0,1,1,1,1,1,54,8,-1,-1,-1,-1,-1,-1,0,-1
2024520403345,2024,520403345,1,1,0,18,19,7,3,5,5,0,0,0,0,0,1,1,6,6,1,18,4,-1,-1,-1,-1,7,E01029276,0,1
2024221445360,2024,221445360,2,1,0,-1,14,2,8,-1,0,8,0,0,0,0,1,1,-1,9,1,45,7,-1,-1,-1,-1,7,E01028988,0,1
2024520401173,2024,520401173,2,1,0,18,19,6,2,0,0,8,0,0,0,0,1,1,6,6,1,62,9,-1,-1,-1,-1,6,E01014392,0,3
2024351567910,2024,351567910,5,9,0,-1,4,5,1,-1,0,0,0,0,0,0,2,1,-1,6,-1,-1,-1,-1,-1,-1,-1,-1,-1,0,-1
2024201435120,2024,201435120,1,9,0,-1,7,7,8,-1,5,6,0,0,0,0,4,1,-1,2,2,38,7,-1,-1,-1,-1,2,E01008936,0,1
2024010516799,2024,010516799,2,4,0,18,19,4,8,0,0,0,0,0,0,0,0,1,6,6,3,-1,-1,-1,-1,-1,-1,-1,-1,0,-1
2024430095632,2024,430095632,1,1,0,18,19,5,1,0,0,2,0,11,0,0,1,1,6,6,1,46,8,-1,-1,-1,-1,3,E01016377,0,1
2024440165824,2024,440165824,1,9,0,18,19,8,4,0,0,0,0,4,0,0,4,1,6,6,3,-1,-1,-1,-1,-1,-1,-1,-1,0,-1
2024052400976,2024,052400976,1,9,0,18,19,5,1,0,0,0,1,0,1,11,1,1,6,6,1,20,4,-1,-1,-1,-1,1,E01006504,0,1
202417S314324,2024,17S314324,2,1,0,-1,19,1,5,-1,0,2,0,0,0,0,3,1,-1,2,1,38,7,-1,-1,-1,-1,3,E01012289,0,1
2024430076585,2024,430076585,1,9,0,9,9,4,2,0,0,5,0,0,0,0,1,1,6,6,2,37,7,-1,-1,-1,-1,4,E01017708,0,1
2024010490377,2024,010490377,2,9,0,99,99,9,9,99,99,9,9,99,9,99,1,1,6,6,3,-1,-1,-1,-1,-1,-1,-1,-1,0,-1
2024131500244,2024,131500244,2,1,0,-1,19,1,5,-1,0,0,0,0,1,0,1,1,-1,1,1,46,8,-1,-1,-1,-1,1,E01010606,0,1
2024010502158,2024,010502158,2,1,0,18,19,5,1,0,0,1,0,0,0,0,4,1,2,2,2,45,7,-1,-1,-1,-1,6,E01003227,0,1
2024131444822,2024,131444822,2,1,0,-1,19,8,4,-1,0,8,5,0,0,0,4,1,-1,9,1,17,4,-1,-1,-1,-1,6,E01011885,0,1
2024070075755,2024,070075755,2,1,0,9,9,5,3,0,0,4,5,0,0,0,1,1,6,6,2,24,5,-1,-1,-1,-1,10,E01018346,0,1
2024340WN2852,2024,340WN2852,1,21,0,-1,11,3,2,-1,0,8,0,0,0,0,4,1,-1,6,3,-1,-1,-1,-1,-1,-1,-1,-1,0,-1
2024031457820,2024,031457820,1,9,0,-1,19,7,3,-1,0,1,0,0,0,0,3,1,-1,9,2,57,9,-1,-1,-1,-1,-1,-1,0,-1
2024061493836,2024,061493836,2,1,0,-1,19,4,8,-1,0,8,0,0,0,0,1,1,-1,9,1,59,9,-1,-1,-1,-1,5,E01033677,0,1
2024010545183,2024,010545183,2,9,0,99,99,9,9,99,99,9,9,99,9,99,1,9,6,6,3,-1,-1,-1,-1,-1,-1,-1,-1,0,-1
2024141557282,2024,141557282,1,9,0,-1,1,7,5,-1,0,0,0,0,0,0,2,9,-1,6,3,-1,-1,-1,-1,-1,-1,-1,-1,0,-1
2024361525278,2024,361525278,1,19,-1,-1,-1,-1,-1,-1,-1,4,-1,-1,-1,0,-1,9,-1,6,3,-1,-1,-1,-1,-1,-1,-1,-1,0,-1
2024010546958,2024,010546958,2,9,9,99,99,9,9,99,99,9,9,99,9,99,9,9,6,6,2,-1,-1,-1,-1,-1,-1,3,E01035499,0,2
2024991493010,2024,991493010,1,9,0,-1,19,3,6,-1,0,0,0,0,0,0,1,1,-1,1,1,34,6,-1,-1,-1,-1,3,-1,0,3
2024141394469,2024,141394469,2,1,0,-1,19,2,5,-1,0,1,1,0,0,0,1,1,-1,6,1,13,3,-1,-1,-1,-1,8,E01007520,0,1
2024440281498,2024,440281498,2,-1,0,18,19,4,8,0,0,2,0,0,0,0,1,1,6,6,1,12,3,-1,-1,-1,-1,6,E01017021,1,1
2024430036013,2024,430036013,1,9,0,9,9,7,5,0,0,6,0,0,0,0,1,1,6,6,2,-1,-1,-1,-1,-1,-1,-1,-1,0,-1
2024201499800,2024,201499800,1,9,0,-1,9,5,3,-1,0,6,0,0,0,0,1,2,-1,6,1,24,5,-1,-1,-1,-1,-1,-1,0,-1
2024311525964,2024,311525964,2,1,-1,-1,10,-1,-1,-1,-1,0,-1,-1,-1,0,2,1,-1,9,1,31,6,-1,-1,-1,-1,-1,-1,0,-1
2024332400992,2024,332400992,1,1,0,-1,19,7,3,-1,0,0,0,0,0,0,1,1,-1,2,2,32,6,-1,-1,-1,-1,3,E01013683,0,1
2024501457769,2024,501457769,2,9,0,-1,4,5,1,-1,0,0,0,0,0,0,2,1,-1,6,2,30,6,-1,-1,-1,-1,7,E01034624,0,2
2024010533893,2024,010533893,1,9,0,9,9,1,7,9,9,6,0,0,1,2,1,1,6,6,1,56,9,-1,-1,-1,-1,7,E01002207,0,1
2024201470179,2024,201470179,2,9,0,-1,3,6,2,-1,0,0,0,0,0,0,2,1,-1,6,1,58,9,-1,-1,-1,-1,9,E01014022,0,4
2024430505359,2024,430505359,1,9,0,3,3,3,7,0,0,1,0,0,0,0,2,1,6,6,2,36,7,-1,-1,-1,-1,-1,-1,0,-1
2024010533362,2024,010533362,1,9,0,11,11,7,3,0,0,1,0,0,0,0,4,1,6,6,3,-1,-1,-1,-1,-1,-1,-1,-1,0,-1
2024411504566,2024,411504566,2,9,0,-1,19,3,7,-1,0,0,0,0,0,0,3,1,-1,1,1,29,6,-1,-1,-1,-1,10,E01022571,0,4
2024010538647,2024,010538647,5,9,0,3,3,7,3,0,0,8,0,0,0,0,1,1,6,6,1,41,7,-1,-1,-1,-1,7,E01000691,0,1
2024010498037,2024,010498037,2,1,0,18,19,3,7,4,4,1,0,0,0,0,1,1,6,6,2,39,7,-1,-1,-1,-1,8,E01004297,0,1
2024041457645,2024,041457645,2,9,0,-1,19,5,1,-1,0,0,0,0,0,0,2,1,-1,6,2,57,9,-1,-1,-1,-1,2,E01025397,0,1
2024141509237,2024,141509237,2,-1,0,-1,19,7,3,-1,0,0,2,0,0,0,1,9,-1,6,1,29,6,-1,-1,-1,-1,1,E01034842,1,1
2024332400439,2024,332400439,2,98,0,-1,19,1,5,-1,0,0,0,0,0,0,1,1,-1,6,3,-1,-1,-1,-1,-1,-1,-1,-1,0,-1
2024161448826,2024,161448826,2,9,0,-1,2,0,0,-1,0,1,0,0,0,0,4,9,-1,6,3,-1,-1,-1,-1,-1,-1,-1,-1,0,-1
2024411395996,2024,411395996,1,9,0,-1,15,-1,-1,-1,0,4,0,0,0,0,1,9,-1,6,3,-1,-1,-1,-1,-1,-1,-1,-1,0,-1
2024010489168,2024,010489168,2,1,0,18,19,7,3,0,0,2,0,0,0,0,4,1,2,2,1,74,10,-1,-1,-1,-1,2,E01001940,0,1
2024010511576,2024,010511576,1,9,0,18,19,1,5,0,0,0,0,0,0,0,3,1,6,6,3,-1,-1,-1,-1,-1,-1,-1,-1,0,-1
2024471458073,2024,471458073,1,1,0,-1,19,3,7,-1,9,0,0,1,0,0,1,1,-1,6,1,16,4,-1,-1,-1,-1,-1,-1,0,-1
2024161433413,2024,161433413,1,1,0,-1,19,8,4,-1,0,1,0,0,0,0,1,1,-1,2,1,34,6,-1,-1,-1,-1,3,E01012999,0,1
2024545032624,2024,545032624,2,98,1,18,19,5,1,0,0,8,0,0,0,0,4,2,1,1,1,37,7,-1,-1,-1,-1,-1,-1,0,-1
2024622400402,2024,622400402,2,1,0,18,19,6,2,0,0,8,0,0,0,0,1,1,1,1,1,35,6,-1,-1,-1,-1,4,W01001837,0,1
2024061496198,2024,061496198,2,1,0,-1,5,3,7,-1,0,1,0,0,0,0,1,1,-1,6,1,11,3,-1,-1,-1,-1,2,E01005178,0,1
2024101516449,2024,101516449,2,9,0,-1,19,1,5,-1,0,8,1,0,0,0,1,1,-1,2,1,58,9,-1,-1,-1,-1,7,E01010647,0,5
2024131413397,2024,131413397,2,97,0,-1,19,3,7,-1,0,3,0,0,0,0,-1,1,-1,6,1,16,4,-1,-1,-1,-1,2,E01011485,0,1
2024010526777,2024,010526777,2,9,0,99,99,9,9,99,99,9,9,99,9,99,9,9,6,6,3,-1,-1,-1,-1,-1,-1,-1,-1,0,-1
2024631420743,2024,631420743,2,22,0,-1,19,6,2,-1,0,0,0,0,0,0,1,1,-1,9,1,91,11,-1,-1,-1,-1,5,W01000513,0,1
2024010487935,2024,010487935,2,9,0,99,99,9,9,99,99,9,9,99,9,99,9,9,6,6,3,-1,-1,-1,-1,-1,-1,-1,-1,0,-1
2024122500008,2024,122500008,2,5,0,13,13,2,6,0,0,1,0,0,0,0,4,1,6,6,1,44,7,-1,-1,-1,-1,5,E01027829,0,1
2024201492218,2024,201492218,2,9,0,-1,19,6,2,-1,0,1,0,0,0,0,1,1,-1,6,3,-1,-1,-1,-1,-1,-1,-1,-1,0,-1
2024041480231,2024,041480231,1,1,0,-1,19,5,1,-1,0,0,0,0,0,0,1,1,-1,9,1,19,4,-1,-1,-1,-1,3,E01025271,0,1
202417H102224,2024,17H102224,1,9,0,-1,19,1,5,-1,0,1,0,0,0,0,1,1,-1,9,2,58,9,-1,-1,-1,-1,1,E01011999,0,1
2024332401146,2024,332401146,2,21,0,-1,19,8,4,-1,0,0,0,0,0,0,1,2,-1,9,1,39,7,-1,-1,-1,-1,-1,-1,0,-1
2024501482319,2024,501482319,1,19,0,-1,-1,-1,-1,-1,-1,0,-1,-1,-1,0,-1,9,-1,6,3,-1,-1,-1,-1,-1,-1,-1,-1,0,-1
2024131424307,2024,131424307,2,90,0,-1,19,7,3,-1,0,8,0,0,0,0,4,1,-1,9,1,12,3,-1,-1,-1,-1,2,E01010916,0,1
2024010497253,2024,010497253,1,19,0,18,19,7,3,0,0,0,0,0,0,0,2,1,6,6,1,23,5,-1,-1,-1,-1,3,E01016154,0,4
2024010490677,2024,010490677,1,1,9,99,99,9,9,99,99,9,9,99,9,99,9,1,6,6,1,36,7,-1,-1,-1,-1,4,E01003534,0,1
2024101483892,2024,101483892,1,9,0,-1,19,5,1,-1,0,8,0,0,0,0,1,1,-1,6,1,-1,-1,-1,-1,-1,-1,-1,-1,0,-1
2024061434717,2024,061434717,2,1,-1,-1,19,6,2,-1,0,-1,-1,-1,1,0,2,1,-1,9,1,20,4,-1,-1,-1,-1,3,E01005244,0,1
2024010496701,2024,010496701,3,9,0,2,2,0,0,0,0,1,0,0,0,0,1,1,6,6,3,-1,-1,-1,-1,-1,-1,-1,-1,0,-1
2024311456615,2024,311456615,2,9,0,-1,19,4,2,-1,0,0,0,0,0,0,1,1,-1,6,3,-1,-1,-1,-1,-1,-1,-1,-1,0,-1
2024031511021,2024,031511021,2,9,0,-1,4,3,7,-1,0,0,1,0,0,0,2,1,-1,2,1,30,6,-1,-1,-1,-1,7,E01027450,0,4
2024522402092,2024,522402092,2,1,0,18,19,4,8,0,0,8,0,0,0,0,1,1,6,6,1,33,6,-1,-1,-1,-1,1,E01014647,0,1
2024010523414,2024,010523414,1,-1,0,5,5,1,5,0,0,1,0,0,0,0,1,1,6,6,1,45,7,-1,-1,-1,-1,3,E01003088,1,2
2024991425286,2024,991425286,1,98,0,-1,2,3,7,-1,0,0,0,0,0,0,2,1,-1,1,1,58,9,-1,-1,-1,-1,3,-1,0,3
2024010535698,2024,010535698,1,1,9,18,19,9,9,99,99,9,9,99,9,99,9,1,3,7,1,10,2,-1,-1,-1,-1,5,E01004523,0,1
2024010493489,2024,010493489,1,8,0,99,99,9,9,99,99,0,9,99,9,99,2,9,1,1,1,42,7,-1,-1,-1,-1,9,E01000775,0,3
2024430251442,2024,430251442,1,9,0,18,19,8,4,0,0,0,0,0,0,0,1,1,6,6,3,-1,-1,-1,-1,-1,-1,-1,-1,0,-1
2024111453022,2024,111453022,1,9,0,-1,19,3,7,-1,0,0,0,0,0,0,1,1,-1,1,1,36,7,-1,-1,-1,-1,1,E01012359,0,1
2024201446237,2024,201446237,3,9,0,-1,2,0,0,-1,0,2,0,0,0,0,2,9,-1,9,1,72,10,-1,-1,-1,-1,10,E01010217,0,1
2024531411640,2024,531411640,2,1,0,-1,19,2,6,-1,0,1,5,0,0,0,1,1,-1,2,1,41,7,-1,-1,-1,-1,5,E01022459,0,1
2024010549497,2024,010549497,2,1,0,18,19,1,5,0,0,8,0,0,0,0,2,1,1,1,1,39,7,-1,-1,-1,-1,3,E01001480,0,2
2024522500023,2024,522500023,3,1,0,18,19,5,1,0,0,0,0,0,0,0,9,1,6,6,3,-1,-1,-1,-1,-1,-1,-1,-1,0,-1
2024041426576,2024,041426576,1,1,0,-1,19,3,7,-1,0,0,0,0,0,0,3,1,-1,6,2,6,2,-1,-1,-1,-1,1,E01025385,0,1
2024440320067,2024,440320067,1,9,0,18,19,1,5,0,0,1,0,0,0,0,1,1,6,6,3,-1,-1,-1,-1,-1,-1,-1,-1,0,-1
2024522500056,2024,522500056,2,1,0,18,19,4,8,0,0,2,0,0,0,0,3,1,6,6,1,30,6,-1,-1,-1,-1,7,E01014648,0,1
2024201492032,2024,201492032,1,8,0,-1,19,2,6,-1,0,0,0,0,0,0,1,9,-1,6,3,-1,-1,-1,-1,-1,-1,-1,-1,0,-1
2024201521473,2024,201521473,2,1,0,-1,19,5,1,-1,0,0,0,0,0,0,2,1,-1,6,2,42,7,-1,-1,-1,-1,1,E01010288,0,1
2024201486331,2024,201486331,2,9,0,-1,19,1,5,-1,0,0,0,0,0,0,1,9,-1,6,1,-1,-1,-1,-1,-1,-1,2,E01009414,0,1
2024552401125,2024,552401125,1,99,0,13,13,3,7,0,0,0,0,0,0,0,1,1,6,6,3,-1,-1,-1,-1,-1,-1,-1,-1,0,-1
2024991485183,2024,991485183,1,9,0,-1,19,4,8,-1,0,0,0,0,0,0,1,1,-1,6,1,59,9,-1,-1,-1,-1,3,-1,0,1
2024010496151,2024,010496151,1,9,0,18,19,7,3,0,0,1,0,0,0,0,1,1,6,6,1,45,7,-1,-1,-1,-1,4,E01015959,0,3
2024501487642,2024,501487642,1,9,0,-1,19,1,5,-1,0,0,0,0,0,0,4,1,-1,1,1,61,9,-1,-1,-1,-1,4,E01019059,0,4
2024010509328,2024,010509328,1,9,0,18,19,1,5,0,0,0,0,0,0,0,1,1,6,6,2,50,8,-1,-1,-1,-1,3,E01001143,0,1
2024430047512,2024,430047512,1,9,0,18,19,2,6,0,0,4,0,0,0,0,3,1,2,2,1,31,6,-1,-1,-1,-1,5,E01028446,0,1
2024351453887,2024,351453887,2,1,-1,-1,-1,-1,-1,-1,-1,-1,-1,-1,-1,0,4,1,-1,6,2,30,6,-1,-1,-1,-1,7,E01018264,0,1
2024101514745,2024,101514745,1,9,0,-1,19,7,3,-1,0,0,0,0,0,0,0,9,-1,6,3,-1,-1,-1,-1,-1,-1,-1,-1,0,-1
2024540027924,2024,540027924,2,9,0,18,19,7,3,0,0,3,0,0,0,0,1,1,6,6,1,47,8,-1,-1,-1,-1,8,E01034536,0,1
2024122400865,2024,122400865,1,9,0,9,9,1,7,0,0,6,0,0,0,0,3,1,2,2,3,31,6,-1,-1,-1,-1,10,E01027596,0,3
2024540675024,2024,540675024,2,9,0,18,19,6,1,0,0,1,0,0,0,0,2,1,6,6,1,37,7,-1,-1,-1,-1,10,E01014878,0,4
2024101408814,2024,101408814,2,1,0,-1,19,1,5,-1,0,3,0,0,0,0,3,1,-1,1,1,22,5,-1,-1,-1,-1,1,E01008737,0,1
2024010510522,2024,010510522,1,9,0,18,19,3,7,0,0,5,0,0,7,7,2,1,1,1,1,40,7,-1,-1,-1,-1,6,E01004351,0,3
2024101491026,2024,101491026,2,1,0,-1,19,6,2,-1,0,3,0,0,0,0,1,1,-1,6,1,62,9,-1,-1,-1,-1,-1,-1,0,-1
2024411501724,2024,411501724,2,1,-1,-1,-1,-1,-1,-1,-1,-1,-1,-1,-1,0,-1,1,-1,6,2,31,6,-1,-1,-1,-1,6,E01023545,0,1
2024361454198,2024,361454198,1,9,0,-1,19,5,6,-1,0,1,0,0,0,0,1,1,-1,2,1,50,8,-1,-1,-1,-1,4,E01026429,0,4
2024201412529,2024,201412529,2,1,0,-1,19,4,8,-1,0,8,0,0,0,0,1,1,-1,2,2,30,6,-1,-1,-1,-1,6,E01031153,0,1
2024201464725,2024,201464725,1,9,0,-1,9,4,2,-1,0,5,0,0,0,0,0,1,-1,6,3,40,7,-1,-1,-1,-1,-1,-1,0,-1
2024411510749,2024,411510749,1,19,0,-1,15,5,1,-1,0,1,0,0,0,0,4,1,-1,6,3,-1,-1,-1,-1,-1,-1,-1,-1,0,-1
2024201407592,2024,201407592,2,-1,0,-1,19,5,1,-1,0,0,0,0,0,0,4,1,-1,6,2,32,6,-1,-1,-1,-1,3,E01009650,1,1
2024122400127,2024,122400127,1,19,0,9,9,5,3,0,0,7,0,0,0,0,1,1,1,1,1,55,8,-1,-1,-1,-1,8,E01027644,0,2
2024461412229,2024,461412229,1,17,0,-1,12,7,3,-1,0,0,0,0,0,0,3,9,-1,9,1,-1,-1,-1,-1,-1,-1,-1,-1,0,-1
2024111492387,2024,111492387,2,9,0,-1,3,4,8,-1,0,0,0,0,0,0,2,1,-1,6,1,22,5,-1,-1,-1,-1,4,E01020651,0,1
2024430207531,2024,430207531,2,1,0,9,9,7,4,0,0,8,0,0,0,0,1,1,6,6,1,58,9,-1,-1,-1,-1,7,E01016310,0,1
2024401427857,2024,401427857,1,90,0,-1,19,2,6,-1,0,0,0,0,0,0,0,1,-1,6,1,44,7,-1,-1,-1,-1,2,E01015743,0,1
2024010493677,2024,010493677,2,9,0,18,19,3,7,0,0,0,0,0,0,0,2,1,6,6,1,28,6,-1,-1,-1,-1,2,E01000097,0,1
2024161409529,2024,161409529,2,9,0,-1,2,0,0,-1,0,0,0,0,0,0,2,1,-1,6,-1,-1,-1,-1,-1,-1,-1,-1,-1,0,-1
2024010535573,2024,010535573,1,1,0,9,9,5,2,0,0,8,0,0,0,0,1,1,2,2,1,44,7,-1,-1,-1,-1,4,E01002591,0,1
2024010517679,2024,010517679,2,9,0,2,2,0,0,0,0,0,0,0,0,0,4,1,6,6,3,-1,-1,-1,-1,-1,-1,-1,-1,0,-1
2024010490525,2024,010490525,1,19,0,99,99,9,9,99,99,9,9,99,0,0,9,9,1,1,1,33,6,-1,-1,-1,-1,2,E01024277,0,3
2024221514662,2024,221514662,1,9,0,-1,19,8,4,-1,0,0,0,0,0,0,1,1,-1,6,2,77,11,-1,-1,-1,-1,8,W01000200,0,5
2024471454254,2024,471454254,1,9,0,-1,19,7,3,-1,0,0,0,0,0,0,2,9,-1,6,2,50,8,-1,-1,-1,-1,2,E01020978,0,2
2024201458565,2024,201458565,1,9,0,-1,5,5,1,-1,0,6,0,0,0,0,1,9,-1,6,1,79,11,-1,-1,-1,-1,10,E01010155,0,1
2024010548278,2024,010548278,1,1,9,99,99,9,9,99,99,1,9,99,9,99,9,1,6,6,3,28,6,-1,-1,-1,-1,3,E01004000,0,1
2024440242280,2024,440242280,1,90,0,18,19,3,7,0,0,1,0,0,0,0,3,1,6,6,1,9,2,-1,-1,-1,-1,9,E01022683,0,1
2024451450850,2024,451450850,1,1,0,-1,19,6,2,-1,0,3,0,0,1,0,2,1,-1,9,1,46,8,-1,-1,-1,-1,10,E01003902,0,2
2024161430769,2024,161430769,2,9,0,-1,19,-1,-1,-1,0,8,0,0,0,0,1,9,-1,6,3,-1,-1,-1,-1,-1,-1,-1,-1,0,-1
2024010526611,2024,010526611,1,9,0,13,13,5,1,0,0,1,0,4,0,0,1,1,6,6,3,23,5,-1,-1,-1,-1,-1,-1,0,-1
2024610017024,2024,610017024,3,9,0,2,2,0,0,0,0,0,0,0,0,0,1,1,6,6,3,-1,-1,-1,-1,-1,-1,-1,-1,0,-1
2024010497963,2024,010497963,2,1,0,13,13,3,7,9,9,1,0,0,0,0,4,1,2,2,1,60,9,-1,-1,-1,-1,3,E01003135,0,1
2024461485257,2024,461485257,2,9,0,-1,19,1,5,-1,0,0,0,0,0,0,4,9,-1,6,1,49,8,-1,-1,-1,-1,9,E01032812,0,4
2024361529105,2024,361529105,1,9,0,-1,19,1,4,-1,0,3,0,0,0,0,1,9,-1,6,3,-1,-1,-1,-1,-1,-1,-1,-1,0,-1
2024320259174,2024,320259174,2,1,0,-1,-1,2,6,0,0,8,0,0,0,0,3,1,6,6,1,11,3,-1,-1,-1,-1,7,E01026147,0,1
2024340WN3632,2024,340WN3632,1,98,0,-1,19,3,7,-1,0,0,0,0,0,0,1,1,-1,1,1,-1,-1,-1,-1,-1,-1,-1,-1,0,-1
2024010513660,2024,010513660,2,1,0,18,19,7,3,0,0,1,0,0,0,0,1,1,6,6,1,53,8,-1,-1,-1,-1,6,E01035711,0,1
2024430499049,2024,430499049,2,1,0,18,19,5,1,0,0,1,0,0,0,0,1,1,6,6,1,-1,-1,-1,-1,-1,-1,-1,-1,0,-1
2024461500895,2024,461500895,1,19,0,-1,5,3,7,-1,0,8,0,0,0,0,2,9,-1,9,1,-1,-1,-1,-1,-1,-1,5,E01024619,0,4
2024010553756,2024,010553756,2,9,9,99,99,9,9,99,99,9,9,99,9,99,0,9,6,6,3,33,6,-1,-1,-1,-1,-1,-1,0,-1
2024010548033,2024,010548033,1,9,9,99,99,9,9,99,99,0,9,99,9,99,9,1,6,6,1,-1,-1,-1,-1,-1,-1,-1,-1,0,-1
2024010500563,2024,010500563,2,1,0,18,19,1,5,0,0,8,0,0,0,0,4,1,6,6,2,66,10,-1,-1,-1,-1,8,E01023831,0,4
2024041470964,2024,041470964,1,90,0,-1,9,3,7,-1,0,1,0,0,0,0,1,1,-1,9,1,52,8,-1,-1,-1,-1,6,E01019346,0,4
2024010501584,2024,010501584,2,1,0,18,19,3,7,0,0,0,0,0,0,0,4,1,4,7,2,10,2,-1,-1,-1,-1,2,E01000079,0,1
2024010518758,2024,010518758,1,1,9,11,11,9,9,99,99,9,9,99,9,99,9,1,2,2,1,44,7,-1,-1,-1,-1,8,E01003815,0,2
2024010493732,2024,010493732,1,9,0,3,3,5,1,0,0,0,0,0,0,0,3,1,6,6,2,42,7,-1,-1,-1,-1,4,E01001323,0,2
2024440015603,2024,440015603,1,1,0,16,19,2,6,0,0,0,0,0,0,0,1,1,6,6,3,-1,-1,-1,-1,-1,-1,-1,-1,0,-1
2024430497160,2024,430497160,2,3,0,18,19,0,0,0,0,0,0,0,0,0,0,1,1,1,3,52,8,-1,-1,-1,-1,10,E01016386,0,1
2024010487982,2024,010487982,1,19,0,99,99,9,9,0,0,8,9,0,0,0,9,9,6,6,3,-1,-1,-1,-1,-1,-1,-1,-1,0,-1
2024010506262,2024,010506262,2,9,0,5,5,5,1,0,0,0,0,0,0,0,1,1,6,6,3,42,7,-1,-1,-1,-1,3,E01004308,0,1
2024010495424,2024,010495424,1,1,9,99,99,9,9,99,99,9,9,99,9,99,1,1,1,1,1,26,6,-1,-1,-1,-1,5,E01001736,0,1
2024161404168,2024,161404168,2,1,0,-1,9,5,3,-1,0,8,0,0,0,0,2,1,-1,6,2,17,4,-1,-1,-1,-1,9,E01012924,0,3
2024302401536,2024,302401536,3,9,0,2,2,0,0,0,0,0,0,0,0,0,0,1,6,6,3,-1,-1,-1,-1,-1,-1,-1,-1,0,-1
2024010512346,2024,010512346,2,1,9,99,99,9,9,99,99,9,9,99,9,99,9,1,6,6,2,-1,-1,-1,-1,-1,-1,6,E01002801,0,1
2024340WN5892,2024,340WN5892,2,1,0,-1,19,3,7,-1,0,8,0,0,0,0,4,1,-1,2,1,55,8,-1,-1,-1,-1,4,E01027252,0,1
2024010506953,2024,010506953,1,3,0,18,19,7,3,0,0,0,0,11,0,0,1,1,6,6,3,-1,-1,-1,-1,-1,-1,-1,-1,0,-1
2024471443131,2024,471443131,2,1,0,-1,19,3,7,-1,0,1,0,0,0,0,4,1,-1,6,1,49,8,-1,-1,-1,-1,5,E01031786,0,1
2024131394543,2024,131394543,1,9,0,-1,9,5,3,-1,0,3,0,0,0,0,1,1,-1,9,2,18,4,-1,-1,-1,-1,7,E01011051,0,1
2024451470482,2024,451470482,3,9,0,-1,4,6,1,-1,0,0,0,0,0,0,0,9,-1,6,3,45,7,-1,-1,-1,-1,-1,-1,0,-1
2024010544133,2024,010544133,2,9,0,99,99,9,9,99,99,9,9,99,9,99,1,9,6,6,1,-1,-1,-1,-1,-1,-1,-1,-1,0,-1
202460Q181593,2024,60Q181593,2,19,0,2,2,0,0,0,0,0,0,4,1,9,2,1,1,1,1,62,9,-1,-1,-1,-1,-1,-1,0,-1
2024041513996,2024,041513996,2,1,0,-1,19,1,5,-1,0,0,2,0,0,0,1,1,-1,2,1,23,5,-1,-1,-1,-1,1,E01012674,0,1
202460Q140895,2024,60Q140895,1,10,0,18,19,1,5,0,0,0,0,0,7,11,1,1,3,7,1,62,9,-1,-1,-1,-1,-1,-1,0,-1
2024071004430,2024,071004430,2,9,0,-1,19,3,7,-1,0,0,0,0,0,0,1,1,-1,1,1,26,6,-1,-1,-1,-1,9,E01005926,0,1
2024440002786,2024,440002786,2,9,0,18,19,2,6,0,0,0,0,0,0,0,3,1,2,2,1,35,6,-1,-1,-1,-1,10,E01032856,0,1
2024131483621,2024,131483621,2,9,0,-1,19,1,5,-1,0,8,0,0,0,0,1,1,-1,6,1,32,6,-1,-1,-1,-1,4,E01010795,0,1
2024461506392,2024,461506392,1,9,0,-1,4,3,7,-1,0,1,0,0,0,0,1,9,-1,6,1,-1,-1,-1,-1,-1,-1,-1,-1,0,-1
2024520401144,2024,520401144,1,9,0,7,7,2,4,0,0,2,0,0,1,10,1,1,6,6,2,48,8,-1,-1,-1,-1,2,E01029131,0,3
2024371517721,2024,371517721,1,9,0,-1,19,6,2,-1,0,8,0,0,0,0,1,1,-1,9,1,75,10,-1,-1,-1,-1,6,E01030240,0,1
2024361463840,2024,361463840,1,9,0,-1,19,8,5,-1,0,1,0,0,0,0,1,1,-1,6,1,19,4,-1,-1,-1,-1,6,E01026664,0,1
2024052402381,2024,052402381,1,19,0,7,7,2,4,0,0,1,0,0,0,0,1,1,6,6,3,-1,-1,-1,-1,-1,-1,-1,-1,0,-1
2024052400494,2024,052400494,1,23,0,18,19,1,5,0,0,0,1,0,0,0,3,1,6,6,1,68,10,-1,-1,-1,-1,1,E01007155,0,1
2024430358134,2024,430358134,2,9,0,4,4,1,5,0,0,0,0,0,0,0,2,1,6,6,2,68,10,-1,-1,-1,-1,5,E01016580,0,2
2024991491298,2024,991491298,1,9,0,-1,19,1,5,-1,0,1,0,0,0,0,2,1,-1,6,3,20,4,-1,-1,-1,-1,-1,-1,0,-1
2024010493582,2024,010493582,1,9,0,18,19,5,1,0,0,4,0,0,0,0,1,1,6,6,1,-1,-1,-1,-1,-1,-1,8,E01016138,0,4
2024041516923,2024,041516923,2,9,0,-1,19,8,4,-1,0,0,1,0,1,9,1,1,-1,2,2,23,5,-1,-1,-1,-1,6,E01025585,0,3
2024201512767,2024,201512767,1,9,0,-1,19,8,4,-1,0,8,0,0,0,0,1,9,-1,6,2,36,7,-1,-1,-1,-1,-1,-1,0,-1
2024010493352,2024,010493352,2,9,0,4,4,5,1,0,0,3,0,0,0,0,2,1,6,6,1,47,8,-1,-1,-1,-1,6,E01002422,0,1
2024010498793,2024,010498793,1,1,0,18,19,3,7,0,0,0,5,4,0,0,1,1,6,6,1,70,10,-1,-1,-1,-1,7,E01004605,0,1