collision_index,collision_year,collision_ref_no,vehicle_reference,vehicle_type,towing_and_articulation,vehicle_manoeuvre_historic,vehicle_manoeuvre,vehicle_direction_from,vehicle_direction_to,vehicle_location_restricted_lane_historic,vehicle_location_restricted_lane,junction_location,skidding_and_overturning,hit_object_in_carriageway,vehicle_leaving_carriageway,hit_object_off_carriageway,first_point_of_impact,vehicle_left_hand_drive,journey_purpose_of_driver_historic,journey_purpose_of_driver,sex_of_driver,age_of_driver,age_band_of_driver,engine_capacity_cc,propulsion_code,age_of_vehicle,generic_make_model,driver_imd_decile,lsoa_of_driver,escooter_flag,driver_distance_banding
2024010519524,2024,010519524,2,1,0,15,15,4,8,4,4,8,0,0,0,0,1,1,2,2,1,31,6,-1,-1,-1,-1,9,E01030389,0,1
2024010493978,2024,010493978,1,1,0,18,19,5,1,0,0,1,0,0,0,0,3,1,6,6,1,33,6,-1,-1,-1,-1,3,E01003229,0,1
2024131468889,2024,131468889,1,9,0,-1,-1,-1,-1,-1,-1,0,-1,-1,-1,0,-1,1,-1,6,3,-1,-1,-1,-1,-1,-1,-1,-1,0,-1
2024010507452,2024,010507452,1,23,0,18,19,3,7,0,0,6,0,0,3,0,1,1,6,6,3,-1,-1,-1,-1,-1,-1,-1,-1,0,-1
2024371526595,2024,371526595,3,97,0,-1,19,5,1,-1,0,0,1,0,0,0,1,1,-1,6,1,19,4,-1,-1,-1,-1,5,E01030165,0,3
2024010510893,2024,010510893,1,90,0,99,99,9,9,99,99,9,9,99,9,99,1,9,1,1,1,28,6,-1,-1,-1,-1,5,E01003342,0,2
2024010535437,2024,010535437,1,9,0,16,19,7,1,0,0,2,0,0,0,0,1,1,6,6,3,-1,-1,-1,-1,-1,-1,-1,-1,0,-1
2024010521421,2024,010521421,2,1,0,18,19,1,5,0,0,8,0,0,0,0,2,1,6,6,1,48,8,-1,-1,-1,-1,3,E01001725,0,1
2024201530035,2024,201530035,1,8,0,-1,19,6,2,-1,0,0,0,0,0,0,1,1,-1,6,3,-1,-1,-1,-1,-1,-1,-1,-1,0,-1
2024371443050,2024,371443050,1,9,0,-1,19,7,3,-1,0,0,0,0,0,0,1,9,-1,6,3,-1,-1,-1,-1,-1,-1,-1,-1,0,-1
2024131504616,2024,131504616,2,9,0,-1,19,1,5,-1,0,8,0,0,0,0,1,1,-1,9,1,31,6,-1,-1,-1,-1,7,E01010968,0,1
2024010523402,2024,010523402,1,1,9,99,99,9,9,99,99,9,9,99,9,99,9,1,2,2,2,47,8,-1,-1,-1,-1,5,E01001393,0,1
2024101447995,2024,101447995,1,9,0,-1,7,8,5,-1,0,8,0,0,0,0,1,1,-1,6,2,-1,-1,-1,-1,-1,-1,-1,-1,0,-1
2024161478001,2024,161478001,2,1,0,-1,7,1,3,-1,4,8,0,0,0,0,1,1,-1,6,2,34,6,-1,-1,-1,-1,2,E01033109,0,1
2024371419484,2024,371419484,1,9,0,-1,15,-1,-1,-1,0,1,0,0,0,0,4,1,-1,6,3,-1,-1,-1,-1,-1,-1,-1,-1,0,-1
2024201465495,2024,201465495,1,1,0,-1,19,2,6,-1,0,6,0,0,0,0,1,1,-1,2,1,20,4,-1,-1,-1,-1,1,E01010400,0,1
2024161479437,2024,161479437,3,5,0,-1,13,5,1,-1,0,0,1,0,0,0,4,1,-1,6,1,69,10,-1,-1,-1,-1,10,E01013089,0,2
2024401435635,2024,401435635,2,1,0,-1,19,3,7,-1,0,0,5,0,0,0,1,1,-1,6,1,14,3,-1,-1,-1,-1,3,E01017493,0,1
2024010507698,2024,010507698,1,1,9,99,99,9,9,99,99,9,9,99,9,99,1,1,2,2,1,28,6,-1,-1,-1,-1,7,E01001866,0,1
2024548425524,2024,548425524,2,9,0,4,4,8,4,0,0,0,0,0,0,0,2,1,6,6,2,38,7,-1,-1,-1,-1,4,E01031980,0,1
2024010487238,2024,010487238,2,19,0,18,19,5,1,0,0,8,0,0,0,0,1,1,6,6,1,49,8,-1,-1,-1,-1,1,E01001517,0,1
2024531413709,2024,531413709,2,9,0,-1,19,3,7,-1,0,1,0,0,0,0,1,1,-1,2,1,28,6,-1,-1,-1,-1,-1,-1,0,-1
2024440207456,2024,440207456,2,1,0,18,19,6,2,0,0,0,0,0,0,0,1,1,6,6,1,19,4,-1,-1,-1,-1,8,E01023253,0,1
2024010529400,2024,010529400,2,1,9,99,99,9,9,99,99,9,9,99,9,99,1,1,2,2,1,29,6,-1,-1,-1,-1,9,E01030639,0,3
2024010518619,2024,010518619,2,9,0,99,99,9,9,99,99,9,9,99,9,99,1,9,6,6,3,-1,-1,-1,-1,-1,-1,-1,-1,0,-1
2024430561962,2024,430561962,2,21,0,2,2,0,0,6,6,0,0,0,0,0,2,1,1,1,1,27,6,-1,-1,-1,-1,10,E01027268,0,4
2024430417819,2024,430417819,1,9,0,9,9,8,6,0,0,5,0,0,0,0,4,1,6,6,1,48,8,-1,-1,-1,-1,6,E01028530,0,1
2024430508319,2024,430508319,1,9,0,18,19,1,5,0,0,6,0,0,0,0,4,1,6,6,3,-1,-1,-1,-1,-1,-1,-1,-1,0,-1
2024991496897,2024,991496897,2,1,0,-1,14,3,7,-1,0,0,2,8,0,0,1,1,-1,6,1,71,10,-1,-1,-1,-1,-1,-1,0,-1
2024041483182,2024,041483182,1,9,0,-1,19,-1,-1,-1,0,1,0,0,0,0,-1,9,-1,6,3,-1,-1,-1,-1,-1,-1,-1,-1,0,-1
2024320730955,2024,320730955,2,1,0,-1,-1,7,3,9,9,8,5,0,0,0,1,1,-1,-1,1,20,4,-1,-1,-1,-1,6,E01026135,0,1
202460Q104866,2024,60Q104866,1,9,0,10,10,3,1,0,0,6,0,0,0,0,1,1,6,6,2,61,9,-1,-1,-1,-1,-1,-1,0,-1
2024131441227,2024,131441227,2,1,0,-1,19,1,5,-1,5,8,0,0,0,0,1,1,-1,9,2,49,8,-1,-1,-1,-1,5,E01010788,0,1
2024461415772,2024,461415772,2,1,0,-1,19,-1,-1,-1,0,1,0,0,0,0,1,1,-1,6,1,17,4,-1,-1,-1,-1,-1,-1,0,-1
2024041444491,2024,041444491,1,9,0,-1,9,7,3,-1,0,1,0,0,0,0,1,1,-1,9,2,31,6,-1,-1,-1,-1,1,E01012595,0,3
2024501472620,2024,501472620,1,10,0,-1,19,5,1,-1,0,0,5,0,0,0,4,1,-1,6,1,53,8,-1,-1,-1,-1,6,E01019060,0,1
2024430027777,2024,430027777,2,9,0,18,19,2,6,0,0,8,0,0,0,0,1,1,6,6,1,29,6,-1,-1,-1,-1,7,E01022880,0,3
2024010496398,2024,010496398,1,3,9,99,99,9,9,99,99,9,9,99,9,99,9,1,1,1,1,30,6,-1,-1,-1,-1,1,E01003517,0,3
2024430019284,2024,430019284,1,3,0,9,9,1,8,0,0,8,0,0,0,0,4,1,2,2,1,30,6,-1,-1,-1,-1,-1,-1,0,-1
2024430498509,2024,430498509,1,9,0,18,19,4,8,0,0,2,0,0,0,0,3,1,6,6,1,-1,-1,-1,-1,-1,-1,-1,-1,0,-1
2024471495880,2024,471495880,1,1,0,-1,19,5,1,-1,0,0,1,0,0,0,3,1,-1,9,1,53,8,-1,-1,-1,-1,5,E01031480,0,2
2024010489314,2024,010489314,2,9,9,99,99,9,9,99,99,9,9,99,9,99,9,9,6,6,3,-1,-1,-1,-1,-1,-1,-1,-1,0,-1
2024471406952,2024,471406952,3,9,-1,-1,10,6,3,-1,0,0,0,0,0,0,0,9,-1,6,3,-1,-1,-1,-1,-1,-1,-1,-1,0,-1
2024010493963,2024,010493963,2,1,0,18,19,1,5,1,1,1,0,0,0,0,1,1,6,6,1,45,7,-1,-1,-1,-1,2,E01002782,0,1
2024101444728,2024,101444728,2,1,0,-1,19,3,7,-1,0,8,0,0,0,0,1,1,-1,9,1,9,2,-1,-1,-1,-1,2,E01008756,0,1
2024610018124,2024,610018124,1,4,0,13,13,7,3,0,0,0,0,0,0,0,1,1,6,6,1,31,6,-1,-1,-1,-1,10,W01001819,0,2
2024010493237,2024,010493237,1,9,0,99,99,9,9,99,99,9,9,99,9,99,9,9,6,6,1,19,4,-1,-1,-1,-1,5,E01031249,0,5
2024461448558,2024,461448558,2,9,0,-1,19,1,1,-1,0,0,0,0,0,0,2,1,-1,2,1,31,6,-1,-1,-1,-1,5,E01024319,0,2
2024161424493,2024,161424493,1,-1,0,-1,19,3,7,-1,4,0,0,0,0,0,1,1,-1,6,1,44,7,-1,-1,-1,-1,1,E01012864,1,1
2024010489994,2024,010489994,1,1,9,99,99,9,9,99,99,1,9,99,9,99,9,1,2,2,1,40,7,-1,-1,-1,-1,4,E01003537,0,3
2024411510043,2024,411510043,3,21,1,-1,19,7,3,-1,0,0,0,0,0,0,1,2,-1,1,1,47,8,-1,-1,-1,-1,-1,-1,0,-1
2024010511083,2024,010511083,1,9,0,18,19,1,5,0,0,1,0,0,0,0,4,1,6,6,3,-1,-1,-1,-1,-1,-1,-1,-1,0,-1
2024010510958,2024,010510958,1,9,0,99,99,9,9,99,99,9,9,99,9,99,2,9,6,6,2,52,8,-1,-1,-1,-1,8,E01002922,0,1
2024610027624,2024,610027624,1,9,0,18,19,3,7,0,0,3,1,0,0,0,4,1,6,6,1,31,6,-1,-1,-1,-1,2,W01001506,0,2
2024451429759,2024,451429759,1,1,0,-1,19,5,4,-1,0,1,0,0,0,0,1,1,-1,6,1,29,6,-1,-1,-1,-1,10,E01030419,0,1
2024991507039,2024,991507039,1,19,0,-1,15,7,3,-1,0,1,0,0,0,0,4,9,-1,6,3,-1,-1,-1,-1,-1,-1,-1,-1,0,-1
2024991531662,2024,991531662,1,9,0,-1,19,4,8,-1,0,0,0,10,2,0,1,1,-1,9,1,59,9,-1,-1,-1,-1,1,-1,0,1
2024332401014,2024,332401014,2,1,0,-1,19,1,5,-1,0,8,0,0,0,0,2,1,-1,6,1,63,9,-1,-1,-1,-1,4,E01013715,0,1
2024061532581,2024,061532581,2,1,0,-1,19,5,1,-1,0,1,0,0,0,0,1,1,-1,9,1,66,10,-1,-1,-1,-1,4,E01005446,0,1
2024010491155,2024,010491155,1,19,0,99,99,9,9,99,99,0,9,99,9,99,9,9,2,2,1,31,6,-1,-1,-1,-1,5,E01003743,0,1
2024061454196,2024,061454196,1,9,-1,-1,-1,-1,-1,-1,-1,-1,-1,-1,-1,0,-1,9,-1,6,3,-1,-1,-1,-1,-1,-1,-1,-1,0,-1
2024010487556,2024,010487556,2,9,9,99,99,9,9,99,99,9,9,99,9,99,2,9,6,6,3,-1,-1,-1,-1,-1,-1,-1,-1,0,-1
2024522403368,2024,522403368,1,9,0,18,19,7,3,0,0,0,0,0,0,0,1,1,6,6,3,-1,-1,-1,-1,-1,-1,-1,-1,0,-1
202460Q152339,2024,60Q152339,2,1,0,18,19,5,1,0,0,0,0,0,0,0,1,1,6,6,2,18,4,-1,-1,-1,-1,-1,-1,0,-1
2024201475635,2024,201475635,3,9,0,-1,4,4,8,-1,0,1,0,0,0,0,0,9,-1,6,1,41,7,-1,-1,-1,-1,1,E01009310,0,1
2024302401574,2024,302401574,2,9,0,18,19,5,1,0,0,0,0,0,0,0,1,1,2,2,1,50,8,-1,-1,-1,-1,7,E01005367,0,4
2024991497375,2024,991497375,1,9,0,-1,19,2,6,-1,0,0,0,0,0,0,1,2,-1,2,1,37,7,-1,-1,-1,-1,1,-1,0,4
2024421482480,2024,421482480,2,1,0,-1,19,1,7,-1,0,1,2,0,0,0,1,1,-1,6,1,20,4,-1,-1,-1,-1,3,E01021864,0,1
2024010516983,2024,010516983,2,3,0,13,13,5,1,0,0,1,0,0,0,0,0,1,6,6,1,27,6,-1,-1,-1,-1,3,E01000331,0,1
2024161510431,2024,161510431,2,9,0,-1,19,5,1,-1,0,2,0,0,0,0,1,1,-1,1,1,28,6,-1,-1,-1,-1,3,E01013319,0,1
2024201451410,2024,201451410,2,1,0,-1,19,1,5,-1,0,0,0,0,0,0,4,1,-1,6,1,52,8,-1,-1,-1,-1,2,E01009282,0,2
2024311453229,2024,311453229,2,9,0,-1,19,2,6,-1,0,1,0,0,0,0,1,1,-1,6,3,30,6,-1,-1,-1,-1,-1,-1,0,-1
2024340WN5292,2024,340WN5292,2,9,0,-1,1,3,7,-1,0,0,0,0,0,0,2,1,-1,6,3,-1,-1,-1,-1,-1,-1,-1,-1,0,-1
2024430481161,2024,430481161,2,9,0,18,19,4,8,0,0,0,0,0,0,0,2,1,6,6,1,-1,-1,-1,-1,-1,-1,8,E01028807,0,4
2024411401612,2024,411401612,2,9,0,-1,19,1,5,-1,0,0,0,0,0,0,1,1,-1,6,1,23,5,-1,-1,-1,-1,7,E01023351,0,1
2024461417893,2024,461417893,2,9,0,-1,2,0,0,-1,0,1,1,0,0,0,2,1,-1,6,-1,-1,-1,-1,-1,-1,-1,-1,-1,0,-1
2024421467503,2024,421467503,2,1,0,-1,12,6,2,-1,0,1,0,0,0,0,4,1,-1,9,1,13,3,-1,-1,-1,-1,1,E01022031,0,1
2024010547897,2024,010547897,2,1,9,99,99,9,9,99,99,9,9,99,9,99,2,1,6,6,2,-1,-1,-1,-1,-1,-1,-1,-1,0,-1
2024361439465,2024,361439465,1,9,0,-1,19,4,8,-1,0,0,0,7,0,0,1,1,-1,2,1,21,5,-1,-1,-1,-1,7,E01026748,0,4
2024522403241,2024,522403241,1,8,0,99,99,9,9,0,0,8,0,0,0,0,1,1,1,1,3,-1,-1,-1,-1,-1,-1,-1,-1,0,-1
2024101419591,2024,101419591,1,11,0,-1,4,6,2,-1,0,1,0,0,0,0,4,1,-1,1,1,50,8,-1,-1,-1,-1,1,E01008300,0,4
2024161538816,2024,161538816,2,9,0,-1,19,6,2,-1,0,0,0,0,0,0,0,9,-1,6,3,-1,-1,-1,-1,-1,-1,-1,-1,0,-1
2024061499643,2024,061499643,2,8,0,-1,19,-1,-1,-1,0,1,0,99,0,0,1,1,-1,6,1,-1,-1,-1,-1,-1,-1,-1,-1,0,-1
2024430589955,2024,430589955,2,1,0,10,10,5,2,0,0,1,0,0,0,0,1,1,4,7,1,15,3,-1,-1,-1,-1,10,E01016655,0,1
2024010522086,2024,010522086,1,1,9,99,99,9,9,99,99,9,9,99,9,99,1,1,6,6,1,44,7,-1,-1,-1,-1,5,E01002759,0,1
2024471467260,2024,471467260,2,1,0,-1,19,7,3,-1,0,8,0,0,0,0,3,1,-1,6,1,35,6,-1,-1,-1,-1,3,E01016909,0,3
2024010491728,2024,010491728,1,1,9,99,99,9,9,99,99,9,9,99,9,99,9,1,6,6,1,55,8,-1,-1,-1,-1,7,E01001587,0,1
2024010500868,2024,010500868,4,9,0,18,19,7,3,0,0,2,0,0,0,0,2,1,6,6,2,35,6,-1,-1,-1,-1,6,E01000218,0,1
2024010537608,2024,010537608,1,9,0,4,4,5,1,0,0,1,0,0,0,0,2,1,6,6,1,29,6,-1,-1,-1,-1,6,E01023601,0,4
2024361395343,2024,361395343,1,9,0,-1,19,5,1,-1,0,0,0,12,0,0,1,1,-1,9,1,58,9,-1,-1,-1,-1,1,E01026680,0,1
2024061438365,2024,061438365,2,9,0,-1,19,6,2,-1,0,8,0,0,0,0,4,2,-1,9,1,82,11,-1,-1,-1,-1,9,E01005740,0,1
2024010540788,2024,010540788,1,9,9,18,19,1,5,0,0,0,9,99,0,0,9,9,6,6,3,-1,-1,-1,-1,-1,-1,-1,-1,0,-1
2024041417045,2024,041417045,2,9,0,-1,19,2,8,-1,0,1,0,0,0,0,1,1,-1,9,1,94,11,-1,-1,-1,-1,6,E01025330,0,1
2024122401193,2024,122401193,2,1,0,18,19,1,5,9,9,1,0,0,0,0,3,1,6,6,1,15,3,-1,-1,-1,-1,7,E01027860,0,1
2024010533637,2024,010533637,2,98,9,99,99,9,9,0,0,9,9,99,9,99,1,1,6,6,3,-1,-1,-1,-1,-1,-1,-1,-1,0,-1
2024010544393,2024,010544393,1,19,0,99,99,9,9,99,99,0,9,99,9,99,9,9,6,6,3,-1,-1,-1,-1,-1,-1,-1,-1,0,-1
2024552401026,2024,552401026,2,1,0,14,14,6,2,0,0,0,0,0,0,0,1,1,6,6,1,53,8,-1,-1,-1,-1,5,E01020431,0,3
2024010519393,2024,010519393,2,22,0,99,99,9,9,99,99,9,9,99,9,99,1,1,6,6,3,-1,-1,-1,-1,-1,-1,-1,-1,0,-1
2024991438500,2024,991438500,1,9,0,-1,19,5,1,-1,0,0,0,0,0,0,1,1,-1,9,1,31,6,-1,-1,-1,-1,-1,-1,0,-1
2024401474657,2024,401474657,3,9,0,-1,19,6,6,-1,0,0,0,0,0,0,1,1,-1,6,1,40,7,-1,-1,-1,-1,10,E01027280,0,4
2024010542927,2024,010542927,2,1,9,99,99,9,9,99,99,9,9,99,9,99,9,1,6,6,1,-1,-1,-1,-1,-1,-1,-1,-1,0,-1
2024010509761,2024,010509761,2,1,0,18,19,1,5,4,4,1,0,10,0,0,1,1,6,6,1,36,7,-1,-1,-1,-1,8,E01003355,0,3
2024010521280,2024,010521280,1,9,0,99,99,9,9,99,99,9,9,99,9,99,9,9,6,6,3,-1,-1,-1,-1,-1,-1,8,E01000991,0,2
2024461533838,2024,461533838,1,1,0,-1,19,4,8,-1,0,8,0,0,0,0,1,1,-1,6,1,-1,-1,-1,-1,-1,-1,1,E01024609,0,4
202460Q055217,2024,60Q055217,2,1,0,18,19,7,3,0,0,1,0,0,1,0,1,1,6,6,1,38,7,-1,-1,-1,-1,-1,-1,0,-1
2024052401509,2024,052401509,1,9,0,13,13,3,7,0,0,1,0,0,0,0,4,1,6,6,3,-1,-1,-1,-1,-1,-1,-1,-1,0,-1
2024131441830,2024,131441830,2,1,0,-1,19,7,3,-1,0,8,0,0,0,0,0,1,-1,6,1,49,8,-1,-1,-1,-1,6,E01011042,0,1
2024041398290,2024,041398290,2,9,0,-1,19,2,6,-1,0,1,0,0,0,0,1,1,-1,9,2,61,9,-1,-1,-1,-1,3,E01024926,0,1
2024211499845,2024,211499845,1,19,-1,-1,-1,3,7,-1,-1,-1,-1,-1,-1,0,-1,9,-1,6,3,-1,-1,-1,-1,-1,-1,-1,-1,0,-1
2024070753071,2024,070753071,2,1,0,-1,19,1,5,-1,0,0,0,0,0,0,3,1,-1,6,1,55,8,-1,-1,-1,-1,10,E01006124,0,3
2024010519118,2024,010519118,2,19,0,5,5,5,1,0,0,8,0,0,0,0,1,1,6,6,1,46,8,-1,-1,-1,-1,2,E01002615,0,1
2024631508761,2024,631508761,2,97,0,-1,19,2,7,-1,0,5,0,0,0,0,4,1,-1,9,1,71,10,-1,-1,-1,-1,6,W01000475,0,4
2024010491924,2024,010491924,1,9,0,18,19,1,5,0,0,1,0,0,0,0,0,1,6,6,2,42,7,-1,-1,-1,-1,2,E01004088,0,1
2024461436572,2024,461436572,1,9,0,-1,19,6,2,-1,0,0,0,0,0,0,1,1,-1,1,1,53,8,-1,-1,-1,-1,7,E01024073,0,4
2024311444468,2024,311444468,2,11,0,-1,19,6,2,-1,0,0,0,0,0,0,2,1,-1,1,1,40,7,-1,-1,-1,-1,-1,-1,0,-1
2024411528638,2024,411528638,1,9,-1,-1,19,-1,-1,-1,0,0,0,0,0,0,1,9,-1,6,1,-1,-1,-1,-1,-1,-1,4,E01023937,0,2
2024010542661,2024,010542661,1,9,0,99,99,9,9,99,99,9,9,99,9,99,2,9,6,6,1,41,7,-1,-1,-1,-1,7,E01002198,0,1
2024101468455,2024,101468455,1,1,0,-1,19,1,5,-1,0,0,0,2,0,0,0,1,-1,9,1,48,8,-1,-1,-1,-1,-1,-1,0,-1
2024302401407,2024,302401407,1,9,0,18,19,4,7,0,0,8,0,0,0,0,1,1,3,7,3,-1,-1,-1,-1,-1,-1,5,E01019456,0,3
2024201397071,2024,201397071,2,1,0,-1,19,5,1,-1,0,8,0,0,0,0,2,1,-1,1,1,40,7,-1,-1,-1,-1,4,E01010006,0,1
2024131440062,2024,131440062,2,1,0,-1,-1,-1,-1,-1,-1,0,-1,-1,-1,0,-1,1,-1,6,3,-1,-1,-1,-1,-1,-1,-1,-1,0,-1
2024361432102,2024,361432102,1,9,0,-1,19,2,6,-1,0,1,0,0,0,0,1,1,-1,6,2,24,5,-1,-1,-1,-1,7,E01026710,0,3
2024522402943,2024,522402943,1,9,0,18,19,7,3,0,0,1,0,0,0,0,4,1,6,6,3,-1,-1,-1,-1,-1,-1,-1,-1,0,-1
2024471511808,2024,471511808,2,9,0,-1,19,7,3,-1,0,1,0,0,0,0,9,1,-1,6,3,-1,-1,-1,-1,-1,-1,-1,-1,0,-1
2024430462916,2024,430462916,1,9,0,9,9,8,6,0,0,5,0,0,0,0,3,1,3,7,2,52,8,-1,-1,-1,-1,4,E01016453,0,1
2024201421439,2024,201421439,1,9,0,-1,19,7,3,-1,0,0,0,0,0,0,3,2,-1,6,2,20,4,-1,-1,-1,-1,-1,-1,0,-1
2024991473917,2024,991473917,1,9,0,-1,14,3,7,-1,0,0,0,0,0,0,1,1,-1,1,1,44,7,-1,-1,-1,-1,9,-1,0,2
2024010545251,2024,010545251,1,1,0,18,19,7,3,0,0,2,1,0,0,0,1,1,6,6,1,21,5,-1,-1,-1,-1,4,E01000875,0,2
2024041506977,2024,041506977,1,9,0,-1,19,1,5,-1,0,1,0,0,7,10,1,1,-1,1,1,50,8,-1,-1,-1,-1,2,E01019579,0,4
202460Q054534,2024,60Q054534,1,9,0,10,10,2,7,0,0,0,0,0,0,0,2,1,6,6,1,37,7,-1,-1,-1,-1,-1,-1,0,-1
2024031480829,2024,031480829,2,1,0,-1,19,5,1,-1,0,0,1,0,0,0,4,1,-1,9,1,55,8,-1,-1,-1,-1,-1,-1,0,-1
2024041409604,2024,041409604,2,9,0,-1,19,5,1,-1,0,1,0,0,0,0,1,1,-1,9,2,21,5,-1,-1,-1,-1,4,E01020783,0,5
2024010508853,2024,010508853,2,9,0,18,19,7,3,0,0,0,0,0,0,0,2,1,6,6,3,-1,-1,-1,-1,-1,-1,-1,-1,0,-1
2024041420855,2024,041420855,2,9,0,-1,10,1,5,-1,0,1,0,0,0,0,4,1,-1,9,1,64,9,-1,-1,-1,-1,7,E01025559,0,4
2024010501817,2024,010501817,1,1,0,18,19,3,7,0,0,0,5,0,0,0,3,1,2,2,1,47,8,-1,-1,-1,-1,7,E01004518,0,1
2024340NN0822,2024,340NN0822,1,9,0,-1,19,2,6,-1,0,0,0,0,0,0,1,1,-1,9,1,69,10,-1,-1,-1,-1,4,E01027119,0,1
2024010539421,2024,010539421,1,1,9,18,19,9,9,99,99,9,9,99,9,99,9,1,6,6,1,28,6,-1,-1,-1,-1,7,E01004620,0,1
2024131400151,2024,131400151,2,1,0,-1,9,2,6,-1,0,8,0,0,0,0,1,1,-1,9,1,11,3,-1,-1,-1,-1,7,E01010952,0,1
2024010537203,2024,010537203,2,9,9,99,99,9,9,99,99,9,9,99,9,99,9,9,6,6,3,-1,-1,-1,-1,-1,-1,-1,-1,0,-1
2024010543942,2024,010543942,1,11,0,18,19,1,5,0,0,1,0,0,0,0,0,1,6,6,3,-1,-1,-1,-1,-1,-1,-1,-1,0,-1
2024010538496,2024,010538496,1,1,9,99,99,9,9,99,99,9,9,99,9,99,9,1,1,1,1,25,5,-1,-1,-1,-1,2,E01035676,0,2
2024010500966,2024,010500966,1,1,9,99,99,9,9,99,99,9,9,99,9,99,2,1,6,6,1,41,7,-1,-1,-1,-1,3,E01001362,0,1
2024010541442,2024,010541442,1,9,0,18,19,5,1,0,0,0,0,0,1,0,4,1,6,6,1,-1,-1,-1,-1,-1,-1,-1,-1,0,-1
2024201436752,2024,201436752,1,9,0,-1,5,7,3,-1,0,0,0,0,0,0,3,1,-1,6,1,39,7,-1,-1,-1,-1,5,E01029627,0,2
2024010542911,2024,010542911,2,9,0,9,9,1,7,0,0,8,0,0,0,0,4,1,6,6,1,75,10,-1,-1,-1,-1,8,E01031766,0,4
2024501466003,2024,501466003,2,1,0,-1,19,7,3,-1,0,1,0,0,0,0,1,1,-1,6,1,56,9,-1,-1,-1,-1,7,E01015137,0,2
2024440202193,2024,440202193,1,21,1,16,19,6,1,0,0,2,1,0,0,0,3,1,6,6,3,-1,-1,-1,-1,-1,-1,-1,-1,0,-1
2024010543231,2024,010543231,2,1,0,-1,-1,5,1,0,0,1,0,0,0,0,3,1,6,6,2,29,6,-1,-1,-1,-1,5,E01000520,0,2
2024991434052,2024,991434052,1,22,0,-1,19,8,4,-1,0,8,0,0,0,0,3,1,-1,6,1,85,11,-1,-1,-1,-1,8,-1,0,1
2024461504253,2024,461504253,1,9,0,-1,19,3,1,-1,9,0,1,11,7,1,1,1,-1,9,1,66,10,-1,-1,-1,-1,2,E01000434,0,3
2024430393974,2024,430393974,2,1,0,18,19,6,2,0,0,8,0,0,0,0,1,1,6,6,1,38,7,-1,-1,-1,-1,10,E01016604,0,3
2024161488879,2024,161488879,1,1,0,-1,14,2,6,-1,0,1,0,8,0,0,1,1,-1,6,2,67,10,-1,-1,-1,-1,10,E01013064,0,1
2024010498324,2024,010498324,1,9,9,99,99,9,9,99,99,9,9,99,9,99,9,9,6,6,3,-1,-1,-1,-1,-1,-1,-1,-1,0,-1
2024221451456,2024,221451456,1,9,0,-1,10,6,4,-1,0,8,0,0,0,0,2,9,-1,9,1,70,10,-1,-1,-1,-1,8,W01000555,0,5
2024340WN1682,2024,340WN1682,2,4,0,-1,9,5,3,-1,0,3,0,0,0,0,4,1,-1,9,1,-1,-1,-1,-1,-1,-1,7,E01027210,0,1
2024010536202,2024,010536202,2,9,0,99,99,9,9,99,99,9,9,99,9,99,1,9,6,6,3,-1,-1,-1,-1,-1,-1,-1,-1,0,-1
2024371471265,2024,371471265,1,9,-1,-1,19,-1,-1,-1,9,0,0,0,0,0,4,9,-1,6,2,-1,-1,-1,-1,-1,-1,-1,-1,0,-1
2024531454517,2024,531454517,2,1,0,-1,19,2,6,-1,0,0,0,0,0,0,0,1,-1,2,1,50,8,-1,-1,-1,-1,9,E01026558,0,5
2024440530475,2024,440530475,2,9,0,18,19,5,1,0,0,1,0,0,0,0,1,1,6,6,3,-1,-1,-1,-1,-1,-1,-1,-1,0,-1
2024131496016,2024,131496016,2,1,0,-1,19,5,1,-1,4,1,0,0,0,0,1,1,-1,1,1,31,6,-1,-1,-1,-1,1,E01011671,0,1
2024302400122,2024,302400122,2,9,0,5,5,4,8,0,0,1,0,0,0,0,2,1,6,6,2,32,6,-1,-1,-1,-1,10,E01034650,0,2
2024061461137,2024,061461137,2,1,0,-1,19,5,1,-1,0,0,0,0,1,0,1,1,-1,9,1,56,9,-1,-1,-1,-1,-1,-1,0,-1
2024122401011,2024,122401011,1,23,0,18,19,5,1,0,0,1,0,0,0,0,1,1,6,6,3,-1,-1,-1,-1,-1,-1,-1,-1,0,-1
2024361426764,2024,361426764,1,4,0,-1,5,7,3,-1,9,1,5,0,1,0,0,1,-1,9,1,24,5,-1,-1,-1,-1,1,E01026467,0,1
2024161446037,2024,161446037,2,9,0,-1,19,4,8,-1,0,0,0,0,0,0,1,9,-1,6,3,-1,-1,-1,-1,-1,-1,-1,-1,0,-1
2024440361425,2024,440361425,1,9,0,18,19,7,3,0,0,7,0,0,0,0,1,1,6,6,2,22,5,-1,-1,-1,-1,2,E01017168,0,2
2024520401277,2024,520401277,2,3,0,18,19,5,1,0,0,8,0,0,0,0,1,1,6,6,1,60,9,-1,-1,-1,-1,6,E01020434,0,1
2024311508190,2024,311508190,2,9,0,-1,2,-1,-1,-1,0,1,0,0,0,0,2,1,-1,6,1,49,8,-1,-1,-1,-1,2,E01019644,0,2
2024010539510,2024,010539510,1,9,0,99,99,9,9,99,99,9,9,99,9,99,9,9,6,6,3,-1,-1,-1,-1,-1,-1,-1,-1,0,-1
2024010498193,2024,010498193,2,9,0,99,99,9,9,99,99,9,9,99,9,99,9,9,6,6,3,-1,-1,-1,-1,-1,-1,-1,-1,0,-1
2024131498554,2024,131498554,1,9,0,-1,19,5,1,-1,0,0,0,0,0,0,4,1,-1,6,2,-1,-1,-1,-1,-1,-1,-1,-1,0,-1
202460Q109483,2024,60Q109483,2,23,0,18,19,5,1,0,0,1,0,0,0,0,4,1,6,6,1,-1,-1,-1,-1,-1,-1,-1,-1,0,-1
2024421532649,2024,421532649,2,1,0,-1,19,7,3,-1,0,8,0,0,0,0,4,1,-1,1,1,56,9,-1,-1,-1,-1,3,E01034355,0,2
2024201516747,2024,201516747,1,99,0,-1,5,8,4,-1,0,6,0,0,0,0,1,9,-1,6,3,-1,-1,-1,-1,-1,-1,-1,-1,0,-1