collision_index,collision_year,collision_ref_no,vehicle_reference,vehicle_type,towing_and_articulation,vehicle_manoeuvre_historic,vehicle_manoeuvre,vehicle_direction_from,vehicle_direction_to,vehicle_location_restricted_lane_historic,vehicle_location_restricted_lane,junction_location,skidding_and_overturning,hit_object_in_carriageway,vehicle_leaving_carriageway,hit_object_off_carriageway,first_point_of_impact,vehicle_left_hand_drive,journey_purpose_of_driver_historic,journey_purpose_of_driver,sex_of_driver,age_of_driver,age_band_of_driver,engine_capacity_cc,propulsion_code,age_of_vehicle,generic_make_model,driver_imd_decile,lsoa_of_driver,escooter_flag,driver_distance_banding
2024010496014,2024,010496014,2,9,0,5,5,1,5,0,0,0,0,0,0,0,3,1,6,6,2,48,8,-1,-1,-1,-1,2,E01001482,0,1
2024010490373,2024,010490373,1,11,0,4,4,5,1,2,2,8,0,0,0,0,0,1,1,1,1,27,6,-1,-1,-1,-1,3,E01034203,0,3
2024991524584,2024,991524584,2,1,0,-1,5,5,1,-1,0,1,0,0,0,0,1,1,-1,9,1,38,7,-1,-1,-1,-1,7,-1,0,1
2024451453170,2024,451453170,1,1,0,-1,14,2,5,-1,0,1,5,0,0,0,1,1,-1,2,1,48,8,-1,-1,-1,-1,6,E01030464,0,1
2024010503504,2024,010503504,2,1,0,5,5,3,7,0,0,1,0,0,0,0,1,1,6,6,2,35,6,-1,-1,-1,-1,3,E01003105,0,1
2024010510182,2024,010510182,1,1,9,99,99,9,9,99,99,9,9,99,9,99,9,1,2,2,1,26,6,-1,-1,-1,-1,3,E01000058,0,1
2024010546453,2024,010546453,1,1,9,99,99,9,9,99,99,9,9,99,9,99,9,1,2,2,2,25,5,-1,-1,-1,-1,7,E01000711,0,1
2024010530833,2024,010530833,1,9,0,18,19,7,3,0,0,0,0,0,0,0,1,1,6,6,3,-1,-1,-1,-1,-1,-1,-1,-1,0,-1
2024131447183,2024,131447183,2,9,0,-1,9,1,3,-1,0,8,1,0,7,10,3,1,-1,6,2,27,6,-1,-1,-1,-1,1,E01011677,0,3
2024371547272,2024,371547272,1,9,0,-1,19,1,5,-1,0,0,0,0,0,0,3,1,-1,6,1,56,9,-1,-1,-1,-1,10,E01026813,0,4
2024461460697,2024,461460697,2,90,0,-1,19,7,3,-1,0,0,0,0,0,0,0,9,-1,1,1,33,6,-1,-1,-1,-1,4,E01024364,0,4
2024141408702,2024,141408702,1,9,0,-1,19,8,5,-1,0,0,0,0,0,0,4,9,-1,6,3,-1,-1,-1,-1,-1,-1,-1,-1,0,-1
2024340WN9092,2024,340WN9092,1,1,0,-1,19,1,5,-1,0,2,0,0,0,0,1,1,-1,6,1,26,6,-1,-1,-1,-1,5,E01027236,0,1
2024201411315,2024,201411315,2,1,0,-1,19,4,8,-1,0,8,0,0,0,0,3,1,-1,9,1,14,3,-1,-1,-1,-1,2,E01008946,0,1
2024161467114,2024,161467114,2,9,0,-1,19,6,2,-1,0,1,0,0,7,4,1,1,-1,1,1,36,7,-1,-1,-1,-1,8,E01013018,0,1
2024010516845,2024,010516845,2,1,0,9,9,7,4,0,0,8,5,0,0,0,4,1,6,6,1,29,6,-1,-1,-1,-1,2,E01004206,0,1
2024320262669,2024,320262669,2,9,0,-1,-1,6,2,0,0,3,0,0,7,0,4,1,-1,-1,1,44,7,-1,-1,-1,-1,3,E01028229,0,4
2024010520613,2024,010520613,1,9,9,99,99,9,9,0,0,9,0,0,0,0,9,9,6,6,3,-1,-1,-1,-1,-1,-1,-1,-1,0,-1
2024302400011,2024,302400011,2,1,0,18,19,6,2,0,0,8,0,0,0,0,3,1,1,1,1,37,7,-1,-1,-1,-1,2,E01013453,0,1
2024010487591,2024,010487591,1,9,0,7,7,1,2,6,6,2,0,0,0,0,3,1,6,6,1,50,8,-1,-1,-1,-1,3,E01004287,0,1
2024361438253,2024,361438253,2,1,0,-1,19,6,2,-1,0,0,0,0,0,0,2,1,-1,6,1,71,10,-1,-1,-1,-1,9,E01026742,0,1
2024010514211,2024,010514211,1,9,0,3,3,5,1,0,0,0,0,8,0,0,3,1,6,6,2,39,7,-1,-1,-1,-1,-1,-1,0,-1
2024010507873,2024,010507873,2,9,0,99,99,9,9,99,99,9,9,99,9,99,1,9,6,6,3,-1,-1,-1,-1,-1,-1,-1,-1,0,-1
2024041464621,2024,041464621,2,9,0,-1,19,7,3,-1,0,1,0,0,0,0,1,1,-1,9,1,37,7,-1,-1,-1,-1,2,E01025101,0,1
2024010511978,2024,010511978,2,1,0,9,9,1,6,0,0,0,0,0,0,0,2,1,6,6,1,14,3,-1,-1,-1,-1,2,E01002872,0,1
2024010538386,2024,010538386,1,1,9,99,99,9,9,4,4,0,9,99,9,99,9,1,2,2,1,30,6,-1,-1,-1,-1,3,E01001920,0,1
2024440302540,2024,440302540,2,1,0,18,19,5,1,0,0,8,0,0,0,0,1,1,2,2,1,45,7,-1,-1,-1,-1,4,E01017020,0,1
2024131522952,2024,131522952,1,9,0,-1,-1,-1,-1,-1,-1,8,-1,-1,-1,0,-1,1,-1,6,3,-1,-1,-1,-1,-1,-1,-1,-1,0,-1
2024440459391,2024,440459391,2,9,0,9,9,1,5,0,0,5,0,0,0,0,1,1,6,6,3,-1,-1,-1,-1,-1,-1,-1,-1,0,-1
202460Q033026,2024,60Q033026,1,9,0,5,5,1,5,0,0,8,0,0,0,0,4,1,6,6,1,44,7,-1,-1,-1,-1,-1,-1,0,-1
2024401514802,2024,401514802,1,9,0,-1,19,-1,-1,-1,0,0,0,0,0,0,1,9,-1,6,3,-1,-1,-1,-1,-1,-1,-1,-1,0,-1
2024041461058,2024,041461058,2,9,0,-1,19,7,3,-1,0,1,0,0,0,0,1,1,-1,9,2,55,8,-1,-1,-1,-1,7,E01012614,0,1
2024520400236,2024,520400236,2,5,0,15,15,8,4,0,0,0,0,0,0,0,1,1,6,6,1,31,6,-1,-1,-1,-1,4,E01029230,0,2
2024010492443,2024,010492443,2,19,0,99,99,9,9,99,99,9,9,99,9,99,1,9,6,6,3,-1,-1,-1,-1,-1,-1,-1,-1,0,-1
2024201457270,2024,201457270,1,9,0,-1,5,6,4,-1,0,6,0,0,0,0,1,2,-1,6,2,-1,-1,-1,-1,-1,-1,-1,-1,0,-1
2024430360347,2024,430360347,1,9,0,13,13,4,8,0,0,0,0,0,4,6,4,1,6,6,1,26,6,-1,-1,-1,-1,10,E01027280,0,2
2024231443174,2024,231443174,1,20,0,-1,19,8,4,-1,0,0,0,0,0,0,9,9,-1,6,3,38,7,-1,-1,-1,-1,-1,-1,0,-1
2024010527295,2024,010527295,1,1,9,99,99,9,9,99,99,9,9,99,9,99,9,1,2,2,2,37,7,-1,-1,-1,-1,4,E01004446,0,1
2024010516376,2024,010516376,1,8,0,18,19,7,3,0,0,1,0,0,0,0,4,1,6,6,1,46,8,-1,-1,-1,-1,7,E01002812,0,2
2024010501625,2024,010501625,2,1,0,18,19,5,1,0,0,0,0,0,0,0,2,1,6,6,1,26,6,-1,-1,-1,-1,3,E01001982,0,1
2024052401547,2024,052401547,1,9,0,5,5,8,3,0,0,1,0,0,0,0,0,1,6,6,3,-1,-1,-1,-1,-1,-1,-1,-1,0,-1
2024010520854,2024,010520854,1,1,9,18,19,9,9,99,99,9,9,99,9,99,9,1,2,2,1,23,5,-1,-1,-1,-1,5,E01004056,0,1
2024010501372,2024,010501372,1,1,9,5,5,1,5,0,0,2,9,8,1,0,1,1,4,7,1,13,3,-1,-1,-1,-1,3,E01004240,0,1
2024991468999,2024,991468999,2,1,0,-1,19,7,3,-1,0,4,0,0,0,0,1,1,-1,9,1,33,6,-1,-1,-1,-1,9,-1,0,3
2024122400632,2024,122400632,2,1,0,18,19,4,8,0,0,0,0,0,1,0,2,1,6,6,2,33,6,-1,-1,-1,-1,9,E01013362,0,4
2024340NN4082,2024,340NN4082,2,9,0,-1,9,5,3,-1,0,3,0,0,0,0,1,1,-1,2,1,41,7,-1,-1,-1,-1,10,E01035407,0,1
2024440186612,2024,440186612,2,1,0,18,19,4,8,0,0,8,0,0,0,0,4,1,6,6,1,34,6,-1,-1,-1,-1,10,E01022974,0,1
202417H103524,2024,17H103524,1,1,0,-1,19,5,1,-1,0,1,0,0,0,0,3,1,-1,9,1,22,5,-1,-1,-1,-1,1,E01011999,0,1
2024440405949,2024,440405949,2,9,0,18,19,2,6,0,0,8,0,0,0,0,3,1,6,6,1,-1,-1,-1,-1,-1,-1,-1,-1,0,-1
2024440539482,2024,440539482,2,9,0,18,19,8,4,0,0,8,0,0,0,0,4,1,2,2,1,17,4,-1,-1,-1,-1,7,E01022880,0,2
2024141522153,2024,141522153,2,98,0,-1,-1,-1,-1,-1,-1,0,-1,-1,-1,0,-1,9,-1,6,3,-1,-1,-1,-1,-1,-1,-1,-1,0,-1
2024131403595,2024,131403595,1,9,0,-1,19,5,1,-1,0,0,2,0,0,0,1,1,-1,6,1,20,4,-1,-1,-1,-1,10,E01027698,0,4
2024010561076,2024,010561076,2,90,0,99,99,9,9,99,99,9,9,99,9,99,0,9,6,6,3,-1,-1,-1,-1,-1,-1,-1,-1,0,-1
202460Q070730,2024,60Q070730,2,1,0,18,19,3,6,0,0,0,0,0,0,0,2,1,6,6,1,30,6,-1,-1,-1,-1,-1,-1,0,-1
2024991495510,2024,991495510,1,5,0,-1,19,6,2,-1,5,0,0,11,0,0,1,1,-1,6,1,23,5,-1,-1,-1,-1,-1,-1,0,-1
2024010538598,2024,010538598,1,9,0,99,99,9,9,99,99,9,9,99,9,99,2,9,2,2,1,35,6,-1,-1,-1,-1,2,E01015840,0,4
2024451451927,2024,451451927,1,1,0,-1,19,3,7,-1,4,0,0,0,0,0,3,1,-1,2,2,44,7,-1,-1,-1,-1,10,E01030489,0,1
2024991513230,2024,991513230,1,90,1,-1,19,7,3,-1,0,0,5,0,7,0,3,1,-1,1,1,24,5,-1,-1,-1,-1,3,E01027388,0,4
2024131505360,2024,131505360,3,9,0,-1,2,1,5,-1,0,8,0,0,0,0,1,1,-1,6,1,56,9,-1,-1,-1,-1,3,E01010867,0,3
2024361449262,2024,361449262,1,11,0,-1,19,1,5,-1,0,1,0,0,0,0,3,9,-1,1,3,-1,-1,-1,-1,-1,-1,-1,-1,0,-1
2024221460935,2024,221460935,1,23,0,-1,19,2,7,-1,0,4,0,10,0,0,4,1,-1,6,1,28,6,-1,-1,-1,-1,1,E01032332,0,1
2024340WN5752,2024,340WN5752,1,9,0,-1,19,2,6,-1,0,0,0,0,0,0,1,1,-1,6,2,-1,-1,-1,-1,-1,-1,-1,-1,0,-1
2024122400503,2024,122400503,2,1,0,18,19,3,7,0,0,8,0,0,0,0,2,1,6,6,2,45,7,-1,-1,-1,-1,7,E01013396,0,1
2024991493146,2024,991493146,2,1,0,-1,12,7,5,-1,0,6,0,0,0,0,1,1,-1,2,1,63,9,-1,-1,-1,-1,1,-1,0,2
2024010486964,2024,010486964,2,5,0,3,3,5,1,0,0,1,0,0,0,0,2,1,2,2,1,35,6,-1,-1,-1,-1,-1,-1,0,-1
2024531409694,2024,531409694,2,1,0,-1,19,6,2,-1,0,8,0,0,0,0,2,1,-1,2,1,62,9,-1,-1,-1,-1,9,E01022101,0,1
2024430162882,2024,430162882,2,1,0,18,19,4,8,0,0,8,0,0,0,0,4,1,6,6,1,38,7,-1,-1,-1,-1,-1,-1,0,-1
2024332400983,2024,332400983,2,1,0,-1,19,1,5,-1,0,8,0,0,7,0,1,1,-1,1,1,25,5,-1,-1,-1,-1,8,E01025795,0,1
2024430157596,2024,430157596,1,9,0,18,19,5,1,0,0,0,0,0,0,0,3,1,6,6,1,37,7,-1,-1,-1,-1,4,E01017905,0,1
2024010487437,2024,010487437,1,9,0,9,9,1,7,0,0,8,0,0,0,0,1,1,6,6,2,71,10,-1,-1,-1,-1,4,E01000312,0,1
2024010520016,2024,010520016,1,9,0,99,99,9,9,99,99,9,9,99,9,99,1,9,6,6,3,-1,-1,-1,-1,-1,-1,-1,-1,0,-1
2024041458651,2024,041458651,2,1,0,-1,19,1,1,-1,5,0,0,0,0,0,2,1,-1,9,1,13,3,-1,-1,-1,-1,1,E01025236,0,1
2024361430833,2024,361430833,2,9,0,-1,2,0,0,-1,0,0,0,0,0,0,2,9,-1,6,1,59,9,-1,-1,-1,-1,10,E01002387,0,5
2024430574673,2024,430574673,2,3,0,4,4,3,7,0,0,0,0,0,0,0,2,1,6,6,1,23,5,-1,-1,-1,-1,10,E01016700,0,2
2024531400888,2024,531400888,1,9,0,-1,19,5,1,-1,0,0,0,0,0,0,1,1,-1,9,1,21,5,-1,-1,-1,-1,6,E01032216,0,3
2024430602267,2024,430602267,1,1,0,18,19,1,5,9,9,9,0,0,0,0,3,1,6,6,1,17,4,-1,-1,-1,-1,5,E01016832,0,1
202460Q167337,2024,60Q167337,1,9,0,18,19,4,8,0,0,2,0,0,0,0,4,1,6,6,2,53,8,-1,-1,-1,-1,-1,-1,0,-1
2024201455238,2024,201455238,1,11,0,-1,19,8,4,-1,0,0,0,0,0,0,0,9,-1,1,1,40,7,-1,-1,-1,-1,-1,-1,0,-1
2024302401785,2024,302401785,2,9,0,-1,3,2,6,-1,0,0,0,0,0,0,2,1,-1,9,1,35,6,-1,-1,-1,-1,7,E01025952,0,2
2024320618248,2024,320618248,1,20,0,-1,-1,4,8,0,0,0,0,0,0,0,0,1,1,1,3,-1,-1,-1,-1,-1,-1,-1,-1,0,-1
2024501449503,2024,501449503,2,4,0,-1,19,3,1,-1,0,0,0,0,0,0,0,1,-1,6,1,48,8,-1,-1,-1,-1,4,E01014478,0,4
2024302401259,2024,302401259,1,9,0,18,19,5,1,0,0,2,0,0,0,0,1,1,6,6,1,35,6,-1,-1,-1,-1,4,E01019458,0,1
2024010541613,2024,010541613,1,1,9,99,99,9,9,99,99,9,9,99,9,99,0,1,6,6,2,22,5,-1,-1,-1,-1,10,E01023568,0,4
2024361412735,2024,361412735,1,9,-1,-1,-1,3,7,-1,-1,0,-1,-1,-1,0,-1,1,-1,6,3,-1,-1,-1,-1,-1,-1,-1,-1,0,-1
2024122400314,2024,122400314,2,1,0,5,5,1,3,0,0,4,0,0,0,0,1,1,6,6,2,46,8,-1,-1,-1,-1,9,E01027845,0,1
2024010487656,2024,010487656,1,4,0,9,9,3,1,0,0,8,0,0,0,0,4,1,6,6,1,23,5,-1,-1,-1,-1,5,E01002361,0,1
2024010510064,2024,010510064,2,1,0,14,14,6,2,0,0,8,0,0,0,0,1,1,6,6,1,26,6,-1,-1,-1,-1,-1,-1,0,-1
2024211402933,2024,211402933,2,1,0,-1,19,3,7,-1,0,1,0,0,0,0,1,1,-1,9,1,34,6,-1,-1,-1,-1,1,E01014287,0,1
2024010510694,2024,010510694,1,5,0,99,99,9,9,99,99,9,9,99,9,99,1,1,2,2,1,41,7,-1,-1,-1,-1,4,E01023766,0,4
2024520400349,2024,520400349,1,19,0,18,19,1,5,0,0,6,0,0,0,0,3,1,6,6,1,37,7,-1,-1,-1,-1,1,E01029293,0,2
2024010489811,2024,010489811,2,1,0,18,19,5,1,0,0,0,0,4,0,0,1,1,6,6,1,52,8,-1,-1,-1,-1,5,E01004641,0,2
2024141525463,2024,141525463,2,98,0,-1,13,6,2,-1,0,1,0,0,0,0,4,9,-1,6,3,-1,-1,-1,-1,-1,-1,-1,-1,0,-1
2024010489904,2024,010489904,2,4,0,9,9,5,3,0,0,1,0,0,0,0,1,1,6,6,1,18,4,-1,-1,-1,-1,3,E01001287,0,1
2024010522084,2024,010522084,1,9,0,99,99,9,9,99,99,9,9,99,9,99,1,9,6,6,3,-1,-1,-1,-1,-1,-1,-1,-1,0,-1
2024010509374,2024,010509374,2,1,0,12,12,3,7,0,0,1,0,0,0,0,1,1,4,7,1,16,4,-1,-1,-1,-1,3,E01003097,0,1
2024371512593,2024,371512593,1,1,0,-1,19,5,1,-1,0,8,0,0,0,0,1,1,-1,6,-1,40,7,-1,-1,-1,-1,2,E01029969,0,1
2024471406020,2024,471406020,2,1,0,-1,19,5,1,-1,0,3,0,0,0,0,1,1,-1,9,1,51,8,-1,-1,-1,-1,7,E01031825,0,1
2024361535985,2024,361535985,1,9,-1,-1,19,2,8,-1,0,2,0,0,0,0,-1,9,-1,6,3,-1,-1,-1,-1,-1,-1,-1,-1,0,-1
2024010487849,2024,010487849,2,1,0,7,7,5,6,0,0,1,0,0,0,0,3,1,6,6,1,67,10,-1,-1,-1,-1,8,E01002819,0,2
2024552400818,2024,552400818,1,1,0,7,7,1,4,0,0,6,0,0,0,0,1,1,6,6,1,36,7,-1,-1,-1,-1,3,E01015386,0,1
2024161501555,2024,161501555,1,9,0,-1,19,1,5,-1,0,8,0,4,0,0,3,1,-1,9,2,28,6,-1,-1,-1,-1,4,E01012772,0,1
2024010520195,2024,010520195,2,1,0,18,19,7,3,0,0,8,0,0,0,0,4,1,2,2,1,46,8,-1,-1,-1,-1,3,E01001733,0,1
202417S102724,2024,17S102724,2,1,0,18,19,6,2,0,0,8,0,0,0,0,1,1,6,6,1,80,11,-1,-1,-1,-1,8,E01012225,0,1
2024101491026,2024,101491026,1,9,0,-1,7,6,1,-1,0,3,0,0,0,0,4,1,-1,6,2,-1,-1,-1,-1,-1,-1,-1,-1,0,-1
2024010494206,2024,010494206,1,11,0,99,99,9,9,99,99,9,9,99,9,99,9,9,6,6,3,-1,-1,-1,-1,-1,-1,-1,-1,0,-1
2024991436416,2024,991436416,2,9,0,-1,19,3,7,-1,0,0,0,0,0,0,2,1,-1,6,1,57,9,-1,-1,-1,-1,3,-1,0,2
2024010529546,2024,010529546,2,1,0,99,99,9,9,0,0,0,0,0,0,0,1,1,2,2,1,44,7,-1,-1,-1,-1,9,E01003897,0,3
2024201395560,2024,201395560,2,1,0,-1,19,3,7,-1,0,8,0,0,0,0,3,1,-1,2,1,62,9,-1,-1,-1,-1,3,E01010496,0,1
2024991502657,2024,991502657,1,9,0,-1,19,5,2,-1,0,1,0,0,1,11,1,1,-1,9,1,80,11,-1,-1,-1,-1,10,-1,0,2
2024440405016,2024,440405016,2,1,0,18,19,8,4,0,0,0,0,0,0,0,4,1,6,6,1,6,2,-1,-1,-1,-1,-1,-1,0,-1
2024061534008,2024,061534008,1,1,0,-1,19,-1,-1,-1,0,8,0,0,0,0,1,1,-1,6,1,26,6,-1,-1,-1,-1,2,E01005274,0,1
2024320130454,2024,320130454,2,9,0,-1,-1,6,2,0,0,0,0,0,0,0,1,1,-1,-1,1,22,5,-1,-1,-1,-1,-1,-1,0,-1
2024010548953,2024,010548953,1,1,0,18,19,1,5,0,0,2,5,0,0,0,4,1,2,2,2,49,8,-1,-1,-1,-1,3,E01000935,0,1
2024070525269,2024,070525269,1,9,0,18,19,4,7,0,0,7,0,0,0,0,1,1,6,6,1,23,5,-1,-1,-1,-1,10,W01000302,0,4
2024501509967,2024,501509967,3,19,0,-1,2,6,2,-1,0,0,0,0,0,0,3,9,-1,9,3,-1,-1,-1,-1,-1,-1,-1,-1,0,-1
2024070463357,2024,070463357,1,9,0,4,4,8,4,0,0,0,1,0,0,0,1,1,2,2,2,64,9,-1,-1,-1,-1,-1,-1,0,-1
2024010496859,2024,010496859,1,1,9,99,99,9,9,99,99,9,9,99,9,99,9,1,2,2,2,25,5,-1,-1,-1,-1,4,E01004202,0,1
2024401465689,2024,401465689,2,1,0,-1,19,-1,-1,-1,0,8,0,0,0,0,3,1,-1,1,1,29,6,-1,-1,-1,-1,2,E01017472,0,1
2024302400061,2024,302400061,2,9,0,3,3,1,4,0,0,1,0,0,0,0,2,1,6,6,2,43,7,-1,-1,-1,-1,10,E01033532,0,1
2024010543591,2024,010543591,1,1,9,99,99,9,9,99,99,9,9,99,9,99,9,1,6,6,2,44,7,-1,-1,-1,-1,3,E01001731,0,1
2024201406788,2024,201406788,1,90,0,-1,15,8,4,-1,0,1,0,0,0,0,1,1,-1,6,1,58,9,-1,-1,-1,-1,-1,-1,0,-1
2024461523375,2024,461523375,2,9,0,-1,19,6,6,-1,0,1,0,0,0,0,1,1,-1,2,1,60,9,-1,-1,-1,-1,7,E01024224,0,4
202454A586824,2024,54A586824,1,9,0,6,6,5,5,0,0,6,0,0,0,0,3,1,6,6,2,56,9,-1,-1,-1,-1,9,E01034856,0,5
2024991419525,2024,991419525,1,23,0,-1,19,1,5,-1,0,8,1,0,0,0,1,1,-1,6,1,14,3,-1,-1,-1,-1,3,-1,0,1
2024421394227,2024,421394227,1,9,0,-1,4,5,1,-1,0,1,0,0,0,0,1,1,-1,9,1,26,6,-1,-1,-1,-1,8,E01034365,0,1
2024302400161,2024,302400161,1,9,0,18,19,7,3,0,0,1,0,0,0,0,1,1,6,6,3,-1,-1,-1,-1,-1,-1,5,E01019456,0,3
2024501404828,2024,501404828,2,1,0,-1,5,3,5,-1,0,0,0,0,0,0,4,1,-1,9,2,15,3,-1,-1,-1,-1,6,E01020243,0,1
2024010523180,2024,010523180,1,9,0,18,19,1,5,0,0,1,0,11,0,0,1,1,6,6,2,59,9,-1,-1,-1,-1,3,E01034392,0,1
2024610017424,2024,610017424,2,9,0,18,19,1,5,0,0,1,1,0,0,0,4,1,6,6,1,17,4,-1,-1,-1,-1,4,W01001445,0,2
2024010488020,2024,010488020,2,11,0,18,19,3,7,0,0,1,0,0,0,0,1,1,1,1,1,60,9,-1,-1,-1,-1,6,E01030524,0,3
2024351415294,2024,351415294,1,23,0,-1,19,1,5,-1,5,0,0,0,1,9,1,1,-1,6,1,-1,-1,-1,-1,-1,-1,-1,-1,0,-1
2024211445692,2024,211445692,2,19,0,-1,4,8,6,-1,0,0,0,0,0,0,2,1,-1,6,3,50,8,-1,-1,-1,-1,-1,-1,0,-1
2024061521301,2024,061521301,1,1,0,-1,19,-1,-1,-1,0,1,0,0,0,0,1,1,-1,6,1,59,9,-1,-1,-1,-1,5,E01005591,0,2
2024421507111,2024,421507111,2,1,0,-1,19,6,2,-1,0,1,2,0,0,0,1,1,-1,9,1,45,7,-1,-1,-1,-1,10,E01021483,0,1
2024991543644,2024,991543644,2,9,0,-1,4,5,2,-1,0,0,0,0,0,0,2,1,-1,6,1,64,9,-1,-1,-1,-1,6,-1,0,4
2024010513732,2024,010513732,2,1,0,-1,-1,7,3,0,0,0,5,10,0,0,2,1,6,6,2,33,6,-1,-1,-1,-1,4,E01032764,0,1
2024131414304,2024,131414304,1,9,0,-1,9,5,3,-1,0,2,0,0,0,0,-1,1,-1,6,3,-1,-1,-1,-1,-1,-1,-1,-1,0,-1
2024522401759,2024,522401759,2,9,0,7,7,7,1,0,0,5,0,0,0,0,4,1,6,6,3,-1,-1,-1,-1,-1,-1,-1,-1,0,-1
2024161460947,2024,161460947,1,1,9,-1,19,2,6,-1,0,0,0,0,0,0,9,1,-1,6,1,25,5,-1,-1,-1,-1,3,E01013164,0,1
2024010503667,2024,010503667,1,9,0,18,19,1,5,0,0,8,0,0,0,0,1,1,6,6,1,67,10,-1,-1,-1,-1,4,E01002629,0,2
2024111502841,2024,111502841,1,1,0,-1,19,7,3,-1,0,0,0,0,0,0,4,1,-1,9,2,10,2,-1,-1,-1,-1,-1,-1,0,-1
2024131459925,2024,131459925,1,1,0,-1,19,3,7,-1,0,1,0,0,0,0,1,1,-1,9,1,22,5,-1,-1,-1,-1,8,E01011520,0,1
2024010490725,2024,010490725,1,19,0,9,9,1,6,0,0,5,0,0,0,0,1,1,1,1,1,40,7,-1,-1,-1,-1,7,E01001269,0,4
2024010490651,2024,010490651,1,1,9,99,99,9,9,99,99,9,9,99,9,99,9,1,2,2,2,60,9,-1,-1,-1,-1,10,E01000896,0,1
2024501420585,2024,501420585,2,1,0,-1,3,3,7,-1,0,1,0,0,0,0,1,1,-1,2,1,34,6,-1,-1,-1,-1,6,E01020007,0,1
2024141519796,2024,141519796,1,9,0,-1,19,5,5,-1,0,0,0,0,1,1,1,1,-1,7,2,35,6,-1,-1,-1,-1,6,E01007400,0,1
2024552401059,2024,552401059,1,1,0,18,19,3,7,0,0,6,0,0,0,0,1,1,6,6,1,59,9,-1,-1,-1,-1,6,E01015361,0,1
2024010520528,2024,010520528,1,9,0,5,5,3,7,0,0,1,0,0,0,0,0,1,6,6,1,28,6,-1,-1,-1,-1,2,E01002879,0,1
2024010519930,2024,010519930,1,1,0,99,99,9,9,0,0,8,0,0,0,0,1,1,2,2,1,25,5,-1,-1,-1,-1,7,E01002121,0,1
2024201437778,2024,201437778,1,9,0,-1,1,3,7,-1,9,0,0,0,0,0,2,1,-1,6,2,30,6,-1,-1,-1,-1,-1,-1,0,-1
2024061473352,2024,061473352,2,9,0,-1,8,-1,-1,-1,0,1,0,0,0,0,2,1,-1,6,3,-1,-1,-1,-1,-1,-1,-1,-1,0,-1
2024311411427,2024,311411427,2,1,0,-1,9,2,6,-1,0,6,0,0,0,0,1,1,-1,6,1,12,3,-1,-1,-1,-1,-1,-1,0,-1
2024010517330,2024,010517330,1,1,9,99,99,9,9,99,99,9,9,99,9,99,9,1,2,2,1,28,6,-1,-1,-1,-1,3,E01034223,0,1
2024010489333,2024,010489333,3,9,0,18,19,3,7,0,0,0,0,0,0,0,4,1,6,6,1,29,6,-1,-1,-1,-1,5,E01003666,0,2
2024010537232,2024,010537232,2,9,0,1,1,7,3,0,0,1,0,0,0,0,2,1,6,6,1,53,8,-1,-1,-1,-1,3,E01000088,0,1
2024481563471,2024,481563471,1,1,0,-1,19,5,1,-1,0,8,0,0,0,0,3,1,-1,2,1,22,5,-1,-1,-1,-1,-1,-1,0,-1
2024070608811,2024,070608811,2,19,0,9,9,5,3,0,0,1,0,0,3,2,1,1,1,1,1,63,9,-1,-1,-1,-1,9,E01025538,0,4
2024520402314,2024,520402314,2,1,0,18,19,5,1,0,0,8,0,0,0,0,4,1,6,6,1,49,8,-1,-1,-1,-1,7,E01029278,0,1
2024430452466,2024,430452466,2,9,0,18,19,4,4,0,0,1,0,0,0,0,1,1,6,6,1,-1,-1,-1,-1,-1,-1,-1,-1,0,-1
2024010535359,2024,010535359,2,9,0,18,19,8,4,0,0,1,0,0,0,0,1,1,6,6,3,-1,-1,-1,-1,-1,-1,-1,-1,0,-1
2024451497552,2024,451497552,1,9,0,-1,19,5,1,-1,0,0,0,0,0,0,1,1,-1,6,1,37,7,-1,-1,-1,-1,9,E01030381,0,3
2024010511919,2024,010511919,1,8,0,4,4,2,6,0,0,2,0,0,0,0,1,1,6,6,3,-1,-1,-1,-1,-1,-1,-1,-1,0,-1
2024161397610,2024,161397610,2,1,0,-1,19,6,2,-1,0,0,0,0,9,0,2,1,-1,9,2,54,8,-1,-1,-1,-1,1,E01012859,0,1
2024421513989,2024,421513989,1,9,0,-1,4,3,7,-1,0,0,0,0,0,0,2,1,-1,6,1,26,6,-1,-1,-1,-1,9,E01021346,0,1
2024520401138,2024,520401138,1,9,0,18,19,5,1,0,0,8,1,0,3,9,1,1,6,6,1,19,4,-1,-1,-1,-1,8,E01029122,0,2
2024052401012,2024,052401012,2,9,0,18,19,3,7,0,0,0,0,0,0,0,2,1,6,6,2,53,8,-1,-1,-1,-1,9,E01007027,0,2
2024421423669,2024,421423669,1,1,0,-1,14,4,8,-1,0,1,0,0,0,0,1,1,-1,6,3,-1,-1,-1,-1,-1,-1,-1,-1,0,-1
2024201414912,2024,201414912,1,9,0,-1,19,5,1,-1,0,0,0,4,0,0,1,9,-1,9,1,18,4,-1,-1,-1,-1,1,E01034914,0,1
2024411475154,2024,411475154,1,1,0,-1,19,1,2,-1,0,1,0,0,0,0,0,1,-1,6,1,16,4,-1,-1,-1,-1,9,E01023847,0,1
2024311520716,2024,311520716,2,1,0,-1,9,3,2,-1,0,4,0,0,0,0,3,1,-1,1,1,17,4,-1,-1,-1,-1,1,E01013862,0,2
2024201427454,2024,201427454,1,19,0,-1,19,8,4,-1,0,8,0,0,0,0,1,1,-1,6,1,-1,-1,-1,-1,-1,-1,-1,-1,0,-1
2024332400776,2024,332400776,1,22,0,-1,19,2,6,-1,9,0,0,0,0,0,1,1,-1,9,1,81,11,-1,-1,-1,-1,5,E01025655,0,1
2024161497590,2024,161497590,2,1,9,-1,19,-1,-1,-1,0,0,9,99,9,0,9,1,-1,6,3,-1,-1,-1,-1,-1,-1,-1,-1,0,-1
2024471406163,2024,471406163,1,9,0,-1,7,8,4,-1,0,8,0,0,0,0,3,1,-1,9,1,66,10,-1,-1,-1,-1,6,E01031673,0,3
2024131502174,2024,131502174,1,9,0,-1,-1,-1,-1,-1,-1,0,-1,-1,-1,0,-1,1,-1,6,3,-1,-1,-1,-1,-1,-1,-1,-1,0,-1
2024501486639,2024,501486639,1,19,0,-1,19,4,8,-1,0,0,0,0,0,0,3,9,-1,6,3,-1,-1,-1,-1,-1,-1,-1,-1,0,-1