collision_index,collision_year,collision_ref_no,vehicle_reference,vehicle_type,towing_and_articulation,vehicle_manoeuvre_historic,vehicle_manoeuvre,vehicle_direction_from,vehicle_direction_to,vehicle_location_restricted_lane_historic,vehicle_location_restricted_lane,junction_location,skidding_and_overturning,hit_object_in_carriageway,vehicle_leaving_carriageway,hit_object_off_carriageway,first_point_of_impact,vehicle_left_hand_drive,journey_purpose_of_driver_historic,journey_purpose_of_driver,sex_of_driver,age_of_driver,age_band_of_driver,engine_capacity_cc,propulsion_code,age_of_vehicle,generic_make_model,driver_imd_decile,lsoa_of_driver,escooter_flag,driver_distance_banding
2024031535233,2024,031535233,2,9,0,-1,19,4,8,-1,0,0,0,12,0,0,1,1,-1,6,1,52,8,-1,-1,-1,-1,4,E01019293,0,4
2024010541715,2024,010541715,2,9,9,18,19,1,5,0,0,9,9,99,9,99,9,9,6,6,1,50,8,-1,-1,-1,-1,3,E01002585,0,2
2024070969748,2024,070969748,1,9,0,-1,4,2,6,-1,0,6,0,0,0,0,1,1,-1,9,1,21,5,-1,-1,-1,-1,8,E01012395,0,2
2024010491607,2024,010491607,1,9,0,18,19,5,1,0,0,1,1,0,0,0,1,1,6,6,1,36,7,-1,-1,-1,-1,4,E01000466,0,2
2024440026093,2024,440026093,2,9,0,18,19,6,2,0,0,0,0,8,0,0,4,1,6,6,3,-1,-1,-1,-1,-1,-1,-1,-1,0,-1
2024010520430,2024,010520430,2,1,0,-1,-1,5,1,0,0,8,0,0,0,0,4,1,6,6,2,21,5,-1,-1,-1,-1,8,E01002691,0,1
2024351438787,2024,351438787,1,9,-1,-1,-1,-1,-1,-1,-1,-1,-1,-1,-1,0,-1,9,-1,6,3,-1,-1,-1,-1,-1,-1,-1,-1,0,-1
2024522401968,2024,522401968,3,9,0,18,19,8,4,0,0,0,0,0,0,0,1,1,6,6,2,19,4,-1,-1,-1,-1,9,E01014998,0,1
2024471527599,2024,471527599,1,9,0,-1,9,6,4,-1,0,5,0,0,1,11,1,9,-1,6,1,54,8,-1,-1,-1,-1,9,E01031561,0,1
2024351502100,2024,351502100,1,9,0,-1,19,5,8,-1,0,2,0,0,0,0,1,9,-1,6,3,-1,-1,-1,-1,-1,-1,-1,-1,0,-1
2024010523101,2024,010523101,1,1,0,18,19,7,3,0,0,9,9,8,9,99,9,1,6,6,2,57,9,-1,-1,-1,-1,2,E01000861,0,1
2024540549624,2024,540549624,1,23,0,7,7,5,6,0,0,3,0,0,0,0,4,1,2,2,1,51,8,-1,-1,-1,-1,8,E01015484,0,1
2024320215323,2024,320215323,1,9,0,-1,-1,8,4,0,0,1,0,0,0,0,1,1,6,6,1,50,8,-1,-1,-1,-1,2,E01026379,0,1
2024520401315,2024,520401315,2,9,0,18,19,7,3,0,0,1,0,0,0,0,4,1,6,6,1,33,6,-1,-1,-1,-1,1,E01006064,0,5
2024221423509,2024,221423509,1,90,4,-1,2,0,0,-1,0,0,0,0,0,0,0,1,-1,6,1,23,5,-1,-1,-1,-1,7,W01000484,0,3
2024010487462,2024,010487462,1,8,0,5,5,2,6,0,0,1,0,0,0,0,1,1,6,6,1,53,8,-1,-1,-1,-1,5,E01000255,0,1
2024461432544,2024,461432544,2,-1,0,-1,19,1,6,-1,0,8,0,0,0,0,1,9,-1,6,1,14,3,-1,-1,-1,-1,4,E01035303,1,1
2024131444768,2024,131444768,1,3,0,-1,19,1,2,-1,0,0,1,0,0,0,1,1,-1,9,1,18,4,-1,-1,-1,-1,5,E01011390,0,2
2024061453049,2024,061453049,2,-1,0,-1,19,3,7,-1,0,8,0,0,0,0,1,1,-1,6,1,15,3,-1,-1,-1,-1,-1,-1,0,-1
2024991512049,2024,991512049,2,9,0,-1,19,1,5,-1,0,4,0,0,0,0,4,1,-1,9,2,17,4,-1,-1,-1,-1,5,-1,0,1
2024501430356,2024,501430356,2,9,0,-1,3,7,3,-1,0,0,0,0,0,0,2,9,-1,2,2,54,8,-1,-1,-1,-1,5,E01019066,0,2
2024440200370,2024,440200370,5,9,0,2,2,0,0,0,0,0,0,0,0,0,1,1,6,6,1,26,6,-1,-1,-1,-1,-1,-1,0,-1
2024010487956,2024,010487956,2,9,0,10,10,4,2,0,0,8,0,10,7,1,2,2,6,6,2,82,11,-1,-1,-1,-1,9,E01002225,0,1
2024501514545,2024,501514545,2,1,0,-1,19,5,1,-1,0,8,5,0,0,0,4,1,-1,9,1,37,7,-1,-1,-1,-1,3,E01019051,0,1
2024501498337,2024,501498337,1,9,0,-1,19,6,2,-1,0,0,1,0,0,0,1,1,-1,6,3,-1,-1,-1,-1,-1,-1,-1,-1,0,-1
2024010501100,2024,010501100,1,98,0,7,7,1,2,0,0,1,0,0,0,0,2,1,6,6,3,-1,-1,-1,-1,-1,-1,-1,-1,0,-1
2024010489201,2024,010489201,1,9,0,99,99,9,9,99,99,9,9,99,9,99,2,9,6,6,1,37,7,-1,-1,-1,-1,10,E01024725,0,4
2024430192244,2024,430192244,1,9,0,2,2,0,0,0,0,8,0,0,0,0,1,1,1,1,1,27,6,-1,-1,-1,-1,-1,-1,0,-1
202460Q057831,2024,60Q057831,2,9,0,16,19,6,1,0,0,0,0,0,0,0,1,1,6,6,1,75,10,-1,-1,-1,-1,-1,-1,0,-1
2024131395253,2024,131395253,1,9,0,-1,4,3,7,-1,0,0,0,0,1,10,1,1,-1,1,1,39,7,-1,-1,-1,-1,7,E01011630,0,3
2024430482713,2024,430482713,1,1,0,18,19,2,6,0,0,8,0,0,0,0,4,1,1,1,1,37,7,-1,-1,-1,-1,4,E01016519,0,1
2024010512373,2024,010512373,2,1,0,18,19,7,3,0,0,8,0,0,0,0,1,1,2,2,2,34,6,-1,-1,-1,-1,5,E01003213,0,1
2024010517234,2024,010517234,1,9,9,99,99,9,9,0,0,9,0,99,0,0,9,9,6,6,3,-1,-1,-1,-1,-1,-1,-1,-1,0,-1
2024461528069,2024,461528069,1,9,0,-1,5,3,5,-1,0,2,0,0,0,0,0,9,-1,6,2,-1,-1,-1,-1,-1,-1,-1,-1,0,-1
2024421441384,2024,421441384,1,9,0,-1,19,3,7,-1,0,0,0,0,0,0,0,1,-1,6,3,80,11,-1,-1,-1,-1,-1,-1,0,-1
2024010488112,2024,010488112,1,5,0,15,15,1,5,0,0,0,0,0,0,0,1,1,6,6,1,39,7,-1,-1,-1,-1,8,E01002942,0,3
2024010503841,2024,010503841,1,1,9,99,99,9,9,99,99,0,9,99,9,99,9,1,6,6,1,53,8,-1,-1,-1,-1,-1,-1,0,-1
2024991448281,2024,991448281,1,9,0,-1,19,4,8,-1,0,1,0,0,0,0,1,1,-1,6,1,24,5,-1,-1,-1,-1,-1,-1,0,-1
2024552400258,2024,552400258,2,9,0,18,19,8,4,0,0,0,0,0,0,0,1,1,2,2,1,50,8,-1,-1,-1,-1,5,E01029121,0,4
202460Q116579,2024,60Q116579,3,9,0,2,2,0,0,0,0,2,0,0,0,0,2,1,6,6,1,63,9,-1,-1,-1,-1,-1,-1,0,-1
2024991456237,2024,991456237,1,9,0,-1,9,4,8,-1,0,8,0,0,0,0,4,1,-1,9,2,68,10,-1,-1,-1,-1,10,-1,0,3
2024010523820,2024,010523820,1,1,9,99,99,9,9,99,99,9,9,99,9,99,1,1,2,2,1,29,6,-1,-1,-1,-1,6,E01001091,0,1
2024052400234,2024,052400234,1,9,0,10,10,8,6,0,0,6,0,0,0,0,1,1,6,6,1,73,10,-1,-1,-1,-1,1,E01006705,0,1
2024421506520,2024,421506520,2,9,0,-1,-1,-1,-1,-1,-1,-1,-1,-1,-1,0,-1,9,-1,6,1,-1,-1,-1,-1,-1,-1,-1,-1,0,-1
2024231460847,2024,231460847,1,21,1,-1,11,2,6,-1,0,4,0,0,0,0,3,9,-1,6,3,-1,-1,-1,-1,-1,-1,-1,-1,0,-1
2024010547504,2024,010547504,1,9,0,99,99,9,9,99,99,9,9,99,9,99,2,9,6,6,3,-1,-1,-1,-1,-1,-1,-1,-1,0,-1
2024111492274,2024,111492274,2,1,0,-1,19,7,1,-1,0,1,0,0,0,0,1,1,-1,6,1,13,3,-1,-1,-1,-1,4,E01012319,0,1
2024010491885,2024,010491885,1,9,0,99,99,9,9,99,99,9,9,99,9,99,1,9,2,2,1,39,7,-1,-1,-1,-1,5,E01002488,0,1
2024010527922,2024,010527922,2,9,0,18,19,3,7,0,0,1,0,0,0,0,2,1,6,6,2,28,6,-1,-1,-1,-1,9,E01002333,0,2
2024552401443,2024,552401443,1,19,0,1,1,4,8,0,0,0,0,0,0,0,2,2,6,6,3,-1,-1,-1,-1,-1,-1,-1,-1,0,-1
2024622400449,2024,622400449,2,1,0,10,10,8,4,0,0,1,0,0,0,0,2,1,6,6,1,30,6,-1,-1,-1,-1,1,W01001835,0,1
2024440364045,2024,440364045,2,1,0,18,19,7,3,0,0,8,0,0,0,0,4,1,6,6,1,56,9,-1,-1,-1,-1,2,E01034060,0,1
2024471434441,2024,471434441,1,1,0,-1,14,3,7,-1,0,1,0,8,0,0,1,1,-1,2,2,60,9,-1,-1,-1,-1,9,E01031805,0,1
2024471421686,2024,471421686,2,1,0,-1,19,3,7,-1,2,8,0,0,0,0,1,1,-1,6,1,30,6,-1,-1,-1,-1,7,E01016970,0,1
2024211413359,2024,211413359,3,9,0,-1,3,6,2,-1,0,1,0,0,0,0,1,9,-1,9,2,44,7,-1,-1,-1,-1,-1,-1,0,-1
2024122500459,2024,122500459,2,1,0,9,9,5,1,0,0,8,0,0,0,0,2,1,6,6,1,32,6,-1,-1,-1,-1,8,E01013343,0,1
2024010532393,2024,010532393,1,1,0,5,5,7,3,0,0,1,0,0,0,0,3,1,2,2,2,35,6,-1,-1,-1,-1,10,E01016570,0,4
2024430025271,2024,430025271,1,20,0,18,19,8,4,0,0,0,0,0,0,0,1,1,1,1,1,24,5,-1,-1,-1,-1,3,E01008262,0,5
2024430629215,2024,430629215,1,9,0,18,19,5,1,0,0,4,0,0,0,0,1,1,6,6,3,-1,-1,-1,-1,-1,-1,-1,-1,0,-1
2024332400792,2024,332400792,2,1,0,-1,12,5,1,-1,0,0,0,0,0,0,1,1,-1,6,1,13,3,-1,-1,-1,-1,9,E01025668,0,1
2024311460425,2024,311460425,2,1,0,-1,19,1,5,-1,0,1,0,0,0,0,1,1,-1,6,3,31,6,-1,-1,-1,-1,1,E01028311,0,1
2024332400460,2024,332400460,2,9,0,-1,-1,4,8,-1,0,8,0,0,0,0,1,1,-1,6,1,18,4,-1,-1,-1,-1,9,E01025640,0,2
2024991461884,2024,991461884,2,9,0,-1,10,5,1,-1,0,1,0,0,0,0,2,1,-1,1,1,73,10,-1,-1,-1,-1,6,-1,0,1
2024131450812,2024,131450812,2,23,0,-1,19,7,3,-1,0,1,0,0,1,0,1,1,-1,9,1,20,4,-1,-1,-1,-1,1,E01010614,0,2
2024991426677,2024,991426677,2,9,0,-1,9,1,7,-1,0,6,0,0,0,0,1,1,-1,6,1,68,10,-1,-1,-1,-1,-1,-1,0,-1
2024320079640,2024,320079640,2,9,0,-1,-1,3,7,0,0,0,0,0,0,0,1,1,-1,-1,1,59,9,-1,-1,-1,-1,4,E01026259,0,3
2024411485387,2024,411485387,1,-1,0,-1,19,3,7,-1,0,0,0,0,0,0,4,1,-1,1,1,27,6,-1,-1,-1,-1,4,E01021863,1,2
2024131423023,2024,131423023,2,9,0,-1,9,1,3,-1,0,1,0,0,0,0,1,1,-1,9,2,64,9,-1,-1,-1,-1,5,E01011065,0,1
2024451396074,2024,451396074,1,9,0,-1,19,1,5,-1,0,0,0,0,0,0,4,9,-1,6,3,25,5,-1,-1,-1,-1,-1,-1,0,-1
2024010523696,2024,010523696,1,8,0,99,99,9,9,99,99,9,9,99,9,99,9,9,1,1,1,37,7,-1,-1,-1,-1,2,E01004272,0,1
2024331432997,2024,331432997,1,9,0,-1,-1,2,6,-1,-1,0,0,0,0,0,1,1,-1,-1,2,45,7,-1,-1,-1,-1,8,E01025775,0,2
2024201495807,2024,201495807,2,9,0,-1,19,2,6,-1,0,0,0,0,0,0,2,9,-1,6,3,16,4,-1,-1,-1,-1,-1,-1,0,-1
2024430150520,2024,430150520,1,9,0,4,4,5,1,0,0,2,0,0,0,0,2,1,6,6,1,21,5,-1,-1,-1,-1,6,E01016362,0,2
2024610012424,2024,610012424,2,9,0,3,3,1,5,0,0,2,0,0,0,0,2,1,6,6,2,41,7,-1,-1,-1,-1,9,W01001517,0,2
2024552401107,2024,552401107,1,9,0,18,19,2,6,0,0,8,0,0,0,0,0,1,6,6,3,-1,-1,-1,-1,-1,-1,-1,-1,0,-1
2024440021822,2024,440021822,2,9,0,4,4,5,1,0,0,8,0,0,0,0,2,1,2,2,1,19,4,-1,-1,-1,-1,9,E01032848,0,1
2024461490352,2024,461490352,2,1,0,-1,19,6,2,-1,0,8,0,0,0,0,1,1,-1,6,1,43,7,-1,-1,-1,-1,6,E01035009,0,1
2024471396950,2024,471396950,1,11,0,-1,12,4,1,-1,0,8,0,0,0,0,1,1,-1,1,1,60,9,-1,-1,-1,-1,5,E01031480,0,1
2024430605605,2024,430605605,1,1,0,18,19,5,1,0,0,0,0,0,0,0,1,1,6,6,2,62,9,-1,-1,-1,-1,-1,-1,0,-1
2024421449076,2024,421449076,2,1,0,-1,19,4,8,-1,0,0,0,0,0,0,1,1,-1,9,1,35,6,-1,-1,-1,-1,-1,-1,0,-1
2024302400410,2024,302400410,1,9,0,2,2,0,0,0,0,0,0,0,0,0,2,1,6,6,1,77,11,-1,-1,-1,-1,2,E01019523,0,1
2024010511946,2024,010511946,2,1,0,18,19,2,6,0,0,1,5,0,0,0,1,1,6,6,1,48,8,-1,-1,-1,-1,9,E01004100,0,2
2024010491994,2024,010491994,1,9,0,99,99,9,9,99,99,9,9,99,9,99,3,9,6,6,1,40,7,-1,-1,-1,-1,8,E01001523,0,2
2024131434868,2024,131434868,2,1,0,-1,19,1,5,-1,0,1,0,0,0,0,1,1,-1,2,1,30,6,-1,-1,-1,-1,7,E01011652,0,1
2024430442241,2024,430442241,1,9,0,12,12,4,8,0,0,0,0,0,0,0,3,1,6,6,1,81,11,-1,-1,-1,-1,-1,-1,0,-1
2024111430829,2024,111430829,2,23,0,-1,19,4,7,-1,0,2,0,0,0,0,1,1,-1,2,1,59,9,-1,-1,-1,-1,1,E01012354,0,1
2024010526881,2024,010526881,2,19,0,99,99,9,9,99,99,0,9,99,9,99,9,9,6,6,3,-1,-1,-1,-1,-1,-1,-1,-1,0,-1
2024421442754,2024,421442754,1,9,0,-1,13,3,7,-1,0,0,0,0,0,0,1,1,-1,6,2,50,8,-1,-1,-1,-1,10,E01021386,0,1
2024991511835,2024,991511835,1,5,0,-1,9,5,1,-1,0,1,5,0,0,0,1,1,-1,9,1,44,7,-1,-1,-1,-1,-1,-1,0,-1
2024302401427,2024,302401427,1,19,0,18,19,6,2,0,0,1,0,0,0,0,1,1,2,2,3,-1,-1,-1,-1,-1,-1,5,E01019456,0,4
2024371451585,2024,371451585,2,9,0,-1,19,1,5,-1,0,8,0,0,0,0,4,1,-1,9,1,25,5,-1,-1,-1,-1,6,E01030099,0,2
2024010528045,2024,010528045,3,9,0,18,19,7,3,0,0,8,0,0,0,0,1,1,6,6,3,-1,-1,-1,-1,-1,-1,-1,-1,0,-1
2024010509088,2024,010509088,2,97,0,99,99,9,9,99,99,0,9,99,9,99,9,1,6,6,3,-1,-1,-1,-1,-1,-1,-1,-1,0,-1
2024010553934,2024,010553934,1,1,9,99,99,9,9,99,99,9,9,99,9,99,2,1,6,6,1,27,6,-1,-1,-1,-1,4,E01004408,0,1
2024010543248,2024,010543248,2,1,0,18,19,7,3,0,0,1,2,0,0,0,2,1,2,2,1,36,7,-1,-1,-1,-1,9,E01004606,0,1
2024520500335,2024,520500335,1,9,0,18,19,1,5,0,0,5,0,0,0,0,1,1,6,6,3,-1,-1,-1,-1,-1,-1,-1,-1,0,-1
2024122401259,2024,122401259,1,9,0,18,19,5,1,0,0,0,0,0,0,0,4,1,6,6,2,80,11,-1,-1,-1,-1,3,E01027833,0,1
2024522402814,2024,522402814,1,1,0,18,19,1,5,0,0,8,0,0,0,0,4,1,6,6,2,31,6,-1,-1,-1,-1,7,E01014670,0,1
2024320098394,2024,320098394,2,9,0,9,9,8,6,0,0,5,0,0,0,0,1,1,-1,-1,2,35,6,-1,-1,-1,-1,6,E01026264,0,1
2024010495513,2024,010495513,1,9,0,3,3,5,1,0,0,1,0,0,0,0,1,1,6,6,2,34,6,-1,-1,-1,-1,-1,-1,0,-1
2024371473288,2024,371473288,1,9,0,-1,19,3,7,-1,9,0,0,0,0,0,1,1,-1,9,2,32,6,-1,-1,-1,-1,6,E01030135,0,2
2024041459654,2024,041459654,2,1,0,-1,19,3,7,-1,0,0,0,0,0,0,2,1,-1,6,1,29,6,-1,-1,-1,-1,9,E01024979,0,1
2024302400406,2024,302400406,2,9,0,18,19,6,2,0,0,0,0,0,0,0,0,1,6,6,3,-1,-1,-1,-1,-1,-1,5,E01019456,0,2
2024411482670,2024,411482670,1,3,0,-1,5,5,1,-1,0,0,1,0,1,11,1,1,-1,9,1,17,4,-1,-1,-1,-1,6,E01023795,0,3
2024201512385,2024,201512385,1,9,0,-1,19,4,8,-1,0,0,0,0,0,0,1,9,-1,6,3,30,6,-1,-1,-1,-1,-1,-1,0,-1
2024010537225,2024,010537225,1,1,9,99,99,9,9,99,99,9,9,99,9,99,9,1,2,2,1,25,5,-1,-1,-1,-1,2,E01002881,0,1
2024010488186,2024,010488186,2,9,0,3,3,1,5,0,0,0,0,0,0,0,2,1,6,6,2,65,9,-1,-1,-1,-1,-1,-1,0,-1
2024010520848,2024,010520848,2,1,9,99,99,9,9,99,99,1,9,99,9,99,1,1,1,1,1,39,7,-1,-1,-1,-1,4,E01000617,0,1
2024010523695,2024,010523695,1,-1,0,15,15,3,7,9,9,0,0,0,0,0,3,1,6,6,2,14,3,-1,-1,-1,-1,2,E01003194,1,1
2024201460813,2024,201460813,1,2,0,-1,19,7,3,-1,0,0,0,0,0,0,1,1,-1,6,3,-1,-1,-1,-1,-1,-1,-1,-1,0,-1
2024622400493,2024,622400493,1,1,0,18,19,6,2,0,0,0,0,0,0,0,3,1,6,6,1,13,3,-1,-1,-1,-1,2,W01000836,0,1
2024991484669,2024,991484669,1,9,0,-1,19,4,8,-1,0,0,0,0,1,4,1,1,-1,9,2,54,8,-1,-1,-1,-1,6,-1,0,4
2024311447846,2024,311447846,2,9,-1,-1,19,6,7,-1,0,0,0,0,0,0,0,9,-1,1,1,-1,-1,-1,-1,-1,-1,-1,-1,0,-1
202417M101724,2024,17M101724,2,19,0,18,19,8,4,0,0,8,0,0,0,0,1,1,6,6,1,18,4,-1,-1,-1,-1,2,E01012132,0,3
2024010517848,2024,010517848,1,1,9,99,99,9,9,99,99,9,9,99,9,99,9,1,6,6,2,28,6,-1,-1,-1,-1,3,E01001981,0,1
2024131405127,2024,131405127,2,1,0,-1,3,3,7,-1,0,6,0,0,0,0,1,1,-1,6,2,29,6,-1,-1,-1,-1,3,E01010670,0,3
2024520401430,2024,520401430,1,9,0,18,19,4,8,0,0,8,0,0,0,0,0,1,6,6,1,54,8,-1,-1,-1,-1,4,E01029111,0,1
2024101501338,2024,101501338,2,9,0,-1,19,7,3,-1,0,4,0,0,0,0,4,1,-1,9,1,36,7,-1,-1,-1,-1,-1,-1,0,-1
2024340WN4302,2024,340WN4302,2,1,0,-1,19,7,3,-1,0,0,0,0,0,0,1,1,-1,6,1,18,4,-1,-1,-1,-1,10,E01032982,0,1
2024122400632,2024,122400632,1,9,0,18,19,4,8,0,0,0,1,0,0,0,1,1,6,6,1,70,10,-1,-1,-1,-1,4,E01027625,0,4
2024010524367,2024,010524367,1,9,0,9,9,1,6,0,0,5,0,0,0,0,1,1,6,6,1,61,9,-1,-1,-1,-1,3,E01001412,0,2
2024010494922,2024,010494922,2,3,0,18,19,7,3,0,0,0,0,0,0,0,1,1,6,6,1,22,5,-1,-1,-1,-1,2,E01002090,0,1
2024010532109,2024,010532109,1,9,0,5,5,7,3,0,0,1,0,0,0,0,1,1,6,6,1,20,4,-1,-1,-1,-1,-1,-1,0,-1
2024631470170,2024,631470170,2,9,0,-1,13,4,8,-1,0,0,0,0,0,0,0,1,-1,6,1,37,7,-1,-1,-1,-1,7,W01001240,0,4
2024211451360,2024,211451360,2,5,0,-1,5,6,2,-1,0,0,0,0,0,0,1,1,-1,6,1,36,7,-1,-1,-1,-1,-1,-1,0,-1
2024010488441,2024,010488441,1,9,0,17,19,5,1,9,9,6,0,10,1,0,0,1,3,7,1,29,6,-1,-1,-1,-1,4,E01003597,0,1
2024549836024,2024,549836024,2,9,0,2,2,0,0,0,0,2,0,0,0,0,0,1,6,6,3,-1,-1,-1,-1,-1,-1,-1,-1,0,-1
2024010541701,2024,010541701,1,90,4,18,19,1,5,0,0,8,0,0,0,0,1,1,6,6,1,37,7,-1,-1,-1,-1,5,E01034037,0,1
2024010542202,2024,010542202,2,9,0,18,19,7,3,0,0,0,0,0,0,0,2,1,6,6,3,-1,-1,-1,-1,-1,-1,-1,-1,0,-1
2024610012424,2024,610012424,3,9,0,18,19,1,5,0,0,1,0,0,0,0,1,1,6,6,1,58,9,-1,-1,-1,-1,6,W01001562,0,3
2024141396823,2024,141396823,2,1,0,-1,19,6,2,-1,0,2,0,0,0,0,2,1,-1,9,2,67,10,-1,-1,-1,-1,6,E01007630,0,1
2024401415712,2024,401415712,1,9,0,-1,19,8,4,-1,0,1,0,0,0,0,1,9,-1,6,1,-1,-1,-1,-1,-1,-1,1,E01015789,0,1
2024052401597,2024,052401597,2,1,0,18,19,3,7,0,0,3,0,0,0,0,1,1,6,6,2,-1,-1,-1,-1,-1,-1,-1,-1,0,-1
2024052401268,2024,052401268,1,19,0,18,19,2,6,0,0,0,0,0,0,0,3,1,6,6,3,-1,-1,-1,-1,-1,-1,-1,-1,0,-1
2024010536118,2024,010536118,2,1,9,99,99,9,9,99,99,0,9,99,9,99,1,1,6,6,1,-1,-1,-1,-1,-1,-1,-1,-1,0,-1
2024481442479,2024,481442479,2,1,0,-1,19,1,5,-1,0,8,0,0,0,0,1,1,-1,2,1,25,5,-1,-1,-1,-1,-1,-1,0,-1
2024332400138,2024,332400138,1,9,0,-1,4,1,5,-1,0,0,0,0,0,0,1,1,-1,2,2,35,6,-1,-1,-1,-1,2,E01034008,0,4
2024010491403,2024,010491403,1,9,0,9,9,5,3,0,0,1,0,0,0,0,1,1,1,1,2,66,10,-1,-1,-1,-1,5,E01002186,0,1
2024010511614,2024,010511614,2,9,0,9,9,3,1,0,0,1,0,0,0,0,1,1,6,6,2,38,7,-1,-1,-1,-1,3,E01004403,0,1
2024052402457,2024,052402457,2,1,0,18,19,7,3,0,0,1,0,0,0,0,1,1,6,6,1,61,9,-1,-1,-1,-1,6,E01007251,0,1
2024010535146,2024,010535146,2,1,9,99,99,9,9,99,99,9,9,99,9,99,9,1,2,2,2,36,7,-1,-1,-1,-1,-1,-1,0,-1
2024010535897,2024,010535897,1,1,9,99,99,9,9,99,99,9,9,99,9,99,1,1,2,2,1,27,6,-1,-1,-1,-1,2,E01001876,0,1
2024010515194,2024,010515194,2,-1,0,18,19,7,3,2,2,8,0,0,0,0,0,1,6,6,3,-1,-1,-1,-1,-1,-1,-1,-1,1,-1
2024122500249,2024,122500249,2,1,0,18,19,3,7,9,9,1,0,0,0,0,1,1,2,2,2,42,7,-1,-1,-1,-1,6,E01027720,0,1
2024552401350,2024,552401350,2,9,0,5,5,5,1,0,0,8,0,0,7,1,4,1,6,6,1,65,9,-1,-1,-1,-1,9,E01015395,0,2
2024010497027,2024,010497027,2,9,0,99,99,9,9,99,99,6,9,99,9,99,9,9,6,6,1,50,8,-1,-1,-1,-1,6,E01004482,0,1
2024141407208,2024,141407208,1,9,0,-1,19,3,7,-1,0,3,5,10,1,2,1,9,-1,6,1,21,5,-1,-1,-1,-1,6,E01007836,0,2
2024520000313,2024,520000313,2,9,0,9,9,4,2,0,0,6,0,0,0,0,1,9,6,6,3,-1,-1,-1,-1,-1,-1,-1,-1,0,-1
2024010487746,2024,010487746,4,9,0,2,2,0,0,0,0,0,0,0,0,0,3,1,6,6,3,-1,-1,-1,-1,-1,-1,-1,-1,0,-1
2024010532988,2024,010532988,1,1,0,18,19,2,6,0,0,8,0,0,0,0,1,1,6,6,1,24,5,-1,-1,-1,-1,-1,-1,0,-1
2024332400748,2024,332400748,3,9,0,-1,19,6,2,-1,0,2,5,0,0,0,3,1,-1,6,2,52,8,-1,-1,-1,-1,-1,-1,0,-1
2024371521952,2024,371521952,2,1,0,-1,19,2,6,-1,0,2,0,0,0,0,2,1,-1,9,2,47,8,-1,-1,-1,-1,1,E01033131,0,1
2024010520152,2024,010520152,2,1,0,10,10,2,1,0,0,5,0,0,0,0,2,1,6,6,2,16,4,-1,-1,-1,-1,3,E01001784,0,1
2024440012812,2024,440012812,1,9,0,17,19,6,2,0,0,0,0,0,1,0,1,1,6,6,3,-1,-1,-1,-1,-1,-1,-1,-1,0,-1
2024471467528,2024,471467528,1,1,0,-1,19,7,3,-1,0,0,0,0,1,0,0,1,-1,9,1,63,9,-1,-1,-1,-1,9,E01031727,0,4
2024010496667,2024,010496667,3,9,0,18,19,1,5,0,0,0,0,0,0,0,0,1,6,6,3,34,6,-1,-1,-1,-1,-1,-1,0,-1
2024061459575,2024,061459575,2,9,4,-1,19,5,1,-1,0,0,0,0,0,0,2,1,-1,9,1,61,9,-1,-1,-1,-1,6,E01005057,0,1
2024991554342,2024,991554342,1,-1,0,-1,19,7,3,-1,9,6,1,0,7,0,1,1,-1,9,1,14,3,-1,-1,-1,-1,6,-1,1,1
2024010492691,2024,010492691,1,3,0,99,99,9,9,99,99,9,9,99,9,99,9,1,1,1,2,35,6,-1,-1,-1,-1,4,E01032566,0,2
2024010534999,2024,010534999,1,1,9,99,99,9,9,99,99,9,9,99,9,99,9,1,2,2,1,27,6,-1,-1,-1,-1,10,E01030326,0,1
2024421408874,2024,421408874,1,9,0,-1,19,7,3,-1,0,0,0,0,0,0,1,9,-1,6,3,-1,-1,-1,-1,-1,-1,-1,-1,0,-1
2024010496201,2024,010496201,1,9,0,99,99,9,9,99,99,9,9,99,9,99,9,9,6,6,1,34,6,-1,-1,-1,-1,4,E01003537,0,1
2024430098298,2024,430098298,2,9,0,11,11,4,8,0,0,0,0,0,0,0,4,1,6,6,1,20,4,-1,-1,-1,-1,-1,-1,0,-1
2024201465977,2024,201465977,1,9,0,-1,19,5,1,-1,0,2,0,0,0,0,1,9,-1,6,1,40,7,-1,-1,-1,-1,-1,-1,0,-1
2024311521828,2024,311521828,1,9,0,-1,19,5,1,-1,0,0,0,0,0,0,1,9,-1,6,2,-1,-1,-1,-1,-1,-1,-1,-1,0,-1
2024461406353,2024,461406353,1,9,0,-1,7,7,1,-1,0,6,0,0,0,0,1,9,-1,9,1,28,6,-1,-1,-1,-1,10,E01024402,0,1
2024141451695,2024,141451695,2,1,0,-1,11,8,3,-1,0,0,0,0,0,0,1,1,-1,2,1,22,5,-1,-1,-1,-1,2,E01007405,0,1
2024010540116,2024,010540116,1,9,0,18,19,3,7,0,0,1,0,0,0,0,2,1,6,6,3,-1,-1,-1,-1,-1,-1,-1,-1,0,-1
2024320716336,2024,320716336,1,9,0,-1,-1,5,3,0,0,6,0,0,0,0,1,1,6,6,2,-1,-1,-1,-1,-1,-1,-1,-1,0,-1
2024010500729,2024,010500729,1,9,0,99,99,9,9,99,99,9,9,99,9,99,2,9,1,1,3,46,8,-1,-1,-1,-1,7,E01023341,0,3
2024501532503,2024,501532503,2,1,0,-1,19,1,5,-1,0,1,5,0,0,0,3,1,-1,6,1,26,6,-1,-1,-1,-1,5,E01015076,0,1
2024010527631,2024,010527631,2,1,0,17,19,2,1,0,0,0,0,0,1,0,1,1,6,6,2,44,7,-1,-1,-1,-1,3,E01001493,0,1
2024061535836,2024,061535836,1,9,0,-1,9,5,3,-1,0,2,0,0,0,0,1,9,-1,6,3,-1,-1,-1,-1,-1,-1,-1,-1,0,-1
2024430051482,2024,430051482,1,19,0,18,19,6,2,0,0,0,0,0,0,0,0,1,6,6,3,-1,-1,-1,-1,-1,-1,5,E01016390,0,4
2024010501888,2024,010501888,1,9,0,99,99,9,9,99,99,9,9,99,9,99,1,9,6,6,3,-1,-1,-1,-1,-1,-1,-1,-1,0,-1