collision_index,collision_year,collision_ref_no,vehicle_reference,vehicle_type,towing_and_articulation,vehicle_manoeuvre_historic,vehicle_manoeuvre,vehicle_direction_from,vehicle_direction_to,vehicle_location_restricted_lane_historic,vehicle_location_restricted_lane,junction_location,skidding_and_overturning,hit_object_in_carriageway,vehicle_leaving_carriageway,hit_object_off_carriageway,first_point_of_impact,vehicle_left_hand_drive,journey_purpose_of_driver_historic,journey_purpose_of_driver,sex_of_driver,age_of_driver,age_band_of_driver,engine_capacity_cc,propulsion_code,age_of_vehicle,generic_make_model,driver_imd_decile,lsoa_of_driver,escooter_flag,driver_distance_banding
2024010540901,2024,010540901,2,1,0,18,19,7,3,0,0,1,0,0,1,0,1,1,2,2,1,31,6,-1,-1,-1,-1,7,E01001380,0,1
2024010491035,2024,010491035,1,3,0,99,99,9,9,99,99,9,9,99,9,99,1,1,6,6,1,38,7,-1,-1,-1,-1,5,E01000491,0,2
2024471425111,2024,471425111,2,1,0,-1,19,1,5,-1,0,1,0,0,0,0,2,1,-1,7,1,17,4,-1,-1,-1,-1,6,E01016994,0,1
2024061438466,2024,061438466,1,9,0,-1,19,3,7,-1,0,0,0,0,0,0,1,1,-1,1,1,26,6,-1,-1,-1,-1,7,E01006045,0,3
2024010490781,2024,010490781,2,2,0,18,19,1,5,0,0,8,5,0,0,0,1,1,6,6,1,16,4,-1,-1,-1,-1,2,E01004464,0,1
2024052402049,2024,052402049,2,1,0,18,19,3,7,0,0,3,0,0,0,0,1,1,6,6,1,59,9,-1,-1,-1,-1,6,E01007108,0,3
2024010494012,2024,010494012,1,9,0,3,3,5,1,0,0,1,0,0,0,0,1,1,6,6,1,64,9,-1,-1,-1,-1,5,E01003878,0,2
2024440091837,2024,440091837,2,1,0,18,19,3,7,0,0,8,0,0,0,0,1,1,6,6,1,21,5,-1,-1,-1,-1,1,E01022968,0,3
2024351407507,2024,351407507,1,9,0,-1,19,1,5,-1,0,0,2,0,7,9,1,1,-1,1,1,20,4,-1,-1,-1,-1,8,E01018026,0,1
2024010524876,2024,010524876,1,3,0,14,14,5,1,2,2,1,0,0,0,0,4,1,6,6,3,-1,-1,-1,-1,-1,-1,-1,-1,0,-1
2024501491689,2024,501491689,2,90,0,-1,5,1,5,-1,0,8,0,0,0,0,3,2,-1,9,1,18,4,-1,-1,-1,-1,4,E01034157,0,3
2024010497011,2024,010497011,1,9,0,18,19,8,4,0,0,2,0,0,0,0,1,1,2,2,2,38,7,-1,-1,-1,-1,7,E01000683,0,1
2024610033424,2024,610033424,2,1,0,18,19,3,7,0,0,8,0,0,0,0,4,1,6,6,1,57,9,-1,-1,-1,-1,9,W01001342,0,2
202460Q190649,2024,60Q190649,1,9,0,17,19,7,3,0,0,0,0,0,0,0,1,1,6,6,1,62,9,-1,-1,-1,-1,-1,-1,0,-1
2024332400674,2024,332400674,1,1,0,-1,10,2,8,-1,0,8,0,0,0,0,3,1,-1,9,1,17,4,-1,-1,-1,-1,4,E01025718,0,2
202460Q086759,2024,60Q086759,2,9,0,18,19,1,5,0,0,8,0,0,0,0,1,1,2,2,1,28,6,-1,-1,-1,-1,-1,-1,0,-1
2024361442528,2024,361442528,1,-1,0,-1,4,3,3,-1,0,1,5,0,0,0,0,2,-1,2,2,34,6,-1,-1,-1,-1,4,E01026804,1,1
2024332400562,2024,332400562,1,9,0,-1,9,6,4,-1,0,5,0,0,0,0,1,1,-1,6,3,-1,-1,-1,-1,-1,-1,-1,-1,0,-1
2024461410085,2024,461410085,2,1,0,-1,19,5,1,-1,4,0,1,0,0,0,2,1,-1,2,1,65,9,-1,-1,-1,-1,7,E01035277,0,1
2024010502012,2024,010502012,1,1,9,99,99,9,9,99,99,9,9,99,9,99,1,1,6,6,1,55,8,-1,-1,-1,-1,4,E01004234,0,1
2024411500402,2024,411500402,2,-1,0,-1,12,7,3,-1,0,1,0,0,0,0,1,1,-1,6,2,50,8,-1,-1,-1,-1,6,E01023554,1,1
2024041441775,2024,041441775,2,1,0,-1,19,3,7,-1,0,1,5,0,0,0,4,1,-1,9,1,48,8,-1,-1,-1,-1,9,E01025346,0,1
2024101417557,2024,101417557,2,9,0,-1,13,3,7,-1,0,2,0,0,0,0,1,9,-1,6,3,-1,-1,-1,-1,-1,-1,-1,-1,0,-1
202454B646924,2024,54B646924,1,9,0,5,5,6,8,8,6,6,0,0,0,0,0,1,6,6,2,18,4,-1,-1,-1,-1,9,E01032072,0,2
2024340WN0942,2024,340WN0942,1,9,0,-1,19,5,1,-1,0,0,0,0,0,0,1,1,-1,6,1,40,7,-1,-1,-1,-1,3,E01027224,0,1
2024430238970,2024,430238970,1,9,0,18,19,8,4,0,0,0,2,0,2,7,1,1,6,6,2,24,5,-1,-1,-1,-1,8,E01017931,0,3
2024201506260,2024,201506260,1,99,0,-1,6,7,5,-1,0,8,0,0,0,0,3,1,-1,6,3,40,7,-1,-1,-1,-1,-1,-1,0,-1
2024631456284,2024,631456284,2,-1,0,-1,19,8,4,-1,0,1,0,0,0,0,0,1,-1,6,1,69,10,-1,-1,-1,-1,1,W01000631,1,1
2024411495721,2024,411495721,1,9,0,-1,13,3,7,-1,0,1,0,0,0,0,4,1,-1,6,1,21,5,-1,-1,-1,-1,5,E01023324,0,1
2024010491467,2024,010491467,5,9,0,18,19,3,7,0,0,0,0,0,0,0,1,1,6,6,1,38,7,-1,-1,-1,-1,7,E01002173,0,1
2024010499077,2024,010499077,1,90,0,18,19,1,5,9,9,5,0,0,3,0,2,1,1,1,1,33,6,-1,-1,-1,-1,5,E01002443,0,1
2024041492245,2024,041492245,2,23,0,-1,19,1,5,-1,0,0,0,0,0,0,2,1,-1,6,1,22,5,-1,-1,-1,-1,1,E01006458,0,1
2024131439625,2024,131439625,1,9,0,-1,2,7,3,-1,0,8,0,0,0,0,2,1,-1,1,1,60,9,-1,-1,-1,-1,3,E01010846,0,1
2024421471428,2024,421471428,2,1,0,-1,19,3,7,-1,0,1,0,0,0,0,1,1,-1,9,1,64,9,-1,-1,-1,-1,7,E01021531,0,1
2024461395525,2024,461395525,1,9,0,-1,19,3,7,-1,0,1,0,0,3,4,1,1,-1,9,1,19,4,-1,-1,-1,-1,7,E01024245,0,1
2024991464906,2024,991464906,3,9,4,-1,19,6,2,-1,0,0,0,0,0,0,4,1,-1,1,1,66,10,-1,-1,-1,-1,8,-1,0,4
2024221500480,2024,221500480,2,1,0,-1,19,1,5,-1,0,8,0,0,0,0,4,1,-1,2,2,56,9,-1,-1,-1,-1,6,E01014084,0,1
2024031441532,2024,031441532,1,1,0,-1,19,5,8,-1,0,8,1,0,0,0,1,1,-1,9,1,54,8,-1,-1,-1,-1,-1,-1,0,-1
2024522500209,2024,522500209,2,9,0,9,9,6,4,0,0,6,0,0,0,0,1,1,6,6,3,-1,-1,-1,-1,-1,-1,-1,-1,0,-1
2024111471593,2024,111471593,1,98,0,-1,19,2,6,-1,0,0,0,0,0,0,0,9,-1,6,3,30,6,-1,-1,-1,-1,-1,-1,0,-1
2024010487226,2024,010487226,2,9,0,99,99,9,9,99,99,9,9,99,9,99,9,9,6,6,3,-1,-1,-1,-1,-1,-1,-1,-1,0,-1
2024041508393,2024,041508393,2,9,0,-1,4,3,7,-1,0,1,0,0,0,0,2,1,-1,1,1,35,6,-1,-1,-1,-1,1,E01025528,0,1
2024320034985,2024,320034985,2,9,0,-1,-1,8,4,0,0,6,1,0,7,7,2,1,-1,-1,1,20,4,-1,-1,-1,-1,7,E01026236,0,1
2024010520583,2024,010520583,2,9,0,99,99,9,9,99,99,9,9,99,9,99,9,9,6,6,2,-1,-1,-1,-1,-1,-1,-1,-1,0,-1
2024141416346,2024,141416346,2,1,0,-1,19,6,2,-1,0,1,5,0,0,0,1,1,-1,6,1,25,5,-1,-1,-1,-1,10,E01007862,0,1
2024010492378,2024,010492378,1,9,0,3,3,9,9,99,99,9,9,99,9,99,1,9,6,6,1,36,7,-1,-1,-1,-1,7,E01000309,0,1
2024010542819,2024,010542819,1,1,9,99,99,9,9,99,99,9,9,99,9,99,9,1,6,6,1,58,9,-1,-1,-1,-1,4,E01004686,0,1
2024010495878,2024,010495878,1,1,9,99,99,9,9,99,99,9,9,99,9,99,9,1,2,2,1,28,6,-1,-1,-1,-1,4,E01004336,0,2
2024070879942,2024,070879942,1,1,0,-1,9,6,4,-1,0,8,0,0,0,0,4,1,-1,6,1,44,7,-1,-1,-1,-1,9,E01018688,0,1
2024111457019,2024,111457019,1,9,0,-1,9,5,4,-1,0,8,0,0,0,0,1,1,-1,6,1,30,6,-1,-1,-1,-1,-1,-1,0,-1
2024131474328,2024,131474328,2,11,0,-1,-1,-1,-1,-1,-1,8,-1,-1,-1,0,-1,1,-1,6,3,-1,-1,-1,-1,-1,-1,-1,-1,0,-1
2024471431899,2024,471431899,1,9,0,-1,19,7,3,-1,0,8,1,0,0,0,3,1,-1,1,2,62,9,-1,-1,-1,-1,9,E01031683,0,2
2024010523251,2024,010523251,1,9,9,99,99,9,9,99,99,9,9,99,9,99,9,9,6,6,3,-1,-1,-1,-1,-1,-1,-1,-1,0,-1
202417S113924,2024,17S113924,1,1,0,-1,7,8,2,-1,0,8,0,0,0,0,1,1,-1,9,1,57,9,-1,-1,-1,-1,8,E01012188,0,1
2024991457386,2024,991457386,1,9,0,-1,5,7,1,-1,0,2,0,0,0,0,2,9,-1,6,3,-1,-1,-1,-1,-1,-1,-1,-1,0,-1
2024131428929,2024,131428929,1,9,0,-1,-1,-1,-1,-1,-1,0,-1,-1,-1,-1,-1,1,-1,6,3,-1,-1,-1,-1,-1,-1,-1,-1,0,-1
2024991536052,2024,991536052,1,9,0,-1,19,7,3,-1,0,0,0,0,0,0,1,1,-1,2,2,22,5,-1,-1,-1,-1,10,-1,0,3
2024041516981,2024,041516981,1,9,0,-1,19,7,3,-1,0,6,0,0,0,0,1,1,-1,6,3,-1,-1,-1,-1,-1,-1,-1,-1,0,-1
2024041447930,2024,041447930,1,9,0,-1,19,3,7,-1,0,4,0,0,3,0,1,1,-1,2,1,56,9,-1,-1,-1,-1,7,E01012722,0,3
2024010509618,2024,010509618,1,1,9,99,99,9,9,99,99,0,9,99,9,99,9,1,6,6,1,66,10,-1,-1,-1,-1,10,E01003457,0,2
2024052401787,2024,052401787,2,1,0,18,19,5,1,0,0,1,0,0,0,0,4,1,6,6,1,13,3,-1,-1,-1,-1,1,E01006445,0,1
2024610018624,2024,610018624,2,9,0,3,3,4,8,0,0,1,0,0,0,0,2,1,6,6,2,23,5,-1,-1,-1,-1,6,W01001599,0,1
2024010490744,2024,010490744,1,9,0,7,7,1,3,0,0,6,1,0,0,0,1,1,6,6,2,22,5,-1,-1,-1,-1,6,E01001293,0,1
2024101396633,2024,101396633,1,23,0,-1,19,1,5,-1,0,8,5,0,0,0,1,1,-1,6,3,-1,-1,-1,-1,-1,-1,-1,-1,0,-1
2024010492328,2024,010492328,2,19,0,2,2,0,0,0,0,0,1,0,0,0,2,1,6,6,3,-1,-1,-1,-1,-1,-1,-1,-1,0,-1
2024520500426,2024,520500426,1,9,0,10,10,3,2,0,0,1,0,0,0,0,2,1,6,6,2,45,7,-1,-1,-1,-1,6,E01020074,0,3
2024010545138,2024,010545138,2,9,0,99,99,9,9,99,99,9,9,99,9,99,9,9,6,6,3,-1,-1,-1,-1,-1,-1,-1,-1,0,-1
2024061520413,2024,061520413,1,9,0,-1,9,8,2,-1,0,6,0,0,0,0,1,1,-1,1,2,57,9,-1,-1,-1,-1,3,E01004916,0,1
2024031532161,2024,031532161,1,9,0,-1,19,2,6,-1,0,1,0,0,0,0,1,1,-1,1,1,66,10,-1,-1,-1,-1,1,E01019156,0,1
2024430201950,2024,430201950,2,1,0,18,19,5,1,0,0,8,0,0,0,0,1,1,6,6,1,22,5,-1,-1,-1,-1,10,E01028790,0,1
2024010506069,2024,010506069,2,9,0,99,99,9,9,99,99,9,9,99,9,99,9,9,6,6,2,52,8,-1,-1,-1,-1,4,E01034225,0,1
2024302401456,2024,302401456,1,5,0,13,13,4,8,0,0,8,0,0,0,0,1,1,6,6,1,58,9,-1,-1,-1,-1,8,E01019764,0,3
2024061458084,2024,061458084,2,-1,0,-1,19,2,2,-1,0,1,1,0,0,0,1,1,-1,9,1,10,2,-1,-1,-1,-1,1,E01005624,1,1
2024430093289,2024,430093289,1,9,0,18,19,2,6,0,0,8,0,0,0,0,4,1,6,6,2,42,7,-1,-1,-1,-1,4,E01017724,0,1
2024041477421,2024,041477421,2,9,0,-1,4,7,3,-1,0,0,0,0,0,0,2,1,-1,1,1,36,7,-1,-1,-1,-1,3,E01006805,0,4
2024461475048,2024,461475048,1,9,0,-1,19,5,4,-1,0,0,0,0,0,0,4,9,-1,6,1,58,9,-1,-1,-1,-1,9,E01021156,0,3
2024440503004,2024,440503004,2,1,0,18,19,3,7,0,0,1,0,0,0,0,4,1,6,6,1,61,9,-1,-1,-1,-1,8,E01022768,0,3
2024451399193,2024,451399193,2,9,0,-1,19,1,3,-1,0,0,0,0,0,0,1,9,-1,6,1,30,6,-1,-1,-1,-1,-1,-1,0,-1
2024311532948,2024,311532948,2,1,0,-1,-1,-1,-1,-1,-1,-1,-1,-1,-1,0,-1,1,-1,6,1,13,3,-1,-1,-1,-1,2,E01028101,0,1
2024421477655,2024,421477655,1,9,0,-1,19,5,1,-1,0,1,0,0,0,0,4,1,-1,6,2,30,6,-1,-1,-1,-1,-1,-1,0,-1
2024430337140,2024,430337140,2,1,0,18,19,2,6,0,0,0,0,0,0,0,3,1,6,6,1,65,9,-1,-1,-1,-1,-1,-1,0,-1
2024552400925,2024,552400925,1,9,0,1,1,8,4,0,0,0,0,0,0,0,2,1,6,6,3,-1,-1,-1,-1,-1,-1,-1,-1,0,-1
2024041405639,2024,041405639,1,9,0,-1,7,1,3,-1,0,6,0,0,0,0,4,9,-1,6,3,-1,-1,-1,-1,-1,-1,-1,-1,0,-1
2024421432781,2024,421432781,2,19,0,-1,19,3,7,-1,0,2,0,0,0,0,3,1,-1,9,1,49,8,-1,-1,-1,-1,3,E01022047,0,2
2024041443554,2024,041443554,2,1,0,-1,9,5,1,-1,0,1,5,10,1,0,3,1,-1,6,1,64,9,-1,-1,-1,-1,8,E01025358,0,1
2024010518380,2024,010518380,2,1,0,18,19,3,7,0,0,1,0,0,0,0,4,1,6,6,1,17,4,-1,-1,-1,-1,5,E01002369,0,1
2024610035724,2024,610035724,1,9,0,9,9,6,3,0,0,0,0,0,0,0,3,1,6,6,1,44,7,-1,-1,-1,-1,5,W01001475,0,1
2024010547835,2024,010547835,2,9,0,18,19,1,5,0,0,0,0,0,0,0,0,1,6,6,3,-1,-1,-1,-1,-1,-1,-1,-1,0,-1
2024991399749,2024,991399749,1,1,0,-1,19,7,3,-1,0,1,0,0,0,0,1,1,-1,6,1,44,7,-1,-1,-1,-1,-1,-1,0,-1
2024302401067,2024,302401067,1,2,0,18,19,4,8,0,0,8,0,0,0,0,1,1,6,6,3,-1,-1,-1,-1,-1,-1,5,E01019456,0,3
2024010488850,2024,010488850,1,9,0,99,99,9,9,99,99,0,9,99,9,99,2,9,6,6,1,75,10,-1,-1,-1,-1,2,E01002297,0,1
2024231407448,2024,231407448,2,1,0,-1,19,6,1,-1,0,1,1,0,0,0,1,1,-1,6,1,32,6,-1,-1,-1,-1,8,E01031323,0,1
2024501486468,2024,501486468,2,9,0,-1,4,3,7,-1,0,0,0,0,0,0,2,1,-1,9,1,71,10,-1,-1,-1,-1,9,W01001578,0,5
2024461517757,2024,461517757,1,23,0,-1,3,7,3,-1,0,0,0,0,0,0,0,1,-1,6,1,28,6,-1,-1,-1,-1,1,E01016063,0,3
2024371484627,2024,371484627,2,9,0,-1,19,7,3,-1,0,1,0,0,0,0,1,1,-1,6,1,31,6,-1,-1,-1,-1,4,E01029918,0,1
2024440440204,2024,440440204,2,-1,0,9,9,3,7,0,0,4,0,0,0,0,1,1,6,6,1,36,7,-1,-1,-1,-1,2,E01017109,1,1
2024010488036,2024,010488036,1,9,0,99,99,9,9,99,99,9,9,99,9,99,9,9,6,6,3,-1,-1,-1,-1,-1,-1,2,E01001439,0,2
2024991414353,2024,991414353,2,9,0,-1,9,7,5,-1,0,5,0,0,0,0,4,1,-1,6,1,30,6,-1,-1,-1,-1,9,-1,0,3
2024430468582,2024,430468582,2,9,0,4,4,4,8,0,0,0,0,0,0,0,2,1,6,6,1,-1,-1,-1,-1,-1,-1,10,E01028719,0,1
2024302400197,2024,302400197,1,9,0,9,9,4,2,0,0,2,0,0,0,0,1,1,6,6,2,74,10,-1,-1,-1,-1,5,E01019438,0,1
2024010489502,2024,010489502,1,9,0,99,99,9,9,99,99,9,9,99,9,99,1,9,6,6,1,41,7,-1,-1,-1,-1,3,E01001311,0,2
2024451451793,2024,451451793,1,9,0,-1,-1,-1,-1,-1,0,1,-1,-1,-1,0,-1,9,-1,6,3,43,7,-1,-1,-1,-1,8,E01030686,0,1
2024061417004,2024,061417004,1,9,0,-1,19,2,6,-1,0,1,0,0,0,0,3,1,-1,9,1,22,5,-1,-1,-1,-1,-1,-1,0,-1
2024010502989,2024,010502989,1,1,0,18,19,3,7,0,0,8,0,0,0,0,1,1,6,6,2,38,7,-1,-1,-1,-1,2,E01001957,0,1
2024610028524,2024,610028524,2,1,0,18,19,5,1,0,0,1,0,0,0,0,1,1,6,6,1,16,4,-1,-1,-1,-1,2,W01001456,0,1
2024010495942,2024,010495942,2,1,9,99,99,9,9,99,99,9,9,99,9,99,1,1,6,6,3,-1,-1,-1,-1,-1,-1,-1,-1,0,-1
2024122400890,2024,122400890,1,1,0,18,19,5,1,0,0,0,0,0,0,0,3,1,6,6,1,9,2,-1,-1,-1,-1,6,E01027774,0,1
2024201464710,2024,201464710,2,1,0,-1,19,4,8,-1,9,8,0,0,0,0,4,1,-1,2,1,19,4,-1,-1,-1,-1,1,E01009978,0,1
2024010511394,2024,010511394,1,1,9,99,99,9,9,99,99,9,9,99,9,99,1,1,6,6,1,35,6,-1,-1,-1,-1,5,E01001611,0,1
2024010519106,2024,010519106,1,1,9,99,99,9,9,99,99,0,9,99,9,99,1,1,6,6,2,41,7,-1,-1,-1,-1,6,E01033494,0,4
2024302401344,2024,302401344,3,9,0,17,19,3,1,0,0,1,0,0,0,0,3,1,6,6,1,51,8,-1,-1,-1,-1,8,E01029416,0,1
2024991507626,2024,991507626,1,-1,0,-1,19,1,5,-1,0,6,0,0,0,0,1,1,-1,9,1,33,6,-1,-1,-1,-1,6,-1,0,1
2024122400233,2024,122400233,2,9,0,18,19,7,3,0,0,8,0,0,0,0,1,1,2,2,1,50,8,-1,-1,-1,-1,8,E01027635,0,1
2024041483457,2024,041483457,1,1,0,-1,19,1,5,-1,0,4,0,0,0,0,3,1,-1,9,1,19,4,-1,-1,-1,-1,8,E01034351,0,1
2024991413646,2024,991413646,1,9,0,-1,19,5,1,-1,0,0,0,0,0,0,3,1,-1,6,1,65,9,-1,-1,-1,-1,2,-1,0,1
2024421481887,2024,421481887,1,9,0,-1,19,2,5,-1,0,0,0,0,1,0,1,1,-1,9,1,31,6,-1,-1,-1,-1,4,E01003114,0,4
2024010546103,2024,010546103,1,1,9,99,99,9,9,99,99,9,9,99,9,99,9,1,6,6,3,-1,-1,-1,-1,-1,-1,-1,-1,0,-1
2024010503838,2024,010503838,4,9,0,4,4,3,7,0,0,0,0,0,0,0,2,1,6,6,3,-1,-1,-1,-1,-1,-1,-1,-1,0,-1
2024430491812,2024,430491812,1,1,0,18,19,7,3,0,0,0,0,0,0,0,1,1,6,6,2,20,4,-1,-1,-1,-1,-1,-1,0,-1
202460Q125292,2024,60Q125292,2,1,0,18,19,1,5,0,0,1,0,0,0,0,4,1,6,6,1,21,5,-1,-1,-1,-1,-1,-1,0,-1
2024010488658,2024,010488658,1,9,0,18,19,5,1,0,0,1,0,0,0,0,1,1,6,6,1,86,11,-1,-1,-1,-1,5,E01002833,0,1
2024631458062,2024,631458062,1,5,0,-1,19,2,5,-1,0,0,0,0,0,0,1,1,-1,9,1,59,9,-1,-1,-1,-1,-1,-1,0,-1
2024471516596,2024,471516596,1,9,0,-1,9,2,7,-1,0,1,0,0,7,0,1,1,-1,9,1,69,10,-1,-1,-1,-1,6,E01016996,0,1
2024010523678,2024,010523678,1,19,0,99,99,9,9,99,99,9,9,99,9,99,9,9,6,6,3,-1,-1,-1,-1,-1,-1,-1,-1,0,-1
2024010497327,2024,010497327,2,9,9,99,99,9,9,99,99,6,9,99,9,99,9,9,6,6,3,-1,-1,-1,-1,-1,-1,-1,-1,0,-1
2024010550699,2024,010550699,1,1,9,99,99,9,9,99,99,9,9,99,9,99,9,1,6,6,2,30,6,-1,-1,-1,-1,8,E01003138,0,1
2024311396619,2024,311396619,2,1,0,-1,19,6,2,-1,0,0,0,0,0,0,2,1,-1,6,1,15,3,-1,-1,-1,-1,-1,-1,0,-1
2024010490636,2024,010490636,1,9,0,99,99,9,9,99,99,9,9,99,9,99,1,1,6,6,3,-1,-1,-1,-1,-1,-1,-1,-1,0,-1
2024501499825,2024,501499825,1,9,0,-1,19,7,3,-1,0,1,0,0,0,0,1,1,-1,6,1,23,5,-1,-1,-1,-1,1,E01015080,0,1
2024101451630,2024,101451630,2,9,0,-1,19,5,1,-1,0,8,0,0,0,0,2,1,-1,6,1,46,8,-1,-1,-1,-1,3,-1,0,5
2024201464242,2024,201464242,1,97,0,-1,19,3,7,-1,0,0,0,0,0,0,1,1,-1,6,3,-1,-1,-1,-1,-1,-1,-1,-1,0,-1
2024010490857,2024,010490857,1,3,0,99,99,9,9,99,99,9,9,99,9,99,9,1,2,2,1,31,6,-1,-1,-1,-1,3,E01034591,0,1
2024070366684,2024,070366684,2,9,0,18,19,3,7,0,0,0,0,0,0,0,1,1,6,6,1,56,9,-1,-1,-1,-1,10,E01018413,0,1
2024221522112,2024,221522112,1,9,0,-1,13,4,1,-1,0,1,0,0,0,0,1,9,-1,6,1,62,9,-1,-1,-1,-1,5,E01034325,0,1
2024430393598,2024,430393598,2,9,0,15,15,2,6,0,0,8,0,0,0,0,0,1,6,6,2,-1,-1,-1,-1,-1,-1,-1,-1,0,-1
2024311492923,2024,311492923,1,9,0,-1,19,7,3,-1,0,0,0,0,0,0,1,1,-1,6,2,65,9,-1,-1,-1,-1,4,E01027975,0,1
2024531491789,2024,531491789,3,9,0,-1,19,6,2,-1,0,0,0,0,0,0,0,9,-1,6,-1,-1,-1,-1,-1,-1,-1,-1,-1,0,-1
2024320424809,2024,320424809,1,9,0,13,13,1,5,0,0,0,0,0,0,0,0,1,6,6,3,-1,-1,-1,-1,-1,-1,-1,-1,0,-1
2024351546035,2024,351546035,2,1,0,-1,19,5,1,-1,0,1,0,0,0,0,0,1,-1,6,2,70,10,-1,-1,-1,-1,10,E01018260,0,1
2024430276768,2024,430276768,2,1,0,18,19,2,6,0,0,8,0,0,0,0,3,1,6,6,1,49,8,-1,-1,-1,-1,3,E01016511,0,3
2024501479786,2024,501479786,2,1,0,-1,19,1,5,-1,0,1,5,0,0,0,3,1,-1,6,1,67,10,-1,-1,-1,-1,3,E01019028,0,1
2024361526863,2024,361526863,1,3,0,-1,19,5,3,-1,0,1,0,0,1,9,1,1,-1,6,1,22,5,-1,-1,-1,-1,6,E01026872,0,1
2024430172374,2024,430172374,2,9,0,18,19,4,8,0,0,0,0,0,0,0,1,1,6,6,1,30,6,-1,-1,-1,-1,-1,-1,0,-1
2024141473016,2024,141473016,2,9,0,-1,19,2,6,-1,0,0,0,0,0,0,3,9,-1,6,3,-1,-1,-1,-1,-1,-1,-1,-1,0,-1
2024052402432,2024,052402432,1,9,0,18,19,7,3,0,0,0,0,0,0,0,1,1,2,2,2,65,9,-1,-1,-1,-1,5,E01006465,0,2
2024332400028,2024,332400028,2,1,0,-1,19,3,7,-1,0,0,0,0,0,0,1,1,-1,7,1,16,4,-1,-1,-1,-1,6,E01025652,0,1
2024351405215,2024,351405215,2,1,0,-1,9,5,3,-1,0,0,0,0,0,0,4,1,-1,1,1,35,6,-1,-1,-1,-1,9,E01026304,0,3
2024131450472,2024,131450472,1,-1,0,-1,9,3,8,-1,0,1,0,0,0,0,1,1,-1,9,1,12,3,-1,-1,-1,-1,2,E01011681,1,1
2024010542267,2024,010542267,1,1,9,99,99,9,9,99,99,9,9,99,9,99,1,1,2,2,1,20,4,-1,-1,-1,-1,3,E01035666,0,2
2024440442493,2024,440442493,1,9,0,18,19,7,3,0,0,0,0,4,0,0,4,1,6,6,3,-1,-1,-1,-1,-1,-1,-1,-1,0,-1
2024361516926,2024,361516926,2,1,0,-1,19,1,5,-1,0,8,0,0,0,0,1,1,-1,1,1,16,4,-1,-1,-1,-1,1,E01026868,0,1
2024231459340,2024,231459340,3,9,0,-1,2,0,0,-1,0,0,0,0,0,0,3,9,-1,6,1,21,5,-1,-1,-1,-1,9,E01003861,0,5
2024010522773,2024,010522773,2,9,0,99,99,9,9,99,99,9,9,99,9,99,1,9,6,6,3,-1,-1,-1,-1,-1,-1,-1,-1,0,-1
2024320239423,2024,320239423,1,1,0,-1,-1,2,6,9,9,0,5,0,0,0,3,1,6,6,3,-1,-1,-1,-1,-1,-1,-1,-1,0,-1
2024010492435,2024,010492435,2,9,0,99,99,9,9,99,99,9,9,99,9,99,9,9,6,6,3,-1,-1,-1,-1,-1,-1,-1,-1,0,-1
2024522402500,2024,522402500,1,19,0,18,19,1,5,0,0,8,0,0,0,0,4,1,6,6,1,73,10,-1,-1,-1,-1,10,E01014393,0,4
2024010537462,2024,010537462,1,-1,0,18,19,7,3,0,0,2,0,0,0,0,1,1,6,6,1,-1,-1,-1,-1,-1,-1,-1,-1,1,-1
2024440490011,2024,440490011,1,19,0,18,19,4,8,0,0,0,0,0,0,0,2,1,6,6,3,-1,-1,-1,-1,-1,-1,-1,-1,0,-1
2024451529916,2024,451529916,1,9,0,-1,19,3,1,-1,0,0,0,0,0,0,1,9,-1,6,3,-1,-1,-1,-1,-1,-1,-1,-1,0,-1
2024041425129,2024,041425129,2,1,0,-1,5,6,2,-1,0,0,0,0,0,0,1,1,-1,6,1,4,1,-1,-1,-1,-1,2,E01025264,0,1
2024010516374,2024,010516374,1,-1,9,18,19,1,5,99,99,9,9,99,9,99,9,1,6,6,1,-1,-1,-1,-1,-1,-1,3,E01033705,1,1
2024501401985,2024,501401985,2,9,0,-1,10,1,7,-1,0,8,0,0,0,0,2,9,-1,9,1,67,10,-1,-1,-1,-1,2,E01015182,0,4
2024320455280,2024,320455280,1,9,0,-1,-1,4,8,0,0,0,0,0,0,0,1,1,-1,-1,1,40,7,-1,-1,-1,-1,4,E01026034,0,2
2024430603133,2024,430603133,1,9,0,18,19,6,2,0,0,1,0,0,0,0,1,1,6,6,3,-1,-1,-1,-1,-1,-1,-1,-1,0,-1
2024201497088,2024,201497088,1,9,0,-1,19,6,2,-1,0,0,0,0,0,0,2,1,-1,6,3,25,5,-1,-1,-1,-1,-1,-1,0,-1
2024401528724,2024,401528724,1,9,0,-1,-1,-1,-1,-1,-1,0,-1,-1,-1,0,-1,9,-1,6,3,-1,-1,-1,-1,-1,-1,-1,-1,0,-1
2024430599612,2024,430599612,3,19,0,2,2,0,0,0,0,0,0,0,0,0,0,1,6,6,3,-1,-1,-1,-1,-1,-1,-1,-1,0,-1
2024101451705,2024,101451705,1,9,0,-1,19,1,5,-1,0,8,0,0,0,0,1,9,-1,9,2,60,9,-1,-1,-1,-1,1,E01008821,0,1
2024430467884,2024,430467884,1,9,0,3,3,9,9,0,0,8,0,0,0,0,2,1,6,6,2,27,6,-1,-1,-1,-1,7,E01017826,0,1
2024101413802,2024,101413802,1,1,0,-1,5,5,1,-1,0,0,0,0,0,0,3,1,-1,6,1,14,3,-1,-1,-1,-1,-1,-1,0,-1
2024010548742,2024,010548742,2,9,0,5,5,3,7,0,0,2,0,0,0,0,1,1,6,6,3,-1,-1,-1,-1,-1,-1,-1,-1,0,-1
2024052402478,2024,052402478,2,1,0,18,19,7,3,0,0,0,0,0,0,0,3,1,6,6,1,13,3,-1,-1,-1,-1,4,E01006454,0,1
2024061480210,2024,061480210,1,1,0,-1,19,-1,-1,-1,99,1,0,0,0,0,1,1,-1,2,1,58,9,-1,-1,-1,-1,2,E01006284,0,1
2024201509588,2024,201509588,3,9,0,-1,19,2,6,-1,0,1,0,0,0,0,2,1,-1,6,-1,-1,-1,-1,-1,-1,-1,-1,-1,0,-1
2024010502756,2024,010502756,2,23,9,99,99,9,9,99,99,2,9,99,9,99,9,1,6,6,2,-1,-1,-1,-1,-1,-1,4,E01004711,0,1