collision_index,collision_year,collision_ref_no,vehicle_reference,vehicle_type,towing_and_articulation,vehicle_manoeuvre_historic,vehicle_manoeuvre,vehicle_direction_from,vehicle_direction_to,vehicle_location_restricted_lane_historic,vehicle_location_restricted_lane,junction_location,skidding_and_overturning,hit_object_in_carriageway,vehicle_leaving_carriageway,hit_object_off_carriageway,first_point_of_impact,vehicle_left_hand_drive,journey_purpose_of_driver_historic,journey_purpose_of_driver,sex_of_driver,age_of_driver,age_band_of_driver,engine_capacity_cc,propulsion_code,age_of_vehicle,generic_make_model,driver_imd_decile,lsoa_of_driver,escooter_flag,driver_distance_banding
2024010550070,2024,010550070,2,1,0,18,19,7,3,0,0,4,0,0,0,0,4,1,6,6,2,68,10,-1,-1,-1,-1,3,E01001956,0,1
2024010520215,2024,010520215,3,9,0,18,19,1,5,0,0,1,0,0,0,0,3,1,1,1,1,54,8,-1,-1,-1,-1,6,E01002630,0,3
2024010519030,2024,010519030,2,1,0,18,19,5,1,0,0,0,0,4,0,0,1,1,6,6,1,19,4,-1,-1,-1,-1,1,E01002880,0,1
2024070975884,2024,070975884,2,1,0,-1,3,5,1,-1,0,1,0,0,0,0,2,1,-1,6,1,10,2,-1,-1,-1,-1,10,E01018321,0,1
2024010488698,2024,010488698,2,1,0,18,19,7,3,0,0,2,0,8,0,0,1,1,2,2,1,-1,-1,-1,-1,-1,-1,4,E01035716,0,1
2024471437219,2024,471437219,1,9,0,-1,12,8,4,-1,0,1,1,4,0,0,1,1,-1,2,1,30,6,-1,-1,-1,-1,6,E01031567,0,1
2024010489763,2024,010489763,2,9,9,99,99,9,9,99,99,9,9,99,9,99,9,9,6,6,1,60,9,-1,-1,-1,-1,1,E01001730,0,2
2024421413616,2024,421413616,1,9,0,-1,19,1,4,-1,0,1,0,0,0,0,1,9,-1,9,2,26,6,-1,-1,-1,-1,3,E01034088,0,1
2024010516151,2024,010516151,1,1,9,99,99,9,9,99,99,1,9,99,9,99,9,1,2,2,1,32,6,-1,-1,-1,-1,7,E01001583,0,1
2024131504435,2024,131504435,3,9,0,-1,9,7,3,-1,0,5,0,0,0,0,2,1,-1,1,1,59,9,-1,-1,-1,-1,10,E01010771,0,2
2024010512116,2024,010512116,2,1,0,14,14,5,1,0,0,0,5,8,0,0,1,1,6,6,2,76,11,-1,-1,-1,-1,10,E01004276,0,1
2024471495665,2024,471495665,3,1,0,-1,19,1,5,-1,0,8,0,0,0,0,0,1,-1,6,1,-1,-1,-1,-1,-1,-1,-1,-1,0,-1
2024010519820,2024,010519820,3,1,9,99,99,9,9,99,99,9,9,99,9,99,1,1,6,6,3,-1,-1,-1,-1,-1,-1,4,E01004427,0,1
2024010539475,2024,010539475,2,1,0,18,19,5,1,0,0,1,0,0,0,0,1,1,6,6,1,46,8,-1,-1,-1,-1,7,E01001304,0,1
2024440489770,2024,440489770,2,1,0,18,19,3,7,0,0,1,0,0,0,0,1,1,6,6,1,60,9,-1,-1,-1,-1,10,E01022863,0,1
2024401443244,2024,401443244,1,4,0,-1,4,1,6,-1,0,3,0,0,0,0,2,1,-1,6,1,-1,-1,-1,-1,-1,-1,-1,-1,0,-1
202417M106824,2024,17M106824,1,1,0,-1,9,7,6,-1,0,8,0,0,0,0,3,1,-1,9,1,22,5,-1,-1,-1,-1,3,E01012239,0,1
2024340NN0552,2024,340NN0552,1,9,0,-1,19,2,6,-1,0,1,0,0,0,0,1,1,-1,6,1,-1,-1,-1,-1,-1,-1,-1,-1,0,-1
2024122401052,2024,122401052,1,9,0,16,19,5,1,0,0,1,0,0,7,9,1,1,6,6,1,50,8,-1,-1,-1,-1,5,E01034968,0,3
2024430001241,2024,430001241,1,9,0,14,14,7,3,0,0,0,0,0,0,0,1,1,1,1,1,75,10,-1,-1,-1,-1,10,E01016315,0,1
2024061486598,2024,061486598,1,1,0,-1,4,6,2,-1,9,0,0,0,0,0,3,1,-1,6,1,56,9,-1,-1,-1,-1,1,E01034133,0,1
2024991415891,2024,991415891,2,1,0,-1,19,7,3,-1,0,1,2,0,0,0,1,1,-1,6,2,31,6,-1,-1,-1,-1,5,-1,0,4
2024311534101,2024,311534101,2,1,0,-1,4,4,8,-1,0,8,0,0,0,0,2,1,-1,6,3,46,8,-1,-1,-1,-1,3,E01028310,0,1
2024061448166,2024,061448166,2,1,0,-1,19,-1,-1,-1,0,1,0,4,0,0,1,1,-1,6,1,-1,-1,-1,-1,-1,-1,1,E01005762,0,1
2024440375194,2024,440375194,3,9,0,18,19,2,6,0,0,0,0,0,0,0,1,1,3,7,1,48,8,-1,-1,-1,-1,2,E01015861,0,5
2024430027147,2024,430027147,1,9,0,18,19,6,2,0,0,1,0,0,0,0,2,1,6,6,2,40,7,-1,-1,-1,-1,7,E01016574,0,2
202460Q065028,2024,60Q065028,1,21,1,18,19,3,7,0,0,0,0,0,0,0,4,1,1,1,3,-1,-1,-1,-1,-1,-1,-1,-1,0,-1
2024421422462,2024,421422462,2,1,0,-1,19,7,3,-1,0,8,0,0,0,0,1,1,-1,6,1,26,6,-1,-1,-1,-1,3,E01015900,0,1
2024471528770,2024,471528770,2,1,0,-1,5,7,3,-1,0,1,0,0,7,0,3,1,-1,1,1,35,6,-1,-1,-1,-1,2,E01016945,0,1
2024991470300,2024,991470300,1,9,0,-1,19,8,4,-1,0,0,0,0,0,0,0,1,-1,6,3,17,4,-1,-1,-1,-1,-1,-1,0,-1
2024141536520,2024,141536520,1,9,0,-1,7,5,7,-1,0,1,0,0,0,0,1,9,-1,6,1,41,7,-1,-1,-1,-1,6,E01007795,0,1
2024010548559,2024,010548559,1,1,9,99,99,9,9,99,99,9,9,99,9,99,1,1,2,2,1,43,7,-1,-1,-1,-1,4,E01000164,0,2
2024430030164,2024,430030164,2,9,0,18,19,4,8,0,0,0,0,0,0,0,1,1,6,6,1,74,10,-1,-1,-1,-1,-1,-1,0,-1
2024421485217,2024,421485217,2,1,0,-1,9,5,3,-1,1,8,0,0,0,0,1,1,-1,9,2,26,6,-1,-1,-1,-1,2,E01021703,0,1
2024010533839,2024,010533839,1,9,0,99,99,9,9,99,99,9,9,99,9,99,2,9,6,6,3,34,6,-1,-1,-1,-1,-1,-1,0,-1
2024010516048,2024,010516048,2,1,0,18,19,7,3,0,0,1,0,0,0,0,1,1,1,1,1,18,4,-1,-1,-1,-1,6,E01002662,0,1
2024201436689,2024,201436689,1,9,0,-1,9,2,6,-1,0,6,0,0,0,0,1,9,-1,6,2,18,4,-1,-1,-1,-1,-1,-1,0,-1
2024461404073,2024,461404073,2,9,0,-1,10,5,1,-1,0,1,0,0,0,0,2,9,-1,6,2,37,7,-1,-1,-1,-1,9,E01024331,0,1
2024522401573,2024,522401573,2,8,0,9,9,5,2,0,0,6,0,0,0,0,1,1,1,1,3,-1,-1,-1,-1,-1,-1,-1,-1,0,-1
2024320557420,2024,320557420,2,1,0,-1,-1,8,4,0,0,0,5,0,1,0,3,1,1,1,1,23,5,-1,-1,-1,-1,6,E01026047,0,1
2024010509610,2024,010509610,2,1,0,18,19,5,1,0,0,1,0,0,0,0,4,1,6,6,1,34,6,-1,-1,-1,-1,7,E01034361,0,3
2024440106382,2024,440106382,2,9,0,18,19,1,5,0,0,2,0,0,7,10,1,1,6,6,1,25,5,-1,-1,-1,-1,7,E01032748,0,2
2024221519314,2024,221519314,2,1,0,-1,19,3,7,-1,0,8,0,0,0,0,1,1,-1,2,1,44,7,-1,-1,-1,-1,9,E01035059,0,1
2024010512305,2024,010512305,1,1,0,18,19,5,1,0,0,1,0,0,0,0,2,1,6,6,1,20,4,-1,-1,-1,-1,2,E01001746,0,1
2024131509137,2024,131509137,3,1,0,-1,19,1,5,-1,0,0,0,0,0,0,0,1,-1,6,1,70,10,-1,-1,-1,-1,9,E01011086,0,2
2024010500715,2024,010500715,1,9,0,99,99,9,9,99,99,9,9,99,9,99,2,9,6,6,2,21,5,-1,-1,-1,-1,2,E01001554,0,1
2024010531179,2024,010531179,2,1,0,18,19,1,5,0,0,8,0,0,0,0,4,1,6,6,2,29,6,-1,-1,-1,-1,2,E01003207,0,1
2024552401164,2024,552401164,1,1,0,18,19,1,5,0,0,0,0,4,0,0,1,1,6,6,1,48,8,-1,-1,-1,-1,8,E01015447,0,2
2024440478652,2024,440478652,2,1,0,18,19,5,1,0,0,8,0,0,0,0,1,1,6,6,2,43,7,-1,-1,-1,-1,1,E01017154,0,1
2024010548038,2024,010548038,1,1,9,99,99,9,9,99,99,9,9,99,9,99,9,1,2,2,2,44,7,-1,-1,-1,-1,5,E01000583,0,1
2024070063283,2024,070063283,1,9,0,18,19,5,1,0,0,0,0,0,0,0,4,1,6,6,3,-1,-1,-1,-1,-1,-1,-1,-1,0,-1
2024052401984,2024,052401984,1,1,0,18,19,5,1,0,0,1,0,0,0,0,1,1,6,6,2,6,2,-1,-1,-1,-1,1,E01007089,0,1
2024010492283,2024,010492283,1,9,0,18,19,5,1,0,0,3,0,0,0,0,1,1,6,6,2,46,8,-1,-1,-1,-1,4,E01002279,0,1
2024522401535,2024,522401535,2,1,0,18,19,7,3,0,0,8,0,0,0,0,1,1,6,6,1,13,3,-1,-1,-1,-1,1,E01014585,0,1
2024010550200,2024,010550200,2,90,0,99,99,9,9,99,99,9,9,99,9,99,1,9,6,6,3,-1,-1,-1,-1,-1,-1,9,E01031685,0,4
2024052402756,2024,052402756,2,1,0,18,19,3,7,0,0,1,0,0,0,0,1,1,6,6,1,15,3,-1,-1,-1,-1,1,E01006461,0,1
2024010490823,2024,010490823,2,9,9,99,99,9,9,99,99,9,0,0,9,0,9,9,6,6,3,-1,-1,-1,-1,-1,-1,-1,-1,0,-1
2024440289551,2024,440289551,1,9,0,16,19,5,1,0,0,0,0,4,0,0,1,1,6,6,2,19,4,-1,-1,-1,-1,4,E01023106,0,1
2024010521359,2024,010521359,2,1,9,99,99,9,9,99,99,9,9,99,9,99,9,1,6,6,3,-1,-1,-1,-1,-1,-1,-1,-1,0,-1
2024010488941,2024,010488941,1,8,0,18,19,2,6,0,0,2,0,0,0,0,4,1,2,2,1,61,9,-1,-1,-1,-1,4,E01004355,0,2
2024010528036,2024,010528036,1,1,9,99,99,9,9,99,99,9,9,99,9,99,1,1,2,2,1,32,6,-1,-1,-1,-1,6,E01001573,0,1
2024010495021,2024,010495021,1,9,0,99,99,9,9,99,99,9,9,99,9,99,3,9,6,6,1,59,9,-1,-1,-1,-1,5,E01000620,0,1
2024070654495,2024,070654495,1,1,0,4,4,3,7,0,0,1,1,0,0,0,1,1,6,6,1,16,4,-1,-1,-1,-1,4,E01018452,0,1
2024461480438,2024,461480438,1,9,0,-1,19,1,5,-1,0,0,0,0,0,0,1,1,-1,6,1,30,6,-1,-1,-1,-1,5,E01024345,0,1
2024430041585,2024,430041585,1,9,0,18,19,8,4,0,0,0,0,0,0,0,1,1,6,6,3,-1,-1,-1,-1,-1,-1,-1,-1,0,-1
2024010493386,2024,010493386,2,19,0,5,5,2,6,0,0,1,0,0,0,0,1,1,6,6,1,27,6,-1,-1,-1,-1,2,E01016520,0,4
2024010542520,2024,010542520,1,9,9,99,99,9,9,99,99,9,9,99,9,99,9,9,6,6,3,-1,-1,-1,-1,-1,-1,-1,-1,0,-1
2024531466231,2024,531466231,2,1,0,-1,19,5,1,-1,0,2,0,11,1,0,3,1,-1,9,1,40,7,-1,-1,-1,-1,9,E01031935,0,3
2024471503245,2024,471503245,1,9,0,-1,19,3,1,-1,0,1,0,0,0,0,1,1,-1,9,1,69,10,-1,-1,-1,-1,10,E01016930,0,3
2024010543941,2024,010543941,1,1,9,99,99,9,9,99,99,0,9,99,9,99,9,1,2,2,1,50,8,-1,-1,-1,-1,5,E01002167,0,3
2024141483804,2024,141483804,2,9,0,-1,3,7,3,-1,0,0,0,0,0,0,1,9,-1,6,3,-1,-1,-1,-1,-1,-1,-1,-1,0,-1
2024141535631,2024,141535631,2,9,0,-1,5,4,8,-1,0,6,0,0,0,0,4,1,-1,2,2,53,8,-1,-1,-1,-1,6,E01008134,0,1
2024522403448,2024,522403448,2,9,0,18,19,5,1,0,0,8,0,4,0,0,1,1,6,6,1,27,6,-1,-1,-1,-1,3,E01014941,0,1
2024122500193,2024,122500193,4,4,0,4,4,5,1,0,0,0,0,0,0,0,0,1,6,6,1,63,9,-1,-1,-1,-1,2,E01013349,0,2
2024010503894,2024,010503894,2,9,0,5,5,1,5,0,0,8,0,0,0,0,1,1,6,6,3,-1,-1,-1,-1,-1,-1,-1,-1,0,-1
2024010488120,2024,010488120,1,3,0,99,99,9,9,99,99,9,9,99,9,99,1,1,6,6,1,48,8,-1,-1,-1,-1,3,E01004023,0,3
2024430030866,2024,430030866,2,9,0,16,19,1,3,0,0,8,0,0,0,0,1,9,6,6,1,-1,-1,-1,-1,-1,-1,-1,-1,0,-1
2024311493424,2024,311493424,1,9,0,-1,5,3,7,-1,1,2,0,0,0,0,4,1,-1,1,1,32,6,-1,-1,-1,-1,-1,-1,0,-1
2024010526098,2024,010526098,1,1,0,15,15,5,1,0,0,1,0,10,1,0,4,1,6,6,1,25,5,-1,-1,-1,-1,2,E01002669,0,1
2024201461468,2024,201461468,2,9,0,-1,19,6,2,-1,0,1,5,0,0,0,2,1,-1,6,-1,-1,-1,-1,-1,-1,-1,-1,-1,0,-1
2024131471028,2024,131471028,1,9,0,-1,19,7,3,-1,0,8,0,0,0,0,4,1,-1,2,2,43,7,-1,-1,-1,-1,4,E01011231,0,3
2024010548686,2024,010548686,2,1,0,18,19,3,7,0,0,2,0,0,0,0,1,1,2,2,1,60,9,-1,-1,-1,-1,8,E01003426,0,1
202417S412924,2024,17S412924,2,1,0,-1,19,8,4,-1,0,8,0,0,0,0,1,1,-1,9,1,58,9,-1,-1,-1,-1,-1,-1,0,-1
2024131413039,2024,131413039,2,1,0,-1,19,1,3,-1,0,8,0,0,0,0,1,1,-1,6,1,56,9,-1,-1,-1,-1,1,E01010742,0,1
2024122400613,2024,122400613,2,9,0,18,19,8,4,0,0,0,0,0,1,0,3,1,6,6,1,72,10,-1,-1,-1,-1,7,E01027571,0,2
2024010540766,2024,010540766,2,97,0,99,99,9,9,99,99,9,9,99,9,99,1,9,6,6,3,-1,-1,-1,-1,-1,-1,-1,-1,0,-1
2024010495687,2024,010495687,2,9,0,18,19,3,7,0,0,0,0,0,0,0,2,1,1,1,1,37,7,-1,-1,-1,-1,3,E01004567,0,1
2024501488081,2024,501488081,2,9,0,-1,19,8,4,-1,0,0,0,0,0,0,1,1,-1,9,2,50,8,-1,-1,-1,-1,8,E01018510,0,5
2024991415736,2024,991415736,1,9,0,-1,19,3,7,-1,0,1,0,0,0,0,1,1,-1,7,2,44,7,-1,-1,-1,-1,9,-1,0,1
2024522401447,2024,522401447,2,9,0,18,19,3,7,0,0,4,0,0,0,0,3,1,6,6,3,-1,-1,-1,-1,-1,-1,-1,-1,0,-1
2024520403046,2024,520403046,3,19,0,18,19,4,8,0,0,8,0,0,0,0,1,1,6,6,1,56,9,-1,-1,-1,-1,9,W01001968,0,4
2024991484600,2024,991484600,2,1,0,-1,19,4,8,-1,0,1,0,0,0,0,1,1,-1,2,1,49,8,-1,-1,-1,-1,8,-1,0,2
2024010493246,2024,010493246,2,9,0,99,99,9,9,99,99,5,9,99,9,99,1,9,6,6,3,-1,-1,-1,-1,-1,-1,-1,-1,0,-1
2024471431867,2024,471431867,1,5,0,-1,4,1,1,-1,0,0,1,0,0,0,1,1,-1,6,1,58,9,-1,-1,-1,-1,7,E01017086,0,4
2024010519452,2024,010519452,1,9,0,18,19,7,3,0,0,2,0,0,0,0,4,1,6,6,3,24,5,-1,-1,-1,-1,-1,-1,0,-1
2024010539505,2024,010539505,2,1,0,16,19,1,3,0,0,2,0,0,0,0,1,1,1,1,1,24,5,-1,-1,-1,-1,4,E01000473,0,1
2024430540489,2024,430540489,2,1,0,18,19,2,6,0,0,0,0,0,0,0,3,1,6,6,1,36,7,-1,-1,-1,-1,8,E01016780,0,1
2024201439434,2024,201439434,2,-1,0,-1,19,4,7,-1,0,0,0,0,0,0,4,1,-1,2,1,26,6,-1,-1,-1,-1,4,E01010015,1,1
2024440397401,2024,440397401,2,1,0,18,19,5,1,0,0,8,0,0,0,0,3,1,6,6,1,46,8,-1,-1,-1,-1,9,E01014465,0,5
2024131489706,2024,131489706,1,9,0,-1,9,3,5,-1,0,5,0,0,0,0,4,1,-1,6,1,38,7,-1,-1,-1,-1,10,E01028089,0,4
2024320269503,2024,320269503,2,1,0,-1,-1,2,6,0,0,0,0,4,0,0,1,1,6,6,1,15,3,-1,-1,-1,-1,9,E01026304,0,1
2024991396354,2024,991396354,2,9,0,-1,9,3,7,-1,0,2,0,0,0,0,1,1,-1,6,3,40,7,-1,-1,-1,-1,-1,-1,0,-1
2024471449637,2024,471449637,1,9,0,-1,19,1,5,-1,0,1,0,0,0,0,3,2,-1,6,1,44,7,-1,-1,-1,-1,6,E01031817,0,1
2024010491787,2024,010491787,2,9,0,9,9,3,8,0,0,1,0,0,0,0,4,1,1,1,1,24,5,-1,-1,-1,-1,-1,-1,0,-1
2024520401333,2024,520401333,1,19,0,4,4,2,5,0,0,1,0,0,0,0,1,1,6,6,1,45,7,-1,-1,-1,-1,10,E01029115,0,2
2024451437854,2024,451437854,1,1,0,-1,19,1,5,-1,0,0,0,0,0,0,1,1,-1,6,1,31,6,-1,-1,-1,-1,3,E01031482,0,4
2024010533485,2024,010533485,1,1,0,18,19,5,1,0,0,0,0,12,0,0,1,1,6,6,1,28,6,-1,-1,-1,-1,4,E01003020,0,3
2024451458719,2024,451458719,2,1,0,-1,19,1,5,-1,0,1,5,0,0,0,1,1,-1,9,1,40,7,-1,-1,-1,-1,6,E01030424,0,3
2024351441152,2024,351441152,2,9,0,-1,19,5,1,-1,0,0,0,0,1,0,4,1,-1,6,1,48,8,-1,-1,-1,-1,5,E01018157,0,1
2024010498280,2024,010498280,2,1,0,18,19,1,5,0,0,2,0,0,0,0,1,1,6,6,1,11,3,-1,-1,-1,-1,9,E01000712,0,1
2024991432007,2024,991432007,1,97,0,-1,19,7,3,-1,0,0,0,0,0,0,1,1,-1,6,1,18,4,-1,-1,-1,-1,1,-1,0,1
2024161479224,2024,161479224,1,1,0,-1,19,3,7,-1,4,0,0,0,0,0,0,1,-1,6,1,27,6,-1,-1,-1,-1,4,E01012776,0,1
2024231522702,2024,231522702,1,1,0,-1,19,4,8,-1,0,8,0,0,0,0,4,1,-1,6,1,42,7,-1,-1,-1,-1,2,E01031142,0,2
2024520000784,2024,520000784,2,9,0,4,4,5,1,0,0,1,0,0,0,0,2,1,6,6,1,26,6,-1,-1,-1,-1,5,E01029053,0,3
2024440117349,2024,440117349,1,9,4,18,19,4,8,0,0,1,0,0,0,0,1,1,6,6,1,52,8,-1,-1,-1,-1,6,E01022597,0,2
2024430191223,2024,430191223,1,1,0,18,19,6,2,0,0,8,0,0,0,0,3,1,6,6,1,39,7,-1,-1,-1,-1,10,E01016668,0,1
2024451436392,2024,451436392,1,1,0,-1,19,2,4,-1,0,8,0,0,0,0,3,1,-1,2,1,29,6,-1,-1,-1,-1,8,E01030965,0,1
202417M112424,2024,17M112424,2,1,0,-1,19,1,5,-1,0,8,0,0,0,0,1,1,-1,9,1,62,9,-1,-1,-1,-1,-1,-1,0,-1
2024141480154,2024,141480154,2,9,0,-1,9,3,1,-1,0,2,0,0,0,0,3,1,-1,9,1,76,11,-1,-1,-1,-1,4,E01007786,0,1
2024201407587,2024,201407587,1,9,0,-1,19,6,2,-1,0,1,0,0,0,0,2,9,-1,6,3,18,4,-1,-1,-1,-1,-1,-1,0,-1
2024302500041,2024,302500041,1,9,0,-1,19,1,4,-1,0,2,0,0,0,0,3,1,-1,6,3,-1,-1,-1,-1,-1,-1,5,E01019456,0,4
2024010529758,2024,010529758,2,1,0,7,7,3,6,0,0,1,0,0,0,0,1,1,6,6,1,16,4,-1,-1,-1,-1,9,E01001299,0,1
2024622400235,2024,622400235,1,21,0,7,7,1,4,0,0,5,0,0,0,0,4,1,1,1,1,50,8,-1,-1,-1,-1,5,W01001096,0,2
2024010498003,2024,010498003,1,1,0,5,5,6,2,0,0,8,0,0,0,0,4,1,2,2,1,63,9,-1,-1,-1,-1,6,E01000462,0,1
2024010489222,2024,010489222,1,1,9,99,99,9,9,99,99,9,9,99,9,99,1,1,6,6,1,44,7,-1,-1,-1,-1,2,E01004001,0,1
2024131504558,2024,131504558,1,11,0,-1,-1,-1,-1,-1,-1,-1,-1,-1,-1,-1,-1,1,-1,6,3,-1,-1,-1,-1,-1,-1,-1,-1,0,-1
2024031413714,2024,031413714,2,19,0,-1,19,3,7,-1,0,0,0,0,0,0,1,9,-1,2,1,67,10,-1,-1,-1,-1,4,E01020832,0,4
2024010537207,2024,010537207,1,8,9,99,99,9,9,99,99,9,9,99,9,99,9,9,6,6,3,-1,-1,-1,-1,-1,-1,-1,-1,0,-1
2024411515831,2024,411515831,2,9,0,-1,3,1,5,-1,0,0,0,0,0,0,2,1,-1,2,1,58,9,-1,-1,-1,-1,5,E01023905,0,1
2024451450208,2024,451450208,2,9,0,-1,4,7,3,-1,0,1,0,0,0,0,2,1,-1,2,1,45,7,-1,-1,-1,-1,10,E01022868,0,2
2024010490629,2024,010490629,2,-1,0,18,19,5,1,0,0,1,0,0,0,0,1,1,6,6,2,24,5,-1,-1,-1,-1,4,E01003532,1,1
2024010505573,2024,010505573,2,1,0,5,5,7,3,0,0,1,0,0,0,0,0,1,2,2,2,22,5,-1,-1,-1,-1,3,E01001672,0,1
2024131394927,2024,131394927,2,9,0,-1,19,8,4,-1,0,1,0,0,0,0,1,1,-1,6,1,28,6,-1,-1,-1,-1,1,E01007369,0,3
2024161450304,2024,161450304,2,1,0,-1,9,7,3,-1,0,1,2,0,0,0,1,1,-1,6,2,16,4,-1,-1,-1,-1,-1,-1,0,-1
2024010528350,2024,010528350,2,1,0,18,19,1,5,0,0,0,0,0,0,0,3,1,6,6,1,58,9,-1,-1,-1,-1,1,E01001790,0,1
2024430418343,2024,430418343,3,9,0,7,7,3,7,0,0,6,0,0,0,0,3,1,6,6,1,55,8,-1,-1,-1,-1,6,E01019130,0,5
2024052401438,2024,052401438,2,1,0,18,19,1,5,0,0,1,0,0,0,0,4,1,2,2,2,40,7,-1,-1,-1,-1,2,E01006786,0,1
2024010526353,2024,010526353,1,1,9,99,99,9,9,99,99,9,9,99,9,99,2,1,1,1,2,39,7,-1,-1,-1,-1,5,E01032769,0,3
202417M118824,2024,17M118824,2,9,0,-1,19,5,1,-1,0,1,0,0,0,0,1,1,-1,6,2,-1,-1,-1,-1,-1,-1,-1,-1,0,-1
2024010489711,2024,010489711,2,19,0,99,99,9,9,99,99,9,9,99,9,99,2,9,6,6,3,-1,-1,-1,-1,-1,-1,-1,-1,0,-1
2024010491751,2024,010491751,2,9,0,17,19,5,1,0,0,0,0,0,0,0,2,1,6,6,2,49,8,-1,-1,-1,-1,4,E01004440,0,1
2024302400820,2024,302400820,2,1,0,5,5,7,5,0,0,8,0,0,0,0,2,1,6,6,1,64,9,-1,-1,-1,-1,8,E01019845,0,2
2024010487771,2024,010487771,1,9,0,18,19,7,3,0,0,1,0,0,0,0,1,1,1,1,1,50,8,-1,-1,-1,-1,7,E01034594,0,3
2024010531717,2024,010531717,2,9,0,99,99,9,9,99,99,9,9,99,9,99,9,9,6,6,3,-1,-1,-1,-1,-1,-1,-1,-1,0,-1
2024101416071,2024,101416071,1,9,0,-1,9,8,6,-1,0,8,0,0,0,0,1,9,-1,6,1,35,6,-1,-1,-1,-1,-1,-1,0,-1
2024161429917,2024,161429917,2,1,0,-1,5,1,7,-1,0,0,0,0,0,0,2,1,-1,2,1,47,8,-1,-1,-1,-1,7,E01013041,0,1
2024430158982,2024,430158982,3,98,0,16,19,4,7,0,0,0,0,0,0,0,0,1,6,6,3,-1,-1,-1,-1,-1,-1,-1,-1,0,-1
2024010497535,2024,010497535,1,1,0,99,99,9,9,0,0,1,0,99,9,99,9,1,2,2,2,30,6,-1,-1,-1,-1,3,E01003973,0,2
2024010521002,2024,010521002,1,1,9,99,99,9,9,99,99,9,9,99,9,99,9,1,2,2,1,30,6,-1,-1,-1,-1,4,E01004540,0,1
2024430469128,2024,430469128,2,19,0,2,2,0,0,0,0,2,0,0,0,0,3,1,6,6,1,61,9,-1,-1,-1,-1,-1,-1,0,-1
2024201473586,2024,201473586,2,1,0,-1,19,1,6,-1,0,2,0,0,0,0,1,1,-1,6,1,12,3,-1,-1,-1,-1,-1,-1,0,-1
2024010507453,2024,010507453,9,16,9,99,99,9,9,99,99,9,9,99,9,99,9,1,1,1,2,19,4,-1,-1,-1,-1,6,E01035718,0,1
2024161426573,2024,161426573,2,9,0,-1,19,8,4,-1,0,8,0,0,0,0,1,1,-1,6,1,28,6,-1,-1,-1,-1,1,E01011430,0,4
2024231416151,2024,231416151,1,9,0,-1,9,4,2,-1,0,5,0,0,0,0,1,9,-1,6,3,45,7,-1,-1,-1,-1,-1,-1,0,-1
2024010512609,2024,010512609,1,1,9,99,99,9,9,99,99,9,9,99,9,99,9,1,2,2,2,30,6,-1,-1,-1,-1,1,E01001714,0,2
2024161505288,2024,161505288,2,1,0,-1,7,3,5,-1,0,8,5,0,0,0,1,1,-1,6,1,45,7,-1,-1,-1,-1,1,E01013278,0,1
2024131500661,2024,131500661,1,1,0,-1,4,1,7,-1,0,0,0,0,0,0,3,1,-1,6,3,-1,-1,-1,-1,-1,-1,-1,-1,0,-1
2024552401191,2024,552401191,1,9,0,18,19,7,3,0,0,8,0,0,0,0,3,1,3,7,2,37,7,-1,-1,-1,-1,7,E01015413,0,1
2024371406844,2024,371406844,2,1,0,-1,19,5,1,-1,5,8,0,0,0,0,4,1,-1,6,1,53,8,-1,-1,-1,-1,1,E01030258,0,1
2024991400039,2024,991400039,1,9,0,-1,19,8,5,-1,0,0,1,0,1,0,1,1,-1,9,1,19,4,-1,-1,-1,-1,7,-1,0,3
2024131533672,2024,131533672,1,9,0,-1,19,5,1,-1,0,8,0,0,0,0,3,1,-1,6,1,56,9,-1,-1,-1,-1,9,E01011381,0,2
2024520402571,2024,520402571,1,1,0,7,7,1,4,0,0,2,0,0,0,0,2,1,6,6,1,60,9,-1,-1,-1,-1,5,E01029058,0,1
2024501458476,2024,501458476,1,1,0,-1,19,7,3,-1,0,1,0,0,0,0,0,1,-1,7,1,56,9,-1,-1,-1,-1,3,E01020079,0,2
2024031491512,2024,031491512,1,9,0,-1,13,7,3,-1,-1,0,-1,-1,-1,0,-1,9,-1,6,3,-1,-1,-1,-1,-1,-1,-1,-1,0,-1
2024010490272,2024,010490272,2,9,0,18,19,1,5,0,0,0,0,0,0,0,1,1,6,6,1,37,7,-1,-1,-1,-1,4,E01002079,0,1
2024111491568,2024,111491568,1,9,0,-1,19,8,4,-1,0,0,1,0,7,11,1,1,-1,6,1,48,8,-1,-1,-1,-1,7,E01011959,0,4
2024201529102,2024,201529102,1,9,0,-1,19,7,3,-1,0,8,0,4,0,0,1,9,-1,6,3,-1,-1,-1,-1,-1,-1,-1,-1,0,-1
2024340NN4622,2024,340NN4622,1,9,0,-1,-1,-1,-1,-1,0,8,0,0,0,0,1,1,-1,6,3,-1,-1,-1,-1,-1,-1,-1,-1,0,-1
2024010488163,2024,010488163,2,9,0,99,99,9,9,99,99,9,9,99,9,99,9,9,6,6,3,-1,-1,-1,-1,-1,-1,-1,-1,0,-1
2024010536711,2024,010536711,2,1,0,18,19,1,5,0,0,0,0,0,0,0,2,1,6,6,1,19,4,-1,-1,-1,-1,9,E01004659,0,1
2024010490574,2024,010490574,1,3,0,99,99,9,9,99,99,9,9,99,9,99,1,1,6,6,1,29,6,-1,-1,-1,-1,2,E01033327,0,2
2024010489171,2024,010489171,2,9,0,18,19,5,1,0,0,4,0,0,0,0,1,1,6,6,1,32,6,-1,-1,-1,-1,4,E01001391,0,3
2024010507454,2024,010507454,2,1,0,16,19,7,3,0,0,1,0,0,1,0,1,1,1,1,1,40,7,-1,-1,-1,-1,4,E01004458,0,2
2024311476876,2024,311476876,2,1,0,-1,19,3,7,-1,0,2,0,0,0,0,1,1,-1,9,1,15,3,-1,-1,-1,-1,3,E01013930,0,1