collision_index,collision_year,collision_ref_no,vehicle_reference,vehicle_type,towing_and_articulation,vehicle_manoeuvre_historic,vehicle_manoeuvre,vehicle_direction_from,vehicle_direction_to,vehicle_location_restricted_lane_historic,vehicle_location_restricted_lane,junction_location,skidding_and_overturning,hit_object_in_carriageway,vehicle_leaving_carriageway,hit_object_off_carriageway,first_point_of_impact,vehicle_left_hand_drive,journey_purpose_of_driver_historic,journey_purpose_of_driver,sex_of_driver,age_of_driver,age_band_of_driver,engine_capacity_cc,propulsion_code,age_of_vehicle,generic_make_model,driver_imd_decile,lsoa_of_driver,escooter_flag,driver_distance_banding
2024041464190,2024,041464190,2,1,0,-1,19,1,5,-1,0,0,0,0,0,0,4,1,-1,6,1,14,3,-1,-1,-1,-1,6,E01025457,0,1
2024991499294,2024,991499294,2,19,0,-1,2,3,7,-1,0,2,0,0,0,0,1,9,-1,6,3,-1,-1,-1,-1,-1,-1,-1,-1,0,-1
2024010495938,2024,010495938,3,19,0,99,99,9,9,0,0,0,9,99,9,99,2,9,6,6,3,-1,-1,-1,-1,-1,-1,-1,-1,0,-1
202460Q137770,2024,60Q137770,1,97,0,18,19,4,8,0,0,1,0,0,0,0,1,1,6,6,1,-1,-1,-1,-1,-1,-1,-1,-1,0,-1
2024010520361,2024,010520361,2,1,0,9,9,7,5,0,0,5,0,0,0,0,2,1,6,6,1,21,5,-1,-1,-1,-1,8,E01004291,0,1
2024131453396,2024,131453396,2,9,0,-1,12,-1,-1,-1,0,0,-1,-1,-1,-1,1,1,-1,6,3,-1,-1,-1,-1,-1,-1,-1,-1,0,-1
2024010548525,2024,010548525,2,1,9,99,99,9,9,99,99,9,9,99,9,99,9,1,6,6,3,-1,-1,-1,-1,-1,-1,-1,-1,0,-1
2024010489382,2024,010489382,3,9,0,2,2,0,0,0,0,0,0,0,0,0,1,1,6,6,3,-1,-1,-1,-1,-1,-1,-1,-1,0,-1
2024010503709,2024,010503709,2,1,0,18,19,5,1,0,0,1,0,0,0,0,3,1,6,6,1,23,5,-1,-1,-1,-1,3,E01003121,0,1
2024141513195,2024,141513195,3,1,0,-1,5,6,2,-1,0,0,0,0,0,0,4,1,-1,6,1,71,10,-1,-1,-1,-1,-1,-1,0,-1
2024161438692,2024,161438692,1,1,0,-1,3,1,5,-1,0,0,0,0,0,0,2,1,-1,6,1,28,6,-1,-1,-1,-1,-1,-1,0,-1
2024320379652,2024,320379652,3,99,0,-1,-1,4,8,0,0,0,0,0,0,0,0,1,6,6,3,-1,-1,-1,-1,-1,-1,-1,-1,0,-1
2024061512779,2024,061512779,1,9,0,-1,19,4,8,-1,0,0,0,0,0,0,1,2,-1,9,1,58,9,-1,-1,-1,-1,3,E01005012,0,1
2024421417140,2024,421417140,1,19,0,-1,19,7,3,-1,0,0,0,0,0,0,4,9,-1,6,3,-1,-1,-1,-1,-1,-1,-1,-1,0,-1
2024041512843,2024,041512843,2,1,0,-1,19,3,7,-1,0,3,0,0,0,0,4,1,-1,9,2,15,3,-1,-1,-1,-1,2,E01012734,0,1
2024610050124,2024,610050124,1,9,0,4,4,7,3,0,0,0,0,0,0,0,2,1,6,6,3,-1,-1,-1,-1,-1,-1,-1,-1,0,-1
2024991425578,2024,991425578,2,9,0,-1,9,7,2,-1,0,1,0,0,0,0,1,1,-1,2,2,23,5,-1,-1,-1,-1,5,-1,0,4
2024010532403,2024,010532403,2,98,9,99,99,9,9,99,99,9,0,99,9,99,9,9,6,6,3,-1,-1,-1,-1,-1,-1,-1,-1,0,-1
2024010509900,2024,010509900,2,9,0,15,15,7,3,0,0,1,1,0,0,0,1,1,6,6,1,60,9,-1,-1,-1,-1,4,E01034033,0,1
2024010530973,2024,010530973,2,9,0,18,19,1,5,0,0,0,0,0,0,0,1,1,2,2,1,36,7,-1,-1,-1,-1,-1,-1,0,-1
2024430037275,2024,430037275,1,1,0,18,19,7,3,0,0,8,0,0,0,0,2,1,6,6,1,45,7,-1,-1,-1,-1,5,E01016357,0,1
2024122400107,2024,122400107,2,9,0,17,19,3,7,0,0,0,0,0,1,9,4,1,6,6,1,21,5,-1,-1,-1,-1,9,E01027574,0,3
2024010492779,2024,010492779,1,1,9,99,99,9,9,99,99,9,9,99,9,99,1,1,2,2,1,40,7,-1,-1,-1,-1,4,E01002405,0,1
2024031468478,2024,031468478,2,9,0,-1,19,3,1,-1,0,0,0,0,0,0,1,1,-1,2,1,18,4,-1,-1,-1,-1,9,E01025148,0,4
2024501435744,2024,501435744,2,9,4,-1,10,8,6,-1,0,1,0,0,1,10,3,1,-1,6,2,52,8,-1,-1,-1,-1,5,E01020049,0,4
2024430057672,2024,430057672,1,9,0,18,19,6,2,0,0,2,0,0,0,0,1,1,6,6,3,-1,-1,-1,-1,-1,-1,-1,-1,0,-1
2024430341946,2024,430341946,1,1,0,18,19,3,7,0,0,1,0,0,0,0,3,1,4,7,1,16,4,-1,-1,-1,-1,7,E01033967,0,1
2024520401315,2024,520401315,1,9,0,9,9,1,7,0,0,8,0,0,0,0,1,1,6,6,2,36,7,-1,-1,-1,-1,4,E01029334,0,1
2024411489537,2024,411489537,2,5,0,-1,9,3,1,-1,0,3,0,0,0,0,4,1,-1,2,1,44,7,-1,-1,-1,-1,9,E01023438,0,1
2024501397148,2024,501397148,1,9,0,-1,19,3,8,-1,0,0,2,0,0,0,3,9,-1,2,1,74,10,-1,-1,-1,-1,5,E01020308,0,1
2024231407168,2024,231407168,2,1,0,-1,19,6,2,-1,0,8,0,0,1,0,1,1,-1,6,1,45,7,-1,-1,-1,-1,5,E01031309,0,1
2024161444601,2024,161444601,1,1,0,-1,19,7,3,-1,0,0,0,0,0,0,1,1,-1,6,1,52,8,-1,-1,-1,-1,1,E01012783,0,1
2024010516190,2024,010516190,2,9,0,99,99,9,9,99,99,9,9,99,9,99,1,9,6,6,3,-1,-1,-1,-1,-1,-1,-1,-1,0,-1
2024010510992,2024,010510992,1,11,9,16,19,5,1,99,99,4,9,99,9,99,4,1,6,6,3,-1,-1,-1,-1,-1,-1,-1,-1,0,-1
2024991512436,2024,991512436,2,9,0,-1,10,4,2,-1,0,0,0,0,0,0,3,1,-1,6,1,28,6,-1,-1,-1,-1,-1,-1,0,-1
2024471445597,2024,471445597,1,9,0,-1,4,7,3,-1,0,1,0,0,0,0,2,1,-1,6,1,79,11,-1,-1,-1,-1,7,E01021106,0,1
2024501414358,2024,501414358,1,9,0,-1,19,7,3,-1,0,8,0,0,0,0,1,9,-1,9,1,19,4,-1,-1,-1,-1,9,E01019937,0,1
2024161513205,2024,161513205,1,9,0,-1,19,7,3,-1,0,8,5,0,0,0,4,1,-1,6,1,30,6,-1,-1,-1,-1,1,E01013142,0,1
2024010546430,2024,010546430,2,1,0,18,19,5,1,5,5,1,0,0,0,0,4,1,6,6,1,17,4,-1,-1,-1,-1,2,E01001940,0,1
2024010500782,2024,010500782,1,1,0,7,7,8,3,0,0,2,0,0,0,0,1,1,2,2,1,37,7,-1,-1,-1,-1,2,E01003633,0,2
2024991513640,2024,991513640,2,9,0,-1,1,3,7,-1,0,2,0,0,0,0,2,1,-1,6,1,56,9,-1,-1,-1,-1,4,-1,0,1
2024430331403,2024,430331403,1,1,0,18,19,7,3,0,0,8,0,0,0,0,2,1,6,6,1,70,10,-1,-1,-1,-1,10,E01016424,0,1
2024351510726,2024,351510726,2,9,0,-1,4,1,5,-1,0,0,0,0,1,4,2,1,-1,2,1,56,9,-1,-1,-1,-1,8,E01027044,0,3
2024010530634,2024,010530634,2,90,4,99,99,9,9,0,0,1,9,0,0,0,9,1,6,6,3,-1,-1,-1,-1,-1,-1,-1,-1,0,-1
2024430397787,2024,430397787,1,19,0,18,19,5,1,0,0,0,0,0,0,0,1,1,6,6,1,77,11,-1,-1,-1,-1,5,E01028636,0,1
2024010494221,2024,010494221,2,9,0,16,19,5,7,0,0,1,0,0,0,0,1,1,6,6,3,-1,-1,-1,-1,-1,-1,-1,-1,0,-1
2024070510728,2024,070510728,1,9,0,4,4,1,4,0,0,0,0,0,0,0,4,1,6,6,2,82,11,-1,-1,-1,-1,10,E01005787,0,1
2024131398911,2024,131398911,1,98,0,-1,5,2,6,-1,0,8,0,0,0,0,1,1,-1,6,1,-1,-1,-1,-1,-1,-1,-1,-1,0,-1
2024010543717,2024,010543717,1,1,0,18,19,7,3,0,0,0,5,0,0,0,1,1,4,7,1,11,3,-1,-1,-1,-1,3,E01000889,0,1
2024010524623,2024,010524623,1,1,3,18,19,7,3,0,0,8,0,0,0,0,1,1,6,6,1,56,9,-1,-1,-1,-1,2,E01001202,0,1
2024010495424,2024,010495424,2,8,0,99,99,9,9,99,99,9,9,99,9,99,1,9,6,6,3,-1,-1,-1,-1,-1,-1,-1,-1,0,-1
2024010497957,2024,010497957,1,9,0,99,99,9,9,99,99,9,9,99,9,99,9,9,6,6,3,-1,-1,-1,-1,-1,-1,-1,-1,0,-1
2024061407537,2024,061407537,1,9,-1,-1,-1,-1,-1,-1,-1,-1,-1,-1,-1,0,-1,1,-1,6,1,-1,-1,-1,-1,-1,-1,-1,-1,0,-1
2024201476764,2024,201476764,3,9,0,-1,3,6,2,-1,0,0,0,0,0,0,3,9,-1,6,3,-1,-1,-1,-1,-1,-1,-1,-1,0,-1
2024211493596,2024,211493596,2,1,0,-1,19,2,6,-1,0,4,0,0,0,0,2,1,-1,6,1,58,9,-1,-1,-1,-1,8,E01029742,0,2
2024320661963,2024,320661963,1,8,0,9,9,2,8,0,0,6,0,0,0,0,1,1,1,1,3,-1,-1,-1,-1,-1,-1,-1,-1,0,-1
2024010494254,2024,010494254,2,9,9,99,99,9,9,99,99,9,9,99,9,99,9,9,6,6,3,-1,-1,-1,-1,-1,-1,-1,-1,0,-1
2024471435181,2024,471435181,1,1,0,-1,4,6,3,-1,0,1,0,0,0,0,1,1,-1,9,2,41,7,-1,-1,-1,-1,5,E01016989,0,1
2024111441088,2024,111441088,1,99,0,-1,9,6,4,-1,0,6,0,0,0,0,0,9,-1,6,3,30,6,-1,-1,-1,-1,-1,-1,0,-1
2024320009809,2024,320009809,1,9,0,18,19,2,6,0,0,1,0,0,0,0,1,1,6,6,2,56,9,-1,-1,-1,-1,3,E01034679,0,1
2024332400317,2024,332400317,1,1,0,-1,19,9,9,-1,0,0,0,0,0,0,1,1,-1,6,3,-1,-1,-1,-1,-1,-1,-1,-1,0,-1
2024141437699,2024,141437699,2,1,0,-1,19,6,2,-1,0,8,0,0,0,0,1,1,-1,6,1,20,4,-1,-1,-1,-1,10,E01028711,0,5
2024052401745,2024,052401745,2,1,0,18,19,1,6,0,0,8,0,0,0,0,1,1,6,6,2,25,5,-1,-1,-1,-1,1,E01007220,0,1
2024201456278,2024,201456278,1,19,0,-1,19,4,8,-1,0,0,0,0,0,0,4,1,-1,6,-1,-1,-1,-1,-1,-1,-1,-1,-1,0,-1
2024461474347,2024,461474347,1,9,0,-1,19,7,3,-1,0,0,5,0,1,0,0,1,-1,1,2,58,9,-1,-1,-1,-1,6,E01024067,0,4
2024052401238,2024,052401238,1,9,0,5,5,5,1,0,0,1,0,0,0,0,1,1,6,6,3,-1,-1,-1,-1,-1,-1,-1,-1,0,-1
2024010496136,2024,010496136,2,9,0,99,99,9,9,99,99,6,9,99,9,99,9,9,6,6,3,-1,-1,-1,-1,-1,-1,-1,-1,0,-1
2024991403035,2024,991403035,1,9,0,-1,19,1,5,-1,0,0,5,0,7,4,1,1,-1,9,1,17,4,-1,-1,-1,-1,7,-1,0,2
2024010541626,2024,010541626,1,1,0,99,99,9,9,0,0,1,0,0,0,0,0,1,2,2,1,43,7,-1,-1,-1,-1,1,E01000105,0,1
2024201473650,2024,201473650,2,-1,0,-1,19,6,2,-1,9,1,0,0,0,0,2,9,-1,6,1,-1,-1,-1,-1,-1,-1,-1,-1,1,-1
2024430449909,2024,430449909,1,1,0,9,9,1,7,0,0,5,0,0,0,0,1,1,6,6,1,17,4,-1,-1,-1,-1,4,E01016421,0,2
2024361507846,2024,361507846,1,9,0,-1,19,3,7,-1,0,0,0,0,0,0,1,1,-1,6,3,-1,-1,-1,-1,-1,-1,-1,-1,0,-1
2024010487499,2024,010487499,1,21,1,3,3,3,7,0,0,8,0,0,0,0,1,1,1,1,1,43,7,-1,-1,-1,-1,4,E01034369,0,4
2024010516981,2024,010516981,1,1,9,99,99,9,9,99,99,0,9,99,9,99,1,1,2,2,1,45,7,-1,-1,-1,-1,9,E01030666,0,4
2024471484324,2024,471484324,1,1,0,-1,19,-1,-1,-1,4,1,0,8,2,11,1,1,-1,9,1,34,6,-1,-1,-1,-1,2,E01017011,0,2
2024010532467,2024,010532467,2,9,0,2,2,9,9,99,99,9,9,99,9,99,9,9,6,6,3,-1,-1,-1,-1,-1,-1,10,W01001036,0,5
2024320097724,2024,320097724,2,9,0,-1,-1,1,5,0,0,0,0,0,0,0,1,1,6,6,1,41,7,-1,-1,-1,-1,7,E01026412,0,2
2024461400461,2024,461400461,1,9,0,-1,19,1,1,-1,0,0,0,0,0,0,2,9,-1,2,1,61,9,-1,-1,-1,-1,9,E01000647,0,3
2024010548035,2024,010548035,2,9,3,18,19,3,7,0,0,0,0,0,0,0,1,1,6,6,3,23,5,-1,-1,-1,-1,-1,-1,0,-1
2024010489353,2024,010489353,2,9,0,5,5,1,5,0,0,8,0,0,0,0,1,1,2,2,1,23,5,-1,-1,-1,-1,4,E01003602,0,1
2024440197139,2024,440197139,2,9,0,4,4,8,4,0,0,8,0,0,0,0,2,1,6,6,2,20,4,-1,-1,-1,-1,7,E01022938,0,2
2024010503633,2024,010503633,1,9,0,99,99,9,9,99,99,9,9,99,9,99,2,9,6,6,1,36,7,-1,-1,-1,-1,2,E01003267,0,2
2024010493392,2024,010493392,1,3,0,99,99,9,9,99,99,9,9,99,9,99,1,1,1,1,3,20,4,-1,-1,-1,-1,3,E01001446,0,3
2024361424528,2024,361424528,2,9,0,-1,19,5,4,-1,0,0,1,0,7,6,1,9,-1,6,1,75,10,-1,-1,-1,-1,4,E01030263,0,2
2024010539007,2024,010539007,2,1,0,18,19,1,5,0,0,0,0,0,0,0,1,1,6,6,1,11,3,-1,-1,-1,-1,2,E01002314,0,1
2024332400415,2024,332400415,1,9,0,-1,19,1,5,-1,0,8,0,0,1,2,1,1,-1,9,2,32,6,-1,-1,-1,-1,8,E01025864,0,1
2024991524611,2024,991524611,1,90,0,-1,5,3,5,-1,0,0,0,0,0,0,1,9,-1,9,1,10,2,-1,-1,-1,-1,-1,-1,0,-1
2024101433783,2024,101433783,1,9,0,-1,19,3,7,-1,0,1,0,0,0,0,4,9,-1,1,1,54,8,-1,-1,-1,-1,-1,-1,0,-1
2024010525573,2024,010525573,2,1,0,18,19,1,5,0,0,3,0,0,0,0,2,1,6,6,1,57,9,-1,-1,-1,-1,9,E01004135,0,1
2024471461578,2024,471461578,2,19,0,-1,19,-1,-1,-1,0,1,0,0,0,0,0,1,-1,6,3,-1,-1,-1,-1,-1,-1,-1,-1,0,-1
2024011563928,2024,011563928,1,1,0,-1,19,5,1,-1,0,0,0,0,0,0,1,1,-1,2,1,42,7,-1,-1,-1,-1,-1,-1,0,-1
2024332400448,2024,332400448,2,1,0,-1,19,5,1,-1,0,2,0,0,0,0,1,1,-1,6,1,63,9,-1,-1,-1,-1,2,E01031074,0,2
2024010544112,2024,010544112,2,9,0,9,9,1,7,0,0,2,0,0,0,0,3,1,2,2,2,32,6,-1,-1,-1,-1,4,E01000788,0,1
2024461433726,2024,461433726,4,9,0,-1,-1,-1,-1,-1,-1,2,-1,-1,-1,0,-1,9,-1,9,3,-1,-1,-1,-1,-1,-1,-1,-1,0,-1
2024010533441,2024,010533441,1,9,0,99,99,9,9,99,99,6,9,99,9,99,9,9,6,6,3,-1,-1,-1,-1,-1,-1,-1,-1,0,-1
2024631495546,2024,631495546,2,9,0,-1,19,3,7,-1,0,0,0,0,0,0,1,1,-1,6,1,36,7,-1,-1,-1,-1,5,W01000426,0,1
2024161460568,2024,161460568,1,-1,0,-1,9,4,2,-1,4,1,0,0,0,0,3,1,-1,6,1,13,3,-1,-1,-1,-1,1,E01012857,1,1
2024141422497,2024,141422497,2,1,0,-1,19,1,5,-1,0,1,0,0,0,0,2,1,-1,2,1,28,6,-1,-1,-1,-1,1,E01007597,0,1
2024451526230,2024,451526230,2,9,0,-1,7,7,3,-1,0,0,1,99,0,0,3,1,-1,6,2,-1,-1,-1,-1,-1,-1,-1,-1,0,-1
2024991497081,2024,991497081,1,19,0,-1,19,3,7,-1,0,2,0,0,0,0,2,1,-1,9,1,59,9,-1,-1,-1,-1,8,-1,0,5
2024122400486,2024,122400486,1,9,0,9,9,7,8,0,0,6,0,0,1,10,3,1,2,2,1,59,9,-1,-1,-1,-1,9,E01012158,0,3
2024991511745,2024,991511745,1,9,0,-1,19,2,6,-1,0,0,0,0,0,0,1,1,-1,9,2,45,7,-1,-1,-1,-1,5,-1,0,2
2024010489033,2024,010489033,2,9,0,2,2,0,0,0,0,2,0,0,0,0,3,1,6,6,3,-1,-1,-1,-1,-1,-1,-1,-1,0,-1
2024430276071,2024,430276071,2,5,0,18,19,8,4,0,0,0,0,0,0,0,3,1,6,6,1,35,6,-1,-1,-1,-1,3,E01017605,0,3
2024010497371,2024,010497371,2,9,9,99,99,9,9,99,99,9,9,99,9,99,9,9,6,6,3,-1,-1,-1,-1,-1,-1,-1,-1,0,-1
2024101501468,2024,101501468,2,1,0,-1,19,5,1,-1,0,0,5,0,0,0,1,1,-1,9,1,25,5,-1,-1,-1,-1,-1,-1,0,-1
2024101429166,2024,101429166,1,9,0,-1,19,1,5,-1,0,0,0,0,0,0,1,9,-1,6,2,-1,-1,-1,-1,-1,-1,-1,-1,0,-1
2024552400820,2024,552400820,1,9,0,18,19,3,7,0,0,8,0,4,0,0,4,1,6,6,2,73,10,-1,-1,-1,-1,10,E01017786,0,5
2024361431886,2024,361431886,2,1,0,-1,19,8,5,-1,0,3,0,0,0,0,1,1,-1,1,1,42,7,-1,-1,-1,-1,8,E01026938,0,3
2024010516792,2024,010516792,2,1,9,18,19,9,9,99,99,0,9,99,9,99,9,1,6,6,1,-1,-1,-1,-1,-1,-1,-1,-1,0,-1
2024542769024,2024,542769024,1,9,0,18,19,2,6,0,0,0,1,0,7,1,1,1,6,6,1,23,5,-1,-1,-1,-1,4,E01032115,0,1
2024320296275,2024,320296275,1,9,0,-1,-1,6,2,0,0,0,0,0,0,0,1,2,6,6,2,-1,-1,-1,-1,-1,-1,-1,-1,0,-1
2024201445801,2024,201445801,2,9,0,-1,19,5,1,-1,0,8,0,0,0,0,2,1,-1,6,-1,-1,-1,-1,-1,-1,-1,-1,-1,0,-1
2024131550816,2024,131550816,2,1,0,-1,19,1,5,-1,0,0,0,0,0,0,3,1,-1,9,1,49,8,-1,-1,-1,-1,2,E01011927,0,1
2024161448160,2024,161448160,1,9,0,-1,19,8,4,-1,0,0,0,0,0,0,1,1,-1,6,1,60,9,-1,-1,-1,-1,10,E01013043,0,1
2024201437043,2024,201437043,1,98,1,-1,-1,2,6,-1,-1,0,0,0,0,0,4,1,-1,-1,1,40,7,-1,-1,-1,-1,3,E01020799,0,5
2024010499729,2024,010499729,2,9,0,99,99,9,9,99,99,9,9,99,9,99,9,9,6,6,3,53,8,-1,-1,-1,-1,6,E01003110,0,2
2024201395560,2024,201395560,1,9,0,-1,9,5,3,-1,0,4,0,0,0,0,3,9,-1,6,1,-1,-1,-1,-1,-1,-1,-1,-1,0,-1
2024010536711,2024,010536711,3,1,0,18,19,1,5,0,0,0,0,0,0,0,2,1,6,6,1,18,4,-1,-1,-1,-1,4,E01004495,0,3
2024311476096,2024,311476096,1,9,0,-1,19,1,5,-1,0,0,0,0,0,0,1,1,-1,1,1,39,7,-1,-1,-1,-1,9,E01028355,0,2
2024010495527,2024,010495527,1,1,0,18,19,3,7,5,5,1,0,0,0,0,1,1,6,6,1,34,6,-1,-1,-1,-1,3,E01003275,0,1
2024010503644,2024,010503644,1,9,9,99,99,9,9,99,99,9,9,99,9,99,9,1,6,6,3,-1,-1,-1,-1,-1,-1,2,E01001218,0,1
2024430022973,2024,430022973,1,21,0,4,4,-1,-1,0,0,6,1,0,0,0,1,1,1,1,1,28,6,-1,-1,-1,-1,-1,-1,0,-1
2024430564540,2024,430564540,2,9,0,18,19,0,0,0,0,1,0,0,0,0,1,1,6,6,3,-1,-1,-1,-1,-1,-1,-1,-1,0,-1
2024371518233,2024,371518233,2,1,0,-1,19,-1,-1,-1,9,0,0,0,0,0,-1,1,-1,6,1,18,4,-1,-1,-1,-1,-1,-1,0,-1
2024421452434,2024,421452434,1,9,0,-1,19,2,6,-1,0,0,0,0,0,0,1,9,-1,6,3,-1,-1,-1,-1,-1,-1,-1,-1,0,-1
2024201467944,2024,201467944,2,1,0,-1,5,3,7,-1,0,1,0,0,0,0,1,1,-1,6,1,27,6,-1,-1,-1,-1,2,E01001944,0,5
2024522402490,2024,522402490,2,90,0,18,19,3,6,0,0,8,0,0,0,0,1,1,6,6,1,62,9,-1,-1,-1,-1,5,W01001346,0,4
2024211432612,2024,211432612,1,9,0,-1,5,3,6,-1,0,0,0,0,0,0,3,1,-1,6,1,40,7,-1,-1,-1,-1,6,E01029733,0,1
2024201533617,2024,201533617,2,9,0,-1,19,5,1,-1,0,1,0,0,0,0,1,1,-1,1,1,20,4,-1,-1,-1,-1,1,E01009153,0,2
2024221476504,2024,221476504,1,9,0,-1,7,8,1,-1,0,5,0,0,0,0,1,1,-1,6,1,66,10,-1,-1,-1,-1,-1,-1,0,-1
2024501425283,2024,501425283,1,19,0,-1,19,5,1,-1,0,8,0,0,0,0,4,9,-1,6,1,-1,-1,-1,-1,-1,-1,-1,-1,0,-1
2024430031743,2024,430031743,2,19,0,18,19,8,4,0,0,6,0,0,0,0,1,1,1,1,1,-1,-1,-1,-1,-1,-1,-1,-1,0,-1
2024401408769,2024,401408769,1,20,0,-1,5,8,6,-1,0,6,0,0,0,0,0,9,-1,6,1,-1,-1,-1,-1,-1,-1,-1,-1,0,-1
2024501472760,2024,501472760,1,1,0,-1,19,-1,-1,-1,0,8,1,0,0,0,1,1,-1,9,1,35,6,-1,-1,-1,-1,6,E01019974,0,3
2024451442087,2024,451442087,1,1,0,-1,19,1,5,-1,0,0,0,99,7,0,2,1,-1,9,1,15,3,-1,-1,-1,-1,3,E01030547,0,1
2024161539374,2024,161539374,1,9,0,-1,19,7,4,-1,0,1,0,0,0,0,1,9,-1,6,3,-1,-1,-1,-1,-1,-1,-1,-1,0,-1
2024430166221,2024,430166221,1,9,0,9,9,4,2,0,0,5,0,0,0,0,4,1,6,6,1,21,5,-1,-1,-1,-1,4,E01017666,0,1
2024010511891,2024,010511891,2,1,0,18,19,1,5,0,0,1,0,0,0,0,4,1,6,6,1,24,5,-1,-1,-1,-1,5,E01002167,0,3
2024430611964,2024,430611964,1,-1,0,18,19,8,4,9,9,2,0,0,0,0,4,1,6,6,1,66,10,-1,-1,-1,-1,3,E01033422,1,1
2024111535775,2024,111535775,2,9,0,-1,2,0,0,-1,0,5,0,0,0,0,1,1,-1,9,2,38,7,-1,-1,-1,-1,8,E01020854,0,1
2024010500203,2024,010500203,2,9,0,99,99,9,9,99,99,0,9,99,9,99,2,9,6,6,3,-1,-1,-1,-1,-1,-1,-1,-1,0,-1
2024010524465,2024,010524465,1,1,9,99,99,9,9,99,99,9,9,99,9,99,9,1,2,2,1,42,7,-1,-1,-1,-1,10,E01002934,0,1
2024991504657,2024,991504657,1,1,0,-1,19,5,1,-1,0,0,0,0,0,0,1,1,-1,9,1,6,2,-1,-1,-1,-1,2,-1,0,1
2024340WN3382,2024,340WN3382,1,9,0,-1,99,1,5,-1,0,6,0,0,0,0,1,1,-1,6,3,-1,-1,-1,-1,-1,-1,-1,-1,0,-1
2024010517710,2024,010517710,2,9,9,1,1,9,9,99,99,9,9,99,9,99,9,9,6,6,3,-1,-1,-1,-1,-1,-1,-1,-1,0,-1
2024430144998,2024,430144998,1,9,0,18,19,4,8,0,0,0,0,0,0,0,1,1,6,6,1,83,11,-1,-1,-1,-1,5,E01016496,0,2
2024010491076,2024,010491076,1,3,0,99,99,9,9,99,99,9,9,99,9,99,9,1,1,1,1,27,6,-1,-1,-1,-1,3,E01000638,0,1
2024991472294,2024,991472294,2,1,0,-1,9,1,7,-1,0,5,0,0,0,0,2,1,-1,6,1,65,9,-1,-1,-1,-1,5,-1,0,3
2024351396407,2024,351396407,1,9,0,-1,19,4,7,-1,0,0,1,0,1,3,1,1,-1,9,1,18,4,-1,-1,-1,-1,6,E01018052,0,1
2024010509220,2024,010509220,1,-1,9,99,99,9,9,99,99,9,9,99,9,99,9,9,6,6,3,-1,-1,-1,-1,-1,-1,-1,-1,1,-1
2024201528509,2024,201528509,1,9,0,-1,19,6,2,-1,0,6,5,10,0,0,1,1,-1,6,1,39,7,-1,-1,-1,-1,10,E01029662,0,1
2024421424016,2024,421424016,1,1,0,-1,19,1,5,-1,0,0,0,0,0,0,1,1,-1,9,1,30,6,-1,-1,-1,-1,4,E01015962,0,1
2024430445188,2024,430445188,2,9,0,3,3,8,4,0,0,0,0,0,0,0,3,1,6,6,3,-1,-1,-1,-1,-1,-1,-1,-1,0,-1
2024010544002,2024,010544002,1,1,9,99,99,9,9,99,99,9,9,99,9,99,9,1,6,6,1,38,7,-1,-1,-1,-1,3,E01002774,0,1
2024010489817,2024,010489817,2,9,9,99,99,9,9,99,99,9,9,99,9,99,9,9,6,6,3,-1,-1,-1,-1,-1,-1,-1,-1,0,-1
2024010487974,2024,010487974,2,9,0,2,2,0,0,0,0,8,0,0,0,0,1,1,6,6,3,-1,-1,-1,-1,-1,-1,-1,-1,0,-1
2024010487605,2024,010487605,1,9,0,99,99,9,9,99,99,9,9,99,9,99,1,9,6,6,1,63,9,-1,-1,-1,-1,2,E01001551,0,1
2024411462058,2024,411462058,2,1,0,-1,5,4,8,-1,0,5,0,0,0,0,4,1,-1,9,2,15,3,-1,-1,-1,-1,7,E01023799,0,1
2024131449231,2024,131449231,2,1,0,-1,12,7,3,-1,0,1,0,0,0,0,3,1,-1,6,1,25,5,-1,-1,-1,-1,3,E01011920,0,1
2024010550454,2024,010550454,1,1,0,18,19,3,7,0,0,2,0,0,0,0,1,1,6,6,1,26,6,-1,-1,-1,-1,-1,-1,0,-1
2024501435434,2024,501435434,1,9,0,-1,4,2,6,-1,0,0,0,0,0,0,1,1,-1,1,1,30,6,-1,-1,-1,-1,8,E01018859,0,2
2024201466333,2024,201466333,2,-1,0,-1,19,4,8,-1,0,0,0,0,0,0,2,9,-1,9,2,-1,-1,-1,-1,-1,-1,-1,-1,1,-1
2024010489034,2024,010489034,4,9,0,18,19,7,3,0,0,0,0,0,0,0,4,1,6,6,1,29,6,-1,-1,-1,-1,-1,-1,0,-1
2024101459998,2024,101459998,2,1,0,-1,19,6,2,-1,0,0,0,0,0,0,2,1,-1,9,1,45,7,-1,-1,-1,-1,4,E01008445,0,3
2024052400979,2024,052400979,2,9,0,18,19,3,7,0,0,1,0,0,0,0,1,1,6,6,3,-1,-1,-1,-1,-1,-1,-1,-1,0,-1
2024451403568,2024,451403568,2,9,0,-1,2,4,8,-1,0,1,1,0,0,0,1,1,-1,6,-1,-1,-1,-1,-1,-1,-1,-1,-1,0,-1
2024161495000,2024,161495000,2,9,0,-1,8,2,5,-1,0,4,0,0,0,0,3,1,-1,6,3,-1,-1,-1,-1,-1,-1,-1,-1,0,-1
2024351425942,2024,351425942,1,9,0,-1,19,7,3,-1,0,0,1,0,0,0,1,1,-1,2,1,39,7,-1,-1,-1,-1,5,E01029946,0,3
2024421508139,2024,421508139,2,5,0,-1,19,6,2,-1,0,0,0,0,0,0,1,1,-1,6,1,48,8,-1,-1,-1,-1,-1,-1,0,-1
2024201516902,2024,201516902,1,97,4,-1,19,6,2,-1,0,2,0,0,0,0,1,1,-1,6,3,-1,-1,-1,-1,-1,-1,-1,-1,0,-1
2024010499123,2024,010499123,2,9,0,99,99,9,9,99,99,9,9,99,9,99,9,9,6,6,3,-1,-1,-1,-1,-1,-1,-1,-1,0,-1
2024010493519,2024,010493519,1,3,0,9,9,2,8,0,0,1,0,0,0,0,2,1,1,1,1,26,6,-1,-1,-1,-1,-1,-1,0,-1
2024361403766,2024,361403766,1,1,-1,-1,19,5,1,-1,0,1,0,0,0,0,-1,1,-1,6,3,-1,-1,-1,-1,-1,-1,-1,-1,0,-1
2024430566411,2024,430566411,2,9,0,3,3,3,7,0,0,4,0,0,0,0,2,1,6,6,1,53,8,-1,-1,-1,-1,10,E01028734,0,1
2024122400947,2024,122400947,2,9,0,18,19,6,1,0,0,8,0,0,0,0,2,1,2,2,1,36,7,-1,-1,-1,-1,10,E01027721,0,1