collision_index,collision_year,collision_ref_no,vehicle_reference,vehicle_type,towing_and_articulation,vehicle_manoeuvre_historic,vehicle_manoeuvre,vehicle_direction_from,vehicle_direction_to,vehicle_location_restricted_lane_historic,vehicle_location_restricted_lane,junction_location,skidding_and_overturning,hit_object_in_carriageway,vehicle_leaving_carriageway,hit_object_off_carriageway,first_point_of_impact,vehicle_left_hand_drive,journey_purpose_of_driver_historic,journey_purpose_of_driver,sex_of_driver,age_of_driver,age_band_of_driver,engine_capacity_cc,propulsion_code,age_of_vehicle,generic_make_model,driver_imd_decile,lsoa_of_driver,escooter_flag,driver_distance_banding
2024041533605,2024,041533605,1,9,0,-1,11,7,3,-1,0,0,0,0,0,0,1,1,-1,9,1,29,6,-1,-1,-1,-1,3,E01024884,0,1
2024531537415,2024,531537415,1,9,0,-1,19,7,3,-1,0,0,0,0,0,0,1,9,-1,6,3,-1,-1,-1,-1,-1,-1,-1,-1,0,-1
2024340WN2882,2024,340WN2882,1,9,0,-1,19,5,1,-1,0,4,0,0,0,0,1,1,-1,6,2,-1,-1,-1,-1,-1,-1,-1,-1,0,-1
2024201494002,2024,201494002,1,9,0,-1,9,4,2,-1,0,5,0,0,0,0,1,1,-1,6,3,-1,-1,-1,-1,-1,-1,-1,-1,0,-1
2024010545337,2024,010545337,1,9,0,99,99,9,9,99,99,9,9,99,9,99,1,9,6,6,3,-1,-1,-1,-1,-1,-1,-1,-1,0,-1
2024451425875,2024,451425875,1,1,0,-1,19,5,1,-1,9,1,0,0,0,0,1,1,-1,6,1,12,3,-1,-1,-1,-1,10,E01030525,0,1
202460Q167340,2024,60Q167340,1,9,0,18,19,3,7,0,0,4,0,0,0,0,1,1,6,6,2,25,5,-1,-1,-1,-1,-1,-1,0,-1
2024361449470,2024,361449470,2,9,0,-1,4,6,3,-1,0,0,0,0,0,0,2,1,-1,6,2,28,6,-1,-1,-1,-1,6,E01026675,0,2
2024010495054,2024,010495054,1,9,0,99,99,9,9,99,99,0,9,99,9,99,2,9,6,6,2,45,7,-1,-1,-1,-1,4,E01001636,0,1
2024010499912,2024,010499912,2,9,0,99,99,9,9,99,99,0,9,99,9,99,0,1,6,6,3,-1,-1,-1,-1,-1,-1,-1,-1,0,-1
2024311479364,2024,311479364,2,1,0,-1,19,3,7,-1,9,1,1,0,0,0,3,1,-1,1,1,32,6,-1,-1,-1,-1,1,E01013919,0,1
2024522401454,2024,522401454,1,1,0,18,19,2,6,0,0,8,0,0,0,0,1,1,6,6,1,38,7,-1,-1,-1,-1,3,E01014600,0,1
2024010496035,2024,010496035,2,9,0,17,19,6,2,0,0,0,0,0,0,0,1,1,6,6,3,-1,-1,-1,-1,-1,-1,-1,-1,0,-1
2024440365180,2024,440365180,2,9,0,3,3,4,8,0,0,1,0,0,0,0,2,1,6,6,1,24,5,-1,-1,-1,-1,8,E01017178,0,1
2024010527418,2024,010527418,3,2,0,18,19,6,2,0,0,2,0,0,0,0,3,1,6,6,3,-1,-1,-1,-1,-1,-1,-1,-1,0,-1
2024471496565,2024,471496565,1,97,0,-1,19,5,6,-1,0,0,0,4,0,0,1,1,-1,6,1,16,4,-1,-1,-1,-1,3,E01031483,0,1
2024522402404,2024,522402404,1,9,9,18,19,5,1,0,0,0,0,0,0,0,4,9,6,6,3,-1,-1,-1,-1,-1,-1,-1,-1,0,-1
2024061405342,2024,061405342,2,22,0,-1,19,1,5,-1,0,8,0,0,0,0,3,1,-1,9,2,63,9,-1,-1,-1,-1,-1,-1,0,-1
2024440271750,2024,440271750,2,1,0,18,19,7,3,0,0,1,0,0,0,0,1,1,6,6,1,15,3,-1,-1,-1,-1,10,E01016194,0,1
2024010521968,2024,010521968,1,1,0,18,19,1,5,1,1,1,0,0,0,0,4,1,2,2,1,32,6,-1,-1,-1,-1,3,E01034387,0,1
2024451438923,2024,451438923,1,16,0,-1,19,1,3,-1,0,0,0,0,0,0,0,1,-1,9,2,57,9,-1,-1,-1,-1,4,E01030827,0,2
2024361483145,2024,361483145,2,9,0,-1,4,7,3,-1,0,0,0,0,0,0,2,1,-1,6,2,44,7,-1,-1,-1,-1,5,E01026442,0,2
2024010497972,2024,010497972,2,9,0,99,99,9,9,99,99,9,9,99,9,99,1,9,6,6,3,-1,-1,-1,-1,-1,-1,-1,-1,0,-1
2024010489683,2024,010489683,1,9,0,18,19,8,4,0,0,0,0,0,0,0,1,1,6,6,3,-1,-1,-1,-1,-1,-1,-1,-1,0,-1
2024411502099,2024,411502099,2,9,0,-1,19,1,5,-1,0,0,0,0,0,0,2,1,-1,6,2,42,7,-1,-1,-1,-1,8,E01000539,0,3
2024010490538,2024,010490538,2,9,0,99,99,9,9,99,99,9,9,99,9,99,9,9,6,6,3,-1,-1,-1,-1,-1,-1,-1,-1,0,-1
2024010505630,2024,010505630,3,1,0,18,19,3,7,0,0,0,0,0,0,0,1,1,6,6,1,27,6,-1,-1,-1,-1,5,E01003739,0,3
2024501487164,2024,501487164,2,1,0,-1,19,3,7,-1,0,8,5,0,0,0,1,1,-1,6,2,-1,-1,-1,-1,-1,-1,-1,-1,0,-1
2024361483730,2024,361483730,1,5,0,-1,13,7,3,-1,0,0,0,0,1,0,1,1,-1,6,1,48,8,-1,-1,-1,-1,1,E01026809,0,4
2024061434424,2024,061434424,2,1,0,-1,19,-1,-1,-1,0,8,0,0,0,0,1,1,-1,6,1,29,6,-1,-1,-1,-1,-1,-1,0,-1
2024010538416,2024,010538416,1,11,0,99,99,9,9,99,99,9,9,99,9,99,9,9,6,6,3,-1,-1,-1,-1,-1,-1,-1,-1,0,-1
2024010517393,2024,010517393,2,9,0,5,5,1,5,0,0,2,0,0,0,0,0,1,6,6,3,-1,-1,-1,-1,-1,-1,-1,-1,0,-1
2024430115456,2024,430115456,1,9,0,9,9,3,1,0,0,6,0,0,0,0,1,1,6,6,1,20,4,-1,-1,-1,-1,-1,-1,0,-1
2024361450811,2024,361450811,2,1,-1,-1,-1,-1,-1,-1,-1,-1,-1,-1,-1,0,3,1,-1,9,1,43,7,-1,-1,-1,-1,8,E01026849,0,1
2024302401799,2024,302401799,1,9,0,5,5,8,4,9,9,1,0,0,1,0,4,1,6,6,1,72,10,-1,-1,-1,-1,4,E01019745,0,1
2024411513925,2024,411513925,2,9,0,-1,4,6,2,-1,0,0,0,0,0,0,2,1,-1,9,2,28,6,-1,-1,-1,-1,6,E01023630,0,1
2024552401162,2024,552401162,2,1,0,18,19,4,8,0,0,8,0,0,0,0,1,1,6,6,1,16,4,-1,-1,-1,-1,10,E01015400,0,1
2024520402269,2024,520402269,2,9,9,99,99,9,9,0,0,0,0,0,0,0,9,9,6,6,1,-1,-1,-1,-1,-1,-1,-1,-1,0,-1
2024161470730,2024,161470730,1,9,0,-1,19,3,7,-1,0,0,0,0,0,0,-1,9,-1,6,3,-1,-1,-1,-1,-1,-1,-1,-1,0,-1
202454E668024,2024,54E668024,1,9,0,18,19,3,7,0,0,0,5,0,0,0,3,1,6,6,1,18,4,-1,-1,-1,-1,7,E01031894,0,1
2024430126630,2024,430126630,1,11,0,18,19,2,6,0,0,0,0,0,0,0,1,1,1,1,1,-1,-1,-1,-1,-1,-1,-1,-1,0,-1
2024471509600,2024,471509600,1,1,0,-1,19,6,3,-1,4,8,0,0,0,0,3,1,-1,2,1,45,7,-1,-1,-1,-1,4,E01031583,0,1
2024332400795,2024,332400795,2,9,0,-1,19,7,3,-1,0,8,0,0,0,0,1,1,-1,6,3,-1,-1,-1,-1,-1,-1,-1,-1,0,-1
2024010507698,2024,010507698,2,19,0,99,99,9,9,99,99,9,9,99,0,0,9,9,6,6,3,-1,-1,-1,-1,-1,-1,-1,-1,0,-1
2024542737324,2024,542737324,1,9,0,18,19,7,3,0,0,1,0,0,0,0,1,1,6,6,3,-1,-1,-1,-1,-1,-1,-1,-1,0,-1
202454A544524,2024,54A544524,1,9,0,18,19,7,3,0,0,0,0,0,0,0,1,1,6,6,1,29,6,-1,-1,-1,-1,8,E01015562,0,1
2024332400403,2024,332400403,2,9,0,-1,9,6,4,-1,0,5,0,0,0,0,1,1,-1,6,1,-1,-1,-1,-1,-1,-1,-1,-1,0,-1
2024501480372,2024,501480372,1,1,0,-1,19,-1,-1,-1,0,1,1,99,0,0,1,1,-1,2,1,41,7,-1,-1,-1,-1,3,E01015166,0,2
2024332400986,2024,332400986,1,9,0,-1,19,1,5,-1,0,0,5,0,1,0,1,1,-1,6,1,59,9,-1,-1,-1,-1,1,E01013692,0,2
2024548912124,2024,548912124,1,5,0,18,19,2,6,0,0,1,0,0,1,0,1,1,6,6,1,37,7,-1,-1,-1,-1,8,E01032088,0,1
2024010493094,2024,010493094,1,9,0,18,19,5,1,0,0,8,0,0,0,0,1,1,6,6,1,63,9,-1,-1,-1,-1,2,E01004068,0,1
2024320260973,2024,320260973,3,9,0,-1,-1,1,5,0,0,0,0,0,0,0,2,1,6,6,1,66,10,-1,-1,-1,-1,4,E01019228,0,5
2024320464047,2024,320464047,2,22,0,-1,-1,4,8,0,0,0,0,0,0,0,3,1,-1,-1,1,60,9,-1,-1,-1,-1,3,E01026353,0,1
2024052402577,2024,052402577,1,1,0,18,19,1,5,0,0,8,0,0,0,0,1,1,6,6,1,18,4,-1,-1,-1,-1,4,E01007221,0,2
2024320080397,2024,320080397,2,1,0,-1,-1,5,1,0,0,8,5,0,0,0,1,1,6,6,1,37,7,-1,-1,-1,-1,7,E01026153,0,1
2024010511136,2024,010511136,4,9,0,18,19,5,1,0,0,5,0,0,0,0,0,1,6,6,1,37,7,-1,-1,-1,-1,4,E01004711,0,1
2024231431366,2024,231431366,1,9,0,-1,19,2,6,-1,0,0,0,0,1,4,1,1,-1,6,1,29,6,-1,-1,-1,-1,5,E01014070,0,4
2024161408571,2024,161408571,1,19,0,-1,19,5,1,-1,0,1,0,0,0,0,1,1,-1,6,1,45,7,-1,-1,-1,-1,-1,-1,0,-1
2024531393710,2024,531393710,2,9,0,-1,19,4,8,-1,0,8,5,0,0,0,4,1,-1,9,2,56,9,-1,-1,-1,-1,2,E01022164,0,1
2024052402052,2024,052402052,2,1,0,18,19,3,8,0,0,1,0,0,0,0,1,1,2,2,1,19,4,-1,-1,-1,-1,6,E01007225,0,2
2024031458748,2024,031458748,2,1,0,-1,4,6,6,-1,0,0,1,0,0,0,1,1,-1,9,1,50,8,-1,-1,-1,-1,5,E01019866,0,5
2024520402424,2024,520402424,1,1,0,18,19,8,4,0,0,0,0,0,0,0,1,1,6,6,2,69,10,-1,-1,-1,-1,5,E01029068,0,1
2024311439011,2024,311439011,1,9,0,-1,19,5,8,-1,0,0,0,0,0,0,1,1,-1,6,1,-1,-1,-1,-1,-1,-1,-1,-1,0,-1
2024320614465,2024,320614465,2,1,0,3,3,6,2,0,0,0,0,0,0,0,2,1,6,6,2,23,5,-1,-1,-1,-1,-1,-1,0,-1
2024991492961,2024,991492961,2,1,0,-1,19,8,5,-1,0,8,5,4,0,0,1,1,-1,9,1,67,10,-1,-1,-1,-1,9,-1,0,1
2024332400690,2024,332400690,2,1,0,-1,19,1,5,-1,0,8,0,0,0,0,1,1,-1,6,1,55,8,-1,-1,-1,-1,6,E01034020,0,1
202417L205324,2024,17L205324,2,1,0,-1,19,4,8,-1,0,0,0,0,0,0,3,1,-1,9,1,16,4,-1,-1,-1,-1,5,E01020619,0,4
2024421526519,2024,421526519,1,9,0,-1,19,7,3,-1,0,0,0,0,0,0,1,9,-1,6,1,-1,-1,-1,-1,-1,-1,-1,-1,0,-1
2024010542623,2024,010542623,1,9,0,99,99,9,9,99,99,9,9,99,9,99,1,9,6,6,3,-1,-1,-1,-1,-1,-1,3,E01000058,0,1
2024991399495,2024,991399495,1,9,0,-1,19,8,4,-1,0,0,0,0,0,0,1,1,-1,1,1,42,7,-1,-1,-1,-1,2,-1,0,1
2024340NN3782,2024,340NN3782,2,9,0,-1,2,0,0,-1,0,0,0,0,0,0,3,1,-1,6,3,-1,-1,-1,-1,-1,-1,-1,-1,0,-1
2024010489766,2024,010489766,2,11,0,99,99,9,9,99,99,9,9,99,9,99,9,9,6,6,3,-1,-1,-1,-1,-1,-1,-1,-1,0,-1
2024302401560,2024,302401560,2,1,0,18,19,3,7,4,4,1,0,0,0,0,4,1,6,6,2,57,9,-1,-1,-1,-1,7,E01019771,0,1
2024010489232,2024,010489232,2,9,0,18,19,2,6,0,0,1,0,0,0,0,1,1,6,6,1,26,6,-1,-1,-1,-1,3,E01003431,0,1
2024440022941,2024,440022941,1,3,0,18,19,8,4,0,0,1,0,0,0,0,0,1,1,1,2,18,4,-1,-1,-1,-1,-1,-1,0,-1
2024401466230,2024,401466230,2,1,0,-1,19,7,4,-1,0,0,0,0,0,0,1,1,-1,7,1,11,3,-1,-1,-1,-1,4,E01015711,0,1
2024440411792,2024,440411792,2,-1,0,18,19,4,8,0,0,1,0,0,0,0,1,1,6,6,1,33,6,-1,-1,-1,-1,5,E01023151,1,1
2024010512665,2024,010512665,2,9,0,99,99,9,9,99,99,9,9,99,9,99,1,9,6,6,3,-1,-1,-1,-1,-1,-1,-1,-1,0,-1
2024010494272,2024,010494272,2,9,0,99,99,9,9,99,99,9,9,99,9,99,9,9,6,6,3,-1,-1,-1,-1,-1,-1,-1,-1,0,-1
2024010502710,2024,010502710,1,9,0,18,19,1,5,0,0,1,0,0,0,0,3,1,6,6,3,-1,-1,-1,-1,-1,-1,-1,-1,0,-1
2024361520249,2024,361520249,2,1,0,-1,19,8,5,-1,9,0,0,0,1,11,1,1,-1,9,1,42,7,-1,-1,-1,-1,10,E01035144,0,1
2024161447576,2024,161447576,1,1,0,-1,19,5,2,-1,0,4,0,0,0,0,4,1,-1,6,1,15,3,-1,-1,-1,-1,10,E01013108,0,1
2024010524609,2024,010524609,2,1,0,18,19,7,3,0,0,2,5,0,0,0,1,1,6,6,1,18,4,-1,-1,-1,-1,3,E01000167,0,2
2024451490517,2024,451490517,2,1,0,-1,19,7,3,-1,0,1,0,0,0,0,1,1,-1,6,2,27,6,-1,-1,-1,-1,10,E01030419,0,2
2024451516925,2024,451516925,2,1,0,-1,19,1,5,-1,0,0,0,0,0,0,0,1,-1,7,1,12,3,-1,-1,-1,-1,7,E01030420,0,1
2024010536504,2024,010536504,2,1,9,99,99,9,9,99,99,9,9,99,9,99,9,1,3,7,2,14,3,-1,-1,-1,-1,5,E01003161,0,1
2024141413052,2024,141413052,2,9,0,-1,3,1,5,-1,0,0,0,0,0,0,2,1,-1,1,1,51,8,-1,-1,-1,-1,3,E01007436,0,3
2024421493342,2024,421493342,1,98,1,-1,19,3,7,-1,0,1,0,0,1,11,1,1,-1,1,1,63,9,-1,-1,-1,-1,4,E01002267,0,4
2024010537104,2024,010537104,1,1,0,18,19,7,3,0,0,1,0,0,0,0,2,1,6,6,1,30,6,-1,-1,-1,-1,-1,-1,0,-1
2024430288956,2024,430288956,1,9,0,18,19,4,8,0,0,2,0,0,0,0,4,1,6,6,3,-1,-1,-1,-1,-1,-1,-1,-1,0,-1
202417S212824,2024,17S212824,1,3,0,-1,14,0,0,-1,0,0,0,0,0,0,3,1,-1,2,1,19,4,-1,-1,-1,-1,9,E01012297,0,1
2024131484313,2024,131484313,2,1,0,-1,19,7,3,-1,4,1,0,0,0,0,1,1,-1,9,2,17,4,-1,-1,-1,-1,1,E01010744,0,3
2024010531163,2024,010531163,1,1,0,18,19,6,2,0,0,1,0,0,0,0,1,1,6,6,1,24,5,-1,-1,-1,-1,3,E01002809,0,1
2024501450439,2024,501450439,2,1,0,-1,19,7,1,-1,0,1,5,4,0,0,1,1,-1,6,2,-1,-1,-1,-1,-1,-1,4,E01018793,0,1
2024101528592,2024,101528592,1,9,0,-1,19,7,3,-1,0,0,0,0,0,0,3,1,-1,6,3,-1,-1,-1,-1,-1,-1,-1,-1,0,-1
2024411452908,2024,411452908,1,9,0,-1,-1,-1,-1,-1,-1,-1,-1,-1,-1,0,-1,9,-1,6,2,-1,-1,-1,-1,-1,-1,-1,-1,0,-1
2024141502652,2024,141502652,1,97,0,-1,19,3,7,-1,0,1,0,0,0,0,1,1,-1,6,3,-1,-1,-1,-1,-1,-1,-1,-1,0,-1
2024430060495,2024,430060495,1,1,0,18,19,5,1,9,9,8,0,0,0,0,1,1,2,2,1,24,5,-1,-1,-1,-1,4,E01016439,0,1
2024531466813,2024,531466813,2,9,0,-1,19,1,5,-1,0,0,0,0,0,0,1,1,-1,2,1,28,6,-1,-1,-1,-1,7,E01022205,0,1
2024052401159,2024,052401159,1,9,0,99,99,9,9,0,0,9,0,99,0,0,9,9,6,6,1,36,7,-1,-1,-1,-1,3,E01006793,0,2
2024430114387,2024,430114387,2,1,0,18,19,6,2,0,0,0,0,0,0,0,3,1,6,6,2,13,3,-1,-1,-1,-1,-1,-1,0,-1
2024061440780,2024,061440780,2,1,0,-1,19,3,7,-1,0,2,0,0,0,0,3,1,-1,1,1,58,9,-1,-1,-1,-1,3,E01004874,0,1
2024552400004,2024,552400004,2,1,0,17,19,4,2,0,0,8,0,0,0,0,4,1,6,6,1,46,8,-1,-1,-1,-1,8,E01015333,0,1
2024451458615,2024,451458615,1,9,0,-1,19,7,3,-1,0,1,0,0,0,0,1,1,-1,6,1,50,8,-1,-1,-1,-1,8,E01030865,0,4
2024010514733,2024,010514733,1,1,0,18,19,5,1,0,0,1,0,8,0,0,1,1,2,2,2,42,7,-1,-1,-1,-1,2,E01001202,0,1
2024010494784,2024,010494784,2,19,0,2,2,0,0,0,0,0,0,0,0,0,1,1,6,6,3,-1,-1,-1,-1,-1,-1,-1,-1,0,-1
2024010506448,2024,010506448,1,9,0,18,19,3,7,0,0,0,0,0,0,0,3,1,1,1,1,51,8,-1,-1,-1,-1,6,E01035181,0,4
2024371516295,2024,371516295,2,1,0,-1,19,1,5,-1,0,4,1,0,0,0,1,1,-1,6,2,31,6,-1,-1,-1,-1,8,E01030000,0,1
2024461531439,2024,461531439,1,11,0,-1,4,2,6,-1,0,0,1,0,0,0,1,1,-1,2,1,42,7,-1,-1,-1,-1,5,E01024345,0,2
2024010494338,2024,010494338,2,9,9,12,12,4,8,99,99,1,9,0,0,0,9,1,6,6,1,42,7,-1,-1,-1,-1,6,E01016477,0,3
2024332400924,2024,332400924,2,9,0,-1,19,4,8,-1,0,8,0,0,0,0,1,1,-1,6,1,75,10,-1,-1,-1,-1,7,E01013636,0,1
2024471407229,2024,471407229,1,16,0,-1,19,8,4,-1,0,0,0,0,0,0,0,1,-1,9,1,83,11,-1,-1,-1,-1,6,E01021186,0,1
2024461534501,2024,461534501,1,9,0,-1,19,7,2,-1,0,1,0,0,0,0,1,9,-1,6,1,67,10,-1,-1,-1,-1,10,E01024330,0,1
2024161501911,2024,161501911,1,1,0,-1,19,7,3,-1,0,0,0,0,0,0,2,1,-1,6,1,33,6,-1,-1,-1,-1,1,E01035464,0,2
2024010495201,2024,010495201,2,9,0,18,19,2,6,0,0,1,0,0,0,0,1,1,6,6,1,44,7,-1,-1,-1,-1,3,E01003923,0,1
2024332401002,2024,332401002,2,9,0,-1,19,1,5,-1,0,8,0,0,0,0,1,1,-1,2,1,30,6,-1,-1,-1,-1,3,E01013698,0,1
2024010511069,2024,010511069,2,9,9,2,2,0,0,99,99,9,9,99,9,99,9,9,6,6,3,-1,-1,-1,-1,-1,-1,-1,-1,0,-1
2024320221901,2024,320221901,2,19,0,-1,-1,2,6,0,0,0,5,0,1,0,1,1,-1,-1,1,57,9,-1,-1,-1,-1,-1,-1,0,-1
2024411430077,2024,411430077,1,1,0,-1,19,5,1,-1,5,2,1,0,0,0,1,1,-1,6,2,18,4,-1,-1,-1,-1,10,E01023664,0,3
2024052401288,2024,052401288,1,9,0,5,5,8,4,0,0,0,0,0,0,0,1,1,6,6,1,-1,-1,-1,-1,-1,-1,-1,-1,0,-1
2024471417648,2024,471417648,2,99,-1,-1,19,3,7,-1,0,1,0,0,0,0,1,9,-1,6,3,-1,-1,-1,-1,-1,-1,-1,-1,0,-1
2024010548148,2024,010548148,1,9,0,18,19,2,6,0,0,0,0,0,0,0,3,1,6,6,3,-1,-1,-1,-1,-1,-1,-1,-1,0,-1
2024010543381,2024,010543381,2,-1,0,18,19,3,7,0,0,0,0,0,0,0,1,1,6,6,1,23,5,-1,-1,-1,-1,-1,-1,1,-1
2024010517450,2024,010517450,2,19,0,99,99,9,9,99,99,9,9,99,9,99,9,9,6,6,3,-1,-1,-1,-1,-1,-1,-1,-1,0,-1
2024010543618,2024,010543618,1,8,0,18,19,6,2,0,0,1,0,0,0,0,1,1,6,6,3,-1,-1,-1,-1,-1,-1,-1,-1,0,-1
2024221491281,2024,221491281,2,9,0,-1,19,2,6,-1,0,0,0,0,0,0,3,1,-1,9,2,17,4,-1,-1,-1,-1,5,E01014020,0,2
2024302400566,2024,302400566,1,9,0,7,7,6,8,0,0,2,0,0,0,0,1,1,1,1,1,-1,-1,-1,-1,-1,-1,5,E01019456,0,3
2024010523783,2024,010523783,1,1,0,18,19,4,8,5,5,2,0,0,0,0,3,1,6,6,1,42,7,-1,-1,-1,-1,2,E01000861,0,1
2024010488805,2024,010488805,2,9,0,11,11,5,1,0,0,1,0,0,0,0,4,2,6,6,3,34,6,-1,-1,-1,-1,-1,-1,0,-1
2024351452465,2024,351452465,2,1,0,-1,19,7,3,-1,0,1,0,0,0,0,1,1,-1,6,2,33,6,-1,-1,-1,-1,3,E01017971,0,1
2024122400709,2024,122400709,2,1,0,4,4,7,3,0,0,1,0,0,0,0,1,1,6,6,1,30,6,-1,-1,-1,-1,2,E01013399,0,1
2024010512534,2024,010512534,1,1,9,99,99,9,9,99,99,9,9,99,9,99,9,1,2,2,2,33,6,-1,-1,-1,-1,4,E01004427,0,1
2024522402413,2024,522402413,1,17,4,18,19,1,5,0,0,8,5,0,0,0,4,1,1,1,1,34,6,-1,-1,-1,-1,2,E01009997,0,5
2024430480292,2024,430480292,2,1,0,18,19,7,3,0,0,8,0,0,0,0,1,1,6,6,1,20,4,-1,-1,-1,-1,-1,-1,0,-1
2024401421812,2024,401421812,1,98,0,-1,4,5,1,-1,0,1,0,0,0,0,1,9,-1,6,1,-1,-1,-1,-1,-1,-1,-1,-1,0,-1
2024461419081,2024,461419081,3,21,1,-1,19,3,7,-1,0,0,0,0,0,0,4,2,-1,1,1,42,7,-1,-1,-1,-1,-1,-1,0,-1
2024010519993,2024,010519993,1,9,0,18,19,3,7,0,0,1,0,0,0,0,1,1,1,1,1,49,8,-1,-1,-1,-1,8,E01000569,0,2
2024351409334,2024,351409334,2,1,0,-1,19,6,2,-1,0,8,5,0,0,0,4,1,-1,6,1,36,7,-1,-1,-1,-1,5,E01017973,0,1
2024520402222,2024,520402222,1,1,0,18,19,8,4,0,0,8,0,0,0,0,1,1,6,6,1,13,3,-1,-1,-1,-1,2,E01029109,0,1
2024070315262,2024,070315262,2,9,0,9,9,3,7,0,0,6,0,0,0,0,3,1,6,6,1,32,6,-1,-1,-1,-1,1,E01012422,0,1
2024010487466,2024,010487466,1,9,0,18,19,1,5,0,0,0,0,0,0,0,1,1,6,6,1,57,9,-1,-1,-1,-1,7,E01003763,0,2
2024471461893,2024,471461893,2,1,0,-1,19,7,3,-1,0,1,0,0,0,0,1,1,-1,6,2,43,7,-1,-1,-1,-1,7,E01016976,0,1
2024010524546,2024,010524546,2,1,0,18,19,3,7,0,0,2,0,4,0,0,2,1,6,6,1,51,8,-1,-1,-1,-1,8,E01002569,0,3
2024411490364,2024,411490364,1,97,0,-1,14,5,1,-1,0,0,0,0,0,0,1,1,-1,6,3,-1,-1,-1,-1,-1,-1,-1,-1,0,-1
2024461440169,2024,461440169,1,9,0,-1,4,7,3,-1,0,0,0,0,0,0,1,9,-1,6,3,-1,-1,-1,-1,-1,-1,-1,-1,0,-1
2024161481264,2024,161481264,2,1,0,-1,19,2,6,-1,0,1,0,0,0,0,1,1,-1,6,1,29,6,-1,-1,-1,-1,3,E01012759,0,1
2024131458799,2024,131458799,1,97,0,-1,19,8,4,-1,0,1,0,0,1,0,-1,1,-1,6,1,14,3,-1,-1,-1,-1,2,E01011840,0,1
2024010490006,2024,010490006,1,90,0,18,19,7,3,0,0,3,0,0,0,0,1,1,1,1,2,25,5,-1,-1,-1,-1,7,E01002538,0,1
2024201460973,2024,201460973,1,9,0,-1,19,6,2,-1,0,4,0,0,0,0,3,9,-1,6,3,-1,-1,-1,-1,-1,-1,-1,-1,0,-1
2024131468015,2024,131468015,1,1,0,-1,19,3,7,-1,4,0,0,0,0,0,3,1,-1,6,1,49,8,-1,-1,-1,-1,1,E01011371,0,1
2024201433134,2024,201433134,1,9,0,-1,1,3,7,-1,0,2,0,0,0,0,2,9,-1,6,1,40,7,-1,-1,-1,-1,-1,-1,0,-1
2024101415781,2024,101415781,1,9,0,-1,5,1,5,-1,0,0,0,0,0,0,0,9,-1,6,3,-1,-1,-1,-1,-1,-1,-1,-1,0,-1
2024311510944,2024,311510944,1,90,0,-1,19,4,8,-1,9,6,0,0,0,0,1,9,-1,9,1,14,3,-1,-1,-1,-1,2,E01013911,0,1
2024010524557,2024,010524557,1,1,0,18,19,1,5,9,9,0,0,0,0,0,1,1,6,6,2,18,4,-1,-1,-1,-1,7,E01003665,0,1
2024041448686,2024,041448686,2,1,0,-1,19,7,3,-1,0,8,0,0,0,0,3,1,-1,9,2,36,7,-1,-1,-1,-1,1,E01025293,0,1
2024061473368,2024,061473368,2,97,-1,-1,-1,-1,-1,-1,-1,-1,-1,-1,-1,0,-1,1,-1,6,3,-1,-1,-1,-1,-1,-1,-1,-1,0,-1
2024010511433,2024,010511433,2,9,0,4,4,1,5,0,0,1,0,0,0,0,2,1,6,6,1,20,4,-1,-1,-1,-1,10,E01021366,0,4
2024010491221,2024,010491221,2,1,9,3,3,9,9,99,99,0,9,99,9,99,1,1,6,6,1,-1,-1,-1,-1,-1,-1,2,E01004003,0,1
2024010520200,2024,010520200,1,9,0,99,99,9,9,99,99,9,9,99,9,99,1,9,6,6,3,-1,-1,-1,-1,-1,-1,-1,-1,0,-1
2024010490276,2024,010490276,1,4,0,18,19,5,1,2,2,0,0,0,0,0,1,1,6,6,1,32,6,-1,-1,-1,-1,3,E01000908,0,1
2024010544423,2024,010544423,2,9,0,99,99,9,9,99,99,5,9,99,9,99,1,9,6,6,3,-1,-1,-1,-1,-1,-1,-1,-1,0,-1
2024361447811,2024,361447811,1,1,0,-1,19,8,4,-1,0,8,5,0,0,0,1,1,-1,2,1,53,8,-1,-1,-1,-1,6,E01026785,0,1
2024401471101,2024,401471101,2,1,0,-1,19,1,5,-1,0,2,0,0,0,0,4,1,-1,9,1,13,3,-1,-1,-1,-1,2,E01015759,0,1
2024430001059,2024,430001059,2,9,0,18,19,2,6,0,0,0,0,0,0,0,3,1,6,6,2,30,6,-1,-1,-1,-1,10,E01016335,0,3
2024141470163,2024,141470163,2,18,0,-1,19,8,4,-1,1,1,0,0,0,0,3,9,-1,1,2,38,7,-1,-1,-1,-1,1,E01007883,0,2
2024010494401,2024,010494401,1,9,0,18,19,1,5,0,0,0,0,0,0,0,2,1,1,1,1,38,7,-1,-1,-1,-1,3,E01002506,0,1
2024201534858,2024,201534858,1,9,0,-1,2,0,0,-1,9,0,0,0,0,0,3,1,-1,6,2,57,9,-1,-1,-1,-1,2,E01010264,0,1
2024101403322,2024,101403322,1,23,0,-1,-1,-1,-1,-1,0,1,0,0,0,0,-1,1,-1,9,1,37,7,-1,-1,-1,-1,4,E01008640,0,1
2024421429023,2024,421429023,2,1,0,-1,19,2,6,-1,0,1,0,0,0,0,3,1,-1,6,1,24,5,-1,-1,-1,-1,7,E01015849,0,2
2024141475293,2024,141475293,1,90,0,-1,19,3,7,-1,0,8,0,0,1,0,3,1,-1,9,1,21,5,-1,-1,-1,-1,-1,-1,0,-1
2024010546567,2024,010546567,1,9,0,99,99,9,9,99,99,9,9,99,9,99,9,9,6,6,3,-1,-1,-1,-1,-1,-1,-1,-1,0,-1
2024351473681,2024,351473681,3,98,0,-1,19,2,6,-1,0,0,0,0,0,0,0,1,-1,1,1,-1,-1,-1,-1,-1,-1,-1,-1,0,-1
2024430281635,2024,430281635,1,9,0,9,9,1,7,0,0,6,0,0,0,0,3,1,6,6,3,-1,-1,-1,-1,-1,-1,-1,-1,0,-1
2024430281258,2024,430281258,1,9,0,18,19,2,6,0,0,6,0,0,0,0,1,1,6,6,3,-1,-1,-1,-1,-1,-1,-1,-1,0,-1
2024070739591,2024,070739591,2,1,0,-1,12,5,1,-1,0,8,0,0,0,0,2,1,-1,9,1,48,8,-1,-1,-1,-1,4,E01018624,0,1