collision_index,collision_year,collision_ref_no,vehicle_reference,vehicle_type,towing_and_articulation,vehicle_manoeuvre_historic,vehicle_manoeuvre,vehicle_direction_from,vehicle_direction_to,vehicle_location_restricted_lane_historic,vehicle_location_restricted_lane,junction_location,skidding_and_overturning,hit_object_in_carriageway,vehicle_leaving_carriageway,hit_object_off_carriageway,first_point_of_impact,vehicle_left_hand_drive,journey_purpose_of_driver_historic,journey_purpose_of_driver,sex_of_driver,age_of_driver,age_band_of_driver,engine_capacity_cc,propulsion_code,age_of_vehicle,generic_make_model,driver_imd_decile,lsoa_of_driver,escooter_flag,driver_distance_banding
2024501459490,2024,501459490,2,97,0,-1,13,1,5,-1,0,0,0,0,0,0,0,1,-1,6,3,50,8,-1,-1,-1,-1,-1,-1,0,-1
2024201509106,2024,201509106,1,9,0,-1,9,2,8,-1,0,6,0,0,0,0,1,1,-1,9,1,65,9,-1,-1,-1,-1,10,E01009853,0,1
2024010488442,2024,010488442,1,3,0,18,19,5,1,0,0,8,2,0,7,0,1,1,6,6,1,20,4,-1,-1,-1,-1,-1,-1,0,-1
2024161485981,2024,161485981,2,1,0,-1,19,6,2,-1,0,0,0,0,0,0,1,1,-1,6,1,51,8,-1,-1,-1,-1,1,E01013144,0,1
2024041513375,2024,041513375,10,9,0,-1,19,1,5,-1,0,0,0,0,0,0,4,1,-1,6,1,25,5,-1,-1,-1,-1,1,-1,0,5
2024010528663,2024,010528663,2,1,9,99,99,9,9,99,99,1,9,99,9,99,1,1,6,6,1,40,7,-1,-1,-1,-1,8,E01001211,0,1
2024010512750,2024,010512750,2,9,0,99,99,9,9,99,99,9,9,99,9,99,2,9,6,6,3,-1,-1,-1,-1,-1,-1,-1,-1,0,-1
2024010493713,2024,010493713,1,9,0,18,19,4,8,9,9,1,5,7,1,0,1,1,6,6,1,45,7,-1,-1,-1,-1,6,E01002161,0,1
2024101432870,2024,101432870,2,1,0,-1,19,5,1,-1,0,0,0,0,1,0,2,1,-1,6,1,51,8,-1,-1,-1,-1,3,E01008478,0,2
2024122401118,2024,122401118,2,9,0,3,3,3,7,0,0,1,0,0,0,0,2,1,6,6,2,43,7,-1,-1,-1,-1,5,E01027796,0,1
202454A807624,2024,54A807624,1,20,0,18,19,8,4,0,0,0,0,7,0,0,3,1,6,6,1,48,8,-1,-1,-1,-1,-1,-1,0,-1
2024401502075,2024,401502075,1,9,-1,-1,-1,-1,-1,-1,-1,0,-1,-1,-1,0,-1,9,-1,6,3,-1,-1,-1,-1,-1,-1,-1,-1,0,-1
2024031458748,2024,031458748,1,1,0,-1,19,2,6,-1,0,0,1,0,0,0,1,1,-1,9,1,41,7,-1,-1,-1,-1,-1,-1,0,-1
2024440447095,2024,440447095,1,-1,0,18,19,7,3,0,0,0,0,0,0,0,1,1,6,6,3,-1,-1,-1,-1,-1,-1,-1,-1,1,-1
2024351513109,2024,351513109,4,9,0,-1,19,5,1,-1,0,1,0,0,0,0,0,1,-1,6,2,49,8,-1,-1,-1,-1,9,E01018259,0,1
2024440262340,2024,440262340,1,-1,0,18,19,7,3,0,0,0,0,0,0,0,0,1,6,6,1,13,3,-1,-1,-1,-1,6,E01034062,1,1
2024371532322,2024,371532322,1,1,0,-1,19,1,5,-1,0,1,2,0,0,0,4,1,-1,2,1,34,6,-1,-1,-1,-1,1,E01033129,0,1
2024010491524,2024,010491524,1,9,0,99,99,9,9,99,99,0,9,99,9,99,9,9,6,6,2,50,8,-1,-1,-1,-1,6,E01002653,0,1
2024401434755,2024,401434755,2,1,-1,-1,-1,-1,-1,-1,-1,-1,-1,-1,-1,0,-1,1,-1,6,2,25,5,-1,-1,-1,-1,9,E01017429,0,1
2024430072677,2024,430072677,2,1,0,18,19,2,6,0,0,0,0,0,1,0,3,1,6,6,1,36,7,-1,-1,-1,-1,5,E01016406,0,1
2024552400094,2024,552400094,2,1,0,17,19,8,5,0,0,8,0,0,0,0,2,1,2,2,1,32,6,-1,-1,-1,-1,4,E01015303,0,1
2024421434988,2024,421434988,1,9,0,-1,4,1,3,-1,0,1,0,0,0,0,1,9,-1,6,3,-1,-1,-1,-1,-1,-1,-1,-1,0,-1
2024010503727,2024,010503727,2,19,0,7,7,3,6,0,0,8,0,0,0,0,3,1,6,6,3,-1,-1,-1,-1,-1,-1,-1,-1,0,-1
2024311524716,2024,311524716,1,97,0,-1,19,7,3,-1,0,0,0,0,0,0,1,1,-1,6,3,-1,-1,-1,-1,-1,-1,-1,-1,0,-1
2024320134148,2024,320134148,1,4,0,-1,-1,8,4,0,0,1,0,0,0,0,1,1,-1,-1,1,31,6,-1,-1,-1,-1,5,E01026132,0,1
2024440543449,2024,440543449,2,1,0,18,19,8,4,0,0,8,0,0,0,0,4,1,2,2,2,20,4,-1,-1,-1,-1,6,E01035442,0,1
2024501463524,2024,501463524,1,1,0,-1,19,3,7,-1,0,2,0,0,0,0,1,1,-1,6,3,-1,-1,-1,-1,-1,-1,-1,-1,0,-1
2024052400601,2024,052400601,1,9,0,9,9,6,4,0,0,8,0,0,0,0,1,1,6,6,3,-1,-1,-1,-1,-1,-1,-1,-1,0,-1
2024522403198,2024,522403198,1,1,0,18,19,8,4,0,0,0,0,0,0,0,2,1,6,6,1,21,5,-1,-1,-1,-1,1,E01014655,0,1
2024320727978,2024,320727978,3,9,0,2,2,0,0,0,0,0,0,0,0,0,2,1,6,6,1,38,7,-1,-1,-1,-1,4,E01026174,0,1
2024471465441,2024,471465441,2,19,0,-1,19,2,3,-1,0,4,0,0,0,0,1,1,-1,1,1,52,8,-1,-1,-1,-1,9,E01030573,0,4
2024141489930,2024,141489930,2,1,0,-1,6,7,5,-1,0,0,0,0,0,0,2,1,-1,9,1,59,9,-1,-1,-1,-1,2,E01007395,0,1
2024010529152,2024,010529152,2,1,0,17,19,5,1,0,0,8,0,0,0,0,1,1,2,2,1,22,5,-1,-1,-1,-1,4,E01003018,0,1
2024010512725,2024,010512725,2,9,0,99,99,9,9,99,99,9,9,99,9,99,9,9,6,6,3,-1,-1,-1,-1,-1,-1,-1,-1,0,-1
2024061459547,2024,061459547,2,90,9,-1,99,-1,-1,-1,99,0,0,0,0,0,9,9,-1,6,1,-1,-1,-1,-1,-1,-1,1,E01006019,0,1
2024501451807,2024,501451807,1,9,0,-1,19,4,8,-1,0,0,0,0,0,0,3,1,-1,9,1,24,5,-1,-1,-1,-1,4,E01020053,0,1
2024451416871,2024,451416871,1,9,0,-1,2,1,3,-1,0,2,0,0,0,0,3,1,-1,6,3,30,6,-1,-1,-1,-1,-1,-1,0,-1
2024440449676,2024,440449676,1,1,0,18,19,5,1,0,0,8,0,0,0,0,3,1,2,2,1,33,6,-1,-1,-1,-1,4,E01017087,0,1
2024430393938,2024,430393938,2,19,0,18,19,6,2,0,0,4,0,0,0,0,0,1,6,6,3,-1,-1,-1,-1,-1,-1,-1,-1,0,-1
2024201496812,2024,201496812,1,9,0,-1,19,6,2,-1,0,0,0,0,0,0,1,1,-1,6,-1,-1,-1,-1,-1,-1,-1,-1,-1,0,-1
2024141510562,2024,141510562,2,9,0,-1,19,2,6,-1,0,0,0,0,0,0,1,1,-1,9,1,45,7,-1,-1,-1,-1,9,E01007419,0,1
2024010542716,2024,010542716,2,1,0,4,4,1,5,0,0,1,0,0,0,0,1,1,1,1,1,47,8,-1,-1,-1,-1,2,E01035677,0,1
2024520402008,2024,520402008,2,1,0,18,19,1,5,0,0,0,0,0,0,0,1,1,6,6,1,43,7,-1,-1,-1,-1,6,E01029285,0,2
2024010529979,2024,010529979,1,1,9,99,99,9,9,99,99,9,9,99,9,99,1,1,2,2,1,24,5,-1,-1,-1,-1,5,E01001542,0,3
2024141535631,2024,141535631,1,1,0,-1,19,2,6,-1,0,6,0,0,0,0,1,1,-1,2,1,8,2,-1,-1,-1,-1,2,E01008089,0,1
2024610045124,2024,610045124,1,90,0,16,19,8,3,0,0,3,0,0,0,0,1,1,6,6,3,-1,-1,-1,-1,-1,-1,-1,-1,0,-1
2024010564986,2024,010564986,1,9,0,18,19,7,3,0,0,0,0,0,0,0,1,1,6,6,1,23,5,-1,-1,-1,-1,5,E01033579,0,2
2024141443517,2024,141443517,2,1,0,-1,5,8,4,-1,0,8,0,0,0,0,1,1,-1,6,2,11,3,-1,-1,-1,-1,-1,-1,0,-1
2024320141597,2024,320141597,2,9,0,-1,-1,1,5,0,0,0,0,0,0,0,2,1,6,6,1,33,6,-1,-1,-1,-1,9,E01026405,0,4
2024201511237,2024,201511237,2,9,0,-1,2,0,0,-1,0,0,0,0,0,0,0,1,-1,1,1,33,6,-1,-1,-1,-1,2,E01010264,0,4
2024451422333,2024,451422333,1,1,0,-1,4,1,5,-1,0,0,9,0,0,0,2,1,-1,9,1,39,7,-1,-1,-1,-1,10,E01004104,0,3
2024421456447,2024,421456447,1,3,0,-1,19,3,7,-1,0,0,0,10,0,0,1,1,-1,9,1,18,4,-1,-1,-1,-1,8,E01021524,0,3
2024430014544,2024,430014544,2,9,0,18,19,4,8,0,0,8,0,0,1,1,1,1,6,6,1,29,6,-1,-1,-1,-1,7,E01027159,0,4
2024010490616,2024,010490616,1,9,0,18,19,7,3,0,0,1,0,0,4,6,1,1,6,6,1,29,6,-1,-1,-1,-1,10,E01000276,0,1
2024471477570,2024,471477570,3,9,0,-1,4,1,5,-1,0,1,0,0,0,0,0,9,-1,6,3,-1,-1,-1,-1,-1,-1,-1,-1,0,-1
2024010508859,2024,010508859,1,1,9,99,99,9,9,99,99,9,9,99,9,99,9,1,6,6,1,58,9,-1,-1,-1,-1,4,E01001354,0,1
2024052400450,2024,052400450,2,9,0,9,9,7,5,0,0,8,0,0,0,0,1,1,6,6,2,38,7,-1,-1,-1,-1,8,E01007170,0,1
2024440115629,2024,440115629,2,9,0,17,19,4,8,0,0,0,0,0,0,0,1,1,6,6,1,36,7,-1,-1,-1,-1,10,E01022470,0,1
2024211418129,2024,211418129,4,9,0,-1,3,5,1,-1,0,0,0,0,0,0,2,9,-1,6,1,83,11,-1,-1,-1,-1,-1,-1,0,-1
2024052402657,2024,052402657,1,9,0,11,11,7,2,0,0,0,0,0,0,0,0,1,6,6,3,-1,-1,-1,-1,-1,-1,-1,-1,0,-1
2024010518525,2024,010518525,2,1,0,18,19,8,4,0,0,1,0,0,0,0,1,1,6,6,1,33,6,-1,-1,-1,-1,4,E01002695,0,1
202460Q092526,2024,60Q092526,1,9,0,18,19,7,3,0,0,0,0,0,0,0,1,1,6,6,1,76,11,-1,-1,-1,-1,-1,-1,0,-1
2024141555071,2024,141555071,1,9,0,-1,19,7,3,-1,0,0,0,0,0,0,2,1,-1,6,1,64,9,-1,-1,-1,-1,10,E01007915,0,3
2024440459898,2024,440459898,2,-1,0,18,19,3,7,0,0,0,0,0,0,0,1,1,6,6,1,18,4,-1,-1,-1,-1,1,E01017031,1,1
2024010496704,2024,010496704,2,3,0,18,19,3,7,0,0,0,0,0,0,0,1,1,6,6,1,30,6,-1,-1,-1,-1,3,E01003588,0,1
2024131435766,2024,131435766,2,1,0,-1,19,6,2,-1,0,1,2,0,0,0,1,1,-1,2,1,53,8,-1,-1,-1,-1,2,E01011250,0,2
2024131475364,2024,131475364,2,9,0,-1,2,0,0,-1,0,8,0,0,0,0,1,2,-1,6,-1,-1,-1,-1,-1,-1,-1,-1,-1,0,-1
2024101439000,2024,101439000,2,9,0,-1,20,8,4,-1,1,0,5,0,7,0,1,1,-1,9,2,33,6,-1,-1,-1,-1,6,-1,0,5
2024010517645,2024,010517645,1,1,9,99,99,9,9,99,99,0,9,99,9,99,9,1,6,6,1,56,9,-1,-1,-1,-1,5,E01003022,0,2
2024221464937,2024,221464937,1,9,0,-1,5,6,2,-1,0,1,0,0,0,0,3,1,-1,9,2,19,4,-1,-1,-1,-1,4,E01014015,0,3
2024010531684,2024,010531684,1,98,0,9,9,3,8,0,0,1,0,0,9,0,0,9,6,6,3,-1,-1,-1,-1,-1,-1,-1,-1,0,-1
2024101487461,2024,101487461,1,9,0,-1,19,3,7,-1,0,8,0,0,0,0,1,9,-1,6,2,60,9,-1,-1,-1,-1,-1,-1,0,-1
2024010542735,2024,010542735,1,9,0,-1,-1,4,8,0,0,2,2,10,3,4,1,1,6,6,1,20,4,-1,-1,-1,-1,4,E01030747,0,2
2024430108359,2024,430108359,1,4,0,18,19,5,1,0,0,8,0,0,0,0,1,1,2,2,1,37,7,-1,-1,-1,-1,6,E01017851,0,1
2024010518435,2024,010518435,2,1,0,10,10,6,3,0,0,2,2,0,0,0,4,1,2,2,1,50,8,-1,-1,-1,-1,4,E01034155,0,2
2024340WN9012,2024,340WN9012,1,5,0,-1,13,4,8,-1,0,0,0,0,1,9,1,1,-1,6,1,27,6,-1,-1,-1,-1,7,E01027277,0,1
2024010496259,2024,010496259,2,9,0,99,99,9,9,99,99,9,9,99,9,99,1,9,6,6,3,41,7,-1,-1,-1,-1,2,E01003057,0,1
2024010496976,2024,010496976,1,3,0,99,99,9,9,99,99,9,9,99,9,99,9,1,1,1,1,27,6,-1,-1,-1,-1,5,E01000994,0,1
2024010542728,2024,010542728,1,1,0,18,19,3,7,0,0,8,1,0,0,0,1,1,6,6,1,23,5,-1,-1,-1,-1,-1,-1,0,-1
2024010543188,2024,010543188,1,9,0,99,99,9,9,99,99,9,9,99,9,99,2,9,6,6,3,-1,-1,-1,-1,-1,-1,-1,-1,0,-1
2024440503224,2024,440503224,2,9,0,4,4,7,3,0,0,1,0,0,0,0,1,1,6,6,1,61,9,-1,-1,-1,-1,8,E01022718,0,1
2024201480665,2024,201480665,2,1,0,-1,19,4,8,-1,0,8,0,0,0,0,1,1,-1,6,1,30,6,-1,-1,-1,-1,-1,-1,0,-1
2024131490179,2024,131490179,2,1,0,-1,19,1,5,-1,0,8,1,0,0,0,1,1,-1,2,1,20,4,-1,-1,-1,-1,1,E01011625,0,2
2024041498402,2024,041498402,1,9,0,-1,5,3,7,-1,0,4,0,0,0,0,2,1,-1,7,2,37,7,-1,-1,-1,-1,1,E01025139,0,1
2024061478900,2024,061478900,1,1,0,-1,99,-1,-1,-1,0,8,5,0,0,0,3,1,-1,2,1,54,8,-1,-1,-1,-1,9,E01005055,0,1
2024302400939,2024,302400939,3,19,0,2,2,0,0,0,0,0,0,0,0,0,3,1,6,6,3,-1,-1,-1,-1,-1,-1,-1,-1,0,-1
2024131511677,2024,131511677,1,9,0,-1,19,7,3,-1,0,0,0,0,0,0,3,1,-1,9,1,19,4,-1,-1,-1,-1,2,E01011925,0,3
2024010488650,2024,010488650,1,9,0,18,19,7,3,0,0,8,0,0,0,0,1,1,6,6,2,41,7,-1,-1,-1,-1,2,E01001654,0,1
2024131421958,2024,131421958,2,1,0,-1,19,1,1,-1,0,1,0,0,0,0,1,1,-1,6,1,42,7,-1,-1,-1,-1,5,E01010882,0,1
2024052400032,2024,052400032,1,1,0,18,19,1,5,0,0,0,0,0,0,0,1,1,6,6,3,-1,-1,-1,-1,-1,-1,-1,-1,0,-1
2024451460802,2024,451460802,2,9,0,-1,13,1,1,-1,0,0,0,0,0,0,4,1,-1,6,3,30,6,-1,-1,-1,-1,-1,-1,0,-1
2024010519387,2024,010519387,1,9,0,99,99,9,9,4,4,3,0,99,9,99,4,9,6,6,3,-1,-1,-1,-1,-1,-1,-1,-1,0,-1
2024211532915,2024,211532915,2,1,0,-1,19,6,2,-1,0,8,0,0,0,0,4,1,-1,6,1,35,6,-1,-1,-1,-1,-1,-1,0,-1
2024211439273,2024,211439273,1,9,0,-1,19,5,1,-1,0,0,0,0,0,0,1,9,-1,6,1,19,4,-1,-1,-1,-1,7,E01029695,0,1
2024010547658,2024,010547658,2,1,0,-1,-1,7,3,0,0,1,0,0,0,0,3,1,2,2,1,62,9,-1,-1,-1,-1,4,E01000634,0,1
2024610004624,2024,610004624,1,23,0,18,19,1,5,0,0,6,0,0,0,0,1,1,6,6,1,12,3,-1,-1,-1,-1,1,W01001646,0,1
2024311481674,2024,311481674,1,9,0,-1,19,5,1,-1,0,1,0,0,0,0,1,9,-1,6,3,-1,-1,-1,-1,-1,-1,-1,-1,0,-1
2024010526810,2024,010526810,1,1,9,99,99,9,9,99,99,0,9,99,9,99,9,1,1,1,1,31,6,-1,-1,-1,-1,2,E01003252,0,1
2024131509060,2024,131509060,2,1,0,-1,19,1,4,-1,0,8,1,0,0,0,3,1,-1,6,1,31,6,-1,-1,-1,-1,1,E01011434,0,1
2024520401373,2024,520401373,1,9,0,18,19,1,5,0,0,0,0,0,7,10,1,1,6,6,1,67,10,-1,-1,-1,-1,8,E01032112,0,3
2024010510248,2024,010510248,1,9,0,11,11,7,3,0,0,0,0,0,0,0,4,1,6,6,3,-1,-1,-1,-1,-1,-1,-1,-1,0,-1
2024131530085,2024,131530085,2,9,0,-1,19,8,4,-1,0,0,0,0,0,0,1,1,-1,9,1,75,10,-1,-1,-1,-1,-1,-1,0,-1
2024131449387,2024,131449387,1,1,0,-1,19,5,1,-1,0,8,0,0,0,0,1,1,-1,6,1,20,4,-1,-1,-1,-1,2,E01034260,0,3
2024061530078,2024,061530078,3,99,0,-1,19,1,3,-1,0,0,0,0,0,0,4,9,-1,6,3,-1,-1,-1,-1,-1,-1,-1,-1,0,-1
2024010532317,2024,010532317,2,9,0,18,19,1,5,0,0,1,0,0,0,0,1,1,6,6,3,-1,-1,-1,-1,-1,-1,-1,-1,0,-1
2024041426794,2024,041426794,1,9,0,-1,13,3,7,-1,0,0,0,0,0,0,1,1,-1,6,3,-1,-1,-1,-1,-1,-1,-1,-1,0,-1
2024131435296,2024,131435296,1,9,0,-1,-1,-1,-1,-1,0,2,-1,-1,-1,-1,-1,1,-1,6,3,-1,-1,-1,-1,-1,-1,-1,-1,0,-1
2024052402231,2024,052402231,1,9,0,5,5,8,4,0,0,8,0,0,6,0,3,1,2,2,1,25,5,-1,-1,-1,-1,10,E01007146,0,3
2024161427283,2024,161427283,2,1,0,-1,4,1,3,-1,0,1,0,0,0,0,1,1,-1,6,1,63,9,-1,-1,-1,-1,-1,-1,0,-1
2024010500032,2024,010500032,1,1,0,18,19,1,5,2,2,0,0,0,0,0,3,1,6,6,1,36,7,-1,-1,-1,-1,5,E01001276,0,1
2024010519746,2024,010519746,1,21,0,18,19,4,8,0,0,0,0,0,0,0,4,1,6,6,3,-1,-1,-1,-1,-1,-1,-1,-1,0,-1
2024421523747,2024,421523747,2,9,-1,-1,19,5,1,-1,0,1,0,0,0,0,0,9,-1,6,3,-1,-1,-1,-1,-1,-1,-1,-1,0,-1
2024010533304,2024,010533304,2,1,0,18,19,7,3,4,4,1,2,0,1,0,1,1,6,6,2,41,7,-1,-1,-1,-1,4,E01001355,0,1
2024131435637,2024,131435637,2,-1,0,-1,19,2,6,-1,0,6,1,0,0,0,4,1,-1,9,2,18,4,-1,-1,-1,-1,2,E01011295,1,1
2024010521155,2024,010521155,1,1,9,18,19,6,2,99,99,9,9,99,9,99,9,1,6,6,1,59,9,-1,-1,-1,-1,9,E01002988,0,1
2024010523562,2024,010523562,2,-1,0,18,19,6,2,5,5,1,0,0,0,0,1,1,6,6,1,28,6,-1,-1,-1,-1,3,E01001792,1,1
2024010503328,2024,010503328,1,9,0,18,19,7,3,0,0,8,0,0,0,0,1,1,6,6,3,-1,-1,-1,-1,-1,-1,-1,-1,0,-1
2024010514388,2024,010514388,1,9,0,99,99,9,9,99,99,0,9,99,9,99,9,9,2,2,1,28,6,-1,-1,-1,-1,8,E01001399,0,3
2024131492141,2024,131492141,2,1,0,-1,19,5,1,-1,0,1,0,0,0,0,1,1,-1,6,2,8,2,-1,-1,-1,-1,1,E01011283,0,1
2024201440355,2024,201440355,1,-1,0,-1,19,6,2,-1,0,0,0,0,0,0,1,9,-1,6,1,18,4,-1,-1,-1,-1,-1,-1,1,-1
2024430405754,2024,430405754,1,21,1,12,12,8,4,0,0,0,0,0,0,0,1,2,6,6,1,-1,-1,-1,-1,-1,-1,-1,-1,0,-1
2024411514710,2024,411514710,2,9,0,-1,19,1,5,-1,0,0,2,0,0,0,2,1,-1,6,2,65,9,-1,-1,-1,-1,6,E01015659,0,4
2024411521115,2024,411521115,2,1,0,-1,19,7,3,-1,5,0,0,0,0,0,9,1,-1,9,1,29,6,-1,-1,-1,-1,6,E01023769,0,1
2024061492984,2024,061492984,2,1,0,-1,19,5,1,-1,4,1,0,0,0,0,3,1,-1,6,1,50,8,-1,-1,-1,-1,6,E01005172,0,1
2024122400427,2024,122400427,2,1,0,18,19,6,2,0,0,8,0,0,0,0,2,1,6,6,1,47,8,-1,-1,-1,-1,10,E01013387,0,1
2024131449537,2024,131449537,1,9,0,-1,5,1,5,-1,0,8,0,0,0,0,1,1,-1,9,1,21,5,-1,-1,-1,-1,3,E01011098,0,4
2024161430406,2024,161430406,2,1,0,-1,19,4,8,-1,0,0,0,0,0,0,2,1,-1,6,1,13,3,-1,-1,-1,-1,-1,-1,0,-1
2024010508669,2024,010508669,1,1,9,99,99,9,9,99,99,9,9,99,9,99,0,1,6,6,2,33,6,-1,-1,-1,-1,7,E01003199,0,2
2024221498921,2024,221498921,2,9,0,-1,19,1,5,-1,0,8,0,0,0,0,1,9,-1,6,1,19,4,-1,-1,-1,-1,8,E01031182,0,4
2024531518328,2024,531518328,3,9,0,-1,3,1,5,-1,0,0,0,0,0,0,2,9,-1,6,3,-1,-1,-1,-1,-1,-1,-1,-1,0,-1
2024311518251,2024,311518251,2,1,0,-1,19,2,6,-1,0,8,0,0,0,0,3,1,-1,6,1,20,4,-1,-1,-1,-1,6,E01029621,0,4
2024010523329,2024,010523329,1,1,9,99,99,9,9,99,99,9,9,99,9,99,9,1,2,2,1,24,5,-1,-1,-1,-1,5,E01032790,0,1
2024010530744,2024,010530744,2,1,0,11,11,7,3,0,0,2,0,0,0,0,4,1,6,6,1,57,9,-1,-1,-1,-1,6,E01001902,0,2
2024010544714,2024,010544714,1,90,0,99,99,9,9,99,99,9,9,99,9,99,9,1,6,6,3,-1,-1,-1,-1,-1,-1,5,E01003276,0,1
2024401427135,2024,401427135,1,90,-1,-1,-1,-1,-1,-1,9,-1,0,0,0,0,-1,9,-1,6,3,-1,-1,-1,-1,-1,-1,-1,-1,0,-1
2024540162024,2024,540162024,1,3,0,18,19,8,4,0,0,0,0,0,0,0,1,1,6,6,1,28,6,-1,-1,-1,-1,3,E01015510,0,1
2024010509990,2024,010509990,2,9,0,9,9,7,5,0,0,5,1,0,6,0,1,1,6,6,2,25,5,-1,-1,-1,-1,4,E01004571,0,1
2024131415205,2024,131415205,2,9,0,-1,19,5,1,-1,0,2,0,0,0,0,1,1,-1,9,1,21,5,-1,-1,-1,-1,1,E01005585,0,3
2024522401516,2024,522401516,1,1,0,18,19,3,7,0,0,0,0,10,1,0,4,1,6,6,1,29,6,-1,-1,-1,-1,6,E01033338,0,1
2024201434992,2024,201434992,1,9,0,-1,19,2,6,-1,0,0,0,0,0,0,1,1,-1,6,3,-1,-1,-1,-1,-1,-1,-1,-1,0,-1
2024520001791,2024,520001791,2,9,0,9,9,9,9,0,0,8,0,0,0,0,3,1,6,6,3,-1,-1,-1,-1,-1,-1,-1,-1,0,-1
2024141423780,2024,141423780,1,-1,0,-1,19,4,8,-1,4,0,0,0,0,0,1,9,-1,7,1,14,3,-1,-1,-1,-1,8,E01007618,1,1
2024552400849,2024,552400849,1,9,0,7,7,2,4,0,0,6,0,0,0,0,3,1,2,2,1,59,9,-1,-1,-1,-1,7,E01020424,0,1
2024070460728,2024,070460728,2,1,0,18,19,5,1,0,0,2,0,0,0,0,3,1,4,7,1,11,3,-1,-1,-1,-1,9,E01018655,0,1
2024010498664,2024,010498664,1,10,0,2,2,0,0,0,0,0,0,0,0,0,0,1,6,6,3,-1,-1,-1,-1,-1,-1,-1,-1,0,-1
2024010529816,2024,010529816,2,10,0,2,2,0,0,0,0,1,0,0,0,0,1,1,6,6,3,-1,-1,-1,-1,-1,-1,-1,-1,0,-1
2024010522661,2024,010522661,2,-1,0,18,19,3,7,0,0,0,0,0,0,0,1,1,6,6,1,53,8,-1,-1,-1,-1,2,E01001250,1,1
2024361437323,2024,361437323,2,1,0,-1,19,5,1,-1,0,0,0,0,0,0,3,1,-1,2,2,43,7,-1,-1,-1,-1,1,E01026624,0,1
2024061493623,2024,061493623,1,1,0,-1,-1,-1,-1,-1,-1,-1,-1,-1,-1,0,-1,1,-1,6,1,41,7,-1,-1,-1,-1,4,E01005991,0,1
2024010489454,2024,010489454,2,9,0,3,3,1,5,0,0,8,0,0,0,0,2,1,6,6,1,49,8,-1,-1,-1,-1,4,E01004711,0,1
2024010530579,2024,010530579,1,1,9,18,19,9,9,99,99,0,9,99,9,99,9,1,2,2,1,25,5,-1,-1,-1,-1,6,E01003033,0,1
2024440392293,2024,440392293,2,9,0,4,4,8,4,0,0,1,0,0,0,0,1,1,6,6,3,-1,-1,-1,-1,-1,-1,-1,-1,0,-1
2024161417044,2024,161417044,2,9,-1,-1,19,7,3,-1,0,8,0,0,0,0,4,9,-1,6,1,-1,-1,-1,-1,-1,-1,-1,-1,0,-1
202460Q080469,2024,60Q080469,2,9,0,7,7,8,4,0,0,1,0,0,0,0,1,1,6,6,1,60,9,-1,-1,-1,-1,-1,-1,0,-1
2024052402071,2024,052402071,2,-1,0,18,19,5,1,0,0,0,0,0,0,0,0,1,6,6,1,43,7,-1,-1,-1,-1,-1,-1,1,-1
2024302400116,2024,302400116,2,9,0,9,9,6,4,0,0,5,0,0,0,0,3,1,6,6,2,49,8,-1,-1,-1,-1,8,E01019834,0,1
2024010495938,2024,010495938,2,9,0,99,99,9,9,0,0,0,9,99,9,99,1,9,6,6,3,-1,-1,-1,-1,-1,-1,-1,-1,0,-1
2024311500966,2024,311500966,1,1,0,-1,19,7,3,-1,0,0,0,0,0,0,2,1,-1,1,1,33,6,-1,-1,-1,-1,-1,-1,0,-1
2024430135657,2024,430135657,1,9,0,9,9,4,2,0,0,5,0,0,0,0,1,1,6,6,1,-1,-1,-1,-1,-1,-1,-1,-1,0,-1
2024471494069,2024,471494069,2,9,0,-1,19,6,2,-1,0,0,0,0,0,0,0,9,-1,6,3,-1,-1,-1,-1,-1,-1,-1,-1,0,-1
2024430312696,2024,430312696,1,11,0,18,19,4,8,0,0,0,0,0,0,0,0,1,1,1,3,-1,-1,-1,-1,-1,-1,-1,-1,0,-1
2024010487722,2024,010487722,1,9,0,18,19,1,5,0,0,1,0,0,0,0,0,1,2,2,2,51,8,-1,-1,-1,-1,-1,-1,0,-1
2024361474756,2024,361474756,1,1,0,-1,19,2,6,-1,5,0,0,0,0,0,1,1,-1,9,1,21,5,-1,-1,-1,-1,1,E01026598,0,1
2024010527976,2024,010527976,1,1,0,18,19,2,6,4,4,0,0,0,0,0,1,1,6,6,1,32,6,-1,-1,-1,-1,9,E01004589,0,1
2024010523807,2024,010523807,2,9,0,99,99,9,9,99,99,9,9,99,9,99,9,9,6,6,3,-1,-1,-1,-1,-1,-1,-1,-1,0,-1
2024010516110,2024,010516110,1,9,0,18,19,3,7,0,0,0,0,0,0,0,1,1,6,6,3,-1,-1,-1,-1,-1,-1,-1,-1,0,-1
2024010551282,2024,010551282,2,9,0,7,7,9,9,99,99,9,9,99,9,99,0,9,6,6,3,-1,-1,-1,-1,-1,-1,-1,-1,0,-1
2024411500421,2024,411500421,1,9,0,-1,-1,-1,-1,-1,0,2,-1,-1,-1,0,4,9,-1,6,2,47,8,-1,-1,-1,-1,10,E01023449,0,1
2024101410769,2024,101410769,1,8,0,-1,1,8,4,-1,0,8,0,0,0,0,2,9,-1,1,1,75,10,-1,-1,-1,-1,4,E01027435,0,2
2024061515923,2024,061515923,1,9,0,-1,5,5,3,-1,0,4,0,0,0,0,3,1,-1,6,2,51,8,-1,-1,-1,-1,4,E01004782,0,1
2024520401932,2024,520401932,3,9,0,18,19,7,4,0,0,0,0,0,0,0,1,1,6,6,2,61,9,-1,-1,-1,-1,10,E01029168,0,4
2024010494604,2024,010494604,1,19,4,18,19,4,8,0,0,3,0,0,0,0,1,2,1,1,2,40,7,-1,-1,-1,-1,-1,-1,0,-1
2024471425111,2024,471425111,1,9,0,-1,7,1,7,-1,0,1,0,0,0,0,1,9,-1,6,3,-1,-1,-1,-1,-1,-1,-1,-1,0,-1
2024010497227,2024,010497227,2,9,0,18,19,4,8,0,0,0,2,4,0,0,1,1,6,6,2,64,9,-1,-1,-1,-1,10,E01023581,0,2
2024421530199,2024,421530199,1,9,0,-1,7,3,5,-1,0,5,0,0,0,0,1,1,-1,6,3,-1,-1,-1,-1,-1,-1,-1,-1,0,-1