collision_index,collision_year,collision_ref_no,vehicle_reference,vehicle_type,towing_and_articulation,vehicle_manoeuvre_historic,vehicle_manoeuvre,vehicle_direction_from,vehicle_direction_to,vehicle_location_restricted_lane_historic,vehicle_location_restricted_lane,junction_location,skidding_and_overturning,hit_object_in_carriageway,vehicle_leaving_carriageway,hit_object_off_carriageway,first_point_of_impact,vehicle_left_hand_drive,journey_purpose_of_driver_historic,journey_purpose_of_driver,sex_of_driver,age_of_driver,age_band_of_driver,engine_capacity_cc,propulsion_code,age_of_vehicle,generic_make_model,driver_imd_decile,lsoa_of_driver,escooter_flag,driver_distance_banding
2024430101463,2024,430101463,2,9,0,2,2,0,0,0,0,0,0,0,0,0,2,1,6,6,1,64,9,-1,-1,-1,-1,2,E01028567,0,2
2024461492979,2024,461492979,1,9,0,-1,99,5,1,-1,0,1,0,0,0,0,1,9,-1,6,3,-1,-1,-1,-1,-1,-1,-1,-1,0,-1
2024631481201,2024,631481201,2,1,0,-1,19,7,3,-1,0,0,0,4,0,0,1,1,-1,6,1,58,9,-1,-1,-1,-1,2,W01000756,0,2
2024430584005,2024,430584005,1,1,0,18,19,7,3,0,0,8,0,0,0,0,1,1,6,6,1,47,8,-1,-1,-1,-1,5,E01001931,0,4
2024161412290,2024,161412290,1,22,0,-1,19,7,3,-1,0,0,0,10,0,0,1,1,-1,6,1,75,10,-1,-1,-1,-1,6,E01012940,0,1
2024101489436,2024,101489436,1,9,0,-1,19,4,8,-1,0,0,0,0,0,0,1,9,-1,6,3,-1,-1,-1,-1,-1,-1,-1,-1,0,-1
2024010512592,2024,010512592,2,9,0,99,99,9,9,99,99,9,9,99,9,99,0,9,6,6,3,-1,-1,-1,-1,-1,-1,-1,-1,0,-1
2024041469184,2024,041469184,1,23,0,-1,19,7,3,-1,0,0,0,0,0,0,-1,1,-1,6,3,-1,-1,-1,-1,-1,-1,-1,-1,0,-1
2024461440884,2024,461440884,2,9,0,-1,2,0,0,-1,0,0,0,0,0,0,2,1,-1,6,-1,-1,-1,-1,-1,-1,-1,-1,-1,0,-1
2024430207369,2024,430207369,2,1,0,18,19,8,4,0,0,0,0,0,0,0,0,1,6,6,1,47,8,-1,-1,-1,-1,10,E01017894,0,1
2024461416194,2024,461416194,2,9,0,-1,3,8,4,-1,0,1,0,0,0,0,2,1,-1,9,2,32,6,-1,-1,-1,-1,1,E01024584,0,1
2024421408189,2024,421408189,2,9,0,-1,10,1,5,-1,0,0,0,0,0,0,2,1,-1,2,2,26,6,-1,-1,-1,-1,-1,-1,0,-1
2024440418190,2024,440418190,1,1,0,18,19,1,5,0,0,8,0,0,0,0,4,1,6,6,2,43,7,-1,-1,-1,-1,4,E01023153,0,1
2024010542466,2024,010542466,2,9,0,99,99,9,9,99,99,9,9,99,9,99,1,9,6,6,3,-1,-1,-1,-1,-1,-1,-1,-1,0,-1
2024991415627,2024,991415627,1,11,0,-1,3,8,4,-1,0,1,0,0,0,0,0,1,-1,1,1,-1,-1,-1,-1,-1,-1,-1,-1,0,-1
2024991473713,2024,991473713,1,9,0,-1,5,7,3,-1,0,5,0,0,0,0,1,2,-1,6,1,34,6,-1,-1,-1,-1,-1,-1,0,-1
2024010491149,2024,010491149,1,21,1,3,3,1,5,0,0,0,0,0,0,0,2,1,6,6,1,60,9,-1,-1,-1,-1,3,E01000335,0,3
2024302401347,2024,302401347,2,9,0,9,9,5,2,0,0,8,0,0,0,0,0,1,6,6,3,-1,-1,-1,-1,-1,-1,5,E01019456,0,4
2024201454302,2024,201454302,2,9,0,-1,2,0,0,-1,0,0,0,0,0,0,2,9,-1,1,1,63,9,-1,-1,-1,-1,5,E01033559,0,1
2024401538532,2024,401538532,3,1,0,-1,19,6,2,-1,0,0,5,0,0,0,3,1,-1,6,1,60,9,-1,-1,-1,-1,5,E01017388,0,1
2024201514994,2024,201514994,3,19,0,-1,2,0,0,-1,0,0,0,4,0,0,4,1,-1,6,2,32,6,-1,-1,-1,-1,2,E01009795,0,2
2024010539307,2024,010539307,1,1,0,15,15,5,1,0,0,0,0,0,0,0,1,1,2,2,1,53,8,-1,-1,-1,-1,6,E01003790,0,2
2024052401131,2024,052401131,1,9,0,18,19,4,1,0,0,4,0,0,0,0,1,1,6,6,1,-1,-1,-1,-1,-1,-1,-1,-1,0,-1
2024010493467,2024,010493467,1,9,0,9,9,6,5,2,2,8,0,0,0,0,4,1,1,1,1,49,8,-1,-1,-1,-1,8,E01000649,0,3
2024221443347,2024,221443347,2,1,0,-1,19,7,3,-1,0,0,0,0,0,0,1,1,-1,6,1,79,11,-1,-1,-1,-1,6,E01009069,0,3
2024010492317,2024,010492317,1,9,0,16,19,3,4,0,0,2,0,0,0,0,1,1,1,1,1,39,7,-1,-1,-1,-1,2,E01001555,0,2
2024010508696,2024,010508696,1,1,9,99,99,9,9,99,99,9,9,99,9,99,2,1,6,6,1,45,7,-1,-1,-1,-1,6,E01003359,0,2
2024010510469,2024,010510469,3,1,0,3,3,5,1,0,0,1,0,0,0,0,1,1,6,6,1,17,4,-1,-1,-1,-1,3,E01032562,0,1
2024010538461,2024,010538461,1,2,0,18,19,1,5,0,0,2,1,0,0,0,1,1,2,2,1,40,7,-1,-1,-1,-1,3,E01003073,0,2
2024010489458,2024,010489458,1,9,0,99,99,9,9,0,0,1,0,0,0,0,1,1,6,6,3,-1,-1,-1,-1,-1,-1,-1,-1,0,-1
2024052400691,2024,052400691,2,1,0,18,19,5,1,0,0,8,0,0,0,0,2,1,6,6,1,57,9,-1,-1,-1,-1,3,E01007022,0,1
2024471407167,2024,471407167,2,1,0,-1,19,3,7,-1,0,0,0,0,0,0,1,1,-1,6,1,47,8,-1,-1,-1,-1,9,E01020942,0,2
2024221429939,2024,221429939,1,1,0,-1,4,2,6,-1,0,8,0,0,0,0,1,1,-1,7,1,12,3,-1,-1,-1,-1,1,E01014198,0,1
2024440364765,2024,440364765,2,9,0,18,19,5,1,0,0,1,0,0,0,0,4,1,6,6,2,43,7,-1,-1,-1,-1,10,E01023038,0,4
2024070687419,2024,070687419,1,1,0,18,19,4,8,0,0,0,0,0,0,0,0,1,2,2,2,21,5,-1,-1,-1,-1,6,E01018340,0,1
2024440549341,2024,440549341,2,1,0,9,9,8,0,0,0,5,0,0,0,0,3,1,6,6,2,45,7,-1,-1,-1,-1,8,E01022864,0,1
2024552401062,2024,552401062,2,1,0,18,19,4,8,0,0,0,0,11,0,0,3,1,6,6,1,13,3,-1,-1,-1,-1,9,E01015463,0,1
2024421474210,2024,421474210,2,1,0,-1,19,-1,-1,-1,4,0,2,0,0,0,4,1,-1,2,1,47,8,-1,-1,-1,-1,5,E01021865,0,1
2024631468720,2024,631468720,1,90,4,-1,19,1,5,-1,0,0,1,0,2,10,1,1,-1,2,1,32,6,-1,-1,-1,-1,9,E01028738,0,5
2024501485607,2024,501485607,1,9,0,-1,19,2,6,-1,0,0,5,11,1,4,1,1,-1,6,1,29,6,-1,-1,-1,-1,2,E01015170,0,1
2024010533833,2024,010533833,2,1,0,18,19,3,7,0,0,0,0,0,0,0,1,1,1,1,1,42,7,-1,-1,-1,-1,3,E01000640,0,1
2024430114442,2024,430114442,1,9,0,18,19,7,3,0,0,0,0,0,0,0,1,1,6,6,3,-1,-1,-1,-1,-1,-1,-1,-1,0,-1
2024010547798,2024,010547798,2,1,0,18,19,5,1,0,0,1,0,0,0,0,1,1,2,2,1,26,6,-1,-1,-1,-1,4,E01003209,0,1
2024101483456,2024,101483456,2,1,0,-1,19,1,5,-1,0,1,0,0,0,0,1,1,-1,6,1,63,9,-1,-1,-1,-1,-1,-1,0,-1
2024031463756,2024,031463756,2,1,0,-1,4,1,5,-1,0,0,0,0,0,0,2,1,-1,2,1,40,7,-1,-1,-1,-1,-1,-1,0,-1
2024201401212,2024,201401212,1,9,0,-1,12,2,6,-1,0,8,0,0,0,0,1,9,-1,6,1,-1,-1,-1,-1,-1,-1,-1,-1,0,-1
2024041405938,2024,041405938,2,9,0,-1,19,3,7,-1,0,0,1,0,0,0,4,1,-1,9,2,34,6,-1,-1,-1,-1,1,E01012709,0,1
2024351430109,2024,351430109,2,1,0,-1,19,-1,-1,-1,4,1,0,0,0,0,1,1,-1,6,2,43,7,-1,-1,-1,-1,10,E01035561,0,1
2024010505904,2024,010505904,1,1,9,99,99,9,9,99,99,9,9,99,9,99,2,1,2,2,1,27,6,-1,-1,-1,-1,4,E01003102,0,3
2024071055683,2024,071055683,3,9,0,-1,3,1,5,-1,0,1,0,0,0,0,3,9,-1,6,1,-1,-1,-1,-1,-1,-1,-1,-1,0,-1
2024061487413,2024,061487413,1,23,0,-1,19,7,3,-1,0,0,0,0,0,0,1,1,-1,6,1,-1,-1,-1,-1,-1,-1,8,E01024944,0,3
2024041488313,2024,041488313,2,97,0,-1,19,5,1,-1,0,1,0,0,1,10,1,1,-1,6,1,70,10,-1,-1,-1,-1,4,E01012665,0,4
2024351492410,2024,351492410,2,1,0,-1,4,3,7,-1,0,1,1,0,0,0,4,1,-1,2,1,46,8,-1,-1,-1,-1,7,E01015627,0,2
2024471421313,2024,471421313,1,9,0,-1,19,1,5,-1,0,0,5,0,4,4,0,1,-1,9,1,72,10,-1,-1,-1,-1,6,E01021066,0,4
2024421474687,2024,421474687,3,9,0,-1,19,7,3,-1,0,0,0,0,0,0,3,1,-1,1,1,57,9,-1,-1,-1,-1,2,E01022046,0,2
2024101441443,2024,101441443,2,9,0,-1,19,3,7,-1,0,0,0,0,0,0,1,2,-1,9,1,20,4,-1,-1,-1,-1,-1,-1,0,-1
2024111487959,2024,111487959,2,99,0,-1,19,5,1,-1,0,0,0,0,0,0,2,1,-1,1,1,24,5,-1,-1,-1,-1,9,E01032546,0,1
2024311430094,2024,311430094,2,1,0,-1,19,8,4,-1,4,8,0,0,0,0,1,1,-1,9,2,58,9,-1,-1,-1,-1,-1,-1,0,-1
2024440020973,2024,440020973,2,-1,0,9,9,4,2,0,0,8,0,0,0,0,1,1,6,6,2,25,5,-1,-1,-1,-1,8,E01017180,1,1
2024010490805,2024,010490805,1,9,0,9,9,5,3,4,4,6,0,0,0,0,4,1,6,6,3,-1,-1,-1,-1,-1,-1,-1,-1,0,-1
2024320482456,2024,320482456,1,17,0,-1,-1,6,2,0,0,0,0,0,0,0,0,1,1,1,3,-1,-1,-1,-1,-1,-1,-1,-1,0,-1
2024411502119,2024,411502119,2,3,0,-1,4,4,8,-1,0,2,0,0,0,0,1,1,-1,6,1,25,5,-1,-1,-1,-1,6,E01023762,0,2
2024101398172,2024,101398172,1,9,-1,-1,19,5,1,-1,0,0,0,0,0,0,4,9,-1,6,1,-1,-1,-1,-1,-1,-1,-1,-1,0,-1
2024361445882,2024,361445882,1,1,0,-1,19,3,2,-1,0,8,0,0,0,0,3,1,-1,1,1,31,6,-1,-1,-1,-1,9,E01026839,0,1
2024010488110,2024,010488110,2,9,0,99,99,9,9,99,99,9,9,99,9,99,9,9,6,6,3,-1,-1,-1,-1,-1,-1,-1,-1,0,-1
2024052400157,2024,052400157,2,1,0,5,5,8,4,0,0,4,0,0,0,0,3,1,6,6,1,17,4,-1,-1,-1,-1,4,E01007161,0,1
2024361500471,2024,361500471,1,9,0,-1,19,1,5,-1,0,0,1,0,7,0,1,1,-1,9,1,31,6,-1,-1,-1,-1,6,E01026541,0,1
2024501481668,2024,501481668,1,9,0,-1,19,4,6,-1,0,2,0,0,0,0,4,9,-1,6,3,-1,-1,-1,-1,-1,-1,-1,-1,0,-1
2024010492891,2024,010492891,1,19,0,18,19,7,3,0,0,0,0,0,0,0,1,1,1,1,1,31,6,-1,-1,-1,-1,8,E01024762,0,4
2024320419374,2024,320419374,2,1,0,-1,-1,8,4,0,0,8,0,0,0,0,1,1,6,6,1,15,3,-1,-1,-1,-1,1,E01026083,0,1
2024010539931,2024,010539931,1,9,0,18,19,8,4,0,0,1,0,0,0,0,1,1,6,6,3,-1,-1,-1,-1,-1,-1,-1,-1,0,-1
2024461523184,2024,461523184,1,19,0,-1,19,7,2,-1,0,0,0,0,0,0,2,9,-1,6,3,18,4,-1,-1,-1,-1,-1,-1,0,-1
2024231447760,2024,231447760,1,99,9,-1,19,6,2,-1,0,1,0,0,0,0,1,1,-1,6,3,38,7,-1,-1,-1,-1,-1,-1,0,-1
2024201418433,2024,201418433,1,9,0,-1,19,3,7,-1,0,3,0,0,0,0,1,9,-1,2,1,39,7,-1,-1,-1,-1,7,E01008991,0,1
2024010500899,2024,010500899,1,1,9,99,99,9,9,99,99,9,9,99,9,99,9,1,2,2,1,46,8,-1,-1,-1,-1,6,E01001288,0,1
2024131483842,2024,131483842,1,9,0,-1,19,3,7,-1,0,0,0,0,0,0,1,1,-1,9,1,21,5,-1,-1,-1,-1,3,E01011258,0,1
2024010518262,2024,010518262,2,1,0,18,19,3,7,9,9,2,0,0,0,0,1,1,6,6,1,21,5,-1,-1,-1,-1,8,E01001314,0,1
2024010489114,2024,010489114,1,9,9,99,99,9,9,99,99,9,9,99,9,99,9,9,6,6,3,-1,-1,-1,-1,-1,-1,-1,-1,0,-1
2024141493264,2024,141493264,1,9,0,-1,19,8,4,-1,0,3,0,0,0,0,1,9,-1,6,3,-1,-1,-1,-1,-1,-1,-1,-1,0,-1
2024221428380,2024,221428380,2,9,0,-1,19,4,1,-1,0,8,0,0,0,0,1,9,-1,6,3,45,7,-1,-1,-1,-1,-1,-1,0,-1
2024010517745,2024,010517745,2,16,5,18,19,7,3,0,0,0,5,0,0,0,1,1,6,6,1,30,6,-1,-1,-1,-1,9,E01014765,0,5
2024010512282,2024,010512282,2,1,0,7,7,5,8,0,0,2,0,0,0,0,3,1,6,6,1,27,6,-1,-1,-1,-1,-1,-1,0,-1
2024010541630,2024,010541630,3,9,0,99,99,9,9,99,99,9,9,99,9,99,1,9,6,6,3,-1,-1,-1,-1,-1,-1,-1,-1,0,-1
2024010503888,2024,010503888,1,1,0,3,3,3,7,1,1,1,0,0,0,0,1,1,6,6,1,35,6,-1,-1,-1,-1,-1,-1,0,-1
2024340NN0012,2024,340NN0012,1,9,0,-1,19,7,3,-1,0,0,0,0,2,3,4,1,-1,2,1,35,6,-1,-1,-1,-1,4,E01027352,0,1
2024440481510,2024,440481510,2,9,0,18,19,5,2,0,0,8,0,0,0,0,3,1,6,6,3,-1,-1,-1,-1,-1,-1,-1,-1,0,-1
2024010497879,2024,010497879,2,19,0,10,10,7,4,0,0,0,0,0,0,0,0,1,1,1,1,50,8,-1,-1,-1,-1,4,E01004421,0,3
2024010521605,2024,010521605,1,19,0,99,99,9,9,99,99,9,9,99,9,99,9,9,6,6,3,-1,-1,-1,-1,-1,-1,-1,-1,0,-1
2024440379272,2024,440379272,1,1,0,10,10,3,7,0,0,1,0,0,0,0,3,1,2,2,1,55,8,-1,-1,-1,-1,9,E01035441,0,3
2024461422345,2024,461422345,1,9,0,-1,12,5,1,-1,0,4,0,0,0,0,4,9,-1,6,1,-1,-1,-1,-1,-1,-1,3,E01000385,0,4
2024131467914,2024,131467914,2,9,0,-1,4,5,1,-1,0,0,0,0,0,0,2,1,-1,9,1,70,10,-1,-1,-1,-1,6,E01011518,0,1
2024041442795,2024,041442795,2,1,0,-1,19,5,3,-1,5,1,0,0,0,0,1,1,-1,1,1,33,6,-1,-1,-1,-1,1,E01025092,0,1
2024010491133,2024,010491133,1,3,0,18,19,1,5,0,0,1,0,0,0,0,1,1,2,2,1,31,6,-1,-1,-1,-1,4,E01002704,0,2
2024010491458,2024,010491458,2,9,0,5,5,7,3,0,0,0,0,0,0,0,3,1,6,6,1,49,8,-1,-1,-1,-1,-1,-1,0,-1
2024631486889,2024,631486889,1,9,0,-1,9,3,1,-1,0,0,0,0,0,0,1,1,-1,1,1,55,8,-1,-1,-1,-1,7,W01000460,0,3
2024201440588,2024,201440588,2,1,0,-1,19,5,1,-1,0,8,0,0,0,0,3,1,-1,2,1,18,4,-1,-1,-1,-1,-1,-1,0,-1
2024010527651,2024,010527651,1,1,9,99,99,9,9,99,99,9,9,99,9,99,1,1,6,6,1,52,8,-1,-1,-1,-1,3,E01002043,0,3
2024010532758,2024,010532758,1,90,0,18,19,1,5,0,0,0,0,0,0,0,1,1,6,6,1,-1,-1,-1,-1,-1,-1,-1,-1,0,-1
2024010492124,2024,010492124,2,9,0,18,19,7,3,0,0,4,0,0,0,0,1,1,6,6,1,56,9,-1,-1,-1,-1,9,E01000695,0,1
2024010507155,2024,010507155,1,19,0,99,99,9,9,0,0,0,0,0,0,0,1,1,6,6,3,-1,-1,-1,-1,-1,-1,-1,-1,0,-1
2024070963447,2024,070963447,2,1,0,-1,19,7,3,-1,0,1,0,0,0,0,1,1,-1,1,1,14,3,-1,-1,-1,-1,4,E01018512,0,1
2024070402511,2024,070402511,2,1,0,18,19,1,5,0,0,0,0,0,0,0,1,1,1,1,2,56,9,-1,-1,-1,-1,8,E01035389,0,1
2024302400345,2024,302400345,1,19,0,18,19,3,7,0,0,1,0,0,0,0,4,1,6,6,3,-1,-1,-1,-1,-1,-1,5,E01019456,0,2
2024461440033,2024,461440033,4,9,0,-1,19,8,4,-1,0,1,0,0,0,0,1,1,-1,2,1,44,7,-1,-1,-1,-1,7,E01024547,0,4
2024421502538,2024,421502538,2,9,0,-1,10,4,2,-1,0,1,0,0,0,0,2,1,-1,9,1,26,6,-1,-1,-1,-1,6,E01021730,0,2
2024010493549,2024,010493549,3,9,0,2,2,0,0,0,0,2,0,0,0,0,0,1,6,6,3,-1,-1,-1,-1,-1,-1,-1,-1,0,-1
2024430465722,2024,430465722,2,1,0,18,19,5,1,0,0,8,0,0,0,0,1,1,2,2,2,50,8,-1,-1,-1,-1,9,E01001281,0,4
2024340NN0042,2024,340NN0042,1,90,0,-1,19,6,2,-1,0,0,0,0,0,0,1,1,-1,6,3,-1,-1,-1,-1,-1,-1,-1,-1,0,-1
2024010510335,2024,010510335,2,21,1,4,4,1,5,0,0,0,0,0,0,0,3,2,1,1,1,56,9,-1,-1,-1,-1,-1,-1,0,-1
2024061495919,2024,061495919,1,9,0,-1,19,6,2,-1,0,0,0,0,0,0,1,1,-1,2,1,28,6,-1,-1,-1,-1,5,E01005743,0,1
2024010504725,2024,010504725,2,9,0,99,99,9,9,99,99,0,9,99,9,99,1,9,6,6,3,-1,-1,-1,-1,-1,-1,-1,-1,0,-1
2024440379157,2024,440379157,1,9,0,17,19,8,4,0,0,0,0,0,1,0,1,1,1,1,1,25,5,-1,-1,-1,-1,4,E01009497,0,5
2024161408051,2024,161408051,2,-1,0,-1,19,8,4,-1,0,0,0,0,0,0,3,9,-1,6,1,28,6,-1,-1,-1,-1,1,E01012864,1,1
2024332400792,2024,332400792,1,9,0,-1,19,5,1,-1,0,0,0,0,0,0,1,1,-1,6,2,20,4,-1,-1,-1,-1,9,E01025669,0,1
2024161474719,2024,161474719,2,9,0,-1,19,2,6,-1,0,0,0,0,0,0,1,9,-1,6,2,20,4,-1,-1,-1,-1,3,E01013143,0,1
2024610012224,2024,610012224,1,9,0,18,19,4,8,0,0,0,0,0,0,0,3,1,2,2,2,31,6,-1,-1,-1,-1,2,W01001465,0,3
2024340WN0282,2024,340WN0282,1,8,0,-1,19,6,2,-1,0,1,1,10,0,0,1,1,-1,6,1,47,8,-1,-1,-1,-1,-1,-1,0,-1
202417M114824,2024,17M114824,1,9,0,-1,19,4,8,-1,0,8,0,0,0,0,4,1,-1,9,1,49,8,-1,-1,-1,-1,-1,-1,0,-1
2024010507090,2024,010507090,1,1,9,99,99,9,9,99,99,9,9,99,9,99,9,1,1,1,1,57,9,-1,-1,-1,-1,4,E01000872,0,1
2024501426514,2024,501426514,1,9,0,-1,19,2,6,-1,0,2,0,0,0,0,1,2,-1,9,1,57,9,-1,-1,-1,-1,-1,-1,0,-1
2024041496332,2024,041496332,1,98,0,-1,19,1,5,-1,0,0,1,0,0,0,3,1,-1,2,1,34,6,-1,-1,-1,-1,1,E01012751,0,4
2024061447153,2024,061447153,2,97,0,-1,7,4,1,-1,0,1,1,0,0,0,4,1,-1,9,1,17,4,-1,-1,-1,-1,-1,-1,0,-1
2024522403185,2024,522403185,2,1,0,11,11,4,6,0,0,3,0,0,0,0,2,1,6,6,1,36,7,-1,-1,-1,-1,5,E01014530,0,1
2024010502041,2024,010502041,2,19,0,99,99,9,9,99,99,9,9,99,9,99,1,9,6,6,3,26,6,-1,-1,-1,-1,6,E01003435,0,3
2024201471818,2024,201471818,1,98,0,-1,12,5,1,-1,0,0,0,0,0,0,1,1,-1,1,1,42,7,-1,-1,-1,-1,7,E01001292,0,5
2024010517393,2024,010517393,1,1,0,18,19,3,7,0,0,1,5,0,0,0,0,1,6,6,1,52,8,-1,-1,-1,-1,6,E01000238,0,2
2024010489398,2024,010489398,1,9,0,18,19,5,1,0,0,4,0,0,0,0,1,1,2,2,1,31,6,-1,-1,-1,-1,8,E01033569,0,3
2024531480887,2024,531480887,2,9,0,-1,3,5,1,-1,0,0,0,0,0,0,2,1,-1,6,1,53,8,-1,-1,-1,-1,5,E01022231,0,3
2024111477662,2024,111477662,1,1,0,-1,19,3,7,-1,0,0,0,0,0,0,1,1,-1,6,1,20,4,-1,-1,-1,-1,-1,-1,0,-1
202460Q106378,2024,60Q106378,1,9,0,18,19,4,8,0,0,0,0,0,0,0,0,1,6,6,3,-1,-1,-1,-1,-1,-1,-1,-1,0,-1
2024010490979,2024,010490979,2,19,0,99,99,9,9,99,99,9,9,99,9,99,9,9,6,6,3,-1,-1,-1,-1,-1,-1,-1,-1,0,-1
2024401439838,2024,401439838,2,90,0,-1,4,3,8,-1,0,0,0,0,0,0,2,1,-1,2,1,32,6,-1,-1,-1,-1,4,E01033497,0,3
2024010494589,2024,010494589,1,9,0,-1,-1,3,7,0,0,1,0,0,0,0,1,1,6,6,1,23,5,-1,-1,-1,-1,4,E01002557,0,4
2024501505966,2024,501505966,1,1,0,-1,9,6,2,-1,0,1,0,0,0,0,1,1,-1,9,1,21,5,-1,-1,-1,-1,7,E01019997,0,1
202460Q000185,2024,60Q000185,1,1,0,18,19,7,3,0,0,0,0,0,0,0,0,1,6,6,1,80,11,-1,-1,-1,-1,-1,-1,0,-1
2024430014561,2024,430014561,1,9,0,18,19,7,3,0,0,8,0,0,0,0,4,1,6,6,1,52,8,-1,-1,-1,-1,7,E01016417,0,1
2024010538046,2024,010538046,2,9,0,99,99,9,9,99,99,9,9,99,9,99,9,9,6,6,3,-1,-1,-1,-1,-1,-1,-1,-1,0,-1
2024991425333,2024,991425333,2,1,0,-1,19,5,1,-1,0,2,0,0,0,0,1,1,-1,9,1,40,7,-1,-1,-1,-1,2,-1,0,1
2024101436622,2024,101436622,2,9,0,-1,19,5,1,-1,0,0,1,0,0,0,4,9,-1,6,2,22,5,-1,-1,-1,-1,5,E01008869,0,1
2024010490284,2024,010490284,2,9,0,18,19,1,5,0,0,8,0,0,0,0,3,1,1,1,1,49,8,-1,-1,-1,-1,2,E01034149,0,1
2024302400959,2024,302400959,2,9,0,18,19,8,4,0,0,8,0,0,0,0,0,1,6,6,3,-1,-1,-1,-1,-1,-1,5,E01019456,0,3
2024061400294,2024,061400294,5,9,0,-1,19,8,4,-1,0,0,0,0,0,0,2,1,-1,1,1,31,6,-1,-1,-1,-1,2,E01004867,0,1
2024010525226,2024,010525226,2,9,0,6,6,5,5,0,0,0,0,0,0,0,1,1,6,6,3,-1,-1,-1,-1,-1,-1,-1,-1,0,-1
2024332400516,2024,332400516,1,9,0,-1,19,4,8,-1,0,0,0,0,0,0,1,1,-1,6,1,32,6,-1,-1,-1,-1,3,E01034003,0,1
2024010533620,2024,010533620,1,1,9,99,99,9,9,99,99,0,9,99,9,99,1,1,6,6,1,55,8,-1,-1,-1,-1,5,E01035486,0,1
2024010532643,2024,010532643,2,1,0,18,19,5,1,0,0,1,0,0,0,0,1,1,2,2,1,25,5,-1,-1,-1,-1,-1,-1,0,-1
2024010530204,2024,010530204,2,1,0,4,4,1,5,0,0,1,5,0,0,0,3,1,6,6,2,63,9,-1,-1,-1,-1,5,E01004547,0,1
2024010525985,2024,010525985,2,9,0,18,19,3,7,0,0,0,0,0,0,0,2,1,2,2,2,35,6,-1,-1,-1,-1,5,E01024075,0,4
2024010547338,2024,010547338,2,8,0,99,99,9,9,99,99,0,9,99,9,99,1,9,6,6,3,-1,-1,-1,-1,-1,-1,-1,-1,0,-1
2024221507870,2024,221507870,1,19,0,-1,11,1,5,-1,0,8,0,0,0,0,4,1,-1,6,1,41,7,-1,-1,-1,-1,2,E01034945,0,2
2024010536881,2024,010536881,1,1,9,99,99,9,9,99,99,9,9,99,9,99,1,1,2,2,1,35,6,-1,-1,-1,-1,9,E01030389,0,2
2024010496804,2024,010496804,1,1,9,99,99,9,9,99,99,9,9,99,9,99,1,1,2,2,1,32,6,-1,-1,-1,-1,4,E01003031,0,1
2024440371224,2024,440371224,1,1,0,2,2,0,0,0,0,1,0,0,0,0,3,1,6,6,1,25,5,-1,-1,-1,-1,4,E01017135,0,1
2024421495571,2024,421495571,2,1,0,-1,19,2,6,-1,0,1,2,0,0,0,4,1,-1,2,1,37,7,-1,-1,-1,-1,4,E01021575,0,3
2024010543802,2024,010543802,1,1,9,99,99,9,9,99,99,0,9,99,9,99,9,1,2,2,1,44,7,-1,-1,-1,-1,7,E01003152,0,1
2024311402516,2024,311402516,1,9,0,-1,3,1,5,-1,0,0,0,0,0,0,1,1,-1,6,1,30,6,-1,-1,-1,-1,6,E01013837,0,2
2024991444392,2024,991444392,1,1,0,-1,19,4,8,-1,0,3,0,0,0,0,2,1,-1,6,1,44,7,-1,-1,-1,-1,7,-1,0,1
2024501395406,2024,501395406,1,9,0,-1,19,4,8,-1,0,0,0,0,0,0,1,9,-1,6,2,-1,-1,-1,-1,-1,-1,-1,-1,0,-1
2024122401020,2024,122401020,2,1,0,18,19,5,3,0,0,3,0,0,0,0,1,1,6,6,2,48,8,-1,-1,-1,-1,1,E01027874,0,1
2024010502053,2024,010502053,2,9,0,99,99,9,9,99,99,9,9,99,9,99,1,9,6,6,3,-1,-1,-1,-1,-1,-1,-1,-1,0,-1
2024340WN2592,2024,340WN2592,2,1,0,-1,19,3,7,-1,0,0,5,0,0,0,3,1,-1,6,1,41,7,-1,-1,-1,-1,3,E01027137,0,1
2024201467238,2024,201467238,2,1,0,-1,19,2,6,-1,0,8,0,0,0,0,1,1,-1,6,1,19,4,-1,-1,-1,-1,-1,-1,0,-1
2024501509327,2024,501509327,1,9,0,-1,7,7,1,-1,0,8,0,0,0,0,1,1,-1,9,1,38,7,-1,-1,-1,-1,4,E01034851,0,4
2024351537260,2024,351537260,1,9,0,-1,5,7,3,-1,0,0,0,0,0,0,1,1,-1,6,1,40,7,-1,-1,-1,-1,6,E01018052,0,4
2024461402316,2024,461402316,1,9,0,-1,9,6,2,-1,0,0,0,0,0,0,1,1,-1,6,1,41,7,-1,-1,-1,-1,5,E01024690,0,4
2024552401094,2024,552401094,2,1,0,16,19,6,1,0,0,8,0,0,0,0,3,1,6,6,1,49,8,-1,-1,-1,-1,7,E01020429,0,2
2024440235378,2024,440235378,2,9,0,9,9,5,3,0,0,6,0,0,0,0,3,1,6,6,1,66,10,-1,-1,-1,-1,8,E01029515,0,5
2024361467685,2024,361467685,2,9,0,-1,9,8,4,-1,0,2,1,0,0,0,4,2,-1,9,2,48,8,-1,-1,-1,-1,-1,-1,0,-1
2024041527081,2024,041527081,2,1,0,-1,9,4,8,-1,0,1,0,0,0,0,3,1,-1,9,1,56,9,-1,-1,-1,-1,3,E01025371,0,1
2024302400944,2024,302400944,2,1,0,18,19,3,7,0,0,2,0,0,0,0,1,1,4,7,1,13,3,-1,-1,-1,-1,2,E01019515,0,1
2024010533905,2024,010533905,2,1,9,99,99,9,9,99,99,9,9,99,9,99,1,1,6,6,3,-1,-1,-1,-1,-1,-1,-1,-1,0,-1
2024311425273,2024,311425273,2,9,0,-1,19,1,5,-1,0,0,0,0,0,0,0,9,-1,6,3,35,6,-1,-1,-1,-1,-1,-1,0,-1
2024010499359,2024,010499359,2,9,0,4,4,3,7,0,0,1,0,0,0,0,0,1,6,6,3,-1,-1,-1,-1,-1,-1,-1,-1,0,-1
2024351427053,2024,351427053,2,-1,0,-1,19,7,3,-1,0,8,0,0,0,0,1,1,-1,9,1,14,3,-1,-1,-1,-1,4,E01018145,1,1
2024010529453,2024,010529453,2,1,0,18,19,7,3,0,0,1,0,0,0,0,4,1,6,6,1,28,6,-1,-1,-1,-1,5,E01002699,0,1