collision_index,collision_year,collision_ref_no,vehicle_reference,vehicle_type,towing_and_articulation,vehicle_manoeuvre_historic,vehicle_manoeuvre,vehicle_direction_from,vehicle_direction_to,vehicle_location_restricted_lane_historic,vehicle_location_restricted_lane,junction_location,skidding_and_overturning,hit_object_in_carriageway,vehicle_leaving_carriageway,hit_object_off_carriageway,first_point_of_impact,vehicle_left_hand_drive,journey_purpose_of_driver_historic,journey_purpose_of_driver,sex_of_driver,age_of_driver,age_band_of_driver,engine_capacity_cc,propulsion_code,age_of_vehicle,generic_make_model,driver_imd_decile,lsoa_of_driver,escooter_flag,driver_distance_banding
2024141527388,2024,141527388,1,9,0,-1,19,1,5,-1,0,0,0,0,0,0,0,1,-1,9,1,40,7,-1,-1,-1,-1,3,E01007747,0,1
2024041502682,2024,041502682,1,9,0,-1,19,5,1,-1,0,1,0,0,0,0,1,1,-1,9,1,59,9,-1,-1,-1,-1,6,E01025132,0,3
2024440535067,2024,440535067,1,1,0,18,19,3,7,0,0,0,0,0,0,0,1,1,6,6,3,-1,-1,-1,-1,-1,-1,-1,-1,0,-1
2024522500160,2024,522500160,2,9,0,3,3,4,8,0,0,1,0,0,0,0,2,1,6,6,3,-1,-1,-1,-1,-1,-1,-1,-1,0,-1
2024501528867,2024,501528867,1,9,0,-1,19,1,5,-1,0,0,1,0,0,0,1,2,-1,9,1,27,6,-1,-1,-1,-1,9,E01020146,0,1
202460Q012386,2024,60Q012386,1,9,0,9,9,7,5,0,0,5,0,0,0,0,1,1,6,6,1,53,8,-1,-1,-1,-1,-1,-1,0,-1
2024010493697,2024,010493697,1,3,0,99,99,9,9,99,99,9,9,99,9,99,9,1,6,6,2,37,7,-1,-1,-1,-1,5,E01004494,0,2
2024440509768,2024,440509768,1,22,0,18,19,5,1,0,0,3,0,0,0,0,4,1,6,6,2,72,10,-1,-1,-1,-1,5,E01023128,0,1
2024010491618,2024,010491618,2,9,0,2,2,0,0,0,0,0,0,0,0,0,2,1,6,6,3,-1,-1,-1,-1,-1,-1,-1,-1,0,-1
2024041509798,2024,041509798,1,9,0,-1,19,5,1,-1,0,0,0,0,0,0,1,2,-1,6,3,-1,-1,-1,-1,-1,-1,-1,-1,0,-1
2024010503057,2024,010503057,1,9,0,99,99,9,9,99,99,0,9,99,9,99,9,9,6,6,3,-1,-1,-1,-1,-1,-1,-1,-1,0,-1
2024991513129,2024,991513129,2,1,0,-1,19,1,5,-1,0,8,0,0,0,0,4,1,-1,9,1,35,6,-1,-1,-1,-1,3,-1,0,1
2024631495540,2024,631495540,1,90,0,-1,2,0,0,-1,0,0,5,0,1,10,4,1,-1,1,1,71,10,-1,-1,-1,-1,5,E01028869,0,4
2024141495329,2024,141495329,1,9,0,-1,13,5,1,-1,0,0,0,0,0,0,1,1,-1,2,1,18,4,-1,-1,-1,-1,4,E01007699,0,2
2024631462434,2024,631462434,2,16,0,-1,19,5,1,-1,9,0,0,0,1,1,3,1,-1,6,2,55,8,-1,-1,-1,-1,6,W01000686,0,1
2024010545390,2024,010545390,1,9,0,3,3,5,1,0,0,1,0,0,0,0,2,1,6,6,2,25,5,-1,-1,-1,-1,2,E01000552,0,1
2024451514256,2024,451514256,1,1,0,-1,19,1,5,-1,0,2,0,0,0,0,4,1,-1,9,1,69,10,-1,-1,-1,-1,10,E01030367,0,1
2024131515549,2024,131515549,2,23,0,-1,-1,-1,-1,-1,-1,-1,-1,-1,-1,-1,-1,1,-1,6,3,-1,-1,-1,-1,-1,-1,-1,-1,0,-1
2024430074022,2024,430074022,1,9,0,18,19,6,2,0,0,8,0,0,0,0,3,1,6,6,2,56,9,-1,-1,-1,-1,7,E01016220,0,1
2024010496907,2024,010496907,2,9,0,2,2,0,0,0,0,0,0,0,7,0,4,1,6,6,3,-1,-1,-1,-1,-1,-1,-1,-1,0,-1
2024221411561,2024,221411561,1,9,0,-1,15,5,2,-1,0,6,0,0,0,0,3,9,-1,6,2,59,9,-1,-1,-1,-1,10,E01014091,0,1
2024332400244,2024,332400244,2,1,0,-1,19,1,5,-1,0,8,0,0,0,0,1,1,-1,9,1,25,5,-1,-1,-1,-1,3,E01013744,0,1
2024131449324,2024,131449324,2,1,0,-1,19,7,3,-1,4,8,0,0,0,0,1,1,-1,9,1,54,8,-1,-1,-1,-1,7,E01011603,0,2
2024501531732,2024,501531732,1,19,0,-1,9,1,6,-1,0,5,0,0,0,0,1,1,-1,2,1,61,9,-1,-1,-1,-1,6,E01020243,0,1
2024471491510,2024,471491510,1,9,0,-1,9,7,3,-1,0,1,0,0,0,0,4,1,-1,9,2,44,7,-1,-1,-1,-1,7,E01021141,0,1
2024010497205,2024,010497205,2,3,0,18,19,5,1,0,0,0,0,8,0,0,1,1,2,2,1,36,7,-1,-1,-1,-1,5,E01002785,0,3
2024311400949,2024,311400949,1,9,0,-1,19,7,3,-1,0,0,0,0,0,0,2,1,-1,6,1,52,8,-1,-1,-1,-1,6,E01013887,0,2
2024010530431,2024,010530431,3,1,0,18,19,5,1,0,0,1,0,10,0,0,1,1,6,6,1,60,9,-1,-1,-1,-1,6,E01001289,0,1
2024411435994,2024,411435994,2,1,-1,-1,-1,-1,-1,-1,-1,-1,-1,-1,-1,0,-1,1,-1,9,2,38,7,-1,-1,-1,-1,10,E01023526,0,1
2024201525081,2024,201525081,2,1,0,-1,19,4,8,-1,0,2,0,0,0,0,2,1,-1,6,1,27,6,-1,-1,-1,-1,1,E01009366,0,1
2024131460796,2024,131460796,1,9,0,-1,-1,-1,-1,-1,-1,-1,-1,-1,-1,-1,-1,1,-1,6,3,-1,-1,-1,-1,-1,-1,-1,-1,0,-1
2024520401226,2024,520401226,2,9,0,18,19,8,4,0,0,8,0,0,0,0,4,1,6,6,2,59,9,-1,-1,-1,-1,7,E01029078,0,3
2024430188020,2024,430188020,1,9,0,18,19,4,8,0,0,0,0,0,0,0,3,1,6,6,3,-1,-1,-1,-1,-1,-1,-1,-1,0,-1
2024461492999,2024,461492999,1,21,1,-1,6,7,3,-1,0,5,0,0,0,0,4,2,-1,1,1,40,7,-1,-1,-1,-1,-1,-1,0,-1
2024231457143,2024,231457143,1,9,0,-1,19,1,5,-1,0,0,0,0,8,4,1,1,-1,6,1,39,7,-1,-1,-1,-1,6,E01031130,0,1
2024010487799,2024,010487799,1,9,0,18,19,1,5,0,0,1,0,4,0,0,1,1,6,6,3,-1,-1,-1,-1,-1,-1,-1,-1,0,-1
2024010487169,2024,010487169,2,9,0,99,99,9,9,99,99,9,9,99,9,99,1,9,6,6,3,-1,-1,-1,-1,-1,-1,7,E01021827,0,4
2024010546537,2024,010546537,2,9,0,99,99,9,9,99,99,9,9,99,9,99,2,9,6,6,3,-1,-1,-1,-1,-1,-1,-1,-1,0,-1
2024201486707,2024,201486707,2,1,0,-1,19,4,8,-1,0,8,0,0,0,0,4,1,-1,6,1,51,8,-1,-1,-1,-1,4,E01029394,0,1
2024061434138,2024,061434138,1,1,0,-1,19,2,6,-1,0,0,0,0,1,0,2,1,-1,1,1,28,6,-1,-1,-1,-1,1,E01005350,0,1
2024421459019,2024,421459019,2,1,0,-1,19,1,6,-1,0,8,0,0,0,0,4,1,-1,9,1,51,8,-1,-1,-1,-1,9,E01021964,0,2
2024041434986,2024,041434986,2,9,0,-1,9,2,8,-1,0,8,0,0,0,0,1,1,-1,9,1,49,8,-1,-1,-1,-1,9,E01012609,0,3
2024501450832,2024,501450832,3,1,0,-1,19,6,2,-1,0,0,0,0,0,0,1,1,-1,9,1,14,3,-1,-1,-1,-1,6,E01018973,0,1
2024461474061,2024,461474061,2,1,0,-1,19,0,0,-1,0,1,0,0,0,0,1,1,-1,6,1,50,8,-1,-1,-1,-1,2,E01024294,0,1
2024010516199,2024,010516199,1,9,9,99,99,9,9,99,99,9,9,99,9,99,9,9,6,6,3,-1,-1,-1,-1,-1,-1,-1,-1,0,-1
2024610014524,2024,610014524,1,22,0,18,19,4,8,0,0,0,0,0,6,4,1,1,1,1,1,53,8,-1,-1,-1,-1,3,W01001577,0,3
2024430044818,2024,430044818,1,97,0,14,14,7,3,0,0,0,0,0,0,0,1,1,1,1,1,30,6,-1,-1,-1,-1,-1,-1,0,-1
2024371532257,2024,371532257,2,1,0,-1,19,3,7,-1,0,0,0,0,0,0,3,1,-1,6,2,13,3,-1,-1,-1,-1,4,E01029920,0,1
2024041447717,2024,041447717,2,1,0,-1,19,1,5,-1,0,1,0,0,0,0,1,1,-1,7,1,14,3,-1,-1,-1,-1,1,E01012678,0,1
2024131451656,2024,131451656,1,9,0,-1,-1,-1,-1,-1,-1,-1,-1,-1,-1,-1,-1,1,-1,6,3,-1,-1,-1,-1,-1,-1,-1,-1,0,-1
2024070700225,2024,070700225,2,9,0,3,3,6,2,0,0,1,0,0,0,0,2,1,6,6,3,-1,-1,-1,-1,-1,-1,-1,-1,0,-1
2024010492794,2024,010492794,1,9,0,99,99,9,9,99,99,9,9,99,9,99,2,9,6,6,3,-1,-1,-1,-1,-1,-1,4,E01000497,0,1
2024010499836,2024,010499836,1,1,9,99,99,9,9,99,99,9,9,99,9,99,9,1,2,2,1,29,6,-1,-1,-1,-1,5,E01002798,0,1
2024010551166,2024,010551166,1,1,3,18,19,5,1,0,0,5,0,0,0,0,1,1,6,6,1,23,5,-1,-1,-1,-1,5,E01002083,0,1
2024211519417,2024,211519417,2,1,0,-1,13,7,3,-1,0,1,0,0,0,0,1,1,-1,2,1,49,8,-1,-1,-1,-1,1,E01014358,0,1
2024010499932,2024,010499932,1,9,0,4,4,7,3,0,0,0,0,0,0,0,2,1,6,6,2,57,9,-1,-1,-1,-1,8,E01001062,0,1
2024440173956,2024,440173956,1,1,0,18,19,7,3,0,0,8,0,0,0,0,1,1,6,6,1,47,8,-1,-1,-1,-1,7,E01022831,0,1
2024061455341,2024,061455341,1,99,0,-1,19,5,1,-1,-1,0,0,0,1,0,1,9,-1,6,3,40,7,-1,-1,-1,-1,-1,-1,0,-1
2024010506369,2024,010506369,1,1,9,99,99,9,9,99,99,0,9,99,9,99,1,1,6,6,2,-1,-1,-1,-1,-1,-1,-1,-1,0,-1
2024401534031,2024,401534031,3,90,-1,-1,-1,-1,-1,-1,-1,0,-1,-1,-1,0,-1,9,-1,1,3,-1,-1,-1,-1,-1,-1,-1,-1,0,-1
2024131456403,2024,131456403,2,1,0,-1,9,3,5,-1,0,4,0,0,0,0,4,1,-1,6,1,48,8,-1,-1,-1,-1,10,E01010768,0,1
2024010497906,2024,010497906,2,1,0,7,7,4,6,0,0,1,0,0,0,0,2,1,1,1,1,29,6,-1,-1,-1,-1,2,E01004324,0,1
2024010523292,2024,010523292,2,-1,0,5,5,1,5,0,0,1,0,0,0,0,3,9,6,6,1,26,6,-1,-1,-1,-1,5,E01003941,1,1
2024351505020,2024,351505020,1,9,-1,-1,-1,-1,-1,-1,-1,0,-1,-1,-1,0,-1,9,-1,6,3,-1,-1,-1,-1,-1,-1,-1,-1,0,-1
2024332401065,2024,332401065,2,1,0,-1,19,6,2,-1,0,0,0,0,0,0,1,1,-1,6,1,11,3,-1,-1,-1,-1,8,E01025854,0,1
2024010550722,2024,010550722,2,9,0,99,99,9,9,99,99,9,9,99,9,99,1,9,6,6,3,-1,-1,-1,-1,-1,-1,-1,-1,0,-1
2024471424466,2024,471424466,2,1,0,-1,5,5,1,-1,0,2,0,0,0,0,1,1,-1,7,1,14,3,-1,-1,-1,-1,1,E01020929,0,1
2024471521996,2024,471521996,1,9,0,-1,19,3,7,-1,0,1,0,0,0,0,0,9,-1,6,3,-1,-1,-1,-1,-1,-1,-1,-1,0,-1
2024451484008,2024,451484008,2,9,0,-1,2,0,0,-1,0,1,0,0,0,0,1,9,-1,6,3,-1,-1,-1,-1,-1,-1,-1,-1,0,-1
2024131485915,2024,131485915,1,9,0,-1,19,1,5,-1,0,0,5,0,0,0,0,1,-1,6,-1,-1,-1,-1,-1,-1,-1,-1,-1,0,-1
2024440202900,2024,440202900,1,1,0,18,19,3,7,0,0,2,0,0,0,0,3,1,2,2,1,49,8,-1,-1,-1,-1,4,E01022723,0,1
2024610028424,2024,610028424,2,1,0,10,10,1,7,0,0,1,0,0,0,0,1,1,6,6,1,24,5,-1,-1,-1,-1,5,W01001521,0,1
2024440225672,2024,440225672,1,1,0,16,19,3,6,0,0,8,0,0,0,0,0,1,6,6,1,16,4,-1,-1,-1,-1,1,E01017130,0,1
2024401524817,2024,401524817,2,1,-1,-1,-1,-1,-1,-1,-1,-1,-1,-1,-1,0,-1,1,-1,6,1,55,8,-1,-1,-1,-1,8,E01017526,0,1
2024302400452,2024,302400452,1,9,0,5,5,2,6,0,0,2,0,0,0,0,1,1,6,6,1,53,8,-1,-1,-1,-1,2,E01019565,0,2
2024520401384,2024,520401384,1,9,0,9,9,3,1,0,0,6,0,0,0,0,1,1,6,6,2,30,6,-1,-1,-1,-1,8,E01029242,0,1
2024471469258,2024,471469258,1,1,0,-1,19,1,5,-1,0,0,0,0,0,0,1,1,-1,9,1,15,3,-1,-1,-1,-1,4,E01031836,0,1
2024461532816,2024,461532816,1,19,0,-1,19,1,3,-1,0,8,0,0,0,0,1,9,-1,6,3,-1,-1,-1,-1,-1,-1,-1,-1,0,-1
2024141411041,2024,141411041,2,22,0,-1,19,7,4,-1,0,2,0,0,0,0,1,1,-1,9,2,78,11,-1,-1,-1,-1,2,E01007759,0,1
2024332401014,2024,332401014,1,9,0,-1,19,7,3,-1,0,8,0,0,0,0,1,1,-1,1,3,-1,-1,-1,-1,-1,-1,-1,-1,0,-1
2024471470544,2024,471470544,1,97,0,-1,7,5,1,-1,0,1,0,0,0,0,2,1,-1,9,1,56,9,-1,-1,-1,-1,-1,-1,0,-1
2024061528431,2024,061528431,2,9,0,-1,8,-1,-1,-1,0,6,0,0,0,0,3,1,-1,6,1,-1,-1,-1,-1,-1,-1,8,E01005443,0,4
2024052401121,2024,052401121,3,9,0,2,2,0,0,0,0,1,0,0,0,0,2,1,6,6,3,-1,-1,-1,-1,-1,-1,-1,-1,0,-1
2024010520356,2024,010520356,2,9,0,18,19,7,3,0,0,2,0,0,0,0,1,1,6,6,1,42,7,-1,-1,-1,-1,4,E01034368,0,3
2024010539680,2024,010539680,1,9,0,18,19,5,1,9,9,1,0,0,0,0,1,1,6,6,2,32,6,-1,-1,-1,-1,5,E01021313,0,4
2024010541070,2024,010541070,1,9,0,99,99,9,9,99,99,9,9,99,9,99,9,9,6,6,1,34,6,-1,-1,-1,-1,4,E01001552,0,2
2024010490021,2024,010490021,1,9,0,5,5,1,5,0,0,8,0,0,0,0,1,1,6,6,2,62,9,-1,-1,-1,-1,2,E01004272,0,1
2024010530695,2024,010530695,1,1,9,99,99,9,9,99,99,9,9,99,9,99,1,1,6,6,1,45,7,-1,-1,-1,-1,5,E01000504,0,2
2024401540793,2024,401540793,2,1,0,-1,19,5,1,-1,0,1,0,0,0,0,1,1,-1,2,1,42,7,-1,-1,-1,-1,-1,-1,0,-1
2024501402653,2024,501402653,2,9,0,-1,4,3,7,-1,0,1,0,0,0,0,2,1,-1,9,1,53,8,-1,-1,-1,-1,3,E01019991,0,2
2024991511640,2024,991511640,1,1,0,-1,14,7,3,-1,0,1,0,0,0,0,2,1,-1,6,1,37,7,-1,-1,-1,-1,8,-1,0,2
2024221467824,2024,221467824,2,1,0,-1,19,8,4,-1,0,8,0,0,0,0,1,1,-1,6,2,57,9,-1,-1,-1,-1,5,E01028872,0,2
2024010505333,2024,010505333,2,9,0,99,99,9,9,99,99,9,9,99,9,99,9,9,6,6,3,-1,-1,-1,-1,-1,-1,-1,-1,0,-1
2024610014224,2024,610014224,1,4,0,16,19,2,5,0,0,0,1,0,0,0,0,1,6,6,1,17,4,-1,-1,-1,-1,10,W01001894,0,4
2024010538689,2024,010538689,1,1,9,99,99,9,9,99,99,9,9,99,9,99,0,1,6,6,3,-1,-1,-1,-1,-1,-1,-1,-1,0,-1
2024231498239,2024,231498239,1,9,0,-1,19,7,3,-1,0,0,0,0,0,0,1,1,-1,6,2,35,6,-1,-1,-1,-1,-1,-1,0,-1
2024411524263,2024,411524263,1,9,0,-1,9,1,7,-1,0,1,0,0,0,0,3,1,-1,6,1,48,8,-1,-1,-1,-1,2,E01003783,0,4
2024201477129,2024,201477129,1,9,0,-1,19,6,2,-1,0,0,0,0,0,0,4,9,-1,6,3,-1,-1,-1,-1,-1,-1,-1,-1,0,-1
2024451442738,2024,451442738,2,9,3,-1,19,1,5,-1,0,0,0,0,0,0,4,9,-1,6,1,31,6,-1,-1,-1,-1,9,E01030545,0,3
202460Q055092,2024,60Q055092,2,1,0,18,19,5,1,0,0,1,0,0,0,0,1,1,6,6,1,65,9,-1,-1,-1,-1,-1,-1,0,-1
2024010488508,2024,010488508,2,90,0,99,99,9,9,99,99,9,9,99,9,99,9,9,6,6,3,43,7,-1,-1,-1,-1,5,E01002212,0,3
2024531459644,2024,531459644,1,9,0,-1,19,5,1,-1,0,0,0,0,0,0,1,9,-1,6,3,-1,-1,-1,-1,-1,-1,-1,-1,0,-1
2024201424659,2024,201424659,1,-1,0,-1,19,3,7,-1,0,0,0,0,0,0,1,9,-1,6,3,-1,-1,-1,-1,-1,-1,-1,-1,1,-1
2024991400703,2024,991400703,2,9,0,-1,13,1,5,-1,0,1,2,0,0,0,1,1,-1,9,1,18,4,-1,-1,-1,-1,-1,-1,0,-1
2024010533134,2024,010533134,2,1,0,18,19,1,5,0,0,1,0,0,0,0,1,1,2,2,2,34,6,-1,-1,-1,-1,6,E01001935,0,1
2024010494970,2024,010494970,2,9,0,16,19,6,2,0,0,1,0,0,0,0,3,1,2,2,1,34,6,-1,-1,-1,-1,2,E01003509,0,3
2024440142580,2024,440142580,1,-1,0,18,19,3,7,0,0,8,0,0,0,0,1,1,2,2,2,33,6,-1,-1,-1,-1,5,E01017074,1,1
2024430264801,2024,430264801,1,1,0,18,19,6,2,0,0,3,0,0,0,0,2,1,2,2,1,47,8,-1,-1,-1,-1,10,E01016653,0,1
2024430538730,2024,430538730,2,1,0,18,19,6,2,0,0,1,0,0,0,0,4,1,2,2,1,49,8,-1,-1,-1,-1,-1,-1,0,-1
2024010529515,2024,010529515,1,9,0,99,99,9,9,99,99,0,9,99,9,99,9,1,6,6,3,-1,-1,-1,-1,-1,-1,-1,-1,0,-1
2024481503994,2024,481503994,1,1,0,-1,7,5,8,-1,0,8,0,0,0,0,4,1,-1,1,1,-1,-1,-1,-1,-1,-1,-1,-1,0,-1
2024161498534,2024,161498534,1,9,0,-1,-1,-1,-1,-1,-1,0,-1,-1,-1,0,-1,1,-1,6,3,-1,-1,-1,-1,-1,-1,-1,-1,0,-1
2024501477281,2024,501477281,1,9,0,-1,19,2,6,-1,0,0,0,0,0,0,3,1,-1,6,1,59,9,-1,-1,-1,-1,5,E01018992,0,4
2024010493222,2024,010493222,2,19,0,2,2,0,0,0,0,8,0,4,0,0,0,1,6,6,3,-1,-1,-1,-1,-1,-1,-1,-1,0,-1
2024440436864,2024,440436864,1,9,0,4,4,5,1,0,0,0,0,0,0,0,2,1,2,2,2,29,6,-1,-1,-1,-1,5,E01034554,0,4
2024010494253,2024,010494253,1,3,0,99,99,9,9,99,99,9,9,99,9,99,9,1,6,6,3,30,6,-1,-1,-1,-1,5,E01003034,0,3
2024451410812,2024,451410812,1,9,0,-1,19,5,1,-1,0,1,0,0,0,0,1,9,-1,6,3,23,5,-1,-1,-1,-1,-1,-1,0,-1
2024010487675,2024,010487675,1,9,0,9,9,2,8,0,0,1,0,0,0,0,1,1,1,1,1,46,8,-1,-1,-1,-1,2,E01001441,0,2
2024010508417,2024,010508417,1,1,9,99,99,9,9,99,99,9,9,99,9,99,1,1,2,2,1,56,9,-1,-1,-1,-1,8,E01000678,0,2
2024052402401,2024,052402401,2,1,0,18,19,1,5,0,0,1,0,0,0,0,4,1,6,6,1,19,4,-1,-1,-1,-1,6,E01007185,0,1
2024010494284,2024,010494284,1,3,0,99,99,9,9,99,99,6,9,99,9,99,9,1,1,1,3,18,4,-1,-1,-1,-1,4,E01001047,0,3
2024010492440,2024,010492440,2,3,0,14,14,7,3,0,0,8,0,0,8,10,1,1,6,6,1,18,4,-1,-1,-1,-1,8,E01021791,0,2
2024991405218,2024,991405218,2,9,0,-1,9,7,5,-1,0,8,0,0,0,0,1,1,-1,6,2,54,8,-1,-1,-1,-1,10,-1,0,1
2024041488808,2024,041488808,2,9,0,-1,19,7,3,-1,0,1,0,0,0,0,2,1,-1,9,1,81,11,-1,-1,-1,-1,2,E01024986,0,3
2024010490137,2024,010490137,2,9,0,99,99,9,9,99,99,9,9,99,9,99,2,9,6,6,3,-1,-1,-1,-1,-1,-1,-1,-1,0,-1
2024351492070,2024,351492070,1,98,1,-1,12,3,7,-1,0,0,0,0,0,0,1,2,-1,1,1,47,8,-1,-1,-1,-1,-1,-1,0,-1
2024052401377,2024,052401377,1,9,0,1,1,1,5,0,0,0,0,0,0,0,2,1,6,6,2,-1,-1,-1,-1,-1,-1,-1,-1,0,-1
2024070351019,2024,070351019,1,1,0,18,19,8,4,0,0,0,0,0,0,0,3,1,6,6,1,13,3,-1,-1,-1,-1,5,E01018547,0,1
2024122400979,2024,122400979,2,9,0,18,19,3,7,0,0,1,0,0,0,0,1,1,6,6,3,-1,-1,-1,-1,-1,-1,-1,-1,0,-1
2024311447705,2024,311447705,2,9,0,-1,19,3,7,-1,0,1,0,0,0,0,1,1,-1,6,1,62,9,-1,-1,-1,-1,-1,-1,0,-1
2024631430474,2024,631430474,1,9,0,-1,9,6,4,-1,0,5,0,0,0,0,1,1,-1,6,1,17,4,-1,-1,-1,-1,7,W01000690,0,1
2024371437685,2024,371437685,1,99,-1,-1,-1,-1,-1,-1,-1,0,-1,-1,-1,0,-1,9,-1,6,3,-1,-1,-1,-1,-1,-1,-1,-1,0,-1
2024440526670,2024,440526670,2,90,0,18,19,1,4,0,0,3,0,0,0,0,1,1,2,2,1,72,10,-1,-1,-1,-1,10,E01022698,0,1
2024991422221,2024,991422221,3,1,0,-1,14,6,2,-1,0,2,0,0,0,0,1,1,-1,9,2,56,9,-1,-1,-1,-1,8,-1,0,1
2024131467078,2024,131467078,2,9,0,-1,19,3,7,-1,0,8,0,0,0,0,1,1,-1,2,1,26,6,-1,-1,-1,-1,2,E01012606,0,4
2024401495892,2024,401495892,2,5,0,-1,19,6,1,-1,0,0,2,0,0,0,1,1,-1,6,1,46,8,-1,-1,-1,-1,9,E01033833,0,1
2024010535545,2024,010535545,1,1,9,18,19,9,9,5,5,9,9,99,0,99,9,1,2,2,1,27,6,-1,-1,-1,-1,2,E01000074,0,2
2024430274205,2024,430274205,2,1,0,18,19,3,7,0,0,1,0,0,0,0,4,1,6,6,1,55,8,-1,-1,-1,-1,7,E01028773,0,1
2024010545693,2024,010545693,1,1,9,99,99,9,9,99,99,9,9,99,9,99,1,1,2,2,1,25,5,-1,-1,-1,-1,5,E01004709,0,1
2024201435752,2024,201435752,1,-1,0,-1,4,5,1,-1,0,8,0,0,0,0,0,1,-1,6,1,31,6,-1,-1,-1,-1,3,E01009641,1,1
2024351399328,2024,351399328,2,1,0,-1,19,5,1,-1,0,0,5,0,0,0,3,1,-1,2,1,45,7,-1,-1,-1,-1,10,E01018232,0,1
2024411450205,2024,411450205,2,1,0,-1,19,2,6,-1,0,8,1,0,0,0,1,1,-1,9,1,30,6,-1,-1,-1,-1,9,E01023665,0,2
2024010515964,2024,010515964,2,9,0,99,99,9,9,99,99,9,9,99,9,99,2,9,6,6,3,-1,-1,-1,-1,-1,-1,-1,-1,0,-1
2024131520345,2024,131520345,2,1,0,-1,19,5,1,-1,0,0,0,0,3,0,4,1,-1,6,1,15,3,-1,-1,-1,-1,1,E01011745,0,1
2024501451913,2024,501451913,2,1,0,-1,19,1,5,-1,0,1,0,0,0,0,1,1,-1,9,1,41,7,-1,-1,-1,-1,4,E01018914,0,3
2024010512136,2024,010512136,1,9,0,18,19,3,7,0,0,8,0,0,1,0,1,1,6,6,3,-1,-1,-1,-1,-1,-1,-1,-1,0,-1
2024501443547,2024,501443547,1,21,-1,-1,19,1,5,-1,0,0,0,0,0,0,1,9,-1,1,3,-1,-1,-1,-1,-1,-1,-1,-1,0,-1
2024421499110,2024,421499110,2,9,-1,-1,3,4,1,-1,0,2,0,0,0,0,2,9,-1,6,3,-1,-1,-1,-1,-1,-1,-1,-1,0,-1
2024311504953,2024,311504953,1,9,0,-1,5,5,1,-1,0,3,0,0,0,0,1,9,-1,6,2,24,5,-1,-1,-1,-1,-1,-1,0,-1
2024440155089,2024,440155089,1,-1,0,18,19,1,5,0,0,0,0,0,0,0,1,1,6,6,2,-1,-1,-1,-1,-1,-1,-1,-1,1,-1
2024010515902,2024,010515902,2,1,0,18,19,1,5,0,0,8,0,0,0,0,1,1,2,2,2,26,6,-1,-1,-1,-1,2,E01033713,0,1
2024421482861,2024,421482861,1,9,0,-1,19,3,7,-1,0,0,0,0,0,0,3,1,-1,6,1,66,10,-1,-1,-1,-1,7,E01034093,0,3
2024302500271,2024,302500271,1,9,0,-1,19,8,4,-1,0,2,5,0,1,2,4,1,-1,6,1,54,8,-1,-1,-1,-1,10,E01027048,0,5
2024332400619,2024,332400619,1,9,0,-1,19,8,4,-1,0,6,0,0,8,1,3,1,-1,6,1,23,5,-1,-1,-1,-1,8,E01028358,0,3
2024010516821,2024,010516821,2,1,9,99,99,9,9,99,99,0,9,99,9,99,1,1,6,6,1,42,7,-1,-1,-1,-1,3,E01035498,0,1
2024231529586,2024,231529586,1,98,0,-1,19,4,8,-1,0,8,0,0,0,0,1,9,-1,6,1,38,7,-1,-1,-1,-1,-1,-1,0,-1
2024161478404,2024,161478404,2,98,0,-1,2,0,0,-1,0,1,0,0,0,0,2,1,-1,6,-1,-1,-1,-1,-1,-1,-1,-1,-1,0,-1
2024211450039,2024,211450039,1,9,0,-1,15,5,1,-1,0,0,0,0,0,0,4,1,-1,9,1,50,8,-1,-1,-1,-1,-1,-1,0,-1
2024320756507,2024,320756507,3,9,0,-1,-1,4,8,0,0,1,0,0,0,0,1,1,-1,-1,2,54,8,-1,-1,-1,-1,3,E01026183,0,2
2024421511995,2024,421511995,1,1,0,-1,19,1,5,-1,9,0,0,0,0,0,1,1,-1,6,1,23,5,-1,-1,-1,-1,2,E01021576,0,1
2024471461256,2024,471461256,1,1,0,-1,19,7,3,-1,9,2,0,0,0,0,1,1,-1,6,1,14,3,-1,-1,-1,-1,5,E01031832,0,1
2024161434416,2024,161434416,1,9,0,-1,5,1,5,-1,0,6,0,0,0,0,2,1,-1,9,1,67,10,-1,-1,-1,-1,8,E01013018,0,1
2024631417479,2024,631417479,1,19,0,-1,1,4,8,-1,0,0,0,0,0,0,2,1,-1,6,1,48,8,-1,-1,-1,-1,1,W01000734,0,1
2024501479825,2024,501479825,1,9,0,-1,19,3,3,-1,0,0,1,0,4,6,3,1,-1,9,1,52,8,-1,-1,-1,-1,5,E01015051,0,1
2024461478277,2024,461478277,2,9,0,-1,19,8,4,-1,0,0,0,0,0,0,2,1,-1,6,1,35,6,-1,-1,-1,-1,5,E01024749,0,3
2024552401135,2024,552401135,1,9,0,9,9,7,5,0,0,5,0,0,0,0,1,1,6,6,1,32,6,-1,-1,-1,-1,8,E01015453,0,1
2024340WN5782,2024,340WN5782,2,-1,0,-1,19,5,1,-1,0,8,0,0,0,0,4,1,-1,7,1,22,5,-1,-1,-1,-1,2,E01015774,1,4
2024231462087,2024,231462087,1,9,0,-1,19,1,5,-1,0,0,0,0,0,0,1,1,-1,9,1,17,4,-1,-1,-1,-1,10,E01031314,0,1
2024201500312,2024,201500312,2,1,0,-1,5,4,8,-1,0,0,0,0,0,0,1,1,-1,6,1,43,7,-1,-1,-1,-1,1,E01034308,0,1
2024440267291,2024,440267291,1,9,0,18,19,1,5,0,0,0,0,0,0,0,1,1,6,6,1,59,9,-1,-1,-1,-1,9,E01022719,0,1
2024440432327,2024,440432327,1,1,0,18,19,7,3,0,0,2,0,0,0,0,2,1,4,7,1,10,2,-1,-1,-1,-1,8,E01022615,0,1
2024010524375,2024,010524375,1,1,9,99,99,9,9,99,99,9,9,99,9,99,1,1,6,6,2,35,6,-1,-1,-1,-1,3,E01004725,0,1
2024311507904,2024,311507904,2,1,0,-1,19,1,5,-1,9,0,0,0,0,0,1,1,-1,6,-1,-1,-1,-1,-1,-1,-1,-1,-1,0,-1
2024131431950,2024,131431950,4,9,0,-1,3,8,3,-1,0,0,0,0,0,0,1,1,-1,6,1,55,8,-1,-1,-1,-1,8,E01027808,0,4