collision_index,collision_year,collision_ref_no,vehicle_reference,vehicle_type,towing_and_articulation,vehicle_manoeuvre_historic,vehicle_manoeuvre,vehicle_direction_from,vehicle_direction_to,vehicle_location_restricted_lane_historic,vehicle_location_restricted_lane,junction_location,skidding_and_overturning,hit_object_in_carriageway,vehicle_leaving_carriageway,hit_object_off_carriageway,first_point_of_impact,vehicle_left_hand_drive,journey_purpose_of_driver_historic,journey_purpose_of_driver,sex_of_driver,age_of_driver,age_band_of_driver,engine_capacity_cc,propulsion_code,age_of_vehicle,generic_make_model,driver_imd_decile,lsoa_of_driver,escooter_flag,driver_distance_banding
2024010511983,2024,010511983,2,1,0,18,19,1,5,4,4,1,0,0,0,0,1,1,6,6,1,40,7,-1,-1,-1,-1,2,E01004289,0,2
2024141513080,2024,141513080,3,9,0,-1,-1,-1,-1,-1,-1,0,-1,-1,-1,0,-1,9,-1,6,3,-1,-1,-1,-1,-1,-1,-1,-1,0,-1
2024010545518,2024,010545518,2,1,0,18,19,7,3,0,0,8,0,0,0,0,1,1,6,6,1,33,6,-1,-1,-1,-1,4,E01000068,0,1
2024201472996,2024,201472996,1,21,0,-1,11,5,1,-1,0,0,0,0,0,0,4,9,-1,6,1,-1,-1,-1,-1,-1,-1,-1,-1,0,-1
202417M112124,2024,17M112124,1,1,0,-1,19,3,7,-1,0,8,0,0,0,0,4,1,-1,9,2,69,10,-1,-1,-1,-1,6,E01012022,0,1
2024302400540,2024,302400540,2,1,0,18,19,8,4,0,0,8,0,0,0,0,1,1,6,6,2,17,4,-1,-1,-1,-1,2,E01013504,0,1
2024010523106,2024,010523106,2,9,0,99,99,9,9,99,99,9,9,99,9,99,9,9,6,6,3,-1,-1,-1,-1,-1,-1,-1,-1,0,-1
2024430419857,2024,430419857,1,-1,0,18,19,4,8,9,9,0,0,0,1,2,1,1,6,6,1,14,3,-1,-1,-1,-1,6,E01016212,1,1
2024201534881,2024,201534881,1,9,0,-1,19,8,4,-1,0,4,0,0,0,0,1,1,-1,6,-1,-1,-1,-1,-1,-1,-1,-1,-1,0,-1
2024421522745,2024,421522745,1,-1,0,-1,19,7,3,-1,0,8,0,0,0,0,4,1,-1,2,2,19,4,-1,-1,-1,-1,6,E01022052,1,2
2024501528411,2024,501528411,1,19,0,-1,1,-1,-1,-1,9,0,0,0,0,0,2,1,-1,6,3,-1,-1,-1,-1,-1,-1,-1,-1,0,-1
2024332400726,2024,332400726,1,9,0,-1,13,1,5,-1,0,0,0,0,0,0,4,1,-1,6,1,-1,-1,-1,-1,-1,-1,-1,-1,0,-1
2024061513302,2024,061513302,2,1,0,-1,19,2,6,-1,0,1,0,0,0,0,1,1,-1,6,1,17,4,-1,-1,-1,-1,1,E01005733,0,1
2024991464620,2024,991464620,2,9,0,-1,19,6,2,-1,0,0,0,0,0,0,1,1,-1,9,1,53,8,-1,-1,-1,-1,6,-1,0,2
2024122500104,2024,122500104,2,1,0,18,19,5,1,0,0,2,0,0,0,0,1,1,6,6,1,49,8,-1,-1,-1,-1,10,E01027699,0,1
2024010550425,2024,010550425,3,9,0,3,3,7,3,0,0,1,0,0,0,0,2,1,6,6,1,47,8,-1,-1,-1,-1,2,E01004204,0,2
2024302401523,2024,302401523,1,9,0,9,9,3,1,0,0,5,0,0,7,0,1,1,6,6,3,-1,-1,-1,-1,-1,-1,5,E01019456,0,4
2024141439222,2024,141439222,2,1,0,-1,19,6,2,-1,0,6,5,0,0,0,1,1,-1,9,1,6,2,-1,-1,-1,-1,1,E01008102,0,1
2024430581673,2024,430581673,2,1,0,18,19,1,5,0,0,0,0,0,0,0,1,1,1,1,1,25,5,-1,-1,-1,-1,5,E01016406,0,1
2024622400631,2024,622400631,1,1,0,18,19,2,6,0,0,0,0,0,0,0,1,1,6,6,3,-1,-1,-1,-1,-1,-1,-1,-1,0,-1
2024201510648,2024,201510648,1,9,0,-1,1,8,4,-1,0,6,0,0,0,0,2,1,-1,6,-1,30,6,-1,-1,-1,-1,-1,-1,0,-1
2024010529719,2024,010529719,1,9,0,5,5,3,7,0,0,3,0,0,0,0,4,1,6,6,2,32,6,-1,-1,-1,-1,2,E01000789,0,4
2024010528555,2024,010528555,1,1,0,18,19,7,3,4,4,1,0,0,0,0,1,1,6,6,2,33,6,-1,-1,-1,-1,6,E01001352,0,1
2024440279115,2024,440279115,1,9,0,18,19,6,2,0,0,0,0,0,7,0,1,1,6,6,2,21,5,-1,-1,-1,-1,10,E01022686,0,1
2024141486595,2024,141486595,1,22,0,-1,19,7,3,-1,0,6,0,0,0,0,3,1,-1,9,1,80,11,-1,-1,-1,-1,2,E01008089,0,1
2024991476555,2024,991476555,1,-1,0,-1,19,7,4,-1,0,8,2,0,0,0,1,1,-1,1,1,15,3,-1,-1,-1,-1,-1,-1,1,-1
2024520402439,2024,520402439,2,9,0,18,19,3,7,0,0,8,0,0,0,0,1,1,6,6,3,-1,-1,-1,-1,-1,-1,-1,-1,0,-1
2024440270868,2024,440270868,2,9,0,18,19,6,2,0,0,0,0,0,0,0,3,1,6,6,3,-1,-1,-1,-1,-1,-1,-1,-1,0,-1
2024131487580,2024,131487580,1,9,0,-1,-1,-1,-1,-1,-1,-1,-1,-1,-1,-1,-1,1,-1,6,3,-1,-1,-1,-1,-1,-1,-1,-1,0,-1
2024201480859,2024,201480859,2,1,0,-1,5,3,7,-1,0,0,0,8,0,0,1,1,-1,1,2,59,9,-1,-1,-1,-1,10,E01010205,0,1
2024481472322,2024,481472322,2,1,0,-1,19,1,5,-1,0,8,0,0,0,0,1,1,-1,1,1,51,8,-1,-1,-1,-1,-1,-1,0,-1
2024201492062,2024,201492062,2,9,0,-1,19,8,4,-1,0,1,0,0,0,0,4,9,-1,6,1,58,9,-1,-1,-1,-1,8,E01009440,0,1
2024101490558,2024,101490558,2,1,0,-1,5,3,7,-1,4,1,5,0,0,0,4,1,-1,2,2,31,6,-1,-1,-1,-1,10,E01008589,0,2
2024440075362,2024,440075362,1,1,0,18,19,6,2,0,0,8,0,0,0,0,1,1,2,2,1,54,8,-1,-1,-1,-1,10,E01023188,0,1
2024010533471,2024,010533471,1,1,0,9,9,5,3,0,0,8,0,0,0,0,4,1,6,6,1,24,5,-1,-1,-1,-1,-1,-1,0,-1
2024430174261,2024,430174261,2,1,0,18,19,7,3,4,4,1,0,0,0,0,3,1,6,6,1,47,8,-1,-1,-1,-1,-1,-1,0,-1
2024010527041,2024,010527041,1,1,0,17,19,5,3,0,0,0,0,0,0,0,1,1,6,6,1,51,8,-1,-1,-1,-1,6,E01002614,0,1
2024610012824,2024,610012824,1,9,0,9,9,5,3,0,0,4,0,0,0,0,2,1,6,6,1,37,7,-1,-1,-1,-1,3,W01001388,0,2
2024401504026,2024,401504026,2,9,0,-1,2,0,0,-1,0,0,0,0,0,0,0,9,-1,6,3,-1,-1,-1,-1,-1,-1,-1,-1,0,-1
2024201426053,2024,201426053,1,9,0,-1,7,1,7,-1,0,4,0,0,0,0,4,1,-1,6,1,22,5,-1,-1,-1,-1,-1,-1,0,-1
2024131468539,2024,131468539,2,1,0,-1,19,6,2,-1,9,0,0,0,0,0,1,1,-1,6,1,43,7,-1,-1,-1,-1,1,E01010632,0,1
2024041439692,2024,041439692,1,9,0,-1,-1,-1,-1,-1,-1,0,-1,-1,-1,0,-1,9,-1,6,3,-1,-1,-1,-1,-1,-1,-1,-1,0,-1
2024141453038,2024,141453038,2,1,0,-1,-1,8,4,-1,-1,1,5,0,0,0,1,1,-1,-1,1,50,8,-1,-1,-1,-1,2,E01011868,0,1
2024201486286,2024,201486286,1,19,0,-1,19,5,1,-1,0,1,0,0,0,0,1,1,-1,9,-1,-1,-1,-1,-1,-1,-1,-1,-1,0,-1
2024221405163,2024,221405163,2,9,0,-1,19,4,8,-1,0,0,0,0,0,0,4,9,-1,9,1,43,7,-1,-1,-1,-1,5,E01032217,0,1
2024501430435,2024,501430435,3,9,0,-1,19,7,3,-1,0,0,0,0,0,0,1,1,-1,6,2,70,10,-1,-1,-1,-1,5,E01033289,0,1
2024991471659,2024,991471659,2,9,0,-1,19,4,8,-1,0,0,0,0,0,0,2,1,-1,6,3,30,6,-1,-1,-1,-1,-1,-1,0,-1
202417M111724,2024,17M111724,2,9,0,-1,9,4,2,-1,0,8,0,0,0,0,1,1,-1,6,1,-1,-1,-1,-1,-1,-1,-1,-1,0,-1
2024320517276,2024,320517276,2,20,0,-1,-1,4,8,0,0,1,0,0,0,0,1,1,6,6,3,-1,-1,-1,-1,-1,-1,-1,-1,0,-1
2024010495548,2024,010495548,1,3,0,99,99,9,9,99,99,9,9,99,9,99,1,1,1,1,1,37,7,-1,-1,-1,-1,4,E01001391,0,2
2024010521481,2024,010521481,1,9,0,10,10,1,8,0,0,6,0,0,0,0,1,1,6,6,3,-1,-1,-1,-1,-1,-1,-1,-1,0,-1
2024141419606,2024,141419606,1,9,0,-1,5,3,7,-1,0,0,0,0,3,4,1,2,-1,9,1,18,4,-1,-1,-1,-1,4,E01007762,0,1
2024430417630,2024,430417630,1,-1,0,12,12,7,3,0,0,8,0,0,0,0,3,1,6,6,1,20,4,-1,-1,-1,-1,-1,-1,1,-1
2024451499234,2024,451499234,2,1,0,-1,19,3,7,-1,0,8,0,0,0,0,3,1,-1,7,1,13,3,-1,-1,-1,-1,8,E01030668,0,1
2024101465350,2024,101465350,1,9,0,-1,3,6,2,-1,0,0,0,0,0,0,3,1,-1,9,2,23,5,-1,-1,-1,-1,8,E01008538,0,3
2024421437693,2024,421437693,2,1,0,-1,12,5,1,-1,0,1,0,0,0,0,3,1,-1,9,1,11,3,-1,-1,-1,-1,7,E01021995,0,1
2024122400797,2024,122400797,2,1,0,14,14,7,3,0,0,1,0,8,0,0,1,1,2,2,1,42,7,-1,-1,-1,-1,2,E01013444,0,1
2024101534201,2024,101534201,1,9,0,-1,19,5,1,-1,0,0,1,0,7,0,1,1,-1,6,2,60,9,-1,-1,-1,-1,7,E01027390,0,1
2024401521534,2024,401521534,1,9,-1,-1,-1,-1,-1,-1,-1,-1,-1,-1,-1,0,-1,9,-1,6,3,-1,-1,-1,-1,-1,-1,-1,-1,0,-1
2024010514245,2024,010514245,2,9,0,18,19,7,3,0,0,8,0,0,0,0,0,1,6,6,3,-1,-1,-1,-1,-1,-1,-1,-1,0,-1
2024101436518,2024,101436518,2,9,0,-1,19,1,5,-1,0,0,0,0,1,0,1,1,-1,1,1,51,8,-1,-1,-1,-1,-1,-1,0,-1
2024461397650,2024,461397650,1,9,0,-1,19,3,7,-1,0,0,0,0,0,0,4,9,-1,6,2,-1,-1,-1,-1,-1,-1,-1,-1,0,-1
2024101539467,2024,101539467,2,90,0,-1,19,4,8,-1,0,0,0,4,0,0,1,1,-1,6,1,57,9,-1,-1,-1,-1,6,E01027428,0,3
2024010507855,2024,010507855,2,1,0,3,3,1,5,0,0,1,0,0,0,0,3,1,1,1,1,24,5,-1,-1,-1,-1,3,E01033863,0,2
2024010547693,2024,010547693,1,1,9,99,99,9,9,99,99,9,9,99,9,99,9,1,2,2,2,29,6,-1,-1,-1,-1,9,E01024754,0,4
2024141437636,2024,141437636,2,90,0,-1,19,5,1,-1,0,1,0,0,0,0,1,1,-1,6,1,14,3,-1,-1,-1,-1,10,E01007430,0,3
2024161507897,2024,161507897,1,1,0,-1,19,2,6,-1,0,0,0,0,0,0,3,1,-1,6,1,33,6,-1,-1,-1,-1,1,E01013140,0,1
2024052400689,2024,052400689,2,9,0,18,19,1,5,0,0,0,0,0,0,0,1,1,6,6,2,31,6,-1,-1,-1,-1,3,E01006890,0,1
2024401412745,2024,401412745,2,9,0,-1,14,5,1,-1,0,1,0,0,0,0,1,1,-1,6,1,18,4,-1,-1,-1,-1,9,E01017414,0,1
2024622400259,2024,622400259,1,9,0,1,1,8,4,0,0,6,0,0,0,0,2,1,6,6,3,-1,-1,-1,-1,-1,-1,-1,-1,0,-1
2024440399936,2024,440399936,2,21,0,18,19,3,7,0,0,8,0,0,0,0,4,1,1,1,1,38,7,-1,-1,-1,-1,-1,-1,0,-1
2024991494739,2024,991494739,1,1,0,-1,9,8,4,-1,0,6,0,0,0,0,1,1,-1,1,1,36,7,-1,-1,-1,-1,9,-1,0,1
202454B587824,2024,54B587824,2,9,0,9,9,6,2,0,0,8,0,0,0,0,1,1,6,6,1,23,5,-1,-1,-1,-1,5,E01015480,0,1
2024122400306,2024,122400306,1,9,0,18,19,5,1,0,0,0,0,0,0,0,1,1,6,6,3,-1,-1,-1,-1,-1,-1,-1,-1,0,-1
2024010491349,2024,010491349,1,9,0,3,3,5,1,0,0,1,0,0,0,0,3,1,6,6,1,-1,-1,-1,-1,-1,-1,2,-1,0,5
2024371494812,2024,371494812,1,9,0,-1,19,3,7,-1,0,0,0,0,0,0,1,1,-1,2,2,40,7,-1,-1,-1,-1,6,E01021647,0,4
2024440261079,2024,440261079,2,9,0,5,5,6,2,0,0,8,0,0,0,0,3,1,6,6,3,-1,-1,-1,-1,-1,-1,-1,-1,0,-1
2024471401590,2024,471401590,2,1,0,-1,19,7,4,-1,0,8,0,0,0,0,1,1,-1,6,2,62,9,-1,-1,-1,-1,9,E01016992,0,1
2024101450391,2024,101450391,2,9,0,-1,19,1,5,-1,0,0,0,0,0,0,1,1,-1,6,1,55,8,-1,-1,-1,-1,10,E01027615,0,5
2024010493897,2024,010493897,1,9,0,99,99,9,9,99,99,9,9,99,9,99,2,9,6,6,1,45,7,-1,-1,-1,-1,2,E01004398,0,1
2024010534675,2024,010534675,2,9,0,6,6,1,1,0,0,2,0,0,0,0,1,1,6,6,3,-1,-1,-1,-1,-1,-1,-1,-1,0,-1
2024101517713,2024,101517713,1,1,0,-1,19,6,2,-1,0,0,0,0,0,0,1,1,-1,1,3,-1,-1,-1,-1,-1,-1,-1,-1,0,-1
2024061439889,2024,061439889,2,98,0,-1,19,-1,-1,-1,0,0,0,0,0,0,9,1,-1,6,3,-1,-1,-1,-1,-1,-1,-1,-1,0,-1
2024010488668,2024,010488668,2,9,0,18,19,7,3,0,0,0,0,0,0,0,3,1,6,6,1,36,7,-1,-1,-1,-1,6,E01002586,0,1
2024531483075,2024,531483075,1,9,4,-1,19,8,4,-1,0,0,0,0,0,0,1,1,-1,1,1,23,5,-1,-1,-1,-1,5,E01014014,0,4
2024010507482,2024,010507482,2,1,0,18,19,5,1,0,0,2,0,0,0,0,0,1,2,2,1,29,6,-1,-1,-1,-1,5,E01001260,0,2
2024401441145,2024,401441145,1,9,0,-1,19,1,5,-1,0,1,0,0,0,0,0,1,-1,6,1,74,10,-1,-1,-1,-1,7,E01017435,0,3
2024430111532,2024,430111532,1,1,0,18,19,7,3,0,0,0,0,0,0,0,3,1,6,6,1,23,5,-1,-1,-1,-1,9,E01033508,0,1
2024351513109,2024,351513109,2,-1,0,-1,19,5,1,-1,0,1,0,0,0,0,1,1,-1,6,1,43,7,-1,-1,-1,-1,3,E01017979,1,1
2024161402407,2024,161402407,1,9,0,-1,7,3,5,-1,0,8,0,0,0,0,3,9,-1,6,2,-1,-1,-1,-1,-1,-1,-1,-1,0,-1
2024010525107,2024,010525107,1,1,0,99,99,9,9,99,99,9,9,99,9,99,1,1,6,6,3,-1,-1,-1,-1,-1,-1,-1,-1,0,-1
2024332400739,2024,332400739,2,1,0,-1,19,8,4,-1,0,8,0,0,0,0,1,1,-1,6,1,42,7,-1,-1,-1,-1,3,E01025706,0,1
2024010494257,2024,010494257,1,3,0,99,99,9,9,99,99,9,9,99,9,99,9,1,1,1,2,29,6,-1,-1,-1,-1,8,E01004194,0,2
202460Q140474,2024,60Q140474,2,1,0,18,19,5,1,0,0,0,0,0,0,0,2,1,6,6,1,70,10,-1,-1,-1,-1,-1,-1,0,-1
2024010494746,2024,010494746,2,19,0,18,19,3,7,0,0,1,0,0,0,0,1,1,2,2,1,24,5,-1,-1,-1,-1,2,E01004008,0,1
2024221429309,2024,221429309,2,9,0,-1,14,4,8,-1,0,0,0,0,0,0,1,1,-1,6,1,43,7,-1,-1,-1,-1,-1,-1,0,-1
2024401541189,2024,401541189,2,1,0,-1,4,3,7,-1,0,1,0,0,0,0,1,1,-1,2,1,24,5,-1,-1,-1,-1,3,E01017453,0,2
2024201510544,2024,201510544,1,9,0,-1,19,1,5,-1,0,1,0,0,0,0,1,1,-1,6,3,-1,-1,-1,-1,-1,-1,-1,-1,0,-1
2024610016824,2024,610016824,1,9,0,18,19,8,4,0,0,8,0,0,0,0,1,1,6,6,2,70,10,-1,-1,-1,-1,9,W01001572,0,2
2024211405703,2024,211405703,1,5,0,-1,13,6,2,-1,9,0,1,0,0,0,1,1,-1,9,1,33,6,-1,-1,-1,-1,6,E01029389,0,1
2024010494586,2024,010494586,2,1,9,99,99,9,9,99,99,1,9,99,9,99,2,1,2,2,1,51,8,-1,-1,-1,-1,5,E01003913,0,1
2024010500146,2024,010500146,1,97,0,18,19,1,5,0,0,8,0,0,0,0,1,1,6,6,3,-1,-1,-1,-1,-1,-1,-1,-1,0,-1
2024211531945,2024,211531945,1,9,0,-1,3,-1,-1,-1,99,6,1,99,0,0,1,1,-1,6,3,-1,-1,-1,-1,-1,-1,-1,-1,0,-1
2024501463247,2024,501463247,1,1,0,-1,19,5,5,-1,9,0,0,0,0,0,1,1,-1,6,1,32,6,-1,-1,-1,-1,1,E01015153,0,1
2024061420289,2024,061420289,1,9,0,-1,19,3,7,-1,0,0,0,0,0,0,1,9,-1,6,3,-1,-1,-1,-1,-1,-1,-1,-1,0,-1
2024010518029,2024,010518029,2,1,9,99,99,9,9,99,99,9,9,99,9,99,9,1,6,6,1,-1,-1,-1,-1,-1,-1,-1,-1,0,-1
2024991427875,2024,991427875,1,19,0,-1,19,4,8,-1,0,0,0,0,0,0,1,1,-1,6,3,50,8,-1,-1,-1,-1,-1,-1,0,-1
2024461492142,2024,461492142,1,20,0,-1,3,1,5,-1,0,8,0,0,0,0,0,1,-1,8,2,25,5,-1,-1,-1,-1,1,E01024687,0,4
2024430433105,2024,430433105,2,1,0,18,19,1,5,0,0,8,0,0,0,0,3,1,6,6,1,43,7,-1,-1,-1,-1,4,E01016356,0,4
2024461465704,2024,461465704,1,9,0,-1,19,7,3,-1,0,0,0,0,0,0,1,9,-1,6,3,-1,-1,-1,-1,-1,-1,5,E01024561,0,3
2024010487395,2024,010487395,3,19,0,17,19,8,4,0,0,0,0,0,0,0,1,1,1,1,1,64,9,-1,-1,-1,-1,4,E01003214,0,4
2024451398770,2024,451398770,2,9,0,-1,7,1,5,-1,0,1,0,0,0,0,4,9,-1,6,2,18,4,-1,-1,-1,-1,9,E01030441,0,2
2024411489364,2024,411489364,1,9,0,-1,19,5,1,-1,0,1,0,0,0,0,1,1,-1,6,-1,-1,-1,-1,-1,-1,-1,-1,-1,0,-1
2024010487099,2024,010487099,1,11,0,7,7,7,1,0,0,0,0,0,0,0,0,1,6,6,1,34,6,-1,-1,-1,-1,3,E01035679,0,3
202460Q104981,2024,60Q104981,1,9,0,18,19,2,5,0,0,1,0,0,7,11,0,1,6,6,1,77,11,-1,-1,-1,-1,-1,-1,0,-1
2024010523244,2024,010523244,2,1,0,18,19,1,5,0,0,2,5,0,0,0,1,1,6,6,1,14,3,-1,-1,-1,-1,4,E01003043,0,1
2024141561942,2024,141561942,3,9,0,-1,2,3,3,-1,0,0,0,0,0,0,2,9,-1,6,3,-1,-1,-1,-1,-1,-1,-1,-1,0,-1
2024471427658,2024,471427658,1,1,0,-1,19,8,4,-1,0,1,0,0,0,0,3,1,-1,9,2,71,10,-1,-1,-1,-1,10,E01031640,0,1
2024010509791,2024,010509791,2,9,0,7,7,3,5,0,0,1,0,0,0,0,1,1,6,6,3,-1,-1,-1,-1,-1,-1,-1,-1,0,-1
2024430464358,2024,430464358,1,9,0,18,19,3,7,0,0,0,0,0,0,0,4,1,6,6,2,74,10,-1,-1,-1,-1,3,E01001366,0,4
2024010500796,2024,010500796,1,9,0,99,99,9,9,99,99,9,9,99,9,99,9,9,6,6,3,-1,-1,-1,-1,-1,-1,-1,-1,0,-1
2024211478486,2024,211478486,1,9,0,-1,19,7,3,-1,0,0,0,0,0,0,3,9,-1,6,3,-1,-1,-1,-1,-1,-1,-1,-1,0,-1
2024451414459,2024,451414459,2,19,0,-1,19,-1,-1,-1,0,0,1,0,0,0,2,1,-1,6,3,30,6,-1,-1,-1,-1,-1,-1,0,-1
2024010496262,2024,010496262,2,11,0,99,99,9,9,99,99,9,9,99,9,99,1,9,6,6,3,-1,-1,-1,-1,-1,-1,4,E01001467,0,1
2024471500487,2024,471500487,2,1,0,-1,9,1,5,-1,0,1,0,0,0,0,2,1,-1,7,2,12,3,-1,-1,-1,-1,9,E01031356,0,1
2024541834724,2024,541834724,2,22,0,18,19,6,3,0,0,3,0,0,0,0,4,1,6,6,1,86,11,-1,-1,-1,-1,6,E01032076,0,2
2024421443573,2024,421443573,1,9,0,-1,19,3,7,-1,0,0,0,0,0,0,3,2,-1,6,3,-1,-1,-1,-1,-1,-1,-1,-1,0,-1
2024991484390,2024,991484390,1,1,0,-1,19,3,7,-1,0,6,0,0,0,0,1,1,-1,7,2,13,3,-1,-1,-1,-1,3,-1,0,1
2024522401661,2024,522401661,1,1,0,18,19,6,2,0,0,1,0,0,0,0,3,1,2,2,1,48,8,-1,-1,-1,-1,2,E01014683,0,1
2024541169424,2024,541169424,1,9,0,18,19,5,1,0,0,0,0,0,0,0,1,1,6,6,3,-1,-1,-1,-1,-1,-1,-1,-1,0,-1
2024520402321,2024,520402321,1,19,9,18,19,9,9,0,0,0,0,0,0,0,9,1,6,6,3,-1,-1,-1,-1,-1,-1,-1,-1,0,-1
2024361439168,2024,361439168,1,1,0,-1,19,7,7,-1,0,0,0,7,0,0,0,1,-1,1,1,25,5,-1,-1,-1,-1,8,E01026840,0,1
2024430627460,2024,430627460,1,1,0,18,19,8,4,4,4,0,0,0,0,0,1,1,6,6,1,42,7,-1,-1,-1,-1,4,E01028532,0,1
2024544591524,2024,544591524,1,9,0,1,1,4,8,0,0,5,0,0,0,0,2,1,6,6,2,-1,-1,-1,-1,-1,-1,-1,-1,0,-1
2024471490463,2024,471490463,2,22,0,-1,19,7,3,-1,0,6,0,0,0,0,1,1,-1,6,1,65,9,-1,-1,-1,-1,4,E01031836,0,1
2024411489633,2024,411489633,2,98,1,-1,13,7,3,-1,0,0,0,0,0,0,1,2,-1,1,1,26,6,-1,-1,-1,-1,-1,-1,0,-1
2024340WN3122,2024,340WN3122,2,1,0,-1,19,1,5,-1,0,8,0,0,0,0,1,1,-1,6,1,68,10,-1,-1,-1,-1,9,E01027167,0,2
2024461398568,2024,461398568,2,3,0,-1,7,1,5,-1,0,0,0,0,0,0,2,1,-1,6,1,45,7,-1,-1,-1,-1,2,E01024374,0,1
2024311429545,2024,311429545,2,1,0,-1,19,7,3,-1,0,0,0,0,0,0,1,1,-1,6,1,41,7,-1,-1,-1,-1,-1,-1,0,-1
2024211425517,2024,211425517,1,9,-1,-1,19,2,6,-1,-1,-1,-1,-1,-1,0,-1,9,-1,6,3,-1,-1,-1,-1,-1,-1,-1,-1,0,-1
2024031493758,2024,031493758,1,1,0,-1,-1,-1,-1,-1,-1,-1,-1,-1,-1,0,-1,1,-1,6,3,-1,-1,-1,-1,-1,-1,-1,-1,0,-1
2024052401843,2024,052401843,2,1,0,18,19,5,1,0,0,1,0,0,0,0,1,1,1,1,1,22,5,-1,-1,-1,-1,1,E01006691,0,1
2024201440819,2024,201440819,2,9,0,-1,3,2,6,-1,0,1,0,0,0,0,2,1,-1,2,2,27,6,-1,-1,-1,-1,4,E01008997,0,2
2024010533237,2024,010533237,1,1,9,99,99,9,9,99,99,9,9,99,9,99,9,1,2,2,1,41,7,-1,-1,-1,-1,6,E01003672,0,2
2024351403805,2024,351403805,2,1,-1,-1,3,-1,-1,-1,0,8,0,0,-1,0,1,1,-1,2,2,46,8,-1,-1,-1,-1,4,E01015614,0,1
2024622400462,2024,622400462,2,9,0,18,19,8,4,0,0,1,0,0,0,0,2,1,6,6,2,36,7,-1,-1,-1,-1,4,W01001424,0,1
2024421406449,2024,421406449,2,1,0,-1,-1,-1,-1,-1,-1,0,-1,-1,-1,0,-1,1,-1,9,2,57,9,-1,-1,-1,-1,8,E01029917,0,2
2024430419693,2024,430419693,2,1,0,13,13,2,6,0,0,0,0,0,0,0,4,1,6,6,2,25,5,-1,-1,-1,-1,-1,-1,0,-1
2024471452549,2024,471452549,1,9,0,-1,9,2,1,-1,0,5,0,0,0,0,4,9,-1,6,1,51,8,-1,-1,-1,-1,5,E01034299,0,2
2024547215524,2024,547215524,2,9,0,9,9,1,5,0,0,3,0,0,0,0,3,1,6,6,2,33,6,-1,-1,-1,-1,5,E01015555,0,1
2024451470184,2024,451470184,1,9,0,-1,19,1,5,-1,0,1,0,0,0,0,1,9,-1,2,2,47,8,-1,-1,-1,-1,10,E01022847,0,1
2024461515620,2024,461515620,2,9,0,-1,4,7,3,-1,0,0,0,0,0,0,2,2,-1,2,1,46,8,-1,-1,-1,-1,8,E01024024,0,2
2024991516682,2024,991516682,1,1,0,-1,9,4,2,-1,0,3,0,0,0,0,0,1,-1,6,1,62,9,-1,-1,-1,-1,9,-1,0,1
2024010501155,2024,010501155,2,9,0,99,99,9,9,99,99,9,9,99,9,99,1,9,6,6,3,-1,-1,-1,-1,-1,-1,-1,-1,0,-1
2024010491439,2024,010491439,1,1,9,99,99,9,9,99,99,9,9,99,9,99,9,1,2,2,2,43,7,-1,-1,-1,-1,5,E01004644,0,1
2024361469261,2024,361469261,1,9,0,-1,19,6,2,-1,0,2,0,0,0,0,3,1,-1,6,3,30,6,-1,-1,-1,-1,-1,-1,0,-1
2024451472199,2024,451472199,2,1,0,-1,19,8,4,-1,0,1,0,0,0,0,1,1,-1,9,1,68,10,-1,-1,-1,-1,10,E01030753,0,1
2024161418112,2024,161418112,2,1,0,-1,19,8,4,-1,0,8,0,0,0,0,3,1,-1,6,1,61,9,-1,-1,-1,-1,6,E01012979,0,1
2024411494930,2024,411494930,2,9,-1,-1,-1,-1,-1,-1,-1,1,-1,-1,-1,0,-1,9,-1,6,3,-1,-1,-1,-1,-1,-1,-1,-1,0,-1
2024010494902,2024,010494902,2,9,0,99,99,9,9,99,99,9,9,99,9,99,9,9,6,6,3,-1,-1,-1,-1,-1,-1,-1,-1,0,-1
2024430078625,2024,430078625,1,9,0,18,19,3,7,0,0,2,0,0,0,0,1,1,6,6,1,-1,-1,-1,-1,-1,-1,-1,-1,0,-1
2024471517066,2024,471517066,1,9,0,-1,19,3,7,-1,0,0,0,0,0,0,1,1,-1,9,1,44,7,-1,-1,-1,-1,6,E01031673,0,1
2024111409439,2024,111409439,1,98,0,-1,9,1,5,-1,0,8,0,0,0,0,3,1,-1,9,1,23,5,-1,-1,-1,-1,2,E01008755,0,2
2024131530172,2024,131530172,1,1,0,-1,19,7,3,-1,0,2,0,0,0,0,1,1,-1,2,1,25,5,-1,-1,-1,-1,1,E01011472,0,1
2024201423033,2024,201423033,1,9,0,-1,9,3,1,-1,0,8,0,0,0,0,1,1,-1,6,1,37,7,-1,-1,-1,-1,1,E01033894,0,1
2024061441180,2024,061441180,2,19,0,-1,9,-1,-1,-1,0,6,0,0,0,0,9,1,-1,6,3,-1,-1,-1,-1,-1,-1,-1,-1,0,-1
2024201479797,2024,201479797,2,9,0,-1,19,3,7,-1,0,8,0,0,0,0,1,9,-1,6,1,37,7,-1,-1,-1,-1,4,E01009035,0,1
2024430461305,2024,430461305,1,9,0,18,19,1,5,0,0,0,0,0,0,0,1,1,6,6,1,55,8,-1,-1,-1,-1,9,E01028536,0,1
2024010529983,2024,010529983,2,97,0,13,13,9,9,99,99,9,9,99,9,99,1,9,6,6,3,-1,-1,-1,-1,-1,-1,-1,-1,0,-1
2024052401527,2024,052401527,1,1,0,18,19,1,5,0,0,8,0,0,0,0,1,1,4,7,1,12,3,-1,-1,-1,-1,1,E01007120,0,1
2024010488120,2024,010488120,2,9,0,99,99,9,9,99,99,9,9,99,9,99,9,9,6,6,3,-1,-1,-1,-1,-1,-1,-1,-1,0,-1
2024010497084,2024,010497084,2,9,0,99,99,9,9,99,99,9,9,99,9,99,1,9,6,6,3,28,6,-1,-1,-1,-1,5,E01000454,0,2
2024440275755,2024,440275755,2,9,0,18,19,1,5,0,0,1,0,0,0,0,1,1,6,6,1,76,11,-1,-1,-1,-1,8,E01022522,0,1
2024991528277,2024,991528277,1,9,0,-1,14,5,1,-1,0,0,1,4,0,0,1,1,-1,6,1,23,5,-1,-1,-1,-1,-1,-1,0,-1
2024430326116,2024,430326116,2,1,0,18,19,4,8,0,0,8,0,0,0,0,2,1,6,6,2,45,7,-1,-1,-1,-1,-1,-1,0,-1