collision_index,collision_year,collision_ref_no,vehicle_reference,vehicle_type,towing_and_articulation,vehicle_manoeuvre_historic,vehicle_manoeuvre,vehicle_direction_from,vehicle_direction_to,vehicle_location_restricted_lane_historic,vehicle_location_restricted_lane,junction_location,skidding_and_overturning,hit_object_in_carriageway,vehicle_leaving_carriageway,hit_object_off_carriageway,first_point_of_impact,vehicle_left_hand_drive,journey_purpose_of_driver_historic,journey_purpose_of_driver,sex_of_driver,age_of_driver,age_band_of_driver,engine_capacity_cc,propulsion_code,age_of_vehicle,generic_make_model,driver_imd_decile,lsoa_of_driver,escooter_flag,driver_distance_banding
2024461394505,2024,461394505,3,9,0,-1,19,8,8,-1,0,1,0,0,0,0,4,1,-1,9,1,54,8,-1,-1,-1,-1,1,E01024616,0,1
2024052400860,2024,052400860,1,9,0,1,1,7,3,0,0,0,0,0,0,0,2,1,6,6,1,23,5,-1,-1,-1,-1,6,E01003663,0,5
2024010510562,2024,010510562,2,9,0,99,99,9,9,99,99,9,9,99,9,99,1,9,6,6,3,-1,-1,-1,-1,-1,-1,-1,-1,0,-1
2024010488897,2024,010488897,2,19,0,99,99,9,9,99,99,9,9,99,9,99,9,9,6,6,3,-1,-1,-1,-1,-1,-1,-1,-1,0,-1
2024430202238,2024,430202238,2,9,0,18,19,7,3,0,0,1,0,0,0,0,1,1,6,6,1,-1,-1,-1,-1,-1,-1,-1,-1,0,-1
2024010501807,2024,010501807,1,1,9,99,99,9,9,99,99,9,9,99,9,99,9,1,6,6,2,41,7,-1,-1,-1,-1,3,E01003980,0,1
2024471516125,2024,471516125,1,1,0,-1,19,5,1,-1,9,0,0,0,0,0,3,1,-1,6,1,11,3,-1,-1,-1,-1,2,E01021183,0,1
2024010542958,2024,010542958,1,1,9,99,99,9,9,99,99,9,9,99,9,99,2,1,3,7,1,57,9,-1,-1,-1,-1,9,E01003812,0,1
2024041509257,2024,041509257,3,9,0,-1,2,1,5,-1,9,0,0,0,0,0,1,1,-1,6,3,-1,-1,-1,-1,-1,-1,-1,-1,0,-1
2024070312701,2024,070312701,2,1,0,18,19,4,8,9,9,8,0,0,0,0,4,1,6,6,1,54,8,-1,-1,-1,-1,2,E01018364,0,1
2024061489759,2024,061489759,2,9,0,-1,-1,-1,-1,-1,-1,-1,-1,-1,-1,0,-1,9,-1,6,3,-1,-1,-1,-1,-1,-1,-1,-1,0,-1
2024201426180,2024,201426180,1,9,0,-1,5,8,4,-1,0,0,0,0,0,0,3,9,-1,6,2,35,6,-1,-1,-1,-1,-1,-1,0,-1
2024201487775,2024,201487775,1,9,0,-1,14,1,5,-1,0,0,0,0,0,0,1,1,-1,2,1,21,5,-1,-1,-1,-1,7,E01009958,0,2
2024010547251,2024,010547251,2,9,9,99,99,9,9,99,99,9,9,99,9,99,9,9,6,6,3,-1,-1,-1,-1,-1,-1,-1,-1,0,-1
2024430028095,2024,430028095,1,9,0,18,19,5,1,0,0,0,0,0,0,0,1,1,6,6,1,65,9,-1,-1,-1,-1,10,E01017630,0,2
2024010510801,2024,010510801,2,1,0,14,14,3,7,0,0,0,0,0,0,0,1,1,4,7,1,16,4,-1,-1,-1,-1,4,E01035687,0,1
2024122400839,2024,122400839,2,9,0,18,19,5,1,0,0,0,0,0,0,0,2,1,6,6,2,33,6,-1,-1,-1,-1,10,-1,0,5
2024231462921,2024,231462921,2,9,0,-1,19,8,4,-1,0,0,0,4,0,0,1,1,-1,9,1,87,11,-1,-1,-1,-1,7,E01031283,0,3
2024430268646,2024,430268646,1,9,0,12,12,5,1,0,0,8,0,0,0,0,3,1,6,6,2,34,6,-1,-1,-1,-1,9,E01033508,0,1
2024010547553,2024,010547553,2,1,0,18,19,3,7,0,0,8,0,0,0,0,1,1,1,1,1,56,9,-1,-1,-1,-1,4,E01033871,0,1
2024010517200,2024,010517200,2,9,0,99,99,9,9,99,99,9,9,99,9,99,1,9,6,6,3,-1,-1,-1,-1,-1,-1,-1,-1,0,-1
2024041396015,2024,041396015,2,1,0,-1,19,8,4,-1,0,0,5,0,0,0,3,1,-1,7,1,13,3,-1,-1,-1,-1,2,E01024940,0,1
2024991491544,2024,991491544,1,9,0,-1,19,2,2,-1,0,0,0,0,0,0,3,2,-1,9,2,28,6,-1,-1,-1,-1,-1,-1,0,-1
2024340WN1952,2024,340WN1952,1,-1,0,-1,19,3,7,-1,9,0,0,0,0,0,1,1,-1,6,1,-1,-1,-1,-1,-1,-1,-1,-1,1,-1
2024141518810,2024,141518810,2,9,0,-1,19,7,3,-1,0,1,0,0,0,0,1,9,-1,6,3,-1,-1,-1,-1,-1,-1,-1,-1,0,-1
2024371399676,2024,371399676,1,9,0,-1,10,7,3,-1,0,6,0,0,0,0,3,9,-1,6,2,83,11,-1,-1,-1,-1,6,E01030209,0,1
2024481471123,2024,481471123,1,1,0,-1,19,8,4,-1,0,2,0,0,0,0,1,1,-1,2,1,64,9,-1,-1,-1,-1,-1,-1,0,-1
2024070448519,2024,070448519,1,9,0,1,1,1,7,0,0,1,0,0,0,0,2,1,6,6,2,-1,-1,-1,-1,-1,-1,-1,-1,0,-1
2024501566334,2024,501566334,2,19,0,-1,19,1,1,-1,0,6,0,0,0,0,3,1,-1,6,1,51,8,-1,-1,-1,-1,-1,-1,0,-1
2024371399856,2024,371399856,1,9,0,-1,3,1,5,-1,0,1,1,0,0,0,4,1,-1,1,1,23,5,-1,-1,-1,-1,4,E01030285,0,3
2024461447403,2024,461447403,1,21,1,-1,12,3,7,-1,0,0,0,0,0,0,3,2,-1,1,1,63,9,-1,-1,-1,-1,-1,-1,0,-1
2024430023243,2024,430023243,2,9,0,3,3,3,7,0,0,4,0,0,0,0,4,1,2,2,2,21,5,-1,-1,-1,-1,6,E01027292,0,1
2024622400133,2024,622400133,2,1,0,4,4,4,8,0,0,1,0,0,0,0,2,1,6,6,1,34,6,-1,-1,-1,-1,3,W01002020,0,1
2024340WN2872,2024,340WN2872,1,9,0,-1,13,5,1,-1,0,0,0,0,0,0,4,1,-1,6,1,45,7,-1,-1,-1,-1,7,E01027353,0,3
2024991462731,2024,991462731,1,1,0,-1,19,2,7,-1,0,2,0,0,1,0,3,1,-1,6,1,26,6,-1,-1,-1,-1,-1,-1,0,-1
2024131398314,2024,131398314,1,9,0,-1,19,3,7,-1,0,0,2,0,8,9,1,1,-1,9,1,19,4,-1,-1,-1,-1,1,E01010700,0,1
2024101464327,2024,101464327,3,9,0,-1,19,6,2,-1,0,1,0,0,0,0,3,1,-1,6,1,78,11,-1,-1,-1,-1,2,E01008670,0,1
2024421445514,2024,421445514,1,19,0,-1,19,1,1,-1,0,1,0,0,0,0,4,9,-1,2,2,31,6,-1,-1,-1,-1,7,E01021952,0,1
2024332400443,2024,332400443,2,9,0,-1,19,9,9,-1,0,8,0,0,0,0,1,1,-1,6,2,-1,-1,-1,-1,-1,-1,-1,-1,0,-1
2024131467610,2024,131467610,2,9,0,-1,2,7,3,-1,0,8,0,0,0,0,3,1,-1,6,3,-1,-1,-1,-1,-1,-1,-1,-1,0,-1
2024010506188,2024,010506188,1,1,9,99,99,9,9,99,99,9,9,99,9,99,1,1,6,6,1,34,6,-1,-1,-1,-1,5,E01026940,0,5
2024211522845,2024,211522845,2,9,0,-1,3,8,4,-1,0,1,0,0,0,0,2,1,-1,2,2,33,6,-1,-1,-1,-1,3,E01029716,0,1
2024461526436,2024,461526436,1,9,0,-1,19,2,6,-1,0,0,1,4,0,0,1,1,-1,6,1,64,9,-1,-1,-1,-1,3,E01024239,0,2
2024201477258,2024,201477258,1,9,0,-1,19,2,6,-1,0,0,0,0,0,0,1,1,-1,6,1,-1,-1,-1,-1,-1,-1,-1,-1,0,-1
2024340NN3962,2024,340NN3962,1,9,0,-1,9,1,5,-1,0,5,0,0,0,0,1,1,-1,2,2,48,8,-1,-1,-1,-1,1,E01027310,0,1
2024141534769,2024,141534769,1,1,0,-1,19,2,6,-1,0,0,2,10,7,0,1,1,-1,6,1,26,6,-1,-1,-1,-1,4,E01007478,0,1
2024101513569,2024,101513569,2,1,0,-1,9,5,1,-1,9,1,2,0,0,0,3,1,-1,7,1,11,3,-1,-1,-1,-1,1,E01008600,0,1
2024451450159,2024,451450159,2,9,0,-1,19,5,1,-1,0,0,0,0,0,0,1,9,-1,6,2,35,6,-1,-1,-1,-1,-1,-1,0,-1
2024201499785,2024,201499785,4,19,0,-1,19,2,6,-1,0,1,0,0,0,0,2,1,-1,6,1,50,8,-1,-1,-1,-1,1,E01010363,0,4
2024070970120,2024,070970120,2,1,0,-1,10,7,5,-1,0,8,0,0,0,0,1,1,-1,2,2,42,7,-1,-1,-1,-1,3,E01018747,0,1
2024010540082,2024,010540082,1,9,0,9,9,3,1,0,0,6,0,0,0,0,3,1,6,6,1,38,7,-1,-1,-1,-1,4,E01003769,0,2
2024010516755,2024,010516755,2,-1,0,18,19,1,5,0,0,8,0,0,0,0,1,1,2,2,1,20,4,-1,-1,-1,-1,2,E01003346,1,1
2024340WN3482,2024,340WN3482,1,9,0,-1,9,3,1,-1,0,8,0,0,0,0,3,1,-1,6,1,62,9,-1,-1,-1,-1,-1,-1,0,-1
2024311449323,2024,311449323,1,-1,0,-1,19,3,7,-1,9,1,0,0,-1,0,-1,1,-1,6,1,-1,-1,-1,-1,-1,-1,-1,-1,1,-1
2024010546861,2024,010546861,2,1,0,18,19,5,1,0,0,8,0,0,0,0,1,1,6,6,1,33,6,-1,-1,-1,-1,3,E01004584,0,1
2024610051624,2024,610051624,1,19,0,2,2,0,0,0,0,0,0,0,0,0,2,1,6,6,3,-1,-1,-1,-1,-1,-1,-1,-1,0,-1
2024141470791,2024,141470791,2,9,0,-1,3,5,1,-1,0,1,0,0,0,0,4,9,-1,6,3,-1,-1,-1,-1,-1,-1,-1,-1,0,-1
2024522402443,2024,522402443,1,97,0,4,4,7,2,0,0,1,0,0,0,0,2,1,6,6,1,69,10,-1,-1,-1,-1,6,E01014750,0,3
2024351414877,2024,351414877,1,9,0,-1,7,-1,-1,-1,4,5,0,0,0,0,4,9,-1,6,3,-1,-1,-1,-1,-1,-1,-1,-1,0,-1
2024991415592,2024,991415592,1,9,0,-1,5,3,7,-1,0,0,0,0,2,0,4,1,-1,9,2,67,10,-1,-1,-1,-1,-1,-1,0,-1
2024131510210,2024,131510210,2,9,0,-1,2,7,3,-1,0,8,0,0,7,11,2,1,-1,6,-1,-1,-1,-1,-1,-1,-1,-1,-1,0,-1
2024201470866,2024,201470866,2,19,0,-1,19,3,7,-1,0,1,0,0,0,0,2,9,-1,6,1,31,6,-1,-1,-1,-1,3,E01009770,0,3
2024010514942,2024,010514942,1,9,0,18,19,1,5,0,0,1,0,0,0,0,1,1,6,6,1,22,5,-1,-1,-1,-1,5,E01015865,0,4
2024010489358,2024,010489358,2,9,0,99,99,9,9,99,99,0,9,99,9,99,9,9,6,6,3,-1,-1,-1,-1,-1,-1,-1,-1,0,-1
2024131464865,2024,131464865,2,1,0,-1,19,3,3,-1,4,0,0,0,0,0,1,1,-1,2,1,30,6,-1,-1,-1,-1,2,E01011222,0,1
2024010523585,2024,010523585,1,9,0,8,8,7,1,0,0,1,0,0,0,0,4,1,6,6,2,54,8,-1,-1,-1,-1,5,E01000240,0,1
2024430016556,2024,430016556,1,3,0,18,19,7,3,0,0,1,0,0,0,0,1,1,2,2,1,18,4,-1,-1,-1,-1,8,E01028784,0,1
2024061510325,2024,061510325,2,9,0,-1,19,7,3,-1,0,0,0,0,0,0,3,9,-1,9,1,57,9,-1,-1,-1,-1,5,E01006160,0,1
2024430141415,2024,430141415,2,1,0,18,19,1,5,4,4,0,0,0,0,0,1,1,6,6,2,24,5,-1,-1,-1,-1,2,E01028522,0,1
2024401539353,2024,401539353,1,99,-1,-1,-1,-1,-1,-1,-1,-1,-1,-1,-1,0,-1,9,-1,6,1,-1,-1,-1,-1,-1,-1,-1,-1,0,-1
2024061446300,2024,061446300,3,9,0,-1,19,4,4,-1,0,0,0,0,0,0,1,1,-1,6,2,51,8,-1,-1,-1,-1,9,E01006987,0,4
2024041458000,2024,041458000,1,9,0,-1,19,-1,-1,-1,0,1,0,0,0,0,-1,9,-1,6,3,-1,-1,-1,-1,-1,-1,-1,-1,0,-1
2024351401655,2024,351401655,1,9,0,-1,19,3,7,-1,0,0,0,0,7,0,1,9,-1,9,1,18,4,-1,-1,-1,-1,4,E01015752,0,4
2024052402202,2024,052402202,2,9,0,18,19,3,7,0,0,8,1,0,1,0,4,1,2,2,2,61,9,-1,-1,-1,-1,8,E01007100,0,1
2024461471757,2024,461471757,2,9,0,-1,19,3,7,-1,0,1,0,0,0,0,1,1,-1,9,2,77,11,-1,-1,-1,-1,9,E01024085,0,2
2024461444870,2024,461444870,1,9,0,-1,5,5,1,-1,0,0,0,0,0,0,1,1,-1,9,1,23,5,-1,-1,-1,-1,-1,-1,0,-1
2024141475724,2024,141475724,1,9,0,-1,19,5,1,-1,1,4,0,9,3,0,1,1,-1,6,2,66,10,-1,-1,-1,-1,8,E01007523,0,1
2024302401551,2024,302401551,3,9,0,8,8,1,4,0,0,1,0,0,0,0,0,1,6,6,3,-1,-1,-1,-1,-1,-1,5,E01019456,0,3
2024010489427,2024,010489427,1,9,0,99,99,9,9,99,99,9,9,99,9,99,9,9,6,6,1,34,6,-1,-1,-1,-1,4,E01000742,0,1
2024141429978,2024,141429978,1,9,0,-1,7,1,6,-1,0,0,0,0,0,0,4,9,-1,6,3,-1,-1,-1,-1,-1,-1,-1,-1,0,-1
2024991464514,2024,991464514,1,9,0,-1,19,2,6,-1,0,0,0,0,1,2,1,1,-1,1,1,35,6,-1,-1,-1,-1,8,-1,0,1
2024070771784,2024,070771784,2,1,0,-1,19,3,3,-1,0,0,0,0,0,0,4,1,-1,6,1,16,4,-1,-1,-1,-1,6,E01012564,0,1
2024430482585,2024,430482585,1,9,0,18,19,2,5,0,0,2,1,0,0,0,3,1,1,1,1,72,10,-1,-1,-1,-1,-1,-1,0,-1
2024061427255,2024,061427255,1,1,0,-1,19,-1,-1,-1,4,0,0,99,1,0,3,1,-1,2,1,20,4,-1,-1,-1,-1,2,E01006107,0,1
2024131517022,2024,131517022,1,1,0,-1,19,3,7,-1,9,0,0,0,0,0,4,1,-1,6,1,13,3,-1,-1,-1,-1,1,E01011750,0,1
2024010516731,2024,010516731,2,1,0,18,19,7,3,0,0,1,0,0,0,0,3,1,1,1,1,18,4,-1,-1,-1,-1,7,E01001235,0,1
2024471484830,2024,471484830,1,19,0,-1,19,5,8,-1,0,0,5,0,5,6,4,1,-1,9,1,38,7,-1,-1,-1,-1,3,E01031752,0,3
2024131582083,2024,131582083,1,9,0,-1,19,1,5,-1,0,8,0,0,1,0,1,1,-1,9,1,31,6,-1,-1,-1,-1,2,E01010740,0,1
2024531455911,2024,531455911,2,1,0,-1,19,4,8,-1,0,0,5,0,0,0,1,1,-1,6,1,47,8,-1,-1,-1,-1,7,E01034783,0,1
2024501535794,2024,501535794,2,19,-1,-1,3,5,1,-1,0,0,0,0,0,0,2,9,-1,6,3,-1,-1,-1,-1,-1,-1,-1,-1,0,-1
2024991453839,2024,991453839,1,9,0,-1,19,3,8,-1,0,0,0,0,0,0,3,1,-1,1,1,66,10,-1,-1,-1,-1,-1,-1,0,-1
2024361483225,2024,361483225,2,1,0,-1,19,1,5,-1,0,0,0,0,0,0,4,1,-1,6,1,16,4,-1,-1,-1,-1,10,E01026908,0,1
2024052402623,2024,052402623,1,9,0,18,19,3,7,0,0,1,0,0,0,0,1,1,6,6,3,-1,-1,-1,-1,-1,-1,-1,-1,0,-1
2024010487664,2024,010487664,2,9,0,18,19,5,1,0,0,1,0,0,0,0,1,1,6,6,1,70,10,-1,-1,-1,-1,2,E01000072,0,1
2024122401004,2024,122401004,1,1,0,18,19,8,4,0,0,0,0,0,0,0,1,1,6,6,1,36,7,-1,-1,-1,-1,7,E01020906,0,4
2024010492691,2024,010492691,2,9,0,99,99,9,9,99,99,9,9,99,9,99,1,9,6,6,3,59,9,-1,-1,-1,-1,8,E01003225,0,1
2024061518752,2024,061518752,2,9,0,-1,12,2,6,-1,0,0,0,0,7,0,4,9,-1,6,1,52,8,-1,-1,-1,-1,2,E01006253,0,1
2024010541009,2024,010541009,1,1,0,5,5,5,1,0,0,1,1,0,0,0,3,1,1,1,1,23,5,-1,-1,-1,-1,4,E01003043,0,1
202417H107124,2024,17H107124,1,1,0,-1,9,4,2,-1,0,0,0,0,0,0,3,1,-1,2,1,21,5,-1,-1,-1,-1,1,E01011989,0,1
2024061526176,2024,061526176,2,1,0,-1,19,2,6,-1,0,2,1,0,0,0,2,1,-1,6,1,37,7,-1,-1,-1,-1,8,E01005785,0,1
2024302400324,2024,302400324,2,9,0,3,3,6,2,0,0,0,0,0,0,0,2,1,6,6,1,64,9,-1,-1,-1,-1,4,E01019776,0,1
2024041511117,2024,041511117,1,9,0,-1,19,7,3,-1,0,0,0,0,0,0,1,1,-1,6,1,22,5,-1,-1,-1,-1,8,E01025178,0,1
2024010510668,2024,010510668,2,1,9,99,99,9,9,99,99,9,9,99,9,99,1,1,6,6,3,-1,-1,-1,-1,-1,-1,-1,-1,0,-1
2024430034313,2024,430034313,2,9,0,18,19,8,4,0,0,4,0,0,0,0,1,1,6,6,2,-1,-1,-1,-1,-1,-1,-1,-1,0,-1
2024010500379,2024,010500379,1,9,0,99,99,9,9,0,0,0,9,99,9,99,4,9,6,6,2,38,7,-1,-1,-1,-1,2,E01023397,0,4
2024010507994,2024,010507994,2,1,0,18,19,1,5,0,0,1,0,4,0,0,1,1,1,1,1,23,5,-1,-1,-1,-1,4,E01003146,0,3
2024991405560,2024,991405560,1,9,0,-1,19,1,5,-1,0,0,1,0,1,4,3,1,-1,6,1,70,10,-1,-1,-1,-1,7,-1,0,1
2024131456055,2024,131456055,3,9,0,-1,4,1,5,-1,0,8,0,0,0,0,1,1,-1,1,1,57,9,-1,-1,-1,-1,5,E01011733,0,3
2024501416791,2024,501416791,2,1,0,-1,19,5,1,-1,0,1,0,0,0,0,4,1,-1,6,1,49,8,-1,-1,-1,-1,7,E01020202,0,4
2024311529895,2024,311529895,2,1,0,-1,9,8,4,-1,0,1,0,0,0,0,3,1,-1,9,1,34,6,-1,-1,-1,-1,-1,-1,0,-1
2024201468624,2024,201468624,1,9,0,-1,99,1,5,-1,0,0,0,0,0,0,3,1,-1,6,1,-1,-1,-1,-1,-1,-1,-1,-1,0,-1
2024010546466,2024,010546466,1,1,9,99,99,9,9,99,99,9,9,99,9,99,9,1,6,6,3,-1,-1,-1,-1,-1,-1,-1,-1,0,-1
2024010502530,2024,010502530,2,9,9,99,99,9,9,99,99,9,9,99,9,99,9,9,6,6,3,-1,-1,-1,-1,-1,-1,-1,-1,0,-1
2024501426577,2024,501426577,2,9,0,-1,19,3,7,-1,0,0,1,1,0,0,1,1,-1,9,1,48,8,-1,-1,-1,-1,8,E01019018,0,4
202460Q041041,2024,60Q041041,1,9,0,9,9,2,6,0,0,6,0,0,1,0,3,1,2,2,1,30,6,-1,-1,-1,-1,-1,-1,0,-1
2024340WN2132,2024,340WN2132,2,-1,0,-1,9,8,6,-1,0,3,0,0,0,0,4,1,-1,9,1,30,6,-1,-1,-1,-1,3,E01027154,1,1
2024201502282,2024,201502282,1,9,0,-1,15,8,4,-1,0,2,0,0,0,0,3,9,-1,6,3,-1,-1,-1,-1,-1,-1,-1,-1,0,-1
2024010529507,2024,010529507,2,9,9,99,99,9,9,99,99,9,9,99,9,99,9,9,6,6,3,-1,-1,-1,-1,-1,-1,-1,-1,0,-1
2024010538418,2024,010538418,1,9,0,99,99,9,9,0,0,9,0,0,0,0,1,9,6,6,3,-1,-1,-1,-1,-1,-1,-1,-1,0,-1
2024131453129,2024,131453129,1,-1,0,-1,5,1,3,-1,0,0,0,0,0,0,1,1,-1,9,1,14,3,-1,-1,-1,-1,2,E01011786,1,1
2024201527716,2024,201527716,2,1,0,-1,19,5,1,-1,0,1,0,0,0,0,1,1,-1,2,1,50,8,-1,-1,-1,-1,9,E01009814,0,3
2024131410809,2024,131410809,2,19,0,-1,19,5,1,-1,0,0,0,0,0,0,2,1,-1,2,1,49,8,-1,-1,-1,-1,3,E01007479,0,4
2024010535699,2024,010535699,1,1,9,99,99,9,9,99,99,9,9,99,9,99,1,1,2,2,1,25,5,-1,-1,-1,-1,4,E01035651,0,1
2024430375064,2024,430375064,2,1,0,18,19,5,1,0,0,0,0,0,1,10,3,1,6,6,2,51,8,-1,-1,-1,-1,8,E01021424,0,4
2024101416395,2024,101416395,1,9,0,-1,19,7,3,-1,0,0,0,0,0,0,0,9,-1,6,3,-1,-1,-1,-1,-1,-1,-1,-1,0,-1
2024010545122,2024,010545122,2,9,9,18,19,1,5,99,99,9,9,99,9,99,1,1,6,6,3,-1,-1,-1,-1,-1,-1,-1,-1,0,-1
2024430443968,2024,430443968,2,1,0,18,19,8,4,0,0,0,0,8,0,0,1,1,6,6,1,57,9,-1,-1,-1,-1,3,E01003106,0,4
2024351537544,2024,351537544,2,1,-1,-1,19,5,1,-1,0,8,1,0,0,0,3,1,-1,9,1,51,8,-1,-1,-1,-1,5,E01033121,0,1
2024010518907,2024,010518907,2,9,0,5,5,0,1,0,0,2,0,11,0,0,3,1,6,6,2,-1,-1,-1,-1,-1,-1,2,E01001959,0,1
2024010519410,2024,010519410,2,9,0,4,4,1,5,0,0,1,0,0,0,0,1,1,6,6,3,34,6,-1,-1,-1,-1,-1,-1,0,-1
2024010530855,2024,010530855,2,19,0,18,19,6,2,0,0,0,0,0,0,0,1,1,6,6,3,-1,-1,-1,-1,-1,-1,-1,-1,0,-1
2024010519039,2024,010519039,1,1,0,18,19,3,7,4,4,0,0,0,0,0,2,1,6,6,1,33,6,-1,-1,-1,-1,-1,-1,0,-1
2024201518346,2024,201518346,1,1,0,-1,19,6,2,-1,0,8,1,0,0,0,0,1,-1,6,1,48,8,-1,-1,-1,-1,1,E01009200,0,1
2024010509307,2024,010509307,1,1,9,99,99,9,9,99,99,9,9,99,9,99,1,1,6,6,1,44,7,-1,-1,-1,-1,8,E01004386,0,3
2024101523605,2024,101523605,2,1,0,-1,19,5,1,-1,0,8,0,0,0,0,1,1,-1,6,1,64,9,-1,-1,-1,-1,1,E01008849,0,1
2024122400330,2024,122400330,1,9,0,5,5,1,5,0,0,0,0,4,0,0,1,1,6,6,1,64,9,-1,-1,-1,-1,6,E01027758,0,2
2024991457204,2024,991457204,1,9,0,-1,9,8,6,-1,0,8,0,0,0,0,4,1,-1,6,3,50,8,-1,-1,-1,-1,-1,-1,0,-1
2024131482508,2024,131482508,2,9,0,-1,19,3,7,-1,0,3,0,0,0,0,4,1,-1,9,2,33,6,-1,-1,-1,-1,10,E01011845,0,1
2024461499444,2024,461499444,2,1,0,-1,19,1,6,-1,0,8,0,0,0,0,1,1,-1,6,1,14,3,-1,-1,-1,-1,-1,-1,0,-1
2024351540952,2024,351540952,2,1,0,-1,19,7,3,-1,0,2,0,0,0,0,2,1,-1,9,1,59,9,-1,-1,-1,-1,6,E01035546,0,1
2024131480723,2024,131480723,1,1,0,-1,19,4,8,-1,0,1,0,0,0,0,0,1,-1,6,2,20,4,-1,-1,-1,-1,2,E01010778,0,1
2024010491159,2024,010491159,2,1,0,18,19,5,1,0,0,1,0,0,0,0,1,1,6,6,1,37,7,-1,-1,-1,-1,-1,-1,0,-1
2024421504382,2024,421504382,2,9,0,-1,4,4,8,-1,0,0,0,0,0,0,2,1,-1,9,2,60,9,-1,-1,-1,-1,10,E01021458,0,3
2024371459486,2024,371459486,2,90,0,-1,19,5,1,-1,0,2,0,0,0,0,4,1,-1,1,1,48,8,-1,-1,-1,-1,6,E01030186,0,4
2024101434024,2024,101434024,1,9,0,-1,4,1,5,-1,0,1,0,0,0,0,1,9,-1,6,3,-1,-1,-1,-1,-1,-1,-1,-1,0,-1
2024052400660,2024,052400660,1,9,0,4,4,5,1,0,0,0,0,0,0,0,1,1,1,1,3,-1,-1,-1,-1,-1,-1,-1,-1,0,-1
2024461439943,2024,461439943,2,1,0,-1,19,5,1,-1,0,0,0,0,0,0,1,1,-1,6,1,57,9,-1,-1,-1,-1,9,E01024006,0,2
2024010487533,2024,010487533,1,9,9,99,99,9,9,99,99,9,9,99,9,99,1,1,6,6,1,64,9,-1,-1,-1,-1,3,E01003579,0,1
2024131536556,2024,131536556,1,90,0,-1,-1,-1,-1,-1,-1,0,-1,-1,-1,0,-1,1,-1,6,3,-1,-1,-1,-1,-1,-1,-1,-1,0,-1
2024161410571,2024,161410571,1,1,0,-1,19,1,5,-1,0,0,0,0,0,0,1,1,-1,6,1,53,8,-1,-1,-1,-1,1,E01012892,0,1
2024010494254,2024,010494254,1,4,0,99,99,9,9,99,99,9,9,99,9,99,9,1,1,1,1,31,6,-1,-1,-1,-1,2,E01000223,0,3
2024302401275,2024,302401275,2,-1,0,14,14,1,5,0,0,0,0,0,0,0,1,1,6,6,2,39,7,-1,-1,-1,-1,2,E01013512,1,1
2024010526523,2024,010526523,2,1,9,99,99,9,9,99,99,9,9,99,9,99,9,1,6,6,1,67,10,-1,-1,-1,-1,2,E01033148,0,2
2024320279742,2024,320279742,1,9,0,-1,-1,5,1,0,0,0,0,0,7,9,1,1,6,6,2,56,9,-1,-1,-1,-1,4,E01026105,0,1
2024332400759,2024,332400759,2,9,0,-1,19,1,5,-1,0,0,0,0,0,0,1,1,-1,6,3,-1,-1,-1,-1,-1,-1,-1,-1,0,-1
2024141492212,2024,141492212,2,1,0,-1,19,6,3,-1,0,1,0,0,0,0,1,1,-1,9,1,37,7,-1,-1,-1,-1,2,E01007733,0,1
2024201531071,2024,201531071,1,9,0,-1,9,5,1,-1,0,5,0,0,0,0,1,9,-1,6,2,35,6,-1,-1,-1,-1,-1,-1,0,-1
2024221534877,2024,221534877,2,9,0,-1,5,4,8,-1,0,6,0,0,0,0,1,1,-1,6,1,39,7,-1,-1,-1,-1,7,E01014100,0,4
2024552400117,2024,552400117,2,1,0,18,19,6,2,0,0,8,0,0,0,0,4,1,6,6,1,15,3,-1,-1,-1,-1,10,E01022994,0,1
2024531500466,2024,531500466,2,1,0,-1,19,2,7,-1,0,8,0,0,0,0,1,1,-1,9,2,62,9,-1,-1,-1,-1,10,E01022113,0,1
2024010545935,2024,010545935,2,1,0,-1,-1,1,5,0,0,1,0,0,0,0,1,1,2,2,1,52,8,-1,-1,-1,-1,2,E01004574,0,1
2024052400032,2024,052400032,2,1,0,18,19,5,1,0,0,0,0,0,0,0,1,1,6,6,1,30,6,-1,-1,-1,-1,-1,-1,0,-1
2024201437664,2024,201437664,1,2,0,-1,6,3,3,-1,0,1,0,0,0,0,4,1,-1,6,1,29,6,-1,-1,-1,-1,4,E01009913,0,1
2024311413549,2024,311413549,1,1,0,-1,4,5,1,-1,0,0,5,0,0,0,2,1,-1,6,1,25,5,-1,-1,-1,-1,-1,-1,0,-1
2024201466327,2024,201466327,1,9,0,-1,19,-1,-1,-1,0,0,0,0,0,0,4,9,-1,6,3,-1,-1,-1,-1,-1,-1,-1,-1,0,-1
2024010521637,2024,010521637,2,23,0,7,7,3,6,0,0,1,0,0,0,0,3,1,6,6,1,17,4,-1,-1,-1,-1,2,E01001409,0,3
2024010498290,2024,010498290,1,9,0,99,99,9,9,99,99,9,9,99,9,99,2,9,6,6,1,51,8,-1,-1,-1,-1,3,E01002283,0,1
2024052400720,2024,052400720,2,1,0,18,19,7,3,0,0,3,0,0,0,0,4,1,2,2,1,29,6,-1,-1,-1,-1,4,E01032507,0,2
2024101458645,2024,101458645,2,1,0,-1,3,7,3,-1,0,1,2,0,0,0,2,1,-1,6,1,70,10,-1,-1,-1,-1,-1,-1,0,-1
2024010494169,2024,010494169,2,9,0,99,99,9,9,99,99,0,9,99,9,99,1,9,6,6,3,-1,-1,-1,-1,-1,-1,-1,-1,0,-1
2024052400082,2024,052400082,1,-1,0,18,19,5,1,0,0,0,0,0,0,0,1,1,6,6,3,-1,-1,-1,-1,-1,-1,-1,-1,1,-1
2024010505681,2024,010505681,2,1,9,99,99,9,9,99,99,9,9,99,9,99,1,1,6,6,1,-1,-1,-1,-1,-1,-1,10,E01000449,0,2
2024501487361,2024,501487361,2,19,0,-1,4,7,3,-1,0,0,9,0,0,0,1,1,-1,6,1,32,6,-1,-1,-1,-1,-1,-1,0,-1
2024991400603,2024,991400603,1,9,0,-1,6,3,7,-1,0,1,0,0,0,0,3,1,-1,9,1,43,7,-1,-1,-1,-1,9,-1,0,3
2024010509000,2024,010509000,2,1,0,18,19,4,8,0,0,1,0,0,0,0,3,1,2,2,1,42,7,-1,-1,-1,-1,3,E01004746,0,1