collision_index,collision_year,collision_ref_no,vehicle_reference,vehicle_type,towing_and_articulation,vehicle_manoeuvre_historic,vehicle_manoeuvre,vehicle_direction_from,vehicle_direction_to,vehicle_location_restricted_lane_historic,vehicle_location_restricted_lane,junction_location,skidding_and_overturning,hit_object_in_carriageway,vehicle_leaving_carriageway,hit_object_off_carriageway,first_point_of_impact,vehicle_left_hand_drive,journey_purpose_of_driver_historic,journey_purpose_of_driver,sex_of_driver,age_of_driver,age_band_of_driver,engine_capacity_cc,propulsion_code,age_of_vehicle,generic_make_model,driver_imd_decile,lsoa_of_driver,escooter_flag,driver_distance_banding
2024010534387,2024,010534387,1,1,0,16,19,1,5,0,0,3,0,10,1,0,1,1,6,6,1,78,11,-1,-1,-1,-1,9,E01001992,0,2
2024010546910,2024,010546910,1,1,9,99,99,9,9,99,99,9,9,99,9,99,9,1,2,2,2,60,9,-1,-1,-1,-1,7,E01002159,0,1
2024201513780,2024,201513780,2,9,0,-1,3,7,3,-1,0,1,0,0,0,0,2,1,-1,2,2,30,6,-1,-1,-1,-1,5,E01010970,0,5
2024471408037,2024,471408037,2,8,0,-1,19,5,1,-1,2,1,0,0,7,0,1,2,-1,6,1,-1,-1,-1,-1,-1,-1,-1,-1,0,-1
2024010494940,2024,010494940,2,19,0,99,99,9,9,99,99,9,9,99,9,99,1,9,6,6,3,-1,-1,-1,-1,-1,-1,-1,-1,0,-1
2024430013627,2024,430013627,1,9,0,18,19,3,7,0,0,0,0,0,1,4,1,1,6,6,1,28,6,-1,-1,-1,-1,7,E01007582,0,5
2024440490587,2024,440490587,1,1,0,18,19,4,7,9,9,0,0,0,7,0,0,1,6,6,1,19,4,-1,-1,-1,-1,4,E01017020,0,1
2024549705224,2024,549705224,2,9,0,18,19,5,1,0,0,0,0,0,0,0,3,1,6,6,1,25,5,-1,-1,-1,-1,6,E01032076,0,3
2024010548341,2024,010548341,1,1,0,18,19,3,7,9,9,1,0,0,0,0,1,1,6,6,1,-1,-1,-1,-1,-1,-1,-1,-1,0,-1
2024211492232,2024,211492232,2,9,0,-1,2,5,5,-1,-1,0,0,0,0,0,3,1,-1,9,2,25,5,-1,-1,-1,-1,7,E01029863,0,1
2024501529828,2024,501529828,2,9,0,-1,19,3,7,-1,0,1,0,0,0,0,1,1,-1,2,1,23,5,-1,-1,-1,-1,5,E01019019,0,5
2024471511808,2024,471511808,1,1,0,-1,19,5,1,-1,0,6,0,0,0,0,9,1,-1,9,1,14,3,-1,-1,-1,-1,8,E01021028,0,1
2024010526352,2024,010526352,2,9,0,18,19,7,3,0,0,4,0,0,0,0,3,1,6,6,3,-1,-1,-1,-1,-1,-1,-1,-1,0,-1
2024010545913,2024,010545913,1,9,0,99,99,9,9,0,0,9,0,99,9,99,9,9,6,6,3,-1,-1,-1,-1,-1,-1,-1,-1,0,-1
2024010544682,2024,010544682,2,9,9,99,99,9,9,99,99,9,9,99,9,99,9,9,6,6,3,-1,-1,-1,-1,-1,-1,-1,-1,0,-1
2024101487079,2024,101487079,1,1,0,-1,19,1,5,-1,0,4,2,0,0,0,1,1,-1,6,1,34,6,-1,-1,-1,-1,5,E01008362,0,1
2024461471582,2024,461471582,2,1,0,-1,19,1,5,-1,0,0,0,0,0,0,4,1,-1,6,1,19,4,-1,-1,-1,-1,3,E01024493,0,1
2024010513602,2024,010513602,2,3,0,18,19,7,3,0,0,1,5,0,0,0,4,1,6,6,1,46,8,-1,-1,-1,-1,6,E01001935,0,2
2024552401465,2024,552401465,1,9,0,18,19,4,8,0,0,0,0,0,1,0,1,1,6,6,2,53,8,-1,-1,-1,-1,9,E01020419,0,1
2024061468784,2024,061468784,2,9,0,-1,2,8,8,-1,0,0,0,0,0,0,3,9,-1,6,3,-1,-1,-1,-1,-1,-1,-1,-1,0,-1
2024052402168,2024,052402168,1,1,0,5,5,1,5,0,0,0,0,0,0,0,3,1,6,6,1,11,3,-1,-1,-1,-1,1,E01007048,0,1
2024052400847,2024,052400847,1,9,0,18,19,5,1,0,0,0,0,0,0,0,1,1,6,6,3,-1,-1,-1,-1,-1,-1,-1,-1,0,-1
2024610012924,2024,610012924,1,9,0,18,19,7,3,0,0,0,0,0,0,0,3,1,6,6,1,43,7,-1,-1,-1,-1,3,W01001402,0,1
2024010533582,2024,010533582,2,1,0,18,19,5,1,0,0,8,0,0,0,0,4,1,6,6,1,51,8,-1,-1,-1,-1,1,E01002071,0,1
2024520401474,2024,520401474,2,98,0,11,11,1,5,0,0,0,0,0,0,0,1,1,6,6,2,53,8,-1,-1,-1,-1,2,E01029097,0,3
2024991469965,2024,991469965,2,1,0,-1,19,6,3,-1,0,8,0,0,0,0,1,1,-1,9,1,34,6,-1,-1,-1,-1,10,-1,0,1
2024552400304,2024,552400304,1,9,0,5,5,2,6,0,0,4,0,0,0,0,1,1,6,6,2,22,5,-1,-1,-1,-1,2,E01015430,0,1
2024010527316,2024,010527316,3,9,0,14,14,5,1,0,0,0,5,4,0,0,1,1,6,6,1,43,7,-1,-1,-1,-1,-1,-1,0,-1
2024122400743,2024,122400743,2,9,0,18,19,7,3,0,0,1,0,0,1,9,3,1,6,6,1,62,9,-1,-1,-1,-1,9,E01013341,0,1
2024991472461,2024,991472461,2,90,0,-1,15,1,5,-1,0,8,0,0,0,0,1,1,-1,1,1,31,6,-1,-1,-1,-1,3,-1,0,1
2024041464115,2024,041464115,1,9,0,-1,19,7,3,-1,0,0,2,0,1,4,1,1,-1,9,2,32,6,-1,-1,-1,-1,3,E01006282,0,4
2024010540439,2024,010540439,2,9,0,99,99,9,9,99,99,5,9,99,9,99,9,9,6,6,3,-1,-1,-1,-1,-1,-1,-1,-1,0,-1
2024010495001,2024,010495001,1,3,0,99,99,9,9,99,99,1,9,99,9,99,1,1,1,1,3,36,7,-1,-1,-1,-1,2,E01002067,0,3
2024302500004,2024,302500004,1,-1,0,-1,19,1,5,-1,0,0,0,0,0,0,1,1,-1,6,3,-1,-1,-1,-1,-1,-1,5,E01019456,1,3
2024211450561,2024,211450561,1,9,0,-1,7,1,3,-1,0,0,0,0,0,0,3,1,-1,9,1,75,10,-1,-1,-1,-1,8,E01029484,0,1
2024631459430,2024,631459430,2,22,0,-1,19,6,2,-1,0,8,0,0,0,0,3,1,-1,9,2,55,8,-1,-1,-1,-1,3,W01002010,0,1
2024010486949,2024,010486949,1,9,0,18,19,7,3,0,0,8,0,0,0,0,2,1,6,6,2,47,8,-1,-1,-1,-1,4,E01003513,0,1
2024302401159,2024,302401159,1,9,0,18,19,1,5,0,0,8,0,0,0,0,0,1,6,6,3,-1,-1,-1,-1,-1,-1,5,E01019456,0,3
2024320177450,2024,320177450,1,9,0,-1,-1,2,6,0,0,1,0,0,0,0,4,-1,6,6,3,-1,-1,-1,-1,-1,-1,-1,-1,0,-1
2024221398508,2024,221398508,2,9,0,-1,19,5,7,-1,0,0,0,0,0,0,1,1,-1,7,2,28,6,-1,-1,-1,-1,9,E01032337,0,1
2024430191299,2024,430191299,1,1,0,18,19,2,4,0,0,6,0,0,0,0,4,1,6,6,1,-1,-1,-1,-1,-1,-1,-1,-1,0,-1
2024302400214,2024,302400214,1,9,0,18,19,3,7,0,0,8,0,0,0,0,1,1,6,6,3,-1,-1,-1,-1,-1,-1,5,E01019456,0,3
2024440202863,2024,440202863,1,9,0,18,19,1,5,0,0,8,0,0,0,0,1,1,6,6,1,-1,-1,-1,-1,-1,-1,-1,-1,0,-1
2024440427644,2024,440427644,1,1,0,18,19,1,5,0,0,0,0,0,0,0,2,1,2,2,1,21,5,-1,-1,-1,-1,6,E01023162,0,2
2024522500428,2024,522500428,2,19,0,6,6,1,1,5,5,0,0,0,0,0,1,1,6,6,3,-1,-1,-1,-1,-1,-1,-1,-1,0,-1
202460Q155127,2024,60Q155127,2,1,0,18,19,3,7,0,0,1,0,0,0,0,3,1,6,6,1,63,9,-1,-1,-1,-1,-1,-1,0,-1
2024440361425,2024,440361425,2,-1,0,18,19,5,1,0,0,8,0,0,0,0,4,1,6,6,1,33,6,-1,-1,-1,-1,5,E01017160,1,1
2024610031224,2024,610031224,2,9,0,2,2,0,0,0,0,0,0,0,0,0,3,1,6,6,3,-1,-1,-1,-1,-1,-1,-1,-1,0,-1
2024461469239,2024,461469239,1,9,0,-1,7,5,1,-1,0,5,0,0,0,0,2,9,-1,6,1,61,9,-1,-1,-1,-1,2,E01024627,0,1
2024501438006,2024,501438006,2,1,0,-1,19,3,7,-1,0,8,5,0,0,0,3,1,-1,6,1,19,4,-1,-1,-1,-1,9,E01020171,0,3
2024421497112,2024,421497112,1,9,0,-1,3,3,7,-1,0,1,0,0,0,0,3,9,-1,6,1,-1,-1,-1,-1,-1,-1,-1,-1,0,-1
2024211551306,2024,211551306,1,9,0,-1,19,2,3,-1,0,1,0,0,0,0,1,1,-1,2,1,26,6,-1,-1,-1,-1,7,E01029764,0,4
2024061417183,2024,061417183,2,23,-1,-1,-1,-1,-1,-1,-1,0,-1,-1,-1,0,-1,1,-1,6,3,26,6,-1,-1,-1,-1,2,E01006032,0,3
2024451515076,2024,451515076,1,98,0,-1,19,7,3,-1,0,0,0,0,0,0,4,9,-1,6,3,30,6,-1,-1,-1,-1,-1,-1,0,-1
2024361466768,2024,361466768,1,-1,0,-1,19,-1,-1,-1,0,0,0,0,0,0,-1,1,-1,6,1,-1,-1,-1,-1,-1,-1,-1,-1,1,-1
2024131480504,2024,131480504,2,-1,0,-1,19,1,5,-1,9,0,0,0,0,0,4,1,-1,9,1,38,7,-1,-1,-1,-1,5,E01010689,1,1
2024111501015,2024,111501015,1,9,0,-1,19,6,1,-1,0,0,0,0,0,0,3,9,-1,6,3,30,6,-1,-1,-1,-1,-1,-1,0,-1
2024471483109,2024,471483109,2,9,0,-1,19,7,3,-1,0,1,0,0,7,0,1,1,-1,9,2,76,11,-1,-1,-1,-1,9,E01031630,0,2
2024052400171,2024,052400171,2,9,0,18,19,5,1,0,0,0,0,0,0,0,2,1,6,6,2,20,4,-1,-1,-1,-1,8,E01034411,0,1
2024010520127,2024,010520127,1,22,0,18,19,5,1,0,0,1,0,0,0,0,3,1,6,6,2,92,11,-1,-1,-1,-1,5,E01002244,0,1
202460Q186873,2024,60Q186873,3,9,0,18,19,1,5,0,0,0,0,0,0,0,2,1,6,6,1,61,9,-1,-1,-1,-1,-1,-1,0,-1
2024361435074,2024,361435074,1,9,0,-1,13,5,1,-1,0,0,0,0,0,0,-1,9,-1,6,3,-1,-1,-1,-1,-1,-1,-1,-1,0,-1
2024302401721,2024,302401721,1,19,0,-1,1,8,5,-1,0,1,0,0,1,0,2,1,-1,6,3,-1,-1,-1,-1,-1,-1,5,E01019456,0,3
2024010528858,2024,010528858,1,1,0,18,19,2,6,0,0,0,0,0,0,0,1,1,6,6,2,24,5,-1,-1,-1,-1,6,E01001917,0,1
2024061512842,2024,061512842,2,99,-1,-1,-1,-1,-1,-1,-1,0,-1,-1,-1,0,-1,9,-1,6,3,-1,-1,-1,-1,-1,-1,-1,-1,0,-1
2024010529372,2024,010529372,2,1,0,18,19,3,7,4,4,8,5,0,0,0,3,1,2,2,1,46,8,-1,-1,-1,-1,6,E01000069,0,1
2024461478488,2024,461478488,1,1,0,-1,19,7,3,-1,0,0,0,10,1,0,1,1,-1,9,1,50,8,-1,-1,-1,-1,9,E01000808,0,3
2024010497751,2024,010497751,1,9,0,5,5,5,1,0,0,6,0,0,0,0,3,1,6,6,1,50,8,-1,-1,-1,-1,2,E01000153,0,1
2024010529362,2024,010529362,2,1,0,18,19,3,7,0,0,0,2,0,0,0,3,1,6,6,1,29,6,-1,-1,-1,-1,2,E01000902,0,1
2024141477891,2024,141477891,1,9,0,-1,4,2,6,-1,0,1,0,0,0,0,1,1,-1,9,1,38,7,-1,-1,-1,-1,7,E01007818,0,1
2024131499924,2024,131499924,1,1,0,-1,19,1,5,-1,9,8,0,0,0,0,3,1,-1,9,1,15,3,-1,-1,-1,-1,1,E01011337,0,1
2024010517812,2024,010517812,2,1,9,99,99,9,9,99,99,9,9,99,9,99,9,1,6,6,1,-1,-1,-1,-1,-1,-1,3,E01000137,0,1
2024501487358,2024,501487358,2,9,0,-1,19,3,7,-1,0,0,0,0,0,0,2,1,-1,9,1,28,6,-1,-1,-1,-1,4,E01015177,0,1
2024430201001,2024,430201001,1,11,0,18,19,8,4,0,0,0,0,0,0,0,4,1,1,1,1,-1,-1,-1,-1,-1,-1,3,E01028519,0,1
2024461431560,2024,461431560,2,4,0,-1,15,2,6,-1,0,0,0,0,0,0,3,1,-1,9,1,77,11,-1,-1,-1,-1,2,E01024305,0,1
2024201442929,2024,201442929,1,9,0,-1,19,5,1,-1,0,8,0,0,0,0,1,9,-1,6,1,-1,-1,-1,-1,-1,-1,2,E01009391,0,3
2024302400272,2024,302400272,1,9,0,18,19,3,7,0,0,8,0,0,1,1,1,1,1,1,1,-1,-1,-1,-1,-1,-1,5,E01019456,0,3
2024061400520,2024,061400520,1,9,0,-1,9,4,2,-1,0,1,0,0,0,0,3,1,-1,9,2,33,6,-1,-1,-1,-1,5,E01006840,0,2
2024501469769,2024,501469769,1,1,0,-1,99,1,5,-1,0,2,0,0,0,0,0,1,-1,9,1,49,8,-1,-1,-1,-1,6,E01020142,0,2
2024531508024,2024,531508024,2,9,0,-1,19,7,3,-1,0,0,0,0,0,0,1,1,-1,1,1,65,9,-1,-1,-1,-1,3,E01005897,0,5
2024302400734,2024,302400734,2,19,0,2,2,0,0,0,0,8,0,0,0,0,0,1,6,6,3,-1,-1,-1,-1,-1,-1,-1,-1,0,-1
2024161525403,2024,161525403,2,1,0,-1,19,3,7,-1,0,0,0,0,0,0,1,1,-1,6,1,34,6,-1,-1,-1,-1,1,E01035464,0,1
2024010518040,2024,010518040,2,1,9,99,99,9,9,99,99,0,9,99,9,99,2,1,6,6,3,-1,-1,-1,-1,-1,-1,-1,-1,0,-1
2024010492497,2024,010492497,3,3,5,3,3,5,1,0,0,4,0,0,0,0,2,1,6,6,2,36,7,-1,-1,-1,-1,3,E01003819,0,2
2024010541131,2024,010541131,2,1,0,18,19,5,1,4,4,1,0,0,0,0,1,1,6,6,1,20,4,-1,-1,-1,-1,3,E01035672,0,1
2024010532627,2024,010532627,1,9,0,99,99,9,9,99,99,0,9,99,9,99,9,9,6,6,3,-1,-1,-1,-1,-1,-1,-1,-1,0,-1
2024351526525,2024,351526525,1,98,-1,-1,-1,-1,-1,-1,-1,-1,-1,-1,-1,0,-1,9,-1,1,1,57,9,-1,-1,-1,-1,1,E01026827,0,4
2024010499406,2024,010499406,2,9,0,99,99,9,9,99,99,9,9,99,9,99,9,9,6,6,3,-1,-1,-1,-1,-1,-1,-1,-1,0,-1
2024211419243,2024,211419243,2,1,0,-1,19,7,3,-1,0,0,0,0,1,0,4,1,-1,2,1,50,8,-1,-1,-1,-1,7,E01029863,0,1
2024131398726,2024,131398726,1,9,0,-1,19,7,3,-1,9,0,2,11,2,4,1,1,-1,9,1,51,8,-1,-1,-1,-1,1,E01010817,0,1
2024332400744,2024,332400744,2,1,0,-1,19,4,8,-1,0,0,0,0,0,0,1,1,-1,6,1,39,7,-1,-1,-1,-1,2,E01013768,0,1
2024361492607,2024,361492607,2,1,-1,-1,-1,-1,-1,-1,-1,-1,-1,-1,-1,0,-1,1,-1,6,2,35,6,-1,-1,-1,-1,9,E01035148,0,1
2024010529891,2024,010529891,2,1,0,18,19,3,7,5,5,1,0,4,0,0,2,1,6,6,1,6,2,-1,-1,-1,-1,9,E01000181,0,1
2024010517551,2024,010517551,1,1,9,99,99,9,9,99,99,0,9,99,9,99,9,1,6,6,1,27,6,-1,-1,-1,-1,7,E01002675,0,2
2024430075808,2024,430075808,1,9,0,7,7,3,5,0,0,5,0,0,0,0,2,1,6,6,2,35,6,-1,-1,-1,-1,-1,-1,0,-1
2024010544229,2024,010544229,1,11,0,17,19,1,5,0,0,8,0,0,0,0,1,1,6,6,3,74,10,-1,-1,-1,-1,-1,-1,0,-1
2024010521275,2024,010521275,1,1,0,18,19,5,1,0,0,0,0,0,0,0,1,1,6,6,1,45,7,-1,-1,-1,-1,8,E01033569,0,1
2024010526459,2024,010526459,1,9,0,18,19,5,1,0,0,0,0,4,0,0,1,1,6,6,3,-1,-1,-1,-1,-1,-1,-1,-1,0,-1
2024010504650,2024,010504650,1,2,0,18,19,7,3,0,0,6,0,0,0,0,1,1,6,6,3,-1,-1,-1,-1,-1,-1,-1,-1,0,-1
2024622400472,2024,622400472,1,9,0,18,19,4,8,0,0,0,0,0,0,0,1,1,6,6,1,18,4,-1,-1,-1,-1,10,W01001086,0,1
2024440072134,2024,440072134,2,9,0,18,19,8,4,0,0,1,0,0,0,0,1,1,6,6,1,18,4,-1,-1,-1,-1,6,E01017047,0,1
2024010491283,2024,010491283,1,1,9,99,99,9,9,99,99,9,9,99,9,99,9,1,6,6,3,27,6,-1,-1,-1,-1,2,E01000544,0,1
2024631415814,2024,631415814,1,9,0,-1,19,6,2,-1,0,0,2,0,8,10,1,1,-1,9,1,21,5,-1,-1,-1,-1,8,W01000649,0,1
2024141433220,2024,141433220,1,11,0,-1,19,7,3,-1,0,2,0,0,0,0,0,9,-1,6,3,-1,-1,-1,-1,-1,-1,-1,-1,0,-1
2024010498032,2024,010498032,2,19,0,99,99,9,9,99,99,9,9,99,9,99,9,9,6,6,3,-1,-1,-1,-1,-1,-1,10,E01030415,0,3
2024061505461,2024,061505461,1,1,0,-1,4,-1,-1,-1,9,0,9,99,0,0,1,1,-1,9,2,40,7,-1,-1,-1,-1,4,E01005300,0,1
2024991534761,2024,991534761,2,1,0,-1,19,8,4,-1,0,8,0,0,0,0,1,1,-1,9,1,32,6,-1,-1,-1,-1,1,-1,0,2
2024010505515,2024,010505515,2,1,0,9,9,5,2,0,0,6,0,0,0,0,1,1,2,2,1,58,9,-1,-1,-1,-1,8,E01028772,0,4
2024010490129,2024,010490129,2,3,0,18,19,3,7,0,0,1,0,0,0,0,1,1,1,1,2,28,6,-1,-1,-1,-1,-1,-1,0,-1
2024522401171,2024,522401171,1,1,0,99,99,9,9,0,0,8,0,0,0,0,9,1,6,6,1,19,4,-1,-1,-1,-1,5,E01035226,0,1
2024411443488,2024,411443488,2,1,0,-1,5,3,7,-1,0,4,1,0,0,0,2,1,-1,9,1,17,4,-1,-1,-1,-1,7,E01023923,0,1
2024421480639,2024,421480639,2,9,0,-1,19,6,2,-1,0,1,0,0,0,0,1,1,-1,9,1,27,6,-1,-1,-1,-1,3,E01034220,0,4
2024545092024,2024,545092024,1,9,0,9,9,5,1,0,0,5,0,0,0,0,1,1,6,6,3,-1,-1,-1,-1,-1,-1,-1,-1,0,-1
2024991495549,2024,991495549,1,9,0,-1,19,1,5,-1,0,1,1,7,1,0,1,1,-1,6,1,47,8,-1,-1,-1,-1,10,-1,0,1
2024430027981,2024,430027981,1,9,0,18,19,3,7,0,0,0,0,0,0,0,4,1,6,6,2,80,11,-1,-1,-1,-1,-1,-1,0,-1
2024161461158,2024,161461158,1,9,0,-1,19,7,3,-1,0,0,0,0,0,0,0,9,-1,6,1,-1,-1,-1,-1,-1,-1,-1,-1,0,-1
2024070990520,2024,070990520,1,1,0,-1,19,3,7,-1,0,0,0,0,0,0,4,1,-1,1,1,28,6,-1,-1,-1,-1,1,E01007009,0,4
2024440448596,2024,440448596,1,1,0,18,19,8,4,0,0,1,0,0,0,0,3,1,2,2,1,42,7,-1,-1,-1,-1,8,E01023001,0,1
2024010489122,2024,010489122,2,9,0,99,99,9,9,99,99,9,9,99,9,99,2,9,6,6,3,38,7,-1,-1,-1,-1,-1,-1,0,-1
2024010524122,2024,010524122,2,3,0,99,99,9,9,99,99,9,9,99,9,99,1,1,6,6,3,-1,-1,-1,-1,-1,-1,-1,-1,0,-1
2024320377792,2024,320377792,1,21,1,-1,-1,4,8,0,0,0,0,4,0,0,1,1,1,1,1,76,11,-1,-1,-1,-1,5,E01021640,0,5
2024221490462,2024,221490462,2,1,0,-1,19,1,5,-1,0,8,0,0,0,0,1,1,-1,9,1,53,8,-1,-1,-1,-1,3,E01009118,0,1
2024010493085,2024,010493085,1,1,9,99,99,9,9,99,99,9,9,99,9,99,9,1,2,2,1,29,6,-1,-1,-1,-1,6,E01035491,0,2
2024141528309,2024,141528309,1,1,0,-1,19,8,4,-1,0,2,0,0,0,0,2,1,-1,6,1,58,9,-1,-1,-1,-1,4,E01008136,0,2
2024430537742,2024,430537742,1,9,0,13,13,5,1,0,0,0,0,0,0,0,3,1,2,2,1,60,9,-1,-1,-1,-1,7,E01028800,0,1
2024440399217,2024,440399217,2,90,0,6,6,5,1,0,0,0,0,0,0,0,3,1,6,6,2,-1,-1,-1,-1,-1,-1,-1,-1,0,-1
2024101453770,2024,101453770,1,9,0,-1,1,3,7,-1,0,8,0,0,0,0,2,9,-1,6,3,-1,-1,-1,-1,-1,-1,-1,-1,0,-1
2024461412255,2024,461412255,2,1,0,-1,5,8,4,-1,0,3,0,10,1,0,-1,1,-1,2,1,51,8,-1,-1,-1,-1,2,E01016035,0,2
2024991452210,2024,991452210,1,1,0,-1,5,7,1,-1,0,0,0,0,0,0,1,1,-1,9,1,10,2,-1,-1,-1,-1,10,-1,0,1
2024552500154,2024,552500154,2,9,0,18,19,8,4,0,0,8,0,0,0,0,4,1,6,6,1,73,10,-1,-1,-1,-1,6,E01034281,0,1
2024010489487,2024,010489487,1,11,0,18,19,1,5,0,0,1,0,0,0,0,0,1,1,1,1,52,8,-1,-1,-1,-1,5,E01000975,0,1
2024471439385,2024,471439385,1,97,0,-1,19,2,6,-1,0,0,0,0,0,0,1,1,-1,6,3,-1,-1,-1,-1,-1,-1,-1,-1,0,-1
2024010507828,2024,010507828,2,1,0,18,19,3,7,4,4,1,2,0,0,0,1,1,2,2,1,39,7,-1,-1,-1,-1,-1,-1,0,-1
2024221442240,2024,221442240,2,1,0,-1,19,6,2,-1,0,0,0,0,0,0,3,1,-1,9,1,14,3,-1,-1,-1,-1,7,E01014082,0,2
2024010533093,2024,010533093,2,1,0,18,19,1,5,0,0,1,0,0,0,0,1,1,6,6,1,22,5,-1,-1,-1,-1,3,E01002608,0,1
2024421508166,2024,421508166,1,9,0,-1,19,3,7,-1,0,0,0,0,0,0,1,1,-1,6,1,43,7,-1,-1,-1,-1,7,E01021282,0,1
2024430003670,2024,430003670,2,9,0,9,9,8,6,0,0,5,0,0,0,0,1,1,3,7,1,45,7,-1,-1,-1,-1,10,E01016670,0,1
2024010519959,2024,010519959,1,-1,0,18,19,1,5,5,5,1,0,0,0,0,1,1,6,6,3,-1,-1,-1,-1,-1,-1,-1,-1,1,-1
2024041432010,2024,041432010,2,1,0,-1,19,5,1,-1,9,0,0,0,0,0,3,1,-1,2,2,29,6,-1,-1,-1,-1,2,E01012694,0,1
2024010543286,2024,010543286,2,1,0,18,19,7,3,0,0,0,5,0,0,0,0,1,2,2,2,31,6,-1,-1,-1,-1,7,E01004583,0,1
2024061453203,2024,061453203,1,1,0,-1,19,-1,-1,-1,99,6,0,0,0,0,3,1,-1,9,1,18,4,-1,-1,-1,-1,1,E01033947,0,1
2024440461374,2024,440461374,2,9,0,18,19,8,4,0,0,8,0,0,0,0,1,1,1,1,1,38,7,-1,-1,-1,-1,3,E01017184,0,2
2024332400131,2024,332400131,2,9,0,-1,9,3,1,-1,0,6,0,0,0,0,1,1,-1,6,1,-1,-1,-1,-1,-1,-1,-1,-1,0,-1
2024522402568,2024,522402568,1,1,0,18,19,9,9,0,0,0,0,8,0,0,4,1,6,6,1,46,8,-1,-1,-1,-1,10,E01014620,0,1
2024231424392,2024,231424392,1,9,0,-1,19,1,5,-1,0,8,0,0,0,0,1,9,-1,6,3,38,7,-1,-1,-1,-1,-1,-1,0,-1
2024010525735,2024,010525735,1,1,0,18,19,5,1,0,0,6,5,0,0,0,4,1,6,6,1,71,10,-1,-1,-1,-1,10,E01000449,0,1
2024161440201,2024,161440201,2,9,0,-1,19,4,1,-1,0,1,0,0,0,0,1,9,-1,6,2,-1,-1,-1,-1,-1,-1,8,E01013186,0,1
2024531498026,2024,531498026,1,9,0,-1,14,7,3,-1,0,0,0,0,0,0,-1,9,-1,6,3,-1,-1,-1,-1,-1,-1,-1,-1,0,-1
2024010544085,2024,010544085,2,1,0,18,19,1,5,0,0,1,0,0,0,0,1,1,6,6,1,21,5,-1,-1,-1,-1,4,E01001176,0,1
2024010491990,2024,010491990,1,1,9,99,99,9,9,99,99,9,9,99,9,99,9,1,2,2,1,41,7,-1,-1,-1,-1,6,E01034195,0,1
2024131449324,2024,131449324,1,9,0,-1,9,3,1,-1,4,8,0,0,0,0,4,1,-1,9,1,40,7,-1,-1,-1,-1,1,E01011032,0,3
2024991431970,2024,991431970,2,21,0,-1,4,2,8,-1,0,7,0,0,0,0,1,1,-1,1,1,29,6,-1,-1,-1,-1,-1,-1,0,-1
2024401498501,2024,401498501,2,9,0,-1,19,1,5,-1,0,0,0,0,0,0,1,1,-1,6,1,79,11,-1,-1,-1,-1,4,E01015751,0,2
2024211419774,2024,211419774,1,9,0,-1,19,3,7,-1,0,0,0,0,0,0,4,1,-1,6,2,40,7,-1,-1,-1,-1,-1,-1,0,-1
2024421504407,2024,421504407,1,98,-1,-1,11,3,7,-1,0,0,0,0,0,0,-1,9,-1,6,3,-1,-1,-1,-1,-1,-1,-1,-1,0,-1
2024161448224,2024,161448224,1,9,0,-1,19,4,8,-1,0,0,0,0,0,0,1,1,-1,6,3,-1,-1,-1,-1,-1,-1,-1,-1,0,-1
2024161411743,2024,161411743,2,1,0,-1,19,3,7,-1,0,8,0,0,0,0,3,1,-1,6,1,42,7,-1,-1,-1,-1,1,E01012862,0,1
2024010497201,2024,010497201,2,9,0,99,99,9,9,99,99,9,9,99,9,99,1,9,6,6,3,-1,-1,-1,-1,-1,-1,-1,-1,0,-1
2024101478849,2024,101478849,2,19,0,-1,19,5,1,-1,0,0,0,0,0,0,1,9,-1,6,3,32,6,-1,-1,-1,-1,-1,-1,0,-1
2024010514630,2024,010514630,1,1,0,9,9,1,7,0,0,1,0,0,0,0,3,1,6,6,2,42,7,-1,-1,-1,-1,3,E01001823,0,1
2024010498884,2024,010498884,2,9,0,9,9,1,6,0,0,1,0,0,0,0,3,2,6,6,1,25,5,-1,-1,-1,-1,2,E01009566,0,5
2024010507587,2024,010507587,1,1,9,99,99,9,9,99,99,9,9,99,9,99,9,1,2,2,2,55,8,-1,-1,-1,-1,6,E01002022,0,1
2024010494028,2024,010494028,1,9,9,18,19,3,7,99,99,0,9,99,9,99,9,1,6,6,3,-1,-1,-1,-1,-1,-1,-1,-1,0,-1
2024101420798,2024,101420798,1,9,0,-1,-1,-1,-1,-1,-1,0,-1,-1,-1,0,3,9,-1,6,1,-1,-1,-1,-1,-1,-1,-1,-1,0,-1
2024131398712,2024,131398712,1,9,0,-1,9,7,3,-1,0,1,0,0,0,0,1,1,-1,6,2,23,5,-1,-1,-1,-1,5,E01011736,0,1
2024430136671,2024,430136671,1,1,0,17,19,5,3,0,0,0,0,0,0,0,4,1,6,6,1,65,9,-1,-1,-1,-1,8,E01016326,0,2
2024631476777,2024,631476777,1,9,0,-1,19,2,5,-1,0,8,0,0,0,0,3,1,-1,6,2,22,5,-1,-1,-1,-1,6,W01000571,0,1
2024311409723,2024,311409723,1,9,0,-1,19,1,1,-1,0,0,0,0,0,0,1,1,-1,6,3,50,8,-1,-1,-1,-1,-1,-1,0,-1
2024010528803,2024,010528803,1,1,0,4,4,1,5,0,0,1,0,0,0,0,0,1,6,6,1,59,9,-1,-1,-1,-1,9,E01001532,0,2
2024361471968,2024,361471968,1,1,0,-1,19,3,7,-1,0,1,0,0,0,0,1,1,-1,9,1,12,3,-1,-1,-1,-1,3,E01026640,0,1
2024371521952,2024,371521952,1,9,0,-1,7,1,4,-1,0,8,0,0,0,0,1,1,-1,1,1,61,9,-1,-1,-1,-1,7,E01029995,0,1
2024430127312,2024,430127312,2,9,0,18,19,1,5,0,0,1,0,0,0,0,1,1,2,2,2,63,9,-1,-1,-1,-1,4,E01017901,0,1
2024320558446,2024,320558446,2,9,0,-1,-1,2,6,0,0,0,2,0,1,1,1,1,1,1,1,28,6,-1,-1,-1,-1,8,E01026258,0,3
2024041478657,2024,041478657,2,1,0,-1,19,5,1,-1,0,0,5,0,0,0,3,1,-1,9,1,26,6,-1,-1,-1,-1,9,E01024997,0,1