collision_index,collision_year,collision_ref_no,vehicle_reference,vehicle_type,towing_and_articulation,vehicle_manoeuvre_historic,vehicle_manoeuvre,vehicle_direction_from,vehicle_direction_to,vehicle_location_restricted_lane_historic,vehicle_location_restricted_lane,junction_location,skidding_and_overturning,hit_object_in_carriageway,vehicle_leaving_carriageway,hit_object_off_carriageway,first_point_of_impact,vehicle_left_hand_drive,journey_purpose_of_driver_historic,journey_purpose_of_driver,sex_of_driver,age_of_driver,age_band_of_driver,engine_capacity_cc,propulsion_code,age_of_vehicle,generic_make_model,driver_imd_decile,lsoa_of_driver,escooter_flag,driver_distance_banding
2024340WN0012,2024,340WN0012,1,9,0,-1,9,1,5,-1,0,4,0,0,0,0,1,1,-1,6,1,47,8,-1,-1,-1,-1,3,E01027330,0,3
2024991399601,2024,991399601,2,9,0,-1,2,2,6,-1,0,3,0,0,0,0,4,1,-1,9,2,49,8,-1,-1,-1,-1,10,-1,0,1
2024421452466,2024,421452466,1,19,0,-1,19,6,2,-1,0,0,0,0,0,0,4,9,-1,6,3,-1,-1,-1,-1,-1,-1,-1,-1,0,-1
2024552401000,2024,552401000,2,1,0,18,19,8,4,0,0,0,0,0,0,0,0,1,6,6,1,50,8,-1,-1,-1,-1,4,E01015276,0,1
2024461526549,2024,461526549,1,9,0,-1,19,3,7,-1,0,4,0,0,4,0,1,9,-1,6,3,-1,-1,-1,-1,-1,-1,-1,-1,0,-1
2024340WN0162,2024,340WN0162,2,9,0,-1,19,7,3,-1,0,8,0,0,1,7,1,1,-1,1,1,71,10,-1,-1,-1,-1,9,E01016793,0,4
2024440548510,2024,440548510,1,9,0,18,19,8,4,0,0,0,0,0,0,0,1,1,6,6,1,72,10,-1,-1,-1,-1,8,E01023014,0,1
2024041463110,2024,041463110,2,1,0,-1,19,6,2,-1,0,3,0,0,0,0,1,1,-1,9,1,41,7,-1,-1,-1,-1,3,E01024943,0,1
2024440401712,2024,440401712,1,9,0,13,13,8,4,0,0,2,0,0,0,0,4,1,6,6,3,-1,-1,-1,-1,-1,-1,-1,-1,0,-1
2024201493125,2024,201493125,2,5,0,-1,19,5,3,-1,2,0,5,4,0,0,1,1,-1,6,1,30,6,-1,-1,-1,-1,-1,-1,0,-1
2024311498090,2024,311498090,1,9,0,-1,19,2,6,-1,0,1,0,0,0,0,1,1,-1,1,1,37,7,-1,-1,-1,-1,2,E01028319,0,2
2024991493173,2024,991493173,2,9,0,-1,19,6,2,-1,0,0,0,0,0,0,2,1,-1,6,1,33,6,-1,-1,-1,-1,9,-1,0,4
2024052402587,2024,052402587,2,1,0,18,19,2,6,0,0,1,0,0,0,0,1,1,2,2,1,51,8,-1,-1,-1,-1,8,E01006622,0,1
2024221481344,2024,221481344,2,19,0,-1,19,3,7,-1,0,0,0,0,0,0,3,1,-1,1,1,18,4,-1,-1,-1,-1,4,E01014011,0,2
2024201482257,2024,201482257,1,9,0,-1,5,2,6,-1,0,6,0,0,0,0,1,9,-1,6,1,23,5,-1,-1,-1,-1,9,E01009804,0,3
2024211467753,2024,211467753,2,9,0,-1,19,7,3,-1,0,1,0,0,0,0,4,1,-1,6,2,37,7,-1,-1,-1,-1,10,E01019880,0,1
2024311515676,2024,311515676,1,9,0,-1,19,5,1,-1,0,0,0,0,0,0,1,9,-1,6,3,-1,-1,-1,-1,-1,-1,-1,-1,0,-1
2024430482533,2024,430482533,1,9,0,18,19,6,2,0,0,1,0,0,0,0,3,1,6,6,3,-1,-1,-1,-1,-1,-1,-1,-1,0,-1
2024010494041,2024,010494041,1,1,0,18,19,1,5,0,0,0,0,0,1,4,1,1,1,1,1,21,5,-1,-1,-1,-1,3,E01003439,0,1
2024010490025,2024,010490025,2,9,0,99,99,9,9,99,99,9,9,99,9,99,9,9,6,6,3,-1,-1,-1,-1,-1,-1,-1,-1,0,-1
2024061460567,2024,061460567,2,98,-1,-1,-1,-1,-1,-1,-1,-1,-1,-1,-1,0,-1,9,-1,6,3,-1,-1,-1,-1,-1,-1,-1,-1,0,-1
2024141502179,2024,141502179,1,9,0,-1,19,5,1,-1,0,1,0,0,0,0,1,9,-1,6,3,-1,-1,-1,-1,-1,-1,-1,-1,0,-1
2024131398712,2024,131398712,2,1,0,-1,19,3,7,-1,0,1,0,0,0,0,1,1,-1,6,1,44,7,-1,-1,-1,-1,7,E01011243,0,2
2024131483842,2024,131483842,2,9,0,-1,19,7,3,-1,0,0,0,0,1,4,1,1,-1,9,2,39,7,-1,-1,-1,-1,2,E01011907,0,2
2024010495000,2024,010495000,2,9,0,99,99,9,9,99,99,9,9,99,9,99,9,9,6,6,3,32,6,-1,-1,-1,-1,5,E01004438,0,2
2024052400478,2024,052400478,1,8,0,18,19,2,6,0,0,1,0,0,0,0,1,1,6,6,3,-1,-1,-1,-1,-1,-1,-1,-1,0,-1
2024471408548,2024,471408548,1,9,9,-1,9,1,6,-1,0,2,0,0,0,0,3,1,-1,6,3,-1,-1,-1,-1,-1,-1,-1,-1,0,-1
2024440464606,2024,440464606,1,9,0,18,19,1,5,0,0,1,0,0,7,11,1,1,6,6,1,37,7,-1,-1,-1,-1,5,E01017283,0,1
2024471449578,2024,471449578,1,9,0,-1,19,8,4,-1,0,0,0,0,0,0,1,1,-1,9,1,24,5,-1,-1,-1,-1,5,E01021024,0,4
2024461477490,2024,461477490,1,9,-1,-1,11,4,1,-1,-1,2,-1,-1,-1,0,4,9,-1,6,3,-1,-1,-1,-1,-1,-1,-1,-1,0,-1
2024471491156,2024,471491156,2,9,0,-1,2,0,0,-1,0,0,0,0,0,0,1,2,-1,6,-1,-1,-1,-1,-1,-1,-1,-1,-1,0,-1
2024461531535,2024,461531535,2,9,0,-1,4,3,7,-1,0,0,1,11,1,0,2,1,-1,2,2,27,6,-1,-1,-1,-1,5,E01016158,0,3
2024141403774,2024,141403774,2,1,0,-1,19,5,1,-1,0,0,0,0,0,0,1,1,-1,1,1,49,8,-1,-1,-1,-1,2,E01007843,0,1
202454D366524,2024,54D366524,2,1,0,18,19,3,7,0,0,4,5,0,0,0,2,1,6,6,1,10,2,-1,-1,-1,-1,6,E01031967,0,1
2024440562874,2024,440562874,2,9,0,18,19,4,0,0,0,2,0,0,0,0,2,1,6,6,1,43,7,-1,-1,-1,-1,4,E01035446,0,1
2024631489055,2024,631489055,1,9,0,-1,19,5,1,-1,0,2,0,0,0,0,1,1,-1,6,3,-1,-1,-1,-1,-1,-1,-1,-1,0,-1
2024461458266,2024,461458266,1,9,0,-1,13,5,1,-1,0,0,0,0,0,0,3,9,-1,6,3,-1,-1,-1,-1,-1,-1,-1,-1,0,-1
2024010487903,2024,010487903,1,19,0,18,19,1,5,0,0,0,0,0,0,0,2,1,6,6,1,28,6,-1,-1,-1,-1,2,E01004248,0,1
2024201394744,2024,201394744,1,9,0,-1,19,6,2,-1,2,1,0,0,0,0,1,9,-1,6,3,-1,-1,-1,-1,-1,-1,-1,-1,0,-1
2024421479609,2024,421479609,1,9,0,-1,19,4,2,-1,0,4,0,0,0,0,1,1,-1,6,1,45,7,-1,-1,-1,-1,-1,-1,0,-1
2024010515945,2024,010515945,1,3,0,99,99,9,9,99,99,9,9,99,9,99,9,1,6,6,1,47,8,-1,-1,-1,-1,1,E01000524,0,1
2024552500116,2024,552500116,1,9,0,7,7,1,3,0,0,8,0,0,0,0,1,1,6,6,3,-1,-1,-1,-1,-1,-1,-1,-1,0,-1
2024141407740,2024,141407740,2,9,0,-1,19,5,1,-1,0,8,0,0,0,0,1,9,-1,6,3,-1,-1,-1,-1,-1,-1,-1,-1,0,-1
2024010519389,2024,010519389,1,9,0,1,1,1,5,0,0,2,0,0,0,0,2,1,6,6,1,64,9,-1,-1,-1,-1,4,E01000164,0,1
2024522401296,2024,522401296,2,1,0,9,9,8,6,0,0,5,0,0,0,0,1,1,6,6,2,26,6,-1,-1,-1,-1,1,E01033367,0,1
2024010530138,2024,010530138,1,1,9,99,99,9,9,99,99,9,9,99,9,99,9,1,2,2,1,36,7,-1,-1,-1,-1,8,E01002942,0,1
2024320518100,2024,320518100,1,9,0,9,9,6,4,0,0,6,0,0,0,0,1,1,1,1,1,28,6,-1,-1,-1,-1,-1,-1,0,-1
2024411401612,2024,411401612,4,9,0,-1,2,0,0,-1,0,0,0,0,0,0,1,1,-1,6,-1,-1,-1,-1,-1,-1,-1,-1,-1,0,-1
2024320436813,2024,320436813,2,9,0,-1,-1,3,7,0,0,1,0,0,1,0,2,1,6,6,2,32,6,-1,-1,-1,-1,6,E01026266,0,3
2024991397463,2024,991397463,2,1,0,-1,19,5,2,-1,0,3,0,0,0,0,4,1,-1,6,1,29,6,-1,-1,-1,-1,4,-1,0,1
2024430073552,2024,430073552,1,9,0,18,19,1,5,0,0,8,0,0,0,0,3,1,1,1,1,31,6,-1,-1,-1,-1,4,E01017712,0,3
2024401466218,2024,401466218,1,9,-1,-1,-1,-1,-1,-1,-1,0,-1,-1,-1,0,-1,9,-1,6,3,-1,-1,-1,-1,-1,-1,-1,-1,0,-1
2024010531960,2024,010531960,2,1,9,99,99,9,9,99,99,9,9,99,9,99,9,1,6,6,1,20,4,-1,-1,-1,-1,3,E01002806,0,1
2024010520180,2024,010520180,1,1,9,99,99,9,9,99,99,0,9,99,9,99,9,1,2,2,1,50,8,-1,-1,-1,-1,2,E01001144,0,1
2024991408135,2024,991408135,1,1,0,-1,19,7,3,-1,0,0,0,0,0,0,1,1,-1,1,3,30,6,-1,-1,-1,-1,-1,-1,0,-1
2024221509556,2024,221509556,1,9,0,-1,19,6,2,-1,0,0,0,0,1,10,1,9,-1,6,2,36,7,-1,-1,-1,-1,3,E01014005,0,2
2024311472702,2024,311472702,2,23,0,-1,15,1,5,-1,0,5,0,0,0,0,3,1,-1,6,1,25,5,-1,-1,-1,-1,7,E01019977,0,5
2024430566038,2024,430566038,2,1,0,18,19,5,1,0,0,1,0,10,1,0,3,1,2,2,2,35,6,-1,-1,-1,-1,9,E01028511,0,1
2024401434755,2024,401434755,1,9,-1,-1,-1,-1,-1,-1,-1,-1,-1,-1,-1,0,-1,9,-1,6,1,45,7,-1,-1,-1,-1,8,E01017425,0,1
2024991478264,2024,991478264,1,-1,0,-1,19,7,3,-1,0,0,2,4,0,0,1,1,-1,9,1,15,3,-1,-1,-1,-1,1,-1,1,1
2024430283039,2024,430283039,1,19,0,5,5,4,1,0,0,0,0,0,0,0,4,1,6,6,1,47,8,-1,-1,-1,-1,-1,-1,0,-1
2024440092953,2024,440092953,1,9,0,9,9,3,1,0,0,8,0,0,0,0,1,1,6,6,2,76,11,-1,-1,-1,-1,9,E01022930,0,1
202454C507024,2024,54C507024,1,1,0,18,19,6,2,0,0,1,0,0,0,0,3,1,6,6,1,14,3,-1,-1,-1,-1,8,E01032689,0,1
2024131524595,2024,131524595,2,9,0,-1,19,1,5,-1,0,8,0,0,0,0,1,1,-1,9,1,18,4,-1,-1,-1,-1,7,E01010587,0,1
2024421455031,2024,421455031,2,9,0,-1,7,3,5,-1,0,5,0,0,0,0,4,1,-1,6,2,50,8,-1,-1,-1,-1,-1,-1,0,-1
2024010518313,2024,010518313,2,1,0,14,14,1,5,0,0,0,0,0,0,0,1,1,2,2,2,51,8,-1,-1,-1,-1,4,E01004642,0,2
2024320248200,2024,320248200,3,1,0,-1,-1,4,8,0,0,8,0,0,0,0,4,1,-1,-1,1,-1,-1,-1,-1,-1,-1,-1,-1,0,-1
2024440522895,2024,440522895,1,9,0,18,19,3,7,0,0,0,0,0,7,4,1,1,6,6,1,28,6,-1,-1,-1,-1,10,E01022661,0,3
2024411499094,2024,411499094,1,9,0,-1,19,1,5,-1,0,4,0,0,0,0,1,9,-1,6,3,-1,-1,-1,-1,-1,-1,-1,-1,0,-1
2024010492310,2024,010492310,2,1,0,18,19,7,3,4,4,1,0,0,1,0,3,1,6,6,1,28,6,-1,-1,-1,-1,5,E01001381,0,1
2024430345214,2024,430345214,1,1,0,16,19,5,8,0,0,0,0,10,0,0,3,1,6,6,1,57,9,-1,-1,-1,-1,10,E01002459,0,3
2024010488348,2024,010488348,2,98,0,99,99,9,9,0,0,0,0,99,9,99,1,9,6,6,3,-1,-1,-1,-1,-1,-1,4,E01034370,0,2
2024531481696,2024,531481696,2,1,0,-1,4,8,4,-1,0,0,0,0,0,0,3,1,-1,6,1,59,9,-1,-1,-1,-1,9,E01022137,0,1
2024332400550,2024,332400550,2,2,0,-1,19,8,4,-1,0,8,0,0,0,0,1,1,-1,9,1,16,4,-1,-1,-1,-1,7,E01025941,0,1
2024041495740,2024,041495740,1,23,0,-1,19,-1,-1,-1,9,1,0,0,0,0,1,1,-1,6,3,-1,-1,-1,-1,-1,-1,-1,-1,0,-1
2024201491071,2024,201491071,1,9,0,-1,19,7,3,-1,0,1,0,0,0,0,1,9,-1,6,1,50,8,-1,-1,-1,-1,-1,-1,0,-1
2024461528115,2024,461528115,1,9,0,-1,13,1,5,-1,0,0,0,0,0,0,4,9,-1,6,3,-1,-1,-1,-1,-1,-1,-1,-1,0,-1
2024161513455,2024,161513455,1,1,0,-1,19,3,7,-1,0,0,0,0,0,0,3,1,-1,6,1,41,7,-1,-1,-1,-1,2,E01012763,0,1
2024430106210,2024,430106210,1,9,0,18,19,4,8,0,0,8,0,0,0,0,1,1,6,6,2,30,6,-1,-1,-1,-1,-1,-1,0,-1
2024991430684,2024,991430684,2,9,0,-1,19,8,4,-1,0,1,0,0,0,0,1,1,-1,1,1,38,7,-1,-1,-1,-1,6,-1,0,4
2024041414035,2024,041414035,1,9,0,-1,19,-1,-1,-1,0,1,0,0,0,0,1,9,-1,6,3,-1,-1,-1,-1,-1,-1,-1,-1,0,-1
2024161464997,2024,161464997,2,9,0,-1,9,3,7,-1,0,6,1,0,0,0,1,1,-1,6,3,-1,-1,-1,-1,-1,-1,-1,-1,0,-1
2024010538709,2024,010538709,1,1,9,99,99,9,9,99,99,9,9,99,9,99,1,1,2,2,2,52,8,-1,-1,-1,-1,7,E01004493,0,2
2024010494970,2024,010494970,1,9,0,18,19,2,6,0,0,2,0,0,0,0,1,1,6,6,1,53,8,-1,-1,-1,-1,2,E01003111,0,1
2024201517106,2024,201517106,1,9,0,-1,19,3,7,-1,0,0,0,0,0,0,1,1,-1,6,1,-1,-1,-1,-1,-1,-1,-1,-1,0,-1
2024302401031,2024,302401031,3,9,0,9,9,3,1,0,0,2,0,0,0,0,0,1,6,6,3,-1,-1,-1,-1,-1,-1,5,E01019456,0,4
2024231460985,2024,231460985,1,1,0,-1,19,1,5,-1,0,0,0,0,0,0,9,1,-1,9,1,13,3,-1,-1,-1,-1,8,E01035031,0,1
2024010532511,2024,010532511,2,1,0,18,19,5,1,9,9,0,0,4,0,0,4,1,6,6,1,18,4,-1,-1,-1,-1,7,E01002428,0,1
2024201520311,2024,201520311,1,9,0,-1,19,2,6,-1,0,1,0,0,0,0,1,9,-1,6,1,-1,-1,-1,-1,-1,-1,5,E01009279,0,1
2024041423716,2024,041423716,2,1,0,-1,19,3,7,-1,0,0,0,0,0,0,1,1,-1,6,1,28,6,-1,-1,-1,-1,1,E01012641,0,1
2024010524161,2024,010524161,1,1,9,99,99,9,9,99,99,0,9,99,9,99,9,1,6,6,1,46,8,-1,-1,-1,-1,7,E01002577,0,3
2024401467766,2024,401467766,2,1,0,-1,12,3,7,-1,0,0,0,0,0,0,3,1,-1,7,1,12,3,-1,-1,-1,-1,8,E01033191,0,1
2024430618153,2024,430618153,1,22,0,18,19,2,6,9,9,0,0,0,0,0,1,1,6,6,1,83,11,-1,-1,-1,-1,9,E01028491,0,1
2024201445128,2024,201445128,1,9,0,-1,19,5,1,-1,0,1,0,0,0,0,1,9,-1,6,1,-1,-1,-1,-1,-1,-1,-1,-1,0,-1
2024440313338,2024,440313338,1,9,0,3,3,7,3,0,0,1,0,0,0,0,2,1,6,6,2,-1,-1,-1,-1,-1,-1,-1,-1,0,-1
2024201489348,2024,201489348,1,9,0,-1,9,5,3,-1,0,5,0,0,0,0,1,9,-1,6,1,-1,-1,-1,-1,-1,-1,-1,-1,0,-1
2024010496609,2024,010496609,2,9,0,9,9,2,1,0,0,5,0,0,0,0,3,1,6,6,1,24,5,-1,-1,-1,-1,2,E01012573,0,5
2024501530012,2024,501530012,2,1,0,-1,19,5,1,-1,0,0,5,0,0,0,-1,1,-1,6,1,40,7,-1,-1,-1,-1,2,E01034160,0,1
2024010543397,2024,010543397,2,1,9,99,99,9,9,99,99,9,9,99,9,99,9,1,6,6,3,-1,-1,-1,-1,-1,-1,4,E01000999,0,2
2024311506716,2024,311506716,1,97,0,-1,19,3,7,-1,0,1,1,10,0,0,1,1,-1,6,1,17,4,-1,-1,-1,-1,-1,-1,0,-1
202417S204524,2024,17S204524,2,9,0,18,19,0,0,0,0,0,0,0,0,0,2,1,6,6,2,74,10,-1,-1,-1,-1,1,E01011989,0,2
2024010489501,2024,010489501,3,9,0,2,2,0,0,6,6,2,0,0,7,2,4,1,6,6,3,-1,-1,-1,-1,-1,-1,-1,-1,0,-1
2024070140696,2024,070140696,2,1,0,4,4,1,5,0,0,1,0,0,0,0,3,1,6,6,1,53,8,-1,-1,-1,-1,3,E01018487,0,1
2024010491044,2024,010491044,1,9,0,99,99,9,9,99,99,9,9,99,9,99,9,9,6,6,1,83,11,-1,-1,-1,-1,9,E01000209,0,2
2024010493773,2024,010493773,1,9,0,18,19,3,7,0,0,0,0,0,1,11,3,1,2,2,1,36,7,-1,-1,-1,-1,6,E01003772,0,1
2024231521462,2024,231521462,1,9,0,-1,12,4,2,-1,0,8,0,0,0,0,1,9,-1,6,3,40,7,-1,-1,-1,-1,-1,-1,0,-1
2024101434926,2024,101434926,2,9,0,-1,19,3,7,-1,0,8,0,0,0,0,3,1,-1,9,2,40,7,-1,-1,-1,-1,10,E01008523,0,2
2024010539449,2024,010539449,2,1,0,18,19,5,1,0,0,8,0,0,0,0,1,1,6,6,1,40,7,-1,-1,-1,-1,3,E01003295,0,1
2024401400306,2024,401400306,1,9,0,-1,4,2,6,-1,0,0,1,0,0,0,4,9,-1,2,2,29,6,-1,-1,-1,-1,9,E01017541,0,3
2024061443821,2024,061443821,2,1,0,-1,19,4,2,-1,0,8,0,0,0,0,3,1,-1,6,1,41,7,-1,-1,-1,-1,2,E01005650,0,1
2024010506952,2024,010506952,2,1,0,18,19,3,7,0,0,8,1,0,0,0,4,1,6,6,1,28,6,-1,-1,-1,-1,4,E01002884,0,1
2024461479070,2024,461479070,1,97,0,-1,15,-1,-1,-1,0,0,0,0,1,0,4,1,-1,6,1,-1,-1,-1,-1,-1,-1,5,E01016135,0,2
2024111536868,2024,111536868,1,9,0,-1,19,7,4,-1,0,8,1,0,1,0,1,1,-1,9,1,40,7,-1,-1,-1,-1,9,E01020779,0,1
2024430613400,2024,430613400,2,9,0,18,19,6,2,0,0,8,0,0,0,0,1,1,6,6,2,63,9,-1,-1,-1,-1,10,E01017935,0,1
2024430007144,2024,430007144,1,1,0,18,19,4,8,0,0,0,0,0,0,0,3,1,6,6,1,45,7,-1,-1,-1,-1,10,E01033966,0,1
2024201530484,2024,201530484,1,21,1,-1,12,1,5,-1,0,0,0,0,0,0,1,2,-1,1,1,45,7,-1,-1,-1,-1,-1,-1,0,-1
2024991435262,2024,991435262,1,9,0,-1,19,1,5,-1,0,0,0,0,1,4,1,1,-1,9,1,58,9,-1,-1,-1,-1,3,-1,0,4
2024041453107,2024,041453107,1,23,0,-1,19,1,5,-1,0,1,0,0,0,0,1,1,-1,1,1,27,6,-1,-1,-1,-1,1,E01025290,0,1
2024010550540,2024,010550540,2,1,9,99,99,9,9,99,99,9,9,99,9,99,9,1,6,6,3,-1,-1,-1,-1,-1,-1,-1,-1,0,-1
2024421462385,2024,421462385,2,1,0,-1,19,7,3,-1,0,1,0,0,0,0,1,1,-1,9,1,7,2,-1,-1,-1,-1,2,E01021488,0,1
2024430039079,2024,430039079,2,9,0,18,19,2,6,0,0,0,0,8,0,0,4,1,6,6,1,62,9,-1,-1,-1,-1,-1,-1,0,-1
2024041453211,2024,041453211,2,1,0,-1,19,5,1,-1,0,1,5,0,0,0,1,1,-1,9,1,54,8,-1,-1,-1,-1,10,E01025355,0,1
2024430441454,2024,430441454,1,9,0,18,19,1,5,9,9,0,0,0,0,0,4,1,6,6,3,-1,-1,-1,-1,-1,-1,-1,-1,0,-1
2024522500305,2024,522500305,1,1,0,18,19,1,5,0,0,8,0,0,1,10,1,1,6,6,1,24,5,-1,-1,-1,-1,4,E01014485,0,1
2024421527657,2024,421527657,3,1,0,-1,19,3,7,-1,0,1,0,0,0,0,2,1,-1,7,1,35,6,-1,-1,-1,-1,3,E01021858,0,1
2024201434352,2024,201434352,1,99,0,-1,19,4,8,-1,0,4,0,0,0,0,1,9,-1,6,1,17,4,-1,-1,-1,-1,1,E01009158,0,1
2024010488361,2024,010488361,1,19,0,18,19,1,5,0,0,2,0,0,0,0,1,1,2,2,1,33,6,-1,-1,-1,-1,2,E01000628,0,1
2024010490253,2024,010490253,2,9,0,99,99,9,9,99,99,9,9,99,9,99,0,9,6,6,3,-1,-1,-1,-1,-1,-1,-1,-1,0,-1
2024010537850,2024,010537850,1,9,0,18,19,3,7,0,0,0,0,0,0,0,1,1,6,6,3,-1,-1,-1,-1,-1,-1,-1,-1,0,-1
2024101479676,2024,101479676,2,9,0,-1,19,7,3,-1,0,8,0,0,0,0,1,1,-1,1,1,57,9,-1,-1,-1,-1,4,E01008875,0,1
2024010527304,2024,010527304,1,1,9,99,99,9,9,99,99,9,9,99,9,99,9,1,2,2,1,28,6,-1,-1,-1,-1,2,E01000743,0,1
2024332401253,2024,332401253,1,9,0,-1,19,8,4,-1,0,0,5,0,0,0,1,1,-1,9,2,49,8,-1,-1,-1,-1,9,E01028047,0,4
2024201494828,2024,201494828,1,9,0,-1,1,1,3,-1,0,5,0,0,0,0,2,9,-1,6,1,-1,-1,-1,-1,-1,-1,-1,-1,0,-1
2024010492604,2024,010492604,2,9,0,99,99,9,9,99,99,9,9,99,9,99,1,9,6,6,3,-1,-1,-1,-1,-1,-1,-1,-1,0,-1
2024520500149,2024,520500149,1,9,9,18,19,7,3,0,0,0,0,4,0,0,4,9,6,6,3,-1,-1,-1,-1,-1,-1,-1,-1,0,-1
2024010531551,2024,010531551,2,1,0,18,19,3,7,9,9,0,0,0,0,0,1,1,6,6,1,50,8,-1,-1,-1,-1,-1,-1,0,-1
2024010537229,2024,010537229,2,19,0,99,99,9,9,99,99,9,9,99,9,99,9,9,6,6,3,-1,-1,-1,-1,-1,-1,-1,-1,0,-1
2024010514948,2024,010514948,1,9,0,18,19,8,4,0,0,1,0,0,0,0,1,1,6,6,1,24,5,-1,-1,-1,-1,4,E01004302,0,1
2024522403020,2024,522403020,1,1,0,9,9,8,7,2,2,8,0,0,0,0,1,1,6,6,1,21,5,-1,-1,-1,-1,1,E01014596,0,1
2024430027892,2024,430027892,1,9,0,16,19,8,3,0,0,0,5,10,0,0,1,1,2,2,1,19,4,-1,-1,-1,-1,10,E01017820,0,1
2024531498061,2024,531498061,1,9,0,-1,12,6,2,-1,0,0,0,0,0,0,3,9,-1,6,2,-1,-1,-1,-1,-1,-1,-1,-1,0,-1
2024010497135,2024,010497135,1,3,0,99,99,9,9,99,99,9,9,99,9,99,1,1,1,1,1,31,6,-1,-1,-1,-1,3,E01001980,0,2
2024471398648,2024,471398648,4,9,0,-1,19,7,5,-1,0,0,0,0,0,0,0,9,-1,6,-1,-1,-1,-1,-1,-1,-1,-1,-1,0,-1
2024010490654,2024,010490654,2,9,0,99,99,9,9,99,99,9,9,99,9,99,0,9,6,6,1,18,4,-1,-1,-1,-1,-1,-1,0,-1
2024311524923,2024,311524923,1,9,-1,-1,5,0,3,-1,9,1,0,0,0,0,1,9,-1,6,1,-1,-1,-1,-1,-1,-1,-1,-1,0,-1
2024101434758,2024,101434758,1,97,0,-1,19,1,5,-1,0,8,0,0,0,0,1,1,-1,6,1,-1,-1,-1,-1,-1,-1,-1,-1,0,-1
2024111471950,2024,111471950,2,9,0,-1,4,4,8,-1,0,0,0,0,0,0,2,1,-1,6,2,35,6,-1,-1,-1,-1,3,E01034504,0,1
2024430587255,2024,430587255,1,19,0,18,19,7,3,0,0,0,0,0,0,0,3,1,6,6,3,-1,-1,-1,-1,-1,-1,-1,-1,0,-1
2024010545594,2024,010545594,2,9,0,18,19,6,2,0,0,1,0,0,0,0,0,1,6,6,3,-1,-1,-1,-1,-1,-1,-1,-1,0,-1
2024531404554,2024,531404554,1,98,0,-1,19,5,1,-1,0,6,0,0,0,0,1,1,-1,1,1,37,7,-1,-1,-1,-1,3,E01032267,0,4
2024010490015,2024,010490015,1,1,0,15,15,5,1,0,0,1,0,0,0,0,1,1,1,1,1,29,6,-1,-1,-1,-1,3,E01002638,0,3
2024430145614,2024,430145614,1,9,0,18,19,1,5,0,0,0,0,0,1,7,1,1,6,6,1,26,6,-1,-1,-1,-1,8,E01033519,0,2
2024471499146,2024,471499146,2,1,0,-1,5,1,5,-1,0,2,0,0,0,0,1,1,-1,7,1,15,3,-1,-1,-1,-1,8,E01016979,0,1
2024061395686,2024,061395686,1,23,0,-1,13,1,5,-1,0,1,0,0,7,0,1,1,-1,6,1,23,5,-1,-1,-1,-1,-1,-1,0,-1
2024471397228,2024,471397228,2,9,0,-1,-1,-1,-1,-1,-1,-1,-1,-1,-1,0,-1,9,-1,6,2,58,9,-1,-1,-1,-1,5,E01021100,0,1
2024061573398,2024,061573398,2,1,0,-1,19,5,1,-1,5,8,0,0,0,0,1,1,-1,9,1,64,9,-1,-1,-1,-1,-1,-1,0,-1
2024010534093,2024,010534093,2,9,0,99,99,9,9,99,99,9,9,99,9,99,9,9,6,6,3,-1,-1,-1,-1,-1,-1,-1,-1,0,-1
2024010488224,2024,010488224,1,9,0,3,3,1,5,0,0,1,0,0,0,0,1,1,6,6,2,22,5,-1,-1,-1,-1,6,E01000430,0,1
2024461447053,2024,461447053,1,1,0,-1,99,7,3,-1,0,0,0,0,9,0,1,1,-1,6,1,-1,-1,-1,-1,-1,-1,-1,-1,0,-1
2024451432753,2024,451432753,2,98,0,-1,-1,-1,-1,-1,-1,0,-1,-1,-1,0,-1,9,-1,6,3,-1,-1,-1,-1,-1,-1,-1,-1,0,-1
2024471503684,2024,471503684,1,9,0,-1,19,1,5,-1,0,0,0,0,7,0,1,1,-1,6,1,51,8,-1,-1,-1,-1,7,E01031447,0,3
2024552401129,2024,552401129,1,1,0,18,19,2,6,0,0,8,0,0,0,0,3,1,6,6,1,16,4,-1,-1,-1,-1,6,E01015349,0,1
2024361488317,2024,361488317,1,97,0,-1,19,-1,-1,-1,0,0,0,0,0,0,4,1,-1,6,1,-1,-1,-1,-1,-1,-1,-1,-1,0,-1
2024461487001,2024,461487001,2,21,1,-1,12,7,3,-1,0,0,0,0,0,0,3,2,-1,1,1,30,6,-1,-1,-1,-1,-1,-1,0,-1
2024010537157,2024,010537157,2,1,9,99,99,9,9,99,99,9,9,99,9,99,9,1,6,6,3,-1,-1,-1,-1,-1,-1,-1,-1,0,-1
2024061461160,2024,061461160,1,9,-1,-1,15,1,5,-1,0,0,0,0,0,0,-1,9,-1,6,3,-1,-1,-1,-1,-1,-1,-1,-1,0,-1
2024522401239,2024,522401239,2,1,0,9,9,3,1,0,0,5,0,0,0,0,3,1,6,6,2,26,6,-1,-1,-1,-1,5,E01033350,0,1
2024332400393,2024,332400393,2,-1,0,-1,12,2,6,-1,0,8,0,0,0,0,3,1,-1,6,1,34,6,-1,-1,-1,-1,1,E01013651,1,1
2024010514623,2024,010514623,1,1,9,99,99,9,9,99,99,9,9,99,9,99,9,1,2,2,2,28,6,-1,-1,-1,-1,5,E01002140,0,1
2024221510366,2024,221510366,1,9,0,-1,13,6,2,-1,0,0,0,0,0,0,4,9,-1,6,3,45,7,-1,-1,-1,-1,-1,-1,0,-1
2024430602201,2024,430602201,1,9,0,9,9,5,3,0,0,6,0,0,0,0,1,1,6,6,2,-1,-1,-1,-1,-1,-1,-1,-1,0,-1
2024070411746,2024,070411746,1,1,0,7,7,5,7,0,0,8,0,0,0,0,1,1,6,6,1,8,2,-1,-1,-1,-1,1,E01012381,0,1
2024991450455,2024,991450455,1,19,0,-1,19,3,7,-1,0,0,1,0,0,0,1,1,-1,1,2,20,4,-1,-1,-1,-1,1,-1,0,4
2024361477066,2024,361477066,2,1,0,-1,5,5,1,-1,9,6,0,0,0,0,1,1,-1,2,1,39,7,-1,-1,-1,-1,7,E01026526,0,2
2024311499561,2024,311499561,1,1,0,-1,19,5,1,-1,0,6,0,0,0,0,1,1,-1,1,1,53,8,-1,-1,-1,-1,-1,-1,0,-1