collision_index,collision_year,collision_ref_no,vehicle_reference,vehicle_type,towing_and_articulation,vehicle_manoeuvre_historic,vehicle_manoeuvre,vehicle_direction_from,vehicle_direction_to,vehicle_location_restricted_lane_historic,vehicle_location_restricted_lane,junction_location,skidding_and_overturning,hit_object_in_carriageway,vehicle_leaving_carriageway,hit_object_off_carriageway,first_point_of_impact,vehicle_left_hand_drive,journey_purpose_of_driver_historic,journey_purpose_of_driver,sex_of_driver,age_of_driver,age_band_of_driver,engine_capacity_cc,propulsion_code,age_of_vehicle,generic_make_model,driver_imd_decile,lsoa_of_driver,escooter_flag,driver_distance_banding
2024141444667,2024,141444667,1,9,0,-1,19,6,2,-1,0,0,2,0,7,0,1,1,-1,6,1,18,4,-1,-1,-1,-1,1,E01007403,0,2
2024010550313,2024,010550313,2,8,0,99,99,9,9,99,99,9,9,99,9,99,1,9,6,6,3,61,9,-1,-1,-1,-1,6,E01004357,0,3
202417H100424,2024,17H100424,2,20,0,7,7,7,1,0,0,6,0,0,0,0,2,1,1,1,1,-1,-1,-1,-1,-1,-1,-1,-1,0,-1
2024041431558,2024,041431558,3,9,0,-1,2,7,3,-1,0,2,0,0,0,0,2,1,-1,6,-1,-1,-1,-1,-1,-1,-1,-1,-1,0,-1
2024522401787,2024,522401787,2,9,0,9,9,7,5,0,0,6,0,0,0,0,1,1,6,6,3,-1,-1,-1,-1,-1,-1,-1,-1,0,-1
2024311483157,2024,311483157,1,9,0,-1,19,5,1,-1,0,1,0,0,0,0,1,1,-1,1,1,35,6,-1,-1,-1,-1,-1,-1,0,-1
2024610020024,2024,610020024,2,19,0,5,5,8,4,0,0,8,0,0,0,0,2,1,6,6,1,38,7,-1,-1,-1,-1,4,W01001528,0,1
2024010490856,2024,010490856,1,9,0,99,99,9,9,99,99,9,9,99,9,99,1,9,6,6,2,27,6,-1,-1,-1,-1,10,E01017924,0,4
2024161516416,2024,161516416,2,1,0,-1,19,1,5,-1,0,1,9,0,0,0,4,1,-1,6,1,-1,-1,-1,-1,-1,-1,-1,-1,0,-1
2024131515465,2024,131515465,1,9,0,-1,3,6,2,-1,0,0,0,0,0,0,2,1,-1,6,2,23,5,-1,-1,-1,-1,3,E01010662,0,1
2024421398270,2024,421398270,1,19,0,-1,7,2,5,-1,0,0,1,0,7,9,1,1,-1,6,1,62,9,-1,-1,-1,-1,8,E01022060,0,1
2024610036824,2024,610036824,1,-1,0,18,19,3,7,0,0,0,0,0,0,0,0,1,6,6,1,12,3,-1,-1,-1,-1,2,W01001325,1,1
2024041434463,2024,041434463,2,97,0,-1,10,3,7,-1,0,2,0,0,0,0,1,1,-1,2,2,46,8,-1,-1,-1,-1,1,E01012596,0,1
2024221438809,2024,221438809,1,9,0,-1,19,6,2,-1,0,4,0,0,0,0,1,9,-1,6,3,43,7,-1,-1,-1,-1,-1,-1,0,-1
2024302401310,2024,302401310,2,5,0,18,19,4,7,0,0,2,0,0,0,0,1,1,6,6,1,74,10,-1,-1,-1,-1,5,E01008024,0,4
2024131455867,2024,131455867,1,1,0,-1,19,7,3,-1,0,0,0,0,0,0,2,1,-1,6,1,15,3,-1,-1,-1,-1,2,E01011010,0,2
2024540056224,2024,540056224,1,9,0,18,19,2,7,0,0,1,0,0,0,0,1,1,6,6,3,-1,-1,-1,-1,-1,-1,-1,-1,0,-1
2024061428502,2024,061428502,1,9,0,-1,9,5,3,-1,0,8,0,0,0,0,1,1,-1,9,1,42,7,-1,-1,-1,-1,6,E01005403,0,1
2024010514294,2024,010514294,1,9,0,3,3,3,7,0,0,0,0,0,0,0,0,1,2,2,1,49,8,-1,-1,-1,-1,3,E01002848,0,1
2024351542334,2024,351542334,2,9,0,-1,19,4,8,-1,0,1,0,0,0,0,1,1,-1,6,1,60,9,-1,-1,-1,-1,5,E01018067,0,4
2024010516776,2024,010516776,1,1,9,99,99,9,9,99,99,9,9,99,9,99,9,1,1,1,1,46,8,-1,-1,-1,-1,4,E01003372,0,1
2024430106579,2024,430106579,1,9,0,18,19,1,5,0,0,0,0,0,0,0,4,1,6,6,1,-1,-1,-1,-1,-1,-1,-1,-1,0,-1
2024320377522,2024,320377522,2,9,0,-1,-1,4,2,0,0,8,0,0,0,0,4,1,6,6,1,19,4,-1,-1,-1,-1,5,E01026076,0,3
2024201499784,2024,201499784,1,9,0,-1,3,2,6,-1,0,1,0,0,0,0,1,9,-1,6,1,25,5,-1,-1,-1,-1,-1,-1,0,-1
2024010502462,2024,010502462,2,1,0,18,19,7,3,0,0,8,0,0,0,0,1,1,6,6,1,36,7,-1,-1,-1,-1,2,E01003037,0,1
2024201412191,2024,201412191,2,1,0,-1,19,8,4,-1,0,0,0,0,0,0,1,1,-1,6,1,21,5,-1,-1,-1,-1,9,E01028743,0,4
2024546258624,2024,546258624,1,9,0,16,19,2,6,0,0,1,0,0,1,11,1,1,6,6,1,22,5,-1,-1,-1,-1,2,E01032064,0,1
2024461458247,2024,461458247,1,9,0,-1,1,-1,-1,-1,-1,0,0,0,0,0,2,9,-1,6,2,40,7,-1,-1,-1,-1,7,E01024737,0,1
2024010494868,2024,010494868,2,9,0,99,99,9,9,99,99,9,9,99,9,99,9,9,6,6,3,-1,-1,-1,-1,-1,-1,-1,-1,0,-1
2024231509870,2024,231509870,3,17,4,-1,9,2,8,-1,0,5,0,0,0,0,0,9,-1,6,3,45,7,-1,-1,-1,-1,-1,-1,0,-1
2024311413817,2024,311413817,1,5,0,-1,19,5,1,-1,0,0,0,0,0,0,1,1,-1,6,1,46,8,-1,-1,-1,-1,6,E01027997,0,2
2024411402977,2024,411402977,2,1,-1,-1,-1,-1,-1,-1,-1,0,-1,-1,-1,0,-1,1,-1,2,2,57,9,-1,-1,-1,-1,5,E01023868,0,1
2024421415090,2024,421415090,2,1,0,-1,19,4,8,-1,0,1,0,0,0,0,1,1,-1,9,1,16,4,-1,-1,-1,-1,9,E01015817,0,1
2024010492112,2024,010492112,1,8,0,18,19,4,8,0,0,1,0,0,0,0,1,1,1,1,1,41,7,-1,-1,-1,-1,-1,-1,0,-1
2024010490618,2024,010490618,2,8,0,18,19,7,3,0,0,1,0,0,0,0,1,1,6,6,1,62,9,-1,-1,-1,-1,10,E01002286,0,1
2024522403148,2024,522403148,3,23,0,13,13,7,2,0,0,8,0,0,0,0,1,1,6,6,1,21,5,-1,-1,-1,-1,1,E01014593,0,1
2024122500002,2024,122500002,2,1,0,7,7,3,1,0,0,3,0,0,0,0,0,1,6,6,1,37,7,-1,-1,-1,-1,-1,-1,0,-1
2024430027263,2024,430027263,2,9,0,17,19,1,6,0,0,0,0,0,0,0,1,1,6,6,2,43,7,-1,-1,-1,-1,10,E01028669,0,1
2024311423781,2024,311423781,2,23,0,-1,19,5,1,-1,0,0,0,0,0,0,1,1,-1,9,1,19,4,-1,-1,-1,-1,5,E01027948,0,1
2024010519292,2024,010519292,1,9,0,99,99,9,9,99,99,9,9,99,9,99,9,9,6,6,3,-1,-1,-1,-1,-1,-1,-1,-1,0,-1
2024010516747,2024,010516747,2,97,0,7,7,2,5,0,0,8,0,0,0,0,2,1,6,6,3,-1,-1,-1,-1,-1,-1,-1,-1,0,-1
2024302500102,2024,302500102,3,9,0,-1,2,0,0,-1,0,1,0,0,0,0,0,1,-1,6,3,-1,-1,-1,-1,-1,-1,-1,-1,0,-1
2024010532430,2024,010532430,2,9,0,99,99,9,9,99,99,9,9,99,9,99,1,9,6,6,3,-1,-1,-1,-1,-1,-1,-1,-1,0,-1
2024522402421,2024,522402421,2,1,0,13,13,7,2,4,4,8,0,0,0,0,1,1,6,6,1,50,8,-1,-1,-1,-1,1,E01014584,0,1
2024440555674,2024,440555674,1,1,0,5,5,1,7,0,0,6,0,0,0,0,1,1,6,6,1,51,8,-1,-1,-1,-1,9,E01022789,0,2
2024010493425,2024,010493425,2,1,0,18,19,1,5,0,0,4,0,0,0,0,3,1,2,2,1,25,5,-1,-1,-1,-1,3,E01000641,0,1
2024520403396,2024,520403396,2,90,0,15,15,8,2,0,0,3,0,0,0,0,2,1,6,6,3,-1,-1,-1,-1,-1,-1,-1,-1,0,-1
2024041406312,2024,041406312,1,9,0,-1,19,1,5,-1,0,0,0,0,0,0,1,1,-1,1,1,53,8,-1,-1,-1,-1,5,E01025479,0,1
2024041533618,2024,041533618,1,-1,0,-1,19,5,5,-1,9,1,0,0,0,0,1,1,-1,6,3,-1,-1,-1,-1,-1,-1,-1,-1,1,-1
2024340WN1172,2024,340WN1172,1,1,0,-1,19,7,3,-1,0,6,0,0,0,0,1,1,-1,6,1,17,4,-1,-1,-1,-1,2,E01027156,0,1
2024131423668,2024,131423668,2,1,0,-1,19,3,7,-1,4,1,1,0,1,7,1,1,-1,9,1,39,7,-1,-1,-1,-1,6,E01011451,0,1
2024010545964,2024,010545964,2,1,0,9,9,1,6,0,0,7,0,0,0,0,3,1,2,2,2,45,7,-1,-1,-1,-1,3,E01001362,0,1
2024010501966,2024,010501966,3,1,0,18,19,5,1,0,0,6,0,0,0,0,1,1,6,6,2,56,9,-1,-1,-1,-1,2,E01003236,0,1
2024041457507,2024,041457507,2,9,0,-1,19,5,1,-1,0,0,0,0,0,0,2,1,-1,2,1,40,7,-1,-1,-1,-1,4,E01011129,0,4
2024991483156,2024,991483156,3,9,0,-1,4,4,7,-1,0,0,1,0,0,0,3,1,-1,9,1,51,8,-1,-1,-1,-1,8,-1,0,3
2024141524450,2024,141524450,1,9,0,-1,19,8,4,-1,0,2,0,0,0,0,1,1,-1,7,1,30,6,-1,-1,-1,-1,8,E01008130,0,1
2024010525476,2024,010525476,1,1,0,18,19,3,7,0,0,1,0,0,0,0,1,1,1,1,2,42,7,-1,-1,-1,-1,7,E01003200,0,1
2024010533465,2024,010533465,1,1,0,18,19,1,5,9,9,1,0,0,0,0,1,1,6,6,3,-1,-1,-1,-1,-1,-1,-1,-1,0,-1
2024131428883,2024,131428883,1,9,0,-1,-1,-1,-1,-1,-1,-1,-1,-1,-1,-1,-1,1,-1,6,3,-1,-1,-1,-1,-1,-1,-1,-1,0,-1
2024010490657,2024,010490657,1,9,0,1,1,1,5,9,9,0,0,0,0,0,2,1,6,6,1,31,6,-1,-1,-1,-1,1,E01001761,0,1
2024010511296,2024,010511296,2,1,0,5,5,3,7,0,0,8,0,0,0,0,4,1,6,6,1,21,5,-1,-1,-1,-1,2,E01033702,0,1
2024061510218,2024,061510218,2,8,0,-1,9,5,3,-1,0,8,0,0,0,0,4,1,-1,6,1,39,7,-1,-1,-1,-1,-1,-1,0,-1
2024101525486,2024,101525486,2,9,-1,-1,-1,-1,-1,-1,-1,0,-1,-1,-1,0,-1,9,-1,7,2,32,6,-1,-1,-1,-1,4,E01008404,0,1
2024010518158,2024,010518158,2,9,0,99,99,9,9,99,99,9,9,99,9,99,1,9,6,6,3,-1,-1,-1,-1,-1,-1,-1,-1,0,-1
2024010498406,2024,010498406,2,9,0,99,99,9,9,99,99,9,9,99,9,99,9,9,6,6,3,-1,-1,-1,-1,-1,-1,-1,-1,0,-1
2024552401341,2024,552401341,1,1,0,4,4,2,6,0,0,1,0,0,0,0,1,1,6,6,1,28,6,-1,-1,-1,-1,10,E01015452,0,1
2024010514461,2024,010514461,3,1,0,18,19,7,3,0,0,8,0,0,0,0,1,1,6,6,1,21,5,-1,-1,-1,-1,2,E01000018,0,1
2024421490355,2024,421490355,2,1,0,-1,9,7,4,-1,0,8,0,0,0,0,2,1,-1,2,1,41,7,-1,-1,-1,-1,7,E01021540,0,1
2024501395705,2024,501395705,1,9,0,-1,19,5,1,-1,0,0,2,10,0,0,4,1,-1,6,1,34,6,-1,-1,-1,-1,5,E01034853,0,1
2024061402399,2024,061402399,2,1,0,-1,19,3,7,-1,0,8,0,0,0,0,2,1,-1,1,1,19,4,-1,-1,-1,-1,-1,-1,0,-1
2024010531375,2024,010531375,2,1,9,99,99,9,9,99,99,9,9,99,9,99,9,1,6,6,3,-1,-1,-1,-1,-1,-1,-1,-1,0,-1
2024401477669,2024,401477669,2,1,0,-1,19,6,2,-1,0,0,0,0,0,0,1,1,-1,6,1,7,2,-1,-1,-1,-1,3,E01017493,0,1
2024501394094,2024,501394094,1,9,0,-1,19,1,5,-1,0,0,0,0,0,0,1,1,-1,6,3,-1,-1,-1,-1,-1,-1,-1,-1,0,-1
2024010492411,2024,010492411,1,21,4,18,19,3,7,0,0,1,0,0,0,0,1,1,1,1,1,32,6,-1,-1,-1,-1,7,E01021656,0,5
2024201514306,2024,201514306,1,9,0,-1,19,4,8,-1,0,8,0,0,0,0,4,1,-1,1,1,29,6,-1,-1,-1,-1,2,E01034947,0,1
2024544093724,2024,544093724,1,9,0,18,19,7,3,0,0,0,0,0,0,0,1,1,6,6,3,-1,-1,-1,-1,-1,-1,-1,-1,0,-1
202460Q189143,2024,60Q189143,2,1,0,18,19,6,2,0,0,1,0,0,0,0,2,1,6,6,1,16,4,-1,-1,-1,-1,-1,-1,0,-1
2024010501957,2024,010501957,2,-1,9,99,99,9,9,99,99,9,9,99,9,99,9,9,6,6,1,29,6,-1,-1,-1,-1,3,E01002049,1,1
2024010490115,2024,010490115,1,1,9,99,99,9,9,99,99,9,9,99,9,99,9,1,2,2,2,61,9,-1,-1,-1,-1,5,E01000310,0,1
2024520403338,2024,520403338,2,19,0,15,15,5,2,4,4,0,0,0,0,0,0,1,6,6,2,-1,-1,-1,-1,-1,-1,3,E01032627,0,1
2024221507326,2024,221507326,1,9,0,-1,19,7,4,-1,0,3,0,0,0,0,1,9,-1,6,1,42,7,-1,-1,-1,-1,-1,-1,0,-1
2024010488783,2024,010488783,1,3,0,99,99,9,9,99,99,1,9,99,9,99,1,1,6,6,1,30,6,-1,-1,-1,-1,9,E01023706,0,4
2024061523137,2024,061523137,1,9,-1,-1,-1,-1,-1,-1,-1,-1,-1,-1,-1,0,-1,9,-1,6,3,-1,-1,-1,-1,-1,-1,-1,-1,0,-1
2024522402172,2024,522402172,1,9,0,18,19,8,4,0,0,0,0,0,0,0,4,1,6,6,1,54,8,-1,-1,-1,-1,4,E01018954,0,5
2024201480000,2024,201480000,2,9,0,-1,3,1,5,-1,0,0,0,0,0,0,2,1,-1,1,1,42,7,-1,-1,-1,-1,-1,-1,0,-1
2024010492330,2024,010492330,2,9,0,3,3,3,7,7,6,4,0,0,0,0,3,1,6,6,1,31,6,-1,-1,-1,-1,5,E01002212,0,2
2024122400770,2024,122400770,1,9,0,2,2,0,0,0,0,1,0,0,0,0,2,1,6,6,2,48,8,-1,-1,-1,-1,9,E01033185,0,1
2024522401354,2024,522401354,1,1,0,18,19,7,3,0,0,8,0,0,0,0,1,1,6,6,1,33,6,-1,-1,-1,-1,6,E01014679,0,1
2024131439903,2024,131439903,1,98,0,-1,-1,-1,-1,-1,-1,-1,-1,-1,-1,-1,-1,1,-1,6,3,-1,-1,-1,-1,-1,-1,-1,-1,0,-1
2024351419345,2024,351419345,1,9,0,-1,19,-1,-1,-1,-1,0,0,0,0,0,-1,9,-1,6,1,83,11,-1,-1,-1,-1,3,E01017975,0,2
2024221527248,2024,221527248,1,9,0,-1,19,7,3,-1,0,0,5,0,1,10,4,1,-1,6,1,35,6,-1,-1,-1,-1,5,E01014021,0,3
2024440336727,2024,440336727,1,-1,0,18,19,8,4,0,0,1,0,0,0,0,1,1,6,6,1,32,6,-1,-1,-1,-1,5,E01017137,1,1
2024440274643,2024,440274643,1,1,0,18,19,8,6,0,0,2,0,0,0,0,4,1,6,6,1,11,3,-1,-1,-1,-1,1,E01017166,0,1
2024010490817,2024,010490817,2,8,0,10,10,1,6,0,0,1,0,0,0,0,1,1,1,1,1,54,8,-1,-1,-1,-1,4,E01002706,0,1
2024552401153,2024,552401153,1,4,0,18,19,6,2,0,0,8,0,0,0,0,1,1,2,2,1,69,10,-1,-1,-1,-1,8,E01020576,0,1
2024061515654,2024,061515654,2,1,-1,-1,-1,-1,-1,-1,-1,0,-1,-1,-1,0,-1,1,-1,6,3,26,6,-1,-1,-1,-1,-1,-1,0,-1
2024430302669,2024,430302669,1,8,0,18,19,6,2,0,0,8,0,9,7,1,1,1,1,1,1,50,8,-1,-1,-1,-1,-1,-1,0,-1
2024531458946,2024,531458946,1,9,0,-1,9,3,1,-1,0,2,0,0,0,0,1,1,-1,9,1,34,6,-1,-1,-1,-1,8,E01034782,0,1
2024010528453,2024,010528453,1,1,9,99,99,9,9,4,4,9,9,99,9,99,1,1,1,1,1,19,4,-1,-1,-1,-1,3,E01004004,0,1
2024522403302,2024,522403302,1,9,0,9,9,6,5,0,0,8,0,0,0,0,4,1,2,2,1,48,8,-1,-1,-1,-1,10,E01014969,0,3
2024351473682,2024,351473682,2,1,0,-1,19,7,3,-1,0,8,0,0,0,0,1,1,-1,9,1,54,8,-1,-1,-1,-1,6,E01017943,0,3
2024041464046,2024,041464046,2,1,0,-1,19,5,1,-1,0,0,0,0,0,0,3,1,-1,6,1,16,4,-1,-1,-1,-1,1,E01012704,0,1
2024311431320,2024,311431320,1,9,0,-1,19,6,1,-1,0,0,0,10,0,0,4,1,-1,9,2,18,4,-1,-1,-1,-1,7,E01028203,0,1
2024061414632,2024,061414632,2,1,-1,-1,-1,-1,-1,-1,-1,0,-1,-1,-1,0,-1,1,-1,6,3,36,7,-1,-1,-1,-1,-1,-1,0,-1
2024552400728,2024,552400728,2,1,0,9,9,4,1,0,0,8,0,0,0,0,4,1,6,6,2,59,9,-1,-1,-1,-1,9,E01020391,0,1
2024010527969,2024,010527969,2,2,0,99,99,9,9,99,99,9,9,99,9,99,1,1,6,6,3,-1,-1,-1,-1,-1,-1,2,E01003049,0,1
2024010495763,2024,010495763,2,9,0,7,7,8,2,0,0,1,0,0,0,0,1,1,6,6,3,24,5,-1,-1,-1,-1,2,E01004311,0,2
2024010521079,2024,010521079,1,1,9,99,99,9,9,99,99,9,9,99,9,99,9,1,2,2,1,25,5,-1,-1,-1,-1,4,E01002707,0,1
2024010493571,2024,010493571,1,9,0,99,99,9,9,99,99,0,9,99,9,99,9,1,6,6,3,-1,-1,-1,-1,-1,-1,-1,-1,0,-1
2024161414516,2024,161414516,1,22,0,-1,7,7,1,-1,0,1,0,0,0,0,3,1,-1,6,2,61,9,-1,-1,-1,-1,1,E01012946,0,1
2024131445156,2024,131445156,1,22,0,-1,-1,-1,-1,-1,-1,-1,-1,-1,-1,-1,-1,1,-1,6,3,60,9,-1,-1,-1,-1,-1,-1,0,-1
2024201498736,2024,201498736,1,9,0,-1,19,1,2,-1,0,0,0,0,0,0,1,9,-1,6,1,59,9,-1,-1,-1,-1,-1,-1,0,-1
2024010494738,2024,010494738,1,9,0,9,9,1,6,0,0,5,0,0,0,0,4,1,6,6,1,55,8,-1,-1,-1,-1,5,E01004127,0,1
2024010492052,2024,010492052,2,9,9,99,99,9,9,99,99,9,9,99,9,99,9,9,6,6,3,-1,-1,-1,-1,-1,-1,-1,-1,0,-1
2024041453126,2024,041453126,2,9,0,-1,19,2,5,-1,0,1,0,0,0,0,0,1,-1,6,2,30,6,-1,-1,-1,-1,4,E01012712,0,1
2024010517968,2024,010517968,2,9,9,99,99,9,9,99,99,9,9,99,9,99,9,9,6,6,3,-1,-1,-1,-1,-1,-1,-1,-1,0,-1
2024544222324,2024,544222324,1,9,0,18,19,5,1,0,0,0,0,0,0,0,3,1,6,6,2,37,7,-1,-1,-1,-1,7,E01032696,0,2
2024531430681,2024,531430681,3,98,0,-1,3,3,7,-1,0,4,0,0,0,0,3,1,-1,1,2,36,7,-1,-1,-1,-1,5,E01022428,0,1
2024201405965,2024,201405965,1,9,0,-1,19,7,3,-1,0,1,0,0,0,0,1,9,-1,6,2,51,8,-1,-1,-1,-1,3,E01009656,0,1
2024430038719,2024,430038719,1,9,0,7,7,3,5,0,0,1,0,0,0,0,2,1,2,2,1,50,8,-1,-1,-1,-1,4,E01016475,0,1
2024010523828,2024,010523828,2,1,0,9,9,3,2,0,0,3,0,0,0,0,0,1,6,6,1,12,3,-1,-1,-1,-1,8,E01000233,0,1
2024061439412,2024,061439412,2,1,0,-1,19,1,5,-1,0,0,0,0,0,0,2,1,-1,6,1,13,3,-1,-1,-1,-1,2,E01006254,0,1
2024122500227,2024,122500227,1,19,0,16,19,5,1,0,0,4,0,0,0,0,1,1,6,6,3,-1,-1,-1,-1,-1,-1,-1,-1,0,-1
2024430181132,2024,430181132,2,9,0,18,19,5,2,0,0,1,0,0,0,0,1,1,6,6,2,31,6,-1,-1,-1,-1,-1,-1,0,-1
2024201486198,2024,201486198,1,9,0,-1,1,2,6,-1,0,0,0,0,0,0,1,9,-1,6,1,-1,-1,-1,-1,-1,-1,-1,-1,0,-1
2024201470232,2024,201470232,2,9,0,-1,19,8,6,-1,0,0,0,0,0,0,1,9,-1,6,2,44,7,-1,-1,-1,-1,2,E01009165,0,2
2024332400791,2024,332400791,2,9,0,-1,19,1,7,-1,0,0,0,0,0,0,1,1,-1,6,3,-1,-1,-1,-1,-1,-1,-1,-1,0,-1
2024141458775,2024,141458775,2,-1,0,-1,19,3,7,-1,9,1,0,0,0,0,1,9,-1,6,1,9,2,-1,-1,-1,-1,1,E01007507,1,1
2024522402370,2024,522402370,2,1,0,17,19,6,4,0,0,0,0,0,0,0,1,1,6,6,2,13,3,-1,-1,-1,-1,10,E01014616,0,1
2024631407415,2024,631407415,2,1,0,-1,14,3,7,-1,0,0,0,0,0,0,3,1,-1,2,1,38,7,-1,-1,-1,-1,2,W01000659,0,1
2024430326099,2024,430326099,1,9,0,9,9,2,8,0,0,1,0,0,0,0,4,1,6,6,1,47,8,-1,-1,-1,-1,-1,-1,0,-1
2024010495431,2024,010495431,1,1,9,99,99,9,9,4,4,9,9,99,9,99,1,1,2,2,1,26,6,-1,-1,-1,-1,8,E01004293,0,1
2024061425073,2024,061425073,1,9,0,-1,19,5,1,-1,0,0,2,0,1,2,4,1,-1,6,1,69,10,-1,-1,-1,-1,8,E01006281,0,1
2024010511781,2024,010511781,1,1,0,10,10,1,7,0,0,1,5,0,0,0,1,1,6,6,2,32,6,-1,-1,-1,-1,4,E01003301,0,2
2024010496701,2024,010496701,1,9,0,18,19,1,5,0,0,1,0,0,0,0,4,1,6,6,1,38,7,-1,-1,-1,-1,1,E01000221,0,3
202417M118024,2024,17M118024,2,1,0,-1,19,4,8,-1,0,8,0,0,0,0,4,1,-1,2,1,37,7,-1,-1,-1,-1,1,E01012018,0,1
2024421529251,2024,421529251,1,8,0,-1,19,1,5,-1,0,0,0,0,0,0,0,1,-1,6,1,-1,-1,-1,-1,-1,-1,-1,-1,0,-1
2024010524798,2024,010524798,1,97,0,18,19,4,8,0,0,1,0,0,0,0,0,1,6,6,3,-1,-1,-1,-1,-1,-1,-1,-1,0,-1
2024221490089,2024,221490089,1,9,0,-1,9,3,1,-1,0,6,0,0,0,0,0,9,-1,6,3,44,7,-1,-1,-1,-1,-1,-1,0,-1
2024052400434,2024,052400434,1,9,0,5,5,1,5,0,0,0,0,0,0,0,1,1,6,6,3,-1,-1,-1,-1,-1,-1,-1,-1,0,-1
2024010495474,2024,010495474,1,3,0,99,99,9,9,99,99,9,9,99,9,99,2,1,1,1,1,28,6,-1,-1,-1,-1,7,E01003283,0,2
2024221490427,2024,221490427,2,1,0,-1,19,3,8,-1,0,8,0,0,0,0,4,1,-1,6,1,57,9,-1,-1,-1,-1,8,E01029688,0,3
2024371515710,2024,371515710,2,1,0,-1,19,7,1,-1,0,0,5,0,0,0,2,1,-1,6,2,16,4,-1,-1,-1,-1,6,E01030071,0,1
2024451459808,2024,451459808,2,9,0,-1,2,0,0,-1,0,0,0,0,0,0,1,1,-1,9,1,56,9,-1,-1,-1,-1,8,E01030869,0,2
2024401419427,2024,401419427,2,-1,0,-1,19,6,2,-1,0,0,0,0,0,0,1,1,-1,1,1,32,6,-1,-1,-1,-1,2,E01015698,1,1
2024010510523,2024,010510523,2,9,0,99,99,9,9,99,99,9,0,99,9,99,9,9,6,6,2,-1,-1,-1,-1,-1,-1,-1,-1,0,-1
2024421496510,2024,421496510,1,9,0,-1,19,8,4,-1,0,0,0,0,0,0,1,1,-1,6,3,-1,-1,-1,-1,-1,-1,-1,-1,0,-1
2024101437818,2024,101437818,1,9,0,-1,19,3,7,-1,0,0,0,0,0,0,4,9,-1,6,3,-1,-1,-1,-1,-1,-1,-1,-1,0,-1
2024201485812,2024,201485812,1,9,0,-1,5,5,1,-1,0,1,0,0,0,0,1,9,-1,6,1,50,8,-1,-1,-1,-1,7,E01008967,0,1
2024430182505,2024,430182505,1,5,0,18,19,4,8,0,0,0,0,10,0,0,4,1,6,6,1,40,7,-1,-1,-1,-1,4,E01030285,0,5
2024221512082,2024,221512082,1,99,0,-1,19,1,5,-1,0,0,0,0,0,0,1,9,-1,6,3,47,8,-1,-1,-1,-1,-1,-1,0,-1
2024010489035,2024,010489035,1,9,0,18,19,3,7,0,0,0,0,4,0,0,1,1,6,6,1,26,6,-1,-1,-1,-1,2,E01033926,0,1
2024041486153,2024,041486153,4,9,0,-1,19,3,7,-1,0,0,0,0,0,0,2,1,-1,1,2,52,8,-1,-1,-1,-1,1,E01025068,0,2
2024061453531,2024,061453531,2,1,0,-1,19,5,1,-1,9,0,0,0,0,0,1,1,-1,9,1,16,4,-1,-1,-1,-1,2,E01005538,0,1
2024991401042,2024,991401042,1,98,0,-1,19,4,8,-1,0,0,5,0,0,0,3,1,-1,1,1,48,8,-1,-1,-1,-1,1,-1,0,4
2024451433949,2024,451433949,1,1,0,-1,19,7,3,-1,0,8,0,0,0,0,3,1,-1,9,1,43,7,-1,-1,-1,-1,8,E01030298,0,1
2024610026524,2024,610026524,2,9,0,18,19,5,1,0,0,0,0,0,0,0,1,1,6,6,3,-1,-1,-1,-1,-1,-1,-1,-1,0,-1
2024302401295,2024,302401295,1,19,0,18,19,5,1,0,0,1,0,0,0,0,1,1,6,6,2,43,7,-1,-1,-1,-1,5,E01019866,0,4
2024520402592,2024,520402592,2,1,0,18,19,8,4,0,0,0,0,0,0,0,1,1,6,6,1,21,5,-1,-1,-1,-1,8,E01029319,0,1
2024991452064,2024,991452064,1,1,0,-1,5,7,3,-1,0,1,0,0,0,0,1,1,-1,9,1,55,8,-1,-1,-1,-1,2,-1,0,1
2024531474808,2024,531474808,2,1,0,-1,19,1,3,-1,0,0,0,0,0,0,2,1,-1,9,1,13,3,-1,-1,-1,-1,7,E01022232,0,1
2024461491277,2024,461491277,1,9,-1,-1,-1,6,1,-1,-1,8,-1,-1,-1,0,-1,9,-1,6,3,-1,-1,-1,-1,-1,-1,-1,-1,0,-1
2024061466440,2024,061466440,1,9,-1,-1,-1,-1,-1,-1,-1,-1,-1,-1,-1,0,-1,9,-1,6,3,-1,-1,-1,-1,-1,-1,-1,-1,0,-1
2024440423745,2024,440423745,1,19,0,10,10,8,5,0,0,1,0,0,0,0,4,1,3,7,1,44,7,-1,-1,-1,-1,-1,-1,0,-1
2024010527985,2024,010527985,1,9,0,99,99,9,9,99,99,9,9,99,9,99,1,9,6,6,3,-1,-1,-1,-1,-1,-1,-1,-1,0,-1
2024122400522,2024,122400522,1,1,0,18,19,3,7,9,9,0,0,0,0,0,1,1,6,6,1,58,9,-1,-1,-1,-1,10,E01027880,0,1
2024440293310,2024,440293310,2,9,0,3,3,1,5,0,0,1,0,0,0,0,2,1,1,1,3,-1,-1,-1,-1,-1,-1,-1,-1,0,-1
2024161412880,2024,161412880,2,1,0,-1,15,1,5,-1,0,1,0,0,0,0,1,1,-1,6,1,-1,-1,-1,-1,-1,-1,-1,-1,0,-1
2024131488193,2024,131488193,2,90,0,-1,-1,-1,-1,-1,-1,0,-1,-1,-1,-1,-1,1,-1,6,3,-1,-1,-1,-1,-1,-1,-1,-1,0,-1
2024122400515,2024,122400515,3,9,0,3,3,7,3,0,0,1,0,0,0,0,3,1,6,6,1,68,10,-1,-1,-1,-1,7,E01027622,0,1
2024010532374,2024,010532374,1,9,0,7,7,1,3,0,0,5,0,0,0,0,1,1,6,6,3,-1,-1,-1,-1,-1,-1,-1,-1,0,-1
2024430595629,2024,430595629,2,8,0,18,19,5,1,0,0,8,0,0,0,0,3,1,6,6,1,44,7,-1,-1,-1,-1,7,E01016328,0,1
2024451459621,2024,451459621,1,1,0,-1,7,3,7,-1,0,0,0,0,0,0,3,1,-1,9,1,55,8,-1,-1,-1,-1,4,E01030601,0,3
2024010535873,2024,010535873,1,1,9,99,99,9,9,99,99,9,9,99,9,99,1,1,2,2,1,28,6,-1,-1,-1,-1,3,E01001722,0,1
2024351403673,2024,351403673,2,1,0,-1,-1,-1,-1,-1,0,-1,0,0,0,0,-1,1,-1,2,1,34,6,-1,-1,-1,-1,6,E01017962,0,1