collision_index,collision_year,collision_ref_no,vehicle_reference,vehicle_type,towing_and_articulation,vehicle_manoeuvre_historic,vehicle_manoeuvre,vehicle_direction_from,vehicle_direction_to,vehicle_location_restricted_lane_historic,vehicle_location_restricted_lane,junction_location,skidding_and_overturning,hit_object_in_carriageway,vehicle_leaving_carriageway,hit_object_off_carriageway,first_point_of_impact,vehicle_left_hand_drive,journey_purpose_of_driver_historic,journey_purpose_of_driver,sex_of_driver,age_of_driver,age_band_of_driver,engine_capacity_cc,propulsion_code,age_of_vehicle,generic_make_model,driver_imd_decile,lsoa_of_driver,escooter_flag,driver_distance_banding
2024141399542,2024,141399542,2,97,0,-1,19,8,4,-1,0,1,0,0,0,0,1,1,-1,6,1,29,6,-1,-1,-1,-1,1,E01007500,0,1
2024161515732,2024,161515732,2,1,0,-1,19,1,5,-1,0,1,0,0,0,0,1,1,-1,6,1,18,4,-1,-1,-1,-1,3,E01012866,0,1
2024351454717,2024,351454717,1,8,-1,-1,10,-1,-1,-1,0,6,0,0,0,0,-1,9,-1,1,1,30,6,-1,-1,-1,-1,4,E01015622,0,1
2024201502621,2024,201502621,1,9,0,-1,5,6,2,-1,0,0,0,0,0,0,1,9,-1,6,3,40,7,-1,-1,-1,-1,-1,-1,0,-1
2024351459939,2024,351459939,2,1,0,-1,5,8,4,-1,0,2,0,0,0,0,4,1,-1,9,1,12,3,-1,-1,-1,-1,6,E01018061,0,1
2024201426058,2024,201426058,2,9,0,-1,2,0,0,-1,0,0,0,0,0,0,3,9,-1,1,1,53,8,-1,-1,-1,-1,3,E01009970,0,1
2024070527013,2024,070527013,1,9,0,5,5,7,3,0,0,1,0,0,0,0,1,1,6,6,1,64,9,-1,-1,-1,-1,10,E01018406,0,1
2024501451415,2024,501451415,2,90,0,-1,4,1,5,-1,0,1,0,0,0,0,1,1,-1,6,1,60,9,-1,-1,-1,-1,4,E01018780,0,1
2024991459119,2024,991459119,1,1,0,-1,19,8,4,-1,0,0,0,0,0,0,2,1,-1,9,1,68,10,-1,-1,-1,-1,3,-1,0,4
2024520002980,2024,520002980,1,1,0,18,19,2,6,0,0,8,0,0,0,0,1,1,6,6,1,27,6,-1,-1,-1,-1,-1,-1,0,-1
2024522402623,2024,522402623,2,9,0,18,19,3,7,0,0,8,0,0,0,0,4,1,6,6,2,35,6,-1,-1,-1,-1,9,E01014757,0,3
2024411458291,2024,411458291,1,9,-1,-1,-1,-1,-1,-1,-1,-1,-1,-1,-1,0,-1,9,-1,6,1,-1,-1,-1,-1,-1,-1,-1,-1,0,-1
2024010520707,2024,010520707,1,1,0,18,19,5,1,0,0,0,0,0,0,0,1,1,6,6,3,-1,-1,-1,-1,-1,-1,-1,-1,0,-1
2024010547608,2024,010547608,1,9,0,18,19,1,5,0,0,8,0,0,0,0,1,1,6,6,3,24,5,-1,-1,-1,-1,-1,-1,0,-1
2024061457601,2024,061457601,1,1,0,-1,19,-1,-1,-1,4,8,0,0,1,99,3,1,-1,2,1,20,4,-1,-1,-1,-1,3,E01005271,0,1
2024070164698,2024,070164698,2,9,0,10,10,4,8,0,0,1,0,0,0,0,2,1,6,6,1,38,7,-1,-1,-1,-1,9,E01018680,0,2
2024430478887,2024,430478887,1,9,0,7,7,7,1,0,0,6,0,0,0,0,1,1,6,6,1,46,8,-1,-1,-1,-1,3,E01035242,0,1
202417H104224,2024,17H104224,2,23,0,-1,19,5,1,-1,0,8,0,0,0,0,1,1,-1,9,1,20,4,-1,-1,-1,-1,5,E01011985,0,1
2024531505013,2024,531505013,1,9,0,-1,19,7,3,-1,0,8,5,0,0,0,3,1,-1,1,1,22,5,-1,-1,-1,-1,8,E01014863,0,4
2024430295578,2024,430295578,1,9,0,18,19,2,6,0,0,1,0,0,0,0,3,1,6,6,2,34,6,-1,-1,-1,-1,2,E01016438,0,1
2024010513431,2024,010513431,2,9,0,6,6,9,9,99,99,9,9,99,9,99,9,9,6,6,3,-1,-1,-1,-1,-1,-1,6,E01000218,0,2
2024231430072,2024,231430072,3,1,0,-1,19,3,7,-1,9,0,0,4,0,0,3,1,-1,6,2,14,3,-1,-1,-1,-1,4,E01031170,0,1
2024010487445,2024,010487445,1,9,0,18,19,2,6,0,0,1,0,0,0,0,1,1,6,6,2,20,4,-1,-1,-1,-1,7,E01034034,0,2
2024211527958,2024,211527958,2,1,-1,-1,-1,-1,-1,-1,-1,0,-1,-1,-1,0,-1,1,-1,7,1,11,3,-1,-1,-1,-1,3,E01029410,0,1
2024060120180,2024,060120180,2,9,0,18,19,5,1,0,0,0,0,0,0,0,1,1,2,2,1,23,5,-1,-1,-1,-1,2,E01005337,0,4
2024010514255,2024,010514255,2,1,0,18,19,7,3,0,0,1,0,0,0,0,1,1,4,7,1,11,3,-1,-1,-1,-1,3,E01001769,0,1
2024010507389,2024,010507389,3,1,0,18,19,7,3,0,0,0,0,8,0,0,0,1,6,6,2,79,11,-1,-1,-1,-1,8,E01001927,0,1
2024010528126,2024,010528126,1,11,0,99,99,9,9,99,99,9,9,99,9,99,9,9,6,6,3,49,8,-1,-1,-1,-1,6,E01004046,0,2
2024010495119,2024,010495119,2,9,0,18,19,7,3,0,0,5,0,0,0,0,1,1,6,6,3,-1,-1,-1,-1,-1,-1,-1,-1,0,-1
2024211491593,2024,211491593,2,1,0,-1,3,2,7,-1,0,2,0,0,0,0,1,1,-1,6,1,50,8,-1,-1,-1,-1,-1,-1,0,-1
2024610016624,2024,610016624,2,9,0,18,19,8,4,0,0,0,0,0,0,0,1,1,2,2,1,63,9,-1,-1,-1,-1,7,W01001510,0,2
2024451531680,2024,451531680,1,1,0,-1,19,8,2,-1,0,8,5,0,0,0,1,1,-1,2,1,47,8,-1,-1,-1,-1,9,E01030802,0,1
2024211519656,2024,211519656,1,99,0,-1,19,1,5,-1,0,0,0,0,0,0,0,9,-1,6,3,20,4,-1,-1,-1,-1,-1,-1,0,-1
2024221444990,2024,221444990,2,1,0,-1,19,2,6,-1,0,8,0,0,0,0,1,1,-1,6,1,34,6,-1,-1,-1,-1,3,E01028965,0,1
2024522402295,2024,522402295,7,10,0,2,2,0,0,0,0,0,0,0,0,0,3,1,6,6,3,-1,-1,-1,-1,-1,-1,-1,-1,0,-1
2024451409063,2024,451409063,1,9,0,-1,19,1,5,-1,0,0,0,0,0,0,1,1,-1,2,1,72,10,-1,-1,-1,-1,5,E01030555,0,1
2024141510193,2024,141510193,2,98,0,-1,19,1,5,-1,0,2,0,0,0,0,1,9,-1,6,3,-1,-1,-1,-1,-1,-1,-1,-1,0,-1
2024052401244,2024,052401244,1,19,0,18,19,5,1,0,0,0,0,0,0,0,0,1,6,6,3,-1,-1,-1,-1,-1,-1,-1,-1,0,-1
2024430232315,2024,430232315,2,1,0,2,2,0,0,0,0,0,0,0,0,0,2,1,6,6,1,18,4,-1,-1,-1,-1,-1,-1,0,-1
2024430165728,2024,430165728,1,9,0,7,7,3,5,0,0,6,0,0,0,0,1,1,6,6,1,54,8,-1,-1,-1,-1,10,E01017755,0,1
2024010496335,2024,010496335,1,9,0,18,19,5,1,0,0,1,0,4,0,0,1,1,6,6,1,19,4,-1,-1,-1,-1,2,E01004239,0,1
2024411434649,2024,411434649,1,9,0,-1,9,8,5,-1,0,1,0,0,0,0,3,1,-1,6,1,-1,-1,-1,-1,-1,-1,10,E01023813,0,1
2024340WN1232,2024,340WN1232,1,9,0,-1,19,8,5,-1,0,6,0,0,0,0,1,1,-1,6,3,-1,-1,-1,-1,-1,-1,-1,-1,0,-1
2024320706728,2024,320706728,1,9,0,13,13,8,4,0,0,0,0,0,0,0,4,1,6,6,3,-1,-1,-1,-1,-1,-1,-1,-1,0,-1
2024010550729,2024,010550729,1,9,9,99,99,9,9,99,99,9,9,99,9,99,9,9,6,6,3,-1,-1,-1,-1,-1,-1,-1,-1,0,-1
2024520402475,2024,520402475,2,17,0,18,19,3,7,0,0,0,0,0,0,0,2,1,6,6,1,43,7,-1,-1,-1,-1,5,E01029125,0,1
2024320290337,2024,320290337,2,17,0,-1,-1,7,3,0,0,0,0,0,0,0,3,1,6,6,3,-1,-1,-1,-1,-1,-1,-1,-1,0,-1
2024411442698,2024,411442698,2,1,4,-1,-1,-1,-1,-1,-1,-1,-1,-1,-1,0,1,1,-1,7,2,36,7,-1,-1,-1,-1,5,E01035574,0,1
2024302400793,2024,302400793,1,97,0,18,19,2,6,9,9,0,0,0,1,0,1,1,6,6,3,-1,-1,-1,-1,-1,-1,5,E01019456,0,2
2024052402825,2024,052402825,1,9,0,5,5,6,2,0,0,2,0,0,0,0,0,1,6,6,3,-1,-1,-1,-1,-1,-1,-1,-1,0,-1
2024111507070,2024,111507070,1,97,0,-1,5,4,8,-1,0,0,0,0,0,0,3,1,-1,6,1,30,6,-1,-1,-1,-1,-1,-1,0,-1
2024461442190,2024,461442190,1,19,0,-1,19,6,2,-1,0,0,0,0,0,0,1,1,-1,1,1,34,6,-1,-1,-1,-1,4,E01035307,0,4
2024041523810,2024,041523810,2,1,0,-1,19,7,3,-1,0,1,0,0,0,0,4,1,-1,9,2,37,7,-1,-1,-1,-1,2,E01012605,0,1
2024161504462,2024,161504462,1,1,0,-1,19,7,4,-1,0,1,0,0,0,0,4,1,-1,9,1,42,7,-1,-1,-1,-1,6,E01013122,0,1
2024101472090,2024,101472090,1,9,0,-1,19,2,6,-1,0,0,0,0,0,0,4,1,-1,6,3,40,7,-1,-1,-1,-1,-1,-1,0,-1
2024430543685,2024,430543685,1,1,0,2,2,0,0,0,0,0,0,0,0,0,3,1,1,1,1,25,5,-1,-1,-1,-1,8,E01016370,0,1
2024311472626,2024,311472626,1,9,0,-1,19,1,5,-1,0,8,0,0,0,0,1,1,-1,9,2,53,8,-1,-1,-1,-1,10,E01028388,0,2
2024010529330,2024,010529330,1,1,0,9,9,5,3,0,0,3,0,0,0,0,3,1,6,6,1,36,7,-1,-1,-1,-1,4,E01001420,0,1
2024411501926,2024,411501926,2,9,0,-1,19,3,7,-1,0,0,0,0,0,0,2,1,-1,6,1,27,6,-1,-1,-1,-1,9,E01002108,0,3
2024991515386,2024,991515386,1,9,0,-1,14,7,3,-1,0,0,0,0,0,0,1,1,-1,1,2,45,7,-1,-1,-1,-1,-1,-1,0,-1
2024010504907,2024,010504907,1,1,0,18,19,5,1,0,0,1,2,0,0,0,1,1,6,6,1,28,6,-1,-1,-1,-1,7,E01002791,0,1
202454D563024,2024,54D563024,1,9,0,18,19,7,3,0,0,8,0,0,0,0,1,1,6,6,3,-1,-1,-1,-1,-1,-1,-1,-1,0,-1
2024520000215,2024,520000215,1,1,0,18,19,4,8,0,0,3,0,0,0,0,2,1,6,6,1,19,4,-1,-1,-1,-1,-1,-1,0,-1
2024010507239,2024,010507239,1,1,9,99,99,9,9,99,99,9,9,99,9,99,2,1,6,6,1,37,7,-1,-1,-1,-1,3,E01004746,0,1
2024340NN4412,2024,340NN4412,1,9,0,-1,5,3,7,-1,0,4,0,0,1,0,1,1,-1,2,1,41,7,-1,-1,-1,-1,4,E01010878,0,5
2024010541839,2024,010541839,1,1,0,18,19,7,3,0,0,8,5,0,0,0,1,1,2,2,1,41,7,-1,-1,-1,-1,3,E01000556,0,1
2024542026724,2024,542026724,2,1,0,18,19,4,8,0,0,0,0,0,0,0,2,1,6,6,1,14,3,-1,-1,-1,-1,8,E01034544,0,1
2024201525499,2024,201525499,2,1,0,-1,5,8,4,-1,0,8,0,0,0,0,1,1,-1,2,1,28,6,-1,-1,-1,-1,5,E01010475,0,1
2024010514496,2024,010514496,1,9,0,18,19,1,5,0,0,8,0,0,0,0,1,1,6,6,3,-1,-1,-1,-1,-1,-1,-1,-1,0,-1
2024010521759,2024,010521759,2,9,0,18,19,6,2,0,0,8,0,0,0,0,1,1,6,6,3,-1,-1,-1,-1,-1,-1,-1,-1,0,-1
2024531508179,2024,531508179,3,9,0,-1,8,3,7,-1,0,1,0,0,1,0,1,1,-1,1,1,34,6,-1,-1,-1,-1,10,E01014767,0,4
2024545633424,2024,545633424,1,1,0,4,4,6,2,0,0,6,0,0,0,0,1,1,6,6,1,35,6,-1,-1,-1,-1,5,E01015571,0,1
2024010509969,2024,010509969,1,1,0,17,19,2,6,0,0,1,0,0,0,0,0,1,6,6,2,57,9,-1,-1,-1,-1,10,E01003466,0,1
2024421402927,2024,421402927,1,22,0,-1,5,8,5,-1,0,0,0,0,0,0,3,1,-1,9,2,79,11,-1,-1,-1,-1,4,E01021853,0,1
2024430483897,2024,430483897,2,9,0,18,19,2,6,0,0,0,0,0,0,0,2,1,6,6,2,20,4,-1,-1,-1,-1,5,E01017805,0,3
2024010526441,2024,010526441,2,9,9,99,99,9,9,99,99,9,0,99,9,99,9,9,6,6,3,-1,-1,-1,-1,-1,-1,-1,-1,0,-1
2024010520039,2024,010520039,1,23,0,99,99,9,9,99,99,9,9,99,9,99,1,1,6,6,3,-1,-1,-1,-1,-1,-1,-1,-1,0,-1
2024161507929,2024,161507929,2,9,0,-1,14,7,3,-1,0,0,0,0,0,0,1,1,-1,6,2,33,6,-1,-1,-1,-1,7,E01013145,0,1
2024522401613,2024,522401613,2,1,0,5,5,8,4,0,0,0,0,0,0,0,1,1,6,6,1,31,6,-1,-1,-1,-1,5,E01014665,0,1
2024161473995,2024,161473995,1,-1,0,-1,19,3,7,-1,0,1,5,0,0,0,2,1,-1,2,1,36,7,-1,-1,-1,-1,1,E01012891,1,1
2024201406825,2024,201406825,1,9,0,-1,19,8,4,-1,0,1,0,0,0,0,1,9,-1,6,1,-1,-1,-1,-1,-1,-1,-1,-1,0,-1
2024440229903,2024,440229903,2,1,0,5,5,6,2,0,0,6,0,0,0,0,1,1,2,2,1,25,5,-1,-1,-1,-1,6,E01023135,0,1
2024430367501,2024,430367501,1,9,0,18,19,6,2,0,0,0,0,0,0,0,1,1,2,2,2,20,4,-1,-1,-1,-1,7,E01022673,0,4
2024010489516,2024,010489516,2,8,0,3,3,3,7,0,0,1,0,0,0,0,2,1,6,6,1,55,8,-1,-1,-1,-1,9,E01003648,0,2
2024320049472,2024,320049472,1,9,0,-1,-1,1,5,0,0,0,1,0,7,9,1,1,2,2,1,47,8,-1,-1,-1,-1,4,E01026016,0,3
2024010524215,2024,010524215,1,1,9,99,99,9,9,0,0,0,9,99,9,99,9,1,1,1,1,32,6,-1,-1,-1,-1,5,E01003739,0,3
2024340WN5662,2024,340WN5662,2,9,0,-1,19,7,3,-1,0,8,1,0,0,0,3,1,-1,9,2,58,9,-1,-1,-1,-1,7,E01027306,0,2
2024061420174,2024,061420174,1,9,0,-1,19,7,3,-1,0,1,0,0,0,0,3,9,-1,6,3,-1,-1,-1,-1,-1,-1,-1,-1,0,-1
2024991475327,2024,991475327,3,9,0,-1,19,3,7,-1,0,0,0,0,0,0,3,1,-1,9,1,68,10,-1,-1,-1,-1,5,-1,0,5
2024201456012,2024,201456012,1,1,0,-1,19,3,7,-1,0,8,2,0,0,0,1,1,-1,9,1,44,7,-1,-1,-1,-1,1,E01009372,0,1
2024991438513,2024,991438513,3,9,0,-1,2,0,0,-1,0,0,0,0,0,0,3,1,-1,9,1,52,8,-1,-1,-1,-1,-1,-1,0,-1
2024440499755,2024,440499755,1,1,0,18,19,3,7,0,0,2,0,0,0,0,0,1,6,6,1,80,11,-1,-1,-1,-1,-1,-1,0,-1
2024071042494,2024,071042494,1,9,0,-1,19,3,7,-1,0,-1,-1,-1,-1,-1,-1,9,-1,6,3,-1,-1,-1,-1,-1,-1,-1,-1,0,-1
2024631440274,2024,631440274,1,9,0,-1,19,5,8,-1,0,8,0,0,0,0,3,2,-1,6,3,-1,-1,-1,-1,-1,-1,-1,-1,0,-1
2024052402184,2024,052402184,1,9,0,5,5,4,8,0,0,1,0,0,0,0,4,1,6,6,3,-1,-1,-1,-1,-1,-1,-1,-1,0,-1
2024221474483,2024,221474483,3,9,0,-1,19,4,8,-1,0,0,0,0,1,0,1,1,-1,2,1,42,7,-1,-1,-1,-1,8,E01032452,0,1
2024411480566,2024,411480566,2,22,0,-1,19,1,5,-1,0,0,0,0,0,0,3,1,-1,9,1,79,11,-1,-1,-1,-1,10,E01023926,0,1
2024101423744,2024,101423744,1,9,0,-1,9,7,3,-1,0,6,0,0,0,0,1,1,-1,2,1,25,5,-1,-1,-1,-1,9,E01027367,0,1
2024010512315,2024,010512315,2,1,0,18,19,1,5,0,0,2,5,0,0,0,2,1,1,1,1,26,6,-1,-1,-1,-1,2,E01001978,0,1
2024610010024,2024,610010024,2,9,0,18,19,8,4,0,0,0,0,0,0,0,2,1,1,1,1,-1,-1,-1,-1,-1,-1,-1,-1,0,-1
2024010515668,2024,010515668,1,9,0,7,7,7,1,0,0,6,0,0,0,0,1,1,6,6,1,61,9,-1,-1,-1,-1,9,E01002468,0,3
2024010525077,2024,010525077,2,9,0,18,19,3,7,0,0,1,0,0,0,0,4,1,2,2,1,55,8,-1,-1,-1,-1,5,E01000467,0,1
2024361406796,2024,361406796,2,1,0,-1,19,4,8,-1,0,8,0,0,0,0,3,1,-1,9,1,24,5,-1,-1,-1,-1,8,E01026531,0,1
2024010503926,2024,010503926,2,9,0,2,2,9,9,99,99,9,9,99,9,99,9,9,6,6,3,-1,-1,-1,-1,-1,-1,-1,-1,0,-1
2024501431220,2024,501431220,1,9,0,-1,7,3,6,-1,0,6,0,0,0,0,3,1,-1,6,1,58,9,-1,-1,-1,-1,6,E01015201,0,4
2024471460147,2024,471460147,3,9,0,-1,4,3,7,-1,0,1,0,0,0,0,0,9,-1,6,-1,-1,-1,-1,-1,-1,-1,-1,-1,0,-1
2024461534955,2024,461534955,1,4,0,-1,19,6,6,-1,0,1,5,0,0,0,1,1,-1,6,1,34,6,-1,-1,-1,-1,1,E01024193,0,1
2024041539617,2024,041539617,1,22,0,-1,5,4,6,-1,0,0,0,0,0,0,1,1,-1,6,2,81,11,-1,-1,-1,-1,9,E01025177,0,1
2024332400016,2024,332400016,2,9,0,-1,19,3,7,-1,0,2,0,0,0,0,1,1,-1,6,1,-1,-1,-1,-1,-1,-1,7,E01032963,0,4
2024440404089,2024,440404089,1,1,0,18,19,1,5,0,0,0,0,0,0,0,1,1,6,6,1,51,8,-1,-1,-1,-1,10,E01017146,0,2
2024010502211,2024,010502211,1,1,9,99,99,9,9,99,99,9,9,99,9,99,9,9,6,6,3,-1,-1,-1,-1,-1,-1,-1,-1,0,-1
2024440478504,2024,440478504,1,1,0,18,19,3,7,0,0,8,0,0,0,0,2,1,6,6,2,61,9,-1,-1,-1,-1,7,E01017048,0,1
2024501473019,2024,501473019,1,90,0,-1,19,3,7,-1,0,1,0,0,0,0,1,1,-1,9,1,26,6,-1,-1,-1,-1,8,E01015111,0,1
2024401462085,2024,401462085,2,1,0,-1,19,7,3,-1,0,0,0,0,0,0,3,1,-1,6,1,52,8,-1,-1,-1,-1,9,E01017604,0,1
2024320583093,2024,320583093,1,9,0,-1,-1,7,3,0,0,0,0,0,0,0,3,1,6,6,3,-1,-1,-1,-1,-1,-1,-1,-1,0,-1
2024461509685,2024,461509685,4,9,0,-1,19,3,7,-1,0,0,0,0,0,0,1,1,-1,9,1,25,5,-1,-1,-1,-1,9,E01024006,0,4
2024122401119,2024,122401119,1,99,0,18,19,7,3,0,0,0,0,0,0,0,4,1,6,6,3,-1,-1,-1,-1,-1,-1,-1,-1,0,-1
2024991395468,2024,991395468,1,1,0,-1,19,3,7,-1,0,1,0,0,0,0,3,1,-1,9,1,20,4,-1,-1,-1,-1,7,-1,0,3
2024201460908,2024,201460908,1,9,0,-1,19,3,7,-1,0,8,0,0,0,0,3,1,-1,6,1,61,9,-1,-1,-1,-1,4,E01009625,0,1
2024440504770,2024,440504770,1,9,0,18,19,2,6,0,0,8,0,0,7,0,3,1,6,6,2,27,6,-1,-1,-1,-1,5,E01016371,0,4
2024451395320,2024,451395320,1,9,0,-1,19,6,2,-1,0,0,1,4,0,0,1,1,-1,9,1,48,8,-1,-1,-1,-1,4,E01030640,0,1
2024501498317,2024,501498317,1,9,0,-1,3,3,7,-1,0,1,0,0,0,0,2,1,-1,7,2,74,10,-1,-1,-1,-1,6,E01034860,0,1
2024061410545,2024,061410545,1,9,-1,-1,-1,-1,-1,-1,-1,0,-1,-1,-1,0,-1,9,-1,6,3,-1,-1,-1,-1,-1,-1,-1,-1,0,-1
2024522403340,2024,522403340,1,90,0,18,19,8,4,0,0,0,0,8,0,0,1,1,1,1,3,-1,-1,-1,-1,-1,-1,-1,-1,0,-1
2024430211363,2024,430211363,2,1,0,18,19,2,6,0,0,8,0,0,0,0,4,1,6,6,1,21,5,-1,-1,-1,-1,10,E01016424,0,1
2024481507957,2024,481507957,1,8,0,-1,5,1,5,-1,0,1,0,0,0,0,0,1,-1,1,1,50,8,-1,-1,-1,-1,-1,-1,0,-1
2024061528356,2024,061528356,2,9,0,-1,19,-1,-1,-1,0,9,0,0,0,0,1,1,-1,6,3,-1,-1,-1,-1,-1,-1,-1,-1,0,-1
2024122401057,2024,122401057,1,5,0,18,19,5,1,0,0,8,1,0,1,0,1,1,6,6,1,25,5,-1,-1,-1,-1,7,E01027593,0,2
2024461466751,2024,461466751,1,9,0,-1,19,4,6,-1,0,0,0,0,0,0,4,9,-1,6,3,-1,-1,-1,-1,-1,-1,-1,-1,0,-1
2024010494158,2024,010494158,1,9,9,99,99,9,9,0,0,0,9,99,9,99,9,9,6,6,3,-1,-1,-1,-1,-1,-1,-1,-1,0,-1
2024131525029,2024,131525029,1,23,0,-1,-1,-1,-1,-1,-1,0,-1,-1,-1,0,-1,1,-1,6,3,-1,-1,-1,-1,-1,-1,-1,-1,0,-1
2024320708907,2024,320708907,2,22,0,-1,-1,1,5,0,0,6,5,0,0,0,3,1,6,6,1,79,11,-1,-1,-1,-1,2,E01026030,0,1
2024052400418,2024,052400418,1,9,0,18,19,4,8,0,0,0,0,0,0,0,1,1,6,6,3,-1,-1,-1,-1,-1,-1,-1,-1,0,-1
2024361469481,2024,361469481,2,23,0,-1,2,5,4,-1,0,1,0,0,0,0,1,1,-1,6,1,50,8,-1,-1,-1,-1,8,E01026566,0,2
2024061499058,2024,061499058,1,9,0,-1,19,5,1,-1,0,0,0,0,0,0,3,9,-1,6,3,-1,-1,-1,-1,-1,-1,-1,-1,0,-1
2024010506280,2024,010506280,1,1,0,18,19,6,2,0,0,0,0,0,0,0,4,1,1,1,1,28,6,-1,-1,-1,-1,6,E01002639,0,1
2024440280231,2024,440280231,2,9,0,18,19,6,2,0,0,4,0,0,0,0,1,1,2,2,1,38,7,-1,-1,-1,-1,8,E01023014,0,3
2024010512450,2024,010512450,2,9,0,99,99,9,9,99,99,9,9,99,9,99,1,9,6,6,3,-1,-1,-1,-1,-1,-1,-1,-1,0,-1
2024161404655,2024,161404655,1,8,0,-1,9,3,1,-1,0,5,0,0,0,0,1,9,-1,1,1,-1,-1,-1,-1,-1,-1,-1,-1,0,-1
2024010487632,2024,010487632,2,9,0,99,99,9,9,99,99,9,9,99,9,99,9,9,6,6,3,-1,-1,-1,-1,-1,-1,-1,-1,0,-1
2024161467350,2024,161467350,2,9,0,-1,19,7,3,-1,0,8,0,0,0,0,1,1,-1,9,1,23,5,-1,-1,-1,-1,9,E01035475,0,2
2024340WN0572,2024,340WN0572,1,-1,0,-1,19,5,1,-1,0,5,0,0,0,0,1,1,-1,6,2,-1,-1,-1,-1,-1,-1,3,E01027227,1,1
2024031473615,2024,031473615,2,1,0,-1,19,8,5,-1,0,3,0,0,0,0,4,1,-1,9,1,60,9,-1,-1,-1,-1,-1,-1,0,-1
2024010540575,2024,010540575,2,1,0,13,13,5,1,0,0,1,2,0,0,0,2,1,6,6,1,50,8,-1,-1,-1,-1,6,E01004532,0,2
2024061466035,2024,061466035,1,1,0,-1,19,-1,-1,-1,-1,0,0,0,0,0,2,1,-1,1,1,26,6,-1,-1,-1,-1,1,E01005459,0,3
2024320742617,2024,320742617,1,9,0,9,9,6,4,0,0,5,0,0,0,0,1,1,-1,-1,1,59,9,-1,-1,-1,-1,10,E01026413,0,3
2024010493693,2024,010493693,1,19,0,13,13,5,1,0,0,2,0,4,0,0,4,1,6,6,1,67,10,-1,-1,-1,-1,3,E01003298,0,1
2024991488773,2024,991488773,2,9,0,-1,3,4,4,-1,0,0,0,0,0,0,2,1,-1,9,1,48,8,-1,-1,-1,-1,6,-1,0,4
2024451444205,2024,451444205,1,9,0,-1,3,4,8,-1,0,0,0,0,0,0,4,9,-1,2,1,63,9,-1,-1,-1,-1,5,E01030496,0,2
2024351409332,2024,351409332,2,1,0,-1,19,3,7,-1,0,3,0,0,0,0,1,1,-1,2,2,20,4,-1,-1,-1,-1,5,E01017947,0,1
2024010488739,2024,010488739,2,1,9,99,99,9,9,99,99,9,9,99,9,99,9,1,6,6,1,17,4,-1,-1,-1,-1,7,E01003369,0,1
2024371506504,2024,371506504,2,1,0,-1,13,2,7,-1,0,0,2,0,0,0,1,1,-1,9,1,16,4,-1,-1,-1,-1,1,E01029980,0,1
2024010495222,2024,010495222,1,9,0,18,19,1,5,0,0,3,0,0,0,0,1,1,6,6,3,44,7,-1,-1,-1,-1,-1,-1,0,-1
2024430091111,2024,430091111,2,1,0,18,19,5,1,0,0,8,0,0,0,0,1,1,6,6,1,30,6,-1,-1,-1,-1,-1,-1,0,-1
2024302400830,2024,302400830,2,9,0,4,4,2,6,0,0,0,0,0,0,0,1,1,6,6,3,-1,-1,-1,-1,-1,-1,5,E01019456,0,3
2024010489027,2024,010489027,1,9,0,18,19,5,1,0,0,1,0,0,0,0,1,1,6,6,1,32,6,-1,-1,-1,-1,3,E01003960,0,1
2024010497011,2024,010497011,2,9,0,18,19,4,8,0,0,1,0,0,0,0,1,1,6,6,2,44,7,-1,-1,-1,-1,7,E01000683,0,1
2024010544210,2024,010544210,2,1,0,9,9,3,1,0,0,8,0,0,3,10,1,1,1,1,1,26,6,-1,-1,-1,-1,2,E01003553,0,1
2024501504459,2024,501504459,2,1,0,-1,19,2,6,-1,0,0,0,0,0,0,3,1,-1,2,1,44,7,-1,-1,-1,-1,7,E01020029,0,1
2024010522847,2024,010522847,2,9,0,2,2,0,0,0,0,0,0,0,0,0,3,1,6,6,3,-1,-1,-1,-1,-1,-1,-1,-1,0,-1
202417L204924,2024,17L204924,1,23,0,-1,19,4,8,-1,9,0,0,0,0,0,1,1,-1,9,1,19,4,-1,-1,-1,-1,6,E01033472,0,2
2024061528989,2024,061528989,1,11,0,-1,19,-1,-1,-1,0,1,0,0,0,0,3,1,-1,1,1,26,6,-1,-1,-1,-1,1,E01005933,0,3
2024430116543,2024,430116543,1,9,0,10,10,8,6,0,0,1,0,0,0,0,3,1,3,7,2,45,7,-1,-1,-1,-1,10,E01033965,0,1
2024010519867,2024,010519867,2,1,0,18,19,1,5,4,4,1,0,0,0,0,1,1,1,1,1,63,9,-1,-1,-1,-1,2,E01002029,0,2
2024010496501,2024,010496501,2,11,0,18,19,3,7,0,0,8,0,0,0,0,4,1,1,1,1,47,8,-1,-1,-1,-1,2,E01002722,0,2
2024201465693,2024,201465693,1,9,0,-1,19,4,8,-1,0,8,0,0,0,0,1,1,-1,6,3,-1,-1,-1,-1,-1,-1,-1,-1,0,-1
2024522402956,2024,522402956,2,1,0,5,5,2,8,0,0,6,0,0,0,0,3,1,6,6,2,29,6,-1,-1,-1,-1,7,E01014528,0,1
2024211416527,2024,211416527,2,9,0,-1,19,5,1,-1,0,8,0,0,0,0,4,9,-1,6,1,36,7,-1,-1,-1,-1,8,E01028848,0,3
2024201500590,2024,201500590,2,1,0,-1,19,1,5,-1,0,1,0,0,0,0,1,1,-1,6,1,24,5,-1,-1,-1,-1,2,E01009659,0,1
2024481563921,2024,481563921,1,3,0,-1,14,7,3,-1,0,1,0,0,0,0,1,1,-1,6,3,25,5,-1,-1,-1,-1,-1,-1,0,-1
2024522500404,2024,522500404,2,9,0,5,5,5,1,0,0,1,0,0,0,0,2,1,6,6,3,-1,-1,-1,-1,-1,-1,-1,-1,0,-1
2024052402819,2024,052402819,1,10,0,2,2,0,0,0,0,1,0,0,0,0,4,1,1,1,1,-1,-1,-1,-1,-1,-1,-1,-1,0,-1
2024211515070,2024,211515070,1,98,1,-1,19,6,3,-1,0,0,0,0,0,0,1,1,-1,1,1,29,6,-1,-1,-1,-1,4,E01013969,0,4
2024311424751,2024,311424751,1,9,0,-1,19,1,7,-1,0,1,1,7,7,1,1,1,-1,6,1,34,6,-1,-1,-1,-1,2,E01027964,0,1
2024052401207,2024,052401207,1,9,0,18,19,7,3,0,0,1,0,0,0,0,1,1,6,6,3,-1,-1,-1,-1,-1,-1,-1,-1,0,-1