collision_index,collision_year,collision_ref_no,vehicle_reference,vehicle_type,towing_and_articulation,vehicle_manoeuvre_historic,vehicle_manoeuvre,vehicle_direction_from,vehicle_direction_to,vehicle_location_restricted_lane_historic,vehicle_location_restricted_lane,junction_location,skidding_and_overturning,hit_object_in_carriageway,vehicle_leaving_carriageway,hit_object_off_carriageway,first_point_of_impact,vehicle_left_hand_drive,journey_purpose_of_driver_historic,journey_purpose_of_driver,sex_of_driver,age_of_driver,age_band_of_driver,engine_capacity_cc,propulsion_code,age_of_vehicle,generic_make_model,driver_imd_decile,lsoa_of_driver,escooter_flag,driver_distance_banding
2024010539685,2024,010539685,2,8,0,99,99,9,9,99,99,9,9,99,9,99,9,9,6,6,3,-1,-1,-1,-1,-1,-1,-1,-1,0,-1
2024010530800,2024,010530800,2,1,0,18,19,7,3,0,0,2,0,0,0,0,1,1,6,6,1,42,7,-1,-1,-1,-1,2,E01000525,0,1
2024111454269,2024,111454269,2,9,0,-1,5,8,2,-1,-1,0,1,0,0,0,2,1,-1,6,2,50,8,-1,-1,-1,-1,-1,-1,0,-1
2024061434817,2024,061434817,1,90,0,-1,19,3,7,-1,0,8,2,0,0,0,1,1,-1,9,1,20,4,-1,-1,-1,-1,10,E01004885,0,1
2024440436864,2024,440436864,2,9,0,18,19,5,1,0,0,0,0,0,0,0,1,1,6,6,2,-1,-1,-1,-1,-1,-1,-1,-1,0,-1
2024361437323,2024,361437323,1,9,0,-1,19,-1,-1,-1,0,0,0,0,0,0,-1,9,-1,6,3,-1,-1,-1,-1,-1,-1,-1,-1,0,-1
2024010525836,2024,010525836,2,9,0,9,9,5,3,0,0,2,0,0,0,0,4,1,6,6,3,-1,-1,-1,-1,-1,-1,-1,-1,0,-1
2024070014104,2024,070014104,1,9,0,18,19,3,7,0,0,0,0,0,0,0,1,1,6,6,3,-1,-1,-1,-1,-1,-1,-1,-1,0,-1
2024520403039,2024,520403039,1,9,0,4,4,5,1,0,0,1,0,0,0,0,2,1,6,6,2,39,7,-1,-1,-1,-1,7,E01029151,0,4
2024231445163,2024,231445163,2,1,0,-1,13,3,7,-1,0,0,1,0,0,0,2,1,-1,6,1,55,8,-1,-1,-1,-1,3,E01025852,0,3
2024340WN1112,2024,340WN1112,2,1,0,-1,19,5,1,-1,0,1,0,0,0,0,1,1,-1,6,1,45,7,-1,-1,-1,-1,3,E01027188,0,1
2024070462217,2024,070462217,1,19,0,5,5,8,4,0,0,0,0,0,0,0,4,2,2,2,1,-1,-1,-1,-1,-1,-1,-1,-1,0,-1
2024522500212,2024,522500212,1,1,0,18,19,4,8,0,0,8,0,0,0,0,1,1,6,6,1,38,7,-1,-1,-1,-1,7,E01014525,0,1
2024440501501,2024,440501501,2,9,0,18,19,1,5,0,0,8,0,0,0,0,4,1,6,6,2,24,5,-1,-1,-1,-1,10,E01022731,0,3
2024221461672,2024,221461672,2,9,0,-1,9,3,2,-1,0,6,0,0,0,0,1,1,-1,1,2,58,9,-1,-1,-1,-1,5,E01014079,0,1
2024010507978,2024,010507978,1,1,0,18,19,7,3,0,0,2,0,0,0,0,1,1,6,6,3,34,6,-1,-1,-1,-1,-1,-1,0,-1
2024631441792,2024,631441792,1,1,0,-1,19,8,4,-1,0,0,0,0,0,0,1,1,-1,2,1,44,7,-1,-1,-1,-1,7,W01000482,0,1
2024010512110,2024,010512110,1,1,0,18,19,4,8,0,0,0,0,0,0,0,0,1,6,6,1,44,7,-1,-1,-1,-1,7,E01003407,0,1
2024070615717,2024,070615717,1,1,0,18,19,5,1,0,0,1,0,0,0,0,1,1,6,6,2,82,11,-1,-1,-1,-1,8,E01012550,0,1
2024610047324,2024,610047324,2,9,0,18,19,1,5,0,0,0,0,0,0,0,1,1,6,6,1,-1,-1,-1,-1,-1,-1,4,W01002032,0,2
2024010527978,2024,010527978,1,1,9,99,99,9,9,99,99,9,9,99,9,99,1,1,6,6,3,-1,-1,-1,-1,-1,-1,3,E01001831,0,1
2024161504813,2024,161504813,1,9,0,-1,19,5,1,-1,0,1,0,0,0,0,1,1,-1,9,2,77,11,-1,-1,-1,-1,4,E01013049,0,4
2024101443751,2024,101443751,2,1,0,-1,19,8,4,-1,4,0,0,0,0,0,0,1,-1,9,2,54,8,-1,-1,-1,-1,7,E01017832,0,5
2024311515648,2024,311515648,1,11,0,-1,4,5,1,-1,0,0,0,0,0,0,0,2,-1,1,1,-1,-1,-1,-1,-1,-1,-1,-1,0,-1
2024522403434,2024,522403434,2,1,0,18,19,1,5,0,0,8,0,0,0,0,1,1,6,6,1,51,8,-1,-1,-1,-1,8,E01014634,0,1
2024430294344,2024,430294344,2,9,0,18,19,8,4,0,0,0,0,0,0,0,1,1,6,6,3,-1,-1,-1,-1,-1,-1,-1,-1,0,-1
2024010496368,2024,010496368,2,9,3,18,19,1,5,1,1,2,1,0,0,0,0,1,1,1,1,26,6,-1,-1,-1,-1,5,E01033917,0,2
2024411480067,2024,411480067,2,9,0,-1,9,4,8,-1,0,8,0,0,0,0,4,1,-1,9,1,23,5,-1,-1,-1,-1,8,E01023938,0,2
2024411506482,2024,411506482,1,9,-1,-1,-1,-1,-1,-1,-1,-1,-1,-1,-1,0,-1,9,-1,6,2,41,7,-1,-1,-1,-1,10,E01023815,0,1
2024010532236,2024,010532236,1,1,9,99,99,9,9,99,99,9,9,99,9,99,9,1,2,2,1,27,6,-1,-1,-1,-1,8,E01002483,0,3
2024610021324,2024,610021324,1,19,0,4,4,7,3,9,9,0,0,0,0,0,0,1,6,6,3,-1,-1,-1,-1,-1,-1,-1,-1,0,-1
2024010523655,2024,010523655,2,9,9,99,99,9,9,99,99,9,9,99,9,99,1,9,6,6,3,-1,-1,-1,-1,-1,-1,-1,-1,0,-1
2024461458266,2024,461458266,3,1,0,-1,19,5,1,-1,0,0,0,0,0,0,0,1,-1,6,1,13,3,-1,-1,-1,-1,6,E01024425,0,1
2024430047935,2024,430047935,2,9,0,3,3,2,6,0,0,0,0,0,0,0,3,1,6,6,2,30,6,-1,-1,-1,-1,-1,-1,0,-1
2024131470505,2024,131470505,2,9,0,-1,19,3,3,-1,0,1,0,0,1,11,3,1,-1,9,1,37,7,-1,-1,-1,-1,1,E01011917,0,2
2024010517766,2024,010517766,2,1,0,7,7,4,6,0,0,2,0,0,0,0,1,1,6,6,1,14,3,-1,-1,-1,-1,7,E01003434,0,1
2024010535779,2024,010535779,1,9,0,99,99,9,9,99,99,9,9,99,9,99,9,9,6,6,3,-1,-1,-1,-1,-1,-1,-1,-1,0,-1
2024010490751,2024,010490751,2,9,0,99,99,9,9,99,99,9,9,99,9,99,2,9,6,6,3,-1,-1,-1,-1,-1,-1,-1,-1,0,-1
2024211480584,2024,211480584,1,97,0,-1,19,1,2,-1,0,0,0,0,0,0,1,1,-1,9,1,9,2,-1,-1,-1,-1,1,E01029566,0,1
2024010495880,2024,010495880,2,9,0,18,19,1,5,0,0,4,0,0,0,0,1,1,6,6,1,54,8,-1,-1,-1,-1,-1,-1,0,-1
2024542834624,2024,542834624,2,9,0,18,19,5,1,0,0,0,0,0,0,0,1,1,2,2,2,51,8,-1,-1,-1,-1,1,E01032096,0,1
2024052401969,2024,052401969,2,9,0,4,4,7,3,0,0,0,0,0,0,0,2,1,2,2,1,60,9,-1,-1,-1,-1,10,E01006985,0,1
2024010487679,2024,010487679,1,9,0,4,4,1,5,0,0,0,0,4,0,0,4,1,6,6,1,18,4,-1,-1,-1,-1,4,E01009248,0,5
2024141557268,2024,141557268,2,98,0,-1,19,2,6,-1,0,1,0,0,0,0,1,9,-1,6,3,-1,-1,-1,-1,-1,-1,-1,-1,0,-1
2024451445617,2024,451445617,2,9,0,-1,19,3,7,-1,0,1,0,0,0,0,1,1,-1,1,1,36,7,-1,-1,-1,-1,6,E01030570,0,2
2024041476869,2024,041476869,2,1,0,-1,8,1,5,-1,0,1,0,0,0,0,2,1,-1,6,1,43,7,-1,-1,-1,-1,6,E01025531,0,2
2024010504798,2024,010504798,2,1,0,3,3,1,5,0,0,3,0,0,0,0,1,1,6,6,1,20,4,-1,-1,-1,-1,9,E01002990,0,1
2024401427373,2024,401427373,2,1,-1,-1,-1,-1,-1,-1,-1,-1,-1,-1,-1,0,-1,1,-1,6,1,32,6,-1,-1,-1,-1,2,E01017523,0,1
2024991416695,2024,991416695,1,9,0,-1,19,3,3,-1,0,2,0,0,0,0,1,1,-1,2,2,36,7,-1,-1,-1,-1,2,-1,0,1
2024010497450,2024,010497450,2,9,0,99,99,9,9,99,99,0,9,99,9,99,9,9,6,6,3,-1,-1,-1,-1,-1,-1,-1,-1,0,-1
2024552401295,2024,552401295,2,1,0,18,19,8,4,0,0,8,0,0,0,0,1,1,2,2,1,21,5,-1,-1,-1,-1,5,E01015427,0,1
2024361444727,2024,361444727,1,1,0,-1,19,1,5,-1,0,1,0,0,0,0,1,1,-1,9,1,46,8,-1,-1,-1,-1,4,E01026609,0,1
2024401522741,2024,401522741,1,97,0,-1,3,3,7,-1,0,0,1,0,0,0,1,1,-1,2,1,20,4,-1,-1,-1,-1,8,E01017620,0,2
2024041478553,2024,041478553,1,9,0,-1,1,5,1,-1,0,0,1,0,0,0,2,1,-1,2,1,41,7,-1,-1,-1,-1,1,E01024882,0,1
2024361470828,2024,361470828,1,5,0,-1,-1,-1,-1,-1,-1,0,-1,-1,-1,0,-1,1,-1,6,3,-1,-1,-1,-1,-1,-1,-1,-1,0,-1
2024101551528,2024,101551528,1,9,0,-1,19,3,7,-1,0,0,1,0,7,0,3,1,-1,9,1,34,6,-1,-1,-1,-1,-1,-1,0,-1
2024211419336,2024,211419336,1,9,0,-1,19,5,1,-1,0,0,0,0,0,0,2,9,-1,9,1,33,6,-1,-1,-1,-1,6,E01029428,0,1
2024111535022,2024,111535022,2,1,0,-1,19,5,1,-1,2,0,0,0,0,0,3,1,-1,9,1,46,8,-1,-1,-1,-1,3,E01012358,0,1
2024201447681,2024,201447681,1,99,0,-1,19,8,4,-1,0,2,0,0,0,0,1,9,-1,6,2,30,6,-1,-1,-1,-1,-1,-1,0,-1
2024430541450,2024,430541450,2,9,0,9,9,6,4,0,0,8,0,0,0,0,4,1,6,6,3,-1,-1,-1,-1,-1,-1,-1,-1,0,-1
2024320571479,2024,320571479,2,9,0,-1,-1,8,4,0,0,0,1,0,1,4,1,1,-1,-1,1,30,6,-1,-1,-1,-1,3,E01026102,0,2
2024010490928,2024,010490928,2,1,0,18,19,5,1,9,9,1,5,0,0,0,1,1,2,2,1,18,4,-1,-1,-1,-1,5,E01003340,0,1
2024421440043,2024,421440043,2,98,0,-1,9,5,1,-1,0,0,0,0,0,0,3,1,-1,1,-1,-1,-1,-1,-1,-1,-1,-1,-1,0,-1
2024201539888,2024,201539888,2,9,2,-1,3,4,8,-1,0,0,0,0,0,0,2,9,-1,1,1,45,7,-1,-1,-1,-1,-1,-1,0,-1
2024010531829,2024,010531829,1,-1,0,15,15,3,7,0,0,0,0,0,0,0,1,1,6,6,1,20,4,-1,-1,-1,-1,3,E01000992,1,1
2024471420842,2024,471420842,2,1,0,-1,15,3,7,-1,0,1,0,0,0,0,3,1,-1,6,1,48,8,-1,-1,-1,-1,9,E01016995,0,1
2024101509102,2024,101509102,2,1,-1,-1,19,-1,-1,-1,4,0,0,0,0,0,3,1,-1,6,1,17,4,-1,-1,-1,-1,2,E01008690,0,2
2024201572880,2024,201572880,1,9,0,-1,19,1,5,-1,0,0,0,0,0,0,3,9,-1,6,3,-1,-1,-1,-1,-1,-1,-1,-1,0,-1
2024111498100,2024,111498100,1,9,0,-1,19,8,4,-1,0,1,0,0,0,0,1,9,-1,6,3,30,6,-1,-1,-1,-1,-1,-1,0,-1
2024351451172,2024,351451172,2,-1,0,-1,19,1,5,-1,0,1,0,0,0,0,1,1,-1,6,1,15,3,-1,-1,-1,-1,2,E01015633,1,1
2024041442862,2024,041442862,1,9,0,-1,19,-1,-1,-1,0,5,0,0,0,0,-1,9,-1,6,3,-1,-1,-1,-1,-1,-1,-1,-1,0,-1
2024622400387,2024,622400387,4,19,0,4,4,6,2,0,0,0,0,0,0,0,3,1,6,6,1,54,8,-1,-1,-1,-1,8,W01001027,0,1
2024141433980,2024,141433980,2,90,0,-1,19,1,5,-1,9,0,5,0,0,0,1,1,-1,6,1,15,3,-1,-1,-1,-1,1,E01007496,0,1
2024471512456,2024,471512456,2,9,0,-1,9,7,5,-1,0,8,0,0,0,0,1,1,-1,2,1,17,4,-1,-1,-1,-1,3,E01031562,0,1
2024421527112,2024,421527112,1,9,0,-1,19,7,3,-1,0,0,0,0,0,0,1,1,-1,6,2,80,11,-1,-1,-1,-1,7,E01021343,0,1
2024211517806,2024,211517806,1,9,-1,-1,-1,-1,-1,-1,-1,0,-1,-1,-1,0,-1,9,-1,6,3,-1,-1,-1,-1,-1,-1,-1,-1,0,-1
2024010529957,2024,010529957,1,9,0,18,19,5,1,0,0,0,0,0,0,0,0,1,6,6,3,-1,-1,-1,-1,-1,-1,-1,-1,0,-1
2024440145559,2024,440145559,1,5,0,17,19,2,6,0,0,2,1,0,0,0,1,1,6,6,1,60,9,-1,-1,-1,-1,10,E01016230,0,4
2024371472377,2024,371472377,2,1,0,-1,19,-1,-1,-1,0,0,0,0,0,0,1,1,-1,2,2,23,5,-1,-1,-1,-1,2,E01030025,0,1
2024440384491,2024,440384491,2,9,0,18,19,3,7,0,0,0,0,0,0,0,4,1,1,1,1,45,7,-1,-1,-1,-1,9,E01022767,0,1
2024440329517,2024,440329517,2,1,0,3,3,8,4,0,0,1,0,0,0,0,1,1,6,6,1,55,8,-1,-1,-1,-1,3,E01017184,0,1
2024371470709,2024,371470709,1,9,0,-1,19,7,3,-1,-1,0,0,0,0,0,1,1,-1,9,1,33,6,-1,-1,-1,-1,2,E01029982,0,1
2024010494001,2024,010494001,1,1,9,99,99,9,9,99,99,9,9,99,9,99,9,1,6,6,1,27,6,-1,-1,-1,-1,3,E01033704,0,2
2024421422070,2024,421422070,1,-1,0,-1,19,6,2,-1,9,0,0,11,0,0,1,1,-1,2,1,30,6,-1,-1,-1,-1,1,E01016007,1,1
2024340WN1092,2024,340WN1092,1,19,0,-1,4,6,2,-1,0,0,0,0,0,0,0,1,-1,6,3,-1,-1,-1,-1,-1,-1,-1,-1,0,-1
2024991578058,2024,991578058,2,1,0,-1,14,1,5,-1,0,0,0,8,0,0,3,1,-1,9,1,65,9,-1,-1,-1,-1,6,-1,0,1
2024010492560,2024,010492560,1,9,0,7,7,7,2,0,0,5,0,0,0,0,4,1,6,6,1,61,9,-1,-1,-1,-1,8,E01004552,0,1
2024421414526,2024,421414526,2,9,0,-1,19,1,4,-1,0,0,0,0,0,0,1,1,-1,9,1,19,4,-1,-1,-1,-1,9,E01021441,0,1
2024430172311,2024,430172311,1,9,0,18,19,4,8,0,0,0,0,0,0,0,1,1,6,6,2,57,9,-1,-1,-1,-1,10,E01032962,0,1
2024010539601,2024,010539601,2,9,9,99,99,9,9,99,99,9,9,99,9,99,9,9,6,6,3,-1,-1,-1,-1,-1,-1,-1,-1,0,-1
2024010500423,2024,010500423,1,1,9,99,99,9,9,99,99,9,9,99,9,99,1,1,2,2,1,27,6,-1,-1,-1,-1,5,E01003116,0,1
2024201458313,2024,201458313,1,9,0,-1,19,8,6,-1,0,8,0,0,0,0,1,9,-1,6,3,-1,-1,-1,-1,-1,-1,-1,-1,0,-1
2024041509176,2024,041509176,1,1,0,-1,19,3,7,-1,0,0,5,0,0,0,1,1,-1,9,1,23,5,-1,-1,-1,-1,-1,-1,0,-1
2024302400843,2024,302400843,2,19,3,18,19,2,6,0,0,8,0,0,0,0,1,1,6,6,1,57,9,-1,-1,-1,-1,9,E01019587,0,3
2024501460581,2024,501460581,1,9,0,-1,19,7,3,-1,0,0,1,0,0,0,1,1,-1,9,1,25,5,-1,-1,-1,-1,3,E01009220,0,5
2024131395444,2024,131395444,1,9,0,-1,1,5,1,-1,9,1,0,0,0,0,2,1,-1,9,1,55,8,-1,-1,-1,-1,6,E01011600,0,1
2024501438633,2024,501438633,1,9,0,-1,13,2,6,-1,0,0,1,0,1,0,4,9,-1,6,3,-1,-1,-1,-1,-1,-1,-1,-1,0,-1
2024161452635,2024,161452635,2,9,0,-1,3,6,2,-1,0,0,0,0,0,0,2,1,-1,7,1,41,7,-1,-1,-1,-1,7,E01012985,0,1
2024991562722,2024,991562722,1,9,0,-1,19,7,3,-1,0,1,0,0,1,0,4,1,-1,6,1,29,6,-1,-1,-1,-1,-1,-1,0,-1
2024010519253,2024,010519253,1,9,0,99,99,9,9,99,99,9,9,99,9,99,9,9,6,6,3,-1,-1,-1,-1,-1,-1,8,E01030859,0,1
2024320665668,2024,320665668,2,9,0,9,9,2,8,0,0,6,0,0,0,0,3,1,-1,-1,1,43,7,-1,-1,-1,-1,1,E01012407,0,5
2024010494052,2024,010494052,1,9,0,18,19,1,5,0,0,0,0,0,0,0,1,1,2,2,2,52,8,-1,-1,-1,-1,3,E01003977,0,1
2024161446402,2024,161446402,1,9,0,-1,7,5,7,-1,0,4,0,0,0,0,3,9,-1,6,3,-1,-1,-1,-1,-1,-1,-1,-1,0,-1
2024041446380,2024,041446380,1,97,0,-1,19,-1,-1,-1,0,0,0,0,0,0,-1,1,-1,6,3,-1,-1,-1,-1,-1,-1,-1,-1,0,-1
2024010487206,2024,010487206,1,9,9,99,99,9,9,99,99,9,9,99,9,99,9,9,6,6,1,50,8,-1,-1,-1,-1,2,E01001332,0,4
2024622400066,2024,622400066,1,19,0,18,19,2,6,0,0,1,0,0,0,0,1,1,6,6,3,-1,-1,-1,-1,-1,-1,-1,-1,0,-1
2024010493540,2024,010493540,1,9,0,5,5,7,3,0,0,0,0,0,0,0,1,1,6,6,1,37,7,-1,-1,-1,-1,2,E01034148,0,1
2024010496257,2024,010496257,1,9,0,18,19,3,7,0,0,8,0,0,0,0,1,1,6,6,1,27,6,-1,-1,-1,-1,7,E01000147,0,1
2024430205997,2024,430205997,2,9,0,18,19,6,2,0,0,7,0,0,0,0,1,1,6,6,1,-1,-1,-1,-1,-1,-1,8,E01003271,0,4
2024061464643,2024,061464643,1,9,0,-1,19,2,6,-1,0,1,0,0,0,0,1,9,-1,6,1,-1,-1,-1,-1,-1,-1,-1,-1,0,-1
2024552400621,2024,552400621,2,1,0,18,19,2,6,5,5,8,0,0,0,0,1,1,6,6,2,56,9,-1,-1,-1,-1,7,E01020498,0,1
2024010551849,2024,010551849,2,9,0,99,99,9,9,99,99,9,9,99,9,99,2,9,6,6,3,-1,-1,-1,-1,-1,-1,-1,-1,0,-1
2024061489201,2024,061489201,1,9,0,-1,7,2,5,-1,0,2,0,0,0,0,-1,9,-1,6,3,-1,-1,-1,-1,-1,-1,-1,-1,0,-1
2024522402293,2024,522402293,1,-1,0,10,10,3,1,0,0,8,0,0,0,0,3,1,6,6,1,27,6,-1,-1,-1,-1,1,E01014654,1,1
2024010548809,2024,010548809,2,1,0,18,19,7,3,0,0,1,0,0,0,0,2,1,2,2,1,30,6,-1,-1,-1,-1,8,E01002579,0,1
2024041426490,2024,041426490,2,1,0,-1,19,5,1,-1,0,8,0,0,0,0,3,1,-1,9,1,54,8,-1,-1,-1,-1,3,E01025300,0,1
2024010492333,2024,010492333,2,8,0,99,99,9,9,99,99,9,9,99,9,99,4,9,6,6,3,-1,-1,-1,-1,-1,-1,-1,-1,0,-1
2024991509664,2024,991509664,2,90,0,-1,19,1,4,-1,-1,0,0,0,0,0,2,1,-1,1,1,57,9,-1,-1,-1,-1,6,-1,0,4
2024131474933,2024,131474933,1,9,0,-1,19,8,3,-1,0,1,0,4,1,0,3,1,-1,9,1,24,5,-1,-1,-1,-1,1,E01010674,0,1
2024221431509,2024,221431509,2,1,0,-1,19,6,1,-1,0,3,0,0,0,0,4,1,-1,9,1,63,9,-1,-1,-1,-1,8,E01032207,0,1
2024461526833,2024,461526833,2,1,0,-1,19,7,3,-1,0,0,0,0,0,0,4,1,-1,1,1,20,4,-1,-1,-1,-1,3,E01023981,0,1
2024010521569,2024,010521569,2,1,0,18,19,5,1,4,4,1,0,0,0,0,3,1,2,2,1,52,8,-1,-1,-1,-1,9,E01001606,0,1
2024991436915,2024,991436915,4,9,0,-1,9,3,1,-1,0,5,0,0,0,0,0,1,-1,1,1,43,7,-1,-1,-1,-1,7,-1,0,1
2024010521429,2024,010521429,1,1,0,18,19,1,5,0,0,1,0,0,0,0,0,1,6,6,2,47,8,-1,-1,-1,-1,7,E01003848,0,1
2024010488785,2024,010488785,1,1,9,99,99,9,9,99,99,1,9,99,9,99,1,9,6,6,2,26,6,-1,-1,-1,-1,3,E01004062,0,1
2024010488767,2024,010488767,2,9,0,99,99,9,9,99,99,0,9,99,9,99,9,9,6,6,3,-1,-1,-1,-1,-1,-1,-1,-1,0,-1
2024010535169,2024,010535169,1,1,9,99,99,9,9,4,4,9,9,99,9,99,1,1,2,2,1,26,6,-1,-1,-1,-1,4,E01001243,0,1
2024122400388,2024,122400388,1,9,0,18,19,7,3,0,0,1,1,0,1,0,3,1,6,6,1,85,11,-1,-1,-1,-1,7,E01027788,0,4
2024010494366,2024,010494366,2,9,0,99,99,9,9,99,99,9,9,99,9,99,9,9,6,6,3,-1,-1,-1,-1,-1,-1,-1,-1,0,-1
2024531532711,2024,531532711,2,1,0,-1,19,2,6,-1,0,8,0,0,0,0,3,1,-1,2,2,58,9,-1,-1,-1,-1,2,E01022164,0,1
2024052401510,2024,052401510,2,-1,0,4,4,1,7,0,0,1,0,0,0,0,2,1,6,6,2,20,4,-1,-1,-1,-1,1,E01006648,1,1
2024211399054,2024,211399054,1,9,0,-1,19,1,5,-1,0,8,2,0,1,0,1,1,-1,9,2,79,11,-1,-1,-1,-1,8,E01029704,0,1
2024221532987,2024,221532987,2,1,0,-1,4,7,2,-1,0,8,0,0,0,0,3,1,-1,2,1,37,7,-1,-1,-1,-1,7,E01032319,0,1
202417H103224,2024,17H103224,1,9,0,-1,19,1,5,-1,0,2,0,0,0,0,1,1,-1,6,1,-1,-1,-1,-1,-1,-1,-1,-1,0,-1
2024430339081,2024,430339081,2,1,0,18,19,2,6,0,0,0,0,0,0,0,3,1,1,1,2,25,5,-1,-1,-1,-1,5,E01035736,0,3
2024010488778,2024,010488778,1,19,0,4,4,5,1,0,0,0,1,0,0,0,1,1,1,1,1,32,6,-1,-1,-1,-1,7,E01003456,0,1
2024010487476,2024,010487476,1,9,0,99,99,9,9,99,99,9,9,99,9,99,2,9,6,6,2,24,5,-1,-1,-1,-1,6,E01002145,0,3
2024131447876,2024,131447876,1,90,0,-1,-1,-1,-1,-1,-1,8,-1,-1,-1,0,-1,1,-1,6,3,-1,-1,-1,-1,-1,-1,-1,-1,0,-1
2024010549433,2024,010549433,1,1,9,99,99,9,9,99,99,9,9,99,9,99,2,1,1,1,1,48,8,-1,-1,-1,-1,4,E01003492,0,3
2024991448205,2024,991448205,1,9,0,-1,19,7,3,-1,0,8,5,0,7,0,1,1,-1,6,1,21,5,-1,-1,-1,-1,7,-1,0,5
2024430540813,2024,430540813,1,9,0,18,19,7,3,0,0,0,0,0,1,7,3,1,6,6,2,51,8,-1,-1,-1,-1,5,E01020340,0,5
2024522402886,2024,522402886,2,5,0,3,3,7,3,0,0,0,0,0,0,0,2,1,6,6,1,52,8,-1,-1,-1,-1,9,E01014851,0,1
2024010524571,2024,010524571,1,9,0,99,99,9,9,99,99,9,9,99,9,99,1,9,6,6,3,-1,-1,-1,-1,-1,-1,-1,-1,0,-1
2024471458474,2024,471458474,1,98,0,-1,9,7,5,-1,0,5,0,0,0,0,4,1,-1,9,1,44,7,-1,-1,-1,-1,4,E01031433,0,1
2024010499528,2024,010499528,1,1,9,99,99,9,9,99,99,9,9,99,9,99,1,1,6,6,1,60,9,-1,-1,-1,-1,8,E01000200,0,1
2024010529800,2024,010529800,2,1,0,7,7,7,1,0,0,5,0,0,0,0,3,1,6,6,1,80,11,-1,-1,-1,-1,8,E01001132,0,1
2024010547134,2024,010547134,1,1,9,99,99,9,9,99,99,9,9,99,9,99,9,1,6,6,2,50,8,-1,-1,-1,-1,6,E01003642,0,1
2024361471340,2024,361471340,1,9,0,-1,19,7,3,-1,0,0,0,0,0,0,1,1,-1,1,1,38,7,-1,-1,-1,-1,8,E01026461,0,2
2024302401288,2024,302401288,1,19,0,18,19,7,3,0,0,0,0,0,0,0,4,1,6,6,3,-1,-1,-1,-1,-1,-1,5,E01019456,0,4
2024010545088,2024,010545088,1,3,0,8,8,4,6,9,9,1,0,0,0,0,1,1,1,1,1,29,6,-1,-1,-1,-1,-1,-1,0,-1
2024131402400,2024,131402400,1,9,0,-1,19,1,1,-1,0,0,0,7,0,0,1,1,-1,6,1,21,5,-1,-1,-1,-1,1,E01010712,0,2
2024101414163,2024,101414163,1,9,0,-1,19,2,6,-1,0,6,0,0,0,0,1,9,-1,6,1,87,11,-1,-1,-1,-1,-1,-1,0,-1
2024010528098,2024,010528098,2,1,0,18,19,1,5,4,4,1,0,0,0,0,1,1,1,1,2,25,5,-1,-1,-1,-1,3,E01003056,0,1
202417S201524,2024,17S201524,2,19,0,4,4,2,6,0,0,1,0,0,0,0,2,1,1,1,1,48,8,-1,-1,-1,-1,-1,-1,0,-1
2024010540175,2024,010540175,2,9,0,4,4,5,1,0,0,1,0,0,0,0,0,1,6,6,1,54,8,-1,-1,-1,-1,3,E01003135,0,1
2024161450128,2024,161450128,1,9,0,-1,19,6,2,-1,0,0,0,0,0,0,4,1,-1,6,3,-1,-1,-1,-1,-1,-1,-1,-1,0,-1
2024010516171,2024,010516171,1,1,9,99,99,9,9,99,99,0,9,8,9,99,1,1,6,6,1,59,9,-1,-1,-1,-1,9,E01004713,0,1
2024131429544,2024,131429544,2,1,0,-1,19,5,1,-1,5,8,0,0,0,0,1,1,-1,1,1,35,6,-1,-1,-1,-1,1,E01011433,0,1
2024161397840,2024,161397840,3,-1,0,-1,19,5,1,-1,0,4,0,0,0,0,2,9,-1,9,1,16,4,-1,-1,-1,-1,5,E01013317,1,1
2024041533658,2024,041533658,1,9,0,-1,19,7,3,-1,0,1,0,0,0,0,1,1,-1,9,1,22,5,-1,-1,-1,-1,2,E01012696,0,1
2024991514800,2024,991514800,1,9,0,-1,19,3,7,-1,0,0,0,0,0,0,3,1,-1,6,2,37,7,-1,-1,-1,-1,-1,-1,0,-1
2024501427033,2024,501427033,2,1,0,-1,19,7,1,-1,0,0,0,0,0,0,3,1,-1,9,1,39,7,-1,-1,-1,-1,3,E01018788,0,1
2024440400512,2024,440400512,2,9,0,9,9,1,5,0,0,4,0,0,0,0,1,1,6,6,3,-1,-1,-1,-1,-1,-1,-1,-1,0,-1
2024010492508,2024,010492508,1,9,9,99,99,9,9,99,99,0,9,99,9,99,9,9,6,6,3,-1,-1,-1,-1,-1,-1,-1,-1,0,-1
2024010499700,2024,010499700,2,1,0,18,19,4,8,0,0,1,0,0,0,0,3,1,2,2,1,50,8,-1,-1,-1,-1,5,E01003022,0,1
2024430154150,2024,430154150,1,1,0,18,19,6,2,9,9,0,0,0,0,0,4,1,6,6,2,45,7,-1,-1,-1,-1,8,E01028510,0,1
2024221498223,2024,221498223,1,1,0,-1,19,7,3,-1,0,8,0,0,7,0,1,1,-1,2,1,48,8,-1,-1,-1,-1,7,E01032153,0,1
2024520500079,2024,520500079,1,9,0,18,19,7,3,0,0,0,0,0,0,0,3,1,6,6,2,73,10,-1,-1,-1,-1,6,E01020433,0,2
2024010527660,2024,010527660,1,1,9,99,99,9,9,99,99,9,9,99,9,99,9,1,6,6,1,21,5,-1,-1,-1,-1,8,E01004110,0,1
2024430606903,2024,430606903,2,9,0,18,19,1,5,0,0,1,0,0,0,0,1,1,6,6,1,-1,-1,-1,-1,-1,-1,-1,-1,0,-1
2024361416720,2024,361416720,2,1,0,-1,19,2,7,-1,0,1,5,0,0,0,4,1,-1,2,2,42,7,-1,-1,-1,-1,2,E01026662,0,1
2024440065147,2024,440065147,1,9,0,18,19,4,8,0,0,4,0,0,0,0,1,1,2,2,2,37,7,-1,-1,-1,-1,9,E01022785,0,1
2024401473843,2024,401473843,1,9,-1,-1,-1,-1,-1,-1,-1,0,-1,-1,-1,0,-1,9,-1,1,1,80,11,-1,-1,-1,-1,4,E01035430,0,4
2024471461588,2024,471461588,2,1,0,-1,19,7,3,-1,0,1,0,0,0,0,1,1,-1,6,2,-1,-1,-1,-1,-1,-1,4,E01016891,0,1