collision_index,collision_year,collision_ref_no,vehicle_reference,vehicle_type,towing_and_articulation,vehicle_manoeuvre_historic,vehicle_manoeuvre,vehicle_direction_from,vehicle_direction_to,vehicle_location_restricted_lane_historic,vehicle_location_restricted_lane,junction_location,skidding_and_overturning,hit_object_in_carriageway,vehicle_leaving_carriageway,hit_object_off_carriageway,first_point_of_impact,vehicle_left_hand_drive,journey_purpose_of_driver_historic,journey_purpose_of_driver,sex_of_driver,age_of_driver,age_band_of_driver,engine_capacity_cc,propulsion_code,age_of_vehicle,generic_make_model,driver_imd_decile,lsoa_of_driver,escooter_flag,driver_distance_banding
2024430179940,2024,430179940,1,9,0,18,19,2,6,0,0,0,0,0,0,0,1,1,6,6,2,-1,-1,-1,-1,-1,-1,-1,-1,0,-1
2024201413884,2024,201413884,1,1,0,-1,19,3,7,-1,0,1,0,0,0,0,1,1,-1,1,1,-1,-1,-1,-1,-1,-1,-1,-1,0,-1
2024351500886,2024,351500886,2,1,-1,-1,4,7,3,-1,0,3,0,0,1,0,-1,1,-1,2,1,39,7,-1,-1,-1,-1,1,E01015596,0,1
2024101454637,2024,101454637,2,1,0,-1,19,5,1,-1,9,0,2,0,0,0,1,1,-1,2,1,45,7,-1,-1,-1,-1,9,E01008238,0,1
2024302401202,2024,302401202,2,22,0,18,19,4,8,0,0,2,0,0,0,0,4,1,6,6,1,42,7,-1,-1,-1,-1,2,E01019563,0,1
2024131490179,2024,131490179,1,9,0,-1,19,1,5,-1,0,8,0,0,0,0,2,1,-1,6,2,44,7,-1,-1,-1,-1,7,E01011588,0,1
2024522402924,2024,522402924,1,1,0,18,19,6,2,0,0,1,0,0,0,0,3,1,6,6,1,62,9,-1,-1,-1,-1,9,-1,0,5
2024201496018,2024,201496018,2,1,0,-1,19,5,1,-1,0,1,0,0,0,0,2,1,-1,6,1,50,8,-1,-1,-1,-1,1,E01009397,0,1
2024991445168,2024,991445168,2,9,0,-1,19,7,3,-1,0,0,0,0,0,0,2,1,-1,9,1,59,9,-1,-1,-1,-1,-1,-1,0,-1
2024411427521,2024,411427521,3,9,0,-1,19,4,8,-1,0,0,0,0,0,0,1,1,-1,6,1,31,6,-1,-1,-1,-1,5,E01023786,0,1
2024131496451,2024,131496451,1,9,0,-1,19,7,3,-1,0,8,0,0,0,0,1,1,-1,9,1,45,7,-1,-1,-1,-1,4,E01005217,0,4
2024161472588,2024,161472588,2,1,0,-1,19,4,8,-1,0,8,0,0,0,0,1,1,-1,6,1,57,9,-1,-1,-1,-1,7,E01013185,0,1
2024201434413,2024,201434413,1,99,0,-1,9,3,2,-1,0,2,0,0,0,0,4,9,-1,6,3,-1,-1,-1,-1,-1,-1,-1,-1,0,-1
2024010488800,2024,010488800,1,3,0,99,99,9,9,99,99,9,9,99,9,99,9,1,1,1,2,29,6,-1,-1,-1,-1,2,E01001509,0,2
2024332400593,2024,332400593,2,9,0,-1,19,1,5,-1,0,0,0,0,0,0,0,1,-1,8,1,33,6,-1,-1,-1,-1,-1,-1,0,-1
2024010500279,2024,010500279,3,-1,0,13,13,6,2,0,0,1,0,4,0,0,1,1,6,6,1,35,6,-1,-1,-1,-1,9,E01031838,1,4
2024010487092,2024,010487092,2,9,9,99,99,9,9,0,0,3,9,99,9,99,9,9,6,6,3,-1,-1,-1,-1,-1,-1,5,E01003757,0,2
2024070873259,2024,070873259,1,1,0,-1,19,8,4,-1,0,0,2,0,0,0,0,1,-1,9,1,54,8,-1,-1,-1,-1,8,E01018391,0,3
2024471483757,2024,471483757,2,9,0,-1,19,1,5,-1,0,0,0,0,0,0,4,1,-1,6,3,-1,-1,-1,-1,-1,-1,-1,-1,0,-1
2024401489485,2024,401489485,1,9,0,-1,7,2,4,-1,0,2,0,0,0,0,1,1,-1,6,1,88,11,-1,-1,-1,-1,8,E01017670,0,1
2024430053204,2024,430053204,3,9,0,2,2,0,0,0,0,0,0,0,0,11,1,1,6,6,3,-1,-1,-1,-1,-1,-1,-1,-1,0,-1
2024991444436,2024,991444436,2,9,0,-1,2,0,0,-1,0,0,0,0,0,0,1,1,-1,6,3,-1,-1,-1,-1,-1,-1,-1,-1,0,-1
2024010531199,2024,010531199,1,1,9,99,99,9,9,99,99,9,9,99,9,99,1,1,2,2,2,19,4,-1,-1,-1,-1,3,E01004004,0,1
2024471394521,2024,471394521,2,9,0,-1,19,3,7,-1,0,1,0,0,0,0,4,9,-1,6,1,50,8,-1,-1,-1,-1,8,E01021036,0,3
2024421474514,2024,421474514,1,1,0,-1,7,8,7,-1,0,0,2,0,7,0,1,1,-1,6,1,18,4,-1,-1,-1,-1,-1,-1,0,-1
2024522401927,2024,522401927,1,9,0,11,11,8,4,0,0,0,0,0,0,0,4,1,6,6,3,-1,-1,-1,-1,-1,-1,-1,-1,0,-1
2024622400177,2024,622400177,1,-1,0,18,19,6,2,0,0,8,0,0,0,0,1,1,2,2,1,18,4,-1,-1,-1,-1,1,W01001867,1,1
2024371490513,2024,371490513,2,9,0,-1,19,5,1,-1,0,0,0,0,0,0,4,1,-1,6,1,66,10,-1,-1,-1,-1,2,E01026596,0,4
2024052402549,2024,052402549,1,23,0,18,19,7,3,0,0,1,1,0,0,0,1,1,6,6,1,23,5,-1,-1,-1,-1,1,E01006984,0,1
2024041453631,2024,041453631,1,9,0,-1,19,-1,-1,-1,0,1,0,0,0,0,1,9,-1,6,3,-1,-1,-1,-1,-1,-1,-1,-1,0,-1
2024361501780,2024,361501780,2,1,0,-1,19,3,7,-1,9,0,0,0,0,0,1,1,-1,6,1,12,3,-1,-1,-1,-1,1,E01026690,0,1
2024430426553,2024,430426553,2,19,0,18,19,4,8,0,0,8,0,0,0,0,1,1,6,6,1,-1,-1,-1,-1,-1,-1,-1,-1,0,-1
2024371412493,2024,371412493,2,19,0,-1,19,3,7,-1,0,0,0,0,0,0,3,1,-1,6,1,47,8,-1,-1,-1,-1,9,E01030145,0,1
2024351471508,2024,351471508,2,1,0,-1,19,-1,-1,-1,4,8,0,0,0,0,1,1,-1,2,1,29,6,-1,-1,-1,-1,5,E01017954,0,1
2024010531661,2024,010531661,2,1,0,9,9,5,2,0,0,3,1,0,0,0,3,1,6,6,2,30,6,-1,-1,-1,-1,6,E01004482,0,1
2024141419583,2024,141419583,1,9,0,-1,19,2,7,-1,0,1,0,0,0,0,4,1,-1,6,1,57,9,-1,-1,-1,-1,1,E01007714,0,3
2024061430928,2024,061430928,2,22,0,-1,19,7,3,-1,0,6,0,0,0,0,1,1,-1,9,1,87,11,-1,-1,-1,-1,-1,-1,0,-1
2024010501578,2024,010501578,1,1,9,99,99,9,9,99,99,1,9,99,9,99,0,1,6,6,2,25,5,-1,-1,-1,-1,2,E01000550,0,1
2024522500302,2024,522500302,2,19,0,13,13,5,8,0,0,4,0,0,0,0,0,1,6,6,3,-1,-1,-1,-1,-1,-1,-1,-1,0,-1
2024201464912,2024,201464912,1,9,0,-1,5,3,7,-1,0,6,0,0,0,0,1,1,-1,6,-1,-1,-1,-1,-1,-1,-1,-1,-1,0,-1
2024311460425,2024,311460425,1,9,0,-1,19,3,1,-1,0,6,0,0,0,0,3,9,-1,6,3,-1,-1,-1,-1,-1,-1,-1,-1,0,-1
2024101457393,2024,101457393,1,9,0,-1,19,1,5,-1,0,8,0,0,0,0,1,1,-1,9,1,33,6,-1,-1,-1,-1,3,E01008742,0,1
2024141410993,2024,141410993,2,1,0,-1,4,3,7,-1,0,0,0,0,0,0,1,1,-1,9,1,-1,-1,-1,-1,-1,-1,9,E01013077,0,3
2024010540982,2024,010540982,1,9,0,15,15,3,7,0,0,1,9,99,0,0,4,9,6,6,3,-1,-1,-1,-1,-1,-1,-1,-1,0,-1
2024501434170,2024,501434170,1,9,0,-1,9,1,7,-1,0,6,0,0,0,0,3,1,-1,9,1,46,8,-1,-1,-1,-1,8,E01019962,0,1
2024010512104,2024,010512104,1,9,9,7,7,5,7,99,99,5,9,0,7,0,1,9,6,6,3,-1,-1,-1,-1,-1,-1,-1,-1,0,-1
2024010509861,2024,010509861,5,9,0,2,2,0,0,9,9,0,0,0,0,0,3,1,6,6,3,-1,-1,-1,-1,-1,-1,-1,-1,0,-1
2024231476132,2024,231476132,2,5,0,-1,19,4,8,-1,0,8,1,0,0,0,1,1,-1,9,1,40,7,-1,-1,-1,-1,8,E01033250,0,1
2024010521928,2024,010521928,1,1,9,18,19,9,9,2,2,0,9,99,9,99,1,1,6,6,1,27,6,-1,-1,-1,-1,2,E01003253,0,1
2024622400709,2024,622400709,3,8,0,18,19,4,8,0,0,1,0,0,0,0,3,1,1,1,1,23,5,-1,-1,-1,-1,2,W01001261,0,1
2024522401140,2024,522401140,1,9,0,4,4,6,2,0,0,0,0,0,0,0,2,1,6,6,1,30,6,-1,-1,-1,-1,1,E01014658,0,2
2024440336581,2024,440336581,1,1,0,18,19,9,9,0,0,8,0,0,0,0,9,1,6,6,1,72,10,-1,-1,-1,-1,9,E01023064,0,1
2024010498276,2024,010498276,1,3,0,99,99,9,9,99,99,9,9,99,9,99,9,1,1,1,3,27,6,-1,-1,-1,-1,2,E01002075,0,1
2024311512079,2024,311512079,2,9,0,-1,19,2,6,-1,0,8,0,0,0,0,1,1,-1,6,1,23,5,-1,-1,-1,-1,4,E01032613,0,3
2024010516502,2024,010516502,1,1,9,99,99,9,9,99,99,0,9,99,9,99,0,1,2,2,1,35,6,-1,-1,-1,-1,6,E01001245,0,1
2024010510586,2024,010510586,2,19,9,99,99,9,9,99,99,9,9,99,9,99,9,9,6,6,3,-1,-1,-1,-1,-1,-1,-1,-1,0,-1
2024010550032,2024,010550032,1,10,0,18,19,6,2,0,0,1,0,0,3,0,1,1,6,6,3,-1,-1,-1,-1,-1,-1,-1,-1,0,-1
2024991480507,2024,991480507,1,9,0,-1,19,6,3,-1,0,2,0,0,0,0,4,9,-1,6,3,-1,-1,-1,-1,-1,-1,-1,-1,0,-1
2024101499757,2024,101499757,1,9,0,-1,19,5,1,-1,0,1,0,0,0,0,1,1,-1,9,1,71,10,-1,-1,-1,-1,4,E01008779,0,1
2024221532518,2024,221532518,1,1,0,-1,19,2,6,-1,0,2,0,0,0,0,2,1,-1,6,1,32,6,-1,-1,-1,-1,1,E01032434,0,1
2024546568924,2024,546568924,1,1,0,18,19,4,8,0,0,0,0,0,0,0,1,1,6,6,1,34,6,-1,-1,-1,-1,9,E01032695,0,1
2024411520957,2024,411520957,2,1,0,-1,19,6,2,-1,0,8,5,0,0,0,1,1,-1,9,1,17,4,-1,-1,-1,-1,2,E01023641,0,1
2024991536030,2024,991536030,1,9,0,-1,19,3,7,-1,0,1,0,0,0,0,4,1,-1,9,2,52,8,-1,-1,-1,-1,8,-1,0,1
2024010523914,2024,010523914,1,9,0,9,9,5,3,0,0,5,0,0,0,0,3,1,6,6,2,64,9,-1,-1,-1,-1,5,E01001157,0,1
2024461406048,2024,461406048,4,9,0,-1,19,1,5,-1,0,1,0,0,0,0,0,9,-1,6,3,-1,-1,-1,-1,-1,-1,-1,-1,0,-1
2024131450859,2024,131450859,1,9,0,-1,-1,-1,-1,-1,-1,8,-1,-1,-1,0,-1,1,-1,6,3,-1,-1,-1,-1,-1,-1,-1,-1,0,-1
2024010544837,2024,010544837,1,1,9,99,99,9,9,99,99,9,9,99,9,99,9,1,2,2,1,43,7,-1,-1,-1,-1,10,E01000283,0,2
2024351414070,2024,351414070,1,9,-1,-1,-1,6,1,-1,-1,-1,1,0,0,0,-1,9,-1,6,3,-1,-1,-1,-1,-1,-1,-1,-1,0,-1
2024311535685,2024,311535685,2,9,0,-1,4,2,6,-1,0,1,0,0,1,0,2,1,-1,9,1,67,10,-1,-1,-1,-1,-1,-1,0,-1
2024201416694,2024,201416694,1,9,0,-1,7,3,5,-1,0,5,0,0,0,0,1,9,-1,6,3,-1,-1,-1,-1,-1,-1,-1,-1,0,-1
2024010493588,2024,010493588,2,1,0,7,7,5,6,0,0,8,0,0,0,0,1,1,2,2,2,29,6,-1,-1,-1,-1,3,E01000024,0,1
2024411399544,2024,411399544,1,9,0,-1,19,4,1,-1,0,1,0,0,0,0,4,9,-1,6,3,-1,-1,-1,-1,-1,-1,-1,-1,0,-1
2024101477820,2024,101477820,2,1,0,-1,19,6,2,-1,0,0,2,0,1,0,0,1,-1,9,1,66,10,-1,-1,-1,-1,9,E01027367,0,3
2024221462448,2024,221462448,1,9,0,-1,19,8,2,-1,0,0,0,0,0,0,1,1,-1,6,1,25,5,-1,-1,-1,-1,-1,-1,0,-1
2024111501226,2024,111501226,2,9,0,-1,19,7,4,-1,0,1,0,0,0,0,1,1,-1,9,1,37,7,-1,-1,-1,-1,9,E01012336,0,1
2024010559786,2024,010559786,1,9,0,99,99,9,9,0,0,0,9,0,0,0,1,9,6,6,1,-1,-1,-1,-1,-1,-1,-1,-1,0,-1
2024440256724,2024,440256724,2,1,0,18,19,5,1,0,0,2,0,0,0,0,3,1,6,6,1,39,7,-1,-1,-1,-1,-1,-1,0,-1
2024010551498,2024,010551498,2,1,9,18,19,9,9,99,99,9,9,99,9,99,1,1,6,6,1,28,6,-1,-1,-1,-1,6,E01002662,0,3
2024131520140,2024,131520140,1,9,0,-1,5,1,5,-1,0,1,0,0,0,0,1,1,-1,9,1,21,5,-1,-1,-1,-1,4,E01011669,0,1
2024031423809,2024,031423809,1,9,0,-1,19,2,6,-1,0,0,0,0,7,4,3,1,-1,9,1,18,4,-1,-1,-1,-1,5,E01019298,0,2
2024201456856,2024,201456856,1,9,0,-1,19,6,2,-1,0,0,0,0,0,0,1,9,-1,2,1,56,9,-1,-1,-1,-1,-1,-1,0,-1
2024302400816,2024,302400816,2,19,0,17,19,6,3,0,0,8,0,0,0,0,4,1,3,7,1,57,9,-1,-1,-1,-1,1,E01013481,0,2
2024221522266,2024,221522266,1,9,0,-1,19,1,6,-1,0,8,0,0,0,0,1,1,-1,6,1,81,11,-1,-1,-1,-1,5,E01014017,0,3
2024371532798,2024,371532798,2,1,0,-1,10,3,1,-1,0,8,0,0,0,0,1,1,-1,6,1,74,10,-1,-1,-1,-1,8,E01033047,0,1
2024991467598,2024,991467598,2,9,0,-1,19,7,4,-1,0,0,0,0,0,0,1,1,-1,6,2,42,7,-1,-1,-1,-1,-1,-1,0,-1
2024061402106,2024,061402106,1,9,0,-1,19,-1,-1,-1,0,0,0,0,0,0,-1,1,-1,6,3,-1,-1,-1,-1,-1,-1,-1,-1,0,-1
2024461433435,2024,461433435,1,9,0,-1,19,1,5,-1,0,0,0,0,0,0,-1,9,-1,9,1,-1,-1,-1,-1,-1,-1,-1,-1,0,-1
2024311498559,2024,311498559,1,9,0,-1,9,5,1,-1,0,1,0,0,0,0,3,1,-1,6,1,52,8,-1,-1,-1,-1,-1,-1,0,-1
2024010537092,2024,010537092,2,-1,0,18,19,3,7,0,0,0,0,0,0,0,1,1,4,7,1,17,4,-1,-1,-1,-1,2,E01004007,1,1
2024430504967,2024,430504967,1,-1,0,18,19,8,4,0,0,0,0,0,0,10,1,1,6,6,1,31,6,-1,-1,-1,-1,6,E01028523,1,1
2024440136698,2024,440136698,1,1,0,18,19,4,8,0,0,2,0,0,0,0,0,1,6,6,1,54,8,-1,-1,-1,-1,7,E01022562,0,4
2024010494350,2024,010494350,2,9,0,99,99,9,9,99,99,9,9,99,9,99,9,9,6,6,3,-1,-1,-1,-1,-1,-1,-1,-1,0,-1
2024201454653,2024,201454653,2,9,0,-1,8,3,5,-1,0,1,0,0,0,0,2,9,-1,6,1,-1,-1,-1,-1,-1,-1,-1,-1,0,-1
2024440019717,2024,440019717,2,1,0,18,19,2,6,0,0,8,0,0,0,0,1,1,6,6,1,18,4,-1,-1,-1,-1,6,E01017066,0,1
2024141458199,2024,141458199,2,1,0,-1,19,3,7,-1,0,1,0,0,0,0,1,1,-1,6,1,12,3,-1,-1,-1,-1,2,E01007654,0,1
2024010492651,2024,010492651,2,9,0,18,19,1,5,0,0,8,0,0,0,0,1,1,6,6,3,-1,-1,-1,-1,-1,-1,-1,-1,0,-1
2024010495379,2024,010495379,1,97,0,99,99,9,9,99,99,9,9,99,9,99,1,1,6,6,2,44,7,-1,-1,-1,-1,2,E01001559,0,1
2024111427560,2024,111427560,1,8,0,-1,5,2,6,-1,0,0,0,0,0,0,4,1,-1,1,1,30,6,-1,-1,-1,-1,-1,-1,0,-1
2024221469374,2024,221469374,1,9,0,-1,14,1,5,-1,0,0,0,4,0,0,1,9,-1,6,2,27,6,-1,-1,-1,-1,-1,-1,0,-1
2024041458910,2024,041458910,2,9,0,-1,2,1,1,-1,0,0,0,4,0,0,4,1,-1,6,-1,-1,-1,-1,-1,-1,-1,-1,-1,0,-1
2024430154526,2024,430154526,2,20,0,18,19,8,4,0,0,1,0,0,0,0,4,1,6,6,3,-1,-1,-1,-1,-1,-1,-1,-1,0,-1
2024010550498,2024,010550498,2,9,0,99,99,9,9,99,99,0,9,99,9,99,2,9,6,6,1,58,9,-1,-1,-1,-1,10,E01000445,0,1
2024311453229,2024,311453229,1,1,0,-1,4,2,6,-1,0,1,5,0,0,0,4,1,-1,6,1,31,6,-1,-1,-1,-1,7,E01028100,0,1
2024010497250,2024,010497250,1,11,0,5,5,5,1,0,0,1,0,0,0,0,0,1,1,1,1,34,6,-1,-1,-1,-1,2,E01034476,0,1
2024010518881,2024,010518881,2,1,0,18,19,5,1,5,5,1,0,4,0,0,1,1,6,6,1,70,10,-1,-1,-1,-1,7,E01004529,0,1
2024201457309,2024,201457309,2,1,0,-1,19,8,4,-1,0,8,0,0,0,0,4,1,-1,6,1,44,7,-1,-1,-1,-1,3,E01033620,0,1
2024221455840,2024,221455840,1,9,0,-1,9,3,1,-1,0,6,0,0,0,0,1,1,-1,9,1,46,8,-1,-1,-1,-1,7,E01014006,0,1
2024041494600,2024,041494600,1,9,0,-1,19,8,4,-1,0,1,0,0,0,0,1,1,-1,9,1,70,10,-1,-1,-1,-1,1,E01025045,0,2
2024231440808,2024,231440808,2,9,0,-1,19,2,8,-1,0,0,0,0,0,0,0,9,-1,6,3,45,7,-1,-1,-1,-1,-1,-1,0,-1
2024131394076,2024,131394076,2,1,0,-1,19,2,6,-1,0,1,0,0,0,0,3,1,-1,6,1,57,9,-1,-1,-1,-1,4,E01016673,0,5
2024440459801,2024,440459801,1,1,0,18,19,1,5,0,0,0,0,0,0,0,3,1,6,6,1,57,9,-1,-1,-1,-1,7,E01017323,0,1
2024201408545,2024,201408545,1,9,0,-1,19,5,1,-1,0,1,0,0,0,0,1,9,-1,6,3,40,7,-1,-1,-1,-1,-1,-1,0,-1
2024332400537,2024,332400537,2,-1,0,-1,19,4,8,-1,0,0,0,0,0,0,1,1,-1,6,2,26,6,-1,-1,-1,-1,3,E01013625,1,1
2024552500126,2024,552500126,2,1,0,9,9,3,1,0,0,8,0,0,0,0,4,1,2,2,1,54,8,-1,-1,-1,-1,7,E01020361,0,1
202454C159424,2024,54C159424,1,9,0,9,9,8,2,0,0,6,0,0,0,0,1,1,6,6,1,38,7,-1,-1,-1,-1,-1,-1,0,-1
2024010503982,2024,010503982,1,9,0,6,6,3,3,0,0,8,0,0,0,0,2,1,6,6,3,-1,-1,-1,-1,-1,-1,-1,-1,0,-1
2024451432361,2024,451432361,1,98,0,-1,19,7,3,-1,0,1,1,0,0,0,1,1,-1,1,1,52,8,-1,-1,-1,-1,9,E01030313,0,2
2024010495317,2024,010495317,2,9,0,99,99,9,9,99,99,0,9,99,9,99,9,9,6,6,3,-1,-1,-1,-1,-1,-1,-1,-1,0,-1
2024010530313,2024,010530313,2,9,0,99,99,9,9,99,99,9,9,99,9,99,9,9,6,6,3,-1,-1,-1,-1,-1,-1,-1,-1,0,-1
2024010497581,2024,010497581,2,1,0,7,7,1,3,0,0,2,0,0,0,0,1,1,1,1,1,27,6,-1,-1,-1,-1,5,E01000591,0,3
2024991480893,2024,991480893,1,90,0,-1,13,7,3,-1,0,6,1,0,0,0,4,1,-1,6,1,16,4,-1,-1,-1,-1,9,-1,0,1
2024991463738,2024,991463738,1,1,0,-1,19,8,4,-1,0,0,0,8,0,0,1,1,-1,2,2,61,9,-1,-1,-1,-1,1,-1,0,1
2024520403060,2024,520403060,1,1,0,18,19,7,3,0,0,0,0,0,0,0,3,1,6,6,1,56,9,-1,-1,-1,-1,3,E01029248,0,1
2024141491109,2024,141491109,1,97,0,-1,19,2,6,-1,0,1,2,0,0,0,0,1,-1,9,1,57,9,-1,-1,-1,-1,5,E01007347,0,1
2024421502671,2024,421502671,1,1,0,-1,9,1,5,-1,0,0,0,0,0,0,3,1,-1,2,1,61,9,-1,-1,-1,-1,2,E01021303,0,2
2024061432374,2024,061432374,1,1,0,-1,13,7,3,-1,0,2,0,0,0,0,1,1,-1,2,1,34,6,-1,-1,-1,-1,3,E01033979,0,1
2024010486821,2024,010486821,1,9,0,99,99,9,9,99,99,9,9,99,9,99,9,9,6,6,1,20,4,-1,-1,-1,-1,4,E01023783,0,4
2024430071501,2024,430071501,2,1,0,18,19,3,7,0,0,8,0,0,0,0,1,1,6,6,2,38,7,-1,-1,-1,-1,4,E01016498,0,1
2024010494587,2024,010494587,1,9,0,18,19,3,7,0,0,2,0,0,0,0,1,1,1,1,1,30,6,-1,-1,-1,-1,1,E01002773,0,3
2024010488029,2024,010488029,1,3,0,99,99,9,9,99,99,9,9,99,9,99,1,1,6,6,1,26,6,-1,-1,-1,-1,7,E01033463,0,2
2024430045542,2024,430045542,1,9,0,9,9,3,1,0,0,6,0,0,0,0,2,1,6,6,2,42,7,-1,-1,-1,-1,4,E01016485,0,1
2024010489874,2024,010489874,2,1,0,18,19,7,3,5,5,8,0,0,0,0,1,1,6,6,1,26,6,-1,-1,-1,-1,4,E01034027,0,1
2024440075974,2024,440075974,1,19,0,5,5,8,4,0,0,1,0,0,0,0,1,1,1,1,3,-1,-1,-1,-1,-1,-1,-1,-1,0,-1
2024221414547,2024,221414547,2,1,0,-1,19,3,7,-1,0,8,0,0,0,0,1,1,-1,6,1,43,7,-1,-1,-1,-1,7,E01028939,0,3
2024041468511,2024,041468511,2,1,0,-1,19,8,4,-1,0,8,0,0,0,0,4,1,-1,6,1,25,5,-1,-1,-1,-1,6,E01025027,0,1
2024201404476,2024,201404476,1,9,0,-1,19,2,4,-1,0,5,0,0,0,0,1,1,-1,6,2,-1,-1,-1,-1,-1,-1,-1,-1,0,-1
2024010520509,2024,010520509,2,1,0,18,19,1,5,0,0,1,0,0,0,0,3,1,1,1,1,22,5,-1,-1,-1,-1,2,E01004214,0,1
2024010502026,2024,010502026,2,98,0,99,99,9,9,99,99,0,9,99,9,99,2,9,6,6,3,-1,-1,-1,-1,-1,-1,-1,-1,0,-1
2024131505106,2024,131505106,1,98,0,-1,-1,-1,-1,-1,-1,-1,-1,-1,-1,-1,-1,1,-1,6,3,-1,-1,-1,-1,-1,-1,-1,-1,0,-1
2024451458843,2024,451458843,1,1,0,-1,19,7,3,-1,0,1,0,0,0,0,1,1,-1,9,1,51,8,-1,-1,-1,-1,7,E01030850,0,2
2024451534661,2024,451534661,1,9,0,-1,19,1,5,-1,0,0,0,0,0,0,1,1,-1,6,1,25,5,-1,-1,-1,-1,6,E01030833,0,1
2024010546433,2024,010546433,1,1,9,99,99,9,9,4,4,9,9,99,9,99,9,1,6,6,1,16,4,-1,-1,-1,-1,3,E01003089,0,1
2024010547198,2024,010547198,1,1,9,99,99,9,9,99,99,1,9,99,9,99,9,1,6,6,1,22,5,-1,-1,-1,-1,3,E01001812,0,1
2024430593714,2024,430593714,2,1,0,18,19,2,6,0,0,1,0,0,0,0,1,1,6,6,1,17,4,-1,-1,-1,-1,10,E01028710,0,1
2024552401083,2024,552401083,1,1,0,18,19,3,7,0,0,0,0,0,0,0,3,1,4,7,1,12,3,-1,-1,-1,-1,8,E01020344,0,1
2024461424445,2024,461424445,1,97,0,-1,13,6,2,-1,0,1,0,0,0,0,4,1,-1,6,3,-1,-1,-1,-1,-1,-1,-1,-1,0,-1
2024471409482,2024,471409482,2,9,0,-1,19,7,2,-1,0,8,0,0,0,0,3,1,-1,9,2,38,7,-1,-1,-1,-1,1,E01020994,0,1
2024461471501,2024,461471501,2,1,0,-1,19,-1,-1,-1,0,0,0,0,0,0,-1,1,-1,6,1,39,7,-1,-1,-1,-1,1,E01024507,0,1
2024332401126,2024,332401126,2,1,0,-1,19,4,8,-1,0,0,0,0,0,0,1,1,-1,6,1,51,8,-1,-1,-1,-1,1,E01013755,0,1
2024531484716,2024,531484716,5,1,0,-1,19,8,4,-1,0,0,0,0,0,0,0,1,-1,9,2,40,7,-1,-1,-1,-1,10,E01022197,0,2
2024221533536,2024,221533536,1,9,0,-1,19,2,8,-1,0,0,2,0,7,11,1,9,-1,9,1,26,6,-1,-1,-1,-1,5,E01014021,0,1
2024430426553,2024,430426553,1,1,0,18,19,2,6,9,9,8,0,0,0,0,4,1,6,6,1,24,5,-1,-1,-1,-1,9,E01016292,0,1
2024010525072,2024,010525072,1,19,0,13,13,3,7,0,0,0,0,0,0,0,4,1,6,6,3,-1,-1,-1,-1,-1,-1,-1,-1,0,-1
2024545074724,2024,545074724,1,9,0,18,19,1,5,0,0,4,0,0,0,0,1,1,6,6,2,45,7,-1,-1,-1,-1,5,E01031845,0,4
2024201433419,2024,201433419,1,9,0,-1,1,3,1,-1,0,6,0,0,0,0,4,9,-1,2,1,40,7,-1,-1,-1,-1,1,E01009963,0,2
2024211534129,2024,211534129,1,9,0,-1,5,3,2,-1,0,0,0,0,0,0,1,1,-1,6,2,87,11,-1,-1,-1,-1,10,E01029674,0,1
2024421473199,2024,421473199,2,19,0,-1,13,7,3,-1,0,0,1,0,0,0,4,1,-1,6,3,-1,-1,-1,-1,-1,-1,-1,-1,0,-1
2024141506125,2024,141506125,2,9,0,-1,5,1,5,-1,0,2,0,0,1,0,1,1,-1,6,2,38,7,-1,-1,-1,-1,1,E01007947,0,2
2024010531417,2024,010531417,2,10,0,99,99,9,9,99,99,9,9,99,9,99,9,9,6,6,3,-1,-1,-1,-1,-1,-1,-1,-1,0,-1
2024501420900,2024,501420900,2,1,0,-1,12,6,2,-1,4,1,0,0,0,0,2,1,-1,2,1,35,6,-1,-1,-1,-1,1,E01015080,0,1
2024211483348,2024,211483348,1,9,0,-1,19,3,7,-1,0,0,0,0,1,0,1,1,-1,6,1,59,9,-1,-1,-1,-1,2,E01029691,0,1
2024010491359,2024,010491359,1,9,0,18,19,8,4,0,0,0,0,0,0,0,1,1,6,6,3,-1,-1,-1,-1,-1,-1,-1,-1,0,-1
2024461399047,2024,461399047,1,9,0,-1,19,5,1,-1,0,0,1,0,0,0,1,1,-1,7,2,48,8,-1,-1,-1,-1,4,E01024032,0,1
2024351500533,2024,351500533,2,1,0,-1,19,-1,-1,-1,0,0,2,0,7,0,1,1,-1,7,1,16,4,-1,-1,-1,-1,7,E01018294,0,1
2024421423679,2024,421423679,2,1,0,-1,19,7,2,-1,0,4,0,0,0,0,1,1,-1,9,1,49,8,-1,-1,-1,-1,5,E01021678,0,2
2024010524059,2024,010524059,2,1,0,18,19,5,1,4,4,1,0,0,0,0,4,1,6,6,1,26,6,-1,-1,-1,-1,3,E01003183,0,1
2024461528117,2024,461528117,2,9,0,-1,4,7,3,-1,0,0,0,0,0,0,2,9,-1,9,1,44,7,-1,-1,-1,-1,9,E01000648,0,3
2024201434292,2024,201434292,1,9,0,-1,14,1,5,-1,0,0,0,0,0,0,3,1,-1,6,2,-1,-1,-1,-1,-1,-1,-1,-1,0,-1
202454B738024,2024,54B738024,1,9,0,18,19,4,8,0,0,8,0,0,0,0,1,1,6,6,1,34,6,-1,-1,-1,-1,8,E01032688,0,1
2024101440279,2024,101440279,1,97,0,-1,19,5,1,-1,0,8,0,0,0,0,1,1,-1,6,3,18,4,-1,-1,-1,-1,-1,-1,0,-1
2024010545723,2024,010545723,2,90,9,99,99,9,9,99,99,9,9,99,9,99,9,9,6,6,3,-1,-1,-1,-1,-1,-1,4,E01001182,0,1
2024101523129,2024,101523129,1,-1,0,-1,19,4,8,-1,0,8,0,0,0,0,1,1,-1,6,1,-1,-1,-1,-1,-1,-1,-1,-1,1,-1
2024201450978,2024,201450978,2,1,0,-1,19,7,3,-1,0,0,0,0,0,0,1,1,-1,9,1,33,6,-1,-1,-1,-1,10,E01009470,0,2
2024010544897,2024,010544897,1,9,0,5,5,1,5,0,0,8,0,0,0,0,1,1,6,6,3,-1,-1,-1,-1,-1,-1,-1,-1,0,-1
2024351486372,2024,351486372,2,1,0,-1,19,5,1,-1,0,8,0,0,0,0,3,1,-1,6,2,36,7,-1,-1,-1,-1,7,E01035525,0,1