collision_index,collision_year,collision_ref_no,vehicle_reference,vehicle_type,towing_and_articulation,vehicle_manoeuvre_historic,vehicle_manoeuvre,vehicle_direction_from,vehicle_direction_to,vehicle_location_restricted_lane_historic,vehicle_location_restricted_lane,junction_location,skidding_and_overturning,hit_object_in_carriageway,vehicle_leaving_carriageway,hit_object_off_carriageway,first_point_of_impact,vehicle_left_hand_drive,journey_purpose_of_driver_historic,journey_purpose_of_driver,sex_of_driver,age_of_driver,age_band_of_driver,engine_capacity_cc,propulsion_code,age_of_vehicle,generic_make_model,driver_imd_decile,lsoa_of_driver,escooter_flag,driver_distance_banding
2024471495179,2024,471495179,1,1,0,-1,19,3,7,-1,0,8,5,0,0,0,1,1,-1,9,2,59,9,-1,-1,-1,-1,10,E01031759,0,1
202460Q152339,2024,60Q152339,1,9,0,18,19,1,5,0,0,0,0,0,0,0,1,1,6,6,2,-1,-1,-1,-1,-1,-1,-1,-1,0,-1
2024522401725,2024,522401725,2,1,0,18,19,9,9,0,0,0,0,0,0,0,1,1,6,6,3,-1,-1,-1,-1,-1,-1,-1,-1,0,-1
2024010493584,2024,010493584,1,1,9,18,19,9,9,99,99,9,9,99,9,99,1,1,2,2,1,54,8,-1,-1,-1,-1,10,E01030447,0,4
2024122400433,2024,122400433,1,9,0,5,5,7,5,0,0,8,0,0,0,0,3,1,6,6,1,39,7,-1,-1,-1,-1,9,E01027687,0,1
2024461431700,2024,461431700,2,9,0,-1,10,-1,-1,-1,0,0,0,0,0,0,3,9,-1,6,1,56,9,-1,-1,-1,-1,8,E01034990,0,1
2024010537077,2024,010537077,1,1,9,99,99,9,9,99,99,1,9,99,9,99,9,1,2,2,2,38,7,-1,-1,-1,-1,4,E01000976,0,2
2024991496983,2024,991496983,2,1,-1,-1,-1,3,7,-1,-1,-1,-1,-1,-1,0,-1,1,-1,2,1,42,7,-1,-1,-1,-1,10,-1,0,1
2024061454174,2024,061454174,1,9,0,-1,19,1,4,-1,0,0,0,4,0,0,1,1,-1,6,1,35,6,-1,-1,-1,-1,1,E01006267,0,1
2024332400554,2024,332400554,2,9,0,-1,19,7,3,-1,0,8,1,0,0,0,1,1,-1,2,1,28,6,-1,-1,-1,-1,7,E01025963,0,2
2024201461567,2024,201461567,2,9,0,-1,7,5,1,-1,0,1,0,0,0,0,0,9,-1,6,3,-1,-1,-1,-1,-1,-1,-1,-1,0,-1
2024543574524,2024,543574524,1,9,0,9,9,7,5,0,0,5,0,0,0,0,1,1,6,6,1,56,9,-1,-1,-1,-1,3,E01031914,0,1
2024430108384,2024,430108384,2,9,0,18,19,2,6,0,0,1,0,0,0,0,1,1,6,6,3,-1,-1,-1,-1,-1,-1,-1,-1,0,-1
2024501469246,2024,501469246,2,1,0,-1,7,1,7,-1,0,1,5,0,0,0,3,1,-1,6,1,57,9,-1,-1,-1,-1,7,E01015107,0,2
2024010526986,2024,010526986,2,1,0,18,19,7,3,0,0,1,0,0,0,0,1,1,6,6,1,41,7,-1,-1,-1,-1,2,E01001588,0,1
2024070958769,2024,070958769,2,9,0,-1,19,6,2,-1,0,8,1,0,0,0,2,1,-1,6,2,19,4,-1,-1,-1,-1,2,E01018701,0,1
2024211464792,2024,211464792,1,9,-1,-1,-1,-1,-1,-1,-1,0,-1,-1,-1,0,-1,9,-1,6,3,-1,-1,-1,-1,-1,-1,-1,-1,0,-1
2024161434449,2024,161434449,2,9,0,-1,19,2,6,-1,0,0,0,0,0,0,1,9,-1,6,3,-1,-1,-1,-1,-1,-1,-1,-1,0,-1
2024311424388,2024,311424388,2,-1,0,-1,19,8,4,-1,0,8,0,0,0,0,1,1,-1,2,1,42,7,-1,-1,-1,-1,2,E01013866,1,1
2024461457854,2024,461457854,1,9,0,-1,19,3,7,-1,0,0,1,10,1,0,1,2,-1,6,1,54,8,-1,-1,-1,-1,-1,-1,0,-1
2024522402315,2024,522402315,2,9,0,9,9,2,8,0,0,6,0,0,0,0,1,1,6,6,2,-1,-1,-1,-1,-1,-1,5,E01014627,0,1
2024041463711,2024,041463711,2,17,0,-1,19,1,5,-1,0,0,0,0,0,0,1,1,-1,1,1,57,9,-1,-1,-1,-1,9,E01025319,0,1
2024052402089,2024,052402089,1,9,0,9,9,7,5,0,0,1,0,0,0,0,1,1,6,6,1,52,8,-1,-1,-1,-1,4,E01006833,0,1
2024010487468,2024,010487468,2,9,0,10,10,5,3,0,0,5,0,0,0,0,0,1,6,6,1,51,8,-1,-1,-1,-1,7,E01002222,0,1
2024531466326,2024,531466326,1,9,0,-1,19,3,7,-1,0,0,0,0,0,0,1,2,-1,6,1,30,6,-1,-1,-1,-1,-1,-1,0,-1
2024471528529,2024,471528529,1,9,0,-1,9,1,8,-1,0,2,0,0,0,0,1,9,-1,6,3,-1,-1,-1,-1,-1,-1,-1,-1,0,-1
2024010539124,2024,010539124,1,1,0,18,19,5,1,0,0,1,5,0,0,0,4,1,2,2,1,43,7,-1,-1,-1,-1,10,E01002951,0,2
2024131508214,2024,131508214,1,3,0,-1,19,1,5,-1,0,8,-1,-1,-1,-1,1,1,-1,6,1,18,4,-1,-1,-1,-1,1,E01010828,0,1
2024201475263,2024,201475263,2,9,0,-1,19,4,8,-1,0,0,0,0,0,0,1,9,-1,6,3,40,7,-1,-1,-1,-1,-1,-1,0,-1
2024010524864,2024,010524864,2,4,0,18,19,8,4,0,0,8,0,0,0,0,1,1,6,6,1,44,7,-1,-1,-1,-1,-1,-1,0,-1
2024531505447,2024,531505447,2,-1,0,-1,19,4,8,-1,0,3,0,0,0,0,4,9,-1,2,1,44,7,-1,-1,-1,-1,10,E01034780,1,1
2024010548584,2024,010548584,2,9,0,99,99,9,9,99,99,9,9,99,9,99,2,9,6,6,3,-1,-1,-1,-1,-1,-1,-1,-1,0,-1
2024010549476,2024,010549476,1,1,9,99,99,9,9,99,99,9,9,99,9,99,1,1,6,6,2,13,3,-1,-1,-1,-1,2,E01002767,0,1
2024421398114,2024,421398114,2,9,0,-1,2,0,0,-1,0,0,0,0,0,0,3,1,-1,6,-1,-1,-1,-1,-1,-1,-1,-1,-1,0,-1
2024010551301,2024,010551301,1,9,0,99,99,9,9,99,99,0,9,99,9,99,2,9,6,6,2,38,7,-1,-1,-1,-1,2,E01003508,0,1
2024440446540,2024,440446540,2,9,0,9,9,3,7,0,0,5,-1,0,0,0,1,1,6,6,3,-1,-1,-1,-1,-1,-1,-1,-1,0,-1
2024041449640,2024,041449640,1,1,0,-1,19,1,5,-1,0,0,0,0,0,0,2,1,-1,7,1,11,3,-1,-1,-1,-1,4,E01012701,0,1
2024440135496,2024,440135496,2,9,0,2,2,0,0,0,0,0,0,0,0,0,3,1,6,6,3,-1,-1,-1,-1,-1,-1,-1,-1,0,-1
2024010496190,2024,010496190,2,4,0,99,99,9,9,99,99,9,9,99,9,99,1,1,6,6,3,-1,-1,-1,-1,-1,-1,3,E01034045,0,3
2024141454726,2024,141454726,2,9,0,-1,12,7,3,-1,0,0,0,4,0,0,3,9,-1,6,3,-1,-1,-1,-1,-1,-1,-1,-1,0,-1
2024201530367,2024,201530367,1,9,0,-1,5,2,6,-1,0,1,0,0,0,0,0,9,-1,6,3,24,5,-1,-1,-1,-1,-1,-1,0,-1
2024010521789,2024,010521789,1,90,0,99,99,9,9,99,99,9,9,99,9,99,1,9,6,6,3,-1,-1,-1,-1,-1,-1,4,E01002446,0,1
2024430274956,2024,430274956,1,9,0,9,9,4,2,0,0,6,0,0,0,0,3,1,2,2,1,83,11,-1,-1,-1,-1,7,E01017652,0,1
2024552400435,2024,552400435,1,9,0,18,19,2,6,0,0,8,0,0,0,0,1,1,6,6,3,-1,-1,-1,-1,-1,-1,-1,-1,0,-1
2024520401294,2024,520401294,2,3,0,18,19,5,1,0,0,8,0,0,0,0,3,1,6,6,1,31,6,-1,-1,-1,-1,6,E01029135,0,1
2024010510264,2024,010510264,2,1,0,13,13,8,4,0,0,0,0,0,0,0,1,1,6,6,1,41,7,-1,-1,-1,-1,9,E01001299,0,1
2024010488817,2024,010488817,1,3,0,99,99,9,9,99,99,9,9,99,9,99,9,1,6,6,3,35,6,-1,-1,-1,-1,4,E01004150,0,2
2024010540083,2024,010540083,1,9,0,18,19,5,1,0,0,1,0,0,0,0,1,1,6,6,3,-1,-1,-1,-1,-1,-1,-1,-1,0,-1
2024010541902,2024,010541902,2,1,0,14,14,5,1,0,0,1,0,0,0,0,1,1,2,2,1,15,3,-1,-1,-1,-1,2,E01001555,0,1
2024010550645,2024,010550645,2,9,0,5,5,7,3,0,0,0,0,99,0,0,1,1,6,6,1,-1,-1,-1,-1,-1,-1,5,E01000664,0,4
2024041488106,2024,041488106,3,9,0,-1,3,3,7,-1,0,0,0,0,0,0,2,1,-1,9,1,25,5,-1,-1,-1,-1,6,E01025486,0,4
2024010494543,2024,010494543,1,9,0,99,99,9,9,99,99,0,9,99,9,99,2,9,2,2,1,60,9,-1,-1,-1,-1,5,E01003198,0,1
2024141510697,2024,141510697,1,1,0,-1,4,1,5,-1,0,1,0,0,0,0,1,1,-1,6,2,29,6,-1,-1,-1,-1,4,E01007850,0,1
2024010543310,2024,010543310,1,1,9,99,99,9,9,99,99,9,9,99,9,99,9,1,2,2,2,38,7,-1,-1,-1,-1,3,E01004573,0,1
2024131457018,2024,131457018,3,9,0,-1,2,0,0,-1,0,8,0,0,0,0,3,1,-1,6,-1,-1,-1,-1,-1,-1,-1,-1,-1,0,-1
202454B755224,2024,54B755224,1,9,0,18,19,1,5,0,0,3,0,0,0,0,1,1,6,6,2,20,4,-1,-1,-1,-1,-1,-1,0,-1
2024052401208,2024,052401208,1,9,0,9,9,6,4,0,0,1,0,0,0,0,1,1,6,6,3,-1,-1,-1,-1,-1,-1,-1,-1,0,-1
2024061512609,2024,061512609,2,9,0,-1,19,5,5,-1,0,6,0,0,0,0,1,1,-1,9,1,43,7,-1,-1,-1,-1,2,E01011236,0,4
2024631475666,2024,631475666,2,9,0,-1,19,6,2,-1,0,0,0,0,0,0,0,1,-1,6,2,18,4,-1,-1,-1,-1,1,W01000600,0,2
2024141486482,2024,141486482,2,9,0,-1,19,3,7,-1,0,2,0,0,0,0,1,1,-1,1,1,63,9,-1,-1,-1,-1,2,E01007457,0,1
2024421469008,2024,421469008,2,1,0,-1,19,1,5,-1,0,1,2,0,0,0,1,1,-1,6,2,38,7,-1,-1,-1,-1,-1,-1,0,-1
2024302400492,2024,302400492,1,9,0,17,19,4,1,0,0,0,0,0,0,0,1,1,6,6,3,-1,-1,-1,-1,-1,-1,5,E01019456,0,3
2024010524904,2024,010524904,1,1,9,99,99,9,9,99,99,9,9,99,9,99,9,1,1,1,2,24,5,-1,-1,-1,-1,2,E01004335,0,1
2024010495393,2024,010495393,2,5,0,18,19,3,7,0,0,1,0,0,0,0,1,1,6,6,1,59,9,-1,-1,-1,-1,7,E01004512,0,1
2024010493859,2024,010493859,1,9,0,9,9,3,1,0,0,5,0,0,0,0,4,1,6,6,1,43,7,-1,-1,-1,-1,4,E01002647,0,1
2024101507820,2024,101507820,2,1,0,-1,19,2,6,-1,2,0,0,0,0,0,1,1,-1,2,1,55,8,-1,-1,-1,-1,1,E01008398,0,1
2024461492874,2024,461492874,1,9,0,-1,19,2,5,-1,-1,0,0,0,0,0,1,9,-1,6,2,-1,-1,-1,-1,-1,-1,2,E01016025,0,1
2024201499402,2024,201499402,1,-1,0,-1,19,8,4,-1,0,0,0,0,0,0,1,1,-1,6,1,24,5,-1,-1,-1,-1,-1,-1,1,-1
2024010493842,2024,010493842,2,90,0,99,99,9,9,99,99,9,9,99,9,99,2,9,6,6,3,37,7,-1,-1,-1,-1,-1,-1,0,-1
2024332400367,2024,332400367,2,10,0,-1,19,7,3,-1,0,8,0,0,7,9,4,1,-1,7,1,45,7,-1,-1,-1,-1,10,E01010173,0,4
2024101420985,2024,101420985,1,9,0,-1,4,3,7,-1,0,0,0,0,0,0,1,1,-1,6,1,55,8,-1,-1,-1,-1,2,E01027534,0,1
2024010518231,2024,010518231,1,1,9,99,99,9,9,99,99,9,9,99,9,99,9,1,2,2,1,53,8,-1,-1,-1,-1,9,E01000962,0,2
2024302401557,2024,302401557,1,9,0,7,7,6,8,0,0,8,0,0,0,0,1,1,2,2,2,47,8,-1,-1,-1,-1,2,E01013569,0,1
2024101426626,2024,101426626,2,9,0,-1,7,5,1,-1,0,6,0,0,0,0,4,1,-1,9,2,82,11,-1,-1,-1,-1,3,E01008763,0,1
2024461430675,2024,461430675,1,9,0,-1,19,2,1,-1,0,2,0,0,1,4,1,1,-1,9,1,21,5,-1,-1,-1,-1,4,E01035686,0,4
2024201452832,2024,201452832,1,8,0,-1,19,2,6,-1,0,1,0,0,0,0,1,1,-1,6,1,50,8,-1,-1,-1,-1,1,E01009840,0,3
2024061454174,2024,061454174,5,9,0,-1,2,4,8,-1,0,0,0,0,0,0,1,1,-1,6,-1,-1,-1,-1,-1,-1,-1,-1,-1,0,-1
2024430367822,2024,430367822,2,5,0,17,19,7,5,0,0,0,0,0,0,0,1,1,6,6,1,67,10,-1,-1,-1,-1,-1,-1,0,-1
2024430529066,2024,430529066,1,1,0,18,19,5,1,0,0,6,0,0,0,0,2,1,2,2,1,30,6,-1,-1,-1,-1,6,E01016416,0,1
2024231542996,2024,231542996,2,-1,0,-1,4,5,1,-1,0,0,0,0,0,0,3,1,-1,6,2,14,3,-1,-1,-1,-1,6,E01031322,1,1
2024041447717,2024,041447717,1,9,0,-1,19,7,3,-1,0,2,0,0,0,0,1,9,-1,6,3,-1,-1,-1,-1,-1,-1,-1,-1,0,-1
2024010533363,2024,010533363,2,90,0,99,99,9,9,99,99,9,9,99,9,99,9,9,6,6,1,38,7,-1,-1,-1,-1,2,E01013499,0,5
202460Q023006,2024,60Q023006,1,19,0,16,19,8,3,0,0,0,2,0,7,4,1,1,6,6,1,20,4,-1,-1,-1,-1,-1,-1,0,-1
2024201504345,2024,201504345,1,9,0,-1,9,2,8,-1,0,5,0,0,0,0,4,9,-1,9,1,21,5,-1,-1,-1,-1,5,E01009262,0,1
2024332400412,2024,332400412,1,19,0,-1,19,5,1,-1,0,1,0,0,0,0,1,1,-1,6,1,46,8,-1,-1,-1,-1,5,E01025818,0,2
2024010540363,2024,010540363,1,1,9,99,99,9,9,99,99,9,9,99,9,99,9,1,2,2,1,32,6,-1,-1,-1,-1,4,E01003409,0,2
2024010542378,2024,010542378,1,9,0,1,1,3,7,9,9,6,0,0,0,0,2,1,1,1,1,31,6,-1,-1,-1,-1,3,E01002502,0,3
2024991478014,2024,991478014,1,1,0,-1,7,2,4,-1,0,5,0,0,0,0,1,1,-1,2,2,57,9,-1,-1,-1,-1,10,-1,0,1
2024430462218,2024,430462218,1,9,0,18,19,6,2,0,0,4,0,0,0,0,1,1,2,2,1,-1,-1,-1,-1,-1,-1,10,E01016624,0,1
2024430193308,2024,430193308,2,11,0,18,19,1,5,0,0,8,0,0,0,0,1,1,1,1,1,45,7,-1,-1,-1,-1,3,E01017711,0,1
2024440550455,2024,440550455,1,9,0,18,19,6,2,0,0,1,0,0,0,0,3,1,6,6,1,-1,-1,-1,-1,-1,-1,-1,-1,0,-1
2024141432812,2024,141432812,2,-1,0,-1,19,5,2,-1,9,1,0,0,0,0,1,9,-1,6,1,10,2,-1,-1,-1,-1,-1,-1,1,-1
2024451468245,2024,451468245,2,9,0,-1,19,2,6,-1,0,0,0,0,0,0,1,9,-1,6,3,-1,-1,-1,-1,-1,-1,-1,-1,0,-1
202460Q177977,2024,60Q177977,1,1,0,18,19,8,4,0,0,2,0,0,0,0,1,1,4,7,1,12,3,-1,-1,-1,-1,-1,-1,0,-1
2024411541663,2024,411541663,3,-1,0,-1,19,1,5,-1,0,0,0,0,0,0,0,1,-1,6,-1,-1,-1,-1,-1,-1,-1,-1,-1,0,-1
2024440327440,2024,440327440,2,9,0,18,19,1,5,0,0,6,0,0,0,0,4,1,6,6,1,25,5,-1,-1,-1,-1,6,E01035437,0,4
2024201503543,2024,201503543,1,9,0,-1,13,2,6,-1,0,0,0,0,0,0,4,9,-1,6,1,-1,-1,-1,-1,-1,-1,-1,-1,0,-1
2024211468430,2024,211468430,1,9,0,-1,19,1,5,-1,0,1,0,0,0,0,1,9,-1,6,2,-1,-1,-1,-1,-1,-1,-1,-1,0,-1
2024411414563,2024,411414563,1,9,-1,-1,-1,-1,-1,-1,-1,-1,-1,-1,-1,0,-1,9,-1,6,3,-1,-1,-1,-1,-1,-1,-1,-1,0,-1
2024201436976,2024,201436976,1,9,0,-1,19,8,4,-1,0,0,0,0,0,0,1,9,-1,1,1,18,4,-1,-1,-1,-1,7,E01010162,0,1
2024451494595,2024,451494595,1,98,0,-1,19,1,5,-1,0,0,0,0,0,0,1,9,-1,6,3,22,5,-1,-1,-1,-1,-1,-1,0,-1
2024610017924,2024,610017924,1,9,0,16,19,7,2,0,0,1,0,0,0,0,1,1,6,6,1,83,11,-1,-1,-1,-1,8,W01001565,0,2
2024131515984,2024,131515984,2,21,0,-1,4,5,1,-1,0,8,0,0,0,0,1,1,-1,1,1,32,6,-1,-1,-1,-1,9,E01019624,0,4
2024010487395,2024,010487395,1,9,0,16,19,4,8,0,0,0,0,0,0,0,1,1,2,2,2,51,8,-1,-1,-1,-1,4,E01002490,0,1
2024010529863,2024,010529863,1,1,9,99,99,9,9,99,99,9,9,99,9,99,1,1,6,6,3,-1,-1,-1,-1,-1,-1,-1,-1,0,-1
2024010489329,2024,010489329,1,9,0,4,4,3,7,0,0,1,0,0,0,0,2,1,6,6,1,27,6,-1,-1,-1,-1,8,E01000217,0,1
2024131403036,2024,131403036,1,22,0,-1,19,7,3,-1,0,0,0,0,0,0,4,1,-1,9,2,70,10,-1,-1,-1,-1,3,E01011718,0,1
2024451506506,2024,451506506,2,90,0,-1,19,3,7,-1,0,1,0,0,0,0,4,2,-1,1,1,36,7,-1,-1,-1,-1,-1,-1,0,-1
2024010494869,2024,010494869,1,9,0,9,9,3,1,0,0,1,0,0,1,0,1,1,1,1,1,41,7,-1,-1,-1,-1,9,E01004292,0,3
2024471477107,2024,471477107,3,11,0,-1,4,1,5,-1,0,3,0,0,0,0,0,1,-1,6,3,-1,-1,-1,-1,-1,-1,-1,-1,0,-1
2024531471500,2024,531471500,2,-1,0,-1,19,2,6,-1,9,0,0,0,0,0,2,1,-1,9,1,10,2,-1,-1,-1,-1,3,E01022237,1,1
2024041461668,2024,041461668,4,9,0,-1,2,0,0,-1,0,2,0,0,0,0,2,9,-1,6,-1,-1,-1,-1,-1,-1,-1,-1,-1,0,-1
2024161436170,2024,161436170,2,1,0,-1,19,8,4,-1,5,0,0,0,0,0,1,1,-1,6,1,59,9,-1,-1,-1,-1,2,E01035463,0,2
202460Q113136,2024,60Q113136,2,1,0,18,19,4,1,0,0,1,0,0,0,0,1,1,6,6,1,20,4,-1,-1,-1,-1,-1,-1,0,-1
2024401526548,2024,401526548,2,1,0,-1,19,2,6,-1,0,8,0,0,0,0,3,1,-1,6,1,42,7,-1,-1,-1,-1,2,E01017474,0,1
2024311527693,2024,311527693,1,99,0,-1,7,7,1,-1,0,1,0,0,0,0,0,1,-1,1,3,40,7,-1,-1,-1,-1,-1,-1,0,-1
2024461490435,2024,461490435,1,-1,0,-1,19,2,6,-1,0,0,0,0,0,0,1,9,-1,6,1,-1,-1,-1,-1,-1,-1,-1,-1,1,-1
2024411417222,2024,411417222,2,9,0,-1,19,2,6,-1,0,0,0,0,0,0,2,1,-1,6,2,40,7,-1,-1,-1,-1,9,E01002471,0,3
2024010495224,2024,010495224,1,9,0,18,19,4,8,0,0,8,0,0,0,0,1,1,6,6,1,32,6,-1,-1,-1,-1,5,E01023063,0,5
2024141529718,2024,141529718,1,9,0,-1,9,6,4,-1,0,6,0,0,0,0,1,1,-1,9,2,41,7,-1,-1,-1,-1,7,E01007712,0,3
2024371444437,2024,371444437,1,9,-1,-1,-1,-1,-1,-1,-1,0,-1,-1,-1,0,-1,9,-1,6,3,-1,-1,-1,-1,-1,-1,-1,-1,0,-1
2024552401523,2024,552401523,2,17,0,2,2,0,0,0,0,0,0,0,0,0,2,1,6,6,1,28,6,-1,-1,-1,-1,9,E01020419,0,1
2024320417783,2024,320417783,1,9,0,-1,-1,4,8,0,0,0,5,0,1,0,1,1,-1,-1,1,43,7,-1,-1,-1,-1,7,E01034684,0,4
2024552400989,2024,552400989,2,1,0,14,14,6,2,0,0,0,0,0,0,0,3,1,4,7,2,14,3,-1,-1,-1,-1,10,E01020370,0,1
2024231459706,2024,231459706,1,9,0,-1,19,4,8,-1,0,0,0,0,0,0,0,9,-1,6,3,45,7,-1,-1,-1,-1,-1,-1,0,-1
2024631465060,2024,631465060,1,98,0,-1,19,2,6,-1,0,0,0,0,0,0,0,1,-1,1,2,23,5,-1,-1,-1,-1,10,W01000837,0,2
2024131436717,2024,131436717,1,9,0,-1,-1,-1,-1,-1,-1,-1,-1,-1,-1,0,-1,1,-1,6,3,-1,-1,-1,-1,-1,-1,-1,-1,0,-1
2024010541317,2024,010541317,2,9,0,5,5,1,5,0,0,6,0,0,0,0,2,1,6,6,3,-1,-1,-1,-1,-1,-1,-1,-1,0,-1
2024010507886,2024,010507886,1,1,9,99,99,9,9,99,99,9,9,99,9,99,9,1,3,7,1,41,7,-1,-1,-1,-1,3,E01003263,0,1
2024010487552,2024,010487552,1,3,0,99,99,9,9,99,99,9,9,99,9,99,9,1,2,2,1,25,5,-1,-1,-1,-1,3,E01033933,0,1
2024320711771,2024,320711771,3,9,0,3,3,3,7,0,0,0,0,0,0,0,2,1,-1,-1,1,56,9,-1,-1,-1,-1,2,E01026084,0,1
2024440459387,2024,440459387,2,1,0,18,19,5,1,0,0,0,0,0,0,0,4,1,6,6,1,12,3,-1,-1,-1,-1,2,E01022819,0,1
2024010495658,2024,010495658,1,1,0,16,19,4,8,2,2,4,0,0,0,0,1,1,6,6,1,36,7,-1,-1,-1,-1,2,E01004008,0,1
2024131501347,2024,131501347,3,9,0,-1,2,0,0,-1,9,1,0,0,0,0,3,1,-1,6,-1,-1,-1,-1,-1,-1,-1,-1,-1,0,-1
2024201518400,2024,201518400,2,1,0,-1,19,6,2,-1,0,1,5,0,0,0,1,1,-1,6,2,28,6,-1,-1,-1,-1,1,E01010478,0,1
2024010526075,2024,010526075,2,1,0,16,19,3,6,0,0,0,0,0,1,0,1,1,6,6,2,35,6,-1,-1,-1,-1,3,E01004183,0,1
2024131529740,2024,131529740,2,11,0,-1,19,8,6,-1,0,0,0,0,0,0,1,1,-1,6,3,-1,-1,-1,-1,-1,-1,-1,-1,0,-1
2024440054661,2024,440054661,1,1,0,18,19,4,8,0,0,8,0,0,0,0,4,1,2,2,1,28,6,-1,-1,-1,-1,4,E01017122,0,1
2024430341913,2024,430341913,2,9,0,18,19,7,3,0,0,8,0,0,0,0,1,1,1,1,1,36,7,-1,-1,-1,-1,1,E01016368,0,1
2024552401480,2024,552401480,1,1,0,18,19,4,8,0,0,0,0,0,0,0,3,1,6,6,1,11,3,-1,-1,-1,-1,6,E01015353,0,1
2024430513010,2024,430513010,1,9,0,18,19,6,2,0,0,0,1,0,1,10,1,1,6,6,1,21,5,-1,-1,-1,-1,3,E01017665,0,2
2024411438595,2024,411438595,2,9,0,-1,9,7,3,-1,0,1,0,0,0,0,2,1,-1,6,3,-1,-1,-1,-1,-1,-1,-1,-1,0,-1
2024010520237,2024,010520237,2,9,0,10,10,1,7,0,0,8,0,0,0,0,1,1,6,6,3,-1,-1,-1,-1,-1,-1,-1,-1,0,-1
2024320334071,2024,320334071,2,1,0,-1,-1,6,2,0,0,2,5,0,0,0,2,1,-1,-1,1,56,9,-1,-1,-1,-1,1,E01026093,0,1
2024361529081,2024,361529081,2,1,0,-1,19,2,4,-1,0,1,5,0,0,0,1,1,-1,9,2,17,4,-1,-1,-1,-1,10,E01026812,0,1
2024320638192,2024,320638192,1,9,0,-1,-1,6,8,0,0,3,0,0,0,0,4,1,1,1,1,54,8,-1,-1,-1,-1,3,E01026033,0,3
2024552401464,2024,552401464,3,9,0,18,19,5,1,0,0,8,0,0,0,0,1,1,3,7,1,33,6,-1,-1,-1,-1,-1,-1,0,-1
2024361443237,2024,361443237,1,9,0,-1,19,5,1,-1,0,1,0,0,0,0,1,1,-1,2,1,25,5,-1,-1,-1,-1,4,E01026636,0,1
2024461533286,2024,461533286,1,9,0,-1,19,2,8,-1,0,0,1,0,0,0,1,2,-1,9,1,17,4,-1,-1,-1,-1,3,E01016067,0,2
2024311408538,2024,311408538,2,22,0,-1,19,6,2,-1,0,0,0,0,0,0,2,1,-1,6,1,75,10,-1,-1,-1,-1,2,E01013899,0,1
2024101467510,2024,101467510,2,1,0,-1,19,7,3,-1,0,8,0,0,0,0,4,1,-1,9,1,-1,-1,-1,-1,-1,-1,-1,-1,0,-1
2024991453923,2024,991453923,1,90,1,-1,19,5,1,-1,0,0,0,2,0,0,1,1,-1,1,1,70,10,-1,-1,-1,-1,5,E01026407,0,5
2024161430949,2024,161430949,1,9,0,-1,3,1,5,-1,0,0,0,0,0,0,2,1,-1,6,2,26,6,-1,-1,-1,-1,6,E01012922,0,2
2024010540332,2024,010540332,2,9,0,18,19,7,3,0,0,2,0,0,0,0,4,1,6,6,1,36,7,-1,-1,-1,-1,9,E01000759,0,1
2024041461828,2024,041461828,1,9,0,-1,13,1,5,-1,0,0,0,0,0,0,0,1,-1,6,3,-1,-1,-1,-1,-1,-1,-1,-1,0,-1
2024052400491,2024,052400491,1,90,0,18,19,5,1,0,0,8,0,0,0,0,3,1,6,6,3,-1,-1,-1,-1,-1,-1,-1,-1,0,-1
2024610048924,2024,610048924,1,9,0,3,3,8,4,0,0,0,0,0,0,0,2,1,1,1,1,61,9,-1,-1,-1,-1,8,W01001658,0,1
2024201463423,2024,201463423,3,9,0,-1,19,4,8,-1,0,0,0,0,0,0,2,9,-1,6,1,-1,-1,-1,-1,-1,-1,-1,-1,0,-1
2024430485724,2024,430485724,1,19,0,14,14,1,5,0,0,1,0,0,0,0,1,1,6,6,1,32,6,-1,-1,-1,-1,-1,-1,0,-1
2024311491356,2024,311491356,1,9,0,-1,9,3,2,-1,0,6,0,0,0,0,4,1,-1,9,1,28,6,-1,-1,-1,-1,2,E01019515,0,2
2024461431859,2024,461431859,1,9,0,-1,19,7,3,-1,0,0,2,0,0,0,1,1,-1,9,1,32,6,-1,-1,-1,-1,-1,-1,0,-1
2024411543331,2024,411543331,2,9,0,-1,19,7,3,-1,0,0,1,10,1,0,1,1,-1,6,2,73,10,-1,-1,-1,-1,8,E01023569,0,1
2024010538230,2024,010538230,1,9,0,18,19,7,3,0,0,1,0,0,0,0,1,2,6,6,3,-1,-1,-1,-1,-1,-1,-1,-1,0,-1
2024522402738,2024,522402738,1,-1,0,18,19,3,7,9,9,8,0,0,0,0,1,1,6,6,1,-1,-1,-1,-1,-1,-1,-1,-1,1,-1
2024010519292,2024,010519292,2,1,9,99,99,9,9,99,99,9,9,99,9,99,2,1,6,6,1,25,5,-1,-1,-1,-1,2,E01002092,0,1
2024141463104,2024,141463104,2,9,-1,-1,5,6,1,-1,0,0,0,0,0,0,4,9,-1,6,2,-1,-1,-1,-1,-1,-1,-1,-1,0,-1
2024552400350,2024,552400350,2,1,0,5,5,7,3,0,0,8,0,0,0,0,1,1,6,6,1,22,5,-1,-1,-1,-1,3,E01015386,0,1
2024161481751,2024,161481751,1,1,0,-1,19,5,1,-1,0,8,0,0,0,0,1,1,-1,6,1,24,5,-1,-1,-1,-1,3,E01013045,0,1
2024041443025,2024,041443025,1,9,0,-1,19,5,1,-1,0,0,0,0,0,0,-1,1,-1,6,1,-1,-1,-1,-1,-1,-1,-1,-1,0,-1
2024430201704,2024,430201704,1,1,0,3,3,6,2,0,0,0,0,0,0,0,1,1,6,6,2,74,10,-1,-1,-1,-1,10,E01016604,0,1
2024430189272,2024,430189272,1,19,0,9,9,7,5,0,0,5,0,0,0,0,4,1,1,1,1,32,6,-1,-1,-1,-1,-1,-1,0,-1
2024552401505,2024,552401505,1,2,0,18,19,4,8,0,0,8,1,10,0,0,1,1,4,7,1,16,4,-1,-1,-1,-1,8,E01020576,0,1
2024552400793,2024,552400793,1,9,0,18,19,8,4,0,0,0,0,0,0,0,1,1,6,6,3,-1,-1,-1,-1,-1,-1,-1,-1,0,-1
2024131484909,2024,131484909,1,9,0,-1,-1,-1,-1,-1,-1,-1,-1,-1,-1,0,-1,1,-1,6,3,-1,-1,-1,-1,-1,-1,-1,-1,0,-1