collision_index,collision_year,collision_ref_no,vehicle_reference,vehicle_type,towing_and_articulation,vehicle_manoeuvre_historic,vehicle_manoeuvre,vehicle_direction_from,vehicle_direction_to,vehicle_location_restricted_lane_historic,vehicle_location_restricted_lane,junction_location,skidding_and_overturning,hit_object_in_carriageway,vehicle_leaving_carriageway,hit_object_off_carriageway,first_point_of_impact,vehicle_left_hand_drive,journey_purpose_of_driver_historic,journey_purpose_of_driver,sex_of_driver,age_of_driver,age_band_of_driver,engine_capacity_cc,propulsion_code,age_of_vehicle,generic_make_model,driver_imd_decile,lsoa_of_driver,escooter_flag,driver_distance_banding
2024451528469,2024,451528469,1,1,0,-1,19,1,5,-1,0,0,0,0,0,0,1,1,-1,9,1,26,6,-1,-1,-1,-1,8,E01004472,0,4
2024332400545,2024,332400545,1,9,0,-1,19,1,5,-1,0,1,0,0,0,0,0,1,-1,9,1,39,7,-1,-1,-1,-1,3,E01013763,0,1
2024451492547,2024,451492547,1,9,0,-1,19,3,7,-1,0,0,0,0,7,2,1,1,-1,9,1,62,9,-1,-1,-1,-1,7,E01031647,0,3
202460Q114784,2024,60Q114784,2,9,0,18,19,3,7,0,0,8,0,0,0,0,3,1,6,6,1,65,9,-1,-1,-1,-1,-1,-1,0,-1
2024010487296,2024,010487296,1,9,0,99,99,9,9,99,99,0,9,99,9,99,1,9,6,6,3,50,8,-1,-1,-1,-1,3,E01002284,0,1
2024430227997,2024,430227997,2,1,0,18,19,1,5,0,0,8,0,0,0,0,4,1,6,6,2,38,7,-1,-1,-1,-1,8,E01017804,0,1
2024201471107,2024,201471107,2,9,0,-1,3,3,7,-1,0,4,0,0,0,0,1,9,-1,6,1,-1,-1,-1,-1,-1,-1,-1,-1,0,-1
2024461480351,2024,461480351,2,1,-1,-1,19,7,2,-1,0,0,0,0,0,0,3,1,-1,6,1,-1,-1,-1,-1,-1,-1,9,E01000696,0,3
2024351463344,2024,351463344,2,-1,0,-1,15,5,1,-1,4,1,0,0,0,0,1,1,-1,6,2,26,6,-1,-1,-1,-1,5,E01017967,1,2
2024010531569,2024,010531569,2,9,0,99,99,9,9,0,0,4,0,0,0,0,1,9,6,6,3,-1,-1,-1,-1,-1,-1,-1,-1,0,-1
2024122401112,2024,122401112,1,-1,0,18,19,8,4,0,0,0,0,0,0,0,1,1,6,6,3,-1,-1,-1,-1,-1,-1,-1,-1,1,-1
2024471478193,2024,471478193,2,9,0,-1,19,3,6,-1,0,1,0,0,1,1,3,1,-1,6,1,36,7,-1,-1,-1,-1,7,E01031539,0,3
2024991438524,2024,991438524,3,9,0,-1,19,2,6,-1,0,0,0,0,0,0,3,1,-1,6,1,28,6,-1,-1,-1,-1,6,-1,0,4
2024010511327,2024,010511327,2,1,0,9,9,4,2,0,0,1,0,0,0,0,2,1,6,6,1,17,4,-1,-1,-1,-1,3,E01001446,0,1
2024010539233,2024,010539233,2,19,0,99,99,9,9,99,99,5,9,99,9,99,9,9,6,6,3,-1,-1,-1,-1,-1,-1,-1,-1,0,-1
2024122401076,2024,122401076,2,11,0,3,3,7,3,0,0,0,0,0,0,0,4,1,1,1,1,55,8,-1,-1,-1,-1,9,E01027922,0,3
2024161434111,2024,161434111,1,9,0,-1,19,5,1,-1,0,0,0,0,0,0,0,1,-1,9,1,45,7,-1,-1,-1,-1,6,E01013253,0,4
2024421430260,2024,421430260,1,19,0,-1,19,8,3,-1,0,4,0,0,0,0,1,9,-1,6,3,30,6,-1,-1,-1,-1,-1,-1,0,-1
2024101511325,2024,101511325,2,5,0,-1,19,1,5,-1,0,1,0,0,0,0,0,1,-1,6,1,20,4,-1,-1,-1,-1,-1,-1,0,-1
2024440288120,2024,440288120,1,1,0,18,19,7,3,0,0,1,0,0,0,0,2,1,6,6,1,70,10,-1,-1,-1,-1,8,E01030785,0,1
2024010492289,2024,010492289,1,1,9,99,99,9,9,99,99,0,9,99,9,99,1,1,2,2,2,32,6,-1,-1,-1,-1,3,E01035658,0,1
2024401503918,2024,401503918,1,9,0,-1,5,0,7,-1,0,0,0,0,0,0,1,1,-1,1,1,67,10,-1,-1,-1,-1,6,E01023624,0,4
2024041477953,2024,041477953,1,9,0,-1,19,5,1,-1,0,8,0,0,0,0,1,1,-1,9,2,63,9,-1,-1,-1,-1,7,E01012611,0,2
2024010535147,2024,010535147,1,11,0,99,99,9,9,99,99,9,9,99,9,99,9,9,6,6,3,-1,-1,-1,-1,-1,-1,-1,-1,0,-1
2024061460714,2024,061460714,2,1,0,-1,19,5,1,-1,0,0,0,0,0,0,4,1,-1,6,1,72,10,-1,-1,-1,-1,1,E01004812,0,1
2024332400844,2024,332400844,2,1,0,-1,19,3,7,-1,0,8,0,0,0,0,1,1,-1,6,1,11,3,-1,-1,-1,-1,8,E01025644,0,1
2024421484796,2024,421484796,1,9,0,-1,19,5,1,-1,0,4,0,0,0,0,1,9,-1,6,1,40,7,-1,-1,-1,-1,-1,-1,0,-1
2024010490738,2024,010490738,1,9,0,5,5,7,3,0,0,4,0,0,0,0,1,1,6,6,1,75,10,-1,-1,-1,-1,5,E01000450,0,1
2024010487637,2024,010487637,2,1,0,18,19,3,7,0,0,8,0,0,0,0,4,1,2,2,1,56,9,-1,-1,-1,-1,9,E01003795,0,1
2024122400518,2024,122400518,1,5,0,13,13,8,4,0,0,8,1,0,1,0,1,1,6,6,1,62,9,-1,-1,-1,-1,5,E01011215,0,4
2024421466558,2024,421466558,1,9,0,-1,1,4,2,-1,0,0,0,0,7,0,3,1,-1,6,1,14,3,-1,-1,-1,-1,10,E01021450,0,1
2024542292324,2024,542292324,1,9,0,16,19,6,2,0,0,0,0,0,0,0,1,1,6,6,3,-1,-1,-1,-1,-1,-1,-1,-1,0,-1
2024501455699,2024,501455699,2,9,0,-1,19,1,5,-1,0,0,0,0,0,0,1,1,-1,2,1,49,8,-1,-1,-1,-1,3,E01034166,0,1
2024010514122,2024,010514122,1,1,0,18,19,1,5,0,0,1,0,0,0,0,1,1,6,6,3,24,5,-1,-1,-1,-1,-1,-1,0,-1
2024141456167,2024,141456167,2,9,0,-1,19,5,1,-1,0,1,0,0,0,0,1,1,-1,6,3,-1,-1,-1,-1,-1,-1,-1,-1,0,-1
2024340WN2392,2024,340WN2392,1,9,0,-1,19,7,3,-1,0,0,0,0,0,0,1,1,-1,6,3,-1,-1,-1,-1,-1,-1,-1,-1,0,-1
2024430326684,2024,430326684,1,1,0,18,19,4,8,4,4,0,0,0,0,0,2,1,4,7,1,12,3,-1,-1,-1,-1,-1,-1,0,-1
2024302400949,2024,302400949,2,9,0,8,8,2,6,0,0,1,0,0,0,0,2,1,6,6,3,-1,-1,-1,-1,-1,-1,5,E01019456,0,1
2024631438624,2024,631438624,2,1,0,-1,19,4,8,-1,0,0,0,0,1,10,3,1,-1,1,1,38,7,-1,-1,-1,-1,4,W01000587,0,1
2024010510318,2024,010510318,2,98,0,99,99,9,9,99,99,9,9,99,9,99,9,9,6,6,1,35,6,-1,-1,-1,-1,4,E01001484,0,3
2024010488109,2024,010488109,1,3,0,99,99,9,9,99,99,9,9,99,9,99,9,1,2,2,1,42,7,-1,-1,-1,-1,3,E01000578,0,1
2024351527699,2024,351527699,2,1,0,-1,9,5,3,-1,0,8,0,0,0,0,4,1,-1,6,1,22,5,-1,-1,-1,-1,6,E01015691,0,1
2024010524582,2024,010524582,2,1,0,18,19,1,5,0,0,8,0,0,0,0,1,1,6,6,1,24,5,-1,-1,-1,-1,5,E01023868,0,4
2024522402167,2024,522402167,2,1,0,18,19,5,1,0,0,8,0,0,0,0,3,1,6,6,1,18,4,-1,-1,-1,-1,-1,-1,0,-1
2024052400220,2024,052400220,1,9,0,18,19,2,6,0,0,0,0,0,0,0,1,1,6,6,3,-1,-1,-1,-1,-1,-1,-1,-1,0,-1
2024552400258,2024,552400258,1,9,0,13,13,4,8,0,0,0,0,0,0,0,1,1,2,2,1,28,6,-1,-1,-1,-1,5,E01020534,0,2
2024531526558,2024,531526558,2,1,0,-1,19,4,8,-1,0,8,5,0,0,0,4,1,-1,2,1,48,8,-1,-1,-1,-1,10,E01022112,0,1
2024201490071,2024,201490071,1,9,0,-1,19,1,5,-1,0,1,0,0,0,0,1,1,-1,6,1,17,4,-1,-1,-1,-1,1,E01010130,0,1
2024211500723,2024,211500723,2,1,0,-1,19,5,1,-1,0,1,0,0,0,0,1,1,-1,9,1,77,11,-1,-1,-1,-1,4,E01029681,0,2
2024351546035,2024,351546035,1,1,0,-1,7,8,4,-1,0,8,0,0,0,0,0,1,-1,6,1,32,6,-1,-1,-1,-1,8,E01035512,0,1
2024361450504,2024,361450504,2,1,0,-1,19,4,8,-1,0,0,0,0,0,0,1,1,-1,6,1,26,6,-1,-1,-1,-1,3,E01026861,0,1
2024211507554,2024,211507554,1,9,-1,-1,-1,-1,-1,-1,-1,0,-1,-1,-1,0,-1,9,-1,6,3,65,9,-1,-1,-1,-1,-1,-1,0,-1
2024522402407,2024,522402407,2,9,0,18,19,8,4,0,0,1,0,0,0,0,1,1,6,6,3,-1,-1,-1,-1,-1,-1,-1,-1,0,-1
2024451439501,2024,451439501,2,90,0,-1,2,4,8,-1,-1,0,0,0,0,0,2,1,-1,1,1,22,5,-1,-1,-1,-1,3,E01023107,0,4
2024411533950,2024,411533950,2,9,0,-1,-1,-1,-1,-1,-1,0,-1,-1,-1,0,2,1,-1,9,1,65,9,-1,-1,-1,-1,10,E01033609,0,4
2024010489881,2024,010489881,1,9,0,9,9,3,8,0,0,8,0,0,0,0,1,1,6,6,1,33,6,-1,-1,-1,-1,2,E01002392,0,1
2024201470619,2024,201470619,1,9,0,-1,19,4,8,-1,0,2,0,7,4,2,2,1,-1,6,1,58,9,-1,-1,-1,-1,4,E01009224,0,1
2024071042332,2024,071042332,2,1,1,-1,9,5,3,-1,0,4,0,0,0,0,1,1,-1,6,1,35,6,-1,-1,-1,-1,1,E01018550,0,1
2024010530139,2024,010530139,1,11,9,99,99,9,9,99,99,9,9,99,9,99,1,9,6,6,3,-1,-1,-1,-1,-1,-1,-1,-1,0,-1
2024451494643,2024,451494643,1,9,0,-1,19,3,7,-1,0,0,0,0,0,0,1,9,-1,6,3,20,4,-1,-1,-1,-1,-1,-1,0,-1
2024451504645,2024,451504645,1,9,0,-1,11,3,7,-1,0,1,0,0,1,6,1,1,-1,9,1,22,5,-1,-1,-1,-1,8,E01000394,0,4
2024010489460,2024,010489460,2,9,0,99,99,9,9,99,99,9,9,99,9,99,2,9,6,6,1,48,8,-1,-1,-1,-1,8,E01026979,0,5
2024010537681,2024,010537681,1,1,9,99,99,9,9,99,99,9,9,99,9,99,9,1,1,1,1,55,8,-1,-1,-1,-1,9,E01000894,0,1
2024231492367,2024,231492367,2,9,0,-1,19,3,3,-1,0,0,0,0,0,0,3,1,-1,9,2,45,7,-1,-1,-1,-1,8,E01035035,0,1
2024430297502,2024,430297502,1,9,0,2,2,0,0,0,0,0,0,0,0,0,4,1,3,7,3,-1,-1,-1,-1,-1,-1,8,E01016180,0,1
2024302401059,2024,302401059,2,23,0,13,13,6,2,0,0,8,0,0,7,0,1,1,6,6,1,15,3,-1,-1,-1,-1,9,E01019805,0,1
2024440359443,2024,440359443,1,9,0,18,19,2,6,0,0,4,0,0,0,0,1,1,6,6,2,59,9,-1,-1,-1,-1,4,E01022551,0,1
2024991511142,2024,991511142,1,19,0,-1,4,5,2,-1,0,0,1,6,0,0,1,1,-1,1,1,60,9,-1,-1,-1,-1,4,-1,0,4
2024520403127,2024,520403127,1,9,0,4,4,5,1,0,0,0,0,0,0,0,0,1,6,6,2,79,11,-1,-1,-1,-1,8,E01029204,0,2
2024161501377,2024,161501377,1,9,0,-1,19,7,3,-1,0,8,0,0,0,0,4,9,-1,6,2,28,6,-1,-1,-1,-1,-1,-1,0,-1
2024010526965,2024,010526965,2,1,0,18,19,7,3,0,0,1,2,0,0,0,0,1,6,6,1,49,8,-1,-1,-1,-1,3,E01001394,0,1
2024010488070,2024,010488070,1,3,0,99,99,9,9,99,99,9,9,99,9,99,2,1,6,6,1,42,7,-1,-1,-1,-1,6,E01004497,0,1
2024041535148,2024,041535148,1,9,0,-1,19,8,4,-1,0,8,0,0,1,11,1,9,-1,6,3,-1,-1,-1,-1,-1,-1,-1,-1,0,-1
2024201412586,2024,201412586,2,9,0,-1,9,2,8,-1,0,5,0,0,0,0,3,9,-1,6,1,-1,-1,-1,-1,-1,-1,-1,-1,0,-1
2024010509644,2024,010509644,2,1,0,18,19,5,1,8,6,4,0,0,3,0,1,1,6,6,1,22,5,-1,-1,-1,-1,3,E01001589,0,1
2024131405646,2024,131405646,3,9,0,-1,7,1,3,-1,0,1,0,0,0,0,3,1,-1,6,2,26,6,-1,-1,-1,-1,1,E01033697,0,1
2024991493224,2024,991493224,1,98,0,-1,19,7,3,-1,0,0,0,0,0,0,4,1,-1,6,3,25,5,-1,-1,-1,-1,-1,-1,0,-1
2024010519242,2024,010519242,2,9,0,7,7,6,8,0,0,5,0,0,0,0,3,1,6,6,3,-1,-1,-1,-1,-1,-1,-1,-1,0,-1
2024122401008,2024,122401008,1,9,0,17,19,7,5,0,0,0,0,0,0,0,0,1,1,1,1,68,10,-1,-1,-1,-1,2,E01012031,0,2
2024302400158,2024,302400158,1,9,0,18,19,7,3,0,0,0,1,0,1,0,1,2,6,6,2,19,4,-1,-1,-1,-1,2,E01035571,0,5
2024010495013,2024,010495013,2,9,0,16,19,4,8,0,0,4,0,0,0,0,1,1,6,6,1,30,6,-1,-1,-1,-1,3,E01001367,0,4
2024010488062,2024,010488062,2,9,0,5,5,1,5,0,0,5,0,0,0,0,1,1,2,2,2,32,6,-1,-1,-1,-1,4,E01000428,0,2
2024010551603,2024,010551603,3,9,9,99,99,9,9,99,99,0,9,99,9,99,9,9,6,6,3,-1,-1,-1,-1,-1,-1,-1,-1,0,-1
2024201463539,2024,201463539,2,98,0,-1,12,2,6,-1,0,0,0,0,0,0,1,9,-1,1,-1,-1,-1,-1,-1,-1,-1,-1,-1,0,-1
2024461494096,2024,461494096,1,98,0,-1,19,1,5,-1,0,0,0,4,0,0,1,1,-1,9,1,58,9,-1,-1,-1,-1,2,E01016068,0,1
2024010492644,2024,010492644,2,90,0,99,99,9,9,99,99,9,9,99,9,99,9,9,6,6,3,-1,-1,-1,-1,-1,-1,-1,-1,0,-1
2024010493359,2024,010493359,1,3,0,99,99,9,9,99,99,9,9,99,9,99,9,1,2,2,3,24,5,-1,-1,-1,-1,2,E01001559,0,1
2024531491390,2024,531491390,1,9,0,-1,9,5,1,-1,0,1,0,0,1,0,1,1,-1,9,1,88,11,-1,-1,-1,-1,7,E01026723,0,5
2024631410835,2024,631410835,1,9,0,-1,4,3,6,-1,0,0,0,0,0,0,2,1,-1,6,1,32,6,-1,-1,-1,-1,7,W01000552,0,2
2024061468228,2024,061468228,2,21,1,-1,12,-1,-1,-1,0,0,0,0,0,0,1,2,-1,6,3,-1,-1,-1,-1,-1,-1,-1,-1,0,-1
2024041492249,2024,041492249,1,1,0,-1,19,1,1,-1,0,1,0,0,0,0,1,1,-1,2,1,24,5,-1,-1,-1,-1,3,E01012699,0,1
2024430602020,2024,430602020,1,9,0,9,9,4,2,0,0,5,0,0,0,0,1,1,6,6,1,75,10,-1,-1,-1,-1,-1,-1,0,-1
2024010517306,2024,010517306,1,9,0,99,99,9,9,99,99,9,9,99,9,99,2,9,1,1,1,47,8,-1,-1,-1,-1,3,E01000622,0,4
2024010497244,2024,010497244,2,9,0,99,99,9,9,99,99,0,9,99,9,99,1,9,6,6,3,-1,-1,-1,-1,-1,-1,3,E01003525,0,1
2024421484551,2024,421484551,2,1,0,-1,19,3,7,-1,0,0,0,0,0,0,1,1,-1,1,1,47,8,-1,-1,-1,-1,5,E01015865,0,1
2024161445126,2024,161445126,1,9,0,-1,19,3,7,-1,0,6,0,0,0,0,1,1,-1,6,1,17,4,-1,-1,-1,-1,10,E01013057,0,2
2024540113224,2024,540113224,1,9,0,18,19,5,1,0,0,0,1,0,0,0,1,1,1,1,1,29,6,-1,-1,-1,-1,6,E01032119,0,4
2024430047994,2024,430047994,1,21,0,1,1,5,3,0,0,1,0,0,0,0,4,1,1,1,1,29,6,-1,-1,-1,-1,10,E01028664,0,2
2024010546923,2024,010546923,1,1,0,18,19,5,1,0,0,1,0,0,0,0,2,1,6,6,1,31,6,-1,-1,-1,-1,9,E01004058,0,1
2024070434331,2024,070434331,3,9,0,9,9,8,6,0,0,5,0,0,0,0,0,1,6,6,3,-1,-1,-1,-1,-1,-1,-1,-1,0,-1
2024311472482,2024,311472482,2,1,0,-1,19,3,7,-1,0,0,0,0,0,0,1,1,-1,9,1,53,8,-1,-1,-1,-1,-1,-1,0,-1
2024481563599,2024,481563599,2,1,0,-1,19,1,5,-1,5,8,0,0,0,0,1,1,-1,9,1,39,7,-1,-1,-1,-1,-1,-1,0,-1
2024010531122,2024,010531122,2,9,0,99,99,9,9,99,99,9,9,99,9,99,9,9,6,6,3,-1,-1,-1,-1,-1,-1,-1,-1,0,-1
2024421498185,2024,421498185,1,9,0,-1,19,3,7,-1,0,0,0,0,0,0,1,9,-1,6,2,-1,-1,-1,-1,-1,-1,-1,-1,0,-1
2024461450490,2024,461450490,3,21,1,-1,2,0,0,-1,-1,0,0,0,0,0,2,2,-1,2,1,45,7,-1,-1,-1,-1,-1,-1,0,-1
2024221396841,2024,221396841,1,1,0,-1,19,4,8,-1,0,0,0,0,0,0,1,1,-1,2,2,61,9,-1,-1,-1,-1,10,E01014091,0,1
2024101500506,2024,101500506,2,9,0,-1,3,2,6,-1,0,8,0,0,0,0,2,1,-1,6,1,30,6,-1,-1,-1,-1,7,E01008761,0,1
2024010513286,2024,010513286,2,9,0,99,99,9,9,99,99,9,9,99,9,99,9,9,6,6,3,-1,-1,-1,-1,-1,-1,-1,-1,0,-1
2024430430769,2024,430430769,1,9,0,18,19,6,2,0,0,1,0,0,0,0,1,1,6,6,1,60,9,-1,-1,-1,-1,4,E01028781,0,2
2024041514730,2024,041514730,1,9,0,-1,9,3,1,-1,0,0,0,0,0,0,1,1,-1,9,1,21,5,-1,-1,-1,-1,2,E01012629,0,1
2024440552787,2024,440552787,2,1,0,17,19,4,8,0,0,8,0,0,0,0,4,1,6,6,1,43,7,-1,-1,-1,-1,4,E01017151,0,1
2024161422647,2024,161422647,1,1,0,-1,19,1,5,-1,0,2,0,0,0,0,1,1,-1,6,2,-1,-1,-1,-1,-1,-1,-1,-1,0,-1
2024010503171,2024,010503171,2,1,0,18,19,4,8,0,0,0,0,0,0,0,2,1,1,1,1,30,6,-1,-1,-1,-1,2,E01001786,0,1
2024501418525,2024,501418525,1,9,0,-1,2,0,0,-1,0,0,0,0,0,0,2,1,-1,6,2,57,9,-1,-1,-1,-1,8,E01019890,0,1
2024041483079,2024,041483079,1,9,0,-1,19,1,5,-1,0,0,0,0,0,0,3,1,-1,9,1,24,5,-1,-1,-1,-1,6,E01025562,0,3
2024010489372,2024,010489372,1,9,0,16,19,7,3,0,0,7,1,0,4,0,1,1,6,6,2,52,8,-1,-1,-1,-1,8,E01000447,0,1
2024401521572,2024,401521572,1,9,-1,-1,-1,-1,-1,-1,-1,2,-1,-1,-1,0,-1,9,-1,6,3,-1,-1,-1,-1,-1,-1,-1,-1,0,-1
2024131419352,2024,131419352,1,1,0,-1,19,-1,-1,-1,0,8,0,0,0,0,-1,1,-1,6,3,-1,-1,-1,-1,-1,-1,-1,-1,0,-1
2024471405765,2024,471405765,2,1,0,-1,19,1,5,-1,0,8,0,0,0,0,3,1,-1,9,1,77,11,-1,-1,-1,-1,5,E01021216,0,1
2024201426380,2024,201426380,1,98,0,-1,1,6,2,-1,0,0,0,4,0,0,2,9,-1,6,1,-1,-1,-1,-1,-1,-1,-1,-1,0,-1
2024131396215,2024,131396215,1,9,0,-1,9,7,1,-1,0,8,0,0,0,0,1,1,-1,2,2,30,6,-1,-1,-1,-1,6,E01010909,0,1
2024122401020,2024,122401020,1,9,0,5,5,1,5,0,0,4,0,0,0,0,1,1,6,6,1,60,9,-1,-1,-1,-1,2,E01027812,0,1
2024311429779,2024,311429779,1,9,0,-1,2,2,2,-1,0,0,0,0,0,0,2,1,-1,9,1,37,7,-1,-1,-1,-1,9,E01013172,0,4
2024201466437,2024,201466437,2,-1,0,-1,5,3,7,-1,0,8,0,4,0,0,2,1,-1,9,1,15,3,-1,-1,-1,-1,-1,-1,1,-1
2024141447165,2024,141447165,2,9,0,-1,14,5,1,-1,0,1,0,0,0,0,4,1,-1,6,-1,-1,-1,-1,-1,-1,-1,-1,-1,0,-1
2024111412954,2024,111412954,1,1,0,-1,19,6,2,-1,9,0,5,0,0,0,0,1,-1,6,2,25,5,-1,-1,-1,-1,-1,-1,0,-1
2024010489791,2024,010489791,1,1,0,18,19,1,5,5,5,6,1,11,0,0,1,1,6,6,1,38,7,-1,-1,-1,-1,3,E01003581,0,3
2024010489700,2024,010489700,1,11,0,5,5,5,1,0,0,1,0,0,0,0,0,1,1,1,2,54,8,-1,-1,-1,-1,5,E01032785,0,2
2024010488847,2024,010488847,1,9,0,18,19,3,7,0,0,3,0,0,0,0,1,1,6,6,2,50,8,-1,-1,-1,-1,9,E01016540,0,4
2024122400208,2024,122400208,1,9,0,16,19,1,5,0,0,0,1,0,0,0,1,1,6,6,1,18,4,-1,-1,-1,-1,7,E01027756,0,1
2024122400321,2024,122400321,2,1,0,18,19,5,1,4,4,1,0,0,0,0,1,1,2,2,1,47,8,-1,-1,-1,-1,9,E01034761,0,1
2024010517674,2024,010517674,2,9,0,18,19,7,3,0,0,8,0,0,0,0,1,1,1,1,1,37,7,-1,-1,-1,-1,5,E01001041,0,1
2024991398193,2024,991398193,1,9,0,-1,19,1,5,-1,0,8,0,0,0,0,3,1,-1,9,2,61,9,-1,-1,-1,-1,1,-1,0,2
2024201477667,2024,201477667,1,9,0,-1,9,6,4,-1,0,5,0,0,0,0,3,9,-1,6,1,-1,-1,-1,-1,-1,-1,-1,-1,0,-1
2024471495175,2024,471495175,2,1,0,-1,19,1,5,-1,0,8,0,0,0,0,4,1,-1,2,2,28,6,-1,-1,-1,-1,5,E01031806,0,1
2024430330644,2024,430330644,3,9,0,18,19,5,1,0,0,0,0,0,7,9,3,1,6,6,1,19,4,-1,-1,-1,-1,8,E01016780,0,1
2024010542834,2024,010542834,1,4,0,17,19,1,5,0,0,0,2,0,1,0,1,1,6,6,1,20,4,-1,-1,-1,-1,2,E01001066,0,1
2024461419654,2024,461419654,1,9,-1,-1,19,5,1,-1,0,2,0,0,0,0,4,9,-1,6,3,-1,-1,-1,-1,-1,-1,-1,-1,0,-1
2024010508058,2024,010508058,1,9,0,9,9,3,1,0,0,6,0,0,0,0,1,1,6,6,1,23,5,-1,-1,-1,-1,10,E01031822,0,4
2024440513465,2024,440513465,2,9,0,18,19,1,5,0,0,0,0,0,0,0,1,1,6,6,2,62,9,-1,-1,-1,-1,9,E01022926,0,2
2024430074481,2024,430074481,2,9,0,9,9,8,6,0,0,6,0,0,0,0,1,1,6,6,1,35,6,-1,-1,-1,-1,-1,-1,0,-1
2024361444886,2024,361444886,1,1,0,-1,19,5,1,-1,0,0,1,0,0,0,1,1,-1,6,1,21,5,-1,-1,-1,-1,1,E01018107,0,1
202417M110524,2024,17M110524,2,9,0,-1,5,8,4,-1,0,1,0,0,0,0,1,1,-1,6,1,-1,-1,-1,-1,-1,-1,-1,-1,0,-1
2024061528586,2024,061528586,2,1,0,-1,19,1,5,-1,0,1,0,0,0,0,1,1,-1,6,1,66,10,-1,-1,-1,-1,9,E01006277,0,1
2024010505372,2024,010505372,2,22,0,18,19,1,5,0,0,0,0,0,0,0,3,1,6,6,2,63,9,-1,-1,-1,-1,5,E01003721,0,1
2024440056267,2024,440056267,1,9,0,18,19,6,2,0,0,2,0,0,0,0,1,1,6,6,1,84,11,-1,-1,-1,-1,9,E01022667,0,1
2024201449856,2024,201449856,2,90,0,-1,19,5,1,-1,0,0,0,0,0,0,1,1,-1,9,1,25,5,-1,-1,-1,-1,1,E01009383,0,1
2024010488082,2024,010488082,2,9,0,18,19,7,3,0,0,1,0,0,0,0,1,9,6,6,3,-1,-1,-1,-1,-1,-1,-1,-1,0,-1
2024430471844,2024,430471844,1,8,0,5,5,8,4,0,0,6,0,0,0,0,3,1,6,6,1,70,10,-1,-1,-1,-1,1,E01016372,0,1
2024302500206,2024,302500206,4,9,0,-1,2,0,0,-1,0,2,0,0,0,0,0,1,-1,6,3,-1,-1,-1,-1,-1,-1,-1,-1,0,-1
2024010490059,2024,010490059,1,11,0,3,3,5,1,0,0,2,0,0,0,0,0,1,1,1,2,45,7,-1,-1,-1,-1,7,E01004186,0,1
2024010522900,2024,010522900,2,9,0,18,19,1,5,0,0,0,0,4,0,0,4,1,6,6,1,24,5,-1,-1,-1,-1,5,E01003718,0,1
2024991458014,2024,991458014,2,9,0,-1,19,2,6,-1,0,0,0,0,0,0,1,1,-1,9,2,51,8,-1,-1,-1,-1,5,-1,0,4
2024041413183,2024,041413183,1,9,0,-1,19,5,1,-1,0,2,0,0,0,0,4,1,-1,2,1,27,6,-1,-1,-1,-1,3,E01025312,0,1
2024010536860,2024,010536860,1,9,0,18,19,5,1,0,0,2,1,0,0,0,1,1,6,6,1,19,4,-1,-1,-1,-1,2,E01000013,0,1
2024010494304,2024,010494304,1,3,0,99,99,9,9,99,99,9,9,99,9,99,1,1,1,1,1,23,5,-1,-1,-1,-1,7,E01003407,0,4
2024010493643,2024,010493643,2,19,0,18,19,1,5,0,0,1,0,0,0,0,0,1,6,6,1,23,5,-1,-1,-1,-1,9,E01002916,0,1
2024211520889,2024,211520889,2,9,0,-1,19,1,5,-1,0,4,0,0,0,0,4,1,-1,6,1,28,6,-1,-1,-1,-1,-1,-1,0,-1
2024052401724,2024,052401724,2,1,0,18,19,3,7,0,0,3,0,0,0,0,4,1,6,6,1,82,11,-1,-1,-1,-1,8,E01007279,0,2
2024471490985,2024,471490985,1,9,0,-1,5,4,8,-1,0,4,0,0,0,0,1,1,-1,6,2,-1,-1,-1,-1,-1,-1,-1,-1,0,-1
2024430311476,2024,430311476,1,1,0,18,19,1,4,0,0,8,0,0,0,0,1,1,6,6,1,44,7,-1,-1,-1,-1,10,E01023372,0,2
2024430341186,2024,430341186,2,1,0,18,19,7,3,4,4,0,5,0,1,0,3,1,6,6,2,24,5,-1,-1,-1,-1,8,E01028549,0,1
2024010555671,2024,010555671,1,1,9,99,99,9,9,99,99,9,9,99,9,99,9,1,6,6,1,41,7,-1,-1,-1,-1,4,E01001768,0,2
2024991394112,2024,991394112,1,9,0,-1,19,1,5,-1,0,0,0,0,7,4,1,1,-1,9,1,27,6,-1,-1,-1,-1,9,-1,0,1
2024451494974,2024,451494974,3,9,0,-1,19,6,2,-1,0,0,0,0,0,0,1,1,-1,6,1,30,6,-1,-1,-1,-1,5,E01001157,0,3
2024371495103,2024,371495103,1,9,0,-1,19,7,3,-1,0,0,0,0,7,2,1,1,-1,6,1,20,4,-1,-1,-1,-1,2,E01016941,0,5
2024010489316,2024,010489316,2,8,0,1,1,5,1,0,0,0,0,0,0,0,0,1,6,6,1,55,8,-1,-1,-1,-1,2,E01001765,0,3
2024430256172,2024,430256172,1,9,0,9,9,8,6,0,0,1,0,0,0,0,4,1,6,6,1,47,8,-1,-1,-1,-1,10,E01030778,0,4
2024201408536,2024,201408536,1,9,0,-1,1,1,4,-1,9,0,0,0,0,0,2,1,-1,6,1,45,7,-1,-1,-1,-1,-1,-1,0,-1
2024351415388,2024,351415388,1,9,0,-1,-1,-1,-1,-1,-1,-1,-1,-1,-1,0,-1,9,-1,6,1,-1,-1,-1,-1,-1,-1,1,E01026680,0,4
2024311440426,2024,311440426,1,9,0,-1,7,3,5,-1,0,1,5,0,0,0,1,1,-1,9,2,48,8,-1,-1,-1,-1,1,E01013833,0,1
2024010491067,2024,010491067,1,3,0,18,19,7,3,0,0,1,0,0,0,0,1,1,6,6,1,21,5,-1,-1,-1,-1,9,E01000829,0,1
2024320526503,2024,320526503,1,23,0,4,4,3,7,0,0,0,2,0,0,0,0,1,-1,-1,2,49,8,-1,-1,-1,-1,-1,-1,0,-1
2024451462361,2024,451462361,2,99,0,-1,19,1,4,-1,0,0,0,0,0,0,1,9,-1,6,3,-1,-1,-1,-1,-1,-1,-1,-1,0,-1
2024430280477,2024,430280477,1,1,0,18,19,6,2,0,0,0,0,0,0,0,3,1,6,6,1,47,8,-1,-1,-1,-1,10,E01017799,0,3