collision_index,collision_year,collision_ref_no,vehicle_reference,vehicle_type,towing_and_articulation,vehicle_manoeuvre_historic,vehicle_manoeuvre,vehicle_direction_from,vehicle_direction_to,vehicle_location_restricted_lane_historic,vehicle_location_restricted_lane,junction_location,skidding_and_overturning,hit_object_in_carriageway,vehicle_leaving_carriageway,hit_object_off_carriageway,first_point_of_impact,vehicle_left_hand_drive,journey_purpose_of_driver_historic,journey_purpose_of_driver,sex_of_driver,age_of_driver,age_band_of_driver,engine_capacity_cc,propulsion_code,age_of_vehicle,generic_make_model,driver_imd_decile,lsoa_of_driver,escooter_flag,driver_distance_banding
2024351537117,2024,351537117,1,21,1,-1,12,7,3,-1,0,0,0,0,0,0,3,2,-1,1,1,48,8,-1,-1,-1,-1,-1,-1,0,-1
2024440204544,2024,440204544,1,9,0,18,19,6,2,9,9,0,0,0,0,0,4,1,6,6,2,-1,-1,-1,-1,-1,-1,-1,-1,0,-1
2024471415121,2024,471415121,1,9,0,-1,5,1,5,-1,0,4,0,0,0,0,1,1,-1,6,1,-1,-1,-1,-1,-1,-1,3,E01031350,0,1
2024221516706,2024,221516706,1,9,0,-1,1,2,6,-1,0,0,0,0,0,0,2,1,-1,9,2,21,5,-1,-1,-1,-1,5,E01014065,0,1
2024161493573,2024,161493573,2,1,0,-1,19,6,2,-1,0,0,0,0,0,0,1,1,-1,6,1,50,8,-1,-1,-1,-1,9,E01013120,0,1
2024471535196,2024,471535196,1,9,0,-1,9,2,7,-1,0,0,0,0,0,0,1,1,-1,1,1,59,9,-1,-1,-1,-1,5,E01021109,0,2
2024531508086,2024,531508086,1,9,0,-1,9,6,3,-1,0,8,0,0,0,0,1,1,-1,2,2,32,6,-1,-1,-1,-1,9,E01032939,0,3
2024411425381,2024,411425381,1,1,0,-1,19,1,5,-1,0,3,0,0,0,0,1,1,-1,7,1,14,3,-1,-1,-1,-1,5,E01035583,0,1
2024010496560,2024,010496560,1,1,9,99,99,9,9,99,99,0,9,99,9,99,1,1,2,2,1,26,6,-1,-1,-1,-1,8,E01001390,0,1
2024031457233,2024,031457233,1,11,0,-1,4,1,5,-1,0,0,0,0,0,0,1,1,-1,6,3,-1,-1,-1,-1,-1,-1,-1,-1,0,-1
2024211419243,2024,211419243,1,9,0,-1,19,2,8,-1,0,0,0,0,0,0,4,1,-1,6,1,40,7,-1,-1,-1,-1,-1,-1,0,-1
2024122400435,2024,122400435,1,9,0,9,9,7,5,0,0,5,0,0,0,0,4,1,2,2,1,55,8,-1,-1,-1,-1,6,E01013364,0,4
2024201435931,2024,201435931,1,9,0,-1,19,2,7,-1,0,8,0,7,0,0,1,9,-1,6,3,-1,-1,-1,-1,-1,-1,-1,-1,0,-1
2024010530471,2024,010530471,1,9,9,99,99,9,9,99,99,9,9,99,9,99,2,9,6,6,1,38,7,-1,-1,-1,-1,5,E01002565,0,1
2024411508036,2024,411508036,1,1,0,-1,9,6,2,-1,0,8,0,0,0,0,1,1,-1,1,1,74,10,-1,-1,-1,-1,6,E01023845,0,1
2024440180137,2024,440180137,1,1,0,4,4,2,6,0,0,1,0,0,0,0,2,1,6,6,1,84,11,-1,-1,-1,-1,2,E01017156,0,1
2024201474262,2024,201474262,1,9,0,-1,3,2,6,-1,0,0,0,10,1,0,1,1,-1,6,3,-1,-1,-1,-1,-1,-1,-1,-1,0,-1
2024010528774,2024,010528774,2,1,0,18,19,1,5,0,0,1,0,4,0,0,1,1,6,6,1,52,8,-1,-1,-1,-1,-1,-1,0,-1
2024010504130,2024,010504130,2,1,0,18,19,5,1,0,0,8,0,5,0,0,1,1,6,6,1,25,5,-1,-1,-1,-1,2,E01004674,0,1
2024010542188,2024,010542188,2,9,0,99,99,9,9,99,99,9,9,99,9,99,1,9,6,6,3,61,9,-1,-1,-1,-1,4,E01000929,0,1
2024131467068,2024,131467068,1,9,0,-1,-1,-1,-1,-1,-1,0,-1,-1,-1,-1,-1,1,-1,6,3,-1,-1,-1,-1,-1,-1,-1,-1,0,-1
2024010511814,2024,010511814,1,1,9,99,99,9,9,99,99,9,9,99,9,99,1,1,2,2,2,30,6,-1,-1,-1,-1,8,E01004623,0,1
2024101503438,2024,101503438,2,9,-1,-1,19,3,7,-1,0,1,0,0,0,0,4,9,-1,6,1,57,9,-1,-1,-1,-1,1,E01008331,0,2
2024622400679,2024,622400679,1,9,0,18,19,6,2,0,0,1,0,0,0,0,1,1,6,6,3,-1,-1,-1,-1,-1,-1,-1,-1,0,-1
2024461474388,2024,461474388,1,9,0,-1,7,1,4,-1,0,4,0,0,0,0,3,2,-1,9,1,59,9,-1,-1,-1,-1,-1,-1,0,-1
2024041462397,2024,041462397,2,1,0,-1,19,5,2,-1,0,0,0,0,0,0,2,1,-1,6,1,56,9,-1,-1,-1,-1,5,E01025401,0,1
2024201426837,2024,201426837,1,9,0,-1,19,7,3,-1,0,0,0,0,0,0,1,9,-1,6,1,-1,-1,-1,-1,-1,-1,-1,-1,0,-1
2024010503191,2024,010503191,2,1,0,18,19,3,7,0,0,8,0,0,0,0,1,1,2,2,1,54,8,-1,-1,-1,-1,5,E01020454,0,5
2024010497829,2024,010497829,1,1,9,99,99,9,9,99,99,9,9,99,9,99,9,1,2,2,1,29,6,-1,-1,-1,-1,2,E01035538,0,5
2024010536074,2024,010536074,1,9,0,18,19,7,3,0,0,0,0,0,0,0,3,1,6,6,3,-1,-1,-1,-1,-1,-1,-1,-1,0,-1
2024010495139,2024,010495139,1,3,0,99,99,9,9,99,99,9,9,99,9,99,1,1,6,6,1,21,5,-1,-1,-1,-1,2,E01003432,0,1
2024522401374,2024,522401374,1,1,0,18,19,5,1,5,5,0,0,0,0,0,1,1,6,6,2,45,7,-1,-1,-1,-1,7,E01014611,0,1
2024552400517,2024,552400517,1,99,0,13,13,8,4,0,0,0,0,0,0,0,4,1,6,6,3,-1,-1,-1,-1,-1,-1,-1,-1,0,-1
2024231472386,2024,231472386,1,9,0,-1,19,1,5,-1,0,8,0,0,0,0,1,9,-1,6,3,38,7,-1,-1,-1,-1,-1,-1,0,-1
2024311447225,2024,311447225,1,-1,0,-1,19,4,8,-1,9,0,0,0,0,0,1,1,-1,9,1,40,7,-1,-1,-1,-1,7,E01013977,1,1
2024010498892,2024,010498892,2,1,0,18,19,3,7,0,0,0,0,0,0,0,3,1,6,6,1,34,6,-1,-1,-1,-1,1,E01002095,0,1
2024031509423,2024,031509423,2,9,4,-1,3,3,3,-1,0,0,0,0,1,4,2,1,-1,1,1,46,8,-1,-1,-1,-1,5,E01019259,0,4
2024320583816,2024,320583816,2,9,0,-1,-1,8,3,0,0,8,0,0,0,0,3,1,-1,-1,2,36,7,-1,-1,-1,-1,7,E01028075,0,4
2024010513920,2024,010513920,1,1,0,17,19,1,5,9,9,0,2,4,1,0,1,1,6,6,1,21,5,-1,-1,-1,-1,2,E01000052,0,2
2024320623736,2024,320623736,1,9,4,9,9,2,8,0,0,5,0,0,0,0,2,1,-1,-1,2,36,7,-1,-1,-1,-1,-1,-1,0,-1
2024451412190,2024,451412190,2,1,0,-1,9,3,7,-1,9,1,0,0,0,0,0,1,-1,6,1,43,7,-1,-1,-1,-1,6,E01030738,0,1
2024010492589,2024,010492589,2,9,0,99,99,9,9,99,99,9,9,99,9,99,9,9,6,6,3,-1,-1,-1,-1,-1,-1,-1,-1,0,-1
2024471422934,2024,471422934,1,1,0,-1,14,3,7,-1,0,0,0,0,0,0,4,1,-1,9,1,57,9,-1,-1,-1,-1,1,E01016867,0,1
2024161535970,2024,161535970,2,1,0,-1,10,5,3,-1,4,1,0,0,0,0,3,1,-1,6,2,56,9,-1,-1,-1,-1,1,E01012915,0,1
2024201495914,2024,201495914,2,1,0,-1,7,6,1,-1,0,5,0,0,0,0,3,1,-1,9,1,37,7,-1,-1,-1,-1,1,E01009053,0,1
2024631473940,2024,631473940,1,9,0,-1,9,2,7,-1,0,6,0,0,3,0,4,2,-1,9,1,49,8,-1,-1,-1,-1,-1,-1,0,-1
202454D521124,2024,54D521124,2,9,0,18,19,3,7,0,0,4,0,0,0,0,4,1,6,6,2,46,8,-1,-1,-1,-1,3,E01031914,0,3
2024501501935,2024,501501935,1,9,-1,-1,19,1,5,-1,0,1,0,0,0,0,4,9,-1,6,3,-1,-1,-1,-1,-1,-1,-1,-1,0,-1
2024141405001,2024,141405001,1,1,0,-1,19,4,8,-1,0,0,0,0,0,0,3,1,-1,2,2,50,8,-1,-1,-1,-1,1,E01007531,0,1
2024332401096,2024,332401096,2,1,0,-1,19,1,5,-1,0,8,0,0,0,0,1,1,-1,6,1,50,8,-1,-1,-1,-1,8,E01025658,0,1
2024522401623,2024,522401623,1,1,0,18,19,8,4,0,0,0,0,0,0,0,1,1,6,6,2,33,6,-1,-1,-1,-1,4,E01014488,0,1
2024361548097,2024,361548097,2,9,0,-1,2,0,0,-1,0,0,0,0,0,0,1,1,-1,6,-1,-1,-1,-1,-1,-1,-1,-1,-1,0,-1
2024010498045,2024,010498045,1,9,0,4,4,7,3,0,0,1,0,0,0,0,1,1,6,6,1,65,9,-1,-1,-1,-1,5,E01003156,0,1
2024401527725,2024,401527725,1,9,0,-1,19,2,5,-1,0,0,1,0,0,0,1,1,-1,6,2,19,4,-1,-1,-1,-1,10,E01017405,0,1
2024111399410,2024,111399410,1,19,0,-1,9,4,2,-1,0,1,0,0,0,0,4,9,-1,6,3,30,6,-1,-1,-1,-1,-1,-1,0,-1
2024111498024,2024,111498024,2,19,0,-1,3,2,6,-1,0,0,0,0,0,0,2,1,-1,1,1,61,9,-1,-1,-1,-1,7,E01020879,0,3
2024010506473,2024,010506473,1,1,9,99,99,9,9,99,99,9,9,99,9,99,9,1,2,2,2,30,6,-1,-1,-1,-1,3,E01035642,0,1
2024631505380,2024,631505380,1,9,0,-1,19,8,4,-1,0,0,0,0,0,0,1,1,-1,9,1,76,11,-1,-1,-1,-1,5,W01000582,0,2
2024461461626,2024,461461626,1,1,0,-1,19,2,5,-1,0,1,0,0,0,0,1,1,-1,6,1,22,5,-1,-1,-1,-1,4,E01016163,0,1
2024430576405,2024,430576405,1,11,0,7,7,3,5,0,0,3,0,0,0,0,1,1,1,1,1,-1,-1,-1,-1,-1,-1,-1,-1,0,-1
2024451487853,2024,451487853,2,1,0,-1,19,5,1,-1,0,1,0,0,0,0,1,1,-1,9,1,82,11,-1,-1,-1,-1,10,E01030868,0,2
2024610041624,2024,610041624,1,19,0,18,19,3,7,0,0,3,5,0,0,0,3,1,6,6,1,22,5,-1,-1,-1,-1,3,W01001885,0,2
2024201456607,2024,201456607,1,9,0,-1,19,5,1,-1,0,0,0,0,0,0,0,9,-1,9,3,-1,-1,-1,-1,-1,-1,-1,-1,0,-1
2024052401041,2024,052401041,3,9,0,18,19,3,7,0,0,0,0,0,0,0,1,1,6,6,1,73,10,-1,-1,-1,-1,8,E01006859,0,1
2024122400683,2024,122400683,1,1,0,18,19,2,6,9,9,0,0,0,0,0,0,1,6,6,1,44,7,-1,-1,-1,-1,6,E01013364,0,1
2024547761124,2024,547761124,1,1,0,5,5,2,6,0,0,0,0,0,1,0,3,1,6,6,1,64,9,-1,-1,-1,-1,7,E01034540,0,1
2024010492326,2024,010492326,2,19,0,9,9,5,2,0,0,3,0,0,0,0,3,1,1,1,1,72,10,-1,-1,-1,-1,7,E01023531,0,3
2024010496528,2024,010496528,1,11,0,4,4,7,3,2,2,1,0,4,0,0,1,1,1,1,1,65,9,-1,-1,-1,-1,9,E01030933,0,4
2024010496433,2024,010496433,1,97,0,99,99,9,9,0,0,9,0,99,9,99,9,9,1,1,1,30,6,-1,-1,-1,-1,10,E01002153,0,1
2024010503681,2024,010503681,1,1,9,99,99,9,9,99,99,9,9,99,9,99,1,1,1,1,1,26,6,-1,-1,-1,-1,6,E01002135,0,2
2024010526453,2024,010526453,1,1,0,18,19,5,1,0,0,1,0,0,0,0,3,1,6,6,2,22,5,-1,-1,-1,-1,8,E01003039,0,1
2024070588429,2024,070588429,1,1,0,18,19,6,2,0,0,2,0,0,0,0,1,1,6,6,1,66,10,-1,-1,-1,-1,3,E01018731,0,1
2024052400528,2024,052400528,3,9,0,4,4,8,4,0,0,0,0,0,0,0,2,1,6,6,2,-1,-1,-1,-1,-1,-1,7,E01007044,0,2
2024010492295,2024,010492295,2,9,0,18,19,5,1,0,0,2,0,0,3,0,1,2,6,6,2,24,5,-1,-1,-1,-1,9,E01002386,0,1
2024070631808,2024,070631808,1,4,0,17,19,7,8,0,0,0,0,0,0,0,0,1,6,6,3,-1,-1,-1,-1,-1,-1,-1,-1,0,-1
2024010493821,2024,010493821,1,9,0,99,99,9,9,99,99,0,9,99,9,99,9,9,6,6,1,33,6,-1,-1,-1,-1,7,E01030734,0,2
2024041493199,2024,041493199,1,23,0,-1,19,1,5,-1,0,0,0,0,0,0,-1,1,-1,6,1,19,4,-1,-1,-1,-1,1,E01012739,0,4
2024131444343,2024,131444343,1,9,0,-1,19,5,1,-1,0,0,1,6,6,11,4,1,-1,6,1,37,7,-1,-1,-1,-1,1,E01010822,0,1
2024451474475,2024,451474475,1,1,0,-1,9,1,5,-1,0,8,0,0,0,0,2,1,-1,2,1,42,7,-1,-1,-1,-1,10,E01030798,0,3
2024451494974,2024,451494974,2,9,0,-1,19,6,2,-1,0,0,0,0,0,0,2,1,-1,6,1,55,8,-1,-1,-1,-1,5,E01001077,0,1
2024101562308,2024,101562308,1,1,0,-1,9,8,5,-1,0,0,0,0,0,0,4,1,-1,6,1,15,3,-1,-1,-1,-1,7,E01008852,0,1
2024201470176,2024,201470176,2,9,0,-1,19,3,7,-1,0,8,0,0,7,0,1,1,-1,9,1,25,5,-1,-1,-1,-1,-1,-1,0,-1
2024211475389,2024,211475389,2,9,0,-1,3,5,1,-1,0,0,0,0,0,0,2,1,-1,6,1,63,9,-1,-1,-1,-1,-1,-1,0,-1
2024010496907,2024,010496907,3,9,0,2,2,0,0,0,0,0,0,0,0,0,0,1,6,6,3,-1,-1,-1,-1,-1,-1,-1,-1,0,-1
2024471505649,2024,471505649,1,9,0,-1,19,3,7,-1,0,0,0,0,0,0,4,1,-1,1,1,40,7,-1,-1,-1,-1,8,E01030845,0,4
2024010500408,2024,010500408,1,22,0,99,99,9,9,99,99,9,9,99,9,99,1,9,6,6,3,-1,-1,-1,-1,-1,-1,-1,-1,0,-1
2024371437293,2024,371437293,1,9,0,-1,3,6,2,-1,0,1,0,0,0,0,1,1,-1,6,2,53,8,-1,-1,-1,-1,8,E01033452,0,1
2024451520209,2024,451520209,2,9,0,-1,19,5,1,-1,0,1,1,4,1,11,4,1,-1,2,1,39,7,-1,-1,-1,-1,7,E01030347,0,3
2024991531039,2024,991531039,2,1,0,-1,12,5,1,-1,0,0,0,0,0,0,1,1,-1,2,1,40,7,-1,-1,-1,-1,3,-1,0,2
2024010508567,2024,010508567,1,9,0,18,19,5,1,0,0,8,0,0,0,0,1,1,6,6,1,22,5,-1,-1,-1,-1,5,E01002454,0,2
2024440497173,2024,440497173,1,21,0,18,19,6,2,0,0,0,0,0,0,0,4,1,1,1,3,-1,-1,-1,-1,-1,-1,-1,-1,0,-1
2024451428437,2024,451428437,1,16,0,-1,19,1,5,-1,0,0,0,0,0,0,0,1,-1,9,2,18,4,-1,-1,-1,-1,10,E01030324,0,1
2024332400987,2024,332400987,2,1,0,-1,19,5,1,-1,0,2,0,0,0,0,1,1,-1,6,1,12,3,-1,-1,-1,-1,4,E01013711,0,1
2024010520542,2024,010520542,1,1,9,99,99,9,9,99,99,9,9,99,9,99,2,1,6,6,2,30,6,-1,-1,-1,-1,4,E01003054,0,1
2024311404934,2024,311404934,1,3,0,-1,19,8,4,-1,0,6,1,0,0,0,1,1,-1,6,1,31,6,-1,-1,-1,-1,-1,-1,0,-1
2024211521661,2024,211521661,2,9,0,-1,19,3,7,-1,0,1,0,0,0,0,1,1,-1,6,2,44,7,-1,-1,-1,-1,4,E01029797,0,2
2024070357776,2024,070357776,2,1,0,12,12,8,4,0,0,0,0,0,0,0,4,1,6,6,2,24,5,-1,-1,-1,-1,8,E01018361,0,1
2024440299521,2024,440299521,1,1,0,18,19,4,8,0,0,1,0,0,0,0,1,1,6,6,1,35,6,-1,-1,-1,-1,2,E01017169,0,1
2024411493068,2024,411493068,2,9,0,-1,15,7,3,-1,0,4,0,0,0,0,4,1,-1,6,1,58,9,-1,-1,-1,-1,8,E01023834,0,3
2024052401928,2024,052401928,2,9,0,18,19,7,3,0,0,0,0,0,0,0,1,1,6,6,1,62,9,-1,-1,-1,-1,3,E01007240,0,2
2024302400405,2024,302400405,2,1,0,18,19,1,5,0,0,0,0,0,0,0,4,1,6,6,1,19,4,-1,-1,-1,-1,1,E01033167,0,1
202417L104624,2024,17L104624,1,8,0,-1,7,2,6,-1,0,8,0,0,0,0,1,1,-1,6,3,-1,-1,-1,-1,-1,-1,-1,-1,0,-1
2024010496479,2024,010496479,1,1,9,99,99,9,9,99,99,1,9,99,9,99,9,1,6,6,1,58,9,-1,-1,-1,-1,5,E01000534,0,1
2024010543388,2024,010543388,1,9,0,99,99,9,9,99,99,9,9,99,9,99,1,9,6,6,3,-1,-1,-1,-1,-1,-1,-1,-1,0,-1
2024161529999,2024,161529999,1,1,0,-1,19,3,7,-1,0,0,0,0,0,0,4,1,-1,1,1,46,8,-1,-1,-1,-1,1,E01012889,0,1
2024552400914,2024,552400914,2,9,0,18,19,6,2,0,0,0,0,0,0,0,1,2,6,6,1,57,9,-1,-1,-1,-1,5,E01015456,0,1
2024031462004,2024,031462004,2,9,0,-1,-1,-1,-1,-1,-1,0,-1,-1,-1,0,-1,9,-1,6,3,-1,-1,-1,-1,-1,-1,-1,-1,0,-1
2024440379228,2024,440379228,1,3,0,18,19,4,8,0,0,1,0,0,0,0,1,1,6,6,1,33,6,-1,-1,-1,-1,9,E01022643,0,1
2024010497861,2024,010497861,2,9,0,99,99,9,9,99,99,9,9,99,9,99,1,9,6,6,3,-1,-1,-1,-1,-1,-1,-1,-1,0,-1
2024552401424,2024,552401424,1,9,0,18,19,6,2,0,0,0,0,4,0,0,4,1,2,2,2,-1,-1,-1,-1,-1,-1,6,E01021034,0,5
2024052402454,2024,052402454,2,9,0,7,7,3,5,0,0,1,0,0,0,0,2,1,6,6,1,33,6,-1,-1,-1,-1,2,E01006482,0,1
2024522500410,2024,522500410,2,9,0,1,1,1,4,0,0,1,0,0,0,0,2,1,6,6,3,-1,-1,-1,-1,-1,-1,-1,-1,0,-1
2024332400834,2024,332400834,3,9,0,-1,3,6,2,-1,0,0,0,0,0,0,2,1,-1,6,1,-1,-1,-1,-1,-1,-1,-1,-1,0,-1
2024141414895,2024,141414895,2,1,0,-1,19,5,1,-1,0,1,0,0,0,0,1,1,-1,2,2,56,9,-1,-1,-1,-1,5,E01008042,0,1
2024411476827,2024,411476827,2,9,0,-1,19,5,1,-1,0,2,5,0,1,0,2,1,-1,6,1,40,7,-1,-1,-1,-1,4,E01023790,0,1
2024061526702,2024,061526702,1,9,0,-1,2,2,7,-1,0,0,0,0,0,0,1,1,-1,9,2,65,9,-1,-1,-1,-1,5,E01005940,0,2
2024010544662,2024,010544662,2,9,0,99,99,9,9,99,99,9,9,99,9,99,9,9,6,6,3,-1,-1,-1,-1,-1,-1,-1,-1,0,-1
2024451397622,2024,451397622,1,9,0,-1,19,6,2,-1,0,0,0,0,2,4,3,1,-1,2,1,23,5,-1,-1,-1,-1,7,E01030879,0,1
2024101451653,2024,101451653,1,1,-1,-1,-1,-1,-1,-1,-1,0,-1,-1,-1,0,-1,1,-1,9,1,82,11,-1,-1,-1,-1,-1,-1,0,-1
2024622400694,2024,622400694,2,22,0,18,19,2,6,0,0,1,0,0,0,0,1,1,6,6,1,82,11,-1,-1,-1,-1,1,W01001835,0,1
2024430435257,2024,430435257,2,1,0,18,19,4,8,0,0,1,0,0,0,0,1,1,6,6,2,13,3,-1,-1,-1,-1,4,E01035247,0,1
2024320451147,2024,320451147,1,1,0,-1,-1,6,2,0,0,0,0,0,0,0,1,1,-1,-1,1,46,8,-1,-1,-1,-1,7,E01026208,0,2
2024201470182,2024,201470182,2,9,0,-1,7,4,6,-1,0,5,0,0,0,0,4,9,-1,9,1,21,5,-1,-1,-1,-1,3,E01008895,0,1
2024340NN2132,2024,340NN2132,2,2,0,-1,19,1,5,-1,0,3,0,0,0,0,4,1,-1,6,1,16,4,-1,-1,-1,-1,4,E01035429,0,1
2024531447008,2024,531447008,2,1,0,-1,19,1,5,-1,0,0,0,10,2,0,3,1,-1,9,1,22,5,-1,-1,-1,-1,10,E01022143,0,1
202460Q146274,2024,60Q146274,2,1,0,18,19,1,5,0,0,3,0,0,0,0,4,1,6,6,1,28,6,-1,-1,-1,-1,-1,-1,0,-1
2024010493909,2024,010493909,2,9,0,9,9,1,7,0,0,5,0,0,0,0,0,1,1,1,1,38,7,-1,-1,-1,-1,4,E01001484,0,1
2024010487671,2024,010487671,1,9,0,18,19,1,5,0,0,0,0,0,0,0,1,1,6,6,1,23,5,-1,-1,-1,-1,8,E01002328,0,1
2024031393721,2024,031393721,1,1,0,-1,19,5,1,-1,0,0,0,0,0,0,1,1,-1,6,1,28,6,-1,-1,-1,-1,-1,-1,0,-1
2024061458889,2024,061458889,1,9,0,-1,19,4,2,-1,0,0,0,0,0,0,-1,9,-1,6,3,-1,-1,-1,-1,-1,-1,-1,-1,0,-1
2024544222324,2024,544222324,2,9,0,18,19,1,5,0,0,0,0,0,1,0,3,1,6,6,2,39,7,-1,-1,-1,-1,7,E01035107,0,4
2024010496453,2024,010496453,1,9,0,18,19,5,1,0,0,0,0,0,0,0,1,1,6,6,1,67,10,-1,-1,-1,-1,4,E01000570,0,1
2024061494672,2024,061494672,2,1,0,-1,19,7,3,-1,0,1,0,0,0,0,1,1,-1,1,1,27,6,-1,-1,-1,-1,4,E01005214,0,1
2024430000656,2024,430000656,2,21,0,18,19,3,7,0,0,4,0,0,0,0,0,1,6,6,3,-1,-1,-1,-1,-1,-1,-1,-1,0,-1
2024141428309,2024,141428309,2,9,0,-1,9,7,3,-1,0,0,0,0,0,0,1,9,-1,6,1,-1,-1,-1,-1,-1,-1,-1,-1,0,-1
2024141457500,2024,141457500,2,9,0,-1,5,1,5,-1,0,0,0,4,0,0,1,9,-1,6,3,-1,-1,-1,-1,-1,-1,-1,-1,0,-1
2024991428281,2024,991428281,2,22,0,-1,19,6,2,-1,0,1,0,0,0,0,3,1,-1,6,1,47,8,-1,-1,-1,-1,2,-1,0,4
2024010493663,2024,010493663,1,9,9,99,99,9,9,99,99,9,9,99,9,99,9,9,6,6,3,-1,-1,-1,-1,-1,-1,-1,-1,0,-1
2024610013524,2024,610013524,1,9,0,4,4,2,6,0,0,0,0,0,0,0,2,1,1,1,2,29,6,-1,-1,-1,-1,2,W01001496,0,1
2024010544310,2024,010544310,1,9,0,9,9,5,3,0,0,2,0,0,0,0,1,1,6,6,3,-1,-1,-1,-1,-1,-1,-1,-1,0,-1
2024052400304,2024,052400304,1,19,0,18,19,7,3,0,0,1,0,0,0,0,1,1,6,6,2,57,9,-1,-1,-1,-1,9,E01007150,0,1
2024131435660,2024,131435660,1,97,0,-1,-1,-1,-1,-1,0,3,-1,0,0,0,4,1,-1,6,3,-1,-1,-1,-1,-1,-1,-1,-1,0,-1
2024010495003,2024,010495003,1,3,0,99,99,9,9,99,99,9,9,99,9,99,1,1,6,6,1,34,6,-1,-1,-1,-1,3,E01000984,0,1
2024440541104,2024,440541104,1,9,0,18,19,7,3,0,0,1,0,0,0,0,4,1,6,6,2,47,8,-1,-1,-1,-1,2,E01023029,0,2
2024320389267,2024,320389267,2,9,0,-1,-1,8,4,0,0,8,0,0,0,0,1,1,-1,-1,2,25,5,-1,-1,-1,-1,9,E01034693,0,3
2024531438811,2024,531438811,2,1,0,-1,19,2,6,-1,0,8,5,0,0,0,4,1,-1,6,1,45,7,-1,-1,-1,-1,6,E01022154,0,1
2024351489103,2024,351489103,1,19,0,-1,19,7,3,-1,0,0,0,0,7,5,1,1,-1,9,1,17,4,-1,-1,-1,-1,4,E01031030,0,5
2024010505669,2024,010505669,1,2,0,18,19,7,3,0,0,1,0,0,0,0,1,1,6,6,3,-1,-1,-1,-1,-1,-1,-1,-1,0,-1
2024610030624,2024,610030624,2,90,0,13,13,2,6,0,0,8,0,0,0,0,4,1,6,6,1,17,4,-1,-1,-1,-1,1,W01001668,0,2
2024991517381,2024,991517381,1,9,0,-1,19,4,8,-1,0,0,0,0,7,0,1,2,-1,9,1,26,6,-1,-1,-1,-1,4,E01000722,0,5
2024052401129,2024,052401129,2,22,0,18,19,6,2,0,0,3,5,10,0,0,0,1,6,6,1,72,10,-1,-1,-1,-1,7,E01007144,0,2
2024010491805,2024,010491805,2,3,0,13,13,1,5,0,0,1,1,0,1,0,1,1,2,2,1,35,6,-1,-1,-1,-1,8,E01000703,0,1
2024201524520,2024,201524520,2,9,0,-1,19,3,7,-1,0,8,0,0,0,0,1,9,-1,6,3,-1,-1,-1,-1,-1,-1,-1,-1,0,-1
2024141451924,2024,141451924,2,1,0,-1,19,1,4,-1,0,1,0,0,0,0,1,1,-1,6,1,22,5,-1,-1,-1,-1,1,E01008124,0,2
2024501494250,2024,501494250,1,9,0,-1,1,8,4,-1,0,0,0,0,0,0,2,1,-1,6,1,35,6,-1,-1,-1,-1,-1,-1,0,-1
2024010495822,2024,010495822,2,9,0,18,19,7,3,0,0,0,0,0,0,0,1,1,6,6,1,19,4,-1,-1,-1,-1,5,E01001895,0,1
2024440359443,2024,440359443,2,1,0,18,19,1,5,0,0,8,0,0,0,0,2,1,6,6,1,29,6,-1,-1,-1,-1,3,E01022549,0,1
2024201439037,2024,201439037,1,22,0,-1,19,3,1,-1,9,0,0,0,0,0,1,1,-1,6,3,-1,-1,-1,-1,-1,-1,-1,-1,0,-1
2024010492384,2024,010492384,1,3,0,18,19,3,7,0,0,1,0,0,0,0,2,1,6,6,1,51,8,-1,-1,-1,-1,3,E01000305,0,1
2024131479608,2024,131479608,2,9,0,-1,19,5,1,-1,0,0,0,0,0,0,2,1,-1,9,1,36,7,-1,-1,-1,-1,7,E01011050,0,2
2024421489462,2024,421489462,1,19,0,-1,1,3,7,-1,0,0,0,0,0,0,2,1,-1,6,1,-1,-1,-1,-1,-1,-1,-1,-1,0,-1
2024010489726,2024,010489726,2,9,0,99,99,9,9,99,99,9,9,99,9,99,1,9,6,6,1,-1,-1,-1,-1,-1,-1,-1,-1,0,-1
2024010541527,2024,010541527,1,1,9,99,99,9,9,99,99,9,9,99,9,99,1,1,2,2,1,28,6,-1,-1,-1,-1,5,E01004345,0,1
2024131414116,2024,131414116,1,9,0,-1,9,1,3,-1,0,8,0,0,0,0,1,1,-1,9,1,45,7,-1,-1,-1,-1,1,E01010735,0,1
2024010535221,2024,010535221,1,1,3,15,15,1,5,0,0,1,0,0,0,0,3,1,6,6,1,57,9,-1,-1,-1,-1,2,E01001191,0,1
2024010535631,2024,010535631,2,1,0,18,19,3,7,0,0,6,0,0,0,0,0,1,6,6,1,54,8,-1,-1,-1,-1,4,E01001278,0,1
2024231531629,2024,231531629,1,9,0,-1,5,4,7,-1,0,6,0,0,0,0,3,1,-1,9,1,75,10,-1,-1,-1,-1,7,E01031051,0,2
2024302401188,2024,302401188,2,9,0,18,19,3,7,0,0,1,0,0,0,0,0,1,6,6,3,-1,-1,-1,-1,-1,-1,5,E01019456,0,4
2024010517173,2024,010517173,1,9,0,5,5,5,1,0,0,8,0,0,0,0,3,1,2,2,1,39,7,-1,-1,-1,-1,6,E01000803,0,1
2024320413796,2024,320413796,2,1,0,-1,-1,5,7,0,0,2,5,0,0,0,2,1,-1,-1,1,14,3,-1,-1,-1,-1,5,E01026213,0,2
2024430285027,2024,430285027,1,1,0,18,19,6,2,0,0,1,0,0,0,0,3,1,2,2,1,46,8,-1,-1,-1,-1,10,E01016525,0,1
2024471497981,2024,471497981,2,99,-1,-1,19,5,1,-1,0,4,0,0,0,0,4,9,-1,6,3,-1,-1,-1,-1,-1,-1,-1,-1,0,-1
2024332400846,2024,332400846,2,5,0,-1,19,6,2,-1,0,0,0,0,0,0,1,1,-1,6,1,31,6,-1,-1,-1,-1,8,E01009644,0,4
2024471528835,2024,471528835,1,9,0,-1,19,3,7,-1,0,0,0,0,0,0,1,1,-1,9,1,36,7,-1,-1,-1,-1,4,E01021045,0,3