collision_index,collision_year,collision_ref_no,vehicle_reference,vehicle_type,towing_and_articulation,vehicle_manoeuvre_historic,vehicle_manoeuvre,vehicle_direction_from,vehicle_direction_to,vehicle_location_restricted_lane_historic,vehicle_location_restricted_lane,junction_location,skidding_and_overturning,hit_object_in_carriageway,vehicle_leaving_carriageway,hit_object_off_carriageway,first_point_of_impact,vehicle_left_hand_drive,journey_purpose_of_driver_historic,journey_purpose_of_driver,sex_of_driver,age_of_driver,age_band_of_driver,engine_capacity_cc,propulsion_code,age_of_vehicle,generic_make_model,driver_imd_decile,lsoa_of_driver,escooter_flag,driver_distance_banding
2024421497729,2024,421497729,1,97,0,-1,19,7,3,-1,0,0,0,0,0,0,1,1,-1,6,3,-1,-1,-1,-1,-1,-1,-1,-1,0,-1
2024010546871,2024,010546871,1,21,1,18,19,4,8,0,0,0,0,0,0,0,3,1,6,6,3,-1,-1,-1,-1,-1,-1,-1,-1,0,-1
2024351519842,2024,351519842,2,1,0,-1,7,-1,-1,-1,0,2,0,0,0,0,1,1,-1,2,2,38,7,-1,-1,-1,-1,8,E01032794,0,1
2024010513408,2024,010513408,1,1,9,99,99,9,9,99,99,9,9,99,9,99,9,1,6,6,2,37,7,-1,-1,-1,-1,7,E01004634,0,1
2024010488897,2024,010488897,1,9,0,99,99,9,9,99,99,9,9,99,9,99,9,9,6,6,1,18,4,-1,-1,-1,-1,7,E01001049,0,1
2024430517646,2024,430517646,2,9,0,18,19,6,2,0,0,0,0,0,0,0,3,1,6,6,1,52,8,-1,-1,-1,-1,6,E01000150,0,3
2024201420185,2024,201420185,2,1,0,-1,19,6,2,-1,0,8,0,0,0,0,1,1,-1,6,1,52,8,-1,-1,-1,-1,1,E01010107,0,1
2024201457581,2024,201457581,1,1,0,-1,19,8,4,-1,0,1,0,0,0,0,1,1,-1,1,1,33,6,-1,-1,-1,-1,1,E01009275,0,1
202460Q125292,2024,60Q125292,1,4,0,3,3,1,5,0,0,1,0,0,0,0,1,1,6,6,1,20,4,-1,-1,-1,-1,-1,-1,0,-1
2024201487622,2024,201487622,2,1,0,-1,3,2,8,-1,0,1,0,0,0,0,1,1,-1,6,2,43,7,-1,-1,-1,-1,1,E01009157,0,1
2024440263922,2024,440263922,2,9,0,18,19,3,7,0,0,1,0,0,0,0,1,1,6,6,2,-1,-1,-1,-1,-1,-1,-1,-1,0,-1
2024031411079,2024,031411079,2,1,-1,-1,-1,-1,-1,-1,-1,-1,-1,-1,-1,0,-1,1,-1,6,1,50,8,-1,-1,-1,-1,-1,-1,0,-1
2024201509588,2024,201509588,2,-1,0,-1,3,2,6,-1,0,1,0,0,0,0,0,1,-1,6,1,15,3,-1,-1,-1,-1,-1,-1,1,-1
2024010497013,2024,010497013,1,4,0,18,19,1,5,0,0,0,0,0,0,0,1,1,1,1,1,49,8,-1,-1,-1,-1,8,E01000669,0,2
2024010514374,2024,010514374,2,1,9,99,99,9,9,99,99,9,9,99,9,99,1,1,2,2,1,29,6,-1,-1,-1,-1,3,E01001834,0,1
2024361421446,2024,361421446,1,9,0,-1,4,5,5,-1,0,1,0,0,0,0,1,1,-1,9,1,34,6,-1,-1,-1,-1,5,E01026738,0,2
2024430491812,2024,430491812,3,11,0,3,3,7,3,0,0,0,0,0,0,0,0,1,1,1,1,-1,-1,-1,-1,-1,-1,-1,-1,0,-1
2024461430339,2024,461430339,1,1,0,-1,-1,-1,-1,-1,-1,0,-1,-1,-1,0,1,1,-1,6,3,-1,-1,-1,-1,-1,-1,-1,-1,0,-1
2024141493370,2024,141493370,1,97,0,-1,19,8,4,-1,0,8,0,0,0,0,1,1,-1,6,3,-1,-1,-1,-1,-1,-1,-1,-1,0,-1
2024010520006,2024,010520006,2,9,0,99,99,9,9,99,99,9,9,99,9,99,9,9,6,6,3,-1,-1,-1,-1,-1,-1,-1,-1,0,-1
2024302500229,2024,302500229,2,9,0,-1,9,8,6,-1,0,8,0,0,0,0,3,1,-1,9,1,17,4,-1,-1,-1,-1,8,E01019454,0,1
2024201561761,2024,201561761,2,1,0,-1,19,2,6,-1,0,1,0,0,0,0,4,1,-1,6,1,16,4,-1,-1,-1,-1,1,E01009514,0,1
2024010492390,2024,010492390,1,9,0,18,19,1,5,0,0,0,0,0,0,0,1,1,2,2,1,50,8,-1,-1,-1,-1,2,E01034478,0,2
2024010490166,2024,010490166,1,9,0,18,19,3,7,0,0,8,5,4,0,0,4,1,6,6,2,52,8,-1,-1,-1,-1,7,E01035011,0,4
2024451497517,2024,451497517,4,9,0,-1,2,3,7,-1,0,1,0,0,0,0,3,9,-1,9,1,49,8,-1,-1,-1,-1,10,E01002924,0,3
2024552400968,2024,552400968,1,9,0,7,7,8,1,9,9,5,0,0,0,0,0,1,6,6,3,-1,-1,-1,-1,-1,-1,-1,-1,0,-1
2024041447938,2024,041447938,2,9,0,-1,19,2,6,-1,0,2,0,0,0,0,1,1,-1,9,1,24,5,-1,-1,-1,-1,5,E01025395,0,2
2024010518197,2024,010518197,2,9,0,99,99,9,9,99,99,9,9,99,9,99,9,9,6,6,3,-1,-1,-1,-1,-1,-1,-1,-1,0,-1
2024010510041,2024,010510041,2,1,0,12,12,1,5,9,9,8,0,0,0,0,0,1,6,6,1,25,5,-1,-1,-1,-1,3,E01015813,0,4
2024522402850,2024,522402850,1,1,0,18,19,5,1,0,0,8,0,0,0,0,3,1,6,6,1,16,4,-1,-1,-1,-1,1,E01014832,0,1
2024131417916,2024,131417916,2,1,0,-1,19,5,1,-1,0,1,5,0,0,0,1,1,-1,1,1,52,8,-1,-1,-1,-1,3,E01011469,0,1
2024430508269,2024,430508269,2,9,0,18,19,8,4,0,0,1,0,0,0,0,1,1,6,6,1,-1,-1,-1,-1,-1,-1,-1,-1,0,-1
2024401535954,2024,401535954,4,9,0,-1,19,3,7,-1,0,0,0,0,0,0,1,1,-1,6,1,56,9,-1,-1,-1,-1,5,E01000110,0,4
2024041399596,2024,041399596,1,98,0,-1,4,-1,-1,-1,0,0,0,0,0,0,-1,9,-1,6,3,-1,-1,-1,-1,-1,-1,-1,-1,0,-1
2024010489898,2024,010489898,1,3,0,10,10,4,2,0,0,1,0,0,0,0,4,1,1,1,1,28,6,-1,-1,-1,-1,7,E01000573,0,4
2024631397360,2024,631397360,1,9,0,-1,19,8,4,-1,0,0,0,0,0,0,1,1,-1,9,2,20,4,-1,-1,-1,-1,4,W01000617,0,3
2024411482923,2024,411482923,3,9,0,-1,19,6,2,-1,0,0,0,0,0,0,9,9,-1,6,2,25,5,-1,-1,-1,-1,9,E01023417,0,2
2024061424367,2024,061424367,1,9,0,-1,5,5,1,-1,0,0,0,0,0,0,1,9,-1,7,2,-1,-1,-1,-1,-1,-1,1,E01005291,0,1
2024430346459,2024,430346459,1,9,0,7,7,6,8,0,0,6,0,0,0,0,1,2,6,6,2,32,6,-1,-1,-1,-1,-1,-1,0,-1
2024010494356,2024,010494356,2,9,0,99,99,9,9,99,99,9,9,99,9,99,9,9,6,6,3,-1,-1,-1,-1,-1,-1,-1,-1,0,-1
2024052401618,2024,052401618,1,9,0,12,12,3,7,0,0,1,0,0,0,0,3,1,6,6,3,-1,-1,-1,-1,-1,-1,-1,-1,0,-1
2024010515483,2024,010515483,1,1,0,18,19,3,7,0,0,1,0,0,1,0,1,1,1,1,1,32,6,-1,-1,-1,-1,3,E01004062,0,1
2024311479715,2024,311479715,2,5,0,-1,15,1,4,-1,0,0,5,4,0,0,1,1,-1,9,1,43,7,-1,-1,-1,-1,10,E01028196,0,2
2024340WN5892,2024,340WN5892,1,9,0,-1,19,5,1,-1,0,8,0,0,0,0,1,1,-1,6,1,-1,-1,-1,-1,-1,-1,-1,-1,0,-1
2024430594760,2024,430594760,2,1,0,18,19,1,5,0,0,8,0,0,0,0,4,1,6,6,1,63,9,-1,-1,-1,-1,3,E01016423,0,2
2024520002734,2024,520002734,2,-1,0,18,19,3,7,0,0,0,0,0,0,0,1,1,6,6,1,18,4,-1,-1,-1,-1,9,E01014481,1,1
2024070714006,2024,070714006,1,9,0,-1,19,8,2,-1,0,0,0,12,0,0,1,1,-1,9,3,35,6,-1,-1,-1,-1,-1,-1,0,-1
2024991484851,2024,991484851,2,19,0,-1,4,3,6,-1,0,0,0,4,0,0,2,1,-1,1,2,39,7,-1,-1,-1,-1,9,-1,0,4
2024991423926,2024,991423926,2,1,0,-1,19,2,6,-1,5,0,0,0,0,0,1,1,-1,9,2,56,9,-1,-1,-1,-1,4,-1,0,1
2024631472908,2024,631472908,2,9,0,-1,4,6,2,-1,0,0,0,0,0,0,2,1,-1,6,1,54,8,-1,-1,-1,-1,7,W01000460,0,1
2024010507147,2024,010507147,1,1,9,99,99,9,9,99,99,9,9,99,9,99,1,1,2,2,1,30,6,-1,-1,-1,-1,7,E01004146,0,2
2024010487455,2024,010487455,1,3,0,18,19,4,8,0,0,1,0,0,0,0,1,1,6,6,1,24,5,-1,-1,-1,-1,-1,-1,0,-1
2024141512406,2024,141512406,2,1,0,-1,7,7,1,-1,0,2,1,0,0,0,1,1,-1,6,1,5,1,-1,-1,-1,-1,2,E01007343,0,1
2024010531641,2024,010531641,2,1,0,18,19,7,3,0,0,8,5,0,0,0,1,1,6,6,1,62,9,-1,-1,-1,-1,7,E01001907,0,1
2024542436324,2024,542436324,1,9,0,18,19,1,5,0,0,0,0,0,0,0,9,1,6,6,3,-1,-1,-1,-1,-1,-1,-1,-1,0,-1
2024010532793,2024,010532793,2,1,9,99,99,9,9,99,99,9,9,99,9,99,1,1,2,2,1,55,8,-1,-1,-1,-1,5,E01001607,0,3
2024991521844,2024,991521844,2,9,0,-1,19,3,7,-1,0,0,0,0,0,0,1,1,-1,9,1,60,9,-1,-1,-1,-1,-1,-1,0,-1
2024010490060,2024,010490060,1,3,0,99,99,9,9,99,99,9,9,99,9,99,1,1,1,1,3,31,6,-1,-1,-1,-1,8,E01002483,0,4
2024430482713,2024,430482713,2,9,0,18,19,4,8,0,0,6,0,0,0,0,1,1,6,6,1,-1,-1,-1,-1,-1,-1,-1,-1,0,-1
2024031475344,2024,031475344,2,1,0,-1,19,2,7,-1,0,1,0,0,0,0,1,1,-1,6,1,63,9,-1,-1,-1,-1,-1,-1,0,-1
2024302401598,2024,302401598,1,19,0,9,9,3,2,0,0,8,0,0,0,0,4,1,6,6,3,-1,-1,-1,-1,-1,-1,5,E01019456,0,3
2024451433030,2024,451433030,2,9,0,-1,10,3,2,-1,0,6,0,0,0,0,3,1,-1,6,2,49,8,-1,-1,-1,-1,-1,-1,0,-1
2024991399986,2024,991399986,2,9,0,-1,19,4,1,-1,0,1,0,0,0,0,1,1,-1,6,2,25,5,-1,-1,-1,-1,4,-1,0,2
2024010537793,2024,010537793,3,1,0,18,19,6,2,0,0,8,0,0,0,0,1,1,6,6,1,26,6,-1,-1,-1,-1,8,E01004500,0,1
2024552400839,2024,552400839,1,8,0,5,5,6,2,0,0,0,0,0,0,0,0,1,1,1,3,-1,-1,-1,-1,-1,-1,-1,-1,0,-1
2024401473861,2024,401473861,1,90,0,-1,19,7,3,-1,0,0,0,0,0,0,1,1,-1,1,1,26,6,-1,-1,-1,-1,9,E01017372,0,1
2024010507914,2024,010507914,2,9,9,99,99,9,9,99,99,9,9,99,9,99,9,9,6,6,2,-1,-1,-1,-1,-1,-1,-1,-1,0,-1
2024061536795,2024,061536795,2,16,0,-1,19,4,8,-1,0,0,0,0,0,0,2,1,-1,9,2,60,9,-1,-1,-1,-1,8,E01005058,0,2
2024421407146,2024,421407146,1,9,0,-1,19,1,5,-1,0,0,0,0,0,0,1,1,-1,6,1,45,7,-1,-1,-1,-1,5,E01033459,0,1
2024010543947,2024,010543947,2,1,0,18,19,3,7,0,0,8,0,0,0,0,4,1,6,6,2,34,6,-1,-1,-1,-1,-1,-1,0,-1
2024411453781,2024,411453781,1,98,-1,-1,-1,-1,-1,-1,-1,-1,-1,-1,-1,0,-1,9,-1,6,1,-1,-1,-1,-1,-1,-1,-1,-1,0,-1
2024010493907,2024,010493907,1,3,0,18,19,3,7,0,0,8,0,0,0,0,1,1,6,6,1,29,6,-1,-1,-1,-1,7,E01002203,0,1
2024622400845,2024,622400845,3,9,0,2,2,0,0,0,0,0,0,0,0,0,1,1,6,6,3,-1,-1,-1,-1,-1,-1,-1,-1,0,-1
2024010529472,2024,010529472,1,1,0,14,14,5,1,0,0,0,0,0,0,0,3,1,1,1,1,18,4,-1,-1,-1,-1,6,E01000159,0,1
2024141419100,2024,141419100,1,9,0,-1,19,1,5,-1,0,1,0,0,0,0,1,1,-1,9,1,19,4,-1,-1,-1,-1,7,E01034249,0,1
2024430285027,2024,430285027,2,19,0,13,13,6,2,0,0,1,0,0,0,0,4,1,6,6,1,-1,-1,-1,-1,-1,-1,-1,-1,0,-1
2024522402343,2024,522402343,2,1,0,3,3,7,3,0,0,4,0,0,0,0,3,1,6,6,2,40,7,-1,-1,-1,-1,10,E01014881,0,1
2024052400448,2024,052400448,2,1,0,18,19,7,3,0,0,3,0,0,0,0,4,1,2,2,1,40,7,-1,-1,-1,-1,1,E01007007,0,1
2024522403094,2024,522403094,1,-1,0,18,19,1,5,0,0,2,0,0,0,0,4,1,6,6,1,64,9,-1,-1,-1,-1,10,E01014513,1,1
2024440426185,2024,440426185,2,9,0,7,7,8,2,0,0,8,0,0,0,0,1,1,6,6,3,-1,-1,-1,-1,-1,-1,-1,-1,0,-1
2024010492478,2024,010492478,1,9,0,5,5,3,7,0,0,2,0,0,0,0,0,1,3,7,1,20,4,-1,-1,-1,-1,2,E01000017,0,1
2024351539318,2024,351539318,2,1,-1,-1,-1,-1,-1,-1,-1,-1,-1,-1,-1,0,-1,1,-1,9,1,60,9,-1,-1,-1,-1,3,E01018093,0,1
2024221525025,2024,221525025,1,9,0,-1,19,6,2,-1,0,0,5,0,1,9,1,9,-1,6,1,39,7,-1,-1,-1,-1,4,E01014033,0,1
2024010493694,2024,010493694,5,19,0,18,19,1,5,0,0,0,0,0,0,0,4,1,6,6,1,24,5,-1,-1,-1,-1,-1,-1,0,-1
2024010533255,2024,010533255,1,9,0,9,9,5,3,0,0,2,0,0,0,0,1,1,6,6,1,23,5,-1,-1,-1,-1,1,E01002093,0,1
2024610029124,2024,610029124,1,9,0,9,9,7,5,0,0,8,0,0,0,0,1,1,6,6,1,87,11,-1,-1,-1,-1,10,W01001390,0,1
2024010542558,2024,010542558,2,9,0,9,9,1,7,0,0,1,0,0,0,0,4,1,6,6,3,-1,-1,-1,-1,-1,-1,-1,-1,0,-1
2024010529400,2024,010529400,1,9,0,99,99,9,9,99,99,9,9,99,9,99,0,9,6,6,1,-1,-1,-1,-1,-1,-1,-1,-1,0,-1
2024430583360,2024,430583360,2,1,0,18,19,4,8,0,0,0,0,0,0,0,2,1,6,6,1,20,4,-1,-1,-1,-1,8,E01022005,0,5
2024991501006,2024,991501006,1,9,0,-1,19,4,8,-1,0,1,0,0,0,0,4,9,-1,6,3,-1,-1,-1,-1,-1,-1,-1,-1,0,-1
2024010492988,2024,010492988,1,20,0,1,1,1,5,0,0,1,0,0,0,0,4,1,6,6,1,54,8,-1,-1,-1,-1,8,E01002495,0,1
2024122400465,2024,122400465,1,9,0,17,19,3,6,0,0,0,5,0,1,2,1,1,6,6,1,36,7,-1,-1,-1,-1,7,E01013336,0,1
2024201563583,2024,201563583,1,9,0,-1,19,3,4,-1,0,0,0,0,0,0,1,9,-1,9,3,-1,-1,-1,-1,-1,-1,-1,-1,0,-1
2024531470546,2024,531470546,2,9,0,-1,9,3,7,-1,0,1,0,0,0,0,2,1,-1,9,1,31,6,-1,-1,-1,-1,7,E01022247,0,2
2024010541372,2024,010541372,2,1,9,99,99,9,9,99,99,9,9,99,9,99,9,1,6,6,3,-1,-1,-1,-1,-1,-1,-1,-1,0,-1
2024471514281,2024,471514281,1,9,0,-1,19,3,7,-1,0,4,0,0,0,0,1,1,-1,2,1,64,9,-1,-1,-1,-1,4,E01031364,0,2
2024010517307,2024,010517307,1,9,9,99,99,9,9,0,0,9,0,99,0,0,9,9,6,6,3,-1,-1,-1,-1,-1,-1,-1,-1,0,-1
2024201441123,2024,201441123,2,9,0,-1,4,2,7,-1,0,1,0,0,0,0,2,9,-1,9,1,30,6,-1,-1,-1,-1,1,E01010450,0,1
2024430004425,2024,430004425,2,9,0,3,3,3,7,0,0,0,0,0,0,0,2,1,2,2,2,51,8,-1,-1,-1,-1,5,E01023806,0,3
2024010504745,2024,010504745,2,1,0,18,19,3,7,0,0,1,0,0,0,0,1,1,6,6,1,61,9,-1,-1,-1,-1,9,E01014668,0,5
2024010493672,2024,010493672,2,90,9,5,5,5,1,0,0,4,0,99,0,0,4,9,1,1,1,-1,-1,-1,-1,-1,-1,6,E01013302,0,5
2024010525419,2024,010525419,2,1,0,18,19,3,7,0,0,1,0,0,0,0,1,1,6,6,1,24,5,-1,-1,-1,-1,5,E01003123,0,1
2024101497266,2024,101497266,1,9,0,-1,19,3,7,-1,0,1,0,0,0,0,1,9,-1,6,3,30,6,-1,-1,-1,-1,-1,-1,0,-1
2024451454199,2024,451454199,1,1,0,-1,19,2,1,-1,0,0,0,0,0,0,3,1,-1,9,1,63,9,-1,-1,-1,-1,10,E01030903,0,1
2024010499392,2024,010499392,2,-1,0,18,19,3,7,0,0,1,0,0,0,0,1,1,2,2,1,18,4,-1,-1,-1,-1,4,E01004454,1,1
2024061490347,2024,061490347,1,9,0,-1,19,5,1,-1,0,0,0,0,0,0,0,1,-1,6,2,65,9,-1,-1,-1,-1,8,E01032485,0,4
2024010521512,2024,010521512,2,1,0,18,19,5,1,0,0,8,5,8,0,0,4,1,6,6,2,33,6,-1,-1,-1,-1,8,E01003460,0,1
2024131534951,2024,131534951,1,90,0,-1,19,7,3,-1,0,0,0,0,1,3,1,1,-1,6,1,16,4,-1,-1,-1,-1,1,E01011662,0,2
2024231537119,2024,231537119,2,16,0,-1,19,3,7,-1,0,0,0,0,0,0,3,1,-1,9,2,50,8,-1,-1,-1,-1,8,E01031252,0,1
2024430143418,2024,430143418,2,1,0,18,19,7,3,0,0,1,0,0,0,0,3,1,6,6,2,42,7,-1,-1,-1,-1,4,E01035745,0,1
2024061531929,2024,061531929,1,-1,0,-1,19,-1,-1,-1,9,0,0,0,0,0,3,1,-1,6,3,-1,-1,-1,-1,-1,-1,-1,-1,0,-1
2024991498644,2024,991498644,2,1,0,-1,19,8,4,-1,0,1,0,0,0,0,1,1,-1,9,1,25,5,-1,-1,-1,-1,2,-1,0,3
2024440288423,2024,440288423,1,9,0,7,7,8,2,0,0,6,0,0,0,0,1,1,6,6,1,-1,-1,-1,-1,-1,-1,10,E01023003,0,1
2024101402874,2024,101402874,2,1,0,-1,19,5,3,-1,0,3,0,0,0,0,4,1,-1,2,1,35,6,-1,-1,-1,-1,7,E01008464,0,1
2024501492525,2024,501492525,4,9,0,-1,2,0,0,-1,0,0,0,0,0,0,2,1,-1,6,-1,-1,-1,-1,-1,-1,-1,-1,-1,0,-1
2024430013499,2024,430013499,2,19,0,2,2,0,0,9,9,1,0,0,0,0,4,1,6,6,1,-1,-1,-1,-1,-1,-1,-1,-1,0,-1
2024052402392,2024,052402392,1,19,0,5,5,6,2,0,0,1,0,0,0,0,0,1,6,6,3,-1,-1,-1,-1,-1,-1,-1,-1,0,-1
2024010495477,2024,010495477,2,1,9,99,99,9,9,99,99,9,9,99,9,99,9,1,6,6,3,35,6,-1,-1,-1,-1,5,E01033325,0,1
2024201431841,2024,201431841,1,9,0,-1,3,2,6,-1,0,2,0,0,0,0,2,9,-1,6,1,58,9,-1,-1,-1,-1,6,E01010326,0,2
2024221471475,2024,221471475,2,1,0,-1,19,6,2,-1,0,0,0,0,0,0,3,1,-1,6,1,14,3,-1,-1,-1,-1,6,E01028878,0,1
2024351487662,2024,351487662,2,1,-1,-1,-1,-1,-1,-1,-1,0,-1,-1,-1,0,3,1,-1,6,2,20,4,-1,-1,-1,-1,9,E01035516,0,1
2024010505169,2024,010505169,1,1,9,99,99,9,9,99,99,9,9,99,9,99,9,1,2,2,2,53,8,-1,-1,-1,-1,5,E01001855,0,1
2024070603902,2024,070603902,2,90,0,18,19,4,8,0,0,8,0,0,0,0,1,1,1,1,1,23,5,-1,-1,-1,-1,3,E01018402,0,1
2024522402926,2024,522402926,2,9,0,11,11,8,4,0,0,0,0,0,0,0,4,1,6,6,3,-1,-1,-1,-1,-1,-1,-1,-1,0,-1
2024361460302,2024,361460302,2,9,3,-1,10,8,6,-1,0,8,0,0,0,0,3,1,-1,9,1,61,9,-1,-1,-1,-1,10,E01021570,0,4
2024440191815,2024,440191815,1,21,1,11,11,3,7,0,0,0,0,0,0,0,4,1,1,1,1,33,6,-1,-1,-1,-1,-1,-1,0,-1
2024041393742,2024,041393742,1,9,0,-1,19,1,5,-1,0,0,1,0,0,0,1,1,-1,9,1,36,7,-1,-1,-1,-1,2,E01005182,0,4
2024010501696,2024,010501696,1,8,0,99,99,9,9,99,99,0,9,99,9,99,2,1,6,6,3,53,8,-1,-1,-1,-1,6,E01004357,0,1
2024231457224,2024,231457224,1,21,1,-1,19,5,1,-1,0,0,0,0,1,4,1,1,-1,1,1,61,9,-1,-1,-1,-1,2,E01010038,0,4
2024122401290,2024,122401290,2,9,0,9,9,7,5,0,0,2,0,0,0,0,0,1,6,6,3,-1,-1,-1,-1,-1,-1,-1,-1,0,-1
2024010490018,2024,010490018,2,9,0,99,99,9,9,99,99,9,9,99,9,99,9,9,6,6,3,-1,-1,-1,-1,-1,-1,-1,-1,0,-1
2024131533103,2024,131533103,1,9,0,-1,-1,-1,-1,-1,-1,0,-1,-1,-1,-1,-1,1,-1,6,3,-1,-1,-1,-1,-1,-1,-1,-1,0,-1
2024211528405,2024,211528405,2,9,0,-1,19,3,7,-1,0,0,0,0,0,0,1,1,-1,6,-1,-1,-1,-1,-1,-1,-1,-1,-1,0,-1
2024201482423,2024,201482423,2,9,0,-1,6,5,8,-1,0,6,0,0,0,0,3,9,-1,6,1,63,9,-1,-1,-1,-1,1,E01009479,0,1
2024010496596,2024,010496596,1,9,0,18,19,1,5,0,0,8,0,0,0,0,0,1,2,2,1,41,7,-1,-1,-1,-1,7,E01002818,0,2
2024141513242,2024,141513242,2,9,0,-1,19,8,5,-1,0,2,0,0,0,0,1,9,-1,6,2,41,7,-1,-1,-1,-1,5,E01007424,0,2
2024461453101,2024,461453101,1,1,0,-1,19,1,5,-1,0,0,0,0,0,0,3,1,-1,9,2,30,6,-1,-1,-1,-1,-1,-1,0,-1
2024201434448,2024,201434448,1,9,0,-1,19,8,4,-1,0,1,0,0,0,0,1,9,-1,6,3,-1,-1,-1,-1,-1,-1,-1,-1,0,-1
2024041485563,2024,041485563,2,9,0,-1,2,1,5,-1,0,1,0,0,0,0,2,1,-1,6,-1,-1,-1,-1,-1,-1,-1,-1,-1,0,-1
2024101412786,2024,101412786,1,9,0,-1,9,1,7,-1,0,8,0,0,0,0,1,9,-1,6,3,-1,-1,-1,-1,-1,-1,-1,-1,0,-1
2024461501030,2024,461501030,2,1,0,-1,19,1,5,-1,4,0,0,0,0,0,1,1,-1,2,1,38,7,-1,-1,-1,-1,7,E01024839,0,1
2024131416892,2024,131416892,1,8,0,-1,-1,-1,-1,-1,-1,1,-1,-1,-1,0,-1,1,-1,6,3,-1,-1,-1,-1,-1,-1,-1,-1,0,-1
2024010524939,2024,010524939,2,1,0,9,9,5,2,9,9,2,5,0,0,0,4,1,6,6,1,28,6,-1,-1,-1,-1,7,E01004588,0,1
2024010539957,2024,010539957,1,1,0,18,19,1,5,0,0,0,0,0,0,0,2,1,6,6,1,44,7,-1,-1,-1,-1,2,E01033712,0,2
2024010514267,2024,010514267,1,1,9,18,19,9,9,99,99,0,9,99,9,99,2,1,6,6,2,22,5,-1,-1,-1,-1,-1,-1,0,-1
2024411404399,2024,411404399,2,9,0,-1,19,2,6,-1,0,0,0,0,0,0,1,9,-1,1,1,29,6,-1,-1,-1,-1,8,E01023916,0,3
2024010542762,2024,010542762,1,1,0,18,19,1,5,0,0,1,0,0,0,0,9,1,2,2,1,34,6,-1,-1,-1,-1,6,E01002141,0,1
2024010528309,2024,010528309,1,9,0,99,99,9,9,99,99,9,9,99,9,99,9,9,6,6,3,-1,-1,-1,-1,-1,-1,-1,-1,0,-1
2024211518819,2024,211518819,1,9,0,-1,19,6,2,-1,0,0,1,0,0,0,1,1,-1,1,1,57,9,-1,-1,-1,-1,-1,-1,0,-1
2024010487776,2024,010487776,2,1,0,18,19,8,4,0,0,8,0,0,0,0,1,1,2,2,1,37,7,-1,-1,-1,-1,2,E01002092,0,1
2024501452649,2024,501452649,1,9,0,-1,10,7,3,-1,9,6,0,0,0,0,1,1,-1,2,1,39,7,-1,-1,-1,-1,2,E01018841,0,3
2024201429625,2024,201429625,1,9,0,-1,11,6,2,-1,0,0,0,0,0,0,2,9,-1,6,1,-1,-1,-1,-1,-1,-1,-1,-1,0,-1
2024041521891,2024,041521891,1,9,0,-1,19,1,5,-1,0,0,0,0,0,0,1,1,-1,2,1,52,8,-1,-1,-1,-1,5,E01025235,0,1
2024161534335,2024,161534335,1,1,0,-1,9,7,5,-1,4,8,0,0,0,0,3,1,-1,6,1,-1,-1,-1,-1,-1,-1,4,E01012964,0,1
2024421474327,2024,421474327,2,1,0,-1,19,7,3,-1,0,0,0,0,0,0,2,1,-1,2,1,17,4,-1,-1,-1,-1,4,E01015884,0,1
2024411524952,2024,411524952,2,1,-1,-1,-1,-1,-1,-1,-1,-1,-1,-1,-1,0,-1,1,-1,6,1,37,7,-1,-1,-1,-1,8,E01023916,0,1
2024201434107,2024,201434107,1,9,0,-1,19,2,6,-1,0,8,0,0,0,0,1,1,-1,6,3,-1,-1,-1,-1,-1,-1,-1,-1,0,-1
2024101457053,2024,101457053,1,9,0,-1,7,2,4,-1,0,8,0,0,0,0,0,9,-1,6,1,45,7,-1,-1,-1,-1,-1,-1,0,-1
2024010488969,2024,010488969,2,9,9,99,99,9,9,99,99,9,9,99,9,99,9,9,6,6,2,30,6,-1,-1,-1,-1,10,E01004558,0,1
2024010543900,2024,010543900,1,9,0,99,99,9,9,99,99,9,9,99,9,99,9,9,6,6,3,-1,-1,-1,-1,-1,-1,-1,-1,0,-1
2024302400935,2024,302400935,1,9,0,17,19,1,5,0,0,0,0,4,0,0,1,1,6,6,2,73,10,-1,-1,-1,-1,8,E01019603,0,3
2024991485321,2024,991485321,1,9,0,-1,7,1,4,-1,0,5,0,0,0,0,4,9,-1,6,3,17,4,-1,-1,-1,-1,-1,-1,0,-1
2024991418442,2024,991418442,2,1,0,-1,3,8,6,-1,0,1,0,0,0,0,1,1,-1,6,1,29,6,-1,-1,-1,-1,5,-1,0,1
2024991439323,2024,991439323,1,17,0,-1,19,7,3,-1,0,8,0,0,0,0,0,1,-1,9,1,53,8,-1,-1,-1,-1,6,-1,0,3
2024061493642,2024,061493642,1,19,0,-1,19,3,6,-1,0,4,0,0,0,0,1,9,-1,6,1,-1,-1,-1,-1,-1,-1,-1,-1,0,-1
2024320239141,2024,320239141,1,9,0,7,7,8,2,9,9,6,0,0,0,0,1,1,6,6,3,-1,-1,-1,-1,-1,-1,-1,-1,0,-1
2024221479043,2024,221479043,2,9,0,-1,14,8,3,-1,0,0,0,0,0,0,0,9,-1,6,3,56,9,-1,-1,-1,-1,-1,-1,0,-1
2024010499549,2024,010499549,2,19,9,99,99,9,9,0,0,0,9,99,9,99,1,9,6,6,3,-1,-1,-1,-1,-1,-1,-1,-1,0,-1
2024131496714,2024,131496714,1,9,0,-1,19,3,8,-1,0,0,0,0,0,0,1,1,-1,6,1,44,7,-1,-1,-1,-1,2,E01014252,0,4
2024101524009,2024,101524009,1,9,0,-1,11,6,2,-1,0,8,0,0,0,0,4,1,-1,6,2,45,7,-1,-1,-1,-1,7,E01027378,0,4
2024041426092,2024,041426092,1,9,0,-1,19,-1,-1,-1,0,2,0,0,0,0,1,9,-1,6,3,-1,-1,-1,-1,-1,-1,-1,-1,0,-1
2024010490251,2024,010490251,3,9,0,3,3,1,5,0,0,2,0,0,0,0,2,1,6,6,2,39,7,-1,-1,-1,-1,4,E01002641,0,1
2024610000624,2024,610000624,2,1,0,18,19,5,1,0,0,8,0,0,0,0,3,1,6,6,1,61,9,-1,-1,-1,-1,2,W01001614,0,1
2024010503332,2024,010503332,1,9,0,99,99,9,9,99,99,9,9,99,9,99,2,9,6,6,2,29,6,-1,-1,-1,-1,2,E01004014,0,2
2024421496804,2024,421496804,2,9,0,-1,19,7,3,-1,0,8,0,0,0,0,1,1,-1,9,2,58,9,-1,-1,-1,-1,10,E01021466,0,1
2024070819559,2024,070819559,1,9,0,-1,19,7,3,-1,0,1,0,0,0,0,3,1,-1,1,2,53,8,-1,-1,-1,-1,7,E01018449,0,4