collision_index,collision_year,collision_ref_no,vehicle_reference,vehicle_type,towing_and_articulation,vehicle_manoeuvre_historic,vehicle_manoeuvre,vehicle_direction_from,vehicle_direction_to,vehicle_location_restricted_lane_historic,vehicle_location_restricted_lane,junction_location,skidding_and_overturning,hit_object_in_carriageway,vehicle_leaving_carriageway,hit_object_off_carriageway,first_point_of_impact,vehicle_left_hand_drive,journey_purpose_of_driver_historic,journey_purpose_of_driver,sex_of_driver,age_of_driver,age_band_of_driver,engine_capacity_cc,propulsion_code,age_of_vehicle,generic_make_model,driver_imd_decile,lsoa_of_driver,escooter_flag,driver_distance_banding
2024010550589,2024,010550589,1,11,0,3,3,3,7,0,0,1,0,0,0,0,0,1,6,6,1,36,7,-1,-1,-1,-1,-1,-1,0,-1
2024101398409,2024,101398409,2,1,0,-1,19,1,1,-1,0,1,0,0,0,0,1,1,-1,6,1,50,8,-1,-1,-1,-1,1,E01008333,0,1
2024547951924,2024,547951924,1,1,0,13,13,6,2,0,0,0,0,0,0,0,1,1,6,6,1,40,7,-1,-1,-1,-1,7,E01029070,0,4
2024010490053,2024,010490053,1,1,9,99,99,9,9,99,99,2,9,99,9,99,9,1,2,2,2,50,8,-1,-1,-1,-1,4,E01000066,0,1
2024332400114,2024,332400114,2,1,0,-1,19,5,8,-1,0,8,0,0,0,0,1,1,-1,9,1,71,10,-1,-1,-1,-1,6,E01025756,0,1
2024061495531,2024,061495531,2,5,0,-1,19,5,1,-1,0,0,0,0,0,0,4,1,-1,9,1,37,7,-1,-1,-1,-1,7,E01005772,0,2
2024522500394,2024,522500394,1,1,0,13,13,1,5,0,0,8,0,0,0,0,4,1,6,6,1,32,6,-1,-1,-1,-1,8,E01014766,0,1
2024440160724,2024,440160724,1,-1,0,18,19,4,8,0,0,0,0,0,0,0,0,1,6,6,1,15,3,-1,-1,-1,-1,3,E01022681,1,1
2024010491817,2024,010491817,1,3,9,99,99,9,9,99,99,9,9,99,9,99,1,1,1,1,1,19,4,-1,-1,-1,-1,2,E01002072,0,3
2024010518457,2024,010518457,2,9,0,9,9,1,6,0,0,6,0,0,0,0,1,1,6,6,3,32,6,-1,-1,-1,-1,8,E01003676,0,1
2024161488779,2024,161488779,2,9,0,-1,5,1,5,-1,0,0,0,0,0,0,4,1,-1,6,3,-1,-1,-1,-1,-1,-1,-1,-1,0,-1
2024061407830,2024,061407830,1,9,-1,-1,-1,-1,-1,-1,-1,2,-1,-1,-1,0,-1,9,-1,6,3,-1,-1,-1,-1,-1,-1,-1,-1,0,-1
2024061507900,2024,061507900,1,1,0,-1,15,6,6,-1,0,0,0,0,0,0,1,1,-1,9,1,15,3,-1,-1,-1,-1,-1,-1,0,-1
2024401481768,2024,401481768,1,5,0,-1,3,1,5,-1,0,1,0,0,0,0,1,1,-1,9,1,53,8,-1,-1,-1,-1,9,E01017406,0,1
2024010514795,2024,010514795,2,1,0,18,19,5,1,0,0,0,0,0,0,0,1,1,6,6,1,17,4,-1,-1,-1,-1,5,E01002743,0,1
2024211457595,2024,211457595,1,1,-1,-1,-1,-1,-1,-1,-1,-1,-1,-1,-1,0,-1,1,-1,7,1,17,4,-1,-1,-1,-1,-1,-1,0,-1
2024010528820,2024,010528820,1,9,0,7,7,7,2,0,0,1,0,0,0,0,1,1,6,6,1,42,7,-1,-1,-1,-1,10,E01028710,0,4
2024010489667,2024,010489667,2,8,0,99,99,9,9,99,99,9,9,99,9,99,9,1,6,6,3,-1,-1,-1,-1,-1,-1,-1,-1,0,-1
2024461473168,2024,461473168,1,9,0,-1,4,3,7,-1,0,0,0,0,0,0,1,1,-1,6,1,21,5,-1,-1,-1,-1,-1,-1,0,-1
2024451458826,2024,451458826,2,19,0,-1,19,4,5,-1,0,0,0,99,0,0,3,1,-1,6,3,50,8,-1,-1,-1,-1,-1,-1,0,-1
2024010516711,2024,010516711,1,1,9,99,99,9,9,99,99,9,9,99,9,99,9,1,2,2,1,49,8,-1,-1,-1,-1,9,E01003908,0,2
2024421414851,2024,421414851,3,9,0,-1,3,6,2,-1,0,0,0,0,0,0,2,1,-1,6,3,-1,-1,-1,-1,-1,-1,-1,-1,0,-1
2024411527794,2024,411527794,1,9,0,-1,19,-1,-1,-1,0,1,0,0,0,0,1,9,-1,6,3,-1,-1,-1,-1,-1,-1,-1,-1,0,-1
2024010527528,2024,010527528,2,9,0,18,19,3,7,0,0,8,0,0,0,0,1,1,6,6,3,-1,-1,-1,-1,-1,-1,-1,-1,0,-1
2024061470350,2024,061470350,1,9,-1,-1,-1,-1,-1,-1,-1,0,-1,-1,-1,0,-1,9,-1,6,3,-1,-1,-1,-1,-1,-1,-1,-1,0,-1
2024461442463,2024,461442463,1,9,0,-1,9,7,3,-1,0,0,0,0,0,0,3,9,-1,6,1,68,10,-1,-1,-1,-1,7,E01035287,0,2
2024991436202,2024,991436202,2,1,0,-1,9,3,8,-1,0,5,0,0,0,0,1,1,-1,6,1,61,9,-1,-1,-1,-1,8,-1,0,3
2024010491090,2024,010491090,1,1,9,99,99,9,9,99,99,9,9,99,9,99,9,1,1,1,1,22,5,-1,-1,-1,-1,3,E01004319,0,1
2024211513187,2024,211513187,1,9,0,-1,5,1,5,-1,0,2,0,0,0,0,1,1,-1,6,2,25,5,-1,-1,-1,-1,7,E01029610,0,1
2024302400851,2024,302400851,3,9,0,4,4,6,2,0,0,2,0,0,0,0,0,1,6,6,3,-1,-1,-1,-1,-1,-1,5,E01019456,0,3
2024010491482,2024,010491482,1,1,0,18,19,5,1,9,9,0,0,0,0,0,1,1,6,6,1,34,6,-1,-1,-1,-1,-1,-1,0,-1
2024201394780,2024,201394780,2,-1,0,-1,19,6,2,-1,0,0,2,0,0,0,4,1,-1,9,1,23,5,-1,-1,-1,-1,2,E01009075,1,1
2024201527697,2024,201527697,2,9,0,-1,19,5,5,-1,0,0,0,0,0,0,2,9,-1,1,2,44,7,-1,-1,-1,-1,2,E01010465,0,1
2024421514064,2024,421514064,2,19,0,-1,19,1,5,-1,0,8,0,0,0,0,4,9,-1,6,3,-1,-1,-1,-1,-1,-1,-1,-1,0,-1
2024010498755,2024,010498755,1,1,9,99,99,9,9,99,99,9,9,99,9,99,9,1,2,2,1,38,7,-1,-1,-1,-1,7,E01003419,0,1
2024991461853,2024,991461853,1,9,0,-1,19,1,5,-1,0,0,0,0,1,0,4,1,-1,9,1,86,11,-1,-1,-1,-1,-1,-1,0,-1
2024461521427,2024,461521427,1,9,0,-1,13,1,5,-1,0,1,1,0,0,0,1,1,-1,6,3,24,5,-1,-1,-1,-1,-1,-1,0,-1
2024320171118,2024,320171118,2,9,0,7,7,2,3,0,0,8,0,0,0,0,1,1,-1,-1,2,23,5,-1,-1,-1,-1,6,E01034687,0,1
2024052401120,2024,052401120,2,1,0,18,19,5,1,0,0,8,0,0,0,0,4,1,6,6,1,39,7,-1,-1,-1,-1,6,E01007183,0,1
2024221474678,2024,221474678,1,1,0,-1,9,1,7,-1,0,6,0,0,0,0,1,1,-1,9,1,14,3,-1,-1,-1,-1,2,E01032239,0,1
2024430182209,2024,430182209,2,9,0,7,7,6,8,0,0,4,0,0,0,0,4,1,6,6,1,-1,-1,-1,-1,-1,-1,4,E01016207,0,1
2024010506009,2024,010506009,2,1,0,5,5,3,7,0,0,1,0,0,0,0,3,1,6,6,1,26,6,-1,-1,-1,-1,2,E01004732,0,1
2024141510607,2024,141510607,1,9,0,-1,9,4,2,-1,0,5,0,11,0,0,1,9,-1,6,3,-1,-1,-1,-1,-1,-1,-1,-1,0,-1
2024041516896,2024,041516896,2,1,0,-1,19,1,5,-1,0,0,0,0,0,0,3,1,-1,9,1,68,10,-1,-1,-1,-1,6,E01025279,0,1
2024111488511,2024,111488511,1,1,0,-1,9,7,5,-1,0,1,0,0,0,0,3,1,-1,9,1,55,8,-1,-1,-1,-1,4,E01020832,0,1
2024401443534,2024,401443534,1,9,0,-1,99,8,4,-1,0,8,0,0,0,0,9,9,-1,6,3,-1,-1,-1,-1,-1,-1,-1,-1,0,-1
2024451479892,2024,451479892,1,1,0,-1,19,3,7,-1,0,3,1,0,0,0,2,1,-1,2,1,27,6,-1,-1,-1,-1,9,E01030947,0,1
2024161491709,2024,161491709,1,9,0,-1,5,5,1,-1,0,0,0,0,0,0,1,1,-1,6,3,-1,-1,-1,-1,-1,-1,-1,-1,0,-1
2024101447995,2024,101447995,2,1,0,-1,19,4,8,-1,0,8,5,0,0,0,3,1,-1,7,1,15,3,-1,-1,-1,-1,1,E01008426,0,1
2024401457574,2024,401457574,1,9,0,-1,19,5,1,-1,0,1,0,0,0,0,1,1,-1,9,1,24,5,-1,-1,-1,-1,6,E01034432,0,1
2024010527902,2024,010527902,1,1,0,9,9,5,2,0,0,1,0,0,0,0,1,1,6,6,1,22,5,-1,-1,-1,-1,2,E01003338,0,1
2024221490631,2024,221490631,1,1,0,-1,19,7,4,-1,0,8,0,0,1,0,1,1,-1,6,1,56,9,-1,-1,-1,-1,3,E01032215,0,1
2024451521435,2024,451521435,1,9,-1,-1,-1,-1,-1,-1,-1,-1,-1,-1,-1,0,-1,9,-1,6,2,70,10,-1,-1,-1,-1,-1,-1,0,-1
2024010489315,2024,010489315,1,9,0,99,99,9,9,0,0,9,9,99,9,99,1,9,6,6,2,43,7,-1,-1,-1,-1,3,E01034608,0,1
2024010531878,2024,010531878,1,1,3,18,19,3,7,0,0,1,0,0,0,0,1,1,2,2,2,33,6,-1,-1,-1,-1,7,E01004597,0,1
2024041418624,2024,041418624,2,9,0,-1,4,6,2,-1,0,0,0,0,0,0,2,2,-1,9,2,59,9,-1,-1,-1,-1,8,E01025204,0,1
2024201417160,2024,201417160,2,9,0,-1,10,6,3,-1,0,5,0,0,0,0,2,1,-1,1,1,27,6,-1,-1,-1,-1,1,E01010456,0,1
2024010492637,2024,010492637,1,9,0,18,19,5,1,0,0,2,0,0,0,0,1,1,2,2,1,55,8,-1,-1,-1,-1,1,E01000105,0,1
2024451450286,2024,451450286,2,1,0,-1,19,1,5,-1,0,1,0,0,0,0,3,1,-1,6,1,16,4,-1,-1,-1,-1,8,E01030687,0,1
2024122400854,2024,122400854,1,1,0,18,19,1,5,0,0,0,0,0,0,0,0,1,6,6,1,57,9,-1,-1,-1,-1,6,E01010908,0,4
2024141441843,2024,141441843,2,1,0,-1,9,4,2,-1,0,8,5,0,1,0,2,1,-1,9,1,65,9,-1,-1,-1,-1,7,E01007754,0,1
2024440120799,2024,440120799,5,9,0,18,19,3,7,0,0,1,0,0,0,0,3,1,6,6,2,39,7,-1,-1,-1,-1,10,E01022629,0,2
2024991435484,2024,991435484,1,11,0,-1,19,8,4,-1,0,0,0,0,0,0,1,1,-1,1,1,66,10,-1,-1,-1,-1,6,-1,0,2
2024010520542,2024,010520542,2,9,0,99,99,9,9,99,99,9,9,99,9,99,1,9,6,6,3,-1,-1,-1,-1,-1,-1,-1,-1,0,-1
2024101523408,2024,101523408,1,23,0,-1,19,5,1,-1,0,8,0,0,0,0,1,1,-1,6,1,36,7,-1,-1,-1,-1,-1,-1,0,-1
2024141514251,2024,141514251,2,9,0,-1,7,2,6,-1,0,6,0,0,0,0,4,1,-1,6,3,-1,-1,-1,-1,-1,-1,-1,-1,0,-1
2024421427091,2024,421427091,1,9,0,-1,19,-1,-1,-1,0,3,0,0,0,0,-1,9,-1,6,3,-1,-1,-1,-1,-1,-1,-1,-1,0,-1
2024430173639,2024,430173639,2,1,0,3,3,5,1,2,2,0,0,0,0,0,0,1,3,7,1,34,6,-1,-1,-1,-1,5,E01028477,0,1
2024010513092,2024,010513092,1,1,9,99,99,9,9,99,99,9,9,99,9,99,1,1,2,2,1,56,9,-1,-1,-1,-1,4,E01003014,0,1
2024302400729,2024,302400729,3,9,0,18,19,4,8,0,0,2,0,0,0,0,2,1,6,6,1,41,7,-1,-1,-1,-1,4,E01027981,0,2
2024501447070,2024,501447070,1,9,0,-1,19,3,7,-1,0,0,0,0,0,0,1,9,-1,6,1,-1,-1,-1,-1,-1,-1,-1,-1,0,-1
2024061409206,2024,061409206,2,1,0,-1,15,-1,-1,-1,0,0,0,0,0,0,3,1,-1,6,1,29,6,-1,-1,-1,-1,9,E01005926,0,3
2024111438299,2024,111438299,1,90,0,-1,4,2,6,-1,0,1,5,0,0,0,4,9,-1,9,1,8,2,-1,-1,-1,-1,1,E01020758,0,1
2024010505500,2024,010505500,2,9,0,2,2,0,0,0,0,0,0,0,0,0,0,1,6,6,3,-1,-1,-1,-1,-1,-1,-1,-1,0,-1
2024061535836,2024,061535836,2,1,0,-1,9,3,1,-1,0,1,0,0,0,0,1,1,-1,6,2,38,7,-1,-1,-1,-1,8,E01006281,0,1
2024010509619,2024,010509619,2,9,0,99,99,9,9,99,99,5,9,99,9,99,9,9,6,6,3,-1,-1,-1,-1,-1,-1,-1,-1,0,-1
2024010488821,2024,010488821,1,9,0,18,19,1,5,0,0,0,0,0,0,0,1,1,1,1,2,51,8,-1,-1,-1,-1,4,E01003568,0,1
2024520403032,2024,520403032,2,9,0,18,19,6,2,0,0,8,0,0,0,0,3,1,6,6,1,57,9,-1,-1,-1,-1,8,E01022178,0,5
2024010495159,2024,010495159,1,19,0,99,99,9,9,99,99,9,9,99,9,99,9,9,2,2,2,24,5,-1,-1,-1,-1,6,E01004353,0,3
2024111518316,2024,111518316,1,9,0,-1,19,1,5,-1,0,8,0,0,0,0,3,1,-1,9,2,26,6,-1,-1,-1,-1,-1,-1,0,-1
2024010496800,2024,010496800,2,1,0,18,19,5,1,0,0,1,0,0,0,0,3,1,4,7,1,16,4,-1,-1,-1,-1,2,E01002606,0,1
2024531403428,2024,531403428,2,1,0,-1,4,5,1,-1,0,8,0,0,0,0,0,1,-1,6,1,24,5,-1,-1,-1,-1,10,E01034779,0,1
2024471416027,2024,471416027,21,90,1,-1,19,7,3,-1,0,0,1,0,0,0,3,1,-1,1,1,30,6,-1,-1,-1,-1,4,E01035269,0,4
2024471467862,2024,471467862,2,1,0,-1,9,8,5,-1,0,8,1,0,0,0,4,1,-1,9,1,62,9,-1,-1,-1,-1,9,E01021124,0,1
2024061403082,2024,061403082,2,1,0,-1,19,3,7,-1,0,6,0,0,0,0,1,1,-1,6,2,23,5,-1,-1,-1,-1,-1,-1,0,-1
2024010491213,2024,010491213,1,3,9,99,99,9,9,99,99,9,9,99,9,99,1,1,1,1,1,42,7,-1,-1,-1,-1,2,E01032575,0,1
2024161486916,2024,161486916,1,1,0,-1,15,5,1,-1,0,1,0,0,0,0,1,1,-1,6,1,18,4,-1,-1,-1,-1,1,E01012788,0,1
2024010495521,2024,010495521,1,98,0,99,99,9,9,0,0,0,0,0,0,0,9,1,6,6,3,-1,-1,-1,-1,-1,-1,-1,-1,0,-1
2024070304592,2024,070304592,1,9,0,11,11,5,1,0,0,8,0,0,0,0,1,1,6,6,3,-1,-1,-1,-1,-1,-1,-1,-1,0,-1
2024201518196,2024,201518196,2,19,0,-1,19,6,2,-1,0,0,0,0,0,0,2,1,-1,6,3,-1,-1,-1,-1,-1,-1,-1,-1,0,-1
2024320086422,2024,320086422,1,9,0,-1,-1,6,2,0,0,1,0,0,0,0,1,1,-1,-1,2,29,6,-1,-1,-1,-1,7,E01026388,0,4
2024010551345,2024,010551345,2,90,0,99,99,9,9,99,99,9,9,99,9,99,1,9,6,6,3,86,11,-1,-1,-1,-1,9,E01004625,0,1
2024991512763,2024,991512763,1,9,0,-1,19,2,6,-1,0,0,0,0,0,0,1,1,-1,1,1,41,7,-1,-1,-1,-1,3,-1,0,4
2024070286985,2024,070286985,1,9,0,18,19,3,7,0,0,1,0,0,0,0,1,1,6,6,3,-1,-1,-1,-1,-1,-1,-1,-1,0,-1
202417S101024,2024,17S101024,2,1,0,18,19,1,5,0,0,6,0,0,0,0,1,1,6,6,1,28,6,-1,-1,-1,-1,2,E01012247,0,1
2024041489305,2024,041489305,2,1,0,-1,19,1,5,-1,0,8,5,0,7,0,0,1,-1,2,1,52,8,-1,-1,-1,-1,5,E01024954,0,1
2024401539829,2024,401539829,1,11,0,-1,5,1,2,-1,2,0,0,0,0,0,1,1,-1,1,1,61,9,-1,-1,-1,-1,9,E01035402,0,4
2024010490364,2024,010490364,1,9,0,9,9,5,3,0,0,6,0,0,7,0,1,1,6,6,1,26,6,-1,-1,-1,-1,10,E01003881,0,1
2024010520344,2024,010520344,2,1,0,15,15,1,5,4,4,1,0,0,0,0,3,1,6,6,1,19,4,-1,-1,-1,-1,4,E01004421,0,1
2024371419775,2024,371419775,2,1,0,-1,3,3,7,-1,9,1,0,0,0,0,3,1,-1,7,1,11,3,-1,-1,-1,-1,4,E01030267,0,1
2024991425230,2024,991425230,1,9,0,-1,19,2,6,-1,0,0,1,0,1,7,1,1,-1,6,1,48,8,-1,-1,-1,-1,1,-1,0,3
2024201447201,2024,201447201,1,9,0,-1,7,7,1,-1,0,4,0,0,0,0,0,9,-1,6,3,-1,-1,-1,-1,-1,-1,-1,-1,0,-1
2024131491357,2024,131491357,1,9,0,-1,-1,-1,-1,-1,-1,-1,-1,-1,-1,-1,1,1,-1,6,2,-1,-1,-1,-1,-1,-1,-1,-1,0,-1
2024231419647,2024,231419647,1,9,0,-1,19,8,4,-1,0,1,0,0,0,0,1,9,-1,6,3,45,7,-1,-1,-1,-1,-1,-1,0,-1
2024122500148,2024,122500148,2,1,0,18,19,1,5,4,4,8,0,0,0,0,2,1,2,2,1,28,6,-1,-1,-1,-1,4,E01013353,0,1
2024010512795,2024,010512795,1,1,9,18,19,9,9,4,4,1,9,99,9,99,1,1,1,1,1,41,7,-1,-1,-1,-1,3,E01003221,0,2
2024061474491,2024,061474491,3,9,0,-1,19,3,7,-1,0,8,0,0,0,0,2,1,-1,6,1,36,7,-1,-1,-1,-1,-1,-1,0,-1
2024471397595,2024,471397595,1,9,0,-1,19,3,7,-1,0,0,0,0,0,0,1,9,-1,6,3,-1,-1,-1,-1,-1,-1,-1,-1,0,-1
2024010522860,2024,010522860,2,1,0,18,19,7,3,9,9,1,0,0,0,0,1,1,6,6,1,12,3,-1,-1,-1,-1,2,E01003712,0,1
2024552400541,2024,552400541,1,21,0,7,7,1,3,0,0,6,0,0,0,0,4,1,6,6,3,-1,-1,-1,-1,-1,-1,-1,-1,0,-1
2024302400919,2024,302400919,2,22,0,5,5,6,2,0,0,2,0,0,0,0,1,1,6,6,2,53,8,-1,-1,-1,-1,5,E01019723,0,1
2024010544313,2024,010544313,2,1,0,18,19,1,5,0,0,1,0,0,0,0,1,1,1,1,2,26,6,-1,-1,-1,-1,2,E01002716,0,1
2024010502524,2024,010502524,2,9,0,5,5,3,7,0,0,8,0,0,0,0,1,1,6,6,2,28,6,-1,-1,-1,-1,3,E01015971,0,1
2024411455675,2024,411455675,1,19,-1,-1,-1,-1,-1,-1,-1,0,-1,-1,-1,0,-1,9,-1,6,3,-1,-1,-1,-1,-1,-1,-1,-1,0,-1
2024101438785,2024,101438785,1,1,0,-1,19,8,4,-1,9,8,5,0,0,0,1,1,-1,1,1,26,6,-1,-1,-1,-1,2,E01008252,0,1
2024010531980,2024,010531980,2,90,0,18,19,1,5,0,0,0,0,0,0,0,1,1,6,6,1,16,4,-1,-1,-1,-1,6,E01004521,0,1
2024010537912,2024,010537912,1,1,9,99,99,9,9,99,99,9,9,99,9,99,9,1,6,6,2,28,6,-1,-1,-1,-1,4,E01004228,0,1
2024461479835,2024,461479835,1,9,0,-1,13,2,6,-1,0,0,0,0,0,0,4,9,-1,6,3,-1,-1,-1,-1,-1,-1,-1,-1,0,-1
2024031419593,2024,031419593,1,19,0,-1,9,6,3,-1,0,1,0,0,0,0,1,1,-1,2,1,26,6,-1,-1,-1,-1,9,E01019129,0,1
2024131425997,2024,131425997,1,97,0,-1,19,5,5,-1,0,6,0,0,0,0,1,1,-1,6,1,17,4,-1,-1,-1,-1,1,E01011227,0,1
2024061436687,2024,061436687,2,1,0,-1,19,3,7,-1,0,8,0,0,0,0,3,1,-1,6,1,27,6,-1,-1,-1,-1,3,E01006273,0,1
2024201445608,2024,201445608,2,1,0,-1,19,4,8,-1,0,8,0,0,0,0,3,1,-1,6,1,53,8,-1,-1,-1,-1,5,E01009521,0,1
2024010510376,2024,010510376,1,9,0,99,99,9,9,0,0,0,0,0,0,0,1,9,6,6,3,-1,-1,-1,-1,-1,-1,-1,-1,0,-1
2024332401241,2024,332401241,1,9,0,-1,19,1,5,-1,0,0,0,0,0,0,1,1,-1,6,3,-1,-1,-1,-1,-1,-1,-1,-1,0,-1
2024010513631,2024,010513631,1,9,0,18,19,5,1,0,0,0,0,0,0,0,1,1,6,6,1,23,5,-1,-1,-1,-1,3,E01003594,0,1
2024122500012,2024,122500012,2,1,0,18,19,5,1,0,0,8,0,0,0,0,4,1,6,6,1,73,10,-1,-1,-1,-1,-1,-1,0,-1
2024531476813,2024,531476813,2,1,0,-1,19,7,3,-1,5,8,5,0,0,0,4,1,-1,2,2,48,8,-1,-1,-1,-1,10,E01034780,0,1
2024522402527,2024,522402527,1,9,0,9,9,5,3,0,0,5,0,0,0,0,1,1,6,6,3,-1,-1,-1,-1,-1,-1,-1,-1,0,-1
2024031557807,2024,031557807,2,98,1,-1,19,5,1,-1,0,0,0,0,0,0,2,1,-1,6,-1,-1,-1,-1,-1,-1,-1,-1,-1,0,-1
2024371479913,2024,371479913,2,1,0,-1,19,7,3,-1,0,4,0,0,0,0,3,1,-1,6,1,26,6,-1,-1,-1,-1,6,E01029992,0,1
2024161497827,2024,161497827,2,21,1,-1,13,7,3,-1,0,0,0,99,0,0,2,1,-1,6,3,-1,-1,-1,-1,-1,-1,-1,-1,0,-1
2024141539375,2024,141539375,1,1,0,-1,19,1,5,-1,0,0,0,0,0,0,3,1,-1,9,1,13,3,-1,-1,-1,-1,5,E01007347,0,1
2024010529046,2024,010529046,1,1,9,99,99,9,9,99,99,0,9,99,9,99,1,1,6,6,1,27,6,-1,-1,-1,-1,3,E01001190,0,3
2024440398087,2024,440398087,1,9,0,3,3,3,7,0,0,0,0,0,0,0,2,1,6,6,1,43,7,-1,-1,-1,-1,8,E01023076,0,2
202454C273724,2024,54C273724,1,9,0,18,19,4,8,0,0,1,0,0,0,0,1,1,6,6,3,-1,-1,-1,-1,-1,-1,-1,-1,0,-1
2024351395845,2024,351395845,2,1,0,-1,9,3,7,-1,0,8,0,0,0,0,3,1,-1,6,1,18,4,-1,-1,-1,-1,1,E01015663,0,1
2024522403325,2024,522403325,2,1,0,12,12,3,1,0,0,0,0,0,0,0,2,1,6,6,1,19,4,-1,-1,-1,-1,10,E01016188,0,5
2024548626824,2024,548626824,2,1,0,18,19,6,2,0,0,0,0,0,0,0,1,1,6,6,1,15,3,-1,-1,-1,-1,5,E01031908,0,1
2024010524453,2024,010524453,2,1,0,9,9,3,1,4,4,2,0,0,0,0,1,1,6,6,1,61,9,-1,-1,-1,-1,3,E01003977,0,1
2024101403409,2024,101403409,2,1,0,-1,19,7,3,-1,0,3,0,0,0,0,4,1,-1,2,1,57,9,-1,-1,-1,-1,7,E01008464,0,1
2024010528477,2024,010528477,1,9,0,99,99,9,9,99,99,9,9,99,9,99,1,9,6,6,3,-1,-1,-1,-1,-1,-1,-1,-1,0,-1
2024430268741,2024,430268741,2,9,0,18,19,2,6,0,0,0,0,0,0,0,1,1,6,6,1,-1,-1,-1,-1,-1,-1,-1,-1,0,-1
2024010494624,2024,010494624,2,19,0,99,99,9,9,99,99,9,9,99,9,99,9,9,6,6,3,-1,-1,-1,-1,-1,-1,-1,-1,0,-1
2024421472222,2024,421472222,1,9,0,-1,19,5,1,-1,0,0,0,0,0,0,3,1,-1,6,1,34,6,-1,-1,-1,-1,-1,-1,0,-1
2024010534034,2024,010534034,1,9,0,99,99,9,9,99,99,9,9,99,9,99,2,9,6,6,3,-1,-1,-1,-1,-1,-1,-1,-1,0,-1
2024010495473,2024,010495473,3,9,0,18,19,5,1,0,0,0,0,0,0,0,1,1,2,2,1,27,6,-1,-1,-1,-1,1,E01003192,0,1
2024131432607,2024,131432607,1,9,0,-1,19,7,3,-1,0,0,0,0,0,0,1,1,-1,6,3,-1,-1,-1,-1,-1,-1,-1,-1,0,-1
2024332401141,2024,332401141,1,1,0,-1,19,1,5,-1,0,6,0,0,0,0,1,1,-1,6,1,14,3,-1,-1,-1,-1,7,E01025985,0,1
2024010543181,2024,010543181,1,9,9,99,99,9,9,99,99,0,9,99,9,99,9,9,6,6,3,-1,-1,-1,-1,-1,-1,-1,-1,0,-1
2024440022005,2024,440022005,3,9,0,2,2,0,0,0,0,0,0,0,0,0,2,1,6,6,3,-1,-1,-1,-1,-1,-1,-1,-1,0,-1
2024141400389,2024,141400389,1,90,0,-1,19,8,4,-1,0,0,1,0,0,0,1,2,-1,6,1,51,8,-1,-1,-1,-1,5,E01007441,0,1
2024061529568,2024,061529568,2,9,0,-1,19,1,1,-1,0,0,0,0,0,0,1,2,-1,6,1,30,6,-1,-1,-1,-1,-1,-1,0,-1
2024161415380,2024,161415380,1,1,0,-1,19,7,3,-1,4,8,1,0,0,0,1,1,-1,2,2,32,6,-1,-1,-1,-1,1,E01012858,0,1
2024141506011,2024,141506011,1,97,0,-1,19,4,8,-1,0,0,0,0,0,0,1,1,-1,6,3,-1,-1,-1,-1,-1,-1,-1,-1,0,-1
2024041509041,2024,041509041,3,9,0,-1,2,3,7,-1,-1,1,0,0,0,0,2,1,-1,9,2,59,9,-1,-1,-1,-1,7,E01024978,0,1
2024052402007,2024,052402007,2,1,0,18,19,3,7,0,0,1,0,0,0,0,1,1,6,6,1,82,11,-1,-1,-1,-1,1,E01007296,0,1
2024201459846,2024,201459846,2,9,0,-1,5,1,7,-1,0,2,0,0,1,0,1,9,-1,6,1,27,6,-1,-1,-1,-1,2,E01009954,0,2
2024061440513,2024,061440513,1,-1,0,-1,19,6,2,-1,0,8,0,0,1,0,1,1,-1,6,1,44,7,-1,-1,-1,-1,1,E01005097,1,1
2024351475971,2024,351475971,1,1,0,-1,-1,-1,-1,-1,0,0,-1,-1,-1,0,3,1,-1,6,3,-1,-1,-1,-1,-1,-1,-1,-1,0,-1
2024122401199,2024,122401199,1,9,0,9,9,2,8,0,0,4,0,0,0,0,1,1,6,6,2,22,5,-1,-1,-1,-1,6,E01027628,0,2
2024520500079,2024,520500079,3,9,0,18,19,7,3,0,0,0,0,0,0,0,3,1,6,6,1,29,6,-1,-1,-1,-1,6,E01034374,0,3
2024131424728,2024,131424728,1,98,0,-1,19,5,1,-1,0,1,0,0,0,0,1,1,-1,6,3,-1,-1,-1,-1,-1,-1,-1,-1,0,-1
2024201426070,2024,201426070,1,9,0,-1,19,2,6,-1,0,3,0,0,0,0,1,9,-1,6,3,-1,-1,-1,-1,-1,-1,-1,-1,0,-1
2024991425483,2024,991425483,2,9,0,-1,19,1,5,-1,0,1,0,0,0,0,1,1,-1,6,2,59,9,-1,-1,-1,-1,2,-1,0,1
2024471403060,2024,471403060,2,90,0,-1,2,7,3,-1,0,0,0,0,0,0,2,9,-1,6,-1,-1,-1,-1,-1,-1,-1,-1,-1,0,-1
2024122500152,2024,122500152,1,9,0,9,9,5,3,0,0,5,0,0,0,0,3,1,1,1,1,19,4,-1,-1,-1,-1,10,E01013339,0,1
2024361454318,2024,361454318,1,9,0,-1,19,2,6,-1,0,2,0,0,0,0,1,9,-1,6,3,-1,-1,-1,-1,-1,-1,-1,-1,0,-1
2024371479069,2024,371479069,1,9,0,-1,19,6,2,-1,0,0,0,0,0,0,4,1,-1,6,3,50,8,-1,-1,-1,-1,-1,-1,0,-1
2024010500439,2024,010500439,1,1,9,99,99,9,9,99,99,9,9,99,9,99,1,1,2,2,1,56,9,-1,-1,-1,-1,6,E01001923,0,1
2024052400465,2024,052400465,1,9,0,18,19,8,4,0,0,1,0,0,0,0,2,1,6,6,3,-1,-1,-1,-1,-1,-1,-1,-1,0,-1
2024070921620,2024,070921620,1,9,0,-1,19,3,7,-1,0,0,0,0,0,0,1,1,-1,6,2,-1,-1,-1,-1,-1,-1,-1,-1,0,-1
2024010492471,2024,010492471,1,3,0,17,19,3,7,0,0,1,0,0,0,0,1,1,1,1,1,30,6,-1,-1,-1,-1,5,E01001139,0,1
2024991462913,2024,991462913,1,9,0,-1,19,4,7,-1,0,0,1,0,0,0,3,1,-1,1,1,43,7,-1,-1,-1,-1,7,-1,0,1
2024401504383,2024,401504383,2,8,0,-1,4,-1,-1,-1,0,1,0,0,0,0,2,9,-1,1,1,-1,-1,-1,-1,-1,-1,-1,-1,0,-1