collision_index,collision_year,collision_ref_no,vehicle_reference,vehicle_type,towing_and_articulation,vehicle_manoeuvre_historic,vehicle_manoeuvre,vehicle_direction_from,vehicle_direction_to,vehicle_location_restricted_lane_historic,vehicle_location_restricted_lane,junction_location,skidding_and_overturning,hit_object_in_carriageway,vehicle_leaving_carriageway,hit_object_off_carriageway,first_point_of_impact,vehicle_left_hand_drive,journey_purpose_of_driver_historic,journey_purpose_of_driver,sex_of_driver,age_of_driver,age_band_of_driver,engine_capacity_cc,propulsion_code,age_of_vehicle,generic_make_model,driver_imd_decile,lsoa_of_driver,escooter_flag,driver_distance_banding
2024052401611,2024,052401611,1,9,0,15,15,1,5,0,0,1,0,0,0,0,3,1,6,6,3,-1,-1,-1,-1,-1,-1,-1,-1,0,-1
2024430007564,2024,430007564,1,9,0,2,2,0,0,0,0,0,0,0,0,0,1,1,6,6,1,-1,-1,-1,-1,-1,-1,3,E01002527,0,2
2024546242724,2024,546242724,1,98,1,12,12,3,7,0,0,0,0,0,0,0,3,1,1,1,1,50,8,-1,-1,-1,-1,-1,-1,0,-1
2024010543186,2024,010543186,2,9,0,99,99,9,9,99,99,9,9,99,9,99,1,9,6,6,3,-1,-1,-1,-1,-1,-1,2,E01000374,0,1
2024141409148,2024,141409148,1,9,0,-1,9,1,7,-1,0,1,2,0,0,0,4,9,-1,6,3,-1,-1,-1,-1,-1,-1,-1,-1,0,-1
2024101407555,2024,101407555,1,1,0,-1,19,1,5,-1,0,1,5,0,0,0,1,1,-1,9,1,9,2,-1,-1,-1,-1,2,E01008336,0,1
2024052400626,2024,052400626,1,-1,0,18,19,6,2,0,0,0,0,0,0,0,1,1,6,6,3,-1,-1,-1,-1,-1,-1,-1,-1,1,-1
2024451505958,2024,451505958,2,9,0,-1,19,4,8,-1,0,0,0,0,0,0,1,9,-1,6,3,-1,-1,-1,-1,-1,-1,-1,-1,0,-1
2024302401154,2024,302401154,2,-1,0,9,9,2,8,0,0,8,0,0,0,0,1,1,6,6,1,16,4,-1,-1,-1,-1,6,E01013506,1,1
2024052401225,2024,052401225,2,1,0,18,19,3,7,0,0,8,0,0,0,0,4,1,6,6,1,48,8,-1,-1,-1,-1,3,E01006780,0,1
2024421485710,2024,421485710,2,1,0,-1,19,7,3,-1,0,8,0,0,0,0,1,1,-1,6,1,46,8,-1,-1,-1,-1,6,E01001565,0,3
2024010494543,2024,010494543,2,9,0,99,99,9,9,99,99,0,9,99,9,99,9,9,6,6,3,-1,-1,-1,-1,-1,-1,-1,-1,0,-1
2024610050224,2024,610050224,2,9,0,18,19,6,2,0,0,1,0,0,0,0,1,1,6,6,3,-1,-1,-1,-1,-1,-1,-1,-1,0,-1
2024010494865,2024,010494865,1,3,0,99,99,9,9,99,99,9,9,99,9,99,1,1,6,6,2,44,7,-1,-1,-1,-1,2,E01001651,0,3
2024430366159,2024,430366159,1,9,0,18,19,8,4,0,0,4,5,9,1,4,1,1,2,2,1,67,10,-1,-1,-1,-1,10,E01016245,0,1
2024522500388,2024,522500388,2,1,0,18,19,5,1,0,0,8,0,0,0,0,4,1,6,6,1,27,6,-1,-1,-1,-1,7,E01014562,0,2
2024122500463,2024,122500463,1,9,0,18,19,1,5,0,0,0,0,0,0,0,4,9,6,6,3,-1,-1,-1,-1,-1,-1,-1,-1,0,-1
2024421482865,2024,421482865,2,9,0,-1,2,0,0,-1,-1,1,0,0,0,0,2,1,-1,6,-1,-1,-1,-1,-1,-1,-1,-1,-1,0,-1
2024010545245,2024,010545245,2,9,0,-1,-1,9,9,99,99,9,9,99,9,99,2,9,6,6,3,-1,-1,-1,-1,-1,-1,-1,-1,0,-1
2024501533116,2024,501533116,2,19,0,-1,19,6,2,-1,0,0,0,0,0,0,1,1,-1,6,3,-1,-1,-1,-1,-1,-1,-1,-1,0,-1
2024211530710,2024,211530710,1,9,0,-1,99,1,5,-1,99,0,0,0,0,0,4,1,-1,2,2,58,9,-1,-1,-1,-1,7,E01010352,0,3
2024631495481,2024,631495481,2,5,0,-1,19,1,6,-1,0,0,1,0,1,10,1,1,-1,9,1,50,8,-1,-1,-1,-1,9,W01000609,0,3
2024221407767,2024,221407767,2,9,0,-1,9,3,1,-1,0,6,0,0,0,0,4,9,-1,6,3,47,8,-1,-1,-1,-1,-1,-1,0,-1
2024161428285,2024,161428285,1,1,0,-1,19,3,7,-1,0,0,0,0,0,0,3,1,-1,6,1,39,7,-1,-1,-1,-1,1,E01013140,0,1
2024010512174,2024,010512174,2,9,0,18,19,6,2,0,0,4,0,0,0,0,1,1,6,6,3,-1,-1,-1,-1,-1,-1,-1,-1,0,-1
2024131464254,2024,131464254,1,9,0,-1,7,7,1,-1,0,2,0,0,0,0,-1,1,-1,6,3,-1,-1,-1,-1,-1,-1,-1,-1,0,-1
2024101497023,2024,101497023,1,9,0,-1,7,3,5,-1,0,1,0,0,0,0,1,1,-1,6,3,30,6,-1,-1,-1,-1,-1,-1,0,-1
2024010488439,2024,010488439,1,3,0,99,99,9,9,99,99,9,9,99,9,99,1,1,2,2,1,28,6,-1,-1,-1,-1,2,E01000509,0,2
2024010539702,2024,010539702,2,1,0,18,19,1,5,0,0,8,0,0,0,0,4,1,6,6,2,47,8,-1,-1,-1,-1,9,E01004687,0,1
2024131420406,2024,131420406,2,1,0,-1,19,2,6,-1,0,0,0,0,0,0,2,1,-1,6,1,19,4,-1,-1,-1,-1,1,E01010655,0,1
2024430208027,2024,430208027,2,9,0,18,19,6,2,0,0,0,0,0,0,0,2,1,6,6,2,39,7,-1,-1,-1,-1,6,E01016477,0,1
2024461409724,2024,461409724,1,9,0,-1,19,7,3,-1,0,0,1,0,0,0,1,9,-1,6,2,-1,-1,-1,-1,-1,-1,-1,-1,0,-1
2024451406664,2024,451406664,1,1,0,-1,19,1,5,-1,0,0,0,0,0,0,0,1,-1,9,1,68,10,-1,-1,-1,-1,7,E01002986,0,2
2024461454843,2024,461454843,1,99,0,-1,19,8,4,-1,0,0,0,0,0,0,1,9,-1,6,3,-1,-1,-1,-1,-1,-1,-1,-1,0,-1
2024320227800,2024,320227800,2,9,0,-1,-1,2,6,0,0,0,0,0,0,0,1,1,1,1,1,50,8,-1,-1,-1,-1,7,E01026236,0,1
2024141451952,2024,141451952,1,9,0,-1,5,2,6,-1,0,1,0,0,0,0,0,9,-1,6,2,-1,-1,-1,-1,-1,-1,-1,-1,0,-1
2024010540946,2024,010540946,1,1,9,99,99,9,9,99,99,9,9,99,9,99,9,1,2,2,1,39,7,-1,-1,-1,-1,7,E01002791,0,1
2024201489650,2024,201489650,2,3,0,-1,19,3,7,-1,0,0,0,0,0,0,2,1,-1,6,3,22,5,-1,-1,-1,-1,-1,-1,0,-1
2024010492414,2024,010492414,1,11,0,18,19,7,3,2,2,8,0,0,0,0,0,1,1,1,1,37,7,-1,-1,-1,-1,4,E01003210,0,1
2024201511944,2024,201511944,1,9,0,-1,19,1,5,-1,0,0,9,0,7,0,1,1,-1,6,1,30,6,-1,-1,-1,-1,-1,-1,0,-1
2024141465814,2024,141465814,1,9,0,-1,19,5,1,-1,0,1,0,0,0,0,4,1,-1,7,2,49,8,-1,-1,-1,-1,3,E01008125,0,1
2024010531065,2024,010531065,1,1,0,4,4,1,5,0,0,1,0,0,0,0,1,1,6,6,1,28,6,-1,-1,-1,-1,4,E01003053,0,1
2024421468315,2024,421468315,1,9,-1,-1,19,-1,-1,-1,0,1,0,0,0,0,1,9,-1,6,3,-1,-1,-1,-1,-1,-1,-1,-1,0,-1
2024440071904,2024,440071904,1,1,0,16,19,6,1,0,0,0,0,0,0,0,1,1,6,6,1,8,2,-1,-1,-1,-1,9,E01003477,0,5
2024471485455,2024,471485455,2,1,0,-1,19,2,6,-1,0,8,0,0,0,0,2,1,-1,6,1,71,10,-1,-1,-1,-1,9,E01000455,0,4
2024010522074,2024,010522074,2,1,0,9,9,1,6,0,0,8,0,0,1,1,4,1,6,6,1,14,3,-1,-1,-1,-1,6,E01004381,0,1
2024991483096,2024,991483096,2,1,0,-1,19,4,8,-1,0,1,0,0,0,0,3,1,-1,9,1,30,6,-1,-1,-1,-1,6,-1,0,1
2024010494969,2024,010494969,1,2,0,3,3,5,1,0,0,2,0,0,0,0,4,1,6,6,1,21,5,-1,-1,-1,-1,1,E01001210,0,1
2024361528372,2024,361528372,2,1,0,-1,19,8,4,-1,0,1,0,0,7,0,1,1,-1,7,1,12,3,-1,-1,-1,-1,6,E01026862,0,1
2024302500127,2024,302500127,3,9,0,-1,19,5,1,-1,0,0,0,0,0,0,2,1,-1,9,1,66,10,-1,-1,-1,-1,6,-1,0,5
2024010488876,2024,010488876,3,9,0,2,2,0,0,6,6,0,0,0,0,0,2,1,6,6,3,-1,-1,-1,-1,-1,-1,-1,-1,0,-1
2024351435010,2024,351435010,1,9,-1,-1,19,3,7,-1,0,1,0,0,0,0,1,9,-1,6,3,-1,-1,-1,-1,-1,-1,-1,-1,0,-1
2024010491830,2024,010491830,2,9,9,99,99,9,9,99,99,9,9,99,9,99,9,9,6,6,3,-1,-1,-1,-1,-1,-1,-1,-1,0,-1
2024520401267,2024,520401267,1,9,0,4,4,1,5,0,0,0,0,0,0,0,3,1,6,6,1,41,7,-1,-1,-1,-1,2,E01029097,0,1
2024542994124,2024,542994124,1,21,0,18,19,8,4,0,0,1,2,0,1,0,3,1,1,1,1,41,7,-1,-1,-1,-1,9,E01017624,0,5
2024010505576,2024,010505576,1,1,9,99,99,9,9,99,99,0,9,99,9,99,1,1,2,2,1,52,8,-1,-1,-1,-1,5,E01033739,0,2
2024061422398,2024,061422398,1,2,-1,-1,-1,-1,-1,-1,-1,-1,-1,-1,-1,0,-1,1,-1,6,3,-1,-1,-1,-1,-1,-1,-1,-1,0,-1
2024440080104,2024,440080104,1,9,0,2,2,0,0,0,0,0,0,0,0,0,2,1,6,6,3,-1,-1,-1,-1,-1,-1,-1,-1,0,-1
2024451503755,2024,451503755,1,9,0,-1,9,1,6,-1,0,4,0,0,0,0,4,1,-1,1,1,68,10,-1,-1,-1,-1,8,E01035363,0,3
2024351491014,2024,351491014,1,9,0,-1,1,3,7,-1,0,8,0,0,0,0,2,9,-1,6,3,-1,-1,-1,-1,-1,-1,-1,-1,0,-1
2024061493046,2024,061493046,1,9,0,-1,19,5,1,-1,0,0,0,0,0,0,1,1,-1,1,1,54,8,-1,-1,-1,-1,1,E01005799,0,3
2024010538950,2024,010538950,2,1,0,18,19,3,7,0,0,1,5,0,0,0,1,1,6,6,2,43,7,-1,-1,-1,-1,3,E01033862,0,1
202454E288024,2024,54E288024,1,9,0,18,19,3,7,0,0,0,0,0,0,0,1,1,2,2,1,61,9,-1,-1,-1,-1,7,E01022398,0,4
2024221452526,2024,221452526,1,9,0,-1,4,7,3,-1,0,0,0,0,0,0,0,1,-1,6,3,30,6,-1,-1,-1,-1,-1,-1,0,-1
2024481437378,2024,481437378,2,1,0,-1,19,5,1,-1,5,1,0,0,0,0,1,1,-1,2,1,25,5,-1,-1,-1,-1,-1,-1,0,-1
2024471518859,2024,471518859,1,9,0,-1,19,7,3,-1,0,0,1,0,7,3,1,2,-1,9,1,72,10,-1,-1,-1,-1,6,E01030515,0,2
2024010548868,2024,010548868,1,9,0,99,99,9,9,99,99,9,9,99,9,99,2,9,6,6,1,31,6,-1,-1,-1,-1,4,E01001167,0,3
2024010495340,2024,010495340,1,3,0,99,99,9,9,99,99,9,9,99,9,99,9,1,2,2,3,25,5,-1,-1,-1,-1,2,E01001978,0,1
2024481561496,2024,481561496,2,1,0,-1,15,5,1,-1,0,1,0,0,0,0,1,1,-1,2,2,27,6,-1,-1,-1,-1,-1,-1,0,-1
2024991499193,2024,991499193,1,9,0,-1,19,4,8,-1,0,0,0,0,0,0,2,1,-1,6,1,78,11,-1,-1,-1,-1,4,-1,0,2
2024141456109,2024,141456109,2,9,0,-1,19,3,8,-1,0,4,0,0,0,0,1,9,-1,6,3,-1,-1,-1,-1,-1,-1,-1,-1,0,-1
2024440297165,2024,440297165,2,1,0,18,19,3,7,0,0,0,0,10,0,0,0,1,6,6,1,23,5,-1,-1,-1,-1,7,E01031493,0,3
2024010533456,2024,010533456,2,1,0,99,99,9,9,0,0,8,0,0,0,0,9,1,6,6,1,32,6,-1,-1,-1,-1,3,E01003616,0,1
2024141504939,2024,141504939,2,9,0,-1,19,-1,-1,-1,0,8,0,0,0,0,1,9,-1,6,3,-1,-1,-1,-1,-1,-1,-1,-1,0,-1
2024461480351,2024,461480351,1,19,-1,-1,15,7,2,-1,0,0,0,0,0,0,1,9,-1,6,3,-1,-1,-1,-1,-1,-1,-1,-1,0,-1
2024010502660,2024,010502660,1,9,0,99,99,9,9,0,0,9,9,99,9,99,9,9,6,6,1,59,9,-1,-1,-1,-1,5,E01002352,0,2
2024061535607,2024,061535607,1,9,0,-1,19,7,4,-1,9,2,0,0,1,0,1,1,-1,9,1,48,8,-1,-1,-1,-1,-1,-1,0,-1
2024401395837,2024,401395837,2,-1,0,-1,19,-1,-1,-1,0,8,0,0,0,0,3,1,-1,6,1,-1,-1,-1,-1,-1,-1,-1,-1,1,-1
2024430530696,2024,430530696,2,1,0,18,19,4,8,4,4,8,0,0,0,0,3,1,2,2,1,41,7,-1,-1,-1,-1,10,E01032554,0,1
2024421443664,2024,421443664,1,9,-1,-1,19,-1,-1,-1,0,0,0,0,0,0,1,9,-1,6,3,-1,-1,-1,-1,-1,-1,-1,-1,0,-1
2024041428705,2024,041428705,1,90,0,-1,19,3,7,-1,0,0,0,10,0,0,1,1,-1,9,1,23,5,-1,-1,-1,-1,2,E01025245,0,1
2024010491066,2024,010491066,1,3,0,99,99,9,9,99,99,9,9,99,9,99,9,1,1,1,1,31,6,-1,-1,-1,-1,3,E01003126,0,1
2024201493039,2024,201493039,2,1,0,-1,19,8,4,-1,0,8,0,0,0,0,1,1,-1,6,1,48,8,-1,-1,-1,-1,2,E01009346,0,2
2024010489082,2024,010489082,1,9,0,9,9,4,1,0,0,1,0,0,0,0,1,1,6,6,1,80,11,-1,-1,-1,-1,8,E01001924,0,2
2024010501242,2024,010501242,1,9,0,-1,-1,1,5,0,0,2,0,0,0,0,1,1,6,6,3,-1,-1,-1,-1,-1,-1,-1,-1,0,-1
202454D332824,2024,54D332824,2,9,0,4,4,1,5,0,0,0,0,0,0,0,2,1,1,1,1,58,9,-1,-1,-1,-1,-1,-1,0,-1
2024010530953,2024,010530953,2,9,0,18,19,5,1,0,0,0,0,0,0,0,1,1,6,6,3,-1,-1,-1,-1,-1,-1,-1,-1,0,-1
2024131535777,2024,131535777,2,9,0,-1,2,0,0,-1,0,0,0,0,0,0,1,1,-1,6,-1,-1,-1,-1,-1,-1,-1,-1,-1,0,-1
2024010491137,2024,010491137,1,9,0,4,4,1,5,0,0,0,0,0,0,0,2,1,6,6,1,34,6,-1,-1,-1,-1,7,E01002265,0,2
2024430541230,2024,430541230,1,9,0,17,19,1,5,0,0,0,0,0,0,0,0,1,6,6,1,32,6,-1,-1,-1,-1,-1,-1,0,-1
2024111460735,2024,111460735,1,9,0,-1,19,2,5,-1,0,0,0,0,0,0,1,1,-1,6,1,59,9,-1,-1,-1,-1,7,E01012365,0,1
2024010494358,2024,010494358,2,9,0,9,9,7,5,0,0,3,0,0,0,0,4,1,6,6,2,32,6,-1,-1,-1,-1,5,E01001035,0,1
2024041531944,2024,041531944,2,1,0,-1,19,4,6,-1,0,8,5,0,0,0,4,1,-1,2,1,62,9,-1,-1,-1,-1,8,E01025302,0,1
2024221532761,2024,221532761,2,9,0,-1,4,4,8,-1,0,0,0,10,1,11,1,9,-1,1,2,60,9,-1,-1,-1,-1,4,E01028922,0,1
2024201460483,2024,201460483,2,1,0,-1,19,4,8,-1,0,8,0,0,0,0,1,1,-1,9,2,31,6,-1,-1,-1,-1,6,E01010359,0,1
2024430181440,2024,430181440,1,-1,0,18,19,2,6,0,0,1,0,0,0,0,1,1,6,6,1,12,3,-1,-1,-1,-1,-1,-1,1,-1
2024481472439,2024,481472439,2,1,0,-1,19,5,1,-1,0,0,0,0,0,0,2,1,-1,9,1,55,8,-1,-1,-1,-1,-1,-1,0,-1
2024061481067,2024,061481067,1,4,0,-1,7,5,8,-1,0,1,1,0,0,0,1,1,-1,9,1,27,6,-1,-1,-1,-1,1,E01005117,0,4
2024141504098,2024,141504098,2,1,0,-1,9,7,5,-1,0,0,2,0,0,0,1,1,-1,6,1,14,3,-1,-1,-1,-1,3,E01007572,0,1
2024201464703,2024,201464703,1,9,0,-1,9,3,7,-1,0,1,0,0,0,0,1,9,-1,6,3,-1,-1,-1,-1,-1,-1,-1,-1,0,-1
2024010519432,2024,010519432,1,1,0,18,19,7,3,0,0,2,0,0,0,0,1,1,2,2,1,50,8,-1,-1,-1,-1,3,E01033945,0,2
2024311500280,2024,311500280,1,9,0,-1,19,3,7,-1,0,3,0,0,0,0,2,1,-1,2,1,31,6,-1,-1,-1,-1,-1,-1,0,-1
2024010504490,2024,010504490,2,-1,0,5,5,3,7,0,0,6,0,0,0,0,4,1,6,6,2,14,3,-1,-1,-1,-1,5,E01000219,1,1
2024010525328,2024,010525328,1,1,9,99,99,9,9,99,99,0,9,99,9,99,9,1,6,6,1,30,6,-1,-1,-1,-1,10,E01002959,0,3
2024052400614,2024,052400614,2,1,0,4,4,3,7,0,0,1,0,0,0,0,1,1,3,7,1,39,7,-1,-1,-1,-1,1,E01006726,0,1
2024520401396,2024,520401396,1,9,0,18,19,5,1,0,0,0,0,0,0,0,4,1,6,6,3,-1,-1,-1,-1,-1,-1,-1,-1,0,-1
2024430000878,2024,430000878,1,9,0,18,19,3,7,0,0,0,1,0,0,0,3,1,6,6,1,19,4,-1,-1,-1,-1,6,E01016301,0,3
2024440443021,2024,440443021,2,9,0,7,7,1,4,0,0,5,0,0,0,0,1,1,6,6,3,-1,-1,-1,-1,-1,-1,-1,-1,0,-1
2024311441501,2024,311441501,2,3,0,-1,19,3,7,-1,0,8,2,0,0,0,1,1,-1,6,1,24,5,-1,-1,-1,-1,1,E01013820,0,1
2024010486951,2024,010486951,2,9,0,18,19,5,1,0,0,0,0,0,0,0,1,1,6,6,1,26,6,-1,-1,-1,-1,7,E01023335,0,2
2024430549062,2024,430549062,1,3,0,18,19,4,8,0,0,0,0,10,0,0,1,1,4,7,1,17,4,-1,-1,-1,-1,10,E01016618,0,1
2024991457094,2024,991457094,2,1,0,-1,19,2,6,-1,0,8,0,0,0,0,1,1,-1,6,1,36,7,-1,-1,-1,-1,7,-1,0,1
2024061406775,2024,061406775,2,9,0,-1,19,8,4,-1,0,8,0,0,0,0,1,1,-1,6,1,32,6,-1,-1,-1,-1,1,E01005132,0,1
2024440522516,2024,440522516,2,9,0,4,4,5,1,0,0,4,0,0,0,0,2,1,6,6,2,52,8,-1,-1,-1,-1,10,E01022596,0,4
2024440482471,2024,440482471,2,9,0,18,19,2,4,0,0,0,0,0,0,0,2,1,6,6,1,-1,-1,-1,-1,-1,-1,-1,-1,0,-1
2024430224980,2024,430224980,1,9,0,18,19,1,5,0,0,0,0,0,0,0,1,1,6,6,2,30,6,-1,-1,-1,-1,-1,-1,0,-1
2024010548284,2024,010548284,1,1,9,99,99,9,9,99,99,9,9,99,9,99,2,1,2,2,1,24,5,-1,-1,-1,-1,2,E01003187,0,1
2024351424555,2024,351424555,1,9,-1,-1,19,-1,-1,-1,0,0,0,0,0,0,-1,9,-1,6,3,-1,-1,-1,-1,-1,-1,-1,-1,0,-1
2024052402163,2024,052402163,1,9,0,18,19,5,1,0,0,7,0,10,1,1,1,1,1,1,1,47,8,-1,-1,-1,-1,4,E01006485,0,2
2024010515931,2024,010515931,1,1,0,15,15,7,3,0,0,1,0,10,0,0,3,1,2,2,1,33,6,-1,-1,-1,-1,9,E01002991,0,3
2024010492317,2024,010492317,2,1,0,17,19,3,2,0,0,2,0,0,0,0,3,1,6,6,1,18,4,-1,-1,-1,-1,7,E01004307,0,1
2024010494767,2024,010494767,1,9,0,18,19,3,7,0,0,0,0,0,0,0,1,1,6,6,1,29,6,-1,-1,-1,-1,7,E01000326,0,1
2024041460050,2024,041460050,2,9,0,-1,19,3,7,-1,0,0,0,0,0,0,1,1,-1,6,3,-1,-1,-1,-1,-1,-1,-1,-1,0,-1
2024010491890,2024,010491890,1,9,0,18,19,6,2,0,0,4,0,0,0,0,1,1,6,6,3,74,10,-1,-1,-1,-1,-1,-1,0,-1
2024461468869,2024,461468869,1,11,0,-1,19,8,4,-1,0,0,0,0,0,0,1,9,-1,1,1,52,8,-1,-1,-1,-1,2,E01001057,0,4
2024201485980,2024,201485980,1,9,0,-1,3,3,7,-1,0,1,0,0,0,0,2,1,-1,6,1,28,6,-1,-1,-1,-1,7,E01009911,0,2
2024201503545,2024,201503545,2,9,0,-1,19,2,4,-1,0,3,0,0,0,0,3,1,-1,6,1,34,6,-1,-1,-1,-1,2,E01009891,0,1
2024332400611,2024,332400611,2,9,0,-1,5,7,3,-1,0,6,0,0,0,0,1,1,-1,6,1,-1,-1,-1,-1,-1,-1,-1,-1,0,-1
2024010491866,2024,010491866,2,19,9,99,99,9,9,99,99,9,9,99,9,99,9,9,6,6,3,-1,-1,-1,-1,-1,-1,-1,-1,0,-1
2024010491452,2024,010491452,1,9,0,99,99,9,9,99,99,9,9,99,9,99,2,9,6,6,2,49,8,-1,-1,-1,-1,3,E01002303,0,1
2024061425595,2024,061425595,1,1,9,-1,19,2,6,-1,0,1,5,0,0,0,1,1,-1,9,1,19,4,-1,-1,-1,-1,1,E01005063,0,1
2024010497425,2024,010497425,1,1,9,99,99,9,9,99,99,9,9,99,9,99,2,1,1,1,1,42,7,-1,-1,-1,-1,3,E01003566,0,1
2024302400616,2024,302400616,2,1,0,14,14,3,7,0,0,2,0,0,0,0,1,1,6,6,1,33,6,-1,-1,-1,-1,1,E01013484,0,1
2024361507514,2024,361507514,2,1,0,-1,9,8,4,-1,0,1,0,0,1,0,1,1,-1,6,1,19,4,-1,-1,-1,-1,3,E01026740,0,1
2024351408776,2024,351408776,2,1,0,-1,19,-1,-1,-1,0,8,0,0,0,0,-1,1,-1,6,1,15,3,-1,-1,-1,-1,6,E01023598,0,4
2024320505828,2024,320505828,2,9,0,-1,-1,7,3,0,0,8,0,0,0,0,1,1,6,6,1,53,8,-1,-1,-1,-1,9,E01026370,0,1
2024052400974,2024,052400974,2,1,0,2,2,0,0,0,0,0,0,0,0,0,1,1,6,6,2,6,2,-1,-1,-1,-1,1,E01007204,0,1
2024311530068,2024,311530068,2,9,0,-1,19,5,1,-1,0,0,0,0,0,0,3,1,-1,9,2,51,8,-1,-1,-1,-1,6,E01026199,0,1
2024622400326,2024,622400326,2,9,0,3,3,4,8,0,0,0,0,0,0,0,2,1,6,6,1,72,10,-1,-1,-1,-1,9,W01000776,0,4
2024201467207,2024,201467207,1,1,0,-1,19,2,6,-1,9,0,0,0,0,0,1,1,-1,6,1,30,6,-1,-1,-1,-1,-1,-1,0,-1
2024332400077,2024,332400077,1,1,0,-1,19,5,1,-1,0,4,0,0,0,0,3,1,-1,2,1,48,8,-1,-1,-1,-1,10,E01025615,0,1
2024461503117,2024,461503117,2,9,0,-1,9,6,2,-1,0,1,0,0,1,10,1,1,-1,9,2,52,8,-1,-1,-1,-1,10,E01024461,0,2
2024340WN0372,2024,340WN0372,1,1,0,-1,15,6,2,-1,0,8,0,0,0,0,3,1,-1,6,1,19,4,-1,-1,-1,-1,2,E01027226,0,1
2024010511787,2024,010511787,1,9,0,18,19,1,5,0,0,0,0,0,0,0,1,1,6,6,3,-1,-1,-1,-1,-1,-1,-1,-1,0,-1
2024451457494,2024,451457494,2,9,0,-1,19,5,1,-1,0,1,0,0,0,0,1,1,-1,6,1,75,10,-1,-1,-1,-1,6,E01030482,0,3
2024631430995,2024,631430995,1,9,0,-1,19,5,1,-1,0,6,0,0,0,0,1,1,-1,6,1,25,5,-1,-1,-1,-1,7,W01000623,0,4
2024991421621,2024,991421621,2,9,0,-1,13,2,6,-1,0,0,0,0,7,9,2,1,-1,2,1,39,7,-1,-1,-1,-1,-1,-1,0,-1
2024201476127,2024,201476127,2,9,0,-1,5,6,4,-1,0,6,0,0,0,0,1,1,-1,6,-1,-1,-1,-1,-1,-1,-1,-1,-1,0,-1
2024401398884,2024,401398884,1,99,-1,-1,-1,-1,-1,-1,-1,0,-1,-1,-1,0,-1,9,-1,6,3,-1,-1,-1,-1,-1,-1,-1,-1,0,-1
2024302401066,2024,302401066,2,1,0,18,19,1,5,0,0,6,0,0,0,0,4,1,6,6,1,8,2,-1,-1,-1,-1,1,E01019761,0,1
2024131440346,2024,131440346,1,9,0,-1,19,3,7,-1,0,0,0,0,0,0,2,1,-1,2,1,37,7,-1,-1,-1,-1,5,E01010934,0,2
2024440358618,2024,440358618,2,9,0,18,19,3,7,0,0,6,0,0,0,0,1,1,6,6,3,-1,-1,-1,-1,-1,-1,-1,-1,0,-1
2024351509781,2024,351509781,2,1,0,-1,4,2,5,-1,0,4,0,0,0,0,2,1,-1,6,1,27,6,-1,-1,-1,-1,10,E01018258,0,2
2024010504206,2024,010504206,2,9,9,99,99,9,9,99,99,0,9,99,9,99,9,9,6,6,3,-1,-1,-1,-1,-1,-1,-1,-1,0,-1
2024351471214,2024,351471214,1,19,0,-1,9,1,5,-1,0,8,0,0,0,0,3,1,-1,9,1,54,8,-1,-1,-1,-1,-1,-1,0,-1
2024461412295,2024,461412295,1,9,0,-1,19,1,5,-1,0,1,0,0,0,0,-1,9,-1,6,3,-1,-1,-1,-1,-1,-1,-1,-1,0,-1
2024141496917,2024,141496917,1,9,0,-1,7,3,7,-1,0,1,1,0,7,0,1,1,-1,9,1,20,4,-1,-1,-1,-1,2,E01008112,0,1
2024552400945,2024,552400945,1,9,0,18,19,7,3,0,0,0,0,0,0,0,1,1,6,6,3,-1,-1,-1,-1,-1,-1,-1,-1,0,-1
2024302400603,2024,302400603,2,1,0,17,19,1,5,0,0,8,0,0,0,0,1,1,1,1,3,-1,-1,-1,-1,-1,-1,5,E01019456,0,3
2024991471259,2024,991471259,2,9,0,-1,19,2,6,-1,0,0,0,0,0,0,2,1,-1,6,2,66,10,-1,-1,-1,-1,9,-1,0,2
2024991408687,2024,991408687,1,9,0,-1,19,1,5,-1,0,0,5,0,1,0,3,1,-1,9,1,52,8,-1,-1,-1,-1,1,-1,0,4
2024471400286,2024,471400286,1,1,0,-1,5,3,7,-1,0,8,0,0,0,0,4,1,-1,9,2,22,5,-1,-1,-1,-1,8,E01021041,0,1
2024052400519,2024,052400519,1,4,0,18,19,5,1,0,0,1,0,0,0,0,1,1,6,6,1,39,7,-1,-1,-1,-1,1,E01033763,0,1
2024451397759,2024,451397759,2,1,0,-1,19,6,2,-1,0,0,0,0,0,0,1,1,-1,6,1,35,6,-1,-1,-1,-1,10,E01030958,0,1
2024141487899,2024,141487899,2,98,0,-1,19,1,5,-1,0,0,0,0,0,0,3,2,-1,1,1,52,8,-1,-1,-1,-1,-1,-1,0,-1
2024010501868,2024,010501868,1,1,9,99,99,9,9,99,99,9,9,99,9,99,9,1,2,2,1,43,7,-1,-1,-1,-1,5,E01003213,0,1
2024302401193,2024,302401193,1,20,0,12,12,8,5,0,0,8,0,0,0,0,3,1,6,6,3,-1,-1,-1,-1,-1,-1,5,E01019456,0,3
2024501395345,2024,501395345,1,9,0,-1,19,8,2,-1,0,8,0,0,0,0,1,1,-1,6,1,66,10,-1,-1,-1,-1,9,E01015101,0,1
2024010487417,2024,010487417,2,9,0,99,99,9,9,99,99,9,9,99,9,99,1,9,6,6,3,-1,-1,-1,-1,-1,-1,-1,-1,0,-1
2024440171753,2024,440171753,2,1,0,18,19,1,5,0,0,8,0,0,0,0,3,1,6,6,1,16,4,-1,-1,-1,-1,2,E01017053,0,1
2024061491614,2024,061491614,1,9,0,-1,19,7,7,-1,0,8,0,0,0,0,1,1,-1,9,2,30,6,-1,-1,-1,-1,3,E01005179,0,1
2024010488852,2024,010488852,1,1,9,99,99,9,9,99,99,9,9,99,9,99,9,1,2,2,1,40,7,-1,-1,-1,-1,3,E01000638,0,1
2024010495323,2024,010495323,2,9,0,99,99,9,9,99,99,9,9,99,9,99,9,9,6,6,3,-1,-1,-1,-1,-1,-1,-1,-1,0,-1
2024101510305,2024,101510305,1,9,0,-1,19,8,4,-1,0,8,0,0,0,0,1,9,-1,6,1,-1,-1,-1,-1,-1,-1,-1,-1,0,-1
2024010493669,2024,010493669,1,19,9,99,99,9,9,99,99,9,9,99,9,99,9,9,6,6,3,-1,-1,-1,-1,-1,-1,-1,-1,0,-1
2024010511621,2024,010511621,2,1,0,18,19,5,1,0,0,8,0,0,0,0,2,1,6,6,3,-1,-1,-1,-1,-1,-1,-1,-1,0,-1