collision_index,collision_year,collision_ref_no,vehicle_reference,vehicle_type,towing_and_articulation,vehicle_manoeuvre_historic,vehicle_manoeuvre,vehicle_direction_from,vehicle_direction_to,vehicle_location_restricted_lane_historic,vehicle_location_restricted_lane,junction_location,skidding_and_overturning,hit_object_in_carriageway,vehicle_leaving_carriageway,hit_object_off_carriageway,first_point_of_impact,vehicle_left_hand_drive,journey_purpose_of_driver_historic,journey_purpose_of_driver,sex_of_driver,age_of_driver,age_band_of_driver,engine_capacity_cc,propulsion_code,age_of_vehicle,generic_make_model,driver_imd_decile,lsoa_of_driver,escooter_flag,driver_distance_banding
2024461516226,2024,461516226,2,1,0,-1,19,3,7,-1,0,0,2,0,0,0,1,1,-1,6,1,37,7,-1,-1,-1,-1,2,E01024686,0,1
2024622400797,2024,622400797,1,5,0,18,19,8,4,0,0,8,0,0,0,0,1,1,6,6,1,60,9,-1,-1,-1,-1,2,W01001803,0,3
2024231498518,2024,231498518,1,19,0,-1,19,8,4,-1,0,0,0,0,0,0,3,9,-1,6,3,35,6,-1,-1,-1,-1,-1,-1,0,-1
2024522401821,2024,522401821,1,9,0,18,19,7,3,0,0,8,0,0,0,0,1,1,6,6,1,20,4,-1,-1,-1,-1,8,E01014826,0,1
2024221539504,2024,221539504,1,9,0,-1,9,4,2,-1,0,5,0,0,0,0,4,1,-1,6,1,69,10,-1,-1,-1,-1,6,E01028970,0,1
2024430557793,2024,430557793,1,9,0,14,14,5,1,0,0,0,0,0,0,0,0,1,6,6,1,-1,-1,-1,-1,-1,-1,-1,-1,0,-1
2024010538422,2024,010538422,2,1,0,18,19,2,6,2,2,0,0,0,0,0,1,1,6,6,1,29,6,-1,-1,-1,-1,2,E01001364,0,1
2024991518107,2024,991518107,2,9,0,-1,19,8,3,-1,0,0,1,0,0,0,1,1,-1,1,2,34,6,-1,-1,-1,-1,8,-1,0,4
2024141430946,2024,141430946,2,9,0,-1,13,6,1,-1,0,0,0,0,0,0,1,9,-1,6,3,-1,-1,-1,-1,-1,-1,-1,-1,0,-1
2024010541674,2024,010541674,2,1,0,18,19,5,1,0,0,0,0,0,0,0,4,1,6,6,1,16,4,-1,-1,-1,-1,1,E01000605,0,1
2024421427046,2024,421427046,2,9,0,-1,19,-1,-1,-1,0,1,0,0,0,0,1,9,-1,6,2,50,8,-1,-1,-1,-1,7,E01015977,0,3
2024542831224,2024,542831224,1,9,0,18,19,0,0,0,0,0,0,0,1,11,2,1,6,6,1,31,6,-1,-1,-1,-1,9,E01020423,0,4
2024552400782,2024,552400782,1,9,0,5,5,7,3,4,4,6,0,0,0,0,1,1,6,6,2,44,7,-1,-1,-1,-1,7,E01020579,0,1
2024411473350,2024,411473350,2,9,0,-1,2,0,0,-1,9,0,0,0,0,0,1,1,-1,6,-1,-1,-1,-1,-1,-1,-1,-1,-1,0,-1
2024610056624,2024,610056624,2,9,0,3,3,8,4,0,0,0,0,0,0,0,2,1,2,2,1,22,5,-1,-1,-1,-1,7,W01001452,0,2
2024311526206,2024,311526206,1,9,0,-1,19,1,5,-1,0,0,1,0,0,0,1,1,-1,6,1,31,6,-1,-1,-1,-1,9,E01028375,0,1
2024010497248,2024,010497248,2,1,9,99,99,9,9,99,99,1,9,99,9,99,1,1,6,6,1,-1,-1,-1,-1,-1,-1,3,E01004323,0,1
2024361414908,2024,361414908,1,9,0,-1,19,4,8,-1,0,1,0,0,1,0,1,1,-1,6,1,55,8,-1,-1,-1,-1,6,E01026462,0,3
2024010491129,2024,010491129,2,2,0,99,99,9,9,99,99,9,9,99,9,99,1,1,6,6,3,38,7,-1,-1,-1,-1,3,E01033862,0,2
2024302401568,2024,302401568,2,1,0,7,7,5,8,0,0,8,0,0,0,0,4,1,6,6,1,62,9,-1,-1,-1,-1,10,E01019610,0,1
2024010512679,2024,010512679,1,1,9,99,99,9,9,99,99,9,9,99,9,99,9,1,2,2,1,43,7,-1,-1,-1,-1,6,E01003694,0,3
2024201524192,2024,201524192,1,99,0,-1,19,6,8,-1,0,0,0,0,0,0,1,9,-1,6,3,-1,-1,-1,-1,-1,-1,-1,-1,0,-1
2024010504565,2024,010504565,1,1,9,99,99,9,9,99,99,9,9,99,9,99,9,1,2,2,1,33,6,-1,-1,-1,-1,9,E01002116,0,1
2024052401702,2024,052401702,1,9,0,7,7,6,8,0,0,4,0,0,0,0,3,1,6,6,3,-1,-1,-1,-1,-1,-1,-1,-1,0,-1
2024421515727,2024,421515727,2,-1,0,-1,-1,-1,-1,-1,-1,0,-1,-1,-1,0,-1,1,-1,6,1,47,8,-1,-1,-1,-1,4,E01021817,0,1
2024122400972,2024,122400972,1,9,0,18,19,3,7,0,0,8,0,0,0,0,4,1,6,6,3,-1,-1,-1,-1,-1,-1,-1,-1,0,-1
2024010520302,2024,010520302,2,9,9,99,99,9,9,99,99,9,9,99,9,99,9,9,6,6,3,-1,-1,-1,-1,-1,-1,-1,-1,0,-1
2024332400663,2024,332400663,2,9,0,-1,19,1,5,-1,0,0,1,0,7,9,3,1,-1,2,1,21,5,-1,-1,-1,-1,9,E01025817,0,1
2024221491459,2024,221491459,4,9,0,-1,4,8,4,-1,0,8,0,0,0,0,1,1,-1,9,1,35,6,-1,-1,-1,-1,2,E01032262,0,3
2024010516140,2024,010516140,1,1,9,99,99,9,9,99,99,9,9,99,9,99,9,1,2,2,2,28,6,-1,-1,-1,-1,3,E01035660,0,1
2024201480873,2024,201480873,1,9,0,-1,7,2,4,-1,0,6,0,0,0,0,1,9,-1,6,1,26,6,-1,-1,-1,-1,1,E01014163,0,4
2024010531037,2024,010531037,1,1,0,18,19,4,8,0,0,1,5,0,0,0,1,1,6,6,1,35,6,-1,-1,-1,-1,3,E01003082,0,1
2024061528288,2024,061528288,2,1,0,-1,19,7,3,-1,0,8,0,0,0,0,1,1,-1,2,1,43,7,-1,-1,-1,-1,1,E01005953,0,1
2024461471069,2024,461471069,2,9,0,-1,19,7,3,-1,0,0,0,0,0,0,2,9,-1,6,1,30,6,-1,-1,-1,-1,8,E01016126,0,4
2024501454459,2024,501454459,2,9,0,-1,19,1,5,-1,0,0,0,0,0,0,1,1,-1,1,1,30,6,-1,-1,-1,-1,8,E01015038,0,3
2024622400263,2024,622400263,2,9,0,3,3,8,4,0,0,3,0,0,0,0,2,1,6,6,1,34,6,-1,-1,-1,-1,9,W01001729,0,1
2024991500224,2024,991500224,2,9,0,-1,3,3,2,-1,0,1,0,0,0,0,2,1,-1,9,1,46,8,-1,-1,-1,-1,5,-1,0,4
2024161446167,2024,161446167,1,1,0,-1,19,5,1,-1,4,1,0,0,0,0,1,1,-1,2,1,30,6,-1,-1,-1,-1,1,E01012857,0,1
2024440474060,2024,440474060,1,1,0,18,19,7,3,0,0,0,0,0,0,0,3,1,6,6,1,51,8,-1,-1,-1,-1,5,E01022810,0,1
2024052402569,2024,052402569,2,9,0,18,19,1,5,0,0,8,0,0,0,0,1,1,6,6,2,31,6,-1,-1,-1,-1,1,E01033763,0,1
2024201439772,2024,201439772,1,19,0,-1,19,6,2,-1,0,0,0,0,0,0,1,9,-1,6,1,45,7,-1,-1,-1,-1,-1,-1,0,-1
2024610022824,2024,610022824,2,1,0,18,19,2,6,0,0,6,0,0,0,0,1,1,6,6,1,12,3,-1,-1,-1,-1,4,W01001329,0,1
2024101531701,2024,101531701,2,23,-1,-1,13,5,1,-1,0,0,0,0,0,0,0,1,-1,6,1,-1,-1,-1,-1,-1,-1,-1,-1,0,-1
2024161458117,2024,161458117,1,1,0,-1,19,4,8,-1,4,1,0,0,0,0,1,1,-1,6,1,14,3,-1,-1,-1,-1,1,E01012881,0,1
2024161489694,2024,161489694,2,9,0,-1,19,4,6,-1,0,1,0,0,0,0,-1,1,-1,6,3,-1,-1,-1,-1,-1,-1,-1,-1,0,-1
2024010537084,2024,010537084,1,1,0,18,19,5,1,0,0,2,0,0,0,0,1,1,6,6,2,23,5,-1,-1,-1,-1,-1,-1,0,-1
2024451534389,2024,451534389,1,98,0,-1,15,3,1,-1,0,0,0,0,0,0,1,9,-1,6,3,36,7,-1,-1,-1,-1,-1,-1,0,-1
2024052400819,2024,052400819,2,1,0,9,9,5,3,0,0,1,0,0,0,0,3,1,6,6,1,13,3,-1,-1,-1,-1,1,E01033793,0,1
2024430417630,2024,430417630,2,9,0,18,19,7,3,0,0,8,0,0,0,0,4,1,6,6,1,26,6,-1,-1,-1,-1,3,E01016741,0,1
2024010509649,2024,010509649,2,1,3,18,19,5,1,0,0,6,0,0,0,0,4,1,2,2,1,60,9,-1,-1,-1,-1,3,E01001726,0,2
2024531473751,2024,531473751,2,1,0,-1,19,1,7,-1,0,3,0,0,0,0,2,1,-1,9,1,14,3,-1,-1,-1,-1,8,E01022144,0,1
2024440258322,2024,440258322,2,1,0,18,19,3,7,0,0,0,0,0,0,0,0,1,6,6,1,30,6,-1,-1,-1,-1,7,E01023123,0,3
2024010539176,2024,010539176,2,9,9,99,99,9,9,99,99,9,9,99,9,99,2,9,6,6,3,-1,-1,-1,-1,-1,-1,1,E01009360,0,5
2024451494793,2024,451494793,1,1,0,-1,19,7,3,-1,0,8,0,0,0,0,4,1,-1,2,2,49,8,-1,-1,-1,-1,10,E01030320,0,1
2024461425142,2024,461425142,2,9,0,-1,10,5,1,-1,0,0,0,0,0,0,3,1,-1,6,1,32,6,-1,-1,-1,-1,5,E01024283,0,1
2024111453763,2024,111453763,1,1,0,-1,4,7,3,-1,0,1,0,0,0,0,1,1,-1,6,1,9,2,-1,-1,-1,-1,2,E01020618,0,1
2024070124857,2024,070124857,1,5,0,4,4,4,8,0,0,1,2,0,4,6,1,1,6,6,1,31,6,-1,-1,-1,-1,8,E01018699,0,3
2024430020645,2024,430020645,1,9,0,8,8,3,5,0,0,1,0,0,0,0,2,1,6,6,2,37,7,-1,-1,-1,-1,5,E01017845,0,1
2024522401683,2024,522401683,2,9,0,1,1,2,6,0,0,0,0,0,0,0,2,1,6,6,3,-1,-1,-1,-1,-1,-1,-1,-1,0,-1
2024161426502,2024,161426502,2,9,0,-1,2,0,0,-1,0,0,0,0,0,0,3,1,-1,6,1,39,7,-1,-1,-1,-1,8,E01013155,0,1
2024041474457,2024,041474457,1,98,0,-1,1,1,5,-1,0,1,0,0,0,0,2,1,-1,6,3,-1,-1,-1,-1,-1,-1,-1,-1,0,-1
2024010497194,2024,010497194,3,9,0,18,19,5,1,0,0,2,0,0,0,0,4,1,6,6,1,53,8,-1,-1,-1,-1,5,E01000504,0,1
2024070112589,2024,070112589,2,1,0,18,19,7,3,0,0,1,0,0,0,0,2,1,2,2,1,58,9,-1,-1,-1,-1,4,E01012454,0,1
2024010487294,2024,010487294,1,5,0,18,19,7,3,0,0,8,1,0,0,0,4,1,2,2,1,50,8,-1,-1,-1,-1,2,E01000954,0,1
2024101507714,2024,101507714,1,9,0,-1,19,5,1,-1,-1,0,0,4,1,0,1,1,-1,9,1,78,11,-1,-1,-1,-1,7,E01027473,0,1
2024010491213,2024,010491213,2,9,9,99,99,9,9,99,99,9,9,99,9,99,1,9,6,6,3,-1,-1,-1,-1,-1,-1,-1,-1,0,-1
2024010550763,2024,010550763,1,90,9,99,99,9,9,99,99,9,9,99,9,99,9,9,6,6,3,-1,-1,-1,-1,-1,-1,-1,-1,0,-1
2024061505897,2024,061505897,2,1,0,-1,19,-1,-1,-1,9,0,1,0,0,0,4,1,-1,7,1,20,4,-1,-1,-1,-1,10,E01012347,0,5
2024010489239,2024,010489239,3,90,0,99,99,9,9,0,0,0,9,99,9,99,2,9,6,6,3,-1,-1,-1,-1,-1,-1,3,E01016070,0,4
2024010514411,2024,010514411,1,1,9,18,19,9,9,99,99,9,9,99,9,99,1,1,2,2,2,53,8,-1,-1,-1,-1,5,E01001138,0,2
2024302401130,2024,302401130,2,1,0,18,19,6,2,0,0,0,0,0,0,0,1,1,4,7,1,11,3,-1,-1,-1,-1,2,E01013473,0,1
2024010497290,2024,010497290,2,1,0,3,3,3,7,0,0,1,0,0,0,0,1,1,6,6,1,43,7,-1,-1,-1,-1,6,E01004486,0,1
2024010486936,2024,010486936,1,9,0,9,9,3,1,0,0,8,0,0,0,0,4,1,6,6,1,28,6,-1,-1,-1,-1,5,E01000733,0,1
2024070075755,2024,070075755,1,9,0,9,9,1,7,0,0,4,0,0,0,0,1,1,6,6,2,64,9,-1,-1,-1,-1,6,E01018380,0,1
2024201468389,2024,201468389,2,9,0,-1,19,5,1,-1,0,6,0,0,0,0,4,1,-1,6,1,25,5,-1,-1,-1,-1,3,E01009875,0,1
2024010503456,2024,010503456,2,1,0,4,4,7,3,0,0,1,0,0,0,0,1,1,6,6,2,27,6,-1,-1,-1,-1,3,E01000523,0,1
2024052402041,2024,052402041,2,1,0,18,19,6,2,0,0,1,0,0,0,0,1,1,4,7,1,-1,-1,-1,-1,-1,-1,9,E01006937,0,1
2024131463536,2024,131463536,1,9,0,-1,-1,-1,-1,-1,-1,0,-1,-1,-1,-1,-1,1,-1,6,3,-1,-1,-1,-1,-1,-1,-1,-1,0,-1
2024010525397,2024,010525397,1,1,9,99,99,9,9,99,99,9,9,99,9,99,9,1,6,6,3,27,6,-1,-1,-1,-1,9,E01028584,0,4
2024061417088,2024,061417088,1,8,-1,-1,-1,-1,-1,-1,-1,-1,-1,-1,-1,0,-1,9,-1,6,3,-1,-1,-1,-1,-1,-1,-1,-1,0,-1
2024010519626,2024,010519626,2,9,0,99,99,9,9,99,99,9,9,99,9,99,1,9,6,6,1,-1,-1,-1,-1,-1,-1,-1,-1,0,-1
2024451507693,2024,451507693,4,9,0,-1,19,1,5,-1,0,0,0,0,0,0,0,1,-1,9,2,62,9,-1,-1,-1,-1,9,E01030589,0,1
2024201503067,2024,201503067,2,1,0,-1,5,6,2,-1,0,1,0,0,0,0,1,1,-1,6,1,24,5,-1,-1,-1,-1,-1,-1,0,-1
2024461530215,2024,461530215,2,9,0,-1,19,3,7,-1,0,0,0,0,0,0,4,1,-1,9,1,52,8,-1,-1,-1,-1,5,E01000379,0,4
2024201471756,2024,201471756,2,19,0,-1,19,3,7,-1,0,0,0,0,0,0,3,9,-1,6,3,18,4,-1,-1,-1,-1,-1,-1,0,-1
2024231458428,2024,231458428,1,9,0,-1,5,7,3,-1,0,2,0,0,0,0,1,9,-1,6,2,77,11,-1,-1,-1,-1,-1,-1,0,-1
2024010494411,2024,010494411,2,19,9,99,99,9,9,99,99,0,9,99,9,99,9,1,6,6,3,-1,-1,-1,-1,-1,-1,-1,-1,0,-1
2024451523477,2024,451523477,2,9,0,-1,19,5,1,-1,0,4,0,0,0,0,1,1,-1,9,1,37,7,-1,-1,-1,-1,7,E01030722,0,1
2024421500586,2024,421500586,1,9,0,-1,-1,-1,-1,-1,-1,-1,-1,-1,-1,0,-1,9,-1,6,3,-1,-1,-1,-1,-1,-1,-1,-1,0,-1
2024010488557,2024,010488557,2,3,0,18,19,5,1,0,0,1,1,0,0,0,1,1,1,1,1,29,6,-1,-1,-1,-1,8,E01002109,0,1
2024320334638,2024,320334638,2,5,0,13,13,4,8,0,0,1,2,0,0,0,1,1,-1,-1,1,28,6,-1,-1,-1,-1,-1,-1,0,-1
2024461423773,2024,461423773,3,9,0,-1,3,7,3,-1,0,0,0,0,0,0,2,1,-1,6,1,23,5,-1,-1,-1,-1,6,E01034987,0,1
2024320192818,2024,320192818,1,9,0,-1,-1,2,6,0,0,0,0,0,0,0,1,1,-1,-1,1,39,7,-1,-1,-1,-1,9,E01026402,0,1
2024010494300,2024,010494300,1,2,0,99,99,9,9,99,99,9,9,99,9,99,1,1,6,6,3,-1,-1,-1,-1,-1,-1,-1,-1,0,-1
2024430503310,2024,430503310,2,9,0,18,19,1,5,0,0,3,1,0,0,0,2,1,6,6,1,55,8,-1,-1,-1,-1,10,E01030779,0,2
2024010539889,2024,010539889,1,9,0,99,99,9,9,99,99,9,9,99,9,99,1,1,6,6,1,32,6,-1,-1,-1,-1,10,E01000348,0,1
2024010524122,2024,010524122,1,1,9,99,99,9,9,99,99,9,9,99,9,99,1,1,2,2,1,23,5,-1,-1,-1,-1,7,E01001235,0,2
2024501499138,2024,501499138,1,4,0,-1,19,1,5,-1,0,8,0,10,0,0,1,1,-1,6,1,57,9,-1,-1,-1,-1,6,E01018817,0,2
2024141523498,2024,141523498,1,9,0,-1,19,8,5,-1,0,0,0,0,0,0,1,1,-1,9,1,38,7,-1,-1,-1,-1,1,E01007856,0,2
2024010513620,2024,010513620,1,1,9,99,99,9,9,99,99,9,9,99,9,99,1,1,2,2,1,25,5,-1,-1,-1,-1,3,E01002235,0,3
2024161506333,2024,161506333,2,97,9,-1,6,7,3,-1,99,0,9,99,9,0,9,1,-1,6,1,-1,-1,-1,-1,-1,-1,-1,-1,0,-1
2024010543589,2024,010543589,1,1,0,18,19,5,1,0,0,0,0,0,0,0,0,1,6,6,1,36,7,-1,-1,-1,-1,4,E01000402,0,1
2024430167641,2024,430167641,2,9,0,18,19,7,3,0,0,0,0,0,0,0,1,1,6,6,2,-1,-1,-1,-1,-1,-1,-1,-1,0,-1
2024201526557,2024,201526557,1,1,0,-1,19,3,7,-1,0,8,0,0,0,0,3,1,-1,1,1,30,6,-1,-1,-1,-1,2,E01010428,0,1
2024010551117,2024,010551117,1,9,0,18,19,3,7,0,0,8,0,0,0,0,3,1,6,6,1,23,5,-1,-1,-1,-1,4,E01001294,0,2
2024010497166,2024,010497166,2,9,9,99,99,9,9,99,99,9,9,99,9,99,9,9,6,6,3,-1,-1,-1,-1,-1,-1,-1,-1,0,-1
2024361417155,2024,361417155,1,9,0,-1,19,4,8,-1,0,1,0,0,0,0,1,9,-1,6,3,-1,-1,-1,-1,-1,-1,-1,-1,0,-1
2024010489179,2024,010489179,1,9,0,99,99,9,9,99,99,9,9,99,9,99,1,9,6,6,3,-1,-1,-1,-1,-1,-1,-1,-1,0,-1
2024010503365,2024,010503365,1,3,0,18,19,1,5,0,0,1,0,0,0,0,1,1,2,2,1,44,7,-1,-1,-1,-1,4,E01003216,0,1
2024010540199,2024,010540199,1,1,9,99,99,9,9,99,99,9,9,99,9,99,1,1,2,2,1,28,6,-1,-1,-1,-1,5,E01001664,0,1
2024010552763,2024,010552763,2,90,0,99,99,9,9,99,99,9,9,99,9,99,1,9,6,6,3,-1,-1,-1,-1,-1,-1,5,E01000982,0,2
2024010522225,2024,010522225,2,1,0,18,19,3,7,0,0,1,0,0,0,0,1,1,6,6,1,41,7,-1,-1,-1,-1,5,E01004565,0,1
2024501478618,2024,501478618,2,9,0,-1,19,3,7,-1,0,1,0,0,0,0,1,1,-1,1,1,39,7,-1,-1,-1,-1,2,E01010362,0,5
2024061476892,2024,061476892,1,9,0,-1,3,-1,-1,-1,99,3,0,0,0,0,2,1,-1,2,1,45,7,-1,-1,-1,-1,2,E01006464,0,4
2024070398464,2024,070398464,1,1,0,15,15,5,1,0,0,1,0,0,0,0,1,1,6,6,1,35,6,-1,-1,-1,-1,-1,-1,0,-1
2024302400613,2024,302400613,1,9,0,18,19,8,4,0,0,2,0,0,0,0,1,1,6,6,3,-1,-1,-1,-1,-1,-1,5,E01019456,0,3
2024451502639,2024,451502639,2,9,0,-1,19,8,4,-1,0,0,0,0,0,0,1,1,-1,6,1,30,6,-1,-1,-1,-1,-1,-1,0,-1
2024991474974,2024,991474974,1,1,0,-1,19,4,8,-1,0,2,5,0,0,0,1,1,-1,9,2,53,8,-1,-1,-1,-1,9,E01025240,0,5
2024010490585,2024,010490585,1,9,0,18,19,4,8,0,0,0,0,0,0,0,0,1,6,6,2,62,9,-1,-1,-1,-1,5,E01023936,0,3
2024471445494,2024,471445494,1,9,0,-1,19,1,5,-1,0,4,0,0,0,0,1,1,-1,2,2,27,6,-1,-1,-1,-1,10,E01032839,0,2
2024991436385,2024,991436385,2,9,0,-1,4,3,7,-1,0,0,0,0,0,0,2,1,-1,9,1,57,9,-1,-1,-1,-1,1,-1,0,3
2024010490749,2024,010490749,2,9,0,18,19,3,7,0,0,1,0,0,1,0,1,1,2,2,1,76,11,-1,-1,-1,-1,4,E01001137,0,1
2024070131797,2024,070131797,2,1,0,18,19,7,3,0,0,0,0,0,0,0,4,1,6,6,1,6,2,-1,-1,-1,-1,10,E01018632,0,1
2024371475056,2024,371475056,1,9,0,-1,9,7,4,-1,0,8,0,0,0,0,4,1,-1,9,1,56,9,-1,-1,-1,-1,7,E01030051,0,1
2024101427959,2024,101427959,2,1,0,-1,9,3,2,-1,0,8,5,0,0,0,2,1,-1,6,1,49,8,-1,-1,-1,-1,9,E01008556,0,1
2024991438660,2024,991438660,2,9,0,-1,19,7,3,-1,0,0,0,0,0,0,2,1,-1,1,1,57,9,-1,-1,-1,-1,8,-1,0,4
2024340WN5762,2024,340WN5762,1,9,0,-1,6,3,3,-1,0,0,0,0,0,0,1,1,-1,6,1,-1,-1,-1,-1,-1,-1,-1,-1,0,-1
2024231498279,2024,231498279,4,9,0,-1,4,4,8,-1,0,0,0,0,0,0,2,1,-1,6,1,44,7,-1,-1,-1,-1,5,E01016488,0,4
2024010546926,2024,010546926,2,1,0,7,7,7,1,0,0,6,0,0,0,0,2,1,6,6,2,63,9,-1,-1,-1,-1,5,E01004484,0,1
2024010502981,2024,010502981,1,1,0,14,14,5,1,0,0,1,1,0,0,0,2,1,2,2,1,28,6,-1,-1,-1,-1,5,E01000242,0,2
2024401540892,2024,401540892,2,1,0,-1,19,3,7,-1,4,8,0,0,0,0,3,1,-1,6,1,28,6,-1,-1,-1,-1,2,E01015749,0,1
2024141395521,2024,141395521,2,18,-1,-1,19,7,2,-1,1,0,0,0,0,0,1,9,-1,1,2,49,8,-1,-1,-1,-1,3,E01008148,0,3
2024201436643,2024,201436643,2,1,0,-1,19,1,5,-1,0,8,0,0,0,0,4,1,-1,2,1,21,5,-1,-1,-1,-1,1,E01009099,0,2
2024010487326,2024,010487326,1,3,0,18,19,5,1,0,0,8,0,0,0,0,4,1,1,1,1,22,5,-1,-1,-1,-1,-1,-1,0,-1
2024122401049,2024,122401049,1,9,0,7,7,7,1,0,0,8,0,0,0,0,2,1,6,6,1,32,6,-1,-1,-1,-1,10,E01013337,0,1
2024010512047,2024,010512047,1,1,0,15,15,5,1,0,0,4,0,0,0,0,1,1,6,6,1,57,9,-1,-1,-1,-1,7,E01004173,0,3
2024461556235,2024,461556235,2,9,0,-1,19,1,5,-1,0,0,0,0,0,0,1,9,-1,6,2,29,6,-1,-1,-1,-1,9,E01024123,0,4
2024320208963,2024,320208963,2,1,0,-1,-1,6,2,9,9,0,0,0,0,0,4,1,6,6,2,13,3,-1,-1,-1,-1,2,E01026046,0,1
2024201492412,2024,201492412,1,22,0,-1,19,8,4,-1,9,0,0,0,0,0,1,1,-1,6,3,-1,-1,-1,-1,-1,-1,-1,-1,0,-1
2024010493859,2024,010493859,2,1,0,18,19,7,3,0,0,1,0,0,0,0,1,1,6,6,1,36,7,-1,-1,-1,-1,3,E01002603,0,1
2024211394460,2024,211394460,1,9,0,-1,9,5,2,-1,0,1,0,0,7,0,1,1,-1,6,1,17,4,-1,-1,-1,-1,9,E01014347,0,3
2024061435151,2024,061435151,1,99,-1,-1,-1,-1,-1,-1,-1,0,-1,-1,-1,0,-1,9,-1,6,1,-1,-1,-1,-1,-1,-1,-1,-1,0,-1
2024070424642,2024,070424642,2,19,0,2,2,0,0,0,0,0,0,0,1,0,2,1,6,6,3,-1,-1,-1,-1,-1,-1,-1,-1,0,-1
2024522500316,2024,522500316,1,1,0,9,9,5,3,0,0,5,0,0,0,0,3,1,6,6,1,22,5,-1,-1,-1,-1,1,E01014658,0,2
2024430237915,2024,430237915,1,1,0,18,19,8,4,4,4,8,0,0,0,0,1,1,6,6,1,18,4,-1,-1,-1,-1,8,E01016370,0,2
2024010496541,2024,010496541,1,8,0,99,99,9,9,99,99,9,9,99,9,99,2,1,6,6,3,32,6,-1,-1,-1,-1,8,E01000237,0,1
2024531504640,2024,531504640,3,90,0,-1,19,3,7,-1,0,1,0,0,0,0,1,1,-1,9,1,75,10,-1,-1,-1,-1,6,E01016838,0,4
202417L101524,2024,17L101524,2,9,0,17,19,6,2,0,0,0,0,0,0,0,1,1,6,6,2,65,9,-1,-1,-1,-1,-1,-1,0,-1
2024211403536,2024,211403536,1,9,0,-1,19,5,1,-1,0,0,0,0,0,0,1,1,-1,6,3,30,6,-1,-1,-1,-1,-1,-1,0,-1
2024122401028,2024,122401028,2,3,0,14,14,3,7,0,0,0,0,0,0,0,4,1,2,2,2,21,5,-1,-1,-1,-1,2,E01013444,0,2
2024411453891,2024,411453891,2,19,1,-1,19,7,3,-1,0,0,0,0,0,0,2,1,-1,1,1,50,8,-1,-1,-1,-1,1,E01004449,0,4
2024471454037,2024,471454037,3,9,0,-1,19,5,1,-1,0,1,0,0,0,0,3,1,-1,1,1,54,8,-1,-1,-1,-1,8,E01034820,0,1
2024221537176,2024,221537176,2,1,0,-1,19,5,1,-1,0,0,0,8,0,0,1,1,-1,6,1,35,6,-1,-1,-1,-1,7,E01032327,0,1
2024131522869,2024,131522869,1,9,0,-1,-1,-1,-1,-1,-1,-1,-1,-1,-1,-1,-1,1,-1,6,3,-1,-1,-1,-1,-1,-1,-1,-1,0,-1
2024231402881,2024,231402881,2,9,0,-1,3,7,3,-1,0,0,0,0,0,0,2,9,-1,9,2,45,7,-1,-1,-1,-1,7,E01010163,0,3
2024991416599,2024,991416599,2,1,0,-1,19,2,6,-1,0,0,5,0,0,0,1,1,-1,9,1,53,8,-1,-1,-1,-1,7,-1,0,1
2024010493936,2024,010493936,3,9,0,2,2,0,0,0,0,0,0,0,0,0,3,1,6,6,3,-1,-1,-1,-1,-1,-1,-1,-1,0,-1
2024201406268,2024,201406268,1,-1,0,-1,19,8,4,-1,0,2,0,0,0,0,1,9,-1,7,1,15,3,-1,-1,-1,-1,1,E01009132,1,1
2024010491281,2024,010491281,2,9,0,7,7,1,3,0,0,2,0,0,0,0,3,1,6,6,1,52,8,-1,-1,-1,-1,4,E01000066,0,3
2024010509234,2024,010509234,1,1,9,99,99,9,9,99,99,9,9,99,9,99,9,1,6,6,1,26,6,-1,-1,-1,-1,3,E01003992,0,1
2024141440953,2024,141440953,2,1,0,-1,19,6,2,-1,0,8,0,0,0,0,1,1,-1,2,1,51,8,-1,-1,-1,-1,6,E01011182,0,4
2024610027424,2024,610027424,2,-1,0,18,19,3,7,0,0,8,1,0,0,0,1,1,1,1,1,44,7,-1,-1,-1,-1,1,W01001661,1,1
2024311444288,2024,311444288,1,9,0,-1,-1,-1,-1,-1,0,0,0,0,0,0,-1,1,-1,9,1,18,4,-1,-1,-1,-1,-1,-1,0,-1
2024201516704,2024,201516704,2,1,0,-1,19,6,2,-1,0,0,0,0,0,0,2,1,-1,7,1,12,3,-1,-1,-1,-1,3,E01033892,0,1
2024010489270,2024,010489270,3,9,0,2,2,0,0,0,0,1,0,0,0,0,3,1,6,6,3,-1,-1,-1,-1,-1,-1,-1,-1,0,-1
2024131464660,2024,131464660,1,-1,0,-1,19,1,5,-1,0,8,0,0,0,0,0,1,-1,6,1,44,7,-1,-1,-1,-1,1,E01011422,1,1
2024010537917,2024,010537917,2,1,0,15,15,3,7,0,0,0,0,4,0,0,1,1,6,6,1,59,9,-1,-1,-1,-1,10,E01023733,0,4
2024010507606,2024,010507606,2,1,0,18,19,5,1,0,0,1,0,0,0,0,1,1,6,6,1,56,9,-1,-1,-1,-1,4,E01003014,0,1
2024320040380,2024,320040380,3,9,0,3,3,8,4,0,0,1,0,0,0,0,2,1,6,6,1,64,9,-1,-1,-1,-1,8,E01026035,0,1
2024061504389,2024,061504389,1,9,0,-1,19,3,7,-1,0,0,0,0,0,0,4,9,-1,6,3,-1,-1,-1,-1,-1,-1,-1,-1,0,-1
2024161410664,2024,161410664,1,11,0,-1,5,3,7,-1,0,0,0,0,0,0,0,9,-1,1,1,32,6,-1,-1,-1,-1,1,E01012874,0,1
2024371444867,2024,371444867,1,1,0,-1,19,1,5,-1,0,0,0,0,0,0,1,1,-1,6,1,14,3,-1,-1,-1,-1,2,E01030023,0,1
2024010538706,2024,010538706,1,1,0,18,19,5,1,9,9,8,0,0,0,0,1,1,6,6,2,35,6,-1,-1,-1,-1,-1,-1,0,-1
2024471495416,2024,471495416,1,19,0,-1,9,5,3,-1,0,8,0,0,0,0,1,1,-1,6,1,49,8,-1,-1,-1,-1,2,E01016949,0,1