collision_index,collision_year,collision_ref_no,vehicle_reference,vehicle_type,towing_and_articulation,vehicle_manoeuvre_historic,vehicle_manoeuvre,vehicle_direction_from,vehicle_direction_to,vehicle_location_restricted_lane_historic,vehicle_location_restricted_lane,junction_location,skidding_and_overturning,hit_object_in_carriageway,vehicle_leaving_carriageway,hit_object_off_carriageway,first_point_of_impact,vehicle_left_hand_drive,journey_purpose_of_driver_historic,journey_purpose_of_driver,sex_of_driver,age_of_driver,age_band_of_driver,engine_capacity_cc,propulsion_code,age_of_vehicle,generic_make_model,driver_imd_decile,lsoa_of_driver,escooter_flag,driver_distance_banding
2024401534025,2024,401534025,2,9,0,-1,7,8,1,-1,0,0,0,0,0,0,4,1,-1,9,2,43,7,-1,-1,-1,-1,10,E01017401,0,1
2024631454627,2024,631454627,1,9,0,-1,19,3,7,-1,0,0,0,0,0,0,3,1,-1,6,3,-1,-1,-1,-1,-1,-1,-1,-1,0,-1
2024461460206,2024,461460206,1,1,0,-1,19,7,7,-1,0,0,0,11,0,0,0,1,-1,9,1,58,9,-1,-1,-1,-1,4,E01024566,0,1
2024161462697,2024,161462697,1,9,0,-1,19,3,1,-1,0,0,0,0,0,0,1,9,-1,6,2,40,7,-1,-1,-1,-1,-1,-1,0,-1
2024010493425,2024,010493425,1,19,0,17,19,7,5,0,0,3,0,0,0,0,1,1,1,1,1,28,6,-1,-1,-1,-1,5,E01004644,0,2
2024421439342,2024,421439342,2,9,0,-1,10,3,7,-1,0,1,0,0,0,0,2,9,-1,9,2,59,9,-1,-1,-1,-1,5,E01021380,0,1
2024131445204,2024,131445204,1,19,0,-1,5,6,2,-1,0,2,0,0,0,0,1,1,-1,9,1,38,7,-1,-1,-1,-1,4,E01027803,0,5
2024332400068,2024,332400068,2,9,0,-1,19,1,5,-1,0,1,0,0,0,0,1,1,-1,9,1,52,8,-1,-1,-1,-1,3,E01034013,0,1
2024010492196,2024,010492196,1,9,0,9,9,1,6,0,0,6,0,0,0,0,2,1,2,2,1,78,11,-1,-1,-1,-1,6,E01031193,0,5
2024371538507,2024,371538507,2,1,-1,-1,-1,-1,-1,-1,-1,0,-1,-1,-1,0,-1,1,-1,6,2,-1,-1,-1,-1,-1,-1,2,E01030032,0,1
202454B289924,2024,54B289924,2,1,0,18,19,1,2,0,0,1,0,0,0,0,0,1,6,6,1,76,11,-1,-1,-1,-1,9,E01031858,0,1
2024010550888,2024,010550888,2,1,0,18,19,2,6,0,0,0,0,0,0,0,2,1,6,6,2,29,6,-1,-1,-1,-1,5,E01001718,0,1
2024070429952,2024,070429952,2,90,0,18,19,5,1,0,0,8,0,0,0,0,1,1,6,6,1,16,4,-1,-1,-1,-1,3,E01018454,0,1
2024991458092,2024,991458092,1,9,0,-1,19,4,8,-1,0,0,0,0,0,0,1,1,-1,9,1,49,8,-1,-1,-1,-1,6,-1,0,1
2024401492796,2024,401492796,4,9,0,-1,2,0,0,-1,0,0,0,0,0,0,0,1,-1,6,-1,-1,-1,-1,-1,-1,-1,-1,-1,0,-1
2024501435434,2024,501435434,3,9,0,-1,9,2,6,-1,0,0,0,0,0,0,2,1,-1,1,1,36,7,-1,-1,-1,-1,4,E01018979,0,3
2024031525501,2024,031525501,1,9,0,-1,19,5,1,-1,0,0,0,0,0,0,4,1,-1,2,1,22,5,-1,-1,-1,-1,-1,-1,0,-1
2024311450568,2024,311450568,1,9,0,-1,19,2,6,-1,0,2,0,0,0,0,1,1,-1,6,3,-1,-1,-1,-1,-1,-1,-1,-1,0,-1
2024010492151,2024,010492151,2,98,0,99,99,9,9,99,99,9,9,99,9,99,9,9,6,6,3,-1,-1,-1,-1,-1,-1,-1,-1,0,-1
2024131451600,2024,131451600,2,9,0,-1,3,5,1,-1,0,4,0,0,0,0,2,1,-1,9,2,27,6,-1,-1,-1,-1,4,E01011876,0,1
2024010551012,2024,010551012,1,11,0,4,4,5,1,0,0,2,0,0,0,0,0,1,1,1,3,23,5,-1,-1,-1,-1,-1,-1,0,-1
2024531472359,2024,531472359,2,1,0,-1,19,7,3,-1,0,8,0,0,0,0,1,1,-1,9,1,53,8,-1,-1,-1,-1,9,E01022306,0,2
2024061434517,2024,061434517,2,1,0,-1,19,5,1,-1,0,8,0,0,0,0,1,1,-1,1,1,20,4,-1,-1,-1,-1,3,E01033680,0,1
2024111412964,2024,111412964,1,9,0,-1,19,4,8,-1,0,0,0,0,0,0,1,1,-1,6,3,30,6,-1,-1,-1,-1,-1,-1,0,-1
2024131427619,2024,131427619,1,9,0,-1,-1,-1,-1,-1,-1,-1,-1,-1,-1,-1,-1,1,-1,6,3,-1,-1,-1,-1,-1,-1,-1,-1,0,-1
2024010491160,2024,010491160,1,9,0,1,1,7,3,9,9,5,0,0,0,0,2,1,6,6,1,38,7,-1,-1,-1,-1,4,E01002620,0,1
2024522401907,2024,522401907,1,1,0,18,19,3,7,0,0,0,0,8,0,0,1,1,6,6,1,43,7,-1,-1,-1,-1,3,E01014572,0,1
2024010549759,2024,010549759,2,1,0,-1,-1,3,7,0,0,8,0,0,0,0,3,1,6,6,1,55,8,-1,-1,-1,-1,2,E01001734,0,2
2024010498527,2024,010498527,2,1,0,9,9,5,3,0,0,8,0,0,0,0,2,1,6,6,2,28,6,-1,-1,-1,-1,3,E01001731,0,1
2024610016324,2024,610016324,2,20,1,18,19,2,6,0,0,0,0,0,0,0,3,1,1,1,1,60,9,-1,-1,-1,-1,6,E01031098,0,5
2024201458646,2024,201458646,1,9,0,-1,5,6,2,-1,0,0,0,0,0,0,1,9,-1,6,3,-1,-1,-1,-1,-1,-1,-1,-1,0,-1
2024070165919,2024,070165919,1,9,0,9,9,8,4,0,0,1,0,0,1,9,1,1,6,6,3,-1,-1,-1,-1,-1,-1,-1,-1,0,-1
2024531439096,2024,531439096,1,9,0,-1,7,3,5,-1,0,1,0,0,0,0,4,9,-1,6,3,-1,-1,-1,-1,-1,-1,-1,-1,0,-1
2024010494575,2024,010494575,1,19,0,9,9,7,5,0,0,5,0,0,1,0,3,1,6,6,3,-1,-1,-1,-1,-1,-1,-1,-1,0,-1
2024991536420,2024,991536420,1,9,0,-1,19,7,3,-1,0,1,0,10,7,2,1,1,-1,9,2,58,9,-1,-1,-1,-1,6,-1,0,1
2024161443065,2024,161443065,2,9,0,-1,3,3,7,-1,0,1,0,0,0,0,2,9,-1,6,3,-1,-1,-1,-1,-1,-1,-1,-1,0,-1
2024520401861,2024,520401861,1,9,0,2,2,0,0,0,0,1,0,0,1,10,3,1,6,6,2,26,6,-1,-1,-1,-1,5,E01029143,0,1
2024340WN0382,2024,340WN0382,1,9,0,-1,9,4,8,-1,0,8,0,0,0,0,1,1,-1,9,2,77,11,-1,-1,-1,-1,7,E01027219,0,1
2024010517386,2024,010517386,2,1,9,99,99,9,9,99,99,9,9,99,9,99,9,1,6,6,3,-1,-1,-1,-1,-1,-1,-1,-1,0,-1
2024622400313,2024,622400313,1,4,0,18,19,4,8,0,0,8,0,0,0,0,4,1,6,6,1,57,9,-1,-1,-1,-1,9,W01001135,0,2
2024122401252,2024,122401252,1,1,0,18,19,5,1,0,0,0,0,0,1,0,1,1,6,6,1,42,7,-1,-1,-1,-1,9,E01012139,0,3
2024070627864,2024,070627864,1,9,0,18,19,7,3,0,0,1,0,0,0,0,2,1,6,6,3,-1,-1,-1,-1,-1,-1,-1,-1,0,-1
2024070060319,2024,070060319,1,9,0,9,9,7,3,0,0,0,2,0,0,0,3,1,6,6,1,17,4,-1,-1,-1,-1,6,E01006227,0,2
2024141509346,2024,141509346,2,98,0,-1,19,3,7,-1,0,0,0,0,0,0,4,9,-1,6,3,-1,-1,-1,-1,-1,-1,-1,-1,0,-1
2024061505267,2024,061505267,1,9,0,-1,3,1,1,-1,0,1,0,0,0,0,1,2,-1,6,3,30,6,-1,-1,-1,-1,-1,-1,0,-1
2024430489219,2024,430489219,1,1,0,7,7,2,4,0,0,5,0,0,0,0,2,1,4,7,1,17,4,-1,-1,-1,-1,10,E01017876,0,1
2024131484732,2024,131484732,1,22,0,-1,5,7,5,-1,9,2,5,0,0,0,3,1,-1,9,1,74,10,-1,-1,-1,-1,3,E01011822,0,2
2024332400859,2024,332400859,2,1,0,-1,19,1,5,-1,0,0,0,0,0,0,1,1,-1,6,1,10,2,-1,-1,-1,-1,1,E01013673,0,1
2024101484061,2024,101484061,1,9,0,-1,5,2,7,-1,0,8,0,0,0,0,1,1,-1,6,1,69,10,-1,-1,-1,-1,6,E01027490,0,1
2024101435945,2024,101435945,2,9,0,-1,3,8,7,-1,0,1,0,0,0,0,3,1,-1,9,1,41,7,-1,-1,-1,-1,9,E01008784,0,1
2024122400706,2024,122400706,1,9,0,5,5,1,5,0,0,0,0,0,0,0,3,1,6,6,3,-1,-1,-1,-1,-1,-1,-1,-1,0,-1
2024101409070,2024,101409070,1,22,0,-1,19,5,1,-1,0,0,0,0,0,0,3,1,-1,6,2,84,11,-1,-1,-1,-1,1,E01008327,0,1
2024010497462,2024,010497462,2,19,0,11,11,7,3,0,0,0,0,0,0,0,0,1,6,6,3,-1,-1,-1,-1,-1,-1,-1,-1,0,-1
2024401533905,2024,401533905,2,1,-1,-1,-1,-1,-1,-1,-1,0,-1,-1,-1,0,-1,1,-1,6,1,10,2,-1,-1,-1,-1,9,E01017559,0,1
2024010489043,2024,010489043,2,21,1,2,2,0,0,0,0,0,0,0,0,0,4,1,6,6,3,-1,-1,-1,-1,-1,-1,-1,-1,0,-1
2024010493903,2024,010493903,1,9,0,18,19,1,5,0,0,2,0,0,0,0,1,1,6,6,3,-1,-1,-1,-1,-1,-1,-1,-1,0,-1
2024991407768,2024,991407768,1,9,0,-1,19,5,1,-1,0,1,0,0,0,0,1,9,-1,6,3,-1,-1,-1,-1,-1,-1,-1,-1,0,-1
2024371494144,2024,371494144,1,9,0,-1,19,7,3,-1,0,0,0,0,0,0,1,1,-1,9,2,27,6,-1,-1,-1,-1,6,E01030061,0,1
2024320161166,2024,320161166,2,1,0,-1,-1,8,4,0,0,1,5,0,1,0,2,1,1,1,1,57,9,-1,-1,-1,-1,9,E01026225,0,1
2024991414230,2024,991414230,1,3,0,-1,7,1,5,-1,0,2,2,10,7,0,3,1,-1,6,1,15,3,-1,-1,-1,-1,8,-1,0,1
2024991510947,2024,991510947,3,9,0,-1,2,0,0,-1,0,0,0,0,0,0,2,1,-1,6,-1,-1,-1,-1,-1,-1,-1,-1,-1,0,-1
2024221527960,2024,221527960,2,1,0,-1,19,8,4,-1,0,0,0,0,0,0,3,1,-1,7,1,15,3,-1,-1,-1,-1,6,E01032405,0,1
2024052400379,2024,052400379,2,1,0,18,19,7,3,0,0,1,0,0,0,0,1,1,3,7,1,9,2,-1,-1,-1,-1,8,E01007154,0,1
2024052400073,2024,052400073,2,9,0,3,3,1,5,0,0,0,0,0,0,0,2,1,2,2,2,24,5,-1,-1,-1,-1,2,E01018685,0,2
2024010505455,2024,010505455,2,9,0,99,99,9,9,99,99,0,9,99,9,99,9,9,6,6,3,-1,-1,-1,-1,-1,-1,-1,-1,0,-1
2024440284824,2024,440284824,2,-1,0,18,19,3,7,0,0,8,0,0,0,0,1,1,2,2,1,37,7,-1,-1,-1,-1,3,E01022916,1,1
2024440148369,2024,440148369,2,1,0,17,19,1,6,0,0,8,0,0,0,0,4,1,6,6,2,76,11,-1,-1,-1,-1,7,E01017292,0,1
2024201475922,2024,201475922,2,9,0,-1,19,1,5,-1,0,0,0,0,0,0,1,1,-1,2,1,49,8,-1,-1,-1,-1,6,E01026541,0,5
2024501452262,2024,501452262,1,9,0,-1,19,6,2,-1,0,6,5,0,0,0,4,1,-1,9,1,27,6,-1,-1,-1,-1,6,E01018853,0,3
2024520402478,2024,520402478,1,9,0,7,7,4,6,0,0,8,0,0,0,0,4,1,6,6,3,-1,-1,-1,-1,-1,-1,-1,-1,0,-1
2024131395386,2024,131395386,2,1,0,-1,19,5,1,-1,0,1,5,0,0,0,3,1,-1,9,2,24,5,-1,-1,-1,-1,9,E01032876,0,3
2024421524843,2024,421524843,1,9,-1,-1,19,4,8,-1,0,0,0,0,0,0,0,9,-1,6,3,-1,-1,-1,-1,-1,-1,-1,-1,0,-1
2024010493155,2024,010493155,2,9,0,18,19,1,5,0,0,4,0,0,0,0,1,1,6,6,2,31,6,-1,-1,-1,-1,4,E01001156,0,2
2024430039333,2024,430039333,1,9,0,18,19,6,2,0,0,0,0,0,0,0,1,1,6,6,1,60,9,-1,-1,-1,-1,-1,-1,0,-1
2024411439797,2024,411439797,1,9,0,-1,19,-1,-1,-1,0,4,0,0,0,0,1,9,-1,6,3,-1,-1,-1,-1,-1,-1,-1,-1,0,-1
2024010487110,2024,010487110,2,9,0,9,9,5,2,0,0,6,0,0,0,0,1,1,6,6,2,34,6,-1,-1,-1,-1,5,E01034212,0,2
2024320093065,2024,320093065,1,9,0,9,9,7,4,0,0,2,0,0,0,0,4,1,-1,-1,2,30,6,-1,-1,-1,-1,2,E01026378,0,1
2024440019387,2024,440019387,1,-1,0,18,19,8,4,4,4,2,0,0,0,0,1,1,6,6,3,-1,-1,-1,-1,-1,-1,-1,-1,1,-1
2024549556924,2024,549556924,2,1,0,18,19,5,1,0,0,1,0,0,0,0,3,1,6,6,1,65,9,-1,-1,-1,-1,8,E01034529,0,4
2024421511403,2024,421511403,1,22,0,-1,5,3,5,-1,9,8,5,0,0,0,0,1,-1,9,1,67,10,-1,-1,-1,-1,8,E01034098,0,5
2024010497614,2024,010497614,1,9,0,99,99,9,9,99,99,9,9,99,9,99,2,9,6,6,3,-1,-1,-1,-1,-1,-1,-1,-1,0,-1
2024201410151,2024,201410151,2,1,0,-1,19,1,5,-1,0,0,0,0,0,0,3,1,-1,2,2,27,6,-1,-1,-1,-1,4,E01009658,0,1
2024461412675,2024,461412675,2,1,0,-1,19,6,2,-1,0,3,0,0,0,0,4,1,-1,6,1,24,5,-1,-1,-1,-1,5,E01024048,0,1
2024451491072,2024,451491072,1,1,0,-1,19,3,7,-1,0,8,5,0,0,0,1,1,-1,9,1,46,8,-1,-1,-1,-1,9,E01030360,0,2
2024010493026,2024,010493026,5,9,0,18,19,7,3,0,0,0,0,0,0,0,2,1,6,6,1,22,5,-1,-1,-1,-1,6,E01000268,0,3
2024041513375,2024,041513375,6,9,0,-1,19,5,1,-1,0,0,0,0,0,0,1,1,-1,6,2,51,8,-1,-1,-1,-1,9,E01024918,0,4
2024070539682,2024,070539682,2,1,0,-1,-1,2,6,0,0,1,0,0,0,0,1,1,6,6,1,19,4,-1,-1,-1,-1,6,E01018421,0,1
2024351410575,2024,351410575,2,99,-1,-1,19,6,1,-1,0,0,0,0,0,0,0,9,-1,6,3,-1,-1,-1,-1,-1,-1,-1,-1,0,-1
2024031423803,2024,031423803,1,1,0,-1,9,8,6,-1,0,0,0,0,1,0,1,1,-1,9,1,35,6,-1,-1,-1,-1,3,E01019204,0,1
2024451506926,2024,451506926,2,1,0,-1,9,7,3,-1,0,4,5,9,0,0,2,1,-1,6,1,61,9,-1,-1,-1,-1,8,E01030655,0,1
2024010493445,2024,010493445,1,4,0,3,3,3,7,0,0,9,0,0,0,0,2,1,6,6,1,44,7,-1,-1,-1,-1,3,E01030744,0,1
2024010505629,2024,010505629,2,21,0,8,8,7,2,0,0,1,0,0,0,0,1,2,1,1,1,28,6,-1,-1,-1,-1,-1,-1,0,-1
2024320273384,2024,320273384,1,9,0,-1,-1,3,7,0,0,0,0,0,0,0,4,1,6,6,1,-1,-1,-1,-1,-1,-1,-1,-1,0,-1
2024471396090,2024,471396090,1,9,0,-1,19,1,5,-1,0,0,5,0,8,0,3,1,-1,9,2,18,4,-1,-1,-1,-1,10,E01031690,0,2
2024010524416,2024,010524416,1,9,0,7,7,7,1,0,0,6,0,0,0,0,1,2,6,6,2,25,5,-1,-1,-1,-1,6,E01001563,0,1
2024010541304,2024,010541304,2,1,0,18,19,4,8,0,0,2,0,0,0,0,4,1,6,6,2,25,5,-1,-1,-1,-1,7,E01003853,0,1
2024010516405,2024,010516405,1,1,9,99,99,9,9,99,99,9,9,8,9,99,1,1,6,6,2,53,8,-1,-1,-1,-1,8,E01004582,0,1
2024610036524,2024,610036524,2,1,0,18,19,1,5,0,0,1,0,0,1,0,3,1,6,6,1,35,6,-1,-1,-1,-1,9,W01001640,0,4
2024061469494,2024,061469494,2,9,0,-1,4,6,2,-1,0,0,0,0,0,0,1,1,-1,1,1,30,6,-1,-1,-1,-1,8,E01006279,0,1
2024201420617,2024,201420617,1,9,0,-1,1,8,4,-1,0,0,0,0,0,0,2,1,-1,6,1,34,6,-1,-1,-1,-1,-1,-1,0,-1
2024010529190,2024,010529190,2,9,0,99,99,9,9,99,99,9,9,99,9,99,1,9,6,6,3,-1,-1,-1,-1,-1,-1,-1,-1,0,-1
2024010494212,2024,010494212,1,9,0,18,19,3,7,0,0,8,0,0,5,6,4,1,6,6,2,52,8,-1,-1,-1,-1,3,E01002540,0,3
2024552400525,2024,552400525,1,19,0,1,1,4,8,0,0,0,0,0,0,0,2,1,6,6,3,-1,-1,-1,-1,-1,-1,-1,-1,0,-1
2024010491998,2024,010491998,1,19,9,2,2,0,0,99,99,9,9,99,9,99,9,9,6,6,3,-1,-1,-1,-1,-1,-1,-1,-1,0,-1
2024010543521,2024,010543521,1,-1,0,5,5,7,3,0,0,8,0,0,0,0,1,1,2,2,1,22,5,-1,-1,-1,-1,3,E01002638,1,2
2024421495562,2024,421495562,1,97,0,-1,19,1,5,-1,0,0,0,0,0,0,1,1,-1,6,3,-1,-1,-1,-1,-1,-1,-1,-1,0,-1
202460Q086256,2024,60Q086256,2,9,0,10,10,1,7,0,0,1,0,0,0,0,2,1,6,6,1,54,8,-1,-1,-1,-1,-1,-1,0,-1
2024010516598,2024,010516598,1,1,9,99,99,9,9,4,4,0,9,99,9,99,2,1,6,6,1,31,6,-1,-1,-1,-1,4,E01034224,0,1
2024010550179,2024,010550179,2,1,0,18,19,5,1,0,0,1,0,0,0,0,1,1,6,6,1,68,10,-1,-1,-1,-1,2,E01000938,0,1
2024351541982,2024,351541982,1,9,-1,-1,-1,-1,-1,-1,-1,-1,-1,-1,-1,0,-1,9,-1,6,3,-1,-1,-1,-1,-1,-1,-1,-1,0,-1
202417H101724,2024,17H101724,2,9,0,-1,19,1,5,-1,0,4,0,0,0,0,1,1,-1,6,1,-1,-1,-1,-1,-1,-1,-1,-1,0,-1
2024010538042,2024,010538042,2,11,0,99,99,9,9,99,99,9,9,99,9,99,9,9,6,6,3,-1,-1,-1,-1,-1,-1,-1,-1,0,-1
2024010530110,2024,010530110,1,1,9,99,99,9,9,99,99,9,9,99,9,99,9,1,2,2,2,39,7,-1,-1,-1,-1,7,E01033133,0,2
2024010552166,2024,010552166,1,1,9,99,99,9,9,99,99,9,9,99,9,99,9,1,2,2,1,29,6,-1,-1,-1,-1,4,E01000961,0,1
2024302401351,2024,302401351,3,9,0,2,2,0,0,6,6,0,0,0,0,0,2,1,6,6,3,-1,-1,-1,-1,-1,-1,-1,-1,0,-1
2024531512833,2024,531512833,1,9,0,-1,19,1,5,-1,0,0,0,0,0,0,1,1,-1,2,2,55,8,-1,-1,-1,-1,3,W01001592,0,2
2024451495503,2024,451495503,1,1,0,-1,19,2,6,-1,0,0,0,0,0,0,1,1,-1,9,1,33,6,-1,-1,-1,-1,10,E01030351,0,1
2024061404217,2024,061404217,1,9,-1,-1,19,-1,-1,-1,0,0,0,0,0,0,-1,9,-1,6,3,-1,-1,-1,-1,-1,-1,-1,-1,0,-1
2024010550187,2024,010550187,2,9,0,99,99,9,9,99,99,9,9,99,9,99,9,9,6,6,3,-1,-1,-1,-1,-1,-1,-1,-1,0,-1
2024320249561,2024,320249561,1,9,0,-1,-1,6,2,0,0,8,0,0,0,0,1,1,6,6,3,-1,-1,-1,-1,-1,-1,-1,-1,0,-1
2024010492455,2024,010492455,2,1,0,18,19,1,5,0,0,8,0,0,0,0,1,1,2,2,2,30,6,-1,-1,-1,-1,3,E01003298,0,1
2024010547215,2024,010547215,1,1,9,18,19,9,9,4,4,0,9,99,9,99,9,1,2,2,2,42,7,-1,-1,-1,-1,3,E01004563,0,1
2024371400722,2024,371400722,1,9,0,-1,19,3,7,-1,0,0,0,0,0,0,1,1,-1,6,3,-1,-1,-1,-1,-1,-1,-1,-1,0,-1
2024122400735,2024,122400735,1,9,0,18,19,7,3,0,0,8,0,0,0,0,4,9,6,6,3,-1,-1,-1,-1,-1,-1,-1,-1,0,-1
2024549395024,2024,549395024,3,9,0,18,19,3,7,0,0,0,0,0,0,0,3,1,6,6,1,36,7,-1,-1,-1,-1,-1,-1,0,-1
2024141490433,2024,141490433,1,22,0,-1,19,7,3,-1,9,0,0,0,0,0,1,1,-1,9,2,57,9,-1,-1,-1,-1,4,E01019807,0,3
2024622400810,2024,622400810,2,1,0,18,19,1,5,0,0,4,0,0,0,0,1,1,6,6,2,31,6,-1,-1,-1,-1,8,W01001003,0,4
2024201449480,2024,201449480,1,99,0,-1,2,0,0,-1,0,0,0,0,0,0,3,1,-1,6,2,40,7,-1,-1,-1,-1,-1,-1,0,-1
2024010541747,2024,010541747,2,1,0,18,19,3,7,5,5,1,0,0,0,0,1,1,1,1,1,29,6,-1,-1,-1,-1,3,E01003689,0,1
2024340NN0702,2024,340NN0702,2,-1,0,-1,19,1,5,-1,0,6,0,0,0,0,4,1,-1,6,1,15,3,-1,-1,-1,-1,3,E01027060,1,1
2024101489545,2024,101489545,1,19,0,-1,4,8,4,-1,0,0,0,0,0,0,0,1,-1,1,3,30,6,-1,-1,-1,-1,-1,-1,0,-1
2024201527030,2024,201527030,2,9,0,-1,19,7,3,-1,0,0,0,0,0,0,2,1,-1,2,2,21,5,-1,-1,-1,-1,8,E01010225,0,2
2024451492829,2024,451492829,2,1,0,-1,7,1,3,-1,0,1,1,0,0,0,1,1,-1,9,1,19,4,-1,-1,-1,-1,8,E01030384,0,1
2024010493866,2024,010493866,1,9,0,18,19,1,5,0,0,0,0,0,0,0,1,1,6,6,3,-1,-1,-1,-1,-1,-1,-1,-1,0,-1
2024430312736,2024,430312736,1,9,0,18,19,3,7,0,0,4,0,0,0,0,2,1,6,6,2,26,6,-1,-1,-1,-1,8,E01033519,0,1
2024531417263,2024,531417263,2,9,0,-1,3,2,6,-1,0,0,0,0,0,0,0,9,-1,6,-1,-1,-1,-1,-1,-1,-1,-1,-1,0,-1
2024351468673,2024,351468673,2,9,-1,-1,-1,-1,-1,-1,-1,0,-1,-1,-1,0,1,9,-1,9,1,66,10,-1,-1,-1,-1,2,E01018068,0,1
2024430605128,2024,430605128,2,9,0,18,19,4,8,0,0,5,0,0,0,0,1,1,6,6,2,-1,-1,-1,-1,-1,-1,-1,-1,0,-1
2024131395215,2024,131395215,1,9,0,-1,19,1,5,-1,0,1,0,0,0,0,1,1,-1,2,1,37,7,-1,-1,-1,-1,1,E01010755,0,2
2024041411657,2024,041411657,1,97,0,-1,19,1,5,-1,0,0,2,11,0,0,3,1,-1,9,1,42,7,-1,-1,-1,-1,1,E01024863,0,3
2024010522224,2024,010522224,2,1,0,18,19,7,3,9,9,1,0,0,0,0,1,1,6,6,1,10,2,-1,-1,-1,-1,5,E01002212,0,1
2024351538229,2024,351538229,1,-1,0,-1,19,-1,-1,-1,0,-1,2,0,0,0,-1,1,-1,6,1,-1,-1,-1,-1,-1,-1,-1,-1,1,-1
2024010536115,2024,010536115,1,9,0,99,99,9,9,99,99,9,9,99,9,99,1,9,6,6,1,24,5,-1,-1,-1,-1,2,E01000952,0,1
2024430104159,2024,430104159,1,1,0,18,19,3,7,0,0,6,0,0,0,0,1,1,6,6,2,40,7,-1,-1,-1,-1,-1,-1,0,-1
2024052402467,2024,052402467,1,19,0,18,19,5,1,0,0,8,0,0,0,0,1,1,6,6,3,35,6,-1,-1,-1,-1,-1,-1,0,-1
2024461526449,2024,461526449,1,9,0,-1,19,4,1,-1,0,0,0,0,0,0,3,9,-1,6,1,-1,-1,-1,-1,-1,-1,-1,-1,0,-1
2024061488472,2024,061488472,1,9,0,-1,19,4,8,-1,0,1,0,0,0,0,4,9,-1,6,3,-1,-1,-1,-1,-1,-1,-1,-1,0,-1
2024131458435,2024,131458435,1,9,0,-1,5,3,7,-1,0,4,0,0,0,0,0,1,-1,6,1,76,11,-1,-1,-1,-1,1,E01010663,0,3
2024421455343,2024,421455343,1,9,0,-1,19,2,6,-1,0,1,0,0,0,0,1,1,-1,6,1,79,11,-1,-1,-1,-1,6,E01021758,0,1
2024141524488,2024,141524488,2,9,0,-1,9,7,5,-1,0,2,0,0,0,0,3,1,-1,9,1,42,7,-1,-1,-1,-1,7,E01007621,0,1
2024010507752,2024,010507752,2,9,0,99,99,9,9,99,99,0,9,99,9,99,9,9,6,6,3,-1,-1,-1,-1,-1,-1,-1,-1,0,-1
2024010493193,2024,010493193,1,9,0,17,19,4,2,0,0,1,0,0,0,0,3,1,6,6,2,53,8,-1,-1,-1,-1,5,E01004232,0,1
2024010521032,2024,010521032,2,1,9,99,99,9,9,99,99,9,9,99,9,99,2,1,6,6,1,-1,-1,-1,-1,-1,-1,10,E01004478,0,1
2024440374117,2024,440374117,2,9,0,18,19,5,1,0,0,1,0,0,0,0,1,1,6,6,1,77,11,-1,-1,-1,-1,3,E01017360,0,4
2024052402730,2024,052402730,2,-1,0,18,19,5,1,0,0,1,0,0,0,0,3,1,2,2,2,24,5,-1,-1,-1,-1,1,E01006646,1,1
2024430530658,2024,430530658,2,9,0,18,19,8,4,0,0,4,0,0,0,0,3,1,6,6,1,35,6,-1,-1,-1,-1,-1,-1,0,-1
2024461522576,2024,461522576,1,9,0,-1,5,1,1,-1,0,3,0,0,0,0,0,1,-1,2,1,58,9,-1,-1,-1,-1,4,E01023997,0,3
2024340WN2932,2024,340WN2932,2,1,0,-1,19,3,7,-1,0,1,5,10,0,0,2,1,-1,6,1,36,7,-1,-1,-1,-1,3,E01027227,0,1
2024440103327,2024,440103327,2,19,0,2,2,0,0,0,0,0,0,0,0,0,2,1,6,6,3,-1,-1,-1,-1,-1,-1,-1,-1,0,-1
2024461532883,2024,461532883,4,19,0,-1,19,1,5,-1,0,0,0,0,0,0,1,2,-1,1,1,50,8,-1,-1,-1,-1,-1,-1,0,-1
2024351481758,2024,351481758,1,20,1,-1,9,5,1,-1,0,1,0,0,0,0,3,2,-1,1,1,56,9,-1,-1,-1,-1,-1,-1,0,-1
2024991476749,2024,991476749,2,9,0,-1,19,2,6,-1,0,0,0,0,2,0,3,1,-1,9,1,64,9,-1,-1,-1,-1,10,-1,0,4
2024332400907,2024,332400907,1,1,0,-1,19,6,2,-1,9,8,0,0,0,0,4,1,-1,2,1,48,8,-1,-1,-1,-1,6,E01025752,0,1
2024302400126,2024,302400126,2,4,0,18,19,5,1,0,0,1,0,0,0,0,4,1,2,2,1,24,5,-1,-1,-1,-1,3,E01034648,0,2
2024041427653,2024,041427653,2,9,0,-1,19,1,5,-1,0,1,0,0,0,0,3,1,-1,1,1,40,7,-1,-1,-1,-1,5,E01025085,0,1
2024010493788,2024,010493788,1,3,0,99,99,9,9,99,99,9,9,99,9,99,9,1,1,1,3,32,6,-1,-1,-1,-1,4,E01001484,0,2
2024131529972,2024,131529972,1,9,0,-1,19,7,3,-1,0,0,1,4,0,0,1,1,-1,6,2,18,4,-1,-1,-1,-1,4,E01010982,0,1
2024010547108,2024,010547108,2,9,0,99,99,9,9,99,99,9,9,99,9,99,1,9,6,6,3,-1,-1,-1,-1,-1,-1,-1,-1,0,-1
2024010493752,2024,010493752,1,9,0,4,4,1,5,0,0,2,0,0,0,0,1,1,6,6,1,40,7,-1,-1,-1,-1,4,E01000570,0,1
2024401417111,2024,401417111,2,1,0,-1,19,7,3,-1,0,1,0,0,0,0,1,1,-1,1,1,55,8,-1,-1,-1,-1,4,E01033827,0,1
2024991483777,2024,991483777,1,1,0,-1,5,1,5,-1,0,1,0,0,0,0,1,1,-1,6,1,43,7,-1,-1,-1,-1,2,-1,0,2
2024010492414,2024,010492414,2,9,0,18,19,1,5,0,0,6,0,0,0,0,0,1,6,6,1,67,10,-1,-1,-1,-1,6,E01002801,0,2
2024052402388,2024,052402388,1,90,0,18,19,3,7,0,0,0,1,0,0,0,0,1,6,6,3,17,4,-1,-1,-1,-1,5,E01006462,0,1
2024010529543,2024,010529543,1,11,9,99,99,9,9,99,99,0,9,99,9,99,9,9,6,6,3,-1,-1,-1,-1,-1,-1,-1,-1,0,-1
2024010528740,2024,010528740,2,1,9,99,99,9,9,99,99,9,9,99,9,99,2,1,6,6,3,-1,-1,-1,-1,-1,-1,-1,-1,0,-1