collision_index,collision_year,collision_ref_no,vehicle_reference,vehicle_type,towing_and_articulation,vehicle_manoeuvre_historic,vehicle_manoeuvre,vehicle_direction_from,vehicle_direction_to,vehicle_location_restricted_lane_historic,vehicle_location_restricted_lane,junction_location,skidding_and_overturning,hit_object_in_carriageway,vehicle_leaving_carriageway,hit_object_off_carriageway,first_point_of_impact,vehicle_left_hand_drive,journey_purpose_of_driver_historic,journey_purpose_of_driver,sex_of_driver,age_of_driver,age_band_of_driver,engine_capacity_cc,propulsion_code,age_of_vehicle,generic_make_model,driver_imd_decile,lsoa_of_driver,escooter_flag,driver_distance_banding
2024520401434,2024,520401434,1,9,0,18,19,1,5,0,0,8,0,0,0,0,1,1,6,6,1,27,6,-1,-1,-1,-1,4,E01029050,0,1
2024430270193,2024,430270193,1,9,0,18,19,7,3,0,0,1,0,0,0,0,1,1,6,6,1,-1,-1,-1,-1,-1,-1,-1,-1,0,-1
2024520001205,2024,520001205,1,9,0,18,19,1,5,0,0,0,0,0,7,10,1,1,6,6,1,37,7,-1,-1,-1,-1,10,E01014393,0,2
2024010524907,2024,010524907,2,9,0,99,99,9,9,99,99,9,9,99,9,99,1,9,6,6,3,-1,-1,-1,-1,-1,-1,-1,-1,0,-1
2024111440601,2024,111440601,2,9,0,-1,19,4,6,-1,0,2,0,0,1,0,3,1,-1,2,2,45,7,-1,-1,-1,-1,1,E01020816,0,3
2024010531586,2024,010531586,2,1,9,99,99,9,9,99,99,0,9,99,9,99,9,1,2,2,2,51,8,-1,-1,-1,-1,6,E01001652,0,1
2024430034910,2024,430034910,1,9,0,3,3,2,6,0,0,0,0,0,0,0,1,1,1,1,2,50,8,-1,-1,-1,-1,-1,-1,0,-1
2024010544591,2024,010544591,2,9,0,99,99,9,9,99,99,9,9,99,9,99,0,9,6,6,3,-1,-1,-1,-1,-1,-1,-1,-1,0,-1
2024010491030,2024,010491030,2,9,0,99,99,9,9,99,99,1,9,99,9,99,9,9,6,6,2,-1,-1,-1,-1,-1,-1,9,E01000261,0,1
2024131431898,2024,131431898,2,9,0,-1,-1,-1,-1,-1,0,1,-1,-1,-1,0,-1,1,-1,6,3,-1,-1,-1,-1,-1,-1,-1,-1,0,-1
2024440562573,2024,440562573,1,1,0,18,19,8,4,0,0,8,0,0,0,0,4,1,6,6,1,70,10,-1,-1,-1,-1,10,E01023270,0,1
2024010547605,2024,010547605,1,1,9,99,99,9,9,99,99,9,9,99,9,99,1,1,6,6,1,55,8,-1,-1,-1,-1,2,E01000083,0,1
2024010519517,2024,010519517,2,1,9,99,99,9,9,99,99,9,9,99,9,99,1,1,6,6,1,-1,-1,-1,-1,-1,-1,-1,-1,0,-1
2024440095697,2024,440095697,2,1,0,9,9,7,5,0,0,8,0,0,0,0,4,1,2,2,1,41,7,-1,-1,-1,-1,8,E01022760,0,2
2024141494224,2024,141494224,2,97,0,-1,19,7,3,-1,0,0,0,0,0,0,1,1,-1,6,1,-1,-1,-1,-1,-1,-1,6,E01007404,0,1
2024351402177,2024,351402177,2,1,0,-1,19,1,5,-1,0,8,0,0,0,0,1,1,-1,1,1,55,8,-1,-1,-1,-1,5,E01017947,0,1
2024061527967,2024,061527967,1,1,0,-1,19,2,7,-1,0,8,0,0,0,0,4,1,-1,9,1,12,3,-1,-1,-1,-1,-1,-1,0,-1
2024031501328,2024,031501328,2,1,0,-1,5,1,1,-1,0,1,2,0,0,0,1,1,-1,2,1,15,3,-1,-1,-1,-1,-1,-1,0,-1
2024010540167,2024,010540167,1,1,9,18,19,9,9,99,99,0,9,99,9,99,1,1,2,2,1,52,8,-1,-1,-1,-1,9,E01002378,0,2
2024010540190,2024,010540190,1,1,9,99,99,9,9,99,99,9,9,99,9,99,1,1,2,2,1,46,8,-1,-1,-1,-1,1,E01001210,0,1
2024201463967,2024,201463967,2,1,0,-1,19,1,5,-1,0,8,0,0,0,0,1,1,-1,9,1,13,3,-1,-1,-1,-1,10,E01009705,0,1
2024111489841,2024,111489841,2,1,0,-1,19,2,8,-1,0,1,0,0,0,0,1,1,-1,9,1,66,10,-1,-1,-1,-1,2,E01020672,0,1
2024010547444,2024,010547444,1,1,9,99,99,9,9,99,99,0,9,99,9,99,9,1,6,6,1,27,6,-1,-1,-1,-1,5,E01001007,0,1
2024201503870,2024,201503870,2,9,0,-1,19,4,8,-1,0,8,0,0,0,0,3,9,-1,2,2,29,6,-1,-1,-1,-1,8,E01010357,0,2
2024010494567,2024,010494567,1,9,9,99,99,9,9,99,99,9,9,99,9,99,2,9,6,6,1,46,8,-1,-1,-1,-1,2,E01003390,0,1
2024041455059,2024,041455059,1,9,0,-1,7,5,7,-1,0,6,0,0,0,0,1,2,-1,9,1,29,6,-1,-1,-1,-1,1,E01012596,0,1
2024010488177,2024,010488177,2,9,0,99,99,9,9,99,99,9,9,99,9,99,1,9,6,6,3,-1,-1,-1,-1,-1,-1,-1,-1,0,-1
2024010489320,2024,010489320,1,9,0,3,3,7,3,0,0,0,0,0,0,0,2,1,6,6,2,30,6,-1,-1,-1,-1,1,E01001562,0,1
2024340NN2662,2024,340NN2662,2,9,0,-1,2,0,0,-1,0,0,0,0,0,0,3,1,-1,6,3,-1,-1,-1,-1,-1,-1,-1,-1,0,-1
2024161452169,2024,161452169,2,9,0,-1,19,3,7,-1,0,1,0,0,0,0,1,1,-1,6,1,81,11,-1,-1,-1,-1,10,E01013067,0,1
2024332400466,2024,332400466,1,3,0,-1,19,6,2,-1,0,8,1,0,0,0,4,1,-1,2,1,27,6,-1,-1,-1,-1,7,E01025690,0,1
2024161535970,2024,161535970,1,1,0,-1,19,5,1,-1,4,1,0,0,0,0,1,1,-1,6,3,-1,-1,-1,-1,-1,-1,-1,-1,0,-1
2024131499914,2024,131499914,1,9,0,-1,-1,-1,-1,-1,-1,-1,-1,-1,-1,-1,-1,1,-1,6,3,-1,-1,-1,-1,-1,-1,-1,-1,0,-1
2024501443442,2024,501443442,1,19,0,-1,19,7,3,-1,0,0,0,0,0,0,4,1,-1,6,3,-1,-1,-1,-1,-1,-1,-1,-1,0,-1
2024440343813,2024,440343813,2,1,0,18,19,3,7,0,0,8,0,0,0,0,4,1,1,1,1,26,6,-1,-1,-1,-1,-1,-1,0,-1
2024520402468,2024,520402468,1,1,0,16,19,8,2,0,0,0,0,0,7,11,1,1,6,6,1,75,10,-1,-1,-1,-1,6,E01029269,0,4
2024311454996,2024,311454996,1,97,0,-1,19,7,7,-1,0,0,2,0,0,0,1,1,-1,9,1,15,3,-1,-1,-1,-1,1,E01013868,0,1
2024421495314,2024,421495314,1,-1,0,-1,19,1,5,-1,9,0,0,0,0,0,1,1,-1,6,2,37,7,-1,-1,-1,-1,1,E01016006,1,1
2024520401265,2024,520401265,1,1,0,18,19,3,7,0,0,0,0,0,0,0,1,1,6,6,2,28,6,-1,-1,-1,-1,3,E01029233,0,1
2024201482174,2024,201482174,2,1,0,-1,19,4,7,-1,0,8,0,0,0,0,2,1,-1,6,1,29,6,-1,-1,-1,-1,1,E01009510,0,2
2024421471635,2024,421471635,1,99,0,-1,19,7,3,-1,0,0,0,0,0,0,4,9,-1,6,3,-1,-1,-1,-1,-1,-1,-1,-1,0,-1
2024101502827,2024,101502827,1,11,0,-1,4,5,1,-1,0,1,0,0,0,0,0,1,-1,1,1,57,9,-1,-1,-1,-1,2,E01008253,0,1
2024061535032,2024,061535032,2,1,-1,-1,-1,-1,-1,-1,-1,0,-1,-1,-1,0,-1,1,-1,9,1,9,2,-1,-1,-1,-1,1,E01004850,0,1
2024010541233,2024,010541233,2,1,0,18,19,3,7,0,0,1,0,0,0,0,1,1,6,6,1,34,6,-1,-1,-1,-1,9,E01002333,0,2
2024211436408,2024,211436408,2,1,0,-1,19,8,4,-1,0,0,0,0,0,0,1,1,-1,6,1,13,3,-1,-1,-1,-1,1,E01014317,0,1
2024010509943,2024,010509943,4,9,0,2,2,0,0,0,0,2,0,0,0,0,0,1,6,6,3,-1,-1,-1,-1,-1,-1,-1,-1,0,-1
2024010488612,2024,010488612,2,11,0,18,19,1,5,0,0,0,0,0,0,0,3,1,6,6,1,34,6,-1,-1,-1,-1,3,E01003630,0,1
2024311453398,2024,311453398,2,1,0,-1,19,4,8,-1,9,8,0,0,0,0,3,1,-1,6,1,29,6,-1,-1,-1,-1,5,E01035503,0,1
2024010502974,2024,010502974,1,90,0,99,99,9,9,99,99,9,9,99,9,99,1,9,6,6,3,-1,-1,-1,-1,-1,-1,-1,-1,0,-1
2024010517458,2024,010517458,2,1,0,18,19,3,7,0,0,8,0,0,0,0,1,1,3,7,2,44,7,-1,-1,-1,-1,7,E01003064,0,1
2024371465231,2024,371465231,2,1,0,-1,19,1,5,-1,0,0,5,0,0,0,2,1,-1,6,1,24,5,-1,-1,-1,-1,8,E01029901,0,1
2024010493306,2024,010493306,1,8,0,4,4,1,5,0,0,4,0,4,0,0,3,1,1,1,1,62,9,-1,-1,-1,-1,5,E01000170,0,4
2024340NN2172,2024,340NN2172,2,9,0,-1,3,7,3,-1,0,2,0,0,0,0,2,1,-1,2,1,66,10,-1,-1,-1,-1,9,E01027116,0,3
2024010491886,2024,010491886,1,1,9,99,99,9,9,99,99,9,9,99,9,99,9,1,6,6,3,33,6,-1,-1,-1,-1,4,E01003214,0,1
2024041404871,2024,041404871,2,1,0,-1,9,5,3,-1,0,0,0,0,0,0,2,1,-1,2,1,59,9,-1,-1,-1,-1,9,E01025328,0,2
2024070335256,2024,070335256,1,1,0,18,19,5,1,9,9,0,0,0,0,0,1,1,6,6,1,-1,-1,-1,-1,-1,-1,-1,-1,0,-1
2024520000158,2024,520000158,1,19,0,9,9,1,6,0,0,8,0,0,0,0,2,1,6,6,1,64,9,-1,-1,-1,-1,4,E01014469,0,3
2024531418535,2024,531418535,2,22,0,-1,5,5,1,-1,4,8,5,0,0,0,4,1,-1,9,2,54,8,-1,-1,-1,-1,5,E01022334,0,1
2024501406583,2024,501406583,1,97,0,-1,19,2,6,-1,0,0,2,0,0,0,-1,1,-1,6,3,24,5,-1,-1,-1,-1,1,E01015058,0,1
2024311431453,2024,311431453,1,9,0,-1,19,0,0,-1,0,0,0,0,0,0,0,1,-1,6,3,47,8,-1,-1,-1,-1,-1,-1,0,-1
2024451494191,2024,451494191,1,22,0,-1,5,8,4,-1,9,2,0,0,0,0,1,1,-1,9,1,80,11,-1,-1,-1,-1,5,E01030658,0,1
2024010516144,2024,010516144,1,1,9,99,99,9,9,99,99,9,9,99,9,99,1,1,2,2,2,24,5,-1,-1,-1,-1,3,E01001956,0,1
2024010511100,2024,010511100,2,1,0,18,19,4,8,0,0,8,0,0,0,0,1,1,2,2,1,36,7,-1,-1,-1,-1,7,E01001937,0,2
2024010518773,2024,010518773,2,9,0,99,99,9,9,99,99,9,9,99,9,99,1,9,6,6,1,21,5,-1,-1,-1,-1,6,E01032780,0,1
2024010533221,2024,010533221,1,1,0,18,19,1,5,0,0,1,0,0,0,0,4,1,2,2,2,25,5,-1,-1,-1,-1,9,E01002108,0,3
2024010519547,2024,010519547,1,9,0,99,99,9,9,99,99,9,9,99,9,99,1,9,6,6,3,-1,-1,-1,-1,-1,-1,-1,-1,0,-1
2024440558595,2024,440558595,2,90,0,17,19,1,6,0,0,1,0,0,0,0,1,1,6,6,1,16,4,-1,-1,-1,-1,9,E01032617,0,1
2024201409967,2024,201409967,1,9,0,-1,4,5,1,-1,0,0,0,0,0,0,1,1,-1,6,1,38,7,-1,-1,-1,-1,-1,-1,0,-1
2024201483150,2024,201483150,2,1,0,-1,7,2,5,-1,0,5,0,0,0,0,1,1,-1,6,1,45,7,-1,-1,-1,-1,3,E01009537,0,1
2024481564129,2024,481564129,1,1,0,-1,19,3,7,-1,5,1,0,0,0,0,1,1,-1,6,2,-1,-1,-1,-1,-1,-1,-1,-1,0,-1
2024340WN3232,2024,340WN3232,1,8,0,-1,1,1,5,-1,0,2,0,0,0,0,2,1,-1,1,1,-1,-1,-1,-1,-1,-1,-1,-1,0,-1
2024411409271,2024,411409271,1,9,0,-1,12,5,1,-1,0,7,0,0,0,0,1,1,-1,1,1,29,6,-1,-1,-1,-1,5,E01021099,0,5
2024010524478,2024,010524478,1,1,9,99,99,9,9,99,99,9,9,99,9,99,9,1,2,2,3,43,7,-1,-1,-1,-1,4,E01003372,0,1
2024991485858,2024,991485858,2,9,0,-1,19,4,7,-1,0,1,0,0,0,0,1,2,-1,9,2,34,6,-1,-1,-1,-1,-1,-1,0,-1
2024111440206,2024,111440206,2,19,0,-1,10,4,1,-1,0,1,0,0,0,0,3,1,-1,9,1,53,8,-1,-1,-1,-1,10,E01020605,0,1
2024631533971,2024,631533971,1,9,0,-1,19,8,4,-1,0,0,1,0,2,11,1,1,-1,9,2,67,10,-1,-1,-1,-1,-1,-1,0,-1
2024041405073,2024,041405073,2,1,0,-1,19,7,3,-1,0,4,0,0,0,0,4,1,-1,6,2,-1,-1,-1,-1,-1,-1,8,E01025416,0,1
2024010490222,2024,010490222,2,3,0,99,99,9,9,99,99,9,9,99,9,99,1,1,6,6,3,-1,-1,-1,-1,-1,-1,-1,-1,0,-1
2024340NN4492,2024,340NN4492,3,9,0,-1,19,5,1,-1,0,0,0,0,0,0,1,1,-1,1,1,63,9,-1,-1,-1,-1,9,E01032965,0,3
2024501458128,2024,501458128,1,1,0,-1,19,7,3,-1,0,1,2,0,0,0,1,1,-1,9,1,43,7,-1,-1,-1,-1,6,E01019942,0,2
2024622500023,2024,622500023,1,9,0,17,19,4,8,0,0,0,0,0,1,4,1,1,6,6,3,-1,-1,-1,-1,-1,-1,-1,-1,0,-1
2024070616888,2024,070616888,3,9,0,17,19,4,8,0,0,0,0,0,0,0,1,1,2,2,1,67,10,-1,-1,-1,-1,1,E01029566,0,4
2024052401585,2024,052401585,1,1,0,18,19,4,8,0,0,0,0,0,0,0,3,1,6,6,1,12,3,-1,-1,-1,-1,1,E01007290,0,1
2024010496972,2024,010496972,1,9,0,99,99,9,9,99,99,0,9,99,9,99,9,9,2,2,1,22,5,-1,-1,-1,-1,3,E01003536,0,1
2024991504865,2024,991504865,2,9,0,-1,19,6,2,-1,0,0,0,0,0,0,3,2,-1,9,1,22,5,-1,-1,-1,-1,-1,-1,0,-1
2024010491470,2024,010491470,1,9,0,9,9,8,6,0,0,1,0,0,0,0,1,1,6,6,1,39,7,-1,-1,-1,-1,4,E01023106,0,4
2024522401556,2024,522401556,1,1,0,15,15,5,1,0,0,0,0,8,0,0,1,1,6,6,1,36,7,-1,-1,-1,-1,2,E01014630,0,1
2024161402084,2024,161402084,1,9,0,-1,19,7,3,-1,0,1,0,0,0,0,1,1,-1,9,2,29,6,-1,-1,-1,-1,2,E01012884,0,1
2024201492355,2024,201492355,2,9,0,-1,12,2,6,-1,0,0,0,7,4,0,4,1,-1,9,1,29,6,-1,-1,-1,-1,3,E01010411,0,1
2024231401098,2024,231401098,3,9,0,-1,3,5,1,-1,0,0,0,0,0,0,2,1,-1,6,1,37,7,-1,-1,-1,-1,9,E01031183,0,1
2024010489166,2024,010489166,1,3,0,99,99,9,9,99,99,9,9,99,9,99,1,1,2,2,1,33,6,-1,-1,-1,-1,3,E01003126,0,3
2024061503547,2024,061503547,1,9,0,-1,19,5,1,-1,0,1,0,0,0,0,4,1,-1,1,1,24,5,-1,-1,-1,-1,-1,-1,0,-1
2024522403335,2024,522403335,1,9,0,7,7,3,5,9,9,6,0,0,0,0,1,1,6,6,1,24,5,-1,-1,-1,-1,2,E01014806,0,1
2024010524969,2024,010524969,1,90,0,7,7,6,7,0,0,6,0,0,0,0,0,1,1,1,1,29,6,-1,-1,-1,-1,3,E01002612,0,1
2024101510561,2024,101510561,1,9,0,-1,19,7,3,-1,0,6,1,0,0,0,3,1,-1,1,1,22,5,-1,-1,-1,-1,8,E01008235,0,1
2024161430605,2024,161430605,2,1,0,-1,19,7,3,-1,9,1,0,0,0,0,1,1,-1,6,2,5,1,-1,-1,-1,-1,1,E01012842,0,1
2024010493459,2024,010493459,1,9,0,5,5,3,7,0,0,1,0,0,0,0,1,1,6,6,1,70,10,-1,-1,-1,-1,10,E01001375,0,1
2024501493190,2024,501493190,2,1,0,-1,19,5,1,-1,0,0,0,0,0,0,2,1,-1,6,1,48,8,-1,-1,-1,-1,4,E01018782,0,1
2024010518344,2024,010518344,2,9,0,99,99,9,9,99,99,9,9,99,9,99,0,9,6,6,3,-1,-1,-1,-1,-1,-1,-1,-1,0,-1
2024010489587,2024,010489587,1,9,0,18,19,7,3,0,0,0,5,10,0,0,1,1,2,2,2,64,9,-1,-1,-1,-1,7,E01000989,0,1
2024501421425,2024,501421425,1,9,0,-1,19,3,7,-1,0,0,0,0,1,10,4,9,-1,1,1,-1,-1,-1,-1,-1,-1,-1,-1,0,-1
2024141429841,2024,141429841,3,9,0,-1,19,5,1,-1,0,1,0,0,0,0,2,1,-1,2,1,34,6,-1,-1,-1,-1,1,E01007547,0,3
2024201407530,2024,201407530,2,1,0,-1,5,6,2,-1,0,2,0,0,0,0,3,1,-1,6,1,25,5,-1,-1,-1,-1,-1,-1,0,-1
2024430625518,2024,430625518,2,9,0,18,19,6,2,0,0,4,0,0,0,0,3,1,6,6,1,-1,-1,-1,-1,-1,-1,-1,-1,0,-1
2024010535217,2024,010535217,2,9,0,18,19,5,1,0,0,8,0,0,0,0,0,1,6,6,2,53,8,-1,-1,-1,-1,2,E01000729,0,2
2024010525907,2024,010525907,1,1,0,18,19,3,7,0,0,0,0,0,0,0,1,1,6,6,1,52,8,-1,-1,-1,-1,5,E01002873,0,1
2024010489874,2024,010489874,1,9,0,4,4,1,5,0,0,1,0,0,0,0,3,1,6,6,1,46,8,-1,-1,-1,-1,6,E01032572,0,1
2024010496281,2024,010496281,2,9,0,4,4,6,2,0,0,4,0,0,0,0,2,1,6,6,2,52,8,-1,-1,-1,-1,3,E01004573,0,1
2024101480993,2024,101480993,1,9,0,-1,2,0,0,-1,0,8,0,0,0,0,3,1,-1,6,1,-1,-1,-1,-1,-1,-1,-1,-1,0,-1
2024061517583,2024,061517583,1,9,0,-1,19,1,5,-1,0,0,0,7,0,0,1,1,-1,9,1,52,8,-1,-1,-1,-1,5,E01010818,0,4
2024010548789,2024,010548789,1,90,0,18,19,6,2,0,0,0,0,10,0,0,1,1,6,6,3,-1,-1,-1,-1,-1,-1,-1,-1,0,-1
2024421406618,2024,421406618,1,99,0,-1,19,1,5,-1,0,1,0,0,0,0,4,1,-1,6,3,-1,-1,-1,-1,-1,-1,-1,-1,0,-1
2024031418511,2024,031418511,1,9,0,-1,3,2,7,-1,0,2,0,0,0,0,2,1,-1,6,1,65,9,-1,-1,-1,-1,-1,-1,0,-1
2024061398377,2024,061398377,2,-1,0,-1,9,7,3,-1,0,1,0,0,0,0,0,9,-1,9,1,19,4,-1,-1,-1,-1,1,E01005195,1,1
2024010544120,2024,010544120,2,20,0,99,99,9,9,99,99,9,9,99,9,99,9,9,6,6,3,-1,-1,-1,-1,-1,-1,-1,-1,0,-1
2024461446652,2024,461446652,2,9,0,-1,11,3,7,-1,0,0,0,0,3,0,2,1,-1,6,-1,-1,-1,-1,-1,-1,-1,-1,-1,0,-1
2024430171348,2024,430171348,1,9,0,18,19,4,8,0,0,8,0,0,0,0,1,1,6,6,1,30,6,-1,-1,-1,-1,-1,-1,0,-1
2024010492937,2024,010492937,1,3,0,99,99,9,9,99,99,9,9,99,9,99,1,1,1,1,3,26,6,-1,-1,-1,-1,3,E01003519,0,1
2024520500153,2024,520500153,1,9,0,9,9,2,8,0,0,8,0,0,0,0,1,1,6,6,3,-1,-1,-1,-1,-1,-1,-1,-1,0,-1
2024010517323,2024,010517323,2,-1,0,18,19,7,3,0,0,8,0,0,0,0,1,1,6,6,1,46,8,-1,-1,-1,-1,3,E01001801,1,1
2024010541802,2024,010541802,1,1,0,14,14,3,7,0,0,1,0,0,0,0,1,1,2,2,1,43,7,-1,-1,-1,-1,4,E01000742,0,2
2024471522212,2024,471522212,1,9,0,-1,19,6,2,-1,0,0,2,0,2,4,1,1,-1,2,1,33,6,-1,-1,-1,-1,6,E01031544,0,1
2024010520158,2024,010520158,3,9,0,99,99,9,9,99,99,0,9,99,9,99,0,9,6,6,3,-1,-1,-1,-1,-1,-1,-1,-1,0,-1
2024010537573,2024,010537573,2,1,0,18,19,5,1,4,4,0,0,0,0,0,1,1,6,6,2,28,6,-1,-1,-1,-1,4,E01000557,0,2
2024010520422,2024,010520422,2,9,0,99,99,9,9,99,99,9,9,99,9,99,1,9,6,6,1,31,6,-1,-1,-1,-1,2,E01004249,0,2
2024311437167,2024,311437167,2,9,0,-1,9,7,3,-1,0,5,0,0,0,0,4,2,-1,9,2,51,8,-1,-1,-1,-1,9,E01026360,0,4
2024161437466,2024,161437466,1,1,0,-1,19,1,5,-1,0,0,9,0,0,0,9,1,-1,1,1,21,5,-1,-1,-1,-1,9,E01012956,0,2
2024061510559,2024,061510559,2,9,0,-1,11,-1,-1,-1,0,9,0,0,0,0,4,1,-1,6,1,-1,-1,-1,-1,-1,-1,-1,-1,0,-1
2024501509659,2024,501509659,1,9,0,-1,19,7,3,-1,0,1,0,0,1,9,1,1,-1,9,1,78,11,-1,-1,-1,-1,4,E01027963,0,5
2024340NN2642,2024,340NN2642,3,9,0,-1,2,0,0,-1,0,0,0,0,0,0,4,1,-1,9,2,32,6,-1,-1,-1,-1,9,E01027108,0,1
2024340WN9162,2024,340WN9162,1,5,0,-1,13,8,4,-1,0,1,0,0,0,0,1,1,-1,6,1,49,8,-1,-1,-1,-1,8,E01016713,0,3
2024010534944,2024,010534944,1,1,0,18,19,5,1,0,0,2,0,0,0,0,3,1,6,6,1,74,10,-1,-1,-1,-1,7,E01004108,0,1
2024010495019,2024,010495019,1,11,0,4,4,5,1,0,0,0,0,0,0,0,0,1,1,1,1,24,5,-1,-1,-1,-1,7,E01003416,0,2
2024201514746,2024,201514746,1,9,0,-1,1,2,6,-1,0,0,0,0,0,0,2,9,-1,9,1,-1,-1,-1,-1,-1,-1,2,E01009592,0,1
2024201508772,2024,201508772,1,99,0,-1,12,5,1,-1,0,8,0,0,0,0,1,1,-1,6,3,34,6,-1,-1,-1,-1,-1,-1,0,-1
2024320392593,2024,320392593,1,19,0,12,12,8,4,0,0,2,0,0,0,0,1,1,6,6,3,-1,-1,-1,-1,-1,-1,-1,-1,0,-1
2024141555152,2024,141555152,2,9,0,-1,19,3,7,-1,0,0,0,0,0,0,2,9,-1,6,3,-1,-1,-1,-1,-1,-1,-1,-1,0,-1
2024010493524,2024,010493524,1,9,0,99,99,9,9,99,99,9,9,99,9,99,9,9,6,6,3,-1,-1,-1,-1,-1,-1,-1,-1,0,-1
2024440499152,2024,440499152,1,-1,0,18,19,9,9,99,99,8,9,99,9,99,9,1,6,6,1,20,4,-1,-1,-1,-1,2,E01017153,1,1
2024451429519,2024,451429519,1,9,0,-1,19,5,1,-1,0,0,0,0,0,0,1,1,-1,6,1,21,5,-1,-1,-1,-1,8,E01030723,0,1
2024101450870,2024,101450870,1,9,0,-1,19,3,7,-1,9,3,0,0,7,2,1,1,-1,2,1,26,6,-1,-1,-1,-1,3,E01027462,0,1
2024122400939,2024,122400939,1,1,0,18,19,3,7,0,0,6,0,10,0,0,1,1,1,1,1,62,9,-1,-1,-1,-1,10,E01027719,0,1
2024010498595,2024,010498595,1,1,9,99,99,9,9,99,99,9,9,99,9,99,9,1,2,2,1,37,7,-1,-1,-1,-1,3,E01001757,0,2
202417H107824,2024,17H107824,2,1,0,-1,19,1,5,-1,0,1,0,0,0,0,1,1,-1,9,1,21,5,-1,-1,-1,-1,1,E01011979,0,1
2024430018051,2024,430018051,1,9,4,16,19,6,1,0,0,0,0,0,0,0,3,1,6,6,1,33,6,-1,-1,-1,-1,7,E01001522,0,4
2024302401132,2024,302401132,2,1,0,18,19,2,6,0,0,1,0,0,0,0,3,1,6,6,2,29,6,-1,-1,-1,-1,6,E01019601,0,1
2024471426478,2024,471426478,2,1,0,-1,-1,-1,-1,-1,-1,-1,-1,-1,-1,0,-1,1,-1,6,1,63,9,-1,-1,-1,-1,9,E01016962,0,2
2024201530574,2024,201530574,1,9,0,-1,19,8,4,-1,0,0,0,0,0,0,1,9,-1,6,1,30,6,-1,-1,-1,-1,5,E01010069,0,1
2024010489511,2024,010489511,1,3,0,18,19,7,3,0,0,2,0,0,0,0,1,1,6,6,3,-1,-1,-1,-1,-1,-1,-1,-1,0,-1
2024010548670,2024,010548670,1,9,9,99,99,9,9,99,99,0,9,99,9,99,9,1,6,6,3,-1,-1,-1,-1,-1,-1,-1,-1,0,-1
2024411531125,2024,411531125,1,9,-1,-1,-1,-1,-1,-1,-1,-1,-1,-1,-1,0,-1,9,-1,6,3,-1,-1,-1,-1,-1,-1,-1,-1,0,-1
2024010512280,2024,010512280,2,1,0,9,9,4,2,0,0,1,0,0,0,0,3,1,2,2,1,19,4,-1,-1,-1,-1,2,E01003048,0,2
2024010536378,2024,010536378,2,98,1,99,99,9,9,0,0,9,9,99,9,99,4,9,6,6,3,-1,-1,-1,-1,-1,-1,-1,-1,0,-1
2024421397869,2024,421397869,2,1,0,-1,19,1,5,-1,0,2,0,0,0,0,1,1,-1,9,1,59,9,-1,-1,-1,-1,6,E01004383,0,1
2024111467802,2024,111467802,2,9,0,-1,3,5,7,-1,0,3,0,0,0,0,4,1,-1,2,1,47,8,-1,-1,-1,-1,4,E01020812,0,2
2024320433763,2024,320433763,2,9,0,8,8,7,3,0,0,1,0,0,0,0,2,1,-1,-1,2,33,6,-1,-1,-1,-1,1,E01026112,0,1
2024010527579,2024,010527579,2,1,3,9,9,5,3,0,0,2,0,0,0,0,1,1,6,6,1,34,6,-1,-1,-1,-1,4,E01003036,0,2
2024211514069,2024,211514069,3,9,0,-1,2,0,0,-1,0,0,0,0,0,0,1,1,-1,6,1,52,8,-1,-1,-1,-1,5,E01029464,0,1
2024010537604,2024,010537604,2,1,0,18,19,3,7,0,0,1,0,0,0,0,0,1,6,6,1,50,8,-1,-1,-1,-1,9,E01015982,0,2
2024401425265,2024,401425265,1,9,-1,-1,-1,-1,-1,-1,-1,-1,-1,-1,-1,0,-1,9,-1,6,1,-1,-1,-1,-1,-1,-1,8,E01017465,0,3
2024010500995,2024,010500995,2,90,0,99,99,9,9,99,99,9,9,99,9,99,1,9,6,6,3,-1,-1,-1,-1,-1,-1,-1,-1,0,-1
2024481564387,2024,481564387,2,1,0,-1,19,1,5,-1,5,0,0,0,0,0,1,1,-1,9,1,28,6,-1,-1,-1,-1,-1,-1,0,-1
2024010486957,2024,010486957,1,1,0,18,19,6,2,0,0,0,0,11,0,0,1,1,6,6,1,17,4,-1,-1,-1,-1,2,E01000153,0,1
2024371404355,2024,371404355,1,9,0,-1,19,3,7,-1,0,1,0,0,0,0,3,1,-1,2,1,57,9,-1,-1,-1,-1,8,E01033044,0,3
2024010511269,2024,010511269,1,1,0,4,4,5,1,0,0,1,0,0,0,0,0,1,6,6,1,26,6,-1,-1,-1,-1,6,E01004548,0,2
2024010540035,2024,010540035,2,1,0,18,19,1,5,0,0,8,0,0,0,0,1,1,6,6,1,35,6,-1,-1,-1,-1,3,E01003922,0,1
2024041500357,2024,041500357,1,9,0,-1,19,1,5,-1,0,0,0,0,0,0,3,1,-1,6,1,20,4,-1,-1,-1,-1,5,E01025243,0,1
2024421492183,2024,421492183,1,21,1,-1,13,6,2,-1,0,0,0,0,0,0,1,2,-1,1,1,55,8,-1,-1,-1,-1,-1,-1,0,-1
2024522402978,2024,522402978,2,9,0,9,9,8,6,0,0,5,0,0,0,0,3,1,6,6,1,54,8,-1,-1,-1,-1,4,E01014650,0,1
2024010508141,2024,010508141,2,9,0,99,99,9,9,99,99,9,9,99,9,99,9,9,6,6,3,-1,-1,-1,-1,-1,-1,-1,-1,0,-1
2024545392124,2024,545392124,2,9,0,5,5,1,6,0,0,1,0,0,0,0,1,1,6,6,1,24,5,-1,-1,-1,-1,7,E01015497,0,1
2024052400924,2024,052400924,2,3,0,18,19,7,3,0,0,3,0,0,1,10,1,1,6,6,1,33,6,-1,-1,-1,-1,8,E01006597,0,2
2024010491336,2024,010491336,1,11,0,18,19,7,3,2,2,1,0,0,0,0,3,1,1,1,2,24,5,-1,-1,-1,-1,3,E01003073,0,2
2024010493919,2024,010493919,2,3,0,13,13,3,7,0,0,1,1,0,0,0,3,1,6,6,1,15,3,-1,-1,-1,-1,3,E01001806,0,1