collision_index,collision_year,collision_ref_no,vehicle_reference,vehicle_type,towing_and_articulation,vehicle_manoeuvre_historic,vehicle_manoeuvre,vehicle_direction_from,vehicle_direction_to,vehicle_location_restricted_lane_historic,vehicle_location_restricted_lane,junction_location,skidding_and_overturning,hit_object_in_carriageway,vehicle_leaving_carriageway,hit_object_off_carriageway,first_point_of_impact,vehicle_left_hand_drive,journey_purpose_of_driver_historic,journey_purpose_of_driver,sex_of_driver,age_of_driver,age_band_of_driver,engine_capacity_cc,propulsion_code,age_of_vehicle,generic_make_model,driver_imd_decile,lsoa_of_driver,escooter_flag,driver_distance_banding
2024451447645,2024,451447645,1,1,0,-1,19,3,1,-1,9,8,0,0,0,0,0,1,-1,7,1,12,3,-1,-1,-1,-1,8,E01023109,0,1
202417M108124,2024,17M108124,2,9,0,-1,19,1,4,-1,0,1,0,0,0,0,1,1,-1,6,3,-1,-1,-1,-1,-1,-1,-1,-1,0,-1
2024061512090,2024,061512090,2,9,0,-1,19,-1,-1,-1,0,0,0,0,3,99,9,1,-1,6,3,-1,-1,-1,-1,-1,-1,-1,-1,0,-1
2024520000824,2024,520000824,2,9,0,3,3,4,8,0,0,0,0,0,0,0,2,1,1,1,2,27,6,-1,-1,-1,-1,1,W01001664,0,3
2024421422354,2024,421422354,1,9,0,-1,-1,-1,-1,-1,-1,0,-1,-1,-1,0,-1,9,-1,6,3,-1,-1,-1,-1,-1,-1,-1,-1,0,-1
2024522402114,2024,522402114,1,-1,0,7,7,3,6,9,9,8,0,0,0,0,1,1,6,6,3,-1,-1,-1,-1,-1,-1,-1,-1,1,-1
2024351466780,2024,351466780,2,9,0,-1,4,2,8,-1,0,0,0,0,0,0,2,1,-1,6,1,65,9,-1,-1,-1,-1,-1,-1,0,-1
2024522500312,2024,522500312,2,9,0,18,19,3,7,0,0,4,0,0,0,0,1,1,6,6,2,-1,-1,-1,-1,-1,-1,-1,-1,0,-1
2024430517899,2024,430517899,1,9,0,18,19,2,6,0,0,8,0,0,0,0,1,1,6,6,3,-1,-1,-1,-1,-1,-1,-1,-1,0,-1
2024201399775,2024,201399775,2,9,0,-1,9,4,2,-1,0,5,0,0,0,0,3,1,-1,6,1,-1,-1,-1,-1,-1,-1,-1,-1,0,-1
2024010492315,2024,010492315,1,9,0,5,5,5,1,0,0,0,0,0,0,0,1,1,6,6,1,44,7,-1,-1,-1,-1,5,E01003028,0,1
2024361456047,2024,361456047,6,9,0,-1,19,4,8,-1,0,1,0,0,0,0,2,1,-1,6,2,53,8,-1,-1,-1,-1,5,E01026516,0,4
2024010522749,2024,010522749,1,1,9,99,99,9,9,99,99,9,9,99,9,99,1,1,6,6,2,52,8,-1,-1,-1,-1,7,E01004029,0,1
2024501418714,2024,501418714,1,9,0,-1,19,1,6,-1,0,8,0,0,0,0,0,9,-1,6,3,-1,-1,-1,-1,-1,-1,-1,-1,0,-1
2024052401353,2024,052401353,1,9,0,5,5,1,5,0,0,0,0,0,0,0,4,1,6,6,1,70,10,-1,-1,-1,-1,1,E01034835,0,1
2024552400869,2024,552400869,2,1,0,18,19,6,2,0,0,0,0,0,0,0,0,1,2,2,1,32,6,-1,-1,-1,-1,5,E01034376,0,2
2024201522096,2024,201522096,1,9,0,-1,19,6,2,-1,0,0,0,0,0,0,1,9,-1,6,-1,-1,-1,-1,-1,-1,-1,-1,-1,0,-1
2024471403537,2024,471403537,1,9,0,-1,19,5,1,-1,0,1,0,0,0,0,1,1,-1,2,1,53,8,-1,-1,-1,-1,8,E01031677,0,3
2024311511696,2024,311511696,3,9,0,-1,19,7,3,-1,0,0,0,0,1,0,1,1,-1,2,1,41,7,-1,-1,-1,-1,3,E01028209,0,2
2024430483000,2024,430483000,1,9,0,17,19,3,8,0,0,0,2,0,5,7,3,1,6,6,1,83,11,-1,-1,-1,-1,6,E01028558,0,4
2024320340987,2024,320340987,1,9,0,-1,-1,4,8,0,0,0,0,0,0,0,1,1,6,6,1,44,7,-1,-1,-1,-1,3,E01026825,0,4
2024540109024,2024,540109024,1,9,0,5,5,1,5,0,0,0,5,0,7,9,3,1,6,6,1,51,8,-1,-1,-1,-1,7,E01034551,0,2
2024010497535,2024,010497535,2,9,9,99,99,9,9,99,99,9,9,99,9,99,9,9,6,6,3,-1,-1,-1,-1,-1,-1,-1,-1,0,-1
2024010493527,2024,010493527,1,19,0,18,19,3,7,0,0,1,0,0,0,0,3,1,6,6,1,53,8,-1,-1,-1,-1,8,E01000704,0,1
2024010487128,2024,010487128,2,5,0,18,19,1,5,0,0,8,0,0,0,0,4,1,6,6,1,41,7,-1,-1,-1,-1,9,E01003873,0,2
2024010550836,2024,010550836,2,19,9,99,99,9,9,99,99,9,9,99,9,99,9,9,6,6,1,37,7,-1,-1,-1,-1,5,E01023838,0,3
2024010488179,2024,010488179,2,9,0,99,99,9,9,99,99,9,9,99,9,99,9,9,6,6,3,-1,-1,-1,-1,-1,-1,-1,-1,0,-1
2024522402819,2024,522402819,1,-1,0,18,19,4,8,0,0,8,0,0,0,0,2,1,6,6,1,54,8,-1,-1,-1,-1,9,E01014719,1,1
2024010487223,2024,010487223,1,9,0,18,19,5,1,0,0,8,0,0,0,0,1,1,6,6,1,55,8,-1,-1,-1,-1,3,E01003439,0,1
2024010491042,2024,010491042,1,3,0,99,99,9,9,99,99,9,9,99,9,99,9,1,2,2,1,29,6,-1,-1,-1,-1,2,E01001558,0,2
2024010501489,2024,010501489,2,1,0,5,5,0,7,0,0,2,0,0,0,0,4,1,4,7,1,11,3,-1,-1,-1,-1,2,E01001661,0,1
2024010506220,2024,010506220,1,1,9,18,19,9,9,99,99,9,9,99,9,99,2,1,1,1,1,31,6,-1,-1,-1,-1,3,E01004240,0,1
2024211505259,2024,211505259,2,1,-1,-1,19,1,5,-1,0,1,2,0,0,0,1,1,-1,9,2,63,9,-1,-1,-1,-1,10,E01010386,0,2
2024010509366,2024,010509366,2,1,0,18,19,1,5,0,0,8,5,0,0,0,4,1,6,6,1,50,8,-1,-1,-1,-1,7,E01001290,0,3
2024101424867,2024,101424867,2,1,0,-1,19,5,5,-1,0,6,0,0,0,0,1,1,-1,9,1,31,6,-1,-1,-1,-1,4,E01008679,0,1
2024010496818,2024,010496818,1,9,5,99,99,9,9,0,0,1,0,0,0,0,9,1,6,6,1,44,7,-1,-1,-1,-1,4,E01003537,0,2
2024131505270,2024,131505270,2,9,0,-1,19,1,5,-1,0,2,0,0,0,0,1,1,-1,6,3,-1,-1,-1,-1,-1,-1,-1,-1,0,-1
2024991495006,2024,991495006,1,9,0,-1,19,6,3,-1,0,0,0,0,0,0,1,1,-1,9,1,42,7,-1,-1,-1,-1,-1,-1,0,-1
2024141433615,2024,141433615,1,9,0,-1,11,1,5,-1,0,0,1,0,2,2,1,1,-1,6,1,33,6,-1,-1,-1,-1,2,E01007559,0,1
2024010525660,2024,010525660,2,9,9,99,99,9,9,99,99,9,9,99,9,99,9,9,6,6,3,-1,-1,-1,-1,-1,-1,3,E01003237,0,1
2024041514377,2024,041514377,1,9,0,-1,4,5,1,-1,0,1,0,0,0,0,3,1,-1,9,2,61,9,-1,-1,-1,-1,3,E01025391,0,4
2024471457234,2024,471457234,2,22,0,-1,-1,-1,-1,-1,-1,-1,-1,-1,-1,0,2,1,-1,9,1,76,11,-1,-1,-1,-1,2,E01001172,0,4
2024010495150,2024,010495150,1,9,9,99,99,9,9,99,99,9,9,99,9,99,9,9,6,6,3,-1,-1,-1,-1,-1,-1,-1,-1,0,-1
2024371569115,2024,371569115,1,9,0,-1,19,7,3,-1,0,1,0,0,7,0,3,1,-1,9,2,77,11,-1,-1,-1,-1,7,E01030051,0,3
2024010496453,2024,010496453,2,3,0,14,14,4,8,0,0,0,0,0,0,0,1,1,6,6,1,19,4,-1,-1,-1,-1,5,E01000146,0,2
2024451469387,2024,451469387,1,9,0,-1,9,3,1,-1,0,0,5,0,0,0,1,1,-1,9,1,32,6,-1,-1,-1,-1,8,E01030567,0,2
2024430367503,2024,430367503,2,9,0,7,7,2,4,0,0,6,0,0,0,0,0,1,6,6,3,-1,-1,-1,-1,-1,-1,-1,-1,0,-1
2024991499294,2024,991499294,1,9,0,-1,1,3,7,-1,0,2,0,4,0,0,2,1,-1,6,3,35,6,-1,-1,-1,-1,-1,-1,0,-1
2024161460553,2024,161460553,2,1,0,-1,19,3,7,-1,0,1,1,0,0,0,1,1,-1,6,1,36,7,-1,-1,-1,-1,4,E01013320,0,1
2024010546859,2024,010546859,2,1,0,18,19,3,7,0,0,1,0,0,0,0,1,1,6,6,2,35,6,-1,-1,-1,-1,5,E01003341,0,1
2024101407957,2024,101407957,2,9,0,-1,19,1,5,-1,0,8,0,0,7,0,4,1,-1,9,1,64,9,-1,-1,-1,-1,4,E01008624,0,1
2024522402430,2024,522402430,2,3,0,18,19,5,1,0,0,6,0,0,0,0,1,1,6,6,3,-1,-1,-1,-1,-1,-1,-1,-1,0,-1
2024430552660,2024,430552660,2,1,0,18,19,1,5,0,0,8,0,0,0,0,4,1,2,2,1,68,10,-1,-1,-1,-1,4,E01016462,0,1
2024471475654,2024,471475654,1,9,0,-1,11,4,7,-1,0,0,1,0,0,0,4,1,-1,9,1,46,8,-1,-1,-1,-1,6,E01031601,0,1
2024991409991,2024,991409991,1,9,0,-1,19,7,3,-1,0,1,0,0,0,0,4,1,-1,6,1,61,9,-1,-1,-1,-1,-1,-1,0,-1
2024461449063,2024,461449063,2,-1,0,-1,5,8,4,-1,0,7,0,0,0,0,3,1,-1,6,1,64,9,-1,-1,-1,-1,-1,-1,0,-1
2024501409919,2024,501409919,2,9,0,-1,19,3,7,-1,0,0,0,0,0,0,1,9,-1,6,2,40,7,-1,-1,-1,-1,-1,-1,0,-1
2024041533200,2024,041533200,2,9,0,-1,11,5,1,-1,0,4,0,0,0,0,2,1,-1,9,1,64,9,-1,-1,-1,-1,6,E01025418,0,1
2024320442144,2024,320442144,1,1,0,-1,-1,2,6,9,9,0,0,0,0,11,1,1,-1,-1,1,44,7,-1,-1,-1,-1,4,E01026253,0,3
2024451474944,2024,451474944,1,9,0,-1,7,5,1,-1,0,0,1,0,0,0,1,1,-1,9,2,20,4,-1,-1,-1,-1,9,E01017841,0,4
2024010498823,2024,010498823,2,1,0,18,19,1,5,0,0,8,0,0,0,0,1,1,6,6,1,24,5,-1,-1,-1,-1,-1,-1,0,-1
2024991483235,2024,991483235,2,9,0,-1,19,7,2,-1,0,0,0,0,0,0,0,1,-1,9,1,39,7,-1,-1,-1,-1,2,-1,0,1
2024201514218,2024,201514218,2,1,0,-1,19,1,1,-1,0,0,0,0,0,0,4,1,-1,6,1,29,6,-1,-1,-1,-1,1,E01010238,0,2
2024010487359,2024,010487359,1,9,0,99,99,9,9,0,0,9,9,99,9,99,2,9,6,6,2,22,5,-1,-1,-1,-1,9,E01031497,0,4
2024332400805,2024,332400805,1,9,0,-1,19,3,7,-1,0,0,1,0,0,0,4,1,-1,2,1,54,8,-1,-1,-1,-1,9,E01025870,0,1
2024131482206,2024,131482206,2,9,0,-1,-1,-1,-1,-1,-1,0,-1,-1,-1,0,-1,1,-1,6,3,-1,-1,-1,-1,-1,-1,-1,-1,0,-1
2024161525120,2024,161525120,2,23,0,-1,5,1,5,-1,0,0,0,0,0,0,1,1,-1,7,2,18,4,-1,-1,-1,-1,1,E01013208,0,1
2024481437407,2024,481437407,1,19,0,-1,6,3,3,-1,0,0,0,0,0,0,0,1,-1,6,1,40,7,-1,-1,-1,-1,-1,-1,0,-1
2024631400560,2024,631400560,1,9,0,-1,19,2,6,-1,0,0,5,0,1,10,1,1,-1,6,1,29,6,-1,-1,-1,-1,8,W01000116,0,3
2024231526585,2024,231526585,1,9,0,-1,19,6,2,-1,0,0,0,0,0,0,1,1,-1,9,2,52,8,-1,-1,-1,-1,5,E01031088,0,3
2024101510679,2024,101510679,2,1,0,-1,19,2,6,-1,0,0,5,0,0,0,2,1,-1,2,2,40,7,-1,-1,-1,-1,4,E01008471,0,2
2024522403341,2024,522403341,2,9,0,9,9,8,6,0,0,5,0,0,0,0,1,1,6,6,1,-1,-1,-1,-1,-1,-1,-1,-1,0,-1
2024161469202,2024,161469202,2,-1,0,-1,7,7,1,-1,0,1,1,0,0,0,-1,9,-1,6,1,32,6,-1,-1,-1,-1,2,E01033104,1,1
2024010529191,2024,010529191,2,1,0,18,19,3,7,0,0,1,0,0,1,0,3,1,6,6,1,58,9,-1,-1,-1,-1,2,E01004255,0,1
2024010494663,2024,010494663,1,9,0,18,19,5,1,0,0,0,1,6,4,11,1,1,6,6,2,67,10,-1,-1,-1,-1,3,E01035679,0,1
2024991399986,2024,991399986,1,9,0,-1,9,1,5,-1,0,1,0,0,0,0,1,1,-1,6,2,26,6,-1,-1,-1,-1,6,-1,0,1
2024430326684,2024,430326684,2,9,0,13,13,4,8,0,0,0,0,0,0,0,4,1,6,6,3,-1,-1,-1,-1,-1,-1,-1,-1,0,-1
2024041529741,2024,041529741,3,11,0,-1,19,1,5,-1,0,6,0,0,0,0,0,9,-1,6,3,-1,-1,-1,-1,-1,-1,-1,-1,0,-1
2024440501058,2024,440501058,2,9,0,17,19,4,8,0,0,8,0,0,0,0,1,1,6,6,1,46,8,-1,-1,-1,-1,9,E01022595,0,1
2024010497427,2024,010497427,4,9,0,14,14,3,7,0,0,8,0,0,0,0,1,1,6,6,3,-1,-1,-1,-1,-1,-1,-1,-1,0,-1
2024631536098,2024,631536098,1,90,0,-1,19,5,1,-1,0,0,0,0,1,11,1,1,-1,9,2,25,5,-1,-1,-1,-1,9,W01001639,0,5
2024361405668,2024,361405668,1,1,0,-1,19,1,2,-1,0,0,0,0,0,0,0,1,-1,2,2,36,7,-1,-1,-1,-1,8,E01026840,0,1
2024122400993,2024,122400993,2,9,0,18,19,3,7,0,0,1,0,0,0,0,1,1,6,6,2,30,6,-1,-1,-1,-1,3,E01001468,0,5
2024991484846,2024,991484846,2,99,0,-1,19,8,4,-1,0,0,0,0,0,0,3,9,-1,6,3,30,6,-1,-1,-1,-1,-1,-1,0,-1
2024461425571,2024,461425571,3,9,0,-1,19,7,3,-1,0,2,0,0,0,0,2,9,-1,6,2,40,7,-1,-1,-1,-1,6,E01024189,0,1
2024430020645,2024,430020645,2,9,0,18,19,3,7,0,0,1,0,0,0,0,1,1,6,6,1,45,7,-1,-1,-1,-1,-1,-1,0,-1
2024201451814,2024,201451814,1,9,0,-1,19,6,2,-1,0,1,0,0,0,0,1,1,-1,6,1,35,6,-1,-1,-1,-1,-1,-1,0,-1
2024010539520,2024,010539520,2,9,0,4,4,7,3,0,0,1,0,0,0,0,2,1,6,6,2,53,8,-1,-1,-1,-1,9,E01001453,0,1
2024302401540,2024,302401540,3,9,0,1,1,2,6,0,0,0,0,0,0,0,0,1,6,6,3,-1,-1,-1,-1,-1,-1,-1,-1,0,-1
2024131520731,2024,131520731,1,9,0,-1,-1,-1,-1,-1,-1,8,-1,-1,-1,0,-1,1,-1,6,3,-1,-1,-1,-1,-1,-1,-1,-1,0,-1
2024010499112,2024,010499112,2,9,0,99,99,9,9,99,99,9,9,99,9,99,1,9,6,6,3,-1,-1,-1,-1,-1,-1,-1,-1,0,-1
2024320226550,2024,320226550,2,9,0,-1,-1,2,6,0,0,1,0,0,0,0,1,1,1,1,1,27,6,-1,-1,-1,-1,3,E01026377,0,1
2024010527100,2024,010527100,2,1,0,18,19,6,2,0,0,1,0,8,0,0,1,1,1,1,1,24,5,-1,-1,-1,-1,2,E01003188,0,1
2024010537216,2024,010537216,2,4,0,99,99,9,9,99,99,9,9,99,9,99,1,1,6,6,3,-1,-1,-1,-1,-1,-1,-1,-1,0,-1
2024546401324,2024,546401324,1,9,0,15,15,7,3,0,0,2,0,0,0,0,0,1,6,6,3,-1,-1,-1,-1,-1,-1,-1,-1,0,-1
2024010499580,2024,010499580,1,-1,9,18,19,2,6,99,99,9,9,99,9,99,9,1,6,6,1,-1,-1,-1,-1,-1,-1,-1,-1,1,-1
202460Q070357,2024,60Q070357,1,9,0,13,13,7,3,0,0,0,5,4,0,0,1,1,6,6,1,20,4,-1,-1,-1,-1,-1,-1,0,-1
2024010541623,2024,010541623,1,1,9,99,99,9,9,99,99,9,9,99,9,99,9,1,6,6,3,-1,-1,-1,-1,-1,-1,-1,-1,0,-1
2024552401229,2024,552401229,2,1,0,9,9,8,6,0,0,5,0,0,0,0,2,1,6,6,1,34,6,-1,-1,-1,-1,3,E01015442,0,1
2024302400158,2024,302400158,3,21,1,2,2,0,0,6,6,0,0,0,0,0,3,1,1,1,1,70,10,-1,-1,-1,-1,4,E01026648,0,5
2024501419961,2024,501419961,2,9,0,-1,10,2,6,-1,0,1,0,0,0,0,2,1,-1,9,2,43,7,-1,-1,-1,-1,9,E01020201,0,1
2024340WN2002,2024,340WN2002,2,9,0,-1,19,1,5,-1,0,1,1,0,1,1,1,1,-1,2,1,24,5,-1,-1,-1,-1,5,E01027133,0,1
2024010523601,2024,010523601,2,9,0,99,99,9,9,99,99,0,9,99,9,99,1,9,6,6,3,-1,-1,-1,-1,-1,-1,-1,-1,0,-1
2024010489963,2024,010489963,1,8,0,3,3,3,7,0,0,1,0,7,1,4,2,1,1,1,1,43,7,-1,-1,-1,-1,2,E01002505,0,3
2024501450950,2024,501450950,1,9,0,-1,19,5,1,-1,0,0,5,0,0,0,1,1,-1,9,1,40,7,-1,-1,-1,-1,3,E01018974,0,3
2024430222097,2024,430222097,1,1,0,18,19,4,8,0,0,8,0,0,0,0,4,1,6,6,2,25,5,-1,-1,-1,-1,5,E01016390,0,1
2024010491807,2024,010491807,1,19,0,18,19,1,5,0,0,3,0,0,0,0,1,1,1,1,1,21,5,-1,-1,-1,-1,2,E01004310,0,2
2024430009957,2024,430009957,1,9,0,18,19,5,1,0,0,1,0,0,0,0,1,1,6,6,2,-1,-1,-1,-1,-1,-1,-1,-1,0,-1
2024221402519,2024,221402519,1,9,0,-1,19,6,1,-1,0,0,1,0,1,10,3,1,-1,6,2,36,7,-1,-1,-1,-1,4,E01014027,0,1
2024991442381,2024,991442381,2,1,0,-1,5,2,6,-1,0,5,0,0,0,0,4,1,-1,6,1,27,6,-1,-1,-1,-1,8,-1,0,1
2024010487232,2024,010487232,1,19,0,18,19,3,7,0,0,1,0,0,0,0,4,1,1,1,1,44,7,-1,-1,-1,-1,3,E01001830,0,1
2024141482641,2024,141482641,1,1,0,-1,19,6,2,-1,0,0,5,0,0,0,4,1,-1,2,1,46,8,-1,-1,-1,-1,8,E01007858,0,1
2024061425444,2024,061425444,1,1,0,-1,19,-1,-1,-1,4,1,5,8,1,0,1,1,-1,9,1,26,6,-1,-1,-1,-1,1,E01034133,0,1
2024421515727,2024,421515727,1,9,0,-1,-1,-1,-1,-1,-1,0,-1,-1,-1,0,-1,9,-1,6,3,-1,-1,-1,-1,-1,-1,-1,-1,0,-1
2024430152594,2024,430152594,2,9,0,18,19,7,3,0,0,1,0,0,0,0,1,1,1,1,2,26,6,-1,-1,-1,-1,8,E01016334,0,3
2024101409728,2024,101409728,4,9,0,-1,3,7,3,-1,0,8,0,0,0,0,1,1,-1,9,1,37,7,-1,-1,-1,-1,10,E01015547,0,5
202417H108124,2024,17H108124,2,1,0,-1,19,5,1,-1,0,1,0,0,0,0,3,1,-1,9,1,79,11,-1,-1,-1,-1,1,E01012001,0,1
2024201460423,2024,201460423,1,2,0,-1,5,1,2,-1,9,0,0,0,0,0,1,1,-1,6,1,16,4,-1,-1,-1,-1,-1,-1,0,-1
2024231455132,2024,231455132,2,1,0,-1,19,1,4,-1,0,8,0,0,0,0,1,1,-1,9,1,41,7,-1,-1,-1,-1,6,E01031211,0,2
2024522403038,2024,522403038,2,9,0,7,7,1,4,0,0,5,0,0,0,0,4,1,6,6,3,-1,-1,-1,-1,-1,-1,-1,-1,0,-1
2024122401143,2024,122401143,2,1,0,18,19,5,1,0,0,8,0,0,0,0,1,1,6,6,1,55,8,-1,-1,-1,-1,10,E01013425,0,1
2024061406798,2024,061406798,2,1,0,-1,19,-1,-1,-1,0,0,0,0,0,0,0,1,-1,6,3,53,8,-1,-1,-1,-1,8,E01005642,0,1
2024211471927,2024,211471927,1,9,0,-1,12,5,8,-1,0,2,5,0,0,0,1,1,-1,6,1,42,7,-1,-1,-1,-1,-1,-1,0,-1
2024440263922,2024,440263922,1,3,0,3,3,3,7,0,0,1,0,0,0,0,2,1,1,1,1,26,6,-1,-1,-1,-1,9,E01017248,0,1
2024302400476,2024,302400476,2,19,0,2,2,0,0,0,0,0,0,0,0,0,0,1,6,6,3,-1,-1,-1,-1,-1,-1,-1,-1,0,-1
2024201416687,2024,201416687,1,99,-1,-1,-1,-1,-1,-1,0,0,-1,-1,-1,0,1,9,-1,6,3,-1,-1,-1,-1,-1,-1,-1,-1,0,-1
2024052400335,2024,052400335,1,9,0,18,19,5,1,0,0,1,0,0,0,0,1,1,6,6,3,-1,-1,-1,-1,-1,-1,-1,-1,0,-1
2024010500286,2024,010500286,2,9,0,99,99,9,9,99,99,9,9,99,9,99,1,9,6,6,3,-1,-1,-1,-1,-1,-1,-1,-1,0,-1
2024122400900,2024,122400900,1,1,0,18,19,4,8,0,0,0,1,0,0,0,1,1,6,6,1,56,9,-1,-1,-1,-1,10,E01010691,0,3
2024461521135,2024,461521135,2,1,0,-1,5,7,3,-1,0,2,0,0,0,0,4,1,-1,6,1,9,2,-1,-1,-1,-1,5,E01024254,0,1
2024052401828,2024,052401828,1,1,0,18,19,1,5,0,0,2,0,0,0,0,1,1,6,6,1,26,6,-1,-1,-1,-1,2,E01007047,0,1
2024430194626,2024,430194626,2,1,0,4,4,9,9,0,0,2,0,0,0,0,1,1,2,2,1,28,6,-1,-1,-1,-1,6,E01028579,0,1
2024430109870,2024,430109870,1,9,0,9,9,7,5,0,0,6,0,0,0,0,4,1,6,6,2,23,5,-1,-1,-1,-1,4,E01017850,0,1
2024552401128,2024,552401128,2,9,0,9,9,3,8,0,0,8,0,0,0,0,3,1,6,6,2,22,5,-1,-1,-1,-1,10,E01030514,0,5
202454A869324,2024,54A869324,1,1,0,18,19,8,4,0,0,1,0,0,0,0,1,1,6,6,1,32,6,-1,-1,-1,-1,4,E01031862,0,4
2024010503547,2024,010503547,2,9,0,2,2,0,0,0,0,2,0,0,1,0,2,1,6,6,3,-1,-1,-1,-1,-1,-1,-1,-1,0,-1
2024010496668,2024,010496668,1,1,9,99,99,9,9,99,99,9,9,99,9,99,9,1,6,6,1,34,6,-1,-1,-1,-1,5,E01001859,0,1
2024231517699,2024,231517699,1,9,0,-1,1,7,1,-1,0,0,0,0,0,0,2,9,-1,6,3,48,8,-1,-1,-1,-1,-1,-1,0,-1
2024161468221,2024,161468221,1,9,0,-1,19,8,4,-1,0,0,0,0,0,0,9,9,-1,6,3,-1,-1,-1,-1,-1,-1,-1,-1,0,-1
2024052402815,2024,052402815,1,9,0,18,19,1,5,0,0,0,0,0,0,0,1,1,2,2,1,23,5,-1,-1,-1,-1,6,E01007076,0,4
2024061530078,2024,061530078,2,99,0,-1,19,1,5,-1,0,0,0,0,0,0,3,9,-1,6,3,-1,-1,-1,-1,-1,-1,-1,-1,0,-1
2024991406779,2024,991406779,2,9,0,-1,19,2,2,-1,0,0,0,0,0,0,1,1,-1,9,1,30,6,-1,-1,-1,-1,2,-1,0,1
2024421525313,2024,421525313,1,1,0,-1,19,5,1,-1,0,1,0,0,0,0,1,1,-1,7,1,11,3,-1,-1,-1,-1,5,E01015901,0,1
2024010529208,2024,010529208,1,1,9,99,99,9,9,99,99,9,9,99,9,99,9,1,6,6,3,-1,-1,-1,-1,-1,-1,10,E01024329,0,4
2024070360247,2024,070360247,1,9,0,3,3,3,7,0,0,0,0,0,0,0,1,1,6,6,1,44,7,-1,-1,-1,-1,3,E01012741,0,4
2024311463962,2024,311463962,1,1,0,-1,19,2,4,-1,0,1,5,11,0,0,-1,1,-1,9,2,73,10,-1,-1,-1,-1,5,E01028022,0,4
2024211520448,2024,211520448,2,9,0,-1,19,5,1,-1,-1,0,1,4,1,0,3,1,-1,9,2,56,9,-1,-1,-1,-1,-1,-1,0,-1
2024010503725,2024,010503725,1,19,0,18,19,5,1,0,0,1,0,0,0,0,1,1,6,6,3,-1,-1,-1,-1,-1,-1,-1,-1,0,-1
2024501487380,2024,501487380,1,9,0,-1,19,1,5,-1,0,8,0,0,0,0,1,1,-1,1,1,26,6,-1,-1,-1,-1,5,E01018923,0,2
2024440463288,2024,440463288,1,1,0,18,19,5,1,0,0,0,0,0,0,0,1,1,6,6,1,39,7,-1,-1,-1,-1,8,E01022423,0,4
2024461490562,2024,461490562,1,9,0,-1,3,1,5,-1,0,0,0,0,0,0,4,1,-1,9,1,46,8,-1,-1,-1,-1,4,E01024624,0,1
2024201459261,2024,201459261,2,22,0,-1,19,2,6,-1,0,0,0,0,0,0,2,1,-1,6,1,52,8,-1,-1,-1,-1,1,E01034949,0,1
2024451516995,2024,451516995,3,9,0,-1,19,1,5,-1,0,0,0,0,0,0,1,1,-1,2,1,47,8,-1,-1,-1,-1,8,E01031624,0,4
2024411404741,2024,411404741,1,9,0,-1,5,1,3,-1,0,1,0,0,0,0,0,1,-1,9,1,71,10,-1,-1,-1,-1,7,E01023623,0,3
202460Q062830,2024,60Q062830,2,1,0,18,19,1,5,0,0,0,0,0,0,0,4,1,6,6,1,22,5,-1,-1,-1,-1,-1,-1,0,-1
2024401457125,2024,401457125,2,9,0,-1,-1,-1,-1,-1,-1,8,-1,-1,-1,0,1,1,-1,6,3,-1,-1,-1,-1,-1,-1,-1,-1,0,-1
2024231470771,2024,231470771,2,9,0,-1,19,6,2,-1,0,0,1,0,0,0,1,1,-1,9,1,46,8,-1,-1,-1,-1,5,E01027236,0,4
2024401469666,2024,401469666,1,9,0,-1,19,4,8,-1,0,1,0,0,0,0,1,1,-1,6,3,-1,-1,-1,-1,-1,-1,-1,-1,0,-1
2024531396804,2024,531396804,1,9,0,-1,5,3,7,-1,0,1,0,0,0,0,1,1,-1,1,1,33,6,-1,-1,-1,-1,6,E01032037,0,4
2024430510868,2024,430510868,1,9,0,2,2,-1,-1,99,99,0,0,0,0,0,4,1,6,6,1,-1,-1,-1,-1,-1,-1,-1,-1,0,-1
2024010491217,2024,010491217,1,9,0,18,19,8,4,0,0,0,0,0,0,0,1,1,6,6,3,-1,-1,-1,-1,-1,-1,-1,-1,0,-1
2024010501557,2024,010501557,2,1,0,18,19,3,7,0,0,8,0,0,0,0,3,1,6,6,1,35,6,-1,-1,-1,-1,3,E01003326,0,1
2024010505101,2024,010505101,1,1,0,18,19,1,5,0,0,8,0,0,0,0,1,1,6,6,1,18,4,-1,-1,-1,-1,-1,-1,0,-1
2024131471548,2024,131471548,1,90,0,-1,-1,-1,-1,-1,-1,-1,-1,-1,-1,-1,-1,1,-1,6,3,-1,-1,-1,-1,-1,-1,-1,-1,0,-1
2024540427524,2024,540427524,1,9,0,17,19,5,1,0,0,0,2,10,0,0,1,1,1,1,2,23,5,-1,-1,-1,-1,2,E01017253,0,4
2024111471276,2024,111471276,2,9,-1,-1,19,7,4,-1,0,1,0,0,0,0,0,1,-1,6,3,30,6,-1,-1,-1,-1,-1,-1,0,-1
2024101443613,2024,101443613,1,9,0,-1,19,8,4,-1,0,0,0,0,0,0,1,1,-1,6,1,-1,-1,-1,-1,-1,-1,-1,-1,0,-1
2024430512177,2024,430512177,1,9,0,9,9,1,7,0,0,5,0,0,0,0,1,1,6,6,3,-1,-1,-1,-1,-1,-1,-1,-1,0,-1
2024610026624,2024,610026624,1,9,0,4,4,7,3,0,0,0,0,0,0,0,2,1,6,6,2,29,6,-1,-1,-1,-1,4,W01002032,0,1
2024010507993,2024,010507993,1,1,9,99,99,9,9,99,99,0,9,99,9,99,1,1,6,6,1,33,6,-1,-1,-1,-1,3,E01004322,0,1
2024451444466,2024,451444466,1,1,0,-1,19,1,3,-1,0,0,0,0,0,0,0,1,-1,6,1,49,8,-1,-1,-1,-1,9,E01030646,0,1
2024461419216,2024,461419216,1,19,0,-1,19,3,7,-1,0,0,0,0,0,0,4,9,-1,6,3,-1,-1,-1,-1,-1,-1,-1,-1,0,-1
2024610020724,2024,610020724,2,90,0,5,5,8,4,0,0,0,0,0,0,0,1,1,6,6,2,10,2,-1,-1,-1,-1,8,W01001505,0,1
2024430460797,2024,430460797,1,9,0,9,9,9,9,0,0,1,0,0,0,0,1,1,6,6,3,-1,-1,-1,-1,-1,-1,-1,-1,0,-1
2024440369854,2024,440369854,1,4,0,5,5,7,3,0,0,6,0,0,0,0,4,1,6,6,1,16,4,-1,-1,-1,-1,8,E01032021,0,4