collision_index,collision_year,collision_ref_no,vehicle_reference,vehicle_type,towing_and_articulation,vehicle_manoeuvre_historic,vehicle_manoeuvre,vehicle_direction_from,vehicle_direction_to,vehicle_location_restricted_lane_historic,vehicle_location_restricted_lane,junction_location,skidding_and_overturning,hit_object_in_carriageway,vehicle_leaving_carriageway,hit_object_off_carriageway,first_point_of_impact,vehicle_left_hand_drive,journey_purpose_of_driver_historic,journey_purpose_of_driver,sex_of_driver,age_of_driver,age_band_of_driver,engine_capacity_cc,propulsion_code,age_of_vehicle,generic_make_model,driver_imd_decile,lsoa_of_driver,escooter_flag,driver_distance_banding
2024451477642,2024,451477642,1,1,0,-1,19,7,3,-1,0,8,1,10,0,0,3,1,-1,2,1,19,4,-1,-1,-1,-1,10,E01030892,0,1
2024302400823,2024,302400823,1,9,0,13,13,2,5,0,0,3,0,0,0,0,1,1,6,6,3,-1,-1,-1,-1,-1,-1,5,E01019456,0,3
2024302400688,2024,302400688,1,-1,0,9,9,4,8,9,9,0,1,0,0,0,1,1,6,6,3,-1,-1,-1,-1,-1,-1,5,E01019456,1,3
2024010538130,2024,010538130,2,9,0,99,99,9,9,99,99,9,9,99,9,99,9,9,6,6,3,-1,-1,-1,-1,-1,-1,-1,-1,0,-1
2024302400949,2024,302400949,1,19,0,4,4,2,6,0,0,1,0,0,0,0,1,1,6,6,3,-1,-1,-1,-1,-1,-1,-1,-1,0,-1
2024010544213,2024,010544213,2,1,0,18,19,1,5,4,4,1,0,0,0,0,1,1,4,7,1,6,2,-1,-1,-1,-1,4,E01001836,0,1
2024010506003,2024,010506003,4,1,0,18,19,8,4,0,0,1,0,0,0,0,0,1,6,6,2,30,6,-1,-1,-1,-1,2,E01001340,0,3
2024320096394,2024,320096394,1,9,0,-1,-1,8,4,0,0,0,0,0,0,0,0,1,6,6,3,-1,-1,-1,-1,-1,-1,-1,-1,0,-1
2024451427327,2024,451427327,1,9,0,-1,4,3,7,-1,0,0,0,0,0,0,2,9,-1,6,3,39,7,-1,-1,-1,-1,-1,-1,0,-1
2024061511291,2024,061511291,1,19,-1,-1,19,8,4,-1,0,0,0,0,0,0,1,9,-1,6,1,-1,-1,-1,-1,-1,-1,-1,-1,0,-1
2024010532964,2024,010532964,2,-1,0,12,12,5,1,2,2,0,0,0,0,0,3,1,6,6,1,21,5,-1,-1,-1,-1,2,E01003323,1,2
2024201432849,2024,201432849,3,9,0,-1,19,7,5,-1,0,1,0,0,0,0,1,9,-1,9,-1,20,4,-1,-1,-1,-1,-1,-1,0,-1
2024031514293,2024,031514293,2,9,0,-1,5,2,6,-1,0,1,0,0,0,0,1,1,-1,6,1,59,9,-1,-1,-1,-1,6,E01019351,0,1
2024520401228,2024,520401228,2,9,0,18,19,1,5,0,0,0,0,0,0,0,1,1,6,6,2,75,10,-1,-1,-1,-1,6,E01032636,0,3
2024522500176,2024,522500176,1,1,0,18,19,5,1,0,0,8,0,0,0,0,4,1,6,6,2,36,7,-1,-1,-1,-1,2,E01014489,0,1
2024041473406,2024,041473406,1,-1,0,-1,19,5,1,-1,9,1,0,0,1,0,3,1,-1,2,1,30,6,-1,-1,-1,-1,1,E01012724,1,1
2024501452649,2024,501452649,2,9,0,-1,19,6,2,-1,9,1,0,0,0,0,4,1,-1,2,1,68,10,-1,-1,-1,-1,5,E01018923,0,4
2024440417251,2024,440417251,2,9,0,14,14,3,7,0,0,0,0,0,0,0,0,1,6,6,3,-1,-1,-1,-1,-1,-1,-1,-1,0,-1
2024421438189,2024,421438189,1,9,0,-1,19,2,6,-1,0,4,0,0,0,0,1,9,-1,6,3,-1,-1,-1,-1,-1,-1,-1,-1,0,-1
2024061525423,2024,061525423,1,90,0,-1,12,1,5,-1,0,0,0,0,0,0,3,1,-1,1,1,60,9,-1,-1,-1,-1,-1,-1,0,-1
2024161450218,2024,161450218,2,1,0,-1,19,3,7,-1,0,4,2,0,0,0,3,1,-1,7,1,10,2,-1,-1,-1,-1,4,E01012776,0,1
2024010487169,2024,010487169,1,3,0,99,99,9,9,99,99,9,9,99,9,99,1,1,6,6,1,40,7,-1,-1,-1,-1,3,E01003768,0,1
2024052401836,2024,052401836,1,1,0,18,19,7,5,0,0,8,0,0,0,0,1,1,6,6,1,32,6,-1,-1,-1,-1,1,E01006562,0,1
2024010526881,2024,010526881,1,1,9,99,99,9,9,99,99,0,9,99,9,99,9,1,6,6,2,61,9,-1,-1,-1,-1,2,E01004255,0,1
2024440283431,2024,440283431,1,9,0,18,19,5,1,0,0,0,0,0,0,0,1,1,6,6,3,-1,-1,-1,-1,-1,-1,-1,-1,0,-1
2024201480817,2024,201480817,1,97,0,-1,5,7,3,-1,0,2,2,0,0,0,0,1,-1,6,1,16,4,-1,-1,-1,-1,2,E01009874,0,1
2024361471471,2024,361471471,2,1,0,-1,19,4,8,-1,0,1,0,0,3,0,0,1,-1,9,1,31,6,-1,-1,-1,-1,10,E01026907,0,2
2024041412621,2024,041412621,2,97,0,-1,19,6,2,-1,0,1,0,0,0,0,1,1,-1,6,1,18,4,-1,-1,-1,-1,7,E01025339,0,1
2024991522995,2024,991522995,1,90,0,-1,5,3,7,-1,0,8,0,0,0,0,1,9,-1,6,1,16,4,-1,-1,-1,-1,5,-1,0,1
2024302400099,2024,302400099,1,19,0,18,19,7,3,0,0,0,0,0,0,0,1,1,1,1,1,58,9,-1,-1,-1,-1,7,E01007471,0,4
2024101443751,2024,101443751,1,1,0,-1,19,8,4,-1,4,0,1,0,0,0,1,1,-1,9,1,42,7,-1,-1,-1,-1,7,E01025048,0,5
2024440150219,2024,440150219,2,9,0,9,9,4,2,0,0,5,0,0,0,0,4,1,6,6,2,-1,-1,-1,-1,-1,-1,-1,-1,0,-1
2024010528481,2024,010528481,2,1,0,18,19,5,1,0,0,8,0,0,0,0,1,1,6,6,1,-1,-1,-1,-1,-1,-1,-1,-1,0,-1
2024010497177,2024,010497177,1,1,9,99,99,9,9,99,99,9,9,99,9,99,9,1,6,6,1,22,5,-1,-1,-1,-1,8,E01002890,0,1
2024052402651,2024,052402651,1,23,0,18,19,8,4,0,0,0,0,0,0,0,1,1,6,6,1,18,4,-1,-1,-1,-1,1,E01035368,0,3
2024440032839,2024,440032839,2,9,0,18,19,4,8,0,0,0,0,0,0,0,2,1,6,6,2,57,9,-1,-1,-1,-1,6,E01017176,0,2
2024101398940,2024,101398940,1,9,0,-1,9,1,6,-1,0,8,0,10,0,0,4,1,-1,6,2,32,6,-1,-1,-1,-1,1,E01008291,0,1
2024320578158,2024,320578158,2,9,0,4,4,6,2,0,0,0,0,0,0,0,2,1,-1,-1,1,60,9,-1,-1,-1,-1,8,E01013248,0,4
2024010492198,2024,010492198,1,9,0,7,7,6,1,0,0,1,0,0,0,0,1,1,1,1,1,44,7,-1,-1,-1,-1,5,E01028556,0,4
2024010551177,2024,010551177,2,1,0,18,19,2,6,0,0,8,5,0,0,0,1,1,1,1,1,25,5,-1,-1,-1,-1,2,E01032744,0,3
2024332400872,2024,332400872,1,9,0,-1,12,6,2,-1,0,0,0,0,0,0,1,1,-1,6,3,-1,-1,-1,-1,-1,-1,-1,-1,0,-1
2024440103327,2024,440103327,1,-1,0,18,19,7,3,0,0,0,0,0,0,0,1,1,6,6,1,46,8,-1,-1,-1,-1,2,E01017106,1,1
2024311428375,2024,311428375,2,1,0,-1,19,3,7,-1,0,1,0,0,0,0,4,1,-1,9,2,34,6,-1,-1,-1,-1,-1,-1,0,-1
2024201495468,2024,201495468,1,1,0,-1,9,6,2,-1,0,8,0,0,0,0,1,1,-1,6,2,44,7,-1,-1,-1,-1,4,E01009907,0,1
2024421455444,2024,421455444,2,1,0,-1,19,2,6,-1,0,8,0,0,0,0,1,1,-1,9,2,28,6,-1,-1,-1,-1,2,E01016009,0,1
2024010544477,2024,010544477,1,1,9,99,99,9,9,99,99,9,9,99,9,99,9,1,6,6,1,33,6,-1,-1,-1,-1,7,E01032573,0,1
2024631530775,2024,631530775,2,9,0,-1,2,0,0,-1,-1,2,0,0,0,0,2,1,-1,6,-1,-1,-1,-1,-1,-1,-1,-1,-1,0,-1
2024141529357,2024,141529357,1,9,0,-1,19,7,3,-1,0,0,5,0,0,0,4,1,-1,6,2,46,8,-1,-1,-1,-1,10,E01007934,0,1
2024320169374,2024,320169374,2,1,0,-1,-1,3,7,0,0,0,5,0,1,0,1,1,-1,-1,1,34,6,-1,-1,-1,-1,-1,-1,0,-1
2024440305007,2024,440305007,3,9,0,18,19,4,8,0,0,1,0,0,0,0,4,1,6,6,2,21,5,-1,-1,-1,-1,7,E01023257,0,3
2024010489746,2024,010489746,1,3,0,99,99,9,9,99,99,9,9,99,9,99,9,1,6,6,3,25,5,-1,-1,-1,-1,8,E01000118,0,2
2024010520245,2024,010520245,2,1,0,18,19,3,7,0,0,5,0,4,0,0,1,1,1,1,1,40,7,-1,-1,-1,-1,2,E01003576,0,1
2024371510347,2024,371510347,2,1,0,-1,19,2,6,-1,0,1,0,0,0,0,0,1,-1,9,2,76,11,-1,-1,-1,-1,6,E01029919,0,1
2024991451891,2024,991451891,1,9,0,-1,9,1,6,-1,0,6,0,0,0,0,4,1,-1,9,2,21,5,-1,-1,-1,-1,7,-1,0,1
2024631417585,2024,631417585,2,16,0,-1,19,3,7,-1,0,0,0,0,0,0,4,1,-1,6,2,53,8,-1,-1,-1,-1,5,W01000719,0,1
2024332401061,2024,332401061,1,-1,0,-1,19,7,3,-1,0,1,0,0,0,0,1,1,-1,6,1,19,4,-1,-1,-1,-1,5,E01032868,1,1
2024411421009,2024,411421009,2,1,0,-1,19,6,2,-1,0,0,0,0,0,0,4,1,-1,6,1,63,9,-1,-1,-1,-1,9,E01023493,0,1
2024311406959,2024,311406959,2,1,0,-1,19,1,5,-1,0,8,2,0,0,0,1,1,-1,1,1,49,8,-1,-1,-1,-1,-1,-1,0,-1
2024010540035,2024,010540035,1,9,4,7,7,1,4,0,0,8,0,0,0,0,4,1,6,6,1,29,6,-1,-1,-1,-1,7,E01004597,0,2
2024320429785,2024,320429785,2,9,0,-1,-1,5,3,0,0,0,0,0,0,0,0,1,6,6,3,-1,-1,-1,-1,-1,-1,-1,-1,0,-1
2024010490449,2024,010490449,2,9,0,18,19,5,1,0,0,8,0,0,0,0,1,1,1,1,1,29,6,-1,-1,-1,-1,4,E01004259,0,1
2024131584149,2024,131584149,2,1,0,-1,9,5,1,-1,0,8,0,0,0,0,1,1,-1,9,1,14,3,-1,-1,-1,-1,1,E01010777,0,1
2024141471285,2024,141471285,1,9,0,-1,19,2,6,-1,0,0,0,0,0,0,2,1,-1,1,1,35,6,-1,-1,-1,-1,5,E01007882,0,3
2024041510968,2024,041510968,2,9,0,-1,19,3,7,-1,0,0,0,0,0,0,4,1,-1,9,2,60,9,-1,-1,-1,-1,4,E01024998,0,2
2024052400148,2024,052400148,1,9,0,18,19,5,1,0,0,1,0,0,0,0,2,1,6,6,3,-1,-1,-1,-1,-1,-1,-1,-1,0,-1
2024231500410,2024,231500410,1,1,0,-1,19,3,7,-1,4,6,0,0,0,0,1,1,-1,7,1,11,3,-1,-1,-1,-1,9,E01031315,0,1
2024430253607,2024,430253607,1,9,0,18,19,2,6,0,0,0,0,0,0,0,1,1,6,6,3,-1,-1,-1,-1,-1,-1,-1,-1,0,-1
2024010492662,2024,010492662,2,9,0,99,99,9,9,99,99,9,9,99,9,99,2,9,6,6,3,-1,-1,-1,-1,-1,-1,-1,-1,0,-1
2024010525711,2024,010525711,2,9,9,1,1,9,9,99,99,0,9,99,9,99,9,9,6,6,3,-1,-1,-1,-1,-1,-1,-1,-1,0,-1
2024010493386,2024,010493386,1,9,0,18,19,2,6,0,0,8,0,0,0,0,1,1,6,6,2,43,7,-1,-1,-1,-1,3,E01001445,0,3
2024131423666,2024,131423666,1,9,0,-1,-1,-1,-1,-1,-1,0,-1,-1,-1,-1,-1,1,-1,6,3,-1,-1,-1,-1,-1,-1,-1,-1,0,-1
2024311512155,2024,311512155,2,99,0,-1,19,1,1,-1,0,0,0,0,0,0,1,1,-1,6,3,-1,-1,-1,-1,-1,-1,-1,-1,0,-1
2024302400143,2024,302400143,2,19,0,9,9,2,8,0,0,2,0,0,0,0,1,1,2,2,1,48,8,-1,-1,-1,-1,5,E01019791,0,1
2024231489651,2024,231489651,2,9,0,-1,19,7,3,-1,0,6,0,0,0,0,4,1,-1,6,1,26,6,-1,-1,-1,-1,3,E01031012,0,2
2024440241286,2024,440241286,2,19,0,13,13,8,4,0,0,1,0,0,0,0,4,1,6,6,3,-1,-1,-1,-1,-1,-1,-1,-1,0,-1
2024421449957,2024,421449957,2,9,0,-1,4,3,1,-1,0,5,0,0,0,0,4,1,-1,2,1,61,9,-1,-1,-1,-1,-1,-1,0,-1
2024471461653,2024,471461653,1,1,0,-1,5,7,4,-1,0,1,0,0,0,0,1,1,-1,2,2,39,7,-1,-1,-1,-1,6,E01031656,0,1
2024311451906,2024,311451906,2,1,0,-1,5,3,1,-1,0,6,0,0,0,0,1,1,-1,2,1,21,5,-1,-1,-1,-1,1,E01013954,0,1
2024010506023,2024,010506023,3,9,0,2,2,0,0,9,9,0,0,4,0,0,4,1,6,6,3,-1,-1,-1,-1,-1,-1,-1,-1,0,-1
2024231501151,2024,231501151,1,21,1,-1,19,4,8,-1,0,0,0,0,0,0,3,9,-1,1,3,48,8,-1,-1,-1,-1,-1,-1,0,-1
2024520401889,2024,520401889,1,9,0,9,9,3,7,0,0,8,0,0,0,0,2,1,6,6,1,68,10,-1,-1,-1,-1,9,E01029065,0,1
2024010514053,2024,010514053,2,9,0,99,99,9,9,99,99,9,9,99,9,99,9,9,6,6,3,-1,-1,-1,-1,-1,-1,-1,-1,0,-1
2024501420961,2024,501420961,2,9,0,-1,19,1,5,-1,0,1,0,0,0,0,1,9,-1,6,1,33,6,-1,-1,-1,-1,5,E01018890,0,1
2024332400353,2024,332400353,1,9,0,-1,19,9,9,-1,0,1,0,0,0,0,1,1,-1,6,1,-1,-1,-1,-1,-1,-1,-1,-1,0,-1
2024161475636,2024,161475636,1,1,0,-1,19,3,7,-1,0,1,0,0,0,0,-1,1,-1,1,1,64,9,-1,-1,-1,-1,1,E01007790,0,4
2024311509456,2024,311509456,1,9,0,-1,9,1,5,-1,0,8,0,0,0,0,3,1,-1,6,3,52,8,-1,-1,-1,-1,7,E01028353,0,1
2024440170821,2024,440170821,2,9,0,4,4,6,2,0,0,1,0,0,0,0,2,1,2,2,2,32,6,-1,-1,-1,-1,5,E01023027,0,3
2024440009002,2024,440009002,3,1,0,18,19,7,3,0,0,0,0,0,0,0,3,1,6,6,2,59,9,-1,-1,-1,-1,9,E01022719,0,3
2024010525777,2024,010525777,2,9,0,7,7,7,1,0,0,8,0,0,0,0,1,1,6,6,3,-1,-1,-1,-1,-1,-1,-1,-1,0,-1
2024010493106,2024,010493106,2,1,0,18,19,5,1,4,4,1,0,0,0,0,1,1,2,2,2,45,7,-1,-1,-1,-1,3,E01004533,0,1
2024010495290,2024,010495290,2,9,0,99,99,9,9,99,99,9,9,99,9,99,1,9,6,6,3,-1,-1,-1,-1,-1,-1,-1,-1,0,-1
2024340NN0942,2024,340NN0942,1,9,0,-1,12,5,1,-1,0,2,0,0,0,0,0,1,-1,6,1,-1,-1,-1,-1,-1,-1,-1,-1,0,-1
2024231403424,2024,231403424,1,9,0,-1,11,6,8,-1,0,4,0,0,0,0,4,9,-1,6,1,45,7,-1,-1,-1,-1,-1,-1,0,-1
2024141450297,2024,141450297,2,97,0,-1,9,6,3,-1,0,1,0,0,0,0,1,1,-1,6,1,17,4,-1,-1,-1,-1,3,E01007667,0,1
2024010493656,2024,010493656,2,9,0,99,99,9,9,99,99,9,9,99,9,99,9,9,6,6,2,-1,-1,-1,-1,-1,-1,-1,-1,0,-1
2024010518907,2024,010518907,1,1,0,18,19,5,1,0,0,5,0,8,0,0,1,1,1,1,2,51,8,-1,-1,-1,-1,4,E01001278,0,1
2024320732359,2024,320732359,1,9,0,9,9,4,2,0,0,5,0,0,0,0,3,1,6,6,1,-1,-1,-1,-1,-1,-1,-1,-1,0,-1
2024440481510,2024,440481510,1,1,0,18,19,7,2,0,0,8,0,0,0,0,4,1,1,1,1,37,7,-1,-1,-1,-1,4,E01023121,0,1
2024451403364,2024,451403364,1,9,0,-1,19,6,2,-1,0,7,0,0,7,0,1,1,-1,6,1,35,6,-1,-1,-1,-1,5,E01022939,0,4
2024501415321,2024,501415321,2,1,0,-1,19,2,6,-1,0,1,5,4,0,0,1,1,-1,9,1,28,6,-1,-1,-1,-1,9,E01019952,0,3
2024440365113,2024,440365113,1,9,0,3,3,4,8,0,0,1,0,0,0,0,2,1,6,6,1,20,4,-1,-1,-1,-1,5,E01017306,0,2
2024991466562,2024,991466562,1,9,0,-1,4,2,7,-1,0,0,0,0,0,0,0,9,-1,6,-1,50,8,-1,-1,-1,-1,-1,-1,0,-1
2024010539816,2024,010539816,2,1,0,12,12,1,5,0,0,6,0,0,0,0,1,1,6,6,1,26,6,-1,-1,-1,-1,2,E01001729,0,1
2024131447420,2024,131447420,1,1,0,-1,19,1,5,-1,0,8,0,0,0,0,1,1,-1,6,1,23,5,-1,-1,-1,-1,8,E01011207,0,2
2024211502361,2024,211502361,1,8,0,-1,5,1,1,-1,0,1,0,0,0,0,4,1,-1,1,1,40,7,-1,-1,-1,-1,-1,-1,0,-1
2024332400454,2024,332400454,1,23,0,-1,19,3,7,-1,0,0,0,0,0,0,1,1,-1,6,1,16,4,-1,-1,-1,-1,7,E01025855,0,1
2024010516168,2024,010516168,1,9,0,9,9,2,8,0,0,7,0,0,0,0,3,1,1,1,1,54,8,-1,-1,-1,-1,8,E01024351,0,4
2024141406422,2024,141406422,2,-1,0,-1,19,5,1,-1,0,0,2,0,0,0,1,9,-1,6,2,-1,-1,-1,-1,-1,-1,-1,-1,1,-1
2024201412796,2024,201412796,1,9,0,-1,19,8,4,-1,0,0,0,0,0,0,1,1,-1,6,1,-1,-1,-1,-1,-1,-1,-1,-1,0,-1
2024010497364,2024,010497364,2,19,0,18,19,5,1,0,0,8,0,0,0,0,0,1,6,6,3,-1,-1,-1,-1,-1,-1,-1,-1,0,-1
2024430517071,2024,430517071,1,9,0,17,19,4,1,0,0,2,0,0,1,4,1,1,1,1,1,36,7,-1,-1,-1,-1,7,E01028598,0,2
2024440219534,2024,440219534,2,9,0,18,19,1,5,0,0,1,0,0,0,0,1,1,6,6,3,-1,-1,-1,-1,-1,-1,-1,-1,0,-1
2024411457450,2024,411457450,2,9,0,-1,9,6,7,-1,0,8,0,0,0,0,1,1,-1,2,1,25,5,-1,-1,-1,-1,9,E01023969,0,1
2024111500290,2024,111500290,1,9,0,-1,9,1,5,-1,0,0,0,0,0,0,1,1,-1,9,2,23,5,-1,-1,-1,-1,2,E01020820,0,2
2024010543953,2024,010543953,2,9,0,18,19,2,6,0,0,8,0,0,0,0,1,1,6,6,3,-1,-1,-1,-1,-1,-1,-1,-1,0,-1
2024141512414,2024,141512414,1,1,0,-1,19,7,3,-1,0,0,0,0,0,0,1,1,-1,9,1,14,3,-1,-1,-1,-1,4,E01034844,0,1
2024010549902,2024,010549902,1,11,0,5,5,0,1,2,2,1,0,0,0,0,0,1,3,7,1,47,8,-1,-1,-1,-1,3,E01034482,0,3
2024221481664,2024,221481664,2,1,0,-1,19,2,6,-1,9,8,0,0,0,0,1,1,-1,6,1,56,9,-1,-1,-1,-1,2,E01033248,0,1
2024430557799,2024,430557799,1,9,0,16,19,1,4,0,0,0,0,0,0,0,1,1,6,6,1,30,6,-1,-1,-1,-1,-1,-1,0,-1
2024061453987,2024,061453987,1,1,0,-1,4,-1,-1,-1,99,0,0,0,0,0,2,1,-1,2,2,47,8,-1,-1,-1,-1,4,E01005500,0,1
2024010531574,2024,010531574,2,1,9,99,99,9,9,99,99,9,9,99,9,99,1,1,2,2,2,28,6,-1,-1,-1,-1,7,E01004496,0,2
2024010521021,2024,010521021,1,9,0,99,99,9,9,99,99,9,9,99,9,99,1,9,6,6,3,-1,-1,-1,-1,-1,-1,4,E01001397,0,3
2024010539893,2024,010539893,1,9,0,99,99,9,9,99,99,9,9,99,9,99,9,9,6,6,3,-1,-1,-1,-1,-1,-1,-1,-1,0,-1
2024131486897,2024,131486897,1,9,0,-1,9,5,3,-1,0,0,0,0,0,0,1,1,-1,1,1,68,10,-1,-1,-1,-1,10,E01029628,0,5
2024010513421,2024,010513421,2,98,0,99,99,9,9,99,99,9,9,99,9,99,9,9,6,6,3,-1,-1,-1,-1,-1,-1,-1,-1,0,-1
2024010488182,2024,010488182,1,9,0,18,19,5,1,0,0,2,0,0,0,0,4,1,3,7,2,38,7,-1,-1,-1,-1,2,E01000073,0,1
2024522402141,2024,522402141,2,9,0,18,19,8,4,0,0,0,0,0,0,0,1,1,6,6,2,45,7,-1,-1,-1,-1,5,W01002027,0,4
2024131530964,2024,131530964,2,9,0,-1,19,5,1,-1,0,0,0,0,0,0,2,1,-1,6,1,73,10,-1,-1,-1,-1,10,E01019670,0,4
2024201486659,2024,201486659,1,9,0,-1,11,7,3,-1,0,0,0,0,0,0,1,9,-1,1,1,55,8,-1,-1,-1,-1,4,E01010006,0,4
2024010501889,2024,010501889,2,1,0,16,19,7,3,0,0,0,0,0,7,0,4,1,6,6,1,35,6,-1,-1,-1,-1,6,E01035493,0,1
2024440329096,2024,440329096,2,90,0,18,19,3,7,0,0,0,0,0,0,0,2,1,6,6,3,-1,-1,-1,-1,-1,-1,-1,-1,0,-1
2024622400728,2024,622400728,1,-1,0,15,15,6,2,0,0,1,0,0,0,0,3,1,6,6,1,52,8,-1,-1,-1,-1,1,W01001807,1,1
2024430588914,2024,430588914,3,19,0,18,19,1,5,0,0,0,0,0,1,0,1,1,6,6,1,35,6,-1,-1,-1,-1,-1,-1,0,-1
202417L202124,2024,17L202124,2,9,0,18,19,8,4,0,0,8,0,0,1,0,3,1,6,6,1,37,7,-1,-1,-1,-1,6,E01008872,0,4
2024061432374,2024,061432374,2,9,0,-1,19,3,7,-1,0,1,0,0,0,0,2,1,-1,1,1,41,7,-1,-1,-1,-1,4,E01025605,0,4
2024052401248,2024,052401248,1,9,0,1,1,5,1,0,0,1,0,0,0,0,2,1,6,6,2,54,8,-1,-1,-1,-1,1,E01007122,0,1
2024451394495,2024,451394495,2,9,0,-1,19,1,3,-1,0,8,0,0,0,0,1,9,-1,6,3,30,6,-1,-1,-1,-1,-1,-1,0,-1
2024421430277,2024,421430277,3,9,0,-1,19,4,8,-1,0,0,1,0,0,0,1,9,-1,6,1,30,6,-1,-1,-1,-1,5,E01021909,0,1
2024010510468,2024,010510468,2,19,9,99,99,9,9,99,99,9,9,99,9,99,2,9,6,6,3,-1,-1,-1,-1,-1,-1,8,E01034255,0,5
2024041408925,2024,041408925,2,9,0,-1,19,3,7,-1,0,1,0,0,1,0,4,1,-1,9,1,62,9,-1,-1,-1,-1,8,E01025564,0,2
2024302400375,2024,302400375,2,9,0,13,13,4,8,0,0,0,0,0,0,0,1,1,6,6,1,42,7,-1,-1,-1,-1,8,E01019603,0,1
2024031512654,2024,031512654,2,9,0,-1,19,6,2,-1,0,0,0,4,0,0,1,1,-1,6,3,-1,-1,-1,-1,-1,-1,-1,-1,0,-1
2024332401047,2024,332401047,1,-1,0,-1,19,2,6,-1,9,0,0,0,0,0,1,1,-1,9,1,10,2,-1,-1,-1,-1,5,E01025689,1,1
2024332400808,2024,332400808,2,9,0,-1,19,4,8,-1,0,0,1,0,2,4,1,1,-1,6,2,70,10,-1,-1,-1,-1,9,E01025817,0,1
2024010494027,2024,010494027,1,9,0,4,4,1,5,0,0,8,0,0,0,0,4,1,6,6,1,43,7,-1,-1,-1,-1,4,E01001148,0,2
2024201474646,2024,201474646,1,9,0,-1,19,5,1,-1,0,8,0,0,0,0,1,9,-1,6,3,-1,-1,-1,-1,-1,-1,-1,-1,0,-1
2024991440866,2024,991440866,2,9,0,-1,9,8,6,-1,0,1,0,0,0,0,2,1,-1,9,2,57,9,-1,-1,-1,-1,-1,-1,0,-1
2024141482657,2024,141482657,2,9,0,-1,19,-1,-1,-1,0,0,0,0,0,0,1,9,-1,6,3,-1,-1,-1,-1,-1,-1,-1,-1,0,-1
2024351410549,2024,351410549,2,9,-1,-1,-1,-1,-1,-1,-1,0,-1,-1,-1,0,-1,9,-1,6,3,-1,-1,-1,-1,-1,-1,-1,-1,0,-1
2024471463861,2024,471463861,2,1,0,-1,19,3,7,-1,0,2,0,0,0,0,4,1,-1,6,1,23,5,-1,-1,-1,-1,7,E01034829,0,1
2024031456893,2024,031456893,1,4,0,-1,19,2,7,-1,0,0,1,0,0,0,0,1,-1,2,1,38,7,-1,-1,-1,-1,5,E01019144,0,4
2024131430788,2024,131430788,1,9,0,-1,-1,-1,-1,-1,-1,0,-1,-1,-1,-1,-1,1,-1,6,3,-1,-1,-1,-1,-1,-1,-1,-1,0,-1
2024131415948,2024,131415948,1,97,0,-1,6,3,1,-1,9,1,5,0,1,10,3,1,-1,6,1,21,5,-1,-1,-1,-1,1,E01010802,0,1
2024141405918,2024,141405918,2,98,0,-1,4,5,1,-1,0,0,0,0,0,0,1,9,-1,6,3,-1,-1,-1,-1,-1,-1,-1,-1,0,-1
2024010540579,2024,010540579,2,1,0,18,19,2,6,0,0,0,5,0,0,0,1,1,6,6,1,17,4,-1,-1,-1,-1,8,E01002949,0,1
2024430082174,2024,430082174,1,9,0,5,5,2,6,0,0,1,0,0,0,0,4,1,6,6,1,27,6,-1,-1,-1,-1,5,E01027061,0,4
2024201513000,2024,201513000,2,22,0,-1,5,4,8,-1,0,0,0,0,0,0,1,1,-1,6,1,72,10,-1,-1,-1,-1,2,E01010090,0,1
2024010493058,2024,010493058,2,19,0,99,99,9,9,99,99,6,9,99,9,99,0,9,6,6,1,-1,-1,-1,-1,-1,-1,-1,-1,0,-1
2024131514930,2024,131514930,3,19,0,-1,-1,-1,-1,-1,-1,0,-1,-1,-1,0,-1,1,-1,6,3,-1,-1,-1,-1,-1,-1,-1,-1,0,-1
2024610013024,2024,610013024,1,19,0,3,3,8,4,0,0,4,0,0,0,0,1,1,6,6,1,55,8,-1,-1,-1,-1,1,W01001687,0,1
2024430003134,2024,430003134,1,9,0,9,9,8,6,0,0,5,0,0,0,0,4,1,6,6,2,72,10,-1,-1,-1,-1,7,E01016569,0,2
2024031424199,2024,031424199,1,9,0,-1,15,8,5,-1,0,0,0,0,7,11,1,1,-1,6,1,41,7,-1,-1,-1,-1,-1,-1,0,-1
2024320464047,2024,320464047,1,9,0,-1,-1,6,2,0,0,0,0,0,0,0,1,1,6,6,1,21,5,-1,-1,-1,-1,4,E01026343,0,1
2024430551053,2024,430551053,1,1,0,18,19,5,1,0,0,0,1,0,0,0,0,1,2,2,1,25,5,-1,-1,-1,-1,10,E01028674,0,4
2024111518091,2024,111518091,1,9,0,-1,-1,-1,-1,-1,-1,0,-1,-1,-1,0,1,9,-1,6,1,78,11,-1,-1,-1,-1,10,E01034496,0,1
2024061511407,2024,061511407,1,2,0,-1,19,7,3,-1,9,0,1,0,1,0,1,1,-1,6,3,16,4,-1,-1,-1,-1,-1,-1,0,-1
2024302401501,2024,302401501,2,9,0,2,2,0,0,0,0,1,0,0,0,0,0,1,6,6,3,-1,-1,-1,-1,-1,-1,-1,-1,0,-1
2024161526607,2024,161526607,2,1,0,-1,19,2,7,-1,0,8,0,0,0,0,2,1,-1,6,1,-1,-1,-1,-1,-1,-1,7,E01013224,0,2
2024131426649,2024,131426649,2,1,0,-1,19,3,7,-1,0,8,0,0,0,0,1,1,-1,6,1,32,6,-1,-1,-1,-1,2,E01011927,0,1
2024522401618,2024,522401618,1,1,0,18,19,8,4,0,0,8,0,0,0,0,4,1,6,6,2,23,5,-1,-1,-1,-1,9,E01014509,0,1
2024031442014,2024,031442014,2,1,0,-1,19,7,3,-1,2,0,2,0,3,0,4,1,-1,9,1,14,3,-1,-1,-1,-1,4,E01019217,0,1
2024430442782,2024,430442782,2,9,0,12,12,5,1,0,0,0,0,0,0,0,0,1,6,6,1,40,7,-1,-1,-1,-1,-1,-1,0,-1
2024231409337,2024,231409337,1,9,0,-1,11,6,2,-1,0,3,0,0,0,0,3,9,-1,6,3,45,7,-1,-1,-1,-1,-1,-1,0,-1
2024010505914,2024,010505914,1,1,0,5,5,3,7,0,0,8,0,0,0,0,1,1,6,6,1,15,3,-1,-1,-1,-1,5,E01000632,0,1
2024501463294,2024,501463294,1,9,0,-1,19,3,7,-1,0,1,0,0,7,11,1,1,-1,6,1,43,7,-1,-1,-1,-1,5,E01020177,0,1