collision_index,collision_year,collision_ref_no,vehicle_reference,vehicle_type,towing_and_articulation,vehicle_manoeuvre_historic,vehicle_manoeuvre,vehicle_direction_from,vehicle_direction_to,vehicle_location_restricted_lane_historic,vehicle_location_restricted_lane,junction_location,skidding_and_overturning,hit_object_in_carriageway,vehicle_leaving_carriageway,hit_object_off_carriageway,first_point_of_impact,vehicle_left_hand_drive,journey_purpose_of_driver_historic,journey_purpose_of_driver,sex_of_driver,age_of_driver,age_band_of_driver,engine_capacity_cc,propulsion_code,age_of_vehicle,generic_make_model,driver_imd_decile,lsoa_of_driver,escooter_flag,driver_distance_banding
2024501455842,2024,501455842,2,9,0,-1,7,5,7,-1,0,4,0,0,0,0,1,1,-1,9,1,69,10,-1,-1,-1,-1,5,E01020060,0,3
2024451483142,2024,451483142,2,1,0,-1,19,5,1,-1,0,1,0,0,0,0,1,1,-1,6,1,17,4,-1,-1,-1,-1,-1,-1,0,-1
2024991464596,2024,991464596,1,1,0,-1,9,1,5,-1,0,1,0,0,0,0,4,1,-1,6,-1,-1,-1,-1,-1,-1,-1,-1,-1,0,-1
2024201531892,2024,201531892,1,9,0,-1,15,1,7,-1,0,1,0,0,0,0,3,1,-1,2,1,19,4,-1,-1,-1,-1,1,E01010440,0,1
2024430131289,2024,430131289,2,21,0,12,12,8,4,0,0,0,0,0,0,0,3,1,6,6,3,-1,-1,-1,-1,-1,-1,-1,-1,0,-1
2024041459533,2024,041459533,2,9,0,-1,2,0,0,-1,0,0,0,0,7,0,1,1,-1,6,-1,-1,-1,-1,-1,-1,-1,-1,-1,0,-1
2024440016938,2024,440016938,2,1,0,18,19,4,8,0,0,1,0,0,0,0,3,1,6,6,1,40,7,-1,-1,-1,-1,5,E01017158,0,1
2024010524372,2024,010524372,1,1,0,18,19,3,7,0,0,0,0,0,0,0,1,1,6,6,1,36,7,-1,-1,-1,-1,4,E01001946,0,1
2024010491636,2024,010491636,1,9,0,13,13,5,1,0,0,8,0,0,0,0,3,1,6,6,2,44,7,-1,-1,-1,-1,3,E01004271,0,1
2024010487468,2024,010487468,3,9,0,2,2,0,0,0,0,8,0,0,0,0,0,1,6,6,3,-1,-1,-1,-1,-1,-1,-1,-1,0,-1
2024552401333,2024,552401333,2,9,0,18,19,4,8,0,0,8,0,0,0,0,1,1,6,6,3,-1,-1,-1,-1,-1,-1,-1,-1,0,-1
2024440172959,2024,440172959,2,1,0,9,9,5,3,0,0,8,0,0,0,0,3,1,1,1,2,35,6,-1,-1,-1,-1,3,E01017079,0,1
2024440522521,2024,440522521,2,9,0,18,19,3,7,0,0,0,0,0,0,0,1,1,6,6,1,42,7,-1,-1,-1,-1,4,E01017058,0,1
2024421460114,2024,421460114,1,2,0,-1,19,1,5,-1,0,0,0,0,1,0,1,1,-1,6,1,23,5,-1,-1,-1,-1,2,E01015824,0,1
2024545241924,2024,545241924,1,9,0,5,5,3,1,0,0,6,0,0,0,0,3,1,6,6,1,-1,-1,-1,-1,-1,-1,-1,-1,0,-1
2024201397275,2024,201397275,2,9,0,-1,19,1,5,-1,0,8,0,0,0,0,3,1,-1,1,1,56,9,-1,-1,-1,-1,1,E01009410,0,2
2024440410374,2024,440410374,2,1,0,18,19,8,4,0,0,8,0,0,0,0,4,1,6,6,2,53,8,-1,-1,-1,-1,5,E01023079,0,2
2024440126596,2024,440126596,1,1,0,18,19,6,2,0,0,8,0,0,0,0,3,1,6,6,1,44,7,-1,-1,-1,-1,10,E01022605,0,1
2024010498051,2024,010498051,2,90,0,18,19,1,5,0,0,1,0,0,0,0,1,1,6,6,2,52,8,-1,-1,-1,-1,5,E01002010,0,2
2024991457204,2024,991457204,2,1,0,-1,19,2,6,-1,0,8,2,0,0,0,3,1,-1,9,1,63,9,-1,-1,-1,-1,9,E01020666,0,5
2024101475454,2024,101475454,2,97,0,-1,19,5,1,-1,9,0,2,0,0,0,0,1,-1,6,1,-1,-1,-1,-1,-1,-1,-1,-1,0,-1
2024430344878,2024,430344878,1,9,0,18,19,8,4,0,0,0,1,10,2,1,4,1,6,6,3,-1,-1,-1,-1,-1,-1,-1,-1,0,-1
2024221397269,2024,221397269,1,9,0,-1,7,5,7,-1,0,6,0,0,0,0,1,1,-1,6,1,23,5,-1,-1,-1,-1,7,E01035056,0,1
2024361465501,2024,361465501,1,1,0,-1,19,6,1,-1,0,0,0,0,0,0,4,1,-1,6,1,14,3,-1,-1,-1,-1,1,E01026819,0,1
2024010488668,2024,010488668,1,9,0,18,19,3,7,0,0,0,0,0,0,0,3,1,6,6,2,24,5,-1,-1,-1,-1,3,E01002543,0,2
2024430384254,2024,430384254,1,9,0,5,5,1,7,0,0,6,0,0,0,0,3,1,6,6,2,29,6,-1,-1,-1,-1,5,E01002632,0,4
2024010519547,2024,010519547,2,1,9,99,99,9,9,99,99,9,9,99,9,99,9,1,2,2,2,26,6,-1,-1,-1,-1,6,E01003958,0,1
2024411508097,2024,411508097,1,9,0,-1,19,6,2,-1,0,0,0,0,0,0,1,9,-1,6,3,-1,-1,-1,-1,-1,-1,-1,-1,0,-1
2024061482963,2024,061482963,2,9,0,-1,13,-1,-1,-1,0,0,0,99,0,0,3,1,-1,6,3,-1,-1,-1,-1,-1,-1,-1,-1,0,-1
2024061522304,2024,061522304,1,1,0,-1,14,-1,-1,-1,0,0,0,8,1,4,1,1,-1,2,1,46,8,-1,-1,-1,-1,8,E01005443,0,1
2024201514109,2024,201514109,1,9,0,-1,2,0,0,-1,2,8,0,0,0,0,1,1,-1,9,2,20,4,-1,-1,-1,-1,8,E01008949,0,1
2024302401582,2024,302401582,1,11,0,18,19,3,7,9,9,1,0,0,1,0,4,1,6,6,3,-1,-1,-1,-1,-1,-1,5,E01019456,0,4
2024052402875,2024,052402875,2,1,0,18,19,4,8,0,0,8,0,0,0,0,2,1,6,6,1,14,3,-1,-1,-1,-1,1,E01007122,0,1
2024041474967,2024,041474967,1,9,0,-1,9,5,1,-1,0,5,0,0,0,0,-1,9,-1,6,3,-1,-1,-1,-1,-1,-1,-1,-1,0,-1
2024010490512,2024,010490512,1,9,0,16,19,5,6,0,0,8,0,0,0,0,1,1,2,2,2,43,7,-1,-1,-1,-1,2,E01003488,0,1
2024141448402,2024,141448402,2,1,0,-1,19,7,3,-1,0,0,2,0,0,0,1,1,-1,6,1,40,7,-1,-1,-1,-1,1,E01007736,0,1
2024141481933,2024,141481933,2,9,0,-1,10,8,6,-1,0,1,0,0,0,0,4,1,-1,9,1,43,7,-1,-1,-1,-1,7,W01000034,0,5
2024141507696,2024,141507696,2,22,0,-1,19,3,2,-1,0,2,0,10,0,0,3,1,-1,6,1,75,10,-1,-1,-1,-1,1,E01008059,0,1
2024010491597,2024,010491597,1,9,0,18,19,1,5,0,0,8,0,0,0,0,3,1,6,6,1,27,6,-1,-1,-1,-1,9,E01033022,0,4
2024430243203,2024,430243203,2,1,0,18,19,4,8,4,4,0,0,0,0,0,3,1,6,6,1,38,7,-1,-1,-1,-1,10,E01016526,0,3
2024010548525,2024,010548525,1,1,9,99,99,9,9,99,99,9,9,99,9,99,9,1,6,6,1,27,6,-1,-1,-1,-1,4,E01033871,0,1
2024010534120,2024,010534120,1,1,9,99,99,9,9,99,99,9,9,99,9,99,9,1,6,6,1,42,7,-1,-1,-1,-1,6,E01035716,0,1
2024052401017,2024,052401017,1,90,0,18,19,5,1,0,0,8,0,0,1,2,1,1,6,6,1,29,6,-1,-1,-1,-1,1,E01007010,0,1
2024010506395,2024,010506395,1,23,0,5,5,2,6,0,0,2,0,0,0,0,2,1,2,2,1,35,6,-1,-1,-1,-1,3,E01002756,0,1
2024010515141,2024,010515141,1,9,0,18,19,7,3,0,0,0,2,0,0,0,4,1,6,6,1,27,6,-1,-1,-1,-1,5,E01016013,0,1
2024010535498,2024,010535498,1,9,0,99,99,9,9,99,99,0,9,99,9,99,1,9,6,6,3,-1,-1,-1,-1,-1,-1,-1,-1,0,-1
2024041456475,2024,041456475,2,1,0,-1,19,1,5,-1,0,1,0,0,1,0,1,1,-1,9,1,49,8,-1,-1,-1,-1,3,E01024926,0,1
2024052400458,2024,052400458,1,1,0,18,19,5,1,0,0,8,0,0,0,0,1,1,6,6,1,15,3,-1,-1,-1,-1,5,E01007163,0,1
2024302400060,2024,302400060,1,11,0,9,9,6,4,0,0,8,0,0,0,0,1,1,1,1,1,57,9,-1,-1,-1,-1,1,E01019646,0,1
2024041431984,2024,041431984,2,1,0,-1,19,7,3,-1,0,0,0,0,0,0,-1,1,-1,6,1,26,6,-1,-1,-1,-1,2,E01025124,0,1
2024201416865,2024,201416865,1,9,0,-1,1,3,7,-1,0,0,0,10,0,0,2,9,-1,6,3,-1,-1,-1,-1,-1,-1,-1,-1,0,-1
2024010538472,2024,010538472,2,1,0,18,19,6,2,0,0,1,0,0,0,0,1,1,1,1,1,53,8,-1,-1,-1,-1,5,E01001164,0,1
2024052400703,2024,052400703,1,1,0,18,19,3,7,0,0,0,0,0,0,0,1,1,6,6,1,-1,-1,-1,-1,-1,-1,-1,-1,0,-1
2024061422624,2024,061422624,2,1,-1,-1,-1,-1,-1,-1,-1,0,-1,-1,-1,0,-1,1,-1,6,2,37,7,-1,-1,-1,-1,3,E01005179,0,1
2024461469574,2024,461469574,2,1,0,-1,19,-1,-1,-1,0,8,0,0,0,0,1,1,-1,6,1,64,9,-1,-1,-1,-1,7,E01024780,0,1
2024010514493,2024,010514493,1,-1,0,18,19,5,1,0,0,1,0,0,0,0,0,1,6,6,1,-1,-1,-1,-1,-1,-1,-1,-1,1,-1
2024010520527,2024,010520527,2,1,9,99,99,9,9,99,99,9,9,99,9,99,1,1,6,6,3,-1,-1,-1,-1,-1,-1,-1,-1,0,-1
2024010551200,2024,010551200,1,1,0,7,7,7,1,4,4,1,0,0,1,0,2,1,2,2,1,39,7,-1,-1,-1,-1,3,E01003582,0,1
2024451413687,2024,451413687,1,1,0,-1,19,5,1,-1,0,3,1,0,0,0,4,1,-1,2,1,39,7,-1,-1,-1,-1,9,E01035356,0,1
2024010550385,2024,010550385,1,9,0,8,8,1,3,5,5,6,0,0,0,0,1,1,6,6,3,-1,-1,-1,-1,-1,-1,-1,-1,0,-1
2024010540502,2024,010540502,1,9,0,99,99,9,9,99,99,9,9,99,9,99,2,9,1,1,2,52,8,-1,-1,-1,-1,3,E01003349,0,2
2024010554040,2024,010554040,2,23,9,99,99,9,9,99,99,0,9,99,9,99,9,1,6,6,1,-1,-1,-1,-1,-1,-1,-1,-1,0,-1
2024211466348,2024,211466348,2,11,0,-1,19,1,1,-1,0,2,0,0,0,0,2,2,-1,9,-1,20,4,-1,-1,-1,-1,-1,-1,0,-1
2024010493195,2024,010493195,1,9,0,99,99,9,9,99,99,3,9,0,9,0,3,9,6,6,1,-1,-1,-1,-1,-1,-1,-1,-1,0,-1
2024010521858,2024,010521858,1,90,0,14,14,1,5,0,0,8,2,0,0,0,1,1,6,6,1,23,5,-1,-1,-1,-1,-1,-1,0,-1
2024471515389,2024,471515389,1,17,0,-1,19,8,6,-1,0,1,0,0,0,0,0,1,-1,6,1,-1,-1,-1,-1,-1,-1,-1,-1,0,-1
2024010516957,2024,010516957,2,23,0,15,15,3,7,0,0,1,0,0,0,0,4,1,6,6,1,20,4,-1,-1,-1,-1,3,E01033862,0,2
2024010534505,2024,010534505,2,1,0,18,19,1,5,0,0,0,0,0,0,0,3,1,2,2,1,35,6,-1,-1,-1,-1,4,E01035485,0,1
2024451415160,2024,451415160,1,9,0,-1,19,1,5,-1,9,2,1,0,1,4,1,1,-1,2,1,50,8,-1,-1,-1,-1,6,E01035700,0,4
2024071054276,2024,071054276,1,9,0,-1,19,3,7,-1,0,8,0,0,0,0,1,1,-1,6,1,75,10,-1,-1,-1,-1,8,E01019746,0,1
2024031518377,2024,031518377,1,9,4,-1,5,8,4,-1,0,8,0,0,0,0,3,1,-1,6,1,62,9,-1,-1,-1,-1,-1,-1,0,-1
2024430000656,2024,430000656,1,9,0,9,9,1,7,0,0,8,0,10,0,0,4,1,6,6,2,56,9,-1,-1,-1,-1,6,E01017717,0,1
2024451461373,2024,451461373,3,9,0,-1,3,1,5,-1,0,8,0,0,0,0,2,9,-1,6,2,35,6,-1,-1,-1,-1,-1,-1,0,-1
2024520401384,2024,520401384,2,3,0,18,19,1,5,0,0,1,0,0,0,0,1,1,6,6,1,29,6,-1,-1,-1,-1,2,E01029237,0,1
2024010497246,2024,010497246,1,1,9,99,99,9,9,99,99,0,9,8,9,99,1,1,2,2,1,39,7,-1,-1,-1,-1,5,E01034231,0,2
2024052402351,2024,052402351,1,90,0,18,19,5,1,0,0,1,0,0,0,0,0,1,6,6,3,-1,-1,-1,-1,-1,-1,-1,-1,0,-1
2024122400595,2024,122400595,1,1,0,18,19,5,1,0,0,8,0,0,0,0,2,1,6,6,1,68,10,-1,-1,-1,-1,10,E01027732,0,1
2024010551363,2024,010551363,1,19,0,18,19,5,1,0,0,0,0,0,0,0,1,1,6,6,3,-1,-1,-1,-1,-1,-1,-1,-1,0,-1
2024461472469,2024,461472469,1,9,0,-1,4,1,3,-1,0,2,0,0,0,0,2,9,-1,6,2,60,9,-1,-1,-1,-1,-1,-1,0,-1
2024010514370,2024,010514370,3,1,0,18,19,5,1,0,0,1,0,0,0,0,1,1,2,2,2,32,6,-1,-1,-1,-1,3,E01035642,0,1
2024010497599,2024,010497599,2,10,0,99,99,9,9,99,99,9,9,99,9,99,2,9,6,6,1,55,8,-1,-1,-1,-1,1,E01002038,0,1
2024070273448,2024,070273448,1,9,0,18,19,7,3,0,0,3,0,0,0,0,1,1,6,6,2,-1,-1,-1,-1,-1,-1,-1,-1,0,-1
2024430205921,2024,430205921,2,1,0,2,2,0,0,0,0,0,0,8,0,0,3,1,6,6,1,52,8,-1,-1,-1,-1,10,E01017761,0,2
2024461538075,2024,461538075,1,2,0,-1,19,8,3,-1,0,0,0,11,0,0,1,1,-1,6,1,15,3,-1,-1,-1,-1,4,E01024373,0,3
2024311480084,2024,311480084,1,9,0,-1,19,7,3,-1,0,1,0,0,0,0,1,9,-1,6,1,-1,-1,-1,-1,-1,-1,1,E01028274,0,1
2024010490049,2024,010490049,2,9,0,99,99,9,9,99,99,9,9,99,9,99,1,9,6,6,3,-1,-1,-1,-1,-1,-1,-1,-1,0,-1
2024010494257,2024,010494257,2,9,0,99,99,9,9,99,99,9,9,99,9,99,9,9,6,6,3,-1,-1,-1,-1,-1,-1,-1,-1,0,-1
2024351420641,2024,351420641,1,9,0,-1,3,6,2,-1,0,1,0,0,0,0,2,9,-1,6,2,40,7,-1,-1,-1,-1,-1,-1,0,-1
2024361416977,2024,361416977,2,1,-1,-1,-1,-1,-1,-1,-1,0,-1,-1,-1,0,-1,1,-1,6,1,22,5,-1,-1,-1,-1,4,E01026794,0,1
2024311410084,2024,311410084,1,-1,0,-1,19,2,6,-1,0,1,0,0,0,0,1,1,-1,6,1,19,4,-1,-1,-1,-1,4,E01013941,1,1
2024440450885,2024,440450885,2,9,0,18,19,5,1,0,0,8,0,0,0,0,3,1,6,6,2,68,10,-1,-1,-1,-1,4,E01022804,0,1
2024061420076,2024,061420076,2,1,0,-1,19,3,7,-1,0,1,0,0,0,0,1,1,-1,6,1,25,5,-1,-1,-1,-1,2,E01034118,0,1
2024440081152,2024,440081152,1,1,0,16,19,5,1,0,0,0,0,0,0,0,3,1,6,6,1,62,9,-1,-1,-1,-1,3,E01023157,0,1
2024041432150,2024,041432150,1,9,0,-1,12,5,1,-1,0,0,0,0,0,0,0,9,-1,6,3,-1,-1,-1,-1,-1,-1,-1,-1,0,-1
2024440358055,2024,440358055,2,1,0,7,7,1,5,0,0,2,0,0,0,0,1,1,6,6,1,70,10,-1,-1,-1,-1,6,E01017300,0,1
2024010542802,2024,010542802,2,9,0,1,1,9,9,99,99,9,9,99,9,99,1,9,6,6,3,-1,-1,-1,-1,-1,-1,2,E01002831,0,1
2024231515087,2024,231515087,1,9,0,-1,4,8,5,-1,0,1,0,0,0,0,1,1,-1,6,1,28,6,-1,-1,-1,-1,5,E01010118,0,4
2024311431666,2024,311431666,1,1,0,-1,19,3,7,-1,0,0,0,0,0,0,1,1,-1,6,3,-1,-1,-1,-1,-1,-1,-1,-1,0,-1
2024421409646,2024,421409646,1,21,0,-1,11,7,3,-1,0,0,0,0,0,0,3,2,-1,1,1,29,6,-1,-1,-1,-1,-1,-1,0,-1
2024010528411,2024,010528411,1,9,0,15,15,1,5,0,0,6,0,8,0,0,1,1,6,6,3,-1,-1,-1,-1,-1,-1,-1,-1,0,-1
2024522401188,2024,522401188,2,1,0,18,19,5,1,0,0,8,0,0,0,0,1,1,6,6,1,40,7,-1,-1,-1,-1,7,E01014975,0,2
2024010548807,2024,010548807,1,1,9,99,99,9,9,99,99,9,9,99,9,99,9,1,6,6,1,27,6,-1,-1,-1,-1,2,E01003619,0,1
2024010494283,2024,010494283,2,9,0,99,99,9,9,99,99,9,9,99,9,99,1,9,6,6,1,-1,-1,-1,-1,-1,-1,8,E01000714,0,3
2024481503724,2024,481503724,2,1,0,-1,19,1,5,-1,5,8,0,0,0,0,1,1,-1,2,2,45,7,-1,-1,-1,-1,-1,-1,0,-1
2024471394715,2024,471394715,1,9,0,-1,19,3,7,-1,0,0,0,0,0,0,4,9,-1,6,3,-1,-1,-1,-1,-1,-1,-1,-1,0,-1
2024031393709,2024,031393709,1,1,0,-1,19,4,1,-1,0,0,0,0,0,0,1,1,-1,6,1,32,6,-1,-1,-1,-1,10,E01019251,0,1
2024061515654,2024,061515654,1,97,-1,-1,-1,-1,-1,-1,-1,0,-1,-1,-1,0,-1,1,-1,6,3,-1,-1,-1,-1,-1,-1,-1,-1,0,-1
2024010499002,2024,010499002,2,9,0,99,99,9,9,0,0,9,0,0,0,0,9,9,6,6,3,36,7,-1,-1,-1,-1,6,E01002123,0,1
2024552401331,2024,552401331,1,9,0,18,19,8,4,0,0,0,0,0,0,0,1,1,6,6,3,-1,-1,-1,-1,-1,-1,-1,-1,0,-1
2024201458283,2024,201458283,1,9,0,-1,19,5,1,-1,0,0,0,0,0,0,1,9,-1,9,1,28,6,-1,-1,-1,-1,1,E01009762,0,3
2024201514324,2024,201514324,2,9,0,-1,2,0,0,-1,9,0,0,4,0,0,2,1,-1,6,1,41,7,-1,-1,-1,-1,3,E01009255,0,1
2024332400190,2024,332400190,3,9,0,-1,2,0,0,-1,0,0,0,0,0,0,4,1,-1,6,3,-1,-1,-1,-1,-1,-1,-1,-1,0,-1
2024010492049,2024,010492049,1,9,0,5,5,5,1,0,0,1,0,0,0,0,1,1,2,2,1,58,9,-1,-1,-1,-1,4,E01001435,0,4
2024010550511,2024,010550511,2,9,0,4,4,7,3,0,0,1,0,0,0,0,3,1,6,6,1,50,8,-1,-1,-1,-1,2,E01004428,0,1
2024401396347,2024,401396347,1,9,0,-1,19,3,7,-1,0,0,0,0,0,0,1,9,-1,9,1,-1,-1,-1,-1,-1,-1,-1,-1,0,-1
2024231467844,2024,231467844,1,5,0,-1,13,1,5,-1,0,0,0,0,0,0,3,1,-1,9,1,77,11,-1,-1,-1,-1,6,E01010184,0,2
2024010498320,2024,010498320,2,1,0,14,14,1,5,0,0,0,1,0,7,0,0,1,1,1,1,43,7,-1,-1,-1,-1,6,E01001088,0,1
2024010511377,2024,010511377,3,9,0,99,99,9,9,0,0,0,9,99,9,99,9,9,6,6,3,-1,-1,-1,-1,-1,-1,-1,-1,0,-1
2024461528160,2024,461528160,1,9,0,-1,19,4,8,-1,0,8,0,0,0,0,4,9,-1,6,3,-1,-1,-1,-1,-1,-1,-1,-1,0,-1
2024401507595,2024,401507595,2,1,-1,-1,-1,-1,-1,-1,-1,0,-1,-1,-1,0,1,1,-1,6,1,17,4,-1,-1,-1,-1,8,E01015696,0,1
2024010507119,2024,010507119,1,1,9,99,99,9,9,99,99,9,9,99,9,99,1,1,6,6,3,-1,-1,-1,-1,-1,-1,-1,-1,0,-1
2024010494855,2024,010494855,1,1,9,99,99,9,9,99,99,9,9,99,9,99,9,1,2,2,1,30,6,-1,-1,-1,-1,6,E01002745,0,1
2024302400138,2024,302400138,2,-1,0,18,19,8,4,0,0,8,0,0,0,0,1,1,6,6,2,12,3,-1,-1,-1,-1,1,E01013583,1,1
2024461514812,2024,461514812,2,9,0,-1,19,4,8,-1,0,0,0,0,0,0,2,1,-1,9,1,27,6,-1,-1,-1,-1,9,E01016073,0,2
2024010489723,2024,010489723,2,9,0,99,99,9,9,99,99,9,9,99,9,99,1,9,6,6,1,46,8,-1,-1,-1,-1,2,E01002720,0,2
2024991529488,2024,991529488,1,9,0,-1,9,4,3,-1,0,8,0,0,0,0,1,1,-1,9,1,17,4,-1,-1,-1,-1,9,-1,0,2
2024010527981,2024,010527981,1,1,9,99,99,9,9,99,99,0,9,99,9,99,9,1,2,2,2,31,6,-1,-1,-1,-1,9,E01004054,0,1
202417M200124,2024,17M200124,1,9,0,18,19,3,7,0,0,1,0,0,3,11,1,1,1,1,1,38,7,-1,-1,-1,-1,8,E01033480,0,3
2024010513868,2024,010513868,1,90,0,9,9,1,7,0,0,1,0,0,0,0,0,1,6,6,1,40,7,-1,-1,-1,-1,2,E01003592,0,3
2024451524130,2024,451524130,2,1,0,-1,11,3,7,-1,0,0,2,0,0,0,3,1,-1,9,1,51,8,-1,-1,-1,-1,9,E01002997,0,1
2024131461054,2024,131461054,1,-1,0,-1,5,5,1,-1,0,0,1,0,0,0,1,1,-1,9,1,24,5,-1,-1,-1,-1,2,E01011925,1,1
2024522403148,2024,522403148,4,23,0,13,13,7,2,0,0,8,0,0,0,0,1,1,6,6,2,23,5,-1,-1,-1,-1,1,E01032515,0,1
2024201471463,2024,201471463,1,9,0,-1,4,5,1,-1,0,0,0,0,0,0,1,9,-1,6,2,20,4,-1,-1,-1,-1,-1,-1,0,-1
2024010503233,2024,010503233,1,9,0,99,99,9,9,99,99,9,9,99,9,99,2,9,6,6,2,45,7,-1,-1,-1,-1,5,E01023533,0,3
2024010503009,2024,010503009,1,9,0,18,19,1,5,0,0,1,0,0,0,0,1,1,6,6,3,-1,-1,-1,-1,-1,-1,-1,-1,0,-1
2024440012972,2024,440012972,1,9,0,18,19,7,3,0,0,0,0,0,1,10,1,1,6,6,1,54,8,-1,-1,-1,-1,5,E01017014,0,2
2024010548892,2024,010548892,2,1,0,18,19,4,8,0,0,1,0,0,0,0,1,1,2,2,2,35,6,-1,-1,-1,-1,4,E01000866,0,1
2024010501886,2024,010501886,1,9,0,18,19,7,3,0,0,0,0,0,7,1,3,1,6,6,2,31,6,-1,-1,-1,-1,6,E01002200,0,1
2024302400512,2024,302400512,1,9,0,18,19,2,6,0,0,0,0,0,0,0,4,1,6,6,2,70,10,-1,-1,-1,-1,4,E01006026,0,2
2024201502833,2024,201502833,1,9,0,-1,9,1,7,-1,0,6,0,0,0,0,4,1,-1,1,1,31,6,-1,-1,-1,-1,2,E01008939,0,1
2024351510253,2024,351510253,3,9,0,-1,4,3,7,-1,0,0,0,0,0,0,2,1,-1,6,2,45,7,-1,-1,-1,-1,7,E01022097,0,4
2024991409142,2024,991409142,2,97,0,-1,19,2,7,-1,0,8,5,0,0,0,1,1,-1,6,1,20,4,-1,-1,-1,-1,-1,-1,0,-1
2024010533241,2024,010533241,2,1,0,18,19,1,5,4,4,1,0,0,0,0,4,1,6,6,2,13,3,-1,-1,-1,-1,2,E01001482,0,1
2024302400036,2024,302400036,1,9,0,9,9,5,2,0,0,8,0,0,0,0,1,1,6,6,2,47,8,-1,-1,-1,-1,1,E01013480,0,1
2024440025912,2024,440025912,1,-1,0,18,19,4,8,9,9,0,0,0,0,0,1,1,6,6,1,14,3,-1,-1,-1,-1,2,E01022949,1,1
2024201480839,2024,201480839,1,9,0,-1,19,2,6,-1,0,0,0,0,0,0,1,9,-1,6,1,-1,-1,-1,-1,-1,-1,-1,-1,0,-1
2024201492028,2024,201492028,1,9,0,-1,19,5,1,-1,0,8,0,0,0,0,1,9,-1,6,3,-1,-1,-1,-1,-1,-1,-1,-1,0,-1
2024302400868,2024,302400868,1,9,0,18,19,5,1,0,0,8,0,0,0,0,1,1,6,6,1,22,5,-1,-1,-1,-1,8,E01019414,0,3
2024010547719,2024,010547719,2,1,9,99,99,9,9,99,99,9,9,99,9,99,2,1,6,6,3,-1,-1,-1,-1,-1,-1,-1,-1,0,-1
2024231474761,2024,231474761,2,1,0,-1,19,7,3,-1,9,8,0,0,0,0,4,1,-1,6,1,11,3,-1,-1,-1,-1,10,E01032895,0,1
2024430517912,2024,430517912,2,-1,0,18,19,4,8,4,4,8,0,0,0,0,3,1,6,6,2,21,5,-1,-1,-1,-1,7,E01028588,1,1
2024141518168,2024,141518168,2,1,0,-1,19,7,3,-1,0,8,0,0,0,0,1,1,-1,6,1,44,7,-1,-1,-1,-1,6,E01007981,0,1
2024421395393,2024,421395393,2,1,0,-1,19,7,3,-1,0,8,0,0,0,0,1,1,-1,1,1,39,7,-1,-1,-1,-1,10,E01021250,0,1
2024501480096,2024,501480096,2,1,0,-1,19,6,2,-1,9,0,5,0,0,0,1,1,-1,9,1,18,4,-1,-1,-1,-1,7,E01019977,0,1
2024070878307,2024,070878307,1,9,0,-1,19,6,2,-1,0,0,-1,-1,-1,-1,-1,-1,-1,-1,3,-1,-1,-1,-1,-1,-1,-1,-1,0,-1
2024991456896,2024,991456896,1,1,0,-1,19,6,2,-1,0,0,1,0,0,0,1,1,-1,2,1,58,9,-1,-1,-1,-1,1,-1,0,1
2024201499884,2024,201499884,1,9,0,-1,1,7,3,-1,9,0,0,0,0,0,0,1,-1,6,2,-1,-1,-1,-1,-1,-1,2,E01010409,0,1
2024311409723,2024,311409723,2,1,0,-1,19,8,4,-1,0,0,0,0,0,0,1,1,-1,6,1,55,8,-1,-1,-1,-1,1,E01033411,0,1
2024111498064,2024,111498064,2,97,0,-1,19,1,5,-1,0,0,0,0,0,0,1,1,-1,6,3,30,6,-1,-1,-1,-1,-1,-1,0,-1
2024041425246,2024,041425246,1,9,0,-1,19,8,4,-1,0,0,0,0,0,0,0,1,-1,6,3,-1,-1,-1,-1,-1,-1,-1,-1,0,-1
2024451504612,2024,451504612,2,97,0,-1,13,-1,-1,-1,0,0,0,0,0,0,4,1,-1,6,3,41,7,-1,-1,-1,-1,-1,-1,0,-1
2024061471706,2024,061471706,1,9,0,-1,9,4,2,-1,0,1,0,0,0,0,3,1,-1,6,1,34,6,-1,-1,-1,-1,7,E01004896,0,1
2024010541563,2024,010541563,1,1,9,99,99,9,9,99,99,9,9,99,9,99,1,1,6,6,1,-1,-1,-1,-1,-1,-1,-1,-1,0,-1
2024522403114,2024,522403114,2,8,0,6,6,4,4,0,0,8,0,0,0,0,3,1,1,1,1,-1,-1,-1,-1,-1,-1,-1,-1,0,-1
2024131410439,2024,131410439,2,9,0,-1,19,1,4,-1,0,8,0,0,0,0,1,1,-1,6,2,54,8,-1,-1,-1,-1,1,E01011362,0,2
2024070258279,2024,070258279,2,8,0,2,2,0,0,0,0,0,0,0,0,0,0,1,6,6,3,-1,-1,-1,-1,-1,-1,-1,-1,0,-1
2024010489925,2024,010489925,1,9,0,18,19,5,1,0,0,2,0,0,0,0,1,1,6,6,1,37,7,-1,-1,-1,-1,9,E01035573,0,3
2024520400236,2024,520400236,1,9,0,18,19,8,4,0,0,0,0,0,0,0,1,1,6,6,1,17,4,-1,-1,-1,-1,4,E01029174,0,1
2024522401545,2024,522401545,2,9,0,7,7,7,1,0,0,6,0,0,0,0,3,1,6,6,3,-1,-1,-1,-1,-1,-1,-1,-1,0,-1
2024010523313,2024,010523313,1,1,9,99,99,9,9,99,99,9,9,99,9,99,9,1,6,6,1,26,6,-1,-1,-1,-1,8,E01003078,0,3
2024010514847,2024,010514847,1,1,9,99,99,9,9,99,99,9,9,99,9,99,1,1,2,2,1,49,8,-1,-1,-1,-1,1,E01002093,0,2
2024141423476,2024,141423476,2,-1,0,-1,19,3,7,-1,9,0,0,0,0,0,1,1,-1,7,2,14,3,-1,-1,-1,-1,1,E01008123,1,1
2024131487735,2024,131487735,1,9,0,-1,19,5,5,-1,0,0,0,0,0,0,3,1,-1,7,1,49,8,-1,-1,-1,-1,1,E01011360,0,1
2024311543672,2024,311543672,3,9,0,-1,2,0,0,-1,0,0,0,0,1,0,2,1,-1,6,-1,-1,-1,-1,-1,-1,-1,-1,-1,0,-1