collision_index,collision_year,collision_ref_no,vehicle_reference,vehicle_type,towing_and_articulation,vehicle_manoeuvre_historic,vehicle_manoeuvre,vehicle_direction_from,vehicle_direction_to,vehicle_location_restricted_lane_historic,vehicle_location_restricted_lane,junction_location,skidding_and_overturning,hit_object_in_carriageway,vehicle_leaving_carriageway,hit_object_off_carriageway,first_point_of_impact,vehicle_left_hand_drive,journey_purpose_of_driver_historic,journey_purpose_of_driver,sex_of_driver,age_of_driver,age_band_of_driver,engine_capacity_cc,propulsion_code,age_of_vehicle,generic_make_model,driver_imd_decile,lsoa_of_driver,escooter_flag,driver_distance_banding
2024010495996,2024,010495996,2,9,0,99,99,9,9,99,99,9,9,99,9,99,2,9,6,6,3,-1,-1,-1,-1,-1,-1,4,E01003146,0,2
2024010544930,2024,010544930,2,1,0,18,19,5,1,0,0,8,0,0,6,0,3,1,2,2,1,32,6,-1,-1,-1,-1,7,E01003393,0,1
2024501494961,2024,501494961,1,9,0,-1,3,1,3,-1,0,6,0,0,0,0,2,1,-1,6,1,25,5,-1,-1,-1,-1,5,E01018845,0,2
2024010530572,2024,010530572,1,9,0,18,19,5,1,0,0,0,0,0,0,0,1,1,6,6,3,-1,-1,-1,-1,-1,-1,-1,-1,0,-1
2024531447700,2024,531447700,1,9,0,-1,5,3,7,-1,0,6,0,0,0,0,3,9,-1,6,3,-1,-1,-1,-1,-1,-1,-1,-1,0,-1
2024221453737,2024,221453737,1,9,0,-1,9,1,7,-1,0,0,0,0,0,0,1,9,-1,6,1,83,11,-1,-1,-1,-1,9,E01032316,0,1
2024061439086,2024,061439086,1,1,0,-1,19,-1,-1,-1,0,1,0,0,0,0,3,1,-1,9,2,14,3,-1,-1,-1,-1,1,E01005183,0,1
2024331432997,2024,331432997,3,9,0,-1,-1,2,6,-1,-1,0,0,0,0,0,2,9,-1,-1,3,40,7,-1,-1,-1,-1,-1,-1,0,-1
2024010488072,2024,010488072,3,19,0,18,19,1,5,0,0,0,0,0,0,0,1,1,1,1,1,47,8,-1,-1,-1,-1,3,E01001366,0,1
2024010519430,2024,010519430,2,19,0,99,99,9,9,99,99,9,9,99,9,99,2,9,6,6,3,-1,-1,-1,-1,-1,-1,-1,-1,0,-1
2024010497068,2024,010497068,1,5,0,18,19,7,3,0,0,0,0,0,0,0,1,1,6,6,1,36,7,-1,-1,-1,-1,5,E01016015,0,4
2024320667675,2024,320667675,2,9,0,-1,-1,8,4,0,0,8,0,0,0,0,3,1,6,6,1,65,9,-1,-1,-1,-1,9,E01026119,0,4
2024041495701,2024,041495701,2,1,0,-1,19,1,5,-1,0,0,0,0,0,0,2,1,-1,6,1,74,10,-1,-1,-1,-1,4,E01033281,0,1
2024101492392,2024,101492392,2,1,0,-1,19,7,6,-1,0,8,0,0,0,0,3,1,-1,9,1,56,9,-1,-1,-1,-1,2,E01008252,0,3
2024010530270,2024,010530270,2,1,0,4,4,5,1,0,0,5,0,0,0,0,1,1,6,6,2,30,6,-1,-1,-1,-1,3,E01004033,0,1
2024010548808,2024,010548808,1,1,0,5,5,3,7,0,0,8,0,0,0,0,2,1,6,6,2,76,11,-1,-1,-1,-1,5,E01035689,0,1
2024622400251,2024,622400251,2,9,0,4,4,8,6,0,0,0,0,0,0,0,1,1,6,6,2,36,7,-1,-1,-1,-1,10,W01000837,0,1
2024481442514,2024,481442514,1,11,0,-1,2,1,5,-1,0,0,0,0,0,0,0,1,-1,1,1,40,7,-1,-1,-1,-1,-1,-1,0,-1
2024010530164,2024,010530164,2,11,0,99,99,9,9,99,99,9,9,99,9,99,2,9,6,6,2,50,8,-1,-1,-1,-1,9,E01003872,0,2
2024522500432,2024,522500432,2,9,0,18,19,2,6,0,0,0,0,0,0,0,1,1,6,6,3,-1,-1,-1,-1,-1,-1,-1,-1,0,-1
2024201441365,2024,201441365,2,1,0,-1,19,2,6,-1,0,0,0,0,0,0,4,1,-1,2,1,29,6,-1,-1,-1,-1,2,E01009054,0,1
2024141554235,2024,141554235,2,9,0,-1,19,6,1,-1,0,0,0,0,0,0,1,9,-1,6,3,-1,-1,-1,-1,-1,-1,-1,-1,0,-1
2024622400738,2024,622400738,1,1,0,18,19,7,3,0,0,1,0,0,0,0,1,1,1,1,1,21,5,-1,-1,-1,-1,4,W01001713,0,1
2024552400690,2024,552400690,1,1,0,18,19,4,8,9,9,0,0,0,0,0,0,1,6,6,1,52,8,-1,-1,-1,-1,10,E01030350,0,5
2024010503035,2024,010503035,1,1,0,18,19,7,3,4,4,0,0,0,0,0,1,1,2,2,2,26,6,-1,-1,-1,-1,9,E01003478,0,2
2024010548799,2024,010548799,1,9,0,8,8,5,8,0,0,1,0,0,0,0,2,1,6,6,2,60,9,-1,-1,-1,-1,8,E01001027,0,1
2024010538705,2024,010538705,2,1,9,99,99,9,9,99,99,9,9,99,9,99,9,1,6,6,3,-1,-1,-1,-1,-1,-1,-1,-1,0,-1
2024501441137,2024,501441137,1,19,0,-1,19,8,2,-1,0,3,0,0,0,0,4,9,-1,6,2,-1,-1,-1,-1,-1,-1,-1,-1,0,-1
2024010546806,2024,010546806,2,9,0,-1,-1,3,7,0,0,0,0,0,0,0,1,1,6,6,1,40,7,-1,-1,-1,-1,9,E01023134,0,4
2024451478015,2024,451478015,1,98,0,-1,19,1,5,-1,0,0,0,0,0,0,1,1,-1,1,1,64,9,-1,-1,-1,-1,7,E01004143,0,4
2024041510534,2024,041510534,2,1,0,-1,19,7,3,-1,0,8,0,0,0,0,1,1,-1,9,1,42,7,-1,-1,-1,-1,9,E01025595,0,1
2024471411752,2024,471411752,1,9,0,-1,19,5,1,-1,0,0,0,0,0,0,0,9,-1,6,3,-1,-1,-1,-1,-1,-1,-1,-1,0,-1
2024451412190,2024,451412190,1,1,0,-1,19,5,1,-1,4,1,0,0,0,0,1,1,-1,6,1,56,9,-1,-1,-1,-1,6,E01030665,0,1
2024010502989,2024,010502989,2,3,0,18,19,1,5,0,0,8,0,0,0,0,1,1,6,6,3,-1,-1,-1,-1,-1,-1,-1,-1,0,-1
2024231405596,2024,231405596,2,9,0,-1,15,8,4,-1,0,0,0,0,0,0,0,9,-1,6,3,30,6,-1,-1,-1,-1,-1,-1,0,-1
2024010517675,2024,010517675,1,1,9,99,99,9,9,99,99,9,9,99,9,99,9,1,2,2,1,48,8,-1,-1,-1,-1,8,E01001987,0,1
2024041445765,2024,041445765,1,97,0,-1,13,3,7,-1,0,0,1,0,0,0,1,1,-1,9,1,16,4,-1,-1,-1,-1,1,E01012655,0,1
2024052401352,2024,052401352,1,1,0,18,19,4,8,0,0,2,0,0,0,0,1,1,6,6,1,47,8,-1,-1,-1,-1,1,E01006699,0,1
2024010503155,2024,010503155,1,1,9,99,99,9,9,99,99,1,9,99,9,99,9,1,6,6,1,31,6,-1,-1,-1,-1,6,E01001573,0,1
2024522402941,2024,522402941,2,9,0,15,15,3,7,0,0,0,0,0,0,0,1,1,6,6,3,-1,-1,-1,-1,-1,-1,-1,-1,0,-1
2024161526433,2024,161526433,1,-1,0,-1,19,3,7,-1,9,1,0,0,0,0,1,9,-1,6,3,-1,-1,-1,-1,-1,-1,-1,-1,1,-1
2024440367135,2024,440367135,1,9,4,5,5,3,7,0,0,0,0,0,0,0,0,1,2,2,2,39,7,-1,-1,-1,-1,7,E01023074,0,1
2024010522177,2024,010522177,1,1,9,99,99,9,9,99,99,9,9,99,9,99,9,1,6,6,1,57,9,-1,-1,-1,-1,7,E01004619,0,2
2024010493048,2024,010493048,1,3,0,99,99,9,9,99,99,9,9,99,9,99,9,1,1,1,3,20,4,-1,-1,-1,-1,3,E01001969,0,1
2024440526058,2024,440526058,1,1,0,18,19,2,6,0,0,8,0,0,0,0,4,1,1,1,2,21,5,-1,-1,-1,-1,8,E01017150,0,1
2024201517115,2024,201517115,1,9,0,-1,3,8,5,-1,0,0,0,0,0,0,1,9,-1,6,2,-1,-1,-1,-1,-1,-1,-1,-1,0,-1
2024010499833,2024,010499833,1,97,0,18,19,8,4,0,0,8,0,0,0,0,1,1,6,6,3,-1,-1,-1,-1,-1,-1,-1,-1,0,-1
2024071015914,2024,071015914,1,9,9,-1,9,7,3,-1,0,5,0,0,0,0,0,9,-1,6,2,-1,-1,-1,-1,-1,-1,-1,-1,0,-1
2024351460938,2024,351460938,2,1,0,-1,19,3,7,-1,0,8,5,0,0,0,4,1,-1,2,2,53,8,-1,-1,-1,-1,4,E01015623,0,1
2024610019424,2024,610019424,1,9,0,18,19,8,4,0,0,0,2,0,0,0,1,1,6,6,1,49,8,-1,-1,-1,-1,8,W01001581,0,3
2024421482486,2024,421482486,1,22,0,-1,19,5,1,-1,9,2,0,0,0,0,1,1,-1,9,1,80,11,-1,-1,-1,-1,4,E01021996,0,1
2024052402611,2024,052402611,2,1,0,18,19,6,2,0,0,0,0,0,0,0,1,1,2,2,2,42,7,-1,-1,-1,-1,2,E01006772,0,1
2024421477596,2024,421477596,2,1,0,-1,19,2,6,-1,0,1,0,0,0,0,0,1,-1,9,1,61,9,-1,-1,-1,-1,10,E01021586,0,1
2024101441815,2024,101441815,1,9,0,-1,1,1,1,-1,0,0,0,0,0,0,3,1,-1,1,1,57,9,-1,-1,-1,-1,9,E01008367,0,1
2024991522872,2024,991522872,2,1,0,-1,19,7,3,-1,0,0,0,0,0,0,2,1,-1,6,2,53,8,-1,-1,-1,-1,7,-1,0,1
2024471522034,2024,471522034,2,1,0,-1,15,4,6,-1,0,4,0,99,0,0,3,1,-1,6,1,82,11,-1,-1,-1,-1,-1,-1,0,-1
2024501447672,2024,501447672,1,9,0,-1,19,4,8,-1,0,8,0,0,0,0,1,1,-1,6,2,51,8,-1,-1,-1,-1,10,E01015131,0,2
2024440536916,2024,440536916,2,9,0,18,19,7,3,0,0,1,0,0,0,0,1,1,1,1,1,43,7,-1,-1,-1,-1,10,E01032854,0,4
2024471525858,2024,471525858,1,9,0,-1,19,6,2,-1,0,0,0,0,0,0,1,1,-1,2,1,22,5,-1,-1,-1,-1,5,E01021089,0,2
2024421442310,2024,421442310,1,19,0,-1,19,2,6,-1,0,0,0,0,0,0,1,1,-1,1,1,-1,-1,-1,-1,-1,-1,-1,-1,0,-1
2024421529562,2024,421529562,2,1,0,-1,19,3,7,-1,0,1,0,0,0,0,4,1,-1,2,1,16,4,-1,-1,-1,-1,2,E01015840,0,1
2024401415737,2024,401415737,1,98,0,-1,19,6,2,-1,0,8,0,0,0,0,0,1,-1,1,1,31,6,-1,-1,-1,-1,6,E01015766,0,1
2024041470322,2024,041470322,1,9,0,-1,19,3,7,-1,0,0,0,0,0,0,1,1,-1,6,1,28,6,-1,-1,-1,-1,2,E01025072,0,3
2024010520784,2024,010520784,2,19,9,99,99,9,9,99,99,9,9,99,9,99,1,1,6,6,3,-1,-1,-1,-1,-1,-1,3,E01024352,0,4
2024340WN2512,2024,340WN2512,2,1,0,-1,19,1,5,-1,0,1,0,0,0,0,3,1,-1,6,2,75,10,-1,-1,-1,-1,8,E01027193,0,1
202460Q095415,2024,60Q095415,1,19,0,16,19,7,3,0,0,0,0,0,0,0,1,1,1,1,1,53,8,-1,-1,-1,-1,-1,-1,0,-1
2024991534390,2024,991534390,2,23,0,-1,19,3,7,-1,0,1,0,0,0,0,1,1,-1,1,1,18,4,-1,-1,-1,-1,1,-1,0,1
2024010548384,2024,010548384,2,1,0,-1,-1,1,5,0,0,1,0,0,0,0,1,1,6,6,1,40,7,-1,-1,-1,-1,4,E01001156,0,1
2024320009809,2024,320009809,2,1,0,18,19,4,8,0,0,8,0,0,0,0,3,1,6,6,1,20,4,-1,-1,-1,-1,4,E01026032,0,1
2024031478047,2024,031478047,1,9,0,-1,5,5,2,-1,0,8,0,0,0,0,4,1,-1,9,1,66,10,-1,-1,-1,-1,5,E01019123,0,3
2024545248624,2024,545248624,1,9,0,5,5,1,5,0,0,1,0,0,0,0,4,1,6,6,2,21,5,-1,-1,-1,-1,1,E01015575,0,1
2024061520743,2024,061520743,2,1,0,-1,19,6,2,-1,0,0,0,0,0,0,3,1,-1,2,1,24,5,-1,-1,-1,-1,-1,-1,0,-1
2024010508698,2024,010508698,2,8,0,99,99,9,9,99,99,9,9,99,9,99,9,9,6,6,3,-1,-1,-1,-1,-1,-1,-1,-1,0,-1
2024010506043,2024,010506043,1,90,0,18,19,1,5,0,0,0,0,0,0,0,0,1,6,6,3,-1,-1,-1,-1,-1,-1,-1,-1,0,-1
2024010543157,2024,010543157,1,1,9,99,99,9,9,99,99,9,9,99,9,99,9,1,6,6,2,44,7,-1,-1,-1,-1,7,E01002747,0,1
2024520401303,2024,520401303,1,9,0,18,19,1,5,0,0,0,0,10,0,0,1,1,6,6,1,21,5,-1,-1,-1,-1,5,E01029289,0,1
2024501504406,2024,501504406,2,9,0,-1,2,0,0,-1,1,0,0,0,0,0,1,1,-1,6,-1,-1,-1,-1,-1,-1,-1,-1,-1,0,-1
2024010521446,2024,010521446,1,1,9,4,4,2,6,0,0,1,9,0,9,99,9,1,1,1,1,62,9,-1,-1,-1,-1,6,E01030737,0,4
2024471526767,2024,471526767,2,1,0,-1,9,6,3,-1,0,0,0,0,0,0,3,1,-1,6,3,-1,-1,-1,-1,-1,-1,-1,-1,0,-1
2024122401132,2024,122401132,1,9,0,9,9,6,4,0,0,8,0,0,0,0,3,2,6,6,1,79,11,-1,-1,-1,-1,-1,-1,0,-1
2024010527130,2024,010527130,1,1,9,99,99,9,9,99,99,9,9,99,9,99,1,1,2,2,1,25,5,-1,-1,-1,-1,8,E01000314,0,3
2024010491612,2024,010491612,2,9,0,99,99,9,9,99,99,9,9,99,9,99,1,9,6,6,3,-1,-1,-1,-1,-1,-1,-1,-1,0,-1
2024520401336,2024,520401336,2,9,0,18,19,7,3,0,0,0,0,0,0,0,1,1,6,6,1,33,6,-1,-1,-1,-1,2,E01029095,0,1
2024061459147,2024,061459147,2,9,0,-1,19,-1,-1,-1,0,1,0,0,0,0,1,1,-1,6,3,-1,-1,-1,-1,-1,-1,-1,-1,0,-1
2024161459241,2024,161459241,1,1,0,-1,19,7,3,-1,0,0,0,11,0,0,1,1,-1,6,1,56,9,-1,-1,-1,-1,1,E01012798,0,1
2024010525857,2024,010525857,1,1,0,18,19,5,1,0,0,1,0,0,0,0,1,1,2,2,1,38,7,-1,-1,-1,-1,5,E01002779,0,1
2024440224610,2024,440224610,2,1,0,18,19,2,6,0,0,8,0,0,0,0,4,1,2,2,2,30,6,-1,-1,-1,-1,9,E01023136,0,1
2024201472732,2024,201472732,1,19,0,-1,9,5,3,-1,0,6,0,0,0,0,1,9,-1,6,1,20,4,-1,-1,-1,-1,6,E01014207,0,4
2024461467112,2024,461467112,2,9,0,-1,19,5,1,-1,0,0,0,0,0,0,3,2,-1,2,1,33,6,-1,-1,-1,-1,9,E01024802,0,2
2024161530430,2024,161530430,2,9,0,-1,19,8,4,-1,0,8,0,0,0,0,1,1,-1,6,2,-1,-1,-1,-1,-1,-1,-1,-1,0,-1
2024131399710,2024,131399710,1,9,0,-1,4,1,1,-1,0,4,0,0,0,0,2,1,-1,6,1,40,7,-1,-1,-1,-1,2,E01011558,0,1
2024010495809,2024,010495809,2,19,0,99,99,9,9,99,99,9,9,99,9,99,2,9,6,6,3,-1,-1,-1,-1,-1,-1,-1,-1,0,-1
2024122400299,2024,122400299,1,9,0,18,19,3,7,0,0,0,0,0,0,0,1,1,6,6,1,23,5,-1,-1,-1,-1,10,E01027721,0,1
2024201444603,2024,201444603,2,1,0,-1,19,6,2,-1,0,0,0,0,0,0,2,1,-1,9,1,38,7,-1,-1,-1,-1,2,E01009266,0,1
2024991523031,2024,991523031,2,9,0,-1,19,5,1,-1,0,0,0,0,0,0,3,1,-1,2,2,24,5,-1,-1,-1,-1,1,-1,0,3
2024061453382,2024,061453382,2,1,0,-1,19,1,5,-1,4,8,0,0,1,10,1,1,-1,1,1,44,7,-1,-1,-1,-1,5,E01005962,0,2
2024531436129,2024,531436129,3,9,0,-1,4,2,6,-1,0,2,0,0,0,0,1,1,-1,6,2,30,6,-1,-1,-1,-1,9,E01022306,0,2
2024010491801,2024,010491801,2,1,0,18,19,1,5,0,0,8,0,0,0,0,1,1,2,2,1,25,5,-1,-1,-1,-1,1,E01001220,0,2
2024010490409,2024,010490409,1,9,0,18,19,5,1,0,0,3,0,0,0,0,1,1,6,6,1,-1,-1,-1,-1,-1,-1,-1,-1,0,-1
2024052400348,2024,052400348,2,1,0,18,19,7,3,0,0,1,0,0,0,0,1,1,6,6,1,61,9,-1,-1,-1,-1,1,E01006642,0,1
2024371393646,2024,371393646,1,9,0,-1,19,6,2,-1,0,0,0,0,1,0,0,1,-1,2,1,18,4,-1,-1,-1,-1,9,E01033445,0,2
2024061408171,2024,061408171,2,1,0,-1,19,7,5,-1,0,2,0,0,0,0,0,1,-1,6,1,37,7,-1,-1,-1,-1,-1,-1,0,-1
2024131395444,2024,131395444,2,1,0,-1,19,3,7,-1,5,1,5,0,0,0,1,1,-1,2,1,40,7,-1,-1,-1,-1,3,E01011064,0,3
2024421401191,2024,421401191,1,9,0,-1,19,7,3,-1,0,0,2,0,0,0,1,1,-1,1,1,39,7,-1,-1,-1,-1,6,E01026239,0,4
2024401467978,2024,401467978,1,9,0,-1,19,5,1,-1,0,0,0,1,0,0,0,1,-1,6,1,17,4,-1,-1,-1,-1,10,E01027037,0,2
2024161497918,2024,161497918,2,1,0,-1,19,6,2,-1,0,0,0,0,0,0,1,1,-1,6,2,65,9,-1,-1,-1,-1,1,E01012790,0,3
2024302400354,2024,302400354,2,9,0,18,19,4,8,0,0,8,0,0,0,0,3,1,6,6,1,53,8,-1,-1,-1,-1,10,E01032614,0,2
2024520401442,2024,520401442,2,19,0,18,19,6,2,0,0,1,0,0,0,0,1,1,6,6,1,38,7,-1,-1,-1,-1,3,E01016952,0,5
2024052401284,2024,052401284,1,9,0,18,19,7,3,0,0,0,0,0,0,0,1,1,6,6,2,67,10,-1,-1,-1,-1,9,E01012494,0,1
2024041500406,2024,041500406,1,9,0,-1,19,7,3,-1,0,0,0,0,0,0,1,1,-1,1,1,34,6,-1,-1,-1,-1,1,E01006326,0,4
2024122400594,2024,122400594,2,90,0,18,19,8,4,0,0,0,0,0,0,0,3,2,6,6,1,62,9,-1,-1,-1,-1,-1,-1,0,-1
2024221464737,2024,221464737,1,9,0,-1,19,1,5,-1,0,8,0,0,0,0,3,1,-1,6,1,72,10,-1,-1,-1,-1,-1,-1,0,-1
2024010546525,2024,010546525,1,9,0,17,19,3,7,0,0,0,0,0,0,0,1,1,6,6,1,36,7,-1,-1,-1,-1,6,E01017812,0,4
2024311503174,2024,311503174,2,9,-1,-1,4,6,2,-1,0,0,0,0,0,0,2,1,-1,6,2,19,4,-1,-1,-1,-1,2,E01019666,0,2
2024141445536,2024,141445536,1,9,0,-1,7,7,2,-1,0,1,0,0,0,0,1,9,-1,6,3,-1,-1,-1,-1,-1,-1,-1,-1,0,-1
2024101462069,2024,101462069,2,1,0,-1,19,3,7,-1,0,1,0,0,0,0,3,1,-1,6,1,42,7,-1,-1,-1,-1,5,E01008352,0,1
2024471522635,2024,471522635,3,98,0,-1,3,3,7,-1,0,1,0,0,0,0,0,9,-1,6,3,-1,-1,-1,-1,-1,-1,-1,-1,0,-1
2024141451981,2024,141451981,1,90,0,-1,-1,-1,-1,-1,-1,0,-1,-1,-1,0,-1,9,-1,6,3,-1,-1,-1,-1,-1,-1,-1,-1,0,-1
2024430140460,2024,430140460,2,1,0,18,19,3,7,0,0,8,0,0,0,0,2,1,6,6,1,24,5,-1,-1,-1,-1,6,E01017851,0,1
2024430468443,2024,430468443,1,1,0,18,19,6,2,0,0,1,0,0,0,0,3,1,6,6,1,36,7,-1,-1,-1,-1,3,E01001360,0,3
2024531516803,2024,531516803,1,9,0,-1,5,1,5,-1,0,2,0,0,0,0,1,9,-1,6,1,-1,-1,-1,-1,-1,-1,-1,-1,0,-1
2024061467120,2024,061467120,1,1,9,-1,3,5,1,-1,5,1,0,99,8,0,1,1,-1,1,1,24,5,-1,-1,-1,-1,2,E01005965,0,1
2024161463141,2024,161463141,2,9,0,-1,19,4,8,-1,0,0,0,0,0,0,1,1,-1,6,2,-1,-1,-1,-1,-1,-1,-1,-1,0,-1
2024141467654,2024,141467654,1,9,0,-1,19,3,7,-1,0,2,0,0,0,0,3,1,-1,2,1,22,5,-1,-1,-1,-1,5,E01008143,0,1
2024010487790,2024,010487790,1,9,0,18,19,7,3,0,0,2,0,0,0,0,3,1,6,6,2,53,8,-1,-1,-1,-1,2,E01000121,0,1
2024010548836,2024,010548836,1,9,0,99,99,9,9,99,99,9,9,99,9,99,1,9,6,6,3,25,5,-1,-1,-1,-1,9,E01023097,0,4
2024131469865,2024,131469865,2,9,0,-1,3,8,4,-1,0,1,0,0,0,0,1,2,-1,6,1,23,5,-1,-1,-1,-1,1,E01011466,0,1
2024991474934,2024,991474934,1,9,0,-1,7,7,3,-1,0,0,0,0,7,0,1,1,-1,9,1,75,10,-1,-1,-1,-1,7,-1,0,1
2024991416399,2024,991416399,2,1,0,-1,19,5,1,-1,0,1,0,0,1,0,1,1,-1,7,2,20,4,-1,-1,-1,-1,-1,-1,0,-1
2024461420890,2024,461420890,2,9,0,-1,5,3,7,-1,0,0,0,0,0,0,1,1,-1,2,1,37,7,-1,-1,-1,-1,-1,-1,0,-1
2024061422284,2024,061422284,2,1,0,-1,-1,-1,-1,-1,-1,0,-1,-1,-1,0,-1,1,-1,2,1,19,4,-1,-1,-1,-1,9,E01005909,0,1
2024131446940,2024,131446940,2,1,0,-1,19,3,7,-1,0,8,0,0,0,0,1,1,-1,9,1,61,9,-1,-1,-1,-1,9,E01011199,0,2
2024061395675,2024,061395675,2,1,0,-1,19,1,5,-1,0,8,0,0,0,0,1,1,-1,1,1,45,7,-1,-1,-1,-1,3,E01005244,0,1
2024010495171,2024,010495171,2,9,0,5,5,9,9,99,99,0,9,99,9,99,2,9,6,6,2,22,5,-1,-1,-1,-1,2,E01034043,0,1
2024010546578,2024,010546578,1,9,0,18,19,5,1,0,0,2,0,0,0,0,1,1,6,6,3,-1,-1,-1,-1,-1,-1,-1,-1,0,-1
2024231464773,2024,231464773,2,1,0,-1,19,4,8,-1,0,8,0,0,0,0,9,1,-1,2,1,63,9,-1,-1,-1,-1,6,E01031169,0,1
2024161490767,2024,161490767,1,1,0,-1,19,8,4,-1,0,5,5,0,0,0,1,1,-1,2,1,61,9,-1,-1,-1,-1,6,E01013163,0,1
2024421405154,2024,421405154,1,1,0,-1,19,7,3,-1,0,0,0,0,0,0,3,1,-1,9,2,69,10,-1,-1,-1,-1,6,E01021401,0,1
2024061427193,2024,061427193,1,9,0,-1,19,6,2,-1,0,0,0,0,0,0,1,1,-1,2,1,20,4,-1,-1,-1,-1,7,E01007075,0,4
202460Q128527,2024,60Q128527,1,5,0,18,19,4,1,0,0,6,2,0,0,0,1,1,6,6,1,36,7,-1,-1,-1,-1,-1,-1,0,-1
2024010542822,2024,010542822,2,1,0,14,14,5,1,0,0,0,0,0,0,0,0,1,2,2,2,38,7,-1,-1,-1,-1,4,E01002738,0,1
2024010486916,2024,010486916,1,9,0,99,99,9,9,99,99,9,9,99,9,99,2,9,6,6,2,42,7,-1,-1,-1,-1,7,E01003763,0,1
2024440420740,2024,440420740,2,1,0,18,19,6,2,0,0,8,0,0,0,0,4,1,6,6,1,26,6,-1,-1,-1,-1,6,E01023007,0,1
2024430009954,2024,430009954,2,98,0,18,19,4,8,0,0,1,0,0,0,0,1,1,6,6,3,-1,-1,-1,-1,-1,-1,-1,-1,0,-1
2024061482761,2024,061482761,2,1,0,-1,19,-1,-1,-1,0,1,0,0,0,0,9,1,-1,6,1,-1,-1,-1,-1,-1,-1,-1,-1,0,-1
2024340WN6602,2024,340WN6602,1,9,0,-1,7,6,2,-1,0,0,0,0,0,0,3,1,-1,9,1,46,8,-1,-1,-1,-1,9,E01027286,0,2
2024122400894,2024,122400894,1,9,0,18,19,7,3,0,0,4,0,0,0,0,1,1,6,6,3,-1,-1,-1,-1,-1,-1,-1,-1,0,-1
2024201471158,2024,201471158,1,9,0,-1,9,1,8,-1,0,6,0,0,0,0,3,9,-1,6,1,-1,-1,-1,-1,-1,-1,-1,-1,0,-1
2024070801352,2024,070801352,2,16,0,-1,19,7,3,-1,0,0,0,0,0,0,1,1,-1,9,2,59,9,-1,-1,-1,-1,6,E01018481,0,3
2024430400320,2024,430400320,2,1,0,18,19,8,4,0,0,8,0,0,0,0,4,1,6,6,1,24,5,-1,-1,-1,-1,3,E01032730,0,1
2024461432450,2024,461432450,1,9,0,-1,1,-1,-1,-1,0,0,0,0,0,0,-1,9,-1,6,1,-1,-1,-1,-1,-1,-1,-1,-1,0,-1
2024010491772,2024,010491772,1,1,9,99,99,9,9,99,99,9,9,99,9,99,9,1,2,2,1,29,6,-1,-1,-1,-1,8,E01028765,0,5
2024201394230,2024,201394230,1,9,0,-1,9,6,4,-1,0,6,0,0,0,0,3,1,-1,6,2,42,7,-1,-1,-1,-1,2,E01034953,0,1
2024010487417,2024,010487417,1,9,0,99,99,9,9,99,99,9,9,99,9,99,2,9,6,6,2,41,7,-1,-1,-1,-1,10,E01004104,0,1
2024010525525,2024,010525525,2,1,9,99,99,9,9,99,99,9,9,99,9,99,9,1,6,6,1,25,5,-1,-1,-1,-1,2,E01004256,0,2
2024221531915,2024,221531915,1,1,0,-1,6,5,5,-1,0,0,0,0,0,0,3,1,-1,6,1,24,5,-1,-1,-1,-1,8,E01032209,0,3
2024411433521,2024,411433521,1,98,1,-1,13,5,1,-1,0,0,0,0,0,0,3,2,-1,1,1,41,7,-1,-1,-1,-1,-1,-1,0,-1
2024061507163,2024,061507163,2,9,0,-1,10,-1,-1,-1,9,8,9,0,0,0,1,1,-1,6,3,-1,-1,-1,-1,-1,-1,-1,-1,0,-1
2024302400033,2024,302400033,1,9,0,18,19,2,6,0,0,0,0,0,0,0,1,1,6,6,2,26,6,-1,-1,-1,-1,6,E01013545,0,1
2024061482740,2024,061482740,2,9,0,-1,99,-1,-1,-1,0,4,0,0,0,0,3,1,-1,6,2,-1,-1,-1,-1,-1,-1,-1,-1,0,-1
2024302401636,2024,302401636,2,21,1,18,19,5,1,0,0,0,0,0,0,0,2,1,6,6,3,-1,-1,-1,-1,-1,-1,5,E01019456,0,3
2024332401217,2024,332401217,1,1,0,-1,19,3,7,-1,0,8,0,0,0,0,1,1,-1,6,2,35,6,-1,-1,-1,-1,2,E01013761,0,1
2024010512771,2024,010512771,2,1,9,99,99,9,9,99,99,9,9,99,9,99,2,1,6,6,1,24,5,-1,-1,-1,-1,7,E01004307,0,1
2024010548680,2024,010548680,1,1,9,99,99,9,9,99,99,9,9,99,9,99,1,1,6,6,1,19,4,-1,-1,-1,-1,5,E01035647,0,1
2024991536840,2024,991536840,1,90,0,-1,19,1,5,-1,0,0,0,0,0,0,1,1,-1,6,1,5,1,-1,-1,-1,-1,2,-1,0,1
2024311441601,2024,311441601,2,1,0,-1,19,1,6,-1,0,1,0,0,0,0,1,1,-1,1,1,33,6,-1,-1,-1,-1,-1,-1,0,-1
2024010545454,2024,010545454,2,9,0,99,99,9,9,0,0,0,9,99,9,99,1,9,6,6,1,45,7,-1,-1,-1,-1,8,E01033029,0,3
2024010515217,2024,010515217,1,1,9,99,99,9,9,99,99,9,9,99,9,99,1,1,6,6,3,-1,-1,-1,-1,-1,-1,-1,-1,0,-1
2024131480399,2024,131480399,1,4,0,-1,7,5,7,-1,0,6,0,0,0,0,1,1,-1,9,1,50,8,-1,-1,-1,-1,4,E01010893,0,4
2024161463445,2024,161463445,1,1,0,-1,7,1,4,-1,0,1,0,0,0,0,3,1,-1,6,1,62,9,-1,-1,-1,-1,1,E01012903,0,1
2024340NN4013,2024,340NN4013,1,9,0,-1,3,7,3,-1,0,1,0,0,7,10,1,1,-1,9,2,67,10,-1,-1,-1,-1,8,E01027329,0,1
2024031516501,2024,031516501,1,99,0,-1,5,6,8,-1,0,1,0,0,0,0,2,1,-1,9,2,-1,-1,-1,-1,-1,-1,-1,-1,0,-1
2024052401391,2024,052401391,1,1,0,18,19,1,5,0,0,8,0,0,0,0,1,1,6,6,1,12,3,-1,-1,-1,-1,9,E01018537,0,2
2024010524197,2024,010524197,1,1,9,18,19,9,9,99,99,9,9,99,9,99,3,1,2,2,1,51,8,-1,-1,-1,-1,10,E01000645,0,1
2024010505253,2024,010505253,1,1,0,18,19,1,5,0,0,1,0,0,0,0,1,1,6,6,1,40,7,-1,-1,-1,-1,4,E01004656,0,1