collision_index,collision_year,collision_ref_no,vehicle_reference,vehicle_type,towing_and_articulation,vehicle_manoeuvre_historic,vehicle_manoeuvre,vehicle_direction_from,vehicle_direction_to,vehicle_location_restricted_lane_historic,vehicle_location_restricted_lane,junction_location,skidding_and_overturning,hit_object_in_carriageway,vehicle_leaving_carriageway,hit_object_off_carriageway,first_point_of_impact,vehicle_left_hand_drive,journey_purpose_of_driver_historic,journey_purpose_of_driver,sex_of_driver,age_of_driver,age_band_of_driver,engine_capacity_cc,propulsion_code,age_of_vehicle,generic_make_model,driver_imd_decile,lsoa_of_driver,escooter_flag,driver_distance_banding
2024401488000,2024,401488000,2,1,0,-1,19,1,5,-1,0,4,0,0,0,0,1,1,-1,6,1,23,5,-1,-1,-1,-1,8,E01017546,0,2
2024221413898,2024,221413898,1,9,0,-1,4,5,8,-1,0,8,0,0,0,0,2,1,-1,9,1,44,7,-1,-1,-1,-1,-1,-1,0,-1
2024141538246,2024,141538246,2,-1,0,-1,14,0,0,-1,0,0,0,0,0,0,4,9,-1,9,2,21,5,-1,-1,-1,-1,2,E01008056,1,1
2024010545468,2024,010545468,2,9,9,99,99,9,9,99,99,9,9,99,9,99,9,9,6,6,3,-1,-1,-1,-1,-1,-1,-1,-1,0,-1
2024052402094,2024,052402094,2,9,0,3,3,8,4,0,0,1,0,0,0,0,2,1,1,1,1,41,7,-1,-1,-1,-1,5,E01006578,0,1
2024010504747,2024,010504747,2,9,0,99,99,9,9,99,99,9,9,99,9,99,2,9,6,6,3,-1,-1,-1,-1,-1,-1,4,E01001635,0,1
2024991480918,2024,991480918,1,9,0,-1,19,7,3,-1,0,0,0,0,7,0,4,1,-1,6,1,53,8,-1,-1,-1,-1,-1,-1,0,-1
2024451430958,2024,451430958,1,9,0,-1,19,6,2,-1,0,0,0,0,0,0,2,1,-1,9,1,32,6,-1,-1,-1,-1,7,E01030361,0,2
2024231498209,2024,231498209,1,9,0,-1,19,4,8,-1,0,0,1,0,7,11,1,1,-1,6,1,45,7,-1,-1,-1,-1,8,E01031205,0,2
2024371528213,2024,371528213,1,9,0,-1,19,3,7,-1,0,0,0,0,0,0,4,1,-1,2,1,63,9,-1,-1,-1,-1,5,E01030229,0,1
2024421433907,2024,421433907,2,19,0,-1,19,5,1,-1,0,0,1,0,0,0,1,1,-1,9,1,45,7,-1,-1,-1,-1,9,E01033275,0,5
2024010517979,2024,010517979,2,1,9,99,99,9,9,99,99,9,9,99,9,99,1,1,6,6,1,23,5,-1,-1,-1,-1,3,E01004203,0,1
2024440166970,2024,440166970,1,1,0,18,19,6,2,0,0,0,0,10,0,0,1,1,6,6,1,6,2,-1,-1,-1,-1,5,E01035458,0,1
2024161508358,2024,161508358,2,9,0,-1,19,5,1,-1,0,0,0,0,0,0,1,9,-1,6,1,-1,-1,-1,-1,-1,-1,-1,-1,0,-1
2024122500161,2024,122500161,1,9,0,16,19,4,7,0,0,0,0,0,0,0,3,1,6,6,1,59,9,-1,-1,-1,-1,6,E01027572,0,2
2024471451763,2024,471451763,1,1,0,-1,-1,-1,-1,-1,5,1,1,0,0,0,2,1,-1,9,1,14,3,-1,-1,-1,-1,1,E01016915,0,1
2024141430632,2024,141430632,2,9,0,-1,4,2,6,-1,0,0,0,0,0,0,2,1,-1,2,1,72,10,-1,-1,-1,-1,7,E01013098,0,4
2024010495742,2024,010495742,1,9,0,9,9,1,6,9,9,2,0,10,0,0,3,1,6,6,1,43,7,-1,-1,-1,-1,3,E01003586,0,1
2024122401156,2024,122401156,2,1,0,18,19,5,1,4,4,8,0,0,0,0,2,1,1,1,1,41,7,-1,-1,-1,-1,8,E01027875,0,2
2024010488876,2024,010488876,1,9,0,16,19,5,1,0,0,0,5,10,2,2,1,1,6,6,1,24,5,-1,-1,-1,-1,7,E01000295,0,1
2024010505524,2024,010505524,1,9,0,-1,-1,7,3,0,0,1,0,0,0,0,3,1,6,6,1,24,5,-1,-1,-1,-1,5,E01002815,0,1
2024411443606,2024,411443606,2,8,-1,-1,-1,-1,-1,-1,-1,-1,-1,-1,-1,0,-1,9,-1,7,1,53,8,-1,-1,-1,-1,5,E01021818,0,1
2024010501077,2024,010501077,2,19,0,18,19,3,7,0,0,8,0,0,0,0,1,1,6,6,3,-1,-1,-1,-1,-1,-1,-1,-1,0,-1
2024340WN0732,2024,340WN0732,2,1,0,-1,19,2,6,-1,0,1,0,0,1,0,2,1,-1,9,1,50,8,-1,-1,-1,-1,9,E01027018,0,1
2024440301367,2024,440301367,1,1,0,18,19,1,5,0,0,2,0,0,0,0,4,1,6,6,1,15,3,-1,-1,-1,-1,5,E01032844,0,1
2024010491830,2024,010491830,1,3,0,99,99,9,9,99,99,9,9,99,9,99,2,1,1,1,1,21,5,-1,-1,-1,-1,3,E01001162,0,1
2024451430687,2024,451430687,2,9,0,-1,2,0,0,-1,9,0,0,0,0,0,1,1,-1,6,-1,-1,-1,-1,-1,-1,-1,-1,-1,0,-1
2024010502854,2024,010502854,2,9,0,99,99,9,9,99,99,9,9,99,9,99,1,9,6,6,3,-1,-1,-1,-1,-1,-1,-1,-1,0,-1
2024010518588,2024,010518588,2,1,0,18,19,5,1,0,0,2,5,0,0,0,1,1,6,6,2,28,6,-1,-1,-1,-1,3,E01002848,0,1
2024010496392,2024,010496392,1,4,0,99,99,9,9,99,99,9,9,99,9,99,9,1,6,6,2,49,8,-1,-1,-1,-1,4,E01004228,0,1
2024332400903,2024,332400903,1,19,0,-1,9,7,5,-1,0,5,0,0,0,0,3,1,-1,1,1,44,7,-1,-1,-1,-1,4,E01019864,0,3
2024531467084,2024,531467084,2,1,0,-1,19,8,6,-1,0,0,0,0,0,0,2,1,-1,1,1,34,6,-1,-1,-1,-1,5,E01022440,0,1
2024520401275,2024,520401275,1,9,0,18,19,2,6,0,0,0,0,0,7,4,1,1,6,6,1,23,5,-1,-1,-1,-1,1,E01033358,0,4
2024141469033,2024,141469033,2,97,0,-1,19,1,5,-1,0,0,0,0,1,0,4,1,-1,9,1,15,3,-1,-1,-1,-1,1,E01007462,0,1
2024340WN7372,2024,340WN7372,1,11,0,-1,5,5,1,-1,0,0,0,0,0,0,0,1,-1,1,1,-1,-1,-1,-1,-1,-1,-1,-1,0,-1
2024320034839,2024,320034839,1,9,0,-1,-1,6,2,0,0,0,0,0,0,0,1,1,-1,-1,1,33,6,-1,-1,-1,-1,5,E01026283,0,3
2024111429642,2024,111429642,2,9,0,-1,4,4,8,-1,0,1,0,0,0,0,1,2,-1,6,2,30,6,-1,-1,-1,-1,-1,-1,0,-1
2024421505348,2024,421505348,1,98,0,-1,19,3,7,-1,0,0,0,0,0,0,4,1,-1,6,3,-1,-1,-1,-1,-1,-1,-1,-1,0,-1
2024111399410,2024,111399410,2,11,0,-1,19,7,2,-1,0,1,0,0,0,0,1,9,-1,1,3,30,6,-1,-1,-1,-1,-1,-1,0,-1
2024411412782,2024,411412782,1,9,0,-1,19,4,8,-1,0,8,0,0,0,0,1,1,-1,6,1,32,6,-1,-1,-1,-1,3,E01015737,0,2
2024010507063,2024,010507063,1,9,9,99,99,9,9,0,0,9,0,0,0,0,1,9,6,6,3,-1,-1,-1,-1,-1,-1,-1,-1,0,-1
2024440060732,2024,440060732,1,9,0,18,19,6,2,0,0,0,0,0,4,6,1,1,6,6,1,44,7,-1,-1,-1,-1,7,E01015424,0,4
2024010492302,2024,010492302,1,11,0,5,5,5,1,0,0,1,0,0,0,0,0,1,1,1,1,41,7,-1,-1,-1,-1,4,E01003264,0,3
2024311461830,2024,311461830,1,9,-1,-1,19,3,7,-1,0,1,0,0,0,0,0,9,-1,6,3,-1,-1,-1,-1,-1,-1,-1,-1,0,-1
2024430120457,2024,430120457,1,9,0,18,19,7,3,0,0,6,0,0,0,0,3,1,6,6,1,35,6,-1,-1,-1,-1,-1,-1,0,-1
2024131453396,2024,131453396,1,9,0,-1,9,1,2,-1,0,0,0,0,0,0,4,1,-1,9,1,23,5,-1,-1,-1,-1,1,E01007508,0,4
2024311409871,2024,311409871,1,17,0,-1,19,1,5,-1,0,0,0,0,0,0,4,1,-1,2,1,34,6,-1,-1,-1,-1,8,E01028035,0,1
2024122400291,2024,122400291,2,90,0,18,19,5,2,0,0,8,0,0,0,0,1,1,1,1,1,20,4,-1,-1,-1,-1,8,E01019307,0,4
2024010541223,2024,010541223,2,9,0,9,9,2,7,0,0,1,0,0,0,0,0,1,6,6,3,24,5,-1,-1,-1,-1,-1,-1,0,-1
2024052402767,2024,052402767,1,11,0,18,19,4,8,0,0,1,0,0,0,0,4,1,1,1,3,-1,-1,-1,-1,-1,-1,-1,-1,0,-1
2024010546912,2024,010546912,2,19,0,18,19,5,1,0,0,2,0,0,0,0,1,1,2,2,1,44,7,-1,-1,-1,-1,3,E01035660,0,2
2024231538406,2024,231538406,2,1,0,-1,19,3,7,-1,0,8,0,0,0,0,1,1,-1,9,1,53,8,-1,-1,-1,-1,5,E01031333,0,1
2024010491666,2024,010491666,1,3,0,99,99,9,9,99,99,9,9,99,9,99,1,1,1,1,3,30,6,-1,-1,-1,-1,2,E01001155,0,1
2024010542906,2024,010542906,2,10,0,99,99,9,9,99,99,0,9,99,9,99,9,9,6,6,3,34,6,-1,-1,-1,-1,-1,-1,0,-1
2024131499750,2024,131499750,2,9,0,-1,2,0,0,-1,0,0,0,0,0,0,2,1,-1,6,1,27,6,-1,-1,-1,-1,1,E01010960,0,1
2024061464333,2024,061464333,2,1,0,-1,19,4,8,-1,5,0,0,0,0,0,3,1,-1,6,1,31,6,-1,-1,-1,-1,2,E01032906,0,1
2024631433625,2024,631433625,2,9,0,-1,19,1,5,-1,0,0,0,0,0,0,0,1,-1,6,3,-1,-1,-1,-1,-1,-1,-1,-1,0,-1
2024421404306,2024,421404306,1,11,0,-1,19,3,7,-1,0,0,0,0,0,0,0,9,-1,1,3,-1,-1,-1,-1,-1,-1,-1,-1,0,-1
2024520002531,2024,520002531,2,19,0,18,19,5,7,0,0,1,0,0,0,0,1,1,6,6,3,-1,-1,-1,-1,-1,-1,-1,-1,0,-1
2024351498041,2024,351498041,2,1,0,-1,-1,-1,-1,-1,-1,0,-1,-1,-1,0,1,1,-1,9,1,59,9,-1,-1,-1,-1,10,E01018262,0,2
2024131459696,2024,131459696,2,1,0,-1,19,1,5,-1,4,8,0,0,0,0,3,1,-1,2,2,55,8,-1,-1,-1,-1,9,E01011905,0,3
2024471506639,2024,471506639,2,1,0,-1,99,-1,-1,-1,0,9,0,0,0,0,9,1,-1,6,2,29,6,-1,-1,-1,-1,6,E01031656,0,1
2024451474839,2024,451474839,4,1,0,-1,19,3,7,-1,0,0,0,0,0,0,2,1,-1,9,2,60,9,-1,-1,-1,-1,8,E01002569,0,4
2024010489391,2024,010489391,2,9,0,3,3,1,5,0,0,1,0,0,0,0,1,1,6,6,3,-1,-1,-1,-1,-1,-1,-1,-1,0,-1
2024010543210,2024,010543210,2,1,0,18,19,1,5,9,9,0,0,0,0,0,1,1,4,7,1,12,3,-1,-1,-1,-1,5,E01002247,0,1
2024430045124,2024,430045124,1,19,0,18,19,3,7,0,0,8,0,0,0,0,3,1,6,6,1,55,8,-1,-1,-1,-1,7,E01016470,0,1
2024522401917,2024,522401917,2,98,0,18,19,9,9,0,0,0,0,0,0,0,0,1,6,6,3,-1,-1,-1,-1,-1,-1,-1,-1,0,-1
2024041470317,2024,041470317,2,97,0,-1,19,5,1,-1,0,0,0,0,0,0,1,1,-1,6,1,-1,-1,-1,-1,-1,-1,-1,-1,0,-1
2024010494206,2024,010494206,2,90,9,99,99,9,9,99,99,9,9,99,9,99,9,9,6,6,3,-1,-1,-1,-1,-1,-1,-1,-1,0,-1
2024320442429,2024,320442429,1,1,0,-1,-1,4,8,0,0,0,0,4,0,0,1,1,6,6,1,20,4,-1,-1,-1,-1,-1,-1,0,-1
2024461472293,2024,461472293,2,1,0,-1,10,1,7,-1,0,1,0,0,0,0,3,1,-1,9,1,72,10,-1,-1,-1,-1,5,E01024207,0,1
2024010516264,2024,010516264,2,9,0,99,99,9,9,99,99,9,9,99,9,99,1,9,6,6,1,48,8,-1,-1,-1,-1,5,E01001450,0,2
2024340WN4592,2024,340WN4592,2,-1,0,-1,9,1,7,-1,0,8,0,0,0,0,1,1,-1,9,2,37,7,-1,-1,-1,-1,2,E01027170,1,1
2024471400449,2024,471400449,1,9,0,-1,9,7,3,-1,0,2,0,0,0,0,4,1,-1,6,2,24,5,-1,-1,-1,-1,4,E01020947,0,1
2024340NN4092,2024,340NN4092,1,9,0,-1,9,7,5,-1,0,8,0,0,0,0,1,1,-1,9,1,21,5,-1,-1,-1,-1,10,E01009854,0,4
202417H108024,2024,17H108024,2,1,0,-1,19,5,1,-1,0,0,0,0,0,0,2,1,-1,9,1,51,8,-1,-1,-1,-1,-1,-1,0,-1
2024461422495,2024,461422495,1,19,0,-1,12,4,8,-1,0,0,0,0,0,0,0,9,-1,6,3,18,4,-1,-1,-1,-1,-1,-1,0,-1
2024131483263,2024,131483263,1,9,0,-1,19,3,7,-1,0,0,1,11,1,5,1,1,-1,6,-1,-1,-1,-1,-1,-1,-1,-1,-1,0,-1
2024201524234,2024,201524234,1,97,0,-1,14,2,6,-1,0,0,0,0,0,0,1,1,-1,6,1,30,6,-1,-1,-1,-1,-1,-1,0,-1
2024010488909,2024,010488909,2,1,0,9,9,3,8,0,0,3,0,0,0,0,1,1,2,2,2,45,7,-1,-1,-1,-1,3,E01000889,0,2
2024141420003,2024,141420003,2,1,0,-1,19,3,7,-1,0,1,0,0,0,0,1,1,-1,6,1,10,2,-1,-1,-1,-1,1,E01007763,0,1
2024401457246,2024,401457246,3,9,0,-1,4,6,2,-1,0,0,0,0,0,0,2,1,-1,2,1,36,7,-1,-1,-1,-1,9,E01018171,0,4
2024052400967,2024,052400967,1,9,0,18,19,6,2,0,0,0,0,0,0,0,1,1,6,6,3,-1,-1,-1,-1,-1,-1,-1,-1,0,-1
2024052400225,2024,052400225,1,19,0,13,13,7,3,0,0,1,0,0,0,0,4,1,6,6,3,-1,-1,-1,-1,-1,-1,-1,-1,0,-1
2024061530573,2024,061530573,1,90,0,-1,19,7,6,-1,0,0,0,0,0,0,4,9,-1,6,3,-1,-1,-1,-1,-1,-1,-1,-1,0,-1
2024010509618,2024,010509618,2,1,9,99,99,9,9,99,99,0,9,99,9,99,1,1,6,6,3,-1,-1,-1,-1,-1,-1,-1,-1,0,-1
2024141496203,2024,141496203,2,9,0,-1,19,4,8,-1,0,0,0,0,1,9,1,1,-1,1,1,41,7,-1,-1,-1,-1,4,E01007786,0,1
2024471439571,2024,471439571,1,9,0,-1,19,8,6,-1,0,0,1,0,1,4,1,1,-1,1,1,51,8,-1,-1,-1,-1,6,E01035332,0,1
2024061404954,2024,061404954,1,3,0,-1,19,7,3,-1,0,1,0,0,0,0,1,1,-1,9,1,15,3,-1,-1,-1,-1,1,E01004787,0,1
2024631527044,2024,631527044,1,9,0,-1,19,8,4,-1,0,1,0,0,0,0,1,1,-1,6,3,-1,-1,-1,-1,-1,-1,-1,-1,0,-1
2024522402391,2024,522402391,1,-1,0,18,19,1,5,0,0,8,0,0,0,0,1,1,6,6,2,21,5,-1,-1,-1,-1,7,E01014538,1,1
2024311440099,2024,311440099,1,9,0,-1,7,3,6,-1,9,0,1,10,7,0,1,1,-1,6,1,32,6,-1,-1,-1,-1,7,E01028157,0,2
2024371484896,2024,371484896,2,1,0,-1,19,7,3,-1,0,8,0,0,0,0,4,1,-1,9,1,55,8,-1,-1,-1,-1,8,E01030288,0,1
2024010492070,2024,010492070,1,1,0,18,19,3,7,9,9,0,0,0,0,0,1,1,6,6,1,24,5,-1,-1,-1,-1,-1,-1,0,-1
2024311411806,2024,311411806,2,1,0,-1,19,2,6,-1,0,0,0,0,0,0,1,1,-1,6,1,35,6,-1,-1,-1,-1,1,E01028055,0,1
2024010510842,2024,010510842,1,-1,0,18,19,3,7,0,0,1,0,0,0,0,1,1,1,1,1,20,4,-1,-1,-1,-1,3,E01035498,1,1
2024161502507,2024,161502507,2,9,0,-1,3,1,5,-1,0,0,0,0,0,0,2,9,-1,6,1,40,7,-1,-1,-1,-1,5,E01012768,0,1
2024552400426,2024,552400426,2,9,0,18,19,6,2,0,0,8,0,0,0,0,1,1,6,6,2,18,4,-1,-1,-1,-1,8,E01020345,0,3
2024461441018,2024,461441018,2,9,0,-1,19,2,4,-1,0,0,0,0,0,0,1,9,-1,2,1,27,6,-1,-1,-1,-1,7,E01024564,0,3
2024010506870,2024,010506870,1,1,9,99,99,9,9,99,99,9,9,99,9,99,9,1,3,7,2,25,5,-1,-1,-1,-1,7,E01004499,0,2
2024010494982,2024,010494982,1,9,0,99,99,9,9,99,99,9,9,99,9,99,2,9,6,6,1,31,6,-1,-1,-1,-1,9,E01000424,0,1
2024061488513,2024,061488513,1,9,0,-1,19,5,1,-1,0,1,0,0,0,0,1,9,-1,6,3,-1,-1,-1,-1,-1,-1,-1,-1,0,-1
2024111451904,2024,111451904,2,98,0,-1,4,7,3,-1,0,0,0,0,0,0,2,1,-1,6,1,55,8,-1,-1,-1,-1,1,E01008285,0,4
2024131394041,2024,131394041,1,9,0,-1,19,1,5,-1,0,0,1,0,4,0,1,1,-1,6,1,22,5,-1,-1,-1,-1,1,E01010608,0,1
2024531500468,2024,531500468,1,9,0,-1,19,8,4,-1,0,0,0,4,0,0,1,1,-1,9,1,81,11,-1,-1,-1,-1,9,E01022431,0,2
2024332400335,2024,332400335,1,1,0,-1,19,5,1,-1,0,8,0,0,0,0,1,1,-1,2,2,39,7,-1,-1,-1,-1,8,E01025612,0,1
2024401468384,2024,401468384,2,1,-1,-1,-1,-1,-1,-1,-1,0,-1,-1,-1,0,3,1,-1,9,1,53,8,-1,-1,-1,-1,4,E01017535,0,1
2024211475077,2024,211475077,2,23,0,-1,19,5,8,-1,0,1,2,0,0,0,1,1,-1,9,1,26,6,-1,-1,-1,-1,4,E01029394,0,2
2024542710524,2024,542710524,2,22,0,18,19,5,1,0,0,6,0,0,0,0,3,1,6,6,2,58,9,-1,-1,-1,-1,9,E01032105,0,1
2024311446493,2024,311446493,2,1,0,-1,19,4,6,-1,9,0,0,0,7,0,3,1,-1,7,1,11,3,-1,-1,-1,-1,-1,-1,0,-1
2024010490299,2024,010490299,1,9,0,5,5,0,1,0,0,1,0,0,0,0,3,1,6,6,1,60,9,-1,-1,-1,-1,6,E01003233,0,1
2024430533962,2024,430533962,2,9,0,3,3,4,8,0,0,1,0,0,0,0,2,1,6,6,2,-1,-1,-1,-1,-1,-1,-1,-1,0,-1
2024320477830,2024,320477830,2,9,0,9,9,6,4,0,0,5,0,0,0,0,3,1,1,1,1,64,9,-1,-1,-1,-1,9,E01026263,0,3
2024411473255,2024,411473255,2,1,-1,-1,-1,-1,-1,-1,-1,-1,-1,-1,-1,0,3,1,-1,9,2,28,6,-1,-1,-1,-1,10,E01023745,0,1
2024451508889,2024,451508889,1,1,0,-1,19,1,1,-1,0,8,1,0,0,0,1,1,-1,9,1,49,8,-1,-1,-1,-1,10,E01030303,0,2
2024351471520,2024,351471520,2,1,0,-1,19,5,1,-1,0,0,0,0,0,0,3,1,-1,6,1,19,4,-1,-1,-1,-1,2,E01015605,0,1
2024141475855,2024,141475855,1,9,0,-1,5,5,4,-1,0,8,0,0,0,0,1,1,-1,9,1,23,5,-1,-1,-1,-1,7,E01007741,0,1
2024545883424,2024,545883424,1,1,0,18,19,2,6,0,0,0,0,0,0,0,1,1,2,2,1,55,8,-1,-1,-1,-1,10,E01031924,0,1
2024440490864,2024,440490864,2,9,0,4,4,7,3,0,0,0,0,0,0,0,2,1,3,7,1,-1,-1,-1,-1,-1,-1,-1,-1,0,-1
2024141470610,2024,141470610,1,9,0,-1,19,8,3,-1,0,4,0,0,0,0,2,9,-1,2,2,19,4,-1,-1,-1,-1,6,E01007455,0,2
2024052401870,2024,052401870,2,5,0,18,19,8,4,0,0,0,0,0,0,0,1,1,6,6,1,49,8,-1,-1,-1,-1,2,E01006765,0,1
2024101523318,2024,101523318,1,90,0,-1,5,2,6,-1,0,1,0,0,0,0,1,1,-1,6,1,44,7,-1,-1,-1,-1,3,E01008208,0,1
2024061478850,2024,061478850,2,1,0,-1,19,3,7,-1,0,8,0,0,0,0,3,1,-1,6,1,12,3,-1,-1,-1,-1,1,E01005195,0,1
2024201424218,2024,201424218,1,9,0,-1,19,1,5,-1,0,1,1,0,0,0,1,9,-1,6,1,33,6,-1,-1,-1,-1,1,E01009332,0,1
2024481567216,2024,481567216,1,1,0,-1,19,3,7,-1,0,8,0,0,0,0,1,1,-1,6,1,30,6,-1,-1,-1,-1,-1,-1,0,-1
2024201477138,2024,201477138,1,9,0,-1,1,5,1,-1,0,0,0,0,0,0,2,9,-1,6,3,-1,-1,-1,-1,-1,-1,-1,-1,0,-1
2024101484061,2024,101484061,2,1,0,-1,19,7,3,-1,0,8,5,0,0,0,1,1,-1,6,1,25,5,-1,-1,-1,-1,6,E01027490,0,1
2024141428644,2024,141428644,2,1,0,-1,19,7,3,-1,0,0,0,0,0,0,3,1,-1,6,1,20,4,-1,-1,-1,-1,3,E01007679,0,1
2024991480765,2024,991480765,2,1,0,-1,19,6,2,-1,0,8,5,0,0,0,3,1,-1,2,1,58,9,-1,-1,-1,-1,10,-1,0,1
2024052401533,2024,052401533,2,9,0,18,19,3,1,0,0,2,0,0,0,0,1,1,6,6,3,-1,-1,-1,-1,-1,-1,-1,-1,0,-1
2024520401143,2024,520401143,1,9,0,18,19,2,5,0,0,2,0,0,1,3,1,1,6,6,2,69,10,-1,-1,-1,-1,5,E01029222,0,1
2024991477433,2024,991477433,1,9,0,-1,7,4,6,-1,0,0,0,0,0,0,1,1,-1,6,1,38,7,-1,-1,-1,-1,5,E01012635,0,5
2024010539025,2024,010539025,1,1,0,18,19,1,5,0,0,8,0,0,0,0,1,1,6,6,2,35,6,-1,-1,-1,-1,3,E01002807,0,1
2024141480048,2024,141480048,2,9,0,-1,2,0,0,-1,0,1,0,0,0,0,3,1,-1,6,-1,-1,-1,-1,-1,-1,-1,-1,-1,0,-1
2024440057304,2024,440057304,1,1,0,18,19,1,5,0,0,8,0,0,0,0,1,1,2,2,1,54,8,-1,-1,-1,-1,10,E01030796,0,1
2024010534175,2024,010534175,2,23,0,18,19,5,1,0,0,1,0,0,0,0,2,1,6,6,1,51,8,-1,-1,-1,-1,7,E01003853,0,2
2024141505614,2024,141505614,2,1,0,-1,19,8,4,-1,0,1,5,0,0,0,1,1,-1,6,1,8,2,-1,-1,-1,-1,2,E01007806,0,1
2024991447422,2024,991447422,1,9,0,-1,4,2,6,-1,0,1,0,0,0,0,1,1,-1,1,3,39,7,-1,-1,-1,-1,4,-1,0,4
2024061417639,2024,061417639,2,1,0,-1,19,6,2,-1,0,1,0,0,0,0,1,1,-1,2,1,60,9,-1,-1,-1,-1,7,E01005995,0,2
2024131449167,2024,131449167,2,-1,0,-1,5,6,2,-1,0,8,0,0,0,0,1,1,-1,6,-1,-1,-1,-1,-1,-1,-1,-1,-1,1,-1
2024010507977,2024,010507977,2,9,0,18,19,7,3,0,0,0,0,0,0,0,0,1,6,6,3,-1,-1,-1,-1,-1,-1,-1,-1,0,-1
2024122500126,2024,122500126,1,1,0,12,12,4,8,0,0,1,0,0,0,0,0,1,6,6,2,49,8,-1,-1,-1,-1,9,E01013429,0,1
2024421494524,2024,421494524,2,9,0,-1,19,2,6,-1,0,0,0,0,0,0,2,1,-1,9,1,40,7,-1,-1,-1,-1,6,E01021344,0,4
2024010515144,2024,010515144,2,9,0,99,99,9,9,99,99,9,9,99,9,99,9,9,6,6,3,-1,-1,-1,-1,-1,-1,3,E01004364,0,1
2024361459313,2024,361459313,2,1,0,-1,19,1,5,-1,0,8,0,0,0,0,3,1,-1,2,2,48,8,-1,-1,-1,-1,9,E01026544,0,1
2024231447634,2024,231447634,1,9,0,-1,4,2,4,-1,0,0,0,0,0,0,2,9,-1,6,2,46,8,-1,-1,-1,-1,10,E01031101,0,2
2024052400331,2024,052400331,1,8,0,18,19,7,3,0,0,0,0,0,0,0,4,1,6,6,3,-1,-1,-1,-1,-1,-1,-1,-1,0,-1
2024201416716,2024,201416716,1,9,0,-1,19,6,2,-1,0,0,0,0,0,0,1,1,-1,6,1,-1,-1,-1,-1,-1,-1,-1,-1,0,-1
2024061448038,2024,061448038,1,1,0,-1,19,7,3,-1,4,8,0,0,0,0,4,1,-1,9,1,53,8,-1,-1,-1,-1,4,E01006113,0,1
2024430047935,2024,430047935,1,17,0,18,19,6,2,0,0,0,0,0,0,0,3,1,1,1,1,-1,-1,-1,-1,-1,-1,-1,-1,0,-1
2024411535878,2024,411535878,1,9,-1,-1,-1,-1,-1,-1,-1,-1,-1,-1,-1,0,-1,9,-1,6,3,-1,-1,-1,-1,-1,-1,-1,-1,0,-1
2024311468937,2024,311468937,2,99,4,-1,19,1,5,-1,0,0,0,0,0,0,0,9,-1,1,1,-1,-1,-1,-1,-1,-1,-1,-1,0,-1
2024010493693,2024,010493693,2,1,0,18,19,5,1,0,0,2,0,0,1,0,2,1,6,6,1,23,5,-1,-1,-1,-1,5,E01003307,0,1
2024010521569,2024,010521569,1,11,0,13,13,5,1,4,4,1,0,0,0,0,2,1,6,6,3,-1,-1,-1,-1,-1,-1,-1,-1,0,-1
2024010495688,2024,010495688,1,19,0,17,19,3,7,0,0,0,0,0,0,0,1,1,1,1,2,28,6,-1,-1,-1,-1,8,E01024343,0,4
2024201542254,2024,201542254,1,9,0,-1,19,6,2,-1,0,1,0,0,0,0,1,9,-1,1,1,41,7,-1,-1,-1,-1,10,E01032140,0,4
2024131529920,2024,131529920,1,9,0,-1,19,5,1,-1,0,0,0,10,4,2,1,1,-1,9,1,23,5,-1,-1,-1,-1,2,E01011126,0,2
2024440174837,2024,440174837,1,1,0,18,19,7,3,0,0,1,0,0,0,0,1,1,6,6,2,50,8,-1,-1,-1,-1,2,E01017106,0,1
2024010496666,2024,010496666,1,8,0,18,19,3,7,0,0,3,0,0,0,0,1,1,1,1,1,72,10,-1,-1,-1,-1,5,E01003740,0,3
2024010495658,2024,010495658,2,1,0,18,19,7,3,2,2,8,0,0,0,0,1,1,6,6,2,24,5,-1,-1,-1,-1,-1,-1,0,-1
2024430006051,2024,430006051,1,9,0,18,19,6,2,0,0,1,0,0,1,1,1,1,2,2,2,42,7,-1,-1,-1,-1,9,E01017825,0,1
2024141501318,2024,141501318,1,97,0,-1,19,4,8,-1,0,1,0,0,0,0,1,1,-1,6,1,24,5,-1,-1,-1,-1,1,E01007532,0,1
2024141492235,2024,141492235,2,23,0,-1,19,8,4,-1,0,1,0,0,0,0,1,1,-1,6,1,18,4,-1,-1,-1,-1,3,E01007569,0,1
2024430432783,2024,430432783,1,9,0,18,19,7,3,0,0,8,2,0,3,0,1,1,6,6,1,19,4,-1,-1,-1,-1,8,E01026993,0,3
2024351535928,2024,351535928,1,1,0,-1,19,2,5,-1,0,1,0,0,0,0,3,1,-1,6,1,21,5,-1,-1,-1,-1,10,E01018256,0,2
2024401486370,2024,401486370,1,1,0,-1,19,2,6,-1,0,0,0,0,0,0,1,1,-1,6,1,-1,-1,-1,-1,-1,-1,-1,-1,0,-1
2024010526771,2024,010526771,1,1,0,18,19,5,1,9,9,5,0,0,0,0,1,1,6,6,1,35,6,-1,-1,-1,-1,2,E01034477,0,1
2024411412454,2024,411412454,1,9,-1,-1,-1,-1,-1,-1,-1,0,-1,-1,-1,0,-1,9,-1,6,3,-1,-1,-1,-1,-1,-1,-1,-1,0,-1
2024461440137,2024,461440137,3,90,0,-1,19,7,3,-1,0,0,0,0,0,0,0,9,-1,1,3,-1,-1,-1,-1,-1,-1,-1,-1,0,-1
2024201479650,2024,201479650,1,9,0,-1,19,2,6,-1,0,6,0,0,0,0,2,1,-1,6,2,57,9,-1,-1,-1,-1,1,E01009366,0,1
2024010528182,2024,010528182,2,1,0,18,19,1,5,0,0,2,5,0,1,0,2,1,6,6,1,29,6,-1,-1,-1,-1,1,E01002071,0,1
2024010487103,2024,010487103,1,5,0,18,19,3,7,0,0,8,2,0,0,0,1,1,6,6,1,-1,-1,-1,-1,-1,-1,-1,-1,0,-1
2024010499339,2024,010499339,1,1,9,99,99,9,9,99,99,0,9,99,9,99,1,1,6,6,3,-1,-1,-1,-1,-1,-1,-1,-1,0,-1
2024531412555,2024,531412555,2,1,-1,-1,19,1,5,-1,0,0,0,0,0,0,-1,1,-1,2,1,26,6,-1,-1,-1,-1,6,E01022175,0,1