collision_index,collision_year,collision_ref_no,vehicle_reference,vehicle_type,towing_and_articulation,vehicle_manoeuvre_historic,vehicle_manoeuvre,vehicle_direction_from,vehicle_direction_to,vehicle_location_restricted_lane_historic,vehicle_location_restricted_lane,junction_location,skidding_and_overturning,hit_object_in_carriageway,vehicle_leaving_carriageway,hit_object_off_carriageway,first_point_of_impact,vehicle_left_hand_drive,journey_purpose_of_driver_historic,journey_purpose_of_driver,sex_of_driver,age_of_driver,age_band_of_driver,engine_capacity_cc,propulsion_code,age_of_vehicle,generic_make_model,driver_imd_decile,lsoa_of_driver,escooter_flag,driver_distance_banding
2024061521528,2024,061521528,4,9,0,-1,4,1,5,-1,0,0,0,0,0,0,1,1,-1,2,2,22,5,-1,-1,-1,-1,4,E01025288,0,4
2024010492602,2024,010492602,2,9,0,99,99,9,9,99,99,9,9,99,9,99,1,9,6,6,3,75,10,-1,-1,-1,-1,1,E01002036,0,1
2024010511252,2024,010511252,2,1,0,5,5,1,5,0,0,1,0,0,0,0,1,1,6,6,2,26,6,-1,-1,-1,-1,-1,-1,0,-1
2024010489077,2024,010489077,3,9,0,2,2,0,0,0,0,1,0,0,0,0,2,1,6,6,3,-1,-1,-1,-1,-1,-1,-1,-1,0,-1
2024340WN4762,2024,340WN4762,2,1,0,-1,19,1,5,-1,0,8,5,0,0,0,1,1,-1,9,1,14,3,-1,-1,-1,-1,2,E01027243,0,1
2024010492410,2024,010492410,3,9,0,12,12,5,1,0,0,8,0,4,0,0,4,1,6,6,1,18,4,-1,-1,-1,-1,4,E01035252,0,3
2024010528362,2024,010528362,2,1,0,7,7,7,1,0,0,5,0,0,0,0,1,1,6,6,1,23,5,-1,-1,-1,-1,2,E01001263,0,1
2024111404565,2024,111404565,1,9,0,-1,19,1,5,-1,0,1,0,0,0,0,4,1,-1,6,-1,-1,-1,-1,-1,-1,-1,-1,-1,0,-1
2024501533177,2024,501533177,1,9,0,-1,19,1,5,-1,0,8,0,0,0,0,1,1,-1,6,1,59,9,-1,-1,-1,-1,9,E01020248,0,1
2024531493109,2024,531493109,1,97,0,-1,19,1,5,-1,0,1,0,0,0,0,0,1,-1,6,3,-1,-1,-1,-1,-1,-1,-1,-1,0,-1
2024010535721,2024,010535721,1,9,9,3,3,1,5,0,0,0,9,0,0,0,3,1,6,6,3,-1,-1,-1,-1,-1,-1,-1,-1,0,-1
2024332400702,2024,332400702,2,9,0,-1,19,3,7,-1,0,0,0,0,0,0,1,1,-1,6,2,80,11,-1,-1,-1,-1,7,E01013795,0,1
2024010508299,2024,010508299,1,9,0,9,9,3,1,0,0,1,0,0,0,0,1,1,6,6,3,-1,-1,-1,-1,-1,-1,-1,-1,0,-1
2024501466109,2024,501466109,2,9,0,-1,19,3,7,-1,0,1,0,0,0,0,3,1,-1,9,1,60,9,-1,-1,-1,-1,5,W01001615,0,5
2024010511972,2024,010511972,2,1,0,15,15,3,7,0,0,1,0,4,0,0,4,1,6,6,1,43,7,-1,-1,-1,-1,3,E01033488,0,1
2024031424095,2024,031424095,1,9,-1,-1,-1,1,5,-1,-1,-1,-1,-1,-1,0,-1,9,-1,6,3,-1,-1,-1,-1,-1,-1,-1,-1,0,-1
2024010505637,2024,010505637,2,3,0,99,99,9,9,99,99,1,9,99,9,99,9,1,6,6,1,25,5,-1,-1,-1,-1,4,E01032639,0,1
2024471519618,2024,471519618,1,19,0,-1,7,1,4,-1,0,3,0,0,0,0,4,1,-1,6,1,-1,-1,-1,-1,-1,-1,10,E01021210,0,1
2024371518094,2024,371518094,1,1,0,-1,19,5,8,-1,5,0,1,0,0,0,1,1,-1,6,1,17,4,-1,-1,-1,-1,4,E01030257,0,1
2024471414105,2024,471414105,2,1,0,-1,19,1,5,-1,0,5,0,0,1,0,3,1,-1,2,2,28,6,-1,-1,-1,-1,4,E01031583,0,3
2024010527452,2024,010527452,2,1,0,18,19,7,3,0,0,1,0,0,0,0,4,1,6,6,1,17,4,-1,-1,-1,-1,9,E01003838,0,1
2024991430843,2024,991430843,2,9,0,-1,19,5,1,-1,0,3,0,0,1,0,1,1,-1,6,1,34,6,-1,-1,-1,-1,4,-1,0,1
2024061463116,2024,061463116,2,1,0,-1,19,3,7,-1,0,8,0,0,0,0,3,1,-1,6,1,12,3,-1,-1,-1,-1,1,E01005190,0,1
2024010520182,2024,010520182,1,19,0,99,99,9,9,99,99,9,9,99,9,99,1,9,6,6,3,-1,-1,-1,-1,-1,-1,-1,-1,0,-1
2024010491897,2024,010491897,1,4,0,18,19,3,7,0,0,0,0,0,0,0,1,1,6,6,1,21,5,-1,-1,-1,-1,7,E01002679,0,2
2024010504139,2024,010504139,1,1,9,99,99,9,9,99,99,9,9,99,9,99,9,1,2,2,1,47,8,-1,-1,-1,-1,4,E01001896,0,1
2024031463756,2024,031463756,1,9,0,-1,4,1,5,-1,0,0,0,0,0,0,4,9,-1,6,3,24,5,-1,-1,-1,-1,-1,-1,0,-1
2024231490563,2024,231490563,2,1,0,-1,19,8,4,-1,0,0,0,0,0,0,3,1,-1,6,1,54,8,-1,-1,-1,-1,2,E01028435,0,3
2024471500023,2024,471500023,1,1,0,-1,19,1,5,-1,0,1,0,0,0,0,1,1,-1,9,2,42,7,-1,-1,-1,-1,7,E01016933,0,1
2024461484120,2024,461484120,2,9,0,-1,3,7,3,-1,0,0,0,0,0,0,4,9,-1,6,3,-1,-1,-1,-1,-1,-1,-1,-1,0,-1
2024201456020,2024,201456020,1,9,0,-1,9,7,5,-1,0,5,0,0,0,0,1,9,-1,6,1,80,11,-1,-1,-1,-1,4,E01010304,0,1
2024520500081,2024,520500081,1,9,0,18,19,8,4,0,0,0,0,0,0,0,1,1,6,6,1,47,8,-1,-1,-1,-1,-1,-1,0,-1
2024430515373,2024,430515373,1,1,0,9,9,6,4,0,0,5,0,0,0,0,3,1,2,2,1,61,9,-1,-1,-1,-1,10,E01022893,0,1
2024552400279,2024,552400279,2,1,0,17,19,6,4,5,5,8,0,0,0,0,4,1,6,6,1,63,9,-1,-1,-1,-1,1,E01020552,0,1
2024610016224,2024,610016224,2,9,0,2,2,0,0,0,0,0,0,0,0,0,3,1,6,6,1,41,7,-1,-1,-1,-1,2,W01001532,0,1
2024141433941,2024,141433941,2,1,0,-1,19,5,1,-1,0,0,0,0,0,0,1,1,-1,6,1,35,6,-1,-1,-1,-1,7,E01008133,0,1
2024522402824,2024,522402824,2,23,0,18,19,6,2,0,0,1,0,0,0,0,1,1,6,6,1,34,6,-1,-1,-1,-1,8,E01014974,0,2
2024201461138,2024,201461138,1,9,0,-1,19,5,8,-1,0,0,0,0,0,0,1,1,-1,6,-1,-1,-1,-1,-1,-1,-1,-1,-1,0,-1
2024010500254,2024,010500254,2,1,0,18,19,1,5,0,0,1,0,0,0,0,4,1,6,6,1,69,10,-1,-1,-1,-1,2,E01001427,0,1
2024010527903,2024,010527903,2,1,9,99,99,9,9,99,99,9,9,99,9,99,9,1,6,6,2,-1,-1,-1,-1,-1,-1,-1,-1,0,-1
2024411429693,2024,411429693,1,9,0,-1,19,3,7,-1,0,0,1,0,2,0,1,1,-1,6,1,18,4,-1,-1,-1,-1,7,E01001472,0,2
2024552400422,2024,552400422,2,1,0,18,19,4,2,0,0,8,0,0,0,0,4,1,6,6,1,49,8,-1,-1,-1,-1,5,E01015331,0,1
2024430291125,2024,430291125,2,9,0,9,9,2,8,0,0,6,0,0,0,0,3,1,6,6,3,-1,-1,-1,-1,-1,-1,-1,-1,0,-1
2024010501783,2024,010501783,1,1,9,99,99,9,9,99,99,9,9,99,9,99,1,1,2,2,1,23,5,-1,-1,-1,-1,4,E01004313,0,1
2024010493255,2024,010493255,1,9,0,18,19,5,1,0,0,1,0,0,7,0,4,1,2,2,1,25,5,-1,-1,-1,-1,7,E01032571,0,1
2024549618024,2024,549618024,1,1,0,18,19,7,3,0,0,1,0,0,0,0,4,1,2,2,1,21,5,-1,-1,-1,-1,1,E01015573,0,1
2024440196278,2024,440196278,1,9,0,18,19,2,6,0,0,0,0,0,0,0,1,1,6,6,2,40,7,-1,-1,-1,-1,8,E01023246,0,4
2024061431356,2024,061431356,1,1,0,-1,19,1,5,-1,0,8,0,0,0,0,3,1,-1,9,1,16,4,-1,-1,-1,-1,3,E01005718,0,1
2024101471547,2024,101471547,1,9,0,-1,7,7,1,-1,0,8,0,0,0,0,4,1,-1,6,1,46,8,-1,-1,-1,-1,1,E01008436,0,1
2024631410367,2024,631410367,1,1,0,-1,13,5,1,-1,0,8,0,0,0,0,1,1,-1,6,2,46,8,-1,-1,-1,-1,7,W01000548,0,2
2024010518961,2024,010518961,1,1,9,99,99,9,9,99,99,9,9,99,9,99,9,1,6,6,2,29,6,-1,-1,-1,-1,4,E01003122,0,1
2024320366537,2024,320366537,1,20,0,-1,-1,2,6,0,0,0,0,0,0,0,1,2,1,1,1,51,8,-1,-1,-1,-1,-1,-1,0,-1
2024041463563,2024,041463563,1,98,0,-1,7,-1,-1,-1,0,0,0,0,0,0,4,9,-1,6,3,-1,-1,-1,-1,-1,-1,-1,-1,0,-1
2024520402070,2024,520402070,1,1,0,18,19,5,1,0,0,0,0,0,0,0,1,1,6,6,1,53,8,-1,-1,-1,-1,2,E01029131,0,3
2024010517776,2024,010517776,2,9,0,9,9,4,2,0,0,8,0,0,0,0,0,1,6,6,3,-1,-1,-1,-1,-1,-1,-1,-1,0,-1
2024302400157,2024,302400157,3,19,0,18,19,5,1,0,0,0,0,0,0,0,1,1,1,1,1,56,9,-1,-1,-1,-1,8,E01019414,0,3
2024010519210,2024,010519210,2,1,0,18,19,3,7,0,0,1,5,4,0,0,1,1,6,6,1,17,4,-1,-1,-1,-1,6,E01000850,0,1
2024070615555,2024,070615555,2,1,0,18,19,7,3,0,0,1,0,0,0,0,0,1,6,6,1,67,10,-1,-1,-1,-1,-1,-1,0,-1
2024010495321,2024,010495321,1,9,0,18,19,1,5,0,0,8,0,0,0,0,1,1,1,1,1,56,9,-1,-1,-1,-1,6,E01002897,0,2
2024041415111,2024,041415111,2,1,0,-1,19,5,1,-1,9,4,0,0,0,0,3,1,-1,6,1,79,11,-1,-1,-1,-1,8,E01025436,0,1
2024421450569,2024,421450569,2,1,0,-1,19,1,5,-1,0,0,0,0,0,0,1,1,-1,6,1,34,6,-1,-1,-1,-1,6,E01021404,0,1
2024010521296,2024,010521296,2,1,0,18,19,5,1,0,0,8,0,0,0,0,1,1,2,2,2,54,8,-1,-1,-1,-1,3,E01002086,0,1
2024471527901,2024,471527901,1,9,0,-1,1,1,5,-1,-1,0,0,0,0,0,2,1,-1,6,3,-1,-1,-1,-1,-1,-1,-1,-1,0,-1
2024201433805,2024,201433805,1,9,0,-1,9,3,7,-1,0,0,0,0,0,0,1,9,-1,6,1,23,5,-1,-1,-1,-1,4,E01009035,0,3
2024041420666,2024,041420666,2,1,0,-1,19,3,7,-1,0,4,0,0,0,0,4,1,-1,2,1,43,7,-1,-1,-1,-1,7,E01025003,0,2
2024010522073,2024,010522073,1,19,0,99,99,9,9,99,99,9,9,99,9,99,9,9,6,6,3,-1,-1,-1,-1,-1,-1,-1,-1,0,-1
2024010549871,2024,010549871,1,1,9,99,99,9,9,99,99,9,9,99,9,99,2,1,2,2,1,33,6,-1,-1,-1,-1,7,E01004164,0,1
2024131534912,2024,131534912,1,9,0,-1,19,2,6,-1,0,0,1,0,0,0,1,1,-1,9,1,56,9,-1,-1,-1,-1,2,E01011334,0,1
2024010489865,2024,010489865,1,11,0,5,5,5,1,0,0,1,0,0,0,0,0,1,1,1,1,54,8,-1,-1,-1,-1,3,E01004011,0,1
2024461401046,2024,461401046,2,9,0,-1,4,7,3,-1,0,1,0,0,0,0,2,1,-1,6,1,43,7,-1,-1,-1,-1,2,E01024374,0,1
2024010509537,2024,010509537,2,1,0,18,19,1,5,0,0,8,0,0,0,0,4,1,6,6,1,46,8,-1,-1,-1,-1,8,E01001224,0,1
2024161418034,2024,161418034,2,1,0,-1,19,7,3,-1,9,0,0,0,0,0,1,1,-1,7,2,12,3,-1,-1,-1,-1,4,E01012797,0,1
2024302400395,2024,302400395,1,97,0,18,19,4,8,0,0,2,0,0,0,0,0,1,6,6,3,-1,-1,-1,-1,-1,-1,5,E01019456,0,3
2024101418663,2024,101418663,2,1,0,-1,19,7,3,-1,0,0,0,0,0,0,4,1,-1,6,1,31,6,-1,-1,-1,-1,7,E01008469,0,1
2024010499854,2024,010499854,2,1,0,18,19,5,1,2,2,8,0,0,0,0,1,1,2,2,1,51,8,-1,-1,-1,-1,10,E01004097,0,2
2024070446092,2024,070446092,1,1,0,18,19,3,7,4,4,1,0,0,0,0,1,1,4,7,1,18,4,-1,-1,-1,-1,2,E01034669,0,1
2024061455491,2024,061455491,2,1,0,-1,19,3,7,-1,0,8,0,0,0,0,1,1,-1,6,1,21,5,-1,-1,-1,-1,2,E01005199,0,1
2024010492794,2024,010492794,2,98,0,99,99,9,9,99,99,9,9,99,9,99,1,9,6,6,1,-1,-1,-1,-1,-1,-1,3,E01002413,0,3
2024010528578,2024,010528578,2,1,0,18,19,5,1,0,0,2,2,0,0,0,1,1,6,6,2,36,7,-1,-1,-1,-1,2,E01003576,0,1
2024520001152,2024,520001152,2,9,0,18,19,5,2,0,0,8,0,0,0,0,1,1,6,6,1,19,4,-1,-1,-1,-1,9,E01014391,0,1
2024520402577,2024,520402577,1,9,9,18,19,9,9,0,0,0,0,0,0,0,9,1,6,6,3,-1,-1,-1,-1,-1,-1,-1,-1,0,-1
2024440222157,2024,440222157,2,9,0,2,2,0,0,0,0,0,0,0,0,0,2,1,6,6,1,82,11,-1,-1,-1,-1,-1,-1,0,-1
2024320600250,2024,320600250,1,1,0,-1,-1,8,4,0,0,1,0,0,0,0,1,1,6,6,3,-1,-1,-1,-1,-1,-1,-1,-1,0,-1
2024520401812,2024,520401812,1,1,0,18,19,9,9,0,0,1,0,0,0,0,9,1,6,6,2,65,9,-1,-1,-1,-1,5,E01029108,0,1
2024131509442,2024,131509442,2,9,0,-1,12,1,3,-1,0,2,0,0,0,0,1,1,-1,9,1,49,8,-1,-1,-1,-1,1,E01007462,0,4
2024531453483,2024,531453483,2,1,0,-1,19,3,7,-1,0,8,0,0,0,0,1,1,-1,2,1,35,6,-1,-1,-1,-1,5,E01034806,0,1
2024131522236,2024,131522236,1,9,0,-1,19,7,3,-1,0,6,0,0,0,0,3,1,-1,6,2,65,9,-1,-1,-1,-1,1,E01032494,0,1
2024010527965,2024,010527965,1,9,0,1,1,7,3,0,0,1,0,4,1,0,2,1,1,1,2,64,9,-1,-1,-1,-1,8,E01032563,0,1
2024010495991,2024,010495991,1,9,0,99,99,9,9,99,99,9,9,99,9,99,1,9,6,6,1,64,9,-1,-1,-1,-1,2,E01003111,0,1
2024010530969,2024,010530969,2,1,0,18,19,7,3,0,0,1,0,10,0,0,1,1,6,6,1,54,8,-1,-1,-1,-1,5,E01001853,0,2
2024041426404,2024,041426404,1,98,0,-1,19,5,2,-1,0,0,5,7,0,0,1,1,-1,9,1,86,11,-1,-1,-1,-1,8,E01025513,0,1
2024610036324,2024,610036324,1,21,0,5,5,5,8,0,0,4,0,0,0,0,1,2,6,6,1,54,8,-1,-1,-1,-1,-1,-1,0,-1
2024010497978,2024,010497978,1,1,9,99,99,9,9,99,99,9,9,99,9,99,2,1,6,6,1,72,10,-1,-1,-1,-1,3,E01004169,0,1
2024010508698,2024,010508698,1,1,9,99,99,9,9,99,99,9,9,99,9,99,1,1,6,6,3,51,8,-1,-1,-1,-1,4,E01003074,0,2
2024041529857,2024,041529857,1,9,0,-1,19,1,5,-1,0,1,0,0,0,0,1,1,-1,6,3,-1,-1,-1,-1,-1,-1,-1,-1,0,-1
2024101474344,2024,101474344,1,1,0,-1,19,6,2,-1,0,8,0,0,0,0,4,1,-1,9,2,12,3,-1,-1,-1,-1,1,E01027426,0,1
2024461504282,2024,461504282,1,9,0,-1,4,3,5,-1,0,5,0,0,0,0,1,9,-1,6,2,21,5,-1,-1,-1,-1,4,E01024138,0,1
2024471412192,2024,471412192,1,9,0,-1,13,8,4,-1,0,1,1,0,2,11,4,1,-1,2,1,47,8,-1,-1,-1,-1,2,E01016918,0,4
2024440144571,2024,440144571,1,1,0,18,19,2,6,0,0,0,0,0,0,0,3,1,6,6,1,53,8,-1,-1,-1,-1,9,E01022676,0,1
2024501408927,2024,501408927,1,9,0,-1,19,1,5,-1,0,1,0,0,0,0,1,9,-1,6,1,43,7,-1,-1,-1,-1,5,E01018960,0,4
2024010492891,2024,010492891,2,21,1,4,4,7,3,0,0,0,0,0,0,0,2,1,1,1,1,49,8,-1,-1,-1,-1,8,E01023174,0,4
2024421426285,2024,421426285,2,9,0,-1,19,1,5,-1,0,1,0,0,0,0,3,1,-1,6,2,17,4,-1,-1,-1,-1,8,E01015920,0,1
2024430001253,2024,430001253,1,9,0,18,19,4,8,0,0,0,0,0,0,0,4,1,2,2,1,66,10,-1,-1,-1,-1,7,E01030735,0,3
2024211453076,2024,211453076,1,9,0,-1,7,3,8,-1,0,5,1,7,2,0,1,1,-1,9,1,23,5,-1,-1,-1,-1,9,E01032421,0,4
2024131526331,2024,131526331,2,1,0,-1,19,5,5,-1,0,0,0,0,0,0,1,1,-1,1,1,44,7,-1,-1,-1,-1,1,E01011838,0,1
2024440267889,2024,440267889,2,9,0,18,19,1,5,0,0,8,0,0,0,0,1,1,2,2,1,27,6,-1,-1,-1,-1,7,E01035448,0,1
2024430384776,2024,430384776,1,3,0,14,14,7,3,0,0,0,0,0,0,0,1,1,1,1,1,29,6,-1,-1,-1,-1,5,E01001570,0,4
2024010493257,2024,010493257,1,9,0,18,19,7,3,0,0,0,0,0,0,0,1,1,6,6,1,34,6,-1,-1,-1,-1,3,E01023538,0,3
2024430035745,2024,430035745,2,1,0,18,19,7,3,0,0,1,0,0,0,0,1,1,6,6,1,45,7,-1,-1,-1,-1,-1,-1,0,-1
2024340WN5862,2024,340WN5862,2,9,0,-1,3,6,2,-1,0,0,0,0,0,0,2,1,-1,9,2,29,6,-1,-1,-1,-1,2,E01027178,0,1
2024211528859,2024,211528859,2,20,0,-1,19,-1,-1,-1,0,0,9,0,0,0,3,2,-1,6,3,-1,-1,-1,-1,-1,-1,-1,-1,0,-1
2024010502685,2024,010502685,2,9,0,5,5,1,5,0,0,6,0,0,0,0,3,2,6,6,1,35,6,-1,-1,-1,-1,2,E01000661,0,1
2024010508318,2024,010508318,2,9,0,18,19,1,5,0,0,8,0,0,0,0,1,1,1,1,1,46,8,-1,-1,-1,-1,6,E01034589,0,1
2024131474065,2024,131474065,1,9,0,-1,12,5,1,-1,0,0,1,7,1,0,3,1,-1,2,1,50,8,-1,-1,-1,-1,1,E01010731,0,2
2024430004314,2024,430004314,1,9,0,10,10,2,8,0,0,1,0,0,0,0,2,1,6,6,3,-1,-1,-1,-1,-1,-1,-1,-1,0,-1
2024471443449,2024,471443449,3,9,0,-1,19,7,3,-1,0,0,0,0,0,0,3,1,-1,6,-1,-1,-1,-1,-1,-1,-1,-1,-1,0,-1
2024010514729,2024,010514729,2,1,0,18,19,8,4,0,0,8,0,0,0,0,3,1,1,1,1,38,7,-1,-1,-1,-1,5,E01033922,0,1
2024430057927,2024,430057927,1,9,0,18,19,5,1,0,0,0,0,0,0,0,1,1,6,6,1,75,10,-1,-1,-1,-1,3,E01004645,0,4
2024522401170,2024,522401170,3,9,0,8,8,2,3,0,0,5,0,0,0,0,2,1,6,6,3,-1,-1,-1,-1,-1,-1,-1,-1,0,-1
2024070877672,2024,070877672,2,9,0,-1,19,1,7,-1,0,6,0,0,0,0,4,1,-1,6,1,25,5,-1,-1,-1,-1,1,E01012424,0,1
2024320011815,2024,320011815,1,2,0,-1,-1,4,8,0,0,1,0,0,0,0,1,1,6,6,1,-1,-1,-1,-1,-1,-1,-1,-1,0,-1
2024201532925,2024,201532925,1,9,0,-1,7,4,7,-1,0,6,0,0,0,0,1,1,-1,6,3,24,5,-1,-1,-1,-1,-1,-1,0,-1
2024340NN0202,2024,340NN0202,2,1,0,-1,9,6,3,-1,0,8,0,0,0,0,4,1,-1,6,1,24,5,-1,-1,-1,-1,4,E01026956,0,1
2024010546758,2024,010546758,2,1,9,99,99,9,9,99,99,9,9,99,9,99,2,1,6,6,3,-1,-1,-1,-1,-1,-1,2,E01001787,0,1
2024302400122,2024,302400122,1,9,0,5,5,4,8,0,0,1,0,0,0,0,1,1,6,6,1,58,9,-1,-1,-1,-1,8,E01034254,0,2
2024320423010,2024,320423010,2,9,0,-1,-1,1,5,0,0,0,0,0,0,0,1,1,6,6,3,-1,-1,-1,-1,-1,-1,-1,-1,0,-1
2024010490347,2024,010490347,2,9,0,99,99,9,9,99,99,0,9,99,9,99,9,9,6,6,3,-1,-1,-1,-1,-1,-1,2,E01000604,0,3
2024052400587,2024,052400587,2,1,0,99,99,9,9,0,0,9,0,99,9,99,2,1,6,6,1,23,5,-1,-1,-1,-1,1,E01006699,0,1
2024351437775,2024,351437775,2,1,-1,-1,-1,-1,-1,-1,-1,0,-1,-1,-1,0,-1,1,-1,9,1,24,5,-1,-1,-1,-1,7,E01017989,0,1
2024101464173,2024,101464173,2,1,0,-1,5,7,2,-1,0,4,0,0,0,0,1,1,-1,9,1,71,10,-1,-1,-1,-1,2,E01008474,0,1
2024010532437,2024,010532437,2,1,0,18,19,2,6,0,0,4,0,0,0,0,1,1,2,2,1,28,6,-1,-1,-1,-1,7,E01003867,0,1
2024231463799,2024,231463799,1,-1,0,-1,19,3,7,-1,0,0,0,0,0,0,1,1,-1,6,2,33,6,-1,-1,-1,-1,6,E01031062,1,1
2024451442087,2024,451442087,2,9,-1,-1,19,1,5,-1,0,0,2,0,0,0,1,9,-1,6,3,30,6,-1,-1,-1,-1,-1,-1,0,-1
202454A735224,2024,54A735224,1,9,0,16,19,4,7,0,0,0,1,0,0,0,1,1,6,6,1,17,4,-1,-1,-1,-1,8,E01034535,0,3
2024010535357,2024,010535357,2,9,9,99,99,9,9,99,99,9,9,99,9,99,9,9,6,6,3,-1,-1,-1,-1,-1,-1,-1,-1,0,-1
2024010524736,2024,010524736,2,97,0,13,13,7,3,0,0,2,0,0,0,0,1,1,6,6,3,-1,-1,-1,-1,-1,-1,-1,-1,0,-1
2024361451719,2024,361451719,2,9,0,-1,19,7,3,-1,0,1,0,0,7,0,1,1,-1,2,1,57,9,-1,-1,-1,-1,5,E01026591,0,4
2024522402247,2024,522402247,2,9,0,5,5,7,1,0,0,4,0,0,0,0,1,1,6,6,1,-1,-1,-1,-1,-1,-1,-1,-1,0,-1
2024320599128,2024,320599128,2,1,0,-1,-1,6,2,0,0,0,0,0,0,0,2,1,-1,-1,2,57,9,-1,-1,-1,-1,-1,-1,0,-1
2024010522220,2024,010522220,2,1,0,18,19,3,7,0,0,1,0,0,0,0,3,1,6,6,1,24,5,-1,-1,-1,-1,4,E01004760,0,1
2024302401610,2024,302401610,4,9,0,2,2,0,0,9,9,1,0,0,0,0,2,1,6,6,3,-1,-1,-1,-1,-1,-1,-1,-1,0,-1
2024010528335,2024,010528335,1,-1,0,7,7,5,7,0,0,1,0,0,0,0,4,1,6,6,1,54,8,-1,-1,-1,-1,2,E01003065,1,1
2024991492081,2024,991492081,1,3,0,-1,19,3,7,-1,0,1,0,0,0,0,4,1,-1,6,1,18,4,-1,-1,-1,-1,1,-1,0,1
2024131472816,2024,131472816,2,1,0,-1,19,8,4,-1,0,1,0,0,0,0,3,1,-1,6,1,61,9,-1,-1,-1,-1,2,E01010930,0,1
2024440242200,2024,440242200,2,1,0,18,19,6,2,0,0,1,0,0,0,0,1,1,6,6,1,71,10,-1,-1,-1,-1,4,E01023085,0,1
2024010507082,2024,010507082,1,2,0,17,19,7,3,0,0,1,0,0,0,0,1,1,6,6,1,-1,-1,-1,-1,-1,-1,-1,-1,0,-1
2024430530658,2024,430530658,1,9,0,18,19,8,4,0,0,4,0,0,1,2,1,1,6,6,1,37,7,-1,-1,-1,-1,8,E01010161,0,4
2024010513948,2024,010513948,2,9,0,11,11,3,7,0,0,0,0,0,0,0,4,1,6,6,1,40,7,-1,-1,-1,-1,3,E01015935,0,3
2024010493728,2024,010493728,2,9,0,18,19,1,5,0,0,4,0,0,0,0,1,1,6,6,2,84,11,-1,-1,-1,-1,-1,-1,0,-1
2024371425723,2024,371425723,1,9,0,-1,19,4,8,-1,0,0,0,0,0,0,4,1,-1,6,2,50,8,-1,-1,-1,-1,10,E01030206,0,1
2024351544974,2024,351544974,2,-1,0,-1,19,3,8,-1,0,8,0,0,0,0,4,1,-1,2,2,33,6,-1,-1,-1,-1,2,E01017948,1,1
2024501424106,2024,501424106,1,9,0,-1,19,2,6,-1,9,1,0,0,1,0,1,1,-1,6,3,-1,-1,-1,-1,-1,-1,-1,-1,0,-1
2024430530696,2024,430530696,1,9,0,7,7,4,6,0,0,8,0,0,0,0,4,1,6,6,3,-1,-1,-1,-1,-1,-1,-1,-1,0,-1
2024010492560,2024,010492560,2,3,0,15,15,6,2,4,4,8,1,0,0,0,1,1,1,1,1,36,7,-1,-1,-1,-1,8,E01004504,0,1
2024531440451,2024,531440451,3,9,0,-1,9,7,3,-1,0,2,0,0,0,0,0,9,-1,6,3,-1,-1,-1,-1,-1,-1,-1,-1,0,-1
2024010507453,2024,010507453,5,1,9,99,99,9,9,99,99,9,9,99,9,99,9,1,6,6,1,-1,-1,-1,-1,-1,-1,-1,-1,0,-1
2024351521577,2024,351521577,2,1,0,-1,19,8,4,-1,0,0,0,0,0,0,4,1,-1,2,2,38,7,-1,-1,-1,-1,10,E01018283,0,1
2024010502899,2024,010502899,2,9,0,3,3,3,7,0,0,1,0,0,0,0,1,1,6,6,3,-1,-1,-1,-1,-1,-1,-1,-1,0,-1
2024991507703,2024,991507703,2,1,0,-1,19,2,7,-1,4,1,0,0,0,0,1,1,-1,6,2,50,8,-1,-1,-1,-1,6,-1,0,1
2024010490187,2024,010490187,1,11,0,18,19,5,1,2,2,1,0,0,0,0,0,1,1,1,1,53,8,-1,-1,-1,-1,3,E01032574,0,2
2024010512160,2024,010512160,2,1,0,18,19,2,6,0,0,8,5,0,0,0,3,1,6,6,1,42,7,-1,-1,-1,-1,7,E01000196,0,1
2024430048536,2024,430048536,1,1,0,18,19,5,1,0,0,8,0,0,0,0,3,1,6,6,1,77,11,-1,-1,-1,-1,10,E01017739,0,1
2024201433412,2024,201433412,1,9,0,-1,4,5,1,-1,0,1,0,0,0,0,1,1,-1,6,3,18,4,-1,-1,-1,-1,-1,-1,0,-1
2024161427513,2024,161427513,1,-1,0,-1,19,7,3,-1,9,0,0,0,0,0,1,1,-1,6,3,-1,-1,-1,-1,-1,-1,-1,-1,1,-1
2024010497157,2024,010497157,2,9,0,99,99,9,9,99,99,9,9,99,9,99,9,9,6,6,3,-1,-1,-1,-1,-1,-1,-1,-1,0,-1
2024201528796,2024,201528796,1,9,0,-1,19,3,7,-1,0,1,0,0,0,0,1,1,-1,6,1,43,7,-1,-1,-1,-1,7,E01025743,0,4
2024010543281,2024,010543281,2,1,0,18,19,3,7,0,0,1,0,0,0,0,1,1,6,6,2,31,6,-1,-1,-1,-1,4,E01034028,0,2
2024302400176,2024,302400176,2,21,1,17,19,6,2,0,0,1,0,0,0,0,1,1,1,1,1,57,9,-1,-1,-1,-1,7,E01019716,0,1
2024201501332,2024,201501332,2,18,-1,-1,19,4,8,-1,0,0,0,0,0,0,1,1,-1,6,1,53,8,-1,-1,-1,-1,2,E01034312,0,1
2024061467733,2024,061467733,2,1,0,-1,15,8,2,-1,0,1,0,0,0,0,1,1,-1,1,1,-1,-1,-1,-1,-1,-1,1,E01005081,0,2
2024161407369,2024,161407369,2,1,0,-1,9,1,3,-1,0,8,0,0,0,0,1,1,-1,6,2,45,7,-1,-1,-1,-1,6,E01012771,0,1
2024451398343,2024,451398343,2,9,0,-1,19,1,5,-1,0,0,0,0,0,0,1,9,-1,6,1,36,7,-1,-1,-1,-1,-1,-1,0,-1
2024010493765,2024,010493765,1,8,0,99,99,9,9,99,99,9,9,99,9,99,2,9,2,2,1,60,9,-1,-1,-1,-1,3,E01004183,0,1
2024141394832,2024,141394832,1,1,0,-1,19,1,5,-1,0,0,5,0,0,0,1,1,-1,6,1,71,10,-1,-1,-1,-1,8,E01007713,0,1
2024201548959,2024,201548959,2,8,0,-1,19,3,7,-1,0,0,0,0,0,0,3,1,-1,6,1,36,7,-1,-1,-1,-1,4,E01009188,0,1