collision_index,collision_year,collision_ref_no,vehicle_reference,vehicle_type,towing_and_articulation,vehicle_manoeuvre_historic,vehicle_manoeuvre,vehicle_direction_from,vehicle_direction_to,vehicle_location_restricted_lane_historic,vehicle_location_restricted_lane,junction_location,skidding_and_overturning,hit_object_in_carriageway,vehicle_leaving_carriageway,hit_object_off_carriageway,first_point_of_impact,vehicle_left_hand_drive,journey_purpose_of_driver_historic,journey_purpose_of_driver,sex_of_driver,age_of_driver,age_band_of_driver,engine_capacity_cc,propulsion_code,age_of_vehicle,generic_make_model,driver_imd_decile,lsoa_of_driver,escooter_flag,driver_distance_banding
2024161493847,2024,161493847,1,1,0,-1,19,1,5,-1,0,0,0,0,0,0,1,1,-1,6,2,40,7,-1,-1,-1,-1,2,E01012821,0,1
2024010525620,2024,010525620,2,1,9,18,19,9,9,99,99,9,9,99,9,99,1,1,6,6,1,-1,-1,-1,-1,-1,-1,6,E01002680,0,1
2024010535258,2024,010535258,1,-1,9,99,99,9,9,99,99,9,9,99,9,99,9,1,6,6,3,34,6,-1,-1,-1,-1,7,E01003283,1,1
2024421526835,2024,421526835,2,9,0,-1,4,5,1,-1,0,1,0,0,0,0,2,1,-1,9,1,38,7,-1,-1,-1,-1,9,E01022076,0,3
2024430038486,2024,430038486,2,-1,0,18,19,4,8,0,0,8,0,0,0,0,1,1,6,6,2,12,3,-1,-1,-1,-1,5,E01017856,1,1
2024430156232,2024,430156232,1,9,0,18,19,5,1,0,0,1,0,0,0,0,1,1,6,6,2,-1,-1,-1,-1,-1,-1,-1,-1,0,-1
2024411445556,2024,411445556,2,9,0,-1,4,5,1,-1,0,0,0,0,0,0,1,1,-1,6,1,54,8,-1,-1,-1,-1,9,E01023509,0,3
2024010516975,2024,010516975,2,1,0,14,14,1,5,0,0,0,0,8,0,0,1,1,6,6,1,31,6,-1,-1,-1,-1,2,E01000104,0,1
2024010514679,2024,010514679,1,9,0,18,19,5,1,0,0,2,0,0,0,0,1,1,2,2,2,54,8,-1,-1,-1,-1,9,E01002190,0,2
2024522401800,2024,522401800,1,1,0,18,19,5,1,0,0,0,0,0,0,0,1,1,6,6,3,-1,-1,-1,-1,-1,-1,-1,-1,0,-1
2024440278626,2024,440278626,2,1,0,5,5,1,5,0,0,1,0,0,0,0,1,1,4,7,2,12,3,-1,-1,-1,-1,-1,-1,0,-1
2024320057228,2024,320057228,1,9,0,-1,-1,6,2,0,0,0,2,0,7,0,1,1,-1,-1,1,37,7,-1,-1,-1,-1,3,E01026311,0,4
2024231481334,2024,231481334,1,9,0,-1,19,4,8,-1,0,1,0,0,0,0,1,1,-1,1,1,17,4,-1,-1,-1,-1,8,E01031252,0,2
2024471457778,2024,471457778,2,1,0,-1,19,2,6,-1,0,0,0,0,0,0,3,1,-1,6,1,82,11,-1,-1,-1,-1,9,E01021168,0,1
2024131461090,2024,131461090,2,1,0,-1,19,5,1,-1,0,1,0,0,0,0,3,1,-1,1,1,43,7,-1,-1,-1,-1,2,E01010806,0,1
2024101501458,2024,101501458,1,1,0,-1,19,3,7,-1,9,0,0,0,0,0,1,1,-1,6,1,17,4,-1,-1,-1,-1,1,E01027546,0,2
2024430556151,2024,430556151,3,9,0,4,4,5,1,0,0,0,0,0,0,0,0,1,6,6,3,-1,-1,-1,-1,-1,-1,-1,-1,0,-1
2024361445237,2024,361445237,1,9,0,-1,-1,7,3,-1,-1,0,-1,-1,-1,0,-1,9,-1,6,3,-1,-1,-1,-1,-1,-1,-1,-1,0,-1
2024141481542,2024,141481542,1,1,0,-1,19,3,7,-1,0,8,1,0,0,0,1,1,-1,6,1,41,7,-1,-1,-1,-1,1,E01007338,0,1
2024010492928,2024,010492928,1,1,9,99,99,9,9,99,99,0,9,8,9,99,9,1,6,6,1,44,7,-1,-1,-1,-1,7,E01004635,0,2
2024311461988,2024,311461988,4,9,0,-1,19,4,8,-1,0,0,0,0,0,0,0,1,-1,6,2,75,10,-1,-1,-1,-1,9,E01027903,0,4
2024332400833,2024,332400833,2,1,0,-1,19,5,1,-1,0,0,0,0,0,0,3,1,-1,9,1,54,8,-1,-1,-1,-1,4,E01025931,0,1
2024430140460,2024,430140460,1,19,0,9,9,7,5,0,0,5,0,0,0,0,1,1,1,1,1,24,5,-1,-1,-1,-1,-1,-1,0,-1
2024461503675,2024,461503675,1,99,0,-1,12,2,6,-1,0,0,0,0,0,0,4,9,-1,6,3,-1,-1,-1,-1,-1,-1,-1,-1,0,-1
2024041448524,2024,041448524,1,1,0,-1,4,5,8,-1,0,0,0,0,0,0,1,1,-1,6,1,8,2,-1,-1,-1,-1,7,E01025465,0,1
2024010498177,2024,010498177,1,19,0,18,19,5,1,0,0,8,0,0,0,0,1,1,6,6,3,-1,-1,-1,-1,-1,-1,-1,-1,0,-1
2024340NN0552,2024,340NN0552,2,9,0,-1,3,2,6,-1,0,1,0,0,0,0,2,1,-1,2,2,39,7,-1,-1,-1,-1,1,E01027318,0,1
2024201453514,2024,201453514,1,99,0,-1,19,8,4,-1,0,0,0,0,0,0,0,9,-1,6,3,23,5,-1,-1,-1,-1,-1,-1,0,-1
2024520401610,2024,520401610,2,1,0,18,19,4,8,0,0,0,0,0,0,0,3,1,6,6,3,-1,-1,-1,-1,-1,-1,-1,-1,0,-1
2024101411749,2024,101411749,2,1,0,-1,19,7,3,-1,0,0,0,0,0,0,2,1,-1,6,1,50,8,-1,-1,-1,-1,-1,-1,0,-1
2024052402452,2024,052402452,2,9,0,18,19,7,3,0,0,0,0,0,0,0,1,1,6,6,1,30,6,-1,-1,-1,-1,2,E01035367,0,3
2024531513538,2024,531513538,2,97,0,-1,19,1,5,-1,0,1,0,0,0,0,1,1,-1,9,1,19,4,-1,-1,-1,-1,6,E01022176,0,1
2024440301611,2024,440301611,2,19,0,15,15,2,6,0,0,0,0,0,0,0,3,1,6,6,3,-1,-1,-1,-1,-1,-1,-1,-1,0,-1
2024010546937,2024,010546937,2,23,0,18,19,1,5,0,0,1,0,0,0,0,1,1,6,6,1,16,4,-1,-1,-1,-1,-1,-1,0,-1
2024201484469,2024,201484469,2,9,0,-1,4,4,8,-1,0,1,0,0,0,0,2,9,-1,1,3,29,6,-1,-1,-1,-1,3,E01009316,0,2
2024552400617,2024,552400617,1,1,0,11,11,6,2,4,4,0,0,10,0,0,1,1,6,6,1,59,9,-1,-1,-1,-1,8,E01015344,0,2
2024371403850,2024,371403850,1,98,-1,-1,-1,-1,-1,-1,-1,0,-1,-1,-1,0,-1,9,-1,6,3,-1,-1,-1,-1,-1,-1,-1,-1,0,-1
2024461517028,2024,461517028,4,9,0,-1,2,0,0,-1,0,0,0,0,0,0,4,1,-1,6,1,39,7,-1,-1,-1,-1,1,E01024240,0,1
2024552400073,2024,552400073,2,1,0,18,19,7,3,0,0,8,0,0,0,0,1,1,2,2,2,58,9,-1,-1,-1,-1,10,E01022987,0,3
2024010500342,2024,010500342,1,11,0,99,99,9,9,99,99,0,9,99,9,99,2,1,6,6,3,-1,-1,-1,-1,-1,-1,-1,-1,0,-1
2024311447709,2024,311447709,1,9,-1,-1,19,1,5,-1,0,0,0,0,0,0,4,9,-1,6,3,-1,-1,-1,-1,-1,-1,-1,-1,0,-1
2024461472998,2024,461472998,2,1,0,-1,5,1,5,-1,0,4,0,0,0,0,4,1,-1,9,1,79,11,-1,-1,-1,-1,5,E01024054,0,1
2024010491396,2024,010491396,1,9,0,18,19,7,3,0,0,8,0,0,0,0,1,1,6,6,3,-1,-1,-1,-1,-1,-1,-1,-1,0,-1
2024411538790,2024,411538790,1,9,0,-1,19,1,5,-1,0,0,0,0,0,0,1,1,-1,6,1,22,5,-1,-1,-1,-1,2,E01015772,0,4
2024010494485,2024,010494485,2,1,0,11,11,1,5,4,4,3,0,0,0,0,1,1,2,2,1,25,5,-1,-1,-1,-1,4,E01003998,0,1
2024471535382,2024,471535382,3,9,0,-1,2,2,6,-1,9,0,0,0,0,0,1,1,-1,6,3,-1,-1,-1,-1,-1,-1,-1,-1,0,-1
2024531410373,2024,531410373,1,9,0,-1,1,5,1,-1,0,8,0,0,0,0,2,1,-1,6,2,60,9,-1,-1,-1,-1,8,E01022423,0,1
2024122401112,2024,122401112,2,1,0,18,19,7,3,0,0,0,0,0,0,0,1,1,6,6,1,49,8,-1,-1,-1,-1,10,E01027639,0,1
2024501472428,2024,501472428,1,9,0,-1,19,2,6,-1,0,2,0,0,0,0,1,9,-1,6,1,-1,-1,-1,-1,-1,-1,-1,-1,0,-1
2024461477810,2024,461477810,1,9,0,-1,19,5,1,-1,0,0,0,0,0,0,4,9,-1,9,3,-1,-1,-1,-1,-1,-1,-1,-1,0,-1
2024010545139,2024,010545139,1,1,9,99,99,9,9,99,99,9,9,8,9,99,1,1,6,6,3,23,5,-1,-1,-1,-1,3,E01003977,0,1
2024361478416,2024,361478416,1,3,0,-1,19,3,7,-1,0,0,0,11,0,0,0,1,-1,9,1,62,9,-1,-1,-1,-1,3,E01026447,0,2
202417M109224,2024,17M109224,1,9,0,-1,19,1,5,-1,0,1,0,0,0,0,1,1,-1,6,3,-1,-1,-1,-1,-1,-1,-1,-1,0,-1
2024010507239,2024,010507239,2,9,0,99,99,9,9,99,99,9,9,99,9,99,9,9,6,6,3,-1,-1,-1,-1,-1,-1,-1,-1,0,-1
2024010518162,2024,010518162,2,1,0,6,6,7,7,0,0,2,0,0,0,0,3,1,4,7,2,13,3,-1,-1,-1,-1,4,E01001763,0,1
2024522401661,2024,522401661,2,9,0,13,13,6,2,0,0,1,0,0,0,0,4,1,6,6,1,-1,-1,-1,-1,-1,-1,-1,-1,0,-1
2024010498385,2024,010498385,2,9,0,11,11,9,9,99,99,5,9,99,9,99,9,9,6,6,3,-1,-1,-1,-1,-1,-1,-1,-1,0,-1
2024131515758,2024,131515758,2,90,0,-1,19,5,1,-1,0,0,0,0,0,0,1,1,-1,1,1,55,8,-1,-1,-1,-1,1,E01011332,0,2
2024991478965,2024,991478965,1,1,0,-1,19,4,8,-1,5,0,0,0,0,0,1,1,-1,1,1,32,6,-1,-1,-1,-1,2,-1,0,1
2024010517994,2024,010517994,1,9,0,18,19,4,8,0,0,1,0,0,0,0,4,1,6,6,3,-1,-1,-1,-1,-1,-1,-1,-1,0,-1
2024201412141,2024,201412141,1,9,0,-1,19,3,7,-1,0,1,0,0,0,0,1,9,-1,6,1,-1,-1,-1,-1,-1,-1,-1,-1,0,-1
2024111527718,2024,111527718,1,9,0,-1,19,4,8,-1,0,0,0,0,0,0,1,1,-1,6,3,30,6,-1,-1,-1,-1,-1,-1,0,-1
2024141513649,2024,141513649,1,9,0,-1,9,5,3,-1,0,1,0,0,0,0,1,2,-1,9,1,71,10,-1,-1,-1,-1,-1,-1,0,-1
2024340WN3922,2024,340WN3922,2,5,0,-1,19,5,1,-1,0,8,0,0,0,0,1,1,-1,9,1,39,7,-1,-1,-1,-1,3,E01027319,0,3
2024622400569,2024,622400569,2,1,0,18,19,1,5,0,0,8,0,0,0,0,4,1,6,6,1,47,8,-1,-1,-1,-1,10,W01001075,0,1
2024221534861,2024,221534861,1,1,0,-1,9,6,3,-1,0,6,0,0,0,0,1,1,-1,9,1,12,3,-1,-1,-1,-1,-1,-1,0,-1
2024421481534,2024,421481534,1,1,0,-1,9,8,6,-1,0,1,0,0,0,0,3,1,-1,9,1,12,3,-1,-1,-1,-1,6,E01021414,0,1
2024211478242,2024,211478242,1,4,0,-1,19,7,3,-1,9,0,1,10,1,11,4,1,-1,9,1,27,6,-1,-1,-1,-1,4,E01029834,0,1
2024221497625,2024,221497625,2,9,0,-1,9,2,8,-1,0,5,0,0,0,0,3,1,-1,1,1,36,7,-1,-1,-1,-1,6,E01010438,0,4
2024451457243,2024,451457243,1,9,0,-1,19,5,1,-1,0,0,0,0,0,0,0,1,-1,2,1,26,6,-1,-1,-1,-1,7,E01024069,0,4
2024520402216,2024,520402216,1,11,0,18,19,2,6,0,0,0,0,0,0,0,1,1,6,6,1,60,9,-1,-1,-1,-1,5,E01029257,0,4
2024440400237,2024,440400237,1,9,0,18,19,4,8,0,0,0,0,0,0,0,1,1,6,6,1,-1,-1,-1,-1,-1,-1,-1,-1,0,-1
2024201413878,2024,201413878,3,9,0,-1,4,2,6,-1,0,3,0,0,0,0,2,1,-1,6,3,-1,-1,-1,-1,-1,-1,-1,-1,0,-1
2024010553255,2024,010553255,1,19,0,99,99,9,9,99,99,6,9,99,9,99,9,9,6,6,3,34,6,-1,-1,-1,-1,9,E01000667,0,3
2024010495081,2024,010495081,2,9,0,99,99,9,9,99,99,9,9,99,9,99,9,9,6,6,3,-1,-1,-1,-1,-1,-1,-1,-1,0,-1
2024031491388,2024,031491388,2,9,0,-1,10,8,4,-1,0,1,0,0,0,0,2,1,-1,9,1,42,7,-1,-1,-1,-1,-1,-1,0,-1
2024421411004,2024,421411004,2,1,0,-1,9,4,2,-1,0,8,0,0,0,0,2,1,-1,9,1,52,8,-1,-1,-1,-1,7,E01035168,0,1
2024201512752,2024,201512752,2,1,0,-1,19,7,3,-1,0,0,0,0,0,0,2,1,-1,6,1,13,3,-1,-1,-1,-1,1,E01010283,0,1
2024430414387,2024,430414387,2,1,0,18,19,1,5,0,0,0,0,0,0,0,3,1,6,6,1,40,7,-1,-1,-1,-1,8,E01016797,0,1
2024320119814,2024,320119814,2,4,0,-1,-1,4,8,0,0,8,0,0,0,0,1,1,6,6,1,24,5,-1,-1,-1,-1,2,E01026050,0,1
2024320102790,2024,320102790,2,1,0,-1,-1,3,7,0,0,1,5,0,0,0,2,1,6,6,1,54,8,-1,-1,-1,-1,7,E01026398,0,1
2024522402853,2024,522402853,2,1,0,13,13,5,1,5,5,0,0,0,0,0,1,1,1,1,1,-1,-1,-1,-1,-1,-1,-1,-1,0,-1
2024010489220,2024,010489220,1,9,0,7,7,1,3,0,0,8,0,0,0,0,1,1,6,6,1,60,9,-1,-1,-1,-1,7,E01001231,0,2
2024481558138,2024,481558138,2,1,0,-1,19,3,1,-1,0,8,0,0,0,0,4,1,-1,2,1,37,7,-1,-1,-1,-1,-1,-1,0,-1
2024332400816,2024,332400816,2,1,0,-1,19,5,1,-1,0,1,0,0,0,0,1,1,-1,9,1,39,7,-1,-1,-1,-1,8,E01013808,0,1
2024010537492,2024,010537492,1,97,0,18,19,8,4,0,0,8,0,0,0,0,0,1,6,6,3,-1,-1,-1,-1,-1,-1,-1,-1,0,-1
2024010492627,2024,010492627,1,9,0,9,9,1,6,0,0,1,0,0,0,0,4,1,6,6,1,54,8,-1,-1,-1,-1,2,E01000533,0,3
2024010517992,2024,010517992,1,1,0,18,19,7,3,4,4,0,1,0,0,0,9,1,6,6,3,-1,-1,-1,-1,-1,-1,-1,-1,0,-1
2024010532527,2024,010532527,2,1,0,18,19,1,5,0,0,0,0,0,0,0,1,1,6,6,1,20,4,-1,-1,-1,-1,2,E01001447,0,2
2024522401921,2024,522401921,1,1,0,18,19,4,8,0,0,1,0,0,0,0,1,1,6,6,1,35,6,-1,-1,-1,-1,1,E01014596,0,2
2024991422664,2024,991422664,1,9,0,-1,19,6,2,-1,0,0,0,0,0,0,1,1,-1,1,1,29,6,-1,-1,-1,-1,3,-1,0,3
2024361529536,2024,361529536,2,1,0,-1,19,6,2,-1,0,1,0,0,0,0,1,1,-1,1,1,25,5,-1,-1,-1,-1,6,E01026842,0,1
2024111503236,2024,111503236,1,1,0,-1,19,7,3,-1,0,0,0,0,0,0,3,1,-1,9,1,18,4,-1,-1,-1,-1,2,E01020895,0,1
2024421468142,2024,421468142,2,9,0,-1,4,2,3,-1,0,1,0,0,0,0,3,9,-1,6,3,-1,-1,-1,-1,-1,-1,-1,-1,0,-1
2024371525726,2024,371525726,2,99,0,-1,-1,-1,-1,-1,-1,0,-1,-1,-1,0,-1,9,-1,6,3,-1,-1,-1,-1,-1,-1,-1,-1,0,-1
2024311439606,2024,311439606,1,1,0,-1,19,5,1,-1,0,0,0,0,0,0,2,1,-1,9,1,74,10,-1,-1,-1,-1,10,E01028407,0,1
2024440329602,2024,440329602,2,1,0,13,13,5,1,0,0,2,0,0,0,0,3,1,6,6,2,24,5,-1,-1,-1,-1,3,E01017098,0,1
2024010547790,2024,010547790,1,1,0,18,19,5,1,0,0,1,0,0,0,0,2,1,6,6,3,24,5,-1,-1,-1,-1,-1,-1,0,-1
2024991409103,2024,991409103,2,9,0,-1,19,6,2,-1,0,8,0,0,0,0,1,1,-1,9,1,41,7,-1,-1,-1,-1,1,-1,0,1
2024201525975,2024,201525975,1,9,0,-1,7,2,4,-1,0,8,0,0,0,0,1,1,-1,6,3,-1,-1,-1,-1,-1,-1,-1,-1,0,-1
2024522401741,2024,522401741,2,9,0,17,19,7,2,0,0,0,0,0,0,0,1,1,6,6,1,37,7,-1,-1,-1,-1,3,E01010491,0,5
2024010524485,2024,010524485,1,9,0,5,5,7,3,0,0,8,0,0,0,0,3,1,6,6,1,40,7,-1,-1,-1,-1,2,E01003591,0,1
2024461443928,2024,461443928,2,1,0,-1,19,7,3,-1,0,1,0,0,0,0,3,1,-1,6,1,47,8,-1,-1,-1,-1,3,E01024307,0,1
2024211459228,2024,211459228,1,9,0,-1,13,7,3,-1,0,0,0,0,7,10,3,1,-1,9,1,26,6,-1,-1,-1,-1,3,E01029716,0,3
2024010487783,2024,010487783,2,21,0,18,19,5,1,0,0,8,0,0,3,1,4,1,1,1,1,55,8,-1,-1,-1,-1,3,E01002585,0,1
2024430336993,2024,430336993,3,9,-1,-1,-1,1,5,0,0,0,0,-1,0,0,0,-1,6,6,3,-1,-1,-1,-1,-1,-1,-1,-1,0,-1
2024010541240,2024,010541240,1,1,9,99,99,9,9,99,99,9,9,99,9,99,9,1,6,6,1,31,6,-1,-1,-1,-1,3,E01033132,0,3
2024010495587,2024,010495587,1,9,0,99,99,9,9,99,99,9,9,99,9,99,1,9,6,6,2,36,7,-1,-1,-1,-1,6,E01000264,0,1
2024010496956,2024,010496956,2,3,0,18,19,1,5,0,0,1,0,0,0,0,1,1,6,6,1,32,6,-1,-1,-1,-1,6,E01000142,0,2
2024101417083,2024,101417083,1,9,0,-1,13,7,3,-1,0,8,0,0,0,0,1,1,-1,1,1,33,6,-1,-1,-1,-1,1,E01008854,0,1
2024131479530,2024,131479530,1,9,0,-1,19,1,5,-1,0,0,1,4,1,0,3,1,-1,9,1,34,6,-1,-1,-1,-1,6,E01011846,0,1
2024361486787,2024,361486787,2,1,0,-1,19,7,3,-1,0,0,2,0,0,0,2,1,-1,2,2,37,7,-1,-1,-1,-1,6,E01026629,0,1
2024351527583,2024,351527583,2,9,0,-1,19,3,7,-1,0,0,0,0,0,0,2,1,-1,6,1,25,5,-1,-1,-1,-1,6,E01026664,0,4
2024320503028,2024,320503028,2,90,0,-1,-1,2,7,0,0,8,0,0,0,0,1,1,-1,-1,1,20,4,-1,-1,-1,-1,9,E01034697,0,1
2024131474055,2024,131474055,2,1,0,-1,19,7,3,-1,0,8,0,0,0,0,1,1,-1,9,1,11,3,-1,-1,-1,-1,2,E01011918,0,1
2024440164639,2024,440164639,2,16,0,18,19,7,3,0,0,0,0,0,0,0,0,1,6,6,2,27,6,-1,-1,-1,-1,8,E01034553,0,2
2024201487528,2024,201487528,1,9,0,-1,19,6,2,-1,0,0,0,0,0,0,1,9,-1,6,3,-1,-1,-1,-1,-1,-1,-1,-1,0,-1
2024440404256,2024,440404256,1,8,0,16,19,1,4,0,0,0,0,0,0,0,1,1,6,6,3,-1,-1,-1,-1,-1,-1,-1,-1,0,-1
2024010527501,2024,010527501,1,1,9,99,99,9,9,99,99,9,9,99,9,99,1,1,6,6,1,-1,-1,-1,-1,-1,-1,-1,-1,0,-1
2024461405089,2024,461405089,2,1,0,-1,19,8,4,-1,0,4,0,0,0,0,1,1,-1,2,1,43,7,-1,-1,-1,-1,6,E01035310,0,1
2024610016424,2024,610016424,1,1,0,18,19,6,2,0,0,0,0,0,0,0,3,1,6,6,1,60,9,-1,-1,-1,-1,5,W01001389,0,2
2024101402124,2024,101402124,1,-1,0,-1,19,4,8,-1,9,1,0,0,0,0,1,1,-1,9,1,24,5,-1,-1,-1,-1,-1,-1,1,-1
2024052402007,2024,052402007,1,9,0,7,7,7,1,0,0,5,0,0,0,0,4,1,6,6,2,54,8,-1,-1,-1,-1,1,E01007123,0,1
2024440167274,2024,440167274,1,1,0,18,19,1,5,0,0,8,0,0,0,0,3,1,6,6,1,28,6,-1,-1,-1,-1,-1,-1,0,-1
2024610046424,2024,610046424,1,9,0,5,5,6,2,0,0,4,0,0,0,0,1,1,6,6,1,-1,-1,-1,-1,-1,-1,10,E01023364,0,5
2024010544945,2024,010544945,2,1,9,99,99,9,9,99,99,1,9,99,9,99,9,1,2,2,1,30,6,-1,-1,-1,-1,4,E01000532,0,1
2024430508909,2024,430508909,2,21,0,18,19,7,3,0,0,0,0,0,0,0,1,1,2,2,1,59,9,-1,-1,-1,-1,9,E01016540,0,4
2024010488654,2024,010488654,2,9,0,18,19,2,6,0,0,4,0,0,0,0,1,1,6,6,1,37,7,-1,-1,-1,-1,8,E01021784,0,2
2024430127036,2024,430127036,1,9,0,3,3,6,2,0,0,0,0,0,0,0,2,1,1,1,1,54,8,-1,-1,-1,-1,9,E01033501,0,4
2024010524604,2024,010524604,1,1,9,99,99,9,9,99,99,9,9,99,9,99,1,1,2,2,1,31,6,-1,-1,-1,-1,3,E01003430,0,1
2024061473786,2024,061473786,1,1,0,-1,19,-1,-1,-1,4,0,5,0,0,0,4,1,-1,2,1,25,5,-1,-1,-1,-1,3,E01034131,0,1
2024361484495,2024,361484495,2,1,0,-1,19,7,3,-1,0,0,0,0,0,0,3,1,-1,6,1,67,10,-1,-1,-1,-1,5,E01026431,0,2
2024010547686,2024,010547686,1,9,0,9,9,1,7,9,9,8,0,0,0,0,3,1,6,6,2,62,9,-1,-1,-1,-1,9,E01000177,0,1
2024010543101,2024,010543101,1,1,9,99,99,9,9,99,99,1,9,99,9,99,9,1,6,6,2,37,7,-1,-1,-1,-1,8,E01001906,0,2
2024361483912,2024,361483912,2,1,0,-1,9,2,8,-1,0,1,0,0,0,0,3,1,-1,9,2,34,6,-1,-1,-1,-1,6,E01014960,0,5
2024010491910,2024,010491910,3,9,0,18,19,1,5,0,0,1,0,0,0,0,1,1,6,6,2,49,8,-1,-1,-1,-1,8,E01002436,0,1
2024041438905,2024,041438905,1,98,0,-1,19,3,7,-1,0,0,0,0,0,0,0,9,-1,6,3,-1,-1,-1,-1,-1,-1,-1,-1,0,-1
2024010534719,2024,010534719,1,9,0,99,99,9,9,99,99,9,9,99,9,99,1,9,6,6,3,-1,-1,-1,-1,-1,-1,2,E01001971,0,2
2024010530073,2024,010530073,2,1,9,99,99,9,9,99,99,9,9,99,9,99,1,1,6,6,1,-1,-1,-1,-1,-1,-1,-1,-1,0,-1
2024201467227,2024,201467227,1,1,0,-1,19,2,6,-1,0,1,0,0,0,0,1,1,-1,9,1,15,3,-1,-1,-1,-1,-1,-1,0,-1
2024010538204,2024,010538204,2,1,9,99,99,9,9,99,99,9,9,99,9,99,9,1,6,6,3,-1,-1,-1,-1,-1,-1,2,E01033702,0,1
2024361510051,2024,361510051,2,1,0,-1,19,7,3,-1,0,8,5,0,0,0,1,1,-1,6,1,-1,-1,-1,-1,-1,-1,-1,-1,0,-1
2024010525063,2024,010525063,1,1,0,18,19,1,5,0,0,0,0,0,0,0,1,1,2,2,2,59,9,-1,-1,-1,-1,5,E01003654,0,1
2024440515507,2024,440515507,2,19,0,6,6,1,1,0,0,8,0,0,0,0,4,1,2,2,1,26,6,-1,-1,-1,-1,5,E01017279,0,1
2024401427221,2024,401427221,1,9,0,-1,19,3,7,-1,0,4,0,0,0,0,1,1,-1,6,3,-1,-1,-1,-1,-1,-1,-1,-1,0,-1
2024440026938,2024,440026938,2,9,0,18,19,2,6,0,0,8,0,0,0,0,1,1,6,6,2,58,9,-1,-1,-1,-1,7,E01022532,0,3
2024010502891,2024,010502891,2,1,0,18,19,5,1,0,0,1,0,0,0,0,1,1,6,6,1,59,9,-1,-1,-1,-1,3,E01003309,0,1
2024111534446,2024,111534446,1,9,0,-1,19,2,5,-1,0,1,0,0,0,0,1,1,-1,6,3,30,6,-1,-1,-1,-1,-1,-1,0,-1
2024010497825,2024,010497825,2,9,0,99,99,9,9,99,99,9,9,99,9,99,9,9,6,6,3,-1,-1,-1,-1,-1,-1,-1,-1,0,-1
2024122500041,2024,122500041,1,9,0,18,19,7,3,0,0,1,1,0,0,0,2,1,6,6,1,55,8,-1,-1,-1,-1,10,E01013413,0,1
2024231510046,2024,231510046,2,1,-1,-1,19,8,4,-1,0,0,0,0,0,0,1,1,-1,6,1,25,5,-1,-1,-1,-1,4,E01031231,0,1
2024201474502,2024,201474502,2,1,0,-1,19,7,3,-1,0,0,0,0,0,0,1,1,-1,2,1,48,8,-1,-1,-1,-1,4,E01008888,0,2
2024351473666,2024,351473666,1,19,0,-1,19,-1,-1,-1,0,1,0,0,0,0,1,1,-1,6,1,20,4,-1,-1,-1,-1,9,E01018133,0,1
2024471475846,2024,471475846,1,97,0,-1,19,1,5,-1,0,1,0,0,0,0,0,1,-1,6,3,-1,-1,-1,-1,-1,-1,-1,-1,0,-1
2024411435095,2024,411435095,2,9,0,-1,4,6,2,-1,0,0,0,0,0,0,2,1,-1,9,1,38,7,-1,-1,-1,-1,2,E01015879,0,4
2024010491485,2024,010491485,2,1,0,18,19,1,5,9,9,8,0,0,0,0,1,1,1,1,1,20,4,-1,-1,-1,-1,3,E01002043,0,1
2024010500133,2024,010500133,2,1,0,14,14,1,5,0,0,1,0,0,0,0,1,1,6,6,1,36,7,-1,-1,-1,-1,3,E01004675,0,1
2024041463884,2024,041463884,1,9,0,-1,19,-1,-1,-1,0,5,0,0,0,0,-1,9,-1,6,3,-1,-1,-1,-1,-1,-1,-1,-1,0,-1
2024061491104,2024,061491104,1,9,0,-1,-1,-1,-1,-1,-1,-1,-1,-1,-1,0,-1,1,-1,6,2,41,7,-1,-1,-1,-1,10,E01019785,0,4
2024471525674,2024,471525674,1,9,0,-1,19,-1,-1,-1,0,1,0,0,0,0,-1,9,-1,6,3,-1,-1,-1,-1,-1,-1,-1,-1,0,-1
2024221427083,2024,221427083,1,90,0,-1,19,7,2,-1,0,0,1,0,0,0,1,9,-1,9,1,65,9,-1,-1,-1,-1,8,E01014002,0,1
202417H102524,2024,17H102524,1,1,0,-1,19,1,5,-1,0,8,0,0,0,0,1,1,-1,9,1,43,7,-1,-1,-1,-1,-1,-1,0,-1
2024010491204,2024,010491204,2,9,0,99,99,9,9,99,99,9,9,99,9,99,9,9,6,6,3,-1,-1,-1,-1,-1,-1,-1,-1,0,-1
2024991426993,2024,991426993,1,9,0,-1,19,7,3,-1,0,0,1,0,1,7,1,1,-1,2,1,47,8,-1,-1,-1,-1,2,-1,0,2
2024531456542,2024,531456542,1,23,0,-1,19,6,2,-1,0,0,0,10,0,0,1,1,-1,6,1,18,4,-1,-1,-1,-1,10,E01022135,0,1
2024010498463,2024,010498463,1,1,9,99,99,9,9,99,99,0,9,99,9,99,9,1,6,6,1,19,4,-1,-1,-1,-1,3,E01003605,0,1
2024411404310,2024,411404310,1,1,0,-1,19,1,5,-1,9,0,0,0,0,0,1,1,-1,1,1,29,6,-1,-1,-1,-1,5,E01023869,0,1
2024440289551,2024,440289551,2,9,0,3,3,3,7,0,0,0,0,0,0,0,2,1,6,6,2,-1,-1,-1,-1,-1,-1,8,E01023109,0,2
2024991421330,2024,991421330,1,9,0,-1,19,1,4,-1,0,0,1,0,0,0,1,1,-1,1,1,46,8,-1,-1,-1,-1,-1,-1,0,-1
2024010494962,2024,010494962,1,10,0,5,5,0,5,0,0,1,0,0,0,0,1,1,6,6,3,-1,-1,-1,-1,-1,-1,-1,-1,0,-1
2024131534519,2024,131534519,1,98,0,-1,-1,-1,-1,-1,-1,-1,-1,-1,-1,-1,-1,1,-1,6,3,-1,-1,-1,-1,-1,-1,-1,-1,0,-1
2024451521890,2024,451521890,1,9,0,-1,19,3,1,-1,0,0,5,0,0,0,1,9,-1,6,-1,26,6,-1,-1,-1,-1,2,E01001056,0,1
2024311509038,2024,311509038,1,9,0,-1,19,2,5,-1,0,0,0,0,0,0,1,1,-1,6,1,59,9,-1,-1,-1,-1,5,E01033782,0,1
2024401537533,2024,401537533,1,21,1,-1,12,3,7,-1,0,0,0,0,0,0,1,2,-1,1,1,49,8,-1,-1,-1,-1,-1,-1,0,-1
2024411435235,2024,411435235,1,9,0,-1,3,2,4,-1,0,1,0,0,0,0,1,1,-1,6,2,35,6,-1,-1,-1,-1,7,E01023341,0,1