collision_index,collision_year,collision_ref_no,vehicle_reference,vehicle_type,towing_and_articulation,vehicle_manoeuvre_historic,vehicle_manoeuvre,vehicle_direction_from,vehicle_direction_to,vehicle_location_restricted_lane_historic,vehicle_location_restricted_lane,junction_location,skidding_and_overturning,hit_object_in_carriageway,vehicle_leaving_carriageway,hit_object_off_carriageway,first_point_of_impact,vehicle_left_hand_drive,journey_purpose_of_driver_historic,journey_purpose_of_driver,sex_of_driver,age_of_driver,age_band_of_driver,engine_capacity_cc,propulsion_code,age_of_vehicle,generic_make_model,driver_imd_decile,lsoa_of_driver,escooter_flag,driver_distance_banding
2024010521875,2024,010521875,2,1,9,99,99,9,9,99,99,0,9,99,9,99,1,1,6,6,1,-1,-1,-1,-1,-1,-1,8,E01000420,0,1
2024552401182,2024,552401182,2,1,0,18,19,7,3,0,0,8,0,0,0,0,1,1,4,7,1,22,5,-1,-1,-1,-1,-1,-1,0,-1
2024010520004,2024,010520004,2,1,0,18,19,1,5,0,0,1,0,0,0,0,3,1,1,1,1,33,6,-1,-1,-1,-1,-1,-1,0,-1
2024622400722,2024,622400722,1,19,0,18,19,3,7,0,0,0,2,0,5,6,1,1,6,6,1,86,11,-1,-1,-1,-1,8,W01001005,0,2
2024501509260,2024,501509260,1,9,0,-1,19,6,2,-1,0,0,5,0,7,4,1,1,-1,9,1,20,4,-1,-1,-1,-1,7,E01020281,0,1
2024010518582,2024,010518582,1,3,0,99,99,9,9,99,99,9,9,99,9,99,2,1,1,1,1,35,6,-1,-1,-1,-1,4,E01002620,0,2
2024440219537,2024,440219537,1,1,0,18,19,3,7,0,0,1,0,0,0,0,1,1,6,6,2,35,6,-1,-1,-1,-1,6,E01023028,0,3
2024141422250,2024,141422250,2,-1,0,-1,19,6,3,-1,0,1,0,0,0,0,1,9,-1,6,1,11,3,-1,-1,-1,-1,2,E01008053,1,1
2024991459974,2024,991459974,2,1,0,-1,19,2,6,-1,0,8,0,0,0,0,4,1,-1,2,2,45,7,-1,-1,-1,-1,8,-1,0,2
2024501453182,2024,501453182,2,1,0,-1,19,5,1,-1,0,8,0,0,0,0,4,1,-1,9,1,57,9,-1,-1,-1,-1,3,E01018869,0,1
2024430532710,2024,430532710,2,1,0,9,9,7,5,0,0,6,0,0,0,0,3,1,6,6,1,18,4,-1,-1,-1,-1,8,E01028592,0,1
2024061512532,2024,061512532,2,9,0,-1,19,1,4,-1,0,0,0,0,0,0,1,1,-1,6,1,-1,-1,-1,-1,-1,-1,-1,-1,0,-1
2024991441782,2024,991441782,1,5,0,-1,19,8,3,-1,0,0,1,0,0,0,3,1,-1,9,1,59,9,-1,-1,-1,-1,-1,-1,0,-1
2024471514119,2024,471514119,1,9,0,-1,6,1,1,-1,0,0,0,0,0,0,0,9,-1,6,3,-1,-1,-1,-1,-1,-1,-1,-1,0,-1
2024211486554,2024,211486554,1,9,0,-1,9,5,1,-1,0,2,0,0,0,0,4,1,-1,9,1,45,7,-1,-1,-1,-1,-1,-1,0,-1
2024311439606,2024,311439606,2,1,0,-1,19,5,1,-1,0,0,0,0,0,0,1,1,-1,9,1,39,7,-1,-1,-1,-1,-1,-1,0,-1
2024991449687,2024,991449687,2,9,0,-1,12,7,3,-1,0,0,0,0,0,0,2,9,-1,6,3,24,5,-1,-1,-1,-1,-1,-1,0,-1
2024622400764,2024,622400764,1,9,0,18,19,6,2,0,0,0,0,4,0,0,1,1,6,6,1,89,11,-1,-1,-1,-1,6,W01000949,0,3
2024340WN0032,2024,340WN0032,1,1,0,-1,6,8,8,-1,0,0,0,0,0,0,1,1,-1,1,1,18,4,-1,-1,-1,-1,1,E01027140,0,2
2024231515791,2024,231515791,1,9,0,-1,19,5,6,-1,0,4,0,0,0,0,1,9,-1,6,3,45,7,-1,-1,-1,-1,-1,-1,0,-1
2024552400723,2024,552400723,2,9,0,18,19,5,1,0,0,8,0,0,0,0,4,1,2,2,2,49,8,-1,-1,-1,-1,8,E01015332,0,1
2024991514335,2024,991514335,2,22,0,-1,19,4,8,-1,0,5,5,0,0,0,4,1,-1,9,2,65,9,-1,-1,-1,-1,1,-1,0,1
2024101430796,2024,101430796,1,9,0,-1,1,1,7,-1,0,0,0,0,0,0,2,1,-1,6,1,41,7,-1,-1,-1,-1,3,E01008396,0,1
2024501444174,2024,501444174,2,1,0,-1,19,2,6,-1,0,1,0,0,0,0,2,1,-1,2,2,32,6,-1,-1,-1,-1,4,E01015077,0,1
2024010495305,2024,010495305,1,3,9,99,99,9,9,99,99,9,9,99,9,99,9,1,1,1,1,35,6,-1,-1,-1,-1,8,E01004175,0,4
2024010551754,2024,010551754,3,9,0,5,5,0,4,0,0,1,0,0,0,0,4,1,6,6,3,-1,-1,-1,-1,-1,-1,-1,-1,0,-1
2024111524528,2024,111524528,3,9,0,-1,19,5,1,-1,0,0,0,0,0,0,1,1,-1,6,1,39,7,-1,-1,-1,-1,9,E01008863,0,3
2024070802744,2024,070802744,1,9,0,-1,19,7,3,-1,0,2,0,0,0,0,1,1,-1,2,1,55,8,-1,-1,-1,-1,10,E01018490,0,1
2024010513658,2024,010513658,1,9,0,18,19,7,3,0,0,8,0,0,0,0,1,9,6,6,3,-1,-1,-1,-1,-1,-1,-1,-1,0,-1
2024430116852,2024,430116852,2,9,0,18,19,1,5,9,9,0,0,0,0,0,1,1,6,6,1,31,6,-1,-1,-1,-1,-1,-1,0,-1
2024201514249,2024,201514249,2,1,0,-1,5,5,1,-1,0,0,0,0,0,0,1,1,-1,6,1,58,9,-1,-1,-1,-1,-1,-1,0,-1
2024010491881,2024,010491881,2,9,0,99,99,9,9,99,99,9,9,99,9,99,2,9,6,6,3,-1,-1,-1,-1,-1,-1,-1,-1,0,-1
2024332400939,2024,332400939,2,1,0,-1,19,3,7,-1,0,8,0,0,0,0,4,1,-1,6,1,30,6,-1,-1,-1,-1,9,E01029509,0,4
2024520402953,2024,520402953,2,1,0,18,19,5,1,9,9,1,0,0,0,0,1,1,6,6,1,28,6,-1,-1,-1,-1,2,E01029097,0,1
2024010491062,2024,010491062,2,9,0,9,9,3,1,0,0,1,0,0,0,0,0,1,1,1,1,25,5,-1,-1,-1,-1,7,E01021807,0,4
2024101459950,2024,101459950,1,2,0,-1,19,2,4,-1,0,1,0,0,0,0,1,1,-1,6,1,15,3,-1,-1,-1,-1,3,E01008532,0,1
2024010523673,2024,010523673,2,1,0,18,19,5,1,0,0,2,0,0,0,0,3,1,6,6,1,28,6,-1,-1,-1,-1,3,E01001764,0,1
2024302401197,2024,302401197,2,9,0,4,4,2,8,0,0,0,1,0,0,0,1,1,6,6,1,18,4,-1,-1,-1,-1,9,E01019618,0,2
2024010529806,2024,010529806,1,9,0,18,19,1,5,0,0,0,0,0,0,0,1,1,6,6,3,-1,-1,-1,-1,-1,-1,-1,-1,0,-1
2024101441002,2024,101441002,1,9,0,-1,19,3,7,-1,0,0,0,0,0,0,4,9,-1,6,2,-1,-1,-1,-1,-1,-1,-1,-1,0,-1
2024401407108,2024,401407108,1,9,0,-1,-1,-1,-1,-1,0,4,0,0,0,0,-1,9,-1,6,3,-1,-1,-1,-1,-1,-1,-1,-1,0,-1
2024201455236,2024,201455236,1,19,0,-1,19,6,2,-1,0,4,0,0,0,0,2,9,-1,6,3,-1,-1,-1,-1,-1,-1,-1,-1,0,-1
2024522500172,2024,522500172,2,9,0,18,19,8,4,0,0,4,0,0,0,0,1,1,6,6,3,-1,-1,-1,-1,-1,-1,-1,-1,0,-1
2024010523978,2024,010523978,1,1,9,18,19,7,3,4,4,9,9,99,9,99,9,1,2,2,1,47,8,-1,-1,-1,-1,10,E01003858,0,2
2024131497026,2024,131497026,1,9,0,-1,-1,-1,-1,-1,-1,-1,-1,-1,-1,-1,-1,1,-1,6,3,-1,-1,-1,-1,-1,-1,-1,-1,0,-1
2024481503981,2024,481503981,1,1,0,-1,19,3,7,-1,0,1,0,0,0,0,3,1,-1,2,1,30,6,-1,-1,-1,-1,-1,-1,0,-1
2024101513723,2024,101513723,1,23,0,-1,7,1,3,-1,9,1,0,0,0,0,4,1,-1,6,1,16,4,-1,-1,-1,-1,-1,-1,0,-1
2024010538734,2024,010538734,2,1,0,18,19,4,8,0,0,8,0,0,0,0,1,1,1,1,1,29,6,-1,-1,-1,-1,3,E01033934,0,1
2024010499945,2024,010499945,1,1,0,4,4,5,1,9,9,1,0,0,0,0,0,1,6,6,1,72,10,-1,-1,-1,-1,5,E01000224,0,1
2024010489434,2024,010489434,2,19,0,99,99,9,9,99,99,9,9,99,9,99,9,9,6,6,1,24,5,-1,-1,-1,-1,6,E01002998,0,1
2024351398870,2024,351398870,2,-1,0,-1,-1,-1,-1,-1,0,4,0,-1,-1,0,-1,1,-1,9,1,24,5,-1,-1,-1,-1,5,E01017960,1,1
2024421422376,2024,421422376,2,1,-1,-1,19,1,5,-1,0,0,0,0,0,0,3,1,-1,6,1,74,10,-1,-1,-1,-1,6,E01021768,0,2
2024010496744,2024,010496744,1,3,0,99,99,9,9,99,99,9,9,99,9,99,9,1,1,1,1,32,6,-1,-1,-1,-1,2,E01002072,0,3
2024061523648,2024,061523648,1,9,0,-1,11,6,2,-1,0,0,0,0,0,0,2,9,-1,6,3,18,4,-1,-1,-1,-1,-1,-1,0,-1
2024430043653,2024,430043653,1,-1,0,18,19,6,2,0,0,8,0,0,0,0,1,1,6,6,1,-1,-1,-1,-1,-1,-1,-1,-1,1,-1
2024320659432,2024,320659432,1,9,0,-1,-1,6,2,0,0,0,0,4,0,0,4,1,6,6,3,-1,-1,-1,-1,-1,-1,-1,-1,0,-1
2024471486540,2024,471486540,5,9,0,-1,2,0,0,-1,0,0,0,0,0,0,0,1,-1,6,-1,-1,-1,-1,-1,-1,-1,-1,-1,0,-1
2024010519341,2024,010519341,2,9,0,99,99,9,9,99,99,9,9,99,9,99,9,9,6,6,3,-1,-1,-1,-1,-1,-1,-1,-1,0,-1
2024052402196,2024,052402196,1,9,0,18,19,2,5,0,0,3,0,0,0,0,4,1,2,2,2,22,5,-1,-1,-1,-1,8,E01006407,0,3
2024440292397,2024,440292397,1,1,0,5,5,7,3,0,0,4,0,0,0,0,0,1,2,2,1,57,9,-1,-1,-1,-1,8,E01023076,0,1
2024351443571,2024,351443571,1,8,0,-1,99,-1,-1,-1,0,9,0,99,0,0,0,9,-1,6,3,-1,-1,-1,-1,-1,-1,-1,-1,0,-1
2024010521742,2024,010521742,1,1,9,9,9,9,9,99,99,9,9,99,9,99,2,1,6,6,1,36,7,-1,-1,-1,-1,5,E01003272,0,1
2024010528305,2024,010528305,1,1,9,99,99,9,9,99,99,0,9,99,9,99,9,1,2,2,1,56,9,-1,-1,-1,-1,5,E01001615,0,1
2024451410875,2024,451410875,2,9,0,-1,19,5,1,-1,0,0,0,0,0,0,4,1,-1,9,1,18,4,-1,-1,-1,-1,10,E01022874,0,1
2024122500188,2024,122500188,1,9,0,9,9,3,1,0,0,8,0,0,0,0,1,1,6,6,2,27,6,-1,-1,-1,-1,9,E01013414,0,1
2024302400656,2024,302400656,2,1,0,18,19,5,1,0,0,8,0,0,0,0,1,1,6,6,1,42,7,-1,-1,-1,-1,9,E01019659,0,3
2024131431927,2024,131431927,1,19,0,-1,7,-1,-1,-1,0,0,-1,-1,-1,0,-1,1,-1,6,3,-1,-1,-1,-1,-1,-1,-1,-1,0,-1
2024991471406,2024,991471406,1,98,1,-1,19,8,4,-1,0,1,0,0,0,0,4,1,-1,1,1,25,5,-1,-1,-1,-1,-1,-1,0,-1
2024010548608,2024,010548608,2,1,0,18,19,3,7,0,0,8,0,0,0,0,1,1,6,6,3,-1,-1,-1,-1,-1,-1,-1,-1,0,-1
2024451491049,2024,451491049,1,1,0,-1,-1,-1,-1,-1,-1,-1,-1,-1,-1,0,-1,1,-1,6,2,49,8,-1,-1,-1,-1,9,E01030552,0,1
2024430320786,2024,430320786,1,9,0,13,13,1,5,0,0,2,0,0,0,0,0,1,1,1,1,-1,-1,-1,-1,-1,-1,-1,-1,0,-1
2024131424609,2024,131424609,1,9,0,-1,9,1,5,-1,0,6,0,0,0,0,3,1,-1,9,2,46,8,-1,-1,-1,-1,2,E01010665,0,1
2024010500396,2024,010500396,2,9,0,99,99,9,9,99,99,9,9,99,9,99,9,9,6,6,3,-1,-1,-1,-1,-1,-1,-1,-1,0,-1
2024501433564,2024,501433564,2,1,0,-1,19,1,5,-1,0,1,1,0,0,0,3,1,-1,7,1,13,3,-1,-1,-1,-1,3,E01019975,0,1
2024522402922,2024,522402922,2,9,0,18,19,6,2,0,0,8,0,0,0,0,1,1,6,6,3,-1,-1,-1,-1,-1,-1,-1,-1,0,-1
2024221515085,2024,221515085,3,9,0,-1,4,2,6,-1,0,0,0,0,0,0,0,9,-1,6,3,56,9,-1,-1,-1,-1,-1,-1,0,-1
2024010495020,2024,010495020,1,9,0,18,19,3,7,0,0,8,0,0,0,0,4,1,1,1,1,52,8,-1,-1,-1,-1,4,E01004427,0,2
2024522402574,2024,522402574,1,1,0,18,19,8,4,0,0,8,0,0,0,0,9,1,6,6,1,24,5,-1,-1,-1,-1,6,E01015005,0,2
2024471487780,2024,471487780,2,9,0,-1,19,1,5,-1,0,1,0,0,0,0,3,1,-1,9,2,33,6,-1,-1,-1,-1,5,E01031743,0,1
2024010494482,2024,010494482,1,3,0,18,19,1,5,0,0,8,0,0,0,0,9,1,1,1,1,25,5,-1,-1,-1,-1,9,E01000201,0,1
2024061454879,2024,061454879,1,9,0,-1,4,-1,-1,-1,0,0,0,0,0,0,2,1,-1,7,2,46,8,-1,-1,-1,-1,1,E01006249,0,1
2024041397984,2024,041397984,1,97,0,-1,19,3,7,-1,0,1,5,0,3,11,1,1,-1,9,1,72,10,-1,-1,-1,-1,1,E01012707,0,2
2024471406003,2024,471406003,1,9,0,-1,19,5,1,-1,0,0,0,0,0,0,1,1,-1,9,1,52,8,-1,-1,-1,-1,5,E01034819,0,4
2024451478611,2024,451478611,1,1,0,-1,19,1,5,-1,9,0,0,0,0,0,1,1,-1,9,1,58,9,-1,-1,-1,-1,6,E01030546,0,1
2024501459536,2024,501459536,2,23,0,-1,9,7,3,-1,0,1,0,0,0,0,1,1,-1,2,2,53,8,-1,-1,-1,-1,5,E01019947,0,1
2024010509694,2024,010509694,1,4,0,99,99,9,9,99,99,9,9,99,9,99,1,1,6,6,3,-1,-1,-1,-1,-1,-1,-1,-1,0,-1
2024010532844,2024,010532844,1,1,9,99,99,9,9,99,99,9,9,99,9,99,9,1,1,1,1,24,5,-1,-1,-1,-1,2,E01001786,0,1
2024311457598,2024,311457598,1,9,0,-1,5,1,2,-1,0,0,0,0,0,0,1,1,-1,1,1,34,6,-1,-1,-1,-1,10,E01033103,0,4
2024010499710,2024,010499710,1,1,9,99,99,9,9,99,99,9,9,99,9,99,1,1,2,2,2,50,8,-1,-1,-1,-1,6,E01004488,0,2
2024991486131,2024,991486131,1,9,0,-1,19,6,2,-1,0,0,0,0,0,0,1,1,-1,1,1,41,7,-1,-1,-1,-1,-1,-1,0,-1
2024471478975,2024,471478975,1,9,0,-1,3,3,7,-1,0,0,0,0,0,0,1,9,-1,6,1,-1,-1,-1,-1,-1,-1,-1,-1,0,-1
2024622500015,2024,622500015,1,11,0,4,4,1,5,0,0,1,0,0,0,0,0,1,1,1,3,-1,-1,-1,-1,-1,-1,-1,-1,0,-1
2024041395690,2024,041395690,2,1,0,-1,19,1,5,-1,0,1,0,0,0,0,1,1,-1,9,1,28,6,-1,-1,-1,-1,3,E01025374,0,1
2024041415506,2024,041415506,1,9,0,-1,19,-1,-1,-1,0,1,0,0,0,0,-1,9,-1,6,3,-1,-1,-1,-1,-1,-1,-1,-1,0,-1
2024010550059,2024,010550059,1,9,9,99,99,9,9,99,99,9,9,99,9,99,9,9,6,6,3,-1,-1,-1,-1,-1,-1,-1,-1,0,-1
2024010532063,2024,010532063,1,1,0,18,19,1,5,5,5,8,0,0,0,0,3,1,6,6,1,55,8,-1,-1,-1,-1,2,E01003057,0,1
2024522402389,2024,522402389,1,1,0,18,19,8,4,0,0,8,0,0,0,0,4,1,6,6,1,40,7,-1,-1,-1,-1,1,E01032515,0,1
2024041496274,2024,041496274,1,9,0,-1,19,-1,-1,-1,0,0,0,0,0,0,4,9,-1,6,3,-1,-1,-1,-1,-1,-1,-1,-1,0,-1
2024052400371,2024,052400371,1,9,0,5,5,5,1,0,0,4,0,0,0,0,1,1,6,6,3,-1,-1,-1,-1,-1,-1,-1,-1,0,-1
2024010543170,2024,010543170,1,1,0,99,99,9,9,0,0,9,0,0,0,0,1,1,2,2,2,32,6,-1,-1,-1,-1,5,E01035707,0,1
2024340NN3532,2024,340NN3532,1,-1,0,-1,19,1,5,-1,9,1,0,0,0,0,1,1,-1,9,2,42,7,-1,-1,-1,-1,5,E01027113,1,1
2024991479444,2024,991479444,2,90,0,-1,9,3,7,-1,0,0,0,0,7,0,3,1,-1,9,1,58,9,-1,-1,-1,-1,8,-1,0,1
2024231519736,2024,231519736,1,9,0,-1,4,4,8,-1,0,0,1,0,0,0,2,1,-1,1,1,39,7,-1,-1,-1,-1,2,E01010025,0,4
2024010496117,2024,010496117,1,9,0,7,7,6,1,4,4,5,0,0,1,0,1,1,1,1,1,61,9,-1,-1,-1,-1,10,E01000395,0,4
2024010505296,2024,010505296,1,9,0,18,19,1,5,0,0,2,0,0,0,0,1,1,6,6,1,39,7,-1,-1,-1,-1,3,E01033491,0,1
2024141436821,2024,141436821,1,9,0,-1,19,2,6,-1,0,0,0,0,0,0,1,1,-1,9,1,29,6,-1,-1,-1,-1,2,E01007470,0,1
2024031444445,2024,031444445,1,-1,0,-1,19,1,5,-1,0,0,0,0,0,0,0,1,-1,9,1,24,5,-1,-1,-1,-1,1,E01019110,1,1
2024471408358,2024,471408358,1,9,0,-1,19,-1,-1,-1,0,0,0,0,0,0,1,9,-1,6,1,-1,-1,-1,-1,-1,-1,-1,-1,0,-1
2024141406102,2024,141406102,1,9,0,-1,19,7,3,-1,0,2,0,0,0,0,4,9,-1,6,3,-1,-1,-1,-1,-1,-1,-1,-1,0,-1
2024481563957,2024,481563957,1,1,0,-1,14,7,3,-1,0,0,0,0,0,0,4,1,-1,9,1,17,4,-1,-1,-1,-1,-1,-1,0,-1
2024548466824,2024,548466824,1,4,0,5,5,7,3,0,0,6,0,0,0,0,1,1,6,6,2,44,7,-1,-1,-1,-1,9,E01023849,0,4
2024201422786,2024,201422786,1,9,0,-1,19,1,3,-1,0,4,0,0,0,0,1,1,-1,6,1,40,7,-1,-1,-1,-1,-1,-1,0,-1
2024311415966,2024,311415966,2,9,0,-1,19,5,1,-1,0,0,0,0,0,0,2,1,-1,9,1,19,4,-1,-1,-1,-1,4,E01027928,0,1
2024101396809,2024,101396809,1,9,0,-1,19,4,8,-1,0,8,0,0,0,0,1,9,-1,6,3,-1,-1,-1,-1,-1,-1,-1,-1,0,-1
2024332400941,2024,332400941,1,21,0,-1,11,8,4,-1,0,0,0,0,0,0,1,1,-1,1,1,53,8,-1,-1,-1,-1,8,E01026319,0,4
2024421490441,2024,421490441,2,1,0,-1,15,3,7,-1,0,0,0,8,0,0,1,1,-1,9,2,60,9,-1,-1,-1,-1,10,E01015850,0,1
2024101465446,2024,101465446,1,9,0,-1,19,1,5,-1,0,0,0,0,0,0,1,9,-1,6,3,20,4,-1,-1,-1,-1,-1,-1,0,-1
2024201505697,2024,201505697,2,19,0,-1,19,8,5,-1,0,1,0,0,0,0,3,1,-1,6,-1,-1,-1,-1,-1,-1,-1,-1,-1,0,-1
2024522402166,2024,522402166,2,5,0,18,19,1,5,0,0,8,0,0,0,0,1,1,6,6,1,19,4,-1,-1,-1,-1,8,E01014824,0,1
2024371454790,2024,371454790,1,9,0,-1,9,1,3,-1,0,8,0,0,0,0,1,1,-1,6,2,55,8,-1,-1,-1,-1,6,E01030212,0,2
2024461409756,2024,461409756,1,19,0,-1,19,3,7,-1,0,0,0,0,0,0,1,2,-1,1,1,54,8,-1,-1,-1,-1,-1,-1,0,-1
2024201525715,2024,201525715,2,1,0,-1,5,7,3,-1,0,6,0,0,0,0,3,1,-1,6,1,22,5,-1,-1,-1,-1,4,E01009138,0,1
2024010535446,2024,010535446,2,9,0,99,99,9,9,99,99,9,9,99,9,99,9,9,6,6,3,-1,-1,-1,-1,-1,-1,-1,-1,0,-1
2024461412059,2024,461412059,2,1,0,-1,19,6,2,-1,0,2,0,8,0,0,1,1,-1,6,1,39,7,-1,-1,-1,-1,10,E01024731,0,1
2024471453469,2024,471453469,1,9,0,-1,19,8,4,-1,0,1,1,0,7,3,1,2,-1,6,1,49,8,-1,-1,-1,-1,6,E01011042,0,5
2024421496510,2024,421496510,2,1,0,-1,19,8,4,-1,0,0,0,0,0,0,2,1,-1,9,1,22,5,-1,-1,-1,-1,8,E01021537,0,1
2024061514552,2024,061514552,2,1,0,-1,19,3,7,-1,0,0,0,0,0,0,3,1,-1,9,1,13,3,-1,-1,-1,-1,9,E01005802,0,1
2024231471574,2024,231471574,1,9,9,-1,13,2,6,-1,0,0,0,0,0,0,1,9,-1,6,3,40,7,-1,-1,-1,-1,-1,-1,0,-1
2024522402191,2024,522402191,2,9,0,18,19,2,6,0,0,0,0,4,0,0,1,1,6,6,3,-1,-1,-1,-1,-1,-1,-1,-1,0,-1
2024622400237,2024,622400237,3,9,0,18,19,8,4,0,0,0,0,0,0,0,2,1,6,6,1,34,6,-1,-1,-1,-1,5,W01000909,0,1
2024461408238,2024,461408238,1,1,0,-1,19,7,4,-1,0,8,0,0,0,0,0,1,-1,6,1,51,8,-1,-1,-1,-1,4,E01024167,0,1
2024320546329,2024,320546329,2,21,1,4,4,6,2,0,0,0,0,0,0,0,0,1,1,1,3,-1,-1,-1,-1,-1,-1,-1,-1,0,-1
2024461523996,2024,461523996,1,9,0,-1,19,3,7,-1,0,1,0,0,0,0,1,1,-1,6,1,25,5,-1,-1,-1,-1,8,E01024221,0,3
2024010505456,2024,010505456,1,9,9,99,99,9,9,99,99,9,9,99,9,99,9,9,6,6,3,-1,-1,-1,-1,-1,-1,-1,-1,0,-1
2024311471395,2024,311471395,1,9,0,-1,19,3,7,-1,0,6,0,0,0,0,4,1,-1,9,2,23,5,-1,-1,-1,-1,9,E01013251,0,4
2024070495705,2024,070495705,2,1,0,18,19,2,5,0,0,8,0,0,0,0,4,1,6,6,1,70,10,-1,-1,-1,-1,9,E01012516,0,2
2024010533886,2024,010533886,1,1,9,18,19,5,1,0,0,8,9,0,0,0,4,1,1,1,1,37,7,-1,-1,-1,-1,-1,-1,0,-1
2024201461528,2024,201461528,2,9,0,-1,7,1,3,-1,0,5,0,0,0,0,1,9,-1,6,3,30,6,-1,-1,-1,-1,-1,-1,0,-1
2024501462177,2024,501462177,2,9,0,-1,19,5,1,-1,0,8,0,0,0,0,3,9,-1,6,2,65,9,-1,-1,-1,-1,8,E01015097,0,2
2024031496781,2024,031496781,2,9,0,-1,5,7,3,-1,0,0,0,0,0,0,2,1,-1,9,1,69,10,-1,-1,-1,-1,-1,-1,0,-1
2024141438483,2024,141438483,1,9,0,-1,19,1,5,-1,0,0,0,0,0,0,1,9,-1,6,1,30,6,-1,-1,-1,-1,1,E01010832,0,4
2024010541428,2024,010541428,2,1,0,5,5,5,1,4,4,1,0,0,0,0,2,1,1,1,1,25,5,-1,-1,-1,-1,4,E01002711,0,1
2024072400683,2024,072400683,2,9,0,18,19,3,7,0,0,2,0,0,0,0,4,1,1,1,1,41,7,-1,-1,-1,-1,1,E01006746,0,3
2024010524580,2024,010524580,2,1,9,99,99,9,9,99,99,9,9,99,9,99,2,1,2,2,1,53,8,-1,-1,-1,-1,9,E01003798,0,1
2024302400893,2024,302400893,2,-1,0,18,19,5,1,0,0,8,0,0,0,0,1,1,2,2,1,25,5,-1,-1,-1,-1,5,E01013587,1,1
2024430011715,2024,430011715,1,3,0,14,14,6,2,0,0,8,0,0,0,0,1,1,2,2,1,18,4,-1,-1,-1,-1,6,E01016231,0,2
2024430291636,2024,430291636,1,9,0,99,99,9,9,0,0,4,9,0,0,0,9,1,6,6,3,-1,-1,-1,-1,-1,-1,-1,-1,0,-1
2024041510228,2024,041510228,1,9,0,-1,19,7,3,-1,0,0,0,0,0,0,1,9,-1,2,1,59,9,-1,-1,-1,-1,3,E01025225,0,2
2024010545152,2024,010545152,2,1,9,99,99,9,9,99,99,9,9,99,9,99,9,1,6,6,2,44,7,-1,-1,-1,-1,9,E01004073,0,1
2024061467612,2024,061467612,2,-1,-1,-1,-1,-1,-1,-1,-1,0,-1,-1,-1,0,-1,1,-1,6,2,23,5,-1,-1,-1,-1,1,E01005680,1,1
2024010545230,2024,010545230,1,9,0,2,2,0,0,9,9,2,0,0,0,0,1,1,6,6,3,-1,-1,-1,-1,-1,-1,-1,-1,0,-1
2024430052331,2024,430052331,2,9,0,2,2,0,0,0,0,0,0,0,0,0,2,1,6,6,1,-1,-1,-1,-1,-1,-1,-1,-1,0,-1
2024010491222,2024,010491222,2,9,0,99,99,9,9,99,99,9,9,99,9,99,9,9,6,6,3,49,8,-1,-1,-1,-1,9,E01004625,0,1
2024070368058,2024,070368058,2,9,0,18,19,4,1,0,0,8,0,0,0,0,1,1,6,6,1,19,4,-1,-1,-1,-1,10,E01018414,0,2
2024141403267,2024,141403267,2,1,0,-1,19,7,3,-1,0,1,0,0,0,0,1,1,-1,6,2,24,5,-1,-1,-1,-1,1,E01033277,0,1
2024141512825,2024,141512825,2,9,0,-1,19,5,1,-1,0,0,0,0,0,0,3,1,-1,6,2,55,8,-1,-1,-1,-1,10,E01007619,0,1
2024161508082,2024,161508082,1,1,0,-1,4,7,3,-1,4,0,5,0,1,0,1,1,-1,9,1,13,3,-1,-1,-1,-1,1,E01012891,0,1
2024430122713,2024,430122713,2,9,0,7,7,5,7,0,0,1,0,0,0,0,1,1,6,6,2,-1,-1,-1,-1,-1,-1,-1,-1,0,-1
2024471404293,2024,471404293,1,9,0,-1,19,1,5,-1,0,0,0,0,0,0,1,1,-1,6,1,-1,-1,-1,-1,-1,-1,9,E01031593,0,1
2024631395615,2024,631395615,2,9,0,-1,4,8,3,-1,0,0,0,0,0,0,1,1,-1,9,1,29,6,-1,-1,-1,-1,8,E01022221,0,5
2024332400676,2024,332400676,2,9,0,-1,19,3,7,-1,0,1,0,0,0,0,4,1,-1,6,2,22,5,-1,-1,-1,-1,1,E01013652,0,2
2024010493174,2024,010493174,1,19,0,99,99,9,9,99,99,9,9,99,9,99,9,9,1,1,2,29,6,-1,-1,-1,-1,2,E01003499,0,3
2024010489835,2024,010489835,2,9,0,99,99,9,9,99,99,9,9,99,9,99,9,9,6,6,3,-1,-1,-1,-1,-1,-1,-1,-1,0,-1
2024061473277,2024,061473277,1,9,0,-1,19,1,5,-1,0,0,0,0,0,0,1,1,-1,6,1,40,7,-1,-1,-1,-1,-1,-1,0,-1
2024041469924,2024,041469924,1,90,0,-1,19,3,7,-1,0,1,0,0,0,0,3,9,-1,6,1,15,3,-1,-1,-1,-1,2,E01025245,0,1
2024221490631,2024,221490631,2,1,0,-1,9,8,7,-1,0,6,0,0,0,0,1,1,-1,6,2,58,9,-1,-1,-1,-1,3,E01032194,0,2
2024451405943,2024,451405943,2,1,0,-1,19,1,5,-1,0,0,0,0,0,0,1,1,-1,6,1,45,7,-1,-1,-1,-1,10,E01031002,0,1
2024101419932,2024,101419932,1,1,0,-1,19,3,7,-1,9,0,0,0,0,0,1,1,-1,6,1,28,6,-1,-1,-1,-1,1,E01008821,0,1
2024421503700,2024,421503700,1,9,0,-1,7,6,8,-1,0,2,0,0,0,0,3,9,-1,6,2,25,5,-1,-1,-1,-1,-1,-1,0,-1
2024430076834,2024,430076834,2,9,0,18,19,8,4,0,0,6,0,0,0,0,2,1,6,6,2,-1,-1,-1,-1,-1,-1,-1,-1,0,-1
2024421407848,2024,421407848,1,1,0,-1,19,3,7,-1,0,0,0,0,0,0,0,1,-1,6,1,30,6,-1,-1,-1,-1,10,E01021351,0,1
2024131499223,2024,131499223,3,1,0,-1,19,1,5,-1,0,0,0,0,0,0,1,1,-1,9,1,56,9,-1,-1,-1,-1,9,E01011880,0,3
2024481563601,2024,481563601,1,1,0,-1,19,1,5,-1,4,8,0,0,0,0,1,1,-1,2,1,38,7,-1,-1,-1,-1,-1,-1,0,-1
2024531442374,2024,531442374,2,1,0,-1,12,5,1,-1,0,0,5,0,0,0,2,1,-1,9,1,67,10,-1,-1,-1,-1,7,E01029085,0,4