collision_index,collision_year,collision_ref_no,vehicle_reference,vehicle_type,towing_and_articulation,vehicle_manoeuvre_historic,vehicle_manoeuvre,vehicle_direction_from,vehicle_direction_to,vehicle_location_restricted_lane_historic,vehicle_location_restricted_lane,junction_location,skidding_and_overturning,hit_object_in_carriageway,vehicle_leaving_carriageway,hit_object_off_carriageway,first_point_of_impact,vehicle_left_hand_drive,journey_purpose_of_driver_historic,journey_purpose_of_driver,sex_of_driver,age_of_driver,age_band_of_driver,engine_capacity_cc,propulsion_code,age_of_vehicle,generic_make_model,driver_imd_decile,lsoa_of_driver,escooter_flag,driver_distance_banding
2024010523026,2024,010523026,2,1,0,18,19,1,5,5,5,1,0,0,0,0,3,1,1,1,1,18,4,-1,-1,-1,-1,3,E01004567,0,1
2024010494165,2024,010494165,2,9,9,99,99,9,9,99,99,5,9,99,9,99,9,9,6,6,2,56,9,-1,-1,-1,-1,8,E01000233,0,1
2024421532825,2024,421532825,1,9,0,-1,19,7,3,-1,0,8,0,0,0,0,3,1,-1,2,2,36,7,-1,-1,-1,-1,9,E01021335,0,3
2024430485724,2024,430485724,2,1,0,3,3,1,5,0,0,1,0,0,0,0,3,1,2,2,1,34,6,-1,-1,-1,-1,3,E01033859,0,4
2024430483824,2024,430483824,2,9,0,18,19,2,6,0,0,6,0,0,0,0,3,1,6,6,1,-1,-1,-1,-1,-1,-1,-1,-1,0,-1
2024010542037,2024,010542037,2,9,0,18,19,8,4,0,0,0,1,0,0,0,1,1,6,6,1,29,6,-1,-1,-1,-1,2,E01017523,0,4
2024461461073,2024,461461073,1,9,0,-1,14,7,3,-1,0,0,0,0,0,0,4,1,-1,1,1,18,4,-1,-1,-1,-1,8,E01024451,0,1
2024061510273,2024,061510273,1,1,0,-1,19,6,2,-1,0,0,0,0,0,0,4,1,-1,6,1,12,3,-1,-1,-1,-1,3,E01005752,0,1
2024201470138,2024,201470138,2,9,0,-1,9,4,2,-1,0,8,0,0,0,0,4,1,-1,9,1,38,7,-1,-1,-1,-1,1,E01009155,0,1
2024010517178,2024,010517178,1,1,9,99,99,9,9,99,99,0,9,99,9,99,0,1,2,2,2,30,6,-1,-1,-1,-1,6,E01003107,0,1
2024010491132,2024,010491132,2,98,0,99,99,9,9,99,99,9,9,99,9,99,1,9,6,6,3,-1,-1,-1,-1,-1,-1,-1,-1,0,-1
2024010492160,2024,010492160,2,90,0,99,99,9,9,99,99,9,9,99,9,99,2,9,6,6,3,-1,-1,-1,-1,-1,-1,-1,-1,0,-1
2024231531772,2024,231531772,2,1,0,-1,10,6,5,-1,0,1,0,0,0,0,1,1,-1,7,1,18,4,-1,-1,-1,-1,10,E01031256,0,1
2024070682808,2024,070682808,1,21,1,5,5,6,2,0,0,6,0,0,0,0,1,2,1,1,1,46,8,-1,-1,-1,-1,-1,-1,0,-1
2024031515870,2024,031515870,1,17,-1,-1,-1,-1,-1,-1,-1,0,-1,-1,-1,0,-1,9,-1,6,3,-1,-1,-1,-1,-1,-1,-1,-1,0,-1
2024552500140,2024,552500140,2,1,0,18,19,8,4,0,0,8,0,0,0,0,2,1,6,6,2,27,6,-1,-1,-1,-1,4,E01020584,0,1
2024010530868,2024,010530868,2,9,0,99,99,9,9,99,99,9,9,99,9,99,1,9,6,6,3,-1,-1,-1,-1,-1,-1,-1,-1,0,-1
2024201401079,2024,201401079,2,9,0,-1,19,6,2,-1,0,0,0,0,0,0,1,9,-1,9,1,59,9,-1,-1,-1,-1,1,E01014115,0,4
2024430581289,2024,430581289,1,1,0,18,19,2,6,0,0,0,0,0,0,0,2,1,2,2,1,55,8,-1,-1,-1,-1,10,E01017891,0,1
2024371443582,2024,371443582,4,9,0,-1,2,0,0,-1,0,0,0,0,0,0,1,1,-1,6,1,55,8,-1,-1,-1,-1,4,E01030022,0,1
2024501531905,2024,501531905,1,1,0,-1,19,8,4,-1,4,8,0,0,0,0,4,1,-1,2,1,53,8,-1,-1,-1,-1,8,E01015134,0,1
2024070125710,2024,070125710,2,9,0,18,19,1,5,0,0,0,0,0,0,0,1,1,6,6,1,26,6,-1,-1,-1,-1,-1,-1,0,-1
2024010532034,2024,010532034,1,1,9,99,99,9,9,99,99,9,9,99,9,99,1,1,6,6,3,-1,-1,-1,-1,-1,-1,-1,-1,0,-1
2024221479187,2024,221479187,2,1,0,-1,19,1,5,-1,0,8,0,0,1,0,1,1,-1,9,1,53,8,-1,-1,-1,-1,7,E01032136,0,2
2024161454084,2024,161454084,3,9,0,-1,19,1,5,-1,0,0,0,0,0,0,1,1,-1,6,3,-1,-1,-1,-1,-1,-1,-1,-1,0,-1
2024221498862,2024,221498862,1,21,1,-1,2,2,6,-1,0,0,0,0,0,0,0,2,-1,1,1,51,8,-1,-1,-1,-1,-1,-1,0,-1
2024221439760,2024,221439760,1,9,0,-1,19,5,6,-1,0,8,0,0,0,0,1,9,-1,2,1,34,6,-1,-1,-1,-1,7,E01028995,0,1
2024010510778,2024,010510778,2,9,0,99,99,9,9,99,99,9,9,99,9,99,9,9,6,6,3,-1,-1,-1,-1,-1,-1,-1,-1,0,-1
2024041496926,2024,041496926,2,9,0,-1,19,7,3,-1,0,1,0,0,0,0,2,1,-1,2,1,51,8,-1,-1,-1,-1,1,E01012721,0,1
2024361513082,2024,361513082,2,90,0,-1,2,0,0,-1,0,0,0,0,0,0,1,1,-1,6,-1,-1,-1,-1,-1,-1,-1,-1,-1,0,-1
2024070404186,2024,070404186,1,9,0,4,4,3,7,0,0,4,0,0,0,0,1,1,6,6,3,-1,-1,-1,-1,-1,-1,-1,-1,0,-1
202460Q132374,2024,60Q132374,1,97,0,4,4,6,2,0,0,0,5,10,7,0,1,1,6,6,1,42,7,-1,-1,-1,-1,-1,-1,0,-1
2024010538288,2024,010538288,1,23,0,16,19,3,7,9,9,1,0,0,0,0,1,1,6,6,1,21,5,-1,-1,-1,-1,4,E01003249,0,1
2024010489718,2024,010489718,2,9,0,18,19,3,7,0,0,1,0,0,0,0,1,1,6,6,1,41,7,-1,-1,-1,-1,8,E01034607,0,1
2024010492269,2024,010492269,1,9,0,9,9,7,5,0,0,8,0,0,0,0,1,1,6,6,2,23,5,-1,-1,-1,-1,3,E01001749,0,1
2024010510605,2024,010510605,1,1,9,99,99,9,9,99,99,9,9,99,9,99,9,1,2,2,1,26,6,-1,-1,-1,-1,5,E01000745,0,1
2024401515193,2024,401515193,1,9,-1,-1,-1,-1,-1,-1,-1,0,-1,-1,-1,0,-1,9,-1,6,3,-1,-1,-1,-1,-1,-1,-1,-1,0,-1
2024543208424,2024,543208424,1,9,0,18,19,6,2,0,0,0,0,0,0,0,0,1,6,6,3,-1,-1,-1,-1,-1,-1,-1,-1,0,-1
2024991429350,2024,991429350,2,9,0,-1,19,6,2,-1,0,1,0,0,0,0,1,1,-1,9,2,46,8,-1,-1,-1,-1,5,-1,0,1
2024122400765,2024,122400765,2,1,0,9,9,5,3,0,0,8,0,0,0,0,4,1,6,6,1,31,6,-1,-1,-1,-1,6,E01027878,0,1
2024631458928,2024,631458928,2,9,0,-1,19,7,4,-1,0,0,0,0,0,0,1,1,-1,6,1,56,9,-1,-1,-1,-1,5,E01028834,0,4
2024010488250,2024,010488250,2,98,0,1,1,9,9,99,99,9,9,99,9,99,2,9,6,6,1,-1,-1,-1,-1,-1,-1,3,E01017562,0,4
2024471487646,2024,471487646,1,9,0,-1,19,3,7,-1,0,8,0,0,0,0,1,1,-1,9,2,59,9,-1,-1,-1,-1,6,E01031345,0,1
2024430420821,2024,430420821,1,9,0,18,19,-1,-1,0,0,3,0,-1,-1,-1,-1,1,6,6,1,60,9,-1,-1,-1,-1,-1,-1,0,-1
2024361410500,2024,361410500,2,9,0,-1,4,7,3,-1,0,1,0,0,0,0,2,1,-1,6,2,27,6,-1,-1,-1,-1,2,E01026711,0,2
2024010517557,2024,010517557,1,1,0,18,19,5,1,0,0,9,0,0,0,0,3,1,4,7,1,14,3,-1,-1,-1,-1,5,E01001185,0,2
2024010496076,2024,010496076,2,19,0,99,99,9,9,99,99,9,9,99,9,99,9,9,6,6,3,38,7,-1,-1,-1,-1,3,E01000128,0,2
2024071008667,2024,071008667,1,1,0,-1,19,6,2,-1,9,0,0,0,0,0,1,1,-1,9,1,22,5,-1,-1,-1,-1,6,E01018399,0,1
2024421424215,2024,421424215,3,9,0,-1,11,5,1,-1,0,0,0,0,0,0,0,9,-1,6,-1,-1,-1,-1,-1,-1,-1,-1,-1,0,-1
2024401414128,2024,401414128,2,1,0,-1,19,-1,-1,-1,0,3,0,0,0,0,4,1,-1,2,1,34,6,-1,-1,-1,-1,5,E01017497,0,1
2024522400854,2024,522400854,1,9,0,9,9,1,7,0,0,8,0,0,0,0,1,1,6,6,2,52,8,-1,-1,-1,-1,9,E01014738,0,1
2024351519381,2024,351519381,2,9,0,-1,10,6,4,-1,0,0,0,0,0,0,4,1,-1,9,1,43,7,-1,-1,-1,-1,7,E01021457,0,4
2024041439088,2024,041439088,1,9,0,-1,5,3,1,-1,0,0,0,0,0,0,1,1,-1,9,1,77,11,-1,-1,-1,-1,9,E01006400,0,3
2024111438988,2024,111438988,1,9,0,-1,19,3,7,-1,0,0,0,0,1,0,1,1,-1,9,1,16,4,-1,-1,-1,-1,1,E01020757,0,3
2024061511732,2024,061511732,1,1,0,-1,19,2,6,-1,0,0,0,0,0,0,0,1,-1,9,2,64,9,-1,-1,-1,-1,-1,-1,0,-1
2024311439161,2024,311439161,2,1,0,-1,12,1,5,-1,0,0,0,0,0,0,2,1,-1,6,1,56,9,-1,-1,-1,-1,-1,-1,0,-1
2024010489123,2024,010489123,1,9,0,99,99,9,9,99,99,9,9,99,9,99,1,9,6,6,2,48,8,-1,-1,-1,-1,6,E01001525,0,2
2024411407482,2024,411407482,1,9,0,-1,19,-1,-1,-1,0,0,0,0,0,0,4,9,-1,6,3,-1,-1,-1,-1,-1,-1,-1,-1,0,-1
2024010494404,2024,010494404,1,9,0,99,99,9,9,99,99,0,9,99,9,99,9,9,6,6,1,30,6,-1,-1,-1,-1,4,E01002308,0,3
2024991468857,2024,991468857,1,9,0,-1,1,6,6,-1,0,2,0,0,0,0,2,1,-1,6,3,-1,-1,-1,-1,-1,-1,-1,-1,0,-1
2024552400718,2024,552400718,2,9,0,18,19,6,2,0,0,0,0,0,0,0,1,1,6,6,1,52,8,-1,-1,-1,-1,6,E01015440,0,1
2024010488642,2024,010488642,2,3,0,18,19,2,6,0,0,8,0,0,0,0,1,1,1,1,1,43,7,-1,-1,-1,-1,8,E01000703,0,1
2024221407270,2024,221407270,2,9,0,-1,19,5,1,-1,0,0,1,0,0,0,1,1,-1,6,2,39,7,-1,-1,-1,-1,4,E01032479,0,1
2024302400287,2024,302400287,2,22,0,18,19,2,6,0,0,8,0,0,0,0,3,1,6,6,1,75,10,-1,-1,-1,-1,3,E01019768,0,1
2024471499305,2024,471499305,2,9,0,-1,19,7,3,-1,0,8,1,0,1,9,3,2,-1,9,1,49,8,-1,-1,-1,-1,6,E01031544,0,2
2024440455042,2024,440455042,2,1,0,18,19,6,2,0,0,6,0,0,1,0,1,1,6,6,1,29,6,-1,-1,-1,-1,3,E01017326,0,1
2024430197135,2024,430197135,1,9,0,9,9,1,7,0,0,8,0,0,0,0,4,1,6,6,1,33,6,-1,-1,-1,-1,9,E01016788,0,1
2024131478196,2024,131478196,1,5,0,-1,19,8,4,-1,0,0,5,11,0,0,0,1,-1,9,1,54,8,-1,-1,-1,-1,7,E01013126,0,4
2024461526633,2024,461526633,2,9,0,-1,2,1,3,-1,0,2,0,0,0,0,3,9,-1,6,2,25,5,-1,-1,-1,-1,5,E01016029,0,1
2024371526540,2024,371526540,2,1,0,-1,19,8,4,-1,0,0,0,0,0,0,3,1,-1,6,1,78,11,-1,-1,-1,-1,-1,-1,0,-1
2024201465258,2024,201465258,2,9,0,-1,8,7,2,-1,0,1,0,0,0,0,2,1,-1,6,2,26,6,-1,-1,-1,-1,1,E01010365,0,1
2024061460318,2024,061460318,1,9,0,-1,19,4,8,-1,0,0,0,0,0,0,4,9,-1,6,3,-1,-1,-1,-1,-1,-1,-1,-1,0,-1
2024070195755,2024,070195755,1,9,0,9,9,3,7,0,0,8,0,0,0,0,1,1,6,6,1,68,10,-1,-1,-1,-1,8,E01018515,0,2
2024351451151,2024,351451151,2,1,0,-1,19,1,5,-1,0,1,0,0,0,0,4,1,-1,2,2,53,8,-1,-1,-1,-1,9,E01017968,0,1
2024531465669,2024,531465669,2,1,0,-1,9,3,7,-1,0,1,5,0,0,0,3,1,-1,9,2,24,5,-1,-1,-1,-1,10,E01022130,0,1
2024010536397,2024,010536397,2,98,0,99,99,9,9,99,99,9,9,99,9,99,1,9,6,6,1,39,7,-1,-1,-1,-1,6,E01021348,0,4
2024010533434,2024,010533434,1,1,0,7,7,1,4,0,0,1,0,0,0,0,3,1,6,6,2,22,5,-1,-1,-1,-1,4,E01002047,0,1
2024010501997,2024,010501997,1,1,9,99,99,9,9,99,99,1,9,99,9,99,9,1,2,2,1,42,7,-1,-1,-1,-1,5,E01004644,0,1
2024070887597,2024,070887597,2,1,0,-1,9,3,1,-1,0,1,0,0,0,0,3,1,-1,2,1,39,7,-1,-1,-1,-1,10,E01018621,0,1
2024430505493,2024,430505493,1,22,0,18,19,4,8,0,0,8,0,0,0,0,3,1,6,6,2,42,7,-1,-1,-1,-1,5,E01016615,0,1
2024010550377,2024,010550377,1,1,9,99,99,9,9,99,99,9,9,99,9,99,9,1,6,6,1,65,9,-1,-1,-1,-1,9,E01000880,0,1
2024501466060,2024,501466060,1,1,0,-1,3,4,8,-1,0,0,0,0,0,0,1,1,-1,2,2,39,7,-1,-1,-1,-1,1,E01015217,0,1
2024141508107,2024,141508107,2,1,0,-1,19,6,2,-1,0,1,0,0,0,0,1,1,-1,6,1,60,9,-1,-1,-1,-1,6,E01007476,0,1
2024010531293,2024,010531293,1,9,0,18,19,1,5,0,0,1,0,0,0,0,1,1,6,6,3,-1,-1,-1,-1,-1,-1,-1,-1,0,-1
2024010510932,2024,010510932,2,9,0,99,99,9,9,99,99,9,9,99,9,99,9,9,6,6,3,34,6,-1,-1,-1,-1,-1,-1,0,-1
2024052400893,2024,052400893,2,9,0,14,14,2,6,0,0,0,0,0,0,0,3,1,6,6,1,25,5,-1,-1,-1,-1,2,E01006656,0,2
2024131486711,2024,131486711,1,9,0,-1,-1,-1,-1,-1,-1,-1,-1,-1,-1,-1,-1,1,-1,6,3,-1,-1,-1,-1,-1,-1,-1,-1,0,-1
2024421529411,2024,421529411,2,9,0,-1,19,5,1,-1,0,0,0,0,0,0,3,1,-1,6,1,29,6,-1,-1,-1,-1,2,E01021312,0,1
2024010544090,2024,010544090,1,9,0,-1,-1,8,4,0,0,0,0,0,0,0,1,1,3,7,2,36,7,-1,-1,-1,-1,3,E01001053,0,1
2024010530808,2024,010530808,1,1,9,99,99,9,9,99,99,9,9,99,9,99,2,1,6,6,1,23,5,-1,-1,-1,-1,8,E01001211,0,1
2024311525899,2024,311525899,1,1,0,-1,19,6,2,-1,0,0,0,0,0,0,1,1,-1,2,2,60,9,-1,-1,-1,-1,-1,-1,0,-1
2024522402459,2024,522402459,2,9,0,9,9,2,1,0,0,6,0,0,0,0,1,1,6,6,3,-1,-1,-1,-1,-1,-1,-1,-1,0,-1
2024010492154,2024,010492154,2,3,0,4,4,1,5,0,0,1,0,0,0,0,1,1,6,6,1,20,4,-1,-1,-1,-1,8,E01004507,0,3
2024991405688,2024,991405688,2,9,0,-1,19,2,6,-1,0,0,0,0,0,0,1,1,-1,9,2,51,8,-1,-1,-1,-1,6,-1,0,1
2024991477132,2024,991477132,3,9,0,-1,19,3,7,-1,0,0,0,0,0,0,1,1,-1,1,1,22,5,-1,-1,-1,-1,1,-1,0,1
2024010493172,2024,010493172,1,9,0,18,19,3,7,0,0,8,5,11,5,7,0,1,6,6,1,28,6,-1,-1,-1,-1,3,E01001638,0,3
2024010536691,2024,010536691,1,9,0,18,19,5,1,0,0,1,0,0,0,0,1,1,6,6,1,74,10,-1,-1,-1,-1,7,E01000698,0,1
2024131458571,2024,131458571,1,9,0,-1,19,1,5,-1,0,8,0,0,0,0,1,2,-1,9,1,65,9,-1,-1,-1,-1,8,E01011710,0,4
2024070434726,2024,070434726,1,1,0,18,19,7,3,0,0,8,0,0,0,0,3,1,6,6,1,15,3,-1,-1,-1,-1,7,E01012554,0,1
2024522500289,2024,522500289,2,9,0,2,2,0,0,0,0,0,0,0,0,0,9,1,6,6,3,-1,-1,-1,-1,-1,-1,-1,-1,0,-1
2024411463787,2024,411463787,2,9,0,-1,19,7,3,-1,0,6,0,0,0,0,1,1,-1,6,2,20,4,-1,-1,-1,-1,10,E01023313,0,3
2024070590027,2024,070590027,2,19,0,17,19,6,2,0,0,0,5,0,0,0,3,1,1,1,1,25,5,-1,-1,-1,-1,7,E01007315,0,4
2024010491800,2024,010491800,2,9,0,99,99,9,9,99,99,9,9,99,9,99,1,9,6,6,3,-1,-1,-1,-1,-1,-1,-1,-1,0,-1
2024552401330,2024,552401330,1,99,0,18,19,2,6,0,0,8,0,0,0,0,1,1,6,6,3,-1,-1,-1,-1,-1,-1,-1,-1,0,-1
2024421529836,2024,421529836,1,9,0,-1,9,8,6,-1,0,5,9,0,0,0,1,1,-1,6,3,-1,-1,-1,-1,-1,-1,-1,-1,0,-1
2024340WN3102,2024,340WN3102,4,9,0,-1,19,1,5,-1,0,2,0,0,0,0,1,1,-1,9,2,33,6,-1,-1,-1,-1,4,E01027189,0,1
2024440015588,2024,440015588,2,1,0,18,19,6,2,0,0,8,0,0,0,0,4,1,2,2,1,44,7,-1,-1,-1,-1,7,E01023221,0,1
2024010496346,2024,010496346,1,11,0,99,99,9,9,99,99,9,9,99,9,99,4,9,1,1,1,53,8,-1,-1,-1,-1,3,E01001488,0,3
2024161401186,2024,161401186,1,1,0,-1,3,1,5,-1,0,1,0,0,0,0,3,1,-1,6,1,40,7,-1,-1,-1,-1,1,E01012915,0,1
2024041424418,2024,041424418,1,1,0,-1,19,3,5,-1,0,1,0,0,0,0,0,1,-1,6,1,32,6,-1,-1,-1,-1,2,E01025291,0,1
2024522500073,2024,522500073,1,9,0,9,9,7,5,0,0,8,0,0,0,0,4,1,6,6,1,19,4,-1,-1,-1,-1,10,E01014849,0,1
2024141510182,2024,141510182,1,1,0,-1,19,3,7,-1,0,2,2,0,0,0,1,1,-1,6,1,17,4,-1,-1,-1,-1,4,E01033273,0,1
2024010495174,2024,010495174,1,11,0,9,9,8,6,2,2,6,0,0,0,0,1,1,1,1,1,44,7,-1,-1,-1,-1,8,E01004731,0,1
2024161457861,2024,161457861,1,9,0,-1,19,5,1,-1,0,0,0,0,0,0,2,9,-1,6,1,35,6,-1,-1,-1,-1,3,E01012963,0,4
2024461403631,2024,461403631,1,9,0,-1,19,4,3,-1,0,0,0,0,1,11,1,9,-1,6,-1,-1,-1,-1,-1,-1,-1,-1,-1,0,-1
2024421423658,2024,421423658,1,9,0,-1,4,3,7,-1,0,0,0,0,0,0,1,9,-1,6,3,-1,-1,-1,-1,-1,-1,-1,-1,0,-1
2024031393713,2024,031393713,1,2,-1,-1,-1,3,8,-1,-1,1,-1,-1,-1,0,1,1,-1,6,1,-1,-1,-1,-1,-1,-1,-1,-1,0,-1
2024320533279,2024,320533279,2,1,0,-1,-1,1,5,0,0,0,0,0,0,0,3,1,6,6,1,8,2,-1,-1,-1,-1,1,E01026094,0,1
2024430191560,2024,430191560,1,9,0,18,19,4,8,0,0,1,0,0,0,0,1,1,6,6,3,-1,-1,-1,-1,-1,-1,-1,-1,0,-1
2024041396557,2024,041396557,1,9,0,-1,19,1,5,-1,0,0,0,0,1,2,1,1,-1,6,1,24,5,-1,-1,-1,-1,4,E01010637,0,4
2024311523534,2024,311523534,2,1,-1,-1,-1,-1,-1,-1,-1,0,-1,-1,-1,0,-1,1,-1,9,1,54,8,-1,-1,-1,-1,9,E01028195,0,1
2024010550451,2024,010550451,1,9,0,99,99,9,9,99,99,9,9,99,9,99,1,1,6,6,3,-1,-1,-1,-1,-1,-1,-1,-1,0,-1
2024531422537,2024,531422537,1,9,0,-1,19,1,5,-1,0,0,0,0,1,3,1,1,-1,1,1,64,9,-1,-1,-1,-1,7,E01014916,0,4
2024010487460,2024,010487460,1,1,9,99,99,9,9,99,99,9,9,99,9,99,9,1,6,6,2,54,8,-1,-1,-1,-1,5,E01001251,0,1
2024231509896,2024,231509896,1,9,0,-1,13,6,2,-1,0,0,0,0,0,0,1,9,-1,6,3,38,7,-1,-1,-1,-1,-1,-1,0,-1
2024430436133,2024,430436133,1,1,0,18,19,3,7,0,0,0,0,0,0,0,1,1,6,6,1,30,6,-1,-1,-1,-1,-1,-1,0,-1
2024141417783,2024,141417783,2,1,0,-1,19,3,7,-1,0,0,1,0,0,0,3,1,-1,9,2,40,7,-1,-1,-1,-1,3,E01007479,0,1
2024991510537,2024,991510537,1,9,0,-1,1,8,5,-1,0,0,0,0,0,0,1,1,-1,6,1,78,11,-1,-1,-1,-1,8,-1,0,2
2024010542988,2024,010542988,2,9,0,4,4,7,3,0,0,1,0,0,0,0,1,1,6,6,1,31,6,-1,-1,-1,-1,4,E01032731,0,3
2024430482628,2024,430482628,2,1,0,18,19,2,6,0,0,8,0,0,0,0,1,1,6,6,1,-1,-1,-1,-1,-1,-1,-1,-1,0,-1
2024041414403,2024,041414403,1,9,0,-1,19,3,8,-1,0,0,5,0,1,0,4,1,-1,9,1,17,4,-1,-1,-1,-1,6,E01025367,0,1
2024311490728,2024,311490728,2,1,0,-1,19,3,7,-1,0,8,0,0,0,0,3,1,-1,6,1,22,5,-1,-1,-1,-1,9,E01013979,0,1
2024421492452,2024,421492452,2,9,0,-1,3,-1,-1,-1,0,1,0,0,0,0,2,1,-1,6,2,-1,-1,-1,-1,-1,-1,-1,-1,0,-1
2024440126582,2024,440126582,1,-1,0,18,19,5,1,9,9,2,1,0,0,0,4,1,6,6,1,43,7,-1,-1,-1,-1,5,E01022939,1,2
2024010494171,2024,010494171,1,9,0,99,99,9,9,99,99,0,9,99,9,99,9,1,6,6,2,47,8,-1,-1,-1,-1,8,E01030718,0,1
2024421513578,2024,421513578,2,1,0,-1,9,7,4,-1,0,8,0,0,0,0,4,1,-1,9,2,46,8,-1,-1,-1,-1,4,E01021648,0,1
2024211543802,2024,211543802,1,9,0,-1,19,5,1,-1,0,0,0,0,0,0,1,1,-1,9,1,28,6,-1,-1,-1,-1,-1,-1,0,-1
2024010493572,2024,010493572,2,9,0,99,99,9,9,0,0,1,0,0,0,0,2,1,6,6,2,-1,-1,-1,-1,-1,-1,-1,-1,0,-1
2024010546197,2024,010546197,1,1,9,99,99,9,9,99,99,9,9,99,9,99,9,1,2,2,1,21,5,-1,-1,-1,-1,6,E01004181,0,3
2024010507765,2024,010507765,1,1,9,99,99,9,9,99,99,9,9,99,9,99,1,1,6,6,2,47,8,-1,-1,-1,-1,2,E01003044,0,1
2024010546918,2024,010546918,1,1,9,99,99,9,9,99,99,9,9,99,9,99,9,1,6,6,2,18,4,-1,-1,-1,-1,5,E01000491,0,2
2024201534782,2024,201534782,2,9,0,-1,19,1,5,-1,0,2,0,0,0,0,2,1,-1,6,3,-1,-1,-1,-1,-1,-1,-1,-1,0,-1
2024010510788,2024,010510788,2,9,9,99,99,9,9,0,0,4,9,0,0,0,1,9,6,6,1,-1,-1,-1,-1,-1,-1,-1,-1,0,-1
2024991455885,2024,991455885,1,9,0,-1,9,8,6,-1,0,6,0,0,5,1,1,1,-1,9,2,75,10,-1,-1,-1,-1,10,-1,0,1
2024041523807,2024,041523807,2,9,0,-1,19,5,1,-1,0,2,0,0,0,0,1,1,-1,9,1,22,5,-1,-1,-1,-1,6,E01025329,0,2
2024421480614,2024,421480614,2,9,0,-1,9,7,5,-1,0,1,0,0,0,0,1,1,-1,6,1,38,7,-1,-1,-1,-1,-1,-1,0,-1
2024010493158,2024,010493158,2,9,0,99,99,9,9,99,99,9,9,99,9,99,9,9,6,6,3,-1,-1,-1,-1,-1,-1,-1,-1,0,-1
2024332401168,2024,332401168,3,1,0,-1,9,5,3,-1,0,5,0,0,0,0,2,1,-1,1,1,23,5,-1,-1,-1,-1,3,E01013658,0,1
2024440521746,2024,440521746,2,9,0,7,7,7,1,0,0,6,0,0,0,0,1,1,6,6,2,-1,-1,-1,-1,-1,-1,-1,-1,0,-1
2024131432004,2024,131432004,1,97,0,-1,-1,-1,-1,-1,-1,8,-1,-1,-1,0,-1,1,-1,6,3,-1,-1,-1,-1,-1,-1,-1,-1,0,-1
2024131438667,2024,131438667,2,1,0,-1,19,5,7,-1,0,6,0,0,0,0,4,1,-1,6,1,30,6,-1,-1,-1,-1,3,E01011488,0,1
2024010491738,2024,010491738,1,5,0,99,99,9,9,99,99,9,9,99,9,99,2,1,2,2,1,26,6,-1,-1,-1,-1,8,E01002348,0,3
2024041494695,2024,041494695,1,97,0,-1,19,-1,-1,-1,9,0,0,0,0,0,1,1,-1,6,3,-1,-1,-1,-1,-1,-1,-1,-1,0,-1
2024052401277,2024,052401277,1,8,0,18,19,3,7,0,0,1,0,0,0,0,4,1,6,6,3,-1,-1,-1,-1,-1,-1,-1,-1,0,-1
2024101531701,2024,101531701,1,23,-1,-1,13,5,1,-1,0,0,0,0,0,0,0,1,-1,6,1,-1,-1,-1,-1,-1,-1,-1,-1,0,-1
2024430591221,2024,430591221,2,9,0,18,19,8,4,0,0,4,0,0,0,0,1,1,6,6,1,-1,-1,-1,-1,-1,-1,-1,-1,0,-1
2024010496622,2024,010496622,2,8,0,99,99,9,9,99,99,9,9,99,9,99,9,9,6,6,1,52,8,-1,-1,-1,-1,10,E01030559,0,3
2024201538065,2024,201538065,2,1,0,-1,19,2,6,-1,0,0,0,0,0,0,2,1,-1,6,1,32,6,-1,-1,-1,-1,1,E01009152,0,1
2024070614883,2024,070614883,1,1,0,9,9,1,5,0,0,0,2,4,0,0,1,1,6,6,1,37,7,-1,-1,-1,-1,7,E01018335,0,1
2024430321715,2024,430321715,2,1,0,16,19,2,6,0,0,0,0,0,0,0,3,1,6,6,1,49,8,-1,-1,-1,-1,10,E01023367,0,2
2024430108744,2024,430108744,2,1,0,18,19,2,6,0,0,6,0,0,0,0,4,1,6,6,1,-1,-1,-1,-1,-1,-1,-1,-1,0,-1
2024302401534,2024,302401534,2,9,0,3,3,3,7,0,0,1,0,0,0,0,0,1,6,6,3,-1,-1,-1,-1,-1,-1,5,E01019456,0,3
2024411427943,2024,411427943,1,3,0,-1,13,5,1,-1,0,1,2,0,0,0,1,1,-1,9,1,31,6,-1,-1,-1,-1,7,E01023902,0,1
2024161410153,2024,161410153,2,9,0,-1,7,1,2,-1,0,4,0,0,0,0,1,9,-1,9,1,-1,-1,-1,-1,-1,-1,-1,-1,0,-1
2024430070621,2024,430070621,2,9,0,18,19,5,1,0,0,0,0,0,0,0,2,1,6,6,3,-1,-1,-1,-1,-1,-1,-1,-1,0,-1
2024221447998,2024,221447998,2,19,0,-1,9,4,2,-1,0,6,0,0,0,0,1,1,-1,6,1,60,9,-1,-1,-1,-1,9,E01032189,0,1
2024520401275,2024,520401275,2,21,1,18,19,6,2,0,0,0,0,0,0,0,1,1,1,1,1,53,8,-1,-1,-1,-1,5,E01029167,0,1
2024041470282,2024,041470282,2,9,0,-1,19,3,7,-1,0,0,0,0,0,0,1,1,-1,6,1,27,6,-1,-1,-1,-1,-1,-1,0,-1
2024411460471,2024,411460471,1,9,-1,-1,-1,-1,-1,-1,-1,-1,-1,-1,-1,0,-1,9,-1,6,1,-1,-1,-1,-1,-1,-1,-1,-1,0,-1
2024302400019,2024,302400019,1,19,0,18,19,5,1,0,0,0,1,0,5,6,3,1,6,6,1,44,7,-1,-1,-1,-1,7,E01007661,0,4
2024991500648,2024,991500648,2,1,0,-1,19,2,6,-1,0,1,5,0,0,0,1,1,-1,2,1,37,7,-1,-1,-1,-1,7,-1,0,1
2024421435076,2024,421435076,1,9,0,-1,19,1,5,-1,0,0,0,0,0,0,1,1,-1,6,1,-1,-1,-1,-1,-1,-1,-1,-1,0,-1
2024010532567,2024,010532567,1,9,0,7,7,3,5,0,0,6,0,0,0,0,3,1,2,2,2,51,8,-1,-1,-1,-1,9,E01004079,0,1
2024010495829,2024,010495829,2,1,0,18,19,5,1,0,0,1,0,0,0,0,2,1,6,6,1,33,6,-1,-1,-1,-1,4,E01004747,0,1
2024010512887,2024,010512887,1,1,9,99,99,3,7,99,99,9,9,99,9,99,9,1,2,2,1,39,7,-1,-1,-1,-1,3,E01003094,0,1