collision_index,collision_year,collision_ref_no,vehicle_reference,vehicle_type,towing_and_articulation,vehicle_manoeuvre_historic,vehicle_manoeuvre,vehicle_direction_from,vehicle_direction_to,vehicle_location_restricted_lane_historic,vehicle_location_restricted_lane,junction_location,skidding_and_overturning,hit_object_in_carriageway,vehicle_leaving_carriageway,hit_object_off_carriageway,first_point_of_impact,vehicle_left_hand_drive,journey_purpose_of_driver_historic,journey_purpose_of_driver,sex_of_driver,age_of_driver,age_band_of_driver,engine_capacity_cc,propulsion_code,age_of_vehicle,generic_make_model,driver_imd_decile,lsoa_of_driver,escooter_flag,driver_distance_banding
2024010539392,2024,010539392,2,1,0,5,5,3,7,0,0,1,0,0,0,0,2,1,6,6,1,31,6,-1,-1,-1,-1,1,E01002036,0,1
2024061417175,2024,061417175,2,1,-1,-1,-1,-1,-1,-1,-1,-1,-1,-1,-1,0,-1,1,-1,6,1,45,7,-1,-1,-1,-1,4,E01005327,0,1
2024610046324,2024,610046324,1,97,0,10,10,6,4,0,0,1,0,0,0,0,1,1,6,6,1,25,5,-1,-1,-1,-1,9,W01001502,0,1
2024522402722,2024,522402722,2,9,0,2,2,0,0,0,0,0,0,0,0,0,4,1,6,6,3,-1,-1,-1,-1,-1,-1,-1,-1,0,-1
2024010547835,2024,010547835,1,1,0,18,19,1,5,0,0,0,0,0,0,0,0,1,6,6,1,21,5,-1,-1,-1,-1,2,E01004035,0,1
2024531495783,2024,531495783,2,1,0,-1,19,7,3,-1,0,1,0,0,0,0,1,1,-1,6,1,15,3,-1,-1,-1,-1,2,E01032932,0,1
2024010519820,2024,010519820,1,1,9,99,99,9,9,99,99,9,9,99,9,99,9,1,2,2,1,43,7,-1,-1,-1,-1,4,E01004426,0,1
2024061458227,2024,061458227,1,9,0,-1,19,3,7,-1,0,2,0,0,0,0,1,1,-1,9,1,84,11,-1,-1,-1,-1,8,E01005571,0,1
2024010506887,2024,010506887,2,90,0,99,99,9,9,99,99,9,9,99,9,99,9,9,6,6,3,-1,-1,-1,-1,-1,-1,-1,-1,0,-1
202454E054324,2024,54E054324,1,9,0,4,4,6,2,0,0,8,0,0,0,0,3,1,6,6,3,-1,-1,-1,-1,-1,-1,-1,-1,0,-1
2024622400539,2024,622400539,2,1,0,18,19,2,6,0,0,1,0,0,0,0,1,1,6,6,1,32,6,-1,-1,-1,-1,4,W01001713,0,1
2024430419693,2024,430419693,1,9,0,13,13,2,6,0,0,0,0,0,0,0,0,1,6,6,3,-1,-1,-1,-1,-1,-1,-1,-1,0,-1
2024010490253,2024,010490253,1,9,0,99,99,9,9,99,99,9,9,99,9,99,2,9,6,6,2,38,7,-1,-1,-1,-1,3,E01002585,0,1
2024440009124,2024,440009124,1,-1,0,18,19,4,8,0,0,0,0,0,0,0,4,1,6,6,2,29,6,-1,-1,-1,-1,1,E01022933,1,1
2024010532527,2024,010532527,1,1,0,18,19,5,1,0,0,0,0,0,0,0,1,1,6,6,1,60,9,-1,-1,-1,-1,1,E01002095,0,1
2024131443650,2024,131443650,2,1,0,-1,19,1,5,-1,0,0,0,0,0,0,2,1,-1,9,1,20,4,-1,-1,-1,-1,1,E01011663,0,1
2024401429869,2024,401429869,2,9,0,-1,19,1,5,-1,0,0,0,0,0,0,4,1,-1,1,1,47,8,-1,-1,-1,-1,8,E01034105,0,5
2024548766824,2024,548766824,1,9,0,18,19,5,1,0,0,1,0,0,1,0,4,1,6,6,3,-1,-1,-1,-1,-1,-1,-1,-1,0,-1
2024041401013,2024,041401013,1,1,0,-1,19,5,1,-1,0,0,0,0,0,0,1,1,-1,6,1,12,3,-1,-1,-1,-1,6,E01025548,0,1
2024070600867,2024,070600867,1,1,0,18,19,7,3,0,0,6,0,0,0,0,1,1,2,2,1,30,6,-1,-1,-1,-1,10,E01018675,0,1
2024010531925,2024,010531925,2,1,0,18,19,3,7,0,0,8,0,0,0,0,1,1,1,1,1,53,8,-1,-1,-1,-1,3,E01004251,0,1
2024471531486,2024,471531486,1,1,0,-1,19,2,6,-1,4,8,0,0,0,0,1,1,-1,2,1,24,5,-1,-1,-1,-1,8,E01021055,0,3
2024010538523,2024,010538523,2,9,0,99,99,9,9,99,99,9,9,99,9,99,1,9,6,6,3,-1,-1,-1,-1,-1,-1,-1,-1,0,-1
2024211423712,2024,211423712,2,19,0,-1,2,7,3,-1,-1,0,0,0,0,0,3,9,-1,9,1,48,8,-1,-1,-1,-1,-1,-1,0,-1
2024421524203,2024,421524203,2,1,0,-1,-1,-1,-1,-1,-1,0,-1,-1,-1,0,-1,1,-1,6,1,-1,-1,-1,-1,-1,-1,4,E01021840,0,1
2024010494358,2024,010494358,1,9,0,18,19,3,7,0,0,4,0,0,0,0,1,1,6,6,2,49,8,-1,-1,-1,-1,2,E01001010,0,1
2024010517002,2024,010517002,1,9,9,99,99,9,9,99,99,9,9,99,9,99,9,9,6,6,3,-1,-1,-1,-1,-1,-1,-1,-1,0,-1
2024010535648,2024,010535648,1,1,9,99,99,9,9,4,4,9,9,99,9,99,1,1,2,2,1,40,7,-1,-1,-1,-1,2,E01002800,0,1
2024010495729,2024,010495729,1,1,9,99,99,9,9,99,99,9,9,99,9,99,9,1,2,2,1,20,4,-1,-1,-1,-1,5,E01035486,0,1
2024061506848,2024,061506848,1,9,-1,-1,19,-1,-1,-1,0,0,0,0,0,0,4,9,-1,6,3,-1,-1,-1,-1,-1,-1,-1,-1,0,-1
2024010547856,2024,010547856,2,1,9,99,99,9,9,99,99,9,9,99,9,99,1,1,1,1,1,18,4,-1,-1,-1,-1,2,E01001052,0,1
2024010507218,2024,010507218,2,9,0,99,99,9,9,99,99,9,9,99,9,99,9,9,6,6,3,31,6,-1,-1,-1,-1,2,E01003601,0,3
2024231531721,2024,231531721,2,9,0,-1,4,2,6,-1,0,0,5,0,0,0,2,1,-1,2,1,53,8,-1,-1,-1,-1,8,E01019872,0,4
2024010492031,2024,010492031,1,9,0,99,99,9,9,99,99,0,9,99,9,99,9,9,6,6,2,44,7,-1,-1,-1,-1,8,E01004119,0,1
2024041399603,2024,041399603,1,9,0,-1,19,1,5,-1,0,0,0,0,0,0,1,1,-1,9,2,23,5,-1,-1,-1,-1,2,E01012653,0,1
2024421494785,2024,421494785,2,19,0,-1,19,1,5,-1,0,0,0,0,0,0,-1,1,-1,2,1,58,9,-1,-1,-1,-1,2,E01021273,0,3
2024010517371,2024,010517371,2,1,0,18,19,7,3,0,0,8,0,0,0,0,4,1,1,1,1,24,5,-1,-1,-1,-1,3,E01002702,0,1
2024161464364,2024,161464364,1,98,0,-1,5,3,1,-1,9,0,0,0,0,0,0,9,-1,6,3,-1,-1,-1,-1,-1,-1,-1,-1,0,-1
2024010487841,2024,010487841,1,19,0,99,99,9,9,99,99,9,9,99,9,99,1,9,6,6,3,-1,-1,-1,-1,-1,-1,-1,-1,0,-1
2024010494346,2024,010494346,1,1,9,99,99,9,9,4,4,0,0,0,0,0,1,1,2,2,1,16,4,-1,-1,-1,-1,7,E01004583,0,1
2024421482621,2024,421482621,1,9,0,-1,-1,-1,-1,-1,-1,0,-1,-1,-1,0,-1,9,-1,6,3,-1,-1,-1,-1,-1,-1,-1,-1,0,-1
2024421437823,2024,421437823,1,9,0,-1,19,1,5,-1,0,0,0,0,0,0,1,1,-1,6,3,-1,-1,-1,-1,-1,-1,-1,-1,0,-1
2024052400469,2024,052400469,1,23,0,18,19,5,1,0,0,2,0,10,3,11,1,1,6,6,1,20,4,-1,-1,-1,-1,2,E01006899,0,1
2024311534101,2024,311534101,1,9,0,-1,19,6,2,-1,0,8,0,0,0,0,1,9,-1,6,1,35,6,-1,-1,-1,-1,7,E01025677,0,4
2024041408365,2024,041408365,2,1,0,-1,19,7,3,-1,0,0,0,0,0,0,4,1,-1,2,1,39,7,-1,-1,-1,-1,8,E01025272,0,1
2024010487964,2024,010487964,1,3,0,99,99,9,9,99,99,9,9,99,9,99,1,1,1,1,2,23,5,-1,-1,-1,-1,9,E01030453,0,4
2024010533100,2024,010533100,2,1,9,99,99,9,9,99,99,9,9,8,9,99,9,1,6,6,1,17,4,-1,-1,-1,-1,6,E01002654,0,1
2024141485811,2024,141485811,1,1,0,-1,19,8,4,-1,9,1,0,0,0,0,1,1,-1,9,1,15,3,-1,-1,-1,-1,6,E01007598,0,1
2024010497253,2024,010497253,2,3,0,11,11,3,7,0,0,0,0,0,0,0,1,1,6,6,1,29,6,-1,-1,-1,-1,-1,-1,0,-1
2024101571510,2024,101571510,3,9,0,-1,3,5,1,-1,0,0,0,0,0,0,1,1,-1,6,1,43,7,-1,-1,-1,-1,6,E01008195,0,3
2024010488833,2024,010488833,1,1,9,99,99,9,9,99,99,9,9,99,9,99,1,1,6,6,1,17,4,-1,-1,-1,-1,4,E01004373,0,1
2024531477910,2024,531477910,1,9,0,-1,19,3,7,-1,0,6,0,0,0,0,1,1,-1,6,1,27,6,-1,-1,-1,-1,6,E01003206,0,5
2024411440395,2024,411440395,1,21,1,-1,19,8,5,-1,0,8,0,0,0,0,4,9,-1,1,1,-1,-1,-1,-1,-1,-1,-1,-1,0,-1
2024451415601,2024,451415601,1,9,0,-1,5,3,7,-1,0,2,0,0,0,0,1,2,-1,9,2,41,7,-1,-1,-1,-1,9,E01030970,0,1
2024010488348,2024,010488348,1,9,0,99,99,9,9,99,99,0,9,99,9,99,2,9,6,6,1,53,8,-1,-1,-1,-1,5,E01002361,0,1
2024440033041,2024,440033041,3,9,0,18,19,8,4,0,0,0,0,0,0,0,2,1,6,6,1,55,8,-1,-1,-1,-1,2,E01022914,0,2
2024010522023,2024,010522023,1,1,9,99,99,9,9,99,99,9,9,99,9,99,0,1,2,2,1,26,6,-1,-1,-1,-1,8,E01001918,0,1
2024211448828,2024,211448828,3,90,0,-1,4,1,5,-1,0,1,0,0,0,0,4,1,-1,9,1,57,9,-1,-1,-1,-1,5,E01029542,0,3
2024430120314,2024,430120314,1,9,0,18,19,1,5,0,0,4,0,0,0,0,3,1,6,6,1,30,6,-1,-1,-1,-1,-1,-1,0,-1
2024430155338,2024,430155338,1,9,0,18,19,3,7,0,0,0,1,0,0,0,4,1,2,2,1,28,6,-1,-1,-1,-1,4,E01017899,0,4
2024991469505,2024,991469505,1,9,0,-1,19,5,1,-1,0,4,0,0,0,0,1,1,-1,6,1,43,7,-1,-1,-1,-1,1,-1,0,1
2024522402670,2024,522402670,1,9,0,18,19,7,3,0,0,0,2,0,1,4,1,1,6,6,1,29,6,-1,-1,-1,-1,8,E01014705,0,3
2024430531833,2024,430531833,1,9,0,18,19,6,2,0,0,0,0,0,0,0,1,1,6,6,1,-1,-1,-1,-1,-1,-1,-1,-1,0,-1
2024010511894,2024,010511894,1,-1,0,18,19,1,5,9,9,9,9,0,9,99,9,9,6,6,3,-1,-1,-1,-1,-1,-1,-1,-1,1,-1
2024010518136,2024,010518136,2,-1,0,18,19,5,1,0,0,1,0,0,0,0,1,1,6,6,1,47,8,-1,-1,-1,-1,4,E01001738,1,1
2024131430984,2024,131430984,2,1,0,-1,19,5,1,-1,2,0,0,0,0,0,4,1,-1,6,1,37,7,-1,-1,-1,-1,1,E01011432,0,1
2024311556376,2024,311556376,2,1,0,-1,19,4,8,-1,2,1,0,0,0,0,3,1,-1,6,1,14,3,-1,-1,-1,-1,-1,-1,0,-1
2024141419455,2024,141419455,1,9,0,-1,19,2,6,-1,0,1,0,0,0,0,4,9,-1,6,3,-1,-1,-1,-1,-1,-1,-1,-1,0,-1
2024430049438,2024,430049438,1,9,0,9,9,1,7,0,0,0,0,0,0,0,1,1,6,6,1,62,9,-1,-1,-1,-1,7,E01028732,0,3
2024631498687,2024,631498687,3,9,0,-1,4,2,6,-1,0,1,0,0,0,0,2,1,-1,9,2,17,4,-1,-1,-1,-1,6,W01000565,0,1
2024131399366,2024,131399366,1,9,0,-1,-1,-1,-1,-1,-1,-1,-1,-1,-1,-1,-1,1,-1,6,3,-1,-1,-1,-1,-1,-1,-1,-1,0,-1
2024010539657,2024,010539657,1,1,9,99,99,9,9,99,99,9,9,99,9,99,9,1,6,6,1,28,6,-1,-1,-1,-1,5,E01004765,0,1
2024122400381,2024,122400381,1,9,0,9,9,3,1,0,0,2,0,0,0,0,4,1,6,6,1,60,9,-1,-1,-1,-1,10,E01013433,0,1
2024061409818,2024,061409818,2,1,-1,-1,-1,-1,-1,-1,0,-1,-1,-1,-1,0,1,1,-1,7,1,14,3,-1,-1,-1,-1,1,E01005189,0,1
2024010552135,2024,010552135,1,1,9,99,99,9,9,99,99,9,9,99,9,99,1,1,6,6,2,27,6,-1,-1,-1,-1,6,E01003345,0,1
2024401396871,2024,401396871,2,1,0,-1,14,-1,-1,-1,4,1,0,0,0,0,3,1,-1,2,1,43,7,-1,-1,-1,-1,10,E01017610,0,1
2024201465592,2024,201465592,1,9,0,-1,4,3,7,-1,0,0,0,0,0,0,1,1,-1,6,3,40,7,-1,-1,-1,-1,-1,-1,0,-1
2024471407716,2024,471407716,1,1,0,-1,19,2,6,-1,0,8,2,0,0,0,4,1,-1,2,2,61,9,-1,-1,-1,-1,8,E01016901,0,1
2024351417994,2024,351417994,2,90,0,-1,19,1,1,-1,4,0,0,0,0,0,3,1,-1,9,1,15,3,-1,-1,-1,-1,10,E01033117,0,1
2024201465711,2024,201465711,2,9,0,-1,19,1,4,-1,0,2,0,0,0,0,1,9,-1,6,3,-1,-1,-1,-1,-1,-1,-1,-1,0,-1
2024010497642,2024,010497642,2,9,0,6,6,1,1,0,0,1,0,0,0,0,1,1,6,6,2,26,6,-1,-1,-1,-1,3,E01003521,0,2
2024430009724,2024,430009724,5,9,0,18,19,8,4,0,0,0,0,0,0,0,1,1,6,6,2,33,6,-1,-1,-1,-1,10,E01023222,0,4
2024552400442,2024,552400442,2,1,0,18,19,8,4,0,0,8,0,0,0,0,4,1,6,6,1,12,3,-1,-1,-1,-1,5,E01032660,0,1
2024201436994,2024,201436994,1,9,0,-1,19,7,3,-1,0,0,0,0,0,0,1,9,-1,6,3,-1,-1,-1,-1,-1,-1,-1,-1,0,-1
2024201405525,2024,201405525,2,1,0,-1,19,8,4,-1,0,0,0,0,0,0,4,1,-1,6,1,45,7,-1,-1,-1,-1,1,E01009124,0,1
2024520001791,2024,520001791,1,1,0,17,19,9,9,0,0,8,0,0,0,0,1,1,6,6,1,34,6,-1,-1,-1,-1,10,E01014477,0,1
2024471472854,2024,471472854,2,9,0,-1,19,5,3,-1,0,0,0,99,0,0,4,2,-1,6,3,-1,-1,-1,-1,-1,-1,-1,-1,0,-1
2024610018224,2024,610018224,1,9,0,9,9,6,3,0,0,5,0,0,0,0,1,1,6,6,2,20,4,-1,-1,-1,-1,3,W01001410,0,2
2024531397725,2024,531397725,2,98,0,-1,19,5,1,-1,0,1,0,0,0,0,1,1,-1,7,1,55,8,-1,-1,-1,-1,7,E01032412,0,1
2024461480226,2024,461480226,1,9,0,-1,19,5,1,-1,0,4,1,11,7,2,1,1,-1,1,2,49,8,-1,-1,-1,-1,1,E01034995,0,3
2024101516715,2024,101516715,2,9,-1,-1,10,1,7,-1,0,0,0,0,0,0,2,9,-1,6,2,34,6,-1,-1,-1,-1,8,E01027549,0,1
2024430332458,2024,430332458,2,9,0,18,19,6,2,0,0,0,0,0,0,0,1,1,6,6,1,-1,-1,-1,-1,-1,-1,-1,-1,0,-1
2024610028224,2024,610028224,2,20,1,18,19,3,7,0,0,0,0,0,0,0,1,1,1,1,1,51,8,-1,-1,-1,-1,-1,-1,0,-1
2024141454012,2024,141454012,2,1,0,-1,12,1,1,-1,0,1,0,0,0,0,3,1,-1,6,1,23,5,-1,-1,-1,-1,2,E01007975,0,1
2024010534053,2024,010534053,1,97,0,99,99,9,9,99,99,9,9,99,9,99,9,9,6,6,3,-1,-1,-1,-1,-1,-1,-1,-1,0,-1
2024010487037,2024,010487037,1,9,0,18,19,1,5,0,0,0,0,0,0,0,1,1,6,6,2,72,10,-1,-1,-1,-1,8,E01000389,0,1
2024421531221,2024,421531221,1,9,0,-1,-1,-1,-1,-1,-1,0,-1,-1,-1,0,-1,9,-1,9,2,78,11,-1,-1,-1,-1,5,E01033140,0,1
2024552401050,2024,552401050,1,9,0,14,14,7,3,0,0,0,0,0,0,0,1,1,6,6,1,92,11,-1,-1,-1,-1,5,E01015358,0,1
2024010539944,2024,010539944,1,9,0,99,99,9,9,99,99,9,9,99,9,99,1,9,6,6,1,26,6,-1,-1,-1,-1,3,E01001493,0,3
2024440285012,2024,440285012,2,9,0,16,19,6,1,0,0,0,0,0,0,0,1,1,6,6,1,33,6,-1,-1,-1,-1,6,E01011083,0,5
2024311494862,2024,311494862,1,9,0,-1,19,4,1,-1,0,4,0,0,0,0,4,9,-1,6,3,65,9,-1,-1,-1,-1,-1,-1,0,-1
2024101525920,2024,101525920,2,1,0,-1,19,5,1,-1,0,8,0,0,0,0,4,1,-1,9,1,69,10,-1,-1,-1,-1,9,E01008723,0,2
2024201482189,2024,201482189,2,1,0,-1,7,2,6,-1,0,3,0,0,0,0,4,1,-1,9,1,26,6,-1,-1,-1,-1,5,E01009688,0,1
2024041439490,2024,041439490,1,9,0,-1,-1,-1,-1,-1,-1,0,-1,-1,-1,0,-1,9,-1,6,3,-1,-1,-1,-1,-1,-1,-1,-1,0,-1
2024501407006,2024,501407006,1,9,0,-1,19,2,6,-1,0,0,5,0,1,0,1,1,-1,6,1,29,6,-1,-1,-1,-1,2,E01018865,0,1
202454E928224,2024,54E928224,1,9,0,18,19,4,6,0,0,2,0,0,0,0,1,1,6,6,2,53,8,-1,-1,-1,-1,5,E01031916,0,2
2024070894338,2024,070894338,2,1,0,-1,19,9,9,-1,99,1,0,0,0,0,1,1,-1,6,1,11,3,-1,-1,-1,-1,-1,-1,0,-1
2024010538101,2024,010538101,1,9,0,99,99,9,9,99,99,9,9,99,9,99,2,9,6,6,2,61,9,-1,-1,-1,-1,7,E01000677,0,2
2024010511998,2024,010511998,2,1,0,18,19,1,5,4,4,1,0,0,0,0,1,1,6,6,1,32,6,-1,-1,-1,-1,2,E01003961,0,1
2024430097452,2024,430097452,1,9,0,18,19,3,7,0,0,1,0,0,0,0,1,1,6,6,3,-1,-1,-1,-1,-1,-1,-1,-1,0,-1
2024111487043,2024,111487043,2,9,0,-1,3,4,2,-1,0,0,0,0,0,0,2,1,-1,1,1,48,8,-1,-1,-1,-1,1,E01024278,0,5
2024010532445,2024,010532445,2,9,0,99,99,9,9,99,99,9,9,99,9,99,1,9,6,6,3,58,9,-1,-1,-1,-1,2,E01001432,0,1
2024430327069,2024,430327069,1,9,0,18,19,3,7,0,0,0,0,0,0,0,4,1,6,6,3,-1,-1,-1,-1,-1,-1,-1,-1,0,-1
2024161514935,2024,161514935,2,1,0,-1,19,7,3,-1,0,0,0,4,0,0,1,1,-1,6,1,28,6,-1,-1,-1,-1,3,E01012757,0,1
2024421411734,2024,421411734,2,9,0,-1,3,1,5,-1,0,8,0,0,0,0,2,1,-1,6,2,55,8,-1,-1,-1,-1,6,E01021794,0,1
2024302400778,2024,302400778,3,9,0,10,10,1,7,0,0,8,0,0,0,0,1,1,6,6,3,-1,-1,-1,-1,-1,-1,5,E01019456,0,3
2024010518941,2024,010518941,3,9,0,11,11,5,1,0,0,0,0,0,0,0,1,1,6,6,1,23,5,-1,-1,-1,-1,6,E01021750,0,1
2024122400800,2024,122400800,2,1,0,18,19,2,6,0,0,0,0,0,0,0,1,1,6,6,1,49,8,-1,-1,-1,-1,4,E01012981,0,4
2024010549267,2024,010549267,1,3,9,99,99,9,9,99,99,9,9,99,9,99,9,1,6,6,3,-1,-1,-1,-1,-1,-1,-1,-1,0,-1
2024440431076,2024,440431076,1,1,0,18,19,7,3,0,0,0,0,4,0,0,1,1,6,6,1,64,9,-1,-1,-1,-1,10,E01016198,0,1
2024141431577,2024,141431577,2,9,0,-1,2,0,0,-1,0,0,0,0,0,0,2,1,-1,6,3,-1,-1,-1,-1,-1,-1,-1,-1,0,-1
2024340WN0742,2024,340WN0742,1,9,0,-1,19,4,8,-1,0,0,0,0,0,0,1,1,-1,6,1,41,7,-1,-1,-1,-1,-1,-1,0,-1
2024522402973,2024,522402973,1,1,0,18,19,6,2,0,0,8,0,0,0,0,4,1,6,6,2,29,6,-1,-1,-1,-1,3,E01014730,0,1
2024052401889,2024,052401889,2,8,0,4,4,4,8,0,0,1,0,0,0,0,9,1,1,1,1,-1,-1,-1,-1,-1,-1,-1,-1,0,-1
2024041432857,2024,041432857,1,90,0,-1,19,3,7,-1,0,8,0,0,7,11,1,1,-1,9,1,31,6,-1,-1,-1,-1,3,E01025234,0,1
2024010488341,2024,010488341,2,9,0,99,99,9,9,99,99,0,9,99,9,99,2,9,6,6,3,-1,-1,-1,-1,-1,-1,-1,-1,0,-1
2024052400214,2024,052400214,1,9,0,18,19,6,2,0,0,6,0,0,0,0,4,1,6,6,3,-1,-1,-1,-1,-1,-1,-1,-1,0,-1
2024430453430,2024,430453430,2,9,0,18,19,5,1,0,0,8,0,0,0,0,3,1,6,6,1,44,7,-1,-1,-1,-1,5,E01002454,0,3
2024201416716,2024,201416716,2,1,0,-1,19,6,2,-1,0,0,0,0,0,0,2,1,-1,1,2,26,6,-1,-1,-1,-1,4,E01034742,0,1
2024041440268,2024,041440268,1,-1,0,-1,19,1,5,-1,0,1,0,0,0,0,1,2,-1,6,2,-1,-1,-1,-1,-1,-1,1,E01025423,1,1
2024552401301,2024,552401301,2,1,0,5,5,7,3,0,0,8,1,0,0,0,4,1,6,6,1,15,3,-1,-1,-1,-1,6,E01015286,0,1
2024201456342,2024,201456342,2,1,0,-1,19,5,1,-1,0,8,0,0,0,0,1,1,-1,1,1,57,9,-1,-1,-1,-1,9,E01010390,0,1
2024231413599,2024,231413599,1,21,1,-1,19,7,3,-1,0,0,0,0,0,0,1,1,-1,1,1,46,8,-1,-1,-1,-1,-1,-1,0,-1
2024010538074,2024,010538074,7,9,0,7,7,5,7,0,0,2,0,0,0,0,4,1,6,6,3,-1,-1,-1,-1,-1,-1,-1,-1,0,-1
2024501483233,2024,501483233,1,23,0,-1,19,3,7,-1,0,0,0,0,0,0,1,1,-1,6,1,53,8,-1,-1,-1,-1,4,E01018856,0,2
2024010509503,2024,010509503,1,9,0,7,7,5,7,0,0,5,0,0,0,0,1,2,6,6,1,24,5,-1,-1,-1,-1,-1,-1,0,-1
2024520401218,2024,520401218,2,1,0,18,19,1,5,0,0,8,0,0,0,0,3,1,6,6,1,40,7,-1,-1,-1,-1,10,E01029115,0,2
2024332401094,2024,332401094,1,9,0,-1,11,3,7,-1,0,0,1,0,1,11,1,1,-1,9,1,18,4,-1,-1,-1,-1,9,E01025921,0,1
2024010494347,2024,010494347,2,1,0,18,19,1,5,5,5,8,0,0,0,0,4,1,6,6,1,42,7,-1,-1,-1,-1,2,E01033455,0,1
2024552400283,2024,552400283,1,9,0,1,1,5,1,0,0,6,0,0,0,0,2,1,6,6,2,48,8,-1,-1,-1,-1,9,E01015419,0,2
2024122401096,2024,122401096,2,1,0,18,19,5,1,0,0,0,0,0,0,0,4,1,6,6,1,11,3,-1,-1,-1,-1,5,E01034971,0,1
2024361423026,2024,361423026,2,1,0,-1,19,4,8,-1,0,3,0,0,0,0,3,1,-1,9,1,21,5,-1,-1,-1,-1,2,E01026865,0,1
2024052400713,2024,052400713,1,1,0,18,19,7,3,0,0,0,0,0,0,0,1,1,6,6,1,53,8,-1,-1,-1,-1,1,E01006721,0,1
2024201511591,2024,201511591,1,3,0,-1,4,8,4,-1,0,2,0,0,0,0,3,1,-1,2,1,36,7,-1,-1,-1,-1,-1,-1,0,-1
2024320087246,2024,320087246,2,1,0,-1,-1,1,5,0,0,0,5,0,0,0,1,1,-1,-1,2,56,9,-1,-1,-1,-1,7,E01026062,0,1
2024010493791,2024,010493791,1,90,0,99,99,9,9,99,99,9,9,99,9,99,1,9,1,1,1,27,6,-1,-1,-1,-1,6,E01003694,0,1
2024471441299,2024,471441299,2,9,0,-1,4,5,1,-1,0,0,0,0,0,0,2,1,-1,6,1,32,6,-1,-1,-1,-1,5,E01030579,0,3
2024141452011,2024,141452011,3,9,0,-1,19,5,1,-1,0,0,0,0,0,0,1,1,-1,6,2,-1,-1,-1,-1,-1,-1,-1,-1,0,-1
2024201525082,2024,201525082,2,9,0,-1,5,3,7,-1,0,1,0,0,0,0,1,1,-1,6,3,-1,-1,-1,-1,-1,-1,-1,-1,0,-1
2024070884163,2024,070884163,1,19,9,-1,19,1,5,-1,0,0,0,0,0,0,1,9,-1,6,3,43,7,-1,-1,-1,-1,1,E01018462,0,3
2024531484716,2024,531484716,3,97,0,-1,19,8,4,-1,0,0,0,0,0,0,0,1,-1,6,3,-1,-1,-1,-1,-1,-1,-1,-1,0,-1
2024471524907,2024,471524907,2,1,0,-1,14,5,1,-1,0,2,0,4,0,0,1,1,-1,2,1,58,9,-1,-1,-1,-1,10,E01017001,0,1
2024010515737,2024,010515737,1,1,9,99,99,9,9,99,99,0,9,99,9,99,0,1,2,2,2,29,6,-1,-1,-1,-1,3,E01002770,0,1
2024061474598,2024,061474598,2,9,-1,-1,-1,-1,-1,-1,0,0,0,0,0,0,2,9,-1,2,1,48,8,-1,-1,-1,-1,4,E01006187,0,1
2024461489972,2024,461489972,1,9,0,-1,19,3,7,-1,0,0,0,0,0,0,1,9,-1,6,1,-1,-1,-1,-1,-1,-1,-1,-1,0,-1
2024221492499,2024,221492499,1,-1,0,-1,19,4,6,-1,0,8,0,0,0,0,1,1,-1,6,1,27,6,-1,-1,-1,-1,6,E01014207,1,1
2024440080104,2024,440080104,2,9,0,1,1,1,5,0,0,0,0,0,0,0,2,1,6,6,1,30,6,-1,-1,-1,-1,7,E01023166,0,1
2024061461251,2024,061461251,1,9,5,-1,-1,-1,-1,-1,-1,0,-1,-1,-1,0,-1,9,-1,6,1,-1,-1,-1,-1,-1,-1,2,E01005421,0,1
2024451463319,2024,451463319,2,1,0,-1,19,1,5,-1,0,0,0,0,0,0,2,1,-1,1,1,16,4,-1,-1,-1,-1,5,E01002590,0,1
2024010492153,2024,010492153,2,9,0,6,6,3,3,0,0,6,0,0,0,0,3,1,6,6,1,20,4,-1,-1,-1,-1,2,E01001364,0,2
2024520402481,2024,520402481,1,9,0,18,19,7,3,0,0,0,0,0,0,0,1,1,6,6,2,43,7,-1,-1,-1,-1,9,E01029310,0,1
2024010491801,2024,010491801,1,9,0,9,9,5,3,0,0,5,0,0,0,0,1,1,2,2,1,48,8,-1,-1,-1,-1,9,E01003901,0,2
2024010518197,2024,010518197,1,1,9,99,99,9,9,99,99,9,9,99,9,99,1,1,2,2,1,45,7,-1,-1,-1,-1,5,E01000170,0,1
2024451459068,2024,451459068,2,90,0,-1,12,1,5,-1,0,0,0,0,0,0,2,1,-1,9,1,28,6,-1,-1,-1,-1,9,E01023895,0,4
2024430476902,2024,430476902,2,1,0,18,19,2,6,0,0,1,0,0,0,0,1,1,6,6,2,50,8,-1,-1,-1,-1,7,E01028559,0,1
2024430238542,2024,430238542,2,9,0,18,19,8,4,0,0,4,0,0,0,0,3,1,6,6,3,-1,-1,-1,-1,-1,-1,-1,-1,0,-1
2024430476545,2024,430476545,1,11,0,18,19,4,8,0,0,0,0,0,0,0,4,1,1,1,3,-1,-1,-1,-1,-1,-1,-1,-1,0,-1
2024010496723,2024,010496723,1,9,0,99,99,9,9,99,99,9,9,99,9,99,9,9,6,6,1,28,6,-1,-1,-1,-1,4,E01003686,0,1
2024311438443,2024,311438443,1,9,0,-1,15,5,1,-1,0,0,1,7,0,0,4,1,-1,9,2,81,11,-1,-1,-1,-1,9,E01028415,0,2
2024041444587,2024,041444587,1,23,0,-1,19,3,7,-1,0,8,5,0,0,0,3,1,-1,9,1,19,4,-1,-1,-1,-1,1,E01025287,0,1
2024010494934,2024,010494934,2,10,0,18,19,5,1,0,0,8,0,0,0,0,1,1,1,1,1,32,6,-1,-1,-1,-1,4,E01000472,0,4
2024131517577,2024,131517577,1,9,0,-1,-1,1,5,-1,-1,8,0,0,0,0,-1,1,-1,6,3,-1,-1,-1,-1,-1,-1,-1,-1,0,-1
2024010491616,2024,010491616,1,3,0,99,99,9,9,99,99,9,9,99,9,99,1,1,6,6,2,26,6,-1,-1,-1,-1,4,E01002044,0,1