collision_index,collision_year,collision_ref_no,vehicle_reference,vehicle_type,towing_and_articulation,vehicle_manoeuvre_historic,vehicle_manoeuvre,vehicle_direction_from,vehicle_direction_to,vehicle_location_restricted_lane_historic,vehicle_location_restricted_lane,junction_location,skidding_and_overturning,hit_object_in_carriageway,vehicle_leaving_carriageway,hit_object_off_carriageway,first_point_of_impact,vehicle_left_hand_drive,journey_purpose_of_driver_historic,journey_purpose_of_driver,sex_of_driver,age_of_driver,age_band_of_driver,engine_capacity_cc,propulsion_code,age_of_vehicle,generic_make_model,driver_imd_decile,lsoa_of_driver,escooter_flag,driver_distance_banding
2024070342167,2024,070342167,1,9,0,16,19,3,7,0,0,0,0,0,0,0,0,1,6,6,3,-1,-1,-1,-1,-1,-1,-1,-1,0,-1
2024471408023,2024,471408023,2,9,0,-1,5,1,5,-1,0,1,0,0,0,0,3,1,-1,6,1,-1,-1,-1,-1,-1,-1,-1,-1,0,-1
2024401465709,2024,401465709,1,9,0,-1,3,5,5,-1,0,0,0,0,0,0,4,1,-1,6,2,60,9,-1,-1,-1,-1,5,E01017430,0,1
2024440324340,2024,440324340,1,-1,0,18,19,2,6,0,0,8,0,0,0,0,3,1,6,6,2,39,7,-1,-1,-1,-1,6,E01017072,1,1
2024201524619,2024,201524619,2,9,0,-1,2,0,0,-1,0,0,0,4,0,0,4,1,-1,6,-1,-1,-1,-1,-1,-1,-1,-1,-1,0,-1
2024371522250,2024,371522250,2,1,-1,-1,-1,-1,-1,-1,-1,-1,-1,-1,-1,0,-1,1,-1,9,1,36,7,-1,-1,-1,-1,6,E01030093,0,1
2024010517246,2024,010517246,1,9,0,7,7,1,3,0,0,1,0,0,0,0,4,1,6,6,1,38,7,-1,-1,-1,-1,3,E01003572,0,3
2024440261992,2024,440261992,1,9,0,18,19,1,5,0,0,8,0,0,0,0,4,1,6,6,2,36,7,-1,-1,-1,-1,9,E01023053,0,1
2024010514742,2024,010514742,1,9,0,99,99,9,9,99,99,9,9,99,9,99,9,9,6,6,2,57,9,-1,-1,-1,-1,2,E01015758,0,4
2024041424985,2024,041424985,1,17,0,-1,9,1,4,-1,0,1,0,0,0,0,4,1,-1,6,3,-1,-1,-1,-1,-1,-1,-1,-1,0,-1
2024552400394,2024,552400394,1,9,0,9,9,8,6,0,0,6,0,0,0,0,4,1,6,6,2,63,9,-1,-1,-1,-1,5,E01015372,0,1
2024161425092,2024,161425092,2,-1,0,-1,19,2,6,-1,0,1,0,0,0,0,1,1,-1,6,1,23,5,-1,-1,-1,-1,1,E01012808,1,1
2024411531292,2024,411531292,2,9,0,-1,19,0,0,-1,0,1,9,0,0,0,0,1,-1,6,3,-1,-1,-1,-1,-1,-1,-1,-1,0,-1
2024332400592,2024,332400592,2,1,0,-1,19,4,8,-1,4,8,0,0,0,0,1,1,-1,6,1,19,4,-1,-1,-1,-1,5,E01013756,0,1
2024010510485,2024,010510485,1,9,0,18,19,2,6,0,0,1,0,0,0,0,1,1,6,6,3,-1,-1,-1,-1,-1,-1,-1,-1,0,-1
2024201527220,2024,201527220,1,9,0,-1,19,5,1,-1,0,0,0,0,0,0,1,9,-1,6,3,-1,-1,-1,-1,-1,-1,-1,-1,0,-1
2024401527815,2024,401527815,4,9,0,-1,2,0,0,-1,0,1,0,0,0,0,4,1,-1,6,-1,-1,-1,-1,-1,-1,-1,-1,-1,0,-1
2024010533085,2024,010533085,2,1,9,99,99,9,9,4,4,9,9,99,0,99,9,1,6,6,3,-1,-1,-1,-1,-1,-1,-1,-1,0,-1
2024010501295,2024,010501295,1,9,0,18,19,3,7,0,0,5,0,1,8,11,3,2,6,6,1,25,5,-1,-1,-1,-1,7,E01003763,0,1
2024201399340,2024,201399340,1,9,0,-1,15,8,4,-1,0,0,0,0,0,0,1,1,-1,1,1,29,6,-1,-1,-1,-1,2,E01010476,0,4
2024302400178,2024,302400178,2,1,0,18,19,5,1,0,0,8,1,0,0,0,3,1,6,6,1,74,10,-1,-1,-1,-1,9,E01019696,0,1
2024052402406,2024,052402406,2,1,0,18,19,7,3,0,0,3,0,0,0,0,1,1,2,2,1,52,8,-1,-1,-1,-1,7,E01006829,0,1
2024430590039,2024,430590039,2,1,0,9,9,8,6,0,0,1,0,0,0,0,2,1,6,6,2,42,7,-1,-1,-1,-1,9,E01028672,0,3
2024430440632,2024,430440632,1,9,0,18,19,4,8,0,0,3,0,0,0,0,1,1,6,6,3,-1,-1,-1,-1,-1,-1,-1,-1,0,-1
2024541493724,2024,541493724,1,19,0,18,19,1,5,0,0,4,0,0,0,0,1,1,6,6,3,-1,-1,-1,-1,-1,-1,-1,-1,0,-1
2024610015324,2024,610015324,2,9,0,13,13,4,8,0,0,8,0,0,0,0,1,1,6,6,1,21,5,-1,-1,-1,-1,1,W01001364,0,3
2024161527905,2024,161527905,1,9,0,-1,19,2,6,-1,0,0,0,0,0,0,1,1,-1,6,2,35,6,-1,-1,-1,-1,6,E01012766,0,3
2024161452560,2024,161452560,2,9,0,-1,19,4,8,-1,0,0,0,0,0,0,3,9,-1,6,3,-1,-1,-1,-1,-1,-1,-1,-1,0,-1
2024991525587,2024,991525587,2,9,0,-1,19,3,7,-1,0,8,0,0,0,0,3,1,-1,9,2,39,7,-1,-1,-1,-1,3,-1,0,1
2024010495147,2024,010495147,1,9,0,99,99,9,9,99,99,9,9,99,9,99,2,9,2,2,1,35,6,-1,-1,-1,-1,9,E01031589,0,4
2024010533342,2024,010533342,1,1,9,99,99,9,9,99,99,9,9,99,9,99,9,1,2,2,1,24,5,-1,-1,-1,-1,8,E01033736,0,3
2024211522844,2024,211522844,1,9,-1,-1,-1,-1,-1,-1,-1,-1,-1,-1,-1,0,-1,9,-1,6,3,-1,-1,-1,-1,-1,-1,-1,-1,0,-1
2024031436353,2024,031436353,1,9,0,-1,19,7,3,-1,0,4,0,0,0,0,1,1,-1,1,2,23,5,-1,-1,-1,-1,-1,-1,0,-1
2024010521472,2024,010521472,2,1,0,5,5,5,1,0,0,1,0,0,0,0,1,1,6,6,1,23,5,-1,-1,-1,-1,-1,-1,0,-1
2024201486296,2024,201486296,1,1,0,-1,19,4,8,-1,0,8,0,0,0,0,1,1,-1,1,1,29,6,-1,-1,-1,-1,7,E01009822,0,3
2024201460161,2024,201460161,2,-1,0,-1,19,1,5,-1,0,0,0,0,0,0,2,1,-1,6,1,18,4,-1,-1,-1,-1,3,E01034738,1,1
2024010503782,2024,010503782,2,1,9,99,99,9,9,99,99,9,9,99,9,99,9,1,6,6,1,-1,-1,-1,-1,-1,-1,-1,-1,0,-1
2024340WN6632,2024,340WN6632,2,1,0,-1,99,7,3,-1,0,1,0,0,0,0,1,1,-1,2,1,62,9,-1,-1,-1,-1,9,E01027211,0,1
2024520401435,2024,520401435,3,9,0,18,19,5,1,0,0,1,0,0,0,0,1,1,6,6,1,50,8,-1,-1,-1,-1,5,E01032090,0,2
2024501517221,2024,501517221,2,9,4,-1,2,0,0,-1,9,1,0,0,0,0,2,1,-1,1,1,22,5,-1,-1,-1,-1,4,E01018943,0,2
2024161414707,2024,161414707,2,-1,0,-1,19,3,7,-1,0,8,0,0,0,0,0,9,-1,6,1,14,3,-1,-1,-1,-1,5,E01013107,1,1
2024131451369,2024,131451369,3,9,0,-1,2,0,0,-1,0,0,0,4,0,0,2,1,-1,6,-1,-1,-1,-1,-1,-1,-1,-1,-1,0,-1
2024552400127,2024,552400127,1,-1,0,9,9,8,6,0,0,6,0,0,0,0,1,1,6,6,2,18,4,-1,-1,-1,-1,2,E01032659,1,1
2024061420131,2024,061420131,2,1,0,-1,19,5,1,-1,0,1,0,0,0,0,3,1,-1,1,1,32,6,-1,-1,-1,-1,3,E01005212,0,1
2024010537396,2024,010537396,1,1,0,99,99,9,9,99,99,9,9,99,9,99,1,9,1,1,1,36,7,-1,-1,-1,-1,2,E01002852,0,1
2024010528586,2024,010528586,1,1,0,18,19,5,1,0,0,1,1,0,0,0,1,1,6,6,2,45,7,-1,-1,-1,-1,5,E01001590,0,1
2024311460763,2024,311460763,1,-1,0,-1,19,-1,-1,-1,0,0,0,0,0,0,1,1,-1,6,3,-1,-1,-1,-1,-1,-1,-1,-1,1,-1
2024421502580,2024,421502580,2,9,0,-1,19,5,1,-1,0,0,0,0,0,0,2,1,-1,6,2,56,9,-1,-1,-1,-1,10,E01021587,0,1
2024361406796,2024,361406796,1,99,-1,-1,19,2,6,-1,0,8,0,0,0,0,1,9,-1,6,3,-1,-1,-1,-1,-1,-1,-1,-1,0,-1
2024010504498,2024,010504498,1,11,9,99,99,9,9,0,0,9,0,0,0,0,9,1,6,6,3,-1,-1,-1,-1,-1,-1,-1,-1,0,-1
2024010491235,2024,010491235,2,9,0,9,9,1,7,0,0,1,0,0,0,0,3,1,1,1,1,39,7,-1,-1,-1,-1,4,E01004037,0,1
202417L110024,2024,17L110024,1,9,0,-1,19,8,4,-1,0,0,0,0,0,0,1,1,-1,9,1,41,7,-1,-1,-1,-1,2,E01033473,0,1
2024010506234,2024,010506234,1,97,0,7,7,6,1,0,0,3,0,0,0,0,1,1,6,6,3,-1,-1,-1,-1,-1,-1,-1,-1,0,-1
2024421455770,2024,421455770,1,9,0,-1,19,5,1,-1,0,0,0,0,0,0,4,1,-1,1,2,53,8,-1,-1,-1,-1,2,E01015896,0,1
2024010497324,2024,010497324,2,9,0,2,2,0,0,0,0,0,0,0,0,0,4,1,6,6,3,-1,-1,-1,-1,-1,-1,-1,-1,0,-1
2024361409906,2024,361409906,2,1,-1,-1,-1,-1,-1,-1,-1,-1,-1,-1,-1,0,-1,1,-1,6,1,59,9,-1,-1,-1,-1,7,E01026937,0,1
2024010489382,2024,010489382,2,1,0,18,19,7,3,0,0,0,0,0,0,0,2,1,2,2,1,29,6,-1,-1,-1,-1,5,E01002565,0,1
2024010522722,2024,010522722,1,9,0,18,19,7,3,0,0,2,0,0,0,0,1,1,6,6,1,36,7,-1,-1,-1,-1,2,E01001334,0,3
2024461411711,2024,461411711,1,9,0,-1,19,1,5,-1,0,1,0,0,0,0,1,9,-1,6,3,-1,-1,-1,-1,-1,-1,-1,-1,0,-1
2024440394119,2024,440394119,1,97,0,18,19,5,1,0,0,0,0,0,0,0,1,1,2,2,1,16,4,-1,-1,-1,-1,6,E01035457,0,2
2024201472109,2024,201472109,2,1,0,-1,5,5,1,-1,0,8,0,0,0,0,1,1,-1,6,1,-1,-1,-1,-1,-1,-1,-1,-1,0,-1
2024221473667,2024,221473667,1,9,0,-1,19,8,5,-1,0,0,0,11,1,11,4,1,-1,2,2,55,8,-1,-1,-1,-1,5,E01014063,0,1
2024041472780,2024,041472780,1,11,0,-1,19,6,2,-1,0,1,0,0,0,0,-1,9,-1,6,3,-1,-1,-1,-1,-1,-1,-1,-1,0,-1
2024010500599,2024,010500599,2,9,0,18,19,9,9,99,99,0,9,99,9,99,9,9,6,6,3,-1,-1,-1,-1,-1,-1,-1,-1,0,-1
2024201482897,2024,201482897,1,99,0,-1,19,6,2,-1,0,0,0,4,0,0,1,9,-1,2,1,30,6,-1,-1,-1,-1,4,E01010427,0,4
2024211431988,2024,211431988,2,97,0,-1,19,3,7,-1,0,4,0,0,0,0,1,1,-1,6,1,34,6,-1,-1,-1,-1,-1,-1,0,-1
2024061431975,2024,061431975,1,1,0,-1,19,-1,-1,-1,0,0,5,0,0,0,4,1,-1,9,2,21,5,-1,-1,-1,-1,5,E01005153,0,1
2024411397284,2024,411397284,1,98,-1,-1,-1,-1,-1,-1,-1,-1,-1,-1,-1,0,4,9,-1,6,3,-1,-1,-1,-1,-1,-1,-1,-1,0,-1
2024010493475,2024,010493475,1,3,0,18,19,7,3,0,0,4,1,11,0,0,1,1,2,2,1,46,8,-1,-1,-1,-1,3,E01003915,0,2
2024430074505,2024,430074505,2,19,0,18,19,4,8,0,0,0,0,0,0,0,1,1,6,6,1,-1,-1,-1,-1,-1,-1,-1,-1,0,-1
2024351473725,2024,351473725,3,9,0,-1,19,1,5,-1,0,0,0,0,0,0,1,1,-1,6,1,38,7,-1,-1,-1,-1,5,E01018212,0,1
2024010546105,2024,010546105,2,9,0,12,12,5,1,0,0,4,0,0,0,0,0,1,6,6,3,-1,-1,-1,-1,-1,-1,-1,-1,0,-1
2024122500283,2024,122500283,2,9,0,7,7,8,2,0,0,8,0,0,0,0,1,1,6,6,3,-1,-1,-1,-1,-1,-1,-1,-1,0,-1
2024010511601,2024,010511601,2,1,0,9,9,3,1,0,0,8,0,0,0,0,2,1,2,2,1,62,9,-1,-1,-1,-1,2,E01002793,0,1
2024221487459,2024,221487459,2,8,0,-1,3,7,3,-1,0,1,0,0,0,0,2,9,-1,1,3,52,8,-1,-1,-1,-1,-1,-1,0,-1
2024451491246,2024,451491246,1,9,0,-1,-1,-1,-1,-1,-1,1,-1,-1,-1,0,-1,9,-1,6,3,-1,-1,-1,-1,-1,-1,-1,-1,0,-1
2024010495848,2024,010495848,2,9,0,99,99,9,9,99,99,9,9,99,9,99,1,9,6,6,3,-1,-1,-1,-1,-1,-1,1,E01003347,0,1
2024041419449,2024,041419449,2,9,0,-1,3,5,1,-1,0,0,0,0,0,0,2,1,-1,9,2,41,7,-1,-1,-1,-1,3,E01025249,0,4
2024061511249,2024,061511249,1,9,0,-1,9,1,7,-1,0,2,0,0,0,0,1,9,-1,6,3,-1,-1,-1,-1,-1,-1,-1,-1,0,-1
2024052400754,2024,052400754,1,9,0,5,5,2,6,0,0,1,0,0,0,0,1,1,6,6,3,-1,-1,-1,-1,-1,-1,-1,-1,0,-1
2024610019524,2024,610019524,3,9,0,18,19,3,7,0,0,0,0,0,0,0,2,1,6,6,3,-1,-1,-1,-1,-1,-1,-1,-1,0,-1
2024430252322,2024,430252322,1,19,0,18,19,7,3,0,0,1,0,10,0,0,1,1,6,6,2,53,8,-1,-1,-1,-1,9,E01033955,0,1
2024351490101,2024,351490101,1,9,0,-1,4,1,5,-1,0,0,0,4,0,0,0,1,-1,2,1,45,7,-1,-1,-1,-1,3,E01015638,0,2
2024340NN2122,2024,340NN2122,2,1,0,-1,19,1,5,-1,0,1,0,0,0,0,4,1,-1,9,1,52,8,-1,-1,-1,-1,3,E01027082,0,1
2024041467144,2024,041467144,1,9,0,-1,9,4,8,-1,0,0,0,0,0,0,3,9,-1,6,3,-1,-1,-1,-1,-1,-1,-1,-1,0,-1
2024311397325,2024,311397325,2,1,0,-1,4,7,3,-1,0,1,0,0,0,0,1,1,-1,2,1,26,6,-1,-1,-1,-1,-1,-1,0,-1
2024010496072,2024,010496072,1,3,0,99,99,9,9,99,99,9,9,99,9,99,1,1,1,1,1,34,6,-1,-1,-1,-1,2,E01002096,0,2
2024010490300,2024,010490300,1,9,0,99,99,9,9,99,99,9,9,99,9,99,2,9,6,6,1,27,6,-1,-1,-1,-1,2,E01003059,0,2
2024548841524,2024,548841524,1,9,0,18,19,5,1,0,0,6,0,0,0,0,1,1,6,6,1,34,6,-1,-1,-1,-1,3,E01035675,0,5
2024010517588,2024,010517588,2,1,0,18,19,5,1,0,0,0,0,0,0,0,2,1,6,6,1,14,3,-1,-1,-1,-1,4,E01001465,0,1
2024201414866,2024,201414866,2,9,0,-1,4,4,4,-1,0,0,0,0,0,0,1,1,-1,6,1,59,9,-1,-1,-1,-1,2,E01010025,0,1
2024552401475,2024,552401475,2,1,0,18,19,8,4,4,4,8,0,0,0,0,1,1,6,6,2,59,9,-1,-1,-1,-1,5,E01015377,0,1
2024010488550,2024,010488550,2,9,0,99,99,9,9,99,99,0,9,99,9,99,2,9,6,6,3,-1,-1,-1,-1,-1,-1,-1,-1,0,-1
2024201470478,2024,201470478,2,19,0,-1,19,2,6,-1,0,0,0,0,0,0,2,1,-1,6,1,19,4,-1,-1,-1,-1,4,E01010252,0,1
2024010518557,2024,010518557,2,1,0,18,19,5,1,0,0,1,0,0,0,0,2,1,6,6,1,25,5,-1,-1,-1,-1,5,E01004221,0,1
2024991494102,2024,991494102,2,9,0,-1,19,8,4,-1,0,0,0,0,1,0,1,1,-1,9,1,69,10,-1,-1,-1,-1,7,-1,0,4
2024010523576,2024,010523576,2,9,0,99,99,9,9,99,99,9,9,99,9,99,1,9,6,6,3,-1,-1,-1,-1,-1,-1,-1,-1,0,-1
2024991441497,2024,991441497,2,9,0,-1,19,6,2,-1,0,1,0,0,0,0,1,1,-1,9,2,20,4,-1,-1,-1,-1,-1,-1,0,-1
2024221450126,2024,221450126,2,9,0,-1,19,8,4,-1,0,4,0,0,0,0,2,1,-1,6,2,46,8,-1,-1,-1,-1,5,E01035068,0,2
2024440429568,2024,440429568,1,1,0,9,9,1,6,0,0,1,0,0,0,0,4,1,6,6,2,50,8,-1,-1,-1,-1,1,E01017031,0,1
2024010528849,2024,010528849,1,1,0,9,9,6,3,0,0,1,0,0,0,0,2,1,1,1,1,25,5,-1,-1,-1,-1,2,E01001673,0,2
2024461401126,2024,461401126,1,-1,0,-1,19,1,5,-1,0,8,0,0,0,0,1,1,-1,6,1,18,4,-1,-1,-1,-1,2,E01016024,1,1
2024211432553,2024,211432553,1,9,0,-1,19,5,1,-1,0,0,0,0,0,0,1,9,-1,6,3,-1,-1,-1,-1,-1,-1,-1,-1,0,-1
2024542512624,2024,542512624,1,9,0,4,4,4,8,0,0,0,1,0,0,0,4,1,1,1,1,65,9,-1,-1,-1,-1,8,E01032088,0,2
2024991395213,2024,991395213,1,9,0,-1,19,8,4,-1,0,0,2,0,7,0,1,1,-1,6,1,41,7,-1,-1,-1,-1,8,-1,0,1
2024010486831,2024,010486831,1,9,0,17,19,5,1,0,0,6,0,0,0,0,3,1,6,6,3,-1,-1,-1,-1,-1,-1,-1,-1,0,-1
2024010516874,2024,010516874,1,11,9,18,19,1,5,0,0,1,0,0,0,0,0,1,1,1,1,64,9,-1,-1,-1,-1,3,E01000138,0,2
2024010488093,2024,010488093,1,8,0,5,5,0,5,0,0,0,0,0,0,0,1,1,1,1,1,44,7,-1,-1,-1,-1,-1,-1,0,-1
2024161437355,2024,161437355,1,97,0,-1,19,8,4,-1,0,1,1,0,0,0,0,1,-1,6,1,44,7,-1,-1,-1,-1,4,E01013029,0,2
2024461494240,2024,461494240,1,4,0,-1,19,5,1,-1,0,0,1,9,0,0,1,1,-1,6,1,17,4,-1,-1,-1,-1,7,E01016028,0,1
2024451513882,2024,451513882,2,9,0,-1,15,5,1,-1,0,0,0,0,0,0,4,9,-1,6,3,40,7,-1,-1,-1,-1,-1,-1,0,-1
2024010488298,2024,010488298,1,9,9,99,99,9,9,99,99,0,9,99,9,99,9,9,6,6,3,30,6,-1,-1,-1,-1,3,E01003723,0,3
2024010493026,2024,010493026,3,9,0,18,19,7,3,0,0,0,0,0,0,0,1,1,6,6,1,45,7,-1,-1,-1,-1,3,E01015801,0,4
2024430284197,2024,430284197,1,9,0,18,19,5,1,0,0,1,0,0,0,0,1,1,6,6,1,-1,-1,-1,-1,-1,-1,-1,-1,0,-1
2024461439178,2024,461439178,2,9,0,-1,9,5,3,-1,0,6,0,0,0,0,3,1,-1,6,2,47,8,-1,-1,-1,-1,9,E01024724,0,1
2024052401410,2024,052401410,2,1,0,5,5,7,3,0,0,0,0,0,0,0,3,1,6,6,1,40,7,-1,-1,-1,-1,1,E01006952,0,1
2024010492631,2024,010492631,1,9,0,18,19,2,6,0,0,8,0,0,0,0,4,1,6,6,1,47,8,-1,-1,-1,-1,7,E01024465,0,4
2024451462079,2024,451462079,2,98,0,-1,19,2,6,-1,0,0,0,0,0,0,1,9,-1,6,3,-1,-1,-1,-1,-1,-1,-1,-1,0,-1
2024501505969,2024,501505969,1,9,0,-1,14,3,7,-1,0,0,0,0,0,0,1,1,-1,6,3,-1,-1,-1,-1,-1,-1,-1,-1,0,-1
2024010517145,2024,010517145,1,1,0,18,19,3,7,0,0,1,0,0,0,0,1,1,1,1,1,48,8,-1,-1,-1,-1,6,E01001964,0,2
2024010545639,2024,010545639,2,9,0,99,99,9,9,99,99,9,9,99,9,99,1,9,6,6,3,-1,-1,-1,-1,-1,-1,-1,-1,0,-1
2024070627160,2024,070627160,2,1,0,5,5,6,2,0,0,1,0,0,0,0,3,1,6,6,1,19,4,-1,-1,-1,-1,2,E01018364,0,1
2024010517136,2024,010517136,1,1,9,99,99,9,9,99,99,9,9,99,9,99,9,1,2,2,1,29,6,-1,-1,-1,-1,8,E01004080,0,3
2024201502904,2024,201502904,2,1,0,-1,19,1,6,-1,0,8,0,0,0,0,4,1,-1,9,1,19,4,-1,-1,-1,-1,9,E01032533,0,1
2024201504457,2024,201504457,2,1,0,-1,19,5,1,-1,0,8,2,0,0,0,2,1,-1,6,2,22,5,-1,-1,-1,-1,4,E01033615,0,1
2024041435748,2024,041435748,2,9,0,-1,19,3,7,-1,0,0,0,0,0,0,0,9,-1,6,1,72,10,-1,-1,-1,-1,7,E01024993,0,1
2024332400312,2024,332400312,1,9,0,-1,9,5,3,-1,0,3,0,0,0,0,2,1,-1,1,1,48,8,-1,-1,-1,-1,7,E01025677,0,2
2024991501290,2024,991501290,1,9,0,-1,19,3,7,-1,0,0,0,0,1,0,1,1,-1,9,2,37,7,-1,-1,-1,-1,-1,-1,0,-1
2024430017174,2024,430017174,2,9,0,18,19,4,8,0,0,8,0,0,0,0,1,1,6,6,2,72,10,-1,-1,-1,-1,8,E01017704,0,3
2024351457227,2024,351457227,2,1,0,-1,19,3,7,-1,0,1,5,0,0,0,2,1,-1,6,1,34,6,-1,-1,-1,-1,5,E01017947,0,1
2024421450663,2024,421450663,1,9,0,-1,19,1,5,-1,0,0,0,0,0,0,1,1,-1,6,1,20,4,-1,-1,-1,-1,-1,-1,0,-1
2024522402252,2024,522402252,1,1,0,18,19,4,8,0,0,8,0,0,0,0,1,1,6,6,2,40,7,-1,-1,-1,-1,6,E01006685,0,5
2024461465267,2024,461465267,2,5,0,-1,19,5,1,-1,0,8,1,0,0,0,2,1,-1,9,1,33,6,-1,-1,-1,-1,-1,-1,0,-1
2024552500059,2024,552500059,1,97,0,18,19,6,2,0,0,0,0,0,0,0,4,1,6,6,3,-1,-1,-1,-1,-1,-1,-1,-1,0,-1
2024052401706,2024,052401706,1,9,0,5,5,2,6,0,0,1,0,0,0,0,1,1,2,2,1,32,6,-1,-1,-1,-1,2,E01012383,0,4
2024010505456,2024,010505456,2,9,9,99,99,9,9,99,99,9,9,99,9,99,9,9,6,6,3,-1,-1,-1,-1,-1,-1,-1,-1,0,-1
2024501516370,2024,501516370,1,19,0,-1,19,3,7,-1,0,4,0,0,0,0,1,9,-1,6,3,-1,-1,-1,-1,-1,-1,-1,-1,0,-1
202454B533724,2024,54B533724,1,8,0,18,19,8,4,0,0,1,0,0,0,0,1,1,1,1,1,53,8,-1,-1,-1,-1,6,E01035452,0,3
2024010535263,2024,010535263,1,1,9,99,99,9,9,99,99,9,9,99,9,99,9,1,6,6,2,25,5,-1,-1,-1,-1,8,E01003027,0,1
2024991443777,2024,991443777,1,8,0,-1,3,1,5,-1,0,1,0,0,0,0,4,1,-1,1,1,-1,-1,-1,-1,-1,-1,-1,-1,0,-1
2024010551622,2024,010551622,1,1,0,18,19,6,2,0,0,1,0,0,0,0,1,1,6,6,2,-1,-1,-1,-1,-1,-1,3,E01001175,0,1
2024061457188,2024,061457188,5,9,0,-1,19,5,1,-1,0,0,0,0,0,0,3,1,-1,6,1,45,7,-1,-1,-1,-1,-1,-1,0,-1
2024010509490,2024,010509490,1,1,9,99,99,9,9,99,99,9,9,99,9,99,9,1,6,6,1,41,7,-1,-1,-1,-1,7,E01000364,0,1
2024401451530,2024,401451530,1,1,0,-1,19,6,2,-1,0,8,0,0,0,0,1,1,-1,6,1,44,7,-1,-1,-1,-1,2,E01033804,0,1
2024320547571,2024,320547571,1,9,0,-1,-1,4,8,0,0,1,0,0,0,0,1,1,1,1,1,27,6,-1,-1,-1,-1,4,E01026230,0,2
2024430437010,2024,430437010,1,9,0,18,19,6,2,0,0,1,0,0,0,0,1,1,6,6,1,51,8,-1,-1,-1,-1,-1,-1,0,-1
2024131526572,2024,131526572,2,9,0,-1,-1,-1,-1,-1,-1,0,-1,-1,-1,-1,-1,1,-1,6,3,-1,-1,-1,-1,-1,-1,-1,-1,0,-1
2024440454122,2024,440454122,2,1,0,3,3,4,8,0,0,0,0,0,0,0,2,1,2,2,2,55,8,-1,-1,-1,-1,2,E01023029,0,1
2024141424025,2024,141424025,1,9,0,-1,3,1,5,-1,0,0,0,0,0,0,2,9,-1,1,1,42,7,-1,-1,-1,-1,2,E01007914,0,2
2024010505317,2024,010505317,1,9,0,18,19,7,3,0,0,0,0,0,0,0,2,1,2,2,1,54,8,-1,-1,-1,-1,-1,-1,0,-1
2024461478942,2024,461478942,3,9,0,-1,2,0,0,-1,-1,0,0,0,0,0,0,1,-1,2,1,37,7,-1,-1,-1,-1,1,E01003515,0,4
2024061526493,2024,061526493,2,1,0,-1,19,5,1,-1,0,1,0,0,0,0,1,1,-1,9,2,49,8,-1,-1,-1,-1,1,E01005230,0,1
2024320385340,2024,320385340,1,1,0,-1,-1,3,7,0,0,2,0,0,0,0,4,1,-1,-1,1,12,3,-1,-1,-1,-1,8,E01034699,0,1
2024122400768,2024,122400768,2,1,0,18,19,4,8,0,0,0,0,0,0,0,1,1,6,6,1,34,6,-1,-1,-1,-1,10,E01013379,0,1
2024440174558,2024,440174558,2,9,0,17,19,8,5,0,0,1,0,0,0,0,3,1,6,6,2,49,8,-1,-1,-1,-1,9,E01031384,0,4
2024332401147,2024,332401147,2,9,0,-1,19,7,3,-1,0,8,0,0,1,4,1,1,-1,9,2,47,8,-1,-1,-1,-1,3,E01025844,0,1
2024010491337,2024,010491337,1,3,0,18,19,3,7,0,0,0,0,0,0,0,3,1,1,1,1,34,6,-1,-1,-1,-1,4,E01000875,0,1
2024471497037,2024,471497037,1,9,0,-1,3,1,7,-1,0,6,0,0,0,0,3,1,-1,2,1,67,10,-1,-1,-1,-1,10,E01031828,0,1
2024122500095,2024,122500095,2,1,0,18,19,1,5,0,0,0,0,0,0,0,2,1,6,6,1,67,10,-1,-1,-1,-1,9,E01027791,0,2
2024501482495,2024,501482495,2,9,0,-1,2,0,0,-1,0,0,0,0,1,11,2,2,-1,6,2,-1,-1,-1,-1,-1,-1,7,E01019045,0,1
2024161427877,2024,161427877,1,9,0,-1,7,5,3,-1,0,8,0,0,0,0,1,9,-1,6,2,-1,-1,-1,-1,-1,-1,-1,-1,0,-1
2024461511930,2024,461511930,2,9,0,-1,19,3,7,-1,0,0,2,0,0,0,4,1,-1,9,2,71,10,-1,-1,-1,-1,8,E01024098,0,1
2024010493521,2024,010493521,3,9,0,99,99,9,9,0,0,0,9,99,9,99,1,9,6,6,3,-1,-1,-1,-1,-1,-1,-1,-1,0,-1
2024010488548,2024,010488548,2,9,0,99,99,9,9,99,99,9,9,99,9,99,9,9,6,6,3,-1,-1,-1,-1,-1,-1,-1,-1,0,-1
2024052400064,2024,052400064,1,1,0,18,19,7,3,0,0,0,0,0,0,0,1,1,6,6,1,-1,-1,-1,-1,-1,-1,-1,-1,0,-1
2024421510675,2024,421510675,2,1,0,-1,19,5,1,-1,0,8,0,0,0,0,4,1,-1,2,1,60,9,-1,-1,-1,-1,4,E01021639,0,1
2024991395547,2024,991395547,1,9,0,-1,13,5,1,-1,0,0,0,0,0,0,1,1,-1,6,3,-1,-1,-1,-1,-1,-1,-1,-1,0,-1
2024361410077,2024,361410077,2,1,0,-1,19,1,3,-1,0,0,0,0,0,0,1,1,-1,6,1,62,9,-1,-1,-1,-1,10,E01026915,0,1
2024501397298,2024,501397298,1,9,0,-1,19,7,7,-1,0,6,0,0,0,0,1,1,-1,6,2,68,10,-1,-1,-1,-1,3,E01015061,0,1
2024010493008,2024,010493008,2,9,0,2,2,0,0,0,0,0,0,0,0,0,3,1,6,6,3,-1,-1,-1,-1,-1,-1,-1,-1,0,-1
2024461531579,2024,461531579,1,98,0,-1,5,3,7,-1,0,7,0,0,0,0,1,9,-1,6,1,-1,-1,-1,-1,-1,-1,-1,-1,0,-1
2024052401462,2024,052401462,2,1,0,18,19,2,6,0,0,0,0,0,0,0,4,1,6,6,1,59,9,-1,-1,-1,-1,2,E01006845,0,1
2024471445310,2024,471445310,1,9,0,-1,9,8,5,-1,0,6,0,0,0,0,1,1,-1,9,1,22,5,-1,-1,-1,-1,9,E01021203,0,1
2024471491317,2024,471491317,1,1,0,-1,19,1,5,-1,4,8,2,0,0,0,4,1,-1,1,1,38,7,-1,-1,-1,-1,5,E01016898,0,1
2024131504439,2024,131504439,1,9,0,-1,-1,-1,-1,-1,-1,-1,-1,-1,-1,-1,-1,1,-1,6,3,-1,-1,-1,-1,-1,-1,-1,-1,0,-1