collision_index,collision_year,collision_ref_no,vehicle_reference,vehicle_type,towing_and_articulation,vehicle_manoeuvre_historic,vehicle_manoeuvre,vehicle_direction_from,vehicle_direction_to,vehicle_location_restricted_lane_historic,vehicle_location_restricted_lane,junction_location,skidding_and_overturning,hit_object_in_carriageway,vehicle_leaving_carriageway,hit_object_off_carriageway,first_point_of_impact,vehicle_left_hand_drive,journey_purpose_of_driver_historic,journey_purpose_of_driver,sex_of_driver,age_of_driver,age_band_of_driver,engine_capacity_cc,propulsion_code,age_of_vehicle,generic_make_model,driver_imd_decile,lsoa_of_driver,escooter_flag,driver_distance_banding
2024201482406,2024,201482406,2,1,0,-1,19,7,3,-1,0,4,0,0,0,0,1,1,-1,1,1,23,5,-1,-1,-1,-1,5,E01009283,0,2
2024440242497,2024,440242497,2,1,0,16,19,7,2,0,0,1,0,0,0,0,1,1,6,6,1,14,3,-1,-1,-1,-1,7,E01017361,0,1
2024461461459,2024,461461459,2,9,0,-1,19,2,6,-1,0,0,0,0,0,0,1,2,-1,1,1,58,9,-1,-1,-1,-1,-1,-1,0,-1
2024351486409,2024,351486409,3,9,-1,-1,-1,-1,-1,-1,-1,0,-1,-1,-1,0,-1,9,-1,6,3,-1,-1,-1,-1,-1,-1,-1,-1,0,-1
2024991414382,2024,991414382,1,9,0,-1,19,3,7,-1,0,0,0,0,0,0,3,9,-1,6,3,-1,-1,-1,-1,-1,-1,-1,-1,0,-1
2024010518306,2024,010518306,2,1,0,18,19,4,8,4,4,0,0,8,0,0,3,1,3,7,1,11,3,-1,-1,-1,-1,8,E01000225,0,1
202417L211624,2024,17L211624,1,9,0,-1,9,8,6,-1,0,8,0,0,0,0,1,1,-1,2,1,-1,-1,-1,-1,-1,-1,-1,-1,0,-1
2024010531298,2024,010531298,1,1,9,99,99,9,9,99,99,9,9,99,9,99,1,1,6,6,3,-1,-1,-1,-1,-1,-1,-1,-1,0,-1
2024552401226,2024,552401226,1,9,0,18,19,1,5,0,0,0,0,4,0,0,3,1,6,6,3,-1,-1,-1,-1,-1,-1,-1,-1,0,-1
2024041394947,2024,041394947,1,9,0,-1,9,7,3,-1,0,2,0,0,0,0,1,1,-1,6,1,45,7,-1,-1,-1,-1,1,E01025181,0,1
2024471403060,2024,471403060,1,9,0,-1,19,7,3,-1,0,0,5,4,0,0,1,9,-1,6,2,85,11,-1,-1,-1,-1,6,E01031782,0,1
2024031454816,2024,031454816,1,9,0,-1,1,5,8,-1,0,2,0,0,0,0,4,1,-1,1,1,61,9,-1,-1,-1,-1,6,E01019235,0,4
2024461516203,2024,461516203,2,1,0,-1,19,5,1,-1,0,0,0,0,0,0,2,1,-1,6,1,37,7,-1,-1,-1,-1,5,E01024038,0,3
2024010535469,2024,010535469,2,21,9,99,99,9,9,99,99,9,9,99,9,99,1,9,6,6,1,41,7,-1,-1,-1,-1,4,E01030304,0,4
2024010550777,2024,010550777,2,9,0,99,99,9,9,99,99,9,9,99,9,99,1,9,6,6,3,-1,-1,-1,-1,-1,-1,-1,-1,0,-1
2024041420456,2024,041420456,2,9,0,-1,9,6,5,-1,0,8,0,0,0,0,3,1,-1,7,1,49,8,-1,-1,-1,-1,8,E01024944,0,1
2024010514688,2024,010514688,1,9,0,99,99,9,9,99,99,9,9,99,9,99,1,9,6,6,3,-1,-1,-1,-1,-1,-1,-1,-1,0,-1
2024010510835,2024,010510835,1,8,9,99,99,9,9,99,99,9,9,99,9,99,9,9,6,6,3,-1,-1,-1,-1,-1,-1,-1,-1,0,-1
2024010532301,2024,010532301,2,1,0,18,19,1,5,0,0,0,0,0,0,0,1,1,1,1,1,26,6,-1,-1,-1,-1,5,E01004348,0,1
2024311445552,2024,311445552,1,19,0,-1,19,1,7,-1,0,0,0,0,0,0,2,9,-1,6,1,-1,-1,-1,-1,-1,-1,-1,-1,0,-1
2024010494562,2024,010494562,1,9,0,18,19,7,3,0,0,1,0,0,0,0,1,1,2,2,1,59,9,-1,-1,-1,-1,6,E01034595,0,1
2024010510405,2024,010510405,1,1,9,99,99,9,9,99,99,9,9,99,9,99,9,1,6,6,1,46,8,-1,-1,-1,-1,2,E01004524,0,1
2024010511373,2024,010511373,1,1,9,99,99,9,9,99,99,9,9,99,9,99,9,1,6,6,1,39,7,-1,-1,-1,-1,3,E01001982,0,1
2024411551141,2024,411551141,2,1,0,-1,19,5,1,-1,0,8,0,0,0,0,2,1,-1,2,2,38,7,-1,-1,-1,-1,8,E01023884,0,1
2024041425217,2024,041425217,3,9,0,-1,19,1,5,-1,0,0,0,0,0,0,2,1,-1,2,1,59,9,-1,-1,-1,-1,3,E01004777,0,3
2024010496596,2024,010496596,2,9,0,5,5,0,5,0,0,8,0,0,0,0,0,1,2,2,1,57,9,-1,-1,-1,-1,7,E01004499,0,1
2024451492315,2024,451492315,1,9,0,-1,19,1,1,-1,0,0,0,0,0,0,4,1,-1,6,3,30,6,-1,-1,-1,-1,-1,-1,0,-1
2024471505552,2024,471505552,1,11,0,-1,19,3,7,-1,0,0,0,0,0,0,1,1,-1,9,1,72,10,-1,-1,-1,-1,5,E01017358,0,4
2024010492809,2024,010492809,2,9,0,7,7,7,1,0,0,1,0,0,0,0,4,1,6,6,1,26,6,-1,-1,-1,-1,8,E01006532,0,5
2024010505889,2024,010505889,2,1,0,18,19,1,5,4,4,8,0,0,0,0,1,1,2,2,2,41,7,-1,-1,-1,-1,6,E01004482,0,1
2024010493922,2024,010493922,1,9,0,18,19,3,7,0,0,6,0,11,0,0,1,1,6,6,1,43,7,-1,-1,-1,-1,3,E01003240,0,2
2024010490725,2024,010490725,2,1,0,18,19,5,1,4,4,8,0,0,0,0,3,1,2,2,1,34,6,-1,-1,-1,-1,3,E01000735,0,3
2024411495251,2024,411495251,2,9,0,-1,19,1,5,-1,0,8,0,0,0,0,1,1,-1,6,1,60,9,-1,-1,-1,-1,5,E01035583,0,1
2024010529008,2024,010529008,2,9,0,3,3,5,1,0,0,0,0,0,0,0,2,1,6,6,1,53,8,-1,-1,-1,-1,5,E01002307,0,3
2024161394102,2024,161394102,1,9,0,-1,19,3,7,-1,0,1,0,0,0,0,3,1,-1,2,1,50,8,-1,-1,-1,-1,5,E01013297,0,1
2024461483674,2024,461483674,1,9,0,-1,19,1,5,-1,0,0,0,4,0,0,1,1,-1,1,1,25,5,-1,-1,-1,-1,3,E01003151,0,4
2024010492435,2024,010492435,1,1,9,99,99,9,9,99,99,9,9,99,9,99,9,1,6,6,1,69,10,-1,-1,-1,-1,8,E01001211,0,2
2024440104710,2024,440104710,2,9,0,16,19,1,4,0,0,1,0,0,0,0,1,1,1,1,1,-1,-1,-1,-1,-1,-1,-1,-1,0,-1
2024010496676,2024,010496676,2,9,9,1,1,1,5,0,0,9,0,99,0,0,2,1,6,6,3,-1,-1,-1,-1,-1,-1,-1,-1,0,-1
2024351469324,2024,351469324,2,9,0,-1,9,3,1,-1,0,2,0,0,0,0,3,1,-1,2,2,50,8,-1,-1,-1,-1,10,E01018193,0,1
2024010509951,2024,010509951,2,1,9,99,99,9,9,99,99,9,9,99,9,99,1,1,6,6,1,-1,-1,-1,-1,-1,-1,6,E01003948,0,1
2024622500014,2024,622500014,1,9,0,18,19,8,4,0,0,0,0,0,0,0,2,1,6,6,1,54,8,-1,-1,-1,-1,3,W01001181,0,3
2024451472647,2024,451472647,1,9,0,-1,19,5,1,-1,0,0,0,0,1,0,1,1,-1,6,1,38,7,-1,-1,-1,-1,6,E01003002,0,2
2024010493102,2024,010493102,1,9,0,9,9,7,5,0,0,5,0,0,0,0,4,1,6,6,1,55,8,-1,-1,-1,-1,4,E01001618,0,1
2024351422821,2024,351422821,1,19,0,-1,19,5,1,-1,0,0,0,0,0,0,1,2,-1,6,1,33,6,-1,-1,-1,-1,4,E01026638,0,5
2024070302375,2024,070302375,1,9,0,16,19,1,5,0,0,0,0,0,0,0,1,1,2,2,2,19,4,-1,-1,-1,-1,5,E01010754,0,4
2024430036863,2024,430036863,2,9,0,1,1,1,5,0,0,0,0,0,0,0,2,1,6,6,3,-1,-1,-1,-1,-1,-1,-1,-1,0,-1
2024501501604,2024,501501604,4,9,0,-1,20,0,0,-1,0,0,0,0,0,0,4,1,-1,6,-1,-1,-1,-1,-1,-1,-1,-1,-1,0,-1
2024430328255,2024,430328255,2,9,0,18,19,1,5,0,0,8,0,0,0,0,1,1,3,7,2,36,7,-1,-1,-1,-1,4,E01033497,0,1
2024031527918,2024,031527918,1,9,0,-1,19,4,8,-1,0,1,0,0,0,0,1,1,-1,6,2,35,6,-1,-1,-1,-1,-1,-1,0,-1
2024501498561,2024,501498561,2,-1,0,-1,19,7,3,-1,0,0,0,0,0,0,1,1,-1,6,1,9,2,-1,-1,-1,-1,1,E01015146,1,1
2024371518711,2024,371518711,1,9,0,-1,19,8,3,-1,0,0,0,0,0,0,1,9,-1,6,3,-1,-1,-1,-1,-1,-1,-1,-1,0,-1
2024101474157,2024,101474157,1,9,0,-1,19,4,1,-1,0,8,0,0,0,0,1,1,-1,6,3,45,7,-1,-1,-1,-1,-1,-1,0,-1
2024430116149,2024,430116149,1,9,0,18,19,5,1,0,0,2,0,0,7,4,1,1,2,2,1,63,9,-1,-1,-1,-1,2,E01019505,0,5
2024430115456,2024,430115456,2,2,0,18,19,1,5,0,0,8,0,0,0,0,1,1,6,6,1,20,4,-1,-1,-1,-1,-1,-1,0,-1
2024010490216,2024,010490216,2,3,0,7,7,4,6,0,0,6,0,0,0,0,1,1,6,6,1,45,7,-1,-1,-1,-1,2,E01001110,0,1
2024522500007,2024,522500007,1,1,0,18,19,8,4,0,0,0,0,0,0,0,1,1,1,1,1,18,4,-1,-1,-1,-1,5,E01014573,0,1
2024031409559,2024,031409559,2,9,0,-1,9,7,5,-1,0,1,0,0,0,0,3,1,-1,1,1,46,8,-1,-1,-1,-1,9,E01019190,0,1
2024991459917,2024,991459917,1,2,0,-1,19,1,5,-1,9,0,0,0,0,0,0,1,-1,6,1,17,4,-1,-1,-1,-1,-1,-1,0,-1
2024471493931,2024,471493931,1,1,0,-1,19,3,7,-1,0,1,5,7,1,11,1,1,-1,6,1,20,4,-1,-1,-1,-1,6,E01034816,0,1
2024332400533,2024,332400533,1,1,0,-1,19,8,4,-1,4,8,1,0,0,0,1,1,-1,1,1,24,5,-1,-1,-1,-1,1,E01013748,0,1
2024211440076,2024,211440076,1,22,0,-1,19,2,6,-1,0,5,5,0,0,0,4,1,-1,9,2,88,11,-1,-1,-1,-1,5,E01014308,0,1
2024520500060,2024,520500060,1,9,0,18,19,1,5,0,0,8,0,0,0,0,1,1,6,6,1,40,7,-1,-1,-1,-1,4,E01029196,0,1
2024461488139,2024,461488139,1,9,0,-1,19,5,1,-1,0,0,0,0,0,0,3,9,-1,6,3,-1,-1,-1,-1,-1,-1,-1,-1,0,-1
2024010550149,2024,010550149,1,1,9,99,99,9,9,99,99,9,9,99,9,99,2,1,2,2,2,26,6,-1,-1,-1,-1,4,E01004038,0,1
2024070855900,2024,070855900,1,17,4,-1,19,5,1,-1,0,0,-1,-1,0,0,0,1,-1,1,1,-1,-1,-1,-1,-1,-1,-1,-1,0,-1
2024430605359,2024,430605359,2,-1,0,9,9,5,3,0,0,2,0,0,0,0,3,1,6,6,1,20,4,-1,-1,-1,-1,6,E01028579,1,1
2024622400585,2024,622400585,2,1,0,18,19,4,8,0,0,8,0,0,0,0,3,1,1,1,1,28,6,-1,-1,-1,-1,5,W01001725,0,1
2024320019152,2024,320019152,2,1,0,14,14,2,6,0,0,0,0,0,0,0,1,1,-1,-1,1,10,2,-1,-1,-1,-1,2,E01026037,0,1
2024430146254,2024,430146254,2,11,0,18,19,6,2,0,0,0,0,0,0,0,3,1,1,1,3,-1,-1,-1,-1,-1,-1,-1,-1,0,-1
2024141450966,2024,141450966,2,1,0,-1,19,5,1,-1,0,1,0,0,0,0,1,1,-1,6,1,11,3,-1,-1,-1,-1,3,E01007480,0,1
2024141420699,2024,141420699,2,9,0,-1,19,6,2,-1,0,0,0,7,0,0,4,1,-1,9,1,80,11,-1,-1,-1,-1,10,E01019793,0,3
2024991427345,2024,991427345,1,9,0,-1,19,7,3,-1,0,0,0,0,0,0,4,1,-1,6,1,45,7,-1,-1,-1,-1,-1,-1,0,-1
2024461412255,2024,461412255,1,9,0,-1,5,8,4,-1,0,3,0,0,0,0,-1,9,-1,6,3,-1,-1,-1,-1,-1,-1,-1,-1,0,-1
2024430469146,2024,430469146,2,1,0,18,19,5,1,0,0,0,5,0,0,0,1,1,6,6,1,33,6,-1,-1,-1,-1,7,E01028560,0,1
2024010525378,2024,010525378,2,1,9,99,99,9,9,99,99,9,9,99,9,99,1,1,6,6,3,-1,-1,-1,-1,-1,-1,6,E01033868,0,1
2024430174504,2024,430174504,3,19,0,12,12,5,1,0,0,0,0,0,0,0,0,1,1,1,3,-1,-1,-1,-1,-1,-1,-1,-1,0,-1
2024421523440,2024,421523440,3,9,0,-1,19,4,8,-1,0,1,0,4,0,0,2,1,-1,9,2,38,7,-1,-1,-1,-1,3,E01021888,0,1
2024401441145,2024,401441145,2,9,0,-1,19,1,5,-1,0,1,0,0,0,0,2,1,-1,6,2,24,5,-1,-1,-1,-1,4,E01017535,0,3
2024010512280,2024,010512280,1,97,0,13,13,6,2,0,0,1,0,0,3,0,4,1,6,6,3,-1,-1,-1,-1,-1,-1,-1,-1,0,-1
2024010521494,2024,010521494,2,1,0,18,19,5,1,9,9,1,0,0,0,0,0,1,3,7,2,36,7,-1,-1,-1,-1,3,E01003235,0,1
2024461526099,2024,461526099,1,9,0,-1,5,7,3,-1,0,0,0,0,0,0,1,9,-1,6,3,-1,-1,-1,-1,-1,-1,-1,-1,0,-1
2024161511569,2024,161511569,2,1,0,-1,19,8,4,-1,0,1,0,0,0,0,1,1,-1,6,1,-1,-1,-1,-1,-1,-1,-1,-1,0,-1
2024010509184,2024,010509184,2,9,0,18,19,5,1,0,0,8,0,0,0,0,3,1,6,6,1,41,7,-1,-1,-1,-1,5,E01000664,0,1
2024430123566,2024,430123566,1,9,0,3,3,2,6,0,0,0,0,0,0,0,2,1,6,6,2,34,6,-1,-1,-1,-1,7,E01017915,0,3
2024340NN1892,2024,340NN1892,1,9,0,-1,19,3,7,-1,0,0,0,0,0,0,1,1,-1,6,1,46,8,-1,-1,-1,-1,1,E01006607,0,5
2024141506095,2024,141506095,2,9,0,-1,19,3,7,-1,0,1,0,0,0,0,1,9,-1,6,3,-1,-1,-1,-1,-1,-1,-1,-1,0,-1
2024010534177,2024,010534177,1,1,0,18,19,7,3,5,5,1,0,8,0,0,1,1,6,6,1,37,7,-1,-1,-1,-1,3,E01004675,0,1
2024041440175,2024,041440175,2,9,0,-1,19,1,5,-1,0,0,0,0,0,0,2,1,-1,9,2,56,9,-1,-1,-1,-1,7,E01025563,0,1
2024010507678,2024,010507678,1,9,0,16,19,5,7,0,0,6,0,0,0,0,1,1,6,6,3,-1,-1,-1,-1,-1,-1,-1,-1,0,-1
2024010509411,2024,010509411,1,1,9,99,99,9,9,99,99,1,9,99,9,99,9,1,6,6,1,26,6,-1,-1,-1,-1,9,E01004480,0,1
2024501410882,2024,501410882,1,9,0,-1,9,4,2,-1,0,8,0,0,0,0,1,1,-1,6,1,25,5,-1,-1,-1,-1,1,E01015078,0,1
2024302400194,2024,302400194,1,9,0,18,19,2,6,0,0,8,0,0,0,0,1,1,6,6,2,72,10,-1,-1,-1,-1,5,E01019837,0,1
2024041421520,2024,041421520,1,9,0,-1,6,3,7,-1,0,0,0,7,0,0,4,1,-1,6,1,36,7,-1,-1,-1,-1,7,E01024914,0,1
2024010546251,2024,010546251,2,1,9,9,9,5,3,0,0,1,2,99,9,99,1,1,2,2,1,25,5,-1,-1,-1,-1,6,E01000631,0,1
2024332400766,2024,332400766,2,9,0,-1,19,7,2,-1,0,0,0,0,0,0,3,1,-1,9,1,19,4,-1,-1,-1,-1,2,E01013768,0,2
2024010495079,2024,010495079,2,9,0,99,99,9,9,0,0,0,0,0,0,0,9,9,6,6,3,-1,-1,-1,-1,-1,-1,-1,-1,0,-1
2024351486684,2024,351486684,1,98,0,-1,19,8,4,-1,-1,0,0,0,0,0,1,1,-1,6,1,60,9,-1,-1,-1,-1,7,E01018269,0,3
2024371499462,2024,371499462,1,9,0,-1,19,6,2,-1,0,0,0,0,0,0,0,1,-1,6,1,87,11,-1,-1,-1,-1,10,E01023715,0,4
2024461456581,2024,461456581,1,9,-1,-1,-1,5,1,-1,0,0,0,0,0,0,-1,9,-1,6,1,-1,-1,-1,-1,-1,-1,4,E01034370,0,2
2024010548400,2024,010548400,2,1,0,13,13,5,1,0,0,2,0,0,0,0,3,1,6,6,1,13,3,-1,-1,-1,-1,8,E01000247,0,2
2024430267238,2024,430267238,1,-1,0,18,19,5,1,0,0,0,0,0,0,0,1,1,6,6,1,30,6,-1,-1,-1,-1,-1,-1,1,-1
2024311514223,2024,311514223,2,9,0,-1,19,2,6,-1,0,0,0,0,0,0,1,1,-1,6,1,-1,-1,-1,-1,-1,-1,-1,-1,0,-1
2024311434406,2024,311434406,1,9,0,-1,9,4,8,-1,0,8,0,0,0,0,3,9,-1,6,1,24,5,-1,-1,-1,-1,-1,-1,0,-1
2024471464518,2024,471464518,2,1,0,-1,19,4,8,-1,0,1,0,0,0,0,4,1,-1,6,2,53,8,-1,-1,-1,-1,2,E01021012,0,1
2024411463919,2024,411463919,2,9,0,-1,7,1,3,-1,0,5,0,0,0,0,4,1,-1,2,1,35,6,-1,-1,-1,-1,7,E01023329,0,2
2024061437580,2024,061437580,1,19,0,-1,-1,-1,-1,-1,-1,-1,-1,-1,-1,0,-1,1,-1,6,3,-1,-1,-1,-1,-1,-1,-1,-1,0,-1
2024991403258,2024,991403258,2,1,0,-1,19,7,3,-1,0,3,0,0,0,0,2,1,-1,6,2,53,8,-1,-1,-1,-1,5,-1,0,1
2024201450165,2024,201450165,1,9,0,-1,19,2,4,-1,0,0,0,0,0,0,0,1,-1,6,3,-1,-1,-1,-1,-1,-1,-1,-1,0,-1
2024421532335,2024,421532335,1,9,0,-1,19,1,5,-1,0,0,0,0,0,0,1,1,-1,9,2,33,6,-1,-1,-1,-1,-1,-1,0,-1
2024010532626,2024,010532626,1,1,0,18,19,4,8,0,0,1,0,0,0,0,1,1,1,1,1,51,8,-1,-1,-1,-1,9,E01004073,0,2
2024440219722,2024,440219722,1,1,0,18,19,6,2,0,0,0,0,0,0,0,0,1,6,6,1,47,8,-1,-1,-1,-1,6,E01022592,0,1
2024430009886,2024,430009886,1,8,0,5,5,4,8,0,0,0,0,0,0,0,0,1,1,1,1,47,8,-1,-1,-1,-1,3,E01017663,0,4
2024010497479,2024,010497479,1,9,0,17,19,8,5,0,0,0,0,0,0,0,1,1,2,2,1,38,7,-1,-1,-1,-1,-1,-1,0,-1
2024010510165,2024,010510165,2,9,0,18,19,1,5,0,0,1,0,0,0,0,1,1,6,6,3,-1,-1,-1,-1,-1,-1,-1,-1,0,-1
2024461412221,2024,461412221,1,21,1,-1,19,2,6,-1,0,0,0,0,0,0,1,2,-1,1,1,-1,-1,-1,-1,-1,-1,-1,-1,0,-1
2024430332458,2024,430332458,1,1,0,18,19,4,8,0,0,0,0,0,0,0,4,1,4,7,1,11,3,-1,-1,-1,-1,9,E01016258,0,1
2024201485926,2024,201485926,1,9,0,-1,19,6,2,-1,0,0,0,0,0,0,1,1,-1,6,-1,-1,-1,-1,-1,-1,-1,-1,-1,0,-1
2024471429320,2024,471429320,1,1,0,-1,19,4,8,-1,0,1,0,0,1,0,1,1,-1,9,1,21,5,-1,-1,-1,-1,6,E01021188,0,2
2024231518262,2024,231518262,2,1,0,-1,9,5,3,-1,0,8,0,0,0,0,4,1,-1,6,1,29,6,-1,-1,-1,-1,6,E01035400,0,3
2024010512577,2024,010512577,1,1,9,99,99,9,9,99,99,0,9,99,9,99,1,1,2,2,3,24,5,-1,-1,-1,-1,10,E01025814,0,5
2024010505678,2024,010505678,2,9,9,99,99,9,9,99,99,9,9,99,9,99,9,9,6,6,3,-1,-1,-1,-1,-1,-1,-1,-1,0,-1
2024010528864,2024,010528864,3,1,0,18,19,1,5,4,4,1,0,0,0,0,3,1,6,6,1,30,6,-1,-1,-1,-1,4,E01003058,0,3
2024440478652,2024,440478652,1,9,0,10,10,5,3,0,0,8,0,0,0,0,2,1,6,6,1,52,8,-1,-1,-1,-1,4,E01017217,0,1
2024471504323,2024,471504323,1,1,0,-1,19,1,5,-1,0,0,0,0,0,0,1,1,-1,6,1,33,6,-1,-1,-1,-1,7,E01031423,0,3
2024991532448,2024,991532448,2,1,0,-1,19,1,5,-1,0,1,0,0,0,0,1,1,-1,2,1,30,6,-1,-1,-1,-1,9,-1,0,1
2024545779424,2024,545779424,1,23,0,13,13,6,2,0,0,0,0,0,0,0,1,1,6,6,1,21,5,-1,-1,-1,-1,7,E01032078,0,1
2024451531353,2024,451531353,2,9,0,-1,19,6,8,-1,0,0,0,0,0,0,3,1,-1,6,1,33,6,-1,-1,-1,-1,-1,-1,0,-1
2024131405646,2024,131405646,1,9,0,-1,19,1,3,-1,0,1,0,0,0,0,-1,1,-1,6,3,-1,-1,-1,-1,-1,-1,-1,-1,0,-1
2024010535133,2024,010535133,2,1,0,5,5,5,1,4,4,1,0,10,0,0,1,1,6,6,2,24,5,-1,-1,-1,-1,3,E01003960,0,1
2024052400630,2024,052400630,1,9,0,18,19,6,2,0,0,1,0,0,0,0,1,1,6,6,3,-1,-1,-1,-1,-1,-1,-1,-1,0,-1
2024010520298,2024,010520298,1,1,9,99,99,9,9,99,99,1,9,99,9,99,1,1,6,6,1,19,4,-1,-1,-1,-1,8,E01001919,0,1
2024311512973,2024,311512973,1,9,0,-1,9,8,6,-1,0,0,0,0,0,0,1,1,-1,9,1,42,7,-1,-1,-1,-1,2,E01028230,0,1
2024010491999,2024,010491999,2,21,1,18,19,5,1,0,0,0,0,4,0,0,1,1,1,1,2,39,7,-1,-1,-1,-1,5,E01018096,0,5
2024221412697,2024,221412697,1,9,0,-1,19,1,4,-1,0,1,0,0,0,0,1,9,-1,6,1,40,7,-1,-1,-1,-1,-1,-1,0,-1
2024010502402,2024,010502402,1,11,0,18,19,1,5,0,0,0,0,0,0,0,4,1,6,6,3,-1,-1,-1,-1,-1,-1,-1,-1,0,-1
2024161456313,2024,161456313,2,9,0,-1,19,3,7,-1,0,0,0,0,0,0,0,1,-1,6,3,-1,-1,-1,-1,-1,-1,-1,-1,0,-1
2024421475578,2024,421475578,1,-1,0,-1,19,1,5,-1,0,1,0,0,0,0,3,1,-1,6,1,13,3,-1,-1,-1,-1,8,E01015998,1,1
2024141456756,2024,141456756,2,9,0,-1,19,1,5,-1,0,8,0,0,0,0,4,1,-1,9,1,30,6,-1,-1,-1,-1,4,E01019491,0,3
2024201466573,2024,201466573,1,9,0,-1,13,8,4,-1,0,0,0,0,0,0,1,9,-1,6,2,-1,-1,-1,-1,-1,-1,-1,-1,0,-1
2024520401134,2024,520401134,1,9,0,5,5,7,5,0,0,8,0,0,0,0,3,1,6,6,1,56,9,-1,-1,-1,-1,8,E01029113,0,1
2024631430123,2024,631430123,2,9,0,-1,19,6,2,-1,0,8,0,0,0,0,1,1,-1,7,1,36,7,-1,-1,-1,-1,6,W01000584,0,2
2024211527059,2024,211527059,1,9,0,-1,1,3,7,-1,0,1,0,0,0,0,2,9,-1,6,1,67,10,-1,-1,-1,-1,7,E01009417,0,2
2024161402749,2024,161402749,1,9,0,-1,19,2,6,-1,0,1,0,0,0,0,1,9,-1,6,-1,-1,-1,-1,-1,-1,-1,-1,-1,0,-1
2024010540324,2024,010540324,1,3,0,18,19,5,1,0,0,1,1,0,0,0,1,1,6,6,3,-1,-1,-1,-1,-1,-1,-1,-1,0,-1
2024010513573,2024,010513573,1,1,9,99,99,9,9,99,99,9,9,99,9,99,9,1,2,2,1,45,7,-1,-1,-1,-1,10,E01017794,0,4
2024122401224,2024,122401224,2,1,0,17,19,2,6,0,0,0,0,0,0,0,0,1,6,6,1,55,8,-1,-1,-1,-1,10,E01027731,0,2
2024041519430,2024,041519430,4,9,0,-1,3,2,6,-1,0,1,0,0,0,0,3,1,-1,9,1,74,10,-1,-1,-1,-1,9,E01025569,0,1
2024052402319,2024,052402319,1,11,0,5,5,3,7,0,0,1,0,0,0,0,4,1,1,1,1,51,8,-1,-1,-1,-1,5,E01006491,0,1
2024361475622,2024,361475622,2,9,0,-1,5,5,1,-1,0,0,0,0,0,0,0,1,-1,6,1,38,7,-1,-1,-1,-1,7,E01018448,0,5
2024361434693,2024,361434693,2,90,0,-1,19,-1,-1,-1,0,1,0,0,0,0,3,1,-1,6,2,32,6,-1,-1,-1,-1,5,E01010211,0,5
2024010507657,2024,010507657,1,1,9,99,99,9,9,99,99,9,9,99,9,99,1,1,6,6,3,-1,-1,-1,-1,-1,-1,-1,-1,0,-1
2024461471427,2024,461471427,2,21,1,-1,19,4,8,-1,0,0,0,0,0,0,2,2,-1,1,1,31,6,-1,-1,-1,-1,-1,-1,0,-1
2024471407515,2024,471407515,1,9,0,-1,-1,-1,-1,-1,-1,0,-1,-1,-1,0,-1,9,-1,6,3,-1,-1,-1,-1,-1,-1,-1,-1,0,-1
2024161404927,2024,161404927,1,9,0,-1,19,8,4,-1,0,0,0,0,0,0,1,1,-1,9,1,30,6,-1,-1,-1,-1,-1,-1,0,-1
2024010528458,2024,010528458,2,8,0,99,99,9,9,99,99,9,9,99,9,99,9,9,6,6,3,-1,-1,-1,-1,-1,-1,-1,-1,0,-1
2024501516033,2024,501516033,2,9,0,-1,2,0,0,-1,0,0,0,0,0,0,2,1,-1,6,2,34,6,-1,-1,-1,-1,-1,-1,0,-1
2024052401989,2024,052401989,1,8,0,9,9,7,5,0,0,8,0,0,0,0,1,1,6,6,3,-1,-1,-1,-1,-1,-1,-1,-1,0,-1
2024101403212,2024,101403212,1,9,0,-1,9,6,2,-1,0,8,0,0,0,0,1,1,-1,9,1,35,6,-1,-1,-1,-1,4,E01008796,0,1
2024461509871,2024,461509871,1,98,0,-1,19,5,1,-1,0,0,0,0,0,0,1,1,-1,6,-1,40,7,-1,-1,-1,-1,-1,-1,0,-1
2024010492996,2024,010492996,1,9,0,5,5,0,1,9,9,6,0,0,0,0,1,1,6,6,1,59,9,-1,-1,-1,-1,-1,-1,0,-1
2024520402093,2024,520402093,2,1,0,18,19,8,6,0,0,8,0,0,0,0,1,1,6,6,1,60,9,-1,-1,-1,-1,6,E01032652,0,1
2024010493697,2024,010493697,2,9,0,99,99,9,9,99,99,9,9,99,9,99,9,9,6,6,3,-1,-1,-1,-1,-1,-1,-1,-1,0,-1
2024052401852,2024,052401852,2,1,0,18,19,1,5,0,0,1,0,0,0,0,1,1,6,6,1,65,9,-1,-1,-1,-1,1,E01006564,0,1
2024221475336,2024,221475336,1,9,0,-1,19,6,1,-1,0,0,1,0,0,0,1,1,-1,6,1,28,6,-1,-1,-1,-1,4,E01028978,0,2
2024440166389,2024,440166389,1,8,0,9,9,2,7,0,0,8,0,0,0,0,3,1,1,1,1,31,6,-1,-1,-1,-1,4,E01017282,0,1
2024141529925,2024,141529925,1,9,0,-1,9,5,1,-1,0,4,1,0,0,0,3,1,-1,9,1,62,9,-1,-1,-1,-1,6,E01007321,0,2
2024010538301,2024,010538301,1,1,9,99,99,9,9,99,99,9,9,99,9,99,1,1,6,6,1,42,7,-1,-1,-1,-1,2,E01004444,0,1
2024421429026,2024,421429026,1,9,0,-1,19,2,6,-1,0,0,0,0,0,0,-1,9,-1,6,3,-1,-1,-1,-1,-1,-1,-1,-1,0,-1
2024501413032,2024,501413032,1,9,0,-1,19,8,4,-1,0,0,0,0,0,0,1,9,-1,2,1,27,6,-1,-1,-1,-1,8,E01020240,0,2
2024010501354,2024,010501354,2,1,0,18,19,7,3,0,0,1,0,0,0,0,2,1,6,6,2,25,5,-1,-1,-1,-1,2,E01000858,0,2
2024010491255,2024,010491255,1,9,9,18,19,5,1,9,9,2,0,0,0,0,0,9,6,6,1,-1,-1,-1,-1,-1,-1,-1,-1,0,-1
2024631472908,2024,631472908,4,9,0,-1,19,2,6,-1,0,0,0,0,0,0,1,1,-1,6,1,32,6,-1,-1,-1,-1,7,W01000497,0,3
2024411414506,2024,411414506,1,1,0,-1,19,8,4,-1,0,3,0,0,0,0,0,1,-1,6,1,62,9,-1,-1,-1,-1,10,E01023558,0,1
2024010533442,2024,010533442,3,1,9,99,99,9,9,99,99,9,9,99,9,99,9,1,6,6,2,6,2,-1,-1,-1,-1,7,E01002714,0,3