collision_index,collision_year,collision_ref_no,vehicle_reference,vehicle_type,towing_and_articulation,vehicle_manoeuvre_historic,vehicle_manoeuvre,vehicle_direction_from,vehicle_direction_to,vehicle_location_restricted_lane_historic,vehicle_location_restricted_lane,junction_location,skidding_and_overturning,hit_object_in_carriageway,vehicle_leaving_carriageway,hit_object_off_carriageway,first_point_of_impact,vehicle_left_hand_drive,journey_purpose_of_driver_historic,journey_purpose_of_driver,sex_of_driver,age_of_driver,age_band_of_driver,engine_capacity_cc,propulsion_code,age_of_vehicle,generic_make_model,driver_imd_decile,lsoa_of_driver,escooter_flag,driver_distance_banding
2024221440328,2024,221440328,2,9,0,-1,19,3,1,-1,0,0,0,0,0,0,3,9,-1,6,1,22,5,-1,-1,-1,-1,6,E01032460,0,4
2024991512757,2024,991512757,1,9,0,-1,19,2,6,-1,0,0,0,0,0,0,1,1,-1,9,1,33,6,-1,-1,-1,-1,4,-1,0,1
2024010537764,2024,010537764,1,9,0,9,9,4,2,0,0,8,0,0,0,0,0,1,6,6,1,52,8,-1,-1,-1,-1,4,E01000532,0,1
2024471408037,2024,471408037,1,1,0,-1,5,7,3,-1,2,2,0,0,3,0,3,1,-1,2,1,30,6,-1,-1,-1,-1,2,E01016964,0,1
2024201417124,2024,201417124,1,9,0,-1,19,1,3,-1,0,8,0,0,0,0,1,1,-1,6,2,30,6,-1,-1,-1,-1,-1,-1,0,-1
2024430402236,2024,430402236,2,9,-1,-1,-1,-1,-1,0,0,3,0,-1,-1,-1,9,1,6,6,1,30,6,-1,-1,-1,-1,-1,-1,0,-1
2024451419099,2024,451419099,1,1,0,-1,19,7,3,-1,0,0,0,0,0,0,1,1,-1,6,1,58,9,-1,-1,-1,-1,7,E01030921,0,3
2024351414066,2024,351414066,2,1,0,-1,19,5,1,-1,4,8,5,0,0,0,4,1,-1,1,1,60,9,-1,-1,-1,-1,10,E01017995,0,1
2024451458076,2024,451458076,2,98,0,-1,19,1,3,-1,0,4,0,0,0,0,1,9,-1,6,3,40,7,-1,-1,-1,-1,-1,-1,0,-1
2024520401676,2024,520401676,3,9,0,2,2,0,0,6,6,1,0,0,0,0,4,1,6,6,3,-1,-1,-1,-1,-1,-1,-1,-1,0,-1
2024041399631,2024,041399631,1,90,0,-1,19,3,7,-1,0,0,0,0,0,0,1,1,-1,1,1,62,9,-1,-1,-1,-1,7,E01025004,0,2
2024430105868,2024,430105868,2,21,0,18,19,8,4,0,0,0,0,0,0,0,1,1,6,6,1,58,9,-1,-1,-1,-1,-1,-1,0,-1
2024101486768,2024,101486768,1,11,0,-1,4,1,5,-1,0,0,0,0,0,0,0,1,-1,1,1,-1,-1,-1,-1,-1,-1,-1,-1,0,-1
2024531413747,2024,531413747,1,9,0,-1,2,0,0,-1,0,0,0,0,0,0,3,1,-1,6,1,55,8,-1,-1,-1,-1,9,E01022101,0,1
2024991506654,2024,991506654,1,5,0,-1,19,2,6,-1,0,0,0,0,0,0,3,1,-1,9,1,70,10,-1,-1,-1,-1,6,-1,0,1
2024161474392,2024,161474392,2,9,0,-1,1,8,4,-1,0,0,0,0,0,0,2,1,-1,6,1,-1,-1,-1,-1,-1,-1,-1,-1,0,-1
2024430446501,2024,430446501,1,19,0,18,19,7,3,0,0,0,0,0,0,0,4,1,6,6,3,-1,-1,-1,-1,-1,-1,-1,-1,0,-1
2024320407683,2024,320407683,1,9,0,-1,-1,8,4,0,0,0,0,0,7,11,1,1,6,6,1,25,5,-1,-1,-1,-1,4,E01013227,0,4
2024131514519,2024,131514519,3,9,0,-1,2,0,0,-1,0,8,0,0,0,0,3,1,-1,6,-1,-1,-1,-1,-1,-1,-1,-1,-1,0,-1
2024010527279,2024,010527279,2,1,0,14,14,7,3,0,0,1,0,0,0,0,1,1,6,6,1,51,8,-1,-1,-1,-1,10,E01030329,0,3
2024161453718,2024,161453718,1,11,0,-1,19,7,3,-1,0,8,0,0,0,0,0,9,-1,1,1,42,7,-1,-1,-1,-1,1,E01012846,0,2
2024302400936,2024,302400936,1,9,0,18,19,5,1,0,0,1,0,0,0,0,1,1,6,6,3,-1,-1,-1,-1,-1,-1,5,E01019456,0,3
2024221523256,2024,221523256,4,9,0,-1,3,5,1,-1,0,0,0,0,0,0,2,9,-1,6,1,57,9,-1,-1,-1,-1,3,E01033246,0,1
2024010495551,2024,010495551,1,1,9,99,99,9,9,99,99,9,9,99,9,99,9,1,2,2,1,27,6,-1,-1,-1,-1,10,E01000766,0,2
2024451422333,2024,451422333,3,1,0,-1,19,1,1,-1,0,0,9,0,0,0,1,1,-1,6,1,30,6,-1,-1,-1,-1,-1,-1,0,-1
2024522402395,2024,522402395,1,9,0,18,19,9,9,0,0,0,0,0,0,0,4,1,6,6,3,-1,-1,-1,-1,-1,-1,-1,-1,0,-1
202460Q189260,2024,60Q189260,2,9,0,16,19,6,4,0,0,3,0,0,0,0,4,1,6,6,1,46,8,-1,-1,-1,-1,-1,-1,0,-1
2024522402391,2024,522402391,2,97,0,7,7,3,5,0,0,6,0,0,0,0,1,1,6,6,3,-1,-1,-1,-1,-1,-1,-1,-1,0,-1
2024371472065,2024,371472065,2,9,0,-1,19,7,3,-1,0,8,1,0,0,0,0,1,-1,2,1,46,8,-1,-1,-1,-1,1,E01030279,0,1
2024010550289,2024,010550289,1,8,0,99,99,9,9,99,99,9,9,99,9,99,9,9,6,6,3,-1,-1,-1,-1,-1,-1,3,E01001192,0,3
2024010507991,2024,010507991,2,1,0,14,14,3,7,0,0,1,0,0,0,0,0,1,6,6,1,20,4,-1,-1,-1,-1,3,E01003438,0,2
2024201488776,2024,201488776,2,1,0,-1,9,7,5,-1,0,6,0,0,0,0,1,1,-1,6,1,23,5,-1,-1,-1,-1,3,E01009045,0,1
2024010549676,2024,010549676,1,1,9,99,99,9,9,99,99,9,9,99,9,99,1,1,2,2,1,53,8,-1,-1,-1,-1,10,E01017768,0,4
2024010548851,2024,010548851,2,-1,0,99,99,9,9,5,5,1,9,0,0,0,1,1,6,6,3,-1,-1,-1,-1,-1,-1,-1,-1,1,-1
2024411404254,2024,411404254,2,9,0,-1,3,1,5,-1,0,0,0,0,0,0,2,1,-1,9,2,39,7,-1,-1,-1,-1,3,E01023343,0,4
2024610033724,2024,610033724,1,90,0,18,19,7,3,0,0,0,0,0,0,0,1,1,6,6,3,-1,-1,-1,-1,-1,-1,-1,-1,0,-1
2024991483721,2024,991483721,1,90,0,-1,12,4,8,-1,0,0,0,0,0,0,1,1,-1,1,1,29,6,-1,-1,-1,-1,5,-1,0,1
2024101418461,2024,101418461,1,1,0,-1,19,3,7,-1,0,1,0,0,0,0,4,1,-1,6,1,50,8,-1,-1,-1,-1,-1,-1,0,-1
2024041498941,2024,041498941,1,1,0,-1,19,3,7,-1,0,1,0,0,0,0,1,1,-1,2,1,11,3,-1,-1,-1,-1,1,E01012649,0,1
2024311492016,2024,311492016,2,-1,0,-1,19,2,6,-1,0,0,0,0,0,0,1,1,-1,6,1,22,5,-1,-1,-1,-1,4,E01028335,1,1
2024501443937,2024,501443937,2,9,0,-1,4,1,5,-1,0,8,0,0,1,0,1,1,-1,2,1,64,9,-1,-1,-1,-1,7,E01015103,0,1
2024501452661,2024,501452661,3,9,0,-1,19,7,3,-1,0,0,0,0,0,0,1,1,-1,9,2,52,8,-1,-1,-1,-1,8,E01028807,0,5
2024010516254,2024,010516254,1,9,0,18,19,5,1,0,0,1,0,0,0,0,3,1,6,6,1,17,4,-1,-1,-1,-1,4,E01001232,0,1
2024451410482,2024,451410482,2,9,0,-1,4,1,5,-1,0,0,0,0,0,0,1,9,-1,6,3,41,7,-1,-1,-1,-1,-1,-1,0,-1
2024451409570,2024,451409570,2,9,0,-1,19,1,5,-1,0,1,0,0,0,0,-1,9,-1,6,3,-1,-1,-1,-1,-1,-1,-1,-1,0,-1
2024411487526,2024,411487526,2,1,-1,-1,-1,-1,-1,-1,-1,-1,-1,-1,-1,0,3,1,-1,9,1,31,6,-1,-1,-1,-1,1,E01033456,0,4
2024010522204,2024,010522204,1,1,9,99,99,9,9,99,99,9,9,99,9,99,1,1,2,2,2,32,6,-1,-1,-1,-1,2,E01001147,0,1
2024010491393,2024,010491393,2,98,0,99,99,9,9,99,99,9,9,99,9,99,0,9,6,6,3,-1,-1,-1,-1,-1,-1,-1,-1,0,-1
2024010518275,2024,010518275,2,1,0,14,14,5,1,0,0,2,5,0,0,0,4,1,6,6,2,29,6,-1,-1,-1,-1,9,E01023969,0,4
2024451497611,2024,451497611,2,1,0,-1,19,5,1,-1,0,8,5,0,0,0,3,1,-1,9,1,54,8,-1,-1,-1,-1,8,E01030979,0,1
2024991513979,2024,991513979,2,9,0,-1,2,0,0,-1,0,1,0,0,0,0,1,2,-1,6,3,-1,-1,-1,-1,-1,-1,-1,-1,0,-1
2024061483135,2024,061483135,2,9,0,-1,19,-1,-1,-1,0,0,0,0,0,0,1,1,-1,6,3,-1,-1,-1,-1,-1,-1,-1,-1,0,-1
2024610015124,2024,610015124,1,-1,0,18,19,8,4,0,0,0,0,0,0,0,0,1,6,6,1,16,4,-1,-1,-1,-1,1,W01001536,1,1
2024440282659,2024,440282659,1,9,0,18,19,1,5,0,0,0,0,0,0,0,2,1,6,6,3,60,9,-1,-1,-1,-1,6,E01017092,0,1
2024041422913,2024,041422913,1,98,0,-1,19,6,2,-1,0,0,0,0,0,0,0,9,-1,6,3,-1,-1,-1,-1,-1,-1,-1,-1,0,-1
2024010490727,2024,010490727,2,9,0,5,5,6,2,0,0,1,1,0,0,0,2,1,6,6,2,43,7,-1,-1,-1,-1,7,E01030423,0,4
2024010487255,2024,010487255,1,9,0,6,6,1,1,0,0,0,0,0,0,0,3,1,1,1,1,39,7,-1,-1,-1,-1,2,E01002751,0,1
2024010495235,2024,010495235,2,-1,0,18,19,5,1,0,0,1,0,0,0,0,1,1,6,6,1,22,5,-1,-1,-1,-1,4,E01004274,1,1
2024010496683,2024,010496683,1,3,0,99,99,9,9,99,99,9,9,99,9,99,1,1,1,1,1,29,6,-1,-1,-1,-1,2,E01001461,0,3
2024010488596,2024,010488596,2,11,0,99,99,9,9,99,99,9,9,99,9,99,2,9,6,6,1,63,9,-1,-1,-1,-1,6,E01002919,0,2
2024010496991,2024,010496991,1,3,0,99,99,9,9,99,99,9,9,99,9,99,1,1,1,1,3,25,5,-1,-1,-1,-1,4,E01023333,0,1
2024131470916,2024,131470916,2,1,0,-1,19,3,7,-1,9,0,0,0,0,0,2,1,-1,6,1,62,9,-1,-1,-1,-1,3,E01011779,0,1
2024401406428,2024,401406428,1,9,0,-1,1,3,7,-1,0,1,0,0,0,0,2,1,-1,9,1,35,6,-1,-1,-1,-1,2,E01015760,0,1
2024010487339,2024,010487339,1,3,0,99,99,9,9,99,99,9,9,99,9,99,1,1,6,6,1,37,7,-1,-1,-1,-1,2,E01000508,0,4
2024201574901,2024,201574901,1,9,0,-1,11,1,5,-1,0,0,0,0,0,0,4,1,-1,6,3,-1,-1,-1,-1,-1,-1,-1,-1,0,-1
2024052401684,2024,052401684,1,9,0,18,19,1,5,0,0,0,0,0,0,0,2,1,6,6,1,77,11,-1,-1,-1,-1,6,E01007251,0,1
2024471405204,2024,471405204,1,9,0,-1,19,8,4,-1,0,0,0,0,1,1,1,2,-1,9,1,60,9,-1,-1,-1,-1,10,E01016983,0,1
2024991499160,2024,991499160,1,9,0,-1,13,6,2,-1,0,1,0,0,0,0,4,1,-1,6,2,79,11,-1,-1,-1,-1,6,-1,0,2
2024010490127,2024,010490127,3,9,0,18,19,1,5,0,0,8,0,0,0,0,1,1,6,6,3,-1,-1,-1,-1,-1,-1,-1,-1,0,-1
202454C856424,2024,54C856424,1,9,0,14,14,2,6,0,0,0,0,0,0,0,1,1,6,6,2,84,11,-1,-1,-1,-1,9,E01032058,0,1
2024302400016,2024,302400016,2,11,0,2,2,0,0,0,0,2,0,0,0,0,0,1,1,1,3,-1,-1,-1,-1,-1,-1,-1,-1,0,-1
2024161414780,2024,161414780,2,1,0,-1,19,2,6,-1,0,0,0,0,0,0,1,1,-1,2,1,65,9,-1,-1,-1,-1,1,E01012809,0,1
2024010515903,2024,010515903,2,19,0,99,99,9,9,99,99,5,9,99,9,99,9,9,6,6,1,-1,-1,-1,-1,-1,-1,8,E01002518,0,4
2024010498376,2024,010498376,1,1,9,99,99,9,9,4,4,1,9,99,9,99,9,1,2,2,1,27,6,-1,-1,-1,-1,3,E01035671,0,1
2024010489814,2024,010489814,2,9,0,18,19,1,5,0,0,8,0,0,0,0,1,1,1,1,1,43,7,-1,-1,-1,-1,6,E01003701,0,1
2024340NN1752,2024,340NN1752,1,11,0,-1,19,1,5,-1,0,1,0,0,0,0,4,1,-1,1,1,32,6,-1,-1,-1,-1,3,E01035412,0,1
2024010549691,2024,010549691,1,90,0,99,99,9,9,99,99,9,9,99,9,99,9,9,2,2,1,41,7,-1,-1,-1,-1,5,E01003217,0,3
2024161498812,2024,161498812,2,9,0,-1,5,5,1,-1,0,6,0,0,0,0,1,1,-1,6,3,-1,-1,-1,-1,-1,-1,-1,-1,0,-1
2024991554519,2024,991554519,1,10,0,-1,5,8,4,-1,0,3,0,0,1,0,1,1,-1,9,1,64,9,-1,-1,-1,-1,-1,-1,0,-1
2024010525976,2024,010525976,1,1,0,5,5,3,7,9,9,1,1,0,0,0,3,1,6,6,1,22,5,-1,-1,-1,-1,4,E01029386,0,5
2024010532091,2024,010532091,2,1,9,99,99,9,9,99,99,9,9,99,9,99,9,1,6,6,3,-1,-1,-1,-1,-1,-1,-1,-1,0,-1
2024131434484,2024,131434484,1,9,0,-1,5,3,7,-1,4,1,0,0,0,0,1,1,-1,6,3,-1,-1,-1,-1,-1,-1,-1,-1,0,-1
2024161532835,2024,161532835,1,97,0,-1,19,1,5,-1,0,0,0,0,0,0,3,1,-1,9,1,-1,-1,-1,-1,-1,-1,-1,-1,0,-1
2024471535729,2024,471535729,2,1,0,-1,19,5,1,-1,0,0,0,0,0,0,1,1,-1,2,1,26,6,-1,-1,-1,-1,6,E01003713,0,4
2024302400996,2024,302400996,2,-1,0,7,7,2,5,0,0,2,1,0,0,0,3,1,6,6,1,16,4,-1,-1,-1,-1,1,E01013591,1,1
2024010532803,2024,010532803,2,9,0,99,99,9,9,99,99,9,9,99,9,99,9,9,6,6,3,-1,-1,-1,-1,-1,-1,-1,-1,0,-1
2024010522099,2024,010522099,1,1,0,18,19,5,1,0,0,1,0,0,0,0,1,1,6,6,1,24,5,-1,-1,-1,-1,2,E01000508,0,1
2024440083167,2024,440083167,1,19,0,18,19,2,6,0,0,1,0,0,0,0,1,1,6,6,3,-1,-1,-1,-1,-1,-1,-1,-1,0,-1
2024010510932,2024,010510932,1,9,9,99,99,9,9,99,99,9,9,99,9,99,9,9,6,6,3,-1,-1,-1,-1,-1,-1,-1,-1,0,-1
2024010508774,2024,010508774,1,9,0,18,19,7,3,0,0,1,0,0,0,0,1,1,6,6,3,-1,-1,-1,-1,-1,-1,-1,-1,0,-1
2024421421990,2024,421421990,1,9,0,-1,4,1,5,-1,0,0,0,0,0,0,1,9,-1,6,3,-1,-1,-1,-1,-1,-1,-1,-1,0,-1
2024430406783,2024,430406783,2,1,0,15,15,8,4,0,0,1,0,0,0,0,3,1,6,6,1,29,6,-1,-1,-1,-1,-1,-1,0,-1
2024544225624,2024,544225624,2,1,0,18,19,3,7,0,0,8,0,0,0,0,4,1,6,6,1,34,6,-1,-1,-1,-1,9,E01015535,0,1
2024430168584,2024,430168584,2,1,0,18,19,3,7,0,0,8,0,0,0,0,4,1,2,2,1,38,7,-1,-1,-1,-1,8,E01028541,0,1
2024101421529,2024,101421529,1,9,0,-1,19,2,6,-1,9,1,0,0,0,0,3,1,-1,6,-1,-1,-1,-1,-1,-1,-1,-1,-1,0,-1
2024522401819,2024,522401819,2,19,0,4,4,2,6,0,0,0,0,0,0,0,0,1,6,6,1,-1,-1,-1,-1,-1,-1,-1,-1,0,-1
2024340WN0292,2024,340WN0292,2,9,0,-1,4,6,2,-1,0,0,0,0,0,0,2,1,-1,6,3,-1,-1,-1,-1,-1,-1,-1,-1,0,-1
2024010495804,2024,010495804,1,9,0,99,99,9,9,99,99,9,9,99,9,99,9,9,6,6,2,41,7,-1,-1,-1,-1,4,E01001481,0,1
2024061489266,2024,061489266,3,1,0,-1,19,3,7,-1,4,8,2,0,0,0,4,1,-1,9,1,34,6,-1,-1,-1,-1,4,E01006186,0,1
2024351407899,2024,351407899,2,1,0,-1,-1,-1,-1,-1,0,8,0,0,0,0,2,1,-1,2,2,24,5,-1,-1,-1,-1,6,E01017965,0,1
2024010491047,2024,010491047,2,4,0,13,13,1,5,0,0,1,0,0,1,0,3,1,6,6,1,52,8,-1,-1,-1,-1,7,E01034716,0,4
2024231397677,2024,231397677,1,9,0,-1,19,4,8,-1,0,1,0,0,0,0,1,9,-1,6,2,25,5,-1,-1,-1,-1,-1,-1,0,-1
2024320478121,2024,320478121,2,1,0,-1,-1,2,6,0,0,2,5,0,0,0,3,1,6,6,1,85,11,-1,-1,-1,-1,9,E01026354,0,1
2024520401267,2024,520401267,3,9,0,18,19,1,5,0,0,0,0,0,0,0,1,1,6,6,2,29,6,-1,-1,-1,-1,2,E01029110,0,1
2024421483678,2024,421483678,2,5,0,-1,19,2,6,-1,0,0,0,0,0,0,1,1,-1,9,1,20,4,-1,-1,-1,-1,4,E01021955,0,2
2024122500210,2024,122500210,1,9,0,18,19,6,2,0,0,0,0,0,7,0,1,1,6,6,1,38,7,-1,-1,-1,-1,7,E01027600,0,4
2024131463171,2024,131463171,6,9,0,-1,19,3,7,-1,0,0,0,0,0,0,2,1,-1,9,2,23,5,-1,-1,-1,-1,2,E01011872,0,3
2024010496724,2024,010496724,1,9,0,99,99,9,9,99,99,0,9,99,9,99,9,9,6,6,2,-1,-1,-1,-1,-1,-1,4,E01000029,0,1
2024411437264,2024,411437264,2,19,0,-1,5,3,7,-1,0,4,0,0,0,0,1,1,-1,1,1,31,6,-1,-1,-1,-1,4,E01033834,0,4
2024010540650,2024,010540650,2,10,0,99,99,9,9,99,99,9,9,99,9,99,1,9,6,6,3,-1,-1,-1,-1,-1,-1,-1,-1,0,-1
2024061404537,2024,061404537,1,5,0,-1,13,5,1,-1,0,0,1,10,8,3,1,1,-1,6,1,51,8,-1,-1,-1,-1,9,E01004807,0,1
2024991418783,2024,991418783,2,9,0,-1,19,3,8,-1,0,0,0,0,0,0,3,1,-1,9,2,51,8,-1,-1,-1,-1,2,-1,0,2
2024010561184,2024,010561184,2,98,0,99,99,9,9,99,99,9,9,99,9,99,2,9,6,6,3,-1,-1,-1,-1,-1,-1,4,E01034225,0,2
2024010501526,2024,010501526,3,1,9,99,99,9,9,99,99,0,9,99,9,99,0,1,6,6,3,-1,-1,-1,-1,-1,-1,-1,-1,0,-1
2024010493477,2024,010493477,1,9,0,99,99,9,9,99,99,0,9,99,9,99,9,9,6,6,2,52,8,-1,-1,-1,-1,2,E01002969,0,1
2024010489386,2024,010489386,1,3,0,99,99,9,9,99,99,9,9,99,9,99,9,1,2,2,3,39,7,-1,-1,-1,-1,9,E01003795,0,2
2024430616520,2024,430616520,1,11,0,18,19,6,2,0,0,0,0,0,0,0,4,1,1,1,1,-1,-1,-1,-1,-1,-1,-1,-1,0,-1
2024411482143,2024,411482143,1,98,-1,-1,-1,-1,-1,-1,-1,-1,-1,-1,-1,0,-1,9,-1,6,1,-1,-1,-1,-1,-1,-1,-1,-1,0,-1
2024411417113,2024,411417113,1,99,-1,-1,-1,-1,-1,-1,-1,0,-1,-1,-1,0,-1,9,-1,6,3,-1,-1,-1,-1,-1,-1,-1,-1,0,-1
2024041519612,2024,041519612,1,9,0,-1,19,-1,-1,-1,0,1,0,0,0,0,-1,9,-1,6,3,-1,-1,-1,-1,-1,-1,-1,-1,0,-1
2024991396995,2024,991396995,1,9,0,-1,19,1,5,-1,0,5,0,4,0,0,1,2,-1,9,2,24,5,-1,-1,-1,-1,8,-1,0,2
2024010511135,2024,010511135,1,9,0,18,19,7,3,9,9,2,0,0,7,2,1,1,6,6,2,19,4,-1,-1,-1,-1,5,E01000454,0,1
2024131489957,2024,131489957,1,-1,0,-1,19,1,5,-1,9,8,0,0,0,0,1,1,-1,6,3,-1,-1,-1,-1,-1,-1,-1,-1,1,-1
2024430232589,2024,430232589,1,9,0,18,19,1,5,0,0,0,0,0,0,0,1,1,6,6,1,-1,-1,-1,-1,-1,-1,-1,-1,0,-1
2024520401301,2024,520401301,1,9,0,10,10,5,3,0,0,6,0,0,0,0,1,1,6,6,1,35,6,-1,-1,-1,-1,4,E01035114,0,4
2024010552166,2024,010552166,2,9,0,99,99,9,9,99,99,9,9,99,9,99,9,9,6,6,3,-1,-1,-1,-1,-1,-1,-1,-1,0,-1
2024544584924,2024,544584924,1,9,0,18,19,3,7,0,0,1,0,0,0,0,1,1,6,6,1,24,5,-1,-1,-1,-1,6,E01034798,0,4
2024211451360,2024,211451360,1,9,0,-1,7,8,2,-1,0,0,0,0,0,0,4,1,-1,6,1,80,11,-1,-1,-1,-1,-1,-1,0,-1
2024010490216,2024,010490216,1,9,0,7,7,5,8,0,0,6,0,0,0,0,9,1,6,6,1,71,10,-1,-1,-1,-1,3,E01000908,0,3
2024610015424,2024,610015424,1,9,0,18,19,1,5,0,0,8,0,0,0,0,3,1,6,6,2,36,7,-1,-1,-1,-1,6,W01001680,0,1
2024411411875,2024,411411875,2,9,0,-1,9,1,7,-1,0,6,0,0,0,0,1,1,-1,6,-1,46,8,-1,-1,-1,-1,10,E01023550,0,1
2024010534093,2024,010534093,1,1,9,99,99,9,9,99,99,9,9,99,9,99,9,1,6,6,1,26,6,-1,-1,-1,-1,4,E01002070,0,2
2024131412630,2024,131412630,2,1,0,-1,19,1,5,-1,9,8,0,0,0,0,4,1,-1,7,2,9,2,-1,-1,-1,-1,1,E01011373,0,1
2024010511697,2024,010511697,2,9,0,6,6,9,9,99,99,0,9,99,9,99,9,9,6,6,3,-1,-1,-1,-1,-1,-1,-1,-1,0,-1
2024430199400,2024,430199400,2,1,0,18,19,6,2,0,0,0,0,0,0,0,1,1,6,6,2,-1,-1,-1,-1,-1,-1,7,E01022477,0,4
2024010543896,2024,010543896,2,1,9,99,99,9,9,99,99,9,9,99,9,99,9,1,6,6,3,-1,-1,-1,-1,-1,-1,-1,-1,0,-1
2024501433564,2024,501433564,1,9,0,-1,7,7,3,-1,0,1,0,0,0,0,1,9,-1,6,2,-1,-1,-1,-1,-1,-1,-1,-1,0,-1
2024052402738,2024,052402738,2,1,0,18,19,8,4,0,0,1,0,0,0,0,1,1,6,6,1,34,6,-1,-1,-1,-1,1,E01006616,0,1
2024070691727,2024,070691727,1,9,0,9,9,2,6,0,0,1,0,0,0,0,1,1,1,1,1,55,8,-1,-1,-1,-1,5,E01008005,0,5
2024010488371,2024,010488371,2,1,0,18,19,5,1,0,0,1,0,0,0,0,1,1,2,2,1,75,10,-1,-1,-1,-1,6,E01035705,0,1
2024070349643,2024,070349643,3,9,0,3,3,3,7,0,0,0,0,0,0,0,2,1,2,2,1,47,8,-1,-1,-1,-1,9,E01018529,0,1
2024201538065,2024,201538065,1,99,0,-1,19,2,6,-1,0,0,0,0,0,0,1,9,-1,6,3,-1,-1,-1,-1,-1,-1,-1,-1,0,-1
2024010494660,2024,010494660,1,11,0,5,5,2,6,2,2,1,0,0,0,0,0,1,6,6,1,50,8,-1,-1,-1,-1,4,E01015962,0,4
2024201433083,2024,201433083,1,9,0,-1,19,6,2,-1,0,1,0,0,0,0,1,1,-1,6,3,36,7,-1,-1,-1,-1,-1,-1,0,-1
2024010490067,2024,010490067,2,9,9,99,99,9,9,99,99,9,9,99,9,99,1,9,6,6,3,-1,-1,-1,-1,-1,-1,-1,-1,0,-1
2024440144430,2024,440144430,2,9,0,18,19,2,6,0,0,8,0,0,0,0,3,1,6,6,2,31,6,-1,-1,-1,-1,-1,-1,0,-1
2024010513340,2024,010513340,2,9,0,99,99,9,9,99,99,9,9,99,9,99,1,9,6,6,3,-1,-1,-1,-1,-1,-1,-1,-1,0,-1
2024141430621,2024,141430621,1,23,0,-1,13,8,4,-1,0,0,1,4,0,0,1,1,-1,6,3,-1,-1,-1,-1,-1,-1,-1,-1,0,-1
2024451492562,2024,451492562,2,3,0,-1,99,3,7,-1,99,8,9,0,0,0,1,1,-1,6,3,20,4,-1,-1,-1,-1,-1,-1,0,-1
2024010544494,2024,010544494,1,9,0,99,99,9,9,99,99,0,9,99,9,99,2,1,6,6,3,-1,-1,-1,-1,-1,-1,-1,-1,0,-1
2024070543751,2024,070543751,1,9,0,18,19,4,8,0,0,0,0,0,0,0,1,1,6,6,1,-1,-1,-1,-1,-1,-1,-1,-1,0,-1
2024052401455,2024,052401455,1,-1,0,18,19,6,2,0,0,0,0,0,0,0,1,1,6,6,2,18,4,-1,-1,-1,-1,5,E01006491,1,3
2024401462573,2024,401462573,1,1,0,-1,19,3,7,-1,0,0,0,0,0,0,1,1,-1,6,1,11,3,-1,-1,-1,-1,-1,-1,0,-1
2024430513112,2024,430513112,2,1,0,18,19,2,6,2,2,8,0,0,0,0,1,1,4,7,1,13,3,-1,-1,-1,-1,2,E01016443,0,1
2024411543344,2024,411543344,1,98,5,-1,-1,-1,-1,-1,0,8,1,0,-1,0,4,9,-1,6,1,-1,-1,-1,-1,-1,-1,4,E01023560,0,2
2024161407492,2024,161407492,1,1,0,-1,19,2,6,-1,0,8,0,0,0,0,0,1,-1,2,1,60,9,-1,-1,-1,-1,1,E01013142,0,1
2024531495875,2024,531495875,1,9,0,-1,19,3,7,-1,0,1,0,0,1,0,1,9,-1,6,2,69,10,-1,-1,-1,-1,9,E01028485,0,4
2024010512626,2024,010512626,1,90,0,18,19,1,5,0,0,9,0,0,0,0,9,9,6,6,3,-1,-1,-1,-1,-1,-1,-1,-1,0,-1
2024430127573,2024,430127573,1,1,0,18,19,2,6,0,0,4,0,0,0,0,4,1,2,2,1,46,8,-1,-1,-1,-1,5,E01016615,0,2
2024461518259,2024,461518259,1,9,4,-1,19,1,5,-1,0,0,0,0,1,4,4,1,-1,1,1,18,4,-1,-1,-1,-1,10,E01024781,0,3
2024520001887,2024,520001887,2,3,0,18,19,-1,-1,0,0,1,0,0,0,0,1,1,6,6,1,17,4,-1,-1,-1,-1,8,E01014419,0,3
2024471416539,2024,471416539,1,9,0,-1,19,3,7,-1,0,8,0,0,2,4,1,1,-1,6,1,68,10,-1,-1,-1,-1,9,E01031497,0,2
2024201439978,2024,201439978,2,90,0,-1,5,7,3,-1,0,0,0,0,0,0,3,1,-1,6,2,7,2,-1,-1,-1,-1,1,E01009957,0,1
2024010490443,2024,010490443,1,9,0,18,19,1,5,0,0,0,0,0,0,0,1,1,6,6,1,19,4,-1,-1,-1,-1,2,E01004214,0,1
2024421454078,2024,421454078,2,1,0,-1,19,5,1,-1,0,0,0,0,0,0,2,1,-1,9,1,64,9,-1,-1,-1,-1,7,E01021334,0,2
2024552401485,2024,552401485,1,19,0,18,19,4,8,0,0,0,0,0,0,0,1,1,2,2,1,46,8,-1,-1,-1,-1,2,E01015305,0,1
2024221417203,2024,221417203,1,1,0,-1,19,2,6,-1,4,8,0,0,0,0,4,1,-1,6,1,71,10,-1,-1,-1,-1,8,E01032226,0,1
2024461442495,2024,461442495,1,21,4,-1,19,3,7,-1,0,5,0,0,0,0,1,9,-1,1,1,-1,-1,-1,-1,-1,-1,-1,-1,0,-1
2024211420971,2024,211420971,1,9,0,-1,14,2,2,-1,0,1,0,0,0,0,4,9,-1,6,3,40,7,-1,-1,-1,-1,-1,-1,0,-1
2024010548513,2024,010548513,2,1,0,13,13,3,7,0,0,2,0,0,0,0,1,1,1,1,1,28,6,-1,-1,-1,-1,3,E01002766,0,1
2024010526648,2024,010526648,2,9,0,18,19,5,1,0,0,1,0,0,0,0,1,1,6,6,1,20,4,-1,-1,-1,-1,5,E01002507,0,1
2024010491333,2024,010491333,2,9,0,18,19,1,5,0,0,1,9,0,0,0,9,1,6,6,1,34,6,-1,-1,-1,-1,2,E01033587,0,1
2024010513647,2024,010513647,1,9,0,18,19,5,1,0,0,0,0,0,0,0,1,1,6,6,3,24,5,-1,-1,-1,-1,-1,-1,0,-1
2024010513284,2024,010513284,1,9,0,99,99,9,9,99,99,0,9,99,9,99,0,9,6,6,3,-1,-1,-1,-1,-1,-1,-1,-1,0,-1
2024461439261,2024,461439261,2,9,0,-1,2,0,0,-1,0,0,0,0,0,0,1,1,-1,6,2,73,10,-1,-1,-1,-1,4,E01024208,0,1