collision_index,collision_year,collision_ref_no,vehicle_reference,vehicle_type,towing_and_articulation,vehicle_manoeuvre_historic,vehicle_manoeuvre,vehicle_direction_from,vehicle_direction_to,vehicle_location_restricted_lane_historic,vehicle_location_restricted_lane,junction_location,skidding_and_overturning,hit_object_in_carriageway,vehicle_leaving_carriageway,hit_object_off_carriageway,first_point_of_impact,vehicle_left_hand_drive,journey_purpose_of_driver_historic,journey_purpose_of_driver,sex_of_driver,age_of_driver,age_band_of_driver,engine_capacity_cc,propulsion_code,age_of_vehicle,generic_make_model,driver_imd_decile,lsoa_of_driver,escooter_flag,driver_distance_banding
2024010541442,2024,010541442,2,1,0,14,14,5,1,0,0,0,1,0,1,0,3,1,6,6,2,20,4,-1,-1,-1,-1,3,E01000630,0,1
2024010497137,2024,010497137,2,9,0,99,99,9,9,99,99,9,9,99,9,99,9,9,6,6,3,-1,-1,-1,-1,-1,-1,-1,-1,0,-1
2024201484735,2024,201484735,1,97,0,-1,19,8,4,-1,0,0,2,4,0,0,1,1,-1,6,1,24,5,-1,-1,-1,-1,-1,-1,0,-1
2024461447884,2024,461447884,1,19,-1,-1,19,5,1,-1,0,0,0,0,0,0,1,9,-1,6,3,-1,-1,-1,-1,-1,-1,-1,-1,0,-1
2024430530167,2024,430530167,1,90,0,18,19,2,6,0,0,0,0,0,0,0,1,1,6,6,1,18,4,-1,-1,-1,-1,6,E01017687,0,1
2024430341701,2024,430341701,2,9,0,9,9,8,6,0,0,3,0,0,0,0,1,1,6,6,3,-1,-1,-1,-1,-1,-1,-1,-1,0,-1
2024010492779,2024,010492779,2,9,0,99,99,9,9,99,99,9,9,99,9,99,9,9,6,6,1,48,8,-1,-1,-1,-1,-1,-1,0,-1
2024351503901,2024,351503901,1,9,0,-1,4,5,1,-1,0,0,0,0,0,0,2,1,-1,9,1,56,9,-1,-1,-1,-1,10,E01018244,0,2
2024351519394,2024,351519394,2,1,0,-1,19,8,4,-1,0,6,2,0,0,0,0,1,-1,9,1,57,9,-1,-1,-1,-1,4,E01018009,0,1
2024311515676,2024,311515676,2,1,0,-1,19,5,1,-1,0,0,0,0,1,0,4,1,-1,6,1,31,6,-1,-1,-1,-1,-1,-1,0,-1
2024101536104,2024,101536104,2,9,-1,-1,99,-1,-1,-1,0,0,0,99,0,0,1,1,-1,6,3,-1,-1,-1,-1,-1,-1,-1,-1,0,-1
2024010494942,2024,010494942,1,11,0,4,4,3,7,0,0,1,0,0,0,0,0,1,1,1,2,51,8,-1,-1,-1,-1,5,E01001348,0,1
2024440313105,2024,440313105,1,9,0,2,2,3,7,0,0,0,0,0,0,0,3,1,4,7,2,28,6,-1,-1,-1,-1,10,E01023044,0,2
2024361469564,2024,361469564,1,1,0,-1,19,-1,-1,-1,0,0,0,0,0,0,1,1,-1,6,1,-1,-1,-1,-1,-1,-1,10,E01026838,0,3
2024610018224,2024,610018224,2,90,0,3,3,3,7,0,0,6,0,0,0,0,1,1,6,6,1,18,4,-1,-1,-1,-1,3,W01001368,0,1
2024340WN0612,2024,340WN0612,1,9,0,-1,19,1,5,-1,0,1,0,0,0,0,4,1,-1,6,1,-1,-1,-1,-1,-1,-1,-1,-1,0,-1
2024010551059,2024,010551059,1,1,0,11,11,1,5,0,0,0,5,0,0,0,3,1,1,1,1,21,5,-1,-1,-1,-1,-1,-1,0,-1
2024311400184,2024,311400184,2,98,0,-1,19,1,5,-1,0,1,0,0,0,0,1,1,-1,1,1,53,8,-1,-1,-1,-1,-1,-1,0,-1
2024440134516,2024,440134516,2,1,0,18,19,3,7,0,0,1,0,0,0,0,1,1,6,6,1,52,8,-1,-1,-1,-1,10,E01022837,0,3
2024201415407,2024,201415407,1,9,0,-1,19,7,3,-1,0,1,0,0,0,0,1,1,-1,6,1,25,5,-1,-1,-1,-1,-1,-1,0,-1
2024311483157,2024,311483157,2,1,0,-1,19,7,3,-1,0,8,0,0,0,0,3,1,-1,6,1,17,4,-1,-1,-1,-1,-1,-1,0,-1
2024161410516,2024,161410516,1,11,0,-1,19,4,8,-1,0,1,0,0,0,0,0,9,-1,1,1,-1,-1,-1,-1,-1,-1,-1,-1,0,-1
2024010532734,2024,010532734,2,1,0,18,19,5,1,0,0,1,0,0,0,0,1,1,6,6,1,18,4,-1,-1,-1,-1,3,E01000641,0,1
2024010512032,2024,010512032,2,1,0,14,14,7,3,0,0,3,0,8,0,0,1,1,6,6,1,58,9,-1,-1,-1,-1,5,E01000580,0,1
2024231460457,2024,231460457,2,99,0,-1,19,1,5,-1,0,0,0,0,0,0,0,9,-1,6,3,30,6,-1,-1,-1,-1,-1,-1,0,-1
2024010497989,2024,010497989,1,9,0,7,7,7,1,0,0,1,0,0,0,0,1,1,6,6,3,-1,-1,-1,-1,-1,-1,-1,-1,0,-1
2024430193690,2024,430193690,2,9,0,18,19,6,2,0,0,8,0,0,0,0,1,2,6,6,2,65,9,-1,-1,-1,-1,-1,-1,0,-1
2024010525160,2024,010525160,2,1,0,18,19,3,7,4,4,8,0,0,0,0,1,1,6,6,1,40,7,-1,-1,-1,-1,2,E01004286,0,1
2024440165405,2024,440165405,1,9,0,3,3,1,5,0,0,1,0,0,0,0,2,1,6,6,3,-1,-1,-1,-1,-1,-1,-1,-1,0,-1
2024010541838,2024,010541838,1,9,0,6,6,7,7,0,0,8,0,0,0,0,3,1,6,6,3,-1,-1,-1,-1,-1,-1,-1,-1,0,-1
2024010488427,2024,010488427,2,1,0,18,19,5,1,0,0,1,0,0,0,0,4,1,1,1,1,37,7,-1,-1,-1,-1,4,E01003841,0,1
2024070306785,2024,070306785,1,9,0,18,19,6,4,0,0,0,0,0,0,0,3,2,6,6,1,-1,-1,-1,-1,-1,-1,-1,-1,0,-1
2024131440304,2024,131440304,2,21,0,-1,19,1,5,-1,0,0,0,0,0,0,2,2,-1,1,1,37,7,-1,-1,-1,-1,3,E01001700,0,5
2024471504975,2024,471504975,2,9,0,-1,4,5,1,-1,0,0,0,0,0,0,2,2,-1,1,1,39,7,-1,-1,-1,-1,8,E01021163,0,1
2024010523158,2024,010523158,1,9,0,9,9,5,3,0,0,1,0,0,0,0,1,1,6,6,1,31,6,-1,-1,-1,-1,4,E01002324,0,3
2024111445983,2024,111445983,2,1,-1,-1,19,4,8,-1,0,1,0,0,0,0,1,1,-1,7,1,9,2,-1,-1,-1,-1,2,E01033206,0,1
2024010526896,2024,010526896,2,22,0,18,19,7,3,0,0,1,0,0,0,0,1,1,6,6,1,74,10,-1,-1,-1,-1,-1,-1,0,-1
2024052400316,2024,052400316,1,9,0,9,9,1,7,0,0,1,0,0,1,1,1,1,6,6,3,-1,-1,-1,-1,-1,-1,-1,-1,0,-1
2024052402834,2024,052402834,2,1,0,18,19,1,5,0,0,1,0,0,0,0,1,1,6,6,1,19,4,-1,-1,-1,-1,3,E01006497,0,1
2024141400389,2024,141400389,2,90,0,-1,19,4,8,-1,0,0,0,0,0,0,1,9,-1,6,3,-1,-1,-1,-1,-1,-1,-1,-1,0,-1
2024111414154,2024,111414154,2,1,0,-1,19,5,8,-1,0,1,0,0,0,0,1,1,-1,6,1,33,6,-1,-1,-1,-1,8,E01020710,0,1
2024201431175,2024,201431175,1,9,0,-1,5,4,4,-1,0,0,0,0,0,0,4,1,-1,6,3,40,7,-1,-1,-1,-1,-1,-1,0,-1
2024471524605,2024,471524605,2,1,0,-1,19,2,6,-1,0,8,0,0,0,0,4,1,-1,6,2,59,9,-1,-1,-1,-1,5,E01031403,0,1
2024201524930,2024,201524930,2,-1,0,-1,19,3,4,-1,0,8,0,0,0,0,1,1,-1,9,1,17,4,-1,-1,-1,-1,1,E01009073,1,1
2024991407870,2024,991407870,2,9,0,-1,19,1,5,-1,0,1,0,0,0,0,4,1,-1,1,1,48,8,-1,-1,-1,-1,5,-1,0,1
2024010521154,2024,010521154,2,22,0,18,19,7,3,0,0,2,0,0,0,0,3,1,6,6,1,42,7,-1,-1,-1,-1,3,-1,0,5
2024141506569,2024,141506569,1,-1,0,-1,19,5,1,-1,9,0,0,0,0,0,0,1,-1,9,1,61,9,-1,-1,-1,-1,4,E01007382,1,1
2024991403175,2024,991403175,1,9,0,-1,19,7,3,-1,0,1,0,0,0,0,1,1,-1,6,1,25,5,-1,-1,-1,-1,2,-1,0,2
2024302400937,2024,302400937,2,9,0,2,2,0,0,0,0,0,0,0,0,0,0,1,6,6,3,-1,-1,-1,-1,-1,-1,5,E01019456,0,4
2024522500316,2024,522500316,2,9,0,13,13,5,1,0,0,8,0,0,0,0,4,1,6,6,3,-1,-1,-1,-1,-1,-1,-1,-1,0,-1
2024201521009,2024,201521009,1,99,0,-1,19,-1,-1,-1,0,0,0,0,0,0,1,9,-1,9,1,42,7,-1,-1,-1,-1,1,E01010140,0,1
2024041479748,2024,041479748,1,9,0,-1,19,1,5,-1,0,0,0,0,0,0,1,1,-1,1,1,30,6,-1,-1,-1,-1,10,E01012393,0,4
2024010502880,2024,010502880,2,9,0,18,19,1,5,0,0,1,0,0,0,0,1,1,6,6,3,-1,-1,-1,-1,-1,-1,-1,-1,0,-1
2024010488856,2024,010488856,2,9,0,18,19,4,8,0,0,0,0,0,0,0,4,1,6,6,3,-1,-1,-1,-1,-1,-1,-1,-1,0,-1
2024010522869,2024,010522869,1,8,0,3,3,5,1,0,0,0,0,0,0,0,3,1,6,6,1,-1,-1,-1,-1,-1,-1,9,E01003648,0,3
2024351425942,2024,351425942,2,9,0,-1,19,7,3,-1,0,0,0,0,0,0,1,1,-1,1,1,72,10,-1,-1,-1,-1,4,E01022241,0,5
2024010489287,2024,010489287,3,9,0,18,19,1,5,0,0,1,0,0,0,0,1,1,6,6,2,32,6,-1,-1,-1,-1,6,E01011633,0,5
2024302401746,2024,302401746,2,1,0,-1,19,3,8,-1,0,1,0,0,0,0,1,1,-1,6,1,18,4,-1,-1,-1,-1,1,E01019729,0,1
2024421517542,2024,421517542,1,1,0,-1,19,3,7,-1,0,8,1,0,0,0,1,1,-1,9,1,18,4,-1,-1,-1,-1,3,E01021319,0,1
2024302400498,2024,302400498,2,5,0,18,19,6,2,0,0,8,1,0,0,0,1,1,6,6,1,40,7,-1,-1,-1,-1,1,E01019509,0,2
2024070911513,2024,070911513,1,9,9,-1,15,5,-1,-1,-1,0,-1,0,0,0,2,9,-1,6,3,-1,-1,-1,-1,-1,-1,-1,-1,0,-1
2024991535515,2024,991535515,2,97,0,-1,19,5,1,-1,0,8,0,0,0,0,1,1,-1,6,1,15,3,-1,-1,-1,-1,1,-1,0,1
2024052400977,2024,052400977,2,9,0,18,19,1,5,0,0,6,0,0,0,0,3,1,6,6,1,29,6,-1,-1,-1,-1,9,E01007078,0,2
2024411509446,2024,411509446,2,9,0,-1,-1,-1,-1,-1,-1,-1,-1,-1,-1,0,-1,9,-1,9,1,60,9,-1,-1,-1,-1,9,E01023308,0,1
2024010523433,2024,010523433,2,9,0,99,99,9,9,99,99,9,9,99,9,99,9,9,6,6,3,-1,-1,-1,-1,-1,-1,-1,-1,0,-1
2024421450032,2024,421450032,2,1,0,-1,19,7,3,-1,0,8,0,0,0,0,1,1,-1,9,1,43,7,-1,-1,-1,-1,6,E01001803,0,3
2024622400633,2024,622400633,2,1,0,18,19,2,6,0,0,0,0,0,0,0,1,1,6,6,1,9,2,-1,-1,-1,-1,5,W01001038,0,1
2024010493848,2024,010493848,3,19,0,4,4,5,1,0,0,1,0,0,0,0,1,1,2,2,1,24,5,-1,-1,-1,-1,3,E01003081,0,1
2024544345624,2024,544345624,2,1,0,18,19,1,5,0,0,0,0,0,0,0,2,1,6,6,1,54,8,-1,-1,-1,-1,-1,-1,0,-1
2024332401071,2024,332401071,2,9,0,-1,19,7,3,-1,0,6,0,0,0,0,1,1,-1,6,2,-1,-1,-1,-1,-1,-1,-1,-1,0,-1
2024411448997,2024,411448997,1,9,0,-1,20,5,1,-1,0,0,0,0,7,4,1,1,-1,6,1,72,10,-1,-1,-1,-1,8,E01023709,0,1
2024501482319,2024,501482319,2,1,0,-1,19,8,4,-1,0,0,5,0,1,0,9,1,-1,6,1,13,3,-1,-1,-1,-1,6,E01019891,0,1
2024061465745,2024,061465745,2,1,0,-1,19,8,4,-1,0,1,0,0,0,0,4,1,-1,2,2,45,7,-1,-1,-1,-1,2,E01005222,0,1
2024531465288,2024,531465288,2,1,0,-1,19,1,5,-1,0,0,2,4,0,0,1,1,-1,9,1,53,8,-1,-1,-1,-1,7,E01031308,0,4
2024010516389,2024,010516389,2,1,0,18,19,5,1,0,0,1,0,0,0,0,1,1,6,6,1,23,5,-1,-1,-1,-1,-1,-1,0,-1
2024131517299,2024,131517299,2,1,0,-1,19,6,2,-1,0,0,0,0,0,0,1,1,-1,7,1,17,4,-1,-1,-1,-1,1,E01011850,0,1
2024552400607,2024,552400607,2,1,0,18,19,5,1,0,0,0,0,0,0,0,3,1,6,6,1,48,8,-1,-1,-1,-1,9,E01024753,0,5
2024531448547,2024,531448547,1,9,0,-1,19,8,4,-1,0,8,0,0,0,0,1,1,-1,6,1,27,6,-1,-1,-1,-1,6,E01022262,0,4
2024622400751,2024,622400751,2,9,0,2,2,0,0,0,0,0,0,0,0,0,2,1,2,2,1,49,8,-1,-1,-1,-1,8,W01001005,0,2
2024101430300,2024,101430300,1,9,0,-1,11,7,3,-1,0,8,0,0,0,0,1,1,-1,6,2,-1,-1,-1,-1,-1,-1,7,-1,0,5
2024010530050,2024,010530050,2,9,0,99,99,9,9,99,99,9,9,99,9,99,9,9,6,6,3,-1,-1,-1,-1,-1,-1,-1,-1,0,-1
2024531501823,2024,531501823,1,9,0,-1,7,1,5,-1,0,1,1,0,0,0,4,1,-1,2,1,56,9,-1,-1,-1,-1,7,E01020047,0,5
2024010539940,2024,010539940,1,9,0,-1,-1,3,7,0,0,1,0,0,0,0,1,1,1,1,1,49,8,-1,-1,-1,-1,1,E01001410,0,3
2024340WN3152,2024,340WN3152,2,9,0,-1,19,1,5,-1,0,3,0,0,0,0,4,1,-1,9,1,75,10,-1,-1,-1,-1,9,E01027290,0,4
2024430407398,2024,430407398,2,9,0,18,19,-1,-1,0,0,0,0,0,0,0,2,1,2,2,2,27,6,-1,-1,-1,-1,7,E01034464,0,2
2024430229949,2024,430229949,2,1,0,18,19,8,4,0,0,8,0,0,0,0,1,1,6,6,1,26,6,-1,-1,-1,-1,4,E01016360,0,1
2024320630226,2024,320630226,1,9,0,9,9,3,2,0,0,6,0,0,0,0,1,1,6,6,2,-1,-1,-1,-1,-1,-1,-1,-1,0,-1
2024471432292,2024,471432292,2,9,0,-1,5,1,5,-1,0,2,0,0,0,0,1,9,-1,6,3,-1,-1,-1,-1,-1,-1,-1,-1,0,-1
2024201503910,2024,201503910,1,9,0,-1,19,4,8,-1,0,0,0,0,0,0,1,9,-1,6,3,-1,-1,-1,-1,-1,-1,-1,-1,0,-1
2024430152820,2024,430152820,1,9,0,18,19,6,2,0,0,0,0,0,0,0,3,1,6,6,2,60,9,-1,-1,-1,-1,7,E01035027,0,4
2024522402869,2024,522402869,2,1,0,18,19,5,1,0,0,8,0,0,0,0,1,1,6,6,2,53,8,-1,-1,-1,-1,7,E01014858,0,1
2024010519924,2024,010519924,1,3,0,99,99,9,9,99,99,9,9,99,9,99,1,1,6,6,3,-1,-1,-1,-1,-1,-1,-1,-1,0,-1
2024421440101,2024,421440101,2,1,0,-1,19,1,5,-1,4,0,0,0,0,0,1,1,-1,6,1,28,6,-1,-1,-1,-1,5,E01033140,0,1
2024010535059,2024,010535059,2,9,0,18,19,1,5,0,0,1,0,0,0,0,1,1,6,6,3,-1,-1,-1,-1,-1,-1,-1,-1,0,-1
2024010547762,2024,010547762,2,1,0,18,19,1,5,0,0,1,0,0,0,0,0,1,2,2,1,40,7,-1,-1,-1,-1,5,E01001348,0,1
2024131419082,2024,131419082,1,9,0,-1,-1,-1,-1,-1,-1,8,0,0,0,0,-1,1,-1,6,3,-1,-1,-1,-1,-1,-1,-1,-1,0,-1
2024010494394,2024,010494394,1,9,0,99,99,9,9,99,99,0,9,99,9,99,2,9,2,2,2,25,5,-1,-1,-1,-1,9,E01000656,0,2
2024552400190,2024,552400190,2,1,0,18,19,8,4,0,0,8,0,0,0,0,4,1,6,6,2,50,8,-1,-1,-1,-1,2,E01015277,0,1
2024302400070,2024,302400070,1,9,0,18,19,2,6,0,0,0,0,0,0,0,4,1,6,6,3,-1,-1,-1,-1,-1,-1,5,E01019456,0,3
2024201428061,2024,201428061,1,8,0,-1,1,4,8,-1,0,8,0,0,0,0,2,1,-1,1,1,40,7,-1,-1,-1,-1,-1,-1,0,-1
2024010511965,2024,010511965,2,1,0,18,19,3,7,0,0,1,0,0,0,0,4,1,6,6,1,17,4,-1,-1,-1,-1,4,E01000610,0,1
2024440454026,2024,440454026,1,9,0,4,4,2,6,0,0,0,0,0,0,0,2,1,2,2,1,21,5,-1,-1,-1,-1,6,E01032884,0,4
2024302400317,2024,302400317,2,1,0,17,19,5,3,0,0,8,0,0,0,0,1,1,6,6,1,53,8,-1,-1,-1,-1,9,E01019850,0,1
2024302400560,2024,302400560,2,1,0,18,19,8,4,0,0,1,0,0,0,0,1,1,6,6,1,16,4,-1,-1,-1,-1,5,E01013515,0,1
2024010535146,2024,010535146,1,1,9,99,99,9,9,99,99,9,9,99,9,99,9,1,6,6,3,-1,-1,-1,-1,-1,-1,-1,-1,0,-1
2024421520959,2024,421520959,3,19,0,-1,19,8,4,-1,0,0,0,0,0,0,0,1,-1,9,1,49,8,-1,-1,-1,-1,7,E01034093,0,3
2024010537896,2024,010537896,2,1,0,18,19,5,1,0,0,8,5,0,0,0,3,1,6,6,1,53,8,-1,-1,-1,-1,10,E01003892,0,1
2024131484623,2024,131484623,2,1,0,-1,9,1,7,-1,0,8,0,0,0,0,3,1,-1,9,1,15,3,-1,-1,-1,-1,5,E01011480,0,1
2024201433966,2024,201433966,3,9,0,-1,2,0,0,-1,0,0,0,4,0,0,4,9,-1,9,1,46,8,-1,-1,-1,-1,-1,-1,0,-1
2024010496087,2024,010496087,1,1,9,99,99,9,9,99,99,9,9,99,9,99,9,1,6,6,1,34,6,-1,-1,-1,-1,7,E01002678,0,3
2024411408836,2024,411408836,1,98,0,-1,-1,-1,-1,-1,-1,-1,-1,-1,-1,0,-1,9,-1,6,3,-1,-1,-1,-1,-1,-1,-1,-1,0,-1
202460Q183301,2024,60Q183301,2,11,0,18,19,7,3,0,0,1,0,0,0,0,4,1,1,1,1,-1,-1,-1,-1,-1,-1,-1,-1,0,-1
2024201419365,2024,201419365,1,9,0,-1,1,8,4,-1,0,2,0,0,0,0,2,1,-1,6,1,17,4,-1,-1,-1,-1,-1,-1,0,-1
2024052401783,2024,052401783,1,1,0,18,19,3,7,0,0,4,0,0,0,0,4,1,2,2,1,36,7,-1,-1,-1,-1,2,E01006655,0,1
2024430033684,2024,430033684,2,97,0,13,13,8,4,0,0,8,0,0,0,0,1,1,6,6,1,-1,-1,-1,-1,-1,-1,-1,-1,0,-1
2024401397233,2024,401397233,2,-1,0,-1,19,3,7,-1,0,0,0,0,0,0,3,1,-1,1,1,14,3,-1,-1,-1,-1,4,E01017597,1,1
2024131395645,2024,131395645,1,1,0,-1,19,1,5,-1,0,0,1,0,0,0,1,1,-1,9,1,14,3,-1,-1,-1,-1,9,E01010875,0,1
2024010511563,2024,010511563,1,1,9,99,99,9,9,99,99,9,9,99,9,99,9,1,6,6,1,-1,-1,-1,-1,-1,-1,-1,-1,0,-1
2024010516043,2024,010516043,1,9,9,99,99,9,9,99,99,0,9,99,9,99,9,1,6,6,3,-1,-1,-1,-1,-1,-1,-1,-1,0,-1
2024131504616,2024,131504616,1,98,0,-1,10,5,5,-1,0,1,0,0,0,0,-1,1,-1,6,3,-1,-1,-1,-1,-1,-1,-1,-1,0,-1
2024451404369,2024,451404369,1,9,0,-1,19,4,2,-1,0,0,2,0,0,0,1,2,-1,2,1,36,7,-1,-1,-1,-1,6,E01001070,0,2
2024221502859,2024,221502859,2,9,0,-1,9,7,5,-1,0,5,0,0,7,0,3,1,-1,9,2,54,8,-1,-1,-1,-1,4,E01014098,0,2
2024131477038,2024,131477038,1,-1,0,-1,19,7,7,-1,0,8,0,0,0,0,1,1,-1,9,1,44,7,-1,-1,-1,-1,3,E01010675,1,3
2024161394298,2024,161394298,2,16,9,-1,19,5,1,-1,0,2,1,0,0,0,0,1,-1,9,2,33,6,-1,-1,-1,-1,1,E01012837,0,2
2024471473598,2024,471473598,2,9,0,-1,9,4,1,-1,0,6,0,0,0,0,1,1,-1,9,1,44,7,-1,-1,-1,-1,10,E01028412,0,5
2024401407484,2024,401407484,1,9,0,-1,19,5,1,-1,-1,0,0,0,1,4,1,1,-1,2,2,19,4,-1,-1,-1,-1,6,E01017540,0,3
2024052400908,2024,052400908,2,1,0,18,19,7,3,0,0,3,0,0,0,0,1,1,6,6,1,23,5,-1,-1,-1,-1,9,E01025039,0,4
2024010489688,2024,010489688,2,9,4,18,19,4,8,0,0,0,0,0,0,0,4,1,1,1,1,30,6,-1,-1,-1,-1,9,E01015941,0,2
2024010492954,2024,010492954,2,11,0,18,19,1,5,0,0,8,0,0,0,0,3,1,1,1,1,42,7,-1,-1,-1,-1,3,E01001629,0,2
2024311405104,2024,311405104,1,9,0,-1,9,1,4,-1,0,1,0,0,0,0,1,1,-1,6,1,77,11,-1,-1,-1,-1,2,E01028300,0,1
2024061474492,2024,061474492,1,90,0,-1,19,7,7,-1,0,0,0,0,0,0,1,1,-1,6,2,56,9,-1,-1,-1,-1,6,E01006271,0,1
2024430282845,2024,430282845,1,9,0,5,5,7,-1,0,0,3,0,0,0,0,1,1,6,6,2,53,8,-1,-1,-1,-1,6,E01031211,0,4
2024302401422,2024,302401422,3,9,0,4,4,6,2,0,0,0,0,0,0,0,0,1,6,6,3,-1,-1,-1,-1,-1,-1,5,E01019456,0,4
2024610001124,2024,610001124,2,23,0,18,19,2,6,0,0,0,2,0,0,0,3,1,6,6,1,20,4,-1,-1,-1,-1,6,W01001683,0,1
2024161506630,2024,161506630,2,9,0,-1,19,3,7,-1,0,0,1,0,1,0,3,1,-1,9,1,48,8,-1,-1,-1,-1,8,E01013005,0,1
2024302401387,2024,302401387,2,-1,0,18,19,6,2,0,0,8,0,0,0,0,1,1,6,6,1,13,3,-1,-1,-1,-1,-1,-1,1,-1
2024010496891,2024,010496891,1,1,9,99,99,9,9,99,99,9,9,99,9,99,1,1,2,2,1,52,8,-1,-1,-1,-1,10,E01003835,0,1
2024411531249,2024,411531249,2,1,0,-1,-1,-1,-1,-1,-1,-1,-1,-1,-1,0,-1,1,-1,6,1,14,3,-1,-1,-1,-1,7,E01023360,0,1
2024010520906,2024,010520906,1,9,0,15,15,5,1,0,0,5,0,7,1,0,1,1,6,6,1,22,5,-1,-1,-1,-1,1,E01001429,0,1
2024010539817,2024,010539817,2,9,9,9,9,9,9,99,99,5,9,99,9,99,9,9,6,6,3,-1,-1,-1,-1,-1,-1,-1,-1,0,-1
2024010496266,2024,010496266,1,3,0,99,99,9,9,99,99,9,9,99,9,99,2,1,1,1,2,33,6,-1,-1,-1,-1,2,E01001579,0,1
2024461454262,2024,461454262,1,9,0,-1,9,3,7,-1,0,1,0,0,0,0,4,9,-1,6,3,-1,-1,-1,-1,-1,-1,-1,-1,0,-1
2024311523534,2024,311523534,1,23,0,-1,-1,-1,-1,-1,-1,0,-1,-1,-1,0,-1,1,-1,6,3,-1,-1,-1,-1,-1,-1,-1,-1,0,-1
2024340WN1762,2024,340WN1762,2,9,0,-1,19,1,5,-1,0,1,0,0,0,0,3,1,-1,6,3,-1,-1,-1,-1,-1,-1,-1,-1,0,-1
2024332401150,2024,332401150,1,19,0,-1,4,5,1,-1,0,3,0,0,0,0,2,1,-1,2,2,54,8,-1,-1,-1,-1,7,E01013615,0,2
2024461419112,2024,461419112,1,9,0,-1,19,7,3,-1,0,0,5,0,1,0,4,2,-1,6,1,20,4,-1,-1,-1,-1,4,E01024032,0,1
2024471461634,2024,471461634,2,9,0,-1,19,5,1,-1,0,0,0,0,0,0,3,1,-1,9,2,53,8,-1,-1,-1,-1,8,E01024484,0,4
2024010521323,2024,010521323,2,1,9,99,99,9,9,99,99,1,9,99,9,99,9,1,2,2,1,24,5,-1,-1,-1,-1,2,E01001940,0,1
2024010498621,2024,010498621,1,9,0,18,19,1,5,0,0,0,0,0,0,0,1,1,6,6,3,-1,-1,-1,-1,-1,-1,-1,-1,0,-1
2024161434261,2024,161434261,2,90,0,-1,19,5,1,-1,0,0,0,0,0,0,1,9,-1,1,3,-1,-1,-1,-1,-1,-1,-1,-1,0,-1
2024010523142,2024,010523142,1,1,9,99,99,9,9,99,99,9,9,99,9,99,1,1,6,6,1,27,6,-1,-1,-1,-1,7,E01004518,0,2
2024351417975,2024,351417975,2,1,0,-1,19,7,7,-1,0,0,2,0,1,0,2,1,-1,9,2,63,9,-1,-1,-1,-1,10,E01018141,0,1
2024451495057,2024,451495057,1,1,0,-1,5,5,1,-1,0,0,5,0,0,0,0,1,-1,2,1,44,7,-1,-1,-1,-1,9,E01030635,0,2
2024430437444,2024,430437444,1,1,0,3,3,2,6,0,0,0,0,0,0,0,2,1,4,7,1,15,3,-1,-1,-1,-1,10,E01016622,0,1
2024111454833,2024,111454833,1,11,0,-1,2,5,1,-1,0,8,0,0,0,0,0,1,-1,1,3,30,6,-1,-1,-1,-1,-1,-1,0,-1
2024211427332,2024,211427332,1,1,0,-1,19,6,1,-1,0,4,2,0,8,0,1,1,-1,9,1,49,8,-1,-1,-1,-1,8,E01029460,0,1
2024010522314,2024,010522314,2,1,0,18,19,1,5,0,0,1,5,0,0,0,4,1,6,6,2,26,6,-1,-1,-1,-1,7,E01004534,0,1
2024010496561,2024,010496561,1,9,0,99,99,9,9,99,99,9,9,99,9,99,2,9,6,6,2,46,8,-1,-1,-1,-1,7,E01001585,0,1
2024311460946,2024,311460946,1,1,0,-1,19,2,6,-1,0,1,0,0,0,0,1,1,-1,6,1,27,6,-1,-1,-1,-1,3,E01028212,0,1
2024010492923,2024,010492923,3,9,0,18,19,7,3,0,0,0,0,0,0,0,1,1,6,6,2,39,7,-1,-1,-1,-1,10,E01030542,0,2
2024010492645,2024,010492645,1,3,0,18,19,5,1,0,0,1,0,0,1,0,3,1,6,6,1,27,6,-1,-1,-1,-1,4,E01000780,0,1
2024010488427,2024,010488427,1,9,0,9,9,8,5,0,0,1,0,0,0,0,1,1,6,6,1,76,11,-1,-1,-1,-1,2,E01002686,0,1
2024070037417,2024,070037417,2,9,0,4,4,5,1,0,0,1,0,0,0,0,1,1,6,6,2,54,8,-1,-1,-1,-1,10,E01018350,0,1
2024010515508,2024,010515508,1,1,0,18,19,7,3,0,0,4,0,0,0,0,1,1,6,6,1,51,8,-1,-1,-1,-1,5,E01000417,0,1
2024101512131,2024,101512131,2,9,0,-1,4,4,8,-1,0,1,0,0,0,0,2,1,-1,2,1,48,8,-1,-1,-1,-1,5,E01027368,0,2
2024201466470,2024,201466470,1,4,0,-1,5,2,6,-1,0,6,0,0,0,0,1,1,-1,9,1,25,5,-1,-1,-1,-1,1,E01009410,0,1
2024320277653,2024,320277653,2,4,0,-1,-1,1,5,0,0,8,0,0,0,0,1,1,-1,-1,1,53,8,-1,-1,-1,-1,-1,-1,0,-1
2024548056524,2024,548056524,1,5,0,18,19,1,5,0,0,0,1,0,0,0,1,1,1,1,1,27,6,-1,-1,-1,-1,4,E01031980,0,2
2024471483942,2024,471483942,1,9,0,-1,19,8,4,-1,0,2,0,0,1,4,1,1,-1,2,1,36,7,-1,-1,-1,-1,7,E01024026,0,2
2024010492405,2024,010492405,2,9,0,99,99,9,9,99,99,9,9,99,9,99,9,9,6,6,3,-1,-1,-1,-1,-1,-1,-1,-1,0,-1
2024010522383,2024,010522383,3,9,0,13,13,7,3,0,0,2,0,0,0,0,1,1,6,6,3,-1,-1,-1,-1,-1,-1,-1,-1,0,-1
2024531397097,2024,531397097,1,9,0,-1,9,5,3,-1,0,8,0,0,0,0,1,9,-1,6,1,77,11,-1,-1,-1,-1,5,E01022296,0,1
2024401454241,2024,401454241,2,1,0,-1,19,7,3,-1,0,0,0,0,0,0,3,1,-1,6,1,15,3,-1,-1,-1,-1,3,E01015765,0,1
2024010489996,2024,010489996,1,3,0,99,99,9,9,99,99,9,9,99,9,99,1,1,6,6,1,39,7,-1,-1,-1,-1,3,E01003097,0,2
2024471516441,2024,471516441,1,19,0,-1,19,1,5,-1,0,1,0,0,0,0,1,1,-1,9,1,46,8,-1,-1,-1,-1,5,E01031818,0,1