collision_index,collision_year,collision_ref_no,vehicle_reference,vehicle_type,towing_and_articulation,vehicle_manoeuvre_historic,vehicle_manoeuvre,vehicle_direction_from,vehicle_direction_to,vehicle_location_restricted_lane_historic,vehicle_location_restricted_lane,junction_location,skidding_and_overturning,hit_object_in_carriageway,vehicle_leaving_carriageway,hit_object_off_carriageway,first_point_of_impact,vehicle_left_hand_drive,journey_purpose_of_driver_historic,journey_purpose_of_driver,sex_of_driver,age_of_driver,age_band_of_driver,engine_capacity_cc,propulsion_code,age_of_vehicle,generic_make_model,driver_imd_decile,lsoa_of_driver,escooter_flag,driver_distance_banding
2024141520684,2024,141520684,2,9,0,-1,19,7,3,-1,0,0,0,0,0,0,1,9,-1,6,1,-1,-1,-1,-1,-1,-1,-1,-1,0,-1
2024471430132,2024,471430132,2,11,0,-1,2,0,0,-1,2,0,0,0,0,0,2,2,-1,7,1,67,10,-1,-1,-1,-1,-1,-1,0,-1
2024161400942,2024,161400942,2,90,0,-1,19,6,2,-1,0,1,0,0,0,0,1,1,-1,6,1,43,7,-1,-1,-1,-1,6,E01013048,0,2
2024061488561,2024,061488561,1,1,0,-1,19,-1,-1,-1,0,9,0,99,0,0,1,1,-1,9,2,18,4,-1,-1,-1,-1,7,E01005783,0,1
2024010497725,2024,010497725,1,1,9,99,99,9,9,99,99,9,9,99,9,99,2,1,1,1,1,19,4,-1,-1,-1,-1,2,E01001152,0,1
2024211515894,2024,211515894,1,1,0,-1,19,1,1,-1,0,2,5,0,0,0,3,1,-1,6,1,42,7,-1,-1,-1,-1,6,E01014324,0,1
2024010539507,2024,010539507,2,9,0,99,99,9,9,99,99,9,9,99,9,99,1,9,6,6,3,-1,-1,-1,-1,-1,-1,-1,-1,0,-1
2024401437842,2024,401437842,1,90,0,-1,11,4,8,-1,0,4,0,0,0,0,4,1,-1,6,1,43,7,-1,-1,-1,-1,6,E01021855,0,4
2024351468712,2024,351468712,2,98,0,-1,19,5,1,-1,-1,2,2,0,0,0,1,2,-1,1,1,60,9,-1,-1,-1,-1,-1,-1,0,-1
2024547389924,2024,547389924,2,9,0,10,10,2,8,0,0,1,0,0,0,0,2,1,6,6,1,35,6,-1,-1,-1,-1,6,E01032692,0,1
2024010515256,2024,010515256,2,1,0,15,15,3,7,0,0,0,0,0,0,0,1,1,6,6,2,49,8,-1,-1,-1,-1,2,E01003995,0,1
2024041510147,2024,041510147,1,9,0,-1,19,1,5,-1,0,1,1,0,0,0,1,1,-1,6,1,37,7,-1,-1,-1,-1,2,E01012591,0,1
2024501396842,2024,501396842,3,9,0,-1,8,7,3,-1,0,8,0,0,0,0,2,9,-1,6,1,25,5,-1,-1,-1,-1,3,E01015228,0,3
2024332401189,2024,332401189,2,9,0,-1,19,7,3,-1,0,4,0,0,0,0,1,1,-1,6,3,-1,-1,-1,-1,-1,-1,-1,-1,0,-1
2024010545878,2024,010545878,1,9,0,18,19,7,3,0,0,5,0,0,0,0,1,1,6,6,3,-1,-1,-1,-1,-1,-1,-1,-1,0,-1
2024430369216,2024,430369216,2,1,0,18,19,1,5,0,0,0,0,0,0,0,1,1,6,6,2,25,5,-1,-1,-1,-1,6,E01028551,0,1
2024010486915,2024,010486915,2,9,0,18,19,1,5,0,0,4,0,0,0,0,3,1,6,6,1,30,6,-1,-1,-1,-1,3,E01003625,0,1
2024010494774,2024,010494774,2,9,0,2,2,0,0,0,0,1,0,0,0,0,1,1,6,6,3,-1,-1,-1,-1,-1,-1,-1,-1,0,-1
2024061448465,2024,061448465,2,1,0,-1,19,7,4,-1,0,2,0,0,0,0,1,1,-1,9,1,14,3,-1,-1,-1,-1,2,E01006307,0,1
2024010487665,2024,010487665,1,9,0,5,5,1,5,0,0,1,0,0,1,11,1,2,6,6,2,34,6,-1,-1,-1,-1,2,E01003046,0,2
2024131478956,2024,131478956,2,1,0,-1,19,1,5,-1,0,1,0,0,0,0,1,1,-1,9,1,20,4,-1,-1,-1,-1,1,E01010941,0,1
2024061474855,2024,061474855,1,9,0,-1,99,-1,-1,-1,0,9,0,99,0,0,9,1,-1,6,3,-1,-1,-1,-1,-1,-1,-1,-1,0,-1
2024010516304,2024,010516304,1,9,0,4,4,1,5,0,0,2,0,8,0,0,4,2,6,6,1,48,8,-1,-1,-1,-1,-1,-1,0,-1
2024101412091,2024,101412091,2,9,0,-1,19,4,2,-1,0,1,0,0,0,0,2,9,-1,6,3,40,7,-1,-1,-1,-1,-1,-1,0,-1
2024302400023,2024,302400023,2,9,0,5,5,4,8,0,0,4,0,0,0,0,3,1,6,6,1,-1,-1,-1,-1,-1,-1,3,E01007879,0,3
2024010544323,2024,010544323,1,1,9,99,99,9,9,99,99,9,9,99,9,99,2,1,2,2,2,44,7,-1,-1,-1,-1,5,E01035486,0,1
2024131400825,2024,131400825,1,9,0,-1,19,3,7,-1,0,8,0,0,0,0,1,1,-1,9,2,69,10,-1,-1,-1,-1,7,E01011849,0,3
2024451458826,2024,451458826,1,21,0,-1,4,5,4,-1,0,0,0,0,0,0,3,1,-1,1,2,23,5,-1,-1,-1,-1,10,E01030604,0,4
2024401486704,2024,401486704,1,9,0,-1,19,5,1,-1,0,0,1,0,0,0,1,1,-1,6,1,35,6,-1,-1,-1,-1,7,E01017420,0,1
2024340NN0942,2024,340NN0942,2,9,0,-1,13,5,1,-1,0,2,0,0,0,0,3,1,-1,6,2,60,9,-1,-1,-1,-1,3,E01027104,0,1
2024211486269,2024,211486269,2,1,0,-1,19,6,2,-1,0,3,0,0,0,0,2,1,-1,2,1,59,9,-1,-1,-1,-1,9,E01029736,0,1
2024122500023,2024,122500023,1,9,0,9,9,4,8,0,0,5,0,0,0,0,2,1,6,6,1,74,10,-1,-1,-1,-1,7,E01012351,0,3
2024141396961,2024,141396961,2,9,0,-1,19,4,6,-1,0,3,0,0,0,0,1,1,-1,9,1,19,4,-1,-1,-1,-1,1,E01008018,0,1
2024122500340,2024,122500340,4,9,0,4,4,3,7,0,0,0,0,0,0,0,2,1,6,6,1,-1,-1,-1,-1,-1,-1,6,E01026100,0,5
2024471528613,2024,471528613,2,1,0,-1,19,2,6,-1,0,1,5,0,0,0,1,1,-1,2,1,48,8,-1,-1,-1,-1,3,E01016922,0,1
2024010491311,2024,010491311,2,9,9,99,99,9,9,0,0,9,9,99,9,99,9,9,6,6,1,44,7,-1,-1,-1,-1,6,E01020539,0,5
2024522403420,2024,522403420,1,1,0,18,19,2,6,0,0,8,0,0,0,0,1,1,6,6,1,45,7,-1,-1,-1,-1,8,E01014721,0,1
2024520000099,2024,520000099,2,9,0,18,19,3,7,0,0,0,0,0,0,0,1,1,6,6,3,-1,-1,-1,-1,-1,-1,-1,-1,0,-1
2024440473142,2024,440473142,2,19,0,4,4,4,8,0,0,1,0,0,0,0,1,1,6,6,1,-1,-1,-1,-1,-1,-1,-1,-1,0,-1
2024320639811,2024,320639811,1,9,0,-1,-1,8,4,0,0,0,0,0,0,0,4,1,-1,-1,2,40,7,-1,-1,-1,-1,1,E01026083,0,1
2024010519050,2024,010519050,1,1,0,18,19,7,3,0,0,0,0,0,0,0,1,1,6,6,1,49,8,-1,-1,-1,-1,2,E01002561,0,3
2024522402427,2024,522402427,1,1,0,18,19,9,9,0,0,1,0,0,0,0,9,1,6,6,2,17,4,-1,-1,-1,-1,2,E01014685,0,1
2024610012824,2024,610012824,2,5,0,7,7,7,2,0,0,3,0,0,1,0,1,1,6,6,1,78,11,-1,-1,-1,-1,2,W01001506,0,2
2024610019324,2024,610019324,2,8,0,18,19,4,8,0,0,0,0,0,0,0,1,1,1,1,1,-1,-1,-1,-1,-1,-1,6,W01001484,0,2
2024371516140,2024,371516140,2,1,0,-1,19,6,2,-1,0,1,1,0,0,0,1,1,-1,6,1,17,4,-1,-1,-1,-1,4,E01029950,0,1
2024010487210,2024,010487210,2,9,0,99,99,9,9,99,99,9,9,99,9,99,9,9,6,6,1,67,10,-1,-1,-1,-1,1,E01002758,0,2
2024010493099,2024,010493099,2,9,0,7,7,7,1,99,99,9,9,99,9,99,1,9,6,6,3,-1,-1,-1,-1,-1,-1,-1,-1,0,-1
2024161528164,2024,161528164,2,9,0,-1,19,6,2,-1,0,0,0,0,0,0,-1,9,-1,6,1,-1,-1,-1,-1,-1,-1,-1,-1,0,-1
2024461408267,2024,461408267,1,9,0,-1,19,1,6,-1,0,0,0,0,0,0,1,1,-1,9,1,38,7,-1,-1,-1,-1,4,E01024444,0,1
2024520500060,2024,520500060,2,9,0,18,19,3,7,0,0,8,0,0,0,0,1,1,6,6,1,34,6,-1,-1,-1,-1,6,E01029285,0,3
2024440400112,2024,440400112,2,1,0,18,19,1,2,0,0,0,0,0,0,0,3,1,6,6,2,13,3,-1,-1,-1,-1,4,E01022988,0,1
2024010526117,2024,010526117,2,1,0,18,19,7,3,0,0,0,0,0,0,0,2,1,2,2,2,54,8,-1,-1,-1,-1,4,E01000408,0,1
2024010491436,2024,010491436,1,1,0,5,5,4,8,0,0,0,0,0,0,0,2,1,1,1,1,23,5,-1,-1,-1,-1,4,E01004259,0,1
2024010539405,2024,010539405,2,9,0,18,19,7,3,0,0,3,0,0,0,0,2,1,2,2,1,26,6,-1,-1,-1,-1,2,E01002530,0,2
2024421468203,2024,421468203,1,1,0,-1,19,5,1,-1,0,0,0,4,0,0,1,1,-1,6,1,18,4,-1,-1,-1,-1,10,E01015830,0,1
2024461530561,2024,461530561,1,9,0,-1,5,5,1,-1,0,2,0,0,0,0,1,9,-1,6,1,-1,-1,-1,-1,-1,-1,-1,-1,0,-1
2024351397235,2024,351397235,2,1,0,-1,14,4,8,-1,0,0,0,0,0,0,1,1,-1,7,1,12,3,-1,-1,-1,-1,2,E01018144,0,1
202460Q156638,2024,60Q156638,1,9,0,10,10,3,7,0,0,1,0,0,7,4,1,1,6,6,1,89,11,-1,-1,-1,-1,-1,-1,0,-1
2024052401487,2024,052401487,1,9,0,18,19,3,7,0,0,1,0,0,0,0,1,1,6,6,3,-1,-1,-1,-1,-1,-1,-1,-1,0,-1
2024010532995,2024,010532995,1,1,9,99,99,9,9,99,99,9,9,99,9,99,1,1,6,6,1,31,6,-1,-1,-1,-1,4,E01001739,0,1
2024221531915,2024,221531915,2,9,0,-1,19,5,1,-1,0,0,0,0,0,0,1,1,-1,6,2,39,7,-1,-1,-1,-1,5,E01014000,0,2
2024101397578,2024,101397578,1,97,0,-1,19,1,3,-1,0,8,0,0,0,0,1,1,-1,6,1,18,4,-1,-1,-1,-1,-1,-1,0,-1
2024520002694,2024,520002694,1,9,0,18,19,8,4,0,0,0,0,0,0,0,1,1,6,6,1,36,7,-1,-1,-1,-1,7,E01014375,0,1
2024221496202,2024,221496202,1,21,1,-1,12,5,1,-1,0,0,0,0,0,0,3,9,-1,1,1,46,8,-1,-1,-1,-1,-1,-1,0,-1
2024552400600,2024,552400600,1,1,0,18,19,1,5,0,0,0,0,0,0,0,0,1,6,6,1,65,9,-1,-1,-1,-1,6,E01020467,0,2
2024430501623,2024,430501623,1,1,0,9,9,1,0,0,0,8,0,0,0,0,0,1,2,2,1,28,6,-1,-1,-1,-1,6,E01017634,0,1
2024461429603,2024,461429603,2,1,0,-1,19,5,1,-1,0,1,0,0,0,0,3,1,-1,9,1,-1,-1,-1,-1,-1,-1,7,E01024073,0,1
2024231498518,2024,231498518,2,9,0,-1,19,8,4,-1,0,0,1,0,0,0,4,9,-1,6,1,58,9,-1,-1,-1,-1,2,E01006832,0,5
2024010495656,2024,010495656,2,9,0,10,10,3,1,0,0,1,0,0,0,0,1,1,6,6,1,45,7,-1,-1,-1,-1,9,E01004155,0,1
2024061423199,2024,061423199,1,1,0,-1,19,-1,-1,-1,0,8,0,0,0,0,4,1,-1,2,2,30,6,-1,-1,-1,-1,2,E01004860,0,1
2024061455875,2024,061455875,3,9,0,-1,19,8,4,-1,0,0,0,0,0,0,1,9,-1,6,2,57,9,-1,-1,-1,-1,2,E01005438,0,1
2024340NN0312,2024,340NN0312,1,9,0,-1,7,1,5,-1,0,3,0,0,0,0,4,1,-1,6,1,41,7,-1,-1,-1,-1,6,E01027051,0,1
2024010490994,2024,010490994,1,9,0,18,19,5,1,0,0,0,0,0,0,0,1,1,6,6,3,-1,-1,-1,-1,-1,-1,-1,-1,0,-1
2024010491900,2024,010491900,1,9,0,99,99,9,9,99,99,9,9,99,9,99,1,9,6,6,2,27,6,-1,-1,-1,-1,3,E01000130,0,1
2024010512266,2024,010512266,2,9,0,18,19,5,1,0,0,0,1,0,0,0,1,1,1,1,1,32,6,-1,-1,-1,-1,6,E01002335,0,2
2024991398486,2024,991398486,1,9,0,-1,19,8,4,-1,0,0,5,4,0,0,1,1,-1,9,1,86,11,-1,-1,-1,-1,7,-1,0,4
2024440352878,2024,440352878,1,1,0,18,19,8,4,0,0,1,0,0,0,0,1,1,2,2,2,51,8,-1,-1,-1,-1,8,E01023170,0,1
2024991496503,2024,991496503,1,19,0,-1,19,7,3,-1,0,0,0,0,0,0,1,1,-1,1,1,50,8,-1,-1,-1,-1,8,-1,0,4
2024546207724,2024,546207724,1,19,0,18,19,8,4,0,0,1,0,0,0,0,1,1,1,1,1,26,6,-1,-1,-1,-1,3,E01010458,0,5
2024991499660,2024,991499660,2,9,0,-1,9,5,2,-1,0,0,0,0,0,0,4,1,-1,9,2,27,6,-1,-1,-1,-1,1,-1,0,1
2024010491667,2024,010491667,2,9,0,99,99,9,9,99,99,9,9,99,9,99,1,9,6,6,3,-1,-1,-1,-1,-1,-1,-1,-1,0,-1
2024041471858,2024,041471858,2,23,0,-1,19,6,8,-1,0,8,5,0,0,0,3,1,-1,1,1,31,6,-1,-1,-1,-1,2,E01025274,0,1
2024101419891,2024,101419891,1,9,0,-1,15,5,1,-1,0,2,0,0,0,0,4,1,-1,6,2,65,9,-1,-1,-1,-1,9,E01008322,0,1
2024010491546,2024,010491546,1,9,0,18,19,3,7,0,0,8,0,0,0,0,1,1,1,1,1,45,7,-1,-1,-1,-1,3,E01034202,0,4
2024440258322,2024,440258322,1,9,0,13,13,3,7,0,0,0,0,0,0,0,0,1,6,6,3,-1,-1,-1,-1,-1,-1,-1,-1,0,-1
2024622400754,2024,622400754,2,22,0,9,9,6,4,0,0,2,0,0,0,0,4,1,6,6,1,75,10,-1,-1,-1,-1,8,W01001877,0,1
2024221461611,2024,221461611,1,9,0,-1,4,4,8,-1,0,0,0,0,0,0,0,9,-1,6,3,57,9,-1,-1,-1,-1,-1,-1,0,-1
2024131505672,2024,131505672,2,1,0,-1,19,7,3,-1,0,1,0,0,0,0,1,1,-1,2,1,37,7,-1,-1,-1,-1,1,E01011917,0,1
2024411490068,2024,411490068,1,9,0,-1,19,-1,-1,-1,0,0,0,0,0,0,3,9,-1,6,3,-1,-1,-1,-1,-1,-1,-1,-1,0,-1
2024201533245,2024,201533245,2,1,0,-1,5,5,1,-1,0,2,0,0,0,0,1,1,-1,6,1,14,3,-1,-1,-1,-1,1,E01009057,0,1
2024231439850,2024,231439850,1,9,0,-1,7,8,2,-1,0,5,0,0,0,0,9,9,-1,6,1,35,6,-1,-1,-1,-1,-1,-1,0,-1
2024010489484,2024,010489484,1,5,0,5,5,7,3,0,0,0,1,0,0,0,0,1,6,6,1,44,7,-1,-1,-1,-1,7,E01000326,0,1
2024201458527,2024,201458527,1,99,0,-1,1,4,8,-1,9,8,0,0,0,0,2,9,-1,6,3,-1,-1,-1,-1,-1,-1,-1,-1,0,-1
2024010491490,2024,010491490,2,9,0,9,9,1,7,0,0,8,0,0,0,0,1,1,6,6,1,49,8,-1,-1,-1,-1,7,E01000198,0,1
2024010542340,2024,010542340,1,1,9,99,99,9,9,99,99,9,9,99,9,99,9,1,6,6,2,35,6,-1,-1,-1,-1,3,E01001749,0,1
2024061495548,2024,061495548,2,9,0,-1,19,2,6,-1,0,0,0,0,0,0,1,1,-1,9,1,77,11,-1,-1,-1,-1,-1,-1,0,-1
2024201430966,2024,201430966,2,9,0,-1,3,4,8,-1,0,0,0,0,0,0,0,1,-1,9,1,46,8,-1,-1,-1,-1,5,E01009888,0,1
2024010519868,2024,010519868,1,1,9,99,99,9,9,99,99,9,9,99,9,99,9,1,6,6,1,41,7,-1,-1,-1,-1,2,E01035682,0,2
2024461461087,2024,461461087,1,9,0,-1,19,5,1,-1,0,0,0,0,0,0,1,1,-1,6,2,59,9,-1,-1,-1,-1,6,E01016134,0,3
2024010509627,2024,010509627,1,1,9,99,99,9,9,99,99,9,9,99,9,99,1,1,2,2,2,24,5,-1,-1,-1,-1,6,E01001829,0,1
2024610016024,2024,610016024,1,9,0,18,19,8,4,0,0,0,0,0,0,0,1,1,6,6,3,-1,-1,-1,-1,-1,-1,-1,-1,0,-1
2024010530879,2024,010530879,2,9,0,99,99,9,9,99,99,9,9,99,9,99,9,9,6,6,3,-1,-1,-1,-1,-1,-1,-1,-1,0,-1
2024061479214,2024,061479214,1,-1,0,-1,19,1,5,-1,2,1,0,0,0,0,1,1,-1,9,1,36,7,-1,-1,-1,-1,2,E01004824,1,1
2024010525685,2024,010525685,2,9,9,2,2,0,0,99,99,9,9,99,9,99,9,9,6,6,3,-1,-1,-1,-1,-1,-1,-1,-1,0,-1
2024010493004,2024,010493004,2,19,0,3,3,7,3,0,0,1,0,0,0,0,2,1,1,1,1,36,7,-1,-1,-1,-1,7,E01000119,0,2
2024221395839,2024,221395839,1,9,0,-1,5,7,3,-1,0,0,0,0,0,0,1,9,-1,6,2,-1,-1,-1,-1,-1,-1,8,E01032463,0,3
2024161492287,2024,161492287,2,9,0,-1,6,7,3,-1,0,1,0,0,0,0,3,1,-1,6,1,-1,-1,-1,-1,-1,-1,-1,-1,0,-1
2024010494658,2024,010494658,1,9,0,16,19,4,8,0,0,0,0,0,0,0,4,1,6,6,2,54,8,-1,-1,-1,-1,3,E01000058,0,1
2024122401126,2024,122401126,2,9,0,18,19,3,7,0,0,0,0,0,7,0,1,1,6,6,1,79,11,-1,-1,-1,-1,8,E01027895,0,1
2024311453561,2024,311453561,2,1,0,-1,19,1,5,-1,0,0,0,0,0,0,1,1,-1,6,1,54,8,-1,-1,-1,-1,-1,-1,0,-1
2024010493929,2024,010493929,2,9,0,3,3,8,4,0,0,1,0,0,0,0,3,1,6,6,1,72,10,-1,-1,-1,-1,9,E01002471,0,1
2024052402769,2024,052402769,2,10,0,18,19,2,6,0,0,8,0,0,0,0,1,1,1,1,1,44,7,-1,-1,-1,-1,1,E01006691,0,1
2024991514275,2024,991514275,1,5,0,-1,19,2,6,-1,0,0,0,12,0,0,1,1,-1,9,1,32,6,-1,-1,-1,-1,-1,-1,0,-1
2024430600270,2024,430600270,2,1,0,12,12,4,8,0,0,8,0,0,0,0,2,1,6,6,2,21,5,-1,-1,-1,-1,7,E01016680,0,1
2024131484651,2024,131484651,1,19,0,-1,-1,-1,-1,-1,-1,-1,-1,-1,-1,-1,-1,1,-1,6,3,-1,-1,-1,-1,-1,-1,-1,-1,0,-1
2024010529210,2024,010529210,2,1,0,18,19,1,5,0,0,2,0,0,0,0,3,1,6,6,1,35,6,-1,-1,-1,-1,1,E01000605,0,1
2024010507347,2024,010507347,2,9,0,18,19,1,5,0,0,1,0,4,0,0,1,1,6,6,1,34,6,-1,-1,-1,-1,5,E01035712,0,1
2024440508691,2024,440508691,1,1,0,18,19,4,8,0,0,0,1,0,0,0,0,1,6,6,1,45,7,-1,-1,-1,-1,9,E01022667,0,3
2024131515819,2024,131515819,2,1,0,-1,19,1,5,-1,0,0,0,0,0,0,0,1,-1,2,1,39,7,-1,-1,-1,-1,1,E01010826,0,2
2024010529293,2024,010529293,2,1,0,18,19,3,7,0,0,1,0,0,0,0,1,1,2,2,1,27,6,-1,-1,-1,-1,4,E01001176,0,2
2024471489044,2024,471489044,1,9,0,-1,1,8,4,-1,0,0,0,0,0,0,2,1,-1,6,1,-1,-1,-1,-1,-1,-1,10,E01016939,0,4
2024302400193,2024,302400193,3,9,0,4,4,4,8,0,0,1,0,0,0,0,2,1,2,2,2,36,7,-1,-1,-1,-1,8,E01013593,0,1
2024201493692,2024,201493692,2,1,0,-1,19,7,2,-1,0,8,0,0,0,0,2,1,-1,6,1,28,6,-1,-1,-1,-1,1,E01009638,0,1
2024461447410,2024,461447410,2,1,0,-1,19,5,1,-1,0,0,1,0,0,0,0,1,-1,9,2,59,9,-1,-1,-1,-1,3,E01023981,0,1
2024061442183,2024,061442183,1,9,0,-1,19,1,5,-1,0,0,0,0,0,0,1,1,-1,1,1,27,6,-1,-1,-1,-1,3,E01006335,0,3
2024302400187,2024,302400187,1,9,0,10,10,5,3,0,0,5,0,0,7,0,2,1,6,6,1,18,4,-1,-1,-1,-1,8,E01007867,0,4
2024371482591,2024,371482591,2,9,0,-1,7,4,7,-1,0,8,0,0,0,0,3,1,-1,9,2,77,11,-1,-1,-1,-1,8,E01030046,0,2
2024531410734,2024,531410734,2,-1,0,-1,19,7,3,-1,0,8,0,0,0,0,3,1,-1,2,2,28,6,-1,-1,-1,-1,6,E01022155,1,1
2024991487804,2024,991487804,2,1,0,-1,19,2,6,-1,5,0,5,0,0,0,3,1,-1,9,2,35,6,-1,-1,-1,-1,10,-1,0,1
2024361498875,2024,361498875,1,9,0,-1,9,5,2,-1,0,0,0,0,0,0,1,1,-1,6,1,44,7,-1,-1,-1,-1,3,E01034768,0,3
2024010532808,2024,010532808,2,1,0,18,19,1,5,0,0,0,0,0,0,0,3,1,4,7,1,14,3,-1,-1,-1,-1,4,E01001793,0,1
2024161490935,2024,161490935,1,-1,0,-1,19,7,3,-1,9,0,0,0,0,0,4,1,-1,6,3,-1,-1,-1,-1,-1,-1,-1,-1,0,-1
2024430022973,2024,430022973,2,9,0,18,19,6,2,0,0,8,0,0,7,0,1,1,1,1,2,44,7,-1,-1,-1,-1,6,E01017717,0,1
2024010519557,2024,010519557,2,1,0,18,19,1,5,0,0,8,0,0,0,0,1,1,2,2,1,53,8,-1,-1,-1,-1,6,E01001592,0,3
2024461417854,2024,461417854,1,9,0,-1,2,7,3,-1,0,0,0,0,0,0,2,9,-1,9,1,37,7,-1,-1,-1,-1,7,E01024538,0,4
2024010511870,2024,010511870,1,11,0,5,5,0,1,0,0,8,0,0,0,0,0,1,6,6,3,-1,-1,-1,-1,-1,-1,-1,-1,0,-1
2024010515336,2024,010515336,1,20,1,99,99,9,9,99,99,9,9,99,9,99,2,9,6,6,1,34,6,-1,-1,-1,-1,8,E01023872,0,4
2024010487211,2024,010487211,1,1,9,99,99,9,9,99,99,9,9,99,9,99,1,1,2,2,1,51,8,-1,-1,-1,-1,9,E01030539,0,4
2024010496161,2024,010496161,2,9,0,99,99,9,9,0,0,0,9,99,9,99,1,9,6,6,3,-1,-1,-1,-1,-1,-1,-1,-1,0,-1
2024010542034,2024,010542034,1,9,0,3,3,1,5,0,0,1,0,0,0,0,1,1,6,6,2,85,11,-1,-1,-1,-1,7,E01002789,0,1
2024401420584,2024,401420584,2,1,0,-1,19,7,3,-1,4,0,0,0,0,0,2,1,-1,2,1,60,9,-1,-1,-1,-1,4,E01017567,0,1
2024010488974,2024,010488974,2,1,0,5,5,3,7,0,0,8,0,0,0,0,1,1,6,6,2,38,7,-1,-1,-1,-1,3,E01035660,0,1
2024430111226,2024,430111226,1,9,0,18,19,7,3,0,0,0,1,0,7,4,1,1,6,6,1,18,4,-1,-1,-1,-1,3,E01016377,0,3
2024010550234,2024,010550234,2,9,0,99,99,9,9,99,99,9,9,99,9,99,9,9,6,6,3,-1,-1,-1,-1,-1,-1,-1,-1,0,-1
2024361527123,2024,361527123,1,97,0,-1,5,1,2,-1,0,0,0,0,0,0,1,1,-1,6,1,54,8,-1,-1,-1,-1,-1,-1,0,-1
2024451441544,2024,451441544,2,1,0,-1,19,2,6,-1,0,0,5,0,0,0,2,1,-1,9,1,27,6,-1,-1,-1,-1,4,E01003054,0,4
2024010492440,2024,010492440,1,9,0,9,9,6,4,0,0,5,0,0,7,0,3,1,6,6,1,35,6,-1,-1,-1,-1,4,E01001435,0,1
2024010550666,2024,010550666,1,1,0,4,4,3,7,0,0,5,0,0,0,0,4,1,4,7,1,16,4,-1,-1,-1,-1,4,E01002645,0,1
2024010504004,2024,010504004,2,9,9,99,99,9,9,99,99,9,9,99,9,99,9,9,6,6,3,-1,-1,-1,-1,-1,-1,-1,-1,0,-1
2024041445702,2024,041445702,1,9,0,-1,9,1,5,-1,0,2,0,0,0,0,1,1,-1,9,1,31,6,-1,-1,-1,-1,1,E01025217,0,4
2024010490723,2024,010490723,1,9,0,1,1,3,7,9,9,6,0,0,0,0,2,1,6,6,1,52,8,-1,-1,-1,-1,8,E01000791,0,1
2024010516741,2024,010516741,2,1,0,7,7,4,5,0,0,1,0,0,0,0,2,1,6,6,1,7,2,-1,-1,-1,-1,2,E01003047,0,1
2024161455795,2024,161455795,1,9,0,-1,19,2,6,-1,0,0,0,0,0,0,4,1,-1,6,1,86,11,-1,-1,-1,-1,10,E01013112,0,1
2024122401300,2024,122401300,2,1,0,18,19,5,1,0,0,8,0,0,0,0,1,1,2,2,2,32,6,-1,-1,-1,-1,7,E01027647,0,2
2024430319000,2024,430319000,1,1,0,10,10,1,7,0,0,1,0,0,0,0,1,1,2,2,1,35,6,-1,-1,-1,-1,3,E01016377,0,1
2024522403042,2024,522403042,2,9,0,6,6,1,1,0,0,0,0,0,0,0,3,1,6,6,3,-1,-1,-1,-1,-1,-1,-1,-1,0,-1
2024101394971,2024,101394971,2,1,0,-1,19,1,4,-1,0,0,0,0,0,0,3,1,-1,9,1,58,9,-1,-1,-1,-1,9,E01027370,0,2
2024371539819,2024,371539819,1,19,-1,-1,-1,-1,-1,-1,-1,0,-1,-1,-1,0,-1,9,-1,6,3,-1,-1,-1,-1,-1,-1,-1,-1,0,-1
2024141466038,2024,141466038,1,9,0,-1,9,6,2,-1,0,1,0,0,0,0,2,1,-1,9,2,64,9,-1,-1,-1,-1,1,E01007783,0,1
202454A150724,2024,54A150724,1,9,0,18,19,1,5,0,0,8,0,0,0,0,4,1,6,6,2,54,8,-1,-1,-1,-1,8,E01015517,0,1
2024471504636,2024,471504636,1,1,0,-1,-1,-1,-1,-1,-1,-1,-1,-1,-1,0,-1,1,-1,9,1,16,4,-1,-1,-1,-1,7,E01031457,0,1
2024522401743,2024,522401743,2,1,0,18,19,2,8,0,0,8,0,0,0,0,1,1,6,6,1,27,6,-1,-1,-1,-1,8,E01014560,0,3
2024302400339,2024,302400339,3,9,0,8,8,4,6,0,0,1,0,0,0,0,0,1,6,6,3,-1,-1,-1,-1,-1,-1,5,E01019456,0,3
2024201421079,2024,201421079,1,22,0,-1,19,3,7,-1,0,8,0,0,0,0,3,1,-1,9,1,82,11,-1,-1,-1,-1,-1,-1,0,-1
2024061427326,2024,061427326,1,9,-1,-1,-1,-1,-1,-1,-1,-1,-1,-1,-1,0,-1,9,-1,9,3,-1,-1,-1,-1,-1,-1,-1,-1,0,-1
2024302400532,2024,302400532,1,9,0,18,19,8,4,0,0,8,0,0,0,0,1,1,1,1,1,45,7,-1,-1,-1,-1,8,E01009669,0,4
2024451442387,2024,451442387,2,9,0,-1,2,0,0,-1,-1,0,0,0,0,0,2,1,-1,6,-1,-1,-1,-1,-1,-1,-1,-1,-1,0,-1
2024471438403,2024,471438403,1,1,0,-1,19,3,7,-1,0,0,0,0,0,0,2,1,-1,9,2,58,9,-1,-1,-1,-1,10,E01031774,0,1
2024522402590,2024,522402590,1,97,0,13,13,3,7,0,0,8,0,0,0,0,4,1,6,6,1,15,3,-1,-1,-1,-1,-1,-1,0,-1
2024122400546,2024,122400546,1,9,0,10,10,7,5,0,0,2,0,0,0,0,3,1,6,6,2,42,7,-1,-1,-1,-1,8,E01032491,0,4
2024430224980,2024,430224980,2,1,0,18,19,3,7,0,0,0,0,0,0,0,3,1,6,6,1,14,3,-1,-1,-1,-1,4,E01016462,0,1
2024010490843,2024,010490843,2,9,0,99,99,9,9,99,99,9,9,99,9,99,1,9,6,6,3,-1,-1,-1,-1,-1,-1,3,E01002721,0,1
2024351452470,2024,351452470,1,9,-1,-1,-1,-1,-1,-1,-1,-1,-1,-1,-1,0,-1,9,-1,6,1,-1,-1,-1,-1,-1,-1,-1,-1,0,-1
2024052402660,2024,052402660,1,1,0,18,19,3,7,0,0,4,0,0,0,0,1,1,6,6,1,67,10,-1,-1,-1,-1,1,E01006633,0,1