collision_index,collision_year,collision_ref_no,vehicle_reference,vehicle_type,towing_and_articulation,vehicle_manoeuvre_historic,vehicle_manoeuvre,vehicle_direction_from,vehicle_direction_to,vehicle_location_restricted_lane_historic,vehicle_location_restricted_lane,junction_location,skidding_and_overturning,hit_object_in_carriageway,vehicle_leaving_carriageway,hit_object_off_carriageway,first_point_of_impact,vehicle_left_hand_drive,journey_purpose_of_driver_historic,journey_purpose_of_driver,sex_of_driver,age_of_driver,age_band_of_driver,engine_capacity_cc,propulsion_code,age_of_vehicle,generic_make_model,driver_imd_decile,lsoa_of_driver,escooter_flag,driver_distance_banding
2024010516018,2024,010516018,2,1,0,15,15,6,2,0,0,6,0,0,0,0,1,1,1,1,1,40,7,-1,-1,-1,-1,6,E01004658,0,1
2024231462322,2024,231462322,4,9,0,-1,3,5,1,-1,0,0,0,0,0,0,2,1,-1,9,1,52,8,-1,-1,-1,-1,8,E01016769,0,4
2024361452656,2024,361452656,2,9,0,-1,19,4,8,-1,0,0,0,0,0,0,2,1,-1,6,1,61,9,-1,-1,-1,-1,5,E01026712,0,2
2024461412251,2024,461412251,1,9,0,-1,-1,-1,-1,-1,0,-1,0,0,0,0,1,9,-1,6,3,-1,-1,-1,-1,-1,-1,-1,-1,0,-1
2024221520144,2024,221520144,2,1,0,-1,3,8,4,-1,0,8,0,0,0,0,3,1,-1,6,1,76,11,-1,-1,-1,-1,6,E01014092,0,1
2024010494106,2024,010494106,1,3,9,99,99,9,9,99,99,1,9,99,9,99,1,1,1,1,1,30,6,-1,-1,-1,-1,4,E01004525,0,1
2024010487596,2024,010487596,3,9,0,2,2,0,0,0,0,1,0,0,0,0,1,1,6,6,3,-1,-1,-1,-1,-1,-1,-1,-1,0,-1
202417L109624,2024,17L109624,2,1,0,-1,19,2,6,-1,0,0,0,0,0,0,2,1,-1,9,1,60,9,-1,-1,-1,-1,-1,-1,0,-1
2024461437897,2024,461437897,1,9,4,-1,19,7,3,-1,0,0,0,0,0,0,1,9,-1,6,3,30,6,-1,-1,-1,-1,-1,-1,0,-1
2024401465308,2024,401465308,1,9,0,-1,5,1,5,-1,99,0,0,0,0,0,9,9,-1,6,3,-1,-1,-1,-1,-1,-1,-1,-1,0,-1
2024010496524,2024,010496524,2,9,0,99,99,9,9,99,99,9,9,99,9,99,9,9,6,6,3,-1,-1,-1,-1,-1,-1,-1,-1,0,-1
2024052401582,2024,052401582,2,9,0,15,15,5,1,0,0,1,0,0,0,0,1,1,6,6,1,54,8,-1,-1,-1,-1,1,E01006702,0,1
2024010489877,2024,010489877,1,9,0,18,19,1,5,5,5,6,1,0,0,0,1,2,2,2,1,46,8,-1,-1,-1,-1,3,E01002404,0,1
2024010507453,2024,010507453,10,16,9,99,99,9,9,99,99,9,9,99,9,99,9,1,1,1,1,22,5,-1,-1,-1,-1,6,E01035718,0,1
2024010544937,2024,010544937,1,8,0,9,9,3,2,0,0,1,0,0,1,0,1,1,6,6,3,-1,-1,-1,-1,-1,-1,-1,-1,0,-1
2024430533962,2024,430533962,1,8,0,18,19,4,8,0,0,1,0,0,0,0,1,1,6,6,1,-1,-1,-1,-1,-1,-1,-1,-1,0,-1
2024340WN2592,2024,340WN2592,1,9,0,-1,13,3,7,-1,0,0,0,0,0,0,4,1,-1,6,3,-1,-1,-1,-1,-1,-1,-1,-1,0,-1
2024010499547,2024,010499547,1,1,9,99,99,9,9,99,99,0,9,99,9,99,1,1,2,2,1,48,8,-1,-1,-1,-1,3,E01002730,0,1
2024991405218,2024,991405218,3,9,0,-1,3,1,5,-1,0,1,0,0,0,0,1,1,-1,1,1,32,6,-1,-1,-1,-1,1,-1,0,3
2024201476077,2024,201476077,1,19,0,-1,12,3,7,-1,0,3,0,0,0,0,3,9,-1,6,1,30,6,-1,-1,-1,-1,-1,-1,0,-1
2024545501724,2024,545501724,2,1,0,9,9,4,1,0,0,4,0,0,0,0,1,1,2,2,2,58,9,-1,-1,-1,-1,4,E01032087,0,1
2024010504775,2024,010504775,2,1,0,9,9,1,7,0,0,8,5,0,0,0,4,1,6,6,2,27,6,-1,-1,-1,-1,3,E01002027,0,1
2024332401153,2024,332401153,2,1,0,-1,19,5,1,-1,0,8,0,0,0,0,1,1,-1,6,1,17,4,-1,-1,-1,-1,3,E01025715,0,1
2024201448069,2024,201448069,1,9,0,-1,5,5,1,-1,0,6,0,0,0,0,1,9,-1,6,2,35,6,-1,-1,-1,-1,-1,-1,0,-1
2024542364524,2024,542364524,1,9,0,13,13,6,2,0,0,0,0,0,0,0,1,1,6,6,2,77,11,-1,-1,-1,-1,9,E01032026,0,3
2024361510402,2024,361510402,1,9,-1,-1,-1,-1,-1,-1,-1,-1,-1,-1,-1,0,-1,9,-1,6,3,-1,-1,-1,-1,-1,-1,-1,-1,0,-1
2024401497732,2024,401497732,1,19,0,-1,9,7,6,-1,0,6,0,0,0,0,4,9,-1,6,3,-1,-1,-1,-1,-1,-1,-1,-1,0,-1
2024340NN2102,2024,340NN2102,1,98,0,-1,19,5,1,-1,0,0,0,0,0,0,1,1,-1,1,2,-1,-1,-1,-1,-1,-1,-1,-1,0,-1
202417S102724,2024,17S102724,1,9,0,9,9,2,8,0,0,8,0,0,0,0,1,1,6,6,2,34,6,-1,-1,-1,-1,6,E01020830,0,3
2024010495719,2024,010495719,2,9,0,99,99,9,9,99,99,9,9,99,9,99,1,9,6,6,3,-1,-1,-1,-1,-1,-1,-1,-1,0,-1
2024010511643,2024,010511643,1,9,0,99,99,9,9,99,99,9,9,99,9,99,3,9,6,6,2,42,7,-1,-1,-1,-1,9,E01003648,0,1
2024061426317,2024,061426317,1,19,0,-1,9,5,7,-1,0,8,0,0,0,0,3,1,-1,1,1,35,6,-1,-1,-1,-1,1,E01004856,0,4
2024461535707,2024,461535707,1,97,0,-1,15,6,2,-1,0,1,2,7,1,0,3,1,-1,6,1,15,3,-1,-1,-1,-1,4,E01016168,0,1
2024010493445,2024,010493445,2,9,0,99,99,9,9,0,0,9,9,0,0,0,1,9,6,6,3,-1,-1,-1,-1,-1,-1,-1,-1,0,-1
2024010488007,2024,010488007,2,9,9,99,99,9,9,99,99,9,9,99,9,99,1,9,6,6,3,-1,-1,-1,-1,-1,-1,-1,-1,0,-1
2024302400682,2024,302400682,2,-1,0,18,19,7,3,0,0,1,5,0,0,0,4,1,6,6,1,21,5,-1,-1,-1,-1,5,E01033171,1,1
2024161428285,2024,161428285,2,9,0,-1,13,3,7,-1,0,0,0,0,0,0,4,9,-1,6,3,-1,-1,-1,-1,-1,-1,-1,-1,0,-1
2024552400808,2024,552400808,1,9,0,18,19,8,4,0,0,8,0,0,0,0,1,1,6,6,2,38,7,-1,-1,-1,-1,5,E01020529,0,1
2024010547283,2024,010547283,1,9,0,18,19,1,5,0,0,0,0,0,0,0,9,9,6,6,1,28,6,-1,-1,-1,-1,5,E01003638,0,1
2024010516256,2024,010516256,1,1,9,99,99,9,9,99,99,9,9,99,9,99,9,1,2,2,1,27,6,-1,-1,-1,-1,3,E01002672,0,2
2024440239768,2024,440239768,2,9,0,18,19,8,4,0,0,0,0,0,0,0,3,1,6,6,3,-1,-1,-1,-1,-1,-1,-1,-1,0,-1
2024231530625,2024,231530625,1,9,0,-1,1,7,3,-1,0,0,0,0,0,0,2,9,-1,6,3,35,6,-1,-1,-1,-1,-1,-1,0,-1
2024522402846,2024,522402846,1,9,0,11,11,2,6,0,0,0,0,0,0,0,2,1,6,6,2,50,8,-1,-1,-1,-1,5,E01014537,0,1
2024471426256,2024,471426256,1,9,0,-1,19,7,3,-1,0,1,0,0,0,0,3,9,-1,6,3,-1,-1,-1,-1,-1,-1,-1,-1,0,-1
2024440458487,2024,440458487,2,1,0,18,19,8,4,0,0,2,0,0,0,0,2,1,2,2,1,26,6,-1,-1,-1,-1,4,E01017058,0,1
2024201448706,2024,201448706,1,9,0,-1,19,4,8,-1,0,0,0,0,0,0,1,9,-1,6,3,40,7,-1,-1,-1,-1,-1,-1,0,-1
2024471413803,2024,471413803,2,9,0,-1,2,0,0,-1,0,0,0,0,0,0,3,9,-1,6,-1,-1,-1,-1,-1,-1,-1,-1,-1,0,-1
2024041531055,2024,041531055,1,9,0,-1,19,-1,-1,-1,0,1,0,0,0,0,-1,9,-1,6,3,-1,-1,-1,-1,-1,-1,-1,-1,0,-1
2024161403706,2024,161403706,2,1,0,-1,10,7,5,-1,0,1,0,0,0,0,1,1,-1,6,2,60,9,-1,-1,-1,-1,1,E01013203,0,1
2024440146170,2024,440146170,1,1,0,18,19,8,4,0,0,0,1,0,0,0,3,1,6,6,1,14,3,-1,-1,-1,-1,6,E01035451,0,1
2024411531292,2024,411531292,1,9,0,-1,19,4,8,-1,0,1,9,99,0,0,1,1,-1,6,1,-1,-1,-1,-1,-1,-1,-1,-1,0,-1
2024421422261,2024,421422261,1,9,0,-1,19,7,3,-1,0,1,0,0,0,0,1,1,-1,6,1,-1,-1,-1,-1,-1,-1,-1,-1,0,-1
2024991408506,2024,991408506,1,9,0,-1,9,6,5,-1,0,5,0,0,0,0,1,1,-1,2,1,34,6,-1,-1,-1,-1,5,-1,0,1
2024131416841,2024,131416841,1,9,0,-1,-1,-1,-1,-1,-1,-1,-1,-1,-1,-1,-1,1,-1,6,3,-1,-1,-1,-1,-1,-1,-1,-1,0,-1
2024501510602,2024,501510602,2,1,0,-1,19,1,5,-1,0,1,0,0,2,10,2,1,-1,9,1,62,9,-1,-1,-1,-1,5,E01020148,0,1
2024991460156,2024,991460156,2,1,0,-1,19,3,7,-1,0,8,0,0,0,0,1,1,-1,9,1,54,8,-1,-1,-1,-1,6,-1,0,1
2024522401201,2024,522401201,2,9,0,5,5,6,4,0,0,8,0,0,0,0,1,1,6,6,2,20,4,-1,-1,-1,-1,8,E01014956,0,2
2024122500111,2024,122500111,2,9,0,3,3,5,1,0,0,0,0,0,0,0,2,1,6,6,2,54,8,-1,-1,-1,-1,6,E01027705,0,3
2024501534465,2024,501534465,3,10,0,-1,19,1,6,-1,0,1,0,0,0,0,0,1,-1,1,1,45,7,-1,-1,-1,-1,5,E01015029,0,1
2024501440063,2024,501440063,1,9,0,-1,3,1,5,-1,0,0,0,0,0,0,2,1,-1,9,1,37,7,-1,-1,-1,-1,7,E01020154,0,2
2024010510744,2024,010510744,1,1,9,99,99,9,9,99,99,9,9,99,9,99,1,1,6,6,2,26,6,-1,-1,-1,-1,4,E01003096,0,1
2024411402093,2024,411402093,2,9,0,-1,7,8,4,-1,0,1,0,0,0,0,3,1,-1,6,2,53,8,-1,-1,-1,-1,9,E01023644,0,1
2024522402667,2024,522402667,2,1,0,16,19,6,1,0,0,2,0,0,0,0,1,1,6,6,1,20,4,-1,-1,-1,-1,4,E01014946,0,3
2024010500807,2024,010500807,1,2,0,99,99,9,9,0,0,9,0,99,9,0,9,1,6,6,3,-1,-1,-1,-1,-1,-1,-1,-1,0,-1
2024010534167,2024,010534167,1,1,9,99,99,9,9,99,99,9,9,99,9,99,9,1,2,2,2,30,6,-1,-1,-1,-1,3,E01000889,0,1
2024161535907,2024,161535907,3,22,0,-1,19,4,8,-1,0,0,0,0,0,0,0,1,-1,6,3,-1,-1,-1,-1,-1,-1,7,E01013269,0,1
2024010536581,2024,010536581,1,8,0,18,19,5,1,0,0,1,0,0,0,0,2,1,6,6,3,-1,-1,-1,-1,-1,-1,-1,-1,0,-1
2024061495749,2024,061495749,2,9,0,-1,19,5,1,-1,0,1,0,0,0,0,1,1,-1,9,1,28,6,-1,-1,-1,-1,4,E01005298,0,1
2024320150083,2024,320150083,1,9,0,-1,-1,2,6,0,0,2,0,0,0,0,4,1,6,6,3,-1,-1,-1,-1,-1,-1,-1,-1,0,-1
2024010489354,2024,010489354,2,19,0,99,99,9,9,99,99,9,9,99,9,99,1,9,6,6,3,32,6,-1,-1,-1,-1,-1,-1,0,-1
2024201525933,2024,201525933,2,98,1,-1,5,5,1,-1,0,0,0,0,0,0,1,9,-1,9,3,-1,-1,-1,-1,-1,-1,-1,-1,0,-1
2024545279624,2024,545279624,1,1,0,18,19,7,3,0,0,0,0,0,0,0,4,1,6,6,1,16,4,-1,-1,-1,-1,3,E01015527,0,1
2024052401428,2024,052401428,1,1,0,18,19,5,1,0,0,0,0,0,0,0,3,1,6,6,1,45,7,-1,-1,-1,-1,1,E01006678,0,1
2024411467927,2024,411467927,2,1,0,-1,19,6,2,-1,0,0,0,0,1,0,1,1,-1,6,1,11,3,-1,-1,-1,-1,7,E01023519,0,1
2024991468076,2024,991468076,1,9,0,-1,19,3,7,-1,0,0,0,0,0,0,3,1,-1,9,1,18,4,-1,-1,-1,-1,9,-1,0,1
2024061419406,2024,061419406,1,9,0,-1,19,4,8,-1,0,1,0,0,0,0,2,1,-1,6,3,-1,-1,-1,-1,-1,-1,-1,-1,0,-1
2024201495791,2024,201495791,1,1,0,-1,19,5,8,-1,0,2,0,0,0,0,3,1,-1,6,1,-1,-1,-1,-1,-1,-1,-1,-1,0,-1
2024201531712,2024,201531712,1,9,0,-1,19,1,1,-1,0,0,0,0,0,0,1,9,-1,6,3,30,6,-1,-1,-1,-1,-1,-1,0,-1
2024010505784,2024,010505784,2,1,0,5,5,1,5,5,5,7,0,0,0,0,3,1,1,1,2,25,5,-1,-1,-1,-1,5,E01002169,0,1
2024161495118,2024,161495118,3,1,0,-1,19,3,7,-1,0,1,0,0,0,0,1,1,-1,6,1,16,4,-1,-1,-1,-1,-1,-1,0,-1
2024440545711,2024,440545711,2,9,0,18,19,1,5,0,0,1,0,0,0,0,1,1,6,6,1,65,9,-1,-1,-1,-1,10,E01022714,0,1
2024302401607,2024,302401607,2,-1,0,18,19,7,3,0,0,0,0,0,0,0,1,1,6,6,1,41,7,-1,-1,-1,-1,4,E01028036,1,4
2024451430645,2024,451430645,2,1,0,-1,10,1,6,-1,0,3,0,0,0,0,2,1,-1,9,1,56,9,-1,-1,-1,-1,6,E01030729,0,1
2024061482997,2024,061482997,2,9,0,-1,19,-1,-1,-1,0,0,0,0,0,0,1,1,-1,6,3,-1,-1,-1,-1,-1,-1,-1,-1,0,-1
2024010494279,2024,010494279,1,1,0,12,12,5,1,0,0,1,0,0,0,0,2,1,1,1,1,30,6,-1,-1,-1,-1,7,E01004634,0,1
2024411469270,2024,411469270,4,9,0,-1,19,1,5,-1,0,0,0,0,0,0,1,1,-1,6,1,41,7,-1,-1,-1,-1,6,E01023769,0,1
2024471412835,2024,471412835,1,9,0,-1,1,-1,-1,-1,-1,-1,-1,-1,-1,0,-1,9,-1,6,2,57,9,-1,-1,-1,-1,5,E01031832,0,1
2024010544391,2024,010544391,1,23,0,99,99,9,9,99,99,9,9,99,9,99,9,1,1,1,3,23,5,-1,-1,-1,-1,3,E01000176,0,1
2024010489083,2024,010489083,2,9,0,9,9,3,1,0,0,8,0,0,0,0,4,1,6,6,2,33,6,-1,-1,-1,-1,3,E01002401,0,1
2024320151243,2024,320151243,1,9,0,-1,-1,6,2,0,0,0,0,0,0,0,3,1,6,6,1,53,8,-1,-1,-1,-1,9,E01013149,0,4
2024430446002,2024,430446002,3,9,0,18,19,2,8,0,0,0,0,0,0,0,0,1,6,6,3,-1,-1,-1,-1,-1,-1,-1,-1,0,-1
2024111535588,2024,111535588,1,23,0,-1,19,3,7,-1,0,0,0,0,0,0,1,1,-1,6,1,18,4,-1,-1,-1,-1,-1,-1,0,-1
2024010497048,2024,010497048,1,9,9,99,99,9,9,99,99,9,9,99,9,99,9,9,6,6,3,-1,-1,-1,-1,-1,-1,-1,-1,0,-1
2024052400181,2024,052400181,2,1,0,18,19,4,8,0,0,8,0,0,0,0,2,1,6,6,1,41,7,-1,-1,-1,-1,-1,-1,0,-1
2024332400610,2024,332400610,1,1,0,-1,19,4,8,-1,4,8,1,0,1,0,1,1,-1,9,1,24,5,-1,-1,-1,-1,8,E01013643,0,1
2024041494404,2024,041494404,2,9,0,-1,4,1,1,-1,0,1,0,0,0,0,2,1,-1,9,1,20,4,-1,-1,-1,-1,3,E01012753,0,1
2024052401486,2024,052401486,3,9,0,3,3,6,2,0,0,8,0,0,0,0,2,1,6,6,1,65,9,-1,-1,-1,-1,2,E01006910,0,1
2024522500275,2024,522500275,2,97,0,18,19,6,2,0,0,0,0,0,0,0,4,1,6,6,3,-1,-1,-1,-1,-1,-1,-1,-1,0,-1
2024351429541,2024,351429541,1,19,0,-1,19,3,7,-1,0,0,0,0,0,0,1,1,-1,1,1,35,6,-1,-1,-1,-1,3,E01017539,0,4
2024010489302,2024,010489302,2,9,0,99,99,9,9,99,99,9,9,99,9,99,9,9,6,6,3,-1,-1,-1,-1,-1,-1,-1,-1,0,-1
2024451454187,2024,451454187,1,9,0,-1,19,3,7,-1,0,0,0,0,0,0,3,1,-1,9,1,64,9,-1,-1,-1,-1,8,E01030622,0,1
2024451409552,2024,451409552,1,9,0,-1,4,7,3,-1,0,1,0,0,0,0,3,1,-1,9,1,54,8,-1,-1,-1,-1,9,E01030501,0,1
2024461507201,2024,461507201,2,9,0,-1,9,7,3,-1,0,0,0,0,0,0,2,1,-1,9,1,41,7,-1,-1,-1,-1,2,E01023973,0,3
2024311484531,2024,311484531,2,1,0,-1,19,4,8,-1,0,2,0,0,0,0,4,1,-1,6,1,33,6,-1,-1,-1,-1,-1,-1,0,-1
2024461470101,2024,461470101,1,9,0,-1,19,8,3,-1,0,1,2,0,1,0,4,1,-1,6,1,25,5,-1,-1,-1,-1,10,E01000767,0,3
2024010496359,2024,010496359,1,9,0,10,10,5,3,0,0,4,0,0,0,0,3,1,6,6,2,38,7,-1,-1,-1,-1,-1,-1,0,-1
2024461478886,2024,461478886,2,9,0,-1,4,7,3,-1,0,8,0,0,0,0,4,1,-1,1,1,28,6,-1,-1,-1,-1,2,E01024677,0,3
2024401396322,2024,401396322,1,9,-1,-1,13,-1,-1,-1,0,0,0,0,0,0,3,9,-1,6,3,-1,-1,-1,-1,-1,-1,-1,-1,0,-1
2024141455472,2024,141455472,2,1,0,-1,19,8,7,-1,0,1,0,0,0,0,1,1,-1,6,1,27,6,-1,-1,-1,-1,1,E01007947,0,1
2024531459644,2024,531459644,2,1,0,-1,19,5,1,-1,0,0,0,0,0,0,2,1,-1,6,1,14,3,-1,-1,-1,-1,3,E01022157,0,1
2024411504370,2024,411504370,1,21,2,-1,7,8,2,-1,0,1,0,0,0,0,2,1,-1,6,1,45,7,-1,-1,-1,-1,4,E01000613,0,3
2024411468329,2024,411468329,2,1,0,-1,19,1,5,-1,0,0,1,0,1,0,1,1,-1,9,1,62,9,-1,-1,-1,-1,-1,-1,0,-1
2024010505609,2024,010505609,2,9,0,7,7,8,1,0,0,1,0,0,0,0,1,1,2,2,2,22,5,-1,-1,-1,-1,2,E01033926,0,1
2024010491858,2024,010491858,1,9,0,99,99,9,9,99,99,9,9,99,9,99,1,9,6,6,3,27,6,-1,-1,-1,-1,6,E01002654,0,1
2024421542310,2024,421542310,1,-1,-1,-1,19,-1,-1,-1,9,8,-1,-1,-1,0,-1,1,-1,6,1,-1,-1,-1,-1,-1,-1,-1,-1,1,-1
2024201440486,2024,201440486,2,90,0,-1,19,2,6,-1,0,1,0,0,0,0,2,9,-1,6,3,-1,-1,-1,-1,-1,-1,-1,-1,0,-1
2024010488776,2024,010488776,1,9,0,4,4,5,1,0,0,1,0,0,0,0,1,1,2,2,1,47,8,-1,-1,-1,-1,6,E01002921,0,3
2024161525403,2024,161525403,1,98,4,-1,19,3,7,-1,0,0,0,0,0,0,0,9,-1,6,3,-1,-1,-1,-1,-1,-1,-1,-1,0,-1
2024201497252,2024,201497252,1,9,0,-1,7,4,6,-1,0,6,0,0,0,0,1,9,-1,6,1,24,5,-1,-1,-1,-1,-1,-1,0,-1
2024320419581,2024,320419581,2,9,0,-1,-1,1,5,0,0,0,0,0,1,0,3,1,-1,-1,2,67,10,-1,-1,-1,-1,7,E01026091,0,3
2024010535768,2024,010535768,2,1,9,99,99,9,9,99,99,1,9,99,9,99,9,1,6,6,3,-1,-1,-1,-1,-1,-1,-1,-1,0,-1
2024501463524,2024,501463524,2,9,0,-1,4,3,7,-1,0,2,0,0,0,0,2,9,-1,6,3,-1,-1,-1,-1,-1,-1,-1,-1,0,-1
2024010490270,2024,010490270,1,23,0,99,99,9,9,99,99,9,9,99,9,99,1,1,6,6,3,-1,-1,-1,-1,-1,-1,-1,-1,0,-1
2024440427930,2024,440427930,2,9,0,9,9,5,2,0,0,8,0,0,0,0,3,1,2,2,1,40,7,-1,-1,-1,-1,4,E01017251,0,1
2024061436441,2024,061436441,2,9,0,-1,7,-1,-1,-1,0,2,0,0,0,0,4,1,-1,6,3,-1,-1,-1,-1,-1,-1,-1,-1,0,-1
2024010528918,2024,010528918,1,1,9,99,99,9,9,99,99,9,9,99,9,99,1,1,2,2,1,33,6,-1,-1,-1,-1,3,E01033923,0,1
2024010499906,2024,010499906,1,9,0,18,19,5,1,0,0,0,0,0,0,0,1,1,6,6,3,-1,-1,-1,-1,-1,-1,-1,-1,0,-1
2024010551114,2024,010551114,1,1,9,99,99,9,9,99,99,9,9,99,9,99,9,1,6,6,2,44,7,-1,-1,-1,-1,7,E01000309,0,2
2024461469127,2024,461469127,1,9,0,-1,9,7,3,-1,0,1,0,0,0,0,3,9,-1,6,2,-1,-1,-1,-1,-1,-1,-1,-1,0,-1
2024371515719,2024,371515719,2,1,0,-1,19,2,6,-1,0,1,0,0,0,0,1,1,-1,2,1,33,6,-1,-1,-1,-1,5,E01030030,0,1
2024061512141,2024,061512141,1,1,0,-1,19,-1,-1,-1,0,1,0,0,0,0,1,1,-1,2,1,24,5,-1,-1,-1,-1,8,E01005775,0,1
2024340NN0362,2024,340NN0362,2,-1,0,-1,19,1,5,-1,0,6,0,0,0,0,4,1,-1,2,1,40,7,-1,-1,-1,-1,1,E01026968,1,1
2024461538057,2024,461538057,2,1,0,-1,19,1,5,-1,0,2,0,0,0,0,0,1,-1,9,1,17,4,-1,-1,-1,-1,2,E01024315,0,1
2024061467612,2024,061467612,1,9,0,-1,19,-1,-1,-1,0,0,0,0,0,0,3,1,-1,6,3,-1,-1,-1,-1,-1,-1,-1,-1,0,-1
2024201493546,2024,201493546,2,-1,0,-1,19,2,6,-1,0,8,0,0,0,0,1,1,-1,6,1,47,8,-1,-1,-1,-1,1,E01033888,1,1
2024010522793,2024,010522793,2,9,0,99,99,9,9,99,99,9,9,99,9,99,2,9,6,6,3,-1,-1,-1,-1,-1,-1,-1,-1,0,-1
2024052400243,2024,052400243,1,1,0,4,4,3,7,0,0,0,0,0,0,0,1,1,6,6,2,42,7,-1,-1,-1,-1,2,E01012370,0,1
2024361405014,2024,361405014,1,9,0,-1,19,7,3,-1,0,8,0,0,0,0,4,1,-1,6,1,38,7,-1,-1,-1,-1,6,E01026672,0,1
2024010524453,2024,010524453,1,1,0,18,19,5,1,4,4,1,0,0,0,0,4,1,2,2,1,21,5,-1,-1,-1,-1,3,E01003182,0,1
2024461426243,2024,461426243,2,9,0,-1,2,0,0,-1,0,0,0,0,0,0,4,1,-1,6,-1,-1,-1,-1,-1,-1,-1,-1,-1,0,-1
2024071058151,2024,071058151,1,19,0,-1,19,7,3,-1,0,0,0,0,0,0,4,9,-1,6,3,-1,-1,-1,-1,-1,-1,-1,-1,0,-1
2024010506620,2024,010506620,1,1,9,99,99,9,9,99,99,1,9,99,9,99,1,1,6,6,3,36,7,-1,-1,-1,-1,3,E01004226,0,1
2024111412878,2024,111412878,1,9,0,-1,9,5,2,-1,0,1,0,0,1,0,1,1,-1,9,1,18,4,-1,-1,-1,-1,4,E01020620,0,1
2024061507690,2024,061507690,1,1,0,-1,19,-1,-1,-1,0,8,0,0,0,0,3,1,-1,7,1,14,3,-1,-1,-1,-1,9,E01006163,0,1
2024440171357,2024,440171357,1,1,0,18,19,6,2,0,0,1,0,0,0,0,1,1,6,6,2,51,8,-1,-1,-1,-1,1,E01017038,0,1
2024010487633,2024,010487633,3,9,0,3,3,3,7,0,0,1,0,0,0,0,2,1,6,6,2,25,5,-1,-1,-1,-1,4,E01000819,0,2
2024471523308,2024,471523308,2,9,0,-1,19,6,2,-1,0,3,0,0,0,0,1,1,-1,1,2,25,5,-1,-1,-1,-1,2,E01031451,0,3
2024041468126,2024,041468126,1,1,0,-1,19,7,3,-1,0,0,0,0,0,0,1,1,-1,2,1,52,8,-1,-1,-1,-1,2,E01025313,0,1
2024101513735,2024,101513735,2,1,-1,-1,19,3,1,-1,9,0,0,0,0,0,1,1,-1,6,1,-1,-1,-1,-1,-1,-1,-1,-1,0,-1
2024010491641,2024,010491641,1,3,0,99,99,9,9,99,99,9,9,99,9,99,1,1,2,2,1,25,5,-1,-1,-1,-1,3,E01001154,0,1
2024010544429,2024,010544429,2,1,0,18,19,5,1,0,0,2,0,0,0,0,3,1,1,1,1,49,8,-1,-1,-1,-1,4,E01001909,0,1
2024010535595,2024,010535595,1,1,9,99,99,9,9,99,99,9,9,99,9,99,1,1,6,6,1,22,5,-1,-1,-1,-1,4,E01002650,0,1
2024111481220,2024,111481220,1,99,0,-1,19,5,1,-1,0,0,0,0,0,0,1,9,-1,6,3,30,6,-1,-1,-1,-1,-1,-1,0,-1
2024991473398,2024,991473398,2,1,0,-1,19,5,1,-1,0,0,0,0,0,0,1,1,-1,9,1,54,8,-1,-1,-1,-1,10,-1,0,3
2024010531373,2024,010531373,2,1,0,5,5,5,1,5,5,1,0,0,0,0,1,1,2,2,2,29,6,-1,-1,-1,-1,7,E01003283,0,1
2024610050924,2024,610050924,2,9,0,18,19,1,5,0,0,0,1,0,0,0,1,1,6,6,3,-1,-1,-1,-1,-1,-1,-1,-1,0,-1
2024010494467,2024,010494467,2,19,0,18,19,3,7,0,0,6,0,0,0,0,1,1,1,1,1,50,8,-1,-1,-1,-1,3,E01002771,0,3
2024231491912,2024,231491912,2,90,0,-1,19,2,6,-1,0,0,0,0,0,0,1,9,-1,9,1,10,2,-1,-1,-1,-1,10,E01035037,0,1
2024201518995,2024,201518995,2,1,0,-1,19,5,1,-1,0,8,0,0,0,0,2,1,-1,6,1,12,3,-1,-1,-1,-1,1,E01009297,0,1
2024010544921,2024,010544921,2,-1,0,18,19,7,3,0,0,2,0,0,0,0,1,1,6,6,1,38,7,-1,-1,-1,-1,2,E01001428,1,1
2024141430807,2024,141430807,2,9,0,-1,9,1,8,-1,0,1,0,0,0,0,1,1,-1,6,1,-1,-1,-1,-1,-1,-1,-1,-1,0,-1
2024211533760,2024,211533760,1,1,0,-1,19,3,7,-1,0,6,0,0,0,0,2,1,-1,6,1,17,4,-1,-1,-1,-1,7,E01010553,0,1
2024131481106,2024,131481106,1,11,0,-1,19,1,5,-1,0,8,0,0,0,0,0,1,-1,1,1,27,6,-1,-1,-1,-1,1,E01010845,0,3
2024010530796,2024,010530796,1,1,9,99,99,9,9,99,99,9,9,99,9,99,1,1,6,6,3,-1,-1,-1,-1,-1,-1,-1,-1,0,-1
2024201472980,2024,201472980,2,1,0,-1,5,1,2,-1,0,0,0,0,0,0,2,1,-1,1,1,20,4,-1,-1,-1,-1,4,E01009620,0,1
2024522401761,2024,522401761,1,9,0,1,1,9,9,0,0,8,0,0,0,0,1,1,6,6,3,-1,-1,-1,-1,-1,-1,-1,-1,0,-1
2024302400605,2024,302400605,3,19,0,2,2,0,0,0,0,1,0,0,0,0,0,1,6,6,3,-1,-1,-1,-1,-1,-1,-1,-1,0,-1
2024010490506,2024,010490506,2,1,0,18,19,6,2,0,0,8,0,0,0,0,3,1,6,6,1,20,4,-1,-1,-1,-1,5,E01035486,0,1
2024320335193,2024,320335193,1,9,0,-1,-1,6,2,0,0,1,0,0,0,0,1,1,6,6,3,-1,-1,-1,-1,-1,-1,-1,-1,0,-1
2024101491949,2024,101491949,1,9,0,-1,19,1,5,-1,0,0,0,0,0,0,1,9,-1,6,3,-1,-1,-1,-1,-1,-1,-1,-1,0,-1
2024311503997,2024,311503997,1,22,0,-1,19,5,2,-1,0,0,0,0,0,0,4,1,-1,9,1,88,11,-1,-1,-1,-1,2,E01013907,0,1
2024010529395,2024,010529395,2,1,0,18,19,3,7,0,0,1,0,0,0,0,0,1,6,6,2,32,6,-1,-1,-1,-1,2,E01004068,0,1
2024010543243,2024,010543243,1,1,9,99,99,9,9,99,99,1,9,99,9,99,1,1,2,2,1,35,6,-1,-1,-1,-1,2,E01001877,0,1
2024471438010,2024,471438010,2,90,0,-1,19,2,4,-1,0,0,0,0,0,0,1,9,-1,6,1,35,6,-1,-1,-1,-1,10,E01031646,0,2
2024332400157,2024,332400157,2,9,0,-1,19,3,7,-1,0,0,0,0,0,0,1,1,-1,6,3,-1,-1,-1,-1,-1,-1,-1,-1,0,-1