collision_index,collision_year,collision_ref_no,vehicle_reference,vehicle_type,towing_and_articulation,vehicle_manoeuvre_historic,vehicle_manoeuvre,vehicle_direction_from,vehicle_direction_to,vehicle_location_restricted_lane_historic,vehicle_location_restricted_lane,junction_location,skidding_and_overturning,hit_object_in_carriageway,vehicle_leaving_carriageway,hit_object_off_carriageway,first_point_of_impact,vehicle_left_hand_drive,journey_purpose_of_driver_historic,journey_purpose_of_driver,sex_of_driver,age_of_driver,age_band_of_driver,engine_capacity_cc,propulsion_code,age_of_vehicle,generic_make_model,driver_imd_decile,lsoa_of_driver,escooter_flag,driver_distance_banding
2024131543335,2024,131543335,2,1,0,-1,19,1,1,-1,0,1,0,0,0,0,1,1,-1,2,1,42,7,-1,-1,-1,-1,2,E01011236,0,1
2024451480006,2024,451480006,1,1,0,-1,19,1,5,-1,0,0,5,0,0,0,0,1,-1,9,1,80,11,-1,-1,-1,-1,10,E01030998,0,1
2024520401739,2024,520401739,1,20,0,16,19,2,1,0,0,1,0,0,0,0,1,1,6,6,1,27,6,-1,-1,-1,-1,8,E01029194,0,3
2024430432068,2024,430432068,1,9,0,18,19,3,1,0,0,6,0,0,0,0,1,1,6,6,1,74,10,-1,-1,-1,-1,6,E01028638,0,1
2024610017224,2024,610017224,1,9,0,4,4,7,3,0,0,0,2,12,7,11,3,1,1,1,2,57,9,-1,-1,-1,-1,1,W01001479,0,1
2024311474519,2024,311474519,2,1,0,-1,19,1,5,-1,0,0,1,10,7,0,3,1,-1,6,1,15,3,-1,-1,-1,-1,-1,-1,0,-1
2024010488039,2024,010488039,2,9,0,4,4,7,3,1,1,2,0,0,0,0,3,1,6,6,1,46,8,-1,-1,-1,-1,5,E01000519,0,1
2024010545269,2024,010545269,1,9,0,6,6,5,5,0,0,0,0,0,0,0,1,1,6,6,3,-1,-1,-1,-1,-1,-1,-1,-1,0,-1
2024010540703,2024,010540703,2,9,0,99,99,9,9,99,99,9,9,99,9,99,9,9,6,6,3,-1,-1,-1,-1,-1,-1,-1,-1,0,-1
2024221529954,2024,221529954,1,1,0,-1,19,8,4,-1,9,0,0,0,0,0,1,1,-1,6,1,49,8,-1,-1,-1,-1,6,E01014088,0,1
2024010548067,2024,010548067,1,9,0,99,99,9,9,99,99,0,9,99,9,99,1,9,6,6,3,-1,-1,-1,-1,-1,-1,-1,-1,0,-1
2024052400215,2024,052400215,1,9,0,18,19,7,3,0,0,3,1,0,0,0,4,1,6,6,1,66,10,-1,-1,-1,-1,6,E01007062,0,1
2024010491207,2024,010491207,1,9,0,18,19,1,5,0,0,0,0,0,0,0,1,1,6,6,1,31,6,-1,-1,-1,-1,2,E01001554,0,1
2024161397847,2024,161397847,2,1,0,-1,19,7,3,-1,0,1,0,0,0,0,1,1,-1,2,1,25,5,-1,-1,-1,-1,-1,-1,0,-1
2024010504041,2024,010504041,1,1,9,99,99,9,9,99,99,9,9,99,9,99,2,1,6,6,1,61,9,-1,-1,-1,-1,7,E01000198,0,1
2024610050524,2024,610050524,1,1,0,18,19,7,3,0,0,8,0,0,0,0,1,1,6,6,1,56,9,-1,-1,-1,-1,6,W01001593,0,1
2024010535085,2024,010535085,1,9,0,99,99,9,9,99,99,9,9,99,9,99,9,9,6,6,3,-1,-1,-1,-1,-1,-1,-1,-1,0,-1
2024101533911,2024,101533911,2,9,0,-1,19,8,4,-1,0,0,0,0,0,0,1,1,-1,6,1,57,9,-1,-1,-1,-1,7,-1,0,1
2024622400831,2024,622400831,2,8,0,18,19,3,6,0,0,0,1,1,0,0,1,1,1,1,1,40,7,-1,-1,-1,-1,9,W01001745,0,4
2024501477000,2024,501477000,2,1,0,-1,19,5,1,-1,0,2,5,0,0,0,3,1,-1,6,1,61,9,-1,-1,-1,-1,4,E01020134,0,1
2024201441538,2024,201441538,2,1,0,-1,19,7,3,-1,0,1,0,0,0,0,1,1,-1,6,1,18,4,-1,-1,-1,-1,9,E01009912,0,1
2024501529777,2024,501529777,1,9,0,-1,19,8,5,-1,0,0,0,0,0,0,1,1,-1,6,2,34,6,-1,-1,-1,-1,1,E01018997,0,3
2024440198443,2024,440198443,2,9,0,9,9,6,4,0,0,1,0,0,0,0,3,1,6,6,1,41,7,-1,-1,-1,-1,7,E01022758,0,3
2024201438370,2024,201438370,1,23,0,-1,13,8,4,-1,0,8,0,0,0,0,2,1,-1,1,1,34,6,-1,-1,-1,-1,-1,-1,0,-1
2024041400801,2024,041400801,1,9,0,-1,-1,-1,-1,-1,-1,0,-1,-1,-1,0,-1,9,-1,6,2,-1,-1,-1,-1,-1,-1,-1,-1,0,-1
2024131411767,2024,131411767,2,1,0,-1,19,7,3,-1,0,8,0,0,0,0,1,1,-1,9,1,51,8,-1,-1,-1,-1,3,E01011779,0,1
2024471529155,2024,471529155,1,9,0,-1,19,8,3,-1,0,0,0,0,0,0,1,9,-1,6,3,-1,-1,-1,-1,-1,-1,-1,-1,0,-1
2024411411444,2024,411411444,1,9,0,-1,19,2,6,-1,0,4,0,0,0,0,4,9,-1,6,3,-1,-1,-1,-1,-1,-1,-1,-1,0,-1
202454F313924,2024,54F313924,2,19,0,18,19,1,5,0,0,0,0,0,0,0,1,1,6,6,1,44,7,-1,-1,-1,-1,8,E01031957,0,1
2024522403424,2024,522403424,2,9,0,18,19,7,3,0,0,1,0,4,0,0,1,1,6,6,3,-1,-1,-1,-1,-1,-1,-1,-1,0,-1
2024010527899,2024,010527899,2,1,0,9,9,7,5,0,0,1,0,0,0,0,2,1,4,7,1,21,5,-1,-1,-1,-1,2,E01033878,0,1
2024451520110,2024,451520110,2,19,0,-1,9,7,5,-1,9,0,0,0,0,0,1,1,-1,6,3,55,8,-1,-1,-1,-1,-1,-1,0,-1
2024302500393,2024,302500393,1,9,0,-1,19,1,5,-1,0,8,0,0,0,0,1,1,-1,1,1,-1,-1,-1,-1,-1,-1,1,E01013472,0,1
2024351424400,2024,351424400,2,1,0,-1,-1,-1,-1,-1,-1,-1,-1,-1,-1,0,3,1,-1,9,1,23,5,-1,-1,-1,-1,8,E01035514,0,1
2024351534002,2024,351534002,1,-1,0,-1,19,-1,-1,-1,0,1,0,0,0,0,1,1,-1,2,1,19,4,-1,-1,-1,-1,2,E01015592,1,1
2024010511895,2024,010511895,2,20,0,1,1,3,7,0,0,0,0,0,0,0,2,1,6,6,1,-1,-1,-1,-1,-1,-1,-1,-1,0,-1
2024401498742,2024,401498742,2,9,-1,-1,-1,-1,-1,-1,-1,0,-1,-1,-1,0,-1,9,-1,6,3,-1,-1,-1,-1,-1,-1,-1,-1,0,-1
2024631455784,2024,631455784,3,90,0,-1,4,4,8,-1,0,0,0,0,0,0,2,1,-1,9,2,40,7,-1,-1,-1,-1,7,E01028938,0,4
202454A322424,2024,54A322424,1,9,0,18,19,8,4,0,0,0,0,0,0,0,1,1,6,6,1,19,4,-1,-1,-1,-1,9,E01031922,0,1
2024552400349,2024,552400349,2,1,0,9,9,4,2,0,0,5,0,0,0,0,3,1,6,6,1,43,7,-1,-1,-1,-1,7,E01020579,0,1
2024351397101,2024,351397101,2,1,0,-1,5,-1,-1,-1,0,8,0,0,0,0,-1,1,-1,2,1,33,6,-1,-1,-1,-1,5,E01017947,0,1
2024440175099,2024,440175099,2,9,0,9,9,6,3,0,0,8,0,0,0,0,3,1,6,6,3,-1,-1,-1,-1,-1,-1,-1,-1,0,-1
2024141474754,2024,141474754,2,1,0,-1,5,1,5,-1,0,1,0,0,0,0,3,1,-1,6,1,74,10,-1,-1,-1,-1,1,E01008157,0,2
2024122500339,2024,122500339,2,1,0,18,19,2,6,0,0,8,0,0,0,0,1,1,6,6,1,17,4,-1,-1,-1,-1,2,E01013349,0,1
2024302401249,2024,302401249,1,97,0,5,5,3,7,9,9,0,0,0,0,0,1,1,6,6,1,14,3,-1,-1,-1,-1,3,E01013513,0,1
2024471423387,2024,471423387,4,90,0,-1,19,5,1,-1,0,0,0,1,0,0,3,1,-1,1,1,37,7,-1,-1,-1,-1,9,E01032818,0,4
2024430465429,2024,430465429,1,9,0,18,19,1,5,0,0,1,0,0,0,0,1,1,6,6,1,-1,-1,-1,-1,-1,-1,-1,-1,0,-1
2024522402440,2024,522402440,3,9,0,4,4,8,4,0,0,8,0,0,0,0,2,1,6,6,3,-1,-1,-1,-1,-1,-1,-1,-1,0,-1
2024371427045,2024,371427045,2,9,3,-1,10,5,3,-1,0,1,0,0,0,0,3,1,-1,6,1,32,6,-1,-1,-1,-1,9,E01029977,0,4
2024430030866,2024,430030866,1,1,0,18,19,6,2,0,0,8,0,0,0,0,4,1,6,6,1,23,5,-1,-1,-1,-1,3,E01016726,0,1
2024010512698,2024,010512698,1,1,9,99,99,9,9,99,99,0,9,99,9,99,9,1,2,2,2,63,9,-1,-1,-1,-1,4,E01002647,0,1
2024520401369,2024,520401369,1,9,0,18,19,7,4,0,0,0,0,0,0,0,2,1,6,6,2,27,6,-1,-1,-1,-1,2,E01029110,0,1
2024141520874,2024,141520874,2,9,0,-1,4,3,7,-1,0,0,0,0,0,0,2,1,-1,9,2,22,5,-1,-1,-1,-1,8,E01007672,0,1
2024010492994,2024,010492994,2,9,0,99,99,9,9,99,99,0,9,99,9,99,2,9,6,6,3,-1,-1,-1,-1,-1,-1,-1,-1,0,-1
2024211402933,2024,211402933,1,9,0,-1,7,7,3,-1,0,1,0,0,0,0,2,9,-1,9,1,-1,-1,-1,-1,-1,-1,-1,-1,0,-1
2024531512221,2024,531512221,2,1,0,-1,19,5,1,-1,0,1,0,0,0,0,1,1,-1,6,1,27,6,-1,-1,-1,-1,5,E01022102,0,1
2024010504617,2024,010504617,2,9,0,99,99,9,9,99,99,9,9,99,9,99,9,9,6,6,3,-1,-1,-1,-1,-1,-1,-1,-1,0,-1
2024411427423,2024,411427423,2,1,0,-1,19,7,3,-1,0,1,0,0,0,0,3,1,-1,6,1,17,4,-1,-1,-1,-1,7,E01023605,0,1
2024010527699,2024,010527699,2,1,0,18,19,5,1,0,0,8,0,0,0,0,1,1,6,6,1,17,4,-1,-1,-1,-1,2,E01034149,0,1
2024010530323,2024,010530323,2,9,0,7,7,7,1,0,0,1,0,0,1,0,1,1,6,6,1,24,5,-1,-1,-1,-1,-1,-1,0,-1
2024201505351,2024,201505351,1,9,0,-1,1,6,2,-1,0,0,0,4,0,0,3,9,-1,1,1,21,5,-1,-1,-1,-1,4,E01014187,0,4
2024010534314,2024,010534314,2,1,0,18,19,5,1,0,0,8,0,0,0,0,1,1,6,6,1,24,5,-1,-1,-1,-1,-1,-1,0,-1
2024101483669,2024,101483669,1,9,0,-1,19,3,7,-1,0,8,0,0,0,0,4,9,-1,6,2,30,6,-1,-1,-1,-1,10,E01027471,0,3
2024231526189,2024,231526189,3,9,0,-1,19,8,4,-1,0,0,0,0,4,6,1,9,-1,6,1,71,10,-1,-1,-1,-1,4,E01018086,0,4
2024522402422,2024,522402422,2,9,9,18,19,9,9,0,0,0,0,0,0,0,9,1,6,6,3,-1,-1,-1,-1,-1,-1,-1,-1,0,-1
2024010541436,2024,010541436,1,9,0,18,19,7,3,0,0,7,0,0,0,0,0,2,6,6,1,50,8,-1,-1,-1,-1,6,E01002182,0,1
2024122400857,2024,122400857,2,1,0,18,19,4,8,0,0,0,0,10,0,0,2,1,4,7,1,13,3,-1,-1,-1,-1,7,E01027626,0,1
202417L405824,2024,17L405824,2,1,0,-1,19,4,8,-1,0,0,0,0,0,0,1,1,-1,9,1,56,9,-1,-1,-1,-1,3,E01012155,0,1
2024010494589,2024,010494589,2,4,0,-1,-1,3,7,0,0,1,0,0,0,0,2,1,1,1,1,28,6,-1,-1,-1,-1,3,E01034395,0,1
2024201430960,2024,201430960,1,9,0,-1,5,4,6,-1,0,6,0,0,0,0,1,1,-1,6,3,-1,-1,-1,-1,-1,-1,-1,-1,0,-1
2024031526876,2024,031526876,1,9,0,-1,19,2,6,-1,0,0,0,0,0,0,2,1,-1,6,2,32,6,-1,-1,-1,-1,-1,-1,0,-1
2024010492777,2024,010492777,2,9,0,99,99,9,9,99,99,9,9,99,9,99,1,9,6,6,3,-1,-1,-1,-1,-1,-1,-1,-1,0,-1
2024010516487,2024,010516487,1,1,9,99,99,9,9,99,99,0,9,8,9,99,9,1,1,1,2,38,7,-1,-1,-1,-1,9,E01003812,0,2
2024440380980,2024,440380980,1,3,0,4,4,4,8,0,0,1,0,0,0,0,0,1,6,6,1,33,6,-1,-1,-1,-1,5,E01017015,0,3
2024340NN9052,2024,340NN9052,3,9,0,-1,19,1,5,-1,0,0,0,0,0,0,3,1,-1,1,2,34,6,-1,-1,-1,-1,10,E01035407,0,1
2024010489911,2024,010489911,1,9,0,4,4,3,7,0,0,1,0,0,0,0,2,1,6,6,2,62,9,-1,-1,-1,-1,-1,-1,0,-1
2024041447892,2024,041447892,2,98,0,-1,19,3,7,-1,0,1,0,0,0,0,1,1,-1,2,1,61,9,-1,-1,-1,-1,6,E01025176,0,1
2024010538229,2024,010538229,1,90,0,99,99,9,9,99,99,9,9,99,9,99,9,9,6,6,3,-1,-1,-1,-1,-1,-1,-1,-1,0,-1
2024451525681,2024,451525681,1,9,0,-1,19,7,3,-1,0,0,0,0,0,0,4,1,-1,6,1,55,8,-1,-1,-1,-1,-1,-1,0,-1
2024010527601,2024,010527601,2,1,0,18,19,1,5,0,0,6,0,0,0,0,2,1,6,6,1,45,7,-1,-1,-1,-1,2,E01003912,0,1
2024010537093,2024,010537093,1,1,0,18,19,7,3,4,4,8,1,0,0,0,1,1,2,2,1,30,6,-1,-1,-1,-1,6,E01001641,0,1
2024411476363,2024,411476363,1,21,1,-1,12,5,1,-1,0,0,0,0,0,0,3,2,-1,1,1,66,10,-1,-1,-1,-1,-1,-1,0,-1
2024411498280,2024,411498280,1,9,0,-1,7,6,1,-1,0,2,0,0,0,0,4,1,-1,9,1,52,8,-1,-1,-1,-1,7,E01017427,0,4
2024440437725,2024,440437725,2,-1,0,18,19,5,1,0,0,8,0,0,0,0,3,1,6,6,1,20,4,-1,-1,-1,-1,5,E01022488,1,4
2024201407472,2024,201407472,1,9,0,-1,19,5,5,-1,0,1,0,0,0,0,3,1,-1,9,1,44,7,-1,-1,-1,-1,6,E01009975,0,1
2024311439743,2024,311439743,2,1,0,-1,19,8,4,-1,0,0,0,0,0,0,4,1,-1,6,1,45,7,-1,-1,-1,-1,-1,-1,0,-1
2024010489215,2024,010489215,2,9,0,99,99,9,9,99,99,9,9,99,9,99,1,9,6,6,3,-1,-1,-1,-1,-1,-1,-1,-1,0,-1
2024131444117,2024,131444117,2,1,0,-1,19,7,3,-1,0,8,5,0,1,0,3,1,-1,9,1,31,6,-1,-1,-1,-1,4,E01011335,0,1
2024122400210,2024,122400210,3,9,0,18,19,2,6,0,0,0,0,0,0,0,1,1,6,6,1,64,9,-1,-1,-1,-1,6,E01027557,0,2
2024430344078,2024,430344078,1,9,0,9,9,8,5,0,0,8,0,0,0,0,0,1,6,6,3,-1,-1,-1,-1,-1,-1,-1,-1,0,-1
2024430088099,2024,430088099,2,1,0,18,19,1,5,0,0,0,0,0,4,0,2,1,6,6,1,54,8,-1,-1,-1,-1,9,E01028495,0,1
2024361477660,2024,361477660,2,1,0,-1,19,5,8,-1,0,2,2,0,0,0,0,1,-1,6,1,77,11,-1,-1,-1,-1,10,E01035142,0,1
2024041479324,2024,041479324,1,1,0,-1,14,1,5,-1,0,0,0,0,0,0,1,1,-1,6,2,32,6,-1,-1,-1,-1,4,E01025543,0,1
2024010504134,2024,010504134,3,9,0,18,19,5,1,0,0,0,0,0,0,0,1,1,6,6,3,-1,-1,-1,-1,-1,-1,-1,-1,0,-1
2024302500015,2024,302500015,1,11,0,-1,19,8,4,-1,0,0,0,0,0,0,3,1,-1,1,1,65,9,-1,-1,-1,-1,3,E01019536,0,4
2024010532250,2024,010532250,1,1,0,5,5,3,7,0,0,1,0,0,0,0,0,1,6,6,1,44,7,-1,-1,-1,-1,7,E01003752,0,1
2024311431453,2024,311431453,2,17,0,-1,19,1,5,-1,0,0,0,0,0,0,3,1,-1,1,3,-1,-1,-1,-1,-1,-1,-1,-1,0,-1
2024141491477,2024,141491477,2,9,0,-1,19,3,6,-1,0,1,0,0,0,0,0,9,-1,6,-1,-1,-1,-1,-1,-1,-1,-1,-1,0,-1
2024010494415,2024,010494415,1,11,0,18,19,1,5,0,0,1,0,0,0,0,1,1,6,6,1,-1,-1,-1,-1,-1,-1,-1,-1,0,-1
2024430057927,2024,430057927,3,19,0,3,3,5,1,0,0,0,0,0,0,0,2,1,2,2,1,42,7,-1,-1,-1,-1,7,E01016213,0,4
2024211439192,2024,211439192,2,9,0,-1,9,5,3,-1,0,0,0,0,0,0,3,1,-1,6,2,39,7,-1,-1,-1,-1,8,E01029612,0,2
2024501534941,2024,501534941,1,9,0,-1,1,7,1,-1,0,8,0,0,0,0,2,1,-1,6,3,-1,-1,-1,-1,-1,-1,-1,-1,0,-1
2024061448511,2024,061448511,2,1,0,-1,19,3,7,-1,0,8,0,0,0,0,1,1,-1,6,1,10,2,-1,-1,-1,-1,-1,-1,0,-1
2024440249010,2024,440249010,2,9,0,18,19,5,1,0,0,1,0,0,0,0,1,1,6,6,1,75,10,-1,-1,-1,-1,6,E01022961,0,1
2024201466111,2024,201466111,2,9,0,-1,19,4,7,-1,0,0,0,0,0,0,2,9,-1,6,2,44,7,-1,-1,-1,-1,6,E01010114,0,1
2024461503573,2024,461503573,1,9,0,-1,19,7,3,-1,0,0,1,0,2,7,1,1,-1,6,-1,-1,-1,-1,-1,-1,-1,-1,-1,0,-1
2024501493263,2024,501493263,1,9,0,-1,1,3,7,-1,9,0,0,0,7,0,3,1,-1,6,1,-1,-1,-1,-1,-1,-1,-1,-1,0,-1
2024430043156,2024,430043156,1,9,0,13,13,1,5,0,0,0,0,0,0,0,4,1,6,6,1,42,7,-1,-1,-1,-1,9,E01035727,0,1
2024010488655,2024,010488655,2,9,0,99,99,9,9,99,99,9,9,99,9,99,1,9,6,6,3,-1,-1,-1,-1,-1,-1,3,E01001143,0,1
2024520401082,2024,520401082,2,19,0,16,19,2,6,0,0,0,1,0,7,4,3,1,6,6,1,32,6,-1,-1,-1,-1,1,E01013484,0,5
2024520002237,2024,520002237,1,1,0,18,19,3,7,9,9,8,0,0,0,0,9,1,6,6,1,43,7,-1,-1,-1,-1,10,E01014477,0,1
2024010515696,2024,010515696,2,1,0,18,19,1,5,0,0,1,0,0,0,0,2,1,2,2,1,55,8,-1,-1,-1,-1,5,E01002118,0,1
2024010505367,2024,010505367,1,1,9,18,19,9,9,99,99,9,9,8,9,99,9,1,6,6,3,58,9,-1,-1,-1,-1,4,E01003999,0,2
2024221495084,2024,221495084,1,9,0,-1,19,4,8,-1,0,0,0,0,0,0,4,9,-1,6,3,25,5,-1,-1,-1,-1,-1,-1,0,-1
2024010491594,2024,010491594,1,1,9,99,99,9,9,99,99,9,9,99,9,99,9,1,2,2,1,36,7,-1,-1,-1,-1,3,E01035695,0,1
2024010488162,2024,010488162,2,1,0,4,4,1,5,0,0,1,0,0,0,0,1,1,6,6,1,58,9,-1,-1,-1,-1,5,E01004494,0,1
2024010489380,2024,010489380,2,9,0,99,99,9,9,99,99,9,9,99,9,99,9,9,6,6,1,35,6,-1,-1,-1,-1,9,E01006393,0,5
2024451470532,2024,451470532,2,9,9,-1,99,5,1,-1,0,8,0,0,0,0,4,1,-1,6,3,41,7,-1,-1,-1,-1,-1,-1,0,-1
2024610018624,2024,610018624,1,9,0,10,10,4,8,0,0,1,0,0,0,0,1,1,6,6,2,54,8,-1,-1,-1,-1,10,W01001552,0,1
2024101444349,2024,101444349,2,1,0,-1,19,5,1,-1,0,3,0,0,0,0,3,1,-1,2,2,37,7,-1,-1,-1,-1,1,E01008607,0,1
2024071047868,2024,071047868,1,1,0,-1,19,8,4,-1,0,8,0,0,0,0,1,1,-1,6,1,49,8,-1,-1,-1,-1,10,E01018675,0,1
2024010518459,2024,010518459,1,1,9,99,99,9,9,99,99,9,9,99,9,99,1,1,6,6,1,30,6,-1,-1,-1,-1,6,E01004488,0,3
2024430546409,2024,430546409,2,9,0,7,7,5,8,0,0,6,0,0,0,0,1,1,2,2,2,31,6,-1,-1,-1,-1,9,E01035750,0,4
202454D594524,2024,54D594524,1,9,0,9,9,6,2,0,0,1,0,0,0,0,1,1,6,6,2,20,4,-1,-1,-1,-1,7,E01034521,0,1
2024010538526,2024,010538526,1,9,0,17,19,3,2,0,0,7,0,0,0,0,1,1,2,2,1,27,6,-1,-1,-1,-1,7,E01002385,0,1
2024010496507,2024,010496507,1,9,0,16,19,7,3,0,0,8,0,7,8,11,1,1,6,6,1,33,6,-1,-1,-1,-1,6,E01033582,0,3
2024501521323,2024,501521323,2,9,0,-1,19,6,2,-1,0,0,0,0,0,0,1,1,-1,9,1,63,9,-1,-1,-1,-1,4,E01015077,0,4
2024010537460,2024,010537460,2,-1,0,5,5,7,3,0,0,6,0,0,0,0,3,1,6,6,1,15,3,-1,-1,-1,-1,3,E01001650,1,1
2024440515645,2024,440515645,1,9,0,18,19,6,1,0,0,0,0,0,0,0,1,1,6,6,1,25,5,-1,-1,-1,-1,10,E01022749,0,1
2024061487802,2024,061487802,1,9,0,-1,5,8,7,-1,0,5,1,0,0,0,2,1,-1,6,3,-1,-1,-1,-1,-1,-1,-1,-1,0,-1
2024010539420,2024,010539420,1,9,9,99,99,9,9,99,99,9,9,99,9,99,9,1,6,6,3,-1,-1,-1,-1,-1,-1,-1,-1,0,-1
2024131530458,2024,131530458,1,9,0,-1,9,5,7,-1,0,2,0,0,0,0,1,1,-1,9,1,49,8,-1,-1,-1,-1,1,E01011318,0,1
2024430320177,2024,430320177,1,-1,0,18,19,1,5,0,0,8,0,0,0,0,4,1,6,6,2,25,5,-1,-1,-1,-1,-1,-1,1,-1
2024440197753,2024,440197753,2,1,0,18,19,5,1,0,0,1,0,0,0,0,1,1,2,2,1,28,6,-1,-1,-1,-1,2,E01034060,0,1
2024401484986,2024,401484986,2,9,0,-1,5,4,8,-1,0,0,0,0,0,0,1,1,-1,6,1,24,5,-1,-1,-1,-1,5,E01017586,0,1
2024430319850,2024,430319850,2,9,0,3,3,5,1,0,0,1,0,0,0,0,2,1,6,6,1,58,9,-1,-1,-1,-1,-1,-1,0,-1
2024041469044,2024,041469044,1,23,0,-1,19,3,7,-1,0,1,0,0,0,0,1,1,-1,9,1,27,6,-1,-1,-1,-1,7,E01025559,0,1
2024430391903,2024,430391903,5,9,0,18,19,5,1,0,0,0,0,0,0,0,1,1,6,6,1,35,6,-1,-1,-1,-1,-1,-1,0,-1
2024010541631,2024,010541631,2,-1,0,4,4,1,5,0,0,4,0,0,0,0,1,1,6,6,2,32,6,-1,-1,-1,-1,1,E01002673,1,1
2024010535618,2024,010535618,2,1,0,10,10,5,2,0,0,1,0,0,0,0,2,1,2,2,1,44,7,-1,-1,-1,-1,2,E01004247,0,1
2024101397835,2024,101397835,2,1,0,-1,19,5,1,-1,0,1,0,0,0,0,1,1,-1,2,1,56,9,-1,-1,-1,-1,6,E01008559,0,1
2024010500502,2024,010500502,1,4,0,18,19,1,5,2,2,0,0,0,0,0,1,1,6,6,1,24,5,-1,-1,-1,-1,-1,-1,0,-1
2024131469727,2024,131469727,1,9,0,-1,-1,-1,-1,-1,-1,0,-1,-1,-1,-1,-1,1,-1,6,3,-1,-1,-1,-1,-1,-1,-1,-1,0,-1
2024461509097,2024,461509097,2,9,0,-1,19,8,2,-1,0,1,0,0,0,0,1,1,-1,6,1,37,7,-1,-1,-1,-1,9,E01035290,0,1
2024010491250,2024,010491250,1,11,9,99,99,9,9,99,99,9,9,99,9,99,9,9,6,6,1,-1,-1,-1,-1,-1,-1,6,E01001163,0,1
2024010510235,2024,010510235,2,9,0,99,99,9,9,99,99,9,9,99,9,99,1,9,6,6,3,-1,-1,-1,-1,-1,-1,-1,-1,0,-1
2024451468665,2024,451468665,1,90,0,-1,19,1,5,-1,9,0,0,0,0,0,1,9,-1,7,1,11,3,-1,-1,-1,-1,-1,-1,0,-1
2024440331477,2024,440331477,1,9,0,18,19,4,8,0,0,1,0,0,0,0,1,1,6,6,1,30,6,-1,-1,-1,-1,9,E01022667,0,4
2024340WN2752,2024,340WN2752,2,1,0,-1,3,6,2,-1,0,2,0,0,0,0,2,1,-1,9,1,86,11,-1,-1,-1,-1,10,E01027265,0,1
2024131416155,2024,131416155,2,1,0,-1,19,1,1,-1,4,1,0,0,0,0,1,1,-1,6,2,30,6,-1,-1,-1,-1,1,E01011422,0,1
2024461483003,2024,461483003,2,9,0,-1,7,3,3,-1,0,3,0,0,0,0,4,1,-1,1,1,41,7,-1,-1,-1,-1,2,E01016064,0,3
2024430299342,2024,430299342,1,1,0,18,19,6,2,0,0,8,0,0,0,0,4,1,4,7,1,13,3,-1,-1,-1,-1,3,E01016445,0,1
2024010496462,2024,010496462,1,9,5,4,4,1,5,0,0,1,5,0,0,0,1,1,6,6,1,27,6,-1,-1,-1,-1,2,E01004309,0,1
2024461496182,2024,461496182,1,9,0,-1,6,1,5,-1,0,1,0,0,0,0,1,9,-1,6,3,-1,-1,-1,-1,-1,-1,-1,-1,0,-1
2024430101476,2024,430101476,3,19,0,18,19,8,4,0,0,0,0,0,0,0,4,1,1,1,1,67,10,-1,-1,-1,-1,10,E01033061,0,4
2024451528008,2024,451528008,1,1,0,-1,-1,-1,-1,-1,-1,0,-1,-1,-1,0,-1,1,-1,6,2,35,6,-1,-1,-1,-1,10,E01030495,0,1
2024311457857,2024,311457857,2,1,0,-1,19,5,1,-1,9,1,5,0,0,0,4,1,-1,1,1,21,5,-1,-1,-1,-1,-1,-1,0,-1
2024131531971,2024,131531971,2,9,0,-1,19,7,3,-1,0,1,0,0,0,0,1,1,-1,9,1,34,6,-1,-1,-1,-1,1,E01010832,0,2
2024131400796,2024,131400796,2,9,0,-1,19,3,4,-1,0,1,0,0,0,0,1,1,-1,9,2,68,10,-1,-1,-1,-1,9,E01011086,0,1
2024010491393,2024,010491393,1,1,9,99,99,9,9,99,99,9,9,99,9,99,9,1,2,2,1,19,4,-1,-1,-1,-1,5,E01000491,0,1
2024010491232,2024,010491232,2,3,0,18,19,3,7,0,0,8,0,0,0,0,3,1,1,1,1,31,6,-1,-1,-1,-1,4,E01000245,0,1
2024010551259,2024,010551259,1,1,9,99,99,9,9,99,99,0,9,99,9,99,1,1,6,6,1,-1,-1,-1,-1,-1,-1,-1,-1,0,-1
2024430244674,2024,430244674,1,9,0,7,7,3,5,0,0,1,0,0,0,0,4,1,1,1,1,43,7,-1,-1,-1,-1,10,E01028801,0,1
2024991420420,2024,991420420,2,1,0,-1,19,4,8,-1,0,8,0,0,0,0,1,1,-1,2,1,37,7,-1,-1,-1,-1,9,-1,0,1
2024101531528,2024,101531528,4,17,0,-1,19,1,5,-1,0,0,0,0,0,0,1,1,-1,1,1,58,9,-1,-1,-1,-1,4,E01027374,0,4
2024010526676,2024,010526676,2,1,0,18,19,4,8,0,0,1,0,0,0,0,1,1,6,6,1,78,11,-1,-1,-1,-1,6,E01001237,0,1
2024371460995,2024,371460995,2,9,0,-1,2,0,0,-1,0,1,0,0,0,0,1,2,-1,1,1,41,7,-1,-1,-1,-1,3,E01030115,0,1
2024201398824,2024,201398824,1,9,0,-1,19,2,6,-1,0,0,1,10,1,10,1,9,-1,6,1,18,4,-1,-1,-1,-1,9,E01009727,0,1
2024101427202,2024,101427202,1,1,0,-1,19,7,4,-1,9,1,0,0,0,0,1,1,-1,9,1,25,5,-1,-1,-1,-1,3,E01008396,0,1
2024041513276,2024,041513276,2,9,0,-1,19,1,5,-1,0,1,0,0,0,0,1,1,-1,9,1,34,6,-1,-1,-1,-1,1,E01025293,0,1
2024122401022,2024,122401022,1,1,0,18,19,1,5,0,0,0,0,0,0,0,1,1,6,6,1,81,11,-1,-1,-1,-1,9,E01013414,0,1
2024010490268,2024,010490268,2,9,0,99,99,9,9,99,99,9,9,99,9,99,9,9,6,6,3,-1,-1,-1,-1,-1,-1,-1,-1,0,-1
2024041494820,2024,041494820,2,9,0,-1,3,1,5,-1,0,0,0,0,0,0,1,1,-1,6,1,34,6,-1,-1,-1,-1,10,E01024968,0,1
2024010505694,2024,010505694,1,9,0,18,19,5,1,0,0,1,0,0,0,0,1,1,6,6,3,-1,-1,-1,-1,-1,-1,-1,-1,0,-1
2024440314027,2024,440314027,1,9,0,2,2,0,0,9,9,0,0,0,7,0,2,1,6,6,2,66,10,-1,-1,-1,-1,9,E01022564,0,1