collision_index,collision_year,collision_ref_no,vehicle_reference,vehicle_type,towing_and_articulation,vehicle_manoeuvre_historic,vehicle_manoeuvre,vehicle_direction_from,vehicle_direction_to,vehicle_location_restricted_lane_historic,vehicle_location_restricted_lane,junction_location,skidding_and_overturning,hit_object_in_carriageway,vehicle_leaving_carriageway,hit_object_off_carriageway,first_point_of_impact,vehicle_left_hand_drive,journey_purpose_of_driver_historic,journey_purpose_of_driver,sex_of_driver,age_of_driver,age_band_of_driver,engine_capacity_cc,propulsion_code,age_of_vehicle,generic_make_model,driver_imd_decile,lsoa_of_driver,escooter_flag,driver_distance_banding
2024010489668,2024,010489668,2,1,0,18,19,5,1,0,0,1,5,0,0,0,3,1,6,6,1,27,6,-1,-1,-1,-1,2,E01002100,0,1
2024471416598,2024,471416598,1,9,0,-1,19,7,3,-1,0,1,1,10,0,0,1,9,-1,6,3,-1,-1,-1,-1,-1,-1,-1,-1,0,-1
2024201445608,2024,201445608,1,9,0,-1,7,1,8,-1,0,3,0,0,0,0,3,1,-1,6,2,74,10,-1,-1,-1,-1,-1,-1,0,-1
2024501493938,2024,501493938,3,9,0,-1,3,3,7,-1,0,1,0,0,0,0,2,1,-1,6,3,-1,-1,-1,-1,-1,-1,-1,-1,0,-1
2024010506305,2024,010506305,2,1,0,18,19,3,7,0,0,1,0,0,0,0,1,1,2,2,1,23,5,-1,-1,-1,-1,8,E01002922,0,1
2024010523310,2024,010523310,1,1,9,99,99,9,9,99,99,9,9,99,9,99,1,1,6,6,1,23,5,-1,-1,-1,-1,2,E01004222,0,1
2024481564350,2024,481564350,2,1,0,-1,19,3,7,-1,0,0,0,0,0,0,1,1,-1,1,1,30,6,-1,-1,-1,-1,-1,-1,0,-1
2024531532965,2024,531532965,1,9,0,-1,19,3,7,-1,0,4,0,0,0,0,1,1,-1,6,2,-1,-1,-1,-1,-1,-1,-1,-1,0,-1
2024991447748,2024,991447748,1,1,0,-1,19,1,5,-1,0,0,0,0,0,0,1,1,-1,6,1,65,9,-1,-1,-1,-1,9,-1,0,1
2024010533131,2024,010533131,2,9,0,-1,-1,1,5,6,6,0,0,11,0,0,1,1,6,6,1,67,10,-1,-1,-1,-1,-1,-1,0,-1
2024010489746,2024,010489746,2,9,0,99,99,9,9,99,99,9,9,99,9,99,9,9,6,6,3,-1,-1,-1,-1,-1,-1,-1,-1,0,-1
2024201488703,2024,201488703,2,4,0,-1,19,3,7,-1,0,8,0,0,0,0,4,1,-1,6,1,28,6,-1,-1,-1,-1,1,E01010029,0,2
2024010528749,2024,010528749,1,1,0,18,19,1,5,0,0,0,0,8,0,0,1,1,6,6,1,57,9,-1,-1,-1,-1,1,E01002082,0,1
2024211476254,2024,211476254,1,9,0,-1,5,4,2,-1,0,1,0,12,0,0,1,1,-1,6,1,42,7,-1,-1,-1,-1,-1,-1,0,-1
2024061526505,2024,061526505,1,9,0,-1,19,1,5,-1,0,0,0,0,0,0,1,9,-1,6,1,-1,-1,-1,-1,-1,-1,-1,-1,0,-1
2024991448687,2024,991448687,1,9,0,-1,19,1,5,-1,0,0,0,0,0,0,1,2,-1,9,1,59,9,-1,-1,-1,-1,-1,-1,0,-1
2024421528197,2024,421528197,1,9,0,-1,9,-1,-1,-1,0,5,0,0,0,0,1,1,-1,6,3,-1,-1,-1,-1,-1,-1,-1,-1,0,-1
2024401471519,2024,401471519,1,4,0,-1,14,4,8,-1,0,1,0,0,0,0,4,1,-1,6,1,23,5,-1,-1,-1,-1,2,E01033807,0,1
2024010497220,2024,010497220,2,9,0,99,99,9,9,99,99,1,9,99,9,99,1,9,6,6,1,20,4,-1,-1,-1,-1,2,E01015729,0,4
2024052400563,2024,052400563,1,9,0,18,19,1,5,0,0,1,0,0,0,0,1,1,6,6,3,-1,-1,-1,-1,-1,-1,-1,-1,0,-1
2024522500066,2024,522500066,1,9,0,18,19,5,1,0,0,0,0,0,0,0,1,1,6,6,3,-1,-1,-1,-1,-1,-1,-1,-1,0,-1
2024421477875,2024,421477875,2,1,0,-1,19,1,5,-1,9,0,0,0,0,0,1,1,-1,6,1,25,5,-1,-1,-1,-1,7,E01015964,0,1
2024010521085,2024,010521085,1,9,0,99,99,9,9,99,99,9,9,99,9,99,1,9,6,6,3,-1,-1,-1,-1,-1,-1,-1,-1,0,-1
2024430351111,2024,430351111,1,9,0,9,9,8,6,0,0,5,0,0,0,0,1,1,6,6,1,61,9,-1,-1,-1,-1,3,E01017665,0,1
2024122400450,2024,122400450,2,1,0,18,19,5,2,0,0,1,0,0,0,0,1,1,6,6,1,20,4,-1,-1,-1,-1,6,E01013384,0,1
2024161508377,2024,161508377,1,1,0,-1,19,7,3,-1,0,0,0,0,0,0,4,1,-1,6,2,18,4,-1,-1,-1,-1,1,E01012857,0,1
2024991395547,2024,991395547,2,1,0,-1,19,5,1,-1,0,0,0,0,0,0,2,1,-1,2,1,22,5,-1,-1,-1,-1,5,-1,0,1
2024010535750,2024,010535750,1,1,9,99,99,9,9,99,99,9,9,99,9,99,9,1,2,2,3,51,8,-1,-1,-1,-1,10,E01000645,0,1
2024522500580,2024,522500580,1,9,0,16,19,2,5,0,0,0,0,0,0,0,4,1,6,6,3,-1,-1,-1,-1,-1,-1,-1,-1,0,-1
2024010503144,2024,010503144,1,1,9,99,99,9,9,99,99,0,9,99,9,99,1,1,2,2,1,31,6,-1,-1,-1,-1,2,E01001750,0,1
2024010524726,2024,010524726,1,1,9,99,99,9,9,99,99,9,9,99,9,99,0,1,6,6,1,32,6,-1,-1,-1,-1,4,E01003169,0,1
2024010548962,2024,010548962,1,19,0,99,99,9,9,99,99,9,9,99,9,99,9,9,6,6,3,-1,-1,-1,-1,-1,-1,-1,-1,0,-1
2024122401079,2024,122401079,1,9,0,4,4,5,1,0,0,1,0,0,0,0,2,1,6,6,1,71,10,-1,-1,-1,-1,6,E01008030,0,4
2024161475009,2024,161475009,2,9,0,-1,20,5,1,-1,0,0,0,0,0,0,3,9,-1,6,3,-1,-1,-1,-1,-1,-1,-1,-1,0,-1
2024461469177,2024,461469177,2,1,0,-1,19,3,7,-1,0,0,0,0,0,0,1,1,-1,6,1,11,3,-1,-1,-1,-1,-1,-1,0,-1
2024340NN2092,2024,340NN2092,2,9,0,-1,19,5,1,-1,0,1,0,0,0,0,3,1,-1,6,1,23,5,-1,-1,-1,-1,8,E01027040,0,1
2024430196913,2024,430196913,2,98,0,12,12,2,6,0,0,5,0,0,0,0,3,1,6,6,1,20,4,-1,-1,-1,-1,-1,-1,0,-1
2024010489139,2024,010489139,1,11,0,18,19,1,5,2,2,1,0,0,0,0,0,1,1,1,1,37,7,-1,-1,-1,-1,3,E01002445,0,4
2024122500211,2024,122500211,2,1,0,18,19,3,7,0,0,1,0,0,0,0,3,1,6,6,1,41,7,-1,-1,-1,-1,10,E01012339,0,3
2024430528620,2024,430528620,1,9,0,9,9,5,2,0,0,6,0,0,0,0,3,1,2,2,2,40,7,-1,-1,-1,-1,-1,-1,0,-1
2024031536034,2024,031536034,2,9,0,-1,-1,-1,-1,-1,-1,0,-1,-1,-1,0,4,9,-1,6,1,30,6,-1,-1,-1,-1,2,E01019285,0,1
2024522401389,2024,522401389,1,19,0,1,1,7,3,0,0,6,0,0,0,0,2,1,1,1,3,-1,-1,-1,-1,-1,-1,-1,-1,0,-1
2024041494404,2024,041494404,3,9,0,-1,19,-1,-1,-1,0,8,0,0,0,0,-1,9,-1,6,3,-1,-1,-1,-1,-1,-1,-1,-1,0,-1
2024131404457,2024,131404457,1,9,0,-1,-1,-1,-1,-1,-1,0,-1,-1,-1,-1,-1,1,-1,6,3,-1,-1,-1,-1,-1,-1,-1,-1,0,-1
2024010491222,2024,010491222,1,3,0,99,99,9,9,99,99,9,9,99,9,99,9,1,6,6,3,44,7,-1,-1,-1,-1,7,E01003139,0,1
2024311441561,2024,311441561,2,1,0,-1,19,3,7,-1,0,0,0,0,1,0,1,1,-1,9,1,22,5,-1,-1,-1,-1,2,E01013866,0,1
2024010495242,2024,010495242,2,3,0,18,19,7,3,0,0,1,0,0,0,0,1,1,6,6,1,24,5,-1,-1,-1,-1,6,E01002327,0,1
2024361399283,2024,361399283,1,9,0,-1,19,1,5,-1,0,1,1,0,0,0,4,1,-1,2,1,27,6,-1,-1,-1,-1,7,E01026436,0,3
2024311451754,2024,311451754,1,5,0,-1,19,2,7,-1,0,0,1,0,1,0,0,1,-1,9,1,54,8,-1,-1,-1,-1,9,E01028214,0,2
2024552401183,2024,552401183,2,1,0,18,19,6,2,4,4,8,0,0,0,0,4,1,6,6,1,21,5,-1,-1,-1,-1,2,E01015280,0,1
2024332400388,2024,332400388,3,19,0,-1,2,0,0,-1,0,0,0,0,1,0,1,1,-1,6,3,-1,-1,-1,-1,-1,-1,-1,-1,0,-1
2024061536838,2024,061536838,1,9,0,-1,19,-1,-1,-1,0,8,0,0,0,0,4,1,-1,6,2,55,8,-1,-1,-1,-1,1,E01004957,0,1
2024010537794,2024,010537794,2,1,0,7,7,4,6,0,0,1,0,0,0,0,2,1,6,6,1,15,3,-1,-1,-1,-1,3,E01034180,0,1
2024052400463,2024,052400463,2,1,0,18,19,5,1,0,0,1,0,0,0,0,1,1,2,2,1,38,7,-1,-1,-1,-1,5,E01006934,0,1
2024211438440,2024,211438440,1,9,0,-1,1,8,6,-1,0,0,0,0,0,0,2,1,-1,6,2,77,11,-1,-1,-1,-1,9,E01029705,0,1
2024010502164,2024,010502164,1,9,0,17,19,1,6,0,0,0,5,4,0,0,1,1,6,6,1,59,9,-1,-1,-1,-1,5,E01023542,0,3
2024010492410,2024,010492410,1,9,0,5,5,0,1,0,0,2,0,0,0,0,4,1,2,2,2,42,7,-1,-1,-1,-1,8,E01002465,0,2
2024461450403,2024,461450403,1,98,0,-1,19,5,1,-1,0,0,0,0,0,0,1,1,-1,6,3,-1,-1,-1,-1,-1,-1,2,E01024633,0,1
2024010491751,2024,010491751,1,9,0,17,19,5,1,0,0,0,1,0,0,0,1,1,6,6,1,19,4,-1,-1,-1,-1,6,E01024833,0,4
2024991463485,2024,991463485,2,9,0,-1,19,3,1,-1,0,0,0,0,0,0,3,1,-1,9,2,23,5,-1,-1,-1,-1,1,-1,0,2
2024501428790,2024,501428790,2,9,0,-1,19,8,7,-1,0,1,0,0,0,0,1,9,-1,6,1,33,6,-1,-1,-1,-1,4,E01020123,0,1
2024552400932,2024,552400932,1,1,0,18,19,8,4,0,0,8,0,0,0,0,1,1,6,6,1,75,10,-1,-1,-1,-1,4,E01020394,0,1
2024311424028,2024,311424028,1,18,0,-1,19,1,5,-1,1,1,0,0,0,0,1,1,-1,1,1,61,9,-1,-1,-1,-1,1,E01013833,0,1
2024010499146,2024,010499146,1,9,0,18,19,1,5,0,0,8,0,0,0,0,1,1,6,6,1,29,6,-1,-1,-1,-1,4,E01001167,0,2
2024052402819,2024,052402819,2,9,0,9,9,5,2,0,0,1,0,0,7,0,3,1,6,6,1,26,6,-1,-1,-1,-1,3,E01007174,0,1
2024010501006,2024,010501006,2,19,0,99,99,9,9,99,99,6,9,99,9,99,9,9,6,6,3,-1,-1,-1,-1,-1,-1,-1,-1,0,-1
2024522403406,2024,522403406,2,19,0,18,19,5,1,0,0,8,0,0,0,0,3,1,6,6,1,60,9,-1,-1,-1,-1,6,E01014986,0,4
2024010507642,2024,010507642,2,1,0,18,19,5,1,0,0,1,0,0,0,0,1,1,6,6,1,24,5,-1,-1,-1,-1,3,E01035643,0,1
2024522401658,2024,522401658,2,1,0,14,14,1,5,0,0,8,0,0,0,0,1,1,6,6,1,80,11,-1,-1,-1,-1,7,E01014648,0,1
2024010493017,2024,010493017,2,-1,9,99,99,9,9,99,99,9,9,99,9,99,9,1,6,6,2,-1,-1,-1,-1,-1,-1,-1,-1,1,-1
2024421508688,2024,421508688,1,9,0,-1,19,1,5,-1,0,8,0,0,0,0,4,1,-1,9,1,18,4,-1,-1,-1,-1,5,E01015835,0,1
2024010538416,2024,010538416,2,11,9,99,99,9,9,99,99,9,9,99,9,99,9,9,6,6,3,-1,-1,-1,-1,-1,-1,-1,-1,0,-1
2024041522973,2024,041522973,1,9,0,-1,19,2,4,-1,0,0,0,0,0,0,1,1,-1,6,1,47,8,-1,-1,-1,-1,8,E01025349,0,1
2024501478300,2024,501478300,3,9,0,-1,2,0,0,-1,0,0,0,4,0,0,1,1,-1,6,-1,-1,-1,-1,-1,-1,-1,-1,-1,0,-1
202460Q182289,2024,60Q182289,1,9,0,18,19,8,4,0,0,1,0,0,0,0,2,1,3,7,2,33,6,-1,-1,-1,-1,-1,-1,0,-1
2024101436303,2024,101436303,1,1,0,-1,19,2,5,-1,0,1,0,0,0,0,1,1,-1,7,1,11,3,-1,-1,-1,-1,4,E01008675,0,1
2024430098841,2024,430098841,1,9,0,11,11,7,3,0,0,0,0,0,0,0,4,1,6,6,2,30,6,-1,-1,-1,-1,-1,-1,0,-1
2024501454773,2024,501454773,1,9,0,-1,19,5,1,-1,0,0,0,0,0,0,4,9,-1,6,3,-1,-1,-1,-1,-1,-1,-1,-1,0,-1
2024401493087,2024,401493087,1,-1,0,-1,-1,-1,-1,-1,-1,-1,-1,-1,-1,0,1,1,-1,6,1,-1,-1,-1,-1,-1,-1,-1,-1,1,-1
2024545074724,2024,545074724,2,1,0,9,9,6,5,0,0,4,0,0,0,0,2,1,6,6,1,42,7,-1,-1,-1,-1,5,E01015532,0,1
2024531466682,2024,531466682,3,9,0,-1,4,6,2,-1,0,4,0,0,0,0,0,9,-1,6,3,-1,-1,-1,-1,-1,-1,-1,-1,0,-1
2024010487450,2024,010487450,2,9,0,99,99,9,9,99,99,9,9,99,9,99,1,9,6,6,3,-1,-1,-1,-1,-1,-1,-1,-1,0,-1
2024501505933,2024,501505933,2,9,0,-1,19,1,5,-1,0,0,1,99,0,0,1,1,-1,6,3,-1,-1,-1,-1,-1,-1,-1,-1,0,-1
2024010514418,2024,010514418,1,1,0,18,19,2,6,0,0,0,0,0,0,0,1,1,6,6,1,40,7,-1,-1,-1,-1,7,E01002204,0,1
2024552401227,2024,552401227,2,1,0,18,19,7,3,0,0,8,0,0,0,0,1,1,4,7,1,16,4,-1,-1,-1,-1,5,E01020353,0,1
2024501407506,2024,501407506,1,9,0,-1,13,3,7,-1,0,0,0,0,0,0,4,9,-1,6,3,-1,-1,-1,-1,-1,-1,-1,-1,0,-1
2024010516928,2024,010516928,2,1,9,99,99,9,9,99,99,0,9,99,9,99,9,1,2,2,2,25,5,-1,-1,-1,-1,2,E01003246,0,1
2024010495240,2024,010495240,1,3,0,99,99,9,9,99,99,9,9,99,9,99,1,1,1,1,1,27,6,-1,-1,-1,-1,5,E01001895,0,1
2024471396422,2024,471396422,1,9,0,-1,5,3,-1,-1,0,4,0,0,0,0,1,9,-1,6,3,-1,-1,-1,-1,-1,-1,-1,-1,0,-1
2024548466824,2024,548466824,2,9,0,18,19,5,1,0,0,1,0,0,0,0,1,1,6,6,1,34,6,-1,-1,-1,-1,5,E01031869,0,2
2024131504069,2024,131504069,1,9,0,-1,-1,-1,-1,-1,-1,8,-1,-1,-1,0,-1,1,-1,6,3,-1,-1,-1,-1,-1,-1,-1,-1,0,-1
2024041493392,2024,041493392,2,1,0,-1,19,2,6,-1,0,0,0,0,0,0,1,1,-1,7,1,16,4,-1,-1,-1,-1,3,E01025442,0,2
2024520403337,2024,520403337,2,9,0,99,99,9,9,0,0,8,0,0,0,0,9,1,6,6,1,29,6,-1,-1,-1,-1,4,E01029119,0,3
2024010509827,2024,010509827,2,9,0,99,99,9,9,99,99,9,9,99,9,99,9,9,6,6,3,22,5,-1,-1,-1,-1,4,E01001090,0,1
2024332400380,2024,332400380,1,1,0,-1,19,3,7,-1,0,0,0,0,0,0,2,1,-1,2,1,44,7,-1,-1,-1,-1,7,E01025702,0,1
2024010488240,2024,010488240,2,9,3,16,19,5,1,0,0,2,0,0,0,0,1,1,6,6,2,33,6,-1,-1,-1,-1,5,E01015953,0,3
2024201397671,2024,201397671,1,9,0,-1,19,5,1,-1,0,0,0,0,0,0,1,1,-1,6,3,-1,-1,-1,-1,-1,-1,-1,-1,0,-1
2024991488099,2024,991488099,2,1,0,-1,19,3,7,-1,0,0,0,0,0,0,1,1,-1,1,1,50,8,-1,-1,-1,-1,6,-1,0,3
2024440021698,2024,440021698,2,1,0,18,19,6,2,0,0,8,0,0,0,0,1,1,6,6,1,47,8,-1,-1,-1,-1,5,E01017030,0,1
2024451524034,2024,451524034,1,1,0,-1,-1,-1,-1,-1,-1,0,-1,-1,-1,0,-1,1,-1,9,1,10,2,-1,-1,-1,-1,8,E01030836,0,1
2024010494994,2024,010494994,2,9,0,99,99,9,9,99,99,9,9,99,9,99,9,9,6,6,3,-1,-1,-1,-1,-1,-1,-1,-1,0,-1
2024631488560,2024,631488560,2,1,0,-1,19,7,3,-1,0,1,0,0,0,0,1,1,-1,6,1,40,7,-1,-1,-1,-1,3,W01000711,0,1
2024010507534,2024,010507534,2,9,0,99,99,9,9,99,99,9,9,99,9,99,2,9,6,6,3,-1,-1,-1,-1,-1,-1,-1,-1,0,-1
2024010508380,2024,010508380,1,1,9,99,99,9,9,99,99,9,9,99,9,99,1,1,2,2,2,33,6,-1,-1,-1,-1,5,E01001542,0,1
2024010521832,2024,010521832,1,1,0,18,19,5,1,9,9,0,0,0,0,0,1,1,6,6,1,24,5,-1,-1,-1,-1,-1,-1,0,-1
2024010489227,2024,010489227,1,9,0,18,19,3,7,0,0,1,0,0,0,0,1,1,6,6,1,39,7,-1,-1,-1,-1,2,E01003111,0,2
2024010520477,2024,010520477,1,9,0,99,99,9,9,99,99,9,9,99,9,99,1,9,6,6,3,-1,-1,-1,-1,-1,-1,-1,-1,0,-1
2024010514827,2024,010514827,1,1,9,99,99,9,9,99,99,9,9,99,9,99,1,1,2,2,1,42,7,-1,-1,-1,-1,10,E01002938,0,2
2024351433127,2024,351433127,1,9,0,-1,-1,-1,-1,-1,-1,0,-1,-1,-1,0,-1,9,-1,6,2,-1,-1,-1,-1,-1,-1,-1,-1,0,-1
2024010529914,2024,010529914,2,1,0,18,19,5,1,0,0,8,0,0,0,0,3,1,6,6,2,67,10,-1,-1,-1,-1,7,E01001566,0,2
2024201439557,2024,201439557,1,9,0,-1,9,5,2,-1,0,6,0,10,1,0,0,1,-1,6,3,-1,-1,-1,-1,-1,-1,-1,-1,0,-1
2024010533782,2024,010533782,1,9,0,18,19,6,2,0,0,9,9,0,9,99,4,9,6,6,3,-1,-1,-1,-1,-1,-1,-1,-1,0,-1
2024052402724,2024,052402724,1,23,0,18,19,3,7,0,0,0,0,0,0,0,1,1,6,6,3,-1,-1,-1,-1,-1,-1,-1,-1,0,-1
2024461457760,2024,461457760,1,9,0,-1,19,5,1,-1,0,2,0,0,0,0,0,9,-1,6,3,-1,-1,-1,-1,-1,-1,-1,-1,0,-1
2024471420479,2024,471420479,2,1,0,-1,4,1,4,-1,0,1,0,0,0,0,3,1,-1,2,1,32,6,-1,-1,-1,-1,5,E01031529,0,1
2024531513149,2024,531513149,1,9,0,-1,5,3,7,-1,0,0,0,0,0,0,1,1,-1,6,1,55,8,-1,-1,-1,-1,-1,-1,0,-1
2024201410715,2024,201410715,2,1,0,-1,19,6,2,-1,0,8,0,0,0,0,2,1,-1,6,1,25,5,-1,-1,-1,-1,1,E01009257,0,1
2024430477604,2024,430477604,2,9,0,18,19,-1,-1,0,0,0,0,0,0,0,3,1,6,6,1,-1,-1,-1,-1,-1,-1,-1,-1,0,-1
2024131444899,2024,131444899,1,90,0,-1,-1,-1,-1,-1,-1,0,-1,-1,-1,-1,-1,1,-1,6,3,30,6,-1,-1,-1,-1,-1,-1,0,-1
2024201443373,2024,201443373,1,9,0,-1,19,5,1,-1,0,0,0,0,0,0,4,1,-1,6,3,-1,-1,-1,-1,-1,-1,-1,-1,0,-1
2024010540890,2024,010540890,2,3,0,18,19,8,4,0,0,1,0,0,1,0,4,1,1,1,1,45,7,-1,-1,-1,-1,6,E01000142,0,1
2024201436605,2024,201436605,1,9,0,-1,19,6,2,-1,0,3,0,0,0,0,1,1,-1,6,2,-1,-1,-1,-1,-1,-1,6,E01032436,0,3
2024111498050,2024,111498050,2,9,0,-1,7,8,2,-1,0,1,0,0,0,0,2,1,-1,9,2,57,9,-1,-1,-1,-1,7,E01012345,0,1
2024101461272,2024,101461272,2,90,0,-1,19,3,6,-1,0,6,0,0,0,0,1,1,-1,9,1,14,3,-1,-1,-1,-1,4,E01008514,0,1
2024371451836,2024,371451836,2,1,0,-1,19,-1,-1,-1,0,8,0,0,0,0,-1,1,-1,6,2,56,9,-1,-1,-1,-1,9,E01030127,0,1
2024010530133,2024,010530133,1,3,0,99,99,9,9,99,99,9,9,99,9,99,1,1,1,1,3,47,8,-1,-1,-1,-1,2,E01000508,0,3
2024520000218,2024,520000218,2,9,0,18,19,2,5,0,0,1,0,0,0,0,1,9,6,6,3,-1,-1,-1,-1,-1,-1,-1,-1,0,-1
2024061511534,2024,061511534,1,9,0,-1,15,6,2,-1,0,0,0,0,0,0,1,1,-1,9,1,29,6,-1,-1,-1,-1,1,E01005578,0,1
2024351539381,2024,351539381,1,9,0,-1,1,7,3,-1,0,0,0,0,0,0,2,1,-1,6,1,66,10,-1,-1,-1,-1,7,E01035526,0,1
2024371474042,2024,371474042,1,9,0,-1,9,4,8,-1,0,1,0,0,0,0,3,1,-1,6,2,18,4,-1,-1,-1,-1,7,E01018023,0,4
2024461464375,2024,461464375,3,9,0,-1,3,3,7,-1,0,0,0,0,0,0,2,2,-1,6,2,41,7,-1,-1,-1,-1,-1,-1,0,-1
2024010491837,2024,010491837,1,3,0,18,19,4,8,0,0,1,1,0,0,0,1,1,2,2,1,40,7,-1,-1,-1,-1,9,E01000349,0,1
2024421400992,2024,421400992,4,9,0,-1,19,1,5,-1,0,0,0,0,0,0,2,1,-1,6,1,34,6,-1,-1,-1,-1,7,E01026532,0,5
2024010519462,2024,010519462,1,1,9,99,99,9,9,99,99,9,9,99,9,99,1,1,1,1,1,46,8,-1,-1,-1,-1,3,E01002550,0,3
2024522401848,2024,522401848,1,1,0,10,10,4,2,0,0,5,0,0,0,0,2,1,6,6,2,64,9,-1,-1,-1,-1,6,E01014591,0,1
2024010543032,2024,010543032,2,9,0,99,99,9,9,99,99,9,9,99,9,99,2,9,6,6,3,-1,-1,-1,-1,-1,-1,-1,-1,0,-1
2024010535006,2024,010535006,1,1,9,99,99,9,9,4,4,1,9,99,9,99,1,1,6,6,1,51,8,-1,-1,-1,-1,5,E01002667,0,2
2024340WN4232,2024,340WN4232,1,1,0,-1,19,5,1,-1,0,0,0,11,0,0,1,1,-1,9,1,51,8,-1,-1,-1,-1,5,E01035424,0,3
2024552401142,2024,552401142,2,1,0,18,19,7,3,0,0,8,0,0,0,0,2,1,6,6,1,74,10,-1,-1,-1,-1,10,E01020370,0,1
2024010530721,2024,010530721,2,1,9,99,99,9,9,99,99,9,9,99,9,99,9,1,6,6,1,32,6,-1,-1,-1,-1,5,E01001863,0,1
2024201475701,2024,201475701,1,99,0,-1,19,8,4,-1,0,0,0,0,0,0,1,9,-1,1,1,20,4,-1,-1,-1,-1,-1,-1,0,-1
2024231490031,2024,231490031,1,9,0,-1,7,4,3,-1,0,6,0,0,0,0,1,9,-1,6,1,80,11,-1,-1,-1,-1,8,E01025881,0,1
2024471431848,2024,471431848,2,1,0,-1,19,8,5,-1,0,1,0,0,0,0,1,1,-1,6,1,55,8,-1,-1,-1,-1,4,E01020976,0,3
2024302401510,2024,302401510,1,9,0,18,19,5,1,0,0,8,0,0,0,0,3,1,6,6,1,50,8,-1,-1,-1,-1,3,E01009220,0,4
2024211412153,2024,211412153,2,1,-1,-1,-1,-1,-1,-1,-1,-1,-1,-1,-1,0,-1,1,-1,2,1,56,9,-1,-1,-1,-1,6,E01029428,0,1
2024010503242,2024,010503242,1,1,0,99,99,9,9,0,0,1,0,0,0,0,1,1,6,6,3,33,6,-1,-1,-1,-1,4,E01003278,0,1
2024010527323,2024,010527323,1,9,9,99,99,9,9,99,99,9,9,99,9,99,9,1,6,6,3,-1,-1,-1,-1,-1,-1,-1,-1,0,-1
2024552401124,2024,552401124,1,1,0,18,19,7,3,0,0,8,0,0,0,0,1,1,4,7,1,13,3,-1,-1,-1,-1,4,E01020571,0,1
2024010550746,2024,010550746,2,23,0,18,19,3,7,0,0,8,5,0,0,0,1,1,1,1,1,23,5,-1,-1,-1,-1,3,E01001733,0,1
2024201554562,2024,201554562,2,9,0,-1,5,3,7,-1,0,1,0,0,0,0,4,9,-1,6,1,26,6,-1,-1,-1,-1,4,E01009320,0,2
2024010494089,2024,010494089,2,9,0,18,19,7,3,0,0,1,0,0,0,0,1,1,6,6,1,45,7,-1,-1,-1,-1,7,E01032771,0,1
2024161418886,2024,161418886,1,-1,0,-1,19,5,1,-1,0,1,0,0,0,0,1,1,-1,6,1,40,7,-1,-1,-1,-1,1,E01012761,1,1
2024010498608,2024,010498608,1,9,9,99,99,9,9,99,99,9,9,99,9,99,9,9,6,6,3,-1,-1,-1,-1,-1,-1,-1,-1,0,-1
2024991509803,2024,991509803,2,9,0,-1,3,2,6,-1,0,1,0,0,0,0,2,1,-1,2,2,35,6,-1,-1,-1,-1,8,-1,0,2
2024430227772,2024,430227772,1,1,0,18,19,2,6,0,0,0,0,0,0,0,3,1,2,2,1,58,9,-1,-1,-1,-1,2,E01016396,0,1
2024010532637,2024,010532637,1,9,0,99,99,9,9,99,99,9,9,99,9,99,0,9,6,6,3,-1,-1,-1,-1,-1,-1,-1,-1,0,-1
2024430255709,2024,430255709,1,1,0,12,12,8,4,0,0,8,5,0,0,0,1,1,6,6,1,62,9,-1,-1,-1,-1,9,E01028492,0,1
2024531533172,2024,531533172,1,99,0,-1,19,-1,-1,-1,-1,1,-1,-1,-1,0,-1,9,-1,6,3,-1,-1,-1,-1,-1,-1,-1,-1,0,-1
2024501535371,2024,501535371,2,4,-1,-1,19,2,6,-1,0,1,0,0,0,0,-1,1,-1,6,1,21,5,-1,-1,-1,-1,2,E01015259,0,1
2024010547081,2024,010547081,1,1,0,10,10,3,8,0,0,5,5,0,0,0,4,1,6,6,2,50,8,-1,-1,-1,-1,8,E01003428,0,1
2024461531844,2024,461531844,1,9,0,-1,19,3,7,-1,0,0,0,0,0,0,1,9,-1,6,1,-1,-1,-1,-1,-1,-1,-1,-1,0,-1
2024052400062,2024,052400062,2,1,0,18,19,7,3,0,0,1,0,0,0,0,2,1,6,6,2,56,9,-1,-1,-1,-1,1,E01034397,0,1
2024201488338,2024,201488338,2,1,0,-1,19,3,7,-1,9,0,0,0,0,0,1,1,-1,1,2,36,7,-1,-1,-1,-1,1,E01009540,0,1
2024332400499,2024,332400499,1,1,0,-1,19,1,3,-1,0,0,0,0,0,0,1,1,-1,9,1,29,6,-1,-1,-1,-1,5,E01013756,0,1
2024010533231,2024,010533231,1,1,0,18,19,7,3,4,4,1,0,0,0,0,1,1,6,6,1,18,4,-1,-1,-1,-1,2,E01004204,0,1
2024070771784,2024,070771784,1,9,0,-1,19,1,1,-1,0,0,0,0,0,0,1,1,-1,6,2,59,9,-1,-1,-1,-1,7,E01012527,0,1
2024122401222,2024,122401222,2,1,0,18,19,2,6,0,0,0,0,0,0,0,0,1,6,6,1,15,3,-1,-1,-1,-1,9,E01013362,0,1
2024201460433,2024,201460433,1,9,0,-1,1,1,5,-1,0,0,0,0,0,0,2,9,-1,6,3,-1,-1,-1,-1,-1,-1,-1,-1,0,-1
2024010501952,2024,010501952,1,1,9,99,99,9,9,99,99,9,9,99,9,99,9,1,2,2,2,27,6,-1,-1,-1,-1,8,E01000970,0,1
2024471453929,2024,471453929,2,9,0,-1,19,1,5,-1,0,8,0,0,0,0,1,2,-1,6,3,-1,-1,-1,-1,-1,-1,-1,-1,0,-1
2024231440808,2024,231440808,3,1,0,-1,19,8,2,-1,0,0,0,0,0,0,3,1,-1,6,1,61,9,-1,-1,-1,-1,9,E01031138,0,1
2024471404338,2024,471404338,2,1,0,-1,14,3,7,-1,0,2,0,0,0,0,3,1,-1,6,1,28,6,-1,-1,-1,-1,6,E01016850,0,1
2024010551507,2024,010551507,1,9,0,16,19,5,1,0,0,0,0,4,0,0,1,1,6,6,1,17,4,-1,-1,-1,-1,3,E01001983,0,1
2024430301532,2024,430301532,3,9,0,3,3,1,5,0,0,1,0,0,0,0,2,1,6,6,1,66,10,-1,-1,-1,-1,10,E01016199,0,1