collision_index,collision_year,collision_ref_no,vehicle_reference,vehicle_type,towing_and_articulation,vehicle_manoeuvre_historic,vehicle_manoeuvre,vehicle_direction_from,vehicle_direction_to,vehicle_location_restricted_lane_historic,vehicle_location_restricted_lane,junction_location,skidding_and_overturning,hit_object_in_carriageway,vehicle_leaving_carriageway,hit_object_off_carriageway,first_point_of_impact,vehicle_left_hand_drive,journey_purpose_of_driver_historic,journey_purpose_of_driver,sex_of_driver,age_of_driver,age_band_of_driver,engine_capacity_cc,propulsion_code,age_of_vehicle,generic_make_model,driver_imd_decile,lsoa_of_driver,escooter_flag,driver_distance_banding
2024161473237,2024,161473237,2,1,0,-1,19,4,8,-1,4,8,5,0,0,0,4,1,-1,2,1,37,7,-1,-1,-1,-1,8,E01012791,0,1
2024440246148,2024,440246148,2,1,0,18,19,6,2,0,0,1,0,0,0,0,1,1,2,2,1,37,7,-1,-1,-1,-1,4,E01017128,0,1
2024010543640,2024,010543640,1,9,9,99,99,9,9,99,99,9,9,99,9,99,9,9,6,6,3,-1,-1,-1,-1,-1,-1,-1,-1,0,-1
2024161481713,2024,161481713,2,1,0,-1,19,7,3,-1,0,1,0,0,0,0,1,1,-1,6,1,51,8,-1,-1,-1,-1,5,E01013244,0,2
2024401515193,2024,401515193,2,-1,-1,-1,-1,-1,-1,-1,-1,0,-1,-1,-1,0,-1,9,-1,9,2,48,8,-1,-1,-1,-1,2,E01017523,1,1
2024010493408,2024,010493408,1,19,0,99,99,9,9,99,99,9,9,99,9,99,2,9,1,1,1,32,6,-1,-1,-1,-1,5,E01033918,0,1
2024010526735,2024,010526735,2,1,0,18,19,5,1,4,4,1,0,0,0,0,1,1,6,6,1,-1,-1,-1,-1,-1,-1,-1,-1,0,-1
2024430355457,2024,430355457,1,9,0,18,19,2,6,0,0,1,0,0,0,0,1,1,6,6,1,31,6,-1,-1,-1,-1,10,E01017765,0,1
2024451510362,2024,451510362,1,9,0,-1,19,1,5,-1,0,2,0,0,1,0,3,1,-1,2,1,33,6,-1,-1,-1,-1,6,E01002921,0,3
2024991471196,2024,991471196,1,9,0,-1,19,2,6,-1,0,1,0,0,0,0,1,1,-1,9,2,82,11,-1,-1,-1,-1,4,-1,0,2
2024010491767,2024,010491767,1,9,0,18,19,3,7,0,0,1,0,0,0,0,1,1,6,6,1,70,10,-1,-1,-1,-1,4,E01000402,0,1
2024010490920,2024,010490920,2,9,0,18,19,3,7,0,0,2,0,0,0,0,3,1,3,7,1,49,8,-1,-1,-1,-1,4,E01000402,0,1
2024201518346,2024,201518346,2,3,0,-1,19,2,2,-1,0,8,0,0,0,0,0,1,-1,1,-1,-1,-1,-1,-1,-1,-1,-1,-1,0,-1
2024311410028,2024,311410028,2,9,0,-1,19,8,4,-1,0,1,0,0,0,0,4,1,-1,6,2,32,6,-1,-1,-1,-1,8,E01028262,0,4
2024161475496,2024,161475496,2,19,0,-1,2,0,0,-1,9,2,0,0,0,0,1,1,-1,6,-1,-1,-1,-1,-1,-1,-1,-1,-1,0,-1
2024010522029,2024,010522029,1,1,9,99,99,9,9,99,99,9,9,99,9,99,1,1,2,2,2,28,6,-1,-1,-1,-1,4,E01002808,0,1
2024520401546,2024,520401546,2,9,0,18,19,2,7,0,0,8,0,0,0,0,1,1,6,6,3,-1,-1,-1,-1,-1,-1,-1,-1,0,-1
2024131490771,2024,131490771,2,1,0,-1,19,3,7,-1,9,0,0,0,0,0,0,1,-1,9,1,10,2,-1,-1,-1,-1,2,E01011018,0,1
2024522500025,2024,522500025,1,1,0,18,19,8,4,0,0,1,0,0,0,0,1,1,1,1,1,25,5,-1,-1,-1,-1,10,E01014714,0,1
2024522403223,2024,522403223,1,1,0,16,19,4,7,0,0,8,0,0,0,0,4,1,6,6,2,45,7,-1,-1,-1,-1,1,E01014663,0,1
2024131419011,2024,131419011,1,9,0,-1,-1,-1,-1,-1,-1,-1,-1,-1,-1,-1,-1,1,-1,6,3,-1,-1,-1,-1,-1,-1,-1,-1,0,-1
2024411423094,2024,411423094,2,1,0,-1,19,6,3,-1,0,3,0,0,0,0,3,1,-1,6,2,38,7,-1,-1,-1,-1,7,E01023594,0,1
2024010491897,2024,010491897,2,19,0,18,19,3,7,0,0,0,0,0,0,0,2,1,6,6,1,47,8,-1,-1,-1,-1,10,E01022516,0,4
2024010490115,2024,010490115,2,9,0,99,99,9,9,99,99,9,9,99,9,99,9,9,6,6,3,-1,-1,-1,-1,-1,-1,6,E01000145,0,1
2024131396918,2024,131396918,1,9,0,-1,-1,-1,-1,-1,-1,-1,-1,-1,-1,0,-1,1,-1,6,3,-1,-1,-1,-1,-1,-1,-1,-1,0,-1
2024141452843,2024,141452843,1,9,0,-1,19,3,7,-1,0,0,0,0,0,0,4,1,-1,9,2,18,4,-1,-1,-1,-1,7,E01034251,0,1
2024440364723,2024,440364723,3,9,0,13,13,2,6,0,0,0,0,0,0,0,0,1,6,6,1,-1,-1,-1,-1,-1,-1,-1,-1,0,-1
2024010486993,2024,010486993,2,9,9,99,99,9,9,99,99,9,9,99,9,99,9,1,6,6,3,-1,-1,-1,-1,-1,-1,-1,-1,0,-1
2024061399000,2024,061399000,1,9,0,-1,5,1,3,-1,0,0,0,0,0,0,1,9,-1,6,3,30,6,-1,-1,-1,-1,-1,-1,0,-1
2024221506858,2024,221506858,2,1,0,-1,19,2,6,-1,0,0,0,10,1,0,3,1,-1,2,1,50,8,-1,-1,-1,-1,5,E01028886,0,1
2024122400996,2024,122400996,1,9,0,13,13,8,4,0,0,0,0,0,0,0,0,1,6,6,2,34,6,-1,-1,-1,-1,8,E01027702,0,2
2024351434621,2024,351434621,2,1,0,-1,19,7,7,-1,9,0,5,0,0,0,1,1,-1,6,1,80,11,-1,-1,-1,-1,2,E01015641,0,1
2024430498509,2024,430498509,2,9,0,2,2,0,0,0,0,2,0,0,0,0,2,1,6,6,3,-1,-1,-1,-1,-1,-1,-1,-1,0,-1
202417S122224,2024,17S122224,1,9,0,-1,19,2,6,-1,0,0,0,0,0,0,1,1,-1,9,1,50,8,-1,-1,-1,-1,-1,-1,0,-1
2024531470543,2024,531470543,1,-1,0,-1,19,1,5,-1,0,1,0,0,0,0,1,1,-1,9,1,11,3,-1,-1,-1,-1,4,E01022251,1,1
2024010493617,2024,010493617,1,8,0,99,99,9,9,99,99,9,9,99,9,99,9,9,1,1,2,48,8,-1,-1,-1,-1,4,E01001329,0,2
2024010488896,2024,010488896,4,9,0,2,2,0,0,0,0,1,0,0,0,0,4,1,6,6,3,-1,-1,-1,-1,-1,-1,-1,-1,0,-1
2024221466790,2024,221466790,1,9,0,-1,19,1,4,-1,0,0,0,0,0,0,3,9,-1,6,3,67,10,-1,-1,-1,-1,-1,-1,0,-1
2024411427949,2024,411427949,2,9,0,-1,-1,-1,-1,-1,-1,0,-1,-1,-1,0,-1,1,-1,6,3,-1,-1,-1,-1,-1,-1,-1,-1,0,-1
2024340NN1622,2024,340NN1622,2,-1,0,-1,19,6,2,-1,0,8,0,0,0,0,1,1,-1,6,2,25,5,-1,-1,-1,-1,5,E01027316,1,1
2024010490018,2024,010490018,1,3,0,99,99,9,9,99,99,9,9,99,9,99,9,1,1,1,3,26,6,-1,-1,-1,-1,4,E01000997,0,1
2024052401252,2024,052401252,1,2,0,18,19,1,5,0,0,0,0,0,0,0,0,1,6,6,1,40,7,-1,-1,-1,-1,1,E01007005,0,1
2024440553624,2024,440553624,2,9,0,7,7,5,1,0,0,0,0,0,0,0,1,1,6,6,1,40,7,-1,-1,-1,-1,10,E01030925,0,3
2024061433527,2024,061433527,1,9,0,-1,-1,-1,-1,-1,-1,0,-1,-1,-1,0,-1,1,-1,6,2,-1,-1,-1,-1,-1,-1,-1,-1,0,-1
2024531403564,2024,531403564,2,1,0,-1,19,7,3,-1,5,0,0,0,0,0,3,1,-1,9,1,23,5,-1,-1,-1,-1,8,E01022298,0,1
2024131526940,2024,131526940,2,9,0,-1,19,3,7,-1,0,8,0,0,0,0,1,1,-1,9,1,26,6,-1,-1,-1,-1,3,E01011098,0,1
2024201422075,2024,201422075,1,9,0,-1,9,7,3,-1,0,0,0,0,0,0,1,9,-1,6,2,28,6,-1,-1,-1,-1,-1,-1,0,-1
2024131518951,2024,131518951,1,1,0,-1,19,5,1,-1,0,4,0,0,0,0,1,1,-1,6,1,40,7,-1,-1,-1,-1,1,E01011349,0,1
2024010499661,2024,010499661,2,1,0,18,19,3,7,0,0,1,0,0,0,0,4,1,4,7,1,16,4,-1,-1,-1,-1,4,E01003410,0,1
2024610013724,2024,610013724,1,3,0,17,19,6,3,0,0,8,1,0,0,0,0,1,2,2,1,21,5,-1,-1,-1,-1,1,E01014655,0,3
2024010487106,2024,010487106,1,4,0,13,13,3,7,0,0,1,5,0,0,0,1,1,2,2,1,44,7,-1,-1,-1,-1,7,E01030414,0,3
2024552400782,2024,552400782,2,1,0,18,19,1,5,4,4,8,0,0,0,0,3,1,4,7,1,10,2,-1,-1,-1,-1,4,E01020571,0,1
2024010496692,2024,010496692,2,9,0,2,2,0,0,0,0,1,0,0,0,0,2,1,6,6,3,-1,-1,-1,-1,-1,-1,-1,-1,0,-1
2024371464143,2024,371464143,1,9,0,-1,19,8,4,-1,0,1,0,0,0,0,1,1,-1,2,2,22,5,-1,-1,-1,-1,7,E01030037,0,1
2024010505146,2024,010505146,1,1,0,18,19,5,1,0,0,1,5,0,0,0,2,1,6,6,1,48,8,-1,-1,-1,-1,4,E01003278,0,1
2024430111252,2024,430111252,3,9,0,3,3,3,7,0,0,1,0,0,0,0,2,1,6,6,3,-1,-1,-1,-1,-1,-1,-1,-1,0,-1
2024041421129,2024,041421129,2,9,0,-1,19,3,7,-1,0,1,0,0,0,0,1,1,-1,6,3,-1,-1,-1,-1,-1,-1,-1,-1,0,-1
2024010531090,2024,010531090,2,1,0,18,19,5,1,0,0,2,0,0,0,0,1,1,1,1,2,26,6,-1,-1,-1,-1,5,E01003272,0,1
2024122400539,2024,122400539,1,9,0,18,19,2,6,0,0,0,0,0,0,0,1,1,6,6,3,-1,-1,-1,-1,-1,-1,-1,-1,0,-1
2024471443844,2024,471443844,2,-1,0,-1,5,-1,-1,-1,0,1,0,0,0,0,1,9,-1,6,1,14,3,-1,-1,-1,-1,-1,-1,1,-1
2024010489926,2024,010489926,2,9,0,18,19,1,5,0,0,0,0,0,0,0,1,1,6,6,1,88,11,-1,-1,-1,-1,6,E01000161,0,1
2024302400794,2024,302400794,1,11,0,18,19,7,3,0,0,8,0,0,0,0,4,1,6,6,3,-1,-1,-1,-1,-1,-1,5,E01019456,0,4
2024010529632,2024,010529632,1,1,0,18,19,7,3,0,0,0,0,0,0,0,0,1,2,2,1,37,7,-1,-1,-1,-1,5,E01002635,0,1
2024471469805,2024,471469805,1,9,0,-1,19,7,3,-1,0,0,0,0,0,0,1,1,-1,1,1,61,9,-1,-1,-1,-1,7,E01020540,0,5
2024221476544,2024,221476544,1,9,0,-1,9,1,7,-1,0,6,0,0,0,0,0,9,-1,6,3,25,5,-1,-1,-1,-1,-1,-1,0,-1
2024610018424,2024,610018424,1,9,0,18,19,6,2,0,0,0,0,4,0,0,1,1,6,6,1,22,5,-1,-1,-1,-1,5,W01001475,0,1
2024010493716,2024,010493716,2,9,0,3,3,3,7,0,0,1,0,0,0,0,3,1,2,2,2,47,8,-1,-1,-1,-1,1,E01004334,0,1
2024010524647,2024,010524647,1,1,9,18,19,1,5,9,9,9,9,0,0,0,1,1,6,6,3,-1,-1,-1,-1,-1,-1,-1,-1,0,-1
2024010512237,2024,010512237,1,9,0,18,19,3,7,0,0,1,0,0,0,0,0,1,6,6,3,-1,-1,-1,-1,-1,-1,-1,-1,0,-1
2024421492720,2024,421492720,1,-1,0,-1,19,7,3,-1,9,8,0,0,0,0,1,1,-1,6,1,-1,-1,-1,-1,-1,-1,-1,-1,1,-1
2024991484728,2024,991484728,1,9,0,-1,19,3,7,-1,0,8,0,0,0,0,4,9,-1,6,1,50,8,-1,-1,-1,-1,-1,-1,0,-1
2024991503226,2024,991503226,1,9,0,-1,19,8,4,-1,0,0,0,0,1,0,1,1,-1,1,1,38,7,-1,-1,-1,-1,3,-1,0,4
2024361413703,2024,361413703,1,90,0,-1,4,1,5,-1,0,1,0,0,0,0,1,9,-1,1,1,28,6,-1,-1,-1,-1,4,E01026807,0,1
2024520500094,2024,520500094,3,9,0,3,3,7,3,0,0,0,0,0,0,0,1,1,6,6,1,44,7,-1,-1,-1,-1,2,E01020280,0,4
2024340NN1782,2024,340NN1782,1,4,0,-1,19,1,5,-1,0,2,1,0,0,0,2,1,-1,6,1,15,3,-1,-1,-1,-1,2,E01026949,0,1
2024010531768,2024,010531768,1,1,9,99,99,9,9,99,99,0,9,99,9,99,9,1,6,6,1,42,7,-1,-1,-1,-1,3,E01003524,0,1
2024430291199,2024,430291199,1,9,0,17,19,4,1,0,0,2,0,0,0,0,1,1,3,7,1,59,9,-1,-1,-1,-1,-1,-1,0,-1
2024440523482,2024,440523482,1,9,0,7,7,7,1,0,0,6,0,0,0,0,1,1,6,6,3,-1,-1,-1,-1,-1,-1,-1,-1,0,-1
2024520402825,2024,520402825,2,90,0,18,19,8,4,0,0,8,0,0,0,0,3,1,6,6,1,22,5,-1,-1,-1,-1,6,E01029413,0,5
2024061425757,2024,061425757,1,1,9,-1,19,-1,-1,-1,0,9,5,0,0,0,1,1,-1,2,1,27,6,-1,-1,-1,-1,7,E01009439,0,5
2024451487439,2024,451487439,1,9,0,-1,13,-1,-1,-1,-1,0,-1,0,-1,0,-1,9,-1,6,1,-1,-1,-1,-1,-1,-1,2,E01001078,0,2
2024302401309,2024,302401309,1,9,9,7,7,8,2,0,0,1,0,0,0,0,3,1,6,6,3,-1,-1,-1,-1,-1,-1,5,E01019456,0,3
2024440005362,2024,440005362,1,9,0,18,19,7,3,0,0,0,0,0,0,0,1,1,6,6,1,-1,-1,-1,-1,-1,-1,-1,-1,0,-1
2024010505443,2024,010505443,1,1,0,18,19,1,5,4,4,1,0,0,0,0,1,1,2,2,2,49,8,-1,-1,-1,-1,2,E01003021,0,2
2024010489150,2024,010489150,2,19,0,99,99,9,9,99,99,9,9,99,9,99,1,9,6,6,3,45,7,-1,-1,-1,-1,4,E01001465,0,1
2024041474511,2024,041474511,1,98,0,-1,-1,-1,-1,-1,0,0,0,-1,0,0,-1,9,-1,6,3,-1,-1,-1,-1,-1,-1,-1,-1,0,-1
2024010528302,2024,010528302,2,1,9,99,99,9,9,99,99,9,9,99,9,99,1,1,6,6,3,-1,-1,-1,-1,-1,-1,-1,-1,0,-1
2024311519799,2024,311519799,2,19,0,-1,-1,-1,-1,-1,-1,0,-1,-1,-1,0,-1,9,-1,1,1,-1,-1,-1,-1,-1,-1,-1,-1,0,-1
2024061395610,2024,061395610,2,9,0,-1,3,8,4,-1,0,0,0,0,0,0,2,1,-1,9,2,38,7,-1,-1,-1,-1,2,E01006307,0,1
2024430120314,2024,430120314,2,1,0,18,19,7,3,0,0,8,0,0,0,0,1,1,2,2,1,24,5,-1,-1,-1,-1,4,E01028532,0,3
2024311453724,2024,311453724,1,9,0,-1,4,7,3,-1,0,0,0,0,0,0,2,1,-1,9,1,68,10,-1,-1,-1,-1,2,E01028282,0,1
2024010527862,2024,010527862,1,1,9,99,99,9,9,99,99,0,9,99,9,99,9,1,6,6,3,-1,-1,-1,-1,-1,-1,-1,-1,0,-1
2024122400807,2024,122400807,1,9,0,18,19,7,3,0,0,4,1,0,3,2,1,1,6,6,1,26,6,-1,-1,-1,-1,8,E01034963,0,2
2024010535601,2024,010535601,1,1,9,99,99,9,9,99,99,9,9,99,9,99,1,1,2,2,1,33,6,-1,-1,-1,-1,2,E01004469,0,1
2024010544371,2024,010544371,2,1,0,18,19,5,1,0,0,0,5,0,0,0,1,1,6,6,1,43,7,-1,-1,-1,-1,2,E01000724,0,2
2024520500405,2024,520500405,2,9,0,4,4,9,9,0,0,1,0,0,0,0,1,1,6,6,3,-1,-1,-1,-1,-1,-1,-1,-1,0,-1
2024070400141,2024,070400141,2,21,1,18,19,1,5,0,0,0,0,0,0,0,3,1,1,1,1,40,7,-1,-1,-1,-1,5,E01006427,0,4
2024440009002,2024,440009002,2,1,0,18,19,7,3,0,0,0,0,0,0,0,3,1,6,6,1,71,10,-1,-1,-1,-1,9,E01022719,0,3
2024471502543,2024,471502543,1,1,0,-1,99,-1,-1,-1,99,9,9,99,0,0,3,1,-1,2,2,47,8,-1,-1,-1,-1,3,E01021017,0,1
2024010493453,2024,010493453,1,9,9,18,19,5,1,99,99,9,9,99,9,99,9,9,6,6,1,28,6,-1,-1,-1,-1,8,E01000649,0,1
2024371496607,2024,371496607,1,1,0,-1,19,5,1,-1,0,1,0,0,0,0,1,1,-1,9,1,15,3,-1,-1,-1,-1,9,E01030164,0,1
2024010487294,2024,010487294,2,9,0,18,19,1,5,0,0,2,0,0,0,0,1,1,6,6,2,32,6,-1,-1,-1,-1,8,E01001455,0,3
2024070528951,2024,070528951,1,9,0,5,5,7,3,0,0,6,0,0,7,0,1,1,6,6,1,20,4,-1,-1,-1,-1,-1,-1,0,-1
2024070492674,2024,070492674,1,9,0,18,19,6,2,0,0,1,0,0,0,0,1,2,6,6,3,-1,-1,-1,-1,-1,-1,-1,-1,0,-1
2024010489897,2024,010489897,2,9,0,99,99,9,9,99,99,0,9,99,9,99,1,9,6,6,1,-1,-1,-1,-1,-1,-1,-1,-1,0,-1
2024351467965,2024,351467965,1,19,0,-1,3,3,7,-1,0,0,0,0,0,0,1,1,-1,1,1,23,5,-1,-1,-1,-1,7,E01003752,0,4
2024010491357,2024,010491357,1,9,0,18,19,5,1,0,0,1,0,0,0,0,1,1,6,6,1,33,6,-1,-1,-1,-1,3,E01002712,0,2
2024361437525,2024,361437525,1,9,0,-1,9,1,5,-1,0,0,1,0,0,0,4,1,-1,2,1,29,6,-1,-1,-1,-1,2,E01021314,0,5
2024010535471,2024,010535471,1,1,9,18,19,9,9,99,99,9,9,99,9,99,9,1,2,2,1,40,7,-1,-1,-1,-1,6,E01002113,0,2
2024991468123,2024,991468123,2,9,0,-1,19,7,3,-1,0,0,0,0,0,0,1,1,-1,2,2,41,7,-1,-1,-1,-1,5,-1,0,1
2024010515073,2024,010515073,2,1,0,4,4,1,5,0,0,1,0,0,0,0,1,1,6,6,1,57,9,-1,-1,-1,-1,7,E01002582,0,2
2024061475884,2024,061475884,2,97,0,-1,13,-1,-1,-1,0,0,0,0,0,0,4,1,-1,6,3,-1,-1,-1,-1,-1,-1,-1,-1,0,-1
2024061457480,2024,061457480,3,1,0,-1,19,4,8,-1,0,8,0,11,0,0,3,1,-1,6,2,49,8,-1,-1,-1,-1,1,E01004870,0,1
2024010521987,2024,010521987,1,1,0,7,7,3,6,0,0,1,1,0,0,0,3,1,1,1,1,41,7,-1,-1,-1,-1,4,E01001723,0,2
2024211508132,2024,211508132,2,1,0,-1,3,5,1,-1,0,0,0,10,1,0,3,1,-1,7,1,11,3,-1,-1,-1,-1,-1,-1,0,-1
2024430230414,2024,430230414,1,1,0,18,19,1,5,0,0,0,0,0,0,0,3,1,2,2,1,38,7,-1,-1,-1,-1,8,E01016690,0,1
2024052401333,2024,052401333,1,9,0,18,19,5,1,0,0,1,0,0,0,0,3,1,6,6,1,29,6,-1,-1,-1,-1,9,E01006882,0,3
2024010536091,2024,010536091,1,19,0,18,19,7,3,0,0,0,0,0,0,0,1,1,6,6,3,-1,-1,-1,-1,-1,-1,-1,-1,0,-1
2024052402587,2024,052402587,1,9,0,5,5,8,4,0,0,1,0,0,0,0,4,1,6,6,3,-1,-1,-1,-1,-1,-1,-1,-1,0,-1
2024070422389,2024,070422389,2,1,0,18,19,5,1,0,0,8,0,0,0,0,1,1,4,7,1,12,3,-1,-1,-1,-1,5,E01018479,0,1
2024440537259,2024,440537259,2,9,0,18,19,1,5,0,0,0,0,0,0,0,1,1,6,6,1,68,10,-1,-1,-1,-1,6,E01020508,0,4
2024101398620,2024,101398620,2,9,0,-1,19,3,7,-1,0,1,0,0,4,0,4,1,-1,6,1,68,10,-1,-1,-1,-1,8,E01008199,0,1
2024010547810,2024,010547810,1,1,9,99,99,9,9,99,99,9,9,99,9,99,9,1,6,6,1,23,5,-1,-1,-1,-1,4,E01002839,0,1
2024101435304,2024,101435304,2,1,0,-1,5,3,7,-1,0,0,0,0,0,0,1,1,-1,6,1,12,3,-1,-1,-1,-1,6,E01027419,0,1
2024010499910,2024,010499910,1,1,9,99,99,9,9,99,99,9,9,99,9,0,9,1,2,2,2,33,6,-1,-1,-1,-1,3,E01001715,0,1
2024430039637,2024,430039637,1,9,0,10,10,4,2,0,0,1,0,0,0,0,2,1,2,2,1,55,8,-1,-1,-1,-1,7,E01017646,0,1
2024010489226,2024,010489226,2,1,0,18,19,3,7,0,0,1,0,0,0,0,1,1,6,6,1,34,6,-1,-1,-1,-1,6,E01001159,0,2
2024010506600,2024,010506600,1,1,0,5,5,1,5,4,4,1,0,0,0,0,4,1,6,6,1,31,6,-1,-1,-1,-1,3,E01033601,0,1
2024131424609,2024,131424609,2,1,0,-1,19,5,1,-1,0,1,0,0,0,0,1,1,-1,9,1,52,8,-1,-1,-1,-1,2,E01010749,0,1
2024010497158,2024,010497158,2,9,0,99,99,9,9,99,99,9,9,99,9,99,9,9,6,6,3,-1,-1,-1,-1,-1,-1,-1,-1,0,-1
2024461405433,2024,461405433,4,9,0,-1,4,3,7,-1,0,0,0,0,0,0,2,9,-1,6,1,52,8,-1,-1,-1,-1,10,E01024785,0,3
2024211487806,2024,211487806,2,9,0,-1,19,3,7,-1,0,8,0,0,0,0,1,1,-1,9,2,42,7,-1,-1,-1,-1,-1,-1,0,-1
2024010493694,2024,010493694,9,9,0,2,2,0,0,0,0,0,0,0,0,0,3,1,6,6,3,-1,-1,-1,-1,-1,-1,-1,-1,0,-1
2024041439692,2024,041439692,2,16,0,-1,19,6,2,-1,0,0,0,0,0,0,0,1,-1,9,1,23,5,-1,-1,-1,-1,3,E01025391,0,1
2024211396150,2024,211396150,1,9,0,-1,4,1,5,-1,0,0,0,0,0,0,1,9,-1,2,2,20,4,-1,-1,-1,-1,9,E01009814,0,1
2024440145903,2024,440145903,1,-1,0,18,19,7,3,0,0,1,0,0,0,0,0,1,6,6,1,76,11,-1,-1,-1,-1,5,E01022937,1,1
2024461460316,2024,461460316,1,99,0,-1,99,1,5,-1,0,4,0,0,0,0,1,9,-1,6,3,-1,-1,-1,-1,-1,-1,-1,-1,0,-1
2024010512757,2024,010512757,1,1,9,99,99,9,9,99,99,9,9,99,9,99,9,1,2,2,1,32,6,-1,-1,-1,-1,4,E01003096,0,1
2024522402567,2024,522402567,1,-1,0,18,19,1,5,0,0,2,0,4,0,0,1,1,6,6,1,18,4,-1,-1,-1,-1,9,E01014943,1,1
2024332400423,2024,332400423,1,1,0,-1,5,6,2,-1,0,1,0,0,0,0,3,1,-1,9,1,41,7,-1,-1,-1,-1,5,E01025716,0,1
2024010495749,2024,010495749,1,9,0,5,5,0,1,0,0,1,0,0,0,0,1,1,6,6,1,26,6,-1,-1,-1,-1,10,E01000272,0,1
2024461416763,2024,461416763,1,-1,0,-1,19,7,3,-1,0,1,0,0,0,0,4,1,-1,9,2,37,7,-1,-1,-1,-1,3,E01001764,1,4
2024430247277,2024,430247277,1,9,0,9,9,3,1,0,0,8,0,0,0,0,1,1,6,6,1,32,6,-1,-1,-1,-1,-1,-1,0,-1
2024430129830,2024,430129830,1,9,0,18,19,3,7,0,0,1,0,0,0,0,4,1,1,1,1,56,9,-1,-1,-1,-1,-1,-1,0,-1
2024302401148,2024,302401148,1,9,0,17,19,2,8,0,0,8,0,0,0,0,4,2,6,6,2,65,9,-1,-1,-1,-1,1,E01013496,0,1
2024061512849,2024,061512849,2,1,0,-1,19,7,3,-1,0,1,0,0,0,0,3,1,-1,6,1,20,4,-1,-1,-1,-1,1,E01005186,0,1
2024010531768,2024,010531768,2,9,0,99,99,9,9,99,99,0,9,99,9,99,9,9,6,6,3,-1,-1,-1,-1,-1,-1,3,E01003524,0,1
2024311469712,2024,311469712,1,9,0,-1,19,2,6,-1,0,8,0,0,0,0,1,9,-1,6,3,-1,-1,-1,-1,-1,-1,-1,-1,0,-1
2024131465367,2024,131465367,1,9,0,-1,-1,-1,-1,-1,-1,-1,-1,-1,-1,-1,-1,1,-1,6,3,-1,-1,-1,-1,-1,-1,-1,-1,0,-1
2024481564366,2024,481564366,1,1,0,-1,19,3,7,-1,5,0,0,0,0,0,1,1,-1,9,1,33,6,-1,-1,-1,-1,-1,-1,0,-1
2024440428791,2024,440428791,1,1,0,18,19,3,7,0,0,2,0,0,0,0,3,1,6,6,1,21,5,-1,-1,-1,-1,2,E01017156,0,1
2024351509498,2024,351509498,2,9,0,-1,19,7,1,-1,0,3,0,0,0,0,1,9,-1,6,3,-1,-1,-1,-1,-1,-1,-1,-1,0,-1
2024010530687,2024,010530687,1,1,9,99,99,9,9,99,99,9,9,99,9,99,9,1,6,6,1,25,5,-1,-1,-1,-1,4,E01035670,0,1
2024430009146,2024,430009146,2,9,0,9,9,5,2,0,0,6,0,0,0,0,3,1,6,6,1,46,8,-1,-1,-1,-1,8,E01017886,0,2
2024471435575,2024,471435575,2,1,0,-1,19,7,3,-1,0,0,1,0,0,0,4,1,-1,7,1,11,3,-1,-1,-1,-1,7,E01034829,0,1
2024010518079,2024,010518079,2,9,0,9,9,8,5,0,0,6,0,0,0,0,1,1,6,6,3,-1,-1,-1,-1,-1,-1,-1,-1,0,-1
2024320180983,2024,320180983,2,1,0,-1,-1,6,2,9,9,8,0,0,0,0,1,1,6,6,1,14,3,-1,-1,-1,-1,7,E01026096,0,1
2024010511803,2024,010511803,1,19,0,99,99,9,9,99,99,9,9,99,9,99,1,9,6,6,3,-1,-1,-1,-1,-1,-1,-1,-1,0,-1
202460Q070293,2024,60Q070293,1,9,0,9,9,5,3,0,0,1,0,0,0,0,3,1,6,6,2,76,11,-1,-1,-1,-1,-1,-1,0,-1
2024061456534,2024,061456534,1,97,0,-1,9,4,8,-1,0,0,5,0,0,0,1,1,-1,6,1,15,3,-1,-1,-1,-1,1,E01005459,0,1
2024552400917,2024,552400917,1,1,0,18,19,8,4,0,0,0,0,0,0,0,1,1,6,6,1,48,8,-1,-1,-1,-1,8,E01020520,0,4
2024430536893,2024,430536893,2,1,0,18,19,9,9,0,0,8,0,0,0,0,3,1,6,6,1,63,9,-1,-1,-1,-1,10,E01016526,0,1
2024131509632,2024,131509632,1,9,0,-1,-1,-1,-1,-1,-1,0,-1,-1,-1,0,-1,1,-1,6,3,-1,-1,-1,-1,-1,-1,-1,-1,0,-1
2024122400795,2024,122400795,2,1,0,18,19,1,5,0,0,8,0,0,0,0,4,1,6,6,1,49,8,-1,-1,-1,-1,6,E01027774,0,1
2024010488894,2024,010488894,3,9,3,9,9,7,5,0,0,8,0,0,0,0,2,1,6,6,2,40,7,-1,-1,-1,-1,3,E01000099,0,1
2024991415139,2024,991415139,3,9,0,-1,19,8,3,-1,0,0,0,0,0,0,2,1,-1,6,1,59,9,-1,-1,-1,-1,9,-1,0,3
2024010535152,2024,010535152,2,9,0,99,99,9,9,99,99,9,9,99,9,99,1,9,6,6,3,-1,-1,-1,-1,-1,-1,-1,-1,0,-1
2024111419644,2024,111419644,1,9,0,-1,19,6,4,-1,0,0,0,0,0,0,1,1,-1,6,3,30,6,-1,-1,-1,-1,-1,-1,0,-1
2024320059022,2024,320059022,1,9,0,9,9,8,6,0,0,6,0,0,0,0,1,1,6,6,2,-1,-1,-1,-1,-1,-1,-1,-1,0,-1
2024161411896,2024,161411896,2,9,0,-1,19,5,1,-1,0,0,0,0,0,0,1,9,-1,6,3,-1,-1,-1,-1,-1,-1,-1,-1,0,-1
2024010533512,2024,010533512,1,90,0,99,99,9,9,99,99,9,9,99,9,99,9,9,6,6,3,-1,-1,-1,-1,-1,-1,-1,-1,0,-1
2024052401194,2024,052401194,1,19,0,18,19,3,7,0,0,0,0,0,0,0,1,1,6,6,1,54,8,-1,-1,-1,-1,3,E01005036,0,4
2024010535269,2024,010535269,2,9,0,18,19,3,7,0,0,1,0,0,0,0,1,1,6,6,3,-1,-1,-1,-1,-1,-1,-1,-1,0,-1
2024010501286,2024,010501286,1,9,0,18,19,1,5,0,0,8,0,0,0,0,1,1,6,6,3,-1,-1,-1,-1,-1,-1,-1,-1,0,-1
2024371477613,2024,371477613,2,9,0,-1,3,1,3,-1,0,1,0,0,0,0,2,1,-1,6,1,25,5,-1,-1,-1,-1,9,E01030238,0,1