collision_index,collision_year,collision_ref_no,vehicle_reference,vehicle_type,towing_and_articulation,vehicle_manoeuvre_historic,vehicle_manoeuvre,vehicle_direction_from,vehicle_direction_to,vehicle_location_restricted_lane_historic,vehicle_location_restricted_lane,junction_location,skidding_and_overturning,hit_object_in_carriageway,vehicle_leaving_carriageway,hit_object_off_carriageway,first_point_of_impact,vehicle_left_hand_drive,journey_purpose_of_driver_historic,journey_purpose_of_driver,sex_of_driver,age_of_driver,age_band_of_driver,engine_capacity_cc,propulsion_code,age_of_vehicle,generic_make_model,driver_imd_decile,lsoa_of_driver,escooter_flag,driver_distance_banding
2024320590905,2024,320590905,1,9,0,7,7,2,4,0,0,6,0,0,0,0,3,1,6,6,2,48,8,-1,-1,-1,-1,-1,-1,0,-1
2024361477343,2024,361477343,1,9,0,-1,19,7,3,-1,0,0,1,0,5,0,1,1,-1,6,1,22,5,-1,-1,-1,-1,3,E01026683,0,4
2024061531216,2024,061531216,2,-1,0,-1,19,2,4,-1,0,1,0,0,0,0,1,1,-1,6,2,12,3,-1,-1,-1,-1,-1,-1,1,-1
2024501516516,2024,501516516,1,19,0,-1,19,6,2,-1,0,0,0,0,0,0,4,1,-1,6,3,-1,-1,-1,-1,-1,-1,-1,-1,0,-1
2024520500241,2024,520500241,1,17,0,18,19,1,5,0,0,0,0,0,0,0,3,1,1,1,1,64,9,-1,-1,-1,-1,5,E01029301,0,3
2024421489570,2024,421489570,1,9,0,-1,-1,-1,-1,-1,-1,0,-1,-1,-1,0,-1,9,-1,6,3,-1,-1,-1,-1,-1,-1,-1,-1,0,-1
2024411500716,2024,411500716,2,1,0,-1,9,-1,-1,-1,0,8,0,0,1,0,4,1,-1,2,2,28,6,-1,-1,-1,-1,6,E01023601,0,1
2024430358649,2024,430358649,2,1,0,18,19,7,3,0,0,8,0,0,0,0,1,1,6,6,1,34,6,-1,-1,-1,-1,3,E01016336,0,1
2024070022782,2024,070022782,2,1,0,18,19,1,5,0,0,3,0,0,0,0,4,1,2,2,2,62,9,-1,-1,-1,-1,2,E01018486,0,1
2024991505819,2024,991505819,2,9,0,-1,19,1,5,-1,0,0,0,0,0,0,1,1,-1,9,1,61,9,-1,-1,-1,-1,9,-1,0,1
2024010500753,2024,010500753,1,1,9,99,99,9,9,99,99,9,9,99,9,99,1,1,2,2,1,28,6,-1,-1,-1,-1,2,E01003075,0,1
2024010540590,2024,010540590,1,9,0,13,13,1,5,0,0,8,0,0,0,0,1,1,6,6,3,-1,-1,-1,-1,-1,-1,-1,-1,0,-1
2024371483700,2024,371483700,2,1,-1,-1,-1,-1,-1,-1,-1,0,-1,-1,-1,0,-1,1,-1,9,1,59,9,-1,-1,-1,-1,10,E01030129,0,1
2024141449776,2024,141449776,2,9,0,-1,19,-1,-1,-1,9,3,1,0,2,10,1,9,-1,6,3,-1,-1,-1,-1,-1,-1,-1,-1,0,-1
2024041473575,2024,041473575,3,9,0,-1,9,3,1,-1,0,5,0,0,0,0,0,1,-1,9,2,41,7,-1,-1,-1,-1,1,E01024987,0,1
2024440545711,2024,440545711,1,1,0,18,19,7,3,0,0,1,0,0,0,0,4,1,2,2,1,49,8,-1,-1,-1,-1,9,E01017232,0,1
2024351567910,2024,351567910,1,21,1,-1,19,5,1,-1,0,0,1,0,0,0,1,1,-1,1,1,51,8,-1,-1,-1,-1,1,-1,0,5
2024430190321,2024,430190321,1,9,0,3,3,4,7,0,0,1,0,0,0,0,2,1,2,2,2,40,7,-1,-1,-1,-1,8,E01017910,0,1
2024131485717,2024,131485717,1,9,0,-1,5,5,1,-1,9,0,0,0,0,0,4,1,-1,9,1,77,11,-1,-1,-1,-1,5,E01007330,0,1
2024311468613,2024,311468613,1,1,0,-1,19,6,2,-1,0,1,0,0,0,0,3,1,-1,6,1,16,4,-1,-1,-1,-1,-1,-1,0,-1
2024552401488,2024,552401488,1,99,0,18,19,1,5,0,0,0,0,0,0,0,1,1,6,6,3,-1,-1,-1,-1,-1,-1,-1,-1,0,-1
2024010491829,2024,010491829,2,9,0,99,99,9,9,99,99,9,9,99,9,99,9,9,6,6,3,-1,-1,-1,-1,-1,-1,-1,-1,0,-1
2024201459505,2024,201459505,2,1,0,-1,19,8,4,-1,0,8,0,0,0,0,4,1,-1,6,1,59,9,-1,-1,-1,-1,1,E01009379,0,2
2024461496039,2024,461496039,1,9,0,-1,5,7,3,-1,0,1,0,0,0,0,1,9,-1,6,2,-1,-1,-1,-1,-1,-1,-1,-1,0,-1
2024010531186,2024,010531186,2,9,9,99,99,9,9,99,99,9,9,99,9,99,9,9,6,6,3,-1,-1,-1,-1,-1,-1,-1,-1,0,-1
2024041468558,2024,041468558,1,23,0,-1,19,7,3,-1,9,1,0,0,0,0,1,1,-1,9,1,17,4,-1,-1,-1,-1,1,E01024877,0,1
202454B902924,2024,54B902924,2,9,0,9,9,6,4,0,0,1,0,0,0,0,1,1,6,6,1,54,8,-1,-1,-1,-1,5,E01032066,0,1
2024531466377,2024,531466377,2,1,0,-1,19,6,2,-1,0,4,0,0,0,0,3,1,-1,6,2,42,7,-1,-1,-1,-1,2,E01022160,0,1
2024221507573,2024,221507573,1,9,0,-1,13,7,3,-1,0,0,0,0,0,0,4,9,-1,6,2,56,9,-1,-1,-1,-1,-1,-1,0,-1
2024421462919,2024,421462919,1,1,0,-1,19,5,1,-1,0,2,0,0,0,0,1,1,-1,6,1,14,3,-1,-1,-1,-1,-1,-1,0,-1
2024501408810,2024,501408810,4,17,0,-1,19,3,6,-1,0,0,0,0,0,0,0,1,-1,6,3,-1,-1,-1,-1,-1,-1,-1,-1,0,-1
2024010491674,2024,010491674,1,1,9,99,99,9,9,99,99,9,9,99,9,99,1,1,6,6,2,63,9,-1,-1,-1,-1,1,E01001730,0,1
2024371438721,2024,371438721,1,9,0,-1,5,6,1,-1,0,4,0,0,3,11,1,1,-1,9,1,86,11,-1,-1,-1,-1,7,E01030228,0,1
2024010509774,2024,010509774,2,9,0,18,19,1,5,0,0,0,0,0,0,0,0,1,6,6,3,-1,-1,-1,-1,-1,-1,-1,-1,0,-1
2024010492174,2024,010492174,1,19,0,18,19,1,5,0,0,6,0,0,0,0,1,1,2,2,1,25,5,-1,-1,-1,-1,5,E01016215,0,4
2024070411784,2024,070411784,2,1,0,18,19,5,1,9,9,1,0,0,0,0,1,1,6,6,1,6,2,-1,-1,-1,-1,8,E01018699,0,1
2024421521596,2024,421521596,2,1,0,-1,19,-1,-1,-1,0,3,0,0,2,10,2,1,-1,2,1,37,7,-1,-1,-1,-1,7,E01035526,0,3
2024052402300,2024,052402300,2,1,0,18,19,4,8,0,0,0,0,0,0,0,1,1,6,6,1,30,6,-1,-1,-1,-1,1,E01006548,0,1
2024451412669,2024,451412669,3,9,0,-1,19,5,1,-1,0,0,0,0,0,0,3,1,-1,2,2,43,7,-1,-1,-1,-1,8,E01030697,0,3
2024122400248,2024,122400248,3,1,0,18,19,3,7,0,0,8,0,0,0,0,1,1,2,2,2,44,7,-1,-1,-1,-1,3,E01027906,0,1
2024430017174,2024,430017174,1,9,0,18,19,6,2,0,0,6,0,0,0,0,1,1,1,1,1,40,7,-1,-1,-1,-1,-1,-1,0,-1
2024371516158,2024,371516158,1,9,0,-1,4,3,7,-1,0,0,0,0,0,0,2,1,-1,6,1,25,5,-1,-1,-1,-1,6,E01030221,0,2
2024332400569,2024,332400569,1,4,0,-1,19,2,6,-1,0,0,0,0,0,0,1,1,-1,2,1,26,6,-1,-1,-1,-1,10,E01025651,0,3
2024440122811,2024,440122811,2,22,0,18,19,3,7,0,0,8,0,0,0,0,3,1,6,6,1,45,7,-1,-1,-1,-1,2,E01034730,0,1
2024101471226,2024,101471226,1,20,0,-1,19,2,6,-1,0,0,0,0,0,0,1,1,-1,6,1,30,6,-1,-1,-1,-1,1,E01008651,0,2
2024041495701,2024,041495701,1,9,0,-1,19,1,5,-1,0,0,0,0,0,0,1,9,-1,6,3,-1,-1,-1,-1,-1,-1,-1,-1,0,-1
2024201511431,2024,201511431,2,98,0,-1,19,7,3,-1,0,0,0,0,0,0,4,1,-1,1,1,64,9,-1,-1,-1,-1,6,E01031130,0,3
2024371479260,2024,371479260,2,1,0,-1,19,3,7,-1,0,8,5,0,0,0,1,1,-1,2,1,55,8,-1,-1,-1,-1,6,E01030002,0,1
2024461518051,2024,461518051,1,9,0,-1,19,2,6,-1,0,0,0,0,0,0,1,9,-1,6,3,-1,-1,-1,-1,-1,-1,-1,-1,0,-1
2024320040377,2024,320040377,2,1,0,-1,-1,1,5,0,0,0,0,0,0,0,3,1,-1,-1,1,45,7,-1,-1,-1,-1,4,E01026245,0,1
2024141491411,2024,141491411,1,9,0,-1,19,6,2,-1,0,0,0,0,0,0,1,1,-1,1,2,28,6,-1,-1,-1,-1,8,E01026394,0,4
2024010491349,2024,010491349,2,1,0,18,19,4,8,0,0,6,0,8,0,0,1,1,6,6,1,31,6,-1,-1,-1,-1,4,E01002620,0,3
2024430277939,2024,430277939,1,1,0,18,19,3,7,5,5,8,0,0,0,0,3,1,1,1,2,51,8,-1,-1,-1,-1,6,E01016472,0,1
2024552400634,2024,552400634,1,9,0,5,5,1,5,9,9,6,0,0,0,0,3,1,6,6,2,26,6,-1,-1,-1,-1,2,E01015273,0,1
2024311425843,2024,311425843,1,9,0,-1,4,4,8,-1,0,0,0,0,0,0,2,1,-1,6,1,30,6,-1,-1,-1,-1,-1,-1,0,-1
2024070344722,2024,070344722,4,9,0,4,4,7,3,0,0,0,0,0,0,0,1,1,2,2,1,-1,-1,-1,-1,-1,-1,6,E01018722,0,1
2024991483038,2024,991483038,2,1,0,-1,19,4,1,-1,0,0,1,0,0,0,1,1,-1,9,2,15,3,-1,-1,-1,-1,5,-1,0,1
2024991400759,2024,991400759,1,9,0,-1,19,7,3,-1,0,1,0,0,7,1,3,1,-1,9,1,25,5,-1,-1,-1,-1,5,-1,0,1
2024131528384,2024,131528384,2,9,0,-1,19,3,7,-1,0,4,0,0,0,0,3,1,-1,6,2,53,8,-1,-1,-1,-1,5,E01011836,0,2
2024430556210,2024,430556210,2,-1,-1,-1,-1,-1,-1,-1,-1,-1,-1,-1,-1,-1,-1,-1,6,6,1,-1,-1,-1,-1,-1,-1,-1,-1,0,-1
2024552500212,2024,552500212,2,9,0,18,19,8,4,0,0,8,0,0,0,0,1,1,6,6,2,50,8,-1,-1,-1,-1,4,E01015409,0,1
2024201464756,2024,201464756,1,9,0,-1,5,6,2,-1,0,0,0,0,0,0,4,9,-1,1,1,-1,-1,-1,-1,-1,-1,-1,-1,0,-1
2024101443504,2024,101443504,1,-1,0,-1,19,8,4,-1,9,0,5,8,0,0,1,1,-1,6,1,19,4,-1,-1,-1,-1,-1,-1,1,-1
2024010497246,2024,010497246,2,10,0,99,99,9,9,99,99,0,9,99,9,99,9,9,6,6,3,-1,-1,-1,-1,-1,-1,-1,-1,0,-1
2024440371983,2024,440371983,1,1,0,18,19,6,2,0,0,0,0,0,0,0,0,1,6,6,1,28,6,-1,-1,-1,-1,1,E01017205,0,1
2024141539375,2024,141539375,2,9,0,-1,19,1,5,-1,0,0,0,0,0,0,4,9,-1,6,3,-1,-1,-1,-1,-1,-1,-1,-1,0,-1
2024411406792,2024,411406792,1,98,-1,-1,-1,-1,-1,-1,-1,1,-1,-1,-1,0,-1,9,-1,6,3,-1,-1,-1,-1,-1,-1,-1,-1,0,-1
2024010493173,2024,010493173,2,8,0,18,19,5,1,0,0,2,0,0,0,0,3,1,6,6,1,49,8,-1,-1,-1,-1,3,E01034205,0,2
2024481564463,2024,481564463,3,1,0,-1,5,5,1,-1,0,1,0,0,0,0,2,1,-1,6,1,29,6,-1,-1,-1,-1,-1,-1,0,-1
2024131456411,2024,131456411,1,9,0,-1,12,5,1,-1,0,0,1,0,0,0,1,1,-1,6,3,-1,-1,-1,-1,-1,-1,-1,-1,0,-1
2024421405944,2024,421405944,1,9,0,-1,7,3,7,-1,0,1,0,0,0,0,1,1,-1,6,2,83,11,-1,-1,-1,-1,8,E01015984,0,1
2024471413657,2024,471413657,3,9,-1,-1,9,1,3,-1,0,8,0,0,0,0,0,9,-1,6,3,-1,-1,-1,-1,-1,-1,-1,-1,0,-1
2024010549447,2024,010549447,1,-1,9,99,99,9,9,99,99,9,9,99,9,99,9,9,6,6,3,-1,-1,-1,-1,-1,-1,-1,-1,1,-1
2024991444500,2024,991444500,1,9,0,-1,5,6,2,-1,0,4,0,0,0,0,1,2,-1,6,1,25,5,-1,-1,-1,-1,-1,-1,0,-1
2024622400023,2024,622400023,2,1,0,18,19,8,4,0,0,2,0,0,0,0,1,1,6,6,1,31,6,-1,-1,-1,-1,3,W01001869,0,1
2024451534735,2024,451534735,2,1,0,-1,19,7,3,-1,0,4,0,0,0,0,2,1,-1,6,1,58,9,-1,-1,-1,-1,10,E01002951,0,3
2024451430116,2024,451430116,2,1,0,-1,19,0,0,-1,0,1,2,0,0,0,1,1,-1,9,1,38,7,-1,-1,-1,-1,10,E01030439,0,1
2024010526063,2024,010526063,4,9,0,2,2,0,0,0,0,1,0,0,0,0,1,1,6,6,3,-1,-1,-1,-1,-1,-1,-1,-1,0,-1
2024061501434,2024,061501434,2,18,-1,-1,4,3,3,-1,1,0,0,0,0,0,1,1,-1,1,1,50,8,-1,-1,-1,-1,-1,-1,0,-1
2024010489329,2024,010489329,2,9,0,4,4,3,7,0,0,1,0,0,0,0,2,1,1,1,1,33,6,-1,-1,-1,-1,4,E01000472,0,3
2024010500643,2024,010500643,1,1,9,99,99,9,9,99,99,9,9,99,9,99,2,1,2,2,1,32,6,-1,-1,-1,-1,4,E01001243,0,1
2024010491262,2024,010491262,1,9,0,18,19,7,3,0,0,1,0,0,0,0,4,1,6,6,1,29,6,-1,-1,-1,-1,-1,-1,0,-1
2024041519430,2024,041519430,2,9,0,-1,19,6,2,-1,0,8,0,0,0,0,4,1,-1,2,1,48,8,-1,-1,-1,-1,8,E01025005,0,2
2024430325674,2024,430325674,2,9,0,16,19,6,1,0,0,0,0,0,0,0,1,1,2,2,2,20,4,-1,-1,-1,-1,7,E01017753,0,1
2024010490324,2024,010490324,1,9,0,99,99,9,9,99,99,9,9,99,9,99,9,9,6,6,1,37,7,-1,-1,-1,-1,1,E01000782,0,1
2024010496456,2024,010496456,1,9,0,10,10,8,7,0,0,2,0,0,0,0,3,1,1,1,1,51,8,-1,-1,-1,-1,2,E01000045,0,3
2024540443724,2024,540443724,1,9,0,13,13,3,6,0,0,8,0,0,0,0,1,1,6,6,1,19,4,-1,-1,-1,-1,9,E01031883,0,3
2024520402529,2024,520402529,2,9,0,1,1,7,3,0,0,1,0,0,0,0,2,1,6,6,3,-1,-1,-1,-1,-1,-1,-1,-1,0,-1
2024501451694,2024,501451694,1,9,0,-1,5,6,4,-1,0,6,0,0,1,0,3,1,-1,9,1,87,11,-1,-1,-1,-1,4,E01018781,0,3
2024010516505,2024,010516505,1,-1,0,18,19,6,2,0,0,1,0,10,0,0,4,2,6,6,2,25,5,-1,-1,-1,-1,3,E01034592,1,1
2024320011532,2024,320011532,2,9,0,12,12,6,2,0,0,0,1,0,0,0,2,1,6,6,1,86,11,-1,-1,-1,-1,3,E01026104,0,4
2024351469190,2024,351469190,2,1,0,-1,19,8,4,-1,0,0,0,0,0,0,1,1,-1,6,1,10,2,-1,-1,-1,-1,6,E01017962,0,1
2024430315098,2024,430315098,1,-1,0,15,15,7,3,0,0,0,0,10,1,10,1,1,1,1,1,20,4,-1,-1,-1,-1,-1,-1,1,-1
2024361488345,2024,361488345,1,9,0,-1,1,5,1,-1,0,8,0,0,0,0,2,1,-1,6,2,-1,-1,-1,-1,-1,-1,-1,-1,0,-1
2024461500592,2024,461500592,1,9,0,-1,5,3,7,-1,0,4,0,0,0,0,3,1,-1,9,1,74,10,-1,-1,-1,-1,1,E01024666,0,1
2024010522902,2024,010522902,2,1,0,14,14,1,5,0,0,0,0,0,0,0,3,1,6,6,2,47,8,-1,-1,-1,-1,2,E01001842,0,1
2024421436194,2024,421436194,1,9,0,-1,19,6,2,-1,0,0,0,0,0,0,1,1,-1,2,1,65,9,-1,-1,-1,-1,8,E01026519,0,5
2024010505561,2024,010505561,2,-1,9,99,99,9,9,99,99,9,9,99,9,99,9,9,6,6,2,-1,-1,-1,-1,-1,-1,-1,-1,1,-1
2024552401251,2024,552401251,1,22,0,18,19,1,5,9,9,0,0,0,0,0,1,1,6,6,2,79,11,-1,-1,-1,-1,1,E01020554,0,1
2024522402521,2024,522402521,1,9,0,18,19,4,8,0,0,0,0,0,0,0,1,1,6,6,3,-1,-1,-1,-1,-1,-1,-1,-1,0,-1
2024520401194,2024,520401194,1,9,0,18,19,8,4,0,0,0,0,0,0,0,1,1,6,6,2,54,8,-1,-1,-1,-1,2,E01029098,0,1
2024010496282,2024,010496282,1,9,0,9,9,5,3,0,0,1,0,0,0,0,1,1,6,6,1,20,4,-1,-1,-1,-1,4,E01001646,0,4
2024311453125,2024,311453125,4,9,0,-1,19,7,3,-1,0,0,0,0,0,0,2,1,-1,6,1,54,8,-1,-1,-1,-1,-1,-1,0,-1
2024631475360,2024,631475360,1,90,0,-1,19,8,4,-1,0,1,0,0,0,0,4,2,-1,9,1,35,6,-1,-1,-1,-1,-1,-1,0,-1
2024010497308,2024,010497308,1,3,0,99,99,9,9,99,99,9,9,99,9,99,9,1,1,1,1,21,5,-1,-1,-1,-1,7,E01017835,0,4
2024522401891,2024,522401891,1,1,0,18,19,2,6,5,5,0,0,0,0,0,9,1,6,6,3,15,3,-1,-1,-1,-1,-1,-1,0,-1
2024010488013,2024,010488013,2,19,0,99,99,9,9,99,99,0,9,99,9,99,9,9,6,6,3,20,4,-1,-1,-1,-1,3,E01033388,0,5
2024131426804,2024,131426804,1,3,0,-1,19,3,7,-1,0,0,5,0,0,0,1,1,-1,9,1,29,6,-1,-1,-1,-1,3,E01011322,0,1
2024010491467,2024,010491467,4,9,0,3,3,3,7,0,0,0,0,0,0,0,2,1,6,6,2,54,8,-1,-1,-1,-1,6,E01002533,0,2
2024430574020,2024,430574020,2,19,0,18,19,7,3,0,0,3,0,0,0,0,4,1,6,6,1,-1,-1,-1,-1,-1,-1,-1,-1,0,-1
2024440428104,2024,440428104,2,97,0,17,19,6,4,0,0,8,0,0,0,0,1,1,6,6,1,18,4,-1,-1,-1,-1,10,E01022851,0,1
2024320472066,2024,320472066,1,9,0,-1,-1,6,2,0,0,8,0,0,0,0,3,2,-1,-1,1,41,7,-1,-1,-1,-1,-1,-1,0,-1
2024161517433,2024,161517433,2,1,0,-1,19,7,3,-1,0,2,2,0,0,0,1,1,-1,6,1,11,3,-1,-1,-1,-1,4,E01012883,0,1
2024041524873,2024,041524873,1,1,0,-1,19,3,7,-1,0,1,0,0,0,0,1,1,-1,9,1,29,6,-1,-1,-1,-1,1,E01012735,0,1
2024010521109,2024,010521109,2,1,0,18,19,1,5,0,0,8,0,0,0,0,1,1,6,6,1,37,7,-1,-1,-1,-1,3,E01003960,0,1
2024522401633,2024,522401633,1,1,0,18,19,9,9,0,0,8,0,0,0,0,9,1,6,6,3,-1,-1,-1,-1,-1,-1,-1,-1,0,-1
2024451470531,2024,451470531,2,1,0,-1,19,5,1,-1,0,0,0,0,0,0,3,1,-1,9,1,13,3,-1,-1,-1,-1,5,E01030971,0,1
2024451422601,2024,451422601,2,9,0,-1,19,7,3,-1,0,0,0,0,1,6,4,1,-1,1,1,44,7,-1,-1,-1,-1,6,E01016817,0,5
2024010492532,2024,010492532,2,9,9,99,99,9,9,99,99,6,9,99,9,99,9,9,6,6,3,-1,-1,-1,-1,-1,-1,-1,-1,0,-1
2024991462339,2024,991462339,1,9,0,-1,19,5,1,-1,0,0,0,0,0,0,1,1,-1,9,1,43,7,-1,-1,-1,-1,2,-1,0,1
2024332400752,2024,332400752,2,19,0,-1,19,9,9,-1,0,5,0,0,0,0,0,1,-1,6,3,-1,-1,-1,-1,-1,-1,-1,-1,0,-1
2024211471994,2024,211471994,2,17,5,-1,11,5,5,-1,0,0,0,0,0,0,1,1,-1,1,1,29,6,-1,-1,-1,-1,-1,-1,0,-1
2024061492007,2024,061492007,1,1,0,-1,19,-1,-1,-1,0,8,5,0,2,0,1,1,-1,9,1,38,7,-1,-1,-1,-1,8,E01005169,0,1
2024471430893,2024,471430893,2,9,0,-1,19,6,2,-1,0,0,0,0,0,0,1,1,-1,9,1,40,7,-1,-1,-1,-1,8,E01031393,0,1
2024332401115,2024,332401115,1,9,0,-1,19,1,5,-1,0,0,0,0,0,0,2,1,-1,1,1,45,7,-1,-1,-1,-1,7,E01022713,0,5
2024430302634,2024,430302634,2,9,0,18,19,3,7,0,0,8,0,0,0,0,4,1,6,6,3,-1,-1,-1,-1,-1,-1,-1,-1,0,-1
2024351479538,2024,351479538,1,90,0,-1,-1,-1,-1,-1,-1,-1,-1,-1,-1,0,1,1,-1,6,1,19,4,-1,-1,-1,-1,10,E01018301,0,2
2024041497126,2024,041497126,2,9,0,-1,2,0,0,-1,0,0,0,0,0,0,4,1,-1,6,-1,-1,-1,-1,-1,-1,-1,-1,-1,0,-1
2024101436895,2024,101436895,1,23,0,-1,19,3,7,-1,0,1,0,4,0,0,1,1,-1,6,1,-1,-1,-1,-1,-1,-1,-1,-1,0,-1
2024522402916,2024,522402916,2,1,0,18,19,9,9,9,9,8,0,8,0,0,1,1,6,6,1,12,3,-1,-1,-1,-1,-1,-1,0,-1
2024340WN0032,2024,340WN0032,2,9,0,-1,19,4,8,-1,0,0,0,0,0,0,1,1,-1,9,1,28,6,-1,-1,-1,-1,9,E01027144,0,1
2024010491465,2024,010491465,2,1,0,9,9,2,7,9,9,2,0,0,0,0,4,1,6,6,1,17,4,-1,-1,-1,-1,3,E01000129,0,1
2024010532346,2024,010532346,3,9,0,16,19,5,1,0,0,0,0,0,0,0,0,1,6,6,1,24,5,-1,-1,-1,-1,3,E01001970,0,3
2024161412271,2024,161412271,2,1,0,-1,5,5,3,-1,0,2,0,0,0,0,1,1,-1,6,1,10,2,-1,-1,-1,-1,1,E01012893,0,1
2024320189701,2024,320189701,2,1,0,-1,-1,2,6,0,0,8,0,0,0,0,2,1,6,6,1,30,6,-1,-1,-1,-1,8,E01026155,0,1
2024010515417,2024,010515417,1,1,9,99,99,9,9,99,99,9,9,99,9,99,9,1,6,6,2,26,6,-1,-1,-1,-1,3,E01001970,0,1
2024501443186,2024,501443186,2,1,0,-1,19,2,5,-1,0,0,0,0,0,0,1,1,-1,6,1,58,9,-1,-1,-1,-1,2,E01034161,0,3
2024052401511,2024,052401511,2,1,0,18,19,3,7,0,0,0,0,0,0,0,2,1,6,6,1,17,4,-1,-1,-1,-1,1,E01006546,0,1
2024340WN0082,2024,340WN0082,1,9,0,-1,19,3,7,-1,0,0,0,0,0,0,1,1,-1,6,1,19,4,-1,-1,-1,-1,7,E01023961,0,4
2024052400133,2024,052400133,3,9,0,2,2,0,0,0,0,0,0,0,0,0,4,1,6,6,3,-1,-1,-1,-1,-1,-1,-1,-1,0,-1
2024010491280,2024,010491280,1,11,9,99,99,9,9,99,99,0,9,99,9,99,9,1,6,6,3,-1,-1,-1,-1,-1,-1,-1,-1,0,-1
2024201465081,2024,201465081,2,90,0,-1,5,6,2,-1,0,8,0,0,0,0,3,9,-1,6,1,26,6,-1,-1,-1,-1,1,E01008887,0,1
2024101535370,2024,101535370,2,1,-1,-1,-1,4,8,-1,-1,-1,-1,-1,-1,0,-1,1,-1,6,1,13,3,-1,-1,-1,-1,1,E01008651,0,2
2024010512521,2024,010512521,1,1,9,99,99,9,9,99,99,9,9,99,9,99,9,1,2,2,1,41,7,-1,-1,-1,-1,7,E01023923,0,3
2024010515316,2024,010515316,2,1,0,5,5,4,8,0,0,1,0,0,0,0,1,1,3,7,1,15,3,-1,-1,-1,-1,7,E01001915,0,1
2024010535401,2024,010535401,1,1,9,99,99,9,9,5,5,9,9,99,0,99,9,1,6,6,1,33,6,-1,-1,-1,-1,3,E01000556,0,1
2024501473216,2024,501473216,1,4,0,-1,19,7,1,-1,0,1,2,99,9,99,4,1,-1,6,3,-1,-1,-1,-1,-1,-1,-1,-1,0,-1
2024061442375,2024,061442375,1,1,0,-1,19,-1,-1,-1,4,1,2,0,0,0,3,1,-1,9,1,30,6,-1,-1,-1,-1,3,E01005893,0,1
2024101396161,2024,101396161,1,9,0,-1,15,7,3,-1,0,1,0,0,0,0,1,1,-1,2,1,17,4,-1,-1,-1,-1,-1,-1,0,-1
2024421492608,2024,421492608,1,1,0,-1,19,1,3,-1,0,0,2,0,0,0,1,1,-1,9,1,46,8,-1,-1,-1,-1,8,E01033460,0,3
2024061493148,2024,061493148,2,1,0,-1,10,1,5,-1,0,0,0,0,0,0,1,1,-1,9,2,40,7,-1,-1,-1,-1,8,E01006100,0,1
2024010509697,2024,010509697,2,1,9,99,99,9,9,99,99,9,9,99,9,99,1,1,6,6,3,-1,-1,-1,-1,-1,-1,4,E01002446,0,4
2024401474655,2024,401474655,1,9,0,-1,9,5,2,-1,0,1,0,0,0,0,3,1,-1,6,1,48,8,-1,-1,-1,-1,7,E01017455,0,1
2024010548501,2024,010548501,1,9,0,99,99,9,9,99,99,9,9,99,9,99,9,9,6,6,3,-1,-1,-1,-1,-1,-1,-1,-1,0,-1
2024201436719,2024,201436719,1,1,0,-1,19,6,2,-1,0,0,0,10,1,0,3,1,-1,9,1,22,5,-1,-1,-1,-1,1,E01010463,0,1
2024451469761,2024,451469761,1,1,0,-1,19,5,1,-1,9,0,0,0,0,0,1,1,-1,1,3,30,6,-1,-1,-1,-1,-1,-1,0,-1
2024351489534,2024,351489534,2,1,-1,-1,-1,-1,-1,-1,-1,0,-1,-1,-1,0,-1,1,-1,6,1,36,7,-1,-1,-1,-1,10,E01018232,0,1
2024201501764,2024,201501764,1,1,0,-1,19,6,2,-1,0,0,0,10,1,0,3,1,-1,6,1,26,6,-1,-1,-1,-1,10,E01032151,0,2
2024010491626,2024,010491626,1,9,0,18,19,2,6,0,0,1,5,7,0,0,1,1,6,6,2,26,6,-1,-1,-1,-1,3,E01000226,0,2
2024401498313,2024,401498313,1,9,-1,-1,-1,-1,-1,-1,-1,-1,-1,-1,-1,0,-1,9,-1,6,3,-1,-1,-1,-1,-1,-1,-1,-1,0,-1
2024302400162,2024,302400162,1,9,0,18,19,6,2,0,0,8,0,0,0,0,3,1,6,6,2,43,7,-1,-1,-1,-1,3,E01034649,0,1
2024332400749,2024,332400749,3,9,0,-1,19,5,1,-1,0,0,0,0,0,0,1,1,-1,1,3,-1,-1,-1,-1,-1,-1,-1,-1,0,-1
2024461411878,2024,461411878,1,90,0,-1,1,3,7,-1,0,6,0,0,0,0,4,9,-1,6,3,-1,-1,-1,-1,-1,-1,-1,-1,0,-1
2024010526975,2024,010526975,1,1,9,99,99,9,9,99,99,9,9,99,9,99,1,1,2,2,1,56,9,-1,-1,-1,-1,9,E01023493,0,4
2024421439286,2024,421439286,1,9,0,-1,3,1,5,-1,0,0,0,0,0,0,3,1,-1,9,1,53,8,-1,-1,-1,-1,-1,-1,0,-1
2024061441858,2024,061441858,1,1,0,-1,-1,-1,-1,-1,-1,-1,-1,-1,-1,0,-1,1,-1,6,1,29,6,-1,-1,-1,-1,6,E01005176,0,3
2024421527657,2024,421527657,2,1,0,-1,19,3,7,-1,0,1,0,0,0,0,1,1,-1,6,1,6,2,-1,-1,-1,-1,-1,-1,0,-1
2024010524098,2024,010524098,1,2,0,18,19,5,1,0,0,8,0,0,0,0,0,1,6,6,3,-1,-1,-1,-1,-1,-1,-1,-1,0,-1
2024010494379,2024,010494379,1,9,0,18,19,1,5,0,0,8,0,0,0,0,0,2,6,6,1,46,8,-1,-1,-1,-1,2,E01000939,0,1
2024501503169,2024,501503169,2,1,0,-1,19,8,4,-1,0,0,0,0,0,0,1,1,-1,6,1,50,8,-1,-1,-1,-1,-1,-1,0,-1
2024010504515,2024,010504515,3,90,0,15,15,3,7,0,0,1,0,0,0,0,0,1,1,1,1,31,6,-1,-1,-1,-1,2,E01034149,0,1
2024631508174,2024,631508174,1,21,4,-1,19,2,6,-1,0,0,0,0,0,0,3,1,-1,6,3,-1,-1,-1,-1,-1,-1,-1,-1,0,-1
2024041461605,2024,041461605,1,9,0,-1,7,3,7,-1,0,3,0,0,1,0,1,1,-1,9,1,43,7,-1,-1,-1,-1,7,E01025029,0,1
2024211483480,2024,211483480,1,9,0,-1,9,6,3,-1,0,6,0,0,7,0,1,1,-1,6,1,33,6,-1,-1,-1,-1,-1,-1,0,-1