collision_index,collision_year,collision_ref_no,vehicle_reference,vehicle_type,towing_and_articulation,vehicle_manoeuvre_historic,vehicle_manoeuvre,vehicle_direction_from,vehicle_direction_to,vehicle_location_restricted_lane_historic,vehicle_location_restricted_lane,junction_location,skidding_and_overturning,hit_object_in_carriageway,vehicle_leaving_carriageway,hit_object_off_carriageway,first_point_of_impact,vehicle_left_hand_drive,journey_purpose_of_driver_historic,journey_purpose_of_driver,sex_of_driver,age_of_driver,age_band_of_driver,engine_capacity_cc,propulsion_code,age_of_vehicle,generic_make_model,driver_imd_decile,lsoa_of_driver,escooter_flag,driver_distance_banding
2024010489320,2024,010489320,2,9,0,3,3,7,3,0,0,0,0,0,0,0,2,1,6,6,1,-1,-1,-1,-1,-1,-1,3,E01032581,0,3
2024440485384,2024,440485384,2,9,0,9,9,4,1,0,0,8,0,0,0,0,3,1,2,2,1,-1,-1,-1,-1,-1,-1,-1,-1,0,-1
2024131416300,2024,131416300,1,9,0,-1,19,1,5,-1,0,0,0,0,0,0,1,1,-1,6,1,33,6,-1,-1,-1,-1,3,E01010629,0,2
2024010516375,2024,010516375,1,1,9,99,99,9,9,99,99,9,9,99,9,99,0,1,6,6,1,38,7,-1,-1,-1,-1,3,E01001943,0,2
2024010491422,2024,010491422,2,9,0,99,99,9,9,99,99,9,9,99,9,99,9,9,6,6,3,-1,-1,-1,-1,-1,-1,-1,-1,0,-1
2024340NN3722,2024,340NN3722,1,1,0,-1,-1,7,3,-1,0,8,0,0,0,0,1,1,-1,6,1,60,9,-1,-1,-1,-1,2,E01026949,0,1
202454C211324,2024,54C211324,2,1,0,18,19,1,6,0,0,0,0,0,0,0,3,1,6,6,1,60,9,-1,-1,-1,-1,8,E01015549,0,1
2024131418956,2024,131418956,1,11,0,-1,-1,-1,-1,-1,-1,0,-1,-1,-1,-1,-1,1,-1,6,3,-1,-1,-1,-1,-1,-1,-1,-1,0,-1
2024471511434,2024,471511434,3,19,0,-1,9,2,1,-1,0,6,0,0,0,0,0,9,-1,6,3,-1,-1,-1,-1,-1,-1,-1,-1,0,-1
2024052400975,2024,052400975,1,9,0,18,19,3,7,0,0,0,0,0,0,0,1,1,6,6,1,-1,-1,-1,-1,-1,-1,-1,-1,0,-1
2024041461148,2024,041461148,1,9,0,-1,19,-1,-1,-1,0,1,0,0,0,0,-1,9,-1,6,3,-1,-1,-1,-1,-1,-1,-1,-1,0,-1
2024302400062,2024,302400062,1,9,0,18,19,2,6,0,0,0,0,0,0,0,1,1,6,6,3,-1,-1,-1,-1,-1,-1,5,E01019456,0,3
2024430078234,2024,430078234,2,1,0,9,9,6,4,0,0,8,0,0,0,0,1,1,2,2,1,73,10,-1,-1,-1,-1,8,E01017758,0,2
2024052402874,2024,052402874,1,9,0,18,19,1,5,0,0,0,0,0,0,0,4,1,6,6,3,-1,-1,-1,-1,-1,-1,-1,-1,0,-1
2024131512324,2024,131512324,1,9,0,-1,12,1,3,-1,2,0,0,0,2,0,0,1,-1,6,-1,-1,-1,-1,-1,-1,-1,-1,-1,0,-1
2024991468007,2024,991468007,2,1,0,-1,19,4,1,-1,0,0,0,0,0,0,1,1,-1,9,1,32,6,-1,-1,-1,-1,8,-1,0,4
2024471521830,2024,471521830,2,1,0,-1,9,5,1,-1,0,1,0,0,0,0,3,1,-1,6,1,45,7,-1,-1,-1,-1,4,E01031652,0,1
2024522402672,2024,522402672,2,9,0,18,19,5,1,0,0,0,0,0,0,0,1,1,6,6,3,-1,-1,-1,-1,-1,-1,-1,-1,0,-1
2024010495924,2024,010495924,2,9,0,18,19,3,7,0,0,1,0,0,0,0,1,1,6,6,1,35,6,-1,-1,-1,-1,-1,-1,0,-1
2024991461351,2024,991461351,1,11,0,-1,19,1,6,-1,0,1,0,4,7,2,1,2,-1,1,1,61,9,-1,-1,-1,-1,10,-1,0,3
2024201476886,2024,201476886,2,21,0,-1,2,0,0,-1,0,0,0,0,0,0,1,1,-1,6,-1,-1,-1,-1,-1,-1,-1,-1,-1,0,-1
2024221476137,2024,221476137,1,9,0,-1,19,4,7,-1,0,0,0,0,0,0,3,9,-1,6,1,38,7,-1,-1,-1,-1,5,E01013991,0,3
2024010486863,2024,010486863,1,8,0,9,9,1,7,0,0,4,0,0,0,0,1,1,1,1,1,46,8,-1,-1,-1,-1,6,E01002616,0,2
2024201484118,2024,201484118,2,1,0,-1,19,8,4,-1,0,8,0,0,0,0,1,1,-1,6,1,52,8,-1,-1,-1,-1,2,E01008984,0,2
2024061447604,2024,061447604,1,1,9,-1,19,-1,-1,-1,0,1,5,0,0,0,3,1,-1,2,1,25,5,-1,-1,-1,-1,1,E01033985,0,1
2024010503417,2024,010503417,2,9,0,99,99,9,9,99,99,9,9,99,9,99,2,9,6,6,3,-1,-1,-1,-1,-1,-1,2,E01000289,0,2
2024010490812,2024,010490812,1,19,0,18,19,7,3,0,0,0,0,0,0,0,1,1,1,1,1,29,6,-1,-1,-1,-1,3,E01016005,0,3
2024440196646,2024,440196646,2,9,0,18,19,6,2,0,0,0,0,0,0,0,1,1,6,6,3,-1,-1,-1,-1,-1,-1,-1,-1,0,-1
2024440198688,2024,440198688,1,1,0,18,19,3,7,0,0,2,0,0,0,0,2,1,6,6,2,59,9,-1,-1,-1,-1,4,E01017081,0,1
2024101505214,2024,101505214,1,9,0,-1,6,7,3,-1,0,0,0,0,0,0,2,1,-1,6,1,21,5,-1,-1,-1,-1,9,E01008472,0,1
2024101414048,2024,101414048,1,9,0,-1,2,5,1,-1,0,0,0,0,0,0,3,1,-1,6,2,46,8,-1,-1,-1,-1,2,E01008752,0,4
2024010510380,2024,010510380,1,9,9,99,99,9,9,99,99,0,9,99,9,99,9,9,6,6,1,42,7,-1,-1,-1,-1,8,E01001965,0,2
2024101490339,2024,101490339,2,1,0,-1,19,7,3,-1,0,2,5,0,0,0,3,1,-1,9,1,9,2,-1,-1,-1,-1,-1,-1,0,-1
2024451402514,2024,451402514,3,9,0,-1,5,1,3,-1,0,1,0,0,0,0,1,1,-1,2,1,35,6,-1,-1,-1,-1,7,E01002115,0,4
2024421492533,2024,421492533,2,19,0,-1,2,1,2,-1,-1,0,0,0,0,0,0,1,-1,6,1,44,7,-1,-1,-1,-1,4,E01005850,0,5
202417S204524,2024,17S204524,1,9,0,18,19,8,4,0,0,0,0,0,0,0,1,1,6,6,1,-1,-1,-1,-1,-1,-1,-1,-1,0,-1
2024010538783,2024,010538783,2,-1,0,13,13,3,7,0,0,2,0,0,0,0,1,1,6,6,2,21,5,-1,-1,-1,-1,3,E01003563,1,1
2024010490100,2024,010490100,2,9,0,99,99,9,9,99,99,9,9,99,9,99,1,9,6,6,3,-1,-1,-1,-1,-1,-1,-1,-1,0,-1
2024010488992,2024,010488992,1,9,0,3,3,3,7,0,0,1,0,0,0,0,3,1,6,6,1,23,5,-1,-1,-1,-1,3,E01001489,0,3
2024440339532,2024,440339532,1,-1,0,18,19,6,2,9,9,1,0,0,0,0,4,1,6,6,1,14,3,-1,-1,-1,-1,10,E01022588,1,1
2024010511193,2024,010511193,1,1,0,18,19,1,5,4,4,0,5,0,0,0,4,1,6,6,1,38,7,-1,-1,-1,-1,2,E01002053,0,1
2024010490031,2024,010490031,1,9,0,99,99,9,9,99,99,9,9,99,9,99,1,9,6,6,2,47,8,-1,-1,-1,-1,2,E01001437,0,1
2024010490024,2024,010490024,1,9,9,99,99,9,9,99,99,0,9,99,9,99,9,9,6,6,3,-1,-1,-1,-1,-1,-1,-1,-1,0,-1
2024231425430,2024,231425430,2,9,0,-1,19,2,6,-1,0,0,0,0,1,0,1,1,-1,2,1,75,10,-1,-1,-1,-1,8,E01010151,0,4
2024461430677,2024,461430677,1,99,0,-1,19,1,4,-1,0,0,0,0,0,0,1,9,-1,6,3,-1,-1,-1,-1,-1,-1,-1,-1,0,-1
2024371402812,2024,371402812,1,19,-1,-1,19,1,5,-1,0,2,0,0,0,0,4,9,-1,6,3,-1,-1,-1,-1,-1,-1,-1,-1,0,-1
2024161398601,2024,161398601,3,9,0,-1,19,6,2,-1,0,0,0,10,7,0,1,1,-1,6,2,45,7,-1,-1,-1,-1,6,E01013039,0,1
2024201403139,2024,201403139,1,9,0,-1,5,6,2,-1,0,1,0,0,0,0,1,1,-1,9,1,85,11,-1,-1,-1,-1,3,E01009956,0,1
2024371500060,2024,371500060,1,9,0,-1,7,2,4,-1,0,1,0,0,0,0,3,1,-1,6,2,-1,-1,-1,-1,-1,-1,-1,-1,0,-1
2024131457540,2024,131457540,1,9,0,-1,7,1,3,-1,0,8,0,0,0,0,1,1,-1,6,3,-1,-1,-1,-1,-1,-1,-1,-1,0,-1
2024340NN2252,2024,340NN2252,2,-1,0,-1,19,7,3,-1,0,8,1,0,0,0,0,1,-1,6,1,43,7,-1,-1,-1,-1,1,E01027083,1,1
2024461465578,2024,461465578,1,22,0,-1,19,3,7,-1,0,1,0,0,0,0,1,1,-1,1,1,24,5,-1,-1,-1,-1,3,E01004367,0,4
2024302401604,2024,302401604,1,9,0,18,19,7,5,0,0,8,1,0,1,11,4,1,6,6,1,22,5,-1,-1,-1,-1,1,E01013591,0,3
2024440115632,2024,440115632,1,1,0,11,11,4,8,0,0,1,0,0,0,0,2,1,6,6,1,70,10,-1,-1,-1,-1,9,E01022658,0,1
2024421482202,2024,421482202,3,9,0,-1,-1,-1,-1,-1,-1,0,-1,-1,-1,0,-1,9,-1,6,1,-1,-1,-1,-1,-1,-1,-1,-1,0,-1
2024201488856,2024,201488856,2,21,1,-1,2,0,0,-1,0,0,0,0,0,0,1,2,-1,6,-1,-1,-1,-1,-1,-1,-1,-1,-1,0,-1
2024010516725,2024,010516725,1,9,9,18,19,3,7,99,99,9,9,99,0,0,1,9,6,6,3,-1,-1,-1,-1,-1,-1,-1,-1,0,-1
2024010544958,2024,010544958,1,9,0,99,99,9,9,99,99,9,0,99,9,0,9,9,1,1,1,28,6,-1,-1,-1,-1,4,E01001090,0,3
2024070724542,2024,070724542,2,9,0,-1,5,5,2,-1,0,4,0,0,0,0,2,1,-1,9,2,74,10,-1,-1,-1,-1,1,E01012409,0,1
2024010488023,2024,010488023,1,3,0,99,99,9,9,99,99,9,9,99,9,99,9,1,2,2,1,24,5,-1,-1,-1,-1,4,E01004031,0,1
2024520500124,2024,520500124,1,17,0,18,19,8,4,0,0,0,0,4,7,10,1,1,6,6,1,70,10,-1,-1,-1,-1,6,E01029321,0,1
2024471412955,2024,471412955,2,1,0,-1,19,3,8,-1,0,8,0,0,0,0,0,1,-1,6,2,51,8,-1,-1,-1,-1,3,E01031483,0,1
2024010495233,2024,010495233,2,9,0,99,99,9,9,99,99,9,9,99,9,99,2,9,6,6,3,-1,-1,-1,-1,-1,-1,-1,-1,0,-1
2024010495399,2024,010495399,1,1,9,99,99,9,9,99,99,9,9,99,9,99,1,1,6,6,3,-1,-1,-1,-1,-1,-1,-1,-1,0,-1
2024451514269,2024,451514269,1,9,0,-1,-1,-1,-1,-1,-1,-1,-1,-1,-1,0,-1,9,-1,6,3,45,7,-1,-1,-1,-1,-1,-1,0,-1
2024161471535,2024,161471535,1,9,0,-1,19,7,3,-1,0,0,0,0,0,0,4,1,-1,6,1,42,7,-1,-1,-1,-1,2,E01012992,0,4
2024461398731,2024,461398731,1,9,0,-1,4,4,2,-1,0,0,1,0,0,0,3,9,-1,6,3,-1,-1,-1,-1,-1,-1,-1,-1,0,-1
2024401536211,2024,401536211,3,9,0,-1,3,1,5,-1,0,0,0,0,0,0,1,1,-1,9,1,54,8,-1,-1,-1,-1,7,E01017420,0,3
2024010517905,2024,010517905,1,1,9,99,99,9,9,99,99,0,9,99,9,99,9,1,6,6,2,40,7,-1,-1,-1,-1,8,E01003817,0,2
2024061440171,2024,061440171,1,9,0,-1,19,1,1,-1,0,0,0,0,0,0,1,2,-1,6,-1,30,6,-1,-1,-1,-1,-1,-1,0,-1
2024231452805,2024,231452805,1,9,0,-1,19,5,1,-1,0,8,0,0,0,0,4,1,-1,6,1,25,5,-1,-1,-1,-1,10,E01028628,0,5
2024201476077,2024,201476077,2,9,0,-1,19,3,7,-1,0,4,0,0,0,0,4,9,-1,6,2,29,6,-1,-1,-1,-1,7,E01029476,0,4
2024010488211,2024,010488211,2,9,0,99,99,9,9,99,99,9,9,99,9,99,1,9,6,6,3,-1,-1,-1,-1,-1,-1,-1,-1,0,-1
2024201403815,2024,201403815,5,9,0,-1,19,4,8,-1,0,0,1,0,0,0,1,9,-1,9,1,48,8,-1,-1,-1,-1,4,E01009138,0,1
2024010512965,2024,010512965,1,1,9,99,99,9,9,99,99,9,9,99,9,99,9,1,6,6,1,30,6,-1,-1,-1,-1,6,E01003226,0,2
2024991396306,2024,991396306,1,9,0,-1,4,5,1,-1,0,0,0,0,0,0,1,1,-1,6,1,35,6,-1,-1,-1,-1,4,-1,0,1
2024430126630,2024,430126630,2,9,0,18,19,2,6,0,0,0,0,0,0,0,0,1,6,6,3,-1,-1,-1,-1,-1,-1,-1,-1,0,-1
2024522401374,2024,522401374,2,1,0,18,19,1,5,5,5,0,0,0,0,0,1,1,6,6,3,-1,-1,-1,-1,-1,-1,-1,-1,0,-1
2024471473529,2024,471473529,2,1,0,-1,19,3,7,-1,0,1,0,0,0,0,1,1,-1,6,1,23,5,-1,-1,-1,-1,2,E01016945,0,1
2024421470945,2024,421470945,1,-1,0,-1,19,6,2,-1,9,0,0,0,1,0,1,1,-1,6,1,20,4,-1,-1,-1,-1,-1,-1,1,-1
2024061457188,2024,061457188,4,9,0,-1,19,7,3,-1,0,0,0,0,0,0,1,1,-1,1,2,49,8,-1,-1,-1,-1,8,E01025358,0,4
2024430545119,2024,430545119,1,9,0,18,19,5,1,0,0,0,0,0,0,0,0,1,6,6,1,-1,-1,-1,-1,-1,-1,-1,-1,0,-1
2024332400627,2024,332400627,1,1,0,-1,19,6,1,-1,0,0,0,0,7,11,1,1,-1,6,1,44,7,-1,-1,-1,-1,10,E01034005,0,1
2024010507886,2024,010507886,2,19,0,99,99,9,9,99,99,9,9,99,9,99,9,9,6,6,3,-1,-1,-1,-1,-1,-1,-1,-1,0,-1
2024010509415,2024,010509415,1,1,9,99,99,9,9,99,99,9,9,99,9,99,9,1,2,2,1,35,6,-1,-1,-1,-1,8,E01017910,0,4
2024101500869,2024,101500869,2,1,0,-1,19,5,1,-1,0,0,5,0,0,0,3,1,-1,1,1,29,6,-1,-1,-1,-1,3,E01008396,0,1
2024010487224,2024,010487224,1,9,0,18,19,2,6,0,0,2,0,0,0,0,1,1,6,6,3,-1,-1,-1,-1,-1,-1,-1,-1,0,-1
2024010495231,2024,010495231,1,9,0,9,9,4,2,0,0,1,0,0,1,0,1,1,2,2,1,51,8,-1,-1,-1,-1,6,E01003327,0,1
2024141410993,2024,141410993,1,9,0,-1,1,3,7,-1,0,0,0,0,0,0,0,1,-1,9,1,55,8,-1,-1,-1,-1,2,E01007559,0,1
2024610052924,2024,610052924,1,9,0,18,19,5,1,0,0,0,0,0,0,0,1,1,6,6,1,66,10,-1,-1,-1,-1,2,W01001482,0,1
2024522402937,2024,522402937,2,1,0,18,19,7,3,0,0,8,0,0,0,0,1,1,6,6,1,69,10,-1,-1,-1,-1,7,E01029147,0,3
202417M108524,2024,17M108524,2,9,0,-1,12,2,6,-1,0,0,0,0,0,0,3,1,-1,6,3,-1,-1,-1,-1,-1,-1,-1,-1,0,-1
2024201487702,2024,201487702,2,1,0,-1,19,4,7,-1,0,1,0,0,0,0,4,1,-1,9,2,52,8,-1,-1,-1,-1,4,E01010457,0,1
2024991486131,2024,991486131,2,9,0,-1,2,0,0,-1,9,0,0,0,0,0,4,1,-1,6,-1,-1,-1,-1,-1,-1,-1,-1,-1,0,-1
202460Q012386,2024,60Q012386,2,1,0,18,19,3,7,0,0,1,0,0,0,0,1,1,6,6,2,50,8,-1,-1,-1,-1,-1,-1,0,-1
2024610047524,2024,610047524,1,9,0,17,19,7,5,0,0,0,5,0,1,8,1,1,6,6,1,17,4,-1,-1,-1,-1,8,W01001658,0,1
2024351399457,2024,351399457,1,9,0,-1,5,7,3,-1,0,0,0,7,0,0,2,1,-1,9,1,42,7,-1,-1,-1,-1,2,E01015615,0,1
2024010513174,2024,010513174,1,1,9,99,99,9,9,99,99,9,9,99,9,99,1,1,2,2,2,34,6,-1,-1,-1,-1,2,E01003061,0,3
2024231442723,2024,231442723,1,21,1,-1,11,8,4,-1,0,0,0,0,0,0,3,9,-1,6,3,55,8,-1,-1,-1,-1,-1,-1,0,-1
2024111467802,2024,111467802,1,19,0,-1,19,5,7,-1,0,3,1,0,0,0,4,1,-1,6,3,30,6,-1,-1,-1,-1,-1,-1,0,-1
2024311464567,2024,311464567,1,99,0,-1,19,3,7,-1,0,0,0,0,0,0,4,2,-1,6,3,-1,-1,-1,-1,-1,-1,-1,-1,0,-1
2024010489683,2024,010489683,2,1,0,4,4,8,4,0,0,0,0,0,0,0,0,1,2,2,1,33,6,-1,-1,-1,-1,2,E01033880,0,1
2024061505564,2024,061505564,1,8,0,-1,5,3,6,-1,0,8,0,0,0,0,1,9,-1,9,3,-1,-1,-1,-1,-1,-1,-1,-1,0,-1
2024430014092,2024,430014092,2,9,0,1,1,7,3,5,5,0,0,0,0,0,2,1,6,6,1,20,4,-1,-1,-1,-1,6,E01016827,0,1
2024131527856,2024,131527856,2,1,0,-1,19,5,1,-1,0,0,0,8,0,0,4,1,-1,2,1,16,4,-1,-1,-1,-1,1,E01011337,0,1
2024340WN1552,2024,340WN1552,1,20,0,-1,19,2,6,-1,0,1,0,0,0,0,1,1,-1,7,1,27,6,-1,-1,-1,-1,2,E01027351,0,4
2024411486381,2024,411486381,2,1,0,-1,-1,-1,-1,-1,-1,-1,-1,-1,-1,0,-1,1,-1,6,1,56,9,-1,-1,-1,-1,8,E01023680,0,1
2024451510950,2024,451510950,2,9,0,-1,19,5,1,-1,9,2,0,0,1,0,4,1,-1,9,2,45,7,-1,-1,-1,-1,4,E01002557,0,1
2024201411217,2024,201411217,2,-1,0,-1,19,8,4,-1,0,0,0,0,0,0,3,1,-1,6,2,17,4,-1,-1,-1,-1,8,E01009649,1,1
2024421530067,2024,421530067,2,9,0,-1,19,1,5,-1,0,0,0,0,0,0,0,9,-1,6,3,-1,-1,-1,-1,-1,-1,-1,-1,0,-1
2024531430698,2024,531430698,1,9,0,-1,19,5,1,-1,0,0,0,0,0,0,1,1,-1,6,1,-1,-1,-1,-1,-1,-1,-1,-1,0,-1
2024010508704,2024,010508704,3,1,0,18,19,1,5,0,0,1,0,0,0,0,3,1,6,6,1,65,9,-1,-1,-1,-1,9,E01000209,0,1
2024371462171,2024,371462171,2,1,0,-1,19,1,5,-1,0,0,0,0,0,0,2,1,-1,1,1,52,8,-1,-1,-1,-1,10,E01018013,0,1
202454B554524,2024,54B554524,1,1,0,18,19,3,7,0,0,0,0,0,0,0,1,1,6,6,3,-1,-1,-1,-1,-1,-1,-1,-1,0,-1
2024201400868,2024,201400868,1,9,0,-1,5,4,8,-1,0,0,0,4,0,0,1,9,-1,6,3,40,7,-1,-1,-1,-1,-1,-1,0,-1
2024430103627,2024,430103627,2,11,0,2,2,0,0,0,0,0,0,0,0,0,0,1,1,1,1,35,6,-1,-1,-1,-1,-1,-1,0,-1
2024010490279,2024,010490279,2,9,0,18,19,3,7,0,0,8,0,0,0,0,2,1,6,6,2,24,5,-1,-1,-1,-1,9,E01002192,0,1
2024411466367,2024,411466367,2,90,0,-1,19,7,3,-1,0,1,0,0,0,0,1,1,-1,6,1,59,9,-1,-1,-1,-1,10,E01023675,0,3
2024201523192,2024,201523192,1,9,0,-1,19,6,2,-1,0,0,0,0,0,0,1,1,-1,6,2,39,7,-1,-1,-1,-1,1,E01009511,0,1
2024031464552,2024,031464552,1,9,0,-1,7,7,1,-1,0,2,0,0,0,0,1,1,-1,6,2,44,7,-1,-1,-1,-1,10,E01019251,0,1
2024010488220,2024,010488220,1,1,9,99,99,9,9,99,99,1,9,99,9,99,9,1,1,1,3,26,6,-1,-1,-1,-1,4,E01004259,0,1
2024010517500,2024,010517500,2,1,0,18,19,8,4,0,0,2,0,0,0,0,4,1,6,6,1,43,7,-1,-1,-1,-1,4,E01002559,0,1
2024010502517,2024,010502517,2,9,0,4,4,2,6,0,0,0,0,0,0,0,2,1,1,1,1,41,7,-1,-1,-1,-1,-1,-1,0,-1
2024991451297,2024,991451297,1,1,0,-1,19,5,1,-1,9,1,5,0,0,0,3,1,-1,9,1,5,1,-1,-1,-1,-1,4,-1,0,1
2024010530025,2024,010530025,1,1,0,18,19,5,1,0,0,1,5,0,0,0,1,1,2,2,1,27,6,-1,-1,-1,-1,4,E01002839,0,1
2024430194734,2024,430194734,2,9,0,18,19,6,2,0,0,0,0,0,0,0,1,1,6,6,1,-1,-1,-1,-1,-1,-1,4,E01016273,0,1
2024010488526,2024,010488526,1,9,0,7,7,1,3,0,0,3,0,0,0,0,1,2,6,6,2,32,6,-1,-1,-1,-1,4,E01000769,0,1
2024010488247,2024,010488247,2,9,0,99,99,9,9,99,99,9,9,99,9,99,1,9,6,6,2,38,7,-1,-1,-1,-1,2,E01001055,0,4
2024010491818,2024,010491818,2,9,0,4,4,3,7,0,0,1,0,0,0,0,2,1,2,2,1,48,8,-1,-1,-1,-1,5,E01015768,0,4
2024010506818,2024,010506818,1,9,0,3,3,9,9,99,99,9,9,99,9,99,9,9,6,6,1,44,7,-1,-1,-1,-1,4,E01002704,0,2
2024201443825,2024,201443825,2,9,0,-1,19,6,2,-1,0,8,0,0,0,0,1,1,-1,6,2,36,7,-1,-1,-1,-1,2,E01010409,0,1
2024201533608,2024,201533608,1,9,0,-1,19,3,7,-1,0,0,0,0,0,0,1,1,-1,9,1,31,6,-1,-1,-1,-1,1,E01010413,0,2
2024302401051,2024,302401051,3,19,0,18,19,8,4,0,0,2,0,0,0,0,0,1,6,6,3,-1,-1,-1,-1,-1,-1,5,E01019456,0,3
2024010531630,2024,010531630,2,1,0,18,19,5,1,0,0,1,0,0,0,0,1,1,6,6,1,34,6,-1,-1,-1,-1,6,E01003392,0,1
2024311441740,2024,311441740,2,1,0,-1,19,1,5,-1,0,6,0,0,0,0,1,1,-1,6,1,25,5,-1,-1,-1,-1,-1,-1,0,-1
2024991419129,2024,991419129,2,9,0,-1,3,6,2,-1,0,4,0,0,7,0,2,1,-1,1,1,51,8,-1,-1,-1,-1,2,-1,0,4
2024010498870,2024,010498870,1,9,0,99,99,9,9,99,99,9,9,99,9,99,2,9,6,6,2,29,6,-1,-1,-1,-1,5,E01023537,0,2
2024052400476,2024,052400476,1,19,0,18,19,8,4,0,0,0,0,0,0,0,1,1,6,6,3,-1,-1,-1,-1,-1,-1,-1,-1,0,-1
2024201467701,2024,201467701,1,9,0,-1,19,7,4,-1,0,0,1,4,0,0,1,1,-1,6,3,32,6,-1,-1,-1,-1,-1,-1,0,-1
2024531476855,2024,531476855,2,1,0,-1,19,2,6,-1,0,0,0,0,0,0,1,1,-1,6,1,60,9,-1,-1,-1,-1,2,E01022290,0,1
2024451487214,2024,451487214,1,98,4,-1,19,3,7,-1,0,0,0,0,0,0,0,1,-1,9,1,31,6,-1,-1,-1,-1,5,E01024357,0,4
2024221406305,2024,221406305,1,9,0,-1,9,8,6,-1,0,5,0,0,0,0,1,9,-1,6,1,58,9,-1,-1,-1,-1,-1,-1,0,-1
2024041526442,2024,041526442,1,1,0,-1,19,4,8,-1,0,0,1,0,1,3,1,1,-1,9,1,59,9,-1,-1,-1,-1,6,E01025338,0,2
2024991521022,2024,991521022,1,9,0,-1,19,1,5,-1,0,0,0,0,0,0,3,1,-1,6,3,18,4,-1,-1,-1,-1,-1,-1,0,-1
2024320657078,2024,320657078,1,9,0,9,9,3,8,0,0,6,0,0,0,0,1,1,1,1,1,50,8,-1,-1,-1,-1,2,E01026056,0,3
2024052400390,2024,052400390,1,1,0,18,19,3,7,0,0,8,0,0,0,0,1,1,6,6,1,16,4,-1,-1,-1,-1,1,E01033228,0,1
2024522500142,2024,522500142,1,5,0,4,4,1,5,0,0,0,1,0,0,0,1,1,6,6,1,22,5,-1,-1,-1,-1,9,E01035231,0,1
2024361487057,2024,361487057,2,9,0,-1,19,7,3,-1,0,1,0,0,0,0,1,1,-1,9,1,70,10,-1,-1,-1,-1,7,E01026673,0,2
2024061511471,2024,061511471,1,1,0,-1,19,-1,-1,-1,0,0,0,0,0,0,9,1,-1,9,1,75,10,-1,-1,-1,-1,9,E01006400,0,1
2024371405675,2024,371405675,2,9,0,-1,3,4,8,-1,0,2,0,0,0,0,2,1,-1,1,1,20,4,-1,-1,-1,-1,6,E01021647,0,3
2024010494304,2024,010494304,2,9,9,99,99,9,9,99,99,9,9,99,9,99,9,9,6,6,3,-1,-1,-1,-1,-1,-1,-1,-1,0,-1
2024010531549,2024,010531549,2,9,9,99,99,9,9,99,99,0,9,99,9,99,9,9,6,6,3,-1,-1,-1,-1,-1,-1,-1,-1,0,-1
2024991531662,2024,991531662,2,9,0,-1,19,8,4,-1,0,0,0,0,0,0,0,1,-1,6,-1,-1,-1,-1,-1,-1,-1,-1,-1,0,-1
2024201525854,2024,201525854,1,9,0,-1,19,3,7,-1,0,0,0,0,0,0,1,1,-1,6,3,-1,-1,-1,-1,-1,-1,-1,-1,0,-1
2024610001824,2024,610001824,2,1,0,18,19,6,2,0,0,0,0,0,0,0,2,1,6,6,1,67,10,-1,-1,-1,-1,10,W01001669,0,2
2024302400136,2024,302400136,2,9,0,9,9,4,2,0,0,6,0,0,0,0,3,1,6,6,1,47,8,-1,-1,-1,-1,2,E01019523,0,2
2024552400557,2024,552400557,1,-1,0,18,19,1,5,0,0,0,0,0,0,0,1,1,4,7,1,15,3,-1,-1,-1,-1,5,E01015427,1,1
2024141433464,2024,141433464,2,9,0,-1,19,7,3,-1,0,8,0,0,0,0,3,1,-1,9,1,77,11,-1,-1,-1,-1,1,E01007416,0,3
2024991400108,2024,991400108,1,9,0,-1,19,7,3,-1,0,1,0,0,0,0,1,2,-1,1,1,35,6,-1,-1,-1,-1,-1,-1,0,-1
2024010537537,2024,010537537,1,1,9,99,99,9,9,99,99,9,9,99,9,99,1,1,6,6,1,22,5,-1,-1,-1,-1,8,E01000970,0,1
2024471501813,2024,471501813,3,98,-1,-1,19,7,3,-1,0,0,0,0,0,0,0,9,-1,6,3,-1,-1,-1,-1,-1,-1,-1,-1,0,-1
2024010502079,2024,010502079,2,9,0,9,9,1,6,0,0,8,0,0,0,0,1,1,1,1,1,48,8,-1,-1,-1,-1,7,E01003696,0,1
2024371470068,2024,371470068,1,9,0,-1,-1,-1,-1,-1,-1,0,-1,-1,-1,0,-1,9,-1,6,1,40,7,-1,-1,-1,-1,-1,-1,0,-1
2024010551732,2024,010551732,1,-1,9,18,19,1,5,99,99,9,9,99,9,99,9,9,6,6,3,-1,-1,-1,-1,-1,-1,-1,-1,1,-1
2024010522868,2024,010522868,2,1,0,7,7,6,8,0,0,1,0,0,0,0,1,1,6,6,1,37,7,-1,-1,-1,-1,3,E01034390,0,1
2024010487869,2024,010487869,1,9,0,9,9,5,3,0,0,1,2,7,0,0,1,1,2,2,1,32,6,-1,-1,-1,-1,5,E01021843,0,4
2024991447860,2024,991447860,2,1,0,-1,13,6,2,-1,0,8,0,0,0,0,1,1,-1,9,1,36,7,-1,-1,-1,-1,10,-1,0,2
2024451470310,2024,451470310,2,98,1,-1,12,7,3,-1,0,0,0,0,0,0,1,2,-1,1,2,48,8,-1,-1,-1,-1,-1,-1,0,-1
2024010488549,2024,010488549,1,9,0,18,19,2,6,0,0,1,0,0,0,0,1,1,2,2,2,40,7,-1,-1,-1,-1,5,E01004624,0,3
2024340WN0552,2024,340WN0552,1,19,0,-1,19,1,5,-1,0,1,0,0,0,0,1,1,-1,6,1,-1,-1,-1,-1,-1,-1,-1,-1,0,-1
2024010508776,2024,010508776,2,1,0,18,19,7,3,0,0,0,0,0,0,0,1,1,2,2,1,39,7,-1,-1,-1,-1,3,E01004203,0,1
2024052400979,2024,052400979,1,-1,0,18,19,8,5,0,0,1,0,0,0,0,1,1,6,6,1,11,3,-1,-1,-1,-1,1,E01006728,1,1
2024610029524,2024,610029524,1,9,0,5,5,0,2,0,0,0,0,0,0,0,1,1,6,6,3,-1,-1,-1,-1,-1,-1,-1,-1,0,-1
2024010568371,2024,010568371,1,9,0,99,99,9,9,99,99,9,9,99,9,99,2,9,6,6,2,39,7,-1,-1,-1,-1,7,E01003647,0,1
2024340WN0782,2024,340WN0782,2,20,0,-1,19,7,4,-1,0,1,0,0,0,0,1,1,-1,1,1,49,8,-1,-1,-1,-1,7,E01028427,0,2